date,Wspd,Wdir,Etmp,Itmp,Ndir,Pab1,Prtv,T2m,Sp,RelH,Wspd_w,Wdir_w,OT
2021-01-01 00:10:00,0.5334728033472803,-0.40239043824701204,-0.43857036485480283,-0.4668809141224781,0.4412061090680661,0.00011135857461024499,0.5,-0.7260711761600122,0.6390676049619706,0.8792946395543143,0.3264345349618945,0.8688735177930688,0.6631561476832083
2021-01-01 00:20:00,0.5418410041841004,-0.23505976095617542,-0.4409530900967983,-0.4611676486341725,0.435644082658256,0.00011135857461024499,0.5,-0.7260711761600122,0.6390676049619706,0.8792946395543143,0.3264345349618945,0.8688735177930688,0.6468307255910799
2021-01-01 00:30:00,0.5055788005578801,0.24302788844621515,-0.44333581533879385,-0.4640242813783253,0.42996427215976757,0.00011135857461024499,0.5,-0.7260711761600122,0.6390676049619706,0.8792946395543143,0.3264345349618945,0.8688735177930688,0.579077206270652
2021-01-01 00:40:00,0.5237099023709902,0.13147410358565725,-0.4445271779597916,-0.4650955186573825,0.42996427215976757,0.00011135857461024499,0.5,-0.7260711761600122,0.6390676049619706,0.8792946395543143,0.3264345349618945,0.8688735177930688,0.5888845300783078
2021-01-01 00:50:00,0.5529986052998606,0.003984063745019917,-0.4445271779597916,-0.45973933226209607,0.42996427215976757,0.00011135857461024499,0.5,-0.7260711761600122,0.6390676049619706,0.8792946395543143,0.3264345349618945,0.8688735177930688,0.6077447681699534
2021-01-01 01:00:00,0.5334728033472803,-0.21912350597609564,-0.4445271779597916,-0.45973933226209607,0.42996427215976757,0.00011135857461024499,0.5,-0.7863801324984833,0.6328838213024452,0.9194068345457398,0.29475763141922323,0.8808367306629715,0.5291277517087376
2021-01-01 01:10:00,0.4923291492329149,-0.2270916334661356,-0.4445271779597916,-0.45973933226209607,0.4228841397181034,0.00011135857461024499,0.5,-0.7863801324984833,0.6328838213024452,0.9194068345457398,0.29475763141922323,0.8808367306629715,0.4663080706730842
2021-01-01 01:20:00,0.3228730822873082,-0.11553784860557781,-0.4445271779597916,-0.4643813604713444,0.4108963369148421,0.00011135857461024499,0.5,-0.7863801324984833,0.6328838213024452,0.9194068345457398,0.29475763141922323,0.8808367306629715,0.25079590204746743
2021-01-01 01:30:00,0.30822873082287305,-0.01195219123505975,-0.44750558451228606,-0.4779503660060703,0.4074805983431705,0.00011135857461024499,0.5,-0.7863801324984833,0.6328838213024452,0.9194068345457398,0.29475763141922323,0.8808367306629715,0.19716492901006386
2021-01-01 01:40:00,0.30264993026499304,-0.4820717131474104,-0.4543559195830231,-0.48580610605249064,0.4074805983431705,0.00011135857461024499,0.5,-0.7863801324984833,0.6328838213024452,0.9194068345457398,0.29475763141922323,0.8808367306629715,0.17239766434811474
2021-01-01 01:50:00,0.2601115760111576,-0.1633466135458168,-0.4415487714072971,-0.45509730405284765,0.4074805983431705,0.00011135857461024499,0.5,-0.7863801324984833,0.6328838213024452,0.9194068345457398,0.29475763141922323,0.8808367306629715,0.13327398645080496
2021-01-01 02:00:00,0.2684797768479777,-0.45019920318725104,-0.4072970960536114,-0.3583288698446706,0.4074805983431705,0.00011135857461024499,0.5,-0.7967490076622052,0.6208237190631222,0.9139586461679245,0.30747412848991995,0.8933153564407114,0.12698221102343196
2021-01-01 02:10:00,0.2733612273361227,-0.6414342629482073,-0.3909158600148921,-0.31262274593822525,0.4074805983431705,0.00011135857461024499,0.5,-0.7967490076622052,0.6208237190631222,0.9139586461679245,0.30747412848991995,0.8933153564407114,0.12583550854745992
2021-01-01 02:20:00,0.2705718270571827,-0.21115537848605592,-0.3798957557706627,-0.2897696839850026,0.39409247359673344,0.00011135857461024499,0.5,-0.7967490076622052,0.6208237190631222,0.9139586461679245,0.30747412848991995,0.8933153564407114,0.11249000407381145
2021-01-01 02:30:00,0.24337517433751746,-0.14741035856573714,-0.3682799702159346,-0.27262988752008577,0.3936082501210558,0.00011135857461024499,0.5,-0.7967490076622052,0.6208237190631222,0.9139586461679245,0.30747412848991995,0.8933153564407114,0.09031790817327279
2021-01-01 02:40:00,0.22384937238493724,-0.003984063745020028,-0.3635145197319435,-0.2576325656132833,0.3936082501210558,0.00011135857461024499,0.5,-0.7967490076622052,0.6208237190631222,0.9139586461679245,0.30747412848991995,0.8933153564407114,0.06517343874949078
2021-01-01 02:50:00,0.19665271966527195,0.6573705179282865,-0.35755770662695463,-0.24406356007855734,0.3936082501210558,0.00011135857461024499,0.5,-0.7967490076622052,0.6208237190631222,0.9139586461679245,0.30747412848991995,0.8933153564407114,0.05444573532296272
2021-01-01 03:00:00,0.20920502092050208,0.4820717131474104,-0.35368577810871193,-0.23406534547402247,0.3936082501210558,0.00011135857461024499,0.5,-0.8118255046405822,0.6176829776412562,0.9156631548031421,0.3249030125731313,0.9079242370862686,0.06247265265476712
2021-01-01 03:10:00,0.21548117154811713,0.4262948207171313,-0.3521965748324647,-0.22942331726477416,0.3936082501210558,0.00011135857461024499,0.5,-0.8118255046405822,0.6176829776412562,0.9156631548031421,0.3249030125731313,0.9079242370862686,0.06288757789278332
2021-01-01 03:20:00,0.21478382147838215,-0.40239043824701204,-0.3521965748324647,-0.2240671308694876,0.390231772912277,0.00011135857461024499,0.5,-0.8118255046405822,0.6176829776412562,0.9156631548031421,0.3249030125731313,0.9079242370862686,0.0696169108438825
2021-01-01 03:30:00,0.13668061366806136,-0.3466135458167332,-0.3566641846612064,-0.22049633993929663,0.37982751174569107,0.00011135857461024499,0.5,-0.8118255046405822,0.6176829776412562,0.9156631548031421,0.3249030125731313,0.9079242370862686,0.0319794197081944
2021-01-01 03:40:00,0.1589958158995816,-0.20318725099601598,-0.3635145197319435,-0.20549901803249415,0.37982751174569107,0.00011135857461024499,0.5,-0.8118255046405822,0.6176829776412562,0.9156631548031421,0.3249030125731313,0.9079242370862686,0.040360909516121736
2021-01-01 03:50:00,0.2301255230125523,0.47410358565737054,-0.35785554728220414,-0.20585609712551323,0.37982751174569107,0.00011135857461024499,0.5,-0.8118255046405822,0.6176829776412562,0.9156631548031421,0.3249030125731313,0.9079242370862686,0.06618434751120299
2021-01-01 04:00:00,0.24686192468619247,0.4581673306772909,-0.35100521221146697,-0.21621139082306728,0.3805603905196896,0.00011135857461024499,0.5,-0.841960654694464,0.6126916987301969,0.9260587425847027,0.32946533116733034,0.9209516023375997,0.0798844244609744
2021-01-01 04:10:00,0.2280334728033473,-0.043824701195219196,-0.3516008935219658,-0.22049633993929663,0.3936736857258772,0.00011135857461024499,0.5,-0.841960654694464,0.6126916987301969,0.9260587425847027,0.32946533116733034,0.9209516023375997,0.06809300360607753
2021-01-01 04:20:00,0.20432357043235705,0.2350597609561753,-0.35338793745346253,-0.2208534190323156,0.3936736857258772,0.00011135857461024499,0.5,-0.841960654694464,0.6126916987301969,0.9260587425847027,0.32946533116733034,0.9209516023375997,0.06023960046471626
2021-01-01 04:30:00,0.17154811715481172,0.3227091633466135,-0.38555472822040215,-0.2604891983574361,0.4067215453272434,0.00011135857461024499,0.5,-0.841960654694464,0.6126916987301969,0.9260587425847027,0.32946533116733034,0.9209516023375997,0.057199330084342984
2021-01-01 04:40:00,0.2615062761506276,0.585657370517928,-0.36887565152643353,-0.24442063917157653,0.412152700527411,0.00011135857461024499,0.5,-0.841960654694464,0.6126916987301969,0.9260587425847027,0.32946533116733034,0.9209516023375997,0.10243372512334596
2021-01-01 04:50:00,0.20571827057182707,-0.06772908366533881,-0.3611317944899479,-0.23942153186930903,0.41677245422779446,0.00011135857461024499,0.5,-0.841960654694464,0.6126916987301969,0.9260587425847027,0.32946533116733034,0.9209516023375997,0.07498076255714653
2021-01-01 05:00:00,0.20920502092050208,0.027888446215139417,-0.3593447505584514,-0.23085163363685057,0.41689023831647276,0.00011135857461024499,0.5,-0.8368062015400457,0.6087894783725641,0.910038060722914,0.3296142333210539,0.9286195367509772,0.07476952789052009
2021-01-01 05:10:00,0.15132496513249652,-0.02788844621513953,-0.36172747580044684,-0.22263881449741119,0.41011110965698655,0.00011135857461024499,0.5,-0.8368062015400457,0.6087894783725641,0.910038060722914,0.3296142333210539,0.9286195367509772,0.039153854278256406
2021-01-01 05:20:00,0.13598326359832635,-0.09960159362549814,-0.3673864482501863,-0.21049812533476164,0.41011110965698655,0.00011135857461024499,0.5,-0.8368062015400457,0.6087894783725641,0.910038060722914,0.3296142333210539,0.9286195367509772,0.027075757804366524
2021-01-01 05:30:00,0.11645746164574616,0.38645418326693215,-0.36976917349218186,-0.2001428316372077,0.41011110965698655,0.00011135857461024499,0.5,-0.8368062015400457,0.6087894783725641,0.910038060722914,0.3296142333210539,0.9286195367509772,0.011150172759780919
2021-01-01 05:40:00,0.11645746164574616,-0.3545816733067729,-0.37006701414743126,-0.18585966791644348,0.4082527384800618,0.00011135857461024499,0.5,-0.8368062015400457,0.6087894783725641,0.910038060722914,0.3296142333210539,0.9286195367509772,0.004466104380101694
2021-01-01 05:50:00,0.13807531380753138,0.13147410358565725,-0.3676842889054357,-0.17550437421888943,0.3936736857258772,0.00011135857461024499,0.5,-0.8368062015400457,0.6087894783725641,0.910038060722914,0.3296142333210539,0.9286195367509772,0.015208895997103069
2021-01-01 06:00:00,0.11576011157601115,0.4422310756972112,-0.3673864482501863,-0.17193358328869845,0.3936736857258772,0.00011135857461024499,0.5,-0.8615996541951683,0.6016516909142627,0.917467592967751,0.3358587303750331,0.9534484862384018,0.0020444498091343904
2021-01-01 06:10:00,0.10390516039051603,0.585657370517928,-0.3721518987341773,-0.16014997321906788,0.3977306932247974,0.00011135857461024499,0.5,-0.8615996541951683,0.6016516909142627,0.917467592967751,0.3358587303750331,0.9534484862384018,0.0
2021-01-01 06:20:00,0.12622036262203626,0.6175298804780875,-0.371258376768429,-0.15265131226566697,0.41011110965698655,0.00011135857461024499,0.5,-0.8615996541951683,0.6016516909142627,0.917467592967751,0.3358587303750331,0.9534484862384018,0.012357227997646242
2021-01-01 06:30:00,0.16596931659693165,0.2669322709163344,-0.3679821295606851,-0.15907873594001076,0.4238264124275301,0.00011135857461024499,0.5,-0.8615996541951683,0.6016516909142627,0.917467592967751,0.3358587303750331,0.9534484862384018,0.037267830469091844
2021-01-01 06:40:00,0.20571827057182707,0.019920318725099362,-0.36589724497393905,-0.1740760578468129,0.42656162070906023,0.00011135857461024499,0.5,-0.8615996541951683,0.6016516909142627,0.917467592967751,0.3358587303750331,0.9534484862384018,0.06274424008328681
2021-01-01 06:50:00,0.19595536959553697,0.05179282868525892,-0.3611317944899479,-0.1887163006605963,0.42656162070906023,0.00011135857461024499,0.5,-0.8615996541951683,0.6016516909142627,0.917467592967751,0.3358587303750331,0.9534484862384018,0.055803672465561206
2021-01-01 07:00:00,0.16875871687587168,0.38645418326693215,-0.3611317944899479,-0.19228709159078738,0.42656162070906023,0.00011135857461024499,0.5,-0.8707079159889042,0.6013241112966115,0.9101222653009801,0.31735269697177987,0.9626729209065096,0.039025604659233215
2021-01-01 07:10:00,0.15202231520223153,0.5378486055776892,-0.35874906924795247,-0.19121585431173005,0.42912669641805495,0.00011135857461024499,0.5,-0.8707079159889042,0.6013241112966115,0.9101222653009801,0.31735269697177987,0.9626729209065096,0.030817629041749024
2021-01-01 07:20:00,0.1394700139470014,-0.5378486055776892,-0.36142963514519744,-0.18443135154436707,0.4429990446401696,0.00011135857461024499,0.5,-0.8707079159889042,0.6013241112966115,0.9101222653009801,0.31735269697177987,0.9626729209065096,0.02857703275646152
2021-01-01 07:30:00,0.12203626220362622,-0.601593625498008,-0.3679821295606851,-0.17943224424209958,0.43629843870646895,0.00011135857461024499,0.5,-0.8707079159889042,0.6013241112966115,0.9101222653009801,0.31735269697177987,0.9626729209065096,0.011135084569307603
2021-01-01 07:40:00,0.1304044630404463,0.6095617529880477,-0.3650037230081906,-0.1740760578468129,0.4283545562811637,0.00011135857461024499,0.5,-0.8707079159889042,0.6013241112966115,0.9101222653009801,0.31735269697177987,0.9626729209065096,0.014062193521131012
2021-01-01 07:50:00,0.11645746164574616,-0.50597609561753,-0.3650037230081906,-0.17300482056775568,0.4429074347934198,0.00011135857461024499,0.5,-0.8707079159889042,0.6013241112966115,0.9101222653009801,0.31735269697177987,0.9626729209065096,0.009814867902892406
2021-01-01 08:00:00,0.09135285913528592,-0.8167330677290838,-0.3676842889054357,-0.16336368505623988,0.4287340827891272,0.34866369710467704,0.5,-0.8828993040210819,0.5865629139643752,0.9145911950164078,0.32427839199640945,0.9720872221061634,0.0
2021-01-01 08:10:00,0.09553695955369597,-0.6334661354581674,-0.36887565152643353,-0.1951437243349402,0.42636531389459636,0.9993318485523385,0.5,-0.8828993040210819,0.5865629139643752,0.9145911950164078,0.32427839199640945,0.9720872221061634,0.0
2021-01-01 08:20:00,0.08228730822873082,-0.45019920318725104,-0.37602382725242,-0.24906266738082483,0.42636531389459636,0.9993318485523385,0.5,-0.8828993040210819,0.5865629139643752,0.9145911950164078,0.32427839199640945,0.9720872221061634,0.0
2021-01-01 08:30:00,0.08507670850767085,0.3545816733067728,-0.3843633655994044,-0.2922692376361363,0.42636531389459636,0.9993318485523385,0.5,-0.8828993040210819,0.5865629139643752,0.9145911950164078,0.32427839199640945,0.9720872221061634,0.0
2021-01-01 08:40:00,0.08507670850767085,-0.3067729083665339,-0.3876396128071483,-0.32762006784502773,0.42636531389459636,0.9993318485523385,0.5,-0.8828993040210819,0.5865629139643752,0.9145911950164078,0.32427839199640945,0.9720872221061634,0.0
2021-01-01 08:50:00,0.08437935843793584,0.24302788844621515,-0.39300074460163825,-0.3569005534725942,0.42636531389459636,0.9993318485523385,0.5,-0.8828993040210819,0.5865629139643752,0.9145911950164078,0.32427839199640945,0.9720872221061634,0.0
2021-01-01 09:00:00,0.09065550906555091,0.9282868525896413,-0.40521221146686526,-0.38439564363506507,0.42636531389459636,0.9993318485523385,0.5,-0.8922879985911656,0.5990569155218141,0.9142973666920422,0.32543780365383634,0.9841604200066596,0.0
2021-01-01 09:10:00,0.08507670850767085,0.2749003984063745,-0.4105733432613553,-0.40724870558828774,0.42636531389459636,0.9993318485523385,0.5,-0.8922879985911656,0.5990569155218141,0.9142973666920422,0.32543780365383634,0.9841604200066596,0.0
2021-01-01 09:20:00,0.061366806136680614,-0.31474103585657376,-0.4058078927773642,-0.4251026602392429,0.42636531389459636,0.9993318485523385,0.5,-0.8922879985911656,0.5990569155218141,0.9142973666920422,0.32543780365383634,0.9841604200066596,0.0
2021-01-01 09:30:00,0.0697350069735007,0.33864541832669315,-0.4105733432613553,-0.4397429030530262,0.42636531389459636,0.9993318485523385,0.5,-0.8922879985911656,0.5990569155218141,0.9142973666920422,0.32543780365383634,0.9841604200066596,0.0
2021-01-01 09:40:00,0.07461645746164575,-0.043824701195219196,-0.4141474311243486,-0.428673451169434,0.42636531389459636,0.9993318485523385,0.5,-0.8922879985911656,0.5990569155218141,0.9142973666920422,0.32543780365383634,0.9841604200066596,0.0
2021-01-01 09:50:00,0.0697350069735007,-0.42629482071713154,-0.4058078927773642,-0.401178361006963,0.42636531389459636,0.9993318485523385,0.5,-0.8922879985911656,0.5990569155218141,0.9142973666920422,0.32543780365383634,0.9841604200066596,0.0
2021-01-01 10:00:00,0.04951185495118549,-0.5072019613852283,-0.3995532390171259,-0.37689698268166394,0.42636531389459636,0.9993318485523385,0.5,-0.7346272775574065,0.5957724988290484,0.8331649875842634,0.27747766757135706,0.9961340630760216,0.0
2021-01-01 10:10:00,0.048117154811715475,-0.5881091020533252,-0.3900223380491439,-0.35618639528655593,0.42636531389459636,0.9993318485523385,0.5,-0.7346272775574065,0.5957724988290484,0.8331649875842634,0.27747766757135706,0.9961340630760216,0.0
2021-01-01 10:20:00,0.04672245467224547,-0.6690162427214221,-0.3795979151154134,-0.3404749151937154,0.42636531389459636,0.9993318485523385,0.5,-0.7346272775574065,0.5957724988290484,0.8331649875842634,0.27747766757135706,0.9961340630760216,0.0
2021-01-01 10:30:00,0.05230125523012552,-0.7499233833895189,-0.3757259865971706,-0.32726298875200854,0.42636531389459636,0.9993318485523385,0.5,-0.7346272775574065,0.5957724988290484,0.8331649875842634,0.27747766757135706,0.9961340630760216,0.0
2021-01-01 10:40:00,0.06485355648535565,-0.7303095311063439,-0.36649292628443786,-0.31583645777539726,0.42636531389459636,0.9993318485523385,0.5,-0.7346272775574065,0.5957724988290484,0.8331649875842634,0.27747766757135706,0.9961340630760216,0.0
2021-01-01 10:50:00,0.07391910739191074,-0.7106956788231689,-0.35755770662695463,-0.3076236386359579,0.42636531389459636,0.9993318485523385,0.5,-0.7346272775574065,0.5957724988290484,0.8331649875842634,0.27747766757135706,0.9961340630760216,0.0
2021-01-01 11:00:00,0.06485355648535565,-0.6910818265399938,-0.3521965748324647,-0.30155329405463305,0.42636531389459636,0.9993318485523385,0.5,-0.6851431998220279,0.5884077044427272,0.7709338731556946,0.16331917794119946,0.9815907324105485,0.0
2021-01-01 11:10:00,0.07252440725244073,-0.6714679742568189,-0.3513030528667165,-0.29084092126406,0.42636531389459636,0.9993318485523385,0.5,-0.6851431998220279,0.5884077044427272,0.7709338731556946,0.16331917794119946,0.9815907324105485,0.0
2021-01-01 11:20:00,0.05788005578800558,-0.6518541219736439,-0.3480268056589725,-0.2819139439385824,0.42636531389459636,0.9993318485523385,0.5,-0.6851431998220279,0.5884077044427272,0.7709338731556946,0.16331917794119946,0.9815907324105485,0.0
2021-01-01 11:30:00,0.045327754532775454,-0.632240269690469,-0.34594192107222654,-0.27298696661310484,0.42636531389459636,0.9993318485523385,0.5,-0.6851431998220279,0.5884077044427272,0.7709338731556946,0.16331917794119946,0.9815907324105485,0.0
2021-01-01 11:40:00,0.0502092050209205,-0.612626417407294,-0.35368577810871193,-0.23585074093911806,0.42636531389459636,0.9993318485523385,0.5,-0.6851431998220279,0.5884077044427272,0.7709338731556946,0.16331917794119946,0.9815907324105485,0.0
2021-01-01 11:50:00,0.04951185495118549,-0.5930125651241189,-0.3566641846612064,-0.24084984824138556,0.42636531389459636,0.9993318485523385,0.5,-0.6851431998220279,0.5884077044427272,0.7709338731556946,0.16331917794119946,0.9815907324105485,0.0
2021-01-01 12:00:00,0.060669456066945605,-0.5733987128409439,-0.33521965748324656,-0.2637029101946081,0.42636531389459636,0.9993318485523385,0.5,-0.6579074338366426,0.5828187364047288,0.7043345194258314,0.11243317330332174,0.86982251200283,0.0
2021-01-01 12:10:00,0.06276150627615062,-0.553784860557769,-0.32360387192851836,-0.25191930012497765,0.42636531389459636,0.9993318485523385,0.5,-0.6579074338366426,0.5828187364047288,0.7043345194258314,0.11243317330332174,0.86982251200283,0.0
2021-01-01 12:20:00,0.08786610878661089,-0.5341710082745939,-0.3292628443782577,-0.19942867345116932,0.42636531389459636,0.9993318485523385,0.5,-0.6579074338366426,0.5828187364047288,0.7043345194258314,0.11243317330332174,0.86982251200283,0.0
2021-01-01 12:30:00,0.09135285913528592,-0.514557155991419,-0.3241995532390173,-0.22906623817175498,0.42636531389459636,0.9993318485523385,0.5,-0.6579074338366426,0.5828187364047288,0.7043345194258314,0.11243317330332174,0.86982251200283,0.0
2021-01-01 12:40:00,0.099721059972106,-0.4949433037082439,-0.30394638868205526,-0.24549187645063375,0.42636531389459636,0.9993318485523385,0.5,-0.6579074338366426,0.5828187364047288,0.7043345194258314,0.11243317330332174,0.86982251200283,0.0
2021-01-01 12:50:00,0.10320781032078104,-0.475329451425069,-0.3057334326135518,-0.2051419389394752,0.42636531389459636,0.9993318485523385,0.5,-0.6579074338366426,0.5828187364047288,0.7043345194258314,0.11243317330332174,0.86982251200283,0.0
2021-01-01 13:00:00,0.11924686192468618,-0.45571559914189397,-0.3131794489947879,-0.19728619889305476,0.42636531389459636,0.9993318485523385,0.5,-0.4644823283658355,0.5683104075492732,0.5237531096408282,0.1722225955303587,0.7381747657395639,0.0
2021-01-01 13:10:00,0.11576011157601115,-0.43610174685871905,-0.2944154877140731,-0.24763435100874842,0.42636531389459636,0.9993318485523385,0.5,-0.4644823283658355,0.5683104075492732,0.5237531096408282,0.1722225955303587,0.7381747657395639,0.0
2021-01-01 13:20:00,0.1290097629009763,-0.416487894575544,-0.2816083395383471,-0.24513479735761468,0.42636531389459636,0.9993318485523385,0.5,-0.4644823283658355,0.5683104075492732,0.5237531096408282,0.1722225955303587,0.7381747657395639,0.0
2021-01-01 13:30:00,0.11715481171548117,-0.396874042292369,-0.2738644825018616,-0.26798785931083735,0.42636531389459636,0.9993318485523385,0.5,-0.4644823283658355,0.5683104075492732,0.5237531096408282,0.1722225955303587,0.7381747657395639,0.0
2021-01-01 13:40:00,0.10529986052998605,-0.3772601900091941,-0.2699925539836189,-0.291198000357079,0.42636531389459636,0.9993318485523385,0.5,-0.4644823283658355,0.5683104075492732,0.5237531096408282,0.1722225955303587,0.7381747657395639,0.0
2021-01-01 13:50:00,0.14783821478382148,-0.35764633772601906,-0.2628443782576322,-0.273701124799143,0.42636531389459636,0.9993318485523385,0.5,-0.4644823283658355,0.5683104075492732,0.5237531096408282,0.1722225955303587,0.7381747657395639,0.0
2021-01-01 14:00:00,0.15690376569037656,-0.33803248544284414,-0.25658972449739403,-0.26334583110158893,0.42636531389459636,0.9993318485523385,0.5,-0.4503951840807039,0.5506440962394443,0.49552136900411725,0.24558581875213575,0.7237580412899691,0.0
2021-01-01 14:10:00,0.1589958158995816,-0.3184186331596691,-0.251228592702904,-0.2865559721478307,0.411393647511484,0.9993318485523385,0.5,-0.4503951840807039,0.5506440962394443,0.49552136900411725,0.24558581875213575,0.7237580412899691,0.0
2021-01-01 14:20:00,0.17154811715481172,-0.298804780876494,-0.251228592702904,-0.3026245313336904,0.3717527581107432,0.9993318485523385,0.5,-0.4503951840807039,0.5506440962394443,0.49552136900411725,0.24558581875213575,0.7237580412899691,0.0
2021-01-01 14:30:00,0.16457461645746163,-0.08366533864541836,-0.2506329113924052,-0.2986966613104802,0.37681747392391146,0.2621380846325167,0.5,-0.4503951840807039,0.5506440962394443,0.49552136900411725,0.24558581875213575,0.7237580412899691,0.0
2021-01-01 14:40:00,0.1506276150627615,0.2350597609561753,-0.2431868950111692,-0.26620246384574175,0.3717527581107432,0.7940979955456571,0.5,-0.4503951840807039,0.5506440962394443,0.49552136900411725,0.24558581875213575,0.7237580412899691,0.0
2021-01-01 14:50:00,0.12761506276150628,-0.5458167330677292,-0.23871928518242747,-0.273701124799143,0.3717527581107432,0.9995545657015591,0.5,-0.4503951840807039,0.5506440962394443,0.49552136900411725,0.24558581875213575,0.7237580412899691,0.0
2021-01-01 15:00:00,0.1499302649930265,-0.7051792828685259,-0.23693224125093093,-0.2847705766827352,0.3717527581107432,0.9995545657015591,0.5,-0.435111064120314,0.5278658187910009,0.468603422687833,0.29432495629639965,0.7221811046688325,0.0
2021-01-01 15:10:00,0.22315202231520226,-0.05179282868525903,-0.23454951600893525,-0.2972683449384038,0.3717527581107432,0.40489977728285076,0.5,-0.435111064120314,0.5278658187910009,0.468603422687833,0.29432495629639965,0.7221811046688325,0.03352595923170934
2021-01-01 15:20:00,0.1806136680613668,-0.1633466135458168,-0.22501861504095322,-0.2751294411712194,0.3644632317336509,0.00011135857461024499,0.5,-0.435111064120314,0.5278658187910009,0.468603422687833,0.29432495629639965,0.7221811046688325,0.0330280489460899
2021-01-01 15:30:00,0.15760111576011157,-0.4422310756972112,-0.21608339538346988,-0.25049098375290113,0.3652877203543992,0.00011135857461024499,0.5,-0.435111064120314,0.5278658187910009,0.468603422687833,0.29432495629639965,0.7221811046688325,0.03544215942182054
2021-01-01 15:40:00,0.15411436541143653,0.17131474103585642,-0.21548771407297107,-0.22692376361364042,0.3574747091387365,0.00011135857461024499,0.5,-0.435111064120314,0.5278658187910009,0.468603422687833,0.29432495629639965,0.7221811046688325,0.025763085233187984
2021-01-01 15:50:00,0.18131101813110181,0.03585657370517925,-0.20982874162323173,-0.20728441349758975,0.3690698983130701,0.00011135857461024499,0.5,-0.435111064120314,0.5278658187910009,0.468603422687833,0.29432495629639965,0.7221811046688325,0.04690164008630445
2021-01-01 16:00:00,0.1324965132496513,-0.5219123505976095,-0.21131794489947897,-0.1855025888234243,0.36028844014605227,0.00011135857461024499,0.5,-0.39389198201734843,0.517288445347364,0.4164301900296961,0.31565939831472706,0.7231166157006217,0.011602818473980417
2021-01-01 16:10:00,0.1680613668061367,0.36254980079681287,-0.2083395383469845,-0.1680057132654883,0.34315739880383717,0.00011135857461024499,0.5,-0.39389198201734843,0.517288445347364,0.4164301900296961,0.31565939831472706,0.7231166157006217,0.03879173770689681
2021-01-01 16:20:00,0.19386331938633192,-0.0916334661354582,-0.20357408786299336,-0.17050526691662193,0.3388386488856317,0.00011135857461024499,0.5,-0.39389198201734843,0.517288445347364,0.4164301900296961,0.31565939831472706,0.7231166157006217,0.05581121656079787
2021-01-01 16:30:00,0.16387726638772665,0.2589641434262948,-0.1973194341027551,-0.1676486341724691,0.34195338367512534,0.00011135857461024499,0.5,-0.39389198201734843,0.517288445347364,0.4164301900296961,0.31565939831472706,0.7231166157006217,0.03710940446912202
2021-01-01 16:40:00,0.17782426778242677,-0.49800796812749004,-0.19970215934475066,-0.16229244777718255,0.3511536297129994,0.00011135857461024499,0.5,-0.39389198201734843,0.517288445347364,0.4164301900296961,0.31565939831472706,0.7231166157006217,0.04911205999064532
2021-01-01 16:50:00,0.18200836820083682,-0.14741035856573714,-0.20208488458674623,-0.1597928941260488,0.33724202012799204,0.00011135857461024499,0.5,-0.39389198201734843,0.517288445347364,0.4164301900296961,0.31565939831472706,0.7231166157006217,0.060986465893145436
2021-01-01 17:00:00,0.201534170153417,0.13147410358565725,-0.2047654504839912,-0.1597928941260488,0.33912656554684534,0.00011135857461024499,0.5,-0.38855842277242225,0.522118807955012,0.40583905486955457,0.3148741677343076,0.7133459857539954,0.06163525808349805
2021-01-01 17:10:00,0.2280334728033473,0.043824701195219085,-0.20238272524199552,-0.16336368505623988,0.3509704100194998,0.00011135857461024499,0.5,-0.38855842277242225,0.522118807955012,0.40583905486955457,0.3148741677343076,0.7133459857539954,0.08261538693664469
2021-01-01 17:20:00,0.2210599721059972,0.22709163346613526,-0.19940431868950126,-0.1615782895911445,0.3477117168993993,0.00011135857461024499,0.5,-0.38855842277242225,0.522118807955012,0.40583905486955457,0.3148741677343076,0.7133459857539954,0.07830770855651281
2021-01-01 17:30:00,0.18619246861924685,-0.3466135458167332,-0.20208488458674623,-0.1615782895911445,0.33958461478059443,0.00011135857461024499,0.5,-0.38855842277242225,0.522118807955012,0.40583905486955457,0.3148741677343076,0.7133459857539954,0.06597311284457655
2021-01-01 17:40:00,0.2189679218967922,0.36254980079681287,-0.2011913626209978,-0.1615782895911445,0.32743976652576195,0.00011135857461024499,0.5,-0.38855842277242225,0.522118807955012,0.40583905486955457,0.3148741677343076,0.7133459857539954,0.07624062646166846
2021-01-01 17:50:00,0.21408647140864714,0.003984063745019917,-0.2005956813104991,-0.16336368505623988,0.33716349740220647,0.00011135857461024499,0.5,-0.38855842277242225,0.522118807955012,0.40583905486955457,0.3148741677343076,0.7133459857539954,0.07213663865292635
2021-01-01 18:00:00,0.2210599721059972,-0.03585657370517936,-0.20744601638123616,-0.16050705231208717,0.33636518302338664,0.00011135857461024499,0.5,-0.5472502545674556,0.5257308042654331,0.5316756951981959,0.22993136556201332,0.6986447157598659,0.0747846160809934
2021-01-01 18:10:00,0.22873082287308227,-0.17131474103585675,-0.20565897244973952,-0.16300660596322092,0.3386292549502035,0.00011135857461024499,0.5,-0.5472502545674556,0.5257308042654331,0.5316756951981959,0.22993136556201332,0.6986447157598659,0.08062374579416691
2021-01-01 18:20:00,0.23430962343096234,0.17928286852589648,-0.2014892032762473,-0.16336368505623988,0.346991925246365,0.00011135857461024499,0.5,-0.5472502545674556,0.5257308042654331,0.5316756951981959,0.22993136556201332,0.6986447157598659,0.08623655265024066
2021-01-01 18:30:00,0.21478382147838215,0.31474103585657365,-0.2092330603127328,-0.16193536868416358,0.3524623418094253,0.00011135857461024499,0.5,-0.5472502545674556,0.5257308042654331,0.5316756951981959,0.22993136556201332,0.6986447157598659,0.06785159255850445
2021-01-01 18:40:00,0.15341701534170155,0.3545816733067728,-0.21429635145197334,-0.15943581503302984,0.35946395152530397,0.00011135857461024499,0.5,-0.5472502545674556,0.5257308042654331,0.5316756951981959,0.22993136556201332,0.6986447157598659,0.034702838088628035
2021-01-01 18:50:00,0.13528591352859135,-0.5856573705179284,-0.22740134028294878,-0.14979467952151393,0.3688866786195705,0.00011135857461024499,0.5,-0.5472502545674556,0.5257308042654331,0.5316756951981959,0.22993136556201332,0.6986447157598659,0.021025393424566594
2021-01-01 19:00:00,0.11506276150627615,0.003984063745019917,-0.23663440059568142,-0.1376539903588645,0.3688866786195705,0.00011135857461024499,0.5,-0.5766052091522211,0.5436758456008077,0.5863139407907394,0.24417198059743567,0.6577773731061443,0.0007845859046124599
2021-01-01 19:10:00,0.099721059972106,0.06772908366533859,-0.24646314221891308,-0.14051062310301732,0.3688866786195705,0.35757238307349665,0.5,-0.5766052091522211,0.5436758456008077,0.5863139407907394,0.24417198059743567,0.6577773731061443,0.0
2021-01-01 19:20:00,0.09832635983263598,0.2350597609561753,-0.2664184661206256,-0.15407962863774327,0.3688866786195705,0.9972160356347439,0.5,-0.5766052091522211,0.5436758456008077,0.5863139407907394,0.24417198059743567,0.6577773731061443,0.0
2021-01-01 19:30:00,0.09553695955369597,-0.7450199203187251,-0.2786299329858527,-0.1680057132654883,0.3688866786195705,0.9972160356347439,0.5,-0.5766052091522211,0.5436758456008077,0.5863139407907394,0.24417198059743567,0.6577773731061443,0.0
2021-01-01 19:40:00,0.11297071129707113,-0.5378486055776892,-0.2866716306775876,-0.18693090519550082,0.3688866786195705,0.9972160356347439,0.5,-0.5766052091522211,0.5436758456008077,0.5863139407907394,0.24417198059743567,0.6577773731061443,0.0
2021-01-01 19:50:00,0.12412831241283125,0.2350597609561753,-0.2932241250930754,-0.204784859846456,0.3688866786195705,0.9972160356347439,0.5,-0.5766052091522211,0.5436758456008077,0.5863139407907394,0.24417198059743567,0.6577773731061443,0.0
2021-01-01 20:00:00,0.12831241283124128,0.6175298804780873,-0.31109456440804184,-0.22299589359043037,0.3688866786195705,0.9972160356347439,0.5,-0.5923290228912259,0.5358484168421893,0.6305955305376653,0.2163288419113911,0.695512297006623,0.0
2021-01-01 20:10:00,0.13668061366806136,0.6486055776892428,-0.32628443782576333,-0.24192108552044278,0.3688866786195705,0.9972160356347439,0.5,-0.5923290228912259,0.5358484168421893,0.6305955305376653,0.2163288419113911,0.695512297006623,0.0
2021-01-01 20:20:00,0.16108786610878661,0.6796812749003982,-0.3283693224125095,-0.2572754865202642,0.3688866786195705,0.9972160356347439,0.5,-0.5923290228912259,0.5358484168421893,0.6305955305376653,0.2163288419113911,0.695512297006623,0.0
2021-01-01 20:30:00,0.1324965132496513,0.7107569721115536,-0.3405807892777365,-0.2754865202642386,0.3688866786195705,0.9972160356347439,0.5,-0.5923290228912259,0.5358484168421893,0.6305955305376653,0.2163288419113911,0.695512297006623,0.0
2021-01-01 20:40:00,0.11854951185495119,0.7418326693227091,-0.3492181682799703,-0.29476879128727007,0.3688866786195705,0.9972160356347439,0.5,-0.5923290228912259,0.5358484168421893,0.6305955305376653,0.2163288419113911,0.695512297006623,0.0
2021-01-01 20:50:00,0.15341701534170155,0.7729083665338645,-0.35040953090096805,-0.3122656668452063,0.3688866786195705,0.9972160356347439,0.5,-0.5923290228912259,0.5358484168421893,0.6305955305376653,0.2163288419113911,0.695512297006623,0.0
2021-01-01 21:00:00,0.21548117154811713,0.7609561752988048,-0.3516008935219658,-0.33511872879842897,0.41932444281582487,0.4096881959910913,0.5,-0.6035895595491063,0.5385351444080158,0.6702926629025698,0.19605774389502809,0.7842037430694189,0.03157958266065151
2021-01-01 21:10:00,0.20502092050209206,0.49003984063745,-0.3179448994787789,-0.31619353686841634,0.43358940466686735,0.00011135857461024499,0.5,-0.6035895595491063,0.5385351444080158,0.6702926629025698,0.19605774389502809,0.7842037430694189,0.06582223093984339
2021-01-01 21:20:00,0.21338912133891214,-0.26693227091633476,-0.3012658227848103,-0.2833422603106588,0.44477889309130886,0.00011135857461024499,0.5,-0.6035895595491063,0.5385351444080158,0.6702926629025698,0.19605774389502809,0.7842037430694189,0.10084192102841105
2021-01-01 21:30:00,0.201534170153417,-0.3067729083665339,-0.29203276247207755,-0.26655954293876094,0.44477889309130886,0.00011135857461024499,0.5,-0.6035895595491063,0.5385351444080158,0.6702926629025698,0.19605774389502809,0.7842037430694189,0.06304600389275314
2021-01-01 21:40:00,0.15690376569037656,0.1633466135458166,-0.28845867460908414,-0.24656311372969109,0.44477889309130886,0.00011135857461024499,0.5,-0.6035895595491063,0.5385351444080158,0.6702926629025698,0.19605774389502809,0.7842037430694189,0.04254869713475263
2021-01-01 21:50:00,0.16457461645746163,-0.06772908366533881,-0.28518242740134037,-0.2319228709159079,0.45939720720838617,0.00011135857461024499,0.5,-0.6035895595491063,0.5385351444080158,0.6702926629025698,0.19605774389502809,0.7842037430694189,0.06988849827240219
2021-01-01 22:00:00,0.13668061366806136,-0.6812749003984064,-0.2893521965748326,-0.22299589359043037,0.46117705565952544,0.00011135857461024499,0.5,-0.6720943038593193,0.5377219423747228,0.7375551276847027,0.230875840983701,0.8888855010129929,0.04843309141934608
2021-01-01 22:10:00,0.15132496513249652,-0.7529880478087649,-0.2935219657483248,-0.20871272986966605,0.4592663359987436,0.00011135857461024499,0.5,-0.6720943038593193,0.5377219423747228,0.7375551276847027,0.230875840983701,0.8888855010129929,0.04028546856375515
2021-01-01 22:20:00,0.17642956764295675,-0.0916334661354582,-0.2911392405063292,-0.1983574361721121,0.44471345748648755,0.00011135857461024499,0.5,-0.6720943038593193,0.5377219423747228,0.7375551276847027,0.230875840983701,0.8888855010129929,0.035857084659836745
2021-01-01 22:30:00,0.1771269177126918,-0.12350597609561753,-0.2866716306775876,-0.19264417068380646,0.44471345748648755,0.00011135857461024499,0.5,-0.6720943038593193,0.5377219423747228,0.7375551276847027,0.230875840983701,0.8888855010129929,0.035381806659927274
2021-01-01 22:40:00,0.17782426778242677,0.25099601593625476,-0.2819061801935965,-0.18585966791644348,0.44471345748648755,0.00011135857461024499,0.5,-0.6720943038593193,0.5377219423747228,0.7375551276847027,0.230875840983701,0.8888855010129929,0.03588726104078338
2021-01-01 22:50:00,0.14644351464435149,0.7370517928286848,-0.28041697691734935,-0.18336011426530985,0.44471345748648755,0.00011135857461024499,0.5,-0.6720943038593193,0.5377219423747228,0.7375551276847027,0.230875840983701,0.8888855010129929,0.033495782850762705
2021-01-01 23:00:00,0.12691771269177127,0.05179282868525892,-0.2854802680565899,-0.1758614533119086,0.4560076428786431,0.00011135857461024499,0.5,-0.718528875270452,0.525176217719758,0.7915329253215722,0.2755568478699443,0.9578924183784604,0.023582841709793745
2021-01-01 23:10:00,0.1415620641562064,-0.5458167330677292,-0.29203276247207755,-0.16586323870737363,0.46117705565952544,0.00011135857461024499,0.5,-0.718528875270452,0.525176217719758,0.7915329253215722,0.2755568478699443,0.9578924183784604,0.025008675709522157
2021-01-01 23:20:00,0.12761506276150628,-0.5936254980079682,-0.29590469099032024,-0.16086413140510625,0.45795762390231776,0.00011135857461024499,0.5,-0.718528875270452,0.525176217719758,0.7915329253215722,0.2755568478699443,0.9578924183784604,0.00988276476002233
2021-01-01 23:30:00,0.11227336122733612,-0.45019920318725104,-0.2985852568875653,-0.15229423317264768,0.4386933818429284,0.00011135857461024499,0.5,-0.718528875270452,0.525176217719758,0.7915329253215722,0.2755568478699443,0.9578924183784604,0.0
2021-01-01 23:40:00,0.09274755927475593,-0.5697211155378487,-0.29977661950856305,-0.13943938582395987,0.42832838203923523,0.00011135857461024499,0.5,-0.718528875270452,0.525176217719758,0.7915329253215722,0.2755568478699443,0.9578924183784604,0.0
2021-01-01 23:50:00,0.09414225941422595,-0.1872509960159363,-0.3018615040953091,-0.14443849312622736,0.4147701247202628,0.3132516703786192,0.5,-0.718528875270452,0.525176217719758,0.7915329253215722,0.2755568478699443,0.9578924183784604,0.0
2021-01-02 00:00:00,0.09414225941422595,-0.7450199203187251,-0.3143708116157856,-0.16014997321906788,0.4118255225033045,0.9996659242761693,0.5,-0.7245423372444277,0.5237624530541052,0.8063382206228425,0.2989749888368905,0.0019858373413267527,0.0
2021-01-02 00:10:00,0.11576011157601115,-0.6752988047808766,-0.32688011913626225,-0.17621853240492769,0.4118255225033045,0.9996659242761693,0.5,-0.7245423372444277,0.5237624530541052,0.8063382206228425,0.2989749888368905,0.0019858373413267527,0.0
2021-01-02 00:20:00,0.10808926080892609,-0.605577689243028,-0.3444527177959793,-0.19907159435815036,0.4118255225033045,0.9996659242761693,0.5,-0.7245423372444277,0.5237624530541052,0.8063382206228425,0.2989749888368905,0.0019858373413267527,0.0
2021-01-02 00:30:00,0.100418410041841,-0.5358565737051794,-0.35368577810871193,-0.22335297268344934,0.4118255225033045,0.9996659242761693,0.5,-0.7245423372444277,0.5237624530541052,0.8063382206228425,0.2989749888368905,0.0019858373413267527,0.0
2021-01-02 00:40:00,0.11366806136680613,-0.4661354581673308,-0.35815338793745355,-0.24120692733440452,0.4118255225033045,0.9996659242761693,0.5,-0.7245423372444277,0.5237624530541052,0.8063382206228425,0.2989749888368905,0.0019858373413267527,0.0
2021-01-02 00:50:00,0.12412831241283125,-0.1394422310756973,-0.3641102010424424,-0.25834672379932155,0.4118255225033045,0.9996659242761693,0.5,-0.7245423372444277,0.5237624530541052,0.8063382206228425,0.2989749888368905,0.0019858373413267527,0.0
2021-01-02 01:00:00,0.1304044630404463,0.09163346613545809,-0.37602382725242,-0.27620067845027674,0.4118255225033045,0.9996659242761693,0.5,-0.7859108878825891,0.5210067613582495,0.8550148074511414,0.2937333979647396,0.02179904823546302,0.0
2021-01-02 01:10:00,0.10390516039051603,0.21912350597609564,-0.3825763216679078,-0.2940546331012319,0.4118255225033045,0.9996659242761693,0.5,-0.7859108878825891,0.5210067613582495,0.8550148074511414,0.2937333979647396,0.02179904823546302,0.0
2021-01-02 01:20:00,0.0885634588563459,-0.7529880478087649,-0.3840655249441549,-0.30940903410105336,0.4118255225033045,0.9996659242761693,0.5,-0.7859108878825891,0.5210067613582495,0.8550148074511414,0.2937333979647396,0.02179904823546302,0.0
2021-01-02 01:30:00,0.1324965132496513,-0.7131474103585658,-0.3825763216679078,-0.32726298875200854,0.4118255225033045,0.9996659242761693,0.5,-0.7859108878825891,0.5210067613582495,0.8550148074511414,0.2937333979647396,0.02179904823546302,0.0
2021-01-02 01:40:00,0.14225941422594143,-0.8087649402390438,-0.3715562174236785,-0.37046955900732004,0.4118255225033045,0.9996659242761693,0.5,-0.7859108878825891,0.5210067613582495,0.8550148074511414,0.2937333979647396,0.02179904823546302,0.0
2021-01-02 01:50:00,0.1317991631799163,-0.7277556440903055,-0.36262099776619516,-0.3626138189608997,0.4118255225033045,0.9996659242761693,0.5,-0.7859108878825891,0.5210067613582495,0.8550148074511414,0.2937333979647396,0.02179904823546302,0.0
2021-01-02 02:00:00,0.13319386331938632,-0.646746347941567,-0.35428145941921074,-0.3583288698446706,0.4118255225033045,0.9996659242761693,0.5,-0.7755959446645564,0.531426092003896,0.8421899683180276,0.28957328696099927,0.021179396409953633,0.0
2021-01-02 02:10:00,0.12831241283124128,-0.5657370517928286,-0.3521965748324647,-0.35618639528655593,0.4118255225033045,0.9996659242761693,0.5,-0.7755959446645564,0.531426092003896,0.8421899683180276,0.28957328696099927,0.021179396409953633,0.0
2021-01-02 02:20:00,0.15550906555090654,-0.4847277556440903,-0.35368577810871193,-0.3569005534725942,0.4118255225033045,0.9996659242761693,0.5,-0.7755959446645564,0.531426092003896,0.8421899683180276,0.28957328696099927,0.021179396409953633,0.0
2021-01-02 02:30:00,0.18619246861924685,-0.4037184594953519,-0.3593447505584514,-0.35904302803070876,0.3725379853685987,0.596770601336303,0.5,-0.7755959446645564,0.531426092003896,0.8421899683180276,0.28957328696099927,0.021179396409953633,0.004028546856375515
2021-01-02 02:40:00,0.15411436541143653,-0.3227091633466136,-0.3593447505584514,-0.3265488305659704,0.353352266034995,0.00011135857461024499,0.5,-0.7755959446645564,0.531426092003896,0.8421899683180276,0.28957328696099927,0.021179396409953633,0.02948986828009717
2021-01-02 02:50:00,0.18410041841004185,-0.05179282868525903,-0.3566641846612064,-0.301196214961614,0.353352266034995,0.00011135857461024499,0.5,-0.7755959446645564,0.531426092003896,0.8421899683180276,0.28957328696099927,0.021179396409953633,0.028539312280278225
2021-01-02 03:00:00,0.197350069735007,0.5378486055776892,-0.3444527177959793,-0.2797714693804677,0.35560325084084754,0.00011135857461024499,0.5,-0.7550637827806671,0.5402017775504534,0.8094173943578113,0.27743493165874916,0.017260571016669057,0.02923336904205079
2021-01-02 03:10:00,0.18898186889818688,0.49800796812749004,-0.33790022338049164,-0.26798785931083735,0.3697635157241759,0.00011135857461024499,0.5,-0.7550637827806671,0.5402017775504534,0.8094173943578113,0.27743493165874916,0.017260571016669057,0.026472230185433866
2021-01-02 03:20:00,0.17294281729428174,0.17928286852589648,-0.33849590469099045,-0.25656132833422596,0.38367512530918324,0.00011135857461024499,0.5,-0.7550637827806671,0.5402017775504534,0.8094173943578113,0.27743493165874916,0.017260571016669057,0.018309519139369616
2021-01-02 03:30:00,0.15690376569037656,0.3705179282868525,-0.3420699925539836,-0.2415640064274236,0.38618785253432103,0.00011135857461024499,0.5,-0.7550637827806671,0.5402017775504534,0.8094173943578113,0.27743493165874916,0.017260571016669057,0.013043740664182145
2021-01-02 03:40:00,0.12412831241283125,-0.043824701195219196,-0.3477289650037231,-0.23085163363685057,0.4024158825300022,0.00011135857461024499,0.5,-0.7550637827806671,0.5402017775504534,0.8094173943578113,0.27743493165874916,0.017260571016669057,0.015472939330386109
2021-01-02 03:50:00,0.1290097629009763,-0.01195219123505975,-0.3492181682799703,-0.2208534190323156,0.4026514507073589,0.00011135857461024499,0.5,-0.7550637827806671,0.5402017775504534,0.8094173943578113,0.27743493165874916,0.017260571016669057,0.016423495330205047
2021-01-02 04:00:00,0.16527196652719667,0.3784860557768923,-0.3414743112434848,-0.21049812533476164,0.41774090117914964,0.00011135857461024499,0.5,-0.7739653454729685,0.5478567959839905,0.7815677446754871,0.2652486058144434,0.024686899151609334,0.03206994885103429
2021-01-02 04:10:00,0.23849372384937237,0.2669322709163344,-0.3286671630677588,-0.21835386538118184,0.41910196175943254,0.00011135857461024499,0.5,-0.7739653454729685,0.5478567959839905,0.7815677446754871,0.2652486058144434,0.024686899151609334,0.08549723131704814
2021-01-02 04:20:00,0.18549511854951187,-0.003984063745020028,-0.32002978406552507,-0.22835207998571683,0.41910196175943254,0.00011135857461024499,0.5,-0.7739653454729685,0.5478567959839905,0.7815677446754871,0.2652486058144434,0.024686899151609334,0.055826304751271184
2021-01-02 04:30:00,0.11785216178521618,-0.31474103585657376,-0.32360387192851836,-0.2176397071951437,0.41910196175943254,0.00011135857461024499,0.5,-0.7739653454729685,0.5478567959839905,0.7815677446754871,0.2652486058144434,0.024686899151609334,0.015835055901745703
2021-01-02 04:40:00,0.10460251046025104,-0.7051792828685259,-0.32717795979151165,-0.1997857525441885,0.4186962610095405,0.00011135857461024499,0.5,-0.7739653454729685,0.5478567959839905,0.7815677446754871,0.2652486058144434,0.024686899151609334,0.0006865126665359024
2021-01-02 04:50:00,0.11087866108786612,-0.11553784860557781,-0.3298585256887566,-0.1855025888234243,0.4026514507073589,0.00011135857461024499,0.5,-0.7739653454729685,0.5478567959839905,0.7815677446754871,0.2652486058144434,0.024686899151609334,0.0
2021-01-02 05:00:00,0.09553695955369597,0.17928286852589648,-0.3364110201042444,-0.18157471880021414,0.4026514507073589,0.045657015590200446,0.5,-0.7655324170350238,0.5485464372843075,0.7662184167840014,0.23653245931601194,0.01876467130088502,0.0
2021-01-02 05:10:00,0.10529986052998605,-0.26693227091633476,-0.34594192107222654,-0.201571148009284,0.4026514507073589,0.9971046770601337,0.5,-0.7655324170350238,0.5485464372843075,0.7662184167840014,0.23653245931601194,0.01876467130088502,0.0
2021-01-02 05:20:00,0.1199442119944212,-0.2270916334661356,-0.3599404318689502,-0.2129976789858954,0.4026514507073589,0.9971046770601337,0.5,-0.7655324170350238,0.5485464372843075,0.7662184167840014,0.23653245931601194,0.01876467130088502,0.0
2021-01-02 05:30:00,0.13319386331938632,-0.01195219123505975,-0.3795979151154134,-0.23335118728798432,0.4026514507073589,0.9971046770601337,0.5,-0.7655324170350238,0.5485464372843075,0.7662184167840014,0.23653245931601194,0.01876467130088502,0.0
2021-01-02 05:40:00,0.1206415620641562,-0.2828685258964144,-0.3822784810126584,-0.25370469559007325,0.4026514507073589,0.9971046770601337,0.5,-0.7655324170350238,0.5485464372843075,0.7662184167840014,0.23653245931601194,0.01876467130088502,0.0
2021-01-02 05:50:00,0.11715481171548117,-0.059760956175298974,-0.3944899478778854,-0.27262988752008577,0.4026514507073589,0.9971046770601337,0.5,-0.7655324170350238,0.5485464372843075,0.7662184167840014,0.23653245931601194,0.01876467130088502,0.0
2021-01-02 06:00:00,0.12343096234309624,-0.4900398406374503,-0.3998510796723753,-0.2894126048919836,0.4026514507073589,0.9971046770601337,0.5,-0.7648137913690877,0.5624225949478052,0.7713820342684734,0.28104038892047717,0.032660006929663796,0.0
2021-01-02 06:10:00,0.1087866108786611,-0.36254980079681276,-0.4067014147431125,-0.30798071772897684,0.4026514507073589,0.9971046770601337,0.5,-0.7648137913690877,0.5624225949478052,0.7713820342684734,0.28104038892047717,0.032660006929663796,0.0
2021-01-02 06:20:00,0.10599721059972106,0.8486055776892429,-0.4183172002978408,-0.3261917514729513,0.4026514507073589,0.9971046770601337,0.5,-0.7648137913690877,0.5624225949478052,0.7713820342684734,0.28104038892047717,0.032660006929663796,0.0
2021-01-02 06:30:00,0.11924686192468618,-0.043824701195219196,-0.40908413998510806,-0.3776111408677022,0.4026514507073589,0.9971046770601337,0.5,-0.7648137913690877,0.5624225949478052,0.7713820342684734,0.28104038892047717,0.032660006929663796,0.0
2021-01-02 06:40:00,0.11924686192468618,-0.7848605577689244,-0.3956813104988832,-0.37868237814675954,0.4026514507073589,0.9971046770601337,0.5,-0.7648137913690877,0.5624225949478052,0.7713820342684734,0.28104038892047717,0.032660006929663796,0.0
2021-01-02 06:50:00,0.08647140864714087,-0.4661354581673308,-0.39270290394638885,-0.37011247991430096,0.4026514507073589,0.9971046770601337,0.5,-0.7648137913690877,0.5624225949478052,0.7713820342684734,0.28104038892047717,0.032660006929663796,0.0
2021-01-02 07:00:00,0.07601115760111576,-0.649402390438247,-0.3918093819806404,-0.36225673986788076,0.4026514507073589,0.9971046770601337,0.5,-0.7466033380439014,0.574129256020712,0.7409338363795989,0.2725970220292158,0.04757661569410277,0.0
2021-01-02 07:10:00,0.06903765690376569,-0.601593625498008,-0.39329858525688766,-0.359757186216747,0.4026514507073589,0.9971046770601337,0.5,-0.7466033380439014,0.574129256020712,0.7409338363795989,0.2725970220292158,0.04757661569410277,0.0
2021-01-02 07:20:00,0.0808926080892608,-0.5537848605577689,-0.39627699180938203,-0.359757186216747,0.4026514507073589,0.9971046770601337,0.5,-0.7466033380439014,0.574129256020712,0.7409338363795989,0.2725970220292158,0.04757661569410277,0.0
2021-01-02 07:30:00,0.06624825662482565,-0.5059760956175299,-0.3992553983618765,-0.36511337261203347,0.4026514507073589,0.9971046770601337,0.5,-0.7466033380439014,0.574129256020712,0.7409338363795989,0.2725970220292158,0.04757661569410277,0.0
2021-01-02 07:40:00,0.048117154811715475,-0.45816733067729076,-0.39687267311988095,-0.37332619175147286,0.4026514507073589,0.9971046770601337,0.5,-0.7466033380439014,0.574129256020712,0.7409338363795989,0.2725970220292158,0.04757661569410277,0.0
2021-01-02 07:50:00,0.048814504881450484,-0.41035856573705176,-0.4037230081906181,-0.3761828244956258,0.4026514507073589,0.9971046770601337,0.5,-0.7466033380439014,0.574129256020712,0.7409338363795989,0.2725970220292158,0.04757661569410277,0.0
2021-01-02 08:00:00,0.06276150627615062,-0.36254980079681276,-0.4058078927773642,-0.3818960899839313,0.4026514507073589,0.9971046770601337,0.5,-0.7823524801190572,0.5842583626191424,0.780753344373771,0.22156641866355092,0.9977196492935129,0.0
2021-01-02 08:10:00,0.07461645746164575,-0.31474103585657365,-0.4058078927773642,-0.38975183003035174,0.4026514507073589,0.9971046770601337,0.5,-0.7823524801190572,0.5842583626191424,0.780753344373771,0.22156641866355092,0.9977196492935129,0.0
2021-01-02 08:20:00,0.10320781032078104,-0.26693227091633476,-0.4064035740878631,-0.39796464916979113,0.4026514507073589,0.9971046770601337,0.5,-0.7823524801190572,0.5842583626191424,0.780753344373771,0.22156641866355092,0.9977196492935129,0.0
2021-01-02 08:30:00,0.12343096234309624,-0.21912350597609564,-0.4138495904690991,-0.4111765756114979,0.4026514507073589,0.9971046770601337,0.5,-0.7823524801190572,0.5842583626191424,0.780753344373771,0.22156641866355092,0.9977196492935129,0.0
2021-01-02 08:40:00,0.11924686192468618,-0.17131474103585664,-0.42069992553983626,-0.4240314229601856,0.4026514507073589,0.9971046770601337,0.5,-0.7823524801190572,0.5842583626191424,0.780753344373771,0.22156641866355092,0.9977196492935129,0.0
2021-01-02 08:50:00,0.13528591352859135,-0.12350597609561753,-0.42725241995532404,-0.43260132119264416,0.4026514507073589,0.9971046770601337,0.5,-0.7823524801190572,0.5842583626191424,0.780753344373771,0.22156641866355092,0.9977196492935129,0.0
2021-01-02 09:00:00,0.13389121338912133,-0.07569721115537853,-0.4296351451973195,-0.4433136939832173,0.4026514507073589,0.9971046770601337,0.5,-0.8169290276273646,0.610473352547509,0.8188760793942648,0.1924890194475429,0.8661326194287132,0.0
2021-01-02 09:10:00,0.11715481171548117,-0.02788844621513953,-0.4308265078183172,-0.4497411176575611,0.4026514507073589,0.9971046770601337,0.5,-0.8169290276273646,0.610473352547509,0.8188760793942648,0.1924890194475429,0.8661326194287132,0.0
2021-01-02 09:20:00,0.12482566248256625,0.019920318725099584,-0.4367833209233061,-0.4575968577039814,0.4026514507073589,0.9971046770601337,0.5,-0.8169290276273646,0.610473352547509,0.8188760793942648,0.1924890194475429,0.8661326194287132,0.0
2021-01-02 09:30:00,0.13807531380753138,0.06772908366533859,-0.4418466120625466,-0.4640242813783253,0.4026514507073589,0.9971046770601337,0.5,-0.8169290276273646,0.610473352547509,0.8188760793942648,0.1924890194475429,0.8661326194287132,0.0
2021-01-02 09:40:00,0.18688981868898188,0.11553784860557759,-0.457632166790767,-0.4668809141224781,0.40037429165957783,0.9971046770601337,0.5,-0.8169290276273646,0.610473352547509,0.8188760793942648,0.1924890194475429,0.8661326194287132,0.0
2021-01-02 09:50:00,0.25732217573221755,0.1633466135458166,-0.45912137006701415,-0.4447420103552937,0.3579981939773069,0.08006681514476616,0.5,-0.8169290276273646,0.610473352547509,0.8188760793942648,0.1924890194475429,0.8661326194287132,0.06539221751135386
2021-01-02 10:00:00,0.24895397489539747,-0.02788844621513953,-0.44005956813105007,-0.3886805927512945,0.3612045386135504,0.00011135857461024499,0.5,-0.6773118277059444,0.6374182128520403,0.7634981270188016,0.22320755184234115,0.7962256372040275,0.07717609427101407
2021-01-02 10:10:00,0.2412831241283124,-0.33067729083665354,-0.42874162323157117,-0.37546866630958753,0.3612045386135504,0.00011135857461024499,0.5,-0.6773118277059444,0.6374182128520403,0.7634981270188016,0.22320755184234115,0.7962256372040275,0.07983915988955445
2021-01-02 10:20:00,0.2510460251046025,-0.3784860557768924,-0.42457185405807896,-0.359757186216747,0.3612045386135504,0.00011135857461024499,0.5,-0.6773118277059444,0.6374182128520403,0.7634981270188016,0.22320755184234115,0.7962256372040275,0.08562548093607134
2021-01-02 10:30:00,0.18131101813110181,-0.4581673306772909,-0.4260610573343262,-0.3501160507052312,0.3560482129536323,0.00011135857461024499,0.5,-0.6773118277059444,0.6374182128520403,0.7634981270188016,0.22320755184234115,0.7962256372040275,0.04812378351464309
2021-01-02 10:40:00,0.15550906555090654,0.11553784860557759,-0.42874162323157117,-0.33547580789144793,0.34735836463336434,0.00011135857461024499,0.5,-0.6773118277059444,0.6374182128520403,0.7634981270188016,0.22320755184234115,0.7962256372040275,0.03148905351781161
2021-01-02 10:50:00,0.16945606694560672,0.15537848605577675,-0.4266567386448251,-0.3197643277986073,0.34735836463336434,0.00011135857461024499,0.5,-0.6773118277059444,0.6374182128520403,0.7634981270188016,0.22320755184234115,0.7962256372040275,0.03365420885073253
2021-01-02 11:00:00,0.15550906555090654,0.29083665338645415,-0.4257632166790768,-0.30619532226388146,0.34735836463336434,0.00011135857461024499,0.5,-0.6661082914779854,0.6544236179157337,0.7084866674605231,0.19053129515648232,0.752278155171175,0.029987778565716616
2021-01-02 11:10:00,0.2105997210599721,0.6414342629482073,-0.4132539091586003,-0.2897696839850026,0.34735836463336434,0.00011135857461024499,0.5,-0.6661082914779854,0.6544236179157337,0.7084866674605231,0.19053129515648232,0.752278155171175,0.06143911160734493
2021-01-02 11:20:00,0.18688981868898188,0.1394422310756971,-0.40163812360387197,-0.2819139439385824,0.3577102773160933,0.00011135857461024499,0.5,-0.6661082914779854,0.6544236179157337,0.7084866674605231,0.19053129515648232,0.752278155171175,0.052318300466225084
2021-01-02 11:30:00,0.19525801952580193,-0.5219123505976095,-0.40759493670886093,-0.27262988752008577,0.3638219628064022,0.00011135857461024499,0.5,-0.6661082914779854,0.6544236179157337,0.7084866674605231,0.19053129515648232,0.752278155171175,0.05483048418003229
2021-01-02 11:40:00,0.1631799163179916,-0.6812749003984064,-0.4067014147431125,-0.25798964470630237,0.3638219628064022,0.00011135857461024499,0.5,-0.6661082914779854,0.6544236179157337,0.7084866674605231,0.19053129515648232,0.752278155171175,0.04380856103927456
2021-01-02 11:50:00,0.2691771269177127,-0.14741035856573714,-0.3995532390171259,-0.24584895554365294,0.34830063734279093,0.0089086859688196,0.5,-0.6661082914779854,0.6544236179157337,0.7084866674605231,0.19053129515648232,0.752278155171175,0.12380614692879885
2021-01-02 12:00:00,0.29218967921896793,0.10756972111553775,-0.38198064035740886,-0.25191930012497765,0.35714753111463005,0.013808463251670379,0.5,-0.6619381213472114,0.6576448174893031,0.6936561361486577,0.2941781606515903,0.7327274826453434,0.147336179971936
2021-01-02 12:10:00,0.2580195258019526,0.1394422310756971,-0.37602382725242,-0.24834850919478657,0.35672874324377385,0.00011135857461024499,0.5,-0.6619381213472114,0.6576448174893031,0.6936561361486577,0.2941781606515903,0.7327274826453434,0.11668452102539342
2021-01-02 12:20:00,0.29218967921896793,-0.24302788844621515,-0.3724497393894267,-0.24513479735761468,0.3612045386135504,0.0024498886414253897,0.5,-0.6619381213472114,0.6576448174893031,0.6936561361486577,0.2941781606515903,0.7327274826453434,0.16135310892164703
2021-01-02 12:30:00,0.2914923291492329,0.06772908366533859,-0.3670886075949368,-0.2447777182645956,0.363455523419403,0.000779510022271715,0.5,-0.6619381213472114,0.6576448174893031,0.6936561361486577,0.2941781606515903,0.7327274826453434,0.14667229959111003
2021-01-02 12:40:00,0.29009762900976294,-0.19521912350597614,-0.3596425912137007,-0.23585074093911806,0.3682846710552145,0.00044543429844097997,0.5,-0.6619381213472114,0.6576448174893031,0.6936561361486577,0.2941781606515903,0.7327274826453434,0.15643435882734585
2021-01-02 12:50:00,0.31241283124128316,0.003984063745019917,-0.35368577810871193,-0.23120871272986965,0.3612045386135504,0.000779510022271715,0.5,-0.6619381213472114,0.6576448174893031,0.6936561361486577,0.2941781606515903,0.7327274826453434,0.18796113282134075
2021-01-02 13:00:00,0.32217573221757323,0.2111553784860556,-0.33909158600148936,-0.22478128905552575,0.3612045386135504,0.0013363028953229399,0.5,-0.5148488287895864,0.6542368400635615,0.5723227921629379,0.37309562406428387,0.7258804098755282,0.20489008253240187
2021-01-02 13:10:00,0.38354253835425384,-0.05179282868525903,-0.34236783320923314,-0.22442420996250667,0.3671853528942169,0.00033407572383073496,0.5,-0.5148488287895864,0.6542368400635615,0.5723227921629379,0.37309562406428387,0.7258804098755282,0.29369917165834303
2021-01-02 13:20:00,0.402370990237099,0.11553784860557759,-0.41236038719285195,-0.30333868951972864,0.36978968996610434,0.00033407572383073496,0.5,-0.5148488287895864,0.6542368400635615,0.5723227921629379,0.37309562406428387,0.7258804098755282,0.3485447440288486
2021-01-02 13:30:00,0.41283124128312415,-0.07569721115537853,-0.43976172747580056,-0.3697554008212819,0.37328395126356156,0.00044543429844097997,0.5,-0.5148488287895864,0.6542368400635615,0.5723227921629379,0.37309562406428387,0.7258804098755282,0.3780497004994191
2021-01-02 13:40:00,0.5467224546722455,0.05179282868525892,-0.4445271779597916,-0.39260846277450456,0.3777990079962309,0.000779510022271715,0.5,-0.5148488287895864,0.6542368400635615,0.5723227921629379,0.37309562406428387,0.7258804098755282,0.6648686573019298
2021-01-02 13:50:00,0.46164574616457466,0.06772908366533859,-0.4445271779597916,-0.40403499375111596,0.3798929473505123,0.000556792873051225,0.5,-0.5148488287895864,0.6542368400635615,0.5723227921629379,0.37309562406428387,0.7258804098755282,0.5043680311420251
2021-01-02 14:00:00,0.4804741980474198,-0.08366533864541836,-0.4406552494415489,-0.4061774683092304,0.38224862912407903,0.008017817371937639,0.5,-0.49845325047536504,0.6392917383845738,0.5417236854669873,0.4557820658834776,0.7300425524045089,0.4731958296241532
2021-01-02 14:10:00,0.5167364016736402,-0.11553784860557781,-0.43469843633656013,-0.40546331012319237,0.39240423499234406,0.06180400890868597,0.5,-0.49845325047536504,0.6392917383845738,0.5417236854669873,0.4557820658834776,0.7300425524045089,0.3916894246872973
2021-01-02 14:20:00,0.5313807531380753,-0.11553784860557781,-0.4305286671630679,-0.39725049098375276,0.3923126251455942,0.0633630289532294,0.5,-0.49845325047536504,0.6392917383845738,0.5417236854669873,0.4557820658834776,0.7300425524045089,0.42573592649033604
2021-01-02 14:30:00,0.5495118549511855,0.01195219123505975,-0.42814594192107225,-0.3997500446348865,0.3862532881391422,0.03708240534521158,0.5,-0.49845325047536504,0.6392917383845738,0.5417236854669873,0.4557820658834776,0.7300425524045089,0.5576142553223592
2021-01-02 14:40:00,0.48465829846582986,0.043824701195219085,-0.42427401340282955,-0.4061774683092304,0.39262671604873645,0.0023385300668151447,0.5,-0.49845325047536504,0.6392917383845738,0.5417236854669873,0.4557820658834776,0.7300425524045089,0.4939798120011467
2021-01-02 14:50:00,0.5244072524407252,-0.07569721115537853,-0.4215934475055846,-0.40403499375111596,0.3821177579144364,0.00011135857461024499,0.5,-0.49845325047536504,0.6392917383845738,0.5417236854669873,0.4557820658834776,0.7300425524045089,0.5829473271270577
2021-01-02 15:00:00,0.4435146443514645,0.03585657370517925,-0.42069992553983626,-0.39903588644884846,0.3873133449372473,0.00011135857461024499,0.5,-0.4861483618796868,0.6255563824865593,0.5255201376389772,0.4978163211658652,0.7322034201411516,0.41159074792160183
2021-01-02 15:10:00,0.42329149232914925,0.1872509960159361,-0.4189128816083396,-0.3997500446348865,0.3888445380900656,0.00011135857461024499,0.5,-0.4861483618796868,0.6255563824865593,0.5255201376389772,0.4978163211658652,0.7322034201411516,0.3876382455452118
2021-01-02 15:20:00,0.44490934449093444,0.07569721115537842,-0.4177215189873419,-0.4061774683092304,0.382196280640222,0.00011135857461024499,0.5,-0.4861483618796868,0.6255563824865593,0.5255201376389772,0.4978163211658652,0.7322034201411516,0.4248683555381203
2021-01-02 15:30:00,0.499302649930265,0.15537848605577675,-0.4177215189873419,-0.4061774683092304,0.39120021986363224,0.00044543429844097997,0.5,-0.4861483618796868,0.6255563824865593,0.5255201376389772,0.4978163211658652,0.7322034201411516,0.5707258928436713
2021-01-02 15:40:00,0.44142259414225943,-0.17131474103585675,-0.414445271779598,-0.40546331012319237,0.3885173600659591,0.007238307349665925,0.5,-0.4861483618796868,0.6255563824865593,0.5255201376389772,0.4978163211658652,0.7322034201411516,0.38267423087949065
2021-01-02 15:50:00,0.39609483960948394,0.11553784860557759,-0.4108711839166047,-0.40867702196036415,0.38559893209092927,0.012583518930957683,0.5,-0.4861483618796868,0.6255563824865593,0.5255201376389772,0.4978163211658652,0.7322034201411516,0.2891727145163481
2021-01-02 16:00:00,0.40376569037656906,-0.11553784860557781,-0.4061057334326137,-0.4090341010533832,0.39178914030702383,0.0017817371937639199,0.5,-0.4769225304455339,0.6273925524486577,0.5236989600100538,0.5124340465009912,0.7322888135090178,0.3407366054589073
2021-01-02 16:10:00,0.4281729428172943,0.03585657370517925,-0.4019359642591215,-0.4143902874486699,0.390127075944563,0.00022271714922048998,0.5,-0.4769225304455339,0.6273925524486577,0.5236989600100538,0.5124340465009912,0.7322888135090178,0.3843414759267921
2021-01-02 16:20:00,0.3821478382147839,-0.15537848605577698,-0.39687267311988095,-0.41688984109980365,0.3836620381882189,0.00022271714922048998,0.5,-0.4769225304455339,0.6273925524486577,0.5236989600100538,0.5124340465009912,0.7322888135090178,0.2971392790862592
2021-01-02 16:30:00,0.33472803347280333,0.003984063745019917,-0.39627699180938203,-0.4193893947509374,0.3674601824344662,0.00022271714922048998,0.5,-0.4769225304455339,0.6273925524486577,0.5236989600100538,0.5124340465009912,0.7322888135090178,0.22539493338563904
2021-01-02 16:40:00,0.300557880055788,0.003984063745019917,-0.3959791511541326,-0.42974468844849134,0.3677873604585727,0.00022271714922048998,0.5,-0.4769225304455339,0.6273925524486577,0.5236989600100538,0.5124340465009912,0.7322888135090178,0.17748992863285906
2021-01-02 16:50:00,0.30474198047419804,-0.043824701195219196,-0.39746835443037987,-0.44081414033208355,0.36119145149258614,0.00022271714922048998,0.5,-0.4769225304455339,0.6273925524486577,0.5236989600100538,0.5124340465009912,0.7322888135090178,0.18271798663186323
2021-01-02 17:00:00,0.31241283124128316,0.17131474103585642,-0.3986597170513776,-0.44866988037850386,0.3631152582743323,0.00022271714922048998,0.5,-0.47604514407367304,0.6217001382156113,0.5551446777951133,0.48051497580047886,0.729383149337156,0.18356292529836896
2021-01-02 17:10:00,0.29707112970711297,-0.003984063745020028,-0.39776619508562927,-0.4529548294947331,0.3720668490138854,0.00022271714922048998,0.5,-0.47604514407367304,0.6217001382156113,0.5551446777951133,0.48051497580047886,0.729383149337156,0.16504971558760959
2021-01-02 17:20:00,0.3096234309623431,-0.15537848605577698,-0.36262099776619516,-0.37511158721656845,0.37713156482705373,0.00022271714922048998,0.5,-0.47604514407367304,0.6217001382156113,0.5551446777951133,0.48051497580047886,0.729383149337156,0.17534740558564813
2021-01-02 17:30:00,0.2796373779637378,-0.1633466135458168,-0.33551749813849596,-0.3086948759150152,0.3665571710879324,0.00022271714922048998,0.5,-0.47604514407367304,0.6217001382156113,0.5551446777951133,0.48051497580047886,0.729383149337156,0.14665721140063673
2021-01-02 17:40:00,0.2580195258019526,0.1394422310756971,-0.3212211466865228,-0.27262988752008577,0.37668660271426896,0.00022271714922048998,0.5,-0.47604514407367304,0.6217001382156113,0.5551446777951133,0.48051497580047886,0.729383149337156,0.12008690797712632
2021-01-02 17:50:00,0.27266387726638774,0.3227091633466135,-0.3286671630677588,-0.2797714693804677,0.3771577390689822,0.00022271714922048998,0.5,-0.47604514407367304,0.6217001382156113,0.5551446777951133,0.48051497580047886,0.729383149337156,0.13947523273533804
2021-01-02 18:00:00,0.18898186889818688,0.01195219123505975,-0.31973194341027555,-0.27298696661310484,0.3771577390689822,0.00022271714922048998,0.5,-0.5680623489313503,0.6361768585114688,0.6718085989360042,0.35226103039295525,0.7312551889676147,0.061122259607405284
2021-01-02 18:10:00,0.12761506276150628,0.25099601593625476,-0.3104988830975429,-0.23085163363685057,0.3771577390689822,0.00022271714922048998,0.5,-0.5680623489313503,0.6361768585114688,0.6718085989360042,0.35226103039295525,0.7312551889676147,0.020014484662854385
2021-01-02 18:20:00,0.12412831241283125,-0.50597609561753,-0.30781831720029795,-0.20371362256739867,0.3647249741529361,0.00022271714922048998,0.5,-0.5680623489313503,0.6361768585114688,0.6718085989360042,0.35226103039295525,0.7312551889676147,0.017864417520406777
2021-01-02 18:30:00,0.14086471408647142,-0.3067729083665339,-0.3066269545793002,-0.18621674700946256,0.3607203151378728,0.00022271714922048998,0.5,-0.5680623489313503,0.6361768585114688,0.6718085989360042,0.35226103039295525,0.7312551889676147,0.029467235994387195
2021-01-02 18:40:00,0.16457461645746163,-0.06772908366533881,-0.3015636634400597,-0.17800392787002317,0.3607203151378728,0.00022271714922048998,0.5,-0.5680623489313503,0.6361768585114688,0.6718085989360042,0.35226103039295525,0.7312551889676147,0.03742625646906167
2021-01-02 18:50:00,0.19525801952580193,-0.2828685258964144,-0.29947877885331353,-0.17728976968398502,0.3607203151378728,0.00022271714922048998,0.5,-0.5680623489313503,0.6361768585114688,0.6718085989360042,0.35226103039295525,0.7312551889676147,0.06796475398705434
2021-01-02 19:00:00,0.23570432357043236,-0.09960159362549814,-0.302457185405808,-0.18621674700946256,0.34824828885893394,0.00022271714922048998,0.5,-0.5673905510030441,0.6600671825566746,0.6899732003712611,0.295444299080402,0.685355700774551,0.10022330521900508
2021-01-02 19:10:00,0.2412831241283124,0.06772908366533859,-0.29947877885331353,-0.19228709159078738,0.34523825103715433,0.00022271714922048998,0.5,-0.5673905510030441,0.6600671825566746,0.6899732003712611,0.295444299080402,0.685355700774551,0.10617559636072847
2021-01-02 19:20:00,0.22245467224546722,0.22709163346613526,-0.29620253164556976,-0.19550080342795917,0.34887647066521843,0.00022271714922048998,0.5,-0.5673905510030441,0.6600671825566746,0.6899732003712611,0.295444299080402,0.685355700774551,0.07465636646197021
2021-01-02 19:30:00,0.24407252440725244,-0.19521912350597614,-0.2950111690245719,-0.19264417068380646,0.3590713378963762,0.00022271714922048998,0.5,-0.5673905510030441,0.6600671825566746,0.6899732003712611,0.295444299080402,0.685355700774551,0.10194335893296316
2021-01-02 19:40:00,0.2775453277545328,-0.17928286852589637,-0.3337304542069994,-0.23120871272986965,0.3590713378963762,0.00022271714922048998,0.5,-0.5673905510030441,0.6600671825566746,0.6899732003712611,0.295444299080402,0.685355700774551,0.1362161835931017
2021-01-02 19:50:00,0.29776847977684795,-0.3067729083665339,-0.33879374534623985,-0.26156043563649345,0.3590713378963762,0.00022271714922048998,0.5,-0.5673905510030441,0.6600671825566746,0.6899732003712611,0.295444299080402,0.685355700774551,0.16237910587383256
2021-01-02 20:00:00,0.2768479776847978,-0.3067729083665339,-0.3569620253164557,-0.27441528298518114,0.351284500922642,0.00022271714922048998,0.5,-0.5682852476283452,0.6547540710388013,0.7022130459522391,0.3344646011878569,0.6685509299744203,0.13507702521236628
2021-01-02 20:10:00,0.29497907949790797,0.11553784860557759,-0.3325390915860017,-0.2544188537761113,0.34523825103715433,0.00022271714922048998,0.5,-0.5682852476283452,0.6547540710388013,0.7022130459522391,0.3344646011878569,0.6685509299744203,0.1601686859694917
2021-01-02 20:20:00,0.3319386331938633,-0.059760956175298974,-0.35785554728220414,-0.2815568648455633,0.356689481880881,0.00022271714922048998,0.5,-0.5682852476283452,0.6547540710388013,0.7022130459522391,0.3344646011878569,0.6685509299744203,0.21134782805498137
2021-01-02 20:30:00,0.2838214783821479,-0.12350597609561753,-0.35755770662695463,-0.291198000357079,0.3591105992592689,0.00022271714922048998,0.5,-0.5682852476283452,0.6547540710388013,0.7022130459522391,0.3344646011878569,0.6685509299744203,0.14449960016295246
2021-01-02 20:40:00,0.3096234309623431,-0.11553784860557781,-0.34564408041697703,-0.2672737011247991,0.3591105992592689,0.00022271714922048998,0.5,-0.5682852476283452,0.6547540710388013,0.7022130459522391,0.3344646011878569,0.6685509299744203,0.17534740558564813
2021-01-02 20:50:00,0.2796373779637378,0.29083665338645415,-0.35845122859270295,-0.2915550794500982,0.3591105992592689,0.00022271714922048998,0.5,-0.5682852476283452,0.6547540710388013,0.7022130459522391,0.3344646011878569,0.6685509299744203,0.14906377778113072
2021-01-02 21:00:00,0.2698744769874477,0.4820717131474104,-0.35368577810871193,-0.28084270665952504,0.3591105992592689,0.00022271714922048998,0.5,-0.5658668151101502,0.6577798722439492,0.7088218371891801,0.30779562876244965,0.6908921932513746,0.14686844606726315
2021-01-02 21:10:00,0.27475592747559274,0.17928286852589648,-0.3444527177959793,-0.2783431530083913,0.3712947088769942,0.00022271714922048998,0.5,-0.5658668151101502,0.6577798722439492,0.7088218371891801,0.30779562876244965,0.6908921932513746,0.14320201578224723
2021-01-02 21:20:00,0.199442119944212,-0.043824701195219196,-0.33134772896500375,-0.24906266738082483,0.37298294748138355,0.00022271714922048998,0.5,-0.5658668151101502,0.6577798722439492,0.7088218371891801,0.30779562876244965,0.6908921932513746,0.08282662160327113
2021-01-02 21:30:00,0.17433751743375175,-0.003984063745020028,-0.325390915860015,-0.22763792179967846,0.37298294748138355,0.00022271714922048998,0.5,-0.5658668151101502,0.6577798722439492,0.7088218371891801,0.30779562876244965,0.6908921932513746,0.0637400606545257
2021-01-02 21:40:00,0.24267782426778242,0.2669322709163344,-0.32360387192851836,-0.2126405998928762,0.37365039065056077,0.00022271714922048998,0.5,-0.5658668151101502,0.6577798722439492,0.7088218371891801,0.30779562876244965,0.6908921932513746,0.10057033359989137
2021-01-02 21:50:00,0.2719665271966527,0.5458167330677288,-0.348324646314222,-0.2547759328691306,0.3868291214615697,0.00022271714922048998,0.5,-0.5658668151101502,0.6577798722439492,0.7088218371891801,0.30779562876244965,0.6908921932513746,0.11328967816889719
2021-01-02 22:00:00,0.1882845188284519,-0.043824701195219196,-0.3432613551749816,-0.26584538475272257,0.398764575780974,0.00022271714922048998,0.5,-0.645952719327415,0.6397170171864358,0.8176729938037351,0.2482055473725379,0.7787558664408303,0.045981260467432145
2021-01-02 22:10:00,0.11366806136680613,0.15537848605577675,-0.3358153387937455,-0.22513836814854493,0.40229809844132386,0.00022271714922048998,0.5,-0.645952719327415,0.6397170171864358,0.8176729938037351,0.2482055473725379,0.7787558664408303,0.0008072181903224347
2021-01-02 22:20:00,0.10390516039051603,0.7290836653386452,-0.3325390915860017,-0.19942867345116932,0.41713889361479367,0.17583518930957684,0.5,-0.645952719327415,0.6397170171864358,0.8176729938037351,0.2482055473725379,0.7787558664408303,0.0
2021-01-02 22:30:00,0.10739191073919108,0.25099601593625476,-0.33551749813849596,-0.21978218175325825,0.41713889361479367,0.9986636971046772,0.5,-0.645952719327415,0.6397170171864358,0.8176729938037351,0.2482055473725379,0.7787558664408303,0.0
2021-01-02 22:40:00,0.0808926080892608,0.5776892430278884,-0.35070737155621756,-0.26691662203178,0.41713889361479367,0.9986636971046772,0.5,-0.645952719327415,0.6397170171864358,0.8176729938037351,0.2482055473725379,0.7787558664408303,0.0
2021-01-02 22:50:00,0.08298465829846582,0.9043824701195218,-0.3596425912137007,-0.3058382431708624,0.41713889361479367,0.9986636971046772,0.5,-0.645952719327415,0.6397170171864358,0.8176729938037351,0.2482055473725379,0.7787558664408303,0.0
2021-01-02 23:00:00,0.06764295676429567,0.4422310756972112,-0.3611317944899479,-0.3361899660774862,0.41713889361479367,0.9986636971046772,0.5,-0.7431731729094201,0.6203955667558436,0.922084007508918,0.26994194383862186,0.9049051108727884,0.0
2021-01-02 23:10:00,0.0801952580195258,-0.2270916334661356,-0.3611317944899479,-0.36082842349580435,0.41713889361479367,0.9986636971046772,0.5,-0.7431731729094201,0.6203955667558436,0.922084007508918,0.26994194383862186,0.9049051108727884,0.0
2021-01-02 23:20:00,0.06345885634588563,-0.33864541832669326,-0.36142963514519744,-0.38439564363506507,0.41713889361479367,0.9986636971046772,0.5,-0.7431731729094201,0.6203955667558436,0.922084007508918,0.26994194383862186,0.9049051108727884,0.0
2021-01-02 23:30:00,0.04393305439330544,-0.45019920318725104,-0.36232315711094576,-0.40367791465809677,0.41713889361479367,0.9986636971046772,0.5,-0.7431731729094201,0.6203955667558436,0.922084007508918,0.26994194383862186,0.9049051108727884,0.0
2021-01-02 23:40:00,0.0397489539748954,-0.21912350597609576,-0.37066269545793007,-0.41974647384395647,0.41713889361479367,0.9986636971046772,0.5,-0.7431731729094201,0.6203955667558436,0.922084007508918,0.26994194383862186,0.9049051108727884,0.0
2021-01-02 23:50:00,0.059274755927475595,0.01195219123505975,-0.37721518987341784,-0.43295840028566324,0.41713889361479367,0.9986636971046772,0.5,-0.7431731729094201,0.6203955667558436,0.922084007508918,0.26994194383862186,0.9049051108727884,0.0
2021-01-03 00:00:00,0.06415620641562064,0.24302788844621515,-0.3861504095309011,-0.43117300482056775,0.41713889361479367,0.9986636971046772,0.5,-0.7378294409722026,0.6099043984747431,0.9293762000579034,0.2506678302730192,0.9867407923328861,0.0
2021-01-03 00:10:00,0.0794979079497908,0.21684689812179836,-0.3879374534623977,-0.40582038921621133,0.41713889361479367,0.9986636971046772,0.5,-0.7378294409722026,0.6099043984747431,0.9293762000579034,0.2506678302730192,0.9867407923328861,0.0
2021-01-03 00:20:00,0.10251046025104603,0.1906659077973818,-0.38972449739389436,-0.3901089091233708,0.41713889361479367,0.9986636971046772,0.5,-0.7378294409722026,0.6099043984747431,0.9293762000579034,0.2506678302730192,0.9867407923328861,0.0
2021-01-03 00:30:00,0.1199442119944212,0.16448491747296523,-0.394192107222636,-0.38439564363506507,0.41713889361479367,0.9986636971046772,0.5,-0.7378294409722026,0.6099043984747431,0.9293762000579034,0.2506678302730192,0.9867407923328861,0.0
2021-01-03 00:40:00,0.1394700139470014,0.13830392714854844,-0.40044676098287424,-0.38332440635600784,0.41713889361479367,0.9986636971046772,0.5,-0.7378294409722026,0.6099043984747431,0.9293762000579034,0.2506678302730192,0.9867407923328861,0.0
2021-01-03 00:50:00,0.15760111576011157,0.1121229368241321,-0.3998510796723753,-0.3861810391001608,0.41713889361479367,0.9986636971046772,0.5,-0.7378294409722026,0.6099043984747431,0.9293762000579034,0.2506678302730192,0.9867407923328861,0.0
2021-01-03 01:00:00,0.18410041841004185,0.08594194649971532,-0.39776619508562927,-0.38939475093733256,0.4570153511928911,0.6261692650334075,0.5,-0.7644249944050193,0.603726361826055,0.9483156357883152,0.22612549160667608,0.010460244080044099,0.0
2021-01-03 01:10:00,0.16248256624825663,0.05976095617529875,-0.38912881608339545,-0.33333333333333326,0.46673908206933556,0.44543429844098,0.5,-0.7644249944050193,0.603726361826055,0.9483156357883152,0.22612549160667608,0.010460244080044099,0.0
2021-01-03 01:20:00,0.17782426778242677,-0.1872509960159363,-0.40878629932985866,-0.3136939832172826,0.46929107065736614,0.9868596881959911,0.5,-0.7644249944050193,0.603726361826055,0.9483156357883152,0.22612549160667608,0.010460244080044099,0.0
2021-01-03 01:30:00,0.13528591352859135,-0.4342629482071714,-0.3992553983618765,-0.36547045170505266,0.5112222062268521,0.9804008908685969,0.5,-0.7644249944050193,0.603726361826055,0.9483156357883152,0.22612549160667608,0.010460244080044099,0.0
2021-01-03 01:40:00,0.10390516039051603,0.09163346613545809,-0.391511541325391,-0.36404213533297614,0.5112222062268521,0.9995545657015591,0.5,-0.7644249944050193,0.603726361826055,0.9483156357883152,0.22612549160667608,0.010460244080044099,0.0
2021-01-03 01:50:00,0.08507670850767085,-0.0916334661354582,-0.3870439314966494,-0.3579717907516514,0.5112222062268521,0.9995545657015591,0.5,-0.7644249944050193,0.603726361826055,0.9483156357883152,0.22612549160667608,0.010460244080044099,0.0
2021-01-03 02:00:00,0.09483960948396096,-0.06533864541832668,-0.3882352941176471,-0.3569005534725942,0.5112222062268521,0.9995545657015591,0.5,-0.7518249643205326,0.6030194794932308,0.932925981005527,0.20698799373293236,0.01196304447953419,0.0
2021-01-03 02:10:00,0.04602510460251046,-0.03904382470119527,-0.3837676842889055,-0.359757186216747,0.5112222062268521,0.9995545657015591,0.5,-0.7518249643205326,0.6030194794932308,0.932925981005527,0.20698799373293236,0.01196304447953419,0.0
2021-01-03 02:20:00,0.048814504881450484,-0.012749003984063756,-0.38078927773641114,-0.359757186216747,0.5112222062268521,0.9995545657015591,0.5,-0.7518249643205326,0.6030194794932308,0.932925981005527,0.20698799373293236,0.01196304447953419,0.0
2021-01-03 02:30:00,0.06555090655509065,0.01354581673306754,-0.37840655249441557,-0.359757186216747,0.5112222062268521,0.9995545657015591,0.5,-0.7518249643205326,0.6030194794932308,0.932925981005527,0.20698799373293236,0.01196304447953419,0.0
2021-01-03 02:40:00,0.11436541143654114,0.03984063745019917,-0.38912881608339545,-0.35904302803070876,0.5112222062268521,0.9995545657015591,0.5,-0.7518249643205326,0.6030194794932308,0.932925981005527,0.20698799373293236,0.01196304447953419,0.0
2021-01-03 02:50:00,0.12552301255230125,0.06613545816733057,-0.39627699180938203,-0.3611855025888234,0.5112222062268521,0.9995545657015591,0.5,-0.7518249643205326,0.6030194794932308,0.932925981005527,0.20698799373293236,0.01196304447953419,0.0
2021-01-03 03:00:00,0.1087866108786611,0.09243027888446198,-0.4037230081906181,-0.37225495447241563,0.5112222062268521,0.9995545657015591,0.5,-0.7382834098731149,0.5956173295364743,0.9232025080790108,0.20560646743599845,0.004798796780015254,0.0
2021-01-03 03:10:00,0.10599721059972106,0.11872509960159339,-0.4022338049143709,-0.3747545081235494,0.5112222062268521,0.9995545657015591,0.5,-0.7382834098731149,0.5956173295364743,0.9232025080790108,0.20560646743599845,0.004798796780015254,0.0
2021-01-03 03:20:00,0.1311018131101813,0.14501992031872502,-0.4022338049143709,-0.3822531690769505,0.5112222062268521,0.9995545657015591,0.5,-0.7382834098731149,0.5956173295364743,0.9232025080790108,0.20560646743599845,0.004798796780015254,0.0
2021-01-03 03:30:00,0.12343096234309624,0.17131474103585642,-0.41146686522710363,-0.39082306730940897,0.5112222062268521,0.9995545657015591,0.5,-0.7382834098731149,0.5956173295364743,0.9232025080790108,0.20560646743599845,0.004798796780015254,0.0
2021-01-03 03:40:00,0.1206415620641562,0.19760956175298805,-0.4209977661950858,-0.40082128191394384,0.5112222062268521,0.9995545657015591,0.5,-0.7382834098731149,0.5956173295364743,0.9232025080790108,0.20560646743599845,0.004798796780015254,0.0
2021-01-03 03:50:00,0.10808926080892609,0.22390438247011946,-0.4305286671630679,-0.41046241742545975,0.5112222062268521,0.9995545657015591,0.5,-0.7382834098731149,0.5956173295364743,0.9232025080790108,0.20560646743599845,0.004798796780015254,0.0
2021-01-03 04:00:00,0.11018131101813111,0.25019920318725086,-0.42874162323157117,-0.41831815747188006,0.5112222062268521,0.9995545657015591,0.5,-0.7591250217211996,0.6021200722973972,0.9239849512215814,0.2277654042760095,0.015900009072267293,0.0
2021-01-03 04:10:00,0.07810320781032079,0.27649402390438227,-0.4290394638868207,-0.4208177111230138,0.5112222062268521,0.9995545657015591,0.5,-0.7591250217211996,0.6021200722973972,0.9239849512215814,0.2277654042760095,0.015900009072267293,0.0
2021-01-03 04:20:00,0.099721059972106,0.3027888446215139,-0.4186150409530902,-0.42474558114622385,0.5112222062268521,0.9995545657015591,0.5,-0.7591250217211996,0.6021200722973972,0.9239849512215814,0.2277654042760095,0.015900009072267293,0.0
2021-01-03 04:30:00,0.11715481171548117,0.3290836653386453,-0.4153387937453463,-0.428673451169434,0.5112222062268521,0.9995545657015591,0.5,-0.7591250217211996,0.6021200722973972,0.9239849512215814,0.2277654042760095,0.015900009072267293,0.0
2021-01-03 04:40:00,0.12761506276150628,0.3553784860557767,-0.40908413998510806,-0.43117300482056775,0.5112222062268521,0.9995545657015591,0.5,-0.7591250217211996,0.6021200722973972,0.9239849512215814,0.2277654042760095,0.015900009072267293,0.0
2021-01-03 04:50:00,0.16875871687587168,0.38167330677290834,-0.4058078927773642,-0.43617211212283513,0.5112222062268521,0.9995545657015591,0.5,-0.7591250217211996,0.6021200722973972,0.9239849512215814,0.2277654042760095,0.015900009072267293,0.0
2021-01-03 05:00:00,0.21408647140864714,0.40796812749003997,-0.41265822784810136,-0.4429566148901982,0.4165237989294735,0.9035634743875278,0.5,-0.7575045952219032,0.5922610752082588,0.9343100303504243,0.23895291942577526,0.03214361619062733,0.0
2021-01-03 05:10:00,0.24058577405857742,0.43426294820717115,-0.4215934475055846,-0.42153186930905195,0.3293635733075081,0.005567928730512249,0.5,-0.7575045952219032,0.5922610752082588,0.9343100303504243,0.23895291942577526,0.03214361619062733,0.06079786351222898
2021-01-03 05:20:00,0.1617852161785216,0.3227091633466135,-0.4058078927773642,-0.38475272272808425,0.3378309405713837,0.00011135857461024499,0.5,-0.7575045952219032,0.5922610752082588,0.9343100303504243,0.23895291942577526,0.03214361619062733,0.020044661043801017
2021-01-03 05:30:00,0.14853556485355648,0.4262948207171313,-0.40491437081161596,-0.3772540617746831,0.3468741411576867,0.00011135857461024499,0.5,-0.7575045952219032,0.5922610752082588,0.9343100303504243,0.23895291942577526,0.03214361619062733,0.008381489807927335
2021-01-03 05:40:00,0.07043235704323571,-0.6334661354581674,-0.42338049143708123,-0.37189787537939656,0.3468741411576867,0.8459910913140312,0.5,-0.7575045952219032,0.5922610752082588,0.9343100303504243,0.23895291942577526,0.03214361619062733,0.0
2021-01-03 05:50:00,0.03207810320781032,-0.44678429140580544,-0.45107967237527924,-0.3886805927512945,0.3468741411576867,0.9988864142538976,0.5,-0.7575045952219032,0.5922610752082588,0.9343100303504243,0.23895291942577526,0.03214361619062733,0.0
2021-01-03 06:00:00,0.0599721059972106,-0.26010244735344346,-0.4451228592702905,-0.428673451169434,0.3468741411576867,0.9988864142538976,0.5,-0.8418700343503469,0.6084906338090904,0.9699918471199943,0.27990066814895254,0.051345218261261566,0.0
2021-01-03 06:10:00,0.1199442119944212,-0.07342060330108158,-0.43976172747580056,-0.4397429030530262,0.3468741411576867,0.9988864142538976,0.5,-0.8418700343503469,0.6084906338090904,0.9699918471199943,0.27990066814895254,0.051345218261261566,0.0
2021-01-03 06:20:00,0.15690376569037656,0.1132612407512803,-0.4388682055100521,-0.4465274058203892,0.3468741411576867,0.9988864142538976,0.5,-0.8418700343503469,0.6084906338090904,0.9699918471199943,0.27990066814895254,0.051345218261261566,0.0
2021-01-03 06:30:00,0.17852161785216178,0.2999430848036422,-0.4308265078183172,-0.45545438314586684,0.3468741411576867,0.9988864142538976,0.5,-0.8418700343503469,0.6084906338090904,0.9699918471199943,0.27990066814895254,0.051345218261261566,0.0
2021-01-03 06:40:00,0.15620641562064158,0.4866249288560043,-0.4445271779597916,-0.4608105695411534,0.40597557943228074,0.9988864142538976,0.5,-0.8418700343503469,0.6084906338090904,0.9699918471199943,0.27990066814895254,0.051345218261261566,0.0
2021-01-03 06:50:00,0.1617852161785216,0.6733067729083664,-0.46358897989575587,-0.4575968577039814,0.4206462420332151,0.9988864142538976,0.5,-0.8418700343503469,0.6084906338090904,0.9699918471199943,0.27990066814895254,0.051345218261261566,0.0
2021-01-03 07:00:00,0.14225941422594143,0.1235059760956172,-0.45465376023827264,-0.4529548294947331,0.4206462420332151,0.9988864142538976,0.5,-0.8397890350384212,0.6298206645268621,0.9567912577386735,0.29715371750309466,0.06893946451864481,0.0
2021-01-03 07:10:00,0.16457461645746163,-0.42629482071713165,-0.45167535368577816,-0.4575968577039814,0.4206462420332151,0.9988864142538976,0.5,-0.8397890350384212,0.6298206645268621,0.9567912577386735,0.29715371750309466,0.06893946451864481,0.0
2021-01-03 07:20:00,0.1771269177126918,-0.9760956175298806,-0.450186150409531,-0.46616675593643997,0.3903102956380626,0.9455456570155902,0.5,-0.8397890350384212,0.6298206645268621,0.9567912577386735,0.29715371750309466,0.06893946451864481,0.0
2021-01-03 07:30:00,0.16108786610878661,0.7450199203187249,-0.4579300074460164,-0.4611676486341725,0.3835442540995407,0.9453229398663697,0.5,-0.8397890350384212,0.6298206645268621,0.9567912577386735,0.29715371750309466,0.06893946451864481,0.0
2021-01-03 07:40:00,0.1304044630404463,0.7450199203187249,-0.46239761727475814,-0.45831101589001966,0.3835442540995407,0.9993318485523385,0.5,-0.8397890350384212,0.6298206645268621,0.9567912577386735,0.29715371750309466,0.06893946451864481,0.0
2021-01-03 07:50:00,0.10111576011157601,0.7298804780876493,-0.4650781831720031,-0.4572397786109623,0.3835442540995407,0.9993318485523385,0.5,-0.8397890350384212,0.6298206645268621,0.9567912577386735,0.29715371750309466,0.06893946451864481,0.0
2021-01-03 08:00:00,0.09902370990237098,0.7147410358565736,-0.47133283693224126,-0.46152472772719155,0.3835442540995407,0.9993318485523385,0.5,-0.846109412141792,0.6150106176025205,0.9425104656525849,0.3033698264111909,0.08258158021312535,0.0
2021-01-03 08:10:00,0.11506276150627615,0.6996015936254978,-0.475800446760983,-0.46938046777361186,0.3835442540995407,0.9993318485523385,0.5,-0.846109412141792,0.6150106176025205,0.9425104656525849,0.3033698264111909,0.08258158021312535,0.0
2021-01-03 08:20:00,0.12133891213389121,0.6844621513944222,-0.47431124348473575,-0.48044991965720407,0.3835442540995407,0.9993318485523385,0.5,-0.846109412141792,0.6150106176025205,0.9425104656525849,0.3033698264111909,0.08258158021312535,0.0
2021-01-03 08:30:00,0.11436541143654114,0.6693227091633465,-0.47490692479523466,-0.4893768969826816,0.3835442540995407,0.9993318485523385,0.5,-0.846109412141792,0.6150106176025205,0.9425104656525849,0.3033698264111909,0.08258158021312535,0.0
2021-01-03 08:40:00,0.10599721059972106,0.5590969455511288,-0.47431124348473575,-0.49223352972683454,0.3835442540995407,0.9993318485523385,0.5,-0.846109412141792,0.6150106176025205,0.9425104656525849,0.3033698264111909,0.08258158021312535,0.0
2021-01-03 08:50:00,0.09344490934449094,0.44887118193891107,-0.47431124348473575,-0.49866095340117833,0.3835442540995407,0.9993318485523385,0.5,-0.846109412141792,0.6150106176025205,0.9425104656525849,0.3033698264111909,0.08258158021312535,0.0
2021-01-03 09:00:00,0.0885634588563459,0.3386454183266929,-0.4760982874162324,-0.4990180324941974,0.3835442540995407,0.9993318485523385,0.5,-0.8572874999624779,0.6223380564184064,0.9509287676190789,0.3232181037884923,0.09078652540526845,0.0
2021-01-03 09:10:00,0.10181311018131102,0.22841965471447523,-0.475800446760983,-0.4990180324941974,0.3835442540995407,0.9993318485523385,0.5,-0.8572874999624779,0.6223380564184064,0.9509287676190789,0.3232181037884923,0.09078652540526845,0.0
2021-01-03 09:20:00,0.09274755927475593,0.11819389110225753,-0.47877885331347736,-0.4990180324941974,0.3835442540995407,0.9993318485523385,0.5,-0.8572874999624779,0.6223380564184064,0.9509287676190789,0.3232181037884923,0.09078652540526845,0.0
2021-01-03 09:30:00,0.09274755927475593,0.007968127490039834,-0.47460908413998526,-0.4990180324941974,0.3835442540995407,0.9993318485523385,0.5,-0.8572874999624779,0.6223380564184064,0.9509287676190789,0.3232181037884923,0.09078652540526845,0.0
2021-01-03 09:40:00,0.07182705718270573,-0.10225763612217798,-0.4734177215189874,-0.4990180324941974,0.3835442540995407,0.9993318485523385,0.5,-0.8572874999624779,0.6223380564184064,0.9509287676190789,0.3232181037884923,0.09078652540526845,0.0
2021-01-03 09:50:00,0.06903765690376569,-0.21248339973439578,-0.4695457930007447,-0.49830387430815926,0.3835442540995407,0.9993318485523385,0.5,-0.8572874999624779,0.6223380564184064,0.9509287676190789,0.3232181037884923,0.09078652540526845,0.0
2021-01-03 10:00:00,0.016736401673640166,-0.3227091633466137,-0.4653760238272525,-0.4925906088198535,0.3835442540995407,0.9993318485523385,0.5,-0.701532707873964,0.6290850471398562,0.8605596281911347,0.2959793794670523,0.09380042595988716,0.0
2021-01-03 10:10:00,0.058577405857740586,-0.4329349269588315,-0.46358897989575587,-0.48901981788966253,0.3835442540995407,0.9993318485523385,0.5,-0.701532707873964,0.6290850471398562,0.8605596281911347,0.2959793794670523,0.09380042595988716,0.0
2021-01-03 10:20:00,0.09553695955369597,-0.5431606905710492,-0.46239761727475814,-0.48366363149437597,0.3835442540995407,0.9993318485523385,0.5,-0.701532707873964,0.6290850471398562,0.8605596281911347,0.2959793794670523,0.09380042595988716,0.0
2021-01-03 10:30:00,0.05299860529986053,-0.653386454183267,-0.4570364854802682,-0.47902160328512766,0.3835442540995407,0.9993318485523385,0.5,-0.701532707873964,0.6290850471398562,0.8605596281911347,0.2959793794670523,0.09380042595988716,0.0
2021-01-03 10:40:00,0.027196652719665274,-0.6562322140011384,-0.4534623976172749,-0.4715229423317264,0.3835442540995407,0.9993318485523385,0.5,-0.701532707873964,0.6290850471398562,0.8605596281911347,0.2959793794670523,0.09380042595988716,0.0
2021-01-03 10:50:00,0.011157601115760111,-0.6590779738190098,-0.45137751303052875,-0.46295304409926796,0.3835442540995407,0.9993318485523385,0.5,-0.701532707873964,0.6290850471398562,0.8605596281911347,0.2959793794670523,0.09380042595988716,0.0
2021-01-03 11:00:00,0.03417015341701534,-0.6619237336368811,-0.4424422933730455,-0.4525977504017139,0.3835442540995407,0.9993318485523385,0.5,-0.6548599620508548,0.6258035039525071,0.79674333721765,0.24045374826190388,0.12657374654757753,0.0
2021-01-03 11:10:00,0.048117154811715475,-0.6647694934547526,-0.43648548026805667,-0.4368862703088734,0.3835442540995407,0.9993318485523385,0.5,-0.6548599620508548,0.6258035039525071,0.79674333721765,0.24045374826190388,0.12657374654757753,0.0
2021-01-03 11:20:00,0.06624825662482565,-0.6676152532726238,-0.4376768428890544,-0.42795929298339586,0.3835442540995407,0.9993318485523385,0.5,-0.6548599620508548,0.6258035039525071,0.79674333721765,0.24045374826190388,0.12657374654757753,0.0
2021-01-03 11:30:00,0.0697350069735007,-0.5093910073989756,-0.432613551749814,-0.4258168184252812,0.3835442540995407,0.9993318485523385,0.5,-0.6548599620508548,0.6258035039525071,0.79674333721765,0.24045374826190388,0.12657374654757753,0.0
2021-01-03 11:40:00,0.06694560669456066,-0.35116676152532733,-0.4329113924050634,-0.41367612926263164,0.3835442540995407,0.9993318485523385,0.5,-0.6548599620508548,0.6258035039525071,0.79674333721765,0.24045374826190388,0.12657374654757753,0.0
2021-01-03 11:50:00,0.06415620641562064,-0.19294251565167908,-0.42725241995532404,-0.39939296554186754,0.3835442540995407,0.9993318485523385,0.5,-0.6548599620508548,0.6258035039525071,0.79674333721765,0.24045374826190388,0.12657374654757753,0.0
2021-01-03 12:00:00,0.05718270571827057,-0.03471826977803083,-0.42040208488458686,-0.3868951972861988,0.3835442540995407,0.9993318485523385,0.5,-0.6268302591234876,0.6151830279276018,0.7472670605259718,0.2188914506892173,0.19499215346870552,0.0
2021-01-03 12:10:00,0.07670850767085077,0.12350597609561742,-0.41563663440059584,-0.38475272272808425,0.3835442540995407,0.9993318485523385,0.5,-0.6268302591234876,0.6151830279276018,0.7472670605259718,0.2188914506892173,0.19499215346870552,0.0
2021-01-03 12:20:00,0.06834030683403068,0.12767975716182867,-0.4069992553983619,-0.38296732726298865,0.3835442540995407,0.9993318485523385,0.5,-0.6268302591234876,0.6151830279276018,0.7472670605259718,0.2188914506892173,0.19499215346870552,0.0
2021-01-03 12:30:00,0.0697350069735007,0.13185353822804013,-0.39776619508562927,-0.3776111408677022,0.3835442540995407,0.9993318485523385,0.5,-0.6268302591234876,0.6151830279276018,0.7472670605259718,0.2188914506892173,0.19499215346870552,0.0
2021-01-03 12:40:00,0.07531380753138076,0.13602731929425138,-0.38883097542814604,-0.37511158721656845,0.3835442540995407,0.9993318485523385,0.5,-0.6268302591234876,0.6151830279276018,0.7472670605259718,0.2188914506892173,0.19499215346870552,0.0
2021-01-03 12:50:00,0.0801952580195258,0.14020110036046285,-0.3801935964259122,-0.37011247991430096,0.3835442540995407,0.9993318485523385,0.5,-0.6268302591234876,0.6151830279276018,0.7472670605259718,0.2188914506892173,0.19499215346870552,0.0
2021-01-03 13:00:00,0.07880055788005579,0.1443748814266741,-0.3724497393894267,-0.36689876807712907,0.3835442540995407,0.9993318485523385,0.5,-0.4970781025961045,0.6025051220234073,0.5712761952009224,0.2002152059412067,0.23975102115774932,0.0
2021-01-03 13:10:00,0.07043235704323571,0.14854866249288556,-0.36976917349218186,-0.3661846098910908,0.3835442540995407,0.9993318485523385,0.5,-0.4970781025961045,0.6025051220234073,0.5712761952009224,0.2002152059412067,0.23975102115774932,0.0
2021-01-03 13:20:00,0.048117154811715475,0.1527224435590968,-0.36232315711094576,-0.3569005534725942,0.3835442540995407,0.9993318485523385,0.5,-0.4970781025961045,0.6025051220234073,0.5712761952009224,0.2002152059412067,0.23975102115774932,0.0
2021-01-03 13:30:00,0.07461645746164575,0.15689622462530828,-0.35457930007446026,-0.3469023388680593,0.3835442540995407,0.9993318485523385,0.5,-0.4970781025961045,0.6025051220234073,0.5712761952009224,0.2002152059412067,0.23975102115774932,0.0
2021-01-03 13:40:00,0.16457461645746163,0.16107000569151952,-0.3376023827252421,-0.34154615247277276,0.3835442540995407,0.9993318485523385,0.5,-0.4970781025961045,0.6025051220234073,0.5712761952009224,0.2002152059412067,0.23975102115774932,0.0
2021-01-03 13:50:00,0.16108786610878661,0.16524378675773077,-0.32807148175726,-0.34475986430994454,0.3835442540995407,0.9993318485523385,0.5,-0.4970781025961045,0.6025051220234073,0.5712761952009224,0.2002152059412067,0.23975102115774932,0.0
2021-01-03 14:00:00,0.14574616457461645,0.16941756782394224,-0.3286671630677588,-0.3454740224959829,0.3835442540995407,0.9993318485523385,0.5,-0.49676868598499857,0.5820285224147803,0.5636072378907413,0.18170000515581164,0.25783575993779007,0.0
2021-01-03 14:10:00,0.12343096234309624,0.17359134889015349,-0.3361131794489949,-0.3476164970540975,0.3835442540995407,0.9993318485523385,0.5,-0.49676868598499857,0.5820285224147803,0.5636072378907413,0.18170000515581164,0.25783575993779007,0.0
2021-01-03 14:20:00,0.12203626220362622,0.17776512995636495,-0.33938942665673866,-0.3490448134261739,0.3835442540995407,0.9993318485523385,0.5,-0.49676868598499857,0.5820285224147803,0.5636072378907413,0.18170000515581164,0.25783575993779007,0.0
2021-01-03 14:30:00,0.1206415620641562,0.1819389110225762,-0.33492181682799715,-0.34654525977504014,0.3835442540995407,0.9993318485523385,0.5,-0.49676868598499857,0.5820285224147803,0.5636072378907413,0.18170000515581164,0.25783575993779007,0.0
2021-01-03 14:40:00,0.15132496513249652,0.18611269208878767,-0.33194341027550267,-0.34940189251919307,0.3835442540995407,0.9993318485523385,0.5,-0.49676868598499857,0.5820285224147803,0.5636072378907413,0.18170000515581164,0.25783575993779007,0.0
2021-01-03 14:50:00,0.15481171548117156,0.19028647315499891,-0.3405807892777365,-0.35582931619353686,0.3835442540995407,0.9993318485523385,0.5,-0.49676868598499857,0.5820285224147803,0.5636072378907413,0.18170000515581164,0.25783575993779007,0.0
2021-01-03 15:00:00,0.1324965132496513,0.19446025422121038,-0.3370067014147432,-0.35618639528655593,0.3835442540995407,0.9993318485523385,0.5,-0.4941792521770396,0.5691408506150734,0.5549397461713865,0.16911780028860066,0.29690081047398625,0.0
2021-01-03 15:10:00,0.16248256624825663,0.19863403528742163,-0.32717795979151165,-0.35618639528655593,0.3835442540995407,0.9993318485523385,0.5,-0.4941792521770396,0.5691408506150734,0.5549397461713865,0.16911780028860066,0.29690081047398625,0.0
2021-01-03 15:20:00,0.17852161785216178,0.2028078163536331,-0.32628443782576333,-0.3533297625424031,0.40676080669013626,0.9993318485523385,0.5,-0.4941792521770396,0.5691408506150734,0.5549397461713865,0.16911780028860066,0.29690081047398625,0.0
2021-01-03 15:30:00,0.18688981868898188,0.20698159741984434,-0.3176470588235296,-0.35618639528655593,0.5112091191058878,0.9993318485523385,0.5,-0.4941792521770396,0.5691408506150734,0.5549397461713865,0.16911780028860066,0.29690081047398625,0.0
2021-01-03 15:40:00,0.18340306834030684,0.2111553784860556,-0.31258376768428897,-0.35118728798428844,0.6330109539202472,0.7494432071269488,0.5,-0.4941792521770396,0.5691408506150734,0.5549397461713865,0.16911780028860066,0.29690081047398625,0.0027762270470902428
2021-01-03 15:50:00,0.19665271966527195,0.40239043824701204,-0.2988830975428147,-0.35297268344938415,0.6345290599521012,0.00011135857461024499,0.5,-0.4941792521770396,0.5691408506150734,0.5549397461713865,0.16911780028860066,0.29690081047398625,0.04120584818262746
2021-01-03 16:00:00,0.18758716875871687,0.2350597609561753,-0.2893521965748326,-0.34797357614711666,0.6564761618091636,0.00011135857461024499,0.5,-0.47103727774751913,0.5838819334093859,0.5175926063307894,0.14871316045604754,0.3288130849739861,0.04408014846779426
2021-01-03 16:10:00,0.18549511854951187,-0.29083665338645437,-0.2833953834698437,-0.3372612033565434,0.6507440028268181,0.00011135857461024499,0.5,-0.47103727774751913,0.5838819334093859,0.5175926063307894,0.14871316045604754,0.3288130849739861,0.045415453324682775
2021-01-03 16:20:00,0.200836820083682,0.07569721115537842,-0.27267311988086385,-0.3244063560078556,0.6481396657549305,0.00011135857461024499,0.5,-0.47103727774751913,0.5838819334093859,0.5175926063307894,0.14871316045604754,0.3288130849739861,0.06574678998747681
2021-01-03 16:30:00,0.19456066945606695,-0.17928286852589637,-0.26075949367088613,-0.3115515086591679,0.6386384159348785,0.00011135857461024499,0.5,-0.47103727774751913,0.5838819334093859,0.5175926063307894,0.14871316045604754,0.3288130849739861,0.04838782684792613
2021-01-03 16:40:00,0.199442119944212,0.5697211155378485,-0.2556962025316457,-0.2994108194965186,0.6364266924919186,0.00011135857461024499,0.5,-0.47103727774751913,0.5838819334093859,0.5175926063307894,0.14871316045604754,0.3288130849739861,0.05759162303664922
2021-01-03 16:50:00,0.23221757322175732,0.17131474103585642,-0.24556962025316464,-0.2851276557757543,0.6424598552564421,0.00011135857461024499,0.5,-0.47103727774751913,0.5838819334093859,0.5175926063307894,0.14871316045604754,0.3288130849739861,0.06975270455814234
2021-01-03 17:00:00,0.21617852161785217,-0.19521912350597614,-0.23842144452717806,-0.27227280842706647,0.6491997225530356,0.00011135857461024499,0.5,-0.4620292753407602,0.5973012037114193,0.503733344391525,0.1520298994251731,0.35658833878730883,0.06351373779742596
2021-01-03 17:10:00,0.1924686192468619,0.3545816733067728,-0.23306031273268812,-0.2626316729155508,0.6365837379434898,0.00011135857461024499,0.5,-0.4620292753407602,0.5973012037114193,0.503733344391525,0.1520298994251731,0.35658833878730883,0.059364485417263906
2021-01-03 17:20:00,0.24476987447698745,0.394422310756972,-0.23097542814594196,-0.2540617746830922,0.6427870332805485,0.00011135857461024499,0.5,-0.4620292753407602,0.5973012037114193,0.503733344391525,0.1520298994251731,0.35658833878730883,0.08832626703079499
2021-01-03 17:30:00,0.23709902370990238,-0.13147410358565736,-0.2279970215934476,-0.25191930012497765,0.6472890028922538,0.00011135857461024499,0.5,-0.4620292753407602,0.5973012037114193,0.503733344391525,0.1520298994251731,0.35658833878730883,0.09655687493398916
2021-01-03 17:40:00,0.2873082287308229,0.2589641434262948,-0.2282948622486971,-0.25227637921799684,0.6695371085314942,0.00011135857461024499,0.5,-0.4620292753407602,0.5973012037114193,0.503733344391525,0.1520298994251731,0.35658833878730883,0.1256393620713068
2021-01-03 17:50:00,0.2705718270571827,-0.17131474103585675,-0.2324646314221892,-0.256204249241207,0.6688042297574955,0.00011135857461024499,0.5,-0.4620292753407602,0.5973012037114193,0.503733344391525,0.1520298994251731,0.35658833878730883,0.12310454607178963
2021-01-03 18:00:00,0.25662482566248257,-0.1633466135458168,-0.23842144452717806,-0.256204249241207,0.6688042297574955,0.00011135857461024499,0.5,-0.5767558317043129,0.6162864540081107,0.5629822978896736,0.13342429053187055,0.28862897429199275,0.12494530530953424
2021-01-03 18:10:00,0.2768479776847978,-0.17928286852589637,-0.243782576321668,-0.256204249241207,0.6688042297574955,0.00011135857461024499,0.5,-0.5767558317043129,0.6162864540081107,0.5629822978896736,0.13342429053187055,0.28862897429199275,0.1496295849238801
2021-01-03 18:20:00,0.2880055788005579,-0.298804780876494,-0.24884586746090853,-0.256204249241207,0.6688042297574955,0.00011135857461024499,0.5,-0.5767558317043129,0.6162864540081107,0.5629822978896736,0.13342429053187055,0.28862897429199275,0.16305053034989514
2021-01-03 18:30:00,0.3647140864714087,-0.38645418326693237,-0.2548026805658973,-0.25656132833422596,0.6668542487338209,0.00011135857461024499,0.5,-0.5767558317043129,0.6162864540081107,0.5629822978896736,0.13342429053187055,0.28862897429199275,0.2754801816618133
2021-01-03 18:40:00,0.44002789400278935,0.12350597609561742,-0.2503350707371558,-0.2654883056597036,0.6565546845349493,0.00011135857461024499,0.5,-0.5767558317043129,0.6162864540081107,0.5629822978896736,0.13342429053187055,0.28862897429199275,0.3937791390678516
2021-01-03 18:50:00,0.5132496513249651,-0.2270916334661356,-0.24854802680565913,-0.26691662203178,0.6565546845349493,0.00011135857461024499,0.5,-0.5767558317043129,0.6162864540081107,0.5629822978896736,0.13342429053187055,0.28862897429199275,0.5187093561869126
2021-01-03 19:00:00,0.3933054393305439,0.06772908366533859,-0.2482501861504096,-0.26513122656668453,0.6477994006098599,0.00011135857461024499,0.5,-0.5807498975226326,0.6363061662552777,0.6023798952946507,0.2067300955643155,0.24606616625937835,0.3136004948926475
2021-01-03 19:10:00,0.5160390516039052,0.22709163346613526,-0.3063291139240507,-0.2915550794500982,0.6521312376490295,0.00011135857461024499,0.5,-0.5807498975226326,0.6363061662552777,0.6023798952946507,0.2067300955643155,0.24606616625937835,0.5382183864689107
2021-01-03 19:20:00,0.5495118549511855,0.08366533864541825,-0.38555472822040215,-0.37511158721656845,0.6565023360510921,0.00011135857461024499,0.5,-0.5807498975226326,0.6363061662552777,0.6023798952946507,0.2067300955643155,0.24606616625937835,0.6106945094074868
2021-01-03 19:30:00,0.5216178521617852,0.07569721115537842,-0.41176470588235303,-0.4093911801464024,0.6565023360510921,0.00011135857461024499,0.5,-0.5807498975226326,0.6363061662552777,0.6023798952946507,0.2067300955643155,0.24606616625937835,0.5320774929462709
2021-01-03 19:40:00,0.3723849372384937,-0.33864541832669326,-0.42844378257632176,-0.42831637207641493,0.6504691732865686,0.00011135857461024499,0.5,-0.5807498975226326,0.6363061662552777,0.6023798952946507,0.2067300955643155,0.24606616625937835,0.28445765499343667
2021-01-03 19:50:00,0.3814504881450488,0.003984063745019917,-0.44005956813105007,-0.44902695947152294,0.6249362002852992,0.00011135857461024499,0.5,-0.5807498975226326,0.6363061662552777,0.6023798952946507,0.2067300955643155,0.24606616625937835,0.2900327413733271
2021-01-03 20:00:00,0.38284518828451886,-0.14741035856573714,-0.4534623976172749,-0.46795215140153545,0.6112601588776485,0.00011135857461024499,0.5,-0.5927402331314249,0.622611039433115,0.6474321344706532,0.30404728148617394,0.2429981318136191,0.3055132247989499
2021-01-03 20:10:00,0.401673640167364,0.20318725099601576,-0.46626954579300084,-0.48080699875022315,0.6112601588776485,0.00011135857461024499,0.5,-0.5927402331314249,0.622611039433115,0.6474321344706532,0.30404728148617394,0.2429981318136191,0.32191408784344494
2021-01-03 20:20:00,0.4386331938633194,0.05976095617529875,-0.47788533134772904,-0.4958043206570255,0.6112601588776485,0.00011135857461024499,0.5,-0.5927402331314249,0.622611039433115,0.6474321344706532,0.30404728148617394,0.2429981318136191,0.38242527573668095
2021-01-03 20:30:00,0.46373779637377965,0.09163346613545809,-0.48950111690245734,-0.5025888234243885,0.6112601588776485,0.00011135857461024499,0.5,-0.5927402331314249,0.622611039433115,0.6474321344706532,0.30404728148617394,0.2429981318136191,0.46790741886325576
2021-01-03 20:40:00,0.48535564853556484,-0.03585657370517936,-0.5002233804914372,-0.5079450098196749,0.6112601588776485,0.00011135857461024499,0.5,-0.5927402331314249,0.622611039433115,0.6474321344706532,0.30404728148617394,0.2429981318136191,0.5007996740950859
2021-01-03 20:50:00,0.5404463040446305,-0.21912350597609564,-0.5100521221146688,-0.5097304052847705,0.6112601588776485,0.00011135857461024499,0.5,-0.5927402331314249,0.622611039433115,0.6474321344706532,0.30404728148617394,0.2429981318136191,0.5991218673144529
2021-01-03 21:00:00,0.48326359832635984,-0.1872509960159363,-0.5183916604616532,-0.511158721656847,0.6049259923309471,0.00011135857461024499,0.5,-0.60046374135613,0.6393405879766791,0.6905958577181042,0.35845019768489506,0.25109082843071007,0.47324863829080976
2021-01-03 21:10:00,0.4693165969316597,-0.07569721115537853,-0.5276247207743858,-0.5197286198893054,0.6000837575741712,0.01135857461024499,0.5,-0.60046374135613,0.6393405879766791,0.6905958577181042,0.35845019768489506,0.25109082843071007,0.4553314121037464
2021-01-03 21:20:00,0.46373779637377965,-0.19521912350597614,-0.5350707371556218,-0.5243706480985538,0.6000837575741712,0.01447661469933185,0.5,-0.60046374135613,0.6393405879766791,0.6905958577181042,0.35845019768489506,0.25109082843071007,0.46181178991203586
2021-01-03 21:30:00,0.49372384937238495,-0.23505976095617542,-0.541921072226359,-0.5290126763078021,0.6000837575741712,0.004231625835189309,0.5,-0.60046374135613,0.6393405879766791,0.6905958577181042,0.35845019768489506,0.25109082843071007,0.5439217224678244
2021-01-03 21:40:00,0.5041841004184101,-0.07569721115537853,-0.5478778853313478,-0.5315122299589359,0.6000837575741712,0.00011135857461024499,0.5,-0.60046374135613,0.6393405879766791,0.6905958577181042,0.35845019768489506,0.25109082843071007,0.5770553887472275
2021-01-03 21:50:00,0.4560669456066946,-0.17131474103585675,-0.55204765450484,-0.5379396536332797,0.6000837575741712,0.00011135857461024499,0.5,-0.60046374135613,0.6393405879766791,0.6905958577181042,0.35845019768489506,0.25109082843071007,0.47748087571857506
2021-01-03 22:00:00,0.5251046025104603,-0.3227091633466136,-0.5571109456440805,-0.5382967327262989,0.6000837575741712,0.00011135857461024499,0.5,-0.6772161376922264,0.6401537900099721,0.8075306538269904,0.41124739356069334,0.24536741625378933,0.6074354602652504
2021-01-03 22:10:00,0.5181311018131102,-0.2828685258964144,-0.5577066269545794,-0.5382967327262989,0.6000837575741712,0.00011135857461024499,0.5,-0.6772161376922264,0.6401537900099721,0.8075306538269904,0.41124739356069334,0.24536741625378933,0.6233535012145993
2021-01-03 22:20:00,0.5376569037656904,-0.21912350597609564,-0.5583023082650782,-0.5372254954472415,0.6000837575741712,0.00011135857461024499,0.5,-0.6772161376922264,0.6401537900099721,0.8075306538269904,0.41124739356069334,0.24536741625378933,0.6468005492101333
2021-01-03 22:30:00,0.5237099023709902,-0.1633466135458168,-0.5606850335070739,-0.5361542581681842,0.6000837575741712,0.00011135857461024499,0.5,-0.6772161376922264,0.6401537900099721,0.8075306538269904,0.41124739356069334,0.24536741625378933,0.6238891319764021
2021-01-03 22:40:00,0.4783821478382148,-0.019920318725099695,-0.5645569620253166,-0.5375825745402607,0.6000837575741712,0.00011135857461024499,0.5,-0.6772161376922264,0.6401537900099721,0.8075306538269904,0.41124739356069334,0.24536741625378933,0.5164008630444951
2021-01-03 22:50:00,0.4776847977684798,0.05179282868525892,-0.5666418466120626,-0.5404392072844135,0.6000837575741712,0.00011135857461024499,0.5,-0.6772161376922264,0.6401537900099721,0.8075306538269904,0.41124739356069334,0.24536741625378933,0.5130965493308388
2021-01-03 23:00:00,0.4881450488145049,-0.20318725099601598,-0.566939687267312,-0.5418675236564898,0.6000837575741712,0.00011135857461024499,0.5,-0.7089478000802476,0.6290333240423344,0.8241306226053531,0.4768732196834261,0.22517883738616332,0.5435445177059915
2021-01-03 23:10:00,0.5258019525801952,-0.21912350597609564,-0.5711094564408042,-0.5418675236564898,0.5938542879951839,0.00011135857461024499,0.5,-0.7089478000802476,0.6290333240423344,0.8241306226053531,0.4768732196834261,0.22517883738616332,0.5691491769392096
2021-01-03 23:20:00,0.47280334728033474,0.3545816733067728,-0.5725986597170515,-0.5497232637029101,0.5903862009396553,0.00011135857461024499,0.5,-0.7089478000802476,0.6290333240423344,0.8241306226053531,0.4768732196834261,0.22517883738616332,0.48010622086093213
2021-01-03 23:30:00,0.48326359832635984,-0.3944223107569722,-0.5749813849590469,-0.552579896447063,0.6000444962112784,0.00011135857461024499,0.5,-0.7089478000802476,0.6290333240423344,0.8241306226053531,0.4768732196834261,0.22517883738616332,0.5005959835236959
2021-01-03 23:40:00,0.5502092050209205,-0.42629482071713154,-0.5725986597170515,-0.549009105516872,0.6000444962112784,0.00011135857461024499,0.5,-0.7089478000802476,0.6290333240423344,0.8241306226053531,0.4768732196834261,0.22517883738616332,0.6454501561627715
2021-01-03 23:50:00,0.5348675034867504,-0.3227091633466136,-0.5693224125093077,-0.5457953936797001,0.6000444962112784,0.0008908685968819599,0.5,-0.7089478000802476,0.6290333240423344,0.8241306226053531,0.4768732196834261,0.22517883738616332,0.6489883368287641
2021-01-04 00:00:00,0.5062761506276151,-0.21115537848605592,-0.5666418466120626,-0.5418675236564898,0.6000444962112784,0.05178173719376392,0.5,-0.705247875158052,0.6344958578419403,0.811717422117423,0.5205289805443771,0.21491622052182693,0.4385156238212351
2021-01-04 00:10:00,0.5327754532775453,0.15537848605577675,-0.5666418466120626,-0.5468666309587573,0.6000444962112784,0.036302895322939864,0.5,-0.705247875158052,0.6344958578419403,0.811717422117423,0.5205289805443771,0.21491622052182693,0.5426844908490125
2021-01-04 00:20:00,0.6073919107391912,0.1394422310756971,-0.5642591213700671,-0.549009105516872,0.6074256324351206,0.0016703786191536749,0.5,-0.705247875158052,0.6344958578419403,0.811717422117423,0.5205289805443771,0.21491622052182693,0.809398433845829
2021-01-04 00:30:00,0.5739191073919108,-0.09960159362549814,-0.5636634400595681,-0.5440099982146045,0.6112601588776485,0.00011135857461024499,0.5,-0.705247875158052,0.6344958578419403,0.811717422117423,0.5205289805443771,0.21491622052182693,0.7446550085248277
2021-01-04 00:40:00,0.5425383542538355,-0.20318725099601598,-0.5666418466120626,-0.5393679700053562,0.6112601588776485,0.00011135857461024499,0.5,-0.705247875158052,0.6344958578419403,0.811717422117423,0.5205289805443771,0.21491622052182693,0.6583731913031671
2021-01-04 00:50:00,0.5230125523012552,-0.13147410358565736,-0.5666418466120626,-0.5382967327262989,0.6112601588776485,0.00011135857461024499,0.5,-0.705247875158052,0.6344958578419403,0.811717422117423,0.5205289805443771,0.21491622052182693,0.6293736892134526
2021-01-04 01:00:00,0.5299860529986052,-0.03585657370517936,-0.5666418466120626,-0.5382967327262989,0.6112601588776485,0.00011135857461024499,0.5,-0.7305334526484522,0.6338694336608196,0.7906859337900924,0.5262178474487786,0.20096640366203855,0.6485809556859846
2021-01-04 01:10:00,0.5188284518828452,0.05179282868525892,-0.5666418466120626,-0.5407962863774326,0.6112601588776485,0.00011135857461024499,0.5,-0.7305334526484522,0.6338694336608196,0.7906859337900924,0.5262178474487786,0.20096640366203855,0.6212411545483351
2021-01-04 01:20:00,0.49721059972105996,0.06772908366533859,-0.569620253164557,-0.5418675236564898,0.6112601588776485,0.00011135857461024499,0.5,-0.7305334526484522,0.6338694336608196,0.7906859337900924,0.5262178474487786,0.20096640366203855,0.5645925434162681
2021-01-04 01:30:00,0.496513249651325,0.027888446215139417,-0.5725986597170515,-0.5472237100517765,0.6112601588776485,0.00011135857461024499,0.5,-0.7305334526484522,0.6338694336608196,0.7906859337900924,0.5262178474487786,0.20096640366203855,0.5663352294159362
2021-01-04 01:40:00,0.4790794979079498,0.22709163346613526,-0.574385703648548,-0.5515086591680056,0.6112601588776485,0.00011135857461024499,0.5,-0.7305334526484522,0.6338694336608196,0.7906859337900924,0.5262178474487786,0.20096640366203855,0.5235526653288471
2021-01-04 01:50:00,0.5125523012552301,0.3705179282868525,-0.5755770662695459,-0.555793608284235,0.6143094580623208,0.00011135857461024499,0.5,-0.7305334526484522,0.6338694336608196,0.7906859337900924,0.5262178474487786,0.20096640366203855,0.5857160100789113
2021-01-04 02:00:00,0.5013947001394701,-0.42629482071713154,-0.5791511541325391,-0.5536511337261203,0.6225281700278756,0.00011135857461024499,0.5,-0.7199192655116047,0.6466479122546414,0.7586568710365038,0.5138230766708815,0.1929182479646493,0.5383089156117506
2021-01-04 02:10:00,0.5055788005578801,-0.13147410358565736,-0.5815338793745347,-0.5529369755400821,0.6161154807553886,0.00011135857461024499,0.5,-0.7199192655116047,0.6466479122546414,0.7586568710365038,0.5138230766708815,0.1929182479646493,0.5617484195120479
2021-01-04 02:20:00,0.5118549511854951,0.25099601593625476,-0.5809381980640358,-0.5593643992144259,0.6113648558453625,0.00011135857461024499,0.5,-0.7199192655116047,0.6466479122546414,0.7586568710365038,0.5138230766708815,0.1929182479646493,0.5899784238876231
2021-01-04 02:30:00,0.4874476987447699,0.14741035856573692,-0.5815338793745347,-0.5597214783074451,0.6113648558453625,0.00011135857461024499,0.5,-0.7199192655116047,0.6466479122546414,0.7586568710365038,0.5138230766708815,0.1929182479646493,0.5408361875160312
2021-01-04 02:40:00,0.4707112970711297,0.01195219123505975,-0.5815338793745347,-0.5597214783074451,0.6113648558453625,0.00011135857461024499,0.5,-0.7199192655116047,0.6466479122546414,0.7586568710365038,0.5138230766708815,0.1929182479646493,0.48261086047950275
2021-01-04 02:50:00,0.5132496513249651,-0.21912350597609564,-0.5815338793745347,-0.5597214783074451,0.6113648558453625,0.00011135857461024499,0.5,-0.7199192655116047,0.6466479122546414,0.7586568710365038,0.5138230766708815,0.1929182479646493,0.5585648113221782
2021-01-04 03:00:00,0.504881450488145,0.10756972111553775,-0.5815338793745347,-0.5615068737725406,0.6003585871144207,0.00011135857461024499,0.5,-0.7183538049037714,0.6465703276083543,0.7511625367745106,0.49377209527484067,0.18743102439782455,0.546403729800685
2021-01-04 03:10:00,0.496513249651325,0.19521912350597592,-0.5815338793745347,-0.5632922692376361,0.6074387195560849,0.00011135857461024499,0.5,-0.7183538049037714,0.6465703276083543,0.7511625367745106,0.49377209527484067,0.18743102439782455,0.5537215021802435
2021-01-04 03:20:00,0.4860529986052998,-0.05179282868525903,-0.5815338793745347,-0.5607927155865023,0.6113779429663267,0.00011135857461024499,0.5,-0.7183538049037714,0.6465703276083543,0.7511625367745106,0.49377209527484067,0.18743102439782455,0.5279885933280022
2021-01-04 03:30:00,0.5111576011157601,-0.14741035856573714,-0.5803425167535369,-0.5597214783074451,0.6113779429663267,0.00011135857461024499,0.5,-0.7183538049037714,0.6465703276083543,0.7511625367745106,0.49377209527484067,0.18743102439782455,0.5847352776981457
2021-01-04 03:40:00,0.5013947001394701,-0.12350597609561753,-0.5803425167535369,-0.5615068737725406,0.6113779429663267,0.00011135857461024499,0.5,-0.7183538049037714,0.6465703276083543,0.7511625367745106,0.49377209527484067,0.18743102439782455,0.5491875009430119
2021-01-04 03:50:00,0.5516039051603905,-0.0916334661354582,-0.5806403574087864,-0.5597214783074451,0.606234704427373,0.00011135857461024499,0.5,-0.7183538049037714,0.6465703276083543,0.7511625367745106,0.49377209527484067,0.18743102439782455,0.6317727114987101
2021-01-04 04:00:00,0.5481171548117155,0.5139442231075697,-0.5791511541325391,-0.5622210319585788,0.6002146287838138,0.00011135857461024499,0.5,-0.7253118597249104,0.664785478453021,0.7672259549959503,0.4672609482834076,0.18509072005122326,0.6398147170209877
2021-01-04 04:10:00,0.44979079497907953,0.08366533864541825,-0.5803425167535369,-0.5632922692376361,0.6002146287838138,0.00011135857461024499,0.5,-0.7253118597249104,0.664785478453021,0.7672259549959503,0.4672609482834076,0.18509072005122326,0.4415558942016084
2021-01-04 04:20:00,0.4344490934449094,-0.36254980079681276,-0.5815338793745347,-0.5647205856097125,0.6002146287838138,0.00011135857461024499,0.5,-0.7253118597249104,0.664785478453021,0.7672259549959503,0.4672609482834076,0.18509072005122326,0.39357544849646187
2021-01-04 04:30:00,0.43235704323570434,0.043824701195219085,-0.5815338793745347,-0.5668630601678272,0.5893523183834789,0.00011135857461024499,0.5,-0.7253118597249104,0.664785478453021,0.7672259549959503,0.4672609482834076,0.18509072005122326,0.37770267211853287
2021-01-04 04:40:00,0.42677824267782427,0.17928286852589648,-0.5815338793745347,-0.549009105516872,0.5949928675190744,0.00011135857461024499,0.5,-0.7253118597249104,0.664785478453021,0.7672259549959503,0.4672609482834076,0.18509072005122326,0.3616186610739774
2021-01-04 04:50:00,0.401673640167364,-0.33067729083665354,-0.5815338793745347,-0.5518657382610248,0.6002146287838138,0.00011135857461024499,0.5,-0.7253118597249104,0.664785478453021,0.7672259549959503,0.4672609482834076,0.18509072005122326,0.32956380041341643
2021-01-04 05:00:00,0.3856345885634589,-0.059760956175298974,-0.5815338793745347,-0.5661489019817889,0.6002146287838138,0.00011135857461024499,0.5,-0.7303838306890449,0.672434749875721,0.7727015352244617,0.44434241156156873,0.18284437419578645,0.28743002851668
2021-01-04 05:10:00,0.397489539748954,-0.06772908366533881,-0.5815338793745347,-0.5743617211212284,0.6002146287838138,0.00011135857461024499,0.5,-0.7303838306890449,0.672434749875721,0.7727015352244617,0.44434241156156873,0.18284437419578645,0.3151470344161625
2021-01-04 05:20:00,0.44072524407252445,0.3067729083665336,-0.5815338793745347,-0.5675772183538654,0.6002146287838138,0.00011135857461024499,0.5,-0.7303838306890449,0.672434749875721,0.7727015352244617,0.44434241156156873,0.18284437419578645,0.38821914087843445
2021-01-04 05:30:00,0.44490934449093444,0.3784860557768923,-0.5809381980640358,-0.5461524727727192,0.6002146287838138,0.00011135857461024499,0.5,-0.7303838306890449,0.672434749875721,0.7727015352244617,0.44434241156156873,0.18284437419578645,0.39255699563951296
2021-01-04 05:40:00,0.43096234309623427,0.4262948207171313,-0.5788533134772897,-0.5586502410283878,0.6002146287838138,0.00011135857461024499,0.5,-0.7303838306890449,0.672434749875721,0.7727015352244617,0.44434241156156873,0.18284437419578645,0.36732199707289104
2021-01-04 05:50:00,0.38702928870292885,0.10756972111553775,-0.5806403574087864,-0.57364756293519,0.6080799884833336,0.00011135857461024499,0.5,-0.7303838306890449,0.672434749875721,0.7727015352244617,0.44434241156156873,0.18284437419578645,0.2944762134677188
2021-01-04 06:00:00,0.3507670850767085,-0.2270916334661356,-0.5782576321667908,-0.580074986609534,0.6114041172082554,0.00011135857461024499,0.5,-0.77392869042763,0.6850293241227913,0.7502667218054476,0.4129524904758281,0.17151102244269567,0.23785023462136184
2021-01-04 06:10:00,0.35355648535564854,-0.3227091633466136,-0.5755770662695459,-0.5668630601678272,0.6114041172082554,0.00011135857461024499,0.5,-0.77392869042763,0.6850293241227913,0.7502667218054476,0.4129524904758281,0.17151102244269567,0.220694962053201
2021-01-04 06:20:00,0.3410041841004184,-0.38645418326693237,-0.5755770662695459,-0.5543652919121584,0.6114041172082554,0.00011135857461024499,0.5,-0.77392869042763,0.6850293241227913,0.7502667218054476,0.4129524904758281,0.17151102244269567,0.21582147653031972
2021-01-04 06:30:00,0.36192468619246865,-0.36254980079681276,-0.5761727475800448,-0.5672201392608462,0.6084595149912971,0.00011135857461024499,0.5,-0.77392869042763,0.6850293241227913,0.7502667218054476,0.4129524904758281,0.17151102244269567,0.23848393862124118
2021-01-04 06:40:00,0.3200836820083682,0.17928286852589648,-0.5788533134772897,-0.5822174611676487,0.6002146287838138,0.00011135857461024499,0.5,-0.77392869042763,0.6850293241227913,0.7502667218054476,0.4129524904758281,0.17151102244269567,0.1976402070099733
2021-01-04 06:50:00,0.26638772663877264,0.2111553784860556,-0.582427401340283,-0.5890019639350116,0.6002146287838138,0.00011135857461024499,0.5,-0.77392869042763,0.6850293241227913,0.7502667218054476,0.4129524904758281,0.17151102244269567,0.136517947402568
2021-01-04 07:00:00,0.2524407252440725,-0.2749003984063746,-0.5580044676098288,-0.514729512587038,0.6002146287838138,0.00011135857461024499,0.5,-0.773586687848102,0.7029168953498068,0.7587427241981765,0.40899252494137334,0.18167339535359747,0.08998596798285982
2021-01-04 07:10:00,0.24686192468619247,-0.043824701195219196,-0.5237527922561431,-0.42795929298339586,0.6002146287838138,0.00011135857461024499,0.5,-0.773586687848102,0.7029168953498068,0.7587427241981765,0.40899252494137334,0.18167339535359747,0.09971785083814899
2021-01-04 07:20:00,0.23291492329149233,-0.33067729083665354,-0.5061801935964261,-0.3915372254954472,0.6002146287838138,0.00011135857461024499,0.5,-0.773586687848102,0.7029168953498068,0.7587427241981765,0.40899252494137334,0.18167339535359747,0.09225674064909396
2021-01-04 07:30:00,0.23500697350069735,-0.17928286852589637,-0.4957557706626955,-0.37011247991430096,0.6002146287838138,0.00011135857461024499,0.5,-0.773586687848102,0.7029168953498068,0.7587427241981765,0.40899252494137334,0.18167339535359747,0.09610422921978967
2021-01-04 07:40:00,0.2649930264993026,0.2749003984063745,-0.483246463142219,-0.35761471165863234,0.6002146287838138,0.00011135857461024499,0.5,-0.773586687848102,0.7029168953498068,0.7587427241981765,0.40899252494137334,0.18167339535359747,0.09399188255352536
2021-01-04 07:50:00,0.2482566248256625,0.47410358565737054,-0.48145941921072233,-0.3551151580074986,0.6002146287838138,0.00011135857461024499,0.5,-0.773586687848102,0.7029168953498068,0.7587427241981765,0.40899252494137334,0.18167339535359747,0.06989604236763886
2021-01-04 08:00:00,0.22384937238493724,0.2669322709163344,-0.480565897244974,-0.3469023388680593,0.6066011438143722,0.00011135857461024499,0.5,-0.7774626837296625,0.7121322272253171,0.7731661821733076,0.4053386812602933,0.18276809669331523,0.06368725198786909
2021-01-04 08:10:00,0.18758716875871687,0.33864541832669315,-0.4927773641102011,-0.34475986430994454,0.6310740600175367,0.00011135857461024499,0.5,-0.7774626837296625,0.7121322272253171,0.7731661821733076,0.4053386812602933,0.18276809669331523,0.0659278482731566
2021-01-04 08:20:00,0.16945606694560672,-0.36254980079681276,-0.5100521221146688,-0.3376182824495625,0.6443967491591525,0.00011135857461024499,0.5,-0.7774626837296625,0.7121322272253171,0.7731661821733076,0.4053386812602933,0.18276809669331523,0.06027732094089956
2021-01-04 08:30:00,0.26569037656903766,0.1394422310756971,-0.5154132539091587,-0.33654704517050527,0.6443967491591525,0.00011135857461024499,0.5,-0.7774626837296625,0.7121322272253171,0.7731661821733076,0.4053386812602933,0.18276809669331523,0.1474568854957225
2021-01-04 08:40:00,0.24407252440725244,-0.13147410358565736,-0.5091586001489204,-0.3469023388680593,0.6443967491591525,0.00011135857461024499,0.5,-0.7774626837296625,0.7121322272253171,0.7731661821733076,0.4053386812602933,0.18276809669331523,0.13982226111622434
2021-01-04 08:50:00,0.2733612273361227,-0.11553784860557781,-0.5049888309754282,-0.3469023388680593,0.6382196280640221,0.00011135857461024499,0.5,-0.7774626837296625,0.7121322272253171,0.7731661821733076,0.4053386812602933,0.18276809669331523,0.1966292982482611
2021-01-04 09:00:00,0.40446304044630405,-0.0916334661354582,-0.5297096053611319,-0.38439564363506507,0.6403397416602321,0.00011135857461024499,0.5,-0.7917513473814323,0.7315686178726316,0.8078811680646022,0.3944854591303261,0.18852366920764574,0.3887924921164205
2021-01-04 09:10:00,0.45397489539748953,-0.11553784860557781,-0.5818317200297841,-0.4497411176575611,0.6331679993718182,0.00011135857461024499,0.5,-0.7917513473814323,0.7315686178726316,0.8078811680646022,0.3944854591303261,0.18852366920764574,0.42467975315720385
2021-01-04 09:20:00,0.4260808926080893,-0.3466135458167332,-0.6250186150409531,-0.5290126763078021,0.6325659918074623,0.00011135857461024499,0.5,-0.7917513473814323,0.7315686178726316,0.8078811680646022,0.3944854591303261,0.18852366920764574,0.3971287173529279
2021-01-04 09:30:00,0.4198047419804742,0.298804780876494,-0.6351451973194342,-0.5679342974468845,0.6250932457368703,0.00011135857461024499,0.5,-0.7917513473814323,0.7315686178726316,0.8078811680646022,0.3944854591303261,0.18852366920764574,0.36244096745477317
2021-01-04 09:40:00,0.398186889818689,-0.2270916334661356,-0.6369322412509308,-0.5772183538653812,0.6331679993718182,0.00011135857461024499,0.5,-0.7917513473814323,0.7315686178726316,0.8078811680646022,0.3944854591303261,0.18852366920764574,0.3110807670836037
2021-01-04 09:50:00,0.40446304044630405,-0.4422310756972112,-0.6381236038719286,-0.5582931619353686,0.6331679993718182,0.00011135857461024499,0.5,-0.7917513473814323,0.7315686178726316,0.8078811680646022,0.3944854591303261,0.18852366920764574,0.3232871131765167
2021-01-04 10:00:00,0.3933054393305439,-0.07569721115537853,-0.6366344005956814,-0.556150687377254,0.6331679993718182,0.00011135857461024499,0.5,-0.6915638363123757,0.7479332312281093,0.6701360474599322,0.3774389651803202,0.19650125044534142,0.3131553932736847
2021-01-04 10:10:00,0.37796373779637377,-0.13147410358565736,-0.6297840655249443,-0.5597214783074451,0.6303542683645025,0.00011135857461024499,0.5,-0.6915638363123757,0.7479332312281093,0.6701360474599322,0.3774389651803202,0.19650125044534142,0.28236794061288234
2021-01-04 10:20:00,0.36262203626220363,0.21912350597609564,-0.6190618019359644,-0.5593643992144259,0.6220046851893052,0.00011135857461024499,0.5,-0.6915638363123757,0.7479332312281093,0.6701360474599322,0.3774389651803202,0.19650125044534142,0.268577334520271
2021-01-04 10:30:00,0.33403068340306835,0.17928286852589648,-0.6065524944154879,-0.5582931619353686,0.6220046851893052,0.00011135857461024499,0.5,-0.6915638363123757,0.7479332312281093,0.6701360474599322,0.3774389651803202,0.19650125044534142,0.22123813691024036
2021-01-04 10:40:00,0.2691771269177127,0.3784860557768923,-0.5958302308265079,-0.5575790037493304,0.6272264464540446,0.00011135857461024499,0.5,-0.6915638363123757,0.7479332312281093,0.6701360474599322,0.3774389651803202,0.19650125044534142,0.13713656321197398
2021-01-04 10:50:00,0.296373779637378,-0.4900398406374503,-0.5892777364110202,-0.552579896447063,0.63578542356467,0.00011135857461024499,0.5,-0.6915638363123757,0.7479332312281093,0.6701360474599322,0.3774389651803202,0.19650125044534142,0.15893899844591639
2021-01-04 11:00:00,0.2629009762900976,-0.3227091633466136,-0.5377513030528668,-0.46295304409926796,0.6316498933399641,0.00011135857461024499,0.5,-0.677067549678593,0.7478240380222242,0.6161908410528262,0.4129005962218893,0.22453270575839826,0.12422107216681504
2021-01-04 11:10:00,0.34658298465829845,-0.06772908366533881,-0.5121370067014148,-0.407962863774326,0.6350787190325999,0.00011135857461024499,0.5,-0.677067549678593,0.7478240380222242,0.6161908410528262,0.4129005962218893,0.22453270575839826,0.22817870452796596
2021-01-04 11:20:00,0.29358437935843795,-0.38645418326693237,-0.5368577810871185,-0.4643813604713444,0.6342018819279946,0.0027839643652561247,0.5,-0.677067549678593,0.7478240380222242,0.6161908410528262,0.4129005962218893,0.22453270575839826,0.15932374730298596
2021-01-04 11:30:00,0.3716875871687587,0.12350597609561742,-0.5017125837676844,-0.42474558114622385,0.632605253170355,0.01180400890868597,0.5,-0.677067549678593,0.7478240380222242,0.6161908410528262,0.4129005962218893,0.22453270575839826,0.25311948338035817
2021-01-04 11:40:00,0.4198047419804742,-0.11553784860557781,-0.5335815338793746,-0.46830923049455453,0.6356022038711703,0.018485523385300667,0.5,-0.677067549678593,0.7478240380222242,0.6161908410528262,0.4129005962218893,0.22453270575839826,0.360170194788539
2021-01-04 11:50:00,0.401673640167364,0.13147410358565725,-0.5157110945644081,-0.4558114622388859,0.6311002342594653,0.01180400890868597,0.5,-0.677067549678593,0.7478240380222242,0.6161908410528262,0.4129005962218893,0.22453270575839826,0.32906589012779697
2021-01-04 12:00:00,0.38633193863319387,-0.03585657370517936,-0.536559940431869,-0.5004463488662738,0.6375390977738807,0.013474387527839644,0.5,-0.6813771357233935,0.7472378429169552,0.6322905281136133,0.4659614402219673,0.25538837487764404,0.31047723946467104
2021-01-04 12:10:00,0.37866108786610875,0.22709163346613526,-0.5425167535368578,-0.5357971790751651,0.6456923741346141,0.00913140311804009,0.5,-0.6813771357233935,0.7472378429169552,0.6322905281136133,0.4659614402219673,0.25538837487764404,0.2910210178493293
2021-01-04 12:20:00,0.44002789400278935,-0.10756972111553798,-0.5428145941921073,-0.5425816818425281,0.6454960673201503,0.0017817371937639199,0.5,-0.6813771357233935,0.7472378429169552,0.6322905281136133,0.4659614402219673,0.25538837487764404,0.3768879098329737
2021-01-04 12:30:00,0.4330543933054393,-0.06772908366533881,-0.5407297096053612,-0.5468666309587573,0.6391749878944131,0.0020044543429844097,0.5,-0.6813771357233935,0.7472378429169552,0.6322905281136133,0.4659614402219673,0.25538837487764404,0.37810250916607574
2021-01-04 12:40:00,0.41143654114365413,0.11553784860557759,-0.5329858525688758,-0.552222817354044,0.6410595333132665,0.00033407572383073496,0.5,-0.6813771357233935,0.7472378429169552,0.6322905281136133,0.4659614402219673,0.25538837487764404,0.34644748555305765
2021-01-04 12:50:00,0.43654114365411434,-0.059760956175298974,-0.5303052866716307,-0.552579896447063,0.646595385481148,0.00033407572383073496,0.5,-0.6813771357233935,0.7472378429169552,0.6322905281136133,0.4659614402219673,0.25538837487764404,0.39175732154442716
2021-01-04 13:00:00,0.41283124128312415,-0.08366533864541836,-0.5258376768428892,-0.5343688627030887,0.6352357644841711,0.011135857461024499,0.5,-0.5646128390049707,0.7328128457186237,0.5168876466177342,0.42785811138977453,0.27443088472912874,0.3418304992682228
2021-01-04 13:10:00,0.3898186889818689,0.09960159362549792,-0.5172002978406554,-0.5229423317264774,0.6416877151195509,0.018151447661469932,0.5,-0.5646128390049707,0.7328128457186237,0.5168876466177342,0.42785811138977453,0.27443088472912874,0.2719042805196373
2021-01-04 13:20:00,0.40027894002789405,0.01195219123505975,-0.5133283693224125,-0.525084806284592,0.6381934538220936,0.005233853006681514,0.5,-0.5646128390049707,0.7328128457186237,0.5168876466177342,0.42785811138977453,0.27443088472912874,0.3253768275570711
2021-01-04 13:30:00,0.4065550906555091,-0.07569721115537853,-0.5067758749069249,-0.5307980717728977,0.6428655560063342,0.00011135857461024499,0.5,-0.5646128390049707,0.7328128457186237,0.5168876466177342,0.42785811138977453,0.27443088472912874,0.3335848031745553
2021-01-04 13:40:00,0.399581589958159,-0.01195219123505975,-0.5032017870439316,-0.5311551508659168,0.635432071298635,0.00011135857461024499,0.5,-0.5646128390049707,0.7328128457186237,0.5168876466177342,0.42785811138977453,0.27443088472912874,0.3280851577470314
2021-01-04 13:50:00,0.37308228730822873,-0.043824701195219196,-0.49724497393894274,-0.5311551508659168,0.6420148931436573,0.00011135857461024499,0.5,-0.5646128390049707,0.7328128457186237,0.5168876466177342,0.42785811138977453,0.27443088472912874,0.27921450880395915
2021-01-04 14:00:00,0.3584379358437936,0.07569721115537842,-0.49069247952345507,-0.5372254954472415,0.6448024499090446,0.00011135857461024499,0.5,-0.5656591921281373,0.7235888933268598,0.5148005397716356,0.3362872648065145,0.2894266644760839,0.2630399686165638
2021-01-04 14:10:00,0.3451882845188285,-0.059760956175298974,-0.4802680565897246,-0.5297268344938404,0.640941749224588,0.00011135857461024499,0.5,-0.5656591921281373,0.7235888933268598,0.5148005397716356,0.3362872648065145,0.2894266644760839,0.24028697738280247
2021-01-04 14:20:00,0.3814504881450488,-0.059760956175298974,-0.4498883097542815,-0.45224067130869483,0.6439517870463676,0.00011135857461024499,0.5,-0.5656591921281373,0.7235888933268598,0.5148005397716356,0.3362872648065145,0.2894266644760839,0.276989000709145
2021-01-04 14:30:00,0.3765690376569038,0.043824701195219085,-0.4612062546537603,-0.48259239421531863,0.6569734724058054,0.00011135857461024499,0.5,-0.5656591921281373,0.7235888933268598,0.5148005397716356,0.3362872648065145,0.2894266644760839,0.287143352897687
2021-01-04 14:40:00,0.3814504881450488,-0.14741035856573714,-0.457632166790767,-0.4972326370291019,0.653309078535813,0.00011135857461024499,0.5,-0.5656591921281373,0.7235888933268598,0.5148005397716356,0.3362872648065145,0.2894266644760839,0.2743033028048946
2021-01-04 14:50:00,0.34449093444909346,0.21912350597609564,-0.43618763961280715,-0.4461703267273701,0.6486762377144651,0.00011135857461024499,0.5,-0.5656591921281373,0.7235888933268598,0.5148005397716356,0.3362872648065145,0.2894266644760839,0.2368166935739397
2021-01-04 15:00:00,0.3723849372384937,0.13147410358565725,-0.448101265822785,-0.4818782360292805,0.660088207195299,0.00011135857461024499,0.5,-0.5686455610539978,0.7067731396207549,0.5120641446127395,0.24599007860664393,0.2983870324804633,0.2887955097545152
2021-01-04 15:10:00,0.33472803347280333,-0.08366533864541836,-0.4522710349962771,-0.5029459025174077,0.6656240593631807,0.00011135857461024499,0.5,-0.5686455610539978,0.7067731396207549,0.5120641446127395,0.24599007860664393,0.2983870324804633,0.2232976749098481
2021-01-04 15:20:00,0.29428172942817293,0.22709163346613526,-0.4424422933730455,-0.504731297982503,0.6622737563963303,0.00011135857461024499,0.5,-0.5686455610539978,0.7067731396207549,0.5120641446127395,0.24599007860664393,0.2983870324804633,0.16458198168293678
2021-01-04 15:30:00,0.30474198047419804,0.03585657370517925,-0.4061057334326137,-0.41224781289055523,0.6545392679064532,0.00011135857461024499,0.5,-0.5686455610539978,0.7067731396207549,0.5120641446127395,0.24599007860664393,0.2983870324804633,0.16435565882583703
2021-01-04 15:40:00,0.31729428172942814,-0.29083665338645437,-0.3763216679076695,-0.3458311015890019,0.6622475821544018,0.00011135857461024499,0.5,-0.5686455610539978,0.7067731396207549,0.5120641446127395,0.24599007860664393,0.2983870324804633,0.1803038761561326
2021-01-04 15:50:00,0.2796373779637378,-0.09960159362549814,-0.36589724497393905,-0.33654704517050527,0.6622475821544018,0.00011135857461024499,0.5,-0.5686455610539978,0.7067731396207549,0.5120641446127395,0.24599007860664393,0.2983870324804633,0.1389396019735353
2021-01-04 16:00:00,0.2838214783821479,0.38645418326693215,-0.34713328369322427,-0.30655240135690043,0.6643415215086833,0.00033407572383073496,0.5,-0.5257164994064818,0.7180344073538759,0.4691776370394634,0.1649124129044203,0.3266670783820439,0.13428489521251716
2021-01-04 16:10:00,0.296373779637378,0.05179282868525892,-0.33104988830975446,-0.2783431530083913,0.6761461046184449,0.00033407572383073496,0.5,-0.5257164994064818,0.7180344073538759,0.4691776370394634,0.1649124129044203,0.3266670783820439,0.15803370701751737
2021-01-04 16:20:00,0.2831241283124128,-0.21115537848605592,-0.3364110201042444,-0.287627209426888,0.6697595895878865,0.00033407572383073496,0.5,-0.5257164994064818,0.7180344073538759,0.4691776370394634,0.1649124129044203,0.3266670783820439,0.1420553133062752
2021-01-04 16:30:00,0.2796373779637378,0.03585657370517925,-0.3173492181682801,-0.26334583110158893,0.6740390781431992,0.00033407572383073496,0.5,-0.5257164994064818,0.7180344073538759,0.4691776370394634,0.1649124129044203,0.3266670783820439,0.12287822321468986
2021-01-04 16:40:00,0.28521617852161785,-0.12350597609561753,-0.3096053611317946,-0.2497768255668631,0.6691837562654592,0.00033407572383073496,0.5,-0.5257164994064818,0.7180344073538759,0.4691776370394634,0.1649124129044203,0.3266670783820439,0.1372421805452872
2021-01-04 16:50:00,0.2684797768479777,0.09960159362549792,-0.3218168279970217,-0.2704874129619711,0.6517386240201019,0.00033407572383073496,0.5,-0.5257164994064818,0.7180344073538759,0.4691776370394634,0.1649124129044203,0.3266670783820439,0.11856300073932133
2021-01-04 17:00:00,0.24407252440725244,0.2350597609561753,-0.305137751303053,-0.2433494018925193,0.6569603852848412,0.00033407572383073496,0.5,-0.5224308532087174,0.7340628205754488,0.46599587067850756,0.11016600014051553,0.4197297833587802,0.09433136683917498
2021-01-04 17:10:00,0.2622036262203626,-0.2509960159362551,-0.2970960536113181,-0.2272808427066595,0.6730444569499155,0.00033407572383073496,0.5,-0.5224308532087174,0.7340628205754488,0.46599587067850756,0.11016600014051553,0.4197297833587802,0.12069043559605896
2021-01-04 17:20:00,0.2712691771269177,0.2111553784860556,-0.2932241250930754,-0.22121049812533466,0.6694847600476372,0.00033407572383073496,0.5,-0.5224308532087174,0.7340628205754488,0.46599587067850756,0.11016600014051553,0.4197297833587802,0.1319462256891531
2021-01-04 17:30:00,0.2510460251046025,0.13147410358565725,-0.31526433358153394,-0.2622745938225317,0.6735417675465574,0.00033407572383073496,0.5,-0.5224308532087174,0.7340628205754488,0.46599587067850756,0.11016600014051553,0.4197297833587802,0.10699035864628754
2021-01-04 17:40:00,0.22873082287308227,0.03585657370517925,-0.29947877885331353,-0.23549366184609888,0.6735417675465574,0.00033407572383073496,0.5,-0.5224308532087174,0.7340628205754488,0.46599587067850756,0.11016600014051553,0.4197297833587802,0.09392398569639543
2021-01-04 17:50:00,0.24755927475592746,-0.14741035856573714,-0.2941176470588236,-0.2208534190323156,0.6735417675465574,0.00033407572383073496,0.5,-0.5224308532087174,0.7340628205754488,0.46599587067850756,0.11016600014051553,0.4197297833587802,0.11121505197881618
2021-01-04 18:00:00,0.25523012552301255,-0.1394422310756973,-0.289650037230082,-0.21406891626495272,0.6735417675465574,0.00033407572383073496,0.5,-0.6488566394160808,0.738292620550737,0.5711405040886776,0.05925040492891971,0.4272693734675745,0.11313879626416404
2021-01-04 18:10:00,0.2545327754532775,-0.33067729083665354,-0.29203276247207755,-0.21371183717193354,0.6721152713614532,0.00033407572383073496,0.5,-0.6488566394160808,0.738292620550737,0.5711405040886776,0.05925040492891971,0.4272693734675745,0.12211626959578738
2021-01-04 18:20:00,0.23291492329149233,0.05179282868525892,-0.30037230081906185,-0.21978218175325825,0.6717095706115611,0.00033407572383073496,0.5,-0.6488566394160808,0.738292620550737,0.5711405040886776,0.05925040492891971,0.4272693734675745,0.09860132474312355
2021-01-04 18:30:00,0.21478382147838215,-0.059760956175298974,-0.32330603127326885,-0.23477950366006073,0.6736726387562,0.00033407572383073496,0.5,-0.6488566394160808,0.738292620550737,0.5711405040886776,0.05925040492891971,0.4272693734675745,0.0849087918885888
2021-01-04 18:40:00,0.25174337517433754,-0.38645418326693237,-0.34355919583023087,-0.2576325656132833,0.6736726387562,0.00033407572383073496,0.5,-0.6488566394160808,0.738292620550737,0.5711405040886776,0.05925040492891971,0.4272693734675745,0.11696365254914978
2021-01-04 18:50:00,0.2601115760111576,-0.043824701195219196,-0.33075204765450494,-0.24192108552044278,0.6736726387562,0.00033407572383073496,0.5,-0.6488566394160808,0.738292620550737,0.5711405040886776,0.05925040492891971,0.4272693734675745,0.12271225311948337
2021-01-04 19:00:00,0.2398884239888424,-0.19521912350597614,-0.3298585256887566,-0.24120692733440452,0.6736726387562,0.00033407572383073496,0.5,-0.652615599306656,0.7630967193188672,0.6060123590508572,0.09681702602851974,0.42077884118311604,0.09848816331457369
2021-01-04 19:10:00,0.2496513249651325,-0.07569721115537853,-0.33432613551749824,-0.2351365827530797,0.6736726387562,0.00033407572383073496,0.5,-0.652615599306656,0.7630967193188672,0.6060123590508572,0.09681702602851974,0.42077884118311604,0.11672978559681337
2021-01-04 19:20:00,0.23640167364016737,-0.17131474103585675,-0.36976917349218186,-0.26584538475272257,0.6667757260080355,0.00033407572383073496,0.5,-0.652615599306656,0.7630967193188672,0.6060123590508572,0.09681702602851974,0.42077884118311604,0.09986873274288215
2021-01-04 19:30:00,0.2510460251046025,-0.003984063745020028,-0.3667907669396874,-0.2719157293340474,0.6598002905340854,0.00033407572383073496,0.5,-0.652615599306656,0.7630967193188672,0.6060123590508572,0.09681702602851974,0.42077884118311604,0.1128219442642244
2021-01-04 19:40:00,0.27405857740585776,0.03585657370517925,-0.355770662695458,-0.2558471701481878,0.6598002905340854,0.00033407572383073496,0.5,-0.652615599306656,0.7630967193188672,0.6060123590508572,0.09681702602851974,0.42077884118311604,0.13152375635590025
2021-01-04 19:50:00,0.29288702928870297,-0.1872509960159363,-0.3947877885331348,-0.2922692376361363,0.6559265027286648,0.00033407572383073496,0.5,-0.652615599306656,0.7630967193188672,0.6060123590508572,0.09681702602851974,0.42077884118311604,0.15310741282797954
2021-01-04 20:00:00,0.31659693165969316,0.2749003984063745,-0.37721518987341784,-0.291198000357079,0.6521181505280653,0.00033407572383073496,0.5,-0.6632725451042167,0.7802141910938581,0.6357572458102834,0.09449054514692624,0.41372757063875854,0.17307663291941397
2021-01-04 20:10:00,0.300557880055788,-0.23505976095617542,-0.41980640357408805,-0.3247634351008748,0.6520396278022798,0.00033407572383073496,0.5,-0.6632725451042167,0.7802141910938581,0.6357572458102834,0.09449054514692624,0.41372757063875854,0.1631335153974984
2021-01-04 20:20:00,0.2112970711297071,0.05179282868525892,-0.3956813104988832,-0.3019103731476521,0.6459148551910064,0.00033407572383073496,0.5,-0.6632725451042167,0.7802141910938581,0.6357572458102834,0.09449054514692624,0.41372757063875854,0.08177044827013896
2021-01-04 20:30:00,0.24407252440725244,0.15537848605577675,-0.38108711839166054,-0.27441528298518114,0.6459148551910064,0.00033407572383073496,0.5,-0.6632725451042167,0.7802141910938581,0.6357572458102834,0.09449054514692624,0.41372757063875854,0.09694162379105874
2021-01-04 20:40:00,0.2510460251046025,-0.4342629482071714,-0.38108711839166054,-0.26441706838064627,0.6459148551910064,0.00033407572383073496,0.5,-0.6632725451042167,0.7802141910938581,0.6357572458102834,0.09449054514692624,0.41372757063875854,0.1271783574995851
2021-01-04 20:50:00,0.26569037656903766,0.05179282868525892,-0.37781087118391665,-0.26334583110158893,0.6459148551910064,0.00033407572383073496,0.5,-0.6632725451042167,0.7802141910938581,0.6357572458102834,0.09449054514692624,0.41372757063875854,0.11816316369177844
2021-01-04 21:00:00,0.2649930264993026,0.06772908366533859,-0.41593447505584524,-0.2976254240314229,0.6459148551910064,0.00033407572383073496,0.5,-0.6817028619952552,0.7955328484771861,0.6650192243870662,0.045444222549938636,0.40922436342175383,0.1281666339755873
2021-01-04 21:10:00,0.21478382147838215,-0.33067729083665354,-0.4078927773641102,-0.29548294947330833,0.6443705749172239,0.00033407572383073496,0.5,-0.6817028619952552,0.7955328484771861,0.6650192243870662,0.045444222549938636,0.40922436342175383,0.09160794845874135
2021-01-04 21:20:00,0.20223152022315202,0.13147410358565725,-0.39359642591213706,-0.2687020174968755,0.6320163327269634,0.00033407572383073496,0.5,-0.6817028619952552,0.7955328484771861,0.6650192243870662,0.045444222549938636,0.40922436342175383,0.07157837560541364
2021-01-04 21:30:00,0.22873082287308227,-0.3466135458167332,-0.3909158600148921,-0.2576325656132833,0.631793851670571,0.00033407572383073496,0.5,-0.6817028619952552,0.7955328484771861,0.6650192243870662,0.045444222549938636,0.40922436342175383,0.09292816512515654
2021-01-04 21:40:00,0.20013947001394702,0.4183266932270917,-0.38972449739389436,-0.25513301196214966,0.6182486814725628,0.00033407572383073496,0.5,-0.6817028619952552,0.7955328484771861,0.6650192243870662,0.045444222549938636,0.40922436342175383,0.061612625797788076
2021-01-04 21:50:00,0.18410041841004185,0.13147410358565725,-0.3867460908413999,-0.24656311372969109,0.6182355943515986,0.00022271714922048998,0.5,-0.6817028619952552,0.7955328484771861,0.6650192243870662,0.045444222549938636,0.40922436342175383,0.055026630656185405
2021-01-04 22:00:00,0.17503486750348674,-0.4103585657370519,-0.3918093819806404,-0.2365648991251561,0.6182355943515986,0.00033407572383073496,0.5,-0.6918142179551021,0.8049320846994478,0.6261930514230003,0.04940262944861307,0.9941427099775746,0.04994945456191439
2021-01-04 22:10:00,0.17364016736401675,-0.5697211155378487,-0.39657483246463154,-0.22763792179967846,0.6182355943515986,0.00033407572383073496,0.5,-0.6918142179551021,0.8049320846994478,0.6261930514230003,0.04940262944861307,0.9941427099775746,0.05148090589495601
2021-01-04 22:20:00,0.14714086471408647,-0.40239043824701204,-0.40104244229337316,-0.22299589359043037,0.6088259543782963,0.00033407572383073496,0.5,-0.6918142179551021,0.8049320846994478,0.6261930514230003,0.04940262944861307,0.9941427099775746,0.03428791285061183
2021-01-04 22:30:00,0.14295676429567641,-0.26693227091633476,-0.39776619508562927,-0.2158543117300481,0.6017327348156678,0.00033407572383073496,0.5,-0.6918142179551021,0.8049320846994478,0.6261930514230003,0.04940262944861307,0.9941427099775746,0.034710382183864685
2021-01-04 22:40:00,0.1680613668061367,-0.38645418326693237,-0.398957557706627,-0.2126405998928762,0.6017327348156678,0.00044543429844097997,0.5,-0.6918142179551021,0.8049320846994478,0.6261930514230003,0.04940262944861307,0.9941427099775746,0.044419632753443884
2021-01-04 22:50:00,0.15620641562064158,0.10756972111553775,-0.3938942665673866,-0.21335475807891446,0.6017327348156678,0.00033407572383073496,0.5,-0.6918142179551021,0.8049320846994478,0.6261930514230003,0.04940262944861307,0.9941427099775746,0.03174555275585799
2021-01-04 23:00:00,0.14295676429567641,0.4422310756972112,-0.3903201787043933,-0.20764149259060882,0.6017327348156678,0.00044543429844097997,0.5,-0.7336480975564527,0.8014436491220026,0.6531585530356321,0.14818038547614887,0.9778512322005923,0.02278316761470797
2021-01-04 23:10:00,0.13458856345885634,0.4661354581673305,-0.3882352941176471,-0.2029994643813604,0.609270916491081,0.000556792873051225,0.5,-0.7336480975564527,0.8014436491220026,0.6531585530356321,0.14818038547614887,0.9778512322005923,0.020097469710457627
2021-01-04 23:20:00,0.1499302649930265,-0.2749003984063746,-0.39746835443037987,-0.1983574361721121,0.608302469539726,0.000556792873051225,0.5,-0.7336480975564527,0.8014436491220026,0.6531585530356321,0.14818038547614887,0.9778512322005923,0.03735835961193174
2021-01-04 23:30:00,0.12761506276150628,0.585657370517928,-0.39270290394638885,-0.20264238528834144,0.6055410870162673,0.000556792873051225,0.5,-0.7336480975564527,0.8014436491220026,0.6531585530356321,0.14818038547614887,0.9778512322005923,0.011610362569217075
2021-01-04 23:40:00,0.11436541143654114,-0.23505976095617542,-0.3980640357408788,-0.19442956614890183,0.6182355943515986,0.000556792873051225,0.5,-0.7336480975564527,0.8014436491220026,0.6531585530356321,0.14818038547614887,0.9778512322005923,0.00814762285559093
2021-01-04 23:50:00,0.11506276150627615,-0.6812749003984064,-0.4034251675353687,-0.18585966791644348,0.6182355943515986,0.000556792873051225,0.5,-0.7336480975564527,0.8014436491220026,0.6531585530356321,0.14818038547614887,0.9778512322005923,0.011821597235843506
2021-01-05 00:00:00,0.09135285913528592,-0.19521912350597614,-0.40878629932985866,-0.1837171933583288,0.6182355943515986,0.000556792873051225,0.5,-0.7913706885711971,0.8014695106707637,0.635775380229957,0.20524264712815724,0.9780481372272445,0.0
2021-01-05 00:10:00,0.09135285913528592,0.19521912350597592,-0.4302308265078184,-0.19800035707909291,0.6228684351729463,0.9217149220489977,0.5,-0.7913706885711971,0.8014695106707637,0.635775380229957,0.20524264712815724,0.9780481372272445,0.0
2021-01-05 00:20:00,0.10669456066945607,0.10048694112439116,-0.4498883097542815,-0.225495447241564,0.6230254806245175,0.9962138084632516,0.5,-0.7913706885711971,0.8014695106707637,0.635775380229957,0.20524264712815724,0.9780481372272445,0.0
2021-01-05 00:30:00,0.11297071129707113,0.005754758742806398,-0.4534623976172749,-0.25691840742724503,0.6230254806245175,0.9962138084632516,0.5,-0.7913706885711971,0.8014695106707637,0.635775380229957,0.20524264712815724,0.9780481372272445,0.0
2021-01-05 00:40:00,0.12203626220362622,-0.08897742363877836,-0.4338049143708117,-0.31619353686841634,0.6230254806245175,0.9962138084632516,0.5,-0.7913706885711971,0.8014695106707637,0.635775380229957,0.20524264712815724,0.9780481372272445,0.0
2021-01-05 00:50:00,0.1206415620641562,-0.18370960602036313,-0.40967982129560687,-0.3565434743795751,0.6230254806245175,0.9962138084632516,0.5,-0.7913706885711971,0.8014695106707637,0.635775380229957,0.20524264712815724,0.9780481372272445,0.0
2021-01-05 01:00:00,0.11576011157601115,-0.278441788401948,-0.41176470588235303,-0.360114265309766,0.6230254806245175,0.9962138084632516,0.5,-0.8500500463107648,0.8047338128256055,0.6135347192341645,0.25705142924182484,0.9744109900184078,0.0
2021-01-05 01:10:00,0.11506276150627615,-0.37317397078353265,-0.40848845867460915,-0.3665416889841099,0.6230254806245175,0.9962138084632516,0.5,-0.8500500463107648,0.8047338128256055,0.6135347192341645,0.25705142924182484,0.9744109900184078,0.0
2021-01-05 01:20:00,0.11297071129707113,-0.4679061531651174,-0.4269545793000745,-0.3711837171933583,0.6230254806245175,0.9962138084632516,0.5,-0.8500500463107648,0.8047338128256055,0.6135347192341645,0.25705142924182484,0.9744109900184078,0.0
2021-01-05 01:30:00,0.10529986052998605,-0.5626383355467022,-0.4335070737155622,-0.3761828244956258,0.6230254806245175,0.9962138084632516,0.5,-0.8500500463107648,0.8047338128256055,0.6135347192341645,0.25705142924182484,0.9744109900184078,0.0
2021-01-05 01:40:00,0.099721059972106,-0.6573705179282869,-0.43112434847356673,-0.3826102481699697,0.6230254806245175,0.9962138084632516,0.5,-0.8500500463107648,0.8047338128256055,0.6135347192341645,0.25705142924182484,0.9744109900184078,0.0
2021-01-05 01:50:00,0.11924686192468618,-0.6679946879150067,-0.43112434847356673,-0.3886805927512945,0.6230254806245175,0.9962138084632516,0.5,-0.8500500463107648,0.8047338128256055,0.6135347192341645,0.25705142924182484,0.9744109900184078,0.0
2021-01-05 02:00:00,0.12761506276150628,-0.6786188579017265,-0.4388682055100521,-0.39725049098375276,0.6230254806245175,0.9962138084632516,0.5,-0.8720794950875902,0.8083860382118783,0.6085222641850158,0.2981762693667713,0.9707222000399713,0.0
2021-01-05 02:10:00,0.10599721059972106,-0.6892430278884463,-0.4492926284437827,-0.40260667737903943,0.6230254806245175,0.9962138084632516,0.5,-0.8720794950875902,0.8083860382118783,0.6085222641850158,0.2981762693667713,0.9707222000399713,0.0
2021-01-05 02:20:00,0.09902370990237098,0.3784860557768923,-0.45107967237527924,-0.4083199428673451,0.6230254806245175,0.9962138084632516,0.5,-0.8720794950875902,0.8083860382118783,0.6085222641850158,0.2981762693667713,0.9707222000399713,0.0
2021-01-05 02:30:00,0.08926080892608089,-0.6414342629482073,-0.4460163812360388,-0.41510444563470794,0.6230254806245175,0.9962138084632516,0.5,-0.8720794950875902,0.8083860382118783,0.6085222641850158,0.2981762693667713,0.9707222000399713,0.0
2021-01-05 02:40:00,0.08786610878661089,-0.700398406374502,-0.43946388682055104,-0.418675236564899,0.6230254806245175,0.9962138084632516,0.5,-0.8720794950875902,0.8083860382118783,0.6085222641850158,0.2981762693667713,0.9707222000399713,0.0
2021-01-05 02:50:00,0.10181311018131102,-0.6854183266932272,-0.44035740878629936,-0.42331726477414755,0.6230254806245175,0.9962138084632516,0.5,-0.8720794950875902,0.8083860382118783,0.6085222641850158,0.2981762693667713,0.9707222000399713,0.0
2021-01-05 03:00:00,0.10529986052998605,-0.6704382470119521,-0.4445271779597916,-0.4290305302624531,0.6230254806245175,0.9962138084632516,0.5,-0.8899219971296332,0.8079119098179067,0.5950982283179236,0.33035887066102293,0.9708255708858428,0.0
2021-01-05 03:10:00,0.1087866108786611,-0.6554581673306773,-0.4457185405807893,-0.4368862703088734,0.6230254806245175,0.9962138084632516,0.5,-0.8899219971296332,0.8079119098179067,0.5950982283179236,0.33035887066102293,0.9708255708858428,0.0
2021-01-05 03:20:00,0.10320781032078104,-0.6404780876494024,-0.4531645569620254,-0.4443849312622745,0.6230254806245175,0.9962138084632516,0.5,-0.8899219971296332,0.8079119098179067,0.5950982283179236,0.33035887066102293,0.9708255708858428,0.0
2021-01-05 03:30:00,0.1087866108786611,-0.6254980079681276,-0.45852568875651534,-0.4483128012854848,0.6230254806245175,0.9962138084632516,0.5,-0.8899219971296332,0.8079119098179067,0.5950982283179236,0.33035887066102293,0.9708255708858428,0.0
2021-01-05 03:40:00,0.11715481171548117,-0.4661354581673308,-0.46269545793000755,-0.4525977504017139,0.6230254806245175,0.9962138084632516,0.5,-0.8899219971296332,0.8079119098179067,0.5950982283179236,0.33035887066102293,0.9708255708858428,0.0
2021-01-05 03:50:00,0.11854951185495119,-0.06772908366533881,-0.47043931496649305,-0.4604534904481342,0.6230254806245175,0.9962138084632516,0.5,-0.8899219971296332,0.8079119098179067,0.5950982283179236,0.33035887066102293,0.9708255708858428,0.0
2021-01-05 04:00:00,0.11785216178521618,-0.649402390438247,-0.47460908413998526,-0.4686663095875737,0.6230254806245175,0.9962138084632516,0.5,-0.9360883429951674,0.7991793268526217,0.6137694521769356,0.3614900527827432,0.9734454599300334,0.0
2021-01-05 04:10:00,0.1206415620641562,-0.49800796812749004,-0.48205510052122125,-0.47580789144795577,0.6230254806245175,0.9962138084632516,0.5,-0.9360883429951674,0.7991793268526217,0.6137694521769356,0.3614900527827432,0.9734454599300334,0.0
2021-01-05 04:20:00,0.11297071129707113,0.019920318725099362,-0.48294862248696957,-0.47937868237814674,0.6230254806245175,0.9962138084632516,0.5,-0.9360883429951674,0.7991793268526217,0.6137694521769356,0.3614900527827432,0.9734454599300334,0.0
2021-01-05 04:30:00,0.11436541143654114,-0.12350597609561753,-0.4760982874162324,-0.4811640778432422,0.6230254806245175,0.9962138084632516,0.5,-0.9360883429951674,0.7991793268526217,0.6137694521769356,0.3614900527827432,0.9734454599300334,0.0
2021-01-05 04:40:00,0.11576011157601115,-0.26693227091633476,-0.4734177215189874,-0.4847348687734333,0.6230254806245175,0.9962138084632516,0.5,-0.9360883429951674,0.7991793268526217,0.6137694521769356,0.3614900527827432,0.9734454599300334,0.0
2021-01-05 04:50:00,0.1094839609483961,-0.2749003984063746,-0.47431124348473575,-0.4883056597036244,0.6230254806245175,0.9962138084632516,0.5,-0.9360883429951674,0.7991793268526217,0.6137694521769356,0.3614900527827432,0.9734454599300334,0.0
2021-01-05 05:00:00,0.11506276150627615,0.2111553784860556,-0.47818317200297844,-0.49187645063381535,0.6230254806245175,0.9962138084632516,0.5,-0.968528925300086,0.8000902280701254,0.6055422590946968,0.3778741174853004,0.9750430029751763,0.0
2021-01-05 05:10:00,0.11924686192468618,-0.5458167330677292,-0.4802680565897246,-0.49687555793608285,0.6230254806245175,0.9962138084632516,0.5,-0.968528925300086,0.8000902280701254,0.6055422590946968,0.3778741174853004,0.9750430029751763,0.0
2021-01-05 05:20:00,0.11087866108786612,-0.5458167330677292,-0.48920327624720783,-0.5029459025174077,0.6230254806245175,0.9962138084632516,0.5,-0.968528925300086,0.8000902280701254,0.6055422590946968,0.3778741174853004,0.9750430029751763,0.0
2021-01-05 05:30:00,0.10460251046025104,-0.5458167330677292,-0.49694713328369333,-0.5097304052847705,0.6230254806245175,0.9962138084632516,0.5,-0.968528925300086,0.8000902280701254,0.6055422590946968,0.3778741174853004,0.9750430029751763,0.0
2021-01-05 05:40:00,0.08437935843793584,0.5537848605577689,-0.5046909903201788,-0.5129441171219424,0.6230254806245175,0.9962138084632516,0.5,-0.968528925300086,0.8000902280701254,0.6055422590946968,0.3778741174853004,0.9750430029751763,0.0
2021-01-05 05:50:00,0.0794979079497908,-0.06772908366533881,-0.5151154132539093,-0.5165149080521336,0.6230254806245175,0.9962138084632516,0.5,-0.968528925300086,0.8000902280701254,0.6055422590946968,0.3778741174853004,0.9750430029751763,0.0
2021-01-05 06:00:00,0.055788005578800565,-0.3745019920318726,-0.5186895011169026,-0.5243706480985538,0.6230254806245175,0.9962138084632516,0.5,-0.983604388332689,0.7982511846026107,0.6773421332189977,0.3866243114131781,0.9699885123673797,0.0
2021-01-05 06:10:00,0.05718270571827057,-0.6812749003984064,-0.5228592702903947,-0.5311551508659168,0.6230254806245175,0.9962138084632516,0.5,-0.983604388332689,0.7982511846026107,0.6773421332189977,0.3866243114131781,0.9699885123673797,0.0
2021-01-05 06:20:00,0.05788005578800558,-0.8964143426294822,-0.5213700670141475,-0.5368684163542226,0.6230254806245175,0.9962138084632516,0.5,-0.983604388332689,0.7982511846026107,0.6773421332189977,0.3866243114131781,0.9699885123673797,0.0
2021-01-05 06:30:00,0.05369595536959554,-0.07569721115537853,-0.528518242740134,-0.5404392072844135,0.6230254806245175,0.9962138084632516,0.5,-0.983604388332689,0.7982511846026107,0.6773421332189977,0.3866243114131781,0.9699885123673797,0.0
2021-01-05 06:40:00,0.048117154811715475,0.05179282868525892,-0.5323901712583768,-0.5440099982146045,0.6230254806245175,0.9962138084632516,0.5,-0.983604388332689,0.7982511846026107,0.6773421332189977,0.3866243114131781,0.9699885123673797,0.0
2021-01-05 06:50:00,0.04184100418410042,0.03674192120407249,-0.5228592702903947,-0.549009105516872,0.6230254806245175,0.9962138084632516,0.5,-0.983604388332689,0.7982511846026107,0.6773421332189977,0.3866243114131781,0.9699885123673797,0.0
2021-01-05 07:00:00,0.03626220362622037,0.021691013722886066,-0.5172002978406554,-0.5515086591680056,0.6230254806245175,0.9962138084632516,0.5,-0.9896977976621486,0.7950127439965297,0.6722514338555919,0.36898006617612034,0.9720610187864435,0.0
2021-01-05 07:10:00,0.024407252440725242,0.006640106241699861,-0.518987341772152,-0.5554365291912159,0.6230254806245175,0.9962138084632516,0.5,-0.9896977976621486,0.7950127439965297,0.6722514338555919,0.36898006617612034,0.9720610187864435,0.0
2021-01-05 07:20:00,0.018131101813110184,-0.008410801239486565,-0.521667907669397,-0.5597214783074451,0.6230254806245175,0.9962138084632516,0.5,-0.9896977976621486,0.7950127439965297,0.6722514338555919,0.36898006617612034,0.9720610187864435,0.0
2021-01-05 07:30:00,0.01882845188284519,-0.02346170872067299,-0.5279225614296352,-0.562935190144617,0.6230254806245175,0.9962138084632516,0.5,-0.9896977976621486,0.7950127439965297,0.6722514338555919,0.36898006617612034,0.9720610187864435,0.0
2021-01-05 07:40:00,0.03347280334728033,-0.03851261620185931,-0.5291139240506331,-0.5661489019817889,0.6230254806245175,0.9962138084632516,0.5,-0.9896977976621486,0.7950127439965297,0.6722514338555919,0.36898006617612034,0.9720610187864435,0.0
2021-01-05 07:50:00,0.048814504881450484,-0.05356352368304562,-0.5306031273268802,-0.5697196929119799,0.6230254806245175,0.9962138084632516,0.5,-0.9896977976621486,0.7950127439965297,0.6722514338555919,0.36898006617612034,0.9720610187864435,0.0
2021-01-05 08:00:00,0.12203626220362622,-0.06861443116423205,-0.5231571109456441,-0.5743617211212284,0.6230254806245175,0.9962138084632516,0.5,-0.992420543768759,0.8015499688224671,0.6660347518888012,0.37628219343964425,0.9738328253004715,0.0
2021-01-05 08:10:00,0.1311018131101813,-0.08366533864541836,-0.5130305286671633,-0.5772183538653812,0.6230254806245175,0.9962138084632516,0.5,-0.992420543768759,0.8015499688224671,0.6660347518888012,0.37628219343964425,0.9738328253004715,0.0
2021-01-05 08:20:00,0.12831241283124128,-0.09871624612660479,-0.5070737155621743,-0.5740046420282092,0.6230254806245175,0.9962138084632516,0.5,-0.992420543768759,0.8015499688224671,0.6660347518888012,0.37628219343964425,0.9738328253004715,0.0
2021-01-05 08:30:00,0.13668061366806136,-0.1137671536077911,-0.5067758749069249,-0.5711480092840564,0.6230254806245175,0.9962138084632516,0.5,-0.992420543768759,0.8015499688224671,0.6660347518888012,0.37628219343964425,0.9738328253004715,0.0
2021-01-05 08:40:00,0.14365411436541145,-0.12881806108897742,-0.5082650781831721,-0.5754329584002856,0.6230254806245175,0.9962138084632516,0.5,-0.992420543768759,0.8015499688224671,0.6660347518888012,0.37628219343964425,0.9738328253004715,0.0
2021-01-05 08:50:00,0.1415620641562064,-0.14386896857016396,-0.5142218912881609,-0.5811462238885913,0.6230254806245175,0.9962138084632516,0.5,-0.992420543768759,0.8015499688224671,0.6660347518888012,0.37628219343964425,0.9738328253004715,0.0
2021-01-05 09:00:00,0.16248256624825663,-0.15891987605135027,-0.5225614296351453,-0.5847170148187824,0.6230254806245175,0.9962138084632516,0.5,-0.9964085393247935,0.8052510438008453,0.6646826597030495,0.3742221090888108,0.9736916335888125,0.0
2021-01-05 09:10:00,0.1701534170153417,-0.17397078353253648,-0.5201787043931497,-0.5879307266559544,0.6230254806245175,0.9962138084632516,0.5,-0.9964085393247935,0.8052510438008453,0.6646826597030495,0.3742221090888108,0.9736916335888125,0.0
2021-01-05 09:20:00,0.1589958158995816,-0.18902169101372301,-0.5258376768428892,-0.5950723085163363,0.6230254806245175,0.9962138084632516,0.5,-0.9964085393247935,0.8052510438008453,0.6646826597030495,0.3742221090888108,0.9736916335888125,0.0
2021-01-05 09:30:00,0.199442119944212,-0.20407259849490933,-0.5368577810871185,-0.5993572576325656,0.5700749892031253,0.9962138084632516,0.5,-0.9964085393247935,0.8052510438008453,0.6646826597030495,0.3742221090888108,0.9736916335888125,0.0
2021-01-05 09:40:00,0.14435146443514643,-0.21912350597609564,-0.516306775874907,-0.5890019639350116,0.4064859771498868,0.32427616926503344,0.5,-0.9964085393247935,0.8052510438008453,0.6646826597030495,0.3742221090888108,0.9736916335888125,0.0
2021-01-05 09:50:00,0.16736401673640167,0.7051792828685257,-0.5058823529411764,-0.5393679700053562,0.40526887490021074,0.7293986636971047,0.5,-0.9964085393247935,0.8052510438008453,0.6646826597030495,0.3742221090888108,0.9736916335888125,0.0
2021-01-05 10:00:00,0.14574616457461645,0.3306772908366533,-0.5079672375279226,-0.5254418853776112,0.40526887490021074,0.3093541202672606,0.5,-0.8055351453177433,0.8096992301878996,0.465443214727888,0.3204025421655518,0.9655296554499565,0.0
2021-01-05 10:10:00,0.13458856345885634,-0.09960159362549814,-0.4909903201787045,-0.49223352972683454,0.40526887490021074,0.7419821826280624,0.5,-0.8055351453177433,0.8096992301878996,0.465443214727888,0.3204025421655518,0.9655296554499565,0.0
2021-01-05 10:20:00,0.1596931659693166,0.4820717131474104,-0.4930752047654505,-0.4875915015175861,0.40526887490021074,0.9961024498886415,0.5,-0.8055351453177433,0.8096992301878996,0.465443214727888,0.3204025421655518,0.9655296554499565,0.0
2021-01-05 10:30:00,0.1708507670850767,0.9681274900398404,-0.5037974683544304,-0.4815211569362614,0.40526887490021074,0.9961024498886415,0.5,-0.8055351453177433,0.8096992301878996,0.465443214727888,0.3204025421655518,0.9655296554499565,0.0
2021-01-05 10:40:00,0.19386331938633192,0.29880478087649376,-0.5118391660461653,-0.4811640778432422,0.41555535197811827,0.8200445434298441,0.5,-0.8055351453177433,0.8096992301878996,0.465443214727888,0.3204025421655518,0.9655296554499565,0.0020670820948443655
2021-01-05 10:50:00,0.23640167364016737,-0.3705179282868527,-0.4889054355919583,-0.46830923049455453,0.4414940257292798,0.00011135857461024499,0.5,-0.8055351453177433,0.8096992301878996,0.465443214727888,0.3204025421655518,0.9655296554499565,0.08851486941171145
2021-01-05 11:00:00,0.21617852161785217,-0.26693227091633476,-0.4579300074460164,-0.4240314229601856,0.4414940257292798,0.00011135857461024499,0.5,-0.7686663733818332,0.8014752576816008,0.39551384892658825,0.23842017156830897,0.9225938346860363,0.07541832008087271
2021-01-05 11:10:00,0.22384937238493724,0.07569721115537842,-0.4332092330603129,-0.383681485449027,0.4414940257292798,0.00011135857461024499,0.5,-0.7686663733818332,0.8014752576816008,0.39551384892658825,0.23842017156830897,0.9225938346860363,0.07985424808002776
2021-01-05 11:20:00,0.25523012552301255,-0.2589641434262948,-0.4257632166790768,-0.36047134440278517,0.4414940257292798,0.00011135857461024499,0.5,-0.7686663733818332,0.8014752576816008,0.39551384892658825,0.23842017156830897,0.9225938346860363,0.11163752131206904
2021-01-05 11:30:00,0.2482566248256625,-0.07569721115537853,-0.4305286671630679,-0.359757186216747,0.4330528327073327,0.00011135857461024499,0.5,-0.7686663733818332,0.8014752576816008,0.39551384892658825,0.23842017156830897,0.9225938346860363,0.10537592226564269
2021-01-05 11:40:00,0.2294281729428173,-0.17928286852589637,-0.42457185405807896,-0.35440099982146045,0.4346887228278651,0.00011135857461024499,0.5,-0.7686663733818332,0.8014752576816008,0.39551384892658825,0.23842017156830897,0.9225938346860363,0.10163405102826019
2021-01-05 11:50:00,0.2594142259414226,-0.38645418326693237,-0.4186150409530902,-0.34618818068202095,0.4275431547813796,0.00011135857461024499,0.5,-0.7686663733818332,0.8014752576816008,0.39551384892658825,0.23842017156830897,0.9225938346860363,0.11459480664483909
2021-01-05 12:00:00,0.22036262203626222,-0.14741035856573714,-0.41593447505584524,-0.33476164970540967,0.4149926057766552,0.00011135857461024499,0.5,-0.7313904936357303,0.7942914941366146,0.36477296404046033,0.24285668728035475,0.8275959564727581,0.06891530998687327
2021-01-05 12:10:00,0.1882845188284519,-0.019920318725099695,-0.4078927773641102,-0.318336011426531,0.39458978419337526,0.00011135857461024499,0.5,-0.7313904936357303,0.7942914941366146,0.36477296404046033,0.24285668728035475,0.8275959564727581,0.05360079665645699
2021-01-05 12:20:00,0.18688981868898188,-0.4661354581673308,-0.4069992553983619,-0.2986966613104802,0.38215701927732915,0.00011135857461024499,0.5,-0.7313904936357303,0.7942914941366146,0.36477296404046033,0.24285668728035475,0.8275959564727581,0.05783303408422228
2021-01-05 12:30:00,0.21617852161785217,-0.3227091633466136,-0.398957557706627,-0.2811997857525441,0.38032482234233295,0.00011135857461024499,0.5,-0.7313904936357303,0.7942914941366146,0.36477296404046033,0.24285668728035475,0.8275959564727581,0.08300013579371426
2021-01-05 12:40:00,0.23640167364016737,-0.49800796812749004,-0.3983618763961282,-0.2740582038921622,0.36277499312926154,0.00011135857461024499,0.5,-0.7313904936357303,0.7942914941366146,0.36477296404046033,0.24285668728035475,0.8275959564727581,0.10256951883760582
2021-01-05 12:50:00,0.21269177126917713,-0.019920318725099695,-0.3906180193596427,-0.26655954293876094,0.3515462433419272,0.00011135857461024499,0.5,-0.7313904936357303,0.7942914941366146,0.36477296404046033,0.24285668728035475,0.8275959564727581,0.08351313426980703
2021-01-05 13:00:00,0.200836820083682,0.17928286852589648,-0.38585256887565167,-0.2594179610783788,0.34650770177068746,0.00011135857461024499,0.5,-0.5626035821885164,0.7796883396023647,0.22023314269366137,0.3298811813412723,0.7735388996899438,0.07103520074837424
2021-01-05 13:10:00,0.18619246861924685,0.20318725099601576,-0.38495904690990335,-0.2508480628459203,0.352697909986782,0.00011135857461024499,0.5,-0.5626035821885164,0.7796883396023647,0.22023314269366137,0.3298811813412723,0.7735388996899438,0.061703154940627974
2021-01-05 13:20:00,0.18131101813110181,-0.21912350597609564,-0.38585256887565167,-0.23799321549723262,0.352697909986782,0.00011135857461024499,0.5,-0.5626035821885164,0.7796883396023647,0.22023314269366137,0.3298811813412723,0.7735388996899438,0.05322359189462408
2021-01-05 13:30:00,0.24058577405857742,0.1872509960159361,-0.3790022338049145,-0.23120871272986965,0.352697909986782,0.00011135857461024499,0.5,-0.5626035821885164,0.7796883396023647,0.22023314269366137,0.3298811813412723,0.7735388996899438,0.10350498664695143
2021-01-05 13:40:00,0.23570432357043236,-0.1633466135458168,-0.36947133283693234,-0.23442242456704165,0.352697909986782,0.00011135857461024499,0.5,-0.5626035821885164,0.7796883396023647,0.22023314269366137,0.3298811813412723,0.7735388996899438,0.1005099808379981
2021-01-05 13:50:00,0.22873082287308227,0.21912350597609564,-0.3691734921816828,-0.2319228709159079,0.3586525500255199,0.00011135857461024499,0.5,-0.5626035821885164,0.7796883396023647,0.22023314269366137,0.3298811813412723,0.7735388996899438,0.10257706293284247
2021-01-05 14:00:00,0.2691771269177127,0.10756972111553775,-0.36619508562918845,-0.23156579182288872,0.3652877203543992,0.00011135857461024499,0.5,-0.5462445922134544,0.7515682155818706,0.22106681874216372,0.3797210918441743,0.7658049059572983,0.12885314664212322
2021-01-05 14:10:00,0.28451882845188287,-0.02788844621513953,-0.35874906924795247,-0.23477950366006073,0.36844171650678564,0.00011135857461024499,0.5,-0.5462445922134544,0.7515682155818706,0.22106681874216372,0.3797210918441743,0.7658049059572983,0.15032364168565263
2021-01-05 14:20:00,0.24546722454672246,0.09960159362549792,-0.3563663440059569,-0.2272808427066595,0.3807174359712606,0.00022271714922048998,0.5,-0.5462445922134544,0.7515682155818706,0.22106681874216372,0.3797210918441743,0.7658049059572983,0.10310514959940853
2021-01-05 14:30:00,0.24755927475592746,-0.003984063745020028,-0.3438570364854804,-0.21621139082306728,0.38059965188258243,0.00022271714922048998,0.5,-0.5462445922134544,0.7515682155818706,0.22106681874216372,0.3797210918441743,0.7658049059572983,0.11471551216862562
2021-01-05 14:40:00,0.22384937238493724,-0.06772908366533881,-0.3361131794489949,-0.21049812533476164,0.3851539699781445,0.00022271714922048998,0.5,-0.5462445922134544,0.7515682155818706,0.22106681874216372,0.3797210918441743,0.7658049059572983,0.09048387826847926
2021-01-05 14:50:00,0.2691771269177127,0.14741035856573692,-0.33164556962025327,-0.19764327798607395,0.3817513185274372,0.00033407572383073496,0.5,-0.5462445922134544,0.7515682155818706,0.22106681874216372,0.3797210918441743,0.7658049059572983,0.12256137121475022
2021-01-05 15:00:00,0.2510460251046025,-0.15537848605577698,-0.3241995532390173,-0.19442956614890183,0.38381908363979006,0.00033407572383073496,0.5,-0.529706496147885,0.7340283385104341,0.21389560686708625,0.3987065684844716,0.7678798718205069,0.10768441540806012
2021-01-05 15:10:00,0.23430962343096234,0.10756972111553775,-0.3161578555472824,-0.1905016961256918,0.37701378073837544,0.00033407572383073496,0.5,-0.529706496147885,0.7340283385104341,0.21389560686708625,0.3987065684844716,0.7678798718205069,0.09682846236250886
2021-01-05 15:20:00,0.20711297071129708,-0.2509960159362551,-0.31169024571854065,-0.1840742724513479,0.3746973603277015,0.00033407572383073496,0.5,-0.529706496147885,0.7340283385104341,0.21389560686708625,0.3987065684844716,0.7678798718205069,0.0710804653197942
2021-01-05 15:30:00,0.21617852161785217,-0.1633466135458168,-0.3087118391660463,-0.17514729512587035,0.3589012053238408,0.00033407572383073496,0.5,-0.529706496147885,0.7340283385104341,0.21389560686708625,0.3987065684844716,0.7678798718205069,0.08570092188843792
2021-01-05 15:40:00,0.2099023709902371,0.4661354581673305,-0.31466865227103513,-0.17229066238171753,0.3597126068236249,0.00033407572383073496,0.5,-0.529706496147885,0.7340283385104341,0.21389560686708625,0.3987065684844716,0.7678798718205069,0.08669674245967682
2021-01-05 15:50:00,0.23570432357043236,-0.1633466135458168,-0.3054355919583024,-0.1740760578468129,0.3666356938137179,0.00022271714922048998,0.5,-0.529706496147885,0.7340283385104341,0.21389560686708625,0.3987065684844716,0.7678798718205069,0.08929191122108726
2021-01-05 16:00:00,0.19456066945606695,-0.36254980079681276,-0.29977661950856305,-0.17621853240492769,0.351179803954928,0.00022271714922048998,0.5,-0.48948083581508117,0.7277152471071,0.15687097309676415,0.37671068266707164,0.7683909599301666,0.05714652141768638
2021-01-05 16:10:00,0.22384937238493724,0.4820717131474104,-0.2982874162323158,-0.17336189966077487,0.35684652733245215,0.00022271714922048998,0.5,-0.48948083581508117,0.7277152471071,0.15687097309676415,0.37671068266707164,0.7683909599301666,0.08393560360305989
2021-01-05 16:20:00,0.17364016736401675,-0.45019920318725104,-0.2985852568875653,-0.17086234600964112,0.3651830233866852,0.00033407572383073496,0.5,-0.48948083581508117,0.7277152471071,0.15687097309676415,0.37671068266707164,0.7683909599301666,0.05280112256137121
2021-01-05 16:30:00,0.21338912133891214,0.14741035856573692,-0.2911392405063292,-0.16407784324227825,0.3575663189854864,0.00022271714922048998,0.5,-0.48948083581508117,0.7277152471071,0.15687097309676415,0.37671068266707164,0.7683909599301666,0.06867389893930022
2021-01-05 16:40:00,0.18898186889818688,-0.06772908366533881,-0.286969471332837,-0.16336368505623988,0.36807527711978644,0.00022271714922048998,0.5,-0.48948083581508117,0.7277152471071,0.15687097309676415,0.37671068266707164,0.7683909599301666,0.06010380675045642
2021-01-05 16:50:00,0.14225941422594143,-0.17131474103585675,-0.29233060312732695,-0.16014997321906788,0.3576841030741647,0.00022271714922048998,0.5,-0.48948083581508117,0.7277152471071,0.15687097309676415,0.37671068266707164,0.7683909599301666,0.0223984187576384
2021-01-05 17:00:00,0.1701534170153417,0.05976095617529875,-0.2935219657483248,-0.15158007498660953,0.37498527698891515,0.00022271714922048998,0.5,-0.4851244220326507,0.7220946705095035,0.1547883047449914,0.33147626062989444,0.7628525170705104,0.04296362237276884
2021-01-05 17:10:00,0.18967921896792192,-0.06772908366533881,-0.28518242740134037,-0.15550794500981968,0.3715041028124223,0.00022271714922048998,0.5,-0.4851244220326507,0.7220946705095035,0.1547883047449914,0.33147626062989444,0.7628525170705104,0.060315041417082854
2021-01-05 17:20:00,0.14783821478382148,0.2111553784860556,-0.2890543559195832,-0.15407962863774327,0.37815236026226595,0.00022271714922048998,0.5,-0.4851244220326507,0.7220946705095035,0.1547883047449914,0.33147626062989444,0.7628525170705104,0.030425336089442794
2021-01-05 17:30:00,0.1680613668061367,-0.2509960159362551,-0.2866716306775876,-0.1505088377075522,0.39863370457133135,0.00022271714922048998,0.5,-0.4851244220326507,0.7220946705095035,0.1547883047449914,0.33147626062989444,0.7628525170705104,0.03738853599287838
2021-01-05 17:40:00,0.14574616457461645,0.31474103585657365,-0.2854802680565899,-0.14765220496339948,0.38868749263849445,0.00022271714922048998,0.5,-0.4851244220326507,0.7220946705095035,0.1547883047449914,0.33147626062989444,0.7628525170705104,0.025136925328545348
2021-01-05 17:50:00,0.09274755927475593,-0.3705179282868527,-0.29173492181682814,-0.14051062310301732,0.4034366779652144,0.026057906458797325,0.5,-0.4851244220326507,0.7220946705095035,0.1547883047449914,0.33147626062989444,0.7628525170705104,0.0
2021-01-05 18:00:00,0.12412831241283125,-0.21381142098273576,-0.3054355919583024,-0.14765220496339948,0.39439347737891145,0.7600222717149221,0.5,-0.6724505482080553,0.7053909835147003,0.2853998772692912,0.21105022891905204,0.76985833527535,0.0
2021-01-05 18:10:00,0.199442119944212,-0.05710491367861903,-0.3170513775130306,-0.16050705231208717,0.4087631361976679,0.9985523385300669,0.5,-0.6724505482080553,0.7053909835147003,0.2853998772692912,0.21105022891905204,0.76985833527535,0.0
2021-01-05 18:20:00,0.2391910739191074,0.09960159362549792,-0.31973194341027555,-0.18193179789323333,0.4820771878394472,0.053452115812917596,0.5,-0.6724505482080553,0.7053909835147003,0.2853998772692912,0.21105022891905204,0.76985833527535,0.0701751738913952
2021-01-05 18:30:00,0.23430962343096234,-0.059760956175298974,-0.3012658227848103,-0.2029994643813604,0.48907879755532585,0.00011135857461024499,0.5,-0.6724505482080553,0.7053909835147003,0.2853998772692912,0.21105022891905204,0.76985833527535,0.09545543702943707
2021-01-05 18:40:00,0.28103207810320785,-0.14741035856573714,-0.30811615785554747,-0.2065702553115515,0.48907879755532585,0.00011135857461024499,0.5,-0.6724505482080553,0.7053909835147003,0.2853998772692912,0.21105022891905204,0.76985833527535,0.11897038188210088
2021-01-05 18:50:00,0.3186889818688982,-0.4820717131474104,-0.31139240506329124,-0.21906802356722022,0.48907879755532585,0.00011135857461024499,0.5,-0.6724505482080553,0.7053909835147003,0.2853998772692912,0.21105022891905204,0.76985833527535,0.16388038082592754
2021-01-05 19:00:00,0.3186889818688982,-0.29083665338645437,-0.31496649292628454,-0.225495447241564,0.48907879755532585,0.00011135857461024499,0.5,-0.7077477225676676,0.7155085960914607,0.3091834857068435,0.13185702981805153,0.7220269385626416,0.16391810130211085
2021-01-05 19:10:00,0.30613668061366806,-0.23505976095617542,-0.33909158600148936,-0.2558471701481878,0.48907879755532585,0.00011135857461024499,0.5,-0.7077477225676676,0.7155085960914607,0.3091834857068435,0.13185702981805153,0.7220269385626416,0.15378638139927878
2021-01-05 19:20:00,0.3068340306834031,-0.40239043824701204,-0.32628443782576333,-0.24084984824138556,0.48907879755532585,0.00011135857461024499,0.5,-0.7077477225676676,0.7155085960914607,0.3091834857068435,0.13185702981805153,0.7220269385626416,0.15227756235194714
2021-01-05 19:30:00,0.3263598326359832,-0.3067729083665339,-0.35338793745346253,-0.25656132833422596,0.4859378885239036,0.00011135857461024499,0.5,-0.7077477225676676,0.7155085960914607,0.3091834857068435,0.13185702981805153,0.7220269385626416,0.17011934758664393
2021-01-05 19:40:00,0.3612273361227336,0.003984063745019917,-0.37453462397617276,-0.2894126048919836,0.48749525591865045,0.00011135857461024499,0.5,-0.7077477225676676,0.7155085960914607,0.3091834857068435,0.13185702981805153,0.7220269385626416,0.21308296995941275
2021-01-05 19:50:00,0.3723849372384937,-0.07569721115537853,-0.398957557706627,-0.3215497232637029,0.4890264490714688,0.00011135857461024499,0.5,-0.7077477225676676,0.7155085960914607,0.3091834857068435,0.13185702981805153,0.7220269385626416,0.22987612595621407
2021-01-05 20:00:00,0.3396094839609484,-0.06772908366533881,-0.44780342516753546,-0.3983217282628101,0.4890264490714688,0.00011135857461024499,0.5,-0.7076703767531636,0.7228935050157056,0.31239061489251807,0.030115600180714738,0.7697263019434858,0.21138554853116465
2021-01-05 20:10:00,0.29428172942817293,-0.21912350597609564,-0.4028294862248698,-0.3586859489376897,0.47939432804177406,0.00011135857461024499,0.5,-0.7076703767531636,0.7228935050157056,0.31239061489251807,0.030115600180714738,0.7697263019434858,0.1552122153990072
2021-01-05 20:20:00,0.28103207810320785,-0.1872509960159363,-0.3724497393894267,-0.30012497768255664,0.47519336221224695,0.00011135857461024499,0.5,-0.7076703767531636,0.7228935050157056,0.31239061489251807,0.030115600180714738,0.7697263019434858,0.14124809511595274
2021-01-05 20:30:00,0.31311018131101814,0.3227091633466135,-0.3691734921816828,-0.28262810212462053,0.47519336221224695,0.00011135857461024499,0.5,-0.7076703767531636,0.7228935050157056,0.31239061489251807,0.030115600180714738,0.7697263019434858,0.1501878479713928
2021-01-05 20:40:00,0.2615062761506276,-0.043824701195219196,-0.3795979151154134,-0.30512408498482413,0.47519336221224695,0.00011135857461024499,0.5,-0.7076703767531636,0.7228935050157056,0.31239061489251807,0.030115600180714738,0.7697263019434858,0.11520587835900842
2021-01-05 20:50:00,0.20920502092050208,0.20318725099601576,-0.3596425912137007,-0.2719157293340474,0.47519336221224695,0.00011135857461024499,0.5,-0.7076703767531636,0.7228935050157056,0.31239061489251807,0.030115600180714738,0.7697263019434858,0.05664106703683027
2021-01-05 21:00:00,0.199442119944212,0.09960159362549792,-0.3524944154877142,-0.24870558828780576,0.48680163850754476,0.00011135857461024499,0.5,-0.679351602599273,0.7206061947029802,0.2864086836224759,0.12007952039689249,0.11137865540335762,0.052770946180424584
2021-01-05 21:10:00,0.16527196652719667,-0.13147410358565736,-0.3572598659717052,-0.22978039635779324,0.48901336195050443,0.00011135857461024499,0.5,-0.679351602599273,0.7206061947029802,0.2864086836224759,0.12007952039689249,0.11137865540335762,0.04254869713475263
2021-01-05 21:20:00,0.17503486750348674,-0.17928286852589637,-0.3605361131794491,-0.21406891626495272,0.48901336195050443,0.00011135857461024499,0.5,-0.679351602599273,0.7206061947029802,0.2864086836224759,0.12007952039689249,0.11137865540335762,0.03145133304162832
2021-01-05 21:30:00,0.16875871687587168,-0.08366533864541836,-0.3647058823529413,-0.2062131762185324,0.48901336195050443,0.00011135857461024499,0.5,-0.679351602599273,0.7206061947029802,0.2864086836224759,0.12007952039689249,0.11137865540335762,0.028856164280217873
2021-01-05 21:40:00,0.19107391910739194,-0.15537848605577698,-0.3667907669396874,-0.20264238528834144,0.48901336195050443,0.00011135857461024499,0.5,-0.679351602599273,0.7206061947029802,0.2864086836224759,0.12007952039689249,0.11137865540335762,0.03948579446866938
2021-01-05 21:50:00,0.2496513249651325,-0.08366533864541836,-0.3596425912137007,-0.2029994643813604,0.48901336195050443,0.00011135857461024499,0.5,-0.679351602599273,0.7206061947029802,0.2864086836224759,0.12007952039689249,0.11137865540335762,0.08260784284140803
2021-01-05 22:00:00,0.2691771269177127,-0.23505976095617542,-0.3602382725241997,-0.2129976789858954,0.48901336195050443,0.00011135857461024499,0.5,-0.8083769953068868,0.7163677742114384,0.36186790609718505,0.2782161119559344,0.12039052863074873,0.08888453007830771
2021-01-05 22:10:00,0.24895397489539747,0.09960159362549792,-0.3593447505584514,-0.22121049812533466,0.4912381725144286,0.00011135857461024499,0.5,-0.8083769953068868,0.7163677742114384,0.36186790609718505,0.2782161119559344,0.12039052863074873,0.10197353531390979
2021-01-05 22:20:00,0.33333333333333337,0.2589641434262948,-0.40848845867460915,-0.270130333868952,0.528693512714138,0.00011135857461024499,0.5,-0.8083769953068868,0.7163677742114384,0.36186790609718505,0.2782161119559344,0.12039052863074873,0.1940944822487439
2021-01-05 22:30:00,0.3284518828451883,0.4661354581673305,-0.4132539091586003,-0.3086948759150152,0.5537946107235868,0.00011135857461024499,0.5,-0.8083769953068868,0.7163677742114384,0.36186790609718505,0.2782161119559344,0.12039052863074873,0.21446353938772122
2021-01-05 22:40:00,0.3110181311018131,0.298804780876494,-0.41980640357408805,-0.3197643277986073,0.5708602164609808,0.00011135857461024499,0.5,-0.8083769953068868,0.7163677742114384,0.36186790609718505,0.2782161119559344,0.12039052863074873,0.20520693453234154
2021-01-05 22:50:00,0.37447698744769875,0.31474103585657365,-0.42725241995532404,-0.3201214068916265,0.5993770530421013,0.00011135857461024499,0.5,-0.8083769953068868,0.7163677742114384,0.36186790609718505,0.2782161119559344,0.12039052863074873,0.26462422861626206
2021-01-05 23:00:00,0.37517433751743373,-0.13147410358565736,-0.5228592702903947,-0.40403499375111596,0.6059729620080878,0.00011135857461024499,0.5,-0.8897296165095124,0.7088707985758917,0.39659493933022105,0.4028812442343958,0.1382053815538312,0.28599665042171496
2021-01-05 23:10:00,0.4065550906555091,0.3067729083665336,-0.5624720774385705,-0.47759328691305125,0.599416314404994,0.00011135857461024499,0.5,-0.8897296165095124,0.7088707985758917,0.39659493933022105,0.4028812442343958,0.1382053815538312,0.34472743183909954
2021-01-05 23:20:00,0.38354253835425384,-0.09960159362549814,-0.5794489947877887,-0.5140153544009998,0.599416314404994,0.00011135857461024499,0.5,-0.8897296165095124,0.7088707985758917,0.39659493933022105,0.4028812442343958,0.1382053815538312,0.30824418727462016
2021-01-05 23:30:00,0.40446304044630405,0.07569721115537842,-0.5880863737900224,-0.535083020889127,0.599416314404994,0.00011135857461024499,0.5,-0.8897296165095124,0.7088707985758917,0.39659493933022105,0.4028812442343958,0.1382053815538312,0.343150715934638
2021-01-05 23:40:00,0.40446304044630405,0.1872509960159361,-0.5958302308265079,-0.5511515800749867,0.5995079242517439,0.00011135857461024499,0.5,-0.8897296165095124,0.7088707985758917,0.39659493933022105,0.4028812442343958,0.1382053815538312,0.3578994221223049
2021-01-05 23:50:00,0.44490934449093444,0.01195219123505975,-0.6020848845867461,-0.5607927155865023,0.61052728010365,0.00011135857461024499,0.5,-0.8897296165095124,0.7088707985758917,0.39659493933022105,0.4028812442343958,0.1382053815538312,0.41113055811216564
2021-01-06 00:00:00,0.4337517433751743,0.003984063745019917,-0.6077438570364856,-0.5690055347259417,0.6105665414665428,0.00011135857461024499,0.5,-0.9114537177521486,0.7013192263374026,0.4128365313953092,0.5126551666513112,0.17135938969457354,0.39117642621120446
2021-01-06 00:10:00,0.44072524407252445,-0.40239043824701204,-0.6113179448994788,-0.5493661846098911,0.6105665414665428,0.00011135857461024499,0.5,-0.9114537177521486,0.7013192263374026,0.4128365313953092,0.5126551666513112,0.17135938969457354,0.39025604659233215
2021-01-06 00:20:00,0.43235704323570434,-0.38645418326693237,-0.6131049888309755,-0.5407962863774326,0.6105665414665428,0.00011135857461024499,0.5,-0.9114537177521486,0.7013192263374026,0.4128365313953092,0.5126551666513112,0.17135938969457354,0.36504368031142026
2021-01-06 00:30:00,0.43654114365411434,-0.42629482071713154,-0.6172747580044677,-0.5579360828423496,0.6088913899831175,0.00011135857461024499,0.5,-0.9114537177521486,0.7013192263374026,0.4128365313953092,0.5126551666513112,0.17135938969457354,0.36564720793035294
2021-01-06 00:40:00,0.44072524407252445,0.298804780876494,-0.6172747580044677,-0.5704338510980181,0.5993901401630655,0.00011135857461024499,0.5,-0.9114537177521486,0.7013192263374026,0.4128365313953092,0.5126551666513112,0.17135938969457354,0.4052763402085188
2021-01-06 00:50:00,0.4379358437935844,0.2350597609561753,-0.6199553239017126,-0.5747188002142474,0.5993901401630655,0.00011135857461024499,0.5,-0.9114537177521486,0.7013192263374026,0.4128365313953092,0.5126551666513112,0.17135938969457354,0.41599649953981016
2021-01-06 01:00:00,0.45676429567642957,0.21912350597609564,-0.6241250930752049,-0.552579896447063,0.5993901401630655,0.00011135857461024499,0.5,-0.9374492157521305,0.7162873160597348,0.41943390936112696,0.595741085736105,0.19655405944328558,0.45017125096187216
2021-01-06 01:10:00,0.4881450488145049,0.3545816733067728,-0.6276991809381982,-0.5586502410283878,0.5993901401630655,0.00011135857461024499,0.5,-0.9374492157521305,0.7162873160597348,0.41943390936112696,0.595741085736105,0.19655405944328558,0.5277999909470857
2021-01-06 01:20:00,0.4923291492329149,0.36254980079681287,-0.6327624720774386,-0.5757900374933047,0.5993901401630655,0.00011135857461024499,0.5,-0.9374492157521305,0.7162873160597348,0.41943390936112696,0.595741085736105,0.19655405944328558,0.5412888332302307
2021-01-06 01:30:00,0.5013947001394701,0.20318725099601576,-0.6390171258376769,-0.5832886984467059,0.5993901401630655,0.00011135857461024499,0.5,-0.9374492157521305,0.7162873160597348,0.41943390936112696,0.595741085736105,0.19655405944328558,0.5762029059854852
2021-01-06 01:40:00,0.4825662482566248,0.12350597609561742,-0.6446760982874162,-0.5761471165863239,0.5993901401630655,0.00011135857461024499,0.5,-0.9374492157521305,0.7162873160597348,0.41943390936112696,0.595741085736105,0.19655405944328558,0.5426844908490125
2021-01-06 01:50:00,0.4916317991631799,0.01195219123505975,-0.6494415487714074,-0.5543652919121584,0.5993901401630655,0.00011135857461024499,0.5,-0.9374492157521305,0.7162873160597348,0.41943390936112696,0.595741085736105,0.19655405944328558,0.5605639965598925
2021-01-06 02:00:00,0.4909344490934449,0.043824701195219085,-0.6500372300819063,-0.5675772183538654,0.5993901401630655,0.00011135857461024499,0.5,-0.9146008485693026,0.7107299565813345,0.4450468115315126,0.6235514424422223,0.20779785197305706,0.5496703230381581
2021-01-06 02:10:00,0.4825662482566248,0.3067729083665336,-0.6500372300819063,-0.5804320657025531,0.5993901401630655,0.00011135857461024499,0.5,-0.9146008485693026,0.7107299565813345,0.4450468115315126,0.6235514424422223,0.20779785197305706,0.534748102660048
2021-01-06 02:20:00,0.48465829846582986,0.3227091633466135,-0.651228592702904,-0.5865024102838778,0.5993901401630655,0.00011135857461024499,0.5,-0.9146008485693026,0.7107299565813345,0.4450468115315126,0.6235514424422223,0.20779785197305706,0.5272492719948096
2021-01-06 02:30:00,0.4951185495118549,0.2828685258964143,-0.6530156366344007,-0.5672201392608462,0.5993901401630655,0.00011135857461024499,0.5,-0.9146008485693026,0.7107299565813345,0.4450468115315126,0.6235514424422223,0.20779785197305706,0.5690133832249499
2021-01-06 02:40:00,0.496513249651325,0.2350597609561753,-0.6530156366344007,-0.5604356364934833,0.5993901401630655,0.00011135857461024499,0.5,-0.9146008485693026,0.7107299565813345,0.4450468115315126,0.6235514424422223,0.20779785197305706,0.5571917859891063
2021-01-06 02:50:00,0.4881450488145049,0.01195219123505975,-0.6562918838421445,-0.576504195679343,0.5993901401630655,0.00011135857461024499,0.5,-0.9146008485693026,0.7107299565813345,0.4450468115315126,0.6235514424422223,0.20779785197305706,0.5572370505605263
2021-01-06 03:00:00,0.502092050209205,0.003984063745019917,-0.6589724497393894,-0.5875736475629352,0.5993901401630655,0.00011135857461024499,0.5,-0.9098078428455789,0.7220314533903073,0.4777984611613359,0.6458595978643346,0.20890482830374646,0.5918116390301311
2021-01-06 03:10:00,0.5216178521617852,-0.01195219123505975,-0.6589724497393894,-0.5807891447955722,0.5993901401630655,0.00011135857461024499,0.5,-0.9098078428455789,0.7220314533903073,0.4777984611613359,0.6458595978643346,0.20890482830374646,0.6313125216892739
2021-01-06 03:20:00,0.5732217573221757,-0.23505976095617542,-0.6589724497393894,-0.5572219246563113,0.5993901401630655,0.00011135857461024499,0.5,-0.9098078428455789,0.7220314533903073,0.4777984611613359,0.6458595978643346,0.20890482830374646,0.7672797501395657
2021-01-06 03:30:00,0.5892608089260809,-0.23505976095617542,-0.6589724497393894,-0.5679342974468845,0.5993901401630655,0.00022271714922048998,0.5,-0.9098078428455789,0.7220314533903073,0.4777984611613359,0.6458595978643346,0.20890482830374646,0.8004285046094423
2021-01-06 03:40:00,0.5571827057182706,-0.05179282868525903,-0.6583767684288906,-0.5757900374933047,0.5993901401630655,0.00022271714922048998,0.5,-0.9098078428455789,0.7220314533903073,0.4777984611613359,0.6458595978643346,0.20890482830374646,0.7444286856677279
2021-01-06 03:50:00,0.5774058577405857,-0.08366533864541836,-0.6536113179448995,-0.5811462238885913,0.5993901401630655,0.00155902004454343,0.5,-0.9098078428455789,0.7220314533903073,0.4777984611613359,0.6458595978643346,0.20890482830374646,0.7817870452796596
2021-01-06 04:00:00,0.5781032078103208,-0.043824701195219196,-0.6530156366344007,-0.5807891447955722,0.5993901401630655,0.02071269487750557,0.5,-0.9192413306148342,0.7185200297695177,0.518950024709732,0.6776712275694097,0.20951131622609137,0.7571103097605505
2021-01-06 04:10:00,0.5955369595536959,0.027888446215139417,-0.6530156366344007,-0.5622210319585788,0.5993901401630655,0.0232739420935412,0.5,-0.9192413306148342,0.7185200297695177,0.518950024709732,0.6776712275694097,0.20951131622609137,0.7522292801424325
2021-01-06 04:20:00,0.5732217573221757,0.043824701195219085,-0.6559940431868951,-0.5579360828423496,0.5993901401630655,0.0232739420935412,0.5,-0.9192413306148342,0.7185200297695177,0.518950024709732,0.6776712275694097,0.20951131622609137,0.7245877151953166
2021-01-06 04:30:00,0.5864714086471409,0.027888446215139417,-0.6589724497393894,-0.5700767720049991,0.5993901401630655,0.027728285077951005,0.5,-0.9192413306148342,0.7185200297695177,0.518950024709732,0.6776712275694097,0.20951131622609137,0.7316565324320655
2021-01-06 04:40:00,0.5913528591352859,0.07569721115537842,-0.6616530156366345,-0.5790037493304767,0.5993901401630655,0.008017817371937639,0.5,-0.9192413306148342,0.7185200297695177,0.518950024709732,0.6776712275694097,0.20951131622609137,0.7943555079439324
2021-01-06 04:50:00,0.5892608089260809,0.07569721115537842,-0.6619508562918839,-0.5843599357257632,0.5993901401630655,0.018151447661469932,0.5,-0.9192413306148342,0.7185200297695177,0.518950024709732,0.6776712275694097,0.20951131622609137,0.7730132625194261
2021-01-06 05:00:00,0.5704323570432357,-0.019920318725099695,-0.66403574087863,-0.5654347437957508,0.5993901401630655,0.02182628062360802,0.5,-0.9087854038875695,0.7253532256535082,0.5273453733198555,0.6974555050471233,0.2067908759021501,0.7143126574829881
2021-01-06 05:10:00,0.5704323570432357,0.027888446215139417,-0.6634400595681311,-0.5611497946795215,0.5993901401630655,0.02405345211581292,0.5,-0.9087854038875695,0.7253532256535082,0.5273453733198555,0.6974555050471233,0.2067908759021501,0.6981079409146461
2021-01-06 05:20:00,0.5843793584379359,0.21912350597609564,-0.6619508562918839,-0.576504195679343,0.5993901401630655,0.02405345211581292,0.5,-0.9087854038875695,0.7253532256535082,0.5273453733198555,0.6974555050471233,0.2067908759021501,0.7179413672918207
2021-01-06 05:30:00,0.6157601115760112,0.2350597609561753,-0.6619508562918839,-0.5840028566327442,0.5993901401630655,0.022828507795100223,0.5,-0.9087854038875695,0.7253532256535082,0.5273453733198555,0.6974555050471233,0.2067908759021501,0.7821491618510192
2021-01-06 05:40:00,0.6729428172942817,0.3545816733067728,-0.6619508562918839,-0.5857882520978397,0.6013008598238474,0.046325167037861915,0.5,-0.9087854038875695,0.7253532256535082,0.5273453733198555,0.6974555050471233,0.2067908759021501,0.787784600992803
2021-01-06 05:50:00,0.7189679218967923,-0.2828685258964144,-0.6649292628443784,-0.5593643992144259,0.6092447422491526,0.06069042316258352,0.5,-0.9087854038875695,0.7253532256535082,0.5273453733198555,0.6974555050471233,0.2067908759021501,0.8225704241290341
2021-01-06 06:00:00,0.7545327754532776,-0.24302788844621515,-0.6679076693968727,-0.5568648455632923,0.6092447422491526,0.07516703786191536,0.5,-0.9337727380518395,0.7177384362958229,0.5326881791609648,0.7524693811574616,0.19435878421921635,0.8375907177452209
2021-01-06 06:10:00,0.7182705718270572,-0.47410358565737054,-0.6682055100521223,-0.562935190144617,0.6092447422491526,0.06213808463251671,0.5,-0.9337727380518395,0.7177384362958229,0.5326881791609648,0.7524693811574616,0.19435878421921635,0.8415438236492297
2021-01-06 06:20:00,0.7168758716875872,0.13147410358565725,-0.6708860759493671,-0.57364756293519,0.5995602727356009,0.059465478841870825,0.5,-0.9337727380518395,0.7177384362958229,0.5326881791609648,0.7524693811574616,0.19435878421921635,0.8379754666022904
2021-01-06 06:30:00,0.705718270571827,0.2828685258964143,-0.6708860759493671,-0.580074986609534,0.5992985303163157,0.06302895322939867,0.5,-0.9337727380518395,0.7177384362958229,0.5326881791609648,0.7524693811574616,0.19435878421921635,0.831381927365451
2021-01-06 06:40:00,0.7482566248256626,0.22709163346613526,-0.6738644825018616,-0.5600785574004642,0.5992985303163157,0.07650334075723832,0.5,-0.9337727380518395,0.7177384362958229,0.5326881791609648,0.7524693811574616,0.19435878421921635,0.8522111743138646
2021-01-06 06:50:00,0.7635983263598326,0.2828685258964143,-0.6744601638123604,-0.5650776647027316,0.5992985303163157,0.08374164810690422,0.5,-0.9337727380518395,0.7177384362958229,0.5326881791609648,0.7524693811574616,0.19435878421921635,0.855447591170391
2021-01-06 07:00:00,0.7782426778242678,0.298804780876494,-0.6768428890543561,-0.5750758793072666,0.5992985303163157,0.09187082405345212,0.5,-0.9303542798517656,0.7362897872743945,0.5213507428834767,0.7788604119367288,0.200278698508541,0.8375529972690375
2021-01-06 07:10:00,0.7796373779637378,0.21912350597609564,-0.6768428890543561,-0.5811462238885913,0.5992985303163157,0.09398663697104677,0.5,-0.9303542798517656,0.7362897872743945,0.5213507428834767,0.7788604119367288,0.200278698508541,0.8328303936508895
2021-01-06 07:20:00,0.7747559274755927,0.14741035856573692,-0.6786299329858526,-0.5754329584002856,0.5992985303163157,0.09187082405345212,0.5,-0.9303542798517656,0.7362897872743945,0.5213507428834767,0.7788604119367288,0.200278698508541,0.8261614134616835
2021-01-06 07:30:00,0.7866108786610878,0.17131474103585642,-0.6798212956068503,-0.555793608284235,0.5992985303163157,0.09543429844097996,0.5,-0.9303542798517656,0.7362897872743945,0.5213507428834767,0.7788604119367288,0.200278698508541,0.8199073585104938
2021-01-06 07:40:00,0.7803347280334728,0.2111553784860556,-0.6798212956068503,-0.5690055347259417,0.5992985303163157,0.09198218262806236,0.5,-0.9303542798517656,0.7362897872743945,0.5213507428834767,0.7788604119367288,0.200278698508541,0.8065090453701887
2021-01-06 07:50:00,0.7768479776847979,0.13147410358565725,-0.6833953834698436,-0.5772183538653812,0.5992985303163157,0.09866369710467705,0.5,-0.9303542798517656,0.7362897872743945,0.5213507428834767,0.7788604119367288,0.200278698508541,0.7633719088069768
2021-01-06 08:00:00,0.8068340306834031,0.1633466135458166,-0.6857781087118393,-0.5832886984467059,0.5992985303163157,0.13897550111358575,0.5,-0.9192296236804268,0.7356748571149438,0.4960666697355685,0.8099749951298373,0.20032701320645172,0.4800986767656955
2021-01-06 08:10:00,0.8124128312412832,0.22709163346613526,-0.6881608339538348,-0.5700767720049991,0.5992985303163157,0.12438752783964366,0.5,-0.9192296236804268,0.7356748571149438,0.4960666697355685,0.8099749951298373,0.20032701320645172,0.5659806569398133
2021-01-06 08:20:00,0.8186889818688982,0.17928286852589648,-0.6893521965748326,-0.5625781110515979,0.5992985303163157,0.116815144766147,0.5,-0.9192296236804268,0.7356748571149438,0.4960666697355685,0.8099749951298373,0.20032701320645172,0.6735292786336134
2021-01-06 08:30:00,0.803347280334728,0.09960159362549792,-0.6929262844378259,-0.5807891447955722,0.5992985303163157,0.11603563474387528,0.5,-0.9192296236804268,0.7356748571149438,0.4960666697355685,0.8099749951298373,0.20032701320645172,0.663495631968858
2021-01-06 08:40:00,0.7900976290097629,0.019920318725099362,-0.6976917349218169,-0.5793608284234957,0.5992985303163157,0.10857461024498886,0.5,-0.9192296236804268,0.7356748571149438,0.4960666697355685,0.8099749951298373,0.20032701320645172,0.7476198379528344
2021-01-06 08:50:00,0.7845188284518828,-0.01195219123505975,-0.7003723008190619,-0.5657918228887698,0.5992985303163157,0.11815144766146993,0.5,-0.9192296236804268,0.7356748571149438,0.4960666697355685,0.8099749951298373,0.20032701320645172,0.6587956606364199
2021-01-06 09:00:00,0.7782426778242678,-0.03585657370517936,-0.7093075204765451,-0.5682913765399036,0.5992985303163157,0.11102449888641426,0.5,-0.9177028193033007,0.7488786145106276,0.48414931247088827,0.8365301166249567,0.20413755470088524,0.695814535962702
2021-01-06 09:10:00,0.797768479776848,-0.019920318725099695,-0.7197319434102756,-0.580074986609534,0.5992985303163157,0.11714922048997772,0.5,-0.9177028193033007,0.7488786145106276,0.48414931247088827,0.8365301166249567,0.20413755470088524,0.6805905517751256
2021-01-06 09:20:00,0.8221757322175731,-0.1394422310756973,-0.7185405807892777,-0.5682913765399036,0.5992985303163157,0.11403118040089087,0.5,-0.9177028193033007,0.7488786145106276,0.48414931247088827,0.8365301166249567,0.20413755470088524,0.7841181707077871
2021-01-06 09:30:00,0.8172942817294282,-0.10756972111553798,-0.7197319434102756,-0.5632922692376361,0.5992985303163157,0.12227171492204901,0.5,-0.9177028193033007,0.7488786145106276,0.48414931247088827,0.8365301166249567,0.20413755470088524,0.6691537033963517
2021-01-06 09:40:00,0.8514644351464435,-0.14741035856573714,-0.7161578555472823,-0.5565077664702731,0.5992985303163157,0.13073496659242761,0.5,-0.9177028193033007,0.7488786145106276,0.48414931247088827,0.8365301166249567,0.20413755470088524,0.6933023522488948
2021-01-06 09:50:00,0.8110181311018132,-0.17928286852589637,-0.7164556962025317,-0.5518657382610248,0.5992985303163157,0.1042316258351893,0.5,-0.9177028193033007,0.7488786145106276,0.48414931247088827,0.8365301166249567,0.20413755470088524,0.8421850717443456
2021-01-06 10:00:00,0.7622036262203626,0.17131474103585642,-0.7218168279970216,-0.5761471165863239,0.6025310491944876,0.11080178173719377,0.5,-0.7947987858141305,0.7638581982546342,0.3646428527496536,0.8642164243662143,0.2087788581366361,0.6794589374896268
2021-01-06 10:10:00,0.8528591352859136,-0.13147410358565736,-0.7194341027550262,-0.5779325120514194,0.6092185680072241,0.12494432071269489,0.5,-0.7947987858141305,0.7638581982546342,0.3646428527496536,0.8642164243662143,0.2087788581366361,0.7056897566274877
2021-01-06 10:20:00,0.8152022315202231,-0.05179282868525903,-0.7140729709605362,-0.562935190144617,0.6092185680072241,0.10701559020044543,0.5,-0.7947987858141305,0.7638581982546342,0.3646428527496536,0.8642164243662143,0.2087788581366361,0.7834090257555412
2021-01-06 10:30:00,0.7629009762900976,0.019920318725099362,-0.7093075204765451,-0.5597214783074451,0.6092185680072241,0.10489977728285078,0.5,-0.7947987858141305,0.7638581982546342,0.3646428527496536,0.8642164243662143,0.2087788581366361,0.7029059854851608
2021-01-06 10:40:00,0.7559274755927475,0.1872509960159361,-0.7036485480268058,-0.5668630601678272,0.6119145149258615,0.1101336302895323,0.5,-0.7947987858141305,0.7638581982546342,0.3646428527496536,0.8642164243662143,0.2087788581366361,0.6356956410217722
2021-01-06 10:50:00,0.8117154811715481,0.06772908366533859,-0.6950111690245719,-0.5697196929119799,0.6192302155448822,0.1056792873051225,0.5,-0.7947987858141305,0.7638581982546342,0.3646428527496536,0.8642164243662143,0.2087788581366361,0.789746065754334
2021-01-06 11:00:00,0.7594142259414226,0.2669322709163344,-0.686969471332837,-0.5640064274236742,0.6192302155448822,0.0992204899777283,0.5,-0.7970350437575857,0.7593295537158764,0.3731071882430119,0.9077229756858748,0.21593343617207303,0.7178206617680342
2021-01-06 11:10:00,0.7468619246861925,0.10756972111553775,-0.6845867460908415,-0.5750758793072666,0.623614401067909,0.10111358574610245,0.5,-0.7970350437575857,0.7593295537158764,0.3731071882430119,0.9077229756858748,0.21593343617207303,0.6801454501561628
2021-01-06 11:20:00,0.8326359832635983,0.08366533864541825,-0.6732688011913627,-0.5657918228887698,0.619217128423918,0.13051224944320713,0.5,-0.7970350437575857,0.7593295537158764,0.3731071882430119,0.9077229756858748,0.21593343617207303,0.6131312521689274
2021-01-06 11:30:00,0.8347280334728034,0.003984063745019917,-0.6753536857781088,-0.5686484556329227,0.619217128423918,0.1101336302895323,0.5,-0.7970350437575857,0.7593295537158764,0.3731071882430119,0.9077229756858748,0.21593343617207303,0.8150338729876125
2021-01-06 11:40:00,0.8723849372384938,0.03585657370517925,-0.6682055100521223,-0.5632922692376361,0.619217128423918,0.12505567928730513,0.5,-0.7970350437575857,0.7593295537158764,0.3731071882430119,0.9077229756858748,0.21593343617207303,0.7362282541454803
2021-01-06 11:50:00,0.8410041841004184,0.33864541832669315,-0.6622486969471333,-0.5647205856097125,0.619217128423918,0.11547884187082405,0.5,-0.7970350437575857,0.7593295537158764,0.3731071882430119,0.9077229756858748,0.21593343617207303,0.7561295773797848
2021-01-06 12:00:00,0.8521617852161786,0.2828685258964143,-0.6589724497393894,-0.5686484556329227,0.6212194579314497,0.12828507795100222,0.5,-0.8099526286070116,0.7613582485409798,0.3846162040297217,0.9097163388530725,0.2314217755307143,0.6693573939677414
2021-01-06 12:10:00,0.9609483960948396,-0.059760956175298974,-0.6545048399106479,-0.5547223710051776,0.6290455562680766,0.1479955456570156,0.5,-0.8099526286070116,0.7613582485409798,0.3846162040297217,0.9117096568162162,0.2314217755307143,0.6704135673008736
2021-01-06 12:20:00,0.9602510460251046,0.12350597609561742,-0.6559940431868951,-0.552579896447063,0.6290455562680766,0.14688195991091313,0.5,-0.8099526286070116,0.7613582485409798,0.3846162040297217,0.913703019983414,0.2314217755307143,0.6723976643481148
2021-01-06 12:30:00,0.8995815899581591,-0.12350597609561753,-0.6500372300819063,-0.5504374218889484,0.6290455562680766,0.14242761692650333,0.5,-0.8099526286070116,0.7613582485409798,0.3846162040297217,0.9156963379465576,0.2314217755307143,0.579318617318225
2021-01-06 12:40:00,0.901673640167364,0.07569721115537842,-0.6467609828741624,-0.5493661846098911,0.6290455562680766,0.1437639198218263,0.5,-0.8099526286070116,0.7613582485409798,0.3846162040297217,0.9176897463178092,0.2314217755307143,0.5699639392247687
2021-01-06 12:50:00,0.9239888423988842,0.2589641434262948,-0.635740878629933,-0.5468666309587573,0.6315190221303215,0.15256124721603564,0.5,-0.8099526286070116,0.7613582485409798,0.3846162040297217,0.9196830642809529,0.2314217755307143,0.5526577847518748
2021-01-06 13:00:00,0.8737796373779637,-0.003984063745020028,-0.6321667907669397,-0.5500803427959293,0.6385075447252359,0.14242761692650333,0.5,-0.6639656890097902,0.7625076507081776,0.26148374807258384,0.9216764726522046,0.24108225038914716,0.5315946708511248
2021-01-06 13:10:00,0.804741980474198,-0.3545816733067729,-0.6217423678332092,-0.5432958400285663,0.6298438706468964,0.6104677060133631,0.5,-0.6639656890097902,0.7625076507081776,0.26148374807258384,0.9236697906153484,0.24108225038914716,0.2405208443351389
2021-01-06 13:20:00,0.798465829846583,-0.649402390438247,-0.5416232315711096,-0.5179432244242099,0.6292026017196477,0.9965478841870824,0.5,-0.6639656890097902,0.7625076507081776,0.26148374807258384,0.9256631989865999,0.24108225038914716,0.0
2021-01-06 13:30:00,0.8179916317991632,-0.6733067729083666,-0.46984363365599413,-0.5018746652383503,0.6292026017196477,0.9965478841870824,0.5,-0.6639656890097902,0.7625076507081776,0.26148374807258384,0.9276565169497437,0.24108225038914716,0.0
2021-01-06 13:40:00,0.803347280334728,-0.6972111553784861,-0.4421444527177961,-0.500803427959293,0.6292026017196477,0.9965478841870824,0.5,-0.6639656890097902,0.7625076507081776,0.26148374807258384,0.9296499253209953,0.24108225038914716,0.0
2021-01-06 13:50:00,0.8577405857740587,-0.7211155378486057,-0.4606105733432614,-0.5033029816104266,0.6292026017196477,0.9965478841870824,0.5,-0.6639656890097902,0.7625076507081776,0.26148374807258384,0.931643333692247,0.24108225038914716,0.0
2021-01-06 14:00:00,0.7914923291492328,-0.7450199203187251,-0.4495904690990321,-0.5097304052847705,0.6292026017196477,0.9965478841870824,0.5,-0.6692911101008832,0.7353846330677279,0.264005954176731,0.9336366516553908,0.24639220030084572,0.0
2021-01-06 14:10:00,0.7175732217573221,-0.40239043824701204,-0.44542069992554,-0.5129441171219424,0.6292026017196477,0.9965478841870824,0.5,-0.6692911101008832,0.7353846330677279,0.264005954176731,0.9356300600266423,0.24639220030084572,0.0
2021-01-06 14:20:00,0.7412831241283124,0.298804780876494,-0.4579300074460164,-0.5140153544009998,0.6292026017196477,0.9965478841870824,0.5,-0.6692911101008832,0.7353846330677279,0.264005954176731,0.937623377989786,0.24639220030084572,0.0
2021-01-06 14:30:00,0.8430962343096234,0.40239043824701204,-0.4653760238272525,-0.5200856989823246,0.6292026017196477,0.9965478841870824,0.5,-0.6692911101008832,0.7353846330677279,0.264005954176731,0.9396167863610377,0.24639220030084572,0.0
2021-01-06 14:40:00,0.8493723849372384,0.17928286852589648,-0.4638868205510053,-0.5265131226566684,0.6292026017196477,0.9965478841870824,0.5,-0.6692911101008832,0.7353846330677279,0.264005954176731,0.9416101043241815,0.24639220030084572,0.0
2021-01-06 14:50:00,0.8221757322175731,0.14741035856573692,-0.46984363365599413,-0.5311551508659168,0.6292026017196477,0.9965478841870824,0.5,-0.6692911101008832,0.7353846330677279,0.264005954176731,0.943603512695433,0.24639220030084572,0.0
2021-01-06 15:00:00,0.7803347280334728,0.8247011952191232,-0.47520476545048407,-0.5311551508659168,0.6292026017196477,0.9965478841870824,0.5,-0.6740546983996855,0.7249796699491681,0.26260275589917115,0.9455968306585767,0.250310225423072,0.0
2021-01-06 15:10:00,0.7670850767085077,0.41035856573705165,-0.4680565897244975,-0.5311551508659168,0.6309301016869299,0.989977728285078,0.5,-0.6740546983996855,0.7249796699491681,0.26260275589917115,0.9475902390298284,0.250310225423072,0.0
2021-01-06 15:20:00,0.8500697350069735,-0.06772908366533881,-0.45852568875651534,-0.48580610605249064,0.6424075067725851,0.15400890868596884,0.5,-0.6740546983996855,0.7249796699491681,0.26260275589917115,0.9495836474010799,0.250310225423072,0.525144469423782
2021-01-06 15:30:00,0.887029288702929,-0.09960159362549814,-0.4421444527177961,-0.4158186038207463,0.6377223174673803,0.11881959910913141,0.5,-0.6740546983996855,0.7249796699491681,0.26260275589917115,0.9515769653642239,0.250310225423072,0.8280398931756114
2021-01-06 15:40:00,0.8068340306834031,-0.19521912350597614,-0.47788533134772904,-0.40224959828602025,0.6395937757652694,0.08930957683741649,0.5,-0.6740546983996855,0.7249796699491681,0.26260275589917115,0.9535703737354754,0.250310225423072,0.8756733104998717
2021-01-06 15:50:00,0.8368200836820083,-0.05179282868525903,-0.5267311988086374,-0.4529548294947331,0.638559893209093,0.07616926503340757,0.5,-0.6740546983996855,0.7249796699491681,0.26260275589917115,0.9555636916986191,0.250310225423072,0.8575863421699836
2021-01-06 16:00:00,0.901673640167364,0.05179282868525892,-0.5398361876396129,-0.4818782360292805,0.6381541924592009,0.08786191536748329,0.5,-0.642607004215497,0.7284652320211967,0.21741026030247454,0.9575571000698708,0.25028872869751345,0.8394993738400953
2021-01-06 16:10:00,0.903068340306834,-0.09960159362549814,-0.5437081161578556,-0.490805213354758,0.6396068628862337,0.08775055679287305,0.5,-0.642607004215497,0.7284652320211967,0.21741026030247454,0.9595504180330146,0.25028872869751345,0.8214124055102072
2021-01-06 16:20:00,0.8389121338912133,-0.13147410358565736,-0.5443037974683544,-0.49223352972683454,0.6426169007080133,0.07394209354120267,0.5,-0.642607004215497,0.7284652320211967,0.21741026030247454,0.961543826404266,0.25028872869751345,0.8033254371803189
2021-01-06 16:30:00,0.8549511854951185,-0.3227091633466136,-0.544601638123604,-0.4925906088198535,0.6426169007080133,0.07561247216035635,0.5,-0.642607004215497,0.7284652320211967,0.21741026030247454,0.9635371443674098,0.25028872869751345,0.7852384688504308
2021-01-06 16:40:00,0.8919107391910739,-0.2828685258964144,-0.5475800446760983,-0.49223352972683454,0.6426169007080133,0.08942093541202673,0.5,-0.642607004215497,0.7284652320211967,0.21741026030247454,0.9655305527386615,0.25028872869751345,0.7671515005205426
2021-01-06 16:50:00,0.8807531380753139,0.027888446215139417,-0.5499627699180939,-0.49866095340117833,0.6368847417256678,0.08474387527839644,0.5,-0.642607004215497,0.7284652320211967,0.21741026030247454,0.9675238707018052,0.25028872869751345,0.7490645321906544
2021-01-06 17:00:00,0.8877266387726639,-0.03585657370517936,-0.5499627699180939,-0.5018746652383503,0.637800840193166,0.08574610244988864,0.5,-0.651749386219771,0.7318961974902828,0.21991483924344218,0.9695172790730567,0.24720759231402237,0.7309775638607663
2021-01-06 17:10:00,0.9351464435146444,-0.2749003984063746,-0.5547282204020849,-0.4990180324941974,0.6390048553218777,0.09565701559020044,0.5,-0.651749386219771,0.7318961974902828,0.21991483924344218,0.9695172790730567,0.24720759231402237,0.7128905728985923
2021-01-06 17:20:00,0.8744769874476986,-0.019920318725099695,-0.5541325390915861,-0.4993751115872166,0.6289015979374697,0.13775055679287304,0.5,-0.651749386219771,0.7318961974902828,0.21991483924344218,0.9695172790730567,0.24720759231402237,0.6948036272009898
2021-01-06 17:30:00,0.7768479776847979,0.11553784860557759,-0.5586001489203277,-0.5036600607034458,0.6288754236955412,0.1415367483296214,0.5,-0.651749386219771,0.7318961974902828,0.21991483924344218,0.9695172790730567,0.24720759231402237,0.41601158773028357
2021-01-06 17:40:00,0.8382147838214784,0.20318725099601576,-0.5609828741623233,-0.5122299589359043,0.6288754236955412,0.1344097995545657,0.5,-0.651749386219771,0.7318961974902828,0.21991483924344218,0.9695172790730567,0.24720759231402237,0.5604810115122894
2021-01-06 17:50:00,0.7705718270571827,0.01195219123505975,-0.5675353685778108,-0.5136582753079806,0.6288754236955412,0.10155902004454342,0.5,-0.651749386219771,0.7318961974902828,0.21991483924344218,0.9695172790730567,0.24720759231402237,0.6775427372995158
2021-01-06 18:00:00,0.6443514644351465,0.06772908366533859,-0.5782576321667908,-0.5218710944474201,0.6221486435199121,0.07394209354120267,0.5,-0.7936140173696219,0.7179999252888614,0.3010824726775801,0.854657755933374,0.2318726982618758,0.6376646498785401
2021-01-06 18:10:00,0.6401673640167364,-0.05179282868525903,-0.5874906924795236,-0.5311551508659168,0.6170839277067438,0.0700445434298441,0.5,-0.7936140173696219,0.7179999252888614,0.3010824726775801,0.854657755933374,0.2318726982618758,0.6365933883549346
2021-01-06 18:20:00,0.6882845188284519,0.13147410358565725,-0.5988086373790023,-0.5397250490983753,0.6087866930154037,0.06603563474387528,0.5,-0.7936140173696219,0.7179999252888614,0.3010824726775801,0.854657755933374,0.2318726982618758,0.795268343467568
2021-01-06 18:30:00,0.6994421199442119,0.13147410358565725,-0.608041697691735,-0.5479378682378147,0.6087866930154037,0.05779510022271715,0.5,-0.7936140173696219,0.7179999252888614,0.3010824726775801,0.854657755933374,0.2318726982618758,0.8693287264058421
2021-01-06 18:40:00,0.6673640167364017,0.12350597609561742,-0.6139985107967239,-0.552579896447063,0.6087866930154037,0.03942093541202673,0.5,-0.7936140173696219,0.7179999252888614,0.3010824726775801,0.854657755933374,0.2318726982618758,0.9024322163042987
2021-01-06 18:50:00,0.7140864714086471,0.07569721115537842,-0.6205510052122116,-0.556150687377254,0.6087866930154037,0.04086859688195991,0.5,-0.7936140173696219,0.7179999252888614,0.3010824726775801,0.854657755933374,0.2318726982618758,0.8967363489596694
2021-01-06 19:00:00,0.7747559274755927,-0.07569721115537853,-0.625614296351452,-0.5529369755400821,0.6087866930154037,0.046881959910913144,0.5,-0.794743853275757,0.7357610622774845,0.3061057069272342,0.8065889402643792,0.23606028079648023,0.8910406324969445
2021-01-06 19:10:00,0.7343096234309623,-0.003984063745020028,-0.6288905435591959,-0.552579896447063,0.6087866930154037,0.02873051224944321,0.5,-0.794743853275757,0.7357610622774845,0.3061057069272342,0.8065889402643792,0.23606028079648023,0.8853448405932677
2021-01-06 19:20:00,0.599023709902371,0.25099601593625476,-0.6369322412509308,-0.5582931619353686,0.6087866930154037,0.0012249443207126948,0.5,-0.794743853275757,0.7357610622774845,0.3061057069272342,0.8065889402643792,0.23606028079648023,0.8796490486895907
2021-01-06 19:30:00,0.6255230125523014,0.394422310756972,-0.6428890543559196,-0.5693626138189609,0.6097420528457944,0.0023385300668151447,0.5,-0.794743853275757,0.7357610622774845,0.3061057069272342,0.8065889402643792,0.23606028079648023,0.9384250946783953
2021-01-06 19:40:00,0.6178521617852162,-0.1633466135458168,-0.6479523454951601,-0.5740046420282092,0.615879912578032,0.00022271714922048998,0.5,-0.794743853275757,0.7357610622774845,0.3061057069272342,0.8065889402643792,0.23606028079648023,0.8841000648792191
2021-01-06 19:50:00,0.5767085076708507,0.20318725099601576,-0.6536113179448995,-0.5779325120514194,0.6100692308699008,0.00022271714922048998,0.5,-0.794743853275757,0.7357610622774845,0.3061057069272342,0.8065889402643792,0.23606028079648023,0.7996137423238832
2021-01-06 20:00:00,0.6485355648535566,0.13147410358565725,-0.6589724497393894,-0.5622210319585788,0.6148198557799269,0.0017817371937639199,0.5,-0.7912505840959796,0.7368788558850842,0.304133874119482,0.8140213004073438,0.2281444340798752,0.9724036996243041
2021-01-06 20:10:00,0.6478382147838214,0.05179282868525892,-0.6610573343261356,-0.5600785574004642,0.6130007459658949,0.001893095768374165,0.5,-0.7912505840959796,0.7368788558850842,0.304133874119482,0.8140213004073438,0.2281444340798752,0.9850023386695235
2021-01-06 20:20:00,0.6213389121338913,0.19521912350597592,-0.66403574087863,-0.5729334047491519,0.6114041172082554,0.0024498886414253897,0.5,-0.7912505840959796,0.7368788558850842,0.304133874119482,0.8140213004073438,0.2281444340798752,0.9510237337236145
2021-01-06 20:30:00,0.6443514644351465,0.06772908366533859,-0.6685033507073717,-0.5797179075165149,0.6114041172082554,0.004008908685968819,0.5,-0.7912505840959796,0.7368788558850842,0.304133874119482,0.8140213004073438,0.2281444340798752,0.9523143020957496
2021-01-06 20:40:00,0.6834030683403068,-0.20318725099601598,-0.6711839166046165,-0.5811462238885913,0.6114041172082554,0.010579064587973273,0.5,-0.7912505840959796,0.7368788558850842,0.304133874119482,0.8140213004073438,0.2281444340798752,0.9536049459088373
2021-01-06 20:50:00,0.693863319386332,-0.0916334661354582,-0.6747580044676099,-0.5729334047491519,0.6114041172082554,0.014365256124721604,0.5,-0.7912505840959796,0.7368788558850842,0.304133874119482,0.8140213004073438,0.2281444340798752,0.9548955142809722
2021-01-06 21:00:00,0.7412831241283124,-0.23505976095617542,-0.6768428890543561,-0.552222817354044,0.6114041172082554,0.03652561247216036,0.5,-0.7917147256891832,0.7298789966868495,0.3027310562842929,0.8122122341681154,0.22233282980935976,0.9561861580940598
2021-01-06 21:10:00,0.8165969316596933,-0.3227091633466136,-0.6768428890543561,-0.5597214783074451,0.6114041172082554,0.06469933184855234,0.5,-0.7917147256891832,0.7298789966868495,0.3027310562842929,0.8122122341681154,0.22233282980935976,0.957476726466195
2021-01-06 21:20:00,0.8158995815899581,-0.4581673306772909,-0.6783320923306032,-0.5600785574004642,0.6114041172082554,0.06625835189309577,0.5,-0.7917147256891832,0.7298789966868495,0.3027310562842929,0.8122122341681154,0.22233282980935976,0.95876729483833
2021-01-06 21:30:00,0.8089260808926081,-0.3944223107569722,-0.6825018615040954,-0.5643635065166934,0.6114041172082554,0.06046770601336303,0.5,-0.7917147256891832,0.7298789966868495,0.3027310562842929,0.8122122341681154,0.22233282980935976,0.9600579386514175
2021-01-06 21:40:00,0.8005578800557881,-0.08366533864541836,-0.6857781087118393,-0.5711480092840564,0.6050437764196255,0.05757238307349666,0.5,-0.7917147256891832,0.7298789966868495,0.3027310562842929,0.8122122341681154,0.22233282980935976,0.9613485070235528
2021-01-06 21:50:00,0.8186889818688982,0.1633466135458166,-0.686969471332837,-0.5790037493304767,0.6015495151221683,0.0678173719376392,0.5,-0.7917147256891832,0.7298789966868495,0.3027310562842929,0.8122122341681154,0.22233282980935976,0.9626391508366401
2021-01-06 22:00:00,0.8200836820083682,0.1633466135458166,-0.6899478778853314,-0.5825745402606677,0.6015495151221683,0.07227171492204901,0.5,-0.8537066789228154,0.7359938162163414,0.32107319749258045,0.8267075469251346,0.21688067089699375,0.9639297192087753
2021-01-06 22:10:00,0.794979079497908,-0.003984063745020028,-0.6941176470588236,-0.559007320121407,0.6015495151221683,0.06492204899777283,0.5,-0.8537066789228154,0.7359938162163414,0.32107319749258045,0.8267075469251346,0.21688067089699375,0.9652202875809105
2021-01-06 22:20:00,0.7587168758716877,-0.14741035856573714,-0.7012658227848101,-0.5618639528655598,0.6015495151221683,0.05434298440979955,0.5,-0.8537066789228154,0.7359938162163414,0.32107319749258045,0.8267075469251346,0.21688067089699375,0.9665109313939979
2021-01-06 22:30:00,0.7859135285913529,-0.06772908366533881,-0.7063291139240506,-0.5725763256561329,0.6015495151221683,0.06347438752783965,0.5,-0.8537066789228154,0.7359938162163414,0.32107319749258045,0.8267075469251346,0.21688067089699375,0.967801499766133
2021-01-06 22:40:00,0.8068340306834031,-0.043824701195219196,-0.7078183172002979,-0.5811462238885913,0.6015495151221683,0.06870824053452115,0.5,-0.8537066789228154,0.7359938162163414,0.32107319749258045,0.8267075469251346,0.21688067089699375,0.9690921435792206
2021-01-06 22:50:00,0.8312412831241283,-0.14741035856573714,-0.7102010424422934,-0.5847170148187824,0.6015495151221683,0.07873051224944322,0.5,-0.8537066789228154,0.7359938162163414,0.32107319749258045,0.8267075469251346,0.21688067089699375,0.9703827119513556
2021-01-06 23:00:00,0.8200836820083682,0.027888446215139417,-0.7102010424422934,-0.5743617211212284,0.6015495151221683,0.07494432071269488,0.5,-0.8901566027610355,0.7116983279071973,0.3169953625343143,0.8290116879632642,0.21266641905150108,0.9716734312053955
2021-01-06 23:10:00,0.8709902370990237,0.1633466135458166,-0.7084139985107968,-0.5586502410283878,0.6015495151221683,0.08685968819599109,0.5,-0.8901566027610355,0.7116983279071973,0.3169953625343143,0.8290116879632642,0.21266641905150108,0.9729639241365784
2021-01-06 23:20:00,0.8912133891213389,0.1633466135458166,-0.7066269545793001,-0.5732904838421711,0.6015495151221683,0.09398663697104677,0.5,-0.8901566027610355,0.7116983279071973,0.3169953625343143,0.8290116879632642,0.21266641905150108,0.9742544925087134
2021-01-06 23:30:00,0.8326359832635983,-0.019920318725099695,-0.7093075204765451,-0.5804320657025531,0.6015495151221683,0.07884187082405346,0.5,-0.8901566027610355,0.7116983279071973,0.3169953625343143,0.8290116879632642,0.21266641905150108,0.975545136321801
2021-01-06 23:40:00,0.8375174337517434,0.1633466135458166,-0.712583767684289,-0.5850740939118014,0.6015495151221683,0.07739420935412027,0.5,-0.8901566027610355,0.7116983279071973,0.3169953625343143,0.8290116879632642,0.21266641905150108,0.9768357046939361
2021-01-06 23:50:00,0.8145048814504882,0.19521912350597592,-0.7155621742367834,-0.5782895911444385,0.6015495151221683,0.07138084632516704,0.5,-0.8901566027610355,0.7116983279071973,0.3169953625343143,0.8290116879632642,0.21266641905150108,0.9781264239479759
2021-01-07 00:00:00,0.8228730822873083,0.3227091633466135,-0.7155621742367834,-0.5597214783074451,0.6015495151221683,0.07160356347438752,0.5,-0.8895357016472758,0.7170746565442668,0.31045378278287766,0.817592963118336,0.20916465492022562,0.9794169168791588
2021-01-07 00:10:00,0.8486750348675035,0.20318725099601576,-0.7170513775130306,-0.5722192465631137,0.6069544960804072,0.07071269487750556,0.5,-0.8895357016472758,0.7170746565442668,0.31045378278287766,0.817592963118336,0.20916465492022562,0.9807074852512939
2021-01-07 00:20:00,0.8396094839609484,-0.11553784860557781,-0.7218168279970216,-0.5757900374933047,0.6067058407820863,0.0678173719376392,0.5,-0.8895357016472758,0.7170746565442668,0.31045378278287766,0.817592963118336,0.20916465492022562,0.9819982045053336
2021-01-07 00:30:00,0.7852161785216178,0.08366533864541825,-0.7215189873417722,-0.5875736475629352,0.602086087081703,0.05489977728285078,0.5,-0.8895357016472758,0.7170746565442668,0.31045378278287766,0.817592963118336,0.20916465492022562,0.9832886974365165
2021-01-07 00:40:00,0.7559274755927475,0.07569721115537842,-0.7224125093075205,-0.5747188002142474,0.602086087081703,0.03997772828507795,0.5,-0.8895357016472758,0.7170746565442668,0.31045378278287766,0.817592963118336,0.20916465492022562,0.9845794166905564
2021-01-07 00:50:00,0.6645746164574616,-0.019920318725099695,-0.72807148175726,-0.5686484556329227,0.602086087081703,0.017706013363028954,0.5,-0.8895357016472758,0.7170746565442668,0.31045378278287766,0.817592963118336,0.20916465492022562,0.985869909621739
2021-01-07 01:00:00,0.6785216178521618,-0.12350597609561753,-0.7337304542069993,-0.5890019639350116,0.602086087081703,0.006347438752783964,0.5,-0.9179089413962871,0.7153534267988866,0.35237447399086713,0.7730634440577023,0.20774247793964812,0.9581142025136926
2021-01-07 01:10:00,0.7001394700139469,-0.03585657370517936,-0.7343261355174981,-0.6011426530976611,0.602086087081703,0.013697104677060134,0.5,-0.9179089413962871,0.7153534267988866,0.35237447399086713,0.7730634440577023,0.20774247793964812,0.9303583445237413
2021-01-07 01:20:00,0.7224546722454672,0.003984063745019917,-0.7334326135517499,-0.5850740939118014,0.602086087081703,0.02160356347438753,0.5,-0.9179089413962871,0.7153534267988866,0.35237447399086713,0.7730634440577023,0.20774247793964812,0.9026025619747424
2021-01-07 01:30:00,0.7587168758716877,0.25099601593625476,-0.7307520476545049,-0.5711480092840564,0.6031723181217363,0.029732739420935413,0.5,-0.9179089413962871,0.7153534267988866,0.35237447399086713,0.7730634440577023,0.20774247793964812,0.874846703984791
2021-01-07 01:40:00,0.7489539748953975,-0.3466135458167332,-0.7304542069992555,-0.583645777539725,0.6120192118935754,0.01492204899777283,0.5,-0.9179089413962871,0.7153534267988866,0.35237447399086713,0.7730634440577023,0.20774247793964812,0.8470909214357923
2021-01-07 01:50:00,0.6701534170153417,-0.23505976095617542,-0.7325390915860015,-0.594001071237279,0.6120192118935754,0.000556792873051225,0.5,-0.9179089413962871,0.7153534267988866,0.35237447399086713,0.7730634440577023,0.20774247793964812,0.819335063445841
2021-01-07 02:00:00,0.5711297071129707,-0.15537848605577698,-0.7358153387937454,-0.5954293876093555,0.6120192118935754,0.00022271714922048998,0.5,-0.9198505247941864,0.7274911136844968,0.33849720444605247,0.7041612190635924,0.20510297892006754,0.791579280896842
2021-01-07 02:10:00,0.5509065550906556,-0.20318725099601598,-0.7364110201042443,-0.5761471165863239,0.6120192118935754,0.00022271714922048998,0.5,-0.9198505247941864,0.7274911136844968,0.33849720444605247,0.7041612190635924,0.20510297892006754,0.7156932269112966
2021-01-07 02:20:00,0.509065550906555,-0.05179282868525903,-0.7364110201042443,-0.5911444384931263,0.6120192118935754,0.00022271714922048998,0.5,-0.9198505247941864,0.7274911136844968,0.33849720444605247,0.7041612190635924,0.20510297892006754,0.6034597220755314
2021-01-07 02:30:00,0.45188284518828453,0.019920318725099362,-0.738198064035741,-0.6161399750044635,0.6120192118935754,0.00022271714922048998,0.5,-0.9198505247941864,0.7274911136844968,0.33849720444605247,0.7041612190635924,0.20510297892006754,0.4546750758181572
2021-01-07 02:40:00,0.4867503486750349,0.2589641434262948,-0.7393894266567387,-0.6129262631672916,0.6120192118935754,0.00022271714922048998,0.5,-0.9198505247941864,0.7274911136844968,0.33849720444605247,0.7041612190635924,0.20510297892006754,0.5128098737118457
2021-01-07 02:50:00,0.5195258019525802,0.3784860557768923,-0.737602382725242,-0.6011426530976611,0.6120192118935754,0.00022271714922048998,0.5,-0.9198505247941864,0.7274911136844968,0.33849720444605247,0.7041612190635924,0.20510297892006754,0.5907630097922356
2021-01-07 03:00:00,0.4951185495118549,0.019920318725099362,-0.7364110201042443,-0.5929298339582217,0.6120192118935754,0.00022271714922048998,0.5,-0.9161154790687683,0.7282727071581916,0.32956099359880353,0.6611629330857768,0.20447100847769895,0.5567240520844335
2021-01-07 03:10:00,0.4916317991631799,-0.043824701195219196,-0.7364110201042443,-0.5918585966791644,0.6120192118935754,0.00022271714922048998,0.5,-0.9161154790687683,0.7282727071581916,0.32956099359880353,0.6611629330857768,0.20447100847769895,0.5662069797969129
2021-01-07 03:20:00,0.496513249651325,-0.21115537848605592,-0.7358153387937454,-0.590430280307088,0.6120192118935754,0.00022271714922048998,0.5,-0.9161154790687683,0.7282727071581916,0.32956099359880353,0.6611629330857768,0.20447100847769895,0.5645020142734282
2021-01-07 03:30:00,0.47280334728033474,-0.2270916334661356,-0.7364110201042443,-0.5865024102838778,0.6120192118935754,0.00022271714922048998,0.5,-0.9161154790687683,0.7282727071581916,0.32956099359880353,0.6611629330857768,0.20447100847769895,0.48795962400229337
2021-01-07 03:40:00,0.4225941422594142,-0.043824701195219196,-0.7364110201042443,-0.5918585966791644,0.6120192118935754,0.00022271714922048998,0.5,-0.9161154790687683,0.7282727071581916,0.32956099359880353,0.6611629330857768,0.20447100847769895,0.3953332226866032
2021-01-07 03:50:00,0.42677824267782427,-0.09960159362549814,-0.7364110201042443,-0.5965006248884128,0.6120192118935754,0.00022271714922048998,0.5,-0.9161154790687683,0.7282727071581916,0.32956099359880353,0.6611629330857768,0.20447100847769895,0.4066342773511173
2021-01-07 04:00:00,0.40446304044630405,0.03585657370517925,-0.7364110201042443,-0.600428494911623,0.6120192118935754,0.00022271714922048998,0.5,-0.9408489295159166,0.7361346179818247,0.3373045176136575,0.6498517034811504,0.20337034984241942,0.35424808002776226
2021-01-07 04:10:00,0.39400278940027894,-0.07569721115537853,-0.7364110201042443,-0.6025709694697376,0.6120192118935754,0.00022271714922048998,0.5,-0.9408489295159166,0.7361346179818247,0.3373045176136575,0.6498517034811504,0.20337034984241942,0.30905894956017926
2021-01-07 04:20:00,0.398186889818689,-0.33864541832669326,-0.7364110201042443,-0.604356364934833,0.6120192118935754,0.00022271714922048998,0.5,-0.9408489295159166,0.7361346179818247,0.3373045176136575,0.6498517034811504,0.20337034984241942,0.3167011180349141
2021-01-07 04:30:00,0.4211994421199442,-0.2828685258964144,-0.7364110201042443,-0.6025709694697376,0.6120192118935754,0.00022271714922048998,0.5,-0.9408489295159166,0.7361346179818247,0.3373045176136575,0.6498517034811504,0.20337034984241942,0.36793306878706034
2021-01-07 04:40:00,0.41422594142259417,-0.1872509960159363,-0.7364110201042443,-0.6057846813069094,0.6120192118935754,0.00022271714922048998,0.5,-0.9408489295159166,0.7361346179818247,0.3373045176136575,0.6498517034811504,0.20337034984241942,0.37787618630897596
2021-01-07 04:50:00,0.4790794979079498,-0.26693227091633476,-0.7346239761727477,-0.6079271558650241,0.6120192118935754,0.00022271714922048998,0.5,-0.9408489295159166,0.7361346179818247,0.3373045176136575,0.6498517034811504,0.20337034984241942,0.4881406822879732
2021-01-07 05:00:00,0.46722454672245467,-0.20318725099601598,-0.7322412509307521,-0.6086413140510623,0.6120192118935754,0.00022271714922048998,0.5,-0.9313146153571632,0.7316979256164405,0.32107446563381636,0.6157616086405916,0.19917852753843762,0.4565233791511384
2021-01-07 05:10:00,0.40376569037656906,-0.10756972111553798,-0.7325390915860015,-0.6089983931440814,0.6120192118935754,0.00022271714922048998,0.5,-0.9313146153571632,0.7316979256164405,0.32107446563381636,0.6157616086405916,0.19917852753843762,0.3464248532673476
2021-01-07 05:20:00,0.3898186889818689,0.13147410358565725,-0.7364110201042443,-0.6086413140510623,0.6120192118935754,0.00022271714922048998,0.5,-0.9313146153571632,0.7316979256164405,0.32107446563381636,0.6157616086405916,0.19917852753843762,0.31483772651145947
2021-01-07 05:30:00,0.37099023709902373,0.25099601593625476,-0.7364110201042443,-0.6197107659346546,0.6120192118935754,0.00022271714922048998,0.5,-0.9313146153571632,0.7316979256164405,0.32107446563381636,0.6157616086405916,0.19917852753843762,0.27240973490049336
2021-01-07 05:40:00,0.35495118549511856,-0.003984063745020028,-0.7364110201042443,-0.6232815568648455,0.6215335488345918,0.00022271714922048998,0.5,-0.9313146153571632,0.7316979256164405,0.32107446563381636,0.6157616086405916,0.19917852753843762,0.2412073570016748
2021-01-07 05:50:00,0.34449093444909346,-0.26693227091633476,-0.7364110201042443,-0.6286377432601321,0.6232741359228383,0.00022271714922048998,0.5,-0.9313146153571632,0.7316979256164405,0.32107446563381636,0.6157616086405916,0.19917852753843762,0.2298912141466874
2021-01-07 06:00:00,0.35355648535564854,-0.19521912350597614,-0.7364110201042443,-0.6254240314229602,0.6232741359228383,0.00022271714922048998,0.5,-0.9782403110108888,0.7327381345777532,0.3633834616882486,0.5708399263302879,0.1988040940481315,0.2412224451921481
2021-01-07 06:10:00,0.3396094839609484,-0.17131474103585675,-0.7384959046909904,-0.631851455097304,0.6232741359228383,0.00022271714922048998,0.5,-0.9782403110108888,0.7327381345777532,0.3633834616882486,0.5708399263302879,0.1988040940481315,0.21918614300586933
2021-01-07 06:20:00,0.33891213389121344,-0.17131474103585675,-0.7393894266567387,-0.6375647205856096,0.6232741359228383,0.00022271714922048998,0.5,-0.9782403110108888,0.7327381345777532,0.3633834616882486,0.5708399263302879,0.1988040940481315,0.21615341672073268
2021-01-07 06:30:00,0.3668061366806137,-0.2509960159362551,-0.7393894266567387,-0.635065166934476,0.6232741359228383,0.00022271714922048998,0.5,-0.9782403110108888,0.7327381345777532,0.3633834616882486,0.5708399263302879,0.1988040940481315,0.24965674366673207
2021-01-07 06:40:00,0.3486750348675035,-0.23505976095617542,-0.7393894266567387,-0.6339939296554187,0.6182225072306343,0.00022271714922048998,0.5,-0.9782403110108888,0.7327381345777532,0.3633834616882486,0.5708399263302879,0.1988040940481315,0.22802027852799614
2021-01-07 06:50:00,0.35564853556485354,0.10756972111553775,-0.7393894266567387,-0.6397071951437243,0.6120584732564683,0.00022271714922048998,0.5,-0.9782403110108888,0.7327381345777532,0.3633834616882486,0.5708399263302879,0.1988040940481315,0.2411168278588349
2021-01-07 07:00:00,0.3723849372384937,-0.05179282868525903,-0.7393894266567387,-0.6411355115158007,0.6120584732564683,0.00022271714922048998,0.5,-0.9830460909678833,0.7438327389966299,0.35724502403571495,0.517412911411563,0.2037564219970571,0.2632813796641369
2021-01-07 07:10:00,0.403068340306834,0.03585657370517925,-0.7393894266567387,-0.635065166934476,0.6120584732564683,0.00022271714922048998,0.5,-0.9830460909678833,0.7438327389966299,0.35724502403571495,0.517412911411563,0.2037564219970571,0.3207522971769996
2021-01-07 07:20:00,0.3716875871687587,0.2589641434262948,-0.7393894266567387,-0.6357793251205142,0.6120584732564683,0.00022271714922048998,0.5,-0.9830460909678833,0.7438327389966299,0.35724502403571495,0.517412911411563,0.2037564219970571,0.2710140772817116
2021-01-07 07:30:00,0.3612273361227336,-0.24302788844621515,-0.7393894266567387,-0.6347080878414568,0.6120584732564683,0.00022271714922048998,0.5,-0.9830460909678833,0.7438327389966299,0.35724502403571495,0.517412911411563,0.2037564219970571,0.255661843475112
2021-01-07 07:40:00,0.397489539748954,-0.33067729083665354,-0.7367088607594938,-0.631851455097304,0.6120584732564683,0.00022271714922048998,0.5,-0.9830460909678833,0.7438327389966299,0.35724502403571495,0.517412911411563,0.2037564219970571,0.29485341822955174
2021-01-07 07:50:00,0.39539748953974896,-0.20318725099601598,-0.7364110201042443,-0.6311372969112659,0.6120584732564683,0.00022271714922048998,0.5,-0.9830460909678833,0.7438327389966299,0.35724502403571495,0.517412911411563,0.2037564219970571,0.30288033556135613
2021-01-07 08:00:00,0.396792189679219,-0.2749003984063746,-0.7364110201042443,-0.6289948223531512,0.6120584732564683,0.00022271714922048998,0.5,-0.9889547575347132,0.751217647920875,0.34814167217357,0.47938382571758387,0.1995007878016959,0.297871056324215
2021-01-07 08:10:00,0.3807531380753138,-0.06772908366533881,-0.7364110201042443,-0.6257811105159793,0.6120584732564683,0.00022271714922048998,0.5,-0.9889547575347132,0.751217647920875,0.34814167217357,0.47938382571758387,0.1995007878016959,0.27612142975692927
2021-01-07 08:20:00,0.299860529986053,0.394422310756972,-0.7373045420699926,-0.6393501160507052,0.6120584732564683,0.00022271714922048998,0.5,-0.9889547575347132,0.751217647920875,0.34814167217357,0.47938382571758387,0.1995007878016959,0.17816135310892164
2021-01-07 08:30:00,0.2649930264993026,0.4262948207171313,-0.740282948622487,-0.6511337261203356,0.617097014827708,0.00022271714922048998,0.5,-0.9889547575347132,0.751217647920875,0.34814167217357,0.47938382571758387,0.1995007878016959,0.1436999260678667
2021-01-07 08:40:00,0.20711297071129708,0.3067729083665336,-0.7447505584512286,-0.6561328334226031,0.6259308214785829,0.00022271714922048998,0.5,-0.9889547575347132,0.751217647920875,0.34814167217357,0.47938382571758387,0.1995007878016959,0.08631199360260725
2021-01-07 08:50:00,0.199442119944212,0.3306772908366533,-0.7367088607594938,-0.6464916979110873,0.6259308214785829,0.00011135857461024499,0.5,-0.9889547575347132,0.751217647920875,0.34814167217357,0.47938382571758387,0.1995007878016959,0.07150293465304706
2021-01-07 09:00:00,0.15271966527196654,0.6015936254980081,-0.6610573343261356,-0.5325834672379932,0.6306421850257162,0.00022271714922048998,0.5,-1.0,0.7612088262592429,0.35541687162999397,0.42901376206991254,0.19877373598783415,0.03606077523122652
2021-01-07 09:10:00,0.1603905160390516,0.298804780876494,-0.6276991809381982,-0.45509730405284765,0.6424467681354779,0.00033407572383073496,0.5,-1.0,0.7612088262592429,0.35541687162999397,0.42901376206991254,0.19877373598783415,0.03848997389743049
2021-01-07 09:20:00,0.17224546722454673,0.14741035856573692,-0.6405063291139241,-0.4322442420996251,0.6424467681354779,0.00044543429844097997,0.5,-1.0,0.7612088262592429,0.35541687162999397,0.42901376206991254,0.19877373598783415,0.05290673989468443
2021-01-07 09:30:00,0.26638772663877264,-0.4183266932270917,-0.648548026805659,-0.4243885020532049,0.6392927719830914,0.00044543429844097997,0.5,-1.0,0.7612088262592429,0.35541687162999397,0.42901376206991254,0.19877373598783415,0.13939979178297146
2021-01-07 09:40:00,0.2315202231520223,0.29083665338645415,-0.6422933730454208,-0.4351008748437779,0.6308515789611443,0.00044543429844097997,0.5,-1.0,0.7612088262592429,0.35541687162999397,0.42901376206991254,0.19877373598783415,0.09377310379166226
2021-01-07 09:50:00,0.22663877266387727,0.027888446215139417,-0.6360387192851825,-0.4254597393322621,0.6394629045556268,0.00044543429844097997,0.5,-1.0,0.7612088262592429,0.35541687162999397,0.42901376206991254,0.19877373598783415,0.08809240007845859
2021-01-07 10:00:00,0.20362622036262204,0.33864541832669315,-0.628294862248697,-0.42010355293697543,0.6322257266623915,0.00044543429844097997,0.5,-0.8237862894120952,0.7879008180869934,0.24251818863271168,0.3943513839062994,0.20270617682611297,0.0683495028441239
2021-01-07 10:10:00,0.17642956764295675,-0.298804780876494,-0.625614296351452,-0.4076057846813069,0.6424598552564421,0.00044543429844097997,0.5,-0.8237862894120952,0.7879008180869934,0.24251818863271168,0.3943513839062994,0.20270617682611297,0.06503764503523092
2021-01-07 10:20:00,0.1882845188284519,0.3067729083665336,-0.6253164556962025,-0.39903588644884846,0.6290586433890408,0.00033407572383073496,0.5,-0.8237862894120952,0.7879008180869934,0.24251818863271168,0.3943513839062994,0.20270617682611297,0.0584441057983916
2021-01-07 10:30:00,0.2085076708507671,0.3306772908366533,-0.6139985107967239,-0.39118014640242804,0.637709230346416,0.00022271714922048998,0.5,-0.8237862894120952,0.7879008180869934,0.24251818863271168,0.3943513839062994,0.20270617682611297,0.06822125322510073
2021-01-07 10:40:00,0.2775453277545328,-0.17928286852589637,-0.6113179448994788,-0.38653811819317974,0.6354713326615279,0.00022271714922048998,0.5,-0.8237862894120952,0.7879008180869934,0.24251818863271168,0.3943513839062994,0.20270617682611297,0.11302563483561416
2021-01-07 10:50:00,0.2105997210599721,0.2589641434262948,-0.602680565897245,-0.38975183003035174,0.637800840193166,0.00033407572383073496,0.5,-0.8237862894120952,0.7879008180869934,0.24251818863271168,0.3943513839062994,0.20270617682611297,0.059885027988593326
2021-01-07 11:00:00,0.18898186889818688,-0.5458167330677292,-0.602680565897245,-0.38153901089091236,0.6434675635706901,0.00033407572383073496,0.5,-0.8003461383626235,0.7926104934670861,0.2455778329926472,0.39605172535495825,0.22199208328465583,0.04611705418169199
2021-01-07 11:10:00,0.14295676429567641,-0.1872509960159363,-0.6014892032762473,-0.36868416354222455,0.6326968630171049,0.00033407572383073496,0.5,-0.8003461383626235,0.7926104934670861,0.2455778329926472,0.39605172535495825,0.22199208328465583,0.02442023628106281
2021-01-07 11:20:00,0.11297071129707113,-0.14741035856573714,-0.5901712583767685,-0.3469023388680593,0.6270694010024734,0.00033407572383073496,0.5,-0.8003461383626235,0.7926104934670861,0.2455778329926472,0.39605172535495825,0.22199208328465583,0.0010410851426588409
2021-01-07 11:30:00,0.11924686192468618,-0.5219123505976095,-0.5803425167535369,-0.3244063560078556,0.6237976207614087,0.00033407572383073496,0.5,-0.8003461383626235,0.7926104934670861,0.2455778329926472,0.39605172535495825,0.22199208328465583,0.005446836760867269
2021-01-07 11:40:00,0.14365411436541145,0.043824701195219085,-0.5627699180938199,-0.3136939832172826,0.6105665414665428,0.00033407572383073496,0.5,-0.8003461383626235,0.7926104934670861,0.2455778329926472,0.39605172535495825,0.22199208328465583,0.030417791994206137
2021-01-07 11:50:00,0.19316596931659694,0.01195219123505975,-0.5386448250186151,-0.3115515086591679,0.6105665414665428,0.00033407572383073496,0.5,-0.8003461383626235,0.7926104934670861,0.2455778329926472,0.39605172535495825,0.22199208328465583,0.056633522941593614
2021-01-07 12:00:00,0.17224546722454673,0.2350597609561753,-0.5237527922561431,-0.3119085877521871,0.6213634162620565,0.00033407572383073496,0.5,-0.8034261627637438,0.7918863701017503,0.2555054766581486,0.38855125174349614,0.24430934815537886,0.04445735322962717
2021-01-07 12:10:00,0.13668061366806136,-0.24302788844621515,-0.516902457185406,-0.30155329405463305,0.6269516169137952,0.00033407572383073496,0.5,-0.8034261627637438,0.7918863701017503,0.2555054766581486,0.38855125174349614,0.24430934815537886,0.023877061424023415
2021-01-07 12:20:00,0.1324965132496513,-0.019920318725099695,-0.5127326880119136,-0.2861988930548115,0.6269516169137952,0.00033407572383073496,0.5,-0.8034261627637438,0.7918863701017503,0.2555054766581486,0.38855125174349614,0.24430934815537886,0.01150474523590386
2021-01-07 12:30:00,0.09065550906555091,0.4183266932270917,-0.5121370067014148,-0.27762899482235315,0.6379971470076298,0.013585746102449888,0.5,-0.8034261627637438,0.7918863701017503,0.2555054766581486,0.38855125174349614,0.24430934815537886,0.0
2021-01-07 12:40:00,0.10181311018131102,0.03585657370517925,-0.516306775874907,-0.2961971076593465,0.6434283022077972,0.8851893095768374,0.5,-0.8034261627637438,0.7918863701017503,0.2555054766581486,0.38855125174349614,0.24430934815537886,0.0
2021-01-07 12:50:00,0.11854951185495119,0.08764940239043817,-0.5180938198064036,-0.31619353686841634,0.6434283022077972,0.9962138084632516,0.5,-0.8034261627637438,0.7918863701017503,0.2555054766581486,0.38855125174349614,0.24430934815537886,0.0
2021-01-07 13:00:00,0.14016736401673638,0.1394422310756973,-0.483246463142219,-0.37332619175147286,0.6434283022077972,0.9962138084632516,0.5,-0.6264882565439596,0.77448154778496,0.16946234742834276,0.3098730533883797,0.25842698407905823,0.0
2021-01-07 13:10:00,0.11785216178521618,0.191235059760956,-0.46239761727475814,-0.387252276379218,0.6434283022077972,0.9962138084632516,0.5,-0.6264882565439596,0.77448154778496,0.16946234742834276,0.3098730533883797,0.25842698407905823,0.0
2021-01-07 13:20:00,0.09483960948396096,0.24302788844621515,-0.44720774385703654,-0.3854668809141224,0.6434283022077972,0.9962138084632516,0.5,-0.6264882565439596,0.77448154778496,0.16946234742834276,0.3098730533883797,0.25842698407905823,0.0
2021-01-07 13:30:00,0.09623430962343095,0.4422310756972112,-0.4448250186150411,-0.3876093554722372,0.6434283022077972,0.9962138084632516,0.5,-0.6264882565439596,0.77448154778496,0.16946234742834276,0.3098730533883797,0.25842698407905823,0.0
2021-01-07 13:40:00,0.09274755927475593,0.6613545816733069,-0.4335070737155622,-0.387252276379218,0.6434283022077972,0.9962138084632516,0.5,-0.6264882565439596,0.77448154778496,0.16946234742834276,0.3098730533883797,0.25842698407905823,0.0
2021-01-07 13:50:00,0.07670850767085077,0.8804780876494025,-0.42397617274758015,-0.3854668809141224,0.6434283022077972,0.9962138084632516,0.5,-0.6264882565439596,0.77448154778496,0.16946234742834276,0.3098730533883797,0.25842698407905823,0.0
2021-01-07 14:00:00,0.05788005578800558,-0.3227091633466136,-0.4135517498138497,-0.38475272272808425,0.6434283022077972,0.9962138084632516,0.5,-0.6170140446524491,0.751191786372114,0.1746806218000834,0.22344754920559226,0.28041117669107973,0.0
2021-01-07 14:10:00,0.058577405857740586,-0.2833665338645418,-0.4022338049143709,-0.3804677736118549,0.6434283022077972,0.9962138084632516,0.5,-0.6170140446524491,0.751191786372114,0.1746806218000834,0.22344754920559226,0.28041117669107973,0.0
2021-01-07 14:20:00,0.06415620641562064,-0.24402390438247012,-0.39329858525688766,-0.3772540617746831,0.6434283022077972,0.9962138084632516,0.5,-0.6170140446524491,0.751191786372114,0.1746806218000834,0.22344754920559226,0.28041117669107973,0.0
2021-01-07 14:30:00,0.05439330543933055,-0.20468127490039856,-0.3882352941176471,-0.3761828244956258,0.6434283022077972,0.9962138084632516,0.5,-0.6170140446524491,0.751191786372114,0.1746806218000834,0.22344754920559226,0.28041117669107973,0.0
2021-01-07 14:40:00,0.06624825662482565,-0.16533864541832677,-0.38138495904690994,-0.3740403499375111,0.6434283022077972,0.9962138084632516,0.5,-0.6170140446524491,0.751191786372114,0.1746806218000834,0.22344754920559226,0.28041117669107973,0.0
2021-01-07 14:50:00,0.04602510460251046,-0.12599601593625498,-0.3751303052866718,-0.37332619175147286,0.6434283022077972,0.9962138084632516,0.5,-0.6170140446524491,0.751191786372114,0.1746806218000834,0.22344754920559226,0.28041117669107973,0.0
2021-01-07 15:00:00,0.06276150627615062,-0.0866533864541833,-0.3691734921816828,-0.36725584717014825,0.6434283022077972,0.9962138084632516,0.5,-0.6122179370914038,0.7384765248974885,0.17850952063373587,0.17502333926441319,0.32353022868355974,0.0
2021-01-07 15:10:00,0.06206415620641562,-0.04731075697211151,-0.3602382725241997,-0.36689876807712907,0.6434283022077972,0.9962138084632516,0.5,-0.6122179370914038,0.7384765248974885,0.17850952063373587,0.17502333926441319,0.32353022868355974,0.0
2021-01-07 15:20:00,0.08298465829846582,-0.007968127490039945,-0.3521965748324647,-0.36689876807712907,0.6434283022077972,0.9962138084632516,0.5,-0.6122179370914038,0.7384765248974885,0.17850952063373587,0.17502333926441319,0.32353022868355974,0.0
2021-01-07 15:30:00,0.08577405857740586,0.031374501992031734,-0.3411764705882354,-0.36689876807712907,0.6434283022077972,0.9962138084632516,0.5,-0.6122179370914038,0.7384765248974885,0.17850952063373587,0.17502333926441319,0.32353022868355974,0.0
2021-01-07 15:40:00,0.07043235704323571,0.07071713147410352,-0.3396872673119882,-0.36689876807712907,0.6434283022077972,0.9962138084632516,0.5,-0.6122179370914038,0.7384765248974885,0.17850952063373587,0.17502333926441319,0.32353022868355974,0.0
2021-01-07 15:50:00,0.06903765690376569,0.11005976095617509,-0.33521965748324656,-0.36689876807712907,0.6434283022077972,0.9962138084632516,0.5,-0.6122179370914038,0.7384765248974885,0.17850952063373587,0.17502333926441319,0.32353022868355974,0.0
2021-01-07 16:00:00,0.06624825662482565,0.1494023904382471,-0.33134772896500375,-0.36689876807712907,0.6434283022077972,0.9962138084632516,0.5,-0.5514315979832054,0.7374075808819942,0.16382457193575548,0.15040946970309368,0.32731145052496835,0.0
2021-01-07 16:10:00,0.04393305439330544,0.18874501992031867,-0.3298585256887566,-0.3665416889841099,0.6434283022077972,0.9962138084632516,0.5,-0.5514315979832054,0.7374075808819942,0.16382457193575548,0.15040946970309368,0.32731145052496835,0.0
2021-01-07 16:20:00,0.06345885634588563,0.22808764940239024,-0.3259865971705138,-0.36047134440278517,0.6434283022077972,0.9962138084632516,0.5,-0.5514315979832054,0.7374075808819942,0.16382457193575548,0.15040946970309368,0.32731145052496835,0.0
2021-01-07 16:30:00,0.06485355648535565,0.267430278884462,-0.3224125093075205,-0.359757186216747,0.6434283022077972,0.9962138084632516,0.5,-0.5514315979832054,0.7374075808819942,0.16382457193575548,0.15040946970309368,0.32731145052496835,0.0
2021-01-07 16:40:00,0.06555090655509065,0.3067729083665336,-0.3170513775130306,-0.359757186216747,0.6434283022077972,0.9962138084632516,0.5,-0.5514315979832054,0.7374075808819942,0.16382457193575548,0.15040946970309368,0.32731145052496835,0.0
2021-01-07 16:50:00,0.0808926080892608,0.3461155378486054,-0.30692479523454963,-0.359757186216747,0.6434283022077972,0.9962138084632516,0.5,-0.5514315979832054,0.7374075808819942,0.16382457193575548,0.15040946970309368,0.32731145052496835,0.0
2021-01-07 17:00:00,0.07601115760111576,0.38545816733067717,-0.30067014147431137,-0.359757186216747,0.6434283022077972,0.9962138084632516,0.5,-0.5512768730011077,0.7453729379006752,0.1679150883063809,0.14613027313961766,0.3156478566384289,0.0
2021-01-07 17:10:00,0.07461645746164575,0.42480079681274896,-0.305137751303053,-0.3615425816818424,0.6434283022077972,0.9962138084632516,0.5,-0.5512768730011077,0.7453729379006752,0.1679150883063809,0.14613027313961766,0.3156478566384289,0.0
2021-01-07 17:20:00,0.08298465829846582,0.4641434262948205,-0.3009679821295608,-0.3679700053561864,0.6434283022077972,0.9962138084632516,0.5,-0.5512768730011077,0.7453729379006752,0.1679150883063809,0.14613027313961766,0.3156478566384289,0.0
2021-01-07 17:30:00,0.11297071129707113,0.5034860557768923,-0.2970960536113181,-0.3743974290305303,0.6434283022077972,0.9962138084632516,0.5,-0.5512768730011077,0.7453729379006752,0.1679150883063809,0.14613027313961766,0.3156478566384289,0.0
2021-01-07 17:40:00,0.12691771269177127,0.5428286852589639,-0.2970960536113181,-0.38011069451883595,0.6434283022077972,0.9962138084632516,0.5,-0.5512768730011077,0.7453729379006752,0.1679150883063809,0.14613027313961766,0.3156478566384289,0.0
2021-01-07 17:50:00,0.12691771269177127,0.5821713147410357,-0.30424422933730466,-0.3915372254954472,0.6434283022077972,0.9962138084632516,0.5,-0.5512768730011077,0.7453729379006752,0.1679150883063809,0.14613027313961766,0.3156478566384289,0.0
2021-01-07 18:00:00,0.11366806136680613,0.6215139442231077,-0.31228592702903957,-0.3997500446348865,0.6434283022077972,0.9962138084632516,0.5,-0.7195039528413998,0.7463125741723605,0.2626566519016983,0.16939705285230522,0.3028553020304654,0.0
2021-01-07 18:10:00,0.08437935843793584,0.6608565737051793,-0.3185405807892778,-0.4065345474022497,0.6434283022077972,0.9962138084632516,0.5,-0.7195039528413998,0.7463125741723605,0.2626566519016983,0.16939705285230522,0.3028553020304654,0.0
2021-01-07 18:20:00,0.07601115760111576,0.7001992031872508,-0.3325390915860017,-0.4126048919835744,0.6434283022077972,0.9962138084632516,0.5,-0.7195039528413998,0.7463125741723605,0.2626566519016983,0.16939705285230522,0.3028553020304654,0.0
2021-01-07 18:30:00,0.07391910739191074,0.7395418326693224,-0.35457930007446026,-0.4226031065881092,0.6434283022077972,0.9962138084632516,0.5,-0.7195039528413998,0.7463125741723605,0.2626566519016983,0.16939705285230522,0.3028553020304654,0.0
2021-01-07 18:40:00,0.06485355648535565,0.5771082337317397,-0.3757259865971706,-0.43402963756472057,0.6434283022077972,0.9962138084632516,0.5,-0.7195039528413998,0.7463125741723605,0.2626566519016983,0.16939705285230522,0.3028553020304654,0.0
2021-01-07 18:50:00,0.06694560669456066,0.41467463479415656,-0.39657483246463154,-0.44724156400642734,0.6434283022077972,0.9962138084632516,0.5,-0.7195039528413998,0.7463125741723605,0.2626566519016983,0.16939705285230522,0.3028553020304654,0.0
2021-01-07 19:00:00,0.06694560669456066,0.25224103585657365,-0.41593447505584524,-0.4590251740760578,0.6434283022077972,0.9962138084632516,0.5,-0.7355585958749566,0.7517492464232056,0.2723735304937876,0.2248257756065876,0.3127781051860501,0.0
2021-01-07 19:10:00,0.055090655509065556,0.08980743691899051,-0.43142218912881614,-0.46795215140153545,0.6434283022077972,0.9962138084632516,0.5,-0.7355585958749566,0.7517492464232056,0.2723735304937876,0.2248257756065876,0.3127781051860501,0.0
2021-01-07 19:20:00,0.06485355648535565,-0.07262616201859251,-0.4457185405807893,-0.47259417961078376,0.6434283022077972,0.9962138084632516,0.5,-0.7355585958749566,0.7517492464232056,0.2723735304937876,0.2248257756065876,0.3127781051860501,0.0
2021-01-07 19:30:00,0.07740585774058578,-0.23505976095617542,-0.45465376023827264,-0.48044991965720407,0.6434283022077972,0.9962138084632516,0.5,-0.7355585958749566,0.7517492464232056,0.2723735304937876,0.2248257756065876,0.3127781051860501,0.0
2021-01-07 19:40:00,0.09693165969316596,-0.23240371845949548,-0.45554728220402096,-0.48901981788966253,0.6434283022077972,0.9962138084632516,0.5,-0.7355585958749566,0.7517492464232056,0.2723735304937876,0.2248257756065876,0.3127781051860501,0.0
2021-01-07 19:50:00,0.10739191073919108,-0.22974767596281553,-0.45584512285927037,-0.49830387430815926,0.6434283022077972,0.9962138084632516,0.5,-0.7355585958749566,0.7517492464232056,0.2723735304937876,0.2248257756065876,0.3127781051860501,0.0
2021-01-07 20:00:00,0.11366806136680613,-0.2270916334661356,-0.4570364854802682,-0.5065166934475986,0.6434283022077972,0.9962138084632516,0.5,-0.7498157075040783,0.7556974428675315,0.28320028629556543,0.30123030949675006,0.2544615770748735,0.0
2021-01-07 20:10:00,0.12622036262203626,-0.22443559096945565,-0.4600148920327626,-0.5154436707730763,0.6434283022077972,0.9962138084632516,0.5,-0.7498157075040783,0.7556974428675315,0.28320028629556543,0.30123030949675006,0.2544615770748735,0.0
2021-01-07 20:20:00,0.17573221757322177,-0.2217795484727757,-0.4647803425167536,-0.5286555972147831,0.6434283022077972,0.9962138084632516,0.5,-0.7498157075040783,0.7556974428675315,0.28320028629556543,0.30123030949675006,0.2544615770748735,0.0
2021-01-07 20:30:00,0.20641562064156208,-0.21912350597609564,-0.47014147431124353,-0.5379396536332797,0.598958265171245,0.9924276169265034,0.5,-0.7498157075040783,0.7556974428675315,0.28320028629556543,0.30123030949675006,0.2544615770748735,0.0
2021-01-07 20:40:00,0.23361227336122734,-0.2509960159362551,-0.49039463886820556,-0.538653811819318,0.5881875646176599,0.9988864142538976,0.5,-0.7498157075040783,0.7556974428675315,0.28320028629556543,0.30123030949675006,0.2544615770748735,0.0
2021-01-07 20:50:00,0.2629009762900976,-0.2828685258964144,-0.5008190618019361,-0.5454383145866809,0.5881875646176599,0.9988864142538976,0.5,-0.7498157075040783,0.7556974428675315,0.28320028629556543,0.30123030949675006,0.2544615770748735,0.0
2021-01-07 21:00:00,0.2698744769874477,-0.31474103585657376,-0.5061801935964261,-0.5554365291912159,0.5909096857782257,0.9983296213808465,0.5,-0.7550729215271846,0.7486458605717707,0.285502216267031,0.3960391857503915,0.2220107390479576,0.0
2021-01-07 21:10:00,0.21827057182705717,-0.3466135458167332,-0.49724497393894274,-0.5486520264238528,0.6290062949051838,0.18463251670378616,0.5,-0.7550729215271846,0.7486458605717707,0.285502216267031,0.3960391857503915,0.2220107390479576,0.04792009294325332
2021-01-07 21:20:00,0.1924686192468619,0.05976095617529875,-0.46984363365599413,-0.4800928405641849,0.6290324691471123,0.00011135857461024499,0.5,-0.7550729215271846,0.7486458605717707,0.285502216267031,0.3960391857503915,0.2220107390479576,0.0547022345610091
2021-01-07 21:30:00,0.17852161785216178,0.5458167330677288,-0.448101265822785,-0.428673451169434,0.6305244009370378,0.00011135857461024499,0.5,-0.7550729215271846,0.7486458605717707,0.285502216267031,0.3960391857503915,0.2220107390479576,0.04810115122893312
2021-01-07 21:40:00,0.2608089260808926,0.21912350597609564,-0.4338049143708117,-0.39582217461167646,0.6455484158040072,0.00011135857461024499,0.5,-0.7550729215271846,0.7486458605717707,0.285502216267031,0.3960391857503915,0.2220107390479576,0.11065678893130347
2021-01-07 21:50:00,0.25732217573221755,-0.1394422310756973,-0.4174236783320924,-0.3747545081235494,0.6455484158040072,0.00011135857461024499,0.5,-0.7550729215271846,0.7486458605717707,0.285502216267031,0.3960391857503915,0.2220107390479576,0.1216787120720612
2021-01-07 22:00:00,0.24755927475592746,-0.49800796812749004,-0.42784810126582296,-0.37511158721656845,0.6437423931109395,0.00011135857461024499,0.5,-0.841912292714718,0.747470596855812,0.32415668290775146,0.4760483993925539,0.20485775919550475,0.13188587292725984
2021-01-07 22:10:00,0.3089260808926081,0.22709163346613526,-0.43916604616530164,-0.384038564542046,0.6316629804609284,0.00011135857461024499,0.5,-0.841912292714718,0.747470596855812,0.32415668290775146,0.4760483993925539,0.20485775919550475,0.2221057078624561
2021-01-07 22:20:00,0.38772663877266383,0.019920318725099362,-0.44005956813105007,-0.3922513836814855,0.6316629804609284,0.00011135857461024499,0.5,-0.841912292714718,0.747470596855812,0.32415668290775146,0.4760483993925539,0.20485775919550475,0.3038308915611751
2021-01-07 22:30:00,0.3542538354253836,-0.2589641434262948,-0.44035740878629936,-0.3954650955186574,0.6316629804609284,0.00011135857461024499,0.5,-0.841912292714718,0.747470596855812,0.32415668290775146,0.4760483993925539,0.20485775919550475,0.2579099838556362
2021-01-07 22:40:00,0.39400278940027894,-0.03585657370517936,-0.44035740878629936,-0.39260846277450456,0.6210100639960214,0.00011135857461024499,0.5,-0.841912292714718,0.747470596855812,0.32415668290775146,0.4760483993925539,0.20485775919550475,0.3264330008902032
2021-01-07 22:50:00,0.398186889818689,0.027888446215139417,-0.4293373045420701,-0.3883235136582752,0.6204080564316656,0.00011135857461024499,0.5,-0.841912292714718,0.747470596855812,0.32415668290775146,0.4760483993925539,0.20485775919550475,0.35378034612308945
2021-01-07 23:00:00,0.4072524407252441,0.36254980079681287,-0.42010424422933734,-0.3822531690769505,0.6204080564316656,0.00011135857461024499,0.5,-0.8734902307133259,0.72397394305287,0.30666254774393237,0.5479941771761253,0.20277463167898974,0.34069888498272405
2021-01-07 23:10:00,0.397489539748954,0.043824701195219085,-0.42010424422933734,-0.3758257454026066,0.6243472798419076,0.00011135857461024499,0.5,-0.8734902307133259,0.72397394305287,0.30666254774393237,0.5479941771761253,0.20277463167898974,0.3365873530787453
2021-01-07 23:20:00,0.41841004184100417,0.09960159362549792,-0.4367833209233061,-0.37511158721656845,0.6203557079478085,0.00011135857461024499,0.5,-0.8734902307133259,0.72397394305287,0.30666254774393237,0.5479941771761253,0.20277463167898974,0.38471113659338835
2021-01-07 23:30:00,0.43096234309623427,0.03585657370517925,-0.5410275502606107,-0.4625959650062489,0.6203557079478085,0.00011135857461024499,0.5,-0.8734902307133259,0.72397394305287,0.30666254774393237,0.5479941771761253,0.20277463167898974,0.3833154789746066
2021-01-07 23:40:00,0.3716875871687587,-0.20318725099601598,-0.5818317200297841,-0.525084806284592,0.6203557079478085,0.00011135857461024499,0.5,-0.8734902307133259,0.72397394305287,0.30666254774393237,0.5479941771761253,0.20277463167898974,0.2642394797591925
2021-01-07 23:50:00,0.3598326359832636,-0.0916334661354582,-0.5740878629932986,-0.5332976254240314,0.6150815981992122,0.00011135857461024499,0.5,-0.8734902307133259,0.72397394305287,0.30666254774393237,0.5479941771761253,0.20277463167898974,0.2533759826184046
2021-01-08 00:00:00,0.35076706415620645,-0.007968127490039945,-0.5784065524944155,-0.5350830351722906,0.6177448273154388,0.00011135857461024499,0.5,-0.8608927354636398,0.709597795446644,0.2772841538016909,0.6034931199078195,0.20562157179387366,0.25640116480830455
2021-01-08 00:10:00,0.3417015341701534,0.07569721115537842,-0.5827252419955324,-0.5368684163542226,0.6204080564316656,0.00011135857461024499,0.5,-0.8608927354636398,0.709597795446644,0.2772841538016909,0.6034931199078195,0.20562157179387366,0.2594263469982045
2021-01-08 00:20:00,0.3856345885634589,0.019920318725099362,-0.5457930007446017,-0.4797357614711658,0.6204080564316656,0.00011135857461024499,0.5,-0.8608927354636398,0.709597795446644,0.2772841538016909,0.6034931199078195,0.20562157179387366,0.3225025272719043
2021-01-08 00:30:00,0.3612273361227336,0.06772908366533859,-0.5931496649292629,-0.5357971790751651,0.6204080564316656,0.00011135857461024499,0.5,-0.8608927354636398,0.709597795446644,0.2772841538016909,0.6034931199078195,0.20562157179387366,0.2576912050937731
2021-01-08 00:40:00,0.405160390516039,-0.4103585657370519,-0.6071481757259867,-0.5682913765399036,0.6204080564316656,0.00011135857461024499,0.5,-0.8608927354636398,0.709597795446644,0.2772841538016909,0.6034931199078195,0.20562157179387366,0.30539251927516337
2021-01-08 00:50:00,0.37308228730822873,0.1872509960159361,-0.6065524944154879,-0.552222817354044,0.6119799505306828,0.00011135857461024499,0.5,-0.8608927354636398,0.709597795446644,0.2772841538016909,0.6034931199078195,0.20562157179387366,0.2797350513752886
2021-01-08 01:00:00,0.41422594142259417,0.043824701195219085,-0.6014892032762473,-0.5586502410283878,0.6204080564316656,0.00011135857461024499,0.5,-0.8586076819502753,0.6946325792297283,0.27728313928870213,0.6461068640394615,0.20832242353856092,0.3512153537426257
2021-01-08 01:10:00,0.4581589958158996,-0.17131474103585675,-0.5949367088607596,-0.5475807891447956,0.6204080564316656,0.00011135857461024499,0.5,-0.8586076819502753,0.6946325792297283,0.27728313928870213,0.6461068640394615,0.20832242353856092,0.43209559877483894
2021-01-08 01:20:00,0.4170153417015342,0.01195219123505975,-0.5895755770662696,-0.5418675236564898,0.6204080564316656,0.00011135857461024499,0.5,-0.8586076819502753,0.6946325792297283,0.27728313928870213,0.6461068640394615,0.20832242353856092,0.3601777388837757
2021-01-08 01:30:00,0.3849372384937238,0.12350597609561742,-0.5895755770662696,-0.5604356364934833,0.6204080564316656,0.00011135857461024499,0.5,-0.8586076819502753,0.6946325792297283,0.27728313928870213,0.6461068640394615,0.20832242353856092,0.3150414170828493
2021-01-08 01:40:00,0.44142259414225943,-0.4422310756972112,-0.5842144452717797,-0.5657918228887698,0.6204080564316656,0.00011135857461024499,0.5,-0.8586076819502753,0.6946325792297283,0.27728313928870213,0.6461068640394615,0.20832242353856092,0.39116888211596784
2021-01-08 01:50:00,0.4797768479776848,-0.45019920318725104,-0.5788533134772897,-0.5657918228887698,0.6204080564316656,0.00011135857461024499,0.5,-0.8586076819502753,0.6946325792297283,0.27728313928870213,0.6461068640394615,0.20832242353856092,0.5000829850476033
2021-01-08 02:00:00,0.5320781032078103,-0.42629482071713154,-0.5737900223380492,-0.5536511337261203,0.6204080564316656,0.00011135857461024499,0.5,-0.8491695914546717,0.6844603700500296,0.25756912289138234,0.6755037835904362,0.2090826321384487,0.6393092626401315
2021-01-08 02:10:00,0.5516039051603905,-0.17131474103585675,-0.5720029784065526,-0.5357971790751651,0.6204080564316656,0.00011135857461024499,0.5,-0.8491695914546717,0.6844603700500296,0.25756912289138234,0.6755037835904362,0.2090826321384487,0.6794664815848636
2021-01-08 02:20:00,0.5111576011157601,0.09163346613545809,-0.5705137751303053,-0.5465095518657384,0.6204080564316656,0.00011135857461024499,0.5,-0.8491695914546717,0.6844603700500296,0.25756912289138234,0.6755037835904362,0.2090826321384487,0.5884469725545816
2021-01-08 02:30:00,0.5104602510460251,-0.13147410358565736,-0.5725986597170515,-0.549009105516872,0.6204080564316656,0.00011135857461024499,0.5,-0.8491695914546717,0.6844603700500296,0.25756912289138234,0.6755037835904362,0.2090826321384487,0.5582328711317652
2021-01-08 02:40:00,0.5188284518828452,-0.17131474103585675,-0.5731943410275504,-0.552579896447063,0.6204080564316656,0.00011135857461024499,0.5,-0.8491695914546717,0.6844603700500296,0.25756912289138234,0.6755037835904362,0.2090826321384487,0.5929507974108665
2021-01-08 02:50:00,0.6122733612273361,-0.49800796812749004,-0.5725986597170515,-0.5518657382610248,0.6204080564316656,0.00022271714922048998,0.5,-0.8491695914546717,0.6844603700500296,0.25756912289138234,0.6755037835904362,0.2090826321384487,0.8683404499298399
2021-01-08 03:00:00,0.6234309623430963,-0.21115537848605592,-0.5725986597170515,-0.549009105516872,0.6127259164256456,0.00022271714922048998,0.5,-0.834051903410787,0.674414595108719,0.2424086212299271,0.7167780683177535,0.20824199101764038,0.8892979464972766
2021-01-08 03:10:00,0.6178521617852162,-0.20318725099601598,-0.5734921816827998,-0.5475807891447956,0.6091269581604744,0.00022271714922048998,0.5,-0.834051903410787,0.674414595108719,0.2424086212299271,0.7167780683177535,0.20824199101764038,0.8733497291669811
2021-01-08 03:20:00,0.6548117154811716,-0.19521912350597614,-0.5746835443037976,-0.5418675236564898,0.6091269581604744,0.000556792873051225,0.5,-0.834051903410787,0.674414595108719,0.2424086212299271,0.7167780683177535,0.20824199101764038,0.9960016295245712
2021-01-08 03:30:00,0.6471408647140864,0.027888446215139417,-0.5725986597170515,-0.5418675236564898,0.6091269581604744,0.00044543429844097997,0.5,-0.834051903410787,0.674414595108719,0.2424086212299271,0.7167780683177535,0.20824199101764038,0.9848514567647902
2021-01-08 03:40:00,0.6443514644351465,0.09960159362549792,-0.5725986597170515,-0.539010890912337,0.6091269581604744,0.00033407572383073496,0.5,-0.834051903410787,0.674414595108719,0.2424086212299271,0.7167780683177535,0.20824199101764038,0.97611539448074
2021-01-08 03:50:00,0.6694560669456067,0.027888446215139417,-0.5725986597170515,-0.5382967327262989,0.6091269581604744,0.0014476614699331849,0.5,-0.834051903410787,0.674414595108719,0.2424086212299271,0.7167780683177535,0.20824199101764038,0.976394676886401
2021-01-08 04:00:00,0.710599721059972,-0.02788844621513953,-0.574385703648548,-0.5365113372612034,0.6091269581604744,0.005233853006681514,0.5,-0.8471145408463614,0.6652251247819739,0.24505485154694845,0.7588294107325357,0.20928788999427125,0.9766739592920621
2021-01-08 04:10:00,0.705020920502092,-0.10756972111553798,-0.5755770662695459,-0.5311551508659168,0.6091269581604744,0.005790645879732739,0.5,-0.8471145408463614,0.6652251247819739,0.24505485154694845,0.7588294107325357,0.20928788999427125,0.9769532416977232
2021-01-08 04:20:00,0.6813110181311018,0.05976095617529875,-0.5755770662695459,-0.5311551508659168,0.6091269581604744,0.004231625835189309,0.5,-0.8471145408463614,0.6652251247819739,0.24505485154694845,0.7588294107325357,0.20928788999427125,0.9772325241033842
2021-01-08 04:30:00,0.7531380753138076,-0.003984063745020028,-0.5755770662695459,-0.5290126763078021,0.6091269581604744,0.03017817371937639,0.5,-0.8471145408463614,0.6652251247819739,0.24505485154694845,0.7588294107325357,0.20928788999427125,0.9775118819499977
2021-01-08 04:40:00,0.7649930264993027,-0.019920318725099695,-0.5755770662695459,-0.5268702017496876,0.6091269581604744,0.036302895322939864,0.5,-0.8471145408463614,0.6652251247819739,0.24505485154694845,0.7588294107325357,0.20928788999427125,0.9777910889147066
2021-01-08 04:50:00,0.8117154811715481,-0.05179282868525903,-0.5758749069247953,-0.5207998571683627,0.6091269581604744,0.055122494432071276,0.5,-0.8471145408463614,0.6652251247819739,0.24505485154694845,0.7588294107325357,0.20928788999427125,0.9780703713203674
2021-01-08 05:00:00,0.8856345885634588,-0.10756972111553798,-0.5740878629932986,-0.5136582753079806,0.6091269581604744,0.0834075723830735,0.5,-0.8319938176713341,0.6521650426571899,0.23141649981098356,0.7982877582044238,0.21100839274241165,0.978349729166981
2021-01-08 05:10:00,0.8912133891213389,-0.3545816733067729,-0.5725986597170515,-0.5093733261917515,0.6091269581604744,0.08574610244988864,0.5,-0.8319938176713341,0.6521650426571899,0.23141649981098356,0.7982877582044238,0.21100839274241165,0.9786289361316898
2021-01-08 05:20:00,0.9239888423988842,-0.45019920318725104,-0.5725986597170515,-0.5015175861453312,0.6091269581604744,0.09420935412026728,0.5,-0.8319938176713341,0.6521650426571899,0.23141649981098356,0.7982877582044238,0.21100839274241165,0.9789082185373509
2021-01-08 05:30:00,0.9400278940027894,-0.3067729083665339,-0.5752792256142965,-0.4990180324941974,0.6091269581604744,0.10100222717149221,0.5,-0.8319938176713341,0.6521650426571899,0.23141649981098356,0.7982877582044238,0.21100839274241165,0.9791875763839643
2021-01-08 05:40:00,0.9490934449093444,-0.2270916334661356,-0.5755770662695459,-0.4990180324941974,0.6091269581604744,0.11414253897550111,0.5,-0.8319938176713341,0.6521650426571899,0.23141649981098356,0.7982877582044238,0.21100839274241165,0.9794668587896254
2021-01-08 05:50:00,0.9581589958158996,-0.4422310756972112,-0.5761727475800448,-0.49401892519193,0.6091269581604744,0.10623608017817371,0.5,-0.8319938176713341,0.6521650426571899,0.23141649981098356,0.7982877582044238,0.21100839274241165,0.9797460657543342
2021-01-08 06:00:00,0.9511854951185496,-0.33864541832669326,-0.5812360387192852,-0.4958043206570255,0.6091269581604744,0.10679287305122495,0.5,-0.8412715465127177,0.633711390862829,0.23586678785024318,0.8530332126423847,0.20572318315490465,0.9800254236009475
2021-01-08 06:10:00,0.9825662482566249,-0.29083665338645437,-0.5845122859270291,-0.4990180324941974,0.6091269581604744,0.11146993318485524,0.5,-0.8412715465127177,0.633711390862829,0.23586678785024318,0.8530332126423847,0.20572318315490465,0.9803047060066087
2021-01-08 06:20:00,0.898186889818689,-0.3545816733067729,-0.5889798957557708,-0.500803427959293,0.6091269581604744,0.09220489977728284,0.5,-0.8412715465127177,0.633711390862829,0.23586678785024318,0.8530332126423847,0.20572318315490465,0.9805839129713174
2021-01-08 06:30:00,0.9449093444909346,-0.31474103585657376,-0.5928518242740135,-0.504374218889484,0.6091269581604744,0.10400890868596882,0.5,-0.8412715465127177,0.633711390862829,0.23586678785024318,0.8530332126423847,0.20572318315490465,0.9808632708179309
2021-01-08 06:40:00,0.9379358437935843,-0.3944223107569722,-0.5940431868950112,-0.5079450098196749,0.6091269581604744,0.10189309576837417,0.5,-0.8412715465127177,0.633711390862829,0.23586678785024318,0.8530332126423847,0.20572318315490465,0.9811425532235919
2021-01-08 06:50:00,0.9811715481171548,-0.38645418326693237,-0.595234549516009,-0.5090162470987323,0.6091269581604744,0.11247216035634744,0.5,-0.8412715465127177,0.633711390862829,0.23586678785024318,0.8530332126423847,0.20572318315490465,0.9814219110702054
2021-01-08 07:00:00,0.9456066945606695,-0.33864541832669326,-0.592553983618764,-0.5025888234243885,0.6091269581604744,0.10590200445434299,0.5,-0.8313963304263893,0.6171916082147773,0.22721882550592182,0.8673770918186591,0.20908839853601846,0.9817010425939618
2021-01-08 07:10:00,0.9762900976290098,-0.3227091633466136,-0.5934475055845123,-0.5065166934475986,0.6091269581604744,0.11247216035634744,0.5,-0.8313963304263893,0.6171916082147773,0.22721882550592182,0.8673770918186591,0.20908839853601846,0.9819804004405751
2021-01-08 07:20:00,0.9870990934449094,-0.1633466135458168,-0.5907669396872675,-0.5033029816104266,0.6091269581604744,0.12416481069042316,0.5,-0.8313963304263893,0.6171916082147773,0.22721882550592182,0.8673770918186591,0.20908839853601846,0.9822596828462362
2021-01-08 07:30:00,0.9897141329614134,0.043824701195219085,-0.587192851824274,-0.5090162470987323,0.6091269581604744,0.12015590200445433,0.5,-0.8313963304263893,0.6171916082147773,0.22721882550592182,0.8673770918186591,0.20908839853601846,0.9825389652518974
2021-01-08 07:40:00,0.9923291724779172,-0.059760956175298974,-0.5904690990320179,-0.5093733261917515,0.6091269581604744,0.1370824053452116,0.5,-0.8313963304263893,0.6171916082147773,0.22721882550592182,0.8673770918186591,0.20908839853601846,0.9828182476575584
2021-01-08 07:50:00,0.9949442119944212,-0.2509960159362551,-0.5907669396872675,-0.5029459025174077,0.6091269581604744,0.1267260579064588,0.5,-0.8313963304263893,0.6171916082147773,0.22721882550592182,0.8673770918186591,0.20908839853601846,0.9830975300632195
2021-01-08 08:00:00,0.9934623430962343,-0.47410358565737054,-0.5904690990320179,-0.5025888234243885,0.6091269581604744,0.133184855233853,0.5,-0.8364174045759771,0.6029735034065418,0.2474167645988736,0.8821715650047441,0.20703278839541583,0.983376887909833
2021-01-08 08:10:00,0.9919804741980474,-0.3944223107569722,-0.5836187639612809,-0.5000892697732547,0.6091269581604744,0.13084632516703787,0.5,-0.8364174045759771,0.6029735034065418,0.2474167645988736,0.8821715650047441,0.20703278839541583,0.9836560948745418
2021-01-08 08:20:00,0.9904986750348675,-0.3705179282868527,-0.5865971705137751,-0.4990180324941974,0.6091269581604744,0.12338530066815145,0.5,-0.8364174045759771,0.6029735034065418,0.2474167645988736,0.8821715650047441,0.20703278839541583,0.9839353772802027
2021-01-08 08:30:00,0.9890168061366806,-0.36254980079681276,-0.5845122859270291,-0.4990180324941974,0.6091269581604744,0.12583518930957685,0.5,-0.8364174045759771,0.6029735034065418,0.2474167645988736,0.8821715650047441,0.20703278839541583,0.9842147351268162
2021-01-08 08:40:00,0.9875348675034868,-0.38645418326693237,-0.5845122859270291,-0.4990180324941974,0.6091269581604744,0.12405345211581292,0.5,-0.8364174045759771,0.6029735034065418,0.2474167645988736,0.8821715650047441,0.20703278839541583,0.9844939420915251
2021-01-08 08:50:00,0.9860529986052999,-0.4183266932270917,-0.5862993298585257,-0.4990180324941974,0.6091269581604744,0.1202672605790646,0.5,-0.8364174045759771,0.6029735034065418,0.2474167645988736,0.8821715650047441,0.20703278839541583,0.9847732244971861
2021-01-08 09:00:00,0.9872152719665273,-0.3227091633466136,-0.5868950111690248,-0.4990180324941974,0.6091269581604744,0.12895322939866372,0.5,-0.833960315827075,0.6128612355498618,0.24952657117309535,0.8520441479418771,0.21098087508862734,0.9850525823437996
2021-01-08 09:10:00,0.9883774755927476,-0.21912350597609564,-0.5860014892032763,-0.4990180324941974,0.6091269581604744,0.1339643652561247,0.5,-0.833960315827075,0.6128612355498618,0.24952657117309535,0.8520441479418771,0.21098087508862734,0.9853318647494607
2021-01-08 09:20:00,0.9895397489539749,-0.2749003984063746,-0.5845122859270291,-0.500803427959293,0.6091269581604744,0.11915367483296213,0.5,-0.833960315827075,0.6128612355498618,0.24952657117309535,0.8520441479418771,0.21098087508862734,0.9856110717141693
2021-01-08 09:30:00,0.9323570432357042,-0.3784860557768924,-0.587192851824274,-0.5018746652383503,0.6091269581604744,0.10590200445434299,0.5,-0.833960315827075,0.6128612355498618,0.24952657117309535,0.8520441479418771,0.21098087508862734,0.9858904295607828
2021-01-08 09:40:00,0.9330543933054394,-0.3227091633466136,-0.5848101265822786,-0.5015175861453312,0.6091269581604744,0.1036748329621381,0.5,-0.833960315827075,0.6128612355498618,0.24952657117309535,0.8520441479418771,0.21098087508862734,0.9861697119664439
2021-01-08 09:50:00,0.9414225941422594,-0.2749003984063746,-0.5830230826507818,-0.5025888234243885,0.6091269581604744,0.10534521158129177,0.5,-0.833960315827075,0.6128612355498618,0.24952657117309535,0.8520441479418771,0.21098087508862734,0.9864489189311527
2021-01-08 10:00:00,0.902370990237099,-0.3705179282868527,-0.579746835443038,-0.5025888234243885,0.6091269581604744,0.09487750556792873,0.5,-0.6708626743240913,0.6331165752413022,0.18637973195805954,0.8482469170016559,0.21480123212988786,0.986728276777766
2021-01-08 10:10:00,0.8737796373779637,-0.36254980079681276,-0.5740878629932986,-0.5025888234243885,0.6091269581604744,0.08552338530066815,0.5,-0.6708626743240913,0.6331165752413022,0.18637973195805954,0.8482469170016559,0.21480123212988786,0.9870075591834272
2021-01-08 10:20:00,0.8856345885634588,-0.1394422310756973,-0.5651526433358154,-0.5022317443313693,0.6091269581604744,0.08897550111358575,0.5,-0.6708626743240913,0.6331165752413022,0.18637973195805954,0.8482469170016559,0.21480123212988786,0.9872868415890883
2021-01-08 10:30:00,0.8235704323570433,0.05179282868525892,-0.5588979895755771,-0.5025888234243885,0.6091269581604744,0.06792873051224944,0.5,-0.6708626743240913,0.6331165752413022,0.18637973195805954,0.8482469170016559,0.21480123212988786,0.9875660485537969
2021-01-08 10:40:00,0.8654114365411437,0.043824701195219085,-0.5499627699180939,-0.4993751115872166,0.6091269581604744,0.08173719376391982,0.5,-0.6708626743240913,0.6331165752413022,0.18637973195805954,0.8482469170016559,0.21480123212988786,0.9878454064004104
2021-01-08 10:50:00,0.8193863319386332,0.17131474103585642,-0.5398361876396129,-0.4925906088198535,0.6105141929826857,0.06703786191536748,0.5,-0.6708626743240913,0.6331165752413022,0.18637973195805954,0.8482469170016559,0.21480123212988786,0.9881246888060715
2021-01-08 11:00:00,0.8152022315202231,-0.0916334661354582,-0.5329858525688758,-0.49009105516871976,0.619217128423918,0.06503340757238307,0.5,-0.6608826294775272,0.6341223021376002,0.2178840378682191,0.8270469389622194,0.22220673265479327,0.9884039712117326
2021-01-08 11:10:00,0.8758716875871688,-0.02788844621513953,-0.526433358153388,-0.48687734333154786,0.619217128423918,0.08351893095768374,0.5,-0.6608826294775272,0.6341223021376002,0.2178840378682191,0.8270469389622194,0.22220673265479327,0.9886832536173936
2021-01-08 11:20:00,0.8584379358437936,0.08366533864541825,-0.5222635889798959,-0.4815211569362614,0.619217128423918,0.07772828507795101,0.5,-0.6608826294775272,0.6341223021376002,0.2178840378682191,0.8270469389622194,0.22220673265479327,0.9889625360230548
2021-01-08 11:30:00,0.7740585774058577,0.14741035856573692,-0.516306775874907,-0.4811640778432422,0.6213241548991637,0.046993318485523385,0.5,-0.6608826294775272,0.6341223021376002,0.2178840378682191,0.8270469389622194,0.22220673265479327,0.9892418938696683
2021-01-08 11:40:00,0.8131101813110182,0.027888446215139417,-0.5121370067014148,-0.47759328691305125,0.6251455942207275,0.06002227171492205,0.5,-0.6608826294775272,0.6341223021376002,0.2178840378682191,0.8270469389622194,0.22220673265479327,0.9895211008343769
2021-01-08 11:50:00,0.6673640167364017,-0.17131474103585675,-0.5088607594936709,-0.4718800214247456,0.6240855374226224,0.015812917594654786,0.5,-0.6608826294775272,0.6341223021376002,0.2178840378682191,0.8270469389622194,0.22220673265479327,0.989800383240038
2021-01-08 12:00:00,0.8270571827057183,0.03585657370517925,-0.49754281459419225,-0.4704517050526692,0.6288885108165054,0.06636971046770601,0.5,-0.6672085765468413,0.6267431402241924,0.2361409599854519,0.9513775250781799,0.23644715850174217,0.9846154020248351
2021-01-08 12:10:00,0.8898186889818689,-0.07569721115537853,-0.4883097542814595,-0.46295304409926796,0.6289146850584341,0.08897550111358575,0.5,-0.6672085765468413,0.6267431402241924,0.2361409599854519,0.9513775250781799,0.23644715850174217,0.9794304208096324
2021-01-08 12:20:00,0.8417015341701535,-0.08366533864541836,-0.48294862248696957,-0.45688269951794314,0.6289146850584341,0.07026726057906459,0.5,-0.6672085765468413,0.6267431402241924,0.2361409599854519,0.9513775250781799,0.23644715850174217,0.9742453641534771
2021-01-08 12:30:00,0.8172942817294282,0.09960159362549792,-0.47818317200297844,-0.4547402249598286,0.6261663896559396,0.05846325167037862,0.5,-0.6672085765468413,0.6267431402241924,0.2361409599854519,0.9513775250781799,0.23644715850174217,0.9690603829382742
2021-01-08 12:40:00,0.7677824267782427,-0.07569721115537853,-0.4716306775874908,-0.44902695947152294,0.6235227912211593,0.0378619153674833,0.5,-0.6672085765468413,0.6267431402241924,0.2361409599854519,0.9513775250781799,0.23644715850174217,0.9638753262821189
2021-01-08 12:50:00,0.7705718270571827,0.06772908366533859,-0.46299329858525695,-0.44581324763435104,0.6187329049482404,0.04810690423162584,0.5,-0.6672085765468413,0.6267431402241924,0.2361409599854519,0.9513775250781799,0.23644715850174217,0.9586902696259638
2021-01-08 13:00:00,0.7071129707112971,0.1872509960159361,-0.45524944154877145,-0.44545616854133185,0.6187329049482404,0.016815144766146994,0.5,-0.49180154378109975,0.612685951719364,0.13951240223106626,0.9723544663154088,0.24594019637013992,0.9535052884107609
2021-01-08 13:10:00,0.7370990237099024,0.2669322709163344,-0.4463142218912882,-0.44259953579717903,0.624268757116122,0.02182628062360802,0.5,-0.49180154378109975,0.612685951719364,0.13951240223106626,0.9723544663154088,0.24594019637013992,0.948320307195558
2021-01-08 13:20:00,0.7182705718270572,-0.13147410358565736,-0.4415487714072971,-0.42974468844849134,0.6314797607674287,0.01714922048997773,0.5,-0.49180154378109975,0.612685951719364,0.13951240223106626,0.9723544663154088,0.24594019637013992,0.9431353259803553
2021-01-08 13:30:00,0.7182705718270572,-0.298804780876494,-0.4370811615785556,-0.42617389751830026,0.6286005941552918,0.018819599109131405,0.5,-0.49180154378109975,0.612685951719364,0.13951240223106626,0.9723544663154088,0.24594019637013992,0.9379502693242
2021-01-08 13:40:00,0.6771269177126918,0.05976095617529875,-0.43112434847356673,-0.42331726477414755,0.6298307835259321,0.008129175946547884,0.5,-0.49180154378109975,0.612685951719364,0.13951240223106626,0.9723544663154088,0.24594019637013992,0.9327652881089971
2021-01-08 13:50:00,0.7740585774058577,-0.1872509960159363,-0.42814594192107225,-0.4204606320299946,0.6351834160003141,0.034409799554565704,0.5,-0.49180154378109975,0.612685951719364,0.13951240223106626,0.9723544663154088,0.24594019637013992,0.9275803068937942
2021-01-08 14:00:00,0.7217573221757322,0.09163346613545809,-0.42457185405807896,-0.41546152472772724,0.6289408593003626,0.03351893095768374,0.5,-0.49161426618366955,0.5894220518552789,0.14826764932394756,0.9419294257613106,0.24996318232122225,0.9223952502376391
2021-01-08 14:10:00,0.7168758716875872,-0.06772908366533881,-0.4189128816083396,-0.4097482592394215,0.6255120336077267,0.01714922048997773,0.5,-0.49161426618366955,0.5894220518552789,0.14826764932394756,0.9419294257613106,0.24996318232122225,0.9172101935814838
2021-01-08 14:20:00,0.6792189679218968,-0.02788844621513953,-0.41563663440059584,-0.4061774683092304,0.6323173365091413,0.012806236080178173,0.5,-0.49161426618366955,0.5894220518552789,0.14826764932394756,0.9419294257613106,0.24996318232122225,0.9120252123662809
2021-01-08 14:30:00,0.7447698744769874,0.003984063745019917,-0.41146686522710363,-0.4061774683092304,0.6286398555181846,0.02962138084632517,0.5,-0.49161426618366955,0.5894220518552789,0.14826764932394756,0.9419294257613106,0.24996318232122225,0.9068402311510781
2021-01-08 14:40:00,0.6847977684797769,0.05179282868525892,-0.4058078927773642,-0.40546331012319237,0.6312572797110364,0.032628062360801784,0.5,-0.49161426618366955,0.5894220518552789,0.14826764932394756,0.9419294257613106,0.24996318232122225,0.9016551744949229
2021-01-08 14:50:00,0.6596931659693167,-0.08366533864541836,-0.40431868950111693,-0.4018925191930012,0.6409940977084451,0.0071269487750556795,0.5,-0.49161426618366955,0.5894220518552789,0.14826764932394756,0.9419294257613106,0.24996318232122225,0.9366522322977805
2021-01-08 15:00:00,0.6464435146443515,0.10756972111553775,-0.4028294862248698,-0.39903588644884846,0.6395545144023767,0.004788418708240535,0.5,-0.4978191081850817,0.583203786130739,0.15590604443034273,0.9057917680928634,0.2515396735137109,0.9567195256272916
2021-01-08 15:10:00,0.6352859135285913,0.09960159362549792,-0.4028294862248698,-0.4015354400999822,0.6403920901440893,0.005011135857461025,0.5,-0.4978191081850817,0.583203786130739,0.15590604443034273,0.9057917680928634,0.2515396735137109,0.9412843067730887
2021-01-08 15:20:00,0.7440725244072525,-0.1633466135458168,-0.4022338049143709,-0.40082128191394384,0.6401957833296253,0.026837416481069045,0.5,-0.4978191081850817,0.583203786130739,0.15590604443034273,0.9057917680928634,0.2515396735137109,0.9523238076557479
2021-01-08 15:30:00,0.6959553695955369,0.11553784860557759,-0.40044676098287424,-0.4004642028209249,0.6394629045556268,0.016146993318485525,0.5,-0.4978191081850817,0.583203786130739,0.15590604443034273,0.9057917680928634,0.2515396735137109,0.9633633839793594
2021-01-08 15:40:00,0.6555090655509066,0.01195219123505975,-0.4055100521221148,-0.39903588644884846,0.645129627933151,0.004342984409799555,0.5,-0.4978191081850817,0.583203786130739,0.15590604443034273,0.9057917680928634,0.2515396735137109,0.9744028848620184
2021-01-08 15:50:00,0.6317991631799164,-0.09960159362549814,-0.4064035740878631,-0.39903588644884846,0.6434675635706901,0.0027839643652561247,0.5,-0.4978191081850817,0.583203786130739,0.15590604443034273,0.9057917680928634,0.2515396735137109,0.9001765318285379
2021-01-08 16:00:00,0.6520223152022315,-0.059760956175298974,-0.40759493670886093,-0.3997500446348865,0.6353928099357422,0.005679287305122495,0.5,-0.45625805685567744,0.5893243526710681,0.1309089516441261,0.8525687861920641,0.2555115677151616,0.9299606198228647
2021-01-08 16:10:00,0.605997210599721,-0.10756972111553798,-0.4099776619508564,-0.4004642028209249,0.636544476580597,0.0024498886414253897,0.5,-0.45625805685567744,0.5893243526710681,0.1309089516441261,0.8525687861920641,0.2555115677151616,0.8487861550764216
2021-01-08 16:20:00,0.5808926080892608,-0.1394422310756973,-0.41295606850335087,-0.404749151937154,0.6344897985892084,0.00044543429844097997,0.5,-0.45625805685567744,0.5893243526710681,0.1309089516441261,0.8525687861920641,0.2555115677151616,0.7903646815637402
2021-01-08 16:30:00,0.6032078103207811,-0.12350597609561753,-0.4147431124348474,-0.4065345474022497,0.6340971849602806,0.0008908685968819599,0.5,-0.45625805685567744,0.5893243526710681,0.1309089516441261,0.8525687861920641,0.2555115677151616,0.8098284472743185
2021-01-08 16:40:00,0.5662482566248256,-0.03585657370517936,-0.41712583767684297,-0.4097482592394215,0.6314143251626075,0.00022271714922048998,0.5,-0.45625805685567744,0.5893243526710681,0.1309089516441261,0.8525687861920641,0.2555115677151616,0.7192314075772893
2021-01-08 16:50:00,0.5913528591352859,-0.08366533864541836,-0.4174236783320924,-0.4111765756114979,0.62871837824397,0.00033407572383073496,0.5,-0.45625805685567744,0.5893243526710681,0.1309089516441261,0.8525687861920641,0.2555115677151616,0.7835448194698009
2021-01-08 17:00:00,0.5013947001394701,0.05179282868525892,-0.414445271779598,-0.41688984109980365,0.6406407454424101,0.00011135857461024499,0.5,-0.47112686414586247,0.5996287430999964,0.13497499288889803,0.8002837884108048,0.2555930817134984,0.5867193747453868
2021-01-08 17:10:00,0.5258019525801952,-0.059760956175298974,-0.4174236783320924,-0.4172469201928227,0.6408370522568739,0.00022271714922048998,0.5,-0.47112686414586247,0.5996287430999964,0.13497499288889803,0.8002837884108048,0.2555930817134984,0.5913137287445116
2021-01-08 17:20:00,0.4909344490934449,0.15537848605577675,-0.4183172002978408,-0.4243885020532049,0.631492847888393,0.009020044543429844,0.5,-0.47112686414586247,0.5996287430999964,0.13497499288889803,0.8002837884108048,0.2555930817134984,0.5406702174208247
2021-01-08 17:30:00,0.45536959553695955,0.1633466135458166,-0.42069992553983626,-0.428673451169434,0.6319770713640706,0.025501113585746103,0.5,-0.47112686414586247,0.5996287430999964,0.13497499288889803,0.8002837884108048,0.2555930817134984,0.4147668120162349
2021-01-08 17:40:00,0.4818688981868898,-0.08366533864541836,-0.4260610573343262,-0.43117300482056775,0.6333512190653179,0.00011135857461024499,0.5,-0.47112686414586247,0.5996287430999964,0.13497499288889803,0.8002837884108048,0.2555930817134984,0.48981547143051135
2021-01-08 17:50:00,0.37796373779637377,0.11553784860557759,-0.42844378257632176,-0.43760042849491165,0.6278153668974362,0.00011135857461024499,0.5,-0.47112686414586247,0.5996287430999964,0.13497499288889803,0.8002837884108048,0.2555930817134984,0.3089457881316294
2021-01-08 18:00:00,0.37866108786610875,0.09163346613545809,-0.432613551749814,-0.44581324763435104,0.6338877910248525,0.00011135857461024499,0.5,-0.6009421247185416,0.5980023390334105,0.18304769086064562,0.7255872535360409,0.24101580982963888,0.29401602365828267
2021-01-08 18:10:00,0.35006973500697347,-0.14741035856573714,-0.4373790022338051,-0.45366898768077124,0.6332857834604965,0.00011135857461024499,0.5,-0.6009421247185416,0.5980023390334105,0.18304769086064562,0.7255872535360409,0.24101580982963888,0.2602788297599469
2021-01-08 18:20:00,0.41143654114365413,-0.10756972111553798,-0.4418466120625466,-0.4590251740760578,0.6267945714622241,0.00011135857461024499,0.5,-0.6009421247185416,0.5980023390334105,0.18304769086064562,0.7255872535360409,0.24101580982963888,0.3553268856466044
2021-01-08 18:30:00,0.42747559274755925,-0.14741035856573714,-0.4445271779597916,-0.4611676486341725,0.6281294578005785,0.00011135857461024499,0.5,-0.6009421247185416,0.5980023390334105,0.18304769086064562,0.7255872535360409,0.24101580982963888,0.37384009535736384
2021-01-08 18:40:00,0.402370990237099,-0.17928286852589637,-0.44750558451228606,-0.4658096768434208,0.6250016358901206,0.00011135857461024499,0.5,-0.6009421247185416,0.5980023390334105,0.18304769086064562,0.7255872535360409,0.24101580982963888,0.31393997917829713
2021-01-08 18:50:00,0.40376569037656906,0.31474103585657365,-0.4540580789277737,-0.4750937332619175,0.6267945714622241,0.00011135857461024499,0.5,-0.6009421247185416,0.5980023390334105,0.18304769086064562,0.7255872535360409,0.24101580982963888,0.33955972660198863
2021-01-08 19:00:00,0.4428172942817294,-0.14741035856573714,-0.45912137006701415,-0.4786645241921086,0.6341102720812448,0.00011135857461024499,0.5,-0.6032261776392217,0.6260247638696939,0.18333175449749461,0.649414535075364,0.24545827925204103,0.3881210676403579
2021-01-08 19:10:00,0.3842398884239888,-0.12350597609561753,-0.46358897989575587,-0.48223531512229956,0.6268730941880095,0.00011135857461024499,0.5,-0.6032261776392217,0.6260247638696939,0.18333175449749461,0.649414535075364,0.24545827925204103,0.29334459918222006
2021-01-08 19:20:00,0.3814504881450488,0.09163346613545809,-0.46656738644825024,-0.49009105516871976,0.6196359162947743,0.00011135857461024499,0.5,-0.6032261776392217,0.6260247638696939,0.18333175449749461,0.649414535075364,0.24545827925204103,0.27978786004194517
2021-01-08 19:30:00,0.40027894002789405,-0.21115537848605592,-0.4615040953090098,-0.4786645241921086,0.6219523367054481,0.00011135857461024499,0.5,-0.6032261776392217,0.6260247638696939,0.18333175449749461,0.649414535075364,0.24545827925204103,0.3274816301280987
2021-01-08 19:40:00,0.4302649930264993,0.14741035856573692,-0.4424422933730455,-0.42938760935547216,0.615631257279711,0.00011135857461024499,0.5,-0.6032261776392217,0.6260247638696939,0.18333175449749461,0.649414535075364,0.24545827925204103,0.3728518188813616
2021-01-08 19:50:00,0.4379358437935844,0.19521912350597592,-0.4638868205510053,-0.4686663095875737,0.615631257279711,0.00011135857461024499,0.5,-0.6032261776392217,0.6260247638696939,0.18333175449749461,0.649414535075364,0.24545827925204103,0.37459450488102963
2021-01-08 20:00:00,0.3486750348675035,0.36254980079681287,-0.4716306775874908,-0.49044813426173894,0.615631257279711,0.00011135857461024499,0.5,-0.6068151368327173,0.6428663791245596,0.18561707181876944,0.6361187299716285,0.23403157337915786,0.22780904386136974
2021-01-08 20:10:00,0.3521617852161785,0.17928286852589648,-0.45852568875651534,-0.4800928405641849,0.615631257279711,0.00011135857461024499,0.5,-0.6068151368327173,0.6428663791245596,0.18561707181876944,0.6361187299716285,0.23403157337915786,0.24131297433498802
2021-01-08 20:20:00,0.402370990237099,0.3306772908366533,-0.4495904690990321,-0.4365291912158543,0.615631257279711,0.00011135857461024499,0.5,-0.6068151368327173,0.6428663791245596,0.18561707181876944,0.6361187299716285,0.23403157337915786,0.3228797320337372
2021-01-08 20:30:00,0.41352859135285913,0.05976095617529875,-0.4734177215189874,-0.48223531512229956,0.615631257279711,0.00011135857461024499,0.5,-0.6068151368327173,0.6428663791245596,0.18561707181876944,0.6361187299716285,0.23403157337915786,0.34001991641142476
2021-01-08 20:40:00,0.4107391910739191,0.2350597609561753,-0.4811615785554729,-0.49794679521514007,0.615631257279711,0.00011135857461024499,0.5,-0.6068151368327173,0.6428663791245596,0.18561707181876944,0.6361187299716285,0.23403157337915786,0.34243402688715546
2021-01-08 20:50:00,0.37517433751743373,-0.11553784860557781,-0.48533134772896513,-0.5090162470987323,0.6219654238264124,0.00011135857461024499,0.5,-0.6068151368327173,0.6428663791245596,0.18561707181876944,0.6361187299716285,0.23403157337915786,0.2730057184241894
2021-01-08 21:00:00,0.3884239888423989,0.298804780876494,-0.4766939687267312,-0.5018746652383503,0.6156181701587468,0.00011135857461024499,0.5,-0.6073159334712595,0.6357515797096026,0.1854420683282107,0.6272041108178995,0.2243549863967522,0.29445358118200887
2021-01-08 21:10:00,0.4086471408647141,0.2589641434262948,-0.4531645569620254,-0.44902695947152294,0.6180916360209917,0.00011135857461024499,0.5,-0.6073159334712595,0.6357515797096026,0.1854420683282107,0.6272041108178995,0.2243549863967522,0.33132911869879444
2021-01-08 21:20:00,0.37308228730822873,-0.23505976095617542,-0.4835443037974684,-0.48723442242456705,0.6228422609310177,0.00011135857461024499,0.5,-0.6073159334712595,0.6357515797096026,0.1854420683282107,0.6272041108178995,0.2243549863967522,0.27603090061408936
2021-01-08 21:30:00,0.3800557880055788,0.21912350597609564,-0.4930752047654505,-0.5086591680057133,0.615578908795854,0.00011135857461024499,0.5,-0.6073159334712595,0.6357515797096026,0.1854420683282107,0.6272041108178995,0.2243549863967522,0.28147019327972
2021-01-08 21:40:00,0.3814504881450488,0.05976095617529875,-0.49873417721519,-0.5222281735404393,0.615578908795854,0.00011135857461024499,0.5,-0.6073159334712595,0.6357515797096026,0.1854420683282107,0.6272041108178995,0.2243549863967522,0.280232961660908
2021-01-08 21:50:00,0.3612273361227336,-0.21912350597609564,-0.4719285182427403,-0.4786645241921086,0.615578908795854,0.00011135857461024499,0.5,-0.6073159334712595,0.6357515797096026,0.1854420683282107,0.6272041108178995,0.2243549863967522,0.24381761395355855
2021-01-08 22:00:00,0.32984658298465835,-0.2509960159362551,-0.47818317200297844,-0.4668809141224781,0.615578908795854,0.00011135857461024499,0.5,-0.6524669779399331,0.6340418439858967,0.21015395615046598,0.578538918065093,0.22862287418694915,0.2114534453882946
2021-01-08 22:10:00,0.3326359832635983,-0.33067729083665354,-0.457632166790767,-0.42760221389037667,0.615578908795854,0.00011135857461024499,0.5,-0.6524669779399331,0.6340418439858967,0.21015395615046598,0.578538918065093,0.22862287418694915,0.22200009052914282
2021-01-08 22:20:00,0.3096234309623431,-0.23505976095617542,-0.49426656738644836,-0.48080699875022315,0.615578908795854,0.00011135857461024499,0.5,-0.6524669779399331,0.6340418439858967,0.21015395615046598,0.578538918065093,0.22862287418694915,0.17926279101347375
2021-01-08 22:30:00,0.3117154811715481,-0.4103585657370519,-0.4912881608339539,-0.4947330833779682,0.615578908795854,0.00011135857461024499,0.5,-0.6524669779399331,0.6340418439858967,0.21015395615046598,0.578538918065093,0.22862287418694915,0.17806327987084508
2021-01-08 22:40:00,0.3193863319386332,-0.4661354581673308,-0.4457185405807893,-0.4093911801464024,0.615578908795854,0.00011135857461024499,0.5,-0.6524669779399331,0.6340418439858967,0.21015395615046598,0.578538918065093,0.22862287418694915,0.18917573215444272
2021-01-08 22:50:00,0.31520223152022314,-0.4342629482071714,-0.4308265078183172,-0.3633279771469381,0.615578908795854,0.00011135857461024499,0.5,-0.6524669779399331,0.6340418439858967,0.21015395615046598,0.578538918065093,0.22862287418694915,0.1960106824388551
2021-01-08 23:00:00,0.32914923291492326,-0.4103585657370519,-0.460312732688012,-0.4004642028209249,0.6106058028294357,0.00011135857461024499,0.5,-0.691704286172176,0.6292488369486839,0.21935888612560916,0.5033542698157368,0.21898154303486608,0.21558006548274666
2021-01-08 23:10:00,0.36750348675034866,0.1394422310756971,-0.4561429635145199,-0.39796464916979113,0.6016803863318109,0.00011135857461024499,0.5,-0.691704286172176,0.6292488369486839,0.21935888612560916,0.5033542698157368,0.21898154303486608,0.25649169395114446
2021-01-08 23:20:00,0.3493723849372385,-0.12350597609561753,-0.4793745346239763,-0.4479557221924656,0.6016803863318109,0.00011135857461024499,0.5,-0.691704286172176,0.6292488369486839,0.21935888612560916,0.5033542698157368,0.21898154303486608,0.23564735881225765
2021-01-08 23:30:00,0.32984658298465835,-0.003984063745020028,-0.47014147431124353,-0.42331726477414755,0.6016803863318109,0.00011135857461024499,0.5,-0.691704286172176,0.6292488369486839,0.21935888612560916,0.5033542698157368,0.21898154303486608,0.20368302729453658
2021-01-08 23:40:00,0.33751743375174337,-0.003984063745020028,-0.47818317200297844,-0.4543831458668094,0.6016803863318109,0.00011135857461024499,0.5,-0.691704286172176,0.6292488369486839,0.21935888612560916,0.5033542698157368,0.21898154303486608,0.20308704377084055
2021-01-08 23:50:00,0.28521617852161785,0.3705179282868525,-0.429932985852569,-0.3790394572397786,0.6016803863318109,0.00011135857461024499,0.5,-0.691704286172176,0.6292488369486839,0.21935888612560916,0.5033542698157368,0.21898154303486608,0.14309639844893401
2021-01-09 00:00:00,0.28172942817294283,0.49003984063745,-0.4072970960536114,-0.3379753615425817,0.6042847234036984,0.00011135857461024499,0.5,-0.6943751348715557,0.6168812696296334,0.22066507159862014,0.5006875018567903,0.21821677622440902,0.12963773254673566
2021-01-09 00:10:00,0.2510460251046025,0.01195219123505975,-0.39359642591213706,-0.31619353686841634,0.615578908795854,0.00011135857461024499,0.5,-0.6943751348715557,0.6168812696296334,0.22066507159862014,0.5006875018567903,0.21821677622440902,0.09969521855243901
2021-01-09 00:20:00,0.22663877266387727,-0.003984063745020028,-0.3867460908413999,-0.2940546331012319,0.615578908795854,0.00011135857461024499,0.5,-0.6943751348715557,0.6168812696296334,0.22066507159862014,0.5006875018567903,0.21821677622440902,0.07905457398494199
2021-01-09 00:30:00,0.21269177126917713,0.15537848605577675,-0.3795979151154134,-0.2769148366363149,0.615578908795854,0.00011135857461024499,0.5,-0.6943751348715557,0.6168812696296334,0.22066507159862014,0.5006875018567903,0.21821677622440902,0.05896464836972102
2021-01-09 00:40:00,0.198744769874477,0.38645418326693215,-0.3790022338049145,-0.2619175147295125,0.615578908795854,0.00011135857461024499,0.5,-0.6943751348715557,0.6168812696296334,0.22066507159862014,0.5006875018567903,0.21821677622440902,0.05211460989483531
2021-01-09 00:50:00,0.15760111576011157,0.6414342629482073,-0.3801935964259122,-0.2512051419389395,0.615578908795854,0.00011135857461024499,0.5,-0.6943751348715557,0.6168812696296334,0.22066507159862014,0.5006875018567903,0.21821677622440902,0.0247295441857658
2021-01-09 01:00:00,0.099721059972106,0.49003984063745,-0.38883097542814604,-0.23585074093911806,0.6391749878944131,0.3149220489977729,0.5,-0.7293659611042942,0.6254213277319133,0.24485004673734526,0.4166207090460655,0.2259712702339968,0.0
2021-01-09 01:10:00,0.12343096234309624,0.43824701195219085,-0.42338049143708123,-0.24656311372969109,0.6484930180209655,0.99543429844098,0.5,-0.7293659611042942,0.6254213277319133,0.24485004673734526,0.4166207090460655,0.2259712702339968,0.0
2021-01-09 01:20:00,0.16387726638772665,0.38645418326693215,-0.4457185405807893,-0.27941439028744863,0.6484930180209655,0.99543429844098,0.5,-0.7293659611042942,0.6254213277319133,0.24485004673734526,0.4166207090460655,0.2259712702339968,0.0
2021-01-09 01:30:00,0.15202231520223153,0.33466135458167323,-0.4448250186150411,-0.3301196214961615,0.6484930180209655,0.99543429844098,0.5,-0.7293659611042942,0.6254213277319133,0.24485004673734526,0.4166207090460655,0.2259712702339968,0.0
2021-01-09 01:40:00,0.12133891213389121,0.2828685258964143,-0.42338049143708123,-0.3761828244956258,0.6484930180209655,0.99543429844098,0.5,-0.7293659611042942,0.6254213277319133,0.24485004673734526,0.4166207090460655,0.2259712702339968,0.0
2021-01-09 01:50:00,0.18898186889818688,0.23107569721115517,-0.4183172002978408,-0.3822531690769505,0.6690921464187093,0.99543429844098,0.5,-0.7293659611042942,0.6254213277319133,0.24485004673734526,0.4166207090460655,0.2259712702339968,0.0
2021-01-09 02:00:00,0.09553695955369597,0.17928286852589648,-0.422486969471333,-0.38510980182110344,0.7788276557040217,0.99543429844098,0.5,-0.726833561079346,0.6476047895588298,0.24343885916999902,0.2888733564303905,0.250513596528726,0.0
2021-01-09 02:10:00,0.09693165969316596,0.1344621513944224,-0.4329113924050634,-0.37832529905374035,0.7806205912761252,0.99543429844098,0.5,-0.726833561079346,0.6476047895588298,0.24343885916999902,0.2888733564303905,0.250513596528726,0.0
2021-01-09 02:20:00,0.09762900976290097,0.08964143426294813,-0.4379746835443039,-0.3858239600071416,0.7806205912761252,0.99543429844098,0.5,-0.726833561079346,0.6476047895588298,0.24343885916999902,0.2888733564303905,0.250513596528726,0.0
2021-01-09 02:30:00,0.07252440725244073,0.044820717131474064,-0.4418466120625466,-0.3915372254954472,0.7806205912761252,0.99543429844098,0.5,-0.726833561079346,0.6476047895588298,0.24343885916999902,0.2888733564303905,0.250513596528726,0.0
2021-01-09 02:40:00,0.09065550906555091,0.0,-0.4451228592702905,-0.39725049098375276,0.7806205912761252,0.99543429844098,0.5,-0.726833561079346,0.6476047895588298,0.24343885916999902,0.2888733564303905,0.250513596528726,0.0
2021-01-09 02:50:00,0.09205020920502092,-0.044820717131474064,-0.4498883097542815,-0.4065345474022497,0.7806205912761252,0.99543429844098,0.5,-0.726833561079346,0.6476047895588298,0.24343885916999902,0.2888733564303905,0.250513596528726,0.0
2021-01-09 03:00:00,0.11087866108786612,-0.08964143426294824,-0.4486969471332838,-0.41189073379753616,0.7806205912761252,0.99543429844098,0.5,-0.7445249069198656,0.6753800929291653,0.2622623867914467,0.14565030553554775,0.449378285267434,0.0
2021-01-09 03:10:00,0.13598326359832635,-0.1344621513944223,-0.44750558451228606,-0.41831815747188006,0.7806205912761252,0.99543429844098,0.5,-0.7445249069198656,0.6753800929291653,0.2622623867914467,0.14565030553554775,0.449378285267434,0.0
2021-01-09 03:20:00,0.18200836820083682,-0.17928286852589637,-0.44750558451228606,-0.42617389751830026,0.7806205912761252,0.99543429844098,0.5,-0.7445249069198656,0.6753800929291653,0.2622623867914467,0.14565030553554775,0.449378285267434,0.0
2021-01-09 03:30:00,0.12831241283124128,-0.22410358565737054,-0.44542069992554,-0.44224245670415996,0.7806205912761252,0.99543429844098,0.5,-0.7445249069198656,0.6753800929291653,0.2622623867914467,0.14565030553554775,0.449378285267434,0.0
2021-01-09 03:40:00,0.15620641562064158,-0.2689243027888446,-0.4457185405807893,-0.45224067130869483,0.7806205912761252,0.99543429844098,0.5,-0.7445249069198656,0.6753800929291653,0.2622623867914467,0.14565030553554775,0.449378285267434,0.0
2021-01-09 03:50:00,0.1394700139470014,-0.31374501992031867,-0.44542069992554,-0.4643813604713444,0.7806205912761252,0.99543429844098,0.5,-0.7445249069198656,0.6753800929291653,0.2622623867914467,0.14565030553554775,0.449378285267434,0.0
2021-01-09 04:00:00,0.12622036262203626,-0.35856573705179284,-0.45137751303052875,-0.4722371005177646,0.7806205912761252,0.99543429844098,0.5,-0.746952478184578,0.6923941185091125,0.29550911875977814,0.19467411108917992,0.5873243228682681,0.0
2021-01-09 04:10:00,0.1708507670850767,-0.403386454183267,-0.46239761727475814,-0.47759328691305125,0.7806205912761252,0.99543429844098,0.5,-0.746952478184578,0.6923941185091125,0.29550911875977814,0.19467411108917992,0.5873243228682681,0.0
2021-01-09 04:20:00,0.27266387726638774,-0.4482071713147411,-0.4716306775874908,-0.4815211569362614,0.654172828519454,0.99543429844098,0.5,-0.746952478184578,0.6923941185091125,0.29550911875977814,0.19467411108917992,0.5873243228682681,0.0
2021-01-09 04:30:00,0.26429567642956764,-0.49302788844621515,-0.4522710349962771,-0.46759507230851627,0.4234730601614951,0.6384187082405345,0.5,-0.746952478184578,0.6923941185091125,0.29550911875977814,0.19467411108917992,0.5873243228682681,0.024291986662039626
2021-01-09 04:40:00,0.24686192468619247,-0.5378486055776892,-0.4451228592702905,-0.4179610783788609,0.40206253026396727,0.00011135857461024499,0.5,-0.746952478184578,0.6923941185091125,0.29550911875977814,0.19467411108917992,0.5873243228682681,0.10147562502829036
2021-01-09 04:50:00,0.21548117154811713,-0.2828685258964144,-0.429932985852569,-0.37082663810033933,0.40210179162686,0.00011135857461024499,0.5,-0.746952478184578,0.6923941185091125,0.29550911875977814,0.19467411108917992,0.5873243228682681,0.06821370912986406
2021-01-09 05:00:00,0.1806136680613668,0.6015936254980081,-0.41980640357408805,-0.3408319942867345,0.40210179162686,0.00011135857461024499,0.5,-0.7583402568788246,0.6985721551578006,0.3086509932018753,0.20676378162532189,0.7009569086404427,0.056414744179730525
2021-01-09 05:10:00,0.198744769874477,0.6494023904382469,-0.42367833209233074,-0.33476164970540967,0.40210179162686,0.00011135857461024499,0.5,-0.7583402568788246,0.6985721551578006,0.3086509932018753,0.20676378162532189,0.7009569086404427,0.05888166332211778
2021-01-09 05:20:00,0.19177126917712692,-0.08366533864541836,-0.4296351451973195,-0.3294054633101231,0.40210179162686,0.00011135857461024499,0.5,-0.7583402568788246,0.6985721551578006,0.3086509932018753,0.20676378162532189,0.7009569086404427,0.05319341551367745
2021-01-09 05:30:00,0.18200836820083682,-0.5458167330677292,-0.43469843633656013,-0.32226388144974105,0.4009762992239337,0.00011135857461024499,0.5,-0.7583402568788246,0.6985721551578006,0.3086509932018753,0.20676378162532189,0.7009569086404427,0.04354451770599152
2021-01-09 05:40:00,0.1499302649930265,0.17131474103585642,-0.4388682055100521,-0.3133369041242635,0.38565128057478637,0.00011135857461024499,0.5,-0.7583402568788246,0.6985721551578006,0.3086509932018753,0.20676378162532189,0.7009569086404427,0.02033888075803069
2021-01-09 05:50:00,0.12552301255230125,0.01195219123505975,-0.44542069992554,-0.2976254240314229,0.38565128057478637,0.00011135857461024499,0.5,-0.7583402568788246,0.6985721551578006,0.3086509932018753,0.20676378162532189,0.7009569086404427,0.0020067293329510995
2021-01-09 06:00:00,0.09553695955369597,0.1394422310756971,-0.45554728220402096,-0.2865559721478307,0.38565128057478637,0.39677060133630293,0.5,-0.7416728508853412,0.704141008657871,0.32234869394768184,0.14925858353024246,0.8315892626488394,0.0
2021-01-09 06:10:00,0.11018131101813111,0.14741035856573692,-0.4719285182427403,-0.3090519550080342,0.38565128057478637,0.9986636971046772,0.5,-0.7416728508853412,0.704141008657871,0.32234869394768184,0.14925858353024246,0.8315892626488394,0.0
2021-01-09 06:20:00,0.11366806136680613,0.15537848605577675,-0.4597170513775132,-0.36047134440278517,0.38565128057478637,0.9986636971046772,0.5,-0.7416728508853412,0.704141008657871,0.32234869394768184,0.14925858353024246,0.8315892626488394,0.0
2021-01-09 06:30:00,0.10111576011157601,0.1633466135458166,-0.4445271779597916,-0.39260846277450456,0.38565128057478637,0.9986636971046772,0.5,-0.7416728508853412,0.704141008657871,0.32234869394768184,0.14925858353024246,0.8315892626488394,0.0
2021-01-09 06:40:00,0.099721059972106,0.17131474103585642,-0.4382725241995533,-0.39939296554186754,0.38565128057478637,0.9986636971046772,0.5,-0.7416728508853412,0.704141008657871,0.32234869394768184,0.14925858353024246,0.8315892626488394,0.0
2021-01-09 06:50:00,0.12203626220362622,0.17928286852589626,-0.4349962769918094,-0.40867702196036415,0.38565128057478637,0.9986636971046772,0.5,-0.7416728508853412,0.704141008657871,0.32234869394768184,0.14925858353024246,0.8315892626488394,0.0
2021-01-09 07:00:00,0.12412831241283125,0.1872509960159361,-0.43529411764705894,-0.42010355293697543,0.38565128057478637,0.9986636971046772,0.5,-0.7558495482157265,0.7004428071849135,0.32797556342564005,0.14010436480893712,0.7131410249432287,0.0
2021-01-09 07:10:00,0.10808926080892609,0.19521912350597592,-0.4379746835443039,-0.42938760935547216,0.38565128057478637,0.9986636971046772,0.5,-0.7558495482157265,0.7004428071849135,0.32797556342564005,0.14010436480893712,0.7131410249432287,0.0
2021-01-09 07:20:00,0.09065550906555091,0.20318725099601576,-0.4463142218912882,-0.43581503302981606,0.38565128057478637,0.9986636971046772,0.5,-0.7558495482157265,0.7004428071849135,0.32797556342564005,0.14010436480893712,0.7131410249432287,0.0
2021-01-09 07:30:00,0.0899581589958159,0.2111553784860556,-0.4531645569620254,-0.44402785216925544,0.38565128057478637,0.9986636971046772,0.5,-0.7558495482157265,0.7004428071849135,0.32797556342564005,0.14010436480893712,0.7131410249432287,0.0
2021-01-09 07:40:00,0.07182705718270573,0.21912350597609542,-0.45941921072226366,-0.44866988037850386,0.38565128057478637,0.9986636971046772,0.5,-0.7558495482157265,0.7004428071849135,0.32797556342564005,0.14010436480893712,0.7131410249432287,0.0
2021-01-09 07:50:00,0.07461645746164575,0.22709163346613526,-0.47073715562174245,-0.45366898768077124,0.38565128057478637,0.9986636971046772,0.5,-0.7558495482157265,0.7004428071849135,0.32797556342564005,0.14010436480893712,0.7131410249432287,0.0
2021-01-09 08:00:00,0.05718270571827057,0.2350597609561753,-0.4841399851079673,-0.45688269951794314,0.38565128057478637,0.9986636971046772,0.5,-0.7869857578972612,0.7244365774251673,0.34979088985090084,0.1688527779610807,0.7083485655875279,0.0
2021-01-09 08:10:00,0.060669456066945605,0.3067729083665336,-0.4948622486969473,-0.45973933226209607,0.38565128057478637,0.9986636971046772,0.5,-0.7869857578972612,0.7244365774251673,0.34979088985090084,0.1688527779610807,0.7083485655875279,0.0
2021-01-09 08:20:00,0.05718270571827057,0.043824701195219085,-0.49694713328369333,-0.4650955186573825,0.38565128057478637,0.9986636971046772,0.5,-0.7869857578972612,0.7244365774251673,0.34979088985090084,0.1688527779610807,0.7083485655875279,0.0
2021-01-09 08:30:00,0.056485355648535567,-0.5776892430278885,-0.49784065524944165,-0.46830923049455453,0.38565128057478637,0.9986636971046772,0.5,-0.7869857578972612,0.7244365774251673,0.34979088985090084,0.1688527779610807,0.7083485655875279,0.0
2021-01-09 08:40:00,0.07043235704323571,-0.47410358565737054,-0.4909903201787045,-0.47402249598286017,0.38565128057478637,0.9986636971046772,0.5,-0.7869857578972612,0.7244365774251673,0.34979088985090084,0.1688527779610807,0.7083485655875279,0.0
2021-01-09 08:50:00,0.0794979079497908,-0.3705179282868526,-0.48592702903946394,-0.4800928405641849,0.38565128057478637,0.9986636971046772,0.5,-0.7869857578972612,0.7244365774251673,0.34979088985090084,0.1688527779610807,0.7083485655875279,0.0
2021-01-09 09:00:00,0.08647140864714087,-0.26693227091633476,-0.4838421444527179,-0.4875915015175861,0.38565128057478637,0.9986636971046772,0.5,-0.7943855410354733,0.7291232647619156,0.3514694015907817,0.11170752166601329,0.7199031283776901,0.0
2021-01-09 09:10:00,0.08786610878661089,-0.1633466135458168,-0.49069247952345507,-0.4943760042849491,0.38565128057478637,0.9986636971046772,0.5,-0.7943855410354733,0.7291232647619156,0.3514694015907817,0.11170752166601329,0.7199031283776901,0.0
2021-01-09 09:20:00,0.08577405857740586,-0.05976095617529875,-0.49039463886820556,-0.5000892697732547,0.38565128057478637,0.9986636971046772,0.5,-0.7943855410354733,0.7291232647619156,0.3514694015907817,0.11170752166601329,0.7199031283776901,0.0
2021-01-09 09:30:00,0.07252440725244073,0.043824701195219085,-0.4921816827997023,-0.5025888234243885,0.38565128057478637,0.9986636971046772,0.5,-0.7943855410354733,0.7291232647619156,0.3514694015907817,0.11170752166601329,0.7199031283776901,0.0
2021-01-09 09:40:00,0.04114365411436541,0.14741035856573692,-0.5094564408041699,-0.5025888234243885,0.38565128057478637,0.9986636971046772,0.5,-0.7943855410354733,0.7291232647619156,0.3514694015907817,0.11170752166601329,0.7199031283776901,0.0
2021-01-09 09:50:00,0.04951185495118549,-0.50597609561753,-0.5148175725986598,-0.5025888234243885,0.38565128057478637,0.9986636971046772,0.5,-0.7943855410354733,0.7291232647619156,0.3514694015907817,0.11170752166601329,0.7199031283776901,0.0
2021-01-09 10:00:00,0.0697350069735007,-0.6135458167330679,-0.5130305286671633,-0.5025888234243885,0.38565128057478637,0.9986636971046772,0.5,-0.7512305122067305,0.7479590927768702,0.3161559798502503,0.11953679148431319,0.683262927213065,0.0
2021-01-09 10:10:00,0.07322175732217574,-0.7211155378486056,-0.5130305286671633,-0.5025888234243885,0.38565128057478637,0.9986636971046772,0.5,-0.7512305122067305,0.7479590927768702,0.3161559798502503,0.11953679148431319,0.683262927213065,0.0
2021-01-09 10:20:00,0.08228730822873082,0.8007968127490039,-0.5139240506329115,-0.5025888234243885,0.38565128057478637,0.9986636971046772,0.5,-0.7512305122067305,0.7479590927768702,0.3161559798502503,0.11953679148431319,0.683262927213065,0.0
2021-01-09 10:30:00,0.08647140864714087,0.547808764940239,-0.5160089352196575,-0.5058025352615605,0.38565128057478637,0.9986636971046772,0.5,-0.7512305122067305,0.7479590927768702,0.3161559798502503,0.11953679148431319,0.683262927213065,0.0
2021-01-09 10:40:00,0.08437935843793584,0.29482071713147406,-0.5186895011169026,-0.5097304052847705,0.38565128057478637,0.9986636971046772,0.5,-0.7512305122067305,0.7479590927768702,0.3161559798502503,0.11953679148431319,0.683262927213065,0.0
2021-01-09 10:50:00,0.07391910739191074,0.041832669322709126,-0.521667907669397,-0.5104445634708088,0.38565128057478637,0.9986636971046772,0.5,-0.7512305122067305,0.7479590927768702,0.3161559798502503,0.11953679148431319,0.683262927213065,0.0
2021-01-09 11:00:00,0.06485355648535565,-0.21115537848605592,-0.5166046165301565,-0.5104445634708088,0.38565128057478637,0.9986636971046772,0.5,-0.7542209835625969,0.7405741838526253,0.29881173898051844,0.11702073384124852,0.6885964514984828,0.0
2021-01-09 11:10:00,0.07112970711297072,-0.22310756972111556,-0.5151154132539093,-0.5097304052847705,0.38565128057478637,0.9986636971046772,0.5,-0.7542209835625969,0.7405741838526253,0.29881173898051844,0.11702073384124852,0.6885964514984828,0.0
2021-01-09 11:20:00,0.07461645746164575,-0.23505976095617542,-0.5055845122859272,-0.5115158007498661,0.38565128057478637,0.9986636971046772,0.5,-0.7542209835625969,0.7405741838526253,0.29881173898051844,0.11702073384124852,0.6885964514984828,0.0
2021-01-09 11:30:00,0.08228730822873082,-0.24701195219123517,-0.496053611317945,-0.5133011962149616,0.38565128057478637,0.9986636971046772,0.5,-0.7542209835625969,0.7405741838526253,0.29881173898051844,0.11702073384124852,0.6885964514984828,0.0
2021-01-09 11:40:00,0.09832635983263598,-0.2589641434262948,-0.49694713328369333,-0.5140153544009998,0.38565128057478637,0.9986636971046772,0.5,-0.7542209835625969,0.7405741838526253,0.29881173898051844,0.11702073384124852,0.6885964514984828,0.0
2021-01-09 11:50:00,0.1206415620641562,-0.2709163346613548,-0.4996276991809383,-0.5204427780753437,0.38565128057478637,0.9986636971046772,0.5,-0.7542209835625969,0.7405741838526253,0.29881173898051844,0.11702073384124852,0.6885964514984828,0.0
2021-01-09 12:00:00,0.12831241283124128,-0.2828685258964144,-0.5008190618019361,-0.5204427780753437,0.38565128057478637,0.9986636971046772,0.5,-0.7566394160807919,0.7563439815865802,0.2827324689936298,0.2358333786216175,0.6862189200983341,0.0
2021-01-09 12:10:00,0.11576011157601115,-0.2948207171314742,-0.4909903201787045,-0.5207998571683627,0.38565128057478637,0.9986636971046772,0.5,-0.7566394160807919,0.7563439815865802,0.2827324689936298,0.2358333786216175,0.6862189200983341,0.0
2021-01-09 12:20:00,0.1094839609483961,-0.3067729083665339,-0.48562918838421454,-0.5172290662381718,0.38565128057478637,0.9986636971046772,0.5,-0.7566394160807919,0.7563439815865802,0.2827324689936298,0.2358333786216175,0.6862189200983341,0.0
2021-01-09 12:30:00,0.12622036262203626,-0.15219123505976095,-0.47728965003723023,-0.5140153544009998,0.38565128057478637,0.9986636971046772,0.5,-0.7566394160807919,0.7563439815865802,0.2827324689936298,0.2358333786216175,0.6862189200983341,0.0
2021-01-09 12:40:00,0.12691771269177127,0.0023904382470119057,-0.4796723752792257,-0.5207998571683627,0.38565128057478637,0.9986636971046772,0.5,-0.7566394160807919,0.7563439815865802,0.2827324689936298,0.2358333786216175,0.6862189200983341,0.0
2021-01-09 12:50:00,0.14644351464435149,0.15697211155378477,-0.47848101265822796,-0.5275843599357257,0.38565128057478637,0.9986636971046772,0.5,-0.7566394160807919,0.7563439815865802,0.2827324689936298,0.2358333786216175,0.6862189200983341,0.0
2021-01-09 13:00:00,0.18967921896792192,0.31155378486055785,-0.47431124348473575,-0.5297268344938404,0.3709937050948162,0.9206013363028954,0.5,-0.6657652549526837,0.7567606398721887,0.23480700221937398,0.3585142156661043,0.7248142223603392,0.0
2021-01-09 13:10:00,0.21478382147838215,0.4661354581673305,-0.4716306775874908,-0.5108016425638279,0.34429597832772774,0.025055679287305125,0.5,-0.6657652549526837,0.7567606398721887,0.23480700221937398,0.3585142156661043,0.7248142223603392,0.05521523303710186
2021-01-09 13:20:00,0.22663877266387727,0.06772908366533859,-0.45078183172002995,-0.44545616854133185,0.3479603721977202,0.00011135857461024499,0.5,-0.6657652549526837,0.7567606398721887,0.23480700221937398,0.3585142156661043,0.7248142223603392,0.08715693226911297
2021-01-09 13:30:00,0.24616457461645744,0.05976095617529875,-0.42844378257632176,-0.39796464916979113,0.3561136485584536,0.00011135857461024499,0.5,-0.6657652549526837,0.7567606398721887,0.23480700221937398,0.3585142156661043,0.7248142223603392,0.10328620788508834
2021-01-09 13:40:00,0.2580195258019526,0.05179282868525892,-0.4037230081906181,-0.36404213533297614,0.36516993626572086,0.00011135857461024499,0.5,-0.6657652549526837,0.7567606398721887,0.23480700221937398,0.3585142156661043,0.7248142223603392,0.10874813283642894
2021-01-09 13:50:00,0.2907949790794979,-0.0916334661354582,-0.40759493670886093,-0.3554722371005177,0.3699467354176755,0.00011135857461024499,0.5,-0.6657652549526837,0.7567606398721887,0.23480700221937398,0.3585142156661043,0.7248142223603392,0.1435339559726602
2021-01-09 14:00:00,0.3054393305439331,-0.2509960159362551,-0.4177215189873419,-0.3579717907516514,0.3699467354176755,0.00011135857461024499,0.5,-0.6410354399922888,0.7346145336157032,0.20058583052535162,0.43674276929654304,0.7265458335932351,0.175460567014198
2021-01-09 14:10:00,0.29497907949790797,-0.2589641434262948,-0.42069992553983626,-0.359757186216747,0.365680333983327,0.00011135857461024499,0.5,-0.6410354399922888,0.7346145336157032,0.20058583052535162,0.43674276929654304,0.7265458335932351,0.1623866499690692
2021-01-09 14:20:00,0.3242677824267783,0.43426294820717115,-0.4221891288160835,-0.3583288698446706,0.3693185536113911,0.00022271714922048998,0.5,-0.6410354399922888,0.7346145336157032,0.20058583052535162,0.43674276929654304,0.7265458335932351,0.19484134767717307
2021-01-09 14:30:00,0.3437935843793584,0.019920318725099362,-0.41653015636634405,-0.35618639528655593,0.3759798981821989,0.00022271714922048998,0.5,-0.6410354399922888,0.7346145336157032,0.20058583052535162,0.43674276929654304,0.7265458335932351,0.23606982814551053
2021-01-09 14:40:00,0.3849372384937238,-0.02788844621513953,-0.4141474311243486,-0.35618639528655593,0.38109696247922425,0.00022271714922048998,0.5,-0.6410354399922888,0.7346145336157032,0.20058583052535162,0.43674276929654304,0.7265458335932351,0.3127781885118518
2021-01-09 14:50:00,0.3821478382147839,-0.03585657370517936,-0.40967982129560687,-0.3522585252633458,0.37766813678658834,0.00011135857461024499,0.5,-0.6410354399922888,0.7346145336157032,0.20058583052535162,0.43674276929654304,0.7265458335932351,0.3183004662250856
2021-01-09 15:00:00,0.41492329149232915,0.15537848605577675,-0.40967982129560687,-0.3458311015890019,0.37070578843360247,0.00022271714922048998,0.5,-0.6203933463254735,0.7248359946782684,0.17916743230693788,0.5441872454459256,0.7251542694814828,0.36434962354964767
2021-01-09 15:10:00,0.4595536959553696,0.08366533864541825,-0.39687267311988095,-0.3372612033565434,0.3741477012472026,0.00022271714922048998,0.5,-0.6203933463254735,0.7248359946782684,0.17916743230693788,0.5441872454459256,0.7251542694814828,0.4802797350513753
2021-01-09 15:20:00,0.46722454672245467,-0.0916334661354582,-0.46626954579300084,-0.38296732726298865,0.3777597466333381,0.00022271714922048998,0.5,-0.6203933463254735,0.7248359946782684,0.17916743230693788,0.5441872454459256,0.7251542694814828,0.49723131704814644
2021-01-09 15:30:00,0.4700139470013947,0.12350597609561742,-0.511541325390916,-0.45331190858775217,0.37266885657824134,0.00022271714922048998,0.5,-0.6203933463254735,0.7248359946782684,0.17916743230693788,0.5441872454459256,0.7251542694814828,0.5181360049489264
2021-01-09 15:40:00,0.4205020920502092,0.019920318725099362,-0.5258376768428892,-0.48544902695947145,0.37930402690712073,0.00033407572383073496,0.5,-0.6203933463254735,0.7248359946782684,0.17916743230693788,0.5441872454459256,0.7251542694814828,0.38842283144982426
2021-01-09 15:50:00,0.5174337517433751,0.08366533864541825,-0.5311988086373791,-0.5036600607034458,0.3841855230267893,0.00011135857461024499,0.5,-0.6203933463254735,0.7248359946782684,0.17916743230693788,0.5441872454459256,0.7251542694814828,0.6024261810281093
2021-01-09 16:00:00,0.4707112970711297,-0.03585657370517936,-0.5338793745346241,-0.5125870380289234,0.3798667731085838,0.00011135857461024499,0.5,-0.5990753856534354,0.7148448163399004,0.1698245285653252,0.6161042101655069,0.7362336140891962,0.5156539976160659
2021-01-09 16:10:00,0.47629009762900976,0.1872509960159361,-0.5338793745346241,-0.5175861453311908,0.38353116697857637,0.00022271714922048998,0.5,-0.5990753856534354,0.7148448163399004,0.1698245285653252,0.6161042101655069,0.7362336140891962,0.496114790953121
2021-01-09 16:20:00,0.46513249651324967,0.027888446215139417,-0.5338793745346241,-0.5204427780753437,0.3784010155605868,0.00011135857461024499,0.5,-0.5990753856534354,0.7148448163399004,0.1698245285653252,0.6161042101655069,0.7362336140891962,0.5064652896178162
2021-01-09 16:30:00,0.401673640167364,0.019920318725099362,-0.5335815338793746,-0.5268702017496876,0.3802332124955831,0.00011135857461024499,0.5,-0.5990753856534354,0.7148448163399004,0.1698245285653252,0.6161042101655069,0.7362336140891962,0.3834060081174465
2021-01-09 16:40:00,0.4504881450488145,-0.08366533864541836,-0.5309009679821297,-0.5275843599357257,0.37921241706037084,0.00011135857461024499,0.5,-0.5990753856534354,0.7148448163399004,0.1698245285653252,0.6161042101655069,0.7362336140891962,0.44827768305747095
2021-01-09 16:50:00,0.4874476987447699,0.22709163346613526,-0.5309009679821297,-0.5290126763078021,0.3858475873892503,0.00022271714922048998,0.5,-0.5990753856534354,0.7148448163399004,0.1698245285653252,0.6161042101655069,0.7362336140891962,0.5255518505665615
2021-01-09 17:00:00,0.49302649930264997,-0.043824701195219196,-0.5309009679821297,-0.5297268344938404,0.39181531454895235,0.00011135857461024499,0.5,-0.5925692318416609,0.7311260980382581,0.1411613662801499,0.6424277964962752,0.7389478003503915,0.5350498664695144
2021-01-09 17:10:00,0.42329149232914925,0.05976095617529875,-0.5309009679821297,-0.5275843599357257,0.3874834775097827,0.00011135857461024499,0.5,-0.5925692318416609,0.7311260980382581,0.1411613662801499,0.6424277964962752,0.7389478003503915,0.38960725440197963
2021-01-09 17:20:00,0.41562064156206413,0.12350597609561742,-0.5309009679821297,-0.5347259417961078,0.3884257502192093,0.00022271714922048998,0.5,-0.5925692318416609,0.7311260980382581,0.1411613662801499,0.6424277964962752,0.7389478003503915,0.3561718243131101
2021-01-09 17:30:00,0.44839609483960946,0.003984063745019917,-0.5309009679821297,-0.5379396536332797,0.39422334480637605,0.00022271714922048998,0.5,-0.5925692318416609,0.7311260980382581,0.1411613662801499,0.6424277964962752,0.7389478003503915,0.4226353033480695
2021-01-09 17:40:00,0.3403068340306834,0.09163346613545809,-0.5311988086373791,-0.5429387609355472,0.4053081362631035,0.00022271714922048998,0.5,-0.5925692318416609,0.7311260980382581,0.1411613662801499,0.6424277964962752,0.7389478003503915,0.25276491090423525
2021-01-09 17:50:00,0.39191073919107394,0.01195219123505975,-0.5338793745346241,-0.549009105516872,0.3997330227323291,0.00022271714922048998,0.5,-0.5925692318416609,0.7311260980382581,0.1411613662801499,0.6424277964962752,0.7389478003503915,0.31558459193988864
2021-01-09 18:00:00,0.39609483960948394,-0.17131474103585675,-0.5353685778108712,-0.5500803427959293,0.38994385625106337,0.00022271714922048998,0.5,-0.6589527530140353,0.7544216064619413,0.18896788140647516,0.5904925424804559,0.7365918084680733,0.3100774024171281
2021-01-09 18:10:00,0.3277545327754533,-0.3227091633466136,-0.5398361876396129,-0.5572219246563113,0.37304838308620486,0.00022271714922048998,0.5,-0.6589527530140353,0.7544216064619413,0.18896788140647516,0.5904925424804559,0.7365918084680733,0.22172095900538646
2021-01-09 18:20:00,0.32147838214783825,0.11553784860557759,-0.5434102755026062,-0.5625781110515979,0.37170040962688616,0.00022271714922048998,0.5,-0.6589527530140353,0.7544216064619413,0.18896788140647516,0.5904925424804559,0.7365918084680733,0.2109329028169652
2021-01-09 18:30:00,0.3542538354253836,-0.03585657370517936,-0.5469843633655995,-0.5475807891447956,0.3740299171585243,0.00022271714922048998,0.5,-0.6589527530140353,0.7544216064619413,0.18896788140647516,0.5904925424804559,0.7365918084680733,0.2542133771896737
2021-01-09 18:40:00,0.4211994421199442,-0.3227091633466136,-0.5487714072970962,-0.5504374218889484,0.36908298543403434,0.00033407572383073496,0.5,-0.6589527530140353,0.7544216064619413,0.18896788140647516,0.5904925424804559,0.7365918084680733,0.3627955399308961
2021-01-09 18:50:00,0.36052998605299863,-0.019920318725099695,-0.5508562918838422,-0.556150687377254,0.3714517543285653,0.00033407572383073496,0.5,-0.6589527530140353,0.7544216064619413,0.18896788140647516,0.5904925424804559,0.7365918084680733,0.291933853372965
2021-01-09 19:00:00,0.3800557880055788,0.298804780876494,-0.5517498138495905,-0.5693626138189609,0.36926620512753394,0.00033407572383073496,0.5,-0.6552243445534238,0.7675391586950844,0.19592439697030914,0.47895405269502417,0.7433177024158675,0.32249498317666764
2021-01-09 19:10:00,0.398186889818689,-0.12350597609561753,-0.55204765450484,-0.5600785574004642,0.3785842352540864,0.00022271714922048998,0.5,-0.6552243445534238,0.7675391586950844,0.19592439697030914,0.47895405269502417,0.7433177024158675,0.3550251218371381
2021-01-09 19:20:00,0.3633193863319386,0.027888446215139417,-0.5544303797468355,-0.5393679700053562,0.3690568111921058,0.00011135857461024499,0.5,-0.6552243445534238,0.7675391586950844,0.19592439697030914,0.47895405269502417,0.7433177024158675,0.31221238136910245
2021-01-09 19:30:00,0.37377963737796377,0.14741035856573692,-0.5538346984363367,-0.5536511337261203,0.3690568111921058,0.00033407572383073496,0.5,-0.6552243445534238,0.7675391586950844,0.19592439697030914,0.47895405269502417,0.7433177024158675,0.3268705584139294
2021-01-09 19:40:00,0.38702928870292885,-0.003984063745020028,-0.556813104988831,-0.5615068737725406,0.37802148905262334,0.00033407572383073496,0.5,-0.6552243445534238,0.7675391586950844,0.19592439697030914,0.47895405269502417,0.7433177024158675,0.3473527769814566
2021-01-09 19:50:00,0.496513249651325,0.20318725099601576,-0.5562174236783322,-0.5650776647027316,0.3819476253419011,0.00022271714922048998,0.5,-0.6552243445534238,0.7675391586950844,0.19592439697030914,0.47895405269502417,0.7433177024158675,0.5583988412269716
2021-01-09 20:00:00,0.4721059972105997,0.05976095617529875,-0.5523454951600895,-0.5682913765399036,0.3914881365248459,0.00011135857461024499,0.5,-0.6523214250574424,0.7769585094552699,0.2663078841481965,0.4456870061464225,0.7565290830502467,0.48496461819334014
2021-01-09 20:10:00,0.3723849372384937,0.3306772908366533,-0.5565152643335816,-0.5640064274236742,0.3914881365248459,0.00011135857461024499,0.5,-0.6523214250574424,0.7769585094552699,0.2663078841481965,0.4456870061464225,0.7565290830502467,0.26735519109193234
2021-01-09 20:20:00,0.4246861924686192,-0.2828685258964144,-0.5606850335070739,-0.5465095518657384,0.39990315530486453,0.00011135857461024499,0.5,-0.6523214250574424,0.7769585094552699,0.2663078841481965,0.4456870061464225,0.7565290830502467,0.35633025031307997
2021-01-09 20:30:00,0.40585774058577406,0.33864541832669315,-0.5612807148175727,-0.5511515800749867,0.3923126251455942,0.00011135857461024499,0.5,-0.6523214250574424,0.7769585094552699,0.2663078841481965,0.4456870061464225,0.7565290830502467,0.32330974546222674
2021-01-09 20:40:00,0.45536959553695955,-0.4183266932270917,-0.5657483246463143,-0.5690055347259417,0.4027299734331445,0.00011135857461024499,0.5,-0.6523214250574424,0.7769585094552699,0.2663078841481965,0.4456870061464225,0.7565290830502467,0.40925207839823774
2021-01-09 20:50:00,0.4839609483960949,-0.4103585657370519,-0.5624720774385705,-0.5675772183538654,0.4027299734331445,0.00011135857461024499,0.5,-0.6523214250574424,0.7769585094552699,0.2663078841481965,0.4456870061464225,0.7565290830502467,0.5004149252380162
2021-01-09 21:00:00,0.5271966527196652,-0.45019920318725104,-0.5600893521965749,-0.5632922692376361,0.4027299734331445,0.00022271714922048998,0.5,-0.6516700058668085,0.7676167433413714,0.29204468371733283,0.4134556115963331,0.7551872113252618,0.5943615432201217
2021-01-09 21:10:00,0.5348675034867504,-0.3784860557768924,-0.5577066269545794,-0.5607927155865023,0.4027299734331445,0.00011135857461024499,0.5,-0.6516700058668085,0.7676167433413714,0.29204468371733283,0.4134556115963331,0.7551872113252618,0.6296301884514991
2021-01-09 21:20:00,0.397489539748954,-0.003984063745020028,-0.5597915115413254,-0.5615068737725406,0.4027299734331445,0.00033407572383073496,0.5,-0.6516700058668085,0.7676167433413714,0.29204468371733283,0.4134556115963331,0.7551872113252618,0.37067911945320403
2021-01-09 21:30:00,0.394700139470014,0.12350597609561742,-0.5642591213700671,-0.5665059810748081,0.4027299734331445,0.00022271714922048998,0.5,-0.6516700058668085,0.7676167433413714,0.29204468371733283,0.4134556115963331,0.7551872113252618,0.33944656517343874
2021-01-09 21:40:00,0.48326359832635984,-0.14741035856573714,-0.5666418466120626,-0.5450812354936618,0.4027299734331445,0.00022271714922048998,0.5,-0.6516700058668085,0.7676167433413714,0.29204468371733283,0.4134556115963331,0.7551872113252618,0.5382711951355674
2021-01-09 21:50:00,0.44979079497907953,0.043824701195219085,-0.5612807148175727,-0.5447241564006426,0.4027299734331445,0.00022271714922048998,0.5,-0.6516700058668085,0.7676167433413714,0.29204468371733283,0.4134556115963331,0.7551872113252618,0.48980038324003805
2021-01-09 22:00:00,0.39400278940027894,0.11553784860557759,-0.5630677587490693,-0.5582931619353686,0.4027299734331445,0.00011135857461024499,0.5,-0.6817262758640702,0.7816164617378408,0.33265944308055856,0.41298625790413157,0.7541869981005409,0.36694479231105814
2021-01-09 22:10:00,0.4093444909344491,-0.019920318725099695,-0.5663440059568132,-0.5640064274236742,0.4027299734331445,0.00022271714922048998,0.5,-0.6817262758640702,0.7816164617378408,0.33265944308055856,0.41298625790413157,0.7541869981005409,0.38978831268765934
2021-01-09 22:20:00,0.49860529986053004,-0.21115537848605592,-0.566939687267312,-0.5679342974468845,0.4027299734331445,0.00011135857461024499,0.5,-0.6817262758640702,0.7816164617378408,0.33265944308055856,0.41298625790413157,0.7541869981005409,0.5476183291337869
2021-01-09 22:30:00,0.4735006973500697,-0.3466135458167332,-0.5681310498883099,-0.5647205856097125,0.4027299734331445,0.00011135857461024499,0.5,-0.6817262758640702,0.7816164617378408,0.33265944308055856,0.41298625790413157,0.7541869981005409,0.46780934562517923
2021-01-09 22:40:00,0.44142259414225943,-0.29083665338645437,-0.572300819061802,-0.5679342974468845,0.39321563649212815,0.00011135857461024499,0.5,-0.6817262758640702,0.7816164617378408,0.33265944308055856,0.41298625790413157,0.7541869981005409,0.3776724957375862
2021-01-09 22:50:00,0.4211994421199442,0.2669322709163344,-0.5725986597170515,-0.5515086591680056,0.3831909018335057,0.00011135857461024499,0.5,-0.6817262758640702,0.7816164617378408,0.33265944308055856,0.41298625790413157,0.7541869981005409,0.3493595063144077
2021-01-09 23:00:00,0.37447698744769875,0.07569721115537842,-0.5761727475800448,-0.5479378682378147,0.3958068864430514,0.00011135857461024499,0.5,-0.6916686650726114,0.7732861695310733,0.3815124283547757,0.42456161479600957,0.7678523966811225,0.2652579326161414
2021-01-09 23:10:00,0.39539748953974896,-0.21912350597609564,-0.5812360387192852,-0.5647205856097125,0.3953095758464095,0.00011135857461024499,0.5,-0.6916686650726114,0.7732861695310733,0.3815124283547757,0.42456161479600957,0.7678523966811225,0.3046381097514975
2021-01-09 23:20:00,0.4476987447698745,-0.4183266932270917,-0.5815338793745347,-0.57364756293519,0.39146196228291735,0.00011135857461024499,0.5,-0.6916686650726114,0.7732861695310733,0.3815124283547757,0.42456161479600957,0.7678523966811225,0.4044615779229597
2021-01-09 23:30:00,0.3807531380753138,-0.003984063745020028,-0.5839166046165303,-0.5754329584002856,0.3820523223096151,0.00011135857461024499,0.5,-0.6916686650726114,0.7732861695310733,0.3815124283547757,0.42456161479600957,0.7678523966811225,0.28086666566078733
2021-01-09 23:40:00,0.2684797768479777,-0.2589641434262948,-0.5886820551005213,-0.5707909301910373,0.3771708261899465,0.00011135857461024499,0.5,-0.6916686650726114,0.7732861695310733,0.3815124283547757,0.42456161479600957,0.7678523966811225,0.14661949092445342
2021-01-09 23:50:00,0.2907949790794979,0.14741035856573692,-0.5919583023082651,-0.5636493483306553,0.36638703851539706,0.00011135857461024499,0.5,-0.6916686650726114,0.7732861695310733,0.3815124283547757,0.42456161479600957,0.7678523966811225,0.17294083920515413
2021-01-10 00:00:00,0.35146443514644354,0.36254980079681287,-0.5943410275502607,-0.5857882520978397,0.37225006870738503,0.00022271714922048998,0.5,-0.7009342200363349,0.7802802817184709,0.3691519825422605,0.4324629489171225,0.7785983933812142,0.2612520180454758
2021-01-10 00:10:00,0.39121338912133896,0.08366533864541825,-0.5982129560685034,-0.5922156757721835,0.3802332124955831,0.00022271714922048998,0.5,-0.7009342200363349,0.7802802817184709,0.3691519825422605,0.4324629489171225,0.7785983933812142,0.3106658418455875
2021-01-10 00:20:00,0.3451882845188285,0.11553784860557759,-0.5761727475800448,-0.5472237100517765,0.3802332124955831,0.00022271714922048998,0.5,-0.7009342200363349,0.7802802817184709,0.3691519825422605,0.4324629489171225,0.7785983933812142,0.22608144605217498
2021-01-10 00:30:00,0.299860529986053,0.21912350597609564,-0.5976172747580046,-0.5797179075165149,0.3802332124955831,0.00022271714922048998,0.5,-0.7009342200363349,0.7802802817184709,0.3691519825422605,0.4324629489171225,0.7785983933812142,0.1547067610181511
2021-01-10 00:40:00,0.29707112970711297,0.4820717131474104,-0.610126582278481,-0.5865024102838778,0.3802332124955831,0.00022271714922048998,0.5,-0.7009342200363349,0.7802802817184709,0.3691519825422605,0.4324629489171225,0.7785983933812142,0.15594399263696307
2021-01-10 00:50:00,0.32566248256624825,0.49800796812749004,-0.5815338793745347,-0.5200856989823246,0.3848529661959666,0.00022271714922048998,0.5,-0.7009342200363349,0.7802802817184709,0.3691519825422605,0.4324629489171225,0.7785983933812142,0.1773767672043092
2021-01-10 01:00:00,0.36401673640167365,-0.003984063745020028,-0.5618763961280715,-0.4654525977504017,0.3940793864757692,0.00022271714922048998,0.5,-0.7362578767489943,0.792076021459339,0.4169323739591256,0.43639350469407495,0.7821520125762175,0.23855183547837108
2021-01-10 01:10:00,0.396792189679219,-0.0916334661354582,-0.597915115413254,-0.5340117836100695,0.3940793864757692,0.00022271714922048998,0.5,-0.7362578767489943,0.792076021459339,0.4169323739591256,0.43639350469407495,0.7821520125762175,0.2964225900387767
2021-01-10 01:20:00,0.40027894002789405,0.29083665338645415,-0.5746835443037976,-0.5118728798428852,0.394930049338446,0.00022271714922048998,0.5,-0.7362578767489943,0.792076021459339,0.4169323739591256,0.43639350469407495,0.7821520125762175,0.3278890112708783
2021-01-10 01:30:00,0.41841004184100417,-0.12350597609561753,-0.6044676098287417,-0.5565077664702731,0.40050516286922033,0.00022271714922048998,0.5,-0.7362578767489943,0.792076021459339,0.4169323739591256,0.43639350469407495,0.7821520125762175,0.39678923306727826
2021-01-10 01:40:00,0.5174337517433751,0.14741035856573692,-0.6113179448994788,-0.5793608284234957,0.3940793864757692,0.00022271714922048998,0.5,-0.7362578767489943,0.792076021459339,0.4169323739591256,0.43639350469407495,0.7821520125762175,0.5674970200823816
2021-01-10 01:50:00,0.5041841004184101,0.298804780876494,-0.6113179448994788,-0.5618639528655598,0.3940793864757692,0.00022271714922048998,0.5,-0.7362578767489943,0.792076021459339,0.4169323739591256,0.43639350469407495,0.7821520125762175,0.5574105647509694
2021-01-10 02:00:00,0.4107391910739191,0.05179282868525892,-0.6134028294862249,-0.5586502410283878,0.4005182499901847,0.00022271714922048998,0.5,-0.7451101535809712,0.7995040329648564,0.4168105055863524,0.44049463344821643,0.7757110459689421,0.3606530168836852
2021-01-10 02:10:00,0.39504881450488144,0.055776892430278835,-0.6168279970215935,-0.5782895911444385,0.4029001060056798,0.00022271714922048998,0.5,-0.7451101535809712,0.7995040329648564,0.4168105055863524,0.44049463344821643,0.7757110459689421,0.3491181103550251
2021-01-10 02:20:00,0.37935843793584384,0.05976095617529875,-0.6202531645569621,-0.5979289412604891,0.40528196202117495,0.00022271714922048998,0.5,-0.7451101535809712,0.7995040329648564,0.4168105055863524,0.44049463344821643,0.7757110459689421,0.3375831736499842
2021-01-10 02:30:00,0.4804741980474198,-0.38645418326693237,-0.6202531645569621,-0.5804320657025531,0.40528196202117495,0.00022271714922048998,0.5,-0.7451101535809712,0.7995040329648564,0.4168105055863524,0.44049463344821643,0.7757110459689421,0.47743561114715516
2021-01-10 02:40:00,0.5292887029288703,-0.059760956175298974,-0.6151898734177217,-0.5529369755400821,0.39765217049901197,0.00022271714922048998,0.5,-0.7451101535809712,0.7995040329648564,0.4168105055863524,0.44049463344821643,0.7757110459689421,0.603935000075441
2021-01-10 02:50:00,0.48884239888423986,0.4501992031872508,-0.6113179448994788,-0.5654347437957508,0.3940793864757692,0.00022271714922048998,0.5,-0.7451101535809712,0.7995040329648564,0.4168105055863524,0.44049463344821643,0.7757110459689421,0.5032137845708164
2021-01-10 03:00:00,0.43584379358437936,0.13147410358565725,-0.6125093075204766,-0.5840028566327442,0.400282681812828,0.00022271714922048998,0.5,-0.7565579678362817,0.819719143580445,0.45599784517441194,0.45385293767694823,0.7681074741890402,0.4085127570650452
2021-01-10 03:10:00,0.49023709902370993,-0.1633466135458168,-0.6172747580044677,-0.5879307266559544,0.3986467916922956,0.00022271714922048998,0.5,-0.7565579678362817,0.819719143580445,0.45599784517441194,0.45385293767694823,0.7681074741890402,0.4804909697180017
2021-01-10 03:20:00,0.4797768479776848,0.17928286852589648,-0.6172747580044677,-0.5732904838421711,0.3940793864757692,0.00022271714922048998,0.5,-0.7565579678362817,0.819719143580445,0.45599784517441194,0.45385293767694823,0.7681074741890402,0.4645804728638895
2021-01-10 03:30:00,0.4776847977684798,0.08366533864541825,-0.6154877140729711,-0.5532940546331012,0.3940793864757692,0.00022271714922048998,0.5,-0.7565579678362817,0.819719143580445,0.45599784517441194,0.45385293767694823,0.7681074741890402,0.45688549572249804
2021-01-10 03:40:00,0.46443514644351463,0.3705179282868525,-0.6142963514519733,-0.5682913765399036,0.3940793864757692,0.00022271714922048998,0.5,-0.7565579678362817,0.819719143580445,0.45599784517441194,0.45385293767694823,0.7681074741890402,0.4365164385835207
2021-01-10 03:50:00,0.509065550906555,0.03585657370517925,-0.6131049888309755,-0.583645777539725,0.3940793864757692,0.00022271714922048998,0.5,-0.7565579678362817,0.819719143580445,0.45599784517441194,0.45385293767694823,0.7681074741890402,0.5477918433242301
2021-01-10 04:00:00,0.5223152022315203,-0.19521912350597614,-0.6116157855547283,-0.5882878057489733,0.3940793864757692,0.00022271714922048998,0.5,-0.7671477405116297,0.818262276333524,0.5073803917719446,0.4728230358980905,0.7616619282529316,0.5852859966504218
2021-01-10 04:10:00,0.5062761506276151,-0.36254980079681276,-0.612807148175726,-0.5793608284234957,0.3940793864757692,0.00022271714922048998,0.5,-0.7671477405116297,0.818262276333524,0.5073803917719446,0.4728230358980905,0.7616619282529316,0.5676479019871148
2021-01-10 04:20:00,0.5055788005578801,0.14741035856573692,-0.6154877140729711,-0.5540082128191395,0.3940793864757692,0.00022271714922048998,0.5,-0.7671477405116297,0.818262276333524,0.5073803917719446,0.4728230358980905,0.7616619282529316,0.563445840940296
2021-01-10 04:30:00,0.5139470013947002,0.2111553784860556,-0.6187639612807149,-0.5668630601678272,0.3940793864757692,0.00022271714922048998,0.5,-0.7671477405116297,0.818262276333524,0.5073803917719446,0.4728230358980905,0.7616619282529316,0.5662748766540429
2021-01-10 04:40:00,0.5013947001394701,-0.003984063745020028,-0.6202531645569621,-0.5782895911444385,0.3940793864757692,0.00022271714922048998,0.5,-0.7671477405116297,0.818262276333524,0.5073803917719446,0.4728230358980905,0.7616619282529316,0.5495948820857914
2021-01-10 04:50:00,0.4867503486750349,0.3227091633466135,-0.6202531645569621,-0.5850740939118014,0.3940793864757692,0.00022271714922048998,0.5,-0.7671477405116297,0.818262276333524,0.5073803917719446,0.4728230358980905,0.7616619282529316,0.5197881618057546
2021-01-10 05:00:00,0.45327754532775455,-0.11553784860557781,-0.6202531645569621,-0.5818603820746295,0.3940793864757692,0.00022271714922048998,0.5,-0.7711377372530329,0.8281988580689493,0.5034179576661484,0.48644022374381524,0.7630389071467752,0.42681473210917814
2021-01-10 05:10:00,0.44979079497907953,-0.1872509960159363,-0.6253164556962025,-0.5550794500981967,0.3940793864757692,0.00022271714922048998,0.5,-0.7711377372530329,0.8281988580689493,0.5034179576661484,0.48644022374381524,0.7630389071467752,0.41924046049157326
2021-01-10 05:20:00,0.44839609483960946,-0.42629482071713154,-0.6333581533879376,-0.5654347437957508,0.3940793864757692,0.00022271714922048998,0.5,-0.7711377372530329,0.8281988580689493,0.5034179576661484,0.48644022374381524,0.7630389071467752,0.43160523258445616
2021-01-10 05:30:00,0.5139470013947002,-0.3784860557768924,-0.6321667907669397,-0.5818603820746295,0.3940793864757692,0.00022271714922048998,0.5,-0.7711377372530329,0.8281988580689493,0.5034179576661484,0.48644022374381524,0.7630389071467752,0.5942936463629916
2021-01-10 05:40:00,0.5488145048814504,-0.3944223107569722,-0.6291883842144453,-0.5847170148187824,0.3940793864757692,0.00011135857461024499,0.5,-0.7711377372530329,0.8281988580689493,0.5034179576661484,0.48644022374381524,0.7630389071467752,0.6930911175822684
2021-01-10 05:50:00,0.5251046025104603,-0.01195219123505975,-0.6276991809381982,-0.5729334047491519,0.3940793864757692,0.00011135857461024499,0.5,-0.7711377372530329,0.8281988580689493,0.5034179576661484,0.48644022374381524,0.7630389071467752,0.634224542450624
2021-01-10 06:00:00,0.4511854951185495,0.298804780876494,-0.6211466865227104,-0.5540082128191395,0.3998246325790789,0.00022271714922048998,0.5,-0.7720232617787269,0.8474254828207471,0.6217317305549881,0.48420432274553427,0.7741990660713931,0.4990645321906544
2021-01-10 06:10:00,0.5467224546722455,-0.15537848605577698,-0.6190618019359644,-0.5679342974468845,0.4017746136027535,0.00022271714922048998,0.5,-0.7720232617787269,0.8474254828207471,0.6217317305549881,0.48420432274553427,0.7741990660713931,0.6762828733949938
2021-01-10 06:20:00,0.50278940027894,0.027888446215139417,-0.6172747580044677,-0.5725763256561329,0.3940793864757692,0.00011135857461024499,0.5,-0.7720232617787269,0.8474254828207471,0.6217317305549881,0.48420432274553427,0.7741990660713931,0.5893748962686906
2021-01-10 06:30:00,0.5097629009762901,0.1633466135458166,-0.6172747580044677,-0.5779325120514194,0.3940793864757692,0.00011135857461024499,0.5,-0.7720232617787269,0.8474254828207471,0.6217317305549881,0.48420432274553427,0.7741990660713931,0.6188496763583143
2021-01-10 06:40:00,0.5711297071129707,-0.1872509960159363,-0.6172747580044677,-0.5811462238885913,0.3940793864757692,0.00022271714922048998,0.5,-0.7720232617787269,0.8474254828207471,0.6217317305549881,0.48420432274553427,0.7741990660713931,0.7580910421413161
2021-01-10 06:50:00,0.5362622036262203,-0.19521912350597614,-0.618168279970216,-0.5754329584002856,0.38580832602635745,0.00022271714922048998,0.5,-0.7720232617787269,0.8474254828207471,0.6217317305549881,0.48420432274553427,0.7741990660713931,0.6572114006367217
2021-01-10 07:00:00,0.5892608089260809,0.3705179282868525,-0.6202531645569621,-0.5632922692376361,0.38285063668843494,0.000556792873051225,0.5,-0.7671111188193808,0.839365300123276,0.6603135327028896,0.48133893721432597,0.7769583656683943,0.8447500641248096
2021-01-10 07:10:00,0.6094839609483961,-0.26693227091633476,-0.6232315711094565,-0.5515086591680056,0.3933203334598422,0.00022271714922048998,0.5,-0.7671111188193808,0.839365300123276,0.6603135327028896,0.48133893721432597,0.7769583656683943,0.8719465274529625
2021-01-10 07:20:00,0.6122733612273361,-0.01195219123505975,-0.626209977661951,-0.5586502410283878,0.38504927301043046,0.00022271714922048998,0.5,-0.7671111188193808,0.839365300123276,0.6603135327028896,0.48133893721432597,0.7769583656683943,0.8807429424989062
2021-01-10 07:30:00,0.6136680613668062,0.20318725099601576,-0.626209977661951,-0.5640064274236742,0.38285063668843494,0.00033407572383073496,0.5,-0.7671111188193808,0.839365300123276,0.6603135327028896,0.48133893721432597,0.7769583656683943,0.8901277969733091
2021-01-10 07:40:00,0.5697350069735007,0.003984063745019917,-0.6318689501116903,-0.5700767720049991,0.3902841213961341,0.00033407572383073496,0.5,-0.7671111188193808,0.839365300123276,0.6603135327028896,0.48133893721432597,0.7769583656683943,0.7536551141421609
2021-01-10 07:50:00,0.5557880055788006,-0.043824701195219196,-0.6378257632166792,-0.5718621674700946,0.38655429192132024,0.00033407572383073496,0.5,-0.7671111188193808,0.839365300123276,0.6603135327028896,0.48133893721432597,0.7769583656683943,0.7198047588152753
2021-01-10 08:00:00,0.5516039051603905,0.06772908366533859,-0.6399106478034252,-0.5786466702374575,0.38285063668843494,0.00033407572383073496,0.5,-0.764972585428102,0.8584769846583558,0.699825516447348,0.47686577909614525,0.7723290612968231,0.698266366914616
2021-01-10 08:10:00,0.5292887029288703,0.10756972111553775,-0.6434847356664185,-0.5704338510980181,0.39096465168627553,0.00033407572383073496,0.5,-0.764972585428102,0.8584769846583558,0.699825516447348,0.47686577909614525,0.7723290612968231,0.6457443758770011
2021-01-10 08:20:00,0.4755927475592748,0.2350597609561753,-0.6440804169769174,-0.5572219246563113,0.3941055607176977,0.00022271714922048998,0.5,-0.764972585428102,0.8584769846583558,0.699825516447348,0.47686577909614525,0.7723290612968231,0.5182868868536596
2021-01-10 08:30:00,0.44142259414225943,0.2669322709163344,-0.6440804169769174,-0.5793608284234957,0.3941055607176977,0.00022271714922048998,0.5,-0.764972585428102,0.8584769846583558,0.699825516447348,0.47686577909614525,0.7723290612968231,0.4461200718197867
2021-01-10 08:40:00,0.5529986052998606,0.06772908366533859,-0.6419955323901714,-0.5847170148187824,0.3941055607176977,0.00022271714922048998,0.5,-0.764972585428102,0.8584769846583558,0.699825516447348,0.47686577909614525,0.7723290612968231,0.73652247385971
2021-01-10 08:50:00,0.5746164574616458,-0.21912350597609564,-0.6381236038719286,-0.5807891447955722,0.39172370470220264,0.00033407572383073496,0.5,-0.764972585428102,0.8584769846583558,0.699825516447348,0.47686577909614525,0.7723290612968231,0.782420749279539
2021-01-10 09:00:00,0.6213389121338913,0.15537848605577675,-0.6354430379746836,-0.5565077664702731,0.38279828820457784,0.00044543429844097997,0.5,-0.7696984847357919,0.866930837598095,0.744279827030608,0.4684552936337299,0.7632460728710304,0.8983131403050832
2021-01-10 09:10:00,0.5655509065550907,0.25099601593625476,-0.6351451973194342,-0.5615068737725406,0.3913572653152033,0.00033407572383073496,0.5,-0.7696984847357919,0.866930837598095,0.744279827030608,0.4684552936337299,0.7632460728710304,0.763190850521297
2021-01-10 09:20:00,0.4225941422594142,-0.03585657370517936,-0.6351451973194342,-0.5711480092840564,0.40385546583607074,0.00033407572383073496,0.5,-0.7696984847357919,0.866930837598095,0.744279827030608,0.4684552936337299,0.7632460728710304,0.4425668029633206
2021-01-10 09:30:00,0.47698744769874474,-0.36254980079681276,-0.6381236038719286,-0.5793608284234957,0.40534739762599625,0.00033407572383073496,0.5,-0.7696984847357919,0.866930837598095,0.744279827030608,0.4684552936337299,0.7632460728710304,0.5283507098993618
2021-01-10 09:40:00,0.5815899581589958,-0.019920318725099695,-0.635740878629933,-0.576861274772362,0.39516561751580276,0.000779510022271715,0.5,-0.7696984847357919,0.866930837598095,0.744279827030608,0.4684552936337299,0.7632460728710304,0.8112090167026268
2021-01-10 09:50:00,0.6136680613668062,-0.17131474103585675,-0.6315711094564409,-0.5536511337261203,0.3941055607176977,0.0022271714922049,0.5,-0.7696984847357919,0.866930837598095,0.744279827030608,0.4684552936337299,0.7632460728710304,0.8963893960197354
2021-01-10 10:00:00,0.612970711297071,-0.2589641434262948,-0.6321667907669397,-0.5572219246563113,0.3941055607176977,0.0021158129175946547,0.5,-0.7130273498669045,0.8949072863476893,0.7171481989160691,0.474186778920199,0.7563527841697292,0.8879400093546781
2021-01-10 10:10:00,0.6645746164574616,-0.31474103585657376,-0.630975428145942,-0.5600785574004642,0.39117404562170366,0.009799554565701559,0.5,-0.7130273498669045,0.8949072863476893,0.7171481989160691,0.474186778920199,0.7563527841697292,0.9135050620879038
2021-01-10 10:20:00,0.6527196652719665,0.3306772908366533,-0.6268056589724498,-0.5597214783074451,0.38415934878486085,0.0073496659242761695,0.5,-0.7130273498669045,0.8949072863476893,0.7171481989160691,0.474186778920199,0.7563527841697292,0.9390701148211296
2021-01-10 10:30:00,0.6589958158995816,0.2350597609561753,-0.6190618019359644,-0.5550794500981967,0.384120087421968,0.00824053452115813,0.5,-0.7130273498669045,0.8949072863476893,0.7171481989160691,0.474186778920199,0.7563527841697292,0.9646352429953077
2021-01-10 10:40:00,0.6401673640167364,0.2749003984063745,-0.6148920327624721,-0.549009105516872,0.384120087421968,0.005790645879732739,0.5,-0.7130273498669045,0.8949072863476893,0.7171481989160691,0.474186778920199,0.7563527841697292,0.9902002202875809
2021-01-10 10:50:00,0.6638772663877266,-0.07569721115537853,-0.6110201042442294,-0.5418675236564898,0.38836031461438797,0.010356347438752784,0.5,-0.7130273498669045,0.8949072863476893,0.7171481989160691,0.474186778920199,0.7563527841697292,0.9833172895574634
2021-01-10 11:00:00,0.7635983263598326,-0.02788844621513953,-0.6050632911392406,-0.5368684163542226,0.38781065553388916,0.045657015590200446,0.5,-0.7090088695870854,0.9000537345513184,0.7027941082665435,0.5708285801127455,0.7494063260706356,0.9764342079454411
2021-01-10 11:10:00,0.7301255230125524,0.043824701195219085,-0.6002978406552495,-0.5275843599357257,0.38409391318003955,0.03574610244988864,0.5,-0.7090088695870854,0.9000537345513184,0.7027941082665435,0.5708285801127455,0.7494063260706356,0.9695512772153236
2021-01-10 11:20:00,0.794281729428173,0.17928286852589648,-0.5946388682055102,-0.5204427780753437,0.38409391318003955,0.059465478841870825,0.5,-0.7090088695870854,0.9000537345513184,0.7027941082665435,0.5708285801127455,0.7494063260706356,0.9626682710442537
2021-01-10 11:30:00,0.802649930264993,0.09960159362549792,-0.5901712583767685,-0.5125870380289234,0.38409391318003955,0.06224944320712695,0.5,-0.7090088695870854,0.9000537345513184,0.7027941082665435,0.5708285801127455,0.7494063260706356,0.9557852648731837
2021-01-10 11:40:00,0.8389121338912133,0.08366533864541825,-0.5854058078927775,-0.5086591680057133,0.38409391318003955,0.07260579064587973,0.5,-0.7090088695870854,0.9000537345513184,0.7027941082665435,0.5708285801127455,0.7494063260706356,0.9489022587021139
2021-01-10 11:50:00,0.7503486750348675,0.13147410358565725,-0.5800446760982876,-0.4972326370291019,0.38409391318003955,0.039198218262806235,0.5,-0.7090088695870854,0.9000537345513184,0.7027941082665435,0.5708285801127455,0.7494063260706356,0.9420192525310439
2021-01-10 12:00:00,0.8898186889818689,0.07569721115537842,-0.5684288905435593,-0.49366184609891095,0.38409391318003955,0.09398663697104677,0.5,-0.6916839407875932,0.9136540356946868,0.6467994588080461,0.7275915108802414,0.7431938946478458,0.935136246359974
2021-01-10 12:10:00,0.8291492329149234,-0.01195219123505975,-0.5597915115413254,-0.48544902695947145,0.38409391318003955,0.07305122494432072,0.5,-0.6916839407875932,0.9136540356946868,0.6467994588080461,0.7275915108802414,0.7431938946478458,0.9282533156298565
2021-01-10 12:20:00,0.8744769874476986,0.003984063745019917,-0.5547282204020849,-0.4811640778432422,0.38409391318003955,0.08630289532293987,0.5,-0.6916839407875932,0.9136540356946868,0.6467994588080461,0.7275915108802414,0.7431938946478458,0.9213702340178344
2021-01-10 12:30:00,0.9525801952580195,0.36254980079681287,-0.5469843633655995,-0.4750937332619175,0.38409391318003955,0.11024498886414255,0.5,-0.6916839407875932,0.9136540356946868,0.6467994588080461,0.7275915108802414,0.7431938946478458,0.9144873032877167
2021-01-10 12:40:00,0.901673640167364,-0.2270916334661356,-0.539240506329114,-0.46759507230851627,0.3924173221133083,0.0920935412026726,0.5,-0.6916839407875932,0.9136540356946868,0.6467994588080461,0.7275915108802414,0.7431938946478458,0.9076042971166469
2021-01-10 12:50:00,0.8709902370990237,0.03585657370517925,-0.5356664184661207,-0.45973933226209607,0.38404156469618256,0.08786191536748329,0.5,-0.6916839407875932,0.9136540356946868,0.6467994588080461,0.7275915108802414,0.7431938946478458,0.900721290945577
2021-01-10 13:00:00,0.8947001394700139,-0.09960159362549814,-0.5273268801191363,-0.45545438314586684,0.389525068380207,0.09086859688195992,0.5,-0.5704939892729795,0.9025996603516617,0.5258409773716682,0.8665169490800274,0.7420156866904306,0.8938382847745071
2021-01-10 13:10:00,0.9189330543933054,0.3705179282868525,-0.5160089352196575,-0.44902695947152294,0.3871562994856762,0.12260579064587973,0.5,-0.5704939892729795,0.9025996603516617,0.5258409773716682,0.8665169490800274,0.7420156866904306,0.8869552786034371
2021-01-10 13:20:00,0.943165969316597,0.2350597609561753,-0.5067758749069249,-0.4433136939832173,0.38477444347018097,0.12661469933184855,0.5,-0.5704939892729795,0.9025996603516617,0.5258409773716682,0.8665169490800274,0.7420156866904306,0.8800722724323672
2021-01-10 13:30:00,0.9673988842398885,-0.17131474103585675,-0.49754281459419225,-0.43438671665773965,0.392351886508487,0.1271714922048998,0.5,-0.5704939892729795,0.9025996603516617,0.5258409773716682,0.8665169490800274,0.7420156866904306,0.8731893417022497
2021-01-10 13:40:00,0.99163179916318,-0.21912350597609564,-0.4880119136262101,-0.428673451169434,0.3919330986376307,0.11815144766146993,0.5,-0.5704939892729795,0.9025996603516617,0.5258409773716682,0.8665169490800274,0.7420156866904306,0.8663062600902274
2021-01-10 13:50:00,0.9693165969316597,-0.01195219123505975,-0.480565897244974,-0.4190323156579182,0.3866982502519271,0.1479955456570156,0.5,-0.5704939892729795,0.9025996603516617,0.5258409773716682,0.8665169490800274,0.7420156866904306,0.8594233293601099
2021-01-10 14:00:00,0.9470013947001394,-0.26693227091633476,-0.47431124348473575,-0.41688984109980365,0.393411943306592,0.1321826280623608,0.5,-0.5479098119119226,0.8970135658190798,0.527893717590273,0.9779307480030331,0.7451717645683208,0.8105074158456176
2021-01-10 14:10:00,0.9895397489539749,0.12350597609561742,-0.4686522710349963,-0.41688984109980365,0.3870646896389263,0.12282850779510023,0.5,-0.5479098119119226,0.8970135658190798,0.527893717590273,0.9779307480030331,0.7451717645683208,0.8141772409734901
2021-01-10 14:20:00,0.987352580195258,0.36254980079681287,-0.4564408041697692,-0.4129619710765935,0.3855465836070723,0.14587973273942093,0.5,-0.5479098119119226,0.8970135658190798,0.527893717590273,0.9779307480030331,0.7451717645683208,0.8178470661013625
2021-01-10 14:30:00,0.9851654811715481,0.5059760956175297,-0.4498883097542815,-0.4097482592394215,0.38591302299407154,0.14209354120267262,0.5,-0.5479098119119226,0.8970135658190798,0.527893717590273,0.9779307480030331,0.7451717645683208,0.821516891229235
2021-01-10 14:40:00,0.9829783124128313,-0.13147410358565736,-0.44720774385703654,-0.40689162649526867,0.3924958448390938,0.15133630289532293,0.5,-0.5479098119119226,0.8970135658190798,0.527893717590273,0.9779307480030331,0.7451717645683208,0.8251867917980596
2021-01-10 14:50:00,0.9807911436541145,-0.059760956175298974,-0.43946388682055104,-0.3997500446348865,0.3924304092342726,0.15924276169265034,0.5,-0.5479098119119226,0.8970135658190798,0.527893717590273,0.9779307480030331,0.7451717645683208,0.8288566169259322
2021-01-10 15:00:00,0.9786039748953975,-0.4581673306772909,-0.4341027550260611,-0.39475093733261923,0.397756867466726,0.15155902004454344,0.5,-0.5344985346320137,0.8849850721393547,0.5140626083864464,0.9754666750220152,0.7488462235816328,0.8325264420538045
2021-01-10 15:10:00,0.9764168758716876,-0.4342629482071714,-0.42814594192107225,-0.3883235136582752,0.3977830417086546,0.1645879732739421,0.5,-0.5344985346320137,0.8849850721393547,0.5140626083864464,0.9730026020409973,0.7488462235816328,0.8361962671816768
2021-01-10 15:20:00,0.9742297071129707,-0.3545816733067729,-0.42010424422933734,-0.3883235136582752,0.3978223030715473,0.17015590200445435,0.5,-0.5344985346320137,0.8849850721393547,0.5140626083864464,0.9705384386518716,0.7488462235816328,0.8398660923095493
2021-01-10 15:30:00,0.9720426080892608,-0.3944223107569722,-0.4111690245718541,-0.384038564542046,0.3978484773134758,0.15801781737193765,0.5,-0.5344985346320137,0.8849850721393547,0.5140626083864464,0.9680743656708537,0.7488462235816328,0.8435359174374217
2021-01-10 15:40:00,0.9698554393305439,0.027888446215139417,-0.4058078927773642,-0.3811819317978933,0.3950740076690529,0.14844097995545658,0.5,-0.5344985346320137,0.8849850721393547,0.5140626083864464,0.9656102926898358,0.7488462235816328,0.8472057425652942
2021-01-10 15:50:00,0.9676683403068341,-0.12350597609561753,-0.40014892032762484,-0.37796821996072116,0.39321563649212815,0.1655902004454343,0.5,-0.5344985346320137,0.8849850721393547,0.5140626083864464,0.9631462197088181,0.7488462235816328,0.8508755676931665
2021-01-10 16:00:00,0.9654811018131102,-0.1872509960159363,-0.3944899478778854,-0.3758257454026066,0.3938961667822696,0.14966592427616926,0.5,-0.48750416496704885,0.8928010068762989,0.4341084593009727,0.9606820563196922,0.7479231778830634,0.8545455437029438
2021-01-10 16:10:00,0.9632940027894004,-0.31474103585657376,-0.3909158600148921,-0.3740403499375111,0.4100064126892725,0.161358574610245,0.5,-0.48750416496704885,0.8928010068762989,0.4341084593009727,0.9582179833386743,0.7479231778830634,0.8582153688308162
2021-01-10 16:20:00,0.9611068340306834,0.3067729083665336,-0.3873417721518988,-0.37368327084449204,0.4037376817473924,0.15523385300668152,0.5,-0.48750416496704885,0.8928010068762989,0.4341084593009727,0.9557539103576564,0.7479231778830634,0.8618851939586885
2021-01-10 16:30:00,0.9589197350069735,-0.019920318725099695,-0.3834698436336561,-0.36511337261203347,0.40330580675557187,0.15378619153674833,0.5,-0.48750416496704885,0.8928010068762989,0.4341084593009727,0.9532898373766385,0.7479231778830634,0.865555019086561
2021-01-10 16:40:00,0.9567325662482566,0.01195219123505975,-0.38078927773641114,-0.360114265309766,0.39352972739527037,0.17360801781737195,0.5,-0.48750416496704885,0.8928010068762989,0.4341084593009727,0.9508256739875127,0.7479231778830634,0.8692248442144334
2021-01-10 16:50:00,0.9545454672245467,0.003984063745019917,-0.37840655249441557,-0.359757186216747,0.4041172082553559,0.16146993318485525,0.5,-0.48750416496704885,0.8928010068762989,0.4341084593009727,0.9483616010064949,0.7479231778830634,0.8728946693423059
2021-01-10 17:00:00,0.9523582984658299,-0.38645418326693237,-0.38108711839166054,-0.359757186216747,0.40025650757089953,0.15423162583518932,0.5,-0.4867916762695771,0.8976859660868896,0.42890654395117556,0.945897482821423,0.7447988999427351,0.8765644944701781
2021-01-10 17:10:00,0.95017119944212,0.21912350597609564,-0.378704393149665,-0.359757186216747,0.3935035531533418,0.16113585746102452,0.5,-0.4867916762695771,0.8976859660868896,0.42890654395117556,0.945897482821423,0.7447988999427351,0.8802343195980508
2021-01-10 17:20:00,0.9479839609483961,-0.08366533864541836,-0.37721518987341784,-0.359757186216747,0.39794008716022566,0.13853006681514476,0.5,-0.4867916762695771,0.8976859660868896,0.42890654395117556,0.945897482821423,0.7447988999427351,0.8839042201668754
2021-01-10 17:30:00,0.9457968619246863,0.17928286852589648,-0.37781087118391665,-0.359757186216747,0.39352972739527037,0.15211581291759466,0.5,-0.4867916762695771,0.8976859660868896,0.42890654395117556,0.945897482821423,0.7447988999427351,0.8875740452947477
2021-01-10 17:40:00,0.9436097280334728,0.17928286852589648,-0.37721518987341784,-0.3633279771469381,0.39352972739527037,0.14120267260579064,0.5,-0.4867916762695771,0.8976859660868896,0.42890654395117556,0.945897482821423,0.7447988999427351,0.8912438704226202
2021-01-10 17:50:00,0.9414225941422594,-0.059760956175298974,-0.3843633655994044,-0.3615425816818424,0.39352972739527037,0.10746102449888642,0.5,-0.4867916762695771,0.8976859660868896,0.42890654395117556,0.945897482821423,0.7447988999427351,0.8949136955504926
2021-01-10 18:00:00,0.8793584379358438,-0.20318725099601598,-0.3873417721518988,-0.36368505623995717,0.39352972739527037,0.08875278396436526,0.5,-0.5863053548718691,0.9058036188927239,0.5202757395577764,0.7750506142695084,0.7364939494891155,0.8985835206783651
2021-01-10 18:10:00,0.8716875871687587,0.08366533864541825,-0.3912137006701416,-0.3690412426352436,0.39352972739527037,0.08763919821826281,0.5,-0.5863053548718691,0.9058036188927239,0.5202757395577764,0.7750506142695084,0.7364939494891155,0.9022533458062375
2021-01-10 18:20:00,0.9344490934449093,0.15537848605577675,-0.3903201787043933,-0.37332619175147286,0.39352972739527037,0.10657015590200446,0.5,-0.5863053548718691,0.9058036188927239,0.5202757395577764,0.7750506142695084,0.7364939494891155,0.9059231709341098
2021-01-10 18:30:00,0.8912133891213389,0.09960159362549792,-0.3938942665673866,-0.3758257454026066,0.39352972739527037,0.09187082405345212,0.5,-0.5863053548718691,0.9058036188927239,0.5202757395577764,0.7750506142695084,0.7364939494891155,0.9095929960619823
2021-01-10 18:40:00,0.7880055788005579,-0.17131474103585675,-0.3992553983618765,-0.3776111408677022,0.39352972739527037,0.061358574610244986,0.5,-0.5863053548718691,0.9058036188927239,0.5202757395577764,0.7750506142695084,0.7364939494891155,0.9132628966308071
2021-01-10 18:50:00,0.705718270571827,-0.12350597609561753,-0.40491437081161596,-0.38296732726298865,0.39352972739527037,0.019265033407572383,0.5,-0.5863053548718691,0.9058036188927239,0.5202757395577764,0.7750506142695084,0.7364939494891155,0.9169327217586796
2021-01-10 19:00:00,0.6771269177126918,-0.003984063745020028,-0.41146686522710363,-0.3915372254954472,0.39352972739527037,0.005679287305122495,0.5,-0.5869608431394195,0.9224527092845846,0.5338447239681358,0.6732241069863063,0.7431566675942985,0.9206025468865519
2021-01-10 19:10:00,0.6471408647140864,0.15537848605577675,-0.41653015636634405,-0.3986788073558293,0.39352972739527037,0.0010022271714922048,0.5,-0.5869608431394195,0.9224527092845846,0.5338447239681358,0.6732241069863063,0.7431566675942985,0.9242723720144244
2021-01-10 19:20:00,0.6806136680613668,0.13147410358565725,-0.4177215189873419,-0.40689162649526867,0.3977961288296188,0.005345211581291759,0.5,-0.5869608431394195,0.9224527092845846,0.5338447239681358,0.6732241069863063,0.7431566675942985,0.9065399761606591
2021-01-10 19:30:00,0.6847977684797769,-0.33067729083665354,-0.42069992553983626,-0.4083199428673451,0.4035021135700358,0.0069042316258351895,0.5,-0.5869608431394195,0.9224527092845846,0.5338447239681358,0.6732241069863063,0.7431566675942985,0.8888075803068939
2021-01-10 19:40:00,0.6743375174337517,-0.2270916334661356,-0.42069992553983626,-0.407962863774326,0.4035021135700358,0.004565701559020045,0.5,-0.5869608431394195,0.9224527092845846,0.5338447239681358,0.6732241069863063,0.7431566675942985,0.8710751844531286
2021-01-10 19:50:00,0.6080892608089261,-0.3705179282868527,-0.42338049143708123,-0.4097482592394215,0.40218031435264556,0.00044543429844097997,0.5,-0.5869608431394195,0.9224527092845846,0.5338447239681358,0.6732241069863063,0.7431566675942985,0.8533427885993634
2021-01-10 20:00:00,0.5648535564853556,0.298804780876494,-0.429932985852569,-0.41688984109980365,0.3922602766617372,0.00044543429844097997,0.5,-0.591280635229601,0.931234141841975,0.5459058884489707,0.604971572737241,0.7528911728051858,0.7305098299560934
2021-01-10 20:10:00,0.5683403068340307,0.4262948207171313,-0.4349962769918094,-0.42617389751830026,0.3922602766617372,0.00044543429844097997,0.5,-0.591280635229601,0.931234141841975,0.5459058884489707,0.604971572737241,0.7528911728051858,0.7490004073811428
2021-01-10 20:20:00,0.5160390516039052,0.31474103585657365,-0.43946388682055104,-0.43438671665773965,0.3922602766617372,0.00044543429844097997,0.5,-0.591280635229601,0.931234141841975,0.5459058884489707,0.604971572737241,0.7528911728051858,0.5972584757909984
2021-01-10 20:30:00,0.4170153417015342,0.38645418326693215,-0.44750558451228606,-0.4475986430994465,0.39776995458769027,0.00044543429844097997,0.5,-0.591280635229601,0.931234141841975,0.5459058884489707,0.604971572737241,0.7528911728051858,0.3809013684988759
2021-01-10 20:40:00,0.43584379358437936,0.29083665338645415,-0.45822784810126593,-0.4604534904481342,0.4068131551739933,0.00044543429844097997,0.5,-0.591280635229601,0.931234141841975,0.5459058884489707,0.604971572737241,0.7528911728051858,0.4768169953377491
2021-01-10 20:50:00,0.500697350069735,0.10756972111553775,-0.46269545793000755,-0.46652383502945893,0.4147701247202628,0.00044543429844097997,0.5,-0.591280635229601,0.931234141841975,0.5459058884489707,0.604971572737241,0.7528911728051858,0.6178613998823121
2021-01-10 21:00:00,0.4470013947001395,0.22709163346613526,-0.47014147431124353,-0.47116586323870735,0.4147701247202628,0.00044543429844097997,0.5,-0.5970783360677308,0.9326134244426132,0.5616439016292698,0.530027346769243,0.7638954694935645,0.5318360818986979
2021-01-10 21:10:00,0.3682008368200837,-0.0916334661354582,-0.47490692479523466,-0.4783074450990894,0.4147701247202628,0.00044543429844097997,0.5,-0.5970783360677308,0.9326134244426132,0.5616439016292698,0.530027346769243,0.7638954694935645,0.38597854459314695
2021-01-10 21:20:00,0.35564853556485354,-0.2270916334661356,-0.48205510052122125,-0.4861631851455097,0.4147701247202628,0.00044543429844097997,0.5,-0.5970783360677308,0.9326134244426132,0.5616439016292698,0.530027346769243,0.7638954694935645,0.3484240385050621
2021-01-10 21:30:00,0.3117154811715481,-0.4581673306772909,-0.4909903201787045,-0.4943760042849491,0.4147701247202628,0.00044543429844097997,0.5,-0.5970783360677308,0.9326134244426132,0.5616439016292698,0.530027346769243,0.7638954694935645,0.23902711347828054
2021-01-10 21:40:00,0.2705718270571827,-0.5298804780876495,-0.49754281459419225,-0.5090162470987323,0.4147701247202628,0.00044543429844097997,0.5,-0.5970783360677308,0.9326134244426132,0.5616439016292698,0.530027346769243,0.7638954694935645,0.17012689168188058
2021-01-10 21:50:00,0.29707112970711297,-0.5298804780876495,-0.503499627699181,-0.5200856989823246,0.4147701247202628,0.00044543429844097997,0.5,-0.5970783360677308,0.9326134244426132,0.5616439016292698,0.530027346769243,0.7638954694935645,0.19112210872550056
2021-01-10 22:00:00,0.29288702928870297,-0.06772908366533881,-0.48205510052122125,-0.4754508123549366,0.40903796573791734,0.00044543429844097997,0.5,-0.6633895810952021,0.9351449827158657,0.628409508675164,0.4689819841479664,0.7808678895778581,0.16283929568326871
2021-01-10 22:10:00,0.29358437935843795,-0.1872509960159363,-0.45048399106478043,-0.3868951972861988,0.41474395047833423,0.00044543429844097997,0.5,-0.6633895810952021,0.9351449827158657,0.628409508675164,0.4689819841479664,0.7808678895778581,0.150006789685713
2021-01-10 22:20:00,0.2635983263598326,-0.3545816733067729,-0.49009679821295615,-0.4483128012854848,0.4132258444464802,0.00044543429844097997,0.5,-0.6633895810952021,0.9351449827158657,0.628409508675164,0.4689819841479664,0.7808678895778581,0.1546313200657845
2021-01-10 22:30:00,0.3158995815899582,-0.298804780876494,-0.460312732688012,-0.40403499375111596,0.4008585151352554,0.00044543429844097997,0.5,-0.6633895810952021,0.9351449827158657,0.628409508675164,0.4689819841479664,0.7808678895778581,0.16821823558700605
2021-01-10 22:40:00,0.2873082287308229,-0.1872509960159363,-0.4686522710349963,-0.39296554186752364,0.4008585151352554,0.00044543429844097997,0.5,-0.6633895810952021,0.9351449827158657,0.628409508675164,0.4689819841479664,0.7808678895778581,0.1569473573034386
2021-01-10 22:50:00,0.26638772663877264,0.22709163346613526,-0.45822784810126593,-0.3986788073558293,0.40487626127128296,0.00044543429844097997,0.5,-0.6633895810952021,0.9351449827158657,0.628409508675164,0.4689819841479664,0.7808678895778581,0.15633628558926926
2021-01-10 23:00:00,0.26778242677824265,-0.5697211155378487,-0.4308265078183172,-0.34154615247277276,0.4146654277525487,0.00044543429844097997,0.5,-0.7108959540367745,0.9241940535678885,0.7026566417565684,0.42091265315275644,0.8091150332240685,0.1541107774944551
2021-01-10 23:10:00,0.2608089260808926,-0.4103585657370519,-0.4189128816083396,-0.31476522049634004,0.4146654277525487,0.00044543429844097997,0.5,-0.7108959540367745,0.9241940535678885,0.7026566417565684,0.42091265315275644,0.8091150332240685,0.12575252349985666
2021-01-10 23:20:00,0.2594142259414226,-0.17928286852589637,-0.4064035740878631,-0.301196214961614,0.4146654277525487,0.00044543429844097997,0.5,-0.7108959540367745,0.9241940535678885,0.7026566417565684,0.42091265315275644,0.8091150332240685,0.12779697330899106
2021-01-10 23:30:00,0.2684797768479777,-0.1633466135458168,-0.4534623976172749,-0.3615425816818424,0.4146654277525487,0.00044543429844097997,0.5,-0.7108959540367745,0.9241940535678885,0.7026566417565684,0.42091265315275644,0.8091150332240685,0.1345112180696169
2021-01-10 23:40:00,0.30474198047419804,-0.10756972111553798,-0.4367833209233061,-0.3615425816818424,0.4146654277525487,0.00044543429844097997,0.5,-0.7108959540367745,0.9241940535678885,0.7026566417565684,0.42091265315275644,0.8091150332240685,0.17441193777630248
2021-01-10 23:50:00,0.37447698744769875,0.298804780876494,-0.4808637379002234,-0.40724870558828774,0.4146654277525487,0.00044543429844097997,0.5,-0.7108959540367745,0.9241940535678885,0.7026566417565684,0.42091265315275644,0.8091150332240685,0.21367895348310878
2021-01-11 00:00:00,0.3933054393305439,0.3067729083665336,-0.4760982874162324,-0.43295840028566324,0.42110429126696414,0.00044543429844097997,0.5,-0.7192841226286371,0.9042433054507549,0.7427429666667809,0.41244570782695283,0.8382658879645066,0.26388490728306957
2021-01-11 00:10:00,0.40446304044630405,-0.1394422310756973,-0.5133283693224125,-0.4590251740760578,0.4259072646608473,0.00044543429844097997,0.5,-0.7192841226286371,0.9042433054507549,0.7427429666667809,0.41244570782695283,0.8382658879645066,0.26557478461608097
2021-01-11 00:20:00,0.4121338912133891,-0.13147410358565736,-0.5350707371556218,-0.5093733261917515,0.4259072646608473,0.00044543429844097997,0.5,-0.7192841226286371,0.9042433054507549,0.7427429666667809,0.41244570782695283,0.8382658879645066,0.2942800669915657
2021-01-11 00:30:00,0.39400278940027894,-0.2828685258964144,-0.5100521221146688,-0.46973754686663094,0.42080328748478624,0.00044543429844097997,0.5,-0.7192841226286371,0.9042433054507549,0.7427429666667809,0.41244570782695283,0.8382658879645066,0.2788146717564162
2021-01-11 00:40:00,0.3054393305439331,-0.3705179282868527,-0.5109456440804171,-0.4811640778432422,0.41028124222952195,0.00044543429844097997,0.5,-0.7192841226286371,0.9042433054507549,0.7427429666667809,0.41244570782695283,0.8382658879645066,0.1834346756793458
2021-01-11 00:50:00,0.29776847977684795,-0.17928286852589637,-0.4716306775874908,-0.40367791465809677,0.4008585151352554,0.00044543429844097997,0.5,-0.7192841226286371,0.9042433054507549,0.7427429666667809,0.41244570782695283,0.8382658879645066,0.14815094225749506
2021-01-11 01:00:00,0.32984658298465835,-0.5139442231075697,-0.5005212211466865,-0.42974468844849134,0.4008585151352554,0.00044543429844097997,0.5,-0.7708435963569088,0.8832466013614673,0.8004156206086648,0.4226036464030576,0.8509107211491452,0.17358963139550673
2021-01-11 01:10:00,0.31450488145048816,-0.3545816733067729,-0.5079672375279226,-0.47616497054097484,0.4008585151352554,0.00044543429844097997,0.5,-0.7708435963569088,0.8832466013614673,0.8004156206086648,0.4226036464030576,0.8509107211491452,0.17152254930066238
2021-01-11 01:20:00,0.29707112970711297,-0.26693227091633476,-0.4683544303797469,-0.3997500446348865,0.4008585151352554,0.00044543429844097997,0.5,-0.7708435963569088,0.8832466013614673,0.8004156206086648,0.4226036464030576,0.8509107211491452,0.1551744949228239
2021-01-11 01:30:00,0.31241283124128316,-0.40239043824701204,-0.46329113924050636,-0.36725584717014825,0.4008585151352554,0.00044543429844097997,0.5,-0.7708435963569088,0.8832466013614673,0.8004156206086648,0.4226036464030576,0.8509107211491452,0.16212260663578618
2021-01-11 01:40:00,0.3577405857740586,-0.4342629482071714,-0.5091586001489204,-0.4461703267273701,0.4008585151352554,0.00044543429844097997,0.5,-0.7708435963569088,0.8832466013614673,0.8004156206086648,0.4226036464030576,0.8509107211491452,0.2213739306245002
2021-01-11 01:50:00,0.36401673640167365,-0.45019920318725104,-0.49069247952345507,-0.4240314229601856,0.4008585151352554,0.00044543429844097997,0.5,-0.7708435963569088,0.8832466013614673,0.8004156206086648,0.4226036464030576,0.8509107211491452,0.2477707198575675
2021-01-11 02:00:00,0.3368200836820084,0.19521912350597592,-0.5249441548771407,-0.48223531512229956,0.4008585151352554,0.00044543429844097997,0.5,-0.773799447205895,0.8724767030548252,0.8109616099408069,0.42929949689495406,0.8471624863140347,0.24627698900070916
2021-01-11 02:10:00,0.3688981868898187,0.24302788844621515,-0.5401340282948623,-0.5300839135868595,0.40804334454463365,0.00044543429844097997,0.5,-0.773799447205895,0.8724767030548252,0.8109616099408069,0.42929949689495406,0.8471624863140347,0.3295864326991264
2021-01-11 02:20:00,0.4330543933054393,0.15537848605577675,-0.5422189128816084,-0.5440099982146045,0.4121396134064467,0.00044543429844097997,0.5,-0.773799447205895,0.8724767030548252,0.8109616099408069,0.42929949689495406,0.8471624863140347,0.450948292771248
2021-01-11 02:30:00,0.38354253835425384,-0.0916334661354582,-0.5416232315711096,-0.549009105516872,0.4121396134064467,0.00044543429844097997,0.5,-0.773799447205895,0.8724767030548252,0.8109616099408069,0.42929949689495406,0.8471624863140347,0.38464323973625847
2021-01-11 02:40:00,0.3486750348675035,-0.2509960159362551,-0.5487714072970962,-0.5518657382610248,0.4121396134064467,0.00044543429844097997,0.5,-0.773799447205895,0.8724767030548252,0.8109616099408069,0.42929949689495406,0.8471624863140347,0.28049700499419106
2021-01-11 02:50:00,0.301255230125523,-0.5298804780876495,-0.556813104988831,-0.5643635065166934,0.4121396134064467,0.00044543429844097997,0.5,-0.773799447205895,0.8724767030548252,0.8109616099408069,0.42929949689495406,0.8471624863140347,0.19611629977216832
2021-01-11 03:00:00,0.2880055788005579,0.08366533864541825,-0.5618763961280715,-0.5790037493304767,0.4121396134064467,0.00044543429844097997,0.5,-0.7716690519684494,0.8568419600755163,0.8002023192527807,0.44169503614176847,0.8391712101599826,0.173959292062103
2021-01-11 03:10:00,0.3186889818688982,0.346613545816733,-0.5660461653015638,-0.5775754329584002,0.4121396134064467,0.00044543429844097997,0.5,-0.7716690519684494,0.8568419600755163,0.8002023192527807,0.44169503614176847,0.8391712101599826,0.20661768034159664
2021-01-11 03:20:00,0.3926080892608089,0.2589641434262948,-0.5448994787788535,-0.5290126763078021,0.41636675347790236,0.00044543429844097997,0.5,-0.7716690519684494,0.8568419600755163,0.8002023192527807,0.44169503614176847,0.8391712101599826,0.2955022104199043
2021-01-11 03:30:00,0.4490934449093445,0.003984063745019917,-0.5326880119136264,-0.49187645063381535,0.4233814503147452,0.00044543429844097997,0.5,-0.7716690519684494,0.8568419600755163,0.8002023192527807,0.44169503614176847,0.8391712101599826,0.38007151802284356
2021-01-11 03:40:00,0.45676429567642957,-0.29083665338645437,-0.5222635889798959,-0.48866273879664346,0.4233814503147452,0.00044543429844097997,0.5,-0.7716690519684494,0.8568419600755163,0.8002023192527807,0.44169503614176847,0.8391712101599826,0.40596285287505474
2021-01-11 03:50:00,0.48884239888423986,-0.12350597609561753,-0.5425167535368578,-0.5190144617032673,0.4233814503147452,0.00044543429844097997,0.5,-0.7716690519684494,0.8568419600755163,0.8002023192527807,0.44169503614176847,0.8391712101599826,0.4556482641036861
2021-01-11 04:00:00,0.4804741980474198,-0.29083665338645437,-0.5505584512285928,-0.5436529191215853,0.4233814503147452,0.00044543429844097997,0.5,-0.7758229457915572,0.8446496765869677,0.749923943229375,0.457335096361112,0.8300933945973914,0.4995096338096172
2021-01-11 04:10:00,0.38633193863319387,-0.17928286852589637,-0.556813104988831,-0.5532940546331012,0.41359228383347946,0.00044543429844097997,0.5,-0.7758229457915572,0.8446496765869677,0.749923943229375,0.457335096361112,0.8300933945973914,0.38408497668874575
2021-01-11 04:20:00,0.36541143654114366,-0.08366533864541836,-0.559493670886076,-0.5618639528655598,0.412152700527411,0.00044543429844097997,0.5,-0.7758229457915572,0.8446496765869677,0.749923943229375,0.457335096361112,0.8300933945973914,0.32211777841483474
2021-01-11 04:30:00,0.3584379358437936,-0.21115537848605592,-0.5663440059568132,-0.5686484556329227,0.412152700527411,0.00044543429844097997,0.5,-0.7758229457915572,0.8446496765869677,0.749923943229375,0.457335096361112,0.8300933945973914,0.3175988653680764
2021-01-11 04:40:00,0.39609483960948394,-0.019920318725099695,-0.5740878629932986,-0.5729334047491519,0.412152700527411,0.00044543429844097997,0.5,-0.7758229457915572,0.8446496765869677,0.749923943229375,0.457335096361112,0.8300933945973914,0.39601973535313917
2021-01-11 04:50:00,0.38354253835425384,-0.01195219123505975,-0.572300819061802,-0.5636493483306553,0.412152700527411,0.00044543429844097997,0.5,-0.7758229457915572,0.8446496765869677,0.749923943229375,0.457335096361112,0.8300933945973914,0.3663337205968888
2021-01-11 05:00:00,0.37517433751743373,-0.03585657370517936,-0.5663440059568132,-0.5407962863774326,0.412152700527411,0.00044543429844097997,0.5,-0.7823616522186642,0.8255236245247972,0.7441324690189925,0.4721527140228214,0.8182550918133188,0.3533805090755466
2021-01-11 05:10:00,0.37377963737796377,-0.21115537848605592,-0.5621742367833209,-0.552579896447063,0.412152700527411,0.00044543429844097997,0.5,-0.7823616522186642,0.8255236245247972,0.7441324690189925,0.4721527140228214,0.8182550918133188,0.33450518279342756
2021-01-11 05:20:00,0.3856345885634589,0.019920318725099362,-0.5600893521965749,-0.5622210319585788,0.4080956930284907,0.00044543429844097997,0.5,-0.7823616522186642,0.8255236245247972,0.7441324690189925,0.4721527140228214,0.8182550918133188,0.3434524797441043
2021-01-11 05:30:00,0.4072524407252441,-0.3705179282868527,-0.5577066269545794,-0.5632922692376361,0.4115114316001623,0.00044543429844097997,0.5,-0.7823616522186642,0.8255236245247972,0.7441324690189925,0.4721527140228214,0.8182550918133188,0.38140682287973204
2021-01-11 05:40:00,0.43235704323570434,0.2589641434262948,-0.5541325390915861,-0.5650776647027316,0.4061718862467446,0.00044543429844097997,0.5,-0.7823616522186642,0.8255236245247972,0.7441324690189925,0.4721527140228214,0.8182550918133188,0.46172126076919595
2021-01-11 05:50:00,0.42329149232914925,-0.08366533864541836,-0.5517498138495905,-0.5647205856097125,0.4121396134064467,0.00044543429844097997,0.5,-0.7823616522186642,0.8255236245247972,0.7441324690189925,0.4721527140228214,0.8182550918133188,0.45366416705644497
2021-01-11 06:00:00,0.4818688981868898,-0.19521912350597614,-0.5556217423678333,-0.5632922692376361,0.4121396134064467,0.00044543429844097997,0.5,-0.7833275910430946,0.8335004755651483,0.7552266758074286,0.4953297365659784,0.8201285733210417,0.5617936840834679
2021-01-11 06:10:00,0.47419804741980476,-0.20318725099601598,-0.5591958302308266,-0.5615068737725406,0.4121396134064467,0.00044543429844097997,0.5,-0.7833275910430946,0.8335004755651483,0.7552266758074286,0.4953297365659784,0.8201285733210417,0.558677972750728
2021-01-11 06:20:00,0.47419804741980476,-0.15537848605577698,-0.5606850335070739,-0.5618639528655598,0.4121396134064467,0.00044543429844097997,0.5,-0.7833275910430946,0.8335004755651483,0.7552266758074286,0.4953297365659784,0.8201285733210417,0.5785340314136126
2021-01-11 06:30:00,0.5244072524407252,-0.19521912350597614,-0.5586001489203277,-0.5611497946795215,0.4080956930284907,0.00022271714922048998,0.5,-0.7833275910430946,0.8335004755651483,0.7552266758074286,0.4953297365659784,0.8201285733210417,0.6514175354949682
2021-01-11 06:40:00,0.4804741980474198,0.05179282868525892,-0.5606850335070739,-0.5597214783074451,0.40080616665139834,0.00011135857461024499,0.5,-0.7833275910430946,0.8335004755651483,0.7552266758074286,0.4953297365659784,0.8201285733210417,0.5159331291398223
2021-01-11 06:50:00,0.5599721059972106,-0.05179282868525903,-0.559493670886076,-0.5568648455632923,0.39490387509651753,0.00011135857461024499,0.5,-0.7833275910430946,0.8335004755651483,0.7552266758074286,0.4953297365659784,0.8201285733210417,0.6792477028230005
2021-01-11 07:00:00,0.5383542538354253,0.20318725099601576,-0.5517498138495905,-0.5515086591680056,0.38957741686406405,0.00011135857461024499,0.5,-0.759438507409222,0.8104233535532354,0.7255009379806653,0.5260659618274941,0.7970950047213644,0.6280685607375107
2021-01-11 07:10:00,0.5258019525801952,0.21912350597609564,-0.5487714072970962,-0.5475807891447956,0.38957741686406405,0.00011135857461024499,0.5,-0.759438507409222,0.8104233535532354,0.7255009379806653,0.5260659618274941,0.7970950047213644,0.6170994462634096
2021-01-11 07:20:00,0.5160390516039052,0.3067729083665336,-0.5490692479523456,-0.5425816818425281,0.38957741686406405,0.00011135857461024499,0.5,-0.759438507409222,0.8104233535532354,0.7255009379806653,0.5260659618274941,0.7970950047213644,0.5911779350302518
2021-01-11 07:30:00,0.5655509065550907,0.4262948207171313,-0.5487714072970962,-0.5418675236564898,0.3920377956053448,0.00011135857461024499,0.5,-0.759438507409222,0.8104233535532354,0.7255009379806653,0.5260659618274941,0.7970950047213644,0.702724927199481
2021-01-11 07:40:00,0.4686192468619247,-0.043824701195219196,-0.5508562918838422,-0.5418675236564898,0.4008585151352554,0.00011135857461024499,0.5,-0.759438507409222,0.8104233535532354,0.7255009379806653,0.5260659618274941,0.7970950047213644,0.47118155619596547
2021-01-11 07:50:00,0.4428172942817294,-0.10756972111553798,-0.5541325390915861,-0.542224602749509,0.4008585151352554,0.00011135857461024499,0.5,-0.759438507409222,0.8104233535532354,0.7255009379806653,0.5260659618274941,0.7970950047213644,0.4137181827783394
2021-01-11 08:00:00,0.4735006973500697,-0.21115537848605592,-0.55740878629933,-0.5507945009819675,0.4008585151352554,0.00011135857461024499,0.5,-0.7473993095243416,0.8237535451873116,0.7043957706475269,0.5685323678656794,0.7863217871346725,0.45628951219880204
2021-01-11 08:10:00,0.5467224546722455,-0.33864541832669326,-0.55204765450484,-0.5482949473308337,0.39803169700697544,0.00011135857461024499,0.5,-0.7473993095243416,0.8237535451873116,0.7043957706475269,0.5685323678656794,0.7863217871346725,0.6403352595923171
2021-01-11 08:20:00,0.5055788005578801,0.003984063745019917,-0.5475800446760983,-0.5418675236564898,0.39843739775686754,0.00011135857461024499,0.5,-0.7473993095243416,0.8237535451873116,0.7043957706475269,0.5685323678656794,0.7863217871346725,0.525453777328485
2021-01-11 08:30:00,0.5118549511854951,-0.4342629482071714,-0.5487714072970962,-0.5407962863774326,0.3997330227323291,0.00011135857461024499,0.5,-0.7473993095243416,0.8237535451873116,0.7043957706475269,0.5685323678656794,0.7863217871346725,0.5460340691340887
2021-01-11 08:40:00,0.46722454672245467,-0.12350597609561753,-0.5487714072970962,-0.5404392072844135,0.3897344623156352,0.00011135857461024499,0.5,-0.7473993095243416,0.8237535451873116,0.7043957706475269,0.5685323678656794,0.7863217871346725,0.45606318934170226
2021-01-11 08:50:00,0.5181311018131102,-0.17928286852589637,-0.5451973194341029,-0.5418675236564898,0.3897344623156352,0.00011135857461024499,0.5,-0.7473993095243416,0.8237535451873116,0.7043957706475269,0.5685323678656794,0.7863217871346725,0.5780134888422831
2021-01-11 09:00:00,0.5083682008368201,-0.043824701195219196,-0.5407297096053612,-0.5404392072844135,0.3897344623156352,0.00011135857461024499,0.5,-0.7491296678065641,0.8156991095006734,0.7121012504253028,0.5907545903812257,0.7794546167242912,0.5739472215097243
2021-01-11 09:10:00,0.4511854951185495,0.14741035856573692,-0.5398361876396129,-0.5404392072844135,0.39439347737891145,0.00011135857461024499,0.5,-0.7491296678065641,0.8156991095006734,0.7121012504253028,0.5907545903812257,0.7794546167242912,0.4199269731581092
2021-01-11 09:20:00,0.4755927475592748,-0.31474103585657376,-0.5398361876396129,-0.5418675236564898,0.39489078797555327,0.00011135857461024499,0.5,-0.7491296678065641,0.8156991095006734,0.7121012504253028,0.5907545903812257,0.7794546167242912,0.46866937248215823
2021-01-11 09:30:00,0.5299860529986052,-0.08366533864541836,-0.5398361876396129,-0.5418675236564898,0.39835887503108186,0.00011135857461024499,0.5,-0.7491296678065641,0.8156991095006734,0.7121012504253028,0.5907545903812257,0.7794546167242912,0.5870135944596165
2021-01-11 09:40:00,0.5955369595536959,-0.4183266932270917,-0.5380491437081163,-0.5347259417961078,0.399222625014723,0.00011135857461024499,0.5,-0.7491296678065641,0.8156991095006734,0.7121012504253028,0.5907545903812257,0.7794546167242912,0.7760761651855094
2021-01-11 09:50:00,0.5488145048814504,0.2589641434262948,-0.539240506329114,-0.5297268344938404,0.3897344623156352,0.00044543429844097997,0.5,-0.7491296678065641,0.8156991095006734,0.7121012504253028,0.5907545903812257,0.7794546167242912,0.6617982105406099
2021-01-11 10:00:00,0.5041841004184101,0.33864541832669315,-0.5398361876396129,-0.5311551508659168,0.3920639698472733,0.00033407572383073496,0.5,-0.6502653738564477,0.830109739171914,0.5862973281405487,0.5851398400436867,0.7813569299419911,0.5429409900870589
2021-01-11 10:10:00,0.5634588563458857,-0.4422310756972112,-0.5413253909158601,-0.5293697554008212,0.4009501249820052,0.000556792873051225,0.5,-0.6502653738564477,0.830109739171914,0.5862973281405487,0.5851398400436867,0.7813569299419911,0.6682106914917694
2021-01-11 10:20:00,0.5453277545327755,0.14741035856573692,-0.5353685778108712,-0.525084806284592,0.39385690541937685,0.000556792873051225,0.5,-0.6502653738564477,0.830109739171914,0.5862973281405487,0.5851398400436867,0.7813569299419911,0.6264164038806826
2021-01-11 10:30:00,0.5034867503486751,-0.36254980079681276,-0.536559940431869,-0.5222281735404393,0.4009762992239337,0.00033407572383073496,0.5,-0.6502653738564477,0.830109739171914,0.5862973281405487,0.5851398400436867,0.7813569299419911,0.5372678304690919
2021-01-11 10:40:00,0.4790794979079498,-0.3227091633466136,-0.5338793745346241,-0.5168719871451526,0.4009762992239337,0.00022271714922048998,0.5,-0.6502653738564477,0.830109739171914,0.5862973281405487,0.5851398400436867,0.7813569299419911,0.48644326085972506
2021-01-11 10:50:00,0.5111576011157601,-0.24302788844621515,-0.5282204020848846,-0.5086591680057133,0.39809713261179674,0.0006681514476614699,0.5,-0.6502653738564477,0.830109739171914,0.5862973281405487,0.5851398400436867,0.7813569299419911,0.5869683298881965
2021-01-11 11:00:00,0.590655509065551,0.2350597609561753,-0.5172002978406554,-0.49866095340117833,0.38974754943659945,0.0010022271714922048,0.5,-0.6069077583622032,0.8263799291393583,0.5267192919916754,0.5655479600604109,0.7656150394257525,0.8154261659399189
2021-01-11 11:10:00,0.6213389121338913,0.298804780876494,-0.503499627699181,-0.48723442242456705,0.38974754943659945,0.0034521158129175947,0.5,-0.6069077583622032,0.8263799291393583,0.5267192919916754,0.5655479600604109,0.7656150394257525,0.8953407667818398
2021-01-11 11:20:00,0.7092050209205021,0.2111553784860556,-0.4889054355919583,-0.4750937332619175,0.38974754943659945,0.016592427616926503,0.5,-0.6069077583622032,0.8263799291393583,0.5267192919916754,0.5655479600604109,0.7656150394257525,0.886290945576897
2021-01-11 11:30:00,0.7210599721059973,0.1633466135458166,-0.4799702159344752,-0.46295304409926796,0.38974754943659945,0.03017817371937639,0.5,-0.6069077583622032,0.8263799291393583,0.5267192919916754,0.5655479600604109,0.7656150394257525,0.8772409734900494
2021-01-11 11:40:00,0.7468619246861925,-0.01195219123505975,-0.47431124348473575,-0.4525977504017139,0.38974754943659945,0.03708240534521158,0.5,-0.6069077583622032,0.8263799291393583,0.5267192919916754,0.5655479600604109,0.7656150394257525,0.868191076844154
2021-01-11 11:50:00,0.7677824267782427,-0.08366533864541836,-0.47133283693224126,-0.4397429030530262,0.38974754943659945,0.055345211581291756,0.5,-0.6069077583622032,0.8263799291393583,0.5267192919916754,0.5655479600604109,0.7656150394257525,0.8591411047573065
2021-01-11 12:00:00,0.8375174337517434,0.2111553784860556,-0.4656738644825019,-0.4304588466345296,0.39729881823297697,0.10289532293986638,0.5,-0.6020495473485461,0.8210438295781406,0.4709511325579157,0.7092705790371179,0.7475200399481087,0.8500912835523635
2021-01-11 12:10:00,0.794979079497908,-0.03585657370517936,-0.4579300074460164,-0.42474558114622385,0.39974610985329345,0.0965478841870824,0.5,-0.6020495473485461,0.8210438295781406,0.4709511325579157,0.7092705790371179,0.7475200399481087,0.8337734055554717
2021-01-11 12:20:00,0.8054393305439331,-0.03585657370517936,-0.45137751303052875,-0.41831815747188006,0.39974610985329345,0.09443207126948776,0.5,-0.6020495473485461,0.8210438295781406,0.4709511325579157,0.7092705790371179,0.7475200399481087,0.8620109540262837
2021-01-11 12:30:00,0.7684797768479776,-0.17131474103585675,-0.44035740878629936,-0.4108194965184788,0.39824109094240356,0.08652561247216035,0.5,-0.6020495473485461,0.8210438295781406,0.4709511325579157,0.7092705790371179,0.7475200399481087,0.8351766072694902
2021-01-11 12:40:00,0.7796373779637378,0.1633466135458166,-0.42874162323157117,-0.4051062310301732,0.3908337804766329,0.09398663697104677,0.5,-0.6020495473485461,0.8210438295781406,0.4709511325579157,0.7092705790371179,0.7475200399481087,0.782420749279539
2021-01-11 12:50:00,0.803347280334728,-0.0916334661354582,-0.421891288160834,-0.3986788073558293,0.3936082501210558,0.06726057906458797,0.5,-0.6020495473485461,0.8210438295781406,0.4709511325579157,0.7092705790371179,0.7475200399481087,0.7531496597613049
2021-01-11 13:00:00,0.6994421199442119,-0.1633466135458168,-0.4147431124348474,-0.3901089091233708,0.3817774927693657,0.021380846325167038,0.5,-0.4560117109367783,0.8022769656932194,0.36003734422311573,0.8324018111935783,0.7450756017194115,0.7238785702430708
2021-01-11 13:10:00,0.8165969316596933,0.13147410358565725,-0.4022338049143709,-0.3854668809141224,0.3873395191791758,0.05968819599109132,0.5,-0.4560117109367783,0.8022769656932194,0.36003734422311573,0.8324018111935783,0.7450756017194115,0.6946074807248367
2021-01-11 13:20:00,0.7831241283124128,-0.003984063745020028,-0.38883097542814604,-0.37225495447241563,0.3899307691300991,0.053118040089086854,0.5,-0.4560117109367783,0.8022769656932194,0.36003734422311573,0.8324018111935783,0.7450756017194115,0.6653363912066026
2021-01-11 13:30:00,0.7789400278940027,-0.23505976095617542,-0.38198064035740886,-0.35940010712372794,0.3882425305257096,0.04420935412026726,0.5,-0.4560117109367783,0.8022769656932194,0.36003734422311573,0.8324018111935783,0.7450756017194115,0.6360653016883685
2021-01-11 13:40:00,0.8619246861924685,-0.003984063745020028,-0.37274758004467623,-0.3533297625424031,0.3846828336234312,0.0779510022271715,0.5,-0.4560117109367783,0.8022769656932194,0.36003734422311573,0.8324018111935783,0.7450756017194115,0.6067942121701345
2021-01-11 13:50:00,0.8089260808926081,-0.36254980079681276,-0.37006701414743126,-0.3458311015890019,0.3886482312756017,0.053118040089086854,0.5,-0.4560117109367783,0.8022769656932194,0.36003734422311573,0.8324018111935783,0.7450756017194115,0.5775231226519003
2021-01-11 14:00:00,0.7064156206415622,0.10756972111553775,-0.37006701414743126,-0.34475986430994454,0.3800369056811192,0.027060133630289536,0.5,-0.43448712787541155,0.7710017327237686,0.31720891751844543,0.9250605385392888,0.7474719583847179,0.5482520633100473
2021-01-11 14:10:00,0.7405857740585774,0.043824701195219085,-0.36887565152643353,-0.34654525977504014,0.3873395191791758,0.02962138084632517,0.5,-0.43448712787541155,0.7710017327237686,0.31720891751844543,0.9250605385392888,0.7474719583847179,0.5189809436154322
2021-01-11 14:20:00,0.7608089260808927,-0.019920318725099695,-0.36619508562918845,-0.34011783610069624,0.38718247372760467,0.03997772828507795,0.5,-0.43448712787541155,0.7710017327237686,0.31720891751844543,0.9250605385392888,0.7474719583847179,0.48970985409719814
2021-01-11 14:30:00,0.7133891213389122,-0.3067729083665339,-0.35815338793745355,-0.335832886984467,0.38381908363979006,0.5765033407572384,0.5,-0.43448712787541155,0.7710017327237686,0.31720891751844543,0.9250605385392888,0.7474719583847179,0.4604387645789641
2021-01-11 14:40:00,0.7308228730822873,-0.5298804780876495,-0.2950111690245719,-0.3019103731476521,0.3800369056811192,0.9964365256124722,0.5,-0.43448712787541155,0.7710017327237686,0.31720891751844543,0.9250605385392888,0.7474719583847179,0.0
2021-01-11 14:50:00,0.7364016736401674,-0.7848605577689244,-0.2628443782576322,-0.26655954293876094,0.3800369056811192,0.9964365256124722,0.5,-0.43448712787541155,0.7710017327237686,0.31720891751844543,0.9250605385392888,0.7474719583847179,0.0
2021-01-11 15:00:00,0.794979079497908,0.003984063745019917,-0.2548026805658973,-0.25977504017139796,0.3816597086806873,0.8766146993318485,0.5,-0.41741664979556237,0.7450108762180094,0.2832314825699694,0.9669109941383005,0.7473636692063009,0.03827119513556739
2021-01-11 15:10:00,0.8472803347280335,-0.4661354581673308,-0.26582278481012667,-0.27155865024102843,0.3897998979204565,0.9978841870824053,0.5,-0.41741664979556237,0.7450108762180094,0.2832314825699694,0.9669109941383005,0.7473636692063009,0.0
2021-01-11 15:20:00,0.7552301255230126,-0.5697211155378487,-0.2363365599404319,-0.2622745938225317,0.389826072162385,0.9979955456570156,0.5,-0.41741664979556237,0.7450108762180094,0.2832314825699694,0.9669109941383005,0.7473636692063009,0.0
2021-01-11 15:30:00,0.7608089260808927,-0.7091633466135459,-0.23663440059568142,-0.2626316729155508,0.389826072162385,0.9979955456570156,0.5,-0.41741664979556237,0.7450108762180094,0.2832314825699694,0.9669109941383005,0.7473636692063009,0.0
2021-01-11 15:40:00,0.7587168758716877,-0.6938911022576362,-0.23693224125093093,-0.2672737011247991,0.389826072162385,0.9979955456570156,0.5,-0.41741664979556237,0.7450108762180094,0.2832314825699694,0.9669109941383005,0.7473636692063009,0.0
2021-01-11 15:50:00,0.900976290097629,-0.6786188579017265,-0.2288905435591959,-0.27441528298518114,0.389826072162385,0.9979955456570156,0.5,-0.41741664979556237,0.7450108762180094,0.2832314825699694,0.9669109941383005,0.7473636692063009,0.0
2021-01-11 16:00:00,0.8235704323570433,-0.6633466135458168,-0.2282948622486971,-0.28084270665952504,0.389826072162385,0.9979955456570156,0.5,-0.3645339923014399,0.7245888732123207,0.23061642950523345,0.9523512204003434,0.7434368461041279,0.0
2021-01-11 16:10:00,0.8249651324965133,-0.45418326693227096,-0.23276247207743872,-0.2861988930548115,0.389826072162385,0.9979955456570156,0.5,-0.3645339923014399,0.7245888732123207,0.23061642950523345,0.9523512204003434,0.7434368461041279,0.0
2021-01-11 16:20:00,0.7078103207810321,-0.24501992031872522,-0.24080416976917363,-0.2915550794500982,0.389826072162385,0.9979955456570156,0.5,-0.3645339923014399,0.7245888732123207,0.23061642950523345,0.9523512204003434,0.7434368461041279,0.0
2021-01-11 16:30:00,0.6729428172942817,-0.03585657370517936,-0.2431868950111692,-0.2986966613104802,0.3737289133763464,0.9930957683741649,0.5,-0.3645339923014399,0.7245888732123207,0.23061642950523345,0.9523512204003434,0.7434368461041279,0.0
2021-01-11 16:40:00,0.701534170153417,0.047808764940239,-0.24229337304542087,-0.3036957686127477,0.36954103466778343,0.9996659242761693,0.5,-0.3645339923014399,0.7245888732123207,0.23061642950523345,0.9523512204003434,0.7434368461041279,0.0
2021-01-11 16:50:00,0.6854951185495118,0.13147410358565725,-0.2479523454951601,-0.3101231922870915,0.36954103466778343,0.9996659242761693,0.5,-0.3645339923014399,0.7245888732123207,0.23061642950523345,0.9523512204003434,0.7434368461041279,0.0
2021-01-11 17:00:00,0.7280334728033473,0.21513944223107573,-0.2470588235294119,-0.3179789323335118,0.36954103466778343,0.9996659242761693,0.5,-0.3628738756256623,0.7140114997686837,0.21084521993817304,0.8734935619510305,0.7370762695033729,0.0
2021-01-11 17:10:00,0.6792189679218968,0.298804780876494,-0.2470588235294119,-0.3261917514729513,0.36954103466778343,0.9996659242761693,0.5,-0.3628738756256623,0.7140114997686837,0.21084521993817304,0.8734935619510305,0.7370762695033729,0.0
2021-01-11 17:20:00,0.5711297071129707,0.38247011952191245,-0.2509307520476546,-0.3361899660774862,0.36954103466778343,0.9996659242761693,0.5,-0.3628738756256623,0.7140114997686837,0.21084521993817304,0.8734935619510305,0.7370762695033729,0.0
2021-01-11 17:30:00,0.28591352859135283,0.4661354581673305,-0.2559940431868951,-0.3617211212283521,0.36951486042585496,0.4982182628062361,0.5,-0.3628738756256623,0.7140114997686837,0.21084521993817304,0.8734935619510305,0.7370762695033729,0.0
2021-01-11 17:40:00,0.5083682008368201,0.585657370517928,-0.26105733432613565,-0.387252276379218,0.36954103466778343,0.9995545657015591,0.5,-0.3628738756256623,0.7140114997686837,0.21084521993817304,0.8734935619510305,0.7370762695033729,0.0
2021-01-11 17:50:00,0.5690376569037657,0.8565737051792826,-0.26552494415487726,-0.394036779146581,0.36954103466778343,0.9996659242761693,0.5,-0.3628738756256623,0.7140114997686837,0.21084521993817304,0.8734935619510305,0.7370762695033729,0.0
2021-01-11 18:00:00,0.504881450488145,0.38645418326693215,-0.26552494415487726,-0.39475093733261923,0.37158262553820787,0.7694877505567929,0.5,-0.4972654135466241,0.7174453387431863,0.3243665602822984,0.6981338370807529,0.7325633951231334,0.07864719284216244
2021-01-11 18:10:00,0.4351464435146444,-0.3466135458167332,-0.26046165301563673,-0.38975183003035174,0.38083522005993903,0.24710467706013364,0.5,-0.4972654135466241,0.7174453387431863,0.3243665602822984,0.6981338370807529,0.7325633951231334,0.3386544351735896
2021-01-11 18:20:00,0.4393305439330544,-0.7450199203187251,-0.24646314221891308,-0.3747545081235494,0.38083522005993903,0.9991091314031181,0.5,-0.4972654135466241,0.7174453387431863,0.3243665602822984,0.6981338370807529,0.7325633951231334,0.0
2021-01-11 18:30:00,0.0,0.003984063745019917,-0.6232315711094565,-0.3805868237814676,0.3672246142571096,0.0,0.5,-0.4972654135466241,0.7174453387431863,0.3243665602822984,0.6981338370807529,0.7325633951231334,0.0
2021-01-11 18:40:00,0.3891213389121339,-0.5458167330677292,-1.0,-0.3864191037314766,0.3807697844551178,0.9101336302895323,0.5,-0.4972654135466241,0.7174453387431863,0.3243665602822984,0.6981338370807529,0.7325633951231334,0.0
2021-01-11 18:50:00,0.47629009762900976,-0.3466135458167332,-0.27475800446761,-0.3922513836814855,0.38083522005993903,0.9995545657015591,0.5,-0.4972654135466241,0.7174453387431863,0.3243665602822984,0.6981338370807529,0.7325633951231334,0.0
2021-01-11 19:00:00,0.3228730822873082,-0.2589641434262949,-0.28875651526433366,-0.42010355293697543,0.38083522005993903,0.9995545657015591,0.5,-0.5131093317608464,0.6891959069788832,0.3453101664219788,0.6022709107786401,0.7205020690214886,0.0
2021-01-11 19:10:00,0.24686192468619247,-0.17131474103585675,-0.29262844378257635,-0.4443849312622745,0.3665571710879324,0.6409799554565702,0.5,-0.5131093317608464,0.6891959069788832,0.3453101664219788,0.6022709107786401,0.7205020690214886,0.03195678742248442
2021-01-11 19:20:00,0.35704323570432356,-0.26693227091633476,-0.2979895755770663,-0.43902874486698795,0.36319378100011773,0.6511135857461025,0.5,-0.5131093317608464,0.6891959069788832,0.3453101664219788,0.6022709107786401,0.7205020690214886,0.08655340465018031
2021-01-11 19:30:00,0.31450488145048816,-0.019920318725099695,-0.30007446016381245,-0.4172469201928227,0.36319378100011773,0.9979955456570156,0.5,-0.5131093317608464,0.6891959069788832,0.3453101664219788,0.6022709107786401,0.7205020690214886,0.0
2021-01-11 19:40:00,0.199442119944212,0.13147410358565725,-0.3087118391660463,-0.4090341010533832,0.3725379853685987,0.15334075723830734,0.5,-0.5131093317608464,0.6891959069788832,0.3453101664219788,0.6022709107786401,0.7205020690214886,0.060035909893326495
2021-01-11 19:50:00,0.22175732217573224,-0.4422310756972112,-0.305137751303053,-0.3247634351008748,0.37713156482705373,0.00033407572383073496,0.5,-0.5131093317608464,0.6891959069788832,0.3453101664219788,0.6022709107786401,0.7205020690214886,0.09128355236356504
2021-01-11 20:00:00,0.298465829846583,0.24302788844621515,-0.2947133283693225,-0.27727191572933396,0.38254963290625693,0.00022271714922048998,0.5,-0.5343753950256536,0.6861930938170799,0.3719941406802335,0.5305116901257356,0.7356578237866045,0.15621558006548275
2021-01-11 20:10:00,0.3075313807531381,0.09960159362549792,-0.2860759493670887,-0.25513301196214966,0.39088612896048996,0.00022271714922048998,0.5,-0.5343753950256536,0.6861930938170799,0.3719941406802335,0.5305116901257356,0.7356578237866045,0.15829020625556378
2021-01-11 20:20:00,0.3207810320781032,-0.02788844621513953,-0.28369322412509324,-0.23799321549723262,0.39088612896048996,0.00022271714922048998,0.5,-0.5343753950256536,0.6861930938170799,0.3719941406802335,0.5305116901257356,0.7356578237866045,0.18944731958296243
2021-01-11 20:30:00,0.33054393305439334,-0.2509960159362551,-0.28369322412509324,-0.22656668452062123,0.39088612896048996,0.00022271714922048998,0.5,-0.5343753950256536,0.6861930938170799,0.3719941406802335,0.5305116901257356,0.7356578237866045,0.21259260376903
2021-01-11 20:40:00,0.2873082287308229,0.1394422310756971,-0.2789277736411021,-0.2176397071951437,0.39088612896048996,0.00022271714922048998,0.5,-0.5343753950256536,0.6861930938170799,0.3719941406802335,0.5305116901257356,0.7356578237866045,0.13497140787905307
2021-01-11 20:50:00,0.24755927475592746,0.29083665338645415,-0.2738644825018616,-0.2029994643813604,0.3941971705644476,0.00022271714922048998,0.5,-0.5343753950256536,0.6861930938170799,0.3719941406802335,0.5305116901257356,0.7356578237866045,0.10677157988442447
2021-01-11 21:00:00,0.2105997210599721,0.08366533864541825,-0.2744601638123605,-0.18800214247455804,0.40477156430356886,0.00044543429844097997,0.5,-0.5578644417043028,0.6665124552092342,0.397598039047844,0.45207108427820003,0.7651189608443851,0.08448632255533593
2021-01-11 21:10:00,0.1924686192468619,-0.21912350597609564,-0.282204020848846,-0.1744331369398322,0.40477156430356886,0.00044543429844097997,0.5,-0.5578644417043028,0.6665124552092342,0.397598039047844,0.45207108427820003,0.7651189608443851,0.06567889313034687
2021-01-11 21:20:00,0.29288702928870297,0.25099601593625476,-0.2792256142963515,-0.16336368505623988,0.4110795566083417,0.00033407572383073496,0.5,-0.5578644417043028,0.6665124552092342,0.397598039047844,0.45207108427820003,0.7651189608443851,0.16476303996861658
2021-01-11 21:30:00,0.2914923291492329,-0.26693227091633476,-0.32300819061801955,-0.1997857525441885,0.41456073078483463,0.00033407572383073496,0.5,-0.5578644417043028,0.6665124552092342,0.397598039047844,0.45207108427820003,0.7651189608443851,0.16633975587307814
2021-01-11 21:40:00,0.31729428172942814,-0.19521912350597614,-0.3909158600148921,-0.287627209426888,0.3993404091034013,0.00022271714922048998,0.5,-0.5578644417043028,0.6665124552092342,0.397598039047844,0.45207108427820003,0.7651189608443851,0.17288803053849752
2021-01-11 21:50:00,0.2894002789400279,0.29083665338645415,-0.4138495904690991,-0.32904838421710414,0.3972072083862271,0.00022271714922048998,0.5,-0.5578644417043028,0.6665124552092342,0.397598039047844,0.45207108427820003,0.7651189608443851,0.14751723825761576
2021-01-11 22:00:00,0.2775453277545328,-0.1872509960159363,-0.3995532390171259,-0.3229780396357793,0.3939354281451623,0.00033407572383073496,0.5,-0.6403880898785714,0.6442485352306142,0.4903725887721058,0.39550332785401315,0.7925890838074311,0.12976598216575885
2021-01-11 22:10:00,0.2768479776847978,0.06772908366533859,-0.35428145941921074,-0.2540617746830922,0.39091230320241854,0.00022271714922048998,0.5,-0.6403880898785714,0.6442485352306142,0.4903725887721058,0.39550332785401315,0.7925890838074311,0.12253119483380358
2021-01-11 22:20:00,0.28033472803347276,0.11553784860557759,-0.3331347728965004,-0.2240671308694876,0.39091230320241854,0.00022271714922048998,0.5,-0.6403880898785714,0.6442485352306142,0.4903725887721058,0.39550332785401315,0.7925890838074311,0.13396049911734084
2021-01-11 22:30:00,0.2580195258019526,-0.23505976095617542,-0.32658227848101273,-0.20835565077664697,0.39091230320241854,0.00022271714922048998,0.5,-0.6403880898785714,0.6442485352306142,0.4903725887721058,0.39550332785401315,0.7925890838074311,0.11718243131101289
2021-01-11 22:40:00,0.2580195258019526,0.13147410358565725,-0.3182427401340283,-0.1951437243349402,0.39091230320241854,0.00022271714922048998,0.5,-0.6403880898785714,0.6442485352306142,0.4903725887721058,0.39550332785401315,0.7925890838074311,0.10951763055056807
2021-01-11 22:50:00,0.2608089260808926,0.21912350597609564,-0.31466865227103513,-0.18657382610248163,0.39091230320241854,0.00033407572383073496,0.5,-0.6403880898785714,0.6442485352306142,0.4903725887721058,0.39550332785401315,0.7925890838074311,0.1118261236929855
2021-01-11 23:00:00,0.24755927475592746,0.5298804780876492,-0.3104988830975429,-0.18336011426530985,0.39091230320241854,0.00033407572383073496,0.5,-0.7051481494205067,0.6087463757912918,0.5006769971988029,0.3810011802440361,0.8144189196931414,0.08994070341143987
2021-01-11 23:10:00,0.2112970711297071,0.38645418326693215,-0.305137751303053,-0.17693269059096584,0.4003088560547565,0.00022271714922048998,0.5,-0.7051481494205067,0.6087463757912918,0.5006769971988029,0.3810011802440361,0.8144189196931414,0.08506721788855863
2021-01-11 23:20:00,0.24267782426778242,0.3306772908366533,-0.30722263588979903,-0.17086234600964112,0.4047977385454974,0.00022271714922048998,0.5,-0.7051481494205067,0.6087463757912918,0.5006769971988029,0.3810011802440361,0.8144189196931414,0.1177029738823423
2021-01-11 23:30:00,0.25732217573221755,0.15537848605577675,-0.33134772896500375,-0.1933583288698446,0.4047977385454974,0.00033407572383073496,0.5,-0.7051481494205067,0.6087463757912918,0.5006769971988029,0.3810011802440361,0.8144189196931414,0.12423616035728836
2021-01-11 23:40:00,0.28870292887029286,0.36254980079681287,-0.32330603127326885,-0.18657382610248163,0.4083705225687401,0.00022271714922048998,0.5,-0.7051481494205067,0.6087463757912918,0.5006769971988029,0.3810011802440361,0.8144189196931414,0.15507642168474736
2021-01-11 23:50:00,0.31729428172942814,-0.21912350597609564,-0.33551749813849596,-0.21085520442778072,0.4186308254047192,0.00022271714922048998,0.5,-0.7051481494205067,0.6087463757912918,0.5006769971988029,0.3810011802440361,0.8144189196931414,0.14944098254296362
2021-01-12 00:00:00,0.3263598326359832,0.2828685258964143,-0.34623976172747584,-0.22478128905552575,0.4186308254047192,0.00022271714922048998,0.5,-0.7175517298079563,0.5811952058435593,0.5031823370245121,0.3966650539590024,0.8282688427180833,0.17617725606168053
2021-01-12 00:10:00,0.34658298465829845,0.31474103585657365,-0.37721518987341784,-0.2572754865202642,0.4186308254047192,0.00022271714922048998,0.5,-0.7175517298079563,0.5811952058435593,0.5031823370245121,0.3966650539590024,0.8282688427180833,0.2128415589118397
2021-01-12 00:20:00,0.31729428172942814,-0.26693227091633476,-0.4034251675353687,-0.30012497768255664,0.4186308254047192,0.00022271714922048998,0.5,-0.7175517298079563,0.5811952058435593,0.5031823370245121,0.3966650539590024,0.8282688427180833,0.2197142296724354
2021-01-12 00:30:00,0.35355648535564854,-0.12350597609561753,-0.39657483246463154,-0.27762899482235315,0.4186308254047192,0.00022271714922048998,0.5,-0.7175517298079563,0.5811952058435593,0.5031823370245121,0.3966650539590024,0.8282688427180833,0.24920409795253254
2021-01-12 00:40:00,0.3235704323570432,-0.1872509960159363,-0.4290394638868207,-0.32833422603106577,0.4186308254047192,0.00022271714922048998,0.5,-0.7175517298079563,0.5811952058435593,0.5031823370245121,0.3966650539590024,0.8282688427180833,0.19839461653363913
2021-01-12 00:50:00,0.33333333333333337,-0.1872509960159363,-0.3956813104988832,-0.2994108194965186,0.4186308254047192,0.00022271714922048998,0.5,-0.7175517298079563,0.5811952058435593,0.5031823370245121,0.3966650539590024,0.8282688427180833,0.19830408739079924
2021-01-12 01:00:00,0.3354253835425383,-0.059760956175298974,-0.429932985852569,-0.32226388144974105,0.4186308254047192,0.00022271714922048998,0.5,-0.7187578775828216,0.5574083279934015,0.4938219329338435,0.42303597797507114,0.8346109327795205,0.1947809949152798
2021-01-12 01:10:00,0.33054393305439334,-0.3784860557768924,-0.40044676098287424,-0.3040528477057667,0.4186308254047192,0.00033407572383073496,0.5,-0.7187578775828216,0.5574083279934015,0.4938219329338435,0.42303597797507114,0.8346109327795205,0.19771564796233987
2021-01-12 01:20:00,0.3117154811715481,-0.01195219123505975,-0.41712583767684297,-0.31940724870558823,0.4186308254047192,0.00022271714922048998,0.5,-0.7187578775828216,0.5574083279934015,0.4938219329338435,0.42303597797507114,0.8346109327795205,0.16742610558715695
2021-01-12 01:30:00,0.29218967921896793,0.3705179282868525,-0.37364110201042455,-0.2865559721478307,0.42449385559670727,0.00033407572383073496,0.5,-0.7187578775828216,0.5574083279934015,0.4938219329338435,0.42303597797507114,0.8346109327795205,0.13870573502119893
2021-01-12 01:40:00,0.4100418410041841,-0.21115537848605592,-0.37364110201042455,-0.2526334583110159,0.43252934786876235,0.00033407572383073496,0.5,-0.7187578775828216,0.5574083279934015,0.4938219329338435,0.42303597797507114,0.8346109327795205,0.3183457307965056
2021-01-12 01:50:00,0.4790794979079498,-0.3227091633466136,-0.4293373045420701,-0.3072665595429388,0.4279226812893432,0.00044543429844097997,0.5,-0.7187578775828216,0.5574083279934015,0.4938219329338435,0.42303597797507114,0.8346109327795205,0.44749309715285845
2021-01-12 02:00:00,0.4260808926080893,-0.2589641434262948,-0.44005956813105007,-0.34261738975183,0.421248249597571,0.00022271714922048998,0.5,-0.7001402830943529,0.5337248963382916,0.48344207010360846,0.4474779726824477,0.8289387607358235,0.384432005069632
2021-01-12 02:10:00,0.4072524407252441,-0.19521912350597614,-0.4460163812360388,-0.3554722371005177,0.421248249597571,0.00022271714922048998,0.5,-0.7001402830943529,0.5337248963382916,0.48344207010360846,0.4474779726824477,0.8289387607358235,0.32862078850883414
2021-01-12 02:20:00,0.3898186889818689,-0.19521912350597614,-0.4519731943410277,-0.36547045170505266,0.421248249597571,0.00022271714922048998,0.5,-0.7001402830943529,0.5337248963382916,0.48344207010360846,0.4474779726824477,0.8289387607358235,0.31858714184407866
2021-01-12 02:30:00,0.35704323570432356,-0.2828685258964144,-0.4543559195830231,-0.3743974290305303,0.41937679129968203,0.00022271714922048998,0.5,-0.7001402830943529,0.5337248963382916,0.48344207010360846,0.4474779726824477,0.8289387607358235,0.2671590446157792
2021-01-12 02:40:00,0.303347280334728,-0.043824701195219196,-0.45912137006701415,-0.3808248527048741,0.4100064126892725,0.00022271714922048998,0.5,-0.7001402830943529,0.5337248963382916,0.48344207010360846,0.4474779726824477,0.8289387607358235,0.18022843520376602
2021-01-12 02:50:00,0.32566248256624825,-0.5378486055776892,-0.4463142218912882,-0.36868416354222455,0.40026959469186374,0.00022271714922048998,0.5,-0.7001402830943529,0.5337248963382916,0.48344207010360846,0.4474779726824477,0.8289387607358235,0.18673144529776545
2021-01-12 03:00:00,0.28591352859135283,0.15537848605577675,-0.44333581533879385,-0.3379753615425817,0.38227480336600755,0.00022271714922048998,0.5,-0.7197950586063813,0.5242739370185079,0.48010888767908216,0.4708652121581112,0.81436201903154,0.1336964557840578
2021-01-12 03:10:00,0.24755927475592746,-0.09960159362549814,-0.44005956813105007,-0.3476164970540975,0.38227480336600755,0.00033407572383073496,0.5,-0.7197950586063813,0.5242739370185079,0.48010888767908216,0.4708652121581112,0.81436201903154,0.09786200340993105
2021-01-12 03:20:00,0.22315202231520226,-0.3705179282868527,-0.4058078927773642,-0.2779860739153722,0.3775241784559815,0.00022271714922048998,0.5,-0.7197950586063813,0.5242739370185079,0.48010888767908216,0.4708652121581112,0.81436201903154,0.0978167388385111
2021-01-12 03:30:00,0.20432357043235705,0.2350597609561753,-0.3938942665673866,-0.24263524370648093,0.3684024551438929,0.00033407572383073496,0.5,-0.7197950586063813,0.5242739370185079,0.48010888767908216,0.4708652121581112,0.81436201903154,0.08957858684008027
2021-01-12 03:40:00,0.21687587168758715,0.2350597609561753,-0.3861504095309011,-0.2237100517764684,0.3684024551438929,0.00022271714922048998,0.5,-0.7197950586063813,0.5242739370185079,0.48010888767908216,0.4708652121581112,0.81436201903154,0.09893326493353652
2021-01-12 03:50:00,0.2635983263598326,-0.06772908366533881,-0.3876396128071483,-0.21799678628816288,0.3684024551438929,0.00022271714922048998,0.5,-0.7197950586063813,0.5242739370185079,0.48010888767908216,0.4708652121581112,0.81436201903154,0.1351072015933129
2021-01-12 04:00:00,0.28591352859135283,-0.24302788844621515,-0.4373790022338051,-0.2547759328691306,0.3684024551438929,0.00022271714922048998,0.5,-0.7012741880774045,0.5185096851500116,0.47287629776818557,0.4919041462349323,0.794793878089015,0.16671696063491107
2021-01-12 04:10:00,0.2880055788005579,0.15537848605577675,-0.47014147431124353,-0.32404927691483665,0.3684024551438929,0.00022271714922048998,0.5,-0.7012741880774045,0.5185096851500116,0.47287629776818557,0.4919041462349323,0.794793878089015,0.19291005929658858
2021-01-12 04:20:00,0.35355648535564854,0.5776892430278884,-0.457632166790767,-0.30012497768255664,0.3684678907487142,0.00033407572383073496,0.5,-0.7012741880774045,0.5185096851500116,0.47287629776818557,0.4919041462349323,0.794793878089015,0.3032122757517691
2021-01-12 04:30:00,0.36262203626220363,-0.21912350597609564,-0.5076693968726732,-0.35297268344938415,0.37692217089162555,0.00044543429844097997,0.5,-0.7012741880774045,0.5185096851500116,0.47287629776818557,0.4919041462349323,0.794793878089015,0.3285378034612309
2021-01-12 04:40:00,0.3493723849372385,0.17928286852589648,-0.5231571109456441,-0.3886805927512945,0.37003834526442525,0.00022271714922048998,0.5,-0.7012741880774045,0.5185096851500116,0.47287629776818557,0.4919041462349323,0.794793878089015,0.3055660334656065
2021-01-12 04:50:00,0.398884239888424,0.2669322709163344,-0.503499627699181,-0.36725584717014825,0.3756527201580924,0.00033407572383073496,0.5,-0.7012741880774045,0.5185096851500116,0.47287629776818557,0.4919041462349323,0.794793878089015,0.3756129577379785
2021-01-12 05:00:00,0.35006973500697347,-0.07569721115537853,-0.534475055845123,-0.39118014640242804,0.37202758765099264,0.00022271714922048998,0.5,-0.722335630138252,0.5195671351438358,0.49413706603097285,0.5209522080199244,0.7700690627615582,0.30645623670353217
2021-01-12 05:10:00,0.4909344490934449,-0.26693227091633476,-0.551451973194341,-0.4172469201928227,0.3700645195063538,0.000779510022271715,0.5,-0.722335630138252,0.5195671351438358,0.49413706603097285,0.5209522080199244,0.7700690627615582,0.5645095583686648
2021-01-12 05:20:00,0.45676429567642957,-0.01195219123505975,-0.5603871928518244,-0.4204606320299946,0.3700645195063538,0.00044543429844097997,0.5,-0.722335630138252,0.5195671351438358,0.49413706603097285,0.5209522080199244,0.7700690627615582,0.52704558142342
2021-01-12 05:30:00,0.44142259414225943,0.19521912350597592,-0.5720029784065526,-0.4290305302624531,0.3700645195063538,0.0022271714922049,0.5,-0.722335630138252,0.5195671351438358,0.49413706603097285,0.5209522080199244,0.7700690627615582,0.49404016476303997
2021-01-12 05:40:00,0.5055788005578801,0.11553784860557759,-0.5791511541325391,-0.4415282985181217,0.3788067163104789,0.000556792873051225,0.5,-0.722335630138252,0.5195671351438358,0.49413706603097285,0.5209522080199244,0.7700690627615582,0.6460687719721774
2021-01-12 05:50:00,0.6206415620641562,0.11553784860557759,-0.5815338793745347,-0.4443849312622745,0.3813063564146523,0.000779510022271715,0.5,-0.722335630138252,0.5195671351438358,0.49413706603097285,0.5209522080199244,0.7700690627615582,0.8674049821204943
2021-01-12 06:00:00,0.6366806136680614,0.3067729083665336,-0.5845122859270291,-0.44367077307623637,0.3813063564146523,0.000779510022271715,0.5,-0.7596227498755097,0.5240814121555027,0.5600154814682082,0.5179311758901425,0.7705715860257913,0.8956048101151229
2021-01-12 06:10:00,0.5,0.394422310756972,-0.5919583023082651,-0.4415282985181217,0.38341338288989807,0.00011135857461024499,0.5,-0.7596227498755097,0.5240814121555027,0.5600154814682082,0.5179311758901425,0.7705715860257913,0.5497834844667079
2021-01-12 06:20:00,0.46443514644351463,-0.15537848605577698,-0.5997021593447507,-0.4447420103552937,0.3924696705971653,0.00011135857461024499,0.5,-0.7596227498755097,0.5240814121555027,0.5600154814682082,0.5179311758901425,0.7705715860257913,0.4409297342969658
2021-01-12 06:30:00,0.4205020920502092,-0.33067729083665354,-0.6065524944154879,-0.44866988037850386,0.38637107222782063,0.00011135857461024499,0.5,-0.7596227498755097,0.5240814121555027,0.5600154814682082,0.5179311758901425,0.7705715860257913,0.3833381112603166
2021-01-12 06:40:00,0.3437935843793584,-0.043824701195219196,-0.6142963514519733,-0.4622388859132297,0.3766080799884833,0.00011135857461024499,0.5,-0.7596227498755097,0.5240814121555027,0.5600154814682082,0.5179311758901425,0.7705715860257913,0.2702294913770991
2021-01-12 06:50:00,0.394700139470014,0.11553784860557759,-0.626209977661951,-0.4747366541688983,0.37743256860923163,0.00011135857461024499,0.5,-0.7596227498755097,0.5240814121555027,0.5600154814682082,0.5179311758901425,0.7705715860257913,0.3532522594565234
2021-01-12 07:00:00,0.45397489539748953,0.1394422310756971,-0.6339538346984364,-0.4800928405641849,0.38222245488215045,0.00011135857461024499,0.5,-0.7794933198764735,0.5315094236610202,0.6008300998902171,0.5710952569086402,0.7380819948728795,0.44264978801092386
2021-01-12 07:10:00,0.47489539748953974,0.17131474103585642,-0.6413998510796725,-0.4865202642385289,0.38222245488215045,0.00011135857461024499,0.5,-0.7794933198764735,0.5315094236610202,0.6008300998902171,0.5710952569086402,0.7380819948728795,0.49157324562065274
2021-01-12 07:20:00,0.47629009762900976,0.027888446215139417,-0.6467609828741624,-0.4911622924477772,0.38222245488215045,0.00011135857461024499,0.5,-0.7794933198764735,0.5315094236610202,0.6008300998902171,0.5710952569086402,0.7380819948728795,0.4861565852407321
2021-01-12 07:30:00,0.4665271966527197,0.17131474103585642,-0.6506329113924052,-0.49544724156400644,0.38222245488215045,0.00011135857461024499,0.5,-0.7794933198764735,0.5315094236610202,0.6008300998902171,0.5710952569086402,0.7380819948728795,0.46973308991052704
2021-01-12 07:40:00,0.502092050209205,0.36254980079681287,-0.6556962025316456,-0.4993751115872166,0.38222245488215045,0.00011135857461024499,0.5,-0.7794933198764735,0.5315094236610202,0.6008300998902171,0.5710952569086402,0.7380819948728795,0.5425486971347526
2021-01-12 07:50:00,0.5746164574616458,0.15537848605577675,-0.659270290394639,-0.5004463488662738,0.38774521992906774,0.00011135857461024499,0.5,-0.7794933198764735,0.5315094236610202,0.6008300998902171,0.5710952569086402,0.7380819948728795,0.7588756280459285
2021-01-12 08:00:00,0.6680613668061367,-0.2828685258964144,-0.6619508562918839,-0.4961613997500446,0.38974754943659945,0.0023385300668151447,0.5,-0.7849052588816776,0.5336329441649179,0.6381244850553994,0.627576818242748,0.7576680285424822,0.8087647298459496
2021-01-12 08:10:00,0.6108786610878661,0.33864541832669315,-0.6631422189128817,-0.4911622924477772,0.3834526442527908,0.00011135857461024499,0.5,-0.7849052588816776,0.5336329441649179,0.6381244850553994,0.627576818242748,0.7576680285424822,0.8586538316459708
2021-01-12 08:20:00,0.6666666666666667,0.22709163346613526,-0.6661206254653762,-0.4879485806106052,0.3834526442527908,0.0044543429844098,0.5,-0.7849052588816776,0.5336329441649179,0.6381244850553994,0.627576818242748,0.7576680285424822,0.8339167433649683
2021-01-12 08:30:00,0.7029288702928871,0.10756972111553775,-0.6679076693968727,-0.48259239421531863,0.3834526442527908,0.01714922048997773,0.5,-0.7849052588816776,0.5336329441649179,0.6381244850553994,0.627576818242748,0.7576680285424822,0.8091797305249182
2021-01-12 08:40:00,0.6959553695955369,0.1633466135458166,-0.6670141474311244,-0.47295125870380283,0.3834526442527908,0.012806236080178173,0.5,-0.7849052588816776,0.5336329441649179,0.6381244850553994,0.627576818242748,0.7576680285424822,0.7844425668029633
2021-01-12 08:50:00,0.5627615062761506,0.1633466135458166,-0.6744601638123604,-0.4765220496339939,0.38939419717056445,0.00044543429844097997,0.5,-0.7849052588816776,0.5336329441649179,0.6381244850553994,0.627576818242748,0.7576680285424822,0.7597054785219609
2021-01-12 09:00:00,0.5781032078103208,0.2111553784860556,-0.6810126582278482,-0.47759328691305125,0.39465521979819657,0.00044543429844097997,0.5,-0.8027411570120035,0.5486412629631019,0.7018069871284933,0.6090151567306993,0.7613941306032658,0.7662688413778536
2021-01-12 09:10:00,0.5439330543933054,0.21912350597609564,-0.6854802680565898,-0.48080699875022315,0.39465521979819657,0.00033407572383073496,0.5,-0.8027411570120035,0.5486412629631019,0.7018069871284933,0.6090151567306993,0.7613941306032658,0.708752659293571
2021-01-12 09:20:00,0.5390516039051604,0.25099601593625476,-0.6857781087118393,-0.4818782360292805,0.39466830691916094,0.00033407572383073496,0.5,-0.8027411570120035,0.5486412629631019,0.7018069871284933,0.6090151567306993,0.7613941306032658,0.7001976552952005
2021-01-12 09:30:00,0.402370990237099,-0.1394422310756973,-0.6899478778853314,-0.48866273879664346,0.40512491656960387,0.00011135857461024499,0.5,-0.8027411570120035,0.5486412629631019,0.7018069871284933,0.6090151567306993,0.7613941306032658,0.3413778535540233
2021-01-12 09:40:00,0.5,-0.3227091633466136,-0.6941176470588236,-0.49187645063381535,0.400230333328971,0.00011135857461024499,0.5,-0.8027411570120035,0.5486412629631019,0.7018069871284933,0.6090151567306993,0.7613941306032658,0.5936901187440591
2021-01-12 09:50:00,0.4707112970711297,0.33864541832669315,-0.6908413998510797,-0.4925906088198535,0.39473374252398213,0.00011135857461024499,0.5,-0.8027411570120035,0.5486412629631019,0.7018069871284933,0.6090151567306993,0.7613941306032658,0.49645427523877067
2021-01-12 10:00:00,0.5620641562064157,0.043824701195219085,-0.6932241250930753,-0.497589716122121,0.39473374252398213,0.00011135857461024499,0.5,-0.7089976629490202,0.5655202337884029,0.6572798852382907,0.6048345321272749,0.74972907399907,0.7129547203403895
2021-01-12 10:10:00,0.5474198047419805,0.043824701195219085,-0.6872673119880864,-0.4897339760757008,0.39473374252398213,0.00011135857461024499,0.5,-0.7089976629490202,0.5655202337884029,0.6572798852382907,0.6048345321272749,0.74972907399907,0.6789685712992442
2021-01-12 10:20:00,0.43235704323570434,-0.2589641434262948,-0.6842889054355921,-0.4850919478664524,0.39473374252398213,0.00011135857461024499,0.5,-0.7089976629490202,0.5655202337884029,0.6572798852382907,0.6048345321272749,0.74972907399907,0.4057968827798482
2021-01-12 10:30:00,0.4421199442119944,-0.10756972111553798,-0.6771407297096054,-0.48723442242456705,0.39473374252398213,0.00011135857461024499,0.5,-0.7089976629490202,0.5655202337884029,0.6572798852382907,0.6048345321272749,0.74972907399907,0.43730856858336975
2021-01-12 10:40:00,0.5271966527196652,-0.2270916334661356,-0.6658227848101266,-0.4850919478664524,0.39473374252398213,0.00033407572383073496,0.5,-0.7089976629490202,0.5655202337884029,0.6572798852382907,0.6048345321272749,0.74972907399907,0.6735896313955068
2021-01-12 10:50:00,0.5390516039051604,-0.21912350597609564,-0.6548026805658973,-0.476879128727013,0.3946944811610894,0.0012249443207126948,0.5,-0.7089976629490202,0.5655202337884029,0.6572798852382907,0.6048345321272749,0.74972907399907,0.6896057455829323
2021-01-12 11:00:00,0.6004184100418409,-0.10756972111553798,-0.6428890543559196,-0.46616675593643997,0.39468139404012514,0.003006681514476615,0.5,-0.718044354939576,0.5769941409224528,0.6581836894971402,0.6625944098623295,0.7304997928310804,0.8727839220242317
2021-01-12 11:10:00,0.710599721059972,-0.21115537848605592,-0.6312732688011915,-0.4525977504017139,0.39173679182316684,0.026837416481069045,0.5,-0.718044354939576,0.5769941409224528,0.6581836894971402,0.6625944098623295,0.7304997928310804,0.8980490969718002
2021-01-12 11:20:00,0.6708507670850766,-0.02788844621513953,-0.6184661206254655,-0.43581503302981606,0.386894557066391,0.0334075723830735,0.5,-0.718044354939576,0.5769941409224528,0.6581836894971402,0.6625944098623295,0.7304997928310804,0.9233142719193688
2021-01-12 11:30:00,0.8172942817294282,0.12350597609561742,-0.6068503350707373,-0.4240314229601856,0.38478753059114523,0.09844097995545657,0.5,-0.718044354939576,0.5769941409224528,0.6581836894971402,0.6625944098623295,0.7304997928310804,0.8832702144031866
2021-01-12 11:40:00,0.7921896792189679,-0.14741035856573714,-0.6002978406552495,-0.4083199428673451,0.38478753059114523,0.09977728285077953,0.5,-0.718044354939576,0.5769941409224528,0.6581836894971402,0.6625944098623295,0.7304997928310804,0.7957059009912941
2021-01-12 11:50:00,0.793584379358438,-0.059760956175298974,-0.5937453462397617,-0.40403499375111596,0.3847613563492167,0.10400890868596882,0.5,-0.718044354939576,0.5769941409224528,0.6581836894971402,0.6625944098623295,0.7304997928310804,0.7418033405253708
2021-01-12 12:00:00,0.7622036262203626,-0.31474103585657376,-0.5868950111690248,-0.3968934118907338,0.38241876169661443,0.10289532293986638,0.5,-0.6810738227276624,0.5706609349811949,0.632544409989047,0.7802409437444757,0.7222574244078318,0.7261946074807248
2021-01-12 12:10:00,0.7824267782426779,0.09960159362549792,-0.5752792256142965,-0.38939475093733256,0.37486749290023685,0.10913140311804011,0.5,-0.6810738227276624,0.5706609349811949,0.632544409989047,0.7802409437444757,0.7222574244078318,0.7206798738627276
2021-01-12 12:20:00,0.887029288702929,0.33864541832669315,-0.5642591213700671,-0.3883235136582752,0.37486749290023685,0.13552338530066815,0.5,-0.6810738227276624,0.5706609349811949,0.632544409989047,0.7802409437444757,0.7222574244078318,0.687161458726255
2021-01-12 12:30:00,0.9644351464435147,0.07569721115537842,-0.5544303797468355,-0.38296732726298865,0.38722173509049745,0.15501113585746104,0.5,-0.6810738227276624,0.5706609349811949,0.632544409989047,0.7802409437444757,0.7222574244078318,0.5920153296015209
2021-01-12 12:40:00,0.9309623430962343,-0.11553784860557781,-0.5472822040208489,-0.37653990358864486,0.38446035256703875,0.17383073496659243,0.5,-0.6810738227276624,0.5706609349811949,0.632544409989047,0.7802409437444757,0.7222574244078318,0.43260859725093176
2021-01-12 12:50:00,0.9274755927475593,-0.10756972111553798,-0.5359642591213701,-0.3747545081235494,0.3887267540013872,0.17973273942093543,0.5,-0.6810738227276624,0.5706609349811949,0.632544409989047,0.7802409437444757,0.7222574244078318,0.4106326478265461
2021-01-12 13:00:00,0.9467689679218968,-0.4900398406374503,-0.5243484735666419,-0.3743974290305303,0.38875292824331575,0.21169265033407575,0.5,-0.5610238798114751,0.5610605533796743,0.4932743495481676,0.8725898425043875,0.7243780123902862,0.3473603210766933
2021-01-12 13:10:00,0.9660622733612273,-0.2509960159362551,-0.5148175725986598,-0.3740403499375111,0.38875292824331575,0.217260579064588,0.5,-0.5610238798114751,0.5610605533796743,0.4932743495481676,0.8725898425043875,0.7243780123902862,0.3617846311691839
2021-01-12 13:20:00,0.9853556485355649,-0.23505976095617542,-0.5082650781831721,-0.3747545081235494,0.38875292824331575,0.19643652561247218,0.5,-0.5610238798114751,0.5610605533796743,0.4932743495481676,0.8725898425043875,0.7243780123902862,0.3633764352641188
2021-01-12 13:30:00,0.9525801952580195,-0.35856573705179284,-0.48622486969471335,-0.3747545081235494,0.38875292824331575,0.937750556792873,0.5,-0.5610238798114751,0.5610605533796743,0.4932743495481676,0.8725898425043875,0.7243780123902862,0.021576112376842645
2021-01-12 13:40:00,0.9497907949790795,-0.4820717131474104,-0.4293373045420701,-0.3586859489376897,0.38875292824331575,0.99543429844098,0.5,-0.5610238798114751,0.5610605533796743,0.4932743495481676,0.8725898425043875,0.7243780123902862,0.0
2021-01-12 13:50:00,0.9211994421199443,-0.6055776892430279,-0.40461653015636645,-0.36689876807712907,0.38875292824331575,0.99543429844098,0.5,-0.5610238798114751,0.5610605533796743,0.4932743495481676,0.8725898425043875,0.7243780123902862,0.0
2021-01-12 14:00:00,0.9665271966527197,-0.7290836653386454,-0.38972449739389436,-0.3822531690769505,0.38875292824331575,0.99543429844098,0.5,-0.5410006193668717,0.5390552488886721,0.4594961395878567,0.9587387340402213,0.7289538928334091,0.0
2021-01-12 14:10:00,0.9714086471408647,-0.4422310756972112,-0.39240506329113933,-0.3954650955186574,0.38875292824331575,0.99543429844098,0.5,-0.5410006193668717,0.5390552488886721,0.4594961395878567,0.9587387340402213,0.7289538928334091,0.0
2021-01-12 14:20:00,0.9470013947001394,-0.6175298804780875,-0.39359642591213706,-0.40367791465809677,0.38875292824331575,0.99543429844098,0.5,-0.5410006193668717,0.5390552488886721,0.4594961395878567,0.9587387340402213,0.7289538928334091,0.0
2021-01-12 14:30:00,0.900278940027894,-0.596281540504648,-0.3918093819806404,-0.4083199428673451,0.38875292824331575,0.99543429844098,0.5,-0.5410006193668717,0.5390552488886721,0.4594961395878567,0.9587387340402213,0.7289538928334091,0.0
2021-01-12 14:40:00,0.8584379358437936,-0.5750332005312085,-0.3828741623231572,-0.39475093733261923,0.38875292824331575,0.99543429844098,0.5,-0.5410006193668717,0.5390552488886721,0.4594961395878567,0.9587387340402213,0.7289538928334091,0.0
2021-01-12 14:50:00,0.898186889818689,-0.553784860557769,-0.3644080416976918,-0.34261738975183,0.38875292824331575,0.99543429844098,0.5,-0.5410006193668717,0.5390552488886721,0.4594961395878567,0.9587387340402213,0.7289538928334091,0.0
2021-01-12 15:00:00,0.8382147838214784,-0.5325365205843293,-0.3521965748324647,-0.2976254240314229,0.38875292824331575,0.99543429844098,0.5,-0.5202200770256249,0.5278658187910009,0.4219162958304658,0.9585432717109253,0.7304278823633145,0.0
2021-01-12 15:10:00,0.8884239888423989,-0.5112881806108898,-0.3566641846612064,-0.2672737011247991,0.38875292824331575,0.99543429844098,0.5,-0.5202200770256249,0.5278658187910009,0.4219162958304658,0.9583477189735216,0.7304278823633145,0.0
2021-01-12 15:20:00,0.8005578800557881,-0.4900398406374503,-0.35398361876396145,-0.2844134975897161,0.3828637238093992,0.6241648106904232,0.5,-0.5202200770256249,0.5278658187910009,0.4219162958304658,0.9581522566442255,0.7304278823633145,0.18056791948941564
2021-01-12 15:30:00,0.789400278940028,0.11553784860557759,-0.3563663440059569,-0.27762899482235315,0.381240920809831,0.06870824053452115,0.5,-0.5202200770256249,0.5278658187910009,0.4219162958304658,0.9579567943149296,0.7304278823633145,0.9699971332438101
2021-01-12 15:40:00,0.8193863319386332,0.003984063745019917,-0.37066269545793007,-0.2851276557757543,0.38881836384813706,0.05734966592427618,0.5,-0.5202200770256249,0.5278658187910009,0.4219162958304658,0.9577612415775258,0.7304278823633145,0.7877574422499509
2021-01-12 15:50:00,0.8751743375174338,0.05179282868525892,-0.39776619508562927,-0.30940903410105336,0.38918480323513627,0.08129175946547884,0.5,-0.5202200770256249,0.5278658187910009,0.4219162958304658,0.9575657792482298,0.7304278823633145,0.6055177512560919
2021-01-12 16:00:00,0.7817294281729429,-0.20318725099601598,-0.4028294862248698,-0.3058382431708624,0.38918480323513627,0.04175946547884187,0.5,-0.4583181771335889,0.5199378173427552,0.3572344984634567,0.9573703169189339,0.727100000182812,0.42327806026223275
2021-01-12 16:10:00,0.809623430962343,0.019920318725099362,-0.398957557706627,-0.3026245313336904,0.3806781746083679,0.054565701559020054,0.5,-0.4583181771335889,0.5199378173427552,0.3572344984634567,0.9571748545896379,0.727100000182812,0.24103836926837363
2021-01-12 16:20:00,0.7350069735006973,0.21912350597609564,-0.3825763216679078,-0.291198000357079,0.3729960346023478,0.9279510022271715,0.5,-0.4583181771335889,0.5199378173427552,0.3572344984634567,0.9569793018522341,0.727100000182812,0.058798678274514536
2021-01-12 16:30:00,0.806136680613668,0.346613545816733,-0.33879374534623985,-0.2529905374040349,0.3710460535786732,0.9957683741648108,0.5,-0.4583181771335889,0.5199378173427552,0.3572344984634567,0.9567838395229382,0.727100000182812,0.0
2021-01-12 16:40:00,0.7880055788005579,0.05179282868525892,-0.325390915860015,-0.2558471701481878,0.37497218986795094,0.6792873051224945,0.5,-0.4583181771335889,0.5199378173427552,0.3572344984634567,0.9565883771936422,0.727100000182812,0.317055690511037
2021-01-12 16:50:00,0.809623430962343,-0.06772908366533881,-0.36291883842144457,-0.2819139439385824,0.38537645103453694,0.05812917594654788,0.5,-0.4583181771335889,0.5199378173427552,0.3572344984634567,0.9563928244562384,0.727100000182812,0.3955463433770388
2021-01-12 17:00:00,0.8549511854951185,0.09960159362549792,-0.37006701414743126,-0.3008391358685949,0.38199997382575807,0.07739420935412027,0.5,-0.4470810543445235,0.5200470105486403,0.3410112944462896,0.9561973621269425,0.7214006075303866,0.4740369962430406
2021-01-12 17:10:00,0.9456066945606695,0.15537848605577675,-0.36619508562918845,-0.2944117121942511,0.38199997382575807,0.10389755011135858,0.5,-0.4470810543445235,0.5200470105486403,0.3410112944462896,0.9561973621269425,0.7214006075303866,0.5525276189326614
2021-01-12 17:20:00,0.7447698744769874,-0.12350597609561753,-0.36649292628443786,-0.28691305124084987,0.38199997382575807,0.036302895322939864,0.5,-0.4470810543445235,0.5200470105486403,0.3410112944462896,0.9561973621269425,0.7214006075303866,0.6310183019750442
2021-01-12 17:30:00,0.7468619246861925,0.043824701195219085,-0.3670886075949368,-0.2883413676129263,0.38199997382575807,0.0289532293986637,0.5,-0.4470810543445235,0.5200470105486403,0.3410112944462896,0.9561973621269425,0.7214006075303866,0.7095089548410459
2021-01-12 17:40:00,0.690376569037657,-0.1872509960159363,-0.3670886075949368,-0.28369933940367775,0.38199997382575807,0.022828507795100223,0.5,-0.4470810543445235,0.5200470105486403,0.3410112944462896,0.9561973621269425,0.7214006075303866,0.7879996077070478
2021-01-12 17:50:00,0.8730822873082287,0.2828685258964143,-0.3644080416976918,-0.28369933940367775,0.38197379958382954,0.08195991091314032,0.5,-0.4470810543445235,0.5200470105486403,0.3410112944462896,0.9561973621269425,0.7214006075303866,0.8664902605730496
2021-01-12 18:00:00,0.7796373779637378,0.14741035856573692,-0.3650037230081906,-0.2847705766827352,0.3848922275588593,0.18273942093541204,0.5,-0.5805646544636607,0.5312421876571445,0.4332806167021556,0.7735556257971506,0.7162648788510451,0.9449809134390512
2021-01-12 18:10:00,0.7119944211994422,-0.2749003984063746,-0.3444527177959793,-0.2622745938225317,0.3820523223096151,0.9985523385300669,0.5,-0.5805646544636607,0.5312421876571445,0.4332806167021556,0.7735556257971506,0.7162648788510451,0.0
2021-01-12 18:20:00,0.7663877266387726,-0.02788844621513953,-0.31198808637379016,-0.22299589359043037,0.3820523223096151,0.9985523385300669,0.5,-0.5805646544636607,0.5312421876571445,0.4332806167021556,0.7735556257971506,0.7162648788510451,0.0
2021-01-12 18:30:00,0.7154811715481172,0.003984063745019917,-0.3021593447505585,-0.2351365827530797,0.3820523223096151,0.9876391982182628,0.5,-0.5805646544636607,0.5312421876571445,0.4332806167021556,0.7735556257971506,0.7162648788510451,0.0
2021-01-12 18:40:00,0.7329149232914923,0.1872509960159361,-0.33104988830975446,-0.26156043563649345,0.3853241025506799,0.09064587973273942,0.5,-0.5805646544636607,0.5312421876571445,0.4332806167021556,0.7735556257971506,0.7162648788510451,0.9535887261040783
2021-01-12 18:50:00,0.705718270571827,-0.11553784860557781,-0.37364110201042455,-0.3008391358685949,0.3884911858240306,0.00913140311804009,0.5,-0.5805646544636607,0.5312421876571445,0.4332806167021556,0.7735556257971506,0.7162648788510451,0.905108861294265
2021-01-12 19:00:00,0.697350069735007,-0.23505976095617542,-0.38555472822040215,-0.3119085877521871,0.39194618575859497,0.011024498886414253,0.5,-0.5908429759894445,0.5342277597864405,0.4689858940845904,0.6849044819363296,0.7190928664354432,0.8566289964844517
2021-01-12 19:10:00,0.7454672245467224,-0.31474103585657376,-0.38853313477289664,-0.3058382431708624,0.39194618575859497,0.0244988864142539,0.5,-0.5908429759894445,0.5342277597864405,0.4689858940845904,0.6849044819363296,0.7190928664354432,0.8081491316746382
2021-01-12 19:20:00,0.694560669456067,-0.003984063745020028,-0.39300074460163825,-0.3040528477057667,0.3845781366557171,0.004120267260579065,0.5,-0.5908429759894445,0.5342277597864405,0.4689858940845904,0.6849044819363296,0.7190928664354432,0.7596693045853011
2021-01-12 19:30:00,0.6736401673640168,0.24302788844621515,-0.3956813104988832,-0.30833779682199614,0.3848922275588593,0.2820712694877505,0.5,-0.5908429759894445,0.5342277597864405,0.4689858940845904,0.6849044819363296,0.7190928664354432,0.7111894020550116
2021-01-12 19:40:00,0.6345885634588563,-0.2828685258964144,-0.3605361131794491,-0.2740582038921622,0.3918545759118452,0.9961024498886415,0.5,-0.5908429759894445,0.5342277597864405,0.4689858940845904,0.6849044819363296,0.7190928664354432,0.0
2021-01-12 19:50:00,0.6373779637377964,-0.2270916334661356,-0.3450483991064781,-0.2547759328691306,0.3918545759118452,0.9961024498886415,0.5,-0.5908429759894445,0.5342277597864405,0.4689858940845904,0.6849044819363296,0.7190928664354432,0.0
2021-01-12 20:00:00,0.606694560669456,-0.298804780876494,-0.332836932241251,-0.26584538475272257,0.3918545759118452,0.9032293986636971,0.5,-0.597981170846865,0.5449459349955608,0.47820198370260975,0.6400401183664391,0.7400390885896203,0.018988487710668862
2021-01-12 20:10:00,0.6352859135285913,-0.14741035856573714,-0.3676842889054357,-0.29334047491519377,0.391893837274738,0.00044543429844097997,0.5,-0.597981170846865,0.5449459349955608,0.47820198370260975,0.6400401183664391,0.7400390885896203,0.890391840306592
2021-01-12 20:20:00,0.5864714086471409,-0.019920318725099695,-0.4019359642591215,-0.3236921978218176,0.391893837274738,0.00011135857461024499,0.5,-0.597981170846865,0.5449459349955608,0.47820198370260975,0.6400401183664391,0.7400390885896203,0.7581136744270259
2021-01-12 20:30:00,0.5836820083682008,0.25099601593625476,-0.4135517498138497,-0.33333333333333326,0.391893837274738,0.00011135857461024499,0.5,-0.597981170846865,0.5449459349955608,0.47820198370260975,0.6400401183664391,0.7400390885896203,0.733210616050817
2021-01-12 20:40:00,0.5843793584379359,0.2749003984063745,-0.4183172002978408,-0.3376182824495625,0.39616023870908645,0.00011135857461024499,0.5,-0.597981170846865,0.5449459349955608,0.47820198370260975,0.6400401183664391,0.7400390885896203,0.7444664061439112
2021-01-12 20:50:00,0.5376569037656904,-0.24302788844621515,-0.4230826507818318,-0.3361899660774862,0.4030964128201437,0.00011135857461024499,0.5,-0.597981170846865,0.5449459349955608,0.47820198370260975,0.6400401183664391,0.7400390885896203,0.6164053895016371
2021-01-12 21:00:00,0.5460251046025105,-0.38645418326693237,-0.4296351451973195,-0.3379753615425817,0.4030964128201437,0.00011135857461024499,0.5,-0.6027824147836902,0.5422534604189013,0.4856689261139068,0.584282418589103,0.7623287090969747,0.6135763537878903
2021-01-12 21:10:00,0.43235704323570434,0.06772908366533859,-0.4335070737155622,-0.34118907337975357,0.4030964128201437,0.00011135857461024499,0.5,-0.6027824147836902,0.5422534604189013,0.4856689261139068,0.584282418589103,0.7623287090969747,0.40391085897068363
2021-01-12 21:20:00,0.4086471408647141,0.20318725099601576,-0.43618763961280715,-0.35118728798428844,0.4030964128201437,0.00011135857461024499,0.5,-0.6027824147836902,0.5422534604189013,0.4856689261139068,0.584282418589103,0.7623287090969747,0.38704226202151576
2021-01-12 21:30:00,0.4205020920502092,0.11553784860557759,-0.43857036485480283,-0.3579717907516514,0.4074805983431705,0.00011135857461024499,0.5,-0.6027824147836902,0.5422534604189013,0.4856689261139068,0.584282418589103,0.7623287090969747,0.40697376163676696
2021-01-12 21:40:00,0.42747559274755925,0.09163346613545809,-0.4415487714072971,-0.3626138189608997,0.4143513368494065,0.00011135857461024499,0.5,-0.6027824147836902,0.5422534604189013,0.4856689261139068,0.584282418589103,0.7623287090969747,0.4312883805845166
2021-01-12 21:50:00,0.42398884239888424,-0.10756972111553798,-0.4424422933730455,-0.36868416354222455,0.4143513368494065,0.00011135857461024499,0.5,-0.6027824147836902,0.5422534604189013,0.4856689261139068,0.584282418589103,0.7623287090969747,0.41306184649275013
2021-01-12 22:00:00,0.4783821478382148,0.2350597609561753,-0.4445271779597916,-0.3740403499375111,0.4157123974296894,0.00011135857461024499,0.5,-0.6792742567847689,0.5393023703546198,0.5419771869000504,0.5460994040506008,0.7846111213294951,0.4479985515337146
2021-01-12 22:10:00,0.5564853556485356,-0.043824701195219196,-0.44720774385703654,-0.37225495447241563,0.42556699951577653,0.00011135857461024499,0.5,-0.6792742567847689,0.5393023703546198,0.5419771869000504,0.5460994040506008,0.7846111213294951,0.6206828915008223
2021-01-12 22:20:00,0.599023709902371,-0.3466135458167332,-0.4448250186150411,-0.36511337261203347,0.42556699951577653,0.00011135857461024499,0.5,-0.6792742567847689,0.5393023703546198,0.5419771869000504,0.5460994040506008,0.7846111213294951,0.6767656954901399
2021-01-12 22:30:00,0.5725244072524408,-0.3705179282868527,-0.4445271779597916,-0.359757186216747,0.42318514350028136,0.00011135857461024499,0.5,-0.6792742567847689,0.5393023703546198,0.5419771869000504,0.5460994040506008,0.7846111213294951,0.6987869094859454
2021-01-12 22:40:00,0.5578800557880056,0.09960159362549792,-0.4424422933730455,-0.36047134440278517,0.4203321511300729,0.00011135857461024499,0.5,-0.6792742567847689,0.5393023703546198,0.5419771869000504,0.5460994040506008,0.7846111213294951,0.6996846568191077
2021-01-12 22:50:00,0.5892608089260809,-0.42629482071713154,-0.4445271779597916,-0.359757186216747,0.42556699951577653,0.00011135857461024499,0.5,-0.6792742567847689,0.5393023703546198,0.5419771869000504,0.5460994040506008,0.7846111213294951,0.7362131659550071
2021-01-12 23:00:00,0.5502092050209205,-0.4422310756972112,-0.4445271779597916,-0.3565434743795751,0.42556699951577653,0.0012249443207126948,0.5,-0.6864481060948435,0.5270497432522916,0.5289606048120634,0.5249298935435289,0.7951362993476315,0.6316218295939768
2021-01-12 23:10:00,0.49372384937238495,-0.5139442231075697,-0.4445271779597916,-0.35761471165863234,0.42556699951577653,0.0089086859688196,0.5,-0.6864481060948435,0.5270497432522916,0.5289606048120634,0.5249298935435289,0.7951362993476315,0.5247823528524225
2021-01-12 23:20:00,0.4776847977684798,0.019920318725099362,-0.44690990320178703,-0.3618996607748617,0.4177278140581853,0.007683741648106904,0.5,-0.6864481060948435,0.5270497432522916,0.5289606048120634,0.5249298935435289,0.7951362993476315,0.5043529429515518
2021-01-12 23:30:00,0.48535564853556484,0.3067729083665336,-0.4495904690990321,-0.37082663810033933,0.4175053330017929,0.004565701559020045,0.5,-0.6864481060948435,0.5270497432522916,0.5289606048120634,0.5249298935435289,0.7951362993476315,0.5068047739034658
2021-01-12 23:40:00,0.4797768479776848,-0.31474103585657376,-0.4534623976172749,-0.3740403499375111,0.4218371700409627,0.00311804008908686,0.5,-0.6864481060948435,0.5270497432522916,0.5289606048120634,0.5249298935435289,0.7951362993476315,0.49733693438145965
2021-01-12 23:50:00,0.45327754532775455,0.3784860557768923,-0.4534623976172749,-0.3776111408677022,0.4143513368494065,0.00623608017817372,0.5,-0.6864481060948435,0.5270497432522916,0.5289606048120634,0.5249298935435289,0.7951362993476315,0.4556180877227395
2021-01-13 00:00:00,0.4121338912133891,-0.01195219123505975,-0.4534623976172749,-0.3818960899839313,0.4143513368494065,0.0038975501113585743,0.5,-0.6880929470556394,0.5272911177074021,0.5192854480666362,0.49653182989114836,0.7979681029467668,0.3952879581151833
2021-01-13 00:10:00,0.4170153417015342,0.15537848605577675,-0.4534623976172749,-0.3854668809141224,0.4143513368494065,0.006792873051224944,0.5,-0.6880929470556394,0.5272911177074021,0.5192854480666362,0.49653182989114836,0.7979681029467668,0.39222505544909997
2021-01-13 00:20:00,0.44839609483960946,0.40239043824701204,-0.4534623976172749,-0.3883235136582752,0.4143513368494065,0.004008908685968819,0.5,-0.6880929470556394,0.5272911177074021,0.5192854480666362,0.49653182989114836,0.7979681029467668,0.41733934849193544
2021-01-13 00:30:00,0.4602510460251046,-0.02788844621513953,-0.45495160089352205,-0.3883235136582752,0.42260931017785397,0.007238307349665925,0.5,-0.6880929470556394,0.5272911177074021,0.5192854480666362,0.49653182989114836,0.7979681029467668,0.40974244458862047
2021-01-13 00:40:00,0.4686192468619247,-0.2509960159362551,-0.4564408041697692,-0.3901089091233708,0.4255015639109552,0.006792873051224944,0.5,-0.6880929470556394,0.5272911177074021,0.5192854480666362,0.49653182989114836,0.7979681029467668,0.43593554325029804
2021-01-13 00:50:00,0.4330543933054393,-0.2509960159362551,-0.45882352941176485,-0.39296554186752364,0.4203714124929657,0.0071269487750556795,0.5,-0.6880929470556394,0.5272911177074021,0.5192854480666362,0.49653182989114836,0.7979681029467668,0.4001388113523545
2021-01-13 01:00:00,0.4421199442119944,0.1872509960159361,-0.4618019359642591,-0.39760757007677205,0.41882713221918305,0.0024498886414253897,0.5,-0.7065324026931954,0.5203429816066935,0.5180089370985462,0.4743509871665913,0.8068655496391909,0.3919534680205803
2021-01-13 01:10:00,0.47629009762900976,-0.01195219123505975,-0.4647803425167536,-0.3983217282628101,0.4255015639109552,0.007238307349665925,0.5,-0.7065324026931954,0.5203429816066935,0.5180089370985462,0.4743509871665913,0.8068655496391909,0.41602667592075687
2021-01-13 01:20:00,0.4379358437935844,0.2669322709163344,-0.4692479523454952,-0.39903588644884846,0.43323605240083235,0.013474387527839644,0.5,-0.7065324026931954,0.5203429816066935,0.5180089370985462,0.4743509871665913,0.8068655496391909,0.41497804668286137
2021-01-13 01:30:00,0.41422594142259417,-0.09960159362549814,-0.47133283693224126,-0.39903588644884846,0.4368350106660036,0.018485523385300667,0.5,-0.7065324026931954,0.5203429816066935,0.5180089370985462,0.4743509871665913,0.8068655496391909,0.3346409765076874
2021-01-13 01:40:00,0.42538354253835425,0.21912350597609564,-0.47133283693224126,-0.401178361006963,0.42707201842666637,0.015256124721603564,0.5,-0.7065324026931954,0.5203429816066935,0.5180089370985462,0.4743509871665913,0.8068655496391909,0.3200431522247537
2021-01-13 01:50:00,0.41841004184100417,-0.17131474103585675,-0.4728220402084885,-0.4090341010533832,0.4361413932548978,0.04187082405345211,0.5,-0.7065324026931954,0.5203429816066935,0.5180089370985462,0.4743509871665913,0.8068655496391909,0.2756235194713098
2021-01-13 02:00:00,0.4463040446304045,-0.07569721115537853,-0.47550260610573347,-0.4093911801464024,0.4257371320883119,0.01024498886414254,0.5,-0.7136248371118493,0.5057972971808026,0.5006427573854326,0.4749582313049734,0.814466746725876,0.3528599665042172
2021-01-13 02:10:00,0.398884239888424,-0.38645418326693237,-0.4799702159344752,-0.414747366541689,0.4257371320883119,0.0033407572383073497,0.5,-0.7136248371118493,0.5057972971808026,0.5006427573854326,0.4749582313049734,0.814466746725876,0.2902137996590069
2021-01-13 02:20:00,0.3486750348675035,-0.4103585657370519,-0.48562918838421454,-0.4208177111230138,0.4257371320883119,0.007906458797327393,0.5,-0.7136248371118493,0.5057972971808026,0.5006427573854326,0.4749582313049734,0.814466746725876,0.23062299138464323
2021-01-13 02:30:00,0.32217573221757323,-0.33067729083665354,-0.4796723752792257,-0.41046241742545975,0.4183952572273626,0.0023385300668151447,0.5,-0.7136248371118493,0.5057972971808026,0.5006427573854326,0.4749582313049734,0.814466746725876,0.21690028214916185
2021-01-13 02:40:00,0.30264993026499304,-0.2509960159362551,-0.47877885331347736,-0.3804677736118549,0.41452146942194185,0.00044543429844097997,0.5,-0.7136248371118493,0.5057972971808026,0.5006427573854326,0.4749582313049734,0.814466746725876,0.1928497065346953
2021-01-13 02:50:00,0.28591352859135283,0.13147410358565725,-0.5058823529411764,-0.42188894840207114,0.40379003023124943,0.00022271714922048998,0.5,-0.7136248371118493,0.5057972971808026,0.5006427573854326,0.4749582313049734,0.814466746725876,0.17690148920439971
2021-01-13 03:00:00,0.2894002789400279,-0.21912350597609564,-0.48652271034996286,-0.4004642028209249,0.41452146942194185,0.0006681514476614699,0.5,-0.73026676134497,0.4982917010290024,0.4875593442543121,0.4741164233306254,0.8216867691500768,0.19923955520014486
2021-01-13 03:10:00,0.31659693165969316,-0.3944223107569722,-0.4802680565897246,-0.3661846098910908,0.41022889374566496,0.00044543429844097997,0.5,-0.73026676134497,0.4982917010290024,0.4875593442543121,0.4741164233306254,0.8216867691500768,0.20768894186520212
2021-01-13 03:20:00,0.33054393305439334,0.08366533864541825,-0.4656738644825019,-0.3633279771469381,0.40068838256272005,0.00044543429844097997,0.5,-0.73026676134497,0.4982917010290024,0.4875593442543121,0.4741164233306254,0.8216867691500768,0.2109329028169652
2021-01-13 03:30:00,0.28103207810320785,0.2828685258964143,-0.47371556217423694,-0.37011247991430096,0.410032586931201,0.00033407572383073496,0.5,-0.73026676134497,0.4982917010290024,0.4875593442543121,0.4741164233306254,0.8216867691500768,0.1848378773933642
2021-01-13 03:40:00,0.29567642956764295,-0.1394422310756973,-0.4498883097542815,-0.3379753615425817,0.41452146942194185,0.0012249443207126948,0.5,-0.73026676134497,0.4982917010290024,0.4875593442543121,0.4741164233306254,0.8216867691500768,0.19217073796339604
2021-01-13 03:50:00,0.2796373779637378,-0.4661354581673308,-0.45822784810126593,-0.3536868416354222,0.41452146942194185,0.005567928730512249,0.5,-0.73026676134497,0.4982917010290024,0.4875593442543121,0.4741164233306254,0.8216867691500768,0.17472124568100547
2021-01-13 04:00:00,0.3284518828451883,-0.07569721115537853,-0.44393149664929277,-0.3211926441706838,0.41452146942194185,0.006347438752783964,0.5,-0.750589265708388,0.4795334576603348,0.47426732188988047,0.467109930579959,0.8243404085146616,0.23608491633598383
2021-01-13 04:10:00,0.46582984658298465,0.1394422310756971,-0.47788533134772904,-0.37975361542581687,0.4312075486513722,0.010579064587973273,0.5,-0.750589265708388,0.4795334576603348,0.47426732188988047,0.467109930579959,0.8243404085146616,0.4123451574452676
2021-01-13 04:20:00,0.4916317991631799,-0.2749003984063746,-0.48950111690245734,-0.40403499375111596,0.428419991885985,0.005011135857461025,0.5,-0.750589265708388,0.4795334576603348,0.47426732188988047,0.467109930579959,0.8243404085146616,0.4561159980083589
2021-01-13 04:30:00,0.4463040446304045,0.2589641434262948,-0.48175725986597184,-0.4061774683092304,0.41632749211500963,0.005790645879732739,0.5,-0.750589265708388,0.4795334576603348,0.47426732188988047,0.467109930579959,0.8243404085146616,0.4066493655415906
2021-01-13 04:40:00,0.4693165969316597,0.38645418326693215,-0.4889054355919583,-0.4111765756114979,0.43035688578869535,0.011692650334075724,0.5,-0.750589265708388,0.4795334576603348,0.47426732188988047,0.467109930579959,0.8243404085146616,0.4228540821099326
2021-01-13 04:50:00,0.42398884239888424,0.1394422310756971,-0.49367088607594944,-0.4108194965184788,0.44013296514899686,0.009799554565701559,0.5,-0.750589265708388,0.4795334576603348,0.47426732188988047,0.467109930579959,0.8243404085146616,0.37106386831027355
2021-01-13 05:00:00,0.4170153417015342,-0.29083665338645437,-0.49694713328369333,-0.41688984109980365,0.4454594233814503,0.01024498886414254,0.5,-0.753671358001056,0.4696112434520002,0.4632566856088923,0.4610518279220525,0.832303276713377,0.37871358088024504
2021-01-13 05:10:00,0.4337517433751743,0.06772908366533859,-0.49337304542070004,-0.41688984109980365,0.4454070748975933,0.013474387527839644,0.5,-0.753671358001056,0.4696112434520002,0.4632566856088923,0.4610518279220525,0.832303276713377,0.4127148181118639
2021-01-13 05:20:00,0.4721059972105997,-0.15537848605577698,-0.4930752047654505,-0.41653276200678446,0.44451715067202363,0.013474387527839644,0.5,-0.753671358001056,0.4696112434520002,0.4632566856088923,0.4610518279220525,0.832303276713377,0.44489038429621136
2021-01-13 05:30:00,0.47419804741980476,-0.12350597609561753,-0.4835443037974684,-0.41046241742545975,0.4370313174804675,0.004342984409799555,0.5,-0.753671358001056,0.4696112434520002,0.4632566856088923,0.4610518279220525,0.832303276713377,0.4309790726798135
2021-01-13 05:40:00,0.4790794979079498,0.1394422310756971,-0.4799702159344752,-0.4097482592394215,0.44064336286660305,0.014365256124721604,0.5,-0.753671358001056,0.4696112434520002,0.4632566856088923,0.4610518279220525,0.832303276713377,0.48678274514537473
2021-01-13 05:50:00,0.4776847977684798,-0.5378486055776892,-0.47371556217423694,-0.4051062310301732,0.4482862415097303,0.0017817371937639199,0.5,-0.753671358001056,0.4696112434520002,0.4632566856088923,0.4610518279220525,0.832303276713377,0.5510584365617032
2021-01-13 06:00:00,0.5857740585774059,-0.38645418326693237,-0.46656738644825024,-0.39796464916979113,0.43353705618301025,0.00011135857461024499,0.5,-0.7551299219571059,0.44918636694089503,0.44609467663476404,0.44513940423682696,0.8594978004954267,0.7195482595772289
2021-01-13 06:10:00,0.5920502092050209,0.08366533864541825,-0.4519731943410277,-0.38939475093733256,0.42665323055581,0.00011135857461024499,0.5,-0.7551299219571059,0.44918636694089503,0.44609467663476404,0.44513940423682696,0.8594978004954267,0.7413506948111713
2021-01-13 06:20:00,0.5690376569037657,-0.17131474103585675,-0.4531645569620254,-0.38153901089091236,0.4370967530852888,0.00011135857461024499,0.5,-0.7551299219571059,0.44918636694089503,0.44609467663476404,0.44513940423682696,0.8594978004954267,0.6763583143473603
2021-01-13 06:30:00,0.5453277545327755,-0.0916334661354582,-0.4531645569620254,-0.3776111408677022,0.4370967530852888,0.00011135857461024499,0.5,-0.7551299219571059,0.44918636694089503,0.44609467663476404,0.44513940423682696,0.8594978004954267,0.6337643526411878
2021-01-13 06:40:00,0.5111576011157601,-0.003984063745020028,-0.4463142218912882,-0.3743974290305303,0.4370967530852888,0.00011135857461024499,0.5,-0.7551299219571059,0.44918636694089503,0.44609467663476404,0.44513940423682696,0.8594978004954267,0.5808274363655567
2021-01-13 06:50:00,0.49721059972105996,-0.09960159362549814,-0.4412509307520478,-0.3679700053561864,0.4327518289251548,0.00011135857461024499,0.5,-0.7551299219571059,0.44918636694089503,0.44609467663476404,0.44513940423682696,0.8594978004954267,0.48592271828839567
2021-01-13 07:00:00,0.5244072524407252,0.05179282868525892,-0.4370811615785556,-0.3661846098910908,0.44214838177749277,0.00011135857461024499,0.5,-0.7569956604295278,0.4339769027634523,0.44284722055778686,0.4026204349247044,0.8605103098293834,0.6220031081672375
2021-01-13 07:10:00,0.4602510460251046,-0.019920318725099695,-0.4332092330603129,-0.36047134440278517,0.43735849550457395,0.00011135857461024499,0.5,-0.7569956604295278,0.4339769027634523,0.44284722055778686,0.4026204349247044,0.8605103098293834,0.48512304419330987
2021-01-13 07:20:00,0.44490934449093444,0.13147410358565725,-0.42814594192107225,-0.3618996607748617,0.43717527581107435,0.00011135857461024499,0.5,-0.7569956604295278,0.4339769027634523,0.44284722055778686,0.4026204349247044,0.8605103098293834,0.4175883036347451
2021-01-13 07:30:00,0.46443514644351463,-0.07569721115537853,-0.4230826507818318,-0.3611855025888234,0.43717527581107435,0.00011135857461024499,0.5,-0.7569956604295278,0.4339769027634523,0.44284722055778686,0.4026204349247044,0.8605103098293834,0.43736892134526306
2021-01-13 07:40:00,0.5223152022315203,-0.3227091633466136,-0.42069992553983626,-0.359757186216747,0.43717527581107435,0.00011135857461024499,0.5,-0.7569956604295278,0.4339769027634523,0.44284722055778686,0.4026204349247044,0.8605103098293834,0.4876352279071171
2021-01-13 07:50:00,0.4818688981868898,-0.1872509960159363,-0.4180193596425913,-0.359757186216747,0.43717527581107435,0.00011135857461024499,0.5,-0.7569956604295278,0.4339769027634523,0.44284722055778686,0.4026204349247044,0.8605103098293834,0.4333328303936509
2021-01-13 08:00:00,0.39051603905160387,-0.10756972111553798,-0.4132539091586003,-0.36225673986788076,0.43717527581107435,0.00011135857461024499,0.5,-0.7563086201393292,0.403425793159333,0.4426709489259922,0.38810065773368535,0.8831755083813804,0.29980234470479955
2021-01-13 08:10:00,0.3396094839609484,-0.4661354581673308,-0.4174236783320924,-0.3697554008212819,0.43426993495700883,0.00011135857461024499,0.5,-0.7563086201393292,0.403425793159333,0.4426709489259922,0.38810065773368535,0.8831755083813804,0.19314392624892496
2021-01-13 08:20:00,0.34239888423988846,0.17131474103585642,-0.41980640357408805,-0.3758257454026066,0.42864247294237734,0.00011135857461024499,0.5,-0.7563086201393292,0.403425793159333,0.4426709489259922,0.38810065773368535,0.8831755083813804,0.19390587986782742
2021-01-13 08:30:00,0.32566248256624825,0.43426294820717115,-0.421891288160834,-0.3811819317978933,0.43717527581107435,0.00011135857461024499,0.5,-0.7563086201393292,0.403425793159333,0.4426709489259922,0.38810065773368535,0.8831755083813804,0.21568568281605985
2021-01-13 08:40:00,0.3242677824267783,0.3067729083665336,-0.39627699180938203,-0.3294054633101231,0.43717527581107435,0.00011135857461024499,0.5,-0.7563086201393292,0.403425793159333,0.4426709489259922,0.38810065773368535,0.8831755083813804,0.2241954222430104
2021-01-13 08:50:00,0.3396094839609484,0.29083665338645415,-0.4141474311243486,-0.35083020889126937,0.4450668097525226,0.00011135857461024499,0.5,-0.7563086201393292,0.403425793159333,0.4426709489259922,0.38810065773368535,0.8831755083813804,0.22355417414789444
2021-01-13 09:00:00,0.3361227336122734,-0.08366533864541836,-0.40759493670886093,-0.3408319942867345,0.4510214497912604,0.00011135857461024499,0.5,-0.7457503994866292,0.384566977101034,0.44218943569870844,0.4140471518463717,0.9057325869789445,0.22977050862290085
2021-01-13 09:10:00,0.34309623430962344,-0.13147410358565736,-0.40819061801935974,-0.32547759328691306,0.4510214497912604,0.00011135857461024499,0.5,-0.7457503994866292,0.384566977101034,0.44218943569870844,0.4140471518463717,0.9057325869789445,0.23908746624017382
2021-01-13 09:20:00,0.3842398884239888,-0.09960159362549814,-0.4108711839166047,-0.35904302803070876,0.4436926620512753,0.00011135857461024499,0.5,-0.7457503994866292,0.384566977101034,0.44218943569870844,0.4140471518463717,0.9057325869789445,0.27966715451815866
2021-01-13 09:30:00,0.3396094839609484,-0.02788844621513953,-0.3834698436336561,-0.32869130512408495,0.4397796128829619,0.00011135857461024499,0.5,-0.7457503994866292,0.384566977101034,0.44218943569870844,0.4140471518463717,0.9057325869789445,0.2100728759599861
2021-01-13 09:40:00,0.3270571827057183,0.11553784860557759,-0.3801935964259122,-0.32690590965898936,0.4397796128829619,0.00011135857461024499,0.5,-0.7457503994866292,0.384566977101034,0.44218943569870844,0.4140471518463717,0.9057325869789445,0.17374805739547658
2021-01-13 09:50:00,0.2907949790794979,0.2350597609561753,-0.37751303052866725,-0.3519014461703267,0.44293360903534834,0.00011135857461024499,0.5,-0.7457503994866292,0.384566977101034,0.44218943569870844,0.4140471518463717,0.9057325869789445,0.13340223606982815
2021-01-13 10:00:00,0.2831241283124128,-0.3784860557768924,-0.3551749813849592,-0.3115515086591679,0.4535996126212195,0.00011135857461024499,0.5,-0.5916328105014204,0.36438634855046,0.3386803240405212,0.4094885942294616,0.913643303346748,0.11973233550100337
2021-01-13 10:10:00,0.31241283124128316,-0.4422310756972112,-0.32688011913626225,-0.24120692733440452,0.4535996126212195,0.00011135857461024499,0.5,-0.5916328105014204,0.36438634855046,0.3386803240405212,0.4094885942294616,0.913643303346748,0.1575282526366613
2021-01-13 10:20:00,0.32914923291492326,-0.40239043824701204,-0.309903201787044,-0.22156757721835385,0.4505241391946186,0.00011135857461024499,0.5,-0.5916328105014204,0.36438634855046,0.3386803240405212,0.4094885942294616,0.913643303346748,0.19668965101015437
2021-01-13 10:30:00,0.34658298465829845,0.17928286852589648,-0.2950111690245719,-0.21406891626495272,0.4509167528235464,0.4981069042316258,0.5,-0.5916328105014204,0.36438634855046,0.3386803240405212,0.4094885942294616,0.913643303346748,0.1042141315991973
2021-01-13 10:40:00,0.36959553695955366,0.12350597609561742,-0.28488458674609096,-0.18943045884663456,0.4535996126212195,0.9992204899777284,0.5,-0.5916328105014204,0.36438634855046,0.3386803240405212,0.4094885942294616,0.913643303346748,0.0
2021-01-13 10:50:00,0.43654114365411434,0.19521912350597592,-0.26850335070737164,-0.20407070166041774,0.4535996126212195,0.9992204899777284,0.5,-0.5916328105014204,0.36438634855046,0.3386803240405212,0.4094885942294616,0.913643303346748,0.0
2021-01-13 11:00:00,0.0,0.003984063745019917,-0.26486969471332844,-0.2304945545438314,0.43975343864103333,0.0,0.5,-0.5295904273964945,0.3546968882809823,0.3077139636426444,0.38145388076276115,0.8750912915809161,0.0
2021-01-13 11:10:00,0.0,0.003984063745019917,-0.26123603871928525,-0.2569183895732904,0.4531677376293989,0.0,0.5,-0.5295904273964945,0.3546968882809823,0.3077139636426444,0.38145388076276115,0.8750912915809161,0.0
2021-01-13 11:20:00,0.0,0.003984063745019917,-0.25760238272524205,-0.2833422603106588,0.43165251076415706,0.0,0.5,-0.5295904273964945,0.3546968882809823,0.3077139636426444,0.38145388076276115,0.8750912915809161,0.0
2021-01-13 11:30:00,0.20920502092050208,-0.5458167330677292,-0.25396872673119897,-0.30976611319407255,0.45346874141157684,0.7464365256124722,0.5,-0.5295904273964945,0.3546968882809823,0.3077139636426444,0.38145388076276115,0.8750912915809161,0.0
2021-01-13 11:40:00,0.2698744769874477,-0.8964143426294822,-0.2503350707371558,-0.3361899660774862,0.4535996126212195,0.9995545657015591,0.5,-0.5295904273964945,0.3546968882809823,0.3077139636426444,0.38145388076276115,0.8750912915809161,0.0
2021-01-13 11:50:00,0.19177126917712692,-0.452855245683931,-0.2354430379746837,-0.33333333333333326,0.4535996126212195,0.9995545657015591,0.5,-0.5295904273964945,0.3546968882809823,0.3077139636426444,0.38145388076276115,0.8750912915809161,0.0
2021-01-13 12:00:00,0.24267782426778242,-0.009296148738379806,-0.2241250930752049,-0.31905016961256916,0.4360236091662195,0.9934298440979955,0.5,-0.4521336805167594,0.33656794259885614,0.2728014013467914,0.38243451038680104,0.8121398410841907,0.0
2021-01-13 12:10:00,0.24895397489539747,0.43426294820717115,-0.21131794489947897,-0.2940546331012319,0.40406485977149886,0.3487750556792873,0.5,-0.4521336805167594,0.33656794259885614,0.2728014013467914,0.38243451038680104,0.8121398410841907,0.06046592332181602
2021-01-13 12:20:00,0.20432357043235705,-0.23505976095617542,-0.18600148920327642,-0.2194251026602393,0.40414338249728443,0.00011135857461024499,0.5,-0.4521336805167594,0.33656794259885614,0.2728014013467914,0.38243451038680104,0.8121398410841907,0.07326070884318844
2021-01-13 12:30:00,0.2099023709902371,-0.15537848605577698,-0.1627699180938199,-0.15158007498660953,0.39660520082187123,0.00011135857461024499,0.5,-0.4521336805167594,0.33656794259885614,0.2728014013467914,0.38243451038680104,0.8121398410841907,0.07074852512938123
2021-01-13 12:40:00,0.199442119944212,0.13147410358565725,-0.14370811615785561,-0.10444563470808788,0.38218319351925767,0.00011135857461024499,0.5,-0.4521336805167594,0.33656794259885614,0.2728014013467914,0.38243451038680104,0.8121398410841907,0.052401285513828326
2021-01-13 12:50:00,0.15271966527196654,0.2669322709163344,-0.13328369322412525,-0.06838064631315821,0.38449961392993154,0.00011135857461024499,0.5,-0.4521336805167594,0.33656794259885614,0.2728014013467914,0.38243451038680104,0.8121398410841907,0.028252636661285215
2021-01-13 13:00:00,0.16875871687587168,-0.2828685258964144,-0.12464631422189132,-0.03588644884841985,0.39252201908102236,0.00011135857461024499,0.5,-0.22414626930685289,0.3148068860683852,0.15861580862328434,0.4785121107411402,0.7696393822252992,0.0363172744692729
2021-01-13 13:10:00,0.18688981868898188,0.21912350597609564,-0.11094564408041707,-0.010890912337082503,0.39390925390323384,0.00011135857461024499,0.5,-0.22414626930685289,0.3148068860683852,0.15861580862328434,0.4785121107411402,0.7696393822252992,0.06279704874994342
2021-01-13 13:20:00,0.21199442119944212,-0.26693227091633476,-0.09337304542070002,0.001963935011605189,0.40897253013309603,0.00011135857461024499,0.5,-0.22414626930685289,0.3148068860683852,0.15861580862328434,0.4785121107411402,0.7696393822252992,0.07826998808032953
2021-01-13 13:30:00,0.2280334728033473,-0.31474103585657376,-0.0772896500372302,0.010176754151044465,0.40755912106895603,0.00011135857461024499,0.5,-0.22414626930685289,0.3148068860683852,0.15861580862328434,0.4785121107411402,0.7696393822252992,0.10850672178885587
2021-01-13 13:40:00,0.3319386331938633,0.24302788844621515,-0.06626954579300093,0.010533833244063429,0.3963041970396933,0.00011135857461024499,0.5,-0.22414626930685289,0.3148068860683852,0.15861580862328434,0.4785121107411402,0.7696393822252992,0.21912579024397602
2021-01-13 13:50:00,0.33472803347280333,-0.298804780876494,-0.08562918838421452,-0.052312087127298734,0.4089463558911675,0.00011135857461024499,0.5,-0.22414626930685289,0.3148068860683852,0.15861580862328434,0.4785121107411402,0.7696393822252992,0.21985756748193191
2021-01-13 14:00:00,0.38702928870292885,0.1394422310756971,-0.07669396872673129,-0.08444920549901802,0.40897253013309603,0.00011135857461024499,0.5,-0.21560440967866645,0.27985069265847995,0.15567270644293105,0.5265940355857816,0.7670334851425209,0.32681020565203617
2021-01-13 14:10:00,0.5474198047419805,-0.09960159362549814,-0.05554728220402094,-0.08730583824317073,0.40720576880292103,0.0006681514476614699,0.5,-0.21560440967866645,0.27985069265847995,0.15567270644293105,0.5265940355857816,0.7670334851425209,0.6389094255925887
2021-01-13 14:20:00,0.45397489539748953,-0.15537848605577698,-0.04214445271779621,-0.09194786645241915,0.40711415895617126,0.00044543429844097997,0.5,-0.21560440967866645,0.27985069265847995,0.15567270644293105,0.5265940355857816,0.7670334851425209,0.432359642108122
2021-01-13 14:30:00,0.5878661087866108,-0.043824701195219196,-0.021891288160834188,-0.08409212640599895,0.40393398856185625,0.00044543429844097997,0.5,-0.21560440967866645,0.27985069265847995,0.15567270644293105,0.5265940355857816,0.7670334851425209,0.7196387887200688
2021-01-13 14:40:00,0.5711297071129707,-0.13147410358565736,-0.01444527177959809,-0.08837707552222807,0.3978484773134758,0.00155902004454343,0.5,-0.21560440967866645,0.27985069265847995,0.15567270644293105,0.5265940355857816,0.7670334851425209,0.6908128008207977
2021-01-13 14:50:00,0.6262203626220363,-0.17131474103585675,-0.00967982129560696,-0.09373326191751463,0.390231772912277,0.0073496659242761695,0.5,-0.21560440967866645,0.27985069265847995,0.15567270644293105,0.5265940355857816,0.7670334851425209,0.8232569367955701
2021-01-13 15:00:00,0.6834030683403068,-0.11553784860557781,-0.0028294862248698927,-0.09194786645241915,0.3848922275588593,0.01002227171492205,0.5,-0.1938304455672577,0.25340582229667713,0.15477828642922753,0.5822170272823355,0.7715417801939272,0.9801062208609322
2021-01-13 15:10:00,0.7315202231520224,-0.09960159362549814,0.005510052122114528,-0.08873415461524714,0.38735260630014007,0.020155902004454343,0.5,-0.1938304455672577,0.25340582229667713,0.15477828642922753,0.5822170272823355,0.7715417801939272,0.9295268343467569
2021-01-13 15:20:00,0.6492329149232915,0.10756972111553775,0.008190618019359386,-0.08837707552222807,0.3846304851395741,0.0034521158129175947,0.5,-0.1938304455672577,0.25340582229667713,0.15477828642922753,0.5822170272823355,0.7715417801939272,0.8789474478325814
2021-01-13 15:30:00,0.6150627615062761,0.05976095617529875,0.007297096053611174,-0.08587752187109432,0.3889230608158511,0.0024498886414253897,0.5,-0.1938304455672577,0.25340582229667713,0.15477828642922753,0.5822170272823355,0.7715417801939272,0.807120117084358
2021-01-13 15:40:00,0.5606694560669455,-0.17928286852589637,0.005212211466865124,-0.08230673094090324,0.3934250304275562,0.00022271714922048998,0.5,-0.1938304455672577,0.25340582229667713,0.15477828642922753,0.5822170272823355,0.7715417801939272,0.6427720023537578
2021-01-13 15:50:00,0.5034867503486751,-0.11553784860557781,0.005212211466865124,-0.0783788609176932,0.39616023870908645,0.00022271714922048998,0.5,-0.1938304455672577,0.25340582229667713,0.15477828642922753,0.5822170272823355,0.7715417801939272,0.5289391493278212
2021-01-13 16:00:00,0.5146443514644351,-0.03585657370517936,0.00431868950111669,-0.07909301910373145,0.39273141301645054,0.00011135857461024499,0.5,-0.17001263748560402,0.245087024111584,0.16521584968569755,0.608059606315793,0.7803818174413099,0.5358872610407834
2021-01-13 16:10:00,0.38633193863319387,0.10756972111553775,0.0004467609828739949,-0.08480628459203698,0.4008454280142912,0.00011135857461024499,0.5,-0.17001263748560402,0.245087024111584,0.16521584968569755,0.608059606315793,0.7803818174413099,0.30190714727582724
2021-01-13 16:20:00,0.42538354253835425,0.09163346613545809,-0.0007446016381237319,-0.09087662917336181,0.3971941212652628,0.00011135857461024499,0.5,-0.17001263748560402,0.245087024111584,0.16521584968569755,0.608059606315793,0.7803818174413099,0.3639497865021048
2021-01-13 16:30:00,0.42538354253835425,-0.2749003984063746,-0.0007446016381237319,-0.09837529012676305,0.3961209773461936,0.00011135857461024499,0.5,-0.17001263748560402,0.245087024111584,0.16521584968569755,0.608059606315793,0.7803818174413099,0.3523318798376511
2021-01-13 16:40:00,0.4351464435146444,0.05179282868525892,-0.0031273268801192966,-0.1023031601499732,0.39647432961222867,0.00011135857461024499,0.5,-0.17001263748560402,0.245087024111584,0.16521584968569755,0.608059606315793,0.7803818174413099,0.37586945697602486
2021-01-13 16:50:00,0.3933054393305439,0.11553784860557759,-0.0037230081906179935,-0.1105159792894127,0.4096399733022732,0.00011135857461024499,0.5,-0.17001263748560402,0.245087024111584,0.16521584968569755,0.608059606315793,0.7803818174413099,0.31788554098706945
2021-01-13 17:00:00,0.4428172942817294,-0.29083665338645437,-0.0037230081906179935,-0.11337261203356541,0.4063289316983157,0.00011135857461024499,0.5,-0.13887439326561102,0.24208133744435995,0.16643960597837287,0.557064867846535,0.786241481601208,0.36866484602501626
2021-01-13 17:10:00,0.3668061366806137,0.13147410358565725,-0.0031273268801192966,-0.11551508659167986,0.3960555417413723,0.00011135857461024499,0.5,-0.13887439326561102,0.24208133744435995,0.16643960597837287,0.557064867846535,0.786241481601208,0.28320533518415136
2021-01-13 17:20:00,0.3884239888423989,0.12350597609561742,0.007892777364109982,-0.0930191037314766,0.3960293674994438,0.00011135857461024499,0.5,-0.13887439326561102,0.24208133744435995,0.16643960597837287,0.557064867846535,0.786241481601208,0.30684852965583836
2021-01-13 17:30:00,0.3207810320781032,-0.2509960159362551,0.005510052122114528,-0.08337796821996057,0.3543076258653859,0.00011135857461024499,0.5,-0.13887439326561102,0.24208133744435995,0.16643960597837287,0.557064867846535,0.786241481601208,0.19183125367774642
2021-01-13 17:40:00,0.25313807531380755,0.043824701195219085,-0.0019359642591214588,-0.0733797536154257,0.3525408645352109,0.00011135857461024499,0.5,-0.13887439326561102,0.24208133744435995,0.16643960597837287,0.557064867846535,0.786241481601208,0.11721260769195951
2021-01-13 17:50:00,0.22663877266387727,-0.47410358565737054,-0.007297096053611507,-0.0526691662203177,0.34980565625368076,0.00011135857461024499,0.5,-0.13887439326561102,0.24208133744435995,0.16643960597837287,0.557064867846535,0.786241481601208,0.09113267045883187
2021-01-13 18:00:00,0.2315202231520223,0.08366533864541825,-0.006701414743112699,-0.033386895197286104,0.3466516601012943,0.00011135857461024499,0.5,-0.2395372525659366,0.23279704143882046,0.21076558066855647,0.4837214440003897,0.8019268957662294,0.0853614376027883
2021-01-13 18:10:00,0.2112970711297071,0.05179282868525892,-0.005807892777364376,-0.030530262453133394,0.35521063721191976,0.00011135857461024499,0.5,-0.2395372525659366,0.23279704143882046,0.21076558066855647,0.4837214440003897,0.8019268957662294,0.0788357952230789
2021-01-13 18:20:00,0.19177126917712692,0.2669322709163344,-0.014147431124348686,-0.025888234243884978,0.35521063721191976,0.00011135857461024499,0.5,-0.2395372525659366,0.23279704143882046,0.21076558066855647,0.4837214440003897,0.8019268957662294,0.06426060322585513
2021-01-13 18:30:00,0.23361227336122734,0.5378486055776892,-0.0019359642591214588,-0.006963042313872458,0.37355878080381094,0.00011135857461024499,0.5,-0.2395372525659366,0.23279704143882046,0.21076558066855647,0.4837214440003897,0.8019268957662294,0.09475383617242784
2021-01-13 18:40:00,0.30613668061366806,-0.059760956175298974,-0.020997766195085754,-0.03160149973219073,0.38555967072803654,0.00011135857461024499,0.5,-0.2395372525659366,0.23279704143882046,0.21076558066855647,0.4837214440003897,0.8019268957662294,0.14606122787694073
2021-01-13 18:50:00,0.2301255230125523,-0.4661354581673308,-0.02903946388682077,-0.04874129619710765,0.3701692164740679,0.00011135857461024499,0.5,-0.2395372525659366,0.23279704143882046,0.21076558066855647,0.4837214440003897,0.8019268957662294,0.0955761425532236
2021-01-13 19:00:00,0.2524407252440725,0.43426294820717115,-0.02903946388682077,-0.04338510980182109,0.3591760348640903,0.00011135857461024499,0.5,-0.24620930464478463,0.24619619720293004,0.22177165164109525,0.35971667062370594,0.7937856935532357,0.11636012493021713
2021-01-13 19:10:00,0.3486750348675035,0.43426294820717115,-0.03172002978406563,-0.058025352615604264,0.3861224169294997,0.00011135857461024499,0.5,-0.24620930464478463,0.24619619720293004,0.22177165164109525,0.35971667062370594,0.7937856935532357,0.20913740815064052
2021-01-13 19:20:00,0.3493723849372385,-0.50597609561753,-0.04899478778853328,-0.08766291733619003,0.3830862048657916,0.00011135857461024499,0.5,-0.24620930464478463,0.24619619720293004,0.22177165164109525,0.35971667062370594,0.7937856935532357,0.22732622176622358
2021-01-13 19:30:00,0.2670850767085077,0.13147410358565725,-0.04839910647803436,-0.0798071772897695,0.3582075879127351,0.00011135857461024499,0.5,-0.24620930464478463,0.24619619720293004,0.22177165164109525,0.35971667062370594,0.7937856935532357,0.11829141331080165
2021-01-13 19:40:00,0.301952580195258,-0.05179282868525903,-0.06626954579300093,-0.08087841456882694,0.34997578882621616,0.00011135857461024499,0.5,-0.24620930464478463,0.24619619720293004,0.22177165164109525,0.35971667062370594,0.7937856935532357,0.16375213120690435
2021-01-13 19:50:00,0.31729428172942814,0.07569721115537842,-0.08294862248696955,-0.09980360649883946,0.3551975500909555,0.00011135857461024499,0.5,-0.24620930464478463,0.24619619720293004,0.22177165164109525,0.35971667062370594,0.7937856935532357,0.17885540987069423
2021-01-13 20:00:00,0.2768479776847978,0.027888446215139417,-0.09575577066269558,-0.11230137475450808,0.3571737053565586,0.00011135857461024499,0.5,-0.26087862710678966,0.2318746461996466,0.23212716615960044,0.30502500900994994,0.7716928085706772,0.13325889826033163
2021-01-13 20:10:00,0.2105997210599721,0.13147410358565725,-0.10022338049143709,-0.11230137475450808,0.36480349687872166,0.00011135857461024499,0.5,-0.26087862710678966,0.2318746461996466,0.23212716615960044,0.30502500900994994,0.7716928085706772,0.08779063626899226
2021-01-13 20:20:00,0.3089260808926081,0.1872509960159361,-0.10230826507818325,-0.10515979289412591,0.38172514428550863,0.00011135857461024499,0.5,-0.26087862710678966,0.2318746461996466,0.23212716615960044,0.30502500900994994,0.7716928085706772,0.1657362282541455
2021-01-13 20:30:00,0.29497907949790797,-0.2828685258964144,-0.11124348473566659,-0.11337261203356541,0.3857559775425004,0.00011135857461024499,0.5,-0.26087862710678966,0.2318746461996466,0.23212716615960044,0.30502500900994994,0.7716928085706772,0.16317877996891833
2021-01-13 20:40:00,0.37866108786610875,0.2669322709163344,-0.131794489947878,-0.13658275307980716,0.40659067411760086,0.00011135857461024499,0.5,-0.26087862710678966,0.2318746461996466,0.23212716615960044,0.30502500900994994,0.7716928085706772,0.29148875175400213
2021-01-13 20:50:00,0.41422594142259417,-0.13147410358565736,-0.18034251675353707,-0.18728798428852,0.40803025742366933,0.00011135857461024499,0.5,-0.26087862710678966,0.2318746461996466,0.23212716615960044,0.30502500900994994,0.7716928085706772,0.36802359792990025
2021-01-13 21:00:00,0.4379358437935844,0.24302788844621515,-0.19940431868950126,-0.22942331726477416,0.4050463938438183,0.00011135857461024499,0.5,-0.310881812326835,0.2351676834086659,0.24200192833556336,0.38182160670086396,0.7921622867478288,0.4168112618253693
2021-01-13 21:10:00,0.3577405857740586,-0.059760956175298974,-0.20327624720774395,-0.246206034636672,0.4126500111240528,0.00011135857461024499,0.5,-0.310881812326835,0.2351676834086659,0.24200192833556336,0.38182160670086396,0.7921622867478288,0.2851743440409192
2021-01-13 21:20:00,0.3103207810320781,-0.33067729083665354,-0.20029784065524958,-0.25513301196214966,0.4126500111240528,0.00011135857461024499,0.5,-0.310881812326835,0.2351676834086659,0.24200192833556336,0.38182160670086396,0.7921622867478288,0.194335893296317
2021-01-13 21:30:00,0.3612273361227336,-0.4422310756972112,-0.1773641102010426,-0.22513836814854493,0.4012773030061117,0.00011135857461024499,0.5,-0.310881812326835,0.2351676834086659,0.24200192833556336,0.38182160670086396,0.7921622867478288,0.23886868747831072
2021-01-13 21:40:00,0.3807531380753138,-0.3466135458167332,-0.18510796723752798,-0.2029994643813604,0.38701234115506933,0.00011135857461024499,0.5,-0.310881812326835,0.2351676834086659,0.24200192833556336,0.38182160670086396,0.7921622867478288,0.2944234048010622
2021-01-13 21:50:00,0.3486750348675035,0.019920318725099362,-0.22501861504095322,-0.2383502945902518,0.3803117352213687,0.00011135857461024499,0.5,-0.310881812326835,0.2351676834086659,0.24200192833556336,0.38182160670086396,0.7921622867478288,0.2253873892904024
2021-01-13 22:00:00,0.40446304044630405,-0.11553784860557781,-0.24616530156366356,-0.27262988752008577,0.3871301252437476,0.00011135857461024499,0.5,-0.34759382474218903,0.2659687879841493,0.24404198714180877,0.4764534277159793,0.7775740969993339,0.29520799070567466
2021-01-13 22:10:00,0.5216178521617852,0.25099601593625476,-0.25390915860014907,-0.28905552579896443,0.3871301252437476,0.00011135857461024499,0.5,-0.34759382474218903,0.2659687879841493,0.24404198714180877,0.4764534277159793,0.7775740969993339,0.5951159527437875
2021-01-13 22:20:00,0.5829846582984658,0.298804780876494,-0.2589724497393895,-0.29548294947330833,0.3871301252437476,0.00011135857461024499,0.5,-0.34759382474218903,0.2659687879841493,0.24404198714180877,0.4764534277159793,0.7775740969993339,0.7668421926158396
2021-01-13 22:30:00,0.5788005578800558,-0.059760956175298974,-0.2598659717051379,-0.29548294947330833,0.3958723220478727,0.00011135857461024499,0.5,-0.34759382474218903,0.2659687879841493,0.24404198714180877,0.4764534277159793,0.7775740969993339,0.7361075486216938
2021-01-13 22:40:00,0.6666666666666667,-0.0916334661354582,-0.2598659717051379,-0.29548294947330833,0.38711703812278336,0.000556792873051225,0.5,-0.34759382474218903,0.2659687879841493,0.24404198714180877,0.4764534277159793,0.7775740969993339,0.9871297735262611
2021-01-13 22:50:00,0.6569037656903766,-0.1633466135458168,-0.2622486969471334,-0.29548294947330833,0.38711703812278336,0.000779510022271715,0.5,-0.34759382474218903,0.2659687879841493,0.24404198714180877,0.4764534277159793,0.7775740969993339,0.915294898682801
2021-01-13 23:00:00,0.6478382147838214,-0.12350597609561753,-0.26403574087863,-0.291198000357079,0.38711703812278336,0.0020044543429844097,0.5,-0.39873291613065487,0.283198326470446,0.25386221924462665,0.5372405486178291,0.7612955085880837,0.9116209243025485
2021-01-13 23:10:00,0.7238493723849373,0.15537848605577675,-0.26582278481012667,-0.29512587038028915,0.39376529557262696,0.01135857461024499,0.5,-0.39873291613065487,0.283198326470446,0.25386221924462665,0.5372405486178291,0.7612955085880837,0.9221128747529308
2021-01-13 23:20:00,0.7531380753138076,-0.01195219123505975,-0.26552494415487726,-0.2929833958221746,0.3970109015717632,0.026391982182628063,0.5,-0.39873291613065487,0.283198326470446,0.25386221924462665,0.5372405486178291,0.7612955085880837,0.9326049006442657
2021-01-13 23:30:00,0.7126917712691772,0.043824701195219085,-0.26492926284437834,-0.2883413676129263,0.3970109015717632,0.012694877505567928,0.5,-0.39873291613065487,0.283198326470446,0.25386221924462665,0.5372405486178291,0.7612955085880837,0.9430967756536959
2021-01-13 23:40:00,0.6652719665271966,0.01195219123505975,-0.2714817572598661,-0.291198000357079,0.39339885618562775,0.0020044543429844097,0.5,-0.39873291613065487,0.283198326470446,0.25386221924462665,0.5372405486178291,0.7612955085880837,0.9535887261040783
2021-01-13 23:50:00,0.45327754532775455,0.05179282868525892,-0.2819061801935965,-0.2961971076593465,0.41035976495530746,0.00033407572383073496,0.5,-0.39873291613065487,0.283198326470446,0.25386221924462665,0.5372405486178291,0.7612955085880837,0.49649199571495395
2021-01-14 00:00:00,0.41841004184100417,-0.3466135458167332,-0.28518242740134037,-0.29548294947330833,0.39765217049901197,0.00033407572383073496,0.5,-0.39876139966907065,0.32461990707083466,0.24934903140006473,0.590787408524396,0.7336294131364663,0.3786004194516952
2021-01-14 00:10:00,0.4867503486750349,-0.09960159362549814,-0.29262844378257635,-0.29976789858953756,0.3656018112575415,0.00033407572383073496,0.5,-0.39876139966907065,0.32461990707083466,0.24934903140006473,0.590787408524396,0.7336294131364663,0.5076723448556815
2021-01-14 00:20:00,0.5306834030683404,-0.09960159362549814,-0.30007446016381245,-0.3069094804499196,0.36028844014605227,0.00033407572383073496,0.5,-0.39876139966907065,0.32461990707083466,0.24934903140006473,0.590787408524396,0.7336294131364663,0.5762783469378517
2021-01-14 00:30:00,0.5216178521617852,-0.0916334661354582,-0.3167535368577812,-0.3165506159614354,0.35231838347881855,0.00033407572383073496,0.5,-0.39876139966907065,0.32461990707083466,0.24934903140006473,0.590787408524396,0.7336294131364663,0.6344885857839069
2021-01-14 00:40:00,0.6799163179916318,0.2111553784860556,-0.3364110201042444,-0.32869130512408495,0.35231838347881855,0.0010022271714922048,0.5,-0.39876139966907065,0.32461990707083466,0.24934903140006473,0.590787408524396,0.7336294131364663,0.6695966549481721
2021-01-14 00:50:00,0.7294281729428174,0.21912350597609564,-0.35011169024571853,-0.33654704517050527,0.35231838347881855,0.017706013363028954,0.5,-0.39876139966907065,0.32461990707083466,0.24934903140006473,0.590787408524396,0.7336294131364663,0.7047046939360563
2021-01-14 01:00:00,0.7412831241283124,-0.11553784860557781,-0.3599404318689502,-0.33833244063560075,0.3608773605894439,0.02472160356347439,0.5,-0.4287046693991742,0.36619090995296016,0.24874983466608638,0.6811917644953801,0.7169640528891462,0.7398127555562262
2021-01-14 01:10:00,0.7133891213389122,0.09960159362549792,-0.368577810871184,-0.34011783610069624,0.3636910915967596,0.02160356347438753,0.5,-0.4287046693991742,0.36619090995296016,0.24874983466608638,0.6811917644953801,0.7169640528891462,0.7749208624409675
2021-01-14 01:20:00,0.7468619246861925,-0.3067729083665339,-0.37691734921816844,-0.3458311015890019,0.3636518302338668,0.027171492204899776,0.5,-0.4287046693991742,0.36619090995296016,0.24874983466608638,0.6811917644953801,0.7169640528891462,0.8100288938847564
2021-01-14 01:30:00,0.6841004184100419,-0.1633466135458168,-0.3837676842889055,-0.3472594179610783,0.36218607268586983,0.005233853006681514,0.5,-0.4287046693991742,0.36619090995296016,0.24874983466608638,0.6811917644953801,0.7169640528891462,0.8451370762104501
2021-01-14 01:40:00,0.6101813110181311,-0.02788844621513953,-0.3906180193596427,-0.35582931619353686,0.3701692164740679,0.004008908685968819,0.5,-0.4287046693991742,0.36619090995296016,0.24874983466608638,0.6811917644953801,0.7169640528891462,0.8802450322132866
2021-01-14 01:50:00,0.5439330543933054,0.027888446215139417,-0.39627699180938203,-0.36047134440278517,0.37210611037677827,0.00022271714922048998,0.5,-0.4287046693991742,0.36619090995296016,0.24874983466608638,0.6811917644953801,0.7169640528891462,0.6864523137740091
2021-01-14 02:00:00,0.44979079497907953,-0.02788844621513953,-0.4019359642591215,-0.36868416354222455,0.37210611037677827,0.00011135857461024499,0.5,-0.4414716316965084,0.3869749746413147,0.31252161388218996,0.7187810147443894,0.7102437558370656,0.4660063068636179
2021-01-14 02:10:00,0.4372384937238493,-0.2509960159362551,-0.4055100521221148,-0.3761828244956258,0.37210611037677827,0.00011135857461024499,0.5,-0.4414716316965084,0.3869749746413147,0.31252161388218996,0.7187810147443894,0.7102437558370656,0.44671605534348263
2021-01-14 02:20:00,0.4302649930264993,-0.02788844621513953,-0.40908413998510806,-0.38439564363506507,0.37210611037677827,0.00011135857461024499,0.5,-0.4414716316965084,0.3869749746413147,0.31252161388218996,0.7187810147443894,0.7102437558370656,0.3980340087813269
2021-01-14 02:30:00,0.44142259414225943,0.08366533864541825,-0.4135517498138497,-0.3933226209605427,0.37210611037677827,0.00011135857461024499,0.5,-0.4414716316965084,0.3869749746413147,0.31252161388218996,0.7187810147443894,0.7102437558370656,0.45481841362765363
2021-01-14 02:40:00,0.44072524407252445,0.09163346613545809,-0.4180193596425913,-0.39725049098375276,0.37210611037677827,0.00011135857461024499,0.5,-0.4414716316965084,0.3869749746413147,0.31252161388218996,0.7187810147443894,0.7102437558370656,0.48118502647977435
2021-01-14 02:50:00,0.5390516039051604,0.17131474103585642,-0.42069992553983626,-0.40546331012319237,0.3769745193754826,0.00011135857461024499,0.5,-0.4414716316965084,0.3869749746413147,0.31252161388218996,0.7187810147443894,0.7102437558370656,0.6385548531164658
2021-01-14 03:00:00,0.5418410041841004,-0.05179282868525903,-0.42069992553983626,-0.4093911801464024,0.3833741215270053,0.00011135857461024499,0.5,-0.45245533771170465,0.4037619932932379,0.3183368023336842,0.6614261201287062,0.7170825182921102,0.6433227213060337
2021-01-14 03:10:00,0.4797768479776848,-0.01195219123505975,-0.4254653760238273,-0.4090341010533832,0.3833741215270053,0.00011135857461024499,0.5,-0.45245533771170465,0.4037619932932379,0.3183368023336842,0.6614261201287062,0.7170825182921102,0.4813811729559274
2021-01-14 03:20:00,0.5195258019525802,0.1394422310756971,-0.4266567386448251,-0.4161756829137653,0.3833741215270053,0.00011135857461024499,0.5,-0.45245533771170465,0.4037619932932379,0.3183368023336842,0.6614261201287062,0.7170825182921102,0.584486322555336
2021-01-14 03:30:00,0.5083682008368201,0.2589641434262948,-0.42784810126582296,-0.4208177111230138,0.38448652680896733,0.00011135857461024499,0.5,-0.45245533771170465,0.4037619932932379,0.3183368023336842,0.6614261201287062,0.7170825182921102,0.555434011798965
2021-01-14 03:40:00,0.4344490934449094,0.05179282868525892,-0.4296351451973195,-0.4254597393322621,0.3945636099514468,0.00011135857461024499,0.5,-0.45245533771170465,0.4037619932932379,0.3183368023336842,0.6614261201287062,0.7170825182921102,0.3852920319266111
2021-01-14 03:50:00,0.3054393305439331,0.3545816733067728,-0.4335070737155622,-0.43117300482056775,0.4013819999738258,0.00011135857461024499,0.5,-0.45245533771170465,0.4037619932932379,0.3183368023336842,0.6614261201287062,0.7170825182921102,0.18855711634503675
2021-01-14 04:00:00,0.2594142259414226,0.06772908366533859,-0.43559195830230835,-0.44545616854133185,0.4057792726178168,0.00011135857461024499,0.5,-0.4957426782464147,0.4029574117761986,0.337298430535725,0.5564903424024047,0.7337639903855313,0.12710291654721848
2021-01-14 04:10:00,0.2280334728033473,-0.2509960159362551,-0.4376768428890544,-0.4547402249598286,0.4057792726178168,0.00011135857461024499,0.5,-0.4957426782464147,0.4029574117761986,0.337298430535725,0.5564903424024047,0.7337639903855313,0.10714878464625738
2021-01-14 04:20:00,0.38633193863319387,0.2111553784860556,-0.43857036485480283,-0.456168541331905,0.4167201057439374,0.00011135857461024499,0.5,-0.4957426782464147,0.4029574117761986,0.337298430535725,0.5564903424024047,0.7337639903855313,0.27332257042412905
2021-01-14 04:30:00,0.3723849372384937,0.22709163346613526,-0.4409530900967983,-0.456168541331905,0.4261951813220609,0.00011135857461024499,0.5,-0.4957426782464147,0.4029574117761986,0.337298430535725,0.5564903424024047,0.7337639903855313,0.24095840185886505
2021-01-14 04:40:00,0.29497907949790797,0.3545816733067728,-0.4415487714072971,-0.4650955186573825,0.4326733061993692,0.00011135857461024499,0.5,-0.4957426782464147,0.4029574117761986,0.337298430535725,0.5564903424024047,0.7337639903855313,0.17066252244368332
2021-01-14 04:50:00,0.31729428172942814,0.5298804780876492,-0.44393149664929277,-0.4722371005177646,0.444634934760702,0.00011135857461024499,0.5,-0.4957426782464147,0.4029574117761986,0.337298430535725,0.5564903424024047,0.7337639903855313,0.17619234425215385
2021-01-14 05:00:00,0.30264993026499304,0.3784860557768923,-0.448101265822785,-0.4786645241921086,0.4517150672023661,0.00011135857461024499,0.5,-0.5255780507320504,0.40702916895350044,0.36824843191165824,0.4457389546452261,0.7669357109144911,0.17084358072936315
2021-01-14 05:10:00,0.29288702928870297,-0.003984063745020028,-0.45495160089352205,-0.4818782360292805,0.4584549344989596,0.00011135857461024499,0.5,-0.5255780507320504,0.40702916895350044,0.36824843191165824,0.4457389546452261,0.7669357109144911,0.16393318949258417
2021-01-14 05:20:00,0.3068340306834031,-0.20318725099601598,-0.4227848101265823,-0.43581503302981606,0.4584549344989596,0.00011135857461024499,0.5,-0.5255780507320504,0.40702916895350044,0.36824843191165824,0.4457389546452261,0.7669357109144911,0.16135310892164703
2021-01-14 05:30:00,0.299860529986053,0.21912350597609564,-0.38078927773641114,-0.3611855025888234,0.46808705552865426,0.00011135857461024499,0.5,-0.5255780507320504,0.40702916895350044,0.36824843191165824,0.4457389546452261,0.7669357109144911,0.13488087873621316
2021-01-14 05:40:00,0.20013947001394702,-0.10756972111553798,-0.41176470588235303,-0.38975183003035174,0.46494614649723204,0.00011135857461024499,0.5,-0.5255780507320504,0.40702916895350044,0.36824843191165824,0.4457389546452261,0.7669357109144911,0.05738038837002279
2021-01-14 05:50:00,0.14225941422594143,0.10756972111553775,-0.37602382725242,-0.3265488305659704,0.4584418473779953,0.00011135857461024499,0.5,-0.5255780507320504,0.40702916895350044,0.36824843191165824,0.4457389546452261,0.7669357109144911,0.012070552378653229
2021-01-14 06:00:00,0.12273361227336123,-0.6414342629482073,-0.3673864482501863,-0.27262988752008577,0.4529845179358993,0.00011135857461024499,0.5,-0.5963129160172542,0.40678204748755276,0.39426257396909314,0.3219775237317861,0.8487435782314925,0.0
2021-01-14 06:10:00,0.11785216178521618,-0.3466135458167332,-0.3682799702159346,-0.27762899482235315,0.427006582821845,0.5915367483296213,0.5,-0.5963129160172542,0.40678204748755276,0.39426257396909314,0.3219775237317861,0.8487435782314925,0.0
2021-01-14 06:20:00,0.12691771269177127,0.298804780876494,-0.3870439314966494,-0.28905552579896443,0.42556699951577653,0.9955456570155903,0.5,-0.5963129160172542,0.40678204748755276,0.39426257396909314,0.3219775237317861,0.8487435782314925,0.0
2021-01-14 06:30:00,0.10669456066945607,0.6015936254980081,-0.40104244229337316,-0.30619532226388146,0.42556699951577653,0.9955456570155903,0.5,-0.5963129160172542,0.40678204748755276,0.39426257396909314,0.3219775237317861,0.8487435782314925,0.0
2021-01-14 06:40:00,0.100418410041841,0.9043824701195218,-0.4055100521221148,-0.3215497232637029,0.42556699951577653,0.9955456570155903,0.5,-0.5963129160172542,0.40678204748755276,0.39426257396909314,0.3219775237317861,0.8487435782314925,0.0
2021-01-14 06:50:00,0.1206415620641562,-0.0916334661354582,-0.40878629932985866,-0.33476164970540967,0.42556699951577653,0.9955456570155903,0.5,-0.5963129160172542,0.40678204748755276,0.39426257396909314,0.3219775237317861,0.8487435782314925,0.0
2021-01-14 07:00:00,0.07880055788005579,-0.13488901536710307,-0.4025316455696203,-0.3472594179610783,0.42556699951577653,0.9955456570155903,0.5,-0.6161956932489678,0.4077561658242527,0.45892851957065306,0.22534453732976062,0.8706305690315884,0.0
2021-01-14 07:10:00,0.08437935843793584,-0.17814456459874806,-0.39776619508562927,-0.3586859489376897,0.42556699951577653,0.9955456570155903,0.5,-0.6161956932489678,0.4077561658242527,0.45892851957065306,0.22534453732976062,0.8706305690315884,0.0
2021-01-14 07:20:00,0.08507670850767085,-0.22140011383039282,-0.3995532390171259,-0.3715407962863774,0.42556699951577653,0.9955456570155903,0.5,-0.6161956932489678,0.4077561658242527,0.45892851957065306,0.22534453732976062,0.8706305690315884,0.0
2021-01-14 07:30:00,0.10599721059972106,-0.2646556630620377,-0.40163812360387197,-0.38296732726298865,0.42556699951577653,0.9955456570155903,0.5,-0.6161956932489678,0.4077561658242527,0.45892851957065306,0.22534453732976062,0.8706305690315884,0.0
2021-01-14 07:40:00,0.11785216178521618,-0.30791121229368246,-0.4028294862248698,-0.3965363327977147,0.42556699951577653,0.9955456570155903,0.5,-0.6161956932489678,0.4077561658242527,0.45892851957065306,0.22534453732976062,0.8706305690315884,0.0
2021-01-14 07:50:00,0.15271966527196654,-0.35116676152532733,-0.4031273268801192,-0.41046241742545975,0.42556699951577653,0.9955456570155903,0.5,-0.6161956932489678,0.4077561658242527,0.45892851957065306,0.22534453732976062,0.8706305690315884,0.0
2021-01-14 08:00:00,0.15271966527196654,-0.3944223107569722,-0.4031273268801192,-0.42296018568112836,0.42556699951577653,0.9955456570155903,0.5,-0.6325404414548218,0.4078251299542819,0.5305394406507999,0.1558221488786487,0.8306136410868461,0.0
2021-01-14 08:10:00,0.15550906555090654,-0.4376778599886171,-0.4058078927773642,-0.43724334940189247,0.42556699951577653,0.9955456570155903,0.5,-0.6325404414548218,0.4078251299542819,0.5305394406507999,0.1558221488786487,0.8306136410868461,0.0
2021-01-14 08:20:00,0.13528591352859135,-0.48093340922026195,-0.4064035740878631,-0.45045527584359935,0.42556699951577653,0.9955456570155903,0.5,-0.6325404414548218,0.4078251299542819,0.5305394406507999,0.1558221488786487,0.8306136410868461,0.0
2021-01-14 08:30:00,0.1603905160390516,-0.5241889584519068,-0.41176470588235303,-0.4590251740760578,0.42556699951577653,0.9955456570155903,0.5,-0.6325404414548218,0.4078251299542819,0.5305394406507999,0.1558221488786487,0.8306136410868461,0.0
2021-01-14 08:40:00,0.13319386331938632,-0.5674445076835517,-0.4132539091586003,-0.46616675593643997,0.42556699951577653,0.9955456570155903,0.5,-0.6325404414548218,0.4078251299542819,0.5305394406507999,0.1558221488786487,0.8306136410868461,0.0
2021-01-14 08:50:00,0.15411436541143653,-0.6107000569151965,-0.4177215189873419,-0.4765220496339939,0.42556699951577653,0.9955456570155903,0.5,-0.6325404414548218,0.4078251299542819,0.5305394406507999,0.1558221488786487,0.8306136410868461,0.0
2021-01-14 09:00:00,0.15271966527196654,-0.6539556061468413,-0.42069992553983626,-0.4861631851455097,0.42556699951577653,0.9955456570155903,0.5,-0.6479242871527569,0.4153048645573212,0.6009228010145637,0.12111782135296652,0.8154241362792078,0.0
2021-01-14 09:10:00,0.12133891213389121,-0.6972111553784861,-0.4257632166790768,-0.4925906088198535,0.42556699951577653,0.9955456570155903,0.5,-0.6479242871527569,0.4153048645573212,0.6009228010145637,0.12111782135296652,0.8154241362792078,0.0
2021-01-14 09:20:00,0.11087866108786612,-0.740466704610131,-0.4263588979895757,-0.4990180324941974,0.42556699951577653,0.9955456570155903,0.5,-0.6479242871527569,0.4153048645573212,0.6009228010145637,0.12111782135296652,0.8154241362792078,0.0
2021-01-14 09:30:00,0.11227336122733612,-0.7375260861316639,-0.42844378257632176,-0.5025888234243885,0.42556699951577653,0.9955456570155903,0.5,-0.6479242871527569,0.4153048645573212,0.6009228010145637,0.12111782135296652,0.8154241362792078,0.0
2021-01-14 09:40:00,0.11785216178521618,-0.7345854676531968,-0.42844378257632176,-0.5061596143545795,0.42556699951577653,0.9955456570155903,0.5,-0.6479242871527569,0.4153048645573212,0.6009228010145637,0.12111782135296652,0.8154241362792078,0.0
2021-01-14 09:50:00,0.11854951185495119,-0.7316448491747297,-0.42814594192107225,-0.511158721656847,0.42556699951577653,0.9955456570155903,0.5,-0.6479242871527569,0.4153048645573212,0.6009228010145637,0.12111782135296652,0.8154241362792078,0.0
2021-01-14 10:00:00,0.10808926080892609,-0.7287042306962628,-0.4296351451973195,-0.5133011962149616,0.42556699951577653,0.9955456570155903,0.5,-0.5750315770374652,0.4307442091682085,0.5786960895723663,0.14051155388614156,0.8612096536472126,0.0
2021-01-14 10:10:00,0.100418410041841,-0.7257636122177954,-0.4296351451973195,-0.5133011962149616,0.42556699951577653,0.9955456570155903,0.5,-0.5750315770374652,0.4307442091682085,0.5786960895723663,0.14051155388614156,0.8612096536472126,0.0
2021-01-14 10:20:00,0.14435146443514643,-0.7228229937393283,-0.4269545793000745,-0.5133011962149616,0.42556699951577653,0.9955456570155903,0.5,-0.5750315770374652,0.4307442091682085,0.5786960895723663,0.14051155388614156,0.8612096536472126,0.0
2021-01-14 10:30:00,0.09832635983263598,-0.7198823752608613,-0.4266567386448251,-0.5133011962149616,0.42556699951577653,0.9955456570155903,0.5,-0.5750315770374652,0.4307442091682085,0.5786960895723663,0.14051155388614156,0.8612096536472126,0.0
2021-01-14 10:40:00,0.09902370990237098,-0.7169417567823942,-0.425167535368578,-0.511158721656847,0.42556699951577653,0.9955456570155903,0.5,-0.5750315770374652,0.4307442091682085,0.5786960895723663,0.14051155388614156,0.8612096536472126,0.0
2021-01-14 10:50:00,0.07880055788005579,-0.7140011383039271,-0.4263588979895757,-0.5097304052847705,0.42556699951577653,0.9955456570155903,0.5,-0.5750315770374652,0.4307442091682085,0.5786960895723663,0.14051155388614156,0.8612096536472126,0.0
2021-01-14 11:00:00,0.08298465829846582,-0.71106051982546,-0.41980640357408805,-0.5097304052847705,0.42556699951577653,0.9955456570155903,0.5,-0.5506295228873903,0.45264032045332553,0.557575958172644,0.1777376799697405,0.825450098264408,0.0
2021-01-14 11:10:00,0.09344490934449094,-0.7081199013469929,-0.4105733432613553,-0.504374218889484,0.42556699951577653,0.9955456570155903,0.5,-0.5506295228873903,0.45264032045332553,0.557575958172644,0.1777376799697405,0.825450098264408,0.0
2021-01-14 11:20:00,0.09762900976290097,-0.7051792828685258,-0.40134028294862256,-0.49366184609891095,0.42556699951577653,0.9955456570155903,0.5,-0.5506295228873903,0.45264032045332553,0.557575958172644,0.1777376799697405,0.825450098264408,0.0
2021-01-14 11:30:00,0.09483960948396096,-0.649402390438247,-0.3956813104988832,-0.49187645063381535,0.42556699951577653,0.9955456570155903,0.5,-0.5506295228873903,0.45264032045332553,0.557575958172644,0.1777376799697405,0.825450098264408,0.0
2021-01-14 11:40:00,0.0899581589958159,-0.5936254980079682,-0.3938942665673866,-0.49187645063381535,0.42556699951577653,0.9955456570155903,0.5,-0.5506295228873903,0.45264032045332553,0.557575958172644,0.1777376799697405,0.825450098264408,0.0
2021-01-14 11:50:00,0.10251046025104603,-0.5378486055776892,-0.39300074460163825,-0.49187645063381535,0.42556699951577653,0.9955456570155903,0.5,-0.5506295228873903,0.45264032045332553,0.557575958172644,0.1777376799697405,0.825450098264408,0.0
2021-01-14 12:00:00,0.12482566248256625,-0.4820717131474104,-0.3873417721518988,-0.49544724156400644,0.42556699951577653,0.9955456570155903,0.5,-0.5322063435575006,0.459763740384532,0.528904933411806,0.2395234307499145,0.7832436400970303,0.0
2021-01-14 12:10:00,0.10460251046025104,-0.42629482071713154,-0.38495904690990335,-0.4990180324941974,0.42556699951577653,0.9955456570155903,0.5,-0.5322063435575006,0.459763740384532,0.528904933411806,0.2395234307499145,0.7832436400970303,0.0
2021-01-14 12:20:00,0.12412831241283125,-0.3705179282868526,-0.38198064035740886,-0.5008034422424568,0.42556699951577653,0.9955456570155903,0.5,-0.5322063435575006,0.459763740384532,0.528904933411806,0.2395234307499145,0.7832436400970303,0.0
2021-01-14 12:30:00,0.14365411436541145,-0.31474103585657376,-0.3790022338049145,-0.5025888234243885,0.42556699951577653,0.9955456570155903,0.5,-0.5322063435575006,0.459763740384532,0.528904933411806,0.2395234307499145,0.7832436400970303,0.0
2021-01-14 12:40:00,0.1492329149232915,-0.2589641434262949,-0.37602382725242,-0.5090162470987323,0.42556699951577653,0.9955456570155903,0.5,-0.5322063435575006,0.459763740384532,0.528904933411806,0.2395234307499145,0.7832436400970303,0.0
2021-01-14 12:50:00,0.17154811715481172,-0.20318725099601598,-0.368577810871184,-0.5058025352615605,0.42556699951577653,0.9955456570155903,0.5,-0.5322063435575006,0.459763740384532,0.528904933411806,0.2395234307499145,0.7832436400970303,0.0
2021-01-14 13:00:00,0.2099023709902371,-0.14741035856573714,-0.3593447505584514,-0.4893768969826816,0.39209014408920184,0.1905345211581292,0.5,-0.3898124322306913,0.4517897628495973,0.4133355449716488,0.28364660152874716,0.7699393190941106,0.0364078036121128
2021-01-14 13:10:00,0.21617852161785217,-0.4900398406374503,-0.3373045420699926,-0.4301017675415104,0.38351807985761216,0.00011135857461024499,0.5,-0.3898124322306913,0.4517897628495973,0.4133355449716488,0.28364660152874716,0.7699393190941106,0.07426407350966399
2021-01-14 13:20:00,0.2670850767085077,-0.08366533864541836,-0.3179448994787789,-0.384038564542046,0.3777073981494811,0.00011135857461024499,0.5,-0.3898124322306913,0.4517897628495973,0.4133355449716488,0.28364660152874716,0.7699393190941106,0.12721607797576837
2021-01-14 13:30:00,0.22175732217573224,0.17131474103585642,-0.29977661950856305,-0.34475986430994454,0.3777073981494811,0.00011135857461024499,0.5,-0.3898124322306913,0.4517897628495973,0.4133355449716488,0.28364660152874716,0.7699393190941106,0.07650466979495149
2021-01-14 13:40:00,0.2545327754532775,0.20318725099601576,-0.28428890543559204,-0.30833779682199614,0.3858999358731073,0.00011135857461024499,0.5,-0.3898124322306913,0.4517897628495973,0.4133355449716488,0.28364660152874716,0.7699393190941106,0.11439111607344932
2021-01-14 13:50:00,0.2670850767085077,-0.3227091633466136,-0.26880119136262115,-0.2829851812176397,0.3888968865739226,0.00011135857461024499,0.5,-0.3898124322306913,0.4517897628495973,0.4133355449716488,0.28364660152874716,0.7699393190941106,0.1333418833079349
2021-01-14 14:00:00,0.32914923291492326,0.24302788844621515,-0.2551005212211468,-0.26584538475272257,0.3777073981494811,0.00011135857461024499,0.5,-0.3741293092608522,0.4446807104454817,0.39796275646729845,0.3773611961258982,0.7833751646454543,0.18844395491648686
2021-01-14 14:10:00,0.31729428172942814,-0.01195219123505975,-0.24676098287416237,-0.25191930012497765,0.37425239821491674,0.00011135857461024499,0.5,-0.3741293092608522,0.4446807104454817,0.39796275646729845,0.3773611961258982,0.7833751646454543,0.17367261644311
2021-01-14 14:20:00,0.301952580195258,-0.1394422310756973,-0.24139985107967243,-0.23763613640421344,0.3654578529269346,0.00011135857461024499,0.5,-0.3741293092608522,0.4446807104454817,0.39796275646729845,0.3773611961258982,0.7833751646454543,0.17271451634805438
2021-01-14 14:30:00,0.30613668061366806,-0.03585657370517936,-0.23365599404318704,-0.22692376361364042,0.3639659211370091,0.00011135857461024499,0.5,-0.3741293092608522,0.4446807104454817,0.39796275646729845,0.3773611961258982,0.7833751646454543,0.18424189386966822
2021-01-14 14:40:00,0.3089260808926081,0.01195219123505975,-0.22740134028294878,-0.21192644170683805,0.3697635157241759,0.00011135857461024499,0.5,-0.3741293092608522,0.4446807104454817,0.39796275646729845,0.3773611961258982,0.7833751646454543,0.17005899482475068
2021-01-14 14:50:00,0.3577405857740586,0.01195219123505975,-0.21727475800446772,-0.2029994643813604,0.3696849929983903,0.00011135857461024499,0.5,-0.3741293092608522,0.4446807104454817,0.39796275646729845,0.3773611961258982,0.7833751646454543,0.2300119196704739
2021-01-14 15:00:00,0.3075313807531381,-0.01195219123505975,-0.20685033507073725,-0.19728619889305476,0.3725641596105273,0.00011135857461024499,0.5,-0.35795763023631,0.4381722206737217,0.3888525566424794,0.4559992532811038,0.7931006809784029,0.16406143911160734
2021-01-14 15:10:00,0.299163179916318,-0.08366533864541836,-0.20387192851824287,-0.1887163006605963,0.3692531180065697,0.00011135857461024499,0.5,-0.35795763023631,0.4381722206737217,0.3888525566424794,0.4559992532811038,0.7931006809784029,0.16376721939737768
2021-01-14 15:20:00,0.28870292887029286,0.20318725099601576,-0.19791511541325402,-0.17943224424209958,0.37884597767337164,0.00011135857461024499,0.5,-0.35795763023631,0.4381722206737217,0.3888525566424794,0.4559992532811038,0.7931006809784029,0.138019222354663
2021-01-14 15:30:00,0.2503486750348675,-0.23505976095617542,-0.19791511541325402,-0.17229066238171753,0.3830600306238631,0.00011135857461024499,0.5,-0.35795763023631,0.4381722206737217,0.3888525566424794,0.4559992532811038,0.7931006809784029,0.11001554083618753
2021-01-14 15:40:00,0.2873082287308229,0.298804780876494,-0.2553983618763962,-0.24799143010176738,0.3808090458180105,0.00011135857461024499,0.5,-0.35795763023631,0.4381722206737217,0.3888525566424794,0.4559992532811038,0.7931006809784029,0.15279810492327656
2021-01-14 15:50:00,0.28103207810320785,0.2111553784860556,-0.28399106478034264,-0.31619353686841634,0.3808090458180105,0.00011135857461024499,0.5,-0.35795763023631,0.4381722206737217,0.3888525566424794,0.4559992532811038,0.7931006809784029,0.14085580216364652
2021-01-14 16:00:00,0.35564853556485354,0.40239043824701204,-0.2950111690245719,-0.3440457061239065,0.3855727578490008,0.00011135857461024499,0.5,-0.3417126411210908,0.45203975782096567,0.41939180707209395,0.4846752585796242,0.7750933642551698,0.2418787814777374
2021-01-14 16:10:00,0.37517433751743373,-0.059760956175298974,-0.3009679821295608,-0.3519014461703267,0.39661828794283543,0.00011135857461024499,0.5,-0.3417126411210908,0.45203975782096567,0.41939180707209395,0.4846752585796242,0.7750933642551698,0.269746669281953
2021-01-14 16:20:00,0.34239888423988846,-0.043824701195219196,-0.30781831720029795,-0.35904302803070876,0.39008781458167024,0.00011135857461024499,0.5,-0.3417126411210908,0.45203975782096567,0.41939180707209395,0.4846752585796242,0.7750933642551698,0.23156600328922552
2021-01-14 16:30:00,0.26569037656903766,-0.1872509960159363,-0.3137751303052868,-0.3715407962863774,0.3815550117129733,0.00011135857461024499,0.5,-0.3417126411210908,0.45203975782096567,0.41939180707209395,0.4846752585796242,0.7750933642551698,0.13048267121324142
2021-01-14 16:40:00,0.3228730822873082,-0.13147410358565736,-0.2819061801935965,-0.31405106231030167,0.3770923034641609,0.00011135857461024499,0.5,-0.3417126411210908,0.45203975782096567,0.41939180707209395,0.4846752585796242,0.7750933642551698,0.18790078005944746
2021-01-14 16:50:00,0.3054393305439331,-0.1633466135458168,-0.28101265822784816,-0.28905552579896443,0.36863802332124956,0.00011135857461024499,0.5,-0.3417126411210908,0.45203975782096567,0.41939180707209395,0.4846752585796242,0.7750933642551698,0.17511353863331172
2021-01-14 17:00:00,0.2496513249651325,0.019920318725099362,-0.28071481757259875,-0.27762899482235315,0.368559500595464,0.00011135857461024499,0.5,-0.3397837986033728,0.4674474938722507,0.42833245641366874,0.461488309226219,0.7528862541947684,0.13048267121324142
2021-01-14 17:10:00,0.21687587168758715,0.33864541832669315,-0.2947133283693225,-0.3186930905195501,0.368559500595464,0.00011135857461024499,0.5,-0.3397837986033728,0.4674474938722507,0.42833245641366874,0.461488309226219,0.7528862541947684,0.0836640161745402
2021-01-14 17:20:00,0.2615062761506276,0.4501992031872508,-0.25390915860014907,-0.2544188537761113,0.38050804203583255,0.00011135857461024499,0.5,-0.3397837986033728,0.4674474938722507,0.42833245641366874,0.461488309226219,0.7528862541947684,0.11084539131221993
2021-01-14 17:30:00,0.25662482566248257,-0.09960159362549814,-0.2440804169769174,-0.22906623817175498,0.38239258745468585,0.00011135857461024499,0.5,-0.3397837986033728,0.4674474938722507,0.42833245641366874,0.461488309226219,0.7528862541947684,0.11223350483576505
2021-01-14 17:40:00,0.2398884239888424,-0.043824701195219196,-0.251228592702904,-0.24049276914836637,0.37325777702163304,0.00011135857461024499,0.5,-0.3397837986033728,0.4674474938722507,0.42833245641366874,0.461488309226219,0.7528862541947684,0.102388460551926
2021-01-14 17:50:00,0.26429567642956764,-0.03585657370517936,-0.23782576321667914,-0.20764149259060882,0.3635209590242242,0.00011135857461024499,0.5,-0.3397837986033728,0.4674474938722507,0.42833245641366874,0.461488309226219,0.7528862541947684,0.15089699292363867
2021-01-14 18:00:00,0.29497907949790797,0.2828685258964143,-0.2551005212211468,-0.23406534547402247,0.359922000759053,0.00011135857461024499,0.5,-0.4091048597786089,0.4868752640033115,0.48671970794200087,0.37001871068300446,0.7466265048005561,0.16655853463494125
2021-01-14 18:10:00,0.28172942817294283,0.12350597609561742,-0.25420699925539847,-0.23906445277628985,0.368507152111607,0.00011135857461024499,0.5,-0.4091048597786089,0.4868752640033115,0.48671970794200087,0.37001871068300446,0.7466265048005561,0.14891289587639753
2021-01-14 18:20:00,0.29218967921896793,0.19521912350597592,-0.254504839910648,-0.2369219782181754,0.368507152111607,0.00011135857461024499,0.5,-0.4091048597786089,0.4868752640033115,0.48671970794200087,0.37001871068300446,0.7466265048005561,0.14637807987688037
2021-01-14 18:30:00,0.2838214783821479,0.2111553784860556,-0.24646314221891308,-0.22585252633458308,0.3745795762390232,0.00011135857461024499,0.5,-0.4091048597786089,0.4868752640033115,0.48671970794200087,0.37001871068300446,0.7466265048005561,0.1424551503538181
2021-01-14 18:40:00,0.2712691771269177,0.05976095617529875,-0.24437825763216692,-0.225495447241564,0.38236641321275733,0.00011135857461024499,0.5,-0.4091048597786089,0.4868752640033115,0.48671970794200087,0.37001871068300446,0.7466265048005561,0.12003409931046971
2021-01-14 18:50:00,0.2510460251046025,0.3545816733067728,-0.24259121370067016,-0.22763792179967846,0.3833872086479696,0.00011135857461024499,0.5,-0.4091048597786089,0.4868752640033115,0.48671970794200087,0.37001871068300446,0.7466265048005561,0.09172110988729122
2021-01-14 19:00:00,0.16945606694560672,-0.298804780876494,-0.2202531645569621,-0.1901446170326727,0.3961471515881222,0.00011135857461024499,0.5,-0.4283443559735217,0.5138546063728614,0.5164947764628421,0.27017066731081696,0.7568331749375075,0.03972720551624243
2021-01-14 19:10:00,0.11715481171548117,-0.5936254980079682,-0.2211466865227104,-0.16014997321906788,0.3961471515881222,0.00011135857461024499,0.5,-0.4283443559735217,0.5138546063728614,0.5164947764628421,0.27017066731081696,0.7568331749375075,0.008743606379286933
2021-01-14 19:20:00,0.10251046025104603,-0.5298804780876495,-0.22174236783320933,-0.1297982503124443,0.38968211383177814,0.00011135857461024499,0.5,-0.4283443559735217,0.5138546063728614,0.5164947764628421,0.27017066731081696,0.7568331749375075,0.0
2021-01-14 19:30:00,0.0899581589958159,0.08366533864541825,-0.23037974683544316,-0.12908409212640592,0.37965737917315573,0.38886414253897555,0.5,-0.4283443559735217,0.5138546063728614,0.5164947764628421,0.27017066731081696,0.7568331749375075,0.0
2021-01-14 19:40:00,0.12343096234309624,-0.12350597609561753,-0.24497393894266584,-0.14443849312622736,0.37965737917315573,0.9993318485523385,0.5,-0.4283443559735217,0.5138546063728614,0.5164947764628421,0.27017066731081696,0.7568331749375075,0.0
2021-01-14 19:50:00,0.1387726638772664,0.9521912350597608,-0.2580789277736413,-0.15907873594001076,0.37965737917315573,0.9993318485523385,0.5,-0.4283443559735217,0.5138546063728614,0.5164947764628421,0.27017066731081696,0.7568331749375075,0.0
2021-01-14 20:00:00,0.11576011157601115,0.6334661354581672,-0.2679076693968728,-0.17836100696304236,0.37965737917315573,0.9993318485523385,0.5,-0.43822063935871347,0.5062426905205926,0.5371948994852235,0.23008496893734812,0.8043681115145577,0.0
2021-01-14 20:10:00,0.13528591352859135,0.31474103585657365,-0.27594936708860773,-0.19585788252097835,0.37965737917315573,0.9993318485523385,0.5,-0.43822063935871347,0.5062426905205926,0.5371948994852235,0.23008496893734812,0.8043681115145577,0.0
2021-01-14 20:20:00,0.1903765690376569,-0.003984063745020028,-0.2857781087118393,-0.21228352079985702,0.3816204473177946,0.9993318485523385,0.5,-0.43822063935871347,0.5062426905205926,0.5371948994852235,0.23008496893734812,0.8043681115145577,0.0
2021-01-14 20:30:00,0.22245467224546722,-0.3227091633466136,-0.28011913626209994,-0.23120871272986965,0.4224653518472471,0.06414253897550111,0.5,-0.43822063935871347,0.5062426905205926,0.5371948994852235,0.23008496893734812,0.8043681115145577,0.05856481132217813
2021-01-14 20:40:00,0.22454672245467225,0.5697211155378485,-0.24527177959791513,-0.21871094447420092,0.4253183442174556,0.00011135857461024499,0.5,-0.43822063935871347,0.5062426905205926,0.5371948994852235,0.23008496893734812,0.8043681115145577,0.0863195376978439
2021-01-14 20:50:00,0.1596931659693166,-0.12350597609561753,-0.23008190618019375,-0.1983574361721121,0.4372276242949314,0.00011135857461024499,0.5,-0.43822063935871347,0.5062426905205926,0.5371948994852235,0.23008496893734812,0.8043681115145577,0.03409176637445871
2021-01-14 21:00:00,0.12203626220362622,0.4183266932270917,-0.23037974683544316,-0.17336189966077487,0.428472340369842,0.00011135857461024499,0.5,-0.4444529309527677,0.4993060484415541,0.5440596016235759,0.15926431101587424,0.8244401328476522,0.00640493685592287
2021-01-14 21:10:00,0.1324965132496513,-0.03585657370517936,-0.2285927029039465,-0.1519371540796286,0.45523550274175184,0.00011135857461024499,0.5,-0.4444529309527677,0.4993060484415541,0.5440596016235759,0.15926431101587424,0.8244401328476522,0.008441842569820602
2021-01-14 21:20:00,0.14644351464435149,-0.3944223107569722,-0.231571109456441,-0.1347973576147118,0.4440721885592389,0.00011135857461024499,0.5,-0.4444529309527677,0.4993060484415541,0.5440596016235759,0.15926431101587424,0.8244401328476522,0.020248351615190792
2021-01-14 21:30:00,0.18131101813110181,-0.07569721115537853,-0.22561429635145203,-0.13015532940546326,0.44061718862467447,0.00011135857461024499,0.5,-0.4444529309527677,0.4993060484415541,0.5440596016235759,0.15926431101587424,0.8244401328476522,0.039734749611479096
2021-01-14 21:40:00,0.2907949790794979,0.027888446215139417,-0.21906180193596436,-0.13693983217282624,0.44061718862467447,0.00011135857461024499,0.5,-0.4444529309527677,0.4993060484415541,0.5440596016235759,0.15926431101587424,0.8244401328476522,0.12831751588032048
2021-01-14 21:50:00,0.4246861924686192,0.08366533864541825,-0.2756515264333582,-0.20407070166041774,0.446755048356912,0.00011135857461024499,0.5,-0.4444529309527677,0.4993060484415541,0.5440596016235759,0.15926431101587424,0.8244401328476522,0.3015450307044676
2021-01-14 22:00:00,0.394700139470014,-0.09960159362549814,-0.305137751303053,-0.2572754865202642,0.4518328512910445,0.00011135857461024499,0.5,-0.4660437198967522,0.5000100572689619,0.5709020935363222,0.22086334193078697,0.8851237829999103,0.2518973399520195
2021-01-14 22:10:00,0.25732217573221755,0.17928286852589648,-0.3396872673119882,-0.3229780396357793,0.4558244231851435,0.00011135857461024499,0.5,-0.4660437198967522,0.5000100572689619,0.5709020935363222,0.22086334193078697,0.8851237829999103,0.12501320216666417
2021-01-14 22:20:00,0.40376569037656906,0.2749003984063745,-0.3518987341772153,-0.3583288698446706,0.46577063511798034,0.00011135857461024499,0.5,-0.4660437198967522,0.5000100572689619,0.5709020935363222,0.22086334193078697,0.8851237829999103,0.2731490562336859
2021-01-14 22:30:00,0.398186889818689,-0.1633466135458168,-0.35755770662695463,-0.3711837171933583,0.4749577940348903,0.00011135857461024499,0.5,-0.4660437198967522,0.5000100572689619,0.5709020935363222,0.22086334193078697,0.8851237829999103,0.247627382048071
2021-01-14 22:40:00,0.22873082287308227,-0.11553784860557781,-0.3605361131794491,-0.38510980182110344,0.45623012393503554,0.00011135857461024499,0.5,-0.4660437198967522,0.5000100572689619,0.5709020935363222,0.22086334193078697,0.8851237829999103,0.09258868083950693
2021-01-14 22:50:00,0.31659693165969316,0.394422310756972,-0.34177215189873433,-0.3811819317978933,0.45795762390231776,0.00011135857461024499,0.5,-0.4660437198967522,0.5000100572689619,0.5709020935363222,0.22086334193078697,0.8851237829999103,0.1699458333962008
2021-01-14 23:00:00,0.3647140864714087,0.298804780876494,-0.309903201787044,-0.32083556507766464,0.46574446087605187,0.00011135857461024499,0.5,-0.4987789433941371,0.50663348725744,0.5917792490752397,0.2779500680167951,0.9120022583449197,0.2310831811940794
2021-01-14 23:10:00,0.37377963737796377,0.43426294820717115,-0.3420699925539836,-0.3579717907516514,0.46574446087605187,0.00011135857461024499,0.5,-0.4987789433941371,0.50663348725744,0.5917792490752397,0.2779500680167951,0.9120022583449197,0.24857039395265326
2021-01-14 23:20:00,0.3193863319386332,-0.019920318725099695,-0.3518987341772153,-0.38332440635600784,0.47374069178521416,0.00011135857461024499,0.5,-0.4987789433941371,0.50663348725744,0.5917792490752397,0.2779500680167951,0.9120022583449197,0.17656954901398678
2021-01-14 23:30:00,0.32566248256624825,-0.01195219123505975,-0.3521965748324647,-0.39939296554186754,0.4685843661252961,0.00011135857461024499,0.5,-0.4987789433941371,0.50663348725744,0.5917792490752397,0.2779500680167951,0.9120022583449197,0.1738084101573698
2021-01-14 23:40:00,0.37935843793584384,0.027888446215139417,-0.3521965748324647,-0.40224959828602025,0.47604402507492377,0.00011135857461024499,0.5,-0.4987789433941371,0.50663348725744,0.5917792490752397,0.2779500680167951,0.9120022583449197,0.23259200024141105
2021-01-14 23:50:00,0.37517433751743373,-0.08366533864541836,-0.35368577810871193,-0.39939296554186754,0.4769208621795291,0.00011135857461024499,0.5,-0.4987789433941371,0.50663348725744,0.5917792490752397,0.2779500680167951,0.9120022583449197,0.21822049881557704
2021-01-15 00:00:00,0.3749679218967922,-0.08375212023194356,-0.3534634311243485,-0.39912251383681485,0.4770040962688618,0.00011135857461024499,0.5,-0.5071935609859575,0.5155700891074044,0.5960474320330194,0.26241074955209287,0.8891021643986271,0.2180802767174133
2021-01-15 00:10:00,0.3747614365411437,-0.08383890181846876,-0.3532410811615786,-0.39885206213176216,0.47708735653243645,0.00011135857461024499,0.5,-0.5071935609859575,0.5155700891074044,0.5960474320330194,0.26241074955209287,0.8891021643986271,0.21794000935467808
2021-01-15 00:20:00,0.37455502092050214,-0.08392568340499396,-0.3530187341772153,-0.3985815747188002,0.4771705906217691,0.00011135857461024499,0.5,-0.5071935609859575,0.5155700891074044,0.5960474320330194,0.26241074955209287,0.8891021643986271,0.21779978725651433
2021-01-15 00:30:00,0.37434855648535564,-0.08401246499151915,-0.35279638421444537,-0.3983111230137476,0.4772538247111018,0.00011135857461024499,0.5,-0.5071935609859575,0.5155700891074044,0.5960474320330194,0.26241074955209287,0.8891021643986271,0.21765955761425534
2021-01-15 00:40:00,0.37414211994421204,-0.08409924657804435,-0.35257403425167544,-0.3980406713086949,0.4773370718875554,0.00011135857461024499,0.5,-0.5071935609859575,0.5155700891074044,0.5960474320330194,0.26241074955209287,0.8891021643986271,0.21751932797199633
2021-01-15 00:50:00,0.37393570432357043,-0.08418602816456955,-0.35235168726731214,-0.3977702196036421,0.47742030597688817,0.00011135857461024499,0.5,-0.5071935609859575,0.5155700891074044,0.5960474320330194,0.26241074955209287,0.8891021643986271,0.2173790681533564
2021-01-15 01:00:00,0.3737292329149233,-0.08427280975109464,-0.3521293373045422,-0.39749976789858954,0.4775035400662208,0.00011135857461024499,0.5,-0.5449712713163765,0.5213199734488099,0.6602149981288576,0.2145046232732775,0.7966825386268866,0.21723883851109738
2021-01-15 01:10:00,0.37352280334728033,-0.08435959133761983,-0.35190699627699185,-0.39722931619353696,0.4775867872426745,0.00011135857461024499,0.5,-0.5449712713163765,0.5213199734488099,0.6602149981288576,0.2145046232732775,0.7966825386268866,0.2170986164129336
2021-01-15 01:20:00,0.3733163458856346,-0.08444637292414503,-0.351684646314222,-0.39695882878057487,0.47767002133200714,0.00011135857461024499,0.5,-0.5449712713163765,0.5213199734488099,0.6602149981288576,0.2145046232732775,0.7966825386268866,0.21695835659429363
2021-01-15 01:30:00,0.37310990237099023,-0.08453315451067023,-0.3514622993298586,-0.39668835922156753,0.47775325542133984,0.00011135857461024499,0.5,-0.5449712713163765,0.5213199734488099,0.6602149981288576,0.2145046232732775,0.7966825386268866,0.21681812695203465
2021-01-15 01:40:00,0.3729034867503487,-0.08461993609719554,-0.3512399493670887,-0.3964178896625602,0.4778365025977935,0.00011135857461024499,0.5,-0.5449712713163765,0.5213199734488099,0.6602149981288576,0.2145046232732775,0.7966825386268866,0.21667788222158516
2021-01-15 01:50:00,0.37269702231520224,-0.08470671768372073,-0.3510176023827254,-0.3961474379575076,0.47791973668712623,0.00011135857461024499,0.5,-0.5449712713163765,0.5213199734488099,0.6602149981288576,0.2145046232732775,0.7966825386268866,0.2165376601234214
2021-01-15 02:00:00,0.3724905857740586,-0.08479349927024593,-0.35079525241995546,-0.39587698625245493,0.4780029969507008,0.00011135857461024499,0.5,-0.5332547312191255,0.5564370831621221,0.650038925595237,0.33710092873687086,0.7870196043243093,0.2163973927606862
2021-01-15 02:10:00,0.3722841283124128,-0.0848802808567709,-0.3505729024571854,-0.39560649883949295,0.47808621795291256,0.00011135857461024499,0.5,-0.5332547312191255,0.5564370831621221,0.650038925595237,0.33710092873687086,0.7870196043243093,0.21625717066252245
2021-01-15 02:20:00,0.37207768479776854,-0.0849670624432961,-0.3503505524944156,-0.39533604713444026,0.4781694520422452,0.00011135857461024499,0.5,-0.5332547312191255,0.5564370831621221,0.650038925595237,0.33710092873687086,0.7870196043243093,0.21611694102026346
2021-01-15 02:30:00,0.3718712691771269,-0.08505384402982141,-0.3501282055100522,-0.3950655954293876,0.47825271230581984,0.00011135857461024499,0.5,-0.5332547312191255,0.5564370831621221,0.650038925595237,0.33710092873687086,0.7870196043243093,0.21597671137800445
2021-01-15 02:40:00,0.37166480474198044,-0.08514062561634661,-0.3499058555472824,-0.3947951437243349,0.47833594639515253,0.00011135857461024499,0.5,-0.5332547312191255,0.5564370831621221,0.650038925595237,0.33710092873687086,0.7870196043243093,0.21583645155936448
2021-01-15 02:50:00,0.37145836820083683,-0.08522740720287181,-0.34968350856291897,-0.3945246920192822,0.4784191673973643,0.00011135857461024499,0.5,-0.5332547312191255,0.5564370831621221,0.650038925595237,0.33710092873687086,0.7870196043243093,0.2156962219171055
2021-01-15 03:00:00,0.37125191073919106,-0.085314188789397,-0.34946115860014904,-0.3942542403142296,0.47850242766093887,0.00011135857461024499,0.5,-0.5297024270709685,0.562520294132016,0.7159191164302028,0.3150728033881911,0.7915507954641385,0.21555599981894172
2021-01-15 03:10:00,0.37104546722454673,-0.0854009703759222,-0.3492388086373791,-0.3939837529012675,0.47858566175027156,0.00011135857461024499,0.5,-0.5297024270709685,0.562520294132016,0.7159191164302028,0.3150728033881911,0.7915507954641385,0.21541574000030175
2021-01-15 03:20:00,0.3708390516039052,-0.0854877519624474,-0.3490164616530157,-0.39371330119621495,0.47866888275248326,0.00011135857461024499,0.5,-0.5297024270709685,0.562520294132016,0.7159191164302028,0.3150728033881911,0.7915507954641385,0.21527551035804274
2021-01-15 03:30:00,0.37063258716875874,-0.0855745335489726,-0.3487941116902459,-0.39344284949116237,0.4787521430160579,0.00011135857461024499,0.5,-0.5297024270709685,0.562520294132016,0.7159191164302028,0.3150728033881911,0.7915507954641385,0.21513526562759328
2021-01-15 03:40:00,0.3704261506276151,-0.08566131513549768,-0.3485717706626956,-0.3931723977861096,0.4788353771053906,0.00011135857461024499,0.5,-0.5297024270709685,0.562520294132016,0.7159191164302028,0.3150728033881911,0.7915507954641385,0.21499504352942952
2021-01-15 03:50:00,0.3702196931659693,-0.08574809672202288,-0.3483494206999256,-0.3929019103731477,0.4789186111947233,0.00011135857461024499,0.5,-0.5297024270709685,0.562520294132016,0.7159191164302028,0.3150728033881911,0.7915507954641385,0.21485477616669435
2021-01-15 04:00:00,0.370013249651325,-0.08583487830854808,-0.3481270737155623,-0.3926314229601856,0.4790018583711769,0.00011135857461024499,0.5,-0.5431228430973947,0.5659598801173557,0.741767892870472,0.2880938848464447,0.8087642166218816,0.21471455406853057
2021-01-15 04:10:00,0.3698068340306834,-0.08592165989507328,-0.34790472077438583,-0.39236097125513303,0.4790850924605096,0.00011135857461024499,0.5,-0.5431228430973947,0.5659598801173557,0.741767892870472,0.2880938848464447,0.8087642166218816,0.21457432442627156
2021-01-15 04:20:00,0.36960036959553694,-0.08600844148159847,-0.34768237379002254,-0.39209051955008045,0.4791683134627213,0.00011135857461024499,0.5,-0.5431228430973947,0.5659598801173557,0.741767892870472,0.2880938848464447,0.8087642166218816,0.21443407215172686
2021-01-15 04:30:00,0.3693939330543933,-0.08609522306812367,-0.34746002680565913,-0.39182006784502765,0.47925157372629595,0.00011135857461024499,0.5,-0.5431228430973947,0.5659598801173557,0.741767892870472,0.2880938848464447,0.8087642166218816,0.2142938349653726
2021-01-15 04:40:00,0.36918747559274756,-0.08618200465464887,-0.3472376768428892,-0.39154961613997497,0.47933480781562865,0.00011135857461024499,0.5,-0.5431228430973947,0.5659598801173557,0.741767892870472,0.2880938848464447,0.8087642166218816,0.21415360532311362
2021-01-15 04:50:00,0.36898104602510456,-0.08626878624117396,-0.34701532688011927,-0.391279128727013,0.47941804190496135,0.00011135857461024499,0.5,-0.5431228430973947,0.5659598801173557,0.741767892870472,0.2880938848464447,0.8087642166218816,0.2140133832249498
2021-01-15 05:00:00,0.3687746164574617,-0.08635556782769915,-0.34679297989575586,-0.3910086770219603,0.479501289081415,0.00011135857461024499,0.5,-0.5433447412017052,0.5648622010476798,0.7457805453692111,0.2601163906712389,0.8359679835346543,0.2138731234063099
2021-01-15 05:10:00,0.3685681589958159,-0.08644234941422435,-0.34657063291139256,-0.3907382253169076,0.4795845231707477,0.00011135857461024499,0.5,-0.5433447412017052,0.5648622010476798,0.7457805453692111,0.2601163906712389,0.8359679835346543,0.2137328937640509
2021-01-15 05:20:00,0.3683617154811716,-0.08652913100074955,-0.3463482829486225,-0.39046777361185503,0.47966777034720137,0.00011135857461024499,0.5,-0.5433447412017052,0.5648622010476798,0.7457805453692111,0.2601163906712389,0.8359679835346543,0.21359264903360142
2021-01-15 05:30:00,0.3681552649930265,-0.08661591258727475,-0.3461259329858526,-0.39019732190680234,0.479751004436534,0.00011135857461024499,0.5,-0.5433447412017052,0.5648622010476798,0.7457805453692111,0.2601163906712389,0.8359679835346543,0.21345240430315193
2021-01-15 05:40:00,0.3679488354253836,-0.08670269417379994,-0.3459035830230828,-0.38992687020174954,0.4798342385258667,0.00011135857461024499,0.5,-0.5433447412017052,0.5648622010476798,0.7457805453692111,0.2601163906712389,0.8359679835346543,0.21331215957270247
2021-01-15 05:50:00,0.3677423988842399,-0.08678947576032514,-0.3456812360387195,-0.3896563827887878,0.47991749878944134,0.00011135857461024499,0.5,-0.5433447412017052,0.5648622010476798,0.7457805453692111,0.2601163906712389,0.8359679835346543,0.21317193747453866
2021-01-15 06:00:00,0.36753594142259416,-0.08687625734685034,-0.3454588830975429,-0.3893859310837351,0.4800007197916531,0.00011135857461024499,0.5,-0.588868306326781,0.569750033763691,0.7478374704538945,0.24488607807855353,0.8718828073414581,0.21303170783227968
2021-01-15 06:10:00,0.3673294979079498,-0.08696303893337554,-0.3452365450483992,-0.3891154436707731,0.48008395388098574,0.00011135857461024499,0.5,-0.588868306326781,0.569750033763691,0.7478374704538945,0.24488607807855353,0.8718828073414581,0.21289145555773498
2021-01-15 06:20:00,0.3671230474198048,-0.08704982051990062,-0.34501419508562925,-0.3888449919657204,0.4801672141445604,0.00011135857461024499,0.5,-0.588868306326781,0.569750033763691,0.7478374704538945,0.24488607807855353,0.8718828073414581,0.21275121837138072
2021-01-15 06:30:00,0.3669166178521618,-0.08713660210642582,-0.34479184810126584,-0.3885745402606676,0.48025044823389296,0.00011135857461024499,0.5,-0.588868306326781,0.569750033763691,0.7478374704538945,0.24488607807855353,0.8718828073414581,0.2126109887291217
2021-01-15 06:40:00,0.3667101813110181,-0.08722338369295102,-0.34456950111690254,-0.38830405284770586,0.48033366923610477,0.00011135857461024499,0.5,-0.588868306326781,0.569750033763691,0.7478374704538945,0.24488607807855353,0.8718828073414581,0.21247076663095796
2021-01-15 06:50:00,0.3665037238493724,-0.08731016527947622,-0.3443471481757261,-0.38803360114265306,0.4804169294996794,0.00011135857461024499,0.5,-0.588868306326781,0.569750033763691,0.7478374704538945,0.24488607807855353,0.8718828073414581,0.21233050681231802
2021-01-15 07:00:00,0.3662972803347281,-0.08739694686600141,-0.3441248011913627,-0.3877631494376004,0.4805001635890121,0.00011135857461024499,0.5,-0.5784271550181559,0.5976977474591038,0.7174419004263112,0.17872293848890525,0.8397887220940269,0.212190277170059
2021-01-15 07:10:00,0.366090829846583,-0.08748372845252661,-0.34390245122859275,-0.3874926977325478,0.4805833976783447,0.00011135857461024499,0.5,-0.5784271550181559,0.5976977474591038,0.7174419004263112,0.17872293848890525,0.8397887220940269,0.21205003243960954
2021-01-15 07:20:00,0.36588440027894,-0.08757051003905181,-0.3436801012658228,-0.3872222460274951,0.48066664485479843,0.00011135857461024499,0.5,-0.5784271550181559,0.5976977474591038,0.7174419004263112,0.17872293848890525,0.8397887220940269,0.21190978770916005
2021-01-15 07:30:00,0.3656779637377964,-0.0876572916255769,-0.343457751303053,-0.3869517943224424,0.480749878944131,0.00011135857461024499,0.5,-0.5784271550181559,0.5976977474591038,0.7174419004263112,0.17872293848890525,0.8397887220940269,0.21176954297871056
2021-01-15 07:40:00,0.3654715062761506,-0.08774407321210209,-0.3432354043186896,-0.38668130690948044,0.4808331130334638,0.00011135857461024499,0.5,-0.5784271550181559,0.5976977474591038,0.7174419004263112,0.17872293848890525,0.8397887220940269,0.21162932088054678
2021-01-15 07:50:00,0.3652650627615063,-0.08783085479862729,-0.3430130573343263,-0.38641085520442775,0.4809163602099174,0.00011135857461024499,0.5,-0.5784271550181559,0.5976977474591038,0.7174419004263112,0.17872293848890525,0.8397887220940269,0.2114890912382878
2021-01-15 08:00:00,0.3650586122733613,-0.08791763638515249,-0.34279070737155637,-0.38614040349937506,0.48099959429925015,0.00011135857461024499,0.5,-0.6020027196109162,0.6011861830365489,0.7459612554953315,0.18855133951168732,0.8494115458664001,0.2113488389637431
2021-01-15 08:10:00,0.3648521827057183,-0.08800441797167768,-0.34256835740878644,-0.3858699517943224,0.48108282838858274,0.00011135857461024499,0.5,-0.6020027196109162,0.6011861830365489,0.7459612554953315,0.18855133951168732,0.8494115458664001,0.21120860177738882
2021-01-15 08:20:00,0.3646457461645746,-0.08809119955820299,-0.34234601042442303,-0.38559948223531504,0.48116607556503643,0.00011135857461024499,0.5,-0.6020027196109162,0.6011861830365489,0.7459612554953315,0.18855133951168732,0.8494115458664001,0.21106837213512983
2021-01-15 08:30:00,0.36443928870292885,-0.08817798114472819,-0.3421236634400596,-0.3853289769683985,0.48124930965436913,0.00011135857461024499,0.5,-0.6020027196109162,0.6011861830365489,0.7459612554953315,0.18855133951168732,0.8494115458664001,0.21092811986058513
2021-01-15 08:40:00,0.3642328451882845,-0.08826476273125339,-0.34190131943410285,-0.38505852526334583,0.48133255683082277,0.00011135857461024499,0.5,-0.6020027196109162,0.6011861830365489,0.7459612554953315,0.18855133951168732,0.8494115458664001,0.2107878902183261
2021-01-15 08:50:00,0.3640263947001395,-0.08835154431777859,-0.3416789694713329,-0.38478807355829303,0.48141579092015546,0.00011135857461024499,0.5,-0.6020027196109162,0.6011861830365489,0.7459612554953315,0.18855133951168732,0.8494115458664001,0.21064766057606713
2021-01-15 09:00:00,0.3638199651324965,-0.08843832590430356,-0.341456619508563,-0.38451762185324045,0.48149902500948816,0.00011135857461024499,0.5,-0.6275224024363766,0.611576778628018,0.7752014220428564,0.21932976727797426,0.905927541622764,0.21050741584561763
2021-01-15 09:10:00,0.3636135285913529,-0.08852510749082887,-0.3412342725241997,-0.3842471701481879,0.4815822852730628,0.00011135857461024499,0.5,-0.6275224024363766,0.611576778628018,0.7752014220428564,0.21932976727797426,0.905927541622764,0.21036717111516817
2021-01-15 09:20:00,0.3634070781032078,-0.08861188907735407,-0.34101192256142965,-0.3839767184431351,0.4816655062752745,0.00011135857461024499,0.5,-0.6275224024363766,0.611576778628018,0.7752014220428564,0.21932976727797426,0.905927541622764,0.21022692638471868
2021-01-15 09:30:00,0.36320064853556483,-0.08869867066387926,-0.34078957557706635,-0.3837062310301732,0.4817487403646072,0.00011135857461024499,0.5,-0.6275224024363766,0.611576778628018,0.7752014220428564,0.21932976727797426,0.905927541622764,0.21008670428655493
2021-01-15 09:40:00,0.3629941841004184,-0.08878545225040446,-0.3405672256142964,-0.3834357793251205,0.48183200062818177,0.00011135857461024499,0.5,-0.6275224024363766,0.611576778628018,0.7752014220428564,0.21932976727797426,0.905927541622764,0.2099464746442959
2021-01-15 09:50:00,0.3627877545327755,-0.08887223383692966,-0.3403448756515266,-0.38316532762006783,0.4819152347175145,0.00011135857461024499,0.5,-0.6275224024363766,0.611576778628018,0.7752014220428564,0.21932976727797426,0.905927541622764,0.2098062223697512
2021-01-15 10:00:00,0.3625813110181311,-0.08895901542345486,-0.3401225316455697,-0.38289487591501514,0.4819984557197262,0.00011135857461024499,0.5,-0.5761206888213453,0.6200938486869534,0.6578272149957194,0.18528104318759384,0.9641265585430648,0.209665985183397
2021-01-15 10:10:00,0.3623748605299861,-0.08904579700997994,-0.33990017870439326,-0.38262442420996245,0.48208171598330085,0.00011135857461024499,0.5,-0.5761206888213453,0.6200938486869534,0.6578272149957194,0.18528104318759384,0.9641265585430648,0.20952575554113798
2021-01-15 10:20:00,0.36216843096234314,-0.08913257859650514,-0.33967783172002985,-0.38235393679700047,0.4821649500726335,0.00011135857461024499,0.5,-0.5761206888213453,0.6200938486869534,0.6578272149957194,0.18528104318759384,0.9641265585430648,0.20938550326659325
2021-01-15 10:30:00,0.3619619665271967,-0.08921936018303034,-0.3394554817572599,-0.3820834850919478,0.48224817107484524,0.00011135857461024499,0.5,-0.5761206888213453,0.6200938486869534,0.6578272149957194,0.18528104318759384,0.9641265585430648,0.20924527362433423
2021-01-15 10:40:00,0.3617555369595537,-0.08930614176955554,-0.3392331317944901,-0.38181301553294056,0.4823314313384198,0.00011135857461024499,0.5,-0.5761206888213453,0.6200938486869534,0.6578272149957194,0.18528104318759384,0.9641265585430648,0.20910504398207524
2021-01-15 10:50:00,0.3615490934449093,-0.08939292335608073,-0.3390107818317202,-0.3815425459739331,0.4824146654277526,0.00011135857461024499,0.5,-0.5761206888213453,0.6200938486869534,0.6578272149957194,0.18528104318759384,0.9641265585430648,0.20896479925162575
2021-01-15 11:00:00,0.3613426429567643,-0.08947970494260593,-0.33878843484735677,-0.38127209426888053,0.4824978995170852,0.00011135857461024499,0.5,-0.5653314313178173,0.6329297973891342,0.5655332907998764,0.1635406416423296,0.9464776907293648,0.20882455452117626
2021-01-15 11:10:00,0.36113621338912133,-0.08956648652913113,-0.3385660938198065,-0.38100160685591844,0.4825811466935389,0.00011135857461024499,0.5,-0.5653314313178173,0.6329297973891342,0.5655332907998764,0.1635406416423296,0.9464776907293648,0.20868432487891728
2021-01-15 11:20:00,0.3609297489539749,-0.08965326811565633,-0.3383437438570366,-0.38073115515086586,0.48266438078287155,0.00011135857461024499,0.5,-0.5653314313178173,0.6329297973891342,0.5655332907998764,0.1635406416423296,0.9464776907293648,0.20854408769256305
2021-01-15 11:30:00,0.36072331938633195,-0.08974004970218152,-0.3381213968726732,-0.3804607034458133,0.4827476148722043,0.00011135857461024499,0.5,-0.5653314313178173,0.6329297973891342,0.5655332907998764,0.1635406416423296,0.9464776907293648,0.20840383541801832
2021-01-15 11:40:00,0.3605168758716876,-0.08982683128870661,-0.33789904690990336,-0.3801902517407605,0.4828308620486579,0.00011135857461024499,0.5,-0.5653314313178173,0.6329297973891342,0.5655332907998764,0.1635406416423296,0.9464776907293648,0.2082636057757593
2021-01-15 11:50:00,0.3603104253835425,-0.08991361287523181,-0.3376766969471334,-0.3799198000357078,0.48291409613799063,0.00011135857461024499,0.5,-0.5653314313178173,0.6329297973891342,0.5655332907998764,0.1635406416423296,0.9464776907293648,0.20812336858940508
2021-01-15 12:00:00,0.36010399581589964,-0.090000394461757,-0.33745434996277,-0.3796493483306552,0.48299734331444427,0.00011135857461024499,0.5,-0.5443025418723024,0.639090593005315,0.4971426875742576,0.1714468758828911,0.8622695659813917,0.2079831389471461
2021-01-15 12:10:00,0.35989753138075314,-0.0900871760482822,-0.3372320000000001,-0.37937886091769324,0.48308057740377697,0.00011135857461024499,0.5,-0.5443025418723024,0.639090593005315,0.4971426875742576,0.1714468758828911,0.8622695659813917,0.20784288667260134
2021-01-15 12:20:00,0.3596911018131102,-0.0901739576348074,-0.33700965003723016,-0.37910840921264055,0.4831638114931096,0.00011135857461024499,0.5,-0.5443025418723024,0.639090593005315,0.4971426875742576,0.1714468758828911,0.8622695659813917,0.20770265703034235
2021-01-15 12:30:00,0.3594846582984658,-0.0902607392213326,-0.33678730305286675,-0.37883795750758786,0.4832470586695633,0.00011135857461024499,0.5,-0.5443025418723024,0.639090593005315,0.4971426875742576,0.1714468758828911,0.8622695659813917,0.20756242738808334
2021-01-15 12:40:00,0.3592782078103208,-0.0903475208078578,-0.3365649530900968,-0.3785675058025353,0.48333029275889594,0.00011135857461024499,0.5,-0.5443025418723024,0.639090593005315,0.4971426875742576,0.1714468758828911,0.8622695659813917,0.20742216756944337
2021-01-15 12:50:00,0.35907177824267783,-0.09043430239438288,-0.3363426061057335,-0.3782970540974826,0.4834135268482287,0.00011135857461024499,0.5,-0.5443025418723024,0.639090593005315,0.4971426875742576,0.1714468758828911,0.8622695659813917,0.20728193792718438
2021-01-15 13:00:00,0.3588653207810321,-0.09052108398090808,-0.3361202561429637,-0.3780265488305661,0.48349678711180333,0.00011135857461024499,0.5,-0.4367070761581111,0.6263609640035986,0.3510535780795193,0.22155650993492426,0.7924622233387684,0.20714170828492537
2021-01-15 13:10:00,0.35865888423988845,-0.09060786556743328,-0.33589790618019366,-0.3777560792715585,0.483580008114015,0.00011135857461024499,0.5,-0.4367070761581111,0.6263609640035986,0.3510535780795193,0.22155650993492426,0.7924622233387684,0.20700147109857117
2021-01-15 13:20:00,0.35845245467224546,-0.09069464715395847,-0.33567555919583036,-0.37748562756650594,0.48366324220334767,0.00011135857461024499,0.5,-0.4367070761581111,0.6263609640035986,0.3510535780795193,0.22155650993492426,0.7924622233387684,0.20686121882402642
2021-01-15 13:30:00,0.35824599721059974,-0.09078142874048367,-0.33545320923306043,-0.37721517586145337,0.4837465024669223,0.00011135857461024499,0.5,-0.4367070761581111,0.6263609640035986,0.3510535780795193,0.22155650993492426,0.7924622233387684,0.20672098918176743
2021-01-15 13:40:00,0.35803956764295675,-0.09086821032700887,-0.33523086820551007,-0.3769447241564007,0.483829736556255,0.00011135857461024499,0.5,-0.4367070761581111,0.6263609640035986,0.3510535780795193,0.22155650993492426,0.7924622233387684,0.2065807519954132
2021-01-15 13:50:00,0.3578331032078103,-0.09095499191353407,-0.33500851824274025,-0.3766742724513479,0.48391295755846675,0.00011135857461024499,0.5,-0.4367070761581111,0.6263609640035986,0.3510535780795193,0.22155650993492426,0.7924622233387684,0.2064405223531542
2021-01-15 14:00:00,0.35762667364016737,-0.09104177350005926,-0.33478617125837695,-0.376403785038386,0.4839962178220414,0.00011135857461024499,0.5,-0.42986709127373124,0.5998155209521644,0.35740937513989185,0.27385003320075935,0.7693261319582437,0.20630027007860946
2021-01-15 14:10:00,0.3574202440725244,-0.09112855508658457,-0.3345638212956069,-0.3761333333333332,0.484079451911374,0.00011135857461024499,0.5,-0.42986709127373124,0.5998155209521644,0.35740937513989185,0.27385003320075935,0.7693261319582437,0.20616004043635044
2021-01-15 14:20:00,0.35721377963737794,-0.09121533667310955,-0.3343414743112436,-0.37586288162828063,0.4841626860007067,0.00011135857461024499,0.5,-0.42986709127373124,0.5998155209521644,0.35740937513989185,0.27385003320075935,0.7693261319582437,0.20601981079409146
2021-01-15 14:30:00,0.35700735006973505,-0.09130211825963475,-0.3341191243484737,-0.37559242992322805,0.48424593317716036,0.00011135857461024499,0.5,-0.42986709127373124,0.5998155209521644,0.35740937513989185,0.27385003320075935,0.7693261319582437,0.20587955097545155
2021-01-15 14:40:00,0.35680088563458856,-0.09138889984615994,-0.33389677438570375,-0.37532197821817526,0.48432916726649305,0.00011135857461024499,0.5,-0.42986709127373124,0.5998155209521644,0.35740937513989185,0.27385003320075935,0.7693261319582437,0.20573932133319253
2021-01-15 14:50:00,0.3565944560669456,-0.09147568143268514,-0.3336744244229338,-0.3750514908052134,0.48441240135582575,0.00011135857461024499,0.5,-0.42986709127373124,0.5998155209521644,0.35740937513989185,0.27385003320075935,0.7693261319582437,0.2055990916909335
2021-01-15 15:00:00,0.3563880264993027,-0.09156246301921045,-0.3334520774385705,-0.3747810391001607,0.48449564853227944,0.00011135857461024499,0.5,-0.4252643315724015,0.5861807377437814,0.36692056122351285,0.2905814820171401,0.7669875237416909,0.20545885450457926
2021-01-15 15:10:00,0.35618156206415624,-0.09164924460573565,-0.3332297274758006,-0.374510587395108,0.4845788826216121,0.00011135857461024499,0.5,-0.4252643315724015,0.5861807377437814,0.36692056122351285,0.2905814820171401,0.7669875237416909,0.20531860223003456
2021-01-15 15:20:00,0.35597513249651325,-0.09173602619226084,-0.3330073804914372,-0.374240099982146,0.4846621297980658,0.00011135857461024499,0.5,-0.4252643315724015,0.5861807377437814,0.36692056122351285,0.2905814820171401,0.7669875237416909,0.20517837258777558
2021-01-15 15:30:00,0.3557686680613668,-0.09182280777878582,-0.33278503052866726,-0.37396964827709334,0.48474536388739836,0.00011135857461024499,0.5,-0.4252643315724015,0.5861807377437814,0.36692056122351285,0.2905814820171401,0.7669875237416909,0.20503813540142132
2021-01-15 15:40:00,0.35556223849372387,-0.09190958936531113,-0.33256268056589733,-0.37369919657204065,0.4848285979767311,0.00011135857461024499,0.5,-0.4252643315724015,0.5861807377437814,0.36692056122351285,0.2905814820171401,0.7669875237416909,0.20489788312687662
2021-01-15 15:50:00,0.3553558089260809,-0.09199637095183633,-0.3323403335815339,-0.3734287091590788,0.4849118582403057,0.00011135857461024499,0.5,-0.4252643315724015,0.5861807377437814,0.36692056122351285,0.2905814820171401,0.7669875237416909,0.2047576534846176
2021-01-15 16:00:00,0.35514934449093444,-0.09208315253836152,-0.332117983618764,-0.3731582574540261,0.48499509232963844,0.00011135857461024499,0.5,-0.40377536961059934,0.5829624116756285,0.3375769143511359,0.2875564357673672,0.7654300909488801,0.20461742384235862
2021-01-15 16:10:00,0.3549429149232915,-0.09216993412488672,-0.33189564259121385,-0.3728878057489733,0.4850783133318501,0.00011135857461024499,0.5,-0.40377536961059934,0.5829624116756285,0.3375769143511359,0.2875564357673672,0.7654300909488801,0.2044771942000996
2021-01-15 16:20:00,0.35473645048814506,-0.09225671571141192,-0.3316732926284439,-0.3726173540439207,0.48516156050830384,0.00011135857461024499,0.5,-0.40377536961059934,0.5829624116756285,0.3375769143511359,0.2875564357673672,0.7654300909488801,0.20433693438145964
2021-01-15 16:30:00,0.35453002092050206,-0.09234349729793712,-0.3314509456440805,-0.37234690233886814,0.4852447945976364,0.00011135857461024499,0.5,-0.40377536961059934,0.5829624116756285,0.3375769143511359,0.2875564357673672,0.7654300909488801,0.20419670473920065
2021-01-15 16:40:00,0.3543235913528592,-0.09243027888446231,-0.33122859270290406,-0.37207641492590604,0.4853280286869691,0.00011135857461024499,0.5,-0.40377536961059934,0.5829624116756285,0.3375769143511359,0.2875564357673672,0.7654300909488801,0.20405647509694164
2021-01-15 16:50:00,0.35411712691771274,-0.09251706047098751,-0.33100624571854065,-0.37180596322085346,0.48541128895054375,0.00011135857461024499,0.5,-0.40377536961059934,0.5829624116756285,0.3375769143511359,0.2875564357673672,0.7654300909488801,0.2039162152783017
2021-01-15 17:00:00,0.35391069735006975,-0.0926038420575126,-0.33078389873417724,-0.37153551151580066,0.48549452303987645,0.00011135857461024499,0.5,-0.4010027272821268,0.5883272462910236,0.340061710288823,0.26838282889532533,0.7666255133480766,0.20377598563604268
2021-01-15 17:10:00,0.353704239888424,-0.0926906236440378,-0.3305615487714074,-0.371265059810748,0.48557774404208814,0.00011135857461024499,0.5,-0.4010027272821268,0.5883272462910236,0.340061710288823,0.26838282889532533,0.7666255133480766,0.2036357559937837
2021-01-15 17:20:00,0.35349781032078104,-0.09277740523056299,-0.3303391988086375,-0.3709946081056954,0.4856610043056628,0.00011135857461024499,0.5,-0.4010027272821268,0.5883272462910236,0.340061710288823,0.26838282889532533,0.7666255133480766,0.20349552635152468
2021-01-15 17:30:00,0.3532913737796374,-0.09286418681708819,-0.3301168518242741,-0.3707241206927334,0.4857442383949955,0.00011135857461024499,0.5,-0.4010027272821268,0.5883272462910236,0.340061710288823,0.26838282889532533,0.7666255133480766,0.20335526653288472
2021-01-15 17:40:00,0.35308491631799166,-0.09295096840361339,-0.3298945048399108,-0.37045363327977143,0.4858274593972073,0.00011135857461024499,0.5,-0.4010027272821268,0.5883272462910236,0.340061710288823,0.26838282889532533,0.7666255133480766,0.20321503689062573
2021-01-15 17:50:00,0.35287848675034866,-0.09303774999013859,-0.32967215487714085,-0.37018318157471874,0.4859107196607818,0.00011135857461024499,0.5,-0.4010027272821268,0.5883272462910236,0.340061710288823,0.26838282889532533,0.7666255133480766,0.2030748072483667
2021-01-15 18:00:00,0.35267203626220367,-0.09312453157666378,-0.3294498049143708,-0.36991272986966606,0.4859939537501145,0.00011135857461024499,0.5,-0.4896396298740955,0.6232661986684175,0.390824896706726,0.2020991572162148,0.7581467234580839,0.20293457760610772
2021-01-15 18:10:00,0.3524655927475593,-0.09321131316318887,-0.329227454951601,-0.36964227816461337,0.48607718783944714,0.00011135857461024499,0.5,-0.4896396298740955,0.6232661986684175,0.390824896706726,0.2020991572162148,0.7581467234580839,0.20279431778746776
2021-01-15 18:20:00,0.3522591631799163,-0.09329809474971407,-0.3290051079672377,-0.3693718264595608,0.48616043501590084,0.00011135857461024499,0.5,-0.4896396298740955,0.6232661986684175,0.390824896706726,0.2020991572162148,0.7581467234580839,0.20265408814520874
2021-01-15 18:30:00,0.35205269874476985,-0.09338487633623926,-0.32878275502606114,-0.3691013390465987,0.48624366910523353,0.00011135857461024499,0.5,-0.4896396298740955,0.6232661986684175,0.390824896706726,0.2020991572162148,0.7581467234580839,0.20251385850294976
2021-01-15 18:40:00,0.3518462691771269,-0.09347165792276446,-0.3285604080416977,-0.3688308873415461,0.48632690319456623,0.00011135857461024499,0.5,-0.4896396298740955,0.6232661986684175,0.390824896706726,0.2020991572162148,0.7581467234580839,0.2023735986843098
2021-01-15 18:50:00,0.35163981868898186,-0.09355843950928966,-0.3283380670141476,-0.36856043563649354,0.48641015037101987,0.00011135857461024499,0.5,-0.4896396298740955,0.6232661986684175,0.390824896706726,0.2020991572162148,0.7581467234580839,0.2022333690420508
2021-01-15 19:00:00,0.3514333751743375,-0.09364522109581486,-0.3281157200297842,-0.36828998393144075,0.48649338446035256,0.00011135857461024499,0.5,-0.5494029963748528,0.6317746482110992,0.4387632985215883,0.1599253751008936,0.6925864079288672,0.2020931393997918
2021-01-15 19:10:00,0.3512269456066946,-0.09373200268234005,-0.32789337304542077,-0.36801953222638806,0.4865766316368062,0.00011135857461024499,0.5,-0.5494029963748528,0.6317746482110992,0.4387632985215883,0.1599253751008936,0.6925864079288672,0.2019529097575328
2021-01-15 19:20:00,0.35102048117154816,-0.09381878426886514,-0.3276710201042443,-0.3677490448134261,0.4866598657261389,0.00011135857461024499,0.5,-0.5494029963748528,0.6317746482110992,0.4387632985215883,0.1599253751008936,0.6925864079288672,0.20181264993889284
2021-01-15 19:30:00,0.35081405160390516,-0.09390556585539045,-0.327448673119881,-0.3674785931083734,0.4867430998154716,0.00011135857461024499,0.5,-0.5494029963748528,0.6317746482110992,0.4387632985215883,0.1599253751008936,0.6925864079288672,0.20167242029663382
2021-01-15 19:40:00,0.3506076011157601,-0.09399234744191554,-0.327226323157111,-0.3672081414033208,0.48682634699192523,0.00011135857461024499,0.5,-0.5494029963748528,0.6317746482110992,0.4387632985215883,0.1599253751008936,0.6925864079288672,0.20153219065437483
2021-01-15 19:50:00,0.3504011576011158,-0.09407912902844073,-0.32700397319434105,-0.3669376718443136,0.4869095810812579,0.00011135857461024499,0.5,-0.5494029963748528,0.6317746482110992,0.4387632985215883,0.1599253751008936,0.6925864079288672,0.20139193083573487
2021-01-15 20:00:00,0.3501947280334728,-0.09416591061496593,-0.3267816232315712,-0.36666720228530614,0.4869928151705906,0.00011135857461024499,0.5,-0.5748056432093277,0.6422859310301235,0.4599257858385908,0.08263286181567485,0.7315643689671489,0.20125170119347588
2021-01-15 20:10:00,0.34998826359832635,-0.09425269220149113,-0.32655927624720793,-0.36639675058025345,0.48707607543416526,0.00011135857461024499,0.5,-0.5748056432093277,0.6422859310301235,0.4599257858385908,0.08263286181567485,0.7315643689671489,0.20111147155121686
2021-01-15 20:20:00,0.3497818340306834,-0.09433947378801633,-0.3263369292628444,-0.3661262631672916,0.4871593095234979,0.00011135857461024499,0.5,-0.5748056432093277,0.6422859310301235,0.4599257858385908,0.08263286181567485,0.7315643689671489,0.20097124190895788
2021-01-15 20:30:00,0.34957538354253836,-0.09442625537454152,-0.3261145793000746,-0.3658558114622388,0.48724254361283065,0.00011135857461024499,0.5,-0.5748056432093277,0.6422859310301235,0.4599257858385908,0.08263286181567485,0.7315643689671489,0.2008309820903179
2021-01-15 20:40:00,0.349368940027894,-0.09451303696106672,-0.32589222933730466,-0.3655853597571862,0.4873257777021633,0.00011135857461024499,0.5,-0.5748056432093277,0.6422859310301235,0.4599257858385908,0.08263286181567485,0.7315643689671489,0.2006907524480589
2021-01-15 20:50:00,0.3491625104602511,-0.09459981854759181,-0.32566988235294125,-0.3653149080521335,0.487409011791496,0.00011135857461024499,0.5,-0.5748056432093277,0.6422859310301235,0.4599257858385908,0.08263286181567485,0.7315643689671489,0.2005505228057999
2021-01-15 21:00:00,0.34895605299860527,-0.094686600134117,-0.32544753536857796,-0.3650444563470807,0.4874922458808287,0.00011135857461024499,0.5,-0.5618737832376044,0.6556994543213239,0.4594826972907558,0.1211427649499382,0.05689850614904843,0.2004102931635409
2021-01-15 21:10:00,0.34874961645746166,-0.0947733817206422,-0.3252251973194342,-0.36477396893411895,0.4875755061444033,0.00011135857461024499,0.5,-0.5618737832376044,0.6556994543213239,0.4594826972907558,0.1211427649499382,0.05689850614904843,0.20027003334490096
2021-01-15 21:20:00,0.3485431659693166,-0.0948601633071674,-0.32500284139985125,-0.36450351722906627,0.48765874023373595,0.00011135857461024499,0.5,-0.5618737832376044,0.6556994543213239,0.4594826972907558,0.1211427649499382,0.05689850614904843,0.20012980370264194
2021-01-15 21:30:00,0.3483367294281729,-0.09494694489369271,-0.3247804914370812,-0.36423306552401347,0.4877419743230687,0.00011135857461024499,0.5,-0.5618737832376044,0.6556994543213239,0.4594826972907558,0.1211427649499382,0.05689850614904843,0.19998957406038295
2021-01-15 21:40:00,0.34813029986053,-0.0950337264802179,-0.3245581444527179,-0.3639626138189609,0.4878252214995223,0.00011135857461024499,0.5,-0.5618737832376044,0.6556994543213239,0.4594826972907558,0.1211427649499382,0.05689850614904843,0.199849314241743
2021-01-15 21:50:00,0.3479238493723849,-0.0951205080667431,-0.324335794489948,-0.3636921621139083,0.48790845558885504,0.00011135857461024499,0.5,-0.5618737832376044,0.6556994543213239,0.4594826972907558,0.1211427649499382,0.05689850614904843,0.19970908459948397
2021-01-15 22:00:00,0.3477174058577406,-0.09520728965326808,-0.3241134475055846,-0.36342169255490075,0.4879916896781877,0.00011135857461024499,0.5,-0.6302146304661128,0.6625527647432382,0.5254054976712489,0.29979006313373024,0.12970452252217582,0.19956885495722498
2021-01-15 22:10:00,0.34751094839609487,-0.0952940712397935,-0.32389109754281475,-0.36315118728798423,0.4880749368546414,0.00011135857461024499,0.5,-0.6302146304661128,0.6625527647432382,0.5254054976712489,0.29979006313373024,0.12970452252217582,0.19942862531496597
2021-01-15 22:20:00,0.3473045118549512,-0.09538085282631859,-0.3236687475800448,-0.36288073558293155,0.488158170943974,0.00011135857461024499,0.5,-0.6302146304661128,0.6625527647432382,0.5254054976712489,0.29979006313373024,0.12970452252217582,0.19928836549632603
2021-01-15 22:30:00,0.3470980822873082,-0.09546763441284378,-0.32344640357408805,-0.36261028387787897,0.4882414181204277,0.00011135857461024499,0.5,-0.6302146304661128,0.6625527647432382,0.5254054976712489,0.29979006313373024,0.12970452252217582,0.19914813585406702
2021-01-15 22:40:00,0.3468916317991632,-0.09555441599936898,-0.3232240506329115,-0.3623398321728263,0.4883246522097604,0.00011135857461024499,0.5,-0.6302146304661128,0.6625527647432382,0.5254054976712489,0.29979006313373024,0.12970452252217582,0.199007906211808
2021-01-15 22:50:00,0.34668518828451883,-0.09564119758589418,-0.3230016976917349,-0.3620693804677736,0.4884078862990931,0.00011135857461024499,0.5,-0.6302146304661128,0.6625527647432382,0.5254054976712489,0.29979006313373024,0.12970452252217582,0.19886765393726333
2021-01-15 23:00:00,0.3464787308228731,-0.09572797917241938,-0.3227793596425914,-0.3617988930548116,0.48849113347554673,0.00011135857461024499,0.5,-0.690638588257111,0.676118583821592,0.5518656450013614,0.49108984040700976,0.16154399625285748,0.19872741675090905
2021-01-15 23:10:00,0.3462722942817294,-0.09581476075894457,-0.3225570037230082,-0.36152844134975903,0.48857436756487943,0.00011135857461024499,0.5,-0.690638588257111,0.676118583821592,0.5518656450013614,0.49108984040700976,0.16154399625285748,0.19858718710865006
2021-01-15 23:20:00,0.3460658647140865,-0.09590154234546977,-0.3223346537602384,-0.36125798964470635,0.48865760165421207,0.00011135857461024499,0.5,-0.690638588257111,0.676118583821592,0.5518656450013614,0.49108984040700976,0.16154399625285748,0.19844695746639104
2021-01-15 23:30:00,0.3458594142259414,-0.09598832393199486,-0.322112306775875,-0.36098753793965355,0.48874086191778665,0.00011135857461024499,0.5,-0.690638588257111,0.676118583821592,0.5518656450013614,0.49108984040700976,0.16154399625285748,0.19830669764775108
2021-01-15 23:40:00,0.3456529707112971,-0.09607510551852005,-0.32188995681310506,-0.36071708623460097,0.48882408291999846,0.00011135857461024499,0.5,-0.690638588257111,0.676118583821592,0.5518656450013614,0.49108984040700976,0.16154399625285748,0.1981664680054921
2021-01-15 23:50:00,0.3454465132496513,-0.09616188710504525,-0.32166760982874176,-0.3604465988216389,0.48890731700933115,0.00011135857461024499,0.5,-0.690638588257111,0.676118583821592,0.5518656450013614,0.49108984040700976,0.16154399625285748,0.19802623836323308
2021-01-16 00:00:00,0.3452400767085077,-0.09624866869157045,-0.32144525986597183,-0.3601761471165863,0.4889905772729058,0.00011135857461024499,0.5,-0.700716391008941,0.6835465953271052,0.4923744765271496,0.5697652361107811,0.17894716751382245,0.1978859936327836
2021-01-16 00:10:00,0.3450336471408647,-0.09633545027809565,-0.3212229128816084,-0.3599056954115337,0.4890738113622384,0.00011135857461024499,0.5,-0.700716391008941,0.6835465953271052,0.4923744765271496,0.5697652361107811,0.17894716751382245,0.19774574890233412
2021-01-16 00:20:00,0.3448271966527197,-0.09642223186462084,-0.321000565897245,-0.3596352258525263,0.4891570323644501,0.00011135857461024499,0.5,-0.700716391008941,0.6835465953271052,0.4923744765271496,0.5697652361107811,0.17894716751382245,0.19760551926007514
2021-01-16 00:30:00,0.34462075313807533,-0.09650901345114604,-0.3207782129560687,-0.35936475629351905,0.4892402926280247,0.00011135857461024499,0.5,-0.700716391008941,0.6835465953271052,0.4923744765271496,0.5697652361107811,0.17894716751382245,0.19746528961781612
2021-01-16 00:40:00,0.3444142956764296,-0.09659579503767113,-0.3205558600148921,-0.35909430458846636,0.4893235267173575,0.00011135857461024499,0.5,-0.700716391008941,0.6835465953271052,0.4923744765271496,0.5697652361107811,0.17894716751382245,0.19732503734327142
2021-01-16 00:50:00,0.3442078591352859,-0.09668257662419633,-0.3203335219657484,-0.3588238171755044,0.4894067608066901,0.00011135857461024499,0.5,-0.700716391008941,0.6835465953271052,0.4923744765271496,0.5697652361107811,0.17894716751382245,0.1971848001569172
2021-01-16 01:00:00,0.34400142956764296,-0.09676935821072152,-0.32011118391660465,-0.3585533654704517,0.48949000798314385,0.00011135857461024499,0.5,-0.7518412406281988,0.6935550146979804,0.5354910249206238,0.5564165422639198,0.17941454137266893,0.19704457051465815
2021-01-16 01:10:00,0.3437949790794979,-0.09685613979724672,-0.3198888339538347,-0.358282913765399,0.48957322898535555,0.00011135857461024499,0.5,-0.7518412406281988,0.6935550146979804,0.5354910249206238,0.5564165422639198,0.17941454137266893,0.19690434087239916
2021-01-16 01:20:00,0.34358854253835425,-0.09694292138377192,-0.31966647803425174,-0.3580124620603463,0.48965646307468813,0.00011135857461024499,0.5,-0.7518412406281988,0.6935550146979804,0.5354910249206238,0.5564165422639198,0.17941454137266893,0.19676408105375925
2021-01-16 01:30:00,0.3433820781032078,-0.09702970297029712,-0.319444139985108,-0.3577420103552936,0.48973972333826277,0.00011135857461024499,0.5,-0.7518412406281988,0.6935550146979804,0.5354910249206238,0.5564165422639198,0.17941454137266893,0.19662385141150024
2021-01-16 01:40:00,0.34317566248256626,-0.09711648455682231,-0.31922178704393156,-0.35747152294233175,0.4898229574275956,0.00011135857461024499,0.5,-0.7518412406281988,0.6935550146979804,0.5354910249206238,0.5564165422639198,0.17941454137266893,0.19648362176924125
2021-01-16 01:50:00,0.34296921896792193,-0.09720326614334751,-0.3189994341027552,-0.35720107123727896,0.4899062046040491,0.00011135857461024499,0.5,-0.7518412406281988,0.6935550146979804,0.5354910249206238,0.5564165422639198,0.17941454137266893,0.19634337703879176
2021-01-16 02:00:00,0.34276276150627616,-0.09729004772987271,-0.31877709009679833,-0.3569306195322264,0.4899894386933819,0.00011135857461024499,0.5,-0.7579432884078336,0.6993393811044046,0.5614052374486673,0.5371776607379687,0.17546959240889837,0.19620313230834227
2021-01-16 02:10:00,0.3425563249651325,-0.0973768293163978,-0.3185547401340284,-0.3566601678271738,0.4900726727827145,0.00011135857461024499,0.5,-0.7579432884078336,0.6993393811044046,0.5614052374486673,0.5371776607379687,0.17546959240889837,0.19606290266608328
2021-01-16 02:20:00,0.342349860529986,-0.09746361090292299,-0.3183323901712585,-0.356389716122121,0.4901559199591682,0.00011135857461024499,0.5,-0.7579432884078336,0.6993393811044046,0.5614052374486673,0.5371776607379687,0.17546959240889837,0.19592267302382427
2021-01-16 02:30:00,0.34214344490934445,-0.09755039248944819,-0.3181100431868952,-0.3561192644170683,0.4902391540485008,0.00011135857461024499,0.5,-0.7579432884078336,0.6993393811044046,0.5614052374486673,0.5371776607379687,0.17546959240889837,0.19578242074927954
2021-01-16 02:40:00,0.3419370013947001,-0.09763717407597339,-0.31788769322412525,-0.3558487591501517,0.49032238813783363,0.00011135857461024499,0.5,-0.7579432884078336,0.6993393811044046,0.5614052374486673,0.5371776607379687,0.17546959240889837,0.19564218356292531
2021-01-16 02:50:00,0.3417305439330544,-0.09772395566249859,-0.31766534623976184,-0.35557828959114446,0.49040563531428716,0.00011135857461024499,0.5,-0.7579432884078336,0.6993393811044046,0.5614052374486673,0.5371776607379687,0.17546959240889837,0.19550195392066633
2021-01-16 03:00:00,0.34152410739191075,-0.09781073724902378,-0.3174429962769919,-0.3553078378860919,0.4904888694036199,0.00011135857461024499,0.5,-0.7622742537829909,0.7183849750148716,0.533934761995887,0.5299702359674778,0.17096804936667423,0.19536170164612157
2021-01-16 03:10:00,0.3413176429567643,-0.09789751883554898,-0.31722064035740893,-0.3550373861810391,0.49057210349295255,0.00011135857461024499,0.5,-0.7622742537829909,0.7183849750148716,0.533934761995887,0.5299702359674778,0.17096804936667423,0.19522146445976735
2021-01-16 03:20:00,0.34111122733612276,-0.09798430042207407,-0.3169983023082652,-0.3547669344759864,0.4906553637565272,0.00011135857461024499,0.5,-0.7622742537829909,0.7183849750148716,0.533934761995887,0.5299702359674778,0.17096804936667423,0.19508123481750836
2021-01-16 03:30:00,0.3409047838214784,-0.09807108200859926,-0.31677594936708864,-0.3544964470630244,0.4907385847587389,0.00011135857461024499,0.5,-0.7622742537829909,0.7183849750148716,0.533934761995887,0.5299702359674778,0.17096804936667423,0.19494100517524934
2021-01-16 03:40:00,0.34069832635983266,-0.09815786359512446,-0.3165535964259122,-0.3542259953579717,0.49082181884807163,0.00011135857461024499,0.5,-0.7622742537829909,0.7183849750148716,0.533934761995887,0.5299702359674778,0.17096804936667423,0.19480076044479988
2021-01-16 03:50:00,0.34049188981868894,-0.09824464518164966,-0.31633125837676856,-0.35395554365291904,0.4909050791116462,0.00011135857461024499,0.5,-0.7622742537829909,0.7183849750148716,0.533934761995887,0.5299702359674778,0.17096804936667423,0.1946605157143504
2021-01-16 04:00:00,0.3402854253835425,-0.09833142676817486,-0.3161089024571855,-0.35368509194786646,0.4909883132009789,0.00011135857461024499,0.5,-0.7812450574890527,0.7270457203447068,0.5391507537134028,0.5268551342014184,0.17195765205307592,0.1945202860720914
2021-01-16 04:10:00,0.34007900976290095,-0.09841820835470017,-0.31588655249441555,-0.35341464024281377,0.4910715342031906,0.00011135857461024499,0.5,-0.7812450574890527,0.7270457203447068,0.5391507537134028,0.5268551342014184,0.17195765205307592,0.19438002625345144
2021-01-16 04:20:00,0.3398725662482566,-0.09850498994122536,-0.31566420551005225,-0.353144188537761,0.49115479446676524,0.00011135857461024499,0.5,-0.7812450574890527,0.7270457203447068,0.5391507537134028,0.5268551342014184,0.17195765205307592,0.19423980415528766
2021-01-16 04:30:00,0.33966610878661085,-0.09859177152775056,-0.3154418555472823,-0.3528737011247992,0.49123802855609794,0.00011135857461024499,0.5,-0.7812450574890527,0.7270457203447068,0.5391507537134028,0.5268551342014184,0.17195765205307592,0.19409956696893343
2021-01-16 04:40:00,0.33945967224546725,-0.09867855311427576,-0.315219508562919,-0.3526032494197465,0.49132126264543063,0.00011135857461024499,0.5,-0.7812450574890527,0.7270457203447068,0.5391507537134028,0.5268551342014184,0.17195765205307592,0.19395933732667442
2021-01-16 04:50:00,0.3392532078103208,-0.09876533470080073,-0.3149971586001491,-0.3523327977146937,0.49140450982188427,0.00011135857461024499,0.5,-0.7812450574890527,0.7270457203447068,0.5391507537134028,0.5268551342014184,0.17195765205307592,0.1938190850521297
2021-01-16 05:00:00,0.33904679218967926,-0.09885211628732604,-0.3147748026805659,-0.35206231030173185,0.49148774391121697,0.00011135857461024499,0.5,-0.7914907930464146,0.7459332714571832,0.5402554315440241,0.5288721390888339,0.169487869406687,0.19367884786577547
2021-01-16 05:10:00,0.3388403486750349,-0.09893889787385124,-0.3145524646314223,-0.35179185859667905,0.49157099108767066,0.00011135857461024499,0.5,-0.7914907930464146,0.7459332714571832,0.5402554315440241,0.5288721390888339,0.169487869406687,0.19353861822351645
2021-01-16 05:20:00,0.33863389121338916,-0.09902567946037644,-0.31433011169024583,-0.3515213711837173,0.4916542251770033,0.00011135857461024499,0.5,-0.7914907930464146,0.7459332714571832,0.5402554315440241,0.5288721390888339,0.169487869406687,0.19339838858125746
2021-01-16 05:30:00,0.33842746164574616,-0.09911246104690163,-0.3141077587490694,-0.3512509194786645,0.491737459266336,0.00011135857461024499,0.5,-0.7914907930464146,0.7459332714571832,0.5402554315440241,0.5288721390888339,0.169487869406687,0.19325814385080797
2021-01-16 05:40:00,0.338220990237099,-0.09919924263342683,-0.31388542069992564,-0.3509804677736118,0.49182070644278963,0.00011135857461024499,0.5,-0.7914907930464146,0.7459332714571832,0.5402554315440241,0.5288721390888339,0.169487869406687,0.1931178991203585
2021-01-16 05:50:00,0.33801457461645745,-0.09928602421995203,-0.31366306478034267,-0.3507100160685592,0.49190394053212233,0.00011135857461024499,0.5,-0.7914907930464146,0.7459332714571832,0.5402554315440241,0.5288721390888339,0.169487869406687,0.19297765438990902
2021-01-16 06:00:00,0.3378081380753138,-0.09937280580647712,-0.31344072970960546,-0.35043956436350654,0.491987174621455,0.00011135857461024499,0.5,-0.8303845644570134,0.7653926501478422,0.5006687542807693,0.5413395708630563,0.16277233146655595,0.19283742474765003
2021-01-16 06:10:00,0.33760167364016735,-0.09945958739300231,-0.313218376768429,-0.35016907695054456,0.4920704217979087,0.00011135857461024499,0.5,-0.8303845644570134,0.7653926501478422,0.5006687542807693,0.5413395708630563,0.16277233146655595,0.19269718756129578
2021-01-16 06:20:00,0.3373952580195258,-0.09954636897952751,-0.3129960387192853,-0.34989862524549187,0.49215365588724136,0.00011135857461024499,0.5,-0.8303845644570134,0.7653926501478422,0.5006687542807693,0.5413395708630563,0.16277233146655595,0.19255695037494153
2021-01-16 06:30:00,0.33718877266387726,-0.09963315056605271,-0.3127736827997023,-0.3496281735404392,0.49223688997657405,0.00011135857461024499,0.5,-0.8303845644570134,0.7653926501478422,0.5006687542807693,0.5413395708630563,0.16277233146655595,0.1924167131885873
2021-01-16 06:40:00,0.3369823570432357,-0.0997199321525779,-0.31255133283693237,-0.3493577218353865,0.4923201502401487,0.00011135857461024499,0.5,-0.8303845644570134,0.7653926501478422,0.5006687542807693,0.5413395708630563,0.16277233146655595,0.19227647600223305
2021-01-16 06:50:00,0.33677592050209204,-0.0998067137391031,-0.31232898585256896,-0.3490872701303338,0.4924033712423604,0.00011135857461024499,0.5,-0.8303845644570134,0.7653926501478422,0.5006687542807693,0.5413395708630563,0.16277233146655595,0.19213623881587882
2021-01-16 07:00:00,0.33656945606694566,-0.0998934953256283,-0.31210663886820567,-0.3488168184252812,0.4924866053316931,0.00011135857461024499,0.5,-0.8352875686698421,0.7984207214222713,0.5148767550599153,0.5149129464117059,0.15672960585782586,0.19199599408542933
2021-01-16 07:10:00,0.33636304044630405,-0.0999802769121535,-0.3118842889054356,-0.34854633101231913,0.4925698655952677,0.00011135857461024499,0.5,-0.8352875686698421,0.7984207214222713,0.5148767550599153,0.5149129464117059,0.15672960585782586,0.19185575689907508
2021-01-16 07:20:00,0.3361565550906555,-0.1000670584986787,-0.3116619389426657,-0.34827584359935726,0.49265309968460036,0.00011135857461024499,0.5,-0.8352875686698421,0.7984207214222713,0.5148767550599153,0.5149129464117059,0.15672960585782586,0.19171551971272086
2021-01-16 07:30:00,0.33595013947001395,-0.10015384008520378,-0.3114395919583024,-0.34800539189430446,0.4927363206868121,0.00011135857461024499,0.5,-0.8352875686698421,0.7984207214222713,0.5148767550599153,0.5149129464117059,0.15672960585782586,0.1915752825263666
2021-01-16 07:40:00,0.3357437029288703,-0.10024062167172898,-0.311217244973939,-0.3477349401892519,0.49281958095038675,0.00011135857461024499,0.5,-0.8352875686698421,0.7984207214222713,0.5148767550599153,0.5149129464117059,0.15672960585782586,0.19143503779591714
2021-01-16 07:50:00,0.33553723849372386,-0.10032740325825418,-0.31099489203276254,-0.3474644884841993,0.49290281503971944,0.00011135857461024499,0.5,-0.8352875686698421,0.7984207214222713,0.5148767550599153,0.5149129464117059,0.15672960585782586,0.19129480815365812
2021-01-16 08:00:00,0.3353308228730823,-0.10041418484477938,-0.3107725390915862,-0.3471940010712372,0.4929860491290521,0.00011135857461024499,0.5,-0.8399636051087596,0.8212162399032219,0.5349578983450377,0.48874535023032106,0.1499471291338784,0.1911545709673039
2021-01-16 08:10:00,0.33512433751743376,-0.10050096643130457,-0.31055020104244235,-0.34692354936618464,0.4930692963055058,0.00011135857461024499,0.5,-0.8399636051087596,0.8212162399032219,0.5349578983450377,0.48874535023032106,0.1499471291338784,0.19101433378094965
2021-01-16 08:20:00,0.3349179218967922,-0.10058774801782977,-0.3103278481012659,-0.34665309766113195,0.49315253039483836,0.00011135857461024499,0.5,-0.8399636051087596,0.8212162399032219,0.5349578983450377,0.48874535023032106,0.1499471291338784,0.19087409659459542
2021-01-16 08:30:00,0.3347114853556485,-0.10067452960435497,-0.31010549516008945,-0.34638264595607926,0.4932357775712921,0.00011135857461024499,0.5,-0.8399636051087596,0.8212162399032219,0.5349578983450377,0.48874535023032106,0.1499471291338784,0.19073385186414593
2021-01-16 08:40:00,0.33450502092050205,-0.10076131119088005,-0.30988314817572615,-0.3461121942510266,0.4933190116606248,0.00011135857461024499,0.5,-0.8399636051087596,0.8212162399032219,0.5349578983450377,0.48874535023032106,0.1499471291338784,0.19059362222188692
2021-01-16 08:50:00,0.3342986052998605,-0.10084809277740525,-0.30966080119136274,-0.3458417425459739,0.4934022457499575,0.00011135857461024499,0.5,-0.8399636051087596,0.8212162399032219,0.5349578983450377,0.48874535023032106,0.1499471291338784,0.19045337749143748
2021-01-16 09:00:00,0.33409211994421195,-0.10093487436393045,-0.3094384512285928,-0.3455712551330119,0.49348549292641114,0.00011135857461024499,0.5,-0.8405438488064431,0.851870795702385,0.5447322237351148,0.4541624950384234,0.14277416014705588,0.19031314030508323
2021-01-16 09:10:00,0.33388570432357045,-0.10102165595045565,-0.3092161012658229,-0.3453008034279592,0.49356872701574384,0.00011135857461024499,0.5,-0.8405438488064431,0.851870795702385,0.5447322237351148,0.4541624950384234,0.14277416014705588,0.19017290311872898
2021-01-16 09:20:00,0.3336792677824268,-0.10110843753698084,-0.3089937542814595,-0.34503035172290664,0.49365196110507653,0.00011135857461024499,0.5,-0.8405438488064431,0.851870795702385,0.5447322237351148,0.4541624950384234,0.14277416014705588,0.19003266593237475
2021-01-16 09:30:00,0.33347280334728036,-0.10119521912350604,-0.3087714072970962,-0.3447598821638992,0.49373520828153017,0.00011135857461024499,0.5,-0.8405438488064431,0.851870795702385,0.5447322237351148,0.4541624950384234,0.14277416014705588,0.18989242120192526
2021-01-16 09:40:00,0.3332663877266388,-0.10128200071003124,-0.3085490543559196,-0.34448941260489196,0.49381844237086286,0.00011135857461024499,0.5,-0.8405438488064431,0.851870795702385,0.5447322237351148,0.4541624950384234,0.14277416014705588,0.18975219155966627
2021-01-16 09:50:00,0.33305990237099026,-0.10136878229655644,-0.30832670141474317,-0.34421892519192987,0.49390167646019556,0.00011135857461024499,0.5,-0.8405438488064431,0.851870795702385,0.5447322237351148,0.4541624950384234,0.14277416014705588,0.18961195437331202
2021-01-16 10:00:00,0.3328534867503487,-0.10145556388308175,-0.30810436336559954,-0.3439484734868773,0.4939849367237702,0.00011135857461024499,0.5,-0.7201085776474933,0.8824477668552652,0.4108487200079843,0.38443817103748934,0.14725371879854537,0.18947170964286253
2021-01-16 10:10:00,0.33264702231520227,-0.10154234546960672,-0.3078820104244231,-0.3436780217818247,0.4940681577259819,0.00011135857461024499,0.5,-0.7201085776474933,0.8824477668552652,0.4108487200079843,0.38443817103748934,0.14725371879854537,0.18933148000060354
2021-01-16 10:20:00,0.33244058577405855,-0.10162912705613192,-0.30765965748324653,-0.3434075700767719,0.4941513918153146,0.00011135857461024499,0.5,-0.7201085776474933,0.8824477668552652,0.4108487200079843,0.38443817103748934,0.14725371879854537,0.18919123527015405
2021-01-16 10:30:00,0.332234170153417,-0.10171590864265712,-0.3074373104988831,-0.34313711837171923,0.4942346520788891,0.00011135857461024499,0.5,-0.7201085776474933,0.8824477668552652,0.4108487200079843,0.38443817103748934,0.14725371879854537,0.18905100562789506
2021-01-16 10:40:00,0.33202768479776845,-0.10180269022918231,-0.3072149635145198,-0.34286666666666665,0.49431787308110087,0.00011135857461024499,0.5,-0.7201085776474933,0.8824477668552652,0.4108487200079843,0.38443817103748934,0.14725371879854537,0.18891076089744557
2021-01-16 10:50:00,0.3318212691771269,-0.10188947181570762,-0.30699261355175,-0.34259617925370467,0.4944011071704336,0.00011135857461024499,0.5,-0.7201085776474933,0.8824477668552652,0.4108487200079843,0.38443817103748934,0.14725371879854537,0.18877053125518659
2021-01-16 11:00:00,0.33161480474198046,-0.10197625340223282,-0.3067702635889801,-0.342325727548652,0.49448436743400825,0.00011135857461024499,0.5,-0.6708494665006572,0.91058225840285,0.37036343786494724,0.3079849885444619,0.18274772368170097,0.1886302865247371
2021-01-16 11:10:00,0.3314083682008368,-0.10206303498875802,-0.3065479374534624,-0.3420552758435993,0.49456760152334084,0.00011135857461024499,0.5,-0.6708494665006572,0.91058225840285,0.37036343786494724,0.3079849885444619,0.18274772368170097,0.18849004933838284
2021-01-16 11:20:00,0.3312019525801953,-0.10214981657528299,-0.30632558153387945,-0.3417848241385467,0.4946508225255526,0.00011135857461024499,0.5,-0.6708494665006572,0.91058225840285,0.37036343786494724,0.3079849885444619,0.18274772368170097,0.18834980460793338
2021-01-16 11:30:00,0.33099546722454676,-0.10223659816180819,-0.3061032315711095,-0.34151437243349403,0.49473408278912717,0.00011135857461024499,0.5,-0.6708494665006572,0.91058225840285,0.37036343786494724,0.3079849885444619,0.18274772368170097,0.18820956742157913
2021-01-16 11:40:00,0.3307890516039052,-0.1023233797483335,-0.3058808845867461,-0.34124388502053205,0.49481731687846,0.00011135857461024499,0.5,-0.6708494665006572,0.91058225840285,0.37036343786494724,0.3079849885444619,0.18274772368170097,0.18806933777932014
2021-01-16 11:50:00,0.33058258716875877,-0.1024101613348587,-0.3056585346239763,-0.3409734154615247,0.49490055096779256,0.00011135857461024499,0.5,-0.6708494665006572,0.91058225840285,0.37036343786494724,0.3079849885444619,0.18274772368170097,0.18792909304887065
2021-01-16 12:00:00,0.33037615062761505,-0.1024969429213839,-0.3054361876396129,-0.3407029459025174,0.49498379814424626,0.00011135857461024499,0.5,-0.654207508914447,0.9311967862715439,0.3643496584959059,0.2861746111236772,0.2618961427221478,0.18778886340661166
2021-01-16 12:10:00,0.3301697350069735,-0.10258372450790909,-0.30521383767684296,-0.3404324941974648,0.4950670322335789,0.00011135857461024499,0.5,-0.654207508914447,0.9311967862715439,0.3643496584959059,0.2861746111236772,0.2618961427221478,0.18764861867616217
2021-01-16 12:20:00,0.3299632635983264,-0.10267050609443429,-0.30499148175726,-0.3401620424924121,0.4951502794100326,0.00011135857461024499,0.5,-0.654207508914447,0.9311967862715439,0.3643496584959059,0.2861746111236772,0.2618961427221478,0.18750838903390316
2021-01-16 12:30:00,0.3297568340306834,-0.10275728768095949,-0.30476914370811625,-0.3398915550794501,0.49523351349936523,0.00011135857461024499,0.5,-0.654207508914447,0.9311967862715439,0.3643496584959059,0.2861746111236772,0.2618961427221478,0.1873681443034537
2021-01-16 12:40:00,0.3295503765690377,-0.10284406926748468,-0.3045467907669398,-0.33962110337439744,0.495316747588698,0.00011135857461024499,0.5,-0.654207508914447,0.9311967862715439,0.3643496584959059,0.2861746111236772,0.2618961427221478,0.1872278995730042
2021-01-16 12:50:00,0.3293439330543933,-0.10293085085400977,-0.30432443782576335,-0.33935065166934464,0.49540000785227256,0.00011135857461024499,0.5,-0.654207508914447,0.9311967862715439,0.3643496584959059,0.2861746111236772,0.2618961427221478,0.18708766993074522
2021-01-16 13:00:00,0.32913751743375175,-0.10301763244053497,-0.3041020997766196,-0.33908019996429206,0.4954832288544843,0.00011135857461024499,0.5,-0.5116029061213926,0.9326708945509722,0.26563196486944424,0.173073851151983,0.288177118744879,0.18694742520029572
2021-01-16 13:10:00,0.3289310529986053,-0.10310441402706017,-0.30387974385703664,-0.3388097482592395,0.49556646294381695,0.00011135857461024499,0.5,-0.5116029061213926,0.9326708945509722,0.26563196486944424,0.173073851151983,0.288177118744879,0.18680718801394147
2021-01-16 13:20:00,0.3287246164574617,-0.10319119561358536,-0.3036573938942666,-0.3385392965541867,0.49564971012027065,0.00011135857461024499,0.5,-0.5116029061213926,0.9326708945509722,0.26563196486944424,0.173073851151983,0.288177118744879,0.18666695082758725
2021-01-16 13:30:00,0.3285181589958159,-0.10327797720011056,-0.3034350469099033,-0.3382688091412248,0.4957329442096033,0.00011135857461024499,0.5,-0.5116029061213926,0.9326708945509722,0.26563196486944424,0.173073851151983,0.288177118744879,0.18652672118532823
2021-01-16 13:40:00,0.32831171548117155,-0.10336475878663576,-0.3032126969471334,-0.3379983574361721,0.49581617829893604,0.00011135857461024499,0.5,-0.5116029061213926,0.9326708945509722,0.26563196486944424,0.173073851151983,0.288177118744879,0.18638647645487877
2021-01-16 13:50:00,0.32810529986053,-0.10345154037316096,-0.30299034996276997,-0.33772790573111944,0.4958994385625107,0.00011135857461024499,0.5,-0.5116029061213926,0.9326708945509722,0.26563196486944424,0.173073851151983,0.288177118744879,0.18624624681261975
2021-01-16 14:00:00,0.3278988354253835,-0.10353832195968604,-0.30276800000000004,-0.33745745402606675,0.4959826595647224,0.00011135857461024499,0.5,-0.5148936553418475,0.932866292919398,0.2941901250602843,0.017373628817452906,0.6606128232181605,0.1861060020821703
2021-01-16 14:10:00,0.3276923988842399,-0.10362510354621124,-0.3025456440804172,-0.33718696661310477,0.496065893654055,0.00011135857461024499,0.5,-0.5148936553418475,0.932866292919398,0.2941901250602843,0.017373628817452906,0.6606128232181605,0.18596575735172083
2021-01-16 14:20:00,0.3274859414225942,-0.10371188513273644,-0.30232330603127333,-0.3369164792001428,0.49614915391762965,0.00011135857461024499,0.5,-0.5148936553418475,0.932866292919398,0.2941901250602843,0.017373628817452906,0.6606128232181605,0.1858255277094618
2021-01-16 14:30:00,0.3272794979079498,-0.10379866671926163,-0.3021009530900969,-0.3366460274950902,0.49623238800696234,0.00011135857461024499,0.5,-0.5148936553418475,0.932866292919398,0.2941901250602843,0.017373628817452906,0.6606128232181605,0.18568528297901235
2021-01-16 14:40:00,0.32707308228730825,-0.10388544830578683,-0.30187860014892043,-0.3363755757900375,0.4963156090091741,0.00011135857461024499,0.5,-0.5148936553418475,0.932866292919398,0.2941901250602843,0.017373628817452906,0.6606128232181605,0.18554505333675334
2021-01-16 14:50:00,0.3268666178521618,-0.10397222989231203,-0.3016562620997768,-0.3361051240849847,0.49639886927274873,0.00011135857461024499,0.5,-0.5148936553418475,0.932866292919398,0.2941901250602843,0.017373628817452906,0.6606128232181605,0.18540480860630384
2021-01-16 15:00:00,0.32666018131101815,-0.10405901147883723,-0.3014339061801937,-0.33583467237993214,0.4964821033620814,0.00011135857461024499,0.5,-0.5107499342110311,0.9283951184889992,0.3084238691065197,0.2184595349945002,0.7455832130959182,0.18526457141994962
2021-01-16 15:10:00,0.3264537238493724,-0.10414579306536242,-0.3012115562174238,-0.33556422067487957,0.49656533745141407,0.00011135857461024499,0.5,-0.5107499342110311,0.9283951184889992,0.3084238691065197,0.2184595349945002,0.7455832130959182,0.18512433423359537
2021-01-16 15:20:00,0.326247280334728,-0.10423257465188762,-0.3009892092330604,-0.33529373326191747,0.4966485846278677,0.00011135857461024499,0.5,-0.5107499342110311,0.9283951184889992,0.3084238691065197,0.2184595349945002,0.7455832130959182,0.18498410459133638
2021-01-16 15:30:00,0.32604086471408644,-0.10431935623841271,-0.30076685927029045,-0.3350232815568649,0.4967318187172004,0.00011135857461024499,0.5,-0.5107499342110311,0.9283951184889992,0.3084238691065197,0.2184595349945002,0.7455832130959182,0.1848438598608869
2021-01-16 15:40:00,0.32583440027894,-0.1044061378249379,-0.30054451228592716,-0.3347528298518121,0.49681506589365404,0.00011135857461024499,0.5,-0.5107499342110311,0.9283951184889992,0.3084238691065197,0.2184595349945002,0.7455832130959182,0.18470361513043743
2021-01-16 15:50:00,0.3256279637377964,-0.1044929194114631,-0.3003221623231572,-0.3344823781467594,0.4968982999829868,0.00011135857461024499,0.5,-0.5107499342110311,0.9283951184889992,0.3084238691065197,0.2184595349945002,0.7455832130959182,0.1845633854881784
2021-01-16 16:00:00,0.32542150627615063,-0.1045797009979883,-0.3000998123603872,-0.33421192644170683,0.49698153407231943,0.00011135857461024499,0.5,-0.4225649659815164,0.9354696888281003,0.26276330257964026,0.38016011361617297,0.7370814423665746,0.18442314075772892
2021-01-16 16:10:00,0.3252150627615063,-0.1046664825845135,-0.2998774802680567,-0.33394143902874485,0.4970647812487731,0.00011135857461024499,0.5,-0.4225649659815164,0.9354696888281003,0.26276330257964026,0.38016011361617297,0.7370814423665746,0.18428291111546993
2021-01-16 16:20:00,0.32500864714086475,-0.1047532641710387,-0.2996551303052868,-0.33367098732369216,0.49714801533810576,0.00011135857461024499,0.5,-0.4225649659815164,0.9354696888281003,0.26276330257964026,0.38016011361617297,0.7370814423665746,0.18414266638502044
2021-01-16 16:30:00,0.3248021827057183,-0.1048400457575639,-0.29943278034251686,-0.3334004999107302,0.49723124942743846,0.00011135857461024499,0.5,-0.4225649659815164,0.9354696888281003,0.26276330257964026,0.38016011361617297,0.7370814423665746,0.18400243674276145
2021-01-16 16:40:00,0.3245957461645746,-0.10492682734408898,-0.29921043335815345,-0.3331300482056775,0.4973144966038921,0.00011135857461024499,0.5,-0.4225649659815164,0.9354696888281003,0.26276330257964026,0.38016011361617297,0.7370814423665746,0.18386219201231196
2021-01-16 16:50:00,0.3243892956764296,-0.10501360893061418,-0.29898808637379015,-0.3328595965006248,0.49739773069322485,0.00011135857461024499,0.5,-0.4225649659815164,0.9354696888281003,0.26276330257964026,0.38016011361617297,0.7370814423665746,0.18372195482595774
2021-01-16 17:00:00,0.3241828661087866,-0.10510039051713937,-0.2987657364110202,-0.3325891447955722,0.4974809647825575,0.00011135857461024499,0.5,-0.41858314074703584,0.9506877735217967,0.2664790832150475,0.47721285582240197,0.73158158340893,0.1835817176396035
2021-01-16 17:10:00,0.32397642956764294,-0.10518717210366457,-0.29854338049143714,-0.3323186573826101,0.4975642250461321,0.00011135857461024499,0.5,-0.41858314074703584,0.9506877735217967,0.2664790832150475,0.47721285582240197,0.73158158340893,0.183441472909154
2021-01-16 17:20:00,0.32376997210599723,-0.10527395369018977,-0.2983210424422934,-0.33204820567755755,0.4976474591354648,0.00011135857461024499,0.5,-0.41858314074703584,0.9506877735217967,0.2664790832150475,0.47721285582240197,0.73158158340893,0.183301243266895
2021-01-16 17:30:00,0.32356352859135284,-0.10536073527671508,-0.29809868950111695,-0.331777753972505,0.4977306932247975,0.00011135857461024499,0.5,-0.41858314074703584,0.9506877735217967,0.2664790832150475,0.47721285582240197,0.73158158340893,0.18316099853644552
2021-01-16 17:40:00,0.3233570781032078,-0.10544751686324028,-0.2978763365599405,-0.3315073022674522,0.4978139273141301,0.00011135857461024499,0.5,-0.41858314074703584,0.9506877735217967,0.2664790832150475,0.47721285582240197,0.73158158340893,0.18302076889418653
2021-01-16 17:50:00,0.32315064853556486,-0.10553429844976547,-0.2976539895755771,-0.3312368505623995,0.4978971614034629,0.00011135857461024499,0.5,-0.41858314074703584,0.9506877735217967,0.2664790832150475,0.47721285582240197,0.73158158340893,0.18288052416373704
2021-01-16 18:00:00,0.32294421199442125,-0.10562108003629067,-0.2974316425912138,-0.3309663631494375,0.49798039549279555,0.00011135857461024499,0.5,-0.5804730335268591,0.9614174427525912,0.3340665725959498,0.49399296228245865,0.7183707963089191,0.18274029452147805
2021-01-16 18:10:00,0.3227377545327754,-0.10570786162281576,-0.29720929262844387,-0.3306959114443848,0.4980636557563702,0.00011135857461024499,0.5,-0.5804730335268591,0.9614174427525912,0.3340665725959498,0.49399296228245865,0.7183707963089191,0.18260004979102856
2021-01-16 18:20:00,0.3225313110181311,-0.10579464320934096,-0.29698694564408057,-0.33042545973933224,0.4981468898457029,0.00011135857461024499,0.5,-0.5804730335268591,0.9614174427525912,0.3340665725959498,0.49399296228245865,0.7183707963089191,0.18245980506057907
2021-01-16 18:30:00,0.32232486052998605,-0.10588142479586615,-0.29676459568131064,-0.33015500803427966,0.49823011084791463,0.00011135857461024499,0.5,-0.5804730335268591,0.9614174427525912,0.3340665725959498,0.49399296228245865,0.7183707963089191,0.18231957541832008
2021-01-16 18:40:00,0.3221184309623431,-0.10596820638239135,-0.29654224869694723,-0.3298845384752722,0.4983133711114892,0.00011135857461024499,0.5,-0.5804730335268591,0.9614174427525912,0.3340665725959498,0.49399296228245865,0.7183707963089191,0.18217933823196583
2021-01-16 18:50:00,0.32191199442119944,-0.10605498796891655,-0.2963198987341773,-0.3296140332083556,0.4983966052008219,0.00011135857461024499,0.5,-0.5804730335268591,0.9614174427525912,0.3340665725959498,0.49399296228245865,0.7183707963089191,0.1820391010456116
2021-01-16 19:00:00,0.32170553695955373,-0.10614176955544175,-0.29609754281459433,-0.3293435815033029,0.4984798523772755,0.00011135857461024499,0.5,-0.5904337669346144,0.9719976897016447,0.3475073479273563,0.447264745159948,0.7154363001492086,0.18189885631516214
2021-01-16 19:10:00,0.32149909344490935,-0.10622855114196694,-0.2958752047654506,-0.3290731297982502,0.4985630864666082,0.00011135857461024499,0.5,-0.5904337669346144,0.9719976897016447,0.3475073479273563,0.447264745159948,0.7154363001492086,0.18175862667290313
2021-01-16 19:20:00,0.3212926429567643,-0.10631533272849203,-0.29565285182427414,-0.32880267809319763,0.49864632055594094,0.00011135857461024499,0.5,-0.5904337669346144,0.9719976897016447,0.3475073479273563,0.447264745159948,0.7154363001492086,0.18161838194245367
2021-01-16 19:30:00,0.32108621338912136,-0.10640211431501723,-0.2954304988830976,-0.32853222638814494,0.4987295677323945,0.00011135857461024499,0.5,-0.5904337669346144,0.9719976897016447,0.3475073479273563,0.447264745159948,0.7154363001492086,0.18147815230019462
2021-01-16 19:40:00,0.3208797768479777,-0.10648889590154242,-0.2952081548771408,-0.32826177468309214,0.4988128018217272,0.00011135857461024499,0.5,-0.5904337669346144,0.9719976897016447,0.3475073479273563,0.447264745159948,0.7154363001492086,0.1813379075697452
2021-01-16 19:50:00,0.3206733193863319,-0.10657567748806762,-0.2949858049143709,-0.3279912872701304,0.4988960359110599,0.00011135857461024499,0.5,-0.5904337669346144,0.9719976897016447,0.3475073479273563,0.447264745159948,0.7154363001492086,0.1811976628392957
2021-01-16 20:00:00,0.32046687587168754,-0.10666245907459282,-0.29476345495160095,-0.3277208355650777,0.49897928308751355,0.00011135857461024499,0.5,-0.6115441046246394,0.9751872807156202,0.3672236469789008,0.445656873124057,0.7381495802645962,0.18105743319703668
2021-01-16 20:10:00,0.32026042538354255,-0.10674924066111802,-0.29454110796723765,-0.3274503838600249,0.49906251717684624,0.00011135857461024499,0.5,-0.6115441046246394,0.9751872807156202,0.3672236469789008,0.445656873124057,0.7381495802645962,0.18091718846658722
2021-01-16 20:20:00,0.32005399581589955,-0.10683602224764321,-0.2943187580044676,-0.3271799321549723,0.49914575126617894,0.00011135857461024499,0.5,-0.6115441046246394,0.9751872807156202,0.3672236469789008,0.445656873124057,0.7381495802645962,0.1807769588243282
2021-01-16 20:30:00,0.31984755927475594,-0.10692280383416841,-0.2940964110201043,-0.32690948044991974,0.4992289984426326,0.00011135857461024499,0.5,-0.6115441046246394,0.9751872807156202,0.3672236469789008,0.445656873124057,0.7381495802645962,0.18063672163797398
2021-01-16 20:40:00,0.31964110878661084,-0.10700958542069361,-0.2938740610573345,-0.32663899303695765,0.49931223253196527,0.00011135857461024499,0.5,-0.6115441046246394,0.9751872807156202,0.3672236469789008,0.445656873124057,0.7381495802645962,0.18049648445161973
2021-01-16 20:50:00,0.31943467224546723,-0.1070963670072187,-0.2936517051377514,-0.32636854133190507,0.49939546662129797,0.00011135857461024499,0.5,-0.6115441046246394,0.9751872807156202,0.3672236469789008,0.445656873124057,0.7381495802645962,0.18035623972117024
2021-01-16 21:00:00,0.31922821478382146,-0.1071831485937439,-0.2934293670886078,-0.32609807177289774,0.4994787268848726,0.00011135857461024499,0.5,-0.6253197644071171,0.9649949569979935,0.37424737402823927,0.42892009927012037,0.7619634765008633,0.18021601007891125
2021-01-16 21:10:00,0.3190217852161785,-0.10726993018026909,-0.29320702903946405,-0.3258276022138904,0.4995619478870843,0.00011135857461024499,0.5,-0.6253197644071171,0.9649949569979935,0.37424737402823927,0.42892009927012037,0.7619634765008633,0.18007576534846176
2021-01-16 21:20:00,0.3188153417015342,-0.10735671176679429,-0.2929846790766941,-0.3255571505088377,0.499645181976417,0.00011135857461024499,0.5,-0.6253197644071171,0.9649949569979935,0.37424737402823927,0.42892009927012037,0.7619634765008633,0.1799355206180123
2021-01-16 21:30:00,0.31860889121338914,-0.10744349335331949,-0.2927623291139242,-0.325286698803785,0.4997284422399916,0.00011135857461024499,0.5,-0.6253197644071171,0.9649949569979935,0.37424737402823927,0.42892009927012037,0.7619634765008633,0.17979529097575328
2021-01-16 21:40:00,0.31840246164574615,-0.10753027493984468,-0.2925399851079674,-0.32501621139082304,0.49981167632932433,0.00011135857461024499,0.5,-0.6253197644071171,0.9649949569979935,0.37424737402823927,0.42892009927012037,0.7619634765008633,0.17965504624530382
2021-01-16 21:50:00,0.3181959972105997,-0.10761705652636988,-0.29231763216679085,-0.32474575968577035,0.49989491041865697,0.00011135857461024499,0.5,-0.6253197644071171,0.9649949569979935,0.37424737402823927,0.42892009927012037,0.7619634765008633,0.1795148166030448
2021-01-16 22:00:00,0.31798956764295677,-0.10770383811289497,-0.2920952792256144,-0.32447530798071766,0.49997815759511066,0.00011135857461024499,0.5,-0.6691486257026246,0.956161801343077,0.4310231984880713,0.4228519974754794,0.7879663091475257,0.1793745718725953
2021-01-16 22:10:00,0.3177831241283124,-0.10779061969942016,-0.29187294117647067,-0.324204856275665,0.5000613785973224,0.00011135857461024499,0.5,-0.6691486257026246,0.956161801343077,0.4310231984880713,0.4228519974754794,0.7879663091475257,0.17923434223033632
2021-01-16 22:20:00,0.31757667364016734,-0.10787740128594536,-0.2916505852568877,-0.3239344045706124,0.500144638860897,0.00011135857461024499,0.5,-0.6691486257026246,0.956161801343077,0.4310231984880713,0.4228519974754794,0.7879663091475257,0.17909410504398207
2021-01-16 22:30:00,0.3173702440725244,-0.10796418287247056,-0.29142823529411777,-0.3236639171576503,0.5002278729502296,0.00011135857461024499,0.5,-0.6691486257026246,0.956161801343077,0.4310231984880713,0.4228519974754794,0.7879663091475257,0.17895386785762785
2021-01-16 22:40:00,0.31716377963737796,-0.10805096445899576,-0.29120588830975436,-0.32339346545259773,0.5003111070395624,0.00011135857461024499,0.5,-0.6691486257026246,0.956161801343077,0.4310231984880713,0.4228519974754794,0.7879663091475257,0.17881362312717836
2021-01-16 22:50:00,0.31695735006973497,-0.10813774604552095,-0.2909835383469844,-0.32312301374754515,0.5003943542160161,0.00011135857461024499,0.5,-0.6691486257026246,0.956161801343077,0.4310231984880713,0.4228519974754794,0.7879663091475257,0.17867337839672887
2021-01-16 23:00:00,0.31675090655509064,-0.10822452763204615,-0.29076119136262113,-0.32285256204249235,0.5004775883053487,0.00011135857461024499,0.5,-0.7000344203883434,0.9304640423899545,0.45382551923725867,0.423321522943086,0.8101054097836984,0.17853314875446988
2021-01-16 23:10:00,0.3165444560669456,-0.10831130921857135,-0.2905388413998512,-0.322582092483485,0.5005608223946814,0.00011135857461024499,0.5,-0.7000344203883434,0.9304640423899545,0.45382551923725867,0.423321522943086,0.8101054097836984,0.1783929040240204
2021-01-16 23:20:00,0.31633802649930265,-0.10839809080509666,-0.2903164944154879,-0.3223116229244777,0.500644069571135,0.00011135857461024499,0.5,-0.7000344203883434,0.9304640423899545,0.45382551923725867,0.423321522943086,0.8101054097836984,0.1782526743817614
2021-01-16 23:30:00,0.31613156206415616,-0.10848487239162163,-0.2900941474311245,-0.3220411355115158,0.5007273036604678,0.00011135857461024499,0.5,-0.7000344203883434,0.9304640423899545,0.45382551923725867,0.423321522943086,0.8101054097836984,0.1781124296513119
2021-01-16 23:40:00,0.3159251324965133,-0.10857165397814683,-0.28987179448994793,-0.3217706838064631,0.5008105377498004,0.00011135857461024499,0.5,-0.7000344203883434,0.9304640423899545,0.45382551923725867,0.423321522943086,0.8101054097836984,0.17797220000905292
2021-01-16 23:50:00,0.3157186889818689,-0.10865843556467203,-0.2896494415487715,-0.32150023210141043,0.500893784926254,0.00011135857461024499,0.5,-0.7000344203883434,0.9304640423899545,0.45382551923725867,0.423321522943086,0.8101054097836984,0.17783195527860343
2021-01-17 00:00:00,0.31551223849372384,-0.10874521715119723,-0.28942710349962786,-0.32122978039635774,0.5009770190155868,0.00011135857461024499,0.5,-0.6955375567461126,0.9140333384098599,0.4570755115967078,0.43562799212199005,0.8190042130467152,0.17769171809224918
2021-01-17 00:10:00,0.3153058089260809,-0.10883199873772254,-0.2892047475800448,-0.32095932869130506,0.5010602531049194,0.00011135857461024499,0.5,-0.6955375567461126,0.9140333384098599,0.4570755115967078,0.43562799212199005,0.8190042130467152,0.1775514884499902
2021-01-17 00:20:00,0.31509934449093446,-0.10891878032424773,-0.28898239761727484,-0.3206888412783432,0.501143513368494,0.00011135857461024499,0.5,-0.6955375567461126,0.9140333384098599,0.4570755115967078,0.43562799212199005,0.8190042130467152,0.1774112437195407
2021-01-17 00:30:00,0.31489291492329147,-0.10900556191077293,-0.28876005063291155,-0.3204183895732904,0.5012267343707058,0.00011135857461024499,0.5,-0.6955375567461126,0.9140333384098599,0.4570755115967078,0.43562799212199005,0.8190042130467152,0.17727100653318648
2021-01-17 00:40:00,0.31468647140864714,-0.1090923434972979,-0.288537703648548,-0.3201479378682378,0.5013099684600385,0.00011135857461024499,0.5,-0.6955375567461126,0.9140333384098599,0.4570755115967078,0.43562799212199005,0.8190042130467152,0.177130761802737
2021-01-17 00:50:00,0.3144800278940028,-0.10917912508382321,-0.2883153536857782,-0.3198774861631851,0.5013932287236131,0.00011135857461024499,0.5,-0.6955375567461126,0.9140333384098599,0.4570755115967078,0.43562799212199005,0.8190042130467152,0.176990532160478
2021-01-17 01:00:00,0.3142735913528591,-0.10926590667034841,-0.2880930037230083,-0.3196070344581323,0.5014764628129458,0.00011135857461024499,0.5,-0.7244487151222575,0.8811230808575695,0.465600971497638,0.4390666012205749,0.824279013275155,0.17685028743002854
2021-01-17 01:10:00,0.3140671338912134,-0.10935268825687361,-0.28787065673864487,-0.31933654704517056,0.5015596838151575,0.00011135857461024499,0.5,-0.7244487151222575,0.8811230808575695,0.465600971497638,0.4390666012205749,0.824279013275155,0.17671005778776952
2021-01-17 01:20:00,0.3138607043235705,-0.1094394698433988,-0.2876483097542816,-0.31906609534011776,0.5016429440787321,0.00011135857461024499,0.5,-0.7244487151222575,0.8811230808575695,0.465600971497638,0.4390666012205749,0.824279013275155,0.17656981305732006
2021-01-17 01:30:00,0.3136542747559275,-0.109526251429924,-0.2874259568131051,-0.3187956257811104,0.5017261781680649,0.00011135857461024499,0.5,-0.7244487151222575,0.8811230808575695,0.465600971497638,0.4390666012205749,0.824279013275155,0.1764295758709658
2021-01-17 01:40:00,0.31344781032078106,-0.1096130330164492,-0.28720360387192856,-0.3185251562221033,0.5018094253445184,0.00011135857461024499,0.5,-0.7244487151222575,0.8811230808575695,0.465600971497638,0.4390666012205749,0.824279013275155,0.17628933868461155
2021-01-17 01:50:00,0.31324138075313807,-0.1096998146029744,-0.28698126582278494,-0.3182547045170505,0.5018926594338512,0.00011135857461024499,0.5,-0.7244487151222575,0.8811230808575695,0.465600971497638,0.4390666012205749,0.824279013275155,0.17614910149825733
2021-01-17 02:00:00,0.3130349163179917,-0.1097865961894996,-0.2867589128816085,-0.3179842528119978,0.5019758935231838,0.00011135857461024499,0.5,-0.7277821896503363,0.8538851230004018,0.48149420516521535,0.44234176150087373,0.8280520095527212,0.1760088718559983
2021-01-17 02:10:00,0.3128284867503487,-0.10987337777602468,-0.2865365778108713,-0.31771376539903584,0.5020591406996375,0.00011135857461024499,0.5,-0.7277821896503363,0.8538851230004018,0.48149420516521535,0.44234176150087373,0.8280520095527212,0.17586862712554885
2021-01-17 02:20:00,0.3126220571827057,-0.10996015936254988,-0.2863142218912882,-0.31744331369398315,0.5021423747889702,0.00011135857461024499,0.5,-0.7277821896503363,0.8538851230004018,0.48149420516521535,0.44234176150087373,0.8280520095527212,0.1757283899391946
2021-01-17 02:30:00,0.31241559274755926,-0.11004694094907508,-0.28609188384214457,-0.31717286198893047,0.5022256088783029,0.00011135857461024499,0.5,-0.7277821896503363,0.8538851230004018,0.48149420516521535,0.44234176150087373,0.8280520095527212,0.17558814520874513
2021-01-17 02:40:00,0.3122091631799163,-0.11013372253560028,-0.2858695309009681,-0.3169024102838779,0.5023088560547565,0.00011135857461024499,0.5,-0.7277821896503363,0.8538851230004018,0.48149420516521535,0.44234176150087373,0.8280520095527212,0.17544791556648612
2021-01-17 02:50:00,0.3120026987447699,-0.11022050412212547,-0.28564717795979166,-0.3166319585788252,0.5023920901440893,0.00011135857461024499,0.5,-0.7277821896503363,0.8538851230004018,0.48149420516521535,0.44234176150087373,0.8280520095527212,0.17530767083603663
2021-01-17 03:00:00,0.3117962691771269,-0.11030728570865067,-0.2854248339538348,-0.3163614711658632,0.5024753242334219,0.00011135857461024499,0.5,-0.7293710641269846,0.8282936837477437,0.4911999241144285,0.44799783738453725,0.8338155958925101,0.1751674336496824
2021-01-17 03:10:00,0.31158983960948394,-0.11039406729517587,-0.28520248399106485,-0.31609101946081064,0.5025585714098756,0.00011135857461024499,0.5,-0.7293710641269846,0.8282936837477437,0.4911999241144285,0.44799783738453725,0.8338155958925101,0.17502719646332815
2021-01-17 03:20:00,0.3113833751743375,-0.11048084888170095,-0.28498013402829503,-0.31582056775575795,0.5026418054992082,0.00011135857461024499,0.5,-0.7293710641269846,0.8282936837477437,0.4911999241144285,0.44799783738453725,0.8338155958925101,0.17488695927697392
2021-01-17 03:30:00,0.3111769456066945,-0.11056763046822615,-0.2847577870439316,-0.31555011605070515,0.502725039588541,0.00011135857461024499,0.5,-0.7293710641269846,0.8282936837477437,0.4911999241144285,0.44799783738453725,0.8338155958925101,0.17474672209061967
2021-01-17 03:40:00,0.3109704811715481,-0.11065441205475135,-0.2845354370811617,-0.3152796643456526,0.5028082867649946,0.00011135857461024499,0.5,-0.7293710641269846,0.8282936837477437,0.4911999241144285,0.44799783738453725,0.8338155958925101,0.17460648490426545
2021-01-17 03:50:00,0.3107640516039052,-0.11074119364127655,-0.2843130900967984,-0.3150091769326905,0.5028915208543273,0.00011135857461024499,0.5,-0.7293710641269846,0.8282936837477437,0.4911999241144285,0.44799783738453725,0.8338155958925101,0.17446625526200643
2021-01-17 04:00:00,0.3105576220362622,-0.11082797522780174,-0.28409074013402835,-0.3147386895197287,0.50297475494366,0.00011135857461024499,0.5,-0.7511470627768515,0.8026102923217078,0.45395182610435764,0.44051322135520216,0.8358400207481831,0.17432601053155694
2021-01-17 04:10:00,0.31035115760111576,-0.11091475681432694,-0.2838683842144454,-0.3144682378146759,0.5030580152072346,0.00011135857461024499,0.5,-0.7511470627768515,0.8026102923217078,0.45395182610435764,0.44051322135520216,0.8358400207481831,0.17418577334520272
2021-01-17 04:20:00,0.3101447280334728,-0.11100153840085214,-0.28364604616530165,-0.31419778610962323,0.5031412362094463,0.00011135857461024499,0.5,-0.7511470627768515,0.8026102923217078,0.45395182610435764,0.44051322135520216,0.8358400207481831,0.17404553615884846
2021-01-17 04:30:00,0.3099382705718271,-0.11108831998737734,-0.2834236932241252,-0.31392733440457066,0.503224470298779,0.00011135857461024499,0.5,-0.7511470627768515,0.8026102923217078,0.45395182610435764,0.44051322135520216,0.8358400207481831,0.173905291428399
2021-01-17 04:40:00,0.3097318340306834,-0.11117510157390254,-0.28320134028294874,-0.31365688269951797,0.5033077305623536,0.00011135857461024499,0.5,-0.7511470627768515,0.8026102923217078,0.45395182610435764,0.44051322135520216,0.8358400207481831,0.17376505424204475
2021-01-17 04:50:00,0.30952540446304044,-0.11126188316042762,-0.282979002233805,-0.313386395286556,0.5033909646516863,0.00011135857461024499,0.5,-0.7511470627768515,0.8026102923217078,0.45395182610435764,0.44051322135520216,0.8358400207481831,0.17362481705569052
2021-01-17 05:00:00,0.30931894700139473,-0.11134866474695282,-0.28275664631422204,-0.3131159435815033,0.503474185653898,0.00011135857461024499,0.5,-0.75314000993255,0.7845618047912851,0.4379293688448388,0.432471781789265,0.8397754934467108,0.17348457986933627
2021-01-17 05:10:00,0.30911251743375173,-0.11143544633347802,-0.282534296351452,-0.3128454918764506,0.5035574459174726,0.00011135857461024499,0.5,-0.75314000993255,0.7845618047912851,0.4379293688448388,0.432471781789265,0.8397754934467108,0.17334434268298202
2021-01-17 05:20:00,0.3089060669456067,-0.11152222792000321,-0.2823119493670887,-0.3125750401713979,0.5036406800068053,0.00011135857461024499,0.5,-0.75314000993255,0.7845618047912851,0.4379293688448388,0.432471781789265,0.8397754934467108,0.1732041054966278
2021-01-17 05:30:00,0.30869962343096236,-0.11160900950652841,-0.2820895994043189,-0.31230458846634523,0.503723927183259,0.00011135857461024499,0.5,-0.75314000993255,0.7845618047912851,0.4379293688448388,0.432471781789265,0.8397754934467108,0.17306386831027354
2021-01-17 05:40:00,0.30849319386331936,-0.11169579109305361,-0.28186725241995547,-0.31203413676129266,0.5038071612725916,0.00011135857461024499,0.5,-0.75314000993255,0.7845618047912851,0.4379293688448388,0.432471781789265,0.8397754934467108,0.17292362357982408
2021-01-17 05:50:00,0.3082867294281729,-0.1117825726795788,-0.28164490245718554,-0.31176364934833056,0.5038903953619244,0.00011135857461024499,0.5,-0.75314000993255,0.7845618047912851,0.4379293688448388,0.432471781789265,0.8397754934467108,0.17278339393756506
2021-01-17 06:00:00,0.30808029986053004,-0.1118693542661039,-0.28142254653760246,-0.311493197643278,0.5039736425383781,0.00011135857461024499,0.5,-0.7587545022501663,0.7554273333582393,0.38934117146068437,0.44236794368892374,0.8601383780197499,0.1726431492071156
2021-01-17 06:10:00,0.30787384937238493,-0.11195613585262909,-0.28120020848845884,-0.3112227102303159,0.5040568766277107,0.00011135857461024499,0.5,-0.7587545022501663,0.7554273333582393,0.38934117146068437,0.44236794368892374,0.8601383780197499,0.17250291956485658
2021-01-17 06:20:00,0.3076674058577406,-0.11204291743915429,-0.2809778555472823,-0.3109522585252633,0.5041401107170433,0.00011135857461024499,0.5,-0.7587545022501663,0.7554273333582393,0.38934117146068437,0.44236794368892374,0.8601383780197499,0.17236267483440712
2021-01-17 06:30:00,0.30746097629009767,-0.11212969902567949,-0.2807555026061058,-0.31068180682021074,0.504223357893497,0.00011135857461024499,0.5,-0.7587545022501663,0.7554273333582393,0.38934117146068437,0.44236794368892374,0.8601383780197499,0.1722224376480529
2021-01-17 06:40:00,0.30725451185495123,-0.1122164806122048,-0.2805331645569622,-0.31041131940724864,0.5043065919828297,0.00011135857461024499,0.5,-0.7587545022501663,0.7554273333582393,0.38934117146068437,0.44236794368892374,0.8601383780197499,0.17208220046169864
2021-01-17 06:50:00,0.30704808228730823,-0.11230326219872999,-0.2803108086373791,-0.31014086770219607,0.5043898260721624,0.00011135857461024499,0.5,-0.7587545022501663,0.7554273333582393,0.38934117146068437,0.44236794368892374,0.8601383780197499,0.1719419632753444
2021-01-17 07:00:00,0.30684163179916313,-0.11239004378525519,-0.2800884586746092,-0.3098704159971434,0.5044730732486161,0.00011135857461024499,0.5,-0.757237903918421,0.73386167519619,0.38167272140699765,0.4408676663422534,0.8452342243072708,0.17180172608899016
2021-01-17 07:10:00,0.30663518828451886,-0.11247682537178039,-0.27986612062546545,-0.3095999642920907,0.5045563073379488,0.00011135857461024499,0.5,-0.757237903918421,0.73386167519619,0.38167272140699765,0.4408676663422534,0.8452342243072708,0.17166148135854067
2021-01-17 07:20:00,0.30642875871687586,-0.11256360695830558,-0.27964378257632183,-0.309329512587038,0.5046395414272814,0.00011135857461024499,0.5,-0.757237903918421,0.73386167519619,0.38167272140699765,0.4408676663422534,0.8452342243072708,0.1715212517162817
2021-01-17 07:30:00,0.3062222942817294,-0.11265038854483067,-0.27942142665673875,-0.309059025174076,0.504722801690856,0.00011135857461024499,0.5,-0.757237903918421,0.73386167519619,0.38167272140699765,0.4408676663422534,0.8452342243072708,0.1713810069858322
2021-01-17 07:40:00,0.3060158647140865,-0.11273717013135587,-0.2791990766939688,-0.30878857346902333,0.5048060226930677,0.00011135857461024499,0.5,-0.757237903918421,0.73386167519619,0.38167272140699765,0.4408676663422534,0.8452342243072708,0.1712407773435732
2021-01-17 07:50:00,0.30580941422594143,-0.11282395171788107,-0.2789767297096055,-0.30851812176397064,0.5048892567824005,0.00011135857461024499,0.5,-0.757237903918421,0.73386167519619,0.38167272140699765,0.4408676663422534,0.8452342243072708,0.17110053261312372
2021-01-17 08:00:00,0.30560297071129705,-0.11291073330440626,-0.2787543827252421,-0.30824767005891807,0.5049725170459751,0.00011135857461024499,0.5,-0.7520325873025456,0.7208533161689279,0.37707076367592046,0.4704732478062784,0.8545852649133853,0.1709603029708647
2021-01-17 08:10:00,0.3053965411436541,-0.11299751489093146,-0.2785320327624722,-0.3079772183538654,0.5050557511353077,0.00011135857461024499,0.5,-0.7520325873025456,0.7208533161689279,0.37707076367592046,0.4704732478062784,0.8545852649133853,0.17082005824041524
2021-01-17 08:20:00,0.30519007670850773,-0.11308429647745666,-0.27830968279970225,-0.30770674879485804,0.5051389721375195,0.00011135857461024499,0.5,-0.7520325873025456,0.7208533161689279,0.37707076367592046,0.4704732478062784,0.8545852649133853,0.17067982859815622
2021-01-17 08:30:00,0.30498364714086473,-0.11317107806398186,-0.27808733581533884,-0.3074362435279413,0.5052222324010941,0.00011135857461024499,0.5,-0.7520325873025456,0.7208533161689279,0.37707076367592046,0.4704732478062784,0.8545852649133853,0.17053958386770676
2021-01-17 08:40:00,0.30477719665271963,-0.11325785965050694,-0.27786498883097555,-0.3071657918228887,0.5053054664904268,0.00011135857461024499,0.5,-0.7520325873025456,0.7208533161689279,0.37707076367592046,0.4704732478062784,0.8545852649133853,0.17039933913725727
2021-01-17 08:50:00,0.304570760111576,-0.11334464123703214,-0.2776426358897991,-0.30689534011783615,0.5053887136668804,0.00011135857461024499,0.5,-0.7520325873025456,0.7208533161689279,0.37707076367592046,0.4704732478062784,0.8545852649133853,0.17025910949499826
2021-01-17 09:00:00,0.30436432357043236,-0.11343142282355734,-0.27742028294862264,-0.30662488841278335,0.5054719477562131,0.00011135857461024499,0.5,-0.7536489447249255,0.7026467858405148,0.3795301967888889,0.49190401966358116,0.8554159634999104,0.1701188647645488
2021-01-17 09:10:00,0.30415788005578803,-0.11351820441008253,-0.2771979448994788,-0.30635443670773066,0.5055551818455457,0.00011135857461024499,0.5,-0.7536489447249255,0.7026467858405148,0.3795301967888889,0.49190401966358116,0.8554159634999104,0.16997863512228978
2021-01-17 09:20:00,0.30395143654114365,-0.11360498599660773,-0.27697559195830246,-0.3060839492947689,0.5056384290219994,0.00011135857461024499,0.5,-0.7536489447249255,0.7026467858405148,0.3795301967888889,0.49190401966358116,0.8554159634999104,0.16983839039184032
2021-01-17 09:30:00,0.30374497907949793,-0.11369176758313293,-0.276753239017126,-0.3058134975897161,0.5057216631113322,0.00011135857461024499,0.5,-0.7536489447249255,0.7026467858405148,0.3795301967888889,0.49190401966358116,0.8554159634999104,0.1696981607495813
2021-01-17 09:40:00,0.3035385425383543,-0.11377854916965813,-0.2765308920327626,-0.3055430458846634,0.5058048972006648,0.00011135857461024499,0.5,-0.7536489447249255,0.7026467858405148,0.3795301967888889,0.49190401966358116,0.8554159634999104,0.16955791601913184
2021-01-17 09:50:00,0.3033321129707113,-0.11386533075618333,-0.2763085450483993,-0.3052725941796107,0.5058881574642394,0.00011135857461024499,0.5,-0.7536489447249255,0.7026467858405148,0.3795301967888889,0.49190401966358116,0.8554159634999104,0.16941767128868235
2021-01-17 10:00:00,0.3031256624825663,-0.11395211234270852,-0.27608619508562926,-0.30500214247455815,0.5059713784664511,0.00011135857461024499,0.5,-0.5835815748194848,0.7049599577020011,0.2974824733370135,0.4781891729796947,0.8471367920556268,0.16927744164642333
2021-01-17 10:10:00,0.3029192189679219,-0.11403889392923361,-0.27586384512285933,-0.30473169076950546,0.5060546125557839,0.00011135857461024499,0.5,-0.5835815748194848,0.7049599577020011,0.2974824733370135,0.4781891729796947,0.8471367920556268,0.16913719691597387
2021-01-17 10:20:00,0.30271276150627613,-0.1141256755157588,-0.27564149813849603,-0.3044612033565435,0.5061378597322375,0.00011135857461024499,0.5,-0.5835815748194848,0.7049599577020011,0.2974824733370135,0.4781891729796947,0.8471367920556268,0.16899696727371485
2021-01-17 10:30:00,0.30250632496513247,-0.114212457102284,-0.2754191511541326,-0.3041907516514908,0.5062210938215702,0.00011135857461024499,0.5,-0.5835815748194848,0.7049599577020011,0.2974824733370135,0.4781891729796947,0.8471367920556268,0.1688567225432654
2021-01-17 10:40:00,0.3022998953974896,-0.1142992386888092,-0.2751968011913627,-0.30392028209248345,0.5063043279109029,0.00011135857461024499,0.5,-0.5835815748194848,0.7049599577020011,0.2974824733370135,0.4781891729796947,0.8471367920556268,0.16871649290100638
2021-01-17 10:50:00,0.3020934449093445,-0.1143860202753344,-0.2749744452717797,-0.3036498125334762,0.5063875750873565,0.00011135857461024499,0.5,-0.5835815748194848,0.7049599577020011,0.2974824733370135,0.4781891729796947,0.8471367920556268,0.16857624817055689
2021-01-17 11:00:00,0.30188700139470015,-0.1144728018618596,-0.274752107222636,-0.30337936082842354,0.5064708091766892,0.00011135857461024499,0.5,-0.5555396646613677,0.6949256767823649,0.2940450497028935,0.45890968917248237,0.8119271632151499,0.1684360185282979
2021-01-17 11:10:00,0.3016805439330544,-0.1145595834483848,-0.27452975428145954,-0.30310887341546155,0.5065540432660219,0.00011135857461024499,0.5,-0.5555396646613677,0.6949256767823649,0.2940450497028935,0.45890968917248237,0.8119271632151499,0.16829577379784844
2021-01-17 11:20:00,0.3014741073919108,-0.11464636503490988,-0.274307401340283,-0.30283842171040887,0.5066373035295965,0.00011135857461024499,0.5,-0.5555396646613677,0.6949256767823649,0.2940450497028935,0.45890968917248237,0.8119271632151499,0.16815552906739895
2021-01-17 11:30:00,0.3012676778242678,-0.11473314662143508,-0.2740850543559197,-0.30256797000535607,0.5067205245318083,0.00011135857461024499,0.5,-0.5555396646613677,0.6949256767823649,0.2940450497028935,0.45890968917248237,0.8119271632151499,0.16801529942513996
2021-01-17 11:40:00,0.3010612273361228,-0.11481992820796028,-0.27386270737155627,-0.3022975183003035,0.5068037586211409,0.00011135857461024499,0.5,-0.5555396646613677,0.6949256767823649,0.2940450497028935,0.45890968917248237,0.8119271632151499,0.16787505469469047
2021-01-17 11:50:00,0.3008547838214784,-0.11490670979448547,-0.27364035740878645,-0.3020270665952509,0.5068870188847155,0.00011135857461024499,0.5,-0.5555396646613677,0.6949256767823649,0.2940450497028935,0.45890968917248237,0.8119271632151499,0.16773482505243148
2021-01-17 12:00:00,0.30064832635983263,-0.11499349138101067,-0.27341801042442304,-0.3017566148901981,0.5069702529740482,0.00011135857461024499,0.5,-0.5005225428528832,0.6910694325114168,0.25948794739547254,0.5432397051893798,0.7745295307802298,0.167594580321982
2021-01-17 12:10:00,0.30044188981868897,-0.11508027296753587,-0.273195681310499,-0.30148612747723624,0.5070535001505019,0.00011135857461024499,0.5,-0.5005225428528832,0.6910694325114168,0.25948794739547254,0.5432397051893798,0.7745295307802298,0.167454350679723
2021-01-17 12:20:00,0.3002354602510461,-0.11516705455406107,-0.2729733253909159,-0.30121567577218356,0.5071367342398345,0.00011135857461024499,0.5,-0.5005225428528832,0.6910694325114168,0.25948794739547254,0.5432397051893798,0.7745295307802298,0.1673141059492735
2021-01-17 12:30:00,0.300029009762901,-0.11525383614058615,-0.27275097542814597,-0.30094522406713087,0.5072199683291673,0.00011135857461024499,0.5,-0.5005225428528832,0.6910694325114168,0.25948794739547254,0.5432397051893798,0.7745295307802298,0.16717387630701452
2021-01-17 12:40:00,0.29982256624825665,-0.11534061772711157,-0.2725286284437827,-0.3006747723620782,0.5073032155056209,0.00011135857461024499,0.5,-0.5005225428528832,0.6910694325114168,0.25948794739547254,0.5432397051893798,0.7745295307802298,0.16703363157656503
2021-01-17 12:50:00,0.2996161087866109,-0.11542739931363655,-0.27230627848101274,-0.3004043206570255,0.5073864495949536,0.00011135857461024499,0.5,-0.5005225428528832,0.6910694325114168,0.25948794739547254,0.5432397051893798,0.7745295307802298,0.16689338684611554
2021-01-17 13:00:00,0.2994096792189679,-0.11551418090016174,-0.27208393149664944,-0.30013381539010886,0.5074696836842862,0.00011135857461024499,0.5,-0.3333774372353224,0.6688083860382134,0.1996928054670076,0.6434338760026911,0.754183945122028,0.16675315720385656
2021-01-17 13:10:00,0.299203249651325,-0.11560096248668694,-0.2718615815338795,-0.29986334583110164,0.5075529308607399,0.00011135857461024499,0.5,-0.3333774372353224,0.6688083860382134,0.1996928054670076,0.6434338760026911,0.754183945122028,0.16661291247340707
2021-01-17 13:20:00,0.2989967921896792,-0.11568774407321225,-0.27163922561429643,-0.29959289412604895,0.5076361649500726,0.00011135857461024499,0.5,-0.3333774372353224,0.6688083860382134,0.1996928054670076,0.6434338760026911,0.754183945122028,0.16647268283114808
2021-01-17 13:30:00,0.29879035564853557,-0.11577452565973745,-0.2714168875651528,-0.29932244242099615,0.5077193990394053,0.00011135857461024499,0.5,-0.3333774372353224,0.6688083860382134,0.1996928054670076,0.6434338760026911,0.754183945122028,0.1663324381006986
2021-01-17 13:40:00,0.29858389121338913,-0.11586130724626265,-0.27119453462397636,-0.29905199071594357,0.507802646215859,0.00011135857461024499,0.5,-0.3333774372353224,0.6688083860382134,0.1996928054670076,0.6434338760026911,0.754183945122028,0.16619220845843957
2021-01-17 13:50:00,0.2983774755927476,-0.11594808883278784,-0.2709721816827998,-0.2987815033029815,0.5078858803051917,0.00011135857461024499,0.5,-0.3333774372353224,0.6688083860382134,0.1996928054670076,0.6434338760026911,0.754183945122028,0.1660519637279901
2021-01-17 14:00:00,0.2981710320781032,-0.11603487041931282,-0.27074984363365606,-0.2985110515979289,0.5079691143945243,0.00011135857461024499,0.5,-0.30971738926690917,0.6400417232986705,0.23111417494033715,0.6986340651418049,0.7511013888131524,0.1659117340857311
2021-01-17 14:10:00,0.2979645746164575,-0.11612165200583813,-0.2705274877140731,-0.2982405998928763,0.5080523746580989,0.00011135857461024499,0.5,-0.30971738926690917,0.6400417232986705,0.23111417494033715,0.6986340651418049,0.7511013888131524,0.16577148935528163
2021-01-17 14:20:00,0.2977581380753138,-0.11620843359236332,-0.27030513775130316,-0.2979701481878235,0.5081356087474317,0.00011135857461024499,0.5,-0.30971738926690917,0.6400417232986705,0.23111417494033715,0.6986340651418049,0.7511013888131524,0.16563124462483214
2021-01-17 14:30:00,0.2975516736401674,-0.11629521517888852,-0.27008279076693975,-0.29769969648277084,0.5082188297496434,0.00011135857461024499,0.5,-0.30971738926690917,0.6400417232986705,0.23111417494033715,0.6986340651418049,0.7511013888131524,0.16549101498257315
2021-01-17 14:40:00,0.2973452580195258,-0.11638199676541372,-0.2698604408041698,-0.29742924477771826,0.5083020769260971,0.00011135857461024499,0.5,-0.30971738926690917,0.6400417232986705,0.23111417494033715,0.6986340651418049,0.7511013888131524,0.16535077025212366
2021-01-17 14:50:00,0.2971388145048815,-0.11646877835193892,-0.2696380938198065,-0.2971587573647563,0.5083853110154297,0.00011135857461024499,0.5,-0.30971738926690917,0.6400417232986705,0.23111417494033715,0.6986340651418049,0.7511013888131524,0.16521054060986465
2021-01-17 15:00:00,0.2969323570432357,-0.11655555993846411,-0.2694157438570365,-0.2968883056597036,0.5084685451047624,0.00011135857461024499,0.5,-0.29143669433527797,0.6125537704701344,0.26213176824414564,0.72885315602609,0.7518415211686098,0.16507029587941519
2021-01-17 15:10:00,0.29672592050209207,-0.1166423415249892,-0.26919339389426666,-0.2966178539546509,0.508551805368337,0.00011135857461024499,0.5,-0.29143669433527797,0.6125537704701344,0.26213176824414564,0.72885315602609,0.7518415211686098,0.16493006623715617
2021-01-17 15:20:00,0.2965194560669456,-0.11672912311151451,-0.2689710498883098,-0.2963473665416889,0.5086350394576697,0.00011135857461024499,0.5,-0.29143669433527797,0.6125537704701344,0.26213176824414564,0.72885315602609,0.7518415211686098,0.1647898215067067
2021-01-17 15:30:00,0.296313040446304,-0.1168159046980396,-0.2687486969471333,-0.29607691483663623,0.5087182866341233,0.00011135857461024499,0.5,-0.29143669433527797,0.6125537704701344,0.26213176824414564,0.72885315602609,0.7518415211686098,0.16464957677625722
2021-01-17 15:40:00,0.2961065969316597,-0.1169026862845648,-0.268526344005957,-0.29580642742367436,0.5088015207234561,0.00011135857461024499,0.5,-0.29143669433527797,0.6125537704701344,0.26213176824414564,0.72885315602609,0.7518415211686098,0.16450934713399823
2021-01-17 15:50:00,0.295900139470014,-0.11698946787108999,-0.26830400595681314,-0.29553597571862156,0.5088847548127887,0.00011135857461024499,0.5,-0.29143669433527797,0.6125537704701344,0.26213176824414564,0.72885315602609,0.7518415211686098,0.16436910240354877
2021-01-17 16:00:00,0.2956937029288703,-0.11707624945761519,-0.2680816500372303,-0.295265524013569,0.5089680019892424,0.00011135857461024499,0.5,-0.24266310411200243,0.5990597890272347,0.28739922874186313,0.7229972420607078,0.7529410349716811,0.16422887276128972
2021-01-17 16:10:00,0.2954872384937239,-0.11716303104414039,-0.26785930007446024,-0.2949950723085164,0.509051236078575,0.00011135857461024499,0.5,-0.24266310411200243,0.5990597890272347,0.28739922874186313,0.7229972420607078,0.7529410349716811,0.1640886280308403
2021-01-17 16:20:00,0.2952808228730823,-0.11724981263066558,-0.26763695309009694,-0.2947246206034636,0.5091344701679078,0.00011135857461024499,0.5,-0.24266310411200243,0.5990597890272347,0.28739922874186313,0.7229972420607078,0.7529410349716811,0.16394839838858125
2021-01-17 16:30:00,0.29507437935843794,-0.11733659421719078,-0.267414603127327,-0.2944541688984109,0.5092177173443614,0.00011135857461024499,0.5,-0.24266310411200243,0.5990597890272347,0.28739922874186313,0.7229972420607078,0.7529410349716811,0.16380815365813178
2021-01-17 16:40:00,0.2948679218967922,-0.11742337580371587,-0.2671922561429636,-0.29418368148544893,0.5093009514336941,0.00011135857461024499,0.5,-0.24266310411200243,0.5990597890272347,0.28739922874186313,0.7229972420607078,0.7529410349716811,0.16366792401587277
2021-01-17 16:50:00,0.2946614853556485,-0.11751015739024107,-0.2669699061801937,-0.29391322978039625,0.5093841855230268,0.00011135857461024499,0.5,-0.24266310411200243,0.5990597890272347,0.28739922874186313,0.7229972420607078,0.7529410349716811,0.1635276792854233
2021-01-17 17:00:00,0.2944550209205021,-0.11759693897676626,-0.26674755919583026,-0.29364277807534367,0.5094674326994805,0.00011135857461024499,0.5,-0.24151188887551067,0.5871117534992132,0.3121244320470957,0.6632646684519231,0.7537295031433134,0.16338743455497384
2021-01-17 17:10:00,0.2942486052998605,-0.11768372056329146,-0.26652522412509316,-0.2933723263702911,0.5095506667888131,0.00011135857461024499,0.5,-0.24151188887551067,0.5871117534992132,0.3121244320470957,0.6632646684519231,0.7537295031433134,0.16324720491271483
2021-01-17 17:20:00,0.2940421687587169,-0.11777050214981666,-0.26630287416232323,-0.2931018746652383,0.5096339008781458,0.00011135857461024499,0.5,-0.24151188887551067,0.5871117534992132,0.3121244320470957,0.6632646684519231,0.7537295031433134,0.16310696018226534
2021-01-17 17:30:00,0.2938357043235704,-0.11785728373634186,-0.2660805241995533,-0.2928313872522763,0.5097171480545994,0.00011135857461024499,0.5,-0.24151188887551067,0.5871117534992132,0.3121244320470957,0.6632646684519231,0.7537295031433134,0.16296673054000635
2021-01-17 17:40:00,0.29362928870292887,-0.11794406532286705,-0.2658581772151899,-0.2925608998393143,0.5098003821439322,0.00011135857461024499,0.5,-0.24151188887551067,0.5871117534992132,0.3121244320470957,0.6632646684519231,0.7537295031433134,0.16282648580955686
2021-01-17 17:50:00,0.2934228033472804,-0.11803084690939214,-0.2656358302308266,-0.29229044813426164,0.5098836162332648,0.00011135857461024499,0.5,-0.24151188887551067,0.5871117534992132,0.3121244320470957,0.6632646684519231,0.7537295031433134,0.16268625616729787
2021-01-17 18:00:00,0.2932163877266388,-0.11811762849591745,-0.2654134802680568,-0.29201999642920906,0.5099668634097185,0.00011135857461024499,0.5,-0.39447012447039465,0.5925656667825655,0.4176918637453258,0.5046817591865744,0.7468639441120525,0.16254601143684838
2021-01-17 18:10:00,0.2930099511854951,-0.11820441008244253,-0.2651911243484736,-0.2917495447241564,0.5100500974990512,0.00011135857461024499,0.5,-0.39447012447039465,0.5925656667825655,0.4176918637453258,0.5046817591865744,0.7468639441120525,0.1624057817945894
2021-01-17 18:20:00,0.2928034867503487,-0.11829119166896773,-0.26496878629932996,-0.2914790930191036,0.5101333315883838,0.00011135857461024499,0.5,-0.39447012447039465,0.5925656667825655,0.4176918637453258,0.5046817591865744,0.7468639441120525,0.1622655370641399
2021-01-17 18:30:00,0.2925970711297071,-0.11837797325549293,-0.2647464333581535,-0.2912086056061418,0.5102165918519584,0.00011135857461024499,0.5,-0.39447012447039465,0.5925656667825655,0.4176918637453258,0.5046817591865744,0.7468639441120525,0.1621252923336904
2021-01-17 18:40:00,0.2923905857740586,-0.11846475484201813,-0.26452408041697695,-0.2909381539010891,0.5102998259412912,0.00011135857461024499,0.5,-0.39447012447039465,0.5925656667825655,0.4176918637453258,0.5046817591865744,0.7468639441120525,0.16198506269143143
2021-01-17 18:50:00,0.292184170153417,-0.11855153642854332,-0.26430173343261365,-0.2906677021960363,0.5103830731177448,0.00011135857461024499,0.5,-0.39447012447039465,0.5925656667825655,0.4176918637453258,0.5046817591865744,0.7468639441120525,0.16184481796098193
2021-01-17 19:00:00,0.29197773361227336,-0.11863831801506852,-0.26407938644825024,-0.29039725049098375,0.5104662941199566,0.00011135857461024499,0.5,-0.43482199289379075,0.5873588749651608,0.4703264461850951,0.4160407410338391,0.7320131295770935,0.16170458831872295
2021-01-17 19:10:00,0.2917712691771269,-0.11872509960159383,-0.2638570364854804,-0.2901267987859312,0.5105495282092892,0.00011135857461024499,0.5,-0.43482199289379075,0.5873588749651608,0.4703264461850951,0.4160407410338391,0.7320131295770935,0.16156434358827346
2021-01-17 19:20:00,0.29156485355648537,-0.1188118811881188,-0.263634689501117,-0.2898563113729691,0.5106327884728639,0.00011135857461024499,0.5,-0.43482199289379075,0.5873588749651608,0.4703264461850951,0.4160407410338391,0.7320131295770935,0.16142411394601447
2021-01-17 19:30:00,0.2913583682008368,-0.118898662774644,-0.2634123395383471,-0.2895858596679165,0.5107160225621965,0.00011135857461024499,0.5,-0.43482199289379075,0.5873588749651608,0.4703264461850951,0.4160407410338391,0.7320131295770935,0.16128386921556498
2021-01-17 19:40:00,0.2911519525801952,-0.1189854443611692,-0.2631899925539838,-0.2893154079628637,0.5107992566515293,0.00011135857461024499,0.5,-0.43482199289379075,0.5873588749651608,0.4703264461850951,0.4160407410338391,0.7320131295770935,0.16114363957330596
2021-01-17 19:50:00,0.2909455160390516,-0.1190722259476944,-0.26296764259121375,-0.28904493840385637,0.5108825038279828,0.00011135857461024499,0.5,-0.43482199289379075,0.5873588749651608,0.4703264461850951,0.4160407410338391,0.7320131295770935,0.1610033948428565
2021-01-17 20:00:00,0.2907390516039051,-0.11915900753421971,-0.2627452866716308,-0.28877446884484914,0.5109657379173156,0.00011135857461024499,0.5,-0.4617463077296119,0.586706589235275,0.5020654850380258,0.3645412993021877,0.757641740749706,0.16086315765650225
2021-01-17 20:10:00,0.2905326359832636,-0.1192457891207449,-0.26252294862248704,-0.28850398143188716,0.5110489720066482,0.00011135857461024499,0.5,-0.4617463077296119,0.586706589235275,0.5020654850380258,0.3645412993021877,0.757641740749706,0.16072292047014802
2021-01-17 20:20:00,0.2903261506276151,-0.1193325707072701,-0.2623005956813107,-0.28823352972683447,0.5111322191831019,0.00011135857461024499,0.5,-0.4617463077296119,0.586706589235275,0.5020654850380258,0.3645412993021877,0.757641740749706,0.16058267573969853
2021-01-17 20:30:00,0.2901197350069735,-0.11941935229379508,-0.26207824274013414,-0.2879630780217818,0.5112154532724346,0.00011135857461024499,0.5,-0.4617463077296119,0.586706589235275,0.5020654850380258,0.3645412993021877,0.757641740749706,0.16044244609743954
2021-01-17 20:40:00,0.28991329846582986,-0.1195061338803205,-0.26185589873417736,-0.287692626316729,0.5112986873617673,0.00011135857461024499,0.5,-0.4617463077296119,0.586706589235275,0.5020654850380258,0.3645412993021877,0.757641740749706,0.16030220136699005
2021-01-17 20:50:00,0.2897068340306834,-0.11959291546684558,-0.26163354877140743,-0.2874221746116764,0.5113819345382209,0.00011135857461024499,0.5,-0.4617463077296119,0.586706589235275,0.5020654850380258,0.3645412993021877,0.757641740749706,0.16016197172473104
2021-01-17 21:00:00,0.28950041841004187,-0.11967969705337078,-0.2614111988086375,-0.28715172290662383,0.5114651686275536,0.00011135857461024499,0.5,-0.489643698951012,0.5760861132103655,0.5321020442817166,0.34191660701266974,0.7927704705223503,0.16002172699428158
2021-01-17 21:10:00,0.2892939330543933,-0.11976647863989598,-0.2611888518242741,-0.28688123549366173,0.5115484027168863,0.00011135857461024499,0.5,-0.489643698951012,0.5760861132103655,0.5321020442817166,0.34191660701266974,0.7927704705223503,0.15988148226383211
2021-01-17 21:20:00,0.2890875174337517,-0.11985326022642118,-0.26096650186150416,-0.28661078378860916,0.51163164989334,0.00011135857461024499,0.5,-0.489643698951012,0.5760861132103655,0.5321020442817166,0.34191660701266974,0.7927704705223503,0.1597412526215731
2021-01-17 21:30:00,0.2888810878661088,-0.11994004181294637,-0.26074415487714075,-0.2863403320835566,0.5117148839826726,0.00011135857461024499,0.5,-0.489643698951012,0.5760861132103655,0.5321020442817166,0.34191660701266974,0.7927704705223503,0.15960101543521887
2021-01-17 21:40:00,0.2886746164574616,-0.12002682339947157,-0.26052180491437094,-0.2860698803785038,0.5117981180720054,0.00011135857461024499,0.5,-0.489643698951012,0.5760861132103655,0.5321020442817166,0.34191660701266974,0.7927704705223503,0.15946077824886462
2021-01-17 21:50:00,0.28846820083682007,-0.12011360498599677,-0.26029944899478796,-0.2857994286734511,0.51188137833558,0.00011135857461024499,0.5,-0.489643698951012,0.5760861132103655,0.5321020442817166,0.34191660701266974,0.7927704705223503,0.1593205410625104
2021-01-17 22:00:00,0.2882617154811715,-0.12020038657252186,-0.26007711094564423,-0.2855289412604891,0.5119645993377917,0.00011135857461024499,0.5,-0.5632672086099,0.5652242627303498,0.5827640330289922,0.33707805548557024,0.8296616789273717,0.15918030387615614
2021-01-17 22:10:00,0.28805529986052997,-0.12028716815904705,-0.25985475800446767,-0.2852584717014818,0.5120478334271243,0.00011135857461024499,0.5,-0.5632672086099,0.5652242627303498,0.5827640330289922,0.33707805548557024,0.8296616789273717,0.15904005914570665
2021-01-17 22:20:00,0.28784888423988847,-0.12037394974557225,-0.25963242293373057,-0.28498800214247455,0.512131093690699,0.00011135857461024499,0.5,-0.5632672086099,0.5652242627303498,0.5827640330289922,0.33707805548557024,0.8296616789273717,0.15889982950344766
2021-01-17 22:30:00,0.2876423988842399,-0.12046073133209745,-0.25941007297096064,-0.28471755043742186,0.5122143277800317,0.00011135857461024499,0.5,-0.5632672086099,0.5652242627303498,0.5827640330289922,0.33707805548557024,0.8296616789273717,0.15875958477299817
2021-01-17 22:40:00,0.28743598326359837,-0.12054751291862265,-0.25918772896500386,-0.2844470987323692,0.5122975749564853,0.00011135857461024499,0.5,-0.5632672086099,0.5652242627303498,0.5827640330289922,0.33707805548557024,0.8296616789273717,0.15861934758664395
2021-01-17 22:50:00,0.2872294979079498,-0.12063429450514784,-0.2589653760238273,-0.2841766470273165,0.5123808090458181,0.00011135857461024499,0.5,-0.5632672086099,0.5652242627303498,0.5827640330289922,0.33707805548557024,0.8296616789273717,0.1584791104002897
2021-01-17 23:00:00,0.2870230822873082,-0.12072107609167304,-0.25874302308265085,-0.2839061596143545,0.5124640431351507,0.00011135857461024499,0.5,-0.6080416633452548,0.5491699879600118,0.599910570680042,0.3426413907321423,0.8608602783665461,0.15833886566984023
2021-01-17 23:10:00,0.28681666666666666,-0.12080785767819813,-0.2585206850335072,-0.2836357079093018,0.5125472903116044,0.00011135857461024499,0.5,-0.6080416633452548,0.5491699879600118,0.599910570680042,0.3426413907321423,0.8608602783665461,0.15819863602758122
2021-01-17 23:20:00,0.2866101813110181,-0.12089463926472332,-0.25829832911392414,-0.28336525620424924,0.512630524400937,0.00011135857461024499,0.5,-0.6080416633452548,0.5491699879600118,0.599910570680042,0.3426413907321423,0.8608602783665461,0.15805839884122697
2021-01-17 23:30:00,0.28640376569037657,-0.12098142085124852,-0.2580759791511542,-0.28309480449919655,0.5127137584902698,0.00011135857461024499,0.5,-0.6080416633452548,0.5491699879600118,0.599910570680042,0.3426413907321423,0.8608602783665461,0.15791816165487274
2021-01-17 23:40:00,0.286197280334728,-0.12106820243777372,-0.2578536321667909,-0.28282435279414375,0.5127970056667234,0.00011135857461024499,0.5,-0.6080416633452548,0.5491699879600118,0.599910570680042,0.3426413907321423,0.8608602783665461,0.1577779244685185
2021-01-17 23:50:00,0.28599086471408647,-0.12115498402429892,-0.2576312822040209,-0.282553865381182,0.5128802397560561,0.00011135857461024499,0.5,-0.6080416633452548,0.5491699879600118,0.599910570680042,0.3426413907321423,0.8608602783665461,0.15763768728216426
2021-01-18 00:00:00,0.2857844490934449,-0.12124176561082411,-0.2574089352196576,-0.2822834136761292,0.5129634738453888,0.00011135857461024499,0.5,-0.6035458002957086,0.5270037671656026,0.6288843007538973,0.33379365549664325,0.8726107286164799,0.15749745009581
2021-01-18 00:10:00,0.28557796373779637,-0.12132854719734931,-0.25718658525688776,-0.2820129619710765,0.5130467210218425,0.00011135857461024499,0.5,-0.6035458002957086,0.5270037671656026,0.6288843007538973,0.33379365549664325,0.8726107286164799,0.15735720536536055
2021-01-18 00:20:00,0.2853715481171548,-0.12141532878387451,-0.25696423827252435,-0.2817424924120693,0.5131299551111751,0.00011135857461024499,0.5,-0.6035458002957086,0.5270037671656026,0.6288843007538973,0.33379365549664325,0.8726107286164799,0.1572169681790063
2021-01-18 00:30:00,0.2851650836820084,-0.12150211037039971,-0.25674189128816105,-0.28147202285306183,0.5132131892005078,0.00011135857461024499,0.5,-0.6035458002957086,0.5270037671656026,0.6288843007538973,0.33379365549664325,0.8726107286164799,0.15707673099265204
2021-01-18 00:40:00,0.2849586471408647,-0.1215888919569248,-0.2565195383469845,-0.28120157114800926,0.5132964363769614,0.00011135857461024499,0.5,-0.6035458002957086,0.5270037671656026,0.6288843007538973,0.33379365549664325,0.8726107286164799,0.15693649380629782
2021-01-18 00:50:00,0.28475223152022316,-0.12167567354344999,-0.2562971854058079,-0.28093108373504727,0.5133796704662942,0.00011135857461024499,0.5,-0.6035458002957086,0.5270037671656026,0.6288843007538973,0.33379365549664325,0.8726107286164799,0.15679624907584833
2021-01-18 01:00:00,0.2845457461645746,-0.12176245512997519,-0.2560748473566643,-0.2806606320299946,0.5134629045556267,0.00011135857461024499,0.5,-0.6248617264292884,0.5171045410006125,0.6474569900388774,0.31820699934664065,0.8790695031999048,0.15665601943358934
2021-01-18 01:10:00,0.28433933054393307,-0.12184923671650039,-0.2558524914370812,-0.2803901803249419,0.5135461648192013,0.00011135857461024499,0.5,-0.6248617264292884,0.5171045410006125,0.6474569900388774,0.31820699934664065,0.8790695031999048,0.15651578224723509
2021-01-18 01:20:00,0.28413286610878663,-0.12193601830302558,-0.2556301414743114,-0.2801197286198893,0.5136293858214132,0.00011135857461024499,0.5,-0.6248617264292884,0.5171045410006125,0.6474569900388774,0.31820699934664065,0.8790695031999048,0.15637554506088086
2021-01-18 01:30:00,0.28392642956764297,-0.12202279988955078,-0.255407794489948,-0.27984927691483663,0.5137126199107459,0.00011135857461024499,0.5,-0.6248617264292884,0.5171045410006125,0.6474569900388774,0.31820699934664065,0.8790695031999048,0.1562353078745266
2021-01-18 01:40:00,0.2837200139470014,-0.12210958147607598,-0.2551854475055846,-0.27957878950187465,0.5137958801743205,0.00011135857461024499,0.5,-0.6248617264292884,0.5171045410006125,0.6474569900388774,0.31820699934664065,0.8790695031999048,0.15609506314407712
2021-01-18 01:50:00,0.28351352859135287,-0.12219636306260107,-0.25496309754281477,-0.27930833779682207,0.5138791011765322,0.00011135857461024499,0.5,-0.6248617264292884,0.5171045410006125,0.6474569900388774,0.31820699934664065,0.8790695031999048,0.15595483350181813
2021-01-18 02:00:00,0.28330711297071126,-0.12228314464912626,-0.2547407475800447,-0.27903788609176916,0.5139623614401069,0.00011135857461024499,0.5,-0.6314472605940252,0.49130620935785846,0.6324962206220817,0.3147383295521766,0.884561730128075,0.15581458877136864
2021-01-18 02:10:00,0.2831006485355649,-0.12236992623565146,-0.2545184005956814,-0.2787674343867166,0.5140455955294394,0.00011135857461024499,0.5,-0.6314472605940252,0.49130620935785846,0.6324962206220817,0.3147383295521766,0.884561730128075,0.15567435158501441
2021-01-18 02:20:00,0.28289421199442116,-0.12245670782217666,-0.254296053611318,-0.278496982681664,0.5141288296187723,0.00011135857461024499,0.5,-0.6314472605940252,0.49130620935785846,0.6324962206220817,0.3147383295521766,0.884561730128075,0.15553411439866016
2021-01-18 02:30:00,0.2826877963737796,-0.12254348940870186,-0.25407370067014157,-0.2782264952687019,0.5142120767952257,0.00011135857461024499,0.5,-0.6314472605940252,0.49130620935785846,0.6324962206220817,0.3147383295521766,0.884561730128075,0.15539387721230594
2021-01-18 02:40:00,0.2824813110181311,-0.12263027099522716,-0.2538513477289651,-0.2779560257096947,0.5142953108845586,0.00011135857461024499,0.5,-0.6314472605940252,0.49130620935785846,0.6324962206220817,0.3147383295521766,0.884561730128075,0.15525363248185647
2021-01-18 02:50:00,0.28227489539748957,-0.12271705258175236,-0.2536290096798214,-0.27768555615068735,0.5143785449738911,0.00011135857461024499,0.5,-0.6314472605940252,0.49130620935785846,0.6324962206220817,0.3147383295521766,0.884561730128075,0.15511339529550222
2021-01-18 03:00:00,0.2820684309623431,-0.12280383416827756,-0.25340665673864493,-0.27741510444563466,0.5144617921503449,0.00011135857461024499,0.5,-0.6373243417851174,0.48088975221762853,0.650613266760991,0.3291289225978067,0.8898791000529918,0.1549731656532432
2021-01-18 03:10:00,0.28186199442119947,-0.12289061575480276,-0.25318430379746837,-0.2771446527405821,0.5145450262396775,0.00011135857461024499,0.5,-0.6373243417851174,0.48088975221762853,0.650613266760991,0.3291289225978067,0.8898791000529918,0.15483292092279374
2021-01-18 03:20:00,0.2816555788005579,-0.12297739734132784,-0.25296196574832475,-0.2768742010355294,0.5146282603290103,0.00011135857461024499,0.5,-0.6373243417851174,0.48088975221762853,0.650613266760991,0.3291289225978067,0.8898791000529918,0.15469269128053473
2021-01-18 03:30:00,0.28144909344490937,-0.12306417892785304,-0.252739627699181,-0.2766037136225674,0.5147115075054638,0.00011135857461024499,0.5,-0.6373243417851174,0.48088975221762853,0.650613266760991,0.3291289225978067,0.8898791000529918,0.15455244655008527
2021-01-18 03:40:00,0.28124267782426776,-0.12315096051437824,-0.25251727475800456,-0.2763332619175147,0.5147947415947967,0.00011135857461024499,0.5,-0.6373243417851174,0.48088975221762853,0.650613266760991,0.3291289225978067,0.8898791000529918,0.15441221690782625
2021-01-18 03:50:00,0.2810362133891213,-0.12323774210090344,-0.2522949218168281,-0.27606281021246204,0.5148779756841292,0.00011135857461024499,0.5,-0.6373243417851174,0.48088975221762853,0.650613266760991,0.3291289225978067,0.8898791000529918,0.1542719721773768
2021-01-18 04:00:00,0.28082977684797766,-0.12332452368742863,-0.25207257781087133,-0.27579235850740935,0.5149612228605829,0.00011135857461024499,0.5,-0.6961034586153199,0.4592465094092921,0.6849418500176969,0.327872376469244,0.8872302095190964,0.15413174253511777
2021-01-18 04:10:00,0.2806233612273361,-0.12341130527395383,-0.2518502278481013,-0.27552190680235666,0.5150444569499155,0.00011135857461024499,0.5,-0.6961034586153199,0.4592465094092921,0.6849418500176969,0.327872376469244,0.8872302095190964,0.1539914978046683
2021-01-18 04:20:00,0.28041688981868895,-0.12349808686047903,-0.2516278778853315,-0.2752514193893948,0.5151276910392484,0.00011135857461024499,0.5,-0.6961034586153199,0.4592465094092921,0.6849418500176969,0.327872376469244,0.8872302095190964,0.15385125307421882
2021-01-18 04:30:00,0.280210460251046,-0.12358486844700411,-0.2514055309009682,-0.274980967684342,0.5152109382157019,0.00011135857461024499,0.5,-0.6961034586153199,0.4592465094092921,0.6849418500176969,0.327872376469244,0.8872302095190964,0.15371101588786457
2021-01-18 04:40:00,0.2800040027894003,-0.12367165003352931,-0.25118318093819814,-0.2747105159792894,0.5152941723050346,0.00011135857461024499,0.5,-0.6961034586153199,0.4592465094092921,0.6849418500176969,0.327872376469244,0.8872302095190964,0.15357077870151034
2021-01-18 04:50:00,0.27979755927475597,-0.12375843162005451,-0.25096083395383484,-0.27444006427423684,0.5153774063943672,0.00011135857461024499,0.5,-0.6961034586153199,0.4592465094092921,0.6849418500176969,0.327872376469244,0.8872302095190964,0.15343054905925133
2021-01-18 05:00:00,0.2795911436541144,-0.12384521320657971,-0.2507384839910649,-0.27416957686127474,0.5154606666579419,0.00011135857461024499,0.5,-0.7086902808763724,0.4435399287945375,0.7046979687040498,0.3188245048052702,0.8910909735798733,0.15329030432880186
2021-01-18 05:10:00,0.2793846792189679,-0.1239319947931049,-0.2505161280714818,-0.27389912515622217,0.5155438876601536,0.00011135857461024499,0.5,-0.7086902808763724,0.4435399287945375,0.7046979687040498,0.3188245048052702,0.8910909735798733,0.15315007468654285
2021-01-18 05:20:00,0.27917824267782426,-0.1240187763796301,-0.2502937900223382,-0.2736286377432601,0.5156271479237282,0.00011135857461024499,0.5,-0.7086902808763724,0.4435399287945375,0.7046979687040498,0.3188245048052702,0.8910909735798733,0.15300982995609336
2021-01-18 05:30:00,0.2789717852161785,-0.1241055579661553,-0.25007143708116164,-0.2733581860382075,0.515710382013061,0.00011135857461024499,0.5,-0.7086902808763724,0.4435399287945375,0.7046979687040498,0.3188245048052702,0.8910909735798733,0.15286960031383437
2021-01-18 05:40:00,0.27876535564853555,-0.1241923395526805,-0.2498490841399852,-0.2730877343331548,0.5157936161023936,0.00011135857461024499,0.5,-0.7086902808763724,0.4435399287945375,0.7046979687040498,0.3188245048052702,0.8910909735798733,0.15272935558338488
2021-01-18 05:50:00,0.2785589051603905,-0.1242791211392057,-0.24962674609084146,-0.2728172826281021,0.5158768632788473,0.00011135857461024499,0.5,-0.7086902808763724,0.4435399287945375,0.7046979687040498,0.3188245048052702,0.8910909735798733,0.15258911085293542
2021-01-18 06:00:00,0.2783524616457462,-0.12436590272573078,-0.24940439017125848,-0.27254683092304943,0.5159600973681799,0.00011135857461024499,0.5,-0.7629704661727964,0.42238805541268004,0.7185205813615956,0.30729664833328685,0.9064762810963553,0.1524488812106764
2021-01-18 06:10:00,0.2781460251046025,-0.12445268431225598,-0.24918204020848855,-0.27227634351008745,0.5160433314575127,0.00011135857461024499,0.5,-0.7629704661727964,0.42238805541268004,0.7185205813615956,0.30729664833328685,0.9064762810963553,0.15230863648022694
2021-01-18 06:20:00,0.2779395815899582,-0.12453946589878118,-0.24895969322412514,-0.27200589180503476,0.5161265786339663,0.00011135857461024499,0.5,-0.7629704661727964,0.42238805541268004,0.7185205813615956,0.30729664833328685,0.9064762810963553,0.15216839929387269
2021-01-18 06:30:00,0.2777331380753138,-0.12462624748530637,-0.24873734326135533,-0.2717354400999821,0.516209812723299,0.00011135857461024499,0.5,-0.7629704661727964,0.42238805541268004,0.7185205813615956,0.30729664833328685,0.9064762810963553,0.15202816210751843
2021-01-18 06:40:00,0.2775266945606695,-0.12471302907183157,-0.24851499627699203,-0.2714649883949295,0.5162930468126317,0.00011135857461024499,0.5,-0.7629704661727964,0.42238805541268004,0.7185205813615956,0.30729664833328685,0.9064762810963553,0.15188793246525945
2021-01-18 06:50:00,0.2773202440725244,-0.12479981065835677,-0.248292646314222,-0.2711945366898768,0.5163762939890854,0.00011135857461024499,0.5,-0.7629704661727964,0.42238805541268004,0.7185205813615956,0.30729664833328685,0.9064762810963553,0.15174768773480996
2021-01-18 07:00:00,0.27711380753138076,-0.12488659224488197,-0.2480702903946389,-0.270924084984824,0.516459528078418,0.00011135857461024499,0.5,-0.7686134753819179,0.40475909967328233,0.7180819313080864,0.27808131346704434,0.9203172152433583,0.15160745809255097
2021-01-18 07:10:00,0.2769073709902371,-0.12497337383140705,-0.24784795234549528,-0.27065359757186225,0.5165427621677507,0.00011135857461024499,0.5,-0.7686134753819179,0.40475909967328233,0.7180819313080864,0.27808131346704434,0.9203172152433583,0.15146721336210148
2021-01-18 07:20:00,0.27670092050209205,-0.12506015541793225,-0.24762559940431883,-0.27038311015890015,0.5166260093442043,0.00011135857461024499,0.5,-0.7686134753819179,0.40475909967328233,0.7180819313080864,0.27808131346704434,0.9203172152433583,0.151326968631652
2021-01-18 07:30:00,0.27649447698744767,-0.12514693700445745,-0.24740324646314238,-0.2701126584538476,0.5167092434335371,0.00011135857461024499,0.5,-0.7686134753819179,0.40475909967328233,0.7180819313080864,0.27808131346704434,0.9203172152433583,0.151186738989393
2021-01-18 07:40:00,0.2762880264993027,-0.12523371859098265,-0.24718090841399865,-0.2698422067487948,0.5167924775228697,0.00011135857461024499,0.5,-0.7686134753819179,0.40475909967328233,0.7180819313080864,0.27808131346704434,0.9203172152433583,0.1510464942589435
2021-01-18 07:50:00,0.2760815969316597,-0.12532050017750784,-0.24695855249441567,-0.2695717550437421,0.5168757246993234,0.00011135857461024499,0.5,-0.7686134753819179,0.40475909967328233,0.7180819313080864,0.27808131346704434,0.9203172152433583,0.15090626461668452
2021-01-18 08:00:00,0.27587515341701535,-0.12540728176403304,-0.24673620253164563,-0.2693012676307803,0.516958958788656,0.00011135857461024499,0.5,-0.770851734510742,0.39552365325984823,0.7246134927437593,0.2912697046977749,0.9335631939852841,0.15076601988623506
2021-01-18 08:10:00,0.2756687029288703,-0.12549406335055824,-0.24651385554728233,-0.26903081592572753,0.5170421928779888,0.00011135857461024499,0.5,-0.770851734510742,0.39552365325984823,0.7246134927437593,0.2912697046977749,0.9335631939852841,0.1506257826998808
2021-01-18 08:20:00,0.2754622594142259,-0.12558084493708344,-0.24629152643335828,-0.26876036422067484,0.5171254531415634,0.00011135857461024499,0.5,-0.770851734510742,0.39552365325984823,0.7246134927437593,0.2912697046977749,0.9335631939852841,0.15048554551352658
2021-01-18 08:30:00,0.2752558158995816,-0.12566762652360874,-0.2460691705137753,-0.26848991251562215,0.5172086741437751,0.00011135857461024499,0.5,-0.770851734510742,0.39552365325984823,0.7246134927437593,0.2912697046977749,0.9335631939852841,0.1503453007830771
2021-01-18 08:40:00,0.27504937935843793,-0.12575440811013372,-0.24584682055100537,-0.2682194608105696,0.5172919344073498,0.00011135857461024499,0.5,-0.770851734510742,0.39552365325984823,0.7246134927437593,0.2912697046977749,0.9335631939852841,0.1502050711408181
2021-01-18 08:50:00,0.2748429358437936,-0.12584118969665892,-0.24562447356664197,-0.2679489733976075,0.5173751684966824,0.00011135857461024499,0.5,-0.770851734510742,0.39552365325984823,0.7246134927437593,0.2912697046977749,0.9335631939852841,0.1500648264103686
2021-01-18 09:00:00,0.2746364923291492,-0.12592797128318411,-0.24540212658227856,-0.2676785216925549,0.5174583894988941,0.00011135857461024499,0.5,-0.7649400328127695,0.4074630682716161,0.7208691789305436,0.2581459007553418,0.8858026901734612,0.14992459676810962
2021-01-18 09:10:00,0.27443004184100417,-0.12601475286970942,-0.24517977661950863,-0.2674080699875022,0.5175416497624687,0.00011135857461024499,0.5,-0.7649400328127695,0.4074630682716161,0.7208691789305436,0.2581459007553418,0.8858026901734612,0.14978435203766013
2021-01-18 09:20:00,0.27422359832635984,-0.12610153445623462,-0.2449574266567387,-0.2671376182824494,0.5176248838518015,0.00011135857461024499,0.5,-0.7649400328127695,0.4074630682716161,0.7208691789305436,0.2581459007553418,0.8858026901734612,0.14964412239540112
2021-01-18 09:30:00,0.27401716875871684,-0.12618831604275982,-0.2447350796723754,-0.2668671487234423,0.5177081179411341,0.00011135857461024499,0.5,-0.7649400328127695,0.4074630682716161,0.7208691789305436,0.2581459007553418,0.8858026901734612,0.14950387766495166
2021-01-18 09:40:00,0.27381071827057185,-0.12627509762928502,-0.244512732688012,-0.26659667916443497,0.5177913651175878,0.00011135857461024499,0.5,-0.7649400328127695,0.4074630682716161,0.7208691789305436,0.2581459007553418,0.8858026901734612,0.14936364802269264
2021-01-18 09:50:00,0.27360427475592747,-0.12636187921581,-0.24429037974683554,-0.266326191751473,0.5178745992069205,0.00011135857461024499,0.5,-0.7649400328127695,0.4074630682716161,0.7208691789305436,0.2581459007553418,0.8858026901734612,0.14922340329224318
2021-01-18 10:00:00,0.2733978242677824,-0.1264486608023353,-0.2440680268056591,-0.2660557400464202,0.5179578332962531,0.00011135857461024499,0.5,-0.567078065907706,0.4051786314643113,0.5688147330619765,0.26538673132170437,0.8347519549893234,0.1490831585617937
2021-01-18 10:10:00,0.2731913807531381,-0.1265354423888605,-0.24384568875651536,-0.2657852883413675,0.5180410804727068,0.00011135857461024499,0.5,-0.567078065907706,0.4051786314643113,0.5688147330619765,0.26538673132170437,0.8347519549893234,0.1489429289195347
2021-01-18 10:20:00,0.2729849511854951,-0.1266222239753857,-0.2436233358153389,-0.2655148366363149,0.5181243145620396,0.00011135857461024499,0.5,-0.567078065907706,0.4051786314643113,0.5688147330619765,0.26538673132170437,0.8347519549893234,0.1488026841890852
2021-01-18 10:30:00,0.27277850069735005,-0.1267090055619109,-0.24340098287416245,-0.26524438493126234,0.5182075486513722,0.00011135857461024499,0.5,-0.567078065907706,0.4051786314643113,0.5688147330619765,0.26538673132170437,0.8347519549893234,0.1486624545468262
2021-01-18 10:40:00,0.2725720571827057,-0.1267957871484361,-0.24317863588979916,-0.26497389751830025,0.5182907958278259,0.00011135857461024499,0.5,-0.567078065907706,0.4051786314643113,0.5688147330619765,0.26538673132170437,0.8347519549893234,0.14852220981637673
2021-01-18 10:50:00,0.2723656136680614,-0.1268825687349613,-0.24295628890543575,-0.2647034458132477,0.5183740299171585,0.00011135857461024499,0.5,-0.567078065907706,0.4051786314643113,0.5688147330619765,0.26538673132170437,0.8347519549893234,0.14838198017411772
2021-01-18 11:00:00,0.2721591631799163,-0.12696935032148648,-0.24273393894266582,-0.264432994108195,0.5184572640064912,0.00011135857461024499,0.5,-0.5661752311285719,0.4135692672848544,0.5244815299667481,0.24247429714714935,0.7890963507906222,0.14824173544366825
2021-01-18 11:10:00,0.27195273361227335,-0.12705613190801168,-0.2425115889798959,-0.2641625424031423,0.5185405242700658,0.00011135857461024499,0.5,-0.5661752311285719,0.4135692672848544,0.5244815299667481,0.24247429714714935,0.7890963507906222,0.14810150580140924
2021-01-18 11:20:00,0.271746290097629,-0.12714291349453677,-0.24228924199553248,-0.2638920906980896,0.5186237452722776,0.00011135857461024499,0.5,-0.5661752311285719,0.4135692672848544,0.5244815299667481,0.24247429714714935,0.7890963507906222,0.14796126107095975
2021-01-18 11:30:00,0.27153983960948397,-0.12722969508106197,-0.24206689501116918,-0.2636216389930369,0.5187069793616103,0.00011135857461024499,0.5,-0.5661752311285719,0.4135692672848544,0.5244815299667481,0.24247429714714935,0.7890963507906222,0.1478210163405103
2021-01-18 11:40:00,0.2713333960948396,-0.12731647666758716,-0.24184454504839914,-0.26335115158007494,0.5187902265380638,0.00011135857461024499,0.5,-0.5661752311285719,0.4135692672848544,0.5244815299667481,0.24247429714714935,0.7890963507906222,0.14768078669825127
2021-01-18 11:50:00,0.27112694560669454,-0.12740325825411236,-0.24162218912881617,-0.2630806820210677,0.5188734606273966,0.00011135857461024499,0.5,-0.5661752311285719,0.4135692672848544,0.5244815299667481,0.24247429714714935,0.7890963507906222,0.1475405419678018
2021-01-18 12:00:00,0.2709205160390516,-0.12749003984063756,-0.24139985107967243,-0.2628102124620604,0.5189567208909712,0.00011135857461024499,0.5,-0.5531741634961775,0.3961127218705379,0.5082412060428959,0.2937296279466398,0.7630355999154782,0.1474003123255428
2021-01-18 12:10:00,0.27071407252440727,-0.12757682142716276,-0.2411774981384961,-0.2625397607570076,0.5190399549803039,0.00011135857461024499,0.5,-0.5531741634961775,0.3961127218705379,0.5082412060428959,0.2937296279466398,0.7630355999154782,0.14726006759509333
2021-01-18 12:20:00,0.2705076220362622,-0.12766360301368795,-0.24095514519731953,-0.262269309051955,0.5191231759825156,0.00011135857461024499,0.5,-0.5531741634961775,0.3961127218705379,0.5082412060428959,0.2937296279466398,0.7630355999154782,0.14711983795283431
2021-01-18 12:30:00,0.27030118549511856,-0.12775038460021304,-0.24073279821295612,-0.2619988216389929,0.5192064362460902,0.00011135857461024499,0.5,-0.5531741634961775,0.3961127218705379,0.5082412060428959,0.2937296279466398,0.7630355999154782,0.14697959322238482
2021-01-18 12:40:00,0.2700947350069735,-0.12783716618673824,-0.24051045122859283,-0.26172836993394033,0.519289670335423,0.00011135857461024499,0.5,-0.5531741634961775,0.3961127218705379,0.5082412060428959,0.2937296279466398,0.7630355999154782,0.14683936358012584
2021-01-18 12:50:00,0.26988828451882846,-0.12792394777326344,-0.240288101265823,-0.26145791822888775,0.5193729044247556,0.00011135857461024499,0.5,-0.5531741634961775,0.3961127218705379,0.5082412060428959,0.2937296279466398,0.7630355999154782,0.14669911884967635
2021-01-18 13:00:00,0.26968185495118546,-0.12801072935978863,-0.2400657542814595,-0.26118746652383495,0.5194561516012093,0.00011135857461024499,0.5,-0.4089114785658038,0.3832997612117016,0.41963541700351675,0.34110963328229854,0.7499265725600902,0.14655887411922688
2021-01-18 13:10:00,0.26947541143654113,-0.12809751094631383,-0.23984340431868967,-0.26091701481878227,0.5195393856905419,0.00011135857461024499,0.5,-0.4089114785658038,0.3832997612117016,0.41963541700351675,0.34110963328229854,0.7499265725600902,0.14641864447696787
2021-01-18 13:20:00,0.2692689679218968,-0.12818429253283903,-0.23962106924795246,-0.2606465631137297,0.5196226197798747,0.00011135857461024499,0.5,-0.4089114785658038,0.3832997612117016,0.41963541700351675,0.34110963328229854,0.7499265725600902,0.1462783997465184
2021-01-18 13:30:00,0.26906251743375176,-0.12827107411936423,-0.23939871928518253,-0.2603760757007677,0.5197058669563283,0.00011135857461024499,0.5,-0.4089114785658038,0.3832997612117016,0.41963541700351675,0.34110963328229854,0.7499265725600902,0.1461381701042594
2021-01-18 13:40:00,0.2688560669456067,-0.12835785570588942,-0.23917637230081912,-0.260105623995715,0.519789101045661,0.00011135857461024499,0.5,-0.4089114785658038,0.3832997612117016,0.41963541700351675,0.34110963328229854,0.7499265725600902,0.14599793291790517
2021-01-18 13:50:00,0.2686496373779637,-0.12844463729241462,-0.2389540223380493,-0.25983517229066233,0.5198723351349936,0.00011135857461024499,0.5,-0.4089114785658038,0.3832997612117016,0.41963541700351675,0.34110963328229854,0.7499265725600902,0.14585769573155094
2021-01-18 14:00:00,0.2684431938633194,-0.1285314188789397,-0.2387316753536859,-0.25956472058560975,0.5199555823114473,0.00011135857461024499,0.5,-0.3866784425307924,0.3463608490633818,0.39458962759384025,0.4039954247154366,0.7413458531457465,0.14571745100110145
2021-01-18 14:10:00,0.26823675034867506,-0.1286182004654649,-0.23850932539091596,-0.25929423317264766,0.52003881640078,0.00011135857461024499,0.5,-0.3866784425307924,0.3463608490633818,0.39458962759384025,0.4039954247154366,0.7413458531457465,0.14557720627065196
2021-01-18 14:20:00,0.26803029986053,-0.1287049820519901,-0.238286969471333,-0.2590237457596858,0.5201220504901127,0.00011135857461024499,0.5,-0.3866784425307924,0.3463608490633818,0.39458962759384025,0.4039954247154366,0.7413458531457465,0.14543697662839297
2021-01-18 14:30:00,0.2678238493723849,-0.1287917636385153,-0.23806463142218925,-0.258753294054633,0.5202052976665663,0.00011135857461024499,0.5,-0.3866784425307924,0.3463608490633818,0.39458962759384025,0.4039954247154366,0.7413458531457465,0.14529673189794348
2021-01-18 14:40:00,0.26761741980474196,-0.1288785452250405,-0.2378422784810128,-0.2584828423495804,0.5202885317558991,0.00011135857461024499,0.5,-0.3866784425307924,0.3463608490633818,0.39458962759384025,0.4039954247154366,0.7413458531457465,0.1451565022556845
2021-01-18 14:50:00,0.26741097629009764,-0.1289653268115657,-0.23761992553983624,-0.25821239064452783,0.5203717658452317,0.00011135857461024499,0.5,-0.3866784425307924,0.3463608490633818,0.39458962759384025,0.4039954247154366,0.7413458531457465,0.145016257525235
2021-01-18 15:00:00,0.2672045327754533,-0.1290521083980909,-0.23739758749069262,-0.25794193893947504,0.5204550130216854,0.00011135857461024499,0.5,-0.36634473152930924,0.32473197378213625,0.39479455921756706,0.47940122927835604,0.728281176367812,0.14487602788297602
2021-01-18 15:10:00,0.2669980822873082,-0.12913888998461598,-0.23717523157110953,-0.25767148723442235,0.520538247111018,0.00011135857461024499,0.5,-0.36634473152930924,0.32473197378213625,0.39479455921756706,0.47940122927835604,0.728281176367812,0.14473578315252653
2021-01-18 15:20:00,0.26679163179916315,-0.12922567157114118,-0.2369528816083396,-0.25740099982146036,0.5206214812003508,0.00011135857461024499,0.5,-0.36634473152930924,0.32473197378213625,0.39479455921756706,0.47940122927835604,0.728281176367812,0.1445955535102675
2021-01-18 15:30:00,0.26658520920502093,-0.12931245315766637,-0.2367305346239763,-0.2571305481164077,0.5207047414639253,0.00011135857461024499,0.5,-0.36634473152930924,0.32473197378213625,0.39479455921756706,0.47940122927835604,0.728281176367812,0.14445531632391329
2021-01-18 15:40:00,0.2663787587168759,-0.12939923474419157,-0.23650818466120638,-0.2568600964113551,0.5207879755532581,0.00011135857461024499,0.5,-0.36634473152930924,0.32473197378213625,0.39479455921756706,0.47940122927835604,0.728281176367812,0.1443150715934638
2021-01-18 15:50:00,0.26617231520223156,-0.12948601633071688,-0.23628583767684297,-0.2565896447063024,0.5208712227297118,0.00011135857461024499,0.5,-0.36634473152930924,0.32473197378213625,0.39479455921756706,0.47940122927835604,0.728281176367812,0.14417483440710957
2021-01-18 16:00:00,0.26596586471408645,-0.12957279791724208,-0.23606348771407304,-0.2563191930012497,0.5209544437319235,0.00011135857461024499,0.5,-0.3285538133754562,0.32172054010407924,0.3899574881013479,0.5435163178363335,0.7194462272327029,0.14403458967666008
2021-01-18 16:10:00,0.2657594142259414,-0.12965957950376727,-0.23584113775130322,-0.25604870558828774,0.5210376778212561,0.00011135857461024499,0.5,-0.3285538133754562,0.32172054010407924,0.3899574881013479,0.5435163178363335,0.7194462272327029,0.14389436003440106
2021-01-18 16:20:00,0.26555299860529985,-0.12974636109029247,-0.23561879374534633,-0.25577825388323516,0.5211209380848307,0.00011135857461024499,0.5,-0.3285538133754562,0.32172054010407924,0.3899574881013479,0.5435163178363335,0.7194462272327029,0.1437541153039516
2021-01-18 16:30:00,0.2653465411436541,-0.12983314267681767,-0.23539644080416988,-0.25550776647027307,0.5212041721741635,0.00011135857461024499,0.5,-0.3285538133754562,0.32172054010407924,0.3899574881013479,0.5435163178363335,0.7194462272327029,0.1436138856616926
2021-01-18 16:40:00,0.26514009762900975,-0.12991992426334276,-0.23517408786299343,-0.2552373147652205,0.5212874062634961,0.00011135857461024499,0.5,-0.3285538133754562,0.32172054010407924,0.3899574881013479,0.5435163178363335,0.7194462272327029,0.14347364093124312
2021-01-18 16:50:00,0.2649336541143654,-0.13000670584986795,-0.2349517498138496,-0.2549668630601678,0.5213706534399498,0.00011135857461024499,0.5,-0.3285538133754562,0.32172054010407924,0.3899574881013479,0.5435163178363335,0.7194462272327029,0.1433334112889841
2021-01-18 17:00:00,0.26472719665271965,-0.13009348743639315,-0.23472939389426672,-0.2546963756472058,0.5214538875292825,0.00011135857461024499,0.5,-0.32869222869679815,0.32336131169775173,0.4006612342032402,0.5682800930813744,0.7113988982042018,0.14319316655853465
2021-01-18 17:10:00,0.2645207810320781,-0.13018026902291835,-0.2345070439314968,-0.25442592394215324,0.5215371216186151,0.00011135857461024499,0.5,-0.32869222869679815,0.32336131169775173,0.4006612342032402,0.5682800930813744,0.7113988982042018,0.1430529293721804
2021-01-18 17:20:00,0.26431433054393305,-0.13026705060944355,-0.2342846969471334,-0.25415547223710055,0.5216203687950688,0.00011135857461024499,0.5,-0.32869222869679815,0.32336131169775173,0.4006612342032402,0.5682800930813744,0.7113988982042018,0.14291269972992138
2021-01-18 17:30:00,0.264107880055788,-0.13035383219596874,-0.23406234698436346,-0.25388502053204776,0.5217036028844015,0.00011135857461024499,0.5,-0.32869222869679815,0.32336131169775173,0.4006612342032402,0.5682800930813744,0.7113988982042018,0.14277245499947191
2021-01-18 17:40:00,0.2639014365411437,-0.13044061378249394,-0.23384000000000016,-0.2536145688269952,0.5217868369737342,0.00011135857461024499,0.5,-0.32869222869679815,0.32336131169775173,0.4006612342032402,0.5682800930813744,0.7113988982042018,0.14263221781311766
2021-01-18 17:50:00,0.2636949860529986,-0.13052739536901903,-0.23361765003723012,-0.2533441171219426,0.5218700841501879,0.00011135857461024499,0.5,-0.32869222869679815,0.32336131169775173,0.4006612342032402,0.5682800930813744,0.7113988982042018,0.1424919730826682
2021-01-18 18:00:00,0.26348856345885635,-0.13061417695554423,-0.23339530305286682,-0.2530736297089805,0.5219533182395205,0.00011135857461024499,0.5,-0.5025846976692528,0.33490992997267216,0.5013691486853751,0.4691862431861617,0.7120373558438364,0.14235174344040918
2021-01-18 18:10:00,0.2632821129707113,-0.13070095854206942,-0.2331729560685034,-0.25280317800392793,0.5220365523288532,0.00011135857461024499,0.5,-0.5025846976692528,0.33490992997267216,0.5013691486853751,0.4691862431861617,0.7120373558438364,0.14221149870995972
2021-01-18 18:20:00,0.26307566248256625,-0.13078774012859462,-0.2329506180193598,-0.25253272629887513,0.5221197995053068,0.00011135857461024499,0.5,-0.5025846976692528,0.33490992997267216,0.5013691486853751,0.4691862431861617,0.7120373558438364,0.1420712690677007
2021-01-18 18:30:00,0.2628692189679219,-0.13087452171511982,-0.23272826805658975,-0.25226227459382244,0.5222030335946396,0.00011135857461024499,0.5,-0.5025846976692528,0.33490992997267216,0.5013691486853751,0.4691862431861617,0.7120373558438364,0.14193102433725124
2021-01-18 18:40:00,0.26266277545327754,-0.13096130330164502,-0.23250592107222645,-0.2519918050348152,0.5222862676839722,0.00011135857461024499,0.5,-0.5025846976692528,0.33490992997267216,0.5013691486853751,0.4691862431861617,0.7120373558438364,0.14179078715089702
2021-01-18 18:50:00,0.2624563458856346,-0.1310480848881702,-0.23228357408786304,-0.2517212997678986,0.5223695148604259,0.00011135857461024499,0.5,-0.5025846976692528,0.33490992997267216,0.5013691486853751,0.4691862431861617,0.7120373558438364,0.14165054996454277
2021-01-18 19:00:00,0.26224989539748955,-0.1311348664746954,-0.23206122412509322,-0.2514508480628459,0.5224527489497586,0.00011135857461024499,0.5,-0.5206272181889073,0.34475455953472395,0.5425195709066588,0.39740335369060714,0.6858421547070833,0.1415103127781885
2021-01-18 19:10:00,0.2620434449093445,-0.1312216480612206,-0.23183886820551014,-0.2511803963577932,0.5225360092133332,0.00011135857461024499,0.5,-0.5206272181889073,0.34475455953472395,0.5425195709066588,0.39740335369060714,0.6858421547070833,0.1413700831359295
2021-01-18 19:20:00,0.2618370013947002,-0.1313084296477457,-0.2316165301563664,-0.2509099446527404,0.5226192433026658,0.00011135857461024499,0.5,-0.5206272181889073,0.34475455953472395,0.5425195709066588,0.39740335369060714,0.6858421547070833,0.14122983840548003
2021-01-18 19:30:00,0.2616305578800558,-0.1313952112342709,-0.23139417721518996,-0.25063949294768784,0.5227024643048777,0.00011135857461024499,0.5,-0.5206272181889073,0.34475455953472395,0.5425195709066588,0.39740335369060714,0.6858421547070833,0.1410896012191258
2021-01-18 19:40:00,0.26142412831241285,-0.1314819928207961,-0.2311718242740135,-0.25036904124263526,0.5227857245684522,0.00011135857461024499,0.5,-0.5206272181889073,0.34475455953472395,0.5425195709066588,0.39740335369060714,0.6858421547070833,0.14094935648867632
2021-01-18 19:50:00,0.2612176778242678,-0.1315687744073213,-0.2309494772896501,-0.25009855382967316,0.5228689586577849,0.00011135857461024499,0.5,-0.5206272181889073,0.34475455953472395,0.5425195709066588,0.39740335369060714,0.6858421547070833,0.1408091193023221
2021-01-18 20:00:00,0.2610112273361227,-0.13165555599384648,-0.2307271303052867,-0.2498281021246206,0.5229521927471176,0.00011135857461024499,0.5,-0.5343010843422922,0.35680029424695625,0.5710362628790839,0.4011275620020716,0.7362067324841801,0.14066888211596784
2021-01-18 20:10:00,0.26080478382147837,-0.13174233758037168,-0.23050478034251687,-0.249557650419568,0.5230354399235712,0.00011135857461024499,0.5,-0.5343010843422922,0.35680029424695625,0.5710362628790839,0.4011275620020716,0.7362067324841801,0.1405286449296136
2021-01-18 20:20:00,0.26059834030683404,-0.13182911916689688,-0.23028243335815357,-0.2492871987145152,0.5231186740129039,0.00011135857461024499,0.5,-0.5343010843422922,0.35680029424695625,0.5710362628790839,0.4011275620020716,0.7362067324841801,0.14038840774325936
2021-01-18 20:30:00,0.2603919107391911,-0.13191590075342197,-0.23006008339538364,-0.24901674700946252,0.5232018950151157,0.00011135857461024499,0.5,-0.5343010843422922,0.35680029424695625,0.5710362628790839,0.4011275620020716,0.7362067324841801,0.1402481705569051
2021-01-18 20:40:00,0.2601854672245467,-0.13200268233994716,-0.22983773641102023,-0.24874625959650054,0.5232851552786902,0.00011135857461024499,0.5,-0.5343010843422922,0.35680029424695625,0.5710362628790839,0.4011275620020716,0.7362067324841801,0.14010793337055089
2021-01-18 20:50:00,0.25997900976290095,-0.13208946392647236,-0.2296153864482503,-0.24847580789144785,0.5233683893680229,0.00011135857461024499,0.5,-0.5343010843422922,0.35680029424695625,0.5710362628790839,0.4011275620020716,0.7362067324841801,0.13996769618419663
2021-01-18 21:00:00,0.25977257322175734,-0.13217624551299756,-0.22939303052866722,-0.24820533833244063,0.5234516234573556,0.00011135857461024499,0.5,-0.5342990498038338,0.37145804538414456,0.6183493442505077,0.37326781534660447,0.7647382096586691,0.13982746654193765
2021-01-18 21:10:00,0.2595661227336123,-0.13226302709952276,-0.2291706924795236,-0.2479348687734333,0.5235348706338092,0.00011135857461024499,0.5,-0.5342990498038338,0.37145804538414456,0.6183493442505077,0.37326781534660447,0.7647382096586691,0.13968722181148815
2021-01-18 21:20:00,0.25935969316596935,-0.13234980868604795,-0.22894833953834715,-0.2476644170683806,0.523618104723142,0.00011135857461024499,0.5,-0.5342990498038338,0.37145804538414456,0.6183493442505077,0.37326781534660447,0.7647382096586691,0.13954697708103866
2021-01-18 21:30:00,0.25915324965132497,-0.13243659027257315,-0.22872598659717058,-0.24739396536332792,0.5237013388124746,0.00011135857461024499,0.5,-0.5342990498038338,0.37145804538414456,0.6183493442505077,0.37326781534660447,0.7647382096586691,0.13940674743877968
2021-01-18 21:40:00,0.2589467991631799,-0.13252337185909846,-0.2285036425912138,-0.24712347795036593,0.5237845859889283,0.00011135857461024499,0.5,-0.5342990498038338,0.37145804538414456,0.6183493442505077,0.37326781534660447,0.7647382096586691,0.1392665027083302
2021-01-18 21:50:00,0.2587403556485356,-0.13261015344562366,-0.22828129262844388,-0.24685302624531325,0.5238678200782609,0.00011135857461024499,0.5,-0.5342990498038338,0.37145804538414456,0.6183493442505077,0.37326781534660447,0.7647382096586691,0.13912626552197596
2021-01-18 22:00:00,0.25853390516039054,-0.13269693503214863,-0.22805894266567395,-0.24658257454026067,0.5239510541675937,0.00011135857461024499,0.5,-0.6093435011338384,0.3729637622231752,0.6673311726742956,0.3306792860362578,0.7883197544178416,0.1389860283356217
2021-01-18 22:10:00,0.25832747559274755,-0.13278371661867383,-0.22783659568131054,-0.24631212283520798,0.5240343013440473,0.00011135857461024499,0.5,-0.6093435011338384,0.3729637622231752,0.6673311726742956,0.3306792860362578,0.7883197544178416,0.13884579114926746
2021-01-18 22:20:00,0.2581210320781032,-0.13287049820519903,-0.2276142457185406,-0.24604167113015518,0.52411753543338,0.00011135857461024499,0.5,-0.6093435011338384,0.3729637622231752,0.6673311726742956,0.3306792860362578,0.7883197544178416,0.13870555396291323
2021-01-18 22:30:00,0.25791458158995817,-0.13295727979172434,-0.2273918987341773,-0.24577118371719342,0.5242007956969547,0.00011135857461024499,0.5,-0.6093435011338384,0.3729637622231752,0.6673311726742956,0.3306792860362578,0.7883197544178416,0.13856531677655898
2021-01-18 22:40:00,0.25770813807531384,-0.13304406137824953,-0.22716954877140738,-0.24550073201214062,0.5242840297862873,0.00011135857461024499,0.5,-0.6093435011338384,0.3729637622231752,0.6673311726742956,0.3306792860362578,0.7883197544178416,0.13842507959020475
2021-01-18 22:50:00,0.25750169456066946,-0.13313084296477473,-0.2269471928518244,-0.24523028030708793,0.524367250788499,0.00011135857461024499,0.5,-0.6093435011338384,0.3729637622231752,0.6673311726742956,0.3306792860362578,0.7883197544178416,0.13828483485975526
2021-01-18 23:00:00,0.2572952580195258,-0.13321762455129993,-0.22672485480268068,-0.24495982860203536,0.5244505110520736,0.00011135857461024499,0.5,-0.637540136274053,0.3663633202780415,0.6845716795909281,0.3082462770171252,0.7875253503467833,0.13814460521749627
2021-01-18 23:10:00,0.25708881450488147,-0.13330440613782502,-0.22650250186150422,-0.24468935904302802,0.5245337451414063,0.00011135857461024499,0.5,-0.637540136274053,0.3663633202780415,0.6845716795909281,0.3082462770171252,0.7875253503467833,0.13800436048704678
2021-01-18 23:20:00,0.2568823709902371,-0.1333911877243502,-0.226280166790767,-0.24441887163006604,0.524616979230739,0.00011135857461024499,0.5,-0.637540136274053,0.3663633202780415,0.6845716795909281,0.3082462770171252,0.7875253503467833,0.13786413084478777
2021-01-18 23:30:00,0.25667592050209204,-0.1334779693108754,-0.22605781682799708,-0.2441484020710587,0.5247002264071927,0.00011135857461024499,0.5,-0.637540136274053,0.3663633202780415,0.6845716795909281,0.3082462770171252,0.7875253503467833,0.1377238861143383
2021-01-18 23:40:00,0.2564694769874477,-0.1335647508974006,-0.2258354728220403,-0.243877950366006,0.5247834735836463,0.00011135857461024499,0.5,-0.637540136274053,0.3663633202780415,0.6845716795909281,0.3082462770171252,0.7875253503467833,0.13758364892798405
2021-01-18 23:50:00,0.25626304044630405,-0.1336515324839258,-0.22561311988086385,-0.24360749866095333,0.5248667076729789,0.00011135857461024499,0.5,-0.637540136274053,0.3663633202780415,0.6845716795909281,0.3082462770171252,0.7875253503467833,0.13744341174162983
2021-01-19 00:00:00,0.2560565969316597,-0.133738314070451,-0.2253907669396874,-0.24333704695590075,0.5249499417623117,0.00011135857461024499,0.5,-0.6430060072249464,0.3687626973020644,0.7222367424393736,0.30103864430798627,0.7969145508223974,0.1373031745552756
2021-01-19 00:10:00,0.25585015341701534,-0.1338250956569762,-0.22516842889054367,-0.24306659525084806,0.5250331758516443,0.00011135857461024499,0.5,-0.6430060072249464,0.3687626973020644,0.7222367424393736,0.30103864430798627,0.7969145508223974,0.13716293736892135
2021-01-19 00:20:00,0.2556437029288703,-0.1339118772435013,-0.2249460729709607,-0.24279610783788608,0.5251164099409771,0.00011135857461024499,0.5,-0.6430060072249464,0.3687626973020644,0.7222367424393736,0.30103864430798627,0.7969145508223974,0.1370226926384719
2021-01-19 00:30:00,0.25543725941422596,-0.1339986588300266,-0.22472372300819077,-0.2425256561328334,0.5251996440303097,0.00011135857461024499,0.5,-0.6430060072249464,0.3687626973020644,0.7222367424393736,0.30103864430798627,0.7969145508223974,0.13688246299621287
2021-01-19 00:40:00,0.2552308228730823,-0.13408544041655168,-0.22450137602382736,-0.2422552044277806,0.5252828781196425,0.00011135857461024499,0.5,-0.6430060072249464,0.3687626973020644,0.7222367424393736,0.30103864430798627,0.7969145508223974,0.1367422182657634
2021-01-19 00:50:00,0.25502438633193864,-0.13417222200307688,-0.22427902606105743,-0.241984752722728,0.5253661122089751,0.00011135857461024499,0.5,-0.6430060072249464,0.3687626973020644,0.7222367424393736,0.30103864430798627,0.7969145508223974,0.1366019886235044
2021-01-19 01:00:00,0.2548179358437936,-0.13425900358960208,-0.22405667907669402,-0.24171430101767544,0.5254493462983078,0.00011135857461024499,0.5,-0.7095493564021089,0.35988356556046314,0.7427608474582075,0.3050487230566541,0.8104608057147187,0.1364617438930549
2021-01-19 01:10:00,0.25461149232914926,-0.13434578517612727,-0.2238343291139242,-0.24144381360471334,0.5255326327361244,0.00011135857461024499,0.5,-0.7095493564021089,0.35988356556046314,0.7427608474582075,0.3050487230566541,0.8104608057147187,0.13632151425079592
2021-01-19 01:20:00,0.2544050418410042,-0.13443256676265247,-0.2236119821295609,-0.24117336189966077,0.5256158537383361,0.00011135857461024499,0.5,-0.7095493564021089,0.35988356556046314,0.7427608474582075,0.3050487230566541,0.8104608057147187,0.13618126952034643
2021-01-19 01:30:00,0.2541986122733612,-0.13451934834917767,-0.22338963514519738,-0.24090289234065343,0.5256990878276687,0.00011135857461024499,0.5,-0.7095493564021089,0.35988356556046314,0.7427608474582075,0.3050487230566541,0.8104608057147187,0.13604102478989696
2021-01-19 01:40:00,0.2539921687587169,-0.13460612993570287,-0.22316728220402093,-0.2406324227816461,0.5257823219170015,0.00011135857461024499,0.5,-0.7095493564021089,0.35988356556046314,0.7427608474582075,0.3050487230566541,0.8104608057147187,0.13590079514763795
2021-01-19 01:50:00,0.25378571827057184,-0.13469291152222795,-0.22294492926284437,-0.24036197107659352,0.5258655560063341,0.00011135857461024499,0.5,-0.7095493564021089,0.35988356556046314,0.7427608474582075,0.3050487230566541,0.8104608057147187,0.13576055041718846
2021-01-19 02:00:00,0.25357927475592745,-0.13477969310875315,-0.22272259121370086,-0.24009151937154072,0.5259487900956669,0.00011135857461024499,0.5,-0.7170774155224612,0.3590358814621556,0.7528867015988852,0.31142360668385743,0.827565852665245,0.13562032077492947
2021-01-19 02:10:00,0.25337282426778246,-0.13486647469527835,-0.22250023529411767,-0.23982103195857885,0.5260320634463624,0.00011135857461024499,0.5,-0.7170774155224612,0.3590358814621556,0.7528867015988852,0.31142360668385743,0.827565852665245,0.13548007604447998
2021-01-19 02:20:00,0.25316639470013946,-0.13495325628180355,-0.22227788533134785,-0.23955058025352616,0.5261152975356951,0.00011135857461024499,0.5,-0.7170774155224612,0.3590358814621556,0.7528867015988852,0.31142360668385743,0.827565852665245,0.135339846402221
2021-01-19 02:30:00,0.25295995118549514,-0.13504003786832874,-0.22205553834698455,-0.23928012854847347,0.5261985316250278,0.00011135857461024499,0.5,-0.7170774155224612,0.3590358814621556,0.7528867015988852,0.31142360668385743,0.827565852665245,0.1351996016717715
2021-01-19 02:40:00,0.25275350767085075,-0.13512681945485394,-0.22183319136262103,-0.23900967684342078,0.5262817526272395,0.00011135857461024499,0.5,-0.7170774155224612,0.3590358814621556,0.7528867015988852,0.31142360668385743,0.827565852665245,0.13505937202951251
2021-01-19 02:50:00,0.2525470571827057,-0.13521360104137914,-0.2216108413998512,-0.2387392251383681,0.5263649867165722,0.00011135857461024499,0.5,-0.7170774155224612,0.3590358814621556,0.7528867015988852,0.31142360668385743,0.827565852665245,0.13491912729906302
2021-01-19 03:00:00,0.2523406136680614,-0.13530038262790423,-0.22138849143708128,-0.238468737725406,0.5264482208059049,0.00011135857461024499,0.5,-0.7324164680212246,0.3591307071409499,0.7724972376713529,0.3180489569332076,0.8401178299543993,0.13477888256861353
2021-01-19 03:10:00,0.25213418410041843,-0.13538716421442953,-0.22116614445271787,-0.23819828602035342,0.5265314941566005,0.00011135857461024499,0.5,-0.7324164680212246,0.3591307071409499,0.7724972376713529,0.3180489569332076,0.8401178299543993,0.13463865292635455
2021-01-19 03:20:00,0.2519277336122734,-0.13547394580095462,-0.22094379746835457,-0.23792783431530085,0.5266147282459331,0.00011135857461024499,0.5,-0.7324164680212246,0.3591307071409499,0.7724972376713529,0.3180489569332076,0.8401178299543993,0.13449840819590506
2021-01-19 03:30:00,0.251721290097629,-0.13556072738747982,-0.22072144452717812,-0.23765738261024816,0.5266979623352659,0.00011135857461024499,0.5,-0.7324164680212246,0.3591307071409499,0.7724972376713529,0.3180489569332076,0.8401178299543993,0.13435817855364607
2021-01-19 03:40:00,0.25151483960948395,-0.13564750897400502,-0.22049909158600156,-0.23738693090519536,0.5267811964245985,0.00011135857461024499,0.5,-0.7324164680212246,0.3591307071409499,0.7724972376713529,0.3180489569332076,0.8401178299543993,0.13421793382319658
2021-01-19 03:50:00,0.2513083960948396,-0.1357342905605302,-0.22027675353685783,-0.2371164434922336,0.5268644305139313,0.00011135857461024499,0.5,-0.7324164680212246,0.3591307071409499,0.7724972376713529,0.3180489569332076,0.8401178299543993,0.1340777041809376
2021-01-19 04:00:00,0.25110196652719663,-0.1358210721470554,-0.2200544005956815,-0.2368459560792715,0.5269476907775058,0.00011135857461024499,0.5,-0.7836166622696178,0.3594467927369268,0.8389053557028375,0.31766469535216857,0.853865993234718,0.1339374594504881
2021-01-19 04:10:00,0.25089551603905164,-0.1359078537335806,-0.21983204765450493,-0.23657550437421893,0.5270309248668386,0.00011135857461024499,0.5,-0.7836166622696178,0.3594467927369268,0.8389053557028375,0.31766469535216857,0.853865993234718,0.13379722980822908
2021-01-19 04:20:00,0.25068907252440725,-0.13599463532010592,-0.2196097096053612,-0.23630505266916624,0.5271141589561712,0.00011135857461024499,0.5,-0.7836166622696178,0.3594467927369268,0.8389053557028375,0.31766469535216857,0.853865993234718,0.13365698507777962
2021-01-19 04:30:00,0.25048262900976287,-0.1360814169066309,-0.21938737155621746,-0.23603460096411344,0.527197393045504,0.00011135857461024499,0.5,-0.7836166622696178,0.3594467927369268,0.8389053557028375,0.31766469535216857,0.853865993234718,0.13351674034733013
2021-01-19 04:40:00,0.2502761785216179,-0.1361681984931561,-0.21916501861504112,-0.23576414925906086,0.5272806271348366,0.00011135857461024499,0.5,-0.7836166622696178,0.3594467927369268,0.8389053557028375,0.31766469535216857,0.853865993234718,0.13337651070507114
2021-01-19 04:50:00,0.2500697489539749,-0.1362549800796813,-0.21894266567386467,-0.23549366184609888,0.5273638612241693,0.00011135857461024499,0.5,-0.7836166622696178,0.3594467927369268,0.8389053557028375,0.31766469535216857,0.853865993234718,0.13323626597462168
2021-01-19 05:00:00,0.24986330543933055,-0.13634176166620648,-0.21872032166790778,-0.2352232101410462,0.5274471345748649,0.00011135857461024499,0.5,-0.7974350473597194,0.3559583571594817,0.8502677743626734,0.31763200378034917,0.8750923091477965,0.13309603633236267
2021-01-19 05:10:00,0.2496568549511855,-0.1364285432527318,-0.21849797170513785,-0.2349527584359935,0.5275303686641976,0.00011135857461024499,0.5,-0.7974350473597194,0.3559583571594817,0.8502677743626734,0.31763200378034917,0.8750923091477965,0.1329557916019132
2021-01-19 05:20:00,0.24945041143654115,-0.136515324839257,-0.21827562174236803,-0.23468230673094093,0.5276135896664093,0.00011135857461024499,0.5,-0.7974350473597194,0.3559583571594817,0.8502677743626734,0.31763200378034917,0.8750923091477965,0.13281556195965416
2021-01-19 05:30:00,0.2492439609483961,-0.1366021064257822,-0.21805327475800462,-0.23441185502588824,0.527696823755742,0.00011135857461024499,0.5,-0.7974350473597194,0.3559583571594817,0.8502677743626734,0.31763200378034917,0.8750923091477965,0.13267531722920473
2021-01-19 05:40:00,0.24903753138075313,-0.13668888801230716,-0.2178309247952347,-0.23414136761292625,0.5277800578450746,0.00011135857461024499,0.5,-0.7974350473597194,0.3559583571594817,0.8502677743626734,0.31763200378034917,0.8750923091477965,0.1325350875869457
2021-01-19 05:50:00,0.24883108786610877,-0.13677566959883258,-0.21760857781087128,-0.23387091590787368,0.5278632919344074,0.00011135857461024499,0.5,-0.7974350473597194,0.3559583571594817,0.8502677743626734,0.31763200378034917,0.8750923091477965,0.13239484285649622
2021-01-19 06:00:00,0.24862463737796373,-0.13686245118535767,-0.21738622784810135,-0.23360046420282077,0.527946565285103,0.00011135857461024499,0.5,-0.8305922207921159,0.3782826207518814,0.8494944618370015,0.3150665652287455,0.9173425238025156,0.13225459812604676
2021-01-19 06:10:00,0.2484182008368201,-0.13694923277188287,-0.21716387192851838,-0.233329976789859,0.5280297993744356,0.00011135857461024499,0.5,-0.8305922207921159,0.3782826207518814,0.8494944618370015,0.3150665652287455,0.9173425238025156,0.13211436848378774
2021-01-19 06:20:00,0.24821175034867501,-0.13703601435840806,-0.21694153387937465,-0.2330595250848062,0.5281130334637684,0.00011135857461024499,0.5,-0.8305922207921159,0.3782826207518814,0.8494944618370015,0.3150665652287455,0.9173425238025156,0.13197412375333828
2021-01-19 06:30:00,0.24800531380753138,-0.13712279594493326,-0.21671918093819809,-0.23278907337975352,0.528196267553101,0.00011135857461024499,0.5,-0.8305922207921159,0.3782826207518814,0.8494944618370015,0.3150665652287455,0.9173425238025156,0.13183389411107926
2021-01-19 06:40:00,0.24779887029288702,-0.13720957753145846,-0.21649682799702175,-0.23251858596679176,0.5282794885553127,0.00011135857461024499,0.5,-0.8305922207921159,0.3782826207518814,0.8494944618370015,0.3150665652287455,0.9173425238025156,0.1316936493806298
2021-01-19 06:50:00,0.24759242677824267,-0.13729635911798366,-0.216274489947878,-0.23224813426173896,0.5283627226446455,0.00011135857461024499,0.5,-0.8305922207921159,0.3782826207518814,0.8494944618370015,0.3150665652287455,0.9173425238025156,0.13155341973837079
2021-01-19 07:00:00,0.24738598326359834,-0.13738314070450885,-0.21605213402829493,-0.23197768255668627,0.528445995995341,0.00011135857461024499,0.5,-0.837254066825583,0.37663610214737175,0.8495838657941348,0.28186178274405965,0.9087113486873085,0.1314131750079213
2021-01-19 07:10:00,0.24717953277545326,-0.13746992229103394,-0.215829784065525,-0.23170723085163358,0.5285292300846737,0.00011135857461024499,0.5,-0.837254066825583,0.37663610214737175,0.8495838657941348,0.28186178274405965,0.9087113486873085,0.13127293027747183
2021-01-19 07:20:00,0.24697310320781032,-0.13755670387755914,-0.2156074370811617,-0.231436779146581,0.5286124641740064,0.00011135857461024499,0.5,-0.837254066825583,0.37663610214737175,0.8495838657941348,0.28186178274405965,0.9087113486873085,0.13113270063521282
2021-01-19 07:30:00,0.24676665271966527,-0.13764348546408434,-0.21538508711839188,-0.2311662917336189,0.5286956982633391,0.00011135857461024499,0.5,-0.837254066825583,0.37663610214737175,0.8495838657941348,0.28186178274405965,0.9087113486873085,0.13099245590476336
2021-01-19 07:40:00,0.24656020920502092,-0.13773026705060953,-0.21516274013402847,-0.23089584002856633,0.5287789323526717,0.00011135857461024499,0.5,-0.837254066825583,0.37663610214737175,0.8495838657941348,0.28186178274405965,0.9087113486873085,0.13085222626250434
2021-01-19 07:50:00,0.2463537656903766,-0.13781704863713473,-0.21494039017125854,-0.23062538832351365,0.5288622057033674,0.00011135857461024499,0.5,-0.837254066825583,0.37663610214737175,0.8495838657941348,0.28186178274405965,0.9087113486873085,0.13071198153205485
2021-01-19 08:00:00,0.24614731520223151,-0.13790383022365993,-0.21471803425167535,-0.23035493661846085,0.5289454397927,0.00011135857461024499,0.5,-0.8458269781800754,0.37998086245391716,0.8550104957709392,0.314442532304725,0.9087751180642879,0.13057175188979586
2021-01-19 08:10:00,0.24594088563458855,-0.13799061181018513,-0.21449569620253184,-0.23008448491340827,0.5290286738820327,0.00011135857461024499,0.5,-0.8458269781800754,0.37998086245391716,0.8550104957709392,0.314442532304725,0.9087751180642879,0.13043150715934637
2021-01-19 08:20:00,0.24573443514644353,-0.1380773933967102,-0.21427334326135528,-0.22981401535440094,0.5291119079713654,0.00011135857461024499,0.5,-0.8458269781800754,0.37998086245391716,0.8550104957709392,0.314442532304725,0.9087751180642879,0.13029127751708738
2021-01-19 08:30:00,0.24552799163179917,-0.13816417498323552,-0.21405099032017882,-0.22954351008748441,0.5291951420606981,0.00011135857461024499,0.5,-0.8458269781800754,0.37998086245391716,0.8550104957709392,0.314442532304725,0.9087751180642879,0.1301510327866379
2021-01-19 08:40:00,0.2453215481171548,-0.1382509565697606,-0.2138286522710351,-0.22927305838243162,0.5292783761500308,0.00011135857461024499,0.5,-0.8458269781800754,0.37998086245391716,0.8550104957709392,0.314442532304725,0.9087751180642879,0.13001078805618843
2021-01-19 08:50:00,0.24511509762900976,-0.1383377381562858,-0.213606296351452,-0.22900260667737893,0.5293616364136055,0.00011135857461024499,0.5,-0.8458269781800754,0.37998086245391716,0.8550104957709392,0.314442532304725,0.9087751180642879,0.12987055841392942
2021-01-19 09:00:00,0.2449086680613668,-0.138424519742811,-0.2133839463886822,-0.22873215497232635,0.5294448705029381,0.00011135857461024499,0.5,-0.8553571565557332,0.40165571382184745,0.865252638462952,0.3157536487672206,0.8905082295331036,0.12973031368347993
2021-01-19 09:10:00,0.24470222454672244,-0.1385113013293362,-0.21316159940431878,-0.22846170326727377,0.5295280784180288,0.00011135857461024499,0.5,-0.8553571565557332,0.40165571382184745,0.865252638462952,0.3157536487672206,0.8905082295331036,0.12959008404122094
2021-01-19 09:20:00,0.2444957740585774,-0.1385980829158614,-0.21293924944154885,-0.22819121585431168,0.5296113125073615,0.00011135857461024499,0.5,-0.8553571565557332,0.40165571382184745,0.865252638462952,0.3157536487672206,0.8905082295331036,0.12944983931077145
2021-01-19 09:30:00,0.24428933054393304,-0.1386848645023866,-0.21271691437081175,-0.2279207641492591,0.5296945465966942,0.00011135857461024499,0.5,-0.8553571565557332,0.40165571382184745,0.865252638462952,0.3157536487672206,0.8905082295331036,0.12930960966851246
2021-01-19 09:40:00,0.244082880055788,-0.1387716460889118,-0.21249456440804182,-0.22765031244420642,0.5297777806860269,0.00011135857461024499,0.5,-0.8553571565557332,0.40165571382184745,0.865252638462952,0.3157536487672206,0.8905082295331036,0.12916936493806297
2021-01-19 09:50:00,0.24387645048814505,-0.13885842767543688,-0.2122722174236784,-0.22737986073915373,0.5298610671238435,0.00011135857461024499,0.5,-0.8553571565557332,0.40165571382184745,0.865252638462952,0.3157536487672206,0.8905082295331036,0.12902913529580398
2021-01-19 10:00:00,0.2436700139470014,-0.13894520926196208,-0.2120498704393151,-0.22710940903410104,0.5299443012131761,0.00011135857461024499,0.5,-0.6419728952783033,0.4080578838931388,0.6746636921145838,0.27735540868703373,0.893730451203318,0.1288888905653545
2021-01-19 10:10:00,0.24346355648535564,-0.13903199084848727,-0.21182752047654518,-0.22683895732904835,0.5300275353025088,0.00011135857461024499,0.5,-0.6419728952783033,0.4080578838931388,0.6746636921145838,0.27735540868703373,0.893730451203318,0.12874864583490503
2021-01-19 10:20:00,0.2432571129707113,-0.13911877243501247,-0.21160517051377514,-0.22656846991608637,0.5301107693918415,0.00011135857461024499,0.5,-0.6419728952783033,0.4080578838931388,0.6746636921145838,0.27735540868703373,0.893730451203318,0.128608416192646
2021-01-19 10:30:00,0.24305066945606696,-0.13920555402153767,-0.21138282352941185,-0.22629801821103368,0.5301939903940532,0.00011135857461024499,0.5,-0.6419728952783033,0.4080578838931388,0.6746636921145838,0.27735540868703373,0.893730451203318,0.12846817146219655
2021-01-19 10:40:00,0.24284423988842402,-0.13929233560806287,-0.21116047654504844,-0.22602754865202634,0.5302772637447488,0.00011135857461024499,0.5,-0.6419728952783033,0.4080578838931388,0.6746636921145838,0.27735540868703373,0.893730451203318,0.12832794181993754
2021-01-19 10:50:00,0.24263779637377964,-0.13937911719458806,-0.2109381236038721,-0.225757079093019,0.5303604978340816,0.00011135857461024499,0.5,-0.6419728952783033,0.4080578838931388,0.6746636921145838,0.27735540868703373,0.893730451203318,0.12818769708948807
2021-01-19 11:00:00,0.2424313458856346,-0.13946589878111315,-0.21071577066269565,-0.22548662738796643,0.5304437319234142,0.00011135857461024499,0.5,-0.6143269196454033,0.41872720951015363,0.5833248050835217,0.2289757247389991,0.8292805039870157,0.12804746744722906
2021-01-19 11:10:00,0.24222489539748954,-0.13955268036763857,-0.2104934326135518,-0.22521613997500434,0.5305269660127468,0.00011135857461024499,0.5,-0.6143269196454033,0.41872720951015363,0.5833248050835217,0.2289757247389991,0.8292805039870157,0.1279072227167796
2021-01-19 11:20:00,0.2420184518828452,-0.13963946195416355,-0.21027107967237535,-0.22494568826995176,0.5306102001020796,0.00011135857461024499,0.5,-0.6143269196454033,0.41872720951015363,0.5833248050835217,0.2289757247389991,0.8292805039870157,0.12776699307452058
2021-01-19 11:30:00,0.2418120223152022,-0.13972624354068874,-0.210048726731199,-0.22467523656489918,0.5306934341914122,0.00011135857461024499,0.5,-0.6143269196454033,0.41872720951015363,0.5833248050835217,0.2289757247389991,0.8292805039870157,0.12762674834407112
2021-01-19 11:40:00,0.24160557880055789,-0.13981302512721405,-0.2098263797468356,-0.22440478485984638,0.5307767206292289,0.00011135857461024499,0.5,-0.6143269196454033,0.41872720951015363,0.5833248050835217,0.2289757247389991,0.8292805039870157,0.12748650361362163
2021-01-19 11:50:00,0.2413991283124128,-0.13989980671373925,-0.2096040327624722,-0.2241343331547937,0.5308599285443196,0.00011135857461024499,0.5,-0.6143269196454033,0.41872720951015363,0.5833248050835217,0.2289757247389991,0.8292805039870157,0.1273462739713626
2021-01-19 12:00:00,0.2411926778242678,-0.13998658830026445,-0.20938168279970226,-0.22386384574183182,0.5309431626336523,0.00011135857461024499,0.5,-0.601534508940796,0.41378190668578746,0.5434600244472267,0.30485710307194425,0.7653324865005784,0.12720602924091315
2021-01-19 12:10:00,0.24098623430962346,-0.14007336988678964,-0.20915933283693233,-0.22359339403677914,0.5310263967229848,0.00011135857461024499,0.5,-0.601534508940796,0.41378190668578746,0.5434600244472267,0.30485710307194425,0.7653324865005784,0.12706579959865413
2021-01-19 12:20:00,0.24077980474198046,-0.14016015147331484,-0.20893698585256903,-0.22332294233172645,0.5311096308123177,0.00011135857461024499,0.5,-0.601534508940796,0.41378190668578746,0.5434600244472267,0.30485710307194425,0.7653324865005784,0.12692555486820467
2021-01-19 12:30:00,0.24057336122733614,-0.14024693305983993,-0.20871463886820563,-0.22305249062667376,0.5311928649016503,0.00011135857461024499,0.5,-0.601534508940796,0.41378190668578746,0.5434600244472267,0.30485710307194425,0.7653324865005784,0.12678532522594566
2021-01-19 12:40:00,0.24036691073919106,-0.14033371464636513,-0.2084922889054357,-0.22278203892162118,0.5312761251652248,0.00011135857461024499,0.5,-0.601534508940796,0.41378190668578746,0.5434600244472267,0.30485710307194425,0.7653324865005784,0.12664508049549617
2021-01-19 12:50:00,0.240160460251046,-0.14042049623289032,-0.2082699329858526,-0.2225115872165685,0.5313593592545577,0.00011135857461024499,0.5,-0.601534508940796,0.41378190668578746,0.5434600244472267,0.30485710307194425,0.7653324865005784,0.12650484330914194
2021-01-19 13:00:00,0.23995401673640165,-0.14050727781941552,-0.208047594936709,-0.22224108194965175,0.5314425933438903,0.00011135857461024499,0.5,-0.43020195629211044,0.403290738404687,0.4021945437716068,0.36598565923411736,0.7464669963293077,0.1263646061227877
2021-01-19 13:10:00,0.2397475871687587,-0.14059405940594072,-0.20782524199553254,-0.22197061239064442,0.5315258274332229,0.00011135857461024499,0.5,-0.43020195629211044,0.403290738404687,0.4021945437716068,0.36598565923411736,0.7464669963293077,0.12622436139233822
2021-01-19 13:20:00,0.23954114365411439,-0.14068084099246592,-0.20760288905435598,-0.22170016068559184,0.5316090615225557,0.00011135857461024499,0.5,-0.43020195629211044,0.403290738404687,0.4021945437716068,0.36598565923411736,0.7464669963293077,0.1260841317500792
2021-01-19 13:30:00,0.2393346931659693,-0.14076762257899111,-0.20738054206999268,-0.22142970898053926,0.5316922956118882,0.00011135857461024499,0.5,-0.43020195629211044,0.403290738404687,0.4021945437716068,0.36598565923411736,0.7464669963293077,0.12594388701962975
2021-01-19 13:40:00,0.23912824267782426,-0.1408544041655162,-0.20715819508562927,-0.22115925727548646,0.5317755689625838,0.00011135857461024499,0.5,-0.43020195629211044,0.403290738404687,0.4021945437716068,0.36598565923411736,0.7464669963293077,0.12580365737737073
2021-01-19 13:50:00,0.2389217991631799,-0.1409411857520415,-0.20693584512285945,-0.2208887698625246,0.5318588030519167,0.00011135857461024499,0.5,-0.43020195629211044,0.403290738404687,0.4021945437716068,0.36598565923411736,0.7464669963293077,0.12566341264692124
2021-01-19 14:00:00,0.23871536959553696,-0.1410279673385666,-0.20671349813849593,-0.2206183181574718,0.5319420371412492,0.00011135857461024499,0.5,-0.4145259375303305,0.3800182180243524,0.373269003064717,0.404552881108794,0.7364577400024483,0.12552318300466225
2021-01-19 14:10:00,0.23850892608089264,-0.1411147489250918,-0.2064911481757261,-0.2203478664524191,0.5320252712305821,0.00011135857461024499,0.5,-0.4145259375303305,0.3800182180243524,0.373269003064717,0.404552881108794,0.7364577400024483,0.12538293827421276
2021-01-19 14:20:00,0.23830247559274756,-0.141201530511617,-0.20626880119136282,-0.22007741474736653,0.5321085053199146,0.00011135857461024499,0.5,-0.4145259375303305,0.3800182180243524,0.373269003064717,0.404552881108794,0.7364577400024483,0.1252426935437633
2021-01-19 14:30:00,0.2380960251046025,-0.1412883120981422,-0.20604646314221897,-0.21980696304231384,0.5321917655834892,0.00011135857461024499,0.5,-0.4145259375303305,0.3800182180243524,0.373269003064717,0.404552881108794,0.7364577400024483,0.12510246390150428
2021-01-19 14:40:00,0.23788958856345888,-0.14137509368466739,-0.2058240953090098,-0.21953651133726115,0.5322749996728219,0.00011135857461024499,0.5,-0.4145259375303305,0.3800182180243524,0.373269003064717,0.404552881108794,0.7364577400024483,0.12496222671515005
2021-01-19 14:50:00,0.2376831589958159,-0.14146187527119258,-0.20560175725986607,-0.21926602392429917,0.5323582337621546,0.00011135857461024499,0.5,-0.4145259375303305,0.3800182180243524,0.373269003064717,0.404552881108794,0.7364577400024483,0.12482198952879581
2021-01-19 15:00:00,0.23747670850767086,-0.14154865685771778,-0.20537940431868962,-0.2189955722192466,0.5324414678514873,0.00011135857461024499,0.5,-0.3977761494058315,0.36590068590574426,0.3544040072248543,0.43656600336396234,0.7274652327789233,0.12468175234244157
2021-01-19 15:10:00,0.2372702649930265,-0.14163543844424287,-0.20515705137751317,-0.2187251205141939,0.5325247019408201,0.00011135857461024499,0.5,-0.3977761494058315,0.36590068590574426,0.3544040072248543,0.43656600336396234,0.7274652327789233,0.12454151515608733
2021-01-19 15:20:00,0.23706381450488148,-0.14172222003076806,-0.20493471332836943,-0.21845463310123192,0.5326079360301527,0.00011135857461024499,0.5,-0.3977761494058315,0.36590068590574426,0.3544040072248543,0.43656600336396234,0.7274652327789233,0.12440127042563787
2021-01-19 15:30:00,0.2368573709902371,-0.14180900161729326,-0.20471234549516015,-0.21818418139617923,0.5326912093808482,0.00011135857461024499,0.5,-0.3977761494058315,0.36590068590574426,0.3544040072248543,0.43656600336396234,0.7274652327789233,0.12426104078337884
2021-01-19 15:40:00,0.23665094142259416,-0.14189578320381846,-0.20449000744601653,-0.21791369398321725,0.532774443470181,0.00011135857461024499,0.5,-0.3977761494058315,0.36590068590574426,0.3544040072248543,0.43656600336396234,0.7274652327789233,0.12412079605292939
2021-01-19 15:50:00,0.23644449093444908,-0.14198256479034366,-0.2042676693968728,-0.21764324227816467,0.5328576644723927,0.00011135857461024499,0.5,-0.3977761494058315,0.36590068590574426,0.3544040072248543,0.43656600336396234,0.7274652327789233,0.12398055886657515
2021-01-19 16:00:00,0.23623804741980475,-0.14206934637686885,-0.20404530156366352,-0.21737279057311198,0.5329408985617253,0.00011135857461024499,0.5,-0.34038535492523414,0.3665184895706114,0.3372756039934782,0.45804998943357944,0.726443904346756,0.1238403216802209
2021-01-19 16:10:00,0.23603159693165968,-0.14215612796339405,-0.20382296351451978,-0.21710233886805919,0.5330241326510581,0.00011135857461024499,0.5,-0.34038535492523414,0.3665184895706114,0.3372756039934782,0.45804998943357944,0.726443904346756,0.12370007694977142
2021-01-19 16:20:00,0.23582515341701535,-0.14224290954991914,-0.20360062546537616,-0.2168318871630066,0.5331073667403907,0.00011135857461024499,0.5,-0.34038535492523414,0.3665184895706114,0.3372756039934782,0.45804998943357944,0.726443904346756,0.12355984730751242
2021-01-19 16:30:00,0.2356187238493724,-0.14232969113644445,-0.20337825763216688,-0.21656143545795403,0.5331906400910863,0.00011135857461024499,0.5,-0.34038535492523414,0.3665184895706114,0.3372756039934782,0.45804998943357944,0.726443904346756,0.12341961012115818
2021-01-19 16:40:00,0.23541227336122733,-0.14241647272296953,-0.20315591958302326,-0.21629094804499194,0.533273874180419,0.00011135857461024499,0.5,-0.34038535492523414,0.3665184895706114,0.3372756039934782,0.45804998943357944,0.726443904346756,0.12327937293480394
2021-01-19 16:50:00,0.235205829846583,-0.14250325430949473,-0.2029335666418467,-0.21602049633993936,0.5333571082697517,0.00011135857461024499,0.5,-0.34038535492523414,0.3665184895706114,0.3372756039934782,0.45804998943357944,0.726443904346756,0.1231391357484497
2021-01-19 17:00:00,0.23499938633193865,-0.14259003589601993,-0.2027112434847359,-0.21575004463488656,0.5334403423590844,0.00011135857461024499,0.5,-0.33846364996866485,0.3794636314786773,0.34810616421896384,0.45828022272117663,0.729642466892323,0.12299889101800021
2021-01-19 17:10:00,0.2347929358437936,-0.14267681748254513,-0.20248890543559206,-0.21547959292983387,0.5335235764484171,0.00011135857461024499,0.5,-0.33846364996866485,0.3794636314786773,0.34810616421896384,0.45828022272117663,0.729642466892323,0.12285865383164597
2021-01-19 17:20:00,0.23458650627615063,-0.14276359906907032,-0.20226653760238278,-0.2152091412247813,0.5336068367119917,0.00011135857461024499,0.5,-0.33846364996866485,0.3794636314786773,0.34810616421896384,0.45828022272117663,0.729642466892323,0.12271841664529173
2021-01-19 17:30:00,0.23438005578800558,-0.14285038065559552,-0.20204419955323916,-0.2149386538118193,0.5336900708013244,0.00011135857461024499,0.5,-0.33846364996866485,0.3794636314786773,0.34810616421896384,0.45828022272117663,0.729642466892323,0.1225781794589375
2021-01-19 17:40:00,0.23417361227336125,-0.14293716224212083,-0.20182186150409542,-0.21466816639885733,0.5337733048906571,0.00011135857461024499,0.5,-0.33846364996866485,0.3794636314786773,0.34810616421896384,0.45828022272117663,0.729642466892323,0.12243794227258326
2021-01-19 17:50:00,0.2339671687587169,-0.1430239438286458,-0.20159949367088614,-0.21439771469380464,0.5338565389799897,0.00011135857461024499,0.5,-0.33846364996866485,0.3794636314786773,0.34810616421896384,0.45828022272117663,0.729642466892323,0.12229770508622902
2021-01-19 18:00:00,0.23376071827057185,-0.143110725415171,-0.20137715562174252,-0.21412726298875184,0.5339397730693225,0.00011135857461024499,0.5,-0.5121199790676011,0.39281681115609796,0.4586116110757934,0.38921888849796044,0.7382283591698683,0.12215746035577954
2021-01-19 18:10:00,0.23355428870292888,-0.1431975070016962,-0.20115481757259868,-0.21385681128369927,0.5340230071586551,0.00011135857461024499,0.5,-0.5121199790676011,0.39281681115609796,0.4586116110757934,0.38921888849796044,0.7382283591698683,0.12201723071352052
2021-01-19 18:20:00,0.2333478382147838,-0.1432842885882215,-0.2009324497393895,-0.2135863238707374,0.5341062674222298,0.00011135857461024499,0.5,-0.5121199790676011,0.39281681115609796,0.4586116110757934,0.38921888849796044,0.7382283591698683,0.12187699352716629
2021-01-19 18:30:00,0.23314140167364017,-0.1433710701747467,-0.20071011169024588,-0.2133158721656846,0.5341895015115624,0.00011135857461024499,0.5,-0.5121199790676011,0.39281681115609796,0.4586116110757934,0.38921888849796044,0.7382283591698683,0.12173674879671681
2021-01-19 18:40:00,0.23293495118549512,-0.1434578517612719,-0.2004877438570366,-0.21304542046063202,0.5342727356008952,0.00011135857461024499,0.5,-0.5121199790676011,0.39281681115609796,0.4586116110757934,0.38921888849796044,0.7382283591698683,0.12159651915445781
2021-01-19 18:50:00,0.23272850767085076,-0.1435446333477971,-0.20026540580789287,-0.21277496875557944,0.5343559696902278,0.00011135857461024499,0.5,-0.5121199790676011,0.39281681115609796,0.4586116110757934,0.38921888849796044,0.7382283591698683,0.12145627442400833
2021-01-19 19:00:00,0.23252207810320782,-0.14363141493432208,-0.20004306775874925,-0.21250451705052664,0.5344392037795606,0.00011135857461024499,0.5,-0.5393842619444918,0.41871858899389997,0.5118390495433615,0.3101014061873324,0.7195849595002171,0.12131604478174933
2021-01-19 19:10:00,0.23231562064156205,-0.1437181965208475,-0.19982069992553997,-0.21223406534547395,0.5345224378688932,0.00011135857461024499,0.5,-0.5393842619444918,0.41871858899389997,0.5118390495433615,0.3101014061873324,0.7195849595002171,0.12117580005129985
2021-01-19 19:20:00,0.23210918410041842,-0.14380497810737258,-0.19959836187639624,-0.21196357793251197,0.5346057112195888,0.00011135857461024499,0.5,-0.5393842619444918,0.41871858899389997,0.5118390495433615,0.3101014061873324,0.7195849595002171,0.1210355628649456
2021-01-19 19:30:00,0.23190273361227337,-0.14389175969389778,-0.1993760238272525,-0.21169312622745928,0.5346889453089215,0.00011135857461024499,0.5,-0.5393842619444918,0.41871858899389997,0.5118390495433615,0.3101014061873324,0.7195849595002171,0.12089532567859136
2021-01-19 19:40:00,0.23169629009762902,-0.14397854128042298,-0.19915365599404322,-0.2114226745224067,0.5347721663111332,0.00011135857461024499,0.5,-0.5393842619444918,0.41871858899389997,0.5118390495433615,0.3101014061873324,0.7195849595002171,0.12075508849223712
2021-01-19 19:50:00,0.23148986052998607,-0.14406532286694818,-0.1989313179448996,-0.21115220496339948,0.5348554004004659,0.00011135857461024499,0.5,-0.5393842619444918,0.41871858899389997,0.5118390495433615,0.3101014061873324,0.7195849595002171,0.12061484376178765
2021-01-19 20:00:00,0.23128341004184103,-0.14415210445347337,-0.19870897989575587,-0.21088173540439203,0.5349386344897986,0.00011135857461024499,0.5,-0.5642789745792758,0.4224052964451874,0.5571198077700789,0.2587442848991489,0.7317438900501635,0.12047460657543341
2021-01-19 20:10:00,0.23107696652719667,-0.14423888603999857,-0.19848661206254659,-0.21061124799143005,0.5350218685791313,0.00011135857461024499,0.5,-0.5642789745792758,0.4224052964451874,0.5571198077700789,0.2587442848991489,0.7317438900501635,0.1203343769331744
2021-01-19 20:20:00,0.23087052301255231,-0.14432566762652377,-0.19826427401340296,-0.21034079628637736,0.5351051550169478,0.00011135857461024499,0.5,-0.5642789745792758,0.4224052964451874,0.5571198077700789,0.2587442848991489,0.7317438900501635,0.12019413220272492
2021-01-19 20:30:00,0.23066407252440727,-0.14441244921304885,-0.1980419061801938,-0.21007034458132468,0.5351883891062805,0.00011135857461024499,0.5,-0.5642789745792758,0.4224052964451874,0.5571198077700789,0.2587442848991489,0.7317438900501635,0.12005390256046591
2021-01-19 20:40:00,0.2304576429567643,-0.14449923079957405,-0.19781956813104995,-0.2097998928762721,0.5352716231956132,0.00011135857461024499,0.5,-0.5642789745792758,0.4224052964451874,0.5571198077700789,0.2587442848991489,0.7317438900501635,0.11991365783001644
2021-01-19 20:50:00,0.23025119944211994,-0.14458601238609925,-0.19759723008190633,-0.2095294411712194,0.5353548572849459,0.00011135857461024499,0.5,-0.5642789745792758,0.4224052964451874,0.5571198077700789,0.2587442848991489,0.7317438900501635,0.11977342818775744
2021-01-19 21:00:00,0.2300447489539749,-0.14467279397262445,-0.19737486224869705,-0.2092589894661666,0.5354380652000367,0.00011135857461024499,0.5,-0.5793859896345269,0.4285431040180237,0.5959486438307402,0.22340913480054242,0.7846223995939785,0.11963318345730797
2021-01-19 21:10:00,0.22983830543933054,-0.14475957555914964,-0.19715252419955331,-0.20898850205320485,0.5355213254636112,0.00011135857461024499,0.5,-0.5793859896345269,0.4285431040180237,0.5959486438307402,0.22340913480054242,0.7846223995939785,0.11949294627095373
2021-01-19 21:20:00,0.22963185495118552,-0.14484635714567484,-0.1969301861504097,-0.20871805034815205,0.535604559552944,0.00011135857461024499,0.5,-0.5793859896345269,0.4285431040180237,0.5959486438307402,0.22340913480054242,0.7846223995939785,0.1193527090845995
2021-01-19 21:30:00,0.22942542538354255,-0.14493313873220004,-0.1967078183172004,-0.20844759864309936,0.5356877936422766,0.00011135857461024499,0.5,-0.5793859896345269,0.4285431040180237,0.5959486438307402,0.22340913480054242,0.7846223995939785,0.11921246435415002
2021-01-19 21:40:00,0.2292189818688982,-0.14501992031872513,-0.19648548026805668,-0.2081771469380468,0.5357710277316093,0.00011135857461024499,0.5,-0.5793859896345269,0.4285431040180237,0.5959486438307402,0.22340913480054242,0.7846223995939785,0.11907222716779578
2021-01-19 21:50:00,0.22901253138075314,-0.14510670190525032,-0.19626314221891306,-0.2079066952329942,0.535854261820942,0.00011135857461024499,0.5,-0.5793859896345269,0.4285431040180237,0.5959486438307402,0.22340913480054242,0.7846223995939785,0.11893198998144154
2021-01-19 22:00:00,0.2288060878661088,-0.14519348349177552,-0.19604077438570378,-0.20763620782003211,0.5359374959102747,0.00011135857461024499,0.5,-0.6442294652532516,0.4240920441255488,0.6390852288557421,0.24127423800440725,0.8835406562265636,0.11879176033918254
2021-01-19 22:10:00,0.22859963737796374,-0.14528026507830072,-0.19581843633656004,-0.2073657382610249,0.5360207823480913,0.00011135857461024499,0.5,-0.6442294652532516,0.4240920441255488,0.6390852288557421,0.24127423800440725,0.8835406562265636,0.11865151560873305
2021-01-19 22:20:00,0.22839319386331938,-0.14536704666482592,-0.1955960833953836,-0.20709526870201744,0.536104003350303,0.00011135857461024499,0.5,-0.6442294652532516,0.4240920441255488,0.6390852288557421,0.24127423800440725,0.8835406562265636,0.11851128596647405
2021-01-19 22:30:00,0.22818676429567644,-0.1454538282513511,-0.19537373045420714,-0.20682481699696476,0.5361872374396357,0.00011135857461024499,0.5,-0.6442294652532516,0.4240920441255488,0.6390852288557421,0.24127423800440725,0.8835406562265636,0.11837104123602457
2021-01-19 22:40:00,0.2279803207810321,-0.1455406098378763,-0.1951513924050634,-0.20655436529191218,0.5362704715289683,0.00011135857461024499,0.5,-0.6442294652532516,0.4240920441255488,0.6390852288557421,0.24127423800440725,0.8835406562265636,0.1182307965055751
2021-01-19 22:50:00,0.22777387029288704,-0.1456273914244015,-0.19492902457185424,-0.2062839135868595,0.536353705618301,0.00011135857461024499,0.5,-0.6442294652532516,0.4240920441255488,0.6390852288557421,0.24127423800440725,0.8835406562265636,0.1180905668633161
2021-01-19 23:00:00,0.22756742677824268,-0.1457141730109267,-0.1947066865227104,-0.2060134261738975,0.5364369397076337,0.00011135857461024499,0.5,-0.6898070290301956,0.4177042415813482,0.6405278663257397,0.2829881592788571,0.9635723919534878,0.1179503221328666
2021-01-19 23:10:00,0.22736097629009763,-0.1458009545974518,-0.19448434847356688,-0.20574297446884482,0.5365202130583293,0.00011135857461024499,0.5,-0.6898070290301956,0.4177042415813482,0.6405278663257397,0.2829881592788571,0.9635723919534878,0.1178100924906076
2021-01-19 23:20:00,0.2271545467224547,-0.145887736183977,-0.1942619806403576,-0.20547252276379202,0.536603447147662,0.00011135857461024499,0.5,-0.6898070290301956,0.4177042415813482,0.6405278663257397,0.2829881592788571,0.9635723919534878,0.11766984776015812
2021-01-19 23:30:00,0.2269481032078103,-0.1459745177705022,-0.19403964259121376,-0.20520207105873944,0.5366866812369947,0.00011135857461024499,0.5,-0.6898070290301956,0.4177042415813482,0.6405278663257397,0.2829881592788571,0.9635723919534878,0.11752961057380389
2021-01-19 23:40:00,0.2267416527196653,-0.14606129935702739,-0.19381730454207013,-0.20493161935368687,0.5367699022392064,0.00011135857461024499,0.5,-0.6898070290301956,0.4177042415813482,0.6405278663257397,0.2829881592788571,0.9635723919534878,0.11738937338744965
2021-01-19 23:50:00,0.2265352161785216,-0.14614808094355258,-0.19359493670886085,-0.20466113194072477,0.536853136328539,0.00011135857461024499,0.5,-0.6898070290301956,0.4177042415813482,0.6405278663257397,0.2829881592788571,0.9635723919534878,0.11724914374519065
2021-01-20 00:00:00,0.22632875871687588,-0.14623486253007778,-0.19337259865971712,-0.2043906802356722,0.5369363704178718,0.00011135857461024499,0.5,-0.714343429424696,0.4011068742870137,0.6154181625977722,0.31103266394364404,0.007404252324352068,0.11710889901474117
2021-01-20 00:10:00,0.22612232914923291,-0.1463216441166031,-0.19315024571854067,-0.20412022853061962,0.5370196437685674,0.00011135857461024499,0.5,-0.714343429424696,0.4011068742870137,0.6154181625977722,0.31103266394364404,0.007404252324352068,0.11696865428429168
2021-01-20 00:20:00,0.22591588563458856,-0.14640842570312806,-0.19292789277736422,-0.20384975897161206,0.5371028778579,0.00011135857461024499,0.5,-0.714343429424696,0.4011068742870137,0.6154181625977722,0.31103266394364404,0.007404252324352068,0.11682842464203268
2021-01-20 00:30:00,0.2257094421199442,-0.14649520728965326,-0.19270555472822049,-0.20357928941260495,0.5371861119472328,0.00011135857461024499,0.5,-0.714343429424696,0.4011068742870137,0.6154181625977722,0.31103266394364404,0.007404252324352068,0.1166881799115832
2021-01-20 00:40:00,0.22550299860529985,-0.14658198887617846,-0.19248318689501132,-0.20330880199964285,0.5372693460365654,0.00011135857461024499,0.5,-0.714343429424696,0.4011068742870137,0.6154181625977722,0.31103266394364404,0.007404252324352068,0.1165479502693242
2021-01-20 00:50:00,0.2252965481171548,-0.14666877046270366,-0.19226084884586758,-0.20303835029459028,0.5373525670387771,0.00011135857461024499,0.5,-0.714343429424696,0.4011068742870137,0.6154181625977722,0.31103266394364404,0.007404252324352068,0.11640770553887472
2021-01-20 01:00:00,0.22509011854951186,-0.14675555204922897,-0.19203851079672385,-0.2027678985895376,0.5374358403894728,0.00011135857461024499,0.5,-0.7372594366729893,0.3951558445663453,0.6007391741636006,0.32411013346678286,0.02891940690274651,0.11626747589661572
2021-01-20 01:10:00,0.2248836680613668,-0.14684233363575416,-0.19181614296351457,-0.2024974468844849,0.5375190744788054,0.00011135857461024499,0.5,-0.7372594366729893,0.3951558445663453,0.6007391741636006,0.32411013346678286,0.02891940690274651,0.11612723116616623
2021-01-20 01:20:00,0.22467722454672245,-0.14692911522227936,-0.19159380491437095,-0.2022269951794322,0.5376023085681381,0.00011135857461024499,0.5,-0.7372594366729893,0.3951558445663453,0.6007391741636006,0.32411013346678286,0.02891940690274651,0.11598699397981199
2021-01-20 01:30:00,0.2244707810320781,-0.14701589680880456,-0.1913714668652272,-0.20195654347437952,0.5376855426574708,0.00011135857461024499,0.5,-0.7372594366729893,0.3951558445663453,0.6007391741636006,0.32411013346678286,0.02891940690274651,0.11584675679345775
2021-01-20 01:40:00,0.22426433054393305,-0.14710267839532976,-0.19114909903201804,-0.20168605606141743,0.5377687767468035,0.00011135857461024499,0.5,-0.7372594366729893,0.3951558445663453,0.6007391741636006,0.32411013346678286,0.02891940690274651,0.11570651206300829
2021-01-20 01:50:00,0.2240579009762901,-0.14718945998185484,-0.1909267609828742,-0.20141560435636485,0.5378520108361362,0.00011135857461024499,0.5,-0.7372594366729893,0.3951558445663453,0.6007391741636006,0.32411013346678286,0.02891940690274651,0.11556628242074928
2021-01-20 02:00:00,0.22385145048814506,-0.14727624156838004,-0.19070440804169786,-0.20114515265131228,0.5379352841868318,0.00011135857461024499,0.5,-0.7265862145677624,0.37699529032462104,0.5813984985461396,0.343147377789668,0.04268294261205307,0.11542603769029981
2021-01-20 02:10:00,0.2236450069735007,-0.14736302315490524,-0.1904820551005214,-0.2008747009462596,0.5380185051890435,0.00011135857461024499,0.5,-0.7265862145677624,0.37699529032462104,0.5813984985461396,0.343147377789668,0.04268294261205307,0.1152858080480408
2021-01-20 02:20:00,0.22343856345885635,-0.14744980474143043,-0.19025971705137756,-0.2006042492412068,0.5381017392783761,0.00011135857461024499,0.5,-0.7265862145677624,0.37699529032462104,0.5813984985461396,0.343147377789668,0.04268294261205307,0.11514556331759133
2021-01-20 02:30:00,0.2232321129707113,-0.14753658632795563,-0.19003734921816828,-0.20033376182824503,0.5381849733677089,0.00011135857461024499,0.5,-0.7265862145677624,0.37699529032462104,0.5813984985461396,0.343147377789668,0.04268294261205307,0.11500533367533233
2021-01-20 02:40:00,0.22302568340306833,-0.14762336791448083,-0.18981501116902477,-0.20006329226923758,0.5382682074570415,0.00011135857461024499,0.5,-0.7265862145677624,0.37699529032462104,0.5813984985461396,0.343147377789668,0.04268294261205307,0.11486508894488286
2021-01-20 02:50:00,0.22281923988842398,-0.14771014950100603,-0.18959267311988093,-0.19979282271023036,0.5383514415463743,0.00011135857461024499,0.5,-0.7265862145677624,0.37699529032462104,0.5813984985461396,0.343147377789668,0.04268294261205307,0.11472485930262386
2021-01-20 03:00:00,0.22261278940027895,-0.1477969310875311,-0.1893703350707373,-0.19952237100517756,0.5384347148970698,0.00011135857461024499,0.5,-0.7148299842940302,0.3716965463338386,0.5405553469463223,0.35968952106890134,0.05975951797457855,0.11458461457217436
2021-01-20 03:10:00,0.22240634588563457,-0.1478837126740563,-0.18914799702159346,-0.19925191930012487,0.5385179489864025,0.00011135857461024499,0.5,-0.7148299842940302,0.3716965463338386,0.5405553469463223,0.35968952106890134,0.05975951797457855,0.11444436984172489
2021-01-20 03:20:00,0.22219989539748955,-0.1479704942605815,-0.18892565897244995,-0.1989814675950723,0.5386011830757352,0.00011135857461024499,0.5,-0.7148299842940302,0.3716965463338386,0.5405553469463223,0.35968952106890134,0.05975951797457855,0.11430414019946589
2021-01-20 03:30:00,0.22199346582984658,-0.1480572758471067,-0.18870329113924067,-0.1987109801821103,0.5386844040779469,0.00011135857461024499,0.5,-0.7148299842940302,0.3716965463338386,0.5405553469463223,0.35968952106890134,0.05975951797457855,0.11416389546901641
2021-01-20 03:40:00,0.22178702928870295,-0.1481440574336319,-0.18848095309009683,-0.19844052847705762,0.5387676381672796,0.00011135857461024499,0.5,-0.7148299842940302,0.3716965463338386,0.5405553469463223,0.35968952106890134,0.05975951797457855,0.11402366582675741
2021-01-20 03:50:00,0.22158057182705718,-0.1482308390201571,-0.18825858525688766,-0.19817007677200493,0.5388509115179752,0.00011135857461024499,0.5,-0.7148299842940302,0.3716965463338386,0.5405553469463223,0.35968952106890134,0.05975951797457855,0.11388342109630792
2021-01-20 04:00:00,0.22137412831241282,-0.1483176206066823,-0.18803624720774403,-0.19789962506695236,0.5389341456073079,0.00011135857461024499,0.5,-0.7584939479151485,0.35852439749775294,0.5469883738079632,0.36078317890944717,0.07082310057690704,0.11374319145404892
2021-01-20 04:10:00,0.22116768479776847,-0.1484044021932075,-0.1878139091586003,-0.19762917336189967,0.5390173796966405,0.00011135857461024499,0.5,-0.7584939479151485,0.35852439749775294,0.5469883738079632,0.36078317890944717,0.07082310057690704,0.11360294672359944
2021-01-20 04:20:00,0.22096124825662483,-0.1484911837797327,-0.18759154132539102,-0.19735868594893768,0.5391006137859733,0.00011135857461024499,0.5,-0.7584939479151485,0.35852439749775294,0.5469883738079632,0.36078317890944717,0.07082310057690704,0.11346270199314996
2021-01-20 04:30:00,0.2207548117154812,-0.14857796536625778,-0.1873692032762473,-0.197088234243885,0.5391838478753059,0.00011135857461024499,0.5,-0.7584939479151485,0.35852439749775294,0.5469883738079632,0.36078317890944717,0.07082310057690704,0.11332247235089096
2021-01-20 04:40:00,0.22054836122733612,-0.14866474695278298,-0.18714686522710366,-0.1968177825388322,0.5392670819646387,0.00011135857461024499,0.5,-0.7584939479151485,0.35852439749775294,0.5469883738079632,0.36078317890944717,0.07082310057690704,0.11318222762044149
2021-01-20 04:50:00,0.22034191073919107,-0.14875152853930818,-0.18692449739389438,-0.19654733083377962,0.5393503553153343,0.00011135857461024499,0.5,-0.7584939479151485,0.35852439749775294,0.5469883738079632,0.36078317890944717,0.07082310057690704,0.11304199797818248
2021-01-20 05:00:00,0.22013546722454672,-0.14883831012583337,-0.18670215934475065,-0.19627684342081764,0.5394335894046669,0.00011135857461024499,0.5,-0.7341661710953455,0.3534095578537219,0.5396542057840683,0.34682515249691115,0.07816694105038967,0.112901753247733
2021-01-20 05:10:00,0.21992903765690375,-0.14892509171235857,-0.18647982129560692,-0.19600639171576495,0.5395168234939997,0.00011135857461024499,0.5,-0.7341661710953455,0.3534095578537219,0.5396542057840683,0.34682515249691115,0.07816694105038967,0.11276152360547399
2021-01-20 05:20:00,0.2197225941422594,-0.14901187329888377,-0.18625745346239775,-0.1957359043028032,0.5396000575833323,0.00011135857461024499,0.5,-0.7341661710953455,0.3534095578537219,0.5396542057840683,0.34682515249691115,0.07816694105038967,0.11262127887502452
2021-01-20 05:30:00,0.21951614365411437,-0.14909865488540897,-0.18603511541325402,-0.1954654525977504,0.5396832916726648,0.00011135857461024499,0.5,-0.7341661710953455,0.3534095578537219,0.5396542057840683,0.34682515249691115,0.07816694105038967,0.11248104923276551
2021-01-20 05:40:00,0.21930969316596932,-0.14918543647193405,-0.18581276247207756,-0.1951950008926977,0.5397665257619977,0.00011135857461024499,0.5,-0.7341661710953455,0.3534095578537219,0.5396542057840683,0.34682515249691115,0.07816694105038967,0.11234080450231604
2021-01-20 05:50:00,0.21910324965132497,-0.14927221805845925,-0.1855904095309011,-0.194924549187645,0.5398497860255723,0.00011135857461024499,0.5,-0.7341661710953455,0.3534095578537219,0.5396542057840683,0.34682515249691115,0.07816694105038967,0.11220055977186656
2021-01-20 06:00:00,0.218896820083682,-0.14935899964498445,-0.18536807148175738,-0.19465409748259233,0.539933020114905,0.00011135857461024499,0.5,-0.7473667569090091,0.35373426396595664,0.5110422764048247,0.34478268868630896,0.0709430392566596,0.11206033012960756
2021-01-20 06:10:00,0.21869037656903764,-0.14944578123150964,-0.1851457036485481,-0.19438361006963034,0.5400162280299957,0.00011135857461024499,0.5,-0.7473667569090091,0.35373426396595664,0.5110422764048247,0.34478268868630896,0.0709430392566596,0.11192008539915807
2021-01-20 06:20:00,0.2184839260808926,-0.14953256281803484,-0.18492336559940448,-0.19411315836457776,0.5400994621193285,0.00011135857461024499,0.5,-0.7473667569090091,0.35373426396595664,0.5110422764048247,0.34478268868630896,0.0709430392566596,0.11177985575689907
2021-01-20 06:30:00,0.21827747559274757,-0.14961934440456004,-0.18470102755026063,-0.19384270665952508,0.5401826962086611,0.00011135857461024499,0.5,-0.7473667569090091,0.35373426396595664,0.5110422764048247,0.34478268868630896,0.0709430392566596,0.11163961102644959
2021-01-20 06:40:00,0.2180710320781032,-0.14970612599108524,-0.18447865971705146,-0.19357225495447228,0.5402659302979936,0.00011135857461024499,0.5,-0.7473667569090091,0.35373426396595664,0.5110422764048247,0.34478268868630896,0.0709430392566596,0.11149938138419059
2021-01-20 06:50:00,0.21786460251046025,-0.14979290757761055,-0.18425632166790784,-0.1933018032494197,0.5403492167358104,0.00011135857461024499,0.5,-0.7473667569090091,0.35373426396595664,0.5110422764048247,0.34478268868630896,0.0709430392566596,0.11135914419783635
2021-01-20 07:00:00,0.2176581589958159,-0.14987968916413574,-0.184033983618764,-0.19303131583645783,0.5404324508251429,0.00011135857461024499,0.5,-0.6980883009702747,0.3731304255374193,0.4759216121321551,0.31231147758918426,0.08931532348621601,0.11121890701148211
2021-01-20 07:10:00,0.21745170850767084,-0.14996647075066072,-0.18381161578555483,-0.19276086413140503,0.5405156849144758,0.00011135857461024499,0.5,-0.6980883009702747,0.3731304255374193,0.4759216121321551,0.31231147758918426,0.08931532348621601,0.11107866228103265
2021-01-20 07:20:00,0.2172452580195258,-0.15005325233718592,-0.1835892777364111,-0.19249037671844305,0.5405989059166875,0.00011135857461024499,0.5,-0.6980883009702747,0.3731304255374193,0.4759216121321551,0.31231147758918426,0.08931532348621601,0.11093841755058317
2021-01-20 07:30:00,0.21703881450488144,-0.1501400339237111,-0.18336692479523464,-0.19221992501339036,0.54068214000602,0.00011135857461024499,0.5,-0.6980883009702747,0.3731304255374193,0.4759216121321551,0.31231147758918426,0.08931532348621601,0.11079818790832417
2021-01-20 07:40:00,0.2168323849372385,-0.15022681551023642,-0.1831445718540582,-0.19194947330833778,0.5407654133567156,0.00011135857461024499,0.5,-0.6980883009702747,0.3731304255374193,0.4759216121321551,0.31231147758918426,0.08931532348621601,0.11065794317787468
2021-01-20 07:50:00,0.21662594142259414,-0.15031359709676162,-0.18292223380491446,-0.1916790216032852,0.5408486474460484,0.00011135857461024499,0.5,-0.6980883009702747,0.3731304255374193,0.4759216121321551,0.31231147758918426,0.08931532348621601,0.11051771353561568
2021-01-20 08:00:00,0.2164194909344491,-0.15040037868328682,-0.18269986597170518,-0.1914085341903231,0.540931881535381,0.00011135857461024499,0.5,-0.6389529064382469,0.3824463301025569,0.40614188699669534,0.25725125828273265,0.0838972858532244,0.1103774688051662
2021-01-20 08:10:00,0.21621304044630404,-0.15048716026981201,-0.18247752792256156,-0.19113808248527053,0.5410151156247138,0.00011135857461024499,0.5,-0.6389529064382469,0.3824463301025569,0.40614188699669534,0.25725125828273265,0.0838972858532244,0.1102372391629072
2021-01-20 08:20:00,0.2160066039051604,-0.1505739418563371,-0.18225518987341782,-0.19086763078021785,0.5410983497140464,0.00011135857461024499,0.5,-0.6389529064382469,0.3824463301025569,0.40614188699669534,0.25725125828273265,0.0838972858532244,0.11009699443245773
2021-01-20 08:30:00,0.21580017433751741,-0.1506607234428623,-0.18203282204020854,-0.19059717907516516,0.541181583803379,0.00011135857461024499,0.5,-0.6389529064382469,0.3824463301025569,0.40614188699669534,0.25725125828273265,0.0838972858532244,0.10995676479019872
2021-01-20 08:40:00,0.21559372384937237,-0.1507475050293875,-0.18181048399106492,-0.19032672737011247,0.5412648702411956,0.00011135857461024499,0.5,-0.6389529064382469,0.3824463301025569,0.40614188699669534,0.25725125828273265,0.0838972858532244,0.10981652760384449
2021-01-20 08:50:00,0.21538728033472804,-0.1508342866159127,-0.1815881459419212,-0.19005623995715049,0.5413480781562865,0.00011135857461024499,0.5,-0.6389529064382469,0.3824463301025569,0.40614188699669534,0.25725125828273265,0.0838972858532244,0.109676282873395
2021-01-20 09:00:00,0.215180829846583,-0.1509210682024379,-0.1813657781087119,-0.1897857882520978,0.541431312245619,0.00011135857461024499,0.5,-0.6280170954595439,0.39396621332329573,0.4008859488302475,0.21018738297799403,0.025287530645890424,0.10953604568704076
2021-01-20 09:10:00,0.21497438633193866,-0.1510078497889631,-0.18114344005956828,-0.1895153365470451,0.5415145463349519,0.00011135857461024499,0.5,-0.6280170954595439,0.39396621332329573,0.4008859488302475,0.21018738297799403,0.025287530645890424,0.10939580095659128
2021-01-20 09:20:00,0.21476795676429566,-0.1510946313754883,-0.18092108711839172,-0.18924488484199253,0.5415977804242844,0.00011135857461024499,0.5,-0.6280170954595439,0.39396621332329573,0.4008859488302475,0.21018738297799403,0.025287530645890424,0.10925557131433228
2021-01-20 09:30:00,0.21456150627615062,-0.15118141296201348,-0.18069873417721527,-0.1889744152829851,0.541681014513617,0.00011135857461024499,0.5,-0.6280170954595439,0.39396621332329573,0.4008859488302475,0.21018738297799403,0.025287530645890424,0.1091153265838828
2021-01-20 09:40:00,0.21435506276150626,-0.15126819454853868,-0.18047639612807165,-0.18870394572397786,0.5417642747771917,0.00011135857461024499,0.5,-0.6280170954595439,0.39396621332329573,0.4008859488302475,0.21018738297799403,0.025287530645890424,0.1089750969416238
2021-01-20 09:50:00,0.2141486122733612,-0.15135497613506377,-0.18025402829486237,-0.18843345831101577,0.5418475088665244,0.00011135857461024499,0.5,-0.6280170954595439,0.39396621332329573,0.4008859488302475,0.21018738297799403,0.025287530645890424,0.10883485221117431
2021-01-20 10:00:00,0.21394216875871686,-0.15144175772158897,-0.18003169024571863,-0.1881630066059632,0.5419307429558571,0.00011135857461024499,0.5,-0.44904345007025825,0.41458648820282257,0.32469855965786565,0.18694818677902902,0.9149115687517905,0.10869461502482007
2021-01-20 10:10:00,0.21373573919107391,-0.15152853930811416,-0.179809352196575,-0.1878925549009106,0.5420139770451899,0.00011135857461024499,0.5,-0.44904345007025825,0.41458648820282257,0.32469855965786565,0.18694818677902902,0.9149115687517905,0.10855437783846583
2021-01-20 10:20:00,0.21352928870292887,-0.15161532089463936,-0.17958698436336573,-0.18762210319585781,0.5420972111345225,0.00011135857461024499,0.5,-0.44904345007025825,0.41458648820282257,0.32469855965786565,0.18694818677902902,0.9149115687517905,0.10841414065211159
2021-01-20 10:30:00,0.2133228451882845,-0.15170210248116456,-0.179364646314222,-0.18735165149080513,0.542180484485218,0.00011135857461024499,0.5,-0.44904345007025825,0.41458648820282257,0.32469855965786565,0.18694818677902902,0.9149115687517905,0.10827391100985259
2021-01-20 10:40:00,0.21311640167364018,-0.15178888406768976,-0.17914230826507826,-0.18708116407784325,0.5422637185745508,0.00011135857461024499,0.5,-0.44904345007025825,0.41458648820282257,0.32469855965786565,0.18694818677902902,0.9149115687517905,0.10813366627940312
2021-01-20 10:50:00,0.2129099511854951,-0.15187566565421495,-0.17891994043186898,-0.18681071237279057,0.5423469526638834,0.00011135857461024499,0.5,-0.44904345007025825,0.41458648820282257,0.32469855965786565,0.18694818677902902,0.9149115687517905,0.10799342909304888
2021-01-20 11:00:00,0.21270352161785216,-0.15196244724074004,-0.17869760238272536,-0.18654026066773788,0.5424301867532161,0.00011135857461024499,0.5,-0.4753815176522894,0.4280057585048601,0.34827495381746654,0.17497262031587713,0.8615895564900323,0.10785318436259939
2021-01-20 11:10:00,0.21249707112970712,-0.15204922882726524,-0.1784752494415489,-0.1862698089626852,0.5425134208425488,0.00011135857461024499,0.5,-0.4753815176522894,0.4280057585048601,0.34827495381746654,0.17497262031587713,0.8615895564900323,0.10771295472034038
2021-01-20 11:20:00,0.21229062761506276,-0.15213601041379043,-0.17825289650037235,-0.1859993572576326,0.5425966418447605,0.00011135857461024499,0.5,-0.4753815176522894,0.4280057585048601,0.34827495381746654,0.17497262031587713,0.8615895564900323,0.10757270998989091
2021-01-20 11:30:00,0.21208418410041843,-0.15222279200031563,-0.17803055845122873,-0.18572890555257993,0.5426799151954561,0.00011135857461024499,0.5,-0.4753815176522894,0.4280057585048601,0.34827495381746654,0.17497262031587713,0.8615895564900323,0.10743247280353667
2021-01-20 11:40:00,0.21187773361227336,-0.15230957358684083,-0.17780819061801956,-0.18545841813961794,0.5427631492847889,0.00011135857461024499,0.5,-0.4753815176522894,0.4280057585048601,0.34827495381746654,0.17497262031587713,0.8615895564900323,0.10729223561718243
2021-01-20 11:50:00,0.2116713040446304,-0.15239635517336603,-0.1775858525688757,-0.1851879485806105,0.5428463833741215,0.00011135857461024499,0.5,-0.4753815176522894,0.4280057585048601,0.34827495381746654,0.17497262031587713,0.8615895564900323,0.10715199843082819
2021-01-20 12:00:00,0.21146485355648537,-0.15248313675989122,-0.1773635145197321,-0.18491747902160327,0.5429296174634541,0.00011135857461024499,0.5,-0.4549368742751957,0.4460398785081919,0.3621309185895175,0.28014738283462126,0.7844309216833122,0.10701176124447394
2021-01-20 12:10:00,0.21125841004184098,-0.15256991834641642,-0.1771411466865228,-0.1846470273165507,0.5430128515527869,0.00011135857461024499,0.5,-0.4549368742751957,0.4460398785081919,0.3621309185895175,0.28014738283462126,0.7844309216833122,0.1068715240581197
2021-01-20 12:20:00,0.21105196652719668,-0.15265669993294162,-0.17691880863737908,-0.1843765756114979,0.5430960856421195,0.00011135857461024499,0.5,-0.4549368742751957,0.4460398785081919,0.3621309185895175,0.28014738283462126,0.7844309216833122,0.1067312944158607
2021-01-20 12:30:00,0.2108455230125523,-0.1527434815194667,-0.17669647058823545,-0.18410608819853602,0.5431793589928151,0.00011135857461024499,0.5,-0.4549368742751957,0.4460398785081919,0.3621309185895175,0.28014738283462126,0.7844309216833122,0.10659104968541122
2021-01-20 12:40:00,0.21063909344490936,-0.1528302631059919,-0.17647410275502617,-0.18383563649348322,0.5432625799950269,0.00011135857461024499,0.5,-0.4549368742751957,0.4460398785081919,0.3621309185895175,0.28014738283462126,0.7844309216833122,0.10645081249905698
2021-01-20 12:50:00,0.2104326359832636,-0.1529170446925171,-0.17625176470588244,-0.18356518478843054,0.5433458140843596,0.00011135857461024499,0.5,-0.4549368742751957,0.4460398785081919,0.3621309185895175,0.28014738283462126,0.7844309216833122,0.10631056776860752
2021-01-20 13:00:00,0.21022619944211995,-0.1530038262790423,-0.17602944154877154,-0.18329473308337796,0.5434290481736922,0.00011135857461024499,0.5,-0.2900870282163802,0.43597973603979473,0.24011734364484338,0.4108684389355885,0.7662412857070794,0.10617033058225328
2021-01-20 13:10:00,0.21001974895397488,-0.1530906078655675,-0.17580708860759497,-0.18302428137832527,0.543512282263025,0.00011135857461024499,0.5,-0.2900870282163802,0.43597973603979473,0.24011734364484338,0.4108684389355885,0.7662412857070794,0.10603009339589904
2021-01-20 13:20:00,0.20981330543933055,-0.1531773894520927,-0.17558475055845135,-0.1827537939653633,0.5435955163523576,0.00011135857461024499,0.5,-0.2900870282163802,0.43597973603979473,0.24011734364484338,0.4108684389355885,0.7662412857070794,0.1058898562095448
2021-01-20 13:30:00,0.2096068758716876,-0.153264171038618,-0.17536238272524207,-0.1824833422603106,0.5436787897030532,0.00011135857461024499,0.5,-0.2900870282163802,0.43597973603979473,0.24011734364484338,0.4108684389355885,0.7662412857070794,0.10574961902319056
2021-01-20 13:40:00,0.20940042538354253,-0.15335095262514298,-0.17514004467609845,-0.18221289055525802,0.5437620237923859,0.00011135857461024499,0.5,-0.2900870282163802,0.43597973603979473,0.24011734364484338,0.4108684389355885,0.7662412857070794,0.10560938183683631
2021-01-20 13:50:00,0.2091939818688982,-0.15343773421166818,-0.17491770662695472,-0.18194243885020533,0.5438452578817186,0.00011135857461024499,0.5,-0.2900870282163802,0.43597973603979473,0.24011734364484338,0.4108684389355885,0.7662412857070794,0.10546914465048207
2021-01-20 14:00:00,0.20898753138075313,-0.15352451579819337,-0.17469533879374544,-0.18167198714515254,0.5439284919710513,0.00011135857461024499,0.5,-0.2771398925296752,0.4250546684405786,0.2367448488420032,0.49150580811149197,0.7520820979316754,0.10532890746412783
2021-01-20 14:10:00,0.2087810878661088,-0.15361129738471868,-0.1744730007446017,-0.18140149973219066,0.544011726060384,0.00011135857461024499,0.5,-0.2771398925296752,0.4250546684405786,0.2367448488420032,0.49150580811149197,0.7520820979316754,0.10518867782186883
2021-01-20 14:20:00,0.20857465829846583,-0.15369807897124388,-0.17425066269545808,-0.18113101231922868,0.5440949863239586,0.00011135857461024499,0.5,-0.2771398925296752,0.4250546684405786,0.2367448488420032,0.49150580811149197,0.7520820979316754,0.10504843309141935
2021-01-20 14:30:00,0.20836821478382148,-0.15378486055776908,-0.1740282948622488,-0.1808605606141761,0.5441782204132912,0.00011135857461024499,0.5,-0.2771398925296752,0.4250546684405786,0.2367448488420032,0.49150580811149197,0.7520820979316754,0.10490818836096988
2021-01-20 14:40:00,0.20816176429567645,-0.15387164214429427,-0.17380595681310507,-0.18059010890912341,0.544261454502624,0.00011135857461024499,0.5,-0.2771398925296752,0.4250546684405786,0.2367448488420032,0.49150580811149197,0.7520820979316754,0.10476795117461564
2021-01-20 14:50:00,0.2079553207810321,-0.15395842373081947,-0.17358360387192862,-0.18031965720407062,0.5443446885919566,0.00011135857461024499,0.5,-0.2771398925296752,0.4250546684405786,0.2367448488420032,0.49150580811149197,0.7520820979316754,0.10462771398826139
2021-01-20 15:00:00,0.20774887029288705,-0.15404520531734467,-0.17336125093075216,-0.18004920549901804,0.5444279226812894,0.00011135857461024499,0.5,-0.27082104966842035,0.4166726531362892,0.262688228618473,0.5463990436426385,0.7365533093169896,0.10448747680190715
2021-01-20 15:10:00,0.20754244072524408,-0.15413198690386976,-0.17313891288160854,-0.17977871808605594,0.5445111305963801,0.00011135857461024499,0.5,-0.27082104966842035,0.4166726531362892,0.262688228618473,0.5463990436426385,0.7365533093169896,0.10434723961555291
2021-01-20 15:20:00,0.20733599721059973,-0.15421876849039495,-0.17291654504839926,-0.17950826638100337,0.5445944170341966,0.00011135857461024499,0.5,-0.27082104966842035,0.4166726531362892,0.262688228618473,0.5463990436426385,0.7365533093169896,0.10420700242919867
2021-01-20 15:30:00,0.20712954672245468,-0.15430555007692015,-0.17269420699925542,-0.1792378146759508,0.5446776511235293,0.00011135857461024499,0.5,-0.27082104966842035,0.4166726531362892,0.262688228618473,0.5463990436426385,0.7365533093169896,0.10406676524284443
2021-01-20 15:40:00,0.20692310320781032,-0.15439233166344535,-0.1724718689501119,-0.178967362970898,0.544760885212862,0.00011135857461024499,0.5,-0.27082104966842035,0.4166726531362892,0.262688228618473,0.5463990436426385,0.7365533093169896,0.10392652051239495
2021-01-20 15:50:00,0.2067166527196653,-0.15447911324997055,-0.17224950111690263,-0.1786969112658453,0.5448441193021947,0.00011135857461024499,0.5,-0.27082104966842035,0.4166726531362892,0.262688228618473,0.5463990436426385,0.7365533093169896,0.10378629087013595
2021-01-20 16:00:00,0.2065102231520223,-0.15456589483649574,-0.17202716306775878,-0.17842645956079273,0.5449273533915274,0.00011135857461024499,0.5,-0.24833866593645637,0.4170893114218976,0.2685339792737533,0.5821773019597211,0.7210473317619269,0.10364604613968646
2021-01-20 16:10:00,0.20630377963737798,-0.15465267642302094,-0.17180482501861516,-0.17815597214783074,0.5450105874808601,0.00011135857461024499,0.5,-0.24833866593645637,0.4170893114218976,0.2685339792737533,0.5821773019597211,0.7210473317619269,0.10350581649742746
2021-01-20 16:20:00,0.20609733612273362,-0.15473945800954603,-0.171582457185406,-0.17788552044277806,0.5450938608315556,0.00011135857461024499,0.5,-0.24833866593645637,0.4170893114218976,0.2685339792737533,0.5821773019597211,0.7210473317619269,0.10336557176697798
2021-01-20 16:30:00,0.20589088563458857,-0.15482623959607122,-0.17136011913626226,-0.17761503302981607,0.5451770818337673,0.00011135857461024499,0.5,-0.24833866593645637,0.4170893114218976,0.2685339792737533,0.5821773019597211,0.7210473317619269,0.10322534212471898
2021-01-20 16:40:00,0.20568444211994422,-0.15491302118259642,-0.1711377661950858,-0.17734458132476327,0.5452603159231001,0.00011135857461024499,0.5,-0.24833866593645637,0.4170893114218976,0.2685339792737533,0.5821773019597211,0.7210473317619269,0.1030850973942695
2021-01-20 16:50:00,0.20547801255230128,-0.15499980276912162,-0.17091541325390924,-0.1770741296197107,0.5453435500124327,0.00011135857461024499,0.5,-0.24833866593645637,0.4170893114218976,0.2685339792737533,0.5821773019597211,0.7210473317619269,0.10294486020791527
2021-01-20 17:00:00,0.20527156206415623,-0.15508658435564682,-0.17069307520476562,-0.17680364220674882,0.5454267841017655,0.00011135857461024499,0.5,-0.25143293210678463,0.4261580945210875,0.29173424274277643,0.5993736473485836,0.7131734184151587,0.10280462302156101
2021-01-20 17:10:00,0.20506511854951187,-0.15517336594217201,-0.17047070737155634,-0.17653319050169602,0.5455100181910981,0.00011135857461024499,0.5,-0.25143293210678463,0.4261580945210875,0.29173424274277643,0.5993736473485836,0.7131734184151587,0.10266437829111154
2021-01-20 17:20:00,0.20485866806136682,-0.1552601475286972,-0.1702483693224126,-0.17626273879664345,0.5455933046289146,0.00011135857461024499,0.5,-0.25143293210678463,0.4261580945210875,0.29173424274277643,0.5993736473485836,0.7131734184151587,0.10252414864885254
2021-01-20 17:30:00,0.20465223152022316,-0.1553469291152224,-0.17002603127326887,-0.17599228709159087,0.5456765387182474,0.00011135857461024499,0.5,-0.25143293210678463,0.4261580945210875,0.29173424274277643,0.5993736473485836,0.7131734184151587,0.10238390391840306
2021-01-20 17:40:00,0.2044457949790795,-0.1554337107017476,-0.1698036634400597,-0.17572183538653807,0.54575977280758,0.00011135857461024499,0.5,-0.25143293210678463,0.4261580945210875,0.29173424274277643,0.5993736473485836,0.7131734184151587,0.10224367427614406
2021-01-20 17:50:00,0.20423934449093448,-0.1555204922882727,-0.16958132539091597,-0.17545138368148538,0.5458429807226708,0.00011135857461024499,0.5,-0.25143293210678463,0.4261580945210875,0.29173424274277643,0.5993736473485836,0.7131734184151587,0.1021034295456946
2021-01-20 18:00:00,0.2040329009762901,-0.1556072738747979,-0.16935898734177224,-0.1751808962685234,0.5459262148120035,0.00011135857461024499,0.5,-0.4030893299130852,0.46109704689848124,0.4293520419673588,0.5286595896271433,0.723481848296733,0.10196319990343558
2021-01-20 18:10:00,0.20382645746164574,-0.1556940554613231,-0.16913661950856307,-0.1749104445634707,0.5460094750755782,0.00011135857461024499,0.5,-0.4030893299130852,0.46109704689848124,0.4293520419673588,0.5286595896271433,0.723481848296733,0.10182295517298612
2021-01-20 18:20:00,0.20362001394700138,-0.1557808370478483,-0.16891428145941922,-0.17463999285841814,0.5460927091649108,0.00011135857461024499,0.5,-0.4030893299130852,0.46109704689848124,0.4293520419673588,0.5286595896271433,0.723481848296733,0.10168272553072709
2021-01-20 18:30:00,0.20341357740585775,-0.15586761863437348,-0.16869192851824288,-0.17436954115336545,0.5461759432542435,0.00011135857461024499,0.5,-0.4030893299130852,0.46109704689848124,0.4293520419673588,0.5286595896271433,0.723481848296733,0.10154248080027764
2021-01-20 18:40:00,0.2032071338912134,-0.15595440022089868,-0.16846957557706643,-0.174099071594358,0.5462591773435762,0.00011135857461024499,0.5,-0.4030893299130852,0.46109704689848124,0.4293520419673588,0.5286595896271433,0.723481848296733,0.10140223606982815
2021-01-20 18:50:00,0.20300068340306834,-0.15604118180742388,-0.1682472375279226,-0.17382856632744148,0.5463424114329088,0.00011135857461024499,0.5,-0.4030893299130852,0.46109704689848124,0.4293520419673588,0.5286595896271433,0.723481848296733,0.10126200642756915
2021-01-20 19:00:00,0.202794239888424,-0.15612796339394897,-0.16802486969471342,-0.1735581146223888,0.5464256455222416,0.00011135857461024499,0.5,-0.4279148348871983,0.4925676782363579,0.47396017808253754,0.4862250072429416,0.7136027596698336,0.10112176169711967
2021-01-20 19:10:00,0.20258779637377963,-0.15621474498047416,-0.1678025316455698,-0.1732876629173361,0.5465089188729372,0.00011135857461024499,0.5,-0.4279148348871983,0.4925676782363579,0.47396017808253754,0.4862250072429416,0.7136027596698336,0.10098153205486067
2021-01-20 19:20:00,0.202381359832636,-0.15630152656699936,-0.16758019359642595,-0.17301721121228353,0.5465921529622698,0.00011135857461024499,0.5,-0.4279148348871983,0.4925676782363579,0.47396017808253754,0.4862250072429416,0.7136027596698336,0.1008412873244112
2021-01-20 19:30:00,0.20217491631799164,-0.15638830815352456,-0.16735782576321678,-0.17274675950723084,0.5466753870516026,0.00011135857461024499,0.5,-0.4279148348871983,0.4925676782363579,0.47396017808253754,0.4862250072429416,0.7136027596698336,0.10070105768215219
2021-01-20 19:40:00,0.2019684658298466,-0.15647508974004976,-0.16713548771407305,-0.17247627209426886,0.5467586211409352,0.00011135857461024499,0.5,-0.4279148348871983,0.4925676782363579,0.47396017808253754,0.4862250072429416,0.7136027596698336,0.1005608129517027
2021-01-20 19:50:00,0.20176202231520224,-0.15656187132657495,-0.16691314966492943,-0.17220582038921628,0.546841855230268,0.00011135857461024499,0.5,-0.4279148348871983,0.4925676782363579,0.47396017808253754,0.4862250072429416,0.7136027596698336,0.1004205833094437
2021-01-20 20:00:00,0.20155557880055788,-0.15664865291310015,-0.16669078183172015,-0.17193536868416348,0.5469250893196006,0.00011135857461024499,0.5,-0.43150379408069384,0.5140327637087757,0.4883595413741858,0.4726146090461206,0.7255637676262476,0.10028033857899422
2021-01-20 20:10:00,0.20134914225941425,-0.15673543449962524,-0.16646844378257641,-0.1716649169791108,0.5470083626702962,0.00011135857461024499,0.5,-0.43150379408069384,0.5140327637087757,0.4883595413741858,0.4726146090461206,0.7255637676262476,0.10014009384854475
2021-01-20 20:20:00,0.2011426987447699,-0.15682221608615066,-0.16624610573343268,-0.17139446527405822,0.5470915967596289,0.00011135857461024499,0.5,-0.43150379408069384,0.5140327637087757,0.4883595413741858,0.4726146090461206,0.7255637676262476,0.09999986420628575
2021-01-20 20:30:00,0.2009362552301255,-0.15690899767267563,-0.16602373790022362,-0.17112401356900564,0.5471748177618406,0.00011135857461024499,0.5,-0.43150379408069384,0.5140327637087757,0.4883595413741858,0.4726146090461206,0.7255637676262476,0.09985961947583627
2021-01-20 20:40:00,0.2007298047419805,-0.15699577925920083,-0.16580139985107978,-0.17085352615604354,0.5472580518511733,0.00011135857461024499,0.5,-0.43150379408069384,0.5140327637087757,0.4883595413741858,0.4726146090461206,0.7255637676262476,0.09971938983357727
2021-01-20 20:50:00,0.20052336122733613,-0.15708256084572614,-0.1655790320178705,-0.17058307445099086,0.547341285940506,0.00011135857461024499,0.5,-0.43150379408069384,0.5140327637087757,0.4883595413741858,0.4726146090461206,0.7255637676262476,0.09957914510312778
2021-01-20 21:00:00,0.20031693165969316,-0.15716934243225134,-0.16535669396872688,-0.17031260489198352,0.5474245592912016,0.00011135857461024499,0.5,-0.43996013638745357,0.5363225452361609,0.5130213376176217,0.43351265033560366,0.7445513694354916,0.09943891546086878
2021-01-20 21:10:00,0.20011048117154812,-0.15725612401877653,-0.16513435591958314,-0.17004213533297619,0.5475077933805342,0.00011135857461024499,0.5,-0.43996013638745357,0.5363225452361609,0.5130213376176217,0.43351265033560366,0.7445513694354916,0.0992986707304193
2021-01-20 21:20:00,0.19990403765690376,-0.15734290560530173,-0.16491198808637386,-0.1697716836279236,0.547591027469867,0.00011135857461024499,0.5,-0.43996013638745357,0.5363225452361609,0.5130213376176217,0.43351265033560366,0.7445513694354916,0.09915842599996982
2021-01-20 21:30:00,0.1996975871687587,-0.15742968719182693,-0.16468965003723024,-0.1695011962149615,0.5476742615591996,0.00011135857461024499,0.5,-0.43996013638745357,0.5363225452361609,0.5130213376176217,0.43351265033560366,0.7445513694354916,0.09901819635771082
2021-01-20 21:40:00,0.19949114365411436,-0.15751646877835201,-0.1644673119880864,-0.16923074450990894,0.5477574956485323,0.00011135857461024499,0.5,-0.43996013638745357,0.5363225452361609,0.5130213376176217,0.43351265033560366,0.7445513694354916,0.09887795162726133
2021-01-20 21:50:00,0.19928471408647142,-0.1576032503648772,-0.16424494415487723,-0.16896029280485625,0.5478407166507441,0.00011135857461024499,0.5,-0.43996013638745357,0.5363225452361609,0.5130213376176217,0.43351265033560366,0.7445513694354916,0.09873772198500233
2021-01-20 22:00:00,0.19907826359832637,-0.1576900319514024,-0.1640226061057336,-0.16868984109980345,0.5479239900014397,0.00011135857461024499,0.5,-0.5054123058891884,0.5531469194585193,0.5476999278554451,0.3927266597990944,0.77060669319465,0.09859747725455285
2021-01-20 22:10:00,0.1988718270571827,-0.1577768135379276,-0.16380026805658976,-0.16841938939475087,0.5480072240907723,0.00011135857461024499,0.5,-0.5054123058891884,0.5531469194585193,0.5476999278554451,0.3927266597990944,0.77060669319465,0.09845724761229385
2021-01-20 22:20:00,0.19866537656903765,-0.1578635951244528,-0.1635779002233806,-0.1681489376896983,0.548090458180105,0.00011135857461024499,0.5,-0.5054123058891884,0.5531469194585193,0.5476999278554451,0.3927266597990944,0.77060669319465,0.09831700288184438
2021-01-20 22:30:00,0.1984589260808926,-0.157950376710978,-0.16335556217423686,-0.1678784502767362,0.5481736922694377,0.00011135857461024499,0.5,-0.5054123058891884,0.5531469194585193,0.5476999278554451,0.3927266597990944,0.77060669319465,0.09817677323958537
2021-01-20 22:40:00,0.19825249651324967,-0.1580371582975032,-0.1631331943410277,-0.16760799857168363,0.5482569263587703,0.00011135857461024499,0.5,-0.5054123058891884,0.5531469194585193,0.5476999278554451,0.3927266597990944,0.77060669319465,0.0980365285091359
2021-01-20 22:50:00,0.1980460529986053,-0.1581239398840283,-0.16291085629188395,-0.16733754686663105,0.5483401604481031,0.00011135857461024499,0.5,-0.5054123058891884,0.5531469194585193,0.5476999278554451,0.3927266597990944,0.77060669319465,0.09789628377868644
2021-01-20 23:00:00,0.19783960948396095,-0.1582107214705536,-0.16268851824274022,-0.16706709516157825,0.5484234337987987,0.00011135857461024499,0.5,-0.5590980724248997,0.5558250265080881,0.6035547013356191,0.3415857585417824,0.8051981318157866,0.0977560541364274
2021-01-20 23:10:00,0.1976331589958159,-0.15829750305707868,-0.1624661801935965,-0.16679664345652556,0.5485066548010104,0.00011135857461024499,0.5,-0.5590980724248997,0.5558250265080881,0.6035547013356191,0.3415857585417824,0.8051981318157866,0.09761580940597796
2021-01-20 23:20:00,0.19742670850767086,-0.15838428464360388,-0.16224384214445287,-0.1665261560435637,0.5485898888903431,0.00011135857461024499,0.5,-0.5590980724248997,0.5558250265080881,0.6035547013356191,0.3415857585417824,0.8051981318157866,0.09747557976371896
2021-01-20 23:30:00,0.1972202789400279,-0.15847106623012908,-0.16202150409530913,-0.1662557043385109,0.5486731229796757,0.00011135857461024499,0.5,-0.5590980724248997,0.5558250265080881,0.6035547013356191,0.3415857585417824,0.8051981318157866,0.09733533503326947
2021-01-20 23:40:00,0.19701383542538353,-0.15855784781665427,-0.16179913626209985,-0.1659852526334583,0.5487563570690083,0.00011135857461024499,0.5,-0.5590980724248997,0.5558250265080881,0.6035547013356191,0.3415857585417824,0.8051981318157866,0.09719510539101046
2021-01-20 23:50:00,0.19680739191073918,-0.15864462940317947,-0.16157679821295623,-0.16571472951258703,0.5488395911583411,0.00011135857461024499,0.5,-0.5590980724248997,0.5558250265080881,0.6035547013356191,0.3415857585417824,0.8051981318157866,0.09705486066056099
2021-01-21 00:00:00,0.19660094142259416,-0.15873141098970467,-0.16135444527177967,-0.16544427780753435,0.5489228645090367,0.00011135857461024499,0.5,-0.5757125470653784,0.5614398560948474,0.6108013676142345,0.2981492373425069,0.8460845117509219,0.09691463101830199
2021-01-21 00:10:00,0.1963944909344491,-0.15881819257622987,-0.16113209233060333,-0.16517382610248177,0.5490060985983692,0.00011135857461024499,0.5,-0.5757125470653784,0.5614398560948474,0.6108013676142345,0.2981492373425069,0.8460845117509219,0.09677438628785251
2021-01-21 00:20:00,0.19618806136680614,-0.15890497416275495,-0.16090975428145948,-0.16490341010533838,0.5490893196005812,0.00011135857461024499,0.5,-0.5757125470653784,0.5614398560948474,0.6108013676142345,0.2981492373425069,0.8460845117509219,0.09663414155740303
2021-01-21 00:30:00,0.19598161785216178,-0.15899175574928015,-0.1606873864482502,-0.16463292269237628,0.5491725536899138,0.00011135857461024499,0.5,-0.5757125470653784,0.5614398560948474,0.6108013676142345,0.2981492373425069,0.8460845117509219,0.09649391191514402
2021-01-21 00:40:00,0.19577517433751743,-0.15907853733580535,-0.1604650483991067,-0.1643624352794142,0.5492557877792463,0.00011135857461024499,0.5,-0.5757125470653784,0.5614398560948474,0.6108013676142345,0.2981492373425069,0.8460845117509219,0.09635367472878978
2021-01-21 00:50:00,0.19556872384937238,-0.15916531892233055,-0.16024271034996285,-0.16409201928227113,0.5493390611299421,0.00011135857461024499,0.5,-0.5757125470653784,0.5614398560948474,0.6108013676142345,0.2981492373425069,0.8460845117509219,0.0962134299983403
2021-01-21 01:00:00,0.19536227336122736,-0.15925210050885574,-0.16002034251675357,-0.16382156757721822,0.5494222952192748,0.00011135857461024499,0.5,-0.6227303305991583,0.5632214294540073,0.647547535323123,0.27025283019928326,0.8739665923028772,0.09607319281198606
2021-01-21 01:10:00,0.19515585076708508,-0.15933888209538094,-0.15979800446760994,-0.16355111587216564,0.5495055293086073,0.00011135857461024499,0.5,-0.6227303305991583,0.5632214294540073,0.647547535323123,0.27025283019928326,0.8739665923028772,0.09593295562563182
2021-01-21 01:20:00,0.19494940027894003,-0.15942566368190614,-0.1595756664184662,-0.16328066416711307,0.5495887633979402,0.00011135857461024499,0.5,-0.6227303305991583,0.5632214294540073,0.647547535323123,0.27025283019928326,0.8739665923028772,0.09579271843927759
2021-01-21 01:30:00,0.19474295676429568,-0.15951244526843122,-0.15935329858525704,-0.16301017675415097,0.5496719974872727,0.00011135857461024499,0.5,-0.6227303305991583,0.5632214294540073,0.647547535323123,0.27025283019928326,0.8739665923028772,0.09565248125292335
2021-01-21 01:40:00,0.19453650627615063,-0.15959922685495653,-0.1591309605361133,-0.1627396536332797,0.5497552184894844,0.00011135857461024499,0.5,-0.6227303305991583,0.5632214294540073,0.647547535323123,0.27025283019928326,0.8739665923028772,0.0955122440665691
2021-01-21 01:50:00,0.19433005578800558,-0.15968600844148162,-0.15890860759493675,-0.1624692019282271,0.5498385049273011,0.00011135857461024499,0.5,-0.6227303305991583,0.5632214294540073,0.647547535323123,0.27025283019928326,0.8739665923028772,0.09537200688021485
2021-01-21 02:00:00,0.194123640167364,-0.15977279002800682,-0.1586862546537604,-0.16219875022317443,0.5499217390166337,0.00011135857461024499,0.5,-0.6372632722782796,0.5655001192504749,0.6522698396574904,0.26364510953097503,0.878538571980335,0.09523176969386062
2021-01-21 02:10:00,0.19391718270571828,-0.15985957161453201,-0.15846391660461667,-0.16192829851812163,0.5500049731059665,0.00011135857461024499,0.5,-0.6372632722782796,0.5655001192504749,0.6522698396574904,0.26364510953097503,0.878538571980335,0.09509153250750638
2021-01-21 02:20:00,0.19371073919107393,-0.1599463532010572,-0.1582415487714074,-0.16165784681306905,0.550088207195299,0.00011135857461024499,0.5,-0.6372632722782796,0.5655001192504749,0.6522698396574904,0.26364510953097503,0.878538571980335,0.0949512877770569
2021-01-21 02:30:00,0.19350429567642957,-0.1600331347875824,-0.15801921072226366,-0.16138739510801636,0.5501714412846319,0.00011135857461024499,0.5,-0.6372632722782796,0.5655001192504749,0.6522698396574904,0.26364510953097503,0.878538571980335,0.09481105059070266
2021-01-21 02:40:00,0.19329783821478383,-0.16011991637410772,-0.15779687267312004,-0.16111694340296379,0.5502546753739644,0.00011135857461024499,0.5,-0.6372632722782796,0.5655001192504749,0.6522698396574904,0.26364510953097503,0.878538571980335,0.09467081340434841
2021-01-21 02:50:00,0.19309142259414225,-0.16020669796063292,-0.15757450483991076,-0.160846491697911,0.5503379356375391,0.00011135857461024499,0.5,-0.6372632722782796,0.5655001192504749,0.6522698396574904,0.26364510953097503,0.878538571980335,0.09453057621799418
2021-01-21 03:00:00,0.1928849721059972,-0.1602934795471579,-0.15735216679076702,-0.1605760399928583,0.5504211435526299,0.00011135857461024499,0.5,-0.6513280032872806,0.5733189274928397,0.6559233545582132,0.2575661406817636,0.8671788790830642,0.09439033903163994
2021-01-21 03:10:00,0.19267852161785215,-0.1603802611336831,-0.1571298287416233,-0.16030558828780572,0.5505043776419625,0.00011135857461024499,0.5,-0.6513280032872806,0.5733189274928397,0.6559233545582132,0.2575661406817636,0.8671788790830642,0.0942501018452857
2021-01-21 03:20:00,0.1924720781032078,-0.16046704272020829,-0.15690746090841412,-0.16003513658275315,0.5505876117312953,0.00011135857461024499,0.5,-0.6513280032872806,0.5733189274928397,0.6559233545582132,0.2575661406817636,0.8671788790830642,0.09410986465893147
2021-01-21 03:30:00,0.19226562761506277,-0.1605538243067336,-0.1566851228592705,-0.15976461346188187,0.5506708458206279,0.00011135857461024499,0.5,-0.6513280032872806,0.5733189274928397,0.6559233545582132,0.2575661406817636,0.8671788790830642,0.09396962747257721
2021-01-21 03:40:00,0.1920592050209205,-0.1606406058932588,-0.15646278481012665,-0.15949416175682896,0.5507541322584444,0.00011135857461024499,0.5,-0.6513280032872806,0.5733189274928397,0.6559233545582132,0.2575661406817636,0.8671788790830642,0.09382938274212774
2021-01-21 03:50:00,0.19185275453277545,-0.160727387479784,-0.15624041697691737,-0.15922371005177638,0.5508373663477771,0.00011135857461024499,0.5,-0.6513280032872806,0.5733189274928397,0.6559233545582132,0.2575661406817636,0.8671788790830642,0.0936891455557735
2021-01-21 04:00:00,0.1916463040446304,-0.1608141690663092,-0.15601807892777386,-0.15895322263881462,0.5509206004371098,0.00011135857461024499,0.5,-0.7079197578032055,0.5799624720192416,0.6779292826112346,0.2551426699820069,0.864717989726682,0.09354890836941926
2021-01-21 04:10:00,0.19143986052998604,-0.16090095065283416,-0.15579571109456458,-0.1586827709337617,0.5510038345264425,0.00011135857461024499,0.5,-0.7079197578032055,0.5799624720192416,0.6779292826112346,0.2551426699820069,0.864717989726682,0.09340867118306502
2021-01-21 04:20:00,0.1912334170153417,-0.16098773223935958,-0.15557337304542074,-0.15841231922870913,0.5510870555286542,0.00011135857461024499,0.5,-0.7079197578032055,0.5799624720192416,0.6779292826112346,0.2551426699820069,0.864717989726682,0.09326843399671078
2021-01-21 04:30:00,0.19102698744769875,-0.16107451382588467,-0.15535103499627712,-0.15814186752365644,0.5511702896179869,0.00011135857461024499,0.5,-0.7079197578032055,0.5799624720192416,0.6779292826112346,0.2551426699820069,0.864717989726682,0.09312819681035653
2021-01-21 04:40:00,0.1908205369595537,-0.16116129541240987,-0.15512866716306783,-0.15787145152651305,0.5512535629686824,0.00011135857461024499,0.5,-0.7079197578032055,0.5799624720192416,0.6779292826112346,0.2551426699820069,0.864717989726682,0.09298795962400229
2021-01-21 04:50:00,0.19061408647140865,-0.16124807699893506,-0.1549063291139242,-0.15760096411355107,0.5513367970580152,0.00011135857461024499,0.5,-0.7079197578032055,0.5799624720192416,0.6779292826112346,0.2551426699820069,0.864717989726682,0.09284772243764805
2021-01-21 05:00:00,0.1904076429567643,-0.16133485858546026,-0.15468399106478048,-0.15733051240849838,0.5514200311473478,0.00011135857461024499,0.5,-0.7115993039877287,0.5735746694750411,0.6653881266725991,0.2618931721751334,0.8722343872577413,0.09270748525129381
2021-01-21 05:10:00,0.19020119944211994,-0.16142164017198546,-0.1544616232315712,-0.1570599892876271,0.5515032652366806,0.00011135857461024499,0.5,-0.7115993039877287,0.5735746694750411,0.6653881266725991,0.2618931721751334,0.8722343872577413,0.09256724353848243
2021-01-21 05:20:00,0.18999476987447697,-0.16150842175851066,-0.15423928518242747,-0.15678950187466534,0.5515864993260132,0.00011135857461024499,0.5,-0.7115993039877287,0.5735746694750411,0.6653881266725991,0.2618931721751334,0.8722343872577413,0.0924270033344901
2021-01-21 05:30:00,0.18978831938633195,-0.16159520334503585,-0.15401694713328384,-0.15651908587752195,0.5516697203282249,0.00011135857461024499,0.5,-0.7115993039877287,0.5735746694750411,0.6653881266725991,0.2618931721751334,0.8722343872577413,0.09228676614813586
2021-01-21 05:40:00,0.1895818688981869,-0.16168198493156094,-0.15379457930007456,-0.15624863417246904,0.5517529936789205,0.00011135857461024499,0.5,-0.7115993039877287,0.5735746694750411,0.6653881266725991,0.2618931721751334,0.8722343872577413,0.09214652896178162
2021-01-21 05:50:00,0.18937542538354254,-0.16176876651808614,-0.15357224125093083,-0.15597818246741646,0.5518362277682533,0.00011135857461024499,0.5,-0.7115993039877287,0.5735746694750411,0.6653881266725991,0.2618931721751334,0.8722343872577413,0.09200629177542738
2021-01-21 06:00:00,0.1891689818688982,-0.16185554810461134,-0.15334987341772166,-0.15570773076236388,0.5519194618575859,0.00011135857461024499,0.5,-0.75586278939225,0.5717126379641776,0.6939528811978659,0.31690042137116203,0.958114678659808,0.09186605458907314
2021-01-21 06:10:00,0.18896255230125522,-0.16194232969113653,-0.15312753536857793,-0.1554372433494018,0.5520026959469186,0.00011135857461024499,0.5,-0.75586278939225,0.5717126379641776,0.6939528811978659,0.31690042137116203,0.958114678659808,0.0917258174027189
2021-01-21 06:20:00,0.18875610878661087,-0.16202911127766173,-0.1529051973194343,-0.1551667916443492,0.5520859300362513,0.00011135857461024499,0.5,-0.75586278939225,0.5717126379641776,0.6939528811978659,0.31690042137116203,0.958114678659808,0.09158558021636466
2021-01-21 06:30:00,0.18854965132496515,-0.16211589286418693,-0.15268282948622502,-0.15489633993929663,0.552169164125584,0.00011135857461024499,0.5,-0.75586278939225,0.5717126379641776,0.6939528811978659,0.31690042137116203,0.958114678659808,0.09144533925796279
2021-01-21 06:40:00,0.18834321478382146,-0.16220267445071213,-0.15246049143708118,-0.15462588823424372,0.5522524243891586,0.00011135857461024499,0.5,-0.75586278939225,0.5717126379641776,0.6939528811978659,0.31690042137116203,0.958114678659808,0.09130510131719903
2021-01-21 06:50:00,0.1881367642956764,-0.1622894560372372,-0.15223815338793767,-0.15435543652919115,0.5523356584784913,0.00011135857461024499,0.5,-0.75586278939225,0.5717126379641776,0.6939528811978659,0.31690042137116203,0.958114678659808,0.09116486413084479
2021-01-21 07:00:00,0.18793033472803347,-0.16237623762376252,-0.1520157855547284,-0.15408491340831987,0.552418892567824,0.00011135857461024499,0.5,-0.7648758948216995,0.5868042884194857,0.6962402275451183,0.28788372215880303,0.9603768821085618,0.09102462694449055
2021-01-21 07:10:00,0.18772389121338912,-0.1624630192102876,-0.15179344750558454,-0.1538144617032673,0.5525021266571567,0.00011135857461024499,0.5,-0.7648758948216995,0.5868042884194857,0.6962402275451183,0.28788372215880303,0.9603768821085618,0.09088438975813631
2021-01-21 07:20:00,0.18751744072524407,-0.1625498007968128,-0.15157110945644092,-0.1535440099982146,0.5525853607464893,0.00011135857461024499,0.5,-0.7648758948216995,0.5868042884194857,0.6962402275451183,0.28788372215880303,0.9603768821085618,0.09074414955414398
2021-01-21 07:30:00,0.1873109972105997,-0.162636582383338,-0.15134874162323175,-0.1532735582931618,0.5526686340971849,0.00011135857461024499,0.5,-0.7648758948216995,0.5868042884194857,0.6962402275451183,0.28788372215880303,0.9603768821085618,0.09060391236778972
2021-01-21 07:40:00,0.18710454672245466,-0.1627233639698632,-0.15112640357408802,-0.15300310658810923,0.5527518681865177,0.00011135857461024499,0.5,-0.7648758948216995,0.5868042884194857,0.6962402275451183,0.28788372215880303,0.9603768821085618,0.09046367518143549
2021-01-21 07:50:00,0.1868981032078103,-0.1628101455563884,-0.15090403574087874,-0.15273265488305654,0.5528351022758503,0.00011135857461024499,0.5,-0.7648758948216995,0.5868042884194857,0.6962402275451183,0.28788372215880303,0.9603768821085618,0.09032343799508125
2021-01-21 08:00:00,0.18669167364016737,-0.1628969271429136,-0.150681697691735,-0.15246220317800396,0.5529183363651831,0.00011135857461024499,0.5,-0.7429675844658654,0.590789840434247,0.6918586727608462,0.3062526155031714,0.9555274376182035,0.0901831970366794
2021-01-21 08:10:00,0.18648523012552304,-0.1629837087294388,-0.15045935964259138,-0.15219175147295105,0.5530015573673948,0.00011135857461024499,0.5,-0.7429675844658654,0.590789840434247,0.6918586727608462,0.3062526155031714,0.9555274376182035,0.09004295985032516
2021-01-21 08:20:00,0.18627877963737796,-0.16307049031596388,-0.1502369918093821,-0.15192129976789848,0.5530847914567274,0.00011135857461024499,0.5,-0.7429675844658654,0.590789840434247,0.6918586727608462,0.3062526155031714,0.9555274376182035,0.08990272266397091
2021-01-21 08:30:00,0.18607233612273363,-0.16315727190248908,-0.15001465376023837,-0.15165081235493671,0.553168064807423,0.00011135857461024499,0.5,-0.7429675844658654,0.590789840434247,0.6918586727608462,0.3062526155031714,0.9555274376182035,0.08976248547761667
2021-01-21 08:40:00,0.18586588563458856,-0.16324405348901427,-0.14979231571109464,-0.1513803606498838,0.5532512988967557,0.00011135857461024499,0.5,-0.7429675844658654,0.590789840434247,0.6918586727608462,0.3062526155031714,0.9555274376182035,0.0896222475368529
2021-01-21 08:50:00,0.1856594560669456,-0.16333083507553947,-0.14956994787788547,-0.15110983752901253,0.5533345329860884,0.00011135857461024499,0.5,-0.7429675844658654,0.590789840434247,0.6918586727608462,0.3062526155031714,0.9555274376182035,0.08948201035049867
2021-01-21 09:00:00,0.18545301255230126,-0.16341761666206467,-0.14934760982874173,-0.15083938582395995,0.5534177670754211,0.00011135857461024499,0.5,-0.7465422685370635,0.5993528865798671,0.6870609140229409,0.3041381958794857,0.9406213335228917,0.08934177316414443
2021-01-21 09:10:00,0.18524656206415618,-0.16350439824858987,-0.14912528667163083,-0.15056893411890737,0.5535010011647538,0.00011135857461024499,0.5,-0.7465422685370635,0.5993528865798671,0.6870609140229409,0.3041381958794857,0.9406213335228917,0.0892015359777902
2021-01-21 09:20:00,0.18504011854951188,-0.16359117983511517,-0.14890293373045427,-0.15029851812176398,0.5535842352540864,0.00011135857461024499,0.5,-0.7465422685370635,0.5993528865798671,0.6870609140229409,0.3041381958794857,0.9406213335228917,0.08906129275615976
2021-01-21 09:30:00,0.1848336680613668,-0.16367796142164015,-0.14868059568131065,-0.15002803070880188,0.553667495517661,0.00011135857461024499,0.5,-0.7465422685370635,0.5993528865798671,0.6870609140229409,0.3041381958794857,0.9406213335228917,0.08892105556980551
2021-01-21 09:40:00,0.18462723849372384,-0.16376474300816557,-0.14845822784810148,-0.14975754329584,0.5537507296069938,0.00011135857461024499,0.5,-0.7465422685370635,0.5993528865798671,0.6870609140229409,0.3041381958794857,0.9406213335228917,0.08878081838345127
2021-01-21 09:50:00,0.18442079497907948,-0.16385152459469055,-0.14823588979895763,-0.14948712729869662,0.5538339636963264,0.00011135857461024499,0.5,-0.7465422685370635,0.5993528865798671,0.6870609140229409,0.3041381958794857,0.9406213335228917,0.08864058044268751
2021-01-21 10:00:00,0.18421434449093443,-0.16393830618121574,-0.148013551749814,-0.14921667559364404,0.5539171977856592,0.00011135857461024499,0.5,-0.5992361808978186,0.6077176608516491,0.5081189572277519,0.2506138837550308,0.9299692100072926,0.08850034325633327
2021-01-21 10:10:00,0.1840079009762901,-0.16402508776774105,-0.14779118391660473,-0.14894622388859124,0.5540004318749918,0.00011135857461024499,0.5,-0.5992361808978186,0.6077176608516491,0.5081189572277519,0.2506138837550308,0.9299692100072926,0.08836010606997903
2021-01-21 10:20:00,0.18380145746164575,-0.16411186935426625,-0.147568845867461,-0.14867577218353856,0.5540836659643245,0.00011135857461024499,0.5,-0.5992361808978186,0.6077176608516491,0.5081189572277519,0.2506138837550308,0.9299692100072926,0.08821986888362479
2021-01-21 10:30:00,0.1835950278940028,-0.16419865094079145,-0.14734650781831737,-0.14840528477057657,0.5541669393150201,0.00011135857461024499,0.5,-0.5992361808978186,0.6077176608516491,0.5081189572277519,0.2506138837550308,0.9299692100072926,0.08807963169727054
2021-01-21 10:40:00,0.18338857740585773,-0.16428543252731642,-0.1471241399851081,-0.1481347973576147,0.5542501734043528,0.00011135857461024499,0.5,-0.5992361808978186,0.6077176608516491,0.5081189572277519,0.2506138837550308,0.9299692100072926,0.08793939375650678
2021-01-21 10:50:00,0.1831821338912134,-0.16437221411384184,-0.14690180193596436,-0.1478643099446526,0.5543334074936854,0.00011135857461024499,0.5,-0.5992361808978186,0.6077176608516491,0.5081189572277519,0.2506138837550308,0.9299692100072926,0.08779915355251446
2021-01-21 11:00:00,0.18297568340306833,-0.16445899570036693,-0.14667946388682074,-0.14759385823960003,0.5544166415830182,0.00011135857461024499,0.5,-0.5492737531531178,0.6140250052441462,0.4351583534302016,0.15490745388770572,0.8825213629281571,0.08765891636616022
2021-01-21 11:10:00,0.1827692468619247,-0.16454577728689213,-0.14645709605361146,-0.14732340653454745,0.5544998756723508,0.00011135857461024499,0.5,-0.5492737531531178,0.6140250052441462,0.4351583534302016,0.15490745388770572,0.8825213629281571,0.08751867917980598
2021-01-21 11:20:00,0.18256281032078106,-0.16463255887341732,-0.14623475800446772,-0.14705295482949488,0.5545831359359255,0.00011135857461024499,0.5,-0.5492737531531178,0.6140250052441462,0.4351583534302016,0.15490745388770572,0.8825213629281571,0.08737843897581363
2021-01-21 11:30:00,0.18235635983263598,-0.16471934045994252,-0.14601239017125844,-0.14678250312444197,0.5546663700252582,0.00011135857461024499,0.5,-0.5492737531531178,0.6140250052441462,0.4351583534302016,0.15490745388770572,0.8825213629281571,0.08723820178945939
2021-01-21 11:40:00,0.18214991631799166,-0.16480612204646772,-0.14579005212211482,-0.1465120514193894,0.5547496041145908,0.00011135857461024499,0.5,-0.5492737531531178,0.6140250052441462,0.4351583534302016,0.15490745388770572,0.8825213629281571,0.08709796460310515
2021-01-21 11:50:00,0.18194346582984658,-0.16489290363299292,-0.1455677140729711,-0.1462415997143367,0.5548328382039235,0.00011135857461024499,0.5,-0.5492737531531178,0.6140250052441462,0.4351583534302016,0.15490745388770572,0.8825213629281571,0.08695772666234139
2021-01-21 12:00:00,0.18173702928870294,-0.1649796852195181,-0.1453453462397618,-0.1459711480092839,0.5549160722932562,0.00011135857461024499,0.5,-0.5238985892643744,0.6011919300473861,0.39823667497425996,0.1898542740404173,0.7766903985168726,0.08681748947598715
2021-01-21 12:10:00,0.18153059274755928,-0.1650664668060432,-0.14512300819061807,-0.14570069630423133,0.554999280208347,0.00011135857461024499,0.5,-0.5238985892643744,0.6011919300473861,0.39823667497425996,0.1898542740404173,0.7766903985168726,0.08667724851758529
2021-01-21 12:20:00,0.18132414923291493,-0.1651532483925685,-0.14490067014147445,-0.14543024459917864,0.5550825666461635,0.00011135857461024499,0.5,-0.5238985892643744,0.6011919300473861,0.39823667497425996,0.1898542740404173,0.7766903985168726,0.08653701133123105
2021-01-21 12:30:00,0.18111769874476988,-0.1652400299790936,-0.14467830230826528,-0.14515972147830736,0.5551658007354963,0.00011135857461024499,0.5,-0.5238985892643744,0.6011919300473861,0.39823667497425996,0.1898542740404173,0.7766903985168726,0.0863967741448768
2021-01-21 12:40:00,0.18091125523012552,-0.1653268115656188,-0.14445596425912144,-0.14488926977325478,0.5552490348248289,0.00011135857461024499,0.5,-0.5238985892643744,0.6011919300473861,0.39823667497425996,0.1898542740404173,0.7766903985168726,0.08625653695852256
2021-01-21 12:50:00,0.18070481171548117,-0.165413593152144,-0.1442336262099777,-0.1446188180682022,0.5553322689141615,0.00011135857461024499,0.5,-0.5238985892643744,0.6011919300473861,0.39823667497425996,0.1898542740404173,0.7766903985168726,0.08611629977216832
2021-01-21 13:00:00,0.1804983751743375,-0.1655003747386692,-0.14401125837676865,-0.1443483663631493,0.5554155030034943,0.00011135857461024499,0.5,-0.3188801166557659,0.5808245236446399,0.26592934398927054,0.2459895180763749,0.74465753872922,0.08597606258581408
2021-01-21 13:10:00,0.18029193165969318,-0.16558715632519438,-0.1437889203276248,-0.14407787895018753,0.5554987370928269,0.00011135857461024499,0.5,-0.3188801166557659,0.5808245236446399,0.26592934398927054,0.2459895180763749,0.74465753872922,0.08583582539945984
2021-01-21 13:20:00,0.18008548117154813,-0.16567393791171947,-0.14356655249441552,-0.14380742724513462,0.5555820104435225,0.00011135857461024499,0.5,-0.3188801166557659,0.5808245236446399,0.26592934398927054,0.2459895180763749,0.74465753872922,0.08569558519546751
2021-01-21 13:30:00,0.17987903765690377,-0.16576071949824478,-0.1433442144452719,-0.14353697554008205,0.5556652314457343,0.00011135857461024499,0.5,-0.3188801166557659,0.5808245236446399,0.26592934398927054,0.2459895180763749,0.74465753872922,0.08555534800911327
2021-01-21 13:40:00,0.17967259414225942,-0.16584750108476987,-0.14312187639612817,-0.14326655954293865,0.555748465535067,0.00011135857461024499,0.5,-0.3188801166557659,0.5808245236446399,0.26592934398927054,0.2459895180763749,0.74465753872922,0.08541510629630189
2021-01-21 13:50:00,0.17946615760111576,-0.16593428267129506,-0.142899508562919,-0.1429960721299769,0.5558316996243996,0.00011135857461024499,0.5,-0.3188801166557659,0.5808245236446399,0.26592934398927054,0.2459895180763749,0.74465753872922,0.08527486910994765
2021-01-21 14:00:00,0.17925971408647143,-0.16602106425782026,-0.14267717051377526,-0.14272562042492398,0.5559149337137324,0.00011135857461024499,0.5,-0.30269212797046785,0.5500033045312327,0.2522794521680587,0.2918723832267076,0.7424157719247447,0.08513463192359341
2021-01-21 14:10:00,0.17905327057182707,-0.16610784584434546,-0.14245483246463142,-0.1424551687198714,0.5559982201515489,0.00011135857461024499,0.5,-0.30269212797046785,0.5500033045312327,0.2522794521680587,0.2918723832267076,0.7424157719247447,0.08499439473723917
2021-01-21 14:20:00,0.17884682008368202,-0.16619462743087066,-0.14223246463142236,-0.14218460989109094,0.5560814542408816,0.00011135857461024499,0.5,-0.30269212797046785,0.5500033045312327,0.2522794521680587,0.2918723832267076,0.7424157719247447,0.08485415755088492
2021-01-21 14:30:00,0.17864037656903767,-0.16628140901739585,-0.14201012658227863,-0.14191419389394755,0.5561646883302143,0.00011135857461024499,0.5,-0.30269212797046785,0.5500033045312327,0.2522794521680587,0.2918723832267076,0.7424157719247447,0.08471392036453068
2021-01-21 14:40:00,0.1784339470013947,-0.16636819060392105,-0.1417877885331349,-0.14164374218889486,0.5562479224195469,0.00011135857461024499,0.5,-0.30269212797046785,0.5500033045312327,0.2522794521680587,0.2918723832267076,0.7424157719247447,0.08457368317817644
2021-01-21 14:50:00,0.17822749651324968,-0.16645497219044614,-0.14156542069992561,-0.14137329048384206,0.5563311303346377,0.00011135857461024499,0.5,-0.30269212797046785,0.5500033045312327,0.2522794521680587,0.2918723832267076,0.7424157719247447,0.0844334459918222
2021-01-21 15:00:00,0.1780210529986053,-0.16654175377697145,-0.141343082650782,-0.14110283877878949,0.5564143644239704,0.00011135857461024499,0.5,-0.29053486014882823,0.5181073943914941,0.2734850562870828,0.31031535697469537,0.7476462218536031,0.08429320126137273
2021-01-21 15:10:00,0.17781460251046027,-0.16662853536349653,-0.1411207148175727,-0.1408323513658276,0.556497624687545,0.00011135857461024499,0.5,-0.29053486014882823,0.5181073943914941,0.2734850562870828,0.31031535697469537,0.7476462218536031,0.08415296407501849
2021-01-21 15:20:00,0.17760815899581592,-0.16671531695002173,-0.14089837676842898,-0.1405618996607747,0.5565808587768777,0.00011135857461024499,0.5,-0.29053486014882823,0.5181073943914941,0.2734850562870828,0.31031535697469537,0.7476462218536031,0.08401272688866425
2021-01-21 15:30:00,0.17740172942817295,-0.16680209853654693,-0.14067603871928525,-0.14029144795572213,0.5566640928662104,0.00011135857461024499,0.5,-0.29053486014882823,0.5181073943914941,0.2734850562870828,0.31031535697469537,0.7476462218536031,0.08387248970231
2021-01-21 15:40:00,0.1771952789400279,-0.16688888012307213,-0.14045367088607597,-0.14002099625066955,0.5567473269555431,0.00011135857461024499,0.5,-0.29053486014882823,0.5181073943914941,0.2734850562870828,0.31031535697469537,0.7476462218536031,0.08373225251595576
2021-01-21 15:50:00,0.17698884239888424,-0.16697566170959732,-0.14023133283693245,-0.13975054454561697,0.5568305610448757,0.00011135857461024499,0.5,-0.29053486014882823,0.5181073943914941,0.2734850562870828,0.31031535697469537,0.7476462218536031,0.08359201532960152
2021-01-21 16:00:00,0.1767823919107392,-0.1670624432961224,-0.1400089947877886,-0.13948009284056406,0.5569137951342085,0.00011135857461024499,0.5,-0.22680897985239923,0.5059840750329747,0.2668500145265579,0.29129268643880496,0.755378180452488,0.08345177814324728
2021-01-21 16:10:00,0.17657594142259414,-0.16714922488264783,-0.13978662695457933,-0.13920956971969278,0.556997068484904,0.00011135857461024499,0.5,-0.22680897985239923,0.5059840750329747,0.2668500145265579,0.29129268643880496,0.755378180452488,0.08331154095689304
2021-01-21 16:20:00,0.1763695118549512,-0.1672360064691728,-0.1395642889054357,-0.1389391180146402,0.5570803025742367,0.00011135857461024499,0.5,-0.22680897985239923,0.5059840750329747,0.2668500145265579,0.29129268643880496,0.755378180452488,0.0831713037705388
2021-01-21 16:30:00,0.17616306834030684,-0.167322788055698,-0.13934195085629197,-0.13866866630958763,0.5571635366635694,0.00011135857461024499,0.5,-0.22680897985239923,0.5059840750329747,0.2668500145265579,0.29129268643880496,0.755378180452488,0.08303105904008933
2021-01-21 16:40:00,0.1759566248256625,-0.1674095696422233,-0.1391195830230827,-0.13839821460453494,0.5572467707529021,0.00011135857461024499,0.5,-0.22680897985239923,0.5059840750329747,0.2668500145265579,0.29129268643880496,0.755378180452488,0.08289082185373509
2021-01-21 16:50:00,0.17575017433751744,-0.1674963512287485,-0.13889724497393907,-0.13812776289948214,0.5573300048422348,0.00011135857461024499,0.5,-0.22680897985239923,0.5059840750329747,0.2668500145265579,0.29129268643880496,0.755378180452488,0.08275058466738085
2021-01-21 17:00:00,0.1755437238493724,-0.1675831328152737,-0.1386748920327625,-0.13785731119442957,0.5574132389315675,0.00011135857461024499,0.5,-0.2174202852823156,0.49109644346234604,0.2748902835906202,0.2515891160150286,0.7358275079266563,0.08261034748102661
2021-01-21 17:10:00,0.17533729428172945,-0.1676699144017989,-0.13845253909158617,-0.13758685948937688,0.557496512282263,0.00011135857461024499,0.5,-0.2174202852823156,0.49109644346234604,0.2748902835906202,0.2515891160150286,0.7358275079266563,0.08247011029467237
2021-01-21 17:20:00,0.1751308507670851,-0.1677566959883241,-0.13823020104244244,-0.1373164077843243,0.5575797332844746,0.00011135857461024499,0.5,-0.2174202852823156,0.49109644346234604,0.2748902835906202,0.2515891160150286,0.7358275079266563,0.08232987310831812
2021-01-21 17:30:00,0.17492440725244074,-0.1678434775748492,-0.13800783320923316,-0.1370459203713622,0.5576629673738075,0.00011135857461024499,0.5,-0.2174202852823156,0.49109644346234604,0.2748902835906202,0.2515891160150286,0.7358275079266563,0.08218963592196388
2021-01-21 17:40:00,0.1747179567642957,-0.1679302591613745,-0.13778549516008942,-0.13677546866630963,0.5577462014631401,0.00011135857461024499,0.5,-0.2174202852823156,0.49109644346234604,0.2748902835906202,0.2515891160150286,0.7358275079266563,0.08204939873560964
2021-01-21 17:50:00,0.17451150627615064,-0.16801704074789958,-0.1375631571109458,-0.13650494554543835,0.5578294355524729,0.00011135857461024499,0.5,-0.2174202852823156,0.49109644346234604,0.2748902835906202,0.2515891160150286,0.7358275079266563,0.08190915400516016
2021-01-21 18:00:00,0.17430507670850767,-0.16810382233442478,-0.13734078927773652,-0.13623449384038555,0.5579127089031685,0.00011135857461024499,0.5,-0.370837559447713,0.47929495671064076,0.4770962913589998,0.21366081727974476,0.6970309336032939,0.08176891681880592
2021-01-21 18:10:00,0.17409863319386332,-0.16819060392094998,-0.13711845122859279,-0.13596404213533286,0.557995942992501,0.00011135857461024499,0.5,-0.370837559447713,0.47929495671064076,0.4770962913589998,0.21366081727974476,0.6970309336032939,0.08162867963245168
2021-01-21 18:20:00,0.17389218967921896,-0.16827738550747517,-0.13689611317944905,-0.13569362613818947,0.5580791770818339,0.00011135857461024499,0.5,-0.370837559447713,0.47929495671064076,0.4770962913589998,0.21366081727974476,0.6970309336032939,0.08148844244609743
2021-01-21 18:30:00,0.1736857391910739,-0.16836416709400037,-0.13667374534623988,-0.1354231387252277,0.5581624111711665,0.00011135857461024499,0.5,-0.370837559447713,0.47929495671064076,0.4770962913589998,0.21366081727974476,0.6970309336032939,0.08134820525974319
2021-01-21 18:40:00,0.1734792887029289,-0.16845094868052546,-0.13645140729709626,-0.1351526870201748,0.5582456321733781,0.00011135857461024499,0.5,-0.370837559447713,0.47929495671064076,0.4770962913589998,0.21366081727974476,0.6970309336032939,0.08120796807338895
2021-01-21 18:50:00,0.17327286610878662,-0.16853773026705077,-0.1362290543559197,-0.13488223531512222,0.5583288662627109,0.00011135857461024499,0.5,-0.370837559447713,0.47929495671064076,0.4770962913589998,0.21366081727974476,0.6970309336032939,0.08106773088703471
2021-01-21 19:00:00,0.17306641562064157,-0.16862451185357585,-0.13600670141474314,-0.13461178361006965,0.5584121396134065,0.00011135857461024499,0.5,-0.402293358432645,0.4833552198662683,0.5751239893389903,0.13944594064066868,0.7060357366581829,0.08092749370068049
2021-01-21 19:10:00,0.1728599721059972,-0.16871129344010105,-0.13578439314966506,-0.13434133190501707,0.558495373702739,0.00011135857461024499,0.5,-0.402293358432645,0.4833552198662683,0.5751239893389903,0.13944594064066868,0.7060357366581829,0.08078725651432625
2021-01-21 19:20:00,0.17265352161785216,-0.16879807502662625,-0.13556202531645578,-0.13407088019996416,0.5585786077920719,0.00011135857461024499,0.5,-0.402293358432645,0.4833552198662683,0.5751239893389903,0.13944594064066868,0.7060357366581829,0.08064701178387676
2021-01-21 19:30:00,0.1724470711297071,-0.16888485661315145,-0.13533968726731216,-0.1338003927870023,0.5586618418814044,0.00011135857461024499,0.5,-0.402293358432645,0.4833552198662683,0.5751239893389903,0.13944594064066868,0.7060357366581829,0.08050677459752252
2021-01-21 19:40:00,0.17224065550906553,-0.16897163819967664,-0.13511734921816831,-0.1335299053740403,0.5587450759707373,0.00011135857461024499,0.5,-0.402293358432645,0.4833552198662683,0.5751239893389903,0.13944594064066868,0.7060357366581829,0.08036653741116828
2021-01-21 19:50:00,0.17203419804741982,-0.16905841978620184,-0.13489498138495915,-0.13325941796107843,0.5588283100600699,0.00011135857461024499,0.5,-0.402293358432645,0.4833552198662683,0.5751239893389903,0.13944594064066868,0.7060357366581829,0.08022630022481404
2021-01-21 20:00:00,0.17182775453277546,-0.16914520137272704,-0.13467264333581552,-0.13298896625602563,0.5589115703236445,0.00011135857461024499,0.5,-0.33812775100451176,0.46353665299836005,0.4105775914117418,0.04254834778841961,0.8182523783942618,0.0800860630384598
2021-01-21 20:10:00,0.1716213110181311,-0.16923198295925213,-0.13445030528667168,-0.13271851455097294,0.5589948044129771,0.00011135857461024499,0.5,-0.33812775100451176,0.46353665299836005,0.4105775914117418,0.04254834778841961,0.8182523783942618,0.07994582585210556
2021-01-21 20:20:00,0.17141485355648536,-0.16931876454577743,-0.1342279374534624,-0.13244806284592037,0.55907803850231,0.00011135857461024499,0.5,-0.33812775100451176,0.46353665299836005,0.4105775914117418,0.04254834778841961,0.8182523783942618,0.07980558866575131
2021-01-21 20:30:00,0.17120843793584378,-0.16940554613230252,-0.1340055994043189,-0.1321776111408678,0.5591612725916425,0.00011135857461024499,0.5,-0.33812775100451176,0.46353665299836005,0.4105775914117418,0.04254834778841961,0.8182523783942618,0.07966535147939707
2021-01-21 20:40:00,0.17100198744769873,-0.16949232771882772,-0.1337832315711096,-0.13190715943581488,0.5592445066809754,0.00011135857461024499,0.5,-0.33812775100451176,0.46353665299836005,0.4105775914117418,0.04254834778841961,0.8182523783942618,0.0795251067489476
2021-01-21 20:50:00,0.1707955369595537,-0.16957910930535292,-0.13356089352196587,-0.1316367077307623,0.5593277800316708,0.00011135857461024499,0.5,-0.33812775100451176,0.46353665299836005,0.4105775914117418,0.04254834778841961,0.8182523783942618,0.07938486956259336
2021-01-21 21:00:00,0.17058909344490936,-0.1696658908918781,-0.13333855547282214,-0.13136625602570973,0.5594110141210035,0.00011135857461024499,0.5,-0.3412016717902572,0.44362326045165756,0.4103476774056671,0.1127795719687692,0.1054248210139107,0.07924463237623912
2021-01-21 21:10:00,0.1703826429567643,-0.1697526724784033,-0.13311618763961297,-0.13109580432065715,0.5594942482103363,0.00011135857461024499,0.5,-0.3412016717902572,0.44362326045165756,0.4103476774056671,0.1127795719687692,0.1054248210139107,0.07910439518988488
2021-01-21 21:20:00,0.17017622036262203,-0.1698394540649284,-0.13289384959046924,-0.13082535261560424,0.5595774692125479,0.00011135857461024499,0.5,-0.3412016717902572,0.44362326045165756,0.4103476774056671,0.1127795719687692,0.1054248210139107,0.07896415800353064
2021-01-21 21:30:00,0.16996976987447698,-0.1699262356514537,-0.1326715115413255,-0.13055482949473296,0.5596607033018806,0.00011135857461024499,0.5,-0.3412016717902572,0.44362326045165756,0.4103476774056671,0.1127795719687692,0.1054248210139107,0.0788239208171764
2021-01-21 21:40:00,0.16976331938633193,-0.1700130172379788,-0.13244914370811622,-0.13028437778968038,0.5597439373912134,0.00011135857461024499,0.5,-0.3412016717902572,0.44362326045165756,0.4103476774056671,0.1127795719687692,0.1054248210139107,0.07868368363082216
2021-01-21 21:50:00,0.16955687587168758,-0.170099798824504,-0.1322268056589726,-0.1300139260846278,0.5598272107419089,0.00011135857461024499,0.5,-0.3412016717902572,0.44362326045165756,0.4103476774056671,0.1127795719687692,0.1054248210139107,0.07854344644446792
2021-01-21 22:00:00,0.16935043235704322,-0.1701865804110292,-0.13200446760982887,-0.12974347437957512,0.5599104448312415,0.00011135857461024499,0.5,-0.5074297008594758,0.4345803389012286,0.5761917642596459,0.20269279493435677,0.10492566833576654,0.07840320925811368
2021-01-21 22:10:00,0.16914400278940028,-0.17027336199755438,-0.1317820997766196,-0.12947298696661313,0.5599936789205743,0.00011135857461024499,0.5,-0.5074297008594758,0.4345803389012286,0.5761917642596459,0.20269279493435677,0.10492566833576654,0.0782629645276642
2021-01-21 22:20:00,0.16893755230125523,-0.17036014358407958,-0.13155976172747597,-0.12920253526156045,0.5600769130099069,0.00011135857461024499,0.5,-0.5074297008594758,0.4345803389012286,0.5761917642596459,0.20269279493435677,0.10492566833576654,0.07812272734130996
2021-01-21 22:30:00,0.16873110181311018,-0.17044692517060478,-0.13133739389426669,-0.12893208355650765,0.5601601340121186,0.00011135857461024499,0.5,-0.5074297008594758,0.4345803389012286,0.5761917642596459,0.20269279493435677,0.10492566833576654,0.07798249015495572
2021-01-21 22:40:00,0.16852465829846583,-0.1705337067571301,-0.13111505584512295,-0.12866166755936448,0.5602433681014514,0.00011135857461024499,0.5,-0.5074297008594758,0.4345803389012286,0.5761917642596459,0.20269279493435677,0.10492566833576654,0.07784225296860148
2021-01-21 22:50:00,0.16831821478382147,-0.17062048834365506,-0.13089271779597933,-0.12839118014640238,0.5603266545392679,0.00011135857461024499,0.5,-0.5074297008594758,0.4345803389012286,0.5761917642596459,0.20269279493435677,0.10492566833576654,0.07770201578224724
2021-01-21 23:00:00,0.16811178521617853,-0.17070726993018048,-0.13067034996277005,-0.1281207284413498,0.5604098886286005,0.00011135857461024499,0.5,-0.5264941266877081,0.4166726531362892,0.6188538108341617,0.2583091325941687,0.09784100787086288,0.077561778595893
2021-01-21 23:10:00,0.16790533472803348,-0.17079405151670546,-0.1304480119136262,-0.1278502767362969,0.5604931227179333,0.00011135857461024499,0.5,-0.5264941266877081,0.4166726531362892,0.6188538108341617,0.2583091325941687,0.09784100787086288,0.07742154140953876
2021-01-21 23:20:00,0.16769888423988843,-0.17088083310323077,-0.1302256738644827,-0.12757975361542562,0.5605763568072659,0.00011135857461024499,0.5,-0.5264941266877081,0.4166726531362892,0.6188538108341617,0.2583091325941687,0.09784100787086288,0.07728130422318451
2021-01-21 23:30:00,0.16749244072524408,-0.17096761468975596,-0.1300033060312734,-0.12730930191037304,0.5606595908965987,0.00011135857461024499,0.5,-0.5264941266877081,0.4166726531362892,0.6188538108341617,0.2583091325941687,0.09784100787086288,0.07714105949273503
2021-01-21 23:40:00,0.16728599721059972,-0.17105439627628116,-0.12978096798212968,-0.12703885020532046,0.5607428249859313,0.00011135857461024499,0.5,-0.5264941266877081,0.4166726531362892,0.6188538108341617,0.2583091325941687,0.09784100787086288,0.0770008223063808
2021-01-21 23:50:00,0.16707956764295676,-0.17114117786280636,-0.12955862993298595,-0.1267683985002679,0.560826059075264,0.00011135857461024499,0.5,-0.5264941266877081,0.4166726531362892,0.6188538108341617,0.2583091325941687,0.09784100787086288,0.07686058512002657
2021-01-22 00:00:00,0.1668731171548117,-0.17122795944933134,-0.12933626209977678,-0.12649794679521498,0.5609092931645967,0.00011135857461024499,0.5,-0.576316137925698,0.39275072053148524,0.6097239548201858,0.2994030893094539,0.11060187896958881,0.07672034793367231
2021-01-22 00:10:00,0.16666666666666669,-0.17131474103585675,-0.12911392405063304,-0.12622745938225322,0.5609925272539293,0.00011135857461024499,0.5,-0.576316137925698,0.39275072053148524,0.6097239548201858,0.2994030893094539,0.11060187896958881,0.07658011074731808
2021-01-22 00:20:00,0.17364016736401675,0.4183266932270917,-0.12315711094564419,-0.11372969112658449,0.5609925272539293,0.00011135857461024499,0.5,-0.576316137925698,0.39275072053148524,0.6097239548201858,0.2994030893094539,0.11060187896958881,0.0641021772258853
2021-01-22 00:30:00,0.19107391910739194,0.2669322709163344,-0.12226358897989587,-0.10337439742903054,0.5714098755414796,0.00011135857461024499,0.5,-0.576316137925698,0.39275072053148524,0.6097239548201858,0.2994030893094539,0.11060187896958881,0.07164627246254357
2021-01-22 00:40:00,0.197350069735007,0.38645418326693215,-0.11690245718540593,-0.09980360649883946,0.5798118072005339,0.00011135857461024499,0.5,-0.576316137925698,0.39275072053148524,0.6097239548201858,0.2994030893094539,0.11060187896958881,0.07720627065196072
2021-01-22 00:50:00,0.2196652719665272,0.2589641434262948,-0.11392405063291144,-0.09444742010355289,0.5982253863972464,0.00011135857461024499,0.5,-0.576316137925698,0.39275072053148524,0.6097239548201858,0.2994030893094539,0.11060187896958881,0.09251323988714033
2021-01-22 01:00:00,0.19177126917712692,0.13147410358565725,-0.10915860014892054,-0.09409034101053393,0.6077266362172985,0.00011135857461024499,0.5,-0.6122056965075646,0.3705471441666408,0.6165878960737967,0.32551653103420214,0.12509607882739504,0.07004692427237201
2021-01-22 01:10:00,0.20223152022315202,0.4820717131474104,-0.10498883097542833,-0.0862346009641134,0.6077266362172985,0.00011135857461024499,0.5,-0.6122056965075646,0.3705471441666408,0.6165878960737967,0.32551653103420214,0.12509607882739504,0.0637023401783424
2021-01-22 01:20:00,0.17642956764295675,0.40239043824701204,-0.10260610573343276,-0.07730762363863586,0.623051654866446,0.00011135857461024499,0.5,-0.6122056965075646,0.3705471441666408,0.6165878960737967,0.32551653103420214,0.12509607882739504,0.04915732456206527
2021-01-22 01:30:00,0.1617852161785216,0.5298804780876492,-0.10022338049143709,-0.06338153901089094,0.6241771472693722,0.00011135857461024499,0.5,-0.6122056965075646,0.3705471441666408,0.6165878960737967,0.32551653103420214,0.12509607882739504,0.04623775970547852
2021-01-22 01:40:00,0.15481171548117156,-0.1633466135458168,-0.10141474311243492,-0.05623995715050878,0.6384290219994504,0.00011135857461024499,0.5,-0.6122056965075646,0.3705471441666408,0.6165878960737967,0.32551653103420214,0.12509607882739504,0.04997963094286102
2021-01-22 01:50:00,0.1631799163179916,-0.1394422310756973,-0.10141474311243492,-0.04517050526691657,0.6406538325633744,0.00011135857461024499,0.5,-0.6122056965075646,0.3705471441666408,0.6165878960737967,0.32551653103420214,0.12509607882739504,0.04472894065814687
2021-01-22 02:00:00,0.19107391910739194,-0.08366533864541836,-0.09962769918093839,-0.038386002499553595,0.6406538325633744,0.00011135857461024499,0.5,-0.6075887283901165,0.34738956400302434,0.5941075563844127,0.33832492794658686,0.1318633551250579,0.07147275827210042
2021-01-22 02:10:00,0.17642956764295675,-0.2589641434262948,-0.0999255398361878,-0.038386002499553595,0.6406538325633744,0.00011135857461024499,0.5,-0.6075887283901165,0.34738956400302434,0.5941075563844127,0.33832492794658686,0.1318633551250579,0.06435113236869502
2021-01-22 02:20:00,0.17364016736401675,-0.3784860557768924,-0.09813849590469104,-0.03517229066238159,0.6342280561699232,0.00011135857461024499,0.5,-0.6075887283901165,0.34738956400302434,0.5941075563844127,0.33832492794658686,0.1318633551250579,0.05590928979887442
2021-01-22 02:30:00,0.14853556485355648,-0.05179282868525903,-0.09605361131794499,-0.028387787895018723,0.6241771472693722,0.00011135857461024499,0.5,-0.6075887283901165,0.34738956400302434,0.5941075563844127,0.33832492794658686,0.1318633551250579,0.045483350181812696
2021-01-22 02:40:00,0.13737796373779637,0.49003984063745,-0.09367088607594942,-0.015890019639349995,0.6241771472693722,0.00011135857461024499,0.5,-0.6075887283901165,0.34738956400302434,0.5941075563844127,0.33832492794658686,0.1318633551250579,0.02705312551865655
2021-01-22 02:50:00,0.1415620641562064,0.01195219123505975,-0.09307520476545061,0.0033922513836814883,0.6241771472693722,0.00011135857461024499,0.5,-0.6075887283901165,0.34738956400302434,0.5941075563844127,0.33832492794658686,0.1318633551250579,0.03301296075561658
2021-01-22 03:00:00,0.16387726638772665,-0.23505976095617542,-0.09307520476545061,0.01767541510444559,0.6241771472693722,0.00011135857461024499,0.5,-0.5951423893419536,0.32920889522337216,0.5761417994949501,0.35640305977511405,0.11791284886509745,0.04653952351494485
2021-01-22 03:10:00,0.1499302649930265,0.21912350597609564,-0.08890543559195851,0.024102838778789604,0.6241771472693722,0.00011135857461024499,0.5,-0.5951423893419536,0.32920889522337216,0.5761417994949501,0.35640305977511405,0.11791284886509745,0.03388807580306894
2021-01-22 03:20:00,0.15132496513249652,0.08366533864541825,-0.08711839166046176,0.030887341546152358,0.6241771472693722,0.00011135857461024499,0.5,-0.5951423893419536,0.32920889522337216,0.5761417994949501,0.35640305977511405,0.11791284886509745,0.03881436999260679
2021-01-22 03:30:00,0.15411436541143653,0.11553784860557759,-0.08711839166046176,0.04017139796464919,0.6241771472693722,0.00011135857461024499,0.5,-0.5951423893419536,0.32920889522337216,0.5761417994949501,0.35640305977511405,0.11791284886509745,0.035834452374126774
2021-01-22 03:40:00,0.15760111576011157,0.33864541832669315,-0.08324646314221895,0.04374218889484016,0.6241771472693722,0.00011135857461024499,0.5,-0.5951423893419536,0.32920889522337216,0.5761417994949501,0.35640305977511405,0.11791284886509745,0.035683570469393605
2021-01-22 03:50:00,0.14086471408647142,0.15537848605577675,-0.08116157855547301,0.051597928941260696,0.6241771472693722,0.00011135857461024499,0.5,-0.5951423893419536,0.32920889522337216,0.5761417994949501,0.35640305977511405,0.11791284886509745,0.032628211898547005
2021-01-22 04:00:00,0.13319386331938632,0.13147410358565725,-0.08235294117647074,0.06373861810391013,0.6241771472693722,0.00011135857461024499,0.5,-0.5868997736325818,0.3210481398362695,0.6143886855424416,0.3880689696918638,0.10543040735049235,0.030214101422816362
2021-01-22 04:10:00,0.1297071129707113,0.1633466135458166,-0.08652271034996295,0.07409391180146407,0.6241771472693722,0.00011135857461024499,0.5,-0.5868997736325818,0.3210481398362695,0.6143886855424416,0.3880689696918638,0.10543040735049235,0.026442053804487227
2021-01-22 04:20:00,0.1387726638772664,-0.0916334661354582,-0.08711839166046176,0.08623460096411373,0.6241771472693722,0.00011135857461024499,0.5,-0.5868997736325818,0.3210481398362695,0.6143886855424416,0.3880689696918638,0.10543040735049235,0.03210766932721759
2021-01-22 04:30:00,0.15550906555090654,-0.23505976095617542,-0.08711839166046176,0.09016247098732366,0.6241771472693722,0.00011135857461024499,0.5,-0.5868997736325818,0.3210481398362695,0.6143886855424416,0.3880689696918638,0.10543040735049235,0.04343135627744165
2021-01-22 04:40:00,0.1499302649930265,-0.6812749003984064,-0.08920327624720792,0.09016247098732366,0.6241771472693722,0.00011135857461024499,0.5,-0.5868997736325818,0.3210481398362695,0.6143886855424416,0.3880689696918638,0.10543040735049235,0.05321604779938743
2021-01-22 04:50:00,0.16527196652719667,-0.5697211155378487,-0.09099032017870456,0.08194965184788416,0.6241771472693722,0.00011135857461024499,0.5,-0.5868997736325818,0.3210481398362695,0.6143886855424416,0.3880689696918638,0.10543040735049235,0.05596964256076769
2021-01-22 05:00:00,0.15481171548117156,-0.5697211155378487,-0.09337304542070002,0.07730762363863608,0.6178953292065278,0.00011135857461024499,0.5,-0.5963352959402953,0.29799400586769687,0.6066398353343968,0.41202267020843225,0.10081491460147345,0.054996454275238776
2021-01-22 05:10:00,0.1882845188284519,-0.2270916334661356,-0.11660461653015652,0.030530262453133394,0.6077266362172985,0.00011135857461024499,0.5,-0.5963352959402953,0.29799400586769687,0.6066398353343968,0.41202267020843225,0.10081491460147345,0.06783650436803114
2021-01-22 05:20:00,0.18898186889818688,-0.6573705179282869,-0.10707371556217438,0.025888234243884867,0.6077266362172985,0.00011135857461024499,0.5,-0.5963352959402953,0.29799400586769687,0.6066398353343968,0.41202267020843225,0.10081491460147345,0.06877197217737677
2021-01-22 05:30:00,0.21548117154811713,0.09960159362549792,-0.12405063291139262,-0.015890019639349995,0.5945217311643611,0.00011135857461024499,0.5,-0.5963352959402953,0.29799400586769687,0.6066398353343968,0.41202267020843225,0.10081491460147345,0.07625571465214177
2021-01-22 05:40:00,0.20292887029288703,0.298804780876494,-0.11690245718540593,-0.019103731476522,0.5975317689861408,0.00011135857461024499,0.5,-0.5963352959402953,0.29799400586769687,0.6066398353343968,0.41202267020843225,0.10081491460147345,0.07549376103323928
2021-01-22 05:50:00,0.18549511854951187,0.2350597609561753,-0.11690245718540593,-0.035529369755400886,0.6051484733873395,0.00011135857461024499,0.5,-0.5963352959402953,0.29799400586769687,0.6066398353343968,0.41202267020843225,0.10081491460147345,0.044397000467733906
2021-01-22 06:00:00,0.19316596931659694,0.09163346613545809,-0.10111690245718552,-0.0112479914301018,0.6051484733873395,0.00011135857461024499,0.5,-0.6059377504608563,0.2877413385362946,0.6374086193277152,0.43467538901140146,0.11024868795205713,0.06632768532069949
2021-01-22 06:10:00,0.2622036262203626,-0.08366533864541836,-0.12881608339538353,-0.039814318871630006,0.5963670152203218,0.00011135857461024499,0.5,-0.6059377504608563,0.2877413385362946,0.6374086193277152,0.43467538901140146,0.11024868795205713,0.11973233550100337
2021-01-22 06:20:00,0.2196652719665272,0.33864541832669315,-0.12464631422189132,-0.05766827352258519,0.6034078862990931,0.00011135857461024499,0.5,-0.6059377504608563,0.2877413385362946,0.6374086193277152,0.43467538901140146,0.11024868795205713,0.08186852150821552
2021-01-22 06:30:00,0.20781032078103207,0.33864541832669315,-0.11630677587490701,-0.06088198535975731,0.6051092120244468,0.00011135857461024499,0.5,-0.6059377504608563,0.2877413385362946,0.6374086193277152,0.43467538901140146,0.11024868795205713,0.07986933627050108
2021-01-22 06:40:00,0.24546722454672246,0.24302788844621515,-0.12851824274013413,-0.07052312087127288,0.6051092120244468,0.00011135857461024499,0.5,-0.6059377504608563,0.2877413385362946,0.6374086193277152,0.43467538901140146,0.11024868795205713,0.11817825188225177
2021-01-22 06:50:00,0.28591352859135283,0.12350597609561742,-0.13685778108711855,-0.0880199964292091,0.6051092120244468,0.00011135857461024499,0.5,-0.6059377504608563,0.2877413385362946,0.6374086193277152,0.43467538901140146,0.11024868795205713,0.14040315644944704
2021-01-22 07:00:00,0.2615062761506276,-0.07569721115537853,-0.13804914370811627,-0.09230494554543822,0.6051092120244468,0.00011135857461024499,0.5,-0.590209867644935,0.2780662457939077,0.6376050544051614,0.4465701577485165,0.11372987761459431,0.11258053321665132
2021-01-22 07:10:00,0.24337517433751746,-0.043824701195219196,-0.13298585256887574,-0.09266202463845752,0.6051092120244468,0.00011135857461024499,0.5,-0.590209867644935,0.2780662457939077,0.6376050544051614,0.4465701577485165,0.11372987761459431,0.09850325150504699
2021-01-22 07:20:00,0.2649930264993026,0.03585657370517925,-0.14102755026061076,-0.09337618282449556,0.6051092120244468,0.00011135857461024499,0.5,-0.590209867644935,0.2780662457939077,0.6376050544051614,0.4465701577485165,0.11372987761459431,0.12712554883292845
2021-01-22 07:30:00,0.25871687587168757,0.1633466135458166,-0.14400595681310513,-0.10266023924299217,0.6051092120244468,0.00011135857461024499,0.5,-0.590209867644935,0.2780662457939077,0.6376050544051614,0.4465701577485165,0.11372987761459431,0.12342894216696593
2021-01-22 07:40:00,0.2698744769874477,-0.019920318725099695,-0.1389426656738647,-0.10016068559185842,0.6051092120244468,0.00011135857461024499,0.5,-0.590209867644935,0.2780662457939077,0.6376050544051614,0.4465701577485165,0.11372987761459431,0.12517917226187064
2021-01-22 07:50:00,0.2670850767085077,-0.33067729083665354,-0.1353685778108712,-0.1008748437778968,0.6051092120244468,0.00011135857461024499,0.5,-0.590209867644935,0.2780662457939077,0.6376050544051614,0.4465701577485165,0.11372987761459431,0.11598292016838421
2021-01-22 08:00:00,0.2635983263598326,-0.3944223107569722,-0.1428145941921073,-0.10337439742903054,0.6051092120244468,0.00011135857461024499,0.5,-0.5695575679327389,0.260997623611018,0.6304526110203756,0.4554809164760379,0.11899221223194245,0.1107246857884334
2021-01-22 08:10:00,0.23500697350069735,-0.4581673306772909,-0.1425167535368579,-0.09730405284770571,0.6051092120244468,0.00011135857461024499,0.5,-0.5695575679327389,0.260997623611018,0.6304526110203756,0.4554809164760379,0.11899221223194245,0.10807670836036634
2021-01-22 08:20:00,0.2391910739191074,-0.1633466135458168,-0.13417721518987347,-0.09016247098732377,0.6051092120244468,0.00011135857461024499,0.5,-0.5695575679327389,0.260997623611018,0.6304526110203756,0.4554809164760379,0.11899221223194245,0.10732984293193719
2021-01-22 08:30:00,0.25174337517433754,0.17131474103585642,-0.13715562174236795,-0.09873236921978212,0.6051092120244468,0.00011135857461024499,0.5,-0.5695575679327389,0.260997623611018,0.6304526110203756,0.4554809164760379,0.11899221223194245,0.108084252455603
2021-01-22 08:40:00,0.22175732217573224,0.36254980079681287,-0.139240506329114,-0.09944652740582038,0.6051092120244468,0.00011135857461024499,0.5,-0.5695575679327389,0.260997623611018,0.6304526110203756,0.4554809164760379,0.11899221223194245,0.08623655265024066
2021-01-22 08:50:00,0.23849372384937237,0.15537848605577675,-0.1306031273268803,-0.08909123370826644,0.6119145149258615,0.00011135857461024499,0.5,-0.5695575679327389,0.260997623611018,0.6304526110203756,0.4554809164760379,0.11899221223194245,0.10534574588469604
2021-01-22 09:00:00,0.2635983263598326,-0.3784860557768924,-0.1347728965003725,-0.09409034101053393,0.6189030375207758,0.00011135857461024499,0.5,-0.5508595591455339,0.2547822313918989,0.621211031763514,0.4733728618471405,0.12645976516338672,0.1322178131176728
2021-01-22 09:10:00,0.29567642956764295,-0.20318725099601598,-0.14579300074460166,-0.10480271380110695,0.6094410490636165,0.00011135857461024499,0.5,-0.5508595591455339,0.2547822313918989,0.621211031763514,0.4733728618471405,0.12645976516338672,0.17548319929990797
2021-01-22 09:20:00,0.28451882845188287,-0.01195219123505975,-0.1463886820551007,-0.11158721656846982,0.6051092120244468,0.00011135857461024499,0.5,-0.5508595591455339,0.2547822313918989,0.621211031763514,0.4733728618471405,0.12645976516338672,0.15075365511414218
2021-01-22 09:30:00,0.2775453277545328,-0.29083665338645437,-0.14132539091586016,-0.1101589001963934,0.6051092120244468,0.00011135857461024499,0.5,-0.5508595591455339,0.2547822313918989,0.621211031763514,0.4733728618471405,0.12645976516338672,0.1279478552137242
2021-01-22 09:40:00,0.2580195258019526,-0.4103585657370519,-0.13298585256887574,-0.10337439742903054,0.6050830377825183,0.00011135857461024499,0.5,-0.5508595591455339,0.2547822313918989,0.621211031763514,0.4733728618471405,0.12645976516338672,0.12161081521493126
2021-01-22 09:50:00,0.2824267782426778,0.346613545816733,-0.12434847356664191,-0.09766113194072468,0.5914069963748675,0.00011135857461024499,0.5,-0.5508595591455339,0.2547822313918989,0.621211031763514,0.4733728618471405,0.12645976516338672,0.16135310892164703
2021-01-22 10:00:00,0.2608089260808926,0.29083665338645415,-0.11660461653015652,-0.1023031601499732,0.5970213712685347,0.00011135857461024499,0.5,-0.42988336758139745,0.2464778007338923,0.4438953392892855,0.4391555899211882,0.13163996057063385,0.13825308930699942
2021-01-22 10:10:00,0.2301255230125523,-0.38645418326693237,-0.10528667163067773,-0.09051955008034285,0.6050045150567326,0.00011135857461024499,0.5,-0.42988336758139745,0.2464778007338923,0.4438953392892855,0.4391555899211882,0.13163996057063385,0.11417233731158623
2021-01-22 10:20:00,0.2280334728033473,-0.4581673306772909,-0.09694713328369331,-0.08230673094090324,0.6009867689207051,0.00011135857461024499,0.5,-0.42988336758139745,0.2464778007338923,0.4438953392892855,0.4391555899211882,0.13163996057063385,0.11498709959714531
2021-01-22 10:30:00,0.24337517433751746,0.49800796812749004,-0.09009679821295624,-0.0815925727548652,0.5912237766813678,0.00011135857461024499,0.5,-0.42988336758139745,0.2464778007338923,0.4438953392892855,0.4391555899211882,0.13163996057063385,0.11577922959699444
2021-01-22 10:40:00,0.24058577405857742,0.38645418326693215,-0.0805658972449741,-0.07730762363863586,0.5912237766813678,0.00011135857461024499,0.5,-0.42988336758139745,0.2464778007338923,0.4438953392892855,0.4391555899211882,0.13163996057063385,0.1152435988351917
2021-01-22 10:50:00,0.24407252440725244,0.14741035856573692,-0.0689501116902459,-0.07016604177825392,0.5979374697360328,0.00011135857461024499,0.5,-0.42988336758139745,0.2464778007338923,0.4438953392892855,0.4391555899211882,0.13163996057063385,0.11114715512168627
2021-01-22 11:00:00,0.2315202231520223,-0.40239043824701204,-0.05822784810126602,-0.059453668987680564,0.6049914279357683,0.00011135857461024499,0.5,-0.34460335338632253,0.24706112233374486,0.4103008829940612,0.3535924796389192,0.14411555476599677,0.10106069979027416
2021-01-22 11:10:00,0.24407252440725244,-0.0916334661354582,-0.05673864482501878,-0.062310301731833606,0.6049914279357683,0.00011135857461024499,0.5,-0.34460335338632253,0.24706112233374486,0.4103008829940612,0.3535924796389192,0.14411555476599677,0.09860886883836023
2021-01-22 11:20:00,0.2280334728033473,-0.1394422310756973,-0.05167535368577825,-0.055168719871451444,0.6049914279357683,0.00011135857461024499,0.5,-0.34460335338632253,0.24706112233374486,0.4103008829940612,0.3535924796389192,0.14411555476599677,0.08300013579371426
2021-01-22 11:30:00,0.21827057182705717,0.1633466135458166,-0.032911392405063356,-0.03445813247634355,0.6049914279357683,0.00011135857461024499,0.5,-0.34460335338632253,0.24706112233374486,0.4103008829940612,0.3535924796389192,0.14411555476599677,0.07652730208066147
2021-01-22 11:40:00,0.22384937238493724,0.49800796812749004,-0.03648548026805687,-0.03910016068559197,0.6050045150567326,0.00011135857461024499,0.5,-0.34460335338632253,0.24706112233374486,0.4103008829940612,0.3535924796389192,0.14411555476599677,0.07837560541364275
2021-01-22 11:50:00,0.19595536959553697,0.3227091633466135,-0.02486969471332856,-0.024816996964827642,0.6050045150567326,0.00011135857461024499,0.5,-0.34460335338632253,0.24706112233374486,0.4103008829940612,0.3535924796389192,0.14411555476599677,0.06119015646453521
2021-01-22 12:00:00,0.18898186889818688,0.1633466135458166,-0.015040953090096898,-0.013747545081235546,0.6050045150567326,0.00011135857461024499,0.5,-0.26279015937106753,0.2365958156014095,0.3944410014409889,0.30655528376682406,0.18179741486000334,0.05246918237095825
2021-01-22 12:10:00,0.15341701534170155,0.31474103585657365,0.007297096053611174,0.023031601499732268,0.6050045150567326,0.00011135857461024499,0.5,-0.26279015937106753,0.2365958156014095,0.3944410014409889,0.30655528376682406,0.18179741486000334,0.031805905517751254
2021-01-22 12:20:00,0.1324965132496513,0.49003984063745,0.007594936708860578,0.030887341546152358,0.61052728010365,0.00011135857461024499,0.5,-0.26279015937106753,0.2365958156014095,0.3944410014409889,0.30655528376682406,0.18179741486000334,0.017185448949107535
2021-01-22 12:30:00,0.10599721059972106,-0.003984063745020028,0.027550260610573307,0.08052133547580786,0.6215073745926634,0.00011135857461024499,0.5,-0.26279015937106753,0.2365958156014095,0.3944410014409889,0.30655528376682406,0.18179741486000334,0.0017275978091947433
2021-01-22 12:40:00,0.10111576011157601,0.3545816733067728,0.04303797468354409,0.13158364577753967,0.6215073745926634,0.0992204899777283,0.5,-0.26279015937106753,0.2365958156014095,0.3944410014409889,0.30655528376682406,0.18179741486000334,0.0
2021-01-22 12:50:00,0.1304044630404463,0.19521912350597592,0.0546537602382724,0.15265131226566697,0.6215073745926634,0.9989977728285078,0.5,-0.26279015937106753,0.2365958156014095,0.3944410014409889,0.30655528376682406,0.18179741486000334,0.0
2021-01-22 13:00:00,0.12482566248256625,-0.07569721115537853,0.06418466120625443,0.15086591680057126,0.6215073745926634,0.9989977728285078,0.5,-0.08093807565347877,0.2260328096848633,0.22903416968515986,0.23709355011530725,0.24001195009203685,0.0
2021-01-22 13:10:00,0.10460251046025104,0.5219123505976095,0.06775874906924773,0.1440814140332083,0.6215073745926634,0.9989977728285078,0.5,-0.08093807565347877,0.2260328096848633,0.22903416968515986,0.23709355011530725,0.24001195009203685,0.0
2021-01-22 13:20:00,0.10251046025104603,0.7569721115537846,0.07133283693224102,0.13872522763792183,0.6215073745926634,0.9989977728285078,0.5,-0.08093807565347877,0.2260328096848633,0.22903416968515986,0.23709355011530725,0.24001195009203685,0.0
2021-01-22 13:30:00,0.10320781032078104,0.757256687535572,0.07669396872673095,0.13301196214961597,0.6215073745926634,0.9989977728285078,0.5,-0.08093807565347877,0.2260328096848633,0.22903416968515986,0.23709355011530725,0.24001195009203685,0.0
2021-01-22 13:40:00,0.10390516039051603,0.7575412635173591,0.0826507818317197,0.1283699339403679,0.6215073745926634,0.9989977728285078,0.5,-0.08093807565347877,0.2260328096848633,0.22903416968515986,0.23709355011530725,0.24001195009203685,0.0
2021-01-22 13:50:00,0.08786610878661089,0.757825839499146,0.09039463886820531,0.1219425102660241,0.6215073745926634,0.9989977728285078,0.5,-0.08093807565347877,0.2260328096848633,0.22903416968515986,0.23709355011530725,0.24001195009203685,0.0
2021-01-22 14:00:00,0.10320781032078104,0.7581104154809333,0.09932985852568854,0.11551508659168008,0.6215073745926634,0.9989977728285078,0.5,-0.08049834852177451,0.20228041389972,0.26132852758530567,0.13590439287042044,0.3075479520243758,0.0
2021-01-22 14:10:00,0.09832635983263598,0.7583949914627204,0.10647803425167512,0.11123013747545074,0.6215073745926634,0.9989977728285078,0.5,-0.08049834852177451,0.20228041389972,0.26132852758530567,0.13590439287042044,0.3075479520243758,0.0
2021-01-22 14:20:00,0.07182705718270573,0.7586795674445075,0.11243484735666387,0.10980182110337444,0.6215073745926634,0.9989977728285078,0.5,-0.08049834852177451,0.20228041389972,0.26132852758530567,0.13590439287042044,0.3075479520243758,0.0
2021-01-22 14:30:00,0.07112970711297072,0.7120091064314171,0.12673119880863726,0.10444563470808776,0.6215073745926634,0.9989977728285078,0.5,-0.08049834852177451,0.20228041389972,0.26132852758530567,0.13590439287042044,0.3075479520243758,0.0
2021-01-22 14:40:00,0.05299860529986053,0.6653386454183265,0.13834698436336557,0.10480271380110695,0.6215073745926634,0.9989977728285078,0.5,-0.08049834852177451,0.20228041389972,0.26132852758530567,0.13590439287042044,0.3075479520243758,0.0
2021-01-22 14:50:00,0.09135285913528592,0.6186681844052364,0.15353685778108694,0.10980182110337444,0.6215073745926634,0.9989977728285078,0.5,-0.08049834852177451,0.20228041389972,0.26132852758530567,0.13590439287042044,0.3075479520243758,0.0
2021-01-22 15:00:00,0.07740585774058578,0.5719977233921456,0.1520476545048397,0.11123013747545074,0.6215073745926634,0.9989977728285078,0.5,-0.07942351186019203,0.18878355895139964,0.2749866623245511,0.08808344911087547,0.4634935467757687,0.0
2021-01-22 15:10:00,0.05090655509065551,0.5253272623790555,0.1591958302308265,0.10551687198714532,0.6215073745926634,0.9989977728285078,0.5,-0.07942351186019203,0.18878355895139964,0.2749866623245511,0.08808344911087547,0.4634935467757687,0.0
2021-01-22 15:20:00,0.1304044630404463,0.47865680136596467,0.1669396872673119,0.10444563470808776,0.6215073745926634,0.9989977728285078,0.5,-0.07942351186019203,0.18878355895139964,0.2749866623245511,0.08808344911087547,0.4634935467757687,0.0
2021-01-22 15:30:00,0.13807531380753138,0.4319863403528741,0.1860014892032762,0.10194608105695413,0.6215073745926634,0.9989977728285078,0.5,-0.07942351186019203,0.18878355895139964,0.2749866623245511,0.08808344911087547,0.4634935467757687,0.0
2021-01-22 15:40:00,0.100418410041841,0.38531587933978373,0.18927773641102008,0.10016068559185864,0.6215073745926634,0.9989977728285078,0.5,-0.07942351186019203,0.18878355895139964,0.2749866623245511,0.08808344911087547,0.4634935467757687,0.0
2021-01-22 15:50:00,0.2085076708507671,0.33864541832669315,0.18778853313477262,0.09516157828959115,0.6096766172409732,0.9989977728285078,0.5,-0.07942351186019203,0.18878355895139964,0.2749866623245511,0.08808344911087547,0.4634935467757687,0.0
2021-01-22 16:00:00,0.2294281729428173,0.3027888446215139,0.18778853313477262,0.1008748437778968,0.4301082304903744,0.7182628062360802,0.5,-0.008271299366324758,0.18753358409457455,0.24003085641255273,0.12234838419131656,0.5964355919840695,0.0020218175234244158
2021-01-22 16:10:00,0.20432357043235705,0.2669322709163344,0.1824274013402829,0.10623103017318325,0.39352972739527037,0.00011135857461024499,0.5,-0.008271299366324758,0.18753358409457455,0.24003085641255273,0.12234838419131656,0.5964355919840695,0.05408361875160312
2021-01-22 16:20:00,0.2510460251046025,-0.1394422310756973,0.17974683544303782,0.1169434029637566,0.4068131551739933,0.00011135857461024499,0.5,-0.008271299366324758,0.18753358409457455,0.24003085641255273,0.12234838419131656,0.5964355919840695,0.11577922959699444
2021-01-22 16:30:00,0.24476987447698745,0.09163346613545809,0.17795979151154118,0.12229958935904306,0.41016345814084354,0.00011135857461024499,0.5,-0.008271299366324758,0.18753358409457455,0.24003085641255273,0.12234838419131656,0.5964355919840695,0.0921586674110174
2021-01-22 16:40:00,0.303347280334728,-0.12350597609561753,0.18153387937453447,0.1269416175682916,0.4012773030061117,0.00011135857461024499,0.5,-0.008271299366324758,0.18753358409457455,0.24003085641255273,0.12234838419131656,0.5964355919840695,0.15564222882749673
2021-01-22 16:50:00,0.33054393305439334,-0.15537848605577698,0.1746835443037973,0.1233708266381004,0.4059624923113165,0.00011135857461024499,0.5,-0.008271299366324758,0.18753358409457455,0.24003085641255273,0.12234838419131656,0.5964355919840695,0.18680688625013203
2021-01-22 17:00:00,0.2099023709902371,-0.14741035856573714,0.12017870439314948,0.0673094090341011,0.38209158367250795,0.00011135857461024499,0.5,0.0047002507818796335,0.18949044128422812,0.24284435455859366,0.1550452358441567,0.6479813034317662,0.07616518550930186
2021-01-22 17:10:00,0.31241283124128316,0.1633466135458166,0.0975428145941919,0.031958578825209694,0.38061273900354664,0.00011135857461024499,0.5,0.0047002507818796335,0.18949044128422812,0.24284435455859366,0.1550452358441567,0.6479813034317662,0.17376314558594988
2021-01-22 17:20:00,0.17503486750348674,0.20318725099601576,0.0856291883842144,0.006605963220853273,0.38061273900354664,0.00011135857461024499,0.5,0.0047002507818796335,0.18949044128422812,0.24284435455859366,0.1550452358441567,0.6479813034317662,0.05819515065558188
2021-01-22 17:30:00,0.30264993026499304,-0.21115537848605592,0.07937453462397603,-0.004106409569719638,0.38061273900354664,0.00011135857461024499,0.5,0.0047002507818796335,0.18949044128422812,0.24284435455859366,0.1550452358441567,0.6479813034317662,0.1763809466330703
2021-01-22 17:40:00,0.28661087866108786,-0.05179282868525903,0.0743112434847355,-0.018032494197464666,0.37824397010901567,0.00011135857461024499,0.5,0.0047002507818796335,0.18949044128422812,0.24284435455859366,0.1550452358441567,0.6479813034317662,0.1429379724489642
2021-01-22 17:50:00,0.2377963737796374,0.003984063745019917,0.06924795234549497,-0.024459917871808567,0.37795605344780203,0.00011135857461024499,0.5,0.0047002507818796335,0.18949044128422812,0.24284435455859366,0.1550452358441567,0.6479813034317662,0.09058195150655582
2021-01-22 18:00:00,0.24198047419804744,0.29083665338645415,0.06626954579300048,-0.031244420639171433,0.3817513185274372,0.00011135857461024499,0.5,-0.23963801224925574,0.18930366343205599,0.5774517893916689,0.16169737401587986,0.668369203977917,0.09863904521930685
2021-01-22 18:10:00,0.15760111576011157,-0.08366533864541836,0.06180193596425898,-0.038386002499553595,0.3843033071154676,0.00011135857461024499,0.5,-0.23963801224925574,0.18930366343205599,0.5774517893916689,0.16169737401587986,0.668369203977917,0.03498196961238439
2021-01-22 18:20:00,0.12482566248256625,0.22709163346613526,0.05793000744601606,-0.036957686127477296,0.3756396330371281,0.061135857461024505,0.5,-0.23963801224925574,0.18930366343205599,0.5774517893916689,0.16169737401587986,0.668369203977917,0.0
2021-01-22 18:30:00,0.1882845188284519,-0.298804780876494,0.06031273268801174,-0.030530262453133394,0.3813194435356166,0.7447661469933184,0.5,-0.23963801224925574,0.18930366343205599,0.5774517893916689,0.16169737401587986,0.668369203977917,0.0
2021-01-22 18:40:00,0.22245467224546722,-0.14741035856573714,0.07788533134772879,0.009462595965006315,0.3513368494064991,0.06302895322939867,0.5,-0.23963801224925574,0.18930366343205599,0.5774517893916689,0.16169737401587986,0.668369203977917,0.03803732818323099
2021-01-22 18:50:00,0.30613668061366806,-0.4103585657370519,0.08652271034996262,0.018746652383502926,0.3419795579170538,0.00011135857461024499,0.5,-0.23963801224925574,0.18930366343205599,0.5774517893916689,0.16169737401587986,0.668369203977917,0.1788403216802209
2021-01-22 19:00:00,0.301952580195258,-0.10756972111553798,0.08473566641846597,0.021246206034636783,0.327793118791797,0.00011135857461024499,0.5,-0.2748832892016372,0.20367119052202834,0.5351019591894396,0.18573679950036615,0.7257525318399852,0.1699684656819108
2021-01-22 19:10:00,0.36610878661087864,0.027888446215139417,0.038570364854802586,-0.009462595965006093,0.33493868683828243,0.00011135857461024499,0.5,-0.2748832892016372,0.20367119052202834,0.5351019591894396,0.18573679950036615,0.7257525318399852,0.2294913770991445
2021-01-22 19:20:00,0.2629009762900976,-0.08366533864541836,0.00908413998510782,-0.05016961256918395,0.3391134784258811,0.00011135857461024499,0.5,-0.2748832892016372,0.20367119052202834,0.5351019591894396,0.18573679950036615,0.7257525318399852,0.1317651674034733
2021-01-22 19:30:00,0.25871687587168757,0.2828685258964143,-0.005212211466865346,-0.07945009819675053,0.3391134784258811,0.00011135857461024499,0.5,-0.2748832892016372,0.20367119052202834,0.5351019591894396,0.18573679950036615,0.7257525318399852,0.12806856073751074
2021-01-22 19:40:00,0.2649930264993026,0.09163346613545809,-0.016232315711094625,-0.09266202463845752,0.3391134784258811,0.00011135857461024499,0.5,-0.2748832892016372,0.20367119052202834,0.5351019591894396,0.18573679950036615,0.7257525318399852,0.12710291654721848
2021-01-22 19:50:00,0.29428172942817293,0.38645418326693215,-0.02635889798957569,-0.10194608105695413,0.34704427373022206,0.00011135857461024499,0.5,-0.2748832892016372,0.20367119052202834,0.5351019591894396,0.18573679950036615,0.7257525318399852,0.1471626657814928
2021-01-22 20:00:00,0.2838214783821479,0.5298804780876492,-0.03380491437081179,-0.11123013747545074,0.35299891376896,0.00011135857461024499,0.5,-0.24045432911427866,0.20382923332001887,0.45898583955451727,0.18843640368410455,0.7994414141913758,0.12643903616639257
2021-01-22 20:10:00,0.19804741980474197,0.5776892430278884,-0.04005956813105005,-0.11980003570790931,0.3554069440263836,0.00011135857461024499,0.5,-0.24045432911427866,0.20382923332001887,0.45898583955451727,0.18843640368410455,0.7994414141913758,0.06969235179624908
2021-01-22 20:20:00,0.12412831241283125,0.08366533864541825,-0.04333581533879394,-0.11658632387073731,0.366792739265289,0.00011135857461024499,0.5,-0.24045432911427866,0.20382923332001887,0.45898583955451727,0.18843640368410455,0.7994414141913758,0.024978499328575526
2021-01-22 20:30:00,0.10181311018131102,-0.07569721115537853,-0.04839910647803436,-0.11337261203356541,0.366792739265289,0.00011135857461024499,0.5,-0.24045432911427866,0.20382923332001887,0.45898583955451727,0.18843640368410455,0.7994414141913758,0.009701706474342531
2021-01-22 20:40:00,0.12691771269177127,0.43426294820717115,-0.027550260610573418,-0.07195143724334929,0.3717527581107432,0.00011135857461024499,0.5,-0.24045432911427866,0.20382923332001887,0.45898583955451727,0.18843640368410455,0.7994414141913758,0.010471204188481676
2021-01-22 20:50:00,0.14504881450488147,0.1394422310756971,-0.004616530156366427,-0.005534725941796048,0.39903940532122334,0.00011135857461024499,0.5,-0.24045432911427866,0.20382923332001887,0.45898583955451727,0.18843640368410455,0.7994414141913758,0.016996846568191077
2021-01-22 21:00:00,0.09623430962343095,-0.17928286852589637,0.004616530156366094,0.04231387252276364,0.3997068484904006,0.2457683741648107,0.5,-0.2129071119793291,0.2104756513518414,0.4105969939726516,0.20980318468263046,0.9052900170769536,0.0
2021-01-22 21:10:00,0.08228730822873082,0.6733067729083664,-0.008786299329858527,0.05124084984824129,0.3997068484904006,0.9995545657015591,0.5,-0.2129071119793291,0.2104756513518414,0.4105969939726516,0.20980318468263046,0.9052900170769536,0.0
2021-01-22 21:20:00,0.09553695955369597,0.6470119521912352,-0.02903946388682077,0.025531155150865903,0.3997068484904006,0.9995545657015591,0.5,-0.2129071119793291,0.2104756513518414,0.4105969939726516,0.20980318468263046,0.9052900170769536,0.0
2021-01-22 21:30:00,0.11087866108786612,0.6207171314741036,-0.03648548026805687,0.004106409569719638,0.3997068484904006,0.9995545657015591,0.5,-0.2129071119793291,0.2104756513518414,0.4105969939726516,0.20980318468263046,0.9052900170769536,0.0
2021-01-22 21:40:00,0.0794979079497908,0.5944223107569719,-0.041250930752047776,-0.013390465988216249,0.3997068484904006,0.9995545657015591,0.5,-0.2129071119793291,0.2104756513518414,0.4105969939726516,0.20980318468263046,0.9052900170769536,0.0
2021-01-22 21:50:00,0.042538354253835425,0.5681274900398405,-0.04690990320178712,-0.02624531333690394,0.3997068484904006,0.9995545657015591,0.5,-0.2129071119793291,0.2104756513518414,0.4105969939726516,0.20980318468263046,0.9052900170769536,0.0
2021-01-22 22:00:00,0.03765690376569038,0.5418326693227091,-0.050781831720029924,-0.03660060703445822,0.3997068484904006,0.9995545657015591,0.5,-0.3512896472343785,0.21085782757243518,0.5466047610840934,0.29932197515503933,0.0030539177198660554,0.0
2021-01-22 22:10:00,0.0404463040446304,0.5155378486055775,-0.05346239761727478,-0.04552758435993576,0.3997068484904006,0.9995545657015591,0.5,-0.3512896472343785,0.21085782757243518,0.5466047610840934,0.29932197515503933,0.0030539177198660554,0.0
2021-01-22 22:20:00,0.048814504881450484,0.48924302788844587,-0.059121370067014345,-0.05374040349937503,0.3997068484904006,0.9995545657015591,0.5,-0.3512896472343785,0.21085782757243518,0.5466047610840934,0.29932197515503933,0.0030539177198660554,0.0
2021-01-22 22:30:00,0.026499302649930265,0.4629482071713147,-0.06329113924050644,-0.061596143545795345,0.3997068484904006,0.9995545657015591,0.5,-0.3512896472343785,0.21085782757243518,0.5466047610840934,0.29932197515503933,0.0030539177198660554,0.0
2021-01-22 22:40:00,0.02580195258019526,0.4366533864541833,-0.0695457930007447,-0.0669523299410818,0.3997068484904006,0.9995545657015591,0.5,-0.3512896472343785,0.21085782757243518,0.5466047610840934,0.29932197515503933,0.0030539177198660554,0.0
2021-01-22 22:50:00,0.021617852161785217,0.41035856573705165,-0.07311988086373811,-0.07480806998750233,0.3997068484904006,0.9995545657015591,0.5,-0.3512896472343785,0.21085782757243518,0.5466047610840934,0.29932197515503933,0.0030539177198660554,0.0
2021-01-22 23:00:00,0.014644351464435146,0.43084803642572544,-0.07967237527922577,-0.08052133547580786,0.3997068484904006,0.9995545657015591,0.5,-0.43939216662669855,0.21114230460881395,0.6252333221356463,0.3598765121584864,0.054772989274916487,0.0
2021-01-22 23:10:00,0.02370990237099024,0.45133750711439946,-0.08652271034996295,-0.08552044277807536,0.3997068484904006,0.9995545657015591,0.5,-0.43939216662669855,0.21114230460881395,0.6252333221356463,0.3598765121584864,0.054772989274916487,0.0
2021-01-22 23:20:00,0.01882845188284519,0.47182697780307326,-0.08890543559195851,-0.09123370826638089,0.3997068484904006,0.9995545657015591,0.5,-0.43939216662669855,0.21114230460881395,0.6252333221356463,0.3598765121584864,0.054772989274916487,0.0
2021-01-22 23:30:00,0.0202231520223152,0.49231644849174705,-0.09307520476545061,-0.09837529012676305,0.3997068484904006,0.9995545657015591,0.5,-0.43939216662669855,0.21114230460881395,0.6252333221356463,0.3598765121584864,0.054772989274916487,0.0
2021-01-22 23:40:00,0.012552301255230125,0.5128059191804213,-0.09575577066269558,-0.10266023924299217,0.3997068484904006,0.9995545657015591,0.5,-0.43939216662669855,0.21114230460881395,0.6252333221356463,0.3598765121584864,0.054772989274916487,0.0
2021-01-22 23:50:00,0.021617852161785217,0.5332953898690951,-0.10201042442293384,-0.10730226745224059,0.3997068484904006,0.9995545657015591,0.5,-0.43939216662669855,0.21114230460881395,0.6252333221356463,0.3598765121584864,0.054772989274916487,0.0
2021-01-23 00:00:00,0.019525801952580198,0.5537848605577689,-0.10260610573343276,-0.11444384931262286,0.3997068484904006,0.9995545657015591,0.5,-0.4493264176814067,0.2079871956598572,0.6228842173102039,0.3814770885240609,0.08162564281831801,0.0
2021-01-23 00:10:00,0.009065550906555092,0.5298804780876492,-0.10915860014892054,-0.12122835207998572,0.3997068484904006,0.9995545657015591,0.5,-0.4493264176814067,0.2079871956598572,0.6228842173102039,0.3814770885240609,0.08162564281831801,0.0
2021-01-23 00:20:00,0.038354253835425386,0.5059760956175297,-0.11154132539091599,-0.12587038028923414,0.3997068484904006,0.9995545657015591,0.5,-0.4493264176814067,0.2079871956598572,0.6228842173102039,0.3814770885240609,0.08162564281831801,0.0
2021-01-23 00:30:00,0.03556485355648536,0.4820717131474104,-0.11392405063291144,-0.1312265666845207,0.3997068484904006,0.9995545657015591,0.5,-0.4493264176814067,0.2079871956598572,0.6228842173102039,0.3814770885240609,0.08162564281831801,0.0
2021-01-23 00:40:00,0.038354253835425386,0.4581673306772909,-0.11392405063291144,-0.1347973576147118,0.3997068484904006,0.9995545657015591,0.5,-0.4493264176814067,0.2079871956598572,0.6228842173102039,0.3814770885240609,0.08162564281831801,0.0
2021-01-23 00:50:00,0.05160390516039052,0.43426294820717115,-0.11690245718540593,-0.13801106945188357,0.3997068484904006,0.9995545657015591,0.5,-0.4493264176814067,0.2079871956598572,0.6228842173102039,0.3814770885240609,0.08162564281831801,0.0
2021-01-23 01:00:00,0.06624825662482565,0.41035856573705165,-0.11928518242740138,-0.1422960185681127,0.3997068484904006,0.9995545657015591,0.5,-0.5482925386137056,0.2021683471884184,0.7143374906807471,0.38547149954762844,0.10419559549865992,0.0
2021-01-23 01:10:00,0.08228730822873082,0.38645418326693215,-0.11362620997766204,-0.1490805213354759,0.3997068484904006,0.9995545657015591,0.5,-0.5482925386137056,0.2021683471884184,0.7143374906807471,0.38547149954762844,0.10419559549865992,0.0
2021-01-23 01:20:00,0.08228730822873082,0.36254980079681287,-0.11094564408041707,-0.153365470451705,0.3997068484904006,0.9995545657015591,0.5,-0.5482925386137056,0.2021683471884184,0.7143374906807471,0.38547149954762844,0.10419559549865992,0.0
2021-01-23 01:30:00,0.08716875871687588,0.33864541832669315,-0.10886075949367102,-0.16086413140510625,0.3997068484904006,0.9995545657015591,0.5,-0.5482925386137056,0.2021683471884184,0.7143374906807471,0.38547149954762844,0.10419559549865992,0.0
2021-01-23 01:40:00,0.15341701534170155,0.31474103585657365,-0.10945644080416994,-0.16550615961435466,0.3997068484904006,0.9995545657015591,0.5,-0.5482925386137056,0.2021683471884184,0.7143374906807471,0.38547149954762844,0.10419559549865992,0.0
2021-01-23 01:50:00,0.2482566248256625,0.29083665338645415,-0.1079672375279227,-0.17229066238171753,0.4732172069466438,0.9995545657015591,0.5,-0.5482925386137056,0.2021683471884184,0.7143374906807471,0.38547149954762844,0.10419559549865992,0.0
2021-01-23 02:00:00,0.26429567642956764,0.2669322709163344,-0.10945644080416994,-0.14729512587038018,0.6428393817644057,0.2741648106904232,0.5,-0.560696119001155,0.1924616458864334,0.7422003290319251,0.39964989572318893,0.12362383822319824,0.08441842569820603
2021-01-23 02:10:00,0.2880055788005579,-0.2828685258964144,-0.10201042442293384,-0.1344402785216925,0.6375390977738807,0.00011135857461024499,0.5,-0.560696119001155,0.1924616458864334,0.7422003290319251,0.39964989572318893,0.12362383822319824,0.1661511534921617
2021-01-23 02:20:00,0.303347280334728,-0.4183266932270917,-0.09516008935219666,-0.12158543117300469,0.6319378100011779,0.00011135857461024499,0.5,-0.560696119001155,0.1924616458864334,0.7422003290319251,0.39964989572318893,0.12362383822319824,0.17417807082396608
2021-01-23 02:30:00,0.2398884239888424,-0.5617529880478087,-0.09337304542070002,-0.10801642563827896,0.6319378100011779,0.00011135857461024499,0.5,-0.560696119001155,0.1924616458864334,0.7422003290319251,0.39964989572318893,0.12362383822319824,0.12016234892949289
2021-01-23 02:40:00,0.2398884239888424,-0.4103585657370519,-0.0847356664184663,-0.09194786645241915,0.6319378100011779,0.00011135857461024499,0.5,-0.560696119001155,0.1924616458864334,0.7422003290319251,0.39964989572318893,0.12362383822319824,0.1052099521704362
2021-01-23 02:50:00,0.2196652719665272,-0.3705179282868527,-0.07937453462397637,-0.07945009819675053,0.6319378100011779,0.00022271714922048998,0.5,-0.560696119001155,0.1924616458864334,0.7422003290319251,0.39964989572318893,0.12362383822319824,0.09070265703034236
2021-01-23 03:00:00,0.200836820083682,-0.50597609561753,-0.07520476545048416,-0.06516693447598643,0.6221748177618405,0.00033407572383073496,0.5,-0.5702018829153135,0.19687535020847308,0.7342749535638384,0.4224573841660849,0.14312911092730002,0.07882825112784224
2021-01-23 03:10:00,0.24058577405857742,-0.08366533864541836,-0.07073715562174243,-0.05481164077843248,0.6058551779194096,0.00044543429844097997,0.5,-0.5702018829153135,0.19687535020847308,0.7342749535638384,0.4224573841660849,0.14312911092730002,0.1011814053140607
2021-01-23 03:20:00,0.22733612273361226,0.394422310756972,-0.05971705137751315,-0.05195500803427966,0.6016018636060254,0.00022271714922048998,0.5,-0.5702018829153135,0.19687535020847308,0.7342749535638384,0.4224573841660849,0.14312911092730002,0.08822819379271844
2021-01-23 03:30:00,0.2412831241283124,-0.06772908366533881,-0.056440804169769265,-0.04838421710408858,0.6016018636060254,0.00022271714922048998,0.5,-0.5702018829153135,0.19687535020847308,0.7342749535638384,0.4224573841660849,0.14312911092730002,0.09522157007710065
2021-01-23 03:40:00,0.23430962343096234,0.17131474103585642,-0.05197319434102765,-0.04374218889484016,0.6111554619099344,0.00033407572383073496,0.5,-0.5702018829153135,0.19687535020847308,0.7342749535638384,0.4224573841660849,0.14312911092730002,0.08832626703079499
2021-01-23 03:50:00,0.20223152022315202,-0.298804780876494,-0.05137751303052884,-0.03910016068559197,0.6154742118281399,0.00033407572383073496,0.5,-0.5702018829153135,0.19687535020847308,0.7342749535638384,0.4224573841660849,0.14312911092730002,0.07710819741388415
2021-01-23 04:00:00,0.15550906555090654,-0.2589641434262948,-0.046612062546537714,-0.02803070880199965,0.6154742118281399,0.00022271714922048998,0.5,-0.591848604990356,0.19596444899096932,0.7273957946153963,0.4587946448551701,0.1414839209104106,0.044819469800986764
2021-01-23 04:10:00,0.1882845188284519,-0.5458167330677292,-0.04542069992553999,-0.00910551687198713,0.6099645339021869,0.00011135857461024499,0.5,-0.591848604990356,0.19596444899096932,0.7273957946153963,0.4587946448551701,0.1414839209104106,0.06618434751120299
2021-01-23 04:20:00,0.18898186889818688,0.05976095617529875,-0.07371556217423691,-0.033386895197286104,0.599062962138959,0.00044543429844097997,0.5,-0.591848604990356,0.19596444899096932,0.7273957946153963,0.4587946448551701,0.1414839209104106,0.06692366884439549
2021-01-23 04:30:00,0.15690376569037656,0.3784860557768923,-0.11303052866716312,-0.10944474201035537,0.599062962138959,0.00022271714922048998,0.5,-0.591848604990356,0.19596444899096932,0.7273957946153963,0.4587946448551701,0.1414839209104106,0.051488449990192676
2021-01-23 04:40:00,0.1799163179916318,0.5776892430278884,-0.12166790766939695,-0.14015354400999824,0.599062962138959,0.00033407572383073496,0.5,-0.591848604990356,0.19596444899096932,0.7273957946153963,0.4587946448551701,0.1414839209104106,0.05859498770312477
2021-01-23 04:50:00,0.22594142259414227,0.17928286852589648,-0.12375279225614311,-0.1583645777539725,0.599062962138959,0.00022271714922048998,0.5,-0.591848604990356,0.19596444899096932,0.7273957946153963,0.4587946448551701,0.1414839209104106,0.09412013217254855
2021-01-23 05:00:00,0.2412831241283124,0.38645418326693215,-0.12613551749813867,-0.17193358328869845,0.599062962138959,0.00011135857461024499,0.5,-0.5767161415278317,0.1927058938469646,0.6804546590684716,0.5060787181475283,0.13563448577071946,0.10060805407607466
2021-01-23 05:10:00,0.24267782426778242,0.36254980079681287,-0.1279225614296352,-0.17764684877700399,0.599062962138959,0.00011135857461024499,0.5,-0.5767161415278317,0.1927058938469646,0.6804546590684716,0.5060787181475283,0.13563448577071946,0.09464821883911462
2021-01-23 05:20:00,0.25592747559274753,0.41035856573705165,-0.12613551749813867,-0.18121763970719518,0.5999136250016358,0.00033407572383073496,0.5,-0.5767161415278317,0.1927058938469646,0.6804546590684716,0.5060787181475283,0.13563448577071946,0.10887638245545211
2021-01-23 05:30:00,0.28172942817294283,0.2749003984063745,-0.12583767684288916,-0.18443135154436707,0.6129614846030021,0.00044543429844097997,0.5,-0.5767161415278317,0.1927058938469646,0.6804546590684716,0.5060787181475283,0.13563448577071946,0.13796641368800638
2021-01-23 05:40:00,0.29358437935843795,-0.21115537848605592,-0.12970960536113185,-0.18478843063738626,0.6129614846030021,0.00044543429844097997,0.5,-0.5767161415278317,0.1927058938469646,0.6804546590684716,0.5060787181475283,0.13563448577071946,0.1708511248245998
2021-01-23 05:50:00,0.2914923291492329,0.01195219123505975,-0.12941176470588256,-0.18443135154436707,0.6129614846030021,0.00033407572383073496,0.5,-0.5767161415278317,0.1927058938469646,0.6804546590684716,0.5060787181475283,0.13563448577071946,0.16666415196825443
2021-01-23 06:00:00,0.3117154811715481,0.41035856573705165,-0.12881608339538353,-0.18657382610248163,0.6129614846030021,0.00022271714922048998,0.5,-0.5722996588312478,0.17057128161214935,0.6846361011657135,0.5954550887275505,0.14148648622374735,0.17481177482384538
2021-01-23 06:10:00,0.3668061366806137,0.2828685258964143,-0.13328369322412525,-0.18764506338153897,0.6129614846030021,0.00022271714922048998,0.5,-0.5722996588312478,0.17057128161214935,0.6846361011657135,0.5954550887275505,0.14148648622374735,0.2689168188059206
2021-01-23 06:20:00,0.3898186889818689,0.4183266932270917,-0.139240506329114,-0.1837171933583288,0.6129614846030021,0.00022271714922048998,0.5,-0.5722996588312478,0.17057128161214935,0.6846361011657135,0.5954550887275505,0.14148648622374735,0.29640750184830333
2021-01-23 06:30:00,0.41352859135285913,0.12350597609561742,-0.1466865227103501,-0.1855025888234243,0.6129614846030021,0.00022271714922048998,0.5,-0.5722996588312478,0.17057128161214935,0.6846361011657135,0.5954550887275505,0.14148648622374735,0.33149508879400097
2021-01-23 06:40:00,0.46373779637377965,-0.0916334661354582,-0.14817572598659734,-0.1808605606141761,0.6129876588449307,0.00022271714922048998,0.5,-0.5722996588312478,0.17057128161214935,0.6846361011657135,0.5954550887275505,0.14148648622374735,0.45357363791360505
2021-01-23 06:50:00,0.46722454672245467,-0.06772908366533881,-0.13655994043186903,-0.16050705231208717,0.6130007459658949,0.00022271714922048998,0.5,-0.5722996588312478,0.17057128161214935,0.6846361011657135,0.5954550887275505,0.14148648622374735,0.47349004933838285
2021-01-23 07:00:00,0.4909344490934449,0.027888446215139417,-0.14072970960536124,-0.16336368505623988,0.6130007459658949,0.00011135857461024499,0.5,-0.5114787325692585,0.1876111687408574,0.6227231633732405,0.6622035756118456,0.16066809930172654,0.4838330039078414
2021-01-23 07:10:00,0.4428172942817294,0.2669322709163344,-0.14072970960536124,-0.16443492233529733,0.6130007459658949,0.00022271714922048998,0.5,-0.5114787325692585,0.1876111687408574,0.6227231633732405,0.6622035756118456,0.16066809930172654,0.3869743651643859
2021-01-23 07:20:00,0.46582984658298465,0.1394422310756971,-0.14072970960536124,-0.16979110873058378,0.6130007459658949,0.00022271714922048998,0.5,-0.5114787325692585,0.1876111687408574,0.6227231633732405,0.6622035756118456,0.16066809930172654,0.4331744043936811
2021-01-23 07:30:00,0.4686192468619247,0.003984063745019917,-0.14221891288160848,-0.17050526691662193,0.6130007459658949,0.00022271714922048998,0.5,-0.5114787325692585,0.1876111687408574,0.6227231633732405,0.6622035756118456,0.16066809930172654,0.4777147426709115
2021-01-23 07:40:00,0.5320781032078103,-0.2270916334661356,-0.14609084139985118,-0.16693447598643107,0.6130007459658949,0.00022271714922048998,0.5,-0.5114787325692585,0.1876111687408574,0.6227231633732405,0.6622035756118456,0.16066809930172654,0.5728985922718288
2021-01-23 07:50:00,0.5718270571827057,-0.29083665338645437,-0.14549516008935237,-0.16086413140510625,0.6130007459658949,0.013585746102449888,0.5,-0.5114787325692585,0.1876111687408574,0.6227231633732405,0.6622035756118456,0.16066809930172654,0.6081219729317864
2021-01-23 08:00:00,0.6241283124128312,-0.24302788844621515,-0.14549516008935237,-0.1597928941260488,0.6130007459658949,0.00044543429844097997,0.5,-0.5029124584795728,0.18907953000945274,0.6210722971123029,0.6825748186893378,0.1769666686473468,0.7848197715647962
2021-01-23 08:10:00,0.5453277545327755,-0.059760956175298974,-0.1431124348473568,-0.1597928941260488,0.6130007459658949,0.00011135857461024499,0.5,-0.5029124584795728,0.18907953000945274,0.6210722971123029,0.6825748186893378,0.1769666686473468,0.6477209288290056
2021-01-23 08:20:00,0.4379358437935844,-0.1394422310756973,-0.16753536857781093,-0.16300660596322092,0.6161678292392457,0.00011135857461024499,0.5,-0.5029124584795728,0.18907953000945274,0.6210722971123029,0.6825748186893378,0.1769666686473468,0.34425969793442673
2021-01-23 08:30:00,0.42189679218967924,-0.03585657370517936,-0.2166790766939689,-0.17193358328869845,0.6130007459658949,0.00011135857461024499,0.5,-0.5029124584795728,0.18907953000945274,0.6210722971123029,0.6825748186893378,0.1769666686473468,0.3013790606092612
2021-01-23 08:40:00,0.40446304044630405,0.09163346613545809,-0.26850335070737164,-0.2094268880557043,0.6130007459658949,0.00011135857461024499,0.5,-0.5029124584795728,0.18907953000945274,0.6210722971123029,0.6825748186893378,0.1769666686473468,0.3054830484180032
2021-01-23 08:50:00,0.39400278940027894,-0.10756972111553798,-0.282204020848846,-0.2287091590787359,0.6187459920692047,0.013028953229398663,0.5,-0.5029124584795728,0.18907953000945274,0.6210722971123029,0.6825748186893378,0.1769666686473468,0.25654450261780104
2021-01-23 09:00:00,0.41352859135285913,-0.043824701195219196,-0.2893521965748326,-0.2397786109623281,0.6190993443352397,0.025055679287305125,0.5,-0.5175227459731981,0.19807647547319276,0.6537251585398469,0.7075875959451774,0.17952639231303902,0.2754801816618133
2021-01-23 09:10:00,0.49442119944211993,0.09960159362549792,-0.289650037230082,-0.24227816461346185,0.6148722042637841,0.0700445434298441,0.5,-0.5175227459731981,0.19807647547319276,0.6537251585398469,0.7075875959451774,0.17952639231303902,0.271843927757744
2021-01-23 09:20:00,0.5495118549511855,0.38645418326693215,-0.2830975428145942,-0.24834850919478657,0.6165604428681735,0.06993318485523385,0.5,-0.5175227459731981,0.19807647547319276,0.6537251585398469,0.7075875959451774,0.17952639231303902,0.3575523937414186
2021-01-23 09:30:00,0.5488145048814504,-0.33067729083665354,-0.26850335070737164,-0.2433494018925193,0.6210885867218071,0.014253897550111359,0.5,-0.5175227459731981,0.19807647547319276,0.6537251585398469,0.7075875959451774,0.17952639231303902,0.5927018422680568
2021-01-23 09:40:00,0.606694560669456,-0.11553784860557781,-0.2598659717051379,-0.23906445277628985,0.6128567876352881,0.012694877505567928,0.5,-0.5175227459731981,0.19807647547319276,0.6537251585398469,0.7075875959451774,0.17952639231303902,0.7112120343407216
2021-01-23 09:50:00,0.6234309623430963,-0.14741035856573714,-0.2559940431868951,-0.23442242456704165,0.6128567876352881,0.03697104677060133,0.5,-0.5175227459731981,0.19807647547319276,0.6537251585398469,0.7075875959451774,0.17952639231303902,0.6628317515880321
2021-01-23 10:00:00,0.603905160390516,0.01195219123505975,-0.25688756515264344,-0.23370826638100328,0.6128567876352881,0.06024498886414254,0.5,-0.35119602511220815,0.21370259793624805,0.49575673601750647,0.7650635922214026,0.18689916008443047,0.5324773299938139
2021-01-23 10:10:00,0.6638772663877266,-0.07569721115537853,-0.2527177959791512,-0.23335118728798432,0.6128567876352881,0.08585746102449889,0.5,-0.35119602511220815,0.21370259793624805,0.49575673601750647,0.7650635922214026,0.18689916008443047,0.4984081959050651
2021-01-23 10:20:00,0.8451882845188284,-0.19521912350597614,-0.24199553239017135,-0.2287091590787359,0.6128567876352881,0.11904231625835189,0.5,-0.35119602511220815,0.21370259793624805,0.49575673601750647,0.7650635922214026,0.18689916008443047,0.4941759584772998
2021-01-23 10:30:00,0.8828451882845189,-0.5139442231075697,-0.22263588979895765,-0.22121049812533466,0.6128567876352881,0.13919821826280623,0.5,-0.35119602511220815,0.21370259793624805,0.49575673601750647,0.7650635922214026,0.18689916008443047,0.45881678410308246
2021-01-23 10:40:00,0.810320781032078,-0.4820717131474104,-0.2169769173492183,-0.21656846991608647,0.6128567876352881,0.1599109131403118,0.5,-0.35119602511220815,0.21370259793624805,0.49575673601750647,0.7650635922214026,0.18689916008443047,0.2907796068017563
2021-01-23 10:50:00,0.7210599721059973,-0.17131474103585675,-0.18868205510052138,-0.18478843063738626,0.6128567876352881,0.18440979955456568,0.5,-0.35119602511220815,0.21370259793624805,0.49575673601750647,0.7650635922214026,0.18689916008443047,0.1879686769165774
2021-01-23 11:00:00,0.7405857740585774,-0.38645418326693237,-0.15591958302308284,-0.15479378682378142,0.6128567876352881,0.8964365256124722,0.5,-0.30434207195395413,0.21729447970874113,0.44513101610957856,0.7750351544830563,0.20842766001633697,0.019252531043951897
2021-01-23 11:10:00,0.6520223152022315,-0.09960159362549814,-0.13358153387937477,-0.14336725584717003,0.6128567876352881,0.997772828507795,0.5,-0.30434207195395413,0.21729447970874113,0.44513101610957856,0.7750351544830563,0.20842766001633697,0.0
2021-01-23 11:20:00,0.7433751743375174,-0.019920318725099695,-0.131794489947878,-0.16050705231208717,0.6128567876352881,0.997772828507795,0.5,-0.30434207195395413,0.21729447970874113,0.44513101610957856,0.7750351544830563,0.20842766001633697,0.0
2021-01-23 11:30:00,0.8089260808926081,-0.17131474103585675,-0.12553983618763975,-0.17514729512587035,0.6128567876352881,0.997772828507795,0.5,-0.30434207195395413,0.21729447970874113,0.44513101610957856,0.7750351544830563,0.20842766001633697,0.0
2021-01-23 11:40:00,0.8891213389121339,-0.553784860557769,-0.09843633655994066,-0.1840742724513479,0.6128567876352881,0.997772828507795,0.5,-0.30434207195395413,0.21729447970874113,0.44513101610957856,0.7750351544830563,0.20842766001633697,0.0
2021-01-23 11:50:00,0.8661087866108786,-0.49800796812749004,-0.07490692479523464,-0.1905016961256918,0.6128567876352881,0.997772828507795,0.5,-0.30434207195395413,0.21729447970874113,0.44513101610957856,0.7750351544830563,0.20842766001633697,0.0
2021-01-23 12:00:00,0.8772663877266388,-0.3944223107569722,-0.05524944154877154,-0.1919300124977681,0.6128567876352881,0.997772828507795,0.5,-0.2821630012177213,0.21232618884103052,0.4246317666589691,0.9395129978531599,0.23269264848562174,0.0
2021-01-23 12:10:00,0.8089260808926081,-0.15537848605577698,-0.048101265822784844,-0.1919300124977681,0.6128567876352881,0.997772828507795,0.5,-0.2821630012177213,0.21232618884103052,0.4246317666589691,0.9395129978531599,0.23269264848562174,0.0
2021-01-23 12:20:00,0.8936541841004184,-0.3466135458167332,-0.0385703648548027,-0.18728798428852,0.6128567876352881,0.997772828507795,0.5,-0.2821630012177213,0.21232618884103052,0.4246317666589691,0.9395129978531599,0.23269264848562174,0.0
2021-01-23 12:30:00,0.9783821478382148,-0.24302788844621515,-0.029337304542070175,-0.18907337975361538,0.6128567876352881,0.997772828507795,0.5,-0.2821630012177213,0.21232618884103052,0.4246317666589691,0.9395129978531599,0.23269264848562174,0.0
2021-01-23 12:40:00,0.99302649930265,-0.07569721115537853,-0.026061057334326176,-0.1919300124977681,0.6128567876352881,0.997772828507795,0.5,-0.2821630012177213,0.21232618884103052,0.4246317666589691,0.9395129978531599,0.23269264848562174,0.0
2021-01-23 12:50:00,0.978126429567643,-0.42629482071713154,-0.023678332092330612,-0.1919300124977681,0.6128567876352881,0.997772828507795,0.5,-0.2821630012177213,0.21232618884103052,0.4246317666589691,0.9395129978531599,0.23269264848562174,0.0
2021-01-23 13:00:00,0.9632264295676429,-0.6414342629482073,-0.016827997021593544,-0.1919300124977681,0.6128567876352881,0.997772828507795,0.5,-0.15375951021655165,0.18915424115032328,0.35237789797220415,0.9365422778354285,0.24252713256015557,0.0
2021-01-23 13:10:00,0.948326359832636,-0.23505976095617542,-0.017721518987341978,-0.1933583288698446,0.6128567876352881,0.997772828507795,0.5,-0.15375951021655165,0.18915424115032328,0.35237789797220415,0.9335716482258053,0.24252713256015557,0.0
2021-01-23 13:20:00,0.933426290097629,-0.3227091633466136,-0.015040953090096898,-0.19550080342795917,0.6128567876352881,0.997772828507795,0.5,-0.15375951021655165,0.18915424115032328,0.35237789797220415,0.9306009282080739,0.24252713256015557,0.0
2021-01-23 13:30:00,0.9185262203626221,-0.38645418326693237,-0.014743112434847494,-0.19550080342795917,0.6128567876352881,0.997772828507795,0.5,-0.15375951021655165,0.18915424115032328,0.35237789797220415,0.9276302985984505,0.24252713256015557,0.0
2021-01-23 13:40:00,0.9036262203626221,-0.07569721115537853,-0.014147431124348686,-0.19550080342795917,0.6128567876352881,0.997772828507795,0.5,-0.15375951021655165,0.18915424115032328,0.35237789797220415,0.9246596237847732,0.24252713256015557,0.0
2021-01-23 13:50:00,0.8887261506276151,0.298804780876494,-0.013551749813849767,-0.19550080342795917,0.6128567876352881,0.997772828507795,0.5,-0.15375951021655165,0.18915424115032328,0.35237789797220415,0.9216890393792037,0.24252713256015557,0.0
2021-01-23 14:00:00,0.8738260808926082,0.298804780876494,-0.020402084884586835,-0.1997857525441885,0.6128567876352881,0.997772828507795,0.5,-0.1559743888296502,0.16955406069418114,0.35175739646546217,0.9187183193614725,0.23497624279074183,0.0
2021-01-23 14:10:00,0.858926011157601,0.05179282868525892,-0.025167535368577965,-0.20264238528834144,0.6128567876352881,0.997772828507795,0.5,-0.1559743888296502,0.16955406069418114,0.35175739646546217,0.9157476897518491,0.23497624279074183,0.0
2021-01-23 14:20:00,0.8440260111576011,-0.10756972111553798,-0.02218912881608348,-0.204784859846456,0.6128567876352881,0.997772828507795,0.5,-0.1559743888296502,0.16955406069418114,0.35175739646546217,0.9127769697341177,0.23497624279074183,0.0
2021-01-23 14:30:00,0.8291260111576011,0.17928286852589648,-0.023678332092330612,-0.2062131762185324,0.6128567876352881,0.997772828507795,0.5,-0.1559743888296502,0.16955406069418114,0.35175739646546217,0.9098062497163864,0.23497624279074183,0.0
2021-01-23 14:40:00,0.8142259414225942,0.05976095617529875,-0.028443782576321852,-0.20978396714872327,0.6128567876352881,0.997772828507795,0.5,-0.1559743888296502,0.16955406069418114,0.35175739646546217,0.9068356201067631,0.23497624279074183,0.0
2021-01-23 14:50:00,0.7993258716875872,0.4422310756972112,-0.027252419955324125,-0.2129976789858954,0.6128567876352881,0.997772828507795,0.5,-0.1559743888296502,0.16955406069418114,0.35175739646546217,0.9038649000890318,0.23497624279074183,0.0
2021-01-23 15:00:00,0.7844258716875872,0.4262948207171313,-0.027848101265822822,-0.21049812533476164,0.6128567876352881,0.997772828507795,0.5,-0.14952523544779694,0.15681293767079466,0.3384708271083451,0.9008943608875163,0.22623855910022228,0.0
2021-01-23 15:10:00,0.7695258019525802,-0.059760956175298974,-0.026061057334326176,-0.21335475807891446,0.6128567876352881,0.997772828507795,0.5,-0.14952523544779694,0.15681293767079466,0.3384708271083451,0.8979236408697849,0.22623855910022228,0.0
2021-01-23 15:20:00,0.7546257322175731,0.20318725099601576,-0.025167535368577965,-0.21371183717193354,0.6128567876352881,0.997772828507795,0.5,-0.14952523544779694,0.15681293767079466,0.3384708271083451,0.8949530112601615,0.22623855910022228,0.0
2021-01-23 15:30:00,0.7397257322175732,-0.03585657370517936,-0.02427401340282964,-0.21906802356722022,0.6128567876352881,0.997772828507795,0.5,-0.14952523544779694,0.15681293767079466,0.3384708271083451,0.8919822912424303,0.22623855910022228,0.0
2021-01-23 15:40:00,0.7248256624825663,0.043824701195219085,-0.02278481012658229,-0.22049633993929663,0.6128567876352881,0.997772828507795,0.5,-0.14952523544779694,0.15681293767079466,0.3384708271083451,0.889011571224699,0.22623855910022228,0.0
2021-01-23 15:50:00,0.7099255927475592,0.31474103585657365,-0.02903946388682077,-0.222281735404392,0.6128567876352881,0.997772828507795,0.5,-0.14952523544779694,0.15681293767079466,0.3384708271083451,0.8860409416150755,0.22623855910022228,0.0
2021-01-23 16:00:00,0.6950255230125523,0.09163346613545809,-0.030230826507818387,-0.2208534190323156,0.6128567876352881,0.997772828507795,0.5,-0.11579759077293461,0.16965175987839196,0.30878097767855844,0.8830702215973442,0.22626325691001387,0.0
2021-01-23 16:10:00,0.6801255230125524,-0.5617529880478087,-0.023678332092330612,-0.2240671308694876,0.6128567876352881,0.997772828507795,0.5,-0.11579759077293461,0.16965175987839196,0.30878097767855844,0.8800995919877209,0.22626325691001387,0.0
2021-01-23 16:20:00,0.6652254532775452,-0.3466135458167332,-0.01861504095309008,-0.22478128905552575,0.6128567876352881,0.997772828507795,0.5,-0.11579759077293461,0.16965175987839196,0.30878097767855844,0.8771289623780975,0.22626325691001387,0.0
2021-01-23 16:30:00,0.6503253835425383,0.05976095617529875,-0.02427401340282964,-0.22121049812533466,0.6128567876352881,0.4811804008908686,0.5,-0.11579759077293461,0.16965175987839196,0.30878097767855844,0.8741583327684741,0.22626325691001387,0.25983372814098404
2021-01-23 16:40:00,0.6354253486750349,0.14741035856573692,-0.030528667163067902,-0.18514550973040522,0.6128437005143238,0.5867483296213808,0.5,-0.11579759077293461,0.16965175987839196,0.30878097767855844,0.8711876127507427,0.22626325691001387,0.30929281651251567
2021-01-23 16:50:00,0.6205253835425384,0.027888446215139417,-0.02546537602382737,-0.17657561149794665,0.6128437005143238,0.3579064587973274,0.5,-0.11579759077293461,0.16965175987839196,0.30878097767855844,0.8682169831411195,0.22626325691001387,0.7315282828130423
2021-01-23 17:00:00,0.6056253138075314,0.20318725099601576,-0.02963514519731958,-0.15515086591680072,0.6128175262723953,0.17772828507795102,0.5,-0.12595984354732803,0.19778050441513967,0.32436732116704,0.8652462631233881,0.23931389949000811,0.7416901790968209
2021-01-23 17:10:00,0.5907252440725245,-0.298804780876494,-0.028145941921072448,-0.13515443670773075,0.6128175262723953,0.6662583518930958,0.5,-0.12595984354732803,0.19778050441513967,0.32436732116704,0.8652462631233881,0.23931389949000811,0.2454697708103867
2021-01-23 17:20:00,0.5758251743375173,-0.9123505976095618,-0.01861504095309008,-0.14658096768434214,0.6128175262723953,0.9995545657015591,0.5,-0.12595984354732803,0.19778050441513967,0.32436732116704,0.8652462631233881,0.23931389949000811,0.0
2021-01-23 17:30:00,0.5609251743375174,-0.6972111553784861,-0.01921072226358911,-0.16514908052133537,0.6128175262723953,0.9994432071269488,0.5,-0.12595984354732803,0.19778050441513967,0.32436732116704,0.8652462631233881,0.23931389949000811,0.0
2021-01-23 17:40:00,0.5460251046025105,0.21912350597609564,-0.029337304542070175,-0.15550794500981968,0.6297260865582182,0.0678173719376392,0.5,-0.12595984354732803,0.19778050441513967,0.32436732116704,0.8652462631233881,0.23931389949000811,0.45290221343754244
2021-01-23 17:50:00,0.34797768479776847,0.06772908366533859,-0.041250930752047776,-0.11872879842885198,0.6560835481802358,0.000556792873051225,0.5,-0.12595984354732803,0.19778050441513967,0.32436732116704,0.8652462631233881,0.23931389949000811,0.22847292424219565
2021-01-23 18:00:00,0.48535564853556484,0.05976095617529875,-0.08562918838421452,-0.14586680949830377,0.6686340971849603,0.000556792873051225,0.5,-0.24860735842530723,0.27806049878307054,0.45809750661874615,0.34768932743715547,0.30665704554495227,0.4513405857235542
2021-01-23 18:10:00,0.5258019525801952,-0.02390438247011961,-0.10915860014892054,-0.15300839135868594,0.7109447592624099,0.46837416481069044,0.5,-0.24860735842530723,0.27806049878307054,0.45809750661874615,0.34768932743715547,0.30665704554495227,0.1399882312114308
2021-01-23 18:20:00,0.7838214783821479,-0.10756972111553798,-0.16038719285182446,-0.13836814854490254,0.8341338288989805,0.1435412026726058,0.5,-0.24860735842530723,0.27806049878307054,0.45809750661874615,0.34768932743715547,0.30665704554495227,0.9090861083030313
2021-01-23 18:30:00,0.702231520223152,0.019920318725099362,-0.22740134028294878,-0.17514729512587035,0.8328382039235188,0.02160356347438753,0.5,-0.24860735842530723,0.27806049878307054,0.45809750661874615,0.34768932743715547,0.30665704554495227,0.9966353335244504
2021-01-23 18:40:00,0.6241283124128312,-0.1872509960159363,-0.2524199553239018,-0.1905016961256918,0.8351284500922642,0.0008908685968819599,0.5,-0.24860735842530723,0.27806049878307054,0.45809750661874615,0.34768932743715547,0.30665704554495227,0.8689967862154293
2021-01-23 18:50:00,0.3688981868898187,-0.10756972111553798,-0.26939687267312007,-0.20228530619532226,0.8163615186295167,0.00011135857461024499,0.5,-0.24860735842530723,0.27806049878307054,0.45809750661874615,0.34768932743715547,0.30665704554495227,0.28402009746971046
2021-01-23 19:00:00,0.5739191073919108,0.2111553784860556,-0.27773641102010427,-0.21514015354400995,0.8310976168352723,0.003006681514476615,0.5,-0.3019918465037458,0.3440850327723307,0.5602219348614181,0.3612344419392564,0.6107774382940573,0.7478612490004074
2021-01-23 19:10:00,0.0,0.003984063745019917,-0.27197816827997034,-0.22734036779146582,0.8000287916661214,0.0,0.5,-0.3019918465037458,0.3440850327723307,0.5602219348614181,0.3612344419392564,0.6107774382940573,0.0
2021-01-23 19:20:00,0.0,0.003984063745019917,-0.26621990469099044,-0.23954058203892148,0.8327989425606261,0.0,0.5,-0.3019918465037458,0.3440850327723307,0.5602219348614181,0.3612344419392564,0.6107774382940573,0.0
2021-01-23 19:30:00,0.0,0.003984063745019917,-0.26046164408041705,-0.25174076057846817,0.780254151889126,0.0,0.5,-0.3019918465037458,0.3440850327723307,0.5602219348614181,0.3612344419392564,0.6107774382940573,0.0
2021-01-23 19:40:00,0.0,0.003984063745019917,-0.25470339538346987,-0.26394093911801453,0.8294355524728114,0.0,0.5,-0.3019918465037458,0.3440850327723307,0.5602219348614181,0.3612344419392564,0.6107774382940573,0.0
2021-01-23 19:50:00,0.21617852161785217,0.027888446215139417,-0.24894514966492942,-0.2761411533654704,0.8315949274319143,0.49977728285077955,0.5,-0.3019918465037458,0.3440850327723307,0.5602219348614181,0.3612344419392564,0.6107774382940573,0.0
2021-01-23 20:00:00,0.43235704323570434,0.05179282868525892,-0.2431868950111692,-0.2883413676129263,0.833754302391017,0.9995545657015591,0.5,-0.3731521637983566,0.3896329671529596,0.5603245274874051,0.6038351970657089,0.6721025987865911,0.0
2021-01-23 20:10:00,0.4379358437935844,0.09163346613545809,-0.25003723008190626,-0.28262810212462053,0.8338197379958383,0.48596881959910915,0.5,-0.3731521637983566,0.3896329671529596,0.5603245274874051,0.6038351970657089,0.6721025987865911,0.2308644024322163
2021-01-23 20:20:00,0.42329149232914925,0.2589641434262948,-0.27326880119136276,-0.25334761649705406,0.8338197379958383,0.00011135857461024499,0.5,-0.3731521637983566,0.3896329671529596,0.5603245274874051,0.6038351970657089,0.6721025987865911,0.36996997450095814
2021-01-23 20:30:00,0.3312412831241283,0.2669322709163344,-0.31139240506329124,-0.27441528298518114,0.8338197379958383,0.00011135857461024499,0.5,-0.3731521637983566,0.3896329671529596,0.5603245274874051,0.6038351970657089,0.6721025987865911,0.20176682710442537
2021-01-23 20:40:00,0.3898186889818689,0.06772908366533859,-0.32360387192851836,-0.2879842885199072,0.8432293779691407,0.00011135857461024499,0.5,-0.3731521637983566,0.3896329671529596,0.5603245274874051,0.6038351970657089,0.6721025987865911,0.288644627849782
2021-01-23 20:50:00,0.44839609483960946,0.09960159362549792,-0.33104988830975446,-0.2879842885199072,0.8503356846527332,0.00011135857461024499,0.5,-0.3731521637983566,0.3896329671529596,0.5603245274874051,0.6038351970657089,0.6721025987865911,0.40648339544638407
2021-01-23 21:00:00,0.43654114365411434,-0.003984063745020028,-0.33521965748324656,-0.2861988930548115,0.8554396618287943,0.00011135857461024499,0.5,-0.4079220925194691,0.41535371414942657,0.5236204620675495,0.5707378736580819,0.6889005433857436,0.4020323792567557
2021-01-23 21:10:00,0.394700139470014,0.05976095617529875,-0.33819806403574093,-0.2879842885199072,0.861237256415961,0.00011135857461024499,0.5,-0.4079220925194691,0.41535371414942657,0.5236204620675495,0.5707378736580819,0.6889005433857436,0.29463463946768864
2021-01-23 21:20:00,0.2391910739191074,0.2669322709163344,-0.3420699925539836,-0.2944117121942511,0.8705421994215493,0.00011135857461024499,0.5,-0.4079220925194691,0.41535371414942657,0.5236204620675495,0.5707378736580819,0.6889005433857436,0.11433830740679271
2021-01-23 21:30:00,0.2873082287308229,-0.17131474103585675,-0.3453462397617276,-0.30476700589180505,0.8938372747379304,0.00011135857461024499,0.5,-0.4079220925194691,0.41535371414942657,0.5236204620675495,0.5707378736580819,0.6889005433857436,0.141927063687252
2021-01-23 21:40:00,0.25732217573221755,-0.08366533864541836,-0.3492181682799703,-0.3133369041242635,0.8872413657719439,0.00011135857461024499,0.5,-0.4079220925194691,0.41535371414942657,0.5236204620675495,0.5707378736580819,0.6889005433857436,0.11237684264526156
2021-01-23 21:50:00,0.18898186889818688,0.4183266932270917,-0.3513030528667165,-0.3169076950544545,0.8814699454267056,0.00011135857461024499,0.5,-0.4079220925194691,0.41535371414942657,0.5236204620675495,0.5707378736580819,0.6889005433857436,0.06904355960589646
2021-01-23 22:00:00,0.23221757322175732,0.2350597609561753,-0.3521965748324647,-0.32226388144974105,0.8946094148748217,0.00011135857461024499,0.5,-0.45094891207225085,0.4217846192748996,0.5439677881980943,0.49828056679997,0.6976331814783896,0.09322992893462287
2021-01-23 22:10:00,0.24198047419804744,0.03585657370517925,-0.3572598659717052,-0.32833422603106577,0.897855020873958,0.00011135857461024499,0.5,-0.45094891207225085,0.4217846192748996,0.5439677881980943,0.49828056679997,0.6976331814783896,0.0927395627442401
2021-01-23 22:20:00,0.1792189679218968,0.25099601593625476,-0.35815338793745355,-0.335832886984467,0.9030506078967689,0.00011135857461024499,0.5,-0.45094891207225085,0.4217846192748996,0.5439677881980943,0.49828056679997,0.6976331814783896,0.06346092913076935
2021-01-23 22:30:00,0.17782426778242677,0.49003984063745,-0.35845122859270295,-0.33476164970540967,0.9183363651830234,0.00011135857461024499,0.5,-0.45094891207225085,0.4217846192748996,0.5439677881980943,0.49828056679997,0.6976331814783896,0.055351026751361714
2021-01-23 22:40:00,0.1596931659693166,0.5139442231075697,-0.3611317944899479,-0.33476164970540967,0.9328499823323868,0.00011135857461024499,0.5,-0.45094891207225085,0.4217846192748996,0.5439677881980943,0.49828056679997,0.6976331814783896,0.04143217103972721
2021-01-23 22:50:00,0.15132496513249652,0.2589641434262948,-0.33045420699925554,-0.29976789858953756,0.9446153040792556,0.00011135857461024499,0.5,-0.45094891207225085,0.4217846192748996,0.5439677881980943,0.49828056679997,0.6976331814783896,0.0153296015208896
2021-01-23 23:00:00,0.09553695955369597,-0.5936254980079682,-0.2982874162323158,-0.22585252633458308,0.9446153040792556,0.5736080178173719,0.5,-0.480645835883455,0.4296494036039491,0.5742206923366352,0.3936488677038045,0.7116440542961006,0.0
2021-01-23 23:10:00,0.08298465829846582,-0.5499146272054638,-0.30275502606105753,-0.22513836814854493,0.9446153040792556,0.9995545657015591,0.5,-0.480645835883455,0.4296494036039491,0.5742206923366352,0.3936488677038045,0.7116440542961006,0.0
2021-01-23 23:20:00,0.06345885634588563,-0.5062037564029597,-0.30752047654504844,-0.23620782003213703,0.9446153040792556,0.9995545657015591,0.5,-0.480645835883455,0.4296494036039491,0.5742206923366352,0.3936488677038045,0.7116440542961006,0.0
2021-01-23 23:30:00,0.055788005578800565,-0.4624928856004553,-0.30752047654504844,-0.24906266738082483,0.9446153040792556,0.9995545657015591,0.5,-0.480645835883455,0.4296494036039491,0.5742206923366352,0.3936488677038045,0.7116440542961006,0.0
2021-01-23 23:40:00,0.05718270571827057,-0.4187820147979512,-0.30752047654504844,-0.25834672379932155,0.9446153040792556,0.9995545657015591,0.5,-0.480645835883455,0.4296494036039491,0.5742206923366352,0.3936488677038045,0.7116440542961006,0.0
2021-01-23 23:50:00,0.05299860529986053,-0.37507114399544683,-0.3063291139240507,-0.2676307802178183,0.9446153040792556,0.9995545657015591,0.5,-0.480645835883455,0.4296494036039491,0.5742206923366352,0.3936488677038045,0.7116440542961006,0.0
2021-01-24 00:00:00,0.04741980474198048,-0.3313602731929426,-0.3093075204765452,-0.27584359935725755,0.9446153040792556,0.9995545657015591,0.5,-0.4910310540610222,0.43459183292290293,0.5865707393910158,0.34857614960843053,0.7242412302277325,0.0
2021-01-24 00:10:00,0.08926080892608089,-0.28764940239043835,-0.3087118391660463,-0.28227102303160145,0.9446153040792556,0.9995545657015591,0.5,-0.4910310540610222,0.43459183292290293,0.5865707393910158,0.34857614960843053,0.7242412302277325,0.0
2021-01-24 00:20:00,0.12622036262203626,-0.243938531587934,-0.30752047654504844,-0.29048384217104095,0.9446153040792556,0.9995545657015591,0.5,-0.4910310540610222,0.43459183292290293,0.5865707393910158,0.34857614960843053,0.7242412302277325,0.0
2021-01-24 00:30:00,0.11227336122733612,-0.20022766078542975,-0.30483991064780347,-0.3008391358685949,0.9446153040792556,0.9995545657015591,0.5,-0.4910310540610222,0.43459183292290293,0.5865707393910158,0.34857614960843053,0.7242412302277325,0.0
2021-01-24 00:40:00,0.05090655509065551,-0.1565167899829255,-0.31228592702903957,-0.3086948759150152,0.9446153040792556,0.9995545657015591,0.5,-0.4910310540610222,0.43459183292290293,0.5865707393910158,0.34857614960843053,0.7242412302277325,0.0
2021-01-24 00:50:00,0.04393305439330544,-0.11280591918042127,-0.32390171258376776,-0.31440814140332085,0.9446153040792556,0.9995545657015591,0.5,-0.4910310540610222,0.43459183292290293,0.5865707393910158,0.34857614960843053,0.7242412302277325,0.0
2021-01-24 01:00:00,0.03138075313807531,-0.06909504837791691,-0.3298585256887566,-0.3172647741474738,0.9446153040792556,0.9995545657015591,0.5,-0.508475053389958,0.44679848393854227,0.5866823358197778,0.35325952465911764,0.7424741141857385,0.0
2021-01-24 01:10:00,0.021617852161785217,-0.02538417757541267,-0.33938942665673866,-0.3233351187287984,0.9446153040792556,0.9995545657015591,0.5,-0.508475053389958,0.44679848393854227,0.5866823358197778,0.35325952465911764,0.7424741141857385,0.0
2021-01-24 01:20:00,0.061366806136680614,0.018326693227091573,-0.3408786299329859,-0.32762006784502773,0.9446153040792556,0.9995545657015591,0.5,-0.508475053389958,0.44679848393854227,0.5866823358197778,0.35325952465911764,0.7424741141857385,0.0
2021-01-24 01:30:00,0.0599721059972106,0.062037564029595815,-0.34236783320923314,-0.3344045706123906,0.9446153040792556,0.9995545657015591,0.5,-0.508475053389958,0.44679848393854227,0.5866823358197778,0.35325952465911764,0.7424741141857385,0.0
2021-01-24 01:40:00,0.05439330543933055,0.10574843483210006,-0.35040953090096805,-0.3408319942867345,0.9446153040792556,0.9995545657015591,0.5,-0.508475053389958,0.44679848393854227,0.5866823358197778,0.35325952465911764,0.7424741141857385,0.0
2021-01-24 01:50:00,0.06624825662482565,0.1494593056346043,-0.35428145941921074,-0.3469023388680593,0.9446153040792556,0.9995545657015591,0.5,-0.508475053389958,0.44679848393854227,0.5866823358197778,0.35325952465911764,0.7424741141857385,0.0
2021-01-24 02:00:00,0.07670850767085077,0.19317017643710876,-0.35815338793745355,-0.35297268344938415,0.9446153040792556,0.9995545657015591,0.5,-0.5042142962681563,0.43996528805455176,0.5794841125363751,0.27572023340255464,0.7553434973161415,0.0
2021-01-24 02:10:00,0.08577405857740586,0.236881047239613,-0.35815338793745355,-0.35904302803070876,0.9446153040792556,0.9995545657015591,0.5,-0.5042142962681563,0.43996528805455176,0.5794841125363751,0.27572023340255464,0.7553434973161415,0.0
2021-01-24 02:20:00,0.0815899581589958,0.28059191804211703,-0.3593447505584514,-0.3629708980539189,0.9446153040792556,0.9995545657015591,0.5,-0.5042142962681563,0.43996528805455176,0.5794841125363751,0.27572023340255464,0.7553434973161415,0.0
2021-01-24 02:30:00,0.08577405857740586,0.3243027888446215,-0.3644080416976918,-0.3690412426352436,0.9446153040792556,0.9995545657015591,0.5,-0.5042142962681563,0.43996528805455176,0.5794841125363751,0.27572023340255464,0.7553434973161415,0.0
2021-01-24 02:40:00,0.07880055788005579,0.36801365964712573,-0.3650037230081906,-0.37546866630958753,0.9446153040792556,0.9995545657015591,0.5,-0.5042142962681563,0.43996528805455176,0.5794841125363751,0.27572023340255464,0.7553434973161415,0.0
2021-01-24 02:50:00,0.06345885634588563,0.41172453044963,-0.3670886075949368,-0.3776111408677022,0.9446153040792556,0.9995545657015591,0.5,-0.5042142962681563,0.43996528805455176,0.5794841125363751,0.27572023340255464,0.7553434973161415,0.0
2021-01-24 03:00:00,0.039051603905160395,0.45543540125213444,-0.37036485480268055,-0.3826102481699697,0.9446153040792556,0.9995545657015591,0.5,-0.5138940966032214,0.43362633510245663,0.589994974356282,0.2999219233591132,0.731748554129925,0.0
2021-01-24 03:10:00,0.028591352859135284,0.4991462720546387,-0.37602382725242,-0.38475272272808425,0.9446153040792556,0.9995545657015591,0.5,-0.5138940966032214,0.43362633510245663,0.589994974356282,0.2999219233591132,0.731748554129925,0.0
2021-01-24 03:20:00,0.0599721059972106,0.5428571428571429,-0.37810871183916617,-0.38653811819317974,0.9446153040792556,0.9995545657015591,0.5,-0.5138940966032214,0.43362633510245663,0.589994974356282,0.2999219233591132,0.731748554129925,0.0
2021-01-24 03:30:00,0.0808926080892608,0.5865680136596472,-0.3715562174236785,-0.3915372254954472,0.9446153040792556,0.9995545657015591,0.5,-0.5138940966032214,0.43362633510245663,0.589994974356282,0.2999219233591132,0.731748554129925,0.0
2021-01-24 03:40:00,0.11715481171548117,0.6302788844621514,-0.3724497393894267,-0.39617925370469553,0.9446153040792556,0.9995545657015591,0.5,-0.5138940966032214,0.43362633510245663,0.589994974356282,0.2999219233591132,0.731748554129925,0.0
2021-01-24 03:50:00,0.1311018131101813,0.6739897552646557,-0.37036485480268055,-0.4015354400999822,0.9446153040792556,0.9995545657015591,0.5,-0.5138940966032214,0.43362633510245663,0.589994974356282,0.2999219233591132,0.731748554129925,0.0
2021-01-24 04:00:00,0.13668061366806136,0.7177006260671599,-0.3667907669396874,-0.407962863774326,0.9446153040792556,0.9995545657015591,0.5,-0.5485591965640981,0.4461030956273881,0.6513443501835064,0.34696085506688024,0.7226513192120639,0.0
2021-01-24 04:10:00,0.16596931659693165,0.7614114968696641,-0.36232315711094576,-0.41653276200678446,0.9446153040792556,0.9995545657015591,0.5,-0.5485591965640981,0.4461030956273881,0.6513443501835064,0.34696085506688024,0.7226513192120639,0.0
2021-01-24 04:20:00,0.16248256624825663,0.6657029026750143,-0.35785554728220414,-0.42760221389037667,0.9446153040792556,0.9995545657015591,0.5,-0.5485591965640981,0.4461030956273881,0.6513443501835064,0.34696085506688024,0.7226513192120639,0.0
2021-01-24 04:30:00,0.15202231520223153,0.569994308480364,-0.3524944154877142,-0.4365291912158543,0.9446153040792556,0.9995545657015591,0.5,-0.5485591965640981,0.4461030956273881,0.6513443501835064,0.34696085506688024,0.7226513192120639,0.0
2021-01-24 04:40:00,0.18340306834030684,0.4742857142857142,-0.35904690990320187,-0.4450990894483128,0.9054586381541925,0.9962138084632516,0.5,-0.5485591965640981,0.4461030956273881,0.6513443501835064,0.34696085506688024,0.7226513192120639,0.0
2021-01-24 04:50:00,0.15829846582984658,0.37857712009106415,-0.37364110201042455,-0.44081414033208355,0.804504587035898,0.9756124721603564,0.5,-0.5485591965640981,0.4461030956273881,0.6513443501835064,0.34696085506688024,0.7226513192120639,0.0
2021-01-24 05:00:00,0.22873082287308227,0.2828685258964143,-0.3831720029784067,-0.42938760935547216,0.815013545170198,0.3270601336302896,0.5,-0.5596558694933633,0.45874077245572664,0.6904269413054779,0.441456177920677,0.7166986296548253,0.040127042563785326
2021-01-24 05:10:00,0.32566248256624825,-0.01195219123505975,-0.36619508562918845,-0.3854668809141224,0.8217010639829344,0.00011135857461024499,0.5,-0.5596558694933633,0.45874077245572664,0.6904269413054779,0.441456177920677,0.7166986296548253,0.1568417399701254
2021-01-24 05:20:00,0.3647140864714087,0.4262948207171313,-0.3453462397617276,-0.3454740224959829,0.8385703629058643,0.00011135857461024499,0.5,-0.5596558694933633,0.45874077245572664,0.6904269413054779,0.441456177920677,0.7166986296548253,0.22518369871901264
2021-01-24 05:30:00,0.3193863319386332,-0.4342629482071714,-0.3402829486224871,-0.3211926441706838,0.8493934119433065,0.00011135857461024499,0.5,-0.5596558694933633,0.45874077245572664,0.6904269413054779,0.441456177920677,0.7166986296548253,0.1741026298715995
2021-01-24 05:40:00,0.3493723849372385,-0.38645418326693237,-0.3361131794489949,-0.2994108194965186,0.8494064990642708,0.00011135857461024499,0.5,-0.5596558694933633,0.45874077245572664,0.6904269413054779,0.441456177920677,0.7166986296548253,0.21834874843460025
2021-01-24 05:50:00,0.37796373779637377,-0.3705179282868527,-0.33521965748324656,-0.2847705766827352,0.8494064990642708,0.00011135857461024499,0.5,-0.5596558694933633,0.45874077245572664,0.6904269413054779,0.441456177920677,0.7166986296548253,0.2584833350936222
2021-01-24 06:00:00,0.3270571827057183,-0.14741035856573714,-0.33194341027550267,-0.2747723620782002,0.8406512151391815,0.00011135857461024499,0.5,-0.5548475213484788,0.4680423094937734,0.7112969952534742,0.5217527718154449,0.7338426845398753,0.223056263862275
2021-01-24 06:10:00,0.3242677824267783,-0.2749003984063746,-0.3283693224125095,-0.2612033565434745,0.8380730523092225,0.00011135857461024499,0.5,-0.5548475213484788,0.4680423094937734,0.7112969952534742,0.5217527718154449,0.7338426845398753,0.20598397634171736
2021-01-24 06:20:00,0.3138075313807531,0.08366533864541825,-0.32628443782576333,-0.2497768255668631,0.8380730523092225,0.00011135857461024499,0.5,-0.5548475213484788,0.4680423094937734,0.7112969952534742,0.5217527718154449,0.7338426845398753,0.18828552891651706
2021-01-24 06:30:00,0.394700139470014,0.4183266932270917,-0.3244973938942667,-0.24406356007855734,0.8417374461792151,0.00011135857461024499,0.5,-0.5548475213484788,0.4680423094937734,0.7112969952534742,0.5217527718154449,0.7338426845398753,0.3219593524148649
2021-01-24 06:40:00,0.3702928870292887,0.21912350597609564,-0.4025316455696203,-0.29369755400821274,0.8624020101817801,0.00011135857461024499,0.5,-0.5548475213484788,0.4680423094937734,0.7112969952534742,0.5217527718154449,0.7338426845398753,0.2822774114700424
2021-01-24 06:50:00,0.299163179916318,0.22709163346613526,-0.4379746835443039,-0.3536868416354222,0.8717462145502611,0.00011135857461024499,0.5,-0.5548475213484788,0.4680423094937734,0.7112969952534742,0.5217527718154449,0.7338426845398753,0.18953030463056567
2021-01-24 07:00:00,0.36541143654114366,-0.05179282868525903,-0.4519731943410277,-0.3758257454026066,0.8717462145502611,0.00011135857461024499,0.5,-0.564739047095563,0.48916257431603277,0.7440152927687924,0.5299521543458964,0.7400925972689966,0.27547263756657664
2021-01-24 07:10:00,0.41492329149232915,-0.08366533864541836,-0.46358897989575587,-0.3761828244956258,0.8649016502859536,0.00011135857461024499,0.5,-0.564739047095563,0.48916257431603277,0.7440152927687924,0.5299521543458964,0.7400925972689966,0.33800564298323704
2021-01-24 07:20:00,0.45397489539748953,0.07569721115537842,-0.4719285182427403,-0.38296732726298865,0.8604258549161771,0.00011135857461024499,0.5,-0.564739047095563,0.48916257431603277,0.7440152927687924,0.5299521543458964,0.7400925972689966,0.43111486639407337
2021-01-24 07:30:00,0.5153417015341701,-0.29083665338645437,-0.47431124348473575,-0.3876093554722372,0.8604258549161771,0.00011135857461024499,0.5,-0.564739047095563,0.48916257431603277,0.7440152927687924,0.5299521543458964,0.7400925972689966,0.5542118683706263
2021-01-24 07:40:00,0.5195258019525802,0.10756972111553775,-0.47877885331347736,-0.383681485449027,0.851788355079766,0.00011135857461024499,0.5,-0.564739047095563,0.48916257431603277,0.7440152927687924,0.5299521543458964,0.7400925972689966,0.5898199978876534
2021-01-24 07:50:00,0.5097629009762901,0.01195219123505975,-0.48205510052122125,-0.38475272272808425,0.8604258549161771,0.00011135857461024499,0.5,-0.564739047095563,0.48916257431603277,0.7440152927687924,0.5299521543458964,0.7400925972689966,0.5640795449401753
2021-01-24 08:00:00,0.4860529986052998,0.003984063745019917,-0.4868205510052124,-0.38475272272808425,0.8604258549161771,0.00011135857461024499,0.5,-0.5839541288289765,0.5046766300677864,0.7853191600796241,0.47400969655924063,0.7605636017964686,0.49492282390572895
2021-01-24 08:10:00,0.5446304044630405,-0.1394422310756973,-0.4915860014892033,-0.384038564542046,0.8604258549161771,0.00011135857461024499,0.5,-0.5839541288289765,0.5046766300677864,0.7853191600796241,0.47400969655924063,0.7605636017964686,0.6644084674924937
2021-01-24 08:20:00,0.5139470013947002,-0.40239043824701204,-0.49456440804169777,-0.37832529905374035,0.8604258549161771,0.00011135857461024499,0.5,-0.5839541288289765,0.5046766300677864,0.7853191600796241,0.47400969655924063,0.7605636017964686,0.5661692593207297
2021-01-24 08:30:00,0.4818688981868898,-0.4422310756972112,-0.49813849590469106,-0.3776111408677022,0.8604258549161771,0.00011135857461024499,0.5,-0.5839541288289765,0.5046766300677864,0.7853191600796241,0.47400969655924063,0.7605636017964686,0.4647917075305159
2021-01-24 08:40:00,0.44979079497907953,-0.23505976095617542,-0.4999255398361877,-0.3822531690769505,0.8604258549161771,0.00011135857461024499,0.5,-0.5839541288289765,0.5046766300677864,0.7853191600796241,0.47400969655924063,0.7605636017964686,0.40434841649440983
2021-01-24 08:50:00,0.4107391910739191,0.1633466135458166,-0.5046909903201788,-0.3861810391001608,0.8604258549161771,0.00011135857461024499,0.5,-0.5839541288289765,0.5046766300677864,0.7853191600796241,0.47400969655924063,0.7605636017964686,0.32656125050922646
2021-01-24 09:00:00,0.3472803347280335,-0.13147410358565736,-0.5091586001489204,-0.3965363327977147,0.8713012524374762,0.00011135857461024499,0.5,-0.5995761489388882,0.529658886171831,0.8103593696678625,0.4275259158380794,0.7775312730500729,0.2116797682453943
2021-01-24 09:10:00,0.26429567642956764,-0.47410358565737054,-0.5139240506329115,-0.4111765756114979,0.8716807789454398,0.00011135857461024499,0.5,-0.5995761489388882,0.529658886171831,0.8103593696678625,0.4275259158380794,0.7775312730500729,0.11603572883504082
2021-01-24 09:20:00,0.2085076708507671,-0.42629482071713154,-0.5160089352196575,-0.418675236564899,0.8716807789454398,0.00011135857461024499,0.5,-0.5995761489388882,0.529658886171831,0.8103593696678625,0.4275259158380794,0.7775312730500729,0.07243840246239268
2021-01-24 09:30:00,0.1589958158995816,-0.05179282868525903,-0.5180938198064036,-0.42117479021603277,0.8716807789454398,0.00011135857461024499,0.5,-0.5995761489388882,0.529658886171831,0.8103593696678625,0.4275259158380794,0.7775312730500729,0.04746744722905382
2021-01-24 09:40:00,0.16527196652719667,-0.019920318725099695,-0.5160089352196575,-0.42331726477414755,0.8716807789454398,0.00011135857461024499,0.5,-0.5995761489388882,0.529658886171831,0.8103593696678625,0.4275259158380794,0.7775312730500729,0.04943645608582163
2021-01-24 09:50:00,0.2210599721059972,-0.4661354581673308,-0.5160089352196575,-0.4308159257275487,0.8716807789454398,0.00011135857461024499,0.5,-0.5995761489388882,0.529658886171831,0.8103593696678625,0.4275259158380794,0.7775312730500729,0.08167237503206241
2021-01-24 10:00:00,0.25523012552301255,-0.12350597609561753,-0.5160089352196575,-0.4351008748437779,0.8585413094973237,0.00011135857461024499,0.5,-0.5510264913583813,0.5529515210900936,0.7322578481139633,0.3766198767634894,0.8056512169460366,0.11110943464550296
2021-01-24 10:10:00,0.25732217573221755,0.6095617529880477,-0.5160089352196575,-0.4386716657739689,0.8579131276910392,0.00011135857461024499,0.5,-0.5510264913583813,0.5529515210900936,0.7322578481139633,0.3766198767634894,0.8056512169460366,0.11307089940703412
2021-01-24 10:20:00,0.30474198047419804,0.6334661354581672,-0.5160089352196575,-0.44581324763435104,0.8579131276910392,0.00011135857461024499,0.5,-0.5510264913583813,0.5529515210900936,0.7322578481139633,0.3766198767634894,0.8056512169460366,0.163472999683148
2021-01-24 10:30:00,0.31311018131101814,0.07569721115537842,-0.5136262099776621,-0.44581324763435104,0.8678593396238761,0.00011135857461024499,0.5,-0.5510264913583813,0.5529515210900936,0.7322578481139633,0.3766198767634894,0.8056512169460366,0.17664498996635333
2021-01-24 10:40:00,0.26638772663877264,0.08366533864541825,-0.5103499627699182,-0.4397429030530262,0.877399850806821,0.00011135857461024499,0.5,-0.5510264913583813,0.5529515210900936,0.7322578481139633,0.3766198767634894,0.8056512169460366,0.13989015797335427
2021-01-24 10:50:00,0.30404463040446306,0.5139442231075697,-0.5049888309754282,-0.44367077307623637,0.8861813089738388,0.00011135857461024499,0.5,-0.5510264913583813,0.5529515210900936,0.7322578481139633,0.3766198767634894,0.8056512169460366,0.1637973957783243
2021-01-24 11:00:00,0.32147838214783825,-0.03585657370517936,-0.49754281459419225,-0.4333154793786824,0.8993469526638835,0.00011135857461024499,0.5,-0.5391623638401815,0.5722298689394174,0.6651500965626145,0.3916665795298255,0.8039607335323534,0.18177497472728096
2021-01-24 11:10:00,0.3403068340306834,-0.17131474103585675,-0.4921816827997023,-0.42474558114622385,0.8993469526638835,0.00011135857461024499,0.5,-0.5391623638401815,0.5722298689394174,0.6651500965626145,0.3916665795298255,0.8039607335323534,0.22671515005205425
2021-01-24 11:20:00,0.3417015341701534,0.01195219123505975,-0.4844378257632168,-0.4176039992858417,0.8933661383832171,0.00011135857461024499,0.5,-0.5391623638401815,0.5722298689394174,0.6651500965626145,0.3916665795298255,0.8039607335323534,0.22338820405268797
2021-01-24 11:30:00,0.3361227336122734,-0.2509960159362551,-0.47877885331347736,-0.41653276200678446,0.9018596798890212,0.00011135857461024499,0.5,-0.5391623638401815,0.5722298689394174,0.6651500965626145,0.3916665795298255,0.8039607335323534,0.21222294310243373
2021-01-24 11:40:00,0.31241283124128316,0.19521912350597592,-0.4728220402084885,-0.4108194965184788,0.8882359869652275,0.00011135857461024499,0.5,-0.5391623638401815,0.5722298689394174,0.6651500965626145,0.3916665795298255,0.8039607335323534,0.18618072634548938
2021-01-24 11:50:00,0.29567642956764295,0.14741035856573692,-0.47043931496649305,-0.4158186038207463,0.8881443771184777,0.00011135857461024499,0.5,-0.5391623638401815,0.5722298689394174,0.6651500965626145,0.3916665795298255,0.8039607335323534,0.15992727492191863
2021-01-24 12:00:00,0.28521617852161785,0.2749003984063745,-0.4641846612062548,-0.41153365470451697,0.8921882974964338,0.00011135857461024499,0.5,-0.5193253804003238,0.5879738051246115,0.6141028465078625,0.441761549386756,0.7656710072714016,0.14556331759132127
2021-01-24 12:10:00,0.15829846582984658,-0.15537848605577698,-0.457632166790767,-0.4083199428673451,0.8845585059742708,0.00011135857461024499,0.5,-0.5193253804003238,0.5879738051246115,0.6141028465078625,0.441761549386756,0.7656710072714016,0.047542888181420405
2021-01-24 12:20:00,0.15760111576011157,0.027888446215139417,-0.4495904690990321,-0.4001071237279057,0.8576906466346468,0.00011135857461024499,0.5,-0.5193253804003238,0.5879738051246115,0.6141028465078625,0.441761549386756,0.7656710072714016,0.049293118276325126
2021-01-24 12:30:00,0.17852161785216178,0.24302788844621515,-0.44333581533879385,-0.39903588644884846,0.855321877740116,0.00011135857461024499,0.5,-0.5193253804003238,0.5879738051246115,0.6141028465078625,0.441761549386756,0.7656710072714016,0.06714244760625858
2021-01-24 12:40:00,0.16387726638772665,0.5537848605577689,-0.4370811615785556,-0.39903588644884846,0.8583188284409313,0.00011135857461024499,0.5,-0.5193253804003238,0.5879738051246115,0.6141028465078625,0.441761549386756,0.7656710072714016,0.05429485341822955
2021-01-24 12:50:00,0.16666666666666669,0.11553784860557759,-0.4338049143708117,-0.39617925370469553,0.8717593016712253,0.00011135857461024499,0.5,-0.5193253804003238,0.5879738051246115,0.6141028465078625,0.441761549386756,0.7656710072714016,0.05338956198983056
2021-01-24 13:00:00,0.15760111576011157,0.08366533864541825,-0.4296351451973195,-0.3954650955186574,0.8717593016712253,0.00011135857461024499,0.5,-0.43843336536341704,0.5873301399109793,0.5370805131457423,0.4934355962972091,0.7513011770385891,0.04811623941940643
2021-01-24 13:10:00,0.1596931659693166,0.01195219123505975,-0.4189128816083396,-0.38439564363506507,0.8717593016712253,0.00011135857461024499,0.5,-0.43843336536341704,0.5873301399109793,0.5370805131457423,0.4934355962972091,0.7513011770385891,0.0376374911356881
2021-01-24 13:20:00,0.16875871687587168,-0.07569721115537853,-0.37840655249441557,-0.2972683449384038,0.8717593016712253,0.00011135857461024499,0.5,-0.43843336536341704,0.5873301399109793,0.5370805131457423,0.4934355962972091,0.7513011770385891,0.03889735504021003
2021-01-24 13:30:00,0.17224546722454673,0.20318725099601576,-0.3516008935219658,-0.23620782003213703,0.8717593016712253,0.00011135857461024499,0.5,-0.43843336536341704,0.5873301399109793,0.5370805131457423,0.4934355962972091,0.7513011770385891,0.05111124522835976
2021-01-24 13:40:00,0.32217573221757323,-0.3227091633466136,-0.3331347728965004,-0.21335475807891446,0.8717593016712253,0.00011135857461024499,0.5,-0.43843336536341704,0.5873301399109793,0.5370805131457423,0.4934355962972091,0.7513011770385891,0.190118744059025
2021-01-24 13:50:00,0.34309623430962344,0.019920318725099362,-0.3358153387937455,-0.222281735404392,0.8627030139639581,0.00011135857461024499,0.5,-0.43843336536341704,0.5873301399109793,0.5370805131457423,0.4934355962972091,0.7513011770385891,0.22290538195754186
2021-01-24 14:00:00,0.32566248256624825,-0.01195219123505975,-0.3670886075949368,-0.28905552579896443,0.8717723887921895,0.00011135857461024499,0.5,-0.4254800927082476,0.5724683698891115,0.5188268881957229,0.5480480784900598,0.7506260858797755,0.20674592996061983
2021-01-24 14:10:00,0.33054393305439334,-0.17928286852589637,-0.37006701414743126,-0.3169076950544545,0.8645613851408829,0.00011135857461024499,0.5,-0.4254800927082476,0.5724683698891115,0.5188268881957229,0.5480480784900598,0.7506260858797755,0.20442989272296574
2021-01-24 14:20:00,0.33821478382147835,0.027888446215139417,-0.3679821295606851,-0.32404927691483665,0.8606483359725694,0.00011135857461024499,0.5,-0.4254800927082476,0.5724683698891115,0.5188268881957229,0.5480480784900598,0.7506260858797755,0.2126982211023432
2021-01-24 14:30:00,0.35146443514644354,-0.17131474103585675,-0.3593447505584514,-0.3211926441706838,0.8634228056169923,0.00011135857461024499,0.5,-0.4254800927082476,0.5724683698891115,0.5188268881957229,0.5480480784900598,0.7506260858797755,0.24129034204927802
2021-01-24 14:40:00,0.3647140864714087,0.07569721115537842,-0.3513030528667165,-0.315122299589359,0.8564473701430422,0.00011135857461024499,0.5,-0.4254800927082476,0.5724683698891115,0.5188268881957229,0.5480480784900598,0.7506260858797755,0.2588001870935619
2021-01-24 14:50:00,0.31520223152022314,0.15537848605577675,-0.34683544303797476,-0.31405106231030167,0.8591433170616796,0.00011135857461024499,0.5,-0.4254800927082476,0.5724683698891115,0.5188268881957229,0.5480480784900598,0.7506260858797755,0.20129154910451588
2021-01-24 15:00:00,0.32566248256624825,-0.07569721115537853,-0.3411764705882354,-0.3169076950544545,0.8559893209092932,0.00011135857461024499,0.5,-0.3971389719844055,0.5622415641064702,0.4930062644908914,0.5961386915538711,0.7456659775177834,0.2031021319613139
2021-01-24 15:10:00,0.35495118549511856,-0.08366533864541836,-0.33432613551749824,-0.3115515086591679,0.8508984308541965,0.00011135857461024499,0.5,-0.3971389719844055,0.5622415641064702,0.4930062644908914,0.5961386915538711,0.7456659775177834,0.2412224451921481
2021-01-24 15:20:00,0.3437935843793584,-0.17131474103585675,-0.32807148175726,-0.30440992679878587,0.8436350787190325,0.00011135857461024499,0.5,-0.3971389719844055,0.5622415641064702,0.4930062644908914,0.5961386915538711,0.7456659775177834,0.2285332770040889
2021-01-24 15:30:00,0.2789400278940028,-0.08366533864541836,-0.3215189873417723,-0.301196214961614,0.8465796809359909,0.00011135857461024499,0.5,-0.3971389719844055,0.5622415641064702,0.4930062644908914,0.5961386915538711,0.7456659775177834,0.16888966006306863
2021-01-24 15:40:00,0.301952580195258,0.019920318725099362,-0.31526433358153394,-0.2961971076593465,0.8473518210728822,0.00011135857461024499,0.5,-0.3971389719844055,0.5622415641064702,0.4930062644908914,0.5961386915538711,0.7456659775177834,0.16618887396834497
2021-01-24 15:50:00,0.3716875871687587,0.1633466135458166,-0.3102010424422935,-0.2922692376361363,0.8578215178442895,0.00011135857461024499,0.5,-0.3971389719844055,0.5622415641064702,0.4930062644908914,0.5961386915538711,0.7456659775177834,0.2746126107095976
2021-01-24 16:00:00,0.38284518828451886,-0.003984063745020028,-0.30752047654504844,-0.2833422603106588,0.8446035256703878,0.00011135857461024499,0.5,-0.3304795874089419,0.5655863244130156,0.45947762472581205,0.6082515427288805,0.7454593205769684,0.2929296739442039
2021-01-24 16:10:00,0.3493723849372385,-0.0916334661354582,-0.30752047654504844,-0.2765577575432959,0.8383871432123647,0.00011135857461024499,0.5,-0.3304795874089419,0.5655863244130156,0.45947762472581205,0.6082515427288805,0.7454593205769684,0.24483606681050743
2021-01-24 16:20:00,0.3242677824267783,-0.08366533864541836,-0.3087118391660463,-0.2847705766827352,0.8211906662653283,0.00011135857461024499,0.5,-0.3304795874089419,0.5655863244130156,0.45947762472581205,0.6082515427288805,0.7454593205769684,0.21639482776830574
2021-01-24 16:30:00,0.3270571827057183,0.20318725099601576,-0.3134772896500374,-0.29334047491519377,0.8254047192158197,0.00011135857461024499,0.5,-0.3304795874089419,0.5655863244130156,0.45947762472581205,0.6082515427288805,0.7454593205769684,0.2017215625330054
2021-01-24 16:40:00,0.32566248256624825,-0.10756972111553798,-0.3164556962025318,-0.3008391358685949,0.8303123895774169,0.00011135857461024499,0.5,-0.3304795874089419,0.5655863244130156,0.45947762472581205,0.6082515427288805,0.7454593205769684,0.19045822834467463
2021-01-24 16:50:00,0.32566248256624825,0.2111553784860556,-0.3176470588235296,-0.30512408498482413,0.8426535446467132,0.00011135857461024499,0.5,-0.3304795874089419,0.5655863244130156,0.45947762472581205,0.6082515427288805,0.7454593205769684,0.19598805015314516
2021-01-24 17:00:00,0.298465829846583,-0.1633466135458168,-0.31943410275502615,-0.31119442956614896,0.8346180523746581,0.00011135857461024499,0.5,-0.3267623855863958,0.5712787386460619,0.46253942492584865,0.6286561825614336,0.7444764912958848,0.1612852120645171
2021-01-24 17:10:00,0.34449093444909346,-0.09960159362549814,-0.31943410275502615,-0.3122656668452063,0.8317650600044497,0.00011135857461024499,0.5,-0.3267623855863958,0.5712787386460619,0.46253942492584865,0.6286561825614336,0.7444764912958848,0.20946180424581679
2021-01-24 17:20:00,0.4100418410041841,0.06772908366533859,-0.31943410275502615,-0.3019103731476521,0.8324063289316982,0.00011135857461024499,0.5,-0.3267623855863958,0.5712787386460619,0.46253942492584865,0.6286561825614336,0.7444764912958848,0.3131553932736847
2021-01-24 17:30:00,0.399581589958159,0.17928286852589648,-0.3206254653760239,-0.29655418675236567,0.8365418591564042,0.00011135857461024499,0.5,-0.3267623855863958,0.5712787386460619,0.46253942492584865,0.6286561825614336,0.7444764912958848,0.3293601098420266
2021-01-24 17:40:00,0.405160390516039,-0.043824701195219196,-0.3250930752047656,-0.2926263167291554,0.841030741647145,0.00011135857461024499,0.5,-0.3267623855863958,0.5712787386460619,0.46253942492584865,0.6286561825614336,0.7444764912958848,0.3222686603195679
2021-01-24 17:50:00,0.399581589958159,-0.10756972111553798,-0.3256887565152644,-0.2929833958221746,0.8611849079321041,0.00011135857461024499,0.5,-0.3267623855863958,0.5712787386460619,0.46253942492584865,0.6286561825614336,0.7444764912958848,0.3057395476560496
2021-01-24 18:00:00,0.3458856345885635,-0.1872509960159363,-0.3283693224125095,-0.2979825031244421,0.862192616246352,0.00011135857461024499,0.5,-0.3913402372005018,0.6025051220234073,0.5353619281428059,0.5826919681956059,0.7437015907752808,0.21893718786305957
2021-01-24 18:10:00,0.3842398884239888,-0.11553784860557781,-0.32628443782576333,-0.3040528477057667,0.8593265367551792,0.00011135857461024499,0.5,-0.3913402372005018,0.6025051220234073,0.5353619281428059,0.5826919681956059,0.7437015907752808,0.28474433061242965
2021-01-24 18:20:00,0.3493723849372385,-0.043824701195219196,-0.325390915860015,-0.3036957686127477,0.8518537906845872,0.00011135857461024499,0.5,-0.3913402372005018,0.6025051220234073,0.5353619281428059,0.5826919681956059,0.7437015907752808,0.23776724957375864
2021-01-24 18:30:00,0.29776847977684795,-0.298804780876494,-0.325390915860015,-0.3119085877521871,0.8481239612097735,0.00011135857461024499,0.5,-0.3913402372005018,0.6025051220234073,0.5353619281428059,0.5826919681956059,0.7437015907752808,0.17224678244338157
2021-01-24 18:40:00,0.3096234309623431,-0.4661354581673308,-0.325390915860015,-0.3136939832172826,0.8471947756213111,0.00011135857461024499,0.5,-0.3913402372005018,0.6025051220234073,0.5353619281428059,0.5826919681956059,0.7437015907752808,0.17113025634835616
2021-01-24 18:50:00,0.299860529986053,0.25099601593625476,-0.325390915860015,-0.3136939832172826,0.8342254387457304,0.00011135857461024499,0.5,-0.3913402372005018,0.6025051220234073,0.5353619281428059,0.5826919681956059,0.7437015907752808,0.1753700378713581
2021-01-24 19:00:00,0.2670850767085077,0.21912350597609564,-0.325390915860015,-0.318336011426531,0.8444333930978524,0.00011135857461024499,0.5,-0.39224203803386215,0.6311367300083042,0.5354113856510073,0.47336788940120555,0.7417759577145177,0.13436033616488374
2021-01-24 19:10:00,0.2391910739191074,-0.3784860557768924,-0.325390915860015,-0.3211926441706838,0.8457944536781353,0.00011135857461024499,0.5,-0.39224203803386215,0.6311367300083042,0.5354113856510073,0.47336788940120555,0.7417759577145177,0.10828039893175612
2021-01-24 19:20:00,0.25523012552301255,-0.06772908366533881,-0.325390915860015,-0.32226388144974105,0.8341469160199447,0.00011135857461024499,0.5,-0.39224203803386215,0.6311367300083042,0.5354113856510073,0.47336788940120555,0.7417759577145177,0.11783122350136549
2021-01-24 19:30:00,0.2712691771269177,-0.13147410358565736,-0.325390915860015,-0.3247634351008748,0.825417806336784,0.00011135857461024499,0.5,-0.39224203803386215,0.6311367300083042,0.5354113856510073,0.47336788940120555,0.7417759577145177,0.13096549330838753
2021-01-24 19:40:00,0.25592747559274753,0.03585657370517925,-0.325390915860015,-0.3294054633101231,0.8203792647655442,0.00011135857461024499,0.5,-0.39224203803386215,0.6311367300083042,0.5354113856510073,0.47336788940120555,0.7417759577145177,0.12197293178629087
2021-01-24 19:50:00,0.25732217573221755,0.3227091633466135,-0.3259865971705138,-0.33369041242635245,0.8203792647655442,0.00011135857461024499,0.5,-0.39224203803386215,0.6311367300083042,0.5354113856510073,0.47336788940120555,0.7417759577145177,0.11572642093033783
2021-01-24 20:00:00,0.2691771269177127,0.22709163346613526,-0.3283693224125095,-0.33333333333333326,0.8274332229652799,0.00011135857461024499,0.5,-0.4041194067285857,0.6435244118652784,0.5510894157508468,0.455104249176063,0.7587543136982371,0.12480951159527438
2021-01-24 20:10:00,0.299860529986053,-0.33864541832669326,-0.3283693224125095,-0.3344045706123906,0.834160003140909,0.00011135857461024499,0.5,-0.4041194067285857,0.6435244118652784,0.5510894157508468,0.455104249176063,0.7587543136982371,0.16154925539780013
2021-01-24 20:20:00,0.2580195258019526,-0.3944223107569722,-0.3283693224125095,-0.33333333333333326,0.8328120296815904,0.00011135857461024499,0.5,-0.4041194067285857,0.6435244118652784,0.5510894157508468,0.455104249176063,0.7587543136982371,0.11360653016883686
2021-01-24 20:30:00,0.19595536959553697,-0.08366533864541836,-0.3331347728965004,-0.33476164970540967,0.8203792647655442,0.00011135857461024499,0.5,-0.4041194067285857,0.6435244118652784,0.5510894157508468,0.455104249176063,0.7587543136982371,0.07524480589042956
2021-01-24 20:40:00,0.21827057182705717,0.2111553784860556,-0.3358153387937455,-0.3372612033565434,0.8203792647655442,0.00011135857461024499,0.5,-0.4041194067285857,0.6435244118652784,0.5510894157508468,0.455104249176063,0.7587543136982371,0.09255850445856029
2021-01-24 20:50:00,0.25592747559274753,0.2589641434262948,-0.3399851079672377,-0.3454740224959829,0.8203792647655442,0.00011135857461024499,0.5,-0.4041194067285857,0.6435244118652784,0.5510894157508468,0.455104249176063,0.7587543136982371,0.11206753474055858
2021-01-24 21:00:00,0.2175732217573222,-0.45019920318725104,-0.34683544303797476,-0.3454740224959829,0.8148695868395911,0.00011135857461024499,0.5,-0.4205974672330911,0.6596217892168846,0.5793212832016813,0.41661776174174775,0.7815635871606781,0.09114775864930519
2021-01-24 21:10:00,0.18549511854951187,0.47410358565737054,-0.3513030528667165,-0.3490448134261739,0.8064545680595726,0.00011135857461024499,0.5,-0.4205974672330911,0.6596217892168846,0.5793212832016813,0.41661776174174775,0.7815635871606781,0.07043167312944158
2021-01-24 21:20:00,0.1492329149232915,0.5219123505976095,-0.3548771407297098,-0.3490448134261739,0.8173037913389433,0.00011135857461024499,0.5,-0.4205974672330911,0.6596217892168846,0.5793212832016813,0.41661776174174775,0.7815635871606781,0.041386906468307255
2021-01-24 21:30:00,0.1317991631799163,0.43426294820717115,-0.35338793745346253,-0.3440457061239065,0.8313724463755218,0.00011135857461024499,0.5,-0.4205974672330911,0.6596217892168846,0.5793212832016813,0.41661776174174775,0.7815635871606781,0.025189733995201958
2021-01-24 21:40:00,0.1506276150627615,0.36254980079681287,-0.3173492181682801,-0.2740582038921622,0.8393817644056484,0.00011135857461024499,0.5,-0.4205974672330911,0.6596217892168846,0.5793212832016813,0.41661776174174775,0.7815635871606781,0.025906423042684493
2021-01-24 21:50:00,0.12691771269177127,0.5697211155378485,-0.29977661950856305,-0.21156936261381898,0.8525997565795501,0.00011135857461024499,0.5,-0.4205974672330911,0.6596217892168846,0.5793212832016813,0.41661776174174775,0.7815635871606781,0.011233157807384162
2021-01-24 22:00:00,0.2189679218967922,0.6494023904382469,-0.2863737900223382,-0.18443135154436707,0.9111907971365379,0.00011135857461024499,0.5,-0.5089035738835971,0.6654205231503955,0.6934040296709542,0.3688111838305492,0.8072485054605236,0.07394722150972434
2021-01-24 22:10:00,0.38702928870292885,0.2669322709163344,-0.28101265822784816,-0.18764506338153897,0.9262017248825432,0.00011135857461024499,0.5,-0.5089035738835971,0.6654205231503955,0.6934040296709542,0.3688111838305492,0.8072485054605236,0.27956908128008207
2021-01-24 22:20:00,0.4797768479776848,0.4581673306772909,-0.3298585256887566,-0.24084984824138556,0.9367761186216645,0.00011135857461024499,0.5,-0.5089035738835971,0.6654205231503955,0.6934040296709542,0.3688111838305492,0.8072485054605236,0.43772349382138603
2021-01-24 22:30:00,0.4170153417015342,0.13147410358565725,-0.3551749813849592,-0.28548473486877346,0.947311250997893,0.00011135857461024499,0.5,-0.5089035738835971,0.6654205231503955,0.6934040296709542,0.3688111838305492,0.8072485054605236,0.2992440816572869
2021-01-24 22:40:00,0.3451882845188285,0.019920318725099362,-0.36589724497393905,-0.30298161042670946,0.9479656070461059,0.00011135857461024499,0.5,-0.5089035738835971,0.6654205231503955,0.6934040296709542,0.3688111838305492,0.8072485054605236,0.20466375967530218
2021-01-24 22:50:00,0.3179916317991632,-0.3944223107569722,-0.37334326135517504,-0.3236921978218176,0.9460810616272527,0.00011135857461024499,0.5,-0.5089035738835971,0.6654205231503955,0.6934040296709542,0.3688111838305492,0.8072485054605236,0.16561552273035895
2021-01-24 23:00:00,0.2768479776847978,-0.1872509960159363,-0.3766195085629189,-0.33654704517050527,0.9341586944288127,0.00011135857461024499,0.5,-0.5603032196070806,0.6653946616016345,0.780254457611555,0.3239685814922322,0.8437799931363474,0.13998068711619416
2021-01-24 23:10:00,0.28661087866108786,-0.11553784860557781,-0.3790022338049145,-0.3504731297982504,0.9341586944288127,0.00011135857461024499,0.5,-0.5603032196070806,0.6653946616016345,0.780254457611555,0.3239685814922322,0.8437799931363474,0.14025981863995052
2021-01-24 23:20:00,0.2496513249651325,-0.33067729083665354,-0.3831720029784067,-0.35618639528655593,0.9341586944288127,0.00011135857461024499,0.5,-0.5603032196070806,0.6653946616016345,0.780254457611555,0.3239685814922322,0.8437799931363474,0.11657890369208021
2021-01-24 23:30:00,0.2691771269177127,-0.4661354581673308,-0.3861504095309011,-0.35761471165863234,0.9341586944288127,0.00011135857461024499,0.5,-0.5603032196070806,0.6653946616016345,0.780254457611555,0.3239685814922322,0.8437799931363474,0.1270501078805619
2021-01-24 23:40:00,0.1589958158995816,-0.36254980079681276,-0.3903201787043933,-0.36082842349580435,0.9244218764314038,0.00011135857461024499,0.5,-0.5603032196070806,0.6653946616016345,0.780254457611555,0.3239685814922322,0.8437799931363474,0.05360834075169365
2021-01-24 23:50:00,0.22733612273361226,0.3705179282868525,-0.394192107222636,-0.3676129262631672,0.9176427477719177,0.00011135857461024499,0.5,-0.5603032196070806,0.6653946616016345,0.780254457611555,0.3239685814922322,0.8437799931363474,0.09151741931590145
2021-01-25 00:00:00,0.29288702928870297,0.3067729083665336,-0.39687267311988095,-0.37511158721656845,0.930690607373284,0.00011135857461024499,0.5,-0.5746631254579797,0.664044114055178,0.8261403728360597,0.32185526484746285,0.8795398875228643,0.13974682016385775
2021-01-25 00:10:00,0.3807531380753138,0.06772908366533859,-0.40521221146686526,-0.3811819317978933,0.9377707398149482,0.00011135857461024499,0.5,-0.5746631254579797,0.664044114055178,0.8261403728360597,0.32185526484746285,0.8795398875228643,0.2482912624288969
2021-01-25 00:20:00,0.5278940027894004,-0.043824701195219196,-0.4105733432613553,-0.3743974290305303,0.9453481828532542,0.00011135857461024499,0.5,-0.5746631254579797,0.664044114055178,0.8261403728360597,0.32185526484746285,0.8795398875228643,0.48513058828854655
2021-01-25 00:30:00,0.5,0.4422310756972112,-0.41712583767684297,-0.3647562935190145,0.9453481828532542,0.00011135857461024499,0.5,-0.5746631254579797,0.664044114055178,0.8261403728360597,0.32185526484746285,0.8795398875228643,0.4395491648686573
2021-01-25 00:40:00,0.48465829846582986,0.36254980079681287,-0.42010424422933734,-0.36047134440278517,0.9453481828532542,0.00011135857461024499,0.5,-0.5746631254579797,0.664044114055178,0.8261403728360597,0.32185526484746285,0.8795398875228643,0.4172186429681488
2021-01-25 00:50:00,0.5474198047419805,0.40239043824701204,-0.41950856291883853,-0.35725763256561327,0.9453481828532542,0.00011135857461024499,0.5,-0.5746631254579797,0.664044114055178,0.8261403728360597,0.32185526484746285,0.8795398875228643,0.5337145616126259
2021-01-25 01:00:00,0.6345885634588563,0.3306772908366533,-0.4180193596425913,-0.3554722371005177,0.9453481828532542,0.00011135857461024499,0.5,-0.6366891989021497,0.65209320502174,0.8898923690488827,0.32755196109400914,0.905599451329272,0.701819635771082
2021-01-25 01:10:00,0.6854951185495118,0.2749003984063745,-0.4177215189873419,-0.3451169434029637,0.9453481828532542,0.00011135857461024499,0.5,-0.6366891989021497,0.65209320502174,0.8898923690488827,0.32755196109400914,0.905599451329272,0.870415076119921
2021-01-25 01:20:00,0.6994421199442119,0.20318725099601576,-0.4180193596425913,-0.33690412426352434,0.9453481828532542,0.00011135857461024499,0.5,-0.6366891989021497,0.65209320502174,0.8898923690488827,0.32755196109400914,0.905599451329272,0.944679149629585
2021-01-25 01:30:00,0.7315202231520224,0.22709163346613526,-0.42069992553983626,-0.3329762542403142,0.9453481828532542,0.00022271714922048998,0.5,-0.6366891989021497,0.65209320502174,0.8898923690488827,0.32755196109400914,0.905599451329272,0.9396887306305355
2021-01-25 01:40:00,0.691771269177127,-0.059760956175298974,-0.4209977661950858,-0.32726298875200854,0.953776288754237,0.00022271714922048998,0.5,-0.6366891989021497,0.65209320502174,0.8898923690488827,0.32755196109400914,0.905599451329272,0.9346983116314861
2021-01-25 01:50:00,0.7343096234309623,-0.29083665338645437,-0.4227848101265823,-0.3236921978218176,0.9551766106974127,0.00022271714922048998,0.5,-0.6366891989021497,0.65209320502174,0.8898923690488827,0.32755196109400914,0.905599451329272,0.8842773511172806
2021-01-25 02:00:00,0.6771269177126918,-0.36254980079681276,-0.42069992553983626,-0.3172647741474738,0.9551766106974127,0.00022271714922048998,0.5,-0.6400735702447751,0.6417830675819745,0.9115730188748874,0.32280125008455257,0.9184138841809062,0.8338563906030749
2021-01-25 02:10:00,0.6331938633193863,-0.33864541832669326,-0.4177215189873419,-0.3133369041242635,0.9551766106974127,0.00022271714922048998,0.5,-0.6400735702447751,0.6417830675819745,0.9115730188748874,0.32280125008455257,0.9184138841809062,0.7496718318572054
2021-01-25 02:20:00,0.6185495118549511,-0.33864541832669326,-0.4189128816083396,-0.31297982503124433,0.9551766106974127,0.00022271714922048998,0.5,-0.6400735702447751,0.6417830675819745,0.9115730188748874,0.32280125008455257,0.9184138841809062,0.6942000995820572
2021-01-25 02:30:00,0.5885634588563459,-0.31474103585657376,-0.4227848101265823,-0.31440814140332085,0.9551766106974127,0.00022271714922048998,0.5,-0.6400735702447751,0.6417830675819745,0.9115730188748874,0.32280125008455257,0.9184138841809062,0.6687614104440455
2021-01-25 02:40:00,0.5781032078103208,-0.20318725099601598,-0.4266567386448251,-0.318336011426531,0.9551766106974127,0.00022271714922048998,0.5,-0.6400735702447751,0.6417830675819745,0.9115730188748874,0.32280125008455257,0.9184138841809062,0.6253602305475505
2021-01-25 02:50:00,0.5767085076708507,-0.2509960159362551,-0.4266567386448251,-0.31905016961256916,0.9551766106974127,0.00022271714922048998,0.5,-0.6400735702447751,0.6417830675819745,0.9115730188748874,0.32280125008455257,0.9184138841809062,0.6256921707379635
2021-01-25 03:00:00,0.5613668061366807,-0.3545816733067729,-0.4254653760238273,-0.3172647741474738,0.9551766106974127,0.00022271714922048998,0.5,-0.6400644314982575,0.6327401460315456,0.902776937634209,0.3054878985224362,0.9295240961881008,0.5496024261810281
2021-01-25 03:10:00,0.5543933054393305,0.05976095617529875,-0.42486969471332847,-0.3236921978218176,0.9551766106974127,0.00022271714922048998,0.5,-0.6400644314982575,0.6327401460315456,0.902776937634209,0.3054878985224362,0.9295240961881008,0.5700092037961888
2021-01-25 03:20:00,0.5529986052998606,0.11553784860557759,-0.4254653760238273,-0.32404927691483665,0.9551766106974127,0.00022271714922048998,0.5,-0.6400644314982575,0.6327401460315456,0.902776937634209,0.3054878985224362,0.9295240961881008,0.5612429651311919
2021-01-25 03:30:00,0.5397489539748954,0.17928286852589648,-0.4221891288160835,-0.32726298875200854,0.9551766106974127,0.00022271714922048998,0.5,-0.6400644314982575,0.6327401460315456,0.902776937634209,0.3054878985224362,0.9295240961881008,0.526095025423601
2021-01-25 03:40:00,0.5125523012552301,0.10756972111553775,-0.4266567386448251,-0.33226209605427603,0.9551766106974127,0.00022271714922048998,0.5,-0.6400644314982575,0.6327401460315456,0.902776937634209,0.3054878985224362,0.9295240961881008,0.4537924166754681
2021-01-25 03:50:00,0.49581589958159,-0.019920318725099695,-0.4269545793000745,-0.33511872879842897,0.9551766106974127,0.00022271714922048998,0.5,-0.6400644314982575,0.6327401460315456,0.902776937634209,0.3054878985224362,0.9295240961881008,0.42308040496703225
2021-01-25 04:00:00,0.4895397489539749,-0.2589641434262948,-0.42755026061057344,-0.33833244063560075,0.9551766106974127,0.00022271714922048998,0.5,-0.6995316225644324,0.6304384681917334,0.9343097767221771,0.2686994561708388,0.9462868911039947,0.3937414185916683
2021-01-25 04:10:00,0.49302649930264997,-0.043824701195219196,-0.4296351451973195,-0.3444027852169256,0.9551766106974127,0.00022271714922048998,0.5,-0.6995316225644324,0.6304384681917334,0.9343097767221771,0.2686994561708388,0.9462868911039947,0.41162092430254843
2021-01-25 04:20:00,0.50278940027894,0.31474103585657365,-0.4296351451973195,-0.3454740224959829,0.9551766106974127,0.00022271714922048998,0.5,-0.6995316225644324,0.6304384681917334,0.9343097767221771,0.2686994561708388,0.9462868911039947,0.41773918553947825
2021-01-25 04:30:00,0.4546722454672245,-0.1633466135458168,-0.42814594192107225,-0.34475986430994454,0.9551766106974127,0.00022271714922048998,0.5,-0.6995316225644324,0.6304384681917334,0.9343097767221771,0.2686994561708388,0.9462868911039947,0.3333735685079288
2021-01-25 04:40:00,0.41492329149232915,-0.31474103585657376,-0.4263588979895757,-0.34618818068202095,0.9475729934171783,0.00022271714922048998,0.5,-0.6995316225644324,0.6304384681917334,0.9343097767221771,0.2686994561708388,0.9462868911039947,0.29277124794423404
2021-01-25 04:50:00,0.3842398884239888,-0.19521912350597614,-0.4215934475055846,-0.3472594179610783,0.9399824632579079,0.00022271714922048998,0.5,-0.6995316225644324,0.6304384681917334,0.9343097767221771,0.2686994561708388,0.9462868911039947,0.2781960559470103
2021-01-25 05:00:00,0.37377963737796377,0.2589641434262948,-0.42069992553983626,-0.3536868416354222,0.9328368952114225,0.00022271714922048998,0.5,-0.7145857062666787,0.6170393124276239,0.9427649815986366,0.2731550118304099,0.9692466838818735,0.25939617061725784
2021-01-25 05:10:00,0.394700139470014,0.1872509960159361,-0.4212956068503352,-0.35618639528655593,0.9413958723220479,0.00022271714922048998,0.5,-0.7145857062666787,0.6170393124276239,0.9427649815986366,0.2731550118304099,0.9692466838818735,0.2759856360426694
2021-01-25 05:20:00,0.3891213389121339,0.3784860557768923,-0.4269545793000745,-0.35725763256561327,0.9440525578777925,0.00022271714922048998,0.5,-0.7145857062666787,0.6170393124276239,0.9427649815986366,0.2731550118304099,0.9692466838818735,0.2556392111894021
2021-01-25 05:30:00,0.4100418410041841,0.06772908366533859,-0.4296351451973195,-0.359757186216747,0.9503736373035296,0.00022271714922048998,0.5,-0.7145857062666787,0.6170393124276239,0.9427649815986366,0.2731550118304099,0.9692466838818735,0.2754952698522866
2021-01-25 05:40:00,0.41492329149232915,-0.21912350597609564,-0.4296351451973195,-0.359757186216747,0.9552027849393412,0.00022271714922048998,0.5,-0.7145857062666787,0.6170393124276239,0.9427649815986366,0.2731550118304099,0.9692466838818735,0.2778565716613607
2021-01-25 05:50:00,0.3633193863319386,-0.21115537848605592,-0.43142218912881614,-0.3626138189608997,0.9552027849393412,0.00022271714922048998,0.5,-0.7145857062666787,0.6170393124276239,0.9427649815986366,0.2731550118304099,0.9692466838818735,0.21753398614904118
2021-01-25 06:00:00,0.22175732217573224,0.38645418326693215,-0.4382725241995533,-0.3790394572397786,0.9660127468558192,0.00022271714922048998,0.5,-0.7594894042237685,0.5985425580519949,0.9490136207245728,0.28271947542296694,0.9791675788911537,0.07124643541500068
2021-01-25 06:10:00,0.14365411436541145,0.38645418326693215,-0.4498883097542815,-0.38653811819317974,0.9836934472785333,0.00022271714922048998,0.5,-0.7594894042237685,0.5985425580519949,0.9490136207245728,0.28271947542296694,0.9791675788911537,0.0379090785642078
2021-01-25 06:20:00,0.15481171548117156,0.19521912350597592,-0.46358897989575587,-0.3954650955186574,0.9967413068798995,0.00022271714922048998,0.5,-0.7594894042237685,0.5985425580519949,0.9490136207245728,0.28271947542296694,0.9791675788911537,0.03519320427901082
2021-01-25 06:30:00,0.13737796373779637,0.49003984063745,-0.4677587490692481,-0.4029637564720586,0.9967413068798995,0.00022271714922048998,0.5,-0.7594894042237685,0.5985425580519949,0.9490136207245728,0.28271947542296694,0.9791675788911537,0.016476303996861657
2021-01-25 06:40:00,0.08716875871687588,0.4339564817652466,-0.4644825018615042,-0.3968934118907338,0.9967413068798995,0.5927616926503341,0.5,-0.7594894042237685,0.5985425580519949,0.9490136207245728,0.28271947542296694,0.9791675788911537,0.0
2021-01-25 06:50:00,0.04741980474198048,0.377873122893043,-0.45107967237527924,-0.36368505623995717,0.9967413068798995,0.9995545657015591,0.5,-0.7594894042237685,0.5985425580519949,0.9490136207245728,0.28271947542296694,0.9791675788911537,0.0
2021-01-25 07:00:00,0.06345885634588563,0.3217897640208396,-0.44750558451228606,-0.360114265309766,0.9967413068798995,0.9995545657015591,0.5,-0.7691854808665,0.6131457125862406,0.9564474646496121,0.2763019914953176,0.0,0.0
2021-01-25 07:10:00,0.11157601115760113,0.26570640514863597,-0.4463142218912882,-0.3676129262631672,0.9967413068798995,0.9995545657015591,0.5,-0.7691854808665,0.6131457125862406,0.9564474646496121,0.2763019914953176,0.0,0.0
2021-01-25 07:20:00,0.12761506276150628,0.20962304627643258,-0.4415487714072971,-0.3808248527048741,0.9967413068798995,0.9995545657015591,0.5,-0.7691854808665,0.6131457125862406,0.9564474646496121,0.2763019914953176,0.0,0.0
2021-01-25 07:30:00,0.12343096234309624,0.15353968740422919,-0.4367833209233061,-0.39475093733261923,0.9967413068798995,0.9995545657015591,0.5,-0.7691854808665,0.6131457125862406,0.9564474646496121,0.2763019914953176,0.0,0.0
2021-01-25 07:40:00,0.09832635983263598,0.09745632853202557,-0.4341027550260611,-0.40724870558828774,0.9967413068798995,0.9995545657015591,0.5,-0.7691854808665,0.6131457125862406,0.9564474646496121,0.2763019914953176,0.0,0.0
2021-01-25 07:50:00,0.07531380753138076,0.04137296965982218,-0.4329113924050634,-0.4158186038207463,0.9967413068798995,0.9995545657015591,0.5,-0.7691854808665,0.6131457125862406,0.9564474646496121,0.2763019914953176,0.0,0.0
2021-01-25 08:00:00,0.08507670850767085,-0.014710389212381325,-0.4266567386448251,-0.4204606320299946,0.9967413068798995,0.9995545657015591,0.5,-0.7805040519000754,0.6086113210366456,0.9642855920006667,0.31960018828949466,0.015419809202480898,0.0
2021-01-25 08:10:00,0.08298465829846582,-0.07079374808458483,-0.42874162323157117,-0.42760221389037667,0.9967413068798995,0.9995545657015591,0.5,-0.7805040519000754,0.6086113210366456,0.9642855920006667,0.31960018828949466,0.015419809202480898,0.0
2021-01-25 08:20:00,0.07391910739191074,-0.12687710695678822,-0.4266567386448251,-0.43260132119264416,0.9967413068798995,0.9995545657015591,0.5,-0.7805040519000754,0.6086113210366456,0.9642855920006667,0.31960018828949466,0.015419809202480898,0.0
2021-01-25 08:30:00,0.05299860529986053,-0.18296046582899173,-0.42755026061057344,-0.43795750758793073,0.9967413068798995,0.9995545657015591,0.5,-0.7805040519000754,0.6086113210366456,0.9642855920006667,0.31960018828949466,0.015419809202480898,0.0
2021-01-25 08:40:00,0.04741980474198048,-0.23904382470119523,-0.4296351451973195,-0.4383145866809498,0.9967413068798995,0.9995545657015591,0.5,-0.7805040519000754,0.6086113210366456,0.9642855920006667,0.31960018828949466,0.015419809202480898,0.0
2021-01-25 08:50:00,0.03138075313807531,-0.29512718357339873,-0.4329113924050634,-0.4418853776111408,0.9967413068798995,0.9995545657015591,0.5,-0.7805040519000754,0.6086113210366456,0.9642855920006667,0.31960018828949466,0.015419809202480898,0.0
2021-01-25 09:00:00,0.018131101813110184,-0.35121054244560224,-0.4388682055100521,-0.44581324763435104,0.9967413068798995,0.9995545657015591,0.5,-0.7852157094385575,0.6137002991319157,0.9624769689699789,0.3389509227265489,0.03941041612541447,0.0
2021-01-25 09:10:00,0.015341701534170154,-0.40729390131780574,-0.4445271779597916,-0.44902695947152294,0.9967413068798995,0.9995545657015591,0.5,-0.7852157094385575,0.6137002991319157,0.9624769689699789,0.3389509227265489,0.03941041612541447,0.0
2021-01-25 09:20:00,0.009065550906555092,-0.46337726019000924,-0.44333581533879385,-0.44902695947152294,0.9967413068798995,0.9995545657015591,0.5,-0.7852157094385575,0.6137002991319157,0.9624769689699789,0.3389509227265489,0.03941041612541447,0.0
2021-01-25 09:30:00,0.006276150627615063,-0.5194606190622127,-0.4379746835443039,-0.44902695947152294,0.9967413068798995,0.9995545657015591,0.5,-0.7852157094385575,0.6137002991319157,0.9624769689699789,0.3389509227265489,0.03941041612541447,0.0
2021-01-25 09:40:00,0.017433751743375175,-0.5755439779344163,-0.4296351451973195,-0.4483128012854848,0.9967413068798995,0.9995545657015591,0.5,-0.7852157094385575,0.6137002991319157,0.9624769689699789,0.3389509227265489,0.03941041612541447,0.0
2021-01-25 09:50:00,0.011157601115760111,-0.6316273368066198,-0.4186150409530902,-0.44545616854133185,0.9967413068798995,0.9995545657015591,0.5,-0.7852157094385575,0.6137002991319157,0.9624769689699789,0.3389509227265489,0.03941041612541447,0.0
2021-01-25 10:00:00,0.030683403068340307,-0.687710695678823,-0.4061057334326137,-0.4400999821460453,0.9967413068798995,0.9995545657015591,0.5,-0.6415952715992106,0.618361124919903,0.8941895924409652,0.28130088180179097,0.05540209763676424,0.0
2021-01-25 10:10:00,0.045327754532775454,-0.7437940545510267,-0.391511541325391,-0.4365291912158543,0.9967413068798995,0.9995545657015591,0.5,-0.6415952715992106,0.618361124919903,0.8941895924409652,0.28130088180179097,0.05540209763676424,0.0
2021-01-25 10:20:00,0.055788005578800565,-0.7440234563321164,-0.37781087118391665,-0.43117300482056775,0.9967413068798995,0.9995545657015591,0.5,-0.6415952715992106,0.618361124919903,0.8941895924409652,0.28130088180179097,0.05540209763676424,0.0
2021-01-25 10:30:00,0.0899581589958159,-0.7442528581132062,-0.3650037230081906,-0.43117300482056775,0.9967413068798995,0.9995545657015591,0.5,-0.6415952715992106,0.618361124919903,0.8941895924409652,0.28130088180179097,0.05540209763676424,0.0
2021-01-25 10:40:00,0.08716875871687588,-0.7444822598942961,-0.35755770662695463,-0.4308159257275487,0.9967413068798995,0.9995545657015591,0.5,-0.6415952715992106,0.618361124919903,0.8941895924409652,0.28130088180179097,0.05540209763676424,0.0
2021-01-25 10:50:00,0.100418410041841,-0.7447116616753856,-0.3521965748324647,-0.42760221389037667,0.9967413068798995,0.9995545657015591,0.5,-0.6415952715992106,0.618361124919903,0.8941895924409652,0.28130088180179097,0.05540209763676424,0.0
2021-01-25 11:00:00,0.12133891213389121,-0.7449410634564755,-0.3492181682799703,-0.42617389751830026,0.9967413068798995,0.9995545657015591,0.5,-0.5848416878931287,0.623082294321666,0.8211733172431573,0.21836214738066226,0.06427818515021798,0.0
2021-01-25 11:10:00,0.10739191073919108,-0.7451704652375652,-0.3453462397617276,-0.42296018568112836,0.9967413068798995,0.9995545657015591,0.5,-0.5848416878931287,0.623082294321666,0.8211733172431573,0.21836214738066226,0.06427818515021798,0.0
2021-01-25 11:20:00,0.13668061366806136,-0.745399867018655,-0.33849590469099045,-0.4204606320299946,0.9967413068798995,0.9995545657015591,0.5,-0.5848416878931287,0.623082294321666,0.8211733172431573,0.21836214738066226,0.06427818515021798,0.0
2021-01-25 11:30:00,0.11854951185495119,-0.7456292687997448,-0.3325390915860017,-0.4204606320299946,0.9967413068798995,0.9995545657015591,0.5,-0.5848416878931287,0.623082294321666,0.8211733172431573,0.21836214738066226,0.06427818515021798,0.0
2021-01-25 11:40:00,0.10669456066945607,-0.7458586705808345,-0.32747580044676106,-0.42010355293697543,0.9967413068798995,0.9995545657015591,0.5,-0.5848416878931287,0.623082294321666,0.8211733172431573,0.21836214738066226,0.06427818515021798,0.0
2021-01-25 11:50:00,0.10251046025104603,-0.7014049066890333,-0.32330603127326885,-0.41688984109980365,0.9967413068798995,0.9995545657015591,0.5,-0.5848416878931287,0.623082294321666,0.8211733172431573,0.21836214738066226,0.06427818515021798,0.0
2021-01-25 12:00:00,0.099721059972106,-0.6569511427972321,-0.31556217423678345,-0.4161756829137653,0.9967413068798995,0.9995545657015591,0.5,-0.5573585753961596,0.6206685497705523,0.7672626042776687,0.09809255785974298,0.024554367595436978,0.0
2021-01-25 12:10:00,0.059274755927475595,-0.6124973789054309,-0.3093075204765452,-0.4090341010533832,0.9967413068798995,0.9995545657015591,0.5,-0.5573585753961596,0.6206685497705523,0.7672626042776687,0.09809255785974298,0.024554367595436978,0.0
2021-01-25 12:20:00,0.058577405857740586,-0.5680436150136298,-0.30275502606105753,-0.40260667737903943,0.9967413068798995,0.9995545657015591,0.5,-0.5573585753961596,0.6206685497705523,0.7672626042776687,0.09809255785974298,0.024554367595436978,0.0
2021-01-25 12:30:00,0.09205020920502092,-0.5235898511218284,-0.29292628443782587,-0.39617925370469553,0.9967413068798995,0.9995545657015591,0.5,-0.5573585753961596,0.6206685497705523,0.7672626042776687,0.09809255785974298,0.024554367595436978,0.0
2021-01-25 12:40:00,0.09065550906555091,-0.4791360872300272,-0.28399106478034264,-0.38975183003035174,0.9967413068798995,0.9995545657015591,0.5,-0.5573585753961596,0.6206685497705523,0.7672626042776687,0.09809255785974298,0.024554367595436978,0.0
2021-01-25 12:50:00,0.12761506276150628,-0.4346823233382261,-0.27773641102010427,-0.3883235136582752,0.9967413068798995,0.9995545657015591,0.5,-0.5573585753961596,0.6206685497705523,0.7672626042776687,0.09809255785974298,0.024554367595436978,0.0
2021-01-25 13:00:00,0.08786610878661089,-0.39022855944642487,-0.27475800446761,-0.3883235136582752,0.9967413068798995,0.9995545657015591,0.5,-0.3795442833971989,0.6083354645165205,0.5455742695157743,0.10520784772746528,0.7477654502927914,0.0
2021-01-25 13:10:00,0.07043235704323571,-0.34577479555462376,-0.26939687267312007,-0.38296732726298865,0.9967413068798995,0.9995545657015591,0.5,-0.3795442833971989,0.6083354645165205,0.5455742695157743,0.10520784772746528,0.7477654502927914,0.0
2021-01-25 13:20:00,0.08716875871687588,-0.3013210316628224,-0.2622486969471334,-0.3729691126584538,0.9967413068798995,0.9995545657015591,0.5,-0.3795442833971989,0.6083354645165205,0.5455742695157743,0.10520784772746528,0.7477654502927914,0.0
2021-01-25 13:30:00,0.10808926080892609,-0.2568672677710212,-0.2551005212211468,-0.3647562935190145,0.9967413068798995,0.9995545657015591,0.5,-0.3795442833971989,0.6083354645165205,0.5455742695157743,0.10520784772746528,0.7477654502927914,0.0
2021-01-25 13:40:00,0.11854951185495119,-0.2124135038792201,-0.2515264333581535,-0.359757186216747,0.9967413068798995,0.9995545657015591,0.5,-0.3795442833971989,0.6083354645165205,0.5455742695157743,0.10520784772746528,0.7477654502927914,0.0
2021-01-25 13:50:00,0.22175732217573224,-0.16795973998741887,-0.25778108711839176,-0.359757186216747,0.9596262318252607,0.9995545657015591,0.5,-0.3795442833971989,0.6083354645165205,0.5455742695157743,0.10520784772746528,0.7477654502927914,0.0
2021-01-25 14:00:00,0.18688981868898188,-0.12350597609561753,-0.24973938942665685,-0.3451169434029637,0.8087709884702464,0.4702672605790646,0.5,-0.36528720512116686,0.5880054136842097,0.5056415165092333,0.2768658307010933,0.7305977365609662,0.012658991807112574
2021-01-25 14:10:00,0.22733612273361226,0.29083665338645415,-0.23842144452717806,-0.3119085877521871,0.8238080904581802,0.00011135857461024499,0.5,-0.36528720512116686,0.5880054136842097,0.5056415165092333,0.2768658307010933,0.7305977365609662,0.08674955112633342
2021-01-25 14:20:00,0.28172942817294283,0.1872509960159361,-0.22293373045420706,-0.2751294411712194,0.8555967072803653,0.00011135857461024499,0.5,-0.36528720512116686,0.5880054136842097,0.5056415165092333,0.2768658307010933,0.7305977365609662,0.10921586674110174
2021-01-25 14:30:00,0.3486750348675035,-0.059760956175298974,-0.21221146686522718,-0.2383502945902518,0.8486736202902724,0.00011135857461024499,0.5,-0.36528720512116686,0.5880054136842097,0.5056415165092333,0.2768658307010933,0.7305977365609662,0.25451514099913997
2021-01-25 14:40:00,0.3884239888423989,-0.10756972111553798,-0.20029784065524958,-0.2172826281021245,0.8516182225072306,0.00011135857461024499,0.5,-0.36528720512116686,0.5880054136842097,0.5056415165092333,0.2768658307010933,0.7305977365609662,0.2716176049006443
2021-01-25 14:50:00,0.3842398884239888,0.12350597609561742,-0.18689501116902474,-0.1933583288698446,0.8490531467982358,0.00011135857461024499,0.5,-0.36528720512116686,0.5880054136842097,0.5056415165092333,0.2768658307010933,0.7305977365609662,0.29756929251474873
2021-01-25 15:00:00,0.41352859135285913,0.17928286852589648,-0.18093819806403577,-0.17014818782360286,0.8637499836410988,0.00011135857461024499,0.5,-0.34858114289697606,0.573818917435568,0.4910264423933528,0.4353702657287783,0.7387743849465307,0.3699473422152481
2021-01-25 15:10:00,0.5167364016736402,-0.05179282868525903,-0.1702159344750559,-0.15300839135868594,0.875685437960503,0.000556792873051225,0.5,-0.34858114289697606,0.573818917435568,0.4910264423933528,0.4353702657287783,0.7387743849465307,0.564396396940115
2021-01-25 15:20:00,0.496513249651325,-0.08366533864541836,-0.20625465376023833,-0.16693447598643107,0.8628731465364935,0.00022271714922048998,0.5,-0.34858114289697606,0.573818917435568,0.4910264423933528,0.4353702657287783,0.7387743849465307,0.5512244066569096
2021-01-25 15:30:00,0.47280334728033474,0.08366533864541825,-0.2354430379746837,-0.201571148009284,0.8725576160500451,0.00033407572383073496,0.5,-0.34858114289697606,0.573818917435568,0.4910264423933528,0.4353702657287783,0.7387743849465307,0.47345987295743625
2021-01-25 15:40:00,0.4755927475592748,-0.05179282868525903,-0.2396128071481759,-0.20228530619532226,0.8743243773802202,0.00011135857461024499,0.5,-0.34858114289697606,0.573818917435568,0.4910264423933528,0.4353702657287783,0.7387743849465307,0.4685562110536084
2021-01-25 15:50:00,0.5278940027894004,-0.1633466135458168,-0.24199553239017135,-0.2065702553115515,0.8755545667508604,0.0010022271714922048,0.5,-0.34858114289697606,0.573818917435568,0.4910264423933528,0.4353702657287783,0.7387743849465307,0.5992274846477662
2021-01-25 16:00:00,0.6331938633193863,0.019920318725099362,-0.24139985107967243,-0.19657204070701662,0.8698093206475507,0.00044543429844097997,0.5,-0.2942479928944579,0.5723534296723934,0.43275459171749064,0.5585815994688446,0.7404605435620367,0.8542028154563424
2021-01-25 16:10:00,0.5244072524407252,-0.15537848605577698,-0.24199553239017135,-0.1937154079628638,0.8541963853371897,0.0010022271714922048,0.5,-0.2942479928944579,0.5723534296723934,0.43275459171749064,0.5585815994688446,0.7404605435620367,0.5981486790289241
2021-01-25 16:20:00,0.5278940027894004,0.07569721115537842,-0.24199553239017135,-0.1933583288698446,0.870228108518407,0.000779510022271715,0.5,-0.2942479928944579,0.5723534296723934,0.43275459171749064,0.5585815994688446,0.7404605435620367,0.5827360924604312
2021-01-25 16:30:00,0.4790794979079498,0.09960159362549792,-0.24199553239017135,-0.18657382610248163,0.8485820104435224,0.00011135857461024499,0.5,-0.2942479928944579,0.5723534296723934,0.43275459171749064,0.5585815994688446,0.7404605435620367,0.49705025876246667
2021-01-25 16:40:00,0.47629009762900976,-0.043824701195219196,-0.24199553239017135,-0.19657204070701662,0.8510685634267318,0.00022271714922048998,0.5,-0.2942479928944579,0.5723534296723934,0.43275459171749064,0.5585815994688446,0.7404605435620367,0.47041205848182627
2021-01-25 16:50:00,0.5195258019525802,-0.07569721115537853,-0.24199553239017135,-0.19657204070701662,0.8495373702739134,0.00033407572383073496,0.5,-0.2942479928944579,0.5723534296723934,0.43275459171749064,0.5585815994688446,0.7404605435620367,0.5969793442672421
2021-01-25 17:00:00,0.5188284518828452,-0.0916334661354582,-0.2431868950111692,-0.19585788252097835,0.8388975409299708,0.00044543429844097997,0.5,-0.28774187243577287,0.5746924630826408,0.41608982092197166,0.6320564495814549,0.7366858514322939,0.5885224135069481
2021-01-25 17:10:00,0.5794979079497908,0.10756972111553775,-0.24676098287416237,-0.19800035707909291,0.8371962152046172,0.000556792873051225,0.5,-0.28774187243577287,0.5746924630826408,0.41608982092197166,0.6320564495814549,0.7366858514322939,0.7580910421413161
2021-01-25 17:20:00,0.5634588563458857,-0.043824701195219196,-0.24973938942665685,-0.204784859846456,0.835874415987227,0.000556792873051225,0.5,-0.28774187243577287,0.5746924630826408,0.41608982092197166,0.6320564495814549,0.7366858514322939,0.7129245439594429
2021-01-25 17:30:00,0.5599721059972106,-0.17131474103585675,-0.2551005212211468,-0.2062131762185324,0.8299328630694532,0.00011135857461024499,0.5,-0.28774187243577287,0.5746924630826408,0.41608982092197166,0.6320564495814549,0.7366858514322939,0.6871690028214916
2021-01-25 17:40:00,0.5669456066945607,0.019920318725099362,-0.2583767684288907,-0.21014104624174257,0.8326942455929119,0.00111358574610245,0.5,-0.28774187243577287,0.5746924630826408,0.41608982092197166,0.6320564495814549,0.7366858514322939,0.7008162711046064
2021-01-25 17:50:00,0.599721059972106,-0.17131474103585675,-0.26135517498138505,-0.20549901803249415,0.8333486016411249,0.005345211581291759,0.5,-0.28774187243577287,0.5746924630826408,0.41608982092197166,0.6320564495814549,0.7366858514322939,0.8138343618449839
2021-01-25 18:00:00,0.6352859135285913,0.003984063745019917,-0.2679076693968728,-0.2062131762185324,0.8327727683186976,0.041536748329621384,0.5,-0.4173077519584101,0.5798417847916864,0.5099942844874497,0.6234784378950871,0.714319148149716,0.700891712056973
2021-01-25 18:10:00,0.6143654114365412,0.07569721115537842,-0.27356664184661206,-0.21192644170683805,0.8303516509403096,0.01982182628062361,0.5,-0.4173077519584101,0.5798417847916864,0.5099942844874497,0.6234784378950871,0.714319148149716,0.7959397679436305
2021-01-25 18:20:00,0.6436541143654114,-0.06772908366533881,-0.2792256142963515,-0.21692554900910554,0.8329167266493045,0.02026726057906459,0.5,-0.4173077519584101,0.5798417847916864,0.5099942844874497,0.6234784378950871,0.714319148149716,0.8445237412677098
2021-01-25 18:30:00,0.603905160390516,0.08366533864541825,-0.2825018615040954,-0.22049633993929663,0.824868147256285,0.004677060133630289,0.5,-0.4173077519584101,0.5798417847916864,0.5099942844874497,0.6234784378950871,0.714319148149716,0.8067806327987085
2021-01-25 18:40:00,0.6108786610878661,0.4262948207171313,-0.28786299329858545,-0.22478128905552575,0.824868147256285,0.0089086859688196,0.5,-0.4173077519584101,0.5798417847916864,0.5099942844874497,0.6234784378950871,0.714319148149716,0.8016657362282542
2021-01-25 18:50:00,0.6596931659693167,0.01195219123505975,-0.289650037230082,-0.22978039635779324,0.8313593592545576,0.005679287305122495,0.5,-0.4173077519584101,0.5798417847916864,0.5099942844874497,0.6234784378950871,0.714319148149716,0.9307527498227138
2021-01-25 19:00:00,0.5760111576011158,0.05179282868525892,-0.29292628443782587,-0.22442420996250667,0.8248943214982136,0.0010022271714922048,0.5,-0.4193424571821376,0.607706166829979,0.5274176573703038,0.5361978447869,0.7107398769328328,0.7447078171914843
2021-01-25 19:10:00,0.5690376569037657,0.2111553784860556,-0.2988830975428147,-0.2304945545438314,0.8248943214982136,0.0032293986636971047,0.5,-0.4193424571821376,0.607706166829979,0.5274176573703038,0.5361978447869,0.7107398769328328,0.6991188496763584
2021-01-25 19:20:00,0.5578800557880056,0.24302788844621515,-0.3030528667163068,-0.23370826638100328,0.8248943214982136,0.00033407572383073496,0.5,-0.4193424571821376,0.607706166829979,0.5274176573703038,0.5361978447869,0.7107398769328328,0.6773616790138359
2021-01-25 19:30:00,0.5571827057182706,0.1872509960159361,-0.3087118391660463,-0.2383502945902518,0.8313724463755218,0.00044543429844097997,0.5,-0.4193424571821376,0.607706166829979,0.5274176573703038,0.5361978447869,0.7107398769328328,0.6696138932057879
2021-01-25 19:40:00,0.5516039051603905,-0.01195219123505975,-0.3104988830975429,-0.24299232279950012,0.8361099841645836,0.001893095768374165,0.5,-0.4193424571821376,0.607706166829979,0.5274176573703038,0.5361978447869,0.7107398769328328,0.7011331231045461
2021-01-25 19:50:00,0.4435146443514645,0.22709163346613526,-0.31526433358153394,-0.24370648098553827,0.8369082985434034,0.00033407572383073496,0.5,-0.4193424571821376,0.607706166829979,0.5274176573703038,0.5361978447869,0.7107398769328328,0.47458394314769836
2021-01-25 20:00:00,0.4086471408647141,-0.20318725099601598,-0.31883842144452734,-0.24799143010176738,0.8474434309196319,0.00033407572383073496,0.5,-0.42621195955070723,0.6118440146318894,0.5406325767475906,0.47612719909940604,0.7252197347106389,0.41073826515985945
2021-01-25 20:10:00,0.4797768479776848,0.17131474103585642,-0.31943410275502615,-0.2554900910551686,0.8474434309196319,0.0022271714922049,0.5,-0.42621195955070723,0.6118440146318894,0.5406325767475906,0.47612719909940604,0.7252197347106389,0.5244277803762994
2021-01-25 20:20:00,0.44979079497907953,0.25099601593625476,-0.32390171258376776,-0.2626316729155508,0.8474434309196319,0.00033407572383073496,0.5,-0.42621195955070723,0.6118440146318894,0.5406325767475906,0.47612719909940604,0.7252197347106389,0.4521855243900599
2021-01-25 20:30:00,0.47489539748953974,0.2828685258964143,-0.325390915860015,-0.26620246384574175,0.8500608551124837,0.00033407572383073496,0.5,-0.42621195955070723,0.6118440146318894,0.5406325767475906,0.47612719909940604,0.7252197347106389,0.4747272809571948
2021-01-25 20:40:00,0.4421199442119944,-0.2749003984063746,-0.32747580044676106,-0.2672737011247991,0.8586852678279305,0.00033407572383073496,0.5,-0.42621195955070723,0.6118440146318894,0.5406325767475906,0.47612719909940604,0.7252197347106389,0.41884816753926707
2021-01-25 20:50:00,0.47489539748953974,0.20318725099601576,-0.3292628443782577,-0.27298696661310484,0.8586852678279305,0.00033407572383073496,0.5,-0.42621195955070723,0.6118440146318894,0.5406325767475906,0.47612719909940604,0.7252197347106389,0.4594504881029618
2021-01-25 21:00:00,0.3814504881450488,0.31474103585657365,-0.3331347728965004,-0.2815568648455633,0.8710133357762626,0.00033407572383073496,0.5,-0.44154797691832803,0.6205421155321599,0.5572107334966953,0.3969224639238365,0.7550999523254912,0.29403865594399264
2021-01-25 21:10:00,0.34239888423988846,0.05179282868525892,-0.3399851079672377,-0.29048384217104095,0.8849380324822342,0.00022271714922048998,0.5,-0.44154797691832803,0.6205421155321599,0.5572107334966953,0.3969224639238365,0.7550999523254912,0.22424068681443035
2021-01-25 21:20:00,0.3521617852161785,0.2111553784860556,-0.3477289650037231,-0.3036957686127477,0.8908403240371151,0.00022271714922048998,0.5,-0.44154797691832803,0.6205421155321599,0.5572107334966953,0.3969224639238365,0.7550999523254912,0.21149870995971456
2021-01-25 21:30:00,0.3277545327754533,0.2828685258964143,-0.3521965748324647,-0.31262274593822525,0.8908403240371151,0.00022271714922048998,0.5,-0.44154797691832803,0.6205421155321599,0.5572107334966953,0.3969224639238365,0.7550999523254912,0.18452102539342458
2021-01-25 21:40:00,0.29497907949790797,-0.5856573705179284,-0.3521965748324647,-0.3169076950544545,0.8908403240371151,0.00022271714922048998,0.5,-0.44154797691832803,0.6205421155321599,0.5572107334966953,0.3969224639238365,0.7550999523254912,0.18172216606062436
2021-01-25 21:50:00,0.28172942817294283,-0.4900398406374503,-0.3521965748324647,-0.3179789323335118,0.8908403240371151,0.00022271714922048998,0.5,-0.44154797691832803,0.6205421155321599,0.5572107334966953,0.3969224639238365,0.7550999523254912,0.16358616111169788
2021-01-25 22:00:00,0.2873082287308229,-0.4103585657370519,-0.3521965748324647,-0.325834672379932,0.8908403240371151,0.00022271714922048998,0.5,-0.5429151867622922,0.6183151488332141,0.6198123987944035,0.3349726314686213,0.8162466093018905,0.17581513949032093
2021-01-25 22:10:00,0.34797768479776847,0.19521912350597592,-0.3572598659717052,-0.33047670058918044,0.8827786575231316,0.00022271714922048998,0.5,-0.5429151867622922,0.6183151488332141,0.6198123987944035,0.3349726314686213,0.8162466093018905,0.24783107261946075
2021-01-25 22:20:00,0.398186889818689,0.2111553784860556,-0.35874906924795247,-0.32762006784502773,0.8987842064624203,0.00022271714922048998,0.5,-0.5429151867622922,0.6183151488332141,0.6198123987944035,0.3349726314686213,0.8162466093018905,0.2742354059477647
2021-01-25 22:30:00,0.21199442119944212,0.2749003984063745,-0.3611317944899479,-0.33333333333333326,0.9020821609454137,0.00022271714922048998,0.5,-0.5429151867622922,0.6183151488332141,0.6198123987944035,0.3349726314686213,0.8162466093018905,0.1155151862637114
2021-01-25 22:40:00,0.3242677824267783,0.2589641434262948,-0.3644080416976918,-0.3394036779146581,0.9111253615317166,0.00022271714922048998,0.5,-0.5429151867622922,0.6183151488332141,0.6198123987944035,0.3349726314686213,0.8162466093018905,0.1901941850113916
2021-01-25 22:50:00,0.3542538354253836,0.24302788844621515,-0.3715562174236785,-0.34154615247277276,0.9185850204813444,0.00022271714922048998,0.5,-0.5429151867622922,0.6183151488332141,0.6198123987944035,0.3349726314686213,0.8162466093018905,0.214357922054408
2021-01-25 23:00:00,0.20711297071129708,-0.043824701195219196,-0.37810871183916617,-0.3483306552401356,0.9271309104710056,0.00022271714922048998,0.5,-0.6200941024066589,0.6117779240072767,0.7093657429652719,0.32958936205056855,0.8930996255931576,0.09111758226835856
2021-01-25 23:10:00,0.28172942817294283,0.07569721115537842,-0.35845122859270295,-0.32262096054276024,0.9367368572587716,0.00022271714922048998,0.5,-0.6200941024066589,0.6117779240072767,0.7093657429652719,0.32958936205056855,0.8930996255931576,0.13149357997495362
2021-01-25 23:20:00,0.3186889818688982,-0.11553784860557781,-0.3325390915860017,-0.2640599892876272,0.9410294329350487,0.00022271714922048998,0.5,-0.6200941024066589,0.6117779240072767,0.7093657429652719,0.32958936205056855,0.8930996255931576,0.16382002806403428
2021-01-25 23:30:00,0.31520223152022314,0.08366533864541825,-0.37602382725242,-0.3115515086591679,0.9410294329350487,0.00022271714922048998,0.5,-0.6200941024066589,0.6117779240072767,0.7093657429652719,0.32958936205056855,0.8930996255931576,0.1505499645427524
2021-01-25 23:40:00,0.3521617852161785,-0.11553784860557781,-0.3912137006701416,-0.34475986430994454,0.9410294329350487,0.00022271714922048998,0.5,-0.6200941024066589,0.6117779240072767,0.7093657429652719,0.32958936205056855,0.8930996255931576,0.21595727024457956
2021-01-25 23:50:00,0.3772663877266388,-0.26693227091633476,-0.3938942665673866,-0.3458311015890019,0.9410294329350487,0.00022271714922048998,0.5,-0.6200941024066589,0.6117779240072767,0.7093657429652719,0.32958936205056855,0.8930996255931576,0.25981863995051074
2021-01-26 00:00:00,0.3758716875871687,0.07569721115537842,-0.39627699180938203,-0.34940189251919307,0.9410294329350487,0.00022271714922048998,0.5,-0.6337516922523776,0.597579933736965,0.7433728524186687,0.3676979887978846,0.9413675715575032,0.24126770976356807
2021-01-26 00:10:00,0.4421199442119944,0.2828685258964143,-0.4019359642591215,-0.3519014461703267,0.9463558911675021,0.00022271714922048998,0.5,-0.6337516922523776,0.597579933736965,0.7433728524186687,0.3676979887978846,0.9413675715575032,0.3318119407939406
2021-01-26 00:20:00,0.4916317991631799,-0.06772908366533881,-0.4028294862248698,-0.3490448134261739,0.9522189213594902,0.00022271714922048998,0.5,-0.6337516922523776,0.597579933736965,0.7433728524186687,0.3676979887978846,0.9413675715575032,0.420726647253195
2021-01-26 00:30:00,0.5871687587168759,0.1872509960159361,-0.40521221146686526,-0.3490448134261739,0.9588802659302981,0.00022271714922048998,0.5,-0.6337516922523776,0.597579933736965,0.7433728524186687,0.3676979887978846,0.9413675715575032,0.6288078820707033
2021-01-26 00:40:00,0.6359832635983264,-0.2270916334661356,-0.4058078927773642,-0.3472594179610783,0.9633822355420031,0.00022271714922048998,0.5,-0.6337516922523776,0.597579933736965,0.7433728524186687,0.3676979887978846,0.9413675715575032,0.7450397573818972
2021-01-26 00:50:00,0.6617852161785216,-0.1394422310756973,-0.4058078927773642,-0.34011783610069624,0.9633822355420031,0.00022271714922048998,0.5,-0.6337516922523776,0.597579933736965,0.7433728524186687,0.3676979887978846,0.9413675715575032,0.8039138766087782
2021-01-26 01:00:00,0.6603905160390516,-0.11553784860557781,-0.4058078927773642,-0.3344045706123906,0.9633822355420031,0.00022271714922048998,0.5,-0.6770838259862593,0.5862209668196332,0.7785992796704152,0.3715537680287868,0.9666906492434624,0.823060790319417
2021-01-26 01:10:00,0.6436541143654114,0.07569721115537842,-0.4058078927773642,-0.32833422603106577,0.9633822355420031,0.00022271714922048998,0.5,-0.6770838259862593,0.5862209668196332,0.7785992796704152,0.3715537680287868,0.9666906492434624,0.762685396140441
2021-01-26 01:20:00,0.6513249651324965,0.21912350597609564,-0.4072970960536114,-0.32547759328691306,0.9633822355420031,0.00022271714922048998,0.5,-0.6770838259862593,0.5862209668196332,0.7785992796704152,0.3715537680287868,0.9666906492434624,0.6711453445388295
2021-01-26 01:30:00,0.5578800557880056,0.06772908366533859,-0.4108711839166047,-0.32404927691483665,0.9633822355420031,0.00022271714922048998,0.5,-0.6770838259862593,0.5862209668196332,0.7785992796704152,0.3715537680287868,0.9666906492434624,0.5504775412284805
2021-01-26 01:40:00,0.5237099023709902,0.019920318725099362,-0.41623231571109465,-0.3247634351008748,0.9633822355420031,0.00022271714922048998,0.5,-0.6770838259862593,0.5862209668196332,0.7785992796704152,0.3715537680287868,0.9666906492434624,0.4773978906709718
2021-01-26 01:50:00,0.33403068340306835,0.22709163346613526,-0.42010424422933734,-0.33047670058918044,0.9677140725811729,0.00022271714922048998,0.5,-0.6770838259862593,0.5862209668196332,0.7785992796704152,0.3715537680287868,0.9666906492434624,0.25956214071246436
2021-01-26 02:00:00,0.26778242677824265,0.5298804780876492,-0.44274013402829504,-0.3522585252633458,0.9866773108583843,0.00022271714922048998,0.5,-0.6876186327701442,0.5764395543767818,0.8026371504257721,0.34027630558847227,0.9876461995571622,0.12061499464369238
2021-01-26 02:10:00,0.2907949790794979,-0.17131474103585675,-0.45137751303052875,-0.37189787537939656,0.9866773108583843,0.00022271714922048998,0.5,-0.6876186327701442,0.5764395543767818,0.8026371504257721,0.34027630558847227,0.9876461995571622,0.17960227529912337
2021-01-26 02:20:00,0.31450488145048816,0.027888446215139417,-0.44750558451228606,-0.3776111408677022,0.9866773108583843,0.00022271714922048998,0.5,-0.6876186327701442,0.5764395543767818,0.8026371504257721,0.34027630558847227,0.9876461995571622,0.22293555833848847
2021-01-26 02:30:00,0.37099023709902373,0.3227091633466135,-0.4492926284437827,-0.38011069451883595,0.9908521024459829,0.00022271714922048998,0.5,-0.6876186327701442,0.5764395543767818,0.8026371504257721,0.34027630558847227,0.9876461995571622,0.251180650904537
2021-01-26 02:40:00,0.3521617852161785,-0.21912350597609564,-0.4531645569620254,-0.3811819317978933,0.9942678410176545,0.00022271714922048998,0.5,-0.6876186327701442,0.5764395543767818,0.8026371504257721,0.34027630558847227,0.9876461995571622,0.2375937353833155
2021-01-26 02:50:00,0.2768479776847978,0.20318725099601576,-0.44750558451228606,-0.38439564363506507,0.9866773108583843,0.00022271714922048998,0.5,-0.6876186327701442,0.5764395543767818,0.8026371504257721,0.34027630558847227,0.9876461995571622,0.14856586749551126
2021-01-26 03:00:00,0.26569037656903766,0.3545816733067728,-0.4534623976172749,-0.39260846277450456,1.0,0.00022271714922048998,0.5,-0.6903393443382964,0.5545319490699905,0.8093126458917234,0.30568321619875943,0.015530475297089731,0.08673446293586011
2021-01-26 03:10:00,0.200836820083682,0.5219123505976095,-0.45495160089352205,-0.38975183003035174,0.9984526442527909,0.00022271714922048998,0.5,-0.6903393443382964,0.5545319490699905,0.8093126458917234,0.30568321619875943,0.015530475297089731,0.04881029618117899
2021-01-26 03:20:00,0.22036262203626222,0.20318725099601576,-0.40967982129560687,-0.3165506159614354,0.9969053408540656,0.00022271714922048998,0.5,-0.6903393443382964,0.5545319490699905,0.8093126458917234,0.30568321619875943,0.015530475297089731,0.04872731113357576
2021-01-26 03:30:00,0.24058577405857742,-0.2749003984063746,-0.38555472822040215,-0.2612033565434745,0.9953579589326145,0.00022271714922048998,0.5,-0.6903393443382964,0.5545319490699905,0.8093126458917234,0.30568321619875943,0.015530475297089731,0.05440047075154277
2021-01-26 03:40:00,0.2580195258019526,-0.45019920318725104,-0.37334326135517504,-0.2397786109623281,0.9938106424467682,0.00022271714922048998,0.5,-0.6903393443382964,0.5545319490699905,0.8093126458917234,0.30568321619875943,0.015530475297089731,0.05783303408422228
2021-01-26 03:50:00,0.200836820083682,-0.059760956175298974,-0.35904690990320187,-0.22263881449741119,0.992263286699559,0.00022271714922048998,0.5,-0.6903393443382964,0.5545319490699905,0.8093126458917234,0.30568321619875943,0.015530475297089731,0.02905985485160765
2021-01-26 04:00:00,0.19316596931659694,-0.26693227091633476,-0.348324646314222,-0.2001428316372077,0.9907159571265918,0.00022271714922048998,0.5,-0.7564602766371948,0.5557302008292937,0.8403041154860715,0.29782978933402665,0.051515215285067396,0.025499041899904942
2021-01-26 04:10:00,0.12482566248256625,0.07569721115537842,-0.33938942665673866,-0.18121763970719518,0.9891685752051407,0.00022271714922048998,0.5,-0.7564602766371948,0.5557302008292937,0.8403041154860715,0.29782978933402665,0.051515215285067396,0.0026932419994870013
2021-01-26 04:20:00,0.09274755927475593,0.006972111553784854,-0.3450483991064781,-0.17550437421888943,0.9876212848935363,0.7155902004454344,0.5,-0.7564602766371948,0.5557302008292937,0.8403041154860715,0.29782978933402665,0.051515215285067396,0.0
2021-01-26 04:30:00,0.15760111576011157,-0.06175298804780882,-0.36172747580044684,-0.204784859846456,0.9860738637107224,0.9964365256124722,0.5,-0.7564602766371948,0.5557302008292937,0.8403041154860715,0.29782978933402665,0.051515215285067396,0.0
2021-01-26 04:40:00,0.1094839609483961,-0.1304780876494025,-0.37334326135517504,-0.23406534547402247,0.984526573399118,0.9964365256124722,0.5,-0.7564602766371948,0.5557302008292937,0.8403041154860715,0.29782978933402665,0.051515215285067396,0.0
2021-01-26 04:50:00,0.0885634588563459,-0.19920318725099617,-0.3763216679076695,-0.2547759328691306,0.9829791522163039,0.9964365256124722,0.5,-0.7564602766371948,0.5557302008292937,0.8403041154860715,0.29782978933402665,0.051515215285067396,0.0
2021-01-26 05:00:00,0.08368200836820083,-0.26792828685258974,-0.38168279970215946,-0.26655954293876094,0.9814318619046997,0.9964365256124722,0.5,-0.7676831576570522,0.5322996376509687,0.8294743161453275,0.31574403838535003,0.06483587098734793,0.0
2021-01-26 05:10:00,0.0801952580195258,-0.3366533864541834,-0.3947877885331348,-0.28262810212462053,0.9798844930703695,0.9964365256124722,0.5,-0.7676831576570522,0.5322996376509687,0.8294743161453275,0.31574403838535003,0.06483587098734793,0.0
2021-01-26 05:20:00,0.08437935843793584,-0.405378486055777,-0.40967982129560687,-0.30298161042670946,0.9783371504102814,0.9964365256124722,0.5,-0.7676831576570522,0.5322996376509687,0.8294743161453275,0.31574403838535003,0.06483587098734793,0.0
2021-01-26 05:30:00,0.08716875871687588,-0.47410358565737054,-0.4230826507818318,-0.3186930905195501,0.9767898077501931,0.9964365256124722,0.5,-0.7676831576570522,0.5322996376509687,0.8294743161453275,0.31574403838535003,0.06483587098734793,0.0
2021-01-26 05:40:00,0.08507670850767085,-0.48636224333435496,-0.42725241995532404,-0.33190501696125685,0.9752424912643467,0.9964365256124722,0.5,-0.7676831576570522,0.5322996376509687,0.8294743161453275,0.31574403838535003,0.06483587098734793,0.0
2021-01-26 05:50:00,0.0808926080892608,-0.49862090101133927,-0.43529411764705894,-0.34475986430994454,0.9736951486042587,0.9964365256124722,0.5,-0.7676831576570522,0.5322996376509687,0.8294743161453275,0.31574403838535003,0.06483587098734793,0.0
2021-01-26 06:00:00,0.043235704323570434,-0.5108795586883237,-0.4388682055100521,-0.35440099982146045,0.9721477274214446,0.9964365256124722,0.5,-0.8215704435594017,0.5256905751895813,0.886433640641999,0.3171701810835363,0.06273391237036524,0.0
2021-01-26 06:10:00,0.017433751743375175,-0.523138216365308,-0.4418466120625466,-0.3633279771469381,0.9706004371098403,0.9964365256124722,0.5,-0.8215704435594017,0.5256905751895813,0.886433640641999,0.3171701810835363,0.06273391237036524,0.0
2021-01-26 06:20:00,0.0202231520223152,-0.5353968740422924,-0.44839910647803427,-0.37546866630958753,0.9690530159270263,0.9964365256124722,0.5,-0.8215704435594017,0.5256905751895813,0.886433640641999,0.3171701810835363,0.06273391237036524,0.0
2021-01-26 06:30:00,0.03347280334728033,-0.5476555317192768,-0.4534623976172749,-0.3822531690769505,0.9675057256154218,0.9964365256124722,0.5,-0.8215704435594017,0.5256905751895813,0.886433640641999,0.3171701810835363,0.06273391237036524,0.0
2021-01-26 06:40:00,0.03417015341701534,-0.5599141893962611,-0.45137751303052875,-0.3901089091233708,0.965958304432608,0.9964365256124722,0.5,-0.8215704435594017,0.5256905751895813,0.886433640641999,0.3171701810835363,0.06273391237036524,0.0
2021-01-26 06:50:00,0.055090655509065556,-0.5721728470732456,-0.44750558451228606,-0.39796464916979113,0.9644110141210035,0.9964365256124722,0.5,-0.8215704435594017,0.5256905751895813,0.886433640641999,0.3171701810835363,0.06273391237036524,0.0
2021-01-26 07:00:00,0.0808926080892608,-0.58443150475023,-0.44750558451228606,-0.40724870558828774,0.9628636452866733,0.9964365256124722,0.5,-0.8178878622437358,0.5347105086966658,0.8628282060480954,0.320946093791913,0.06650655380552117,0.0
2021-01-26 07:10:00,0.06764295676429567,-0.5966901624272143,-0.44750558451228606,-0.418675236564899,0.961316341887948,0.9964365256124722,0.5,-0.8178878622437358,0.5347105086966658,0.8628282060480954,0.320946093791913,0.06650655380552117,0.0
2021-01-26 07:20:00,0.056485355648535567,-0.6089488201041986,-0.4457185405807893,-0.4268880557043385,0.9597689599664969,0.9964365256124722,0.5,-0.8178878622437358,0.5347105086966658,0.8628282060480954,0.320946093791913,0.06650655380552117,0.0
2021-01-26 07:30:00,0.05369595536959554,-0.6212074777811831,-0.4486969471332838,-0.42974468844849134,0.9582216565677717,0.9964365256124722,0.5,-0.8178878622437358,0.5347105086966658,0.8628282060480954,0.320946093791913,0.06650655380552117,0.0
2021-01-26 07:40:00,0.07391910739191074,-0.6334661354581674,-0.45137751303052875,-0.43438671665773965,0.9566743008205625,0.9964365256124722,0.5,-0.8178878622437358,0.5347105086966658,0.8628282060480954,0.320946093791913,0.06650655380552117,0.0
2021-01-26 07:50:00,0.06485355648535565,0.41035856573705165,-0.4570364854802682,-0.44367077307623637,0.9551269581604743,0.9964365256124722,0.5,-0.8178878622437358,0.5347105086966658,0.8628282060480954,0.320946093791913,0.06650655380552117,0.0
2021-01-26 08:00:00,0.07182705718270573,0.4012837538733951,-0.46269545793000755,-0.4515265131226567,0.9535795893261442,0.9964365256124722,0.5,-0.8137248296741104,0.5294347527492278,0.8457498943955386,0.3307245081718331,0.06777867218226298,0.0
2021-01-26 08:10:00,0.09623430962343095,0.39220894200973877,-0.4653760238272525,-0.45831101589001966,0.9520322990145398,0.9964365256124722,0.5,-0.8137248296741104,0.5294347527492278,0.8457498943955386,0.3307245081718331,0.06777867218226298,0.0
2021-01-26 08:20:00,0.10251046025104603,0.38313413014608244,-0.4686522710349963,-0.46759507230851627,0.9504848778317259,0.9964365256124722,0.5,-0.8137248296741104,0.5294347527492278,0.8457498943955386,0.3307245081718331,0.06777867218226298,0.0
2021-01-26 08:30:00,0.10390516039051603,0.37405931828242567,-0.47431124348473575,-0.4783074450990894,0.9489374566489118,0.9964365256124722,0.5,-0.8137248296741104,0.5294347527492278,0.8457498943955386,0.3307245081718331,0.06777867218226298,0.0
2021-01-26 08:40:00,0.1094839609483961,0.3649845064187691,-0.47431124348473575,-0.48544902695947145,0.9473901663373074,0.9964365256124722,0.5,-0.8137248296741104,0.5294347527492278,0.8457498943955386,0.3307245081718331,0.06777867218226298,0.0
2021-01-26 08:50:00,0.13668061366806136,0.3559096945551128,-0.47431124348473575,-0.4958043206570255,0.9458427975029773,0.9964365256124722,0.5,-0.8137248296741104,0.5294347527492278,0.8457498943955386,0.3307245081718331,0.06777867218226298,0.0
2021-01-26 09:00:00,0.15202231520223153,0.34683488269145646,-0.480565897244974,-0.5061596143545795,0.9442954941042521,0.9964365256124722,0.5,-0.8110132568524757,0.5401701689908553,0.8406130346911448,0.3293660992280911,0.06578293065297466,0.0
2021-01-26 09:10:00,0.14016736401673638,0.3377600708277997,-0.483246463142219,-0.5133011962149616,0.942748112182801,0.9964365256124722,0.5,-0.8110132568524757,0.5401701689908553,0.8406130346911448,0.3293660992280911,0.06578293065297466,0.0
2021-01-26 09:20:00,0.1415620641562064,0.32868525896414313,-0.4793745346239763,-0.514729512587038,0.9412008087840756,0.9964365256124722,0.5,-0.8110132568524757,0.5401701689908553,0.8406130346911448,0.3293660992280911,0.06578293065297466,0.0
2021-01-26 09:30:00,0.14295676429567641,0.3196104471004868,-0.46984363365599413,-0.5186573826102481,0.9396534530368664,0.9964365256124722,0.5,-0.8110132568524757,0.5401701689908553,0.8406130346911448,0.3293660992280911,0.06578293065297466,0.0
2021-01-26 09:40:00,0.12343096234309624,0.3105356352368305,-0.4567386448250187,-0.5204427780753437,0.9381061103767783,0.9964365256124722,0.5,-0.8110132568524757,0.5401701689908553,0.8406130346911448,0.3293660992280911,0.06578293065297466,0.0
2021-01-26 09:50:00,0.12133891213389121,0.3014608233731737,-0.43916604616530164,-0.5204427780753437,0.9365587415424481,0.9964365256124722,0.5,-0.8110132568524757,0.5401701689908553,0.8406130346911448,0.3293660992280911,0.06578293065297466,0.0
2021-01-26 10:00:00,0.11785216178521618,0.2923860115095174,-0.4209977661950858,-0.5186573826102481,0.9350114512308437,0.9964365256124722,0.5,-0.6020536164254627,0.532509403546481,0.6455877498571122,0.25455518905601343,0.07285570875989462,0.0
2021-01-26 10:10:00,0.15341701534170155,0.2833111996458608,-0.41950856291883853,-0.5118728798428852,0.9334640300480298,0.9964365256124722,0.5,-0.6020536164254627,0.532509403546481,0.6455877498571122,0.25455518905601343,0.07285570875989462,0.0
2021-01-26 10:20:00,0.1394700139470014,0.2742363877822045,-0.40938198064035747,-0.507587930726656,0.9319167397364254,0.9964365256124722,0.5,-0.6020536164254627,0.532509403546481,0.6455877498571122,0.25455518905601343,0.07285570875989462,0.0
2021-01-26 10:30:00,0.12831241283124128,0.26516157591854794,-0.3938942665673866,-0.5018746652383503,0.9303693185536114,0.9964365256124722,0.5,-0.6020536164254627,0.532509403546481,0.6455877498571122,0.25455518905601343,0.07285570875989462,0.0
2021-01-26 10:40:00,0.14016736401673638,0.2560867640548916,-0.37036485480268055,-0.49973219068023567,0.9288220282420071,0.9964365256124722,0.5,-0.6020536164254627,0.532509403546481,0.6455877498571122,0.25455518905601343,0.07285570875989462,0.0
2021-01-26 10:50:00,0.11924686192468618,0.24701195219123484,-0.3593447505584514,-0.5004463488662738,0.927274646320556,0.9964365256124722,0.5,-0.6020536164254627,0.532509403546481,0.6455877498571122,0.25455518905601343,0.07285570875989462,0.0
2021-01-26 11:00:00,0.09762900976290097,0.2379371403275785,-0.37036485480268055,-0.4925906088198535,0.9257272643991049,0.9964365256124722,0.5,-0.5640743867284055,0.5444085894823971,0.5744318378524181,0.14897432235735983,0.09451610419920535,0.0
2021-01-26 11:10:00,0.08577405857740586,0.22886232846392196,-0.37006701414743126,-0.48544902695947145,0.9241799610003796,0.9964365256124722,0.5,-0.5640743867284055,0.5444085894823971,0.5744318378524181,0.14897432235735983,0.09451610419920535,0.0
2021-01-26 11:20:00,0.07182705718270573,0.21978751660026563,-0.3599404318689502,-0.4797357614711658,0.9226326052531704,0.9964365256124722,0.5,-0.5640743867284055,0.5444085894823971,0.5744318378524181,0.14897432235735983,0.09451610419920535,0.0
2021-01-26 11:30:00,0.07043235704323571,0.21071270473660908,-0.34355919583023087,-0.47259417961078376,0.9210852625930822,0.9964365256124722,0.5,-0.5640743867284055,0.5444085894823971,0.5744318378524181,0.14897432235735983,0.09451610419920535,0.0
2021-01-26 11:40:00,0.06555090655509065,0.20163789287295253,-0.3286671630677588,-0.4643813604713444,0.9195378937587521,0.9964365256124722,0.5,-0.5640743867284055,0.5444085894823971,0.5744318378524181,0.14897432235735983,0.09451610419920535,0.0
2021-01-26 11:50:00,0.07182705718270573,0.1925630810092962,-0.31466865227103513,-0.4575968577039814,0.9179906034471478,0.9964365256124722,0.5,-0.5640743867284055,0.5444085894823971,0.5744318378524181,0.14897432235735983,0.09451610419920535,0.0
2021-01-26 12:00:00,0.05439330543933055,0.18348826914563965,-0.3054355919583024,-0.449384038564542,0.9164431822643337,0.9964365256124722,0.5,-0.5447748216193393,0.5385581324513602,0.5643381944991331,0.014405524306283368,0.9255876059226928,0.0
2021-01-26 12:10:00,0.012552301255230125,0.1744134572819831,-0.3015636634400597,-0.4397429030530262,0.9148958919527292,0.9964365256124722,0.5,-0.5447748216193393,0.5385581324513602,0.5643381944991331,0.014405524306283368,0.9255876059226928,0.0
2021-01-26 12:20:00,0.03695955369595537,0.16533864541832655,-0.29530900967982143,-0.42938760935547216,0.9133484707699154,0.9964365256124722,0.5,-0.5447748216193393,0.5385581324513602,0.5643381944991331,0.014405524306283368,0.9255876059226928,0.0
2021-01-26 12:30:00,0.05299860529986053,0.15626383355467022,-0.28041697691734935,-0.4190323156579182,0.9118011804583109,0.9964365256124722,0.5,-0.5447748216193393,0.5385581324513602,0.5643381944991331,0.014405524306283368,0.9255876059226928,0.0
2021-01-26 12:40:00,0.06415620641562064,0.14718902169101367,-0.27326880119136276,-0.41010533833244067,0.9102538116239808,0.9964365256124722,0.5,-0.5447748216193393,0.5385581324513602,0.5643381944991331,0.014405524306283368,0.9255876059226928,0.0
2021-01-26 12:50:00,0.08716875871687588,0.13811420982735712,-0.2711839166046166,-0.4033208355650776,0.9087064689638927,0.9964365256124722,0.5,-0.5447748216193393,0.5385581324513602,0.5643381944991331,0.014405524306283368,0.9255876059226928,0.0
2021-01-26 13:00:00,0.11366806136680613,0.12903939796370079,-0.2714817572598661,-0.39903588644884846,0.9071591132166834,0.9964365256124722,0.5,-0.34371579432217025,0.5248170295425086,0.3990416910308302,0.179119441327755,0.7130386713863657,0.0
2021-01-26 13:10:00,0.11645746164574616,0.11996458610004423,-0.2714817572598661,-0.39582217461167646,0.9056118098179583,0.9964365256124722,0.5,-0.34371579432217025,0.5248170295425086,0.3990416910308302,0.179119441327755,0.7130386713863657,0.0
2021-01-26 13:20:00,0.14574616457461645,0.11088977423638768,-0.26492926284437834,-0.39760757007677205,0.904064427896507,0.9964365256124722,0.5,-0.34371579432217025,0.5248170295425086,0.3990416910308302,0.179119441327755,0.7130386713863657,0.0
2021-01-26 13:30:00,0.17503486750348674,0.10181496237273113,-0.2643335815338794,-0.39903588644884846,0.9025171114106607,0.9964365256124722,0.5,-0.34371579432217025,0.5248170295425086,0.3990416910308302,0.179119441327755,0.7130386713863657,0.0
2021-01-26 13:40:00,0.17852161785216178,0.0927401505090748,-0.25688756515264344,-0.3965363327977147,0.9009697556634516,0.9397550111358575,0.5,-0.34371579432217025,0.5248170295425086,0.3990416910308302,0.179119441327755,0.7130386713863657,0.0
2021-01-26 13:50:00,0.18619246861924685,0.08366533864541825,-0.2559940431868951,-0.3693983217282628,0.8274201358443156,0.7319599109131404,0.5,-0.34371579432217025,0.5248170295425086,0.3990416910308302,0.179119441327755,0.7130386713863657,0.0
2021-01-26 14:00:00,0.20781032078103207,-0.14741035856573714,-0.25003723008190626,-0.3386895197286198,0.8489484498305219,0.005233853006681514,0.5,-0.33012537759866434,0.5025847181234868,0.37016573464626534,0.37101040625945214,0.7313946848270971,0.06576942227318679
2021-01-26 14:10:00,0.29497907949790797,0.08366533864541825,-0.23484735666418477,-0.29691126584538485,0.8418028817840363,0.00011135857461024499,0.5,-0.33012537759866434,0.5025847181234868,0.37016573464626534,0.37101040625945214,0.7313946848270971,0.13936961540202483
2021-01-26 14:20:00,0.2831241283124128,-0.17928286852589637,-0.22263588979895765,-0.2626316729155508,0.8438837340173536,0.00011135857461024499,0.5,-0.33012537759866434,0.5025847181234868,0.37016573464626534,0.37101040625945214,0.7313946848270971,0.1342924393077538
2021-01-26 14:30:00,0.37447698744769875,0.17131474103585642,-0.21399851079672383,-0.2365648991251561,0.8397220295507191,0.00011135857461024499,0.5,-0.33012537759866434,0.5025847181234868,0.37016573464626534,0.37101040625945214,0.7313946848270971,0.25931318556965466
2021-01-26 14:40:00,0.41631799163179917,0.19521912350597592,-0.20029784065524958,-0.2172826281021245,0.8445119158236379,0.00022271714922048998,0.5,-0.33012537759866434,0.5025847181234868,0.37016573464626534,0.37101040625945214,0.7313946848270971,0.3885133605926641
2021-01-26 14:50:00,0.45676429567642957,-0.05179282868525903,-0.18600148920327642,-0.19407248705588287,0.8543926921516536,0.00011135857461024499,0.5,-0.33012537759866434,0.5025847181234868,0.37016573464626534,0.37101040625945214,0.7313946848270971,0.41404257887351575
2021-01-26 15:00:00,0.5160390516039052,-0.0916334661354582,-0.17557706626954583,-0.17550437421888943,0.8497467642093415,0.0006681514476614699,0.5,-0.3202480936207881,0.4825678793817363,0.3668429509798737,0.5388782101252757,0.7366749969224506,0.6012342139807173
2021-01-26 15:10:00,0.6408647140864714,-0.03585657370517936,-0.18361876396128085,-0.16372076414925896,0.8418814045098219,0.0020044543429844097,0.5,-0.3202480936207881,0.4825678793817363,0.3668429509798737,0.5388782101252757,0.7366749969224506,0.8791888588801546
2021-01-26 15:20:00,0.5655509065550907,0.08366533864541825,-0.2276991809381982,-0.19478664524192102,0.8435827302351756,0.007683741648106904,0.5,-0.3202480936207881,0.4825678793817363,0.3668429509798737,0.5388782101252757,0.7366749969224506,0.6543672767325015
2021-01-26 15:30:00,0.6241283124128312,0.13147410358565725,-0.23842144452717806,-0.1997857525441885,0.8405203439295389,0.0010022271714922048,0.5,-0.3202480936207881,0.4825678793817363,0.3668429509798737,0.5388782101252757,0.7366749969224506,0.8502119890761501
2021-01-26 15:40:00,0.6157601115760112,0.003984063745019917,-0.24139985107967243,-0.20728441349758975,0.8490531467982358,0.00757238307349666,0.5,-0.3202480936207881,0.4825678793817363,0.3668429509798737,0.5388782101252757,0.7366749969224506,0.8477224376480529
2021-01-26 15:50:00,0.6331938633193863,-0.17131474103585675,-0.24199553239017135,-0.2126405998928762,0.8564342830220779,0.008797327394209355,0.5,-0.3202480936207881,0.4825678793817363,0.3668429509798737,0.5388782101252757,0.7366749969224506,0.8786230517374052
2021-01-26 16:00:00,0.7112970711297071,0.05976095617529875,-0.24199553239017135,-0.20978396714872327,0.8561201921189356,0.038418708240534526,0.5,-0.28333659637725417,0.4794616200248849,0.3383561871406167,0.660009822873471,0.735865922326812,0.9048010622086092
2021-01-26 16:10:00,0.6443514644351465,0.09960159362549792,-0.2402084884586747,-0.20335654347437948,0.854471214877439,0.026391982182628063,0.5,-0.28333659637725417,0.4794616200248849,0.3383561871406167,0.660009822873471,0.735865922326812,0.8042910813706111
2021-01-26 16:20:00,0.710599721059972,0.07569721115537842,-0.23901712583767698,-0.1997857525441885,0.8572980330057192,0.08173719376391982,0.5,-0.28333659637725417,0.4794616200248849,0.3383561871406167,0.660009822873471,0.735865922326812,0.6487997344478477
2021-01-26 16:30:00,0.7126917712691772,0.01195219123505975,-0.23782576321667914,-0.20264238528834144,0.8571279004331838,0.04420935412026726,0.5,-0.28333659637725417,0.4794616200248849,0.3383561871406167,0.660009822873471,0.735865922326812,0.8913725726873576
2021-01-26 16:40:00,0.7677824267782427,0.06772908366533859,-0.23306031273268812,-0.19728619889305476,0.8607006844564266,0.05077951002227171,0.5,-0.28333659637725417,0.4794616200248849,0.3383561871406167,0.660009822873471,0.735865922326812,0.9733014469574665
2021-01-26 16:50:00,0.7384937238493724,-0.02788844621513953,-0.23454951600893525,-0.19300124977682553,0.8652942639148814,0.02149220489977728,0.5,-0.28333659637725417,0.4794616200248849,0.3383561871406167,0.660009822873471,0.735865922326812,0.9772809571948036
2021-01-26 17:00:00,0.6994421199442119,0.027888446215139417,-0.23693224125093093,-0.1937154079628638,0.8641425972700266,0.01737193763919822,0.5,-0.2900870282163802,0.48701893927421125,0.34572243913778067,0.7230518485578841,0.7338239437477736,0.9812604674321409
2021-01-26 17:10:00,0.6576011157601116,0.06772908366533859,-0.23931496649292638,-0.18728798428852,0.8568007224090772,0.031069042316258354,0.5,-0.2900870282163802,0.48701893927421125,0.34572243913778067,0.7230518485578841,0.7338239437477736,0.8122350136548124
2021-01-26 17:20:00,0.6108786610878661,0.09163346613545809,-0.2440804169769174,-0.1933583288698446,0.8497336770883772,0.022160356347438754,0.5,-0.2900870282163802,0.48701893927421125,0.34572243913778067,0.7230518485578841,0.7338239437477736,0.7514371501425834
2021-01-26 17:30:00,0.5801952580195259,0.11553784860557759,-0.2509307520476546,-0.20192822710230307,0.8482940937823089,0.0013363028953229399,0.5,-0.2900870282163802,0.48701893927421125,0.34572243913778067,0.7230518485578841,0.7338239437477736,0.7643073766163224
2021-01-26 17:40:00,0.5836820083682008,-0.043824701195219196,-0.25778108711839176,-0.2051419389394752,0.8535812906518695,0.005345211581291759,0.5,-0.2900870282163802,0.48701893927421125,0.34572243913778067,0.7230518485578841,0.7338239437477736,0.7366054589073132
2021-01-26 17:50:00,0.5481171548117155,-0.043824701195219196,-0.26135517498138505,-0.20906980896268523,0.8495766316368062,0.004788418708240535,0.5,-0.2900870282163802,0.48701893927421125,0.34572243913778067,0.7230518485578841,0.7338239437477736,0.646430888543537
2021-01-26 18:00:00,0.5181311018131102,0.03585657370517925,-0.2673119880863739,-0.2112122835207998,0.8429283741869626,0.027060133630289536,0.5,-0.40128062522367425,0.5006192404175795,0.42371807089847935,0.6979767529932638,0.7285197179971167,0.5270606696138932
2021-01-26 18:10:00,0.5230125523012552,-0.12350597609561753,-0.2699925539836189,-0.2144259953579718,0.8440407794689246,0.009242761692650333,0.5,-0.40128062522367425,0.5006192404175795,0.42371807089847935,0.6979767529932638,0.7285197179971167,0.6133500309307904
2021-01-26 18:20:00,0.5383542538354253,-0.10756972111553798,-0.27326880119136276,-0.22156757721835385,0.8504403816204473,0.00757238307349666,0.5,-0.40128062522367425,0.5006192404175795,0.42371807089847935,0.6979767529932638,0.7285197179971167,0.6617454018739533
2021-01-26 18:30:00,0.5160390516039052,0.1633466135458166,-0.27475800446761,-0.2240671308694876,0.8452578817186007,0.005345211581291759,0.5,-0.40128062522367425,0.5006192404175795,0.42371807089847935,0.6979767529932638,0.7285197179971167,0.6172201517871961
2021-01-26 18:40:00,0.49442119944211993,0.01195219123505975,-0.2786299329858527,-0.22906623817175498,0.8452578817186007,0.004899777282850779,0.5,-0.40128062522367425,0.5006192404175795,0.42371807089847935,0.6979767529932638,0.7285197179971167,0.5866514778882569
2021-01-26 18:50:00,0.5920502092050209,-0.17131474103585675,-0.2819061801935965,-0.23120871272986965,0.8452578817186007,0.005345211581291759,0.5,-0.40128062522367425,0.5006192404175795,0.42371807089847935,0.6979767529932638,0.7285197179971167,0.8359611931741026
2021-01-26 19:00:00,0.5955369595536959,0.24302788844621515,-0.28369322412509324,-0.23299410819496513,0.8452578817186007,0.004008908685968819,0.5,-0.40906006657943716,0.5254865563049019,0.4435046249744945,0.6520273745979435,0.7224284653963479,0.8213331925102223
2021-01-26 19:10:00,0.6185495118549511,0.2669322709163344,-0.28428890543559204,-0.23870737368327077,0.8476789990969886,0.00044543429844097997,0.5,-0.40906006657943716,0.5254865563049019,0.4435046249744945,0.6520273745979435,0.7224284653963479,0.849661270123874
2021-01-26 19:20:00,0.5285913528591353,-0.29083665338645437,-0.2893521965748326,-0.23585074093911806,0.8551910065304734,0.00033407572383073496,0.5,-0.40906006657943716,0.5254865563049019,0.4435046249744945,0.6520273745979435,0.7224284653963479,0.6532884711136594
2021-01-26 19:30:00,0.5620641562064157,-0.26693227091633476,-0.29262844378257635,-0.23120871272986965,0.8551910065304734,0.00011135857461024499,0.5,-0.40906006657943716,0.5254865563049019,0.4435046249744945,0.6520273745979435,0.7224284653963479,0.692811986058512
2021-01-26 19:40:00,0.5934449093444909,-0.14741035856573714,-0.29262844378257635,-0.23442242456704165,0.8551910065304734,0.001893095768374165,0.5,-0.40906006657943716,0.5254865563049019,0.4435046249744945,0.6520273745979435,0.7224284653963479,0.8059206059417294
2021-01-26 19:50:00,0.6080892608089261,-0.10756972111553798,-0.2935219657483248,-0.24120692733440452,0.8551910065304734,0.0012249443207126948,0.5,-0.40906006657943716,0.5254865563049019,0.4435046249744945,0.6520273745979435,0.7224284653963479,0.8249619023190549
2021-01-26 20:00:00,0.6624825662482566,0.11553784860557759,-0.2938198064035742,-0.24192108552044278,0.8551910065304734,0.0021158129175946547,0.5,-0.40439420283281136,0.5422017373213752,0.43867617721867974,0.655193023537134,0.7323833652566786,0.9620456568643723
2021-01-26 20:10:00,0.6429567642956765,-0.09960159362549814,-0.2970960536113181,-0.24227816461346185,0.8621533548834592,0.0026726057906458797,0.5,-0.40439420283281136,0.5422017373213752,0.43867617721867974,0.655193023537134,0.7323833652566786,0.920062766872369
2021-01-26 20:20:00,0.6854951185495118,0.03585657370517925,-0.2985852568875653,-0.23942153186930903,0.8551648322885449,0.007683741648106904,0.5,-0.40439420283281136,0.5422017373213752,0.43867617721867974,0.655193023537134,0.7323833652566786,0.9271088763824555
2021-01-26 20:30:00,0.6450488145048815,0.10756972111553775,-0.2985852568875653,-0.24192108552044278,0.8551648322885449,0.001893095768374165,0.5,-0.40439420283281136,0.5422017373213752,0.43867617721867974,0.655193023537134,0.7323833652566786,0.9341551367744466
2021-01-26 20:40:00,0.5620641562064157,0.08366533864541825,-0.3030528667163068,-0.23906445277628985,0.8551648322885449,0.00011135857461024499,0.5,-0.40439420283281136,0.5422017373213752,0.43867617721867974,0.655193023537134,0.7323833652566786,0.7080133379603785
2021-01-26 20:50:00,0.5348675034867504,-0.01195219123505975,-0.30841399851079676,-0.2415640064274236,0.8551648322885449,0.00011135857461024499,0.5,-0.40439420283281136,0.5422017373213752,0.43867617721867974,0.655193023537134,0.7323833652566786,0.6389396019735354
2021-01-26 21:00:00,0.5495118549511855,0.25099601593625476,-0.31258376768428897,-0.24656311372969109,0.8617738283754957,0.00011135857461024499,0.5,-0.41836734625810024,0.5694425686839637,0.4514578995497719,0.6195774817326635,0.7490125157394596,0.6483923533050682
2021-01-26 21:10:00,0.4825662482566248,0.13147410358565725,-0.3182427401340283,-0.2497768255668631,0.8664197563178078,0.00011135857461024499,0.5,-0.41836734625810024,0.5694425686839637,0.4514578995497719,0.6195774817326635,0.7490125157394596,0.49597145314362445
2021-01-26 21:20:00,0.49023709902370993,0.15537848605577675,-0.32390171258376776,-0.2594179610783788,0.8855269529256259,0.00011135857461024499,0.5,-0.41836734625810024,0.5694425686839637,0.4514578995497719,0.6195774817326635,0.7490125157394596,0.5301084840895032
2021-01-26 21:30:00,0.6108786610878661,0.33864541832669315,-0.32717795979151165,-0.26513122656668453,0.888864168771512,0.00011135857461024499,0.5,-0.41836734625810024,0.5694425686839637,0.4514578995497719,0.6195774817326635,0.7490125157394596,0.7599393454742973
2021-01-26 21:40:00,0.693863319386332,0.21912350597609564,-0.3298585256887566,-0.26691662203178,0.8977634110272081,0.00011135857461024499,0.5,-0.41836734625810024,0.5694425686839637,0.4514578995497719,0.6195774817326635,0.7490125157394596,0.9004103987808743
2021-01-26 21:50:00,0.6827057182705718,0.11553784860557759,-0.3337304542069994,-0.2654883056597036,0.8988103807043489,0.00011135857461024499,0.5,-0.41836734625810024,0.5694425686839637,0.4514578995497719,0.6195774817326635,0.7490125157394596,0.932404906679542
2021-01-26 22:00:00,0.6631799163179917,-0.1633466135458168,-0.3364110201042444,-0.26334583110158893,0.8988103807043489,0.00011135857461024499,0.5,-0.4572494440873811,0.5720057355168142,0.4932023191259667,0.5681619658475825,0.7666555326825335,0.8518490577425051
2021-01-26 22:10:00,0.4735006973500697,-0.31474103585657376,-0.34236783320923314,-0.2608462774504553,0.8920966876496841,0.00011135857461024499,0.5,-0.4572494440873811,0.5720057355168142,0.4932023191259667,0.5681619658475825,0.7666555326825335,0.5090529142839899
2021-01-26 22:20:00,0.4211994421199442,-0.043824701195219196,-0.35100521221146697,-0.2676307802178183,0.8776485061051419,0.00011135857461024499,0.5,-0.4572494440873811,0.5720057355168142,0.4932023191259667,0.5681619658475825,0.7666555326825335,0.4300586930609412
2021-01-26 22:30:00,0.5,-0.1394422310756973,-0.353090096798213,-0.27620067845027674,0.8776485061051419,0.00011135857461024499,0.5,-0.4572494440873811,0.5720057355168142,0.4932023191259667,0.5681619658475825,0.7666555326825335,0.5741131916049308
2021-01-26 22:40:00,0.5446304044630405,-0.298804780876494,-0.3521965748324647,-0.27727191572933396,0.8775830705003207,0.00011135857461024499,0.5,-0.4572494440873811,0.5720057355168142,0.4932023191259667,0.5681619658475825,0.7666555326825335,0.6412480951159527
2021-01-26 22:50:00,0.5683403068340307,-0.17131474103585675,-0.35338793745346253,-0.28084270665952504,0.8727931842274019,0.00011135857461024499,0.5,-0.4572494440873811,0.5720057355168142,0.4932023191259667,0.5681619658475825,0.7666555326825335,0.6687387781583355
2021-01-26 23:00:00,0.5188284518828452,0.19521912350597592,-0.353090096798213,-0.2847705766827352,0.8664066691968435,0.00011135857461024499,0.5,-0.5161049061394033,0.5781033140137988,0.566247761572201,0.5130484961655735,0.7882293579665021,0.6018980943615433
2021-01-26 23:10:00,0.4372384937238493,0.10756972111553775,-0.3667907669396874,-0.28869844670594524,0.8682912146156967,0.00011135857461024499,0.5,-0.5161049061394033,0.5781033140137988,0.566247761572201,0.5130484961655735,0.7882293579665021,0.3527769814566139
2021-01-26 23:20:00,0.43235704323570434,0.2589641434262948,-0.37364110201042455,-0.30012497768255664,0.8625721427543155,0.00011135857461024499,0.5,-0.5161049061394033,0.5781033140137988,0.566247761572201,0.5130484961655735,0.7882293579665021,0.35544004707515425
2021-01-26 23:30:00,0.46582984658298465,-0.1633466135458168,-0.37602382725242,-0.3026245313336904,0.8625721427543155,0.00011135857461024499,0.5,-0.5161049061394033,0.5781033140137988,0.566247761572201,0.5130484961655735,0.7882293579665021,0.42403850506208796
2021-01-26 23:40:00,0.44072524407252445,-0.2509960159362551,-0.37840655249441557,-0.3026245313336904,0.8625721427543155,0.00011135857461024499,0.5,-0.5161049061394033,0.5781033140137988,0.566247761572201,0.5130484961655735,0.7882293579665021,0.3699247099295382
2021-01-26 23:50:00,0.41841004184100417,-0.06772908366533881,-0.37840655249441557,-0.30619532226388146,0.8625721427543155,0.00011135857461024499,0.5,-0.5161049061394033,0.5781033140137988,0.566247761572201,0.5130484961655735,0.7882293579665021,0.3270516166996092
2021-01-27 00:00:00,0.3563458856345886,0.09960159362549792,-0.3840655249441549,-0.3211926441706838,0.8660925782937012,0.00011135857461024499,0.5,-0.5369210362271253,0.58457732172054,0.5964201387422601,0.48197004005238475,0.8121980985942564,0.22177376767204313
2021-01-27 00:10:00,0.39400278940027894,0.15537848605577675,-0.3921072226358898,-0.32690590965898936,0.86249362002853,0.00011135857461024499,0.5,-0.5369210362271253,0.58457732172054,0.5964201387422601,0.48197004005238475,0.8121980985942564,0.26202151575961496
2021-01-27 00:20:00,0.37308228730822873,0.3306772908366533,-0.3980640357408788,-0.3340474915193715,0.8645613851408829,0.00011135857461024499,0.5,-0.5369210362271253,0.58457732172054,0.5964201387422601,0.48197004005238475,0.8121980985942564,0.24826863014318692
2021-01-27 00:30:00,0.39400278940027894,-0.40239043824701204,-0.4028294862248698,-0.33690412426352434,0.8737092826949,0.00011135857461024499,0.5,-0.5369210362271253,0.58457732172054,0.5964201387422601,0.48197004005238475,0.8121980985942564,0.2737676720430919
2021-01-27 00:40:00,0.3842398884239888,-0.4342629482071714,-0.40402084884586753,-0.3326191751472952,0.8737092826949,0.00011135857461024499,0.5,-0.5369210362271253,0.58457732172054,0.5964201387422601,0.48197004005238475,0.8121980985942564,0.27122531194833804
2021-01-27 00:50:00,0.3723849372384937,-0.4183266932270917,-0.4058078927773642,-0.3379753615425817,0.8737092826949,0.00011135857461024499,0.5,-0.5369210362271253,0.58457732172054,0.5964201387422601,0.48197004005238475,0.8121980985942564,0.2366658116692065
2021-01-27 01:00:00,0.3723849372384937,-0.13147410358565736,-0.4058078927773642,-0.3408319942867345,0.8652550025519887,0.00011135857461024499,0.5,-0.5690628749095714,0.5793303008272837,0.6438042360228962,0.4772171050034737,0.8307011546172727,0.25097696033314726
2021-01-27 01:10:00,0.3207810320781032,-0.3705179282868527,-0.4058078927773642,-0.3519014461703267,0.8625197942704586,0.00011135857461024499,0.5,-0.5690628749095714,0.5793303008272837,0.6438042360228962,0.4772171050034737,0.8307011546172727,0.17870452796596104
2021-01-27 01:20:00,0.29288702928870297,-0.15537848605577698,-0.4058078927773642,-0.35904302803070876,0.8529661959665493,0.00011135857461024499,0.5,-0.5690628749095714,0.5793303008272837,0.6438042360228962,0.4772171050034737,0.8307011546172727,0.15601188949409298
2021-01-27 01:30:00,0.36541143654114366,0.2350597609561753,-0.4058078927773642,-0.3647562935190145,0.8519323134103729,0.00011135857461024499,0.5,-0.5690628749095714,0.5793303008272837,0.6438042360228962,0.4772171050034737,0.8307011546172727,0.24835161519079016
2021-01-27 01:40:00,0.3186889818688982,-0.17131474103585675,-0.41206254653760244,-0.3618996607748617,0.8598761958356782,0.00011135857461024499,0.5,-0.5690628749095714,0.5793303008272837,0.6438042360228962,0.4772171050034737,0.8307011546172727,0.16891983644401526
2021-01-27 01:50:00,0.27266387726638774,0.043824701195219085,-0.42069992553983626,-0.3715407962863774,0.8598761958356782,0.00011135857461024499,0.5,-0.5690628749095714,0.5793303008272837,0.6438042360228962,0.4772171050034737,0.8307011546172727,0.11804245816799191
2021-01-27 02:00:00,0.21687587168758715,0.003984063745019917,-0.42784810126582296,-0.3776111408677022,0.8598761958356782,0.00011135857461024499,0.5,-0.5799498569652758,0.591008226846013,0.665491987439822,0.4707325473005678,0.8343406759635822,0.07261191665283583
2021-01-27 02:10:00,0.199442119944212,-0.2749003984063746,-0.42874162323157117,-0.3793965363327976,0.8598761958356782,0.00011135857461024499,0.5,-0.5799498569652758,0.591008226846013,0.665491987439822,0.4707325473005678,0.8343406759635822,0.06195965417867435
2021-01-27 02:20:00,0.19386331938633192,-0.553784860557769,-0.4266567386448251,-0.3854668809141224,0.8598761958356782,0.00011135857461024499,0.5,-0.5799498569652758,0.591008226846013,0.665491987439822,0.4707325473005678,0.8343406759635822,0.0701751738913952
2021-01-27 02:30:00,0.19595536959553697,-0.5776892430278885,-0.4260610573343262,-0.3883235136582752,0.8598761958356782,0.00011135857461024499,0.5,-0.5799498569652758,0.591008226846013,0.665491987439822,0.4707325473005678,0.8343406759635822,0.06860600208217028
2021-01-27 02:40:00,0.1882845188284519,-0.3227091633466136,-0.4260610573343262,-0.3883235136582752,0.8598761958356782,0.00011135857461024499,0.5,-0.5799498569652758,0.591008226846013,0.665491987439822,0.4707325473005678,0.8343406759635822,0.0692019856058663
2021-01-27 02:50:00,0.21548117154811713,0.22709163346613526,-0.42755026061057344,-0.394036779146581,0.8598761958356782,0.00011135857461024499,0.5,-0.5799498569652758,0.591008226846013,0.665491987439822,0.4707325473005678,0.8343406759635822,0.07694222731867767
2021-01-27 03:00:00,0.18619246861924685,0.5458167330677288,-0.429932985852569,-0.39903588644884846,0.8598761958356782,0.00011135857461024499,0.5,-0.5903798349889251,0.5981287732718029,0.6852113300303326,0.46167649370282837,0.8314581621329273,0.06667471370158577
2021-01-27 03:10:00,0.24476987447698745,0.10756972111553775,-0.4338049143708117,-0.40082128191394384,0.8598761958356782,0.00011135857461024499,0.5,-0.5903798349889251,0.5981287732718029,0.6852113300303326,0.46167649370282837,0.8314581621329273,0.09947643979057592
2021-01-27 03:20:00,0.298465829846583,-0.13147410358565736,-0.4335070737155622,-0.4061774683092304,0.8598761958356782,0.00011135857461024499,0.5,-0.5903798349889251,0.5981287732718029,0.6852113300303326,0.46167649370282837,0.8314581621329273,0.14466557025815893
2021-01-27 03:30:00,0.3054393305439331,0.19521912350597592,-0.4349962769918094,-0.40689162649526867,0.8598761958356782,0.00011135857461024499,0.5,-0.5903798349889251,0.5981287732718029,0.6852113300303326,0.46167649370282837,0.8314581621329273,0.15140999139973144
2021-01-27 03:40:00,0.31659693165969316,0.03585657370517925,-0.43559195830230835,-0.407962863774326,0.8598761958356782,0.00011135857461024499,0.5,-0.5903798349889251,0.5981287732718029,0.6852113300303326,0.46167649370282837,0.8314581621329273,0.17701465063294958
2021-01-27 03:50:00,0.3263598326359832,0.38645418326693215,-0.4341027550260611,-0.40546331012319237,0.8660925782937012,0.00011135857461024499,0.5,-0.5903798349889251,0.5981287732718029,0.6852113300303326,0.46167649370282837,0.8314581621329273,0.20891108529354077
2021-01-27 04:00:00,0.32217573221757323,0.298804780876494,-0.43559195830230835,-0.40546331012319237,0.8750572561542186,0.00011135857461024499,0.5,-0.6343481455515485,0.6169990833517721,0.7541052585124932,0.4522815543534086,0.8279509283712664,0.2223848393862124
2021-01-27 04:10:00,0.4246861924686192,-0.3705179282868527,-0.4338049143708117,-0.3936797000535618,0.8770203242988575,0.00011135857461024499,0.5,-0.6343481455515485,0.6169990833517721,0.7541052585124932,0.4522815543534086,0.8279509283712664,0.3626371139309263
2021-01-27 04:20:00,0.3668061366806137,0.17131474103585642,-0.4302308265078184,-0.3883235136582752,0.8755545667508604,0.00011135857461024499,0.5,-0.6343481455515485,0.6169990833517721,0.7541052585124932,0.4522815543534086,0.8279509283712664,0.29179805965870514
2021-01-27 04:30:00,0.44979079497907953,-0.21115537848605592,-0.4308265078183172,-0.38439564363506507,0.877504547774535,0.00011135857461024499,0.5,-0.6343481455515485,0.6169990833517721,0.7541052585124932,0.4522815543534086,0.8279509283712664,0.4247401059190971
2021-01-27 04:40:00,0.5864714086471409,-0.15537848605577698,-0.425167535368578,-0.3811819317978933,0.8711180327439766,0.00011135857461024499,0.5,-0.6343481455515485,0.6169990833517721,0.7541052585124932,0.4522815543534086,0.8279509283712664,0.7351947130980582
2021-01-27 04:50:00,0.5613668061366807,0.05976095617529875,-0.42069992553983626,-0.3690412426352436,0.8607006844564266,0.00011135857461024499,0.5,-0.6343481455515485,0.6169990833517721,0.7541052585124932,0.4522815543534086,0.8279509283712664,0.6977231920575766
2021-01-27 05:00:00,0.5320781032078103,0.36254980079681287,-0.42069992553983626,-0.35904302803070876,0.8638546806088129,0.00011135857461024499,0.5,-0.6388684230625941,0.624088021217964,0.7713065798649354,0.4609877195327353,0.8270269498567447,0.6227801499766134
2021-01-27 05:10:00,0.3814504881450488,0.10756972111553775,-0.43172002978406565,-0.3565434743795751,0.8819672560233475,0.00011135857461024499,0.5,-0.6388684230625941,0.624088021217964,0.7713065798649354,0.4609877195327353,0.8270269498567447,0.3319251022224905
2021-01-27 05:20:00,0.3821478382147839,-0.33067729083665354,-0.43857036485480283,-0.36082842349580435,0.8823336954103467,0.00011135857461024499,0.5,-0.6388684230625941,0.624088021217964,0.7713065798649354,0.4609877195327353,0.8270269498567447,0.3399746518400048
2021-01-27 05:30:00,0.5362622036262203,-0.08366533864541836,-0.4332092330603129,-0.3626138189608997,0.8719556084856892,0.00011135857461024499,0.5,-0.6388684230625941,0.624088021217964,0.7713065798649354,0.4609877195327353,0.8270269498567447,0.6126257977880712
2021-01-27 05:40:00,0.5707810320781033,-0.06374501992031878,-0.42725241995532404,-0.35940007141581853,0.8715433641753151,0.00011135857461024499,0.5,-0.6388684230625941,0.624088021217964,0.7713065798649354,0.4609877195327353,0.8270269498567447,0.7052031624847233
2021-01-27 05:50:00,0.6052998605299861,-0.043824701195219196,-0.4212956068503352,-0.35618639528655593,0.8711311198649409,0.00011135857461024499,0.5,-0.6388684230625941,0.624088021217964,0.7713065798649354,0.4609877195327353,0.8270269498567447,0.7977805271813752
2021-01-27 06:00:00,0.50278940027894,0.17928286852589648,-0.4257632166790768,-0.3533297625424031,0.8711311198649409,0.00011135857461024499,0.5,-0.6918630802311903,0.6351280290338983,0.8362768793631193,0.45802545267309336,0.8479484105684661,0.5437406641821446
2021-01-27 06:10:00,0.4860529986052998,0.25099601593625476,-0.4341027550260611,-0.35618639528655593,0.8711311198649409,0.00011135857461024499,0.5,-0.6918630802311903,0.6351280290338983,0.8362768793631193,0.45802545267309336,0.8479484105684661,0.5119347586643934
2021-01-27 06:20:00,0.5794979079497908,-0.2509960159362551,-0.4373790022338051,-0.35582931619353686,0.8681734305270183,0.00011135857461024499,0.5,-0.6918630802311903,0.6351280290338983,0.8362768793631193,0.45802545267309336,0.8479484105684661,0.698175837771776
2021-01-27 06:30:00,0.5808926080892608,0.24302788844621515,-0.4305286671630679,-0.34975897161221203,0.8599547185614637,0.00011135857461024499,0.5,-0.6918630802311903,0.6351280290338983,0.8362768793631193,0.45802545267309336,0.8479484105684661,0.7096504066267333
2021-01-27 06:40:00,0.5174337517433751,0.1394422310756971,-0.4338049143708117,-0.3483306552401356,0.866079491172737,0.00011135857461024499,0.5,-0.6918630802311903,0.6351280290338983,0.8362768793631193,0.45802545267309336,0.8479484105684661,0.5023311254281274
2021-01-27 06:50:00,0.4065550906555091,-0.2270916334661356,-0.4457185405807893,-0.34797357614711666,0.8711180327439766,0.00011135857461024499,0.5,-0.6918630802311903,0.6351280290338983,0.8362768793631193,0.45802545267309336,0.8479484105684661,0.2957059009912941
2021-01-27 07:00:00,0.44839609483960946,-0.47410358565737054,-0.4564408041697692,-0.35725763256561327,0.8711180327439766,0.00011135857461024499,0.5,-0.6974277096800339,0.656949429178149,0.8512122859551964,0.444145819130924,0.854768177978625,0.3473527769814566
2021-01-27 07:10:00,0.4421199442119944,-0.42629482071713154,-0.4609084139985109,-0.359757186216747,0.8711180327439766,0.00011135857461024499,0.5,-0.6974277096800339,0.656949429178149,0.8512122859551964,0.444145819130924,0.854768177978625,0.3486579054573985
2021-01-27 07:20:00,0.41631799163179917,-0.4581673306772909,-0.46239761727475814,-0.3633279771469381,0.8711180327439766,0.00011135857461024499,0.5,-0.6974277096800339,0.656949429178149,0.8512122859551964,0.444145819130924,0.854768177978625,0.30498513813238376
2021-01-27 07:30:00,0.35495118549511856,-0.14741035856573714,-0.4656738644825019,-0.3743974290305303,0.8711180327439766,0.00011135857461024499,0.5,-0.6974277096800339,0.656949429178149,0.8512122859551964,0.444145819130924,0.854768177978625,0.23208654586055494
2021-01-27 07:40:00,0.30822873082287305,0.4820717131474104,-0.47133283693224126,-0.38975183003035174,0.8711180327439766,0.00011135857461024499,0.5,-0.6974277096800339,0.656949429178149,0.8512122859551964,0.444145819130924,0.854768177978625,0.20822457262700483
2021-01-27 07:50:00,0.32147838214783825,0.17928286852589648,-0.473119880863738,-0.39903588644884846,0.8711180327439766,0.00011135857461024499,0.5,-0.6974277096800339,0.656949429178149,0.8512122859551964,0.444145819130924,0.854768177978625,0.2306682559560632
2021-01-27 08:00:00,0.3493723849372385,0.346613545816733,-0.4769918093819807,-0.4043920728441349,0.881692426483098,0.00011135857461024499,0.5,-0.6921724968422962,0.6718686693083757,0.8533343934994067,0.4374236508388157,0.8611629289322864,0.2523650738566924
2021-01-27 08:10:00,0.35704323570432356,-0.003984063745020028,-0.47728965003723023,-0.4029637564720586,0.8831843582730236,0.00011135857461024499,0.5,-0.6921724968422962,0.6718686693083757,0.8533343934994067,0.4374236508388157,0.8611629289322864,0.26159150233112544
2021-01-27 08:20:00,0.405160390516039,-0.21912350597609564,-0.47431124348473575,-0.40082128191394384,0.8726230516548665,0.00011135857461024499,0.5,-0.6921724968422962,0.6718686693083757,0.8533343934994067,0.4374236508388157,0.8611629289322864,0.30578481222746956
2021-01-27 08:30:00,0.3068340306834031,0.2589641434262948,-0.47431124348473575,-0.39796464916979113,0.8692989229299446,0.00011135857461024499,0.5,-0.6921724968422962,0.6718686693083757,0.8533343934994067,0.4374236508388157,0.8611629289322864,0.1932797199631848
2021-01-27 08:40:00,0.24407252440725244,-0.003984063745020028,-0.47848101265822796,-0.4129619710765935,0.8737223698158642,0.00011135857461024499,0.5,-0.6921724968422962,0.6718686693083757,0.8533343934994067,0.4374236508388157,0.8611629289322864,0.12038867178659264
2021-01-27 08:50:00,0.24755927475592746,-0.3705179282868527,-0.480565897244974,-0.41331905016961257,0.8737223698158642,0.00011135857461024499,0.5,-0.6921724968422962,0.6718686693083757,0.8533343934994067,0.4374236508388157,0.8611629289322864,0.10060805407607466
2021-01-27 09:00:00,0.22245467224546722,-0.13147410358565736,-0.483246463142219,-0.4176039992858417,0.8737223698158642,0.00011135857461024499,0.5,-0.6830169070145884,0.6932647906507644,0.8459418909786588,0.4271967399171884,0.8637712851813375,0.08265310741282798
2021-01-27 09:10:00,0.23500697350069735,-0.5856573705179284,-0.483246463142219,-0.42117479021603277,0.8737223698158642,0.00011135857461024499,0.5,-0.6830169070145884,0.6932647906507644,0.8459418909786588,0.4271967399171884,0.8637712851813375,0.08871855998310123
2021-01-27 09:20:00,0.23082287308228733,-0.20318725099601598,-0.483246463142219,-0.42617389751830026,0.8624020101817801,0.00011135857461024499,0.5,-0.6830169070145884,0.6932647906507644,0.8459418909786588,0.4271967399171884,0.8637712851813375,0.09122319960167177
2021-01-27 09:30:00,0.2510460251046025,0.31474103585657365,-0.48205510052122125,-0.4272451347973576,0.8660533169308083,0.00011135857461024499,0.5,-0.6830169070145884,0.6932647906507644,0.8459418909786588,0.4271967399171884,0.8637712851813375,0.10834829578888605
2021-01-27 09:40:00,0.3354253835425383,-0.2270916334661356,-0.4802680565897246,-0.4236743438671665,0.8736176728481502,0.00011135857461024499,0.5,-0.6830169070145884,0.6932647906507644,0.8459418909786588,0.4271967399171884,0.8637712851813375,0.19381535072498757
2021-01-27 09:50:00,0.35146443514644354,0.15537848605577675,-0.475800446760983,-0.4193893947509374,0.8744421614688985,0.00011135857461024499,0.5,-0.6830169070145884,0.6932647906507644,0.8459418909786588,0.4271967399171884,0.8637712851813375,0.25594097499886836
2021-01-27 10:00:00,0.38354253835425384,-0.2509960159362551,-0.473119880863738,-0.41224781289055523,0.8981821988980645,0.00011135857461024499,0.5,-0.5865282869219535,0.7116667193475992,0.6924057488900277,0.4031119747665864,0.8706985784558171,0.24288969023944956
2021-01-27 10:10:00,0.397489539748954,0.01195219123505975,-0.4763961280714819,-0.4097482592394215,0.8891913467956185,0.00011135857461024499,0.5,-0.5865282869219535,0.7116667193475992,0.6924057488900277,0.4031119747665864,0.8706985784558171,0.29673189794347965
2021-01-27 10:20:00,0.4288702928870293,0.33864541832669315,-0.47133283693224126,-0.4090341010533832,0.8927117823350041,0.00011135857461024499,0.5,-0.5865282869219535,0.7116667193475992,0.6924057488900277,0.4031119747665864,0.8706985784558171,0.33906181631636917
2021-01-27 10:30:00,0.40097629009762903,0.003984063745019917,-0.4734177215189874,-0.4076057846813069,0.898365418591564,0.00011135857461024499,0.5,-0.5865282869219535,0.7116667193475992,0.6924057488900277,0.4031119747665864,0.8706985784558171,0.2843444935648868
2021-01-27 10:40:00,0.37796373779637377,-0.08366533864541836,-0.4728220402084885,-0.40260667737903943,0.898365418591564,0.00011135857461024499,0.5,-0.5865282869219535,0.7116667193475992,0.6924057488900277,0.4031119747665864,0.8706985784558171,0.2535494968088477
2021-01-27 10:50:00,0.3577405857740586,-0.17131474103585675,-0.4695457930007447,-0.40224959828602025,0.898365418591564,0.00011135857461024499,0.5,-0.5865282869219535,0.7116667193475992,0.6924057488900277,0.4031119747665864,0.8706985784558171,0.24427025966775806
2021-01-27 11:00:00,0.3284518828451883,-0.4661354581673308,-0.46299329858525695,-0.39617925370469553,0.898365418591564,0.00011135857461024499,0.5,-0.4961477848712388,0.7176694721657895,0.6139547276115055,0.4147496770896774,0.8514538637270227,0.20551624243704456
2021-01-27 11:10:00,0.29288702928870297,-0.17131474103585675,-0.452866716306776,-0.39260846277450456,0.8872151915300154,0.00011135857461024499,0.5,-0.4961477848712388,0.7176694721657895,0.6139547276115055,0.4147496770896774,0.8514538637270227,0.16274122244519215
2021-01-27 11:20:00,0.28870292887029286,-0.24302788844621515,-0.4415487714072971,-0.3868951972861988,0.884519244611378,0.00011135857461024499,0.5,-0.4961477848712388,0.7176694721657895,0.6139547276115055,0.4147496770896774,0.8514538637270227,0.1570906951129351
2021-01-27 11:30:00,0.27615062761506276,-0.08366533864541836,-0.43142218912881614,-0.37868237814675954,0.8757377864443602,0.00011135857461024499,0.5,-0.4961477848712388,0.7176694721657895,0.6139547276115055,0.4147496770896774,0.8514538637270227,0.13965629102101787
2021-01-27 11:40:00,0.23709902370990238,0.06772908366533859,-0.42040208488458686,-0.3729691126584538,0.8815615552734554,0.00011135857461024499,0.5,-0.4961477848712388,0.7176694721657895,0.6139547276115055,0.4147496770896774,0.8514538637270227,0.10731475474146386
2021-01-27 11:50:00,0.27266387726638774,-0.29083665338645437,-0.40967982129560687,-0.36404213533297614,0.8746777296462551,0.012806236080178173,0.5,-0.4961477848712388,0.7176694721657895,0.6139547276115055,0.4147496770896774,0.8514538637270227,0.12876261749928333
2021-01-27 12:00:00,0.25871687587168757,0.09960159362549792,-0.3956813104988832,-0.35582931619353686,0.870424415332871,0.3542316258351893,0.5,-0.4685333946140765,0.7207096408980281,0.5511078037987678,0.47100595045969074,0.8131330160916773,0.07726662341385399
2021-01-27 12:10:00,0.3312412831241283,-0.50597609561753,-0.37364110201042455,-0.32833422603106577,0.870424415332871,0.9978841870824053,0.5,-0.4685333946140765,0.7207096408980281,0.5511078037987678,0.47100595045969074,0.8131330160916773,0.0
2021-01-27 12:20:00,0.3110181311018131,-0.601593625498008,-0.34653760238272535,-0.2865559721478307,0.870424415332871,0.9978841870824053,0.5,-0.4685333946140765,0.7207096408980281,0.5511078037987678,0.47100595045969074,0.8131330160916773,0.0
2021-01-27 12:30:00,0.3368200836820084,-0.1872509960159363,-0.32717795979151165,-0.2690590965898947,0.870424415332871,0.3481069042316259,0.5,-0.4685333946140765,0.7207096408980281,0.5511078037987678,0.47100595045969074,0.8131330160916773,0.14059930292560013
2021-01-27 12:40:00,0.36750348675034866,-0.06772908366533881,-0.29590469099032024,-0.23763613640421344,0.8630432791090288,0.04298440979955456,0.5,-0.4685333946140765,0.7207096408980281,0.5511078037987678,0.47100595045969074,0.8131330160916773,0.1943660696772636
2021-01-27 12:50:00,0.3891213389121339,0.2111553784860556,-0.27207743857036504,-0.20442778075343682,0.8731203622515084,0.03507795100222717,0.5,-0.4685333946140765,0.7207096408980281,0.5511078037987678,0.47100595045969074,0.8131330160916773,0.21480302367337087
2021-01-27 13:00:00,0.2580195258019526,-0.11553784860557781,-0.2548026805658973,-0.16657739689341178,0.8542879951839395,0.0023385300668151447,0.5,-0.308772796419746,0.7131408276270317,0.3898574317578327,0.5178942441780623,0.7794256152345863,0.1278045174042277
2021-01-27 13:10:00,0.28591352859135283,-0.1633466135458168,-0.28399106478034264,-0.18621674700946256,0.8558977110625433,0.010579064587973273,0.5,-0.308772796419746,0.7131408276270317,0.3898574317578327,0.5178942441780623,0.7794256152345863,0.1361784631169184
2021-01-27 13:20:00,0.23709902370990238,-0.1394422310756973,-0.29977661950856305,-0.23942153186930903,0.8484380521129156,0.00044543429844097997,0.5,-0.308772796419746,0.7131408276270317,0.3898574317578327,0.5178942441780623,0.7794256152345863,0.10374639769452451
2021-01-27 13:30:00,0.2649930264993026,-0.2509960159362551,-0.3012658227848103,-0.2544188537761113,0.8500608551124837,0.01759465478841871,0.5,-0.308772796419746,0.7131408276270317,0.3898574317578327,0.5178942441780623,0.7794256152345863,0.12488495254764095
2021-01-27 13:40:00,0.2503486750348675,-0.03585657370517936,-0.2979895755770663,-0.26156043563649345,0.8376542644383662,0.008129175946547884,0.5,-0.308772796419746,0.7131408276270317,0.3898574317578327,0.5178942441780623,0.7794256152345863,0.11444392474010591
2021-01-27 13:50:00,0.2691771269177127,-0.19521912350597614,-0.2932241250930754,-0.2608462774504553,0.83714386672076,0.005345211581291759,0.5,-0.308772796419746,0.7131408276270317,0.3898574317578327,0.5178942441780623,0.7794256152345863,0.1342245424506239
2021-01-27 14:00:00,0.2733612273361227,0.05179282868525892,-0.2899478778853314,-0.25977504017139796,0.8386357985106857,0.04309576837416481,0.5,-0.2887526044593748,0.6934831770625305,0.3552771224657941,0.5602469168165001,0.7618584942758714,0.10515714350377958
2021-01-27 14:10:00,0.25592747559274753,-0.043824701195219196,-0.28756515264333593,-0.2619175147295125,0.8314902304642002,0.033073496659242765,0.5,-0.2887526044593748,0.6934831770625305,0.3552771224657941,0.5602469168165001,0.7618584942758714,0.0848559832219322
2021-01-27 14:20:00,0.3096234309623431,0.043824701195219085,-0.2833953834698437,-0.2594179610783788,0.8430854196385338,0.03151447661469933,0.5,-0.2887526044593748,0.6934831770625305,0.3552771224657941,0.5602469168165001,0.7618584942758714,0.153296015208896
2021-01-27 14:30:00,0.24546722454672246,0.07569721115537842,-0.2792256142963515,-0.26513122656668453,0.8367512530918323,0.021269487750556794,0.5,-0.2887526044593748,0.6934831770625305,0.3552771224657941,0.5602469168165001,0.7618584942758714,0.11513798150187848
2021-01-27 14:40:00,0.2907949790794979,0.1394422310756971,-0.26969471332836936,-0.26441706838064627,0.8513433929669811,0.011135857461024499,0.5,-0.2887526044593748,0.6934831770625305,0.3552771224657941,0.5602469168165001,0.7618584942758714,0.15473693739909775
2021-01-27 14:50:00,0.36610878661087864,-0.12350597609561753,-0.26403574087863,-0.25870380289234074,0.8480977869678449,0.012806236080178173,0.5,-0.2887526044593748,0.6934831770625305,0.3552771224657941,0.5602469168165001,0.7618584942758714,0.24506238966760716
2021-01-27 15:00:00,0.43165969316596936,0.019920318725099362,-0.25778108711839176,-0.2415640064274236,0.8549554383531166,0.00022271714922048998,0.5,-0.2755652598222348,0.6712853477085232,0.35127461509694247,0.5844897424621565,0.7532667508498283,0.3737269339288139
2021-01-27 15:10:00,0.36192468619246865,0.019920318725099362,-0.2559940431868951,-0.24299232279950012,0.8477051733389172,0.00011135857461024499,0.5,-0.2755652598222348,0.6712853477085232,0.35127461509694247,0.5844897424621565,0.7532667508498283,0.25308930699941157
2021-01-27 15:20:00,0.42398884239888424,-0.01195219123505975,-0.25301563663440074,-0.23585074093911806,0.8398398136393975,0.00011135857461024499,0.5,-0.2755652598222348,0.6712853477085232,0.35127461509694247,0.5844897424621565,0.7532667508498283,0.3797923864990872
2021-01-27 15:30:00,0.46443514644351463,-0.02788844621513953,-0.2506329113924052,-0.23120871272986965,0.8509376922170891,0.00011135857461024499,0.5,-0.2755652598222348,0.6712853477085232,0.35127461509694247,0.5844897424621565,0.7532667508498283,0.4467839522006126
2021-01-27 15:40:00,0.45746164574616455,0.07569721115537842,-0.24676098287416237,-0.22978039635779324,0.8531363285390846,0.00011135857461024499,0.5,-0.2755652598222348,0.6712853477085232,0.35127461509694247,0.5844897424621565,0.7532667508498283,0.44304962505846673
2021-01-27 15:50:00,0.4170153417015342,0.14741035856573692,-0.24169769173492195,-0.225495447241564,0.8465927680569552,0.00011135857461024499,0.5,-0.2755652598222348,0.6712853477085232,0.35127461509694247,0.5844897424621565,0.7532667508498283,0.3528599665042172
2021-01-27 16:00:00,0.4211994421199442,0.05179282868525892,-0.23663440059568142,-0.21835386538118184,0.8420253628404287,0.00011135857461024499,0.5,-0.21538457946590372,0.6593114506317408,0.3109941377635087,0.5711049305761863,0.7498983343844815,0.3791209620230246
2021-01-27 16:10:00,0.43654114365411434,0.05976095617529875,-0.22948622486969483,-0.2129976789858954,0.8505058172252686,0.00011135857461024499,0.5,-0.21538457946590372,0.6593114506317408,0.3109941377635087,0.5711049305761863,0.7498983343844815,0.4003349578285076
2021-01-27 16:20:00,0.44072524407252445,-0.11553784860557781,-0.22382725241995538,-0.204784859846456,0.8544843019984033,0.00022271714922048998,0.5,-0.21538457946590372,0.6593114506317408,0.3109941377635087,0.5711049305761863,0.7498983343844815,0.4095462981124674
2021-01-27 16:30:00,0.41283124128312415,0.07569721115537842,-0.21757259865971712,-0.20049991073022666,0.8439491696221748,0.00022271714922048998,0.5,-0.21538457946590372,0.6593114506317408,0.3109941377635087,0.5711049305761863,0.7498983343844815,0.37364394888121066
2021-01-27 16:40:00,0.40446304044630405,0.043824701195219085,-0.21518987341772167,-0.20264238528834144,0.8374186962610095,0.00022271714922048998,0.5,-0.21538457946590372,0.6593114506317408,0.3109941377635087,0.5711049305761863,0.7498983343844815,0.33987657860192827
2021-01-27 16:50:00,0.45188284518828453,0.2111553784860556,-0.21042442293373054,-0.2051419389394752,0.8475743021292745,0.00022271714922048998,0.5,-0.21538457946590372,0.6593114506317408,0.3109941377635087,0.5711049305761863,0.7498983343844815,0.43210314287007556
2021-01-27 17:00:00,0.4714086471408647,0.15537848605577675,-0.20625465376023833,-0.20085698982324574,0.8526782793053356,0.00022271714922048998,0.5,-0.21323483943655963,0.6630211461263726,0.3114173164939395,0.5356869485691149,0.7480478337161094,0.4572702445795676
2021-01-27 17:10:00,0.4288702928870293,-0.06772908366533881,-0.20357408786299336,-0.18657382610248163,0.8565128057478636,0.00022271714922048998,0.5,-0.21323483943655963,0.6630211461263726,0.3114173164939395,0.5356869485691149,0.7480478337161094,0.3881587881165412
2021-01-27 17:20:00,0.45536959553695955,-0.03585657370517936,-0.19940431868950126,-0.19157293340474912,0.858711442069859,0.00022271714922048998,0.5,-0.21323483943655963,0.6630211461263726,0.3114173164939395,0.5356869485691149,0.7480478337161094,0.4346681352505394
2021-01-27 17:30:00,0.4170153417015342,0.043824701195219085,-0.1973194341027551,-0.19264417068380646,0.8521286202248367,0.00022271714922048998,0.5,-0.21323483943655963,0.6630211461263726,0.3114173164939395,0.5356869485691149,0.7480478337161094,0.3622146445976734
2021-01-27 17:40:00,0.4246861924686192,0.09960159362549792,-0.19404318689501132,-0.1933583288698446,0.858659093586002,0.00022271714922048998,0.5,-0.21323483943655963,0.6630211461263726,0.3114173164939395,0.5356869485691149,0.7480478337161094,0.35491950450382487
2021-01-27 17:50:00,0.34797768479776847,-0.31474103585657376,-0.19434102755026073,-0.18728798428852,0.8444203059768881,0.00022271714922048998,0.5,-0.21323483943655963,0.6630211461263726,0.3114173164939395,0.5356869485691149,0.7480478337161094,0.2478612490004074
2021-01-27 18:00:00,0.303347280334728,-0.1394422310756973,-0.2014892032762473,-0.20585609712551323,0.8415149651228226,0.00022271714922048998,0.5,-0.3688588540612223,0.6544695940024184,0.43465959348210914,0.42786544348732586,0.7419289364741002,0.1867917980596587
2021-01-27 18:10:00,0.32217573221757323,0.003984063745019917,-0.20595681310498903,-0.21656846991608647,0.8381123136721153,0.00022271714922048998,0.5,-0.3688588540612223,0.6544695940024184,0.43465959348210914,0.42786544348732586,0.7419289364741002,0.20065030100939996
2021-01-27 18:20:00,0.25313807531380755,0.2669322709163344,-0.21161578555472838,-0.22585252633458308,0.8366072947612254,0.00022271714922048998,0.5,-0.3688588540612223,0.6544695940024184,0.43465959348210914,0.42786544348732586,0.7419289364741002,0.12063762692940236
2021-01-27 18:30:00,0.2524407252440725,-0.10756972111553798,-0.21608339538346988,-0.23370826638100328,0.8358351546243341,0.00022271714922048998,0.5,-0.3688588540612223,0.6544695940024184,0.43465959348210914,0.42786544348732586,0.7419289364741002,0.11960408588198017
2021-01-27 18:40:00,0.24058577405857742,0.29083665338645415,-0.22323157110945657,-0.24227816461346185,0.8327204198348405,0.00022271714922048998,0.5,-0.3688588540612223,0.6544695940024184,0.43465959348210914,0.42786544348732586,0.7419289364741002,0.11350091283552363
2021-01-27 18:50:00,0.30474198047419804,-0.21912350597609564,-0.23067758749069256,-0.24656311372969109,0.8354294538744421,0.00022271714922048998,0.5,-0.3688588540612223,0.6544695940024184,0.43465959348210914,0.42786544348732586,0.7419289364741002,0.17624515291881046
2021-01-27 19:00:00,0.21269177126917713,0.027888446215139417,-0.23901712583767698,-0.2526334583110159,0.8436874272028896,0.00022271714922048998,0.5,-0.40677601365875726,0.6763743258037933,0.5031568473856698,0.3011763720195725,0.7122047505973435,0.09059703969702915
2021-01-27 19:10:00,0.28661087866108786,0.47410358565737054,-0.24497393894266584,-0.2608462774504553,0.8455981468636714,0.00022271714922048998,0.5,-0.40677601365875726,0.6763743258037933,0.5031568473856698,0.3011763720195725,0.7122047505973435,0.14597069873410082
2021-01-27 19:20:00,0.29567642956764295,0.6573705179282865,-0.2479523454951601,-0.270130333868952,0.8455981468636714,0.00022271714922048998,0.5,-0.40677601365875726,0.6763743258037933,0.5031568473856698,0.3011763720195725,0.7122047505973435,0.15314513330416282
2021-01-27 19:30:00,0.2196652719665272,0.4820717131474104,-0.2509307520476546,-0.2740582038921622,0.8558977110625433,0.00022271714922048998,0.5,-0.40677601365875726,0.6763743258037933,0.5031568473856698,0.3011763720195725,0.7122047505973435,0.08370928074596014
2021-01-27 19:40:00,0.14365411436541145,0.47410358565737054,-0.22531645569620262,-0.23335118728798432,0.8702542827603356,0.00022271714922048998,0.5,-0.40677601365875726,0.6763743258037933,0.5031568473856698,0.3011763720195725,0.7122047505973435,0.025310439518988485
2021-01-27 19:50:00,0.1387726638772664,0.11553784860557759,-0.19970215934475066,-0.1569362613818961,0.8732904948240438,0.00022271714922048998,0.5,-0.40677601365875726,0.6763743258037933,0.5031568473856698,0.3011763720195725,0.7122047505973435,0.02469182370958251
2021-01-27 20:00:00,0.09483960948396096,0.3545816733067728,-0.18868205510052138,-0.11337261203356541,0.8732904948240438,0.00022271714922048998,0.5,-0.4247350513954432,0.6708140928199723,0.5237848131717265,0.2326432200443732,0.7243987035652204,0.0
2021-01-27 20:10:00,0.08577405857740586,-0.8007968127490039,-0.1889798957557708,-0.12015711480092839,0.8732904948240438,0.5792873051224945,0.5,-0.4247350513954432,0.6708140928199723,0.5237848131717265,0.2326432200443732,0.7243987035652204,0.0
2021-01-27 20:20:00,0.0899581589958159,-0.7115537848605579,-0.1967237527922563,-0.1358685948937688,0.8732904948240438,0.9985523385300669,0.5,-0.4247350513954432,0.6708140928199723,0.5237848131717265,0.2326432200443732,0.7243987035652204,0.0
2021-01-27 20:30:00,0.10599721059972106,-0.6223107569721116,-0.20595681310498903,-0.15372254954472397,0.8732904948240438,0.9985523385300669,0.5,-0.4247350513954432,0.6708140928199723,0.5237848131717265,0.2326432200443732,0.7243987035652204,0.0
2021-01-27 20:40:00,0.09135285913528592,-0.5330677290836654,-0.21370067014147442,-0.17014818782360286,0.8732904948240438,0.9985523385300669,0.5,-0.4247350513954432,0.6708140928199723,0.5237848131717265,0.2326432200443732,0.7243987035652204,0.0
2021-01-27 20:50:00,0.09065550906555091,-0.4438247011952192,-0.2211466865227104,-0.18514550973040522,0.8732904948240438,0.9985523385300669,0.5,-0.4247350513954432,0.6708140928199723,0.5237848131717265,0.2326432200443732,0.7243987035652204,0.0
2021-01-27 21:00:00,0.056485355648535567,-0.3545816733067729,-0.22740134028294878,-0.19942867345116932,0.8732904948240438,0.9985523385300669,0.5,-0.4391346474228235,0.6838971629881008,0.543426291890351,0.15763536485002996,0.7746283222972681,0.0
2021-01-27 21:10:00,0.1199442119944212,-0.3461448324349661,-0.23812360387192866,-0.2126405998928762,0.8732904948240438,0.9985523385300669,0.5,-0.4391346474228235,0.6838971629881008,0.543426291890351,0.15763536485002996,0.7746283222972681,0.0
2021-01-27 21:20:00,0.11506276150627615,-0.3377079915631591,-0.24199553239017135,-0.22835207998571683,0.8732904948240438,0.9985523385300669,0.5,-0.4391346474228235,0.6838971629881008,0.543426291890351,0.15763536485002996,0.7746283222972681,0.0
2021-01-27 21:30:00,0.11436541143654114,-0.32927115069135227,-0.24437825763216692,-0.23620782003213703,0.8732904948240438,0.9985523385300669,0.5,-0.4391346474228235,0.6838971629881008,0.543426291890351,0.15763536485002996,0.7746283222972681,0.0
2021-01-27 21:40:00,0.12412831241283125,-0.3208343098195454,-0.2482501861504096,-0.24442063917157653,0.8732904948240438,0.9985523385300669,0.5,-0.4391346474228235,0.6838971629881008,0.543426291890351,0.15763536485002996,0.7746283222972681,0.0
2021-01-27 21:50:00,0.1324965132496513,-0.31239746894773857,-0.2509307520476546,-0.25370469559007325,0.8732904948240438,0.9985523385300669,0.5,-0.4391346474228235,0.6838971629881008,0.543426291890351,0.15763536485002996,0.7746283222972681,0.0
2021-01-27 22:00:00,0.11785216178521618,-0.3039606280759317,-0.2509307520476546,-0.26156043563649345,0.8732904948240438,0.9985523385300669,0.5,-0.504174606091675,0.6696560701365208,0.6048745827339782,0.15098296449479387,0.9080524544033957,0.0
2021-01-27 22:10:00,0.11645746164574616,-0.29552378720412487,-0.2562918838421445,-0.2690590965898947,0.8732904948240438,0.9985523385300669,0.5,-0.504174606091675,0.6696560701365208,0.6048745827339782,0.15098296449479387,0.9080524544033957,0.0
2021-01-27 22:20:00,0.09205020920502092,-0.2870869463323178,-0.2598659717051379,-0.2754865202642386,0.8732904948240438,0.9985523385300669,0.5,-0.504174606091675,0.6696560701365208,0.6048745827339782,0.15098296449479387,0.9080524544033957,0.0
2021-01-27 22:30:00,0.0815899581589958,-0.27865010546051094,-0.2643335815338794,-0.27905731119442967,0.8732904948240438,0.9985523385300669,0.5,-0.504174606091675,0.6696560701365208,0.6048745827339782,0.15098296449479387,0.9080524544033957,0.0
2021-01-27 22:40:00,0.07880055788005579,-0.2702132645887041,-0.26582278481012667,-0.28691305124084987,0.8732904948240438,0.9985523385300669,0.5,-0.504174606091675,0.6696560701365208,0.6048745827339782,0.15098296449479387,0.9080524544033957,0.0
2021-01-27 22:50:00,0.0794979079497908,-0.26177642371689713,-0.26582278481012667,-0.29334047491519377,0.8732904948240438,0.9985523385300669,0.5,-0.504174606091675,0.6696560701365208,0.6048745827339782,0.15098296449479387,0.9080524544033957,0.0
2021-01-27 23:00:00,0.07670850767085077,-0.2533395828450903,-0.26582278481012667,-0.3019103731476521,0.8732904948240438,0.9985523385300669,0.5,-0.6036312842640458,0.6656705181217639,0.6824074697576848,0.2407748959428128,0.006570392389274853,0.0
2021-01-27 23:10:00,0.10669456066945607,-0.24490274197328332,-0.26522710349962786,-0.30655240135690043,0.8732904948240438,0.9985523385300669,0.5,-0.6036312842640458,0.6656705181217639,0.6824074697576848,0.2407748959428128,0.006570392389274853,0.0
2021-01-27 23:20:00,0.1087866108786611,-0.23646590110147647,-0.2598659717051379,-0.31476522049634004,0.8732904948240438,0.9985523385300669,0.5,-0.6036312842640458,0.6656705181217639,0.6824074697576848,0.2407748959428128,0.006570392389274853,0.0
2021-01-27 23:30:00,0.100418410041841,-0.22802906022966962,-0.26463142218912894,-0.318336011426531,0.8732904948240438,0.9985523385300669,0.5,-0.6036312842640458,0.6656705181217639,0.6824074697576848,0.2407748959428128,0.006570392389274853,0.0
2021-01-27 23:40:00,0.09205020920502092,-0.21959221935786277,-0.2667163067758751,-0.32404927691483665,0.8732904948240438,0.9985523385300669,0.5,-0.6036312842640458,0.6656705181217639,0.6824074697576848,0.2407748959428128,0.006570392389274853,0.0
2021-01-27 23:50:00,0.09623430962343095,-0.21115537848605592,-0.26880119136262115,-0.325834672379932,0.8732904948240438,0.9985523385300669,0.5,-0.6036312842640458,0.6656705181217639,0.6824074697576848,0.2407748959428128,0.006570392389274853,0.0
2021-01-28 00:00:00,0.11227336122733612,-0.20271853761424896,-0.27267311988086385,-0.33226209605427603,0.8732904948240438,0.9985523385300669,0.5,-0.6174904268294921,0.6513116115480452,0.7070920925433676,0.32447454142732546,0.05392980923860146,0.0
2021-01-28 00:10:00,0.10111576011157601,-0.1942816967424421,-0.27237527922561433,-0.33833244063560075,0.8732904948240438,0.9985523385300669,0.5,-0.6174904268294921,0.6513116115480452,0.7070920925433676,0.32447454142732546,0.05392980923860146,0.0
2021-01-28 00:20:00,0.1087866108786611,-0.18584485587063526,-0.2741623231571111,-0.3440457061239065,0.8732904948240438,0.9985523385300669,0.5,-0.6174904268294921,0.6513116115480452,0.7070920925433676,0.32447454142732546,0.05392980923860146,0.0
2021-01-28 00:30:00,0.09762900976290097,-0.1774080149988282,-0.27475800446761,-0.3490448134261739,0.8732904948240438,0.9985523385300669,0.5,-0.6174904268294921,0.6513116115480452,0.7070920925433676,0.32447454142732546,0.05392980923860146,0.0
2021-01-28 00:40:00,0.09762900976290097,-0.16897117412702134,-0.2753536857781088,-0.3522585252633458,0.8732904948240438,0.9985523385300669,0.5,-0.6174904268294921,0.6513116115480452,0.7070920925433676,0.32447454142732546,0.05392980923860146,0.0
2021-01-28 00:50:00,0.11715481171548117,-0.1605343332552145,-0.28071481757259875,-0.3565434743795751,0.8732904948240438,0.9985523385300669,0.5,-0.6174904268294921,0.6513116115480452,0.7070920925433676,0.32447454142732546,0.05392980923860146,0.0
2021-01-28 01:00:00,0.11297071129707113,-0.15209749238340764,-0.28071481757259875,-0.3633279771469381,0.8732904948240438,0.9985523385300669,0.5,-0.6826230070278296,0.6462283804636123,0.7903396044185591,0.34627275895759657,0.07213658018525342,0.0
2021-01-28 01:10:00,0.09274755927475593,-0.1436606515116008,-0.28071481757259875,-0.36725584717014825,0.8732904948240438,0.9985523385300669,0.5,-0.6826230070278296,0.6462283804636123,0.7903396044185591,0.34627275895759657,0.07213658018525342,0.0
2021-01-28 01:20:00,0.12622036262203626,-0.13522381063979394,-0.2819061801935965,-0.3729691126584538,0.8732904948240438,0.9985523385300669,0.5,-0.6826230070278296,0.6462283804636123,0.7903396044185591,0.34627275895759657,0.07213658018525342,0.0
2021-01-28 01:30:00,0.12552301255230125,-0.12678696976798687,-0.2827997021593449,-0.3790394572397786,0.8732904948240438,0.9985523385300669,0.5,-0.6826230070278296,0.6462283804636123,0.7903396044185591,0.34627275895759657,0.07213658018525342,0.0
2021-01-28 01:40:00,0.1297071129707113,-0.11835012889618002,-0.28369322412509324,-0.3868951972861988,0.8732904948240438,0.9985523385300669,0.5,-0.6826230070278296,0.6462283804636123,0.7903396044185591,0.34627275895759657,0.07213658018525342,0.0
2021-01-28 01:50:00,0.1387726638772664,-0.10991328802437317,-0.28399106478034264,-0.3933226209605427,0.8732904948240438,0.9985523385300669,0.5,-0.6826230070278296,0.6462283804636123,0.7903396044185591,0.34627275895759657,0.07213658018525342,0.0
2021-01-28 02:00:00,0.14365411436541145,-0.10147644715256632,-0.2893521965748326,-0.3986788073558293,0.8732904948240438,0.9985523385300669,0.5,-0.6998186592524973,0.6367371920679769,0.8260250987977134,0.35594100201722056,0.07477322240387915,0.0
2021-01-28 02:10:00,0.19456066945606695,-0.09303960628075936,-0.289650037230082,-0.40724870558828774,0.8689455706639096,0.9985523385300669,0.5,-0.6998186592524973,0.6367371920679769,0.8260250987977134,0.35594100201722056,0.07477322240387915,0.0
2021-01-28 02:20:00,0.17503486750348674,-0.08460276540895251,-0.286969471332837,-0.39903588644884846,0.7004619753700384,0.9985523385300669,0.5,-0.6998186592524973,0.6367371920679769,0.8260250987977134,0.35594100201722056,0.07477322240387915,0.0
2021-01-28 02:30:00,0.17294281729428174,-0.07616592453714566,-0.28458674609084145,-0.3554722371005177,0.5205664105953332,0.9985523385300669,0.5,-0.6998186592524973,0.6367371920679769,0.8260250987977134,0.35594100201722056,0.07477322240387915,0.0
2021-01-28 02:40:00,0.18758716875871687,-0.06772908366533881,-0.2830975428145942,-0.35904302803070876,0.5010273389956944,0.13006681514476615,0.5,-0.6998186592524973,0.6367371920679769,0.8260250987977134,0.35594100201722056,0.07477322240387915,0.0
2021-01-28 02:50:00,0.13528591352859135,0.22709163346613526,-0.2699925539836189,-0.35083020889126937,0.5047309942285797,0.07048997772828508,0.5,-0.6998186592524973,0.6367371920679769,0.8260250987977134,0.35594100201722056,0.07477322240387915,0.00648792190352611
2021-01-28 03:00:00,0.09553695955369597,0.05976095617529875,-0.2622486969471334,-0.301196214961614,0.5131198387666698,0.00011135857461024499,0.5,-0.7031877548801407,0.6274643900841075,0.8451680711964926,0.3642008494902406,0.07158300185047871,0.0
2021-01-28 03:10:00,0.09553695955369597,0.47410358565737054,-0.2551005212211468,-0.25013390465988217,0.5180929447330882,0.00011135857461024499,0.5,-0.7031877548801407,0.6274643900841075,0.8451680711964926,0.3642008494902406,0.07158300185047871,0.0
2021-01-28 03:20:00,0.13598326359832635,-0.7131474103585658,-0.24616530156366356,-0.21478307445099076,0.5281307665126748,0.00011135857461024499,0.5,-0.7031877548801407,0.6274643900841075,0.8451680711964926,0.3642008494902406,0.07158300185047871,0.02783016732803235
2021-01-28 03:30:00,0.13598326359832635,0.11553784860557759,-0.23752792256142974,-0.19442956614890183,0.513185274371491,0.00011135857461024499,0.5,-0.7031877548801407,0.6274643900841075,0.8451680711964926,0.3642008494902406,0.07158300185047871,0.01974289723433469
2021-01-28 03:40:00,0.11645746164574616,-0.06772908366533881,-0.2324646314221892,-0.1740760578468129,0.513185274371491,0.00011135857461024499,0.5,-0.7031877548801407,0.6274643900841075,0.8451680711964926,0.3642008494902406,0.07158300185047871,0.013111637521312069
2021-01-28 03:50:00,0.1317991631799163,0.25099601593625476,-0.22740134028294878,-0.15372254954472397,0.513185274371491,0.00011135857461024499,0.5,-0.7031877548801407,0.6274643900841075,0.8451680711964926,0.3642008494902406,0.07158300185047871,0.017743711996620247
2021-01-28 04:00:00,0.14016736401673638,0.6095617529880477,-0.22204020848845885,-0.13801106945188357,0.513185274371491,0.00011135857461024499,0.5,-0.7364095332468599,0.6217374937860466,0.8863978790591458,0.3705169136024393,0.07033263472995147,0.019863602758121216
2021-01-28 04:10:00,0.16248256624825663,0.6414342629482073,-0.2166790766939689,-0.1312265666845207,0.513185274371491,0.00011135857461024499,0.5,-0.7364095332468599,0.6217374937860466,0.8863978790591458,0.3705169136024393,0.07033263472995147,0.021319613138796267
2021-01-28 04:20:00,0.10390516039051603,-0.5139442231075697,-0.21518987341772167,-0.12015711480092839,0.513185274371491,0.00011135857461024499,0.5,-0.7364095332468599,0.6217374937860466,0.8863978790591458,0.3705169136024393,0.07033263472995147,0.0026630656185403683
2021-01-28 04:30:00,0.1499302649930265,-0.33864541832669326,-0.21489203276247215,-0.10266023924299217,0.5009619033908731,0.00011135857461024499,0.5,-0.7364095332468599,0.6217374937860466,0.8863978790591458,0.3705169136024393,0.07033263472995147,0.013104093426075412
2021-01-28 04:40:00,0.16945606694560672,-0.42629482071713154,-0.21012658227848113,-0.09908944831280142,0.4967216761984531,0.00011135857461024499,0.5,-0.7364095332468599,0.6217374937860466,0.8863978790591458,0.3705169136024393,0.07033263472995147,0.031255186565475206
2021-01-28 04:50:00,0.15620641562064158,-0.298804780876494,-0.20178704393149682,-0.09908944831280142,0.4967216761984531,0.00011135857461024499,0.5,-0.7364095332468599,0.6217374937860466,0.8863978790591458,0.3705169136024393,0.07033263472995147,0.02103293751980325
2021-01-28 05:00:00,0.1317991631799163,-0.1394422310756973,-0.20029784065524958,-0.09266202463845752,0.4967216761984531,0.00011135857461024499,0.5,-0.7194133658503721,0.6119359668052673,0.8854571718903307,0.3695421333829811,0.06419552131797876,0.0038324003802224
2021-01-28 05:10:00,0.08577405857740586,0.05179282868525892,-0.21102010424422946,-0.08909123370826644,0.4967216761984531,0.8612472160356348,0.5,-0.7194133658503721,0.6119359668052673,0.8854571718903307,0.3695421333829811,0.06419552131797876,0.0
2021-01-28 05:20:00,0.11645746164574616,0.24302788844621515,-0.23514519731943417,-0.11337261203356541,0.4967216761984531,0.9996659242761693,0.5,-0.7194133658503721,0.6119359668052673,0.8854571718903307,0.3695421333829811,0.06419552131797876,0.0
2021-01-28 05:30:00,0.1094839609483961,0.6175298804780875,-0.2482501861504096,-0.14051062310301732,0.4967216761984531,0.9996659242761693,0.5,-0.7194133658503721,0.6119359668052673,0.8854571718903307,0.3695421333829811,0.06419552131797876,0.0
2021-01-28 05:40:00,0.09902370990237098,0.6089926010244735,-0.2583767684288907,-0.16514908052133537,0.4967216761984531,0.9996659242761693,0.5,-0.7194133658503721,0.6119359668052673,0.8854571718903307,0.3695421333829811,0.06419552131797876,0.0
2021-01-28 05:50:00,0.07601115760111576,0.6004553215708592,-0.2717795979151155,-0.18514550973040522,0.4967216761984531,0.9996659242761693,0.5,-0.7194133658503721,0.6119359668052673,0.8854571718903307,0.3695421333829811,0.06419552131797876,0.0
2021-01-28 06:00:00,0.05788005578800558,0.5919180421172452,-0.2708860759493672,-0.20121406891626503,0.4967216761984531,0.9996659242761693,0.5,-0.7526249715247999,0.6090739554089429,0.9068603524139132,0.3776789535027606,0.06700678740533775,0.0
2021-01-28 06:10:00,0.042538354253835425,0.5833807626636309,-0.2699925539836189,-0.2176397071951437,0.4967216761984531,0.9996659242761693,0.5,-0.7526249715247999,0.6090739554089429,0.9068603524139132,0.3776789535027606,0.06700678740533775,0.0
2021-01-28 06:20:00,0.039051603905160395,0.5748434832100169,-0.279523454951601,-0.22978039635779324,0.4967216761984531,0.9996659242761693,0.5,-0.7526249715247999,0.6090739554089429,0.9068603524139132,0.3776789535027606,0.06700678740533775,0.0
2021-01-28 06:30:00,0.03695955369595537,0.5663062037564031,-0.286969471332837,-0.24084984824138556,0.4967216761984531,0.9996659242761693,0.5,-0.7526249715247999,0.6090739554089429,0.9068603524139132,0.3776789535027606,0.06700678740533775,0.0
2021-01-28 06:40:00,0.039051603905160395,0.5577689243027888,-0.2985852568875653,-0.2512051419389395,0.4967216761984531,0.9996659242761693,0.5,-0.7526249715247999,0.6090739554089429,0.9068603524139132,0.3776789535027606,0.06700678740533775,0.0
2021-01-28 06:50:00,0.06624825662482565,0.5492316448491747,-0.3093075204765452,-0.26513122656668453,0.4967216761984531,0.9996659242761693,0.5,-0.7526249715247999,0.6090739554089429,0.9068603524139132,0.3776789535027606,0.06700678740533775,0.0
2021-01-28 07:00:00,0.0899581589958159,0.5406943653955605,-0.31586001489203286,-0.2754865202642386,0.4967216761984531,0.9996659242761693,0.5,-0.7487133545436747,0.6114848264546401,0.9037820663778094,0.363637308631221,0.06890877745802351,0.0
2021-01-28 07:10:00,0.07043235704323571,0.5321570859419464,-0.33104988830975446,-0.28691305124084987,0.4967216761984531,0.9996659242761693,0.5,-0.7487133545436747,0.6114848264546401,0.9037820663778094,0.363637308631221,0.06890877745802351,0.0
2021-01-28 07:20:00,0.06345885634588563,0.5236198064883322,-0.3396872673119882,-0.30012497768255664,0.4967216761984531,0.9996659242761693,0.5,-0.7487133545436747,0.6114848264546401,0.9037820663778094,0.363637308631221,0.06890877745802351,0.0
2021-01-28 07:30:00,0.045327754532775454,0.5150825270347181,-0.33938942665673866,-0.3090519550080342,0.4967216761984531,0.9996659242761693,0.5,-0.7487133545436747,0.6114848264546401,0.9037820663778094,0.363637308631221,0.06890877745802351,0.0
2021-01-28 07:40:00,0.04741980474198048,0.5065452475811041,-0.34683544303797476,-0.31619353686841634,0.4967216761984531,0.9996659242761693,0.5,-0.7487133545436747,0.6114848264546401,0.9037820663778094,0.363637308631221,0.06890877745802351,0.0
2021-01-28 07:50:00,0.030683403068340307,0.49800796812749004,-0.35070737155621756,-0.3247634351008748,0.4967216761984531,0.9996659242761693,0.5,-0.7487133545436747,0.6114848264546401,0.9037820663778094,0.363637308631221,0.06890877745802351,0.0
2021-01-28 08:00:00,0.03417015341701534,0.4894706886738758,-0.3572598659717052,-0.33226209605427603,0.4967216761984531,0.9996659242761693,0.5,-0.7562943450170319,0.6187634156784206,0.8912931578580943,0.35875584941610866,0.07109103605103272,0.0
2021-01-28 08:10:00,0.05090655509065551,0.48093340922026173,-0.3599404318689502,-0.339046598821639,0.4967216761984531,0.9996659242761693,0.5,-0.7562943450170319,0.6187634156784206,0.8912931578580943,0.35875584941610866,0.07109103605103272,0.0
2021-01-28 08:20:00,0.07112970711297072,0.47239612976664747,-0.35428145941921074,-0.34618818068202095,0.4967216761984531,0.9996659242761693,0.5,-0.7562943450170319,0.6187634156784206,0.8912931578580943,0.35875584941610866,0.07109103605103272,0.0
2021-01-28 08:30:00,0.04184100418410042,0.46385885031303364,-0.34981384959046924,-0.3490448134261739,0.4967216761984531,0.9996659242761693,0.5,-0.7562943450170319,0.6187634156784206,0.8912931578580943,0.35875584941610866,0.07109103605103272,0.0
2021-01-28 08:40:00,0.018131101813110184,0.45532157085941916,-0.35368577810871193,-0.35582931619353686,0.4967216761984531,0.9996659242761693,0.5,-0.7562943450170319,0.6187634156784206,0.8912931578580943,0.35875584941610866,0.07109103605103272,0.0
2021-01-28 08:50:00,0.011157601115760111,0.44678429140580533,-0.35815338793745355,-0.3629708980539189,0.4967216761984531,0.9996659242761693,0.5,-0.7562943450170319,0.6187634156784206,0.8912931578580943,0.35875584941610866,0.07109103605103272,0.0
2021-01-28 09:00:00,0.01603905160390516,0.4382470119521913,-0.3611317944899479,-0.37046955900732004,0.4967216761984531,0.9996659242761693,0.5,-0.7542250526395134,0.633846445617475,0.8730101120314012,0.35100778416033124,0.06045893070463772,0.0
2021-01-28 09:10:00,0.010460251046025104,0.429709732498577,-0.35874906924795247,-0.3740403499375111,0.4967216761984531,0.9996659242761693,0.5,-0.7542250526395134,0.633846445617475,0.8730101120314012,0.35100778416033124,0.06045893070463772,0.0
2021-01-28 09:20:00,0.02092050209205021,0.421172453044963,-0.3548771407297098,-0.3740403499375111,0.4967216761984531,0.9996659242761693,0.5,-0.7542250526395134,0.633846445617475,0.8730101120314012,0.35100778416033124,0.06045893070463772,0.0
2021-01-28 09:30:00,0.04602510460251046,0.4126351735913487,-0.33938942665673866,-0.37225495447241563,0.4967216761984531,0.9996659242761693,0.5,-0.7542250526395134,0.633846445617475,0.8730101120314012,0.35100778416033124,0.06045893070463772,0.0
2021-01-28 09:40:00,0.09135285913528592,0.4040978941377349,-0.32360387192851836,-0.36689876807712907,0.4967216761984531,0.9996659242761693,0.5,-0.7542250526395134,0.633846445617475,0.8730101120314012,0.35100778416033124,0.06045893070463772,0.0
2021-01-28 09:50:00,0.1317991631799163,0.3955606146841204,-0.30275502606105753,-0.3690412426352436,0.4967216761984531,0.9996659242761693,0.5,-0.7542250526395134,0.633846445617475,0.8730101120314012,0.35100778416033124,0.06045893070463772,0.0
2021-01-28 10:00:00,0.099721059972106,0.3870233352305066,-0.2902457185405809,-0.3740403499375111,0.4967216761984531,0.9996659242761693,0.5,-0.5599876993805999,0.6361538704681243,0.6360678135989634,0.27139080609432525,0.04796700208778575,0.0
2021-01-28 10:10:00,0.10320781032078104,0.3784860557768923,-0.28816083395383485,-0.3740403499375111,0.4967216761984531,0.9996659242761693,0.5,-0.5599876993805999,0.6361538704681243,0.6360678135989634,0.27139080609432525,0.04796700208778575,0.0
2021-01-28 10:20:00,0.10808926080892609,0.36994877632327827,-0.28071481757259875,-0.3740403499375111,0.4967216761984531,0.9996659242761693,0.5,-0.5599876993805999,0.6361538704681243,0.6360678135989634,0.27139080609432525,0.04796700208778575,0.0
2021-01-28 10:30:00,0.09902370990237098,0.361411496869664,-0.2702903946388683,-0.37225495447241563,0.4967216761984531,0.9996659242761693,0.5,-0.5599876993805999,0.6361538704681243,0.6360678135989634,0.27139080609432525,0.04796700208778575,0.0
2021-01-28 10:40:00,0.0808926080892608,0.35287421741604996,-0.2676098287416233,-0.36511337261203347,0.4967216761984531,0.9996659242761693,0.5,-0.5599876993805999,0.6361538704681243,0.6360678135989634,0.27139080609432525,0.04796700208778575,0.0
2021-01-28 10:50:00,0.08298465829846582,0.34433693796243614,-0.26582278481012667,-0.359757186216747,0.4967216761984531,0.9996659242761693,0.5,-0.5599876993805999,0.6361538704681243,0.6360678135989634,0.27139080609432525,0.04796700208778575,0.0
2021-01-28 11:00:00,0.09205020920502092,0.33579965850882165,-0.2583767684288907,-0.3565434743795751,0.4967216761984531,0.9996659242761693,0.5,-0.47148514303305666,0.6433951041214695,0.5409610253276972,0.1641990115657333,0.02533584256508219,0.0
2021-01-28 11:10:00,0.09065550906555091,0.32726237905520783,-0.2527177959791512,-0.3533297625424031,0.4967216761984531,0.9996659242761693,0.5,-0.47148514303305666,0.6433951041214695,0.5409610253276972,0.1641990115657333,0.02533584256508219,0.0
2021-01-28 11:20:00,0.09623430962343095,0.31872509960159356,-0.2482501861504096,-0.34797357614711666,0.4967216761984531,0.9996659242761693,0.5,-0.47148514303305666,0.6433951041214695,0.5409610253276972,0.1641990115657333,0.02533584256508219,0.0
2021-01-28 11:30:00,0.11854951185495119,0.3101878201479795,-0.24169769173492195,-0.3454740224959829,0.4967216761984531,0.9996659242761693,0.5,-0.47148514303305666,0.6433951041214695,0.5409610253276972,0.1641990115657333,0.02533584256508219,0.0
2021-01-28 11:40:00,0.13668061366806136,0.30165054069436525,-0.2354430379746837,-0.3454740224959829,0.4967216761984531,0.9996659242761693,0.5,-0.47148514303305666,0.6433951041214695,0.5409610253276972,0.1641990115657333,0.02533584256508219,0.0
2021-01-28 11:50:00,0.15341701534170155,0.2931132612407512,-0.23097542814594196,-0.3454740224959829,0.4967216761984531,0.9996659242761693,0.5,-0.47148514303305666,0.6433951041214695,0.5409610253276972,0.1641990115657333,0.02533584256508219,0.0
2021-01-28 12:00:00,0.16387726638772665,0.28457598178713717,-0.22710349962769927,-0.3454740224959829,0.4967216761984531,0.9996659242761693,0.5,-0.4574204120240556,0.633924030263758,0.49163806691144335,0.11246099187812486,0.8599709832662431,0.0
2021-01-28 12:10:00,0.15550906555090654,0.2760387023335229,-0.22144452717795982,-0.3454740224959829,0.4967216761984531,0.9996659242761693,0.5,-0.4574204120240556,0.633924030263758,0.49163806691144335,0.11246099187812486,0.8599709832662431,0.0
2021-01-28 12:20:00,0.18410041841004185,0.26750142287990886,-0.2125093075204767,-0.34333154793786824,0.43335383648951065,0.5766146993318486,0.5,-0.4574204120240556,0.633924030263758,0.49163806691144335,0.11246099187812486,0.8599709832662431,0.0
2021-01-28 12:30:00,0.20711297071129708,0.2589641434262948,-0.19910647803425174,-0.3265488305659704,0.41372315504312207,0.2094654788418708,0.5,-0.4574204120240556,0.633924030263758,0.49163806691144335,0.11246099187812486,0.8599709832662431,0.010878585331261221
2021-01-28 12:40:00,0.19107391910739194,0.25099601593625476,-0.18004467609828745,-0.2754865202642386,0.41745298451793594,0.00011135857461024499,0.5,-0.4574204120240556,0.633924030263758,0.49163806691144335,0.11246099187812486,0.8599709832662431,0.055569805513224796
2021-01-28 12:50:00,0.2210599721059972,0.15537848605577675,-0.16038719285182446,-0.2237100517764684,0.4133174542932301,0.00011135857461024499,0.5,-0.4574204120240556,0.633924030263758,0.49163806691144335,0.11246099187812486,0.8599709832662431,0.061763507702521245
2021-01-28 13:00:00,0.20292887029288703,-0.17928286852589637,-0.14758004467609842,-0.1808605606141761,0.4054128332308175,0.00011135857461024499,0.5,-0.2530655658368308,0.63035801004003,0.32255235743017263,0.22099166719915084,0.7449629027140171,0.07164627246254357
2021-01-28 13:10:00,0.198744769874477,-0.3705179282868527,-0.13447505584512298,-0.14515265131226573,0.4199918859850022,0.00011135857461024499,0.5,-0.2530655658368308,0.63035801004003,0.32255235743017263,0.22099166719915084,0.7449629027140171,0.06814581227273413
2021-01-28 13:20:00,0.20641562064156208,-0.5856573705179284,-0.12345495160089359,-0.11408677021960356,0.4045359961262122,0.00011135857461024499,0.5,-0.2530655658368308,0.63035801004003,0.32255235743017263,0.22099166719915084,0.7449629027140171,0.06902847141542315
2021-01-28 13:30:00,0.20223152022315202,0.4581673306772909,-0.10915860014892054,-0.09266202463845752,0.39953671591786527,0.000556792873051225,0.5,-0.2530655658368308,0.63035801004003,0.32255235743017263,0.22099166719915084,0.7449629027140171,0.06733104998717504
2021-01-28 13:40:00,0.23500697350069735,-0.4342629482071714,-0.09813849590469104,-0.07195143724334929,0.4009632121029695,0.00022271714922048998,0.5,-0.2530655658368308,0.63035801004003,0.32255235743017263,0.22099166719915084,0.7449629027140171,0.08806976779274861
2021-01-28 13:50:00,0.2873082287308229,0.06772908366533859,-0.08830975428145948,-0.060167827173718935,0.3941971705644476,0.00011135857461024499,0.5,-0.2530655658368308,0.63035801004003,0.32255235743017263,0.22099166719915084,0.7449629027140171,0.1381474719736862
2021-01-28 14:00:00,0.2622036262203626,0.20318725099601576,-0.07520476545048416,-0.05409748259239411,0.39252201908102236,0.00011135857461024499,0.5,-0.23405610590006154,0.6066314758036476,0.30628844607933214,0.34309777990166995,0.7354023219683027,0.13148603587971694
2021-01-28 14:10:00,0.32566248256624825,-0.14741035856573714,-0.06716306775874914,-0.04231387252276375,0.39252201908102236,0.00011135857461024499,0.5,-0.23405610590006154,0.6066314758036476,0.30628844607933214,0.34309777990166995,0.7354023219683027,0.18599212396457293
2021-01-28 14:20:00,0.28870292887029286,0.1633466135458166,-0.060610573343261476,-0.03588644884841985,0.3995498030388295,0.00011135857461024499,0.5,-0.23405610590006154,0.6066314758036476,0.30628844607933214,0.34309777990166995,0.7354023219683027,0.1590295275887563
2021-01-28 14:30:00,0.30822873082287305,0.09960159362549792,-0.05256887565152657,-0.027316550615961277,0.3943673031369829,0.00011135857461024499,0.5,-0.23405610590006154,0.6066314758036476,0.30628844607933214,0.34309777990166995,0.7354023219683027,0.15478974606575435
2021-01-28 14:40:00,0.36610878661087864,0.13147410358565725,-0.04690990320178712,-0.01696125691840733,0.3924696705971653,0.00011135857461024499,0.5,-0.23405610590006154,0.6066314758036476,0.30628844607933214,0.34309777990166995,0.7354023219683027,0.2520708541424627
2021-01-28 14:50:00,0.32217573221757323,0.01195219123505975,-0.03469843633656011,-0.016604177825388367,0.3898391592833492,0.00011135857461024499,0.5,-0.23405610590006154,0.6066314758036476,0.30628844607933214,0.34309777990166995,0.7354023219683027,0.20379618872308644
2021-01-28 15:00:00,0.3228730822873082,-0.043824701195219196,-0.029932985852568983,-0.007320121406891644,0.37893758752012147,0.00011135857461024499,0.5,-0.22181742318700115,0.5853244331292202,0.31588827523534485,0.42783199248740006,0.733257905359345,0.19917920243825157
2021-01-28 15:10:00,0.3688981868898187,-0.003984063745020028,-0.07222635889798967,-0.041242635243706416,0.39855518184554584,0.00011135857461024499,0.5,-0.22181742318700115,0.5853244331292202,0.31588827523534485,0.42783199248740006,0.733257905359345,0.2776830574709175
2021-01-28 15:20:00,0.33403068340306835,0.298804780876494,-0.10230826507818325,-0.09373326191751463,0.3887005797594587,0.00011135857461024499,0.5,-0.22181742318700115,0.5853244331292202,0.31588827523534485,0.42783199248740006,0.733257905359345,0.2400078458590461
2021-01-28 15:30:00,0.3437935843793584,0.019920318725099362,-0.10945644080416994,-0.11480092840564182,0.4024158825300022,0.00011135857461024499,0.5,-0.22181742318700115,0.5853244331292202,0.31588827523534485,0.42783199248740006,0.733257905359345,0.23928361271632695
2021-01-28 15:40:00,0.33403068340306835,-0.01195219123505975,-0.1118391660461654,-0.1180146402428136,0.39248275771812957,0.00011135857461024499,0.5,-0.22181742318700115,0.5853244331292202,0.31588827523534485,0.42783199248740006,0.733257905359345,0.2282466013850959
2021-01-28 15:50:00,0.36959553695955366,0.08366533864541825,-0.11303052866716312,-0.12158543117300469,0.3959508447736583,0.005679287305122495,0.5,-0.22181742318700115,0.5853244331292202,0.31588827523534485,0.42783199248740006,0.733257905359345,0.25723855937957363
2021-01-28 16:00:00,0.3458856345885635,-0.47410358565737054,-0.11094564408041707,-0.12444206391715751,0.39786156443444004,0.47160356347438753,0.5,-0.17842418659319215,0.5745286732738131,0.3056911515572077,0.4742771237424309,0.7342113938691398,0.07469408693815352
2021-01-28 16:10:00,0.45188284518828453,-0.41567065073041176,-0.08979895755770673,-0.10301731833601147,0.39786156443444004,0.9995545657015591,0.5,-0.17842418659319215,0.5745286732738131,0.3056911515572077,0.4742771237424309,0.7342113938691398,0.0
2021-01-28 16:20:00,0.41352859135285913,-0.35723771580345287,-0.07103499627699195,-0.06980896268523484,0.39786156443444004,0.9995545657015591,0.5,-0.17842418659319215,0.5745286732738131,0.3056911515572077,0.4742771237424309,0.7342113938691398,0.0
2021-01-28 16:30:00,0.42329149232914925,-0.298804780876494,-0.061206254653760395,-0.0590965898946616,0.3781261860203374,0.2518930957683742,0.5,-0.17842418659319215,0.5745286732738131,0.3056911515572077,0.4742771237424309,0.7342113938691398,0.2669251776634428
2021-01-28 16:40:00,0.3723849372384937,-0.08366533864541836,-0.06626954579300093,-0.058739510801642525,0.3894334585334573,0.00011135857461024499,0.5,-0.17842418659319215,0.5745286732738131,0.3056911515572077,0.4742771237424309,0.7342113938691398,0.290696621754153
2021-01-28 16:50:00,0.37099023709902373,-0.019920318725099695,-0.09813849590469104,-0.1023031601499732,0.38342647001086233,0.00011135857461024499,0.5,-0.17842418659319215,0.5745286732738131,0.3056911515572077,0.4742771237424309,0.7342113938691398,0.2603542707123135
2021-01-28 17:00:00,0.37935843793584384,0.09960159362549792,-0.10766939687267318,-0.1247991430101768,0.3789114132781929,0.00011135857461024499,0.5,-0.17460519114155282,0.5628967233417725,0.3032815563948114,0.4859385039489828,0.7330660034161666,0.2889690239449583
2021-01-28 17:10:00,0.3451882845188285,0.11553784860557759,-0.11094564408041707,-0.12908409212640592,0.387601261598461,0.00011135857461024499,0.5,-0.17460519114155282,0.5628967233417725,0.3032815563948114,0.4859385039489828,0.7330660034161666,0.24533397709612687
2021-01-28 17:20:00,0.3856345885634589,0.03585657370517925,-0.11124348473566659,-0.13372612033565434,0.39109552289591815,0.00011135857461024499,0.5,-0.17460519114155282,0.5628967233417725,0.3032815563948114,0.4859385039489828,0.7330660034161666,0.29054573984941984
2021-01-28 17:30:00,0.399581589958159,-0.1394422310756973,-0.11392405063291144,-0.13372612033565434,0.38716938660664046,0.00011135857461024499,0.5,-0.17460519114155282,0.5628967233417725,0.3032815563948114,0.4859385039489828,0.7330660034161666,0.3225327036528509
2021-01-28 17:40:00,0.32914923291492326,0.11553784860557759,-0.11511541325390917,-0.13551151580074983,0.3867505987357841,0.00011135857461024499,0.5,-0.17460519114155282,0.5628967233417725,0.3032815563948114,0.4859385039489828,0.7330660034161666,0.2090468790078006
2021-01-28 17:50:00,0.3284518828451883,-0.1633466135458168,-0.12047654504839911,-0.14658096768434214,0.37870201934276476,0.00011135857461024499,0.5,-0.17460519114155282,0.5628967233417725,0.3032815563948114,0.4859385039489828,0.7330660034161666,0.20491271481811188
2021-01-28 18:00:00,0.3312412831241283,-0.15537848605577698,-0.12583767684288916,-0.15158007498660953,0.38120165944693823,0.00011135857461024499,0.5,-0.34104494562279064,0.5608450404733247,0.41562720299910333,0.45137247370596667,0.7208563626347008,0.21225311948338038
2021-01-28 18:10:00,0.3096234309623431,-0.10756972111553798,-0.13209233060312742,-0.16086413140510625,0.3755218489484498,0.00011135857461024499,0.5,-0.34104494562279064,0.5608450404733247,0.41562720299910333,0.45137247370596667,0.7208563626347008,0.18050756672752238
2021-01-28 18:20:00,0.3075313807531381,-0.2270916334661356,-0.1389426656738647,-0.17229066238171753,0.3755218489484498,0.00011135857461024499,0.5,-0.34104494562279064,0.5608450404733247,0.41562720299910333,0.45137247370596667,0.7208563626347008,0.18262745748902334
2021-01-28 18:30:00,0.37377963737796377,-0.10756972111553798,-0.14817572598659734,-0.1744331369398322,0.3641491408305087,0.00011135857461024499,0.5,-0.34104494562279064,0.5608450404733247,0.41562720299910333,0.45137247370596667,0.7208563626347008,0.2786260693754998
2021-01-28 18:40:00,0.3612273361227336,0.17131474103585642,-0.1586001489203277,-0.18121763970719518,0.36172802345212074,0.00011135857461024499,0.5,-0.34104494562279064,0.5608450404733247,0.41562720299910333,0.45137247370596667,0.7208563626347008,0.24360637928693216
2021-01-28 18:50:00,0.37377963737796377,0.003984063745019917,-0.16872673119880877,-0.1887163006605963,0.365274633233435,0.00011135857461024499,0.5,-0.34104494562279064,0.5608450404733247,0.41562720299910333,0.45137247370596667,0.7208563626347008,0.2771625148995881
2021-01-28 19:00:00,0.3451882845188285,-0.10756972111553798,-0.17944899478778864,-0.19585788252097835,0.3698682126918899,0.00011135857461024499,0.5,-0.3662511094071389,0.5755142856321873,0.4796986439892579,0.37698549619267796,0.7047039986433449,0.2428519697632663
2021-01-28 19:10:00,0.32147838214783825,0.07569721115537842,-0.1898734177215191,-0.20764149259060882,0.37304838308620486,0.00011135857461024499,0.5,-0.3662511094071389,0.5755142856321873,0.4796986439892579,0.37698549619267796,0.7047039986433449,0.20779455919851533
2021-01-28 19:20:00,0.33751743375174337,-0.13147410358565736,-0.19910647803425174,-0.22049633993929663,0.3730091217233121,0.00011135857461024499,0.5,-0.3662511094071389,0.5755142856321873,0.4796986439892579,0.37698549619267796,0.7047039986433449,0.23111335757502605
2021-01-28 19:30:00,0.39121338912133896,0.12350597609561742,-0.20804169769173497,-0.21978218175325825,0.3619374173875489,0.00011135857461024499,0.5,-0.3662511094071389,0.5755142856321873,0.4796986439892579,0.37698549619267796,0.7047039986433449,0.31093742927410717
2021-01-28 19:40:00,0.3103207810320781,0.25099601593625476,-0.21489203276247215,-0.22263881449741119,0.3641491408305087,0.00011135857461024499,0.5,-0.3662511094071389,0.5755142856321873,0.4796986439892579,0.37698549619267796,0.7047039986433449,0.20869230653167767
2021-01-28 19:50:00,0.2907949790794979,0.49003984063745,-0.22144452717795982,-0.2351365827530797,0.3619112431456204,0.00011135857461024499,0.5,-0.3662511094071389,0.5755142856321873,0.4796986439892579,0.37698549619267796,0.7047039986433449,0.1873349729166981
2021-01-28 20:00:00,0.2873082287308229,0.5139442231075697,-0.22263588979895765,-0.24049276914836637,0.3619112431456204,0.00011135857461024499,0.5,-0.3818599216936166,0.589795607559619,0.5109512238640846,0.3602013484901979,0.7140943439511674,0.1722241501576716
2021-01-28 20:10:00,0.28591352859135283,0.11553784860557759,-0.193149664929263,-0.19407248705588287,0.36944942482103366,0.00011135857461024499,0.5,-0.3818599216936166,0.589795607559619,0.5109512238640846,0.3602013484901979,0.7140943439511674,0.16474795177814325
2021-01-28 20:20:00,0.27405857740585776,-0.21115537848605592,-0.21518987341772167,-0.20871272986966605,0.375783591367735,0.00011135857461024499,0.5,-0.3818599216936166,0.589795607559619,0.5109512238640846,0.3602013484901979,0.7140943439511674,0.16784103082517313
2021-01-28 20:30:00,0.3396094839609484,-0.043824701195219196,-0.20685033507073725,-0.21014104624174257,0.375783591367735,0.00011135857461024499,0.5,-0.3818599216936166,0.589795607559619,0.5109512238640846,0.3602013484901979,0.7140943439511674,0.22633794529022133
2021-01-28 20:40:00,0.32566248256624825,0.4183266932270917,-0.21578555472822047,-0.20585609712551323,0.375783591367735,0.00011135857461024499,0.5,-0.3818599216936166,0.589795607559619,0.5109512238640846,0.3602013484901979,0.7140943439511674,0.18772726586900434
2021-01-28 20:50:00,0.31450488145048816,0.2350597609561753,-0.22740134028294878,-0.23763613640421344,0.38750965175171115,0.00011135857461024499,0.5,-0.3818599216936166,0.589795607559619,0.5109512238640846,0.3602013484901979,0.7140943439511674,0.1680145450156163
2021-01-28 21:00:00,0.2914923291492329,0.17928286852589648,-0.23365599404318704,-0.24799143010176738,0.3896428524688854,0.00011135857461024499,0.5,-0.3932965626639514,0.6104905935800163,0.5219455011231293,0.3307706795925414,0.7406025833387199,0.1311691838797773
2021-01-28 21:10:00,0.2796373779637378,0.38645418326693215,-0.23901712583767698,-0.25656132833422596,0.3896428524688854,0.00011135857461024499,0.5,-0.3932965626639514,0.6104905935800163,0.5219455011231293,0.3307706795925414,0.7406025833387199,0.12506601083332075
2021-01-28 21:20:00,0.19386331938633192,0.346613545816733,-0.24288905435591968,-0.2622745938225317,0.4016437423931109,0.00011135857461024499,0.5,-0.3932965626639514,0.6104905935800163,0.5219455011231293,0.3307706795925414,0.7406025833387199,0.08650059598352369
2021-01-28 21:30:00,0.19177126917712692,0.10756972111553775,-0.2470588235294119,-0.2637029101946081,0.4035021135700358,0.00011135857461024499,0.5,-0.3932965626639514,0.6104905935800163,0.5219455011231293,0.3307706795925414,0.7406025833387199,0.06977533684385231
2021-01-28 21:40:00,0.14295676429567641,0.09960159362549792,-0.2479523454951601,-0.26691662203178,0.4035021135700358,0.00011135857461024499,0.5,-0.3932965626639514,0.6104905935800163,0.5219455011231293,0.3307706795925414,0.7406025833387199,0.04228465380146959
2021-01-28 21:50:00,0.1680613668061367,0.24302788844621515,-0.23782576321667914,-0.2540617746830922,0.4167462799858659,0.00011135857461024499,0.5,-0.3932965626639514,0.6104905935800163,0.5219455011231293,0.3307706795925414,0.7406025833387199,0.04277501999185238
2021-01-28 22:00:00,0.13598326359832635,-0.15537848605577698,-0.19910647803425174,-0.18336011426530985,0.41992645038018084,0.00011135857461024499,0.5,-0.4573573079787594,0.6179473401397112,0.5778362898144037,0.29982064819663534,0.7853903463704046,0.026728729423480244
2021-01-28 22:10:00,0.14714086471408647,-0.17131474103585675,-0.1821295606850335,-0.13658275307980716,0.41992645038018084,0.00011135857461024499,0.5,-0.4573573079787594,0.6179473401397112,0.5778362898144037,0.29982064819663534,0.7853903463704046,0.03842207704030056
2021-01-28 22:20:00,0.15690376569037656,-0.15537848605577698,-0.17200297840655265,-0.11158721656846982,0.41992645038018084,0.00011135857461024499,0.5,-0.4573573079787594,0.6179473401397112,0.5778362898144037,0.29982064819663534,0.7853903463704046,0.04896872218114881
2021-01-28 22:30:00,0.19316596931659694,0.4501992031872508,-0.1624720774385705,-0.09873236921978212,0.41992645038018084,0.00011135857461024499,0.5,-0.4573573079787594,0.6179473401397112,0.5778362898144037,0.29982064819663534,0.7853903463704046,0.04463086742007031
2021-01-28 22:40:00,0.1799163179916318,0.33864541832669315,-0.15502606105733452,-0.09194786645241915,0.4206069806703223,0.00011135857461024499,0.5,-0.4573573079787594,0.6179473401397112,0.5778362898144037,0.29982064819663534,0.7853903463704046,0.03341279780315947
2021-01-28 22:50:00,0.0808926080892608,0.7689243027888444,-0.16336559940431883,-0.08230673094090324,0.44610069230869903,0.7280623608017817,0.5,-0.4573573079787594,0.6179473401397112,0.5778362898144037,0.29982064819663534,0.7853903463704046,0.0
2021-01-28 23:00:00,0.10529986052998605,0.9043824701195218,-0.20536113179449,-0.09623281556864838,0.4487181165015508,0.9989977728285078,0.5,-0.5371144507930198,0.6131658271241686,0.6522281178108281,0.28170673283899833,0.8500974065062573,0.0
2021-01-28 23:10:00,0.10111576011157601,0.6175298804780875,-0.22948622486969483,-0.1230137475450811,0.4487181165015508,0.9989977728285078,0.5,-0.5371144507930198,0.6131658271241686,0.6522281178108281,0.28170673283899833,0.8500974065062573,0.0
2021-01-28 23:20:00,0.12552301255230125,0.3306772908366533,-0.24110201042442314,-0.15158007498660953,0.4487181165015508,0.9989977728285078,0.5,-0.5371144507930198,0.6131658271241686,0.6522281178108281,0.28170673283899833,0.8500974065062573,0.0
2021-01-28 23:30:00,0.18549511854951187,0.043824701195219085,-0.26075949367088613,-0.17621853240492769,0.45532711258850167,0.9561247216035635,0.5,-0.5371144507930198,0.6131658271241686,0.6522281178108281,0.28170673283899833,0.8500974065062573,0.0
2021-01-28 23:40:00,0.3716875871687587,-0.24302788844621515,-0.2682055100521221,-0.18764506338153897,0.48883014225700483,0.01982182628062361,0.5,-0.5371144507930198,0.6131658271241686,0.6522281178108281,0.28170673283899833,0.8500974065062573,0.17666007815682666
2021-01-28 23:50:00,0.33054393305439334,0.24302788844621515,-0.2524199553239018,-0.1744331369398322,0.4848778317257986,0.00011135857461024499,0.5,-0.5371144507930198,0.6131658271241686,0.6522281178108281,0.28170673283899833,0.8500974065062573,0.16443864387344026
2021-01-29 00:00:00,0.37900976290097627,0.2350597609561753,-0.272375288160834,-0.20353508302088907,0.4848778317257986,0.00011135857461024499,0.5,-0.5531243006274049,0.6041372731008304,0.6740529552953584,0.2830727812678585,0.9019480579062389,0.20753051586523227
2021-01-29 00:10:00,0.42747559274755925,0.22709163346613526,-0.29233060312732695,-0.23263702910194595,0.4848778317257986,0.00011135857461024499,0.5,-0.5531243006274049,0.6041372731008304,0.6740529552953584,0.2830727812678585,0.9019480579062389,0.2506223878570243
2021-01-29 00:20:00,0.49721059972105996,0.38645418326693215,-0.2905435591958303,-0.25227637921799684,0.4848778317257986,0.00011135857461024499,0.5,-0.5531243006274049,0.6041372731008304,0.6740529552953584,0.2830727812678585,0.9019480579062389,0.4195724006819862
2021-01-29 00:30:00,0.49860529986053004,0.2589641434262948,-0.2792256142963515,-0.2558471701481878,0.4848778317257986,0.00011135857461024499,0.5,-0.5531243006274049,0.6041372731008304,0.6740529552953584,0.2830727812678585,0.9019480579062389,0.4414351886778219
2021-01-29 00:40:00,0.4804741980474198,0.03585657370517925,-0.2717795979151155,-0.2544188537761113,0.4848778317257986,0.00011135857461024499,0.5,-0.5531243006274049,0.6041372731008304,0.6740529552953584,0.2830727812678585,0.9019480579062389,0.41807866982512787
2021-01-29 00:50:00,0.4874476987447699,-0.3466135458167332,-0.26850335070737164,-0.2526334583110159,0.4848778317257986,0.00011135857461024499,0.5,-0.5531243006274049,0.6041372731008304,0.6740529552953584,0.2830727812678585,0.9019480579062389,0.4005235602094241
2021-01-29 01:00:00,0.5327754532775453,-0.2828685258964144,-0.26582278481012667,-0.2526334583110159,0.4848778317257986,0.00011135857461024499,0.5,-0.640766747503438,0.5987465769366701,0.7373580585366386,0.2899560839306902,0.9467387044145803,0.48652624590732835
2021-01-29 01:10:00,0.5418410041841004,-0.12350597609561753,-0.2670141474311244,-0.25227637921799684,0.4848778317257986,0.00011135857461024499,0.5,-0.640766747503438,0.5987465769366701,0.7373580585366386,0.2899560839306902,0.9467387044145803,0.5245333977096127
2021-01-29 01:20:00,0.5418410041841004,-0.0916334661354582,-0.26582278481012667,-0.24763435100874842,0.4848778317257986,0.00011135857461024499,0.5,-0.640766747503438,0.5987465769366701,0.7373580585366386,0.2899560839306902,0.9467387044145803,0.5284035185660184
2021-01-29 01:30:00,0.5285913528591353,0.003984063745019917,-0.26582278481012667,-0.24549187645063375,0.4848778317257986,0.00011135857461024499,0.5,-0.640766747503438,0.5987465769366701,0.7373580585366386,0.2899560839306902,0.9467387044145803,0.5574105647509694
2021-01-29 01:40:00,0.5230125523012552,0.03585657370517925,-0.26880119136262115,-0.24442063917157653,0.4848778317257986,0.00011135857461024499,0.5,-0.640766747503438,0.5987465769366701,0.7373580585366386,0.2899560839306902,0.9467387044145803,0.5234847684717172
2021-01-29 01:50:00,0.5132496513249651,-0.19521912350597614,-0.26880119136262115,-0.24299232279950012,0.4848778317257986,0.00011135857461024499,0.5,-0.640766747503438,0.5987465769366701,0.7373580585366386,0.2899560839306902,0.9467387044145803,0.475760822004617
2021-01-29 02:00:00,0.4923291492329149,-0.2589641434262948,-0.26880119136262115,-0.24192108552044278,0.4802188166625224,0.00011135857461024499,0.5,-0.6421438965680673,0.5947006813081334,0.750004723826104,0.3092531701965122,0.9684859451024096,0.4319296286796324
2021-01-29 02:10:00,0.4595536959553696,0.027888446215139417,-0.2679076693968728,-0.24192108552044278,0.4736490819384644,0.00011135857461024499,0.5,-0.6421438965680673,0.5947006813081334,0.750004723826104,0.3092531701965122,0.9684859451024096,0.4071170994462634
2021-01-29 02:20:00,0.403068340306834,-0.3944223107569722,-0.2682055100521221,-0.2383502945902518,0.4736490819384644,0.00011135857461024499,0.5,-0.6421438965680673,0.5947006813081334,0.750004723826104,0.3092531701965122,0.9684859451024096,0.30309911432321923
2021-01-29 02:30:00,0.41143654114365413,-0.1872509960159363,-0.2711839166046166,-0.24263524370648093,0.4736490819384644,0.00011135857461024499,0.5,-0.6421438965680673,0.5947006813081334,0.750004723826104,0.3092531701965122,0.9684859451024096,0.3144529776543899
2021-01-29 02:40:00,0.44142259414225943,0.09960159362549792,-0.2792256142963515,-0.24763435100874842,0.4736490819384644,0.00011135857461024499,0.5,-0.6421438965680673,0.5947006813081334,0.750004723826104,0.3092531701965122,0.9684859451024096,0.32281937927184395
2021-01-29 02:50:00,0.4225941422594142,0.3306772908366533,-0.2908413998510798,-0.2554900910551686,0.48206410071848294,0.00011135857461024499,0.5,-0.6421438965680673,0.5947006813081334,0.750004723826104,0.3092531701965122,0.9684859451024096,0.2708330189960318
2021-01-29 03:00:00,0.2315202231520223,-0.23505976095617542,-0.3527922561429636,-0.27905731119442967,0.5149258614597375,0.00011135857461024499,0.5,-0.6543347509508133,0.5957753723344649,0.768569297007174,0.3081071389390556,0.975700879414337,0.08515774703139853
2021-01-29 03:10:00,0.32217573221757323,0.03585657370517925,-0.3450483991064781,-0.30012497768255664,0.48744290743479346,0.00011135857461024499,0.5,-0.6543347509508133,0.5957753723344649,0.768569297007174,0.3081071389390556,0.975700879414337,0.17000618615809407
2021-01-29 03:20:00,0.13528591352859135,0.3545816733067728,-0.35457930007446026,-0.3026245313336904,0.5136171493633116,0.00011135857461024499,0.5,-0.6543347509508133,0.5957753723344649,0.768569297007174,0.3081071389390556,0.975700879414337,0.031232554279765228
2021-01-29 03:30:00,0.18479776847977683,-0.5298804780876495,-0.32777364110201046,-0.24906266738082483,0.5117587781863868,0.00011135857461024499,0.5,-0.6543347509508133,0.5957753723344649,0.768569297007174,0.3081071389390556,0.975700879414337,0.05876850189356791
2021-01-29 03:40:00,0.15760111576011157,-0.19521912350597614,-0.3012658227848103,-0.18764506338153897,0.5080289487115729,0.00011135857461024499,0.5,-0.6543347509508133,0.5957753723344649,0.768569297007174,0.3081071389390556,0.975700879414337,0.03163993542254477
2021-01-29 03:50:00,0.23500697350069735,-0.45019920318725104,-0.279523454951601,-0.1615782895911445,0.49524283152949183,0.00011135857461024499,0.5,-0.6543347509508133,0.5957753723344649,0.768569297007174,0.3081071389390556,0.975700879414337,0.05897219246495768
2021-01-29 04:00:00,0.12133891213389121,0.08366533864541825,-0.2699925539836189,-0.14086770219603628,0.5039457669707241,0.00011135857461024499,0.5,-0.7234013280533169,0.6010683693144101,0.8247315947370617,0.30867974773129836,0.9740932454513188,0.01372270923548139
2021-01-29 04:10:00,0.11576011157601115,-0.08366533864541836,-0.27356664184661206,-0.1101589001963934,0.5117587781863868,0.02271714922048998,0.5,-0.7234013280533169,0.6010683693144101,0.8247315947370617,0.30867974773129836,0.9740932454513188,0.0
2021-01-29 04:20:00,0.10460251046025104,0.7051792828685257,-0.28041697691734935,-0.12122835207998572,0.5056863540589706,0.523608017817372,0.5,-0.7234013280533169,0.6010683693144101,0.8247315947370617,0.30867974773129836,0.9740932454513188,0.0
2021-01-29 04:30:00,0.09065550906555091,-0.4820717131474104,-0.29679821295606856,-0.1390823067309409,0.5093114865660704,0.9988864142538976,0.5,-0.7234013280533169,0.6010683693144101,0.8247315947370617,0.30867974773129836,0.9740932454513188,0.0
2021-01-29 04:40:00,0.08786610878661089,-0.7131474103585658,-0.30483991064780347,-0.15765041956793413,0.5093114865660704,0.9988864142538976,0.5,-0.7234013280533169,0.6010683693144101,0.8247315947370617,0.30867974773129836,0.9740932454513188,0.0
2021-01-29 04:50:00,0.11506276150627615,-0.5219123505976095,-0.3128816083395384,-0.17728976968398502,0.5093114865660704,0.9988864142538976,0.5,-0.7234013280533169,0.6010683693144101,0.8247315947370617,0.30867974773129836,0.9740932454513188,0.0
2021-01-29 05:00:00,0.12273361227336123,-0.6972111553784861,-0.3164556962025318,-0.1951437243349402,0.5093114865660704,0.9988864142538976,0.5,-0.7313579076673083,0.5982034844126694,0.8366365242176298,0.3206483798925738,0.9775261946077414,0.0
2021-01-29 05:10:00,0.09483960948396096,-0.6148738379814078,-0.3164556962025318,-0.2112122835207998,0.5093114865660704,0.9988864142538976,0.5,-0.7313579076673083,0.5982034844126694,0.8366365242176298,0.3206483798925738,0.9775261946077414,0.0
2021-01-29 05:20:00,0.1506276150627615,-0.5325365205843295,-0.3161578555472824,-0.22763792179967846,0.5093114865660704,0.9988864142538976,0.5,-0.7313579076673083,0.5982034844126694,0.8366365242176298,0.3206483798925738,0.9775261946077414,0.0
2021-01-29 05:30:00,0.1792189679218968,-0.45019920318725104,-0.3215189873417723,-0.2415640064274236,0.5022313541244061,0.49521158129175946,0.5,-0.7313579076673083,0.5982034844126694,0.8366365242176298,0.3206483798925738,0.9775261946077414,0.0
2021-01-29 05:40:00,0.12691771269177127,0.7609561752988048,-0.3140729709605362,-0.2497768255668631,0.49284788839303245,0.5636971046770601,0.5,-0.7313579076673083,0.5982034844126694,0.8366365242176298,0.3206483798925738,0.9775261946077414,0.0
2021-01-29 05:50:00,0.16108786610878661,0.5537848605577689,-0.32330603127326885,-0.24692019282271016,0.49284788839303245,0.9988864142538976,0.5,-0.7313579076673083,0.5982034844126694,0.8366365242176298,0.3206483798925738,0.9775261946077414,0.0
2021-01-29 06:00:00,0.27405857740585776,0.11553784860557759,-0.32360387192851836,-0.2494197464738439,0.49284788839303245,0.3359688195991092,0.5,-0.7622192878915278,0.5938989732965148,0.8942961163047837,0.33992902092356736,0.0007103981175650708,0.044487529610573805
2021-01-29 06:10:00,0.30613668061366806,-0.5378486055776892,-0.29918093819806413,-0.22049633993929663,0.49284788839303245,0.00011135857461024499,0.5,-0.7622192878915278,0.5938989732965148,0.8942961163047837,0.33992902092356736,0.0007103981175650708,0.09258113674427026
2021-01-29 06:20:00,0.296373779637378,-0.17928286852589637,-0.277438570364855,-0.19907159435815036,0.47939432804177406,0.00011135857461024499,0.5,-0.7622192878915278,0.5938989732965148,0.8942961163047837,0.33992902092356736,0.0007103981175650708,0.11165260950254237
2021-01-29 06:30:00,0.2719665271966527,-0.5139442231075697,-0.2589724497393895,-0.1822888769862525,0.4759916765910668,0.00011135857461024499,0.5,-0.7622192878915278,0.5938989732965148,0.8942961163047837,0.33992902092356736,0.0007103981175650708,0.10901972026494862
2021-01-29 06:40:00,0.23500697350069735,-0.5458167330677292,-0.24676098287416237,-0.1680057132654883,0.45875593828113753,0.00011135857461024499,0.5,-0.7622192878915278,0.5938989732965148,0.8942961163047837,0.33992902092356736,0.0007103981175650708,0.0973640931243116
2021-01-29 06:50:00,0.24058577405857742,-0.15537848605577698,-0.23514519731943417,-0.15443670773076235,0.4508382300977608,0.00011135857461024499,0.5,-0.7622192878915278,0.5938989732965148,0.8942961163047837,0.33992902092356736,0.0007103981175650708,0.1004571721713415
2021-01-29 07:00:00,0.23221757322175732,0.2589641434262948,-0.22591213700670154,-0.14372433494018932,0.444333930978524,0.00011135857461024499,0.5,-0.7683223696169365,0.6330045085300006,0.8989649050789945,0.32952773988421885,0.01230316690396144,0.09068756883986903
2021-01-29 07:10:00,0.23849372384937237,-0.21912350597609564,-0.21876396128071496,-0.13551151580074983,0.44972582481579876,0.00011135857461024499,0.5,-0.7683223696169365,0.6330045085300006,0.8989649050789945,0.32952773988421885,0.01230316690396144,0.10305234093275194
2021-01-29 07:20:00,0.2105997210599721,-0.15537848605577698,-0.26969471332836936,-0.18478843063738626,0.4374501053513237,0.00011135857461024499,0.5,-0.7683223696169365,0.6330045085300006,0.8989649050789945,0.32952773988421885,0.01230316690396144,0.08159693407969582
2021-01-29 07:30:00,0.20641562064156208,-0.19521912350597614,-0.30394638868205526,-0.2540617746830922,0.4374501053513237,0.00011135857461024499,0.5,-0.7683223696169365,0.6330045085300006,0.8989649050789945,0.32952773988421885,0.01230316690396144,0.07786260693754998
2021-01-29 07:40:00,0.19456066945606695,0.027888446215139417,-0.3164556962025318,-0.28262810212462053,0.4374501053513237,0.00011135857461024499,0.5,-0.7683223696169365,0.6330045085300006,0.8989649050789945,0.32952773988421885,0.01230316690396144,0.06724052084433514
2021-01-29 07:50:00,0.1589958158995816,-0.09960159362549814,-0.32360387192851836,-0.2994108194965186,0.4374501053513237,0.00011135857461024499,0.5,-0.7683223696169365,0.6330045085300006,0.8989649050789945,0.32952773988421885,0.01230316690396144,0.04455542646770373
2021-01-29 08:00:00,0.16108786610878661,-0.38645418326693237,-0.33075204765450494,-0.3101231922870915,0.4351336849406499,0.00011135857461024499,0.5,-0.7741139668396915,0.6289155103201955,0.9021185187045127,0.33149617753606647,0.010040454671767656,0.043936810658297756
2021-01-29 08:10:00,0.1603905160390516,0.4422310756972112,-0.33432613551749824,-0.3169076950544545,0.42105194278310715,0.00011135857461024499,0.5,-0.7741139668396915,0.6289155103201955,0.9021185187045127,0.33149617753606647,0.010040454671767656,0.046139686467401964
2021-01-29 08:20:00,0.14644351464435149,-0.03585657370517936,-0.3376023827252421,-0.32404927691483665,0.42105194278310715,0.00011135857461024499,0.5,-0.7741139668396915,0.6289155103201955,0.9021185187045127,0.33149617753606647,0.010040454671767656,0.041168127706444166
2021-01-29 08:30:00,0.1589958158995816,0.1872509960159361,-0.3408786299329859,-0.3279771469380467,0.42105194278310715,0.00011135857461024499,0.5,-0.7741139668396915,0.6289155103201955,0.9021185187045127,0.33149617753606647,0.010040454671767656,0.04227710970623293
2021-01-29 08:40:00,0.12691771269177127,0.12350597609561742,-0.3054355919583024,-0.2640599892876272,0.40893326877020325,0.00011135857461024499,0.5,-0.7741139668396915,0.6289155103201955,0.9021185187045127,0.33149617753606647,0.010040454671767656,0.014446942378200581
2021-01-29 08:50:00,0.11576011157601115,0.2749003984063745,-0.28458674609084145,-0.1983574361721121,0.404627605972962,0.00011135857461024499,0.5,-0.7741139668396915,0.6289155103201955,0.9021185187045127,0.33149617753606647,0.010040454671767656,0.008502195331713867
2021-01-29 09:00:00,0.14783821478382148,0.593625498007968,-0.2702903946388683,-0.16443492233529733,0.41067385585844973,0.00011135857461024499,0.5,-0.782413549625895,0.6487254566718501,0.9124014955443224,0.3299057723466231,0.006087040340709001,0.029150383994447547
2021-01-29 09:10:00,0.17224546722454673,0.1633466135458166,-0.2589724497393895,-0.14836636314943752,0.42107811702503567,0.00011135857461024499,0.5,-0.782413549625895,0.6487254566718501,0.9124014955443224,0.3299057723466231,0.006087040340709001,0.05391010456115998
2021-01-29 09:20:00,0.15202231520223153,-0.3227091633466136,-0.251824274013403,-0.14086770219603628,0.42107811702503567,0.00011135857461024499,0.5,-0.782413549625895,0.6487254566718501,0.9124014955443224,0.3299057723466231,0.006087040340709001,0.0434766208488616
2021-01-29 09:30:00,0.13807531380753138,-0.50597609561753,-0.24467609828741632,-0.12658453847527218,0.42107811702503567,0.00011135857461024499,0.5,-0.782413549625895,0.6487254566718501,0.9124014955443224,0.3299057723466231,0.006087040340709001,0.03291488751754002
2021-01-29 09:40:00,0.1387726638772664,-0.08366533864541836,-0.24110201042442314,-0.10944474201035537,0.42107811702503567,0.00011135857461024499,0.5,-0.782413549625895,0.6487254566718501,0.9124014955443224,0.3299057723466231,0.006087040340709001,0.029323898184890684
2021-01-29 09:50:00,0.14714086471408647,-0.0916334661354582,-0.2357408786299332,-0.09159078735940018,0.42107811702503567,0.00011135857461024499,0.5,-0.782413549625895,0.6487254566718501,0.9124014955443224,0.3299057723466231,0.006087040340709001,0.0359551578979133
2021-01-29 10:00:00,0.21199442119944212,-0.003984063745020028,-0.22352941176470598,-0.08444920549901802,0.42107811702503567,0.00011135857461024499,0.5,-0.545501552086019,0.6595413310651812,0.7016407338124624,0.25869852935573695,0.9976618158159594,0.07058255503417475
2021-01-29 10:10:00,0.20502092050209206,0.4183266932270917,-0.22561429635145203,-0.09337618282449556,0.42107811702503567,0.00011135857461024499,0.5,-0.545501552086019,0.6595413310651812,0.7016407338124624,0.25869852935573695,0.9976618158159594,0.06969989589148573
2021-01-29 10:20:00,0.21478382147838215,0.33864541832669315,-0.2431868950111692,-0.13194072487055875,0.42107811702503567,0.00011135857461024499,0.5,-0.545501552086019,0.6595413310651812,0.7016407338124624,0.25869852935573695,0.9976618158159594,0.07018271798663187
2021-01-29 10:30:00,0.2301255230125523,0.003984063745019917,-0.21340282948622502,-0.10480271380110695,0.42107811702503567,0.00011135857461024499,0.5,-0.545501552086019,0.6595413310651812,0.7016407338124624,0.25869852935573695,0.9976618158159594,0.08751904884047257
2021-01-29 10:40:00,0.23291492329149233,0.1872509960159361,-0.23723008190618022,-0.12729869666131055,0.42107811702503567,0.00011135857461024499,0.5,-0.545501552086019,0.6595413310651812,0.7016407338124624,0.25869852935573695,0.9976618158159594,0.09028773179232616
2021-01-29 10:50:00,0.23500697350069735,-0.03585657370517936,-0.21072226358897994,-0.11408677021960356,0.42107811702503567,0.00011135857461024499,0.5,-0.545501552086019,0.6595413310651812,0.7016407338124624,0.25869852935573695,0.9976618158159594,0.07685169817583777
2021-01-29 11:00:00,0.18549511854951187,0.2669322709163344,-0.20565897244973952,-0.09801821103374397,0.42107811702503567,0.00011135857461024499,0.5,-0.49608061174902607,0.6651848957061222,0.5762153516866342,0.1482407238473663,0.9273628041410741,0.055547173227514825
2021-01-29 11:10:00,0.18967921896792192,0.2350597609561753,-0.2089352196574834,-0.10908766291733607,0.42107811702503567,0.00011135857461024499,0.5,-0.49608061174902607,0.6651848957061222,0.5762153516866342,0.1482407238473663,0.9273628041410741,0.05761425532235919
2021-01-29 11:20:00,0.19665271966527195,-0.31474103585657376,-0.18510796723752798,-0.07659346545259771,0.42107811702503567,0.00011135857461024499,0.5,-0.49608061174902607,0.6651848957061222,0.5762153516866342,0.1482407238473663,0.9273628041410741,0.05390256046592332
2021-01-29 11:30:00,0.15690376569037656,-0.5697211155378487,-0.1889798957557708,-0.06588109266202469,0.41110573085027025,0.00011135857461024499,0.5,-0.49608061174902607,0.6651848957061222,0.5762153516866342,0.1482407238473663,0.9273628041410741,0.04006668980189206
2021-01-29 11:40:00,0.18549511854951187,-0.2749003984063746,-0.1934475055845124,-0.08302088912694161,0.3951394432738742,0.00011135857461024499,0.5,-0.49608061174902607,0.6651848957061222,0.5762153516866342,0.1482407238473663,0.9273628041410741,0.05024367427614406
2021-01-29 11:50:00,0.23430962343096234,0.05179282868525892,-0.16366344005956823,-0.05052669166220303,0.38820326916281683,0.00011135857461024499,0.5,-0.49608061174902607,0.6651848957061222,0.5762153516866342,0.1482407238473663,0.9273628041410741,0.09306395883941639
2021-01-29 12:00:00,0.21478382147838215,-0.1394422310756973,-0.19195830230826516,-0.08230673094090324,0.38813783355799564,0.00011135857461024499,0.5,-0.46542075089144463,0.6699376736674831,0.5053639203926876,0.2237696371308234,0.7616024836741294,0.0770252123662809
2021-01-29 12:10:00,0.20013947001394702,0.027888446215139417,-0.16038719285182446,-0.05302624531333677,0.3808613943018675,0.00011135857461024499,0.5,-0.46542075089144463,0.6699376736674831,0.5053639203926876,0.2237696371308234,0.7616024836741294,0.06608627427312642
2021-01-29 12:20:00,0.20362622036262204,0.03585657370517925,-0.16485480268056596,-0.04874129619710765,0.3726819436992056,0.00011135857461024499,0.5,-0.46542075089144463,0.6699376736674831,0.5053639203926876,0.2237696371308234,0.7616024836741294,0.0776438281756869
2021-01-29 12:30:00,0.20432357043235705,-0.4103585657370519,-0.15889798957557721,-0.0590965898946616,0.36376961432254523,0.00011135857461024499,0.5,-0.46542075089144463,0.6699376736674831,0.5053639203926876,0.2237696371308234,0.7616024836741294,0.07179715436727674
2021-01-29 12:40:00,0.25592747559274753,-0.26693227091633476,-0.1428145941921073,-0.03160149973219073,0.3524623418094253,0.00011135857461024499,0.5,-0.46542075089144463,0.6699376736674831,0.5053639203926876,0.2237696371308234,0.7616024836741294,0.1157113327398645
2021-01-29 12:50:00,0.2691771269177127,0.19521912350597592,-0.18749069247952344,-0.08016425638278879,0.3414168117155907,0.000779510022271715,0.5,-0.46542075089144463,0.6699376736674831,0.5053639203926876,0.2237696371308234,0.7616024836741294,0.14008630444950737
2021-01-29 13:00:00,0.26638772663877264,0.33864541832669315,-0.17885331347728972,-0.0798071772897695,0.35066940623732185,0.015701559020044543,0.5,-0.3033028563919362,0.6581419339266192,0.38165965955226755,0.34357405885493725,0.7326788925763845,0.13141059492735035
2021-01-29 13:10:00,0.298465829846583,-0.003984063745020028,-0.22382725241995538,-0.142653097661132,0.3552368114538483,0.005011135857461025,0.5,-0.3033028563919362,0.6581419339266192,0.38165965955226755,0.34357405885493725,0.7326788925763845,0.17208081234817507
2021-01-29 13:20:00,0.298465829846583,0.01195219123505975,-0.21340282948622502,-0.15586502410283876,0.35928073183180426,0.002561247216035635,0.5,-0.3033028563919362,0.6581419339266192,0.38165965955226755,0.34357405885493725,0.7326788925763845,0.16719223863482052
2021-01-29 13:30:00,0.29707112970711297,0.19521912350597592,-0.2047654504839912,-0.1312265666845207,0.37139940584470826,0.007238307349665925,0.5,-0.3033028563919362,0.6581419339266192,0.38165965955226755,0.34357405885493725,0.7326788925763845,0.15968586387434555
2021-01-29 13:40:00,0.29218967921896793,-0.043824701195219196,-0.22472077438570381,-0.16907695054454563,0.3755872845532711,0.0035634743875278397,0.5,-0.3033028563919362,0.6581419339266192,0.38165965955226755,0.34357405885493725,0.7326788925763845,0.18077161006080542
2021-01-29 13:50:00,0.38284518828451886,-0.1394422310756973,-0.2244229337304543,-0.1808605606141761,0.3604454855976234,0.0036748329621380848,0.5,-0.3033028563919362,0.6581419339266192,0.38165965955226755,0.34357405885493725,0.7326788925763845,0.2770040888996183
2021-01-29 14:00:00,0.4107391910739191,-0.2828685258964144,-0.22710349962769927,-0.18121763970719518,0.36808836424075064,0.0027839643652561247,0.5,-0.28594230649287933,0.6490099337082289,0.3633149820615082,0.4402369612998693,0.7356703741486245,0.33220423374624686
2021-01-29 14:10:00,0.35006973500697347,0.08366533864541825,-0.22531645569620262,-0.1840742724513479,0.3677088377327872,0.013251670378619154,0.5,-0.28594230649287933,0.6490099337082289,0.3633149820615082,0.4402369612998693,0.7356703741486245,0.23779742595470524
2021-01-29 14:20:00,0.33054393305439334,-0.1633466135458168,-0.2014892032762473,-0.17014818782360286,0.3764772087788408,0.02416481069042316,0.5,-0.28594230649287933,0.6490099337082289,0.3633149820615082,0.4402369612998693,0.7356703741486245,0.18885133605926643
2021-01-29 14:30:00,0.4093444909344491,0.003984063745019917,-0.2005956813104991,-0.15550794500981968,0.3720537618929212,0.01135857461024499,0.5,-0.28594230649287933,0.6490099337082289,0.3633149820615082,0.4402369612998693,0.7356703741486245,0.32840200974697104
2021-01-29 14:40:00,0.3542538354253836,-0.05179282868525903,-0.20565897244973952,-0.16550615961435466,0.38201306094672227,0.00033407572383073496,0.5,-0.28594230649287933,0.6490099337082289,0.3633149820615082,0.4402369612998693,0.7356703741486245,0.24311601309654934
2021-01-29 14:50:00,0.3138075313807531,0.09960159362549792,-0.20000000000000007,-0.1694340296375647,0.3712554475141014,0.00011135857461024499,0.5,-0.28594230649287933,0.6490099337082289,0.3633149820615082,0.4402369612998693,0.7356703741486245,0.20897143805543403
2021-01-29 15:00:00,0.3647140864714087,0.09960159362549792,-0.1973194341027551,-0.1840742724513479,0.37298294748138355,0.00011135857461024499,0.5,-0.27422476580294397,0.6203036145824659,0.3719170376930888,0.5011576240179092,0.7421784173641762,0.2607314754741464
2021-01-29 15:10:00,0.3193863319386332,-0.21912350597609564,-0.19285182427401348,-0.1840742724513479,0.3726426823363128,0.00011135857461024499,0.5,-0.27422476580294397,0.6203036145824659,0.3719170376930888,0.5011576240179092,0.7421784173641762,0.19319673491558156
2021-01-29 15:20:00,0.3702928870292887,0.22709163346613526,-0.1889798957557708,-0.18050348152115692,0.37105914069963747,0.00011135857461024499,0.5,-0.27422476580294397,0.6203036145824659,0.3719170376930888,0.5011576240179092,0.7421784173641762,0.27446172880486447
2021-01-29 15:30:00,0.38633193863319387,0.043824701195219085,-0.18659717051377522,-0.17193358328869845,0.36410987946761597,0.00011135857461024499,0.5,-0.27422476580294397,0.6203036145824659,0.3719170376930888,0.5011576240179092,0.7421784173641762,0.28194547127962943
2021-01-29 15:40:00,0.3319386331938633,-0.11553784860557781,-0.18332092330603145,-0.16907695054454563,0.3628404287340828,0.00011135857461024499,0.5,-0.27422476580294397,0.6203036145824659,0.3719170376930888,0.5011576240179092,0.7421784173641762,0.23062299138464323
2021-01-29 15:50:00,0.397489539748954,0.2111553784860556,-0.18034251675353707,-0.17050526691662193,0.36620381882189745,0.00011135857461024499,0.5,-0.27422476580294397,0.6203036145824659,0.3719170376930888,0.5011576240179092,0.7421784173641762,0.30987371184573836
2021-01-29 16:00:00,0.3821478382147839,0.003984063745019917,-0.17944899478778864,-0.1680057132654883,0.36872963316799934,0.00011135857461024499,0.5,-0.2166874178471716,0.6172289637852125,0.33762015796728123,0.5217288588709035,0.7454356614523213,0.28558172518369873
2021-01-29 16:10:00,0.3612273361227336,-0.11553784860557781,-0.17706626954579308,-0.17229066238171753,0.37248563688474173,0.00011135857461024499,0.5,-0.2166874178471716,0.6172289637852125,0.33762015796728123,0.5217288588709035,0.7454356614523213,0.25263666128521206
2021-01-29 16:20:00,0.40097629009762903,-0.17928286852589637,-0.17349218168279978,-0.17336189966077487,0.36325921660493915,0.00011135857461024499,0.5,-0.2166874178471716,0.6172289637852125,0.33762015796728123,0.5217288588709035,0.7454356614523213,0.3251203283190247
2021-01-29 16:30:00,0.39191073919107394,0.027888446215139417,-0.17110945644080433,-0.1615782895911445,0.37724934891573203,0.00011135857461024499,0.5,-0.2166874178471716,0.6172289637852125,0.33762015796728123,0.5217288588709035,0.7454356614523213,0.2849404770885828
2021-01-29 16:40:00,0.401673640167364,0.05179282868525892,-0.17170513775130314,-0.16086413140510625,0.3645417544594365,0.00011135857461024499,0.5,-0.2166874178471716,0.6172289637852125,0.33762015796728123,0.5217288588709035,0.7454356614523213,0.3196659474629208
2021-01-29 16:50:00,0.3807531380753138,0.08366533864541825,-0.17289650037230098,-0.1597928941260488,0.36498671657222126,0.00011135857461024499,0.5,-0.2166874178471716,0.6172289637852125,0.33762015796728123,0.5217288588709035,0.7454356614523213,0.28893884756401167
2021-01-29 17:00:00,0.40585774058577406,-0.06772908366533881,-0.17349218168279978,-0.15515086591680072,0.36811453848267917,0.00011135857461024499,0.5,-0.211809862041616,0.6139129385328446,0.33333510873106365,0.5277320024400128,0.7432386689799395,0.3172744692729001
2021-01-29 17:10:00,0.4100418410041841,-0.07569721115537853,-0.17349218168279978,-0.16372076414925896,0.37033934904660326,0.00011135857461024499,0.5,-0.211809862041616,0.6139129385328446,0.33333510873106365,0.5277320024400128,0.7432386689799395,0.3341581544125413
2021-01-29 17:20:00,0.4211994421199442,0.2669322709163344,-0.1740878629932987,-0.1676486341724691,0.360170656057374,0.00011135857461024499,0.5,-0.211809862041616,0.6139129385328446,0.33333510873106365,0.5277320024400128,0.7432386689799395,0.3554777675513376
2021-01-29 17:30:00,0.397489539748954,0.003984063745019917,-0.17647058823529427,-0.17479021603285128,0.36704139456361,0.00011135857461024499,0.5,-0.211809862041616,0.6139129385328446,0.33333510873106365,0.5277320024400128,0.7432386689799395,0.3147547414638563
2021-01-29 17:40:00,0.38633193863319387,0.29083665338645415,-0.17915115413253924,-0.18121763970719518,0.36086427346847966,0.00011135857461024499,0.5,-0.211809862041616,0.6139129385328446,0.33333510873106365,0.5277320024400128,0.7432386689799395,0.3093456251791723
2021-01-29 17:50:00,0.36610878661087864,-0.059760956175298974,-0.17974683544303804,-0.18264595607927148,0.3684809778696784,0.00011135857461024499,0.5,-0.211809862041616,0.6139129385328446,0.33333510873106365,0.5277320024400128,0.7432386689799395,0.26529565309232467
2021-01-29 18:00:00,0.37935843793584384,-0.08366533864541836,-0.182427401340283,-0.18478843063738626,0.3713208831189227,0.00011135857461024499,0.5,-0.36392326387997154,0.6078211070466971,0.43791541929124345,0.4801717323779975,0.7242184191681095,0.2802405057561447
2021-01-29 18:10:00,0.36610878661087864,0.09960159362549792,-0.18659717051377522,-0.19085877521871086,0.37351951944091816,0.00011135857461024499,0.5,-0.36392326387997154,0.6078211070466971,0.43791541929124345,0.4801717323779975,0.7242184191681095,0.2711725032816814
2021-01-29 18:20:00,0.3612273361227336,-0.059760956175298974,-0.1898734177215191,-0.1987145152651313,0.3713208831189227,0.00011135857461024499,0.5,-0.36392326387997154,0.6078211070466971,0.43791541929124345,0.4801717323779975,0.7242184191681095,0.24742369147668122
2021-01-29 18:30:00,0.3179916317991632,-0.1872509960159363,-0.19434102755026073,-0.20585609712551323,0.3713208831189227,0.00011135857461024499,0.5,-0.36392326387997154,0.6078211070466971,0.43791541929124345,0.4801717323779975,0.7242184191681095,0.21208714938817388
2021-01-29 18:40:00,0.3451882845188285,0.2669322709163344,-0.20000000000000007,-0.21478307445099076,0.3713208831189227,0.00011135857461024499,0.5,-0.36392326387997154,0.6078211070466971,0.43791541929124345,0.4801717323779975,0.7242184191681095,0.23346711528886344
2021-01-29 18:50:00,0.2873082287308229,0.05179282868525892,-0.20685033507073725,-0.2240671308694876,0.3713208831189227,0.00011135857461024499,0.5,-0.36392326387997154,0.6078211070466971,0.43791541929124345,0.4801717323779975,0.7242184191681095,0.15840336768411364
2021-01-29 19:00:00,0.3096234309623431,0.593625498007968,-0.21340282948622502,-0.2351365827530797,0.3713208831189227,0.00011135857461024499,0.5,-0.37746992135007984,0.6357343386770953,0.47973833680994254,0.3987290710625298,0.708142374915753,0.1732199707289105
2021-01-29 19:10:00,0.28103207810320785,0.6175298804780875,-0.21935964259121388,-0.24370648098553827,0.37133397023988696,0.00011135857461024499,0.5,-0.37746992135007984,0.6357343386770953,0.47973833680994254,0.3987290710625298,0.708142374915753,0.14876955806690104
2021-01-29 19:20:00,0.296373779637378,-0.45019920318725104,-0.21399851079672383,-0.23477950366006073,0.3849314889217521,0.00011135857461024499,0.5,-0.37746992135007984,0.6357343386770953,0.47973833680994254,0.3987290710625298,0.708142374915753,0.16435565882583703
2021-01-29 19:30:00,0.30404463040446306,-0.5617529880478087,-0.20357408786299336,-0.19442956614890183,0.3851539699781445,0.00011135857461024499,0.5,-0.37746992135007984,0.6357343386770953,0.47973833680994254,0.3987290710625298,0.708142374915753,0.17252591396713793
2021-01-29 19:40:00,0.24616457461645744,0.24302788844621515,-0.22531645569620262,-0.2301374754508122,0.37158262553820787,0.00011135857461024499,0.5,-0.37746992135007984,0.6357343386770953,0.47973833680994254,0.3987290710625298,0.708142374915753,0.12154291835780136
2021-01-29 19:50:00,0.301255230125523,0.49800796812749004,-0.23454951600893525,-0.25013390465988217,0.37134705736085116,0.00011135857461024499,0.5,-0.37746992135007984,0.6357343386770953,0.47973833680994254,0.3987290710625298,0.708142374915753,0.17804819168037178
2021-01-29 20:00:00,0.2189679218967922,0.10756972111553775,-0.2399106478034252,-0.2576325656132833,0.37134705736085116,0.00011135857461024499,0.5,-0.3990952640947655,0.6322114210346356,0.5179811648054792,0.3691815858486461,0.7188668751681583,0.10425939617061725
2021-01-29 20:10:00,0.201534170153417,-0.09960159362549814,-0.24527177959791513,-0.26334583110158893,0.37133397023988696,0.00011135857461024499,0.5,-0.3990952640947655,0.6322114210346356,0.5179811648054792,0.3691815858486461,0.7188668751681583,0.0902047467447229
2021-01-29 20:20:00,0.18549511854951187,0.07569721115537842,-0.24973938942665685,-0.26655954293876094,0.3713208831189227,0.00011135857461024499,0.5,-0.3990952640947655,0.6322114210346356,0.5179811648054792,0.3691815858486461,0.7188668751681583,0.07842841408029935
2021-01-29 20:30:00,0.24546722454672246,0.2111553784860556,-0.2205510052122116,-0.2240671308694876,0.3713208831189227,0.00011135857461024499,0.5,-0.3990952640947655,0.6322114210346356,0.5179811648054792,0.3691815858486461,0.7188668751681583,0.11085293540745658
2021-01-29 20:40:00,0.3207810320781032,0.5458167330677288,-0.19463886820551013,-0.17336189966077487,0.3727866406669197,0.00011135857461024499,0.5,-0.3990952640947655,0.6322114210346356,0.5179811648054792,0.3691815858486461,0.7188668751681583,0.17062480196750004
2021-01-29 20:50:00,0.3368200836820084,-0.10756972111553798,-0.23067758749069256,-0.20371362256739867,0.38510162149428745,0.00011135857461024499,0.5,-0.3990952640947655,0.6322114210346356,0.5179811648054792,0.3691815858486461,0.7188668751681583,0.20338880758030692
2021-01-29 21:00:00,0.28451882845188287,-0.21115537848605592,-0.24884586746090853,-0.24406356007855734,0.38510162149428745,0.00011135857461024499,0.5,-0.41441600574740445,0.6498260092469426,0.5390872198374826,0.3239069141218285,0.7476019565828215,0.133515397498378
2021-01-29 21:10:00,0.23640167364016737,0.003984063745019917,-0.2559940431868951,-0.26156043563649345,0.38510162149428745,0.00011135857461024499,0.5,-0.41441600574740445,0.6498260092469426,0.5390872198374826,0.3239069141218285,0.7476019565828215,0.09992908550477542
2021-01-29 21:20:00,0.22036262203626222,0.40239043824701204,-0.2595681310498884,-0.2719157293340474,0.38510162149428745,0.00011135857461024499,0.5,-0.41441600574740445,0.6498260092469426,0.5390872198374826,0.3239069141218285,0.7476019565828215,0.08710412360245635
2021-01-29 21:30:00,0.19386331938633192,0.4262948207171313,-0.2625465376023829,-0.2765577575432959,0.38510162149428745,0.00011135857461024499,0.5,-0.41441600574740445,0.6498260092469426,0.5390872198374826,0.3239069141218285,0.7476019565828215,0.0672480649395718
2021-01-29 21:40:00,0.19804741980474197,0.38645418326693215,-0.2643335815338794,-0.27584359935725755,0.38510162149428745,0.00011135857461024499,0.5,-0.41441600574740445,0.6498260092469426,0.5390872198374826,0.3239069141218285,0.7476019565828215,0.05506435113236869
2021-01-29 21:50:00,0.200836820083682,0.09163346613545809,-0.22948622486969483,-0.22192465631137293,0.38510162149428745,0.00011135857461024499,0.5,-0.41441600574740445,0.6498260092469426,0.5390872198374826,0.3239069141218285,0.7476019565828215,0.0460793337055087
2021-01-29 22:00:00,0.16945606694560672,0.7450199203187249,-0.20357408786299336,-0.16372076414925896,0.38510162149428745,0.00011135857461024499,0.5,-0.47604514407367304,0.6466105566842061,0.6019267884310519,0.29493855612476766,0.797266978525833,0.023198092852724173
2021-01-29 22:10:00,0.16736401673640167,0.5219123505976095,-0.19166046165301565,-0.1308694875915014,0.38510162149428745,0.00011135857461024499,0.5,-0.47604514407367304,0.6466105566842061,0.6019267884310519,0.29493855612476766,0.797266978525833,0.02516710170949198
2021-01-29 22:20:00,0.15202231520223153,0.298804780876494,-0.18332092330603145,-0.10730226745224059,0.39647432961222867,0.00011135857461024499,0.5,-0.47604514407367304,0.6466105566842061,0.6019267884310519,0.29493855612476766,0.797266978525833,0.03010093999426649
2021-01-29 22:30:00,0.16527196652719667,-0.07569721115537853,-0.18064035740878648,-0.0880199964292091,0.4015259583044326,0.00011135857461024499,0.5,-0.47604514407367304,0.6466105566842061,0.6019267884310519,0.29493855612476766,0.797266978525833,0.03889735504021003
2021-01-29 22:40:00,0.15341701534170155,0.01195219123505975,-0.17498138495904703,-0.07302267452240663,0.4015259583044326,0.00011135857461024499,0.5,-0.47604514407367304,0.6466105566842061,0.6019267884310519,0.29493855612476766,0.797266978525833,0.04089654027792447
2021-01-29 22:50:00,0.15620641562064158,0.4661354581673305,-0.17200297840655265,-0.06123906445277627,0.40457525748910494,0.00011135857461024499,0.5,-0.47604514407367304,0.6466105566842061,0.6019267884310519,0.29493855612476766,0.797266978525833,0.04497789580095659
2021-01-29 23:00:00,0.16387726638772665,0.01195219123505975,-0.17081161578555493,-0.06123906445277627,0.417963382235542,0.00011135857461024499,0.5,-0.5284433479430983,0.6368952348659674,0.6568331190808715,0.2970448842227957,0.8530953330392351,0.054875748751452236
2021-01-29 23:10:00,0.17294281729428174,-0.06772908366533881,-0.2092330603127328,-0.11587216568469916,0.417963382235542,0.00011135857461024499,0.5,-0.5284433479430983,0.6368952348659674,0.6568331190808715,0.2970448842227957,0.8530953330392351,0.06302337160704317
2021-01-29 23:20:00,0.16248256624825663,-0.553784860557769,-0.18064035740878648,-0.09944652740582038,0.417963382235542,0.00011135857461024499,0.5,-0.5284433479430983,0.6368952348659674,0.6568331190808715,0.2970448842227957,0.8530953330392351,0.06334776770221948
2021-01-29 23:30:00,0.14783821478382148,-0.40239043824701204,-0.17200297840655265,-0.08194965184788428,0.417963382235542,0.00011135857461024499,0.5,-0.5284433479430983,0.6368952348659674,0.6568331190808715,0.2970448842227957,0.8530953330392351,0.05339710608506722
2021-01-29 23:40:00,0.14086471408647142,-0.29083665338645437,-0.19910647803425174,-0.10480271380110695,0.417963382235542,0.00011135857461024499,0.5,-0.5284433479430983,0.6368952348659674,0.6568331190808715,0.2970448842227957,0.8530953330392351,0.044155589420160846
2021-01-29 23:50:00,0.1492329149232915,-0.1872509960159363,-0.1779597915115415,-0.08909123370826644,0.417963382235542,0.00011135857461024499,0.5,-0.5284433479430983,0.6368952348659674,0.6568331190808715,0.2970448842227957,0.8530953330392351,0.04677339046728126
2021-01-30 00:00:00,0.20223152022315202,0.5537848605577689,-0.1705137751303054,-0.07766470273165504,0.420489196581644,0.00011135857461024499,0.5,-0.53936898622951,0.6326912964394401,0.6711996375145092,0.31836421904629175,0.8903304043022654,0.05937202951250057
2021-01-30 00:10:00,0.17154811715481172,0.1394422310756971,-0.193149664929263,-0.09658989466166767,0.43441389328761565,0.00011135857461024499,0.5,-0.53936898622951,0.6326912964394401,0.6711996375145092,0.31836421904629175,0.8903304043022654,0.06361935513073917
2021-01-30 00:20:00,0.2085076708507671,0.40239043824701204,-0.2279970215934476,-0.15407962863774327,0.4369266205127534,0.00011135857461024499,0.5,-0.53936898622951,0.6326912964394401,0.6711996375145092,0.31836421904629175,0.8903304043022654,0.07794559198515322
2021-01-30 00:30:00,0.28521617852161785,0.2749003984063745,-0.20446760982874168,-0.12622745938225322,0.4603394799178129,0.00011135857461024499,0.5,-0.53936898622951,0.6326912964394401,0.6711996375145092,0.31836421904629175,0.8903304043022654,0.14433363006774597
2021-01-30 00:40:00,0.24058577405857742,-0.11553784860557781,-0.23008190618019375,-0.16300660596322092,0.4647236654408397,0.00011135857461024499,0.5,-0.53936898622951,0.6326912964394401,0.6711996375145092,0.31836421904629175,0.8903304043022654,0.11468533578767899
2021-01-30 00:50:00,0.29218967921896793,-0.05179282868525903,-0.21131794489947897,-0.13836814854490254,0.4647236654408397,0.00011135857461024499,0.5,-0.53936898622951,0.6326912964394401,0.6711996375145092,0.31836421904629175,0.8903304043022654,0.15466149644673113
2021-01-30 01:00:00,0.33054393305439334,0.17131474103585642,-0.26403574087863,-0.19800035707909291,0.4647236654408397,0.00011135857461024499,0.5,-0.6297342125652429,0.6343004594735188,0.7534151360518985,0.3400925149459072,0.9112787466190031,0.18905502663065618
2021-01-30 01:10:00,0.398186889818689,0.3067729083665336,-0.28458674609084145,-0.23585074093911806,0.4647236654408397,0.00011135857461024499,0.5,-0.6297342125652429,0.6343004594735188,0.7534151360518985,0.3400925149459072,0.9112787466190031,0.2554128883323023
2021-01-30 01:20:00,0.4665271966527197,-0.08366533864541836,-0.29650037230081916,-0.24727727191572935,0.47494470691392593,0.00011135857461024499,0.5,-0.6297342125652429,0.6343004594735188,0.7534151360518985,0.3400925149459072,0.9112787466190031,0.3620562185977036
2021-01-30 01:30:00,0.5139470013947002,0.08366533864541825,-0.3015636634400597,-0.2547759328691306,0.47592624098624536,0.00011135857461024499,0.5,-0.6297342125652429,0.6343004594735188,0.7534151360518985,0.3400925149459072,0.9112787466190031,0.4445886204867451
2021-01-30 01:40:00,0.50278940027894,-0.019920318725099695,-0.3060312732688013,-0.2622745938225317,0.47592624098624536,0.00011135857461024499,0.5,-0.6297342125652429,0.6343004594735188,0.7534151360518985,0.3400925149459072,0.9112787466190031,0.43581483772651153
2021-01-30 01:50:00,0.4177126917712692,-0.08366533864541836,-0.30811615785554747,-0.26156043563649345,0.4657837222389446,0.00011135857461024499,0.5,-0.6297342125652429,0.6343004594735188,0.7534151360518985,0.3400925149459072,0.9112787466190031,0.3894714606877197
2021-01-30 02:00:00,0.38772663877266383,-0.21115537848605592,-0.309903201787044,-0.2619175147295125,0.4603787412807056,0.00011135857461024499,0.5,-0.6393661845699936,0.6272862327481932,0.7675032974842487,0.3535859340919067,0.9181750032700173,0.3320986164129336
2021-01-30 02:10:00,0.48326359832635984,0.1872509960159361,-0.31198808637379016,-0.27084449205499006,0.4632709950138069,0.00011135857461024499,0.5,-0.6393661845699936,0.6272862327481932,0.7675032974842487,0.3535859340919067,0.9181750032700173,0.4953754696199285
2021-01-30 02:20:00,0.44979079497907953,-0.1394422310756973,-0.3104988830975429,-0.2687020174968755,0.4576827943620683,0.00011135857461024499,0.5,-0.6393661845699936,0.6272862327481932,0.7675032974842487,0.3535859340919067,0.9181750032700173,0.4254567949665797
2021-01-30 02:30:00,0.43096234309623427,-0.003984063745020028,-0.3134772896500374,-0.2740582038921622,0.45346874141157684,0.00011135857461024499,0.5,-0.6393661845699936,0.6272862327481932,0.7675032974842487,0.3535859340919067,0.9181750032700173,0.3593403443125066
2021-01-30 02:40:00,0.42189679218967924,0.2669322709163344,-0.3179448994787789,-0.27584359935725755,0.4578921882974964,0.00011135857461024499,0.5,-0.6393661845699936,0.6272862327481932,0.7675032974842487,0.3535859340919067,0.9181750032700173,0.35653394088446977
2021-01-30 02:50:00,0.4560669456066946,0.05976095617529875,-0.32360387192851836,-0.27762899482235315,0.4646713169569826,0.00011135857461024499,0.5,-0.6393661845699936,0.6272862327481932,0.7675032974842487,0.3535859340919067,0.9181750032700173,0.4421292454395944
2021-01-30 03:00:00,0.4191073919107392,-0.29083665338645437,-0.32688011913626225,-0.27584359935725755,0.4646713169569826,0.00011135857461024499,0.5,-0.6503814092547486,0.634530339906955,0.786846763012429,0.3523197052549872,0.9216156692068421,0.37092053050077706
2021-01-30 03:10:00,0.4560669456066946,-0.12350597609561753,-0.3337304542069994,-0.2815568648455633,0.4646713169569826,0.00011135857461024499,0.5,-0.6503814092547486,0.634530339906955,0.786846763012429,0.3523197052549872,0.9216156692068421,0.4485341822955173
2021-01-30 03:20:00,0.4755927475592748,-0.21115537848605592,-0.33462397617274764,-0.2861988930548115,0.4646713169569826,0.00011135857461024499,0.5,-0.6503814092547486,0.634530339906955,0.786846763012429,0.3523197052549872,0.9216156692068421,0.5165215685682816
2021-01-30 03:30:00,0.45746164574616455,-0.3227091633466136,-0.3373045420699926,-0.28727013033386894,0.46422635484419783,0.00011135857461024499,0.5,-0.6503814092547486,0.634530339906955,0.786846763012429,0.3523197052549872,0.9216156692068421,0.4679753157203857
2021-01-30 03:40:00,0.43584379358437936,0.027888446215139417,-0.3408786299329859,-0.28691305124084987,0.4534294800486841,0.00011135857461024499,0.5,-0.6503814092547486,0.634530339906955,0.786846763012429,0.3523197052549872,0.9216156692068421,0.3917196010682439
2021-01-30 03:50:00,0.398884239888424,-0.20318725099601598,-0.34594192107222654,-0.2883413676129263,0.4533378702019342,0.00011135857461024499,0.5,-0.6503814092547486,0.634530339906955,0.786846763012429,0.3523197052549872,0.9216156692068421,0.3288923759373538
2021-01-30 04:00:00,0.35146443514644354,-0.21912350597609564,-0.3492181682799703,-0.29655418675236567,0.4422269045032783,0.00011135857461024499,0.5,-0.6963273912580886,0.6292114813782487,0.8350848266013422,0.33906525281980865,0.9187341729430678,0.2432895272869925
2021-01-30 04:10:00,0.301255230125523,-0.2509960159362551,-0.3554728220402086,-0.30976611319407255,0.44218764314038556,0.00011135857461024499,0.5,-0.6963273912580886,0.6292114813782487,0.8350848266013422,0.33906525281980865,0.9187341729430678,0.16705644492056068
2021-01-30 04:20:00,0.23849372384937237,-0.07569721115537853,-0.37423678332092347,-0.325834672379932,0.4384578136655717,0.00011135857461024499,0.5,-0.6963273912580886,0.6292114813782487,0.8350848266013422,0.33906525281980865,0.9187341729430678,0.09487454169621438
2021-01-30 04:30:00,0.17224546722454673,-0.6334661354581674,-0.4022338049143709,-0.33654704517050527,0.43604978340814804,0.00011135857461024499,0.5,-0.6963273912580886,0.6292114813782487,0.8350848266013422,0.33906525281980865,0.9187341729430678,0.044359279991550614
2021-01-30 04:40:00,0.18410041841004185,-0.21912350597609564,-0.4150409530900969,-0.3483306552401356,0.42314588213738863,0.00011135857461024499,0.5,-0.6963273912580886,0.6292114813782487,0.8350848266013422,0.33906525281980865,0.9187341729430678,0.05564524646559139
2021-01-30 04:50:00,0.1415620641562064,-0.17928286852589637,-0.40967982129560687,-0.3583288698446706,0.4196123594770386,0.00011135857461024499,0.5,-0.6963273912580886,0.6292114813782487,0.8350848266013422,0.33906525281980865,0.9187341729430678,0.03227363942242407
2021-01-30 05:00:00,0.17364016736401675,0.01195219123505975,-0.40878629932985866,-0.3579717907516514,0.4196123594770386,0.00011135857461024499,0.5,-0.702949580468164,0.6217518613131373,0.8464017189908082,0.3377880936426431,0.9203465557367754,0.04219412465862969
2021-01-30 05:10:00,0.24755927475592746,0.22709163346613526,-0.4055100521221148,-0.36404213533297614,0.4297417911033752,0.00011135857461024499,0.5,-0.702949580468164,0.6217518613131373,0.8464017189908082,0.3377880936426431,0.9203465557367754,0.10258460702807912
2021-01-30 05:20:00,0.28451882845188287,0.2669322709163344,-0.35785554728220414,-0.29691126584538485,0.43341927209433195,0.00011135857461024499,0.5,-0.702949580468164,0.6217518613131373,0.8464017189908082,0.3377880936426431,0.9203465557367754,0.14122546283024276
2021-01-30 05:30:00,0.3089260808926081,0.12350597609561742,-0.3364110201042444,-0.25834672379932155,0.43341927209433195,0.00011135857461024499,0.5,-0.702949580468164,0.6217518613131373,0.8464017189908082,0.3377880936426431,0.9203465557367754,0.1774295758709658
2021-01-30 05:40:00,0.3723849372384937,0.346613545816733,-0.3721518987341773,-0.30476700589180505,0.44305139312402664,0.00011135857461024499,0.5,-0.702949580468164,0.6217518613131373,0.8464017189908082,0.3377880936426431,0.9203465557367754,0.26767958718710866
2021-01-30 05:50:00,0.34239888423988846,-0.019920318725099695,-0.3790022338049145,-0.33226209605427603,0.4472523589535538,0.00011135857461024499,0.5,-0.702949580468164,0.6217518613131373,0.8464017189908082,0.3377880936426431,0.9203465557367754,0.22870679119453208
2021-01-30 06:00:00,0.3284518828451883,-0.3466135458167332,-0.3790022338049145,-0.335832886984467,0.4416379840598867,0.00011135857461024499,0.5,-0.7330760587187811,0.604938981112449,0.8768449711288626,0.3725576958222345,0.9352067831821851,0.21819032243463043
2021-01-30 06:10:00,0.2412831241283124,-0.01195219123505975,-0.3790022338049145,-0.3436886270308872,0.4377380220125375,0.00011135857461024499,0.5,-0.7330760587187811,0.604938981112449,0.8768449711288626,0.3725576958222345,0.9352067831821851,0.1062057727416751
2021-01-30 06:20:00,0.2601115760111576,-0.3227091633466136,-0.38049143708116173,-0.3501160507052312,0.4334323592152962,0.00011135857461024499,0.5,-0.7330760587187811,0.604938981112449,0.8768449711288626,0.3725576958222345,0.9352067831821851,0.12207854911960409
2021-01-30 06:30:00,0.25592747559274753,-0.4183266932270917,-0.38495904690990335,-0.35618639528655593,0.4261559199591682,0.00011135857461024499,0.5,-0.7330760587187811,0.604938981112449,0.8768449711288626,0.3725576958222345,0.9352067831821851,0.11319914902605732
2021-01-30 06:40:00,0.17294281729428174,0.09960159362549792,-0.3861504095309011,-0.360114265309766,0.4066822839643507,0.00011135857461024499,0.5,-0.7330760587187811,0.604938981112449,0.8768449711288626,0.3725576958222345,0.9352067831821851,0.07023552665328847
2021-01-30 06:50:00,0.16527196652719667,-0.24302788844621515,-0.3921072226358898,-0.3626138189608997,0.4027692347960372,0.00011135857461024499,0.5,-0.7330760587187811,0.604938981112449,0.8768449711288626,0.3725576958222345,0.9352067831821851,0.04280519637279901
2021-01-30 07:00:00,0.11576011157601115,-0.3784860557768924,-0.3900223380491439,-0.3554722371005177,0.3818560154951512,0.00011135857461024499,0.5,-0.7389612780637065,0.6236828569540258,0.8866442789012876,0.35476675438928607,0.9291538602306441,0.012470389426196117
2021-01-30 07:10:00,0.099721059972106,-0.19521912350597614,-0.3566641846612064,-0.2683449384038563,0.3644108832497939,0.00011135857461024499,0.5,-0.7389612780637065,0.6236828569540258,0.8866442789012876,0.35476675438928607,0.9291538602306441,0.0
2021-01-30 07:20:00,0.09693165969316596,0.49003984063745,-0.3492181682799703,-0.23870737368327077,0.3718312808365288,0.6336302895322939,0.5,-0.7389612780637065,0.6236828569540258,0.8866442789012876,0.35476675438928607,0.9291538602306441,0.0
2021-01-30 07:30:00,0.11227336122733612,0.26294820717131473,-0.3551749813849592,-0.2508480628459203,0.3727604664249912,0.9982182628062362,0.5,-0.7389612780637065,0.6236828569540258,0.8866442789012876,0.35476675438928607,0.9291538602306441,0.0
2021-01-30 07:40:00,0.15550906555090654,0.03585657370517925,-0.3751303052866718,-0.26977325477593284,0.3727604664249912,0.9982182628062362,0.5,-0.7389612780637065,0.6236828569540258,0.8866442789012876,0.35476675438928607,0.9291538602306441,0.0
2021-01-30 07:50:00,0.1304044630404463,0.09163346613545809,-0.3873417721518988,-0.2894126048919836,0.3727604664249912,0.9982182628062362,0.5,-0.7389612780637065,0.6236828569540258,0.8866442789012876,0.35476675438928607,0.9291538602306441,0.0
2021-01-30 08:00:00,0.16248256624825663,0.49800796812749004,-0.3938942665673866,-0.3069094804499196,0.3727604664249912,0.9982182628062362,0.5,-0.7406886012147863,0.6230708002999958,0.8914630887837093,0.349002044123161,0.9283509760650872,0.0
2021-01-30 08:10:00,0.1680613668061367,0.6812749003984064,-0.3995532390171259,-0.3233351187287984,0.3727604664249912,0.42828507795100224,0.5,-0.7406886012147863,0.6230708002999958,0.8914630887837093,0.349002044123161,0.9283509760650872,0.0
2021-01-30 08:20:00,0.23570432357043236,0.38645418326693215,-0.3882352941176471,-0.33333333333333326,0.3885435343078876,0.1821826280623608,0.5,-0.7406886012147863,0.6230708002999958,0.8914630887837093,0.349002044123161,0.9283509760650872,0.03304313713656321
2021-01-30 08:30:00,0.2622036262203626,0.07569721115537842,-0.3635145197319435,-0.2897696839850026,0.38918480323513627,0.00011135857461024499,0.5,-0.7406886012147863,0.6230708002999958,0.8914630887837093,0.349002044123161,0.9283509760650872,0.09304887064894307
2021-01-30 08:40:00,0.2496513249651325,0.06772908366533859,-0.3438570364854804,-0.25513301196214966,0.38918480323513627,0.00011135857461024499,0.5,-0.7406886012147863,0.6230708002999958,0.8914630887837093,0.349002044123161,0.9283509760650872,0.0714048614149705
2021-01-30 08:50:00,0.23361227336122734,0.22709163346613526,-0.3322412509307522,-0.23370826638100328,0.38918480323513627,0.00011135857461024499,0.5,-0.7406886012147863,0.6230708002999958,0.8914630887837093,0.349002044123161,0.9283509760650872,0.062329314845270614
2021-01-30 09:00:00,0.22175732217573224,0.22709163346613526,-0.3244973938942667,-0.21871094447420092,0.38918480323513627,0.00011135857461024499,0.5,-0.7422408206460961,0.6332947325772207,0.8921917627378764,0.34819815330926945,0.9170914318111909,0.055879113417927784
2021-01-30 09:10:00,0.2105997210599721,0.4820717131474104,-0.3134772896500374,-0.20121406891626503,0.38947271989635,0.00011135857461024499,0.5,-0.7422408206460961,0.6332947325772207,0.8921917627378764,0.34819815330926945,0.9170914318111909,0.054091162846839784
2021-01-30 09:20:00,0.18967921896792192,0.25099601593625476,-0.30454206999255407,-0.18514550973040522,0.4035544620538928,0.00011135857461024499,0.5,-0.7422408206460961,0.6332947325772207,0.8921917627378764,0.34819815330926945,0.9170914318111909,0.059356941322027255
2021-01-30 09:30:00,0.16596931659693165,0.40239043824701204,-0.3009679821295608,-0.1694340296375647,0.40396016280378483,0.00011135857461024499,0.5,-0.7422408206460961,0.6332947325772207,0.8921917627378764,0.34819815330926945,0.9170914318111909,0.04696953694343437
2021-01-30 09:40:00,0.16945606694560672,-0.298804780876494,-0.2944154877140731,-0.15443670773076235,0.4180811663242204,0.00011135857461024499,0.5,-0.7422408206460961,0.6332947325772207,0.8921917627378764,0.34819815330926945,0.9170914318111909,0.05915325075063747
2021-01-30 09:50:00,0.19316596931659694,0.25099601593625476,-0.28875651526433366,-0.14586680949830377,0.4035021135700358,0.00011135857461024499,0.5,-0.7422408206460961,0.6332947325772207,0.8921917627378764,0.34819815330926945,0.9170914318111909,0.07141994960544382
2021-01-30 10:00:00,0.19107391910739194,0.21912350597609564,-0.28131049888309767,-0.13729691126584542,0.4035021135700358,0.00011135857461024499,0.5,-0.5446750625287046,0.6436738341470154,0.6779707508296496,0.2899933501527697,0.8886160072332788,0.06971498408195904
2021-01-30 10:10:00,0.21338912133891214,0.06772908366533859,-0.2714817572598661,-0.12729869666131055,0.4035021135700358,0.00011135857461024499,0.5,-0.5446750625287046,0.6436738341470154,0.6779707508296496,0.2899933501527697,0.8886160072332788,0.08241924046049158
2021-01-30 10:20:00,0.23361227336122734,-0.38645418326693237,-0.2676098287416233,-0.12265666845206213,0.4035021135700358,0.00011135857461024499,0.5,-0.5446750625287046,0.6436738341470154,0.6779707508296496,0.2899933501527697,0.8886160072332788,0.07656502255684476
2021-01-30 10:30:00,0.18619246861924685,-0.059760956175298974,-0.2631422189128817,-0.11551508659167986,0.4035021135700358,0.00011135857461024499,0.5,-0.5446750625287046,0.6436738341470154,0.6779707508296496,0.2899933501527697,0.8886160072332788,0.048546252847895946
2021-01-30 10:40:00,0.1387726638772664,0.2350597609561753,-0.2580789277736413,-0.09658989466166767,0.4035021135700358,0.00011135857461024499,0.5,-0.5446750625287046,0.6436738341470154,0.6779707508296496,0.2899933501527697,0.8886160072332788,0.018271798663186324
2021-01-30 10:50:00,0.1304044630404463,-0.1872509960159363,-0.2527177959791512,-0.07159435815033022,0.4035021135700358,0.00011135857461024499,0.5,-0.5446750625287046,0.6436738341470154,0.6779707508296496,0.2899933501527697,0.8886160072332788,0.014545015616277142
2021-01-30 11:00:00,0.16457461645746163,-0.5856573705179284,-0.2524199553239018,-0.05016961256918395,0.3970632500556202,0.00011135857461024499,0.5,-0.5218364344480048,0.6468318166013928,0.5915566902883335,0.2819399315125348,0.8017254114107439,0.04176411123014017
2021-01-30 11:10:00,0.19525801952580193,0.2111553784860556,-0.3102010424422935,-0.12015711480092839,0.38711703812278336,0.00011135857461024499,0.5,-0.5218364344480048,0.6468318166013928,0.5915566902883335,0.2819399315125348,0.8017254114107439,0.072144182748163
2021-01-30 11:20:00,0.21687587168758715,0.003984063745019917,-0.2905435591958303,-0.14836636314943752,0.38711703812278336,0.00011135857461024499,0.5,-0.5218364344480048,0.6468318166013928,0.5915566902883335,0.2819399315125348,0.8017254114107439,0.07872263379452903
2021-01-30 11:30:00,0.20223152022315202,0.17928286852589648,-0.24884586746090853,-0.10016068559185842,0.38711703812278336,0.00011135857461024499,0.5,-0.5218364344480048,0.6468318166013928,0.5915566902883335,0.2819399315125348,0.8017254114107439,0.060548908369419265
2021-01-30 11:40:00,0.200836820083682,-0.02788844621513953,-0.23067758749069256,-0.07802178182467412,0.38711703812278336,0.00011135857461024499,0.5,-0.5218364344480048,0.6468318166013928,0.5915566902883335,0.2819399315125348,0.8017254114107439,0.05836112075078836
2021-01-30 11:50:00,0.1792189679218968,0.2350597609561753,-0.23693224125093093,-0.0733797536154257,0.38711703812278336,0.00011135857461024499,0.5,-0.5218364344480048,0.6468318166013928,0.5915566902883335,0.2819399315125348,0.8017254114107439,0.0543401179896495
2021-01-30 12:00:00,0.1771269177126918,-0.2749003984063746,-0.23395383469843645,-0.0862346009641134,0.38711703812278336,0.00011135857461024499,0.5,-0.5029775970633272,0.6432485553451533,0.5424551493318736,0.4257928828176013,0.7394232727856245,0.057991460084192106
2021-01-30 12:10:00,0.24476987447698745,-0.21115537848605592,-0.22204020848845885,-0.06445277628994805,0.3738074361021319,0.00011135857461024499,0.5,-0.5029775970633272,0.6432485553451533,0.5424551493318736,0.4257928828176013,0.7394232727856245,0.11648083045400366
2021-01-30 12:20:00,0.2914923291492329,0.22709163346613526,-0.2405063291139241,-0.11301553294054623,0.3703524361675675,0.00011135857461024499,0.5,-0.5029775970633272,0.6432485553451533,0.5424551493318736,0.4257928828176013,0.7394232727856245,0.14847533835267138
2021-01-30 12:30:00,0.3179916317991632,-0.06772908366533881,-0.2527177959791512,-0.11980003570790931,0.3622645954116554,0.00011135857461024499,0.5,-0.5029775970633272,0.6432485553451533,0.5424551493318736,0.4257928828176013,0.7394232727856245,0.20695716462724625
2021-01-30 12:40:00,0.3563458856345886,0.17131474103585642,-0.28488458674609096,-0.17943224424209958,0.3687950687728207,0.00011135857461024499,0.5,-0.5029775970633272,0.6432485553451533,0.5424551493318736,0.4257928828176013,0.7394232727856245,0.2625646906166544
2021-01-30 12:50:00,0.37308228730822873,-0.11553784860557781,-0.29203276247207755,-0.20049991073022666,0.363455523419403,0.00011135857461024499,0.5,-0.5029775970633272,0.6432485553451533,0.5424551493318736,0.4257928828176013,0.7394232727856245,0.2811759735654903
2021-01-30 13:00:00,0.38772663877266383,0.05179282868525892,-0.29262844378257635,-0.21192644170683805,0.36494745520932853,0.00011135857461024499,0.5,-0.3193605345566358,0.6215420954176207,0.3919655897484477,0.5321406814956339,0.7293875588862613,0.3145208745115199
2021-01-30 13:10:00,0.3668061366806137,0.11553784860557759,-0.2932241250930754,-0.22585252633458308,0.37425239821491674,0.00011135857461024499,0.5,-0.3193605345566358,0.6215420954176207,0.3919655897484477,0.5321406814956339,0.7293875588862613,0.2881768939451092
2021-01-30 13:20:00,0.41422594142259417,-0.14741035856573714,-0.2908413998510798,-0.2272808427066595,0.37651647014173356,0.00011135857461024499,0.5,-0.3193605345566358,0.6215420954176207,0.3919655897484477,0.5321406814956339,0.7293875588862613,0.36022300345519565
2021-01-30 13:30:00,0.4686192468619247,-0.003984063745020028,-0.289650037230082,-0.21335475807891446,0.37228933007027787,0.00011135857461024499,0.5,-0.3193605345566358,0.6215420954176207,0.3919655897484477,0.5321406814956339,0.7293875588862613,0.4467386876291926
2021-01-30 13:40:00,0.45327754532775455,-0.003984063745020028,-0.2866716306775876,-0.20192822710230307,0.3746057504809517,0.00011135857461024499,0.5,-0.3193605345566358,0.6215420954176207,0.3919655897484477,0.5321406814956339,0.7293875588862613,0.46091404257887353
2021-01-30 13:50:00,0.5209205020920502,-0.10756972111553798,-0.282204020848846,-0.20407070166041774,0.380076167044012,0.00022271714922048998,0.5,-0.3193605345566358,0.6215420954176207,0.3919655897484477,0.5321406814956339,0.7293875588862613,0.579650557508638
2021-01-30 14:00:00,0.5264993026499303,-0.003984063745020028,-0.2786299329858527,-0.20549901803249415,0.3739513944327387,0.00022271714922048998,0.5,-0.29964672407622794,0.6104762260529255,0.36391887091805947,0.6170529257274555,0.7342101220494752,0.6322857099748027
2021-01-30 14:10:00,0.6157601115760112,-0.043824701195219196,-0.27326880119136276,-0.201571148009284,0.38392378060750415,0.011692650334075724,0.5,-0.29964672407622794,0.6104762260529255,0.36391887091805947,0.6170529257274555,0.7342101220494752,0.7952155348009113
2021-01-30 14:20:00,0.5550906555090656,-0.02788844621513953,-0.26880119136262115,-0.20192822710230307,0.3746973603277015,0.03006681514476615,0.5,-0.29964672407622794,0.6104762260529255,0.36391887091805947,0.6170529257274555,0.7342101220494752,0.6085821627412225
2021-01-30 14:30:00,0.6415620641562064,-0.03585657370517936,-0.2676098287416233,-0.1983574361721121,0.3804426064310113,0.0038975501113585743,0.5,-0.29964672407622794,0.6104762260529255,0.36391887091805947,0.6170529257274555,0.7342101220494752,0.8717805573577561
2021-01-30 14:40:00,0.5781032078103208,0.027888446215139417,-0.2637379002233806,-0.1951437243349402,0.37523393228723617,0.02928730512249443,0.5,-0.29964672407622794,0.6104762260529255,0.36391887091805947,0.6170529257274555,0.7342101220494752,0.7001976552952005
2021-01-30 14:50:00,0.6178521617852162,-0.059760956175298974,-0.259270290394639,-0.1919300124977681,0.38061273900354664,0.06926503340757238,0.5,-0.29964672407622794,0.6104762260529255,0.36391887091805947,0.6170529257274555,0.7342101220494752,0.5732908852241351
2021-01-30 15:00:00,0.6220362622036262,0.043824701195219085,-0.25390915860014907,-0.1919300124977681,0.3808090458180105,0.08329621380846326,0.5,-0.284672020726944,0.5847612260672915,0.35842502945575055,0.703488618904004,0.7371576773546458,0.4536867993421549
2021-01-30 15:10:00,0.6324965132496514,0.019920318725099362,-0.24854802680565913,-0.19121585431173005,0.3762285534805198,0.08173719376391982,0.5,-0.284672020726944,0.5847612260672915,0.35842502945575055,0.703488618904004,0.7371576773546458,0.49210887638245543
2021-01-30 15:20:00,0.690376569037657,0.11553784860557759,-0.24259121370067016,-0.18943045884663456,0.3734540838360969,0.03819599109131403,0.5,-0.284672020726944,0.5847612260672915,0.35842502945575055,0.703488618904004,0.7371576773546458,0.8711996620245334
2021-01-30 15:30:00,0.7161785216178521,-0.17131474103585675,-0.24080416976917363,-0.18443135154436707,0.3749067542631297,0.05,0.5,-0.284672020726944,0.5847612260672915,0.35842502945575055,0.703488618904004,0.7371576773546458,0.868627125548833
2021-01-30 15:40:00,0.7112970711297071,0.07569721115537842,-0.23723008190618022,-0.17693269059096584,0.3719359778042429,0.07160356347438752,0.5,-0.284672020726944,0.5847612260672915,0.35842502945575055,0.703488618904004,0.7371576773546458,0.7211325195769271
2021-01-30 15:50:00,0.6834030683403068,-0.043824701195219196,-0.23127326880119148,-0.1740760578468129,0.37230241719124213,0.08641425389755011,0.5,-0.284672020726944,0.5847612260672915,0.35842502945575055,0.703488618904004,0.7371576773546458,0.5910798617921753
2021-01-30 16:00:00,0.7803347280334728,0.09163346613545809,-0.22591213700670154,-0.17157650419567938,0.37592754969834186,0.10233853006681515,0.5,-0.2435913872984098,0.5793935179464799,0.3378900184222877,0.7628091756426222,0.7385763773241983,0.6302186278799584
2021-01-30 16:10:00,0.7510460251046025,-0.06772908366533881,-0.22204020848845885,-0.17229066238171753,0.37841410268155107,0.06737193763919821,0.5,-0.2435913872984098,0.5793935179464799,0.3378900184222877,0.7628091756426222,0.7385763773241983,0.8737495662145239
2021-01-30 16:20:00,0.7545327754532776,-0.043824701195219196,-0.2211466865227104,-0.1740760578468129,0.37448796639227333,0.02906458797327394,0.5,-0.2435913872984098,0.5793935179464799,0.3378900184222877,0.7628091756426222,0.7385763773241983,0.897688489219488
2021-01-30 16:30:00,0.6834030683403068,0.027888446215139417,-0.21846612062546544,-0.17371897875379394,0.3721846331025637,0.009799554565701559,0.5,-0.2435913872984098,0.5793935179464799,0.3378900184222877,0.7628091756426222,0.7385763773241983,0.9216273367834996
2021-01-30 16:40:00,0.7663877266387726,0.1394422310756971,-0.21429635145197334,-0.17371897875379394,0.37721008755283925,0.03864142538975501,0.5,-0.2435913872984098,0.5793935179464799,0.3378900184222877,0.7628091756426222,0.7385763773241983,0.9455663352294159
2021-01-30 16:50:00,0.7266387726638772,0.027888446215139417,-0.21221146686522718,-0.17300482056775568,0.38028556097944016,0.017928730512249445,0.5,-0.2435913872984098,0.5793935179464799,0.3378900184222877,0.7628091756426222,0.7385763773241983,0.9695051827934276
2021-01-30 17:00:00,0.6980474198047419,-0.043824701195219196,-0.21072226358897994,-0.16372076414925896,0.38192145109997255,0.00957683741648107,0.5,-0.2385997972799222,0.5769912674170363,0.33356185238404845,0.7898819739636197,0.7382504919441949,0.993444181239344
2021-01-30 17:10:00,0.7517433751743374,0.05179282868525892,-0.2092330603127328,-0.153365470451705,0.37625472772244833,0.02149220489977728,0.5,-0.2385997972799222,0.5769912674170363,0.33356185238404845,0.7898819739636197,0.7382504919441949,0.9611799719359657
2021-01-30 17:20:00,0.7189679218967923,0.01195219123505975,-0.20595681310498903,-0.15086591680057126,0.3737289133763464,0.021380846325167038,0.5,-0.2385997972799222,0.5769912674170363,0.33356185238404845,0.7898819739636197,0.7382504919441949,0.9289157626325876
2021-01-30 17:30:00,0.7663877266387726,-0.14741035856573714,-0.20446760982874168,-0.15765041956793413,0.3765949928675191,0.03585746102449889,0.5,-0.2385997972799222,0.5769912674170363,0.33356185238404845,0.7898819739636197,0.7382504919441949,0.8966515533292092
2021-01-30 17:40:00,0.7245467224546723,0.08366533864541825,-0.20268056589724515,-0.1597928941260488,0.37632016332726964,0.056904231625835196,0.5,-0.2385997972799222,0.5769912674170363,0.33356185238404845,0.7898819739636197,0.7382504919441949,0.864387344025831
2021-01-30 17:50:00,0.7391910739191073,0.07569721115537842,-0.20625465376023833,-0.1615782895911445,0.3743047466987737,0.03485523385300668,0.5,-0.2385997972799222,0.5769912674170363,0.33356185238404845,0.7898819739636197,0.7382504919441949,0.8821033691929328
2021-01-30 18:00:00,0.690376569037657,-0.11553784860557781,-0.20655249441548773,-0.16586323870737363,0.37850571252830095,0.012360801781737195,0.5,-0.3572308664165408,0.5794739760981834,0.40461250866616016,0.7285512833537872,0.729321499844865,0.8998194698009867
2021-01-30 18:10:00,0.6234309623430963,0.01195219123505975,-0.20744601638123616,-0.16407784324227825,0.3742000497310597,0.0006681514476614699,0.5,-0.3572308664165408,0.5794739760981834,0.40461250866616016,0.7285512833537872,0.729321499844865,0.9175354949680885
2021-01-30 18:20:00,0.6304044630404463,-0.17131474103585675,-0.21221146686522718,-0.1612212104981252,0.3742000497310597,0.008129175946547884,0.5,-0.3572308664165408,0.5794739760981834,0.40461250866616016,0.7285512833537872,0.729321499844865,0.9189915053487636
2021-01-30 18:30:00,0.7315202231520224,0.05976095617529875,-0.21131794489947897,-0.16407784324227825,0.3655232885317559,0.016592427616926503,0.5,-0.3572308664165408,0.5794739760981834,0.40461250866616016,0.7285512833537872,0.729321499844865,0.9523439503900296
2021-01-30 18:40:00,0.6638772663877266,0.12350597609561742,-0.21340282948622502,-0.16871987145152645,0.3673031369828951,0.005790645879732739,0.5,-0.3572308664165408,0.5794739760981834,0.40461250866616016,0.7285512833537872,0.729321499844865,0.985696395431296
2021-01-30 18:50:00,0.6108786610878661,-0.3227091633466136,-0.2205510052122116,-0.17050526691662193,0.3733232126264543,0.0013363028953229399,0.5,-0.3572308664165408,0.5794739760981834,0.40461250866616016,0.7285512833537872,0.729321499844865,0.8708752659293572
2021-01-30 19:00:00,0.5202231520223152,0.24302788844621515,-0.22680565897244986,-0.17086234600964112,0.3706534399497455,0.00011135857461024499,0.5,-0.356074581510448,0.5811578502731283,0.41677322223401597,0.6128389676546454,0.7241277681861138,0.6835025725364757
2021-01-30 19:10:00,0.5495118549511855,-0.01195219123505975,-0.23395383469843645,-0.17728976968398502,0.374317833819738,0.00022271714922048998,0.5,-0.356074581510448,0.5811578502731283,0.41677322223401597,0.6128389676546454,0.7241277681861138,0.7338065995745131
2021-01-30 19:20:00,0.6269177126917713,0.08366533864541825,-0.2399106478034252,-0.18478843063738626,0.36459410294329353,0.003006681514476615,0.5,-0.356074581510448,0.5811578502731283,0.41677322223401597,0.6128389676546454,0.7241277681861138,0.9175053185871419
2021-01-30 19:30:00,0.605997210599721,0.043824701195219085,-0.24556962025316464,-0.19300124977682553,0.37060109146588843,0.0013363028953229399,0.5,-0.356074581510448,0.5811578502731283,0.41677322223401597,0.6128389676546454,0.7241277681861138,0.8682499207870001
2021-01-30 19:40:00,0.4951185495118549,-0.01195219123505975,-0.2527177959791512,-0.19550080342795917,0.3759798981821989,0.00022271714922048998,0.5,-0.356074581510448,0.5811578502731283,0.41677322223401597,0.6128389676546454,0.7241277681861138,0.6113810220740227
2021-01-30 19:50:00,0.5502092050209205,0.2111553784860556,-0.2595681310498884,-0.201571148009284,0.37599298530316316,0.00011135857461024499,0.5,-0.356074581510448,0.5811578502731283,0.41677322223401597,0.6128389676546454,0.7241277681861138,0.7208609321484074
2021-01-30 20:00:00,0.5167364016736402,0.21912350597609564,-0.2643335815338794,-0.20728441349758975,0.3760060724241274,0.00011135857461024499,0.5,-0.36157100389130503,0.5989448488105124,0.4125558917397972,0.5870984864974479,0.7246846481947476,0.5945048810296181
2021-01-30 20:10:00,0.5383542538354253,0.2589641434262948,-0.26850335070737164,-0.21692554900910554,0.3760060724241274,0.00022271714922048998,0.5,-0.36157100389130503,0.5989448488105124,0.4125558917397972,0.5870984864974479,0.7246846481947476,0.6592181299696728
2021-01-30 20:20:00,0.5634588563458857,0.4183266932270917,-0.27326880119136276,-0.22442420996250667,0.3760060724241274,0.00011135857461024499,0.5,-0.36157100389130503,0.5989448488105124,0.4125558917397972,0.5870984864974479,0.7246846481947476,0.7193143926248925
2021-01-30 20:30:00,0.6115760111576011,0.4661354581673305,-0.2789277736411021,-0.23156579182288872,0.3760060724241274,0.00033407572383073496,0.5,-0.36157100389130503,0.5989448488105124,0.4125558917397972,0.5870984864974479,0.7246846481947476,0.8132459224165246
2021-01-30 20:40:00,0.6694560669456067,-0.12350597609561753,-0.28101265822784816,-0.23477950366006073,0.3850885343733232,0.0014476614699331849,0.5,-0.36157100389130503,0.5989448488105124,0.4125558917397972,0.5870984864974479,0.7246846481947476,0.9855832340027462
2021-01-30 20:50:00,0.7078103207810321,-0.36254980079681276,-0.28369322412509324,-0.23263702910194595,0.3870254282760336,0.009242761692650333,0.5,-0.36157100389130503,0.5989448488105124,0.4125558917397972,0.5870984864974479,0.7246846481947476,0.932792220528992
2021-01-30 21:00:00,0.6868898186889818,-0.33864541832669326,-0.2863737900223382,-0.2319228709159079,0.3870254282760336,0.0023385300668151447,0.5,-0.3692914436317779,0.6088900510621914,0.4171152399253471,0.5634679768850271,0.7258368228900428,0.8800011316142855
2021-01-30 21:10:00,0.6115760111576011,-0.33067729083665354,-0.29173492181682814,-0.2301374754508122,0.3870254282760336,0.00011135857461024499,0.5,-0.3692914436317779,0.6088900510621914,0.4171152399253471,0.5634679768850271,0.7258368228900428,0.8272100426995791
2021-01-30 21:20:00,0.602510460251046,-0.33067729083665354,-0.29679821295606856,-0.23085163363685057,0.3870254282760336,0.00011135857461024499,0.5,-0.3692914436317779,0.6088900510621914,0.4171152399253471,0.5634679768850271,0.7258368228900428,0.7997872565143264
2021-01-30 21:30:00,0.5334728033472803,-0.11553784860557781,-0.3018615040953091,-0.23156579182288872,0.3870254282760336,0.00011135857461024499,0.5,-0.3692914436317779,0.6088900510621914,0.4171152399253471,0.5634679768850271,0.7258368228900428,0.600577877695128
2021-01-30 21:40:00,0.5390516039051604,-0.07569721115537853,-0.30811615785554747,-0.23585074093911806,0.3870254282760336,0.00011135857461024499,0.5,-0.3692914436317779,0.6088900510621914,0.4171152399253471,0.5634679768850271,0.7258368228900428,0.6355145827360925
2021-01-30 21:50:00,0.5251046025104603,0.09960159362549792,-0.3107967237527923,-0.2447777182645956,0.3870254282760336,0.00011135857461024499,0.5,-0.3692914436317779,0.6088900510621914,0.4171152399253471,0.5634679768850271,0.7258368228900428,0.5910496854112287
2021-01-30 22:00:00,0.5013947001394701,0.3227091633466135,-0.31586001489203286,-0.2540617746830922,0.3870254282760336,0.00011135857461024499,0.5,-0.41496873314626703,0.6105308226558681,0.45989712584665865,0.5453661038873633,0.7317810323527829,0.5281092988517887
2021-01-30 22:10:00,0.4818688981868898,-0.02788844621513953,-0.31883842144452734,-0.25798964470630237,0.3870254282760336,0.00011135857461024499,0.5,-0.41496873314626703,0.6105308226558681,0.45989712584665865,0.5453661038873633,0.7317810323527829,0.4734523288621996
2021-01-30 22:20:00,0.37866108786610875,-0.4820717131474104,-0.32390171258376776,-0.2590608819853597,0.3870254282760336,0.00011135857461024499,0.5,-0.41496873314626703,0.6105308226558681,0.45989712584665865,0.5453661038873633,0.7317810323527829,0.2903043288018468
2021-01-30 22:30:00,0.32496513249651326,-0.12350597609561753,-0.33104988830975446,-0.2683449384038563,0.3762285534805198,0.00011135857461024499,0.5,-0.41496873314626703,0.6105308226558681,0.45989712584665865,0.5453661038873633,0.7317810323527829,0.21858261538693666
2021-01-30 22:40:00,0.27405857740585776,-0.20318725099601598,-0.33849590469099045,-0.28691305124084987,0.3757574171258065,0.00011135857461024499,0.5,-0.41496873314626703,0.6105308226558681,0.45989712584665865,0.5453661038873633,0.7317810323527829,0.16015359777901836
2021-01-30 22:50:00,0.3528591352859135,0.25099601593625476,-0.34594192107222654,-0.3004820567755758,0.3757574171258065,0.00011135857461024499,0.5,-0.41496873314626703,0.6105308226558681,0.45989712584665865,0.5453661038873633,0.7317810323527829,0.23296920500324397
2021-01-30 23:00:00,0.3723849372384937,0.41035856573705165,-0.3495160089352197,-0.30155329405463305,0.3771184777060894,0.00011135857461024499,0.5,-0.4585869029755293,0.6108698962951895,0.5093262276843602,0.528616401673996,0.7506566139976727,0.257804366522323
2021-01-30 23:10:00,0.39051603905160387,0.019920318725099362,-0.35338793745346253,-0.3026245313336904,0.3869730797921765,0.00011135857461024499,0.5,-0.4585869029755293,0.6108698962951895,0.5093262276843602,0.528616401673996,0.7506566139976727,0.2909380328017261
2021-01-30 23:20:00,0.37447698744769875,0.01195219123505975,-0.35845122859270295,-0.30798071772897684,0.3869730797921765,0.00011135857461024499,0.5,-0.4585869029755293,0.6108698962951895,0.5093262276843602,0.528616401673996,0.7506566139976727,0.2648882719495451
2021-01-30 23:30:00,0.4205020920502092,-0.1633466135458168,-0.3611317944899479,-0.3058382431708624,0.3869730797921765,0.00011135857461024499,0.5,-0.4585869029755293,0.6108698962951895,0.5093262276843602,0.528616401673996,0.7506566139976727,0.32895272869924713
2021-01-30 23:40:00,0.39609483960948394,-0.07569721115537853,-0.36589724497393905,-0.30512408498482413,0.3869730797921765,0.00011135857461024499,0.5,-0.4585869029755293,0.6108698962951895,0.5093262276843602,0.528616401673996,0.7506566139976727,0.29087768003983283
2021-01-30 23:50:00,0.38772663877266383,0.31474103585657365,-0.3682799702159346,-0.31083735047312977,0.3869730797921765,0.00011135857461024499,0.5,-0.4585869029755293,0.6108698962951895,0.5093262276843602,0.528616401673996,0.7506566139976727,0.2771700589948247
2021-01-31 00:00:00,0.37517433751743373,0.19521912350597592,-0.37006701414743126,-0.3265488305659704,0.39371294708876997,0.00011135857461024499,0.5,-0.4752064139325194,0.5991258796518474,0.5371241372042583,0.5188030264787481,0.7705742997227202,0.26708360366341266
2021-01-31 00:10:00,0.3277545327754533,-0.24302788844621515,-0.3724497393894267,-0.325834672379932,0.3981494810956538,0.00011135857461024499,0.5,-0.4752064139325194,0.5991258796518474,0.5371241372042583,0.5188030264787481,0.7705742997227202,0.19915657015254162
2021-01-31 00:20:00,0.32566248256624825,-0.14741035856573714,-0.3798957557706627,-0.335832886984467,0.38680294721964115,0.00011135857461024499,0.5,-0.4752064139325194,0.5991258796518474,0.5371241372042583,0.5188030264787481,0.7705742997227202,0.19604085881980177
2021-01-31 00:30:00,0.3451882845188285,0.4661354581673305,-0.38198064035740886,-0.3422603106588108,0.3842640457525749,0.00011135857461024499,0.5,-0.4752064139325194,0.5991258796518474,0.5371241372042583,0.5188030264787481,0.7705742997227202,0.2227997646242286
2021-01-31 00:40:00,0.299163179916318,0.5697211155378485,-0.38495904690990335,-0.3483306552401356,0.3842640457525749,0.00011135857461024499,0.5,-0.4752064139325194,0.5991258796518474,0.5371241372042583,0.5188030264787481,0.7705742997227202,0.16386529263545424
2021-01-31 00:50:00,0.3368200836820084,-0.1394422310756973,-0.391511541325391,-0.35440099982146045,0.3842640457525749,0.00011135857461024499,0.5,-0.4752064139325194,0.5991258796518474,0.5371241372042583,0.5188030264787481,0.7705742997227202,0.19629735805784812
2021-01-31 01:00:00,0.396792189679219,0.08366533864541825,-0.3918093819806404,-0.35118728798428844,0.39339885618562775,0.00011135857461024499,0.5,-0.545722449597645,0.5971776429784474,0.6023058358464722,0.5043518871232525,0.7872801092260847,0.2893914932782112
2021-01-31 01:10:00,0.38633193863319387,0.003984063745019917,-0.3879374534623977,-0.3454740224959829,0.3954797084189449,0.00011135857461024499,0.5,-0.545722449597645,0.5971776429784474,0.6023058358464722,0.5043518871232525,0.7872801092260847,0.270651960710352
2021-01-31 01:20:00,0.36541143654114366,-0.15537848605577698,-0.3912137006701416,-0.3454740224959829,0.3914227009200246,0.00011135857461024499,0.5,-0.545722449597645,0.5971776429784474,0.6023058358464722,0.5043518871232525,0.7872801092260847,0.23419134843158262
2021-01-31 01:30:00,0.28451882845188287,0.33864541832669315,-0.3986597170513776,-0.3536868416354222,0.3938830796613053,0.00011135857461024499,0.5,-0.545722449597645,0.5971776429784474,0.6023058358464722,0.5043518871232525,0.7872801092260847,0.13817764835463284
2021-01-31 01:40:00,0.2391910739191074,-0.11553784860557781,-0.4135517498138497,-0.36725584717014825,0.41183860962426877,0.00011135857461024499,0.5,-0.545722449597645,0.5971776429784474,0.6023058358464722,0.5043518871232525,0.7872801092260847,0.13261010606997903
2021-01-31 01:50:00,0.2615062761506276,-0.01195219123505975,-0.4183172002978408,-0.3758257454026066,0.41183860962426877,0.00011135857461024499,0.5,-0.545722449597645,0.5971776429784474,0.6023058358464722,0.5043518871232525,0.7872801092260847,0.14545770025800805
2021-01-31 02:00:00,0.3138075313807531,-0.1394422310756973,-0.4177215189873419,-0.3776111408677022,0.3993665833453298,0.00011135857461024499,0.5,-0.5528972995004041,0.5884163249589808,0.6149618853810834,0.49200312503146937,0.7928238944507986,0.16415196825444725
2021-01-31 02:10:00,0.36959553695955366,-0.40239043824701204,-0.414445271779598,-0.37332619175147286,0.3980709583698682,0.00011135857461024499,0.5,-0.5528972995004041,0.5884163249589808,0.6149618853810834,0.49200312503146937,0.7928238944507986,0.24459465576293438
2021-01-31 02:20:00,0.397489539748954,-0.1394422310756973,-0.4064035740878631,-0.360114265309766,0.3898915077672063,0.00011135857461024499,0.5,-0.5528972995004041,0.5884163249589808,0.6149618853810834,0.49200312503146937,0.7928238944507986,0.29322389365843354
2021-01-31 02:30:00,0.3068340306834031,0.3705179282868525,-0.4067014147431125,-0.3665416889841099,0.39458978419337526,0.00011135857461024499,0.5,-0.5528972995004041,0.5884163249589808,0.6149618853810834,0.49200312503146937,0.7928238944507986,0.17788222158516528
2021-01-31 02:40:00,0.27475592747559274,0.019920318725099362,-0.41682799702159357,-0.3808248527048741,0.3980709583698682,0.00011135857461024499,0.5,-0.5528972995004041,0.5884163249589808,0.6149618853810834,0.49200312503146937,0.7928238944507986,0.13206693121293964
2021-01-31 02:50:00,0.2608089260808926,-0.2828685258964144,-0.42069992553983626,-0.38475272272808425,0.3980709583698682,0.00011135857461024499,0.5,-0.5528972995004041,0.5884163249589808,0.6149618853810834,0.49200312503146937,0.7928238944507986,0.11407426407350968
2021-01-31 03:00:00,0.23849372384937237,-0.298804780876494,-0.42069992553983626,-0.38510980182110344,0.3980709583698682,0.00011135857461024499,0.5,-0.5555355955844512,0.5857640794581731,0.6249804547732012,0.4844497084320167,0.7934065537466402,0.09844289874315375
2021-01-31 03:10:00,0.23082287308228733,-0.02788844621513953,-0.42397617274758015,-0.3883235136582752,0.3980709583698682,0.00011135857461024499,0.5,-0.5555355955844512,0.5857640794581731,0.6249804547732012,0.4844497084320167,0.7934065537466402,0.10027611388566168
2021-01-31 03:20:00,0.2754532775453278,-0.33067729083665354,-0.4260610573343262,-0.3883235136582752,0.39195927287955923,0.00011135857461024499,0.5,-0.5555355955844512,0.5857640794581731,0.6249804547732012,0.4844497084320167,0.7934065537466402,0.12923035140395614
2021-01-31 03:30:00,0.3326359832635983,0.17131474103585642,-0.421891288160834,-0.3915372254954472,0.3841855230267893,0.00011135857461024499,0.5,-0.5555355955844512,0.5857640794581731,0.6249804547732012,0.4844497084320167,0.7934065537466402,0.1891455557734961
2021-01-31 03:40:00,0.403068340306834,0.394422310756972,-0.4183172002978408,-0.39082306730940897,0.3841855230267893,0.00011135857461024499,0.5,-0.5555355955844512,0.5857640794581731,0.6249804547732012,0.4844497084320167,0.7934065537466402,0.29727507280051907
2021-01-31 03:50:00,0.4372384937238493,0.1633466135458166,-0.41236038719285195,-0.38011069451883595,0.3841855230267893,0.00011135857461024499,0.5,-0.5555355955844512,0.5857640794581731,0.6249804547732012,0.4844497084320167,0.7934065537466402,0.3558549723131705
2021-01-31 04:00:00,0.42747559274755925,-0.059760956175298974,-0.4072970960536114,-0.37225495447241563,0.3841855230267893,0.00011135857461024499,0.5,-0.5763527596179471,0.5792785777297575,0.6439206513883547,0.4764002677485298,0.7951664034330166,0.361980777645337
2021-01-31 04:10:00,0.40585774058577406,-0.059760956175298974,-0.4061057334326137,-0.3665416889841099,0.3841855230267893,0.00011135857461024499,0.5,-0.5763527596179471,0.5792785777297575,0.6439206513883547,0.4764002677485298,0.7951664034330166,0.31123164898833683
2021-01-31 04:20:00,0.4072524407252441,0.043824701195219085,-0.41206254653760244,-0.3629708980539189,0.3841855230267893,0.00011135857461024499,0.5,-0.5763527596179471,0.5792785777297575,0.6439206513883547,0.4764002677485298,0.7951664034330166,0.30200522051390377
2021-01-31 04:30:00,0.4330543933054393,0.2350597609561753,-0.4177215189873419,-0.3633279771469381,0.38427713287353915,0.00011135857461024499,0.5,-0.5763527596179471,0.5792785777297575,0.6439206513883547,0.4764002677485298,0.7951664034330166,0.33978604945908836
2021-01-31 04:40:00,0.40027894002789405,-0.19521912350597614,-0.41950856291883853,-0.36547045170505266,0.3953619243302666,0.00011135857461024499,0.5,-0.5763527596179471,0.5792785777297575,0.6439206513883547,0.4764002677485298,0.7951664034330166,0.2821038972795993
2021-01-31 04:50:00,0.4211994421199442,-0.14741035856573714,-0.42010424422933734,-0.359757186216747,0.3953880985721951,0.00011135857461024499,0.5,-0.5763527596179471,0.5792785777297575,0.6439206513883547,0.4764002677485298,0.7951664034330166,0.3274665419376254
2021-01-31 05:00:00,0.41492329149232915,-0.059760956175298974,-0.42069992553983626,-0.359757186216747,0.3953880985721951,0.00011135857461024499,0.5,-0.579472507548638,0.5641294571660904,0.6540702197701443,0.46945688889799353,0.80217824228821,0.32038263651040333
2021-01-31 05:10:00,0.4198047419804742,0.1394422310756971,-0.42069992553983626,-0.35904302803070876,0.3953880985721951,0.00011135857461024499,0.5,-0.579472507548638,0.5641294571660904,0.6540702197701443,0.46945688889799353,0.80217824228821,0.31743289527286994
2021-01-31 05:20:00,0.42677824267782427,0.09960159362549792,-0.42069992553983626,-0.36547045170505266,0.3953880985721951,0.00011135857461024499,0.5,-0.579472507548638,0.5641294571660904,0.6540702197701443,0.46945688889799353,0.80217824228821,0.33100472260361813
2021-01-31 05:30:00,0.4463040446304045,0.03585657370517925,-0.42069992553983626,-0.3661846098910908,0.3953880985721951,0.00011135857461024499,0.5,-0.579472507548638,0.5641294571660904,0.6540702197701443,0.46945688889799353,0.80217824228821,0.38483938621241154
2021-01-31 05:40:00,0.4490934449093445,0.12350597609561742,-0.42069992553983626,-0.36082842349580435,0.3953880985721951,0.00011135857461024499,0.5,-0.579472507548638,0.5641294571660904,0.6540702197701443,0.46945688889799353,0.80217824228821,0.38163314573683177
2021-01-31 05:50:00,0.4344490934449094,0.15537848605577675,-0.4227848101265823,-0.36547045170505266,0.3953880985721951,0.00011135857461024499,0.5,-0.579472507548638,0.5641294571660904,0.6540702197701443,0.46945688889799353,0.80217824228821,0.3543989619324954
2021-01-31 06:00:00,0.3326359832635983,0.20318725099601576,-0.43142218912881614,-0.37225495447241563,0.4024944052557878,0.00011135857461024499,0.5,-0.6406201606751734,0.5552848074895037,0.7177845521882602,0.4912189160626692,0.8315788321715082,0.2249573758619129
2021-01-31 06:10:00,0.34239888423988846,0.41035856573705165,-0.4382725241995533,-0.3793965363327976,0.40659067411760086,0.00011135857461024499,0.5,-0.6406201606751734,0.5552848074895037,0.7177845521882602,0.4912189160626692,0.8315788321715082,0.24491905185811064
2021-01-31 06:20:00,0.32496513249651326,0.38645418326693215,-0.4451228592702905,-0.387252276379218,0.40659067411760086,0.00011135857461024499,0.5,-0.6406201606751734,0.5552848074895037,0.7177845521882602,0.4912189160626692,0.8315788321715082,0.23327096881271028
2021-01-31 06:30:00,0.3319386331938633,-0.33864541832669326,-0.450186150409531,-0.3883235136582752,0.40659067411760086,0.00011135857461024499,0.5,-0.6406201606751734,0.5552848074895037,0.7177845521882602,0.4912189160626692,0.8315788321715082,0.2081415875794016
2021-01-31 06:40:00,0.3096234309623431,0.4422310756972112,-0.4534623976172749,-0.3983217282628101,0.4091950111894884,0.00011135857461024499,0.5,-0.6406201606751734,0.5552848074895037,0.7177845521882602,0.4912189160626692,0.8315788321715082,0.1926686482490155
2021-01-31 06:50:00,0.3814504881450488,0.09960159362549792,-0.4570364854802682,-0.40260667737903943,0.4227925298713536,0.00011135857461024499,0.5,-0.6406201606751734,0.5552848074895037,0.7177845521882602,0.4912189160626692,0.8315788321715082,0.2704709024246722
2021-01-31 07:00:00,0.41631799163179917,0.003984063745019917,-0.46239761727475814,-0.39903588644884846,0.4316263365222285,0.00011135857461024499,0.5,-0.6444228798191463,0.5646150795817321,0.7238768294998058,0.4574317426284651,0.8198807035322143,0.3312838541273745
2021-01-31 07:10:00,0.402370990237099,-0.07569721115537853,-0.4638868205510053,-0.3997500446348865,0.4316263365222285,0.00011135857461024499,0.5,-0.6444228798191463,0.5646150795817321,0.7238768294998058,0.4574317426284651,0.8198807035322143,0.3110053261312371
2021-01-31 07:20:00,0.3933054393305439,-0.19521912350597614,-0.4659717051377513,-0.4015354400999822,0.42459855256442136,0.00011135857461024499,0.5,-0.6444228798191463,0.5646150795817321,0.7238768294998058,0.4574317426284651,0.8198807035322143,0.2565520467130377
2021-01-31 07:30:00,0.28870292887029286,-0.14741035856573714,-0.47133283693224126,-0.4108194965184788,0.41110573085027025,0.00011135857461024499,0.5,-0.6444228798191463,0.5646150795817321,0.7238768294998058,0.4574317426284651,0.8198807035322143,0.17295592739562743
2021-01-31 07:40:00,0.2873082287308229,-0.5219123505976095,-0.47371556217423694,-0.418675236564899,0.4092080983104527,0.00011135857461024499,0.5,-0.6444228798191463,0.5646150795817321,0.7238768294998058,0.4574317426284651,0.8198807035322143,0.14938817387630704
2021-01-31 07:50:00,0.2719665271966527,0.06772908366533859,-0.47520476545048407,-0.42331726477414755,0.4092080983104527,0.00011135857461024499,0.5,-0.6444228798191463,0.5646150795817321,0.7238768294998058,0.4574317426284651,0.8198807035322143,0.15359023492312568
2021-01-31 08:00:00,0.3507670850767085,0.5139442231075697,-0.4790766939687269,-0.42938760935547216,0.41202182931776843,0.00011135857461024499,0.5,-0.6502185461188177,0.568589137574819,0.736806670727255,0.4303062363805576,0.8049471242975181,0.21450880395914118
2021-01-31 08:10:00,0.3807531380753138,-0.05179282868525903,-0.48562918838421454,-0.42831637207641493,0.420436848097787,0.00011135857461024499,0.5,-0.6502185461188177,0.568589137574819,0.736806670727255,0.4303062363805576,0.8049471242975181,0.2480196750003772
2021-01-31 08:20:00,0.33751743375174337,0.36254980079681287,-0.4868205510052124,-0.42974468844849134,0.4127677952127311,0.00011135857461024499,0.5,-0.6502185461188177,0.568589137574819,0.736806670727255,0.4303062363805576,0.8049471242975181,0.20372829186595653
2021-01-31 08:30:00,0.38354253835425384,0.2589641434262948,-0.49396872673119885,-0.43117300482056775,0.4256455222415621,0.00011135857461024499,0.5,-0.6502185461188177,0.568589137574819,0.736806670727255,0.4303062363805576,0.8049471242975181,0.2533835267136412
2021-01-31 08:40:00,0.4177126917712692,0.15537848605577675,-0.496053611317945,-0.4308159257275487,0.4256455222415621,0.00011135857461024499,0.5,-0.6502185461188177,0.568589137574819,0.736806670727255,0.4303062363805576,0.8049471242975181,0.31741026298715996
2021-01-31 08:50:00,0.44072524407252445,-0.059760956175298974,-0.4912881608339539,-0.4258168184252812,0.4256455222415621,0.00011135857461024499,0.5,-0.6502185461188177,0.568589137574819,0.736806670727255,0.4303062363805576,0.8049471242975181,0.3468624107910738
2021-01-31 09:00:00,0.4281729428172943,-0.19521912350597614,-0.4838421444527179,-0.4204606320299946,0.42342071167763806,0.00011135857461024499,0.5,-0.6589232355298456,0.5735603019479503,0.754801594865144,0.41426015334860167,0.8047384322229425,0.32825867193747454
2021-01-31 09:10:00,0.41422594142259417,0.36254980079681287,-0.4760982874162324,-0.4158186038207463,0.41444294669615633,0.00011135857461024499,0.5,-0.6589232355298456,0.5735603019479503,0.754801594865144,0.41426015334860167,0.8047384322229425,0.3335093622221887
2021-01-31 09:20:00,0.4211994421199442,0.38645418326693215,-0.4692479523454952,-0.41153365470451697,0.41444294669615633,0.00011135857461024499,0.5,-0.6589232355298456,0.5735603019479503,0.754801594865144,0.41426015334860167,0.8047384322229425,0.376352279071171
2021-01-31 09:30:00,0.3800557880055788,0.15537848605577675,-0.46358897989575587,-0.4065345474022497,0.41444294669615633,0.00011135857461024499,0.5,-0.6589232355298456,0.5735603019479503,0.754801594865144,0.41426015334860167,0.8047384322229425,0.3211521342245425
2021-01-31 09:40:00,0.35564853556485354,-0.019920318725099695,-0.46239761727475814,-0.40082128191394384,0.41444294669615633,0.00011135857461024499,0.5,-0.6589232355298456,0.5735603019479503,0.754801594865144,0.41426015334860167,0.8047384322229425,0.27439383194773453
2021-01-31 09:50:00,0.3528591352859135,-0.06772908366533881,-0.4615040953090098,-0.3968934118907338,0.41444294669615633,0.00011135857461024499,0.5,-0.6589232355298456,0.5735603019479503,0.754801594865144,0.41426015334860167,0.8047384322229425,0.266193400425487
2021-01-31 10:00:00,0.3242677824267783,-0.15537848605577698,-0.4561429635145199,-0.39582217461167646,0.41444294669615633,0.00011135857461024499,0.5,-0.5260646056013847,0.5821635771694263,0.5641147480133617,0.3792214062317698,0.7997281224128712,0.228420115575539
2021-01-31 10:10:00,0.29428172942817293,-0.15537848605577698,-0.452866716306776,-0.39760757007677205,0.41444294669615633,0.00011135857461024499,0.5,-0.5260646056013847,0.5821635771694263,0.5641147480133617,0.3792214062317698,0.7997281224128712,0.16725259139671378
2021-01-31 10:20:00,0.29428172942817293,0.40239043824701204,-0.45048399106478043,-0.3968934118907338,0.4144822080590491,0.00011135857461024499,0.5,-0.5260646056013847,0.5821635771694263,0.5641147480133617,0.3792214062317698,0.7997281224128712,0.1423419889252682
2021-01-31 10:30:00,0.25313807531380755,0.07569721115537842,-0.45495160089352205,-0.3983217282628101,0.42804046537802154,0.00011135857461024499,0.5,-0.5260646056013847,0.5821635771694263,0.5641147480133617,0.3792214062317698,0.7997281224128712,0.11295019388324759
2021-01-31 10:40:00,0.24198047419804744,-0.14741035856573714,-0.4564408041697692,-0.39903588644884846,0.42819751082959256,0.00011135857461024499,0.5,-0.5260646056013847,0.5821635771694263,0.5641147480133617,0.3792214062317698,0.7997281224128712,0.08966911598292017
2021-01-31 10:50:00,0.18200836820083682,-0.4422310756972112,-0.4525688756515265,-0.39725049098375276,0.4195076625093246,0.00011135857461024499,0.5,-0.5260646056013847,0.5821635771694263,0.5641147480133617,0.3792214062317698,0.7997281224128712,0.06573170179700348
2021-01-31 11:00:00,0.25523012552301255,-0.2509960159362551,-0.4418466120625466,-0.3904659882163899,0.4109486853986991,0.00011135857461024499,0.5,-0.4656223036111724,0.5817325513567272,0.4972856070915473,0.4230061432994616,0.7781897433014737,0.12163344750064124
2021-01-31 11:10:00,0.3507670850767085,-0.2589641434262948,-0.43142218912881614,-0.38296732726298865,0.39792700003926135,0.00011135857461024499,0.5,-0.4656223036111724,0.5817325513567272,0.4972856070915473,0.4230061432994616,0.7781897433014737,0.23131704814641582
2021-01-31 11:20:00,0.3200836820083682,-0.33067729083665354,-0.4209977661950858,-0.3743974290305303,0.3976914318619047,0.00011135857461024499,0.5,-0.4656223036111724,0.5817325513567272,0.4972856070915473,0.4230061432994616,0.7781897433014737,0.19373236567738433
2021-01-31 11:30:00,0.3472803347280335,-0.019920318725099695,-0.4099776619508564,-0.3633279771469381,0.38969520095274235,0.00011135857461024499,0.5,-0.4656223036111724,0.5817325513567272,0.4972856070915473,0.4230061432994616,0.7781897433014737,0.24988306652383183
2021-01-31 11:40:00,0.3772663877266388,0.13147410358565725,-0.3983618763961282,-0.35118728798428844,0.3823795003337216,0.00011135857461024499,0.5,-0.4656223036111724,0.5817325513567272,0.4972856070915473,0.4230061432994616,0.7781897433014737,0.30698432337009823
2021-01-31 11:50:00,0.46373779637377965,0.20318725099601576,-0.3876396128071483,-0.34190323156579183,0.38906701914645797,0.00011135857461024499,0.5,-0.4656223036111724,0.5817325513567272,0.4972856070915473,0.4230061432994616,0.7781897433014737,0.45209499524722
2021-01-31 12:00:00,0.4065550906555091,-0.2589641434262948,-0.3790022338049145,-0.32404927691483665,0.3851539699781445,0.00011135857461024499,0.5,-0.4551790844109995,0.5804854500053186,0.4528102453637708,0.5419919557697166,0.754561134545791,0.3494877559334309
2021-01-31 12:10:00,0.3926080892608089,0.01195219123505975,-0.3721518987341773,-0.31619353686841634,0.3813848791404379,0.00011135857461024499,0.5,-0.4551790844109995,0.5804854500053186,0.4528102453637708,0.5419919557697166,0.754561134545791,0.30748223365571764
2021-01-31 12:20:00,0.3521617852161785,0.13147410358565725,-0.36530156366344013,-0.3115515086591679,0.3813848791404379,0.00011135857461024499,0.5,-0.4551790844109995,0.5804854500053186,0.4528102453637708,0.5419919557697166,0.754561134545791,0.23239585376525795
2021-01-31 12:30:00,0.3821478382147839,0.01195219123505975,-0.3551749813849592,-0.30655240135690043,0.3855334964861081,0.00011135857461024499,0.5,-0.4551790844109995,0.5804854500053186,0.4528102453637708,0.5419919557697166,0.754561134545791,0.2864191197549678
2021-01-31 12:40:00,0.36192468619246865,-0.1394422310756973,-0.3438570364854804,-0.29512587038028915,0.38227480336600755,0.00011135857461024499,0.5,-0.4551790844109995,0.5804854500053186,0.4528102453637708,0.5419919557697166,0.754561134545791,0.24680507566727522
2021-01-31 12:50:00,0.38772663877266383,0.01195219123505975,-0.332836932241251,-0.28869844670594524,0.38510162149428745,0.00011135857461024499,0.5,-0.4551790844109995,0.5804854500053186,0.4528102453637708,0.5419919557697166,0.754561134545791,0.3028878796565928
2021-01-31 13:00:00,0.4086471408647141,-0.02788844621513953,-0.3224125093075205,-0.2747723620782002,0.3827590268416851,0.00011135857461024499,0.5,-0.30136280723615305,0.5660834408503275,0.30701813454648796,0.6315636892301161,0.7448908230222671,0.33729649803099115
2021-01-31 13:10:00,0.36052998605299863,0.05179282868525892,-0.3134772896500374,-0.26691662203178,0.3826281556320425,0.00011135857461024499,0.5,-0.30136280723615305,0.5660834408503275,0.30701813454648796,0.6315636892301161,0.7448908230222671,0.280255593946618
2021-01-31 13:20:00,0.45536959553695955,-0.24302788844621515,-0.30275502606105753,-0.2594179610783788,0.38918480323513627,0.00011135857461024499,0.5,-0.30136280723615305,0.5660834408503275,0.30701813454648796,0.6315636892301161,0.7448908230222671,0.4456523379151139
2021-01-31 13:30:00,0.5132496513249651,-0.08366533864541836,-0.29173492181682814,-0.25191930012497765,0.383256337438327,0.0024498886414253897,0.5,-0.30136280723615305,0.5660834408503275,0.30701813454648796,0.6315636892301161,0.7448908230222671,0.5571163450367398
2021-01-31 13:40:00,0.4839609483960949,-0.01195219123505975,-0.2830975428145942,-0.2433494018925193,0.38528484118778705,0.005345211581291759,0.5,-0.30136280723615305,0.5660834408503275,0.30701813454648796,0.6315636892301161,0.7448908230222671,0.5006940567617726
2021-01-31 13:50:00,0.5160390516039052,-0.03585657370517936,-0.2753536857781088,-0.2365648991251561,0.3803509965842614,0.00011135857461024499,0.5,-0.30136280723615305,0.5660834408503275,0.30701813454648796,0.6315636892301161,0.7448908230222671,0.5756672752236824
2021-01-31 14:00:00,0.4790794979079498,-0.10756972111553798,-0.2682055100521221,-0.22942331726477416,0.3819868867047938,0.00011135857461024499,0.5,-0.2786239382460878,0.5475866864746983,0.272214378768678,0.702181498479878,0.7393407626165432,0.5082306079031942
2021-01-31 14:10:00,0.4825662482566248,-0.07569721115537853,-0.26046165301563673,-0.22156757721835385,0.3825365457852927,0.00033407572383073496,0.5,-0.2786239382460878,0.5475866864746983,0.272214378768678,0.702181498479878,0.7393407626165432,0.5225417565671349
2021-01-31 14:20:00,0.5404463040446305,0.12350597609561742,-0.2548026805658973,-0.20442778075343682,0.37705304210126817,0.0010022271714922048,0.5,-0.2786239382460878,0.5475866864746983,0.272214378768678,0.702181498479878,0.7393407626165432,0.6216560797863512
2021-01-31 14:30:00,0.5732217573221757,-0.08366533864541836,-0.2482501861504096,-0.2001428316372077,0.38266741699493523,0.011469933184855235,0.5,-0.2786239382460878,0.5475866864746983,0.272214378768678,0.702181498479878,0.7393407626165432,0.6880969265356006
2021-01-31 14:40:00,0.5746164574616458,0.043824701195219085,-0.24229337304542087,-0.1987145152651313,0.38133253065658085,0.05846325167037862,0.5,-0.2786239382460878,0.5475866864746983,0.272214378768678,0.702181498479878,0.7393407626165432,0.4860585120026555
2021-01-31 14:50:00,0.5718270571827057,-0.01195219123505975,-0.24110201042442314,-0.19157293340474912,0.37349334519898963,0.033073496659242765,0.5,-0.2786239382460878,0.5475866864746983,0.272214378768678,0.702181498479878,0.7393407626165432,0.6255262006427569
2021-01-31 15:00:00,0.5913528591352859,0.019920318725099362,-0.23693224125093093,-0.1901446170326727,0.3739513944327387,0.0014476614699331849,0.5,-0.2658742528491044,0.5207625133977183,0.2753574668219379,0.7457490752723761,0.7375349515293368,0.776770221947282
2021-01-31 15:10:00,0.6283124128312413,-0.019920318725099695,-0.2324646314221892,-0.18800214247455804,0.3769090837706613,0.0010022271714922048,0.5,-0.2658742528491044,0.5207625133977183,0.2753574668219379,0.7457490752723761,0.7375349515293368,0.8480468337432291
2021-01-31 15:20:00,0.6324965132496514,-0.14741035856573714,-0.22382725241995538,-0.18157471880021414,0.3852455798248943,0.005233853006681514,0.5,-0.2658742528491044,0.5207625133977183,0.2753574668219379,0.7457490752723761,0.7375349515293368,0.866680748977775
2021-01-31 15:30:00,0.6380753138075315,-0.09960159362549814,-0.21399851079672383,-0.17550437421888943,0.3834395571318266,0.00378619153674833,0.5,-0.2658742528491044,0.5207625133977183,0.2753574668219379,0.7457490752723761,0.7375349515293368,0.8909123828779215
2021-01-31 15:40:00,0.6673640167364017,-0.21115537848605592,-0.20595681310498903,-0.17300482056775568,0.38197379958382954,0.011692650334075724,0.5,-0.2658742528491044,0.5207625133977183,0.2753574668219379,0.7457490752723761,0.7375349515293368,0.9727809043861371
2021-01-31 15:50:00,0.603905160390516,-0.0916334661354582,-0.19910647803425174,-0.17229066238171753,0.38197379958382954,0.0012249443207126948,0.5,-0.2658742528491044,0.5207625133977183,0.2753574668219379,0.7457490752723761,0.7375349515293368,0.8221630429862546
2021-01-31 16:00:00,0.6820083682008368,-0.07569721115537853,-0.19493670886075953,-0.16907695054454563,0.37946107235869186,0.016815144766146994,0.5,-0.20244558193303175,0.5134379480872531,0.23560504349914663,0.7575570070218461,0.7380250942112783,0.9361920424883444
2021-01-31 16:10:00,0.701534170153417,-0.03585657370517936,-0.19076693968726743,-0.1647920014283163,0.3850100116475377,0.01759465478841871,0.5,-0.20244558193303175,0.5134379480872531,0.23560504349914663,0.7575570070218461,0.7380250942112783,0.9936478718107337
2021-01-31 16:20:00,0.7133891213389122,-0.13147410358565736,-0.18838421444527187,-0.16193536868416358,0.37887215191530016,0.019933184855233856,0.5,-0.20244558193303175,0.5134379480872531,0.23560504349914663,0.7575570070218461,0.7380250942112783,0.984335893296317
2021-01-31 16:30:00,0.7419804741980475,0.019920318725099362,-0.18332092330603145,-0.15943581503302984,0.38075669733415346,0.01759465478841871,0.5,-0.20244558193303175,0.5134379480872531,0.23560504349914663,0.7575570070218461,0.7380250942112783,0.9750239902228526
2021-01-31 16:40:00,0.6785216178521618,0.05179282868525892,-0.18093819806403577,-0.14515265131226573,0.3798536859876196,0.006124721603563475,0.5,-0.20244558193303175,0.5134379480872531,0.23560504349914663,0.7575570070218461,0.7380250942112783,0.9657120871493882
2021-01-31 16:50:00,0.6520223152022315,0.05179282868525892,-0.17944899478778864,-0.14372433494018932,0.3831385533496486,0.005011135857461025,0.5,-0.20244558193303175,0.5134379480872531,0.23560504349914663,0.7575570070218461,0.7380250942112783,0.9131750079213
2021-01-31 17:00:00,0.6694560669456067,0.15537848605577675,-0.17944899478778864,-0.14765220496339948,0.381437227624295,0.008129175946547884,0.5,-0.19724229985561448,0.5070357780159617,0.2341726779731603,0.7361252225937347,0.7384796209409207,0.9397302231543372
2021-01-31 17:10:00,0.7085076708507672,0.01195219123505975,-0.17855547282204032,-0.15122299589359034,0.3869730797921765,0.01024498886414254,0.5,-0.19724229985561448,0.5070357780159617,0.2341726779731603,0.7361252225937347,0.7384796209409207,0.8567075305158653
2021-01-31 17:20:00,0.597629009762901,-0.07569721115537853,-0.17349218168279978,-0.142653097661132,0.38309929198675585,0.0020044543429844097,0.5,-0.19724229985561448,0.5070357780159617,0.2341726779731603,0.7361252225937347,0.7384796209409207,0.7736846869954886
2021-01-31 17:30:00,0.5523012552301255,-0.17928286852589637,-0.17349218168279978,-0.13194072487055875,0.3746057504809517,0.00044543429844097997,0.5,-0.19724229985561448,0.5070357780159617,0.2341726779731603,0.7361252225937347,0.7384796209409207,0.6892134526306261
2021-01-31 17:40:00,0.5495118549511855,-0.13147410358565736,-0.17349218168279978,-0.1308694875915014,0.36952794754681917,0.00011135857461024499,0.5,-0.19724229985561448,0.5070357780159617,0.2341726779731603,0.7361252225937347,0.7384796209409207,0.688353425773647
2021-01-31 17:50:00,0.5516039051603905,-0.21912350597609564,-0.1782576321667909,-0.1390823067309409,0.3693839892162123,0.00011135857461024499,0.5,-0.19724229985561448,0.5070357780159617,0.2341726779731603,0.7361252225937347,0.7384796209409207,0.6413914329254493
2021-01-31 18:00:00,0.4923291492329149,0.03585657370517925,-0.18064035740878648,-0.1390823067309409,0.3672900498619308,0.00011135857461024499,0.5,-0.32912888734427037,0.505581784274453,0.3248821865088288,0.6141924403156958,0.7458478732940149,0.5295275887562805
2021-01-31 18:10:00,0.47629009762900976,-0.06772908366533881,-0.18332092330603145,-0.13872522763792183,0.3720799361348497,0.00011135857461024499,0.5,-0.32912888734427037,0.505581784274453,0.3248821865088288,0.6141924403156958,0.7458478732940149,0.4768094512425125
2021-01-31 18:20:00,0.5285913528591353,-0.2270916334661356,-0.18868205510052138,-0.153365470451705,0.3658897279187552,0.00011135857461024499,0.5,-0.32912888734427037,0.505581784274453,0.3248821865088288,0.6141924403156958,0.7458478732940149,0.5926339454109268
2021-01-31 18:30:00,0.4602510460251046,-0.21912350597609564,-0.1934475055845124,-0.16372076414925896,0.36505215217704257,0.00011135857461024499,0.5,-0.32912888734427037,0.505581784274453,0.3248821865088288,0.6141924403156958,0.7458478732940149,0.43441163601249305
2021-01-31 18:40:00,0.4170153417015342,-0.03585657370517936,-0.19880863737900234,-0.17550437421888943,0.36893902710342746,0.00011135857461024499,0.5,-0.32912888734427037,0.505581784274453,0.3248821865088288,0.6141924403156958,0.7458478732940149,0.3499026811714471
2021-01-31 18:50:00,0.4456066945606694,-0.11553784860557781,-0.2050632911392406,-0.18514550973040522,0.36505215217704257,0.00011135857461024499,0.5,-0.32912888734427037,0.505581784274453,0.3248821865088288,0.6141924403156958,0.7458478732940149,0.4285649622040829
2021-01-31 19:00:00,0.44839609483960946,-0.06772908366533881,-0.21221146686522718,-0.19300124977682553,0.3645417544594365,0.00011135857461024499,0.5,-0.35615196067804167,0.5160355969851183,0.35505380279414633,0.4608601536924779,0.7392066941509183,0.4086636389697784
2021-01-31 19:10:00,0.40585774058577406,-0.003984063745020028,-0.21727475800446772,-0.19728619889305476,0.3615971522424782,0.00011135857461024499,0.5,-0.35615196067804167,0.5160355969851183,0.35505380279414633,0.4608601536924779,0.7392066941509183,0.3459344870769649
2021-01-31 19:20:00,0.39400278940027894,-0.2509960159362551,-0.22323157110945657,-0.20835565077664697,0.36502597793511404,0.00011135857461024499,0.5,-0.35615196067804167,0.5160355969851183,0.35505380279414633,0.4608601536924779,0.7392066941509183,0.2976221011814053
2021-01-31 19:30:00,0.4211994421199442,-0.2828685258964144,-0.2282948622486971,-0.20692733440457056,0.36502597793511404,0.00011135857461024499,0.5,-0.35615196067804167,0.5160355969851183,0.35505380279414633,0.4608601536924779,0.7392066941509183,0.34414653650587684
2021-01-31 19:40:00,0.3849372384937238,-0.298804780876494,-0.2321667907669398,-0.21478307445099076,0.36285351585504705,0.00011135857461024499,0.5,-0.35615196067804167,0.5160355969851183,0.35505380279414633,0.4608601536924779,0.7392066941509183,0.27145917890067445
2021-01-31 19:50:00,0.3270571827057183,0.4422310756972112,-0.23812360387192866,-0.22835207998571683,0.35375796678488697,0.00011135857461024499,0.5,-0.35615196067804167,0.5160355969851183,0.35505380279414633,0.4608601536924779,0.7392066941509183,0.19229144348718258
2021-01-31 20:00:00,0.21687587168758715,0.4183266932270917,-0.24110201042442314,-0.24442063917157653,0.3584300689691275,0.00011135857461024499,0.5,-0.3753690435968239,0.5215268658389058,0.35897616363688706,0.38081391793012737,0.7390647394030352,0.0945426015058014
2021-01-31 20:10:00,0.15550906555090654,0.1872509960159361,-0.24467609828741632,-0.24549187645063375,0.3735849550457395,0.00011135857461024499,0.5,-0.3753690435968239,0.5215268658389058,0.35897616363688706,0.38081391793012737,0.7390647394030352,0.04720340389577078
2021-01-31 20:20:00,0.1506276150627615,0.01195219123505975,-0.24854802680565913,-0.2526334583110159,0.3840023033332897,0.00011135857461024499,0.5,-0.3753690435968239,0.5215268658389058,0.35897616363688706,0.38081391793012737,0.7390647394030352,0.0398780874209756
2021-01-31 20:30:00,0.17224546722454673,0.06772908366533859,-0.2509307520476546,-0.2594179610783788,0.3840023033332897,0.00011135857461024499,0.5,-0.3753690435968239,0.5215268658389058,0.35897616363688706,0.38081391793012737,0.7390647394030352,0.045181586372346365
2021-01-31 20:40:00,0.12482566248256625,0.5537848605577689,-0.2548026805658973,-0.26298875200856986,0.3920508827263091,0.00011135857461024499,0.5,-0.3753690435968239,0.5215268658389058,0.35897616363688706,0.38081391793012737,0.7390647394030352,0.021198907615009734
2021-01-31 20:50:00,0.1415620641562064,0.12350597609561742,-0.2321667907669398,-0.2194251026602393,0.41639292771983094,0.00011135857461024499,0.5,-0.3753690435968239,0.5215268658389058,0.35897616363688706,0.38081391793012737,0.7390647394030352,0.01545785113991279
2021-01-31 21:00:00,0.1603905160390516,0.019920318725099362,-0.2008935219657484,-0.15122299589359034,0.4168117155906872,0.00011135857461024499,0.5,-0.3887253549852697,0.5274807690649908,0.36772012427276857,0.3258796009547477,0.7499632060792693,0.028501591804094936
2021-01-31 21:10:00,0.15550906555090654,-0.043824701195219196,-0.18749069247952344,-0.11444384931262286,0.4023635340461452,0.00011135857461024499,0.5,-0.3887253549852697,0.5274807690649908,0.36772012427276857,0.3258796009547477,0.7499632060792693,0.024978499328575526
2021-01-31 21:20:00,0.13807531380753138,0.7370517928286848,-0.17974683544303804,-0.08337796821996057,0.41300336339008786,0.00011135857461024499,0.5,-0.3887253549852697,0.5274807690649908,0.36772012427276857,0.3258796009547477,0.7499632060792693,0.011949846854866697
2021-01-31 21:30:00,0.1499302649930265,0.7609561752988048,-0.17081161578555493,-0.05695411533654715,0.416798628469723,0.00011135857461024499,0.5,-0.3887253549852697,0.5274807690649908,0.36772012427276857,0.3258796009547477,0.7499632060792693,0.015797335425562414
2021-01-31 21:40:00,0.17433751743375175,0.36254980079681287,-0.1624720774385705,-0.04017139796464908,0.4260119616285613,0.00011135857461024499,0.5,-0.3887253549852697,0.5274807690649908,0.36772012427276857,0.3258796009547477,0.7499632060792693,0.03129290704165849
2021-01-31 21:50:00,0.1589958158995816,-0.6175298804780878,-0.162174236783321,-0.03231565791822877,0.4332491395217966,0.00011135857461024499,0.5,-0.3887253549852697,0.5274807690649908,0.36772012427276857,0.3258796009547477,0.7499632060792693,0.03104395189884877
2021-01-31 22:00:00,0.14295676429567641,-0.3466135458167332,-0.1618763961280716,-0.027673629708980574,0.41753150724372146,0.00011135857461024499,0.5,-0.49837280282353924,0.5387190487547673,0.4299247345495062,0.2928719081453001,0.806757514713558,0.029557765137227094
2021-01-31 22:10:00,0.15202231520223153,-0.5776892430278885,-0.16157855547282218,-0.017675415104445702,0.416798628469723,0.00011135857461024499,0.5,-0.49837280282353924,0.5387190487547673,0.4299247345495062,0.2928719081453001,0.806757514713558,0.03133062751784179
2021-01-31 22:20:00,0.1415620641562064,-0.553784860557769,-0.15681310498883105,-0.007677200499910719,0.416798628469723,0.00011135857461024499,0.5,-0.49837280282353924,0.5387190487547673,0.4299247345495062,0.2928719081453001,0.806757514713558,0.02830544532794182
2021-01-31 22:30:00,0.14295676429567641,-0.33067729083665354,-0.15621742367833225,0.0048205677557580096,0.416798628469723,0.00011135857461024499,0.5,-0.49837280282353924,0.5387190487547673,0.4299247345495062,0.2928719081453001,0.806757514713558,0.029874617137166742
2021-01-31 22:40:00,0.13528591352859135,-0.2270916334661356,-0.20714817572598676,-0.056597036243527854,0.416798628469723,0.00011135857461024499,0.5,-0.49837280282353924,0.5387190487547673,0.4299247345495062,0.2928719081453001,0.806757514713558,0.03734327142145843
2021-01-31 22:50:00,0.1199442119944212,0.10756972111553775,-0.2405063291139241,-0.15265131226566697,0.416798628469723,0.00011135857461024499,0.5,-0.49837280282353924,0.5387190487547673,0.4299247345495062,0.2928719081453001,0.806757514713558,0.03072709989890912
2021-01-31 23:00:00,0.1324965132496513,-0.17131474103585675,-0.2527177959791512,-0.19478664524192102,0.416798628469723,0.00011135857461024499,0.5,-0.5934313758516294,0.534250747829785,0.49118800358681064,0.28098384768979184,0.8887865397162269,0.03510267513617092
2021-01-31 23:10:00,0.15690376569037656,-0.4900398406374503,-0.2515264333581535,-0.21085520442778072,0.41043828768109303,0.00011135857461024499,0.5,-0.5934313758516294,0.534250747829785,0.49118800358681064,0.28098384768979184,0.8887865397162269,0.037245198183381865
2021-01-31 23:20:00,0.16875871687587168,0.3227091633466135,-0.21518987341772167,-0.15122299589359034,0.40029576893379226,0.00011135857461024499,0.5,-0.5934313758516294,0.534250747829785,0.49118800358681064,0.28098384768979184,0.8887865397162269,0.04026283627804517
2021-01-31 23:30:00,0.14295676429567641,0.12350597609561742,-0.19434102755026073,-0.11337261203356541,0.41085707555194934,0.00011135857461024499,0.5,-0.5934313758516294,0.534250747829785,0.49118800358681064,0.28098384768979184,0.8887865397162269,0.0327564615175702
2021-01-31 23:40:00,0.17642956764295675,-0.7131474103585658,-0.18778853313477306,-0.08873415461524714,0.4166677572600803,0.00011135857461024499,0.5,-0.5934313758516294,0.534250747829785,0.49118800358681064,0.28098384768979184,0.8887865397162269,0.04830484180032289
2021-01-31 23:50:00,0.200836820083682,-0.3466135458167332,-0.182427401340283,-0.08123549366184613,0.40393398856185625,0.00011135857461024499,0.5,-0.5934313758516294,0.534250747829785,0.49118800358681064,0.28098384768979184,0.8887865397162269,0.056648611132066935
2021-02-01 00:00:00,0.1684100418410042,0.1394422310756971,-0.1775130305286673,-0.06980892697732544,0.4020690738244494,0.00016703786191536748,0.5,-0.6181021558436448,0.5319318289574657,0.5284684391983978,0.29669095456195954,0.9612367519645199,0.03699246797531572
2021-02-01 00:10:00,0.13598326359832635,0.6254980079681274,-0.17259865971705146,-0.05838243170862356,0.40020415908704243,0.00022271714922048998,0.5,-0.6181021558436448,0.5319318289574657,0.5284684391983978,0.29669095456195954,0.9612367519645199,0.0173363308538407
2021-02-01 00:20:00,0.16248256624825663,0.2589641434262948,-0.16872673119880877,-0.041242635243706416,0.41394563609951446,0.00033407572383073496,0.5,-0.6181021558436448,0.5319318289574657,0.5284684391983978,0.29669095456195954,0.9612367519645199,0.033473150565052734
2021-02-01 00:30:00,0.19665271966527195,0.6494023904382469,-0.17527922561429654,-0.050883770755222324,0.4176231170904713,0.00033407572383073496,0.5,-0.6181021558436448,0.5319318289574657,0.5284684391983978,0.29669095456195954,0.9612367519645199,0.057214418274816305
2021-02-01 00:40:00,0.15690376569037656,0.09163346613545809,-0.24854802680565913,-0.15015175861453323,0.4330920940702255,0.00033407572383073496,0.5,-0.6181021558436448,0.5319318289574657,0.5284684391983978,0.29669095456195954,0.9612367519645199,0.041401994658780576
2021-02-01 00:50:00,0.12482566248256625,0.17131474103585642,-0.2753536857781088,-0.21085520442778072,0.4330920940702255,0.00033407572383073496,0.5,-0.6181021558436448,0.5319318289574657,0.5284684391983978,0.29669095456195954,0.9612367519645199,0.026140289995020896
2021-02-01 01:00:00,0.10599721059972106,0.6494023904382469,-0.28488458674609096,-0.23763613640421344,0.43536925311800656,0.00033407572383073496,0.5,-0.6859096538182784,0.5287882140301791,0.6081176003166295,0.3257837412379334,0.01792708788241176,0.009943117521915597
2021-02-01 01:10:00,0.10181311018131102,0.07569721115537842,-0.279523454951601,-0.2383502945902518,0.44951643088037063,0.00033407572383073496,0.5,-0.6859096538182784,0.5287882140301791,0.6081176003166295,0.3257837412379334,0.01792708788241176,0.0
2021-02-01 01:20:00,0.09483960948396096,0.4422310756972112,-0.243782576321668,-0.1680057132654883,0.44951643088037063,0.0023385300668151447,0.5,-0.6859096538182784,0.5287882140301791,0.6081176003166295,0.3257837412379334,0.01792708788241176,0.0
2021-02-01 01:30:00,0.08786610878661089,0.12350597609561742,-0.2360387192851825,-0.1597928941260488,0.44951643088037063,0.8040089086859689,0.5,-0.6859096538182784,0.5287882140301791,0.6081176003166295,0.3257837412379334,0.01792708788241176,0.0
2021-02-01 01:40:00,0.099721059972106,0.09090909090909083,-0.2473566641846613,-0.16514908052133537,0.44951643088037063,0.996770601336303,0.5,-0.6859096538182784,0.5287882140301791,0.6081176003166295,0.3257837412379334,0.01792708788241176,0.0
2021-02-01 01:50:00,0.0808926080892608,0.058312205722564237,-0.2440804169769174,-0.17836100696304236,0.44951643088037063,0.996770601336303,0.5,-0.6859096538182784,0.5287882140301791,0.6081176003166295,0.3257837412379334,0.01792708788241176,0.0
2021-02-01 02:00:00,0.08716875871687588,0.025715320536037645,-0.2479523454951601,-0.1919300124977681,0.44951643088037063,0.996770601336303,0.5,-0.7179130438262932,0.5190613981902661,0.6455778583554719,0.3488861318880128,0.052072869166929395,0.0
2021-02-01 02:10:00,0.08786610878661089,-0.006881564650489058,-0.2509307520476546,-0.20585609712551323,0.44951643088037063,0.996770601336303,0.5,-0.7179130438262932,0.5190613981902661,0.6455778583554719,0.3488861318880128,0.052072869166929395,0.0
2021-02-01 02:20:00,0.09135285913528592,-0.03947844983701565,-0.2556962025316457,-0.22121049812533466,0.44951643088037063,0.996770601336303,0.5,-0.7179130438262932,0.5190613981902661,0.6455778583554719,0.3488861318880128,0.052072869166929395,0.0
2021-02-01 02:30:00,0.10599721059972106,-0.07207533502354235,-0.2580789277736413,-0.23227995000892698,0.44951643088037063,0.996770601336303,0.5,-0.7179130438262932,0.5190613981902661,0.6455778583554719,0.3488861318880128,0.052072869166929395,0.0
2021-02-01 02:40:00,0.11018131101813111,-0.10467222021006883,-0.26046165301563673,-0.2433494018925193,0.44951643088037063,0.996770601336303,0.5,-0.7179130438262932,0.5190613981902661,0.6455778583554719,0.3488861318880128,0.052072869166929395,0.0
2021-02-01 02:50:00,0.11576011157601115,-0.13726910539659554,-0.26552494415487726,-0.25334761649705406,0.44951643088037063,0.996770601336303,0.5,-0.7179130438262932,0.5190613981902661,0.6455778583554719,0.3488861318880128,0.052072869166929395,0.0
2021-02-01 03:00:00,0.100418410041841,-0.16986599058312213,-0.2631422189128817,-0.2608462774504553,0.44951643088037063,0.996770601336303,0.5,-0.7305314181099939,0.5196131112305206,0.6912091308198013,0.36265294515232455,0.07311296478347104,0.0
2021-02-01 03:10:00,0.0815899581589958,-0.20246287576964883,-0.26850335070737164,-0.26655954293876094,0.44951643088037063,0.996770601336303,0.5,-0.7305314181099939,0.5196131112305206,0.6912091308198013,0.36265294515232455,0.07311296478347104,0.0
2021-02-01 03:20:00,0.05090655509065551,-0.23505976095617542,-0.27475800446761,-0.2672737011247991,0.44951643088037063,0.996770601336303,0.5,-0.7305314181099939,0.5196131112305206,0.6912091308198013,0.36265294515232455,0.07311296478347104,0.0
2021-02-01 03:30:00,0.03695955369595537,-0.20271853761424896,-0.27982129560685043,-0.273701124799143,0.44951643088037063,0.996770601336303,0.5,-0.7305314181099939,0.5196131112305206,0.6912091308198013,0.36265294515232455,0.07311296478347104,0.0
2021-02-01 03:40:00,0.043235704323570434,-0.1703773142723226,-0.2863737900223382,-0.2769148366363149,0.44951643088037063,0.996770601336303,0.5,-0.7305314181099939,0.5196131112305206,0.6912091308198013,0.36265294515232455,0.07311296478347104,0.0
2021-02-01 03:50:00,0.06485355648535565,-0.13803609093039615,-0.29292628443782587,-0.28262810212462053,0.44951643088037063,0.996770601336303,0.5,-0.7305314181099939,0.5196131112305206,0.6912091308198013,0.36265294515232455,0.07311296478347104,0.0
2021-02-01 04:00:00,0.09065550906555091,-0.1056948675884698,-0.302457185405808,-0.29048384217104095,0.44951643088037063,0.996770601336303,0.5,-0.8108564973319197,0.5054266149818831,0.7900390549456431,0.37413924101710283,0.08274881602390832,0.0
2021-02-01 04:10:00,0.10669456066945607,-0.07335364424654334,-0.30483991064780347,-0.3008391358685949,0.44951643088037063,0.996770601336303,0.5,-0.8108564973319197,0.5054266149818831,0.7900390549456431,0.37413924101710283,0.08274881602390832,0.0
2021-02-01 04:20:00,0.09553695955369597,-0.041012420904616875,-0.3090096798212957,-0.3054811640778432,0.44951643088037063,0.996770601336303,0.5,-0.8108564973319197,0.5054266149818831,0.7900390549456431,0.37413924101710283,0.08274881602390832,0.0
2021-02-01 04:30:00,0.1094839609483961,-0.008671197562690414,-0.3104988830975429,-0.3115515086591679,0.44951643088037063,0.996770601336303,0.5,-0.8108564973319197,0.5054266149818831,0.7900390549456431,0.37413924101710283,0.08274881602390832,0.0
2021-02-01 04:40:00,0.11157601115760113,0.023670025779235937,-0.30811615785554747,-0.31583645777539726,0.44951643088037063,0.996770601336303,0.5,-0.8108564973319197,0.5054266149818831,0.7900390549456431,0.37413924101710283,0.08274881602390832,0.0
2021-02-01 04:50:00,0.08647140864714087,0.05601124912116218,-0.29977661950856305,-0.32190680235672187,0.44951643088037063,0.996770601336303,0.5,-0.8108564973319197,0.5054266149818831,0.7900390549456431,0.37413924101710283,0.08274881602390832,0.0
2021-02-01 05:00:00,0.07810320781032079,0.08835247246308864,-0.29590469099032024,-0.32726298875200854,0.44951643088037063,0.996770601336303,0.5,-0.8219277218539115,0.5043030743634463,0.8561917693322109,0.37993327967343316,0.09125354942339886,0.0
2021-02-01 05:10:00,0.06206415620641562,0.1206936958050151,-0.29679821295606856,-0.3301196214961615,0.44951643088037063,0.996770601336303,0.5,-0.8219277218539115,0.5043030743634463,0.8561917693322109,0.37993327967343316,0.09125354942339886,0.0
2021-02-01 05:20:00,0.060669456066945605,0.15303491914694156,-0.29918093819806413,-0.33476164970540967,0.44951643088037063,0.996770601336303,0.5,-0.8219277218539115,0.5043030743634463,0.8561917693322109,0.37993327967343316,0.09125354942339886,0.0
2021-02-01 05:30:00,0.08577405857740586,0.1853761424888678,-0.30275502606105753,-0.33476164970540967,0.44951643088037063,0.996770601336303,0.5,-0.8219277218539115,0.5043030743634463,0.8561917693322109,0.37993327967343316,0.09125354942339886,0.0
2021-02-01 05:40:00,0.1492329149232915,0.21771736583079426,-0.29620253164556976,-0.3404749151937154,0.44951643088037063,0.996770601336303,0.5,-0.8219277218539115,0.5043030743634463,0.8561917693322109,0.37993327967343316,0.09125354942339886,0.0
2021-02-01 05:50:00,0.2294281729428173,0.2500585891727207,-0.2941176470588236,-0.3554722371005177,0.3997853712161862,0.996770601336303,0.5,-0.8219277218539115,0.5043030743634463,0.8561917693322109,0.37993327967343316,0.09125354942339886,0.0
2021-02-01 06:00:00,0.2775453277545328,0.2823998125146472,-0.2950111690245719,-0.3372612033565434,0.1870280457002264,0.94543429844098,0.5,-0.8188934912446473,0.5104609964742106,0.8462345779759123,0.4055568631471064,0.1032623102207515,0.0
2021-02-01 06:10:00,0.2391910739191074,0.31474103585657365,-0.2935219657483248,-0.3172647741474738,0.14927170171833898,0.007906458797327393,0.5,-0.8188934912446473,0.5104609964742106,0.8462345779759123,0.4055568631471064,0.1032623102207515,0.1178463116918388
2021-02-01 06:20:00,0.1882845188284519,-0.09960159362549814,-0.2780342516753538,-0.2847705766827352,0.15804007276439255,0.00011135857461024499,0.5,-0.8188934912446473,0.5104609964742106,0.8462345779759123,0.4055568631471064,0.1032623102207515,0.06984323370098224
2021-02-01 06:30:00,0.13389121338912133,0.22709163346613526,-0.26522710349962786,-0.246206034636672,0.15804007276439255,0.00011135857461024499,0.5,-0.8188934912446473,0.5104609964742106,0.8462345779759123,0.4055568631471064,0.1032623102207515,0.02679662628061017
2021-02-01 06:40:00,0.1206415620641562,0.17131474103585642,-0.25778108711839176,-0.21192644170683805,0.15804007276439255,0.00011135857461024499,0.5,-0.8188934912446473,0.5104609964742106,0.8462345779759123,0.4055568631471064,0.1032623102207515,0.015525747997042713
2021-02-01 06:50:00,0.10251046025104603,0.41035856573705165,-0.251824274013403,-0.18300303517229055,0.15804007276439255,0.00011135857461024499,0.5,-0.8188934912446473,0.5104609964742106,0.8462345779759123,0.4055568631471064,0.1032623102207515,0.004413295713445086
2021-02-01 07:00:00,0.1094839609483961,0.3306772908366533,-0.2476545048399108,-0.15515086591680072,0.1718731596236144,0.00011135857461024499,0.5,-0.7955214805569832,0.517894754990561,0.8139969059890126,0.4084019791805218,0.12747269825198357,0.014167810854444228
2021-02-01 07:10:00,0.11576011157601115,-0.3705179282868527,-0.243782576321668,-0.1308694875915014,0.17449058381646623,0.00011135857461024499,0.5,-0.7955214805569832,0.517894754990561,0.8139969059890126,0.4084019791805218,0.12747269825198357,0.021289436757849632
2021-02-01 07:20:00,0.10669456066945607,-0.4900398406374503,-0.2405063291139241,-0.1151580074986609,0.1667299210846606,0.00011135857461024499,0.5,-0.7955214805569832,0.517894754990561,0.8139969059890126,0.4084019791805218,0.12747269825198357,0.011082275902650995
2021-02-01 07:30:00,0.1087866108786611,-0.33067729083665354,-0.23901712583767698,-0.10016068559185842,0.15798772428053554,0.00011135857461024499,0.5,-0.7955214805569832,0.517894754990561,0.8139969059890126,0.4084019791805218,0.12747269825198357,0.01750230094904718
2021-02-01 07:40:00,0.09902370990237098,-0.5298804780876495,-0.23693224125093093,-0.08587752187109432,0.15798772428053554,0.00011135857461024499,0.5,-0.7955214805569832,0.517894754990561,0.8139969059890126,0.4084019791805218,0.12747269825198357,0.012123361045309837
2021-02-01 07:50:00,0.10390516039051603,-0.23505976095617542,-0.23276247207743872,-0.06516693447598643,0.14808077371059142,0.00011135857461024499,0.5,-0.7955214805569832,0.517894754990561,0.8139969059890126,0.4084019791805218,0.12747269825198357,0.011595274378743758
2021-02-01 08:00:00,0.09832635983263598,0.47410358565737054,-0.22918838421444532,-0.04517050526691657,0.1492062661135177,0.00011135857461024499,0.5,-0.7883863208307054,0.5267767602375829,0.8089048116702473,0.44280380117714563,0.14509404868977108,0.0074837424747650014
2021-02-01 08:10:00,0.14574616457461645,-0.21912350597609564,-0.22531645569620262,-0.027316550615961277,0.14974283807305233,0.00011135857461024499,0.5,-0.7883863208307054,0.5267767602375829,0.8089048116702473,0.44280380117714563,0.14509404868977108,0.045158954086636394
2021-02-01 08:20:00,0.21408647140864714,0.49800796812749004,-0.2166790766939689,-0.04374218889484016,0.14153721322846188,0.00011135857461024499,0.5,-0.7883863208307054,0.5267767602375829,0.8089048116702473,0.44280380117714563,0.14509404868977108,0.07169908112920018
2021-02-01 08:30:00,0.2085076708507671,0.5298804780876492,-0.2131049888309755,-0.07302267452240663,0.15963670152203216,0.00011135857461024499,0.5,-0.7883863208307054,0.5267767602375829,0.8089048116702473,0.44280380117714563,0.14509404868977108,0.08144605217496266
2021-02-01 08:40:00,0.24546722454672246,-0.2749003984063746,-0.21727475800446772,-0.09194786645241915,0.16789467485047968,0.00011135857461024499,0.5,-0.7883863208307054,0.5267767602375829,0.8089048116702473,0.44280380117714563,0.14509404868977108,0.12359491226217241
2021-02-01 08:50:00,0.2545327754532775,0.3784860557768923,-0.21787043931496664,-0.1101589001963934,0.15790920155475,0.00011135857461024499,0.5,-0.7883863208307054,0.5267767602375829,0.8089048116702473,0.44280380117714563,0.14509404868977108,0.12493021711906091
2021-02-01 09:00:00,0.21408647140864714,-0.1872509960159363,-0.21221146686522718,-0.11265845384752715,0.17043357631754594,0.00011135857461024499,0.5,-0.7848482584517563,0.5383368725341735,0.8076977948418863,0.4619361819519818,0.15669334329762685,0.08092550960363323
2021-02-01 09:10:00,0.24337517433751746,-0.003984063745020028,-0.2125093075204767,-0.11230137475450808,0.15817094397403517,0.00011135857461024499,0.5,-0.7848482584517563,0.5383368725341735,0.8076977948418863,0.4619361819519818,0.15669334329762685,0.09944626340962928
2021-02-01 09:20:00,0.2196652719665272,-0.50597609561753,-0.21340282948622502,-0.11337261203356541,0.15790920155475,0.00011135857461024499,0.5,-0.7848482584517563,0.5383368725341735,0.8076977948418863,0.4619361819519818,0.15669334329762685,0.09017457036377628
2021-02-01 09:30:00,0.22594142259414227,-0.45019920318725104,-0.2163812360387194,-0.1105159792894127,0.14969048958919529,0.00011135857461024499,0.5,-0.7848482584517563,0.5383368725341735,0.8076977948418863,0.4619361819519818,0.15669334329762685,0.10030629026660834
2021-02-01 09:40:00,0.2545327754532775,-0.26693227091633476,-0.20953090096798221,-0.10980182110337433,0.14411537605842092,0.00011135857461024499,0.5,-0.7848482584517563,0.5383368725341735,0.8076977948418863,0.4619361819519818,0.15669334329762685,0.12738204807097483
2021-02-01 09:50:00,0.2894002789400279,0.17928286852589648,-0.2354430379746837,-0.14051062310301732,0.14411537605842092,0.00011135857461024499,0.5,-0.7848482584517563,0.5383368725341735,0.8076977948418863,0.4619361819519818,0.15669334329762685,0.15613259501787952
2021-02-01 10:00:00,0.27405857740585776,0.3545816733067728,-0.2872673119880864,-0.2301374754508122,0.14411537605842092,0.00011135857461024499,0.5,-0.536595343308353,0.554954354366436,0.5537309539452953,0.4246307317945048,0.1821590437355055,0.14413748359159287
2021-02-01 10:10:00,0.2873082287308229,0.3067729083665336,-0.29947877885331353,-0.26655954293876094,0.14411537605842092,0.00011135857461024499,0.5,-0.536595343308353,0.554954354366436,0.5537309539452953,0.4246307317945048,0.1821590437355055,0.1510403307331352
2021-02-01 10:20:00,0.296373779637378,0.49003984063745,-0.3015636634400597,-0.28262810212462053,0.14411537605842092,0.00011135857461024499,0.5,-0.536595343308353,0.554954354366436,0.5537309539452953,0.4246307317945048,0.1821590437355055,0.1689273805392519
2021-02-01 10:30:00,0.29776847977684795,0.4581673306772909,-0.3015636634400597,-0.2961971076593465,0.14411537605842092,0.00011135857461024499,0.5,-0.536595343308353,0.554954354366436,0.5537309539452953,0.4246307317945048,0.1821590437355055,0.1716281666339756
2021-02-01 10:40:00,0.3186889818688982,0.2749003984063745,-0.3015636634400597,-0.30512408498482413,0.14411537605842092,0.00011135857461024499,0.5,-0.536595343308353,0.554954354366436,0.5537309539452953,0.4246307317945048,0.1821590437355055,0.19789670624801967
2021-02-01 10:50:00,0.3417015341701534,0.09163346613545809,-0.30364854802680574,-0.3054811640778432,0.14411537605842092,0.00011135857461024499,0.5,-0.536595343308353,0.554954354366436,0.5537309539452953,0.4246307317945048,0.1821590437355055,0.22097409357695735
2021-02-01 11:00:00,0.31520223152022314,0.09163346613545809,-0.3021593447505585,-0.30619532226388146,0.14411537605842092,0.00011135857461024499,0.5,-0.4862562924772441,0.5587560020344415,0.44850592038076703,0.432242235603288,0.21974009801910538,0.19455467205818006
2021-02-01 11:10:00,0.3117154811715481,-0.21115537848605592,-0.3015636634400597,-0.30619532226388146,0.14411537605842092,0.00011135857461024499,0.5,-0.4862562924772441,0.5587560020344415,0.44850592038076703,0.432242235603288,0.21974009801910538,0.18507174434570062
2021-02-01 11:20:00,0.35006973500697347,0.20318725099601576,-0.29650037230081916,-0.30619532226388146,0.14411537605842092,0.00011135857461024499,0.5,-0.4862562924772441,0.5587560020344415,0.44850592038076703,0.432242235603288,0.21974009801910538,0.2425803823347466
2021-02-01 11:30:00,0.3472803347280335,0.3545816733067728,-0.2866716306775876,-0.30476700589180505,0.14883982672651844,0.00011135857461024499,0.5,-0.4862562924772441,0.5587560020344415,0.44850592038076703,0.432242235603288,0.21974009801910538,0.24611856300073934
2021-02-01 11:40:00,0.34239888423988846,0.05976095617529875,-0.28101265822784816,-0.29548294947330833,0.15794846291764275,0.00011135857461024499,0.5,-0.4862562924772441,0.5587560020344415,0.44850592038076703,0.432242235603288,0.21974009801910538,0.22482158214765302
2021-02-01 11:50:00,0.2789400278940028,0.08366533864541825,-0.2744601638123605,-0.28905552579896443,0.1663111332138043,0.00011135857461024499,0.5,-0.4862562924772441,0.5587560020344415,0.44850592038076703,0.432242235603288,0.21974009801910538,0.1593916441601159
2021-02-01 12:00:00,0.39539748953974896,0.14741035856573692,-0.26909903201787055,-0.28405641849669694,0.17184698538168588,0.00011135857461024499,0.5,-0.45869069778999094,0.5635346415445677,0.39450554982989794,0.4952614784445083,0.2564583572893062,0.3150565052733226
2021-02-01 12:10:00,0.39609483960948394,0.027888446215139417,-0.26582278481012667,-0.27584359935725755,0.17094397403515202,0.00022271714922048998,0.5,-0.45869069778999094,0.5635346415445677,0.39450554982989794,0.4952614784445083,0.2564583572893062,0.3124387042262021
2021-02-01 12:20:00,0.403068340306834,0.22709163346613526,-0.2601638123603872,-0.26620246384574175,0.1747523262357514,0.00022271714922048998,0.5,-0.45869069778999094,0.5635346415445677,0.39450554982989794,0.4952614784445083,0.2564583572893062,0.3168821763205939
2021-02-01 12:30:00,0.3898186889818689,-0.12350597609561753,-0.2556962025316457,-0.2626316729155508,0.1682611142374789,0.00022271714922048998,0.5,-0.45869069778999094,0.5635346415445677,0.39450554982989794,0.4952614784445083,0.2564583572893062,0.2993496989906001
2021-02-01 12:40:00,0.3075313807531381,0.06772908366533859,-0.2476545048399108,-0.2529905374040349,0.1683919854471215,0.00022271714922048998,0.5,-0.45869069778999094,0.5635346415445677,0.39450554982989794,0.4952614784445083,0.2564583572893062,0.1882553525355704
2021-02-01 12:50:00,0.33054393305439334,0.1872509960159361,-0.2354430379746837,-0.2512051419389395,0.16536886050437766,0.00022271714922048998,0.5,-0.45869069778999094,0.5635346415445677,0.39450554982989794,0.4952614784445083,0.2564583572893062,0.2209439171960107
2021-02-01 13:00:00,0.3856345885634589,-0.043824701195219196,-0.22978406552494424,-0.24692019282271016,0.18158380337909463,0.00022271714922048998,0.5,-0.2687446197297533,0.553684264971683,0.2530036876279,0.4481921244084304,0.2802160100310042,0.27953890489913547
2021-02-01 13:10:00,0.3284518828451883,0.027888446215139417,-0.22352941176470598,-0.24549187645063375,0.17569459894517805,0.00022271714922048998,0.5,-0.2687446197297533,0.553684264971683,0.2530036876279,0.4481921244084304,0.2802160100310042,0.20865458605549436
2021-02-01 13:20:00,0.33891213389121344,-0.05179282868525903,-0.20953090096798221,-0.2272808427066595,0.17430736412296657,0.00022271714922048998,0.5,-0.2687446197297533,0.553684264971683,0.2530036876279,0.4481921244084304,0.2802160100310042,0.19430571691537035
2021-02-01 13:30:00,0.2768479776847978,0.20318725099601576,-0.18451228592702917,-0.18835922156757723,0.17471306487285862,0.00022271714922048998,0.5,-0.2687446197297533,0.553684264971683,0.2530036876279,0.4481921244084304,0.2802160100310042,0.14222882749671834
2021-02-01 13:40:00,0.2782426778242678,-0.1394422310756973,-0.16723752792256152,-0.15765041956793413,0.1687060763502637,0.00022271714922048998,0.5,-0.2687446197297533,0.553684264971683,0.2530036876279,0.4481921244084304,0.2802160100310042,0.1423947975919248
2021-02-01 13:50:00,0.2880055788005579,0.22709163346613526,-0.15413253909158608,-0.1505088377075522,0.1755506406145712,0.00011135857461024499,0.5,-0.2687446197297533,0.553684264971683,0.2530036876279,0.4481921244084304,0.2802160100310042,0.1428625314965976
2021-02-01 14:00:00,0.25523012552301255,0.17928286852589648,-0.14102755026061076,-0.14443849312622736,0.1732473073248616,0.00011135857461024499,0.5,-0.2605122100657624,0.5411758958871534,0.23614653980689002,0.353238079855922,0.3030495147563246,0.12849103007076362
2021-02-01 14:10:00,0.2733612273361227,0.01195219123505975,-0.13626209977661963,-0.1347973576147118,0.1976809621651333,0.00011135857461024499,0.5,-0.2605122100657624,0.5411758958871534,0.23614653980689002,0.353238079855922,0.3030495147563246,0.14363202921073676
2021-02-01 14:20:00,0.24755927475592746,0.019920318725099362,-0.14102755026061076,-0.15550794500981968,0.1893575532318645,0.00011135857461024499,0.5,-0.2605122100657624,0.5411758958871534,0.23614653980689002,0.353238079855922,0.3030495147563246,0.11207507883579523
2021-02-01 14:30:00,0.2294281729428173,0.07569721115537842,-0.11988086373790041,-0.1183717193358329,0.1961235947703865,0.00011135857461024499,0.5,-0.2605122100657624,0.5411758958871534,0.23614653980689002,0.353238079855922,0.3030495147563246,0.10149825731400033
2021-02-01 14:40:00,0.200836820083682,-0.06772908366533881,-0.1389426656738647,-0.16336368505623988,0.17967308371831284,0.00011135857461024499,0.5,-0.2605122100657624,0.5411758958871534,0.23614653980689002,0.353238079855922,0.3030495147563246,0.08012583550854746
2021-02-01 14:50:00,0.18410041841004185,0.06772908366533859,-0.13775130305286676,-0.1855025888234243,0.18708039418408345,0.00011135857461024499,0.5,-0.2605122100657624,0.5411758958871534,0.23614653980689002,0.353238079855922,0.3030495147563246,0.05893447198877439
2021-02-01 15:00:00,0.1603905160390516,0.043824701195219085,-0.13417721518987347,-0.1919300124977681,0.1962152046171363,0.00011135857461024499,0.5,-0.2596816180784418,0.5287393644380737,0.25252712015143636,0.2562176314258375,0.3308813091092725,0.04502316037237654
2021-02-01 15:10:00,0.15341701534170155,0.05179282868525892,-0.12553983618763975,-0.18764506338153897,0.19416052662574762,0.00011135857461024499,0.5,-0.2596816180784418,0.5287393644380737,0.25252712015143636,0.2562176314258375,0.3308813091092725,0.02964829428006699
2021-02-01 15:20:00,0.14295676429567641,-0.09960159362549814,-0.09545793000744618,-0.11908587752187105,0.19092800774757562,0.00011135857461024499,0.5,-0.2596816180784418,0.5287393644380737,0.25252712015143636,0.2562176314258375,0.3308813091092725,0.029950058089533327
2021-02-01 15:30:00,0.17364016736401675,0.3227091633466135,-0.07014147431124362,-0.059453668987680564,0.19880645456805957,0.00011135857461024499,0.5,-0.2596816180784418,0.5287393644380737,0.25252712015143636,0.2562176314258375,0.3308813091092725,0.03715466904054197
2021-02-01 15:40:00,0.09762900976290097,-0.003984063745020028,-0.054951600893522135,-0.031244420639171433,0.18819279946604547,0.03407572383073497,0.5,-0.2596816180784418,0.5287393644380737,0.25252712015143636,0.2562176314258375,0.3308813091092725,0.0
2021-02-01 15:50:00,0.1799163179916318,0.3505976095617529,-0.046016381236038795,-0.03088734154615247,0.19545615160120924,0.6134743875278397,0.5,-0.2596816180784418,0.5287393644380737,0.25252712015143636,0.2562176314258375,0.3308813091092725,0.0
2021-02-01 16:00:00,0.10181311018131102,0.7051792828685257,-0.04303797468354453,-0.030530262453133394,0.21237779900799622,0.9902004454342985,0.5,-0.19879758777115653,0.5289721183769305,0.21637355484209933,0.19046195213771733,0.3809689094607728,0.0
2021-02-01 16:10:00,0.08647140864714087,-0.5298804780876495,-0.040357408786299453,-0.031958578825209805,0.21237779900799622,0.9985523385300669,0.5,-0.19879758777115653,0.5289721183769305,0.21637355484209933,0.19046195213771733,0.3809689094607728,0.0
2021-02-01 16:20:00,0.10599721059972106,0.7450199203187249,-0.034996276991809516,-0.038386002499553595,0.21237779900799622,0.9985523385300669,0.5,-0.19879758777115653,0.5289721183769305,0.21637355484209933,0.19046195213771733,0.3809689094607728,0.0
2021-02-01 16:30:00,0.15411436541143653,-0.601593625498008,-0.028741623231571256,-0.04517050526691657,0.21237779900799622,0.9985523385300669,0.5,-0.19879758777115653,0.5289721183769305,0.21637355484209933,0.19046195213771733,0.3809689094607728,0.0
2021-02-01 16:40:00,0.1589958158995816,0.3545816733067728,-0.027252419955324125,-0.04909837529012662,0.21237779900799622,0.9985523385300669,0.5,-0.19879758777115653,0.5289721183769305,0.21637355484209933,0.19046195213771733,0.3809689094607728,0.0
2021-02-01 16:50:00,0.15620641562064158,0.5776892430278884,-0.027550260610573418,-0.052312087127298734,0.21237779900799622,0.9985523385300669,0.5,-0.19879758777115653,0.5289721183769305,0.21637355484209933,0.19046195213771733,0.3809689094607728,0.0
2021-02-01 17:00:00,0.1631799163179916,0.13147410358565725,-0.026656738644825095,-0.058739510801642525,0.21237779900799622,0.9863028953229398,0.5,-0.19673743414015576,0.5267968747755067,0.21342474602618436,0.14323774709441553,0.43421307563321115,0.0
2021-02-01 17:10:00,0.15202231520223153,-0.14741035856573714,-0.02903946388682077,-0.05981074808069986,0.21237779900799622,0.9995545657015591,0.5,-0.19673743414015576,0.5267968747755067,0.21342474602618436,0.14323774709441553,0.43421307563321115,0.0
2021-02-01 17:20:00,0.20292887029288703,0.03585657370517925,-0.02903946388682077,-0.06266738082485268,0.2191438405465182,0.6814031180400891,0.5,-0.19673743414015576,0.5267968747755067,0.21342474602618436,0.14323774709441553,0.43421307563321115,0.00804954961751437
2021-02-01 17:30:00,0.14016736401673638,0.43426294820717115,-0.01653015636634425,-0.0590965898946616,0.2122207535564251,0.01002227171492205,0.5,-0.19673743414015576,0.5267968747755067,0.21342474602618436,0.14323774709441553,0.43421307563321115,0.012538286283326042
2021-02-01 17:40:00,0.0885634588563459,0.10756972111553775,-0.009381980640357557,-0.0480271380110695,0.22833099946342802,0.39109131403118036,0.5,-0.19673743414015576,0.5267968747755067,0.21342474602618436,0.14323774709441553,0.43421307563321115,0.0
2021-02-01 17:50:00,0.11854951185495119,-0.24833997343957503,-0.012956068503350737,-0.04981253347616499,0.2286581774875345,0.9995545657015591,0.5,-0.19673743414015576,0.5267968747755067,0.21342474602618436,0.14323774709441553,0.43421307563321115,0.0
2021-02-01 18:00:00,0.14225941422594143,-0.604249667994688,-0.020997766195085754,-0.056597036243527854,0.2286581774875345,0.9995545657015591,0.5,-0.37238064013250516,0.5369001198251763,0.3709086117822749,0.1298657912413897,0.40015740209113393,0.0
2021-02-01 18:10:00,0.1415620641562064,-0.6325807879592741,-0.025763216679076772,-0.0673094090341011,0.2286581774875345,0.9995545657015591,0.5,-0.37238064013250516,0.5369001198251763,0.3709086117822749,0.1298657912413897,0.40015740209113393,0.0
2021-02-01 18:20:00,0.12412831241283125,-0.6609119079238601,-0.03380491437081179,-0.07909301910373145,0.2286581774875345,0.9995545657015591,0.5,-0.37238064013250516,0.5369001198251763,0.3709086117822749,0.1298657912413897,0.40015740209113393,0.0
2021-02-01 18:30:00,0.16108786610878661,-0.6892430278884463,-0.03588979895755784,-0.09016247098732377,0.2286581774875345,0.9995545657015591,0.5,-0.37238064013250516,0.5369001198251763,0.3709086117822749,0.1298657912413897,0.40015740209113393,0.0
2021-02-01 18:40:00,0.1297071129707113,-0.553784860557769,-0.0424422933730455,-0.1008748437778968,0.2286581774875345,0.9995545657015591,0.5,-0.37238064013250516,0.5369001198251763,0.3709086117822749,0.1298657912413897,0.40015740209113393,0.0
2021-02-01 18:50:00,0.22384937238493724,-0.553784860557769,-0.050781831720029924,-0.11087305838243178,0.21525696562013324,0.5868596881959911,0.5,-0.37238064013250516,0.5369001198251763,0.3709086117822749,0.1298657912413897,0.40015740209113393,0.03139098027973505
2021-02-01 19:00:00,0.2398884239888424,-0.33067729083665354,-0.061206254653760395,-0.10944474201035537,0.19187028045700227,0.00011135857461024499,0.5,-0.3824065121240149,0.5461269457223566,0.46334494823891326,0.11373834091231703,0.32469985067728424,0.10775231226519005
2021-02-01 19:10:00,0.32147838214783825,0.10756972111553775,-0.06329113924050644,-0.1023031601499732,0.1808901859679889,0.00011135857461024499,0.5,-0.3824065121240149,0.5461269457223566,0.46334494823891326,0.11373834091231703,0.32469985067728424,0.18091494787030193
2021-02-01 19:20:00,0.33821478382147835,-0.01195219123505975,-0.06656738644825033,-0.10266023924299217,0.1808901859679889,0.00011135857461024499,0.5,-0.3824065121240149,0.5461269457223566,0.46334494823891326,0.11373834091231703,0.32469985067728424,0.2125397951023734
2021-02-01 19:30:00,0.3458856345885635,-0.043824701195219196,-0.07103499627699195,-0.10266023924299217,0.1808901859679889,0.00011135857461024499,0.5,-0.3824065121240149,0.5461269457223566,0.46334494823891326,0.11373834091231703,0.32469985067728424,0.21420704014967484
2021-02-01 19:40:00,0.3668061366806137,0.10756972111553775,-0.07907669396872685,-0.1008748437778968,0.1808901859679889,0.00011135857461024499,0.5,-0.3824065121240149,0.5461269457223566,0.46334494823891326,0.11373834091231703,0.32469985067728424,0.24602803385789943
2021-02-01 19:50:00,0.398884239888424,0.298804780876494,-0.162174236783321,-0.1490805213354759,0.18321969349962702,0.00011135857461024499,0.5,-0.3824065121240149,0.5461269457223566,0.46334494823891326,0.11373834091231703,0.32469985067728424,0.2834316580412511
2021-02-01 20:00:00,0.394700139470014,-0.33864541832669326,-0.20446760982874168,-0.1937154079628638,0.19206658727146617,0.00011135857461024499,0.5,-0.3762382918148517,0.5540951762464542,0.3742894763172722,0.1825493260439267,0.281868545591444,0.28475941880290295
2021-02-01 20:10:00,0.401673640167364,-0.1633466135458168,-0.22293373045420706,-0.20978396714872327,0.18604651162790697,0.00011135857461024499,0.5,-0.3762382918148517,0.5540951762464542,0.3742894763172722,0.1825493260439267,0.281868545591444,0.292552469182371
2021-02-01 20:20:00,0.3821478382147839,0.05976095617529875,-0.22382725241995538,-0.21835386538118184,0.18083783748413187,0.00011135857461024499,0.5,-0.3762382918148517,0.5540951762464542,0.3742894763172722,0.1825493260439267,0.281868545591444,0.26887909832973733
2021-02-01 20:30:00,0.37935843793584384,0.17928286852589648,-0.22293373045420706,-0.20585609712551323,0.18083783748413187,0.00011135857461024499,0.5,-0.3762382918148517,0.5540951762464542,0.3742894763172722,0.1825493260439267,0.281868545591444,0.26347752614029
2021-02-01 20:40:00,0.38772663877266383,0.14741035856573692,-0.24229337304542087,-0.23585074093911806,0.18083783748413187,0.00011135857461024499,0.5,-0.3762382918148517,0.5540951762464542,0.3742894763172722,0.1825493260439267,0.281868545591444,0.2795992576610287
2021-02-01 20:50:00,0.3765690376569038,0.14741035856573692,-0.2503350707371558,-0.246206034636672,0.18083783748413187,0.00011135857461024499,0.5,-0.3762382918148517,0.5540951762464542,0.3742894763172722,0.1825493260439267,0.281868545591444,0.254779184332423
2021-02-01 21:00:00,0.31659693165969316,-0.09960159362549814,-0.25778108711839176,-0.25691840742724503,0.18083783748413187,0.00011135857461024499,0.5,-0.412150263672849,0.5705373742482189,0.374547416244661,0.2430461465112856,0.25625532546523627,0.1858563302503131
2021-02-01 21:10:00,0.2894002789400279,-0.21115537848605592,-0.26195085629188397,-0.26477414747366534,0.18083783748413187,0.00011135857461024499,0.5,-0.412150263672849,0.5705373742482189,0.374547416244661,0.2430461465112856,0.25625532546523627,0.16590219834935196
2021-02-01 21:20:00,0.2524407252440725,-0.6334661354581674,-0.2503350707371558,-0.25049098375290113,0.18083783748413187,0.00011135857461024499,0.5,-0.412150263672849,0.5705373742482189,0.374547416244661,0.2430461465112856,0.25625532546523627,0.1278799583565943
2021-02-01 21:30:00,0.2377963737796374,-0.13147410358565736,-0.2202531645569621,-0.18693090519550082,0.16946512936619074,0.00011135857461024499,0.5,-0.412150263672849,0.5705373742482189,0.374547416244661,0.2430461465112856,0.25625532546523627,0.11368951521644009
2021-02-01 21:40:00,0.24198047419804744,-0.02788844621513953,-0.21578555472822047,-0.1837171933583288,0.166952402141053,0.00011135857461024499,0.5,-0.412150263672849,0.5705373742482189,0.374547416244661,0.2430461465112856,0.25625532546523627,0.11662416826350017
2021-02-01 21:50:00,0.21827057182705717,0.14741035856573692,-0.21459419210722275,-0.17050526691662193,0.166952402141053,0.00011135857461024499,0.5,-0.412150263672849,0.5705373742482189,0.374547416244661,0.2430461465112856,0.25625532546523627,0.10437255759916714
2021-02-01 22:00:00,0.22315202231520226,-0.4183266932270917,-0.20029784065524958,-0.15800749866095343,0.1660232165525906,0.00011135857461024499,0.5,-0.5081259132492815,0.5741263825152955,0.4591725099444465,0.2937460279774142,0.2254422254867236,0.09690390331487544
2021-02-01 22:10:00,0.23082287308228733,0.2749003984063745,-0.2089352196574834,-0.15086591680057126,0.15319783800761672,0.00011135857461024499,0.5,-0.5081259132492815,0.5741263825152955,0.4591725099444465,0.2937460279774142,0.2254422254867236,0.09408995579160191
2021-02-01 22:20:00,0.2391910739191074,0.06772908366533859,-0.1934475055845124,-0.14836636314943752,0.15319783800761672,0.00011135857461024499,0.5,-0.5081259132492815,0.5741263825152955,0.4591725099444465,0.2937460279774142,0.2254422254867236,0.10279584169470556
2021-02-01 22:30:00,0.23500697350069735,0.11553784860557759,-0.21131794489947897,-0.15765041956793413,0.15319783800761672,0.00011135857461024499,0.5,-0.5081259132492815,0.5741263825152955,0.4591725099444465,0.2937460279774142,0.2254422254867236,0.10859725093169575
2021-02-01 22:40:00,0.2601115760111576,0.01195219123505975,-0.20297840655249455,-0.1487234422424566,0.15319783800761672,0.00011135857461024499,0.5,-0.5081259132492815,0.5741263825152955,0.4591725099444465,0.2937460279774142,0.2254422254867236,0.12065271511987569
2021-02-01 22:50:00,0.2496513249651325,-0.17928286852589637,-0.21191362620997778,-0.1615782895911445,0.15319783800761672,0.00011135857461024499,0.5,-0.5081259132492815,0.5741263825152955,0.4591725099444465,0.2937460279774142,0.2254422254867236,0.11856300073932133
2021-02-01 23:00:00,0.2698744769874477,-0.08366533864541836,-0.21965748324646328,-0.1583645777539725,0.15319783800761672,0.00011135857461024499,0.5,-0.5618310245768912,0.5740775329231901,0.49344136374894004,0.3318445109350231,0.1970302737964787,0.13301748721275858
2021-02-01 23:10:00,0.27475592747559274,0.09960159362549792,-0.2163812360387194,-0.16050705231208717,0.15319783800761672,0.00011135857461024499,0.5,-0.5618310245768912,0.5740775329231901,0.49344136374894004,0.3318445109350231,0.1970302737964787,0.139829805211461
2021-02-01 23:20:00,0.2894002789400279,0.11553784860557759,-0.22204020848845885,-0.1712194251026602,0.15319783800761672,0.00011135857461024499,0.5,-0.5618310245768912,0.5740775329231901,0.49344136374894004,0.3318445109350231,0.1970302737964787,0.14646860901972028
2021-02-01 23:30:00,0.298465829846583,0.24302788844621515,-0.2318689501116903,-0.1790751651490804,0.15319783800761672,0.00011135857461024499,0.5,-0.5618310245768912,0.5740775329231901,0.49344136374894004,0.3318445109350231,0.1970302737964787,0.15238317968526036
2021-02-01 23:40:00,0.29009762900976294,0.2749003984063745,-0.23514519731943417,-0.1808605606141761,0.15319783800761672,0.00011135857461024499,0.5,-0.5618310245768912,0.5740775329231901,0.49344136374894004,0.3318445109350231,0.1970302737964787,0.15184754892345761
2021-02-01 23:50:00,0.28451882845188287,0.019920318725099362,-0.2360387192851825,-0.17943224424209958,0.15319783800761672,0.00011135857461024499,0.5,-0.5618310245768912,0.5740775329231901,0.49344136374894004,0.3318445109350231,0.1970302737964787,0.14867148482882447
2021-02-02 00:00:00,0.27405857740585776,-0.10756972111553798,-0.23484735666418477,-0.1790751651490804,0.15319783800761672,0.00011135857461024499,0.5,-0.5817128012159203,0.5698161243883038,0.5256163895587845,0.3615728394871541,0.1653220064509011,0.14282481102041433
2021-02-02 00:10:00,0.26638772663877264,-0.3784860557768924,-0.23931496649292638,-0.1822888769862525,0.15319783800761672,0.00011135857461024499,0.5,-0.5817128012159203,0.5698161243883038,0.5256163895587845,0.3615728394871541,0.1653220064509011,0.13278362026042217
2021-02-02 00:20:00,0.2691771269177127,-0.3705179282868527,-0.2470588235294119,-0.18014640242813773,0.15319783800761672,0.00011135857461024499,0.5,-0.5817128012159203,0.5698161243883038,0.5256163895587845,0.3615728394871541,0.1653220064509011,0.13476017321242664
2021-02-02 00:30:00,0.2635983263598326,-0.5139442231075697,-0.243782576321668,-0.1712194251026602,0.15326327361243802,0.00011135857461024499,0.5,-0.5817128012159203,0.5698161243883038,0.5256163895587845,0.3615728394871541,0.1653220064509011,0.12738204807097483
2021-02-02 00:40:00,0.2712691771269177,0.43426294820717115,-0.23782576321667914,-0.17229066238171753,0.15852429624007017,0.00011135857461024499,0.5,-0.5817128012159203,0.5698161243883038,0.5256163895587845,0.3615728394871541,0.1653220064509011,0.12494530530953424
2021-02-02 00:50:00,0.25871687587168757,0.36254980079681287,-0.2473566641846613,-0.17836100696304236,0.15848503487717738,0.00011135857461024499,0.5,-0.5817128012159203,0.5698161243883038,0.5256163895587845,0.3615728394871541,0.1653220064509011,0.11713716673959293
2021-02-02 01:00:00,0.23849372384937237,0.20318725099601576,-0.23871928518242747,-0.16657739689341178,0.15848503487717738,0.00011135857461024499,0.5,-0.6716698524425969,0.5615662903332398,0.5960881393666928,0.38764717066442156,0.1362188198004736,0.10075893598080783
2021-02-02 01:10:00,0.24267782426778242,-0.09960159362549814,-0.23425167535368596,-0.1680057132654883,0.15848503487717738,0.00011135857461024499,0.5,-0.6716698524425969,0.5615662903332398,0.5960881393666928,0.38764717066442156,0.1362188198004736,0.09632300798165278
2021-02-02 01:20:00,0.23709902370990238,0.15537848605577675,-0.23931496649292638,-0.15872165684699147,0.15848503487717738,0.00011135857461024499,0.5,-0.6716698524425969,0.5615662903332398,0.5960881393666928,0.38764717066442156,0.1362188198004736,0.09305641474417974
2021-02-02 01:30:00,0.22384937238493724,-0.003984063745020028,-0.2282948622486971,-0.15729334047491517,0.15848503487717738,0.00011135857461024499,0.5,-0.6716698524425969,0.5615662903332398,0.5960881393666928,0.38764717066442156,0.1362188198004736,0.07955248427056144
2021-02-02 01:40:00,0.21269177126917713,0.10756972111553775,-0.22204020848845885,-0.1358685948937688,0.15848503487717738,0.00011135857461024499,0.5,-0.6716698524425969,0.5615662903332398,0.5960881393666928,0.38764717066442156,0.1362188198004736,0.07018271798663187
2021-02-02 01:50:00,0.2315202231520223,0.01195219123505975,-0.23484735666418477,-0.15622210319585772,0.15848503487717738,0.00011135857461024499,0.5,-0.6716698524425969,0.5615662903332398,0.5960881393666928,0.38764717066442156,0.1362188198004736,0.08656849284065363
2021-02-02 02:00:00,0.2112970711297071,-0.2589641434262948,-0.23514519731943417,-0.14586680949830377,0.15848503487717738,0.00011135857461024499,0.5,-0.6900380658810236,0.5620863948138961,0.6241815257945634,0.3969672973045479,0.11289869136289298,0.08278135703185117
2021-02-02 02:10:00,0.18758716875871687,-0.3545816733067729,-0.23306031273268812,-0.14943760042849485,0.15848503487717738,0.00011135857461024499,0.5,-0.6900380658810236,0.5620863948138961,0.6241815257945634,0.3969672973045479,0.11289869136289298,0.06389094255925887
2021-02-02 02:20:00,0.200836820083682,0.07569721115537842,-0.21518987341772167,-0.11980003570790931,0.15848503487717738,0.00011135857461024499,0.5,-0.6900380658810236,0.5620863948138961,0.6241815257945634,0.3969672973045479,0.11289869136289298,0.0508321137046034
2021-02-02 02:30:00,0.18270571827057183,0.21912350597609564,-0.23484735666418477,-0.129441171219425,0.15848503487717738,0.00011135857461024499,0.5,-0.6900380658810236,0.5620863948138961,0.6241815257945634,0.3969672973045479,0.11289869136289298,0.0549738219895288
2021-02-02 02:40:00,0.198744769874477,0.17928286852589648,-0.22352941176470598,-0.1280128548473486,0.15848503487717738,0.00011135857461024499,0.5,-0.6900380658810236,0.5620863948138961,0.6241815257945634,0.3969672973045479,0.11289869136289298,0.05572823151319463
2021-02-02 02:50:00,0.1799163179916318,0.5139442231075697,-0.2169769173492183,-0.11337261203356541,0.16111554619099347,0.00011135857461024499,0.5,-0.6900380658810236,0.5620863948138961,0.6241815257945634,0.3969672973045479,0.11289869136289298,0.052076889418652024
2021-02-02 03:00:00,0.16387726638772665,-0.5298804780876495,-0.2431868950111692,-0.13158364577753967,0.17413723155043123,0.00011135857461024499,0.5,-0.7171242099070017,0.545247653064451,0.661733724073011,0.3910626081649497,0.09729693247703304,0.04850853237171266
2021-02-02 03:10:00,0.17224546722454673,-0.06772908366533881,-0.22591213700670154,-0.11372969112658449,0.15839342503042755,0.00011135857461024499,0.5,-0.7171242099070017,0.545247653064451,0.661733724073011,0.3910626081649497,0.09729693247703304,0.04566440846749249
2021-02-02 03:20:00,0.14225941422594143,0.33864541832669315,-0.23306031273268812,-0.10730226745224059,0.15839342503042755,0.00011135857461024499,0.5,-0.7171242099070017,0.545247653064451,0.661733724073011,0.3910626081649497,0.09729693247703304,0.026540127042563786
2021-02-02 03:30:00,0.15341701534170155,0.394422310756972,-0.23663440059568142,-0.11658632387073731,0.15839342503042755,0.00011135857461024499,0.5,-0.7171242099070017,0.545247653064451,0.661733724073011,0.3910626081649497,0.09729693247703304,0.0254160568523017
2021-02-02 03:40:00,0.15481171548117156,0.36254980079681287,-0.2205510052122116,-0.09194786645241915,0.15839342503042755,0.00011135857461024499,0.5,-0.7171242099070017,0.545247653064451,0.661733724073011,0.3910626081649497,0.09729693247703304,0.02801122561371215
2021-02-02 03:50:00,0.12761506276150628,0.7290836653386452,-0.21846612062546544,-0.07802178182467412,0.15839342503042755,0.00011135857461024499,0.5,-0.7171242099070017,0.545247653064451,0.661733724073011,0.3910626081649497,0.09729693247703304,0.017781432472803536
2021-02-02 04:00:00,0.1394700139470014,0.5458167330677288,-0.24199553239017135,-0.09873236921978212,0.15839342503042755,0.00011135857461024499,0.5,-0.7688780987938523,0.5413080771363787,0.7393992586699963,0.3765778460341232,0.08481655777358463,0.024759720566712436
2021-02-02 04:10:00,0.14086471408647142,0.6254980079681274,-0.22263588979895765,-0.07766470273165504,0.15852429624007017,0.00011135857461024499,0.5,-0.7688780987938523,0.5413080771363787,0.7393992586699963,0.3765778460341232,0.08481655777358463,0.025212366280911933
2021-02-02 04:20:00,0.13807531380753138,-0.03585657370517936,-0.21935964259121388,-0.061596143545795345,0.1747261519938229,0.00011135857461024499,0.5,-0.7688780987938523,0.5413080771363787,0.7393992586699963,0.3765778460341232,0.08481655777358463,0.025883790756974518
2021-02-02 04:30:00,0.11227336122733612,0.15537848605577675,-0.2431868950111692,-0.06945188359221555,0.1748570232034655,0.00011135857461024499,0.5,-0.7688780987938523,0.5413080771363787,0.7393992586699963,0.3765778460341232,0.08481655777358463,0.005627895046547067
2021-02-02 04:40:00,0.099721059972106,0.5458167330677288,-0.2363365599404319,-0.061596143545795345,0.1748570232034655,0.00011135857461024499,0.5,-0.7688780987938523,0.5413080771363787,0.7393992586699963,0.3765778460341232,0.08481655777358463,0.0
2021-02-02 04:50:00,0.09553695955369597,0.6733067729083664,-0.23008190618019375,-0.027316550615961277,0.1748570232034655,0.00011135857461024499,0.5,-0.7688780987938523,0.5413080771363787,0.7393992586699963,0.3765778460341232,0.08481655777358463,0.0
2021-02-02 05:00:00,0.09832635983263598,0.19521912350597592,-0.23931496649292638,-0.05338332440635607,0.1748570232034655,0.8079064587973274,0.5,-0.8018871511558681,0.5368972463197598,0.7576979026338914,0.36680276771338494,0.06521515389796953,0.0
2021-02-02 05:10:00,0.10529986052998605,0.12350597609561742,-0.26463142218912894,-0.07409391180146396,0.1748570232034655,0.9995545657015591,0.5,-0.8018871511558681,0.5368972463197598,0.7576979026338914,0.36680276771338494,0.06521515389796953,0.0
2021-02-02 05:20:00,0.09693165969316596,0.5219123505976095,-0.28756515264333593,-0.09944652740582038,0.1748570232034655,0.9995545657015591,0.5,-0.8018871511558681,0.5368972463197598,0.7576979026338914,0.36680276771338494,0.06521515389796953,0.0
2021-02-02 05:30:00,0.08926080892608089,0.5435401252134318,-0.3033507073715562,-0.1233708266381004,0.1748570232034655,0.9995545657015591,0.5,-0.8018871511558681,0.5368972463197598,0.7576979026338914,0.36680276771338494,0.06521515389796953,0.0
2021-02-02 05:40:00,0.100418410041841,0.5651678998292542,-0.3128816083395384,-0.14729512587038018,0.1748570232034655,0.9995545657015591,0.5,-0.8018871511558681,0.5368972463197598,0.7576979026338914,0.36680276771338494,0.06521515389796953,0.0
2021-02-02 05:50:00,0.09414225941422595,0.5867956744450769,-0.32390171258376776,-0.16693447598643107,0.1748570232034655,0.9995545657015591,0.5,-0.8018871511558681,0.5368972463197598,0.7576979026338914,0.36680276771338494,0.06521515389796953,0.0
2021-02-02 06:00:00,0.10320781032078104,0.6084234490608991,-0.3322412509307522,-0.18657382610248163,0.1748570232034655,0.9995545657015591,0.5,-0.778764521518246,0.5310410422778857,0.714754709147369,0.3772245623524177,0.0498085561147472,0.0
2021-02-02 06:10:00,0.10599721059972106,0.6300512236767215,-0.33819806403574093,-0.20549901803249415,0.1748570232034655,0.9995545657015591,0.5,-0.778764521518246,0.5310410422778857,0.714754709147369,0.3772245623524177,0.0498085561147472,0.0
2021-02-02 06:20:00,0.10808926080892609,0.6516789982925439,-0.35070737155621756,-0.22156757721835385,0.1748570232034655,0.9995545657015591,0.5,-0.778764521518246,0.5310410422778857,0.714754709147369,0.3772245623524177,0.0498085561147472,0.0
2021-02-02 06:30:00,0.12482566248256625,0.6733067729083664,-0.3551749813849592,-0.23299410819496513,0.1748570232034655,0.9995545657015591,0.5,-0.778764521518246,0.5310410422778857,0.714754709147369,0.3772245623524177,0.0498085561147472,0.0
2021-02-02 06:40:00,0.11645746164574616,-0.21115537848605592,-0.3527922561429636,-0.24299232279950012,0.1748570232034655,0.9995545657015591,0.5,-0.778764521518246,0.5310410422778857,0.714754709147369,0.3772245623524177,0.0498085561147472,0.0
2021-02-02 06:50:00,0.099721059972106,0.07569721115537842,-0.3492181682799703,-0.25370469559007325,0.1748570232034655,0.9995545657015591,0.5,-0.778764521518246,0.5310410422778857,0.714754709147369,0.3772245623524177,0.0498085561147472,0.0
2021-02-02 07:00:00,0.08647140864714087,0.12616201859229736,-0.35428145941921074,-0.2608462774504553,0.1748570232034655,0.9995545657015591,0.5,-0.7700425218537781,0.5458826977618255,0.695125911841104,0.35543659710158326,0.030117450189658695,0.0
2021-02-02 07:10:00,0.06485355648535565,0.1766268260292163,-0.36262099776619516,-0.2719157293340474,0.1748570232034655,0.9995545657015591,0.5,-0.7700425218537781,0.5458826977618255,0.695125911841104,0.35543659710158326,0.030117450189658695,0.0
2021-02-02 07:20:00,0.05369595536959554,0.22709163346613526,-0.3682799702159346,-0.2815568648455633,0.1748570232034655,0.9995545657015591,0.5,-0.7700425218537781,0.5458826977618255,0.695125911841104,0.35543659710158326,0.030117450189658695,0.0
2021-02-02 07:30:00,0.04672245467224547,0.14066809684339554,-0.37006701414743126,-0.29048384217104095,0.1748570232034655,0.9995545657015591,0.5,-0.7700425218537781,0.5458826977618255,0.695125911841104,0.35543659710158326,0.030117450189658695,0.0
2021-02-02 07:40:00,0.04184100418410042,0.054244560220655824,-0.37423678332092347,-0.301196214961614,0.1748570232034655,0.9995545657015591,0.5,-0.7700425218537781,0.5458826977618255,0.695125911841104,0.35543659710158326,0.030117450189658695,0.0
2021-02-02 07:50:00,0.03695955369595537,-0.032178976402084114,-0.37602382725242,-0.30833779682199614,0.1748570232034655,0.9995545657015591,0.5,-0.7700425218537781,0.5458826977618255,0.695125911841104,0.35543659710158326,0.030117450189658695,0.0
2021-02-02 08:00:00,0.03486750348675035,-0.11860251302482383,-0.37781087118391665,-0.315122299589359,0.1748570232034655,0.9995545657015591,0.5,-0.7736874808845107,0.5438252678825446,0.6875369742429102,0.35884866237968643,0.9904274624266342,0.0
2021-02-02 08:10:00,0.04114365411436541,-0.20502604964756377,-0.37721518987341784,-0.32190680235672187,0.1748570232034655,0.9995545657015591,0.5,-0.7736874808845107,0.5438252678825446,0.6875369742429102,0.35884866237968643,0.9904274624266342,0.0
2021-02-02 08:20:00,0.0502092050209205,-0.2914495862703036,-0.3715562174236785,-0.3297625424031423,0.1748570232034655,0.9995545657015591,0.5,-0.7736874808845107,0.5438252678825446,0.6875369742429102,0.35884866237968643,0.9904274624266342,0.0
2021-02-02 08:30:00,0.07112970711297072,-0.3778731228930434,-0.36262099776619516,-0.33833244063560075,0.1748570232034655,0.9995545657015591,0.5,-0.7736874808845107,0.5438252678825446,0.6875369742429102,0.35884866237968643,0.9904274624266342,0.0
2021-02-02 08:40:00,0.0815899581589958,-0.46429665951578314,-0.3593447505584514,-0.3454740224959829,0.1748570232034655,0.9995545657015591,0.5,-0.7736874808845107,0.5438252678825446,0.6875369742429102,0.35884866237968643,0.9904274624266342,0.0
2021-02-02 08:50:00,0.15620641562064158,-0.550720196138523,-0.3548771407297098,-0.3454740224959829,0.1748570232034655,0.9995545657015591,0.5,-0.7736874808845107,0.5438252678825446,0.6875369742429102,0.35884866237968643,0.9904274624266342,0.0
2021-02-02 09:00:00,0.15550906555090654,-0.6371437327612627,-0.34355919583023087,-0.3469023388680593,0.11550692963055058,0.9995545657015591,0.5,-0.7906479938283444,0.5620662802759724,0.6813784999588488,0.35910316120344593,0.9391454783610818,0.0
2021-02-02 09:10:00,0.13528591352859135,-0.7235672693840026,-0.3432613551749816,-0.34797357614711666,0.08111397573647773,0.9995545657015591,0.5,-0.7906479938283444,0.5620662802759724,0.6813784999588488,0.35910316120344593,0.9391454783610818,0.0
2021-02-02 09:20:00,0.18340306834030684,-0.5633874757380735,-0.3361131794489949,-0.35083020889126937,0.08022405151090813,0.9995545657015591,0.5,-0.7906479938283444,0.5620662802759724,0.6813784999588488,0.35910316120344593,0.9391454783610818,0.0
2021-02-02 09:30:00,0.23500697350069735,-0.4032076820921443,-0.3206254653760239,-0.3454740224959829,0.07934498959573885,0.40066815144766144,0.5,-0.7906479938283444,0.5620662802759724,0.6813784999588488,0.35910316120344593,0.9391454783610818,0.04301643103942544
2021-02-02 09:40:00,0.22036262203626222,-0.24302788844621515,-0.29650037230081916,-0.2976254240314229,0.0784659145934486,0.00011135857461024499,0.5,-0.7906479938283444,0.5620662802759724,0.6813784999588488,0.35910316120344593,0.9391454783610818,0.09225674064909396
2021-02-02 09:50:00,0.1924686192468619,-0.6175298804780878,-0.279523454951601,-0.2547759328691306,0.0775868526782793,0.00011135857461024499,0.5,-0.7906479938283444,0.5620662802759724,0.6813784999588488,0.35910316120344593,0.9391454783610818,0.07633115560450836
2021-02-02 10:00:00,0.20502092050209206,-0.4183266932270917,-0.26492926284437834,-0.22121049812533466,0.07670779076311003,0.00011135857461024499,0.5,-0.5057156188849196,0.5766033441856053,0.4180578493060161,0.2948213420128656,0.8683280007998465,0.0931544879822563
2021-02-02 10:10:00,0.2649930264993026,-0.019920318725099695,-0.2527177959791512,-0.1997857525441885,0.07582871576081979,0.00011135857461024499,0.5,-0.5057156188849196,0.5766033441856053,0.4180578493060161,0.2948213420128656,0.8683280007998465,0.11977005597718665
2021-02-02 10:20:00,0.26429567642956764,-0.2828685258964144,-0.2434847356664186,-0.1905016961256918,0.07494965908049889,0.00011135857461024499,0.5,-0.5057156188849196,0.5766033441856053,0.4180578493060161,0.2948213420128656,0.8683280007998465,0.12109781673883853
2021-02-02 10:30:00,0.3242677824267783,0.027888446215139417,-0.2354430379746837,-0.18193179789323333,0.07407059716532961,0.00011135857461024499,0.5,-0.5057156188849196,0.5766033441856053,0.4180578493060161,0.2948213420128656,0.8683280007998465,0.16986284834859755
2021-02-02 10:40:00,0.298465829846583,0.01195219123505975,-0.22323157110945657,-0.17550437421888943,0.07319153001531194,0.00011135857461024499,0.5,-0.5057156188849196,0.5766033441856053,0.4180578493060161,0.2948213420128656,0.8683280007998465,0.14111984549692955
2021-02-02 10:50:00,0.2524407252440725,-0.08366533864541836,-0.2169769173492183,-0.16086413140510625,0.07231246810014266,0.00011135857461024499,0.5,-0.5057156188849196,0.5766033441856053,0.4180578493060161,0.2948213420128656,0.8683280007998465,0.09684355055298219
2021-02-02 11:00:00,0.2670850767085077,0.2589641434262948,-0.20744601638123616,-0.14122478128905558,0.07143340618497337,0.00011135857461024499,0.5,-0.48614022372585364,0.589246768024781,0.35920240003337756,0.31732770817075423,0.7906929610198129,0.11315388445463737
2021-02-02 11:10:00,0.24407252440725244,0.027888446215139417,-0.20416976917349228,-0.12729869666131055,0.07055433118268312,0.00011135857461024499,0.5,-0.48614022372585364,0.589246768024781,0.35920240003337756,0.31732770817075423,0.7906929610198129,0.10809934064607632
2021-02-02 11:20:00,0.30613668061366806,-0.36254980079681276,-0.19791511541325402,-0.11765756114979464,0.06967526926751386,0.00011135857461024499,0.5,-0.48614022372585364,0.589246768024781,0.35920240003337756,0.31732770817075423,0.7906929610198129,0.17558881663322118
2021-02-02 11:30:00,0.3319386331938633,-0.3784860557768924,-0.2470588235294119,-0.15907873594001076,0.06879620735234457,0.00011135857461024499,0.5,-0.48614022372585364,0.589246768024781,0.35920240003337756,0.31732770817075423,0.7906929610198129,0.19210284110626613
2021-02-02 11:40:00,0.3054393305439331,0.12350597609561742,-0.2816083395383471,-0.22620960542760216,0.06791713889361481,0.00011135857461024499,0.5,-0.48614022372585364,0.589246768024781,0.35920240003337756,0.31732770817075423,0.7906929610198129,0.17243538482429802
2021-02-02 11:50:00,0.29218967921896793,-0.3067729083665339,-0.28399106478034264,-0.24513479735761468,0.06703807697844552,0.00011135857461024499,0.5,-0.48614022372585364,0.589246768024781,0.35920240003337756,0.31732770817075423,0.7906929610198129,0.16214523892149615
2021-02-02 12:00:00,0.3417015341701534,-0.26693227091633476,-0.28369322412509324,-0.25191930012497765,0.06615901637198833,0.00011135857461024499,0.5,-0.47473006510856597,0.5896519322887193,0.33156009144312826,0.466859771345379,0.7618389901696735,0.21195135567391402
2021-02-02 12:10:00,0.3807531380753138,-0.07569721115537853,-0.2830975428145942,-0.246206034636672,0.06527994660454647,0.00011135857461024499,0.5,-0.47473006510856597,0.5896519322887193,0.33156009144312826,0.466859771345379,0.7618389901696735,0.2788071276611796
2021-02-02 12:20:00,0.3598326359832636,-0.15537848605577698,-0.2783320923306033,-0.24299232279950012,0.06440088468937719,0.00011135857461024499,0.5,-0.47473006510856597,0.5896519322887193,0.33156009144312826,0.466859771345379,0.7618389901696735,0.2659746216636239
2021-02-02 12:30:00,0.3458856345885635,-0.50597609561753,-0.2702903946388683,-0.23942153186930903,0.0635218227742079,0.00011135857461024499,0.5,-0.47473006510856597,0.5896519322887193,0.33156009144312826,0.466859771345379,0.7618389901696735,0.22872942348024203
2021-02-02 12:40:00,0.3584379358437936,0.08366533864541825,-0.2628443782576322,-0.22799500089269775,0.06264274777191767,0.00011135857461024499,0.5,-0.47473006510856597,0.5896519322887193,0.33156009144312826,0.466859771345379,0.7618389901696735,0.26039199118849676
2021-02-02 12:50:00,0.44142259414225943,0.01195219123505975,-0.25390915860014907,-0.21978218175325825,0.061763685856748386,0.00011135857461024499,0.5,-0.47473006510856597,0.5896519322887193,0.33156009144312826,0.466859771345379,0.7618389901696735,0.38920741735443665
2021-02-02 13:00:00,0.4428172942817294,-0.07569721115537853,-0.24586746090841405,-0.20728441349758975,0.060884623941579105,0.00011135857461024499,0.5,-0.2753891888628698,0.5768590861678067,0.20984402243240396,0.576305268228699,0.7522144705451236,0.4324803476319085
2021-02-02 13:10:00,0.4686192468619247,0.003984063745019917,-0.23842144452717806,-0.20585609712551323,0.06000556202640982,0.00022271714922048998,0.5,-0.2753891888628698,0.5768590861678067,0.20984402243240396,0.576305268228699,0.7522144705451236,0.49014741162092434
2021-02-02 13:20:00,0.4707112970711297,-0.02788844621513953,-0.23097542814594196,-0.19692911980003558,0.059126500111240536,0.00022271714922048998,0.5,-0.2753891888628698,0.5768590861678067,0.20984402243240396,0.576305268228699,0.7522144705451236,0.5036739743802526
2021-02-02 13:30:00,0.49302649930264997,-0.10756972111553798,-0.22620997766195106,-0.18978753793965364,0.058247425108950285,0.00022271714922048998,0.5,-0.2753891888628698,0.5768590861678067,0.20984402243240396,0.576305268228699,0.7522144705451236,0.524548485900086
2021-02-02 13:40:00,0.5285913528591353,0.09960159362549792,-0.21965748324646328,-0.18478843063738626,0.057368363193781004,0.00022271714922048998,0.5,-0.2753891888628698,0.5768590861678067,0.20984402243240396,0.576305268228699,0.7522144705451236,0.6042895725515639
2021-02-02 13:50:00,0.5432357043235705,0.03585657370517925,-0.21429635145197334,-0.1676486341724691,0.05648930127861174,0.00022271714922048998,0.5,-0.2753891888628698,0.5768590861678067,0.20984402243240396,0.576305268228699,0.7522144705451236,0.6444845119724791
2021-02-02 14:00:00,0.49721059972105996,-0.14741035856573714,-0.21221146686522718,-0.16264952687020162,0.055610226276321485,0.00022271714922048998,0.5,-0.24623778818320063,0.5603996471335347,0.1829021082467605,0.6430608973535188,0.7397653550405288,0.5733965025574482
2021-02-02 14:10:00,0.5774058577405857,-0.09960159362549814,-0.20774385703648557,-0.1647920014283163,0.05473116959600059,0.000556792873051225,0.5,-0.24623778818320063,0.5603996471335347,0.1829021082467605,0.6430608973535188,0.7397653550405288,0.722724323671862
2021-02-02 14:20:00,0.5132496513249651,-0.20318725099601598,-0.20387192851824287,-0.1597928941260488,0.053852107680831304,0.00022271714922048998,0.5,-0.24623778818320063,0.5603996471335347,0.1829021082467605,0.6430608973535188,0.7397653550405288,0.5839280595078232
2021-02-02 14:30:00,0.5543933054393305,-0.043824701195219196,-0.20000000000000007,-0.15872165684699147,0.052973040530813635,0.00033407572383073496,0.5,-0.24623778818320063,0.5603996471335347,0.1829021082467605,0.6430608973535188,0.7397653550405288,0.7287294234802421
2021-02-02 14:40:00,0.5460251046025105,0.1394422310756971,-0.19702159344750558,-0.15907873594001076,0.05209397861564435,0.00022271714922048998,0.5,-0.24623778818320063,0.5603996471335347,0.1829021082467605,0.6430608973535188,0.7397653550405288,0.660183774159965
2021-02-02 14:50:00,0.5801952580195259,-0.12350597609561753,-0.19225614296351468,-0.14800928405641844,0.051214916700475066,0.00033407572383073496,0.5,-0.24623778818320063,0.5603996471335347,0.1829021082467605,0.6430608973535188,0.7397653550405288,0.691951959201533
2021-02-02 15:00:00,0.5788005578800558,0.043824701195219085,-0.1892777364110202,-0.14515265131226573,0.050335841698184836,0.00022271714922048998,0.5,-0.2315806729519453,0.5358541638530264,0.19483075196844057,0.6798806209104522,0.7340832615808127,0.7271074430043605
2021-02-02 15:10:00,0.599721059972106,-0.003984063745020028,-0.18451228592702917,-0.13658275307980716,0.04945677978301555,0.0014476614699331849,0.5,-0.2315806729519453,0.5358541638530264,0.19483075196844057,0.6798806209104522,0.7340832615808127,0.7891425381354014
2021-02-02 15:20:00,0.5767085076708507,-0.15537848605577698,-0.1818317200297842,-0.14086770219603628,0.048577717867846266,0.00022271714922048998,0.5,-0.2315806729519453,0.5358541638530264,0.19483075196844057,0.6798806209104522,0.7340832615808127,0.7388611433830741
2021-02-02 15:30:00,0.6311018131101813,-0.0916334661354582,-0.1821295606850335,-0.14515265131226573,0.0476986494091165,0.0014476614699331849,0.5,-0.2315806729519453,0.5358541638530264,0.19483075196844057,0.6798806209104522,0.7340832615808127,0.9016928949711062
2021-02-02 15:40:00,0.6450488145048815,0.03585657370517925,-0.1818317200297842,-0.1490805213354759,0.04681958749394721,0.00913140311804009,0.5,-0.2315806729519453,0.5358541638530264,0.19483075196844057,0.6798806209104522,0.7340832615808127,0.9410278075350422
2021-02-02 15:50:00,0.6506276150627616,0.019920318725099362,-0.17885331347728972,-0.1490805213354759,0.04594052688749002,0.004677060133630289,0.5,-0.2315806729519453,0.5358541638530264,0.19483075196844057,0.6798806209104522,0.7340832615808127,0.9193159014439398
2021-02-02 16:00:00,0.6178521617852162,-0.003984063745020028,-0.1746835443037975,-0.14800928405641844,0.045061457120048165,0.00033407572383073496,0.5,-0.16778148256483927,0.5265238917607981,0.190439686124899,0.6961111364825393,0.7333765402641652,0.8070748525129381
2021-02-02 16:10:00,0.6234309623430963,0.06772908366533859,-0.17319434102755038,-0.14193893947509362,0.0441823952048789,0.0006681514476614699,0.5,-0.16778148256483927,0.5265238917607981,0.190439686124899,0.6961111364825393,0.7333765402641652,0.8516453671711153
2021-02-02 16:20:00,0.5690376569037657,-0.17131474103585675,-0.1705137751303054,-0.13693983217282624,0.04330333328970962,0.00011135857461024499,0.5,-0.16778148256483927,0.5265238917607981,0.190439686124899,0.6961111364825393,0.7333765402641652,0.7095297011029468
2021-02-02 16:30:00,0.4839609483960949,-0.043824701195219196,-0.16902457185405817,-0.13729691126584542,0.04242425828741936,0.00011135857461024499,0.5,-0.16778148256483927,0.5265238917607981,0.190439686124899,0.6961111364825393,0.7333765402641652,0.5299953226609533
2021-02-02 16:40:00,0.5216178521617852,0.09960159362549792,-0.16485480268056596,-0.12872701303338696,0.04154519637225008,0.00011135857461024499,0.5,-0.16778148256483927,0.5265238917607981,0.190439686124899,0.6961111364825393,0.7333765402641652,0.6093592045505983
2021-02-02 16:50:00,0.5320781032078103,0.08366533864541825,-0.16455696202531667,-0.1390823067309409,0.040666134457080796,0.00011135857461024499,0.5,-0.16778148256483927,0.5265238917607981,0.190439686124899,0.6961111364825393,0.7333765402641652,0.6253753187380238
2021-02-02 17:00:00,0.5041841004184101,-0.17928286852589637,-0.16455696202531667,-0.13729691126584542,0.03978706730706312,0.00011135857461024499,0.5,-0.16143822524208506,0.5268227363242718,0.1934654711138351,0.6904320607762241,0.7363950729432774,0.5568749339891667
2021-02-02 17:10:00,0.43235704323570434,0.09163346613545809,-0.16515264333581536,-0.14015354400999824,0.03890801062674223,0.00011135857461024499,0.5,-0.16143822524208506,0.5268227363242718,0.1934654711138351,0.6904320607762241,0.7363950729432774,0.4336647705840639
2021-02-02 17:20:00,0.4581589958158996,0.027888446215139417,-0.16783320923306044,-0.14836636314943752,0.038028948711572946,0.00011135857461024499,0.5,-0.16143822524208506,0.5268227363242718,0.1934654711138351,0.6904320607762241,0.7363950729432774,0.46181178991203586
2021-02-02 17:30:00,0.49790794979079495,-0.11553784860557781,-0.1660461653015637,-0.15015175861453323,0.03714987370928271,0.00011135857461024499,0.5,-0.16143822524208506,0.5268227363242718,0.1934654711138351,0.6904320607762241,0.7363950729432774,0.5322962717081341
2021-02-02 17:40:00,0.5083682008368201,-0.059760956175298974,-0.16842889054355936,-0.15158007498660953,0.03627081179411343,0.00011135857461024499,0.5,-0.16143822524208506,0.5268227363242718,0.1934654711138351,0.6904320607762241,0.7363950729432774,0.5832113704603408
2021-02-02 17:50:00,0.5641562064156206,-0.05179282868525903,-0.1699180938198066,-0.15943581503302984,0.03539174987894415,0.0008908685968819599,0.5,-0.16143822524208506,0.5268227363242718,0.1934654711138351,0.6904320607762241,0.7363950729432774,0.7050560526276084
2021-02-02 18:00:00,0.49023709902370993,-0.01195219123505975,-0.1705137751303054,-0.16193536868416358,0.03451267487665389,0.00011135857461024499,0.5,-0.29855557775388963,0.5242423284589097,0.2641820989944021,0.5854485927730014,0.7413395779647367,0.535080042850461
2021-02-02 18:10:00,0.41422594142259417,0.10756972111553775,-0.17140729709605362,-0.15622210319585772,0.033633618196332996,0.00011135857461024499,0.5,-0.29855557775388963,0.5242423284589097,0.2641820989944021,0.5854485927730014,0.7413395779647367,0.36813675935845014
2021-02-02 18:20:00,0.4735006973500697,-0.01195219123505975,-0.17349218168279978,-0.1612212104981252,0.03275455758987581,0.00022271714922048998,0.5,-0.29855557775388963,0.5242423284589097,0.2641820989944021,0.5854485927730014,0.7413395779647367,0.4645804728638895
2021-02-02 18:30:00,0.4686192468619247,0.3067729083665336,-0.17527922561429654,-0.1726477414747366,0.03187548913114604,0.00022271714922048998,0.5,-0.29855557775388963,0.5242423284589097,0.2641820989944021,0.5854485927730014,0.7413395779647367,0.44395491648686575
2021-02-02 18:40:00,0.47419804741980476,-0.06772908366533881,-0.18093819806403577,-0.18121763970719518,0.030996427215976775,0.00022271714922048998,0.5,-0.29855557775388963,0.5242423284589097,0.2641820989944021,0.5854485927730014,0.7413395779647367,0.4357695731550915
2021-02-02 18:50:00,0.496513249651325,-0.26693227091633476,-0.18391660461653025,-0.18264595607927148,0.030117365300807494,0.00022271714922048998,0.5,-0.29855557775388963,0.5242423284589097,0.2641820989944021,0.5854485927730014,0.7413395779647367,0.4903511021923141
2021-02-02 19:00:00,0.3891213389121339,-0.043824701195219196,-0.18778853313477306,-0.18800214247455804,0.02923829029851724,0.00022271714922048998,0.5,-0.3160138188520334,0.555115270669843,0.29055170104026895,0.4648355338093309,0.7162529220233935,0.2928014243251807
2021-02-02 19:10:00,0.3758716875871687,0.07569721115537842,-0.19136262099776635,-0.19728619889305476,0.028359228383347958,0.00022271714922048998,0.5,-0.3160138188520334,0.555115270669843,0.29055170104026895,0.4648355338093309,0.7162529220233935,0.2553449914751724
2021-02-02 19:20:00,0.3235704323570432,-0.01195219123505975,-0.19255398361876408,-0.2029994643813604,0.027480166468178673,0.00022271714922048998,0.5,-0.3160138188520334,0.555115270669843,0.29055170104026895,0.4648355338093309,0.7162529220233935,0.19302322072513844
2021-02-02 19:30:00,0.3263598326359832,0.2350597609561753,-0.1964259121370069,-0.21228352079985702,0.026601098009448904,0.00022271714922048998,0.5,-0.3160138188520334,0.555115270669843,0.29055170104026895,0.4648355338093309,0.7162529220233935,0.19150685758257013
2021-02-02 19:40:00,0.2294281729428173,-0.21115537848605592,-0.19880863737900234,-0.2208534190323156,0.025722037402991733,0.00022271714922048998,0.5,-0.3160138188520334,0.555115270669843,0.29055170104026895,0.4648355338093309,0.7162529220233935,0.10992501169334763
2021-02-02 19:50:00,0.2719665271966527,0.4262948207171313,-0.2011913626209978,-0.22335297268344934,0.02484297548782245,0.00022271714922048998,0.5,-0.3160138188520334,0.555115270669843,0.29055170104026895,0.4648355338093309,0.7162529220233935,0.15171929930443442
2021-02-02 20:00:00,0.34797768479776847,0.49003984063745,-0.20565897244973952,-0.23085163363685057,0.02396390572038059,0.00022271714922048998,0.5,-0.33990593761704857,0.5691293565934032,0.3174124541868127,0.42395985842977746,0.7196479658409723,0.22659444452826774
2021-02-02 20:10:00,0.4177126917712692,-0.12350597609561753,-0.20625465376023833,-0.22585252633458308,0.023084843805211305,0.00022271714922048998,0.5,-0.33990593761704857,0.5691293565934032,0.3174124541868127,0.42395985842977746,0.7196479658409723,0.34271315841091177
2021-02-02 20:20:00,0.4797768479776848,-0.01195219123505975,-0.20625465376023833,-0.22049633993929663,0.02220578189004202,0.00022271714922048998,0.5,-0.33990593761704857,0.5691293565934032,0.3174124541868127,0.42395985842977746,0.7196479658409723,0.4709326010531557
2021-02-02 20:30:00,0.40027894002789405,-0.21115537848605592,-0.2086373790022339,-0.21906802356722022,0.02132670688775177,0.00022271714922048998,0.5,-0.33990593761704857,0.5691293565934032,0.3174124541868127,0.42395985842977746,0.7196479658409723,0.3246827707952985
2021-02-02 20:40:00,0.3772663877266388,-0.3784860557768924,-0.21221146686522718,-0.21478307445099076,0.020447644972582505,0.00022271714922048998,0.5,-0.33990593761704857,0.5691293565934032,0.3174124541868127,0.42395985842977746,0.7196479658409723,0.28546856375514884
2021-02-02 20:50:00,0.43584379358437936,-0.05179282868525903,-0.2128071481757261,-0.21514015354400995,0.019568583057413203,0.00022271714922048998,0.5,-0.33990593761704857,0.5691293565934032,0.3174124541868127,0.42395985842977746,0.7196479658409723,0.39016551744949224
2021-02-02 21:00:00,0.4665271966527197,0.14741035856573692,-0.2131049888309755,-0.21621139082306728,0.018689521142243936,0.00022271714922048998,0.5,-0.3497109454500217,0.5938644912315002,0.31421508968865486,0.380999670428634,0.7456691999981524,0.4314166302035397
2021-02-02 21:10:00,0.4490934449093445,0.19521912350597592,-0.21518987341772167,-0.21656846991608647,0.017810446139953667,0.00022271714922048998,0.5,-0.3497109454500217,0.5938644912315002,0.31421508968865486,0.380999670428634,0.7456691999981524,0.41222445192148105
2021-02-02 21:20:00,0.45188284518828453,0.2828685258964143,-0.21846612062546544,-0.2194251026602393,0.01693139731190537,0.00022271714922048998,0.5,-0.3497109454500217,0.5938644912315002,0.31421508968865486,0.380999670428634,0.7456691999981524,0.3924740105919097
2021-02-02 21:30:00,0.4288702928870293,-0.0916334661354582,-0.22233804914370825,-0.22049633993929663,0.016052322309615098,0.00022271714922048998,0.5,-0.3497109454500217,0.5938644912315002,0.31421508968865486,0.380999670428634,0.7456691999981524,0.3500912835523636
2021-02-02 21:40:00,0.3933054393305439,0.11553784860557759,-0.22591213700670154,-0.22263881449741119,0.015173247307324866,0.00022271714922048998,0.5,-0.3497109454500217,0.5938644912315002,0.31421508968865486,0.380999670428634,0.7456691999981524,0.2858231362312718
2021-02-02 21:50:00,0.3284518828451883,-0.29083665338645437,-0.23067758749069256,-0.23085163363685057,0.014294198479276569,0.00022271714922048998,0.5,-0.3497109454500217,0.5938644912315002,0.31421508968865486,0.380999670428634,0.7456691999981524,0.19566365405796884
2021-02-02 22:00:00,0.31241283124128316,-0.3227091633466136,-0.2354430379746837,-0.24192108552044278,0.013415123476986299,0.00022271714922048998,0.5,-0.42870673729072195,0.609344064918235,0.36327148481711563,0.3339373049392974,0.7856251570137722,0.16870860177738883
2021-02-02 22:10:00,0.2719665271966527,-0.4422310756972112,-0.24080416976917363,-0.2494197464738439,0.012536061561817033,0.00022271714922048998,0.5,-0.42870673729072195,0.609344064918235,0.36327148481711563,0.3339373049392974,0.7856251570137722,0.11728050454908943
2021-02-02 22:20:00,0.22524407252440726,0.4820717131474104,-0.24199553239017135,-0.2554900910551686,0.0116570127337687,0.00022271714922048998,0.5,-0.42870673729072195,0.609344064918235,0.36327148481711563,0.3339373049392974,0.7856251570137722,0.08527845255518507
2021-02-02 22:30:00,0.20013947001394702,0.3705179282868525,-0.24646314221891308,-0.26156043563649345,0.010777937731478466,0.00022271714922048998,0.5,-0.42870673729072195,0.609344064918235,0.36327148481711563,0.3339373049392974,0.7856251570137722,0.0671047271300753
2021-02-02 22:40:00,0.19804741980474197,0.6175298804780875,-0.2479523454951601,-0.26334583110158893,0.009898862729188234,0.00022271714922048998,0.5,-0.42870673729072195,0.609344064918235,0.36327148481711563,0.3339373049392974,0.7856251570137722,0.06762526970140471
2021-02-02 22:50:00,0.15620641562064158,0.33864541832669315,-0.2503350707371558,-0.2654883056597036,0.0090198139011399,0.00022271714922048998,0.5,-0.42870673729072195,0.609344064918235,0.36327148481711563,0.3339373049392974,0.7856251570137722,0.041017245801711
2021-02-02 23:00:00,0.1087866108786611,0.36254980079681287,-0.24973938942665685,-0.2619175147295125,0.008140738898849666,0.00022271714922048998,0.5,-0.4492877614506994,0.6117147068880805,0.392001985401919,0.27992655199024646,0.8400236174883225,0.017238257615764144
2021-02-02 23:10:00,0.1087866108786611,-0.4422310756972112,-0.21935964259121388,-0.19907159435815036,0.007261663896559395,0.00022271714922048998,0.5,-0.4492877614506994,0.6117147068880805,0.392001985401919,0.27992655199024646,0.8400236174883225,0.011995111426286646
2021-02-02 23:20:00,0.09693165969316596,-0.13147410358565736,-0.19821295606850342,-0.1280128548473486,0.006382615068511099,0.00022271714922048998,0.5,-0.4492877614506994,0.6117147068880805,0.392001985401919,0.27992655199024646,0.8400236174883225,0.0009731882855289165
2021-02-02 23:30:00,0.11715481171548117,0.4501992031872508,-0.18838421444527187,-0.07409391180146396,0.005503553153341797,0.00022271714922048998,0.5,-0.4492877614506994,0.6117147068880805,0.392001985401919,0.27992655199024646,0.8400236174883225,0.006027732094089956
2021-02-02 23:40:00,0.15481171548117156,-0.29083665338645437,-0.177661950856292,-0.05016961256918395,0.004624478151051563,0.00022271714922048998,0.5,-0.4492877614506994,0.6117147068880805,0.392001985401919,0.27992655199024646,0.8400236174883225,0.03443125066010833
2021-02-02 23:50:00,0.1903765690376569,-0.2828685258964144,-0.1702159344750559,-0.05124084984824129,0.0037454293230032294,0.00022271714922048998,0.5,-0.4492877614506994,0.6117147068880805,0.392001985401919,0.27992655199024646,0.8400236174883225,0.05293691627563107
2021-02-03 00:00:00,0.21408647140864714,-0.20318725099601598,-0.16098287416232326,-0.05052669166220303,0.0028663543207129963,0.00022271714922048998,0.5,-0.4816861187443363,0.6132003091891831,0.42762267776391705,0.24793133958125457,0.923471936272784,0.06935286751059946
2021-02-03 00:10:00,0.22663877266387727,-0.02788844621513953,-0.1466865227103501,-0.055882878057489815,0.0019872793184227628,0.00022271714922048998,0.5,-0.4816861187443363,0.6132003091891831,0.42762267776391705,0.24793133958125457,0.923471936272784,0.08469001312672572
2021-02-03 00:20:00,0.15550906555090654,0.4422310756972112,-0.15234549516008944,-0.06052490626673801,0.001108230490374429,0.00022271714922048998,0.5,-0.4816861187443363,0.6132003091891831,0.42762267776391705,0.24793133958125457,0.923471936272784,0.05870814913167464
2021-02-03 00:30:00,0.22315202231520226,-0.03585657370517936,-0.20953090096798221,-0.14051062310301732,0.0012111449922131482,0.00022271714922048998,0.5,-0.4816861187443363,0.6132003091891831,0.42762267776391705,0.24793133958125457,0.923471936272784,0.08085006865126666
2021-02-03 00:40:00,0.23221757322175732,-0.2509960159362551,-0.2324646314221892,-0.1987145152651313,0.0013140594940519047,0.00022271714922048998,0.5,-0.4816861187443363,0.6132003091891831,0.42762267776391705,0.24793133958125457,0.923471936272784,0.08232871131765167
2021-02-03 00:50:00,0.14225941422594143,0.346613545816733,-0.24288905435591968,-0.22478128905552575,0.0014169739958906611,0.00022271714922048998,0.5,-0.4816861187443363,0.6132003091891831,0.42762267776391705,0.24793133958125457,0.923471936272784,0.036309730374036245
2021-02-03 01:00:00,0.15760111576011157,0.43426294820717115,-0.2479523454951601,-0.23442242456704165,0.0015198884977294176,0.00022271714922048998,0.5,-0.5644784594074558,0.6131744476404222,0.476747932961489,0.26402952480579756,0.9962959459626148,0.036702023326342474
2021-02-03 01:10:00,0.13598326359832635,-0.31474103585657376,-0.23931496649292638,-0.2383502945902518,0.0016228029995681368,0.00022271714922048998,0.5,-0.5644784594074558,0.6131744476404222,0.476747932961489,0.26402952480579756,0.9962959459626148,0.03818066599272749
2021-02-03 01:20:00,0.1603905160390516,-0.15537848605577698,-0.1964259121370069,-0.1694340296375647,0.0016228029995681368,0.00022271714922048998,0.5,-0.5644784594074558,0.6131744476404222,0.476747932961489,0.26402952480579756,0.9962959459626148,0.04490245484859001
2021-02-03 01:30:00,0.16108786610878661,0.4661354581673305,-0.17259865971705146,-0.1233708266381004,0.0016228029995681368,0.00022271714922048998,0.5,-0.5644784594074558,0.6131744476404222,0.476747932961489,0.26402952480579756,0.9962959459626148,0.04334837122983841
2021-02-03 01:40:00,0.1499302649930265,0.7290836653386452,-0.15889798957557721,-0.09658989466166767,0.0016228029995681368,0.00022271714922048998,0.5,-0.5644784594074558,0.6131744476404222,0.476747932961489,0.26402952480579756,0.9962959459626148,0.03025936599423631
2021-02-03 01:50:00,0.12133891213389121,0.2589641434262948,-0.15204765450484004,-0.06980896268523484,0.01467066260093443,0.00022271714922048998,0.5,-0.5644784594074558,0.6131744476404222,0.476747932961489,0.26402952480579756,0.9962959459626148,0.023884605519260076
2021-02-03 02:00:00,0.16875871687587168,0.2749003984063745,-0.14430379746835464,-0.04659882163899287,0.01807331405164178,0.00022271714922048998,0.5,-0.568144797768545,0.6092003896473354,0.4803055763847754,0.2847865935245955,0.027437695035000896,0.05275585798995127
2021-02-03 02:10:00,0.20571827057182707,0.20318725099601576,-0.14072970960536124,-0.04695590073201217,0.028451400976299234,0.00022271714922048998,0.5,-0.568144797768545,0.6092003896473354,0.4803055763847754,0.2847865935245955,0.027437695035000896,0.07023552665328847
2021-02-03 02:20:00,0.2496513249651325,-0.02788844621513953,-0.1705137751303054,-0.09801821103374397,0.034549999345643956,0.00022271714922048998,0.5,-0.568144797768545,0.6092003896473354,0.4803055763847754,0.2847865935245955,0.027437695035000896,0.07094467160553436
2021-02-03 02:30:00,0.2301255230125523,0.2669322709163344,-0.15294117647058836,-0.09194786645241915,0.04411668477051734,0.00022271714922048998,0.5,-0.568144797768545,0.6092003896473354,0.4803055763847754,0.2847865935245955,0.027437695035000896,0.05870060503643798
2021-02-03 02:40:00,0.17154811715481172,0.43426294820717115,-0.15919583023082662,-0.08587752187109432,0.04839617332583006,0.00022271714922048998,0.5,-0.568144797768545,0.6092003896473354,0.4803055763847754,0.2847865935245955,0.027437695035000896,0.05375167856119016
2021-02-03 02:50:00,0.16457461645746163,0.7051792828685257,-0.18481012658227858,-0.11301553294054623,0.04839617332583006,0.00022271714922048998,0.5,-0.568144797768545,0.6092003896473354,0.4803055763847754,0.2847865935245955,0.027437695035000896,0.040843731611267864
2021-02-03 03:00:00,0.20571827057182707,0.4581673306772909,-0.16455696202531667,-0.09051955008034285,0.04839617332583006,0.00022271714922048998,0.5,-0.574508400475882,0.605990684095436,0.48533071284628343,0.2902373345135796,0.04175741940766592,0.0641021772258853
2021-02-03 03:10:00,0.1924686192468619,0.2111553784860556,-0.16515264333581536,-0.08409212640599895,0.05202130583292983,0.00022271714922048998,0.5,-0.574508400475882,0.605990684095436,0.48533071284628343,0.2902373345135796,0.04175741940766592,0.07605956817598865
2021-02-03 03:20:00,0.16248256624825663,0.5617529880478087,-0.18093819806403577,-0.10730226745224059,0.0648859457407965,0.00022271714922048998,0.5,-0.574508400475882,0.605990684095436,0.48533071284628343,0.2902373345135796,0.04175741940766592,0.06478114579718455
2021-02-03 03:30:00,0.12552301255230125,0.49800796812749004,-0.1660461653015637,-0.07945009819675053,0.0648859457407965,0.00022271714922048998,0.5,-0.574508400475882,0.605990684095436,0.48533071284628343,0.2902373345135796,0.04175741940766592,0.04343135627744165
2021-02-03 03:40:00,0.16666666666666669,0.5617529880478087,-0.18451228592702917,-0.09087662917336181,0.06815772598186126,0.00022271714922048998,0.5,-0.574508400475882,0.605990684095436,0.48533071284628343,0.2902373345135796,0.04175741940766592,0.06094874541696215
2021-02-03 03:50:00,0.1903765690376569,0.21912350597609564,-0.1657483246463144,-0.08123549366184613,0.08134954391383441,0.00022271714922048998,0.5,-0.574508400475882,0.605990684095436,0.48533071284628343,0.2902373345135796,0.04175741940766592,0.05897973656019434
2021-02-03 04:00:00,0.11436541143654114,0.5458167330677288,-0.18332092330603145,-0.10123192287091587,0.10179162686000706,0.0010022271714922048,0.5,-0.6511692092282663,0.596387428988499,0.5361770893292637,0.2783753477563918,0.044741684924658666,0.0038324003802224
2021-02-03 04:10:00,0.09344490934449094,0.538398131611485,-0.18093819806403577,-0.07802178182467412,0.11426365313894596,0.9711581291759465,0.5,-0.6511692092282663,0.596387428988499,0.5361770893292637,0.2783753477563918,0.044741684924658666,0.0
2021-02-03 04:20:00,0.09762900976290097,0.5309795301552409,-0.20268056589724515,-0.09051955008034285,0.11426365313894596,0.997772828507795,0.5,-0.6511692092282663,0.596387428988499,0.5361770893292637,0.2783753477563918,0.044741684924658666,0.0
2021-02-03 04:30:00,0.1094839609483961,0.5235609286989968,-0.21221146686522718,-0.11087305838243178,0.11426365313894596,0.997772828507795,0.5,-0.6511692092282663,0.596387428988499,0.5361770893292637,0.2783753477563918,0.044741684924658666,0.0
2021-02-03 04:40:00,0.11924686192468618,0.516142327242753,-0.21846612062546544,-0.13051240849848234,0.11426365313894596,0.997772828507795,0.5,-0.6511692092282663,0.596387428988499,0.5361770893292637,0.2783753477563918,0.044741684924658666,0.0
2021-02-03 04:50:00,0.10460251046025104,0.5087237257865089,-0.22531645569620262,-0.15015175861453323,0.11426365313894596,0.997772828507795,0.5,-0.6511692092282663,0.596387428988499,0.5361770893292637,0.2783753477563918,0.044741684924658666,0.0
2021-02-03 05:00:00,0.1094839609483961,0.5013051243302651,-0.23514519731943417,-0.16657739689341178,0.11426365313894596,0.997772828507795,0.5,-0.6431016972386644,0.5978988928383626,0.5347834021109733,0.2785133738147341,0.0444264867756176,0.0
2021-02-03 05:10:00,0.09693165969316596,0.493886522874021,-0.24199553239017135,-0.1808605606141761,0.11426365313894596,0.997772828507795,0.5,-0.6431016972386644,0.5978988928383626,0.5347834021109733,0.2785133738147341,0.0444264867756176,0.0
2021-02-03 05:20:00,0.1094839609483961,0.48646792141777717,-0.24169769173492195,-0.19157293340474912,0.11426365313894596,0.997772828507795,0.5,-0.6431016972386644,0.5978988928383626,0.5347834021109733,0.2785133738147341,0.0444264867756176,0.0
2021-02-03 05:30:00,0.06555090655509065,0.4790493199615331,-0.24199553239017135,-0.1983574361721121,0.11426365313894596,0.997772828507795,0.5,-0.6431016972386644,0.5978988928383626,0.5347834021109733,0.2785133738147341,0.0444264867756176,0.0
2021-02-03 05:40:00,0.09065550906555091,0.47163071850528904,-0.24556962025316464,-0.20335654347437948,0.11426365313894596,0.997772828507795,0.5,-0.6431016972386644,0.5978988928383626,0.5347834021109733,0.2785133738147341,0.0444264867756176,0.0
2021-02-03 05:50:00,0.08298465829846582,0.4642121170490452,-0.24973938942665685,-0.20978396714872327,0.11426365313894596,0.997772828507795,0.5,-0.6431016972386644,0.5978988928383626,0.5347834021109733,0.2785133738147341,0.0444264867756176,0.0
2021-02-03 06:00:00,0.06206415620641562,0.4567935155928011,-0.2509307520476546,-0.21371183717193354,0.11426365313894596,0.997772828507795,0.5,-0.6288395159399418,0.5882985112368421,0.5479358021253287,0.316438734286511,0.05480551001217439,0.0
2021-02-03 06:10:00,0.05090655509065551,0.4493749141365573,-0.251228592702904,-0.21871094447420092,0.11426365313894596,0.997772828507795,0.5,-0.6288395159399418,0.5882985112368421,0.5479358021253287,0.316438734286511,0.05480551001217439,0.0
2021-02-03 06:20:00,0.05299860529986053,0.4419563126803132,-0.2562918838421445,-0.22049633993929663,0.11426365313894596,0.997772828507795,0.5,-0.6288395159399418,0.5882985112368421,0.5479358021253287,0.316438734286511,0.05480551001217439,0.0
2021-02-03 06:30:00,0.06834030683403068,0.43453771122406915,-0.25688756515264344,-0.22192465631137293,0.11426365313894596,0.997772828507795,0.5,-0.6288395159399418,0.5882985112368421,0.5479358021253287,0.316438734286511,0.05480551001217439,0.0
2021-02-03 06:40:00,0.06485355648535565,0.4271191097678253,-0.2548026805658973,-0.22692376361364042,0.11426365313894596,0.997772828507795,0.5,-0.6288395159399418,0.5882985112368421,0.5479358021253287,0.316438734286511,0.05480551001217439,0.0
2021-02-03 06:50:00,0.042538354253835425,0.41970050831158123,-0.259270290394639,-0.23156579182288872,0.11426365313894596,0.997772828507795,0.5,-0.6288395159399418,0.5882985112368421,0.5479358021253287,0.316438734286511,0.05480551001217439,0.0
2021-02-03 07:00:00,0.058577405857740586,0.4122819068553374,-0.26135517498138505,-0.2369219782181754,0.11426365313894596,0.997772828507795,0.5,-0.6306512891135849,0.6093526854344887,0.5615647696161477,0.32987170657156356,0.07043574576560098,0.0
2021-02-03 07:10:00,0.0794979079497908,0.4048633053990933,-0.2679076693968728,-0.24692019282271016,0.11426365313894596,0.997772828507795,0.5,-0.6306512891135849,0.6093526854344887,0.5615647696161477,0.32987170657156356,0.07043574576560098,0.0
2021-02-03 07:20:00,0.07810320781032079,0.39744470394284925,-0.279523454951601,-0.2558471701481878,0.11426365313894596,0.997772828507795,0.5,-0.6306512891135849,0.6093526854344887,0.5615647696161477,0.32987170657156356,0.07043574576560098,0.0
2021-02-03 07:30:00,0.0815899581589958,0.3900261024866054,-0.2905435591958303,-0.26584538475272257,0.11426365313894596,0.997772828507795,0.5,-0.6306512891135849,0.6093526854344887,0.5615647696161477,0.32987170657156356,0.07043574576560098,0.0
2021-02-03 07:40:00,0.08786610878661089,0.3826075010303611,-0.2982874162323158,-0.2751294411712194,0.11426365313894596,0.997772828507795,0.5,-0.6306512891135849,0.6093526854344887,0.5615647696161477,0.32987170657156356,0.07043574576560098,0.0
2021-02-03 07:50:00,0.0885634588563459,0.37518889957411705,-0.2985852568875653,-0.2851276557757543,0.11426365313894596,0.997772828507795,0.5,-0.6306512891135849,0.6093526854344887,0.5615647696161477,0.32987170657156356,0.07043574576560098,0.0
2021-02-03 08:00:00,0.1199442119944212,0.3677702981178732,-0.2985852568875653,-0.29334047491519377,0.11426365313894596,0.997772828507795,0.5,-0.6121975583537316,0.6215708304718024,0.5482599390252331,0.3231277589662604,0.07009464940018097,0.0
2021-02-03 08:10:00,0.1806136680613668,0.36035169666162914,-0.2988830975428147,-0.30298161042670946,0.13703524361675676,0.997772828507795,0.5,-0.6121975583537316,0.6215708304718024,0.5482599390252331,0.3231277589662604,0.07009464940018097,0.0
2021-02-03 08:20:00,0.11087866108786612,0.3529330952053853,-0.3102010424422935,-0.3101231922870915,0.20842548847679002,0.997772828507795,0.5,-0.6121975583537316,0.6215708304718024,0.5482599390252331,0.3231277589662604,0.07009464940018097,0.0
2021-02-03 08:30:00,0.07461645746164575,0.3455144937491412,-0.3107967237527923,-0.3133369041242635,0.20842548847679002,0.997772828507795,0.5,-0.6121975583537316,0.6215708304718024,0.5482599390252331,0.3231277589662604,0.07009464940018097,0.0
2021-02-03 08:40:00,0.04741980474198048,0.33809589229289716,-0.30752047654504844,-0.3133369041242635,0.20842548847679002,0.997772828507795,0.5,-0.6121975583537316,0.6215708304718024,0.5482599390252331,0.3231277589662604,0.07009464940018097,0.0
2021-02-03 08:50:00,0.05299860529986053,0.3306772908366533,-0.3087118391660463,-0.315122299589359,0.20842548847679002,0.997772828507795,0.5,-0.6121975583537316,0.6215708304718024,0.5482599390252331,0.3231277589662604,0.07009464940018097,0.0
2021-02-03 09:00:00,0.06624825662482565,0.32325868938040925,-0.30752047654504844,-0.3215497232637029,0.20842548847679002,0.997772828507795,0.5,-0.5744473309690441,0.6264328016390485,0.5082734168302886,0.31038812646075015,0.07091508173166511,0.0
2021-02-03 09:10:00,0.06276150627615062,0.3158400879241654,-0.30752047654504844,-0.3247634351008748,0.20842548847679002,0.997772828507795,0.5,-0.5744473309690441,0.6264328016390485,0.5082734168302886,0.31038812646075015,0.07091508173166511,0.0
2021-02-03 09:20:00,0.0397489539748954,0.30842148646792134,-0.30752047654504844,-0.32762006784502773,0.20842548847679002,0.997772828507795,0.5,-0.5744473309690441,0.6264328016390485,0.5082734168302886,0.31038812646075015,0.07091508173166511,0.0
2021-02-03 09:30:00,0.04114365411436541,0.30100288501167727,-0.3096053611317946,-0.32762006784502773,0.20842548847679002,0.997772828507795,0.5,-0.5744473309690441,0.6264328016390485,0.5082734168302886,0.31038812646075015,0.07091508173166511,0.0
2021-02-03 09:40:00,0.05160390516039052,0.2935842835554334,-0.3063291139240507,-0.32404927691483665,0.20842548847679002,0.997772828507795,0.5,-0.5744473309690441,0.6264328016390485,0.5082734168302886,0.31038812646075015,0.07091508173166511,0.0
2021-02-03 09:50:00,0.058577405857740586,0.28616568209918936,-0.29977661950856305,-0.32404927691483665,0.20842548847679002,0.997772828507795,0.5,-0.5744473309690441,0.6264328016390485,0.5082734168302886,0.31038812646075015,0.07091508173166511,0.0
2021-02-03 10:00:00,0.04184100418410042,0.2787470806429455,-0.2976917349218169,-0.32404927691483665,0.20842548847679002,0.997772828507795,0.5,-0.41306840752005436,0.6393721965362773,0.3801443575894512,0.22160029458158387,0.08119047181128128,0.0
2021-02-03 10:10:00,0.03695955369595537,0.2713284791867012,-0.29173492181682814,-0.32404927691483665,0.20842548847679002,0.997772828507795,0.5,-0.41306840752005436,0.6393721965362773,0.3801443575894512,0.22160029458158387,0.08119047181128128,0.0
2021-02-03 10:20:00,0.03277545327754532,0.2639098777304574,-0.28488458674609096,-0.32404927691483665,0.20842548847679002,0.997772828507795,0.5,-0.41306840752005436,0.6393721965362773,0.3801443575894512,0.22160029458158387,0.08119047181128128,0.0
2021-02-03 10:30:00,0.0299860529986053,0.2564912762742133,-0.27982129560685043,-0.32404927691483665,0.20842548847679002,0.997772828507795,0.5,-0.41306840752005436,0.6393721965362773,0.3801443575894512,0.22160029458158387,0.08119047181128128,0.0
2021-02-03 10:40:00,0.061366806136680614,0.24907267481796946,-0.2714817572598661,-0.32404927691483665,0.20842548847679002,0.997772828507795,0.5,-0.41306840752005436,0.6393721965362773,0.3801443575894512,0.22160029458158387,0.08119047181128128,0.0
2021-02-03 10:50:00,0.05718270571827057,0.2416540733617254,-0.26522710349962786,-0.32404927691483665,0.20842548847679002,0.997772828507795,0.5,-0.41306840752005436,0.6393721965362773,0.3801443575894512,0.22160029458158387,0.08119047181128128,0.0
2021-02-03 11:00:00,0.06764295676429567,0.23423547190548133,-0.2586746090841401,-0.32404927691483665,0.20842548847679002,0.997772828507795,0.5,-0.39414646609008075,0.6448146157979595,0.3366386166506691,0.1164637837332954,0.09601113474476108,0.0
2021-02-03 11:10:00,0.056485355648535567,0.22681687044923748,-0.2503350707371558,-0.3244063560078556,0.20842548847679002,0.997772828507795,0.5,-0.39414646609008075,0.6448146157979595,0.3366386166506691,0.1164637837332954,0.09601113474476108,0.0
2021-02-03 11:20:00,0.06624825662482565,0.21939826899299342,-0.24229337304542087,-0.32762006784502773,0.20842548847679002,0.997772828507795,0.5,-0.39414646609008075,0.6448146157979595,0.3366386166506691,0.1164637837332954,0.09601113474476108,0.0
2021-02-03 11:30:00,0.0502092050209205,0.21197966753674935,-0.23395383469843645,-0.3261917514729513,0.20842548847679002,0.997772828507795,0.5,-0.39414646609008075,0.6448146157979595,0.3366386166506691,0.1164637837332954,0.09601113474476108,0.0
2021-02-03 11:40:00,0.0397489539748954,0.20456106608050528,-0.22352941176470598,-0.3201214068916265,0.20842548847679002,0.997772828507795,0.5,-0.39414646609008075,0.6448146157979595,0.3366386166506691,0.1164637837332954,0.09601113474476108,0.0
2021-02-03 11:50:00,0.04393305439330544,0.19714246462426144,-0.21102010424422946,-0.31476522049634004,0.20842548847679002,0.997772828507795,0.5,-0.39414646609008075,0.6448146157979595,0.3366386166506691,0.1164637837332954,0.09601113474476108,0.0
2021-02-03 12:00:00,0.03556485355648536,0.18972386316801737,-0.19821295606850342,-0.3072665595429388,0.20842548847679002,0.997772828507795,0.5,-0.3997813037922797,0.6438347504504224,0.31572075377807807,0.02594135477338419,0.6577549013281054,0.0
2021-02-03 12:10:00,0.0599721059972106,0.18230526171177353,-0.18361876396128085,-0.3036957686127477,0.20842548847679002,0.997772828507795,0.5,-0.3997813037922797,0.6438347504504224,0.31572075377807807,0.02594135477338419,0.6577549013281054,0.0
2021-02-03 12:20:00,0.03765690376569038,0.17488666025552946,-0.1699180938198066,-0.30012497768255664,0.20842548847679002,0.997772828507795,0.5,-0.3997813037922797,0.6438347504504224,0.31572075377807807,0.02594135477338419,0.6577549013281054,0.0
2021-02-03 12:30:00,0.05369595536959554,0.1674680587992854,-0.16038719285182446,-0.29191215854311736,0.20842548847679002,0.997772828507795,0.5,-0.3997813037922797,0.6438347504504224,0.31572075377807807,0.02594135477338419,0.6577549013281054,0.0
2021-02-03 12:40:00,0.0502092050209205,0.16004945734304155,-0.14966492926284458,-0.2865559721478307,0.20842548847679002,0.997772828507795,0.5,-0.3997813037922797,0.6438347504504224,0.31572075377807807,0.02594135477338419,0.6577549013281054,0.0
2021-02-03 12:50:00,0.06345885634588563,0.15263085588679748,-0.1389426656738647,-0.28084270665952504,0.20842548847679002,0.997772828507795,0.5,-0.3997813037922797,0.6438347504504224,0.31572075377807807,0.02594135477338419,0.6577549013281054,0.0
2021-02-03 13:00:00,0.09483960948396096,0.14521225443055363,-0.12315711094564419,-0.2769148366363149,0.20842548847679002,0.997772828507795,0.5,-0.2074778627206849,0.6332200214363501,0.21805003755600272,0.14167708617247374,0.7014618065978926,0.0
2021-02-03 13:10:00,0.09832635983263598,0.13779365297430957,-0.11064780342516767,-0.2740582038921622,0.20842548847679002,0.997772828507795,0.5,-0.2074778627206849,0.6332200214363501,0.21805003755600272,0.14167708617247374,0.7014618065978926,0.0
2021-02-03 13:20:00,0.11715481171548117,0.1303750515180655,-0.09813849590469104,-0.2740582038921622,0.20842548847679002,0.997772828507795,0.5,-0.2074778627206849,0.6332200214363501,0.21805003755600272,0.14167708617247374,0.7014618065978926,0.0
2021-02-03 13:30:00,0.1806136680613668,0.12295645006182165,-0.08771407297096068,-0.2740582038921622,0.2143932156364921,0.997772828507795,0.5,-0.2074778627206849,0.6332200214363501,0.21805003755600272,0.14167708617247374,0.7014618065978926,0.0
2021-02-03 13:40:00,0.14435146443514643,0.11553784860557759,-0.08443782576321679,-0.26441706838064627,0.3314575126617895,0.9957683741648108,0.5,-0.2074778627206849,0.6332200214363501,0.21805003755600272,0.14167708617247374,0.7014618065978926,0.0
2021-02-03 13:50:00,0.13528591352859135,-0.26693227091633476,-0.09039463886820565,-0.24013569005534718,0.34997578882621616,0.9995545657015591,0.5,-0.2074778627206849,0.6332200214363501,0.21805003755600272,0.14167708617247374,0.7014618065978926,0.0
2021-02-03 14:00:00,0.18131101813110181,-0.5776892430278885,-0.09128816083395397,-0.21835386538118184,0.34997578882621616,0.9995545657015591,0.5,-0.1915911524926599,0.6082004097618744,0.2203964792848495,0.2147188633665858,0.7278471710333757,0.0
2021-02-03 14:10:00,0.15829846582984658,-0.2509960159362551,-0.08741623231571116,-0.1983574361721121,0.33598565651542317,0.5964365256124722,0.5,-0.1915911524926599,0.6082004097618744,0.2203964792848495,0.2147188633665858,0.7278471710333757,0.0
2021-02-03 14:20:00,0.15271966527196654,0.31474103585657365,-0.08324646314221895,-0.1933583288698446,0.33749067542631295,0.4546770601336303,0.5,-0.1915911524926599,0.6082004097618744,0.2203964792848495,0.2147188633665858,0.7278471710333757,0.0
2021-02-03 14:30:00,0.16875871687587168,-0.3784860557768924,-0.08175725986597182,-0.18621674700946256,0.3340095012498201,0.6071269487750557,0.5,-0.1915911524926599,0.6082004097618744,0.2203964792848495,0.2147188633665858,0.7278471710333757,0.0
2021-02-03 14:40:00,0.11924686192468618,0.24302788844621515,-0.08294862248696955,-0.19085877521871086,0.3359333080315661,0.4384187082405345,0.5,-0.1915911524926599,0.6082004097618744,0.2203964792848495,0.2147188633665858,0.7278471710333757,0.0
2021-02-03 14:50:00,0.16736401673640167,0.6494023904382469,-0.07818317200297853,-0.17728976968398502,0.33980709583698676,0.9962138084632516,0.5,-0.1915911524926599,0.6082004097618744,0.2203964792848495,0.2147188633665858,0.7278471710333757,0.0
2021-02-03 15:00:00,0.18200836820083682,0.4581673306772909,-0.07192851824274027,-0.1647920014283163,0.33788328905524073,0.9779510022271715,0.5,-0.18239790702692904,0.5868042884194857,0.21943624274100107,0.2686557800139087,0.7334429383092735,0.0
2021-02-03 15:10:00,0.2754532775453278,0.05179282868525892,-0.06448250186150428,-0.16193536868416358,0.33653531559592204,0.014142538975501114,0.5,-0.18239790702692904,0.5868042884194857,0.21943624274100107,0.2686557800139087,0.7334429383092735,0.11339529550221042
2021-02-03 15:20:00,0.23291492329149233,0.24302788844621515,-0.05167535368577825,-0.15657918228887702,0.34875868657654,0.00011135857461024499,0.5,-0.18239790702692904,0.5868042884194857,0.21943624274100107,0.2686557800139087,0.7334429383092735,0.0929357092203932
2021-02-03 15:30:00,0.20362622036262204,-0.01195219123505975,-0.04422933730454226,-0.13229780396357804,0.34988417897946633,0.00011135857461024499,0.5,-0.18239790702692904,0.5868042884194857,0.21943624274100107,0.2686557800139087,0.7334429383092735,0.06584486322555336
2021-02-03 15:40:00,0.22873082287308227,0.1633466135458166,-0.037676842889054374,-0.1037314765220495,0.35174255015639105,0.00011135857461024499,0.5,-0.18239790702692904,0.5868042884194857,0.21943624274100107,0.2686557800139087,0.7334429383092735,0.07992968903239435
2021-02-03 15:50:00,0.22454672245467225,-0.31474103585657376,-0.026656738644825095,-0.08516336368505628,0.3566109591550955,0.00011135857461024499,0.5,-0.18239790702692904,0.5868042884194857,0.21943624274100107,0.2686557800139087,0.7334429383092735,0.06863617846311693
2021-02-03 16:00:00,0.199442119944212,0.1633466135458166,-0.02427401340282964,-0.06445277628994805,0.355878080381097,0.00011135857461024499,0.5,-0.1336059726044394,0.5710229966638606,0.20914755926562956,0.315403109410431,0.7255907339821919,0.05927395627442401
2021-02-03 16:10:00,0.18898186889818688,-0.09960159362549814,-0.0195085629188384,-0.05124084984824129,0.34266008820719535,0.00011135857461024499,0.5,-0.1336059726044394,0.5710229966638606,0.20914755926562956,0.315403109410431,0.7255907339821919,0.05534348265612505
2021-02-03 16:20:00,0.17573221757322177,0.20318725099601576,-0.018912881608339704,-0.036957686127477296,0.3579981939773069,0.00011135857461024499,0.5,-0.1336059726044394,0.5710229966638606,0.20914755926562956,0.315403109410431,0.7255907339821919,0.046003892753142116
2021-02-03 16:30:00,0.20223152022315202,-0.21115537848605592,-0.01236038719285204,-0.02660239242992324,0.358508591694913,0.00011135857461024499,0.5,-0.1336059726044394,0.5710229966638606,0.20914755926562956,0.315403109410431,0.7255907339821919,0.0620049187500943
2021-02-03 16:40:00,0.25523012552301255,0.2828685258964143,-0.006403574087863073,-0.023745759685770196,0.3395977019015587,0.00011135857461024499,0.5,-0.1336059726044394,0.5710229966638606,0.20914755926562956,0.315403109410431,0.7255907339821919,0.11044555426467705
2021-02-03 16:50:00,0.23500697350069735,0.2350597609561753,-0.004616530156366427,-0.021960364220674822,0.354163667534779,0.00011135857461024499,0.5,-0.1336059726044394,0.5710229966638606,0.20914755926562956,0.315403109410431,0.7255907339821919,0.09509332045807746
2021-02-03 17:00:00,0.2377963737796374,0.003984063745019917,-0.004914370811615942,-0.01553294054633092,0.35977804242844613,0.00011135857461024499,0.5,-0.13275096615561954,0.5797239710695475,0.20698918288207166,0.3661160910113955,0.7187068579134696,0.10138509588545044
2021-02-03 17:10:00,0.2670850767085077,0.20318725099601576,-0.007297096053611507,-0.017675415104445702,0.3520042925756763,0.00011135857461024499,0.5,-0.13275096615561954,0.5797239710695475,0.20698918288207166,0.3661160910113955,0.7187068579134696,0.12111290492931183
2021-02-03 17:20:00,0.2635983263598326,-0.3227091633466136,-0.0031273268801192966,-0.02053204784859841,0.35752705762259357,0.00011135857461024499,0.5,-0.13275096615561954,0.5797239710695475,0.20698918288207166,0.3661160910113955,0.7187068579134696,0.12711046064245515
2021-02-03 17:30:00,0.299860529986053,-0.17131474103585675,-0.0028294862248698927,-0.019103731476522,0.35192576984989077,0.00011135857461024499,0.5,-0.13275096615561954,0.5797239710695475,0.20698918288207166,0.3661160910113955,0.7187068579134696,0.15504624530380073
2021-02-03 17:40:00,0.2782426778242678,-0.08366533864541836,-0.0016381236038721658,-0.02053204784859841,0.3615055423957284,0.00011135857461024499,0.5,-0.13275096615561954,0.5797239710695475,0.20698918288207166,0.3661160910113955,0.7187068579134696,0.13358329435550795
2021-02-03 17:50:00,0.30822873082287305,-0.2828685258964144,-0.004616530156366427,-0.02053204784859841,0.36161023936344244,0.00011135857461024499,0.5,-0.13275096615561954,0.5797239710695475,0.20698918288207166,0.3661160910113955,0.7187068579134696,0.18304238272703954
2021-02-03 18:00:00,0.2622036262203626,-0.07569721115537853,-0.05763216679076699,-0.06552401356900539,0.3569773985420947,0.00011135857461024499,0.5,-0.261456769559836,0.5868904935820264,0.3098244042874841,0.38752561696334,0.7111992797584927,0.12340630988125595
2021-02-03 18:10:00,0.3207810320781032,-0.12350597609561753,-0.09516008935219666,-0.12087127298696665,0.3545955425265995,0.00011135857461024499,0.5,-0.261456769559836,0.5868904935820264,0.3098244042874841,0.38752561696334,0.7111992797584927,0.18645985786924574
2021-02-03 18:20:00,0.3451882845188285,0.05976095617529875,-0.11034996276991826,-0.14158186038207465,0.35387575087356526,0.00011135857461024499,0.5,-0.261456769559836,0.5868904935820264,0.3098244042874841,0.38752561696334,0.7111992797584927,0.2147049504352943
2021-02-03 18:30:00,0.30613668061366806,0.36254980079681287,-0.12047654504839911,-0.15515086591680072,0.35387575087356526,0.00011135857461024499,0.5,-0.261456769559836,0.5868904935820264,0.3098244042874841,0.38752561696334,0.7111992797584927,0.17299364787181074
2021-02-03 18:40:00,0.32914923291492326,0.15537848605577675,-0.12851824274013413,-0.1676486341724691,0.35387575087356526,0.00011135857461024499,0.5,-0.261456769559836,0.5868904935820264,0.3098244042874841,0.38752561696334,0.7111992797584927,0.18584124205983976
2021-02-03 18:50:00,0.33333333333333337,0.11553784860557759,-0.13566641846612082,-0.17728976968398502,0.35387575087356526,0.00011135857461024499,0.5,-0.261456769559836,0.5868904935820264,0.3098244042874841,0.38752561696334,0.7111992797584927,0.20148015148543236
2021-02-03 19:00:00,0.303347280334728,0.019920318725099362,-0.1428145941921073,-0.18764506338153897,0.35387575087356526,0.00011135857461024499,0.5,-0.27485073658630466,0.5987293359041628,0.33271092961473747,0.3777062567513486,0.6861201285812959,0.17015706806282724
2021-02-03 19:10:00,0.2873082287308229,0.21912350597609564,-0.1505584512285929,-0.19692911980003558,0.35387575087356526,0.00011135857461024499,0.5,-0.27485073658630466,0.5987293359041628,0.33271092961473747,0.3777062567513486,0.6861201285812959,0.14647615311495693
2021-02-03 19:20:00,0.24895397489539747,0.49003984063745,-0.15562174236783333,-0.204784859846456,0.35387575087356526,0.00011135857461024499,0.5,-0.27485073658630466,0.5987293359041628,0.33271092961473747,0.3777062567513486,0.6861201285812959,0.11402899950208972
2021-02-03 19:30:00,0.17503486750348674,-0.06772908366533881,-0.16098287416232326,-0.2062131762185324,0.3659682506445407,0.00011135857461024499,0.5,-0.27485073658630466,0.5987293359041628,0.33271092961473747,0.3777062567513486,0.6861201285812959,0.07314754741463855
2021-02-03 19:40:00,0.24058577405857742,-0.19521912350597614,-0.16455696202531667,-0.2112122835207998,0.3612961484603003,0.00011135857461024499,0.5,-0.27485073658630466,0.5987293359041628,0.33271092961473747,0.3777062567513486,0.6861201285812959,0.101196493504534
2021-02-03 19:50:00,0.2398884239888424,0.06772908366533859,-0.16902457185405817,-0.21835386538118184,0.3624085537422623,0.00011135857461024499,0.5,-0.27485073658630466,0.5987293359041628,0.33271092961473747,0.3777062567513486,0.6861201285812959,0.11228631350242166
2021-02-03 20:00:00,0.2754532775453278,-0.6095617529880479,-0.1743857036485481,-0.2208534190323156,0.36757796652314456,0.00011135857461024499,0.5,-0.29046158341124073,0.6262718853356415,0.34070744780616,0.3915399268114579,0.6960446698255853,0.13273081159376557
2021-02-03 20:10:00,0.23221757322175732,-0.4900398406374503,-0.18093819806403577,-0.225495447241564,0.36757796652314456,0.00011135857461024499,0.5,-0.29046158341124073,0.6262718853356415,0.34070744780616,0.3915399268114579,0.6960446698255853,0.10217722588529958
2021-02-03 20:20:00,0.197350069735007,0.019920318725099362,-0.185703648548027,-0.23120871272986965,0.36757796652314456,0.00011135857461024499,0.5,-0.29046158341124073,0.6262718853356415,0.34070744780616,0.3915399268114579,0.6960446698255853,0.08705131493579975
2021-02-03 20:30:00,0.16248256624825663,0.22709163346613526,-0.1898734177215191,-0.23442242456704165,0.36757796652314456,0.00011135857461024499,0.5,-0.29046158341124073,0.6262718853356415,0.34070744780616,0.3915399268114579,0.6960446698255853,0.06739894684430496
2021-02-03 20:40:00,0.16248256624825663,0.12350597609561742,-0.19255398361876408,-0.23477950366006073,0.36757796652314456,0.00011135857461024499,0.5,-0.29046158341124073,0.6262718853356415,0.34070744780616,0.3915399268114579,0.6960446698255853,0.0656411726541636
2021-02-03 20:50:00,0.197350069735007,0.7609561752988048,-0.19612807148175737,-0.23620782003213703,0.36757796652314456,0.00011135857461024499,0.5,-0.29046158341124073,0.6262718853356415,0.34070744780616,0.3915399268114579,0.6960446698255853,0.07251384341475928
2021-02-03 21:00:00,0.17364016736401675,0.5776892430278884,-0.1973194341027551,-0.24192108552044278,0.36757796652314456,0.00011135857461024499,0.5,-0.30249264314228796,0.6415416931268639,0.3586803062865439,0.3713103351574352,0.7160031868805333,0.06061680522654918
2021-02-03 21:10:00,0.2085076708507671,0.346613545816733,-0.1973194341027551,-0.24013569005534718,0.3778906178429807,0.00011135857461024499,0.5,-0.30249264314228796,0.6415416931268639,0.3586803062865439,0.3713103351574352,0.7160031868805333,0.07141240551020717
2021-02-03 21:20:00,0.2496513249651325,0.05179282868525892,-0.16336559940431883,-0.18514550973040522,0.3840023033332897,0.00011135857461024499,0.5,-0.30249264314228796,0.6415416931268639,0.3586803062865439,0.3713103351574352,0.7160031868805333,0.08969174826863015
2021-02-03 21:30:00,0.24895397489539747,-0.2589641434262948,-0.1395383469843634,-0.1376539903588645,0.3840023033332897,0.00011135857461024499,0.5,-0.30249264314228796,0.6415416931268639,0.3586803062865439,0.3713103351574352,0.7160031868805333,0.0866062133168369
2021-02-03 21:40:00,0.2196652719665272,-0.15537848605577698,-0.12583767684288916,-0.11158721656846982,0.3840023033332897,0.00011135857461024499,0.5,-0.30249264314228796,0.6415416931268639,0.3586803062865439,0.3713103351574352,0.7160031868805333,0.06457745522579476
2021-02-03 21:50:00,0.2398884239888424,-0.29083665338645437,-0.11988086373790041,-0.09337618282449556,0.3840023033332897,0.00011135857461024499,0.5,-0.30249264314228796,0.6415416931268639,0.3586803062865439,0.3713103351574352,0.7160031868805333,0.06573170179700348
2021-02-03 22:00:00,0.2873082287308229,0.05179282868525892,-0.11422189128816096,-0.08837707552222807,0.3840023033332897,0.00011135857461024499,0.5,-0.3838314895189584,0.6557770389676068,0.40443395438014085,0.34346746769571435,0.7383597989673641,0.10798617921752643
2021-02-03 22:10:00,0.303347280334728,0.3306772908366533,-0.13000744601638126,-0.10016068559185842,0.38944654565442155,0.00011135857461024499,0.5,-0.3838314895189584,0.6557770389676068,0.40443395438014085,0.34346746769571435,0.7383597989673641,0.14240234168716145
2021-02-03 22:20:00,0.29497907949790797,-0.21912350597609564,-0.18689501116902474,-0.16836279235850737,0.3978484773134758,0.00011135857461024499,0.5,-0.3838314895189584,0.6557770389676068,0.40443395438014085,0.34346746769571435,0.7383597989673641,0.143119030734644
2021-02-03 22:30:00,0.2880055788005579,-0.38645418326693237,-0.20357408786299336,-0.20371362256739867,0.3978484773134758,0.00011135857461024499,0.5,-0.3838314895189584,0.6557770389676068,0.40443395438014085,0.34346746769571435,0.7383597989673641,0.13248940054619252
2021-02-03 22:40:00,0.2391910739191074,-0.0916334661354582,-0.21370067014147442,-0.22335297268344934,0.3978484773134758,0.00011135857461024499,0.5,-0.3838314895189584,0.6557770389676068,0.40443395438014085,0.34346746769571435,0.7383597989673641,0.10513451121806963
2021-02-03 22:50:00,0.201534170153417,0.043824701195219085,-0.2202531645569621,-0.23549366184609888,0.3978484773134758,0.00011135857461024499,0.5,-0.3838314895189584,0.6557770389676068,0.40443395438014085,0.34346746769571435,0.7383597989673641,0.08009565912760083
2021-02-03 23:00:00,0.22733612273361226,-0.07569721115537853,-0.22472077438570381,-0.24370648098553827,0.3978484773134758,0.00011135857461024499,0.5,-0.4243889797389987,0.6500127870991105,0.4390056403117751,0.32078214772903363,0.7756663563877764,0.09369766283929569
2021-02-03 23:10:00,0.25174337517433754,-0.6095617529880479,-0.22740134028294878,-0.2494197464738439,0.3978484773134758,0.00011135857461024499,0.5,-0.4243889797389987,0.6500127870991105,0.4390056403117751,0.32078214772903363,0.7756663563877764,0.09814113493368741
2021-02-03 23:20:00,0.24058577405857742,-0.2270916334661356,-0.23008190618019375,-0.2540617746830922,0.3869599926712123,0.00011135857461024499,0.5,-0.4243889797389987,0.6500127870991105,0.4390056403117751,0.32078214772903363,0.7756663563877764,0.0911100381731219
2021-02-03 23:30:00,0.2099023709902371,-0.3067729083665339,-0.23067758749069256,-0.25656132833422596,0.38404156469618256,0.00011135857461024499,0.5,-0.4243889797389987,0.6500127870991105,0.4390056403117751,0.32078214772903363,0.7756663563877764,0.07840578179458939
2021-02-03 23:40:00,0.2391910739191074,-0.043824701195219196,-0.23335815338793753,-0.2626316729155508,0.38404156469618256,0.00011135857461024499,0.5,-0.4243889797389987,0.6500127870991105,0.4390056403117751,0.32078214772903363,0.7756663563877764,0.09241516664906378
2021-02-03 23:50:00,0.17573221757322177,-0.29083665338645437,-0.23752792256142974,-0.26655954293876094,0.38404156469618256,0.00011135857461024499,0.5,-0.4243889797389987,0.6500127870991105,0.4390056403117751,0.32078214772903363,0.7756663563877764,0.058436561703154935
2021-02-04 00:00:00,0.14574616457461645,-0.4342629482071714,-0.24110201042442314,-0.26691662203178,0.38404156469618256,0.00011135857461024499,0.5,-0.43981254896650446,0.6385877295571659,0.48101155061081924,0.3138289234355463,0.8068572393244203,0.04219412465862969
2021-02-04 00:10:00,0.13737796373779637,-0.3466135458167332,-0.23037974683544316,-0.2447777182645956,0.3728259020298125,0.00011135857461024499,0.5,-0.43981254896650446,0.6385877295571659,0.48101155061081924,0.3138289234355463,0.8068572393244203,0.02761893266140592
2021-02-04 00:20:00,0.12412831241283125,0.03585657370517925,-0.2011913626209978,-0.17300482056775568,0.3676695763698944,0.00011135857461024499,0.5,-0.43981254896650446,0.6385877295571659,0.48101155061081924,0.3138289234355463,0.8068572393244203,0.018837605805935694
2021-02-04 00:30:00,0.100418410041841,0.019920318725099362,-0.19136262099776635,-0.12265666845206213,0.3676695763698944,0.00011135857461024499,0.5,-0.43981254896650446,0.6385877295571659,0.48101155061081924,0.3138289234355463,0.8068572393244203,0.0019840970472411244
2021-02-04 00:40:00,0.11506276150627615,-0.6653386454183268,-0.1862993298585257,-0.08052133547580786,0.3676695763698944,0.00011135857461024499,0.5,-0.43981254896650446,0.6385877295571659,0.48101155061081924,0.3138289234355463,0.8068572393244203,0.0029572853327700407
2021-02-04 00:50:00,0.1087866108786611,-0.50597609561753,-0.182427401340283,-0.0480271380110695,0.3676695763698944,0.00011135857461024499,0.5,-0.43981254896650446,0.6385877295571659,0.48101155061081924,0.3138289234355463,0.8068572393244203,0.0
2021-02-04 01:00:00,0.11297071129707113,-0.298804780876494,-0.18302308265078193,-0.019103731476522,0.3676695763698944,0.00011135857461024499,0.5,-0.49171502586698856,0.6408491783211263,0.536136762437961,0.3040553368485885,0.8370912414911725,0.0
2021-02-04 01:10:00,0.1087866108786611,-0.601593625498008,-0.18868205510052138,-0.03231565791822877,0.3676695763698944,0.39944320712694875,0.5,-0.49171502586698856,0.6408491783211263,0.536136762437961,0.3040553368485885,0.8370912414911725,0.0
2021-02-04 01:20:00,0.14644351464435149,-0.3280212483399735,-0.2050632911392406,-0.06373861810391002,0.3676695763698944,0.9993318485523385,0.5,-0.49171502586698856,0.6408491783211263,0.536136762437961,0.3040553368485885,0.8370912414911725,0.0
2021-02-04 01:30:00,0.18758716875871687,-0.054448871181938974,-0.21965748324646328,-0.09016247098732377,0.3664917354831111,0.9993318485523385,0.5,-0.49171502586698856,0.6408491783211263,0.536136762437961,0.3040553368485885,0.8370912414911725,0.0
2021-02-04 01:40:00,0.22594142259414227,0.21912350597609564,-0.2205510052122116,-0.11444384931262286,0.3250448233893026,0.11870824053452117,0.5,-0.49171502586698856,0.6408491783211263,0.536136762437961,0.3040553368485885,0.8370912414911725,0.045053336753323174
2021-02-04 01:50:00,0.20292887029288703,0.4661354581673305,-0.19940431868950126,-0.11123013747545074,0.33135281569407543,0.00011135857461024499,0.5,-0.49171502586698856,0.6408491783211263,0.536136762437961,0.3040553368485885,0.8370912414911725,0.05776513722709235
2021-02-04 02:00:00,0.23500697350069735,0.2350597609561753,-0.19166046165301565,-0.10658810926620232,0.34508120558558325,0.00011135857461024499,0.5,-0.49775193506286897,0.6261052220213973,0.5662419281225156,0.2986048037982526,0.8579563950756609,0.0816195663654058
2021-02-04 02:10:00,0.1806136680613668,-0.4183266932270917,-0.19612807148175737,-0.10658810926620232,0.35922838334794727,0.00011135857461024499,0.5,-0.49775193506286897,0.6261052220213973,0.5662419281225156,0.2986048037982526,0.8579563950756609,0.05043982075229718
2021-02-04 02:20:00,0.2301255230125523,0.003984063745019917,-0.20268056589724515,-0.10266023924299217,0.3489942547538967,0.00011135857461024499,0.5,-0.49775193506286897,0.6261052220213973,0.5662419281225156,0.2986048037982526,0.8579563950756609,0.0761953618902485
2021-02-04 02:30:00,0.20292887029288703,0.4820717131474104,-0.19553239017125845,-0.10444563470808788,0.36531389459632774,0.00011135857461024499,0.5,-0.49775193506286897,0.6261052220213973,0.5662419281225156,0.2986048037982526,0.8579563950756609,0.06079031941699232
2021-02-04 02:40:00,0.21269177126917713,0.5537848605577689,-0.1895755770662696,-0.10444563470808788,0.3838845192446114,0.00011135857461024499,0.5,-0.49775193506286897,0.6261052220213973,0.5662419281225156,0.2986048037982526,0.8579563950756609,0.05490592513239887
2021-02-04 02:50:00,0.1415620641562064,0.47410358565737054,-0.19285182427401348,-0.09837529012676305,0.40174843936082505,0.00011135857461024499,0.5,-0.49775193506286897,0.6261052220213973,0.5662419281225156,0.2986048037982526,0.8579563950756609,0.022232448662431913
2021-02-04 03:00:00,0.11924686192468618,-0.21115537848605592,-0.19910647803425174,-0.08230673094090324,0.40174843936082505,0.00011135857461024499,0.5,-0.5278702751596529,0.6241196297775621,0.5849629899320999,0.2837400563898911,0.8457306421702222,0.009965749807625572
2021-02-04 03:10:00,0.10460251046025104,-0.08366533864541836,-0.2014892032762473,-0.062310301731833606,0.40174843936082505,0.0020044543429844097,0.5,-0.5278702751596529,0.6241196297775621,0.5849629899320999,0.2837400563898911,0.8457306421702222,0.003311857808892979
2021-02-04 03:20:00,0.07531380753138076,-0.10756972111553798,-0.23365599404318704,-0.08337796821996057,0.40174843936082505,0.27138084632516707,0.5,-0.5278702751596529,0.6241196297775621,0.5849629899320999,0.2837400563898911,0.8457306421702222,0.0
2021-02-04 03:30:00,0.10739191073919108,-0.05919180421172465,-0.23335815338793753,-0.10980182110337433,0.40174843936082505,0.9972160356347439,0.5,-0.5278702751596529,0.6241196297775621,0.5849629899320999,0.2837400563898911,0.8457306421702222,0.0
2021-02-04 03:40:00,0.10251046025104603,-0.010813887307911219,-0.23901712583767698,-0.11908587752187105,0.40174843936082505,0.9972160356347439,0.5,-0.5278702751596529,0.6241196297775621,0.5849629899320999,0.2837400563898911,0.8457306421702222,0.0
2021-02-04 03:50:00,0.12831241283124128,0.03756402959590188,-0.25003723008190626,-0.14051062310301732,0.40174843936082505,0.9972160356347439,0.5,-0.5278702751596529,0.6241196297775621,0.5849629899320999,0.2837400563898911,0.8457306421702222,0.0
2021-02-04 04:00:00,0.11087866108786612,0.08594194649971532,-0.25658972449739403,-0.16372076414925896,0.40174843936082505,0.9972160356347439,0.5,-0.5644153553621596,0.6283063271715821,0.6177512888436417,0.306411670487413,0.8213580002934167,0.0
2021-02-04 04:10:00,0.1087866108786611,0.13431986340352875,-0.2601638123603872,-0.17943224424209958,0.40174843936082505,0.9972160356347439,0.5,-0.5644153553621596,0.6283063271715821,0.6177512888436417,0.306411670487413,0.8213580002934167,0.0
2021-02-04 04:20:00,0.12273361227336123,0.18269778030734196,-0.26850335070737164,-0.19550080342795917,0.40174843936082505,0.9972160356347439,0.5,-0.5644153553621596,0.6283063271715821,0.6177512888436417,0.306411670487413,0.8213580002934167,0.0
2021-02-04 04:30:00,0.16945606694560672,0.23107569721115517,-0.2750558451228593,-0.21156936261381898,0.40174843936082505,0.9972160356347439,0.5,-0.5644153553621596,0.6283063271715821,0.6177512888436417,0.306411670487413,0.8213580002934167,0.0
2021-02-04 04:40:00,0.12343096234309624,0.2794536141149686,-0.28518242740134037,-0.22156757721835385,0.40174843936082505,0.9905345211581292,0.5,-0.5644153553621596,0.6283063271715821,0.6177512888436417,0.306411670487413,0.8213580002934167,0.0
2021-02-04 04:50:00,0.11854951185495119,0.3278315310187816,-0.29590469099032024,-0.23120871272986965,0.40174843936082505,0.9995545657015591,0.5,-0.5644153553621596,0.6283063271715821,0.6177512888436417,0.306411670487413,0.8213580002934167,0.0
2021-02-04 05:00:00,0.12691771269177127,0.37620944792259525,-0.30364854802680574,-0.2397786109623281,0.40174843936082505,0.9995545657015591,0.5,-0.5735699445971831,0.629809170505192,0.6239824276205219,0.3340988099832633,0.8352189473300579,0.0
2021-02-04 05:10:00,0.12412831241283125,0.42458736482640846,-0.30752047654504844,-0.25013390465988217,0.40174843936082505,0.9995545657015591,0.5,-0.5735699445971831,0.629809170505192,0.6239824276205219,0.3340988099832633,0.8352189473300579,0.0
2021-02-04 05:20:00,0.12691771269177127,0.4729652817302217,-0.30752047654504844,-0.2594179610783788,0.40174843936082505,0.9995545657015591,0.5,-0.5735699445971831,0.629809170505192,0.6239824276205219,0.3340988099832633,0.8352189473300579,0.0
2021-02-04 05:30:00,0.15202231520223153,0.5213431986340351,-0.309903201787044,-0.26620246384574175,0.40174843936082505,0.9995545657015591,0.5,-0.5735699445971831,0.629809170505192,0.6239824276205219,0.3340988099832633,0.8352189473300579,0.0
2021-02-04 05:40:00,0.1324965132496513,0.5697211155378485,-0.3087118391660463,-0.2740582038921622,0.40174843936082505,0.9995545657015591,0.5,-0.5735699445971831,0.629809170505192,0.6239824276205219,0.3340988099832633,0.8352189473300579,0.0
2021-02-04 05:50:00,0.12482566248256625,-0.01195219123505975,-0.3009679821295608,-0.27727191572933396,0.40174843936082505,0.9995545657015591,0.5,-0.5735699445971831,0.629809170505192,0.6239824276205219,0.3340988099832633,0.8352189473300579,0.0
2021-02-04 06:00:00,0.12761506276150628,-0.6892430278884463,-0.29977661950856305,-0.28584181396179253,0.40174843936082505,0.9995545657015591,0.5,-0.5750641630058873,0.6415330726106103,0.6986191336896049,0.34561289730041234,0.8732519844260995,0.0
2021-02-04 06:10:00,0.14435146443514643,-0.601593625498008,-0.29560685033507084,-0.29369755400821274,0.40174843936082505,0.9995545657015591,0.5,-0.5750641630058873,0.6415330726106103,0.6986191336896049,0.34561289730041234,0.8732519844260995,0.0
2021-02-04 06:20:00,0.15760111576011157,-0.5139442231075697,-0.29262844378257635,-0.3040528477057667,0.40174843936082505,0.9995545657015591,0.5,-0.5750641630058873,0.6415330726106103,0.6986191336896049,0.34561289730041234,0.8732519844260995,0.0
2021-02-04 06:30:00,0.16736401673640167,-0.42629482071713154,-0.29292628443782587,-0.31262274593822525,0.40174843936082505,0.9995545657015591,0.5,-0.5750641630058873,0.6415330726106103,0.6986191336896049,0.34561289730041234,0.8732519844260995,0.0
2021-02-04 06:40:00,0.1317991631799163,-0.33864541832669326,-0.3021593447505585,-0.31940724870558823,0.40174843936082505,0.9995545657015591,0.5,-0.5750641630058873,0.6415330726106103,0.6986191336896049,0.34561289730041234,0.8732519844260995,0.0
2021-02-04 06:50:00,0.1199442119944212,-0.41567065073041176,-0.30752047654504844,-0.32833422603106577,0.40174843936082505,0.9995545657015591,0.5,-0.5750641630058873,0.6415330726106103,0.6986191336896049,0.34561289730041234,0.8732519844260995,0.0
2021-02-04 07:00:00,0.1206415620641562,-0.49269588313413015,-0.3090096798212957,-0.33690412426352434,0.40174843936082505,0.9995545657015591,0.5,-0.5855155203598932,0.6548948728042846,0.742663707839535,0.3335190679913067,0.881031770057719,0.0
2021-02-04 07:10:00,0.13319386331938632,-0.5697211155378487,-0.3176470588235296,-0.34154615247277276,0.40174843936082505,0.9995545657015591,0.5,-0.5855155203598932,0.6548948728042846,0.742663707839535,0.3335190679913067,0.881031770057719,0.0
2021-02-04 07:20:00,0.14504881450488147,-0.2749003984063746,-0.3298585256887566,-0.3483306552401356,0.40174843936082505,0.9995545657015591,0.5,-0.5855155203598932,0.6548948728042846,0.742663707839535,0.3335190679913067,0.881031770057719,0.0
2021-02-04 07:30:00,0.17573221757322177,-0.6095617529880479,-0.330156366344006,-0.35618639528655593,0.40118569315936187,0.9995545657015591,0.5,-0.5855155203598932,0.6548948728042846,0.742663707839535,0.3335190679913067,0.881031770057719,0.0
2021-02-04 07:40:00,0.1596931659693166,0.22709163346613526,-0.3244973938942667,-0.359757186216747,0.38754891311460393,0.27605790645879735,0.5,-0.5855155203598932,0.6548948728042846,0.742663707839535,0.3335190679913067,0.881031770057719,0.0
2021-02-04 07:50:00,0.19177126917712692,-0.4422310756972112,-0.31228592702903957,-0.3583288698446706,0.3975212992893693,0.43919821826280625,0.5,-0.5855155203598932,0.6548948728042846,0.742663707839535,0.3335190679913067,0.881031770057719,0.008479563046003892
2021-02-04 08:00:00,0.24546722454672246,-0.1394422310756973,-0.2982874162323158,-0.32226388144974105,0.3975212992893693,0.00011135857461024499,0.5,-0.5830054669048967,0.6725238285436782,0.7706462587233851,0.31532638004924995,0.8592244909788473,0.08442596979344268
2021-02-04 08:10:00,0.2684797768479777,-0.2589641434262948,-0.28458674609084145,-0.2783431530083913,0.3975212992893693,0.00011135857461024499,0.5,-0.5830054669048967,0.6725238285436782,0.7706462587233851,0.31532638004924995,0.8592244909788473,0.10736756340812047
2021-02-04 08:20:00,0.2880055788005579,-0.553784860557769,-0.2786299329858527,-0.2529905374040349,0.3975212992893693,0.00011135857461024499,0.5,-0.5830054669048967,0.6725238285436782,0.7706462587233851,0.31532638004924995,0.8592244909788473,0.13042986254658478
2021-02-04 08:30:00,0.299163179916318,-0.3466135458167332,-0.2705882352941178,-0.23335118728798432,0.3856381934538221,0.00011135857461024499,0.5,-0.5830054669048967,0.6725238285436782,0.7706462587233851,0.31532638004924995,0.8592244909788473,0.1421232101634051
2021-02-04 08:40:00,0.30474198047419804,-0.043824701195219196,-0.2598659717051379,-0.2176397071951437,0.3837798222768973,0.00011135857461024499,0.5,-0.5830054669048967,0.6725238285436782,0.7706462587233851,0.31532638004924995,0.8592244909788473,0.13912820435445178
2021-02-04 08:50:00,0.3068340306834031,-0.05179282868525903,-0.24616530156366356,-0.20407070166041774,0.3837798222768973,0.00011135857461024499,0.5,-0.5830054669048967,0.6725238285436782,0.7706462587233851,0.31532638004924995,0.8592244909788473,0.14216847473482505
2021-02-04 09:00:00,0.24616457461645744,-0.50597609561753,-0.24259121370067016,-0.19157293340474912,0.3837798222768973,0.00011135857461024499,0.5,-0.5757155821965211,0.6895637156723863,0.7747329706703027,0.3141773653242324,0.8367496680197084,0.08410157369826637
2021-02-04 09:10:00,0.22384937238493724,-0.33067729083665354,-0.23365599404318704,-0.1744331369398322,0.3837798222768973,0.00011135857461024499,0.5,-0.5757155821965211,0.6895637156723863,0.7747329706703027,0.3141773653242324,0.8367496680197084,0.07684415408060112
2021-02-04 09:20:00,0.17364016736401675,-0.42629482071713154,-0.22680565897244986,-0.15622210319585772,0.3837798222768973,0.00011135857461024499,0.5,-0.5757155821965211,0.6895637156723863,0.7747329706703027,0.3141773653242324,0.8367496680197084,0.049361015133455054
2021-02-04 09:30:00,0.2099023709902371,-0.05179282868525903,-0.22233804914370825,-0.1347973576147118,0.3837798222768973,0.00011135857461024499,0.5,-0.5757155821965211,0.6895637156723863,0.7747329706703027,0.3141773653242324,0.8367496680197084,0.04971558760957799
2021-02-04 09:40:00,0.22594142259414227,0.17131474103585642,-0.21489203276247215,-0.12265666845206213,0.38673751161481984,0.00011135857461024499,0.5,-0.5757155821965211,0.6895637156723863,0.7747329706703027,0.3141773653242324,0.8367496680197084,0.060081174464746444
2021-02-04 09:50:00,0.2294281729428173,-0.21115537848605592,-0.21161578555472838,-0.1180146402428136,0.38756200023556814,0.00011135857461024499,0.5,-0.5757155821965211,0.6895637156723863,0.7747329706703027,0.3141773653242324,0.8367496680197084,0.07608220046169863
2021-02-04 10:00:00,0.1806136680613668,0.043824701195219085,-0.2092330603127328,-0.10837350473129803,0.3725772467314915,0.00011135857461024499,0.5,-0.40658973665401144,0.7001612036539512,0.6507556790217863,0.3054826006073128,0.8069010808405617,0.052861475323264476
2021-02-04 10:10:00,0.21478382147838215,0.41035856573705165,-0.1934475055845124,-0.09623281556864838,0.37003834526442525,0.00011135857461024499,0.5,-0.40658973665401144,0.7001612036539512,0.6507556790217863,0.3054826006073128,0.8069010808405617,0.061921933702491064
2021-02-04 10:20:00,0.16945606694560672,0.09163346613545809,-0.1967237527922563,-0.08409212640599895,0.37003834526442525,0.00011135857461024499,0.5,-0.40658973665401144,0.7001612036539512,0.6507556790217863,0.3054826006073128,0.8069010808405617,0.03114202513692533
2021-02-04 10:30:00,0.16248256624825663,0.298804780876494,-0.19285182427401348,-0.06838064631315821,0.37003834526442525,0.00011135857461024499,0.5,-0.40658973665401144,0.7001612036539512,0.6507556790217863,0.3054826006073128,0.8069010808405617,0.03434826561250509
2021-02-04 10:40:00,0.1617852161785216,-0.5378486055776892,-0.1964259121370069,-0.05016961256918395,0.3584693303320202,0.00011135857461024499,0.5,-0.40658973665401144,0.7001612036539512,0.6507556790217863,0.3054826006073128,0.8069010808405617,0.03800715180228435
2021-02-04 10:50:00,0.1499302649930265,0.17131474103585642,-0.18778853313477306,-0.03874308159257267,0.35357474709138736,0.00011135857461024499,0.5,-0.40658973665401144,0.7001612036539512,0.6507556790217863,0.3054826006073128,0.8069010808405617,0.034295456945848485
2021-02-04 11:00:00,0.16457461645746163,0.2669322709163344,-0.17527922561429654,-0.024459917871808567,0.36331156508879614,0.00011135857461024499,0.5,-0.3760489796789632,0.6919918277505908,0.5560212170173902,0.38827516346356833,0.772889587818338,0.0426618585633025
2021-02-04 11:10:00,0.17852161785216178,-0.17131474103585675,-0.16664184661206272,-0.01696125691840733,0.36362565599193836,0.00011135857461024499,0.5,-0.3760489796789632,0.6919918277505908,0.5560212170173902,0.38827516346356833,0.772889587818338,0.05970396970291353
2021-02-04 11:20:00,0.11366806136680613,0.11553784860557759,-0.2089352196574834,-0.05766827352258519,0.3772755231576605,0.00011135857461024499,0.5,-0.3760489796789632,0.6919918277505908,0.5560212170173902,0.38827516346356833,0.772889587818338,0.02077643828175687
2021-02-04 11:30:00,0.14783821478382148,-0.17131474103585675,-0.25361131794489955,-0.13801106945188357,0.34772480402036354,0.00011135857461024499,0.5,-0.3760489796789632,0.6919918277505908,0.5560212170173902,0.38827516346356833,0.772889587818338,0.03926701570680628
2021-02-04 11:40:00,0.19525801952580193,0.4581673306772909,-0.2699925539836189,-0.17621853240492769,0.34907277747968224,0.00011135857461024499,0.5,-0.3760489796789632,0.6919918277505908,0.5560212170173902,0.38827516346356833,0.772889587818338,0.08450141074580926
2021-02-04 11:50:00,0.3207810320781032,0.13147410358565725,-0.27624720774385714,-0.20192822710230307,0.36790514454725104,0.01024498886414254,0.5,-0.3760489796789632,0.6919918277505908,0.5560212170173902,0.38827516346356833,0.772889587818338,0.19169545996348658
2021-02-04 12:00:00,0.3361227336122734,-0.2270916334661356,-0.2702903946388683,-0.21549723263702913,0.36505215217704257,0.00011135857461024499,0.5,-0.34722330527115575,0.6879373116058004,0.4579147674666482,0.5475701179459854,0.7471719367649785,0.22483667033812632
2021-02-04 12:10:00,0.3647140864714087,0.10756972111553775,-0.26850335070737164,-0.21692554900910554,0.3546609781314209,0.00011135857461024499,0.5,-0.34722330527115575,0.6879373116058004,0.4579147674666482,0.5475701179459854,0.7471719367649785,0.2772228676614814
2021-02-04 12:20:00,0.4476987447698745,-0.019920318725099695,-0.26165301563663446,-0.21621139082306728,0.36711991728939547,0.00011135857461024499,0.5,-0.34722330527115575,0.6879373116058004,0.4579147674666482,0.5475701179459854,0.7471719367649785,0.4257434705855727
2021-02-04 12:30:00,0.45258019525801957,0.027888446215139417,-0.25390915860014907,-0.20692733440457056,0.3665571710879324,0.00011135857461024499,0.5,-0.34722330527115575,0.6879373116058004,0.4579147674666482,0.5475701179459854,0.7471719367649785,0.45160462905683724
2021-02-04 12:40:00,0.4260808926080893,-0.09960159362549814,-0.24884586746090853,-0.2029994643813604,0.3634031749355459,0.00011135857461024499,0.5,-0.34722330527115575,0.6879373116058004,0.4579147674666482,0.5475701179459854,0.7471719367649785,0.41921782820586334
2021-02-04 12:50:00,0.49721059972105996,0.3306772908366533,-0.24199553239017135,-0.19550080342795917,0.3626964704034759,0.00623608017817372,0.5,-0.34722330527115575,0.6879373116058004,0.4579147674666482,0.5475701179459854,0.7471719367649785,0.5470374338005644
2021-02-04 13:00:00,0.6185495118549511,0.1633466135458166,-0.23365599404318704,-0.19264417068380646,0.3660991218541833,0.0021158129175946547,0.5,-0.21850326009773136,0.673066921067679,0.28625003915386066,0.6727303611865912,0.7283672480209743,0.8690345066916125
2021-02-04 13:10:00,0.6143654114365412,0.11553784860557759,-0.2279970215934476,-0.18800214247455804,0.3727735535459555,0.003006681514476615,0.5,-0.21850326009773136,0.673066921067679,0.28625003915386066,0.6727303611865912,0.7283672480209743,0.8611509271693046
2021-02-04 13:20:00,0.7224546722454672,0.06772908366533859,-0.2205510052122116,-0.17836100696304236,0.3777597466333381,0.0178173719376392,0.5,-0.21850326009773136,0.673066921067679,0.28625003915386066,0.6727303611865912,0.7283672480209743,0.8727265869004331
2021-02-04 13:30:00,0.694560669456067,-0.05179282868525903,-0.21518987341772167,-0.17050526691662193,0.3777204852704453,0.01247216035634744,0.5,-0.21850326009773136,0.673066921067679,0.28625003915386066,0.6727303611865912,0.7283672480209743,0.8843022466315615
2021-02-04 13:40:00,0.7092050209205021,-0.02788844621513953,-0.21399851079672383,-0.16336368505623988,0.37138631872374395,0.017928730512249445,0.5,-0.21850326009773136,0.673066921067679,0.28625003915386066,0.6727303611865912,0.7283672480209743,0.8958779063626899
2021-02-04 13:50:00,0.7147838214783822,-0.15537848605577698,-0.2047654504839912,-0.15515086591680072,0.36988129981285417,0.02160356347438753,0.5,-0.21850326009773136,0.673066921067679,0.28625003915386066,0.6727303611865912,0.7283672480209743,0.9074535660938183
2021-02-04 14:00:00,0.7092050209205021,-0.11553784860557781,-0.20000000000000007,-0.1490805213354759,0.3727735535459555,0.016258351893095768,0.5,-0.20738013816850853,0.6544983290566,0.2506781702294461,0.8018520074505676,0.7245501559744827,0.9190292258249468
2021-02-04 14:10:00,0.7064156206415622,0.11553784860557759,-0.19702159344750558,-0.1440814140332084,0.3634686105403672,0.014253897550111359,0.5,-0.20738013816850853,0.6544983290566,0.2506781702294461,0.8018520074505676,0.7245501559744827,0.9306049609970277
2021-02-04 14:20:00,0.7071129707112971,0.01195219123505975,-0.19076693968726743,-0.14586680949830377,0.3756527201580924,0.00868596881959911,0.5,-0.20738013816850853,0.6544983290566,0.2506781702294461,0.8018520074505676,0.7245501559744827,0.9421806207281562
2021-02-04 14:30:00,0.6910739191073919,0.027888446215139417,-0.18451228592702917,-0.1358685948937688,0.3735849550457395,0.015367483296213808,0.5,-0.20738013816850853,0.6544983290566,0.2506781702294461,0.8018520074505676,0.7245501559744827,0.9537562804592845
2021-02-04 14:40:00,0.7029288702928871,0.07569721115537842,-0.17974683544303804,-0.1347973576147118,0.3770006936174112,0.015256124721603564,0.5,-0.20738013816850853,0.6544983290566,0.2506781702294461,0.8018520074505676,0.7245501559744827,0.9653318647494606
2021-02-04 14:50:00,0.6687587168758717,0.1394422310756971,-0.17349218168279978,-0.12694161756829125,0.3774063943673031,0.009354120267260579,0.5,-0.20738013816850853,0.6544983290566,0.2506781702294461,0.8018520074505676,0.7245501559744827,0.9769075244805892
2021-02-04 15:00:00,0.703626220362622,-0.21912350597609564,-0.16693968726731212,-0.12051419389394735,0.37774665951237385,0.013363028953229399,0.5,-0.19859403386606012,0.6292689514866078,0.2640751946882129,0.8966230298294282,0.7281019095375812,0.9689541620773421
2021-02-04 15:10:00,0.7601115760111576,0.043824701195219085,-0.15919583023082662,-0.11908587752187105,0.379317114028085,0.03997772828507795,0.5,-0.19859403386606012,0.6292689514866078,0.2640751946882129,0.8966230298294282,0.7281019095375812,0.9610006487921905
2021-02-04 15:20:00,0.7245467224546723,-0.08366533864541836,-0.1508562918838423,-0.11587216568469916,0.37620237923859134,0.01737193763919822,0.5,-0.19859403386606012,0.6292689514866078,0.2640751946882129,0.8966230298294282,0.7281019095375812,0.953047210947991
2021-02-04 15:30:00,0.7852161785216178,0.03585657370517925,-0.1434102755026062,-0.10801642563827896,0.3827459397207209,0.03864142538975501,0.5,-0.19859403386606012,0.6292689514866078,0.2640751946882129,0.8966230298294282,0.7281019095375812,0.9450937731037917
2021-02-04 15:40:00,0.808228730822873,0.13147410358565725,-0.13566641846612082,-0.10266023924299217,0.38232715184986454,0.05077951002227171,0.5,-0.19859403386606012,0.6292689514866078,0.2640751946882129,0.8966230298294282,0.7281019095375812,0.9371403352595924
2021-02-04 15:50:00,0.7377963737796374,-0.09960159362549814,-0.1311988086373791,-0.10051776468487772,0.37878054206855033,0.02817371937639198,0.5,-0.19859403386606012,0.6292689514866078,0.2640751946882129,0.8966230298294282,0.7281019095375812,0.9291868974153931
2021-02-04 16:00:00,0.8828451882845189,-0.2270916334661356,-0.12494415487714083,-0.09908944831280142,0.38415934878486085,0.07594654788418709,0.5,-0.13483553424811967,0.6237374535569684,0.26157480061332383,0.9403848032377116,0.7330895777898857,0.9212336104530985
2021-02-04 16:10:00,0.8319386331938633,0.09163346613545809,-0.11749813849590485,-0.09266202463845752,0.3795919435683344,0.060801781737193764,0.5,-0.13483553424811967,0.6237374535569684,0.26157480061332383,0.9403848032377116,0.7330895777898857,0.913280172608899
2021-02-04 16:20:00,0.8451882845188284,-0.11553784860557781,-0.11273268801191372,-0.0894483128012854,0.38278520108361364,0.05835189309576838,0.5,-0.13483553424811967,0.6237374535569684,0.26157480061332383,0.9403848032377116,0.7330895777898857,0.9053267347646997
2021-02-04 16:30:00,0.802649930264993,0.019920318725099362,-0.11154132539091599,-0.08302088912694161,0.376032246666056,0.05189309576837417,0.5,-0.13483553424811967,0.6237374535569684,0.26157480061332383,0.9403848032377116,0.7330895777898857,0.8973732969205004
2021-02-04 16:40:00,0.9755927475592748,0.36254980079681287,-0.10469099032017881,-0.08444920549901802,0.37741948148826737,0.10623608017817371,0.5,-0.13483553424811967,0.6237374535569684,0.26157480061332383,0.9403848032377116,0.7330895777898857,0.8894197836353486
2021-02-04 16:50:00,0.9156206415620642,-0.19521912350597614,-0.09813849590469104,-0.0862346009641134,0.38512779573621597,0.09075723830734968,0.5,-0.13483553424811967,0.6237374535569684,0.26157480061332383,0.9403848032377116,0.7330895777898857,0.8814664212321017
2021-02-04 17:00:00,0.9058577405857741,-0.2270916334661356,-0.09605361131794499,-0.07945009819675053,0.37739330724633885,0.08485523385300668,0.5,-0.12732785386543977,0.6182548052194344,0.27693287867933747,0.9393376965319273,0.7361702687447289,0.8735129079469499
2021-02-04 17:10:00,0.9609483960948396,-0.23505976095617542,-0.09367088607594942,-0.07766470273165504,0.3773409587624819,0.10746102449888642,0.5,-0.12732785386543977,0.6182548052194344,0.27693287867933747,0.9393376965319273,0.7361702687447289,0.8655594701027506
2021-02-04 17:20:00,0.9344490934449093,-0.17928286852589637,-0.09039463886820565,-0.07766470273165504,0.3745795762390232,0.09821826280623609,0.5,-0.12732785386543977,0.6182548052194344,0.27693287867933747,0.9393376965319273,0.7361702687447289,0.8576060322585511
2021-02-04 17:30:00,0.9532775453277545,0.2749003984063745,-0.08711839166046176,-0.07445099089448304,0.36980277708706866,0.10077951002227173,0.5,-0.12732785386543977,0.6182548052194344,0.27693287867933747,0.9393376965319273,0.7361702687447289,0.8496525944143518
2021-02-04 17:40:00,0.943165969316597,-0.50597609561753,-0.09099032017870456,-0.07873594001071249,0.37429165957780947,0.1111358574610245,0.5,-0.12732785386543977,0.6182548052194344,0.27693287867933747,0.9393376965319273,0.7361702687447289,0.8416991565701525
2021-02-04 17:50:00,0.9330543933054394,0.21912350597609564,-0.08443782576321679,-0.08052133547580786,0.371543364175315,0.10077951002227173,0.5,-0.12732785386543977,0.6182548052194344,0.27693287867933747,0.9393376965319273,0.7361702687447289,0.8337457187259532
2021-02-04 18:00:00,0.8786610878661087,-0.003984063745020028,-0.08682055100521235,-0.07909301910373145,0.3707843111593881,0.07984409799554566,0.5,-0.23664350516956212,0.6198409802101685,0.339679112077942,0.8599281869919475,0.7281244663444202,0.8257922808817538
2021-02-04 18:10:00,0.8884239888423989,0.36254980079681287,-0.08116157855547301,-0.07552222817354037,0.36356022038711705,0.11536748329621381,0.5,-0.23664350516956212,0.6198409802101685,0.339679112077942,0.8599281869919475,0.7281244663444202,0.8178388430375545
2021-02-04 18:20:00,0.898186889818689,-0.08366533864541836,-0.0847356664184663,-0.07552222817354037,0.36356022038711705,0.08262806236080178,0.5,-0.23664350516956212,0.6198409802101685,0.339679112077942,0.8599281869919475,0.7281244663444202,0.8098854806343075
2021-02-04 18:30:00,0.9595536959553695,-0.24302788844621515,-0.09307520476545061,-0.06909480449919658,0.36349478478229574,0.10356347438752785,0.5,-0.23664350516956212,0.6198409802101685,0.339679112077942,0.8599281869919475,0.7281244663444202,0.8019320427901082
2021-02-04 18:40:00,0.8744769874476986,-0.05179282868525903,-0.08950111690245721,-0.06766648812712017,0.36349478478229574,0.07561247216035635,0.5,-0.23664350516956212,0.6198409802101685,0.339679112077942,0.8599281869919475,0.7281244663444202,0.7939786049459088
2021-02-04 18:50:00,0.8605299860529986,0.06772908366533859,-0.09039463886820565,-0.07123727905731125,0.36349478478229574,0.07149220489977728,0.5,-0.23664350516956212,0.6198409802101685,0.339679112077942,0.8599281869919475,0.7281244663444202,0.7860251671017094
2021-02-04 19:00:00,0.7998605299860531,0.21912350597609564,-0.09218168279970229,-0.07445099089448304,0.36349478478229574,0.05111358574610245,0.5,-0.23436959158808413,0.6243408896947489,0.3411656272347026,0.6954563286385872,0.7232054858016408,0.7780717292575101
2021-02-04 19:10:00,0.6785216178521618,0.21912350597609564,-0.1005212211466866,-0.07695054454561678,0.36349478478229574,0.013363028953229399,0.5,-0.23436959158808413,0.6243408896947489,0.3411656272347026,0.6954563286385872,0.7232054858016408,0.7701183140455965
2021-02-04 19:20:00,0.5543933054393305,-0.1394422310756973,-0.11273268801191372,-0.06945188359221555,0.3720537618929212,0.00033407572383073496,0.5,-0.23436959158808413,0.6243408896947489,0.3411656272347026,0.6954563286385872,0.7232054858016408,0.7621648535691115
2021-02-04 19:30:00,0.5418410041841004,-0.20318725099601598,-0.11928518242740138,-0.06480985538296735,0.3734540838360969,0.00011135857461024499,0.5,-0.23436959158808413,0.6243408896947489,0.3411656272347026,0.6954563286385872,0.7232054858016408,0.723629615100261
2021-02-04 19:40:00,0.5920502092050209,0.25099601593625476,-0.11988086373790041,-0.07302267452240663,0.3734540838360969,0.00022271714922048998,0.5,-0.23436959158808413,0.6243408896947489,0.3411656272347026,0.6954563286385872,0.7232054858016408,0.8105149599408542
2021-02-04 19:50:00,0.44142259414225943,-0.059760956175298974,-0.12375279225614311,-0.08087841456882694,0.3734540838360969,0.000556792873051225,0.5,-0.23436959158808413,0.6243408896947489,0.3411656272347026,0.6954563286385872,0.7232054858016408,0.44314769829654327
2021-02-04 20:00:00,0.405160390516039,-0.29083665338645437,-0.13000744601638126,-0.08444920549901802,0.3734540838360969,0.000556792873051225,0.5,-0.24074136580234362,0.6331682983388283,0.35157605226872374,0.6036940157644006,0.7311146758191237,0.3940884469725546
2021-02-04 20:10:00,0.4072524407252441,-0.10756972111553798,-0.13239017125837682,-0.09230494554543822,0.3734540838360969,0.000556792873051225,0.5,-0.24074136580234362,0.6331682983388283,0.35157605226872374,0.6036940157644006,0.7311146758191237,0.4051631787799689
2021-02-04 20:20:00,0.48117154811715485,0.10756972111553775,-0.13745346239761735,-0.10515979289412591,0.3734540838360969,0.000556792873051225,0.5,-0.24074136580234362,0.6331682983388283,0.35157605226872374,0.6036940157644006,0.7311146758191237,0.5663352294159362
2021-02-04 20:30:00,0.5467224546722455,0.40239043824701204,-0.13804914370811627,-0.11765756114979464,0.3734540838360969,0.00011135857461024499,0.5,-0.24074136580234362,0.6331682983388283,0.35157605226872374,0.6036940157644006,0.7311146758191237,0.6618585633025031
2021-02-04 20:40:00,0.4818688981868898,0.09960159362549792,-0.14132539091586016,-0.12765577575432951,0.3734540838360969,0.00011135857461024499,0.5,-0.24074136580234362,0.6331682983388283,0.35157605226872374,0.6036940157644006,0.7311146758191237,0.5575388143699926
2021-02-04 20:50:00,0.599721059972106,0.3306772908366533,-0.1466865227103501,-0.1362256739867881,0.3734540838360969,0.00011135857461024499,0.5,-0.24074136580234362,0.6331682983388283,0.35157605226872374,0.6036940157644006,0.7311146758191237,0.7977880712766118
2021-02-04 21:00:00,0.5188284518828452,0.20318725099601576,-0.14996276991809387,-0.14301017675415106,0.3734540838360969,0.00011135857461024499,0.5,-0.24677827499822402,0.6339987414046284,0.35830874090441556,0.5314913162197777,0.7433474669417968,0.6517042111139612
2021-02-04 21:10:00,0.5495118549511855,0.2828685258964143,-0.15264333581533884,-0.14765220496339948,0.3734540838360969,0.00011135857461024499,0.5,-0.24677827499822402,0.6339987414046284,0.35830874090441556,0.5314913162197777,0.7433474669417968,0.6691386152058784
2021-02-04 21:20:00,0.4895397489539749,0.3227091633466135,-0.15562174236783333,-0.1490805213354759,0.3734540838360969,0.00011135857461024499,0.5,-0.24677827499822402,0.6339987414046284,0.35830874090441556,0.5314913162197777,0.7433474669417968,0.533888075803069
2021-02-04 21:30:00,0.37866108786610875,-0.01195219123505975,-0.15919583023082662,-0.1505088377075522,0.3717527581107432,0.00011135857461024499,0.5,-0.24677827499822402,0.6339987414046284,0.35830874090441556,0.5314913162197777,0.7433474669417968,0.31442280127344324
2021-02-04 21:40:00,0.3277545327754533,0.07569721115537842,-0.16753536857781093,-0.15943581503302984,0.36218607268586983,0.00011135857461024499,0.5,-0.24677827499822402,0.6339987414046284,0.35830874090441556,0.5314913162197777,0.7433474669417968,0.22229431024337254
2021-02-04 21:50:00,0.30474198047419804,0.06772908366533859,-0.17259865971705146,-0.17764684877700399,0.36218607268586983,0.00011135857461024499,0.5,-0.24677827499822402,0.6339987414046284,0.35830874090441556,0.5314913162197777,0.7433474669417968,0.17970034853719993
2021-02-04 22:00:00,0.32566248256624825,-0.12350597609561753,-0.17885331347728972,-0.18514550973040522,0.36218607268586983,0.00011135857461024499,0.5,-0.32819756902672015,0.6280333441568693,0.39954324088964166,0.4710435873550126,0.7564744717751902,0.2031473965327338
2021-02-04 22:10:00,0.3263598326359832,-0.10756972111553798,-0.1854058078927775,-0.1919300124977681,0.36218607268586983,0.00011135857461024499,0.5,-0.32819756902672015,0.6280333441568693,0.39954324088964166,0.4710435873550126,0.7564744717751902,0.2069345323415363
2021-02-04 22:20:00,0.3179916317991632,-0.05179282868525903,-0.19017125837676851,-0.1983574361721121,0.36218607268586983,0.00011135857461024499,0.5,-0.32819756902672015,0.6280333441568693,0.39954324088964166,0.4710435873550126,0.7564744717751902,0.19899060005733513
2021-02-04 22:30:00,0.32147838214783825,-0.05179282868525903,-0.19434102755026073,-0.20407070166041774,0.36218607268586983,0.00011135857461024499,0.5,-0.32819756902672015,0.6280333441568693,0.39954324088964166,0.4710435873550126,0.7564744717751902,0.1987567331049987
2021-02-04 22:40:00,0.29009762900976294,0.25099601593625476,-0.19434102755026073,-0.21156936261381898,0.36218607268586983,0.00011135857461024499,0.5,-0.32819756902672015,0.6280333441568693,0.39954324088964166,0.4710435873550126,0.7564744717751902,0.17463826063340224
2021-02-04 22:50:00,0.3584379358437936,0.14741035856573692,-0.193149664929263,-0.2129976789858954,0.37429165957780947,0.00011135857461024499,0.5,-0.32819756902672015,0.6280333441568693,0.39954324088964166,0.4710435873550126,0.7564744717751902,0.26789836594897176
2021-02-04 23:00:00,0.34797768479776847,-0.13147410358565736,-0.19136262099776635,-0.2129976789858954,0.3760060724241274,0.00011135857461024499,0.5,-0.36568620813061614,0.6080912165559893,0.4189485917101354,0.4302135680699524,0.7760696641024595,0.24148648852543117
2021-02-04 23:10:00,0.41631799163179917,0.17131474103585642,-0.19136262099776635,-0.20728441349758975,0.3760060724241274,0.00011135857461024499,0.5,-0.36568620813061614,0.6080912165559893,0.4189485917101354,0.4302135680699524,0.7760696641024595,0.3280323490803748
2021-02-04 23:20:00,0.40585774058577406,0.394422310756972,-0.19285182427401348,-0.20978396714872327,0.3760060724241274,0.00011135857461024499,0.5,-0.36568620813061614,0.6080912165559893,0.4189485917101354,0.4302135680699524,0.7760696641024595,0.31110339936931364
2021-02-04 23:30:00,0.4211994421199442,0.20318725099601576,-0.1973194341027551,-0.21335475807891446,0.3861485911714282,0.00011135857461024499,0.5,-0.36568620813061614,0.6080912165559893,0.4189485917101354,0.4302135680699524,0.7760696641024595,0.3186324064154986
2021-02-04 23:40:00,0.36610878661087864,0.4183266932270917,-0.20268056589724515,-0.21906802356722022,0.38723482221146166,0.00011135857461024499,0.5,-0.36568620813061614,0.6080912165559893,0.4189485917101354,0.4302135680699524,0.7760696641024595,0.22302608748132838
2021-02-04 23:50:00,0.3284518828451883,0.4501992031872508,-0.21221146686522718,-0.22799500089269775,0.38723482221146166,0.00011135857461024499,0.5,-0.36568620813061614,0.6080912165559893,0.4189485917101354,0.4302135680699524,0.7760696641024595,0.1803038761561326
2021-02-05 00:00:00,0.3856345885634589,0.394422310756972,-0.2202531645569621,-0.23477950366006073,0.38723482221146166,0.00011135857461024499,0.5,-0.37925317763221755,0.59543917220056,0.44407148410695657,0.4142548192702351,0.8049016716801283,0.25440952366582675
2021-02-05 00:10:00,0.4072524407252441,0.05179282868525892,-0.2241250930752049,-0.23263702910194595,0.38723482221146166,0.00011135857461024499,0.5,-0.37925317763221755,0.59543917220056,0.44407148410695657,0.4142548192702351,0.8049016716801283,0.2941065528011226
2021-02-05 00:20:00,0.44839609483960946,-0.1872509960159363,-0.2285927029039465,-0.23120871272986965,0.38723482221146166,0.00011135857461024499,0.5,-0.37925317763221755,0.59543917220056,0.44407148410695657,0.4142548192702351,0.8049016716801283,0.37844199345172536
2021-02-05 00:30:00,0.4693165969316597,-0.059760956175298974,-0.2244229337304543,-0.22906623817175498,0.38723482221146166,0.00011135857461024499,0.5,-0.37925317763221755,0.59543917220056,0.44407148410695657,0.4142548192702351,0.8049016716801283,0.4388551081068848
2021-02-05 00:40:00,0.47489539748953974,0.14741035856573692,-0.2211466865227104,-0.2240671308694876,0.38723482221146166,0.00011135857461024499,0.5,-0.37925317763221755,0.59543917220056,0.44407148410695657,0.4142548192702351,0.8049016716801283,0.4489415634382969
2021-02-05 00:50:00,0.41631799163179917,0.21912350597609564,-0.22323157110945657,-0.22156757721835385,0.39472065540301793,0.00011135857461024499,0.5,-0.37925317763221755,0.59543917220056,0.44407148410695657,0.4142548192702351,0.8049016716801283,0.3303106658418456
2021-02-05 01:00:00,0.3542538354253836,0.2350597609561753,-0.2285927029039465,-0.22835207998571683,0.39850283336168874,0.00011135857461024499,0.5,-0.4440112026356946,0.5769136827707493,0.5024036983056492,0.41194248725752913,0.832490005793354,0.2526064849042654
2021-02-05 01:10:00,0.3591352859135286,-0.059760956175298974,-0.2321667907669398,-0.23477950366006073,0.39850283336168874,0.00011135857461024499,0.5,-0.4440112026356946,0.5769136827707493,0.5024036983056492,0.41194248725752913,0.832490005793354,0.240716990811292
2021-02-05 01:20:00,0.3417015341701534,-0.19521912350597614,-0.23306031273268812,-0.2369219782181754,0.39850283336168874,0.00011135857461024499,0.5,-0.4440112026356946,0.5769136827707493,0.5024036983056492,0.41194248725752913,0.832490005793354,0.20043152224753685
2021-02-05 01:30:00,0.38284518828451886,-0.1394422310756973,-0.2321667907669398,-0.2415640064274236,0.39159283349256,0.00011135857461024499,0.5,-0.4440112026356946,0.5769136827707493,0.5024036983056492,0.41194248725752913,0.832490005793354,0.25311193928512155
2021-02-05 01:40:00,0.4205020920502092,-0.019920318725099695,-0.22531645569620262,-0.2369219782181754,0.38728717069531876,0.00011135857461024499,0.5,-0.4440112026356946,0.5769136827707493,0.5024036983056492,0.41194248725752913,0.832490005793354,0.33754545317380086
2021-02-05 01:50:00,0.48117154811715485,0.346613545816733,-0.2166790766939689,-0.23120871272986965,0.38728717069531876,0.00011135857461024499,0.5,-0.4440112026356946,0.5769136827707493,0.5024036983056492,0.41194248725752913,0.832490005793354,0.45256272915189283
2021-02-05 02:00:00,0.48117154811715485,0.346613545816733,-0.21042442293373054,-0.22692376361364042,0.38837340173535223,0.00011135857461024499,0.5,-0.45105677596362914,0.5625720172295379,0.5109141941399955,0.4162554150860654,0.852917847089981,0.45923170934109875
2021-02-05 02:10:00,0.42398884239888424,-0.07569721115537853,-0.20953090096798221,-0.22192465631137293,0.39855518184554584,0.00011135857461024499,0.5,-0.45105677596362914,0.5625720172295379,0.5109141941399955,0.4162554150860654,0.852917847089981,0.35715255669387574
2021-02-05 02:20:00,0.4463040446304045,0.07569721115537842,-0.21221146686522718,-0.22049633993929663,0.39855518184554584,0.00011135857461024499,0.5,-0.45105677596362914,0.5625720172295379,0.5109141941399955,0.4162554150860654,0.852917847089981,0.38975813630671274
2021-02-05 02:30:00,0.41422594142259417,0.03585657370517925,-0.21221146686522718,-0.22049633993929663,0.40673463244820773,0.00011135857461024499,0.5,-0.45105677596362914,0.5625720172295379,0.5109141941399955,0.4162554150860654,0.852917847089981,0.36552650240656637
2021-02-05 02:40:00,0.48326359832635984,-0.4581673306772909,-0.21370067014147442,-0.2172826281021245,0.40979701875384433,0.00011135857461024499,0.5,-0.45105677596362914,0.5625720172295379,0.5109141941399955,0.4162554150860654,0.852917847089981,0.48240716990811294
2021-02-05 02:50:00,0.41562064156206413,-0.3784860557768924,-0.21518987341772167,-0.21371183717193354,0.40979701875384433,0.00011135857461024499,0.5,-0.45105677596362914,0.5625720172295379,0.5109141941399955,0.4162554150860654,0.852917847089981,0.38319477345082004
2021-02-05 03:00:00,0.3772663877266388,-0.02788844621513953,-0.21518987341772167,-0.21621139082306728,0.40147360982057556,0.00011135857461024499,0.5,-0.4586092828985703,0.5492705606496433,0.52039621297519,0.41390363801587937,0.8653474584883779,0.29293721803944056
2021-02-05 03:10:00,0.3179916317991632,0.2669322709163344,-0.22204020848845885,-0.22763792179967846,0.40978393163288007,0.00011135857461024499,0.5,-0.4586092828985703,0.5492705606496433,0.52039621297519,0.41390363801587937,0.8653474584883779,0.20474674472290538
2021-02-05 03:20:00,0.33333333333333337,0.2828685258964143,-0.22710349962769927,-0.2383502945902518,0.41695567392129407,0.00011135857461024499,0.5,-0.4586092828985703,0.5492705606496433,0.52039621297519,0.41390363801587937,0.8653474584883779,0.21406370234017835
2021-02-05 03:30:00,0.3410041841004184,-0.20318725099601598,-0.23842144452717806,-0.24263524370648093,0.43071023805473035,0.00011135857461024499,0.5,-0.4586092828985703,0.5492705606496433,0.52039621297519,0.41390363801587937,0.8653474584883779,0.2116495918644477
2021-02-05 03:40:00,0.3814504881450488,0.2111553784860556,-0.2405063291139241,-0.24727727191572935,0.42636531389459636,0.00011135857461024499,0.5,-0.4586092828985703,0.5492705606496433,0.52039621297519,0.41390363801587937,0.8653474584883779,0.27417505318587143
2021-02-05 03:50:00,0.4700139470013947,0.298804780876494,-0.2363365599404319,-0.24656311372969109,0.42636531389459636,0.00011135857461024499,0.5,-0.4586092828985703,0.5492705606496433,0.52039621297519,0.41390363801587937,0.8653474584883779,0.3990071970668558
2021-02-05 04:00:00,0.46722454672245467,-0.10756972111553798,-0.2279970215934476,-0.23870737368327077,0.4213267723233566,0.00011135857461024499,0.5,-0.4879438920987532,0.5318053947190733,0.5722094203364455,0.3942893910667073,0.8684390887039922,0.3866047044977896
2021-02-05 04:10:00,0.4428172942817294,0.1394422310756971,-0.22710349962769927,-0.23477950366006073,0.4193898784206463,0.00011135857461024499,0.5,-0.4879438920987532,0.5318053947190733,0.5722094203364455,0.3942893910667073,0.8684390887039922,0.3196131387962642
2021-02-05 04:20:00,0.4107391910739191,-0.12350597609561753,-0.23008190618019375,-0.23263702910194595,0.4186046511627907,0.00011135857461024499,0.5,-0.4879438920987532,0.5318053947190733,0.5722094203364455,0.3942893910667073,0.8684390887039922,0.29954584546675317
2021-02-05 04:30:00,0.28591352859135283,-0.2270916334661356,-0.23127326880119148,-0.23620782003213703,0.4152412610749761,0.00011135857461024499,0.5,-0.4879438920987532,0.5318053947190733,0.5722094203364455,0.3942893910667073,0.8684390887039922,0.18023597929900267
2021-02-05 04:40:00,0.303347280334728,0.043824701195219085,-0.23306031273268812,-0.24263524370648093,0.4152412610749761,0.00011135857461024499,0.5,-0.4879438920987532,0.5318053947190733,0.5722094203364455,0.3942893910667073,0.8684390887039922,0.16937248215821477
2021-02-05 04:50:00,0.22594142259414227,-0.2828685258964144,-0.23306031273268812,-0.2497768255668631,0.41117116645509155,0.00011135857461024499,0.5,-0.4879438920987532,0.5318053947190733,0.5722094203364455,0.3942893910667073,0.8684390887039922,0.10885375016974214
2021-02-05 05:00:00,0.20432357043235705,0.6414342629482073,-0.23663440059568142,-0.2526334583110159,0.40621114760963734,0.00011135857461024499,0.5,-0.4958974032285124,0.5230900527862955,0.5862553526656392,0.37311289201289416,0.87087250292099,0.08974455693528675
2021-02-05 05:10:00,0.30822873082287305,0.12350597609561742,-0.23901712583767698,-0.25691840742724503,0.4177932496630066,0.00011135857461024499,0.5,-0.4958974032285124,0.5230900527862955,0.5862553526656392,0.37311289201289416,0.87087250292099,0.14800760444799854
2021-02-05 05:20:00,0.2719665271966527,-0.10756972111553798,-0.23901712583767698,-0.2619175147295125,0.4177932496630066,0.00011135857461024499,0.5,-0.4958974032285124,0.5230900527862955,0.5862553526656392,0.37311289201289416,0.87087250292099,0.12815908988035066
2021-02-05 05:30:00,0.2796373779637378,0.394422310756972,-0.24556962025316464,-0.26477414747366534,0.43040923427255234,0.00011135857461024499,0.5,-0.4958974032285124,0.5230900527862955,0.5862553526656392,0.37311289201289416,0.87087250292099,0.13172744692729002
2021-02-05 05:40:00,0.3612273361227336,0.14741035856573692,-0.251228592702904,-0.27120157114800925,0.4455772074701287,0.00011135857461024499,0.5,-0.4958974032285124,0.5230900527862955,0.5862553526656392,0.37311289201289416,0.87087250292099,0.22322977805271813
2021-02-05 05:50:00,0.39191073919107394,-0.043824701195219196,-0.24973938942665685,-0.26655954293876094,0.4455772074701287,0.00011135857461024499,0.5,-0.4958974032285124,0.5230900527862955,0.5862553526656392,0.37311289201289416,0.87087250292099,0.2675966021395054
2021-02-05 06:00:00,0.37308228730822873,0.2669322709163344,-0.2479523454951601,-0.26298875200856986,0.4455772074701287,0.00011135857461024499,0.5,-0.5020371066461702,0.508452416187031,0.6072865873647226,0.3796227820676357,0.8948292019701648,0.25718575071291705
2021-02-05 06:10:00,0.34309623430962344,0.1633466135458166,-0.243782576321668,-0.26334583110158893,0.45270968839564985,0.00011135857461024499,0.5,-0.5020371066461702,0.508452416187031,0.6072865873647226,0.3796227820676357,0.8948292019701648,0.22297327881467177
2021-02-05 06:20:00,0.41631799163179917,0.346613545816733,-0.2431868950111692,-0.25798964470630237,0.46770752902069074,0.00011135857461024499,0.5,-0.5020371066461702,0.508452416187031,0.6072865873647226,0.3796227820676357,0.8948292019701648,0.3146340359400697
2021-02-05 06:30:00,0.399581589958159,0.3067729083665336,-0.24199553239017135,-0.2526334583110159,0.46807396840768994,0.00011135857461024499,0.5,-0.5020371066461702,0.508452416187031,0.6072865873647226,0.3796227820676357,0.8948292019701648,0.30580744451317954
2021-02-05 06:40:00,0.3451882845188285,-0.26693227091633476,-0.2405063291139241,-0.24834850919478657,0.46807396840768994,0.00011135857461024499,0.5,-0.5020371066461702,0.508452416187031,0.6072865873647226,0.3796227820676357,0.8948292019701648,0.24033978604945908
2021-02-05 06:50:00,0.2580195258019526,-0.33067729083665354,-0.23901712583767698,-0.25334761649705406,0.4610461844498829,0.00011135857461024499,0.5,-0.5020371066461702,0.508452416187031,0.6072865873647226,0.3796227820676357,0.8948292019701648,0.13134269807022045
2021-02-05 07:00:00,0.22454672245467225,-0.3227091633466136,-0.23782576321667914,-0.256204249241207,0.4466241771472693,0.00011135857461024499,0.5,-0.5100384461062437,0.5135586353148084,0.6294219926379329,0.35986918910174587,0.8894523874664458,0.09682846236250886
2021-02-05 07:10:00,0.19177126917712692,-0.45019920318725104,-0.21370067014147442,-0.2208534190323156,0.4375940636819306,0.00011135857461024499,0.5,-0.5100384461062437,0.5135586353148084,0.6294219926379329,0.35986918910174587,0.8894523874664458,0.07565218703320911
2021-02-05 07:20:00,0.2210599721059972,-0.14741035856573714,-0.185703648548027,-0.16014997321906788,0.42386567379042284,0.00011135857461024499,0.5,-0.5100384461062437,0.5135586353148084,0.6294219926379329,0.35986918910174587,0.8894523874664458,0.07506374760474976
2021-02-05 07:30:00,0.1771269177126918,-0.09960159362549814,-0.17289650037230098,-0.13158364577753967,0.42386567379042284,0.00011135857461024499,0.5,-0.5100384461062437,0.5135586353148084,0.6294219926379329,0.35986918910174587,0.8894523874664458,0.05098299560933657
2021-02-05 07:40:00,0.1492329149232915,-0.5458167330677292,-0.1663440059568132,-0.11087305838243178,0.42386567379042284,0.00011135857461024499,0.5,-0.5100384461062437,0.5135586353148084,0.6294219926379329,0.35986918910174587,0.8894523874664458,0.04213377189673643
2021-02-05 07:50:00,0.13668061366806136,-0.17928286852589637,-0.2092330603127328,-0.15479378682378142,0.40843595817356143,0.00011135857461024499,0.5,-0.5100384461062437,0.5135586353148084,0.6294219926379329,0.35986918910174587,0.8894523874664458,0.04145480332543718
2021-02-05 08:00:00,0.13668061366806136,-0.01195219123505975,-0.23484735666418477,-0.21228352079985702,0.4074151627383492,0.00011135857461024499,0.5,-0.5135633006617586,0.5245325525061298,0.6483554681045359,0.3569795199527536,0.8942005809956213,0.04355960589646484
2021-02-05 08:10:00,0.1589958158995816,0.25099601593625476,-0.243782576321668,-0.2351365827530797,0.4168378898326157,0.00011135857461024499,0.5,-0.5135633006617586,0.5245325525061298,0.6483554681045359,0.3569795199527536,0.8942005809956213,0.04993436637144107
2021-02-05 08:20:00,0.1799163179916318,0.20318725099601576,-0.24973938942665685,-0.25013390465988217,0.42386567379042284,0.00011135857461024499,0.5,-0.5135633006617586,0.5245325525061298,0.6483554681045359,0.3569795199527536,0.8942005809956213,0.04766359370520694
2021-02-05 08:30:00,0.15481171548117156,-0.42629482071713154,-0.2288905435591959,-0.22335297268344934,0.42386567379042284,0.00011135857461024499,0.5,-0.5135633006617586,0.5245325525061298,0.6483554681045359,0.3569795199527536,0.8942005809956213,0.049361015133455054
2021-02-05 08:40:00,0.15411436541143653,-0.47410358565737054,-0.19910647803425174,-0.16014997321906788,0.42386567379042284,0.00011135857461024499,0.5,-0.5135633006617586,0.5245325525061298,0.6483554681045359,0.3569795199527536,0.8942005809956213,0.04249588846809602
2021-02-05 08:50:00,0.18619246861924685,0.5458167330677288,-0.1895755770662696,-0.1308694875915014,0.4336941016345814,0.00011135857461024499,0.5,-0.5135633006617586,0.5245325525061298,0.6483554681045359,0.3569795199527536,0.8942005809956213,0.06382304570212895
2021-02-05 09:00:00,0.22036262203626222,0.33864541832669315,-0.17676842889054356,-0.12051419389394735,0.45204224522647257,0.00011135857461024499,0.5,-0.5159664574649718,0.5215182453226522,0.658895623986993,0.3614059009159029,0.8969012843567165,0.08823573788795509
2021-02-05 09:10:00,0.28451882845188287,0.3306772908366533,-0.1696202531645571,-0.11372969112658449,0.4593317716035649,0.00011135857461024499,0.5,-0.5159664574649718,0.5215182453226522,0.658895623986993,0.3614059009159029,0.8969012843567165,0.14008630444950737
2021-02-05 09:20:00,0.2782426778242678,-0.17131474103585675,-0.19583023082650786,-0.14979467952151393,0.4639122639410556,0.00011135857461024499,0.5,-0.5159664574649718,0.5215182453226522,0.658895623986993,0.3614059009159029,0.8969012843567165,0.14855077930503796
2021-02-05 09:30:00,0.26429567642956764,-0.13147410358565736,-0.1746835443037975,-0.13158364577753967,0.45011843844472654,0.00011135857461024499,0.5,-0.5159664574649718,0.5215182453226522,0.658895623986993,0.3614059009159029,0.8969012843567165,0.11944565988201036
2021-02-05 09:40:00,0.25383542538354253,0.17928286852589648,-0.19166046165301565,-0.16300660596322092,0.4429074347934198,0.00011135857461024499,0.5,-0.5159664574649718,0.5215182453226522,0.658895623986993,0.3614059009159029,0.8969012843567165,0.09964995398101906
2021-02-05 09:50:00,0.2099023709902371,0.13147410358565725,-0.15979151154132543,-0.12158543117300469,0.4429074347934198,0.00011135857461024499,0.5,-0.5159664574649718,0.5215182453226522,0.658895623986993,0.3614059009159029,0.8969012843567165,0.07237804970049942
2021-02-05 10:00:00,0.22454672245467225,0.11553784860557759,-0.16783320923306044,-0.11622924477771823,0.4429074347934198,0.00011135857461024499,0.5,-0.35605627066432355,0.5417965730574412,0.4732141305934381,0.2991912269493836,0.8764625037993182,0.07962038112769136
2021-02-05 10:10:00,0.19804741980474197,-0.3705179282868527,-0.15591958302308284,-0.11372969112658449,0.4429074347934198,0.00011135857461024499,0.5,-0.35605627066432355,0.5417965730574412,0.4732141305934381,0.2991912269493836,0.8764625037993182,0.06896057455829323
2021-02-05 10:20:00,0.18898186889818688,-0.4422310756972112,-0.14043186895011173,-0.08337796821996057,0.4429074347934198,0.00011135857461024499,0.5,-0.35605627066432355,0.5417965730574412,0.4732141305934381,0.2991912269493836,0.8764625037993182,0.06386831027354889
2021-02-05 10:30:00,0.2649930264993026,-0.1872509960159363,-0.15979151154132543,-0.10801642563827896,0.4429074347934198,0.00011135857461024499,0.5,-0.35605627066432355,0.5417965730574412,0.4732141305934381,0.2991912269493836,0.8764625037993182,0.10242618102810931
2021-02-05 10:40:00,0.17433751743375175,-0.33864541832669326,-0.1350707371556218,-0.08230673094090324,0.43135150698197905,0.00011135857461024499,0.5,-0.35605627066432355,0.5417965730574412,0.4732141305934381,0.2991912269493836,0.8764625037993182,0.03032726285136624
2021-02-05 10:50:00,0.1492329149232915,-0.2828685258964144,-0.12881608339538353,-0.04838421710408858,0.41733520042925754,0.00011135857461024499,0.5,-0.35605627066432355,0.5417965730574412,0.4732141305934381,0.2991912269493836,0.8764625037993182,0.01755510961570379
2021-02-05 11:00:00,0.13598326359832635,0.29083665338645415,-0.12196574832464646,-0.00981967505802539,0.4126500111240528,0.00011135857461024499,0.5,-0.3113144018973907,0.540417290456803,0.41568490342533826,0.2972781552228185,0.8074839943891873,0.010901217616971196
2021-02-05 11:10:00,0.09762900976290097,-0.31474103585657376,-0.139240506329114,-0.019460810569541076,0.4126500111240528,0.023719376391982183,0.5,-0.3113144018973907,0.540417290456803,0.41568490342533826,0.2972781552228185,0.8074839943891873,0.0
2021-02-05 11:20:00,0.11715481171548117,-0.9840637450199203,-0.11362620997766204,0.025531155150865903,0.4126500111240528,0.8396436525612473,0.5,-0.3113144018973907,0.540417290456803,0.41568490342533826,0.2972781552228185,0.8074839943891873,0.0
2021-02-05 11:30:00,0.16108786610878661,-0.6812749003984064,-0.09903201787043936,0.041956793429744677,0.4126500111240528,0.9996659242761693,0.5,-0.3113144018973907,0.540417290456803,0.41568490342533826,0.2972781552228185,0.8074839943891873,0.0
2021-02-05 11:40:00,0.23709902370990238,-0.3784860557768924,-0.0924795234549517,0.04052847705766838,0.39294080695187866,0.6572383073496659,0.5,-0.3113144018973907,0.540417290456803,0.41568490342533826,0.2972781552228185,0.8074839943891873,0.029346530470600662
2021-02-05 11:50:00,0.26638772663877264,-0.07569721115537853,-0.07550260610573356,0.01696125691840744,0.3778644436010522,0.00011135857461024499,0.5,-0.3113144018973907,0.540417290456803,0.41568490342533826,0.2972781552228185,0.8074839943891873,0.12222943102433727
2021-02-05 12:00:00,0.2698744769874477,0.05179282868525892,-0.061206254653760395,0.010890912337082836,0.38061273900354664,0.00011135857461024499,0.5,-0.3091595921984456,0.5342679888622923,0.3721210816179504,0.4273233835947451,0.7560154507455142,0.12453038007151802
2021-02-05 12:10:00,0.36052998605299863,-0.059760956175298974,-0.1005212211466866,-0.03945723977861093,0.3916713562183455,0.00011135857461024499,0.5,-0.3091595921984456,0.5342679888622923,0.3721210816179504,0.4273233835947451,0.7560154507455142,0.2615085172835222
2021-02-05 12:20:00,0.4679218967921897,0.12350597609561742,-0.11124348473566659,-0.08373504731297987,0.39245658347620105,0.00011135857461024499,0.5,-0.3091595921984456,0.5342679888622923,0.3721210816179504,0.4273233835947451,0.7560154507455142,0.4713475262911719
2021-02-05 12:30:00,0.5285913528591353,-0.003984063745020028,-0.10618019359642605,-0.09837529012676305,0.38478753059114523,0.00033407572383073496,0.5,-0.3091595921984456,0.5342679888622923,0.3721210816179504,0.4273233835947451,0.7560154507455142,0.5815743017939858
2021-02-05 12:40:00,0.4923291492329149,-0.12350597609561753,-0.10022338049143709,-0.09908944831280142,0.3906505607831333,0.000556792873051225,0.5,-0.3091595921984456,0.5342679888622923,0.3721210816179504,0.4273233835947451,0.7560154507455142,0.5037343271421458
2021-02-05 12:50:00,0.4776847977684798,-0.26693227091633476,-0.09486224869694715,-0.0958757364756293,0.38307311774482733,0.000556792873051225,0.5,-0.3091595921984456,0.5342679888622923,0.3721210816179504,0.4273233835947451,0.7560154507455142,0.4904944400018106
2021-02-05 13:00:00,0.5139470013947002,-0.003984063745020028,-0.09069247952345505,-0.09194786645241915,0.36857258771642826,0.000556792873051225,0.5,-0.11793098778843336,0.5168832810834257,0.22902871667784536,0.5443111316761912,0.742869620369091,0.5654223938923005
2021-02-05 13:10:00,0.49721059972105996,-0.01195219123505975,-0.08622486969471344,-0.0894483128012854,0.3722762429493136,0.00022271714922048998,0.5,-0.11793098778843336,0.5168832810834257,0.22902871667784536,0.5443111316761912,0.742869620369091,0.5175173891395205
2021-02-05 13:20:00,0.5550906555090656,0.07569721115537842,-0.07997021593447506,-0.09051955008034285,0.3842640457525749,0.00011135857461024499,0.5,-0.11793098778843336,0.5168832810834257,0.22902871667784536,0.5443111316761912,0.742869620369091,0.6365632119739879
2021-02-05 13:30:00,0.5529986052998606,-0.14741035856573714,-0.07550260610573356,-0.08444920549901802,0.386842208582534,0.00022271714922048998,0.5,-0.11793098778843336,0.5168832810834257,0.22902871667784536,0.5443111316761912,0.742869620369091,0.6756868898712978
2021-02-05 13:40:00,0.7029288702928871,-0.059760956175298974,-0.0695457930007447,-0.07409391180146396,0.3903364698799911,0.005790645879732739,0.5,-0.11793098778843336,0.5168832810834257,0.22902871667784536,0.5443111316761912,0.742869620369091,0.9879520799070567
2021-02-05 13:50:00,0.6352859135285913,0.05976095617529875,-0.06388682055100525,-0.07159435815033022,0.3887921896062086,0.00111358574610245,0.5,-0.11793098778843336,0.5168832810834257,0.22902871667784536,0.5443111316761912,0.742869620369091,0.8361950601264391
2021-02-05 14:00:00,0.6478382147838214,-0.0916334661354582,-0.05763216679076699,-0.06088198535975731,0.38868749263849445,0.005679287305122495,0.5,-0.09009876850387721,0.4959871496837696,0.219907103581903,0.6393268888031572,0.7432146705737082,0.8761033239283612
2021-02-05 14:10:00,0.6150627615062761,-0.043824701195219196,-0.04929262844378268,-0.06123906445277627,0.3826935912368638,0.00601336302895323,0.5,-0.09009876850387721,0.4959871496837696,0.219907103581903,0.6393268888031572,0.7432146705737082,0.8193566395582177
2021-02-05 14:20:00,0.7447698744769874,-0.07569721115537853,-0.04154877140729718,-0.054454561685413405,0.38181675413225846,0.02305122494432071,0.5,-0.09009876850387721,0.4959871496837696,0.219907103581903,0.6393268888031572,0.7432146705737082,0.8715051978816181
2021-02-05 14:30:00,0.6589958158995816,0.003984063745019917,-0.03529411764705892,-0.04624174254597391,0.38240567457565017,0.007906458797327393,0.5,-0.09009876850387721,0.4959871496837696,0.219907103581903,0.6393268888031572,0.7432146705737082,0.9236537562050183
2021-02-05 14:40:00,0.7524407252440725,0.10756972111553775,-0.03350707371556216,-0.03517229066238159,0.3721715459815995,0.029955456570155903,0.5,-0.09009876850387721,0.4959871496837696,0.219907103581903,0.6393268888031572,0.7432146705737082,0.9275916984776016
2021-02-05 14:50:00,0.7838214783821479,0.01195219123505975,-0.03112434847356671,-0.03660060703445822,0.3763070762063054,0.03474387527839644,0.5,-0.09009876850387721,0.4959871496837696,0.219907103581903,0.6393268888031572,0.7432146705737082,0.9315297916320896
2021-02-05 15:00:00,0.7419804741980475,-0.05179282868525903,-0.027550260610573418,-0.036243527941438924,0.38008925416497624,0.029732739420935413,0.5,-0.06882149860100473,0.462349895260727,0.20892601499171207,0.7158606610835734,0.7437722291455101,0.9354678093456252
2021-02-05 15:10:00,0.7873082287308228,0.12350597609561742,-0.02278481012658229,-0.028387787895018723,0.379421810995799,0.053452115812917596,0.5,-0.06882149860100473,0.462349895260727,0.20892601499171207,0.7158606610835734,0.7437722291455101,0.9394058270591609
2021-02-05 15:20:00,0.7803347280334728,-0.09960159362549814,-0.016232315711094625,-0.024816996964827642,0.3834526442527908,0.038530066815144766,0.5,-0.06882149860100473,0.462349895260727,0.20892601499171207,0.7158606610835734,0.7437722291455101,0.9433438447726965
2021-02-05 15:30:00,0.8068340306834031,0.05976095617529875,-0.011466865227103606,-0.01553294054633092,0.38179057989032994,0.050890868596881966,0.5,-0.06882149860100473,0.462349895260727,0.20892601499171207,0.7158606610835734,0.7437722291455101,0.9472818624862321
2021-02-05 15:40:00,0.8152022315202231,0.019920318725099362,-0.01027550260610588,-0.012319228709159136,0.37756343981887425,0.0465478841870824,0.5,-0.06882149860100473,0.462349895260727,0.20892601499171207,0.7158606610835734,0.7437722291455101,0.9512198801997678
2021-02-05 15:50:00,0.8403068340306835,0.1633466135458166,-0.007892777364110204,-0.0005356186395285567,0.3745534019970947,0.056458797327394214,0.5,-0.06882149860100473,0.462349895260727,0.20892601499171207,0.7158606610835734,0.7437722291455101,0.9551578979133032
2021-02-05 16:00:00,0.8919107391910739,-0.2509960159362551,-0.0028294862248698927,0.0008926977325478536,0.38473518210728824,0.07249443207126949,0.5,-0.014924040006363826,0.4524161870307223,0.18371080191291497,0.7542017813211844,0.7433417005442269,0.9590959156268388
2021-02-05 16:10:00,0.8640167364016736,0.346613545816733,-0.000148920327624813,-0.0005356186395285567,0.37499836410987947,0.07171492204899778,0.5,-0.014924040006363826,0.4524161870307223,0.18371080191291497,0.7542017813211844,0.7433417005442269,0.9630339333403745
2021-02-05 16:20:00,0.7747559274755927,-0.059760956175298974,-0.000148920327624813,0.0030351722906625245,0.37499836410987947,0.036302895322939864,0.5,-0.014924040006363826,0.4524161870307223,0.18371080191291497,0.7542017813211844,0.7433417005442269,0.9669719510539101
2021-02-05 16:30:00,0.810320781032078,-0.043824701195219196,0.0019359642591212367,0.00910551687198713,0.37142558008663673,0.04543429844097996,0.5,-0.014924040006363826,0.4524161870307223,0.18371080191291497,0.7542017813211844,0.7433417005442269,0.9709099687674457
2021-02-05 16:40:00,0.796373779637378,-0.02788844621513953,0.0022338049143706407,0.00910551687198713,0.37721008755283925,0.04020044543429844,0.5,-0.014924040006363826,0.4524161870307223,0.18371080191291497,0.7542017813211844,0.7433417005442269,0.9748479864809814
2021-02-05 16:50:00,0.7350069735006973,0.14741035856573692,0.0037230081906181045,0.011962149616140172,0.37261650809438435,0.022605790645879732,0.5,-0.014924040006363826,0.4524161870307223,0.18371080191291497,0.7542017813211844,0.7433417005442269,0.978786004194517
2021-02-05 17:00:00,0.6834030683403068,0.027888446215139417,0.004616530156366094,0.022674522406713082,0.3784664511654081,0.008351893095768375,0.5,-0.006756735573037909,0.4444364624849505,0.17404211268779113,0.7543319689965712,0.740760480430848,0.9827240219080526
2021-02-05 17:10:00,0.7092050209205021,0.10756972111553775,0.005212211466865124,0.030887341546152358,0.3815550117129733,0.010690423162583519,0.5,-0.006756735573037909,0.4444364624849505,0.17404211268779113,0.7543319689965712,0.740760480430848,0.972426331910014
2021-02-05 17:20:00,0.606694560669456,-0.01195219123505975,0.0037230081906181045,0.03588644884841985,0.3848006177121095,0.00033407572383073496,0.5,-0.006756735573037909,0.4444364624849505,0.17404211268779113,0.7543319689965712,0.740760480430848,0.7841408029934971
2021-02-05 17:30:00,0.5390516039051604,-0.15537848605577698,-0.0007446016381237319,0.038386002499553706,0.37887215191530016,0.000779510022271715,0.5,-0.006756735573037909,0.4444364624849505,0.17404211268779113,0.7543319689965712,0.740760480430848,0.6370460340691341
2021-02-05 17:40:00,0.5850767085076709,0.17928286852589648,-0.0007446016381237319,0.041242635243706305,0.3842378715106464,0.00022271714922048998,0.5,-0.006756735573037909,0.4444364624849505,0.17404211268779113,0.7543319689965712,0.740760480430848,0.697361075486217
2021-02-05 17:50:00,0.5885634588563459,-0.26693227091633476,-0.0010424422933731359,0.030530262453133394,0.38477444347018097,0.00044543429844097997,0.5,-0.006756735573037909,0.4444364624849505,0.17404211268779113,0.7543319689965712,0.740760480430848,0.744820978620034
2021-02-05 18:00:00,0.5174337517433751,-0.11553784860557781,-0.0037230081906179935,0.02517407605784694,0.3785449738911937,0.00044543429844097997,0.5,-0.1407065451769265,0.43741936225420847,0.22193663681589013,0.6722420398733506,0.7378161476060464,0.5660108333207599
2021-02-05 18:10:00,0.5564853556485356,-0.08366533864541836,-0.00819061801935983,0.02088912694161782,0.36638703851539706,0.00022271714922048998,0.5,-0.1407065451769265,0.43741936225420847,0.22193663681589013,0.6722420398733506,0.7378161476060464,0.6532356624470027
2021-02-05 18:20:00,0.45258019525801957,-0.043824701195219196,-0.01236038719285204,0.010890912337082836,0.3660075120074335,0.00011135857461024499,0.5,-0.1407065451769265,0.43741936225420847,0.22193663681589013,0.6722420398733506,0.7378161476060464,0.4503372210570787
2021-02-05 18:30:00,0.5062761506276151,-0.14741035856573714,-0.017721518987341978,0.0005356186395288898,0.3717134967478504,0.00011135857461024499,0.5,-0.1407065451769265,0.43741936225420847,0.22193663681589013,0.6722420398733506,0.7378161476060464,0.5577123285604357
2021-02-05 18:40:00,0.43654114365411434,-0.07569721115537853,-0.02427401340282964,-0.012319228709159136,0.3687688945308921,0.00011135857461024499,0.5,-0.1407065451769265,0.43741936225420847,0.22193663681589013,0.6722420398733506,0.7378161476060464,0.4009686618283869
2021-02-05 18:50:00,0.41352859135285913,-0.019920318725099695,-0.031422189128816336,-0.023388680592751232,0.36575885670911257,0.00011135857461024499,0.5,-0.1407065451769265,0.43741936225420847,0.22193663681589013,0.6722420398733506,0.7378161476060464,0.35092867812363265
2021-02-05 19:00:00,0.38633193863319387,-0.3545816733067729,-0.037974683544304,-0.036957686127477296,0.36833701953907166,0.00022271714922048998,0.5,-0.15655253128269653,0.44899958908872706,0.2275216576330626,0.5470063329850744,0.7202034890011416,0.31332890746412784
2021-02-05 19:10:00,0.47419804741980476,0.20318725099601576,-0.04422933730454226,-0.05195500803427966,0.35752705762259357,0.00022271714922048998,0.5,-0.15655253128269653,0.44899958908872706,0.2275216576330626,0.5470063329850744,0.7202034890011416,0.4490019162001901
2021-02-05 19:20:00,0.49023709902370993,0.19521912350597592,-0.05137751303052884,-0.06373861810391002,0.35752705762259357,0.00022271714922048998,0.5,-0.15655253128269653,0.44899958908872706,0.2275216576330626,0.5470063329850744,0.7202034890011416,0.49410806162016996
2021-02-05 19:30:00,0.5453277545327755,-0.01195219123505975,-0.05673864482501878,-0.07802178182467412,0.35752705762259357,0.00033407572383073496,0.5,-0.15655253128269653,0.44899958908872706,0.2275216576330626,0.5470063329850744,0.7202034890011416,0.6176124447395024
2021-02-05 19:40:00,0.5536959553695956,0.03585657370517925,-0.0615040953090098,-0.08444920549901802,0.35752705762259357,0.00011135857461024499,0.5,-0.15655253128269653,0.44899958908872706,0.2275216576330626,0.5470063329850744,0.7202034890011416,0.6372120041643405
2021-02-05 19:50:00,0.42747559274755925,-0.2270916334661356,-0.06716306775874914,-0.0880199964292091,0.35752705762259357,0.00022271714922048998,0.5,-0.15655253128269653,0.44899958908872706,0.2275216576330626,0.5470063329850744,0.7202034890011416,0.35534951793231434
2021-02-05 20:00:00,0.4225941422594142,-0.2589641434262948,-0.07431124348473583,-0.08837707552222807,0.35752705762259357,0.00022271714922048998,0.5,-0.17001467202406229,0.45866893482027676,0.2501565837391068,0.4941388357645673,0.7126781876209437,0.3411213543159769
2021-02-05 20:10:00,0.42329149232914925,0.05976095617529875,-0.07967237527922577,-0.0958757364756293,0.35752705762259357,0.00022271714922048998,0.5,-0.17001467202406229,0.45866893482027676,0.2501565837391068,0.4941388357645673,0.7126781876209437,0.3593931529791632
2021-02-05 20:20:00,0.34239888423988846,0.027888446215139417,-0.08771407297096068,-0.11123013747545074,0.36445014461268666,0.00022271714922048998,0.5,-0.17001467202406229,0.45866893482027676,0.2501565837391068,0.4941388357645673,0.7126781876209437,0.24301039576323613
2021-02-05 20:30:00,0.34449093444909346,-0.17131474103585675,-0.09545793000744618,-0.1233708266381004,0.36872963316799934,0.00033407572383073496,0.5,-0.17001467202406229,0.45866893482027676,0.2501565837391068,0.4941388357645673,0.7126781876209437,0.24362146747740546
2021-02-05 20:40:00,0.35006973500697347,0.11553784860557759,-0.10201042442293384,-0.13408319942867342,0.3687688945308921,0.00022271714922048998,0.5,-0.17001467202406229,0.45866893482027676,0.2501565837391068,0.4941388357645673,0.7126781876209437,0.253609849570741
2021-02-05 20:50:00,0.3688981868898187,0.13147410358565725,-0.10707371556217438,-0.14193893947509362,0.3687950687728207,0.00022271714922048998,0.5,-0.17001467202406229,0.45866893482027676,0.2501565837391068,0.4941388357645673,0.7126781876209437,0.2942800669915657
2021-02-05 21:00:00,0.4121338912133891,-0.14741035856573714,-0.11154132539091599,-0.14193893947509362,0.3687950687728207,0.00022271714922048998,0.5,-0.18973665401139272,0.4722749829744823,0.27314303859575173,0.47607503362114345,0.7168759461022234,0.37458696078579296
2021-02-05 21:10:00,0.4170153417015342,-0.33864541832669326,-0.11511541325390917,-0.14193893947509362,0.3687950687728207,0.00022271714922048998,0.5,-0.18973665401139272,0.4722749829744823,0.27314303859575173,0.47607503362114345,0.7168759461022234,0.39875069782880934
2021-02-05 21:20:00,0.39121338912133896,0.09960159362549792,-0.12137006701414754,-0.14979467952151393,0.3733624739893471,0.00022271714922048998,0.5,-0.18973665401139272,0.4722749829744823,0.27314303859575173,0.47607503362114345,0.7168759461022234,0.31847398041552877
2021-02-05 21:30:00,0.4490934449093445,0.3227091633466135,-0.12613551749813867,-0.15515086591680072,0.3800107314391907,0.00022271714922048998,0.5,-0.18973665401139272,0.4722749829744823,0.27314303859575173,0.47607503362114345,0.7168759461022234,0.3962611464007122
2021-02-05 21:40:00,0.4421199442119944,0.1872509960159361,-0.13268801191362634,-0.1597928941260488,0.3800107314391907,0.00022271714922048998,0.5,-0.18973665401139272,0.4722749829744823,0.27314303859575173,0.47607503362114345,0.7168759461022234,0.3801545030704468
2021-02-05 21:50:00,0.4790794979079498,0.17928286852589648,-0.13775130305286676,-0.16300660596322092,0.3866066404051772,0.00022271714922048998,0.5,-0.18973665401139272,0.4722749829744823,0.27314303859575173,0.47607503362114345,0.7168759461022234,0.44913016581921333
2021-02-05 22:00:00,0.5111576011157601,-0.19521912350597614,-0.14102755026061076,-0.16336368505623988,0.39121330698459644,0.00022271714922048998,0.5,-0.2661511168448778,0.47888979244670254,0.3365925831238047,0.4740176524727365,0.731784594114736,0.5349970578028577
2021-02-05 22:10:00,0.4560669456066946,-0.07569721115537853,-0.1472822040208489,-0.16336368505623988,0.3912263941055607,0.00022271714922048998,0.5,-0.2661511168448778,0.47888979244670254,0.3365925831238047,0.4740176524727365,0.731784594114736,0.38996937097333917
2021-02-05 22:20:00,0.4379358437935844,0.1394422310756971,-0.15323901712583776,-0.16836279235850737,0.3912263941055607,0.00022271714922048998,0.5,-0.2661511168448778,0.47888979244670254,0.3365925831238047,0.4740176524727365,0.731784594114736,0.37386272764307377
2021-02-05 22:30:00,0.4735006973500697,0.01195219123505975,-0.15562174236783333,-0.17371897875379394,0.3912263941055607,0.00022271714922048998,0.5,-0.2661511168448778,0.47888979244670254,0.3365925831238047,0.4740176524727365,0.731784594114736,0.4510765423902711
2021-02-05 22:40:00,0.48117154811715485,-0.21115537848605592,-0.15949367088607602,-0.1740760578468129,0.3911086100168824,0.00022271714922048998,0.5,-0.2661511168448778,0.47888979244670254,0.3365925831238047,0.4740176524727365,0.731784594114736,0.42983237020384146
2021-02-05 22:50:00,0.4609483960948396,0.2589641434262948,-0.16336559940431883,-0.17657561149794665,0.3800369056811192,0.00033407572383073496,0.5,-0.2661511168448778,0.47888979244670254,0.3365925831238047,0.4740176524727365,0.731784594114736,0.42446097439534075
2021-02-05 23:00:00,0.45536959553695955,0.29083665338645415,-0.16664184661206272,-0.18193179789323333,0.3800107314391907,0.00022271714922048998,0.5,-0.31556802145804375,0.4771886772392503,0.38057336976956735,0.4732442111095882,0.7549632551917375,0.40494440001810583
2021-02-05 23:10:00,0.4107391910739191,0.36254980079681287,-0.17200297840655265,-0.18478843063738626,0.3800107314391907,0.00022271714922048998,0.5,-0.31556802145804375,0.4771886772392503,0.38057336976956735,0.4732442111095882,0.7549632551917375,0.3068108091796551
2021-02-05 23:20:00,0.37935843793584384,0.36254980079681287,-0.177661950856292,-0.1901446170326727,0.3837798222768973,0.00044543429844097997,0.5,-0.31556802145804375,0.4771886772392503,0.38057336976956735,0.4732442111095882,0.7549632551917375,0.24924181842871584
2021-02-05 23:30:00,0.3368200836820084,0.07569721115537842,-0.18332092330603145,-0.19800035707909291,0.39120021986363224,0.00033407572383073496,0.5,-0.31556802145804375,0.4771886772392503,0.38057336976956735,0.4732442111095882,0.7549632551917375,0.18370626310786548
2021-02-05 23:40:00,0.30613668061366806,0.41035856573705165,-0.1895755770662696,-0.20871272986966605,0.39120021986363224,0.00022271714922048998,0.5,-0.31556802145804375,0.4771886772392503,0.38057336976956735,0.4732442111095882,0.7549632551917375,0.17036075863421699
2021-02-05 23:50:00,0.26429567642956764,0.3784860557768923,-0.19195830230826516,-0.2176397071951437,0.39121330698459644,0.00033407572383073496,0.5,-0.31556802145804375,0.4771886772392503,0.38057336976956735,0.4732442111095882,0.7549632551917375,0.12655219759494243
2021-02-06 00:00:00,0.24476987447698745,0.019920318725099362,-0.19821295606850342,-0.22263881449741119,0.3912263941055607,0.00022271714922048998,0.5,-0.332851192189507,0.4756973279273105,0.3877648719044197,0.45629537599774384,0.7786184059929803,0.10097017064743426
2021-02-06 00:10:00,0.20781032078103207,-0.20318725099601598,-0.20238272524199552,-0.2301374754508122,0.38239258745468585,0.018485523385300667,0.5,-0.332851192189507,0.4756973279273105,0.3877648719044197,0.45629537599774384,0.7786184059929803,0.06466044027339801
2021-02-06 00:20:00,0.19595536959553697,0.6334661354581672,-0.2092330603127328,-0.23120871272986965,0.37739330724633885,0.00033407572383073496,0.5,-0.332851192189507,0.4756973279273105,0.3877648719044197,0.45629537599774384,0.7786184059929803,0.06050364379799931
2021-02-06 00:30:00,0.15690376569037656,0.7689243027888444,-0.21727475800446772,-0.23477950366006073,0.3776419625446598,0.00033407572383073496,0.5,-0.332851192189507,0.4756973279273105,0.3877648719044197,0.45629537599774384,0.7786184059929803,0.04159814113493369
2021-02-06 00:40:00,0.15132496513249652,-0.2828685258964144,-0.2125093075204767,-0.23156579182288872,0.39376529557262696,0.00033407572383073496,0.5,-0.332851192189507,0.4756973279273105,0.3877648719044197,0.45629537599774384,0.7786184059929803,0.031911522851064474
2021-02-06 00:50:00,0.13528591352859135,0.003984063745019917,-0.17498138495904703,-0.16050705231208717,0.393817644056484,0.00033407572383073496,0.5,-0.332851192189507,0.4756973279273105,0.3877648719044197,0.45629537599774384,0.7786184059929803,0.020610468186550386
2021-02-06 01:00:00,0.1387726638772664,-0.09960159362549814,-0.15949367088607602,-0.11123013747545074,0.393817644056484,0.00022271714922048998,0.5,-0.43059992535578584,0.4677894410169927,0.44849247808366616,0.43001551102795954,0.7947726781306406,0.017230713520527484
2021-02-06 01:10:00,0.1290097629009763,-0.649402390438247,-0.14906924795234555,-0.07659346545259771,0.3914750494038816,0.00022271714922048998,0.5,-0.43059992535578584,0.4677894410169927,0.44849247808366616,0.43001551102795954,0.7947726781306406,0.016778067806327988
2021-02-06 01:20:00,0.11854951185495119,-0.01195219123505975,-0.14132539091586016,-0.04517050526691657,0.37731478452055334,0.00022271714922048998,0.5,-0.43059992535578584,0.4677894410169927,0.44849247808366616,0.43001551102795954,0.7947726781306406,0.012930579235632272
2021-02-06 01:30:00,0.1603905160390516,0.5537848605577689,-0.13387937453462406,-0.01981788966256015,0.3832170760754342,0.00022271714922048998,0.5,-0.43059992535578584,0.4677894410169927,0.44849247808366616,0.43001551102795954,0.7947726781306406,0.02378653228118352
2021-02-06 01:40:00,0.16248256624825663,0.29083665338645415,-0.12464631422189132,-0.004106409569719638,0.3936998599678057,0.00033407572383073496,0.5,-0.43059992535578584,0.4677894410169927,0.44849247808366616,0.43001551102795954,0.7947726781306406,0.031232554279765228
2021-02-06 01:50:00,0.16596931659693165,-0.06772908366533881,-0.12196574832464646,0.0069630423138726805,0.3936998599678057,0.00033407572383073496,0.5,-0.43059992535578584,0.4677894410169927,0.44849247808366616,0.43001551102795954,0.7947726781306406,0.0323943449462106
2021-02-06 02:00:00,0.1317991631799163,0.3705179282868525,-0.11779597915115425,0.019817889662560484,0.3969454659669419,0.00033407572383073496,0.5,-0.43998861992586946,0.4751369943708024,0.45799491399275916,0.39636540532615394,0.8068877671644457,0.014771338473376886
2021-02-06 02:10:00,0.11576011157601115,-0.1633466135458168,-0.11868950111690268,0.035529369755400886,0.40979701875384433,0.00033407572383073496,0.5,-0.43998861992586946,0.4751369943708024,0.45799491399275916,0.39636540532615394,0.8068877671644457,0.009113267045883187
2021-02-06 02:20:00,0.099721059972106,0.1394422310756971,-0.1815338793745348,-0.029101946081056984,0.39376529557262696,0.00033407572383073496,0.5,-0.43998861992586946,0.4751369943708024,0.45799491399275916,0.39636540532615394,0.8068877671644457,0.0037116948564358677
2021-02-06 02:30:00,0.09902370990237098,0.585657370517928,-0.21399851079672383,-0.1180146402428136,0.3937522084516627,0.00033407572383073496,0.5,-0.43998861992586946,0.4751369943708024,0.45799491399275916,0.39636540532615394,0.8068877671644457,0.009460295426769467
2021-02-06 02:40:00,0.12691771269177127,0.689243027888446,-0.22650781831720035,-0.16586323870737363,0.40941749224588087,0.00033407572383073496,0.5,-0.43998861992586946,0.4751369943708024,0.45799491399275916,0.39636540532615394,0.8068877671644457,0.02251158018618827
2021-02-06 02:50:00,0.13737796373779637,0.4820717131474104,-0.19553239017125845,-0.1469380467773611,0.4102027195037364,0.00033407572383073496,0.5,-0.43998861992586946,0.4751369943708024,0.45799491399275916,0.39636540532615394,0.8068877671644457,0.009965749807625572
2021-02-06 03:00:00,0.09762900976290097,0.08366533864541825,-0.16783320923306044,-0.08266381003392254,0.4102027195037364,0.009910913140311804,0.5,-0.44755536863001855,0.47305370294275645,0.466570719100756,0.37189527561559654,0.8146281208290291,0.00011316142854987401
2021-02-06 03:10:00,0.14016736401673638,0.6015936254980081,-0.1553239017125838,-0.033386895197286104,0.4102027195037364,0.3579064587973274,0.5,-0.44755536863001855,0.47305370294275645,0.466570719100756,0.37189527561559654,0.8146281208290291,0.0
2021-02-06 03:20:00,0.16527196652719667,0.31474103585657365,-0.15711094564408057,-0.022317443313693897,0.4102027195037364,0.9995545657015591,0.5,-0.44755536863001855,0.47305370294275645,0.466570719100756,0.37189527561559654,0.8146281208290291,0.0
2021-02-06 03:30:00,0.18131101813110181,0.2669322709163344,-0.16515264333581536,-0.03267273701124784,0.4102027195037364,0.778619153674833,0.5,-0.44755536863001855,0.47305370294275645,0.466570719100756,0.37189527561559654,0.8146281208290291,0.0
2021-02-06 03:40:00,0.13737796373779637,-0.3784860557768924,-0.15621742367833225,-0.05159792894126036,0.4102027195037364,0.2834075723830735,0.5,-0.44755536863001855,0.47305370294275645,0.466570719100756,0.37189527561559654,0.8146281208290291,0.0
2021-02-06 03:50:00,0.19595536959553697,-0.9920318725099602,-0.1511541325390917,-0.05374040349937503,0.3980055227650469,0.6491091314031181,0.5,-0.44755536863001855,0.47305370294275645,0.466570719100756,0.37189527561559654,0.8146281208290291,0.0050922642847443305
2021-02-06 04:00:00,0.21199442119944212,-0.05179282868525903,-0.1431124348473568,-0.07230851633636859,0.3923126251455942,0.00011135857461024499,0.5,-0.4803150399419923,0.46535845543336757,0.5123688789517342,0.3475285094948096,0.8202460208792538,0.06256318179760702
2021-02-06 04:10:00,0.2105997210599721,-0.4581673306772909,-0.13626209977661963,-0.07766470273165504,0.3932418107340566,0.00022271714922048998,0.5,-0.4803150399419923,0.46535845543336757,0.5123688789517342,0.3475285094948096,0.8202460208792538,0.0669764775110521
2021-02-06 04:20:00,0.23849372384937237,-0.21115537848605592,-0.13030528667163077,-0.07480806998750233,0.3932418107340566,0.00022271714922048998,0.5,-0.4803150399419923,0.46535845543336757,0.5123688789517342,0.3475285094948096,0.8202460208792538,0.07111064170074084
2021-02-06 04:30:00,0.22454672245467225,-0.45019920318725104,-0.12881608339538353,-0.07123727905731125,0.3932418107340566,0.00022271714922048998,0.5,-0.4803150399419923,0.46535845543336757,0.5123688789517342,0.3475285094948096,0.8202460208792538,0.06873425170119347
2021-02-06 04:40:00,0.2099023709902371,-0.2509960159362551,-0.12881608339538353,-0.06445277628994805,0.3932418107340566,0.00022271714922048998,0.5,-0.4803150399419923,0.46535845543336757,0.5123688789517342,0.3475285094948096,0.8202460208792538,0.06400410398780874
2021-02-06 04:50:00,0.198744769874477,0.3306772908366533,-0.12315711094564419,-0.06195322263881431,0.3932418107340566,0.000556792873051225,0.5,-0.4803150399419923,0.46535845543336757,0.5123688789517342,0.3475285094948096,0.8202460208792538,0.0656411726541636
2021-02-06 05:00:00,0.19316596931659694,0.5458167330677288,-0.17200297840655265,-0.10051776468487772,0.3932418107340566,0.00022271714922048998,0.5,-0.49480829144463245,0.4581631978667112,0.5299687770946301,0.3404324584724501,0.8395606106641814,0.08242678455572824
2021-02-06 05:10:00,0.18340306834030684,0.4661354581673305,-0.2205510052122116,-0.18050348152115692,0.3932418107340566,0.00022271714922048998,0.5,-0.49480829144463245,0.4581631978667112,0.5299687770946301,0.3404324584724501,0.8395606106641814,0.07768909274710685
2021-02-06 05:20:00,0.2398884239888424,0.13147410358565725,-0.23514519731943417,-0.2144259953579718,0.3932418107340566,0.00022271714922048998,0.5,-0.49480829144463245,0.4581631978667112,0.5299687770946301,0.3404324584724501,0.8395606106641814,0.09480664483908445
2021-02-06 05:30:00,0.22594142259414227,0.019920318725099362,-0.24229337304542087,-0.23406534547402247,0.3932418107340566,0.00022271714922048998,0.5,-0.49480829144463245,0.4581631978667112,0.5299687770946301,0.3404324584724501,0.8395606106641814,0.08647041960257706
2021-02-06 05:40:00,0.21548117154811713,0.019920318725099362,-0.24854802680565913,-0.24763435100874842,0.3932418107340566,0.00022271714922048998,0.5,-0.49480829144463245,0.4581631978667112,0.5299687770946301,0.3404324584724501,0.8395606106641814,0.07556165789036921
2021-02-06 05:50:00,0.18758716875871687,0.1872509960159361,-0.254504839910648,-0.2547759328691306,0.3932418107340566,0.00022271714922048998,0.5,-0.49480829144463245,0.4581631978667112,0.5299687770946301,0.3404324584724501,0.8395606106641814,0.06629750893975285
2021-02-06 06:00:00,0.15760111576011157,0.6494023904382469,-0.2598659717051379,-0.26298875200856986,0.3942887804111973,0.00044543429844097997,0.5,-0.5517939459473162,0.45503395046651546,0.5764412076407539,0.3481526599493704,0.8904290263174476,0.061529640750184834
2021-02-06 06:10:00,0.17433751743375175,0.08366533864541825,-0.26492926284437834,-0.26655954293876094,0.4096923217861303,0.00033407572383073496,0.5,-0.5517939459473162,0.45503395046651546,0.5764412076407539,0.3481526599493704,0.8904290263174476,0.06859845798693363
2021-02-06 06:20:00,0.18967921896792192,0.05976095617529875,-0.2673119880863739,-0.27441528298518114,0.4096923217861303,0.00033407572383073496,0.5,-0.5517939459473162,0.45503395046651546,0.5764412076407539,0.3481526599493704,0.8904290263174476,0.07216681503387298
2021-02-06 06:30:00,0.197350069735007,0.593625498007968,-0.26880119136262115,-0.2801285484734869,0.4096923217861303,0.00033407572383073496,0.5,-0.5517939459473162,0.45503395046651546,0.5764412076407539,0.3481526599493704,0.8904290263174476,0.07334369389079168
2021-02-06 06:40:00,0.2280334728033473,-0.2509960159362551,-0.2717795979151155,-0.2847705766827352,0.4243891586289932,0.00022271714922048998,0.5,-0.5517939459473162,0.45503395046651546,0.5764412076407539,0.3481526599493704,0.8904290263174476,0.0861007589359808
2021-02-06 06:50:00,0.24686192468619247,-0.3227091633466136,-0.26939687267312007,-0.28584181396179253,0.4252267343707058,0.00022271714922048998,0.5,-0.5517939459473162,0.45503395046651546,0.5764412076407539,0.3481526599493704,0.8904290263174476,0.10207915264722302
2021-02-06 07:00:00,0.2503486750348675,-0.14741035856573714,-0.26552494415487726,-0.287627209426888,0.4252267343707058,0.00022271714922048998,0.5,-0.5683463171351831,0.47519159097374497,0.5887781928404043,0.3253695455323662,0.8890472141198583,0.10513451121806963
2021-02-06 07:10:00,0.16875871687587168,-0.47410358565737054,-0.2601638123603872,-0.2861988930548115,0.42153616625878476,0.00011135857461024499,0.5,-0.5683463171351831,0.47519159097374497,0.5887781928404043,0.3253695455323662,0.8890472141198583,0.06155227303589481
2021-02-06 07:20:00,0.15202231520223153,-0.36254980079681276,-0.26105733432613565,-0.28369933940367775,0.40873696195573944,0.00011135857461024499,0.5,-0.5683463171351831,0.47519159097374497,0.5887781928404043,0.3253695455323662,0.8890472141198583,0.04705252199103761
2021-02-06 07:30:00,0.21687587168758715,0.4501992031872508,-0.26582278481012667,-0.2819139439385824,0.4162358822682598,0.00011135857461024499,0.5,-0.5683463171351831,0.47519159097374497,0.5887781928404043,0.3253695455323662,0.8890472141198583,0.08518037931710849
2021-02-06 07:40:00,0.20711297071129708,-0.40239043824701204,-0.2673119880863739,-0.287627209426888,0.4251612987658845,0.00011135857461024499,0.5,-0.5683463171351831,0.47519159097374497,0.5887781928404043,0.3253695455323662,0.8890472141198583,0.07814928255654299
2021-02-06 07:50:00,0.19665271966527195,-0.3466135458167332,-0.26582278481012667,-0.2883413676129263,0.4251612987658845,0.00011135857461024499,0.5,-0.5683463171351831,0.47519159097374497,0.5887781928404043,0.3253695455323662,0.8890472141198583,0.061114715512168634
2021-02-06 08:00:00,0.16945606694560672,-0.09960159362549814,-0.26880119136262115,-0.2883413676129263,0.41330436717226576,0.00011135857461024499,0.5,-0.5729694222210957,0.47757660047068123,0.5985478261079085,0.3230586781310083,0.8891835722498999,0.050862290085550044
2021-02-06 08:10:00,0.16875871687587168,0.49003984063745,-0.2673119880863739,-0.2883413676129263,0.40871078771381086,0.00011135857461024499,0.5,-0.5729694222210957,0.47757660047068123,0.5985478261079085,0.3230586781310083,0.8891835722498999,0.063181797607013
2021-02-06 08:20:00,0.1701534170153417,0.4581673306772909,-0.26850335070737164,-0.28905552579896443,0.40871078771381086,0.00011135857461024499,0.5,-0.5729694222210957,0.47757660047068123,0.5985478261079085,0.3230586781310083,0.8891835722498999,0.04956470570484482
2021-02-06 08:30:00,0.12622036262203626,-0.11553784860557781,-0.27267311988086385,-0.2922692376361363,0.40871078771381086,0.00011135857461024499,0.5,-0.5729694222210957,0.47757660047068123,0.5985478261079085,0.3230586781310083,0.8891835722498999,0.01974289723433469
2021-02-06 08:40:00,0.09483960948396096,-0.5298804780876495,-0.24199553239017135,-0.22799500089269775,0.3888968865739226,0.00011135857461024499,0.5,-0.5729694222210957,0.47757660047068123,0.5985478261079085,0.3230586781310083,0.8891835722498999,0.0
2021-02-06 08:50:00,0.09762900976290097,-0.5298804780876495,-0.22263588979895765,-0.16336368505623988,0.375783591367735,0.5249443207126949,0.5,-0.5729694222210957,0.47757660047068123,0.5985478261079085,0.3230586781310083,0.8891835722498999,0.0
2021-02-06 09:00:00,0.11018131101813111,-0.21912350597609564,-0.22382725241995538,-0.15158007498660953,0.375783591367735,0.9996659242761693,0.5,-0.5653619493946915,0.5001192504748471,0.5963174193021495,0.31908034166902677,0.8928397145036223,0.0
2021-02-06 09:10:00,0.12552301255230125,-0.31474103585657376,-0.22710349962769927,-0.15443670773076235,0.375783591367735,0.9996659242761693,0.5,-0.5653619493946915,0.5001192504748471,0.5963174193021495,0.31908034166902677,0.8928397145036223,0.0
2021-02-06 09:20:00,0.1304044630404463,-0.02589641434262957,-0.23782576321667914,-0.16514908052133537,0.375783591367735,0.9996659242761693,0.5,-0.5653619493946915,0.5001192504748471,0.5963174193021495,0.31908034166902677,0.8928397145036223,0.0
2021-02-06 09:30:00,0.1499302649930265,0.26294820717131473,-0.23931496649292638,-0.1740760578468129,0.375783591367735,0.9996659242761693,0.5,-0.5653619493946915,0.5001192504748471,0.5963174193021495,0.31908034166902677,0.8928397145036223,0.0
2021-02-06 09:40:00,0.17503486750348674,0.5517928286852589,-0.23901712583767698,-0.18121763970719518,0.375783591367735,0.9996659242761693,0.5,-0.5653619493946915,0.5001192504748471,0.5963174193021495,0.31908034166902677,0.8928397145036223,0.0
2021-02-06 09:50:00,0.16875871687587168,0.8406374501992031,-0.22978406552494424,-0.18300303517229055,0.41351376110769394,0.47204899777282855,0.5,-0.5653619493946915,0.5001192504748471,0.5963174193021495,0.31908034166902677,0.8928397145036223,0.0
2021-02-06 10:00:00,0.17642956764295675,-0.5936254980079682,-0.20000000000000007,-0.17086234600964112,0.4205677193074296,0.551336302895323,0.5,-0.38413687040623734,0.5122224552954384,0.4219004440650166,0.24849612807216329,0.8955811213735461,0.0
2021-02-06 10:10:00,0.1311018131101813,0.1633466135458166,-0.18451228592702917,-0.16050705231208717,0.40157830678828965,0.10924276169265035,0.5,-0.38413687040623734,0.5122224552954384,0.4219004440650166,0.24849612807216329,0.8955811213735461,0.0
2021-02-06 10:20:00,0.15271966527196654,-0.4342629482071714,-0.17289650037230098,-0.14765220496339948,0.40157830678828965,0.9996659242761693,0.5,-0.38413687040623734,0.5122224552954384,0.4219004440650166,0.24849612807216329,0.8955811213735461,0.0
2021-02-06 10:30:00,0.1290097629009763,-0.6334661354581674,-0.1705137751303054,-0.14193893947509362,0.40157830678828965,0.9996659242761693,0.5,-0.38413687040623734,0.5122224552954384,0.4219004440650166,0.24849612807216329,0.8955811213735461,0.0
2021-02-06 10:40:00,0.1199442119944212,0.7290836653386452,-0.17676842889054356,-0.14336725584717003,0.40157830678828965,0.9996659242761693,0.5,-0.38413687040623734,0.5122224552954384,0.4219004440650166,0.24849612807216329,0.8955811213735461,0.0
2021-02-06 10:50:00,0.11576011157601115,0.7434262948207169,-0.1821295606850335,-0.1490805213354759,0.40157830678828965,0.9996659242761693,0.5,-0.38413687040623734,0.5122224552954384,0.4219004440650166,0.24849612807216329,0.8955811213735461,0.0
2021-02-06 11:00:00,0.11715481171548117,0.7577689243027887,-0.17498138495904703,-0.15015175861453323,0.40157830678828965,0.9996659242761693,0.5,-0.359430435961568,0.5135299002606267,0.36712777550146425,0.20456155764723638,0.8394080559371109,0.0
2021-02-06 11:10:00,0.12412831241283125,0.7721115537848606,-0.1705137751303054,-0.1519371540796286,0.40157830678828965,0.9996659242761693,0.5,-0.359430435961568,0.5135299002606267,0.36712777550146425,0.20456155764723638,0.8394080559371109,0.0
2021-02-06 11:20:00,0.14783821478382148,0.4204515272244356,-0.16396128071481764,-0.1490805213354759,0.40157830678828965,0.9996659242761693,0.5,-0.359430435961568,0.5135299002606267,0.36712777550146425,0.20456155764723638,0.8394080559371109,0.0
2021-02-06 11:30:00,0.11645746164574616,0.06879150066401052,-0.15562174236783333,-0.14193893947509362,0.40157830678828965,0.9996659242761693,0.5,-0.359430435961568,0.5135299002606267,0.36712777550146425,0.20456155764723638,0.8394080559371109,0.0
2021-02-06 11:40:00,0.1499302649930265,-0.2828685258964144,-0.14043186895011173,-0.13551151580074983,0.40157830678828965,0.9996659242761693,0.5,-0.359430435961568,0.5135299002606267,0.36712777550146425,0.20456155764723638,0.8394080559371109,0.0
2021-02-06 11:50:00,0.17642956764295675,-0.17529880478087656,-0.12822040208488483,-0.1347973576147118,0.40157830678828965,0.9996659242761693,0.5,-0.359430435961568,0.5135299002606267,0.36712777550146425,0.20456155764723638,0.8394080559371109,0.0
2021-02-06 12:00:00,0.19456066945606695,-0.06772908366533881,-0.12166790766939695,-0.13408319942867342,0.3739383073117745,0.4704899777282851,0.5,-0.34742892706779993,0.5103058271816366,0.33361333891822736,0.257915694590177,0.7954940696939965,0.014620456568643723
2021-02-06 12:10:00,0.2377963737796374,-0.33864541832669326,-0.10349962769918108,-0.12444206391715751,0.3811623980840455,0.00011135857461024499,0.5,-0.34742892706779993,0.5103058271816366,0.33361333891822736,0.257915694590177,0.7954940696939965,0.09494243855334429
2021-02-06 12:20:00,0.22384937238493724,-0.043824701195219196,-0.085331347728965,-0.10123192287091587,0.37342790959416844,0.00011135857461024499,0.5,-0.34742892706779993,0.5103058271816366,0.33361333891822736,0.257915694590177,0.7954940696939965,0.08531617303136835
2021-02-06 12:30:00,0.23570432357043236,0.2111553784860556,-0.06984363365599422,-0.0733797536154257,0.3745534019970947,0.00011135857461024499,0.5,-0.34742892706779993,0.5103058271816366,0.33361333891822736,0.257915694590177,0.7954940696939965,0.09934819017155273
2021-02-06 12:40:00,0.28103207810320785,-0.12350597609561753,-0.05405807892777381,-0.05124084984824129,0.3809530041486174,0.00011135857461024499,0.5,-0.34742892706779993,0.5103058271816366,0.33361333891822736,0.257915694590177,0.7954940696939965,0.1302110837847217
2021-02-06 12:50:00,0.2496513249651325,0.03585657370517925,-0.03827252419955329,-0.035529369755400886,0.3812670950517596,0.00022271714922048998,0.5,-0.34742892706779993,0.5103058271816366,0.33361333891822736,0.257915694590177,0.7954940696939965,0.09988382093335547
2021-02-06 13:00:00,0.301255230125523,-0.043824701195219196,-0.028443782576321852,-0.01981788966256015,0.3792255041813351,0.00022271714922048998,0.5,-0.15516824465691847,0.49838077969695954,0.2117581548139212,0.3162604133344743,0.7629976095478346,0.1545785113991279
2021-02-06 13:10:00,0.3054393305439331,-0.03585657370517936,-0.017125837676842948,-0.007677200499910719,0.3831123791077201,0.00044543429844097997,0.5,-0.15516824465691847,0.49838077969695954,0.2117581548139212,0.3162604133344743,0.7629976095478346,0.16314105949273505
2021-02-06 13:20:00,0.2719665271966527,0.17928286852589648,-0.012956068503350737,0.009819675058025501,0.37864967085890777,0.00022271714922048998,0.5,-0.15516824465691847,0.49838077969695954,0.2117581548139212,0.3162604133344743,0.7629976095478346,0.1425758558776046
2021-02-06 13:30:00,0.24267782426778242,-0.14741035856573714,-0.05048399106478041,-0.018746652383503037,0.38510162149428745,0.00022271714922048998,0.5,-0.15516824465691847,0.49838077969695954,0.2117581548139212,0.3162604133344743,0.7629976095478346,0.11316897264511067
2021-02-06 13:40:00,0.3158995815899582,0.07569721115537842,-0.07460908413998513,-0.06838064631315821,0.37811309889937317,0.00022271714922048998,0.5,-0.15516824465691847,0.49838077969695954,0.2117581548139212,0.3162604133344743,0.7629976095478346,0.20593116767506076
2021-02-06 13:50:00,0.31729428172942814,0.17131474103585642,-0.07818317200297853,-0.08587752187109432,0.39058512517831206,0.00033407572383073496,0.5,-0.15516824465691847,0.49838077969695954,0.2117581548139212,0.3162604133344743,0.7629976095478346,0.18295185358419966
2021-02-06 14:00:00,0.3800557880055788,0.12350597609561742,-0.07818317200297853,-0.09444742010355289,0.382300977607936,0.00033407572383073496,0.5,-0.13139112734443037,0.48126618142738514,0.2063992435791156,0.35926385257444066,0.7380324717100966,0.2859815622312416
2021-02-06 14:10:00,0.36262203626220363,0.01195219123505975,-0.07520476545048416,-0.09480449919657197,0.3868291214615697,0.00022271714922048998,0.5,-0.13139112734443037,0.48126618142738514,0.2063992435791156,0.35926385257444066,0.7380324717100966,0.244911507762874
2021-02-06 14:20:00,0.42677824267782427,0.09163346613545809,-0.07222635889798967,-0.09194786645241915,0.3836882124301475,0.00044543429844097997,0.5,-0.13139112734443037,0.48126618142738514,0.2063992435791156,0.35926385257444066,0.7380324717100966,0.36496823935905365
2021-02-06 14:30:00,0.4435146443514645,-0.003984063745020028,-0.06984363365599422,-0.09337618282449556,0.3804426064310113,0.00033407572383073496,0.5,-0.13139112734443037,0.48126618142738514,0.2063992435791156,0.35926385257444066,0.7380324717100966,0.39448828402009745
2021-02-06 14:40:00,0.46164574616457466,-0.01195219123505975,-0.06865227103499649,-0.09194786645241915,0.3726950308201698,0.00033407572383073496,0.5,-0.13139112734443037,0.48126618142738514,0.2063992435791156,0.35926385257444066,0.7380324717100966,0.4238272703954615
2021-02-06 14:50:00,0.4421199442119944,0.17131474103585642,-0.06507818317200309,-0.09194786645241915,0.3780476632945518,0.00033407572383073496,0.5,-0.13139112734443037,0.48126618142738514,0.2063992435791156,0.35926385257444066,0.7380324717100966,0.3950767234485569
2021-02-06 15:00:00,0.4198047419804742,0.36254980079681287,-0.06090841399851088,-0.09194786645241915,0.3848529661959666,0.00022271714922048998,0.5,-0.11324074293339759,0.45836721675138653,0.19993514725719438,0.40267281738242594,0.7250840551437654,0.3771066885948368
2021-02-06 15:10:00,0.3493723849372385,-0.31474103585657376,-0.05763216679076699,-0.08980539189430448,0.3764772087788408,0.00022271714922048998,0.5,-0.11324074293339759,0.45836721675138653,0.19993514725719438,0.40267281738242594,0.7250840551437654,0.2519501486186762
2021-02-06 15:20:00,0.4072524407252441,0.003984063745019917,-0.05197319434102765,-0.0894483128012854,0.3742262239729882,0.00022271714922048998,0.5,-0.11324074293339759,0.45836721675138653,0.19993514725719438,0.40267281738242594,0.7250840551437654,0.3191227726058814
2021-02-06 15:30:00,0.4386331938633194,0.25099601593625476,-0.050781831720029924,-0.08730583824317073,0.3815550117129733,0.00033407572383073496,0.5,-0.11324074293339759,0.45836721675138653,0.19993514725719438,0.40267281738242594,0.7250840551437654,0.4020323792567557
2021-02-06 15:40:00,0.405160390516039,-0.11553784860557781,-0.04571854058078939,-0.07945009819675053,0.37499836410987947,0.00022271714922048998,0.5,-0.11324074293339759,0.45836721675138653,0.19993514725719438,0.40267281738242594,0.7250840551437654,0.33022768079424236
2021-02-06 15:50:00,0.4351464435146444,-0.043824701195219196,-0.04542069992553999,-0.0862346009641134,0.3760976822708772,0.00044543429844097997,0.5,-0.11324074293339759,0.45836721675138653,0.19993514725719438,0.40267281738242594,0.7250840551437654,0.39233821687764986
2021-02-06 16:00:00,0.36401673640167365,-0.019920318725099695,-0.04303797468354453,-0.07766470273165504,0.37298294748138355,0.00033407572383073496,0.5,-0.028864564110141266,0.4483013272721522,0.16575962864766564,0.42793713711689646,0.7218262175212523,0.2643450970925057
2021-02-06 16:10:00,0.4065550906555091,0.10756972111553775,-0.041250930752047776,-0.07123727905731125,0.376032246666056,0.00022271714922048998,0.5,-0.028864564110141266,0.4483013272721522,0.16575962864766564,0.42793713711689646,0.7218262175212523,0.32942046260391994
2021-02-06 16:20:00,0.3200836820083682,0.21912350597609564,-0.035591958302308435,-0.06302445991787176,0.38270667835782807,0.00022271714922048998,0.5,-0.028864564110141266,0.4483013272721522,0.16575962864766564,0.42793713711689646,0.7218262175212523,0.20559922748464776
2021-02-06 16:30:00,0.3702928870292887,-0.12350597609561753,-0.03350707371556216,-0.06838064631315821,0.384473439688003,0.00022271714922048998,0.5,-0.028864564110141266,0.4483013272721522,0.16575962864766564,0.42793713711689646,0.7218262175212523,0.28852392232599544
2021-02-06 16:40:00,0.3772663877266388,0.2589641434262948,-0.03350707371556216,-0.07945009819675053,0.37769431102851686,0.00033407572383073496,0.5,-0.028864564110141266,0.4483013272721522,0.16575962864766564,0.42793713711689646,0.7218262175212523,0.27253044042427993
2021-02-06 16:50:00,0.3054393305439331,-0.09960159362549814,-0.03350707371556216,-0.08302088912694161,0.3863318108649279,0.00033407572383073496,0.5,-0.028864564110141266,0.4483013272721522,0.16575962864766564,0.42793713711689646,0.7218262175212523,0.18771217767853102
2021-02-06 17:00:00,0.3103207810320781,0.08366533864541825,-0.02963514519731958,-0.08194965184788428,0.3673031369828951,0.00033407572383073496,0.5,-0.025835436523567568,0.4510512719571749,0.16433854957867913,0.4387238007978221,0.7204483908402564,0.17882523348974758
2021-02-06 17:10:00,0.3193863319386332,0.019920318725099362,-0.030826507818317306,-0.08837707552222807,0.3804426064310113,0.00033407572383073496,0.5,-0.025835436523567568,0.4510512719571749,0.16433854957867913,0.4387238007978221,0.7204483908402564,0.1947432744390965
2021-02-06 17:20:00,0.37796373779637377,-0.019920318725099695,-0.03350707371556216,-0.09230494554543822,0.37197523916713565,0.00033407572383073496,0.5,-0.025835436523567568,0.4510512719571749,0.16433854957867913,0.4387238007978221,0.7204483908402564,0.26499388928285833
2021-02-06 17:30:00,0.3158995815899582,-0.01195219123505975,-0.03588979895755784,-0.0880199964292091,0.3694232505791051,0.00044543429844097997,0.5,-0.025835436523567568,0.4510512719571749,0.16433854957867913,0.4387238007978221,0.7204483908402564,0.18397030644114853
2021-02-06 17:40:00,0.3138075313807531,0.1633466135458166,-0.03648548026805687,-0.09516157828959104,0.3593199931946971,0.00033407572383073496,0.5,-0.025835436523567568,0.4510512719571749,0.16433854957867913,0.4387238007978221,0.7204483908402564,0.19819847005748603
2021-02-06 17:50:00,0.31659693165969316,0.19521912350597592,-0.03678332092330627,-0.10301731833601147,0.3686903718051066,0.00033407572383073496,0.5,-0.025835436523567568,0.4510512719571749,0.16433854957867913,0.4387238007978221,0.7204483908402564,0.18018317063234607
2021-02-06 18:00:00,0.36959553695955366,-0.003984063745020028,-0.039761727475800646,-0.10837350473129803,0.37128162175602997,0.00022271714922048998,0.5,-0.2167606945847591,0.44126123899806574,0.2511052801977083,0.4035921774317369,0.7126944692467727,0.2476801907147276
2021-02-06 18:10:00,0.33333333333333337,-0.08366533864541836,-0.0424422933730455,-0.10837350473129803,0.3745010535132376,0.00022271714922048998,0.5,-0.2167606945847591,0.44126123899806574,0.2511052801977083,0.4035921774317369,0.7126944692467727,0.20691944415106295
2021-02-06 18:20:00,0.35355648535564854,-0.10756972111553798,-0.04333581533879394,-0.10515979289412591,0.375482587585557,0.00022271714922048998,0.5,-0.2167606945847591,0.44126123899806574,0.2511052801977083,0.4035921774317369,0.7126944692467727,0.23097001976552956
2021-02-06 18:30:00,0.28103207810320785,-0.08366533864541836,-0.04542069992553999,-0.11265845384752715,0.3623562052584052,0.00022271714922048998,0.5,-0.2167606945847591,0.44126123899806574,0.2511052801977083,0.4035921774317369,0.7126944692467727,0.142523047210948
2021-02-06 18:40:00,0.2649930264993026,-0.0916334661354582,-0.046612062546537714,-0.12158543117300469,0.3623562052584052,0.00022271714922048998,0.5,-0.2167606945847591,0.44126123899806574,0.2511052801977083,0.4035921774317369,0.7126944692467727,0.12591849359506316
2021-02-06 18:50:00,0.3312412831241283,-0.09960159362549814,-0.05197319434102765,-0.12872701303338696,0.3623562052584052,0.00022271714922048998,0.5,-0.2167606945847591,0.44126123899806574,0.2511052801977083,0.4035921774317369,0.7126944692467727,0.19869638034310547
2021-02-06 19:00:00,0.33054393305439334,0.13147410358565725,-0.05673864482501878,-0.1283699339403679,0.35004122443103747,0.00022271714922048998,0.5,-0.23520425265232114,0.46486995951230936,0.27666251096783656,0.3275035385114139,0.6936909673298117,0.18301220634609291
2021-02-06 19:10:00,0.3179916317991632,0.22709163346613526,-0.06299329858525693,-0.13551151580074983,0.34861472824593315,0.00011135857461024499,0.5,-0.23520425265232114,0.46486995951230936,0.27666251096783656,0.3275035385114139,0.6936909673298117,0.16574377234938215
2021-02-06 19:20:00,0.32496513249651326,0.2749003984063745,-0.07043931496649303,-0.1440814140332084,0.34861472824593315,0.00011135857461024499,0.5,-0.23520425265232114,0.46486995951230936,0.27666251096783656,0.3275035385114139,0.6936909673298117,0.18347994025076575
2021-02-06 19:30:00,0.3075313807531381,0.4501992031872508,-0.07818317200297853,-0.15086591680057126,0.34861472824593315,0.00011135857461024499,0.5,-0.23520425265232114,0.46486995951230936,0.27666251096783656,0.3275035385114139,0.6936909673298117,0.1594746292077191
2021-02-06 19:40:00,0.2824267782426778,0.298804780876494,-0.08413998510796727,-0.15729334047491517,0.34861472824593315,0.00011135857461024499,0.5,-0.23520425265232114,0.46486995951230936,0.27666251096783656,0.3275035385114139,0.6936909673298117,0.1373176214976538
2021-02-06 19:50:00,0.29707112970711297,0.05179282868525892,-0.09188384214445289,-0.16229244777718255,0.35848241745298454,0.00011135857461024499,0.5,-0.23520425265232114,0.46486995951230936,0.27666251096783656,0.3275035385114139,0.6936909673298117,0.1406370234017834
2021-02-06 20:00:00,0.23430962343096234,-0.3545816733067729,-0.09784065524944163,-0.16407784324227825,0.3624085537422623,0.00022271714922048998,0.5,-0.2636207180052985,0.4765507590364552,0.31830421110392076,0.30955862302988835,0.696991586387186,0.08985771836383663
2021-02-06 20:10:00,0.20920502092050208,-0.36254980079681276,-0.10230826507818325,-0.17014818782360286,0.3624085537422623,0.00022271714922048998,0.5,-0.2636207180052985,0.4765507590364552,0.31830421110392076,0.30955862302988835,0.696991586387186,0.0764669493187682
2021-02-06 20:20:00,0.2175732217573222,-0.3705179282868527,-0.10498883097542833,-0.17336189966077487,0.3624085537422623,0.00022271714922048998,0.5,-0.2636207180052985,0.4765507590364552,0.31830421110392076,0.30955862302988835,0.696991586387186,0.08059356941322027
2021-02-06 20:30:00,0.22036262203626222,-0.14741035856573714,-0.10498883097542833,-0.1740760578468129,0.3548441978249205,0.00022271714922048998,0.5,-0.2636207180052985,0.4765507590364552,0.31830421110392076,0.30955862302988835,0.696991586387186,0.08215519712720853
2021-02-06 20:40:00,0.1680613668061367,0.7211155378486056,-0.10975428145941923,-0.17479021603285128,0.34856237976207616,0.00033407572383073496,0.5,-0.2636207180052985,0.4765507590364552,0.31830421110392076,0.30955862302988835,0.696991586387186,0.0496401466572114
2021-02-06 20:50:00,0.12133891213389121,0.394422310756972,-0.10558451228592702,-0.16729155507945004,0.3578934970095929,0.00033407572383073496,0.5,-0.2636207180052985,0.4765507590364552,0.31830421110392076,0.30955862302988835,0.696991586387186,0.012598639045219307
2021-02-06 21:00:00,0.15550906555090654,0.6254980079681274,-0.07401340282948643,-0.09694697375468664,0.36502597793511404,0.00033407572383073496,0.5,-0.28039905637439255,0.49588945049955885,0.35852559305576004,0.2818248148687363,0.7224812110395,0.016310333901655177
2021-02-06 21:10:00,0.199442119944212,0.1633466135458166,-0.05376023827252441,-0.04302803070880201,0.3808875685437961,0.00022271714922048998,0.5,-0.28039905637439255,0.49588945049955885,0.35852559305576004,0.2818248148687363,0.7224812110395,0.04400470751542768
2021-02-06 21:20:00,0.2189679218967922,0.49800796812749004,-0.039761727475800646,-0.017318336011426405,0.3814764889871877,0.00033407572383073496,0.5,-0.28039905637439255,0.49588945049955885,0.35852559305576004,0.2818248148687363,0.7224812110395,0.05162424370445253
2021-02-06 21:30:00,0.2301255230125523,0.6095617529880477,-0.0269545793000745,-0.001963935011604967,0.384015390454254,0.00022271714922048998,0.5,-0.28039905637439255,0.49588945049955885,0.35852559305576004,0.2818248148687363,0.7224812110395,0.054747499132429045
2021-02-06 21:40:00,0.24407252440725244,-0.12350597609561753,-0.022486969471332885,0.006605963220853273,0.3953095758464095,0.00022271714922048998,0.5,-0.28039905637439255,0.49588945049955885,0.35852559305576004,0.2818248148687363,0.7224812110395,0.07685924227107443
2021-02-06 21:50:00,0.18549511854951187,-0.019920318725099695,-0.04512285927029036,-0.015890019639349995,0.3953095758464095,0.00033407572383073496,0.5,-0.28039905637439255,0.49588945049955885,0.35852559305576004,0.2818248148687363,0.7224812110395,0.0588062223697512
2021-02-06 22:00:00,0.13668061366806136,0.4661354581673305,-0.08413998510796727,-0.08837707552222807,0.3953095758464095,0.00033407572383073496,0.5,-0.37067062723486555,0.5015416356567535,0.41584367470807704,0.2555512603848839,0.773365569037011,0.042443079801439416
2021-02-06 22:10:00,0.1415620641562064,0.5298804780876492,-0.09516008935219666,-0.12015711480092839,0.3953095758464095,0.00022271714922048998,0.5,-0.37067062723486555,0.5015416356567535,0.41584367470807704,0.2555512603848839,0.773365569037011,0.050062615990464264
2021-02-06 22:20:00,0.13807531380753138,0.7529880478087649,-0.10171258376768444,-0.1347973576147118,0.3953095758464095,0.00022271714922048998,0.5,-0.37067062723486555,0.5015416356567535,0.41584367470807704,0.2555512603848839,0.773365569037011,0.054272221132519574
2021-02-06 22:30:00,0.15481171548117156,0.05179282868525892,-0.1043931496649293,-0.1490805213354759,0.40965306042323746,0.00022271714922048998,0.5,-0.37067062723486555,0.5015416356567535,0.41584367470807704,0.2555512603848839,0.773365569037011,0.05771232856043575
2021-02-06 22:40:00,0.20641562064156208,0.3067729083665336,-0.10618019359642605,-0.15943581503302984,0.4116684770517334,0.00022271714922048998,0.5,-0.37067062723486555,0.5015416356567535,0.41584367470807704,0.2555512603848839,0.773365569037011,0.07824735579461956
2021-02-06 22:50:00,0.22175732217573224,0.17131474103585642,-0.11094564408041707,-0.16836279235850737,0.4116684770517334,0.00022271714922048998,0.5,-0.37067062723486555,0.5015416356567535,0.41584367470807704,0.2555512603848839,0.773365569037011,0.07086923065316776
2021-02-06 23:00:00,0.18758716875871687,0.4183266932270917,-0.11392405063291144,-0.1740760578468129,0.4116684770517334,0.00022271714922048998,0.5,-0.4324147670136611,0.5007313071288811,0.4118443376923152,0.24955486126062437,0.8520953740672982,0.05516996846568191
2021-02-06 23:10:00,0.15620641562064158,0.6254980079681274,-0.11213700670141491,-0.17229066238171753,0.4163013178730811,0.00022271714922048998,0.5,-0.4324147670136611,0.5007313071288811,0.4118443376923152,0.24955486126062437,0.8520953740672982,0.03077990856556573
2021-02-06 23:20:00,0.1415620641562064,0.7290836653386452,-0.08265078183172014,-0.11872879842885198,0.42900891232937666,0.00022271714922048998,0.5,-0.4324147670136611,0.5007313071288811,0.4118443376923152,0.24955486126062437,0.8520953740672982,0.018007755329903286
2021-02-06 23:30:00,0.11854951185495119,0.6254980079681274,-0.06507818317200309,-0.055168719871451444,0.45441101412100354,0.00022271714922048998,0.5,-0.4324147670136611,0.5007313071288811,0.4118443376923152,0.24955486126062437,0.8520953740672982,0.001720053713958085
2021-02-06 23:40:00,0.0899581589958159,0.5776892430278884,-0.0615040953090098,-0.006248884127834309,0.4807946499849498,0.000556792873051225,0.5,-0.4324147670136611,0.5007313071288811,0.4118443376923152,0.24955486126062437,0.8520953740672982,0.0
2021-02-06 23:50:00,0.08786610878661089,0.10756972111553775,-0.06478034251675369,0.02803070880199976,0.5124131342345998,0.6307349665924277,0.5,-0.4324147670136611,0.5007313071288811,0.4118443376923152,0.24955486126062437,0.8520953740672982,0.0
2021-02-07 00:00:00,0.10320781032078104,-0.6414342629482073,-0.07580044676098296,0.021960364220674933,0.5124131342345998,0.9993318485523385,0.5,-0.43665821388202286,0.49467970471858547,0.41455143878866135,0.25526264154120015,0.9354947632233449,0.0
2021-02-07 00:10:00,0.11436541143654114,-0.6201859229747676,-0.07371556217423691,0.006605963220853273,0.5124131342345998,0.9993318485523385,0.5,-0.43665821388202286,0.49467970471858547,0.41455143878866135,0.25526264154120015,0.9354947632233449,0.0
2021-02-07 00:20:00,0.100418410041841,-0.598937583001328,-0.0772896500372302,-0.011605070523120875,0.5124131342345998,0.9993318485523385,0.5,-0.43665821388202286,0.49467970471858547,0.41455143878866135,0.25526264154120015,0.9354947632233449,0.0
2021-02-07 00:30:00,0.08926080892608089,-0.5776892430278885,-0.07967237527922577,-0.027316550615961277,0.5124131342345998,0.9993318485523385,0.5,-0.43665821388202286,0.49467970471858547,0.41455143878866135,0.25526264154120015,0.9354947632233449,0.0
2021-02-07 00:40:00,0.0794979079497908,-0.5564409030544489,-0.08116157855547301,-0.039814318871630006,0.5124131342345998,0.9993318485523385,0.5,-0.43665821388202286,0.49467970471858547,0.41455143878866135,0.25526264154120015,0.9354947632233449,0.0
2021-02-07 00:50:00,0.0815899581589958,-0.5351925630810093,-0.08652271034996295,-0.05124084984824129,0.5124131342345998,0.9993318485523385,0.5,-0.43665821388202286,0.49467970471858547,0.41455143878866135,0.25526264154120015,0.9354947632233449,0.0
2021-02-07 01:00:00,0.08507670850767085,-0.5139442231075697,-0.08741623231571116,-0.06338153901089094,0.5124131342345998,0.9993318485523385,0.5,-0.4684203943469182,0.48920280339188454,0.4453225054362045,0.2806760261639885,0.005757542903939548,0.0
2021-02-07 01:10:00,0.09553695955369597,-0.49269588313413015,-0.08711839166046176,-0.07623638635957874,0.5124131342345998,0.9993318485523385,0.5,-0.4684203943469182,0.48920280339188454,0.4453225054362045,0.2806760261639885,0.005757542903939548,0.0
2021-02-07 01:20:00,0.09344490934449094,-0.4714475431606906,-0.08979895755770673,-0.0880199964292091,0.5124131342345998,0.9993318485523385,0.5,-0.4684203943469182,0.48920280339188454,0.4453225054362045,0.2806760261639885,0.005757542903939548,0.0
2021-02-07 01:30:00,0.08716875871687588,-0.45019920318725104,-0.09307520476545061,-0.09658989466166767,0.5124131342345998,0.9993318485523385,0.5,-0.4684203943469182,0.48920280339188454,0.4453225054362045,0.2806760261639885,0.005757542903939548,0.0
2021-02-07 01:40:00,0.0899581589958159,-0.4289508632138115,-0.09307520476545061,-0.10266023924299217,0.5124131342345998,0.9993318485523385,0.5,-0.4684203943469182,0.48920280339188454,0.4453225054362045,0.2806760261639885,0.005757542903939548,0.0
2021-02-07 01:50:00,0.08786610878661089,-0.4077025232403718,-0.09516008935219666,-0.11123013747545074,0.5124131342345998,0.9993318485523385,0.5,-0.4684203943469182,0.48920280339188454,0.4453225054362045,0.2806760261639885,0.005757542903939548,0.0
2021-02-07 02:00:00,0.08786610878661089,-0.38645418326693226,-0.09784065524944163,-0.12122835207998572,0.5124131342345998,0.9993318485523385,0.5,-0.4632476636994647,0.49292686641360717,0.45242625219753024,0.3087881470526794,0.05132024480254993,0.0
2021-02-07 02:10:00,0.07531380753138076,-0.3652058432934927,-0.10230826507818325,-0.13015532940546326,0.5124131342345998,0.9993318485523385,0.5,-0.4632476636994647,0.49292686641360717,0.45242625219753024,0.3087881470526794,0.05132024480254993,0.0
2021-02-07 02:20:00,0.07810320781032079,-0.34395750332005304,-0.10558451228592702,-0.13836814854490254,0.5124131342345998,0.9993318485523385,0.5,-0.4632476636994647,0.49292686641360717,0.45242625219753024,0.3087881470526794,0.05132024480254993,0.0
2021-02-07 02:30:00,0.06415620641562064,-0.3227091633466136,-0.10856291883842151,-0.14800928405641844,0.5124131342345998,0.9993318485523385,0.5,-0.4632476636994647,0.49292686641360717,0.45242625219753024,0.3087881470526794,0.05132024480254993,0.0
2021-02-07 02:40:00,0.06624825662482565,-0.30146082337317404,-0.10588235294117665,-0.153365470451705,0.5124131342345998,0.9993318485523385,0.5,-0.4632476636994647,0.49292686641360717,0.45242625219753024,0.3087881470526794,0.05132024480254993,0.0
2021-02-07 02:50:00,0.0599721059972106,-0.2802124833997345,-0.10201042442293384,-0.16050705231208717,0.5124131342345998,0.9993318485523385,0.5,-0.4632476636994647,0.49292686641360717,0.45242625219753024,0.3087881470526794,0.05132024480254993,0.0
2021-02-07 03:00:00,0.045327754532775454,-0.2589641434262948,-0.10409530900967989,-0.16336368505623988,0.5124131342345998,0.9993318485523385,0.5,-0.47441454488208523,0.4839902645636427,0.4611418064697269,0.3272313739433693,0.07331213835627572,0.0
2021-02-07 03:10:00,0.03626220362622037,-0.23771580345285526,-0.1079672375279227,-0.1694340296375647,0.5124131342345998,0.9993318485523385,0.5,-0.47441454488208523,0.4839902645636427,0.4611418064697269,0.3272313739433693,0.07331213835627572,0.0
2021-02-07 03:20:00,0.01882845188284519,-0.2164674634794158,-0.11213700670141491,-0.17336189966077487,0.5124131342345998,0.9993318485523385,0.5,-0.47441454488208523,0.4839902645636427,0.4611418064697269,0.3272313739433693,0.07331213835627572,0.0
2021-02-07 03:30:00,0.013249651324965132,-0.19521912350597614,-0.11451973194341047,-0.17836100696304236,0.5124131342345998,0.9993318485523385,0.5,-0.47441454488208523,0.4839902645636427,0.4611418064697269,0.3272313739433693,0.07331213835627572,0.0
2021-02-07 03:40:00,0.01882845188284519,-0.17397078353253648,-0.11988086373790041,-0.18336011426530985,0.5124131342345998,0.9993318485523385,0.5,-0.47441454488208523,0.4839902645636427,0.4611418064697269,0.3272313739433693,0.07331213835627572,0.0
2021-02-07 03:50:00,0.013947001394700141,-0.15272244355909703,-0.12196574832464646,-0.18764506338153897,0.5124131342345998,0.9993318485523385,0.5,-0.47441454488208523,0.4839902645636427,0.4611418064697269,0.3272313739433693,0.07331213835627572,0.0
2021-02-07 04:00:00,0.04951185495118549,-0.13147410358565736,-0.1279225614296352,-0.19407248705588287,0.5124131342345998,0.9993318485523385,0.5,-0.5171950185159677,0.48167421919673986,0.4995682613162266,0.33084690266831823,0.08963061972403609,0.0
2021-02-07 04:10:00,0.09344490934449094,-0.1102257636122177,-0.13775130305286676,-0.20371362256739867,0.5124131342345998,0.9993318485523385,0.5,-0.5171950185159677,0.48167421919673986,0.4995682613162266,0.33084690266831823,0.08963061972403609,0.0
2021-02-07 04:20:00,0.08647140864714087,-0.08897742363877825,-0.14430379746835464,-0.2144259953579718,0.5124131342345998,0.9993318485523385,0.5,-0.5171950185159677,0.48167421919673986,0.4995682613162266,0.33084690266831823,0.08963061972403609,0.0
2021-02-07 04:30:00,0.07531380753138076,-0.06772908366533881,-0.15174981384959063,-0.22299589359043037,0.5124131342345998,0.9993318485523385,0.5,-0.5171950185159677,0.48167421919673986,0.4995682613162266,0.33084690266831823,0.08963061972403609,0.0
2021-02-07 04:40:00,0.10390516039051603,-0.04648074369189914,-0.14906924795234555,-0.22942331726477416,0.5124131342345998,0.9993318485523385,0.5,-0.5171950185159677,0.48167421919673986,0.4995682613162266,0.33084690266831823,0.08963061972403609,0.0
2021-02-07 04:50:00,0.08926080892608089,-0.025232403718459473,-0.14996276991809387,-0.2383502945902518,0.5124131342345998,0.9993318485523385,0.5,-0.5171950185159677,0.48167421919673986,0.4995682613162266,0.33084690266831823,0.08963061972403609,0.0
2021-02-07 05:00:00,0.09344490934449094,-0.003984063745020028,-0.15562174236783333,-0.24442063917157653,0.5124131342345998,0.9993318485523385,0.5,-0.4971025170576038,0.4733496740008095,0.4855062235933365,0.3239808408316644,0.10744409440251823,0.0
2021-02-07 05:10:00,0.08368200836820083,0.017264276228419417,-0.15562174236783333,-0.2512051419389395,0.5124131342345998,0.9993318485523385,0.5,-0.4971025170576038,0.4733496740008095,0.4855062235933365,0.3239808408316644,0.10744409440251823,0.0
2021-02-07 05:20:00,0.06764295676429567,0.038512616201859196,-0.15562174236783333,-0.25513301196214966,0.5124131342345998,0.9993318485523385,0.5,-0.4971025170576038,0.4733496740008095,0.4855062235933365,0.3239808408316644,0.10744409440251823,0.0
2021-02-07 05:30:00,0.06694560669456066,0.05976095617529875,-0.16008935219657494,-0.256204249241207,0.5124131342345998,0.9993318485523385,0.5,-0.4971025170576038,0.4733496740008095,0.4855062235933365,0.3239808408316644,0.10744409440251823,0.0
2021-02-07 05:40:00,0.13598326359832635,0.08100929614873831,-0.16157855547282218,-0.2622745938225317,0.5124131342345998,0.9993318485523385,0.5,-0.4971025170576038,0.4733496740008095,0.4855062235933365,0.3239808408316644,0.10744409440251823,0.0
2021-02-07 05:50:00,0.22245467224546722,0.10225763612217786,-0.15681310498883105,-0.270130333868952,0.5794715420554631,0.9668151447661469,0.5,-0.4971025170576038,0.4733496740008095,0.4855062235933365,0.3239808408316644,0.10744409440251823,0.0
2021-02-07 06:00:00,0.1771269177126918,0.12350597609561742,-0.15711094564408057,-0.25656132833422596,0.6810406878590779,0.012138084632516704,0.5,-0.5295090458581633,0.48167134569132336,0.5407597713135547,0.3325240092332448,0.10949501934509541,0.03522338065995745
2021-02-07 06:10:00,0.16248256624825663,-0.20318725099601598,-0.1425167535368579,-0.2129976789858954,0.6778997788276557,0.00011135857461024499,0.5,-0.5295090458581633,0.48167134569132336,0.5407597713135547,0.3325240092332448,0.10949501934509541,0.04154533246827708
2021-02-07 06:20:00,0.10599721059972106,0.027888446215139417,-0.1347728965003725,-0.16979110873058378,0.6630720707751501,0.00011135857461024499,0.5,-0.5295090458581633,0.48167134569132336,0.5407597713135547,0.3325240092332448,0.10949501934509541,0.0025800805709371277
2021-02-07 06:30:00,0.11436541143654114,0.03585657370517925,-0.12822040208488483,-0.1308694875915014,0.6685817487011032,0.00011135857461024499,0.5,-0.5295090458581633,0.48167134569132336,0.5407597713135547,0.3325240092332448,0.10949501934509541,0.010131719902832053
2021-02-07 06:40:00,0.12412831241283125,-0.2509960159362551,-0.12166790766939695,-0.10158900196393505,0.6742484720786275,0.00011135857461024499,0.5,-0.5295090458581633,0.48167134569132336,0.5407597713135547,0.3325240092332448,0.10949501934509541,0.01741931590144394
2021-02-07 06:50:00,0.10739191073919108,-0.2589641434262948,-0.11451973194341047,-0.07909301910373145,0.6696025441363154,0.00011135857461024499,0.5,-0.5295090458581633,0.48167134569132336,0.5407597713135547,0.3325240092332448,0.10949501934509541,0.004239781523001946
2021-02-07 07:00:00,0.1206415620641562,0.09960159362549792,-0.1118391660461654,-0.0526691662203177,0.6578372223894465,0.00011135857461024499,0.5,-0.5079691537287254,0.4881453533980646,0.5307505861665828,0.3348317485140691,0.1314248446535843,0.0056203509513104094
2021-02-07 07:10:00,0.09762900976290097,-0.1394422310756973,-0.11064780342516767,-0.03517229066238159,0.6578372223894465,0.00044543429844097997,0.5,-0.5079691537287254,0.4881453533980646,0.5307505861665828,0.3348317485140691,0.1314248446535843,0.0
2021-02-07 07:20:00,0.10390516039051603,0.4262948207171313,-0.11034996276991826,-0.056597036243527854,0.6578372223894465,0.8121380846325168,0.5,-0.5079691537287254,0.4881453533980646,0.5307505861665828,0.3348317485140691,0.1314248446535843,0.0
2021-02-07 07:30:00,0.10111576011157601,0.5697211155378485,-0.1276247207743858,-0.07266559542938766,0.6578372223894465,0.9995545657015591,0.5,-0.5079691537287254,0.4881453533980646,0.5307505861665828,0.3348317485140691,0.1314248446535843,0.0
2021-02-07 07:40:00,0.0885634588563459,0.2749003984063745,-0.139240506329114,-0.0894483128012854,0.6578372223894465,0.9995545657015591,0.5,-0.5079691537287254,0.4881453533980646,0.5307505861665828,0.3348317485140691,0.1314248446535843,0.0
2021-02-07 07:50:00,0.0899581589958159,-0.6414342629482073,-0.14072970960536124,-0.1037314765220495,0.6578372223894465,0.9995545657015591,0.5,-0.5079691537287254,0.4881453533980646,0.5307505861665828,0.3348317485140691,0.1314248446535843,0.0
2021-02-07 08:00:00,0.07670850767085077,-0.6112939546163174,-0.13834698436336568,-0.11622924477771823,0.6578372223894465,0.9995545657015591,0.5,-0.5112975585872033,0.5001336180019378,0.5517775091854641,0.3467766033429649,0.15310278297925636,0.0
2021-02-07 08:10:00,0.09623430962343095,-0.5811536462844276,-0.14072970960536124,-0.12872701303338696,0.6578372223894465,0.9995545657015591,0.5,-0.5112975585872033,0.5001336180019378,0.5517775091854641,0.3467766033429649,0.15310278297925636,0.0
2021-02-07 08:20:00,0.09902370990237098,-0.5510133379525377,-0.14072970960536124,-0.14336725584717003,0.6578372223894465,0.9995545657015591,0.5,-0.5112975585872033,0.5001336180019378,0.5517775091854641,0.3467766033429649,0.15310278297925636,0.0
2021-02-07 08:30:00,0.11018131101813111,-0.5208730296206479,-0.14579300074460166,-0.1569362613818961,0.6578372223894465,0.9995545657015591,0.5,-0.5112975585872033,0.5001336180019378,0.5517775091854641,0.3467766033429649,0.15310278297925636,0.0
2021-02-07 08:40:00,0.10529986052998605,-0.490732721288758,-0.1544303797468355,-0.17086234600964112,0.6578372223894465,0.9995545657015591,0.5,-0.5112975585872033,0.5001336180019378,0.5517775091854641,0.3467766033429649,0.15310278297925636,0.0
2021-02-07 08:50:00,0.10599721059972106,-0.46059241295686826,-0.15949367088607602,-0.18443135154436707,0.6578372223894465,0.9995545657015591,0.5,-0.5112975585872033,0.5001336180019378,0.5517775091854641,0.3467766033429649,0.15310278297925636,0.0
2021-02-07 09:00:00,0.11018131101813111,-0.4304521046249783,-0.16455696202531667,-0.19585788252097835,0.6578372223894465,0.9995545657015591,0.5,-0.527906896851902,0.5071995678247853,0.5798942294120758,0.3643012928981258,0.13847489645180935,0.0
2021-02-07 09:10:00,0.11785216178521618,-0.40031179629308855,-0.16753536857781093,-0.2065702553115515,0.6578372223894465,0.9995545657015591,0.5,-0.527906896851902,0.5071995678247853,0.5798942294120758,0.3643012928981258,0.13847489645180935,0.0
2021-02-07 09:20:00,0.11436541143654114,-0.3701714879611987,-0.1705137751303054,-0.2172826281021245,0.6578372223894465,0.9995545657015591,0.5,-0.527906896851902,0.5071995678247853,0.5798942294120758,0.3643012928981258,0.13847489645180935,0.0
2021-02-07 09:30:00,0.11297071129707113,-0.34003117962930884,-0.1705137751303054,-0.22335297268344934,0.6578372223894465,0.9995545657015591,0.5,-0.527906896851902,0.5071995678247853,0.5798942294120758,0.3643012928981258,0.13847489645180935,0.0
2021-02-07 09:40:00,0.10808926080892609,-0.3098908712974191,-0.16813104988830985,-0.22763792179967846,0.6578372223894465,0.9995545657015591,0.5,-0.527906896851902,0.5071995678247853,0.5798942294120758,0.3643012928981258,0.13847489645180935,0.0
2021-02-07 09:50:00,0.10739191073919108,-0.27975056296552925,-0.16455696202531667,-0.23263702910194595,0.6578372223894465,0.9995545657015591,0.5,-0.527906896851902,0.5071995678247853,0.5798942294120758,0.3643012928981258,0.13847489645180935,0.0
2021-02-07 10:00:00,0.10460251046025104,-0.2496102546336394,-0.16455696202531667,-0.23477950366006073,0.6578372223894465,0.9995545657015591,0.5,-0.2805252644649848,0.5282767300657764,0.38675860183370686,0.30518896411364016,0.11666677986704559,0.0
2021-02-07 10:10:00,0.10529986052998605,-0.21946994630174954,-0.16306775874906942,-0.23870737368327077,0.6578372223894465,0.9995545657015591,0.5,-0.2805252644649848,0.5282767300657764,0.38675860183370686,0.30518896411364016,0.11666677986704559,0.0
2021-02-07 10:20:00,0.10181311018131102,-0.1893296379698597,-0.16038719285182446,-0.24192108552044278,0.6578372223894465,0.9995545657015591,0.5,-0.2805252644649848,0.5282767300657764,0.38675860183370686,0.30518896411364016,0.11666677986704559,0.0
2021-02-07 10:30:00,0.09762900976290097,-0.15918932963796983,-0.1544303797468355,-0.23799321549723262,0.6578372223894465,0.9995545657015591,0.5,-0.2805252644649848,0.5282767300657764,0.38675860183370686,0.30518896411364016,0.11666677986704559,0.0
2021-02-07 10:40:00,0.09762900976290097,-0.1290490213060801,-0.14787788533134782,-0.23477950366006073,0.6578372223894465,0.9995545657015591,0.5,-0.2805252644649848,0.5282767300657764,0.38675860183370686,0.30518896411364016,0.11666677986704559,0.0
2021-02-07 10:50:00,0.10599721059972106,-0.09890871297419024,-0.14102755026061076,-0.23477950366006073,0.6578372223894465,0.9995545657015591,0.5,-0.2805252644649848,0.5282767300657764,0.38675860183370686,0.30518896411364016,0.11666677986704559,0.0
2021-02-07 11:00:00,0.09483960948396096,-0.06876840464230038,-0.1395383469843634,-0.23477950366006073,0.6578372223894465,0.9995545657015591,0.5,-0.2631260583352206,0.5306732335843828,0.34816551322880557,0.19465900389434856,0.14783732146947123,0.0
2021-02-07 11:10:00,0.08228730822873082,-0.03862809631041064,-0.13775130305286676,-0.23477950366006073,0.6578372223894465,0.9995545657015591,0.5,-0.2631260583352206,0.5306732335843828,0.34816551322880557,0.19465900389434856,0.14783732146947123,0.0
2021-02-07 11:20:00,0.061366806136680614,-0.008487787978520789,-0.1309009679821297,-0.23477950366006073,0.6578372223894465,0.9995545657015591,0.5,-0.2631260583352206,0.5306732335843828,0.34816551322880557,0.19465900389434856,0.14783732146947123,0.0
2021-02-07 11:30:00,0.05299860529986053,0.021652520353369065,-0.12107222635889814,-0.23156579182288872,0.6578372223894465,0.9995545657015591,0.5,-0.2631260583352206,0.5306732335843828,0.34816551322880557,0.19465900389434856,0.14783732146947123,0.0
2021-02-07 11:40:00,0.045327754532775454,0.05179282868525892,-0.11064780342516767,-0.225495447241564,0.6578372223894465,0.9995545657015591,0.5,-0.2631260583352206,0.5306732335843828,0.34816551322880557,0.19465900389434856,0.14783732146947123,0.0
2021-02-07 11:50:00,0.04951185495118549,0.027888446215139417,-0.10022338049143709,-0.2194251026602393,0.6578372223894465,0.9995545657015591,0.5,-0.2631260583352206,0.5306732335843828,0.34816551322880557,0.19465900389434856,0.14783732146947123,0.0
2021-02-07 12:00:00,0.055090655509065556,0.003984063745019917,-0.08652271034996295,-0.2112122835207998,0.6578372223894465,0.9995545657015591,0.5,-0.2741840416806889,0.5260440163559935,0.3279201456536298,0.10567463382940229,0.28187456624179785,0.0
2021-02-07 12:10:00,0.07182705718270573,-0.019920318725099695,-0.07311988086373811,-0.204784859846456,0.6578372223894465,0.9995545657015591,0.5,-0.2741840416806889,0.5260440163559935,0.3279201456536298,0.10567463382940229,0.28187456624179785,0.0
2021-02-07 12:20:00,0.07252440725244073,-0.043824701195219196,-0.06239761727475812,-0.20049991073022666,0.6578372223894465,0.9995545657015591,0.5,-0.2741840416806889,0.5260440163559935,0.3279201456536298,0.10567463382940229,0.28187456624179785,0.0
2021-02-07 12:30:00,0.08228730822873082,-0.06772908366533881,-0.050781831720029924,-0.19407248705588287,0.6578372223894465,0.9995545657015591,0.5,-0.2741840416806889,0.5260440163559935,0.3279201456536298,0.10567463382940229,0.28187456624179785,0.0
2021-02-07 12:40:00,0.12133891213389121,-0.0916334661354582,-0.04095309009679826,-0.1919300124977681,0.6578372223894465,0.9995545657015591,0.5,-0.2741840416806889,0.5260440163559935,0.3279201456536298,0.10567463382940229,0.28187456624179785,0.0
2021-02-07 12:50:00,0.12412831241283125,-0.11553784860557781,-0.034400595681310486,-0.1919300124977681,0.6578372223894465,0.9995545657015591,0.5,-0.2741840416806889,0.5260440163559935,0.3279201456536298,0.10567463382940229,0.28187456624179785,0.0
2021-02-07 13:00:00,0.14714086471408647,-0.1394422310756972,-0.02963514519731958,-0.1919300124977681,0.6578372223894465,0.9995545657015591,0.5,-0.1014905829219509,0.5274865160758279,0.21864898066173388,0.08546699326397955,0.6094405276938897,0.0
2021-02-07 13:10:00,0.13319386331938632,-0.1633466135458168,-0.025167535368577965,-0.1919300124977681,0.6578372223894465,0.9995545657015591,0.5,-0.1014905829219509,0.5274865160758279,0.21864898066173388,0.08546699326397955,0.6094405276938897,0.0
2021-02-07 13:20:00,0.16248256624825663,-0.1872509960159363,-0.015338793745346302,-0.1919300124977681,0.6578372223894465,0.9995545657015591,0.5,-0.1014905829219509,0.5274865160758279,0.21864898066173388,0.08546699326397955,0.6094405276938897,0.0
2021-02-07 13:30:00,0.1499302649930265,-0.2111553784860558,-0.009977661950856476,-0.18585966791644348,0.6578372223894465,0.9995545657015591,0.5,-0.1014905829219509,0.5274865160758279,0.21864898066173388,0.08546699326397955,0.6094405276938897,0.0
2021-02-07 13:40:00,0.16875871687587168,-0.23505976095617542,-0.0019359642591214588,-0.18478843063738626,0.6725733205952023,0.9995545657015591,0.5,-0.1014905829219509,0.5274865160758279,0.21864898066173388,0.08546699326397955,0.6094405276938897,0.0
2021-02-07 13:50:00,0.15271966527196654,-0.2589641434262948,-0.0019359642591214588,-0.18121763970719518,0.746816557825444,0.9995545657015591,0.5,-0.1014905829219509,0.5274865160758279,0.21864898066173388,0.08546699326397955,0.6094405276938897,0.0
2021-02-07 14:00:00,0.17782426778242677,-0.2828685258964144,-0.0028294862248698927,-0.1740760578468129,0.7468296449464081,0.9995545657015591,0.5,-0.09833117816786818,0.5250440364705325,0.21365554773112413,0.24862090934269715,0.739520283699558,0.0
2021-02-07 14:10:00,0.1304044630404463,-0.3067729083665339,-0.006105733432613669,-0.17014818782360286,0.7856329586054365,0.9995545657015591,0.5,-0.09833117816786818,0.5250440364705325,0.21365554773112413,0.24862090934269715,0.739520283699558,0.0
2021-02-07 14:20:00,0.14783821478382148,-0.33067729083665354,-0.01176470588235301,-0.1612212104981252,0.7919147766682807,0.9995545657015591,0.5,-0.09833117816786818,0.5250440364705325,0.21365554773112413,0.24862090934269715,0.739520283699558,0.0
2021-02-07 14:30:00,0.2105997210599721,-0.3545816733067729,-0.012658227848101444,-0.15657918228887702,0.8118726361387758,0.862694877505568,0.5,-0.09833117816786818,0.5250440364705325,0.21365554773112413,0.24862090934269715,0.739520283699558,0.0
2021-02-07 14:40:00,0.21687587168758715,-0.3784860557768924,-0.011169024571854091,-0.14979467952151393,0.8547067830547957,0.0010022271714922048,0.5,-0.09833117816786818,0.5250440364705325,0.21365554773112413,0.24862090934269715,0.739520283699558,0.08183080103203223
2021-02-07 14:50:00,0.21827057182705717,-0.003984063745020028,-0.0022338049143708627,-0.1247991430101768,0.8444988287026737,0.00011135857461024499,0.5,-0.09833117816786818,0.5250440364705325,0.21365554773112413,0.24862090934269715,0.739520283699558,0.08336979646031052
2021-02-07 15:00:00,0.27475592747559274,0.09960159362549792,0.006105733432613558,-0.09516157828959104,0.8564997186268993,0.00011135857461024499,0.5,-0.07523806601443594,0.5087857428155194,0.1917473933673931,0.44252733318316456,0.7538657765224269,0.12449265959533475
2021-02-07 15:10:00,0.25313807531380755,-0.2828685258964144,0.013849590469098949,-0.07659346545259771,0.8595882791744645,0.00011135857461024499,0.5,-0.07523806601443594,0.5087857428155194,0.1917473933673931,0.44252733318316456,0.7538657765224269,0.11934004254869714
2021-02-07 15:20:00,0.3200836820083682,-0.2509960159362551,0.01950856291883829,-0.05552579896447052,0.8646922563505255,0.00011135857461024499,0.5,-0.07523806601443594,0.5087857428155194,0.1917473933673931,0.44252733318316456,0.7538657765224269,0.19054121339227786
2021-02-07 15:30:00,0.40585774058577406,0.08366533864541825,0.032911392405063244,-0.038386002499553595,0.8590909685778226,0.00011135857461024499,0.5,-0.07523806601443594,0.5087857428155194,0.1917473933673931,0.44252733318316456,0.7538657765224269,0.3581785536460612
2021-02-07 15:40:00,0.3898186889818689,-0.05179282868525903,0.04810126582278462,-0.024102838778789493,0.864875476044025,0.00022271714922048998,0.5,-0.07523806601443594,0.5087857428155194,0.1917473933673931,0.44252733318316456,0.7538657765224269,0.31943962460582104
2021-02-07 15:50:00,0.4721059972105997,0.08366533864541825,0.05703648548026785,-0.00910551687198713,0.8577429951185038,0.00033407572383073496,0.5,-0.07523806601443594,0.5087857428155194,0.1917473933673931,0.44252733318316456,0.7538657765224269,0.44347963848695626
2021-02-07 16:00:00,0.4714086471408647,-0.03585657370517936,0.037081161578555344,-0.01053383324406354,0.8589208360052872,0.00022271714922048998,0.5,-0.012179881216307198,0.5117339593743802,0.15319767519276067,0.5985725953492803,0.7493319567144688,0.4638109751497503
2021-02-07 16:10:00,0.48326359832635984,0.06772908366533859,0.0040208488458675085,-0.04588466345295483,0.8565258928688277,0.0010022271714922048,0.5,-0.012179881216307198,0.5117339593743802,0.15319767519276067,0.5985725953492803,0.7493319567144688,0.5043906634277352
2021-02-07 16:20:00,0.49442119944211993,0.10756972111553775,-0.0022338049143708627,-0.054454561685413405,0.8594181466019291,0.00022271714922048998,0.5,-0.012179881216307198,0.5117339593743802,0.15319767519276067,0.5985725953492803,0.7493319567144688,0.5049866469514311
2021-02-07 16:30:00,0.47489539748953974,0.03585657370517925,-0.0037230081906179935,-0.05195500803427966,0.8594704950857861,0.00022271714922048998,0.5,-0.012179881216307198,0.5117339593743802,0.15319767519276067,0.5985725953492803,0.7493319567144688,0.44544110324848746
2021-02-07 16:40:00,0.49860529986053004,-0.15537848605577698,-0.0028294862248698927,-0.05052669166220303,0.8680818206802686,0.00022271714922048998,0.5,-0.012179881216307198,0.5117339593743802,0.15319767519276067,0.5985725953492803,0.7493319567144688,0.4992833109525175
2021-02-07 16:50:00,0.44979079497907953,0.03585657370517925,-0.0022338049143708627,-0.05052669166220303,0.8546151732080459,0.00022271714922048998,0.5,-0.012179881216307198,0.5117339593743802,0.15319767519276067,0.5985725953492803,0.7493319567144688,0.4346228706791195
2021-02-07 17:00:00,0.4825662482566248,0.019920318725099362,-0.004318689501117023,-0.055168719871451444,0.862951669262279,0.00022271714922048998,0.5,-0.0012196224230153208,0.5263830899953148,0.14434833202017308,0.6593794342594647,0.7505971691409986,0.4762436440997631
2021-02-07 17:10:00,0.44002789400278935,-0.08366533864541836,-0.009084139985108153,-0.055882878057489815,0.8636060253104919,0.00022271714922048998,0.5,-0.0012196224230153208,0.5263830899953148,0.14434833202017308,0.6593794342594647,0.7505971691409986,0.3713656321197399
2021-02-07 17:20:00,0.4351464435146444,-0.15537848605577698,-0.00967982129560696,-0.06338153901089094,0.864666082108597,0.00022271714922048998,0.5,-0.0012196224230153208,0.5263830899953148,0.14434833202017308,0.6593794342594647,0.7505971691409986,0.38698190925962256
2021-02-07 17:30:00,0.4860529986052998,-0.19521912350597614,-0.0075949367088608,-0.06659525084806284,0.8644043396893117,0.00022271714922048998,0.5,-0.0012196224230153208,0.5263830899953148,0.14434833202017308,0.6593794342594647,0.7505971691409986,0.48536445524088295
2021-02-07 17:40:00,0.36541143654114366,-0.05179282868525903,-0.008488458674609234,-0.0669523299410818,0.8458206279200637,0.00022271714922048998,0.5,-0.0012196224230153208,0.5263830899953148,0.14434833202017308,0.6593794342594647,0.7505971691409986,0.26418667109253585
2021-02-07 17:50:00,0.37377963737796377,0.01195219123505975,-0.010871183916604688,-0.07659346545259771,0.8370784311159388,0.00022271714922048998,0.5,-0.0012196224230153208,0.5263830899953148,0.14434833202017308,0.6593794342594647,0.7505971691409986,0.2703501969008857
2021-02-07 18:00:00,0.44979079497907953,0.2749003984063745,-0.01801935964259138,-0.08016425638278879,0.829867427464632,0.00022271714922048998,0.5,-0.1406088206247501,0.5408167077099041,0.20556670885772563,0.5906803653246336,0.75268188691837,0.39681186535298824
2021-02-07 18:10:00,0.4721059972105997,0.17928286852589648,-0.025167535368577965,-0.08552044277807536,0.829867427464632,0.00022271714922048998,0.5,-0.1406088206247501,0.5408167077099041,0.20556670885772563,0.5906803653246336,0.75268188691837,0.45615371848454217
2021-02-07 18:20:00,0.402370990237099,-0.01195219123505975,-0.02903946388682077,-0.09123370826638089,0.8363717265838688,0.00022271714922048998,0.5,-0.1406088206247501,0.5408167077099041,0.20556670885772563,0.5906803653246336,0.75268188691837,0.3453762240294522
2021-02-07 18:30:00,0.42538354253835425,0.06772908366533859,-0.03529411764705892,-0.09266202463845752,0.8320006281818063,0.00022271714922048998,0.5,-0.1406088206247501,0.5408167077099041,0.20556670885772563,0.5906803653246336,0.75268188691837,0.3793472848801243
2021-02-07 18:40:00,0.3410041841004184,-0.19521912350597614,-0.041250930752047776,-0.10194608105695413,0.840926044679431,0.00022271714922048998,0.5,-0.1406088206247501,0.5408167077099041,0.20556670885772563,0.5906803653246336,0.75268188691837,0.23591894624077736
2021-02-07 18:50:00,0.44979079497907953,0.14741035856573692,-0.04690990320178712,-0.10658810926620232,0.8306526547224876,0.00033407572383073496,0.5,-0.1406088206247501,0.5408167077099041,0.20556670885772563,0.5906803653246336,0.75268188691837,0.4206059417294084
2021-02-07 19:00:00,0.3612273361227336,0.15537848605577675,-0.05197319434102765,-0.11158721656846982,0.8317519728834852,0.00022271714922048998,0.5,-0.14135592982910217,0.5517676368578812,0.20146148204876332,0.4451018306271807,0.7416289148543609,0.24995096338096173
2021-02-07 19:10:00,0.35146443514644354,0.13147410358565725,-0.05763216679076699,-0.11372969112658449,0.8349779482011752,0.000278396425389755,0.5,-0.14135592982910217,0.5517676368578812,0.20146148204876332,0.4451018306271807,0.7416289148543609,0.23258822819379274
2021-02-07 19:20:00,0.3417015341701534,0.10756972111553775,-0.06329113924050644,-0.11587216568469916,0.8382039235188651,0.00033407572383073496,0.5,-0.14135592982910217,0.5517676368578812,0.20146148204876332,0.4451018306271807,0.7416289148543609,0.21522549300662375
2021-02-07 19:30:00,0.32217573221757323,-0.14741035856573714,-0.07550260610573356,-0.1283699339403679,0.836581120519297,0.00022271714922048998,0.5,-0.14135592982910217,0.5517676368578812,0.20146148204876332,0.4451018306271807,0.7416289148543609,0.2169983553872384
2021-02-07 19:40:00,0.30822873082287305,-0.019920318725099695,-0.07997021593447506,-0.1362256739867881,0.8359922000759052,0.00022271714922048998,0.5,-0.14135592982910217,0.5517676368578812,0.20146148204876332,0.4451018306271807,0.7416289148543609,0.19183879777298307
2021-02-07 19:50:00,0.28451882845188287,0.17131474103585642,-0.08890543559195851,-0.14765220496339948,0.8359922000759052,0.00022271714922048998,0.5,-0.14135592982910217,0.5517676368578812,0.20146148204876332,0.4451018306271807,0.7416289148543609,0.1659172865398253
2021-02-07 20:00:00,0.2712691771269177,-0.12350597609561753,-0.09724497393894282,-0.1569362613818961,0.8359922000759052,0.00022271714922048998,0.5,-0.17811577057477046,0.5800199421276007,0.23360315574410281,0.3415638978612904,0.7410158972203499,0.14769829654329555
2021-02-07 20:10:00,0.22454672245467225,0.2111553784860556,-0.10290394638868217,-0.16050705231208717,0.8429283741869626,0.00022271714922048998,0.5,-0.17811577057477046,0.5800199421276007,0.23360315574410281,0.3415638978612904,0.7410158972203499,0.10941201321725486
2021-02-07 20:20:00,0.23221757322175732,-0.29083665338645437,-0.10498883097542833,-0.16336368505623988,0.8387012341155069,0.00022271714922048998,0.5,-0.17811577057477046,0.5800199421276007,0.23360315574410281,0.3415638978612904,0.7410158972203499,0.11211279931197853
2021-02-07 20:30:00,0.301952580195258,-0.33864541832669326,-0.10498883097542833,-0.16693447598643107,0.8360183743178339,0.00022271714922048998,0.5,-0.17811577057477046,0.5800199421276007,0.23360315574410281,0.3415638978612904,0.7410158972203499,0.15748298806524133
2021-02-07 20:40:00,0.3235704323570432,-0.45019920318725104,-0.10975428145941923,-0.17050526691662193,0.8360183743178339,0.00022271714922048998,0.5,-0.17811577057477046,0.5800199421276007,0.23360315574410281,0.3415638978612904,0.7410158972203499,0.17795011844229522
2021-02-07 20:50:00,0.3326359832635983,-0.6733067729083666,-0.11094564408041707,-0.17050526691662193,0.8360183743178339,0.00022271714922048998,0.5,-0.17811577057477046,0.5800199421276007,0.23360315574410281,0.3415638978612904,0.7410158972203499,0.19435852558202696
2021-02-07 21:00:00,0.29218967921896793,-0.5139442231075697,-0.11094564408041707,-0.17229066238171753,0.8360183743178339,0.00022271714922048998,0.5,-0.21907529893540278,0.5957035346990149,0.29818476995347315,0.24115351605791843,0.7825929713769599,0.1429907811156208
2021-02-07 21:10:00,0.18270571827057183,0.043824701195219085,-0.11303052866716312,-0.17514729512587035,0.8360183743178339,0.00022271714922048998,0.5,-0.21907529893540278,0.5957035346990149,0.29818476995347315,0.24115351605791843,0.7825929713769599,0.06559590808274364
2021-02-07 21:20:00,0.14714086471408647,0.298804780876494,-0.11392405063291144,-0.1740760578468129,0.8360183743178339,0.00022271714922048998,0.5,-0.21907529893540278,0.5957035346990149,0.29818476995347315,0.24115351605791843,0.7825929713769599,0.055434011798964955
2021-02-07 21:30:00,0.1324965132496513,0.7689243027888444,-0.11392405063291144,-0.17371897875379394,0.8360183743178339,0.00022271714922048998,0.5,-0.21907529893540278,0.5957035346990149,0.29818476995347315,0.24115351605791843,0.7825929713769599,0.04102478989694766
2021-02-07 21:40:00,0.15690376569037656,0.25099601593625476,-0.11392405063291144,-0.1740760578468129,0.8477444347018099,0.00022271714922048998,0.5,-0.21907529893540278,0.5957035346990149,0.29818476995347315,0.24115351605791843,0.7825929713769599,0.0381429455165442
2021-02-07 21:50:00,0.1708507670850767,-0.13147410358565736,-0.09694713328369331,-0.14515265131226573,0.8525474080956931,0.00022271714922048998,0.5,-0.21907529893540278,0.5957035346990149,0.29818476995347315,0.24115351605791843,0.7825929713769599,0.02795087285181888
2021-02-07 22:00:00,0.17642956764295675,0.3784860557768923,-0.06865227103499649,-0.07873594001071249,0.8525474080956931,0.00022271714922048998,0.5,-0.34389289922730903,0.5887668926199765,0.40468910439681055,0.1997061630896337,0.9046985386829013,0.01929025152013519
2021-02-07 22:10:00,0.15411436541143653,0.6015936254980081,-0.05554728220402094,-0.03588644884841985,0.8525474080956931,0.00022271714922048998,0.5,-0.34389289922730903,0.5887668926199765,0.40468910439681055,0.1997061630896337,0.9046985386829013,0.014997661330476636
2021-02-07 22:20:00,0.13528591352859135,0.5617529880478087,-0.04542069992553999,0.002321014104624153,0.8525474080956931,0.00022271714922048998,0.5,-0.34389289922730903,0.5887668926199765,0.40468910439681055,0.1997061630896337,0.9046985386829013,0.003492916094572778
2021-02-07 22:30:00,0.10808926080892609,0.01195219123505975,-0.0424422933730455,0.04088555615068734,0.8525474080956931,0.005345211581291759,0.5,-0.34389289922730903,0.5887668926199765,0.40468910439681055,0.1997061630896337,0.9046985386829013,0.0
2021-02-07 22:40:00,0.10320781032078104,0.346613545816733,-0.048101265822784844,0.026245313336904275,0.8525474080956931,0.6587973273942094,0.5,-0.34389289922730903,0.5887668926199765,0.40468910439681055,0.1997061630896337,0.9046985386829013,0.0
2021-02-07 22:50:00,0.10251046025104603,0.33933829897800094,-0.06835443037974687,0.008748437778968166,0.8525474080956931,0.9988864142538976,0.5,-0.34389289922730903,0.5887668926199765,0.40468910439681055,0.1997061630896337,0.9046985386829013,0.0
2021-02-07 23:00:00,0.1087866108786611,0.3320630521392689,-0.07877885331347734,-0.009462595965006093,0.8525474080956931,0.9988864142538976,0.5,-0.4284817707021793,0.5963960495047527,0.44771789741675827,0.29159794941515454,0.022520477033652918,0.0
2021-02-07 23:10:00,0.11157601115760113,0.32478780530053686,-0.0847356664184663,-0.026959471522942313,0.8525474080956931,0.9988864142538976,0.5,-0.4284817707021793,0.5963960495047527,0.44771789741675827,0.29159794941515454,0.022520477033652918,0.0
2021-02-07 23:20:00,0.11157601115760113,0.3175125584618048,-0.09128816083395397,-0.044099267987859125,0.8525474080956931,0.9988864142538976,0.5,-0.4284817707021793,0.5963960495047527,0.44771789741675827,0.29159794941515454,0.022520477033652918,0.0
2021-02-07 23:30:00,0.11227336122733612,0.3102373116230728,-0.08920327624720792,-0.0590965898946616,0.8525474080956931,0.9988864142538976,0.5,-0.4284817707021793,0.5963960495047527,0.44771789741675827,0.29159794941515454,0.022520477033652918,0.0
2021-02-07 23:40:00,0.11715481171548117,0.30296206478434096,-0.09396872673119894,-0.07480806998750233,0.8525474080956931,0.9988864142538976,0.5,-0.4284817707021793,0.5963960495047527,0.44771789741675827,0.29159794941515454,0.022520477033652918,0.0
2021-02-07 23:50:00,0.11018131101813111,0.2956868179456087,-0.09516008935219666,-0.08837707552222807,0.8525474080956931,0.9988864142538976,0.5,-0.4284817707021793,0.5963960495047527,0.44771789741675827,0.29159794941515454,0.022520477033652918,0.0
2021-02-08 00:00:00,0.10634589260808926,0.2884115711068769,-0.0963514519731945,-0.096054276022139,0.8525474080956931,0.9988864142538976,0.5,-0.4491035189844118,0.5751867060145361,0.45373801749197934,0.36044873219586504,0.07271278396122509,0.0
2021-02-08 00:10:00,0.10251046025104603,0.2811363242681446,-0.09754281459419223,-0.1037314765220495,0.8525474080956931,0.9988864142538976,0.5,-0.4491035189844118,0.5751867060145361,0.45373801749197934,0.36044873219586504,0.07271278396122509,0.0
2021-02-08 00:20:00,0.11018131101813111,0.2738610774294128,-0.10260610573343276,-0.11158721656846982,0.8525474080956931,0.9988864142538976,0.5,-0.4491035189844118,0.5751867060145361,0.45373801749197934,0.36044873219586504,0.07271278396122509,0.0
2021-02-08 00:30:00,0.10669456066945607,0.26658583059068053,-0.10498883097542833,-0.1169434029637566,0.8525474080956931,0.9988864142538976,0.5,-0.4491035189844118,0.5751867060145361,0.45373801749197934,0.36044873219586504,0.07271278396122509,0.0
2021-02-08 00:40:00,0.11366806136680613,0.2593105837519487,-0.1079672375279227,-0.12265666845206213,0.8525474080956931,0.9988864142538976,0.5,-0.4491035189844118,0.5751867060145361,0.45373801749197934,0.36044873219586504,0.07271278396122509,0.0
2021-02-08 00:50:00,0.11087866108786612,0.25203533691321645,-0.10498883097542833,-0.12694161756829125,0.8525474080956931,0.9988864142538976,0.5,-0.4491035189844118,0.5751867060145361,0.45373801749197934,0.36044873219586504,0.07271278396122509,0.0
2021-02-08 01:00:00,0.10251046025104603,0.24476009007448463,-0.10975428145941923,-0.13194072487055875,0.8525474080956931,0.9988864142538976,0.5,-0.511123488813207,0.5745803963713391,0.4902751955251861,0.3835602721464647,0.09737743918974961,0.0
2021-02-08 01:10:00,0.1094839609483961,0.23748484323575259,-0.11094564408041707,-0.1347973576147118,0.8525474080956931,0.9988864142538976,0.5,-0.511123488813207,0.5745803963713391,0.4902751955251861,0.3835602721464647,0.09737743918974961,0.0
2021-02-08 01:20:00,0.09832635983263598,0.23020959639702054,-0.11094564408041707,-0.14051062310301732,0.8525474080956931,0.9988864142538976,0.5,-0.511123488813207,0.5745803963713391,0.4902751955251861,0.3835602721464647,0.09737743918974961,0.0
2021-02-08 01:30:00,0.11854951185495119,0.2229343495582885,-0.11213700670141491,-0.14729512587038018,0.8525474080956931,0.9988864142538976,0.5,-0.511123488813207,0.5745803963713391,0.4902751955251861,0.3835602721464647,0.09737743918974961,0.0
2021-02-08 01:40:00,0.12761506276150628,0.21565910271955646,-0.10915860014892054,-0.15407962863774327,0.8525474080956931,0.9988864142538976,0.5,-0.511123488813207,0.5745803963713391,0.4902751955251861,0.3835602721464647,0.09737743918974961,0.0
2021-02-08 01:50:00,0.13668061366806136,0.20838385588082442,-0.1079672375279227,-0.1612212104981252,0.8525474080956931,0.9988864142538976,0.5,-0.511123488813207,0.5745803963713391,0.4902751955251861,0.3835602721464647,0.09737743918974961,0.0
2021-02-08 02:00:00,0.1317991631799163,0.20110860904209238,-0.11094564408041707,-0.16729155507945004,0.8525474080956931,0.9988864142538976,0.5,-0.5122930148958234,0.5718275781808999,0.49604853531589466,0.3985761999928691,0.11552068973264024,0.0
2021-02-08 02:10:00,0.15481171548117156,0.19383336220336034,-0.10975428145941923,-0.17300482056775568,0.8525474080956931,0.9988864142538976,0.5,-0.5122930148958234,0.5718275781808999,0.49604853531589466,0.3985761999928691,0.11552068973264024,0.0
2021-02-08 02:20:00,0.16666666666666669,0.1865581153646283,-0.10498883097542833,-0.1790751651490804,0.8525474080956931,0.9988864142538976,0.5,-0.5122930148958234,0.5718275781808999,0.49604853531589466,0.3985761999928691,0.11552068973264024,0.0
2021-02-08 02:30:00,0.23221757322175732,0.17928286852589648,-0.10111690245718552,-0.17836100696304236,0.7330358194500791,0.9988864142538976,0.5,-0.5122930148958234,0.5718275781808999,0.49604853531589466,0.3985761999928691,0.11552068973264024,0.0
2021-02-08 02:40:00,0.2377963737796374,-0.019920318725099695,-0.10081906180193612,-0.14658096768434214,0.5616207090602138,0.24454342984409802,0.5,-0.5122930148958234,0.5718275781808999,0.49604853531589466,0.3985761999928691,0.11552068973264024,0.07402266246209092
2021-02-08 02:50:00,0.23291492329149233,0.2749003984063745,-0.08950111690245721,-0.12908409212640592,0.5684652733245213,0.00011135857461024499,0.5,-0.5122930148958234,0.5718275781808999,0.49604853531589466,0.3985761999928691,0.11552068973264024,0.1316595500701601
2021-02-08 03:00:00,0.21827057182705717,0.2111553784860556,-0.07639612807148188,-0.10551687198714521,0.581329913232388,0.00011135857461024499,0.5,-0.5229275474172536,0.551730281287446,0.50311309651303,0.42337678941944984,0.13138407723421985,0.11326704588318723
2021-02-08 03:10:00,0.18131101813110181,0.17928286852589648,-0.07073715562174243,-0.08980539189430448,0.5880305191660887,0.00022271714922048998,0.5,-0.5229275474172536,0.551730281287446,0.50311309651303,0.42337678941944984,0.13138407723421985,0.0885450457926581
2021-02-08 03:20:00,0.24546722454672246,0.1633466135458166,-0.06656738644825033,-0.0783788609176932,0.5880305191660887,0.00022271714922048998,0.5,-0.5229275474172536,0.551730281287446,0.50311309651303,0.42337678941944984,0.13138407723421985,0.1393771594972615
2021-02-08 03:30:00,0.2315202231520223,0.4183266932270917,-0.0618019359642592,-0.0751651490805213,0.5880305191660887,0.00022271714922048998,0.5,-0.5229275474172536,0.551730281287446,0.50311309651303,0.42337678941944984,0.13138407723421985,0.12259154759569685
2021-02-08 03:40:00,0.22524407252440726,0.2350597609561753,-0.05524944154877154,-0.06516693447598643,0.5880305191660887,0.00022271714922048998,0.5,-0.5229275474172536,0.551730281287446,0.50311309651303,0.42337678941944984,0.13138407723421985,0.11208262293103188
2021-02-08 03:50:00,0.2294281729428173,0.1633466135458166,-0.05405807892777381,-0.059453668987680564,0.5880305191660887,0.00022271714922048998,0.5,-0.5229275474172536,0.551730281287446,0.50311309651303,0.42337678941944984,0.13138407723421985,0.11317651674034734
2021-02-08 04:00:00,0.2377963737796374,0.585657370517928,-0.048696947133283874,-0.052312087127298734,0.5880305191660887,0.00033407572383073496,0.5,-0.5504727633668343,0.5506211081960999,0.5255536165676059,0.4500738335623623,0.1474504329272054,0.10197353531390979
2021-02-08 04:10:00,0.22733612273361226,0.08366533864541825,-0.04631422189128831,-0.04838421710408858,0.596131447042965,0.00022271714922048998,0.5,-0.5504727633668343,0.5506211081960999,0.5255536165676059,0.4500738335623623,0.1474504329272054,0.10719404921767733
2021-02-08 04:20:00,0.24546722454672246,-0.2509960159362551,-0.08950111690245721,-0.07659346545259771,0.6018897802672389,0.00022271714922048998,0.5,-0.5504727633668343,0.5506211081960999,0.5255536165676059,0.4500738335623623,0.1474504329272054,0.12113553721502181
2021-02-08 04:30:00,0.2503486750348675,-0.49800796812749004,-0.1314966492926286,-0.14479557221924644,0.6018766931462747,0.00022271714922048998,0.5,-0.5504727633668343,0.5506211081960999,0.5255536165676059,0.4500738335623623,0.1474504329272054,0.12071306788176893
2021-02-08 04:40:00,0.2496513249651325,0.15537848605577675,-0.14609084139985118,-0.17300482056775568,0.5882922615853738,0.00022271714922048998,0.5,-0.5504727633668343,0.5506211081960999,0.5255536165676059,0.4500738335623623,0.1474504329272054,0.1355447591170391
2021-02-08 04:50:00,0.2698744769874477,-0.1633466135458168,-0.15562174236783333,-0.18835922156757723,0.5880305191660887,0.00022271714922048998,0.5,-0.5504727633668343,0.5506211081960999,0.5255536165676059,0.4500738335623623,0.1474504329272054,0.15630610920832264
2021-02-08 05:00:00,0.26569037656903766,0.10756972111553775,-0.15711094564408057,-0.19657204070701662,0.5880305191660887,0.00022271714922048998,0.5,-0.5310765076513655,0.5375437850388085,0.5122513222591631,0.4741939754055884,0.1587952857980396,0.1558081989227032
2021-02-08 05:10:00,0.2496513249651325,0.36254980079681287,-0.1586001489203277,-0.20407070166041774,0.5936056326968631,0.00022271714922048998,0.5,-0.5310765076513655,0.5375437850388085,0.5122513222591631,0.4741939754055884,0.1587952857980396,0.1278271496899377
2021-02-08 05:20:00,0.23849372384937237,-0.38645418326693237,-0.1624720774385705,-0.20549901803249415,0.6018897802672389,0.00033407572383073496,0.5,-0.5310765076513655,0.5375437850388085,0.5122513222591631,0.4741939754055884,0.1587952857980396,0.1176275329299757
2021-02-08 05:30:00,0.2377963737796374,-0.26693227091633476,-0.1657483246463144,-0.20978396714872327,0.6018897802672389,0.00033407572383073496,0.5,-0.5310765076513655,0.5375437850388085,0.5122513222591631,0.4741939754055884,0.1587952857980396,0.11120750788357953
2021-02-08 05:40:00,0.24337517433751746,0.03585657370517925,-0.17170513775130314,-0.21835386538118184,0.6018897802672389,0.00033407572383073496,0.5,-0.5310765076513655,0.5375437850388085,0.5122513222591631,0.4741939754055884,0.1587952857980396,0.1157113327398645
2021-02-08 05:50:00,0.25174337517433754,0.6254980079681274,-0.17706626954579308,-0.22335297268344934,0.6018897802672389,0.00033407572383073496,0.5,-0.5310765076513655,0.5375437850388085,0.5122513222591631,0.4741939754055884,0.1587952857980396,0.1232327956908128
2021-02-08 06:00:00,0.2705718270571827,0.05976095617529875,-0.18451228592702917,-0.2304945545438314,0.6135896664092867,0.00033407572383073496,0.5,-0.4917455439438627,0.5411529078438089,0.4980534666099047,0.49062562189533726,0.1527233889198767,0.13482807006955655
2021-02-08 06:10:00,0.30474198047419804,-0.33067729083665354,-0.19046909903201792,-0.23085163363685057,0.6114041172082554,0.00033407572383073496,0.5,-0.4917455439438627,0.5411529078438089,0.4980534666099047,0.49062562189533726,0.1527233889198767,0.17944384929915358
2021-02-08 06:20:00,0.298465829846583,0.15537848605577675,-0.19523454951600916,-0.22978039635779324,0.6081192498462262,0.00033407572383073496,0.5,-0.4917455439438627,0.5411529078438089,0.4980534666099047,0.49062562189533726,0.1527233889198767,0.17628287339499374
2021-02-08 06:30:00,0.35704323570432356,-0.17928286852589637,-0.19880863737900234,-0.22978039635779324,0.5989451780502807,0.00022271714922048998,0.5,-0.4917455439438627,0.5411529078438089,0.4980534666099047,0.49062562189533726,0.1527233889198767,0.2384009535736379
2021-02-08 06:40:00,0.37377963737796377,0.3067729083665336,-0.20029784065524958,-0.22942331726477416,0.5897841933752993,0.00033407572383073496,0.5,-0.4917455439438627,0.5411529078438089,0.4980534666099047,0.49062562189533726,0.1527233889198767,0.28153054604161326
2021-02-08 06:50:00,0.3891213389121339,0.3784860557768923,-0.20029784065524958,-0.22513836814854493,0.5919435683344022,0.00022271714922048998,0.5,-0.4917455439438627,0.5411529078438089,0.4980534666099047,0.49062562189533726,0.1527233889198767,0.30980581498860843
2021-02-08 07:00:00,0.4093444909344491,-0.043824701195219196,-0.19225614296351468,-0.21085520442778072,0.6010260302835979,0.00033407572383073496,0.5,-0.4849758006659278,0.5476930061751628,0.4952614000507511,0.49125323498043094,0.15374334994444763,0.32921677203253014
2021-02-08 07:10:00,0.4198047419804742,0.17928286852589648,-0.1964259121370069,-0.1987145152651313,0.6010260302835979,0.00033407572383073496,0.5,-0.4849758006659278,0.5476930061751628,0.4952614000507511,0.49125323498043094,0.15374334994444763,0.32284955565279055
2021-02-08 07:20:00,0.36401673640167365,-0.019920318725099695,-0.20297840655249455,-0.21014104624174257,0.6010260302835979,0.00033407572383073496,0.5,-0.4849758006659278,0.5476930061751628,0.4952614000507511,0.49125323498043094,0.15374334994444763,0.2481479246194004
2021-02-08 07:30:00,0.34658298465829845,-0.059760956175298974,-0.20625465376023833,-0.21549723263702913,0.6010260302835979,0.00033407572383073496,0.5,-0.4849758006659278,0.5476930061751628,0.4952614000507511,0.49125323498043094,0.15374334994444763,0.21686256167297854
2021-02-08 07:40:00,0.35495118549511856,-0.09960159362549814,-0.20446760982874168,-0.21692554900910554,0.6010260302835979,0.00033407572383073496,0.5,-0.4849758006659278,0.5476930061751628,0.4952614000507511,0.49125323498043094,0.15374334994444763,0.23673370852633646
2021-02-08 07:50:00,0.3682008368200837,-0.3466135458167332,-0.18510796723752798,-0.1840742724513479,0.5996257083404223,0.00033407572383073496,0.5,-0.4849758006659278,0.5476930061751628,0.4952614000507511,0.49125323498043094,0.15374334994444763,0.283831495088794
2021-02-08 08:00:00,0.38354253835425384,0.21912350597609564,-0.18838421444527187,-0.17728976968398502,0.5896664092866211,0.00022271714922048998,0.5,-0.45839959202500946,0.5493969948880357,0.4702365349714675,0.4685683489726682,0.1711010577510188,0.2993874194667834
2021-02-08 08:10:00,0.4198047419804742,-0.17928286852589637,-0.2005956813104991,-0.2001428316372077,0.5896664092866211,0.00022271714922048998,0.5,-0.45839959202500946,0.5493969948880357,0.4702365349714675,0.4685683489726682,0.1711010577510188,0.33651945622161533
2021-02-08 08:20:00,0.4302649930264993,0.043824701195219085,-0.2047654504839912,-0.20692733440457056,0.5896664092866211,0.00033407572383073496,0.5,-0.45839959202500946,0.5493969948880357,0.4702365349714675,0.4685683489726682,0.1711010577510188,0.34021606288757794
2021-02-08 08:30:00,0.4281729428172943,-0.01195219123505975,-0.20625465376023833,-0.21335475807891446,0.5896664092866211,0.00022271714922048998,0.5,-0.45839959202500946,0.5493969948880357,0.4702365349714675,0.4685683489726682,0.1711010577510188,0.33590084041220936
2021-02-08 08:40:00,0.43654114365411434,0.07569721115537842,-0.20536113179449,-0.21371183717193354,0.5896664092866211,0.00022271714922048998,0.5,-0.45839959202500946,0.5493969948880357,0.4702365349714675,0.4685683489726682,0.1711010577510188,0.35329752402794334
2021-02-08 08:50:00,0.39191073919107394,-0.10756972111553798,-0.20327624720774395,-0.2126405998928762,0.5896664092866211,0.00022271714922048998,0.5,-0.45839959202500946,0.5493969948880357,0.4702365349714675,0.4685683489726682,0.1711010577510188,0.2881618057546359
2021-02-08 09:00:00,0.3842398884239888,-0.003984063745020028,-0.2011913626209978,-0.21192644170683805,0.5896664092866211,0.00022271714922048998,0.5,-0.428355562611587,0.5588220926590585,0.4489883213069159,0.4704952350581215,0.18538571746922508,0.26923367080586025
2021-02-08 09:10:00,0.36610878661087864,0.09163346613545809,-0.20029784065524958,-0.21799678628816288,0.5896664092866211,0.00022271714922048998,0.5,-0.428355562611587,0.5588220926590585,0.4489883213069159,0.4704952350581215,0.18538571746922508,0.23755601490713218
2021-02-08 09:20:00,0.37447698744769875,-0.06772908366533881,-0.1973194341027551,-0.2144259953579718,0.5896664092866211,0.00022271714922048998,0.5,-0.428355562611587,0.5588220926590585,0.4489883213069159,0.4704952350581215,0.18538571746922508,0.24433061242965132
2021-02-08 09:30:00,0.3598326359832636,0.15537848605577675,-0.1967237527922563,-0.21371183717193354,0.5896664092866211,0.00022271714922048998,0.5,-0.428355562611587,0.5588220926590585,0.4489883213069159,0.4704952350581215,0.18538571746922508,0.24367427614406206
2021-02-08 09:40:00,0.32496513249651326,0.41035856573705165,-0.19106478034251695,-0.2208534190323156,0.5896664092866211,0.00022271714922048998,0.5,-0.428355562611587,0.5588220926590585,0.4489883213069159,0.4704952350581215,0.18538571746922508,0.2171266050062616
2021-02-08 09:50:00,0.3284518828451883,0.346613545816733,-0.1702159344750559,-0.18800214247455804,0.5896664092866211,0.00022271714922048998,0.5,-0.428355562611587,0.5588220926590585,0.4489883213069159,0.4704952350581215,0.18538571746922508,0.21909561386302942
2021-02-08 10:00:00,0.3096234309623431,0.17131474103585642,-0.15711094564408057,-0.16336368505623988,0.5896664092866211,0.00022271714922048998,0.5,-0.27373617639515135,0.5702327826739121,0.34353273966569514,0.45337230105287973,0.18645531808490318,0.19382289482022422
2021-02-08 10:10:00,0.3207810320781032,-0.10756972111553798,-0.14906924795234555,-0.14765220496339948,0.5896664092866211,0.00022271714922048998,0.5,-0.27373617639515135,0.5702327826739121,0.34353273966569514,0.45337230105287973,0.18645531808490318,0.20261930986616775
2021-02-08 10:20:00,0.301255230125523,0.4183266932270917,-0.14072970960536124,-0.13943938582395987,0.5931737577050424,0.00022271714922048998,0.5,-0.27373617639515135,0.5702327826739121,0.34353273966569514,0.45337230105287973,0.18645531808490318,0.16093063958839415
2021-02-08 10:30:00,0.28033472803347276,-0.019920318725099695,-0.1309009679821297,-0.1283699339403679,0.6006203295337059,0.00022271714922048998,0.5,-0.27373617639515135,0.5702327826739121,0.34353273966569514,0.45337230105287973,0.18645531808490318,0.15712087149388176
2021-02-08 10:40:00,0.3270571827057183,-0.14741035856573714,-0.1314966492926286,-0.12229958935904306,0.5792621481200351,0.00022271714922048998,0.5,-0.27373617639515135,0.5702327826739121,0.34353273966569514,0.45337230105287973,0.18645531808490318,0.20641398977020686
2021-02-08 10:50:00,0.36052998605299863,-0.15537848605577698,-0.13417721518987347,-0.12587038028923414,0.5714753111463009,0.00022271714922048998,0.5,-0.27373617639515135,0.5702327826739121,0.34353273966569514,0.45337230105287973,0.18645531808490318,0.23570016747891426
2021-02-08 11:00:00,0.34239888423988846,-0.2749003984063746,-0.1306031273268803,-0.1230137475450811,0.5732158982345473,0.00022271714922048998,0.5,-0.2622466374249014,0.5607473412891139,0.3166027460076695,0.4336230386353586,0.19884146976314282,0.2064290779606802
2021-02-08 11:10:00,0.2782426778242678,0.24302788844621515,-0.11928518242740138,-0.1180146402428136,0.5810550836921385,0.00022271714922048998,0.5,-0.2622466374249014,0.5607473412891139,0.3166027460076695,0.4336230386353586,0.19884146976314282,0.14010893673521735
2021-02-08 11:20:00,0.2524407252440725,0.2828685258964143,-0.10677587490692497,-0.10837350473129803,0.5963670152203218,0.00022271714922048998,0.5,-0.2622466374249014,0.5607473412891139,0.3166027460076695,0.4336230386353586,0.19884146976314282,0.11294264978801093
2021-02-08 11:30:00,0.2782426778242678,0.03585657370517925,-0.09962769918093839,-0.09980360649883946,0.6009082461949196,0.00033407572383073496,0.5,-0.2622466374249014,0.5607473412891139,0.3166027460076695,0.4336230386353586,0.19884146976314282,0.14452223244866244
2021-02-08 11:40:00,0.2824267782426778,0.29083665338645415,-0.09754281459419223,-0.10016068559185842,0.6009082461949196,0.00044543429844097997,0.5,-0.2622466374249014,0.5607473412891139,0.3166027460076695,0.4336230386353586,0.19884146976314282,0.14478627578194547
2021-02-08 11:50:00,0.2705718270571827,0.22709163346613526,-0.08682055100521235,-0.09230494554543822,0.6009082461949196,0.00022271714922048998,0.5,-0.2622466374249014,0.5607473412891139,0.3166027460076695,0.4336230386353586,0.19884146976314282,0.13289678168897204
2021-02-08 12:00:00,0.29009762900976294,-0.10756972111553798,-0.07997021593447506,-0.09444742010355289,0.6009082461949196,0.00022271714922048998,0.5,-0.2523449389855258,0.5663707913921269,0.27919613034310703,0.4225612811636922,0.22553361866455138,0.14578964044842102
2021-02-08 12:10:00,0.2691771269177127,0.19521912350597592,-0.07580044676098296,-0.09908944831280142,0.6009344204368482,0.00022271714922048998,0.5,-0.2523449389855258,0.5663707913921269,0.27919613034310703,0.4225612811636922,0.22553361866455138,0.11644310997782036
2021-02-08 12:20:00,0.22315202231520226,0.3306772908366533,-0.06448250186150428,-0.08909123370826644,0.6130400073287878,0.00022271714922048998,0.5,-0.2523449389855258,0.5663707913921269,0.27919613034310703,0.4225612811636922,0.22553361866455138,0.09161549255397801
2021-02-08 12:30:00,0.20711297071129708,0.4262948207171313,-0.06656738644825033,-0.1283699339403679,0.6256559919383335,0.00022271714922048998,0.5,-0.2523449389855258,0.5663707913921269,0.27919613034310703,0.4225612811636922,0.22553361866455138,0.07900176531828539
2021-02-08 12:40:00,0.16666666666666669,0.11553784860557759,-0.05822784810126602,-0.1347973576147118,0.6339924879925666,0.00022271714922048998,0.5,-0.2523449389855258,0.5663707913921269,0.27919613034310703,0.4225612811636922,0.22553361866455138,0.057976371893718785
2021-02-08 12:50:00,0.16596931659693165,-0.21912350597609564,-0.04899478778853328,-0.13301196214961608,0.636793131878918,0.00022271714922048998,0.5,-0.2523449389855258,0.5663707913921269,0.27919613034310703,0.4225612811636922,0.22553361866455138,0.05117159799025303
2021-02-08 13:00:00,0.15481171548117156,0.21912350597609564,-0.03827252419955329,-0.1280128548473486,0.6386253288139142,0.00033407572383073496,0.5,-0.028807597033309484,0.5534084084515537,0.1646172870223372,0.34991451507464943,0.2501483425364787,0.04860660560978922
2021-02-08 13:10:00,0.16457461645746163,0.24302788844621515,-0.028443782576321852,-0.12372790573111947,0.6455222415620787,0.00033407572383073496,0.5,-0.028807597033309484,0.5534084084515537,0.1646172870223372,0.34991451507464943,0.2501483425364787,0.051103701133123104
2021-02-08 13:20:00,0.1589958158995816,0.11553784860557759,-0.02010424422933743,-0.11980003570790931,0.6519611050764942,0.00044543429844097997,0.5,-0.028807597033309484,0.5534084084515537,0.1646172870223372,0.34991451507464943,0.2501483425364787,0.0470374338005643
2021-02-08 13:30:00,0.16945606694560672,0.043824701195219085,-0.011169024571854091,-0.11372969112658449,0.641844760571122,0.00033407572383073496,0.5,-0.028807597033309484,0.5534084084515537,0.1646172870223372,0.34991451507464943,0.2501483425364787,0.05498891018000211
2021-02-08 13:40:00,0.17503486750348674,0.03585657370517925,0.0037230081906181045,-0.09801821103374397,0.6478517490937168,0.00033407572383073496,0.5,-0.028807597033309484,0.5534084084515537,0.1646172870223372,0.34991451507464943,0.2501483425364787,0.047527799990947084
2021-02-08 13:50:00,0.19804741980474197,0.1872509960159361,0.03261355174981384,-0.028387787895018723,0.6432974309981546,0.00033407572383073496,0.5,-0.028807597033309484,0.5534084084515537,0.1646172870223372,0.34991451507464943,0.2501483425364787,0.05642983237020384
2021-02-08 14:00:00,0.18549511854951187,0.043824701195219085,0.05346239761727456,0.019460810569541076,0.6516077528104592,0.00033407572383073496,0.5,-0.027130136751002287,0.5365007025720752,0.15807215647543985,0.28398416732205206,0.2820057515086378,0.04818413627653635
2021-02-08 14:10:00,0.14714086471408647,0.03585657370517925,0.06775874906924773,0.05195500803427966,0.6440695711350459,0.00033407572383073496,0.5,-0.027130136751002287,0.5365007025720752,0.15807215647543985,0.28398416732205206,0.2820057515086378,0.01650648037780829
2021-02-08 14:20:00,0.16875871687587168,0.40239043824701204,0.0814594192107223,0.08944831280128551,0.6587794950988732,0.00033407572383073496,0.5,-0.027130136751002287,0.5365007025720752,0.15807215647543985,0.28398416732205206,0.2820057515086378,0.03109676056550538
2021-02-08 14:30:00,0.14714086471408647,0.03585657370517925,0.08830975428145926,0.11587216568469927,0.6679928282577116,0.00033407572383073496,0.5,-0.027130136751002287,0.5365007025720752,0.15807215647543985,0.28398416732205206,0.2820057515086378,0.028765635137377978
2021-02-08 14:40:00,0.12831241283124128,-0.06772908366533881,0.0743112434847355,0.08266381003392254,0.6705709910876706,0.0006681514476614699,0.5,-0.027130136751002287,0.5365007025720752,0.15807215647543985,0.28398416732205206,0.2820057515086378,0.010478748283718335
2021-02-08 14:50:00,0.13458856345885634,-0.003984063745020028,0.08860759493670867,0.11587216568469927,0.6749682637316616,0.14175946547884188,0.5,-0.027130136751002287,0.5365007025720752,0.15807215647543985,0.28398416732205206,0.2820057515086378,0.0
2021-02-08 15:00:00,0.12552301255230125,-0.08964143426294835,0.09456440804169763,0.11872879842885187,0.6758451008362669,0.9995545657015591,0.5,-0.029548569269197245,0.5168976486105166,0.15357317181272043,0.2216614104625293,0.31816880550411736,0.0
2021-02-08 15:10:00,0.1290097629009763,-0.17529880478087656,0.09873417721518973,0.12229958935904306,0.6758451008362669,0.9995545657015591,0.5,-0.029548569269197245,0.5168976486105166,0.15357317181272043,0.2216614104625293,0.31816880550411736,0.0
2021-02-08 15:20:00,0.09344490934449094,-0.2609561752988049,0.10826507818317177,0.11872879842885187,0.6758451008362669,0.9995545657015591,0.5,-0.029548569269197245,0.5168976486105166,0.15357317181272043,0.2216614104625293,0.31816880550411736,0.0
2021-02-08 15:30:00,0.11087866108786612,-0.3466135458167332,0.11541325390915858,0.1151580074986609,0.6758451008362669,0.9995545657015591,0.5,-0.029548569269197245,0.5168976486105166,0.15357317181272043,0.2216614104625293,0.31816880550411736,0.0
2021-02-08 15:40:00,0.044630404463040445,-0.38645418326693237,0.12017870439314948,0.11801464024281394,0.6758451008362669,0.9995545657015591,0.5,-0.029548569269197245,0.5168976486105166,0.15357317181272043,0.2216614104625293,0.31816880550411736,0.0
2021-02-08 15:50:00,0.08437935843793584,-0.42629482071713154,0.13030528667163077,0.12087127298696676,0.6758451008362669,0.9995545657015591,0.5,-0.029548569269197245,0.5168976486105166,0.15357317181272043,0.2216614104625293,0.31816880550411736,0.0
2021-02-08 16:00:00,0.03417015341701534,-0.37250996015936266,0.13477289650037205,0.12229958935904306,0.6758451008362669,0.9995545657015591,0.5,0.06704998260636374,0.4919125190010555,0.11628588823845926,0.20018964756910124,0.34434267941716795,0.0
2021-02-08 16:10:00,0.03765690376569038,-0.3187250996015938,0.14400595681310469,0.12229958935904306,0.6758451008362669,0.9995545657015591,0.5,0.06704998260636374,0.4919125190010555,0.11628588823845926,0.20018964756910124,0.34434267941716795,0.0
2021-02-08 16:20:00,0.09553695955369597,-0.2649402390438248,0.15443037974683538,0.12015711480092839,0.6758451008362669,0.9995545657015591,0.5,0.06704998260636374,0.4919125190010555,0.11628588823845926,0.20018964756910124,0.34434267941716795,0.0
2021-02-08 16:30:00,0.06485355648535565,-0.21115537848605592,0.1594936708860759,0.1151580074986609,0.6758451008362669,0.9995545657015591,0.5,0.06704998260636374,0.4919125190010555,0.11628588823845926,0.20018964756910124,0.34434267941716795,0.0
2021-02-08 16:40:00,0.07740585774058578,-0.22602921646746355,0.16455696202531622,0.1151580074986609,0.6758451008362669,0.9995545657015591,0.5,0.06704998260636374,0.4919125190010555,0.11628588823845926,0.20018964756910124,0.34434267941716795,0.0
2021-02-08 16:50:00,0.0899581589958159,-0.24090305444887117,0.16187639612807136,0.11230137475450808,0.6758451008362669,0.9995545657015591,0.5,0.06704998260636374,0.4919125190010555,0.11628588823845926,0.20018964756910124,0.34434267941716795,0.0
2021-02-08 17:00:00,0.060669456066945605,-0.2557768924302789,0.16455696202531622,0.11123013747545074,0.6758451008362669,0.9995545657015591,0.5,0.06403713132745614,0.48713387949092934,0.11259217326055726,0.2045676782761417,0.3488889859544818,0.0
2021-02-08 17:10:00,0.08577405857740586,-0.27065073041168675,0.16872673119880832,0.10765934654525999,0.6758451008362669,0.9995545657015591,0.5,0.06403713132745614,0.48713387949092934,0.11259217326055726,0.2045676782761417,0.3488889859544818,0.0
2021-02-08 17:20:00,0.055090655509065556,-0.28552456839309437,0.1705137751303052,0.1040885556150688,0.6758451008362669,0.9995545657015591,0.5,0.06403713132745614,0.48713387949092934,0.11259217326055726,0.2045676782761417,0.3488889859544818,0.0
2021-02-08 17:30:00,0.07880055788005579,-0.3003984063745021,0.17617274758004453,0.1008748437778968,0.6758451008362669,0.9995545657015591,0.5,0.06403713132745614,0.48713387949092934,0.11259217326055726,0.2045676782761417,0.3488889859544818,0.0
2021-02-08 17:40:00,0.0885634588563459,-0.3152722443559097,0.17766195085629177,0.09908944831280131,0.6758451008362669,0.9995545657015591,0.5,0.06403713132745614,0.48713387949092934,0.11259217326055726,0.2045676782761417,0.3488889859544818,0.0
2021-02-08 17:50:00,0.08577405857740586,-0.33014608233731746,0.1746835443037973,0.09301910373147648,0.6758451008362669,0.9995545657015591,0.5,0.06403713132745614,0.48713387949092934,0.11259217326055726,0.2045676782761417,0.3488889859544818,0.0
2021-02-08 18:00:00,0.09205020920502092,-0.3450199203187252,0.17259865971705124,0.08837707552222818,0.6758451008362669,0.9995545657015591,0.5,-0.11565914209850314,0.49061082104670434,0.1746099863332419,0.22602455095419738,0.31191793856290795,0.0
2021-02-08 18:10:00,0.10251046025104603,-0.3598937583001328,0.16842889054355892,0.08266381003392254,0.6758451008362669,0.9995545657015591,0.5,-0.11565914209850314,0.49061082104670434,0.1746099863332419,0.22602455095419738,0.31191793856290795,0.0
2021-02-08 18:20:00,0.09693165969316596,-0.37476759628154066,0.16306775874906898,0.07659346545259771,0.6758451008362669,0.9995545657015591,0.5,-0.11565914209850314,0.49061082104670434,0.1746099863332419,0.22602455095419738,0.31191793856290795,0.0
2021-02-08 18:30:00,0.11715481171548117,-0.3896414342629483,0.15591958302308262,0.06945188359221577,0.6758451008362669,0.9995545657015591,0.5,-0.11565914209850314,0.49061082104670434,0.1746099863332419,0.22602455095419738,0.31191793856290795,0.0
2021-02-08 18:40:00,0.12133891213389121,-0.404515272244356,0.1443037974683543,0.0590965898946616,0.6758451008362669,0.9995545657015591,0.5,-0.11565914209850314,0.49061082104670434,0.1746099863332419,0.22602455095419738,0.31191793856290795,0.0
2021-02-08 18:50:00,0.17852161785216178,-0.41938911022576364,0.13804914370811594,0.049455454383146025,0.6758451008362669,0.9995545657015591,0.5,-0.11565914209850314,0.49061082104670434,0.1746099863332419,0.22602455095419738,0.31191793856290795,0.0
2021-02-08 19:00:00,0.17154811715481172,-0.4342629482071714,0.12702903946388688,0.03802892340653452,0.6758451008362669,0.20400890868596883,0.5,-0.11752387997824054,0.4754444594505298,0.18143423476616807,0.2881984508640505,0.30681208083443146,0.0
2021-02-08 19:10:00,0.2294281729428173,-0.2828685258964144,0.12017870439314948,0.030887341546152358,0.6758451008362669,0.26102449888641427,0.5,-0.11752387997824054,0.4754444594505298,0.18143423476616807,0.2881984508640505,0.30681208083443146,0.04968541122863135
2021-02-08 19:20:00,0.1882845188284519,-0.01195219123505975,0.12405063291139218,0.030887341546152358,0.6758451008362669,0.00022271714922048998,0.5,-0.11752387997824054,0.4754444594505298,0.18143423476616807,0.2881984508640505,0.30681208083443146,0.06364953151168581
2021-02-08 19:30:00,0.23570432357043236,-0.06772908366533881,0.12315711094564374,0.03767184431351556,0.6758451008362669,0.00022271714922048998,0.5,-0.11752387997824054,0.4754444594505298,0.18143423476616807,0.2881984508640505,0.30681208083443146,0.10137000769497714
2021-02-08 19:40:00,0.20502092050209206,-0.3466135458167332,0.11839166046165284,0.04052847705766838,0.6758451008362669,0.00022271714922048998,0.5,-0.11752387997824054,0.4754444594505298,0.18143423476616807,0.2881984508640505,0.30681208083443146,0.08636480226926385
2021-02-08 19:50:00,0.21827057182705717,-0.4661354581673308,0.11243484735666387,0.046598821638993204,0.672717278925809,0.00022271714922048998,0.5,-0.11752387997824054,0.4754444594505298,0.18143423476616807,0.2881984508640505,0.30681208083443146,0.09238499026811714
2021-02-08 20:00:00,0.21338912133891214,0.12350597609561742,0.10945644080416961,0.050883770755222324,0.6620512753399379,0.00022271714922048998,0.5,-0.15957352071543718,0.4804156238236611,0.21432639444493268,0.3618903527621251,0.27144822225509957,0.09499524722000091
2021-02-08 20:10:00,0.28033472803347276,-0.298804780876494,0.10647803425167512,0.05052669166220336,0.6620512753399379,0.00011135857461024499,0.5,-0.15957352071543718,0.4804156238236611,0.21432639444493268,0.3618903527621251,0.27144822225509957,0.1626431492071156
2021-02-08 20:20:00,0.2873082287308229,-0.13147410358565736,0.07728965003722998,0.02803070880199976,0.6620512753399379,0.00022271714922048998,0.5,-0.15957352071543718,0.4804156238236611,0.21432639444493268,0.3618903527621251,0.27144822225509957,0.16440092339725695
2021-02-08 20:30:00,0.3417015341701534,-0.21115537848605592,0.01950856291883829,-0.03231565791822877,0.6620512753399379,0.00033407572383073496,0.5,-0.15957352071543718,0.4804156238236611,0.21432639444493268,0.3618903527621251,0.27144822225509957,0.1985983071050289
2021-02-08 20:40:00,0.35564853556485354,-0.1633466135458168,0.0004467609828739949,-0.06409569719692909,0.6620512753399379,0.00033407572383073496,0.5,-0.15957352071543718,0.4804156238236611,0.21432639444493268,0.3618903527621251,0.27144822225509957,0.21898999652971618
2021-02-08 20:50:00,0.44490934449093444,-0.19521912350597614,-0.015636634400595817,-0.08052133547580786,0.6607818246064048,0.00022271714922048998,0.5,-0.15957352071543718,0.4804156238236611,0.21432639444493268,0.3618903527621251,0.27144822225509957,0.3582766268841378
2021-02-08 21:00:00,0.32147838214783825,-0.03585657370517936,-0.03112434847356671,-0.0930191037314766,0.6486762377144651,0.00044543429844097997,0.5,-0.1888745100014243,0.4766254701773257,0.23650466289191746,0.4149835990280772,0.23250068318765113,0.21453143624485116
2021-02-08 21:10:00,0.303347280334728,-0.5139442231075697,-0.04363365599404323,-0.10515979289412591,0.6396330371281622,0.00022271714922048998,0.5,-0.1888745100014243,0.4766254701773257,0.23650466289191746,0.4149835990280772,0.23250068318765113,0.20199314996152512
2021-02-08 21:20:00,0.36192468619246865,-0.3784860557768924,-0.054355919583023216,-0.11123013747545074,0.6396330371281622,0.00022271714922048998,0.5,-0.1888745100014243,0.4766254701773257,0.23650466289191746,0.4149835990280772,0.23250068318765113,0.2898516830876473
2021-02-08 21:30:00,0.44072524407252445,-0.3944223107569722,-0.06090841399851088,-0.11337261203356541,0.6364659538548115,0.00022271714922048998,0.5,-0.1888745100014243,0.4766254701773257,0.23650466289191746,0.4149835990280772,0.23250068318765113,0.3506872670760596
2021-02-08 21:40:00,0.3821478382147839,0.17928286852589648,-0.06358897989575596,-0.12122835207998572,0.6283781130988993,0.00033407572383073496,0.5,-0.1888745100014243,0.4766254701773257,0.23650466289191746,0.4149835990280772,0.23250068318765113,0.27109706232931485
2021-02-08 21:50:00,0.3716875871687587,0.019920318725099362,-0.06865227103499649,-0.12729869666131055,0.6283781130988993,0.00033407572383073496,0.5,-0.1888745100014243,0.4766254701773257,0.23650466289191746,0.4149835990280772,0.23250068318765113,0.258091042141316
2021-02-08 22:00:00,0.3486750348675035,-0.1633466135458168,-0.07073715562174243,-0.1312265666845207,0.6283781130988993,0.00033407572383073496,0.5,-0.2903139959902916,0.4686514926423911,0.28351072727012183,0.46966947452292707,0.20767985311700507,0.2411847247159648
2021-02-08 22:10:00,0.35495118549511856,0.043824701195219085,-0.07252419955323908,-0.13301196214961608,0.6194657837222389,0.00033407572383073496,0.5,-0.2903139959902916,0.4686514926423911,0.28351072727012183,0.46966947452292707,0.20767985311700507,0.24494168414382064
2021-02-08 22:20:00,0.3486750348675035,0.07569721115537842,-0.07758749069247961,-0.13872522763792183,0.6171362761906009,0.00022271714922048998,0.5,-0.2903139959902916,0.4686514926423911,0.28351072727012183,0.46966947452292707,0.20767985311700507,0.23924589224014364
2021-02-08 22:30:00,0.33054393305439334,0.3545816733067728,-0.07967237527922577,-0.14336725584717003,0.6171362761906009,0.00022271714922048998,0.5,-0.2903139959902916,0.4686514926423911,0.28351072727012183,0.46966947452292707,0.20767985311700507,0.20868476243644102
2021-02-08 22:40:00,0.3458856345885635,0.5139442231075697,-0.08205510052122122,-0.15086591680057126,0.6171362761906009,0.00033407572383073496,0.5,-0.2903139959902916,0.4686514926423911,0.28351072727012183,0.46966947452292707,0.20767985311700507,0.24206738385865384
2021-02-08 22:50:00,0.3633193863319386,0.2749003984063745,-0.08801191362621008,-0.15265131226566697,0.6171362761906009,0.00033407572383073496,0.5,-0.2903139959902916,0.4686514926423911,0.28351072727012183,0.46966947452292707,0.20767985311700507,0.26813977699654484
2021-02-08 23:00:00,0.39609483960948394,-0.02788844621513953,-0.09337304542070002,-0.1490805213354759,0.6171362761906009,0.00033407572383073496,0.5,-0.3424098874566702,0.4569994281724227,0.3016177550932674,0.5174781318206074,0.19418047132320207,0.31958296241531753
2021-02-08 23:10:00,0.4246861924686192,-0.3067729083665339,-0.09605361131794499,-0.14836636314943752,0.6171362761906009,0.00022271714922048998,0.5,-0.3424098874566702,0.4569994281724227,0.3016177550932674,0.5174781318206074,0.19418047132320207,0.3747604749762361
2021-02-08 23:20:00,0.40446304044630405,-0.29083665338645437,-0.0927773641102011,-0.13801106945188357,0.6130269202078235,0.00022271714922048998,0.5,-0.3424098874566702,0.4569994281724227,0.3016177550932674,0.5174781318206074,0.19418047132320207,0.3523167916471778
2021-02-08 23:30:00,0.42538354253835425,-0.059760956175298974,-0.08265078183172014,-0.11730048205677557,0.605933700645195,0.00022271714922048998,0.5,-0.3424098874566702,0.4569994281724227,0.3016177550932674,0.5174781318206074,0.19418047132320207,0.3814369992606787
2021-02-08 23:40:00,0.4393305439330544,0.027888446215139417,-0.09367088607594942,-0.12515622210319588,0.605933700645195,0.00022271714922048998,0.5,-0.3424098874566702,0.4569994281724227,0.3016177550932674,0.5174781318206074,0.19418047132320207,0.3975587307814174
2021-02-08 23:50:00,0.4344490934449094,-0.11553784860557781,-0.08443782576321679,-0.1180146402428136,0.6121369959822539,0.00022271714922048998,0.5,-0.3424098874566702,0.4569994281724227,0.3016177550932674,0.5174781318206074,0.19418047132320207,0.3775291579280897
2021-02-09 00:00:00,0.44072524407252445,0.2350597609561753,-0.09426656738644845,-0.12087127298696665,0.605933700645195,0.00022271714922048998,0.5,-0.3345551014717718,0.4338504685250599,0.27914946274562474,0.5573174500184068,0.19763792766929597,0.41017245801711005
2021-02-09 00:10:00,0.44979079497907953,0.2669322709163344,-0.10081906180193612,-0.1344402785216925,0.605933700645195,0.00044543429844097997,0.5,-0.3345551014717718,0.4338504685250599,0.27914946274562474,0.5573174500184068,0.19763792766929597,0.436176954297871
2021-02-09 00:20:00,0.4602510460251046,0.33864541832669315,-0.10201042442293384,-0.1390823067309409,0.605933700645195,0.00044543429844097997,0.5,-0.3345551014717718,0.4338504685250599,0.27914946274562474,0.5573174500184068,0.19763792766929597,0.4534001237231619
2021-02-09 00:30:00,0.4818688981868898,0.36254980079681287,-0.09873417721518996,-0.14193893947509362,0.605933700645195,0.0024498886414253897,0.5,-0.3345551014717718,0.4338504685250599,0.27914946274562474,0.5573174500184068,0.19763792766929597,0.4855907780979827
2021-02-09 00:40:00,0.502092050209205,0.40239043824701204,-0.09694713328369331,-0.14015354400999824,0.6088783028621534,0.002561247216035635,0.5,-0.3345551014717718,0.4338504685250599,0.27914946274562474,0.5573174500184068,0.19763792766929597,0.5317380086606214
2021-02-09 00:50:00,0.5327754532775453,-0.3545816733067729,-0.10022338049143709,-0.13301196214961608,0.617097014827708,0.00022271714922048998,0.5,-0.3345551014717718,0.4338504685250599,0.27914946274562474,0.5573174500184068,0.19763792766929597,0.6121429756929251
2021-02-09 01:00:00,0.5244072524407252,0.17131474103585642,-0.1037974683544306,-0.13229780396357804,0.6078051589430842,0.00011135857461024499,0.5,-0.3832309671428711,0.4216754260690144,0.28648299669890154,0.5846393317175002,0.2015201248229674,0.6072468578843339
2021-02-09 01:10:00,0.5013947001394701,0.298804780876494,-0.10737155621742378,-0.1358685948937688,0.6058551779194096,0.00022271714922048998,0.5,-0.3832309671428711,0.4216754260690144,0.28648299669890154,0.5846393317175002,0.2015201248229674,0.5481539598955898
2021-02-09 01:20:00,0.5153417015341701,0.2589641434262948,-0.11124348473566659,-0.1358685948937688,0.6058551779194096,0.00022271714922048998,0.5,-0.3832309671428711,0.4216754260690144,0.28648299669890154,0.5846393317175002,0.2015201248229674,0.5747619837952834
2021-02-09 01:30:00,0.49790794979079495,0.29083665338645415,-0.11392405063291144,-0.14193893947509362,0.6058551779194096,0.00022271714922048998,0.5,-0.3832309671428711,0.4216754260690144,0.28648299669890154,0.5846393317175002,0.2015201248229674,0.5520919776091254
2021-02-09 01:40:00,0.5453277545327755,0.09960159362549792,-0.11481757259865988,-0.14193893947509362,0.6058551779194096,0.00022271714922048998,0.5,-0.3832309671428711,0.4216754260690144,0.28648299669890154,0.5846393317175002,0.2015201248229674,0.6543899090182115
2021-02-09 01:50:00,0.6171548117154811,-0.20318725099601598,-0.11749813849590485,-0.13979646491697895,0.6058551779194096,0.00033407572383073496,0.5,-0.3832309671428711,0.4216754260690144,0.28648299669890154,0.5846393317175002,0.2015201248229674,0.8018090740377506
2021-02-09 02:00:00,0.6255230125523014,-0.17131474103585675,-0.11988086373790041,-0.14086770219603628,0.6058551779194096,0.00022271714922048998,0.5,-0.3763950513354076,0.41227331634134035,0.2610059124548843,0.5935522240763682,0.19914704576419595,0.8051812846085369
2021-02-09 02:10:00,0.6506276150627616,-0.1633466135458168,-0.12017870439314982,-0.14193893947509362,0.6058551779194096,0.00022271714922048998,0.5,-0.3763950513354076,0.41227331634134035,0.2610059124548843,0.5935522240763682,0.19914704576419595,0.867608672691884
2021-02-09 02:20:00,0.6729428172942817,-0.2828685258964144,-0.12285927029039478,-0.14122478128905558,0.6058551779194096,0.00033407572383073496,0.5,-0.3763950513354076,0.41227331634134035,0.2610059124548843,0.5935522240763682,0.19914704576419595,0.9355055298218085
2021-02-09 02:30:00,0.6980474198047419,-0.3227091633466136,-0.12494415487714083,-0.1358685948937688,0.6058551779194096,0.000779510022271715,0.5,-0.3763950513354076,0.41227331634134035,0.2610059124548843,0.5935522240763682,0.19914704576419595,0.992010803144379
2021-02-09 02:40:00,0.6596931659693167,-0.298804780876494,-0.12673119880863748,-0.1347973576147118,0.6058551779194096,0.00044543429844097997,0.5,-0.3763950513354076,0.41227331634134035,0.2610059124548843,0.5935522240763682,0.19914704576419595,0.909357695731551
2021-02-09 02:50:00,0.6401673640167364,-0.33067729083665354,-0.12881608339538353,-0.132654883056597,0.6058551779194096,0.00033407572383073496,0.5,-0.3763950513354076,0.41227331634134035,0.2610059124548843,0.5935522240763682,0.19914704576419595,0.8474734825052431
2021-02-09 03:00:00,0.6415620641562064,-0.4342629482071714,-0.13030528667163077,-0.1312265666845207,0.6058551779194096,0.00033407572383073496,0.5,-0.3499369126312486,0.3984833638403834,0.24678180628204197,0.6146629241092462,0.19772045895664117,0.8656396638351164
2021-02-09 03:10:00,0.6115760111576011,-0.3466135458167332,-0.1306031273268803,-0.129441171219425,0.6058551779194096,0.00033407572383073496,0.5,-0.3499369126312486,0.3984833638403834,0.24678180628204197,0.6146629241092462,0.19772045895664117,0.7965055750863799
2021-02-09 03:20:00,0.5808926080892608,-0.42629482071713154,-0.1309009679821297,-0.12622745938225322,0.6058551779194096,0.00011135857461024499,0.5,-0.3499369126312486,0.3984833638403834,0.24678180628204197,0.6146629241092462,0.19772045895664117,0.7252742278618526
2021-02-09 03:30:00,0.596234309623431,-0.33864541832669326,-0.131794489947878,-0.12515622210319588,0.6058551779194096,0.00022271714922048998,0.5,-0.3499369126312486,0.3984833638403834,0.24678180628204197,0.6146629241092462,0.19772045895664117,0.7319432080510585
2021-02-09 03:40:00,0.5781032078103208,-0.4900398406374503,-0.131794489947878,-0.12515622210319588,0.6058551779194096,0.00033407572383073496,0.5,-0.3499369126312486,0.3984833638403834,0.24678180628204197,0.6146629241092462,0.19772045895664117,0.6844757608220046
2021-02-09 03:50:00,0.5739191073919108,-0.2509960159362551,-0.1309009679821297,-0.12408498482413843,0.6058551779194096,0.00011135857461024499,0.5,-0.3499369126312486,0.3984833638403834,0.24678180628204197,0.6146629241092462,0.19772045895664117,0.6847096277743411
2021-02-09 04:00:00,0.5676429567642958,-0.21912350597609564,-0.131794489947878,-0.12408498482413843,0.6058551779194096,0.00022271714922048998,0.5,-0.37122638976487077,0.3896961842721558,0.2779447285714884,0.62770146390112,0.19878147388650053,0.6606515080646378
2021-02-09 04:10:00,0.6052998605299861,-0.3466135458167332,-0.1314966492926286,-0.12694161756829125,0.6058551779194096,0.00044543429844097997,0.5,-0.37122638976487077,0.3896961842721558,0.2779447285714884,0.62770146390112,0.19878147388650053,0.7499283310952517
2021-02-09 04:20:00,0.5850767085076709,-0.45019920318725104,-0.12881608339538353,-0.12765577575432951,0.6058551779194096,0.00022271714922048998,0.5,-0.37122638976487077,0.3896961842721558,0.2779447285714884,0.62770146390112,0.19878147388650053,0.7523424415709824
2021-02-09 04:30:00,0.5550906555090656,-0.29083665338645437,-0.12881608339538353,-0.12408498482413843,0.6003585871144207,0.00044543429844097997,0.5,-0.37122638976487077,0.3896961842721558,0.2779447285714884,0.62770146390112,0.19878147388650053,0.6829593976794363
2021-02-09 04:40:00,0.5753138075313807,-0.298804780876494,-0.12881608339538353,-0.12408498482413843,0.5946395152530395,0.00022271714922048998,0.5,-0.37122638976487077,0.3896961842721558,0.2779447285714884,0.62770146390112,0.19878147388650053,0.6792477028230005
2021-02-09 04:50:00,0.5934449093444909,-0.07569721115537853,-0.12673119880863748,-0.12872701303338696,0.5946395152530395,0.00011135857461024499,0.5,-0.37122638976487077,0.3896961842721558,0.2779447285714884,0.62770146390112,0.19878147388650053,0.753919157475444
2021-02-09 05:00:00,0.6004184100418409,0.01195219123505975,-0.12107222635889814,-0.1308694875915014,0.5946395152530395,0.00022271714922048998,0.5,-0.3657401400763053,0.3649294410744608,0.2773673438667681,0.6170378546958672,0.20234266147831415,0.763122953664167
2021-02-09 05:10:00,0.5683403068340307,0.05976095617529875,-0.11988086373790041,-0.12551330119621484,0.5946395152530395,0.00022271714922048998,0.5,-0.3657401400763053,0.3649294410744608,0.2773673438667681,0.6170378546958672,0.20234266147831415,0.7056897566274877
2021-02-09 05:20:00,0.5237099023709902,0.09960159362549792,-0.11630677587490701,-0.12408498482413843,0.5946395152530395,0.00011135857461024499,0.5,-0.3657401400763053,0.3649294410744608,0.2773673438667681,0.6170378546958672,0.20234266147831415,0.6251716281666341
2021-02-09 05:30:00,0.4797768479776848,0.2669322709163344,-0.11392405063291144,-0.12051419389394735,0.5946395152530395,0.00022271714922048998,0.5,-0.3657401400763053,0.3649294410744608,0.2773673438667681,0.6170378546958672,0.20234266147831415,0.5267664498996636
2021-02-09 05:40:00,0.49721059972105996,0.2350597609561753,-0.11303052866716312,-0.12051419389394735,0.598853568203531,0.00011135857461024499,0.5,-0.3657401400763053,0.3649294410744608,0.2773673438667681,0.6170378546958672,0.20234266147831415,0.5285242240898049
2021-02-09 05:50:00,0.48117154811715485,-0.21115537848605592,-0.11094564408041707,-0.11658632387073731,0.6058551779194096,0.00033407572383073496,0.5,-0.3657401400763053,0.3649294410744608,0.2773673438667681,0.6170378546958672,0.20234266147831415,0.48300315343180894
2021-02-09 06:00:00,0.5104602510460251,-0.059760956175298974,-0.10975428145941923,-0.11872879842885198,0.6058551779194096,0.00022271714922048998,0.5,-0.3804725665836064,0.38461870019856004,0.30019401292768544,0.5987243815216461,0.20385519267370317,0.49966051571435044
2021-02-09 06:10:00,0.4860529986052998,-0.3227091633466136,-0.1079672375279227,-0.12051419389394735,0.6058551779194096,0.00022271714922048998,0.5,-0.3804725665836064,0.38461870019856004,0.30019401292768544,0.5987243815216461,0.20385519267370317,0.4653801469589752
2021-02-09 06:20:00,0.4372384937238493,-0.14741035856573714,-0.10588235294117665,-0.11908587752187105,0.5978065985263902,0.00022271714922048998,0.5,-0.3804725665836064,0.38461870019856004,0.30019401292768544,0.5987243815216461,0.20385519267370317,0.38971287173529284
2021-02-09 06:30:00,0.44490934449093444,0.07569721115537842,-0.10469099032017881,-0.12408498482413843,0.5946395152530395,0.00022271714922048998,0.5,-0.3804725665836064,0.38461870019856004,0.30019401292768544,0.5987243815216461,0.20385519267370317,0.42922129848967217
2021-02-09 06:40:00,0.46234309623430964,0.043824701195219085,-0.1005212211466866,-0.13015532940546326,0.5946395152530395,0.00033407572383073496,0.5,-0.3804725665836064,0.38461870019856004,0.30019401292768544,0.5987243815216461,0.20385519267370317,0.44967334067625264
2021-02-09 06:50:00,0.4923291492329149,0.043824701195219085,-0.09486224869694715,-0.129441171219425,0.5946395152530395,0.00044543429844097997,0.5,-0.3804725665836064,0.38461870019856004,0.30019401292768544,0.5987243815216461,0.20385519267370317,0.5115273775216138
2021-02-09 07:00:00,0.5355648535564853,0.10756972111553775,-0.09158600148920337,-0.13051240849848234,0.5946395152530395,0.00044543429844097997,0.5,-0.3727073669970513,0.36518230955124564,0.3063845711850159,0.5989320037414556,0.19626109743691625,0.623934396547822
2021-02-09 07:10:00,0.5418410041841004,0.09163346613545809,-0.08711839166046176,-0.12729869666131055,0.5946395152530395,0.00011135857461024499,0.5,-0.3727073669970513,0.36518230955124564,0.3063845711850159,0.5989320037414556,0.19626109743691625,0.6501501274952095
2021-02-09 07:20:00,0.5578800557880056,0.06772908366533859,-0.08354430379746858,-0.12229958935904306,0.5946395152530395,0.00022271714922048998,0.5,-0.3727073669970513,0.36518230955124564,0.3063845711850159,0.5989320037414556,0.19626109743691625,0.674245967681096
2021-02-09 07:30:00,0.5285913528591353,0.019920318725099362,-0.08116157855547301,-0.12015711480092839,0.5946395152530395,0.00022271714922048998,0.5,-0.3727073669970513,0.36518230955124564,0.3063845711850159,0.5989320037414556,0.19626109743691625,0.6080917965508397
2021-02-09 07:40:00,0.46164574616457466,0.12350597609561742,-0.08116157855547301,-0.11372969112658449,0.5946395152530395,0.00022271714922048998,0.5,-0.3727073669970513,0.36518230955124564,0.3063845711850159,0.5989320037414556,0.19626109743691625,0.4561386302940688
2021-02-09 07:50:00,0.48326359832635984,0.05976095617529875,-0.08413998510796727,-0.11337261203356541,0.5946395152530395,0.00022271714922048998,0.5,-0.3727073669970513,0.36518230955124564,0.3063845711850159,0.5989320037414556,0.19626109743691625,0.48064939571797155
2021-02-09 08:00:00,0.5097629009762901,0.05179282868525892,-0.08413998510796727,-0.11337261203356541,0.5946395152530395,0.00011135857461024499,0.5,-0.36693001154350424,0.36804719445298645,0.30948124526904064,0.613004595308332,0.1891665152781216,0.5716236401768336
2021-02-09 08:10:00,0.5160390516039052,0.11553784860557759,-0.08354430379746858,-0.11372969112658449,0.5946395152530395,0.00011135857461024499,0.5,-0.36693001154350424,0.36804719445298645,0.30948124526904064,0.613004595308332,0.1891665152781216,0.5885601339831315
2021-02-09 08:20:00,0.5251046025104603,0.1394422310756971,-0.08443782576321679,-0.11587216568469916,0.5946395152530395,0.00011135857461024499,0.5,-0.36693001154350424,0.36804719445298645,0.30948124526904064,0.613004595308332,0.1891665152781216,0.6037011331231046
2021-02-09 08:30:00,0.5202231520223152,0.17928286852589648,-0.08592702903946403,-0.11730048205677557,0.5946395152530395,0.00011135857461024499,0.5,-0.36693001154350424,0.36804719445298645,0.30948124526904064,0.613004595308332,0.1891665152781216,0.6036860449326312
2021-02-09 08:40:00,0.5299860529986052,0.47410358565737054,-0.08711839166046176,-0.12051419389394735,0.5949536061561818,0.00011135857461024499,0.5,-0.36693001154350424,0.36804719445298645,0.30948124526904064,0.613004595308332,0.1891665152781216,0.6156962445493912
2021-02-09 08:50:00,0.5808926080892608,-0.20318725099601598,-0.08711839166046176,-0.11730048205677557,0.6058551779194096,0.00011135857461024499,0.5,-0.36693001154350424,0.36804719445298645,0.30948124526904064,0.613004595308332,0.1891665152781216,0.6687840427297554
2021-02-09 09:00:00,0.5502092050209205,-0.12350597609561753,-0.08265078183172014,-0.11158721656846982,0.6058551779194096,0.00011135857461024499,0.5,-0.36436095647321765,0.36560471484769114,0.31704659544024605,0.5953812976298763,0.18680486286742568,0.6056475096941624
2021-02-09 09:10:00,0.4923291492329149,0.2111553784860556,-0.07907669396872685,-0.10980182110337433,0.6058551779194096,0.00011135857461024499,0.5,-0.36436095647321765,0.36560471484769114,0.31704659544024605,0.5953812976298763,0.18680486286742568,0.5129079469499223
2021-02-09 09:20:00,0.4839609483960949,0.3545816733067728,-0.07520476545048416,-0.10980182110337433,0.6058551779194096,0.00011135857461024499,0.5,-0.36436095647321765,0.36560471484769114,0.31704659544024605,0.5953812976298763,0.18680486286742568,0.49559424838179156
2021-02-09 09:30:00,0.4735006973500697,-0.1872509960159363,-0.07222635889798967,-0.10765934654525966,0.6153826019813902,0.00011135857461024499,0.5,-0.36436095647321765,0.36560471484769114,0.31704659544024605,0.5953812976298763,0.18680486286742568,0.4553238680085097
2021-02-09 09:40:00,0.47698744769874474,-0.33864541832669326,-0.0772896500372302,-0.1037314765220495,0.617097014827708,0.00011135857461024499,0.5,-0.36436095647321765,0.36560471484769114,0.31704659544024605,0.5953812976298763,0.18680486286742568,0.45669689334158153
2021-02-09 09:50:00,0.4804741980474198,-0.36254980079681276,-0.07818317200297853,-0.10980182110337433,0.617097014827708,0.00011135857461024499,0.5,-0.36436095647321765,0.36560471484769114,0.31704659544024605,0.5953812976298763,0.18680486286742568,0.44875296105738044
2021-02-09 10:00:00,0.4923291492329149,-0.3067729083665339,-0.07520476545048416,-0.11230137475450808,0.617097014827708,0.00011135857461024499,0.5,-0.14932164818961113,0.3713229906294985,0.1969626242001675,0.5231515660609891,0.19481125441896233,0.4679300511489657
2021-02-09 10:10:00,0.47698744769874474,-0.23505976095617542,-0.07133283693224135,-0.11337261203356541,0.617097014827708,0.00011135857461024499,0.5,-0.14932164818961113,0.3713229906294985,0.1969626242001675,0.5231515660609891,0.19481125441896233,0.4419255548682046
2021-02-09 10:20:00,0.45397489539748953,-0.12350597609561753,-0.06865227103499649,-0.11337261203356541,0.617097014827708,0.00044543429844097997,0.5,-0.14932164818961113,0.3713229906294985,0.1969626242001675,0.5231515660609891,0.19481125441896233,0.38241773164144427
2021-02-09 10:30:00,0.37099023709902373,-0.043824701195219196,-0.06239761727475812,-0.11480092840564182,0.6091400452814386,0.00044543429844097997,0.5,-0.14932164818961113,0.3713229906294985,0.1969626242001675,0.5231515660609891,0.19481125441896233,0.25561657890369205
2021-02-09 10:40:00,0.298465829846583,0.027888446215139417,-0.04363365599404323,-0.09766113194072468,0.6135765792883224,0.00044543429844097997,0.5,-0.14932164818961113,0.3713229906294985,0.1969626242001675,0.5231515660609891,0.19481125441896233,0.16758453158712674
2021-02-09 10:50:00,0.3472803347280335,-0.19521912350597614,-0.034996276991809516,-0.08516336368505628,0.6196882647786314,0.00044543429844097997,0.5,-0.14932164818961113,0.3713229906294985,0.1969626242001675,0.5231515660609891,0.19481125441896233,0.2159497261493429
2021-02-09 11:00:00,0.3263598326359832,-0.0916334661354582,-0.03529411764705892,-0.10515979289412591,0.6196882647786314,0.00044543429844097997,0.5,-0.13735982947232417,0.37137184022160385,0.20310169592331906,0.4938784513729831,0.21548541775796048,0.19899814415257178
2021-02-09 11:10:00,0.3193863319386332,-0.4103585657370519,-0.03261355174981406,-0.10980182110337433,0.6196882647786314,0.00044543429844097997,0.5,-0.13735982947232417,0.37137184022160385,0.20310169592331906,0.4938784513729831,0.21548541775796048,0.18722935558338488
2021-02-09 11:20:00,0.3075313807531381,-0.2509960159362551,-0.026061057334326176,-0.1105159792894127,0.6196882647786314,0.00044543429844097997,0.5,-0.13735982947232417,0.37137184022160385,0.20310169592331906,0.4938784513729831,0.21548541775796048,0.1809903888226685
2021-02-09 11:30:00,0.298465829846583,-0.31474103585657376,-0.02010424422933743,-0.10980182110337433,0.6163772231746738,0.00044543429844097997,0.5,-0.13735982947232417,0.37137184022160385,0.20310169592331906,0.4938784513729831,0.21548541775796048,0.1600555245409418
2021-02-09 11:40:00,0.3437935843793584,0.09163346613545809,-0.009084139985108153,-0.10765934654525966,0.6094148748216879,0.00044543429844097997,0.5,-0.13735982947232417,0.37137184022160385,0.20310169592331906,0.4938784513729831,0.21548541775796048,0.21252470691190004
2021-02-09 11:50:00,0.26569037656903766,0.4581673306772909,-0.0013402829486225398,-0.10801642563827896,0.6144795906348562,0.00044543429844097997,0.5,-0.13735982947232417,0.37137184022160385,0.20310169592331906,0.4938784513729831,0.21548541775796048,0.124553012357228
2021-02-09 12:00:00,0.29009762900976294,0.003984063745019917,-0.000148920327624813,-0.10623103017318325,0.6195573935689888,0.00044543429844097997,0.5,-0.13538926223966674,0.36556735927725587,0.2109092610705877,0.44652725910131447,0.2391498967187261,0.14491452540096866
2021-02-09 12:10:00,0.19386331938633192,0.2749003984063745,0.006105733432613558,-0.1023031601499732,0.6195573935689888,0.00022271714922048998,0.5,-0.13538926223966674,0.36556735927725587,0.2109092610705877,0.44652725910131447,0.2391498967187261,0.07127661179594731
2021-02-09 12:20:00,0.22175732217573224,0.3784860557768923,0.015636634400595373,-0.09837529012676305,0.6195573935689888,0.00033407572383073496,0.5,-0.13538926223966674,0.36556735927725587,0.2109092610705877,0.44652725910131447,0.2391498967187261,0.09015948217330297
2021-02-09 12:30:00,0.2085076708507671,0.24302788844621515,0.03172002978406541,-0.0894483128012854,0.6260747798091898,0.00022271714922048998,0.5,-0.13538926223966674,0.36556735927725587,0.2109092610705877,0.44652725910131447,0.2391498967187261,0.08711921179292968
2021-02-09 12:40:00,0.18410041841004185,-0.10756972111553798,0.04780342516753522,-0.08052133547580786,0.6334166546701391,0.00022271714922048998,0.5,-0.13538926223966674,0.36556735927725587,0.2109092610705877,0.44652725910131447,0.2391498967187261,0.06613153884454637
2021-02-09 12:50:00,0.15271966527196654,0.36254980079681287,0.06299329858525682,-0.06909480449919658,0.6395152530394838,0.00033407572383073496,0.5,-0.13538926223966674,0.36556735927725587,0.2109092610705877,0.44652725910131447,0.2391498967187261,0.04406506027732094
2021-02-09 13:00:00,0.16596931659693165,0.2669322709163344,0.07371556217423669,-0.05981074808069986,0.6498148172383557,0.00022271714922048998,0.5,0.08384866636004062,0.36232604516575845,0.1352618464364661,0.3195812116276449,0.26571588483290415,0.05807444513179535
2021-02-09 13:10:00,0.20292887029288703,-0.0916334661354582,0.08116157855547268,-0.052312087127298734,0.6592506314535865,0.00033407572383073496,0.5,0.08384866636004062,0.36232604516575845,0.1352618464364661,0.3195812116276449,0.26571588483290415,0.07677625722347119
2021-02-09 13:20:00,0.1506276150627615,0.298804780876494,0.08592702903946359,-0.04588466345295483,0.6651921843713601,0.00033407572383073496,0.5,0.08384866636004062,0.36232604516575845,0.1352618464364661,0.3195812116276449,0.26571588483290415,0.04200552227771324
2021-02-09 13:30:00,0.17503486750348674,0.3545816733067728,0.09158600148920315,-0.04052847705766838,0.6841030741647145,0.00044543429844097997,0.5,0.08384866636004062,0.36232604516575845,0.1352618464364661,0.3195812116276449,0.26571588483290415,0.05679194894156344
2021-02-09 13:40:00,0.17573221757322177,-0.043824701195219196,0.0892032762472077,-0.038386002499553595,0.6965881875646176,0.00033407572383073496,0.5,0.08384866636004062,0.36232604516575845,0.1352618464364661,0.3195812116276449,0.26571588483290415,0.05212969808530862
2021-02-09 13:50:00,0.14086471408647142,0.4820717131474104,0.08473566641846597,-0.038386002499553595,0.6911439452434859,0.00022271714922048998,0.5,0.08384866636004062,0.36232604516575845,0.1352618464364661,0.3195812116276449,0.26571588483290415,0.03645306818353275
2021-02-09 14:00:00,0.11576011157601115,0.21912350597609564,0.08860759493670867,-0.022674522406713193,0.6992448731203622,0.00022271714922048998,0.5,0.08765138550401352,0.3509211021617377,0.13501709517793098,0.13328212378218607,0.35414756818975685,0.009958205712388913
2021-02-09 14:10:00,0.13458856345885634,0.21912350597609564,0.11094564408041685,0.0576682735225853,0.6992448731203622,0.00022271714922048998,0.5,0.08765138550401352,0.3509211021617377,0.13501709517793098,0.13328212378218607,0.35414756818975685,0.010176984474252004
2021-02-09 14:20:00,0.12761506276150628,0.1872509960159361,0.12256142963514494,0.1247991430101767,0.7068354032796326,0.02951002227171492,0.5,0.08765138550401352,0.3509211021617377,0.13501709517793098,0.13328212378218607,0.35414756818975685,0.00326659323747303
2021-02-09 14:30:00,0.10111576011157601,-0.3227091633466136,0.12613551749813845,0.13372612033565434,0.7268848725968774,0.5275055679287305,0.5,0.08765138550401352,0.3509211021617377,0.13501709517793098,0.13328212378218607,0.35414756818975685,0.0
2021-02-09 14:40:00,0.11785216178521618,-0.47410358565737054,0.12732688011913607,0.12908409212640604,0.7321851565874024,0.9996659242761693,0.5,0.08765138550401352,0.3509211021617377,0.13501709517793098,0.13328212378218607,0.35414756818975685,0.0
2021-02-09 14:50:00,0.11785216178521618,-0.9442231075697212,0.12405063291139218,0.12087127298696676,0.7321851565874024,0.9996659242761693,0.5,0.08765138550401352,0.3509211021617377,0.13501709517793098,0.13328212378218607,0.35414756818975685,0.0
2021-02-09 15:00:00,0.11366806136680613,0.6653386454183265,0.117200297840655,0.10980182110337444,0.7321851565874024,0.9996659242761693,0.5,0.08197582367955936,0.32689859686730643,0.13996107060033933,0.0958486828663445,0.6176182361607345,0.0
2021-02-09 15:10:00,0.11087866108786612,0.8406374501992031,0.11779597915115403,0.1023031601499731,0.7321851565874024,0.9996659242761693,0.5,0.08197582367955936,0.32689859686730643,0.13996107060033933,0.0958486828663445,0.6176182361607345,0.0
2021-02-09 15:20:00,0.09065550906555091,-0.05179282868525903,0.12256142963514494,0.1008748437778968,0.7321851565874024,0.9996659242761693,0.5,0.08197582367955936,0.32689859686730643,0.13996107060033933,0.0958486828663445,0.6176182361607345,0.0
2021-02-09 15:30:00,0.09205020920502092,-0.26693227091633476,0.12673119880863726,0.1008748437778968,0.7321851565874024,0.9996659242761693,0.5,0.08197582367955936,0.32689859686730643,0.13996107060033933,0.0958486828663445,0.6176182361607345,0.0
2021-02-09 15:40:00,0.09483960948396096,0.8247011952191232,0.1317944899478778,0.1008748437778968,0.7321851565874024,0.9996659242761693,0.5,0.08197582367955936,0.32689859686730643,0.13996107060033933,0.0958486828663445,0.6176182361607345,0.0
2021-02-09 15:50:00,0.08716875871687588,0.5099601593625496,0.13387937453462384,0.1008748437778968,0.7321851565874024,0.9996659242761693,0.5,0.08197582367955936,0.32689859686730643,0.13996107060033933,0.0958486828663445,0.6176182361607345,0.0
2021-02-09 16:00:00,0.099721059972106,0.19521912350597592,0.1332836932241248,0.0958757364756293,0.7321851565874024,0.9996659242761693,0.5,0.13527072535965456,0.31941311525343,0.13006259418326443,0.11669707281493981,0.6548693345189378,0.0
2021-02-09 16:10:00,0.09414225941422595,-0.5378486055776892,0.1332836932241248,0.09087662917336181,0.7321851565874024,0.9996659242761693,0.5,0.13527072535965456,0.31941311525343,0.13006259418326443,0.11669707281493981,0.6548693345189378,0.0
2021-02-09 16:20:00,0.099721059972106,0.7370517928286848,0.13060312732687973,0.08837707552222818,0.7321851565874024,0.9996659242761693,0.5,0.13527072535965456,0.31941311525343,0.13006259418326443,0.11669707281493981,0.6548693345189378,0.0
2021-02-09 16:30:00,0.09065550906555091,0.6812749003984064,0.12673119880863726,0.0830208891269415,0.7321851565874024,0.9996659242761693,0.5,0.13527072535965456,0.31941311525343,0.13006259418326443,0.11669707281493981,0.6548693345189378,0.0
2021-02-09 16:40:00,0.09344490934449094,0.6254980079681274,0.1243484735666418,0.07945009819675053,0.7321851565874024,0.9996659242761693,0.5,0.13527072535965456,0.31941311525343,0.13006259418326443,0.11669707281493981,0.6548693345189378,0.0
2021-02-09 16:50:00,0.0808926080892608,0.03585657370517925,0.1243484735666418,0.07695054454561667,0.7321851565874024,0.9996659242761693,0.5,0.13527072535965456,0.31941311525343,0.13006259418326443,0.11669707281493981,0.6548693345189378,0.0
2021-02-09 17:00:00,0.10669456066945607,0.029727244866686986,0.11868950111690246,0.07195143724334963,0.7321851565874024,0.9996659242761693,0.5,0.12523874975277005,0.3143614927285952,0.1346516168737351,0.14324506111034524,0.5933135611937578,0.0
2021-02-09 17:10:00,0.10111576011157601,0.023597916028194943,0.11362620997766193,0.06838064631315843,0.7321851565874024,0.9996659242761693,0.5,0.12523874975277005,0.3143614927285952,0.1346516168737351,0.14324506111034524,0.5933135611937578,0.0
2021-02-09 17:20:00,0.09065550906555091,0.017468587189702678,0.11541325390915858,0.06302445991787198,0.7321851565874024,0.9996659242761693,0.5,0.12523874975277005,0.3143614927285952,0.1346516168737351,0.14324506111034524,0.5933135611937578,0.0
2021-02-09 17:30:00,0.11018131101813111,0.011339258351210413,0.11392405063291133,0.0576682735225853,0.7321851565874024,0.9996659242761693,0.5,0.12523874975277005,0.3143614927285952,0.1346516168737351,0.14324506111034524,0.5933135611937578,0.0
2021-02-09 17:40:00,0.1199442119944212,0.00520992951271837,0.10975428145941901,0.05195500803427966,0.7321851565874024,0.9996659242761693,0.5,0.12523874975277005,0.3143614927285952,0.1346516168737351,0.14324506111034524,0.5933135611937578,0.0
2021-02-09 17:50:00,0.14295676429567641,-0.0009193993257738953,0.10677587490692453,0.04445634708087853,0.7321851565874024,0.9996659242761693,0.5,0.12523874975277005,0.3143614927285952,0.1346516168737351,0.14324506111034524,0.5933135611937578,0.0
2021-02-09 18:00:00,0.10808926080892609,-0.007048728164266049,0.10528667163067751,0.03624352794143926,0.7321851565874024,0.9996659242761693,0.5,0.013225767396221055,0.31626950032614337,0.1884360229721249,0.21937040572247865,0.5863835542223493,0.0
2021-02-09 18:10:00,0.11087866108786612,-0.013178057002758203,0.10260610573343243,0.03231565791822888,0.7321851565874024,0.9996659242761693,0.5,0.013225767396221055,0.31626950032614337,0.1884360229721249,0.21937040572247865,0.5863835542223493,0.0
2021-02-09 18:20:00,0.13319386331938632,-0.01930738584125058,0.11005212211466842,0.02874486698803791,0.7321851565874024,0.9996659242761693,0.5,0.013225767396221055,0.31626950032614337,0.1884360229721249,0.21937040572247865,0.5863835542223493,0.0
2021-02-09 18:30:00,0.10111576011157601,-0.025436714679742733,0.11928518242740127,0.02231744331369412,0.7321851565874024,0.9996659242761693,0.5,0.013225767396221055,0.31626950032614337,0.1884360229721249,0.21937040572247865,0.5863835542223493,0.0
2021-02-09 18:40:00,0.1311018131101813,-0.03156604351823489,0.12553983618763942,0.020174968755579448,0.7321851565874024,0.9996659242761693,0.5,0.013225767396221055,0.31626950032614337,0.1884360229721249,0.21937040572247865,0.5863835542223493,0.0
2021-02-09 18:50:00,0.13319386331938632,-0.03769537235672704,0.11779597915115403,0.011605070523120764,0.7321851565874024,0.9996659242761693,0.5,0.013225767396221055,0.31626950032614337,0.1884360229721249,0.21937040572247865,0.5863835542223493,0.0
2021-02-09 19:00:00,0.2412831241283124,-0.043824701195219196,0.10707371556217415,0.005177646848776973,0.6495007263352135,0.9996659242761693,0.5,-0.0029703260898206185,0.3229187918633824,0.232626813806558,0.19910314100989096,0.6037542789378524,0.0
2021-02-09 19:10:00,0.10669456066945607,-0.04995403003371135,0.0975428145941919,0.02945902517407606,0.4612032299014539,0.9996659242761693,0.5,-0.0029703260898206185,0.3229187918633824,0.232626813806558,0.19910314100989096,0.6037542789378524,0.0
2021-02-09 19:20:00,0.12343096234309624,-0.056083358872203615,0.08324646314221873,0.017318336011426627,0.4487181165015508,0.9996659242761693,0.5,-0.0029703260898206185,0.3229187918633824,0.232626813806558,0.19910314100989096,0.6037542789378524,0.0
2021-02-09 19:30:00,0.12482566248256625,-0.06221268771069577,0.07252419955323886,0.001963935011605189,0.4487181165015508,0.9996659242761693,0.5,-0.0029703260898206185,0.3229187918633824,0.232626813806558,0.19910314100989096,0.6037542789378524,0.0
2021-02-09 19:40:00,0.11366806136680613,-0.06834201654918792,0.06388682055100503,-0.011962149616139839,0.4487181165015508,0.9996659242761693,0.5,-0.0029703260898206185,0.3229187918633824,0.232626813806558,0.19910314100989096,0.6037542789378524,0.0
2021-02-09 19:50:00,0.12482566248256625,-0.07447134538768019,0.05763216679076688,-0.022317443313693897,0.4487181165015508,0.9996659242761693,0.5,-0.0029703260898206185,0.3229187918633824,0.232626813806558,0.19910314100989096,0.6037542789378524,0.0
2021-02-09 20:00:00,0.1324965132496513,-0.08060067422617234,0.05018615040953067,-0.03374397429030518,0.4487181165015508,0.9996659242761693,0.5,-0.00015289056217637764,0.33483809233722234,0.1917222841709216,0.22795661742423382,0.6947929828135557,0.0
2021-02-09 20:10:00,0.12203626220362622,-0.0867300030646645,0.043335815338793715,-0.04374218889484016,0.4487181165015508,0.9996659242761693,0.5,-0.00015289056217637764,0.33483809233722234,0.1917222841709216,0.22795661742423382,0.6947929828135557,0.0
2021-02-09 20:20:00,0.1297071129707113,-0.09285933190315676,0.04095309009679826,-0.05124084984824129,0.4487181165015508,0.9996659242761693,0.5,-0.00015289056217637764,0.33483809233722234,0.1917222841709216,0.22795661742423382,0.6947929828135557,0.0
2021-02-09 20:30:00,0.13528591352859135,-0.09898866074164892,0.037081161578555344,-0.060167827173718935,0.4487181165015508,0.9996659242761693,0.5,-0.00015289056217637764,0.33483809233722234,0.1917222841709216,0.22795661742423382,0.6947929828135557,0.0
2021-02-09 20:40:00,0.12622036262203626,-0.10511798958014107,0.033507073715562274,-0.0673094090341011,0.4487181165015508,0.9996659242761693,0.5,-0.00015289056217637764,0.33483809233722234,0.1917222841709216,0.22795661742423382,0.6947929828135557,0.0
2021-02-09 20:50:00,0.14086471408647142,-0.11124731841863322,0.030230826507818165,-0.07587930726655945,0.4487181165015508,0.9996659242761693,0.5,-0.00015289056217637764,0.33483809233722234,0.1917222841709216,0.22795661742423382,0.6947929828135557,0.0
2021-02-09 21:00:00,0.18758716875871687,-0.11737664725712538,0.026061057334326065,-0.07909301910373145,0.44260643101124186,0.9262806236080179,0.5,-0.04612738945702177,0.35593249561072077,0.2436080292108725,0.3117668501063389,0.7617743730055417,0.0
2021-02-09 21:10:00,0.12552301255230125,-0.12350597609561753,0.023976172747579794,-0.08123549366184613,0.42718980251534466,0.12962138084632518,0.5,-0.04612738945702177,0.35593249561072077,0.2436080292108725,0.3117668501063389,0.7617743730055417,0.0
2021-02-09 21:20:00,0.17154811715481172,-0.8247011952191236,0.02635889798957547,-0.07873594001071249,0.430945806232087,0.9995545657015591,0.5,-0.04612738945702177,0.35593249561072077,0.2436080292108725,0.3117668501063389,0.7617743730055417,0.0
2021-02-09 21:30:00,0.17852161785216178,-0.6414342629482073,0.023976172747579794,-0.07766470273165504,0.430945806232087,0.9995545657015591,0.5,-0.04612738945702177,0.35593249561072077,0.2436080292108725,0.3117668501063389,0.7617743730055417,0.0
2021-02-09 21:40:00,0.1596931659693166,-0.8167330677290838,0.020402084884586502,-0.0798071772897695,0.430945806232087,0.9995545657015591,0.5,-0.04612738945702177,0.35593249561072077,0.2436080292108725,0.3117668501063389,0.7617743730055417,0.0
2021-02-09 21:50:00,0.18549511854951187,-0.6972111553784861,0.017125837676842837,-0.08694875915015177,0.430945806232087,0.7471046770601337,0.5,-0.04612738945702177,0.35593249561072077,0.2436080292108725,0.3117668501063389,0.7617743730055417,0.0
2021-02-09 22:00:00,0.1596931659693166,-0.6254980079681276,0.019210722263588886,-0.08837707552222807,0.430945806232087,0.3256124721603563,0.5,-0.15091766022740816,0.3646162289839004,0.28730183549494354,0.42422999785620497,0.766624241528412,0.0
2021-02-09 22:10:00,0.15202231520223153,-0.20318725099601598,0.02308265078183136,-0.08659168005713269,0.41963853371896714,0.25679287305122495,0.5,-0.15091766022740816,0.3646162289839004,0.28730183549494354,0.42422999785620497,0.766624241528412,0.0
2021-02-09 22:20:00,0.14783821478382148,-0.003984063745020028,0.02427401340282942,-0.08480628459203698,0.41445603381712054,0.7991091314031181,0.5,-0.15091766022740816,0.3646162289839004,0.28730183549494354,0.42422999785620497,0.766624241528412,0.0
2021-02-09 22:30:00,0.1094839609483961,-0.14342629482071723,0.022486969471332774,-0.08016425638278879,0.41445603381712054,0.9995545657015591,0.5,-0.15091766022740816,0.3646162289839004,0.28730183549494354,0.42422999785620497,0.766624241528412,0.0
2021-02-09 22:40:00,0.12552301255230125,-0.2828685258964144,0.016827997021593433,-0.0862346009641134,0.41445603381712054,0.9995545657015591,0.5,-0.15091766022740816,0.3646162289839004,0.28730183549494354,0.42422999785620497,0.766624241528412,0.0
2021-02-09 22:50:00,0.10181311018131102,-0.4223107569721116,0.010275502606105658,-0.09266202463845752,0.41445603381712054,0.9995545657015591,0.5,-0.15091766022740816,0.3646162289839004,0.28730183549494354,0.42422999785620497,0.766624241528412,0.0
2021-02-09 23:00:00,0.11506276150627615,-0.5617529880478087,0.006403574087862962,-0.09980360649883946,0.41445603381712054,0.9995545657015591,0.5,-0.19207974190045252,0.38058429859169346,0.2972392438479616,0.4229682623022484,0.7598087141655026,0.0
2021-02-09 23:10:00,0.16945606694560672,-0.701195219123506,0.0025316455696200446,-0.10658810926620232,0.41445603381712054,0.9995545657015591,0.5,-0.19207974190045252,0.38058429859169346,0.2972392438479616,0.4229682623022484,0.7598087141655026,0.0
2021-02-09 23:20:00,0.21199442119944212,-0.8406374501992032,-0.0031273268801192966,-0.11265845384752715,0.3508264516888929,0.37706013363028956,0.5,-0.19207974190045252,0.38058429859169346,0.2972392438479616,0.4229682623022484,0.7598087141655026,0.026773993994900193
2021-02-09 23:30:00,0.20781032078103207,0.01195219123505975,-0.0028294862248698927,-0.10016068559185842,0.3328185732420725,0.00011135857461024499,0.5,-0.19207974190045252,0.38058429859169346,0.2972392438479616,0.4229682623022484,0.7598087141655026,0.058436561703154935
2021-02-09 23:40:00,0.16736401673640167,0.05976095617529875,-0.0007446016381237319,-0.07730762363863586,0.3441781942390494,0.00033407572383073496,0.5,-0.19207974190045252,0.38058429859169346,0.2972392438479616,0.4229682623022484,0.7598087141655026,0.04133409780165065
2021-02-09 23:50:00,0.19525801952580193,0.1633466135458166,-0.0022338049143708627,-0.05695411533654715,0.34496342149690495,0.00044543429844097997,0.5,-0.19207974190045252,0.38058429859169346,0.2972392438479616,0.4229682623022484,0.7598087141655026,0.05782548998898563
2021-02-10 00:00:00,0.15341701534170155,0.41035856573705165,0.0016381236038716107,-0.04659882163899287,0.351637853188677,0.00044543429844097997,0.5,-0.21742842343614877,0.3642340527633066,0.29714197741516546,0.3077291878439485,0.7499799964885385,0.02216455180530199
2021-02-10 00:10:00,0.09832635983263598,0.09163346613545809,-0.0034251675353685895,-0.025531155150865903,0.36142701966994284,0.0200445434298441,0.5,-0.21742842343614877,0.3642340527633066,0.29714197741516546,0.3077291878439485,0.7499799964885385,0.0
2021-02-10 00:20:00,0.14574616457461645,-0.03585657370517936,-0.01801935964259138,-0.024102838778789493,0.34754158432686394,0.4548997772828508,0.5,-0.21742842343614877,0.3642340527633066,0.29714197741516546,0.3077291878439485,0.7499799964885385,0.0
2021-02-10 00:30:00,0.1387726638772664,-0.15537848605577698,-0.030528667163067902,-0.03588644884841985,0.34496342149690495,0.9979955456570156,0.5,-0.21742842343614877,0.3642340527633066,0.29714197741516546,0.3077291878439485,0.7499799964885385,0.0
2021-02-10 00:40:00,0.13737796373779637,0.5298804780876492,-0.04839910647803436,-0.04909837529012662,0.34496342149690495,0.9979955456570156,0.5,-0.21742842343614877,0.3642340527633066,0.29714197741516546,0.3077291878439485,0.7499799964885385,0.0
2021-02-10 00:50:00,0.09274755927475593,0.05976095617529875,-0.06418466120625477,-0.06409569719692909,0.34496342149690495,0.9979955456570156,0.5,-0.21742842343614877,0.3642340527633066,0.29714197741516546,0.3077291878439485,0.7499799964885385,0.0
2021-02-10 01:00:00,0.07740585774058578,-0.41035856573705176,-0.07490692479523464,-0.07909301910373145,0.34496342149690495,0.9979955456570156,0.5,-0.3053141143937592,0.3572428140813256,0.33359469724205915,0.18054723849431595,0.7454838277666398,0.0
2021-02-10 01:10:00,0.201534170153417,-0.8804780876494024,-0.07937453462397637,-0.09016247098732377,0.33895643297431,0.9238307349665924,0.5,-0.3053141143937592,0.3572428140813256,0.33359469724205915,0.18054723849431595,0.7454838277666398,0.0
2021-02-10 01:20:00,0.2398884239888424,0.4262948207171313,-0.07580044676098296,-0.09837529012676305,0.32508408475219536,0.006570155902004454,0.5,-0.3053141143937592,0.3572428140813256,0.33359469724205915,0.18054723849431595,0.7454838277666398,0.07492795389048991
2021-02-10 01:30:00,0.3089260808926081,0.21912350597609564,-0.06388682055100525,-0.0894483128012854,0.34818285325411263,0.00011135857461024499,0.5,-0.3053141143937592,0.3572428140813256,0.33359469724205915,0.18054723849431595,0.7454838277666398,0.14752478235285243
2021-02-10 01:40:00,0.25732217573221755,0.13147410358565725,-0.05614296351451986,-0.08302088912694161,0.35613982280038214,0.00011135857461024499,0.5,-0.3053141143937592,0.3572428140813256,0.33359469724205915,0.18054723849431595,0.7454838277666398,0.10516468759901626
2021-02-10 01:50:00,0.2503486750348675,0.043824701195219085,-0.05346239761727478,-0.07123727905731125,0.35613982280038214,0.00011135857461024499,0.5,-0.3053141143937592,0.3572428140813256,0.33359469724205915,0.18054723849431595,0.7454838277666398,0.10176230064728337
2021-02-10 02:00:00,0.24616457461645744,0.11553784860557759,-0.052271034996277055,-0.06373861810391002,0.35659787203413124,0.00011135857461024499,0.5,-0.3299350315170019,0.3546078096130251,0.3520182531176935,0.18643476817503335,0.7819766467895239,0.0964965221720959
2021-02-10 02:10:00,0.23640167364016737,0.03585657370517925,-0.044527177959791664,-0.05338332440635607,0.36997290965960405,0.00011135857461024499,0.5,-0.3299350315170019,0.3546078096130251,0.3520182531176935,0.18643476817503335,0.7819766467895239,0.08594233293601099
2021-02-10 02:20:00,0.24616457461645744,0.298804780876494,-0.037676842889054374,-0.04909837529012662,0.36997290965960405,0.00011135857461024499,0.5,-0.3299350315170019,0.3546078096130251,0.3520182531176935,0.18643476817503335,0.7819766467895239,0.0923925343633538
2021-02-10 02:30:00,0.2580195258019526,0.2350597609561753,-0.03380491437081179,-0.04517050526691657,0.36997290965960405,0.00011135857461024499,0.5,-0.3299350315170019,0.3546078096130251,0.3520182531176935,0.18643476817503335,0.7819766467895239,0.1105436275027536
2021-02-10 02:40:00,0.299860529986053,0.2669322709163344,-0.03410275502606119,-0.04838421710408858,0.36997290965960405,0.00011135857461024499,0.5,-0.3299350315170019,0.3546078096130251,0.3520182531176935,0.18643476817503335,0.7819766467895239,0.14637053578164372
2021-02-10 02:50:00,0.2705718270571827,0.4262948207171313,-0.029337304542070175,-0.04874129619710765,0.36997290965960405,0.00011135857461024499,0.5,-0.3299350315170019,0.3546078096130251,0.3520182531176935,0.18643476817503335,0.7819766467895239,0.09421066131538844
2021-02-10 03:00:00,0.23500697350069735,0.6733067729083664,-0.023678332092330612,-0.039814318871630006,0.36997290965960405,0.00011135857461024499,0.5,-0.32930599224940904,0.34911654075923754,0.3428480702124149,0.25463312988584047,0.8320991636897628,0.05878359008404122
2021-02-10 03:10:00,0.22036262203626222,0.07569721115537842,-0.021891288160834188,-0.02945902517407606,0.3828375495674706,0.00011135857461024499,0.5,-0.32930599224940904,0.34911654075923754,0.3428480702124149,0.25463312988584047,0.8320991636897628,0.04859906151455256
2021-02-10 03:20:00,0.2301255230125523,0.06772908366533859,-0.02486969471332856,-0.01838957329048374,0.3837798222768973,0.00011135857461024499,0.5,-0.32930599224940904,0.34911654075923754,0.3428480702124149,0.25463312988584047,0.8320991636897628,0.046094421895982014
2021-02-10 03:30:00,0.1799163179916318,-0.21912350597609564,-0.060610573343261476,-0.028744866988037687,0.3838321707607544,0.00011135857461024499,0.5,-0.32930599224940904,0.34911654075923754,0.3428480702124149,0.25463312988584047,0.8320991636897628,0.04614723056263863
2021-02-10 03:40:00,0.14853556485355648,-0.2509960159362551,-0.12405063291139262,-0.10837350473129803,0.3838321707607544,0.00011135857461024499,0.5,-0.32930599224940904,0.34911654075923754,0.3428480702124149,0.25463312988584047,0.8320991636897628,0.0321604779938742
2021-02-10 03:50:00,0.20292887029288703,0.5139442231075697,-0.14370811615785561,-0.14515265131226573,0.3838321707607544,0.00011135857461024499,0.5,-0.32930599224940904,0.34911654075923754,0.3428480702124149,0.25463312988584047,0.8320991636897628,0.06478114579718455
2021-02-10 04:00:00,0.14016736401673638,0.24302788844621515,-0.15591958302308284,-0.1676486341724691,0.3976390833780477,0.00011135857461024499,0.5,-0.34611588264115123,0.35611927346288874,0.34824870329388274,0.24335572195438238,0.812082346888221,0.032952607993723314
2021-02-10 04:10:00,0.1087866108786611,-0.043824701195219196,-0.1663440059568132,-0.17728976968398502,0.40029576893379226,0.00011135857461024499,0.5,-0.34611588264115123,0.35611927346288874,0.34824870329388274,0.24335572195438238,0.812082346888221,0.002904476666113433
2021-02-10 04:20:00,0.10460251046025104,0.17131474103585642,-0.16008935219657494,-0.17336189966077487,0.40029576893379226,0.000556792873051225,0.5,-0.34611588264115123,0.35611927346288874,0.34824870329388274,0.24335572195438238,0.812082346888221,0.0
2021-02-10 04:30:00,0.13319386331938632,0.06772908366533859,-0.1311988086373791,-0.14301017675415106,0.40029576893379226,0.7669265033407573,0.5,-0.34611588264115123,0.35611927346288874,0.34824870329388274,0.24335572195438238,0.812082346888221,0.0
2021-02-10 04:40:00,0.12761506276150628,-0.21115537848605592,-0.13745346239761735,-0.1297982503124443,0.40029576893379226,0.9989977728285078,0.5,-0.34611588264115123,0.35611927346288874,0.34824870329388274,0.24335572195438238,0.812082346888221,0.0
2021-02-10 04:50:00,0.10739191073919108,-0.4003984063745021,-0.13834698436336568,-0.1312265666845207,0.40029576893379226,0.9989977728285078,0.5,-0.34611588264115123,0.35611927346288874,0.34824870329388274,0.24335572195438238,0.812082346888221,0.0
2021-02-10 05:00:00,0.13807531380753138,-0.5896414342629483,-0.13715562174236795,-0.13801106945188357,0.40029576893379226,0.9989977728285078,0.5,-0.34961528878939296,0.3440218156531345,0.3498128286942825,0.2526222908313843,0.7937193799811835,0.0
2021-02-10 05:10:00,0.16457461645746163,-0.39707835325365215,-0.13685778108711855,-0.1490805213354759,0.40029576893379226,0.9989977728285078,0.5,-0.34961528878939296,0.3440218156531345,0.3498128286942825,0.2526222908313843,0.7937193799811835,0.0
2021-02-10 05:20:00,0.12412831241283125,-0.20451527224435606,-0.14013402829486243,-0.15622210319585772,0.40029576893379226,0.9989977728285078,0.5,-0.34961528878939296,0.3440218156531345,0.3498128286942825,0.2526222908313843,0.7937193799811835,0.0
2021-02-10 05:30:00,0.13528591352859135,-0.01195219123505975,-0.14817572598659734,-0.16264952687020162,0.40029576893379226,0.9989977728285078,0.5,-0.34961528878939296,0.3440218156531345,0.3498128286942825,0.2526222908313843,0.7937193799811835,0.0
2021-02-10 05:40:00,0.17433751743375175,0.06374501992031867,-0.1553239017125838,-0.1676486341724691,0.40029576893379226,0.9989977728285078,0.5,-0.34961528878939296,0.3440218156531345,0.3498128286942825,0.2526222908313843,0.7937193799811835,0.0
2021-02-10 05:50:00,0.17224546722454673,0.1394422310756971,-0.15681310498883105,-0.1740760578468129,0.41093559827773485,0.950890868596882,0.5,-0.34961528878939296,0.3440218156531345,0.3498128286942825,0.2526222908313843,0.7937193799811835,0.0
2021-02-10 06:00:00,0.18898186889818688,0.027888446215139417,-0.14996276991809387,-0.17479021603285128,0.4128855793014095,0.8710467706013363,0.5,-0.3878113135680702,0.3560503093328595,0.34347922410553877,0.20321829206156886,0.8531691085831616,0.0
2021-02-10 06:10:00,0.28033472803347276,-0.08366533864541836,-0.1434102755026062,-0.16836279235850737,0.3885173600659591,0.015924276169265034,0.5,-0.3878113135680702,0.3560503093328595,0.34347922410553877,0.20321829206156886,0.8531691085831616,0.10889147064592544
2021-02-10 06:20:00,0.3110181311018131,0.17131474103585642,-0.12673119880863748,-0.13836814854490254,0.3885173600659591,0.00011135857461024499,0.5,-0.3878113135680702,0.3560503093328595,0.34347922410553877,0.20321829206156886,0.8531691085831616,0.1386906468307256
2021-02-10 06:30:00,0.26569037656903766,-0.13147410358565736,-0.11422189128816096,-0.11908587752187105,0.3885173600659591,0.00011135857461024499,0.5,-0.3878113135680702,0.3560503093328595,0.34347922410553877,0.20321829206156886,0.8531691085831616,0.10432729302774718
2021-02-10 06:40:00,0.2315202231520223,-0.31474103585657376,-0.10618019359642605,-0.09944652740582038,0.3885173600659591,0.00011135857461024499,0.5,-0.3878113135680702,0.3560503093328595,0.34347922410553877,0.20321829206156886,0.8531691085831616,0.07876035427071232
2021-02-10 06:50:00,0.22733612273361226,0.05179282868525892,-0.09754281459419223,-0.08373504731297987,0.3885173600659591,0.00011135857461024499,0.5,-0.3878113135680702,0.3560503093328595,0.34347922410553877,0.20321829206156886,0.8531691085831616,0.06484149855907781
2021-02-10 07:00:00,0.21199442119944212,-0.4581673306772909,-0.09396872673119894,-0.06945188359221555,0.3885173600659591,0.00011135857461024499,0.5,-0.36314360206028706,0.3559583571594817,0.3165040846195139,0.0851659523462693,0.837830525781606,0.06512817417807082
2021-02-10 07:10:00,0.24686192468619247,-0.298804780876494,-0.09545793000744618,-0.06338153901089094,0.3799191215924409,0.00011135857461024499,0.5,-0.36314360206028706,0.3559583571594817,0.3165040846195139,0.0851659523462693,0.837830525781606,0.09568930398177347
2021-02-10 07:20:00,0.22315202231520226,0.2749003984063745,-0.08950111690245721,-0.060167827173718935,0.3746973603277015,0.00011135857461024499,0.5,-0.36314360206028706,0.3559583571594817,0.3165040846195139,0.0851659523462693,0.837830525781606,0.07424898531919068
2021-02-10 07:30:00,0.19665271966527195,0.2828685258964143,-0.08145941921072242,-0.052312087127298734,0.3746973603277015,0.00011135857461024499,0.5,-0.36314360206028706,0.3559583571594817,0.3165040846195139,0.0851659523462693,0.837830525781606,0.053812031323083424
2021-02-10 07:40:00,0.11227336122733612,0.01195219123505975,-0.085331347728965,-0.036243527941438924,0.3746973603277015,0.00011135857461024499,0.5,-0.36314360206028706,0.3559583571594817,0.3165040846195139,0.0851659523462693,0.837830525781606,0.0011391583807353984
2021-02-10 07:50:00,0.14435146443514643,-0.10756972111553798,-0.08801191362621008,-0.0048205677557580096,0.3615055423957284,0.00011135857461024499,0.5,-0.36314360206028706,0.3559583571594817,0.3165040846195139,0.0851659523462693,0.837830525781606,0.015314513330416285
2021-02-10 08:00:00,0.09135285913528592,0.6812749003984064,-0.09873417721518996,0.010176754151044465,0.3687688945308921,0.02962138084632517,0.5,-0.29143669433527797,0.3525819882933382,0.25486075365380023,0.10524392056252035,0.8816581858409019,0.0
2021-02-10 08:10:00,0.09205020920502092,-0.02788844621513953,-0.15681310498883105,-0.06873772540617751,0.3747235345696301,0.8015590200445435,0.5,-0.29143669433527797,0.3525819882933382,0.25486075365380023,0.10524392056252035,0.8816581858409019,0.0
2021-02-10 08:20:00,0.14504881450488147,-0.05179282868525903,-0.15174981384959063,-0.07123727905731125,0.3747235345696301,0.9992204899777284,0.5,-0.29143669433527797,0.3525819882933382,0.25486075365380023,0.10524392056252035,0.8816581858409019,0.0
2021-02-10 08:30:00,0.12761506276150628,0.8007968127490039,-0.15681310498883105,-0.06195322263881431,0.3747235345696301,0.9992204899777284,0.5,-0.29143669433527797,0.3525819882933382,0.25486075365380023,0.10524392056252035,0.8816581858409019,0.0
2021-02-10 08:40:00,0.11645746164574616,0.593625498007968,-0.16306775874906942,-0.06909480449919658,0.3747235345696301,0.9992204899777284,0.5,-0.29143669433527797,0.3525819882933382,0.25486075365380023,0.10524392056252035,0.8816581858409019,0.0
2021-02-10 08:50:00,0.100418410041841,0.3067729083665336,-0.16336559940431883,-0.0783788609176932,0.3747235345696301,0.9992204899777284,0.5,-0.29143669433527797,0.3525819882933382,0.25486075365380023,0.10524392056252035,0.8816581858409019,0.0
2021-02-10 09:00:00,0.06624825662482565,0.35856573705179273,-0.16425912137006715,-0.08587752187109432,0.3747235345696301,0.9992204899777284,0.5,-0.33446754961188685,0.36080308729422056,0.2912229281964483,0.25424639112264474,0.9066819204702898,0.0
2021-02-10 09:10:00,0.04951185495118549,0.41035856573705165,-0.16455696202531667,-0.09373326191751463,0.3747235345696301,0.9992204899777284,0.5,-0.33446754961188685,0.36080308729422056,0.2912229281964483,0.25424639112264474,0.9066819204702898,0.0
2021-02-10 09:20:00,0.044630404463040445,0.4621513944223108,-0.1696202531645571,-0.10123192287091587,0.3747235345696301,0.9992204899777284,0.5,-0.33446754961188685,0.36080308729422056,0.2912229281964483,0.25424639112264474,0.9066819204702898,0.0
2021-02-10 09:30:00,0.04114365411436541,0.027888446215139417,-0.1705137751303054,-0.10730226745224059,0.3747235345696301,0.9992204899777284,0.5,-0.33446754961188685,0.36080308729422056,0.2912229281964483,0.25424639112264474,0.9066819204702898,0.0
2021-02-10 09:40:00,0.04393305439330544,-0.24302788844621515,-0.1705137751303054,-0.11230137475450808,0.3747235345696301,0.9992204899777284,0.5,-0.33446754961188685,0.36080308729422056,0.2912229281964483,0.25424639112264474,0.9066819204702898,0.0
2021-02-10 09:50:00,0.045327754532775454,-0.26237905520774063,-0.17170513775130314,-0.11622924477771823,0.3747235345696301,0.9992204899777284,0.5,-0.33446754961188685,0.36080308729422056,0.2912229281964483,0.25424639112264474,0.9066819204702898,0.0
2021-02-10 10:00:00,0.05788005578800558,-0.2817302219692659,-0.1705137751303054,-0.12265666845206213,0.3747235345696301,0.9992204899777284,0.5,-0.2460464415088538,0.36167375943587254,0.2518189900852914,0.24897083392435299,0.9507287033593645,0.0
2021-02-10 10:10:00,0.09902370990237098,-0.30108138873079104,-0.16664184661206272,-0.12908409212640592,0.3747235345696301,0.9992204899777284,0.5,-0.2460464415088538,0.36167375943587254,0.2518189900852914,0.24897083392435299,0.9507287033593645,0.0
2021-02-10 10:20:00,0.11924686192468618,-0.32043255549231653,-0.15979151154132543,-0.1347973576147118,0.3747235345696301,0.9992204899777284,0.5,-0.2460464415088538,0.36167375943587254,0.2518189900852914,0.24897083392435299,0.9507287033593645,0.0
2021-02-10 10:30:00,0.13807531380753138,-0.3397837222538419,-0.15174981384959063,-0.132654883056597,0.3747235345696301,0.9992204899777284,0.5,-0.2460464415088538,0.36167375943587254,0.2518189900852914,0.24897083392435299,0.9507287033593645,0.0
2021-02-10 10:40:00,0.20432357043235705,-0.35913488901536716,-0.14579300074460166,-0.12622745938225322,0.390480428210598,0.9884187082405346,0.5,-0.2460464415088538,0.36167375943587254,0.2518189900852914,0.24897083392435299,0.9507287033593645,0.0
2021-02-10 10:50:00,0.2914923291492329,-0.3784860557768924,-0.13685778108711855,-0.1151580074986609,0.4441245370430959,0.02026726057906459,0.5,-0.2460464415088538,0.36167375943587254,0.2518189900852914,0.24897083392435299,0.9507287033593645,0.11193174102629873
2021-02-10 11:00:00,0.2601115760111576,-0.3705179282868527,-0.11034996276991826,-0.1008748437778968,0.435945086440434,0.00011135857461024499,0.5,-0.27163533199498513,0.3695155557215818,0.2610764211076022,0.1756988234426438,0.9054397733561673,0.11138856616925932
2021-02-10 11:10:00,0.2684797768479777,-0.33864541832669326,-0.08950111690245721,-0.08016425638278879,0.4333145751266179,0.00011135857461024499,0.5,-0.27163533199498513,0.3695155557215818,0.2610764211076022,0.1756988234426438,0.9054397733561673,0.11131312521689275
2021-02-10 11:20:00,0.2622036262203626,-0.02788844621513953,-0.06775874906924817,-0.058739510801642525,0.4318226433366924,0.00022271714922048998,0.5,-0.27163533199498513,0.3695155557215818,0.2610764211076022,0.1756988234426438,0.9054397733561673,0.11553781854942137
2021-02-10 11:30:00,0.25662482566248257,-0.36254980079681276,-0.04720774385703663,-0.03660060703445822,0.4238525866694586,0.00033407572383073496,0.5,-0.27163533199498513,0.3695155557215818,0.2610764211076022,0.1756988234426438,0.9054397733561673,0.1140516317877997
2021-02-10 11:40:00,0.298465829846583,-0.059760956175298974,-0.022486969471332885,-0.017675415104445702,0.41344832550287264,0.00033407572383073496,0.5,-0.27163533199498513,0.3695155557215818,0.2610764211076022,0.1756988234426438,0.9054397733561673,0.14364711740121008
2021-02-10 11:50:00,0.3410041841004184,0.2669322709163344,-0.01593447505584522,-0.02053204784859841,0.4134614126238369,0.00022271714922048998,0.5,-0.27163533199498513,0.3695155557215818,0.2610764211076022,0.1756988234426438,0.9054397733561673,0.2100049791028562
2021-02-10 12:00:00,0.26569037656903766,-0.4342629482071714,-0.03618763961280724,-0.06623817175504376,0.41369698080119355,0.00022271714922048998,0.5,-0.23925124982364554,0.356472714629305,0.22368413543900578,0.2048442909230954,0.765248958764617,0.1373176214976538
2021-02-10 12:10:00,0.25871687587168757,-0.07569721115537853,-0.03410275502606119,-0.07873594001071249,0.39935349622436556,0.00022271714922048998,0.5,-0.23925124982364554,0.356472714629305,0.22368413543900578,0.2048442909230954,0.765248958764617,0.12430405721441828
2021-02-10 12:20:00,0.4121338912133891,-0.2509960159362551,-0.027252419955324125,-0.07587930726655945,0.39178914030702383,0.00033407572383073496,0.5,-0.23925124982364554,0.356472714629305,0.22368413543900578,0.2048442909230954,0.765248958764617,0.3113146340359401
2021-02-10 12:30:00,0.37099023709902373,0.06772908366533859,-0.02278481012658229,-0.07195143724334929,0.38951198125924275,0.00033407572383073496,0.5,-0.23925124982364554,0.356472714629305,0.22368413543900578,0.2048442909230954,0.765248958764617,0.24635242995307574
2021-02-10 12:40:00,0.3800557880055788,-0.06772908366533881,-0.017721518987341978,-0.0669523299410818,0.38303385638193455,0.00022271714922048998,0.5,-0.23925124982364554,0.356472714629305,0.22368413543900578,0.2048442909230954,0.765248958764617,0.2740920681382682
2021-02-10 12:50:00,0.42398884239888424,-0.02788844621513953,-0.011466865227103606,-0.06123906445277627,0.3823795003337216,0.00022271714922048998,0.5,-0.23925124982364554,0.356472714629305,0.22368413543900578,0.2048442909230954,0.765248958764617,0.3343769331744044
2021-02-10 13:00:00,0.44979079497907953,-0.07569721115537853,-0.0075949367088608,-0.05409748259239411,0.3898391592833492,0.00022271714922048998,0.5,-0.02005401199310397,0.34583499757188835,0.13249019695121095,0.35077236144734014,0.7268649352866603,0.4075999215414095
2021-02-10 13:10:00,0.4581589958158996,0.027888446215139417,-0.0031273268801192966,-0.04909837529012662,0.37919932993940664,0.00044543429844097997,0.5,-0.02005401199310397,0.34583499757188835,0.13249019695121095,0.35077236144734014,0.7268649352866603,0.4229672435384824
2021-02-10 13:20:00,0.42747559274755925,-0.14741035856573714,-0.00044676098287421695,-0.04445634708087842,0.36544476580597035,0.00033407572383073496,0.5,-0.02005401199310397,0.34583499757188835,0.13249019695121095,0.35077236144734014,0.7268649352866603,0.36343678802601204
2021-02-10 13:30:00,0.4191073919107392,-0.043824701195219196,0.005212211466865124,-0.03910016068559197,0.36480349687872166,0.00033407572383073496,0.5,-0.02005401199310397,0.34583499757188835,0.13249019695121095,0.35077236144734014,0.7268649352866603,0.3371154397453114
2021-02-10 13:40:00,0.45397489539748953,0.12350597609561742,0.00908413998510782,-0.025888234243884978,0.3656541597413985,0.00033407572383073496,0.5,-0.02005401199310397,0.34583499757188835,0.13249019695121095,0.35077236144734014,0.7268649352866603,0.4142613576353788
2021-02-10 13:50:00,0.4093444909344491,-0.1872509960159363,0.014445271779597979,-0.021603285127655747,0.3760060724241274,0.00033407572383073496,0.5,-0.02005401199310397,0.34583499757188835,0.13249019695121095,0.35077236144734014,0.7268649352866603,0.3044570514658177
2021-02-10 14:00:00,0.3563458856345886,-0.02788844621513953,0.01950856291883829,-0.010176754151044465,0.35962099697687505,0.00033407572383073496,0.5,0.0042035232202539685,0.32614286494237255,0.11834585686210879,0.5058017981130076,0.7256255866203944,0.2518897958567829
2021-02-10 14:10:00,0.45536959553695955,0.12350597609561742,0.025167535368577854,-0.008391358685948758,0.36677965214432473,0.0006681514476614699,0.5,0.0042035232202539685,0.32614286494237255,0.11834585686210879,0.5058017981130076,0.7256255866203944,0.42070401496748494
2021-02-10 14:20:00,0.502092050209205,-0.05179282868525903,0.029337304542069953,-0.016604177825388367,0.3788983261572286,0.0014476614699331849,0.5,0.0042035232202539685,0.32614286494237255,0.11834585686210879,0.5058017981130076,0.7256255866203944,0.5006714244760626
2021-02-10 14:30:00,0.49860529986053004,0.06772908366533859,0.03261355174981384,-0.01410462417425462,0.36948868618392644,0.0014476614699331849,0.5,0.0042035232202539685,0.32614286494237255,0.11834585686210879,0.5058017981130076,0.7256255866203944,0.5171175520919776
2021-02-10 14:40:00,0.4602510460251046,0.10756972111553775,0.0355919583023081,-0.008034279592929794,0.37307455732813344,0.000556792873051225,0.5,0.0042035232202539685,0.32614286494237255,0.11834585686210879,0.5058017981130076,0.7256255866203944,0.43693136382153686
2021-02-10 14:50:00,0.4923291492329149,0.25099601593625476,0.040655249441548635,-0.0026780931976432276,0.38039025794715414,0.0012249443207126948,0.5,0.0042035232202539685,0.32614286494237255,0.11834585686210879,0.5058017981130076,0.7256255866203944,0.4889931650497156
2021-02-10 15:00:00,0.5613668061366807,-0.06772908366533881,0.04512285927029036,0.0012497768255668174,0.39053277669445496,0.0016703786191536749,0.5,0.025651761059801048,0.3038703244474989,0.09951560809211069,0.6507881325812344,0.736010081988184,0.6500973188285529
2021-02-10 15:10:00,0.5509065550906556,0.12350597609561742,0.04988830975428127,0.0030351722906625245,0.38815092067895984,0.00011135857461024499,0.5,0.025651761059801048,0.3038703244474989,0.09951560809211069,0.6507881325812344,0.736010081988184,0.6111848755978695
2021-02-10 15:20:00,0.5655509065550907,-0.0916334661354582,0.0507818317200297,0.0112479914301018,0.38228789048697176,0.00022271714922048998,0.5,0.025651761059801048,0.3038703244474989,0.09951560809211069,0.6507881325812344,0.736010081988184,0.6596556874933989
2021-02-10 15:30:00,0.5864714086471409,0.019920318725099362,0.05614296351451942,0.01696125691840744,0.37997147007629795,0.0033407572383073497,0.5,0.025651761059801048,0.3038703244474989,0.09951560809211069,0.6507881325812344,0.736010081988184,0.7220830755767461
2021-02-10 15:40:00,0.6513249651324965,0.06772908366533859,0.05852568875651509,0.019103731476522112,0.3730614702071691,0.0012249443207126948,0.5,0.025651761059801048,0.3038703244474989,0.09951560809211069,0.6507881325812344,0.736010081988184,0.8853976492599244
2021-02-10 15:50:00,0.6931659693165969,0.07569721115537842,0.06001489203276256,0.019460810569541076,0.38061273900354664,0.014810690423162584,0.5,0.025651761059801048,0.3038703244474989,0.09951560809211069,0.6507881325812344,0.736010081988184,0.9639543129592468
2021-02-10 16:00:00,0.6659693165969317,-0.02788844621513953,0.05941921072226353,0.012319228709159136,0.37930402690712073,0.00623608017817372,0.5,0.04826445531236323,0.30993054737404824,0.10069891067935975,0.778298435137976,0.7382994212947379,0.9465727175339862
2021-02-10 16:10:00,0.8145048814504882,0.06772908366533859,0.06001489203276256,0.014461703267273585,0.3789114132781929,0.04432071269487751,0.5,0.04826445531236323,0.30993054737404824,0.10069891067935975,0.778298435137976,0.7382994212947379,0.9472061197700561
2021-02-10 16:20:00,0.7419804741980475,0.003984063745019917,0.06448250186150384,0.019103731476522112,0.3814503147452592,0.02951002227171492,0.5,0.04826445531236323,0.30993054737404824,0.10069891067935975,0.778298435137976,0.7382994212947379,0.947839371124221
2021-02-10 16:30:00,0.7573221757322175,-0.01195219123505975,0.06686522710349951,0.03017318336011443,0.37732787164151765,0.01826280623608018,0.5,0.04826445531236323,0.30993054737404824,0.10069891067935975,0.778298435137976,0.7382994212947379,0.9484727733602909
2021-02-10 16:40:00,0.8131101813110182,0.14741035856573692,0.06954579300074437,0.034815211569362514,0.3782832314719085,0.04599109131403118,0.5,0.04826445531236323,0.30993054737404824,0.10069891067935975,0.778298435137976,0.7382994212947379,0.9491061001554083
2021-02-10 16:50:00,0.7803347280334728,-0.13147410358565736,0.07550260610573334,0.03802892340653452,0.3803117352213687,0.03608017817371938,0.5,0.04826445531236323,0.30993054737404824,0.10069891067935975,0.778298435137976,0.7382994212947379,0.9497395023914782
2021-02-10 17:00:00,0.7747559274755927,-0.05179282868525903,0.08205510052122111,0.05195500803427966,0.3723940270379919,0.03351893095768374,0.5,0.0629378468512849,0.31268623906990395,0.09406374210471119,0.8605916016877723,0.7342561682012333,0.9503728291865957
2021-02-10 17:10:00,0.9128312412831241,0.043824701195219085,0.08592702903946359,0.055882878057489815,0.37669968983523316,0.0920935412026726,0.5,0.0629378468512849,0.31268623906990395,0.09406374210471119,0.8605916016877723,0.7342561682012333,0.9510062314226655
2021-02-10 17:20:00,0.9449093444909346,0.4820717131474104,0.09158600148920315,0.051597928941260696,0.37673895119812595,0.1356347438752784,0.5,0.0629378468512849,0.31268623906990395,0.09406374210471119,0.8605916016877723,0.7342561682012333,0.951639558217783
2021-02-10 17:30:00,0.9769874476987448,0.05179282868525892,0.09247952345495158,0.04838421710408847,0.37673895119812595,0.10601336302895323,0.5,0.0629378468512849,0.31268623906990395,0.09406374210471119,0.8605916016877723,0.7342561682012333,0.9522729604538529
2021-02-10 17:40:00,0.999302649930265,0.07569721115537842,0.09486224869694704,0.05124084984824129,0.37673895119812595,0.11514476614699332,0.5,0.0629378468512849,0.31268623906990395,0.09406374210471119,0.8605916016877723,0.7342561682012333,0.9529062872489702
2021-02-10 17:50:00,0.9616457461645745,0.09163346613545809,0.09337304542069957,0.051597928941260696,0.37673895119812595,0.10623608017817371,0.5,0.0629378468512849,0.31268623906990395,0.09406374210471119,0.8605916016877723,0.7342561682012333,0.95353968948504
2021-02-10 18:00:00,0.9739655509065551,0.05976095617529875,0.0895011169024571,0.05409748259239433,0.38203923518865085,0.11670378619153676,0.5,-0.04008541059154036,0.34946998192564965,0.1290299467748442,0.8946279941122343,0.7485843618313931,0.9541730917211099
2021-02-10 18:10:00,0.9862854253835426,-0.043824701195219196,0.08294862248696933,0.05231208712729862,0.3851147086152517,0.12583518930957685,0.5,-0.04008541059154036,0.34946998192564965,0.1290299467748442,0.8946279941122343,0.7485843618313931,0.954806343075275
2021-02-10 18:20:00,0.99860529986053,-0.4900398406374503,0.07341772151898729,0.050883770755222324,0.3905589509363835,0.10679287305122495,0.5,-0.04008541059154036,0.34946998192564965,0.1290299467748442,0.8946279941122343,0.7485843618313931,0.9554397453113449
2021-02-10 18:30:00,0.9700139470013948,-0.13147410358565736,0.06537602382725227,0.04838421710408847,0.379618117810263,0.10456570155902005,0.5,-0.04008541059154036,0.34946998192564965,0.1290299467748442,0.8946279941122343,0.7485843618313931,0.9560730721064623
2021-02-10 18:40:00,0.8668061366806137,-0.043824701195219196,0.05822784810126569,0.04374218889484016,0.3766473413513761,0.08084632516703787,0.5,-0.04008541059154036,0.34946998192564965,0.1290299467748442,0.8946279941122343,0.7485843618313931,0.9567064743425322
2021-02-10 18:50:00,0.7789400278940027,-0.043824701195219196,0.04988830975428127,0.04588466345295483,0.3765949928675191,0.03942093541202673,0.5,-0.04008541059154036,0.34946998192564965,0.1290299467748442,0.8946279941122343,0.7485843618313931,0.9573398011376495
2021-02-10 19:00:00,0.8124128312412832,-0.01195219123505975,0.04393149664929252,0.046598821638993204,0.3765819057465548,0.05612472160356348,0.5,-0.07640252242745127,0.383877335800717,0.12522679120828117,0.8356054224972791,0.7456583457661811,0.9579732033737194
2021-02-10 19:10:00,0.7189679218967923,-0.1394422310756973,0.037081161578555344,0.04517050526691668,0.3765819057465548,0.021714922048997772,0.5,-0.07640252242745127,0.383877335800717,0.12522679120828117,0.8356054224972791,0.7456583457661811,0.9586065301688369
2021-02-10 19:20:00,0.6582984658298465,-0.24302788844621515,0.02725241995532368,0.050883770755222324,0.3765819057465548,0.0073496659242761695,0.5,-0.07640252242745127,0.383877335800717,0.12522679120828117,0.8356054224972791,0.7456583457661811,0.9592399324049067
2021-02-10 19:30:00,0.7635983263598326,0.1394422310756971,0.02427401340282942,0.04552758435993587,0.3765819057465548,0.032628062360801784,0.5,-0.07640252242745127,0.383877335800717,0.12522679120828117,0.8356054224972791,0.7456583457661811,0.9598731837590718
2021-02-10 19:40:00,0.6736401673640168,0.2111553784860556,0.019210722263588886,0.03802892340653452,0.3765819057465548,0.00824053452115813,0.5,-0.07640252242745127,0.383877335800717,0.12522679120828117,0.8356054224972791,0.7456583457661811,0.9605066614360941
2021-02-10 19:50:00,0.7259414225941423,0.03585657370517925,0.012658227848101111,0.03802892340653452,0.3765819057465548,0.01648106904231626,0.5,-0.07640252242745127,0.383877335800717,0.12522679120828117,0.8356054224972791,0.7456583457661811,0.8824629962128642
2021-02-10 20:00:00,0.7078103207810321,0.2749003984063745,0.00699925539836177,0.03017318336011443,0.3780345761735876,0.0064587973273942095,0.5,-0.07154938108339515,0.4288879246681822,0.15931163771944076,0.8182637008709014,0.7592578548072225,0.8044193309896344
2021-02-10 20:10:00,0.5850767085076709,-0.01195219123505975,-0.0031273268801192966,0.02874486698803791,0.38918480323513627,0.00022271714922048998,0.5,-0.07154938108339515,0.4288879246681822,0.15931163771944076,0.8182637008709014,0.7592578548072225,0.7263756657664047
2021-02-10 20:20:00,0.5536959553695956,-0.06772908366533881,-0.015338793745346302,0.029101946081057095,0.3976914318619047,0.00011135857461024499,0.5,-0.07154938108339515,0.4288879246681822,0.15931163771944076,0.8182637008709014,0.7592578548072225,0.6421986511157717
2021-02-10 20:30:00,0.5788005578800558,0.019920318725099362,-0.020402084884586835,0.02053204784859841,0.3867636858567483,0.00011135857461024499,0.5,-0.07154938108339515,0.4288879246681822,0.15931163771944076,0.8182637008709014,0.7592578548072225,0.7154895363399068
2021-02-10 20:40:00,0.4393305439330544,0.43426294820717115,-0.026061057334326176,0.009819675058025501,0.40733664001256364,0.00011135857461024499,0.5,-0.07154938108339515,0.4288879246681822,0.15931163771944076,0.8182637008709014,0.7592578548072225,0.40501229687523577
2021-02-10 20:50:00,0.46582984658298465,0.13147410358565725,-0.037974683544304,-0.0030351722906623024,0.4310112418369083,0.00011135857461024499,0.5,-0.07154938108339515,0.4288879246681822,0.15931163771944076,0.8182637008709014,0.7592578548072225,0.48918931152586875
2021-02-10 21:00:00,0.6485355648535566,-0.2270916334661356,-0.037676842889054374,-0.013390465988216249,0.4267971888864169,0.00011135857461024499,0.5,-0.08133704530983854,0.4797029944799955,0.1606076780625643,0.7013276843087999,0.7682144067968649,0.8155166950827587
2021-02-10 21:10:00,0.5669456066945607,0.003984063745019917,-0.04065524944154886,-0.027673629708980574,0.42016201855753754,0.00011135857461024499,0.5,-0.08133704530983854,0.4797029944799955,0.1606076780625643,0.7013276843087999,0.7682144067968649,0.6611041537788374
2021-02-10 21:20:00,0.49023709902370993,-0.3067729083665339,-0.05524944154877154,-0.033386895197286104,0.42016201855753754,0.00011135857461024499,0.5,-0.08133704530983854,0.4797029944799955,0.1606076780625643,0.7013276843087999,0.7682144067968649,0.48212049428911996
2021-02-10 21:30:00,0.4456066945606694,-0.29083665338645437,-0.06865227103499649,-0.04302803070880201,0.4163798405988666,0.00011135857461024499,0.5,-0.08133704530983854,0.4797029944799955,0.1606076780625643,0.7013276843087999,0.7682144067968649,0.3902937670685155
2021-02-10 21:40:00,0.4281729428172943,0.10756972111553775,-0.07818317200297853,-0.058739510801642525,0.40897253013309603,0.00011135857461024499,0.5,-0.08133704530983854,0.4797029944799955,0.1606076780625643,0.7013276843087999,0.7682144067968649,0.39603482354361247
2021-02-10 21:50:00,0.37308228730822873,-0.1394422310756973,-0.08443782576321679,-0.07445099089448304,0.40371150750546386,0.00011135857461024499,0.5,-0.08133704530983854,0.4797029944799955,0.1606076780625643,0.7013276843087999,0.7682144067968649,0.3002323581332891
2021-02-10 22:00:00,0.3507670850767085,-0.33067729083665354,-0.09694713328369331,-0.08516336368505628,0.39759982201515487,0.00011135857461024499,0.5,-0.17010222388394736,0.49051599536791,0.23851073551303986,0.5731300993157457,0.7636884732711652,0.24992833109525178
2021-02-10 22:10:00,0.29218967921896793,-0.31474103585657376,-0.10915860014892054,-0.10301731833601147,0.39759982201515487,0.00011135857461024499,0.5,-0.17010222388394736,0.49051599536791,0.23851073551303986,0.5731300993157457,0.7636884732711652,0.16224331215957272
2021-02-10 22:20:00,0.29707112970711297,-0.2749003984063746,-0.11928518242740138,-0.12087127298696665,0.39759982201515487,0.00011135857461024499,0.5,-0.17010222388394736,0.49051599536791,0.23851073551303986,0.5731300993157457,0.7636884732711652,0.16031956787422486
2021-02-10 22:30:00,0.3158995815899582,0.49800796812749004,-0.12553983618763975,-0.1390823067309409,0.4083312612058473,0.00011135857461024499,0.5,-0.17010222388394736,0.49051599536791,0.23851073551303986,0.5731300993157457,0.7636884732711652,0.17564916939511446
2021-02-10 22:40:00,0.2789400278940028,-0.2828685258964144,-0.13596425912137022,-0.15586502410283876,0.4249649919514206,0.00011135857461024499,0.5,-0.17010222388394736,0.49051599536791,0.23851073551303986,0.5731300993157457,0.7636884732711652,0.13067881768939452
2021-02-10 22:50:00,0.15550906555090654,-0.3466135458167332,-0.1425167535368579,-0.16229244777718255,0.4115506929630551,0.00011135857461024499,0.5,-0.17010222388394736,0.49051599536791,0.23851073551303986,0.5731300993157457,0.7636884732711652,0.04531738008660621
2021-02-10 23:00:00,0.15132496513249652,0.3545816733067728,-0.14817572598659734,-0.16372076414925896,0.41149834447919803,0.00011135857461024499,0.5,-0.2414416472690657,0.494237184884212,0.30587262256806974,0.4818210474905533,0.7781292811557912,0.04514386589616308
2021-02-10 23:10:00,0.11157601115760113,0.6653386454183265,-0.1544303797468355,-0.17014818782360286,0.41149834447919803,0.00011135857461024499,0.5,-0.2414416472690657,0.494237184884212,0.30587262256806974,0.4818210474905533,0.7781292811557912,0.020406777615160614
2021-02-10 23:20:00,0.10739191073919108,0.10756972111553775,-0.15711094564408057,-0.1680057132654883,0.42735993508788,0.00011135857461024499,0.5,-0.2414416472690657,0.494237184884212,0.30587262256806974,0.4818210474905533,0.7781292811557912,0.004752779999094708
2021-02-10 23:30:00,0.18549511854951187,0.5059760956175297,-0.11720029784065533,-0.1101589001963934,0.42794885553127165,0.00011135857461024499,0.5,-0.2414416472690657,0.494237184884212,0.30587262256806974,0.4818210474905533,0.7781292811557912,0.03876156132595018
2021-02-10 23:40:00,0.2377963737796374,0.14741035856573692,-0.08979895755770673,-0.055168719871451444,0.4411275863422806,0.00011135857461024499,0.5,-0.2414416472690657,0.494237184884212,0.30587262256806974,0.4818210474905533,0.7781292811557912,0.0705222022722815
2021-02-10 23:50:00,0.2838214783821479,-0.019920318725099695,-0.07311988086373811,-0.034815211569362514,0.44432084385755977,0.00011135857461024499,0.5,-0.2414416472690657,0.494237184884212,0.30587262256806974,0.4818210474905533,0.7781292811557912,0.13355311797456132
2021-02-11 00:00:00,0.23500697350069735,-0.4183266932270917,-0.12643335815338808,-0.08444920549901802,0.44063027574563873,0.00011135857461024499,0.5,-0.28761159526826396,0.48326901470372763,0.3633329896670584,0.42765031739456005,0.822281130742914,0.12648430073781253
2021-02-11 00:10:00,0.20362622036262204,0.2589641434262948,-0.15919583023082662,-0.14729512587038018,0.43068406381280183,0.00011135857461024499,0.5,-0.28761159526826396,0.48326901470372763,0.3633329896670584,0.42765031739456005,0.822281130742914,0.1035125307421881
2021-02-11 00:20:00,0.3075313807531381,-0.26693227091633476,-0.17170513775130314,-0.17479021603285128,0.4447003703655233,0.00011135857461024499,0.5,-0.28761159526826396,0.48326901470372763,0.3633329896670584,0.42765031739456005,0.822281130742914,0.1441676599725395
2021-02-11 00:30:00,0.298465829846583,-0.42629482071713154,-0.18093819806403577,-0.1887163006605963,0.43724071141589566,0.00011135857461024499,0.5,-0.28761159526826396,0.48326901470372763,0.3633329896670584,0.42765031739456005,0.822281130742914,0.14282481102041433
2021-02-11 00:40:00,0.2594142259414226,-0.4661354581673308,-0.18689501116902474,-0.19764327798607395,0.42629987828977506,0.00011135857461024499,0.5,-0.28761159526826396,0.48326901470372763,0.3633329896670584,0.42765031739456005,0.822281130742914,0.1016642274092068
2021-02-11 00:50:00,0.23500697350069735,0.4661354581673305,-0.19017125837676851,-0.2079985716836279,0.4170603708890081,0.00011135857461024499,0.5,-0.28761159526826396,0.48326901470372763,0.3633329896670584,0.42765031739456005,0.822281130742914,0.0801711000799674
2021-02-11 01:00:00,0.21827057182705717,-0.07569721115537853,-0.19404318689501132,-0.21514015354400995,0.4170603708890081,0.00011135857461024499,0.5,-0.32738532123861364,0.48978325148632057,0.44359669202822327,0.40731333898996497,0.8727218162427539,0.08311329722226414
2021-02-11 01:10:00,0.23500697350069735,0.4183266932270917,-0.19851079672375294,-0.222281735404392,0.4170603708890081,0.00011135857461024499,0.5,-0.32738532123861364,0.48978325148632057,0.44359669202822327,0.40731333898996497,0.8727218162427539,0.08945033722105708
2021-02-11 01:20:00,0.18967921896792192,-0.5378486055776892,-0.19880863737900234,-0.22478128905552575,0.4090248786169531,0.00011135857461024499,0.5,-0.32738532123861364,0.48978325148632057,0.44359669202822327,0.40731333898996497,0.8727218162427539,0.06371742836881572
2021-02-11 01:30:00,0.15202231520223153,-0.4581673306772909,-0.1976172747580046,-0.22513836814854493,0.38409391318003955,0.00011135857461024499,0.5,-0.32738532123861364,0.48978325148632057,0.44359669202822327,0.40731333898996497,0.8727218162427539,0.04072302608748133
2021-02-11 01:40:00,0.15829846582984658,0.22709163346613526,-0.19970215934475066,-0.2237100517764684,0.4094305793668451,0.00011135857461024499,0.5,-0.32738532123861364,0.48978325148632057,0.44359669202822327,0.40731333898996497,0.8727218162427539,0.03916894246872973
2021-02-11 01:50:00,0.19386331938633192,-0.2749003984063746,-0.19851079672375294,-0.22263881449741119,0.38820326916281683,0.00011135857461024499,0.5,-0.32738532123861364,0.48978325148632057,0.44359669202822327,0.40731333898996497,0.8727218162427539,0.050273850657090696
2021-02-11 02:00:00,0.18200836820083682,0.3067729083665336,-0.15979151154132543,-0.1676486341724691,0.38680294721964115,0.00011135857461024499,0.5,-0.3662164889002586,0.4790794438042912,0.4791795937813905,0.3755489836845147,0.9062957424464602,0.03341279780315947
2021-02-11 02:10:00,0.15132496513249652,-0.4661354581673308,-0.13685778108711855,-0.11265845384752715,0.38680294721964115,0.00011135857461024499,0.5,-0.3662164889002586,0.4790794438042912,0.4791795937813905,0.3755489836845147,0.9062957424464602,0.034167207326825294
2021-02-11 02:20:00,0.21269177126917713,-0.003984063745020028,-0.12375279225614311,-0.0815925727548652,0.38680294721964115,0.00011135857461024499,0.5,-0.3662164889002586,0.4790794438042912,0.4791795937813905,0.3755489836845147,0.9062957424464602,0.054181691989679676
2021-02-11 02:30:00,0.18619246861924685,0.10756972111553775,-0.11094564408041707,-0.06516693447598643,0.3991310151679732,0.00011135857461024499,0.5,-0.3662164889002586,0.4790794438042912,0.4791795937813905,0.3755489836845147,0.9062957424464602,0.052597431989981444
2021-02-11 02:40:00,0.17224546722454673,0.394422310756972,-0.10677587490692497,-0.04731297982503124,0.4146523406315845,0.00011135857461024499,0.5,-0.3662164889002586,0.4790794438042912,0.4791795937813905,0.3755489836845147,0.9062957424464602,0.045400365134209454
2021-02-11 02:50:00,0.19665271966527195,0.09960159362549792,-0.12226358897989587,-0.05338332440635607,0.4425671696483491,0.00011135857461024499,0.5,-0.3662164889002586,0.4790794438042912,0.4791795937813905,0.3755489836845147,0.9062957424464602,0.07506374760474976
2021-02-11 03:00:00,0.2412831241283124,0.2111553784860556,-0.1309009679821297,-0.0862346009641134,0.43569643114211304,0.00011135857461024499,0.5,-0.37071031741134663,0.46819173177551027,0.4936474366997791,0.35637307140572116,0.9399744808175584,0.10458379226579356
2021-02-11 03:10:00,0.2914923291492329,0.07569721115537842,-0.15174981384959063,-0.10623103017318325,0.4481422831791234,0.00011135857461024499,0.5,-0.37071031741134663,0.46819173177551027,0.4936474366997791,0.35637307140572116,0.9399744808175584,0.1319462256891531
2021-02-11 03:20:00,0.2510460251046025,-0.0916334661354582,-0.18272524199553253,-0.16979110873058378,0.4600515632565991,0.00011135857461024499,0.5,-0.37071031741134663,0.46819173177551027,0.4936474366997791,0.35637307140572116,0.9399744808175584,0.137113930926264
2021-02-11 03:30:00,0.2482566248256625,-0.05179282868525903,-0.19076693968726743,-0.1951437243349402,0.46340186622344953,0.00011135857461024499,0.5,-0.37071031741134663,0.46819173177551027,0.4936474366997791,0.35637307140572116,0.9399744808175584,0.11934004254869714
2021-02-11 03:40:00,0.2496513249651325,0.3067729083665336,-0.19523454951600916,-0.20835565077664697,0.46532567300519556,0.00011135857461024499,0.5,-0.37071031741134663,0.46819173177551027,0.4936474366997791,0.35637307140572116,0.9399744808175584,0.0998762768381188
2021-02-11 03:50:00,0.22524407252440726,0.5298804780876492,-0.1973194341027551,-0.21906802356722022,0.4793027181950243,0.00011135857461024499,0.5,-0.37071031741134663,0.46819173177551027,0.4936474366997791,0.35637307140572116,0.9399744808175584,0.08045777569896043
2021-02-11 04:00:00,0.2615062761506276,0.29083665338645415,-0.2011913626209978,-0.22335297268344934,0.491159649788643,0.00011135857461024499,0.5,-0.43488509693908695,0.4545483280508737,0.5050310333182552,0.3624899393337674,0.9801728802281482,0.13426226292680718
2021-02-11 04:10:00,0.2684797768479777,0.3545816733067728,-0.2050632911392406,-0.23085163363685057,0.491159649788643,0.00011135857461024499,0.5,-0.43488509693908695,0.4545483280508737,0.5050310333182552,0.3624899393337674,0.9801728802281482,0.14520120101996167
2021-02-11 04:20:00,0.2775453277545328,0.043824701195219085,-0.19851079672375294,-0.23120871272986965,0.491159649788643,0.00011135857461024499,0.5,-0.43488509693908695,0.4545483280508737,0.5050310333182552,0.3624899393337674,0.9801728802281482,0.1405012296875236
2021-02-11 04:30:00,0.25732217573221755,-0.1394422310756973,-0.19583023082650786,-0.23120871272986965,0.491159649788643,0.00011135857461024499,0.5,-0.43488509693908695,0.4545483280508737,0.5050310333182552,0.3624899393337674,0.9801728802281482,0.09885782398116993
2021-02-11 04:40:00,0.3723849372384937,-0.17928286852589637,-0.19463886820551013,-0.22978039635779324,0.491159649788643,0.00011135857461024499,0.5,-0.43488509693908695,0.4545483280508737,0.5050310333182552,0.3624899393337674,0.9801728802281482,0.18261236929855004
2021-02-11 04:50:00,0.3096234309623431,-0.1633466135458168,-0.1898734177215191,-0.22620960542760216,0.491159649788643,0.00011135857461024499,0.5,-0.43488509693908695,0.4545483280508737,0.5050310333182552,0.3624899393337674,0.9801728802281482,0.12837032454697708
2021-02-11 05:00:00,0.14086471408647142,0.41035856573705165,-0.18838421444527187,-0.2301374754508122,0.491159649788643,0.00011135857461024499,0.5,-0.42891232573427673,0.43227866106141655,0.5059296381980373,0.38323656591610206,0.01298523403670484,0.04212622780149977
2021-02-11 05:10:00,0.09762900976290097,0.21912350597609564,-0.18361876396128085,-0.22192465631137293,0.5060397063250056,0.00011135857461024499,0.5,-0.42891232573427673,0.43227866106141655,0.5059296381980373,0.38323656591610206,0.01298523403670484,0.011768788569186898
2021-02-11 05:20:00,0.08437935843793584,0.20318725099601576,-0.18064035740878648,-0.21692554900910554,0.5146248576775595,0.02383073496659243,0.5,-0.42891232573427673,0.43227866106141655,0.5059296381980373,0.38323656591610206,0.01298523403670484,0.0
2021-02-11 05:30:00,0.11854951185495119,0.47410358565737054,-0.16098287416232326,-0.20371362256739867,0.5236549711428983,0.733184855233853,0.5,-0.42891232573427673,0.43227866106141655,0.5059296381980373,0.38323656591610206,0.01298523403670484,0.0
2021-02-11 05:40:00,0.07601115760111576,0.17131474103585642,-0.16098287416232326,-0.17836100696304236,0.5236549711428983,0.9993318485523385,0.5,-0.42891232573427673,0.43227866106141655,0.5059296381980373,0.38323656591610206,0.01298523403670484,0.0
2021-02-11 05:50:00,0.14783821478382148,-0.1314741035856576,-0.16128071481757278,-0.17514729512587035,0.5236549711428983,0.9993318485523385,0.5,-0.42891232573427673,0.43227866106141655,0.5059296381980373,0.38323656591610206,0.01298523403670484,0.0
2021-02-11 06:00:00,0.18967921896792192,-0.4342629482071714,-0.1660461653015637,-0.18800214247455804,0.53404614518852,0.9993318485523385,0.5,-0.5006121292512264,0.41337961592726574,0.5082234520655928,0.4158429009713053,0.03790411509578831,0.0
2021-02-11 06:10:00,0.13458856345885634,-0.7370517928286854,-0.16664184661206272,-0.18978753793965364,0.6368716546047035,0.9965478841870824,0.5,-0.5006121292512264,0.41337961592726574,0.5082234520655928,0.4158429009713053,0.03790411509578831,0.0
2021-02-11 06:20:00,0.15620641562064158,-0.5936254980079682,-0.16157855547282218,-0.18943045884663456,0.6408108780149454,0.9995545657015591,0.5,-0.5006121292512264,0.41337961592726574,0.5082234520655928,0.4158429009713053,0.03790411509578831,0.0
2021-02-11 06:30:00,0.13528591352859135,-0.45019920318725104,-0.15621742367833225,-0.19407248705588287,0.6408108780149454,0.9995545657015591,0.5,-0.5006121292512264,0.41337961592726574,0.5082234520655928,0.4158429009713053,0.03790411509578831,0.0
2021-02-11 06:40:00,0.199442119944212,-0.3067729083665339,-0.15591958302308284,-0.19800035707909291,0.6408108780149454,0.9093541202672606,0.5,-0.5006121292512264,0.41337961592726574,0.5082234520655928,0.4158429009713053,0.03790411509578831,0.0
2021-02-11 06:50:00,0.197350069735007,-0.1633466135458168,-0.16068503350707375,-0.1887163006605963,0.6408108780149454,0.0069042316258351895,0.5,-0.5006121292512264,0.41337961592726574,0.5082234520655928,0.4158429009713053,0.03790411509578831,0.10883866197926884
2021-02-11 07:00:00,0.24476987447698745,-0.05179282868525903,-0.15383469843633668,-0.15729334047491517,0.6408108780149454,0.00011135857461024499,0.5,-0.5021775898590599,0.40227639099213525,0.4651208532257138,0.40673001683693516,0.08245000814860722,0.12290839959563649
2021-02-11 07:10:00,0.16248256624825663,-0.019920318725099695,-0.14519731943410286,-0.1362256739867881,0.6408108780149454,0.00011135857461024499,0.5,-0.5021775898590599,0.40227639099213525,0.4651208532257138,0.40673001683693516,0.08245000814860722,0.06693875703486882
2021-02-11 07:20:00,0.1311018131101813,-0.2270916334661356,-0.14013402829486243,-0.11301553294054623,0.6408108780149454,0.00011135857461024499,0.5,-0.5021775898590599,0.40227639099213525,0.4651208532257138,0.40673001683693516,0.08245000814860722,0.0438915460868778
2021-02-11 07:30:00,0.10460251046025104,-0.298804780876494,-0.13655994043186903,-0.08730583824317073,0.6408108780149454,0.00011135857461024499,0.5,-0.5021775898590599,0.40227639099213525,0.4651208532257138,0.40673001683693516,0.08245000814860722,0.018264254567949667
2021-02-11 07:40:00,0.12691771269177127,-0.36254980079681276,-0.131794489947878,-0.056597036243527854,0.6408108780149454,0.00011135857461024499,0.5,-0.5021775898590599,0.40227639099213525,0.4651208532257138,0.40673001683693516,0.08245000814860722,0.045981260467432145
2021-02-11 07:50:00,0.1589958158995816,-0.5298804780876495,-0.12911392405063304,-0.042670951615782826,0.6363089084032404,0.00011135857461024499,0.5,-0.5021775898590599,0.40227639099213525,0.4651208532257138,0.40673001683693516,0.08245000814860722,0.06914917693920968
2021-02-11 08:00:00,0.22594142259414227,-0.50597609561753,-0.12881608339538353,-0.04838421710408858,0.621140935205664,0.00011135857461024499,0.5,-0.5111224882205228,0.394351263049306,0.42942128247884076,0.4205313659984675,0.10834740286036955,0.11675241788252334
2021-02-11 08:10:00,0.3319386331938633,0.3067729083665336,-0.1624720774385705,-0.0894483128012854,0.6079360301527267,0.00011135857461024499,0.5,-0.5111224882205228,0.394351263049306,0.42942128247884076,0.4205313659984675,0.10834740286036955,0.2095372451981834
2021-02-11 08:20:00,0.33821478382147835,0.4183266932270917,-0.20804169769173497,-0.16871987145152645,0.6079360301527267,0.00011135857461024499,0.5,-0.5111224882205228,0.394351263049306,0.42942128247884076,0.4205313659984675,0.10834740286036955,0.2287671439564253
2021-02-11 08:30:00,0.2880055788005579,0.2589641434262948,-0.21221146686522718,-0.20228530619532226,0.6079360301527267,0.00011135857461024499,0.5,-0.5111224882205228,0.394351263049306,0.42942128247884076,0.4205313659984675,0.10834740286036955,0.1809677565369585
2021-02-11 08:40:00,0.3075313807531381,0.29083665338645415,-0.21042442293373054,-0.2194251026602393,0.6079360301527267,0.00011135857461024499,0.5,-0.5111224882205228,0.394351263049306,0.42942128247884076,0.4205313659984675,0.10834740286036955,0.2087602033888076
2021-02-11 08:50:00,0.3228730822873082,0.43426294820717115,-0.20000000000000007,-0.22049633993929663,0.6079360301527267,0.00011135857461024499,0.5,-0.5111224882205228,0.394351263049306,0.42942128247884076,0.4205313659984675,0.10834740286036955,0.20867721834120437
2021-02-11 09:00:00,0.31241283124128316,0.5697211155378485,-0.1895755770662696,-0.222281735404392,0.6099907081441154,0.00011135857461024499,0.5,-0.5206272181889073,0.40489702793334487,0.4116731386254643,0.44275751222589704,0.11616775445422946,0.18128460853689818
2021-02-11 09:10:00,0.31311018131101814,0.25099601593625476,-0.1782576321667909,-0.22013926084627744,0.6218345526167698,0.00011135857461024499,0.5,-0.5206272181889073,0.40489702793334487,0.4116731386254643,0.44275751222589704,0.11616775445422946,0.19988834739049743
2021-02-11 09:20:00,0.32914923291492326,0.49800796812749004,-0.16872673119880877,-0.21371183717193354,0.6218345526167698,0.00011135857461024499,0.5,-0.5206272181889073,0.40489702793334487,0.4116731386254643,0.44275751222589704,0.11616775445422946,0.21290191167373296
2021-02-11 09:30:00,0.37308228730822873,0.21912350597609564,-0.16128071481757278,-0.20585609712551323,0.6218345526167698,0.00011135857461024499,0.5,-0.5206272181889073,0.40489702793334487,0.4116731386254643,0.44275751222589704,0.11616775445422946,0.28704527965961046
2021-02-11 09:40:00,0.37308228730822873,-0.13147410358565736,-0.15204765450484004,-0.1937154079628638,0.6218345526167698,0.00011135857461024499,0.5,-0.5206272181889073,0.40489702793334487,0.4116731386254643,0.44275751222589704,0.11616775445422946,0.26611041537788377
2021-02-11 09:50:00,0.301952580195258,0.05976095617529875,-0.1386448250186152,-0.1901446170326727,0.6116004240227193,0.00011135857461024499,0.5,-0.5206272181889073,0.40489702793334487,0.4116731386254643,0.44275751222589704,0.11616775445422946,0.19654631320065782
2021-02-11 10:00:00,0.2824267782426778,-0.2828685258964144,-0.1276247207743858,-0.18907337975361538,0.6056850453468742,0.00011135857461024499,0.5,-0.30206715777979165,0.39888565459890096,0.22239583075742148,0.4212424619304029,0.1373342442703936,0.15050469997133245
2021-02-11 10:10:00,0.3068340306834031,0.09960159362549792,-0.1195830230826509,-0.18478843063738626,0.5966811061234639,0.00011135857461024499,0.5,-0.30206715777979165,0.39888565459890096,0.22239583075742148,0.4212424619304029,0.1373342442703936,0.18903993844018288
2021-02-11 10:20:00,0.3089260808926081,0.47410358565737054,-0.10915860014892054,-0.18300303517229055,0.5966811061234639,0.00011135857461024499,0.5,-0.30206715777979165,0.39888565459890096,0.22239583075742148,0.4212424619304029,0.1373342442703936,0.18579597748841983
2021-02-11 10:30:00,0.3089260808926081,0.13147410358565725,-0.09575577066269558,-0.17871808605606143,0.6041276779521273,0.00011135857461024499,0.5,-0.30206715777979165,0.39888565459890096,0.22239583075742148,0.4212424619304029,0.1373342442703936,0.1781688972041583
2021-02-11 10:40:00,0.29776847977684795,-0.42629482071713154,-0.0847356664184663,-0.16871987145152645,0.6105534543455785,0.00011135857461024499,0.5,-0.30206715777979165,0.39888565459890096,0.22239583075742148,0.4212424619304029,0.1373342442703936,0.16839929387268585
2021-02-11 10:50:00,0.2698744769874477,-0.5219123505976095,-0.07520476545048416,-0.1615782895911445,0.6096897043619374,0.00011135857461024499,0.5,-0.30206715777979165,0.39888565459890096,0.22239583075742148,0.4212424619304029,0.1373342442703936,0.13517509845044284
2021-02-11 11:00:00,0.2831241283124128,-0.4900398406374503,-0.0689501116902459,-0.15943581503302984,0.5966811061234639,0.00011135857461024499,0.5,-0.22118838391940832,0.3960724927946862,0.18213019067644812,0.4459599482241951,0.18731917345745447,0.14120283054453278
2021-02-11 11:10:00,0.2719665271966527,-0.2589641434262948,-0.05882352941176483,-0.15443670773076235,0.5966811061234639,0.00011135857461024499,0.5,-0.22118838391940832,0.3960724927946862,0.18213019067644812,0.4459599482241951,0.18731917345745447,0.13211973987959624
2021-02-11 11:20:00,0.2189679218967922,0.4262948207171313,-0.04303797468354453,-0.14979467952151393,0.6112339846357199,0.00011135857461024499,0.5,-0.22118838391940832,0.3960724927946862,0.18213019067644812,0.4459599482241951,0.18731917345745447,0.08931454350679724
2021-02-11 11:30:00,0.2608089260808926,0.2111553784860556,-0.03648548026805687,-0.14193893947509362,0.626899268429938,0.00011135857461024499,0.5,-0.22118838391940832,0.3960724927946862,0.18213019067644812,0.4459599482241951,0.18731917345745447,0.1262881542616594
2021-02-11 11:40:00,0.30613668061366806,0.003984063745019917,-0.03678332092330627,-0.13729691126584542,0.6439910484092605,0.00011135857461024499,0.5,-0.22118838391940832,0.3960724927946862,0.18213019067644812,0.4459599482241951,0.18731917345745447,0.1610362569217074
2021-02-11 11:50:00,0.3577405857740586,0.22709163346613526,-0.058525688756515315,-0.14622388859132307,0.6521312376490295,0.00011135857461024499,0.5,-0.22118838391940832,0.3960724927946862,0.18213019067644812,0.4459599482241951,0.18731917345745447,0.22363715919549768
2021-02-11 12:00:00,0.3200836820083682,-0.21115537848605592,-0.07103499627699195,-0.1505088377075522,0.6476161809163602,0.00011135857461024499,0.5,-0.1752321958706875,0.3898312390268019,0.17926279652788002,0.561749716549381,0.2457190595248646,0.18699548863104848
2021-02-11 12:10:00,0.3591352859135286,-0.10756972111553798,-0.0615040953090098,-0.1455097304052847,0.6363219955242047,0.00011135857461024499,0.5,-0.1752321958706875,0.3898312390268019,0.17926279652788002,0.561749716549381,0.2457190595248646,0.23425170119347585
2021-02-11 12:20:00,0.36959553695955366,-0.14741035856573714,-0.04482501861504107,-0.13301196214961608,0.6207483215767364,0.00011135857461024499,0.5,-0.1752321958706875,0.3898312390268019,0.17926279652788002,0.561749716549381,0.2457190595248646,0.2530742188089382
2021-02-11 12:30:00,0.39400278940027894,0.10756972111553775,-0.022486969471332885,-0.12158543117300469,0.6063786627579799,0.00011135857461024499,0.5,-0.1752321958706875,0.3898312390268019,0.17926279652788002,0.561749716549381,0.2457190595248646,0.2896178161353109
2021-02-11 12:40:00,0.37377963737796377,0.33864541832669315,-0.00044676098287421695,-0.1105159792894127,0.6137205376189293,0.00011135857461024499,0.5,-0.1752321958706875,0.3898312390268019,0.17926279652788002,0.561749716549381,0.2457190595248646,0.27080284261508514
2021-02-11 12:50:00,0.4205020920502092,-0.0916334661354582,0.012360387192851485,-0.10051776468487772,0.6221486435199121,0.00011135857461024499,0.5,-0.1752321958706875,0.3898312390268019,0.17926279652788002,0.561749716549381,0.2457190595248646,0.3265838827949364
2021-02-11 13:00:00,0.4560669456066946,-0.01195219123505975,0.019806403574087694,-0.09123370826638089,0.6200547041656306,0.00011135857461024499,0.5,0.04437214977004711,0.3823342633912553,0.0821473993530197,0.6438232456418269,0.2715731112226656,0.3956576187817795
2021-02-11 13:10:00,0.44421199442119946,-0.01195219123505975,0.029635145197319357,-0.08409212640599895,0.6153040792556045,0.00011135857461024499,0.5,0.04437214977004711,0.3823342633912553,0.0821473993530197,0.6438232456418269,0.2715731112226656,0.36968329888196505
2021-02-11 13:20:00,0.4372384937238493,0.08366533864541825,0.04542069992553954,-0.07445099089448304,0.6149769012314981,0.00011135857461024499,0.5,0.04437214977004711,0.3823342633912553,0.0821473993530197,0.6438232456418269,0.2715731112226656,0.3809692653560059
2021-02-11 13:30:00,0.4072524407252441,0.11553784860557759,0.0588235294117645,-0.06266738082485268,0.6147544201751057,0.00011135857461024499,0.5,0.04437214977004711,0.3823342633912553,0.0821473993530197,0.6438232456418269,0.2715731112226656,0.31659550070160086
2021-02-11 13:40:00,0.45258019525801957,0.03585657370517925,0.06716306775874892,-0.05338332440635607,0.6197929617463455,0.00011135857461024499,0.5,0.04437214977004711,0.3823342633912553,0.0821473993530197,0.6438232456418269,0.2715731112226656,0.42736545106145424
2021-02-11 13:50:00,0.48117154811715485,0.06772908366533859,0.0740134028294861,-0.0480271380110695,0.6307730562353588,0.00011135857461024499,0.5,0.04437214977004711,0.3823342633912553,0.0821473993530197,0.6438232456418269,0.2715731112226656,0.4518234078187003
2021-02-11 14:00:00,0.44979079497907953,0.03585657370517925,0.07997021593447484,-0.03374397429030518,0.6313488895577861,0.00011135857461024499,0.5,0.056781867125961005,0.35878588649078724,0.09171121329793192,0.6632396254060328,0.2832205932631041,0.40934260754107765
2021-02-11 14:10:00,0.5369595536959554,0.1633466135458166,0.08473566641846597,-0.029101946081056984,0.6275405373571867,0.00011135857461024499,0.5,0.056781867125961005,0.35878588649078724,0.09171121329793192,0.6632396254060328,0.2832205932631041,0.6160281847398043
2021-02-11 14:20:00,0.46513249651324967,0.019920318725099362,0.09099032017870412,-0.024102838778789493,0.6301187001871459,0.00011135857461024499,0.5,0.056781867125961005,0.35878588649078724,0.09171121329793192,0.6632396254060328,0.2832205932631041,0.43638818896449755
2021-02-11 14:30:00,0.42677824267782427,0.027888446215139417,0.0975428145941919,-0.011605070523120875,0.6292156888406119,0.00011135857461024499,0.5,0.056781867125961005,0.35878588649078724,0.09171121329793192,0.6632396254060328,0.2832205932631041,0.37442853478582316
2021-02-11 14:40:00,0.47629009762900976,-0.14741035856573714,0.10498883097542788,0.012319228709159136,0.6358377720485271,0.00011135857461024499,0.5,0.056781867125961005,0.35878588649078724,0.09171121329793192,0.6632396254060328,0.2832205932631041,0.41936871011059645
2021-02-11 14:50:00,0.46234309623430964,0.05179282868525892,0.11362620997766193,0.019460810569541076,0.6380364083705226,0.00011135857461024499,0.5,0.056781867125961005,0.35878588649078724,0.09171121329793192,0.6632396254060328,0.2832205932631041,0.42012311963426224
2021-02-11 15:00:00,0.4714086471408647,-0.0916334661354582,0.1195830230826509,0.019103731476522112,0.6370287000562745,0.00011135857461024499,0.5,0.055454580930104136,0.33530934722577327,0.10120515266074422,0.6203482018117638,0.2843071326716433,0.4419406430586779
2021-02-11 15:10:00,0.42747559274755925,0.019920318725099362,0.12494415487714061,0.02231744331369412,0.6345552341940297,0.00011135857461024499,0.5,0.055454580930104136,0.33530934722577327,0.10120515266074422,0.6203482018117638,0.2843071326716433,0.34576097288652174
2021-02-11 15:20:00,0.42747559274755925,0.11553784860557759,0.12732688011913607,0.023388680592751232,0.6414128855793014,0.00011135857461024499,0.5,0.055454580930104136,0.33530934722577327,0.10120515266074422,0.6203482018117638,0.2843071326716433,0.36846869954886313
2021-02-11 15:30:00,0.4246861924686192,-0.06772908366533881,0.12613551749813845,0.023745759685770418,0.6480873172710736,0.00011135857461024499,0.5,0.055454580930104136,0.33530934722577327,0.10120515266074422,0.6203482018117638,0.2843071326716433,0.33847337688790985
2021-02-11 15:40:00,0.44002789400278935,-0.1394422310756973,0.13149664929262816,0.030530262453133394,0.648715499077358,0.00011135857461024499,0.5,0.055454580930104136,0.33530934722577327,0.10120515266074422,0.6203482018117638,0.2843071326716433,0.36529263545422996
2021-02-11 15:50:00,0.4951185495118549,-0.07569721115537853,0.13298585256887563,0.025531155150865903,0.6583214458651241,0.00011135857461024499,0.5,0.055454580930104136,0.33530934722577327,0.10120515266074422,0.6203482018117638,0.2843071326716433,0.4836896660983448
2021-02-11 16:00:00,0.49372384937238495,-0.02788844621513953,0.1285182427401339,0.026959471522942202,0.655285233801416,0.00011135857461024499,0.5,0.0913807945573093,0.3244589907674276,0.08182097979889057,0.5555247205242775,0.28921434700689125,0.48252787543189946
2021-02-11 16:10:00,0.49372384937238495,-0.07569721115537853,0.13030528667163077,0.02731655061596161,0.6521835861328866,0.00011135857461024499,0.5,0.0913807945573093,0.3244589907674276,0.08182097979889057,0.5555247205242775,0.28921434700689125,0.4714908641006684
2021-02-11 16:20:00,0.49721059972105996,0.027888446215139417,0.1332836932241248,0.030530262453133394,0.6563322034785567,0.00011135857461024499,0.5,0.0913807945573093,0.3244589907674276,0.08182097979889057,0.5555247205242775,0.28921434700689125,0.4716492901006383
2021-02-11 16:30:00,0.4421199442119944,-0.03585657370517936,0.13745346239761713,0.04088555615068734,0.6655586237583595,0.00011135857461024499,0.5,0.0913807945573093,0.3244589907674276,0.08182097979889057,0.5555247205242775,0.28921434700689125,0.3821687764986345
2021-02-11 16:40:00,0.4609483960948396,0.06772908366533859,0.14221891288160804,0.039100160685591856,0.6589496276714085,0.00011135857461024499,0.5,0.0913807945573093,0.3244589907674276,0.08182097979889057,0.5555247205242775,0.28921434700689125,0.4226353033480695
2021-02-11 16:50:00,0.4916317991631799,-0.13147410358565736,0.13894266567386415,0.039814318871630006,0.6580073549619818,0.00011135857461024499,0.5,0.0913807945573093,0.3244589907674276,0.08182097979889057,0.5555247205242775,0.28921434700689125,0.4627321695309082
2021-02-11 17:00:00,0.44490934449093444,0.019920318725099362,0.13477289650037205,0.03302981610426703,0.6541466542775255,0.00011135857461024499,0.5,0.0781894141963424,0.32468312419003087,0.08828520293493536,0.5207049056815543,0.29908177585119505,0.3947146068771973
2021-02-11 17:10:00,0.4302649930264993,0.14741035856573692,0.1285182427401339,0.03517229066238192,0.6570781693735196,0.00011135857461024499,0.5,0.0781894141963424,0.32468312419003087,0.08828520293493536,0.5207049056815543,0.29908177585119505,0.3386544351735896
2021-02-11 17:20:00,0.4107391910739191,-0.3067729083665339,0.12017870439314948,0.035529369755400886,0.6683069191608537,0.00011135857461024499,0.5,0.0781894141963424,0.32468312419003087,0.08828520293493536,0.5207049056815543,0.29908177585119505,0.314098405178267
2021-02-11 17:30:00,0.394700139470014,-0.05179282868525903,0.1127326880119135,0.027673629708980574,0.6683069191608537,0.00011135857461024499,0.5,0.0781894141963424,0.32468312419003087,0.08828520293493536,0.5207049056815543,0.29908177585119505,0.29801439413371156
2021-02-11 17:40:00,0.398884239888424,0.07569721115537842,0.10320178704393146,0.01553294054633092,0.667351559330463,0.00011135857461024499,0.5,0.0781894141963424,0.32468312419003087,0.08828520293493536,0.5207049056815543,0.29908177585119505,0.2947100804200552
2021-02-11 17:50:00,0.33333333333333337,0.12350597609561742,0.09426656738644801,0.008034279592929794,0.6645640025650756,0.00011135857461024499,0.5,0.0781894141963424,0.32468312419003087,0.08828520293493536,0.5207049056815543,0.29908177585119505,0.21727748691099477
2021-02-11 18:00:00,0.31450488145048816,0.019920318725099362,0.09009679821295591,-0.0005356186395285567,0.6661868055646438,0.00011135857461024499,0.5,-0.027081307828003554,0.32023493780297657,0.12693053895875714,0.4735612090583441,0.3069749173773692,0.18239359053668694
2021-02-11 18:10:00,0.31241283124128316,0.3067729083665336,0.08473566641846597,-0.007320121406891644,0.6661868055646438,0.00011135857461024499,0.5,-0.027081307828003554,0.32023493780297657,0.12693053895875714,0.4735612090583441,0.3069749173773692,0.1784932932993346
2021-02-11 18:20:00,0.29707112970711297,-0.043824701195219196,0.0826507818317197,-0.016604177825388367,0.6720105743937391,0.00011135857461024499,0.5,-0.027081307828003554,0.32023493780297657,0.12693053895875714,0.4735612090583441,0.3069749173773692,0.1530244277803763
2021-02-11 18:30:00,0.30264993026499304,0.09163346613545809,0.07788533134772879,-0.021603285127655747,0.6661606313227153,0.00011135857461024499,0.5,-0.027081307828003554,0.32023493780297657,0.12693053895875714,0.4735612090583441,0.3069749173773692,0.1636766902545378
2021-02-11 18:40:00,0.37517433751743373,0.36254980079681287,0.0740134028294861,-0.027673629708980574,0.6755440970540891,0.00011135857461024499,0.5,-0.027081307828003554,0.32023493780297657,0.12693053895875714,0.4735612090583441,0.3069749173773692,0.25160312023778986
2021-02-11 18:50:00,0.3263598326359832,-0.298804780876494,0.06716306775874892,-0.031244420639171433,0.6870869377445655,0.00011135857461024499,0.5,-0.027081307828003554,0.32023493780297657,0.12693053895875714,0.4735612090583441,0.3069749173773692,0.1770825474900795
2021-02-11 19:00:00,0.296373779637378,-0.1394422310756973,0.05912137006701412,-0.03874308159257267,0.6774548167148708,0.00011135857461024499,0.5,-0.030069711292322276,0.35166821357041794,0.1222831817714335,0.37910917360661345,0.3197499185398393,0.1536581317802556
2021-02-11 19:10:00,0.301255230125523,-0.1872509960159363,0.05137751303052851,-0.04767005891805021,0.6774548167148708,0.00011135857461024499,0.5,-0.030069711292322276,0.35166821357041794,0.1222831817714335,0.37910917360661345,0.3197499185398393,0.15629102101784934
2021-02-11 19:20:00,0.30613668061366806,0.09960159362549792,0.044825018615040735,-0.05409748259239411,0.6774548167148708,0.00011135857461024499,0.5,-0.030069711292322276,0.35166821357041794,0.1222831817714335,0.37910917360661345,0.3197499185398393,0.1643933793020203
2021-02-11 19:30:00,0.31311018131101814,0.09163346613545809,0.038570364854802586,-0.06052490626673801,0.6774548167148708,0.00011135857461024499,0.5,-0.030069711292322276,0.35166821357041794,0.1222831817714335,0.37910917360661345,0.3197499185398393,0.1689273805392519
2021-02-11 19:40:00,0.3193863319386332,-0.24302788844621515,0.03410275502606086,-0.06338153901089094,0.6752692675138396,0.00011135857461024499,0.5,-0.030069711292322276,0.35166821357041794,0.1222831817714335,0.37910917360661345,0.3197499185398393,0.18047739034657573
2021-02-11 19:50:00,0.34449093444909346,0.027888446215139417,0.03172002978406541,-0.06338153901089094,0.6635432071298635,0.00011135857461024499,0.5,-0.030069711292322276,0.35166821357041794,0.1222831817714335,0.37910917360661345,0.3197499185398393,0.24394586357258174
2021-02-11 20:00:00,0.19525801952580193,0.40239043824701204,0.029039463886820327,-0.06373861810391002,0.6638442109120415,0.00011135857461024499,0.5,-0.03696669660662344,0.36355303197924327,0.12098942408253469,0.36273619293808573,0.2979567158954362,0.0839884122697165
2021-02-11 20:10:00,0.22315202231520226,-0.1394422310756973,0.027550260610573307,-0.06373861810391002,0.6900708013244166,0.00011135857461024499,0.5,-0.03696669660662344,0.36355303197924327,0.12098942408253469,0.36273619293808573,0.2979567158954362,0.08200431522247538
2021-02-11 20:20:00,0.43165969316596936,-0.13147410358565736,0.02784810126582271,-0.06445277628994805,0.6929368808155894,0.00011135857461024499,0.5,-0.03696669660662344,0.36355303197924327,0.12098942408253469,0.36273619293808573,0.2979567158954362,0.32566350317606413
2021-02-11 20:30:00,0.4490934449093445,-0.21115537848605592,0.03052866716306757,-0.06088198535975731,0.6771145515698002,0.00011135857461024499,0.5,-0.03696669660662344,0.36355303197924327,0.12098942408253469,0.36273619293808573,0.2979567158954362,0.40173815954252606
2021-02-11 20:40:00,0.29776847977684795,-0.05179282868525903,0.029039463886820327,-0.06338153901089094,0.6642891730248263,0.00011135857461024499,0.5,-0.03696669660662344,0.36355303197924327,0.12098942408253469,0.36273619293808573,0.2979567158954362,0.15889373387449643
2021-02-11 20:50:00,0.1701534170153417,0.40239043824701204,0.025465376023827258,-0.06338153901089094,0.6702830744264568,0.00011135857461024499,0.5,-0.03696669660662344,0.36355303197924327,0.12098942408253469,0.36273619293808573,0.2979567158954362,0.061507008464474856
2021-02-11 21:00:00,0.16875871687587168,0.17131474103585642,0.022784810126582178,-0.06338153901089094,0.6870476763816729,0.00011135857461024499,0.5,-0.038774434056439544,0.38440606079762696,0.1157115470727052,0.37243950530276704,0.2558530564356977,0.051096157037886454
2021-02-11 21:10:00,0.201534170153417,-0.20318725099601598,0.017721518987341645,-0.06516693447598643,0.6713038698616692,0.00011135857461024499,0.5,-0.038774434056439544,0.38440606079762696,0.1157115470727052,0.37243950530276704,0.2558530564356977,0.07639905246163828
2021-02-11 21:20:00,0.2705718270571827,-0.21912350597609564,0.015636634400595373,-0.0751651490805213,0.671199172893955,0.00011135857461024499,0.5,-0.038774434056439544,0.38440606079762696,0.1157115470727052,0.37243950530276704,0.2558530564356977,0.12998476092762196
2021-02-11 21:30:00,0.32217573221757323,-0.19521912350597614,0.014147431124348353,-0.08087841456882694,0.6549842300192381,0.00011135857461024499,0.5,-0.038774434056439544,0.38440606079762696,0.1157115470727052,0.37243950530276704,0.2558530564356977,0.1726918840623444
2021-02-11 21:40:00,0.197350069735007,-0.40239043824701204,0.011466865227103495,-0.08302088912694161,0.6348693250971719,0.00011135857461024499,0.5,-0.038774434056439544,0.38440606079762696,0.1157115470727052,0.37243950530276704,0.2558530564356977,0.06882478084403337
2021-02-11 21:50:00,0.2629009762900976,-0.298804780876494,0.005807892777363932,-0.0880199964292091,0.613406446715787,0.00011135857461024499,0.5,-0.038774434056439544,0.38440606079762696,0.1157115470727052,0.37243950530276704,0.2558530564356977,0.12579778807127662
2021-02-11 22:00:00,0.26569037656903766,0.09960159362549792,0.004914370811615498,-0.09123370826638089,0.6013924696705971,0.00011135857461024499,0.5,-0.11690501340293913,0.3823946070050308,0.13074929266252214,0.3830932690650687,0.23209996162669708,0.12658237397588906
2021-02-11 22:10:00,0.17782426778242677,0.03585657370517925,0.0013402829486224288,-0.09194786645241915,0.5896140608027639,0.00011135857461024499,0.5,-0.11690501340293913,0.3823946070050308,0.13074929266252214,0.3830932690650687,0.23209996162669708,0.06436622055916834
2021-02-11 22:20:00,0.2105997210599721,0.12350597609561742,0.00014892032762459095,-0.0930191037314766,0.5896140608027639,0.00011135857461024499,0.5,-0.11690501340293913,0.3823946070050308,0.13074929266252214,0.3830932690650687,0.23209996162669708,0.0792507204610951
2021-02-11 22:30:00,0.16108786610878661,-0.059760956175298974,-0.004914370811615942,-0.09873236921978212,0.5781104814751803,0.00011135857461024499,0.5,-0.11690501340293913,0.3823946070050308,0.13074929266252214,0.3830932690650687,0.23209996162669708,0.046803566848227895
2021-02-11 22:40:00,0.1324965132496513,0.6653386454183265,-0.010573343261355284,-0.09516157828959104,0.5758333224273992,0.00011135857461024499,0.5,-0.11690501340293913,0.3823946070050308,0.13074929266252214,0.3830932690650687,0.23209996162669708,0.03409176637445871
2021-02-11 22:50:00,0.12831241283124128,-0.05179282868525903,-0.012658227848101444,-0.09730405284770571,0.5758333224273992,0.00011135857461024499,0.5,-0.11690501340293913,0.3823946070050308,0.13074929266252214,0.3830932690650687,0.23209996162669708,0.015744526758905805
2021-02-11 23:00:00,0.22384937238493724,0.13147410358565725,0.015636634400595373,-0.0526691662203177,0.5874154244807684,0.00011135857461024499,0.5,-0.17978405875747072,0.37932570321861475,0.1735697300774061,0.35745357486656637,0.22201525474412692,0.06416252998777856
2021-02-11 23:10:00,0.2894002789400279,0.33864541832669315,0.04125093075204744,-0.008391358685948758,0.59224457211658,0.00011135857461024499,0.5,-0.17978405875747072,0.37932570321861475,0.1735697300774061,0.35745357486656637,0.22201525474412692,0.12844576549934367
2021-02-11 23:20:00,0.25383542538354253,0.14741035856573692,0.018912881608339482,-0.026959471522942313,0.59224457211658,0.00011135857461024499,0.5,-0.17978405875747072,0.37932570321861475,0.1735697300774061,0.35745357486656637,0.22201525474412692,0.11627713988261387
2021-02-11 23:30:00,0.2597629009762901,-0.16733067729083673,-0.0028294862248698927,-0.06320303517229053,0.59224457211658,0.00011135857461024499,0.5,-0.17978405875747072,0.37932570321861475,0.1735697300774061,0.35745357486656637,0.22201525474412692,0.1169259320729665
2021-02-11 23:40:00,0.26569037656903766,-0.4820717131474104,-0.024571854058079046,-0.09944652740582038,0.59224457211658,0.00011135857461024499,0.5,-0.17978405875747072,0.37932570321861475,0.1735697300774061,0.35745357486656637,0.22201525474412692,0.1175747242633191
2021-02-11 23:50:00,0.30474198047419804,-0.019920318725099695,-0.03112434847356671,-0.10908766291733607,0.59224457211658,0.00011135857461024499,0.5,-0.17978405875747072,0.37932570321861475,0.1735697300774061,0.35745357486656637,0.22201525474412692,0.16621905034929163
2021-02-12 00:00:00,0.2880055788005579,-0.07569721115537853,-0.03529411764705892,-0.1151580074986609,0.59224457211658,0.00011135857461024499,0.5,-0.20898428836013871,0.3810699210073352,0.22008388247019206,0.319047062444506,0.2102631511564165,0.14681563740060655
2021-02-12 00:10:00,0.23849372384937237,0.13147410358565725,-0.037974683544304,-0.12158543117300469,0.59224457211658,0.00011135857461024499,0.5,-0.20898428836013871,0.3810699210073352,0.22008388247019206,0.319047062444506,0.2102631511564165,0.10861988321740573
2021-02-12 00:20:00,0.19665271966527195,0.11553784860557759,-0.04363365599404323,-0.12408498482413843,0.59224457211658,0.00011135857461024499,0.5,-0.20898428836013871,0.3810699210073352,0.22008388247019206,0.319047062444506,0.2102631511564165,0.07995986541334098
2021-02-12 00:30:00,0.15202231520223153,0.3067729083665336,-0.04929262844378268,-0.12729869666131055,0.59224457211658,0.00011135857461024499,0.5,-0.20898428836013871,0.3810699210073352,0.22008388247019206,0.319047062444506,0.2102631511564165,0.049262941895378484
2021-02-12 00:40:00,0.13528591352859135,-0.003984063745020028,-0.052866716306776085,-0.12515622210319588,0.6062739657902658,0.00011135857461024499,0.5,-0.20898428836013871,0.3810699210073352,0.22008388247019206,0.319047062444506,0.2102631511564165,0.031738008660621334
2021-02-12 00:50:00,0.10739191073919108,-0.298804780876494,-0.04363365599404323,-0.10980182110337433,0.598303909123032,0.00011135857461024499,0.5,-0.20898428836013871,0.3810699210073352,0.22008388247019206,0.319047062444506,0.2102631511564165,0.0033948428564962206
2021-02-12 01:00:00,0.11576011157601115,0.043824701195219085,-0.01444527177959809,-0.03160149973219073,0.5922314849956157,0.00011135857461024499,0.5,-0.28187089486005545,0.38892033780929813,0.3191052959226597,0.2798119958767169,0.20520944498098,0.010901217616971196
2021-02-12 01:10:00,0.1094839609483961,0.7768924302788842,0.0016381236038716107,0.033386895197286215,0.5922314849956157,0.00011135857461024499,0.5,-0.28187089486005545,0.38892033780929813,0.3191052959226597,0.2798119958767169,0.20520944498098,0.0029950058089533325
2021-02-12 01:20:00,0.08926080892608089,0.2589641434262948,0.00908413998510782,0.08659168005713269,0.5922314849956157,0.000556792873051225,0.5,-0.28187089486005545,0.38892033780929813,0.3191052959226597,0.2798119958767169,0.20520944498098,0.0
2021-02-12 01:30:00,0.07601115760111576,0.24302788844621515,0.011169024571854091,0.11051597928941259,0.5936710683016843,0.5541202672605791,0.5,-0.28187089486005545,0.38892033780929813,0.3191052959226597,0.2798119958767169,0.20520944498098,0.0
2021-02-12 01:40:00,0.06485355648535565,0.22709163346613548,-0.00044676098287421695,0.0801642563827889,0.5946395152530395,0.9996659242761693,0.5,-0.28187089486005545,0.38892033780929813,0.3191052959226597,0.2798119958767169,0.20520944498098,0.0
2021-02-12 01:50:00,0.12412831241283125,0.2111553784860556,0.0034251675353684785,0.054454561685413294,0.5946395152530395,0.9996659242761693,0.5,-0.28187089486005545,0.38892033780929813,0.3191052959226597,0.2798119958767169,0.20520944498098,0.0
2021-02-12 02:00:00,0.20362622036262204,0.19521912350597592,0.0010424422933730249,0.03302981610426703,0.6261794767769039,0.9996659242761693,0.5,-0.20146843647053614,0.3961673184734805,0.2139852644524667,0.2134480870018385,0.2265568338468873,0.0
2021-02-12 02:10:00,0.2315202231520223,0.17928286852589648,-0.018317200297840674,0.03731476522049637,0.7574956485322795,0.23429844097995545,0.5,-0.20146843647053614,0.3961673184734805,0.2139852644524667,0.2134480870018385,0.2265568338468873,0.04170375846824691
2021-02-12 02:20:00,0.1799163179916318,0.6573705179282865,-0.0016381236038721658,0.03660060703445822,0.7491329782361178,0.00011135857461024499,0.5,-0.20146843647053614,0.3961673184734805,0.2139852644524667,0.2134480870018385,0.2265568338468873,0.03747152104048162
2021-02-12 02:30:00,0.14365411436541145,0.585657370517928,0.0022338049143706407,0.04838421710408847,0.7652824855060135,0.00011135857461024499,0.5,-0.20146843647053614,0.3961673184734805,0.2139852644524667,0.2134480870018385,0.2265568338468873,0.02347722437648053
2021-02-12 02:40:00,0.100418410041841,0.2111553784860556,-0.0037230081906179935,0.07088019996429229,0.7813272958081952,0.01224944320712695,0.5,-0.20146843647053614,0.3961673184734805,0.2139852644524667,0.2134480870018385,0.2265568338468873,0.0
2021-02-12 02:50:00,0.09414225941422595,0.3784860557768923,-0.0195085629188384,0.06802356722013925,0.7574956485322795,0.4948775055679287,0.5,-0.20146843647053614,0.3961673184734805,0.2139852644524667,0.2134480870018385,0.2265568338468873,0.0
2021-02-12 03:00:00,0.09483960948396096,0.3256972111553784,-0.048696947133283874,0.04731297982503113,0.748138357042834,0.9995545657015591,0.5,-0.23533452981983005,0.39793165080012893,0.23114562484298826,0.07100445887056325,0.39377893276330167,0.0
2021-02-12 03:10:00,0.05230125523012552,0.2729083665338645,-0.06567386448250201,0.02874486698803791,0.748138357042834,0.9995545657015591,0.5,-0.23533452981983005,0.39793165080012893,0.23114562484298826,0.07100445887056325,0.39377893276330167,0.0
2021-02-12 03:20:00,0.05788005578800558,0.22011952191235062,-0.07073715562174243,0.0126763078021781,0.748138357042834,0.9995545657015591,0.5,-0.23533452981983005,0.39793165080012893,0.23114562484298826,0.07100445887056325,0.39377893276330167,0.0
2021-02-12 03:30:00,0.07043235704323571,0.1673306772908365,-0.07639612807148188,-0.0030351722906623024,0.748138357042834,0.9995545657015591,0.5,-0.23533452981983005,0.39793165080012893,0.23114562484298826,0.07100445887056325,0.39377893276330167,0.0
2021-02-12 03:40:00,0.0801952580195258,0.11454183266932261,-0.08116157855547301,-0.021960364220674822,0.748138357042834,0.9995545657015591,0.5,-0.23533452981983005,0.39793165080012893,0.23114562484298826,0.07100445887056325,0.39377893276330167,0.0
2021-02-12 03:50:00,0.07182705718270573,0.06175298804780871,-0.08354430379746858,-0.036243527941438924,0.748138357042834,0.9995545657015591,0.5,-0.23533452981983005,0.39793165080012893,0.23114562484298826,0.07100445887056325,0.39377893276330167,0.0
2021-02-12 04:00:00,0.055788005578800565,0.008964143426294813,-0.088607594936709,-0.04731297982503124,0.748138357042834,0.9995545657015591,0.5,-0.3105011201635103,0.4061699908335186,0.2772076848851641,0.1722589667121699,0.6852463092783255,0.0
2021-02-12 04:10:00,0.0202231520223152,-0.043824701195219196,-0.10022338049143709,-0.05695411533654715,0.748138357042834,0.9995545657015591,0.5,-0.3105011201635103,0.4061699908335186,0.2772076848851641,0.1722589667121699,0.6852463092783255,0.0
2021-02-12 04:20:00,0.014644351464435146,-0.06530400138576142,-0.11243484735666431,-0.0673094090341011,0.748138357042834,0.9995545657015591,0.5,-0.3105011201635103,0.4061699908335186,0.2772076848851641,0.1722589667121699,0.6852463092783255,0.0
2021-02-12 04:30:00,0.048117154811715475,-0.08678330157630365,-0.11988086373790041,-0.07873594001071249,0.748138357042834,0.9995545657015591,0.5,-0.3105011201635103,0.4061699908335186,0.2772076848851641,0.1722589667121699,0.6852463092783255,0.0
2021-02-12 04:40:00,0.03556485355648536,-0.10826260176684577,-0.12077438570364873,-0.08766291733619003,0.748138357042834,0.9995545657015591,0.5,-0.3105011201635103,0.4061699908335186,0.2772076848851641,0.1722589667121699,0.6852463092783255,0.0
2021-02-12 04:50:00,0.0202231520223152,-0.129741901957388,-0.1309009679821297,-0.09551865738261023,0.748138357042834,0.9995545657015591,0.5,-0.3105011201635103,0.4061699908335186,0.2772076848851641,0.1722589667121699,0.6852463092783255,0.0
2021-02-12 05:00:00,0.028591352859135284,-0.15122120214793,-0.1386448250186152,-0.10158900196393505,0.748138357042834,0.9995545657015591,0.5,-0.3553030578445967,0.40878775426931174,0.31502619282315764,0.24814118584051856,0.7650717273460189,0.0
2021-02-12 05:10:00,0.04114365411436541,-0.17270050233847223,-0.14489947877885334,-0.10801642563827896,0.748138357042834,0.9995545657015591,0.5,-0.3553030578445967,0.40878775426931174,0.31502619282315764,0.24814118584051856,0.7650717273460189,0.0
2021-02-12 05:20:00,0.043235704323570434,-0.19417980252901434,-0.14072970960536124,-0.11265845384752715,0.748138357042834,0.9995545657015591,0.5,-0.3553030578445967,0.40878775426931174,0.31502619282315764,0.24814118584051856,0.7650717273460189,0.0
2021-02-12 05:30:00,0.07182705718270573,-0.21565910271955657,-0.1395383469843634,-0.12051419389394735,0.748138357042834,0.9995545657015591,0.5,-0.3553030578445967,0.40878775426931174,0.31502619282315764,0.24814118584051856,0.7650717273460189,0.0
2021-02-12 05:40:00,0.056485355648535567,-0.2371384029100988,-0.13775130305286676,-0.1247991430101768,0.748138357042834,0.9995545657015591,0.5,-0.3553030578445967,0.40878775426931174,0.31502619282315764,0.24814118584051856,0.7650717273460189,0.0
2021-02-12 05:50:00,0.06345885634588563,-0.2586177031006409,-0.14072970960536124,-0.1308694875915014,0.748138357042834,0.9995545657015591,0.5,-0.3553030578445967,0.40878775426931174,0.31502619282315764,0.24814118584051856,0.7650717273460189,0.0
2021-02-12 06:00:00,0.05439330543933055,-0.28009700329118314,-0.14489947877885334,-0.13693983217282624,0.748138357042834,0.9995545657015591,0.5,-0.37364378833729184,0.4313390247897312,0.3404878057440965,0.2759575094817578,0.894961235024157,0.0
2021-02-12 06:10:00,0.0299860529986053,-0.30157630348172537,-0.14936708860759507,-0.1422960185681127,0.748138357042834,0.9995545657015591,0.5,-0.37364378833729184,0.4313390247897312,0.3404878057440965,0.2759575094817578,0.894961235024157,0.0
2021-02-12 06:20:00,0.014644351464435146,-0.3230556036722675,-0.16128071481757278,-0.14836636314943752,0.748138357042834,0.9995545657015591,0.5,-0.37364378833729184,0.4313390247897312,0.3404878057440965,0.2759575094817578,0.894961235024157,0.0
2021-02-12 06:30:00,0.0299860529986053,-0.3445349038628097,-0.16425912137006715,-0.1490805213354759,0.748138357042834,0.9995545657015591,0.5,-0.37364378833729184,0.4313390247897312,0.3404878057440965,0.2759575094817578,0.894961235024157,0.0
2021-02-12 06:40:00,0.02370990237099024,-0.36601420405335183,-0.1663440059568132,-0.15407962863774327,0.748138357042834,0.9995545657015591,0.5,-0.37364378833729184,0.4313390247897312,0.3404878057440965,0.2759575094817578,0.894961235024157,0.0
2021-02-12 06:50:00,0.0299860529986053,-0.38749350424389406,-0.17110945644080433,-0.1597928941260488,0.748138357042834,0.9995545657015591,0.5,-0.37364378833729184,0.4313390247897312,0.3404878057440965,0.2759575094817578,0.894961235024157,0.0
2021-02-12 07:00:00,0.028591352859135284,-0.4089728044344362,-0.17349218168279978,-0.16264952687020162,0.748138357042834,0.9995545657015591,0.5,-0.3931591479352937,0.4496834833782069,0.360942797065572,0.29804652469111326,0.9539372723497507,0.0
2021-02-12 07:10:00,0.07322175732217574,-0.4304521046249783,-0.1699180938198066,-0.1647920014283163,0.748138357042834,0.9995545657015591,0.5,-0.3931591479352937,0.4496834833782069,0.360942797065572,0.29804652469111326,0.9539372723497507,0.0
2021-02-12 07:20:00,0.12203626220362622,-0.4519314048155205,-0.1624720774385705,-0.17050526691662193,0.748138357042834,0.9995545657015591,0.5,-0.3931591479352937,0.4496834833782069,0.360942797065572,0.29804652469111326,0.9539372723497507,0.0
2021-02-12 07:30:00,0.1311018131101813,-0.47341070500606275,-0.1505584512285929,-0.17300482056775568,0.748138357042834,0.9995545657015591,0.5,-0.3931591479352937,0.4496834833782069,0.360942797065572,0.29804652469111326,0.9539372723497507,0.0
2021-02-12 07:40:00,0.20013947001394702,-0.49489000519660487,-0.14430379746835464,-0.17800392787002317,0.7393045503919592,0.9995545657015591,0.5,-0.3931591479352937,0.4496834833782069,0.360942797065572,0.29804652469111326,0.9539372723497507,0.0
2021-02-12 07:50:00,0.2085076708507671,-0.5163693053871472,-0.13626209977661963,-0.1694340296375647,0.5546976220701209,0.9995545657015591,0.5,-0.3931591479352937,0.4496834833782069,0.360942797065572,0.29804652469111326,0.9539372723497507,0.0
2021-02-12 08:00:00,0.1596931659693166,-0.5378486055776892,-0.13387937453462406,-0.13015532940546326,0.35746162201777226,0.4153674832962138,0.5,-0.41560487662191903,0.4573499958334183,0.39167746805964376,0.29752091003336084,0.9914990770578087,0.0
2021-02-12 08:10:00,0.12482566248256625,-0.08764940239043839,-0.131794489947878,-0.14122478128905558,0.3724202012799205,0.6410913140311805,0.5,-0.41560487662191903,0.4573499958334183,0.39167746805964376,0.29752091003336084,0.9914990770578087,0.0
2021-02-12 08:20:00,0.1492329149232915,0.36254980079681287,-0.1434102755026062,-0.1490805213354759,0.3724202012799205,0.9995545657015591,0.5,-0.41560487662191903,0.4573499958334183,0.39167746805964376,0.29752091003336084,0.9914990770578087,0.0
2021-02-12 08:30:00,0.21827057182705717,0.1633466135458166,-0.1544303797468355,-0.15443670773076235,0.3724202012799205,0.6826280623608018,0.5,-0.41560487662191903,0.4573499958334183,0.39167746805964376,0.29752091003336084,0.9914990770578087,0.011512289331140516
2021-02-12 08:40:00,0.25592747559274753,0.027888446215139417,-0.1350707371556218,-0.15300839135868594,0.3724202012799205,0.00011135857461024499,0.5,-0.41560487662191903,0.4573499958334183,0.39167746805964376,0.29752091003336084,0.9914990770578087,0.0652941442732773
2021-02-12 08:50:00,0.23640167364016737,-0.02788844621513953,-0.11690245718540593,-0.1312265666845207,0.3724202012799205,0.00011135857461024499,0.5,-0.41560487662191903,0.4573499958334183,0.39167746805964376,0.29752091003336084,0.9914990770578087,0.047542888181420405
2021-02-12 09:00:00,0.1882845188284519,-0.3705179282868527,-0.10707371556217438,-0.1101589001963934,0.3724202012799205,0.00011135857461024499,0.5,-0.44246812195090235,0.4812403198786242,0.42385147935649947,0.24545968135998325,0.0023295776578298602,0.032122757517690906
2021-02-12 09:10:00,0.12133891213389121,0.05976095617529875,-0.10320178704393157,-0.0894483128012854,0.3724202012799205,0.011692650334075724,0.5,-0.44246812195090235,0.4812403198786242,0.42385147935649947,0.24545968135998325,0.0023295776578298602,0.0
2021-02-12 09:20:00,0.08786610878661089,-0.7211155378486056,-0.11213700670141491,-0.09801821103374397,0.3724202012799205,0.610913140311804,0.5,-0.44246812195090235,0.4812403198786242,0.42385147935649947,0.24545968135998325,0.0023295776578298602,0.0
2021-02-12 09:30:00,0.07391910739191074,-0.6424302788844621,-0.12107222635889814,-0.10623103017318325,0.3724202012799205,0.9989977728285078,0.5,-0.44246812195090235,0.4812403198786242,0.42385147935649947,0.24545968135998325,0.0023295776578298602,0.0
2021-02-12 09:40:00,0.08298465829846582,-0.5637450199203188,-0.13745346239761735,-0.11622924477771823,0.3724202012799205,0.9989977728285078,0.5,-0.44246812195090235,0.4812403198786242,0.42385147935649947,0.24545968135998325,0.0023295776578298602,0.0
2021-02-12 09:50:00,0.12343096234309624,-0.4850597609561753,-0.14221891288160848,-0.12372790573111947,0.3724202012799205,0.9989977728285078,0.5,-0.44246812195090235,0.4812403198786242,0.42385147935649947,0.24545968135998325,0.0023295776578298602,0.0
2021-02-12 10:00:00,0.1094839609483961,-0.40637450199203184,-0.14102755026061076,-0.1312265666845207,0.3724202012799205,0.9989977728285078,0.5,-0.29292070669860115,0.5054639705523184,0.3396824092451554,0.1506785875179018,0.935468644932425,0.0
2021-02-12 10:10:00,0.13319386331938632,-0.3276892430278885,-0.14072970960536124,-0.1312265666845207,0.3724202012799205,0.9989977728285078,0.5,-0.29292070669860115,0.5054639705523184,0.3396824092451554,0.1506785875179018,0.935468644932425,0.0
2021-02-12 10:20:00,0.13319386331938632,-0.24900398406374502,-0.14072970960536124,-0.12908409212640592,0.3724202012799205,0.9989977728285078,0.5,-0.29292070669860115,0.5054639705523184,0.3396824092451554,0.1506785875179018,0.935468644932425,0.0
2021-02-12 10:30:00,0.1304044630404463,-0.17031872509960155,-0.1386448250186152,-0.12372790573111947,0.3724202012799205,0.9989977728285078,0.5,-0.29292070669860115,0.5054639705523184,0.3396824092451554,0.1506785875179018,0.935468644932425,0.0
2021-02-12 10:40:00,0.15760111576011157,-0.0916334661354582,-0.13417721518987347,-0.12051419389394735,0.3724202012799205,0.9989977728285078,0.5,-0.29292070669860115,0.5054639705523184,0.3396824092451554,0.1506785875179018,0.935468644932425,0.0
2021-02-12 10:50:00,0.13458856345885634,-0.01294820717131473,-0.12911392405063304,-0.11980003570790931,0.3724202012799205,0.9989977728285078,0.5,-0.29292070669860115,0.5054639705523184,0.3396824092451554,0.1506785875179018,0.935468644932425,0.0
2021-02-12 11:00:00,0.10251046025104603,0.06573705179282863,-0.11809381980640365,-0.11408677021960356,0.3724202012799205,0.9989977728285078,0.5,-0.24618078775327923,0.5159005422304722,0.29941144297099115,0.18481032433296288,0.7915426546512241,0.0
2021-02-12 11:10:00,0.10320781032078104,0.1444223107569722,-0.11154132539091599,-0.10837350473129803,0.3724202012799205,0.9989977728285078,0.5,-0.24618078775327923,0.5159005422304722,0.29941144297099115,0.18481032433296288,0.7915426546512241,0.0
2021-02-12 11:20:00,0.1094839609483961,0.22310756972111556,-0.10498883097542833,-0.10051776468487772,0.3724202012799205,0.9989977728285078,0.5,-0.24618078775327923,0.5159005422304722,0.29941144297099115,0.18481032433296288,0.7915426546512241,0.0
2021-02-12 11:30:00,0.12761506276150628,0.3017928286852587,-0.09545793000744618,-0.0930191037314766,0.3724202012799205,0.9989977728285078,0.5,-0.24618078775327923,0.5159005422304722,0.29941144297099115,0.18481032433296288,0.7915426546512241,0.0
2021-02-12 11:40:00,0.15620641562064158,0.3804780876494025,-0.08562918838421452,-0.08516336368505628,0.3724202012799205,0.9989977728285078,0.5,-0.24618078775327923,0.5159005422304722,0.29941144297099115,0.18481032433296288,0.7915426546512241,0.0
2021-02-12 11:50:00,0.1631799163179916,0.45916334661354563,-0.0772896500372302,-0.07802178182467412,0.3724202012799205,0.9989977728285078,0.5,-0.24618078775327923,0.5159005422304722,0.29941144297099115,0.18481032433296288,0.7915426546512241,0.0
2021-02-12 12:00:00,0.18549511854951187,0.5378486055776892,-0.06835443037974687,-0.07159435815033022,0.38477444347018097,0.4179287305122495,0.5,-0.210905993316708,0.5194320803891898,0.26398908789829306,0.32664354946656576,0.7429793511469005,0.0
2021-02-12 12:10:00,0.2622036262203626,-0.21115537848605592,-0.04780342516753544,-0.06838064631315821,0.3819083639790083,0.09665924276169265,0.5,-0.210905993316708,0.5194320803891898,0.26398908789829306,0.32664354946656576,0.7429793511469005,0.06503764503523092
2021-02-12 12:20:00,0.29776847977684795,0.07569721115537842,-0.024571854058079046,-0.0590965898946616,0.3818691026161155,0.00011135857461024499,0.5,-0.210905993316708,0.5194320803891898,0.26398908789829306,0.32664354946656576,0.7429793511469005,0.13967892330672782
2021-02-12 12:30:00,0.24407252440725244,0.08366533864541825,-0.0040208488458676195,-0.04052847705766838,0.3792516784232637,0.00011135857461024499,0.5,-0.210905993316708,0.5194320803891898,0.26398908789829306,0.32664354946656576,0.7429793511469005,0.10975149750290447
2021-02-12 12:40:00,0.29358437935843795,0.019920318725099362,0.00908413998510782,-0.019103731476522,0.390127075944563,0.00011135857461024499,0.5,-0.210905993316708,0.5194320803891898,0.26398908789829306,0.32664354946656576,0.7429793511469005,0.14755495873379906
2021-02-12 12:50:00,0.3368200836820084,-0.043824701195219196,0.025167535368577854,-0.0026780931976432276,0.38199997382575807,0.00011135857461024499,0.5,-0.210905993316708,0.5194320803891898,0.26398908789829306,0.32664354946656576,0.7429793511469005,0.20626310786547372
2021-02-12 13:00:00,0.35704323570432356,0.1394422310756971,0.04184661206254625,0.010533833244063429,0.37820470874612294,0.00011135857461024499,0.5,-0.042748121137086925,0.5228831603961995,0.18983186603051633,0.4476301928137315,0.7443871971623536,0.2249724640523862
2021-02-12 13:10:00,0.35495118549511856,0.1633466135458166,0.05912137006701412,0.02053204784859841,0.37480205729541555,0.00011135857461024499,0.5,-0.042748121137086925,0.5228831603961995,0.18983186603051633,0.4476301928137315,0.7443871971623536,0.2440741131916049
2021-02-12 13:20:00,0.403068340306834,0.019920318725099362,0.043335815338793715,0.016604177825388255,0.38486605331693086,0.00011135857461024499,0.5,-0.042748121137086925,0.5228831603961995,0.18983186603051633,0.4476301928137315,0.7443871971623536,0.3185418772726587
2021-02-12 13:30:00,0.4693165969316597,-0.12350597609561753,0.010871183916604465,-0.025531155150865903,0.38618785253432103,0.00011135857461024499,0.5,-0.042748121137086925,0.5228831603961995,0.18983186603051633,0.4476301928137315,0.7443871971623536,0.44863979962883055
2021-02-12 13:40:00,0.46513249651324967,0.05976095617529875,0.005212211466865124,-0.03267273701124784,0.3764510345369122,0.00011135857461024499,0.5,-0.042748121137086925,0.5228831603961995,0.18983186603051633,0.4476301928137315,0.7443871971623536,0.45463735534197386
2021-02-12 13:50:00,0.4783821478382148,0.1633466135458166,0.00699925539836177,-0.033386895197286104,0.37230241719124213,0.00011135857461024499,0.5,-0.042748121137086925,0.5228831603961995,0.18983186603051633,0.4476301928137315,0.7443871971623536,0.4628377868642214
2021-02-12 14:00:00,0.4630404463040446,0.05976095617529875,0.008190618019359386,-0.025531155150865903,0.375835939851592,0.00011135857461024499,0.5,-0.02396259384308652,0.507504159399092,0.17498281985660621,0.5712347566191414,0.7473327170558915,0.4819469800986768
2021-02-12 14:10:00,0.47280334728033474,-0.059760956175298974,0.010871183916604465,-0.01981788966256015,0.3714779285704938,0.00033407572383073496,0.5,-0.02396259384308652,0.507504159399092,0.17498281985660621,0.5712347566191414,0.7473327170558915,0.5083814898079273
2021-02-12 14:20:00,0.6255230125523014,0.11553784860557759,0.014147431124348353,-0.028387787895018723,0.3778906178429807,0.004008908685968819,0.5,-0.02396259384308652,0.507504159399092,0.17498281985660621,0.5712347566191414,0.7473327170558915,0.8320608959367504
2021-02-12 14:30:00,0.6136680613668062,-0.1394422310756973,0.017125837676842837,-0.027673629708980574,0.37908154585072823,0.00111358574610245,0.5,-0.02396259384308652,0.507504159399092,0.17498281985660621,0.5712347566191414,0.7473327170558915,0.7808892979464972
2021-02-12 14:40:00,0.6311018131101813,-0.13147410358565736,0.02218912881608337,-0.019460810569541076,0.38254963290625693,0.001893095768374165,0.5,-0.02396259384308652,0.507504159399092,0.17498281985660621,0.5712347566191414,0.7473327170558915,0.8808862803084027
2021-02-12 14:50:00,0.6485355648535566,-0.02788844621513953,0.02576321667907644,-0.016604177825388367,0.38396304197039693,0.005902004454342985,0.5,-0.02396259384308652,0.507504159399092,0.17498281985660621,0.5712347566191414,0.7473327170558915,0.9150006789685713
2021-02-12 15:00:00,0.6994421199442119,-0.06772908366533881,0.03142218912881578,-0.01053383324406354,0.38578215178442893,0.006570155902004454,0.5,-0.012041465894965242,0.4982198633935525,0.16455058279332713,0.6572643727382127,0.7508898980128479,0.972448964195724
2021-02-12 15:10:00,0.6283124128312413,0.10756972111553775,0.03261355174981384,-0.0033922513836815993,0.3862140267762495,0.0008908685968819599,0.5,-0.012041465894965242,0.4982198633935525,0.16455058279332713,0.6572643727382127,0.7508898980128479,0.8486126408859784
2021-02-12 15:20:00,0.5913528591352859,-0.33864541832669326,0.03737900223380475,0.007320121406891644,0.38243184881757863,0.00033407572383073496,0.5,-0.012041465894965242,0.4982198633935525,0.16455058279332713,0.6572643727382127,0.7508898980128479,0.7844199345172533
2021-02-12 15:30:00,0.6136680613668062,0.1633466135458166,0.042144452717795655,0.013747545081235657,0.3789899360039785,0.005567928730512249,0.5,-0.012041465894965242,0.4982198633935525,0.16455058279332713,0.6572643727382127,0.7508898980128479,0.802684189085203
2021-02-12 15:40:00,0.6834030683403068,0.027888446215139417,0.0466120625465376,0.021603285127655747,0.3849053146798236,0.012806236080178173,0.5,-0.012041465894965242,0.4982198633935525,0.16455058279332713,0.6572643727382127,0.7508898980128479,0.9323068334414654
2021-02-12 15:50:00,0.6297071129707112,-0.09960159362549814,0.048994787788533056,0.025888234243884867,0.3881901820418526,0.0013363028953229399,0.5,-0.012041465894965242,0.4982198633935525,0.16455058279332713,0.6572643727382127,0.7508898980128479,0.8185117008917121
2021-02-12 16:00:00,0.606694560669456,0.33864541832669315,0.051675353685778136,0.038386002499553706,0.3802462996165474,0.0013363028953229399,0.5,0.04860645789189122,0.48705916835006297,0.14576129498524965,0.6867589872905921,0.7484459685675908,0.7731113357575026
2021-02-12 16:10:00,0.6164574616457461,-0.0916334661354582,0.05554728220402061,0.046598821638993204,0.3879415267435317,0.0026726057906458797,0.5,0.04860645789189122,0.48705916835006297,0.14576129498524965,0.6867589872905921,0.7484459685675908,0.7929598503251505
2021-02-12 16:20:00,0.6652719665271966,0.05179282868525892,0.05614296351451942,0.04517050526691668,0.38334794728507676,0.0069042316258351895,0.5,0.04860645789189122,0.48705916835006297,0.14576129498524965,0.6867589872905921,0.7484459685675908,0.9077357152556694
2021-02-12 16:30:00,0.6827057182705718,0.07569721115537842,0.05941921072226353,0.04445634708087853,0.38078287157608204,0.0028953229398663697,0.5,0.04860645789189122,0.48705916835006297,0.14576129498524965,0.6867589872905921,0.7484459685675908,0.959601370007695
2021-02-12 16:40:00,0.5697350069735007,-0.07569721115537853,0.06478034251675346,0.05052669166220336,0.37556111031134265,0.000779510022271715,0.5,0.04860645789189122,0.48705916835006297,0.14576129498524965,0.6867589872905921,0.7484459685675908,0.6421760188300617
2021-02-12 16:50:00,0.6255230125523014,0.05179282868525892,0.06478034251675346,0.061596143545795234,0.3882687047676382,0.001893095768374165,0.5,0.04860645789189122,0.48705916835006297,0.14576129498524965,0.6867589872905921,0.7484459685675908,0.8196659474629208
2021-02-12 17:00:00,0.5634588563458857,-0.13147410358565736,0.06448250186150384,0.055168719871451444,0.3800107314391907,0.0026726057906458797,0.5,0.04922529111410312,0.48682066740036894,0.14793184552467253,0.6773648164100896,0.7400496885688074,0.6794891138705735
2021-02-12 17:10:00,0.6297071129707112,0.08366533864541825,0.05941921072226353,0.054454561685413294,0.3804426064310113,0.0010022271714922048,0.5,0.04922529111410312,0.48682066740036894,0.14793184552467253,0.6773648164100896,0.7400496885688074,0.8185343331774221
2021-02-12 17:20:00,0.5850767085076709,-0.01195219123505975,0.0588235294117645,0.05016961256918395,0.3846304851395741,0.00022271714922048998,0.5,0.04922529111410312,0.48682066740036894,0.14793184552467253,0.6773648164100896,0.7400496885688074,0.721245681005477
2021-02-12 17:30:00,0.5041841004184101,0.17131474103585642,0.06001489203276256,0.049455454383146025,0.37561345879519964,0.00022271714922048998,0.5,0.04922529111410312,0.48682066740036894,0.14793184552467253,0.6773648164100896,0.7400496885688074,0.5368151847548924
2021-02-12 17:40:00,0.5223152022315203,0.08366533864541825,0.06537602382725227,0.046241742545973796,0.3817513185274372,0.00022271714922048998,0.5,0.04922529111410312,0.48682066740036894,0.14793184552467253,0.6773648164100896,0.7400496885688074,0.598307105028894
2021-02-12 17:50:00,0.5481171548117155,0.03585657370517925,0.06775874906924773,0.04874129619710765,0.3726034209734201,0.00022271714922048998,0.5,0.04922529111410312,0.48682066740036894,0.14793184552467253,0.6773648164100896,0.7400496885688074,0.6276159150233113
2021-02-12 18:00:00,0.5439330543933054,0.14741035856573692,0.06775874906924773,0.04374218889484016,0.38333486016411245,0.00022271714922048998,0.5,-0.07027095716362675,0.48737525394603987,0.211481953652735,0.6209456547520594,0.7214614937085813,0.6386906468307256
2021-02-12 18:10:00,0.5739191073919108,-0.2749003984063746,0.06448250186150384,0.04267095161578305,0.39257436756487946,0.00022271714922048998,0.5,-0.07027095716362675,0.48737525394603987,0.211481953652735,0.6209456547520594,0.7214614937085813,0.6783348672993648
2021-02-12 18:20:00,0.45536959553695955,-0.003984063745020028,0.05763216679076688,0.038386002499553706,0.3761500307547343,0.00011135857461024499,0.5,-0.07027095716362675,0.48737525394603987,0.211481953652735,0.6209456547520594,0.7214614937085813,0.42590944068077913
2021-02-12 18:30:00,0.5648535564853556,0.019920318725099362,0.05554728220402061,0.03017318336011443,0.37824397010901567,0.00011135857461024499,0.5,-0.07027095716362675,0.48737525394603987,0.211481953652735,0.6209456547520594,0.7214614937085813,0.6684671907298159
2021-02-12 18:40:00,0.4783821478382148,0.24302788844621515,0.049590469099031864,0.021603285127655747,0.37498527698891515,0.00011135857461024499,0.5,-0.07027095716362675,0.48737525394603987,0.211481953652735,0.6209456547520594,0.7214614937085813,0.5064049368559229
2021-02-12 18:50:00,0.5334728033472803,0.2669322709163344,0.04690990320178701,0.017318336011426627,0.3831123791077201,0.00011135857461024499,0.5,-0.07027095716362675,0.48737525394603987,0.211481953652735,0.6209456547520594,0.7214614937085813,0.5902952758875628
2021-02-12 19:00:00,0.4581589958158996,-0.2828685258964144,0.043335815338793715,0.011605070523120764,0.38004999280208346,0.00011135857461024499,0.5,-0.08421655093700509,0.504892142974136,0.21686039426257397,0.5204779813307066,0.7091923233195131,0.4248457232524103
2021-02-12 19:10:00,0.5153417015341701,-0.14741035856573714,0.0394638868205508,0.00910551687198713,0.3552629856957768,0.00011135857461024499,0.5,-0.08421655093700509,0.504892142974136,0.21686039426257397,0.5204779813307066,0.7091923233195131,0.5356760263741569
2021-02-12 19:20:00,0.43235704323570434,0.05976095617529875,0.03410275502606086,0.002321014104624153,0.35926764471084005,0.00011135857461024499,0.5,-0.08421655093700509,0.504892142974136,0.21686039426257397,0.5204779813307066,0.7091923233195131,0.3909651915445781
2021-02-12 19:30:00,0.5111576011157601,-0.1872509960159363,0.029635145197319357,-0.003749330476700563,0.35967334546073215,0.00011135857461024499,0.5,-0.08421655093700509,0.504892142974136,0.21686039426257397,0.5204779813307066,0.7091923233195131,0.5233263424717475
2021-02-12 19:40:00,0.4470013947001395,-0.2749003984063746,0.024869694713328228,-0.00981967505802539,0.3565716977922027,0.00011135857461024499,0.5,-0.08421655093700509,0.504892142974136,0.21686039426257397,0.5204779813307066,0.7091923233195131,0.38904144725923023
2021-02-12 19:50:00,0.29218967921896793,-0.03585657370517936,0.016827997021593433,-0.018746652383503037,0.3403960162803785,0.00011135857461024499,0.5,-0.08421655093700509,0.504892142974136,0.21686039426257397,0.5204779813307066,0.7091923233195131,0.1660229038731385
2021-02-12 20:00:00,0.2775453277545328,0.3067729083665336,0.00699925539836177,-0.03910016068559197,0.3372943686118491,0.00011135857461024499,0.5,-0.09544860405646949,0.5002399377024023,0.20635333686637483,0.4621628531601273,0.710603137284679,0.14925238016204717
2021-02-12 20:10:00,0.34309623430962344,0.09960159362549792,-0.00044676098287421695,-0.055168719871451444,0.3460627396579027,0.00011135857461024499,0.5,-0.09544860405646949,0.5002399377024023,0.20635333686637483,0.4621628531601273,0.710603137284679,0.2078549119604086
2021-02-12 20:20:00,0.35564853556485354,-0.3227091633466136,-0.0040208488458676195,-0.06123906445277627,0.3511405425920352,0.00011135857461024499,0.5,-0.09544860405646949,0.5002399377024023,0.20635333686637483,0.4621628531601273,0.710603137284679,0.22952155348009115
2021-02-12 20:30:00,0.3807531380753138,-0.11553784860557781,-0.009084139985108153,-0.06266738082485268,0.3511405425920352,0.00011135857461024499,0.5,-0.09544860405646949,0.5002399377024023,0.20635333686637483,0.4621628531601273,0.710603137284679,0.26098043061695614
2021-02-12 20:40:00,0.3668061366806137,0.09960159362549792,-0.012062546537602414,-0.07230851633636859,0.3569512243001662,0.00011135857461024499,0.5,-0.09544860405646949,0.5002399377024023,0.20635333686637483,0.4621628531601273,0.710603137284679,0.2504413295713445
2021-02-12 20:50:00,0.19386331938633192,0.3227091633466135,-0.022486969471332885,-0.08409212640599895,0.3873918676630328,0.00011135857461024499,0.5,-0.09544860405646949,0.5002399377024023,0.20635333686637483,0.4621628531601273,0.710603137284679,0.07024307074852514
2021-02-12 21:00:00,0.23709902370990238,-0.3545816733067729,-0.03469843633656011,-0.09444742010355289,0.4030964128201437,0.00011135857461024499,0.5,-0.09833624783746908,0.5126994571948265,0.2052562678831692,0.39653994721928004,0.7163272913795602,0.10221494636148287
2021-02-12 21:10:00,0.2824267782426778,0.19521912350597592,-0.03231571109456466,-0.1037314765220495,0.39095156456531127,0.00011135857461024499,0.5,-0.09833624783746908,0.5126994571948265,0.2052562678831692,0.39653994721928004,0.7163272913795602,0.13878872006880216
2021-02-12 21:20:00,0.3054393305439331,-0.13147410358565736,-0.027848101265822822,-0.10944474201035537,0.4003088560547565,0.00011135857461024499,0.5,-0.09833624783746908,0.5126994571948265,0.2052562678831692,0.39653994721928004,0.7163272913795602,0.15828266216032713
2021-02-12 21:30:00,0.28033472803347276,-0.33864541832669326,-0.027550260610573418,-0.10658810926620232,0.40308332569917943,0.00011135857461024499,0.5,-0.09833624783746908,0.5126994571948265,0.2052562678831692,0.39653994721928004,0.7163272913795602,0.1454501561627714
2021-02-12 21:40:00,0.2594142259414226,0.10756972111553775,-0.027550260610573418,-0.10980182110337433,0.4145869050267632,0.00011135857461024499,0.5,-0.09833624783746908,0.5126994571948265,0.2052562678831692,0.39653994721928004,0.7163272913795602,0.11740875416811261
2021-02-12 21:50:00,0.22873082287308227,-0.02788844621513953,-0.027848101265822822,-0.11265845384752715,0.416903325437437,0.00011135857461024499,0.5,-0.09833624783746908,0.5126994571948265,0.2052562678831692,0.39653994721928004,0.7163272913795602,0.09777901836232782
2021-02-12 22:00:00,0.2775453277545328,0.17928286852589648,-0.03261355174981406,-0.1169434029637566,0.416903325437437,0.00011135857461024499,0.5,-0.1987599321331336,0.50325424488588,0.2531019685736848,0.35765429894774253,0.7290001935158232,0.13432261568870046
2021-02-12 22:10:00,0.28172942817294283,0.346613545816733,-0.037081161578555566,-0.12051419389394735,0.42348614728245937,0.00011135857461024499,0.5,-0.1987599321331336,0.50325424488588,0.2531019685736848,0.35765429894774253,0.7290001935158232,0.12219171054815396
2021-02-12 22:20:00,0.1792189679218968,0.3067729083665336,-0.04512285927029036,-0.12408498482413843,0.4307364122966588,0.00011135857461024499,0.5,-0.1987599321331336,0.50325424488588,0.2531019685736848,0.35765429894774253,0.7290001935158232,0.06541484979706383
2021-02-12 22:30:00,0.1603905160390516,0.31474103585657365,-0.05167535368577825,-0.12408498482413843,0.4422399916242426,0.00011135857461024499,0.5,-0.1987599321331336,0.50325424488588,0.2531019685736848,0.35765429894774253,0.7290001935158232,0.04257132942046261
2021-02-12 22:40:00,0.14365411436541145,0.3545816733067728,-0.05554728220402094,-0.12444206391715751,0.45613851408828576,0.00011135857461024499,0.5,-0.1987599321331336,0.50325424488588,0.2531019685736848,0.35765429894774253,0.7290001935158232,0.038308915611750684
2021-02-12 22:50:00,0.1317991631799163,-0.2270916334661356,-0.060610573343261476,-0.12587038028923414,0.46362434727984186,0.00011135857461024499,0.5,-0.1987599321331336,0.50325424488588,0.2531019685736848,0.35765429894774253,0.7290001935158232,0.03462739713626145
2021-02-12 23:00:00,0.1589958158995816,0.25099601593625476,-0.06388682055100525,-0.1312265666845207,0.46362434727984186,0.00011135857461024499,0.5,-0.25945364971184603,0.4889470614096832,0.30637049481729706,0.3404793260355893,0.7594368671067971,0.0479955338956199
2021-02-12 23:10:00,0.11436541143654114,-0.5458167330677292,-0.06746090841399865,-0.1347973576147118,0.46194919579641675,0.00011135857461024499,0.5,-0.25945364971184603,0.4889470614096832,0.30637049481729706,0.3404793260355893,0.7594368671067971,0.018317063234606273
2021-02-12 23:20:00,0.10669456066945607,0.07569721115537842,-0.05554728220402094,-0.11337261203356541,0.447160749106804,0.00011135857461024499,0.5,-0.25945364971184603,0.4889470614096832,0.30637049481729706,0.3404793260355893,0.7594368671067971,0.011391583807353984
2021-02-12 23:30:00,0.08926080892608089,-0.45019920318725104,-0.026061057334326176,-0.03160149973219073,0.4469382680504116,0.00044543429844097997,0.5,-0.25945364971184603,0.4889470614096832,0.30637049481729706,0.3404793260355893,0.7594368671067971,0.0008902032379256756
2021-02-12 23:40:00,0.08716875871687588,-0.1394422310756973,-0.012658227848101444,-0.012319228709159136,0.43080184790148013,0.5216035634743876,0.5,-0.25945364971184603,0.4889470614096832,0.30637049481729706,0.3404793260355893,0.7594368671067971,0.0
2021-02-12 23:50:00,0.12133891213389121,0.1872509960159361,-0.02218912881608348,-0.018032494197464666,0.4307364122966588,0.9995545657015591,0.5,-0.25945364971184603,0.4889470614096832,0.30637049481729706,0.3404793260355893,0.7594368671067971,0.0
2021-02-13 00:00:00,0.1394700139470014,0.7211155378486056,-0.03261355174981406,-0.024816996964827642,0.4307364122966588,0.9995545657015591,0.5,-0.2813120971989076,0.4863896415876698,0.33789635912846744,0.32214143363142234,0.804815514998166,0.0
2021-02-13 00:10:00,0.17294281729428174,0.8565737051792826,-0.03648548026805687,-0.036243527941438924,0.4307364122966588,0.9995545657015591,0.5,-0.2813120971989076,0.4863896415876698,0.33789635912846744,0.32214143363142234,0.804815514998166,0.0
2021-02-13 00:20:00,0.15829846582984658,0.09163346613545809,-0.03410275502606119,-0.044099267987859125,0.4307364122966588,0.9995545657015591,0.5,-0.2813120971989076,0.4863896415876698,0.33789635912846744,0.32214143363142234,0.804815514998166,0.0
2021-02-13 00:30:00,0.1394700139470014,-0.13147410358565736,-0.030230826507818387,-0.05124084984824129,0.4307364122966588,0.9995545657015591,0.5,-0.2813120971989076,0.4863896415876698,0.33789635912846744,0.32214143363142234,0.804815514998166,0.0
2021-02-13 00:40:00,0.12203626220362622,-0.2828685258964144,-0.025763216679076772,-0.06052490626673801,0.4307364122966588,0.9995545657015591,0.5,-0.2813120971989076,0.4863896415876698,0.33789635912846744,0.32214143363142234,0.804815514998166,0.0
2021-02-13 00:50:00,0.12133891213389121,-0.4342629482071714,-0.024571854058079046,-0.0673094090341011,0.4307364122966588,0.9995545657015591,0.5,-0.2813120971989076,0.4863896415876698,0.33789635912846744,0.32214143363142234,0.804815514998166,0.0
2021-02-13 01:00:00,0.12343096234309624,-0.5856573705179284,-0.02486969471332856,-0.0733797536154257,0.4307364122966588,0.9995545657015591,0.5,-0.36226925081956884,0.4702836437198099,0.40033012252653805,0.3230293678224247,0.8514720109847562,0.0
2021-02-13 01:10:00,0.14644351464435149,-0.7370517928286854,-0.028145941921072448,-0.0798071772897695,0.4307364122966588,0.9995545657015591,0.5,-0.36226925081956884,0.4702836437198099,0.40033012252653805,0.3230293678224247,0.8514720109847562,0.0
2021-02-13 01:20:00,0.11506276150627615,-0.49800796812749004,-0.03201787043931503,-0.08123549366184613,0.4307364122966588,0.9995545657015591,0.5,-0.36226925081956884,0.4702836437198099,0.40033012252653805,0.3230293678224247,0.8514720109847562,0.0
2021-02-13 01:30:00,0.1094839609483961,-0.45451527224435595,-0.03350707371556216,-0.08516336368505628,0.4307364122966588,0.9995545657015591,0.5,-0.36226925081956884,0.4702836437198099,0.40033012252653805,0.3230293678224247,0.8514720109847562,0.0
2021-02-13 01:40:00,0.10251046025104603,-0.41102257636122186,-0.03410275502606119,-0.09123370826638089,0.4307364122966588,0.9995545657015591,0.5,-0.36226925081956884,0.4702836437198099,0.40033012252653805,0.3230293678224247,0.8514720109847562,0.0
2021-02-13 01:50:00,0.09832635983263598,-0.36752988047808766,-0.03350707371556216,-0.09766113194072468,0.4307364122966588,0.9995545657015591,0.5,-0.36226925081956884,0.4702836437198099,0.40033012252653805,0.3230293678224247,0.8514720109847562,0.0
2021-02-13 02:00:00,0.0885634588563459,-0.3240371845949537,-0.03648548026805687,-0.10051776468487772,0.4307364122966588,0.9995545657015591,0.5,-0.37106759570585646,0.469045162884655,0.3861975761509301,0.31609620508808195,0.882819773168776,0.0
2021-02-13 02:10:00,0.07880055788005579,-0.2805444887118195,-0.03648548026805687,-0.10337439742903054,0.4307364122966588,0.9995545657015591,0.5,-0.37106759570585646,0.469045162884655,0.3861975761509301,0.31609620508808195,0.882819773168776,0.0
2021-02-13 02:20:00,0.07740585774058578,-0.23705179282868538,-0.04005956813105005,-0.10980182110337433,0.4307364122966588,0.9995545657015591,0.5,-0.37106759570585646,0.469045162884655,0.3861975761509301,0.31609620508808195,0.882819773168776,0.0
2021-02-13 02:30:00,0.07043235704323571,-0.19355909694555118,-0.04363365599404323,-0.11194429566148911,0.4307364122966588,0.9995545657015591,0.5,-0.37106759570585646,0.469045162884655,0.3861975761509301,0.31609620508808195,0.882819773168776,0.0
2021-02-13 02:40:00,0.058577405857740586,-0.1500664010624171,-0.05673864482501878,-0.11587216568469916,0.4307364122966588,0.9995545657015591,0.5,-0.37106759570585646,0.469045162884655,0.3861975761509301,0.31609620508808195,0.882819773168776,0.0
2021-02-13 02:50:00,0.10808926080892609,-0.106573705179283,-0.07073715562174243,-0.1230137475450811,0.4307364122966588,0.9995545657015591,0.5,-0.37106759570585646,0.469045162884655,0.3861975761509301,0.31609620508808195,0.882819773168776,0.0
2021-02-13 03:00:00,0.11157601115760113,-0.0630810092961488,-0.08205510052122122,-0.13051240849848234,0.4307364122966588,0.9995545657015591,0.5,-0.3756072180088006,0.46225794308735335,0.3906566143647177,0.32080829375384046,0.8965508915091697,0.0
2021-02-13 03:10:00,0.08647140864714087,-0.01958831341301459,-0.08711839166046176,-0.1376539903588645,0.4307364122966588,0.9995545657015591,0.5,-0.3756072180088006,0.46225794308735335,0.3906566143647177,0.32080829375384046,0.8965508915091697,0.0
2021-02-13 03:20:00,0.08437935843793584,0.02390438247011928,-0.09188384214445289,-0.14336725584717003,0.4307364122966588,0.9995545657015591,0.5,-0.3756072180088006,0.46225794308735335,0.3906566143647177,0.32080829375384046,0.8965508915091697,0.0
2021-02-13 03:30:00,0.11297071129707113,0.06739707835325359,-0.09367088607594942,-0.15122299589359034,0.4307364122966588,0.9995545657015591,0.5,-0.3756072180088006,0.46225794308735335,0.3906566143647177,0.32080829375384046,0.8965508915091697,0.0
2021-02-13 03:40:00,0.10808926080892609,0.11088977423638768,-0.09932985852568887,-0.15800749866095343,0.4307364122966588,0.9995545657015591,0.5,-0.3756072180088006,0.46225794308735335,0.3906566143647177,0.32080829375384046,0.8965508915091697,0.0
2021-02-13 03:50:00,0.100418410041841,0.154382470119522,-0.10201042442293384,-0.1612212104981252,0.4307364122966588,0.9995545657015591,0.5,-0.3756072180088006,0.46225794308735335,0.3906566143647177,0.32080829375384046,0.8965508915091697,0.0
2021-02-13 04:00:00,0.1094839609483961,0.19787516600265587,-0.10469099032017881,-0.16336368505623988,0.4307364122966588,0.9995545657015591,0.5,-0.36980544809375426,0.45222653567313364,0.42900558578170195,0.3076863796048543,0.903949417449505,0.0
2021-02-13 04:10:00,0.13389121338912133,0.24136786188578996,-0.10498883097542833,-0.16979110873058378,0.4307364122966588,0.9995545657015591,0.5,-0.36980544809375426,0.45222653567313364,0.42900558578170195,0.3076863796048543,0.903949417449505,0.0
2021-02-13 04:20:00,0.11297071129707113,0.28486055776892427,-0.10469099032017881,-0.1740760578468129,0.4307364122966588,0.9995545657015591,0.5,-0.36980544809375426,0.45222653567313364,0.42900558578170195,0.3076863796048543,0.903949417449505,0.0
2021-02-13 04:30:00,0.08786610878661089,0.32835325365205814,-0.1043931496649293,-0.1740760578468129,0.4307364122966588,0.9995545657015591,0.5,-0.36980544809375426,0.45222653567313364,0.42900558578170195,0.3076863796048543,0.903949417449505,0.0
2021-02-13 04:40:00,0.0885634588563459,0.37184594953519245,-0.10320178704393157,-0.17978932333511877,0.4307364122966588,0.9995545657015591,0.5,-0.36980544809375426,0.45222653567313364,0.42900558578170195,0.3076863796048543,0.903949417449505,0.0
2021-02-13 04:50:00,0.12482566248256625,0.41533864541832655,-0.1037974683544306,-0.18336011426530985,0.4307364122966588,0.9995545657015591,0.5,-0.36980544809375426,0.45222653567313364,0.42900558578170195,0.3076863796048543,0.903949417449505,0.0
2021-02-13 05:00:00,0.13389121338912133,0.45883134130146086,-0.10558451228592702,-0.19157293340474912,0.4307364122966588,0.9995545657015591,0.5,-0.35133747556469286,0.4400917222929442,0.4290181403799377,0.3007548894205079,0.9013848179656672,0.0
2021-02-13 05:10:00,0.14644351464435149,0.5023240371845947,-0.11094564408041707,-0.19550080342795917,0.4307364122966588,0.9995545657015591,0.5,-0.35133747556469286,0.4400917222929442,0.4290181403799377,0.3007548894205079,0.9013848179656672,0.0
2021-02-13 05:20:00,0.1799163179916318,0.5458167330677288,-0.11064780342516767,-0.19550080342795917,0.4307364122966588,0.9995545657015591,0.5,-0.35133747556469286,0.4400917222929442,0.4290181403799377,0.3007548894205079,0.9013848179656672,0.0
2021-02-13 05:30:00,0.15550906555090654,-0.3784860557768924,-0.09932985852568887,-0.19692911980003558,0.42749080629752256,0.1759465478841871,0.5,-0.35133747556469286,0.4400917222929442,0.4290181403799377,0.3007548894205079,0.9013848179656672,0.0
2021-02-13 05:40:00,0.12622036262203626,-0.7370517928286854,-0.08443782576321679,-0.1937154079628638,0.4142859012445852,0.8915367483296215,0.5,-0.35133747556469286,0.4400917222929442,0.4290181403799377,0.3007548894205079,0.9013848179656672,0.0
2021-02-13 05:50:00,0.14644351464435149,-0.3758300132802126,-0.0805658972449741,-0.18514550973040522,0.4142859012445852,0.9993318485523385,0.5,-0.35133747556469286,0.4400917222929442,0.4290181403799377,0.3007548894205079,0.9013848179656672,0.0
2021-02-13 06:00:00,0.11436541143654114,-0.014608233731739695,-0.08354430379746858,-0.18478843063738626,0.4142859012445852,0.9993318485523385,0.5,-0.3255633420195897,0.4487926966986311,0.42714243267786917,0.3335202523375203,0.9244979287847127,0.0
2021-02-13 06:10:00,0.16248256624825663,0.346613545816733,-0.09426656738644845,-0.1855025888234243,0.4142859012445852,0.9993318485523385,0.5,-0.3255633420195897,0.4487926966986311,0.42714243267786917,0.3335202523375203,0.9244979287847127,0.0
2021-02-13 06:20:00,0.17364016736401675,0.5458167330677288,-0.1005212211466866,-0.1919300124977681,0.41846069283218384,0.5144766146993319,0.5,-0.3255633420195897,0.4487926966986311,0.42714243267786917,0.3335202523375203,0.9244979287847127,0.0
2021-02-13 06:30:00,0.12412831241283125,-0.3067729083665339,-0.09307520476545061,-0.1919300124977681,0.4182905602596485,0.5496659242761692,0.5,-0.3255633420195897,0.4487926966986311,0.42714243267786917,0.3335202523375203,0.9244979287847127,0.0
2021-02-13 06:40:00,0.13458856345885634,-0.07569721115537853,-0.08711839166046176,-0.1919300124977681,0.4142859012445852,0.9996659242761693,0.5,-0.3255633420195897,0.4487926966986311,0.42714243267786917,0.3335202523375203,0.9244979287847127,0.0
2021-02-13 06:50:00,0.14714086471408647,0.15537848605577675,-0.08711839166046176,-0.19300124977682553,0.4142859012445852,0.9996659242761693,0.5,-0.3255633420195897,0.4487926966986311,0.42714243267786917,0.3335202523375203,0.9244979287847127,0.0
2021-02-13 07:00:00,0.15202231520223153,0.38645418326693215,-0.09188384214445289,-0.1997857525441885,0.4142859012445852,0.9996659242761693,0.5,-0.34654540372747455,0.4606142979882602,0.428107868600785,0.32741633989133717,0.9391965275963134,0.0
2021-02-13 07:10:00,0.09902370990237098,0.6175298804780873,-0.10349962769918108,-0.20442778075343682,0.4142859012445852,0.9996659242761693,0.5,-0.34654540372747455,0.4606142979882602,0.428107868600785,0.32741633989133717,0.9391965275963134,0.0
2021-02-13 07:20:00,0.08298465829846582,0.6494023904382469,-0.11898734177215198,-0.20835565077664697,0.4142859012445852,0.9996659242761693,0.5,-0.34654540372747455,0.4606142979882602,0.428107868600785,0.32741633989133717,0.9391965275963134,0.0
2021-02-13 07:30:00,0.09414225941422595,0.6812749003984064,-0.13030528667163077,-0.21478307445099076,0.4142859012445852,0.9996659242761693,0.5,-0.34654540372747455,0.4606142979882602,0.428107868600785,0.32741633989133717,0.9391965275963134,0.0
2021-02-13 07:40:00,0.11157601115760113,0.7131474103585655,-0.13804914370811627,-0.22263881449741119,0.4142859012445852,0.9996659242761693,0.5,-0.34654540372747455,0.4606142979882602,0.428107868600785,0.32741633989133717,0.9391965275963134,0.0
2021-02-13 07:50:00,0.10669456066945607,0.7450199203187249,-0.1425167535368579,-0.23120871272986965,0.4142859012445852,0.9996659242761693,0.5,-0.34654540372747455,0.4606142979882602,0.428107868600785,0.32741633989133717,0.9391965275963134,0.0
2021-02-13 08:00:00,0.08716875871687588,0.7768924302788842,-0.1466865227103501,-0.23477950366006073,0.4142859012445852,0.9996659242761693,0.5,-0.33691753415272985,0.4497467004974031,0.44024157076031534,0.3101180231975658,0.9528809214996528,0.0
2021-02-13 08:10:00,0.09902370990237098,-0.5139442231075697,-0.14430379746835464,-0.2365648991251561,0.4142859012445852,0.9996659242761693,0.5,-0.33691753415272985,0.4497467004974031,0.44024157076031534,0.3101180231975658,0.9528809214996528,0.0
2021-02-13 08:20:00,0.11506276150627615,-0.4103585657370519,-0.14043186895011173,-0.24192108552044278,0.4142859012445852,0.9996659242761693,0.5,-0.33691753415272985,0.4497467004974031,0.44024157076031534,0.3101180231975658,0.9528809214996528,0.0
2021-02-13 08:30:00,0.12412831241283125,-0.47569721115537855,-0.13804914370811627,-0.24406356007855734,0.4142859012445852,0.9996659242761693,0.5,-0.33691753415272985,0.4497467004974031,0.44024157076031534,0.3101180231975658,0.9528809214996528,0.0
2021-02-13 08:40:00,0.15411436541143653,-0.5410358565737052,-0.13358153387937477,-0.24763435100874842,0.4142859012445852,0.9996659242761693,0.5,-0.33691753415272985,0.4497467004974031,0.44024157076031534,0.3101180231975658,0.9528809214996528,0.0
2021-02-13 08:50:00,0.1499302649930265,-0.6063745019920319,-0.13626209977661963,-0.2526334583110159,0.4142859012445852,0.9996659242761693,0.5,-0.33691753415272985,0.4497467004974031,0.44024157076031534,0.3101180231975658,0.9528809214996528,0.0
2021-02-13 09:00:00,0.13807531380753138,-0.6717131474103586,-0.13566641846612082,-0.2544188537761113,0.4142859012445852,0.9996659242761693,0.5,-0.34909718189741057,0.461841284801745,0.4537085966153057,0.3142581720910801,0.9574531557077665,0.0
2021-02-13 09:10:00,0.13598326359832635,-0.7370517928286854,-0.131794489947878,-0.256204249241207,0.4142859012445852,0.9996659242761693,0.5,-0.34909718189741057,0.461841284801745,0.4537085966153057,0.3142581720910801,0.9574531557077665,0.0
2021-02-13 09:20:00,0.1317991631799163,-0.6733067729083666,-0.1311988086373791,-0.256204249241207,0.4142859012445852,0.9996659242761693,0.5,-0.34909718189741057,0.461841284801745,0.4537085966153057,0.3142581720910801,0.9574531557077665,0.0
2021-02-13 09:30:00,0.13668061366806136,-0.6095617529880479,-0.12822040208488483,-0.256204249241207,0.4142859012445852,0.9996659242761693,0.5,-0.34909718189741057,0.461841284801745,0.4537085966153057,0.3142581720910801,0.9574531557077665,0.0
2021-02-13 09:40:00,0.15760111576011157,-0.5458167330677292,-0.12285927029039478,-0.256204249241207,0.4142859012445852,0.9996659242761693,0.5,-0.34909718189741057,0.461841284801745,0.4537085966153057,0.3142581720910801,0.9574531557077665,0.0
2021-02-13 09:50:00,0.1631799163179916,-0.4820717131474104,-0.12285927029039478,-0.2544188537761113,0.4142859012445852,0.9996659242761693,0.5,-0.34909718189741057,0.461841284801745,0.4537085966153057,0.3142581720910801,0.9574531557077665,0.0
2021-02-13 10:00:00,0.1311018131101813,-0.4183266932270917,-0.12077438570364873,-0.2526334583110159,0.4142859012445852,0.9996659242761693,0.5,-0.23640633135026978,0.47523182004959674,0.3416683184206265,0.24984290149241756,0.9370333701952539,0.0
2021-02-13 10:10:00,0.12691771269177127,-0.3545816733067729,-0.12077438570364873,-0.24656311372969109,0.4142859012445852,0.9996659242761693,0.5,-0.23640633135026978,0.47523182004959674,0.3416683184206265,0.24984290149241756,0.9370333701952539,0.0
2021-02-13 10:20:00,0.1206415620641562,-0.5458167330677292,-0.11839166046165317,-0.24227816461346185,0.4142859012445852,0.9996659242761693,0.5,-0.23640633135026978,0.47523182004959674,0.3416683184206265,0.24984290149241756,0.9370333701952539,0.0
2021-02-13 10:30:00,0.11436541143654114,-0.424846070264397,-0.11243484735666431,-0.23620782003213703,0.4142859012445852,0.9996659242761693,0.5,-0.23640633135026978,0.47523182004959674,0.3416683184206265,0.24984290149241756,0.9370333701952539,0.0
2021-02-13 10:40:00,0.10111576011157601,-0.3038754074610649,-0.10528667163067773,-0.2304945545438314,0.4142859012445852,0.9996659242761693,0.5,-0.23640633135026978,0.47523182004959674,0.3416683184206265,0.24984290149241756,0.9370333701952539,0.0
2021-02-13 10:50:00,0.099721059972106,-0.18290474465773277,-0.1037974683544306,-0.222281735404392,0.4142859012445852,0.9996659242761693,0.5,-0.23640633135026978,0.47523182004959674,0.3416683184206265,0.24984290149241756,0.9370333701952539,0.0
2021-02-13 11:00:00,0.1304044630404463,-0.061934081854400636,-0.0966492926284439,-0.2112122835207998,0.4142859012445852,0.9996659242761693,0.5,-0.20503298120253233,0.4651113339674199,0.3239554288936089,0.22210762871991738,0.8484852779653339,0.0
2021-02-13 11:10:00,0.11645746164574616,0.059036580948931716,-0.09039463886820565,-0.20228530619532226,0.4142859012445852,0.9996659242761693,0.5,-0.20503298120253233,0.4651113339674199,0.3239554288936089,0.22210762871991738,0.8484852779653339,0.0
2021-02-13 11:20:00,0.0885634588563459,0.18000724375226373,-0.0808637379002235,-0.19085877521871086,0.4142859012445852,0.9996659242761693,0.5,-0.20503298120253233,0.4651113339674199,0.3239554288936089,0.22210762871991738,0.8484852779653339,0.0
2021-02-13 11:30:00,0.11506276150627615,0.30097790655559575,-0.07252419955323908,-0.17836100696304236,0.4142859012445852,0.9996659242761693,0.5,-0.20503298120253233,0.4651113339674199,0.3239554288936089,0.22210762871991738,0.8484852779653339,0.0
2021-02-13 11:40:00,0.15760111576011157,0.421948569358928,-0.06329113924050644,-0.16550615961435466,0.4142859012445852,0.9996659242761693,0.5,-0.20503298120253233,0.4651113339674199,0.3239554288936089,0.22210762871991738,0.8484852779653339,0.0
2021-02-13 11:50:00,0.17294281729428174,0.5429192321622602,-0.054951600893522135,-0.15622210319585772,0.37806075041551607,0.9939866369710468,0.5,-0.20503298120253233,0.4651113339674199,0.3239554288936089,0.22210762871991738,0.8484852779653339,0.0
2021-02-13 12:00:00,0.16945606694560672,0.6638898949655923,-0.050781831720029924,-0.14193893947509362,0.32682467184044184,0.9995545657015591,0.5,-0.17565561334163615,0.4641458361469736,0.30234427320733337,0.330448519340824,0.7586884244365689,0.0
2021-02-13 12:10:00,0.20362622036262204,0.784860557768924,-0.04571854058078939,-0.12408498482413843,0.3396500503854157,0.8272828507795101,0.5,-0.17565561334163615,0.4641458361469736,0.30234427320733337,0.330448519340824,0.7586884244365689,0.0
2021-02-13 12:20:00,0.21617852161785217,-0.3227091633466136,-0.034996276991809516,-0.12051419389394735,0.35404588344610066,0.00033407572383073496,0.5,-0.17565561334163615,0.4641458361469736,0.30234427320733337,0.330448519340824,0.7586884244365689,0.0745884696048403
2021-02-13 12:30:00,0.22663877266387727,0.25099601593625476,-0.013551749813849767,-0.108730583824317,0.34979256913271645,0.00011135857461024499,0.5,-0.17565561334163615,0.4641458361469736,0.30234427320733337,0.330448519340824,0.7586884244365689,0.07694222731867767
2021-02-13 12:40:00,0.23570432357043236,-0.3784860557768924,-0.000148920327624813,-0.08337796821996057,0.3581290651869495,0.00011135857461024499,0.5,-0.17565561334163615,0.4641458361469736,0.30234427320733337,0.330448519340824,0.7586884244365689,0.08720974093576957
2021-02-13 12:50:00,0.24476987447698745,-0.08366533864541836,0.013551749813849545,-0.05409748259239411,0.3582075879127351,0.00011135857461024499,0.5,-0.17565561334163615,0.4641458361469736,0.30234427320733337,0.330448519340824,0.7586884244365689,0.09021983493519622
2021-02-13 13:00:00,0.23082287308228733,-0.2509960159362551,0.025465376023827258,-0.02945902517407606,0.36085118634751545,0.00011135857461024499,0.5,0.0025830967209576894,0.4572724111871313,0.19102467967703488,0.426143630113039,0.7538366902817941,0.0782020912231996
2021-02-13 13:10:00,0.18619246861924685,0.019920318725099362,0.037081161578555344,-0.005534725941796048,0.3623562052584052,0.00011135857461024499,0.5,0.0025830967209576894,0.4572724111871313,0.19102467967703488,0.426143630113039,0.7538366902817941,0.052356020942408384
2021-02-13 13:20:00,0.22873082287308227,-0.003984063745020028,0.04542069992553954,0.015890019639350328,0.3627619060082972,0.00011135857461024499,0.5,0.0025830967209576894,0.4572724111871313,0.19102467967703488,0.426143630113039,0.7538366902817941,0.08330189960318059
2021-02-13 13:30:00,0.2601115760111576,0.5458167330677288,0.05912137006701412,0.023745759685770418,0.37499836410987947,0.00011135857461024499,0.5,0.0025830967209576894,0.4572724111871313,0.19102467967703488,0.426143630113039,0.7538366902817941,0.10387464731354769
2021-02-13 13:40:00,0.23640167364016737,-0.36254980079681276,0.069843633655994,0.03802892340653452,0.3843294813573962,0.00011135857461024499,0.5,0.0025830967209576894,0.4572724111871313,0.19102467967703488,0.426143630113039,0.7538366902817941,0.09428610226775504
2021-02-13 13:50:00,0.25592747559274753,0.17928286852589648,0.08116157855547268,0.05124084984824129,0.3809268299066889,0.00011135857461024499,0.5,0.0025830967209576894,0.4572724111871313,0.19102467967703488,0.426143630113039,0.7538366902817941,0.1016491392187335
2021-02-13 14:00:00,0.26638772663877264,-0.10756972111553798,0.09337304542069957,0.06302445991787198,0.3720014134090641,0.00011135857461024499,0.5,0.020090200095189692,0.4381377386087071,0.19424284169146203,0.4881722170710525,0.7617290898900079,0.12678606454727884
2021-02-13 14:10:00,0.2754532775453278,-0.11553784860557781,0.10677587490692453,0.07088019996429229,0.3919854471214877,0.00011135857461024499,0.5,0.020090200095189692,0.4381377386087071,0.19424284169146203,0.4881722170710525,0.7617290898900079,0.12910210178493292
2021-02-13 14:20:00,0.2615062761506276,-0.15537848605577698,0.11094564408041685,0.07837886091769342,0.36711991728939547,0.00011135857461024499,0.5,0.020090200095189692,0.4381377386087071,0.19424284169146203,0.4881722170710525,0.7617290898900079,0.13397558730781417
2021-02-13 14:30:00,0.2622036262203626,0.2589641434262948,0.11690245718540582,0.09480449919657197,0.4015913939092539,0.00011135857461024499,0.5,0.020090200095189692,0.4381377386087071,0.19424284169146203,0.4881722170710525,0.7617290898900079,0.10952517464580473
2021-02-13 14:40:00,0.2914923291492329,-0.4103585657370519,0.12792256142963487,0.10194608105695413,0.3845127010508958,0.00011135857461024499,0.5,0.020090200095189692,0.4381377386087071,0.19424284169146203,0.4881722170710525,0.7617290898900079,0.16613606530168837
2021-02-13 14:50:00,0.25174337517433754,0.22709163346613526,0.13268801191362622,0.11051597928941259,0.38558584496996506,0.00011135857461024499,0.5,0.020090200095189692,0.4381377386087071,0.19424284169146203,0.4881722170710525,0.7617290898900079,0.11632994854927048
2021-02-13 15:00:00,0.2594142259414226,-0.12350597609561753,0.13119880863737876,0.11872879842885187,0.38769287144521075,0.00011135857461024499,0.5,0.03815916961480181,0.42068694020522784,0.19652156467830997,0.5321139026140717,0.7643748426944624,0.10810688474131298
2021-02-13 15:10:00,0.2754532775453278,-0.2270916334661356,0.09158600148920315,0.06909480449919658,0.3738336103440604,0.00011135857461024499,0.5,0.03815916961480181,0.42068694020522784,0.19652156467830997,0.5321139026140717,0.7643748426944624,0.14618193340072727
2021-02-13 15:20:00,0.2524407252440725,-0.17928286852589637,0.07580044676098274,0.03731476522049637,0.3983327007891534,0.00011135857461024499,0.5,0.03815916961480181,0.42068694020522784,0.19652156467830997,0.5321139026140717,0.7643748426944624,0.09744707817191484
2021-02-13 15:30:00,0.24686192468619247,-0.09960159362549814,0.07371556217423669,0.026959471522942202,0.37956576932640584,0.00011135857461024499,0.5,0.03815916961480181,0.42068694020522784,0.19652156467830997,0.5321139026140717,0.7643748426944624,0.12077342064366221
2021-02-13 15:40:00,0.25523012552301255,0.3705179282868525,0.07192851824273983,0.011605070523120764,0.372093023255814,0.00011135857461024499,0.5,0.03815916961480181,0.42068694020522784,0.19652156467830997,0.5321139026140717,0.7643748426944624,0.13226307768909273
2021-02-13 15:50:00,0.3075313807531381,0.003984063745019917,0.07490692479523453,0.0069630423138726805,0.4026383635863946,0.00011135857461024499,0.5,0.03815916961480181,0.42068694020522784,0.19652156467830997,0.5321139026140717,0.7643748426944624,0.1817146219653877
2021-02-13 16:00:00,0.2615062761506276,-0.23505976095617542,0.07490692479523453,-0.001963935011604967,0.3877975684129249,0.00011135857461024499,0.5,0.09885592232465701,0.39843451424827797,0.17049030271419002,0.55077788802265,0.7610788452024497,0.13768728216425005
2021-02-13 16:10:00,0.27266387726638774,0.09163346613545809,0.07758749069247939,-0.007320121406891644,0.3832432503173627,0.00011135857461024499,0.5,0.09885592232465701,0.39843451424827797,0.17049030271419002,0.55077788802265,0.7610788452024497,0.14097650768743306
2021-02-13 16:20:00,0.2712691771269177,0.01195219123505975,0.07669396872673095,-0.00981967505802539,0.3877975684129249,0.00011135857461024499,0.5,0.09885592232465701,0.39843451424827797,0.17049030271419002,0.55077788802265,0.7610788452024497,0.1384945003545725
2021-02-13 16:30:00,0.30264993026499304,0.06772908366533859,0.07907669396872663,-0.00981967505802539,0.4027823219170015,0.00011135857461024499,0.5,0.09885592232465701,0.39843451424827797,0.17049030271419002,0.55077788802265,0.7610788452024497,0.16795419225372302
2021-02-13 16:40:00,0.22245467224546722,0.21912350597609564,0.07937453462397603,-0.008034279592929794,0.38740495478399706,0.00011135857461024499,0.5,0.09885592232465701,0.39843451424827797,0.17049030271419002,0.55077788802265,0.7610788452024497,0.09968767445720234
2021-02-13 16:50:00,0.25871687587168757,-0.003984063745020028,0.0826507818317197,-0.005891805034815012,0.39301932967766423,0.00011135857461024499,0.5,0.09885592232465701,0.39843451424827797,0.17049030271419002,0.55077788802265,0.7610788452024497,0.13976190835433105
2021-02-13 17:00:00,0.24058577405857742,-0.38645418326693237,0.08086373790022328,-0.009462595965006093,0.35950321288819675,0.00011135857461024499,0.5,0.10547607699627415,0.3882536845523214,0.17248737153253726,0.5498119677977668,0.758546978194254,0.10671877121776786
2021-02-13 17:10:00,0.21338912133891214,0.3227091633466135,0.08205510052122111,-0.008748437778968055,0.3650390650560783,0.00011135857461024499,0.5,0.10547607699627415,0.3882536845523214,0.17248737153253726,0.5498119677977668,0.758546978194254,0.07809647388988639
2021-02-13 17:20:00,0.23361227336122734,0.15537848605577675,0.08324646314221873,-0.005534725941796048,0.3975867348941906,0.00011135857461024499,0.5,0.10547607699627415,0.3882536845523214,0.17248737153253726,0.5498119677977668,0.758546978194254,0.11097364093124311
2021-02-13 17:30:00,0.24686192468619247,-0.01195219123505975,0.08205510052122111,-0.012319228709159136,0.38002381856015494,0.00011135857461024499,0.5,0.10547607699627415,0.3882536845523214,0.17248737153253726,0.5498119677977668,0.758546978194254,0.11255035683570469
2021-02-13 17:40:00,0.28172942817294283,-0.33864541832669326,0.07728965003722998,-0.019103731476522,0.36752561803928757,0.00011135857461024499,0.5,0.10547607699627415,0.3882536845523214,0.17248737153253726,0.5498119677977668,0.758546978194254,0.1410368604493263
2021-02-13 17:50:00,0.2622036262203626,0.2669322709163344,0.07520476545048371,-0.028387787895018723,0.3625786863147976,0.00011135857461024499,0.5,0.10547607699627415,0.3882536845523214,0.17248737153253726,0.5498119677977668,0.758546978194254,0.1254205833094437
2021-02-13 18:00:00,0.24267782426778242,0.2828685258964143,0.07371556217423669,-0.036243527941438924,0.3755872845532711,0.00011135857461024499,0.5,-0.05746223679826368,0.38596062722876295,0.23063380304016573,0.5251065238639477,0.7589560523065068,0.10897445569352866
2021-02-13 18:10:00,0.2294281729428173,-0.09960159362549814,0.07103499627699161,-0.038386002499553595,0.36951486042585496,0.00011135857461024499,0.5,-0.05746223679826368,0.38596062722876295,0.23063380304016573,0.5251065238639477,0.7589560523065068,0.0966247717911191
2021-02-13 18:20:00,0.2412831241283124,-0.08366533864541836,0.06716306775874892,-0.04017139796464908,0.36857258771642826,0.00011135857461024499,0.5,-0.05746223679826368,0.38596062722876295,0.23063380304016573,0.5251065238639477,0.7589560523065068,0.10690737359868432
2021-02-13 18:30:00,0.19665271966527195,-0.17131474103585675,0.06418466120625443,-0.041956793429744677,0.3682977581761788,0.00011135857461024499,0.5,-0.05746223679826368,0.38596062722876295,0.23063380304016573,0.5251065238639477,0.7589560523065068,0.06862863436788026
2021-02-13 18:40:00,0.22245467224546722,0.05179282868525892,0.06031273268801174,-0.04159971433672538,0.37179201947363605,0.00011135857461024499,0.5,-0.05746223679826368,0.38596062722876295,0.23063380304016573,0.5251065238639477,0.7589560523065068,0.08632708179308056
2021-02-13 18:50:00,0.2768479776847978,-0.5219123505976095,0.05644080416976904,-0.04695590073201217,0.37146484144952957,0.00011135857461024499,0.5,-0.05746223679826368,0.38596062722876295,0.23063380304016573,0.5251065238639477,0.7589560523065068,0.12105255216741857
2021-02-13 19:00:00,0.2712691771269177,-0.23505976095617542,0.0507818317200297,-0.057311194429566115,0.36694978471686013,0.00011135857461024499,0.5,-0.06272251930560202,0.3864950992365101,0.23118189368233596,0.3617159916852148,0.7564491167983663,0.12505092264284745
2021-02-13 19:10:00,0.25592747559274753,-0.553784860557769,0.04690990320178701,-0.06338153901089094,0.36694978471686013,0.00011135857461024499,0.5,-0.06272251930560202,0.3864950992365101,0.23118189368233596,0.3617159916852148,0.7564491167983663,0.10311269369464521
2021-02-13 19:20:00,0.20502092050209206,-0.21912350597609564,0.040655249441548635,-0.07016604177825392,0.3574747091387365,0.00011135857461024499,0.5,-0.06272251930560202,0.3864950992365101,0.23118189368233596,0.3617159916852148,0.7564491167983663,0.07157083151017699
2021-02-13 19:30:00,0.19456066945606695,0.3227091633466135,0.03469843633655967,-0.07695054454561678,0.3531166978576383,0.00011135857461024499,0.5,-0.06272251930560202,0.3864950992365101,0.23118189368233596,0.3617159916852148,0.7564491167983663,0.0677535193204279
2021-02-13 19:40:00,0.21827057182705717,0.5537848605577689,0.03052866716306757,-0.0798071772897695,0.3531166978576383,0.00011135857461024499,0.5,-0.06272251930560202,0.3864950992365101,0.23118189368233596,0.3617159916852148,0.7564491167983663,0.08432789655536611
2021-02-13 19:50:00,0.28103207810320785,0.3784860557768923,0.026061057334326065,-0.08480628459203698,0.3531166978576383,0.00011135857461024499,0.5,-0.06272251930560202,0.3864950992365101,0.23118189368233596,0.3617159916852148,0.7564491167983663,0.13336451559364487
2021-02-13 20:00:00,0.2691771269177127,0.17131474103585642,0.02367833209233039,-0.08980539189430448,0.3531166978576383,0.00011135857461024499,0.5,-0.08864524086433867,0.38586580154996863,0.2604757026041407,0.28344436763216896,0.7594631551774452,0.12198047588152754
2021-02-13 20:10:00,0.22663877266387727,0.5697211155378485,0.018317200297840452,-0.09194786645241915,0.3531166978576383,0.00011135857461024499,0.5,-0.08864524086433867,0.38586580154996863,0.2604757026041407,0.28344436763216896,0.7594631551774452,0.09347133998219594
2021-02-13 20:20:00,0.17503486750348674,0.22709163346613526,0.015636634400595373,-0.09194786645241915,0.3531166978576383,0.00011135857461024499,0.5,-0.08864524086433867,0.38586580154996863,0.2604757026041407,0.28344436763216896,0.7594631551774452,0.0578104017985123
2021-02-13 20:30:00,0.15132496513249652,-0.059760956175298974,0.009977661950856032,-0.09194786645241915,0.3531166978576383,0.00011135857461024499,0.5,-0.08864524086433867,0.38586580154996863,0.2604757026041407,0.28344436763216896,0.7594631551774452,0.04194516951581997
2021-02-13 20:40:00,0.17852161785216178,0.11553784860557759,0.006403574087862962,-0.0930191037314766,0.3531166978576383,0.00011135857461024499,0.5,-0.08864524086433867,0.38586580154996863,0.2604757026041407,0.28344436763216896,0.7594631551774452,0.05757653484617589
2021-02-13 20:50:00,0.1680613668061367,0.07569721115537842,0.005212211466865124,-0.09873236921978212,0.3531166978576383,0.00011135857461024499,0.5,-0.08864524086433867,0.38586580154996863,0.2604757026041407,0.28344436763216896,0.7594631551774452,0.05025121837138072
2021-02-13 21:00:00,0.11297071129707113,0.20318725099601576,0.0025316455696200446,-0.09837529012676305,0.3531166978576383,0.00044543429844097997,0.5,-0.09526946461287245,0.39301508302994026,0.2821678925153924,0.1775331225847891,0.8061556058421745,0.01747966866333721
2021-02-13 21:10:00,0.11924686192468618,0.20023609266637155,0.0040208488458675085,-0.08266381003392254,0.3581814136708065,0.8791759465478842,0.5,-0.09526946461287245,0.39301508302994026,0.2821678925153924,0.1775331225847891,0.8061556058421745,0.0
2021-02-13 21:20:00,0.16945606694560672,0.1972849343367271,0.008190618019359386,-0.05695411533654715,0.35858711442069857,0.9978841870824053,0.5,-0.09526946461287245,0.39301508302994026,0.2821678925153924,0.1775331225847891,0.8061556058421745,0.0
2021-02-13 21:30:00,0.15550906555090654,0.19433377600708268,0.009381980640357446,-0.05195500803427966,0.41730902618732907,0.9884187082405346,0.5,-0.09526946461287245,0.39301508302994026,0.2821678925153924,0.1775331225847891,0.8061556058421745,0.0
2021-02-13 21:40:00,0.11157601115760113,0.19138261767743847,0.018912881608339482,-0.04909837529012662,0.45523550274175184,0.9995545657015591,0.5,-0.09526946461287245,0.39301508302994026,0.2821678925153924,0.1775331225847891,0.8061556058421745,0.0
2021-02-13 21:50:00,0.09344490934449094,0.18843145934779382,0.025167535368577854,-0.050883770755222324,0.45523550274175184,0.9995545657015591,0.5,-0.09526946461287245,0.39301508302994026,0.2821678925153924,0.1775331225847891,0.8061556058421745,0.0
2021-02-13 22:00:00,0.06694560669456066,0.18548030101814938,0.024571854058078824,-0.055882878057489815,0.45523550274175184,0.9995545657015591,0.5,-0.21494078325728283,0.3916358004293021,0.4198515082701197,0.13031607786363358,0.9660480365853785,0.0
2021-02-13 22:10:00,0.05230125523012552,0.18252914268850517,0.02308265078183136,-0.05981074808069986,0.45523550274175184,0.9995545657015591,0.5,-0.21494078325728283,0.3916358004293021,0.4198515082701197,0.13031607786363358,0.9660480365853785,0.0
2021-02-13 22:20:00,0.03347280334728033,0.17957798435886074,0.018317200297840452,-0.05981074808069986,0.45523550274175184,0.9995545657015591,0.5,-0.21494078325728283,0.3916358004293021,0.4198515082701197,0.13031607786363358,0.9660480365853785,0.0
2021-02-13 22:30:00,0.03207810320781032,0.1766268260292163,0.013849590469098949,-0.05981074808069986,0.45523550274175184,0.9995545657015591,0.5,-0.21494078325728283,0.3916358004293021,0.4198515082701197,0.13031607786363358,0.9660480365853785,0.0
2021-02-13 22:40:00,0.021617852161785217,0.1736756676995721,0.007594936708860578,-0.05981074808069986,0.45526167698368036,0.9995545657015591,0.5,-0.21494078325728283,0.3916358004293021,0.4198515082701197,0.13031607786363358,0.9660480365853785,0.0
2021-02-13 22:50:00,0.024407252440725242,0.17072450936992767,0.0022338049143706407,-0.062310301731833606,0.4552747641046446,0.9995545657015591,0.5,-0.21494078325728283,0.3916358004293021,0.4198515082701197,0.13031607786363358,0.9660480365853785,0.0
2021-02-13 23:00:00,0.009762900976290099,0.16777335104028324,-0.0019359642591214588,-0.06338153901089094,0.4552747641046446,0.9995545657015591,0.5,-0.26968307560845217,0.3837623955839989,0.47903312346864024,0.24200083892684873,0.062491337430501254,0.0
2021-02-13 23:10:00,0.039051603905160395,0.1648221927106388,-0.005807892777364376,-0.06623817175504376,0.4552747641046446,0.9995545657015591,0.5,-0.26968307560845217,0.3837623955839989,0.47903312346864024,0.24200083892684873,0.062491337430501254,0.0
2021-02-13 23:20:00,0.07601115760111576,0.16187103438099437,-0.009977661950856476,-0.07230851633636859,0.4552747641046446,0.9995545657015591,0.5,-0.26968307560845217,0.3837623955839989,0.47903312346864024,0.24200083892684873,0.062491337430501254,0.0
2021-02-13 23:30:00,0.07531380753138076,0.15891987605135016,-0.00967982129560696,-0.07909301910373145,0.4552747641046446,0.9995545657015591,0.5,-0.26968307560845217,0.3837623955839989,0.47903312346864024,0.24200083892684873,0.062491337430501254,0.0
2021-02-13 23:40:00,0.08507670850767085,0.1559687177217055,-0.00967982129560696,-0.08373504731297987,0.4552747641046446,0.9995545657015591,0.5,-0.26968307560845217,0.3837623955839989,0.47903312346864024,0.24200083892684873,0.062491337430501254,0.0
2021-02-13 23:50:00,0.07322175732217574,0.1530175593920613,-0.00967982129560696,-0.08837707552222807,0.4552747641046446,0.9995545657015591,0.5,-0.26968307560845217,0.3837623955839989,0.47903312346864024,0.24200083892684873,0.062491337430501254,0.0
2021-02-14 00:00:00,0.0808926080892608,0.15006640106241687,-0.012658227848101444,-0.08837707552222807,0.4552747641046446,0.9995545657015591,0.5,-0.25568348318320555,0.3809090047039282,0.4938027840011809,0.36219317471956114,0.08321994226482796,0.0
2021-02-14 00:10:00,0.06694560669456066,0.14711524273277243,-0.013849590469099171,-0.09194786645241915,0.4552747641046446,0.9995545657015591,0.5,-0.25568348318320555,0.3809090047039282,0.4938027840011809,0.36219317471956114,0.08321994226482796,0.0
2021-02-14 00:20:00,0.07810320781032079,0.14416408440312822,-0.01861504095309008,-0.09516157828959104,0.4552747641046446,0.9995545657015591,0.5,-0.25568348318320555,0.3809090047039282,0.4938027840011809,0.36219317471956114,0.08321994226482796,0.0
2021-02-14 00:30:00,0.07182705718270573,0.1412129260734838,-0.020997766195085754,-0.09908944831280142,0.4552747641046446,0.9995545657015591,0.5,-0.25568348318320555,0.3809090047039282,0.4938027840011809,0.36219317471956114,0.08321994226482796,0.0
2021-02-14 00:40:00,0.07810320781032079,0.13826176774383936,-0.022486969471332885,-0.1023031601499732,0.4552747641046446,0.9995545657015591,0.5,-0.25568348318320555,0.3809090047039282,0.4938027840011809,0.36219317471956114,0.08321994226482796,0.0
2021-02-14 00:50:00,0.08786610878661089,0.13531060941419493,-0.024571854058079046,-0.10444563470808788,0.4552747641046446,0.9995545657015591,0.5,-0.25568348318320555,0.3809090047039282,0.4938027840011809,0.36219317471956114,0.08321994226482796,0.0
2021-02-14 01:00:00,0.1206415620641562,0.1323594510845505,-0.024571854058079046,-0.10980182110337433,0.4552747641046446,0.9995545657015591,0.5,-0.3341163749327519,0.38215897956075745,0.5881226906355506,0.4306919444913232,0.09917153742082849,0.0
2021-02-14 01:10:00,0.1799163179916318,0.12940829275490628,-0.024571854058079046,-0.11337261203356541,0.4552747641046446,0.9995545657015591,0.5,-0.3341163749327519,0.38215897956075745,0.5881226906355506,0.4306919444913232,0.09917153742082849,0.0
2021-02-14 01:20:00,0.35355648535564854,0.12645713442526185,-0.028741623231571256,-0.11944295661489024,0.5444111449922132,0.5977728285077951,0.5,-0.3341163749327519,0.38215897956075745,0.5881226906355506,0.4306919444913232,0.09917153742082849,0.02456357409055932
2021-02-14 01:30:00,0.22873082287308227,0.12350597609561742,-0.01861504095309008,-0.09409034101053393,0.5787124890395362,0.00011135857461024499,0.5,-0.3341163749327519,0.38215897956075745,0.5881226906355506,0.4306919444913232,0.09917153742082849,0.1314558594987703
2021-02-14 01:40:00,0.2391910739191074,-0.2509960159362551,-0.004914370811615942,-0.06873772540617751,0.5812383033856382,0.00011135857461024499,0.5,-0.3341163749327519,0.38215897956075745,0.5881226906355506,0.4306919444913232,0.09917153742082849,0.13648777102162138
2021-02-14 01:50:00,0.3396094839609484,0.1872509960159361,0.0037230081906181045,-0.05374040349937503,0.5875070343275183,0.00011135857461024499,0.5,-0.3341163749327519,0.38215897956075745,0.5881226906355506,0.4306919444913232,0.09917153742082849,0.24771791119091088
2021-02-14 02:00:00,0.3758716875871687,-0.0916334661354582,0.008190618019359386,-0.0526691662203177,0.5950583031238958,0.00011135857461024499,0.5,-0.3286718833122153,0.395905829480442,0.5763507891706319,0.5173972979313274,0.14172929985556934,0.31110339936931364
2021-02-14 02:10:00,0.499302649930265,-0.07569721115537853,0.006701414743112366,-0.05016961256918395,0.6054625642904817,0.00011135857461024499,0.5,-0.3286718833122153,0.395905829480442,0.5763507891706319,0.5173972979313274,0.14172929985556934,0.4998189417143202
2021-02-14 02:20:00,0.5223152022315203,-0.21912350597609564,-0.04750558451228615,-0.07945009819675053,0.6063001400321942,0.00011135857461024499,0.5,-0.3286718833122153,0.395905829480442,0.5763507891706319,0.5173972979313274,0.14172929985556934,0.5260120403759977
2021-02-14 02:30:00,0.49860529986053004,-0.01195219123505975,-0.07550260610573356,-0.10837350473129803,0.6041669393150201,0.00011135857461024499,0.5,-0.3286718833122153,0.395905829480442,0.5763507891706319,0.5173972979313274,0.14172929985556934,0.5018633915234546
2021-02-14 02:40:00,0.5174337517433751,-0.019920318725099695,-0.09128816083395397,-0.12265666845206213,0.6012092499770975,0.00011135857461024499,0.5,-0.3286718833122153,0.395905829480442,0.5763507891706319,0.5173972979313274,0.14172929985556934,0.5338277230411757
2021-02-14 02:50:00,0.5411436541143654,0.06772908366533859,-0.10588235294117665,-0.1312265666845207,0.5955556137205377,0.00011135857461024499,0.5,-0.3286718833122153,0.395905829480442,0.5763507891706319,0.5173972979313274,0.14172929985556934,0.6195965417867435
2021-02-14 03:00:00,0.6227336122733612,0.3784860557768923,-0.11898734177215198,-0.14051062310301732,0.5965240606718929,0.00011135857461024499,0.5,-0.30920742052875994,0.4143508607585492,0.5392558826218617,0.5691684793129163,0.17596136731035236,0.8116541183215898
2021-02-14 03:10:00,0.7280334728033473,-0.12350597609561753,-0.12941176470588256,-0.14515265131226573,0.606130007459659,0.0023385300668151447,0.5,-0.30920742052875994,0.4143508607585492,0.5392558826218617,0.5691684793129163,0.17596136731035236,0.8520276264767567
2021-02-14 03:20:00,0.7259414225941423,-0.17928286852589637,-0.1386448250186152,-0.142653097661132,0.606130007459659,0.00022271714922048998,0.5,-0.30920742052875994,0.4143508607585492,0.5392558826218617,0.5691684793129163,0.17596136731035236,0.8924010591909712
2021-02-14 03:30:00,0.6834030683403068,-0.24302788844621515,-0.1466865227103501,-0.14479557221924644,0.606130007459659,0.00011135857461024499,0.5,-0.30920742052875994,0.4143508607585492,0.5392558826218617,0.5691684793129163,0.17596136731035236,0.9327745673461383
2021-02-14 03:40:00,0.6589958158995816,-0.33864541832669326,-0.1511541325390917,-0.14515265131226573,0.606130007459659,0.00011135857461024499,0.5,-0.30920742052875994,0.4143508607585492,0.5392558826218617,0.5691684793129163,0.17596136731035236,0.8949861943057169
2021-02-14 03:50:00,0.6562064156206415,-0.26693227091633476,-0.15264333581533884,-0.14586680949830377,0.606130007459659,0.009242761692650333,0.5,-0.30920742052875994,0.4143508607585492,0.5392558826218617,0.5691684793129163,0.17596136731035236,0.8436863466964406
2021-02-14 04:00:00,0.6457461645746164,-0.06772908366533881,-0.15264333581533884,-0.1490805213354759,0.606130007459659,0.0020044543429844097,0.5,-0.3487266957794667,0.43649409350961393,0.5991315515188084,0.5696571622585885,0.18941196813720446,0.846462573743531
2021-02-14 04:10:00,0.6708507670850766,-0.21115537848605592,-0.15264333581533884,-0.1490805213354759,0.606130007459659,0.003006681514476615,0.5,-0.3487266957794667,0.43649409350961393,0.5991315515188084,0.5696571622585885,0.18941196813720446,0.8938847564011649
2021-02-14 04:20:00,0.5355648535564853,0.11553784860557759,-0.15562174236783333,-0.1487234422424566,0.5968905000588921,0.00011135857461024499,0.5,-0.3487266957794667,0.43649409350961393,0.5991315515188084,0.5696571622585885,0.18941196813720446,0.5964738898863859
2021-02-14 04:30:00,0.500697350069735,-0.01195219123505975,-0.15919583023082662,-0.1490805213354759,0.5961968826477864,0.00011135857461024499,0.5,-0.3487266957794667,0.43649409350961393,0.5991315515188084,0.5696571622585885,0.18941196813720446,0.5566863316082502
2021-02-14 04:40:00,0.4790794979079498,-0.14741035856573714,-0.16008935219657494,-0.14479557221924644,0.5961968826477864,0.00011135857461024499,0.5,-0.3487266957794667,0.43649409350961393,0.5991315515188084,0.5696571622585885,0.18941196813720446,0.47898215067067007
2021-02-14 04:50:00,0.49372384937238495,0.22709163346613526,-0.1624720774385705,-0.15158007498660953,0.5961968826477864,0.00011135857461024499,0.5,-0.3487266957794667,0.43649409350961393,0.5991315515188084,0.5696571622585885,0.18941196813720446,0.491610966096836
2021-02-14 05:00:00,0.496513249651325,0.43426294820717115,-0.16455696202531667,-0.1615782895911445,0.5961968826477864,0.00011135857461024499,0.5,-0.3607200665194018,0.44356004333246135,0.6397543001718206,0.5492052389855998,0.17857589287122128,0.5040134586659022
2021-02-14 05:10:00,0.4797768479776848,0.31474103585657365,-0.16455696202531667,-0.16693447598643107,0.5961968826477864,0.00011135857461024499,0.5,-0.3607200665194018,0.44356004333246135,0.6397543001718206,0.5492052389855998,0.17857589287122128,0.45363399067549826
2021-02-14 05:20:00,0.46513249651324967,0.12350597609561742,-0.1660461653015637,-0.17050526691662193,0.5961968826477864,0.00011135857461024499,0.5,-0.3607200665194018,0.44356004333246135,0.6397543001718206,0.5492052389855998,0.17857589287122128,0.45161971724731054
2021-02-14 05:30:00,0.4895397489539749,-0.14741035856573714,-0.17170513775130314,-0.17086234600964112,0.5961968826477864,0.00011135857461024499,0.5,-0.3607200665194018,0.44356004333246135,0.6397543001718206,0.5492052389855998,0.17857589287122128,0.4923427433347919
2021-02-14 05:40:00,0.49721059972105996,-0.2509960159362551,-0.18510796723752798,-0.17693269059096584,0.5874285116017327,0.00011135857461024499,0.5,-0.3607200665194018,0.44356004333246135,0.6397543001718206,0.5492052389855998,0.17857589287122128,0.49532266095327193
2021-02-14 05:50:00,0.5446304044630405,-0.3545816733067729,-0.19791511541325402,-0.18764506338153897,0.5850073942233448,0.00011135857461024499,0.5,-0.3607200665194018,0.44356004333246135,0.6397543001718206,0.5492052389855998,0.17857589287122128,0.5672933295109918
2021-02-14 06:00:00,0.5251046025104603,-0.3067729083665339,-0.20982874162323173,-0.19300124977682553,0.5850073942233448,0.00011135857461024499,0.5,-0.4231797634799014,0.46555672730720987,0.7474245636674747,0.5634144552851459,0.16607504956822666,0.4950510735247522
2021-02-14 06:10:00,0.5195258019525802,-0.21115537848605592,-0.21518987341772167,-0.19692911980003558,0.5850073942233448,0.00011135857461024499,0.5,-0.4231797634799014,0.46555672730720987,0.7474245636674747,0.5634144552851459,0.16607504956822666,0.5197957059009913
2021-02-14 06:20:00,0.4839609483960949,0.08366533864541825,-0.2131049888309755,-0.20264238528834144,0.5850073942233448,0.00011135857461024499,0.5,-0.4231797634799014,0.46555672730720987,0.7474245636674747,0.5634144552851459,0.16607504956822666,0.4965976130482671
2021-02-14 06:30:00,0.4951185495118549,-0.11553784860557781,-0.21429635145197334,-0.20264238528834144,0.5850073942233448,0.00011135857461024499,0.5,-0.4231797634799014,0.46555672730720987,0.7474245636674747,0.5634144552851459,0.16607504956822666,0.5202860720913741
2021-02-14 06:40:00,0.5341701534170153,-0.29083665338645437,-0.22501861504095322,-0.20549901803249415,0.5850073942233448,0.0008908685968819599,0.5,-0.4231797634799014,0.46555672730720987,0.7474245636674747,0.5634144552851459,0.16607504956822666,0.5214101422816362
2021-02-14 06:50:00,0.50697350069735,-0.19521912350597614,-0.23395383469843645,-0.21192644170683805,0.5790396670636427,0.00011135857461024499,0.5,-0.4231797634799014,0.46555672730720987,0.7474245636674747,0.5634144552851459,0.16607504956822666,0.4636827255307271
2021-02-14 07:00:00,0.49790794979079495,0.346613545816733,-0.23276247207743872,-0.2194251026602393,0.5750480951695436,0.00011135857461024499,0.5,-0.4246505680197904,0.4846971468964712,0.7841194984704315,0.5748898388912997,0.16589144738068673,0.4695293993391373
2021-02-14 07:10:00,0.42747559274755925,-0.1394422310756973,-0.23306031273268812,-0.21549723263702913,0.5850335684652733,0.00011135857461024499,0.5,-0.4246505680197904,0.4846971468964712,0.7841194984704315,0.5748898388912997,0.16589144738068673,0.34480287279146615
2021-02-14 07:20:00,0.4386331938633194,-0.13147410358565736,-0.23812360387192866,-0.2194251026602393,0.5850335684652733,0.00011135857461024499,0.5,-0.4246505680197904,0.4846971468964712,0.7841194984704315,0.5748898388912997,0.16589144738068673,0.36431944716870107
2021-02-14 07:30:00,0.2601115760111576,0.08366533864541825,-0.24884586746090853,-0.222281735404392,0.6327492115009619,0.18763919821826283,0.5,-0.4246505680197904,0.4846971468964712,0.7841194984704315,0.5748898388912997,0.16589144738068673,0.08112920017502302
2021-02-14 07:40:00,0.30474198047419804,0.17928286852589648,-0.24854802680565913,-0.1937154079628638,0.6374736621690594,0.00011135857461024499,0.5,-0.4246505680197904,0.4846971468964712,0.7841194984704315,0.5748898388912997,0.16589144738068673,0.13992787844953755
2021-02-14 07:50:00,0.32566248256624825,0.12350597609561742,-0.26403574087863,-0.19800035707909291,0.6275667115991153,0.00011135857461024499,0.5,-0.4246505680197904,0.4846971468964712,0.7841194984704315,0.5748898388912997,0.16589144738068673,0.1973308991052703
2021-02-14 08:00:00,0.32496513249651326,0.019920318725099362,-0.251824274013403,-0.2065702553115515,0.6309039274450015,0.0010022271714922048,0.5,-0.4402247597993879,0.49433775757384346,0.8048203823775543,0.5556069919024732,0.16725662838960284,0.1932646317727115
2021-02-14 08:10:00,0.32566248256624825,-0.13147410358565736,-0.24527177959791513,-0.1901446170326727,0.6343327531376373,0.00011135857461024499,0.5,-0.4402247597993879,0.49433775757384346,0.8048203823775543,0.5556069919024732,0.16725662838960284,0.18705584139294174
2021-02-14 08:20:00,0.3563458856345886,-0.059760956175298974,-0.24914370811615805,-0.1855025888234243,0.6273049691798301,0.00011135857461024499,0.5,-0.4402247597993879,0.49433775757384346,0.8048203823775543,0.5556069919024732,0.16725662838960284,0.2424521327157234
2021-02-14 08:30:00,0.35146443514644354,-0.1394422310756973,-0.27773641102010427,-0.2172826281021245,0.6283519388569708,0.00011135857461024499,0.5,-0.4402247597993879,0.49433775757384346,0.8048203823775543,0.5556069919024732,0.16725662838960284,0.2310831811940794
2021-02-14 08:40:00,0.3472803347280335,-0.2509960159362551,-0.2914370811615786,-0.24584895554365294,0.6264673934381176,0.00011135857461024499,0.5,-0.4402247597993879,0.49433775757384346,0.8048203823775543,0.5556069919024732,0.16725662838960284,0.23291639633658737
2021-02-14 08:50:00,0.32496513249651326,-0.298804780876494,-0.29233060312732695,-0.26156043563649345,0.6164819201423879,0.00011135857461024499,0.5,-0.4402247597993879,0.49433775757384346,0.8048203823775543,0.5556069919024732,0.16725662838960284,0.1807338895846221
2021-02-14 09:00:00,0.3200836820083682,0.346613545816733,-0.289650037230082,-0.27262988752008577,0.6173194958841005,0.00011135857461024499,0.5,-0.44468907082628617,0.5292364808753856,0.7932189190947451,0.5403586519330711,0.16437966894026185,0.17883277758498425
2021-02-14 09:10:00,0.31659693165969316,0.5059760956175297,-0.29233060312732695,-0.28048562756650597,0.6203557079478085,0.00011135857461024499,0.5,-0.44468907082628617,0.5292364808753856,0.7932189190947451,0.5403586519330711,0.16437966894026185,0.18387223320307194
2021-02-14 09:20:00,0.3075313807531381,0.14741035856573692,-0.29560685033507084,-0.287627209426888,0.6203557079478085,0.00011135857461024499,0.5,-0.44468907082628617,0.5292364808753856,0.7932189190947451,0.5403586519330711,0.16437966894026185,0.17017215625330054
2021-02-14 09:30:00,0.2894002789400279,0.4262948207171313,-0.26522710349962786,-0.2512051419389395,0.6203557079478085,0.00011135857461024499,0.5,-0.44468907082628617,0.5292364808753856,0.7932189190947451,0.5403586519330711,0.16437966894026185,0.1471702098767295
2021-02-14 09:40:00,0.2824267782426778,0.10756972111553775,-0.2750558451228593,-0.2365648991251561,0.6203687950687727,0.00011135857461024499,0.5,-0.44468907082628617,0.5292364808753856,0.7932189190947451,0.5403586519330711,0.16437966894026185,0.13738551835478371
2021-02-14 09:50:00,0.2775453277545328,0.4183266932270917,-0.2434847356664186,-0.21085520442778072,0.6210754996008429,0.00011135857461024499,0.5,-0.44468907082628617,0.5292364808753856,0.7932189190947451,0.5403586519330711,0.16437966894026185,0.1342924393077538
2021-02-14 10:00:00,0.28033472803347276,0.09960159362549792,-0.27326880119136276,-0.23442242456704165,0.6341495334441377,0.00011135857461024499,0.5,-0.3141501482711594,0.5509142057487365,0.5953561682453122,0.5158473684517942,0.1762924149944253,0.14686844606726315
2021-02-14 10:10:00,0.3138075313807531,-0.09960159362549814,-0.2890543559195832,-0.26691662203178,0.6341495334441377,0.00011135857461024499,0.5,-0.3141501482711594,0.5509142057487365,0.5953561682453122,0.5158473684517942,0.1762924149944253,0.1903224346304148
2021-02-14 10:20:00,0.3207810320781032,0.24302788844621515,-0.2863737900223382,-0.2769148366363149,0.6341495334441377,0.00011135857461024499,0.5,-0.3141501482711594,0.5509142057487365,0.5953561682453122,0.5158473684517942,0.1762924149944253,0.20668557719872657
2021-02-14 10:30:00,0.3521617852161785,0.12350597609561742,-0.28011913626209994,-0.27762899482235315,0.6341495334441377,0.00011135857461024499,0.5,-0.3141501482711594,0.5509142057487365,0.5953561682453122,0.5158473684517942,0.1762924149944253,0.23806901338322495
2021-02-14 10:40:00,0.41492329149232915,-0.21912350597609564,-0.2673119880863739,-0.273701124799143,0.6341495334441377,0.00011135857461024499,0.5,-0.3141501482711594,0.5509142057487365,0.5953561682453122,0.5158473684517942,0.1762924149944253,0.32519576927139127
2021-02-14 10:50:00,0.32914923291492326,0.043824701195219085,-0.25361131794489955,-0.26620246384574175,0.6393582075879127,0.00011135857461024499,0.5,-0.3141501482711594,0.5509142057487365,0.5953561682453122,0.5158473684517942,0.1762924149944253,0.21655325376827558
2021-02-14 11:00:00,0.3521617852161785,-0.1872509960159363,-0.23812360387192866,-0.25691840742724503,0.6356022038711703,0.00011135857461024499,0.5,-0.2852807146099541,0.5670719267141182,0.4952020510409094,0.5383598100345343,0.2098434981832406,0.23644703290734345
2021-02-14 11:10:00,0.38354253835425384,-0.043824701195219196,-0.21876396128071496,-0.24370648098553827,0.6361126015887766,0.00011135857461024499,0.5,-0.2852807146099541,0.5670719267141182,0.4952020510409094,0.5383598100345343,0.2098434981832406,0.2854232991837289
2021-02-14 11:20:00,0.401673640167364,-0.1394422310756973,-0.19225614296351468,-0.2112122835207998,0.6403659159021607,0.00011135857461024499,0.5,-0.2852807146099541,0.5670719267141182,0.4952020510409094,0.5383598100345343,0.2098434981832406,0.329661873651493
2021-02-14 11:30:00,0.3842398884239888,-0.17131474103585675,-0.18451228592702917,-0.20549901803249415,0.6352095902422425,0.00011135857461024499,0.5,-0.2852807146099541,0.5670719267141182,0.4952020510409094,0.5383598100345343,0.2098434981832406,0.2941367291820692
2021-02-14 11:40:00,0.4330543933054393,0.13147410358565725,-0.16842889054355936,-0.2029994643813604,0.6293465600502545,0.00011135857461024499,0.5,-0.2852807146099541,0.5670719267141182,0.4952020510409094,0.5383598100345343,0.2098434981832406,0.37580156011889493
2021-02-14 11:50:00,0.4735006973500697,0.08366533864541825,-0.1511541325390917,-0.17943224424209958,0.6205651018832368,0.00011135857461024499,0.5,-0.2852807146099541,0.5670719267141182,0.4952020510409094,0.5383598100345343,0.2098434981832406,0.44324577153461986
2021-02-14 12:00:00,0.4295676429567643,0.09163346613545809,-0.14072970960536124,-0.17550437421888943,0.6305636622999307,0.00011135857461024499,0.5,-0.2597956189382845,0.5802095934851893,0.4380960026032404,0.5768395168607565,0.2525861240660538,0.38185946859393155
2021-02-14 12:10:00,0.500697350069735,-0.20318725099601598,-0.1309009679821297,-0.17014818782360286,0.6345683213149939,0.00011135857461024499,0.5,-0.2597956189382845,0.5802095934851893,0.4380960026032404,0.5768395168607565,0.2525861240660538,0.5281092988517887
2021-02-14 12:20:00,0.4923291492329149,0.003984063745019917,-0.1279225614296352,-0.16729155507945004,0.6360733402258837,0.00011135857461024499,0.5,-0.2597956189382845,0.5802095934851893,0.4380960026032404,0.5768395168607565,0.2525861240660538,0.4972539493338564
2021-02-14 12:30:00,0.5118549511854951,-0.12350597609561753,-0.12256142963514527,-0.1612212104981252,0.6448155370300088,0.00033407572383073496,0.5,-0.2597956189382845,0.5802095934851893,0.4380960026032404,0.5768395168607565,0.2525861240660538,0.5413869064683072
2021-02-14 12:40:00,0.5167364016736402,-0.11553784860557781,-0.11839166046165317,-0.15586502410283876,0.6467131695698263,0.0032293986636971047,0.5,-0.2597956189382845,0.5802095934851893,0.4380960026032404,0.5768395168607565,0.2525861240660538,0.5638984866544956
2021-02-14 12:50:00,0.5578800557880056,-0.03585657370517936,-0.11422189128816096,-0.153365470451705,0.6447370143042231,0.0655902004454343,0.5,-0.2597956189382845,0.5802095934851893,0.4380960026032404,0.5768395168607565,0.2525861240660538,0.4289421669659158
2021-02-14 13:00:00,0.5634588563458857,0.14741035856573692,-0.10945644080416994,-0.1519371540796286,0.6333643061862821,0.09120267260579064,0.5,-0.11172617914011074,0.5859249957615801,0.3067742709868181,0.6230866362778484,0.2738557090791694,0.32222339574814796
2021-02-14 13:10:00,0.6150627615062761,0.01195219123505975,-0.09456440804169786,-0.1362256739867881,0.6428917302482627,0.1306236080178174,0.5,-0.11172617914011074,0.5859249957615801,0.3067742709868181,0.6230866362778484,0.2738557090791694,0.23702792824056612
2021-02-14 13:20:00,0.5760111576011158,0.10756972111553775,-0.0769918093819808,-0.10515979289412591,0.6371595712659173,0.12327394209354121,0.5,-0.11172617914011074,0.5859249957615801,0.3067742709868181,0.6230866362778484,0.2738557090791694,0.23656773843112994
2021-02-14 13:30:00,0.5767085076708507,0.11553784860557759,-0.0689501116902459,-0.0930191037314766,0.6376830561044875,0.12928730512249442,0.5,-0.11172617914011074,0.5859249957615801,0.3067742709868181,0.6230866362778484,0.2738557090791694,0.21039727205516243
2021-02-14 13:40:00,0.5599721059972106,-0.05179282868525903,-0.05524944154877154,-0.08194965184788428,0.6360209917420266,0.12639198218262807,0.5,-0.11172617914011074,0.5859249957615801,0.3067742709868181,0.6230866362778484,0.2738557090791694,0.20344161624696352
2021-02-14 13:50:00,0.5397489539748954,0.05179282868525892,-0.04899478778853328,-0.0751651490805213,0.6386907644187355,0.12204899777282852,0.5,-0.11172617914011074,0.5859249957615801,0.3067742709868181,0.6230866362778484,0.2738557090791694,0.1957089186293888
2021-02-14 14:00:00,0.5704323570432357,0.11553784860557759,-0.04363365599404323,-0.06552401356900539,0.6425776393451205,0.13552338530066815,0.5,-0.11166914535709993,0.581063024594334,0.3034823031524596,0.6051453913655038,0.28063943650451734,0.18663337205968888
2021-02-14 14:10:00,0.46582984658298465,-0.043824701195219196,-0.0385703648548027,-0.061596143545795345,0.6243865412048004,0.08507795100222718,0.5,-0.11166914535709993,0.581063024594334,0.3034823031524596,0.6051453913655038,0.28063943650451734,0.22860871795645546
2021-02-14 14:20:00,0.49442119944211993,0.22709163346613526,-0.05822784810126602,-0.09159078735940018,0.63931894622502,0.0799554565701559,0.5,-0.11166914535709993,0.581063024594334,0.3034823031524596,0.6051453913655038,0.28063943650451734,0.26907524480589046
2021-02-14 14:30:00,0.49860529986053004,-0.10756972111553798,-0.06090841399851088,-0.09944652740582038,0.6414652340631584,0.08106904231625836,0.5,-0.11166914535709993,0.581063024594334,0.3034823031524596,0.6051453913655038,0.28063943650451734,0.25769874918900976
2021-02-14 14:40:00,0.4818688981868898,-0.0916334661354582,-0.06031273268801207,-0.10623103017318325,0.6448547983929015,0.08273942093541202,0.5,-0.11166914535709993,0.581063024594334,0.3034823031524596,0.6051453913655038,0.28063943650451734,0.24665419376254205
2021-02-14 14:50:00,0.4909344490934449,-0.17928286852589637,-0.05614296351451986,-0.10944474201035537,0.635026370548743,0.057683741648106905,0.5,-0.11166914535709993,0.581063024594334,0.3034823031524596,0.6051453913655038,0.28063943650451734,0.30788207070326057
2021-02-14 15:00:00,0.40794979079497906,0.14741035856573692,-0.05107967237527933,-0.108730583824317,0.6336391357265314,0.035523385300668155,0.5,-0.11701901426278172,0.5686897102644505,0.3077531492068348,0.5492994894380933,0.28291881188065215,0.24844214433363007
2021-02-14 15:10:00,0.39121338912133896,-0.13147410358565736,-0.046612062546537714,-0.10623103017318325,0.6373951394432739,0.02494432071269488,0.5,-0.11701901426278172,0.5686897102644505,0.3077531492068348,0.5492994894380933,0.28291881188065215,0.2603844470932601
2021-02-14 15:20:00,0.41352859135285913,-0.06772908366533881,-0.04154877140729718,-0.10730226745224059,0.6406014840795173,0.019042316258351892,0.5,-0.11701901426278172,0.5686897102644505,0.3077531492068348,0.5492994894380933,0.28291881188065215,0.28979887442099067
2021-02-14 15:30:00,0.3451882845188285,-0.12350597609561753,-0.03529411764705892,-0.10551687198714521,0.6404313515069819,0.016146993318485525,0.5,-0.11701901426278172,0.5686897102644505,0.3077531492068348,0.5492994894380933,0.28291881188065215,0.19452449567723346
2021-02-14 15:40:00,0.3054393305439331,-0.09960159362549814,-0.030230826507818387,-0.10801642563827896,0.6241902343903365,0.004120267260579065,0.5,-0.11701901426278172,0.5686897102644505,0.3077531492068348,0.5492994894380933,0.28291881188065215,0.1657513164446188
2021-02-14 15:50:00,0.37447698744769875,0.36254980079681287,-0.02546537602382737,-0.108730583824317,0.6261271282930468,0.0044543429844098,0.5,-0.11701901426278172,0.5686897102644505,0.3077531492068348,0.5492994894380933,0.28291881188065215,0.2577289255699564
2021-02-14 16:00:00,0.4107391910739191,-0.043824701195219196,-0.024571854058079046,-0.09730405284770571,0.6524845899150646,0.00011135857461024499,0.5,-0.05608608832631867,0.5659397655794277,0.26182462443680266,0.49743868649913575,0.28269411382916765,0.3328605700318361
2021-02-14 16:10:00,0.37377963737796377,0.2111553784860556,-0.021295606850335158,-0.09694697375468664,0.6390048553218777,0.00011135857461024499,0.5,-0.05608608832631867,0.5659397655794277,0.26182462443680266,0.49743868649913575,0.28269411382916765,0.26402070099732944
2021-02-14 16:20:00,0.41422594142259417,-0.17928286852589637,-0.017721518987341978,-0.0894483128012854,0.6438994385625106,0.00011135857461024499,0.5,-0.05608608832631867,0.5659397655794277,0.26182462443680266,0.49743868649913575,0.28269411382916765,0.3088854353697361
2021-02-14 16:30:00,0.3179916317991632,0.2350597609561753,-0.01176470588235301,-0.09516157828959104,0.6346468440407795,0.00011135857461024499,0.5,-0.05608608832631867,0.5659397655794277,0.26182462443680266,0.49743868649913575,0.28269411382916765,0.18215972358435054
2021-02-14 16:40:00,0.36750348675034866,-0.09960159362549814,-0.00967982129560696,-0.09730405284770571,0.6551151012288807,0.00011135857461024499,0.5,-0.05608608832631867,0.5659397655794277,0.26182462443680266,0.49743868649913575,0.28269411382916765,0.23588122576459408
2021-02-14 16:50:00,0.42747559274755925,0.1633466135458166,-0.005212211466865346,-0.09658989466166767,0.6446323173365092,0.00011135857461024499,0.5,-0.05608608832631867,0.5659397655794277,0.26182462443680266,0.49743868649913575,0.28269411382916765,0.35095885450457925
2021-02-14 17:00:00,0.32566248256624825,0.2589641434262948,-0.0037230081906179935,-0.09337618282449556,0.6377354045883445,0.00011135857461024499,0.5,-0.05839865813850409,0.5680834006212534,0.26057170089570086,0.45583879697118956,0.28220117269936934,0.21339982195935242
2021-02-14 17:10:00,0.36192468619246865,-0.298804780876494,-0.0037230081906179935,-0.09730405284770571,0.6573006504299119,0.00011135857461024499,0.5,-0.05839865813850409,0.5680834006212534,0.26057170089570086,0.45583879697118956,0.28220117269936934,0.26500143337809495
2021-02-14 17:20:00,0.41143654114365413,0.01195219123505975,-0.0013402829486225398,-0.09944652740582038,0.6518956694716729,0.00011135857461024499,0.5,-0.05839865813850409,0.5680834006212534,0.26057170089570086,0.45583879697118956,0.28220117269936934,0.31838345127268886
2021-02-14 17:30:00,0.3507670850767085,-0.05179282868525903,-0.0037230081906179935,-0.10123192287091587,0.6592898928164793,0.00011135857461024499,0.5,-0.05839865813850409,0.5680834006212534,0.26057170089570086,0.45583879697118956,0.28220117269936934,0.23951747966866335
2021-02-14 17:40:00,0.4100418410041841,0.2749003984063745,-0.0037230081906179935,-0.10480271380110695,0.6630851578961143,0.00011135857461024499,0.5,-0.05839865813850409,0.5680834006212534,0.26057170089570086,0.45583879697118956,0.28220117269936934,0.3501818126952035
2021-02-14 17:50:00,0.4393305439330544,-0.21115537848605592,-0.009381980640357557,-0.09944652740582038,0.6715656122809542,0.00011135857461024499,0.5,-0.05839865813850409,0.5680834006212534,0.26057170089570086,0.45583879697118956,0.28220117269936934,0.3674427025966776
2021-02-14 18:00:00,0.4211994421199442,-0.14741035856573714,-0.009977661950856476,-0.09623281556864838,0.6613183965659395,0.00011135857461024499,0.5,-0.1854514490750021,0.5598508075986968,0.33955711689104523,0.4478873857991067,0.28976859834739616,0.3545573879324653
2021-02-14 18:10:00,0.4456066945606694,-0.08366533864541836,-0.0010424422933731359,-0.07088019996429196,0.6623261048801874,0.00011135857461024499,0.5,-0.1854514490750021,0.5598508075986968,0.33955711689104523,0.4478873857991067,0.28976859834739616,0.372157762119589
2021-02-14 18:20:00,0.4860529986052998,-0.03585657370517936,-0.01593447505584522,-0.07480806998750233,0.6580727905668032,0.00011135857461024499,0.5,-0.1854514490750021,0.5598508075986968,0.33955711689104523,0.4478873857991067,0.28976859834739616,0.4766962898139626
2021-02-14 18:30:00,0.4923291492329149,0.1633466135458166,-0.035591958302308435,-0.09873236921978212,0.6568164269542344,0.00011135857461024499,0.5,-0.1854514490750021,0.5598508075986968,0.33955711689104523,0.4478873857991067,0.28976859834739616,0.47491588333811124
2021-02-14 18:40:00,0.5111576011157601,0.03585657370517925,-0.050781831720029924,-0.11158721656846982,0.6568164269542344,0.00011135857461024499,0.5,-0.1854514490750021,0.5598508075986968,0.33955711689104523,0.4478873857991067,0.28976859834739616,0.5211159225674065
2021-02-14 18:50:00,0.5313807531380753,0.05179282868525892,-0.0618019359642592,-0.1183717193358329,0.6568164269542344,0.00011135857461024499,0.5,-0.1854514490750021,0.5598508075986968,0.33955711689104523,0.4478873857991067,0.28976859834739616,0.561967198273911
2021-02-14 19:00:00,0.5237099023709902,0.043824701195219085,-0.07252419955323908,-0.12122835207998572,0.6568164269542344,0.00011135857461024499,0.5,-0.1790919154445817,0.5809337168505251,0.32044698935027677,0.39323514212039834,0.3098889768928015,0.5539478250373433
2021-02-14 19:10:00,0.5083682008368201,0.14741035856573692,-0.0847356664184663,-0.12372790573111947,0.6568164269542344,0.00011135857461024499,0.5,-0.1790919154445817,0.5809337168505251,0.32044698935027677,0.39323514212039834,0.3098889768928015,0.5377204761832913
2021-02-14 19:20:00,0.3856345885634589,0.19521912350597592,-0.09813849590469104,-0.13015532940546326,0.6649042677101465,0.00011135857461024499,0.5,-0.1790919154445817,0.5809337168505251,0.32044698935027677,0.39323514212039834,0.3098889768928015,0.31261221841664527
2021-02-14 19:30:00,0.3410041841004184,-0.05179282868525903,-0.1082650781831721,-0.13301196214961608,0.667966654015783,0.00011135857461024499,0.5,-0.1790919154445817,0.5809337168505251,0.32044698935027677,0.39323514212039834,0.3098889768928015,0.24456447938198772
2021-02-14 19:40:00,0.34658298465829845,-0.21115537848605592,-0.09873417721518996,-0.11908587752187105,0.667259949483713,0.00011135857461024499,0.5,-0.1790919154445817,0.5809337168505251,0.32044698935027677,0.39323514212039834,0.3098889768928015,0.2519803249996228
2021-02-14 19:50:00,0.4707112970711297,0.29083665338645415,-0.10171258376768444,-0.11444384931262286,0.6558479800028791,0.00011135857461024499,0.5,-0.1790919154445817,0.5809337168505251,0.32044698935027677,0.39323514212039834,0.3098889768928015,0.4524872881995262
2021-02-14 20:00:00,0.5564853556485356,0.07569721115537842,-0.11541325390915869,-0.12908409212640592,0.6558479800028791,0.00011135857461024499,0.5,-0.1980891681506013,0.5864106181772218,0.35459435522436783,0.41335799796222544,0.321405231152,0.6423419889252683
2021-02-14 20:10:00,0.4386331938633194,-0.2749003984063746,-0.12941176470588256,-0.14765220496339948,0.6532436429309916,0.00011135857461024499,0.5,-0.1980891681506013,0.5864106181772218,0.35459435522436783,0.41335799796222544,0.321405231152,0.4195271361105663
2021-02-14 20:20:00,0.4107391910739191,0.17131474103585642,-0.1386448250186152,-0.15407962863774327,0.644579968852652,0.00011135857461024499,0.5,-0.1980891681506013,0.5864106181772218,0.35459435522436783,0.41335799796222544,0.321405231152,0.33400727250780815
2021-02-14 20:30:00,0.37796373779637377,-0.15537848605577698,-0.14519731943410286,-0.16193536868416358,0.644579968852652,0.00011135857461024499,0.5,-0.1980891681506013,0.5864106181772218,0.35459435522436783,0.41335799796222544,0.321405231152,0.31757623308236643
2021-02-14 20:40:00,0.3765690376569038,-0.36254980079681276,-0.15353685778108728,-0.1676486341724691,0.644579968852652,0.00011135857461024499,0.5,-0.1980891681506013,0.5864106181772218,0.35459435522436783,0.41335799796222544,0.321405231152,0.319748932510524
2021-02-14 20:50:00,0.40027894002789405,-0.31474103585657376,-0.15711094564408057,-0.17336189966077487,0.644579968852652,0.00011135857461024499,0.5,-0.1980891681506013,0.5864106181772218,0.35459435522436783,0.41335799796222544,0.321405231152,0.35460265250388523
2021-02-14 21:00:00,0.4588563458856346,0.12350597609561742,-0.16038719285182446,-0.17800392787002317,0.6335998743636387,0.00011135857461024499,0.5,-0.221938528254903,0.6041573876387542,0.40164759445654885,0.4353478445180172,0.31524245015732133,0.47110611524359886
2021-02-14 21:10:00,0.500697350069735,0.01195219123505975,-0.15889798957557721,-0.18121763970719518,0.6332857834604965,0.00011135857461024499,0.5,-0.221938528254903,0.6041573876387542,0.40164759445654885,0.4353478445180172,0.31524245015732133,0.5259592317093411
2021-02-14 21:20:00,0.496513249651325,-0.059760956175298974,-0.16098287416232326,-0.1808605606141761,0.6332857834604965,0.00011135857461024499,0.5,-0.221938528254903,0.6041573876387542,0.40164759445654885,0.4353478445180172,0.31524245015732133,0.5140697376163677
2021-02-14 21:30:00,0.496513249651325,-0.019920318725099695,-0.16157855547282218,-0.17764684877700399,0.6332857834604965,0.00011135857461024499,0.5,-0.221938528254903,0.6041573876387542,0.40164759445654885,0.4353478445180172,0.31524245015732133,0.5014937308568583
2021-02-14 21:40:00,0.4595536959553696,0.08366533864541825,-0.16306775874906942,-0.17693269059096584,0.6332857834604965,0.00011135857461024499,0.5,-0.221938528254903,0.6041573876387542,0.40164759445654885,0.4353478445180172,0.31524245015732133,0.4462030568673899
2021-02-14 21:50:00,0.37796373779637377,0.2828685258964143,-0.16813104988830985,-0.17978932333511877,0.6332857834604965,0.00011135857461024499,0.5,-0.221938528254903,0.6041573876387542,0.40164759445654885,0.4353478445180172,0.31524245015732133,0.32062404755797635
2021-02-14 22:00:00,0.3507670850767085,0.3067729083665336,-0.17289650037230098,-0.1855025888234243,0.6340579235973878,0.00011135857461024499,0.5,-0.316276441078599,0.6112319579778595,0.5002970620845174,0.4194635919992156,0.2883142399111448,0.2683359234726979
2021-02-14 22:10:00,0.3926080892608089,-0.043824701195219196,-0.17915115413253924,-0.1901446170326727,0.6358246849275628,0.00011135857461024499,0.5,-0.316276441078599,0.6112319579778595,0.5002970620845174,0.4194635919992156,0.2883142399111448,0.34085731098269384
2021-02-14 22:20:00,0.44142259414225943,-0.043824701195219196,-0.18064035740878648,-0.19300124977682553,0.6334166546701391,0.00011135857461024499,0.5,-0.316276441078599,0.6112319579778595,0.5002970620845174,0.4194635919992156,0.2883142399111448,0.42928165125156537
2021-02-14 22:30:00,0.4504881450488145,-0.07569721115537853,-0.182427401340283,-0.19657204070701662,0.6334166546701391,0.00011135857461024499,0.5,-0.316276441078599,0.6112319579778595,0.5002970620845174,0.4194635919992156,0.2883142399111448,0.4237669176335682
2021-02-14 22:40:00,0.42398884239888424,-0.14741035856573714,-0.18361876396128085,-0.19550080342795917,0.6334166546701391,0.00011135857461024499,0.5,-0.316276441078599,0.6112319579778595,0.5002970620845174,0.4194635919992156,0.2883142399111448,0.36139233821687766
2021-02-14 22:50:00,0.394700139470014,-0.2509960159362551,-0.18659717051377522,-0.19550080342795917,0.6285351585504705,0.00011135857461024499,0.5,-0.316276441078599,0.6112319579778595,0.5002970620845174,0.4194635919992156,0.2883142399111448,0.3135099657498076
2021-02-14 23:00:00,0.43654114365411434,-0.01195219123505975,-0.18838421444527187,-0.19942867345116932,0.6221617306408763,0.00011135857461024499,0.5,-0.3779584774047827,0.6214587637605008,0.5608029971757227,0.4170715290761461,0.24195002764562767,0.4052914283989921
2021-02-14 23:10:00,0.4246861924686192,-0.08366533864541836,-0.18838421444527187,-0.20264238528834144,0.6221617306408763,0.00011135857461024499,0.5,-0.3779584774047827,0.6214587637605008,0.5608029971757227,0.4170715290761461,0.24195002764562767,0.368868536596406
2021-02-14 23:20:00,0.396792189679219,-0.17928286852589637,-0.18838421444527187,-0.20264238528834144,0.6221617306408763,0.00011135857461024499,0.5,-0.3779584774047827,0.6214587637605008,0.5608029971757227,0.4170715290761461,0.24195002764562767,0.3229174525099205
2021-02-14 23:30:00,0.3842398884239888,-0.3545816733067729,-0.19106478034251695,-0.20264238528834144,0.6221617306408763,0.00011135857461024499,0.5,-0.3779584774047827,0.6214587637605008,0.5608029971757227,0.4170715290761461,0.24195002764562767,0.2839672888030539
2021-02-14 23:40:00,0.3723849372384937,-0.29083665338645437,-0.19136262099776635,-0.2062131762185324,0.6221617306408763,0.00011135857461024499,0.5,-0.3779584774047827,0.6214587637605008,0.5608029971757227,0.4170715290761461,0.24195002764562767,0.28168897204158305
2021-02-14 23:50:00,0.4065550906555091,-0.38645418326693237,-0.19136262099776635,-0.2062131762185324,0.6221617306408763,0.00011135857461024499,0.5,-0.3779584774047827,0.6214587637605008,0.5608029971757227,0.4170715290761461,0.24195002764562767,0.3373568507928844
2021-02-15 00:00:00,0.39435144351464435,-0.16733067729083673,-0.19434102755026073,-0.2110337796821995,0.6165211815052807,0.00011135857461024499,0.5,-0.3816451611504549,0.6051544940187986,0.5519357732117085,0.4601696256050915,0.20043888554295772,0.32104651689122926
2021-02-15 00:10:00,0.3821478382147839,0.05179282868525892,-0.1973194341027551,-0.2158543117300481,0.6108806323696849,0.00011135857461024499,0.5,-0.3816451611504549,0.6051544940187986,0.5519357732117085,0.4601696256050915,0.20043888554295772,0.30473618298957406
2021-02-15 00:20:00,0.3884239888423989,-0.043824701195219196,-0.20000000000000007,-0.21835386538118184,0.6108806323696849,0.00011135857461024499,0.5,-0.3816451611504549,0.6051544940187986,0.5519357732117085,0.4601696256050915,0.20043888554295772,0.2963018845149901
2021-02-15 00:30:00,0.3800557880055788,-0.03585657370517936,-0.2008935219657484,-0.22156757721835385,0.6108806323696849,0.00011135857461024499,0.5,-0.3816451611504549,0.6051544940187986,0.5519357732117085,0.4601696256050915,0.20043888554295772,0.28295638004134166
2021-02-15 00:40:00,0.34658298465829845,-0.003984063745020028,-0.20536113179449,-0.2237100517764684,0.6108806323696849,0.00011135857461024499,0.5,-0.3816451611504549,0.6051544940187986,0.5519357732117085,0.4601696256050915,0.20043888554295772,0.23961555290673991
2021-02-15 00:50:00,0.37796373779637377,-0.03585657370517936,-0.20625465376023833,-0.2240671308694876,0.6108806323696849,0.00011135857461024499,0.5,-0.3816451611504549,0.6051544940187986,0.5519357732117085,0.4601696256050915,0.20043888554295772,0.27603090061408936
2021-02-15 01:00:00,0.37308228730822873,-0.21912350597609564,-0.2089352196574834,-0.2240671308694876,0.6108806323696849,0.00011135857461024499,0.5,-0.45003283611659317,0.5883128787639329,0.5631545114695132,0.4830114239249384,0.18088060210591586,0.2884484813736289
2021-02-15 01:10:00,0.3821478382147839,-0.3545816733067729,-0.21221146686522718,-0.2240671308694876,0.6108806323696849,0.00011135857461024499,0.5,-0.45003283611659317,0.5883128787639329,0.5631545114695132,0.4830114239249384,0.18088060210591586,0.2826470721366387
2021-02-15 01:20:00,0.41143654114365413,-0.2509960159362551,-0.21221146686522718,-0.22299589359043037,0.6049521665728756,0.00011135857461024499,0.5,-0.45003283611659317,0.5883128787639329,0.5631545114695132,0.4830114239249384,0.18088060210591586,0.310454607178961
2021-02-15 01:30:00,0.3856345885634589,0.1633466135458166,-0.21221146686522718,-0.22585252633458308,0.5997304053081363,0.00011135857461024499,0.5,-0.45003283611659317,0.5883128787639329,0.5631545114695132,0.4830114239249384,0.18088060210591586,0.2912548848016657
2021-02-15 01:40:00,0.401673640167364,0.25099601593625476,-0.21221146686522718,-0.2319228709159079,0.5997304053081363,0.00011135857461024499,0.5,-0.45003283611659317,0.5883128787639329,0.5631545114695132,0.4830114239249384,0.18088060210591586,0.2990177588001871
2021-02-15 01:50:00,0.398884239888424,0.13147410358565725,-0.21399851079672383,-0.23227995000892698,0.5997304053081363,0.00011135857461024499,0.5,-0.45003283611659317,0.5883128787639329,0.5631545114695132,0.4830114239249384,0.18088060210591586,0.29946286041914993
2021-02-15 02:00:00,0.36262203626220363,0.2669322709163344,-0.21518987341772167,-0.2383502945902518,0.5997304053081363,0.00011135857461024499,0.5,-0.45043794274141724,0.5856635067685416,0.5339083846581796,0.4732939717321804,0.17159840842992238,0.24365164385835208
2021-02-15 02:10:00,0.3821478382147839,0.08366533864541825,-0.21518987341772167,-0.23763613640421344,0.5997304053081363,0.00011135857461024499,0.5,-0.45043794274141724,0.5856635067685416,0.5339083846581796,0.4732939717321804,0.17159840842992238,0.268818745567844
2021-02-15 02:20:00,0.3682008368200837,0.2669322709163344,-0.21578555472822047,-0.23727905731119447,0.5997304053081363,0.00011135857461024499,0.5,-0.45043794274141724,0.5856635067685416,0.5339083846581796,0.4732939717321804,0.17159840842992238,0.2556316670941654
2021-02-15 02:30:00,0.35355648535564854,0.20318725099601576,-0.21578555472822047,-0.2415640064274236,0.5997304053081363,0.00011135857461024499,0.5,-0.45043794274141724,0.5856635067685416,0.5339083846581796,0.4732939717321804,0.17159840842992238,0.23649984157400003
2021-02-15 02:40:00,0.3103207810320781,0.3545816733067728,-0.21935964259121388,-0.24192108552044278,0.5997304053081363,0.00011135857461024499,0.5,-0.45043794274141724,0.5856635067685416,0.5339083846581796,0.4732939717321804,0.17159840842992238,0.1726013549195045
2021-02-15 02:50:00,0.29009762900976294,0.22709163346613526,-0.20655249441548773,-0.23085163363685057,0.5997304053081363,0.00011135857461024499,0.5,-0.45043794274141724,0.5856635067685416,0.5339083846581796,0.4732939717321804,0.17159840842992238,0.15186263711393094
2021-02-15 03:00:00,0.3103207810320781,0.05976095617529875,-0.20238272524199552,-0.20335654347437948,0.5997304053081363,0.00011135857461024499,0.5,-0.4577481728343755,0.5776406796415016,0.5180913662788817,0.45282368657247574,0.1624860156001767,0.1675241788252335
2021-02-15 03:10:00,0.29358437935843795,-0.3784860557768924,-0.19285182427401348,-0.19621496161399754,0.5997304053081363,0.00011135857461024499,0.5,-0.4577481728343755,0.5776406796415016,0.5180913662788817,0.45282368657247574,0.1624860156001767,0.15278301673280326
2021-02-15 03:20:00,0.2831241283124128,-0.23505976095617542,-0.19970215934475066,-0.19585788252097835,0.5997304053081363,0.00011135857461024499,0.5,-0.4577481728343755,0.5776406796415016,0.5180913662788817,0.45282368657247574,0.1624860156001767,0.1449447017819153
2021-02-15 03:30:00,0.29776847977684795,0.1633466135458166,-0.18600148920327642,-0.17514729512587035,0.5997304053081363,0.00011135857461024499,0.5,-0.4577481728343755,0.5776406796415016,0.5180913662788817,0.45282368657247574,0.1624860156001767,0.15266231120901672
2021-02-15 03:40:00,0.299163179916318,0.09960159362549792,-0.21012658227848113,-0.21656846991608647,0.5997304053081363,0.00011135857461024499,0.5,-0.4577481728343755,0.5776406796415016,0.5180913662788817,0.45282368657247574,0.1624860156001767,0.15854670549361016
2021-02-15 03:50:00,0.29358437935843795,0.10756972111553775,-0.2166790766939689,-0.2365648991251561,0.5997304053081363,0.00011135857461024499,0.5,-0.4577481728343755,0.5776406796415016,0.5180913662788817,0.45282368657247574,0.1624860156001767,0.14913921873349728
2021-02-15 04:00:00,0.27405857740585776,0.09960159362549792,-0.2205510052122116,-0.24442063917157653,0.5997304053081363,0.00011135857461024499,0.5,-0.527699273869889,0.561597898892838,0.5531042385464972,0.43488227892553694,0.14730794827761787,0.1340585723554174
2021-02-15 04:10:00,0.28870292887029286,-0.15537848605577698,-0.2211466865227104,-0.24692019282271016,0.5997304053081363,0.00011135857461024499,0.5,-0.527699273869889,0.561597898892838,0.5531042385464972,0.43488227892553694,0.14730794827761787,0.1512138449235783
2021-02-15 04:20:00,0.24198047419804744,-0.01195219123505975,-0.22323157110945657,-0.25191930012497765,0.5997304053081363,0.00011135857461024499,0.5,-0.527699273869889,0.561597898892838,0.5531042385464972,0.43488227892553694,0.14730794827761787,0.11603572883504082
2021-02-15 04:30:00,0.2510460251046025,0.03585657370517925,-0.22352941176470598,-0.2558471701481878,0.5997304053081363,0.00011135857461024499,0.5,-0.527699273869889,0.561597898892838,0.5531042385464972,0.43488227892553694,0.14730794827761787,0.11052099521704362
2021-02-15 04:40:00,0.24755927475592746,-0.15537848605577698,-0.19195830230826516,-0.20728441349758975,0.5997304053081363,0.00011135857461024499,0.5,-0.527699273869889,0.561597898892838,0.5531042385464972,0.43488227892553694,0.14730794827761787,0.10532311359898609
2021-02-15 04:50:00,0.23849372384937237,0.3067729083665336,-0.16396128071481764,-0.1519371540796286,0.5997304053081363,0.00011135857461024499,0.5,-0.527699273869889,0.561597898892838,0.5531042385464972,0.43488227892553694,0.14730794827761787,0.09137408150640494
2021-02-15 05:00:00,0.19804741980474197,0.1633466135458166,-0.14906924795234555,-0.12372790573111947,0.6092054808862598,0.00011135857461024499,0.5,-0.5482558835683671,0.5489343605157384,0.5572835248036379,0.41798795086195006,0.13574143949680806,0.06735368227288502
2021-02-15 05:10:00,0.16736401673640167,-0.09960159362549814,-0.15562174236783333,-0.11265845384752715,0.6134980565625368,0.00011135857461024499,0.5,-0.5482558835683671,0.5489343605157384,0.5572835248036379,0.41798795086195006,0.13574143949680806,0.054785219608612344
2021-02-15 05:20:00,0.15620641562064158,0.09960159362549792,-0.16008935219657494,-0.11944295661489024,0.6134980565625368,0.00011135857461024499,0.5,-0.5482558835683671,0.5489343605157384,0.5572835248036379,0.41798795086195006,0.13574143949680806,0.04459314694388702
2021-02-15 05:30:00,0.14504881450488147,0.20318725099601576,-0.1425167535368579,-0.08230673094090324,0.6134980565625368,0.00011135857461024499,0.5,-0.5482558835683671,0.5489343605157384,0.5572835248036379,0.41798795086195006,0.13574143949680806,0.03237925675573729
2021-02-15 05:40:00,0.14016736401673638,0.5697211155378485,-0.1347728965003725,-0.05302624531333677,0.615016162594391,0.00011135857461024499,0.5,-0.5482558835683671,0.5489343605157384,0.5572835248036379,0.41798795086195006,0.13574143949680806,0.02779999094708572
2021-02-15 05:50:00,0.14644351464435149,-0.01195219123505975,-0.15383469843633668,-0.05302624531333677,0.6300140032194317,0.00011135857461024499,0.5,-0.5482558835683671,0.5489343605157384,0.5572835248036379,0.41798795086195006,0.13574143949680806,0.03317893085082306
2021-02-15 06:00:00,0.19386331938633192,-0.3944223107569722,-0.14758004467609842,-0.05338332440635607,0.6211540223266283,0.00011135857461024499,0.5,-0.5903330072512952,0.5446959400241966,0.5858198729652199,0.4183570871665362,0.12636961240569924,0.060880848559832224
2021-02-15 06:10:00,0.18898186889818688,0.2589641434262948,-0.14877140729709615,-0.0526691662203177,0.6136158406512151,0.00011135857461024499,0.5,-0.5903330072512952,0.5446959400241966,0.5858198729652199,0.4183570871665362,0.12636961240569924,0.058987280655431
2021-02-15 06:20:00,0.19456066945606695,0.2350597609561753,-0.14817572598659734,-0.0751651490805213,0.6136158406512151,0.00011135857461024499,0.5,-0.5903330072512952,0.5446959400241966,0.5858198729652199,0.4183570871665362,0.12636961240569924,0.060488555607525994
2021-02-15 06:30:00,0.1903765690376569,-0.03585657370517936,-0.15174981384959063,-0.06945188359221555,0.6136158406512151,0.00011135857461024499,0.5,-0.5903330072512952,0.5446959400241966,0.5858198729652199,0.4183570871665362,0.12636961240569924,0.07166136065301688
2021-02-15 06:40:00,0.21548117154811713,-0.17928286852589637,-0.15323901712583776,-0.0880199964292091,0.6136158406512151,0.00011135857461024499,0.5,-0.5903330072512952,0.5446959400241966,0.5858198729652199,0.4183570871665362,0.12636961240569924,0.0804804079846704
2021-02-15 06:50:00,0.21687587168758715,-0.17131474103585675,-0.17557706626954583,-0.10801642563827896,0.6136158406512151,0.00011135857461024499,0.5,-0.5903330072512952,0.5446959400241966,0.5858198729652199,0.4183570871665362,0.12636961240569924,0.0906951129351057
2021-02-15 07:00:00,0.20781032078103207,-0.003984063745020028,-0.15383469843633668,-0.10158900196393505,0.6136158406512151,0.00011135857461024499,0.5,-0.6059123020535832,0.5501527268129655,0.5482286159367056,0.4170742865234372,0.12003181518717129,0.08063883398464022
2021-02-15 07:10:00,0.2175732217573222,0.13147410358565725,-0.1746835443037975,-0.11765756114979464,0.6136158406512151,0.00011135857461024499,0.5,-0.6059123020535832,0.5501527268129655,0.5482286159367056,0.4170742865234372,0.12003181518717129,0.08429772017441949
2021-02-15 07:20:00,0.23291492329149233,-0.05179282868525903,-0.1627699180938199,-0.10765934654525966,0.6136158406512151,0.00011135857461024499,0.5,-0.6059123020535832,0.5501527268129655,0.5482286159367056,0.4170742865234372,0.12003181518717129,0.09998943826666867
2021-02-15 07:30:00,0.2294281729428173,0.33864541832669315,-0.2083395383469845,-0.16693447598643107,0.6136158406512151,0.00011135857461024499,0.5,-0.6059123020535832,0.5501527268129655,0.5482286159367056,0.4170742865234372,0.12003181518717129,0.0985937806478869
2021-02-15 07:40:00,0.2189679218967922,0.5298804780876492,-0.22501861504095322,-0.2112122835207998,0.6136158406512151,0.00011135857461024499,0.5,-0.6059123020535832,0.5501527268129655,0.5482286159367056,0.4170742865234372,0.12003181518717129,0.09058195150655582
2021-02-15 07:50:00,0.2189679218967922,0.31474103585657365,-0.23127326880119148,-0.23227995000892698,0.6222664276085904,0.00011135857461024499,0.5,-0.6059123020535832,0.5501527268129655,0.5482286159367056,0.4170742865234372,0.12003181518717129,0.09207568236341415
2021-02-15 08:00:00,0.21548117154811713,-0.08366533864541836,-0.2357408786299332,-0.24227816461346185,0.627448927510437,0.00011135857461024499,0.5,-0.6054797124830275,0.552445784136528,0.5067397268195513,0.41102462798280937,0.11132023895056782,0.09161549255397801
2021-02-15 08:10:00,0.23709902370990238,-0.36254980079681276,-0.23901712583767698,-0.2497768255668631,0.627448927510437,0.00011135857461024499,0.5,-0.6054797124830275,0.552445784136528,0.5067397268195513,0.41102462798280937,0.11132023895056782,0.10663578617016461
2021-02-15 08:20:00,0.24198047419804744,0.07569721115537842,-0.24139985107967243,-0.25834672379932155,0.6162070906021384,0.00011135857461024499,0.5,-0.6054797124830275,0.552445784136528,0.5067397268195513,0.41102462798280937,0.11132023895056782,0.11078503855032666
2021-02-15 08:30:00,0.2301255230125523,0.38645418326693215,-0.24527177959791513,-0.26477414747366534,0.6136551020141079,0.00011135857461024499,0.5,-0.6054797124830275,0.552445784136528,0.5067397268195513,0.41102462798280937,0.11132023895056782,0.10487046788478657
2021-02-15 08:40:00,0.22733612273361226,0.05179282868525892,-0.24527177959791513,-0.2672737011247991,0.6136551020141079,0.00011135857461024499,0.5,-0.6054797124830275,0.552445784136528,0.5067397268195513,0.41102462798280937,0.11132023895056782,0.10149071321876368
2021-02-15 08:50:00,0.16875871687587168,0.05976095617529875,-0.24288905435591968,-0.2683449384038563,0.6136551020141079,0.00011135857461024499,0.5,-0.6054797124830275,0.552445784136528,0.5067397268195513,0.41102462798280937,0.11132023895056782,0.06830423827270396
2021-02-15 09:00:00,0.15760111576011157,-0.05179282868525903,-0.24199553239017135,-0.26798785931083735,0.6136551020141079,0.00011135857461024499,0.5,-0.6119980735255517,0.5582560120917132,0.4706467786612918,0.3893328659995993,0.1053698390577459,0.053615884846930306
2021-02-15 09:10:00,0.1492329149232915,-0.21912350597609564,-0.24497393894266584,-0.26798785931083735,0.6136551020141079,0.00011135857461024499,0.5,-0.6119980735255517,0.5582560120917132,0.4706467786612918,0.3893328659995993,0.1053698390577459,0.05105843656170316
2021-02-15 09:20:00,0.1596931659693166,-0.6414342629482073,-0.243782576321668,-0.27298696661310484,0.6136551020141079,0.00011135857461024499,0.5,-0.6119980735255517,0.5582560120917132,0.4706467786612918,0.3893328659995993,0.1053698390577459,0.0535630761802737
2021-02-15 09:30:00,0.14435146443514643,-0.2589641434262948,-0.24199553239017135,-0.2740582038921622,0.6031592310007722,0.00011135857461024499,0.5,-0.6119980735255517,0.5582560120917132,0.4706467786612918,0.3893328659995993,0.1053698390577459,0.05035683570469394
2021-02-15 09:40:00,0.12831241283124128,0.49800796812749004,-0.24110201042442314,-0.2690590965898947,0.5972569394458913,0.00011135857461024499,0.5,-0.6119980735255517,0.5582560120917132,0.4706467786612918,0.3893328659995993,0.1053698390577459,0.04174147894443019
2021-02-15 09:50:00,0.1311018131101813,0.6254980079681274,-0.23812360387192866,-0.2654883056597036,0.5972569394458913,0.00011135857461024499,0.5,-0.6119980735255517,0.5582560120917132,0.4706467786612918,0.3893328659995993,0.1053698390577459,0.04378592875356459
2021-02-15 10:00:00,0.11854951185495119,0.5776892430278884,-0.23276247207743872,-0.2640599892876272,0.5972569394458913,0.00011135857461024499,0.5,-0.33919651740380885,0.5680230570074737,0.22994355376544742,0.2887415866131154,0.10513246337891351,0.030546041613229328
2021-02-15 10:10:00,0.12343096234309624,0.22709163346613526,-0.20685033507073725,-0.21799678628816288,0.5972569394458913,0.00011135857461024499,0.5,-0.33919651740380885,0.5680230570074737,0.22994355376544742,0.2887415866131154,0.10513246337891351,0.02151575961494938
2021-02-15 10:20:00,0.1206415620641562,0.01195219123505975,-0.1746835443037975,-0.14051062310301732,0.5972569394458913,0.00011135857461024499,0.5,-0.33919651740380885,0.5680230570074737,0.22994355376544742,0.2887415866131154,0.10513246337891351,0.021395054091162848
2021-02-15 10:30:00,0.1094839609483961,-0.19521912350597614,-0.15234549516008944,-0.0862346009641134,0.5972569394458913,0.00011135857461024499,0.5,-0.33919651740380885,0.5680230570074737,0.22994355376544742,0.2887415866131154,0.10513246337891351,0.013556739140274906
2021-02-15 10:40:00,0.09762900976290097,0.15537848605577675,-0.13447505584512298,-0.034815211569362514,0.5972569394458913,0.00011135857461024499,0.5,-0.33919651740380885,0.5680230570074737,0.22994355376544742,0.2887415866131154,0.10513246337891351,0.0
2021-02-15 10:50:00,0.09762900976290097,0.17928286852589648,-0.12226358897989587,0.0016068559185860032,0.5972569394458913,0.0006681514476614699,0.5,-0.33919651740380885,0.5680230570074737,0.22994355376544742,0.2887415866131154,0.10513246337891351,0.0
2021-02-15 11:00:00,0.10669456066945607,0.05378486055776888,-0.11898734177215198,-0.02660239242992324,0.5972569394458913,0.95913140311804,0.5,-0.2702266309077077,0.5774079257026447,0.20262791835757452,0.1630881942663067,0.1353857148433357,0.0
2021-02-15 11:10:00,0.10390516039051603,-0.07171314741035861,-0.12553983618763975,-0.03731476522049626,0.5972569394458913,0.9995545657015591,0.5,-0.2702266309077077,0.5774079257026447,0.20262791835757452,0.1630881942663067,0.1353857148433357,0.0
2021-02-15 11:20:00,0.09762900976290097,-0.1972111553784861,-0.12196574832464646,-0.04659882163899287,0.5972569394458913,0.9995545657015591,0.5,-0.2702266309077077,0.5774079257026447,0.20262791835757452,0.1630881942663067,0.1353857148433357,0.0
2021-02-15 11:30:00,0.09135285913528592,-0.3227091633466136,-0.11898734177215198,-0.050883770755222324,0.5972569394458913,0.9995545657015591,0.5,-0.2702266309077077,0.5774079257026447,0.20262791835757452,0.1630881942663067,0.1353857148433357,0.0
2021-02-15 11:40:00,0.08577405857740586,0.20318725099601576,-0.10498883097542833,-0.055882878057489815,0.5972569394458913,0.9995545657015591,0.5,-0.2702266309077077,0.5774079257026447,0.20262791835757452,0.1630881942663067,0.1353857148433357,0.0
2021-02-15 11:50:00,0.07531380753138076,0.2061384093256602,-0.08830975428145948,-0.05981074808069986,0.5972569394458913,0.9995545657015591,0.5,-0.2702266309077077,0.5774079257026447,0.20262791835757452,0.1630881942663067,0.1353857148433357,0.0
2021-02-15 12:00:00,0.0815899581589958,0.20908956765530462,-0.07401340282948643,-0.05374040349937503,0.5971522424781772,0.9995545657015591,0.5,-0.2509525142059147,0.5828790800185043,0.22749933834731015,0.04801447985369383,0.35487326343302605,0.0
2021-02-15 12:10:00,0.07112970711297072,0.21204072598494905,-0.06299329858525693,-0.0526691662203177,0.5971522424781772,0.9995545657015591,0.5,-0.2509525142059147,0.5828790800185043,0.22749933834731015,0.04801447985369383,0.35487326343302605,0.0
2021-02-15 12:20:00,0.07391910739191074,0.21499188431459326,-0.046612062546537714,-0.04981253347616499,0.5971522424781772,0.9995545657015591,0.5,-0.2509525142059147,0.5828790800185043,0.22749933834731015,0.04801447985369383,0.35487326343302605,0.0
2021-02-15 12:30:00,0.06206415620641562,0.2179430426442377,-0.03737900223380497,-0.04909837529012662,0.5971522424781772,0.9995545657015591,0.5,-0.2509525142059147,0.5828790800185043,0.22749933834731015,0.04801447985369383,0.35487326343302605,0.0
2021-02-15 12:40:00,0.04672245467224547,0.22089420097388213,-0.03529411764705892,-0.0448134261738975,0.5971522424781772,0.9995545657015591,0.5,-0.2509525142059147,0.5828790800185043,0.22749933834731015,0.04801447985369383,0.35487326343302605,0.0
2021-02-15 12:50:00,0.03417015341701534,0.22384535930352656,-0.030826507818317306,-0.041956793429744677,0.5971522424781772,0.9995545657015591,0.5,-0.2509525142059147,0.5828790800185043,0.22749933834731015,0.04801447985369383,0.35487326343302605,0.0
2021-02-15 13:00:00,0.018131101813110184,0.226796517633171,-0.023678332092330612,-0.039814318871630006,0.5971522424781772,0.9995545657015591,0.5,-0.07790894806690496,0.5777613668690568,0.13401665855690348,0.12931070354045943,0.6341748829192535,0.0
2021-02-15 13:10:00,0.022315202231520222,0.22974767596281542,-0.013849590469099171,-0.036957686127477296,0.5971522424781772,0.9995545657015591,0.5,-0.07790894806690496,0.5777613668690568,0.13401665855690348,0.12931070354045943,0.6341748829192535,0.0
2021-02-15 13:20:00,0.029288702928870293,0.23269883429245963,-0.0040208488458676195,-0.031244420639171433,0.5971522424781772,0.9995545657015591,0.5,-0.07790894806690496,0.5777613668690568,0.13401665855690348,0.12931070354045943,0.6341748829192535,0.0
2021-02-15 13:30:00,0.03277545327754532,0.23564999262210407,0.0034251675353684785,-0.024459917871808567,0.5971522424781772,0.9995545657015591,0.5,-0.07790894806690496,0.5777613668690568,0.13401665855690348,0.12931070354045943,0.6341748829192535,0.0
2021-02-15 13:40:00,0.039051603905160395,0.2386011509517485,0.0117647058823529,-0.017318336011426405,0.5971522424781772,0.9995545657015591,0.5,-0.07790894806690496,0.5777613668690568,0.13401665855690348,0.12931070354045943,0.6341748829192535,0.0
2021-02-15 13:50:00,0.07531380753138076,0.2415523092813927,0.02725241995532368,-0.01053383324406354,0.5971522424781772,0.9995545657015591,0.5,-0.07790894806690496,0.5777613668690568,0.13401665855690348,0.12931070354045943,0.6341748829192535,0.0
2021-02-15 14:00:00,0.055788005578800565,0.24450346761103736,0.037081161578555344,-0.00981967505802539,0.5971522424781772,0.9995545657015591,0.5,-0.06676137832309348,0.5687644214053168,0.13215312501069995,0.24259715272498478,0.6932516196303179,0.0
2021-02-15 14:10:00,0.061366806136680614,0.24745462594068157,0.038570364854802586,-0.004106409569719638,0.5971522424781772,0.9995545657015591,0.5,-0.06676137832309348,0.5687644214053168,0.13215312501069995,0.24259715272498478,0.6932516196303179,0.0
2021-02-15 14:20:00,0.06555090655509065,0.250405784270326,0.04571854058078917,-0.0026780931976432276,0.5971522424781772,0.9995545657015591,0.5,-0.06676137832309348,0.5687644214053168,0.13215312501069995,0.24259715272498478,0.6932516196303179,0.0
2021-02-15 14:30:00,0.1206415620641562,0.25335694259997044,0.04780342516753522,-0.0026780931976432276,0.5971522424781772,0.9995545657015591,0.5,-0.06676137832309348,0.5687644214053168,0.13215312501069995,0.24259715272498478,0.6932516196303179,0.0
2021-02-15 14:40:00,0.10739191073919108,0.25630810092961465,0.04988830975428127,-0.0026780931976432276,0.5971522424781772,0.9995545657015591,0.5,-0.06676137832309348,0.5687644214053168,0.13215312501069995,0.24259715272498478,0.6932516196303179,0.0
2021-02-15 14:50:00,0.12622036262203626,0.2592592592592593,0.05256887565152635,-0.0026780931976432276,0.5971522424781772,0.9995545657015591,0.5,-0.06676137832309348,0.5687644214053168,0.13215312501069995,0.24259715272498478,0.6932516196303179,0.0
2021-02-15 15:00:00,0.10390516039051603,0.2622104175889035,0.05763216679076688,-0.005177646848776973,0.5971522424781772,0.9995545657015591,0.5,-0.05720168246324586,0.5439143465505017,0.13380386445751394,0.34330802395660875,0.7203236502562824,0.0
2021-02-15 15:10:00,0.12482566248256625,0.26516157591854794,0.06537602382725227,-0.004106409569719638,0.5971522424781772,0.9995545657015591,0.5,-0.05720168246324586,0.5439143465505017,0.13380386445751394,0.34330802395660875,0.7203236502562824,0.0
2021-02-15 15:20:00,0.11645746164574616,0.2681127342481924,0.07163067758749042,-0.00910551687198713,0.5971522424781772,0.9995545657015591,0.5,-0.05720168246324586,0.5439143465505017,0.13380386445751394,0.34330802395660875,0.7203236502562824,0.0
2021-02-15 15:30:00,0.08437935843793584,0.2710638925778368,0.07282204020848826,-0.008391358685948758,0.5971522424781772,0.9995545657015591,0.5,-0.05720168246324586,0.5439143465505017,0.13380386445751394,0.34330802395660875,0.7203236502562824,0.0
2021-02-15 15:40:00,0.15829846582984658,0.274015050907481,0.07877885331347723,-0.005891805034815012,0.5971522424781772,0.9995545657015591,0.5,-0.05720168246324586,0.5439143465505017,0.13380386445751394,0.34330802395660875,0.7203236502562824,0.0
2021-02-15 15:50:00,0.1701534170153417,0.27696620923712545,0.07520476545048371,-0.009462595965006093,0.5485859365798119,0.9995545657015591,0.5,-0.05720168246324586,0.5439143465505017,0.13380386445751394,0.34330802395660875,0.7203236502562824,0.0
2021-02-15 16:00:00,0.19107391910739194,0.2799173675667699,0.07669396872673095,-0.001963935011604967,0.47939432804177406,0.9995545657015591,0.5,0.00982208461478673,0.5448884648872018,0.0806847252514946,0.4139825100492178,0.7258994049204139,0.0
2021-02-15 16:10:00,0.17154811715481172,0.2828685258964143,0.07788533134772879,0.017318336011426627,0.3773409587624819,0.6845211581291759,0.5,0.00982208461478673,0.5448884648872018,0.0806847252514946,0.4139825100492178,0.7258994049204139,0.0025499041899904942
2021-02-15 16:20:00,0.200836820083682,-0.33067729083665354,0.08026805658972425,0.015175861453311956,0.3591236863802332,0.00011135857461024499,0.5,0.00982208461478673,0.5448884648872018,0.0806847252514946,0.4139825100492178,0.7258994049204139,0.062419843988110506
2021-02-15 16:30:00,0.19665271966527195,0.43426294820717115,0.08413998510796716,0.021960364220674933,0.3759668110612346,0.00011135857461024499,0.5,0.00982208461478673,0.5448884648872018,0.0806847252514946,0.4139825100492178,0.7258994049204139,0.0617333313215746
2021-02-15 16:40:00,0.2601115760111576,-0.45019920318725104,0.0895011169024571,0.03017318336011443,0.36675347790239626,0.00011135857461024499,0.5,0.00982208461478673,0.5448884648872018,0.0806847252514946,0.4139825100492178,0.7258994049204139,0.10991746759811095
2021-02-15 16:50:00,0.2754532775453278,-0.03585657370517936,0.09128816083395375,0.0337439742903054,0.34704427373022206,0.00011135857461024499,0.5,0.00982208461478673,0.5448884648872018,0.0806847252514946,0.4139825100492178,0.7258994049204139,0.11860072121550463
2021-02-15 17:00:00,0.27405857740585776,-0.17928286852589637,0.09426656738644801,0.03802892340653452,0.34559160330318933,0.00011135857461024499,0.5,0.007020958747898209,0.5440781363593252,0.09319519217222066,0.46610353464516546,0.7214796409663146,0.13702340178342412
2021-02-15 17:10:00,0.3270571827057183,0.21912350597609564,0.10141474311243459,0.03302981610426703,0.34992344034235906,0.00011135857461024499,0.5,0.007020958747898209,0.5440781363593252,0.09319519217222066,0.46610353464516546,0.7214796409663146,0.17505318587141844
2021-02-15 17:20:00,0.3319386331938633,0.08366533864541825,0.10737155621742356,0.03302981610426703,0.34470167907761967,0.00011135857461024499,0.5,0.007020958747898209,0.5440781363593252,0.09319519217222066,0.46610353464516546,0.7214796409663146,0.19372482158214768
2021-02-15 17:30:00,0.32496513249651326,0.1394422310756971,0.09277736411020099,0.02660239242992324,0.3386423420711677,0.00011135857461024499,0.5,0.007020958747898209,0.5440781363593252,0.09319519217222066,0.46610353464516546,0.7214796409663146,0.20194788539010516
2021-02-15 17:40:00,0.3528591352859135,0.2589641434262948,0.04422933730454215,-0.02660239242992324,0.35381031526874407,0.00011135857461024499,0.5,0.007020958747898209,0.5440781363593252,0.09319519217222066,0.46610353464516546,0.7214796409663146,0.2328183230985108
2021-02-15 17:50:00,0.41352859135285913,-0.0916334661354582,0.02576321667907644,-0.04981253347616499,0.35565559932470453,0.00011135857461024499,0.5,0.007020958747898209,0.5440781363593252,0.09319519217222066,0.46610353464516546,0.7214796409663146,0.3124537924166755
2021-02-15 18:00:00,0.39609483960948394,0.20318725099601576,0.014743112434847383,-0.055882878057489815,0.353404614518852,0.00011135857461024499,0.5,-0.11061872315701682,0.5389604232098778,0.17483736405684472,0.44625702926677907,0.701591253498156,0.30223154337100355
2021-02-15 18:10:00,0.43165969316596936,-0.11553784860557781,0.006403574087862962,-0.06409569719692909,0.3603538757508736,0.00011135857461024499,0.5,-0.11061872315701682,0.5389604232098778,0.17483736405684472,0.44625702926677907,0.701591253498156,0.37260286373855184
2021-02-15 18:20:00,0.44072524407252445,-0.02788844621513953,-0.0013402829486225398,-0.07088019996429196,0.3571344439936658,0.00011135857461024499,0.5,-0.11061872315701682,0.5389604232098778,0.17483736405684472,0.44625702926677907,0.701591253498156,0.37737827602335655
2021-02-15 18:30:00,0.48535564853556484,0.2350597609561753,-0.0075949367088608,-0.07802178182467412,0.3584955045739488,0.00011135857461024499,0.5,-0.11061872315701682,0.5389604232098778,0.17483736405684472,0.44625702926677907,0.701591253498156,0.4747046486714849
2021-02-15 18:40:00,0.4344490934449094,0.2350597609561753,-0.01236038719285204,-0.08123549366184613,0.36325921660493915,0.00011135857461024499,0.5,-0.11061872315701682,0.5389604232098778,0.17483736405684472,0.44625702926677907,0.701591253498156,0.374519063928663
2021-02-15 18:50:00,0.3179916317991632,-0.08366533864541836,-0.0195085629188384,-0.08516336368505628,0.37188362932038577,0.00011135857461024499,0.5,-0.11061872315701682,0.5389604232098778,0.17483736405684472,0.44625702926677907,0.701591253498156,0.20505605262760837
2021-02-15 19:00:00,0.3458856345885635,0.05976095617529875,-0.02546537602382737,-0.09480449919657197,0.3723547656750991,0.00011135857461024499,0.5,-0.10013888226459478,0.5582215300266944,0.16675803624271565,0.3897807387253621,0.6989637749388911,0.22120796052929376
2021-02-15 19:10:00,0.27405857740585776,0.05179282868525892,-0.030826507818317306,-0.1037314765220495,0.3726295952153486,0.00011135857461024499,0.5,-0.10013888226459478,0.5582215300266944,0.16675803624271565,0.3897807387253621,0.6989637749388911,0.14588016959126093
2021-02-15 19:20:00,0.3451882845188285,0.5458167330677288,-0.03618763961280724,-0.11444384931262286,0.36927929224849826,0.00011135857461024499,0.5,-0.10013888226459478,0.5582215300266944,0.16675803624271565,0.3897807387253621,0.6989637749388911,0.22241501576715905
2021-02-15 19:30:00,0.25871687587168757,0.3067729083665336,-0.04214445271779621,-0.12122835207998572,0.36927929224849826,0.00011135857461024499,0.5,-0.10013888226459478,0.5582215300266944,0.16675803624271565,0.3897807387253621,0.6989637749388911,0.13426226292680718
2021-02-15 19:40:00,0.24407252440725244,0.17928286852589648,-0.04720774385703663,-0.12551330119621484,0.36927929224849826,0.00011135857461024499,0.5,-0.10013888226459478,0.5582215300266944,0.16675803624271565,0.3897807387253621,0.6989637749388911,0.1233233248336527
2021-02-15 19:50:00,0.3235704323570432,0.346613545816733,-0.05316455696202538,-0.13301196214961608,0.3744094436664878,0.00011135857461024499,0.5,-0.10013888226459478,0.5582215300266944,0.16675803624271565,0.3897807387253621,0.6989637749388911,0.19058647796369782
2021-02-15 20:00:00,0.33403068340306835,-0.17131474103585675,-0.05763216679076699,-0.1347973576147118,0.3831123791077201,0.00011135857461024499,0.5,-0.0943167336118762,0.5611496320476315,0.15621103239758463,0.35005566021271456,0.6972025258896503,0.19790425034325632
2021-02-15 20:10:00,0.2789400278940028,-0.4103585657370519,-0.0618019359642592,-0.13551151580074983,0.3831123791077201,0.00011135857461024499,0.5,-0.0943167336118762,0.5611496320476315,0.15621103239758463,0.35005566021271456,0.6972025258896503,0.14500505454380858
2021-02-15 20:20:00,0.2210599721059972,-0.05179282868525903,-0.06597170513775141,-0.14193893947509362,0.3696457316354976,0.00011135857461024499,0.5,-0.0943167336118762,0.5611496320476315,0.15621103239758463,0.35005566021271456,0.6972025258896503,0.10218476998053623
2021-02-15 20:30:00,0.2175732217573222,0.13147410358565725,-0.07073715562174243,-0.14765220496339948,0.36927929224849826,0.00011135857461024499,0.5,-0.0943167336118762,0.5611496320476315,0.15621103239758463,0.35005566021271456,0.6972025258896503,0.09706987341008193
2021-02-15 20:40:00,0.18758716875871687,-0.09960159362549814,-0.07222635889798967,-0.1490805213354759,0.36927929224849826,0.00011135857461024499,0.5,-0.0943167336118762,0.5611496320476315,0.15621103239758463,0.35005566021271456,0.6972025258896503,0.07588605398554552
2021-02-15 20:50:00,0.17364016736401675,-0.2509960159362551,-0.07580044676098296,-0.15265131226566697,0.36927929224849826,0.00011135857461024499,0.5,-0.0943167336118762,0.5611496320476315,0.15621103239758463,0.35005566021271456,0.6972025258896503,0.068258973701284
2021-02-15 21:00:00,0.17433751743375175,-0.33067729083665354,-0.07877885331347734,-0.15265131226566697,0.36927929224849826,0.00011135857461024499,0.5,-0.10610758439248846,0.5745430408009038,0.18181695979117266,0.32733813687799723,0.7028714754529783,0.06626733255880622
2021-02-15 21:10:00,0.199442119944212,-0.05179282868525903,-0.08116157855547301,-0.15265131226566697,0.36927929224849826,0.00011135857461024499,0.5,-0.10610758439248846,0.5745430408009038,0.18181695979117266,0.32733813687799723,0.7028714754529783,0.08412420598397635
2021-02-15 21:20:00,0.2482566248256625,0.40239043824701204,-0.08354430379746858,-0.15907873594001076,0.36927929224849826,0.00011135857461024499,0.5,-0.10610758439248846,0.5745430408009038,0.18181695979117266,0.32733813687799723,0.7028714754529783,0.12047920092943253
2021-02-15 21:30:00,0.19386331938633192,0.29083665338645415,-0.08711839166046176,-0.1615782895911445,0.36927929224849826,0.00011135857461024499,0.5,-0.10610758439248846,0.5745430408009038,0.18181695979117266,0.32733813687799723,0.7028714754529783,0.08275118065090453
2021-02-15 21:40:00,0.16736401673640167,0.40239043824701204,-0.09218168279970229,-0.16300660596322092,0.36927929224849826,0.00011135857461024499,0.5,-0.10610758439248846,0.5745430408009038,0.18181695979117266,0.32733813687799723,0.7028714754529783,0.06535449703517057
2021-02-15 21:50:00,0.2398884239888424,0.4581673306772909,-0.09307520476545061,-0.16336368505623988,0.3743570951826308,0.00011135857461024499,0.5,-0.10610758439248846,0.5745430408009038,0.18181695979117266,0.32733813687799723,0.7028714754529783,0.1045234395039003
2021-02-15 22:00:00,0.24198047419804744,0.10756972111553775,-0.09605361131794499,-0.16907695054454563,0.38323016319639847,0.00011135857461024499,0.5,-0.2086494233417595,0.5775659685006352,0.2778502520494114,0.2865051522069977,0.7277890830251661,0.10155106598065695
2021-02-15 22:10:00,0.22873082287308227,0.5697211155378485,-0.09784065524944163,-0.17086234600964112,0.3846566593815027,0.00011135857461024499,0.5,-0.2086494233417595,0.5775659685006352,0.2778502520494114,0.2865051522069977,0.7277890830251661,0.08573109826938456
2021-02-15 22:20:00,0.19595536959553697,0.003984063745019917,-0.10409530900967989,-0.1740760578468129,0.3970894242975488,0.00011135857461024499,0.5,-0.2086494233417595,0.5775659685006352,0.2778502520494114,0.2865051522069977,0.7277890830251661,0.07392458922401436
2021-02-15 22:30:00,0.22454672245467225,0.09960159362549792,-0.1079672375279227,-0.17514729512587035,0.3971286856604416,0.00011135857461024499,0.5,-0.2086494233417595,0.5775659685006352,0.2778502520494114,0.2865051522069977,0.7277890830251661,0.09282254779184333
2021-02-15 22:40:00,0.19665271966527195,0.13147410358565725,-0.11094564408041707,-0.18121763970719518,0.3971286856604416,0.00011135857461024499,0.5,-0.2086494233417595,0.5775659685006352,0.2778502520494114,0.2865051522069977,0.7277890830251661,0.06965463132006579
2021-02-15 22:50:00,0.12343096234309624,0.4183266932270917,-0.11511541325390917,-0.17871808605606143,0.3971286856604416,0.00011135857461024499,0.5,-0.2086494233417595,0.5775659685006352,0.2778502520494114,0.2865051522069977,0.7277890830251661,0.029074943042080963
2021-02-15 23:00:00,0.12831241283124128,0.22709163346613526,-0.11690245718540593,-0.17086234600964112,0.4105822460116999,0.00011135857461024499,0.5,-0.3082272399351216,0.5812699169844299,0.36055259000727535,0.24700318282304418,0.7999653071937116,0.02381670866213015
2021-02-15 23:10:00,0.11854951185495119,0.17131474103585642,-0.08592702903946403,-0.11194429566148911,0.41353993534962247,0.00011135857461024499,0.5,-0.3082272399351216,0.5812699169844299,0.36055259000727535,0.24700318282304418,0.7999653071937116,0.01136140742640735
2021-02-15 23:20:00,0.11576011157601115,0.3545816733067728,-0.06656738644825033,-0.049455454383145914,0.41353993534962247,0.00011135857461024499,0.5,-0.3082272399351216,0.5812699169844299,0.36055259000727535,0.24700318282304418,0.7999653071937116,0.012153537426256468
2021-02-15 23:30:00,0.1206415620641562,0.4820717131474104,-0.054951600893522135,-0.0026780931976432276,0.4147046891154415,0.00011135857461024499,0.5,-0.3082272399351216,0.5812699169844299,0.36055259000727535,0.24700318282304418,0.7999653071937116,0.010252425426618585
2021-02-15 23:40:00,0.10808926080892609,0.2111553784860556,-0.04631422189128831,0.03624352794143926,0.43004279488555314,0.00011135857461024499,0.5,-0.3082272399351216,0.5812699169844299,0.36055259000727535,0.24700318282304418,0.7999653071937116,0.0087134299983403
2021-02-15 23:50:00,0.1708507670850767,0.6653386454183265,-0.04005956813105005,0.06623817175504376,0.43004279488555314,0.00011135857461024499,0.5,-0.3082272399351216,0.5812699169844299,0.36055259000727535,0.24700318282304418,0.7999653071937116,0.040624952849404775
2021-02-16 00:00:00,0.15411436541143653,0.689243027888446,-0.028145941921072448,0.07230851633636859,0.4324639122639411,0.00011135857461024499,0.5,-0.3175019336453627,0.579985460062586,0.3827635764981472,0.2468586564217433,0.8978680865426272,0.030553585708465985
2021-02-16 00:10:00,0.1094839609483961,0.043824701195219085,-0.023082650781831915,0.08587752187109432,0.44641478321184125,0.00044543429844097997,0.5,-0.3175019336453627,0.579985460062586,0.3827635764981472,0.2468586564217433,0.8978680865426272,0.004541545332468277
2021-02-16 00:20:00,0.05439330543933055,0.2111553784860556,-0.05256887565152657,0.06373861810391013,0.4614257109578464,0.5397550111358574,0.5,-0.3175019336453627,0.579985460062586,0.3827635764981472,0.2468586564217433,0.8978680865426272,0.0
2021-02-16 00:30:00,0.05230125523012552,0.21562871321730603,-0.06567386448250201,0.018746652383502926,0.4628652942639149,0.9995545657015591,0.5,-0.3175019336453627,0.579985460062586,0.3827635764981472,0.2468586564217433,0.8978680865426272,0.0
2021-02-16 00:40:00,0.06555090655509065,0.22010204794855648,-0.06478034251675369,0.02088912694161782,0.4628652942639149,0.9995545657015591,0.5,-0.3175019336453627,0.579985460062586,0.3827635764981472,0.2468586564217433,0.8978680865426272,0.0
2021-02-16 00:50:00,0.09693165969316596,0.22457538267980692,-0.07073715562174243,0.009462595965006315,0.4628652942639149,0.9995545657015591,0.5,-0.3175019336453627,0.579985460062586,0.3827635764981472,0.2468586564217433,0.8978680865426272,0.0
2021-02-16 01:00:00,0.09623430962343095,0.22904871741105737,-0.07222635889798967,-0.00910551687198713,0.4628652942639149,0.9995545657015591,0.5,-0.40375909330293314,0.5781722781438322,0.44650124271500413,0.25996794055805483,0.9640150468842786,0.0
2021-02-16 01:10:00,0.099721059972106,0.2335220521423078,-0.07401340282948643,-0.02624531333690394,0.4628652942639149,0.9995545657015591,0.5,-0.40375909330293314,0.5781722781438322,0.44650124271500413,0.25996794055805483,0.9640150468842786,0.0
2021-02-16 01:20:00,0.056485355648535567,0.23799538687355826,-0.07818317200297853,-0.04088555615068734,0.4628652942639149,0.9995545657015591,0.5,-0.40375909330293314,0.5781722781438322,0.44650124271500413,0.25996794055805483,0.9640150468842786,0.0
2021-02-16 01:30:00,0.030683403068340307,0.2424687216048087,-0.07997021593447506,-0.05302624531333677,0.4628652942639149,0.9995545657015591,0.5,-0.40375909330293314,0.5781722781438322,0.44650124271500413,0.25996794055805483,0.9640150468842786,0.0
2021-02-16 01:40:00,0.013947001394700141,0.24694205633605915,-0.08741623231571116,-0.06195322263881431,0.4628652942639149,0.9995545657015591,0.5,-0.40375909330293314,0.5781722781438322,0.44650124271500413,0.25996794055805483,0.9640150468842786,0.0
2021-02-16 01:50:00,0.04393305439330544,0.2514153910673096,-0.09843633655994066,-0.07302267452240663,0.4628652942639149,0.9995545657015591,0.5,-0.40375909330293314,0.5781722781438322,0.44650124271500413,0.25996794055805483,0.9640150468842786,0.0
2021-02-16 02:00:00,0.03347280334728033,0.25588872579856003,-0.10201042442293384,-0.08087841456882694,0.4628652942639149,0.9995545657015591,0.5,-0.41640491717927597,0.5865571669535381,0.4596140767227984,0.2666537738315951,0.010359968171341598,0.0
2021-02-16 02:10:00,0.044630404463040445,0.2603620605298105,-0.10498883097542833,-0.08980539189430448,0.4628652942639149,0.9995545657015591,0.5,-0.41640491717927597,0.5865571669535381,0.4596140767227984,0.2666537738315951,0.010359968171341598,0.0
2021-02-16 02:20:00,0.03626220362622037,0.2648353952610609,-0.1079672375279227,-0.09766113194072468,0.4628652942639149,0.9995545657015591,0.5,-0.41640491717927597,0.5865571669535381,0.4596140767227984,0.2666537738315951,0.010359968171341598,0.0
2021-02-16 02:30:00,0.04741980474198048,0.26930872999231137,-0.11332836932241275,-0.10515979289412591,0.4628652942639149,0.9995545657015591,0.5,-0.41640491717927597,0.5865571669535381,0.4596140767227984,0.2666537738315951,0.010359968171341598,0.0
2021-02-16 02:40:00,0.03138075313807531,0.2737820647235618,-0.11988086373790041,-0.11265845384752715,0.4628652942639149,0.9995545657015591,0.5,-0.41640491717927597,0.5865571669535381,0.4596140767227984,0.2666537738315951,0.010359968171341598,0.0
2021-02-16 02:50:00,0.06345885634588563,0.27825539945481204,-0.12285927029039478,-0.12015711480092839,0.4628652942639149,0.9995545657015591,0.5,-0.41640491717927597,0.5865571669535381,0.4596140767227984,0.2666537738315951,0.010359968171341598,0.0
2021-02-16 03:00:00,0.061366806136680614,0.2827287341860625,-0.1279225614296352,-0.12658453847527218,0.4628652942639149,0.9995545657015591,0.5,-0.4176548575606285,0.5869278491524617,0.44775720979507216,0.24859797280572102,0.042468515817303695,0.0
2021-02-16 03:10:00,0.06276150627615062,0.2872020689173129,-0.12881608339538353,-0.13336904124263516,0.4628652942639149,0.9995545657015591,0.5,-0.4176548575606285,0.5869278491524617,0.44775720979507216,0.24859797280572102,0.042468515817303695,0.0
2021-02-16 03:20:00,0.09135285913528592,0.29167540364856337,-0.13030528667163077,-0.13979646491697895,0.4628652942639149,0.9995545657015591,0.5,-0.4176548575606285,0.5869278491524617,0.44775720979507216,0.24859797280572102,0.042468515817303695,0.0
2021-02-16 03:30:00,0.07112970711297072,0.29614873837981404,-0.1386448250186152,-0.14765220496339948,0.4628652942639149,0.9995545657015591,0.5,-0.4176548575606285,0.5869278491524617,0.44775720979507216,0.24859797280572102,0.042468515817303695,0.0
2021-02-16 03:40:00,0.08577405857740586,0.3006220731110645,-0.15174981384959063,-0.15586502410283876,0.4628652942639149,0.9995545657015591,0.5,-0.4176548575606285,0.5869278491524617,0.44775720979507216,0.24859797280572102,0.042468515817303695,0.0
2021-02-16 03:50:00,0.0899581589958159,0.3050954078423149,-0.15294117647058836,-0.16514908052133537,0.4628652942639149,0.9995545657015591,0.5,-0.4176548575606285,0.5869278491524617,0.44775720979507216,0.24859797280572102,0.042468515817303695,0.0
2021-02-16 04:00:00,0.04184100418410042,0.30956874257356537,-0.1618763961280716,-0.17336189966077487,0.4628652942639149,0.9995545657015591,0.5,-0.4663775509693575,0.5873272664055628,0.45480135391830917,0.21915678944511494,0.057746138248868775,0.0
2021-02-16 04:10:00,0.07461645746164575,0.3140420773048158,-0.1705137751303054,-0.17871808605606143,0.4628652942639149,0.9995545657015591,0.5,-0.4663775509693575,0.5873272664055628,0.45480135391830917,0.21915678944511494,0.057746138248868775,0.0
2021-02-16 04:20:00,0.10320781032078104,0.31851541203606626,-0.16723752792256152,-0.18693090519550082,0.4628652942639149,0.9995545657015591,0.5,-0.4663775509693575,0.5873272664055628,0.45480135391830917,0.21915678944511494,0.057746138248868775,0.0
2021-02-16 04:30:00,0.12761506276150628,0.3229887467673167,-0.1657483246463144,-0.19585788252097835,0.4628652942639149,0.9995545657015591,0.5,-0.4663775509693575,0.5873272664055628,0.45480135391830917,0.21915678944511494,0.057746138248868775,0.0
2021-02-16 04:40:00,0.11820082984658299,0.32746208149856715,-0.16366344005956823,-0.20424924120692733,0.4628652942639149,0.9995545657015591,0.5,-0.4663775509693575,0.5873272664055628,0.45480135391830917,0.21915678944511494,0.057746138248868775,0.0
2021-02-16 04:50:00,0.1087866108786611,0.3319354162298176,-0.16157855547282218,-0.2126405998928762,0.4628652942639149,0.9995545657015591,0.5,-0.4663775509693575,0.5873272664055628,0.45480135391830917,0.21915678944511494,0.057746138248868775,0.0
2021-02-16 05:00:00,0.08716875871687588,0.33640875096106804,-0.1624720774385705,-0.21871094447420092,0.4628652942639149,0.9995545657015591,0.5,-0.45363807161775493,0.5880111606950426,0.4310730364386435,0.19259990499189142,0.05036388337523048,0.0
2021-02-16 05:10:00,0.11227336122733612,0.3408820856923185,-0.16455696202531667,-0.2208534190323156,0.4628652942639149,0.9995545657015591,0.5,-0.45363807161775493,0.5880111606950426,0.4310730364386435,0.19259990499189142,0.05036388337523048,0.0
2021-02-16 05:20:00,0.09274755927475593,0.3453554204235689,-0.16693968726731212,-0.2240671308694876,0.4628652942639149,0.9995545657015591,0.5,-0.45363807161775493,0.5880111606950426,0.4310730364386435,0.19259990499189142,0.05036388337523048,0.0
2021-02-16 05:30:00,0.0801952580195258,0.34982875515481937,-0.1705137751303054,-0.22620960542760216,0.4628652942639149,0.9995545657015591,0.5,-0.45363807161775493,0.5880111606950426,0.4310730364386435,0.19259990499189142,0.05036388337523048,0.0
2021-02-16 05:40:00,0.10320781032078104,0.3543020898860698,-0.1705137751303054,-0.23120871272986965,0.4628652942639149,0.9995545657015591,0.5,-0.45363807161775493,0.5880111606950426,0.4310730364386435,0.19259990499189142,0.05036388337523048,0.0
2021-02-16 05:50:00,0.10251046025104603,0.35877542461732026,-0.16932241250930757,-0.23406534547402247,0.4628652942639149,0.9995545657015591,0.5,-0.45363807161775493,0.5880111606950426,0.4310730364386435,0.19259990499189142,0.05036388337523048,0.0
2021-02-16 06:00:00,0.0815899581589958,0.3632487593485707,-0.16813104988830985,-0.2397786109623281,0.4628652942639149,0.9995545657015591,0.5,-0.4760196956663998,0.585287077558785,0.4647884734077758,0.27080170686320026,0.05658937394348017,0.0
2021-02-16 06:10:00,0.07322175732217574,0.36772209407982115,-0.17200297840655265,-0.24549187645063375,0.4628652942639149,0.9995545657015591,0.5,-0.4760196956663998,0.585287077558785,0.4647884734077758,0.27080170686320026,0.05658937394348017,0.0
2021-02-16 06:20:00,0.058577405857740586,0.37219542881107137,-0.17676842889054356,-0.2512051419389395,0.4628652942639149,0.9995545657015591,0.5,-0.4760196956663998,0.585287077558785,0.4647884734077758,0.27080170686320026,0.05658937394348017,0.0
2021-02-16 06:30:00,0.06345885634588563,0.3766687635423218,-0.17944899478778864,-0.2544188537761113,0.4628652942639149,0.9995545657015591,0.5,-0.4760196956663998,0.585287077558785,0.4647884734077758,0.27080170686320026,0.05658937394348017,0.0
2021-02-16 06:40:00,0.07461645746164575,0.38114209827357226,-0.17974683544303804,-0.25870380289234074,0.4628652942639149,0.9995545657015591,0.5,-0.4760196956663998,0.585287077558785,0.4647884734077758,0.27080170686320026,0.05658937394348017,0.0
2021-02-16 06:50:00,0.10111576011157601,0.3856154330048227,-0.1821295606850335,-0.26334583110158893,0.4628652942639149,0.9995545657015591,0.5,-0.4760196956663998,0.585287077558785,0.4647884734077758,0.27080170686320026,0.05658937394348017,0.0
2021-02-16 07:00:00,0.11157601115760113,0.39008876773607315,-0.1818317200297842,-0.2640599892876272,0.4628652942639149,0.9995545657015591,0.5,-0.4944887021412351,0.6052952957842819,0.4686594745304612,0.30770022108617495,0.06331734553943505,0.0
2021-02-16 07:10:00,0.11366806136680613,0.3945621024673236,-0.1782576321667909,-0.2672737011247991,0.4628652942639149,0.9995545657015591,0.5,-0.4944887021412351,0.6052952957842819,0.4686594745304612,0.30770022108617495,0.06331734553943505,0.0
2021-02-16 07:20:00,0.11366806136680613,0.39903543719857404,-0.17647058823529427,-0.273701124799143,0.4628652942639149,0.9995545657015591,0.5,-0.4944887021412351,0.6052952957842819,0.4686594745304612,0.30770022108617495,0.06331734553943505,0.0
2021-02-16 07:30:00,0.09274755927475593,0.4035087719298245,-0.17944899478778864,-0.2769148366363149,0.4628652942639149,0.9995545657015591,0.5,-0.4944887021412351,0.6052952957842819,0.4686594745304612,0.30770022108617495,0.06331734553943505,0.0
2021-02-16 07:40:00,0.07670850767085077,0.40798210666107493,-0.18004467609828745,-0.2819139439385824,0.4628652942639149,0.9995545657015591,0.5,-0.4944887021412351,0.6052952957842819,0.4686594745304612,0.30770022108617495,0.06331734553943505,0.0
2021-02-16 07:50:00,0.08926080892608089,0.4124554413923254,-0.18034251675353707,-0.2847705766827352,0.4628652942639149,0.9995545657015591,0.5,-0.4944887021412351,0.6052952957842819,0.4686594745304612,0.30770022108617495,0.06331734553943505,0.0
2021-02-16 08:00:00,0.09483960948396096,0.4169287761235758,-0.18034251675353707,-0.28691305124084987,0.4628652942639149,0.9995545657015591,0.5,-0.5208104267094209,0.5992207053306418,0.5019076014541523,0.33383670783762875,0.0769155985995102,0.0
2021-02-16 08:10:00,0.05718270571827057,0.42140211085482626,-0.18272524199553253,-0.2883413676129263,0.4628652942639149,0.9995545657015591,0.5,-0.5208104267094209,0.5992207053306418,0.5019076014541523,0.33383670783762875,0.0769155985995102,0.0
2021-02-16 08:20:00,0.04184100418410042,0.4258754455860765,-0.19285182427401348,-0.2894126048919836,0.4628652942639149,0.9995545657015591,0.5,-0.5208104267094209,0.5992207053306418,0.5019076014541523,0.33383670783762875,0.0769155985995102,0.0
2021-02-16 08:30:00,0.03626220362622037,0.43034878031732693,-0.2083395383469845,-0.29691126584538485,0.4628652942639149,0.9995545657015591,0.5,-0.5208104267094209,0.5992207053306418,0.5019076014541523,0.33383670783762875,0.0769155985995102,0.0
2021-02-16 08:40:00,0.027196652719665274,0.4348221150485774,-0.21906180193596436,-0.3040528477057667,0.4628652942639149,0.9995545657015591,0.5,-0.5208104267094209,0.5992207053306418,0.5019076014541523,0.33383670783762875,0.0769155985995102,0.0
2021-02-16 08:50:00,0.006973500697350071,0.4392954497798278,-0.22144452717795982,-0.3104802713801106,0.4628652942639149,0.9995545657015591,0.5,-0.5208104267094209,0.5992207053306418,0.5019076014541523,0.33383670783762875,0.0769155985995102,0.0
2021-02-16 09:00:00,0.016736401673640166,0.44376878451107826,-0.21757259865971712,-0.3133369041242635,0.4628652942639149,0.9995545657015591,0.5,-0.5286295915947546,0.616723226831647,0.5063810964780294,0.3279703426949725,0.08567292422068765,0.0
2021-02-16 09:10:00,0.048814504881450484,0.4482421192423287,-0.20714817572598676,-0.3133369041242635,0.4628652942639149,0.9995545657015591,0.5,-0.5286295915947546,0.616723226831647,0.5063810964780294,0.3279703426949725,0.08567292422068765,0.0
2021-02-16 09:20:00,0.038354253835425386,0.45271545397357915,-0.19523454951600916,-0.3101231922870915,0.4628652942639149,0.9995545657015591,0.5,-0.5286295915947546,0.616723226831647,0.5063810964780294,0.3279703426949725,0.08567292422068765,0.0
2021-02-16 09:30:00,0.03277545327754532,0.4571887887048296,-0.18838421444527187,-0.3054811640778432,0.4628652942639149,0.9995545657015591,0.5,-0.5286295915947546,0.616723226831647,0.5063810964780294,0.3279703426949725,0.08567292422068765,0.0
2021-02-16 09:40:00,0.04184100418410042,0.46166212343608004,-0.17974683544303804,-0.3022674522406713,0.4628652942639149,0.9995545657015591,0.5,-0.5286295915947546,0.616723226831647,0.5063810964780294,0.3279703426949725,0.08567292422068765,0.0
2021-02-16 09:50:00,0.058577405857740586,0.4661354581673305,-0.17349218168279978,-0.2961971076593465,0.4628652942639149,0.9995545657015591,0.5,-0.5286295915947546,0.616723226831647,0.5063810964780294,0.3279703426949725,0.08567292422068765,0.0
2021-02-16 10:00:00,0.058577405857740586,0.42919232162260057,-0.17170513775130314,-0.29476879128727007,0.4628652942639149,0.9995545657015591,0.5,-0.2425897940213254,0.6284183938828837,0.2986139089477129,0.2077578187717644,0.10219882584335925,0.0
2021-02-16 10:10:00,0.056485355648535567,0.3922491850778702,-0.1657483246463144,-0.28905552579896443,0.4628652942639149,0.9995545657015591,0.5,-0.2425897940213254,0.6284183938828837,0.2986139089477129,0.2077578187717644,0.10219882584335925,0.0
2021-02-16 10:20:00,0.048814504881450484,0.3553060485331401,-0.15889798957557721,-0.28584181396179253,0.4628652942639149,0.9995545657015591,0.5,-0.2425897940213254,0.6284183938828837,0.2986139089477129,0.2077578187717644,0.10219882584335925,0.0
2021-02-16 10:30:00,0.04393305439330544,0.31836291198840994,-0.1544303797468355,-0.2819139439385824,0.4628652942639149,0.9995545657015591,0.5,-0.2425897940213254,0.6284183938828837,0.2986139089477129,0.2077578187717644,0.10219882584335925,0.0
2021-02-16 10:40:00,0.07182705718270573,0.2814197754436798,-0.14817572598659734,-0.2765577575432959,0.4628652942639149,0.9995545657015591,0.5,-0.2425897940213254,0.6284183938828837,0.2986139089477129,0.2077578187717644,0.10219882584335925,0.0
2021-02-16 10:50:00,0.048814504881450484,0.24447663889894944,-0.14072970960536124,-0.27298696661310484,0.4628652942639149,0.9995545657015591,0.5,-0.2425897940213254,0.6284183938828837,0.2986139089477129,0.2077578187717644,0.10219882584335925,0.0
2021-02-16 11:00:00,0.04602510460251046,0.2075335023542193,-0.1350707371556218,-0.26584538475272257,0.4628652942639149,0.9995545657015591,0.5,-0.22683746339081523,0.6325073920926887,0.2940063713951976,0.08201930357503655,0.1790829743460238,0.0
2021-02-16 11:10:00,0.026499302649930265,0.17059036580948939,-0.12941176470588256,-0.25834672379932155,0.4628652942639149,0.9995545657015591,0.5,-0.22683746339081523,0.6325073920926887,0.2940063713951976,0.08201930357503655,0.1790829743460238,0.0
2021-02-16 11:20:00,0.04602510460251046,0.13364722926475903,-0.12434847356664191,-0.2494197464738439,0.4628652942639149,0.9995545657015591,0.5,-0.22683746339081523,0.6325073920926887,0.2940063713951976,0.08201930357503655,0.1790829743460238,0.0
2021-02-16 11:30:00,0.03695955369595537,0.09670409272002867,-0.11809381980640365,-0.23906445277628985,0.4628652942639149,0.9995545657015591,0.5,-0.22683746339081523,0.6325073920926887,0.2940063713951976,0.08201930357503655,0.1790829743460238,0.0
2021-02-16 11:40:00,0.04672245467224547,0.05976095617529875,-0.10856291883842151,-0.22978039635779324,0.4628652942639149,0.9995545657015591,0.5,-0.22683746339081523,0.6325073920926887,0.2940063713951976,0.08201930357503655,0.1790829743460238,0.0
2021-02-16 11:50:00,0.048814504881450484,0.022817819630568614,-0.09843633655994066,-0.22049633993929663,0.4628652942639149,0.9995545657015591,0.5,-0.22683746339081523,0.6325073920926887,0.2940063713951976,0.08201930357503655,0.1790829743460238,0.0
2021-02-16 12:00:00,0.048117154811715475,-0.014125316914161745,-0.08890543559195851,-0.20978396714872327,0.4628652942639149,0.9995545657015591,0.5,-0.23423524534365858,0.6372659170648869,0.3091582496962485,0.07170091592166623,0.6230581839926648,0.0
2021-02-16 12:10:00,0.05718270571827057,-0.05106845345889166,-0.07877885331347734,-0.20049991073022666,0.4628652942639149,0.9995545657015591,0.5,-0.23423524534365858,0.6372659170648869,0.3091582496962485,0.07170091592166623,0.6230581839926648,0.0
2021-02-16 12:20:00,0.07322175732217574,-0.08801159000362191,-0.07014147431124362,-0.19228709159078738,0.4628652942639149,0.9995545657015591,0.5,-0.23423524534365858,0.6372659170648869,0.3091582496962485,0.07170091592166623,0.6230581839926648,0.0
2021-02-16 12:30:00,0.07322175732217574,-0.12495472654835216,-0.06209977661950872,-0.18264595607927148,0.4628652942639149,0.9995545657015591,0.5,-0.23423524534365858,0.6372659170648869,0.3091582496962485,0.07170091592166623,0.6230581839926648,0.0
2021-02-16 12:40:00,0.07391910739191074,-0.1618978630930823,-0.054355919583023216,-0.1726477414747366,0.4628652942639149,0.9995545657015591,0.5,-0.23423524534365858,0.6372659170648869,0.3091582496962485,0.07170091592166623,0.6230581839926648,0.0
2021-02-16 12:50:00,0.1094839609483961,-0.19884099963781243,-0.04512285927029036,-0.16300660596322092,0.4628652942639149,0.9995545657015591,0.5,-0.23423524534365858,0.6372659170648869,0.3091582496962485,0.07170091592166623,0.6230581839926648,0.0
2021-02-16 13:00:00,0.1589958158995816,-0.23578413618254268,-0.03827252419955329,-0.15729334047491517,0.4628652942639149,0.9995545657015591,0.5,-0.05752740873510753,0.627564962773739,0.21191971600737905,0.222166448234922,0.7032975519907562,0.0
2021-02-16 13:10:00,0.15271966527196654,-0.27272727272727293,-0.030528667163067902,-0.15265131226566697,0.4628652942639149,0.9995545657015591,0.5,-0.05752740873510753,0.627564962773739,0.21191971600737905,0.222166448234922,0.7032975519907562,0.0
2021-02-16 13:20:00,0.20292887029288703,-0.30967040927200296,-0.024571854058079046,-0.14729512587038018,0.45055031343654706,0.9995545657015591,0.5,-0.05752740873510753,0.627564962773739,0.21191971600737905,0.222166448234922,0.7032975519907562,0.0
2021-02-16 13:30:00,0.14644351464435149,-0.3466135458167332,-0.01653015636634425,-0.1358685948937688,0.3528811296802816,0.24665924276169265,0.5,-0.05752740873510753,0.627564962773739,0.21191971600737905,0.222166448234922,0.7032975519907562,0.0
2021-02-16 13:40:00,0.23570432357043236,0.17928286852589648,-0.008786299329858527,-0.12587038028923414,0.37105914069963747,0.14398663697104677,0.5,-0.05752740873510753,0.627564962773739,0.21191971600737905,0.222166448234922,0.7032975519907562,0.042360094753836175
2021-02-16 13:50:00,0.32217573221757323,0.019920318725099362,0.006701414743112366,-0.10980182110337433,0.36971116724031877,0.00011135857461024499,0.5,-0.05752740873510753,0.627564962773739,0.21191971600737905,0.222166448234922,0.7032975519907562,0.17984368634669642
2021-02-16 14:00:00,0.2510460251046025,-0.059760956175298974,0.023976172747579794,-0.08694875915015177,0.3822617162450433,0.00011135857461024499,0.5,-0.036893419869035715,0.6196225937984025,0.1896355577671939,0.36846118692240704,0.7292538297022205,0.10237337236145269
2021-02-16 14:10:00,0.2719665271966527,0.25099601593625476,0.033507073715562274,-0.0526691662203177,0.37571815576291373,0.00011135857461024499,0.5,-0.036893419869035715,0.6196225937984025,0.1896355577671939,0.36846118692240704,0.7292538297022205,0.13580880245032215
2021-02-16 14:20:00,0.3354253835425383,-0.23505976095617542,0.04601638123603857,-0.033386895197286104,0.3805473033987253,0.00011135857461024499,0.5,-0.036893419869035715,0.6196225937984025,0.1896355577671939,0.36846118692240704,0.7292538297022205,0.20369057138977323
2021-02-16 14:30:00,0.2873082287308229,-0.2749003984063746,0.05137751303052851,-0.01481878236029266,0.38018086401172607,0.00011135857461024499,0.5,-0.036893419869035715,0.6196225937984025,0.1896355577671939,0.36846118692240704,0.7292538297022205,0.14188179911583204
2021-02-16 14:40:00,0.32217573221757323,0.2669322709163344,0.06180193596425898,0.0026780931976433386,0.3712292732721728,0.00011135857461024499,0.5,-0.036893419869035715,0.6196225937984025,0.1896355577671939,0.36846118692240704,0.7292538297022205,0.1887079982497699
2021-02-16 14:50:00,0.34309623430962344,-0.03585657370517936,0.069843633655994,0.010890912337082836,0.3762809019643768,0.00011135857461024499,0.5,-0.036893419869035715,0.6196225937984025,0.1896355577671939,0.36846118692240704,0.7292538297022205,0.21296980853086292
2021-02-16 15:00:00,0.38284518828451886,0.01195219123505975,0.07490692479523453,0.02231744331369412,0.37824397010901567,0.00011135857461024499,0.5,-0.020005183070105237,0.5948932061711427,0.16412385326743564,0.48594971455436337,0.7460264615610772,0.27945591985153223
2021-02-16 15:10:00,0.3821478382147839,-0.20318725099601598,0.08592702903946359,0.03517229066238192,0.3726034209734201,0.00011135857461024499,0.5,-0.020005183070105237,0.5948932061711427,0.16412385326743564,0.48594971455436337,0.7460264615610772,0.2630550568070371
2021-02-16 15:20:00,0.3765690376569038,0.01195219123505975,0.09158600148920315,0.04695590073201217,0.3722631558283494,0.00011135857461024499,0.5,-0.020005183070105237,0.5948932061711427,0.16412385326743564,0.48594971455436337,0.7460264615610772,0.2657181224255775
2021-02-16 15:30:00,0.36610878661087864,-0.1872509960159363,0.0546537602382724,0.019103731476522112,0.37825705722997993,0.00011135857461024499,0.5,-0.020005183070105237,0.5948932061711427,0.16412385326743564,0.48594971455436337,0.7460264615610772,0.26654042880637324
2021-02-16 15:40:00,0.3417015341701534,0.12350597609561742,0.03410275502606086,-0.023745759685770196,0.365680333983327,0.00011135857461024499,0.5,-0.020005183070105237,0.5948932061711427,0.16412385326743564,0.48594971455436337,0.7460264615610772,0.23287867586040406
2021-02-16 15:50:00,0.3723849372384937,-0.10756972111553798,0.02784810126582271,-0.03910016068559197,0.3685856748373925,0.00011135857461024499,0.5,-0.020005183070105237,0.5948932061711427,0.16412385326743564,0.48594971455436337,0.7460264615610772,0.25499041899904945
2021-02-16 16:00:00,0.34239888423988846,-0.1633466135458168,0.026061057334326065,-0.03802892340653463,0.3748544057792726,0.00011135857461024499,0.5,0.042059613310951205,0.5906001890766583,0.1039620917076625,0.5285469953695555,0.7547610925509558,0.21683238529203194
2021-02-16 16:10:00,0.3326359832635983,0.13147410358565725,0.026954579300074277,-0.03731476522049626,0.37098061797385196,0.00011135857461024499,0.5,0.042059613310951205,0.5906001890766583,0.1039620917076625,0.5285469953695555,0.7547610925509558,0.20999743500761955
2021-02-16 16:20:00,0.2873082287308229,0.09960159362549792,0.02784810126582271,-0.04017139796464908,0.36825849681328604,0.00011135857461024499,0.5,0.042059613310951205,0.5906001890766583,0.1039620917076625,0.5285469953695555,0.7547610925509558,0.1643933793020203
2021-02-16 16:30:00,0.301255230125523,-0.21115537848605592,0.03172002978406541,-0.03945723977861093,0.3762416406014841,0.00011135857461024499,0.5,0.042059613310951205,0.5906001890766583,0.1039620917076625,0.5285469953695555,0.7547610925509558,0.15930111501727598
2021-02-16 16:40:00,0.3054393305439331,-0.06772908366533881,0.03320923306031265,-0.03874308159257267,0.3639397468950806,0.00011135857461024499,0.5,0.042059613310951205,0.5906001890766583,0.1039620917076625,0.5285469953695555,0.7547610925509558,0.1874632225357213
2021-02-16 16:50:00,0.25523012552301255,0.2669322709163344,0.034996276991809294,-0.04838421710408858,0.36608603473321905,0.00011135857461024499,0.5,0.042059613310951205,0.5906001890766583,0.1039620917076625,0.5285469953695555,0.7547610925509558,0.1338096172126077
2021-02-16 17:00:00,0.3054393305439331,0.25099601593625476,0.03886820551005199,-0.04909837529012662,0.38215701927732915,0.00011135857461024499,0.5,0.04805272990034437,0.5827555192855326,0.08941486314790446,0.534081879184569,0.7572567497946125,0.18744813434524799
2021-02-16 17:10:00,0.3814504881450488,-0.2270916334661356,0.04095309009679826,-0.042670951615782826,0.37611076939184146,0.00011135857461024499,0.5,0.04805272990034437,0.5827555192855326,0.08941486314790446,0.534081879184569,0.7572567497946125,0.28626823785023464
2021-02-16 17:20:00,0.3284518828451883,-0.059760956175298974,0.04095309009679826,-0.04017139796464908,0.378610409496015,0.00011135857461024499,0.5,0.04805272990034437,0.5827555192855326,0.08941486314790446,0.534081879184569,0.7572567497946125,0.20068802148558323
2021-02-16 17:30:00,0.36610878661087864,0.17131474103585642,0.04244229337304528,-0.03267273701124784,0.38461739801860984,0.00011135857461024499,0.5,0.04805272990034437,0.5827555192855326,0.08941486314790446,0.534081879184569,0.7572567497946125,0.2505394028094211
2021-02-16 17:40:00,0.31241283124128316,0.05179282868525892,0.04125093075204744,-0.03374397429030518,0.3795919435683344,0.00011135857461024499,0.5,0.04805272990034437,0.5827555192855326,0.08941486314790446,0.534081879184569,0.7572567497946125,0.1680824418727462
2021-02-16 17:50:00,0.396792189679219,-0.09960159362549814,0.04095309009679826,-0.04159971433672538,0.3777728337543023,0.00011135857461024499,0.5,0.04805272990034437,0.5827555192855326,0.08941486314790446,0.534081879184569,0.7572567497946125,0.3229476288908671
2021-02-16 18:00:00,0.42329149232914925,0.05976095617529875,0.036485480268056314,-0.04624174254597391,0.3838976063655757,0.00011135857461024499,0.5,-0.08018889855757905,0.5843416942762667,0.11760729140630141,0.4892088364363195,0.7274377576395389,0.3360668105074159
2021-02-16 18:10:00,0.36541143654114366,-0.11553784860557781,0.034996276991809294,-0.04338510980182109,0.38091374278572454,0.00011135857461024499,0.5,-0.08018889855757905,0.5843416942762667,0.11760729140630141,0.4892088364363195,0.7274377576395389,0.2564237970940145
2021-02-16 18:20:00,0.3668061366806137,-0.14741035856573714,0.034996276991809294,-0.04302803070880201,0.3730091217233121,0.00011135857461024499,0.5,-0.08018889855757905,0.5843416942762667,0.11760729140630141,0.4892088364363195,0.7274377576395389,0.258113674427026
2021-02-16 18:30:00,0.3821478382147839,0.2111553784860556,0.034996276991809294,-0.039814318871630006,0.3730614702071691,0.00011135857461024499,0.5,-0.08018889855757905,0.5843416942762667,0.11760729140630141,0.4892088364363195,0.7274377576395389,0.28217179413672916
2021-02-16 18:40:00,0.37866108786610875,0.3227091633466135,0.034996276991809294,-0.05159792894126036,0.3779822276897306,0.00011135857461024499,0.5,-0.08018889855757905,0.5843416942762667,0.11760729140630141,0.4892088364363195,0.7274377576395389,0.28303182099370827
2021-02-16 18:50:00,0.3396094839609484,-0.09960159362549814,0.032315711094564215,-0.055168719871451444,0.37539097773880725,0.00011135857461024499,0.5,-0.08018889855757905,0.5843416942762667,0.11760729140630141,0.4892088364363195,0.7274377576395389,0.22436139233821686
2021-02-16 19:00:00,0.31659693165969316,-0.15537848605577698,0.02993298585256876,-0.06052490626673801,0.37321851565874026,0.00011135857461024499,0.5,-0.09802172820367272,0.6044131296209555,0.11611760589645097,0.418355279004378,0.70333600862744,0.1903224346304148
2021-02-16 19:10:00,0.3800557880055788,-0.21115537848605592,0.025465376023827258,-0.06302445991787176,0.36455484158040075,0.00011135857461024499,0.5,-0.09802172820367272,0.6044131296209555,0.11611760589645097,0.418355279004378,0.70333600862744,0.2729151892813495
2021-02-16 19:20:00,0.36192468619246865,-0.20318725099601598,0.02159344750558434,-0.06266738082485268,0.3681930612084648,0.00011135857461024499,0.5,-0.09802172820367272,0.6044131296209555,0.11611760589645097,0.418355279004378,0.70333600862744,0.2423087949062269
2021-02-16 19:30:00,0.3319386331938633,0.05976095617529875,0.017721518987341645,-0.06838064631315821,0.36128306133933596,0.00011135857461024499,0.5,-0.09802172820367272,0.6044131296209555,0.11611760589645097,0.418355279004378,0.70333600862744,0.22417278995730042
2021-02-16 19:40:00,0.27615062761506276,0.593625498007968,0.014147431124348353,-0.07873594001071249,0.37379434898116765,0.00011135857461024499,0.5,-0.09802172820367272,0.6044131296209555,0.11611760589645097,0.418355279004378,0.70333600862744,0.13261765016521568
2021-02-16 19:50:00,0.29218967921896793,0.4661354581673305,0.008488458674609012,-0.08909123370826644,0.3750899739566293,0.00011135857461024499,0.5,-0.09802172820367272,0.6044131296209555,0.11611760589645097,0.418355279004378,0.70333600862744,0.1495164234953302
2021-02-16 20:00:00,0.28103207810320785,0.09960159362549792,0.00431868950111669,-0.09444742010355289,0.3750899739566293,0.00011135857461024499,0.5,-0.10869701820044753,0.6088728100296842,0.13471553119202614,0.401147632602027,0.6955345567684058,0.1481433981622584
2021-02-16 20:10:00,0.3884239888423989,0.22709163346613526,-0.0016381236038721658,-0.09658989466166767,0.37731478452055334,0.00011135857461024499,0.5,-0.10869701820044753,0.6088728100296842,0.13471553119202614,0.401147632602027,0.6955345567684058,0.28505363851713267
2021-02-16 20:20:00,0.30822873082287305,0.043824701195219085,-0.0037230081906179935,-0.09516157828959104,0.37579667848869924,0.00011135857461024499,0.5,-0.10869701820044753,0.6088728100296842,0.13471553119202614,0.401147632602027,0.6955345567684058,0.1958522564388853
2021-02-16 20:30:00,0.25174337517433754,-0.01195219123505975,-0.007892777364110204,-0.10194608105695413,0.3802201253746188,0.00011135857461024499,0.5,-0.10869701820044753,0.6088728100296842,0.13471553119202614,0.401147632602027,0.6955345567684058,0.12996967273714863
2021-02-16 20:40:00,0.25662482566248257,-0.38645418326693237,-0.014743112434847494,-0.1037314765220495,0.3750376254727723,0.00011135857461024499,0.5,-0.10869701820044753,0.6088728100296842,0.13471553119202614,0.401147632602027,0.6955345567684058,0.12544321559515367
2021-02-16 20:50:00,0.32217573221757323,0.33864541832669315,-0.021295606850335158,-0.1101589001963934,0.3750376254727723,0.00011135857461024499,0.5,-0.10869701820044753,0.6088728100296842,0.13471553119202614,0.401147632602027,0.6955345567684058,0.18566018377415996
2021-02-16 21:00:00,0.30264993026499304,0.49003984063745,-0.027848101265822822,-0.11765756114979464,0.3750376254727723,0.00011135857461024499,0.5,-0.11847454308768901,0.6327947426344881,0.15003023882777083,0.3736809894405523,0.7069708661718599,0.15890882206496973
2021-02-16 21:10:00,0.32147838214783825,0.2669322709163344,-0.034400595681310486,-0.1230137475450811,0.38300768214000597,0.00011135857461024499,0.5,-0.11847454308768901,0.6327947426344881,0.15003023882777083,0.3736809894405523,0.7069708661718599,0.18192585663201413
2021-02-16 21:20:00,0.33403068340306835,0.08366533864541825,-0.03648548026805687,-0.12051419389394735,0.38877910248524433,0.00011135857461024499,0.5,-0.11847454308768901,0.6327947426344881,0.15003023882777083,0.3736809894405523,0.7069708661718599,0.19767792748615656
2021-02-16 21:30:00,0.2482566248256625,0.2669322709163344,-0.03648548026805687,-0.1233708266381004,0.38877910248524433,0.00011135857461024499,0.5,-0.11847454308768901,0.6327947426344881,0.15003023882777083,0.3736809894405523,0.7069708661718599,0.11115469921692292
2021-02-16 21:40:00,0.19595536959553697,0.5219123505976095,-0.04005956813105005,-0.129441171219425,0.38877910248524433,0.00011135857461024499,0.5,-0.11847454308768901,0.6327947426344881,0.15003023882777083,0.3736809894405523,0.7069708661718599,0.07162364017683359
2021-02-16 21:50:00,0.12831241283124128,-0.05179282868525903,-0.04303797468354453,-0.12587038028923414,0.40433968931174835,0.00011135857461024499,0.5,-0.11847454308768901,0.6327947426344881,0.15003023882777083,0.3736809894405523,0.7069708661718599,0.031255186565475206
2021-02-16 22:00:00,0.1394700139470014,-0.23505976095617542,-0.04750558451228615,-0.12408498482413843,0.40526887490021074,0.00011135857461024499,0.5,-0.22845788989011173,0.640831937288619,0.21431980011050586,0.3189304269444946,0.7365433028721705,0.03490652866001781
2021-02-16 22:10:00,0.15690376569037656,0.15537848605577675,-0.05316455696202538,-0.12872701303338696,0.40526887490021074,0.00011135857461024499,0.5,-0.22845788989011173,0.640831937288619,0.21431980011050586,0.3189304269444946,0.7365433028721705,0.05348763522790712
2021-02-16 22:20:00,0.17364016736401675,0.394422310756972,-0.0615040953090098,-0.13693983217282624,0.41399798458337156,0.00011135857461024499,0.5,-0.22845788989011173,0.640831937288619,0.21431980011050586,0.3189304269444946,0.7365433028721705,0.05757653484617589
2021-02-16 22:30:00,0.1387726638772664,0.3306772908366533,-0.07460908413998513,-0.14658096768434214,0.42174556019421283,0.00011135857461024499,0.5,-0.22845788989011173,0.640831937288619,0.21431980011050586,0.3189304269444946,0.7365433028721705,0.03553268856466044
2021-02-16 22:40:00,0.14225941422594143,0.31474103585657365,-0.09069247952345505,-0.15515086591680072,0.42174556019421283,0.00011135857461024499,0.5,-0.22845788989011173,0.640831937288619,0.21431980011050586,0.3189304269444946,0.7365433028721705,0.03335998913650286
2021-02-16 22:50:00,0.09483960948396096,0.6414342629482073,-0.08652271034996295,-0.13872522763792183,0.42174556019421283,0.000556792873051225,0.5,-0.22845788989011173,0.640831937288619,0.21431980011050586,0.3189304269444946,0.7365433028721705,0.0010486292378954992
2021-02-16 23:00:00,0.10320781032078104,0.7290836653386452,-0.06269545793000753,-0.09873236921978212,0.43211055999790604,0.46670378619153674,0.5,-0.27988605250510057,0.6504265718793023,0.25131109952030023,0.2547772856138989,0.7944085478523376,0.0
2021-02-16 23:10:00,0.11157601115760113,0.6573705179282865,-0.07609828741623248,-0.09087662917336181,0.4381568098833938,0.9992204899777284,0.5,-0.27988605250510057,0.6504265718793023,0.25131109952030023,0.2547772856138989,0.7944085478523376,0.0
2021-02-16 23:20:00,0.09693165969316596,0.585657370517928,-0.09128816083395397,-0.09730405284770571,0.4381568098833938,0.9992204899777284,0.5,-0.27988605250510057,0.6504265718793023,0.25131109952030023,0.2547772856138989,0.7944085478523376,0.0
2021-02-16 23:30:00,0.06345885634588563,0.5139442231075697,-0.1005212211466866,-0.10587395108016429,0.4381568098833938,0.9992204899777284,0.5,-0.27988605250510057,0.6504265718793023,0.25131109952030023,0.2547772856138989,0.7944085478523376,0.0
2021-02-16 23:40:00,0.07810320781032079,0.585657370517928,-0.10588235294117665,-0.11444384931262286,0.4381568098833938,0.9992204899777284,0.5,-0.27988605250510057,0.6504265718793023,0.25131109952030023,0.2547772856138989,0.7944085478523376,0.0
2021-02-16 23:50:00,0.10599721059972106,0.6573705179282865,-0.11809381980640365,-0.12444206391715751,0.4381568098833938,0.9992204899777284,0.5,-0.27988605250510057,0.6504265718793023,0.25131109952030023,0.2547772856138989,0.7944085478523376,0.0
2021-02-17 00:00:00,0.09623430962343095,0.7290836653386452,-0.12226358897989587,-0.1344402785216925,0.4381568098833938,0.9992204899777284,0.5,-0.3020916055943804,0.6455243716362045,0.2627714186835502,0.23317325565860228,0.8618043542437619,0.0
2021-02-17 00:10:00,0.13807531380753138,0.8007968127490039,-0.12673119880863748,-0.14479557221924644,0.4381568098833938,0.9992204899777284,0.5,-0.3020916055943804,0.6455243716362045,0.2627714186835502,0.23317325565860228,0.8618043542437619,0.0
2021-02-17 00:20:00,0.17503486750348674,-0.06772908366533881,-0.11243484735666431,-0.1490805213354759,0.4381568098833938,0.9992204899777284,0.5,-0.3020916055943804,0.6455243716362045,0.2627714186835502,0.23317325565860228,0.8618043542437619,0.0
2021-02-17 00:30:00,0.19525801952580193,0.3306772908366533,-0.11213700670141491,-0.1490805213354759,0.4381568098833938,0.5234966592427617,0.5,-0.3020916055943804,0.6455243716362045,0.2627714186835502,0.23317325565860228,0.8618043542437619,0.0
2021-02-17 00:40:00,0.2831241283124128,0.2111553784860556,-0.0927773641102011,-0.13551151580074983,0.4381568098833938,0.01514476614699332,0.5,-0.3020916055943804,0.6455243716362045,0.2627714186835502,0.23317325565860228,0.8618043542437619,0.13919610121158169
2021-02-17 00:50:00,0.28661087866108786,0.1633466135458166,-0.07609828741623248,-0.10837350473129803,0.4381568098833938,0.00011135857461024499,0.5,-0.3020916055943804,0.6455243716362045,0.2627714186835502,0.23317325565860228,0.8618043542437619,0.18296694177467296
2021-02-17 01:00:00,0.20781032078103207,-0.019920318725099695,-0.058525688756515315,-0.0862346009641134,0.4381568098833938,0.00011135857461024499,0.5,-0.380494979859737,0.6499352024528234,0.33592135596762535,0.23572948162401025,0.9101264024218518,0.08958613093531693
2021-02-17 01:10:00,0.19595536959553697,-0.1633466135458168,-0.046016381236038795,-0.060167827173718935,0.4381568098833938,0.00011135857461024499,0.5,-0.380494979859737,0.6499352024528234,0.33592135596762535,0.23572948162401025,0.9101264024218518,0.07897913303257541
2021-02-17 01:20:00,0.1589958158995816,-0.4422310756972112,-0.03946388682055113,-0.04517050526691657,0.43319679103793957,0.00011135857461024499,0.5,-0.380494979859737,0.6499352024528234,0.33592135596762535,0.23572948162401025,0.9101264024218518,0.048131327609879745
2021-02-17 01:30:00,0.12273361227336123,-0.6812749003984064,-0.03320923306031276,-0.02624531333690394,0.4166677572600803,0.00011135857461024499,0.5,-0.380494979859737,0.6499352024528234,0.33592135596762535,0.23572948162401025,0.9101264024218518,0.023899693709733393
2021-02-17 01:40:00,0.11157601115760113,-0.47410358565737054,-0.028741623231571256,0.001963935011605189,0.400282681812828,0.00011135857461024499,0.5,-0.380494979859737,0.6499352024528234,0.33592135596762535,0.23572948162401025,0.9101264024218518,0.0066161715225493
2021-02-17 01:50:00,0.11366806136680613,-0.36254980079681276,-0.02963514519731958,0.03160149973219073,0.3785318867702294,0.00044543429844097997,0.5,-0.380494979859737,0.6499352024528234,0.33592135596762535,0.23572948162401025,0.9101264024218518,9.052914283989921e-05
2021-02-17 02:00:00,0.08228730822873082,0.08366533864541825,-0.03618763961280724,0.04302803070880201,0.37225006870738503,0.7128062360801782,0.5,-0.39098702798290863,0.6443519814256622,0.3416317959530316,0.24209785586744426,0.9284903868957698,0.0
2021-02-17 02:10:00,0.11018131101813111,-0.3705179282868527,-0.05673864482501878,0.02088912694161782,0.37225006870738503,0.9986636971046772,0.5,-0.39098702798290863,0.6443519814256622,0.3416317959530316,0.24209785586744426,0.9284903868957698,0.0
2021-02-17 02:20:00,0.09902370990237098,0.043824701195219085,-0.061206254653760395,-0.0001785395465094819,0.37225006870738503,0.9986636971046772,0.5,-0.39098702798290863,0.6443519814256622,0.3416317959530316,0.24209785586744426,0.9284903868957698,0.0
2021-02-17 02:30:00,0.07322175732217574,0.4581673306772909,-0.07609828741623248,-0.01981788966256015,0.37225006870738503,0.9986636971046772,0.5,-0.39098702798290863,0.6443519814256622,0.3416317959530316,0.24209785586744426,0.9284903868957698,0.0
2021-02-17 02:40:00,0.07252440725244073,-0.19521912350597614,-0.08741623231571116,-0.03517229066238159,0.37225006870738503,0.9986636971046772,0.5,-0.39098702798290863,0.6443519814256622,0.3416317959530316,0.24209785586744426,0.9284903868957698,0.0
2021-02-17 02:50:00,0.09483960948396096,-0.6653386454183268,-0.09307520476545061,-0.04874129619710765,0.37225006870738503,0.9986636971046772,0.5,-0.39098702798290863,0.6443519814256622,0.3416317959530316,0.24209785586744426,0.9284903868957698,0.0
2021-02-17 03:00:00,0.09483960948396096,-0.5806772908366535,-0.09605361131794499,-0.062310301731833606,0.37225006870738503,0.9986636971046772,0.5,-0.38389052448733807,0.6452485151160752,0.3350772811609884,0.2391916872387589,0.9299155318260601,0.0
2021-02-17 03:10:00,0.09483960948396096,-0.4960159362549802,-0.09962769918093839,-0.07909301910373145,0.37225006870738503,0.9986636971046772,0.5,-0.38389052448733807,0.6452485151160752,0.3350772811609884,0.2391916872387589,0.9299155318260601,0.0
2021-02-17 03:20:00,0.09832635983263598,-0.41135458167330685,-0.09813849590469104,-0.09016247098732377,0.37225006870738503,0.9986636971046772,0.5,-0.38389052448733807,0.6452485151160752,0.3350772811609884,0.2391916872387589,0.9299155318260601,0.0
2021-02-17 03:30:00,0.10320781032078104,-0.3266932270916335,-0.10349962769918108,-0.1008748437778968,0.37225006870738503,0.9986636971046772,0.5,-0.38389052448733807,0.6452485151160752,0.3350772811609884,0.2391916872387589,0.9299155318260601,0.0
2021-02-17 03:40:00,0.11436541143654114,-0.24203187250996028,-0.11213700670141491,-0.11301553294054623,0.37225006870738503,0.9986636971046772,0.5,-0.38389052448733807,0.6452485151160752,0.3350772811609884,0.2391916872387589,0.9299155318260601,0.0
2021-02-17 03:50:00,0.1304044630404463,-0.15737051792828693,-0.1195830230826509,-0.12658453847527218,0.37225006870738503,0.9986636971046772,0.5,-0.38389052448733807,0.6452485151160752,0.3350772811609884,0.2391916872387589,0.9299155318260601,0.0
2021-02-17 04:00:00,0.1882845188284519,-0.0727091633466137,-0.12315711094564419,-0.13729691126584542,0.3694363377000694,0.9956570155902005,0.5,-0.4731533978626674,0.6485530463467688,0.3932655613294026,0.23170624849564184,0.9318513411113704,0.0
2021-02-17 04:10:00,0.13458856345885634,0.01195219123505975,-0.1350707371556218,-0.1487234422424566,0.34284330790069495,0.08028953229398664,0.5,-0.4731533978626674,0.6485530463467688,0.3932655613294026,0.23170624849564184,0.9318513411113704,0.0
2021-02-17 04:20:00,0.12203626220362622,0.5617529880478087,-0.14221891288160848,-0.14372433494018932,0.3477117168993993,0.9752783964365256,0.5,-0.4731533978626674,0.6485530463467688,0.3932655613294026,0.23170624849564184,0.9318513411113704,0.0
2021-02-17 04:30:00,0.11227336122733612,0.7450199203187249,-0.1624720774385705,-0.1422960185681127,0.3477117168993993,0.9981069042316258,0.5,-0.4731533978626674,0.6485530463467688,0.3932655613294026,0.23170624849564184,0.9318513411113704,0.0
2021-02-17 04:40:00,0.11227336122733612,0.14741035856573692,-0.17081161578555493,-0.1487234422424566,0.3477117168993993,0.9981069042316258,0.5,-0.4731533978626674,0.6485530463467688,0.3932655613294026,0.23170624849564184,0.9318513411113704,0.0
2021-02-17 04:50:00,0.10460251046025104,0.09800796812748991,-0.17081161578555493,-0.15443670773076235,0.3477117168993993,0.9981069042316258,0.5,-0.4731533978626674,0.6485530463467688,0.3932655613294026,0.23170624849564184,0.9318513411113704,0.0
2021-02-17 05:00:00,0.11227336122733612,0.048605577689242896,-0.16813104988830985,-0.16264952687020162,0.3477117168993993,0.9981069042316258,0.5,-0.4791577544432153,0.6358751404425785,0.3957828216827296,0.21978444773426248,0.9420188338119416,0.0
2021-02-17 05:10:00,0.10669456066945607,-0.0007968127490041166,-0.16872673119880877,-0.17336189966077487,0.3477117168993993,0.9981069042316258,0.5,-0.4791577544432153,0.6358751404425785,0.3957828216827296,0.21978444773426248,0.9420188338119416,0.0
2021-02-17 05:20:00,0.12552301255230125,-0.05019920318725102,-0.17527922561429654,-0.18300303517229055,0.3477117168993993,0.9981069042316258,0.5,-0.4791577544432153,0.6358751404425785,0.3957828216827296,0.21978444773426248,0.9420188338119416,0.0
2021-02-17 05:30:00,0.1311018131101813,-0.09960159362549814,-0.182427401340283,-0.1901446170326727,0.3477117168993993,0.9981069042316258,0.5,-0.4791577544432153,0.6358751404425785,0.3957828216827296,0.21978444773426248,0.9420188338119416,0.0
2021-02-17 05:40:00,0.12552301255230125,0.7370517928286848,-0.19076693968726743,-0.19657204070701662,0.3477117168993993,0.9981069042316258,0.5,-0.4791577544432153,0.6358751404425785,0.3957828216827296,0.21978444773426248,0.9420188338119416,0.0
2021-02-17 05:50:00,0.1094839609483961,0.5099601593625496,-0.20208488458674623,-0.20728441349758975,0.3477117168993993,0.9981069042316258,0.5,-0.4791577544432153,0.6358751404425785,0.3957828216827296,0.21978444773426248,0.9420188338119416,0.0
2021-02-17 06:00:00,0.10111576011157601,0.2828685258964141,-0.20744601638123616,-0.21656846991608647,0.3477117168993993,0.9981069042316258,0.5,-0.47598714305106726,0.6413750298126197,0.3943370138596424,0.22030896845390918,0.9694015282733608,0.0
2021-02-17 06:10:00,0.08437935843793584,0.05577689243027861,-0.19791511541325402,-0.222281735404392,0.3477117168993993,0.9981069042316258,0.5,-0.47598714305106726,0.6413750298126197,0.3943370138596424,0.22030896845390918,0.9694015282733608,0.0
2021-02-17 06:20:00,0.060669456066945605,-0.17131474103585675,-0.2014892032762473,-0.22763792179967846,0.3477117168993993,0.9981069042316258,0.5,-0.47598714305106726,0.6413750298126197,0.3943370138596424,0.22030896845390918,0.9694015282733608,0.0
2021-02-17 06:30:00,0.055788005578800565,-0.3984063745019921,-0.2089352196574834,-0.23120871272986965,0.3477117168993993,0.9981069042316258,0.5,-0.47598714305106726,0.6413750298126197,0.3943370138596424,0.22030896845390918,0.9694015282733608,0.0
2021-02-17 06:40:00,0.05718270571827057,-0.6254980079681276,-0.21221146686522718,-0.23406534547402247,0.3477117168993993,0.9981069042316258,0.5,-0.47598714305106726,0.6413750298126197,0.3943370138596424,0.22030896845390918,0.9694015282733608,0.0
2021-02-17 06:50:00,0.05160390516039052,-0.6175298804780878,-0.21518987341772167,-0.23942153186930903,0.3477117168993993,0.9981069042316258,0.5,-0.47598714305106726,0.6413750298126197,0.3943370138596424,0.22030896845390918,0.9694015282733608,0.0
2021-02-17 07:00:00,0.03138075313807531,-0.589072282299374,-0.21727475800446772,-0.24406356007855734,0.3477117168993993,0.9981069042316258,0.5,-0.5194801053824216,0.653808687756283,0.4219406441421957,0.2733958228666322,0.005329202821703178,0.0
2021-02-17 07:10:00,0.05299860529986053,-0.5606146841206603,-0.2211466865227104,-0.24799143010176738,0.3477117168993993,0.9981069042316258,0.5,-0.5194801053824216,0.653808687756283,0.4219406441421957,0.2733958228666322,0.005329202821703178,0.0
2021-02-17 07:20:00,0.06276150627615062,-0.5321570859419466,-0.22293373045420706,-0.2540617746830922,0.3477117168993993,0.9981069042316258,0.5,-0.5194801053824216,0.653808687756283,0.4219406441421957,0.2733958228666322,0.005329202821703178,0.0
2021-02-17 07:30:00,0.07531380753138076,-0.5036994877632328,-0.22204020848845885,-0.2608462774504553,0.3477117168993993,0.9981069042316258,0.5,-0.5194801053824216,0.653808687756283,0.4219406441421957,0.2733958228666322,0.005329202821703178,0.0
2021-02-17 07:40:00,0.08228730822873082,-0.4752418895845191,-0.21102010424422946,-0.26620246384574175,0.3477117168993993,0.9981069042316258,0.5,-0.5194801053824216,0.653808687756283,0.4219406441421957,0.2733958228666322,0.005329202821703178,0.0
2021-02-17 07:50:00,0.06834030683403068,-0.44678429140580533,-0.20714817572598676,-0.2704874129619711,0.3477117168993993,0.9981069042316258,0.5,-0.5194801053824216,0.653808687756283,0.4219406441421957,0.2733958228666322,0.005329202821703178,0.0
2021-02-17 08:00:00,0.0815899581589958,-0.4183266932270917,-0.20685033507073725,-0.2740582038921622,0.3477117168993993,0.9981069042316258,0.5,-0.5321534122044959,0.6466680267925651,0.44190955692793804,0.30550308708456464,0.01753138968957961,0.0
2021-02-17 08:10:00,0.07182705718270573,-0.38986909504837797,-0.2089352196574834,-0.2769148366363149,0.3477117168993993,0.9981069042316258,0.5,-0.5321534122044959,0.6466680267925651,0.44190955692793804,0.30550308708456464,0.01753138968957961,0.0
2021-02-17 08:20:00,0.06276150627615062,-0.36141149686966423,-0.21221146686522718,-0.28084270665952504,0.3477117168993993,0.9981069042316258,0.5,-0.5321534122044959,0.6466680267925651,0.44190955692793804,0.30550308708456464,0.01753138968957961,0.0
2021-02-17 08:30:00,0.05160390516039052,-0.3329538986909505,-0.21340282948622502,-0.2847705766827352,0.3477117168993993,0.9981069042316258,0.5,-0.5321534122044959,0.6466680267925651,0.44190955692793804,0.30550308708456464,0.01753138968957961,0.0
2021-02-17 08:40:00,0.07043235704323571,-0.30449630051223686,-0.21548771407297107,-0.2883413676129263,0.3477117168993993,0.9981069042316258,0.5,-0.5321534122044959,0.6466680267925651,0.44190955692793804,0.30550308708456464,0.01753138968957961,0.0
2021-02-17 08:50:00,0.07043235704323571,-0.2760387023335231,-0.21399851079672383,-0.2883413676129263,0.3477117168993993,0.9981069042316258,0.5,-0.5321534122044959,0.6466680267925651,0.44190955692793804,0.30550308708456464,0.01753138968957961,0.0
2021-02-17 09:00:00,0.0599721059972106,-0.24758110415480938,-0.2083395383469845,-0.28727013033386894,0.3477117168993993,0.9981069042316258,0.5,-0.5190943435494959,0.6673026691991827,0.42281299849839404,0.29751099226392336,0.022968209239713395,0.0
2021-02-17 09:10:00,0.07043235704323571,-0.21912350597609564,-0.20000000000000007,-0.27905731119442967,0.3477117168993993,0.9981069042316258,0.5,-0.5190943435494959,0.6673026691991827,0.42281299849839404,0.29751099226392336,0.022968209239713395,0.0
2021-02-17 09:20:00,0.11576011157601115,-0.1906659077973818,-0.19195830230826516,-0.2672737011247991,0.3477117168993993,0.9981069042316258,0.5,-0.5190943435494959,0.6673026691991827,0.42281299849839404,0.29751099226392336,0.022968209239713395,0.0
2021-02-17 09:30:00,0.14365411436541145,-0.16220830961866828,-0.1779597915115415,-0.25870380289234074,0.3477117168993993,0.9981069042316258,0.5,-0.5190943435494959,0.6673026691991827,0.42281299849839404,0.29751099226392336,0.022968209239713395,0.0
2021-02-17 09:40:00,0.14225941422594143,-0.13375071143995465,-0.17081161578555493,-0.2508480628459203,0.3477117168993993,0.9981069042316258,0.5,-0.5190943435494959,0.6673026691991827,0.42281299849839404,0.29751099226392336,0.022968209239713395,0.0
2021-02-17 09:50:00,0.16527196652719667,-0.10529311326124091,-0.16366344005956823,-0.2415640064274236,0.3477117168993993,0.9981069042316258,0.5,-0.5190943435494959,0.6673026691991827,0.42281299849839404,0.29751099226392336,0.022968209239713395,0.0
2021-02-17 10:00:00,0.14295676429567641,-0.07683551508252706,-0.16098287416232326,-0.23299410819496513,0.3477117168993993,0.9981069042316258,0.5,-0.22639266658950996,0.6759432999910941,0.24289584109277254,0.18819608989247574,0.02197847122969874,0.0
2021-02-17 10:10:00,0.10808926080892609,-0.04837791690381332,-0.154728220402085,-0.22192465631137293,0.3477117168993993,0.9981069042316258,0.5,-0.22639266658950996,0.6759432999910941,0.24289584109277254,0.18819608989247574,0.02197847122969874,0.0
2021-02-17 10:20:00,0.09274755927475593,-0.019920318725099584,-0.14758004467609842,-0.20549901803249415,0.3477117168993993,0.9981069042316258,0.5,-0.22639266658950996,0.6759432999910941,0.24289584109277254,0.18819608989247574,0.02197847122969874,0.0
2021-02-17 10:30:00,0.08298465829846582,0.008537279453614044,-0.1389426656738647,-0.19085877521871086,0.3477117168993993,0.9981069042316258,0.5,-0.22639266658950996,0.6759432999910941,0.24289584109277254,0.18819608989247574,0.02197847122969874,0.0
2021-02-17 10:40:00,0.07322175732217574,0.036994877632327894,-0.1309009679821297,-0.17514729512587035,0.3477117168993993,0.9981069042316258,0.5,-0.22639266658950996,0.6759432999910941,0.24289584109277254,0.18819608989247574,0.02197847122969874,0.0
2021-02-17 10:50:00,0.04951185495118549,0.0654524758110413,-0.12345495160089359,-0.1583645777539725,0.3477117168993993,0.9981069042316258,0.5,-0.22639266658950996,0.6759432999910941,0.24289584109277254,0.18819608989247574,0.02197847122969874,0.0
2021-02-17 11:00:00,0.042538354253835425,0.09391007398975515,-0.11511541325390917,-0.13979646491697895,0.3477117168993993,0.9981069042316258,0.5,-0.21909974674999166,0.6848626608085471,0.24480578860821123,0.07414232901451819,0.902683102427295,0.0
2021-02-17 11:10:00,0.048814504881450484,0.122367672168469,-0.10618019359642605,-0.12265666845206213,0.3477117168993993,0.9981069042316258,0.5,-0.21909974674999166,0.6848626608085471,0.24480578860821123,0.07414232901451819,0.902683102427295,0.0
2021-02-17 11:20:00,0.060669456066945605,0.15082527034718263,-0.09962769918093839,-0.10765934654525966,0.3477117168993993,0.9981069042316258,0.5,-0.21909974674999166,0.6848626608085471,0.24480578860821123,0.07414232901451819,0.902683102427295,0.0
2021-02-17 11:30:00,0.061366806136680614,0.17928286852589648,-0.09099032017870456,-0.09516157828959104,0.3477117168993993,0.9981069042316258,0.5,-0.21909974674999166,0.6848626608085471,0.24480578860821123,0.07414232901451819,0.902683102427295,0.0
2021-02-17 11:40:00,0.07670850767085077,0.08764940239043817,-0.07967237527922577,-0.08516336368505628,0.3477117168993993,0.9981069042316258,0.5,-0.21909974674999166,0.6848626608085471,0.24480578860821123,0.07414232901451819,0.902683102427295,0.0
2021-02-17 11:50:00,0.06903765690376569,-0.003984063745020028,-0.0695457930007447,-0.07552222817354037,0.3477117168993993,0.9981069042316258,0.5,-0.21909974674999166,0.6848626608085471,0.24480578860821123,0.07414232901451819,0.902683102427295,0.0
2021-02-17 12:00:00,0.08647140864714087,-0.19123505976095634,-0.058525688756515315,-0.06445277628994805,0.3477117168993993,0.9981069042316258,0.5,-0.21158489545307346,0.6838856689664307,0.2765559871040182,0.1603405924180802,0.7132120870680985,0.0
2021-02-17 12:10:00,0.10181311018131102,-0.3784860557768924,-0.04929262844378268,-0.056597036243527854,0.3477117168993993,0.9981069042316258,0.5,-0.21158489545307346,0.6838856689664307,0.2765559871040182,0.1603405924180802,0.7132120870680985,0.0
2021-02-17 12:20:00,0.14016736401673638,-0.05710491367861903,-0.04095309009679826,-0.0526691662203177,0.3477117168993993,0.9981069042316258,0.5,-0.21158489545307346,0.6838856689664307,0.2765559871040182,0.1603405924180802,0.7132120870680985,0.0
2021-02-17 12:30:00,0.15271966527196654,0.2642762284196547,-0.03410275502606119,-0.05195500803427966,0.3477117168993993,0.9981069042316258,0.5,-0.21158489545307346,0.6838856689664307,0.2765559871040182,0.1603405924180802,0.7132120870680985,0.0
2021-02-17 12:40:00,0.18479776847977683,0.585657370517928,-0.02635889798957569,-0.04909837529012662,0.35562942508277606,0.831291759465479,0.5,-0.21158489545307346,0.6838856689664307,0.2765559871040182,0.1603405924180802,0.7132120870680985,0.0
2021-02-17 12:50:00,0.18479776847977683,0.09960159362549792,-0.017125837676842948,-0.05195500803427966,0.3581814136708065,0.08975501113585747,0.5,-0.21158489545307346,0.6838856689664307,0.2765559871040182,0.1603405924180802,0.7132120870680985,0.0
2021-02-17 13:00:00,0.23291492329149233,-0.003984063745020028,-0.0028294862248698927,-0.059453668987680564,0.3627880802502258,0.1368596881959911,0.5,-0.03785428902386523,0.6757277870847446,0.22388462856840677,0.28170056700603907,0.7083957990858942,0.058406385322208314
2021-02-17 13:10:00,0.1708507670850767,0.027888446215139417,0.010871183916604465,-0.060167827173718935,0.36399209537893756,0.00011135857461024499,0.5,-0.03785428902386523,0.6757277870847446,0.22388462856840677,0.28170056700603907,0.7083957990858942,0.045136321800926416
2021-02-17 13:20:00,0.22524407252440726,-0.05179282868525903,0.021891288160833966,-0.04088555615068734,0.36137467118608574,0.00011135857461024499,0.5,-0.03785428902386523,0.6757277870847446,0.22388462856840677,0.28170056700603907,0.7083957990858942,0.07495813027143655
2021-02-17 13:30:00,0.2210599721059972,0.019920318725099362,0.03410275502606086,-0.01838957329048374,0.35726531520330845,0.00011135857461024499,0.5,-0.03785428902386523,0.6757277870847446,0.22388462856840677,0.28170056700603907,0.7083957990858942,0.07863210465168913
2021-02-17 13:40:00,0.22873082287308227,-0.21115537848605592,0.04512285927029036,0.002321014104624153,0.3748413186583084,0.00011135857461024499,0.5,-0.03785428902386523,0.6757277870847446,0.22388462856840677,0.28170056700603907,0.7083957990858942,0.093712751029769
2021-02-17 13:50:00,0.2315202231520223,-0.059760956175298974,0.053760238272523964,0.01624709873236929,0.358704898509377,0.00011135857461024499,0.5,-0.03785428902386523,0.6757277870847446,0.22388462856840677,0.28170056700603907,0.7083957990858942,0.08867329541168129
2021-02-17 14:00:00,0.34309623430962344,0.2111553784860556,0.06626954579300048,0.02731655061596161,0.3630236484275824,0.00011135857461024499,0.5,-0.015534735074742678,0.6612481932834705,0.23469058685391533,0.39638561153827123,0.723462174688679,0.20485990615145527
2021-02-17 14:10:00,0.30264993026499304,-0.1633466135458168,0.07937453462397603,0.029101946081057095,0.3711507505463873,0.00011135857461024499,0.5,-0.015534735074742678,0.6612481932834705,0.23469058685391533,0.39638561153827123,0.723462174688679,0.16828613244413598
2021-02-17 14:20:00,0.38633193863319387,-0.10756972111553798,0.0856291883842144,0.03945723977861104,0.36119145149258614,0.00011135857461024499,0.5,-0.015534735074742678,0.6612481932834705,0.23469058685391533,0.39638561153827123,0.723462174688679,0.2816059869939798
2021-02-17 14:30:00,0.4072524407252441,0.01195219123505975,0.0936708860759492,0.04374218889484016,0.36078575074269414,0.00011135857461024499,0.5,-0.015534735074742678,0.6612481932834705,0.23469058685391533,0.39638561153827123,0.723462174688679,0.31724429289195344
2021-02-17 14:40:00,0.397489539748954,-0.1633466135458168,0.06716306775874892,0.032672737011248065,0.3711769247883158,0.00011135857461024499,0.5,-0.015534735074742678,0.6612481932834705,0.23469058685391533,0.39638561153827123,0.723462174688679,0.2935256574678999
2021-02-17 14:50:00,0.394700139470014,-0.02788844621513953,0.030826507818317195,-0.0001785395465094819,0.3695933831516404,0.004565701559020045,0.5,-0.015534735074742678,0.6612481932834705,0.23469058685391533,0.39638561153827123,0.723462174688679,0.3005567542284654
2021-02-17 15:00:00,0.4463040446304045,0.11553784860557759,0.02308265078183136,-0.016604177825388367,0.384722094986324,0.00033407572383073496,0.5,-0.001439452635777938,0.6349987212900894,0.24136418010801267,0.4875635896886194,0.7340717287856732,0.4041598141134934
2021-02-17 15:10:00,0.3591352859135286,-0.07569721115537853,0.021295606850334936,-0.016604177825388367,0.38419861014775364,0.00011135857461024499,0.5,-0.001439452635777938,0.6349987212900894,0.24136418010801267,0.4875635896886194,0.7340717287856732,0.27901081823256935
2021-02-17 15:20:00,0.39539748953974896,0.09163346613545809,0.02308265078183136,-0.01838957329048374,0.3792778526651922,0.00011135857461024499,0.5,-0.001439452635777938,0.6349987212900894,0.24136418010801267,0.4875635896886194,0.7340717287856732,0.3091193023220725
2021-02-17 15:30:00,0.4916317991631799,-0.09960159362549814,0.023976172747579794,-0.01267630780217821,0.3896559395898496,0.00022271714922048998,0.5,-0.001439452635777938,0.6349987212900894,0.24136418010801267,0.4875635896886194,0.7340717287856732,0.49642409885782396
2021-02-17 15:40:00,0.42538354253835425,0.14741035856573692,0.02308265078183136,-0.021603285127655747,0.3883864888563165,0.00011135857461024499,0.5,-0.001439452635777938,0.6349987212900894,0.24136418010801267,0.4875635896886194,0.7340717287856732,0.3641308447877846
2021-02-17 15:50:00,0.3933054393305439,-0.03585657370517936,0.025167535368577854,-0.01981788966256015,0.39017942442841996,0.00011135857461024499,0.5,-0.001439452635777938,0.6349987212900894,0.24136418010801267,0.4875635896886194,0.7340717287856732,0.3153959895589722
2021-02-17 16:00:00,0.44839609483960946,0.08366533864541825,0.026061057334326065,-0.01981788966256015,0.3833872086479696,0.00044543429844097997,0.5,0.039234039629473694,0.6252460439014155,0.22573383211864428,0.5192598586480046,0.7394464231268316,0.42166965915777727
2021-02-17 16:10:00,0.47280334728033474,0.01195219123505975,0.02844378257632152,-0.018746652383503037,0.38559893209092927,0.000556792873051225,0.5,0.039234039629473694,0.6252460439014155,0.22573383211864428,0.5192598586480046,0.7394464231268316,0.45938259124583186
2021-02-17 16:20:00,0.46164574616457466,0.027888446215139417,0.029337304542069953,-0.02053204784859841,0.3928884584680217,0.00011135857461024499,0.5,0.039234039629473694,0.6252460439014155,0.22573383211864428,0.5192598586480046,0.7394464231268316,0.4566139082939783
2021-02-17 16:30:00,0.399581589958159,0.06772908366533859,0.03201787043931481,-0.021603285127655747,0.3939223410241981,0.00011135857461024499,0.5,0.039234039629473694,0.6252460439014155,0.22573383211864428,0.5192598586480046,0.7394464231268316,0.32413205184302246
2021-02-17 16:40:00,0.4916317991631799,-0.17131474103585675,0.03320923306031265,-0.01481878236029266,0.38084830718090323,0.00022271714922048998,0.5,0.039234039629473694,0.6252460439014155,0.22573383211864428,0.5192598586480046,0.7394464231268316,0.49228993466813525
2021-02-17 16:50:00,0.43096234309623427,0.21912350597609564,0.033507073715562274,-0.013390465988216249,0.38744421614688984,0.00011135857461024499,0.5,0.039234039629473694,0.6252460439014155,0.22573383211864428,0.5192598586480046,0.7394464231268316,0.3631048478355991
2021-02-17 17:00:00,0.4086471408647141,0.14741035856573692,0.034996276991809294,-0.010890912337082503,0.3959508447736583,0.00011135857461024499,0.5,0.043443866583639634,0.6211426781645197,0.22454545696645148,0.5191434672498845,0.7428998089275322,0.33961253526864527
2021-02-17 17:10:00,0.5202231520223152,-0.21912350597609564,0.034996276991809294,-0.009462595965006093,0.38876601536428,0.00011135857461024499,0.5,0.043443866583639634,0.6211426781645197,0.22454545696645148,0.5191434672498845,0.7428998089275322,0.5578104017985123
2021-02-17 17:20:00,0.41562064156206413,-0.08366533864541836,0.034996276991809294,-0.012319228709159136,0.3936605986049129,0.00011135857461024499,0.5,0.043443866583639634,0.6211426781645197,0.22454545696645148,0.5191434672498845,0.7428998089275322,0.33424868355538123
2021-02-17 17:30:00,0.38702928870292885,0.043824701195219085,0.034996276991809294,-0.015890019639349995,0.3832170760754342,0.00011135857461024499,0.5,0.043443866583639634,0.6211426781645197,0.22454545696645148,0.5191434672498845,0.7428998089275322,0.2979540413718183
2021-02-17 17:40:00,0.45397489539748953,-0.043824701195219196,0.0355919583023081,-0.012319228709159136,0.39252201908102236,0.00011135857461024499,0.5,0.043443866583639634,0.6211426781645197,0.22454545696645148,0.5191434672498845,0.7428998089275322,0.4036769920183473
2021-02-17 17:50:00,0.41631799163179917,0.17928286852589648,0.03678332092330594,-0.01624709873236929,0.3970632500556202,0.00011135857461024499,0.5,0.043443866583639634,0.6211426781645197,0.22454545696645148,0.5191434672498845,0.7428998089275322,0.3461758981245379
2021-02-17 18:00:00,0.4086471408647141,0.05179282868525892,0.034996276991809294,-0.024459917871808567,0.38448652680896733,0.00011135857461024499,0.5,-0.09294061849302071,0.617542175875773,0.28308488544309557,0.48665580187712065,0.7322723623813325,0.31970366793910404
2021-02-17 18:10:00,0.34239888423988846,0.14741035856573692,0.034996276991809294,-0.024102838778789493,0.38541571239742967,0.00011135857461024499,0.5,-0.09294061849302071,0.617542175875773,0.28308488544309557,0.48665580187712065,0.7322723623813325,0.22266397090996876
2021-02-17 18:20:00,0.2894002789400279,0.06772908366533859,0.034996276991809294,-0.028744866988037687,0.396644462184764,0.00011135857461024499,0.5,-0.09294061849302071,0.617542175875773,0.28308488544309557,0.48665580187712065,0.7322723623813325,0.15744526758905805
2021-02-17 18:30:00,0.3103207810320781,0.15537848605577675,0.03469843633655967,-0.04017139796464908,0.3839499548494327,0.00011135857461024499,0.5,-0.09294061849302071,0.617542175875773,0.28308488544309557,0.48665580187712065,0.7322723623813325,0.18195603301296076
2021-02-17 18:40:00,0.31450488145048816,-0.11553784860557781,0.03201787043931481,-0.04909837529012662,0.38363586394629046,0.00011135857461024499,0.5,-0.09294061849302071,0.617542175875773,0.28308488544309557,0.48665580187712065,0.7322723623813325,0.17819152948986827
2021-02-17 18:50:00,0.32496513249651326,0.3705179282868525,0.02844378257632152,-0.05552579896447052,0.3701168679902108,0.00011135857461024499,0.5,-0.09294061849302071,0.617542175875773,0.28308488544309557,0.48665580187712065,0.7322723623813325,0.19751950148618677
2021-02-17 19:00:00,0.28033472803347276,0.3545816733067728,0.025167535368577854,-0.06659525084806284,0.3701168679902108,0.00011135857461024499,0.5,-0.09426790468887747,0.636380877396144,0.28411588426790907,0.37659984232677707,0.7214066281807404,0.14326991263937716
2021-02-17 19:10:00,0.30822873082287305,-0.07569721115537853,0.020402084884586502,-0.07266559542938766,0.3605109212024447,0.00011135857461024499,0.5,-0.09426790468887747,0.636380877396144,0.28411588426790907,0.37659984232677707,0.7214066281807404,0.1645593493972268
2021-02-17 19:20:00,0.39051603905160387,0.31474103585657365,0.014445271779597979,-0.07766470273165504,0.3562183455261677,0.00011135857461024499,0.5,-0.09426790468887747,0.636380877396144,0.28411588426790907,0.37659984232677707,0.7214066281807404,0.2904702988970533
2021-02-17 19:30:00,0.3758716875871687,0.003984063745019917,0.007892777364109982,-0.07766470273165504,0.3562183455261677,0.00011135857461024499,0.5,-0.09426790468887747,0.636380877396144,0.28411588426790907,0.37659984232677707,0.7214066281807404,0.2615160613787588
2021-02-17 19:40:00,0.36610878661087864,-0.13147410358565736,0.0034251675353684785,-0.0798071772897695,0.3562183455261677,0.00011135857461024499,0.5,-0.09426790468887747,0.636380877396144,0.28411588426790907,0.37659984232677707,0.7214066281807404,0.24411183366778821
2021-02-17 19:50:00,0.35495118549511856,-0.21912350597609564,-0.0025316455696204887,-0.08123549366184613,0.3562183455261677,0.00011135857461024499,0.5,-0.09426790468887747,0.636380877396144,0.28411588426790907,0.37659984232677707,0.7214066281807404,0.2285483651945622
2021-02-17 20:00:00,0.3528591352859135,-0.4183266932270917,-0.007892777364110204,-0.08694875915015177,0.3562183455261677,0.00011135857461024499,0.5,-0.10171044648780292,0.6327545135586363,0.2952065402608846,0.3187823836677961,0.704865160730242,0.220694962053201
2021-02-17 20:10:00,0.3354253835425383,0.08366533864541825,-0.014743112434847494,-0.09373326191751463,0.34578791011765325,0.00011135857461024499,0.5,-0.10171044648780292,0.6327545135586363,0.2952065402608846,0.3187823836677961,0.704865160730242,0.21248698643571678
2021-02-17 20:20:00,0.3200836820083682,0.05179282868525892,-0.021593447505584784,-0.10158900196393505,0.34501576998076194,0.00011135857461024499,0.5,-0.10171044648780292,0.6327545135586363,0.2952065402608846,0.3187823836677961,0.704865160730242,0.18652775472637567
2021-02-17 20:30:00,0.33403068340306835,0.17928286852589648,-0.026061057334326176,-0.108730583824317,0.34501576998076194,0.00011135857461024499,0.5,-0.10171044648780292,0.6327545135586363,0.2952065402608846,0.3187823836677961,0.704865160730242,0.20117838767596605
2021-02-17 20:40:00,0.27405857740585776,-0.06772908366533881,-0.02963514519731958,-0.11337261203356541,0.34501576998076194,0.00011135857461024499,0.5,-0.10171044648780292,0.6327545135586363,0.2952065402608846,0.3187823836677961,0.704865160730242,0.14100668406837968
2021-02-17 20:50:00,0.24755927475592746,0.019920318725099362,-0.03469843633656011,-0.12015711480092839,0.34501576998076194,0.00011135857461024499,0.5,-0.10171044648780292,0.6327545135586363,0.2952065402608846,0.3187823836677961,0.704865160730242,0.12453792416675469
2021-02-17 21:00:00,0.25174337517433754,0.07569721115537842,-0.037974683544304,-0.1230137475450811,0.34501576998076194,0.00011135857461024499,0.5,-0.10483629803386885,0.6493231457987935,0.30453447993591326,0.30400830655085503,0.6934995741700735,0.12631833064260603
2021-02-17 21:10:00,0.32496513249651326,0.2589641434262948,-0.0424422933730455,-0.12408498482413843,0.34501576998076194,0.00011135857461024499,0.5,-0.10483629803386885,0.6493231457987935,0.30453447993591326,0.30400830655085503,0.6934995741700735,0.18347994025076575
2021-02-17 21:20:00,0.301952580195258,0.5139442231075697,-0.04542069992553999,-0.129441171219425,0.34746306160107837,0.00011135857461024499,0.5,-0.10483629803386885,0.6493231457987935,0.30453447993591326,0.30400830655085503,0.6934995741700735,0.15488027520859424
2021-02-17 21:30:00,0.3186889818688982,-0.20318725099601598,-0.04542069992553999,-0.1308694875915014,0.3588357697190195,0.00011135857461024499,0.5,-0.10483629803386885,0.6493231457987935,0.30453447993591326,0.30400830655085503,0.6934995741700735,0.17289557463373417
2021-02-17 21:40:00,0.22733612273361226,0.12350597609561742,-0.0498883097542816,-0.13194072487055875,0.3588357697190195,0.00011135857461024499,0.5,-0.10483629803386885,0.6493231457987935,0.30453447993591326,0.30400830655085503,0.6934995741700735,0.10104561159980084
2021-02-17 21:50:00,0.16527196652719667,0.25099601593625476,-0.05376023827252441,-0.1312265666845207,0.3588357697190195,0.00011135857461024499,0.5,-0.10483629803386885,0.6493231457987935,0.30453447993591326,0.30400830655085503,0.6934995741700735,0.06021696817900629
2021-02-17 22:00:00,0.1311018131101813,0.7131474103585655,-0.05941921072226375,-0.1312265666845207,0.3588357697190195,0.00011135857461024499,0.5,-0.23977239184677057,0.6436795811578525,0.3868507957015592,0.2777148894056954,0.6944241462189633,0.04599634865790546
2021-02-17 22:10:00,0.2099023709902371,0.43426294820717115,-0.0618019359642592,-0.132654883056597,0.3740037429165957,0.00011135857461024499,0.5,-0.23977239184677057,0.6436795811578525,0.3868507957015592,0.2777148894056954,0.6944241462189633,0.07963546931816468
2021-02-17 22:20:00,0.18967921896792192,0.7211155378486056,-0.06329113924050644,-0.14158186038207465,0.37702686785933964,0.00011135857461024499,0.5,-0.23977239184677057,0.6436795811578525,0.3868507957015592,0.2777148894056954,0.6944241462189633,0.062465108559530455
2021-02-17 22:30:00,0.18898186889818688,-0.003984063745020028,-0.06329113924050644,-0.142653097661132,0.3917760531860596,0.00011135857461024499,0.5,-0.23977239184677057,0.6436795811578525,0.3868507957015592,0.2777148894056954,0.6944241462189633,0.05638456779878389
2021-02-17 22:40:00,0.19665271966527195,0.03585657370517925,-0.06418466120625477,-0.14836636314943752,0.3917760531860596,0.00011135857461024499,0.5,-0.23977239184677057,0.6436795811578525,0.3868507957015592,0.2777148894056954,0.6944241462189633,0.06378532522594565
2021-02-17 22:50:00,0.197350069735007,-0.019920318725099695,-0.06626954579300093,-0.15122299589359034,0.3917760531860596,0.00011135857461024499,0.5,-0.23977239184677057,0.6436795811578525,0.3868507957015592,0.2777148894056954,0.6944241462189633,0.06812317998702416
2021-02-17 23:00:00,0.21687587168758715,-0.26693227091633476,-0.06865227103499649,-0.15265131226566697,0.3917760531860596,0.00011135857461024499,0.5,-0.30918504060571883,0.6439267026238003,0.46031307617204464,0.22290530849679568,0.7421696830168937,0.07984670398479111
2021-02-17 23:10:00,0.21338912133891214,-0.21115537848605592,-0.06626954579300093,-0.15265131226566697,0.3917760531860596,0.00011135857461024499,0.5,-0.30918504060571883,0.6439267026238003,0.46031307617204464,0.22290530849679568,0.7421696830168937,0.07850385503266594
2021-02-17 23:20:00,0.18898186889818688,0.03585657370517925,-0.06746090841399865,-0.15265131226566697,0.3917760531860596,0.00011135857461024499,0.5,-0.30918504060571883,0.6439267026238003,0.46031307617204464,0.22290530849679568,0.7421696830168937,0.06136367065497835
2021-02-17 23:30:00,0.17433751743375175,0.11553784860557759,-0.0689501116902459,-0.15265131226566697,0.3917760531860596,0.00011135857461024499,0.5,-0.30918504060571883,0.6439267026238003,0.46031307617204464,0.22290530849679568,0.7421696830168937,0.04623775970547852
2021-02-17 23:40:00,0.18549511854951187,-0.08366533864541836,-0.04422933730454226,-0.10944474201035537,0.3917760531860596,0.00011135857461024499,0.5,-0.30918504060571883,0.6439267026238003,0.46031307617204464,0.22290530849679568,0.7421696830168937,0.034989513707621045
2021-02-17 23:50:00,0.18619246861924685,-0.05179282868525903,-0.020402084884586835,-0.04517050526691657,0.3917760531860596,0.00011135857461024499,0.5,-0.30918504060571883,0.6439267026238003,0.46031307617204464,0.22290530849679568,0.7421696830168937,0.029550221041990437
2021-02-18 00:00:00,0.15271966527196654,-0.3067729083665339,-0.010573343261355284,-0.0016068559185858922,0.3917760531860596,0.00011135857461024499,0.5,-0.3021913646850152,0.6354757231894774,0.4569597303018671,0.19654573069826942,0.84049459534565,0.02134224542450624
2021-02-18 00:10:00,0.1199442119944212,0.20318725099601576,-0.004616530156366427,0.039100160685591856,0.3917760531860596,0.00044543429844097997,0.5,-0.3021913646850152,0.6354757231894774,0.4569597303018671,0.19654573069826942,0.84049459534565,0.0
2021-02-18 00:20:00,0.08577405857740586,0.585657370517928,-0.004914370811615942,0.06373861810391013,0.3983981363939747,0.10512249443207126,0.5,-0.3021913646850152,0.6354757231894774,0.4569597303018671,0.19654573069826942,0.84049459534565,0.0
2021-02-18 00:30:00,0.09065550906555091,-0.40239043824701204,-0.011466865227103606,0.03802892340653452,0.40816112863331194,0.9995545657015591,0.5,-0.3021913646850152,0.6354757231894774,0.4569597303018671,0.19654573069826942,0.84049459534565,0.0
2021-02-18 00:40:00,0.09693165969316596,-0.6653386454183268,-0.025763216679076772,0.024816996964827753,0.40816112863331194,0.9995545657015591,0.5,-0.3021913646850152,0.6354757231894774,0.4569597303018671,0.19654573069826942,0.84049459534565,0.0
2021-02-18 00:50:00,0.10390516039051603,-0.7928286852589642,-0.030826507818317306,0.009819675058025501,0.40816112863331194,0.9995545657015591,0.5,-0.3021913646850152,0.6354757231894774,0.4569597303018671,0.19654573069826942,0.84049459534565,0.0
2021-02-18 01:00:00,0.10739191073919108,-0.003984063745020028,-0.03946388682055113,-0.003749330476700563,0.40816112863331194,0.9995545657015591,0.5,-0.376272912321732,0.624191467413012,0.5372347191200317,0.24471216904218276,0.935324570021981,0.0
2021-02-18 01:10:00,0.1206415620641562,0.20318725099601576,-0.04542069992553999,-0.018032494197464666,0.40816112863331194,0.9995545657015591,0.5,-0.376272912321732,0.624191467413012,0.5372347191200317,0.24471216904218276,0.935324570021981,0.0
2021-02-18 01:20:00,0.12412831241283125,0.49003984063745,-0.054951600893522135,-0.03088734154615247,0.40816112863331194,0.9995545657015591,0.5,-0.376272912321732,0.624191467413012,0.5372347191200317,0.24471216904218276,0.935324570021981,0.0
2021-02-18 01:30:00,0.12622036262203626,0.47575216375875784,-0.06239761727475812,-0.04338510980182109,0.40816112863331194,0.9995545657015591,0.5,-0.376272912321732,0.624191467413012,0.5372347191200317,0.24471216904218276,0.935324570021981,0.0
2021-02-18 01:40:00,0.1290097629009763,0.4614644868800659,-0.07043931496649303,-0.05481164077843248,0.40816112863331194,0.9995545657015591,0.5,-0.376272912321732,0.624191467413012,0.5372347191200317,0.24471216904218276,0.935324570021981,0.0
2021-02-18 01:50:00,0.1304044630404463,0.44717681000137377,-0.07550260610573356,-0.06588109266202469,0.40816112863331194,0.9995545657015591,0.5,-0.376272912321732,0.624191467413012,0.5372347191200317,0.24471216904218276,0.935324570021981,0.0
2021-02-18 02:00:00,0.14016736401673638,0.4328891331226816,-0.07967237527922577,-0.07873594001071249,0.40816112863331194,0.9995545657015591,0.5,-0.38457963266908446,0.6265305008232593,0.5451177386708383,0.30378795486945215,0.9927509760860943,0.0
2021-02-18 02:10:00,0.12552301255230125,0.41860145624398926,-0.08205510052122122,-0.08587752187109432,0.40816112863331194,0.9995545657015591,0.5,-0.38457963266908446,0.6265305008232593,0.5451177386708383,0.30378795486945215,0.9927509760860943,0.0
2021-02-18 02:20:00,0.11018131101813111,0.40431377936529733,-0.0847356664184663,-0.09123370826638089,0.40816112863331194,0.9995545657015591,0.5,-0.38457963266908446,0.6265305008232593,0.5451177386708383,0.30378795486945215,0.9927509760860943,0.0
2021-02-18 02:30:00,0.0899581589958159,0.3900261024866054,-0.08920327624720792,-0.09801821103374397,0.40816112863331194,0.9995545657015591,0.5,-0.38457963266908446,0.6265305008232593,0.5451177386708383,0.30378795486945215,0.9927509760860943,0.0
2021-02-18 02:40:00,0.099721059972106,0.37573842560791304,-0.09367088607594942,-0.10194608105695413,0.40816112863331194,0.9995545657015591,0.5,-0.38457963266908446,0.6265305008232593,0.5451177386708383,0.30378795486945215,0.9927509760860943,0.0
2021-02-18 02:50:00,0.09832635983263598,0.3614507487292209,-0.0963514519731945,-0.1101589001963934,0.40816112863331194,0.9995545657015591,0.5,-0.38457963266908446,0.6265305008232593,0.5451177386708383,0.30378795486945215,0.9927509760860943,0.0
2021-02-18 03:00:00,0.10390516039051603,0.34716307185052875,-0.0966492926284439,-0.11622924477771823,0.40816112863331194,0.9995545657015591,0.5,-0.3954167518560161,0.6092147571744262,0.5747257929909073,0.33175656192765074,0.022142432875940234,0.0
2021-02-18 03:10:00,0.09902370990237098,0.3328753949718366,-0.09962769918093839,-0.12265666845206213,0.40816112863331194,0.9995545657015591,0.5,-0.3954167518560161,0.6092147571744262,0.5747257929909073,0.33175656192765074,0.022142432875940234,0.0
2021-02-18 03:20:00,0.0808926080892608,0.3185877180931447,-0.10260610573343276,-0.1297982503124443,0.40816112863331194,0.9995545657015591,0.5,-0.3954167518560161,0.6092147571744262,0.5747257929909073,0.33175656192765074,0.022142432875940234,0.0
2021-02-18 03:30:00,0.08647140864714087,0.3043000412144523,-0.10498883097542833,-0.13194072487055875,0.40816112863331194,0.9995545657015591,0.5,-0.3954167518560161,0.6092147571744262,0.5747257929909073,0.33175656192765074,0.022142432875940234,0.0
2021-02-18 03:40:00,0.11645746164574616,0.2900123643357604,-0.10498883097542833,-0.13729691126584542,0.40816112863331194,0.9995545657015591,0.5,-0.3954167518560161,0.6092147571744262,0.5747257929909073,0.33175656192765074,0.022142432875940234,0.0
2021-02-18 03:50:00,0.11576011157601115,0.275724687457068,-0.10588235294117665,-0.1490805213354759,0.40816112863331194,0.9995545657015591,0.5,-0.3954167518560161,0.6092147571744262,0.5747257929909073,0.33175656192765074,0.022142432875940234,0.0
2021-02-18 04:00:00,0.11854951185495119,0.2614370105783761,-0.11034996276991826,-0.15407962863774327,0.40816112863331194,0.9995545657015591,0.5,-0.45686671738559803,0.6143324703238736,0.6388871451946896,0.3350182423590606,0.042439834991765936,0.0
2021-02-18 04:10:00,0.13528591352859135,0.24714933369968395,-0.11094564408041707,-0.1615782895911445,0.40816112863331194,0.9995545657015591,0.5,-0.45686671738559803,0.6143324703238736,0.6388871451946896,0.3350182423590606,0.042439834991765936,0.0
2021-02-18 04:20:00,0.12552301255230125,0.2328616568209918,-0.11094564408041707,-0.1680057132654883,0.40816112863331194,0.9995545657015591,0.5,-0.45686671738559803,0.6143324703238736,0.6388871451946896,0.3350182423590606,0.042439834991765936,0.0
2021-02-18 04:30:00,0.12273361227336123,0.21857397994229966,-0.11213700670141491,-0.17300482056775568,0.40816112863331194,0.9995545657015591,0.5,-0.45686671738559803,0.6143324703238736,0.6388871451946896,0.3350182423590606,0.042439834991765936,0.0
2021-02-18 04:40:00,0.09344490934449094,0.20428630306360773,-0.11392405063291144,-0.17514729512587035,0.40816112863331194,0.9995545657015591,0.5,-0.45686671738559803,0.6143324703238736,0.6388871451946896,0.3350182423590606,0.042439834991765936,0.0
2021-02-18 04:50:00,0.09414225941422595,0.18999862618491536,-0.11749813849590485,-0.1808605606141761,0.40816112863331194,0.9995545657015591,0.5,-0.45686671738559803,0.6143324703238736,0.6388871451946896,0.3350182423590606,0.042439834991765936,0.0
2021-02-18 05:00:00,0.10599721059972106,0.17571094930622322,-0.12137006701414754,-0.1837171933583288,0.40816112863331194,0.9995545657015591,0.5,-0.47766557057296943,0.6054159830118371,0.6870262937672,0.3354656811259054,0.0520603929967056,0.0
2021-02-18 05:10:00,0.11227336122733612,0.16142327242753107,-0.12285927029039478,-0.18728798428852,0.40816112863331194,0.9995545657015591,0.5,-0.47766557057296943,0.6054159830118371,0.6870262937672,0.3354656811259054,0.0520603929967056,0.0
2021-02-18 05:20:00,0.11087866108786612,0.14713559554883893,-0.12285927029039478,-0.19300124977682553,0.40816112863331194,0.9995545657015591,0.5,-0.47766557057296943,0.6054159830118371,0.6870262937672,0.3354656811259054,0.0520603929967056,0.0
2021-02-18 05:30:00,0.10251046025104603,0.132847918670147,-0.12375279225614311,-0.19550080342795917,0.40816112863331194,0.9995545657015591,0.5,-0.47766557057296943,0.6054159830118371,0.6870262937672,0.3354656811259054,0.0520603929967056,0.0
2021-02-18 05:40:00,0.08298465829846582,0.11856024179145486,-0.12851824274013413,-0.19907159435815036,0.40816112863331194,0.9995545657015591,0.5,-0.47766557057296943,0.6054159830118371,0.6870262937672,0.3354656811259054,0.0520603929967056,0.0
2021-02-18 05:50:00,0.07670850767085077,0.10427256491276271,-0.12345495160089359,-0.201571148009284,0.40816112863331194,0.9995545657015591,0.5,-0.47766557057296943,0.6054159830118371,0.6870262937672,0.3354656811259054,0.0520603929967056,0.0
2021-02-18 06:00:00,0.07810320781032079,0.08998488803407056,-0.12345495160089359,-0.20264238528834144,0.40816112863331194,0.9995545657015591,0.5,-0.5142635821284808,0.6159330128416985,0.8012457458617064,0.3392922856603859,0.05661028241423653,0.0
2021-02-18 06:10:00,0.0697350069735007,0.07569721115537842,-0.12881608339538353,-0.20371362256739867,0.40816112863331194,0.9995545657015591,0.5,-0.5142635821284808,0.6159330128416985,0.8012457458617064,0.3392922856603859,0.05661028241423653,0.0
2021-02-18 06:20:00,0.07043235704323571,0.027003098716246177,-0.12375279225614311,-0.2065702553115515,0.40816112863331194,0.9995545657015591,0.5,-0.5142635821284808,0.6159330128416985,0.8012457458617064,0.3392922856603859,0.05661028241423653,0.0
2021-02-18 06:30:00,0.07252440725244073,-0.0216910137228864,-0.12285927029039478,-0.2126405998928762,0.40816112863331194,0.9995545657015591,0.5,-0.5142635821284808,0.6159330128416985,0.8012457458617064,0.3392922856603859,0.05661028241423653,0.0
2021-02-18 06:40:00,0.08368200836820083,-0.07038512616201864,-0.12434847356664191,-0.21692554900910554,0.40816112863331194,0.9995545657015591,0.5,-0.5142635821284808,0.6159330128416985,0.8012457458617064,0.3392922856603859,0.05661028241423653,0.0
2021-02-18 06:50:00,0.08577405857740586,-0.119079238601151,-0.12643335815338808,-0.222281735404392,0.40816112863331194,0.9995545657015591,0.5,-0.5142635821284808,0.6159330128416985,0.8012457458617064,0.3392922856603859,0.05661028241423653,0.0
2021-02-18 07:00:00,0.08437935843793584,-0.16777335104028346,-0.12494415487714083,-0.22656668452062123,0.40816112863331194,0.9995545657015591,0.5,-0.5175685731181436,0.6252920199881044,0.8369091745833553,0.33712933496437536,0.05962880981378267,0.0
2021-02-18 07:10:00,0.08228730822873082,-0.2164674634794158,-0.12881608339538353,-0.23156579182288872,0.40816112863331194,0.9995545657015591,0.5,-0.5175685731181436,0.6252920199881044,0.8369091745833553,0.33712933496437536,0.05962880981378267,0.0
2021-02-18 07:20:00,0.08437935843793584,-0.26516157591854816,-0.13030528667163077,-0.23477950366006073,0.40816112863331194,0.9995545657015591,0.5,-0.5175685731181436,0.6252920199881044,0.8369091745833553,0.33712933496437536,0.05962880981378267,0.0
2021-02-18 07:30:00,0.08228730822873082,-0.3138556883576804,-0.13626209977661963,-0.24013569005534718,0.40816112863331194,0.9995545657015591,0.5,-0.5175685731181436,0.6252920199881044,0.8369091745833553,0.33712933496437536,0.05962880981378267,0.0
2021-02-18 07:40:00,0.0885634588563459,-0.36254980079681276,-0.13834698436336568,-0.24192108552044278,0.40816112863331194,0.9995545657015591,0.5,-0.5175685731181436,0.6252920199881044,0.8369091745833553,0.33712933496437536,0.05962880981378267,0.0
2021-02-18 07:50:00,0.09693165969316596,0.8725099601593624,-0.14102755026061076,-0.24370648098553827,0.40816112863331194,0.9995545657015591,0.5,-0.5175685731181436,0.6252920199881044,0.8369091745833553,0.33712933496437536,0.05962880981378267,0.0
2021-02-18 08:00:00,0.08926080892608089,0.4714475431606904,-0.14609084139985118,-0.246206034636672,0.40816112863331194,0.9995545657015591,0.5,-0.5387338433465423,0.6239500929579015,0.8574358158846611,0.34557580285373796,0.046785762270121746,0.0
2021-02-18 08:10:00,0.07531380753138076,0.07038512616201831,-0.1508562918838423,-0.2526334583110159,0.40816112863331194,0.9995545657015591,0.5,-0.5387338433465423,0.6239500929579015,0.8574358158846611,0.34557580285373796,0.046785762270121746,0.0
2021-02-18 08:20:00,0.055090655509065556,-0.33067729083665354,-0.15204765450484004,-0.2529905374040349,0.40816112863331194,0.9995545657015591,0.5,-0.5387338433465423,0.6239500929579015,0.8574358158846611,0.34557580285373796,0.046785762270121746,0.0
2021-02-18 08:30:00,0.027196652719665274,-0.6095617529880479,-0.15174981384959063,-0.256204249241207,0.40816112863331194,0.9995545657015591,0.5,-0.5387338433465423,0.6239500929579015,0.8574358158846611,0.34557580285373796,0.046785762270121746,0.0
2021-02-18 08:40:00,0.028591352859135284,-0.5526465566306205,-0.15502606105733452,-0.25656132833422596,0.40816112863331194,0.9995545657015591,0.5,-0.5387338433465423,0.6239500929579015,0.8574358158846611,0.34557580285373796,0.046785762270121746,0.0
2021-02-18 08:50:00,0.04951185495118549,-0.495731360273193,-0.15562174236783333,-0.26298875200856986,0.40816112863331194,0.9995545657015591,0.5,-0.5387338433465423,0.6239500929579015,0.8574358158846611,0.34557580285373796,0.046785762270121746,0.0
2021-02-18 09:00:00,0.03347280334728033,-0.4388161639157655,-0.15562174236783333,-0.26334583110158893,0.40816112863331194,0.9995545657015591,0.5,-0.5212908446102908,0.6419324898637113,0.8422105122060497,0.34191005242484646,0.03448644583701248,0.0
2021-02-18 09:10:00,0.010460251046025104,-0.38190096755833813,-0.15740878629932997,-0.26334583110158893,0.40816112863331194,0.9995545657015591,0.5,-0.5212908446102908,0.6419324898637113,0.8422105122060497,0.34191005242484646,0.03448644583701248,0.0
2021-02-18 09:20:00,0.02092050209205021,-0.32498577120091066,-0.16157855547282218,-0.26298875200856986,0.40816112863331194,0.9995545657015591,0.5,-0.5212908446102908,0.6419324898637113,0.8422105122060497,0.34191005242484646,0.03448644583701248,0.0
2021-02-18 09:30:00,0.060669456066945605,-0.2680705748434833,-0.1583023082650783,-0.25656132833422596,0.40816112863331194,0.9995545657015591,0.5,-0.5212908446102908,0.6419324898637113,0.8422105122060497,0.34191005242484646,0.03448644583701248,0.0
2021-02-18 09:40:00,0.0404463040446304,-0.21115537848605592,-0.15413253909158608,-0.25334761649705406,0.40816112863331194,0.9995545657015591,0.5,-0.5212908446102908,0.6419324898637113,0.8422105122060497,0.34191005242484646,0.03448644583701248,0.0
2021-02-18 09:50:00,0.12831241283124128,-0.15424018212862844,-0.14430379746835464,-0.246206034636672,0.40816112863331194,0.9995545657015591,0.5,-0.5212908446102908,0.6419324898637113,0.8422105122060497,0.34191005242484646,0.03448644583701248,0.0
2021-02-18 10:00:00,0.1596931659693166,-0.09732498577120097,-0.1314966492926286,-0.24192108552044278,0.40816112863331194,0.9995545657015591,0.5,-0.2713767788453362,0.6492857902283582,0.5319915891800668,0.24234054739231106,0.018870281238488298,0.0
2021-02-18 10:10:00,0.1506276150627615,-0.04040978941377349,-0.12613551749813867,-0.23549366184609888,0.40816112863331194,0.9995545657015591,0.5,-0.2713767788453362,0.6492857902283582,0.5319915891800668,0.24234054739231106,0.018870281238488298,0.0
2021-02-18 10:20:00,0.16945606694560672,0.016505406943653878,-0.12017870439314982,-0.23263702910194595,0.40816112863331194,0.9995545657015591,0.5,-0.2713767788453362,0.6492857902283582,0.5319915891800668,0.24234054739231106,0.018870281238488298,0.0
2021-02-18 10:30:00,0.16945606694560672,0.07342060330108136,-0.11243484735666431,-0.22585252633458308,0.40816112863331194,0.9995545657015591,0.5,-0.2713767788453362,0.6492857902283582,0.5319915891800668,0.24234054739231106,0.018870281238488298,0.0
2021-02-18 10:40:00,0.18131101813110181,0.13033579965850883,-0.10588235294117665,-0.21835386538118184,0.40816112863331194,0.9995545657015591,0.5,-0.2713767788453362,0.6492857902283582,0.5319915891800668,0.24234054739231106,0.018870281238488298,0.0
2021-02-18 10:50:00,0.17364016736401675,0.1872509960159361,-0.10022338049143709,-0.20871272986966605,0.40816112863331194,0.9995545657015591,0.5,-0.2713767788453362,0.6492857902283582,0.5319915891800668,0.24234054739231106,0.018870281238488298,0.0
2021-02-18 11:00:00,0.12412831241283125,0.7290836653386452,-0.09456440804169786,-0.1987145152651313,0.40816112863331194,0.9995545657015591,0.5,-0.17456246583392898,0.6549351018801364,0.42344161610904596,0.1691213533272414,0.930695859184778,0.0
2021-02-18 11:10:00,0.1680613668061367,0.2669322709163344,-0.08354430379746858,-0.1855025888234243,0.40816112863331194,0.9995545657015591,0.5,-0.17456246583392898,0.6549351018801364,0.42344161610904596,0.1691213533272414,0.930695859184778,0.0
2021-02-18 11:20:00,0.1792189679218968,0.22709163346613526,-0.07431124348473583,-0.17479021603285128,0.40816112863331194,0.9995545657015591,0.5,-0.17456246583392898,0.6549351018801364,0.42344161610904596,0.1691213533272414,0.930695859184778,0.0
2021-02-18 11:30:00,0.2085076708507671,-0.2270916334661356,-0.060610573343261476,-0.16729155507945004,0.40816112863331194,0.12227171492204901,0.5,-0.17456246583392898,0.6549351018801364,0.42344161610904596,0.1691213533272414,0.930695859184778,0.0395536913257993
2021-02-18 11:40:00,0.23709902370990238,-0.36254980079681276,-0.03588979895755784,-0.14086770219603628,0.39911792804700896,0.00011135857461024499,0.5,-0.17456246583392898,0.6549351018801364,0.42344161610904596,0.1691213533272414,0.930695859184778,0.0887789127449945
2021-02-18 11:50:00,0.2775453277545328,-0.01195219123505975,-0.015040953090096898,-0.10587395108016429,0.38749656463074694,0.00011135857461024499,0.5,-0.17456246583392898,0.6549351018801364,0.42344161610904596,0.1691213533272414,0.930695859184778,0.12861927968978681
2021-02-18 12:00:00,0.2524407252440725,-0.2270916334661356,0.0013402829486224288,-0.07445099089448304,0.3816204473177946,0.00011135857461024499,0.5,-0.1585149270084314,0.6575155097454942,0.38005609495943027,0.2432151825506402,0.783672557319193,0.10807670836036634
2021-02-18 12:10:00,0.2754532775453278,0.09163346613545809,0.016827997021593433,-0.04517050526691657,0.3804426064310113,0.00011135857461024499,0.5,-0.1585149270084314,0.6575155097454942,0.38005609495943027,0.2432151825506402,0.783672557319193,0.1279176788327776
2021-02-18 12:20:00,0.2880055788005579,-0.23505976095617542,0.02784810126582271,-0.025531155150865903,0.3804426064310113,0.00011135857461024499,0.5,-0.1585149270084314,0.6575155097454942,0.38005609495943027,0.2432151825506402,0.783672557319193,0.15949726149342908
2021-02-18 12:30:00,0.33472803347280333,-0.21115537848605592,0.037081161578555344,-0.007320121406891644,0.36816688696653627,0.00011135857461024499,0.5,-0.1585149270084314,0.6575155097454942,0.38005609495943027,0.2432151825506402,0.783672557319193,0.19141632843973022
2021-02-18 12:40:00,0.3521617852161785,0.3545816733067728,0.051079672375279106,0.0026780931976433386,0.3701430422321394,0.00011135857461024499,0.5,-0.1585149270084314,0.6575155097454942,0.38005609495943027,0.2432151825506402,0.783672557319193,0.23709582509769603
2021-02-18 12:50:00,0.34797768479776847,0.09163346613545809,0.06269545793000741,0.01553294054633092,0.3770006936174112,0.00011135857461024499,0.5,-0.1585149270084314,0.6575155097454942,0.38005609495943027,0.2432151825506402,0.783672557319193,0.21098571148362177
2021-02-18 13:00:00,0.3563458856345886,-0.12350597609561753,0.07073715562174243,0.02945902517407606,0.3867898600986769,0.00011135857461024499,0.5,0.009805808307120412,0.6545040760674372,0.24002629110410337,0.3817318133680902,0.7460977782166031,0.23629615100261028
2021-02-18 13:10:00,0.36401673640167365,-0.13147410358565736,0.08026805658972425,0.041242635243706305,0.38082213293897477,0.00011135857461024499,0.5,0.009805808307120412,0.6545040760674372,0.24002629110410337,0.3817318133680902,0.7460977782166031,0.2459978574769528
2021-02-18 13:20:00,0.36192468619246865,-0.01195219123505975,0.04363365599404312,0.018389573290483963,0.3849445760427163,0.00011135857461024499,0.5,0.009805808307120412,0.6545040760674372,0.24002629110410337,0.3817318133680902,0.7460977782166031,0.2408603286207885
2021-02-18 13:30:00,0.3668061366806137,-0.13147410358565736,0.016530156366343807,-0.023745759685770196,0.38448652680896733,0.00011135857461024499,0.5,0.009805808307120412,0.6545040760674372,0.24002629110410337,0.3817318133680902,0.7460977782166031,0.27695128023296167
2021-02-18 13:40:00,0.4260808926080893,0.10756972111553775,0.014147431124348353,-0.03445813247634355,0.3832694245592912,0.00011135857461024499,0.5,0.009805808307120412,0.6545040760674372,0.24002629110410337,0.3817318133680902,0.7460977782166031,0.36793306878706034
2021-02-18 13:50:00,0.43654114365411434,-0.11553784860557781,0.015636634400595373,-0.036243527941438924,0.38618785253432103,0.00022271714922048998,0.5,0.009805808307120412,0.6545040760674372,0.24002629110410337,0.3817318133680902,0.7460977782166031,0.40418999049444
2021-02-18 14:00:00,0.48465829846582986,0.08366533864541825,0.01801935964259105,-0.031244420639171433,0.38367512530918324,0.000556792873051225,0.5,0.030447901973935876,0.6459812589976646,0.1931513525296945,0.5172870633253558,0.7417071002252648,0.48729574362146744
2021-02-18 14:10:00,0.5041841004184101,-0.019920318725099695,0.02159344750558434,-0.021603285127655747,0.3810446139953671,0.00033407572383073496,0.5,0.030447901973935876,0.6459812589976646,0.1931513525296945,0.5172870633253558,0.7417071002252648,0.5475353440861838
2021-02-18 14:20:00,0.5125523012552301,0.14741035856573692,0.02427401340282942,-0.019460810569541076,0.3767651254400544,0.000556792873051225,0.5,0.030447901973935876,0.6459812589976646,0.1931513525296945,0.5172870633253558,0.7417071002252648,0.5923548138871706
2021-02-18 14:30:00,0.6101813110181311,-0.06772908366533881,0.02844378257632152,-0.019103731476522,0.3875227388726754,0.0013363028953229399,0.5,0.030447901973935876,0.6459812589976646,0.1931513525296945,0.5172870633253558,0.7417071002252648,0.7939783031820994
2021-02-18 14:40:00,0.5543933054393305,-0.059760956175298974,0.03261355174981384,-0.01624709873236929,0.38459122377668137,0.000556792873051225,0.5,0.030447901973935876,0.6459812589976646,0.1931513525296945,0.5172870633253558,0.7417071002252648,0.6677580457775699
2021-02-18 14:50:00,0.5299860529986052,0.027888446215139417,0.03618763961280713,0.0001785395465094819,0.3869599926712123,0.00044543429844097997,0.5,0.030447901973935876,0.6459812589976646,0.1931513525296945,0.5172870633253558,0.7417071002252648,0.6607344931122411
2021-02-18 15:00:00,0.5794979079497908,-0.09960159362549814,0.03737900223380475,-0.0012497768255668174,0.38837340173535223,0.00022271714922048998,0.5,0.04707558443784876,0.619657075863417,0.1553299278668584,0.6430870524191364,0.7434255675617725,0.7119890761500973
2021-02-18 15:10:00,0.597629009762901,0.06772908366533859,0.04184661206254625,0.001963935011605189,0.38692073130831944,0.0008908685968819599,0.5,0.04707558443784876,0.619657075863417,0.1553299278668584,0.6430870524191364,0.7434255675617725,0.7261493429093049
2021-02-18 15:20:00,0.5669456066945607,-0.2270916334661356,0.04690990320178701,0.012319228709159136,0.39006164033974167,0.0006681514476614699,0.5,0.04707558443784876,0.619657075863417,0.1553299278668584,0.6430870524191364,0.7434255675617725,0.6962370052959549
2021-02-18 15:30:00,0.5599721059972106,-0.15537848605577698,0.049590469099031864,0.01624709873236929,0.3855727578490008,0.00022271714922048998,0.5,0.04707558443784876,0.619657075863417,0.1553299278668584,0.6430870524191364,0.7434255675617725,0.663518264254568
2021-02-18 15:40:00,0.4581589958158996,-0.059760956175298974,0.04988830975428127,0.018746652383502926,0.3740299171585243,0.00022271714922048998,0.5,0.04707558443784876,0.619657075863417,0.1553299278668584,0.6430870524191364,0.7434255675617725,0.44510916305807446
2021-02-18 15:50:00,0.5320781032078103,0.05976095617529875,0.055249441548771205,0.018746652383502926,0.37679129968198294,0.00011135857461024499,0.5,0.04707558443784876,0.619657075863417,0.1553299278668584,0.6430870524191364,0.7434255675617725,0.6025996952185524
2021-02-18 16:00:00,0.592747559274756,-0.0916334661354582,0.05703648548026785,0.018389573290483963,0.38402847757521824,0.00022271714922048998,0.5,0.1083993418768383,0.6096055539112736,0.10319220316332758,0.7212042232606332,0.744765658405781,0.7338820405268796
2021-02-18 16:10:00,0.499302649930265,-0.059760956175298974,0.05971705137751293,0.021603285127655747,0.376032246666056,0.00022271714922048998,0.5,0.1083993418768383,0.6096055539112736,0.10319220316332758,0.7212042232606332,0.744765658405781,0.5403910858970683
2021-02-18 16:20:00,0.5167364016736402,0.13147410358565725,0.06478034251675346,0.02874486698803791,0.3773409587624819,0.00033407572383073496,0.5,0.1083993418768383,0.6096055539112736,0.10319220316332758,0.7212042232606332,0.744765658405781,0.5904310696018227
2021-02-18 16:30:00,0.50278940027894,-0.08366533864541836,0.06597170513775108,0.03160149973219073,0.379421810995799,0.00011135857461024499,0.5,0.1083993418768383,0.6096055539112736,0.10319220316332758,0.7212042232606332,0.744765658405781,0.5426165939918826
2021-02-18 16:40:00,0.4790794979079498,0.09960159362549792,0.06835443037974676,0.036957686127477185,0.38477444347018097,0.00011135857461024499,0.5,0.1083993418768383,0.6096055539112736,0.10319220316332758,0.7212042232606332,0.744765658405781,0.46607420372074776
2021-02-18 16:50:00,0.4776847977684798,0.003984063745019917,0.07222635889798945,0.038386002499553706,0.3867636858567483,0.00011135857461024499,0.5,0.1083993418768383,0.6096055539112736,0.10319220316332758,0.7212042232606332,0.744765658405781,0.48314649124130543
2021-02-18 17:00:00,0.5306834030683404,-0.0916334661354582,0.07371556217423669,0.03624352794143926,0.3757574171258065,0.00022271714922048998,0.5,0.1070069170972272,0.6084101756573869,0.10080023516411078,0.750478775437555,0.7439342815339596,0.594904718077161
2021-02-18 17:10:00,0.50278940027894,0.09163346613545809,0.07550260610573334,0.03445813247634355,0.38291607229325625,0.00011135857461024499,0.5,0.1070069170972272,0.6084101756573869,0.10080023516411078,0.750478775437555,0.7439342815339596,0.5563317591321273
2021-02-18 17:20:00,0.4818688981868898,0.07569721115537842,0.0746090841399849,0.039100160685591856,0.375024538351808,0.00011135857461024499,0.5,0.1070069170972272,0.6084101756573869,0.10080023516411078,0.750478775437555,0.7439342815339596,0.4813132760987975
2021-02-18 17:30:00,0.4790794979079498,-0.0916334661354582,0.07669396872673095,0.04552758435993587,0.3818036670112942,0.00011135857461024499,0.5,0.1070069170972272,0.6084101756573869,0.10080023516411078,0.750478775437555,0.7439342815339596,0.4787935482897536
2021-02-18 17:40:00,0.5181311018131102,0.027888446215139417,0.07669396872673095,0.041242635243706305,0.37714465194801794,0.00022271714922048998,0.5,0.1070069170972272,0.6084101756573869,0.10080023516411078,0.750478775437555,0.7439342815339596,0.5650904537018875
2021-02-18 17:50:00,0.5181311018131102,0.03585657370517925,0.07669396872673095,0.03874308159257289,0.3749591027469867,0.00022271714922048998,0.5,0.1070069170972272,0.6084101756573869,0.10080023516411078,0.750478775437555,0.7439342815339596,0.5593946617982105
2021-02-18 18:00:00,0.5041841004184101,0.05976095617529875,0.07669396872673095,0.03802892340653452,0.38052112915679676,0.00011135857461024499,0.5,-0.03370956730036434,0.615651409310732,0.13787497826722958,0.708845480113737,0.7432675009677884,0.5248125292333691
2021-02-18 18:10:00,0.5034867503486751,-0.07569721115537853,0.0746090841399849,0.03231565791822888,0.37234167855413486,0.00011135857461024499,0.5,-0.03370956730036434,0.615651409310732,0.13787497826722958,0.708845480113737,0.7432675009677884,0.5464640825625783
2021-02-18 18:20:00,0.4916317991631799,-0.043824701195219196,0.07371556217423669,0.036957686127477185,0.37222389446545656,0.00011135857461024499,0.5,-0.03370956730036434,0.615651409310732,0.13787497826722958,0.708845480113737,0.7432675009677884,0.5274831389471462
2021-02-18 18:30:00,0.5355648535564853,0.15537848605577675,0.07133283693224102,0.02945902517407606,0.3743047466987737,0.00011135857461024499,0.5,-0.03370956730036434,0.615651409310732,0.13787497826722958,0.708845480113737,0.7432675009677884,0.6310635665464641
2021-02-18 18:40:00,0.48884239888423986,0.13147410358565725,0.06746090841399854,0.02517407605784694,0.37505071259373657,0.00022271714922048998,0.5,-0.03370956730036434,0.615651409310732,0.13787497826722958,0.708845480113737,0.7432675009677884,0.511323686950224
2021-02-18 18:50:00,0.5237099023709902,-0.17928286852589637,0.06418466120625443,0.025888234243884867,0.370731962675531,0.00022271714922048998,0.5,-0.03370956730036434,0.615651409310732,0.13787497826722958,0.708845480113737,0.7432675009677884,0.5615899935120781
2021-02-18 19:00:00,0.49442119944211993,-0.20318725099601598,0.05971705137751293,0.019817889662560484,0.36772192485375144,0.00022271714922048998,0.5,-0.02362872941739158,0.6242144554563565,0.1280478982017377,0.5766811218557026,0.7262071433205558,0.510531556950375
2021-02-18 19:10:00,0.499302649930265,-0.19521912350597614,0.055249441548771205,0.010533833244063429,0.36772192485375144,0.00022271714922048998,0.5,-0.02362872941739158,0.6242144554563565,0.1280478982017377,0.5766811218557026,0.7262071433205558,0.5203313366627941
2021-02-18 19:20:00,0.5083682008368201,0.043824701195219085,0.04869694713328343,0.005534725941795937,0.35808980382405675,0.00022271714922048998,0.5,-0.02362872941739158,0.6242144554563565,0.1280478982017377,0.5766811218557026,0.7262071433205558,0.5420583309443698
2021-02-18 19:30:00,0.5648535564853556,0.12350597609561742,0.04303797468354409,-0.0026780931976432276,0.3564931750664171,0.00022271714922048998,0.5,-0.02362872941739158,0.6242144554563565,0.1280478982017377,0.5766811218557026,0.7262071433205558,0.6763507702521236
2021-02-18 19:40:00,0.5390516039051604,0.3067729083665336,0.03678332092330594,-0.010890912337082503,0.3564931750664171,0.00022271714922048998,0.5,-0.02362872941739158,0.6242144554563565,0.1280478982017377,0.5766811218557026,0.7262071433205558,0.6070657995986541
2021-02-18 19:50:00,0.5,0.22709163346613526,0.029337304542069953,-0.01696125691840733,0.3606548795330516,0.00033407572383073496,0.5,-0.02362872941739158,0.6242144554563565,0.1280478982017377,0.5766811218557026,0.7262071433205558,0.5310665841845588
2021-02-18 20:00:00,0.3688981868898187,-0.06772908366533881,0.023976172747579794,-0.017318336011426405,0.3676695763698944,0.00033407572383073496,0.5,-0.03378284403795195,0.6370820127181354,0.12443242753809276,0.5143515120616006,0.7173886453131317,0.30930036060775234
2021-02-18 20:10:00,0.3814504881450488,-0.19521912350597614,0.017125837676842837,-0.02053204784859841,0.3676695763698944,0.00033407572383073496,0.5,-0.03378284403795195,0.6370820127181354,0.12443242753809276,0.5143515120616006,0.7173886453131317,0.32245726270048436
2021-02-18 20:20:00,0.37308228730822873,-0.2828685258964144,0.012062546537602303,-0.02660239242992324,0.3676695763698944,0.00033407572383073496,0.5,-0.03378284403795195,0.6370820127181354,0.12443242753809276,0.5143515120616006,0.7173886453131317,0.3079650557508638
2021-02-18 20:30:00,0.3437935843793584,0.19521912350597592,0.00699925539836177,-0.03802892340653463,0.36795749303110803,0.00033407572383073496,0.5,-0.03378284403795195,0.6370820127181354,0.12443242753809276,0.5143515120616006,0.7173886453131317,0.244006216334475
2021-02-18 20:40:00,0.40585774058577406,0.10756972111553775,0.00431868950111669,-0.05195500803427966,0.3788852390362644,0.00033407572383073496,0.5,-0.03378284403795195,0.6370820127181354,0.12443242753809276,0.5143515120616006,0.7173886453131317,0.33166105888920744
2021-02-18 20:50:00,0.3472803347280335,0.03585657370517925,-0.0019359642591214588,-0.06088198535975731,0.38947271989635,0.00033407572383073496,0.5,-0.03378284403795195,0.6370820127181354,0.12443242753809276,0.5143515120616006,0.7173886453131317,0.20799070567466843
2021-02-18 21:00:00,0.3054393305439331,0.3306772908366533,-0.00967982129560696,-0.0751651490805213,0.39209014408920184,0.00033407572383073496,0.5,-0.04884713378557903,0.6465214780162489,0.1320143903594889,0.45664659341534275,0.7202400377693928,0.17453264330008902
2021-02-18 21:10:00,0.32496513249651326,-0.3067729083665339,-0.01801935964259138,-0.08587752187109432,0.40397324992474903,0.00033407572383073496,0.5,-0.04884713378557903,0.6465214780162489,0.1320143903594889,0.45664659341534275,0.7202400377693928,0.19862848348597556
2021-02-18 21:20:00,0.36262203626220363,-0.3784860557768924,-0.015040953090096898,-0.08766291733619003,0.40180078784468204,0.00033407572383073496,0.5,-0.04884713378557903,0.6465214780162489,0.1320143903594889,0.45664659341534275,0.7202400377693928,0.25193506042820285
2021-02-18 21:30:00,0.34658298465829845,0.15537848605577675,-0.010573343261355284,-0.08766291733619003,0.39269215165355775,0.00033407572383073496,0.5,-0.04884713378557903,0.6465214780162489,0.1320143903594889,0.45664659341534275,0.7202400377693928,0.22104199043408723
2021-02-18 21:40:00,0.37377963737796377,0.01195219123505975,-0.00967982129560696,-0.09159078735940018,0.39269215165355775,0.00033407572383073496,0.5,-0.04884713378557903,0.6465214780162489,0.1320143903594889,0.45664659341534275,0.7202400377693928,0.2542209212849103
2021-02-18 21:50:00,0.36750348675034866,-0.043824701195219196,-0.01027550260610588,-0.09087662917336181,0.38822944340474536,0.00033407572383073496,0.5,-0.04884713378557903,0.6465214780162489,0.1320143903594889,0.45664659341534275,0.7202400377693928,0.24808757185750716
2021-02-18 22:00:00,0.3472803347280335,0.12350597609561742,-0.012658227848101444,-0.09373326191751463,0.3856643676957506,0.00033407572383073496,0.5,-0.14987944525807462,0.6508259891324034,0.19857620710876864,0.40821393031607434,0.7362682972255427,0.2150293465304706
2021-02-18 22:10:00,0.3354253835425383,-0.17928286852589637,-0.012658227848101444,-0.09480449919657197,0.386541204800356,0.00033407572383073496,0.5,-0.14987944525807462,0.6508259891324034,0.19857620710876864,0.40821393031607434,0.7362682972255427,0.1947130980581499
2021-02-18 22:20:00,0.3326359832635983,-0.003984063745020028,-0.012658227848101444,-0.1008748437778968,0.3814764889871877,0.00033407572383073496,0.5,-0.14987944525807462,0.6508259891324034,0.19857620710876864,0.40821393031607434,0.7362682972255427,0.195814535962702
2021-02-18 22:30:00,0.35495118549511856,-0.31474103585657376,-0.01653015636634425,-0.09908944831280142,0.3814764889871877,0.00033407572383073496,0.5,-0.14987944525807462,0.6508259891324034,0.19857620710876864,0.40821393031607434,0.7362682972255427,0.2353154186218447
2021-02-18 22:40:00,0.29218967921896793,-0.4422310756972112,-0.02278481012658229,-0.10266023924299217,0.3814764889871877,0.00033407572383073496,0.5,-0.14987944525807462,0.6508259891324034,0.19857620710876864,0.40821393031607434,0.7362682972255427,0.17045883187229355
2021-02-18 22:50:00,0.2796373779637378,0.14741035856573692,-0.02963514519731958,-0.10944474201035537,0.3727212050620984,0.00033407572383073496,0.5,-0.14987944525807462,0.6508259891324034,0.19857620710876864,0.40821393031607434,0.7362682972255427,0.14342079454411033
2021-02-18 23:00:00,0.2754532775453278,-0.33067729083665354,-0.03529411764705892,-0.11408677021960356,0.38142414050333073,0.00033407572383073496,0.5,-0.2186762959259536,0.6448490978629741,0.2517777754951236,0.36982303137424954,0.7718819120659989,0.13602003711694857
2021-02-18 23:10:00,0.30474198047419804,-0.12350597609561753,-0.04095309009679826,-0.12051419389394735,0.38142414050333073,0.00033407572383073496,0.5,-0.2186762959259536,0.6448490978629741,0.2517777754951236,0.36982303137424954,0.7718819120659989,0.15027083301899605
2021-02-18 23:20:00,0.28870292887029286,0.3784860557768923,-0.046016381236038795,-0.12515622210319588,0.38142414050333073,0.00033407572383073496,0.5,-0.2186762959259536,0.6448490978629741,0.2517777754951236,0.36982303137424954,0.7718819120659989,0.13835116254507596
2021-02-18 23:30:00,0.27405857740585776,0.2828685258964143,-0.052866716306776085,-0.13194072487055875,0.3920639698472733,0.00033407572383073496,0.5,-0.2186762959259536,0.6448490978629741,0.2517777754951236,0.36982303137424954,0.7718819120659989,0.12611464007121626
2021-02-18 23:40:00,0.28451882845188287,0.15537848605577675,-0.05941921072226375,-0.1347973576147118,0.3953095758464095,0.00033407572383073496,0.5,-0.2186762959259536,0.6448490978629741,0.2517777754951236,0.36982303137424954,0.7718819120659989,0.13339469197459147
2021-02-18 23:50:00,0.2391910739191074,0.2111553784860556,-0.0618019359642592,-0.13872522763792183,0.3953095758464095,0.00033407572383073496,0.5,-0.2186762959259536,0.6448490978629741,0.2517777754951236,0.36982303137424954,0.7718819120659989,0.11325195769271391
2021-02-19 00:00:00,0.20781032078103207,0.2749003984063745,-0.06686522710349974,-0.1422960185681127,0.3953095758464095,0.00033407572383073496,0.5,-0.24416339278299193,0.6403836704434125,0.2818483209239373,0.3575797665035836,0.8085824058744502,0.09427855817251837
2021-02-19 00:10:00,0.23430962343096234,-0.26693227091633476,-0.07192851824274027,-0.1487234422424566,0.3953095758464095,0.00033407572383073496,0.5,-0.24416339278299193,0.6403836704434125,0.2818483209239373,0.3575797665035836,0.8085824058744502,0.09038580503040271
2021-02-19 00:20:00,0.20502092050209206,0.03585657370517925,-0.07967237527922577,-0.15158007498660953,0.3953095758464095,0.00033407572383073496,0.5,-0.24416339278299193,0.6403836704434125,0.2818483209239373,0.3575797665035836,0.8085824058744502,0.07261191665283583
2021-02-19 00:30:00,0.197350069735007,0.17928286852589648,-0.08205510052122122,-0.153365470451705,0.3953095758464095,0.00033407572383073496,0.5,-0.24416339278299193,0.6403836704434125,0.2818483209239373,0.3575797665035836,0.8085824058744502,0.07185750712917
2021-02-19 00:40:00,0.17294281729428174,0.03585657370517925,-0.08682055100521235,-0.15943581503302984,0.3953095758464095,0.00033407572383073496,0.5,-0.24416339278299193,0.6403836704434125,0.2818483209239373,0.3575797665035836,0.8085824058744502,0.05852709084599484
2021-02-19 00:50:00,0.1882845188284519,0.4262948207171313,-0.09456440804169786,-0.1615782895911445,0.3953095758464095,0.00033407572383073496,0.5,-0.24416339278299193,0.6403836704434125,0.2818483209239373,0.3575797665035836,0.8085824058744502,0.07114836217692412
2021-02-19 01:00:00,0.23640167364016737,0.1394422310756971,-0.09605361131794499,-0.16836279235850737,0.3953095758464095,0.00033407572383073496,0.5,-0.3145460827963764,0.6314355745717779,0.3509518731523975,0.35874291201586705,0.8386434163919817,0.09725093169576172
2021-02-19 01:10:00,0.16736401673640167,0.36254980079681287,-0.0999255398361878,-0.17050526691662193,0.3953095758464095,0.00033407572383073496,0.5,-0.3145460827963764,0.6314355745717779,0.3509518731523975,0.35874291201586705,0.8386434163919817,0.06892285408210994
2021-02-19 01:20:00,0.12412831241283125,0.4581673306772909,-0.1037974683544306,-0.16979110873058378,0.3953095758464095,0.00033407572383073496,0.5,-0.3145460827963764,0.6314355745717779,0.3509518731523975,0.35874291201586705,0.8386434163919817,0.039063325135416514
2021-02-19 01:30:00,0.1311018131101813,0.2749003984063745,-0.0999255398361878,-0.15622210319585772,0.3953095758464095,0.00033407572383073496,0.5,-0.3145460827963764,0.6314355745717779,0.3509518731523975,0.35874291201586705,0.8386434163919817,0.021628921043499255
2021-02-19 01:40:00,0.12412831241283125,0.6095617529880477,-0.06984363365599422,-0.08730583824317073,0.3953095758464095,0.00033407572383073496,0.5,-0.3145460827963764,0.6314355745717779,0.3509518731523975,0.35874291201586705,0.8386434163919817,0.015518203901806056
2021-02-19 01:50:00,0.11576011157601115,0.1633466135458166,-0.05673864482501878,-0.030530262453133394,0.3953095758464095,0.00033407572383073496,0.5,-0.3145460827963764,0.6314355745717779,0.3509518731523975,0.35874291201586705,0.8386434163919817,0.007370581046215127
2021-02-19 02:00:00,0.1206415620641562,0.3306772908366533,-0.05048399106478041,0.018389573290483963,0.3953095758464095,0.00033407572383073496,0.5,-0.34274271793659117,0.6229989626645459,0.3716119229117233,0.3572648660229311,0.8620794449191898,0.013322872187938501
2021-02-19 02:10:00,0.14295676429567641,0.7529880478087649,-0.044527177959791664,0.05195500803427966,0.40864535210898956,0.00033407572383073496,0.5,-0.34274271793659117,0.6229989626645459,0.3716119229117233,0.3572648660229311,0.8620794449191898,0.025861158471264543
2021-02-19 02:20:00,0.20781032078103207,0.05179282868525892,-0.037676842889054374,0.060167827173718935,0.42431063590320767,0.00033407572383073496,0.5,-0.34274271793659117,0.6229989626645459,0.3716119229117233,0.3572648660229311,0.8620794449191898,0.07172171341491014
2021-02-19 02:30:00,0.23570432357043236,-0.05179282868525903,-0.05048399106478041,0.032672737011248065,0.41606574969572446,0.00033407572383073496,0.5,-0.34274271793659117,0.6229989626645459,0.3716119229117233,0.3572648660229311,0.8620794449191898,0.09675302141014229
2021-02-19 02:40:00,0.28451882845188287,0.17928286852589648,-0.09873417721518996,-0.06445277628994805,0.42654853358809597,0.00033407572383073496,0.5,-0.34274271793659117,0.6229989626645459,0.3716119229117233,0.3572648660229311,0.8620794449191898,0.1335757502602713
2021-02-19 02:50:00,0.301952580195258,0.2669322709163344,-0.10618019359642605,-0.11337261203356541,0.42818442370862836,0.00033407572383073496,0.5,-0.34274271793659117,0.6229989626645459,0.3716119229117233,0.3572648660229311,0.8620794449191898,0.171862033586312
2021-02-19 03:00:00,0.301255230125523,0.394422310756972,-0.10856291883842151,-0.13551151580074983,0.42819751082959256,0.00033407572383073496,0.5,-0.34703602767372543,0.6093785469832497,0.3885236008058784,0.3586733610584538,0.8814338056748656,0.17248819349095462
2021-02-19 03:10:00,0.3682008368200837,0.22709163346613526,-0.10766939687267318,-0.1455097304052847,0.4469382680504116,0.00033407572383073496,0.5,-0.34703602767372543,0.6093785469832497,0.3885236008058784,0.3586733610584538,0.8814338056748656,0.2280806312898894
2021-02-19 03:20:00,0.3186889818688982,-0.01195219123505975,-0.11094564408041707,-0.15015175861453323,0.44442554082527386,0.00033407572383073496,0.5,-0.34703602767372543,0.6093785469832497,0.3885236008058784,0.3586733610584538,0.8814338056748656,0.1801001855847428
2021-02-19 03:30:00,0.3891213389121339,-0.10756972111553798,-0.11660461653015652,-0.15443670773076235,0.4576435329991755,0.00033407572383073496,0.5,-0.34703602767372543,0.6093785469832497,0.3885236008058784,0.3586733610584538,0.8814338056748656,0.2950420206104682
2021-02-19 03:40:00,0.3437935843793584,-0.3227091633466136,-0.12107222635889814,-0.15229423317264768,0.4554187224352515,0.00033407572383073496,0.5,-0.34703602767372543,0.6093785469832497,0.3885236008058784,0.3586733610584538,0.8814338056748656,0.22988367005145074
2021-02-19 03:50:00,0.3263598326359832,-0.10756972111553798,-0.1273268801191364,-0.16443492233529733,0.45540563531428724,0.00033407572383073496,0.5,-0.34703602767372543,0.6093785469832497,0.3885236008058784,0.3586733610584538,0.8814338056748656,0.20634609291307693
2021-02-19 04:00:00,0.4602510460251046,-0.08366533864541836,-0.12166790766939695,-0.16336368505623988,0.4484432869613013,0.00033407572383073496,0.5,-0.38726268859921364,0.6049159930691046,0.4303617360194087,0.35060823456824497,0.8925515646827346,0.3719088069767793
2021-02-19 04:10:00,0.4825662482566248,0.5219123505976095,-0.11481757259865988,-0.1597928941260488,0.45024930965436916,0.00033407572383073496,0.5,-0.38726268859921364,0.6049159930691046,0.4303617360194087,0.35060823456824497,0.8925515646827346,0.38935829925916987
2021-02-19 04:20:00,0.5237099023709902,-0.2589641434262948,-0.13626209977661963,-0.16871987145152645,0.4688591956655455,0.00033407572383073496,0.5,-0.38726268859921364,0.6049159930691046,0.4303617360194087,0.35060823456824497,0.8925515646827346,0.4769452449567724
2021-02-19 04:30:00,0.49790794979079495,-0.05179282868525903,-0.1386448250186152,-0.16372076414925896,0.4626035518446297,0.00033407572383073496,0.5,-0.38726268859921364,0.6049159930691046,0.4303617360194087,0.35060823456824497,0.8925515646827346,0.4427025966775805
2021-02-19 04:40:00,0.5264993026499303,0.019920318725099362,-0.1472822040208489,-0.16372076414925896,0.46802161992383295,0.00033407572383073496,0.5,-0.38726268859921364,0.6049159930691046,0.4303617360194087,0.35060823456824497,0.8925515646827346,0.4495677233429395
2021-02-19 04:50:00,0.3235704323570432,-0.3784860557768924,-0.17587490692479535,-0.17336189966077487,0.46064048369999083,0.00033407572383073496,0.5,-0.38726268859921364,0.6049159930691046,0.4303617360194087,0.35060823456824497,0.8925515646827346,0.2147577591019509
2021-02-19 05:00:00,0.199442119944212,-0.11553784860557781,-0.20387192851824287,-0.1919300124977681,0.44429466961563124,0.00033407572383073496,0.5,-0.3840890420759231,0.5927409506130633,0.44698681399424295,0.353297270044169,0.9002149203230225,0.0849842328409554
2021-02-19 05:10:00,0.3361227336122734,-0.019920318725099695,-0.21102010424422946,-0.2051419389394752,0.44912381725144285,0.00033407572383073496,0.5,-0.3840890420759231,0.5927409506130633,0.44698681399424295,0.353297270044169,0.9002149203230225,0.21261523605473995
2021-02-19 05:20:00,0.3242677824267783,0.21912350597609564,-0.20565897244973952,-0.21549723263702913,0.45231707476672206,0.00033407572383073496,0.5,-0.3840890420759231,0.5927409506130633,0.44698681399424295,0.353297270044169,0.9002149203230225,0.16771278120614996
2021-02-19 05:30:00,0.23430962343096234,-0.3944223107569722,-0.22174236783320933,-0.22620960542760216,0.45714622240253366,0.00033407572383073496,0.5,-0.3840890420759231,0.5927409506130633,0.44698681399424295,0.353297270044169,0.9002149203230225,0.09022737903043287
2021-02-19 05:40:00,0.27266387726638774,-0.4820717131474104,-0.2202531645569621,-0.23120871272986965,0.434885029642329,0.00033407572383073496,0.5,-0.3840890420759231,0.5927409506130633,0.44698681399424295,0.353297270044169,0.9002149203230225,0.11944565988201036
2021-02-19 05:50:00,0.34309623430962344,-0.1394422310756973,-0.20536113179449,-0.22585252633458308,0.4213922079281779,0.00033407572383073496,0.5,-0.3840890420759231,0.5927409506130633,0.44698681399424295,0.353297270044169,0.9002149203230225,0.16283175158803206
2021-02-19 06:00:00,0.25523012552301255,0.17928286852589648,-0.1964259121370069,-0.2237100517764684,0.4213922079281779,0.00033407572383073496,0.5,-0.40005203081958884,0.601436178007913,0.49443647417677666,0.3861205755175393,0.9161156407473415,0.10627366959880502
2021-02-19 06:10:00,0.25662482566248257,0.33864541832669315,-0.19136262099776635,-0.22478128905552575,0.4213922079281779,0.00033407572383073496,0.5,-0.40005203081958884,0.601436178007913,0.49443647417677666,0.3861205755175393,0.9161156407473415,0.1094195573124915
2021-02-19 06:20:00,0.2510460251046025,-0.019920318725099695,-0.19046909903201792,-0.23120871272986965,0.4325162607477981,0.00033407572383073496,0.5,-0.40005203081958884,0.601436178007913,0.49443647417677666,0.3861205755175393,0.9161156407473415,0.1183517660726949
2021-02-19 06:30:00,0.32147838214783825,-0.24302788844621515,-0.18361876396128085,-0.22620960542760216,0.4221905223069977,0.00033407572383073496,0.5,-0.40005203081958884,0.601436178007913,0.49443647417677666,0.3861205755175393,0.9161156407473415,0.15301688368513966
2021-02-19 06:40:00,0.3054393305439331,-0.3545816733067729,-0.17944899478778864,-0.2240671308694876,0.42141838217010635,0.00033407572383073496,0.5,-0.40005203081958884,0.601436178007913,0.49443647417677666,0.3861205755175393,0.9161156407473415,0.14542752387706143
2021-02-19 06:50:00,0.2838214783821479,0.11553784860557759,-0.18064035740878648,-0.2240671308694876,0.42450694271767153,0.00033407572383073496,0.5,-0.40005203081958884,0.601436178007913,0.49443647417677666,0.3861205755175393,0.9161156407473415,0.1387811759735655
2021-02-19 07:00:00,0.2691771269177127,0.003984063745019917,-0.1812360387192853,-0.22656668452062123,0.4353169046341495,0.00033407572383073496,0.5,-0.4081317833930299,0.6016287028709182,0.523229620938635,0.3439145990749923,0.9020781408552705,0.13930926264013158
2021-02-19 07:10:00,0.298465829846583,-0.3545816733067729,-0.17617274758004486,-0.22478128905552575,0.4273337608459515,0.00033407572383073496,0.5,-0.4081317833930299,0.6016287028709182,0.523229620938635,0.3439145990749923,0.9020781408552705,0.1556874933989167
2021-02-19 07:20:00,0.299163179916318,-0.33067729083665354,-0.17170513775130314,-0.22121049812533466,0.41826438601772,0.00033407572383073496,0.5,-0.4081317833930299,0.6016287028709182,0.523229620938635,0.3439145990749923,0.9020781408552705,0.15755842901760791
2021-02-19 07:30:00,0.2622036262203626,-0.19521912350597614,-0.1705137751303054,-0.21835386538118184,0.39657902657994265,0.00033407572383073496,0.5,-0.4081317833930299,0.6016287028709182,0.523229620938635,0.3439145990749923,0.9020781408552705,0.11417233731158623
2021-02-19 07:40:00,0.2196652719665272,0.346613545816733,-0.1746835443037975,-0.22049633993929663,0.4047323029406761,0.00033407572383073496,0.5,-0.4081317833930299,0.6016287028709182,0.523229620938635,0.3439145990749923,0.9020781408552705,0.10106069979027416
2021-02-19 07:50:00,0.31729428172942814,0.3067729083665336,-0.18064035740878648,-0.22121049812533466,0.4213922079281779,0.00033407572383073496,0.5,-0.4081317833930299,0.6016287028709182,0.523229620938635,0.3439145990749923,0.9020781408552705,0.16750909063476016
2021-02-19 08:00:00,0.25662482566248257,-0.45019920318725104,-0.1818317200297842,-0.2240671308694876,0.42046302233971544,0.00033407572383073496,0.5,-0.42411821935860017,0.6089101656001193,0.5487840617980442,0.3449878066015294,0.8977188387689816,0.12419843988110506
2021-02-19 08:10:00,0.20711297071129708,0.1394422310756971,-0.18332092330603145,-0.2240671308694876,0.4074936854641347,0.00033407572383073496,0.5,-0.42411821935860017,0.6089101656001193,0.5487840617980442,0.3449878066015294,0.8977188387689816,0.0846749249362524
2021-02-19 08:20:00,0.24058577405857742,0.2828685258964143,-0.19017125837676851,-0.22978039635779324,0.4148355603250841,0.00033407572383073496,0.5,-0.42411821935860017,0.6089101656001193,0.5487840617980442,0.3449878066015294,0.8977188387689816,0.11360653016883686
2021-02-19 08:30:00,0.29288702928870297,-0.2509960159362551,-0.1889798957557708,-0.23263702910194595,0.42136603368624936,0.00033407572383073496,0.5,-0.42411821935860017,0.6089101656001193,0.5487840617980442,0.3449878066015294,0.8977188387689816,0.15061031730464564
2021-02-19 08:40:00,0.2824267782426778,-0.31474103585657376,-0.18510796723752798,-0.23120871272986965,0.4213922079281779,0.00033407572383073496,0.5,-0.42411821935860017,0.6089101656001193,0.5487840617980442,0.3449878066015294,0.8977188387689816,0.14676282873394994
2021-02-19 08:50:00,0.29776847977684795,-0.298804780876494,-0.1812360387192853,-0.23085163363685057,0.4213922079281779,0.00033407572383073496,0.5,-0.42411821935860017,0.6089101656001193,0.5487840617980442,0.3449878066015294,0.8977188387689816,0.15775457549376104
2021-02-19 09:00:00,0.301952580195258,-0.24302788844621515,-0.177661950856292,-0.22513836814854493,0.4213922079281779,0.00033407572383073496,0.5,-0.4121848841797292,0.6151313048300757,0.5443016897855155,0.335965321534256,0.8919633087690512,0.16428021787347044
2021-02-19 09:10:00,0.28870292887029286,-0.4103585657370519,-0.17319434102755038,-0.2240671308694876,0.4213922079281779,0.00033407572383073496,0.5,-0.4121848841797292,0.6151313048300757,0.5443016897855155,0.335965321534256,0.8919633087690512,0.14376027882975995
2021-02-19 09:20:00,0.2580195258019526,-0.38645418326693237,-0.17140729709605362,-0.2208534190323156,0.407860124851134,0.00033407572383073496,0.5,-0.4121848841797292,0.6151313048300757,0.5443016897855155,0.335965321534256,0.8919633087690512,0.12972826168957557
2021-02-19 09:30:00,0.2705718270571827,-0.1633466135458168,-0.17349218168279978,-0.21514015354400995,0.3936082501210558,0.00033407572383073496,0.5,-0.4121848841797292,0.6151313048300757,0.5443016897855155,0.335965321534256,0.8919633087690512,0.12164099159587792
2021-02-19 09:40:00,0.23430962343096234,-0.29083665338645437,-0.1746835443037975,-0.21335475807891446,0.3936082501210558,0.00033407572383073496,0.5,-0.4121848841797292,0.6151313048300757,0.5443016897855155,0.335965321534256,0.8919633087690512,0.08689288893582993
2021-02-19 09:50:00,0.198744769874477,-0.2589641434262948,-0.17944899478778864,-0.20835565077664697,0.37909463297169255,0.00033407572383073496,0.5,-0.4121848841797292,0.6151313048300757,0.5443016897855155,0.335965321534256,0.8919633087690512,0.06709718303483864
2021-02-19 10:00:00,0.12622036262203626,0.2749003984063745,-0.17944899478778864,-0.201571148009284,0.3658897279187552,0.00033407572383073496,0.5,-0.2042675277989663,0.6244759444493949,0.3695158122628497,0.2629576191560143,0.8452987569983464,0.03748660923095493
2021-02-19 10:10:00,0.15341701534170155,0.08366533864541825,-0.17944899478778864,-0.19228709159078738,0.3658897279187552,0.00033407572383073496,0.5,-0.2042675277989663,0.6244759444493949,0.3695158122628497,0.2629576191560143,0.8452987569983464,0.043619958658358104
2021-02-19 10:20:00,0.1324965132496513,0.15537848605577675,-0.1812360387192853,-0.19085877521871086,0.3658897279187552,0.00033407572383073496,0.5,-0.2042675277989663,0.6244759444493949,0.3695158122628497,0.2629576191560143,0.8452987569983464,0.03428791285061183
2021-02-19 10:30:00,0.14783821478382148,0.3067729083665336,-0.1815338793745348,-0.18728798428852,0.3658897279187552,0.00033407572383073496,0.5,-0.2042675277989663,0.6244759444493949,0.3695158122628497,0.2629576191560143,0.8452987569983464,0.04524193913423963
2021-02-19 10:40:00,0.1317991631799163,0.6972111553784857,-0.17617274758004486,-0.18478843063738626,0.3658897279187552,0.00033407572383073496,0.5,-0.2042675277989663,0.6244759444493949,0.3695158122628497,0.2629576191560143,0.8452987569983464,0.030968510946482185
2021-02-19 10:50:00,0.12273361227336123,0.6733067729083664,-0.1696202531645571,-0.17800392787002317,0.3658897279187552,0.00033407572383073496,0.5,-0.2042675277989663,0.6244759444493949,0.3695158122628497,0.2629576191560143,0.8452987569983464,0.03144378894639166
2021-02-19 11:00:00,0.15341701534170155,0.6494023904382469,-0.16157855547282218,-0.17300482056775568,0.3658897279187552,0.00033407572383073496,0.5,-0.20094322537049447,0.622269092288373,0.32725297654940544,0.32285648943848405,0.7753791396607128,0.045634232086545864
2021-02-19 11:10:00,0.16248256624825663,0.24302788844621515,-0.15383469843633668,-0.16586323870737363,0.3658897279187552,0.00033407572383073496,0.5,-0.20094322537049447,0.622269092288373,0.32725297654940544,0.32285648943848405,0.7753791396607128,0.05407607465636647
2021-02-19 11:20:00,0.18479776847977683,0.09960159362549792,-0.14489947877885334,-0.16336368505623988,0.3658897279187552,0.00033407572383073496,0.5,-0.20094322537049447,0.622269092288373,0.32725297654940544,0.32285648943848405,0.7753791396607128,0.0640493685592287
2021-02-19 11:30:00,0.20292887029288703,-0.019920318725099695,-0.1347728965003725,-0.16050705231208717,0.3658897279187552,0.00033407572383073496,0.5,-0.20094322537049447,0.622269092288373,0.32725297654940544,0.32285648943848405,0.7753791396607128,0.07593131855696547
2021-02-19 11:40:00,0.2112970711297071,-0.13147410358565736,-0.12524199553239035,-0.153365470451705,0.3658897279187552,0.00033407572383073496,0.5,-0.20094322537049447,0.622269092288373,0.32725297654940544,0.32285648943848405,0.7753791396607128,0.08719465274529625
2021-02-19 11:50:00,0.25313807531380755,-0.08366533864541836,-0.11720029784065533,-0.1490805213354759,0.3658897279187552,0.00033407572383073496,0.5,-0.20094322537049447,0.622269092288373,0.32725297654940544,0.32285648943848405,0.7753791396607128,0.12229732788146719
2021-02-19 12:00:00,0.2733612273361227,0.10756972111553775,-0.11005212211466875,-0.14515265131226573,0.3658897279187552,0.00033407572383073496,0.5,-0.19548345803497613,0.6130336458749389,0.2965560961641645,0.4260933089601778,0.7575107249847222,0.14877710216213771
2021-02-19 12:10:00,0.2907949790794979,-0.2749003984063746,-0.10260610573343276,-0.13872522763792183,0.3658897279187552,0.00033407572383073496,0.5,-0.19548345803497613,0.6130336458749389,0.2965560961641645,0.4260933089601778,0.7575107249847222,0.1597311284457655
2021-02-19 12:20:00,0.29497907949790797,0.09960159362549792,-0.09456440804169786,-0.1312265666845207,0.3630890840324037,0.00033407572383073496,0.5,-0.19548345803497613,0.6130336458749389,0.2965560961641645,0.4260933089601778,0.7575107249847222,0.174841951204792
2021-02-19 12:30:00,0.3633193863319386,0.043824701195219085,-0.08592702903946403,-0.12015711480092839,0.3688081558937849,0.00033407572383073496,0.5,-0.19548345803497613,0.6130336458749389,0.2965560961641645,0.4260933089601778,0.7575107249847222,0.2475519410957044
2021-02-19 12:40:00,0.3723849372384937,0.10756972111553775,-0.07580044676098296,-0.11230137475450808,0.37579667848869924,0.00033407572383073496,0.5,-0.19548345803497613,0.6130336458749389,0.2965560961641645,0.4260933089601778,0.7575107249847222,0.28393711242210723
2021-02-19 12:50:00,0.3758716875871687,0.19521912350597592,-0.06597170513775141,-0.10408855561506858,0.3802593867375116,0.00033407572383073496,0.5,-0.19548345803497613,0.6130336458749389,0.2965560961641645,0.4260933089601778,0.7575107249847222,0.29607556165789034
2021-02-19 13:00:00,0.46373779637377965,0.03585657370517925,-0.054951600893522135,-0.09694697375468664,0.3815026632291162,0.00033407572383073496,0.5,0.00244464804652611,0.599528170410365,0.17564199967104419,0.5165590701180526,0.7510627198823405,0.4417671288682349
2021-02-19 13:10:00,0.5146443514644351,0.12350597609561742,-0.04542069992553999,-0.08087841456882694,0.3820523223096151,0.00033407572383073496,0.5,0.00244464804652611,0.599528170410365,0.17564199967104419,0.5165590701180526,0.7510627198823405,0.5512319507521463
2021-02-19 13:20:00,0.4804741980474198,-0.059760956175298974,-0.03529411764705892,-0.06659525084806284,0.3926005418068079,0.00022271714922048998,0.5,0.00244464804652611,0.599528170410365,0.17564199967104419,0.5165590701180526,0.7510627198823405,0.4722754500052809
2021-02-19 13:30:00,0.5418410041841004,-0.01195219123505975,-0.0269545793000745,-0.06195322263881431,0.3821701063982934,0.00022271714922048998,0.5,0.00244464804652611,0.599528170410365,0.17564199967104419,0.5165590701180526,0.7510627198823405,0.6061454199797819
2021-02-19 13:40:00,0.5690376569037657,-0.2589641434262948,-0.01653015636634425,-0.058025352615604264,0.3852979283087513,0.0006681514476614699,0.5,0.00244464804652611,0.599528170410365,0.17564199967104419,0.5165590701180526,0.7510627198823405,0.6773616790138359
2021-02-19 13:50:00,0.5223152022315203,0.1872509960159361,-0.00819061801935983,-0.05124084984824129,0.37620237923859134,0.00011135857461024499,0.5,0.00244464804652611,0.599528170410365,0.17564199967104419,0.5165590701180526,0.7510627198823405,0.5860705825550342
2021-02-19 14:00:00,0.5146443514644351,0.019920318725099362,0.0004467609828739949,-0.03802892340653463,0.38109696247922425,0.00022271714922048998,0.5,0.025065480452921562,0.5652127687086754,0.1530699733703022,0.597390518379201,0.744480137530894,0.56280459284518
2021-02-19 14:10:00,0.5041841004184101,0.01195219123505975,0.007297096053611174,-0.031958578825209805,0.3830469435028988,0.00011135857461024499,0.5,0.025065480452921562,0.5652127687086754,0.1530699733703022,0.597390518379201,0.744480137530894,0.5012447757140486
2021-02-19 14:20:00,0.5467224546722455,0.01195219123505975,0.016827997021593433,-0.021603285127655747,0.3807436102131892,0.00022271714922048998,0.5,0.025065480452921562,0.5652127687086754,0.1530699733703022,0.597390518379201,0.744480137530894,0.6070205350272342
2021-02-19 14:30:00,0.45746164574616455,0.01195219123505975,0.02367833209233039,-0.010176754151044465,0.3772231746738035,0.00011135857461024499,0.5,0.025065480452921562,0.5652127687086754,0.1530699733703022,0.597390518379201,0.744480137530894,0.43414759267921
2021-02-19 14:40:00,0.5230125523012552,0.019920318725099362,0.03142218912881578,-0.0005356186395285567,0.38597845859889285,0.00022271714922048998,0.5,0.025065480452921562,0.5652127687086754,0.1530699733703022,0.597390518379201,0.744480137530894,0.5688172367487967
2021-02-19 14:50:00,0.5564853556485356,-0.11553784860557781,0.04035740878629923,-0.0026780931976432276,0.387653610082318,0.00022271714922048998,0.5,0.025065480452921562,0.5652127687086754,0.1530699733703022,0.597390518379201,0.744480137530894,0.6624922673023824
2021-02-19 15:00:00,0.5788005578800558,0.3067729083665336,0.04780342516753522,-0.002321014104624264,0.38722173509049745,0.00033407572383073496,0.5,0.04163616248691304,0.5336530587028416,0.13925484274604824,0.676710460606677,0.7458066604460023,0.7355115650979979
2021-02-19 15:10:00,0.592747559274756,-0.24302788844621515,0.055845122859270235,0.004463488662738824,0.3971810341442986,0.00111358574610245,0.5,0.04163616248691304,0.5336530587028416,0.13925484274604824,0.676710460606677,0.7458066604460023,0.7048523620562186
2021-02-19 15:20:00,0.6750348675034867,0.09960159362549792,0.06448250186150384,0.010533833244063429,0.3831778147125414,0.009688195991091315,0.5,0.04163616248691304,0.5336530587028416,0.13925484274604824,0.676710460606677,0.7458066604460023,0.9250116933476169
2021-02-19 15:30:00,0.6555090655509066,0.09960159362549792,0.07341772151898729,0.01767541510444559,0.3893680229286359,0.0032293986636971047,0.5,0.04163616248691304,0.5336530587028416,0.13925484274604824,0.676710460606677,0.7458066604460023,0.8861822351645368
2021-02-19 15:40:00,0.6715481171548118,-0.019920318725099695,0.07788533134772879,0.03231565791822888,0.38549423512321523,0.004342984409799555,0.5,0.04163616248691304,0.5336530587028416,0.13925484274604824,0.676710460606677,0.7458066604460023,0.919534680205803
2021-02-19 15:50:00,0.701534170153417,-0.08366533864541836,0.08294862248696933,0.038386002499553706,0.3908337804766329,0.00824053452115813,0.5,0.04163616248691304,0.5336530587028416,0.13925484274604824,0.676710460606677,0.7458066604460023,0.9950963380961722
2021-02-19 16:00:00,0.6743375174337517,-0.19521912350597614,0.08741623231571105,0.04517050526691668,0.3890277577835652,0.0032293986636971047,0.5,0.11540218989714912,0.5041191700166948,0.10123241769731675,0.7301457207448431,0.7522827342221364,0.9288290055373659
2021-02-19 16:10:00,0.6889818688981869,0.12350597609561742,0.0936708860759492,0.0576682735225853,0.388412663098245,0.009242761692650333,0.5,0.11540218989714912,0.5041191700166948,0.10123241769731675,0.7301457207448431,0.7522827342221364,0.944633885058165
2021-02-19 16:20:00,0.6764295676429567,-0.03585657370517936,0.09575577066269525,0.07088019996429229,0.38926332596092184,0.013919821826280624,0.5,0.11540218989714912,0.5041191700166948,0.10123241769731675,0.7301457207448431,0.7522827342221364,0.8909048387826849
2021-02-19 16:30:00,0.694560669456067,-0.06772908366533881,0.09873417721518973,0.07409391180146407,0.3860569813246784,0.013028953229398663,0.5,0.11540218989714912,0.5041191700166948,0.10123241769731675,0.7301457207448431,0.7522827342221364,0.9584395793412497
2021-02-19 16:40:00,0.6380753138075315,0.03585657370517925,0.10141474311243459,0.08230673094090357,0.38333486016411245,0.00512249443207127,0.5,0.11540218989714912,0.5041191700166948,0.10123241769731675,0.7301457207448431,0.7522827342221364,0.8671183065015013
2021-02-19 16:50:00,0.704323570432357,-0.043824701195219196,0.10618019359642594,0.08659168005713269,0.3851147086152517,0.009799554565701559,0.5,0.11540218989714912,0.5041191700166948,0.10123241769731675,0.7301457207448431,0.7522827342221364,0.9577832430556603
2021-02-19 17:00:00,0.6248256624825663,-0.1394422310756973,0.10647803425167512,0.08623460096411373,0.382902985172292,0.0021158129175946547,0.5,0.12321118209019133,0.4870218127796277,0.09357208374753999,0.7451924325519899,0.7495943272481489,0.8280097167946648
2021-02-19 17:10:00,0.6143654114365412,-0.08366533864541836,0.10647803425167512,0.09051955008034285,0.38285063668843494,0.00022271714922048998,0.5,0.12321118209019133,0.4870218127796277,0.09357208374753999,0.7451924325519899,0.7495943272481489,0.7753896525189734
2021-02-19 17:20:00,0.5836820083682008,-0.12350597609561753,0.10647803425167512,0.09337618282449567,0.3717658452317075,0.00022271714922048998,0.5,0.12321118209019133,0.4870218127796277,0.09357208374753999,0.7451924325519899,0.7495943272481489,0.7258626672903119
2021-02-19 17:30:00,0.5592747559274756,-0.01195219123505975,0.10379746835443027,0.09409034101053382,0.36832393241810735,0.00011135857461024499,0.5,0.12321118209019133,0.4870218127796277,0.09357208374753999,0.7451924325519899,0.7495943272481489,0.6461442129245439
2021-02-19 17:40:00,0.6331938633193863,-0.11553784860557781,0.1005212211466866,0.0958757364756293,0.3623300310164767,0.0008908685968819599,0.5,0.12321118209019133,0.4870218127796277,0.09357208374753999,0.7451924325519899,0.7495943272481489,0.8446670790772064
2021-02-19 17:50:00,0.5397489539748954,0.043824701195219085,0.09813849590469093,0.09016247098732366,0.36458101582232927,0.00011135857461024499,0.5,0.12321118209019133,0.4870218127796277,0.09357208374753999,0.7451924325519899,0.7495943272481489,0.6263183306426061
2021-02-19 18:00:00,0.5585774058577406,-0.15537848605577698,0.09486224869694704,0.09016247098732366,0.36502597793511404,0.00011135857461024499,0.5,-0.038749986241850554,0.4749358489915436,0.13803907574315932,0.7172960163679555,0.7426609280166434,0.6546916728276778
2021-02-19 18:10:00,0.47629009762900976,0.019920318725099362,0.09247952345495158,0.08444920549901802,0.3667665650233605,0.00011135857461024499,0.5,-0.038749986241850554,0.4749358489915436,0.13803907574315932,0.7172960163679555,0.7426609280166434,0.47195859800534123
2021-02-19 18:20:00,0.4804741980474198,-0.26693227091633476,0.08771407297096023,0.08230673094090357,0.36480349687872166,0.00011135857461024499,0.5,-0.038749986241850554,0.4749358489915436,0.13803907574315932,0.7172960163679555,0.7426609280166434,0.46307165381655785
2021-02-19 18:30:00,0.45397489539748953,-0.17131474103585675,0.08324646314221873,0.07730762363863608,0.3659159021606837,0.00011135857461024499,0.5,-0.038749986241850554,0.4749358489915436,0.13803907574315932,0.7172960163679555,0.7426609280166434,0.42698070220438467
2021-02-19 18:40:00,0.47698744769874474,0.12350597609561742,0.07699180938198036,0.06980896268523495,0.3620159401133345,0.00011135857461024499,0.5,-0.038749986241850554,0.4749358489915436,0.13803907574315932,0.7172960163679555,0.7426609280166434,0.468231814958432
2021-02-19 18:50:00,0.4511854951185495,-0.14741035856573714,0.07192851824273983,0.0576682735225853,0.36654408396696814,0.00011135857461024499,0.5,-0.038749986241850554,0.4749358489915436,0.13803907574315932,0.7172960163679555,0.7426609280166434,0.40821853735081554
2021-02-19 19:00:00,0.36401673640167365,0.019920318725099362,0.06626954579300048,0.04552758435993587,0.3654055044430776,0.00011135857461024499,0.5,-0.0439206823508459,0.46077521429166723,0.12359773697660165,0.5599130396739977,0.7386169116090426,0.2818247657558429
2021-02-19 19:10:00,0.40027894002789405,-0.05179282868525903,0.06001489203276256,0.03445813247634355,0.37323160277970446,0.00011135857461024499,0.5,-0.0439206823508459,0.46077521429166723,0.12359773697660165,0.5599130396739977,0.7386169116090426,0.3118653529882161
2021-02-19 19:20:00,0.3542538354253836,-0.33067729083665354,0.055249441548771205,0.021603285127655747,0.3783094057138371,0.00011135857461024499,0.5,-0.0439206823508459,0.46077521429166723,0.12359773697660165,0.5599130396739977,0.7386169116090426,0.27078775442461184
2021-02-19 19:30:00,0.3521617852161785,-0.10756972111553798,0.048994787788533056,0.007320121406891644,0.3624739893470836,0.00011135857461024499,0.5,-0.0439206823508459,0.46077521429166723,0.12359773697660165,0.5599130396739977,0.7386169116090426,0.22071759433891094
2021-02-19 19:40:00,0.3312412831241283,0.1394422310756971,0.0397617274758002,-0.01053383324406354,0.3592938189527686,0.00011135857461024499,0.5,-0.0439206823508459,0.46077521429166723,0.12359773697660165,0.5599130396739977,0.7386169116090426,0.20638381338926023
2021-02-19 19:50:00,0.299860529986053,0.4581673306772909,0.032911392405063244,-0.026959471522942313,0.35977804242844613,0.00011135857461024499,0.5,-0.0439206823508459,0.46077521429166723,0.12359773697660165,0.5599130396739977,0.7386169116090426,0.17581513949032093
2021-02-19 20:00:00,0.2635983263598326,-0.23505976095617542,0.026954579300074277,-0.04052847705766838,0.3722762429493136,0.00011135857461024499,0.5,-0.06507581324004252,0.47316002264322504,0.13863231221332875,0.47448822667439483,0.7587125075937283,0.1319990343558097
2021-02-19 20:10:00,0.23640167364016737,0.38645418326693215,0.023380491437080986,-0.04909837529012662,0.35977804242844613,0.00011135857461024499,0.5,-0.06507581324004252,0.47316002264322504,0.13863231221332875,0.47448822667439483,0.7587125075937283,0.12546584788086365
2021-02-19 20:20:00,0.21687587168758715,0.09163346613545809,0.01801935964259105,-0.05695411533654715,0.37331012550549003,0.00011135857461024499,0.5,-0.06507581324004252,0.47316002264322504,0.13863231221332875,0.47448822667439483,0.7587125075937283,0.09969521855243901
2021-02-19 20:30:00,0.24755927475592746,0.1872509960159361,0.014743112434847383,-0.06266738082485268,0.37331012550549003,0.00011135857461024499,0.5,-0.06507581324004252,0.47316002264322504,0.13863231221332875,0.47448822667439483,0.7587125075937283,0.11361407426407351
2021-02-19 20:40:00,0.24198047419804744,-0.10756972111553798,0.013849590469098949,-0.0751651490805213,0.38565128057478637,0.00011135857461024499,0.5,-0.06507581324004252,0.47316002264322504,0.13863231221332875,0.47448822667439483,0.7587125075937283,0.0956289512198802
2021-02-19 20:50:00,0.17642956764295675,-0.5219123505976095,0.009381980640357446,-0.07766470273165504,0.3871039510018191,0.00011135857461024499,0.5,-0.06507581324004252,0.47316002264322504,0.13863231221332875,0.47448822667439483,0.7587125075937283,0.05564524646559139
2021-02-19 21:00:00,0.13319386331938632,-0.5617529880478087,0.006403574087862962,-0.07766470273165504,0.3835049927366479,0.00011135857461024499,0.5,-0.09037359796119249,0.47168878786920904,0.14848576961652807,0.36981055505535837,0.7743278769228883,0.036724655612052445
2021-02-19 21:10:00,0.19316596931659694,-0.5617529880478087,0.0025316455696200446,-0.07945009819675053,0.3706141785868527,0.00011135857461024499,0.5,-0.09037359796119249,0.47168878786920904,0.14848576961652807,0.36981055505535837,0.7743278769228883,0.06420779455919852
2021-02-19 21:20:00,0.28033472803347276,-0.21115537848605592,-0.0007446016381237319,-0.0880199964292091,0.3553415084215623,0.00011135857461024499,0.5,-0.09037359796119249,0.47168878786920904,0.14848576961652807,0.36981055505535837,0.7743278769228883,0.1279327670232509
2021-02-19 21:30:00,0.2831241283124128,-0.059760956175298974,-0.0007446016381237319,-0.0930191037314766,0.3541767546557433,0.00011135857461024499,0.5,-0.09037359796119249,0.47168878786920904,0.14848576961652807,0.36981055505535837,0.7743278769228883,0.1426663850204445
2021-02-19 21:40:00,0.15760111576011157,0.6334661354581672,-0.0007446016381237319,-0.0958757364756293,0.3541767546557433,0.00011135857461024499,0.5,-0.09037359796119249,0.47168878786920904,0.14848576961652807,0.36981055505535837,0.7743278769228883,0.04899889856209545
2021-02-19 21:50:00,0.1492329149232915,0.5537848605577689,-0.0025316455696204887,-0.09266202463845752,0.3541767546557433,0.00011135857461024499,0.5,-0.09037359796119249,0.47168878786920904,0.14848576961652807,0.36981055505535837,0.7743278769228883,0.03701887532628212
2021-02-19 22:00:00,0.14714086471408647,0.4661354581673305,-0.005807892777364376,-0.0930191037314766,0.3541767546557433,0.00011135857461024499,0.5,-0.20731703412321234,0.46083843141086345,0.2109485734489016,0.3020397332868455,0.7363163787889333,0.03397106085067218
2021-02-19 22:10:00,0.22315202231520226,0.3067729083665336,-0.007297096053611507,-0.09444742010355289,0.3541767546557433,0.00011135857461024499,0.5,-0.20731703412321234,0.46083843141086345,0.2109485734489016,0.3020397332868455,0.7363163787889333,0.07246857884333932
2021-02-19 22:20:00,0.26638772663877264,-0.059760956175298974,0.01801935964259105,-0.05124084984824129,0.3541767546557433,0.00011135857461024499,0.5,-0.20731703412321234,0.46083843141086345,0.2109485734489016,0.3020397332868455,0.7363163787889333,0.10935920455059825
2021-02-19 22:30:00,0.24895397489539747,-0.5458167330677292,0.03261355174981384,-0.0112479914301018,0.3541767546557433,0.00011135857461024499,0.5,-0.20731703412321234,0.46083843141086345,0.2109485734489016,0.3020397332868455,0.7363163787889333,0.09796762074324428
2021-02-19 22:40:00,0.1631799163179916,-0.6653386454183268,0.04095309009679826,0.017318336011426627,0.3496616979230739,0.00011135857461024499,0.5,-0.20731703412321234,0.46083843141086345,0.2109485734489016,0.3020397332868455,0.7363163787889333,0.039697029135295804
2021-02-19 22:50:00,0.15202231520223153,0.11553784860557759,0.04005956813104983,0.04909837529012684,0.33773933072463386,0.00011135857461024499,0.5,-0.20731703412321234,0.46083843141086345,0.2109485734489016,0.3020397332868455,0.7363163787889333,0.032085037041507614
2021-02-19 23:00:00,0.18200836820083682,0.6733067729083664,-0.0037230081906179935,-0.0012497768255668174,0.3407886299093062,0.00011135857461024499,0.5,-0.2834424590832637,0.46063728603160464,0.23932970112320537,0.30188246838314053,0.725951980783838,0.05169968465681911
2021-02-19 23:10:00,0.18619246861924685,-0.08366533864541836,-0.023678332092330612,-0.057311194429566115,0.35415058041381475,0.00011135857461024499,0.5,-0.2834424590832637,0.46063728603160464,0.23932970112320537,0.30188246838314053,0.725951980783838,0.05700318360818987
2021-02-19 23:20:00,0.1206415620641562,0.5298804780876492,-0.03261355174981406,-0.08480628459203698,0.35415058041381475,0.00011135857461024499,0.5,-0.2834424590832637,0.46063728603160464,0.23932970112320537,0.30188246838314053,0.725951980783838,0.022013669900568824
2021-02-19 23:30:00,0.11157601115760113,0.6414342629482073,-0.040357408786299453,-0.09230494554543822,0.3665571710879324,0.00011135857461024499,0.5,-0.2834424590832637,0.46063728603160464,0.23932970112320537,0.30188246838314053,0.725951980783838,0.014876955806690103
2021-02-19 23:40:00,0.1311018131101813,0.29083665338645415,-0.03320923306031276,-0.08409212640599895,0.3706403528287812,0.00011135857461024499,0.5,-0.2834424590832637,0.46063728603160464,0.23932970112320537,0.30188246838314053,0.725951980783838,0.014710985711483621
2021-02-19 23:50:00,0.13389121338912133,-0.12350597609561753,-0.004914370811615942,-0.009462595965006093,0.3706403528287812,0.00011135857461024499,0.5,-0.2834424590832637,0.46063728603160464,0.23932970112320537,0.30188246838314053,0.725951980783838,0.013790606092611315
2021-02-20 00:00:00,0.13737796373779637,-0.02788844621513953,0.005212211466865124,0.04767005891805054,0.3706403528287812,0.00011135857461024499,0.5,-0.28906202107048085,0.4331579537193222,0.25616364195959784,0.30098509558567266,0.7727467002545023,0.018920590853538935
2021-02-20 00:10:00,0.1589958158995816,0.22709163346613526,0.013849590469098949,0.08801999642920899,0.3706403528287812,0.00011135857461024499,0.5,-0.28906202107048085,0.4331579537193222,0.25616364195959784,0.30098509558567266,0.7727467002545023,0.029768999803853526
2021-02-20 00:20:00,0.21687587168758715,0.4422310756972112,0.026061057334326065,0.10623103017318325,0.3706403528287812,0.00011135857461024499,0.5,-0.28906202107048085,0.4331579537193222,0.25616364195959784,0.30098509558567266,0.7727467002545023,0.061325950178795066
2021-02-20 00:30:00,0.23221757322175732,0.40239043824701204,0.018912881608339482,0.08837707552222818,0.37948724660062033,0.00011135857461024499,0.5,-0.28906202107048085,0.4331579537193222,0.25616364195959784,0.30098509558567266,0.7727467002545023,0.0643209559877484
2021-02-20 00:40:00,0.20781032078103207,0.4183266932270917,-0.02546537602382737,-0.003749330476700563,0.3898915077672063,0.00011135857461024499,0.5,-0.28906202107048085,0.4331579537193222,0.25616364195959784,0.30098509558567266,0.7727467002545023,0.07074098103414457
2021-02-20 00:50:00,0.198744769874477,0.01195219123505975,-0.03886820551005232,-0.05695411533654715,0.398764575780974,0.00011135857461024499,0.5,-0.28906202107048085,0.4331579537193222,0.25616364195959784,0.30098509558567266,0.7727467002545023,0.06713490351102192
2021-02-20 01:00:00,0.17503486750348674,0.41035856573705165,-0.04631422189128831,-0.08444920549901802,0.398764575780974,0.00011135857461024499,0.5,-0.3063666044853903,0.4203651075984096,0.25777088416201926,0.331359625129883,0.8503800441823594,0.0619521100834377
2021-02-20 01:10:00,0.17573221757322177,0.6175298804780875,-0.04839910647803436,-0.09944652740582038,0.40004711363547135,0.00011135857461024499,0.5,-0.3063666044853903,0.4203651075984096,0.25777088416201926,0.331359625129883,0.8503800441823594,0.063777781130709
2021-02-20 01:20:00,0.22733612273361226,0.5139442231075697,-0.05346239761727478,-0.1101589001963934,0.4236170184921019,0.00011135857461024499,0.5,-0.3063666044853903,0.4203651075984096,0.25777088416201926,0.331359625129883,0.8503800441823594,0.08487861550764217
2021-02-20 01:30:00,0.26638772663877264,0.22709163346613526,-0.06031273268801207,-0.12265666845206213,0.4316917721270498,0.00011135857461024499,0.5,-0.3063666044853903,0.4203651075984096,0.25777088416201926,0.331359625129883,0.8503800441823594,0.12649184483304918
2021-02-20 01:40:00,0.29567642956764295,0.1872509960159361,-0.06031273268801207,-0.13015532940546326,0.4316917721270498,0.00011135857461024499,0.5,-0.3063666044853903,0.4203651075984096,0.25777088416201926,0.331359625129883,0.8503800441823594,0.1535676026374157
2021-02-20 01:50:00,0.3354253835425383,-0.4103585657370519,-0.058525688756515315,-0.1312265666845207,0.4295193100469828,0.00011135857461024499,0.5,-0.3063666044853903,0.4203651075984096,0.25777088416201926,0.331359625129883,0.8503800441823594,0.16185856330250314
2021-02-20 02:00:00,0.3138075313807531,0.394422310756972,-0.05465376023827262,-0.132654883056597,0.41785868526782793,0.00011135857461024499,0.5,-0.29883954595772233,0.39763855324749237,0.26591159001196746,0.3539734955688844,0.8998408683508285,0.13826817749747272
2021-02-20 02:10:00,0.3228730822873082,-0.05179282868525903,-0.06001489203276256,-0.1347973576147118,0.4302652759419455,0.00011135857461024499,0.5,-0.29883954595772233,0.39763855324749237,0.26591159001196746,0.3539734955688844,0.8998408683508285,0.16507234787331956
2021-02-20 02:20:00,0.28103207810320785,0.49800796812749004,-0.06567386448250201,-0.13801106945188357,0.44258025676931334,0.00011135857461024499,0.5,-0.29883954595772233,0.39763855324749237,0.26591159001196746,0.3539734955688844,0.8998408683508285,0.1418516227348854
2021-02-20 02:30:00,0.27475592747559274,-0.059760956175298974,-0.07282204020848859,-0.14836636314943752,0.45935794584549344,0.00011135857461024499,0.5,-0.29883954595772233,0.39763855324749237,0.26591159001196746,0.3539734955688844,0.8998408683508285,0.14344342682982028
2021-02-20 02:40:00,0.29009762900976294,-0.17928286852589637,-0.07788533134772901,-0.1490805213354759,0.45935794584549344,0.00011135857461024499,0.5,-0.29883954595772233,0.39763855324749237,0.26591159001196746,0.3539734955688844,0.8998408683508285,0.15549134692276356
2021-02-20 02:50:00,0.30264993026499304,-0.4661354581673308,-0.07788533134772901,-0.1490805213354759,0.4572509193702477,0.00011135857461024499,0.5,-0.29883954595772233,0.39763855324749237,0.26591159001196746,0.3539734955688844,0.8998408683508285,0.15590627216077976
2021-02-20 03:00:00,0.31520223152022314,0.20318725099601576,-0.07490692479523464,-0.1490805213354759,0.4455772074701287,0.00011135857461024499,0.5,-0.28694083128573167,0.37743781015899036,0.27002556699545766,0.3822561984755751,0.9296639307734235,0.16154925539780013
2021-02-20 03:10:00,0.31659693165969316,0.2111553784860556,-0.07222635889798967,-0.14979467952151393,0.4455772074701287,0.00011135857461024499,0.5,-0.28694083128573167,0.37743781015899036,0.27002556699545766,0.3822561984755751,0.9296639307734235,0.16963652549149782
2021-02-20 03:20:00,0.299163179916318,-0.3227091633466136,-0.07014147431124362,-0.15086591680057126,0.4430383060030623,0.00011135857461024499,0.5,-0.28694083128573167,0.37743781015899036,0.27002556699545766,0.3822561984755751,0.9296639307734235,0.16138328530259366
2021-02-20 03:30:00,0.32217573221757323,0.14741035856573692,-0.0653760238272525,-0.142653097661132,0.4412322833099946,0.00011135857461024499,0.5,-0.28694083128573167,0.37743781015899036,0.27002556699545766,0.3822561984755751,0.9296639307734235,0.17969280444196328
2021-02-20 03:40:00,0.3361227336122734,0.1394422310756971,-0.06329113924050644,-0.1422960185681127,0.4455248589862716,0.00011135857461024499,0.5,-0.28694083128573167,0.37743781015899036,0.27002556699545766,0.3822561984755751,0.9296639307734235,0.19521100834376934
2021-02-20 03:50:00,0.36959553695955366,0.33864541832669315,-0.06209977661950872,-0.13943938582395987,0.4455248589862716,0.00011135857461024499,0.5,-0.28694083128573167,0.37743781015899036,0.27002556699545766,0.3822561984755751,0.9296639307734235,0.2453490652866002
2021-02-20 04:00:00,0.36401673640167365,0.11553784860557759,-0.05971705137751315,-0.1344402785216925,0.4455248589862716,0.00011135857461024499,0.5,-0.32654252202054357,0.35621122563626656,0.30576749365961087,0.40555924088034434,0.9367948285659492,0.2335274680507567
2021-02-20 04:10:00,0.37377963737796377,0.11553784860557759,-0.05524944154877154,-0.1312265666845207,0.4455248589862716,0.00011135857461024499,0.5,-0.32654252202054357,0.35621122563626656,0.30576749365961087,0.40555924088034434,0.9367948285659492,0.23602456357409057
2021-02-20 04:20:00,0.34309623430962344,-0.24302788844621515,-0.05316455696202538,-0.12694161756829125,0.4442554082527385,0.00011135857461024499,0.5,-0.32654252202054357,0.35621122563626656,0.30576749365961087,0.40555924088034434,0.9367948285659492,0.22396909938591064
2021-02-20 04:30:00,0.3096234309623431,0.17928286852589648,-0.05137751303052884,-0.12908409212640592,0.43416523798929474,0.00011135857461024499,0.5,-0.32654252202054357,0.35621122563626656,0.30576749365961087,0.40555924088034434,0.9367948285659492,0.16498181873047965
2021-02-20 04:40:00,0.3284518828451883,-0.11553784860557781,-0.04839910647803436,-0.129441171219425,0.43416523798929474,0.00011135857461024499,0.5,-0.32654252202054357,0.35621122563626656,0.30576749365961087,0.40555924088034434,0.9367948285659492,0.1875009430119046
2021-02-20 04:50:00,0.3096234309623431,-0.17131474103585675,-0.048101265822784844,-0.12872701303338696,0.43416523798929474,0.00011135857461024499,0.5,-0.32654252202054357,0.35621122563626656,0.30576749365961087,0.40555924088034434,0.9367948285659492,0.1786064547278845
2021-02-20 05:00:00,0.3054393305439331,-0.03585657370517936,-0.050781831720029924,-0.12587038028923414,0.43416523798929474,0.00011135857461024499,0.5,-0.32030712858916766,0.3363466826816694,0.2953365247375677,0.4217162908239459,0.9316138167710739,0.17671288682348327
2021-02-20 05:10:00,0.31450488145048816,0.2669322709163344,-0.05137751303052884,-0.1297982503124443,0.43416523798929474,0.00011135857461024499,0.5,-0.32030712858916766,0.3363466826816694,0.2953365247375677,0.4217162908239459,0.9316138167710739,0.18363836625073554
2021-02-20 05:20:00,0.3117154811715481,-0.02788844621513953,-0.05197319434102765,-0.1312265666845207,0.43416523798929474,0.00011135857461024499,0.5,-0.32030712858916766,0.3363466826816694,0.2953365247375677,0.4217162908239459,0.9316138167710739,0.17838013187078472
2021-02-20 05:30:00,0.2768479776847978,-0.47410358565737054,-0.05137751303052884,-0.1312265666845207,0.4249649919514206,0.00011135857461024499,0.5,-0.32030712858916766,0.3363466826816694,0.2953365247375677,0.4217162908239459,0.9316138167710739,0.12325542797652278
2021-02-20 05:40:00,0.22594142259414227,-0.49800796812749004,-0.048696947133283874,-0.1312265666845207,0.4203321511300729,0.00011135857461024499,0.5,-0.32030712858916766,0.3363466826816694,0.2953365247375677,0.4217162908239459,0.9316138167710739,0.10081928874270107
2021-02-20 05:50:00,0.17294281729428174,-0.4422310756972112,-0.05107967237527933,-0.1312265666845207,0.4083312612058473,0.00011135857461024499,0.5,-0.32030712858916766,0.3363466826816694,0.2953365247375677,0.4217162908239459,0.9316138167710739,0.058097077417505326
2021-02-20 06:00:00,0.1708507670850767,-0.1872509960159363,-0.05733432613551759,-0.13301196214961608,0.40652523851277955,0.00011135857461024499,0.5,-0.3291136116292884,0.33637541773585106,0.2925461067620208,0.39496606863196226,0.9280830086356936,0.058149886084161925
2021-02-20 06:10:00,0.15760111576011157,0.5697211155378485,-0.06507818317200309,-0.13836814854490254,0.40953527633455916,0.00011135857461024499,0.5,-0.3291136116292884,0.33637541773585106,0.2925461067620208,0.39496606863196226,0.9280830086356936,0.048335018181269514
2021-02-20 06:20:00,0.17154811715481172,-0.043824701195219196,-0.07163067758749087,-0.142653097661132,0.4379866773108584,0.00011135857461024499,0.5,-0.3291136116292884,0.33637541773585106,0.2925461067620208,0.39496606863196226,0.9280830086356936,0.05513224798949862
2021-02-20 06:30:00,0.1701534170153417,-0.298804780876494,-0.07282204020848859,-0.1490805213354759,0.43298739710251144,0.00011135857461024499,0.5,-0.3291136116292884,0.33637541773585106,0.2925461067620208,0.39496606863196226,0.9280830086356936,0.04653197941970819
2021-02-20 06:40:00,0.197350069735007,-0.5936254980079682,-0.07758749069247961,-0.15229423317264768,0.43076258653858734,0.00011135857461024499,0.5,-0.3291136116292884,0.33637541773585106,0.2925461067620208,0.39496606863196226,0.9280830086356936,0.06573924589224014
2021-02-20 06:50:00,0.15271966527196654,0.49800796812749004,-0.08026805658972458,-0.15265131226566697,0.41797646935650623,0.00011135857461024499,0.5,-0.3291136116292884,0.33637541773585106,0.2925461067620208,0.39496606863196226,0.9280830086356936,0.04365013503930474
2021-02-20 07:00:00,0.1631799163179916,0.043824701195219085,-0.0847356664184663,-0.15300839135868594,0.4328696130138331,0.00011135857461024499,0.5,-0.3333397815972995,0.3482372481013319,0.3010339028682438,0.3592689425509159,0.9043517923482356,0.05004752779999095
2021-02-20 07:10:00,0.198744769874477,0.5697211155378485,-0.08711839166046176,-0.15907873594001076,0.4328696130138331,0.00011135857461024499,0.5,-0.3333397815972995,0.3482372481013319,0.3010339028682438,0.3592689425509159,0.9043517923482356,0.08828100245937505
2021-02-20 07:20:00,0.20920502092050208,0.5298804780876492,-0.08175725986597182,-0.1597928941260488,0.4334323592152962,0.00011135857461024499,0.5,-0.3333397815972995,0.3482372481013319,0.3010339028682438,0.3592689425509159,0.9043517923482356,0.09464821883911462
2021-02-20 07:30:00,0.3354253835425383,-0.01195219123505975,-0.07818317200297853,-0.15907873594001076,0.44666343851016216,0.00011135857461024499,0.5,-0.3333397815972995,0.3482372481013319,0.3010339028682438,0.3592689425509159,0.9043517923482356,0.21718695776815486
2021-02-20 07:40:00,0.3235704323570432,-0.2509960159362551,-0.07282204020848859,-0.15086591680057126,0.44666343851016216,0.00011135857461024499,0.5,-0.3333397815972995,0.3482372481013319,0.3010339028682438,0.3592689425509159,0.9043517923482356,0.2058481826274575
2021-02-20 07:50:00,0.30264993026499304,-0.5219123505976095,-0.06924795234549519,-0.1490805213354759,0.4361021318920051,0.00011135857461024499,0.5,-0.3333397815972995,0.3482372481013319,0.3010339028682438,0.3592689425509159,0.9043517923482356,0.15807142749370068
2021-02-20 08:00:00,0.2824267782426778,-0.20318725099601598,-0.06924795234549519,-0.1469380467773611,0.41894491630786146,0.00011135857461024499,0.5,-0.32628807130090054,0.35318829793653517,0.300625688204397,0.402626799655501,0.9032749201029314,0.14324728035366718
2021-02-20 08:10:00,0.2684797768479777,0.027888446215139417,-0.07222635889798967,-0.14943760042849485,0.41894491630786146,0.00011135857461024499,0.5,-0.32628807130090054,0.35318829793653517,0.300625688204397,0.402626799655501,0.9032749201029314,0.11588484693030766
2021-02-20 08:20:00,0.29707112970711297,0.019920318725099362,-0.07818317200297853,-0.15265131226566697,0.4198217534124668,0.00011135857461024499,0.5,-0.32628807130090054,0.35318829793653517,0.300625688204397,0.402626799655501,0.9032749201029314,0.15700771006533187
2021-02-20 08:30:00,0.42329149232914925,0.346613545816733,-0.07818317200297853,-0.15158007498660953,0.4414940257292798,0.00011135857461024499,0.5,-0.32628807130090054,0.35318829793653517,0.300625688204397,0.402626799655501,0.9032749201029314,0.3294959035562865
2021-02-20 08:40:00,0.3884239888423989,-0.21115537848605592,-0.07252419955323908,-0.14336725584717003,0.4433785711481331,0.00011135857461024499,0.5,-0.32628807130090054,0.35318829793653517,0.300625688204397,0.402626799655501,0.9032749201029314,0.27932767023250904
2021-02-20 08:50:00,0.36959553695955366,0.1633466135458166,-0.06835443037974687,-0.13658275307980716,0.4262867911688108,0.00011135857461024499,0.5,-0.32628807130090054,0.35318829793653517,0.300625688204397,0.402626799655501,0.9032749201029314,0.23445539176486563
2021-02-20 09:00:00,0.39539748953974896,0.2350597609561753,-0.07490692479523464,-0.14193893947509362,0.4241012419677795,0.00011135857461024499,0.5,-0.3209372018025344,0.3700988773214343,0.29691155615259646,0.4154544806173024,0.9029518328929128,0.2776679692804442
2021-02-20 09:10:00,0.2754532775453278,0.3306772908366533,-0.07311988086373811,-0.13943938582395987,0.4241012419677795,0.00011135857461024499,0.5,-0.3209372018025344,0.3700988773214343,0.29691155615259646,0.4154544806173024,0.9029518328929128,0.16039500882659144
2021-02-20 09:20:00,0.17364016736401675,-0.09960159362549814,-0.08950111690245721,-0.14622388859132307,0.4198871890172881,0.00011135857461024499,0.5,-0.3209372018025344,0.3700988773214343,0.29691155615259646,0.4154544806173024,0.9029518328929128,0.05946255865534046
2021-02-20 09:30:00,0.17573221757322177,0.3227091633466135,-0.11034996276991826,-0.15479378682378142,0.40765073091570586,0.00011135857461024499,0.5,-0.3209372018025344,0.3700988773214343,0.29691155615259646,0.4154544806173024,0.9029518328929128,0.05428730932299289
2021-02-20 09:40:00,0.11785216178521618,0.07569721115537842,-0.12196574832464646,-0.16300660596322092,0.40765073091570586,0.00011135857461024499,0.5,-0.3209372018025344,0.3700988773214343,0.29691155615259646,0.4154544806173024,0.9029518328929128,0.021040481615039908
2021-02-20 09:50:00,0.11018131101813111,-0.03585657370517936,-0.1279225614296352,-0.16336368505623988,0.4026907120702517,0.00011135857461024499,0.5,-0.3209372018025344,0.3700988773214343,0.29691155615259646,0.4154544806173024,0.9029518328929128,0.008479563046003892
2021-02-20 10:00:00,0.1317991631799163,-0.298804780876494,-0.11928518242740138,-0.15622210319585772,0.3958461478059442,0.00011135857461024499,0.5,-0.09811131460201605,0.3845324950360194,0.19526927520782617,0.36137978201352844,0.8730254843753744,0.012417580759539509
2021-02-20 10:10:00,0.17364016736401675,0.003984063745019917,-0.08145941921072242,-0.09123370826638089,0.3813848791404379,0.00011135857461024499,0.5,-0.09811131460201605,0.3845324950360194,0.19526927520782617,0.36137978201352844,0.8730254843753744,0.03142870075591834
2021-02-20 10:20:00,0.1806136680613668,0.5776892430278884,-0.04929262844378268,-0.031244420639171433,0.37491984138409395,0.00011135857461024499,0.5,-0.09811131460201605,0.3845324950360194,0.19526927520782617,0.36137978201352844,0.8730254843753744,0.029007046184951042
2021-02-20 10:30:00,0.13668061366806136,0.47410358565737054,-0.028741623231571256,0.013390465988216471,0.40402559840860613,0.00011135857461024499,0.5,-0.09811131460201605,0.3845324950360194,0.19526927520782617,0.36137978201352844,0.8730254843753744,0.0201201019961676
2021-02-20 10:40:00,0.14295676429567641,0.08366533864541825,-0.011169024571854091,0.05481164077843248,0.41092251115677064,0.00011135857461024499,0.5,-0.09811131460201605,0.3845324950360194,0.19526927520782617,0.36137978201352844,0.8730254843753744,0.019886235043831194
2021-02-20 10:50:00,0.11366806136680613,-0.601593625498008,-0.0028294862248698927,0.09801821103374397,0.40008637499836414,0.00011135857461024499,0.5,-0.09811131460201605,0.3845324950360194,0.19526927520782617,0.36137978201352844,0.8730254843753744,0.002316037237654088
2021-02-20 11:00:00,0.10599721059972106,-0.6095617529880479,0.005510052122114528,0.14015354400999835,0.3945112614675898,0.31804008908685966,0.5,-0.10124430370923043,0.3866646360561708,0.1819526509034175,0.3261127001793655,0.8069491621260804,0.0
2021-02-20 11:10:00,0.09762900976290097,-0.5936254980079682,0.0022338049143706407,0.13979646491697917,0.3945112614675898,0.9995545657015591,0.5,-0.10124430370923043,0.3866646360561708,0.1819526509034175,0.3261127001793655,0.8069491621260804,0.0
2021-02-20 11:20:00,0.07112970711297072,-0.5219123505976095,-0.0007446016381237319,0.12122835207998572,0.3945112614675898,0.9995545657015591,0.5,-0.10124430370923043,0.3866646360561708,0.1819526509034175,0.3261127001793655,0.8069491621260804,0.0
2021-02-20 11:30:00,0.06624825662482565,-0.03585657370517936,0.00014892032762459095,0.11158721656847015,0.3945112614675898,0.9995545657015591,0.5,-0.10124430370923043,0.3866646360561708,0.1819526509034175,0.3261127001793655,0.8069491621260804,0.0
2021-02-20 11:40:00,0.04741980474198048,-0.5139442231075697,0.004914370811615498,0.10301731833601147,0.3945112614675898,0.9995545657015591,0.5,-0.10124430370923043,0.3866646360561708,0.1819526509034175,0.3261127001793655,0.8069491621260804,0.0
2021-02-20 11:50:00,0.08786610878661089,-0.4422310756972112,0.012062546537602303,0.1008748437778968,0.3945112614675898,0.9995545657015591,0.5,-0.10124430370923043,0.3866646360561708,0.1819526509034175,0.3261127001793655,0.8069491621260804,0.0
2021-02-20 12:00:00,0.1324965132496513,-0.3705179282868527,0.018912881608339482,0.09623281556864849,0.3945112614675898,0.9995545657015591,0.5,-0.09477273705124678,0.39014445111736223,0.16792637476338074,0.42599563204039453,0.7538307541044963,0.0
2021-02-20 12:10:00,0.11576011157601115,-0.298804780876494,0.024869694713328228,0.09016247098732366,0.3945112614675898,0.9995545657015591,0.5,-0.09477273705124678,0.39014445111736223,0.16792637476338074,0.42599563204039453,0.7538307541044963,0.0
2021-02-20 12:20:00,0.11506276150627615,-0.2270916334661356,0.03320923306031265,0.08873415461524736,0.3945112614675898,0.9995545657015591,0.5,-0.09477273705124678,0.39014445111736223,0.16792637476338074,0.42599563204039453,0.7538307541044963,0.0
2021-02-20 12:30:00,0.15481171548117156,-0.15537848605577698,0.04244229337304528,0.09087662917336181,0.3945112614675898,0.9995545657015591,0.5,-0.09477273705124678,0.39014445111736223,0.16792637476338074,0.42599563204039453,0.7538307541044963,0.0
2021-02-20 12:40:00,0.22175732217573224,-0.08366533864541836,0.04929262844378246,0.09087662917336181,0.36519611050764944,0.9920935412026727,0.5,-0.09477273705124678,0.39014445111736223,0.16792637476338074,0.42599563204039453,0.7538307541044963,0.0
2021-02-20 12:50:00,0.25592747559274753,-0.01195219123505975,0.05405807892777359,0.09016247098732366,0.340526887490021,0.15167037861915367,0.5,-0.09477273705124678,0.39014445111736223,0.16792637476338074,0.42599563204039453,0.7538307541044963,0.08976718922099672
2021-02-20 13:00:00,0.2880055788005579,-0.17928286852589637,0.07282204020848826,0.08444920549901802,0.340526887490021,0.00011135857461024499,0.5,0.1036195106234592,0.40471599709201406,0.0893533582979617,0.5436802277359697,0.7438750064570135,0.1469137106386831
2021-02-20 13:10:00,0.29218967921896793,0.2350597609561753,0.0892032762472077,0.08944831280128551,0.340526887490021,0.00011135857461024499,0.5,0.1036195106234592,0.40471599709201406,0.0893533582979617,0.5436802277359697,0.7438750064570135,0.1498106432095599
2021-02-20 13:20:00,0.33891213389121344,0.3227091633466135,0.07669396872673095,0.06552401356900561,0.3405399746109854,0.00011135857461024499,0.5,0.1036195106234592,0.40471599709201406,0.0893533582979617,0.5436802277359697,0.7438750064570135,0.2206421533865444
2021-02-20 13:30:00,0.32217573221757323,0.3227091633466135,0.0588235294117645,0.0112479914301018,0.35124523955974923,0.00011135857461024499,0.5,0.1036195106234592,0.40471599709201406,0.0893533582979617,0.5436802277359697,0.7438750064570135,0.2013971664378291
2021-02-20 13:40:00,0.403068340306834,0.05179282868525892,0.06329113924050622,-0.002321014104624264,0.36161023936344244,0.00011135857461024499,0.5,0.1036195106234592,0.40471599709201406,0.0893533582979617,0.5436802277359697,0.7438750064570135,0.338669523364063
2021-02-20 13:50:00,0.47629009762900976,-0.019920318725099695,0.0740134028294861,0.0008926977325478536,0.36142701966994284,0.00022271714922048998,0.5,0.1036195106234592,0.40471599709201406,0.0893533582979617,0.5436802277359697,0.7438750064570135,0.4948247506676524
2021-02-20 14:00:00,0.5125523012552301,-0.043824701195219196,0.08086373790022328,0.00839135868594898,0.36696287183782433,0.00033407572383073496,0.5,0.11593147007410698,0.399201740194882,0.08137852532167353,0.6358556695000501,0.741104767599241,0.5652866001780407
2021-02-20 14:10:00,0.5648535564853556,-0.08366533864541836,0.09069247952345472,0.01624709873236929,0.3724594626428132,0.00022271714922048998,0.5,0.11593147007410698,0.399201740194882,0.08137852532167353,0.6358556695000501,0.741104767599241,0.6598065693981321
2021-02-20 14:20:00,0.5578800557880056,-0.07569721115537853,0.10379746835443027,0.02803070880199976,0.37590137545641333,0.00033407572383073496,0.5,0.11593147007410698,0.399201740194882,0.08137852532167353,0.6358556695000501,0.741104767599241,0.6873651492976447
2021-02-20 14:30:00,0.5850767085076709,0.05179282868525892,0.11064780342516745,0.03517229066238192,0.3733624739893471,0.00022271714922048998,0.5,0.11593147007410698,0.399201740194882,0.08137852532167353,0.6358556695000501,0.741104767599241,0.7307965055750865
2021-02-20 14:40:00,0.6178521617852162,0.06772908366533859,0.11630677587490679,0.04159971433672571,0.376490295899805,0.000556792873051225,0.5,0.11593147007410698,0.399201740194882,0.08137852532167353,0.6358556695000501,0.741104767599241,0.8233323777479367
2021-02-20 14:50:00,0.5697350069735007,0.03585657370517925,0.12077438570364829,0.055168719871451444,0.3783224928348013,0.00033407572383073496,0.5,0.11593147007410698,0.399201740194882,0.08137852532167353,0.6358556695000501,0.741104767599241,0.7090921435792206
2021-02-20 15:00:00,0.6094839609483961,-0.019920318725099695,0.12673119880863726,0.06980896268523495,0.3822617162450433,0.00022271714922048998,0.5,0.13393530100996487,0.3823515044237626,0.07233274707163996,0.6989688915694403,0.7374711818744855,0.7649863451876217
2021-02-20 15:10:00,0.5871687587168759,0.12350597609561742,0.13298585256887563,0.07695054454561667,0.3802201253746188,0.000556792873051225,0.5,0.13393530100996487,0.3823515044237626,0.07233274707163996,0.6989688915694403,0.7374711818744855,0.722218869291006
2021-02-20 15:20:00,0.604602510460251,0.08366533864541825,0.13745346239761713,0.08730583824317106,0.38197379958382954,0.00022271714922048998,0.5,0.13393530100996487,0.3823515044237626,0.07233274707163996,0.6989688915694403,0.7374711818744855,0.7680115273775217
2021-02-20 15:30:00,0.601115760111576,-0.08366533864541836,0.14281459419210707,0.09194786645241915,0.3842116972687179,0.00033407572383073496,0.5,0.13393530100996487,0.3823515044237626,0.07233274707163996,0.6989688915694403,0.7374711818744855,0.7276958824328199
2021-02-20 15:40:00,0.5711297071129707,-0.1394422310756973,0.14549516008935193,0.0958757364756293,0.3881901820418526,0.00011135857461024499,0.5,0.13393530100996487,0.3823515044237626,0.07233274707163996,0.6989688915694403,0.7374711818744855,0.676411123014017
2021-02-20 15:50:00,0.5864714086471409,0.05179282868525892,0.1508562918838421,0.10801642563827896,0.38459122377668137,0.00011135857461024499,0.5,0.13393530100996487,0.3823515044237626,0.07233274707163996,0.6989688915694403,0.7374711818744855,0.7096881271029166
2021-02-20 16:00:00,0.5864714086471409,-0.019920318725099695,0.1511541325390915,0.11123013747545074,0.3787281935846933,0.00044543429844097997,0.5,0.17504038225308793,0.3741016703686986,0.06744203358114081,0.7007846932127076,0.7330264866982025,0.72157762119589
2021-02-20 16:10:00,0.5348675034867504,0.06772908366533859,0.15621742367833202,0.11908587752187128,0.3825758071481855,0.00033407572383073496,0.5,0.17504038225308793,0.3741016703686986,0.06744203358114081,0.7007846932127076,0.7330264866982025,0.6030372527422787
2021-02-20 16:20:00,0.5529986052998606,0.05179282868525892,0.15860014892032748,0.12872701303338685,0.3815026632291162,0.00033407572383073496,0.5,0.17504038225308793,0.3741016703686986,0.06744203358114081,0.7007846932127076,0.7330264866982025,0.6364651387359114
2021-02-20 16:30:00,0.5467224546722455,0.07569721115537842,0.15711094564408024,0.12408498482413854,0.3745534019970947,0.00044543429844097997,0.5,0.17504038225308793,0.3741016703686986,0.06744203358114081,0.7007846932127076,0.7330264866982025,0.5964738898863859
2021-02-20 16:40:00,0.5139470013947002,-0.0916334661354582,0.16008935219657472,0.13301196214961597,0.37905537160879976,0.00022271714922048998,0.5,0.17504038225308793,0.3741016703686986,0.06744203358114081,0.7007846932127076,0.7330264866982025,0.5389954282782866
2021-02-20 16:50:00,0.5913528591352859,-0.0916334661354582,0.16008935219657472,0.13693983217282635,0.3690044627082488,0.00011135857461024499,0.5,0.17504038225308793,0.3741016703686986,0.06744203358114081,0.7007846932127076,0.7330264866982025,0.7146521417686377
2021-02-20 17:00:00,0.5606694560669455,-0.2589641434262948,0.16008935219657472,0.13372612033565434,0.3704571331352816,0.00022271714922048998,0.5,0.18597622658488033,0.3667972195961572,0.05979818546743115,0.6686502703991599,0.731138758976283,0.6267936086425155
2021-02-20 17:10:00,0.5411436541143654,0.10756972111553775,0.16008935219657472,0.14193893947509362,0.3706403528287812,0.00011135857461024499,0.5,0.18597622658488033,0.3667972195961572,0.05979818546743115,0.6686502703991599,0.731138758976283,0.5987522066478567
2021-02-20 17:20:00,0.48465829846582986,-0.1872509960159363,0.16008935219657472,0.14015354400999835,0.3738074361021319,0.00011135857461024499,0.5,0.18597622658488033,0.3667972195961572,0.05979818546743115,0.6686502703991599,0.731138758976283,0.4857341159074792
2021-02-20 17:30:00,0.5662482566248256,0.09163346613545809,0.16008935219657472,0.13515443670773086,0.36231694389551244,0.00033407572383073496,0.5,0.18597622658488033,0.3667972195961572,0.05979818546743115,0.6686502703991599,0.731138758976283,0.6880969265356006
2021-02-20 17:40:00,0.49302649930264997,-0.13147410358565736,0.16008935219657472,0.13015532940546337,0.372446375521849,0.00011135857461024499,0.5,0.18597622658488033,0.3667972195961572,0.05979818546743115,0.6686502703991599,0.731138758976283,0.5152692487589964
2021-02-20 17:50:00,0.4839609483960949,-0.07569721115537853,0.16008935219657472,0.13836814854490287,0.36844171650678564,0.00011135857461024499,0.5,0.18597622658488033,0.3667972195961572,0.05979818546743115,0.6686502703991599,0.731138758976283,0.46082351343603367
2021-02-20 18:00:00,0.46234309623430964,0.003984063745019917,0.16008935219657472,0.14015354400999835,0.37248563688474173,0.00011135857461024499,0.5,0.06800271360735999,0.38240897453212164,0.08167958205108401,0.593702798780088,0.7431759171698404,0.4395944294400773
2021-02-20 18:10:00,0.45188284518828453,-0.02788844621513953,0.16008935219657472,0.1362256739867882,0.3715957126591721,0.00011135857461024499,0.5,0.06800271360735999,0.38240897453212164,0.08167958205108401,0.593702798780088,0.7431759171698404,0.41578526487318374
2021-02-20 18:20:00,0.46373779637377965,-0.0916334661354582,0.15740878629932964,0.1362256739867882,0.3701430422321394,0.00011135857461024499,0.5,0.06800271360735999,0.38240897453212164,0.08167958205108401,0.593702798780088,0.7431759171698404,0.4167810854444227
2021-02-20 18:30:00,0.4511854951185495,0.07569721115537842,0.15621742367833202,0.12551330119621507,0.36668804229757496,0.00011135857461024499,0.5,0.06800271360735999,0.38240897453212164,0.08167958205108401,0.593702798780088,0.7431759171698404,0.3990071970668558
2021-02-20 18:40:00,0.42677824267782427,0.03585657370517925,0.15174981384959052,0.11337261203356541,0.35942469016241113,0.00011135857461024499,0.5,0.06800271360735999,0.38240897453212164,0.08167958205108401,0.593702798780088,0.7431759171698404,0.34895966926686484
2021-02-20 18:50:00,0.3772663877266388,-0.10756972111553798,0.14698436336559917,0.10373147652204961,0.36273573176636875,0.00011135857461024499,0.5,0.06800271360735999,0.38240897453212164,0.08167958205108401,0.593702798780088,0.7431759171698404,0.27560088718559983
2021-02-20 19:00:00,0.34658298465829845,0.03585657370517925,0.1437081161578555,0.09873236921978235,0.36000052348483863,0.00011135857461024499,0.5,0.07621067545676219,0.38675084121871145,0.06297031395499393,0.44254604766150146,0.7390785615847195,0.21260014786426665
2021-02-20 19:10:00,0.3493723849372385,-0.059760956175298974,0.13834698436336557,0.08552044277807536,0.35552472811506197,0.00011135857461024499,0.5,0.07621067545676219,0.38675084121871145,0.06297031395499393,0.44254604766150146,0.7390785615847195,0.21965387691054214
2021-02-20 19:20:00,0.398884239888424,0.1633466135458166,0.13387937453462384,0.07052312087127288,0.35438614859117146,0.00011135857461024499,0.5,0.07621067545676219,0.38675084121871145,0.06297031395499393,0.44254604766150146,0.7390785615847195,0.2818700303272629
2021-02-20 19:30:00,0.42189679218967924,-0.3705179282868527,0.1285182427401339,0.06123906445277627,0.3615578908795854,0.00011135857461024499,0.5,0.07621067545676219,0.38675084121871145,0.06297031395499393,0.44254604766150146,0.7390785615847195,0.34354300888694417
2021-02-20 19:40:00,0.40446304044630405,-0.1872509960159363,0.1243484735666418,0.05481164077843248,0.3615578908795854,0.00011135857461024499,0.5,0.07621067545676219,0.38675084121871145,0.06297031395499393,0.44254604766150146,0.7390785615847195,0.3054981366084765
2021-02-20 19:50:00,0.2873082287308229,0.43426294820717115,0.11809381980640343,0.0448134261738975,0.3615578908795854,0.00011135857461024499,0.5,0.07621067545676219,0.38675084121871145,0.06297031395499393,0.44254604766150146,0.7390785615847195,0.16959126092007787
2021-02-20 20:00:00,0.299860529986053,0.05179282868525892,0.11422189128816074,0.03231565791822888,0.3738859588279174,0.00011135857461024499,0.5,0.05035716155869663,0.39582824483415496,0.06836092872069785,0.3425597612515126,0.7194518238505446,0.17967771625148996
2021-02-20 20:10:00,0.33054393305439334,0.03585657370517925,0.10945644080416961,0.024816996964827753,0.37537789061784305,0.00011135857461024499,0.5,0.05035716155869663,0.39582824483415496,0.06836092872069785,0.3425597612515126,0.7194518238505446,0.19351358691552123
2021-02-20 20:20:00,0.36401673640167365,0.1633466135458166,0.10707371556217415,0.019103731476522112,0.38058656476161806,0.00011135857461024499,0.5,0.05035716155869663,0.39582824483415496,0.06836092872069785,0.3425597612515126,0.7194518238505446,0.23136231271783575
2021-02-20 20:30:00,0.3493723849372385,-0.4581673306772909,0.101712583767684,0.01410462417425462,0.38661972752614154,0.00011135857461024499,0.5,0.05035716155869663,0.39582824483415496,0.06836092872069785,0.3425597612515126,0.7194518238505446,0.20437708405630914
2021-02-20 20:40:00,0.3263598326359832,0.043824701195219085,0.09813849590469093,0.009819675058025501,0.37601915954509174,0.00011135857461024499,0.5,0.05035716155869663,0.39582824483415496,0.06836092872069785,0.3425597612515126,0.7194518238505446,0.18344221977458244
2021-02-20 20:50:00,0.3228730822873082,0.25099601593625476,0.0936708860759492,-0.0008926977325478536,0.3749460156260224,0.00011135857461024499,0.5,0.05035716155869663,0.39582824483415496,0.06836092872069785,0.3425597612515126,0.7194518238505446,0.16924423253919157
2021-02-20 21:00:00,0.26429567642956764,0.05179282868525892,0.08979895755770673,-0.008748437778968055,0.3749460156260224,0.00011135857461024499,0.5,0.014349499686981293,0.39612708939762875,0.07013759459223996,0.2665713939636698,0.7174338436777374,0.13182552016536658
2021-02-20 21:10:00,0.33472803347280333,0.06772908366533859,0.08473566641846597,-0.01481878236029266,0.3749460156260224,0.00011135857461024499,0.5,0.014349499686981293,0.39612708939762875,0.07013759459223996,0.2665713939636698,0.7174338436777374,0.20117838767596605
2021-02-20 21:20:00,0.3884239888423989,0.4183266932270917,0.08056589724497387,-0.01838957329048374,0.3749460156260224,0.00011135857461024499,0.5,0.014349499686981293,0.39612708939762875,0.07013759459223996,0.2665713939636698,0.7174338436777374,0.26712886823483256
2021-02-20 21:30:00,0.42677824267782427,0.33864541832669315,0.07490692479523453,-0.02053204784859841,0.3847482692282525,0.00011135857461024499,0.5,0.014349499686981293,0.39612708939762875,0.07013759459223996,0.2665713939636698,0.7174338436777374,0.348182627457489
2021-02-20 21:40:00,0.42189679218967924,0.4661354581673305,0.06954579300074437,-0.02624531333690394,0.38613550405046393,0.00011135857461024499,0.5,0.014349499686981293,0.39612708939762875,0.07013759459223996,0.2665713939636698,0.7174338436777374,0.3334716417460054
2021-02-20 21:50:00,0.42329149232914925,0.4501992031872508,0.0635889798957554,-0.03088734154615247,0.38613550405046393,0.00011135857461024499,0.5,0.014349499686981293,0.39612708939762875,0.07013759459223996,0.2665713939636698,0.7174338436777374,0.33376586146023507
2021-02-20 22:00:00,0.3096234309623431,-0.02788844621513953,0.05733432613551748,-0.037671844313515335,0.38613550405046393,0.00011135857461024499,0.5,-0.08996035318253515,0.39126224472496196,0.11580995483261361,0.22123990978184313,0.7526633156281244,0.16022903873138494
2021-02-20 22:10:00,0.2789400278940028,-0.1872509960159363,0.0507818317200297,-0.04231387252276375,0.38613550405046393,0.00011135857461024499,0.5,-0.08996035318253515,0.39126224472496196,0.11580995483261361,0.22123990978184313,0.7526633156281244,0.12411545483350182
2021-02-20 22:20:00,0.19525801952580193,0.2669322709163344,0.04393149664929252,-0.049455454383145914,0.38613550405046393,0.00011135857461024499,0.5,-0.08996035318253515,0.39126224472496196,0.11580995483261361,0.22123990978184313,0.7526633156281244,0.06378532522594565
2021-02-20 22:30:00,0.11366806136680613,0.6653386454183265,0.033507073715562274,-0.04909837529012662,0.38613550405046393,0.00011135857461024499,0.5,-0.08996035318253515,0.39126224472496196,0.11580995483261361,0.22123990978184313,0.7526633156281244,0.017532477329993815
2021-02-20 22:40:00,0.19386331938633192,0.17928286852589648,0.024869694713328228,-0.05481164077843248,0.38613550405046393,0.00011135857461024499,0.5,-0.08996035318253515,0.39126224472496196,0.11580995483261361,0.22123990978184313,0.7526633156281244,0.06619189160643964
2021-02-20 22:50:00,0.1792189679218968,0.019920318725099362,0.02308265078183136,-0.0669523299410818,0.38613550405046393,0.00011135857461024499,0.5,-0.08996035318253515,0.39126224472496196,0.11580995483261361,0.22123990978184313,0.7526633156281244,0.059930292560013275
2021-02-20 23:00:00,0.14225941422594143,0.1633466135458166,0.021295606850334936,-0.07052312087127288,0.3910431744120611,0.00011135857461024499,0.5,-0.15545528134498332,0.40403210280253005,0.16126216575442928,0.22278298632679688,0.8408132730065632,0.028690194185011394
2021-02-20 23:10:00,0.12273361227336123,0.47410358565737054,0.014147431124348353,-0.07052312087127288,0.4251089502820275,0.00011135857461024499,0.5,-0.15545528134498332,0.40403210280253005,0.16126216575442928,0.22278298632679688,0.8408132730065632,0.020421865805633932
2021-02-20 23:20:00,0.1297071129707113,0.027888446215139417,0.014147431124348353,-0.07230851633636859,0.43553938569054196,0.00011135857461024499,0.5,-0.15545528134498332,0.40403210280253005,0.16126216575442928,0.22278298632679688,0.8408132730065632,0.02807912247084207
2021-02-20 23:30:00,0.11018131101813111,0.3227091633466135,0.015934475055845,-0.06980896268523484,0.4380782871576082,0.00011135857461024499,0.5,-0.15545528134498332,0.40403210280253005,0.16126216575442928,0.22278298632679688,0.8408132730065632,0.011783876759660214
2021-02-20 23:40:00,0.10111576011157601,-0.23505976095617542,0.038570364854802586,-0.01267630780217821,0.45200298386357984,0.00011135857461024499,0.5,-0.15545528134498332,0.40403210280253005,0.16126216575442928,0.22278298632679688,0.8408132730065632,0.004021002761138857
2021-02-20 23:50:00,0.12412831241283125,0.1633466135458166,0.05644080416976904,0.07016604177825392,0.45200298386357984,0.00011135857461024499,0.5,-0.15545528134498332,0.40403210280253005,0.16126216575442928,0.22278298632679688,0.8408132730065632,0.030274454184709632
2021-02-21 00:00:00,0.197350069735007,0.19521912350597592,0.06805658972449735,0.10837350473129792,0.4520553323474369,0.00011135857461024499,0.5,-0.17958860965311785,0.40219305933501526,0.1787637829515404,0.23122548530022233,0.9151483297779907,0.07098239208171764
2021-02-21 00:10:00,0.13737796373779637,-0.043824701195219196,0.08086373790022328,0.1219425102660241,0.4520553323474369,0.00011135857461024499,0.5,-0.17958860965311785,0.40219305933501526,0.1787637829515404,0.23122548530022233,0.9151483297779907,0.03989317561144892
2021-02-21 00:20:00,0.17852161785216178,-0.21912350597609564,0.06120625465375995,0.11123013747545074,0.4520553323474369,0.00011135857461024499,0.5,-0.17958860965311785,0.40219305933501526,0.1787637829515404,0.23122548530022233,0.9151483297779907,0.05888920741735444
2021-02-21 00:30:00,0.24407252440725244,0.5059760956175297,0.03261355174981384,0.02874486698803791,0.46248576775595135,0.00011135857461024499,0.5,-0.17958860965311785,0.40219305933501526,0.1787637829515404,0.23122548530022233,0.9151483297779907,0.11111697874073961
2021-02-21 00:40:00,0.2635983263598326,0.2589641434262948,0.022486969471332774,-0.019103731476522,0.4811218280090563,0.00011135857461024499,0.5,-0.17958860965311785,0.40219305933501526,0.1787637829515404,0.23122548530022233,0.9151483297779907,0.09984610045717217
2021-02-21 00:50:00,0.1806136680613668,0.1394422310756971,0.016232315711094403,-0.042670951615782826,0.4905183808613943,0.00011135857461024499,0.5,-0.17958860965311785,0.40219305933501526,0.1787637829515404,0.23122548530022233,0.9151483297779907,0.05857235541741479
2021-02-21 01:00:00,0.13668061366806136,-0.24302788844621515,0.014147431124348353,-0.05124084984824129,0.4960804072712044,0.00011135857461024499,0.5,-0.28333252730033753,0.3973339616731856,0.25234653683943953,0.255387251036329,0.9774509771865505,0.03747152104048162
2021-02-21 01:10:00,0.13598326359832635,-0.1872509960159363,0.013849590469098949,-0.057311194429566115,0.4960804072712044,0.00011135857461024499,0.5,-0.28333252730033753,0.3973339616731856,0.25234653683943953,0.255387251036329,0.9774509771865505,0.028509135899331593
2021-02-21 01:20:00,0.1206415620641562,-0.09960159362549814,0.014147431124348353,-0.05981074808069986,0.4960804072712044,0.00011135857461024499,0.5,-0.28333252730033753,0.3973339616731856,0.25234653683943953,0.255387251036329,0.9774509771865505,0.02081415875794016
2021-02-21 01:30:00,0.18758716875871687,-0.38645418326693237,0.014147431124348353,-0.06338153901089094,0.4894714111842536,0.00011135857461024499,0.5,-0.28333252730033753,0.3973339616731856,0.25234653683943953,0.255387251036329,0.9774509771865505,0.04263168218235587
2021-02-21 01:40:00,0.15481171548117156,-0.17928286852589637,0.016530156366343807,-0.07623638635957874,0.47959063485623804,0.00011135857461024499,0.5,-0.28333252730033753,0.3973339616731856,0.25234653683943953,0.255387251036329,0.9774509771865505,0.025340615899935123
2021-02-21 01:50:00,0.08437935843793584,-0.4900398406374503,0.02010424422933732,-0.07016604177825392,0.47959063485623804,0.4610244988864143,0.5,-0.28333252730033753,0.3973339616731856,0.25234653683943953,0.255387251036329,0.9774509771865505,0.0
2021-02-21 02:00:00,0.061366806136680614,-0.3994023904382471,0.02308265078183136,-0.04909837529012662,0.47959063485623804,0.9975501113585746,0.5,-0.3053385622083481,0.4047102500811769,0.279609290757774,0.29712569098964337,0.013138782711544594,0.0
2021-02-21 02:10:00,0.059274755927475595,-0.308764940239044,0.022784810126582178,-0.031958578825209805,0.47959063485623804,0.9975501113585746,0.5,-0.3053385622083481,0.4047102500811769,0.279609290757774,0.29712569098964337,0.013138782711544594,0.0
2021-02-21 02:20:00,0.09065550906555091,-0.21812749003984067,0.02159344750558434,-0.03374397429030518,0.47959063485623804,0.9975501113585746,0.5,-0.3053385622083481,0.4047102500811769,0.279609290757774,0.29712569098964337,0.013138782711544594,0.0
2021-02-21 02:30:00,0.1087866108786611,-0.12749003984063756,0.024571854058078824,-0.04052847705766838,0.47959063485623804,0.9975501113585746,0.5,-0.3053385622083481,0.4047102500811769,0.279609290757774,0.29712569098964337,0.013138782711544594,0.0
2021-02-21 02:40:00,0.11924686192468618,-0.03685258964143445,0.026061057334326065,-0.04731297982503124,0.47959063485623804,0.9975501113585746,0.5,-0.3053385622083481,0.4047102500811769,0.279609290757774,0.29712569098964337,0.013138782711544594,0.0
2021-02-21 02:50:00,0.14504881450488147,0.053784860557768654,0.023976172747579794,-0.05124084984824129,0.47959063485623804,0.9975501113585746,0.5,-0.3053385622083481,0.4047102500811769,0.279609290757774,0.29712569098964337,0.013138782711544594,0.0
2021-02-21 03:00:00,0.2085076708507671,0.14442231075697198,0.008786299329858416,-0.05302624531333677,0.5622488908664983,0.5479955456570156,0.5,-0.3294108543627343,0.4034660222351848,0.3062640977676022,0.3139882496441116,0.035257787096510645,0.025144469423782005
2021-02-21 03:10:00,0.20571827057182707,0.2350597609561753,0.006403574087862962,-0.03374397429030518,0.6366360864273469,0.00011135857461024499,0.5,-0.3294108543627343,0.4034660222351848,0.3062640977676022,0.3139882496441116,0.035257787096510645,0.08296995941276764
2021-02-21 03:20:00,0.2615062761506276,0.2669322709163344,0.011466865227103495,-0.01624709873236929,0.6458232453442567,0.00011135857461024499,0.5,-0.3294108543627343,0.4034660222351848,0.3062640977676022,0.3139882496441116,0.035257787096510645,0.11746156283476922
2021-02-21 03:30:00,0.29428172942817293,-0.19521912350597614,0.013849590469098949,-0.018746652383503037,0.6571436049783408,0.00011135857461024499,0.5,-0.3294108543627343,0.4034660222351848,0.3062640977676022,0.3139882496441116,0.035257787096510645,0.1561175068274062
2021-02-21 03:40:00,0.24755927475592746,0.3306772908366533,0.02010424422933732,-0.013747545081235546,0.6573268246718404,0.00011135857461024499,0.5,-0.3294108543627343,0.4034660222351848,0.3062640977676022,0.3139882496441116,0.035257787096510645,0.11778595892994553
2021-02-21 03:50:00,0.2189679218967922,-0.2828685258964144,-0.005212211466865346,-0.020889126941617486,0.6610043056627973,0.00011135857461024499,0.5,-0.3294108543627343,0.4034660222351848,0.3062640977676022,0.3139882496441116,0.035257787096510645,0.08876382455452117
2021-02-21 04:00:00,0.14574616457461645,-0.2509960159362551,-0.06299329858525693,-0.08552044277807536,0.6527986808182069,0.00011135857461024499,0.5,-0.4094896210188502,0.40074768610976436,0.4327977085195123,0.326863539515537,0.056490857797490135,0.03735835961193174
2021-02-21 04:10:00,0.2085076708507671,-0.4900398406374503,-0.08801191362621008,-0.12015711480092839,0.6405229613537319,0.00011135857461024499,0.5,-0.4094896210188502,0.40074768610976436,0.4327977085195123,0.326863539515537,0.056490857797490135,0.07830770855651281
2021-02-21 04:20:00,0.18410041841004185,-0.3784860557768924,-0.08413998510796727,-0.13515443670773075,0.6405229613537319,0.00011135857461024499,0.5,-0.4094896210188502,0.40074768610976436,0.4327977085195123,0.326863539515537,0.056490857797490135,0.07497321846190987
2021-02-21 04:30:00,0.18549511854951187,0.3067729083665336,-0.08652271034996295,-0.1422960185681127,0.6405229613537319,0.00011135857461024499,0.5,-0.4094896210188502,0.40074768610976436,0.4327977085195123,0.326863539515537,0.056490857797490135,0.07523726179519291
2021-02-21 04:40:00,0.28591352859135283,0.19521912350597592,-0.08711839166046176,-0.1487234422424566,0.6497101202706417,0.00011135857461024499,0.5,-0.4094896210188502,0.40074768610976436,0.4327977085195123,0.326863539515537,0.056490857797490135,0.1320744753081763
2021-02-21 04:50:00,0.2482566248256625,0.019920318725099362,-0.08413998510796727,-0.14943760042849485,0.6550758398659878,0.00011135857461024499,0.5,-0.4094896210188502,0.40074768610976436,0.4327977085195123,0.326863539515537,0.056490857797490135,0.10461396864674019
2021-02-21 05:00:00,0.26429567642956764,0.03585657370517925,-0.08324646314221895,-0.14979467952151393,0.6581905746554816,0.00011135857461024499,0.5,-0.4121747114874377,0.3929432453944904,0.43550354147462256,0.3384536058065715,0.06986590720113327,0.11689575569201985
2021-02-21 05:10:00,0.11297071129707113,-0.07569721115537853,-0.08205510052122122,-0.15122299589359034,0.6426692491918703,0.00011135857461024499,0.5,-0.4121747114874377,0.3929432453944904,0.43550354147462256,0.3384536058065715,0.06986590720113327,0.020059749234274334
2021-02-21 05:20:00,0.15341701534170155,-0.4820717131474104,-0.08116157855547301,-0.1440814140332084,0.6406145712004816,0.00011135857461024499,0.5,-0.4121747114874377,0.3929432453944904,0.43550354147462256,0.3384536058065715,0.06986590720113327,0.04389909018211446
2021-02-21 05:30:00,0.19386331938633192,-0.5378486055776892,-0.08294862248696955,-0.15122299589359034,0.634267317532816,0.00011135857461024499,0.5,-0.4121747114874377,0.3929432453944904,0.43550354147462256,0.3384536058065715,0.06986590720113327,0.06854564932027703
2021-02-21 05:40:00,0.15271966527196654,-0.3466135458167332,-0.08950111690245721,-0.15765041956793413,0.6241378859064793,0.00011135857461024499,0.5,-0.4121747114874377,0.3929432453944904,0.43550354147462256,0.3384536058065715,0.06986590720113327,0.051254583037856266
2021-02-21 05:50:00,0.2294281729428173,-0.26693227091633476,-0.09843633655994066,-0.16193536868416358,0.6166258784729947,0.00011135857461024499,0.5,-0.4121747114874377,0.3929432453944904,0.43550354147462256,0.3384536058065715,0.06986590720113327,0.09077809798270893
2021-02-21 06:00:00,0.2105997210599721,-0.14741035856573714,-0.10647803425167546,-0.16907695054454563,0.6098990982973655,0.00011135857461024499,0.5,-0.46861477615240765,0.4140864982600942,0.41442969723001183,0.3664585840465812,0.0965185341050118,0.07250629931952261
2021-02-21 06:10:00,0.11227336122733612,0.12350597609561742,-0.11303052866716312,-0.17050526691662193,0.6098990982973655,0.00044543429844097997,0.5,-0.46861477615240765,0.4140864982600942,0.41442969723001183,0.3664585840465812,0.0965185341050118,0.011399127902590641
2021-02-21 06:20:00,0.08298465829846582,-0.23771580345285526,-0.09903201787043936,-0.1422960185681127,0.6098990982973655,0.7889755011135857,0.5,-0.46861477615240765,0.4140864982600942,0.41442969723001183,0.3664585840465812,0.0965185341050118,0.0
2021-02-21 06:30:00,0.08507670850767085,-0.598937583001328,-0.0847356664184663,-0.11551508659167986,0.6098990982973655,0.9995545657015591,0.5,-0.46861477615240765,0.4140864982600942,0.41442969723001183,0.3664585840465812,0.0965185341050118,0.0
2021-02-21 06:40:00,0.04672245467224547,-0.9601593625498008,-0.088607594936709,-0.11480092840564182,0.6098990982973655,0.9995545657015591,0.5,-0.46861477615240765,0.4140864982600942,0.41442969723001183,0.3664585840465812,0.0965185341050118,0.0
2021-02-21 06:50:00,0.045327754532775454,-0.7402390438247013,-0.09516008935219666,-0.12122835207998572,0.6098990982973655,0.9995545657015591,0.5,-0.46861477615240765,0.4140864982600942,0.41442969723001183,0.3664585840465812,0.0965185341050118,0.0
2021-02-21 07:00:00,0.08298465829846582,-0.5203187250996016,-0.09873417721518996,-0.12729869666131055,0.6098990982973655,0.9995545657015591,0.5,-0.449682695383232,0.43791647869152034,0.4025997148964873,0.44129299128590405,0.12925553933684303,0.0
2021-02-21 07:10:00,0.08926080892608089,-0.3003984063745021,-0.10498883097542833,-0.1376539903588645,0.6098990982973655,0.9995545657015591,0.5,-0.449682695383232,0.43791647869152034,0.4025997148964873,0.44129299128590405,0.12925553933684303,0.0
2021-02-21 07:20:00,0.18410041841004185,-0.08047808764940256,-0.11898734177215198,-0.14729512587038018,0.610173927837615,0.9995545657015591,0.5,-0.449682695383232,0.43791647869152034,0.4025997148964873,0.44129299128590405,0.12925553933684303,0.0
2021-02-21 07:30:00,0.1924686192468619,0.1394422310756971,-0.1306031273268803,-0.15479378682378142,0.669733415345958,0.28875278396436527,0.5,-0.449682695383232,0.43791647869152034,0.4025997148964873,0.44129299128590405,0.12925553933684303,0.016974214282481102
2021-02-21 07:40:00,0.14644351464435149,0.17131474103585642,-0.11332836932241275,-0.11765756114979464,0.670741123660206,0.00011135857461024499,0.5,-0.449682695383232,0.43791647869152034,0.4025997148964873,0.44129299128590405,0.12925553933684303,0.028320533518415136
2021-02-21 07:50:00,0.13319386331938632,-0.02788844621513953,-0.09932985852568887,-0.08730583824317073,0.670741123660206,0.00011135857461024499,0.5,-0.449682695383232,0.43791647869152034,0.4025997148964873,0.44129299128590405,0.12925553933684303,0.03840698884982724
2021-02-21 08:00:00,0.2398884239888424,-0.2589641434262948,-0.09456440804169786,-0.0669523299410818,0.6612398738401539,0.00011135857461024499,0.5,-0.43332780783817615,0.440169306939227,0.4538059898622253,0.5417594170753678,0.12950264581157436,0.11384794121640991
2021-02-21 08:10:00,0.2189679218967922,0.19521912350597592,-0.08979895755770673,-0.06945188359221555,0.6543429610919894,0.00011135857461024499,0.5,-0.43332780783817615,0.440169306939227,0.4538059898622253,0.5417594170753678,0.12950264581157436,0.10413114655159407
2021-02-21 08:20:00,0.14783821478382148,-0.5697211155378487,-0.08682055100521235,-0.062310301731833606,0.6471581316826112,0.00011135857461024499,0.5,-0.43332780783817615,0.440169306939227,0.4538059898622253,0.5417594170753678,0.12950264581157436,0.05299726903752433
2021-02-21 08:30:00,0.11087866108786612,-0.553784860557769,-0.0808637379002235,-0.04088555615068734,0.638965593958985,0.00011135857461024499,0.5,-0.43332780783817615,0.440169306939227,0.4538059898622253,0.5417594170753678,0.12950264581157436,0.026328892375937354
2021-02-21 08:40:00,0.11436541143654114,-0.06772908366533881,-0.07460908413998513,-0.00910551687198713,0.6239546662129798,0.00011135857461024499,0.5,-0.43332780783817615,0.440169306939227,0.4538059898622253,0.5417594170753678,0.12950264581157436,0.008985017426859997
2021-02-21 08:50:00,0.10181311018131102,-0.6334661354581674,-0.06746090841399865,0.016604177825388255,0.6041931135569485,0.011135857461024499,0.5,-0.43332780783817615,0.440169306939227,0.4538059898622253,0.5417594170753678,0.12950264581157436,0.0
2021-02-21 09:00:00,0.1499302649930265,-0.31872509960159356,-0.07014147431124362,0.0001785395465094819,0.5698917695096256,0.956792873051225,0.5,-0.4288614289197301,0.45596496622194294,0.6126494298373596,0.5626601081143875,0.12451775488886277,0.0
2021-02-21 09:10:00,0.16736401673640167,-0.003984063745020028,-0.07818317200297853,-0.01053383324406354,0.5698786823886614,0.9993318485523385,0.5,-0.4288614289197301,0.45596496622194294,0.6126494298373596,0.5626601081143875,0.12451775488886277,0.0
2021-02-21 09:20:00,0.1311018131101813,-0.03585657370517936,-0.08652271034996295,-0.024459917871808567,0.5698786823886614,0.9993318485523385,0.5,-0.4288614289197301,0.45596496622194294,0.6126494298373596,0.5626601081143875,0.12451775488886277,0.0
2021-02-21 09:30:00,0.1094839609483961,-0.07038512616201864,-0.08562918838421452,-0.038386002499553595,0.5698786823886614,0.9993318485523385,0.5,-0.4288614289197301,0.45596496622194294,0.6126494298373596,0.5626601081143875,0.12451775488886277,0.0
2021-02-21 09:40:00,0.1206415620641562,-0.10491367861885803,-0.06478034251675369,-0.04981253347616499,0.5698786823886614,0.9993318485523385,0.5,-0.4288614289197301,0.45596496622194294,0.6126494298373596,0.5626601081143875,0.12451775488886277,0.0
2021-02-21 09:50:00,0.14714086471408647,-0.1394422310756973,-0.04631422189128831,-0.05838243170862356,0.5698786823886614,0.9993318485523385,0.5,-0.4288614289197301,0.45596496622194294,0.6126494298373596,0.5626601081143875,0.12451775488886277,0.0
2021-02-21 10:00:00,0.17852161785216178,-0.17397078353253648,-0.04303797468354453,-0.06052490626673801,0.5698786823886614,0.9993318485523385,0.5,-0.17774018143413628,0.4758582442307217,0.6503672473612201,0.5314739036181948,0.1414108447700443,0.0
2021-02-21 10:10:00,0.16875871687587168,-0.20849933598937587,-0.04333581533879394,-0.06338153901089094,0.5698786823886614,0.9993318485523385,0.5,-0.17774018143413628,0.4758582442307217,0.6503672473612201,0.5314739036181948,0.1414108447700443,0.0
2021-02-21 10:20:00,0.26569037656903766,-0.24302788844621515,-0.029337304542070175,-0.060167827173718935,0.5914331706167959,0.18596881959910913,0.5,-0.17774018143413628,0.4758582442307217,0.6503672473612201,0.5314739036181948,0.1414108447700443,0.07035623217707501
2021-02-21 10:30:00,0.2907949790794979,-0.07569721115537853,-0.004318689501117023,-0.035529369755400886,0.5694991558806978,0.00011135857461024499,0.5,-0.17774018143413628,0.4758582442307217,0.6503672473612201,0.5314739036181948,0.1414108447700443,0.11453445388294582
2021-02-21 10:40:00,0.3263598326359832,-0.003984063745020028,0.015338793745345969,-0.020889126941617486,0.5624190234390336,0.00011135857461024499,0.5,-0.17774018143413628,0.4758582442307217,0.6503672473612201,0.5314739036181948,0.1414108447700443,0.16603044796837516
2021-02-21 10:50:00,0.25662482566248257,-0.23505976095617542,0.037676842889054374,-0.00981967505802539,0.5686877543809137,0.00011135857461024499,0.5,-0.17774018143413628,0.4758582442307217,0.6503672473612201,0.5314739036181948,0.1414108447700443,0.10265250388520905
2021-02-21 11:00:00,0.21617852161785217,0.5139442231075697,0.0588235294117645,0.013747545081235657,0.5748256141131513,0.00011135857461024499,0.5,-0.10554571824710846,0.4677635794682276,0.6032249846142765,0.5269713990281873,0.18230723114999872,0.06239721170240053
2021-02-21 11:10:00,0.19386331938633192,0.05179282868525892,0.050483991064780076,-0.008391358685948758,0.59577809477693,0.00011135857461024499,0.5,-0.10554571824710846,0.4677635794682276,0.6032249846142765,0.5269713990281873,0.18230723114999872,0.06646347903495933
2021-02-21 11:20:00,0.3361227336122734,-0.02788844621513953,0.042740134028294685,-0.05302624531333677,0.6064310112418368,0.00011135857461024499,0.5,-0.10554571824710846,0.4677635794682276,0.6032249846142765,0.5269713990281873,0.18230723114999872,0.21217767853101377
2021-02-21 11:30:00,0.3898186889818689,-0.12350597609561753,0.04542069992553954,-0.05981074808069986,0.6101346664747223,0.00011135857461024499,0.5,-0.10554571824710846,0.4677635794682276,0.6032249846142765,0.5269713990281873,0.18230723114999872,0.2846839778505364
2021-02-21 11:40:00,0.35006973500697347,0.06772908366533859,0.04839910647803425,-0.05981074808069986,0.6133017497480729,0.00011135857461024499,0.5,-0.10554571824710846,0.4677635794682276,0.6032249846142765,0.5269713990281873,0.18230723114999872,0.23822743938319477
2021-02-21 11:50:00,0.397489539748954,0.09960159362549792,0.055249441548771205,-0.057311194429566115,0.625328813914227,0.00011135857461024499,0.5,-0.10554571824710846,0.4677635794682276,0.6032249846142765,0.5269713990281873,0.18230723114999872,0.2935332015631365
2021-02-21 12:00:00,0.26429567642956764,-0.02788844621513953,0.05793000744601606,-0.05159792894126036,0.609872924055437,0.00011135857461024499,0.5,-0.05172967454388833,0.46694750392951817,0.47069737749660556,0.5490406058211003,0.24120351423996805,0.13222535721290946
2021-02-21 12:10:00,0.33891213389121344,0.05976095617529875,0.06716306775874892,-0.04731297982503124,0.6286660297601131,0.00011135857461024499,0.5,-0.05172967454388833,0.46694750392951817,0.47069737749660556,0.5490406058211003,0.24120351423996805,0.21259260376903
2021-02-21 12:20:00,0.39191073919107394,0.027888446215139417,0.07163067758749042,-0.04017139796464908,0.621140935205664,0.00011135857461024499,0.5,-0.05172967454388833,0.46694750392951817,0.47069737749660556,0.5490406058211003,0.24120351423996805,0.30167328032349083
2021-02-21 12:30:00,0.39400278940027894,-0.14741035856573714,0.0740134028294861,-0.039814318871630006,0.6122286058290037,0.00011135857461024499,0.5,-0.05172967454388833,0.46694750392951817,0.47069737749660556,0.5490406058211003,0.24120351423996805,0.299726903752433
2021-02-21 12:40:00,0.4211994421199442,-0.019920318725099695,0.08056589724497387,-0.03267273701124784,0.6062608786693016,0.00011135857461024499,0.5,-0.05172967454388833,0.46694750392951817,0.47069737749660556,0.5490406058211003,0.24120351423996805,0.3382093335546268
2021-02-21 12:50:00,0.4281729428172943,-0.059760956175298974,0.08592702903946359,-0.01981788966256015,0.5889858789964795,0.00011135857461024499,0.5,-0.05172967454388833,0.46694750392951817,0.47069737749660556,0.5490406058211003,0.24120351423996805,0.34834105345745886
2021-02-21 13:00:00,0.3417015341701534,0.01195219123505975,0.09456440804169763,-0.015175861453311956,0.5908965986572614,0.00011135857461024499,0.5,0.10063107380605119,0.46528949130333835,0.2808483915594041,0.5182147409205943,0.25652312311490194,0.23866499690692097
2021-02-21 13:10:00,0.4588563458856346,0.1633466135458166,0.10409530900967967,-0.0112479914301018,0.5921529622698303,0.00022271714922048998,0.5,0.10063107380605119,0.46528949130333835,0.2808483915594041,0.5182147409205943,0.25652312311490194,0.4232011104908189
2021-02-21 13:20:00,0.43235704323570434,0.10756972111553775,0.10647803425167512,0.0005356186395288898,0.622802999568125,0.00011135857461024499,0.5,0.10063107380605119,0.46528949130333835,0.2808483915594041,0.5182147409205943,0.25652312311490194,0.3664016174540188
2021-02-21 13:30:00,0.40446304044630405,0.20318725099601576,0.11124348473566648,0.0069630423138726805,0.6198976587140594,0.00022271714922048998,0.5,0.10063107380605119,0.46528949130333835,0.2808483915594041,0.5182147409205943,0.25652312311490194,0.31508668165426923
2021-02-21 13:40:00,0.41143654114365413,-0.17928286852589637,0.11541325390915858,0.00767720049991083,0.6408108780149454,0.00033407572383073496,0.5,0.10063107380605119,0.46528949130333835,0.2808483915594041,0.5182147409205943,0.25652312311490194,0.32836428927078776
2021-02-21 13:50:00,0.3110181311018131,-0.1633466135458168,0.11928518242740127,0.00839135868594898,0.6094933975474736,0.00022271714922048998,0.5,0.10063107380605119,0.46528949130333835,0.2808483915594041,0.5182147409205943,0.25652312311490194,0.17453264330008902
2021-02-21 14:00:00,0.3472803347280335,0.19521912350597592,0.12643335815338785,0.009819675058025501,0.6085772990799754,0.00022271714922048998,0.5,0.10312278306183353,0.44901395661581367,0.2572921608454546,0.5315801693082292,0.2630859682256305,0.22749219186143008
2021-02-21 14:10:00,0.30404463040446306,0.22709163346613526,0.13090096798212936,0.008034279592929794,0.6122024315870751,0.00022271714922048998,0.5,0.10312278306183353,0.44901395661581367,0.2572921608454546,0.5315801693082292,0.2630859682256305,0.18373643948881213
2021-02-21 14:20:00,0.38702928870292885,-0.03585657370517936,0.1362620997766193,0.0112479914301018,0.6191516928190968,0.00022271714922048998,0.5,0.10312278306183353,0.44901395661581367,0.2572921608454546,0.5315801693082292,0.2630859682256305,0.27478612490004073
2021-02-21 14:30:00,0.32566248256624825,-0.31474103585657376,0.14043186895011162,0.018746652383502926,0.6152386436507833,0.00022271714922048998,0.5,0.10312278306183353,0.44901395661581367,0.2572921608454546,0.5315801693082292,0.2630859682256305,0.19116737329692052
2021-02-21 14:40:00,0.3800557880055788,0.06772908366533859,0.14668652271034976,0.023388680592751232,0.6261271282930468,0.00022271714922048998,0.5,0.10312278306183353,0.44901395661581367,0.2572921608454546,0.5315801693082292,0.2630859682256305,0.26529565309232467
2021-02-21 14:50:00,0.36541143654114366,0.22709163346613526,0.15413253909158597,0.023388680592751232,0.647956446061431,0.00022271714922048998,0.5,0.10312278306183353,0.44901395661581367,0.2572921608454546,0.5315801693082292,0.2630859682256305,0.2570650451891305
2021-02-21 15:00:00,0.42538354253835425,0.05976095617529875,0.15830230826507807,0.028387787895018723,0.6398555181845546,0.00022271714922048998,0.5,0.10286222872681572,0.41730482432824717,0.2552883708785569,0.530342961473948,0.28008340428303585,0.32177829412918507
2021-02-21 15:10:00,0.37447698744769875,-0.059760956175298974,0.16068503350707353,0.034815211569362514,0.6358508591694914,0.00022271714922048998,0.5,0.10286222872681572,0.41730482432824717,0.2552883708785569,0.530342961473948,0.28008340428303585,0.2731641444241592
2021-02-21 15:20:00,0.37447698744769875,-0.0916334661354582,0.16813104988830951,0.04517050526691668,0.6463598173037913,0.00022271714922048998,0.5,0.10286222872681572,0.41730482432824717,0.2552883708785569,0.530342961473948,0.28008340428303585,0.2366884439549165
2021-02-21 15:30:00,0.2873082287308229,0.49800796812749004,0.1746835443037973,0.058025352615604486,0.6336783970894243,0.00033407572383073496,0.5,0.10286222872681572,0.41730482432824717,0.2552883708785569,0.530342961473948,0.28008340428303585,0.17753519320427902
2021-02-21 15:40:00,0.44979079497907953,-0.019920318725099695,0.17795979151154118,0.053026245313336995,0.6539110861001688,0.00033407572383073496,0.5,0.10286222872681572,0.41730482432824717,0.2552883708785569,0.530342961473948,0.28008340428303585,0.38139173468925874
2021-02-21 15:50:00,0.4595536959553696,0.07569721115537842,0.1782576321667908,0.050883770755222324,0.6462158589731845,0.00033407572383073496,0.5,0.10286222872681572,0.41730482432824717,0.2552883708785569,0.530342961473948,0.28008340428303585,0.4281575810613033
2021-02-21 16:00:00,0.46373779637377965,0.14741035856573692,0.1833209233060311,0.06480985538296746,0.652144324769994,0.00022271714922048998,0.5,0.15240327353902616,0.40765559313462124,0.20807103417044606,0.5358210870788171,0.2901777149740488,0.4113191604930821
2021-02-21 16:10:00,0.3807531380753138,-0.02788844621513953,0.18540580789277716,0.06980896268523495,0.657156692099305,0.00011135857461024499,0.5,0.15240327353902616,0.40765559313462124,0.20807103417044606,0.5358210870788171,0.2901777149740488,0.2822547791843324
2021-02-21 16:20:00,0.4295676429567643,0.17928286852589648,0.19166046165301553,0.08552044277807536,0.6489510672547146,0.00011135857461024499,0.5,0.15240327353902616,0.40765559313462124,0.20807103417044606,0.5358210870788171,0.2901777149740488,0.3645684023115108
2021-02-21 16:30:00,0.4463040446304045,-0.10756972111553798,0.1833209233060311,0.08266381003392254,0.6772454227794428,0.00011135857461024499,0.5,0.15240327353902616,0.40765559313462124,0.20807103417044606,0.5358210870788171,0.2901777149740488,0.38203298278437464
2021-02-21 16:40:00,0.5355648535564853,0.043824701195219085,0.18093819806403566,0.07587930726655978,0.6690397979348524,0.00011135857461024499,0.5,0.15240327353902616,0.40765559313462124,0.20807103417044606,0.5358210870788171,0.2901777149740488,0.5769045068424944
2021-02-21 16:50:00,0.5620641562064157,0.003984063745019917,0.18391660461653014,0.07302267452240674,0.6761461046184449,0.00011135857461024499,0.5,0.15240327353902616,0.40765559313462124,0.20807103417044606,0.5358210870788171,0.2901777149740488,0.6437527347345233
2021-02-21 17:00:00,0.6206415620641562,0.01195219123505975,0.18391660461653014,0.06980896268523495,0.6705840782086349,0.00011135857461024499,0.5,0.15545684894018885,0.39996321913064886,0.21036256538377698,0.5511836848149927,0.2947732053925617,0.7853780346123089
2021-02-21 17:10:00,0.5285913528591353,-0.003984063745020028,0.18391660461653014,0.07195143724334963,0.6662260669275367,0.000779510022271715,0.5,0.15545684894018885,0.39996321913064886,0.21036256538377698,0.5511836848149927,0.2947732053925617,0.6232780602622328
2021-02-21 17:20:00,0.6199442119944213,-0.07569721115537853,0.1833209233060311,0.08194965184788416,0.6756357069008389,0.00033407572383073496,0.5,0.15545684894018885,0.39996321913064886,0.21036256538377698,0.5511836848149927,0.2947732053925617,0.7788297599468895
2021-02-21 17:30:00,0.6185495118549511,0.1872509960159361,0.17795979151154118,0.07766470273165504,0.674536388739841,0.00044543429844097997,0.5,0.15545684894018885,0.39996321913064886,0.21036256538377698,0.5511836848149927,0.2947732053925617,0.7975391161338021
2021-02-21 17:40:00,0.6241283124128312,-0.03585657370517936,0.17557706626954572,0.07587930726655978,0.6845872976403921,0.0038975501113585743,0.5,0.15545684894018885,0.39996321913064886,0.21036256538377698,0.5511836848149927,0.2947732053925617,0.8286585089850175
2021-02-21 17:50:00,0.5648535564853556,0.027888446215139417,0.17230081906180184,0.0801642563827889,0.6825849681328605,0.00011135857461024499,0.5,0.15545684894018885,0.39996321913064886,0.21036256538377698,0.5511836848149927,0.2947732053925617,0.6811261825369284
2021-02-21 18:00:00,0.5425383542538355,-0.21912350597609564,0.16902457185405795,0.08837707552222818,0.6846396461242491,0.00022271714922048998,0.5,0.014943918447693827,0.4109515038490612,0.2610851712821301,0.5716380129436518,0.2886103182508191,0.6381172955927396
2021-02-21 18:10:00,0.5739191073919108,0.08366533864541825,0.16604616530156346,0.08837707552222818,0.6820745704152544,0.00033407572383073496,0.5,0.014943918447693827,0.4109515038490612,0.2610851712821301,0.5716380129436518,0.2886103182508191,0.6535525144469424
2021-02-21 18:20:00,0.5425383542538355,-0.02788844621513953,0.15979151154132532,0.09016247098732366,0.6865765400269594,0.00011135857461024499,0.5,0.014943918447693827,0.4109515038490612,0.2610851712821301,0.5716380129436518,0.2886103182508191,0.5950631440771308
2021-02-21 18:30:00,0.5,0.01195219123505975,0.15353685778108694,0.09016247098732366,0.6834879794793943,0.00022271714922048998,0.5,0.014943918447693827,0.4109515038490612,0.2610851712821301,0.5716380129436518,0.2886103182508191,0.5039757381897189
2021-02-21 18:40:00,0.4804741980474198,0.03585657370517925,0.14728220402084857,0.09087662917336181,0.6810406878590779,0.00022271714922048998,0.5,0.014943918447693827,0.4109515038490612,0.2610851712821301,0.5716380129436518,0.2886103182508191,0.46738687629192627
2021-02-21 18:50:00,0.5153417015341701,-0.11553784860557781,0.13924050632911378,0.0830208891269415,0.6790907068354033,0.00022271714922048998,0.5,0.014943918447693827,0.4109515038490612,0.2610851712821301,0.5716380129436518,0.2886103182508191,0.5370716839929387
2021-02-21 19:00:00,0.47629009762900976,0.06772908366533859,0.12941176470588234,0.07302267452240674,0.6681498737092826,0.00022271714922048998,0.5,0.024503614307541444,0.4229713770125326,0.2549069139947882,0.4873993724014164,0.29723846206152116,0.4839838858125745
2021-02-21 19:10:00,0.4504881450488145,-0.19521912350597614,0.12077438570364829,0.0687377254061774,0.6678357828061404,0.00022271714922048998,0.5,0.024503614307541444,0.4229713770125326,0.2549069139947882,0.4873993724014164,0.29723846206152116,0.43165049715587606
2021-02-21 19:20:00,0.45397489539748953,-0.12350597609561753,0.11064780342516745,0.061596143545795234,0.6678357828061404,0.00022271714922048998,0.5,0.024503614307541444,0.4229713770125326,0.2549069139947882,0.4873993724014164,0.29723846206152116,0.42507204610951016
2021-02-21 19:30:00,0.5843793584379359,-0.2270916334661356,0.09962769918093817,0.05016961256918395,0.6606247791548336,0.00022271714922048998,0.5,0.024503614307541444,0.4229713770125326,0.2549069139947882,0.4873993724014164,0.29723846206152116,0.6710095508245697
2021-02-21 19:40:00,0.5083682008368201,-0.2749003984063746,0.09247952345495158,0.04052847705766838,0.656646294381699,0.00022271714922048998,0.5,0.024503614307541444,0.4229713770125326,0.2549069139947882,0.4873993724014164,0.29723846206152116,0.49124130543023975
2021-02-21 19:50:00,0.3856345885634589,0.09163346613545809,0.08592702903946359,0.03624352794143926,0.6464121657876485,0.00022271714922048998,0.5,0.024503614307541444,0.4229713770125326,0.2549069139947882,0.4873993724014164,0.29723846206152116,0.2777584984232841
2021-02-21 20:00:00,0.3207810320781032,-0.059760956175298974,0.07907669396872663,0.025888234243884867,0.6452735862637579,0.00022271714922048998,0.5,0.015334783303309951,0.43097983661248185,0.27162329813860964,0.4716860544922354,0.2830778752011246,0.19772319205757652
2021-02-21 20:10:00,0.301952580195258,-0.3705179282868527,0.0743112434847355,0.018746652383502926,0.6452735862637579,0.00022271714922048998,0.5,0.015334783303309951,0.43097983661248185,0.27162329813860964,0.4716860544922354,0.2830778752011246,0.18270289844138993
2021-02-21 20:20:00,0.36262203626220363,-0.15537848605577698,0.07103499627699161,0.010890912337082836,0.6452735862637579,0.00022271714922048998,0.5,0.015334783303309951,0.43097983661248185,0.27162329813860964,0.4716860544922354,0.2830778752011246,0.2848424038505062
2021-02-21 20:30:00,0.40585774058577406,-0.14741035856573714,0.06775874906924773,0.006248884127834309,0.6352750258470639,0.00022271714922048998,0.5,0.015334783303309951,0.43097983661248185,0.27162329813860964,0.4716860544922354,0.2830778752011246,0.3273760127947855
2021-02-21 20:40:00,0.37935843793584384,-0.1394422310756973,0.06775874906924773,0.0001785395465094819,0.634071010718352,0.00022271714922048998,0.5,0.015334783303309951,0.43097983661248185,0.27162329813860964,0.4716860544922354,0.2830778752011246,0.27178357499585076
2021-02-21 20:50:00,0.37796373779637377,-0.21912350597609564,0.06775874906924773,-0.0030351722906623024,0.628967033542291,0.00022271714922048998,0.5,0.015334783303309951,0.43097983661248185,0.27162329813860964,0.4716860544922354,0.2830778752011246,0.2648505514733618
2021-02-21 21:00:00,0.39051603905160387,0.1633466135458166,0.06775874906924773,-0.013033386895197285,0.6228160866890893,0.00022271714922048998,0.5,-0.009305445258741663,0.4462094153278526,0.2928097533249712,0.4657123116398175,0.26250379659496503,0.28887095070688174
2021-02-21 21:10:00,0.4100418410041841,0.298804780876494,0.06478034251675346,-0.01838957329048374,0.6228160866890893,0.00022271714922048998,0.5,-0.009305445258741663,0.4462094153278526,0.2928097533249712,0.4657123116398175,0.26250379659496503,0.32071457670081627
2021-02-21 21:20:00,0.4281729428172943,-0.24302788844621515,0.06478034251675346,-0.02053204784859841,0.6228160866890893,0.00022271714922048998,0.5,-0.009305445258741663,0.4462094153278526,0.2928097533249712,0.4657123116398175,0.26250379659496503,0.36425155031157114
2021-02-21 21:30:00,0.45536959553695955,-0.29083665338645437,0.06478034251675346,-0.02053204784859841,0.617450367093743,0.00022271714922048998,0.5,-0.009305445258741663,0.4462094153278526,0.2928097533249712,0.4657123116398175,0.26250379659496503,0.40313381716130786
2021-02-21 21:40:00,0.4281729428172943,-0.03585657370517936,0.06478034251675346,-0.02053204784859841,0.6115742497807908,0.00022271714922048998,0.5,-0.009305445258741663,0.4462094153278526,0.2928097533249712,0.4657123116398175,0.26250379659496503,0.3588650663125971
2021-02-21 21:50:00,0.40794979079497906,-0.059760956175298974,0.06478034251675346,-0.02053204784859841,0.6115742497807908,0.00022271714922048998,0.5,-0.009305445258741663,0.4462094153278526,0.2928097533249712,0.4657123116398175,0.26250379659496503,0.3138419059402206
2021-02-21 22:00:00,0.43584379358437936,-0.10756972111553798,0.06031273268801174,-0.02053204784859841,0.6115742497807908,0.00022271714922048998,0.5,-0.1296322521707025,0.4607091236670545,0.38933876199233614,0.4586372443393032,0.24992977128241206,0.36930609412013216
2021-02-21 22:10:00,0.42677824267782427,-0.17928286852589637,0.05673864482501845,-0.024459917871808567,0.6115742497807908,0.00022271714922048998,0.5,-0.1296322521707025,0.4607091236670545,0.38933876199233614,0.4586372443393032,0.24992977128241206,0.3592347269791934
2021-02-21 22:20:00,0.41143654114365413,-0.3227091633466136,0.054355919583022994,-0.027673629708980574,0.6115742497807908,0.00022271714922048998,0.5,-0.1296322521707025,0.4607091236670545,0.38933876199233614,0.4586372443393032,0.24992977128241206,0.32929975708013337
2021-02-21 22:30:00,0.3633193863319386,-0.09960159362549814,0.04929262844378246,-0.02945902517407606,0.6115742497807908,0.00022271714922048998,0.5,-0.1296322521707025,0.4607091236670545,0.38933876199233614,0.4586372443393032,0.24992977128241206,0.2543567149991702
2021-02-21 22:40:00,0.3458856345885635,-0.059760956175298974,0.04363365599404312,-0.03910016068559197,0.6115742497807908,0.00022271714922048998,0.5,-0.1296322521707025,0.4607091236670545,0.38933876199233614,0.4586372443393032,0.24992977128241206,0.22396909938591064
2021-02-21 22:50:00,0.39121338912133896,-0.15537848605577698,0.037974683544303556,-0.041956793429744677,0.6115742497807908,0.00022271714922048998,0.5,-0.1296322521707025,0.4607091236670545,0.38933876199233614,0.4586372443393032,0.24992977128241206,0.28944430194486775
2021-02-21 23:00:00,0.44072524407252445,-0.21912350597609564,0.03469843633655967,-0.04552758435993576,0.6090876967975815,0.00022271714922048998,0.5,-0.18552475916567912,0.46773484441405017,0.4437203357987267,0.48535143890028576,0.23749538965718972,0.3804260904989665
2021-02-21 23:10:00,0.4595536959553696,-0.19521912350597614,0.026656738644824873,-0.05016961256918395,0.6003978484773135,0.00022271714922048998,0.5,-0.18552475916567912,0.46773484441405017,0.4437203357987267,0.48535143890028576,0.23749538965718972,0.4166452917301628
2021-02-21 23:20:00,0.4581589958158996,-0.33864541832669326,0.016232315711094403,-0.05302624531333677,0.596131447042965,0.00022271714922048998,0.5,-0.18552475916567912,0.46773484441405017,0.4437203357987267,0.48535143890028576,0.23749538965718972,0.40586477963697815
2021-02-21 23:30:00,0.4246861924686192,0.22709163346613526,0.009679821295606628,-0.059453668987680564,0.594822734946539,0.00022271714922048998,0.5,-0.18552475916567912,0.46773484441405017,0.4437203357987267,0.48535143890028576,0.23749538965718972,0.34931424174298775
2021-02-21 23:40:00,0.4198047419804742,-0.3944223107569722,0.005212211466865124,-0.06338153901089094,0.5998743636387431,0.00022271714922048998,0.5,-0.18552475916567912,0.46773484441405017,0.4437203357987267,0.48535143890028576,0.23749538965718972,0.3437617876488073
2021-02-21 23:50:00,0.4735006973500697,0.11553784860557759,0.012062546537602303,-0.052312087127298734,0.5891298373270863,0.00022271714922048998,0.5,-0.18552475916567912,0.46773484441405017,0.4437203357987267,0.48535143890028576,0.23749538965718972,0.45843957934124957
2021-02-22 00:00:00,0.4707112970711297,0.15936254980079667,0.005658972449739341,-0.05784681306909489,0.5891298373270863,0.00022271714922048998,0.5,-0.1892948923412302,0.46237288330407145,0.47005861475606603,0.5132416621289285,0.21200273370037076,0.45119721773767674
2021-02-22 00:10:00,0.4679218967921897,0.20318725099601576,-0.0007446016381237319,-0.06338153901089094,0.5891298373270863,0.00022271714922048998,0.5,-0.1892948923412302,0.46237288330407145,0.47005861475606603,0.5132416621289285,0.21200273370037076,0.44395491648686575
2021-02-22 00:20:00,0.47698744769874474,0.08366533864541825,-0.0013402829486225398,-0.06766648812712017,0.5977149886796403,0.00022271714922048998,0.5,-0.1892948923412302,0.46237288330407145,0.47005861475606603,0.5132416621289285,0.21200273370037076,0.4621210978167388
2021-02-22 00:30:00,0.5160390516039052,0.05179282868525892,-0.0037230081906179935,-0.06516693447598643,0.6002931515095995,0.00022271714922048998,0.5,-0.1892948923412302,0.46237288330407145,0.47005861475606603,0.5132416621289285,0.21200273370037076,0.5217345383768125
2021-02-22 00:40:00,0.4686192468619247,-0.1872509960159363,-0.0037230081906179935,-0.06588109266202469,0.6002931515095995,0.00022271714922048998,0.5,-0.1892948923412302,0.46237288330407145,0.47005861475606603,0.5132416621289285,0.21200273370037076,0.44834557991460083
2021-02-22 00:50:00,0.4581589958158996,0.07569721115537842,-0.0040208488458676195,-0.06195322263881431,0.5913677350119747,0.00022271714922048998,0.5,-0.1892948923412302,0.46237288330407145,0.47005861475606603,0.5132416621289285,0.21200273370037076,0.4315071593463796
2021-02-22 01:00:00,0.44490934449093444,0.2828685258964143,-0.008786299329858527,-0.06802356722013914,0.5989713522922093,0.00022271714922048998,0.5,-0.20989629523887987,0.457944811454941,0.4839238369591394,0.5674016336600807,0.20327511980946236,0.3958613093531693
2021-02-22 01:10:00,0.43584379358437936,0.03585657370517925,-0.00967982129560696,-0.06516693447598643,0.6030414469120937,0.00022271714922048998,0.5,-0.20989629523887987,0.457944811454941,0.4839238369591394,0.5674016336600807,0.20327511980946236,0.3821914087843445
2021-02-22 01:20:00,0.44839609483960946,0.22709163346613526,-0.0013402829486225398,-0.058025352615604264,0.604310897645627,0.00022271714922048998,0.5,-0.20989629523887987,0.457944811454941,0.4839238369591394,0.5674016336600807,0.20327511980946236,0.40354119830408736
2021-02-22 01:30:00,0.4560669456066946,0.043824701195219085,-0.0034251675353685895,-0.06052490626673801,0.6115742497807908,0.00022271714922048998,0.5,-0.20989629523887987,0.457944811454941,0.4839238369591394,0.5674016336600807,0.20327511980946236,0.4303981773465908
2021-02-22 01:40:00,0.45188284518828453,0.2828685258964143,-0.0037230081906179935,-0.06623817175504376,0.6163117875698526,0.00022271714922048998,0.5,-0.20989629523887987,0.457944811454941,0.4839238369591394,0.5674016336600807,0.20327511980946236,0.42175264420538044
2021-02-22 01:50:00,0.4714086471408647,0.24302788844621515,-0.0037230081906179935,-0.07052312087127288,0.6292418630825405,0.00022271714922048998,0.5,-0.20989629523887987,0.457944811454941,0.4839238369591394,0.5674016336600807,0.20327511980946236,0.45277396381851925
2021-02-22 02:00:00,0.4839609483960949,-0.2828685258964144,-0.00819061801935983,-0.07052312087127288,0.6339794008716023,0.00022271714922048998,0.5,-0.21122358143473652,0.4549563658202284,0.4847065337299572,0.5771806628151346,0.20363322915953955,0.45484859000860023
2021-02-22 02:10:00,0.33821478382147835,-0.1394422310756973,-0.01593447505584522,-0.07123727905731125,0.6225805185117327,0.00022271714922048998,0.5,-0.21122358143473652,0.4549563658202284,0.4847065337299572,0.5771806628151346,0.20363322915953955,0.21397317319733844
2021-02-22 02:20:00,0.3800557880055788,-0.298804780876494,-0.03172002978406563,-0.0783788609176932,0.6182094201096701,0.00022271714922048998,0.5,-0.21122358143473652,0.4549563658202284,0.4847065337299572,0.5771806628151346,0.20363322915953955,0.2827526894699519
2021-02-22 02:30:00,0.34239888423988846,0.07569721115537842,-0.023082650781831915,-0.07766470273165504,0.6115349884178979,0.00022271714922048998,0.5,-0.21122358143473652,0.4549563658202284,0.4847065337299572,0.5771806628151346,0.20363322915953955,0.2087224829126243
2021-02-22 02:40:00,0.3486750348675035,-0.1872509960159363,-0.016827997021593544,-0.06480985538296735,0.6047427726374475,0.00022271714922048998,0.5,-0.21122358143473652,0.4549563658202284,0.4847065337299572,0.5771806628151346,0.20363322915953955,0.22967997948006094
2021-02-22 02:50:00,0.4463040446304045,-0.17131474103585675,-0.016827997021593544,-0.061596143545795345,0.6084464278703328,0.00022271714922048998,0.5,-0.21122358143473652,0.4549563658202284,0.4847065337299572,0.5771806628151346,0.20363322915953955,0.4047557976371894
2021-02-22 03:00:00,0.46164574616457466,-0.06772908366533881,-0.02546537602382737,-0.0783788609176932,0.6089175642250461,0.00022271714922048998,0.5,-0.1975761642813093,0.4503530101406001,0.46986813994242893,0.5725112286946868,0.208801733106795,0.4419330989634413
2021-02-22 03:10:00,0.49023709902370993,0.043824701195219085,-0.027550260610573418,-0.08694875915015177,0.6089175642250461,0.00022271714922048998,0.5,-0.1975761642813093,0.4503530101406001,0.46986813994242893,0.5725112286946868,0.208801733106795,0.495760218476998
2021-02-22 03:20:00,0.4776847977684798,0.24302788844621515,-0.027550260610573418,-0.09051955008034285,0.6089175642250461,0.00022271714922048998,0.5,-0.1975761642813093,0.4503530101406001,0.46986813994242893,0.5725112286946868,0.208801733106795,0.47402568010018564
2021-02-22 03:30:00,0.5202231520223152,0.1872509960159361,-0.027550260610573418,-0.08837707552222807,0.6089175642250461,0.00022271714922048998,0.5,-0.1975761642813093,0.4503530101406001,0.46986813994242893,0.5725112286946868,0.208801733106795,0.5850219533171387
2021-02-22 03:40:00,0.5571827057182706,0.019920318725099362,-0.027550260610573418,-0.08837707552222807,0.6089175642250461,0.00022271714922048998,0.5,-0.1975761642813093,0.4503530101406001,0.46986813994242893,0.5725112286946868,0.208801733106795,0.6714772847292425
2021-02-22 03:50:00,0.5523012552301255,0.08366533864541825,-0.027550260610573418,-0.08516336368505628,0.6089175642250461,0.00022271714922048998,0.5,-0.1975761642813093,0.4503530101406001,0.46986813994242893,0.5725112286946868,0.208801733106795,0.6656758754922523
2021-02-22 04:00:00,0.5376569037656904,0.08366533864541825,-0.027550260610573418,-0.08123549366184613,0.6089175642250461,0.00022271714922048998,0.5,-0.21860098464990774,0.446864574563155,0.48478566574307946,0.5908986376195546,0.2247282539365859,0.6379362373070598
2021-02-22 04:10:00,0.5467224546722455,-0.09960159362549814,-0.027550260610573418,-0.07802178182467412,0.6089175642250461,0.00022271714922048998,0.5,-0.21860098464990774,0.446864574563155,0.48478566574307946,0.5908986376195546,0.2247282539365859,0.6280836489279841
2021-02-22 04:20:00,0.5278940027894004,-0.07569721115537853,-0.029337304542070175,-0.07695054454561678,0.6089175642250461,0.00022271714922048998,0.5,-0.21860098464990774,0.446864574563155,0.48478566574307946,0.5908986376195546,0.2247282539365859,0.6165864477873169
2021-02-22 04:30:00,0.5550906555090656,-0.07569721115537853,-0.030230826507818387,-0.07088019996429196,0.6089175642250461,0.00022271714922048998,0.5,-0.21860098464990774,0.446864574563155,0.48478566574307946,0.5908986376195546,0.2247282539365859,0.6649214659685864
2021-02-22 04:40:00,0.5836820083682008,0.08366533864541825,-0.028443782576321852,-0.07052312087127288,0.6089175642250461,0.00022271714922048998,0.5,-0.21860098464990774,0.446864574563155,0.48478566574307946,0.5908986376195546,0.2247282539365859,0.7447832581438508
2021-02-22 04:50:00,0.5864714086471409,0.19521912350597592,-0.027550260610573418,-0.07052312087127288,0.6089175642250461,0.00022271714922048998,0.5,-0.21860098464990774,0.446864574563155,0.48478566574307946,0.5908986376195546,0.2247282539365859,0.7635755993783666
2021-02-22 05:00:00,0.5676429567642958,-0.1633466135458168,-0.030528667163067902,-0.0669523299410818,0.6089175642250461,0.00022271714922048998,0.5,-0.21867426138749524,0.4197099483631072,0.47254696148921377,0.6144944938042145,0.23402741808283659,0.6976326629147367
2021-02-22 05:10:00,0.5662482566248256,-0.08366533864541836,-0.03350707371556216,-0.06338153901089094,0.6089175642250461,0.00022271714922048998,0.5,-0.21867426138749524,0.4197099483631072,0.47254696148921377,0.6144944938042145,0.23402741808283659,0.7032756461517571
2021-02-22 05:20:00,0.5599721059972106,-0.03585657370517936,-0.03618763961280724,-0.06338153901089094,0.6089175642250461,0.00022271714922048998,0.5,-0.21867426138749524,0.4197099483631072,0.47254696148921377,0.6144944938042145,0.23402741808283659,0.6855771987265568
2021-02-22 05:30:00,0.5801952580195259,0.043824701195219085,-0.041250930752047776,-0.06338153901089094,0.6089175642250461,0.00022271714922048998,0.5,-0.21867426138749524,0.4197099483631072,0.47254696148921377,0.6144944938042145,0.23402741808283659,0.7396306410972132
2021-02-22 05:40:00,0.5892608089260809,0.15537848605577675,-0.04363365599404323,-0.06802356722013914,0.6089175642250461,0.00022271714922048998,0.5,-0.21867426138749524,0.4197099483631072,0.47254696148921377,0.6144944938042145,0.23402741808283659,0.7589284367125851
2021-02-22 05:50:00,0.601115760111576,0.1394422310756971,-0.046016381236038795,-0.07552222817354037,0.6089175642250461,0.00022271714922048998,0.5,-0.21867426138749524,0.4197099483631072,0.47254696148921377,0.6144944938042145,0.23402741808283659,0.7876186308975964
2021-02-22 06:00:00,0.6255230125523014,0.31474103585657365,-0.048696947133283874,-0.07873594001071249,0.6089175642250461,0.00022271714922048998,0.5,-0.23018011001850103,0.41096587137615204,0.4975949067389913,0.658871159876809,0.23102177504732838,0.8399369313638215
2021-02-22 06:10:00,0.6248256624825663,0.33864541832669315,-0.05107967237527933,-0.08016425638278879,0.6089175642250461,0.000556792873051225,0.5,-0.23018011001850103,0.41096587137615204,0.4975949067389913,0.658871159876809,0.23102177504732838,0.8526638200280641
2021-02-22 06:20:00,0.6596931659693167,0.09960159362549792,-0.05137751303052884,-0.08123549366184613,0.608956825587939,0.0006681514476614699,0.5,-0.23018011001850103,0.41096587137615204,0.4975949067389913,0.658871159876809,0.23102177504732838,0.9340117989649501
2021-02-22 06:30:00,0.7092050209205021,0.3705179282868525,-0.052866716306776085,-0.08194965184788428,0.608956825587939,0.00512249443207127,0.5,-0.23018011001850103,0.41096587137615204,0.4975949067389913,0.658871159876809,0.23102177504732838,0.9603633236265975
2021-02-22 06:40:00,0.6827057182705718,0.31474103585657365,-0.054355919583023216,-0.08409212640599895,0.608956825587939,0.0022271714922049,0.5,-0.23018011001850103,0.41096587137615204,0.4975949067389913,0.658871159876809,0.23102177504732838,0.9867148482882449
2021-02-22 06:50:00,0.6666666666666667,0.2589641434262948,-0.059121370067014345,-0.0798071772897695,0.608956825587939,0.00044543429844097997,0.5,-0.23018011001850103,0.41096587137615204,0.4975949067389913,0.658871159876809,0.23102177504732838,0.9545694584848439
2021-02-22 07:00:00,0.6834030683403068,0.09960159362549792,-0.06031273268801207,-0.07766470273165504,0.608956825587939,0.004231625835189309,0.5,-0.24070067503317805,0.41582784254339816,0.486281565144986,0.6817358585703888,0.20985320786087552,0.9495903556286495
2021-02-22 07:10:00,0.6471408647140864,-0.03585657370517936,-0.061206254653760395,-0.07480806998750233,0.608956825587939,0.00044543429844097997,0.5,-0.24070067503317805,0.41582784254339816,0.486281565144986,0.6817358585703888,0.20985320786087552,0.944611252772455
2021-02-22 07:20:00,0.6687587168758717,-0.3227091633466136,-0.06418466120625477,-0.06659525084806284,0.608956825587939,0.00044543429844097997,0.5,-0.24070067503317805,0.41582784254339816,0.486281565144986,0.6817358585703888,0.20985320786087552,0.989340193430602
2021-02-22 07:30:00,0.701534170153417,-0.21912350597609564,-0.06835443037974687,-0.06338153901089094,0.6041015037101988,0.0013363028953229399,0.5,-0.24070067503317805,0.41582784254339816,0.486281565144986,0.6817358585703888,0.20985320786087552,0.9729959111003816
2021-02-22 07:40:00,0.6666666666666667,0.20318725099601576,-0.07014147431124362,-0.07088019996429196,0.599062962138959,0.00022271714922048998,0.5,-0.24070067503317805,0.41582784254339816,0.486281565144986,0.6817358585703888,0.20985320786087552,0.9566516287701615
2021-02-22 07:50:00,0.6834030683403068,0.2111553784860556,-0.07222635889798967,-0.07659346545259771,0.599062962138959,0.000779510022271715,0.5,-0.24070067503317805,0.41582784254339816,0.486281565144986,0.6817358585703888,0.20985320786087552,0.9977895800956591
2021-02-22 08:00:00,0.7001394700139469,0.36254980079681287,-0.07222635889798967,-0.07802178182467412,0.599062962138959,0.0024498886414253897,0.5,-0.25609879585341055,0.4128451439195186,0.4926922727208744,0.6946876608235364,0.18529917926915074,0.9972942348024203
2021-02-22 08:10:00,0.7078103207810321,0.22709163346613526,-0.07222635889798967,-0.08052133547580786,0.599062962138959,0.0012249443207126948,0.5,-0.25609879585341055,0.4128451439195186,0.4926922727208744,0.6946876608235364,0.18529917926915074,0.9967987386272764
2021-02-22 08:20:00,0.691771269177127,0.03585657370517925,-0.07311988086373811,-0.07695054454561678,0.599062962138959,0.0016703786191536749,0.5,-0.25609879585341055,0.4128451439195186,0.4926922727208744,0.6946876608235364,0.18529917926915074,0.9963033933340375
2021-02-22 08:30:00,0.691771269177127,0.019920318725099362,-0.07580044676098296,-0.07052312087127288,0.599062962138959,0.0026726057906458797,0.5,-0.25609879585341055,0.4128451439195186,0.4926922727208744,0.6946876608235364,0.18529917926915074,0.9494092973429697
2021-02-22 08:40:00,0.6429567642956765,-0.21912350597609564,-0.0772896500372302,-0.06623817175504376,0.5962884924945361,0.00022271714922048998,0.5,-0.25609879585341055,0.4128451439195186,0.4926922727208744,0.6946876608235364,0.18529917926915074,0.9025152013519019
2021-02-22 08:50:00,0.6464435146443515,-0.003984063745020028,-0.07311988086373811,-0.06338153901089094,0.5891298373270863,0.00033407572383073496,0.5,-0.25609879585341055,0.4128451439195186,0.4926922727208744,0.6946876608235364,0.18529917926915074,0.9021832611614891
2021-02-22 09:00:00,0.6555090655509066,0.019920318725099362,-0.0689501116902459,-0.06338153901089094,0.5891298373270863,0.00022271714922048998,0.5,-0.24728821038328375,0.42731611720453894,0.4695786232982655,0.7014645260209286,0.18031263445291876,0.9056309126846418
2021-02-22 09:10:00,0.6108786610878661,0.1633466135458166,-0.06448250186150428,-0.06338153901089094,0.5891298373270863,0.00044543429844097997,0.5,-0.24728821038328375,0.42731611720453894,0.4695786232982655,0.7014645260209286,0.18031263445291876,0.8128234530832718
2021-02-22 09:20:00,0.6290097629009763,0.12350597609561742,-0.06329113924050644,-0.06123906445277627,0.5891298373270863,0.00033407572383073496,0.5,-0.24728821038328375,0.42731611720453894,0.4695786232982655,0.7014645260209286,0.18031263445291876,0.8401330778399747
2021-02-22 09:30:00,0.6136680613668062,0.09163346613545809,-0.06209977661950872,-0.060167827173718935,0.5891298373270863,0.00011135857461024499,0.5,-0.24728821038328375,0.42731611720453894,0.4695786232982655,0.7014645260209286,0.18031263445291876,0.8103942544170678
2021-02-22 09:40:00,0.6157601115760112,0.1872509960159361,-0.05554728220402094,-0.05981074808069986,0.5891298373270863,0.00011135857461024499,0.5,-0.24728821038328375,0.42731611720453894,0.4695786232982655,0.7014645260209286,0.18031263445291876,0.8270289844138993
2021-02-22 09:50:00,0.6527196652719665,0.003984063745019917,-0.04929262844378268,-0.05981074808069986,0.5992854431953514,0.0022271714922049,0.5,-0.24728821038328375,0.42731611720453894,0.4695786232982655,0.7014645260209286,0.18031263445291876,0.9410202634398056
2021-02-22 10:00:00,0.7315202231520224,0.12350597609561742,-0.04274013402829491,-0.05981074808069986,0.6002931515095995,0.012138084632516704,0.5,-0.09156447002107593,0.44777260227524224,0.36169239535013187,0.639244979057393,0.19965185869284588,0.9643768577334519
2021-02-22 10:10:00,0.694560669456067,0.15537848605577675,-0.03469843633656011,-0.056597036243527854,0.6002931515095995,0.011581291759465479,0.5,-0.09156447002107593,0.44777260227524224,0.36169239535013187,0.639244979057393,0.19965185869284588,0.9877333011451936
2021-02-22 10:20:00,0.8354253835425384,0.10756972111553775,-0.028443782576321852,-0.05195500803427966,0.6059467877661593,0.05144766146993319,0.5,-0.09156447002107593,0.44777260227524224,0.36169239535013187,0.639244979057393,0.19965185869284588,0.9834640976507688
2021-02-22 10:30:00,0.8612273361227336,-0.3227091633466136,-0.024571854058079046,-0.04838421710408858,0.6103833217730431,0.06035634743875278,0.5,-0.09156447002107593,0.44777260227524224,0.36169239535013187,0.639244979057393,0.19965185869284588,0.9791948941563439
2021-02-22 10:40:00,0.7838214783821479,-0.3067729083665339,-0.024571854058079046,-0.04017139796464908,0.6103833217730431,0.03530066815144766,0.5,-0.09156447002107593,0.44777260227524224,0.36169239535013187,0.639244979057393,0.19965185869284588,0.974925690661919
2021-02-22 10:50:00,0.789400278940028,0.11553784860557759,-0.016827997021593544,-0.03160149973219073,0.6103833217730431,0.037416481069042315,0.5,-0.09156447002107593,0.44777260227524224,0.36169239535013187,0.639244979057393,0.19965185869284588,0.9706564871674941
2021-02-22 11:00:00,0.7719665271966527,-0.05179282868525903,-0.0040208488458676195,-0.02624531333690394,0.6165604428681735,0.030400890868596882,0.5,-0.08110904359015325,0.45668334257644155,0.3469631885230175,0.6753141073800463,0.23535970739551468,0.966387283673069
2021-02-22 11:10:00,0.7635983263598326,-0.043824701195219196,0.0019359642591212367,-0.013033386895197285,0.6177382837549568,0.022605790645879732,0.5,-0.08110904359015325,0.45668334257644155,0.3469631885230175,0.6753141073800463,0.23535970739551468,0.9621180047376918
2021-02-22 11:20:00,0.8179916317991632,-0.02788844621513953,0.004914370811615498,-0.002321014104624264,0.6195573935689888,0.042650334075723835,0.5,-0.08110904359015325,0.45668334257644155,0.3469631885230175,0.6753141073800463,0.23535970739551468,0.9578488766842193
2021-02-22 11:30:00,0.7475592747559275,-0.11553784860557781,0.010871183916604465,0.0030351722906625245,0.6167567496826373,0.026614699331848554,0.5,-0.08110904359015325,0.45668334257644155,0.3469631885230175,0.6753141073800463,0.23535970739551468,0.953579597748842
2021-02-22 11:40:00,0.7364016736401674,0.08366533864541825,0.020699925539835906,0.010176754151044465,0.6186936435853476,0.024832962138084634,0.5,-0.08110904359015325,0.45668334257644155,0.3469631885230175,0.6753141073800463,0.23535970739551468,0.9493104696953694
2021-02-22 11:50:00,0.6666666666666667,-0.21115537848605592,0.02784810126582271,0.02088912694161782,0.6147675072960699,0.0023385300668151447,0.5,-0.08110904359015325,0.45668334257644155,0.3469631885230175,0.6753141073800463,0.23535970739551468,0.9450412662009446
2021-02-22 12:00:00,0.6422594142259415,0.043824701195219085,0.02993298585256876,0.03017318336011443,0.6082762952977974,0.0014476614699331849,0.5,-0.05349668787144923,0.48598160381831507,0.33754635214734996,0.627604428878903,0.27670756780447076,0.8562246329797668
2021-02-22 12:10:00,0.5669456066945607,-0.03585657370517936,0.02635889798957547,0.036957686127477185,0.6126604808208242,0.00011135857461024499,0.5,-0.05349668787144923,0.48598160381831507,0.33754635214734996,0.627604428878903,0.27670756780447076,0.6855621105360834
2021-02-22 12:20:00,0.5523012552301255,0.06772908366533859,0.026061057334326065,0.04445634708087853,0.6149376398686053,0.00022271714922048998,0.5,-0.05349668787144923,0.48598160381831507,0.33754635214734996,0.627604428878903,0.27670756780447076,0.6211506254054951
2021-02-22 12:30:00,0.5041841004184101,0.027888446215139417,0.028741623231570923,0.04552758435993587,0.6133148368690372,0.00022271714922048998,0.5,-0.05349668787144923,0.48598160381831507,0.33754635214734996,0.627604428878903,0.27670756780447076,0.523288621995564
2021-02-22 12:40:00,0.4839609483960949,0.01195219123505975,0.03201787043931481,0.03802892340653452,0.6169268822551727,0.00011135857461024499,0.5,-0.05349668787144923,0.48598160381831507,0.33754635214734996,0.627604428878903,0.27670756780447076,0.484436531526774
2021-02-22 12:50:00,0.33891213389121344,0.07569721115537842,0.03618763961280713,0.041956793429744677,0.6196359162947743,0.00011135857461024499,0.5,-0.05349668787144923,0.48598160381831507,0.33754635214734996,0.627604428878903,0.27670756780447076,0.21925403986299924
2021-02-22 13:00:00,0.1903765690376569,0.298804780876494,0.04422933730454215,0.05266916622031781,0.6433236052400833,0.00011135857461024499,0.5,0.05234400509902026,0.4895045214607748,0.2322353386070255,0.5946849924643947,0.3032406322671428,0.08737571103097605
2021-02-22 13:10:00,0.22454672245467225,-0.298804780876494,0.04929262844378246,0.04552758435993587,0.6391880750153773,0.00011135857461024499,0.5,0.05234400509902026,0.4895045214607748,0.2322353386070255,0.5946849924643947,0.3032406322671428,0.0945426015058014
2021-02-22 13:20:00,0.22245467224546722,0.06772908366533859,0.07073715562174243,0.0958757364756293,0.6207090602138435,0.00011135857461024499,0.5,0.05234400509902026,0.4895045214607748,0.2322353386070255,0.5946849924643947,0.3032406322671428,0.08925419074490397
2021-02-22 13:30:00,0.28103207810320785,0.4501992031872508,0.07758749069247939,0.10301731833601147,0.6695501956524584,0.00011135857461024499,0.5,0.05234400509902026,0.4895045214607748,0.2322353386070255,0.5946849924643947,0.3032406322671428,0.13517509845044284
2021-02-22 13:40:00,0.28033472803347276,0.22709163346613526,0.06895011169024556,0.10016068559185864,0.6666186805564643,0.00011135857461024499,0.5,0.05234400509902026,0.4895045214607748,0.2322353386070255,0.5946849924643947,0.3032406322671428,0.13496386378381642
2021-02-22 13:50:00,0.25871687587168757,-0.15537848605577698,0.05256887565152635,0.058739510801642636,0.6846265590032848,0.00011135857461024499,0.5,0.05234400509902026,0.4895045214607748,0.2322353386070255,0.5946849924643947,0.3032406322671428,0.1111773315026329
2021-02-22 14:00:00,0.30264993026499304,-0.31474103585657376,0.04601638123603857,0.03231565791822888,0.683370195390716,0.00011135857461024499,0.5,0.04798759131658992,0.483582226794288,0.22712155907312573,0.561054803668761,0.31519670049487547,0.16443864387344026
2021-02-22 14:10:00,0.394700139470014,0.1394422310756971,0.037676842889054374,0.006605963220853273,0.6742484720786275,0.00011135857461024499,0.5,0.04798759131658992,0.483582226794288,0.22712155907312573,0.561054803668761,0.31519670049487547,0.27749445509000104
2021-02-22 14:20:00,0.3403068340306834,-0.11553784860557781,0.032911392405063244,-0.006963042313872458,0.6894164452762036,0.00011135857461024499,0.5,0.04798759131658992,0.483582226794288,0.22712155907312573,0.561054803668761,0.31519670049487547,0.21305279357846615
2021-02-22 14:30:00,0.34239888423988846,0.05976095617529875,0.030826507818317195,-0.013033386895197285,0.6803208962060436,0.00011135857461024499,0.5,0.04798759131658992,0.483582226794288,0.22712155907312573,0.561054803668761,0.31519670049487547,0.2109102705312552
2021-02-22 14:40:00,0.300557880055788,0.2589641434262948,0.026061057334326065,-0.022317443313693897,0.6950439072908351,0.00011135857461024499,0.5,0.04798759131658992,0.483582226794288,0.22712155907312573,0.561054803668761,0.31519670049487547,0.16002534815999517
2021-02-22 14:50:00,0.37308228730822873,-0.21115537848605592,0.024571854058078824,-0.037671844313515335,0.7011948541440368,0.00011135857461024499,0.5,0.04798759131658992,0.483582226794288,0.22712155907312573,0.561054803668761,0.31519670049487547,0.25004903661903827
2021-02-22 15:00:00,0.37447698744769875,-0.07569721115537853,0.02308265078183136,-0.03945723977861093,0.6997290965960398,0.00011135857461024499,0.5,0.03798003017120477,0.45711149488372427,0.22546967829919945,0.5166517113062253,0.3154435527168227,0.2658765484255473
2021-02-22 15:10:00,0.3891213389121339,-0.01195219123505975,0.02308265078183136,-0.03910016068559197,0.6894426195181322,0.00011135857461024499,0.5,0.03798003017120477,0.45711149488372427,0.22546967829919945,0.5166517113062253,0.3154435527168227,0.273631878328832
2021-02-22 15:20:00,0.3723849372384937,-0.03585657370517936,0.02308265078183136,-0.04338510980182109,0.685843661252961,0.00011135857461024499,0.5,0.03798003017120477,0.45711149488372427,0.22546967829919945,0.5166517113062253,0.3154435527168227,0.2534815999517178
2021-02-22 15:30:00,0.38354253835425384,0.09960159362549792,0.02308265078183136,-0.04445634708087842,0.6802031121173653,0.00011135857461024499,0.5,0.03798003017120477,0.45711149488372427,0.22546967829919945,0.5166517113062253,0.3154435527168227,0.27846764337553
2021-02-22 15:40:00,0.4330543933054393,0.05976095617529875,0.024571854058078824,-0.04731297982503124,0.683422543874573,0.00011135857461024499,0.5,0.03798003017120477,0.45711149488372427,0.22546967829919945,0.5166517113062253,0.3154435527168227,0.35550794393228424
2021-02-22 15:50:00,0.4470013947001395,0.09960159362549792,0.03588979895755773,-0.04909837529012662,0.6677703472013191,0.00011135857461024499,0.5,0.03798003017120477,0.45711149488372427,0.22546967829919945,0.5166517113062253,0.3154435527168227,0.40556301582751186
2021-02-22 16:00:00,0.48465829846582986,0.21912350597609564,0.04780342516753522,-0.04659882163899287,0.6610304799047257,0.00011135857461024499,0.5,0.09976792920339816,0.43629294813035513,0.19046859974507827,0.4963222367745865,0.3080581498324833,0.4763492614330763
2021-02-22 16:10:00,0.4818688981868898,-0.13147410358565736,0.0546537602382724,-0.03945723977861093,0.6565023360510921,0.00011135857461024499,0.5,0.09976792920339816,0.43629294813035513,0.19046859974507827,0.4963222367745865,0.3080581498324833,0.4562140712464354
2021-02-22 16:20:00,0.4476987447698745,0.003984063745019917,0.062099776619508384,-0.028744866988037687,0.6491604611901427,0.00011135857461024499,0.5,0.09976792920339816,0.43629294813035513,0.19046859974507827,0.4963222367745865,0.3080581498324833,0.41220181963577107
2021-02-22 16:30:00,0.500697350069735,-0.10756972111553798,0.06656738644825011,-0.027673629708980574,0.6480349687872164,0.00011135857461024499,0.5,0.09976792920339816,0.43629294813035513,0.19046859974507827,0.4963222367745865,0.3080581498324833,0.5011165260950254
2021-02-22 16:40:00,0.5188284518828452,0.15537848605577675,0.06775874906924773,-0.01696125691840733,0.6441350067398673,0.00011135857461024499,0.5,0.09976792920339816,0.43629294813035513,0.19046859974507827,0.4963222367745865,0.3080581498324833,0.5586327081793081
2021-02-22 16:50:00,0.5264993026499303,-0.19521912350597614,0.06865227103499616,-0.01624709873236929,0.6545392679064532,0.00011135857461024499,0.5,0.09976792920339816,0.43629294813035513,0.19046859974507827,0.4963222367745865,0.3080581498324833,0.5689379422725832
2021-02-22 17:00:00,0.4923291492329149,0.027888446215139417,0.07311988086373788,-0.01410462417425462,0.6463336430618628,0.00011135857461024499,0.5,0.09887223198541273,0.41999442539949017,0.18439838809103784,0.5240787373708233,0.30527957926380433,0.4752176471475776
2021-02-22 17:10:00,0.4546722454672245,-0.0916334661354582,0.07520476545048371,-0.00910551687198713,0.6430880370627265,0.00011135857461024499,0.5,0.09887223198541273,0.41999442539949017,0.18439838809103784,0.5240787373708233,0.30527957926380433,0.3851260618314046
2021-02-22 17:20:00,0.4804741980474198,0.2669322709163344,0.07669396872673095,-0.0001785395465094819,0.6518694952297445,0.00011135857461024499,0.5,0.09887223198541273,0.41999442539949017,0.18439838809103784,0.5240787373708233,0.30527957926380433,0.4513783061997375
2021-02-22 17:30:00,0.41422594142259417,-0.19521912350597614,0.08294862248696933,-0.0001785395465094819,0.6356545523550274,0.00011135857461024499,0.5,0.09887223198541273,0.41999442539949017,0.18439838809103784,0.5240787373708233,0.30527957926380433,0.33258143850807975
2021-02-22 17:40:00,0.398186889818689,0.09163346613545809,0.09307520476545039,0.01767541510444559,0.6356414652340632,0.00011135857461024499,0.5,0.09887223198541273,0.41999442539949017,0.18439838809103784,0.5240787373708233,0.30527957926380433,0.2769060156615417
2021-02-22 17:50:00,0.42329149232914925,-0.15537848605577698,0.09575577066269525,0.03302981610426703,0.6449987567235084,0.00011135857461024499,0.5,0.09887223198541273,0.41999442539949017,0.18439838809103784,0.5240787373708233,0.30527957926380433,0.33966534393530184
2021-02-22 18:00:00,0.4379358437935844,0.09163346613545809,0.09575577066269525,0.026959471522942202,0.6364136053709544,0.00011135857461024499,0.5,-0.029230981151168622,0.40357521544106995,0.25058610317571733,0.608676876713342,0.2770805171809845,0.3957179715436728
2021-02-22 18:10:00,0.4776847977684798,-0.01195219123505975,0.08592702903946359,0.016604177825388255,0.6436376961432255,0.00011135857461024499,0.5,-0.029230981151168622,0.40357521544106995,0.25058610317571733,0.608676876713342,0.2770805171809845,0.47263756657664047
2021-02-22 18:20:00,0.4916317991631799,0.1394422310756971,0.0784810126582276,-0.0001785395465094819,0.6366360864273469,0.00011135857461024499,0.5,-0.029230981151168622,0.40357521544106995,0.25058610317571733,0.608676876713342,0.2770805171809845,0.5093094135220363
2021-02-22 18:30:00,0.5118549511854951,-0.17928286852589637,0.07341772151898729,-0.004463488662738713,0.6424336810145136,0.00011135857461024499,0.5,-0.029230981151168622,0.40357521544106995,0.25058610317571733,0.608676876713342,0.2770805171809845,0.5097394269505258
2021-02-22 18:40:00,0.5348675034867504,0.12350597609561742,0.06805658972449735,-0.008034279592929794,0.6398555181845546,0.00022271714922048998,0.5,-0.029230981151168622,0.40357521544106995,0.25058610317571733,0.608676876713342,0.2770805171809845,0.5689002217964
2021-02-22 18:50:00,0.5278940027894004,-0.10756972111553798,0.0635889798957554,-0.013390465988216249,0.6332596092185679,0.00011135857461024499,0.5,-0.029230981151168622,0.40357521544106995,0.25058610317571733,0.608676876713342,0.2770805171809845,0.5809934064607631
2021-02-22 19:00:00,0.5920502092050209,-0.40239043824701204,0.05733432613551748,-0.01838957329048374,0.6324612948397482,0.00022271714922048998,0.5,-0.03856270864442046,0.41165838618188555,0.25121839839595356,0.6479387131218826,0.26505506128442274,0.7178432940537441
2021-02-22 19:10:00,0.6213389121338913,-0.2589641434262948,0.05137751303052851,-0.01838957329048374,0.6324612948397482,0.00011135857461024499,0.5,-0.03856270864442046,0.41165838618188555,0.25121839839595356,0.6479387131218826,0.26505506128442274,0.7975843807052221
2021-02-22 19:20:00,0.5746164574616458,-0.03585657370517936,0.04363365599404312,-0.02053204784859841,0.6324612948397482,0.00011135857461024499,0.5,-0.03856270864442046,0.41165838618188555,0.25121839839595356,0.6479387131218826,0.26505506128442274,0.6754077583475414
2021-02-22 19:30:00,0.5439330543933054,-0.05179282868525903,0.0352941176470587,-0.02053204784859841,0.6324612948397482,0.00011135857461024499,0.5,-0.03856270864442046,0.41165838618188555,0.25121839839595356,0.6479387131218826,0.26505506128442274,0.6096006155981712
2021-02-22 19:40:00,0.4825662482566248,-0.11553784860557781,0.02784810126582271,-0.02053204784859841,0.6272264464540446,0.00011135857461024499,0.5,-0.03856270864442046,0.41165838618188555,0.25121839839595356,0.6479387131218826,0.26505506128442274,0.46545558791134184
2021-02-22 19:50:00,0.48465829846582986,0.07569721115537842,0.019806403574087694,-0.02624531333690394,0.6257999502689404,0.00011135857461024499,0.5,-0.03856270864442046,0.41165838618188555,0.25121839839595356,0.6479387131218826,0.26505506128442274,0.46020489762662764
2021-02-22 20:00:00,0.49372384937238495,-0.02788844621513953,0.0117647058823529,-0.03160149973219073,0.6211540223266283,0.00011135857461024499,0.5,-0.050410526501864616,0.3999229900547971,0.2536070692279569,0.7188573191874633,0.2435769750947235,0.4932631229536642
2021-02-22 20:10:00,0.590655509065551,-0.1394422310756973,0.00431868950111669,-0.041242635243706416,0.6138383217076074,0.00022271714922048998,0.5,-0.050410526501864616,0.3999229900547971,0.2536070692279569,0.7188573191874633,0.2435769750947235,0.7314528418606757
2021-02-22 20:20:00,0.5934449093444909,0.05179282868525892,-0.0031273268801192966,-0.05159792894126036,0.6098860111764013,0.00044543429844097997,0.5,-0.050410526501864616,0.3999229900547971,0.2536070692279569,0.7188573191874633,0.2435769750947235,0.7813268554702235
2021-02-22 20:30:00,0.698744769874477,0.2589641434262948,-0.00967982129560696,-0.057311194429566115,0.6112994202405413,0.003006681514476615,0.5,-0.050410526501864616,0.3999229900547971,0.2536070692279569,0.7188573191874633,0.2435769750947235,0.8759034054045899
2021-02-22 20:40:00,0.6729428172942817,-0.36254980079681276,-0.01176470588235301,-0.05766827352258519,0.6192563897868109,0.0020044543429844097,0.5,-0.050410526501864616,0.3999229900547971,0.2536070692279569,0.7188573191874633,0.2435769750947235,0.9704799553389563
2021-02-22 20:50:00,0.6408647140864714,0.14741035856573692,-0.01444527177959809,-0.057311194429566115,0.6098598369344728,0.00044543429844097997,0.5,-0.050410526501864616,0.3999229900547971,0.2536070692279569,0.7188573191874633,0.2435769750947235,0.8681744798346335
2021-02-22 21:00:00,0.6736401673640168,-0.24302788844621515,-0.023082650781831915,-0.05481164077843248,0.6098598369344728,0.000556792873051225,0.5,-0.06684279321451425,0.38602959135879633,0.2638456611245091,0.8060449546791,0.22545206242968652,0.9420462603919912
2021-02-22 21:10:00,0.6882845188284519,-0.3784860557768924,-0.02486969471332856,-0.0526691662203177,0.6098598369344728,0.00033407572383073496,0.5,-0.06684279321451425,0.38602959135879633,0.2638456611245091,0.8060449546791,0.22545206242968652,0.9636450050545438
2021-02-22 21:20:00,0.6645746164574616,-0.21912350597609564,-0.027550260610573418,-0.05195500803427966,0.6042323749198414,0.00022271714922048998,0.5,-0.06684279321451425,0.38602959135879633,0.2638456611245091,0.8060449546791,0.22545206242968652,0.8976492599242573
2021-02-22 21:30:00,0.6429567642956765,-0.003984063745020028,-0.03231571109456466,-0.04981253347616499,0.599965973485493,0.00022271714922048998,0.5,-0.06684279321451425,0.38602959135879633,0.2638456611245091,0.8060449546791,0.22545206242968652,0.8905125458303786
2021-02-22 21:40:00,0.6931659693165969,-0.03585657370517936,-0.03380491437081179,-0.05195500803427966,0.599965973485493,0.00155902004454343,0.5,-0.06684279321451425,0.38602959135879633,0.2638456611245091,0.8060449546791,0.22545206242968652,0.8928065543099417
2021-02-22 21:50:00,0.7092050209205021,-0.10756972111553798,-0.03618763961280724,-0.0526691662203177,0.599965973485493,0.00824053452115813,0.5,-0.06684279321451425,0.38602959135879633,0.2638456611245091,0.8060449546791,0.22545206242968652,0.8951004873485524
2021-02-22 22:00:00,0.808228730822873,0.07569721115537842,-0.03648548026805687,-0.057311194429566115,0.599965973485493,0.04643652561247216,0.5,-0.14328780747796277,0.3962190415710024,0.2996149796393584,0.7695846304735312,0.20365871167956326,0.8973944203871631
2021-02-22 22:10:00,0.7440725244072525,-0.2749003984063746,-0.03827252419955329,-0.056597036243527854,0.5999267121226001,0.016035634743875277,0.5,-0.14328780747796277,0.3962190415710024,0.2996149796393584,0.7695846304735312,0.20365871167956326,0.8996883534257736
2021-02-22 22:20:00,0.7601115760111576,-0.40239043824701204,-0.04363365599404323,-0.05016961256918395,0.5999267121226001,0.031069042316258354,0.5,-0.14328780747796277,0.3962190415710024,0.2996149796393584,0.7695846304735312,0.20365871167956326,0.9019822864643843
2021-02-22 22:30:00,0.7970711297071129,-0.17131474103585675,-0.04154877140729718,-0.04767005891805021,0.5999267121226001,0.04610244988864142,0.5,-0.14328780747796277,0.3962190415710024,0.2996149796393584,0.7695846304735312,0.20365871167956326,0.904276219502995
2021-02-22 22:40:00,0.7370990237099024,-0.2589641434262948,-0.04333581533879394,-0.04231387252276375,0.5999267121226001,0.015256124721603564,0.5,-0.14328780747796277,0.3962190415710024,0.2996149796393584,0.7695846304735312,0.20365871167956326,0.906570227982558
2021-02-22 22:50:00,0.8214783821478382,-0.14741035856573714,-0.04363365599404323,-0.041956793429744677,0.5999267121226001,0.05835189309576838,0.5,-0.14328780747796277,0.3962190415710024,0.2996149796393584,0.7695846304735312,0.20365871167956326,0.9088640855802164
2021-02-22 23:00:00,0.789400278940028,-0.38645418326693237,-0.04482501861504107,-0.04017139796464908,0.5990498750179948,0.046325167037861915,0.5,-0.1742550504081919,0.40009540037987845,0.31341400486991594,0.7660654044651253,0.19438165891150333,0.9111580940597794
2021-02-22 23:10:00,0.8172942817294282,0.3067729083665336,-0.04333581533879394,-0.03945723977861093,0.5913022994071535,0.05634743875278396,0.5,-0.1742550504081919,0.40009540037987845,0.31341400486991594,0.7660654044651253,0.19438165891150333,0.9134519516574378
2021-02-22 23:20:00,0.8347280334728034,-0.14741035856573714,-0.04542069992553999,-0.03910016068559197,0.5953985682689665,0.06625835189309577,0.5,-0.1742550504081919,0.40009540037987845,0.31341400486991594,0.7660654044651253,0.19438165891150333,0.9157459601370008
2021-02-22 23:30:00,0.8235704323570433,0.1633466135458166,-0.0424422933730455,-0.04159971433672538,0.5899412388268704,0.06091314031180401,0.5,-0.1742550504081919,0.40009540037987845,0.31341400486991594,0.7660654044651253,0.19438165891150333,0.9180398931756114
2021-02-22 23:40:00,0.8249651324965133,0.14741035856573692,-0.04542069992553999,-0.041956793429744677,0.5899412388268704,0.06046770601336303,0.5,-0.1742550504081919,0.40009540037987845,0.31341400486991594,0.7660654044651253,0.19438165891150333,0.9203338262142221
2021-02-22 23:50:00,0.8249651324965133,0.06772908366533859,-0.050781831720029924,-0.041956793429744677,0.5899412388268704,0.06002227171492205,0.5,-0.1742550504081919,0.40009540037987845,0.31341400486991594,0.7660654044651253,0.19438165891150333,0.9226277592528328
2021-02-23 00:00:00,0.8326359832635983,0.14741035856573692,-0.05137751303052884,-0.041956793429744677,0.5899412388268704,0.0601336302895323,0.5,-0.17521591956302118,0.40165571382184745,0.32305986755279303,0.771436188523476,0.20162773571608822,0.9249217677323959
2021-02-23 00:10:00,0.789400278940028,0.22709163346613526,-0.052866716306776085,-0.041956793429744677,0.5899412388268704,0.04298440979955456,0.5,-0.17521591956302118,0.40165571382184745,0.32305986755279303,0.771436188523476,0.20162773571608822,0.9272157007710066
2021-02-23 00:20:00,0.8423988842398884,0.027888446215139417,-0.05137751303052884,-0.03945723977861093,0.5899412388268704,0.06158129175946549,0.5,-0.17521591956302118,0.40165571382184745,0.32305986755279303,0.771436188523476,0.20162773571608822,0.9295096338096173
2021-02-23 00:30:00,0.7761506276150628,0.29083665338645415,-0.05137751303052884,-0.03588644884841985,0.5899412388268704,0.03541202672605791,0.5,-0.17521591956302118,0.40165571382184745,0.32305986755279303,0.771436188523476,0.20162773571608822,0.9318036422891803
2021-02-23 00:40:00,0.797768479776848,0.298804780876494,-0.05197319434102765,-0.03802892340653463,0.5899412388268704,0.04855233853006682,0.5,-0.17521591956302118,0.40165571382184745,0.32305986755279303,0.771436188523476,0.20162773571608822,0.9340974998868387
2021-02-23 00:50:00,0.8186889818688982,0.2669322709163344,-0.052866716306776085,-0.038386002499553595,0.5916294774312599,0.05612472160356348,0.5,-0.17521591956302118,0.40165571382184745,0.32305986755279303,0.771436188523476,0.20162773571608822,0.9363915083664017
2021-02-23 01:00:00,0.8054393305439331,-0.2509960159362551,-0.056440804169769265,-0.033386895197286104,0.5997696666710289,0.05489977728285078,0.5,-0.20597347161968949,0.39147775763131154,0.3705768660349548,0.7760820803726247,0.20694493586127705,0.93868536596406
2021-02-23 01:10:00,0.8675034867503486,0.10756972111553775,-0.057036485480268184,-0.03267273701124784,0.5911190797136538,0.07605790645879733,0.5,-0.20597347161968949,0.39147775763131154,0.3705768660349548,0.7760820803726247,0.20694493586127705,0.9409793744436231
2021-02-23 01:20:00,0.8179916317991632,0.5139442231075697,-0.05405807892777381,-0.04088555615068734,0.5897841933752993,0.0633630289532294,0.5,-0.20597347161968949,0.39147775763131154,0.3705768660349548,0.7760820803726247,0.20694493586127705,0.9432732320412812
2021-02-23 01:30:00,0.8165969316596933,0.3067729083665336,-0.05465376023827262,-0.041956793429744677,0.5897841933752993,0.053006681514476614,0.5,-0.20597347161968949,0.39147775763131154,0.3705768660349548,0.7760820803726247,0.20694493586127705,0.9455672405208443
2021-02-23 01:40:00,0.7357043235704324,0.2828685258964143,-0.06001489203276256,-0.039814318871630006,0.5897841933752993,0.021937639198218263,0.5,-0.20597347161968949,0.39147775763131154,0.3705768660349548,0.7760820803726247,0.20694493586127705,0.947861173559455
2021-02-23 01:50:00,0.6854951185495118,0.03585657370517925,-0.0618019359642592,-0.03731476522049626,0.5948489091884676,0.00512249443207127,0.5,-0.20597347161968949,0.39147775763131154,0.3705768660349548,0.7760820803726247,0.20694493586127705,0.9501551065980657
2021-02-23 02:00:00,0.7182705718270572,-0.24302788844621515,-0.06567386448250201,-0.028387787895018723,0.5996387954613865,0.010690423162583519,0.5,-0.20494542934264726,0.38667038306700796,0.37523360746742435,0.7673617663244104,0.20278060981494367,0.9524490396366764
2021-02-23 02:10:00,0.6596931659693167,-0.29083665338645437,-0.06626954579300093,-0.027316550615961277,0.5996387954613865,0.0013363028953229399,0.5,-0.20494542934264726,0.38667038306700796,0.37523360746742435,0.7673617663244104,0.20278060981494367,0.9547429726752871
2021-02-23 02:20:00,0.6645746164574616,-0.08366533864541836,-0.06835443037974687,-0.020889126941617486,0.5996387954613865,0.0014476614699331849,0.5,-0.20494542934264726,0.38667038306700796,0.37523360746742435,0.7673617663244104,0.20278060981494367,0.9427252289632904
2021-02-23 02:30:00,0.7029288702928871,0.31474103585657365,-0.06507818317200309,-0.02945902517407606,0.6009605946787767,0.0006681514476614699,0.5,-0.20494542934264726,0.38667038306700796,0.37523360746742435,0.7673617663244104,0.20278060981494367,0.9489641957240069
2021-02-23 02:40:00,0.6764295676429567,-0.10756972111553798,-0.06865227103499649,-0.03231565791822877,0.6030676211540223,0.00033407572383073496,0.5,-0.20494542934264726,0.38667038306700796,0.37523360746742435,0.7673617663244104,0.20278060981494367,0.9552031624847233
2021-02-23 02:50:00,0.6415620641562064,0.17928286852589648,-0.06924795234549519,-0.031244420639171433,0.5995995340984936,0.00011135857461024499,0.5,-0.20494542934264726,0.38667038306700796,0.37523360746742435,0.7673617663244104,0.20278060981494367,0.8737721985002339
2021-02-23 03:00:00,0.6506276150627616,0.15537848605577675,-0.06924795234549519,-0.03910016068559197,0.6050961249034825,0.00044543429844097997,0.5,-0.1812578984285026,0.3803457976420036,0.35737843249373513,0.7459516798421967,0.1996729102676283,0.909289798874421
2021-02-23 03:10:00,0.5446304044630405,-0.06772908366533881,-0.07192851824274027,-0.036243527941438924,0.6095326589103663,0.00033407572383073496,0.5,-0.1812578984285026,0.3803457976420036,0.35737843249373513,0.7459516798421967,0.1996729102676283,0.6836006457745523
2021-02-23 03:20:00,0.6171548117154811,-0.3705179282868527,-0.07222635889798967,-0.031244420639171433,0.6095326589103663,0.00033407572383073496,0.5,-0.1812578984285026,0.3803457976420036,0.35737843249373513,0.7459516798421967,0.1996729102676283,0.7854836519456222
2021-02-23 03:30:00,0.5760111576011158,-0.12350597609561753,-0.07222635889798967,-0.03588644884841985,0.6017719961785607,0.00033407572383073496,0.5,-0.1812578984285026,0.3803457976420036,0.35737843249373513,0.7459516798421967,0.1996729102676283,0.707138222912926
2021-02-23 03:40:00,0.6827057182705718,0.4661354581673305,-0.07222635889798967,-0.04552758435993576,0.598460954574603,0.00033407572383073496,0.5,-0.1812578984285026,0.3803457976420036,0.35737843249373513,0.7459516798421967,0.1996729102676283,0.9383270214403187
2021-02-23 03:50:00,0.6401673640167364,-0.14741035856573714,-0.07192851824274027,-0.054454561685413405,0.6071246286529426,0.00033407572383073496,0.5,-0.1812578984285026,0.3803457976420036,0.35737843249373513,0.7459516798421967,0.1996729102676283,0.8275721592709386
2021-02-23 04:00:00,0.4735006973500697,-0.38645418326693237,-0.07580044676098296,-0.05052669166220303,0.5984086060907461,0.00033407572383073496,0.5,-0.20181043905006402,0.37595220785788774,0.3702235618866239,0.7114801531943762,0.19706476603483328,0.46622508562548093
2021-02-23 04:10:00,0.4679218967921897,-0.2749003984063746,-0.07818317200297853,-0.04909837529012662,0.5984086060907461,0.00033407572383073496,0.5,-0.20181043905006402,0.37595220785788774,0.3702235618866239,0.7114801531943762,0.19706476603483328,0.4521855243900599
2021-02-23 04:20:00,0.5202231520223152,-0.10756972111553798,-0.07818317200297853,-0.05195500803427966,0.5984740416955673,0.00033407572383073496,0.5,-0.20181043905006402,0.37595220785788774,0.3702235618866239,0.7114801531943762,0.19706476603483328,0.5483350181812695
2021-02-23 04:30:00,0.5627615062761506,0.22709163346613526,-0.0772896500372302,-0.06409569719692909,0.6095326589103663,0.00033407572383073496,0.5,-0.20181043905006402,0.37595220785788774,0.3702235618866239,0.7114801531943762,0.19706476603483328,0.6582298534936705
2021-02-23 04:40:00,0.5237099023709902,0.027888446215139417,-0.07788533134772901,-0.073736832708445,0.6010652916464907,0.00033407572383073496,0.5,-0.20181043905006402,0.37595220785788774,0.3702235618866239,0.7114801531943762,0.19706476603483328,0.5544759117039094
2021-02-23 04:50:00,0.5613668061366807,0.49800796812749004,-0.07877885331347734,-0.08230673094090324,0.5987226969938884,0.00033407572383073496,0.5,-0.20181043905006402,0.37595220785788774,0.3702235618866239,0.7114801531943762,0.19706476603483328,0.66168504911206
2021-02-23 05:00:00,0.5397489539748954,-0.059760956175298974,-0.08116157855547301,-0.08837707552222807,0.6095850073942233,0.00033407572383073496,0.5,-0.1773982122076978,0.36357314651716705,0.3500850986176373,0.6864957821660411,0.19509934060718612,0.6405766706398902
2021-02-23 05:10:00,0.6255230125523014,-0.17131474103585675,-0.08116157855547301,-0.08873415461524714,0.6095850073942233,0.0006681514476614699,0.5,-0.1773982122076978,0.36357314651716705,0.3500850986176373,0.6864957821660411,0.19509934060718612,0.8173121897490835
2021-02-23 05:20:00,0.6478382147838214,-0.2270916334661356,-0.07818317200297853,-0.09194786645241915,0.6041015037101988,0.00022271714922048998,0.5,-0.1773982122076978,0.36357314651716705,0.3500850986176373,0.6864957821660411,0.19509934060718612,0.8600117687885692
2021-02-23 05:30:00,0.604602510460251,0.3067729083665336,-0.07997021593447506,-0.09730405284770571,0.6030414469120937,0.00033407572383073496,0.5,-0.1773982122076978,0.36357314651716705,0.3500850986176373,0.6864957821660411,0.19509934060718612,0.774009083090665
2021-02-23 05:40:00,0.5418410041841004,0.08366533864541825,-0.08116157855547301,-0.09444742010355289,0.6096242687571162,0.00033407572383073496,0.5,-0.1773982122076978,0.36357314651716705,0.3500850986176373,0.6864957821660411,0.19509934060718612,0.6297131734991023
2021-02-23 05:50:00,0.6094839609483961,0.05179282868525892,-0.08116157855547301,-0.09373326191751463,0.6158929996989962,0.00022271714922048998,0.5,-0.1773982122076978,0.36357314651716705,0.3500850986176373,0.6864957821660411,0.19509934060718612,0.7839748328982906
2021-02-23 06:00:00,0.6220362622036262,-0.2589641434262948,-0.07937453462397637,-0.09194786645241915,0.6161023936344243,0.00022271714922048998,0.5,-0.2375259612110241,0.3704207099282484,0.41461611399169396,0.6246918322337454,0.20709615513601914,0.8197564766057606
2021-02-23 06:10:00,0.597629009762901,0.21912350597609564,-0.07818317200297853,-0.09194786645241915,0.6109984164583633,0.000556792873051225,0.5,-0.2375259612110241,0.3704207099282484,0.41461611399169396,0.6246918322337454,0.20709615513601914,0.7275450005280867
2021-02-23 06:20:00,0.5516039051603905,0.20318725099601576,-0.07818317200297853,-0.0930191037314766,0.610985329337399,0.00033407572383073496,0.5,-0.2375259612110241,0.3704207099282484,0.41461611399169396,0.6246918322337454,0.20709615513601914,0.6509271693045854
2021-02-23 06:30:00,0.5613668061366807,0.43426294820717115,-0.07818317200297853,-0.09623281556864838,0.6109198937325778,0.00022271714922048998,0.5,-0.2375259612110241,0.3704207099282484,0.41461611399169396,0.6246918322337454,0.20709615513601914,0.6589540866363898
2021-02-23 06:40:00,0.5104602510460251,0.1633466135458166,-0.07818317200297853,-0.09480449919657197,0.617293321642172,0.00011135857461024499,0.5,-0.2375259612110241,0.3704207099282484,0.41461611399169396,0.6246918322337454,0.20709615513601914,0.5397875582781357
2021-02-23 06:50:00,0.5404463040446305,-0.1394422310756973,-0.07818317200297853,-0.09123370826638089,0.6221617306408763,0.00022271714922048998,0.5,-0.2375259612110241,0.3704207099282484,0.41461611399169396,0.6246918322337454,0.20709615513601914,0.6140440876925631
2021-02-23 07:00:00,0.5271966527196652,-0.02788844621513953,-0.07818317200297853,-0.09194786645241915,0.6221617306408763,0.00011135857461024499,0.5,-0.24008384299633478,0.393112782214151,0.4141631339422187,0.6092386817366897,0.20762023903634685,0.5947915566486112
2021-02-23 07:10:00,0.47629009762900976,-0.33067729083665354,-0.07818317200297853,-0.09194786645241915,0.6149507269895695,0.00011135857461024499,0.5,-0.24008384299633478,0.393112782214151,0.4141631339422187,0.6092386817366897,0.20762023903634685,0.46865428429168493
2021-02-23 07:20:00,0.4686192468619247,-0.1633466135458168,-0.07818317200297853,-0.09230494554543822,0.6077397233382628,0.00011135857461024499,0.5,-0.24008384299633478,0.393112782214151,0.4141631339422187,0.6092386817366897,0.20762023903634685,0.44387947553449913
2021-02-23 07:30:00,0.48465829846582986,0.1394422310756971,-0.0808637379002235,-0.10123192287091587,0.6077004619753701,0.00011135857461024499,0.5,-0.24008384299633478,0.393112782214151,0.4141631339422187,0.6092386817366897,0.20762023903634685,0.4727205516242437
2021-02-23 07:40:00,0.5104602510460251,0.3705179282868525,-0.08116157855547301,-0.10730226745224059,0.6109198937325778,0.00011135857461024499,0.5,-0.24008384299633478,0.393112782214151,0.4141631339422187,0.6092386817366897,0.20762023903634685,0.5327111969461502
2021-02-23 07:50:00,0.45746164574616455,0.2828685258964143,-0.08205510052122122,-0.11301553294054623,0.6196620905367028,0.00044543429844097997,0.5,-0.24008384299633478,0.393112782214151,0.4141631339422187,0.6092386817366897,0.20762023903634685,0.42033435430088867
2021-02-23 08:00:00,0.397489539748954,0.027888446215139417,-0.07907669396872685,-0.1105159792894127,0.6221355563989478,0.00033407572383073496,0.5,-0.2380766207183388,0.3861818871459497,0.40508856888612943,0.6667842560927606,0.2050631018022554,0.31540353365420887
2021-02-23 08:10:00,0.37099023709902373,-0.12350597609561753,-0.07133283693224135,-0.09337618282449556,0.6151862951669262,0.00033407572383073496,0.5,-0.2380766207183388,0.3861818871459497,0.40508856888612943,0.6667842560927606,0.2050631018022554,0.2592905532839447
2021-02-23 08:20:00,0.405160390516039,0.1394422310756971,-0.0689501116902459,-0.08766291733619003,0.6108806323696849,0.00033407572383073496,0.5,-0.2380766207183388,0.3861818871459497,0.40508856888612943,0.6667842560927606,0.2050631018022554,0.31746307165381654
2021-02-23 08:30:00,0.4951185495118549,-0.2828685258964144,-0.07043931496649303,-0.09051955008034285,0.6108806323696849,0.00033407572383073496,0.5,-0.2380766207183388,0.3861818871459497,0.40508856888612943,0.6667842560927606,0.2050631018022554,0.47619083543310653
2021-02-23 08:40:00,0.5230125523012552,-0.3705179282868527,-0.08741623231571116,-0.10730226745224059,0.6108675452487207,0.00033407572383073496,0.5,-0.2380766207183388,0.3861818871459497,0.40508856888612943,0.6667842560927606,0.2050631018022554,0.5540685305611298
2021-02-23 08:50:00,0.5083682008368201,-0.2589641434262948,-0.09426656738644845,-0.11872879842885198,0.6053971286856604,0.00022271714922048998,0.5,-0.2380766207183388,0.3861818871459497,0.40508856888612943,0.6667842560927606,0.2050631018022554,0.5044962807610484
2021-02-23 09:00:00,0.4735006973500697,-0.13147410358565736,-0.09605361131794499,-0.1247991430101768,0.5990760492599233,0.00022271714922048998,0.5,-0.24330231607188668,0.3934173737884578,0.40385492109181387,0.6526007337774818,0.21294551636178616,0.4451695158199677
2021-02-23 09:10:00,0.5146443514644351,0.09960159362549792,-0.09903201787043936,-0.1283699339403679,0.5960529243171795,0.00033407572383073496,0.5,-0.24330231607188668,0.3934173737884578,0.40385492109181387,0.6526007337774818,0.21294551636178616,0.5682514296060474
2021-02-23 09:20:00,0.5258019525801952,0.11553784860557759,-0.10111690245718552,-0.132654883056597,0.5995995340984936,0.00033407572383073496,0.5,-0.24330231607188668,0.3934173737884578,0.40385492109181387,0.6526007337774818,0.21294551636178616,0.5576670639890159
2021-02-23 09:30:00,0.499302649930265,-0.03585657370517936,-0.10201042442293384,-0.1347973576147118,0.5995995340984936,0.00033407572383073496,0.5,-0.24330231607188668,0.3934173737884578,0.40385492109181387,0.6526007337774818,0.21294551636178616,0.4975179926671395
2021-02-23 09:40:00,0.4909344490934449,-0.3227091633466136,-0.10201042442293384,-0.1344402785216925,0.5995995340984936,0.00022271714922048998,0.5,-0.24330231607188668,0.3934173737884578,0.40385492109181387,0.6526007337774818,0.21294551636178616,0.4860283356217089
2021-02-23 09:50:00,0.4818688981868898,0.20318725099601576,-0.10201042442293384,-0.13301196214961608,0.5894570153511929,0.00022271714922048998,0.5,-0.24330231607188668,0.3934173737884578,0.40385492109181387,0.6526007337774818,0.21294551636178616,0.46256619943570165
2021-02-23 10:00:00,0.4511854951185495,0.019920318725099362,-0.0999255398361878,-0.1347973576147118,0.5993508788001728,0.00022271714922048998,0.5,-0.0992513232004425,0.40552632561988633,0.32469995461322515,0.5937382025951445,0.2248273847352082,0.4062344403035744
2021-02-23 10:10:00,0.49372384937238495,0.24302788844621515,-0.09605361131794499,-0.1347973576147118,0.5995602727356009,0.00022271714922048998,0.5,-0.0992513232004425,0.40552632561988633,0.32469995461322515,0.5937382025951445,0.2248273847352082,0.4975406249528494
2021-02-23 10:20:00,0.5174337517433751,-0.15537848605577698,-0.09367088607594942,-0.1347973576147118,0.6092316551281883,0.00022271714922048998,0.5,-0.0992513232004425,0.40552632561988633,0.32469995461322515,0.5937382025951445,0.2248273847352082,0.5603678500837395
2021-02-23 10:30:00,0.5390516039051604,-0.29083665338645437,-0.0927773641102011,-0.13158364577753967,0.6107235869181138,0.00022271714922048998,0.5,-0.0992513232004425,0.40552632561988633,0.32469995461322515,0.5937382025951445,0.2248273847352082,0.6070884318843641
2021-02-23 10:40:00,0.496513249651325,-0.10756972111553798,-0.08830975428145948,-0.12694161756829125,0.6107235869181138,0.00022271714922048998,0.5,-0.0992513232004425,0.40552632561988633,0.32469995461322515,0.5937382025951445,0.2248273847352082,0.5156464535208293
2021-02-23 10:50:00,0.5725244072524408,0.12350597609561742,-0.08622486969471344,-0.12729869666131055,0.6107497611600424,0.00033407572383073496,0.5,-0.0992513232004425,0.40552632561988633,0.32469995461322515,0.5937382025951445,0.2248273847352082,0.7089940703411439
2021-02-23 11:00:00,0.5564853556485356,0.11553784860557759,-0.0808637379002235,-0.12729869666131055,0.6163903102956381,0.00011135857461024499,0.5,-0.10518743935991426,0.38941170723577284,0.32611786332912185,0.7454136611920394,0.23216006365040331,0.6340962928316007
2021-02-23 11:10:00,0.5683403068340307,0.06772908366533859,-0.07609828741623248,-0.11908587752187105,0.6220046851893052,0.00033407572383073496,0.5,-0.10518743935991426,0.38941170723577284,0.32611786332912185,0.7454136611920394,0.23216006365040331,0.6912880788207071
2021-02-23 11:20:00,0.6311018131101813,-0.059760956175298974,-0.06865227103499649,-0.11230137475450808,0.6220046851893052,0.0033407572383073497,0.5,-0.10518743935991426,0.38941170723577284,0.32611786332912185,0.7454136611920394,0.23216006365040331,0.8284397302231544
2021-02-23 11:30:00,0.6889818688981869,-0.1633466135458168,-0.060610573343261476,-0.10908766291733607,0.6218738139796627,0.005679287305122495,0.5,-0.10518743935991426,0.38941170723577284,0.32611786332912185,0.7454136611920394,0.23216006365040331,0.9672133621014831
2021-02-23 11:40:00,0.7001394700139469,-0.06772908366533881,-0.05376023827252441,-0.10123192287091587,0.6195573935689888,0.01180400890868597,0.5,-0.10518743935991426,0.38941170723577284,0.32611786332912185,0.7454136611920394,0.23216006365040331,0.9805211460989484
2021-02-23 11:50:00,0.6297071129707112,-0.043824701195219196,-0.04720774385703663,-0.09373326191751463,0.6207875829396291,0.0036748329621380848,0.5,-0.10518743935991426,0.38941170723577284,0.32611786332912185,0.7454136611920394,0.23216006365040331,0.8506948111712963
2021-02-23 12:00:00,0.6380753138075315,-0.06772908366533881,-0.03678332092330627,-0.08087841456882694,0.6156705186426039,0.005011135857461025,0.5,-0.10014705377151734,0.3787941047162841,0.3136643359498892,0.7601961100997728,0.24225458607980047,0.8638969778354483
2021-02-23 12:10:00,0.696652719665272,0.03585657370517925,-0.030528667163067902,-0.07480806998750233,0.6229862192616246,0.0069042316258351895,0.5,-0.10014705377151734,0.3787941047162841,0.3136643359498892,0.7601961100997728,0.24225458607980047,0.9965448043816105
2021-02-23 12:20:00,0.7099023709902371,0.03585657370517925,-0.027848101265822822,-0.06659525084806284,0.6198714844721309,0.0014476614699331849,0.5,-0.10014705377151734,0.3787941047162841,0.3136643359498892,0.7601961100997728,0.24225458607980047,0.9859604387645791
2021-02-23 12:30:00,0.7140864714086471,-0.10756972111553798,-0.024571854058079046,-0.055168719871451444,0.6215858973184489,0.007906458797327393,0.5,-0.10014705377151734,0.3787941047162841,0.3136643359498892,0.7601961100997728,0.24225458607980047,0.98690978770916
2021-02-23 12:40:00,0.7426778242677825,0.13147410358565725,-0.01861504095309008,-0.04517050526691657,0.620682885971915,0.016258351893095768,0.5,-0.10014705377151734,0.3787941047162841,0.3136643359498892,0.7601961100997728,0.24225458607980047,0.9878590612127888
2021-02-23 12:50:00,0.7140864714086471,0.003984063745019917,-0.01176470588235301,-0.036957686127477296,0.6208922799073433,0.012138084632516704,0.5,-0.10014705377151734,0.3787941047162841,0.3136643359498892,0.7601961100997728,0.24225458607980047,0.9888084101573698
2021-02-23 13:00:00,0.7224546722454672,0.09960159362549792,-0.004318689501117023,-0.02803070880199965,0.6222271662456976,0.011469933184855235,0.5,0.021482624874800793,0.36625987408299354,0.22664714743676323,0.7855329823408391,0.24800254796079257,0.9897576836609986
2021-02-23 13:10:00,0.7712691771269178,-0.08366533864541836,-0.0007446016381237319,-0.025888234243884978,0.6229338707777676,0.025946547884187085,0.5,0.021482624874800793,0.36625987408299354,0.22664714743676323,0.7855329823408391,0.24800254796079257,0.9907069571646273
2021-02-23 13:20:00,0.7154811715481172,-0.02788844621513953,0.0013402829486224288,-0.015890019639349995,0.6170708405857795,0.009799554565701559,0.5,0.021482624874800793,0.36625987408299354,0.22664714743676323,0.7855329823408391,0.24800254796079257,0.991656230668256
2021-02-23 13:30:00,0.7608089260808927,-0.12350597609561753,0.007594936708860578,-0.00910551687198713,0.6218345526167698,0.021937639198218263,0.5,0.021482624874800793,0.36625987408299354,0.22664714743676323,0.7855329823408391,0.24800254796079257,0.9863451876216486
2021-02-23 13:40:00,0.7315202231520224,0.10756972111553775,0.012658227848101111,-0.001963935011604967,0.6268076585831883,0.013028953229398663,0.5,0.021482624874800793,0.36625987408299354,0.22664714743676323,0.7855329823408391,0.24800254796079257,0.9810341445750412
2021-02-23 13:50:00,0.6959553695955369,-0.07569721115537853,0.014147431124348353,0.0008926977325478536,0.6175419769404928,0.008574610244988864,0.5,0.021482624874800793,0.36625987408299354,0.22664714743676323,0.7855329823408391,0.24800254796079257,0.9757231015284337
2021-02-23 14:00:00,0.6868898186889818,0.07569721115537842,0.016827997021593433,0.009462595965006315,0.6219785109473767,0.005679287305122495,0.5,0.026010039946995134,0.34098452042631233,0.22961320297348684,0.7856561181838091,0.2518000300318942,0.9352037660123422
2021-02-23 14:10:00,0.7322175732217573,-0.07569721115537853,0.02427401340282942,0.018746652383502926,0.6305505751789664,0.01024498886414254,0.5,0.026010039946995134,0.34098452042631233,0.22961320297348684,0.7856561181838091,0.2518000300318942,0.9587979238649909
2021-02-23 14:20:00,0.701534170153417,-0.02788844621513953,0.028145941921072115,0.021246206034636783,0.6278677153812933,0.011469933184855235,0.5,0.026010039946995134,0.34098452042631233,0.22961320297348684,0.7856561181838091,0.2518000300318942,0.9823920817176397
2021-02-23 14:30:00,0.603905160390516,0.1633466135458166,0.0352941176470587,0.02874486698803791,0.6242294957532293,0.002561247216035635,0.5,0.026010039946995134,0.34098452042631233,0.22961320297348684,0.7856561181838091,0.2518000300318942,0.7404906679541923
2021-02-23 14:40:00,0.6408647140864714,-0.10756972111553798,0.04542069992553954,0.04517050526691668,0.624164060148408,0.001893095768374165,0.5,0.026010039946995134,0.34098452042631233,0.22961320297348684,0.7856561181838091,0.2518000300318942,0.8571525566938758
2021-02-23 14:50:00,0.6429567642956765,0.07569721115537842,0.0507818317200297,0.0433851098018212,0.6278415411393647,0.0006681514476614699,0.5,0.026010039946995134,0.34098452042631233,0.22961320297348684,0.7856561181838091,0.2518000300318942,0.8401783424113947
2021-02-23 15:00:00,0.697350069735007,-0.12350597609561753,0.05793000744601606,0.05623995715050878,0.6298438706468964,0.001893095768374165,0.5,0.023860333270740552,0.31878381756688856,0.23774642679014307,0.7635686037490448,0.25839348801144807,0.9244157098239207
2021-02-23 15:10:00,0.6847977684797769,0.09960159362549792,0.06001489203276256,0.05231208712729862,0.6232348745599455,0.0089086859688196,0.5,0.023860333270740552,0.31878381756688856,0.23774642679014307,0.7635686037490448,0.25839348801144807,0.948541726390754
2021-02-23 15:20:00,0.6701534170153417,0.09163346613545809,0.0656738644825019,0.04517050526691668,0.6260616926882255,0.010467706013363028,0.5,0.023860333270740552,0.31878381756688856,0.23774642679014307,0.7635686037490448,0.25839348801144807,0.926973158109148
2021-02-23 15:30:00,0.694560669456067,0.03585657370517925,0.0704393149664928,0.04981253347616499,0.6205258405203439,0.008129175946547884,0.5,0.023860333270740552,0.31878381756688856,0.23774642679014307,0.7635686037490448,0.25839348801144807,0.923042684490849
2021-02-23 15:40:00,0.596931659693166,0.10756972111553775,0.07550260610573334,0.055882878057489815,0.6280771093167213,0.004008908685968819,0.5,0.023860333270740552,0.31878381756688856,0.23774642679014307,0.7635686037490448,0.25839348801144807,0.7284955565279057
2021-02-23 15:50:00,0.602510460251046,0.027888446215139417,0.07669396872673095,0.06909480449919658,0.6254727722448339,0.0022271714922049,0.5,0.023860333270740552,0.31878381756688856,0.23774642679014307,0.7635686037490448,0.25839348801144807,0.7330672782413206
2021-02-23 16:00:00,0.5822873082287308,-0.2749003984063746,0.08056589724497387,0.06516693447598643,0.6340579235973878,0.00022271714922048998,0.5,0.0745332485275445,0.2990830644211191,0.2160959587255536,0.7363928305931408,0.2661500596691965,0.7155423450065634
2021-02-23 16:10:00,0.5808926080892608,-0.02788844621513953,0.08294862248696933,0.06909480449919658,0.6332988705814607,0.000779510022271715,0.5,0.0745332485275445,0.2990830644211191,0.2160959587255536,0.7363928305931408,0.2661500596691965,0.7160402552921828
2021-02-23 16:20:00,0.5801952580195259,-0.1872509960159363,0.0826507818317197,0.07159435815033022,0.6318069387915353,0.00022271714922048998,0.5,0.0745332485275445,0.2990830644211191,0.2160959587255536,0.7363928305931408,0.2661500596691965,0.6773918553947825
2021-02-23 16:30:00,0.5676429567642958,-0.02788844621513953,0.08592702903946359,0.07445099089448326,0.6284566358246849,0.00033407572383073496,0.5,0.0745332485275445,0.2990830644211191,0.2160959587255536,0.7363928305931408,0.2661500596691965,0.6555969642560767
2021-02-23 16:40:00,0.5739191073919108,0.22709163346613526,0.08830975428145926,0.07195143724334963,0.6259308214785829,0.0006681514476614699,0.5,0.0745332485275445,0.2990830644211191,0.2160959587255536,0.7363928305931408,0.2661500596691965,0.6651628770161595
2021-02-23 16:50:00,0.6304044630404463,0.019920318725099362,0.08860759493670867,0.06695232994108213,0.6153826019813902,0.00022271714922048998,0.5,0.0745332485275445,0.2990830644211191,0.2160959587255536,0.7363928305931408,0.2661500596691965,0.8302201366990057
2021-02-23 17:00:00,0.5439330543933054,0.027888446215139417,0.0856291883842144,0.06552401356900561,0.6284828100666134,0.000779510022271715,0.5,0.06906941211510942,0.3006002752818199,0.2269197978024888,0.7127252265340455,0.2751570676375741,0.6129351056927743
2021-02-23 17:10:00,0.5418410041841004,-0.02788844621513953,0.0856291883842144,0.06480985538296746,0.6273965790265799,0.00011135857461024499,0.5,0.06906941211510942,0.3006002752818199,0.2269197978024888,0.7127252265340455,0.2751570676375741,0.6045158954086636
2021-02-23 17:20:00,0.4804741980474198,0.01195219123505975,0.0856291883842144,0.07373683270844489,0.6216251586813417,0.00011135857461024499,0.5,0.06906941211510942,0.3006002752818199,0.2269197978024888,0.7127252265340455,0.2751570676375741,0.4693558851486941
2021-02-23 17:30:00,0.5606694560669455,-0.01195219123505975,0.08384214445271776,0.07623638635957874,0.627802279776472,0.00022271714922048998,0.5,0.06906941211510942,0.3006002752818199,0.2269197978024888,0.7127252265340455,0.2751570676375741,0.6375514884499902
2021-02-23 17:40:00,0.5732217573221757,0.019920318725099362,0.0826507818317197,0.058739510801642636,0.6194396094803105,0.00044543429844097997,0.5,0.06906941211510942,0.3006002752818199,0.2269197978024888,0.7127252265340455,0.2751570676375741,0.6528207372089866
2021-02-23 17:50:00,0.5767085076708507,-0.019920318725099695,0.0826507818317197,0.055168719871451444,0.6230778291083745,0.00044543429844097997,0.5,0.06906941211510942,0.3006002752818199,0.2269197978024888,0.7127252265340455,0.2751570676375741,0.653099868732743
2021-02-23 18:00:00,0.5662482566248256,-0.02788844621513953,0.08413998510796716,0.04981253347616499,0.6228684351729463,0.00044543429844097997,0.5,-0.03319656343107247,0.3074966882850066,0.25491147930323754,0.7303545634741093,0.27412918837547673,0.6304147743561115
2021-02-23 18:10:00,0.6262203626220363,0.019920318725099362,0.08592702903946359,0.04767005891805054,0.6161940034811743,0.0006681514476614699,0.5,-0.03319656343107247,0.3074966882850066,0.25491147930323754,0.7303545634741093,0.27412918837547673,0.8315780738416042
2021-02-23 18:20:00,0.5202231520223152,0.019920318725099362,0.0856291883842144,0.04374218889484016,0.6202117496172017,0.00011135857461024499,0.5,-0.03319656343107247,0.3074966882850066,0.25491147930323754,0.7303545634741093,0.27412918837547673,0.5666596255111125
2021-02-23 18:30:00,0.606694560669456,-0.003984063745020028,0.08354430379746813,0.054454561685413294,0.6175288898195286,0.00033407572383073496,0.5,-0.03319656343107247,0.3074966882850066,0.25491147930323754,0.7303545634741093,0.27412918837547673,0.7367261644310997
2021-02-23 18:40:00,0.6213389121338913,0.22709163346613526,0.0784810126582276,0.0480271380110695,0.6119276020468257,0.00033407572383073496,0.5,-0.03319656343107247,0.3074966882850066,0.25491147930323754,0.7303545634741093,0.27412918837547673,0.8067353682272884
2021-02-23 18:50:00,0.6150627615062761,0.019920318725099362,0.07550260610573334,0.03874308159257289,0.619112431456204,0.00022271714922048998,0.5,-0.03319656343107247,0.3074966882850066,0.25491147930323754,0.7303545634741093,0.27412918837547673,0.7885239223259954
2021-02-23 19:00:00,0.606694560669456,-0.1633466135458168,0.07192851824273983,0.03517229066238192,0.6150030754734267,0.00044543429844097997,0.5,-0.046778842000745224,0.3037726252632839,0.26224273060228975,0.6727054718344844,0.28466708653536105,0.7639377159497261
2021-02-23 19:10:00,0.6338912133891214,-0.10756972111553798,0.06478034251675346,0.031958578825209694,0.6074387195560849,0.0006681514476614699,0.5,-0.046778842000745224,0.3037726252632839,0.26224273060228975,0.6727054718344844,0.28466708653536105,0.8313592950797412
2021-02-23 19:20:00,0.5774058577405857,0.03585657370517925,0.054951600893522023,0.029101946081057095,0.6038528484118778,0.00011135857461024499,0.5,-0.046778842000745224,0.3037726252632839,0.26224273060228975,0.6727054718344844,0.28466708653536105,0.6863919610121159
2021-02-23 19:30:00,0.6094839609483961,0.01195219123505975,0.04601638123603857,0.021246206034636783,0.6086558218057609,0.00011135857461024499,0.5,-0.046778842000745224,0.3037726252632839,0.26224273060228975,0.6727054718344844,0.28466708653536105,0.7546811110943464
2021-02-23 19:40:00,0.5718270571827057,-0.3466135458167332,0.0352941176470587,0.018746652383502926,0.6139561057962859,0.00011135857461024499,0.5,-0.046778842000745224,0.3037726252632839,0.26224273060228975,0.6727054718344844,0.28466708653536105,0.6612776679692804
2021-02-23 19:50:00,0.6708507670850766,-0.02788844621513953,0.02784810126582271,0.010176754151044465,0.6073601968302993,0.00022271714922048998,0.5,-0.046778842000745224,0.3037726252632839,0.26224273060228975,0.6727054718344844,0.28466708653536105,0.8883700227831676
2021-02-23 20:00:00,0.6736401673640168,0.13147410358565725,0.02427401340282942,-0.0016068559185858922,0.603813587048985,0.00033407572383073496,0.5,-0.05537766870576355,0.31353967017904866,0.2684899747728664,0.6515394510803777,0.26824308776133854,0.9310620577274168
2021-02-23 20:10:00,0.6387726638772664,0.027888446215139417,0.01861504095309008,-0.0033922513836815993,0.603813587048985,0.00011135857461024499,0.5,-0.05537766870576355,0.31353967017904866,0.2684899747728664,0.6515394510803777,0.26824308776133854,0.8641233006925481
2021-02-23 20:20:00,0.6708507670850766,0.14741035856573692,0.012062546537602303,-0.007320121406891644,0.603813587048985,0.00311804008908686,0.5,-0.05537766870576355,0.31353967017904866,0.2684899747728664,0.6515394510803777,0.26824308776133854,0.9364334535359174
2021-02-23 20:30:00,0.703626220362622,0.043824701195219085,0.008190618019359386,-0.016604177825388367,0.603813587048985,0.00111358574610245,0.5,-0.05537766870576355,0.31353967017904866,0.2684899747728664,0.6515394510803777,0.26824308776133854,0.9371212486986437
2021-02-23 20:40:00,0.7503486750348675,-0.21912350597609564,0.005510052122114528,-0.017318336011426405,0.603813587048985,0.017260579064587975,0.5,-0.05537766870576355,0.31353967017904866,0.2684899747728664,0.6515394510803777,0.26824308776133854,0.9378089684204174
2021-02-23 20:50:00,0.7677824267782427,0.05179282868525892,0.0019359642591212367,-0.019103731476522,0.603813587048985,0.020378619153674834,0.5,-0.05537766870576355,0.31353967017904866,0.2684899747728664,0.6515394510803777,0.26824308776133854,0.938496688142191
2021-02-23 21:00:00,0.7998605299860531,-0.043824701195219196,-0.0007446016381237319,-0.02053204784859841,0.603813587048985,0.036636971046770606,0.5,-0.05896052428388432,0.3135942667819912,0.27654723692949024,0.6998724301998674,0.24149827824557787,0.939184407863965
2021-02-23 21:10:00,0.8584379358437936,-0.09960159362549814,-0.0022338049143708627,-0.02053204784859841,0.603813587048985,0.06302895322939867,0.5,-0.05896052428388432,0.3135942667819912,0.27654723692949024,0.6998724301998674,0.24149827824557787,0.9398721275857386
2021-02-23 21:20:00,0.8905160390516039,-0.02788844621513953,-0.0037230081906179935,-0.02053204784859841,0.603813587048985,0.07806236080178174,0.5,-0.05896052428388432,0.3135942667819912,0.27654723692949024,0.6998724301998674,0.24149827824557787,0.9405599227484649
2021-02-23 21:30:00,0.8877266387726639,-0.0916334661354582,-0.00819061801935983,-0.02660239242992324,0.603813587048985,0.07806236080178174,0.5,-0.05896052428388432,0.3135942667819912,0.27654723692949024,0.6998724301998674,0.24149827824557787,0.9412476424702385
2021-02-23 21:40:00,0.8849372384937239,-0.10756972111553798,-0.01176470588235301,-0.027673629708980574,0.603813587048985,0.07694877505567929,0.5,-0.05896052428388432,0.3135942667819912,0.27654723692949024,0.6998724301998674,0.24149827824557787,0.9419352867510599
2021-02-23 21:50:00,0.8396094839609484,-0.23505976095617542,-0.01921072226358911,-0.027673629708980574,0.603813587048985,0.0633630289532294,0.5,-0.05896052428388432,0.3135942667819912,0.27654723692949024,0.6998724301998674,0.24149827824557787,0.9426230064728338
2021-02-23 22:00:00,0.8019525801952581,-0.3705179282868527,-0.026656738644825095,-0.023388680592751232,0.603813587048985,0.04766146993318486,0.5,-0.11961658622457383,0.3108902981836574,0.3242810875629965,0.7576161339244175,0.2331720642009198,0.9433107261946074
2021-02-23 22:10:00,0.8089260808926081,-0.4183266932270917,-0.03320923306031276,-0.02053204784859841,0.603813587048985,0.0489977728285078,0.5,-0.11961658622457383,0.3108902981836574,0.3242810875629965,0.7576161339244175,0.2331720642009198,0.9439984459163814
2021-02-23 22:20:00,0.8333333333333333,-0.3227091633466136,-0.03648548026805687,-0.02053204784859841,0.603813587048985,0.0566815144766147,0.5,-0.11961658622457383,0.3108902981836574,0.3242810875629965,0.7576161339244175,0.2331720642009198,0.9446862410791074
2021-02-23 22:30:00,0.8507670850767085,-0.31474103585657376,-0.03648548026805687,-0.02053204784859841,0.603813587048985,0.061358574610244986,0.5,-0.11961658622457383,0.3108902981836574,0.3242810875629965,0.7576161339244175,0.2331720642009198,0.9453739608008812
2021-02-23 22:40:00,0.8682008368200836,-0.24302788844621515,-0.03827252419955329,-0.02053204784859841,0.603813587048985,0.07383073496659243,0.5,-0.11961658622457383,0.3108902981836574,0.3242810875629965,0.7576161339244175,0.2331720642009198,0.9460616805226549
2021-02-23 22:50:00,0.8598326359832636,-0.3466135458167332,-0.039761727475800646,-0.021960364220674822,0.603813587048985,0.06959910913140312,0.5,-0.11961658622457383,0.3108902981836574,0.3242810875629965,0.7576161339244175,0.2331720642009198,0.9467494002444287
2021-02-23 23:00:00,0.8430962343096234,-0.3705179282868527,-0.0424422933730455,-0.02053204784859841,0.603813587048985,0.06024498886414254,0.5,-0.1744260516979559,0.28829592508196555,0.36211849080540537,0.7820482922296539,0.23523912210786194,0.9474371199662025
2021-02-23 23:10:00,0.8521617852161786,-0.1872509960159363,-0.044527177959791664,-0.025888234243884978,0.603813587048985,0.07026726057906459,0.5,-0.1744260516979559,0.28829592508196555,0.36211849080540537,0.7820482922296539,0.23523912210786194,0.9481249151289286
2021-02-23 23:20:00,0.8786610878661087,-0.1394422310756973,-0.0424422933730455,-0.027316550615961277,0.6037350643231996,0.07694877505567929,0.5,-0.1744260516979559,0.28829592508196555,0.36211849080540537,0.7820482922296539,0.23523912210786194,0.9488126348507024
2021-02-23 23:30:00,0.8444909344490934,-0.05179282868525903,-0.0424422933730455,-0.027673629708980574,0.6037219772022353,0.06815144766146994,0.5,-0.1744260516979559,0.28829592508196555,0.36211849080540537,0.7820482922296539,0.23523912210786194,0.9495003545724762
2021-02-23 23:40:00,0.8361227336122734,0.2589641434262948,-0.04303797468354453,-0.02803070880199965,0.6037219772022353,0.06202672605790646,0.5,-0.1744260516979559,0.28829592508196555,0.36211849080540537,0.7820482922296539,0.23523912210786194,0.95018807429425
2021-02-23 23:50:00,0.798465829846583,-0.2589641434262948,-0.046016381236038795,-0.03017318336011432,0.6132886626271087,0.04075723830734967,0.5,-0.1744260516979559,0.28829592508196555,0.36211849080540537,0.7820482922296539,0.23523912210786194,0.950875869456976
2021-02-24 00:00:00,0.7705718270571827,-0.21912350597609564,-0.05137751303052884,-0.02624531333690394,0.613707450497965,0.034409799554565704,0.5,-0.17761704182777605,0.28435634915389746,0.36541971607078616,0.7917151791676593,0.2316178750067421,0.95156358917875
2021-02-24 00:10:00,0.7280334728033473,-0.29083665338645437,-0.05137751303052884,-0.02053204784859841,0.613707450497965,0.014365256124721604,0.5,-0.17761704182777605,0.28435634915389746,0.36541971607078616,0.7917151791676593,0.2316178750067421,0.9522513089005236
2021-02-24 00:20:00,0.7635983263598326,-0.33864541832669326,-0.05405807892777381,-0.018746652383503037,0.613707450497965,0.026057906458797325,0.5,-0.17761704182777605,0.28435634915389746,0.36541971607078616,0.7917151791676593,0.2316178750067421,0.9529389531813449
2021-02-24 00:30:00,0.7907949790794979,-0.17131474103585675,-0.054355919583023216,-0.019460810569541076,0.613707450497965,0.03964365256124722,0.5,-0.17761704182777605,0.28435634915389746,0.36541971607078616,0.7917151791676593,0.2316178750067421,0.9536266729031189
2021-02-24 00:40:00,0.8647140864714087,-0.07569721115537853,-0.05197319434102765,-0.027316550615961277,0.613707450497965,0.06625835189309577,0.5,-0.17761704182777605,0.28435634915389746,0.36541971607078616,0.7917151791676593,0.2316178750067421,0.9543143926248925
2021-02-24 00:50:00,0.7852161785216178,-0.15537848605577698,-0.05614296351451986,-0.027673629708980574,0.6078967687898339,0.036191536748329624,0.5,-0.17761704182777605,0.28435634915389746,0.36541971607078616,0.7917151791676593,0.2316178750067421,0.9550021877876187
2021-02-24 01:00:00,0.8019525801952581,0.019920318725099362,-0.0618019359642592,-0.031244420639171433,0.6038528484118778,0.05211581291759465,0.5,-0.22182963041775083,0.2598941975305092,0.4012648694315443,0.822832384195897,0.22065860690324132,0.9556899075093924
2021-02-24 01:10:00,0.8193863319386332,0.06772908366533859,-0.06299329858525693,-0.03231565791822877,0.603813587048985,0.0579064587973274,0.5,-0.22182963041775083,0.2598941975305092,0.4012648694315443,0.822832384195897,0.22065860690324132,0.9563776272311661
2021-02-24 01:20:00,0.802649930264993,-0.09960159362549814,-0.06358897989575596,-0.034101053383324476,0.603813587048985,0.047438752783964366,0.5,-0.22182963041775083,0.2598941975305092,0.4012648694315443,0.822832384195897,0.22065860690324132,0.95706534695294
2021-02-24 01:30:00,0.702231520223152,-0.1872509960159363,-0.06984363365599422,-0.031244420639171433,0.5992200075905302,0.03229398663697105,0.5,-0.22182963041775083,0.2598941975305092,0.4012648694315443,0.822832384195897,0.22065860690324132,0.9577530666747137
2021-02-24 01:40:00,0.804741980474198,0.11553784860557759,-0.07133283693224135,-0.031244420639171433,0.5938673751161482,0.12839643652561247,0.5,-0.22182963041775083,0.2598941975305092,0.4012648694315443,0.822832384195897,0.22065860690324132,0.5262383632330975
2021-02-24 01:50:00,0.8542538354253836,0.05179282868525892,-0.07222635889798967,-0.04231387252276375,0.5988273939616024,0.14665924276169265,0.5,-0.22182963041775083,0.2598941975305092,0.4012648694315443,0.822832384195897,0.22065860690324132,0.46722845029195653
2021-02-24 02:00:00,0.8549511854951185,-0.24302788844621515,-0.07222635889798967,-0.05124084984824129,0.5961183599220008,0.20679287305122496,0.5,-0.2173928023365841,0.24717893605588365,0.40468428546011403,0.825274035966154,0.2092960733215857,0.23109072528931604
2021-02-24 02:10:00,0.8354253835425384,0.20318725099601576,-0.0498883097542816,-0.04374218889484016,0.5897972804962636,0.18730512249443207,0.5,-0.2173928023365841,0.24717893605588365,0.40468428546011403,0.825274035966154,0.2092960733215857,0.26789836594897176
2021-02-24 02:20:00,0.8152022315202231,-0.21115537848605592,-0.0498883097542816,-0.04517050526691657,0.5973616364136054,0.19955456570155905,0.5,-0.2173928023365841,0.24717893605588365,0.40468428546011403,0.825274035966154,0.2092960733215857,0.2153914631018302
2021-02-24 02:30:00,0.7175732217573221,0.22709163346613526,-0.03320923306031276,-0.03731476522049626,0.5897449320124065,0.14320712694877505,0.5,-0.2173928023365841,0.24717893605588365,0.40468428546011403,0.825274035966154,0.2092960733215857,0.3283944656517344
2021-02-24 02:40:00,0.7112970711297071,0.14741035856573692,-0.04929262844378268,-0.055168719871451444,0.5897449320124065,0.111358574610245,0.5,-0.2173928023365841,0.24717893605588365,0.40468428546011403,0.825274035966154,0.2092960733215857,0.45915626838873214
2021-02-24 02:50:00,0.6764295676429567,0.17928286852589648,-0.07401340282948643,-0.09051955008034285,0.5897449320124065,0.04097995545657016,0.5,-0.2173928023365841,0.24717893605588365,0.40468428546011403,0.825274035966154,0.2092960733215857,0.7929523062299139
2021-02-24 03:00:00,0.6443514644351465,0.2749003984063745,-0.0808637379002235,-0.10158900196393505,0.5897449320124065,0.03173719376391983,0.5,-0.20365072911521265,0.24190030660302914,0.3939894163468732,0.7898466243934279,0.2000213313362065,0.795864326991264
2021-02-24 03:10:00,0.6576011157601116,0.2589641434262948,-0.08443782576321679,-0.1037314765220495,0.5930036251325072,0.007015590200445435,0.5,-0.20365072911521265,0.24190030660302914,0.3939894163468732,0.7898466243934279,0.2000213313362065,0.8813464701178387
2021-02-24 03:20:00,0.5739191073919108,-0.38645418326693237,-0.08830975428145948,-0.10051776468487772,0.5995995340984936,0.00022271714922048998,0.5,-0.20365072911521265,0.24190030660302914,0.3939894163468732,0.7898466243934279,0.2000213313362065,0.6975496778671334
2021-02-24 03:30:00,0.6297071129707112,-0.26693227091633476,-0.088607594936709,-0.09266202463845752,0.5995995340984936,0.00033407572383073496,0.5,-0.20365072911521265,0.24190030660302914,0.3939894163468732,0.7898466243934279,0.2000213313362065,0.845730796505575
2021-02-24 03:40:00,0.6269177126917713,-0.36254980079681276,-0.08562918838421452,-0.09409034101053393,0.5995995340984936,0.0022271714922049,0.5,-0.20365072911521265,0.24190030660302914,0.3939894163468732,0.7898466243934279,0.2000213313362065,0.8450216515533292
2021-02-24 03:50:00,0.6094839609483961,0.08366533864541825,-0.08443782576321679,-0.09123370826638089,0.5887372236981586,0.00033407572383073496,0.5,-0.20365072911521265,0.24190030660302914,0.3939894163468732,0.7898466243934279,0.2000213313362065,0.7915943690873154
2021-02-24 04:00:00,0.599721059972106,0.19521912350597592,-0.08294862248696955,-0.09194786645241915,0.5980945151876038,0.00022271714922048998,0.5,-0.23809189643332074,0.24925360696767598,0.4528017488174901,0.6960915179231234,0.18832089191423185,0.7792295969944325
2021-02-24 04:10:00,0.6338912133891214,0.21912350597609564,-0.08413998510796727,-0.0958757364756293,0.5995995340984936,0.00011135857461024499,0.5,-0.23809189643332074,0.24925360696767598,0.4528017488174901,0.6960915179231234,0.18832089191423185,0.82942046260392
2021-02-24 04:20:00,0.4755927475592748,-0.01195219123505975,-0.08711839166046176,-0.09266202463845752,0.5819711821596367,0.00022271714922048998,0.5,-0.23809189643332074,0.24925360696767598,0.4528017488174901,0.6960915179231234,0.18832089191423185,0.4580095659127601
2021-02-24 04:30:00,0.43235704323570434,0.19521912350597592,-0.09039463886820565,-0.09337618282449556,0.5823507086676002,0.00033407572383073496,0.5,-0.23809189643332074,0.24925360696767598,0.4528017488174901,0.6960915179231234,0.18832089191423185,0.3758166483093683
2021-02-24 04:40:00,0.3542538354253836,-0.2509960159362551,-0.0924795234549517,-0.09444742010355289,0.5825208412401356,0.00033407572383073496,0.5,-0.23809189643332074,0.24925360696767598,0.4528017488174901,0.6960915179231234,0.18832089191423185,0.22384084976688745
2021-02-24 04:50:00,0.3242677824267783,0.22709163346613526,-0.07520476545048416,-0.07802178182467412,0.5763568072659695,0.00033407572383073496,0.5,-0.23809189643332074,0.24925360696767598,0.4528017488174901,0.6960915179231234,0.18832089191423185,0.17785204520421866
2021-02-24 05:00:00,0.32566248256624825,0.2111553784860556,-0.06478034251675369,-0.06552401356900539,0.5763568072659695,0.00033407572383073496,0.5,-0.23006407462020018,0.26712393716218424,0.44959905812614126,0.5676242184217489,0.16913648038839588,0.18036422891802587
2021-02-24 05:10:00,0.2629009762900976,0.13147410358565725,-0.05733432613551759,-0.059453668987680564,0.5763568072659695,0.00033407572383073496,0.5,-0.23006407462020018,0.26712393716218424,0.44959905812614126,0.5676242184217489,0.16913648038839588,0.11187138826440544
2021-02-24 05:20:00,0.19456066945606695,0.36254980079681287,-0.04929262844378268,-0.04159971433672538,0.5827433222965279,0.00033407572383073496,0.5,-0.23006407462020018,0.26712393716218424,0.44959905812614126,0.5676242184217489,0.16913648038839588,0.06146174389305491
2021-02-24 05:30:00,0.14086471408647142,0.31474103585657365,-0.02903946388682077,-0.003749330476700563,0.5936187198178273,0.00033407572383073496,0.5,-0.23006407462020018,0.26712393716218424,0.44959905812614126,0.5676242184217489,0.16913648038839588,0.01206300828341657
2021-02-24 05:40:00,0.11506276150627615,0.12350597609561742,-0.048696947133283874,0.021960364220674933,0.6066665794191937,0.00033407572383073496,0.5,-0.23006407462020018,0.26712393716218424,0.44959905812614126,0.5676242184217489,0.16913648038839588,0.019275163329661876
2021-02-24 05:50:00,0.16527196652719667,-0.21912350597609564,-0.07639612807148188,-0.0480271380110695,0.5965764091557498,0.00033407572383073496,0.5,-0.23006407462020018,0.26712393716218424,0.44959905812614126,0.5676242184217489,0.16913648038839588,0.05255216741856149
2021-02-24 06:00:00,0.21617852161785217,0.7370517928286848,-0.08116157855547301,-0.0894483128012854,0.5905432463912264,0.00033407572383073496,0.5,-0.23358586069148302,0.3114563787510026,0.4626024515452745,0.4844841991251834,0.15718276517987204,0.08193641836534545
2021-02-24 06:10:00,0.2105997210599721,0.4501992031872508,-0.08235294117647074,-0.11480092840564182,0.6039837196215204,0.00033407572383073496,0.5,-0.23358586069148302,0.3114563787510026,0.4626024515452745,0.4844841991251834,0.15718276517987204,0.0800277622704709
2021-02-24 06:20:00,0.14783821478382148,0.14741035856573692,-0.08145941921072242,-0.12372790573111947,0.6039837196215204,0.00033407572383073496,0.5,-0.23358586069148302,0.3114563787510026,0.4626024515452745,0.4844841991251834,0.15718276517987204,0.04337100351554838
2021-02-24 06:30:00,0.1206415620641562,-0.33067729083665354,-0.08324646314221895,-0.12622745938225322,0.5947311250997893,0.00033407572383073496,0.5,-0.23358586069148302,0.3114563787510026,0.4626024515452745,0.4844841991251834,0.15718276517987204,0.01228178704527966
2021-02-24 06:40:00,0.10669456066945607,0.17928286852589648,-0.056440804169769265,-0.07659346545259771,0.5874808600855898,0.033853006681514475,0.5,-0.23358586069148302,0.3114563787510026,0.4626024515452745,0.4844841991251834,0.15718276517987204,0.0
2021-02-24 06:50:00,0.1094839609483961,0.3306772908366533,-0.04154877140729718,-0.04588466345295483,0.5874808600855898,0.8291759465478842,0.5,-0.23358586069148302,0.3114563787510026,0.4626024515452745,0.4844841991251834,0.15718276517987204,0.0
2021-02-24 07:00:00,0.055090655509065556,0.4422310756972112,-0.04690990320178712,-0.04088555615068734,0.5874808600855898,0.9972160356347439,0.5,-0.24748162494917825,0.346165450694956,0.4830660662271543,0.32240822795785723,0.1752362975567193,0.0
2021-02-24 07:10:00,0.06206415620641562,0.5537848605577689,-0.05316455696202538,-0.04552758435993576,0.5874808600855898,0.9972160356347439,0.5,-0.24748162494917825,0.346165450694956,0.4830660662271543,0.32240822795785723,0.1752362975567193,0.0
2021-02-24 07:20:00,0.056485355648535567,0.6653386454183265,-0.055845122859270346,-0.050883770755222324,0.5874808600855898,0.9972160356347439,0.5,-0.24748162494917825,0.346165450694956,0.4830660662271543,0.32240822795785723,0.1752362975567193,0.0
2021-02-24 07:30:00,0.06345885634588563,0.7768924302788842,-0.05733432613551759,-0.05695411533654715,0.5874808600855898,0.9972160356347439,0.5,-0.24748162494917825,0.346165450694956,0.4830660662271543,0.32240822795785723,0.1752362975567193,0.0
2021-02-24 07:40:00,0.0299860529986053,0.7386454183266931,-0.06299329858525693,-0.05981074808069986,0.5874808600855898,0.9972160356347439,0.5,-0.24748162494917825,0.346165450694956,0.4830660662271543,0.32240822795785723,0.1752362975567193,0.0
2021-02-24 07:50:00,0.019525801952580198,0.7003984063745017,-0.06805658972449746,-0.05981074808069986,0.5874808600855898,0.9972160356347439,0.5,-0.24748162494917825,0.346165450694956,0.4830660662271543,0.32240822795785723,0.1752362975567193,0.0
2021-02-24 08:00:00,0.03347280334728033,0.6621513944223105,-0.0769918093819808,-0.06123906445277627,0.5874808600855898,0.9972160356347439,0.5,-0.2719386449907162,0.3690414273276102,0.5187033712393431,0.2204185702031254,0.22795325293639296,0.0
2021-02-24 08:10:00,0.05369595536959554,0.32430278884462127,-0.07907669396872685,-0.06338153901089094,0.5874808600855898,0.9972160356347439,0.5,-0.2719386449907162,0.3690414273276102,0.5187033712393431,0.2204185702031254,0.22795325293639296,0.0
2021-02-24 08:20:00,0.09693165969316596,-0.013545816733067872,-0.07580044676098296,-0.06409569719692909,0.5874808600855898,0.9972160356347439,0.5,-0.2719386449907162,0.3690414273276102,0.5187033712393431,0.2204185702031254,0.22795325293639296,0.0
2021-02-24 08:30:00,0.10529986052998605,-0.3513944223107571,-0.06984363365599422,-0.07088019996429196,0.5874808600855898,0.9972160356347439,0.5,-0.2719386449907162,0.3690414273276102,0.5187033712393431,0.2204185702031254,0.22795325293639296,0.0
2021-02-24 08:40:00,0.12482566248256625,-0.6892430278884463,-0.06507818317200309,-0.07766470273165504,0.5874808600855898,0.9972160356347439,0.5,-0.2719386449907162,0.3690414273276102,0.5187033712393431,0.2204185702031254,0.22795325293639296,0.0
2021-02-24 08:50:00,0.17224546722454673,-0.520141655599823,-0.06478034251675369,-0.07909301910373145,0.5874808600855898,0.9972160356347439,0.5,-0.2719386449907162,0.3690414273276102,0.5187033712393431,0.2204185702031254,0.22795325293639296,0.0
2021-02-24 09:00:00,0.1589958158995816,-0.35104028331119963,-0.06418466120625477,-0.08516336368505628,0.6251063328578346,0.6188195991091314,0.5,-0.2805995751483462,0.39919599318404486,0.5289897720604898,0.24056016764572175,0.24204606350708088,0.0
2021-02-24 09:10:00,0.16596931659693165,-0.1819389110225763,-0.06329113924050644,-0.08837707552222807,0.6466739082069335,0.9993318485523385,0.5,-0.2805995751483462,0.39919599318404486,0.5289897720604898,0.24056016764572175,0.24204606350708088,0.0
2021-02-24 09:20:00,0.1199442119944212,-0.012837538733953102,-0.07163067758749087,-0.08873415461524714,0.7019931685228566,0.9993318485523385,0.5,-0.2805995751483462,0.39919599318404486,0.5289897720604898,0.24056016764572175,0.24204606350708088,0.0
2021-02-24 09:30:00,0.10669456066945607,0.15626383355467022,-0.08324646314221895,-0.09230494554543822,0.7052911230058498,0.9993318485523385,0.5,-0.2805995751483462,0.39919599318404486,0.5289897720604898,0.24056016764572175,0.24204606350708088,0.0
2021-02-24 09:40:00,0.08298465829846582,0.3253652058432934,-0.09396872673119894,-0.1008748437778968,0.7052911230058498,0.9993318485523385,0.5,-0.2805995751483462,0.39919599318404486,0.5289897720604898,0.24056016764572175,0.24204606350708088,0.0
2021-02-24 09:50:00,0.05788005578800558,0.49446657813191686,-0.1005212211466866,-0.10301731833601147,0.7052911230058498,0.9993318485523385,0.5,-0.2805995751483462,0.39919599318404486,0.5289897720604898,0.24056016764572175,0.24204606350708088,0.0
2021-02-24 10:00:00,0.05718270571827057,0.6635679504205401,-0.10290394638868217,-0.10480271380110695,0.7052911230058498,0.9993318485523385,0.5,-0.13924894846047142,0.4200892510782845,0.416932247145002,0.21763326817390155,0.2792162841935875,0.0
2021-02-24 10:10:00,0.08647140864714087,0.5685406522059908,-0.10558451228592702,-0.10266023924299217,0.7052911230058498,0.9993318485523385,0.5,-0.13924894846047142,0.4200892510782845,0.416932247145002,0.21763326817390155,0.2792162841935875,0.0
2021-02-24 10:20:00,0.08577405857740586,0.47351335399144157,-0.10498883097542833,-0.10266023924299217,0.7052911230058498,0.9993318485523385,0.5,-0.13924894846047142,0.4200892510782845,0.416932247145002,0.21763326817390155,0.2792162841935875,0.0
2021-02-24 10:30:00,0.08786610878661089,0.3784860557768923,-0.10320178704393157,-0.10266023924299217,0.7052911230058498,0.9993318485523385,0.5,-0.13924894846047142,0.4200892510782845,0.416932247145002,0.21763326817390155,0.2792162841935875,0.0
2021-02-24 10:40:00,0.05718270571827057,0.39809990806006734,-0.0966492926284439,-0.10016068559185842,0.7052911230058498,0.9993318485523385,0.5,-0.13924894846047142,0.4200892510782845,0.416932247145002,0.21763326817390155,0.2792162841935875,0.0
2021-02-24 10:50:00,0.044630404463040445,0.41771376034324215,-0.09099032017870456,-0.0958757364756293,0.7052911230058498,0.9993318485523385,0.5,-0.13924894846047142,0.4200892510782845,0.416932247145002,0.21763326817390155,0.2792162841935875,0.0
2021-02-24 11:00:00,0.04951185495118549,0.4373276126264174,-0.08175725986597182,-0.09194786645241915,0.7052911230058498,0.9993318485523385,0.5,-0.15076296859839988,0.42355469861238515,0.41644515409628013,0.18584258602742867,0.28976007601636955,0.0
2021-02-24 11:10:00,0.07112970711297072,0.4569414649095924,-0.07073715562174243,-0.09087662917336181,0.7052911230058498,0.9993318485523385,0.5,-0.15076296859839988,0.42355469861238515,0.41644515409628013,0.18584258602742867,0.28976007601636955,0.0
2021-02-24 11:20:00,0.06834030683403068,0.4765553171927672,-0.05941921072226375,-0.08837707552222807,0.7052911230058498,0.9993318485523385,0.5,-0.15076296859839988,0.42355469861238515,0.41644515409628013,0.18584258602742867,0.28976007601636955,0.0
2021-02-24 11:30:00,0.07043235704323571,0.49616916947594225,-0.048696947133283874,-0.08837707552222807,0.7052911230058498,0.9993318485523385,0.5,-0.15076296859839988,0.42355469861238515,0.41644515409628013,0.18584258602742867,0.28976007601636955,0.0
2021-02-24 11:40:00,0.05439330543933055,0.515783021759117,-0.03827252419955329,-0.0862346009641134,0.7052911230058498,0.9993318485523385,0.5,-0.15076296859839988,0.42355469861238515,0.41644515409628013,0.18584258602742867,0.28976007601636955,0.0
2021-02-24 11:50:00,0.021617852161785217,0.5353968740422923,-0.0269545793000745,-0.0798071772897695,0.7052911230058498,0.9993318485523385,0.5,-0.15076296859839988,0.42355469861238515,0.41644515409628013,0.18584258602742867,0.28976007601636955,0.0
2021-02-24 12:00:00,0.016736401673640166,0.5550107263254673,-0.015636634400595817,-0.07302267452240663,0.7052911230058498,0.9993318485523385,0.5,-0.14756280636897268,0.4219570295999809,0.40291218489702124,0.14998389161674086,0.287871881747538,0.0
2021-02-24 12:10:00,0.048814504881450484,0.5746245786086421,-0.0010424422933731359,-0.06302445991787176,0.7052911230058498,0.9993318485523385,0.5,-0.14756280636897268,0.4219570295999809,0.40291218489702124,0.14998389161674086,0.287871881747538,0.0
2021-02-24 12:20:00,0.03765690376569038,0.5942384308918174,0.00908413998510782,-0.05766827352258519,0.7052911230058498,0.9993318485523385,0.5,-0.14756280636897268,0.4219570295999809,0.40291218489702124,0.14998389161674086,0.287871881747538,0.0
2021-02-24 12:30:00,0.02580195258019526,0.6138522831749924,0.02010424422933732,-0.05159792894126036,0.7052911230058498,0.9993318485523385,0.5,-0.14756280636897268,0.4219570295999809,0.40291218489702124,0.14998389161674086,0.287871881747538,0.0
2021-02-24 12:40:00,0.03417015341701534,0.6334661354581672,0.031124348473566377,-0.04767005891805021,0.7052911230058498,0.9993318485523385,0.5,-0.14756280636897268,0.4219570295999809,0.40291218489702124,0.14998389161674086,0.287871881747538,0.0
2021-02-24 12:50:00,0.030683403068340307,0.6530799877413422,0.04631422189128798,-0.04052847705766838,0.7052911230058498,0.9993318485523385,0.5,-0.14756280636897268,0.4219570295999809,0.40291218489702124,0.14998389161674086,0.287871881747538,0.0
2021-02-24 13:00:00,0.045327754532775454,0.672693840024517,0.05733432613551748,-0.03302981610426714,0.7052911230058498,0.9993318485523385,0.5,-0.012464883365913781,0.4164341521865952,0.30711045522846386,0.09252095027129743,0.25797389867093623,0.0
2021-02-24 13:10:00,0.03765690376569038,0.6923076923076921,0.06448250186150384,-0.02945902517407606,0.7052911230058498,0.9993318485523385,0.5,-0.012464883365913781,0.4164341521865952,0.30711045522846386,0.09252095027129743,0.25797389867093623,0.0
2021-02-24 13:20:00,0.03556485355648536,0.7119215445908669,0.0743112434847355,-0.023388680592751232,0.7052911230058498,0.9993318485523385,0.5,-0.012464883365913781,0.4164341521865952,0.30711045522846386,0.09252095027129743,0.25797389867093623,0.0
2021-02-24 13:30:00,0.02510460251046025,0.7315353968740421,0.08622486969471321,-0.017318336011426405,0.7052911230058498,0.9993318485523385,0.5,-0.012464883365913781,0.4164341521865952,0.30711045522846386,0.09252095027129743,0.25797389867093623,0.0
2021-02-24 13:40:00,0.02370990237099024,0.7511492491572174,0.09337304542069957,-0.00981967505802539,0.7052911230058498,0.9993318485523385,0.5,-0.012464883365913781,0.4164341521865952,0.30711045522846386,0.09252095027129743,0.25797389867093623,0.0
2021-02-24 13:50:00,0.02580195258019526,0.7707631014403922,0.10320178704393146,-0.0033922513836815993,0.7052911230058498,0.9993318485523385,0.5,-0.012464883365913781,0.4164341521865952,0.30711045522846386,0.09252095027129743,0.25797389867093623,0.0
2021-02-24 14:00:00,0.08437935843793584,0.7707631014403922,0.11511541325390895,0.0016068559185860032,0.7052911230058498,0.9993318485523385,0.5,0.0028029269337204177,0.40017873203699844,0.28632993205172447,0.04301293697333448,0.2483620352775982,0.0
2021-02-24 14:10:00,0.030683403068340307,0.7707631014403922,0.11928518242740127,0.008034279592929794,0.7052911230058498,0.9993318485523385,0.5,0.0028029269337204177,0.40017873203699844,0.28632993205172447,0.04301293697333448,0.2483620352775982,0.0
2021-02-24 14:20:00,0.0404463040446304,0.7707631014403922,0.12047654504839889,0.0112479914301018,0.7052911230058498,0.9993318485523385,0.5,0.0028029269337204177,0.40017873203699844,0.28632993205172447,0.04301293697333448,0.2483620352775982,0.0
2021-02-24 14:30:00,0.03626220362622037,0.7707631014403922,0.1243484735666418,0.013033386895197285,0.7052911230058498,0.9993318485523385,0.5,0.0028029269337204177,0.40017873203699844,0.28632993205172447,0.04301293697333448,0.2483620352775982,0.0
2021-02-24 14:40:00,0.0794979079497908,0.7707631014403922,0.1291139240506327,0.018746652383502926,0.7052911230058498,0.9993318485523385,0.5,0.0028029269337204177,0.40017873203699844,0.28632993205172447,0.04301293697333448,0.2483620352775982,0.0
2021-02-24 14:50:00,0.06415620641562064,0.7707631014403922,0.13507073715562168,0.021603285127655747,0.7052911230058498,0.9993318485523385,0.5,0.0028029269337204177,0.40017873203699844,0.28632993205172447,0.04301293697333448,0.2483620352775982,0.0
2021-02-24 15:00:00,0.07461645746164575,0.7707631014403922,0.1434102755026061,0.02231744331369412,0.7052911230058498,0.9993318485523385,0.5,0.01762290530090649,0.3861502785863516,0.27219117178406044,0.06349478533004055,0.4857502647498812,0.0
2021-02-24 15:10:00,0.055090655509065556,0.7707631014403922,0.14638868205510036,0.025888234243884867,0.7052911230058498,0.9993318485523385,0.5,0.01762290530090649,0.3861502785863516,0.27219117178406044,0.06349478533004055,0.4857502647498812,0.0
2021-02-24 15:20:00,0.10111576011157601,0.7707631014403922,0.15174981384959052,0.026959471522942202,0.7052911230058498,0.9993318485523385,0.5,0.01762290530090649,0.3861502785863516,0.27219117178406044,0.06349478533004055,0.4857502647498812,0.0
2021-02-24 15:30:00,0.1506276150627615,0.7707631014403922,0.155621742367833,0.02088912694161782,0.7052911230058498,0.9993318485523385,0.5,0.01762290530090649,0.3861502785863516,0.27219117178406044,0.06349478533004055,0.4857502647498812,0.0
2021-02-24 15:40:00,0.058577405857740586,0.7707631014403922,0.155621742367833,0.0126763078021781,0.7052911230058498,0.9993318485523385,0.5,0.01762290530090649,0.3861502785863516,0.27219117178406044,0.06349478533004055,0.4857502647498812,0.0
2021-02-24 15:50:00,0.11436541143654114,0.7707631014403922,0.1591958302308265,0.018389573290483963,0.7052911230058498,0.9993318485523385,0.5,0.01762290530090649,0.3861502785863516,0.27219117178406044,0.06349478533004055,0.4857502647498812,0.0
2021-02-24 16:00:00,0.14016736401673638,0.7707631014403922,0.16842889054355892,0.013390465988216471,0.6854641347449975,0.9993318485523385,0.5,0.0861856839868147,0.37399535066823414,0.24748042528891745,0.11372965269314714,0.564682147670022,0.0
2021-02-24 16:10:00,0.1094839609483961,0.7707631014403922,0.17498138495904692,0.018389573290483963,0.6733454607320936,0.9993318485523385,0.5,0.0861856839868147,0.37399535066823414,0.24748042528891745,0.11372965269314714,0.564682147670022,0.0
2021-02-24 16:20:00,0.11227336122733612,0.7707631014403922,0.17736411020104237,0.018746652383502926,0.6733454607320936,0.9993318485523385,0.5,0.0861856839868147,0.37399535066823414,0.24748042528891745,0.11372965269314714,0.564682147670022,0.0
2021-02-24 16:30:00,0.16108786610878661,0.7707631014403922,0.18481012658227836,0.021603285127655747,0.6731622410385939,0.9993318485523385,0.5,0.0861856839868147,0.37399535066823414,0.24748042528891745,0.11372965269314714,0.564682147670022,0.0
2021-02-24 16:40:00,0.10111576011157601,0.7707631014403922,0.1871928518242738,0.024102838778789604,0.5969951970266061,0.9993318485523385,0.5,0.0861856839868147,0.37399535066823414,0.24748042528891745,0.11372965269314714,0.564682147670022,0.0
2021-02-24 16:50:00,0.11715481171548117,0.7744406987434873,0.17647058823529393,0.030887341546152358,0.5848765230137022,0.9993318485523385,0.5,0.0861856839868147,0.37399535066823414,0.24748042528891745,0.11372965269314714,0.564682147670022,0.0
2021-02-24 17:00:00,0.14016736401673638,0.7649402390438245,0.17230081906180184,0.03302981610426703,0.5848765230137022,0.9993318485523385,0.5,0.09556624040306527,0.37871364656458056,0.24467859404224712,0.14178867690006394,0.6030041401375758,0.0
2021-02-24 17:10:00,0.13458856345885634,0.7554397793441616,0.16902457185405795,0.03302981610426703,0.5848765230137022,0.9993318485523385,0.5,0.09556624040306527,0.37871364656458056,0.24467859404224712,0.14178867690006394,0.6030041401375758,0.0
2021-02-24 17:20:00,0.12552301255230125,0.745939319644499,0.1708116157855546,0.030887341546152358,0.5848765230137022,0.9993318485523385,0.5,0.09556624040306527,0.37871364656458056,0.24467859404224712,0.14178867690006394,0.6030041401375758,0.0
2021-02-24 17:30:00,0.1799163179916318,0.7364388599448359,0.1666418466120625,0.028387787895018723,0.5470547434269935,0.9993318485523385,0.5,0.09556624040306527,0.37871364656458056,0.24467859404224712,0.14178867690006394,0.6030041401375758,0.0
2021-02-24 17:40:00,0.10320781032078104,0.7269384002451729,0.16604616530156346,0.029816104267095245,0.5000327178024107,0.9993318485523385,0.5,0.09556624040306527,0.37871364656458056,0.24467859404224712,0.14178867690006394,0.6030041401375758,0.0
2021-02-24 17:50:00,0.11157601115760113,0.71743794054551,0.16604616530156346,0.03874308159257289,0.5000327178024107,0.9993318485523385,0.5,0.09556624040306527,0.37871364656458056,0.24467859404224712,0.14178867690006394,0.6030041401375758,0.0
2021-02-24 18:00:00,0.1506276150627615,0.7079374808458472,0.16604616530156346,0.04767005891805054,0.5000327178024107,0.9993318485523385,0.5,-0.02297727687366824,0.3819923162465133,0.2892871105997966,0.1864941301386854,0.6244323641607796,0.0
2021-02-24 18:10:00,0.12552301255230125,0.6984370211461846,0.16604616530156346,0.050883770755222324,0.5000327178024107,0.9993318485523385,0.5,-0.02297727687366824,0.3819923162465133,0.2892871105997966,0.1864941301386854,0.6244323641607796,0.0
2021-02-24 18:20:00,0.13528591352859135,0.6889365614465217,0.16217423678332077,0.04981253347616499,0.5000327178024107,0.9993318485523385,0.5,-0.02297727687366824,0.3819923162465133,0.2892871105997966,0.1864941301386854,0.6244323641607796,0.0
2021-02-24 18:30:00,0.1394700139470014,0.6794361017468586,0.15889798957557688,0.04374218889484016,0.5000327178024107,0.9993318485523385,0.5,-0.02297727687366824,0.3819923162465133,0.2892871105997966,0.1864941301386854,0.6244323641607796,0.0
2021-02-24 18:40:00,0.16666666666666669,0.6699356420471956,0.15621742367833202,0.03945723977861104,0.5000327178024107,0.9993318485523385,0.5,-0.02297727687366824,0.3819923162465133,0.2892871105997966,0.1864941301386854,0.6244323641607796,0.0
2021-02-24 18:50:00,0.16108786610878661,0.6604351823475327,0.14877140729709604,0.024816996964827753,0.4842103885566214,0.9993318485523385,0.5,-0.02297727687366824,0.3819923162465133,0.2892871105997966,0.1864941301386854,0.6244323641607796,0.0
2021-02-24 19:00:00,0.20571827057182707,0.6509347226478699,0.13834698436336557,0.011605070523120764,0.4123751815838034,0.9991091314031181,0.5,-0.008246884904825391,0.4018453651794361,0.2729486325442832,0.27735775929783935,0.5971136933291242,0.0
2021-02-24 19:10:00,0.17573221757322177,0.6414342629482073,0.1285182427401339,0.011962149616140172,0.3306461111620055,0.05746102449888642,0.5,-0.008246884904825391,0.4018453651794361,0.2729486325442832,0.27735775929783935,0.5971136933291242,0.028629841423118127
2021-02-24 19:20:00,0.20292887029288703,0.03585657370517925,0.1323901712583766,0.005534725941795937,0.35183416000314094,0.00011135857461024499,0.5,-0.008246884904825391,0.4018453651794361,0.2729486325442832,0.27735775929783935,0.5971136933291242,0.056603346560646986
2021-02-24 19:30:00,0.18549511854951187,-0.01195219123505975,0.13358153387937444,0.01410462417425462,0.35183416000314094,0.00011135857461024499,0.5,-0.008246884904825391,0.4018453651794361,0.2729486325442832,0.27735775929783935,0.5971136933291242,0.04687900780059447
2021-02-24 19:40:00,0.1771269177126918,0.5458167330677288,0.1356664184661205,0.02660239242992324,0.35183416000314094,0.00011135857461024499,0.5,-0.008246884904825391,0.4018453651794361,0.2729486325442832,0.27735775929783935,0.5971136933291242,0.04256378532522595
2021-02-24 19:50:00,0.2391910739191074,0.21912350597609564,0.13417721518987324,0.039100160685591856,0.35183416000314094,0.00011135857461024499,0.5,-0.008246884904825391,0.4018453651794361,0.2729486325442832,0.27735775929783935,0.5971136933291242,0.09561386302940689
2021-02-24 20:00:00,0.18410041841004185,-0.24302788844621515,0.1332836932241248,0.04231387252276364,0.35183416000314094,0.00011135857461024499,0.5,0.007281513082916025,0.4026269586531309,0.2489119031160386,0.275204825820185,0.5643242078218009,0.056678787513013563
2021-02-24 20:10:00,0.18619246861924685,-0.02788844621513953,0.13358153387937444,0.055882878057489815,0.35183416000314094,0.00011135857461024499,0.5,0.007281513082916025,0.4026269586531309,0.2489119031160386,0.275204825820185,0.5643242078218009,0.04753534408618374
2021-02-24 20:20:00,0.16945606694560672,0.20318725099601576,0.1362620997766193,0.07516514908052141,0.35183416000314094,0.00011135857461024499,0.5,0.007281513082916025,0.4026269586531309,0.2489119031160386,0.275204825820185,0.5643242078218009,0.03287716704135673
2021-02-24 20:30:00,0.12203626220362622,-0.10756972111553798,0.13387937453462384,0.09837529012676294,0.35183416000314094,0.00011135857461024499,0.5,0.007281513082916025,0.4026269586531309,0.2489119031160386,0.275204825820185,0.5643242078218009,0.00783831495088794
2021-02-24 20:40:00,0.14295676429567641,0.8326693227091633,0.1332836932241248,0.12729869666131055,0.38083522005993903,0.00011135857461024499,0.5,0.007281513082916025,0.4026269586531309,0.2489119031160386,0.275204825820185,0.5643242078218009,0.011293510569277427
2021-02-24 20:50:00,0.11785216178521618,0.2589641434262948,0.1320923306031272,0.1533654704517049,0.39468139404012514,0.00011135857461024499,0.5,0.007281513082916025,0.4026269586531309,0.2489119031160386,0.275204825820185,0.5643242078218009,0.002217963999577531
2021-02-24 21:00:00,0.10529986052998605,-0.19521912350597614,0.12970960536113174,0.18621674700946267,0.39468139404012514,0.004342984409799555,0.5,0.0011906719413465883,0.4065176849890936,0.25469107635643246,0.18807045878572753,0.5336520875386911,0.0
2021-02-24 21:10:00,0.09065550906555091,0.14741035856573692,0.12494415487714061,0.18300303517229088,0.39468139404012514,0.3433184855233853,0.5,0.0011906719413465883,0.4065176849890936,0.25469107635643246,0.18807045878572753,0.5336520875386911,0.0
2021-02-24 21:20:00,0.10111576011157601,0.16600265604249653,0.11868950111690246,0.15443670773076223,0.39468139404012514,0.9985523385300669,0.5,0.0011906719413465883,0.4065176849890936,0.25469107635643246,0.18807045878572753,0.5336520875386911,0.0
2021-02-24 21:30:00,0.09762900976290097,0.18459495351925637,0.11392405063291133,0.13658275307980716,0.39468139404012514,0.9985523385300669,0.5,0.0011906719413465883,0.4065176849890936,0.25469107635643246,0.18807045878572753,0.5336520875386911,0.0
2021-02-24 21:40:00,0.1094839609483961,0.20318725099601576,0.10766939687267296,0.12158543117300469,0.39468139404012514,0.9985523385300669,0.5,0.0011906719413465883,0.4065176849890936,0.25469107635643246,0.18807045878572753,0.5336520875386911,0.0
2021-02-24 21:50:00,0.10529986052998605,0.29083665338645415,0.09992553983618757,0.10694518835922162,0.39468139404012514,0.9985523385300669,0.5,0.0011906719413465883,0.4065176849890936,0.25469107635643246,0.18807045878572753,0.5336520875386911,0.0
2021-02-24 22:00:00,0.10460251046025104,0.441899070385126,0.08682055100521202,0.09337618282449567,0.39468139404012514,0.9985523385300669,0.5,-0.088439652420784,0.41947432091883385,0.3050182758174217,0.07011943039614905,0.4380643420326092,0.0
2021-02-24 22:10:00,0.1094839609483961,0.5929614873837981,0.07550260610573334,0.07837886091769342,0.39468139404012514,0.9985523385300669,0.5,-0.088439652420784,0.41947432091883385,0.3050182758174217,0.07011943039614905,0.4380643420326092,0.0
2021-02-24 22:20:00,0.13737796373779637,0.7440239043824699,0.06478034251675346,0.06516693447598643,0.39468139404012514,0.9985523385300669,0.5,-0.088439652420784,0.41947432091883385,0.3050182758174217,0.07011943039614905,0.4380643420326092,0.0
2021-02-24 22:30:00,0.15132496513249652,0.6479083665338643,0.05703648548026785,0.05124084984824129,0.39468139404012514,0.9985523385300669,0.5,-0.088439652420784,0.41947432091883385,0.3050182758174217,0.07011943039614905,0.4380643420326092,0.0
2021-02-24 22:40:00,0.15271966527196654,0.5517928286852589,0.055845122859270235,0.03874308159257289,0.39468139404012514,0.9985523385300669,0.5,-0.088439652420784,0.41947432091883385,0.3050182758174217,0.07011943039614905,0.4380643420326092,0.0
2021-02-24 22:50:00,0.14783821478382148,0.4556772908366533,0.05673864482501845,0.02731655061596161,0.39468139404012514,0.9985523385300669,0.5,-0.088439652420784,0.41947432091883385,0.3050182758174217,0.07011943039614905,0.4380643420326092,0.0
2021-02-24 23:00:00,0.12133891213389121,0.3595617529880477,0.0588235294117645,0.019817889662560484,0.39468139404012514,0.9985523385300669,0.5,-0.17274862476873798,0.41638817609990625,0.3740131483419625,0.11410381568853295,0.1682686711766474,0.0
2021-02-24 23:10:00,0.12133891213389121,0.26344621513944233,0.052271034996276944,0.010890912337082836,0.39468139404012514,0.9985523385300669,0.5,-0.17274862476873798,0.41638817609990625,0.3740131483419625,0.11410381568853295,0.1682686711766474,0.0
2021-02-24 23:20:00,0.12622036262203626,0.1673306772908365,0.04690990320178701,0.0048205677557580096,0.39468139404012514,0.9985523385300669,0.5,-0.17274862476873798,0.41638817609990625,0.3740131483419625,0.11410381568853295,0.1682686711766474,0.0
2021-02-24 23:30:00,0.10390516039051603,0.0712151394422309,0.04780342516753522,-0.0008926977325478536,0.39468139404012514,0.9985523385300669,0.5,-0.17274862476873798,0.41638817609990625,0.3740131483419625,0.11410381568853295,0.1682686711766474,0.0
2021-02-24 23:40:00,0.09832635983263598,-0.02490039840637448,0.04690990320178701,-0.00910551687198713,0.39468139404012514,0.9985523385300669,0.5,-0.17274862476873798,0.41638817609990625,0.3740131483419625,0.11410381568853295,0.1682686711766474,0.0
2021-02-24 23:50:00,0.13598326359832635,-0.12101593625497997,0.042144452717795655,-0.01553294054633092,0.39468139404012514,0.9985523385300669,0.5,-0.17274862476873798,0.41638817609990625,0.3740131483419625,0.11410381568853295,0.1682686711766474,0.0
2021-02-25 00:00:00,0.1603905160390516,-0.21713147410358558,0.04095309009679826,-0.023031601499732157,0.39468139404012514,0.9985523385300669,0.5,-0.16375893320810375,0.40827627030490904,0.36322240775128506,0.22155123010142247,0.17851205986157778,0.0
2021-02-25 00:10:00,0.16387726638772665,-0.3132470119521913,0.04095309009679826,-0.029816104267095023,0.39468139404012514,0.9985523385300669,0.5,-0.16375893320810375,0.40827627030490904,0.36322240775128506,0.22155123010142247,0.17851205986157778,0.0
2021-02-25 00:20:00,0.1708507670850767,-0.40936254980079656,0.037974683544303556,-0.03302981610426714,0.44422923401080994,0.9985523385300669,0.5,-0.16375893320810375,0.40827627030490904,0.36322240775128506,0.22155123010142247,0.17851205986157778,0.0
2021-02-25 00:30:00,0.1924686192468619,-0.5054780876494023,0.030826507818317195,-0.03017318336011432,0.5163261834029131,0.8220489977728285,0.5,-0.16375893320810375,0.40827627030490904,0.36322240775128506,0.22155123010142247,0.17851205986157778,0.0
2021-02-25 00:40:00,0.14435146443514643,-0.601593625498008,0.032911392405063244,-0.016604177825388367,0.5681511824213791,0.00311804008908686,0.5,-0.16375893320810375,0.40827627030490904,0.36322240775128506,0.22155123010142247,0.17851205986157778,0.04816150399082639
2021-02-25 00:50:00,0.18688981868898188,-0.3705179282868527,0.04452717795979133,0.005891805034815345,0.5580479250369711,0.00011135857461024499,0.5,-0.16375893320810375,0.40827627030490904,0.36322240775128506,0.22155123010142247,0.17851205986157778,0.0833169877936539
2021-02-25 01:00:00,0.2601115760111576,0.2749003984063745,0.04869694713328343,0.013033386895197285,0.5706639096465168,0.00011135857461024499,0.5,-0.23313596086748734,0.4004172329866925,0.4262573969093116,0.3241072675297622,0.20042387573679327,0.11693347616820315
2021-02-25 01:10:00,0.24476987447698745,0.31474103585657365,0.055845122859270235,0.010533833244063429,0.5867218070696628,0.00011135857461024499,0.5,-0.23313596086748734,0.4004172329866925,0.4262573969093116,0.3241072675297622,0.20042387573679327,0.09979329179051556
2021-02-25 01:20:00,0.27266387726638774,-0.15537848605577698,0.06329113924050622,0.011605070523120764,0.5994686628888511,0.00011135857461024499,0.5,-0.23313596086748734,0.4004172329866925,0.4262573969093116,0.3241072675297622,0.20042387573679327,0.1408029934969899
2021-02-25 01:30:00,0.2894002789400279,0.5059760956175297,0.06924795234549497,0.011605070523120764,0.610775935401971,0.00011135857461024499,0.5,-0.23313596086748734,0.4004172329866925,0.4262573969093116,0.3241072675297622,0.20042387573679327,0.13340223606982815
2021-02-25 01:40:00,0.3110181311018131,0.5697211155378485,0.07371556217423669,0.011605070523120764,0.61618091636021,0.00011135857461024499,0.5,-0.23313596086748734,0.4004172329866925,0.4262573969093116,0.3241072675297622,0.20042387573679327,0.16285438387374204
2021-02-25 01:50:00,0.2796373779637378,-0.4342629482071714,0.0743112434847355,0.013747545081235657,0.627200272212116,0.00011135857461024499,0.5,-0.23313596086748734,0.4004172329866925,0.4262573969093116,0.3241072675297622,0.20042387573679327,0.15113085987597508
2021-02-25 02:00:00,0.301255230125523,-0.2749003984063746,0.07580044676098274,0.021246206034636783,0.627200272212116,0.00011135857461024499,0.5,-0.235786464182284,0.38444628987347873,0.42182828682869206,0.38919953212205743,0.2097144330789612,0.16465742263530334
2021-02-25 02:10:00,0.2768479776847978,-0.45019920318725104,0.07609828741623215,0.023031601499732268,0.627200272212116,0.00011135857461024499,0.5,-0.235786464182284,0.38444628987347873,0.42182828682869206,0.38919953212205743,0.2097144330789612,0.15120630082834166
2021-02-25 02:20:00,0.300557880055788,0.1394422310756971,0.07133283693224102,0.02803070880199976,0.6164164845375666,0.00011135857461024499,0.5,-0.235786464182284,0.38444628987347873,0.42182828682869206,0.38919953212205743,0.2097144330789612,0.1676297961585467
2021-02-25 02:30:00,0.3507670850767085,-0.043824701195219196,0.010573343261355062,-0.023745759685770196,0.6270694010024734,0.00011135857461024499,0.5,-0.235786464182284,0.38444628987347873,0.42182828682869206,0.38919953212205743,0.2097144330789612,0.220672329767491
2021-02-25 02:40:00,0.37447698744769875,-0.42629482071713154,-0.020997766195085754,-0.06373861810391002,0.627095575244402,0.00011135857461024499,0.5,-0.235786464182284,0.38444628987347873,0.42182828682869206,0.38919953212205743,0.2097144330789612,0.25957722890293766
2021-02-25 02:50:00,0.3598326359832636,-0.33864541832669326,-0.03112434847356671,-0.0815925727548652,0.6271086623653663,0.00011135857461024499,0.5,-0.235786464182284,0.38444628987347873,0.42182828682869206,0.38919953212205743,0.2097144330789612,0.24591487242934956
2021-02-25 03:00:00,0.33891213389121344,0.05179282868525892,-0.03588979895755784,-0.09409034101053393,0.6271086623653663,0.00011135857461024499,0.5,-0.2411912656263393,0.38273368064435637,0.41750341795766616,0.44749878462888804,0.20108857893267582,0.20728156072242257
2021-02-25 03:10:00,0.3200836820083682,0.07569721115537842,-0.039761727475800646,-0.10801642563827896,0.6271086623653663,0.00011135857461024499,0.5,-0.2411912656263393,0.38273368064435637,0.41750341795766616,0.44749878462888804,0.20108857893267582,0.18212954720340388
2021-02-25 03:20:00,0.301255230125523,-0.26693227091633476,-0.04512285927029036,-0.11337261203356541,0.6232087003180171,0.00011135857461024499,0.5,-0.2411912656263393,0.38273368064435637,0.41750341795766616,0.44749878462888804,0.20108857893267582,0.16441601158773028
2021-02-25 03:30:00,0.34449093444909346,0.01195219123505975,-0.05048399106478041,-0.11980003570790931,0.6133017497480729,0.00011135857461024499,0.5,-0.2411912656263393,0.38273368064435637,0.41750341795766616,0.44749878462888804,0.20108857893267582,0.2256740649093954
2021-02-25 03:40:00,0.34309623430962344,-0.2828685258964144,-0.05137751303052884,-0.12051419389394735,0.6133017497480729,0.00011135857461024499,0.5,-0.2411912656263393,0.38273368064435637,0.41750341795766616,0.44749878462888804,0.20108857893267582,0.2282466013850959
2021-02-25 03:50:00,0.3926080892608089,-0.17928286852589637,-0.054355919583023216,-0.12051419389394735,0.6046249885487691,0.00011135857461024499,0.5,-0.2411912656263393,0.38273368064435637,0.41750341795766616,0.44749878462888804,0.20108857893267582,0.2863059583264179
2021-02-25 04:00:00,0.4428172942817294,0.1394422310756971,-0.05971705137751315,-0.12087127298696665,0.6020468257188101,0.00011135857461024499,0.5,-0.27545839652354087,0.36170536799547065,0.4621337465444737,0.49653984909031973,0.2002241936584203,0.36812167116797684
2021-02-25 04:10:00,0.4504881450488145,0.09960159362549792,-0.06626954579300093,-0.12658453847527218,0.6077789847011555,0.00011135857461024499,0.5,-0.27545839652354087,0.36170536799547065,0.4621337465444737,0.49653984909031973,0.2002241936584203,0.40633251354165095
2021-02-25 04:20:00,0.48326359832635984,-0.0916334661354582,-0.07192851824274027,-0.12444206391715751,0.6069675832013715,0.00011135857461024499,0.5,-0.27545839652354087,0.36170536799547065,0.4621337465444737,0.49653984909031973,0.2002241936584203,0.47320337371938986
2021-02-25 04:30:00,0.49860529986053004,0.17131474103585642,-0.07788533134772901,-0.1247991430101768,0.6103178861682219,0.00011135857461024499,0.5,-0.27545839652354087,0.36170536799547065,0.4621337465444737,0.49653984909031973,0.2002241936584203,0.5065859951416026
2021-02-25 04:40:00,0.4665271966527197,0.07569721115537842,-0.07490692479523464,-0.11730048205677557,0.6133017497480729,0.00011135857461024499,0.5,-0.27545839652354087,0.36170536799547065,0.4621337465444737,0.49653984909031973,0.2002241936584203,0.4422801273443276
2021-02-25 04:50:00,0.4560669456066946,0.17928286852589648,-0.08324646314221895,-0.11587216568469916,0.6170577534648153,0.00011135857461024499,0.5,-0.27545839652354087,0.36170536799547065,0.4621337465444737,0.49653984909031973,0.2002241936584203,0.42944007725153527
2021-02-25 05:00:00,0.44072524407252445,-0.23505976095617542,-0.08979895755770673,-0.12051419389394735,0.6244519768096216,0.00011135857461024499,0.5,-0.27636836886382377,0.34367124799213883,0.45992185460075935,0.5497861562829591,0.20827222209048157,0.3959065739245892
2021-02-25 05:10:00,0.4393305439330544,-0.21115537848605592,-0.08384214445271798,-0.11337261203356541,0.613707450497965,0.00011135857461024499,0.5,-0.27636836886382377,0.34367124799213883,0.45992185460075935,0.5497861562829591,0.20827222209048157,0.38212351192721455
2021-02-25 05:20:00,0.43235704323570434,-0.4342629482071714,-0.08116157855547301,-0.10587395108016429,0.6132101399013232,0.00011135857461024499,0.5,-0.27636836886382377,0.34367124799213883,0.45992185460075935,0.5497861562829591,0.20827222209048157,0.38822668497367113
2021-02-25 05:30:00,0.48535564853556484,-0.36254980079681276,-0.09009679821295624,-0.11301553294054623,0.6132101399013232,0.00011135857461024499,0.5,-0.27636836886382377,0.34367124799213883,0.45992185460075935,0.5497861562829591,0.20827222209048157,0.48926475247823525
2021-02-25 05:40:00,0.5076708507670851,-0.0916334661354582,-0.09307520476545061,-0.1230137475450811,0.6132101399013232,0.00011135857461024499,0.5,-0.27636836886382377,0.34367124799213883,0.45992185460075935,0.5497861562829591,0.20827222209048157,0.5313457157083151
2021-02-25 05:50:00,0.5306834030683404,0.05179282868525892,-0.09516008935219666,-0.1297982503124443,0.6132101399013232,0.00011135857461024499,0.5,-0.27636836886382377,0.34367124799213883,0.45992185460075935,0.5497861562829591,0.20827222209048157,0.5889373387449643
2021-02-25 06:00:00,0.5237099023709902,-0.17928286852589637,-0.09605361131794499,-0.1283699339403679,0.6132101399013232,0.00011135857461024499,0.5,-0.34137877669539596,0.3379587192211645,0.512645840997662,0.5742179529557638,0.20653183399590308,0.5917437421730012
2021-02-25 06:10:00,0.5306834030683404,-0.1394422310756973,-0.09605361131794499,-0.1247991430101768,0.6132101399013232,0.00011135857461024499,0.5,-0.34137877669539596,0.3379587192211645,0.512645840997662,0.5742179529557638,0.20653183399590308,0.6224180334052537
2021-02-25 06:20:00,0.5230125523012552,-0.1394422310756973,-0.09605361131794499,-0.12551330119621484,0.6132101399013232,0.00011135857461024499,0.5,-0.34137877669539596,0.3379587192211645,0.512645840997662,0.5742179529557638,0.20653183399590308,0.6090348084554219
2021-02-25 06:30:00,0.5411436541143654,-0.3466135458167332,-0.09605361131794499,-0.12408498482413843,0.6132101399013232,0.00011135857461024499,0.5,-0.34137877669539596,0.3379587192211645,0.512645840997662,0.5742179529557638,0.20653183399590308,0.6336511912126378
2021-02-25 06:40:00,0.5578800557880056,-0.45019920318725104,-0.09605361131794499,-0.12158543117300469,0.6128306133933595,0.00011135857461024499,0.5,-0.34137877669539596,0.3379587192211645,0.512645840997662,0.5742179529557638,0.20653183399590308,0.6322479894986195
2021-02-25 06:50:00,0.5153417015341701,-0.07569721115537853,-0.09903201787043936,-0.12051419389394735,0.6020337385978458,0.00011135857461024499,0.5,-0.34137877669539596,0.3379587192211645,0.512645840997662,0.5742179529557638,0.20653183399590308,0.5612354210359553
2021-02-25 07:00:00,0.49860529986053004,-0.3227091633466136,-0.10171258376768444,-0.12051419389394735,0.5975710303490335,0.00011135857461024499,0.5,-0.33618263217912747,0.3301571520113112,0.5117202247095545,0.603206996327914,0.20477828060880054,0.5124854776166695
2021-02-25 07:10:00,0.4867503486750349,-0.29083665338645437,-0.10201042442293384,-0.12051419389394735,0.5907657274476188,0.00011135857461024499,0.5,-0.33618263217912747,0.3301571520113112,0.5117202247095545,0.603206996327914,0.20477828060880054,0.4899437210495346
2021-02-25 07:20:00,0.5139470013947002,-0.12350597609561753,-0.10201042442293384,-0.12122835207998572,0.5907657274476188,0.00011135857461024499,0.5,-0.33618263217912747,0.3301571520113112,0.5117202247095545,0.603206996327914,0.20477828060880054,0.5367095674215792
2021-02-25 07:30:00,0.5146443514644351,0.19521912350597592,-0.10201042442293384,-0.12622745938225322,0.5907657274476188,0.00011135857461024499,0.5,-0.33618263217912747,0.3301571520113112,0.5117202247095545,0.603206996327914,0.20477828060880054,0.5652262474161475
2021-02-25 07:40:00,0.5264993026499303,0.36254980079681287,-0.10201042442293384,-0.13229780396357804,0.5938281137532554,0.00011135857461024499,0.5,-0.33618263217912747,0.3301571520113112,0.5117202247095545,0.603206996327914,0.20477828060880054,0.596383360743546
2021-02-25 07:50:00,0.5704323570432357,-0.019920318725099695,-0.10201042442293384,-0.13158364577753967,0.6020075643559173,0.00011135857461024499,0.5,-0.33618263217912747,0.3301571520113112,0.5117202247095545,0.603206996327914,0.20477828060880054,0.6700439066342774
2021-02-25 08:00:00,0.5355648535564853,-0.13147410358565736,-0.10201042442293384,-0.12694161756829125,0.6020075643559173,0.00011135857461024499,0.5,-0.32539540921405785,0.3127006065969948,0.507564525879402,0.6136669883925375,0.2061367518450626,0.5932751935060429
2021-02-25 08:10:00,0.5118549511854951,-0.3705179282868527,-0.10498883097542833,-0.1233708266381004,0.6020075643559173,0.00011135857461024499,0.5,-0.32539540921405785,0.3127006065969948,0.507564525879402,0.6136669883925375,0.2061367518450626,0.5408361875160312
2021-02-25 08:20:00,0.5055788005578801,-0.2749003984063746,-0.10498883097542833,-0.12087127298696665,0.5977411629215689,0.00011135857461024499,0.5,-0.32539540921405785,0.3127006065969948,0.507564525879402,0.6136669883925375,0.2061367518450626,0.5471883157052975
2021-02-25 08:30:00,0.5306834030683404,0.29083665338645415,-0.10498883097542833,-0.12408498482413843,0.590726466084726,0.00011135857461024499,0.5,-0.32539540921405785,0.3127006065969948,0.507564525879402,0.6136669883925375,0.2061367518450626,0.6325799296890324
2021-02-25 08:40:00,0.5634588563458857,0.13147410358565725,-0.10349962769918108,-0.1280128548473486,0.5997958409129577,0.00011135857461024499,0.5,-0.32539540921405785,0.3127006065969948,0.507564525879402,0.6136669883925375,0.2061367518450626,0.6652383179685261
2021-02-25 08:50:00,0.5878661087866108,0.01195219123505975,-0.10081906180193612,-0.12587038028923414,0.6019159545091676,0.00011135857461024499,0.5,-0.32539540921405785,0.3127006065969948,0.507564525879402,0.6136669883925375,0.2061367518450626,0.7103369192932693
2021-02-25 09:00:00,0.5390516039051604,0.1394422310756971,-0.09605361131794499,-0.12372790573111947,0.6019159545091676,0.00011135857461024499,0.5,-0.3268540065231973,0.313691965966202,0.5089110382437158,0.6445744827736732,0.2102874463298319,0.6014303604568705
2021-02-25 09:10:00,0.5244072524407252,-0.2270916334661356,-0.09307520476545061,-0.12051419389394735,0.6019159545091676,0.00011135857461024499,0.5,-0.3268540065231973,0.313691965966202,0.5089110382437158,0.6445744827736732,0.2102874463298319,0.5830906649365541
2021-02-25 09:20:00,0.5564853556485356,-0.043824701195219196,-0.08830975428145948,-0.11444384931262286,0.6019159545091676,0.00011135857461024499,0.5,-0.3268540065231973,0.313691965966202,0.5089110382437158,0.6445744827736732,0.2102874463298319,0.6585768818745569
2021-02-25 09:30:00,0.5132496513249651,-0.043824701195219196,-0.08145941921072242,-0.11230137475450808,0.6019159545091676,0.00011135857461024499,0.5,-0.3268540065231973,0.313691965966202,0.5089110382437158,0.6445744827736732,0.2102874463298319,0.5608054076074657
2021-02-25 09:40:00,0.5118549511854951,0.3227091633466135,-0.07848101265822804,-0.10980182110337433,0.6019159545091676,0.00011135857461024499,0.5,-0.3268540065231973,0.313691965966202,0.5089110382437158,0.6445744827736732,0.2102874463298319,0.5560978921797909
2021-02-25 09:50:00,0.5062761506276151,0.49800796812749004,-0.07192851824274027,-0.10980182110337433,0.6024263522267737,0.00011135857461024499,0.5,-0.3268540065231973,0.313691965966202,0.5089110382437158,0.6445744827736732,0.2102874463298319,0.5559545543702944
2021-02-25 10:00:00,0.4818688981868898,-0.24302788844621515,-0.06716306775874914,-0.10444563470808788,0.6131839656593945,0.00011135857461024499,0.5,-0.0951473255991967,0.31907404161410446,0.3232679695296096,0.6864863164371433,0.22830582902342048,0.4737918131478492
2021-02-25 10:10:00,0.5306834030683404,-0.02788844621513953,-0.05941921072226375,-0.09908944831280142,0.6085118634751542,0.00011135857461024499,0.5,-0.0951473255991967,0.31907404161410446,0.3232679695296096,0.6864863164371433,0.22830582902342048,0.5742037207477707
2021-02-25 10:20:00,0.496513249651325,-0.2589641434262948,-0.05197319434102765,-0.0958757364756293,0.6132101399013232,0.00011135857461024499,0.5,-0.0951473255991967,0.31907404161410446,0.3232679695296096,0.6864863164371433,0.22830582902342048,0.5267966262806102
2021-02-25 10:30:00,0.5306834030683404,0.11553784860557759,-0.04303797468354453,-0.08909123370826644,0.6132101399013232,0.00011135857461024499,0.5,-0.0951473255991967,0.31907404161410446,0.3232679695296096,0.6864863164371433,0.22830582902342048,0.6107473180741434
2021-02-25 10:40:00,0.5341701534170153,0.09163346613545809,-0.03350707371556216,-0.08659168005713269,0.6148067686589627,0.00022271714922048998,0.5,-0.0951473255991967,0.31907404161410446,0.3232679695296096,0.6864863164371433,0.22830582902342048,0.621595727024458
2021-02-25 10:50:00,0.5941422594142259,-0.17131474103585675,-0.02338049143708132,-0.07945009819675053,0.6236405753098375,0.00044543429844097997,0.5,-0.0951473255991967,0.31907404161410446,0.3232679695296096,0.6864863164371433,0.22830582902342048,0.7685697904250344
2021-02-25 11:00:00,0.6513249651324965,-0.3466135458167332,-0.01444527177959809,-0.07266559542938766,0.6255643820915837,0.00378619153674833,0.5,-0.09762275854731295,0.31186441652035735,0.32825899299187106,0.8205748937414478,0.25442606699176673,0.8680839506917936
2021-02-25 11:10:00,0.6164574616457461,-0.20318725099601598,-0.006999255398362103,-0.06588109266202469,0.6255643820915837,0.00022271714922048998,0.5,-0.09762275854731295,0.31186441652035735,0.32825899299187106,0.8205748937414478,0.25442606699176673,0.7979464972765816
2021-02-25 11:20:00,0.7301255230125524,0.13147410358565725,0.004616530156366094,-0.05409748259239411,0.6255643820915837,0.01759465478841871,0.5,-0.09762275854731295,0.31186441652035735,0.32825899299187106,0.8205748937414478,0.25442606699176673,0.8190171552725682
2021-02-25 11:30:00,0.7419804741980475,-0.0916334661354582,0.012956068503350515,-0.04909837529012662,0.6277499312926149,0.017483296213808463,0.5,-0.09762275854731295,0.31186441652035735,0.32825899299187106,0.8205748937414478,0.25442606699176673,0.840087888709507
2021-02-25 11:40:00,0.7315202231520224,-0.09960159362549814,0.019806403574087694,-0.03874308159257267,0.6292811244454333,0.01492204899777283,0.5,-0.09762275854731295,0.31186441652035735,0.32825899299187106,0.8205748937414478,0.25442606699176673,0.8611584712645413
2021-02-25 11:50:00,0.6666666666666667,0.20318725099601576,0.02844378257632152,-0.021603285127655747,0.6296999123162895,0.012360801781737195,0.5,-0.09762275854731295,0.31186441652035735,0.32825899299187106,0.8205748937414478,0.25442606699176673,0.8822291292605279
2021-02-25 12:00:00,0.8298465829846583,-0.21912350597609564,0.04005956813104983,-0.01481878236029266,0.6363874311290258,0.05111358574610245,0.5,-0.09373859115882988,0.2965601266641203,0.32721860992191165,0.8533664569281316,0.26966072792748264,0.8906106190684551
2021-02-25 12:10:00,0.789400278940028,-0.14741035856573714,0.05018615040953067,-0.005534725941796048,0.6344636243472798,0.03374164810690423,0.5,-0.09373859115882988,0.2965601266641203,0.32721860992191165,0.8533664569281316,0.26966072792748264,0.8989921088763826
2021-02-25 12:20:00,0.7831241283124128,0.10756972111553775,0.0588235294117645,0.0048205677557580096,0.6326183402913192,0.03429844097995546,0.5,-0.09373859115882988,0.2965601266641203,0.32721860992191165,0.8533664569281316,0.26966072792748264,0.9073735986843098
2021-02-25 12:30:00,0.8054393305439331,0.09163346613545809,0.06597170513775108,0.014818782360292992,0.6344636243472798,0.043763919821826286,0.5,-0.09373859115882988,0.2965601266641203,0.32721860992191165,0.8533664569281316,0.26966072792748264,0.9157550884922371
2021-02-25 12:40:00,0.7887029288702929,0.019920318725099362,0.0740134028294861,0.024816996964827753,0.6292942115663975,0.037305122494432075,0.5,-0.09373859115882988,0.2965601266641203,0.32721860992191165,0.8533664569281316,0.26966072792748264,0.9241365783001645
2021-02-25 12:50:00,0.8326359832635983,-0.13147410358565736,0.08175725986597171,0.03731476522049637,0.6397639083378048,0.04198218262806236,0.5,-0.09373859115882988,0.2965601266641203,0.32721860992191165,0.8533664569281316,0.26966072792748264,0.932518143549044
2021-02-25 13:00:00,0.8019525801952581,-0.059760956175298974,0.08533134772896478,0.04909837529012684,0.6459802907958279,0.03429844097995546,0.5,0.12121620039603465,0.27760361142161044,0.21122705726431246,0.8356937512187048,0.28039510708150683,0.9408996333569716
2021-02-25 13:10:00,0.7489539748953975,-0.17928286852589637,0.09188384214445255,0.057311194429566115,0.6388478098703065,0.02694877505567929,0.5,0.12121620039603465,0.27760361142161044,0.21122705726431246,0.8356937512187048,0.28039510708150683,0.9492810477239465
2021-02-25 13:20:00,0.7928870292887029,-0.043824701195219196,0.09813849590469093,0.06945188359221577,0.6365575637015612,0.0289532293986637,0.5,0.12121620039603465,0.27760361142161044,0.21122705726431246,0.8356937512187048,0.28039510708150683,0.9576625375318739
2021-02-25 13:30:00,0.7831241283124128,0.01195219123505975,0.10677587490692453,0.07802178182467423,0.6349085864600647,0.0289532293986637,0.5,0.12121620039603465,0.27760361142161044,0.21122705726431246,0.8356937512187048,0.28039510708150683,0.9660440273398011
2021-02-25 13:40:00,0.7677824267782427,-0.05179282868525903,0.11392405063291133,0.0801642563827889,0.6406800068053028,0.02360801781737194,0.5,0.12121620039603465,0.27760361142161044,0.21122705726431246,0.8356937512187048,0.28039510708150683,0.9744255171477286
2021-02-25 13:50:00,0.7266387726638772,0.019920318725099362,0.1195830230826509,0.09194786645241915,0.6337307455732814,0.017037861915367485,0.5,0.12121620039603465,0.27760361142161044,0.21122705726431246,0.8356937512187048,0.28039510708150683,0.9828070069556558
2021-02-25 14:00:00,0.7238493723849373,-0.043824701195219196,0.12494415487714061,0.10551687198714532,0.63931894622502,0.013808463251670379,0.5,0.126777761360646,0.24623067926794462,0.20615614090418724,0.7768331909331199,0.29140457691095883,0.9785785415755088
2021-02-25 14:10:00,0.705718270571827,0.08366533864541825,0.12822040208488428,0.10765934654525999,0.6366229993063827,0.010801781737193764,0.5,0.126777761360646,0.24623067926794462,0.20615614090418724,0.7768331909331199,0.29140457691095883,0.9743500761953618
2021-02-25 14:20:00,0.6994421199442119,-0.019920318725099695,0.13268801191362622,0.1247991430101767,0.6414521469421942,0.00757238307349666,0.5,0.126777761360646,0.24623067926794462,0.20615614090418724,0.7768331909331199,0.29140457691095883,0.9746669281953015
2021-02-25 14:30:00,0.7119944211994422,0.027888446215139417,0.13894266567386415,0.1219425102660241,0.6480218816662522,0.009799554565701559,0.5,0.126777761360646,0.24623067926794462,0.20615614090418724,0.7768331909331199,0.29140457691095883,0.9578964044842102
2021-02-25 14:40:00,0.7085076708507672,-0.1394422310756973,0.14251675353685767,0.12908409212640604,0.6496185104238918,0.009465478841870824,0.5,0.126777761360646,0.24623067926794462,0.20615614090418724,0.7768331909331199,0.29140457691095883,0.9411258807731189
2021-02-25 14:50:00,0.6534170153417015,0.09960159362549792,0.14936708860759484,0.13658275307980716,0.6472628286503253,0.0014476614699331849,0.5,0.126777761360646,0.24623067926794462,0.20615614090418724,0.7768331909331199,0.29140457691095883,0.8976643481147307
2021-02-25 15:00:00,0.6297071129707112,-0.07569721115537853,0.15621742367833202,0.14765220496339948,0.6498017301173914,0.001893095768374165,0.5,0.13139472947809416,0.22027717833262073,0.2029481240196476,0.7091347860590409,0.29995572214162153,0.8185494213678953
2021-02-25 15:10:00,0.5892608089260809,-0.07569721115537853,0.1591958302308265,0.1533654704517049,0.652458415673136,0.001893095768374165,0.5,0.13139472947809416,0.22027717833262073,0.2029481240196476,0.7091347860590409,0.29995572214162153,0.6890927471068394
2021-02-25 15:20:00,0.5711297071129707,0.027888446215139417,0.16634400595681287,0.1587216568469918,0.6496315975448561,0.00022271714922048998,0.5,0.13139472947809416,0.22027717833262073,0.2029481240196476,0.7091347860590409,0.29995572214162153,0.6576338699699745
2021-02-25 15:30:00,0.5627615062761506,0.05179282868525892,0.16932241250930735,0.1680057132654884,0.6511627906976745,0.00011135857461024499,0.5,0.13139472947809416,0.22027717833262073,0.2029481240196476,0.7091347860590409,0.29995572214162153,0.6472833713052794
2021-02-25 15:40:00,0.500697350069735,-0.17131474103585675,0.17438570364854789,0.16193536868416358,0.6477732263679313,0.00011135857461024499,0.5,0.13139472947809416,0.22027717833262073,0.2029481240196476,0.7091347860590409,0.29995572214162153,0.4971407879053065
2021-02-25 15:50:00,0.5153417015341701,-0.08366533864541836,0.17795979151154118,0.16229244777718255,0.6503121278349975,0.00011135857461024499,0.5,0.13139472947809416,0.22027717833262073,0.2029481240196476,0.7091347860590409,0.29995572214162153,0.5258460702807912
2021-02-25 16:00:00,0.48465829846582986,-0.20318725099601598,0.18153387937453447,0.16693447598643107,0.657156692099305,0.00011135857461024499,0.5,0.19985978361182588,0.19503055973012112,0.16169041704980386,0.6263051377969217,0.3102749854147751,0.4462558655340465
2021-02-25 16:10:00,0.3933054393305439,-0.003984063745020028,0.1860014892032762,0.17193358328869857,0.6532959914148487,0.00011135857461024499,0.5,0.19985978361182588,0.19503055973012112,0.16169041704980386,0.6263051377969217,0.3102749854147751,0.2906739894684431
2021-02-25 16:20:00,0.4874476987447699,-0.08366533864541836,0.18778853313477262,0.17336189966077487,0.6460588135216133,0.00011135857461024499,0.5,0.19985978361182588,0.19503055973012112,0.16169041704980386,0.6263051377969217,0.3102749854147751,0.43832702144031865
2021-02-25 16:30:00,0.4776847977684798,-0.15537848605577698,0.1898734177215189,0.1651490805213356,0.6572090405831622,0.00011135857461024499,0.5,0.19985978361182588,0.19503055973012112,0.16169041704980386,0.6263051377969217,0.3102749854147751,0.4462634096292831
2021-02-25 16:40:00,0.43096234309623427,0.12350597609561742,0.19314966492926278,0.15265131226566697,0.6503775634398189,0.00011135857461024499,0.5,0.19985978361182588,0.19503055973012112,0.16169041704980386,0.6263051377969217,0.3102749854147751,0.3527241727899573
2021-02-25 16:50:00,0.42398884239888424,-0.0916334661354582,0.19583023082650763,0.1569362613818961,0.6605069950661554,0.00011135857461024499,0.5,0.19985978361182588,0.19503055973012112,0.16169041704980386,0.6263051377969217,0.3102749854147751,0.3429017607918282
2021-02-25 17:00:00,0.37447698744769875,-0.01195219123505975,0.19940431868950093,0.15300839135868594,0.6540288701888471,0.00011135857461024499,0.5,0.19899663900917308,0.17906249012232384,0.16265166810664106,0.5428199403443654,0.31771205274272213,0.2454018739532568
2021-02-25 17:10:00,0.33821478382147835,0.03585657370517925,0.20178704393149638,0.14443849312622747,0.6428132075224772,0.00011135857461024499,0.5,0.19899663900917308,0.17906249012232384,0.16265166810664106,0.5428199403443654,0.31771205274272213,0.20457323053246226
2021-02-25 17:20:00,0.3284518828451883,0.05179282868525892,0.20178704393149638,0.13551151580074983,0.649932601327034,0.00011135857461024499,0.5,0.19899663900917308,0.17906249012232384,0.16265166810664106,0.5428199403443654,0.31771205274272213,0.20375846824690313
2021-02-25 17:30:00,0.3410041841004184,0.10756972111553775,0.2014892032762472,0.12979825031244419,0.6363089084032404,0.00011135857461024499,0.5,0.19899663900917308,0.17906249012232384,0.16265166810664106,0.5428199403443654,0.31771205274272213,0.19739125186716355
2021-02-25 17:40:00,0.38633193863319387,0.043824701195219085,0.19612807148175704,0.1219425102660241,0.6472890028922538,0.00011135857461024499,0.5,0.19899663900917308,0.17906249012232384,0.16265166810664106,0.5428199403443654,0.31771205274272213,0.26229310318813465
2021-02-25 17:50:00,0.36750348675034866,0.2111553784860556,0.19583023082650763,0.11015890019639363,0.64912119982725,0.00011135857461024499,0.5,0.19899663900917308,0.17906249012232384,0.16265166810664106,0.5428199403443654,0.31771205274272213,0.238333056716508
2021-02-25 18:00:00,0.3396094839609484,0.19521912350597592,0.19583023082650763,0.09658989466166767,0.6530735103584562,0.00011135857461024499,0.5,0.050577025124548536,0.17780102124382444,0.24309684147866792,0.4632751350709021,0.3270854803759474,0.2039847911040029
2021-02-25 18:10:00,0.3179916317991632,0.07569721115537842,0.19314966492926278,0.09337618282449567,0.6553637565272016,0.00011135857461024499,0.5,0.050577025124548536,0.17780102124382444,0.24309684147866792,0.4632751350709021,0.3270854803759474,0.1709718303483863
2021-02-25 18:20:00,0.27615062761506276,0.36254980079681287,0.19285182427401315,0.09301910373147648,0.6576801769378754,0.00011135857461024499,0.5,0.050577025124548536,0.17780102124382444,0.24309684147866792,0.4632751350709021,0.3270854803759474,0.13457157083151017
2021-02-25 18:30:00,0.3458856345885635,0.05976095617529875,0.19285182427401315,0.08516336368505639,0.6603237753726559,0.00011135857461024499,0.5,0.050577025124548536,0.17780102124382444,0.24309684147866792,0.4632751350709021,0.3270854803759474,0.20253632481856454
2021-02-25 18:40:00,0.26638772663877264,0.13147410358565725,0.19017125837676807,0.07766470273165504,0.6733585478530578,0.00011135857461024499,0.5,0.050577025124548536,0.17780102124382444,0.24309684147866792,0.4632751350709021,0.3270854803759474,0.12315735473844622
2021-02-25 18:50:00,0.2294281729428173,-0.14741035856573714,0.18659717051377522,0.07159435815033022,0.6741699493528418,0.00011135857461024499,0.5,0.050577025124548536,0.17780102124382444,0.24309684147866792,0.4632751350709021,0.3270854803759474,0.09030281998279947
2021-02-25 19:00:00,0.2719665271966527,-0.3466135458167332,0.18004467609828723,0.06980896268523495,0.6660166729921084,0.00011135857461024499,0.5,0.04806900620801047,0.18080958141646497,0.23960361963016694,0.39147052954782807,0.34072630813419363,0.11801982588228194
2021-02-25 19:10:00,0.2496513249651325,-0.02788844621513953,0.16902457185405795,0.05552579896447085,0.653217468689063,0.00011135857461024499,0.5,0.04806900620801047,0.18080958141646497,0.23960361963016694,0.39147052954782807,0.34072630813419363,0.10473467417052675
2021-02-25 19:20:00,0.2315202231520223,0.12350597609561742,0.15740878629932964,0.04838421710408847,0.6465037756343982,0.00011135857461024499,0.5,0.04806900620801047,0.18080958141646497,0.23960361963016694,0.39147052954782807,0.34072630813419363,0.09303378245846976
2021-02-25 19:30:00,0.28172942817294283,0.01195219123505975,0.14579300074460155,0.03660060703445822,0.6547617489628458,0.00011135857461024499,0.5,0.04806900620801047,0.18080958141646497,0.23960361963016694,0.39147052954782807,0.34072630813419363,0.12256891530998687
2021-02-25 19:40:00,0.2754532775453278,-0.5298804780876495,0.13834698436336557,0.029101946081057095,0.6565546845349493,0.00011135857461024499,0.5,0.04806900620801047,0.18080958141646497,0.23960361963016694,0.39147052954782807,0.34072630813419363,0.11671469740634006
2021-02-25 19:50:00,0.299163179916318,-0.07569721115537853,0.1317944899478778,0.021960364220674933,0.6465037756343982,0.00011135857461024499,0.5,0.04806900620801047,0.18080958141646497,0.23960361963016694,0.39147052954782807,0.34072630813419363,0.1588635574935498
2021-02-25 20:00:00,0.34658298465829845,0.019920318725099362,0.12613551749813845,0.015175861453311956,0.6465037756343982,0.00011135857461024499,0.5,0.01945505721222207,0.1753642886493663,0.24431780786062418,0.3523134761363524,0.3167605568522881,0.21493127329239403
2021-02-25 20:10:00,0.3312412831241283,-0.03585657370517936,0.12107222635889792,0.00839135868594898,0.6465037756343982,0.00011135857461024499,0.5,0.01945505721222207,0.1753642886493663,0.24431780786062418,0.3523134761363524,0.3167605568522881,0.19723282586719376
2021-02-25 20:20:00,0.3179916317991632,0.08366533864541825,0.11571109456440776,0.002321014104624153,0.6465037756343982,0.00011135857461024499,0.5,0.01945505721222207,0.1753642886493663,0.24431780786062418,0.3523134761363524,0.3167605568522881,0.18551684596466347
2021-02-25 20:30:00,0.27615062761506276,-0.38645418326693237,0.11005212211466842,0.0008926977325478536,0.6419756317807644,0.00011135857461024499,0.5,0.01945505721222207,0.1753642886493663,0.24431780786062418,0.3523134761363524,0.3167605568522881,0.1363595214025982
2021-02-25 20:40:00,0.29497907949790797,-0.3227091633466136,0.10558451228592691,-0.0012497768255668174,0.6202117496172017,0.00011135857461024499,0.5,0.01945505721222207,0.1753642886493663,0.24431780786062418,0.3523134761363524,0.3167605568522881,0.1515759614949379
2021-02-25 20:50:00,0.3110181311018131,-0.1872509960159363,0.10141474311243459,-0.008748437778968055,0.6187329049482404,0.00011135857461024499,0.5,0.01945505721222207,0.1753642886493663,0.24431780786062418,0.3523134761363524,0.3167605568522881,0.16511006834950287
2021-02-25 21:00:00,0.31450488145048816,-0.19521912350597614,0.09813849590469093,-0.013747545081235546,0.6187329049482404,0.00011135857461024499,0.5,0.010449055990831901,0.18826920148158047,0.2440039429047308,0.3607179404187811,0.2720381106661674,0.16435565882583703
2021-02-25 21:10:00,0.3493723849372385,-0.23505976095617542,0.09337304542069957,-0.01696125691840733,0.6187329049482404,0.00011135857461024499,0.5,0.010449055990831901,0.18826920148158047,0.2440039429047308,0.3607179404187811,0.2720381106661674,0.20614994643692383
2021-02-25 21:20:00,0.31241283124128316,0.01195219123505975,0.09069247952345472,-0.019103731476522,0.6187329049482404,0.00011135857461024499,0.5,0.010449055990831901,0.18826920148158047,0.2440039429047308,0.3607179404187811,0.2720381106661674,0.17969280444196328
2021-02-25 21:30:00,0.31729428172942814,-0.05179282868525903,0.08652271034996262,-0.026959471522942313,0.6187329049482404,0.00011135857461024499,0.5,0.010449055990831901,0.18826920148158047,0.2440039429047308,0.3607179404187811,0.2720381106661674,0.1777237955851955
2021-02-25 21:40:00,0.3089260808926081,-0.06772908366533881,0.08533134772896478,-0.028744866988037687,0.6187329049482404,0.00011135857461024499,0.5,0.010449055990831901,0.18826920148158047,0.2440039429047308,0.3607179404187811,0.2720381106661674,0.16837666158697587
2021-02-25 21:50:00,0.31450488145048816,0.14741035856573692,0.0826507818317197,-0.031244420639171433,0.6187329049482404,0.00011135857461024499,0.5,0.010449055990831901,0.18826920148158047,0.2440039429047308,0.3607179404187811,0.2720381106661674,0.16947809949152798
2021-02-25 22:00:00,0.3270571827057183,0.003984063745019917,0.0814594192107223,-0.03588644884841985,0.6187329049482404,0.00011135857461024499,0.5,-0.10481288416505385,0.178119980345222,0.3197448195479406,0.38986614726490226,0.23658548813288036,0.19005839129713176
2021-02-25 22:10:00,0.3193863319386332,0.17131474103585642,0.07699180938198036,-0.038386002499553595,0.6187329049482404,0.00011135857461024499,0.5,-0.10481288416505385,0.178119980345222,0.3197448195479406,0.38986614726490226,0.23658548813288036,0.17862908701359448
2021-02-25 22:20:00,0.32566248256624825,-0.1872509960159363,0.0743112434847355,-0.03945723977861093,0.6187329049482404,0.00011135857461024499,0.5,-0.10481288416505385,0.178119980345222,0.3197448195479406,0.38986614726490226,0.23658548813288036,0.18291413310801638
2021-02-25 22:30:00,0.31450488145048816,-0.17928286852589637,0.06865227103499616,-0.041242635243706416,0.6092970907330097,0.00011135857461024499,0.5,-0.10481288416505385,0.178119980345222,0.3197448195479406,0.38986614726490226,0.23658548813288036,0.17107744768169955
2021-02-25 22:40:00,0.3361227336122734,-0.5458167330677292,0.06537602382725227,-0.041956793429744677,0.6048736438470902,0.00011135857461024499,0.5,-0.10481288416505385,0.178119980345222,0.3197448195479406,0.38986614726490226,0.23658548813288036,0.19312883805845166
2021-02-25 22:50:00,0.3396094839609484,-0.601593625498008,0.062099776619508384,-0.041956793429744677,0.6048736438470902,0.00011135857461024499,0.5,-0.10481288416505385,0.178119980345222,0.3197448195479406,0.38986614726490226,0.23658548813288036,0.20172910662824206
2021-02-25 23:00:00,0.33472803347280333,-0.5458167330677292,0.05822784810126569,-0.042670951615782826,0.6048736438470902,0.00011135857461024499,0.5,-0.189278616033564,0.16702250242092867,0.3688996224363098,0.42279157773696485,0.2169804377443842,0.1897792597733754
2021-02-25 23:10:00,0.3354253835425383,-0.019920318725099695,0.055845122859270235,-0.04909837529012662,0.5947572993417178,0.00011135857461024499,0.5,-0.189278616033564,0.16702250242092867,0.3688996224363098,0.42279157773696485,0.2169804377443842,0.20247597205667123
2021-02-25 23:20:00,0.36052998605299863,0.15537848605577675,0.052271034996276944,-0.05409748259239411,0.596183795526822,0.00011135857461024499,0.5,-0.189278616033564,0.16702250242092867,0.3688996224363098,0.42279157773696485,0.2169804377443842,0.24038505062087903
2021-02-25 23:30:00,0.36541143654114366,-0.24302788844621515,0.04988830975428127,-0.05052669166220303,0.5986834356309956,0.00011135857461024499,0.5,-0.189278616033564,0.16702250242092867,0.3688996224363098,0.42279157773696485,0.2169804377443842,0.247604749762361
2021-02-25 23:40:00,0.36192468619246865,-0.059760956175298974,0.047505584512285814,-0.05159792894126036,0.5910405569878683,0.00011135857461024499,0.5,-0.189278616033564,0.16702250242092867,0.3688996224363098,0.42279157773696485,0.2169804377443842,0.2440590250011316
2021-02-25 23:50:00,0.3891213389121339,-0.05179282868525903,0.04690990320178701,-0.0526691662203177,0.5910405569878683,0.00011135857461024499,0.5,-0.189278616033564,0.16702250242092867,0.3688996224363098,0.42279157773696485,0.2169804377443842,0.2885163782307588
2021-02-26 00:00:00,0.4302649930264993,-0.29083665338645437,0.04184661206254625,-0.05052669166220303,0.5875724699323396,0.00011135857461024499,0.5,-0.19404420551773505,0.13914087935012864,0.36995788629769594,0.4721473799444548,0.20829352791804814,0.3629615100261026
2021-02-26 00:10:00,0.46582984658298465,0.4820717131474104,0.04035740878629923,-0.05195500803427966,0.5797725458376412,0.00011135857461024499,0.5,-0.19404420551773505,0.13914087935012864,0.36995788629769594,0.4721473799444548,0.20829352791804814,0.4454335591532508
2021-02-26 00:20:00,0.46582984658298465,0.49003984063745,0.03618763961280713,-0.05374040349937503,0.5797725458376412,0.00011135857461024499,0.5,-0.19404420551773505,0.13914087935012864,0.36995788629769594,0.4721473799444548,0.20829352791804814,0.44588620486745023
2021-02-26 00:30:00,0.4818688981868898,0.1633466135458166,0.032911392405063244,-0.05623995715050878,0.587441598722697,0.00011135857461024499,0.5,-0.19404420551773505,0.13914087935012864,0.36995788629769594,0.4721473799444548,0.20829352791804814,0.43592045505982474
2021-02-26 00:40:00,0.5034867503486751,-0.0916334661354582,0.03201787043931481,-0.05016961256918395,0.5909620342620827,0.00011135857461024499,0.5,-0.19404420551773505,0.13914087935012864,0.36995788629769594,0.4721473799444548,0.20829352791804814,0.4676131991490261
2021-02-26 00:50:00,0.44421199442119946,0.2669322709163344,0.028741623231570923,-0.05052669166220303,0.5909620342620827,0.00011135857461024499,0.5,-0.19404420551773505,0.13914087935012864,0.36995788629769594,0.4721473799444548,0.20829352791804814,0.3981245379241668
2021-02-26 01:00:00,0.3898186889818689,0.298804780876494,0.032911392405063244,-0.042670951615782826,0.5946787766159323,0.00011135857461024499,0.5,-0.21676579760744963,0.10465019381794134,0.4030199769020756,0.5479378077208451,0.21106234657256412,0.30223154337100355
2021-02-26 01:10:00,0.4337517433751743,-0.23505976095617542,0.037974683544303556,-0.028744866988037687,0.6022169582913455,0.00011135857461024499,0.5,-0.21676579760744963,0.10465019381794134,0.4030199769020756,0.5479378077208451,0.21106234657256412,0.3505288410760897
2021-02-26 01:20:00,0.398186889818689,-0.14741035856573714,0.037974683544303556,-0.023745759685770196,0.6022169582913455,0.00011135857461024499,0.5,-0.21676579760744963,0.10465019381794134,0.4030199769020756,0.5479378077208451,0.21106234657256412,0.2989951265144771
2021-02-26 01:30:00,0.37377963737796377,0.043824701195219085,0.0394638868205508,-0.020889126941617486,0.6022169582913455,0.00011135857461024499,0.5,-0.21676579760744963,0.10465019381794134,0.4030199769020756,0.5479378077208451,0.21106234657256412,0.26370384899738974
2021-02-26 01:40:00,0.397489539748954,0.47410358565737054,0.042144452717795655,-0.019460810569541076,0.602295481017131,0.00011135857461024499,0.5,-0.21676579760744963,0.10465019381794134,0.4030199769020756,0.5479378077208451,0.21106234657256412,0.3103716221313578
2021-02-26 01:50:00,0.500697350069735,0.043824701195219085,0.037081161578555344,-0.024816996964827642,0.613458795199644,0.00011135857461024499,0.5,-0.21676579760744963,0.10465019381794134,0.4030199769020756,0.5479378077208451,0.21106234657256412,0.47076663095794924
2021-02-26 02:00:00,0.5181311018131102,-0.15537848605577698,0.025465376023827258,-0.03945723977861093,0.6134980565625368,0.00011135857461024499,0.5,-0.2129416991331199,0.08702985859479723,0.41659416069150224,0.586250368037168,0.20920516780893403,0.5298746171371668
2021-02-26 02:10:00,0.5529986052998606,-0.2828685258964144,0.020997766195085532,-0.041956793429744677,0.6134980565625368,0.00011135857461024499,0.5,-0.2129416991331199,0.08702985859479723,0.41659416069150224,0.586250368037168,0.20920516780893403,0.6313879626416403
2021-02-26 02:20:00,0.5557880055788006,-0.2509960159362551,0.017125837676842837,-0.041956793429744677,0.6134980565625368,0.00011135857461024499,0.5,-0.2129416991331199,0.08702985859479723,0.41659416069150224,0.586250368037168,0.20920516780893403,0.6557403020655733
2021-02-26 02:30:00,0.5202231520223152,-0.33864541832669326,0.01325390915859992,-0.041956793429744677,0.6103833217730431,0.00011135857461024499,0.5,-0.2129416991331199,0.08702985859479723,0.41659416069150224,0.586250368037168,0.20920516780893403,0.5461321423721653
2021-02-26 02:40:00,0.496513249651325,-0.19521912350597614,0.008190618019359386,-0.041956793429744677,0.6023478295009881,0.00011135857461024499,0.5,-0.2129416991331199,0.08702985859479723,0.41659416069150224,0.586250368037168,0.20920516780893403,0.4961298791435943
2021-02-26 02:50:00,0.4860529986052998,-0.2828685258964144,0.004914370811615498,-0.041956793429744677,0.597845859889283,0.00011135857461024499,0.5,-0.2129416991331199,0.08702985859479723,0.41659416069150224,0.586250368037168,0.20920516780893403,0.48550024895514277
2021-02-26 03:00:00,0.45536959553695955,0.24302788844621515,0.00014892032762459095,-0.04731297982503124,0.5910405569878683,0.00011135857461024499,0.5,-0.21239410811003723,0.07123994632291844,0.439287548108523,0.5949733943286195,0.184289574252243,0.41231498106432096
2021-02-26 03:10:00,0.4679218967921897,0.2828685258964143,-0.0037230081906179935,-0.05302624531333677,0.5910405569878683,0.00011135857461024499,0.5,-0.21239410811003723,0.07123994632291844,0.439287548108523,0.5949733943286195,0.184289574252243,0.42550960363323626
2021-02-26 03:20:00,0.5013947001394701,-0.019920318725099695,-0.00819061801935983,-0.0590965898946616,0.5910405569878683,0.00011135857461024499,0.5,-0.21239410811003723,0.07123994632291844,0.439287548108523,0.5949733943286195,0.184289574252243,0.4627472577213815
2021-02-26 03:30:00,0.5,0.2749003984063745,-0.012658227848101444,-0.06409569719692909,0.5910405569878683,0.00011135857461024499,0.5,-0.21239410811003723,0.07123994632291844,0.439287548108523,0.5949733943286195,0.184289574252243,0.5066161715225493
2021-02-26 03:40:00,0.5746164574616458,0.10756972111553775,-0.01593447505584522,-0.07052312087127288,0.5910405569878683,0.00011135857461024499,0.5,-0.21239410811003723,0.07123994632291844,0.439287548108523,0.5949733943286195,0.184289574252243,0.639188557116345
2021-02-26 03:50:00,0.590655509065551,0.2589641434262948,-0.01861504095309008,-0.073736832708445,0.5910405569878683,0.00011135857461024499,0.5,-0.21239410811003723,0.07123994632291844,0.439287548108523,0.5949733943286195,0.184289574252243,0.6953166256770825
2021-02-26 04:00:00,0.5739191073919108,-0.05179282868525903,-0.022486969471332885,-0.07230851633636859,0.5910405569878683,0.00011135857461024499,0.5,-0.23532435712753863,0.06609062461387286,0.5216840104002799,0.607556702174747,0.16613198190722406,0.6639935422544774
2021-02-26 04:10:00,0.5397489539748954,0.05179282868525892,-0.027252419955324125,-0.07052312087127288,0.5910405569878683,0.00011135857461024499,0.5,-0.23532435712753863,0.06609062461387286,0.5216840104002799,0.607556702174747,0.16613198190722406,0.5415302442778038
2021-02-26 04:20:00,0.49302649930264997,0.2828685258964143,-0.027550260610573418,-0.06802356722013914,0.5910405569878683,0.00011135857461024499,0.5,-0.23532435712753863,0.06609062461387286,0.5216840104002799,0.607556702174747,0.16613198190722406,0.4843082819077508
2021-02-26 04:30:00,0.5341701534170153,0.09960159362549792,-0.027550260610573418,-0.06623817175504376,0.5910405569878683,0.00011135857461024499,0.5,-0.23532435712753863,0.06609062461387286,0.5216840104002799,0.607556702174747,0.16613198190722406,0.5553208503704151
2021-02-26 04:40:00,0.5711297071129707,-0.01195219123505975,-0.027550260610573418,-0.06766648812712017,0.5910405569878683,0.00011135857461024499,0.5,-0.23532435712753863,0.06609062461387286,0.5216840104002799,0.607556702174747,0.16613198190722406,0.6327006352128189
2021-02-26 04:50:00,0.6101813110181311,0.1872509960159361,-0.027550260610573418,-0.06980896268523484,0.5910405569878683,0.00011135857461024499,0.5,-0.23532435712753863,0.06609062461387286,0.5216840104002799,0.607556702174747,0.16613198190722406,0.7435083060488555
2021-02-26 05:00:00,0.6178521617852162,0.01195219123505975,-0.025763216679076772,-0.07052312087127288,0.5910405569878683,0.00011135857461024499,0.5,-0.2320183655451914,0.04978922837759139,0.5187354552126122,0.6038797682629073,0.16367518421449911,0.7480724836670338
2021-02-26 05:10:00,0.604602510460251,-0.20318725099601598,-0.027550260610573418,-0.06409569719692909,0.5910405569878683,0.00011135857461024499,0.5,-0.2320183655451914,0.04978922837759139,0.5187354552126122,0.6038797682629073,0.16367518421449911,0.741735443668241
2021-02-26 05:20:00,0.6534170153417015,-0.2509960159362551,-0.027550260610573418,-0.062310301731833606,0.5910405569878683,0.00011135857461024499,0.5,-0.2320183655451914,0.04978922837759139,0.5187354552126122,0.6038797682629073,0.16367518421449911,0.8441993451725335
2021-02-26 05:30:00,0.6555090655509066,-0.17131474103585675,-0.027550260610573418,-0.05981074808069986,0.5910405569878683,0.00011135857461024499,0.5,-0.2320183655451914,0.04978922837759139,0.5187354552126122,0.6038797682629073,0.16367518421449911,0.8710563242150369
2021-02-26 05:40:00,0.6743375174337517,0.003984063745019917,-0.02635889798957569,-0.05766827352258519,0.5910405569878683,0.00011135857461024499,0.5,-0.2320183655451914,0.04978922837759139,0.5187354552126122,0.6038797682629073,0.16367518421449911,0.9126846417309172
2021-02-26 05:50:00,0.7189679218967923,0.12350597609561742,-0.01921072226358911,-0.05302624531333677,0.5910405569878683,0.0014476614699331849,0.5,-0.2320183655451914,0.04978922837759139,0.5187354552126122,0.6038797682629073,0.16367518421449911,0.9110847654540791
2021-02-26 06:00:00,0.8068340306834031,0.14741035856573692,-0.01176470588235301,-0.0526691662203177,0.5910405569878683,0.03463251670378619,0.5,-0.23314716750555242,0.07130891045295182,0.45390427080801016,0.5938967603347927,0.15605965588481763,0.9094848137362888
2021-02-26 06:10:00,0.8737796373779637,0.03585657370517925,-0.011466865227103606,-0.052312087127298734,0.5910405569878683,0.06102449888641426,0.5,-0.23314716750555242,0.07130891045295182,0.45390427080801016,0.5938967603347927,0.15605965588481763,0.9078848620184982
2021-02-26 06:20:00,0.804741980474198,-0.19521912350597614,-0.014147431124348686,-0.04624174254597391,0.5865255002551988,0.043763919821826286,0.5,-0.23314716750555242,0.07130891045295182,0.45390427080801016,0.5938967603347927,0.15605965588481763,0.9062849103007077
2021-02-26 06:30:00,0.892608089260809,-0.02788844621513953,-0.005212211466865346,-0.03910016068559197,0.5810681708131028,0.07650334075723832,0.5,-0.23314716750555242,0.07130891045295182,0.45390427080801016,0.5938967603347927,0.15605965588481763,0.9046850340238696
2021-02-26 06:40:00,0.895397489539749,-0.3466135458167332,-0.009381980640357557,-0.03231565791822877,0.5810681708131028,0.07605790645879733,0.5,-0.23314716750555242,0.07130891045295182,0.45390427080801016,0.5938967603347927,0.15605965588481763,0.903085082306079
2021-02-26 06:50:00,0.9421199442119944,-0.1394422310756973,-0.006403574087863073,-0.027673629708980574,0.5810681708131028,0.09175946547884188,0.5,-0.23314716750555242,0.07130891045295182,0.45390427080801016,0.5938967603347927,0.15605965588481763,0.9014851305882886
2021-02-26 07:00:00,0.894002789400279,0.20318725099601576,-0.0007446016381237319,-0.027673629708980574,0.5810681708131028,0.08151447661469934,0.5,-0.2353039783898664,0.08590919148178106,0.46297414374152646,0.5650938401343917,0.14463579069631938,0.8998852543114505
2021-02-26 07:10:00,0.8347280334728034,0.21912350597609564,-0.004318689501117023,-0.027673629708980574,0.5810681708131028,0.06592427616926504,0.5,-0.2353039783898664,0.08590919148178106,0.46297414374152646,0.5650938401343917,0.14463579069631938,0.8982853025936599
2021-02-26 07:20:00,0.8430962343096234,0.1394422310756971,-0.012062546537602414,-0.02660239242992324,0.5810681708131028,0.06035634743875278,0.5,-0.2353039783898664,0.08590919148178106,0.46297414374152646,0.5650938401343917,0.14463579069631938,0.8966853508758695
2021-02-26 07:30:00,0.8514644351464435,-0.03585657370517936,-0.02069992553983646,-0.024102838778789493,0.5810681708131028,0.05211581291759465,0.5,-0.2353039783898664,0.08590919148178106,0.46297414374152646,0.5650938401343917,0.14463579069631938,0.8950854745990314
2021-02-26 07:40:00,0.7412831241283124,-0.14741035856573714,-0.034996276991809516,-0.02053204784859841,0.5810681708131028,0.002561247216035635,0.5,-0.2353039783898664,0.08590919148178106,0.46297414374152646,0.5650938401343917,0.14463579069631938,0.8934854474402885
2021-02-26 07:50:00,0.6687587168758717,0.10756972111553775,-0.04154877140729718,-0.02053204784859841,0.5847063904411668,0.00044543429844097997,0.5,-0.2353039783898664,0.08590919148178106,0.46297414374152646,0.5650938401343917,0.14463579069631938,0.8918855711634504
2021-02-26 08:00:00,0.6562064156206415,-0.07569721115537853,-0.046016381236038795,-0.017318336011426405,0.5909227728991898,0.00044543429844097997,0.5,-0.26017427656315095,0.11784820420278794,0.5284863199898245,0.7224905046158866,0.11903252394139872,0.8795434313562774
2021-02-26 08:10:00,0.5669456066945607,0.07569721115537842,-0.05465376023827262,-0.019103731476522,0.5909227728991898,0.00044543429844097997,0.5,-0.26017427656315095,0.11784820420278794,0.5284863199898245,0.7224905046158866,0.11903252394139872,0.6605534348265613
2021-02-26 08:20:00,0.604602510460251,-0.12350597609561753,-0.06269545793000753,-0.020889126941617486,0.5909227728991898,0.00044543429844097997,0.5,-0.26017427656315095,0.11784820420278794,0.5284863199898245,0.7224905046158866,0.11903252394139872,0.692525310439519
2021-02-26 08:30:00,0.3417015341701534,0.1394422310756971,-0.06984363365599422,-0.028387787895018723,0.5981730379133895,0.00044543429844097997,0.5,-0.26017427656315095,0.11784820420278794,0.5284863199898245,0.7224905046158866,0.11903252394139872,0.24322917452509923
2021-02-26 08:40:00,0.2301255230125523,0.1394422310756971,-0.0653760238272525,0.004463488662738824,0.7034065775869967,0.6561247216035635,0.5,-0.26017427656315095,0.11784820420278794,0.5284863199898245,0.7224905046158866,0.11903252394139872,0.0
2021-02-26 08:50:00,0.22524407252440726,0.1394422310756971,-0.05137751303052884,0.06802356722013925,0.7393045503919592,0.5417594654788419,0.5,-0.26017427656315095,0.11784820420278794,0.5284863199898245,0.7224905046158866,0.11903252394139872,0.0003772047618329134
2021-02-26 09:00:00,0.24337517433751746,-0.3227091633466136,-0.0495904690990322,0.09266202463845752,0.6982502519270785,0.00011135857461024499,0.5,-0.29442306326113843,0.15453424787432285,0.6237014075226391,0.6302156772187835,0.1316281098900462,0.09835236960031384
2021-02-26 09:10:00,0.2301255230125523,-0.47410358565737054,-0.11690245718540593,-0.001963935011604967,0.6834487181165015,0.00011135857461024499,0.5,-0.29442306326113843,0.15453424787432285,0.6237014075226391,0.6302156772187835,0.1316281098900462,0.09285272417278996
2021-02-26 09:20:00,0.31311018131101814,-0.23505976095617542,-0.14609084139985118,-0.06409569719692909,0.6624438889688659,0.00011135857461024499,0.5,-0.29442306326113843,0.15453424787432285,0.6237014075226391,0.6302156772187835,0.1316281098900462,0.17070024291986663
2021-02-26 09:30:00,0.2733612273361227,0.11553784860557759,-0.1586001489203277,-0.09801821103374397,0.6319639842431063,0.00011135857461024499,0.5,-0.29442306326113843,0.15453424787432285,0.6237014075226391,0.6302156772187835,0.1316281098900462,0.13497140787905307
2021-02-26 09:40:00,0.1882845188284519,-0.06772908366533881,-0.16157855547282218,-0.13158364577753967,0.6296868251953253,0.00011135857461024499,0.5,-0.29442306326113843,0.15453424787432285,0.6237014075226391,0.6302156772187835,0.1316281098900462,0.0635967228450292
2021-02-26 09:50:00,0.17154811715481172,0.003984063745019917,-0.16157855547282218,-0.14301017675415106,0.6296868251953253,0.00011135857461024499,0.5,-0.29442306326113843,0.15453424787432285,0.6237014075226391,0.6302156772187835,0.1316281098900462,0.0524239177995383
2021-02-26 10:00:00,0.24616457461645744,-0.33067729083665354,-0.15919583023082662,-0.15515086591680072,0.6246875449869783,0.00011135857461024499,0.5,-0.20659844181036569,0.16937590335826683,0.5560676309866253,0.5522805159801261,0.1486431419073449,0.09109494998264858
2021-02-26 10:10:00,0.2684797768479777,-0.0916334661354582,-0.15174981384959063,-0.16300660596322092,0.6158275640941749,0.00011135857461024499,0.5,-0.20659844181036569,0.16937590335826683,0.5560676309866253,0.5522805159801261,0.1486431419073449,0.12007936388188964
2021-02-26 10:20:00,0.22733612273361226,-0.06772908366533881,-0.1466865227103501,-0.17014818782360286,0.6158275640941749,0.00011135857461024499,0.5,-0.20659844181036569,0.16937590335826683,0.5560676309866253,0.5522805159801261,0.1486431419073449,0.08632708179308056
2021-02-26 10:30:00,0.3186889818688982,0.20318725099601576,-0.139240506329114,-0.17050526691662193,0.6089960869508317,0.00011135857461024499,0.5,-0.20659844181036569,0.16937590335826683,0.5560676309866253,0.5522805159801261,0.1486431419073449,0.18485296558383754
2021-02-26 10:40:00,0.4072524407252441,0.2669322709163344,-0.12673119880863748,-0.16729155507945004,0.6198453102302024,0.00011135857461024499,0.5,-0.20659844181036569,0.16937590335826683,0.5560676309866253,0.5522805159801261,0.1486431419073449,0.3295034476515232
2021-02-26 10:50:00,0.5334728033472803,-0.003984063745020028,-0.1157110945644082,-0.1569362613818961,0.6158406512151392,0.00011135857461024499,0.5,-0.20659844181036569,0.16937590335826683,0.5560676309866253,0.5522805159801261,0.1486431419073449,0.5879566063641988
2021-02-26 11:00:00,0.6548117154811716,-0.12350597609561753,-0.10558451228592702,-0.14836636314943752,0.6268338328251168,0.012360801781737195,0.5,-0.15213908371725526,0.16545069495728537,0.4565814437711883,0.6748018550406425,0.16384556803598307,0.8374021153643044
2021-02-26 11:10:00,0.7726638772663877,0.03585657370517925,-0.09694713328369331,-0.14158186038207465,0.6232217874389814,0.026057906458797325,0.5,-0.15213908371725526,0.16545069495728537,0.4565814437711883,0.6748018550406425,0.16384556803598307,0.8320181209167584
2021-02-26 11:20:00,0.7078103207810321,-0.059760956175298974,-0.08622486969471344,-0.13229780396357804,0.6174896284566359,0.00868596881959911,0.5,-0.15213908371725526,0.16545069495728537,0.4565814437711883,0.6748018550406425,0.16384556803598307,0.8266342019101649
2021-02-26 11:30:00,0.6248256624825663,-0.02788844621513953,-0.07431124348473583,-0.12158543117300469,0.6193741738754891,0.004677060133630289,0.5,-0.15213908371725526,0.16545069495728537,0.4565814437711883,0.6748018550406425,0.16384556803598307,0.821250207462619
2021-02-26 11:40:00,0.597629009762901,-0.003984063745020028,-0.07133283693224135,-0.10944474201035537,0.6247922419546923,0.00044543429844097997,0.5,-0.15213908371725526,0.16545069495728537,0.4565814437711883,0.6748018550406425,0.16384556803598307,0.7356926233836777
2021-02-26 11:50:00,0.5627615062761506,0.06772908366533859,-0.06478034251675369,-0.10266023924299217,0.6230385677454817,0.00033407572383073496,0.5,-0.15213908371725526,0.16545069495728537,0.4565814437711883,0.6748018550406425,0.16384556803598307,0.6802435233942394
2021-02-26 12:00:00,0.604602510460251,-0.12350597609561753,-0.06031273268801207,-0.09266202463845752,0.6200023556817735,0.00011135857461024499,0.5,-0.11125386603998433,0.14192530610016596,0.39713833784981833,0.7040043067515083,0.20649244426539515,0.7763175762330824
2021-02-26 12:10:00,0.50697350069735,-0.019920318725099695,-0.05524944154877154,-0.08980539189430448,0.6200023556817735,0.00011135857461024499,0.5,-0.11125386603998433,0.14192530610016596,0.39713833784981833,0.7040043067515083,0.20649244426539515,0.5315871267558882
2021-02-26 12:20:00,0.509065550906555,-0.21912350597609564,-0.0498883097542816,-0.08087841456882694,0.6172802345212076,0.00011135857461024499,0.5,-0.11125386603998433,0.14192530610016596,0.39713833784981833,0.7040043067515083,0.20649244426539515,0.5414774356111471
2021-02-26 12:30:00,0.5432357043235705,0.25099601593625476,-0.03678332092330627,-0.07480806998750233,0.6223449503343759,0.00044543429844097997,0.5,-0.11125386603998433,0.14192530610016596,0.39713833784981833,0.7040043067515083,0.20649244426539515,0.6123391221690783
2021-02-26 12:40:00,0.5299860529986052,-0.059760956175298974,-0.026061057334326176,-0.06552401356900539,0.6290848176309695,0.00011135857461024499,0.5,-0.11125386603998433,0.14192530610016596,0.39713833784981833,0.7040043067515083,0.20649244426539515,0.5876548425547324
2021-02-26 12:50:00,0.6471408647140864,-0.05179282868525903,-0.021295606850335158,-0.062310301731833606,0.6322388137833558,0.0008908685968819599,0.5,-0.11125386603998433,0.14192530610016596,0.39713833784981833,0.7040043067515083,0.20649244426539515,0.8759826184045748
2021-02-26 13:00:00,0.6171548117154811,-0.06772908366533881,-0.015338793745346302,-0.059453668987680564,0.6399602151522686,0.00022271714922048998,0.5,-0.003507744420611858,0.14050004741283886,0.29199433851026635,0.6363592788243378,0.2606556281054096,0.7841408029934971
2021-02-26 13:10:00,0.6408647140864714,-0.01195219123505975,-0.008488458674609234,-0.0526691662203177,0.628508984308542,0.0022271714922049,0.5,-0.003507744420611858,0.14050004741283886,0.29199433851026635,0.6363592788243378,0.2606556281054096,0.8618902485024972
2021-02-26 13:20:00,0.6610878661087867,-0.10756972111553798,-0.000148920327624813,-0.039814318871630006,0.6384682833623431,0.004231625835189309,0.5,-0.003507744420611858,0.14050004741283886,0.29199433851026635,0.6363592788243378,0.2606556281054096,0.8563151621226066
2021-02-26 13:30:00,0.6234309623430963,0.043824701195219085,0.008488458674609012,-0.02803070880199965,0.637499836410988,0.0006681514476614699,0.5,-0.003507744420611858,0.14050004741283886,0.29199433851026635,0.6363592788243378,0.2606556281054096,0.7966036483244565
2021-02-26 13:40:00,0.698744769874477,-0.01195219123505975,0.014743112434847383,-0.022674522406713193,0.6274881888733298,0.008574610244988864,0.5,-0.003507744420611858,0.14050004741283886,0.29199433851026635,0.6363592788243378,0.2606556281054096,0.9736711076240627
2021-02-26 13:50:00,0.6164574616457461,-0.003984063745020028,0.019210722263588886,-0.018746652383503037,0.6315844577351428,0.00044543429844097997,0.5,-0.003507744420611858,0.14050004741283886,0.29199433851026635,0.6363592788243378,0.2606556281054096,0.7818247657558428
2021-02-26 14:00:00,0.6164574616457461,-0.1394422310756973,0.02308265078183136,-0.006248884127834309,0.6455615029249715,0.000556792873051225,0.5,0.0028599607167312247,0.12502909424235764,0.2907738793848044,0.5729602857666631,0.25526238359226966,0.7532929975708014
2021-02-26 14:10:00,0.5523012552301255,0.003984063745019917,0.023380491437080986,-0.003749330476700563,0.6446584915784377,0.00044543429844097997,0.5,0.0028599607167312247,0.12502909424235764,0.2907738793848044,0.5729602857666631,0.25526238359226966,0.6414744179730525
2021-02-26 14:20:00,0.5878661087866108,0.003984063745019917,0.028145941921072115,-0.0008926977325478536,0.6455091544411145,0.00022271714922048998,0.5,0.0028599607167312247,0.12502909424235764,0.2907738793848044,0.5729602857666631,0.25526238359226966,0.7378577787165985
2021-02-26 14:30:00,0.5488145048814504,-0.10756972111553798,0.03201787043931481,0.0008926977325478536,0.6416222795147295,0.00022271714922048998,0.5,0.0028599607167312247,0.12502909424235764,0.2907738793848044,0.5729602857666631,0.25526238359226966,0.6039802646468609
2021-02-26 14:40:00,0.603905160390516,-0.043824701195219196,0.03201787043931481,0.001963935011605189,0.6359948175000982,0.00022271714922048998,0.5,0.0028599607167312247,0.12502909424235764,0.2907738793848044,0.5729602857666631,0.25526238359226966,0.737095825097696
2021-02-26 14:50:00,0.606694560669456,-0.01195219123505975,0.03201787043931481,0.0112479914301018,0.6376307076206306,0.00033407572383073496,0.5,0.0028599607167312247,0.12502909424235764,0.2907738793848044,0.5729602857666631,0.25526238359226966,0.7270093697662839
2021-02-26 15:00:00,0.48326359832635984,-0.019920318725099695,0.030230826507818165,0.0069630423138726805,0.6353928099357422,0.00044543429844097997,0.5,0.008185381807824132,0.100066952676241,0.295436200638712,0.6092555790120576,0.2437318828410028,0.4655234847684718
2021-02-26 15:10:00,0.48465829846582986,-0.0916334661354582,0.03737900223380475,0.00767720049991083,0.6423289840467996,0.00044543429844097997,0.5,0.008185381807824132,0.100066952676241,0.295436200638712,0.6092555790120576,0.2437318828410028,0.4951944113342487
2021-02-26 15:20:00,0.5418410041841004,-0.17131474103585675,0.04631422189128798,0.008034279592929794,0.636138775830705,0.00011135857461024499,0.5,0.008185381807824132,0.100066952676241,0.295436200638712,0.6092555790120576,0.2437318828410028,0.6082502225508095
2021-02-26 15:30:00,0.5543933054393305,0.2669322709163344,0.04631422189128798,0.006248884127834309,0.6160107837876746,0.00011135857461024499,0.5,0.008185381807824132,0.100066952676241,0.295436200638712,0.6092555790120576,0.2437318828410028,0.6297810703562322
2021-02-26 15:40:00,0.5502092050209205,-0.09960159362549814,0.04571854058078917,0.007320121406891644,0.6434806506916544,0.00022271714922048998,0.5,0.008185381807824132,0.100066952676241,0.295436200638712,0.6092555790120576,0.2437318828410028,0.6089291911221087
2021-02-26 15:50:00,0.5083682008368201,-0.06772908366533881,0.04154877140729707,0.01696125691840744,0.6161678292392457,0.00011135857461024499,0.5,0.008185381807824132,0.100066952676241,0.295436200638712,0.6092555790120576,0.2437318828410028,0.5133228721879385
2021-02-26 16:00:00,0.4435146443514645,0.11553784860557759,0.034996276991809294,0.010176754151044465,0.613707450497965,0.00022271714922048998,0.5,0.04371259242558012,0.08301269802044213,0.24656875855440524,0.6709925636588264,0.21714259627989754,0.4186143005869306
2021-02-26 16:10:00,0.4776847977684798,-0.019920318725099695,0.032315711094564215,0.010533833244063429,0.6130269202078235,0.00011135857461024499,0.5,0.04371259242558012,0.08301269802044213,0.24656875855440524,0.6709925636588264,0.21714259627989754,0.4686241079107382
2021-02-26 16:20:00,0.5502092050209205,-0.12350597609561753,0.03201787043931481,0.005534725941795937,0.6108806323696849,0.00011135857461024499,0.5,0.04371259242558012,0.08301269802044213,0.24656875855440524,0.6709925636588264,0.21714259627989754,0.628370324546977
2021-02-26 16:30:00,0.5453277545327755,0.027888446215139417,0.03201787043931481,-0.005891805034815012,0.6060645718548376,0.00011135857461024499,0.5,0.04371259242558012,0.08301269802044213,0.24656875855440524,0.6709925636588264,0.21714259627989754,0.5914570665540082
2021-02-26 16:40:00,0.6743375174337517,-0.09960159362549814,0.023976172747579794,-0.008748437778968055,0.5815523942887804,0.0027839643652561247,0.5,0.04371259242558012,0.08301269802044213,0.24656875855440524,0.6709925636588264,0.21714259627989754,0.9325784208699851
2021-02-26 16:50:00,0.7329149232914923,-0.08366533864541836,0.005510052122114528,-0.024816996964827642,0.5739226027666173,0.015701559020044543,0.5,0.04371259242558012,0.08301269802044213,0.24656875855440524,0.6709925636588264,0.21714259627989754,0.933219668965101
2021-02-26 17:00:00,0.6715481171548118,-0.09960159362549814,-0.0040208488458676195,-0.031244420639171433,0.5693421104291266,0.0014476614699331849,0.5,0.042556307519487246,0.10249793825986198,0.2481001659109179,0.8136186678987779,0.1527695201004347,0.9338609170602169
2021-02-26 17:10:00,0.7161785216178521,0.03585657370517925,-0.011466865227103606,-0.031244420639171433,0.5719595346219785,0.0016703786191536749,0.5,0.042556307519487246,0.10249793825986198,0.2481001659109179,0.8136186678987779,0.1527695201004347,0.9980008147622856
2021-02-26 17:20:00,0.6806136680613668,0.09163346613545809,-0.01861504095309008,-0.03088734154615247,0.5679810498488438,0.0033407572383073497,0.5,0.042556307519487246,0.10249793825986198,0.2481001659109179,0.8136186678987779,0.1527695201004347,0.953309594580322
2021-02-26 17:30:00,0.6924686192468619,-0.1394422310756973,-0.024571854058079046,-0.03302981610426714,0.575676276975828,0.0038975501113585743,0.5,0.042556307519487246,0.10249793825986198,0.2481001659109179,0.8136186678987779,0.1527695201004347,0.9834557991460083
2021-02-26 17:40:00,0.6834030683403068,0.07569721115537842,-0.030230826507818387,-0.03660060703445822,0.5727840232427268,0.0020044543429844097,0.5,0.042556307519487246,0.10249793825986198,0.2481001659109179,0.8136186678987779,0.1527695201004347,0.9578888603889736
2021-02-26 17:50:00,0.6694560669456067,-0.05179282868525903,-0.037081161578555566,-0.04017139796464908,0.5743152163955452,0.0017817371937639199,0.5,0.042556307519487246,0.10249793825986198,0.2481001659109179,0.8136186678987779,0.1527695201004347,0.9189688730630536
2021-02-26 18:00:00,0.6506276150627616,0.15537848605577675,-0.043931496649292856,-0.03910016068559197,0.5737786444360106,0.000556792873051225,0.5,-0.17098978294809963,0.11414425571899324,0.272794046127623,0.8992950414586333,0.13204696759385795,0.8835116254507598
2021-02-26 18:10:00,0.6122733612273361,-0.01195219123505975,-0.04929262844378268,-0.04231387252276375,0.5736608603473322,0.0008908685968819599,0.5,-0.17098978294809963,0.11414425571899324,0.272794046127623,0.8992950414586333,0.13204696759385795,0.7863512228978379
2021-02-26 18:20:00,0.6889818688981869,-0.23505976095617542,-0.05316455696202538,-0.04588466345295483,0.5789218829749644,0.037416481069042315,0.5,-0.17098978294809963,0.11414425571899324,0.272794046127623,0.8992950414586333,0.13204696759385795,0.8211973987959624
2021-02-26 18:30:00,0.6471408647140864,-0.2270916334661356,-0.05763216679076699,-0.04374218889484016,0.5792752352409993,0.5335189309576838,0.5,-0.17098978294809963,0.11414425571899324,0.272794046127623,0.8992950414586333,0.13204696759385795,0.11144137483591593
2021-02-26 18:40:00,0.605997210599721,-0.3466135458167332,-0.030826507818317306,-0.02624531333690394,0.5792752352409993,0.9978841870824053,0.5,-0.17098978294809963,0.11414425571899324,0.272794046127623,0.8992950414586333,0.13204696759385795,0.0
2021-02-26 18:50:00,0.7405857740585774,-0.4661354581673308,-0.004616530156366427,-0.008034279592929794,0.5792752352409993,0.9978841870824053,0.5,-0.17098978294809963,0.11414425571899324,0.272794046127623,0.8992950414586333,0.13204696759385795,0.0
2021-02-26 19:00:00,0.7817294281729429,-0.5856573705179284,0.017125837676842837,-0.024102838778789493,0.5792752352409993,0.9978841870824053,0.5,-0.21767270146350026,0.13415534744990656,0.25280458945385853,0.8994299303556311,0.09835967493646504,0.0
2021-02-26 19:10:00,0.8654114365411437,-0.5574624578608643,0.016232315711094403,-0.044099267987859125,0.5792752352409993,0.9978841870824053,0.5,-0.21767270146350026,0.13415534744990656,0.25280458945385853,0.8995648192526291,0.09835967493646504,0.0
2021-02-26 19:20:00,0.7663877266387726,-0.5292675452038003,-0.022486969471332885,-0.06088198535975731,0.5792752352409993,0.9978841870824053,0.5,-0.21767270146350026,0.13415534744990656,0.25280458945385853,0.8996997081496271,0.09835967493646504,0.0
2021-02-26 19:30:00,0.8145048814504882,-0.5010726325467363,-0.06746090841399865,-0.07659346545259771,0.5792752352409993,0.9978841870824053,0.5,-0.21767270146350026,0.13415534744990656,0.25280458945385853,0.8998345970466249,0.09835967493646504,0.0
2021-02-26 19:40:00,0.8737796373779637,-0.4728777198896721,-0.09307520476545061,-0.09194786645241915,0.5792752352409993,0.9978841870824053,0.5,-0.21767270146350026,0.13415534744990656,0.25280458945385853,0.8999694859436229,0.09835967493646504,0.0
2021-02-26 19:50:00,0.6659693165969317,-0.4446828072326081,-0.0966492926284439,-0.10730226745224059,0.5792752352409993,0.9978841870824053,0.5,-0.21767270146350026,0.13415534744990656,0.25280458945385853,0.9001043748406208,0.09835967493646504,0.0
2021-02-26 20:00:00,0.9595536959553695,-0.41648789457554414,-0.1043931496649293,-0.12587038028923414,0.5792752352409993,0.9978841870824053,0.5,-0.26052034821959547,0.1720224018482374,0.25575999260420035,0.9002392637376188,0.08756486531415443,0.0
2021-02-26 20:10:00,0.9543235006973501,-0.38829298191848005,-0.12553983618763975,-0.16050705231208717,0.5792752352409993,0.9978841870824053,0.5,-0.26052034821959547,0.1720224018482374,0.25575999260420035,0.9003741526346167,0.08756486531415443,0.0
2021-02-26 20:20:00,0.9490934449093444,-0.36009806926141597,-0.13685778108711855,-0.18193179789323333,0.5792752352409993,0.9978841870824053,0.5,-0.26052034821959547,0.1720224018482374,0.25575999260420035,0.9005090867356687,0.08756486531415443,0.0
2021-02-26 20:30:00,0.9459553695955369,-0.331903156604352,-0.14906924795234555,-0.1951437243349402,0.5792752352409993,0.9978841870824053,0.5,-0.26052034821959547,0.1720224018482374,0.25575999260420035,0.9006440208367205,0.08756486531415443,0.0
2021-02-26 20:40:00,0.9428172942817294,-0.3037082439472879,-0.15979151154132543,-0.20728441349758975,0.5792752352409993,0.9978841870824053,0.5,-0.26052034821959547,0.1720224018482374,0.25575999260420035,0.9007789097337184,0.08756486531415443,0.0
2021-02-26 20:50:00,0.9396792189679218,-0.2755133312902238,-0.17319434102755038,-0.22656668452062123,0.5792752352409993,0.9978841870824053,0.5,-0.26052034821959547,0.1720224018482374,0.25575999260420035,0.9009137986307163,0.08756486531415443,0.0
2021-02-26 21:00:00,0.9365411436541143,-0.24731841863315984,-0.182427401340283,-0.23763613640421344,0.5491617699022392,0.6768374164810691,0.5,-0.2870253146613845,0.20427175315439236,0.27868354765554293,0.9010486875277143,0.08193472222822618,0.08255503417475143
2021-02-26 21:10:00,0.9442119944211994,-0.21912350597609564,-0.17170513775130314,-0.18907337975361538,0.5368467890748715,0.2184855233853007,0.5,-0.2870253146613845,0.20427175315439236,0.27868354765554293,0.9011835764247123,0.08193472222822618,0.35507038640855804
2021-02-26 21:20:00,0.9518828451882846,0.10756972111553775,-0.15711094564408057,-0.17550437421888943,0.5300938346573136,0.8734966592427617,0.5,-0.2870253146613845,0.20427175315439236,0.27868354765554293,0.9013184653217101,0.08193472222822618,0.03254522685094377
2021-02-26 21:30:00,0.9679218967921898,0.24302788844621515,-0.1586001489203277,-0.19300124977682553,0.5300938346573136,0.9996659242761693,0.5,-0.2870253146613845,0.20427175315439236,0.27868354765554293,0.9014533542187081,0.08193472222822618,0.0
2021-02-26 21:40:00,0.8688981868898188,0.2828685258964143,-0.16098287416232326,-0.21406891626495272,0.5300938346573136,0.9996659242761693,0.5,-0.2870253146613845,0.20427175315439236,0.27868354765554293,0.901588333523814,0.08193472222822618,0.0
2021-02-26 21:50:00,0.9386331938633194,0.298804780876494,-0.16902457185405817,-0.22978039635779324,0.5300938346573136,0.9996659242761693,0.5,-0.2870253146613845,0.20427175315439236,0.27868354765554293,0.9017231320127039,0.08193472222822618,0.0
2021-02-26 22:00:00,0.8702928870292888,0.6733067729083664,-0.17706626954579308,-0.24084984824138556,0.5300938346573136,0.9995545657015591,0.5,-0.3534627677794481,0.21283479930001253,0.2672053477008663,0.9018581113178098,0.08482776712583809,0.0
2021-02-26 22:10:00,0.9497907949790795,-0.14741035856573714,-0.18778853313477306,-0.22192465631137293,0.5416759367106829,0.14844097995545658,0.5,-0.3534627677794481,0.21283479930001253,0.2672053477008663,0.9019929098066998,0.08482776712583809,0.15832539945984278
2021-02-26 22:20:00,0.8640167364016736,-0.17131474103585675,-0.2166790766939689,-0.20549901803249415,0.5376189292117627,0.07171492204899778,0.5,-0.3534627677794481,0.21283479930001253,0.2672053477008663,0.9021278891118056,0.08482776712583809,0.31665079891968556
2021-02-26 22:30:00,0.9211994421199443,0.3705179282868525,-0.22710349962769927,-0.2126405998928762,0.534451845938412,0.10757238307349666,0.5,-0.3534627677794481,0.21283479930001253,0.2672053477008663,0.9022626876006956,0.08482776712583809,0.47497623610000456
2021-02-26 22:40:00,0.8305439330543933,-0.2509960159362551,-0.23008190618019375,-0.2062131762185324,0.5439923571213569,0.06826280623608018,0.5,-0.3534627677794481,0.21283479930001253,0.2672053477008663,0.9023976669058015,0.08482776712583809,0.6333015978393711
2021-02-26 22:50:00,0.798465829846583,0.043824701195219085,-0.2324646314221892,-0.20264238528834144,0.540210179162686,0.04933184855233853,0.5,-0.3534627677794481,0.21283479930001253,0.2672053477008663,0.9025324653946917,0.08482776712583809,0.7916270350196901
2021-02-26 23:00:00,0.6638772663877266,0.09163346613545809,-0.23425167535368596,-0.19728619889305476,0.5439792700003926,0.0073496659242761695,0.5,-0.3717190148964904,0.2345786147979762,0.22958631837928506,0.9026674446997974,0.09486120747735453,0.9499524722000091
2021-02-26 23:10:00,0.703626220362622,-0.23505976095617542,-0.23812360387192866,-0.1951437243349402,0.5439792700003926,0.22951002227171494,0.5,-0.3717190148964904,0.2345786147979762,0.22958631837928506,0.9026674446997974,0.09486120747735453,0.5595681759886537
2021-02-26 23:20:00,0.5383542538354253,-0.4342629482071714,-0.2288905435591959,-0.18514550973040522,0.5439792700003926,0.8133630289532295,0.5,-0.3717190148964904,0.2345786147979762,0.22958631837928506,0.9026674446997974,0.09486120747735453,0.0599981894171432
2021-02-26 23:30:00,0.4679218967921897,-0.019920318725099695,-0.23395383469843645,-0.17479021603285128,0.5439792700003926,0.022605790645879732,0.5,-0.3717190148964904,0.2345786147979762,0.22958631837928506,0.9026674446997974,0.09486120747735453,0.413770991444996
2021-02-26 23:40:00,0.4205020920502092,0.043824701195219085,-0.24616530156366356,-0.19407248705588287,0.5400531337111149,0.0035634743875278397,0.5,-0.3717190148964904,0.2345786147979762,0.22958631837928506,0.9026674446997974,0.09486120747735453,0.35305611298037026
2021-02-26 23:50:00,0.5502092050209205,0.06772908366533859,-0.2503350707371558,-0.20335654347437948,0.5369907474054784,0.005567928730512249,0.5,-0.3717190148964904,0.2345786147979762,0.22958631837928506,0.9026674446997974,0.09486120747735453,0.6511384039712118
2021-02-27 00:00:00,0.5411436541143654,0.22709163346613526,-0.24973938942665685,-0.2062131762185324,0.5327112588501655,0.00011135857461024499,0.5,-0.374430587718125,0.2782731381840037,0.2218843893969697,0.8633485065303026,0.09374426721624607,0.65872776377929
2021-02-27 00:10:00,0.5083682008368201,0.01195219123505975,-0.2556962025316457,-0.2065702553115515,0.5364541754459436,0.00044543429844097997,0.5,-0.374430587718125,0.2782731381840037,0.2218843893969697,0.8633485065303026,0.09374426721624607,0.5749430420809633
2021-02-27 00:20:00,0.5083682008368201,0.1633466135458166,-0.25748324646314225,-0.2129976789858954,0.5391239481226525,0.00022271714922048998,0.5,-0.374430587718125,0.2782731381840037,0.2218843893969697,0.8633485065303026,0.09374426721624607,0.5437255759916714
2021-02-27 00:30:00,0.5076708507670851,0.019920318725099362,-0.2598659717051379,-0.2129976789858954,0.5439792700003926,0.000556792873051225,0.5,-0.374430587718125,0.2782731381840037,0.2218843893969697,0.8633485065303026,0.09374426721624607,0.6257600675950934
2021-02-27 00:40:00,0.1589958158995816,0.06772908366533859,-0.2548026805658973,-0.20906980896268523,0.5736739474682965,0.21859688195991092,0.5,-0.374430587718125,0.2782731381840037,0.2218843893969697,0.8633485065303026,0.09374426721624607,0.021983493519622192
2021-02-27 00:50:00,0.15760111576011157,0.5139442231075697,-0.22948622486969483,-0.1676486341724691,0.5491879441441677,0.00011135857461024499,0.5,-0.374430587718125,0.2782731381840037,0.2218843893969697,0.8633485065303026,0.09374426721624607,0.0415227001825671
2021-02-27 01:00:00,0.0899581589958159,-0.29083665338645437,-0.21757259865971712,-0.14765220496339948,0.5596314666736465,0.26859688195991094,0.5,-0.4280268012085826,0.30322953273928316,0.2378230225207934,0.7499106508874647,0.09477536868084045,0.003945561808772274
2021-02-27 01:10:00,0.11506276150627615,0.07038512616201853,-0.2169769173492183,-0.12729869666131055,0.553951656175158,0.9995545657015591,0.5,-0.4280268012085826,0.30322953273928316,0.2378230225207934,0.7499106508874647,0.09477536868084045,0.0
2021-02-27 01:20:00,0.09414225941422595,0.43160690571049143,-0.20565897244973952,-0.1247991430101768,0.553951656175158,0.9995545657015591,0.5,-0.4280268012085826,0.30322953273928316,0.2378230225207934,0.7499106508874647,0.09477536868084045,0.0
2021-02-27 01:30:00,0.060669456066945605,0.7928286852589641,-0.20804169769173497,-0.1312265666845207,0.553951656175158,0.9995545657015591,0.5,-0.4280268012085826,0.30322953273928316,0.2378230225207934,0.7499106508874647,0.09477536868084045,0.0
2021-02-27 01:40:00,0.11366806136680613,0.3784860557768923,-0.19851079672375294,-0.14158186038207465,0.553951656175158,0.9995545657015591,0.5,-0.4280268012085826,0.30322953273928316,0.2378230225207934,0.7499106508874647,0.09477536868084045,0.0
2021-02-27 01:50:00,0.09414225941422595,-0.03585657370517936,-0.20029784065524958,-0.15550794500981968,0.553951656175158,0.9995545657015591,0.5,-0.4280268012085826,0.30322953273928316,0.2378230225207934,0.7499106508874647,0.09477536868084045,0.0
2021-02-27 02:00:00,0.10251046025104603,-0.45019920318725115,-0.19851079672375294,-0.1647920014283163,0.553951656175158,0.9995545657015591,0.5,-0.4252989187261923,0.34651889186137236,0.24539801056539193,0.6187703452676979,0.11510901862965474,0.0
2021-02-27 02:10:00,0.1903765690376569,-0.8645418326693228,-0.20268056589724515,-0.17300482056775568,0.5125178312023138,0.5064587973273942,0.5,-0.4252989187261923,0.34651889186137236,0.24539801056539193,0.6187703452676979,0.11510901862965474,0.0
2021-02-27 02:20:00,0.11924686192468618,0.25099601593625476,-0.20327624720774395,-0.17371897875379394,0.5159204826530212,0.5289532293986637,0.5,-0.4252989187261923,0.34651889186137236,0.24539801056539193,0.6187703452676979,0.11510901862965474,0.0
2021-02-27 02:30:00,0.23500697350069735,0.3784860557768923,-0.20446760982874168,-0.16193536868416358,0.5250945544489668,0.3349665924276169,0.5,-0.4252989187261923,0.34651889186137236,0.24539801056539193,0.6187703452676979,0.11510901862965474,0.03493670504096444
2021-02-27 02:40:00,0.07740585774058578,0.4884462151394422,-0.18332092330603145,-0.129441171219425,0.5438222245488215,0.5929844097995546,0.5,-0.4252989187261923,0.34651889186137236,0.24539801056539193,0.6187703452676979,0.11510901862965474,0.0
2021-02-27 02:50:00,0.055090655509065556,0.5984063745019919,-0.19195830230826516,-0.1169434029637566,0.5415319783800762,0.9978841870824053,0.5,-0.4252989187261923,0.34651889186137236,0.24539801056539193,0.6187703452676979,0.11510901862965474,0.0
2021-02-27 03:00:00,0.0299860529986053,0.7083665338645415,-0.20982874162323173,-0.129441171219425,0.5415319783800762,0.9978841870824053,0.5,-0.42266879414906766,0.3563060513150609,0.26608938341324523,0.523117572612416,0.13516188597513942,0.0
2021-02-27 03:10:00,0.021617852161785217,0.4948207171314738,-0.2202531645569621,-0.14372433494018932,0.5415319783800762,0.9978841870824053,0.5,-0.42266879414906766,0.3563060513150609,0.26608938341324523,0.523117572612416,0.13516188597513942,0.0
2021-02-27 03:20:00,0.04741980474198048,0.2812749003984061,-0.2211466865227104,-0.15515086591680072,0.5415319783800762,0.9978841870824053,0.5,-0.42266879414906766,0.3563060513150609,0.26608938341324523,0.523117572612416,0.13516188597513942,0.0
2021-02-27 03:30:00,0.09553695955369597,0.06772908366533836,-0.22501861504095322,-0.1647920014283163,0.5415319783800762,0.9978841870824053,0.5,-0.42266879414906766,0.3563060513150609,0.26608938341324523,0.523117572612416,0.13516188597513942,0.0
2021-02-27 03:40:00,0.11785216178521618,-0.7928286852589642,-0.2241250930752049,-0.1744331369398322,0.5415319783800762,0.9978841870824053,0.5,-0.42266879414906766,0.3563060513150609,0.26608938341324523,0.523117572612416,0.13516188597513942,0.0
2021-02-27 03:50:00,0.07182705718270573,-0.2828685258964144,-0.2276991809381982,-0.18764506338153897,0.5415319783800762,0.9978841870824053,0.5,-0.42266879414906766,0.3563060513150609,0.26608938341324523,0.523117572612416,0.13516188597513942,0.0
2021-02-27 04:00:00,0.0808926080892608,0.22709163346613526,-0.23484735666418477,-0.1951437243349402,0.5415319783800762,0.9978841870824053,0.5,-0.4605981609773524,0.3720011379081453,0.3131857394474481,0.49927062598966465,0.14237371451289377,0.0
2021-02-27 04:10:00,0.09205020920502092,0.18418633159669007,-0.23752792256142974,-0.204784859846456,0.5415319783800762,0.9978841870824053,0.5,-0.4605981609773524,0.3720011379081453,0.3131857394474481,0.49927062598966465,0.14237371451289377,0.0
2021-02-27 04:20:00,0.1087866108786611,0.14128102972724466,-0.23842144452717806,-0.21692554900910554,0.5415319783800762,0.9978841870824053,0.5,-0.4605981609773524,0.3720011379081453,0.3131857394474481,0.49927062598966465,0.14237371451289377,0.0
2021-02-27 04:30:00,0.13528591352859135,0.09837572785779947,-0.2405063291139241,-0.22978039635779324,0.5415319783800762,0.9978841870824053,0.5,-0.4605981609773524,0.3720011379081453,0.3131857394474481,0.49927062598966465,0.14237371451289377,0.0
2021-02-27 04:40:00,0.13598326359832635,0.055470425988354055,-0.24437825763216692,-0.2415640064274236,0.5415319783800762,0.9978841870824053,0.5,-0.4605981609773524,0.3720011379081453,0.3131857394474481,0.49927062598966465,0.14237371451289377,0.0
2021-02-27 04:50:00,0.11715481171548117,0.012565124118908866,-0.2551005212211468,-0.2512051419389395,0.5415319783800762,0.9978841870824053,0.5,-0.4605981609773524,0.3720011379081453,0.3131857394474481,0.49927062598966465,0.14237371451289377,0.0
2021-02-27 05:00:00,0.12691771269177127,-0.030340177750536435,-0.25748324646314225,-0.25870380289234074,0.5415319783800762,0.9978841870824053,0.5,-0.4713792803270471,0.3776590700761771,0.3359766469255121,0.5028248399358307,0.11550330578900293,0.0
2021-02-27 05:10:00,0.10808926080892609,-0.07324547961998173,-0.26463142218912894,-0.26334583110158893,0.5415319783800762,0.9978841870824053,0.5,-0.4713792803270471,0.3776590700761771,0.3359766469255121,0.5028248399358307,0.11550330578900293,0.0
2021-02-27 05:20:00,0.08228730822873082,-0.11615078148942704,-0.27326880119136276,-0.26655954293876094,0.5415319783800762,0.9978841870824053,0.5,-0.4713792803270471,0.3776590700761771,0.3359766469255121,0.5028248399358307,0.11550330578900293,0.0
2021-02-27 05:30:00,0.10181311018131102,-0.15905608335887222,-0.28041697691734935,-0.2687020174968755,0.5415319783800762,0.9978841870824053,0.5,-0.4713792803270471,0.3776590700761771,0.3359766469255121,0.5028248399358307,0.11550330578900293,0.0
2021-02-27 05:40:00,0.10529986052998605,-0.20196138522831752,-0.2830975428145942,-0.2751294411712194,0.5415319783800762,0.9978841870824053,0.5,-0.4713792803270471,0.3776590700761771,0.3359766469255121,0.5028248399358307,0.11550330578900293,0.0
2021-02-27 05:50:00,0.15202231520223153,-0.24486668709776283,-0.28071481757259875,-0.2844134975897161,0.5415319783800762,0.9978841870824053,0.5,-0.4713792803270471,0.3776590700761771,0.3359766469255121,0.5028248399358307,0.11550330578900293,0.0
2021-02-27 06:00:00,0.22384937238493724,-0.2877719889672081,-0.28399106478034264,-0.29548294947330833,0.5926764471084006,0.6645879732739421,0.5,-0.48939128276982735,0.39335990368009877,0.34252646959498234,0.4799829150446327,0.11521495478886301,0.013285151711755209
2021-02-27 06:10:00,0.24755927475592746,-0.33067729083665354,-0.2702903946388683,-0.26620246384574175,0.6204080564316656,0.00044543429844097997,0.5,-0.48939128276982735,0.39335990368009877,0.34252646959498234,0.4799829150446327,0.11521495478886301,0.09508577636284081
2021-02-27 06:20:00,0.2775453277545328,-0.019920318725099695,-0.25331347728965015,-0.22978039635779324,0.624779154833728,0.00033407572383073496,0.5,-0.48939128276982735,0.39335990368009877,0.34252646959498234,0.4799829150446327,0.11521495478886301,0.12914736635635288
2021-02-27 06:30:00,0.28451882845188287,-0.0916334661354582,-0.243782576321668,-0.21049812533476164,0.6283912002198636,0.00033407572383073496,0.5,-0.48939128276982735,0.39335990368009877,0.34252646959498234,0.4799829150446327,0.11521495478886301,0.13331170692698827
2021-02-27 06:40:00,0.29776847977684795,-0.40239043824701204,-0.23901712583767698,-0.19621496161399754,0.6283912002198636,0.000779510022271715,0.5,-0.48939128276982735,0.39335990368009877,0.34252646959498234,0.4799829150446327,0.11521495478886301,0.1557553902560466
2021-02-27 06:50:00,0.32914923291492326,-0.15537848605577698,-0.23425167535368596,-0.1919300124977681,0.6283912002198636,0.0036748329621380848,0.5,-0.48939128276982735,0.39335990368009877,0.34252646959498234,0.4799829150446327,0.11521495478886301,0.20959759796007665
2021-02-27 07:00:00,0.37099023709902373,-0.2749003984063746,-0.2321667907669398,-0.1855025888234243,0.6210100639960214,0.0023385300668151447,0.5,-0.4927379984744297,0.4155433655070152,0.3419385593180038,0.478714317515286,0.13136757303300284,0.2617423842358586
2021-02-27 07:10:00,0.3682008368200837,-0.3944223107569722,-0.2285927029039465,-0.18336011426530985,0.6008558977110625,0.0034521158129175947,0.5,-0.4927379984744297,0.4155433655070152,0.3419385593180038,0.478714317515286,0.13136757303300284,0.2588152752840352
2021-02-27 07:20:00,0.3138075313807531,0.4422310756972112,-0.2503350707371558,-0.1887163006605963,0.580165159466569,0.0014476614699331849,0.5,-0.4927379984744297,0.4155433655070152,0.3419385593180038,0.478714317515286,0.13136757303300284,0.17495511263334187
2021-02-27 07:30:00,0.3458856345885635,0.33864541832669315,-0.3209233060312734,-0.2594179610783788,0.6040360681053775,0.00033407572383073496,0.5,-0.4927379984744297,0.4155433655070152,0.3419385593180038,0.478714317515286,0.13136757303300284,0.2157309473874798
2021-02-27 07:40:00,0.38354253835425384,-0.13147410358565736,-0.3524944154877142,-0.29048384217104095,0.6158668254570677,0.00022271714922048998,0.5,-0.4927379984744297,0.4155433655070152,0.3419385593180038,0.478714317515286,0.13136757303300284,0.2637792899497563
2021-02-27 07:50:00,0.3451882845188285,-0.10756972111553798,-0.3682799702159346,-0.30619532226388146,0.6053840415646963,0.00022271714922048998,0.5,-0.4927379984744297,0.4155433655070152,0.3419385593180038,0.478714317515286,0.13136757303300284,0.21708134043484165
2021-02-27 08:00:00,0.36262203626220363,-0.06772908366533881,-0.3748324646314223,-0.3136939832172826,0.5917210872780096,0.00022271714922048998,0.5,-0.48727616324736356,0.429959742189093,0.33151951092357845,0.4977435426389997,0.14526189943105816,0.23896676071638728
2021-02-27 08:10:00,0.3054393305439331,0.4183266932270917,-0.37602382725242,-0.3244063560078556,0.5851644396749159,0.00022271714922048998,0.5,-0.48727616324736356,0.429959742189093,0.33151951092357845,0.4977435426389997,0.14526189943105816,0.16142100577877697
2021-02-27 08:20:00,0.29428172942817293,-0.09960159362549814,-0.37781087118391665,-0.3372612033565434,0.5983169962439964,0.00022271714922048998,0.5,-0.48727616324736356,0.429959742189093,0.33151951092357845,0.4977435426389997,0.14526189943105816,0.15214931273292395
2021-02-27 08:30:00,0.23570432357043236,0.08366533864541825,-0.3790022338049145,-0.3436886270308872,0.5983169962439964,0.00022271714922048998,0.5,-0.48727616324736356,0.429959742189093,0.33151951092357845,0.4977435426389997,0.14526189943105816,0.09502542360094754
2021-02-27 08:40:00,0.2684797768479777,-0.21115537848605592,-0.3790022338049145,-0.34618818068202095,0.5759380193951134,0.00022271714922048998,0.5,-0.48727616324736356,0.429959742189093,0.33151951092357845,0.4977435426389997,0.14526189943105816,0.12156555064351132
2021-02-27 08:50:00,0.34239888423988846,0.2111553784860556,-0.3790022338049145,-0.35118728798428844,0.5926110115035794,0.00022271714922048998,0.5,-0.48727616324736356,0.429959742189093,0.33151951092357845,0.4977435426389997,0.14526189943105816,0.20323792567557372
2021-02-27 09:00:00,0.402370990237099,0.06772908366533859,-0.3793000744601639,-0.34333154793786824,0.6058551779194096,0.00022271714922048998,0.5,-0.4796850000817151,0.44328131330691556,0.3184189778857727,0.5010507616343626,0.16678111371784188,0.2939707590868627
2021-02-27 09:10:00,0.42398884239888424,-0.14741035856573714,-0.38495904690990335,-0.3394036779146581,0.6161285678763528,0.00022271714922048998,0.5,-0.4796850000817151,0.44328131330691556,0.3184189778857727,0.5010507616343626,0.16678111371784188,0.33821687764986347
2021-02-27 09:20:00,0.39609483960948394,0.09960159362549792,-0.3918093819806404,-0.34011783610069624,0.602701181767023,0.00022271714922048998,0.5,-0.4796850000817151,0.44328131330691556,0.3184189778857727,0.5010507616343626,0.16678111371784188,0.2950948292771248
2021-02-27 09:30:00,0.3633193863319386,0.19521912350597592,-0.3956813104988832,-0.3476164970540975,0.6028320529766656,0.00022271714922048998,0.5,-0.4796850000817151,0.44328131330691556,0.3184189778857727,0.5010507616343626,0.16678111371784188,0.22724323671862037
2021-02-27 09:40:00,0.3633193863319386,0.10756972111553775,-0.398957557706627,-0.35083020889126937,0.6086950831686537,0.00022271714922048998,0.5,-0.4796850000817151,0.44328131330691556,0.3184189778857727,0.5010507616343626,0.16678111371784188,0.24870618766691313
2021-02-27 09:50:00,0.3410041841004184,0.10756972111553775,-0.40104244229337316,-0.35582931619353686,0.6141524126107497,0.00022271714922048998,0.5,-0.4796850000817151,0.44328131330691556,0.3184189778857727,0.5010507616343626,0.16678111371784188,0.2180847051013172
2021-02-27 10:00:00,0.4072524407252441,-0.1394422310756973,-0.4028294862248698,-0.3536868416354222,0.6126866550627527,0.00022271714922048998,0.5,-0.4390033696626302,0.45298514110348403,0.26804156003184054,0.5298423627396536,0.17578607571545488,0.32037509241516665
2021-02-27 10:10:00,0.45676429567642957,-0.019920318725099695,-0.39657483246463154,-0.3490448134261739,0.6028844014605227,0.00022271714922048998,0.5,-0.4390033696626302,0.45298514110348403,0.26804156003184054,0.5298423627396536,0.17578607571545488,0.4185162273488541
2021-02-27 10:20:00,0.4776847977684798,0.09960159362549792,-0.38883097542814604,-0.34475986430994454,0.6230778291083745,0.00022271714922048998,0.5,-0.4390033696626302,0.45298514110348403,0.26804156003184054,0.5298423627396536,0.17578607571545488,0.46745477314905626
2021-02-27 10:30:00,0.5104602510460251,-0.1633466135458168,-0.3870439314966494,-0.33511872879842897,0.6184973367708838,0.00022271714922048998,0.5,-0.4390033696626302,0.45298514110348403,0.26804156003184054,0.5298423627396536,0.17578607571545488,0.5611222596074052
2021-02-27 10:40:00,0.49721059972105996,-0.019920318725099695,-0.3822784810126584,-0.3315479378682379,0.6156966928845323,0.00022271714922048998,0.5,-0.4390033696626302,0.45298514110348403,0.26804156003184054,0.5298423627396536,0.17578607571545488,0.5189733995201955
2021-02-27 10:50:00,0.5432357043235705,0.09163346613545809,-0.3790022338049145,-0.32547759328691306,0.614361806546178,0.00022271714922048998,0.5,-0.4390033696626302,0.45298514110348403,0.26804156003184054,0.5298423627396536,0.17578607571545488,0.6511685803521584
2021-02-27 11:00:00,0.47698744769874474,-0.17131474103585675,-0.3763216679076695,-0.32083556507766464,0.6184449882870268,0.00022271714922048998,0.5,-0.39531699276538135,0.443827279336337,0.2678243274381252,0.5320248506277828,0.21724403786120056,0.4676509196252093
2021-02-27 11:10:00,0.41143654114365413,-0.17928286852589637,-0.37334326135517504,-0.3136939832172826,0.6184449882870268,0.00022271714922048998,0.5,-0.39531699276538135,0.443827279336337,0.2678243274381252,0.5320248506277828,0.21724403786120056,0.34756401164808304
2021-02-27 11:20:00,0.4916317991631799,-0.1633466135458168,-0.368577810871184,-0.31083735047312977,0.6160107837876746,0.00022271714922048998,0.5,-0.39531699276538135,0.443827279336337,0.2678243274381252,0.5320248506277828,0.21724403786120056,0.49117340857310987
2021-02-27 11:30:00,0.5216178521617852,0.08366533864541825,-0.36262099776619516,-0.30619532226388146,0.6153171663765687,0.00022271714922048998,0.5,-0.39531699276538135,0.443827279336337,0.2678243274381252,0.5320248506277828,0.21724403786120056,0.5926037690299802
2021-02-27 11:40:00,0.5739191073919108,-0.21912350597609564,-0.3572598659717052,-0.3004820567755758,0.6245043252934788,0.00022271714922048998,0.5,-0.39531699276538135,0.443827279336337,0.2678243274381252,0.5320248506277828,0.21724403786120056,0.6854640372980069
2021-02-27 11:50:00,0.5299860529986052,0.03585657370517925,-0.3518987341772153,-0.29976789858953756,0.6262841737446179,0.00022271714922048998,0.5,-0.39531699276538135,0.443827279336337,0.2678243274381252,0.5320248506277828,0.21724403786120056,0.6047271300752901
2021-02-27 12:00:00,0.5390516039051604,-0.02788844621513953,-0.3492181682799703,-0.28905552579896443,0.6263757835913677,0.00022271714922048998,0.5,-0.36158117658359634,0.4450054165577122,0.29350723100473436,0.5440208764457543,0.2554229943813266,0.6332588982603317
2021-02-27 12:10:00,0.5453277545327755,-0.03585657370517936,-0.34266567386448255,-0.2861988930548115,0.6300140032194317,0.00022271714922048998,0.5,-0.36158117658359634,0.4450054165577122,0.29350723100473436,0.5440208764457543,0.2554229943813266,0.6390603074973219
2021-02-27 12:20:00,0.606694560669456,-0.06772908366533881,-0.33521965748324656,-0.2844134975897161,0.6203557079478085,0.00022271714922048998,0.5,-0.36158117658359634,0.4450054165577122,0.29350723100473436,0.5440208764457543,0.2554229943813266,0.8030010410851427
2021-02-27 12:30:00,0.5181311018131102,0.36254980079681287,-0.32747580044676106,-0.2779860739153722,0.6245959351402285,0.00011135857461024499,0.5,-0.36158117658359634,0.4450054165577122,0.29350723100473436,0.5440208764457543,0.2554229943813266,0.5876246661737857
2021-02-27 12:40:00,0.5125523012552301,0.003984063745019917,-0.32002978406552507,-0.2719157293340474,0.627147923728259,0.00011135857461024499,0.5,-0.36158117658359634,0.4450054165577122,0.29350723100473436,0.5440208764457543,0.2554229943813266,0.5433483712298385
2021-02-27 12:50:00,0.4916317991631799,-0.05179282868525903,-0.3104988830975429,-0.26620246384574175,0.6264281320752247,0.00011135857461024499,0.5,-0.36158117658359634,0.4450054165577122,0.29350723100473436,0.5440208764457543,0.2554229943813266,0.5352233806599574
2021-02-27 13:00:00,0.4602510460251046,0.06772908366533859,-0.29947877885331353,-0.2547759328691306,0.6315713706141786,0.00022271714922048998,0.5,-0.2367513690609404,0.43567227096006733,0.2212083433040938,0.5573482520607709,0.27115725314596284,0.459314694388702
2021-02-27 13:10:00,0.5348675034867504,-0.059760956175298974,-0.29530900967982143,-0.2447777182645956,0.6411511431600162,0.00011135857461024499,0.5,-0.2367513690609404,0.43567227096006733,0.2212083433040938,0.5573482520607709,0.27115725314596284,0.5521523303710186
2021-02-27 13:20:00,0.5313807531380753,-0.059760956175298974,-0.2905435591958303,-0.24370648098553827,0.6336783970894243,0.00011135857461024499,0.5,-0.2367513690609404,0.43567227096006733,0.2212083433040938,0.5573482520607709,0.27115725314596284,0.6131916049308206
2021-02-27 13:30:00,0.46443514644351463,-0.11553784860557781,-0.28041697691734935,-0.2447777182645956,0.6370287000562745,0.00011135857461024499,0.5,-0.2367513690609404,0.43567227096006733,0.2212083433040938,0.5573482520607709,0.27115725314596284,0.4485492704859907
2021-02-27 13:40:00,0.5104602510460251,-0.11553784860557781,-0.27207743857036504,-0.23549366184609888,0.634974022064886,0.00011135857461024499,0.5,-0.2367513690609404,0.43567227096006733,0.2212083433040938,0.5573482520607709,0.27115725314596284,0.5219608612339123
2021-02-27 13:50:00,0.49860529986053004,0.12350597609561742,-0.2622486969471334,-0.2194251026602393,0.6330240410412113,0.00011135857461024499,0.5,-0.2367513690609404,0.43567227096006733,0.2212083433040938,0.5573482520607709,0.27115725314596284,0.5079891968556212
2021-02-27 14:00:00,0.4895397489539749,-0.02788844621513953,-0.25420699925539847,-0.2237100517764684,0.63861224169295,0.00022271714922048998,0.5,-0.23544039252583948,0.4192875430666617,0.22565964585634218,0.5990808154870713,0.2988577560850068,0.498498725047905
2021-02-27 14:10:00,0.5237099023709902,0.01195219123505975,-0.2509307520476546,-0.22942331726477416,0.646948737747183,0.00011135857461024499,0.5,-0.23544039252583948,0.4192875430666617,0.22565964585634218,0.5990808154870713,0.2988577560850068,0.5932374730298595
2021-02-27 14:20:00,0.5271966527196652,0.03585657370517925,-0.24646314221891308,-0.2240671308694876,0.6469618248681472,0.00011135857461024499,0.5,-0.23544039252583948,0.4192875430666617,0.22565964585634218,0.5990808154870713,0.2988577560850068,0.5807972599846101
2021-02-27 14:30:00,0.5760111576011158,-0.03585657370517936,-0.2440804169769174,-0.22121049812533466,0.6488071089241078,0.00022271714922048998,0.5,-0.23544039252583948,0.4192875430666617,0.22565964585634218,0.5990808154870713,0.2988577560850068,0.7013066372949892
2021-02-27 14:40:00,0.5760111576011158,-0.13147410358565736,-0.2479523454951601,-0.21799678628816288,0.6428655560063342,0.00011135857461024499,0.5,-0.23544039252583948,0.4192875430666617,0.22565964585634218,0.5990808154870713,0.2988577560850068,0.7230185433860917
2021-02-27 14:50:00,0.5313807531380753,0.01195219123505975,-0.2431868950111692,-0.21799678628816288,0.6438732643205821,0.00011135857461024499,0.5,-0.23544039252583948,0.4192875430666617,0.22565964585634218,0.5990808154870713,0.2988577560850068,0.6125503568357047
2021-02-27 15:00:00,0.5104602510460251,-0.10756972111553798,-0.23723008190618022,-0.21406891626495272,0.6570781693735196,0.00011135857461024499,0.5,-0.23211809128273653,0.40260109710437,0.21854118865667957,0.6010284773557217,0.31089983261110954,0.5713520527483139
2021-02-27 15:10:00,0.5509065550906556,0.1394422310756971,-0.2357408786299332,-0.21371183717193354,0.643964874167332,0.00022271714922048998,0.5,-0.23211809128273653,0.40260109710437,0.21854118865667957,0.6010284773557217,0.31089983261110954,0.6711528886340661
2021-02-27 15:20:00,0.5432357043235705,-0.24302788844621515,-0.23037974683544316,-0.21192644170683805,0.6589365405504443,0.00044543429844097997,0.5,-0.23211809128273653,0.40260109710437,0.21854118865667957,0.6010284773557217,0.31089983261110954,0.6672375032062405
2021-02-27 15:30:00,0.6478382147838214,0.027888446215139417,-0.22561429635145203,-0.21335475807891446,0.6537671277695619,0.0024498886414253897,0.5,-0.23211809128273653,0.40260109710437,0.21854118865667957,0.6010284773557217,0.31089983261110954,0.8638818896449748
2021-02-27 15:40:00,0.6820083682008368,0.027888446215139417,-0.2241250930752049,-0.20906980896268523,0.6538456504953475,0.0064587973273942095,0.5,-0.23211809128273653,0.40260109710437,0.21854118865667957,0.6010284773557217,0.31089983261110954,0.945607073343694
2021-02-27 15:50:00,0.5843793584379359,-0.059760956175298974,-0.22680565897244986,-0.204784859846456,0.6490819384643572,0.00044543429844097997,0.5,-0.23211809128273653,0.40260109710437,0.21854118865667957,0.6010284773557217,0.31089983261110954,0.7433574241441224
2021-02-27 16:00:00,0.5648535564853556,-0.1394422310756973,-0.22501861504095322,-0.19657204070701662,0.6537540406485977,0.00011135857461024499,0.5,-0.19095604296278168,0.38194346665440787,0.19192024101785074,0.6441467891375953,0.3031700575295774,0.6646046139686468
2021-02-27 16:10:00,0.5857740585774059,-0.02788844621513953,-0.22144452717795982,-0.18800214247455804,0.6460719006425776,0.00022271714922048998,0.5,-0.19095604296278168,0.38194346665440787,0.19192024101785074,0.6441467891375953,0.3031700575295774,0.7011482112950194
2021-02-27 16:20:00,0.603905160390516,-0.11553784860557781,-0.21995532390171268,-0.19085877521871086,0.6431665597885122,0.0012249443207126948,0.5,-0.19095604296278168,0.38194346665440787,0.19192024101785074,0.6441467891375953,0.3031700575295774,0.7602260210932903
2021-02-27 16:30:00,0.605997210599721,-0.019920318725099695,-0.21608339538346988,-0.18621674700946256,0.6471712188035754,0.000779510022271715,0.5,-0.19095604296278168,0.38194346665440787,0.19192024101785074,0.6441467891375953,0.3031700575295774,0.7687961132821342
2021-02-27 16:40:00,0.6269177126917713,0.10756972111553775,-0.21518987341772167,-0.18907337975361538,0.6513067490282812,0.0036748329621380848,0.5,-0.19095604296278168,0.38194346665440787,0.19192024101785074,0.6441467891375953,0.3031700575295774,0.814166302035397
2021-02-27 16:50:00,0.5543933054393305,-0.10756972111553798,-0.21906180193596436,-0.19228709159078738,0.6408239651359097,0.00022271714922048998,0.5,-0.19095604296278168,0.38194346665440787,0.19192024101785074,0.6441467891375953,0.3031700575295774,0.6473286358766993
2021-02-27 17:00:00,0.5188284518828452,-0.003984063745020028,-0.2211466865227104,-0.18443135154436707,0.6390048553218777,0.00022271714922048998,0.5,-0.19777971818640583,0.3749177459074122,0.18009076594082069,0.6673845930516986,0.295833817408173,0.5636042669402659
2021-02-27 17:10:00,0.5251046025104603,-0.2589641434262948,-0.21876396128071496,-0.18121763970719518,0.6404051772650535,0.00022271714922048998,0.5,-0.19777971818640583,0.3749177459074122,0.18009076594082069,0.6673845930516986,0.295833817408173,0.58389033903164
2021-02-27 17:20:00,0.496513249651325,0.10756972111553775,-0.21459419210722275,-0.1901446170326727,0.6362303856774548,0.00011135857461024499,0.5,-0.19777971818640583,0.3749177459074122,0.18009076594082069,0.6673845930516986,0.295833817408173,0.5317304645653848
2021-02-27 17:30:00,0.5083682008368201,-0.17131474103585675,-0.21518987341772167,-0.1937154079628638,0.6445276203687951,0.00011135857461024499,0.5,-0.19777971818640583,0.3749177459074122,0.18009076594082069,0.6673845930516986,0.295833817408173,0.5276641972328259
2021-02-27 17:40:00,0.5313807531380753,0.24302788844621515,-0.21518987341772167,-0.19942867345116932,0.6346599311617438,0.00011135857461024499,0.5,-0.19777971818640583,0.3749177459074122,0.18009076594082069,0.6673845930516986,0.295833817408173,0.6322178131176728
2021-02-27 17:50:00,0.5202231520223152,-0.11553784860557781,-0.21846612062546544,-0.20264238528834144,0.6377354045883445,0.00011135857461024499,0.5,-0.19777971818640583,0.3749177459074122,0.18009076594082069,0.6673845930516986,0.295833817408173,0.56582977503508
2021-02-27 18:00:00,0.5209205020920502,-0.019920318725099695,-0.22352941176470598,-0.2029994643813604,0.6387169386606639,0.00011135857461024499,0.5,-0.28689500414078606,0.3854893723402121,0.25201453746387226,0.6535402729164778,0.3047227203734346,0.572498755224286
2021-02-27 18:10:00,0.4839609483960949,0.10756972111553775,-0.22740134028294878,-0.2062131762185324,0.6364266924919186,0.00011135857461024499,0.5,-0.28689500414078606,0.3854893723402121,0.25201453746387226,0.6535402729164778,0.3047227203734346,0.5126589918071126
2021-02-27 18:20:00,0.45746164574616455,0.10756972111553775,-0.23008190618019375,-0.21085520442778072,0.6422242870790855,0.00011135857461024499,0.5,-0.28689500414078606,0.3854893723402121,0.25201453746387226,0.6535402729164778,0.3047227203734346,0.4501108981999789
2021-02-27 18:30:00,0.5,0.027888446215139417,-0.2318689501116903,-0.21228352079985702,0.6401041734828755,0.00011135857461024499,0.5,-0.28689500414078606,0.3854893723402121,0.25201453746387226,0.6535402729164778,0.3047227203734346,0.56585240732079
2021-02-27 18:40:00,0.5111576011157601,-0.059760956175298974,-0.23425167535368596,-0.21549723263702913,0.6431796469094764,0.00011135857461024499,0.5,-0.28689500414078606,0.3854893723402121,0.25201453746387226,0.6535402729164778,0.3047227203734346,0.6183743983584049
2021-02-27 18:50:00,0.5251046025104603,0.043824701195219085,-0.23723008190618022,-0.21656846991608647,0.6415175825470155,0.00011135857461024499,0.5,-0.28689500414078606,0.3854893723402121,0.25201453746387226,0.6535402729164778,0.3047227203734346,0.6195286449296137
2021-02-27 19:00:00,0.5425383542538355,0.003984063745019917,-0.24080416976917363,-0.22049633993929663,0.646948737747183,0.00011135857461024499,0.5,-0.29655242455281017,0.3859031571204039,0.23953323779157262,0.7005257191876068,0.2955586419818172,0.6451785687342517
2021-02-27 19:10:00,0.48884239888423986,-0.10756972111553798,-0.2431868950111692,-0.222281735404392,0.6449594953606157,0.00011135857461024499,0.5,-0.29655242455281017,0.3859031571204039,0.23953323779157262,0.7005257191876068,0.2955586419818172,0.5180152994251399
2021-02-27 19:20:00,0.49023709902370993,-0.23505976095617542,-0.2473566641846613,-0.2240671308694876,0.6496054233029276,0.00022271714922048998,0.5,-0.29655242455281017,0.3859031571204039,0.23953323779157262,0.7005257191876068,0.2955586419818172,0.5507642168474735
2021-02-27 19:30:00,0.4804741980474198,-0.2509960159362551,-0.2503350707371558,-0.2237100517764684,0.6496315975448561,0.00011135857461024499,0.5,-0.29655242455281017,0.3859031571204039,0.23953323779157262,0.7005257191876068,0.2955586419818172,0.519471309805815
2021-02-27 19:40:00,0.4595536959553696,-0.1633466135458168,-0.254504839910648,-0.22585252633458308,0.6450380180864012,0.00011135857461024499,0.5,-0.29655242455281017,0.3859031571204039,0.23953323779157262,0.7005257191876068,0.2955586419818172,0.484745839431477
2021-02-27 19:50:00,0.4476987447698745,-0.10756972111553798,-0.2583767684288907,-0.2319228709159079,0.6477732263679313,0.00011135857461024499,0.5,-0.29655242455281017,0.3859031571204039,0.23953323779157262,0.7005257191876068,0.2955586419818172,0.4714003349578285
2021-02-27 20:00:00,0.396792189679219,-0.07569721115537853,-0.2622486969471334,-0.23442242456704165,0.6427870332805485,0.00011135857461024499,0.5,-0.3017394303225611,0.3856301741056953,0.23443480276662765,0.6667054473450977,0.2831095478733583,0.3465229265054242
2021-02-27 20:10:00,0.3765690376569038,0.24302788844621515,-0.2670141474311244,-0.24370648098553827,0.6383766735155932,0.00011135857461024499,0.5,-0.3017394303225611,0.3856301741056953,0.23443480276662765,0.6667054473450977,0.2831095478733583,0.3023220725138434
2021-02-27 20:20:00,0.3849372384937238,0.13147410358565725,-0.26939687267312007,-0.24584895554365294,0.6383766735155932,0.00011135857461024499,0.5,-0.3017394303225611,0.3856301741056953,0.23443480276662765,0.6667054473450977,0.2831095478733583,0.32438855108106884
2021-02-27 20:30:00,0.38772663877266383,0.07569721115537842,-0.2750558451228593,-0.2544188537761113,0.6383766735155932,0.00011135857461024499,0.5,-0.3017394303225611,0.3856301741056953,0.23443480276662765,0.6667054473450977,0.2831095478733583,0.3373794830785944
2021-02-27 20:40:00,0.42398884239888424,0.12350597609561742,-0.27982129560685043,-0.256204249241207,0.6383766735155932,0.00011135857461024499,0.5,-0.3017394303225611,0.3856301741056953,0.23443480276662765,0.6667054473450977,0.2831095478733583,0.4460597190578934
2021-02-27 20:50:00,0.4470013947001395,0.12350597609561742,-0.28131049888309767,-0.256204249241207,0.638363586394629,0.00011135857461024499,0.5,-0.3017394303225611,0.3856301741056953,0.23443480276662765,0.6667054473450977,0.2831095478733583,0.4542526064849043
2021-02-27 21:00:00,0.3591352859135286,0.17131474103585642,-0.28458674609084145,-0.26334583110158893,0.638363586394629,0.00011135857461024499,0.5,-0.30050986867888085,0.389236423405275,0.2233851077355728,0.7047519546814706,0.26477513730524943,0.29686014756250284
2021-02-27 21:10:00,0.49790794979079495,-0.13147410358565736,-0.289650037230082,-0.26584538475272257,0.638363586394629,0.00011135857461024499,0.5,-0.30050986867888085,0.389236423405275,0.2233851077355728,0.7047519546814706,0.26477513730524943,0.56580714274937
2021-02-27 21:20:00,0.5202231520223152,-0.31474103585657376,-0.2902457185405809,-0.26334583110158893,0.6344505372263155,0.00011135857461024499,0.5,-0.30050986867888085,0.389236423405275,0.2233851077355728,0.7047519546814706,0.26477513730524943,0.5786019282707425
2021-02-27 21:30:00,0.5850767085076709,0.1872509960159361,-0.289650037230082,-0.26655954293876094,0.6270694010024734,0.00011135857461024499,0.5,-0.30050986867888085,0.389236423405275,0.2233851077355728,0.7047519546814706,0.26477513730524943,0.7659218129969673
2021-02-27 21:40:00,0.6171548117154811,0.33864541832669315,-0.289650037230082,-0.26334583110158893,0.6270694010024734,0.00011135857461024499,0.5,-0.30050986867888085,0.389236423405275,0.2233851077355728,0.7047519546814706,0.26477513730524943,0.8208956349864962
2021-02-27 21:50:00,0.6241283124128312,0.3306772908366533,-0.289650037230082,-0.26298875200856986,0.6305767494208949,0.00022271714922048998,0.5,-0.30050986867888085,0.389236423405275,0.2233851077355728,0.7047519546814706,0.26477513730524943,0.8263500158425999
2021-02-27 22:00:00,0.612970711297071,-0.13147410358565736,-0.289650037230082,-0.2544188537761113,0.6321733781785345,0.00011135857461024499,0.5,-0.3361429420026464,0.3800555735947835,0.23384029815522228,0.7353816159061959,0.24735219712617043,0.7923940431824011
2021-02-27 22:10:00,0.596931659693166,0.2350597609561753,-0.2914370811615786,-0.2558471701481878,0.6270694010024734,0.00011135857461024499,0.5,-0.3361429420026464,0.3800555735947835,0.23384029815522228,0.7353816159061959,0.24735219712617043,0.7814701932797199
2021-02-27 22:20:00,0.5815899581589958,-0.17928286852589637,-0.29560685033507084,-0.2526334583110159,0.6270694010024734,0.00011135857461024499,0.5,-0.3361429420026464,0.3800555735947835,0.23384029815522228,0.7353816159061959,0.24735219712617043,0.739147819002067
2021-02-27 22:30:00,0.5725244072524408,-0.24302788844621515,-0.2985852568875653,-0.2526334583110159,0.6270694010024734,0.00011135857461024499,0.5,-0.3361429420026464,0.3800555735947835,0.23384029815522228,0.7353816159061959,0.24735219712617043,0.7188994673868763
2021-02-27 22:40:00,0.6087866108786611,0.027888446215139417,-0.2985852568875653,-0.2526334583110159,0.6270694010024734,0.00044543429844097997,0.5,-0.3361429420026464,0.3800555735947835,0.23384029815522228,0.7353816159061959,0.24735219712617043,0.8258068409855607
2021-02-27 22:50:00,0.5829846582984658,0.1394422310756971,-0.30037230081906185,-0.25513301196214966,0.6270694010024734,0.00011135857461024499,0.5,-0.3361429420026464,0.3800555735947835,0.23384029815522228,0.7353816159061959,0.24735219712617043,0.7573818971890702
2021-02-27 23:00:00,0.5669456066945607,-0.11553784860557781,-0.3021593447505585,-0.25370469559007325,0.6270694010024734,0.00011135857461024499,0.5,-0.3547737776676385,0.3744321234917705,0.24008538648569785,0.7448254660419935,0.24088702009640764,0.6978137212004165
2021-02-27 23:10:00,0.5160390516039052,0.06772908366533859,-0.30722263588979903,-0.2526334583110159,0.617293321642172,0.00011135857461024499,0.5,-0.3547737776676385,0.3744321234917705,0.24008538648569785,0.7448254660419935,0.24088702009640764,0.5627593282737602
2021-02-27 23:20:00,0.5076708507670851,0.08366533864541825,-0.30781831720029795,-0.2572754865202642,0.6213765033830208,0.00011135857461024499,0.5,-0.3547737776676385,0.3744321234917705,0.24008538648569785,0.7448254660419935,0.24088702009640764,0.5611222596074052
2021-02-27 23:30:00,0.5306834030683404,0.01195219123505975,-0.309903201787044,-0.25834672379932155,0.615788302731282,0.00011135857461024499,0.5,-0.3547737776676385,0.3744321234917705,0.24008538648569785,0.7448254660419935,0.24088702009640764,0.6223878570243071
2021-02-27 23:40:00,0.6185495118549511,-0.26693227091633476,-0.3104988830975429,-0.26334583110158893,0.6125426967321458,0.00044543429844097997,0.5,-0.3547737776676385,0.3744321234917705,0.24008538648569785,0.7448254660419935,0.24088702009640764,0.8059055177512561
2021-02-27 23:50:00,0.599023709902371,0.19521912350597592,-0.31109456440804184,-0.26334583110158893,0.6074256324351206,0.000556792873051225,0.5,-0.3547737776676385,0.3744321234917705,0.24008538648569785,0.7448254660419935,0.24088702009640764,0.7880184679451393
2021-02-28 00:00:00,0.6276150627615062,-0.14741035856573714,-0.31228592702903957,-0.26334583110158893,0.6067581892659434,0.000556792873051225,0.5,-0.35880143004706455,0.3750729151999821,0.22614623164856967,0.7257245834519523,0.2349620388130735,0.8637234636450052
2021-02-28 00:10:00,0.701534170153417,0.019920318725099362,-0.3104988830975429,-0.26334583110158893,0.6045333787020194,0.001893095768374165,0.5,-0.35880143004706455,0.3750729151999821,0.22614623164856967,0.7257245834519523,0.2349620388130735,0.9018614300586931
2021-02-28 00:20:00,0.7112970711297071,-0.07569721115537853,-0.309903201787044,-0.2622745938225317,0.6045333787020194,0.00601336302895323,0.5,-0.35880143004706455,0.3750729151999821,0.22614623164856967,0.7257245834519523,0.2349620388130735,0.9399993210314287
2021-02-28 00:30:00,0.6757322175732218,0.027888446215139417,-0.30752047654504844,-0.256204249241207,0.6045333787020194,0.0006681514476614699,0.5,-0.35880143004706455,0.3750729151999821,0.22614623164856967,0.7257245834519523,0.2349620388130735,0.9781372120041644
2021-02-28 00:40:00,0.6450488145048815,0.22709163346613526,-0.3087118391660463,-0.256204249241207,0.6073863710722278,0.0006681514476614699,0.5,-0.35880143004706455,0.3750729151999821,0.22614623164856967,0.7257245834519523,0.2349620388130735,0.9294777977277185
2021-02-28 00:50:00,0.6352859135285913,-0.1872509960159363,-0.3104988830975429,-0.2544188537761113,0.6144534163929277,0.0027839643652561247,0.5,-0.35880143004706455,0.3750729151999821,0.22614623164856967,0.7257245834519523,0.2349620388130735,0.8956198983055963
2021-02-28 01:00:00,0.5306834030683404,0.003984063745019917,-0.3128816083395384,-0.24870558828780576,0.6144534163929277,0.00011135857461024499,0.5,-0.3996001298102243,0.37477694414192897,0.23658430216153406,0.7235369784649155,0.2177161608286084,0.6021847699805363
2021-02-28 01:10:00,0.5564853556485356,-0.02788844621513953,-0.3134772896500374,-0.2526334583110159,0.6100299695070082,0.00011135857461024499,0.5,-0.3996001298102243,0.37477694414192897,0.23658430216153406,0.7235369784649155,0.2177161608286084,0.6547595696848076
2021-02-28 01:20:00,0.6052998605299861,-0.3227091633466136,-0.3131794489947879,-0.256204249241207,0.6031854052427006,0.00033407572383073496,0.5,-0.3996001298102243,0.37477694414192897,0.23658430216153406,0.7235369784649155,0.2177161608286084,0.804094934894458
2021-02-28 01:30:00,0.5299860529986052,-0.3784860557768924,-0.3134772896500374,-0.2547759328691306,0.6031854052427006,0.00033407572383073496,0.5,-0.3996001298102243,0.37477694414192897,0.23658430216153406,0.7235369784649155,0.2177161608286084,0.6105059070265704
2021-02-28 01:40:00,0.5474198047419805,-0.4422310756972112,-0.3134772896500374,-0.2526334583110159,0.6031854052427006,0.00033407572383073496,0.5,-0.3996001298102243,0.37477694414192897,0.23658430216153406,0.7235369784649155,0.2177161608286084,0.6480226926384719
2021-02-28 01:50:00,0.5781032078103208,-0.40239043824701204,-0.31228592702903957,-0.2526334583110159,0.6031854052427006,0.00033407572383073496,0.5,-0.3996001298102243,0.37477694414192897,0.23658430216153406,0.7235369784649155,0.2177161608286084,0.7178583822442174
2021-02-28 02:00:00,0.5216178521617852,-0.29083665338645437,-0.3104988830975429,-0.256204249241207,0.6003847613563492,0.00033407572383073496,0.5,-0.3937861193113388,0.3822164496691165,0.22433317012355627,0.7089527674153908,0.20760660747478268,0.570046924272372
2021-02-28 02:10:00,0.5237099023709902,0.24302788844621515,-0.3104988830975429,-0.26013211926441704,0.5919043069715093,0.00033407572383073496,0.5,-0.3937861193113388,0.3822164496691165,0.22433317012355627,0.7089527674153908,0.20760660747478268,0.6057229506465289
2021-02-28 02:20:00,0.5341701534170153,0.08366533864541825,-0.3104988830975429,-0.2608462774504553,0.5997958409129577,0.00033407572383073496,0.5,-0.3937861193113388,0.3822164496691165,0.22433317012355627,0.7089527674153908,0.20760660747478268,0.600864553314121
2021-02-28 02:30:00,0.5285913528591353,-0.31474103585657376,-0.3104988830975429,-0.25798964470630237,0.6031461438798079,0.00033407572383073496,0.5,-0.3937861193113388,0.3822164496691165,0.22433317012355627,0.7089527674153908,0.20760660747478268,0.5767611690329979
2021-02-28 02:40:00,0.5439330543933054,-0.003984063745020028,-0.3104988830975429,-0.2590608819853597,0.5942730758660403,0.00033407572383073496,0.5,-0.3937861193113388,0.3822164496691165,0.22433317012355627,0.7089527674153908,0.20760660747478268,0.6438960725440198
2021-02-28 02:50:00,0.5223152022315203,0.17928286852589648,-0.3104988830975429,-0.2640599892876272,0.5984871288165318,0.00033407572383073496,0.5,-0.3937861193113388,0.3822164496691165,0.22433317012355627,0.7089527674153908,0.20760660747478268,0.58677972750728
2021-02-28 03:00:00,0.5376569037656904,-0.10756972111553798,-0.3104988830975429,-0.26477414747366534,0.6030676211540223,0.00033407572383073496,0.5,-0.3897554318007701,0.40155514113222013,0.2024837306990489,0.6329118639760429,0.20324418905518893,0.5986541334097801
2021-02-28 03:10:00,0.46443514644351463,-0.17928286852589637,-0.3104988830975429,-0.2619175147295125,0.6006857651385272,0.00033407572383073496,0.5,-0.3897554318007701,0.40155514113222013,0.2024837306990489,0.6329118639760429,0.20324418905518893,0.4285951385850295
2021-02-28 03:20:00,0.46443514644351463,-0.23505976095617542,-0.3104988830975429,-0.26334583110158893,0.6007119393804556,0.00033407572383073496,0.5,-0.3897554318007701,0.40155514113222013,0.2024837306990489,0.6329118639760429,0.20324418905518893,0.43383828477450703
2021-02-28 03:30:00,0.48465829846582986,0.043824701195219085,-0.3104988830975429,-0.26655954293876094,0.6013924696705971,0.00033407572383073496,0.5,-0.3897554318007701,0.40155514113222013,0.2024837306990489,0.6329118639760429,0.20324418905518893,0.4593448707696486
2021-02-28 03:40:00,0.5299860529986052,-0.059760956175298974,-0.3104988830975429,-0.2704874129619711,0.6030152726701653,0.00033407572383073496,0.5,-0.3897554318007701,0.40155514113222013,0.2024837306990489,0.6329118639760429,0.20324418905518893,0.5657090695112935
2021-02-28 03:50:00,0.4923291492329149,-0.0916334661354582,-0.31198808637379016,-0.27120157114800925,0.6030152726701653,0.00033407572383073496,0.5,-0.3897554318007701,0.40155514113222013,0.2024837306990489,0.6329118639760429,0.20324418905518893,0.49161851019207264
2021-02-28 04:00:00,0.5188284518828452,0.2350597609561753,-0.3134772896500374,-0.2740582038921622,0.6030152726701653,0.00033407572383073496,0.5,-0.40062610419571865,0.41902892757904386,0.19704568745112108,0.6282012670440649,0.20891299023492496,0.5579084750365888
2021-02-28 04:10:00,0.5376569037656904,-0.003984063745020028,-0.31228592702903957,-0.2740582038921622,0.6030152726701653,0.00033407572383073496,0.5,-0.40062610419571865,0.41902892757904386,0.19704568745112108,0.6282012670440649,0.20891299023492496,0.5856858336979647
2021-02-28 04:20:00,0.5488145048814504,-0.2589641434262948,-0.3104988830975429,-0.2719157293340474,0.6030152726701653,0.00033407572383073496,0.5,-0.40062610419571865,0.41902892757904386,0.19704568745112108,0.6282012670440649,0.20891299023492496,0.6061454199797819
2021-02-28 04:30:00,0.47629009762900976,-0.01195219123505975,-0.31139240506329124,-0.26691662203178,0.5977804242844617,0.00033407572383073496,0.5,-0.40062610419571865,0.41902892757904386,0.19704568745112108,0.6282012670440649,0.20891299023492496,0.47739034657573515
2021-02-28 04:40:00,0.502092050209205,-0.2270916334661356,-0.3134772896500374,-0.2704874129619711,0.6029105757024513,0.00033407572383073496,0.5,-0.40062610419571865,0.41902892757904386,0.19704568745112108,0.6282012670440649,0.20891299023492496,0.5198258822819379
2021-02-28 04:50:00,0.5516039051603905,-0.02788844621513953,-0.3107967237527923,-0.2690590965898947,0.6029105757024513,0.00033407572383073496,0.5,-0.40062610419571865,0.41902892757904386,0.19704568745112108,0.6282012670440649,0.20891299023492496,0.6090951612173152
2021-02-28 05:00:00,0.5474198047419805,-0.019920318725099695,-0.3104988830975429,-0.2740582038921622,0.6029105757024513,0.00033407572383073496,0.5,-0.3997141306700669,0.4179542365527124,0.16336715339195443,0.5865319892932997,0.21131742435835388,0.6245152918810447
2021-02-28 05:10:00,0.4386331938633194,0.06772908366533859,-0.3104988830975429,-0.2690590965898947,0.5961707084058577,0.00033407572383073496,0.5,-0.3997141306700669,0.4179542365527124,0.16336715339195443,0.5865319892932997,0.21131742435835388,0.4005311043046607
2021-02-28 05:20:00,0.45258019525801957,0.3227091633466135,-0.3104988830975429,-0.2754865202642386,0.5949928675190744,0.00033407572383073496,0.5,-0.3997141306700669,0.4179542365527124,0.16336715339195443,0.5865319892932997,0.21131742435835388,0.42492870830001356
2021-02-28 05:30:00,0.45397489539748953,-0.15537848605577698,-0.3128816083395384,-0.27441528298518114,0.5932915417937208,0.00033407572383073496,0.5,-0.3997141306700669,0.4179542365527124,0.16336715339195443,0.5865319892932997,0.21131742435835388,0.41497804668286137
2021-02-28 05:40:00,0.4546722454672245,-0.0916334661354582,-0.31496649292628454,-0.2740582038921622,0.591590216068367,0.00033407572383073496,0.5,-0.3997141306700669,0.4179542365527124,0.16336715339195443,0.5865319892932997,0.21131742435835388,0.40114972011406674
2021-02-28 05:50:00,0.39191073919107394,-0.11553784860557781,-0.3164556962025318,-0.2754865202642386,0.591590216068367,0.00033407572383073496,0.5,-0.3997141306700669,0.4179542365527124,0.16336715339195443,0.5865319892932997,0.21131742435835388,0.29323898184890684
2021-02-28 06:00:00,0.3668061366806137,0.09163346613545809,-0.3164556962025318,-0.28405641849669694,0.591590216068367,0.00033407572383073496,0.5,-0.41451779937649746,0.4390055372449426,0.16794856723500953,0.5362535994670464,0.19739639669414238,0.25238770614240236
2021-02-28 06:10:00,0.4205020920502092,0.1872509960159361,-0.3164556962025318,-0.29334047491519377,0.5968905000588921,0.00033407572383073496,0.5,-0.41451779937649746,0.4390055372449426,0.16794856723500953,0.5362535994670464,0.19739639669414238,0.35117763326644236
2021-02-28 06:20:00,0.5195258019525802,-0.01195219123505975,-0.3164556962025318,-0.2883413676129263,0.6028320529766656,0.00033407572383073496,0.5,-0.41451779937649746,0.4390055372449426,0.16794856723500953,0.5362535994670464,0.19739639669414238,0.5482067685622463
2021-02-28 06:30:00,0.49442119944211993,-0.11553784860557781,-0.3164556962025318,-0.2851276557757543,0.6028320529766656,0.00033407572383073496,0.5,-0.41451779937649746,0.4390055372449426,0.16794856723500953,0.5362535994670464,0.19739639669414238,0.5045340012372316
2021-02-28 06:40:00,0.44490934449093444,-0.17131474103585675,-0.3164556962025318,-0.2801285484734869,0.6028320529766656,0.00033407572383073496,0.5,-0.41451779937649746,0.4390055372449426,0.16794856723500953,0.5362535994670464,0.19739639669414238,0.39298700906800244
2021-02-28 06:50:00,0.4177126917712692,-0.1633466135458168,-0.3164556962025318,-0.28227102303160145,0.5995471856146366,0.00033407572383073496,0.5,-0.41451779937649746,0.4390055372449426,0.16794856723500953,0.5362535994670464,0.19739639669414238,0.3458288697436517
2021-02-28 07:00:00,0.3688981868898187,0.06772908366533859,-0.3176470588235296,-0.2844134975897161,0.5921006137859733,0.00033407572383073496,0.5,-0.4139477950772842,0.4751743499412377,0.13976920083134267,0.4975352152359485,0.1853205062149813,0.27298308613847944
2021-02-28 07:10:00,0.4456066945606694,-0.17928286852589637,-0.3170513775130306,-0.28727013033386894,0.6027535302508802,0.00033407572383073496,0.5,-0.4139477950772842,0.4751743499412377,0.13976920083134267,0.4975352152359485,0.1853205062149813,0.3818292922129849
2021-02-28 07:20:00,0.48465829846582986,-0.019920318725099695,-0.3164556962025318,-0.287627209426888,0.6027535302508802,0.00033407572383073496,0.5,-0.4139477950772842,0.4751743499412377,0.13976920083134267,0.4975352152359485,0.1853205062149813,0.4552182506751965
2021-02-28 07:30:00,0.4895397489539749,-0.21912350597609564,-0.3164556962025318,-0.2883413676129263,0.6027535302508802,0.00033407572383073496,0.5,-0.4139477950772842,0.4751743499412377,0.13976920083134267,0.4975352152359485,0.1853205062149813,0.483840548003078
2021-02-28 07:40:00,0.4511854951185495,-0.21912350597609564,-0.3182427401340283,-0.28548473486877346,0.6027535302508802,0.00033407572383073496,0.5,-0.4139477950772842,0.4751743499412377,0.13976920083134267,0.4975352152359485,0.1853205062149813,0.40110445554264673
2021-02-28 07:50:00,0.504881450488145,-0.06772908366533881,-0.31943410275502615,-0.2847705766827352,0.6027535302508802,0.00033407572383073496,0.5,-0.4139477950772842,0.4751743499412377,0.13976920083134267,0.4975352152359485,0.1853205062149813,0.5061559817131132
2021-02-28 08:00:00,0.4602510460251046,-0.2270916334661356,-0.3167535368577812,-0.2847705766827352,0.6027535302508802,0.00033407572383073496,0.5,-0.41278337201735826,0.5000330453123063,0.11992608765620488,0.46755094133033154,0.16819658092576534,0.4138841528735459
2021-02-28 08:10:00,0.39400278940027894,-0.3067729083665339,-0.31913626209977675,-0.2819139439385824,0.6027535302508802,0.00033407572383073496,0.5,-0.41278337201735826,0.5000330453123063,0.11992608765620488,0.46755094133033154,0.16819658092576534,0.2980898350860781
2021-02-28 08:20:00,0.41562064156206413,-0.17131474103585675,-0.31943410275502615,-0.28084270665952504,0.5991938333486017,0.00033407572383073496,0.5,-0.41278337201735826,0.5000330453123063,0.11992608765620488,0.46755094133033154,0.16819658092576534,0.3312310454607179
2021-02-28 08:30:00,0.4302649930264993,0.19521912350597592,-0.31943410275502615,-0.2879842885199072,0.5983562576068892,0.00033407572383073496,0.5,-0.41278337201735826,0.5000330453123063,0.11992608765620488,0.46755094133033154,0.16819658092576534,0.34837877393364214
2021-02-28 08:40:00,0.4490934449093445,-0.07569721115537853,-0.31943410275502615,-0.2879842885199072,0.6027142688879873,0.00033407572383073496,0.5,-0.41278337201735826,0.5000330453123063,0.11992608765620488,0.46755094133033154,0.16819658092576534,0.3918101302110838
2021-02-28 08:50:00,0.42677824267782427,-0.02788844621513953,-0.31943410275502615,-0.2883413676129263,0.6027142688879873,0.00033407572383073496,0.5,-0.41278337201735826,0.5000330453123063,0.11992608765620488,0.46755094133033154,0.16819658092576534,0.34714908641006686
2021-02-28 09:00:00,0.39121338912133896,-0.23505976095617542,-0.32002978406552507,-0.2897696839850026,0.6027142688879873,0.00033407572383073496,0.5,-0.4076940907997838,0.5346070625016178,0.1121012757881276,0.4416670096283172,0.1906868691231051,0.2854987401360955
2021-02-28 09:10:00,0.4177126917712692,-0.17928286852589637,-0.3224125093075205,-0.29191215854311736,0.6027142688879873,0.00033407572383073496,0.5,-0.4076940907997838,0.5346070625016178,0.1121012757881276,0.4416670096283172,0.1906868691231051,0.328779214508804
2021-02-28 09:20:00,0.4072524407252441,0.11553784860557759,-0.3209233060312734,-0.2958400285663274,0.6027142688879873,0.00033407572383073496,0.5,-0.4076940907997838,0.5346070625016178,0.1121012757881276,0.4416670096283172,0.1906868691231051,0.31731218974908343
2021-02-28 09:30:00,0.3702928870292887,0.19521912350597592,-0.3224125093075205,-0.30298161042670946,0.6027142688879873,0.00033407572383073496,0.5,-0.4076940907997838,0.5346070625016178,0.1121012757881276,0.4416670096283172,0.1906868691231051,0.2672872942348024
2021-02-28 09:40:00,0.3591352859135286,0.05976095617529875,-0.3241995532390173,-0.30619532226388146,0.6086558218057609,0.00033407572383073496,0.5,-0.4076940907997838,0.5346070625016178,0.1121012757881276,0.4416670096283172,0.1906868691231051,0.23846885043076785
2021-02-28 09:50:00,0.3458856345885635,0.09960159362549792,-0.325390915860015,-0.3086948759150152,0.6027142688879873,0.00033407572383073496,0.5,-0.4076940907997838,0.5346070625016178,0.1121012757881276,0.4416670096283172,0.1906868691231051,0.2266170768139777
2021-02-28 10:00:00,0.37308228730822873,0.06772908366533859,-0.325390915860015,-0.3122656668452063,0.6027142688879873,0.00033407572383073496,0.5,-0.3482187949328652,0.5623450103015182,0.06334238659361666,0.4437339559545408,0.2326430830863106,0.26298715994990723
2021-02-28 10:10:00,0.35495118549511856,-0.1394422310756973,-0.325390915860015,-0.3054811640778432,0.6027142688879873,0.00033407572383073496,0.5,-0.3482187949328652,0.5623450103015182,0.06334238659361666,0.4437339559545408,0.2326430830863106,0.2385820118593177
2021-02-28 10:20:00,0.3668061366806137,0.019920318725099362,-0.32330603127326885,-0.30833779682199614,0.6027142688879873,0.00033407572383073496,0.5,-0.3482187949328652,0.5623450103015182,0.06334238659361666,0.4437339559545408,0.2326430830863106,0.2514069737616368
2021-02-28 10:30:00,0.3688981868898187,0.027888446215139417,-0.3209233060312734,-0.31297982503124433,0.6027142688879873,0.00033407572383073496,0.5,-0.3482187949328652,0.5623450103015182,0.06334238659361666,0.4437339559545408,0.2326430830863106,0.26061076995035987
2021-02-28 10:40:00,0.37796373779637377,-0.13147410358565736,-0.31943410275502615,-0.3076236386359579,0.6013401211867402,0.00033407572383073496,0.5,-0.3482187949328652,0.5623450103015182,0.06334238659361666,0.4437339559545408,0.2326430830863106,0.2768154865187018
2021-02-28 10:50:00,0.3591352859135286,0.1633466135458166,-0.31883842144452734,-0.3090519550080342,0.5956733978092159,0.00033407572383073496,0.5,-0.3482187949328652,0.5623450103015182,0.06334238659361666,0.4437339559545408,0.2326430830863106,0.2556316670941654
2021-02-28 11:00:00,0.4121338912133891,0.06772908366533859,-0.3164556962025318,-0.30655240135690043,0.5993770530421013,0.00033407572383073496,0.5,-0.33731550321640535,0.5880226547167169,0.08721666712953823,0.5437469850828486,0.2767169804370497,0.33509362222188693
2021-02-28 11:10:00,0.34658298465829845,-0.24302788844621515,-0.3143708116157856,-0.3040528477057667,0.6025833976783448,0.00033407572383073496,0.5,-0.33731550321640535,0.5880226547167169,0.08721666712953823,0.5437469850828486,0.2767169804370497,0.23216198681292155
2021-02-28 11:20:00,0.34449093444909346,-0.38645418326693237,-0.3104988830975429,-0.3054811640778432,0.6012615984609546,0.00033407572383073496,0.5,-0.33731550321640535,0.5880226547167169,0.08721666712953823,0.5437469850828486,0.2767169804370497,0.22522141919519595
2021-02-28 11:30:00,0.35564853556485354,0.06772908366533859,-0.30752047654504844,-0.3026245313336904,0.5943515985918257,0.00033407572383073496,0.5,-0.33731550321640535,0.5880226547167169,0.08721666712953823,0.5437469850828486,0.2767169804370497,0.23490049338382848
2021-02-28 11:40:00,0.37866108786610875,-0.21115537848605592,-0.30483991064780347,-0.2976254240314229,0.601235424219026,0.00033407572383073496,0.5,-0.33731550321640535,0.5880226547167169,0.08721666712953823,0.5437469850828486,0.2767169804370497,0.2674381761395356
2021-02-28 11:50:00,0.399581589958159,-0.003984063745020028,-0.3009679821295608,-0.2944117121942511,0.6045988143068407,0.00033407572383073496,0.5,-0.33731550321640535,0.5880226547167169,0.08721666712953823,0.5437469850828486,0.2767169804370497,0.2991384643239736
2021-02-28 12:00:00,0.3598326359832636,0.2111553784860556,-0.2982874162323158,-0.29548294947330833,0.6012485113399902,0.00033407572383073496,0.5,-0.3411670846364664,0.5956230765473115,0.1376462055882673,0.5094120831676979,0.30734843916998705,0.2530440424279916
2021-02-28 12:10:00,0.3772663877266388,-0.23505976095617542,-0.2935219657483248,-0.2929833958221746,0.6012485113399902,0.00033407572383073496,0.5,-0.3411670846364664,0.5956230765473115,0.1376462055882673,0.5094120831676979,0.30734843916998705,0.27055388747227543
2021-02-28 12:20:00,0.28661087866108786,0.2669322709163344,-0.28845867460908414,-0.2883413676129263,0.6046511627906976,0.00033407572383073496,0.5,-0.3411670846364664,0.5956230765473115,0.1376462055882673,0.5094120831676979,0.30734843916998705,0.15601188949409298
2021-02-28 12:30:00,0.29218967921896793,0.05179282868525892,-0.28041697691734935,-0.28691305124084987,0.611391030087291,0.00033407572383073496,0.5,-0.3411670846364664,0.5956230765473115,0.1376462055882673,0.5094120831676979,0.30734843916998705,0.15853161730313683
2021-02-28 12:40:00,0.26429567642956764,0.33864541832669315,-0.2637379002233806,-0.2719157293340474,0.6069675832013715,0.00033407572383073496,0.5,-0.3411670846364664,0.5956230765473115,0.1376462055882673,0.5094120831676979,0.30734843916998705,0.12304419330989634
2021-02-28 12:50:00,0.26569037656903766,-0.059760956175298974,-0.23067758749069256,-0.20692733440457056,0.6211016738427714,0.00033407572383073496,0.5,-0.3411670846364664,0.5956230765473115,0.1376462055882673,0.5094120831676979,0.30734843916998705,0.11905336692970413
2021-02-28 13:00:00,0.28033472803347276,0.1633466135458166,-0.2473566641846613,-0.23442242456704165,0.629673738074361,0.00033407572383073496,0.5,-0.24909594783309985,0.6168956371567242,0.13200056762001722,0.4203486602531973,0.33067511843749764,0.14358676463931683
2021-02-28 13:10:00,0.23849372384937237,-0.13147410358565736,-0.2509307520476546,-0.2576325656132833,0.6304851395741451,0.00033407572383073496,0.5,-0.24909594783309985,0.6168956371567242,0.13200056762001722,0.4203486602531973,0.33067511843749764,0.10384447093260106
2021-02-28 13:20:00,0.26429567642956764,0.2828685258964143,-0.24676098287416237,-0.26477414747366534,0.6290324691471123,0.00033407572383073496,0.5,-0.24909594783309985,0.6168956371567242,0.13200056762001722,0.4203486602531973,0.33067511843749764,0.1369328726405842
2021-02-28 13:30:00,0.2629009762900976,0.3705179282868525,-0.2405063291139241,-0.2654883056597036,0.6339532266296737,0.00033407572383073496,0.5,-0.24909594783309985,0.6168956371567242,0.13200056762001722,0.4203486602531973,0.33067511843749764,0.1536581317802556
2021-02-28 13:40:00,0.2594142259414226,-0.003984063745020028,-0.23871928518242747,-0.2640599892876272,0.6389001583541637,0.00033407572383073496,0.5,-0.24909594783309985,0.6168956371567242,0.13200056762001722,0.4203486602531973,0.33067511843749764,0.13372663216500444
2021-02-28 13:50:00,0.32217573221757323,0.13147410358565725,-0.23335815338793753,-0.26513122656668453,0.6427085105547631,0.00033407572383073496,0.5,-0.24909594783309985,0.6168956371567242,0.13200056762001722,0.4203486602531973,0.33067511843749764,0.19710457624817054
2021-02-28 14:00:00,0.24407252440725244,0.05179282868525892,-0.22948622486969483,-0.26013211926441704,0.6375390977738807,0.00033407572383073496,0.5,-0.25762149780053056,0.6053211573330428,0.18534429463892027,0.2983439402436964,0.37963195634620517,0.11444392474010591
2021-02-28 14:10:00,0.23361227336122734,0.17131474103585642,-0.22382725241995538,-0.25656132833422596,0.6640666919684338,0.00033407572383073496,0.5,-0.25762149780053056,0.6053211573330428,0.18534429463892027,0.2983439402436964,0.37963195634620517,0.11603572883504082
2021-02-28 14:20:00,0.17433751743375175,0.07569721115537842,-0.22352941176470598,-0.2526334583110159,0.6643546086296476,0.00033407572383073496,0.5,-0.25762149780053056,0.6053211573330428,0.18534429463892027,0.2983439402436964,0.37963195634620517,0.056090348084554216
2021-02-28 14:30:00,0.17573221757322177,0.2669322709163344,-0.21876396128071496,-0.2512051419389395,0.6716048736438471,0.00033407572383073496,0.5,-0.25762149780053056,0.6053211573330428,0.18534429463892027,0.2983439402436964,0.37963195634620517,0.05713143322721306
2021-02-28 14:40:00,0.14504881450488147,0.2669322709163344,-0.21548771407297107,-0.24442063917157653,0.6819436992056118,0.00033407572383073496,0.5,-0.25762149780053056,0.6053211573330428,0.18534429463892027,0.2983439402436964,0.37963195634620517,0.025846070280791222
2021-02-28 14:50:00,0.1094839609483961,-0.019920318725099695,-0.2131049888309755,-0.2415640064274236,0.6949784716860138,0.1350779510022272,0.5,-0.25762149780053056,0.6053211573330428,0.18534429463892027,0.2983439402436964,0.37963195634620517,0.014371501425834
2021-02-28 15:00:00,0.07252440725244073,-0.3665338645418327,-0.19970215934475066,-0.22263881449741119,0.6911832066063787,0.9995545657015591,0.5,-0.265748044758512,0.6033643001433893,0.1935260882649127,0.1816426864153983,0.4632143010818916,0.0
2021-02-28 15:10:00,0.09762900976290097,-0.7131474103585658,-0.1779597915115415,-0.18621674700946256,0.6911832066063787,0.9995545657015591,0.5,-0.265748044758512,0.6033643001433893,0.1935260882649127,0.1816426864153983,0.4632143010818916,0.0
2021-02-28 15:20:00,0.09832635983263598,-0.5099601593625498,-0.16783320923306044,-0.1744331369398322,0.6911832066063787,0.9995545657015591,0.5,-0.265748044758512,0.6033643001433893,0.1935260882649127,0.1816426864153983,0.4632143010818916,0.0
2021-02-28 15:30:00,0.05439330543933055,-0.3067729083665339,-0.15949367088607602,-0.17371897875379394,0.6911832066063787,0.9995545657015591,0.5,-0.265748044758512,0.6033643001433893,0.1935260882649127,0.1816426864153983,0.4632143010818916,0.0
2021-02-28 15:40:00,0.10390516039051603,-0.10358565737051795,-0.15174981384959063,-0.17050526691662193,0.6911832066063787,0.9995545657015591,0.5,-0.265748044758512,0.6033643001433893,0.1935260882649127,0.1816426864153983,0.4632143010818916,0.0
2021-02-28 15:50:00,0.1206415620641562,0.09960159362549792,-0.1466865227103501,-0.17050526691662193,0.6911832066063787,0.9995545657015591,0.5,-0.265748044758512,0.6033643001433893,0.1935260882649127,0.1816426864153983,0.4632143010818916,0.0
2021-02-28 16:00:00,0.09553695955369597,0.09402390438246999,-0.14460163812360394,-0.17371897875379394,0.6911832066063787,0.9995545657015591,0.5,-0.20713586014115704,0.5992465668794027,0.1773670521942838,0.1576242898568113,0.592008874285792,0.0
2021-02-28 16:10:00,0.06903765690376569,0.08844621513944229,-0.14400595681310513,-0.17050526691662193,0.6911832066063787,0.9995545657015591,0.5,-0.20713586014115704,0.5992465668794027,0.1773670521942838,0.1576242898568113,0.592008874285792,0.0
2021-02-28 16:20:00,0.12831241283124128,0.08286852589641436,-0.14013402829486243,-0.17050526691662193,0.6911832066063787,0.9995545657015591,0.5,-0.20713586014115704,0.5992465668794027,0.1773670521942838,0.1576242898568113,0.592008874285792,0.0
2021-02-28 16:30:00,0.11854951185495119,0.07729083665338643,-0.13775130305286676,-0.17086234600964112,0.6911832066063787,0.9995545657015591,0.5,-0.20713586014115704,0.5992465668794027,0.1773670521942838,0.1576242898568113,0.592008874285792,0.0
2021-02-28 16:40:00,0.12761506276150628,0.0717131474103585,-0.13358153387937477,-0.1740760578468129,0.6911832066063787,0.9995545657015591,0.5,-0.20713586014115704,0.5992465668794027,0.1773670521942838,0.1576242898568113,0.592008874285792,0.0
2021-02-28 16:50:00,0.11645746164574616,0.06613545816733057,-0.131794489947878,-0.17621853240492769,0.6911832066063787,0.9995545657015591,0.5,-0.20713586014115704,0.5992465668794027,0.1773670521942838,0.1576242898568113,0.592008874285792,0.0
2021-02-28 17:00:00,0.09274755927475593,0.060557768924302646,-0.131794489947878,-0.18121763970719518,0.6911832066063787,0.9995545657015591,0.5,-0.20050756731570674,0.6059849370845989,0.16300598676796071,0.21893880645613922,0.6685773875469244,0.0
2021-02-28 17:10:00,0.16108786610878661,0.05498007968127494,-0.1306031273268803,-0.18193179789323333,0.6911832066063787,0.9995545657015591,0.5,-0.20050756731570674,0.6059849370845989,0.16300598676796071,0.21893880645613922,0.6685773875469244,0.0
2021-02-28 17:20:00,0.18270571827057183,0.04940239043824701,-0.13030528667163077,-0.18943045884663456,0.7336378270144351,0.9920935412026727,0.5,-0.20050756731570674,0.6059849370845989,0.16300598676796071,0.21893880645613922,0.6685773875469244,0.0
2021-02-28 17:30:00,0.15690376569037656,0.043824701195219085,-0.12881608339538353,-0.1855025888234243,0.7558335841698184,0.3850779510022272,0.5,-0.20050756731570674,0.6059849370845989,0.16300598676796071,0.21893880645613922,0.6685773875469244,0.0
2021-02-28 17:40:00,0.14504881450488147,-0.01394422310756982,-0.1279225614296352,-0.18728798428852,0.7478373532606563,0.6703786191536749,0.5,-0.20050756731570674,0.6059849370845989,0.16300598676796071,0.21893880645613922,0.6685773875469244,0.0
2021-02-28 17:50:00,0.14504881450488147,-0.07171314741035861,-0.13030528667163077,-0.18121763970719518,0.7448404025598409,0.997772828507795,0.5,-0.20050756731570674,0.6059849370845989,0.16300598676796071,0.21893880645613922,0.6685773875469244,0.0
2021-02-28 18:00:00,0.16666666666666669,-0.1294820717131474,-0.13328369322412525,-0.18121763970719518,0.7567104212744239,0.7158129175946548,0.5,-0.2700036988576233,0.6435129178436083,0.20076476525374176,0.31858399211580396,0.6904786670756167,0.0
2021-02-28 18:10:00,0.16527196652719667,-0.1872509960159363,-0.1311988086373791,-0.18121763970719518,0.7681747392391148,0.9989977728285078,0.5,-0.2700036988576233,0.6435129178436083,0.20076476525374176,0.31858399211580396,0.6904786670756167,0.0
2021-02-28 18:20:00,0.16108786610878661,0.6414342629482073,-0.13298585256887574,-0.1855025888234243,0.7681747392391148,0.9989977728285078,0.5,-0.2700036988576233,0.6435129178436083,0.20076476525374176,0.31858399211580396,0.6904786670756167,0.0
2021-02-28 18:30:00,0.14714086471408647,0.6918990703851262,-0.1386448250186152,-0.1933583288698446,0.7681747392391148,0.9989977728285078,0.5,-0.2700036988576233,0.6435129178436083,0.20076476525374176,0.31858399211580396,0.6904786670756167,0.0
2021-02-28 18:40:00,0.15411436541143653,0.7423638778220452,-0.1431124348473568,-0.20228530619532226,0.7681747392391148,0.9989977728285078,0.5,-0.2700036988576233,0.6435129178436083,0.20076476525374176,0.31858399211580396,0.6904786670756167,0.0
2021-02-28 18:50:00,0.1924686192468619,0.7928286852589641,-0.1466865227103501,-0.20835565077664697,0.7718391331091073,0.5702672605790646,0.5,-0.2700036988576233,0.6435129178436083,0.20076476525374176,0.31858399211580396,0.6904786670756167,0.011097364093124312
2021-02-28 19:00:00,0.20292887029288703,0.7211155378486056,-0.13298585256887574,-0.1937154079628638,0.7852534320974729,0.00011135857461024499,0.5,-0.2525139057368314,0.6562253058128132,0.19881258863514653,0.38208011060380376,0.68493250771343,0.05161669960921587
2021-02-28 19:10:00,0.19177126917712692,-0.05179282868525903,-0.12196574832464646,-0.1676486341724691,0.7974637159571266,0.00011135857461024499,0.5,-0.2525139057368314,0.6562253058128132,0.19881258863514653,0.38208011060380376,0.68493250771343,0.05852709084599484
2021-02-28 19:20:00,0.20292887029288703,0.20318725099601576,-0.11690245718540593,-0.14729512587038018,0.7981442462472681,0.00011135857461024499,0.5,-0.2525139057368314,0.6562253058128132,0.19881258863514653,0.38208011060380376,0.68493250771343,0.05954554370294371
2021-02-28 19:30:00,0.197350069735007,0.003984063745019917,-0.11392405063291144,-0.12765577575432951,0.8005784507466203,0.00011135857461024499,0.5,-0.2525139057368314,0.6562253058128132,0.19881258863514653,0.38208011060380376,0.68493250771343,0.059470102750577125
2021-02-28 19:40:00,0.19316596931659694,0.20318725099601576,-0.11124348473566659,-0.11444384931262286,0.8155108557668398,0.00011135857461024499,0.5,-0.2525139057368314,0.6562253058128132,0.19881258863514653,0.38208011060380376,0.68493250771343,0.05391010456115998
2021-02-28 19:50:00,0.2280334728033473,0.019920318725099362,-0.11094564408041707,-0.1037314765220495,0.8171074845244795,0.00011135857461024499,0.5,-0.2525139057368314,0.6562253058128132,0.19881258863514653,0.38208011060380376,0.68493250771343,0.08701359445961647
2021-02-28 20:00:00,0.19107391910739194,-0.21115537848605592,-0.11094564408041707,-0.10158900196393505,0.8117679391710617,0.00011135857461024499,0.5,-0.2493483640142845,0.6611533676046762,0.19722246633941018,0.38390714093407324,0.6603158968134621,0.05950027913152376
2021-02-28 20:10:00,0.1903765690376569,0.3306772908366533,-0.10558451228592702,-0.09123370826638089,0.8006046249885488,0.00011135857461024499,0.5,-0.2493483640142845,0.6611533676046762,0.19722246633941018,0.38390714093407324,0.6603158968134621,0.04198288999200326
2021-02-28 20:20:00,0.20711297071129708,0.17131474103585642,-0.10081906180193612,-0.08016425638278879,0.8005784507466203,0.00011135857461024499,0.5,-0.2493483640142845,0.6611533676046762,0.19722246633941018,0.38390714093407324,0.6603158968134621,0.05956817598865368
2021-02-28 20:30:00,0.20571827057182707,0.09163346613545809,-0.09754281459419223,-0.07445099089448304,0.8005784507466203,0.00011135857461024499,0.5,-0.2493483640142845,0.6611533676046762,0.19722246633941018,0.38390714093407324,0.6603158968134621,0.05642983237020384
2021-02-28 20:40:00,0.2196652719665272,0.14741035856573692,-0.09605361131794499,-0.06659525084806284,0.8005784507466203,0.00011135857461024499,0.5,-0.2493483640142845,0.6611533676046762,0.19722246633941018,0.38390714093407324,0.6603158968134621,0.06652383179685262
2021-02-28 20:50:00,0.2175732217573222,0.4820717131474104,-0.09307520476545061,-0.06338153901089094,0.8005784507466203,0.00011135857461024499,0.5,-0.2493483640142845,0.6611533676046762,0.19722246633941018,0.38390714093407324,0.6603158968134621,0.060971377702672115
2021-02-28 21:00:00,0.24058577405857742,0.394422310756972,-0.09158600148920337,-0.06338153901089094,0.8005784507466203,0.00011135857461024499,0.5,-0.2487641179458634,0.6736875982379668,0.19477533419643028,0.40982380037115007,0.647921774102036,0.08379980988880004
2021-02-28 21:10:00,0.2601115760111576,0.4183266932270917,-0.09099032017870456,-0.06802356722013914,0.8005784507466203,0.00011135857461024499,0.5,-0.2487641179458634,0.6736875982379668,0.19477533419643028,0.40982380037115007,0.647921774102036,0.1042141315991973
2021-02-28 21:20:00,0.26569037656903766,0.38645418326693215,-0.09307520476545061,-0.0733797536154257,0.8132598709609872,0.00011135857461024499,0.5,-0.2487641179458634,0.6736875982379668,0.19477533419643028,0.40982380037115007,0.647921774102036,0.10960061559817132
2021-02-28 21:30:00,0.25174337517433754,0.25099601593625476,-0.09426656738644845,-0.07730762363863586,0.8221983745795762,0.00011135857461024499,0.5,-0.2487641179458634,0.6736875982379668,0.19477533419643028,0.40982380037115007,0.647921774102036,0.10380675045641775
2021-02-28 21:40:00,0.20013947001394702,0.003984063745019917,-0.10737155621742378,-0.07445099089448304,0.8282577115860281,0.00011135857461024499,0.5,-0.2487641179458634,0.6736875982379668,0.19477533419643028,0.40982380037115007,0.647921774102036,0.06698402160628876
2021-02-28 21:50:00,0.1506276150627615,0.20318725099601576,-0.17587490692479535,-0.14015354400999824,0.8282577115860281,0.00011135857461024499,0.5,-0.2487641179458634,0.6736875982379668,0.19477533419643028,0.40982380037115007,0.647921774102036,0.042752387706142404
2021-02-28 22:00:00,0.13807531380753138,0.25099601593625476,-0.20357408786299336,-0.19085877521871086,0.8282577115860281,0.00011135857461024499,0.5,-0.2938205063465926,0.6799518400491955,0.22017810536402188,0.41450799813561917,0.6655774683945859,0.03654359732637265
2021-02-28 22:10:00,0.12622036262203626,0.19521912350597592,-0.21429635145197334,-0.21549723263702913,0.8282577115860281,0.00011135857461024499,0.5,-0.2938205063465926,0.6799518400491955,0.22017810536402188,0.41450799813561917,0.6655774683945859,0.02478235285242241
2021-02-28 22:20:00,0.11436541143654114,0.6494023904382469,-0.21995532390171268,-0.22585252633458308,0.8375103061077595,0.00011135857461024499,0.5,-0.2938205063465926,0.6799518400491955,0.22017810536402188,0.41450799813561917,0.6655774683945859,0.019750441329571346
2021-02-28 22:30:00,0.14435146443514643,0.33864541832669315,-0.2241250930752049,-0.2383502945902518,0.8446296999123163,0.00011135857461024499,0.5,-0.2938205063465926,0.6799518400491955,0.22017810536402188,0.41450799813561917,0.6655774683945859,0.043921722467824435
2021-02-28 22:40:00,0.197350069735007,0.585657370517928,-0.2241250930752049,-0.24727727191572935,0.8446296999123163,0.00011135857461024499,0.5,-0.2938205063465926,0.6799518400491955,0.22017810536402188,0.41450799813561917,0.6655774683945859,0.06912654465349971
2021-02-28 22:50:00,0.23082287308228733,0.5219123505976095,-0.22740134028294878,-0.2558471701481878,0.8507675596445539,0.00011135857461024499,0.5,-0.2938205063465926,0.6799518400491955,0.22017810536402188,0.41450799813561917,0.6655774683945859,0.09543280474372709
2021-02-28 23:00:00,0.2622036262203626,-0.3067729083665339,-0.23008190618019375,-0.26334583110158893,0.8597453246260356,0.00011135857461024499,0.5,-0.3190042902078999,0.6909113897134264,0.24876961766936692,0.39309114912693416,0.7116937472386116,0.11767279750139566
2021-02-28 23:10:00,0.2622036262203626,-0.45019920318725104,-0.23008190618019375,-0.26334583110158893,0.8597453246260356,0.00011135857461024499,0.5,-0.3190042902078999,0.6909113897134264,0.24876961766936692,0.39309114912693416,0.7116937472386116,0.12073570016747891
2021-02-28 23:20:00,0.32566248256624825,-0.29083665338645437,-0.23097542814594196,-0.26513122656668453,0.8597453246260356,0.00011135857461024499,0.5,-0.3190042902078999,0.6909113897134264,0.24876961766936692,0.39309114912693416,0.7116937472386116,0.1903224346304148
2021-02-28 23:30:00,0.3319386331938633,-0.3227091633466136,-0.23127326880119148,-0.26334583110158893,0.8597453246260356,0.00011135857461024499,0.5,-0.3190042902078999,0.6909113897134264,0.24876961766936692,0.39309114912693416,0.7116937472386116,0.19434343739155366
2021-02-28 23:40:00,0.301255230125523,-0.4422310756972112,-0.231571109456441,-0.26334583110158893,0.8597453246260356,0.00011135857461024499,0.5,-0.3190042902078999,0.6909113897134264,0.24876961766936692,0.39309114912693416,0.7116937472386116,0.1563287414940326
2021-02-28 23:50:00,0.2768479776847978,-0.38645418326693237,-0.23306031273268812,-0.26655954293876094,0.8597453246260356,0.00011135857461024499,0.5,-0.3190042902078999,0.6909113897134264,0.24876961766936692,0.39309114912693416,0.7116937472386116,0.13146340359400696
2021-03-01 00:00:00,0.28591352859135283,-0.50199203187251,-0.2355919583023084,-0.2667380824852704,0.8597453246260356,0.00011135857461024499,0.5,-0.3390112743448369,0.6866643487056308,0.26537998520586437,0.3830307156952075,0.7587585537454864,0.1358163465455588
2021-03-01 00:10:00,0.29497907949790797,-0.6175298804780878,-0.23812360387192866,-0.26691662203178,0.8597453246260356,0.00011135857461024499,0.5,-0.3390112743448369,0.6866643487056308,0.26537998520586437,0.3830307156952075,0.7587585537454864,0.14016928949711063
2021-03-01 00:20:00,0.2907949790794979,-0.5139442231075697,-0.23901712583767698,-0.26655954293876094,0.8597453246260356,0.00011135857461024499,0.5,-0.3390112743448369,0.6866643487056308,0.26537998520586437,0.3830307156952075,0.7587585537454864,0.1429907811156208
2021-03-01 00:30:00,0.29707112970711297,-0.5617529880478087,-0.23901712583767698,-0.26691662203178,0.8597453246260356,0.00011135857461024499,0.5,-0.3390112743448369,0.6866643487056308,0.26537998520586437,0.3830307156952075,0.7587585537454864,0.1499539810190564
2021-03-01 00:40:00,0.2691771269177127,-0.29083665338645437,-0.2402084884586747,-0.26691662203178,0.8597453246260356,0.00011135857461024499,0.5,-0.3390112743448369,0.6866643487056308,0.26537998520586437,0.3830307156952075,0.7587585537454864,0.12867208835644342
2021-03-01 00:50:00,0.2377963737796374,-0.17928286852589637,-0.2434847356664186,-0.2719157293340474,0.8597453246260356,0.00011135857461024499,0.5,-0.3390112743448369,0.6866643487056308,0.26537998520586437,0.3830307156952075,0.7587585537454864,0.09506314407713083
2021-03-01 01:00:00,0.22873082287308227,0.33864541832669315,-0.25003723008190626,-0.2754865202642386,0.8597453246260356,0.00011135857461024499,0.5,-0.3941077765062839,0.6843741648874889,0.33844089897517704,0.3727604179225954,0.7995292670033866,0.08978227741147005
2021-03-01 01:10:00,0.23640167364016737,0.593625498007968,-0.254504839910648,-0.27905731119442967,0.8597453246260356,0.00011135857461024499,0.5,-0.3941077765062839,0.6843741648874889,0.33844089897517704,0.3727604179225954,0.7995292670033866,0.10120403759977066
2021-03-01 01:20:00,0.22384937238493724,0.5537848605577689,-0.25688756515264344,-0.2833422603106588,0.8609231655128189,0.00011135857461024499,0.5,-0.3941077765062839,0.6843741648874889,0.33844089897517704,0.3727604179225954,0.7995292670033866,0.09213603512530742
2021-03-01 01:30:00,0.25871687587168757,-0.24302788844621515,-0.25778108711839176,-0.28584181396179253,0.8736438470900787,0.00011135857461024499,0.5,-0.3941077765062839,0.6843741648874889,0.33844089897517704,0.3727604179225954,0.7995292670033866,0.11712962264435627
2021-03-01 01:40:00,0.28870292887029286,-0.3705179282868527,-0.2598659717051379,-0.28691305124084987,0.8736438470900787,0.00011135857461024499,0.5,-0.3941077765062839,0.6843741648874889,0.33844089897517704,0.3727604179225954,0.7995292670033866,0.14394888121067642
2021-03-01 01:50:00,0.31241283124128316,-0.3545816733067729,-0.2598659717051379,-0.2879842885199072,0.8659355328421301,0.00011135857461024499,0.5,-0.3941077765062839,0.6843741648874889,0.33844089897517704,0.3727604179225954,0.7995292670033866,0.15324320654223939
2021-03-01 02:00:00,0.3054393305439331,-0.26693227091633476,-0.2598659717051379,-0.2883413676129263,0.8596929761421784,0.00011135857461024499,0.5,-0.41069780333217387,0.680767915587905,0.34463906607992306,0.3552004872869721,0.8312932265456932,0.15128174178070825
2021-03-01 02:10:00,0.33333333333333337,-0.09960159362549814,-0.2598659717051379,-0.28727013033386894,0.8596929761421784,0.00011135857461024499,0.5,-0.41069780333217387,0.680767915587905,0.34463906607992306,0.3552004872869721,0.8312932265456932,0.19725545815290374
2021-03-01 02:20:00,0.3200836820083682,0.10756972111553775,-0.2598659717051379,-0.2861988930548115,0.8596929761421784,0.00011135857461024499,0.5,-0.41069780333217387,0.680767915587905,0.34463906607992306,0.3552004872869721,0.8312932265456932,0.18056791948941564
2021-03-01 02:30:00,0.2580195258019526,-0.17131474103585675,-0.2631422189128817,-0.2883413676129263,0.8596929761421784,0.00011135857461024499,0.5,-0.41069780333217387,0.680767915587905,0.34463906607992306,0.3552004872869721,0.8312932265456932,0.11181857959774884
2021-03-01 02:40:00,0.2189679218967922,-0.3784860557768924,-0.2670141474311244,-0.28905552579896443,0.8596929761421784,0.00011135857461024499,0.5,-0.41069780333217387,0.680767915587905,0.34463906607992306,0.3552004872869721,0.8312932265456932,0.08213256484149857
2021-03-01 02:50:00,0.20711297071129708,-0.3545816733067729,-0.2702903946388683,-0.29548294947330833,0.8548638285063669,0.00011135857461024499,0.5,-0.41069780333217387,0.680767915587905,0.34463906607992306,0.3552004872869721,0.8312932265456932,0.07288350408135552
2021-03-01 03:00:00,0.18340306834030684,0.585657370517928,-0.2741623231571111,-0.29512587038028915,0.8493410634594496,0.00011135857461024499,0.5,-0.4209862975502491,0.6731128971543678,0.3615509976023254,0.32779232008969195,0.8611973575379769,0.06025468865518959
2021-03-01 03:10:00,0.15760111576011157,0.2749003984063745,-0.2789277736411021,-0.2944117121942511,0.8711965554697623,0.00011135857461024499,0.5,-0.4209862975502491,0.6731128971543678,0.3615509976023254,0.32779232008969195,0.8611973575379769,0.059900116179066654
2021-03-01 03:20:00,0.1596931659693166,-0.6653386454183268,-0.2825018615040954,-0.2986966613104802,0.8788525212338538,0.00011135857461024499,0.5,-0.4209862975502491,0.6731128971543678,0.3615509976023254,0.32779232008969195,0.8611973575379769,0.05284638713279116
2021-03-01 03:30:00,0.14365411436541145,-0.29083665338645437,-0.2860759493670887,-0.3026245313336904,0.8788525212338538,0.00011135857461024499,0.5,-0.4209862975502491,0.6731128971543678,0.3615509976023254,0.32779232008969195,0.8611973575379769,0.043144680658448634
2021-03-01 03:40:00,0.1297071129707113,0.01195219123505975,-0.2899478778853314,-0.3036957686127477,0.8788525212338538,0.00011135857461024499,0.5,-0.4209862975502491,0.6731128971543678,0.3615509976023254,0.32779232008969195,0.8611973575379769,0.03053095342275601
2021-03-01 03:50:00,0.12482566248256625,0.5219123505976095,-0.2947133283693225,-0.30655240135690043,0.8826085249505962,0.00011135857461024499,0.5,-0.4209862975502491,0.6731128971543678,0.3615509976023254,0.32779232008969195,0.8611973575379769,0.02752085942332936
2021-03-01 04:00:00,0.14644351464435149,-0.21115537848605592,-0.2985852568875653,-0.31262274593822525,0.9079190168954732,0.00011135857461024499,0.5,-0.498881770969004,0.6637423959862877,0.4104670094959684,0.3018344435962201,0.8937183248738102,0.040172307135205275
2021-03-01 04:10:00,0.14365411436541145,0.14741035856573692,-0.2973938942665675,-0.3133369041242635,0.8955386004632842,0.00011135857461024499,0.5,-0.498881770969004,0.6637423959862877,0.4104670094959684,0.3018344435962201,0.8937183248738102,0.029867073041930085
2021-03-01 04:20:00,0.14016736401673638,0.43426294820717115,-0.26939687267312007,-0.27155865024102843,0.8955386004632842,0.00011135857461024499,0.5,-0.498881770969004,0.6637423959862877,0.4104670094959684,0.3018344435962201,0.8937183248738102,0.02443532447153613
2021-03-01 04:30:00,0.13389121338912133,0.5617529880478087,-0.23901712583767698,-0.19692911980003558,0.8965986572613891,0.00011135857461024499,0.5,-0.498881770969004,0.6637423959862877,0.4104670094959684,0.3018344435962201,0.8937183248738102,0.026789082185373507
2021-03-01 04:40:00,0.14225941422594143,0.5139442231075697,-0.22382725241995538,-0.1583645777539725,0.9119760243943935,0.00011135857461024499,0.5,-0.498881770969004,0.6637423959862877,0.4104670094959684,0.3018344435962201,0.8937183248738102,0.03465002942197142
2021-03-01 04:50:00,0.13668061366806136,0.38645418326693215,-0.21399851079672383,-0.13194072487055875,0.9119760243943935,0.00011135857461024499,0.5,-0.498881770969004,0.6637423959862877,0.4104670094959684,0.3018344435962201,0.8937183248738102,0.028554400470751546
2021-03-01 05:00:00,0.1387726638772664,0.027888446215139417,-0.20416976917349228,-0.1101589001963934,0.9119760243943935,0.00011135857461024499,0.5,-0.5160763892478979,0.6335418540431683,0.4270910729578139,0.28489092448112074,0.9391426799132249,0.02538588047135507
2021-03-01 05:10:00,0.12273361227336123,0.2749003984063745,-0.19702159344750558,-0.09194786645241915,0.9127743387732133,0.00011135857461024499,0.5,-0.5160763892478979,0.6335418540431683,0.4270910729578139,0.28489092448112074,0.9391426799132249,0.018731988472622477
2021-03-01 05:20:00,0.2398884239888424,0.4501992031872508,-0.18719285182427414,-0.0783788609176932,0.9363180693879154,0.00011135857461024499,0.5,-0.5160763892478979,0.6335418540431683,0.4270910729578139,0.28489092448112074,0.9391426799132249,0.07508637989045974
2021-03-01 05:30:00,0.22036262203626222,0.5219123505976095,-0.2005956813104991,-0.10694518835922162,0.9555430500844119,0.00011135857461024499,0.5,-0.5160763892478979,0.6335418540431683,0.4270910729578139,0.28489092448112074,0.9391426799132249,0.08724746141195287
2021-03-01 05:40:00,0.18479776847977683,0.3545816733067728,-0.26403574087863,-0.19692911980003558,0.9587755689625839,0.00011135857461024499,0.5,-0.5160763892478979,0.6335418540431683,0.4270910729578139,0.28489092448112074,0.9391426799132249,0.0735398403669448
2021-03-01 05:50:00,0.1631799163179916,0.1872509960159361,-0.282204020848846,-0.24406356007855734,0.9587755689625839,0.00011135857461024499,0.5,-0.5160763892478979,0.6335418540431683,0.4270910729578139,0.28489092448112074,0.9391426799132249,0.04792763703848998
2021-03-01 06:00:00,0.1492329149232915,-0.09960159362549814,-0.2854802680565899,-0.26334583110158893,0.9587755689625839,0.00011135857461024499,0.5,-0.5693275316745953,0.6231426379354457,0.48527034932345303,0.32097364114239246,0.993196090183158,0.025340615899935123
2021-03-01 06:10:00,0.0794979079497908,0.22709163346613526,-0.289650037230082,-0.2719157293340474,0.9587755689625839,0.00011135857461024499,0.5,-0.5693275316745953,0.6231426379354457,0.48527034932345303,0.32097364114239246,0.993196090183158,0.0
2021-03-01 06:20:00,0.10390516039051603,0.4262948207171313,-0.2911392405063292,-0.2747723620782002,0.968577822564814,0.00011135857461024499,0.5,-0.5693275316745953,0.6231426379354457,0.48527034932345303,0.32097364114239246,0.993196090183158,0.0310741282797954
2021-03-01 06:30:00,0.11157601115760113,0.3784860557768923,-0.29262844378257635,-0.28405641849669694,0.9752129928936933,0.00011135857461024499,0.5,-0.5693275316745953,0.6231426379354457,0.48527034932345303,0.32097364114239246,0.993196090183158,0.039998792944762135
2021-03-01 06:40:00,0.13807531380753138,0.5537848605577689,-0.2908413998510798,-0.28727013033386894,0.9826595647223567,0.00011135857461024499,0.5,-0.5693275316745953,0.6231426379354457,0.48527034932345303,0.32097364114239246,0.993196090183158,0.046916728276777765
2021-03-01 06:50:00,0.19386331938633192,0.2111553784860556,-0.289650037230082,-0.2972683449384038,0.9917943751554096,0.00011135857461024499,0.5,-0.5693275316745953,0.6231426379354457,0.48527034932345303,0.32097364114239246,0.993196090183158,0.05913816256016416
2021-03-01 07:00:00,0.17364016736401675,0.22709163346613526,-0.289650037230082,-0.30476700589180505,0.9917943751554096,0.00011135857461024499,0.5,-0.5899675908029522,0.6277115115500552,0.5188684832282615,0.30867258740915204,0.037385050395504084,0.038844546373553425
2021-03-01 07:10:00,0.10390516039051603,0.25099601593625476,-0.289650037230082,-0.3022674522406713,0.9917943751554096,0.00011135857461024499,0.5,-0.5899675908029522,0.6277115115500552,0.5188684832282615,0.30867258740915204,0.037385050395504084,0.0012447757140486141
2021-03-01 07:20:00,0.10529986052998605,0.5378486055776892,-0.2714817572598661,-0.26691662203178,0.9917943751554096,0.18240534521158128,0.5,-0.5899675908029522,0.6277115115500552,0.5188684832282615,0.30867258740915204,0.037385050395504084,0.0
2021-03-01 07:30:00,0.07322175732217574,0.5274287465522525,-0.2622486969471334,-0.22192465631137293,0.9917943751554096,0.9992204899777284,0.5,-0.5899675908029522,0.6277115115500552,0.5188684832282615,0.30867258740915204,0.037385050395504084,0.0
2021-03-01 07:40:00,0.05788005578800558,0.517008887526816,-0.26165301563663446,-0.225495447241564,0.9917943751554096,0.9992204899777284,0.5,-0.5899675908029522,0.6277115115500552,0.5188684832282615,0.30867258740915204,0.037385050395504084,0.0
2021-03-01 07:50:00,0.055788005578800565,0.506589028501379,-0.25718540580789295,-0.2383502945902518,0.9917943751554096,0.9992204899777284,0.5,-0.5899675908029522,0.6277115115500552,0.5188684832282615,0.30867258740915204,0.037385050395504084,0.0
2021-03-01 08:00:00,0.048814504881450484,0.49616916947594225,-0.2595681310498884,-0.24799143010176738,0.9917943751554096,0.9992204899777284,0.5,-0.6142169878624772,0.6213380765329455,0.5649091116835502,0.3264990230652649,0.08302439408664031,0.0
2021-03-01 08:10:00,0.05299860529986053,0.4857493104505055,-0.26165301563663446,-0.2576325656132833,0.9917943751554096,0.9992204899777284,0.5,-0.6142169878624772,0.6213380765329455,0.5649091116835502,0.3264990230652649,0.08302439408664031,0.0
2021-03-01 08:20:00,0.08368200836820083,0.47532945142506877,-0.26582278481012667,-0.26655954293876094,0.9917943751554096,0.9992204899777284,0.5,-0.6142169878624772,0.6213380765329455,0.5649091116835502,0.3264990230652649,0.08302439408664031,0.0
2021-03-01 08:30:00,0.09135285913528592,0.46490959239963203,-0.26522710349962786,-0.2751294411712194,0.9917943751554096,0.9992204899777284,0.5,-0.6142169878624772,0.6213380765329455,0.5649091116835502,0.3264990230652649,0.08302439408664031,0.0
2021-03-01 08:40:00,0.15132496513249652,0.4544897333741955,-0.26492926284437834,-0.2811997857525441,0.9917943751554096,0.9992204899777284,0.5,-0.6142169878624772,0.6213380765329455,0.5649091116835502,0.3264990230652649,0.08302439408664031,0.0
2021-03-01 08:50:00,0.15481171548117156,0.4440698743487588,-0.25748324646314225,-0.28727013033386894,0.9917943751554096,0.9992204899777284,0.5,-0.6142169878624772,0.6213380765329455,0.5649091116835502,0.3264990230652649,0.08302439408664031,0.0
2021-03-01 09:00:00,0.1415620641562064,0.4336500153233218,-0.24914370811615805,-0.29191215854311736,0.9917943751554096,0.9992204899777284,0.5,-0.6173316327704778,0.6174157416373806,0.5793059386927265,0.3067188501156502,0.10093452483664585,0.0
2021-03-01 09:10:00,0.20641562064156208,0.4232301562978853,-0.2405063291139241,-0.29512587038028915,0.9493266676263888,0.9992204899777284,0.5,-0.6173316327704778,0.6174157416373806,0.5793059386927265,0.3067188501156502,0.10093452483664585,0.0
2021-03-01 09:20:00,0.2315202231520223,0.41281029727244856,-0.2402084884586747,-0.26298875200856986,0.7242805355249899,0.7967706013363028,0.5,-0.6173316327704778,0.6174157416373806,0.5793059386927265,0.3067188501156502,0.10093452483664585,0.004948926475247823
2021-03-01 09:30:00,0.18479776847977683,0.40239043824701204,-0.2402084884586747,-0.23406534547402247,0.6594338511470861,0.00011135857461024499,0.5,-0.6173316327704778,0.6174157416373806,0.5793059386927265,0.3067188501156502,0.10093452483664585,0.07777207779471008
2021-03-01 09:40:00,0.1199442119944212,0.4262948207171313,-0.231571109456441,-0.20906980896268523,0.6594338511470861,0.00011135857461024499,0.5,-0.6173316327704778,0.6174157416373806,0.5793059386927265,0.3067188501156502,0.10093452483664585,0.026728729423480244
2021-03-01 09:50:00,0.10251046025104603,-0.01195219123505975,-0.22650781831720035,-0.17300482056775568,0.6594338511470861,0.00044543429844097997,0.5,-0.6173316327704778,0.6174157416373806,0.5793059386927265,0.3067188501156502,0.10093452483664585,0.0
2021-03-01 10:00:00,0.0899581589958159,-0.4342629482071714,-0.22352941176470598,-0.15943581503302984,0.6594338511470861,0.38875278396436524,0.5,-0.3031155454414165,0.6187375541296597,0.3361242585653747,0.21394514173830295,0.1443177174067784,0.0
2021-03-01 10:10:00,0.09414225941422595,-0.42919232162260057,-0.2285927029039465,-0.17300482056775568,0.6594338511470861,0.9992204899777284,0.5,-0.3031155454414165,0.6187375541296597,0.3361242585653747,0.21394514173830295,0.1443177174067784,0.0
2021-03-01 10:20:00,0.11854951185495119,-0.42412169503802977,-0.22978406552494424,-0.18193179789323333,0.6594338511470861,0.9992204899777284,0.5,-0.3031155454414165,0.6187375541296597,0.3361242585653747,0.21394514173830295,0.1443177174067784,0.0
2021-03-01 10:30:00,0.11924686192468618,-0.41905106845345896,-0.22382725241995538,-0.1905016961256918,0.6594338511470861,0.9992204899777284,0.5,-0.3031155454414165,0.6187375541296597,0.3361242585653747,0.21394514173830295,0.1443177174067784,0.0
2021-03-01 10:40:00,0.11018131101813111,-0.41398044186888816,-0.21370067014147442,-0.19550080342795917,0.6594338511470861,0.9992204899777284,0.5,-0.3031155454414165,0.6187375541296597,0.3361242585653747,0.21394514173830295,0.1443177174067784,0.0
2021-03-01 10:50:00,0.1199442119944212,-0.40890981528431736,-0.20178704393149682,-0.2001428316372077,0.6594338511470861,0.9992204899777284,0.5,-0.3031155454414165,0.6187375541296597,0.3361242585653747,0.21394514173830295,0.1443177174067784,0.0
2021-03-01 11:00:00,0.1206415620641562,-0.40383918869974644,-0.193149664929263,-0.2062131762185324,0.6594338511470861,0.9992204899777284,0.5,-0.26363702766605424,0.6057579301565791,0.31200509995679443,0.18299429666942565,0.2509505272984752,0.0
2021-03-01 11:10:00,0.11506276150627615,-0.39876856211517575,-0.1821295606850335,-0.20692733440457056,0.6594338511470861,0.9992204899777284,0.5,-0.26363702766605424,0.6057579301565791,0.31200509995679443,0.18299429666942565,0.2509505272984752,0.0
2021-03-01 11:20:00,0.1087866108786611,-0.39369793553060484,-0.17110945644080433,-0.2079985716836279,0.6594338511470861,0.9992204899777284,0.5,-0.26363702766605424,0.6057579301565791,0.31200509995679443,0.18299429666942565,0.2509505272984752,0.0
2021-03-01 11:30:00,0.09623430962343095,-0.38862730894603403,-0.16157855547282218,-0.2062131762185324,0.6594338511470861,0.9992204899777284,0.5,-0.26363702766605424,0.6057579301565791,0.31200509995679443,0.18299429666942565,0.2509505272984752,0.0
2021-03-01 11:40:00,0.07322175732217574,-0.38355668236146323,-0.1511541325390917,-0.20407070166041774,0.6594338511470861,0.9992204899777284,0.5,-0.26363702766605424,0.6057579301565791,0.31200509995679443,0.18299429666942565,0.2509505272984752,0.0
2021-03-01 11:50:00,0.10320781032078104,-0.3784860557768924,-0.14102755026061076,-0.20264238528834144,0.6594338511470861,0.9992204899777284,0.5,-0.26363702766605424,0.6057579301565791,0.31200509995679443,0.18299429666942565,0.2509505272984752,0.0
2021-03-01 12:00:00,0.100418410041841,-0.43957503320053126,-0.13209233060312742,-0.19728619889305476,0.6594338511470861,0.9992204899777284,0.5,-0.25700263122522915,0.5951719361966885,0.32850843637297916,0.1440655056487947,0.31989047392485825,0.0
2021-03-01 12:10:00,0.09205020920502092,-0.5006640106241701,-0.12315711094564419,-0.19550080342795917,0.6594338511470861,0.9992204899777284,0.5,-0.25700263122522915,0.5951719361966885,0.32850843637297916,0.1440655056487947,0.31989047392485825,0.0
2021-03-01 12:20:00,0.07531380753138076,-0.5617529880478087,-0.11303052866716312,-0.19300124977682553,0.6594338511470861,0.9992204899777284,0.5,-0.25700263122522915,0.5951719361966885,0.32850843637297916,0.1440655056487947,0.31989047392485825,0.0
2021-03-01 12:30:00,0.0815899581589958,-0.6228419654714477,-0.10201042442293384,-0.18657382610248163,0.6594338511470861,0.9992204899777284,0.5,-0.25700263122522915,0.5951719361966885,0.32850843637297916,0.1440655056487947,0.31989047392485825,0.0
2021-03-01 12:40:00,0.06903765690376569,-0.6839309428950864,-0.09188384214445289,-0.18157471880021414,0.6594338511470861,0.9992204899777284,0.5,-0.25700263122522915,0.5951719361966885,0.32850843637297916,0.1440655056487947,0.31989047392485825,0.0
2021-03-01 12:50:00,0.08507670850767085,-0.7450199203187251,-0.07967237527922577,-0.17621853240492769,0.6594338511470861,0.9992204899777284,0.5,-0.25700263122522915,0.5951719361966885,0.32850843637297916,0.1440655056487947,0.31989047392485825,0.0
2021-03-01 13:00:00,0.07531380753138076,-0.7290836653386454,-0.06865227103499649,-0.17157650419567938,0.6594338511470861,0.9992204899777284,0.5,-0.074440093348627,0.5790314562638099,0.25486633347523835,0.0974615002257381,0.4058807931497906,0.0
2021-03-01 13:10:00,0.09902370990237098,-0.7290836653386454,-0.05971705137751315,-0.16729155507945004,0.6594338511470861,0.9992204899777284,0.5,-0.074440093348627,0.5790314562638099,0.25486633347523835,0.0974615002257381,0.4058807931497906,0.0
2021-03-01 13:20:00,0.05090655509065551,-0.7290836653386454,-0.05048399106478041,-0.16193536868416358,0.6594338511470861,0.9992204899777284,0.5,-0.074440093348627,0.5790314562638099,0.25486633347523835,0.0974615002257381,0.4058807931497906,0.0
2021-03-01 13:30:00,0.030683403068340307,-0.7290836653386454,-0.04065524944154886,-0.15479378682378142,0.6594338511470861,0.9992204899777284,0.5,-0.074440093348627,0.5790314562638099,0.25486633347523835,0.0974615002257381,0.4058807931497906,0.0
2021-03-01 13:40:00,0.05369595536959554,-0.7290836653386454,-0.02903946388682077,-0.14658096768434214,0.6594338511470861,0.9992204899777284,0.5,-0.074440093348627,0.5790314562638099,0.25486633347523835,0.0974615002257381,0.4058807931497906,0.0
2021-03-01 13:50:00,0.043235704323570434,-0.7290836653386454,-0.01593447505584522,-0.1358685948937688,0.6594338511470861,0.9992204899777284,0.5,-0.074440093348627,0.5790314562638099,0.25486633347523835,0.0974615002257381,0.4058807931497906,0.0
2021-03-01 14:00:00,0.06694560669456066,-0.7290836653386454,-0.0040208488458676195,-0.1283699339403679,0.6594338511470861,0.9992204899777284,0.5,-0.05734009778458782,0.5599255187395673,0.2641124780405494,0.10338239049827333,0.5700407724016076,0.0
2021-03-01 14:10:00,0.058577405857740586,-0.7290836653386454,0.0037230081906181045,-0.12194251026602376,0.6594338511470861,0.9992204899777284,0.5,-0.05734009778458782,0.5599255187395673,0.2641124780405494,0.10338239049827333,0.5700407724016076,0.0
2021-03-01 14:20:00,0.04672245467224547,-0.7290836653386454,0.011169024571854091,-0.11551508659167986,0.6594338511470861,0.9992204899777284,0.5,-0.05734009778458782,0.5599255187395673,0.2641124780405494,0.10338239049827333,0.5700407724016076,0.0
2021-03-01 14:30:00,0.0404463040446304,-0.7290836653386454,0.02159344750558434,-0.11087305838243178,0.6594338511470861,0.9992204899777284,0.5,-0.05734009778458782,0.5599255187395673,0.2641124780405494,0.10338239049827333,0.5700407724016076,0.0
2021-03-01 14:40:00,0.02370990237099024,-0.7290836653386454,0.03320923306031265,-0.1023031601499732,0.6594338511470861,0.9992204899777284,0.5,-0.05734009778458782,0.5599255187395673,0.2641124780405494,0.10338239049827333,0.5700407724016076,0.0
2021-03-01 14:50:00,0.03138075313807531,-0.7290836653386454,0.04452717795979133,-0.09480449919657197,0.6594338511470861,0.9992204899777284,0.5,-0.05734009778458782,0.5599255187395673,0.2641124780405494,0.10338239049827333,0.5700407724016076,0.0
2021-03-01 15:00:00,0.08507670850767085,-0.7290836653386454,0.05971705137751293,-0.08909123370826644,0.6594338511470861,0.9992204899777284,0.5,-0.044596549356068715,0.5240239420471438,0.26276862877283114,0.1816668344210204,0.6800488463557652,0.0
2021-03-01 15:10:00,0.12203626220362622,-0.7290836653386454,0.06895011169024556,-0.08444920549901802,0.6594338511470861,0.9992204899777284,0.5,-0.044596549356068715,0.5240239420471438,0.26276862877283114,0.1816668344210204,0.6800488463557652,0.0
2021-03-01 15:20:00,0.20292887029288703,-0.7290836653386454,0.06299329858525682,-0.0783788609176932,0.5619609742052846,0.9992204899777284,0.5,-0.044596549356068715,0.5240239420471438,0.26276862877283114,0.1816668344210204,0.6800488463557652,0.0
2021-03-01 15:30:00,0.11436541143654114,-0.7290836653386454,0.06597170513775108,-0.0526691662203177,0.4481422831791234,0.9992204899777284,0.5,-0.044596549356068715,0.5240239420471438,0.26276862877283114,0.1816668344210204,0.6800488463557652,0.0
2021-03-01 15:40:00,0.1603905160390516,-0.6127490039840637,0.06865227103499616,-0.031958578825209805,0.4481422831791234,0.9992204899777284,0.5,-0.044596549356068715,0.5240239420471438,0.26276862877283114,0.1816668344210204,0.6800488463557652,0.0
2021-03-01 15:50:00,0.15760111576011157,-0.45657370517928286,0.07371556217423669,-0.010890912337082503,0.4481422831791234,0.9992204899777284,0.5,-0.044596549356068715,0.5240239420471438,0.26276862877283114,0.1816668344210204,0.6800488463557652,0.0
2021-03-01 16:00:00,0.15690376569037656,-0.3003984063745021,0.07639612807148177,0.00910551687198713,0.391645181976417,0.9992204899777284,0.5,0.033167612949403624,0.49737505280066147,0.21188217902679546,0.26424238165505487,0.7170017039752058,0.0
2021-03-01 16:10:00,0.11924686192468618,-0.14422310756972134,0.07669396872673095,0.01767541510444559,0.3476331941736137,0.9992204899777284,0.5,0.033167612949403624,0.49737505280066147,0.21188217902679546,0.26424238165505487,0.7170017039752058,0.0
2021-03-01 16:20:00,0.20711297071129708,0.01195219123505975,0.07669396872673095,0.0069630423138726805,0.34919056156836054,0.9124721603563475,0.5,0.033167612949403624,0.49737505280066147,0.21188217902679546,0.26424238165505487,0.7170017039752058,0.0
2021-03-01 16:30:00,0.2594142259414226,0.07569721115537842,0.08116157855547268,-0.018746652383503037,0.38234023897082875,0.005456570155902005,0.5,0.033167612949403624,0.49737505280066147,0.21188217902679546,0.26424238165505487,0.7170017039752058,0.09960468940959911
2021-03-01 16:40:00,0.24476987447698745,0.1633466135458166,0.08801191362620986,-0.02803070880199965,0.3714517543285653,0.00011135857461024499,0.5,0.033167612949403624,0.49737505280066147,0.21188217902679546,0.26424238165505487,0.7170017039752058,0.09759041598141137
2021-03-01 16:50:00,0.29428172942817293,-0.17131474103585675,0.09337304542069957,-0.013390465988216249,0.40711415895617126,0.00011135857461024499,0.5,0.033167612949403624,0.49737505280066147,0.21188217902679546,0.26424238165505487,0.7170017039752058,0.13854730902122908
2021-03-01 17:00:00,0.18898186889818688,0.2828685258964143,0.09873417721518973,0.009819675058025501,0.3789114132781929,0.02873051224944321,0.5,0.04957543184746438,0.47715994218507285,0.19471560474421784,0.3420241203345933,0.7417478040119652,0.012047920092943254
2021-03-01 17:10:00,0.45746164574616455,-0.08366533864541836,0.10439314966492907,0.019103731476522112,0.38699925403410507,0.00022271714922048998,0.5,0.04957543184746438,0.47715994218507285,0.19471560474421784,0.3420241203345933,0.7417478040119652,0.39647238106733856
2021-03-01 17:20:00,0.3682008368200837,-0.043824701195219196,0.11481757259865955,0.014461703267273585,0.37721008755283925,0.00011135857461024499,0.5,0.04957543184746438,0.47715994218507285,0.19471560474421784,0.3420241203345933,0.7417478040119652,0.2490154955716161
2021-03-01 17:30:00,0.25732217573221755,-0.13147410358565736,0.1174981384959044,0.025531155150865903,0.36816688696653627,0.239532293986637,0.5,0.04957543184746438,0.47715994218507285,0.19471560474421784,0.3420241203345933,0.7417478040119652,0.07712328560435748
2021-03-01 17:40:00,0.3612273361227336,0.298804780876494,0.1127326880119135,0.034101053383324365,0.3777859208752667,0.00011135857461024499,0.5,0.04957543184746438,0.47715994218507285,0.19471560474421784,0.3420241203345933,0.7417478040119652,0.2592151123315781
2021-03-01 17:50:00,0.397489539748954,-0.08366533864541836,0.12166790766939672,0.035529369755400886,0.38438182984125324,0.00011135857461024499,0.5,0.04957543184746438,0.47715994218507285,0.19471560474421784,0.3420241203345933,0.7417478040119652,0.3245545211762753
2021-03-01 18:00:00,0.300557880055788,-0.26693227091633476,0.08830975428145926,0.013033386895197285,0.3807174359712606,0.00011135857461024499,0.5,-0.05599653528106496,0.4690997594875975,0.2367523308752952,0.36119949016473946,0.7521603683313791,0.17500037720476183
2021-03-01 18:10:00,0.3702928870292887,0.41035856573705165,0.06031273268801174,-0.028387787895018723,0.3882425305257096,0.00011135857461024499,0.5,-0.05599653528106496,0.4690997594875975,0.2367523308752952,0.36119949016473946,0.7521603683313791,0.27283974832898295
2021-03-01 18:20:00,0.31659693165969316,-0.06772908366533881,0.051079672375279106,-0.03874308159257267,0.38629254950203507,0.00011135857461024499,0.5,-0.05599653528106496,0.4690997594875975,0.2367523308752952,0.36119949016473946,0.7521603683313791,0.19068455120177438
2021-03-01 18:30:00,0.31311018131101814,0.33864541832669315,0.04601638123603857,-0.044099267987859125,0.40034811741764925,0.00011135857461024499,0.5,-0.05599653528106496,0.4690997594875975,0.2367523308752952,0.36119949016473946,0.7521603683313791,0.1776106341566456
2021-03-01 18:40:00,0.39539748953974896,-0.1394422310756973,0.0394638868205508,-0.05124084984824129,0.38955124262213553,0.00011135857461024499,0.5,-0.05599653528106496,0.4690997594875975,0.2367523308752952,0.36119949016473946,0.7521603683313791,0.27885239223259956
2021-03-01 18:50:00,0.36052998605299863,-0.17131474103585675,0.034996276991809294,-0.055168719871451444,0.3906505607831333,0.00011135857461024499,0.5,-0.05599653528106496,0.4690997594875975,0.2367523308752952,0.36119949016473946,0.7521603683313791,0.2462845330959458
2021-03-01 19:00:00,0.3319386331938633,-0.1633466135458168,0.03201787043931481,-0.05409748259239411,0.3819607124628653,0.00011135857461024499,0.5,-0.043757852568004574,0.4815276704204236,0.21977458282274798,0.40244797241806013,0.7444332433141116,0.1896132896781689
2021-03-01 19:10:00,0.301255230125523,0.019920318725099362,0.027550260610573307,-0.06266738082485268,0.38082213293897477,0.00011135857461024499,0.5,-0.043757852568004574,0.4815276704204236,0.21977458282274798,0.40244797241806013,0.7444332433141116,0.15882583701736652
2021-03-01 19:20:00,0.300557880055788,0.019920318725099362,0.023976172747579794,-0.06552401356900539,0.371543364175315,0.00011135857461024499,0.5,-0.043757852568004574,0.4815276704204236,0.21977458282274798,0.40244797241806013,0.7444332433141116,0.16552499358751904
2021-03-01 19:30:00,0.40376569037656906,-0.06772908366533881,0.01861504095309008,-0.07695054454561678,0.3697635157241759,0.00011135857461024499,0.5,-0.043757852568004574,0.4815276704204236,0.21977458282274798,0.40244797241806013,0.7444332433141116,0.2933823196584034
2021-03-01 19:40:00,0.42329149232914925,0.1872509960159361,0.011466865227103495,-0.07766470273165504,0.3539804478412794,0.00011135857461024499,0.5,-0.043757852568004574,0.4815276704204236,0.21977458282274798,0.40244797241806013,0.7444332433141116,0.331736499841574
2021-03-01 19:50:00,0.4344490934449094,-0.17928286852589637,0.0037230081906181045,-0.08016425638278879,0.3539804478412794,0.00011135857461024499,0.5,-0.043757852568004574,0.4815276704204236,0.21977458282274798,0.40244797241806013,0.7444332433141116,0.3564509558368665
2021-03-01 20:00:00,0.4560669456066946,-0.059760956175298974,-0.00551005212211475,-0.08230673094090324,0.3539804478412794,0.00011135857461024499,0.5,-0.05403410620224047,0.5021939213866393,0.24088330095134688,0.40696150679723225,0.7048866149414006,0.4023039666852754
2021-03-01 20:10:00,0.5285913528591353,0.027888446215139417,-0.014743112434847494,-0.08909123370826644,0.3539804478412794,0.00011135857461024499,0.5,-0.05403410620224047,0.5021939213866393,0.24088330095134688,0.40696150679723225,0.7048866149414006,0.5714501259863904
2021-03-01 20:20:00,0.5076708507670851,0.1872509960159361,-0.02278481012658229,-0.08837707552222807,0.3539804478412794,0.00011135857461024499,0.5,-0.05403410620224047,0.5021939213866393,0.24088330095134688,0.40696150679723225,0.7048866149414006,0.5237261795192902
2021-03-01 20:30:00,0.4288702928870293,0.29083665338645415,-0.030230826507818387,-0.08837707552222807,0.3600266977267671,0.00011135857461024499,0.5,-0.05403410620224047,0.5021939213866393,0.24088330095134688,0.40696150679723225,0.7048866149414006,0.3854730902122908
2021-03-01 20:40:00,0.36541143654114366,0.3306772908366533,-0.03886820551005232,-0.09266202463845752,0.36519611050764944,0.00011135857461024499,0.5,-0.05403410620224047,0.5021939213866393,0.24088330095134688,0.40696150679723225,0.7048866149414006,0.28342411394601447
2021-03-01 20:50:00,0.40376569037656906,0.05179282868525892,-0.04422933730454226,-0.10158900196393505,0.37590137545641333,0.00011135857461024499,0.5,-0.05403410620224047,0.5021939213866393,0.24088330095134688,0.40696150679723225,0.7048866149414006,0.3063581634654556
2021-03-01 21:00:00,0.398186889818689,0.2589641434262948,-0.046612062546537714,-0.10765934654525966,0.3763594246901625,0.00011135857461024499,0.5,-0.049958592139410674,0.5183516423520211,0.24362362734807447,0.4885451957202247,0.6997518615924113,0.30982090317908173
2021-03-01 21:10:00,0.4170153417015342,0.15537848605577675,-0.05137751303052884,-0.11158721656846982,0.3806520003664394,0.00011135857461024499,0.5,-0.049958592139410674,0.5183516423520211,0.24362362734807447,0.4885451957202247,0.6997518615924113,0.3173574543205034
2021-03-01 21:20:00,0.4351464435146444,-0.01195219123505975,-0.05137751303052884,-0.11087305838243178,0.3850361858894662,0.00011135857461024499,0.5,-0.049958592139410674,0.5183516423520211,0.24362362734807447,0.4885451957202247,0.6997518615924113,0.3606605609789218
2021-03-01 21:30:00,0.4086471408647141,-0.019920318725099695,-0.05167535368577825,-0.1105159792894127,0.38753582599363967,0.00011135857461024499,0.5,-0.049958592139410674,0.5183516423520211,0.24362362734807447,0.4885451957202247,0.6997518615924113,0.32402643450970925
2021-03-01 21:40:00,0.3270571827057183,0.33864541832669315,-0.054355919583023216,-0.11658632387073731,0.3917760531860596,0.00011135857461024499,0.5,-0.049958592139410674,0.5183516423520211,0.24362362734807447,0.4885451957202247,0.6997518615924113,0.19137106386831026
2021-03-01 21:50:00,0.29776847977684795,0.13147410358565725,-0.056440804169769265,-0.12587038028923414,0.4045490832471765,0.00011135857461024499,0.5,-0.049958592139410674,0.5183516423520211,0.24362362734807447,0.4885451957202247,0.6997518615924113,0.16830876472984596
2021-03-01 22:00:00,0.394700139470014,0.22709163346613526,-0.05763216679076699,-0.1283699339403679,0.42323749198413835,0.00011135857461024499,0.5,-0.14520340881915728,0.533851330576684,0.29160121472712713,0.5226299112783631,0.7126728452558861,0.2911341792778792
2021-03-01 22:10:00,0.4198047419804742,0.05179282868525892,-0.06031273268801207,-0.12408498482413843,0.43114211304655087,0.00011135857461024499,0.5,-0.14520340881915728,0.533851330576684,0.29160121472712713,0.5226299112783631,0.7126728452558861,0.3451649893628257
2021-03-01 22:20:00,0.39539748953974896,0.2350597609561753,-0.06239761727475812,-0.12444206391715751,0.4287471699100915,0.00011135857461024499,0.5,-0.14520340881915728,0.533851330576684,0.29160121472712713,0.5226299112783631,0.7126728452558861,0.3235888769859831
2021-03-01 22:30:00,0.3179916317991632,-0.059760956175298974,-0.06626954579300093,-0.1308694875915014,0.42953239716794706,0.00011135857461024499,0.5,-0.14520340881915728,0.533851330576684,0.29160121472712713,0.5226299112783631,0.7126728452558861,0.18665600434539886
2021-03-01 22:40:00,0.22733612273361226,0.49003984063745,-0.07371556217423691,-0.1362256739867881,0.4290874350551622,0.00011135857461024499,0.5,-0.14520340881915728,0.533851330576684,0.29160121472712713,0.5226299112783631,0.7126728452558861,0.11363670654978349
2021-03-01 22:50:00,0.3354253835425383,0.394422310756972,-0.08354430379746858,-0.14729512587038018,0.4402376621167109,0.00011135857461024499,0.5,-0.14520340881915728,0.533851330576684,0.29160121472712713,0.5226299112783631,0.7126728452558861,0.19798723539085958
2021-03-01 23:00:00,0.31729428172942814,0.043824701195219085,-0.09307520476545061,-0.15265131226566697,0.4505895747994399,0.00011135857461024499,0.5,-0.19924035003400353,0.5418827782199777,0.3162442424802712,0.5284537936511137,0.7355295217185495,0.19650859272447457
2021-03-01 23:10:00,0.2796373779637378,-0.11553784860557781,-0.1005212211466866,-0.1569362613818961,0.45408383609689706,0.00011135857461024499,0.5,-0.19924035003400353,0.5418827782199777,0.3162442424802712,0.5284537936511137,0.7355295217185495,0.15558942016084013
2021-03-01 23:20:00,0.2880055788005579,0.4661354581673305,-0.10707371556217438,-0.1662203178003927,0.4606797450628836,0.00011135857461024499,0.5,-0.19924035003400353,0.5418827782199777,0.3162442424802712,0.5284537936511137,0.7355295217185495,0.14240988578239813
2021-03-01 23:30:00,0.28033472803347276,0.043824701195219085,-0.11690245718540593,-0.17229066238171753,0.47896245304995355,0.00011135857461024499,0.5,-0.19924035003400353,0.5418827782199777,0.3162442424802712,0.5284537936511137,0.7355295217185495,0.12750275359476138
2021-03-01 23:40:00,0.36401673640167365,-0.3067729083665339,-0.12822040208488483,-0.1740760578468129,0.48177618405726924,0.00011135857461024499,0.5,-0.19924035003400353,0.5418827782199777,0.3162442424802712,0.5284537936511137,0.7355295217185495,0.21134782805498137
2021-03-01 23:50:00,0.50697350069735,-0.33864541832669326,-0.13745346239761735,-0.17300482056775568,0.4798131159126304,0.00011135857461024499,0.5,-0.19924035003400353,0.5418827782199777,0.3162442424802712,0.5284537936511137,0.7355295217185495,0.4070265703034235
2021-03-02 00:00:00,0.28521617852161785,-0.1633466135458168,-0.14430379746835464,-0.1740760578468129,0.44596982109905636,0.00011135857461024499,0.5,-0.2246338247688715,0.5441327329622678,0.34800864415792065,0.5323268769938694,0.7471431047771296,0.1729634714908641
2021-03-02 00:10:00,0.19456066945606695,-0.5139442231075697,-0.16306775874906942,-0.1758614533119086,0.41247987855151746,0.00011135857461024499,0.5,-0.2246338247688715,0.5441327329622678,0.34800864415792065,0.5323268769938694,0.7471431047771296,0.05060579084750366
2021-03-02 00:20:00,0.20571827057182707,-0.2749003984063746,-0.1705137751303054,-0.18585966791644348,0.37401683003756003,0.00011135857461024499,0.5,-0.2246338247688715,0.5441327329622678,0.34800864415792065,0.5323268769938694,0.7471431047771296,0.07857929598503252
2021-03-02 00:30:00,0.23570432357043236,-0.10756972111553798,-0.16902457185405817,-0.19692911980003558,0.3672900498619308,0.00011135857461024499,0.5,-0.2246338247688715,0.5441327329622678,0.34800864415792065,0.5323268769938694,0.7471431047771296,0.09764322464806796
2021-03-02 00:40:00,0.20362622036262204,0.47410358565737054,-0.17259865971705146,-0.20192822710230307,0.3612045386135504,0.00011135857461024499,0.5,-0.2246338247688715,0.5441327329622678,0.34800864415792065,0.5323268769938694,0.7471431047771296,0.0848559832219322
2021-03-02 00:50:00,0.2175732217573222,0.6733067729083664,-0.17289650037230098,-0.2062131762185324,0.3750899739566293,0.00011135857461024499,0.5,-0.2246338247688715,0.5441327329622678,0.34800864415792065,0.5323268769938694,0.7471431047771296,0.07909983855636193
2021-03-02 01:00:00,0.1799163179916318,0.13147410358565725,-0.17319434102755038,-0.21192644170683805,0.3736373035295965,0.00011135857461024499,0.5,-0.2762584370808976,0.545557991649595,0.4077462124742742,0.5363464937979214,0.7418355717951759,0.05225794770433182
2021-03-02 01:10:00,0.20292887029288703,0.13147410358565725,-0.19076693968726743,-0.21978218175325825,0.35454319404274254,0.00011135857461024499,0.5,-0.2762584370808976,0.545557991649595,0.4077462124742742,0.5363464937979214,0.7418355717951759,0.08647041960257706
2021-03-02 01:20:00,0.25592747559274753,-0.42629482071713154,-0.2011913626209978,-0.23085163363685057,0.3610605802829435,0.00011135857461024499,0.5,-0.2762584370808976,0.545557991649595,0.4077462124742742,0.5363464937979214,0.7418355717951759,0.11500218778761863
2021-03-02 01:30:00,0.2838214783821479,-0.298804780876494,-0.20982874162323173,-0.23763613640421344,0.3610605802829435,0.00011135857461024499,0.5,-0.2762584370808976,0.545557991649595,0.4077462124742742,0.5363464937979214,0.7418355717951759,0.1438055434011799
2021-03-02 01:40:00,0.3458856345885635,-0.31474103585657376,-0.21995532390171268,-0.24013569005534718,0.3610605802829435,0.00011135857461024499,0.5,-0.2762584370808976,0.545557991649595,0.4077462124742742,0.5363464937979214,0.7418355717951759,0.22040074233897128
2021-03-02 01:50:00,0.3772663877266388,-0.07569721115537853,-0.231571109456441,-0.2365648991251561,0.3526324743819607,0.00011135857461024499,0.5,-0.2762584370808976,0.545557991649595,0.4077462124742742,0.5363464937979214,0.7418355717951759,0.2659897098540972
2021-03-02 02:00:00,0.5536959553695956,0.1633466135458166,-0.2405063291139241,-0.2433494018925193,0.35450393267984975,0.00011135857461024499,0.5,-0.29745425873926,0.5483395448942116,0.43537381062618663,0.5420961330324583,0.7370630405781851,0.6451559364485417
2021-03-02 02:10:00,0.5446304044630405,-0.17928286852589637,-0.24676098287416237,-0.2369219782181754,0.3551582887280627,0.00011135857461024499,0.5,-0.29745425873926,0.5483395448942116,0.43537381062618663,0.5420961330324583,0.7370630405781851,0.611132066931213
2021-03-02 02:20:00,0.5383542538354253,0.20318725099601576,-0.2556962025316457,-0.23477950366006073,0.35645391370352436,0.00011135857461024499,0.5,-0.29745425873926,0.5483395448942116,0.43537381062618663,0.5420961330324583,0.7370630405781851,0.6194003953105904
2021-03-02 02:30:00,0.4804741980474198,0.05976095617529875,-0.2622486969471334,-0.23477950366006073,0.3610213189200508,0.00011135857461024499,0.5,-0.29745425873926,0.5483395448942116,0.43537381062618663,0.5420961330324583,0.7370630405781851,0.5245032213286661
2021-03-02 02:40:00,0.4860529986052998,-0.06772908366533881,-0.26880119136262115,-0.23477950366006073,0.3610213189200508,0.00011135857461024499,0.5,-0.29745425873926,0.5483395448942116,0.43537381062618663,0.5420961330324583,0.7370630405781851,0.4990494440001811
2021-03-02 02:50:00,0.4428172942817294,-0.31474103585657376,-0.27654504839910654,-0.23585074093911806,0.3610213189200508,0.00011135857461024499,0.5,-0.29745425873926,0.5483395448942116,0.43537381062618663,0.5420961330324583,0.7370630405781851,0.41220936373100775
2021-03-02 03:00:00,0.3612273361227336,-0.019920318725099695,-0.2830975428145942,-0.23727905731119447,0.3610213189200508,0.00011135857461024499,0.5,-0.3131760379398064,0.5483539124213024,0.46184055229072596,0.5397775719011175,0.741360608421255,0.27214569156721036
2021-03-02 03:10:00,0.25662482566248257,0.2749003984063745,-0.2902457185405809,-0.25691840742724503,0.3622122469277983,0.00011135857461024499,0.5,-0.3131760379398064,0.5483539124213024,0.46184055229072596,0.5397775719011175,0.741360608421255,0.14671756416252998
2021-03-02 03:20:00,0.25732217573221755,0.13147410358565725,-0.2950111690245719,-0.27120157114800925,0.37491984138409395,0.00011135857461024499,0.5,-0.3131760379398064,0.5483539124213024,0.46184055229072596,0.5397775719011175,0.741360608421255,0.12453038007151802
2021-03-02 03:30:00,0.25732217573221755,0.2749003984063745,-0.2985852568875653,-0.28227102303160145,0.38491840180078785,0.00011135857461024499,0.5,-0.3131760379398064,0.5483539124213024,0.46184055229072596,0.5397775719011175,0.741360608421255,0.11180349140727552
2021-03-02 03:40:00,0.23430962343096234,-0.15537848605577698,-0.2985852568875653,-0.2847705766827352,0.38868749263849445,0.00011135857461024499,0.5,-0.3131760379398064,0.5483539124213024,0.46184055229072596,0.5397775719011175,0.741360608421255,0.09494998264858096
2021-03-02 03:50:00,0.24058577405857742,-0.5617529880478087,-0.2985852568875653,-0.2861988930548115,0.38868749263849445,0.00011135857461024499,0.5,-0.3131760379398064,0.5483539124213024,0.46184055229072596,0.5397775719011175,0.741360608421255,0.09354678093456252
2021-03-02 04:00:00,0.2175732217573222,-0.6653386454183268,-0.2985852568875653,-0.2883413676129263,0.3856381934538221,0.00011135857461024499,0.5,-0.36250132161617066,0.5494774530397393,0.5209895762594831,0.519659010444416,0.7411675194093401,0.07684415408060112
2021-03-02 04:10:00,0.20571827057182707,0.31474103585657365,-0.29947877885331353,-0.29369755400821274,0.3593330803156614,0.00011135857461024499,0.5,-0.36250132161617066,0.5494774530397393,0.5209895762594831,0.519659010444416,0.7411675194093401,0.10656788931303468
2021-03-02 04:20:00,0.30613668061366806,0.3545816733067728,-0.3015636634400597,-0.2986966613104802,0.3725772467314915,0.00011135857461024499,0.5,-0.36250132161617066,0.5494774530397393,0.5209895762594831,0.519659010444416,0.7411675194093401,0.19074490396366764
2021-03-02 04:30:00,0.35564853556485354,-0.19521912350597614,-0.3015636634400597,-0.2961971076593465,0.3870254282760336,0.00011135857461024499,0.5,-0.36250132161617066,0.5494774530397393,0.5209895762594831,0.519659010444416,0.7411675194093401,0.22557599167131887
2021-03-02 04:40:00,0.3396094839609484,0.1633466135458166,-0.2982874162323158,-0.2915550794500982,0.3870254282760336,0.00011135857461024499,0.5,-0.36250132161617066,0.5494774530397393,0.5209895762594831,0.519659010444416,0.7411675194093401,0.20504096443713507
2021-03-02 04:50:00,0.29218967921896793,0.36254980079681287,-0.29203276247207755,-0.29548294947330833,0.3870254282760336,0.00011135857461024499,0.5,-0.36250132161617066,0.5494774530397393,0.5209895762594831,0.519659010444416,0.7411675194093401,0.15239826787573366
2021-03-02 05:00:00,0.2782426778242678,-0.17131474103585675,-0.29620253164556976,-0.29976789858953756,0.3870254282760336,0.00011135857461024499,0.5,-0.382086889467528,0.5412448600171825,0.5517321097292176,0.4757124428635698,0.7471559096698055,0.12027551035804276
2021-03-02 05:10:00,0.22036262203626222,0.043824701195219085,-0.3018615040953091,-0.3036957686127477,0.37620237923859134,0.00011135857461024499,0.5,-0.382086889467528,0.5412448600171825,0.5517321097292176,0.4757124428635698,0.7471559096698055,0.0876925630309157
2021-03-02 05:20:00,0.19316596931659694,0.2111553784860556,-0.30067014147431137,-0.3036957686127477,0.37316616717488316,0.00011135857461024499,0.5,-0.382086889467528,0.5412448600171825,0.5517321097292176,0.4757124428635698,0.7471559096698055,0.07439232312868718
2021-03-02 05:30:00,0.2099023709902371,0.3227091633466135,-0.2938198064035742,-0.3040528477057667,0.37316616717488316,0.00011135857461024499,0.5,-0.382086889467528,0.5412448600171825,0.5517321097292176,0.4757124428635698,0.7471559096698055,0.08319628226986737
2021-03-02 05:40:00,0.2524407252440725,0.4183266932270917,-0.2935219657483248,-0.30476700589180505,0.37316616717488316,0.00011135857461024499,0.5,-0.382086889467528,0.5412448600171825,0.5517321097292176,0.4757124428635698,0.7471559096698055,0.10575312702747561
2021-03-02 05:50:00,0.23709902370990238,0.12350597609561742,-0.2988830975428147,-0.3086948759150152,0.37316616717488316,0.00011135857461024499,0.5,-0.382086889467528,0.5412448600171825,0.5517321097292176,0.4757124428635698,0.7471559096698055,0.10864251550311571
2021-03-02 06:00:00,0.39191073919107394,0.3306772908366533,-0.3015636634400597,-0.3115515086591679,0.37686982240776856,0.00011135857461024499,0.5,-0.42587099091695324,0.5535721982603814,0.6436398849187192,0.40331212927668275,0.7627058982428657,0.2934803928964799
2021-03-02 06:10:00,0.4546722454672245,-0.47410358565737054,-0.3015636634400597,-0.3008391358685949,0.3847613563492167,0.00011135857461024499,0.5,-0.42587099091695324,0.5535721982603814,0.6436398849187192,0.40331212927668275,0.7627058982428657,0.4068304238272704
2021-03-02 06:20:00,0.48465829846582986,-0.19521912350597614,-0.3015636634400597,-0.2926263167291554,0.3847613563492167,0.00011135857461024499,0.5,-0.42587099091695324,0.5535721982603814,0.6436398849187192,0.40331212927668275,0.7627058982428657,0.5040285468563755
2021-03-02 06:30:00,0.43654114365411434,0.2350597609561753,-0.302457185405808,-0.2879842885199072,0.3847613563492167,0.00011135857461024499,0.5,-0.42587099091695324,0.5535721982603814,0.6436398849187192,0.40331212927668275,0.7627058982428657,0.37764231935663956
2021-03-02 06:40:00,0.299163179916318,0.05179282868525892,-0.30781831720029795,-0.291198000357079,0.39280993574223605,0.00011135857461024499,0.5,-0.42587099091695324,0.5535721982603814,0.6436398849187192,0.40331212927668275,0.7627058982428657,0.1442053804487228
2021-03-02 06:50:00,0.2629009762900976,-0.21115537848605592,-0.3143708116157856,-0.30012497768255664,0.3959639318946225,0.00011135857461024499,0.5,-0.42587099091695324,0.5535721982603814,0.6436398849187192,0.40331212927668275,0.7627058982428657,0.11278422378804111
2021-03-02 07:00:00,0.2907949790794979,0.027888446215139417,-0.3179448994787789,-0.30655240135690043,0.38643650783264183,0.00011135857461024499,0.5,-0.43417464278007345,0.5693879720810211,0.6758755278796412,0.3757065469349758,0.7762253565589708,0.13813238378321288
2021-03-02 07:10:00,0.36610878661087864,0.09960159362549792,-0.3176470588235296,-0.3122656668452063,0.3820784965515437,0.00011135857461024499,0.5,-0.43417464278007345,0.5693879720810211,0.6758755278796412,0.3757065469349758,0.7762253565589708,0.23937414185916683
2021-03-02 07:20:00,0.3842398884239888,0.2589641434262948,-0.31139240506329124,-0.30619532226388146,0.38381908363979006,0.00011135857461024499,0.5,-0.43417464278007345,0.5693879720810211,0.6758755278796412,0.3757065469349758,0.7762253565589708,0.2678531013775518
2021-03-02 07:30:00,0.37099023709902373,0.05179282868525892,-0.3087118391660463,-0.3036957686127477,0.39326798497598514,0.00011135857461024499,0.5,-0.43417464278007345,0.5693879720810211,0.6758755278796412,0.3757065469349758,0.7762253565589708,0.23938923004964016
2021-03-02 07:40:00,0.3800557880055788,0.05179282868525892,-0.3104988830975429,-0.3008391358685949,0.39326798497598514,0.00011135857461024499,0.5,-0.43417464278007345,0.5693879720810211,0.6758755278796412,0.3757065469349758,0.7762253565589708,0.2789655536611494
2021-03-02 07:50:00,0.37377963737796377,-0.17928286852589637,-0.3104988830975429,-0.3019103731476521,0.39326798497598514,0.00011135857461024499,0.5,-0.43417464278007345,0.5693879720810211,0.6758755278796412,0.3757065469349758,0.7762253565589708,0.23318043966987037
2021-03-02 08:00:00,0.3528591352859135,-0.0916334661354582,-0.3104988830975429,-0.3019103731476521,0.38622711389721376,0.00011135857461024499,0.5,-0.44772636991978265,0.5661064288936719,0.7192462117767965,0.37986239971683367,0.7994169072795763,0.2126076919595033
2021-03-02 08:10:00,0.40794979079497906,0.298804780876494,-0.3104988830975429,-0.3026245313336904,0.3820523223096151,0.00011135857461024499,0.5,-0.44772636991978265,0.5661064288936719,0.7192462117767965,0.37986239971683367,0.7994169072795763,0.30224663156147685
2021-03-02 08:20:00,0.40585774058577406,0.3227091633466135,-0.31109456440804184,-0.3026245313336904,0.3893418486867074,0.00011135857461024499,0.5,-0.44772636991978265,0.5661064288936719,0.7192462117767965,0.37986239971683367,0.7994169072795763,0.30481916803717735
2021-03-02 08:30:00,0.31659693165969316,0.03585657370517925,-0.3179448994787789,-0.30798071772897684,0.40360681053774977,0.00011135857461024499,0.5,-0.44772636991978265,0.5661064288936719,0.7192462117767965,0.37986239971683367,0.7994169072795763,0.20478446519908866
2021-03-02 08:40:00,0.3668061366806137,0.05179282868525892,-0.31943410275502615,-0.30619532226388146,0.39663137506379975,0.00011135857461024499,0.5,-0.44772636991978265,0.5661064288936719,0.7192462117767965,0.37986239971683367,0.7994169072795763,0.26593690118744057
2021-03-02 08:50:00,0.31241283124128316,-0.05179282868525903,-0.31943410275502615,-0.31083735047312977,0.40445747340042665,0.00011135857461024499,0.5,-0.44772636991978265,0.5661064288936719,0.7192462117767965,0.37986239971683367,0.7994169072795763,0.21635710729212249
2021-03-02 09:00:00,0.37796373779637377,-0.29083665338645437,-0.3185405807892778,-0.3072665595429388,0.40445747340042665,0.00011135857461024499,0.5,-0.44000186110239303,0.5802239610122801,0.7146030394555515,0.37334352309616614,0.8077981774721952,0.2924317636585844
2021-03-02 09:10:00,0.32566248256624825,-0.003984063745020028,-0.3164556962025318,-0.30619532226388146,0.40445747340042665,0.00011135857461024499,0.5,-0.44000186110239303,0.5802239610122801,0.7146030394555515,0.37334352309616614,0.8077981774721952,0.22626250433785478
2021-03-02 09:20:00,0.3193863319386332,-0.17928286852589637,-0.3140729709605362,-0.30512408498482413,0.40445747340042665,0.00011135857461024499,0.5,-0.44000186110239303,0.5802239610122801,0.7146030394555515,0.37334352309616614,0.8077981774721952,0.21231347224527364
2021-03-02 09:30:00,0.2635983263598326,0.1633466135458166,-0.3104988830975429,-0.3058382431708624,0.40445747340042665,0.00011135857461024499,0.5,-0.44000186110239303,0.5802239610122801,0.7146030394555515,0.37334352309616614,0.8077981774721952,0.13679707892632437
2021-03-02 09:40:00,0.20571827057182707,-0.07569721115537853,-0.3104988830975429,-0.3058382431708624,0.40445747340042665,0.00011135857461024499,0.5,-0.44000186110239303,0.5802239610122801,0.7146030394555515,0.37334352309616614,0.8077981774721952,0.09200024141104758
2021-03-02 09:50:00,0.21338912133891214,-0.003984063745020028,-0.30752047654504844,-0.3026245313336904,0.40445747340042665,0.00011135857461024499,0.5,-0.44000186110239303,0.5802239610122801,0.7146030394555515,0.37334352309616614,0.8077981774721952,0.0894654254115304
2021-03-02 10:00:00,0.19456066945606695,0.12350597609561742,-0.29947877885331353,-0.2976254240314229,0.40445747340042665,0.00011135857461024499,0.5,-0.27424817967175896,0.5943472401417212,0.5744107867079016,0.43242336824748057,0.7835800407052929,0.07826998808032953
2021-03-02 10:10:00,0.2301255230125523,0.3545816733067728,-0.289650037230082,-0.29012676307802165,0.4098886286005942,0.00011135857461024499,0.5,-0.27424817967175896,0.5943472401417212,0.5744107867079016,0.43242336824748057,0.7835800407052929,0.09830710502889389
2021-03-02 10:20:00,0.301952580195258,-0.3466135458167332,-0.2792256142963515,-0.2844134975897161,0.4137624164060148,0.00011135857461024499,0.5,-0.27424817967175896,0.5943472401417212,0.5744107867079016,0.43242336824748057,0.7835800407052929,0.15861460235074007
2021-03-02 10:30:00,0.28033472803347276,-0.14741035856573714,-0.2673119880863739,-0.27905731119442967,0.398515920482653,0.00011135857461024499,0.5,-0.27424817967175896,0.5943472401417212,0.5744107867079016,0.43242336824748057,0.7835800407052929,0.15211159225674065
2021-03-02 10:40:00,0.2594142259414226,0.29083665338645415,-0.2553983618763962,-0.27155865024102843,0.39731190535394123,0.00011135857461024499,0.5,-0.27424817967175896,0.5943472401417212,0.5744107867079016,0.43242336824748057,0.7835800407052929,0.13013564283235513
2021-03-02 10:50:00,0.3765690376569038,-0.2828685258964144,-0.24616530156366356,-0.25870380289234074,0.39188075015377366,0.00011135857461024499,0.5,-0.27424817967175896,0.5943472401417212,0.5744107867079016,0.43242336824748057,0.7835800407052929,0.2684264526155378
2021-03-02 11:00:00,0.36750348675034866,0.08366533864541825,-0.23663440059568142,-0.2494197464738439,0.3905589509363835,0.00011135857461024499,0.5,-0.2540223659147435,0.5882697761826646,0.5362879248732842,0.5782755592467587,0.7600086718927955,0.26568040194939424
2021-03-02 11:10:00,0.4121338912133891,0.05179282868525892,-0.2241250930752049,-0.2369219782181754,0.3905589509363835,0.00011135857461024499,0.5,-0.2540223659147435,0.5882697761826646,0.5362879248732842,0.5782755592467587,0.7600086718927955,0.33873742022119285
2021-03-02 11:20:00,0.3688981868898187,0.15537848605577675,-0.21221146686522718,-0.22335297268344934,0.4009108636191125,0.00011135857461024499,0.5,-0.2540223659147435,0.5882697761826646,0.5362879248732842,0.5782755592467587,0.7600086718927955,0.2658991807112573
2021-03-02 11:30:00,0.40446304044630405,-0.0916334661354582,-0.2014892032762473,-0.20871272986966605,0.4097577573909516,0.00011135857461024499,0.5,-0.2540223659147435,0.5882697761826646,0.5362879248732842,0.5782755592467587,0.7600086718927955,0.34765454079092295
2021-03-02 11:40:00,0.5411436541143654,0.346613545816733,-0.19076693968726743,-0.19478664524192102,0.394170996322519,0.7336302895322939,0.5,-0.2540223659147435,0.5882697761826646,0.5362879248732842,0.5782755592467587,0.7600086718927955,0.0681156358917875
2021-03-02 11:50:00,0.5181311018131102,0.7051792828685257,-0.162174236783321,-0.1662203178003927,0.3903364698799911,0.9995545657015591,0.5,-0.2540223659147435,0.5882697761826646,0.5362879248732842,0.5782755592467587,0.7600086718927955,0.0
2021-03-02 12:00:00,0.5446304044630405,0.1872509960159361,-0.13268801191362634,-0.13551151580074983,0.3903364698799911,0.9995545657015591,0.5,-0.24186509809310386,0.580856132204238,0.5014675564452834,0.6736607600658778,0.7499685484443269,0.0
2021-03-02 12:10:00,0.604602510460251,0.05976095617529875,-0.11451973194341047,-0.1312265666845207,0.3903364698799911,0.9995545657015591,0.5,-0.24186509809310386,0.580856132204238,0.5014675564452834,0.6736607600658778,0.7499685484443269,0.0
2021-03-02 12:20:00,0.604602510460251,-0.3227091633466136,-0.10022338049143709,-0.13229780396357804,0.3903364698799911,0.9995545657015591,0.5,-0.24186509809310386,0.580856132204238,0.5014675564452834,0.6736607600658778,0.7499685484443269,0.0
2021-03-02 12:30:00,0.5948396094839609,0.14741035856573692,-0.0963514519731945,-0.13408319942867342,0.3903364698799911,0.9995545657015591,0.5,-0.24186509809310386,0.580856132204238,0.5014675564452834,0.6736607600658778,0.7499685484443269,0.0
2021-03-02 12:40:00,0.6673640167364017,0.3306772908366533,-0.09158600148920337,-0.13194072487055875,0.3903364698799911,0.9995545657015591,0.5,-0.24186509809310386,0.580856132204238,0.5014675564452834,0.6736607600658778,0.7499685484443269,0.0
2021-03-02 12:50:00,0.6771269177126918,-0.26693227091633476,-0.07907669396872685,-0.1312265666845207,0.3903364698799911,0.9995545657015591,0.5,-0.24186509809310386,0.580856132204238,0.5014675564452834,0.6736607600658778,0.7499685484443269,0.0
2021-03-02 13:00:00,0.6297071129707112,-0.6812749003984064,-0.06746090841399865,-0.12408498482413843,0.3903364698799911,0.9995545657015591,0.5,-0.09526132645903929,0.5613536509323109,0.37711476817680734,0.737646067784954,0.7453733336747342,0.0
2021-03-02 13:10:00,0.6750348675034867,-0.9601593625498008,-0.056440804169769265,-0.12051419389394735,0.3903364698799911,0.9995545657015591,0.5,-0.09526132645903929,0.5613536509323109,0.37711476817680734,0.737646067784954,0.7453733336747342,0.0
2021-03-02 13:20:00,0.6506276150627616,-0.6892430278884463,-0.06031273268801207,-0.11908587752187105,0.3903364698799911,0.9995545657015591,0.5,-0.09526132645903929,0.5613536509323109,0.37711476817680734,0.737646067784954,0.7453733336747342,0.0
2021-03-02 13:30:00,0.6471408647140864,-0.7211155378486056,-0.059121370067014345,-0.11337261203356541,0.3903364698799911,0.9995545657015591,0.5,-0.09526132645903929,0.5613536509323109,0.37711476817680734,0.737646067784954,0.7453733336747342,0.0
2021-03-02 13:40:00,0.6499302649930265,-0.7529880478087649,-0.05465376023827262,-0.11230137475450808,0.3903364698799911,0.9995545657015591,0.5,-0.09526132645903929,0.5613536509323109,0.37711476817680734,0.737646067784954,0.7453733336747342,0.0
2021-03-02 13:50:00,0.6931659693165969,-0.7848605577689244,-0.0498883097542816,-0.1105159792894127,0.3903364698799911,0.9995545657015591,0.5,-0.09526132645903929,0.5613536509323109,0.37711476817680734,0.737646067784954,0.7453733336747342,0.0
2021-03-02 14:00:00,0.6317991631799164,-0.7290836653386454,-0.04333581533879394,-0.10980182110337433,0.3903364698799911,0.9995545657015591,0.5,-0.0852619034674873,0.5416327832486135,0.3399761107553975,0.7926810089844346,0.7446040300498437,0.0
2021-03-02 14:10:00,0.6164574616457461,-0.647410358565737,-0.035591958302308435,-0.10587395108016429,0.3903364698799911,0.9995545657015591,0.5,-0.0852619034674873,0.5416327832486135,0.3399761107553975,0.7926810089844346,0.7446040300498437,0.0
2021-03-02 14:20:00,0.6847977684797769,-0.5657370517928286,-0.0385703648548027,-0.10266023924299217,0.3903364698799911,0.9995545657015591,0.5,-0.0852619034674873,0.5416327832486135,0.3399761107553975,0.7926810089844346,0.7446040300498437,0.0
2021-03-02 14:30:00,0.6687587168758717,-0.48406374501992033,-0.02903946388682077,-0.1008748437778968,0.3903364698799911,0.9995545657015591,0.5,-0.0852619034674873,0.5416327832486135,0.3399761107553975,0.7926810089844346,0.7446040300498437,0.0
2021-03-02 14:40:00,0.6276150627615062,-0.40239043824701204,-0.024571854058079046,-0.09908944831280142,0.3903364698799911,0.9995545657015591,0.5,-0.0852619034674873,0.5416327832486135,0.3399761107553975,0.7926810089844346,0.7446040300498437,0.0
2021-03-02 14:50:00,0.6401673640167364,-0.6414342629482073,-0.01593447505584522,-0.09908944831280142,0.3903364698799911,0.9995545657015591,0.5,-0.0852619034674873,0.5416327832486135,0.3399761107553975,0.7926810089844346,0.7446040300498437,0.0
2021-03-02 15:00:00,0.7866108786610878,-0.8326693227091634,-0.011169024571854091,-0.09908944831280142,0.3903364698799911,0.9995545657015591,0.5,-0.07930951100034922,0.5146103382977953,0.31521172188597457,0.8309330862765676,0.7438159859107234,0.0
2021-03-02 15:10:00,0.6380753138075315,-0.5776892430278885,-0.009977661950856476,-0.10266023924299217,0.3903364698799911,0.9995545657015591,0.5,-0.07930951100034922,0.5146103382977953,0.31521172188597457,0.8309330862765676,0.7438159859107234,0.0
2021-03-02 15:20:00,0.7747559274755927,-0.5936254980079682,-0.004616530156366427,-0.10158900196393505,0.3903364698799911,0.9995545657015591,0.5,-0.07930951100034922,0.5146103382977953,0.31521172188597457,0.8309330862765676,0.7438159859107234,0.0
2021-03-02 15:30:00,0.7503486750348675,-0.7171314741035857,-0.006701414743112699,-0.10730226745224059,0.3903364698799911,0.9995545657015591,0.5,-0.07930951100034922,0.5146103382977953,0.31521172188597457,0.8309330862765676,0.7438159859107234,0.0
2021-03-02 15:40:00,0.7377963737796374,-0.8406374501992032,-0.017125837676842948,-0.10980182110337433,0.3903364698799911,0.9995545657015591,0.5,-0.07930951100034922,0.5146103382977953,0.31521172188597457,0.8309330862765676,0.7438159859107234,0.0
2021-03-02 15:50:00,0.7705718270571827,-0.5856573705179284,-0.00967982129560696,-0.10980182110337433,0.3903364698799911,0.9995545657015591,0.5,-0.07930951100034922,0.5146103382977953,0.31521172188597457,0.8309330862765676,0.7438159859107234,0.0
2021-03-02 16:00:00,0.7454672245467224,-0.9601593625498008,-0.00967982129560696,-0.10980182110337433,0.3903364698799911,0.9995545657015591,0.5,-0.008930890063881258,0.4907975988988723,0.2588482969560679,0.8248286856266017,0.7415759997093527,0.0
2021-03-02 16:10:00,0.7747559274755927,-0.31474103585657376,-0.011169024571854091,-0.11123013747545074,0.3903364698799911,0.9995545657015591,0.5,-0.008930890063881258,0.4907975988988723,0.2588482969560679,0.8248286856266017,0.7415759997093527,0.0
2021-03-02 16:20:00,0.7733612273361228,-0.6334661354581674,-0.004318689501117023,-0.11337261203356541,0.3903364698799911,0.9995545657015591,0.5,-0.008930890063881258,0.4907975988988723,0.2588482969560679,0.8248286856266017,0.7415759997093527,0.0
2021-03-02 16:30:00,0.8326359832635983,-0.5856573705179284,-0.0007446016381237319,-0.11765756114979464,0.3903364698799911,0.9995545657015591,0.5,-0.008930890063881258,0.4907975988988723,0.2588482969560679,0.8248286856266017,0.7415759997093527,0.0
2021-03-02 16:40:00,0.7203626220362622,-0.3067729083665339,0.0040208488458675085,-0.12051419389394735,0.3903364698799911,0.9995545657015591,0.5,-0.008930890063881258,0.4907975988988723,0.2588482969560679,0.8248286856266017,0.7415759997093527,0.0
2021-03-02 16:50:00,0.7412831241283124,-0.05179282868525903,-0.0007446016381237319,-0.1180146402428136,0.3921555796940231,0.4527839643652561,0.5,-0.008930890063881258,0.4907975988988723,0.2588482969560679,0.8248286856266017,0.7415759997093527,0.10367850083739458
2021-03-02 17:00:00,0.7189679218967923,-0.3067729083665339,-0.0016381236038721658,-0.11158721656846982,0.38935493580767166,0.7416481069042316,0.5,-0.00847488662451068,0.48558506007063046,0.2567928936408677,0.7942494088404133,0.7410687276144301,0.05538120313230834
2021-03-02 17:10:00,0.6617852161785216,-0.11553784860557781,0.0025316455696200446,-0.10980182110337433,0.38935493580767166,0.9979955456570156,0.5,-0.00847488662451068,0.48558506007063046,0.2567928936408677,0.7942494088404133,0.7410687276144301,0.0
2021-03-02 17:20:00,0.6569037656903766,-0.33864541832669326,0.00431868950111669,-0.11480092840564182,0.38935493580767166,0.9979955456570156,0.5,-0.00847488662451068,0.48558506007063046,0.2567928936408677,0.7942494088404133,0.7410687276144301,0.0
2021-03-02 17:30:00,0.6924686192468619,-0.32005312084993365,0.007297096053611174,-0.12158543117300469,0.38935493580767166,0.9979955456570156,0.5,-0.00847488662451068,0.48558506007063046,0.2567928936408677,0.7942494088404133,0.7410687276144301,0.0
2021-03-02 17:40:00,0.6087866108786611,-0.30146082337317404,0.0010424422933730249,-0.1297982503124443,0.38935493580767166,0.9979955456570156,0.5,-0.00847488662451068,0.48558506007063046,0.2567928936408677,0.7942494088404133,0.7410687276144301,0.0
2021-03-02 17:50:00,0.5725244072524408,-0.2828685258964144,0.0040208488458675085,-0.1297982503124443,0.38328251168025546,0.5304008908685969,0.5,-0.00847488662451068,0.48558506007063046,0.2567928936408677,0.7942494088404133,0.7410687276144301,0.1605081702551413
2021-03-02 18:00:00,0.5244072524407252,-0.03585657370517936,0.005510052122114528,-0.11622924477771823,0.3791077200926568,0.013585746102449888,0.5,-0.10998358027404898,0.4922860747053956,0.30417242561305435,0.7343661520381793,0.7425492468560013,0.5665540081777992
2021-03-02 18:10:00,0.5627615062761506,-0.043824701195219196,0.011466865227103495,-0.09730405284770571,0.3763725118111267,0.00011135857461024499,0.5,-0.10998358027404898,0.4922860747053956,0.30417242561305435,0.7343661520381793,0.7425492468560013,0.7487589963335697
2021-03-02 18:20:00,0.5592747559274756,-0.02788844621513953,-0.010573343261355284,-0.09087662917336181,0.3760453337870202,0.00011135857461024499,0.5,-0.10998358027404898,0.4922860747053956,0.30417242561305435,0.7343661520381793,0.7425492468560013,0.6773993994900191
2021-03-02 18:30:00,0.5334728033472803,0.07569721115537842,-0.034400595681310486,-0.10801642563827896,0.3777728337543023,0.00011135857461024499,0.5,-0.10998358027404898,0.4922860747053956,0.30417242561305435,0.7343661520381793,0.7425492468560013,0.5797863512228978
2021-03-02 18:40:00,0.47419804741980476,-0.003984063745020028,-0.041250930752047776,-0.10980182110337433,0.37698760649644686,0.00011135857461024499,0.5,-0.10998358027404898,0.4922860747053956,0.30417242561305435,0.7343661520381793,0.7425492468560013,0.47453113448104167
2021-03-02 18:50:00,0.4693165969316597,-0.15537848605577698,-0.046016381236038795,-0.10980182110337433,0.3772755231576605,0.00011135857461024499,0.5,-0.10998358027404898,0.4922860747053956,0.30417242561305435,0.7343661520381793,0.7425492468560013,0.48120011467024765
2021-03-02 19:00:00,0.5139470013947002,-0.1872509960159363,-0.050781831720029924,-0.10980182110337433,0.3666356938137179,0.00011135857461024499,0.5,-0.11543931188574041,0.48413106632912595,0.3134506541516344,0.6068363394117511,0.7313096304629432,0.5562185977035774
2021-03-02 19:10:00,0.44072524407252445,0.08366533864541825,-0.054951600893522135,-0.10837350473129803,0.375835939851592,0.00011135857461024499,0.5,-0.11543931188574041,0.48413106632912595,0.3134506541516344,0.6068363394117511,0.7313096304629432,0.40125533744737996
2021-03-02 19:20:00,0.46373779637377965,-0.059760956175298974,-0.06031273268801207,-0.10944474201035537,0.36757796652314456,0.00011135857461024499,0.5,-0.11543931188574041,0.48413106632912595,0.3134506541516344,0.6068363394117511,0.7313096304629432,0.4592543416268087
2021-03-02 19:30:00,0.3933054393305439,0.07569721115537842,-0.06388682055100525,-0.11230137475450808,0.3659682506445407,0.00011135857461024499,0.5,-0.11543931188574041,0.48413106632912595,0.3134506541516344,0.6068363394117511,0.7313096304629432,0.3207824735579462
2021-03-02 19:40:00,0.401673640167364,-0.05179282868525903,-0.07014147431124362,-0.11587216568469916,0.3632199552420463,0.00011135857461024499,0.5,-0.11543931188574041,0.48413106632912595,0.3134506541516344,0.6068363394117511,0.7313096304629432,0.3429922899346681
2021-03-02 19:50:00,0.3207810320781032,-0.059760956175298974,-0.07460908413998513,-0.12265666845206213,0.3688866786195705,0.00011135857461024499,0.5,-0.11543931188574041,0.48413106632912595,0.3134506541516344,0.6068363394117511,0.7313096304629432,0.2073796339604991
2021-03-02 20:00:00,0.38354253835425384,0.09163346613545809,-0.07997021593447506,-0.13051240849848234,0.3610605802829435,0.00011135857461024499,0.5,-0.12142429032130031,0.49232917728666387,0.3205372810062752,0.47606154473144363,0.7030697373280947,0.30353667184694544
2021-03-02 20:10:00,0.3521617852161785,-0.17131474103585675,-0.08294862248696955,-0.13336904124263516,0.37043095889335304,0.00011135857461024499,0.5,-0.12142429032130031,0.49232917728666387,0.3205372810062752,0.47606154473144363,0.7030697373280947,0.25594097499886836
2021-03-02 20:20:00,0.3368200836820084,-0.01195219123505975,-0.09009679821295624,-0.14015354400999824,0.3710067922157805,0.00011135857461024499,0.5,-0.12142429032130031,0.49232917728666387,0.3205372810062752,0.47606154473144363,0.7030697373280947,0.21988019976764187
2021-03-02 20:30:00,0.3270571827057183,-0.0916334661354582,-0.09456440804169786,-0.14943760042849485,0.3710067922157805,0.00011135857461024499,0.5,-0.12142429032130031,0.49232917728666387,0.3205372810062752,0.47606154473144363,0.7030697373280947,0.2052672872942348
2021-03-02 20:40:00,0.3410041841004184,0.298804780876494,-0.09843633655994066,-0.15586502410283876,0.3710067922157805,0.00011135857461024499,0.5,-0.12142429032130031,0.49232917728666387,0.3205372810062752,0.47606154473144363,0.7030697373280947,0.22566652081415875
2021-03-02 20:50:00,0.37308228730822873,-0.07569721115537853,-0.10201042442293384,-0.15943581503302984,0.38120165944693823,0.00011135857461024499,0.5,-0.12142429032130031,0.49232917728666387,0.3205372810062752,0.47606154473144363,0.7030697373280947,0.2566652081415876
2021-03-02 21:00:00,0.30613668061366806,-0.3705179282868527,-0.10290394638868217,-0.1583645777539725,0.38239258745468585,0.00011135857461024499,0.5,-0.12499083623866547,0.4918809104414574,0.327106252608408,0.42704187082834283,0.6986888962797194,0.17300119196704739
2021-03-02 21:10:00,0.2705718270571827,-0.45019920318725104,-0.10528667163067773,-0.16514908052133537,0.3802462996165474,0.00011135857461024499,0.5,-0.12499083623866547,0.4918809104414574,0.327106252608408,0.42704187082834283,0.6986888962797194,0.13018090740377508
2021-03-02 21:20:00,0.3458856345885635,0.3227091633466135,-0.11005212211466875,-0.17050526691662193,0.3763725118111267,0.00011135857461024499,0.5,-0.12499083623866547,0.4918809104414574,0.327106252608408,0.42704187082834283,0.6986888962797194,0.213807203102132
2021-03-02 21:30:00,0.35704323570432356,0.027888446215139417,-0.11094564408041707,-0.16907695054454563,0.38236641321275733,0.00011135857461024499,0.5,-0.12499083623866547,0.4918809104414574,0.327106252608408,0.42704187082834283,0.6986888962797194,0.2216756944339665
2021-03-02 21:40:00,0.3117154811715481,-0.1633466135458168,-0.11154132539091599,-0.17050526691662193,0.38236641321275733,0.00011135857461024499,0.5,-0.12499083623866547,0.4918809104414574,0.327106252608408,0.42704187082834283,0.6986888962797194,0.1675015465395235
2021-03-02 21:50:00,0.2775453277545328,-0.298804780876494,-0.11392405063291144,-0.17371897875379394,0.38236641321275733,0.00011135857461024499,0.5,-0.12499083623866547,0.4918809104414574,0.327106252608408,0.42704187082834283,0.6986888962797194,0.13432261568870046
2021-03-02 22:00:00,0.2294281729428173,-0.29083665338645437,-0.11630677587490701,-0.17800392787002317,0.38236641321275733,0.00011135857461024499,0.5,-0.24310483242907555,0.49514521259629923,0.4226835212782052,0.37848973341447467,0.7237684714894284,0.10112105255216741
2021-03-02 22:10:00,0.26569037656903766,0.15537848605577675,-0.12017870439314982,-0.18300303517229055,0.38236641321275733,0.00011135857461024499,0.5,-0.24310483242907555,0.49514521259629923,0.4226835212782052,0.37848973341447467,0.7237684714894284,0.11725032816814279
2021-03-02 22:20:00,0.1882845188284519,0.3227091633466135,-0.12315711094564419,-0.18585966791644348,0.38236641321275733,0.00011135857461024499,0.5,-0.24310483242907555,0.49514521259629923,0.4226835212782052,0.37848973341447467,0.7237684714894284,0.06585995141602667
2021-03-02 22:30:00,0.13668061366806136,0.09960159362549792,-0.12881608339538353,-0.18478843063738626,0.38236641321275733,0.00011135857461024499,0.5,-0.24310483242907555,0.49514521259629923,0.4226835212782052,0.37848973341447467,0.7237684714894284,0.0298821612324034
2021-03-02 22:40:00,0.1087866108786611,0.4183266932270917,-0.13239017125837682,-0.1837171933583288,0.3941448220805905,0.00011135857461024499,0.5,-0.24310483242907555,0.49514521259629923,0.4226835212782052,0.37848973341447467,0.7237684714894284,0.010350498664695144
2021-03-02 22:50:00,0.1680613668061367,0.5139442231075697,-0.11034996276991826,-0.14336725584717003,0.41261074976116,0.00011135857461024499,0.5,-0.24310483242907555,0.49514521259629923,0.4226835212782052,0.37848973341447467,0.7237684714894284,0.03167765589872807
2021-03-02 23:00:00,0.23221757322175732,0.346613545816733,-0.08294862248696955,-0.0894483128012854,0.424781772257921,0.00011135857461024499,0.5,-0.3382845105250677,0.485079323117065,0.50551470238564,0.33345608970333834,0.7693722628609297,0.07171416931967349
2021-03-02 23:10:00,0.2189679218967922,0.027888446215139417,-0.07133283693224135,-0.0669523299410818,0.43902055986703487,0.00011135857461024499,0.5,-0.3382845105250677,0.485079323117065,0.50551470238564,0.33345608970333834,0.7693722628609297,0.09339589902982935
2021-03-02 23:20:00,0.22733612273361226,0.043824701195219085,-0.0689501116902459,-0.055882878057489815,0.44492285142191573,0.00011135857461024499,0.5,-0.3382845105250677,0.485079323117065,0.50551470238564,0.33345608970333834,0.7693722628609297,0.08904295607827753
2021-03-02 23:30:00,0.21827057182705717,0.1633466135458166,-0.11362620997766204,-0.10730226745224059,0.45740796482181884,0.00011135857461024499,0.5,-0.3382845105250677,0.485079323117065,0.50551470238564,0.33345608970333834,0.7693722628609297,0.08754168112618255
2021-03-02 23:40:00,0.21548117154811713,-0.33067729083665354,-0.13328369322412525,-0.15800749866095343,0.45740796482181884,0.00011135857461024499,0.5,-0.3382845105250677,0.485079323117065,0.50551470238564,0.33345608970333834,0.7693722628609297,0.08123481750833624
2021-03-02 23:50:00,0.25313807531380755,-0.5219123505976095,-0.14013402829486243,-0.17943224424209958,0.45740796482181884,0.00011135857461024499,0.5,-0.3382845105250677,0.485079323117065,0.50551470238564,0.33345608970333834,0.7693722628609297,0.10485537969431327
2021-03-03 00:00:00,0.25592747559274753,0.2669322709163344,-0.14579300074460166,-0.18943045884663456,0.44416379840598863,0.00011135857461024499,0.5,-0.3621532154212679,0.47539560985842444,0.5458500902345896,0.28687710924455057,0.8312485369645276,0.10857461864598578
2021-03-03 00:10:00,0.2301255230125523,0.4262948207171313,-0.15026061057334328,-0.19621496161399754,0.4435617908416328,0.00011135857461024499,0.5,-0.3621532154212679,0.47539560985842444,0.5458500902345896,0.28687710924455057,0.8312485369645276,0.09390889750592211
2021-03-03 00:20:00,0.20920502092050208,-0.15537848605577698,-0.15413253909158608,-0.20264238528834144,0.4435617908416328,0.00011135857461024499,0.5,-0.3621532154212679,0.47539560985842444,0.5458500902345896,0.28687710924455057,0.8312485369645276,0.08711166769769302
2021-03-03 00:30:00,0.21687587168758715,-0.4103585657370519,-0.15562174236783333,-0.20264238528834144,0.43707057884336026,0.00011135857461024499,0.5,-0.3621532154212679,0.47539560985842444,0.5458500902345896,0.28687710924455057,0.8312485369645276,0.08865820722120796
2021-03-03 00:40:00,0.22594142259414227,-0.1872509960159363,-0.16068503350707375,-0.2094268880557043,0.42859012445852035,0.00011135857461024499,0.5,-0.3621532154212679,0.47539560985842444,0.5458500902345896,0.28687710924455057,0.8312485369645276,0.07968073388958463
2021-03-03 00:50:00,0.1290097629009763,-0.3944223107569722,-0.1618763961280716,-0.21228352079985702,0.4155684390990826,0.00011135857461024499,0.5,-0.3621532154212679,0.47539560985842444,0.5458500902345896,0.28687710924455057,0.8312485369645276,0.029693558851486942
2021-03-03 01:00:00,0.10181311018131102,0.17928286852589648,-0.16515264333581536,-0.2062131762185324,0.398515920482653,0.00011135857461024499,0.5,-0.4441944111562083,0.4550368239719319,0.6480946114523045,0.26417247810602085,0.8954440002072803,0.01249302171190609
2021-03-03 01:10:00,0.09205020920502092,0.3705179282868525,-0.17140729709605362,-0.20371362256739867,0.3983327007891534,0.00011135857461024499,0.5,-0.4441944111562083,0.4550368239719319,0.6480946114523045,0.26417247810602085,0.8954440002072803,0.007378125141451785
2021-03-03 01:20:00,0.1199442119944212,-0.08366533864541836,-0.15264333581533884,-0.1680057132654883,0.4063812801821727,0.00011135857461024499,0.5,-0.4441944111562083,0.4550368239719319,0.6480946114523045,0.26417247810602085,0.8954440002072803,0.011685803521583656
2021-03-03 01:30:00,0.1394700139470014,-0.7211155378486056,-0.12553983618763975,-0.09837529012676305,0.39794008716022566,0.00011135857461024499,0.5,-0.4441944111562083,0.4550368239719319,0.6480946114523045,0.26417247810602085,0.8954440002072803,0.016966670187244442
2021-03-03 01:40:00,0.1394700139470014,-0.21912350597609564,-0.11273268801191372,-0.05552579896447052,0.38063891324547516,0.00011135857461024499,0.5,-0.4441944111562083,0.4550368239719319,0.6480946114523045,0.26417247810602085,0.8954440002072803,0.009928029331442281
2021-03-03 01:50:00,0.14016736401673638,0.25099601593625476,-0.10409530900967989,-0.020889126941617486,0.3710460535786732,0.00011135857461024499,0.5,-0.4441944111562083,0.4550368239719319,0.6480946114523045,0.26417247810602085,0.8954440002072803,0.011006834950284412
2021-03-03 02:00:00,0.13737796373779637,-0.42629482071713154,-0.09694713328369331,0.00910551687198713,0.3791731556974781,0.00011135857461024499,0.5,-0.45768506878907944,0.4392296706675458,0.6732642982607316,0.24660097523258548,0.9334602471719248,0.017404227710970624
2021-03-03 02:10:00,0.16457461645746163,-0.19521912350597614,-0.09545793000744618,0.023388680592751232,0.3654055044430776,0.00011135857461024499,0.5,-0.45768506878907944,0.4392296706675458,0.6732642982607316,0.24660097523258548,0.9334602471719248,0.022903873138494502
2021-03-03 02:20:00,0.08926080892608089,0.585657370517928,-0.09307520476545061,0.04159971433672571,0.3654055044430776,0.010356347438752784,0.5,-0.45768506878907944,0.4392296706675458,0.6732642982607316,0.24660097523258548,0.9334602471719248,0.0
2021-03-03 02:30:00,0.08786610878661089,-0.8645418326693228,-0.09754281459419223,0.025888234243884867,0.3798536859876196,0.6306236080178175,0.5,-0.45768506878907944,0.4392296706675458,0.6732642982607316,0.24660097523258548,0.9334602471719248,0.0
2021-03-03 02:40:00,0.09344490934449094,-0.6733067729083666,-0.11034996276991826,0.004106409569719638,0.38188218973707977,0.9986636971046772,0.5,-0.45768506878907944,0.4392296706675458,0.6732642982607316,0.24660097523258548,0.9334602471719248,0.0
2021-03-03 02:50:00,0.07182705718270573,-0.4820717131474104,-0.12464631422189132,-0.02053204784859841,0.38188218973707977,0.9986636971046772,0.5,-0.45768506878907944,0.4392296706675458,0.6732642982607316,0.24660097523258548,0.9334602471719248,0.0
2021-03-03 03:00:00,0.09135285913528592,-0.29083665338645415,-0.12941176470588256,-0.04017139796464908,0.38188218973707977,0.9986636971046772,0.5,-0.4703451344346302,0.43511481090897575,0.7075987149671229,0.25658443520123964,0.945824901846734,0.0
2021-03-03 03:10:00,0.11436541143654114,-0.09960159362549803,-0.13566641846612082,-0.06052490626673801,0.38188218973707977,0.9986636971046772,0.5,-0.4703451344346302,0.43511481090897575,0.7075987149671229,0.25658443520123964,0.945824901846734,0.0
2021-03-03 03:20:00,0.11436541143654114,0.09163346613545809,-0.14192107222635897,-0.08230673094090324,0.38188218973707977,0.9986636971046772,0.5,-0.4703451344346302,0.43511481090897575,0.7075987149671229,0.25658443520123964,0.945824901846734,0.0
2021-03-03 03:30:00,0.14365411436541145,0.2828685258964143,-0.14817572598659734,-0.10051776468487772,0.38188218973707977,0.9986636971046772,0.5,-0.4703451344346302,0.43511481090897575,0.7075987149671229,0.25658443520123964,0.945824901846734,0.0
2021-03-03 03:40:00,0.1924686192468619,0.47410358565737076,-0.14847356664184674,-0.11551508659167986,0.3571082697517373,0.9033407572383074,0.5,-0.4703451344346302,0.43511481090897575,0.7075987149671229,0.25658443520123964,0.945824901846734,0.0
2021-03-03 03:50:00,0.18619246861924685,0.6653386454183265,-0.154728220402085,-0.1183717193358329,0.32215256965620137,0.116815144766147,0.5,-0.4703451344346302,0.43511481090897575,0.7075987149671229,0.25658443520123964,0.945824901846734,0.0
2021-03-03 04:00:00,0.17294281729428174,0.3784860557768923,-0.14489947877885334,-0.11408677021960356,0.3376346337569198,0.1384187082405345,0.5,-0.49255272206236833,0.4245288169490851,0.769474496221383,0.2851836840161467,0.94057647443987,0.0
2021-03-03 04:10:00,0.16248256624825663,-0.21912350597609564,-0.14192107222635897,-0.108730583824317,0.34319666016672995,0.19888641425389755,0.5,-0.49255272206236833,0.4245288169490851,0.769474496221383,0.2851836840161467,0.94057647443987,0.0
2021-03-03 04:20:00,0.198744769874477,-0.13147410358565736,-0.14072970960536124,-0.10623103017318325,0.34319666016672995,0.3123608017817372,0.5,-0.49255272206236833,0.4245288169490851,0.769474496221383,0.2851836840161467,0.94057647443987,0.0
2021-03-03 04:30:00,0.20502092050209206,0.7211155378486056,-0.1276247207743858,-0.09837529012676305,0.34319666016672995,0.015478841870824054,0.5,-0.49255272206236833,0.4245288169490851,0.769474496221383,0.2851836840161467,0.94057647443987,0.023439503900297236
2021-03-03 04:40:00,0.201534170153417,0.5219123505976095,-0.11243484735666431,-0.0815925727548652,0.35815523942887806,0.00011135857461024499,0.5,-0.49255272206236833,0.4245288169490851,0.769474496221383,0.2851836840161467,0.94057647443987,0.0298821612324034
2021-03-03 04:50:00,0.20781032078103207,0.41035856573705165,-0.1079672375279227,-0.06873772540617751,0.3596471712188036,0.00011135857461024499,0.5,-0.49255272206236833,0.4245288169490851,0.769474496221383,0.2851836840161467,0.94057647443987,0.040821099325557886
2021-03-03 05:00:00,0.18270571827057183,0.31474103585657365,-0.10260610573343276,-0.0590965898946616,0.3596471712188036,0.00011135857461024499,0.5,-0.4916285079528775,0.41713241400316586,0.7809510475924529,0.3027492561177033,0.9367404718215487,0.03703396351675544
2021-03-03 05:10:00,0.18549511854951187,0.5537848605577689,-0.0999255398361878,-0.04909837529012662,0.3671984400151811,0.00011135857461024499,0.5,-0.4916285079528775,0.41713241400316586,0.7809510475924529,0.3027492561177033,0.9367404718215487,0.03286962294612007
2021-03-03 05:20:00,0.20781032078103207,0.4262948207171313,-0.09605361131794499,-0.041956793429744677,0.3872609964533902,0.00011135857461024499,0.5,-0.4916285079528775,0.41713241400316586,0.7809510475924529,0.3027492561177033,0.9367404718215487,0.045717217134149106
2021-03-03 05:30:00,0.20223152022315202,0.1394422310756971,-0.09605361131794499,-0.041956793429744677,0.39254819332295093,0.00011135857461024499,0.5,-0.4916285079528775,0.41713241400316586,0.7809510475924529,0.3027492561177033,0.9367404718215487,0.04699971332438101
2021-03-03 05:40:00,0.12273361227336123,0.5139442231075697,-0.09605361131794499,-0.03374397429030518,0.3949562235803746,0.00011135857461024499,0.5,-0.4916285079528775,0.41713241400316586,0.7809510475924529,0.3027492561177033,0.9367404718215487,0.017321242663367382
2021-03-03 05:50:00,0.10251046025104603,0.38645418326693215,-0.131794489947878,-0.044099267987859125,0.4090248786169531,0.00011135857461024499,0.5,-0.4916285079528775,0.41713241400316586,0.7809510475924529,0.3027492561177033,0.9367404718215487,0.017441948187153916
2021-03-03 06:00:00,0.18619246861924685,0.7370517928286848,-0.17974683544303804,-0.13051240849848234,0.4123490073418749,0.00011135857461024499,0.5,-0.5405079608821626,0.42092831466033837,0.8676148051431243,0.35183688075470737,0.9667821482904821,0.06407200084493868
2021-03-03 06:10:00,0.1387726638772664,0.5617529880478087,-0.1937453462397618,-0.1744331369398322,0.4416379840598867,0.00011135857461024499,0.5,-0.5405079608821626,0.42092831466033837,0.8676148051431243,0.35183688075470737,0.9667821482904821,0.03534408618374399
2021-03-03 06:20:00,0.14295676429567641,0.49800796812749004,-0.2011913626209978,-0.19085877521871086,0.45835023753124554,0.00011135857461024499,0.5,-0.5405079608821626,0.42092831466033837,0.8676148051431243,0.35183688075470737,0.9667821482904821,0.04391417837258778
2021-03-03 06:30:00,0.17852161785216178,-0.01195219123505975,-0.2014892032762473,-0.2065702553115515,0.45835023753124554,0.00011135857461024499,0.5,-0.5405079608821626,0.42092831466033837,0.8676148051431243,0.35183688075470737,0.9667821482904821,0.07363791360502135
2021-03-03 06:40:00,0.15132496513249652,-0.3067729083665339,-0.19821295606850342,-0.21835386538118184,0.45835023753124554,0.00011135857461024499,0.5,-0.5405079608821626,0.42092831466033837,0.8676148051431243,0.35183688075470737,0.9667821482904821,0.047263756657664045
2021-03-03 06:50:00,0.15132496513249652,-0.5139442231075697,-0.1973194341027551,-0.22049633993929663,0.4488882490740862,0.00011135857461024499,0.5,-0.5405079608821626,0.42092831466033837,0.8676148051431243,0.35183688075470737,0.9667821482904821,0.03291488751754002
2021-03-03 07:00:00,0.11645746164574616,-0.5458167330677292,-0.1973194341027551,-0.22335297268344934,0.4242190260564578,0.00011135857461024499,0.5,-0.5537807894876399,0.4272873821503615,0.9086720189835671,0.3580845601740849,0.9882235162100743,0.00884167961736349
2021-03-03 07:10:00,0.10739191073919108,-0.5697211155378487,-0.1967237527922563,-0.21871094447420092,0.4090248786169531,0.00011135857461024499,0.5,-0.5537807894876399,0.4272873821503615,0.9086720189835671,0.3580845601740849,0.9882235162100743,0.0006186158094059779
2021-03-03 07:20:00,0.10251046025104603,-0.29083665338645437,-0.1696202531645571,-0.16729155507945004,0.4090248786169531,0.00011135857461024499,0.5,-0.5537807894876399,0.4272873821503615,0.9086720189835671,0.3580845601740849,0.9882235162100743,0.0031609759041598146
2021-03-03 07:30:00,0.10599721059972106,-0.6414342629482073,-0.1466865227103501,-0.09266202463845752,0.4090248786169531,0.000556792873051225,0.5,-0.5537807894876399,0.4272873821503615,0.9086720189835671,0.3580845601740849,0.9882235162100743,0.0
2021-03-03 07:40:00,0.08786610878661089,-0.29083665338645437,-0.13417721518987347,-0.06088198535975731,0.4090248786169531,0.1326280623608018,0.5,-0.5537807894876399,0.4272873821503615,0.9086720189835671,0.3580845601740849,0.9882235162100743,0.0
2021-03-03 07:50:00,0.0885634588563459,0.43426294820717115,-0.14489947877885334,-0.07873594001071249,0.4090248786169531,0.9995545657015591,0.5,-0.5537807894876399,0.4272873821503615,0.9086720189835671,0.3580845601740849,0.9882235162100743,0.0
2021-03-03 08:00:00,0.10460251046025104,0.5219123505976095,-0.1583023082650783,-0.08873415461524714,0.4090248786169531,0.9995545657015591,0.5,-0.5710945116490669,0.43293669380213545,0.9517008120035149,0.3535113112396399,0.01131167885675064,0.0
2021-03-03 08:10:00,0.10111576011157601,0.6414342629482073,-0.16336559940431883,-0.10123192287091587,0.4090248786169531,0.9995545657015591,0.5,-0.5710945116490669,0.43293669380213545,0.9517008120035149,0.3535113112396399,0.01131167885675064,0.0
2021-03-03 08:20:00,0.11506276150627615,0.6352921646746348,-0.17140729709605362,-0.11444384931262286,0.4090248786169531,0.9995545657015591,0.5,-0.5710945116490669,0.43293669380213545,0.9517008120035149,0.3535113112396399,0.01131167885675064,0.0
2021-03-03 08:30:00,0.12273361227336123,0.6291500664010623,-0.1743857036485481,-0.12908409212640592,0.4090248786169531,0.9995545657015591,0.5,-0.5710945116490669,0.43293669380213545,0.9517008120035149,0.3535113112396399,0.01131167885675064,0.0
2021-03-03 08:40:00,0.11854951185495119,0.6230079681274898,-0.1740878629932987,-0.142653097661132,0.4090248786169531,0.9995545657015591,0.5,-0.5710945116490669,0.43293669380213545,0.9517008120035149,0.3535113112396399,0.01131167885675064,0.0
2021-03-03 08:50:00,0.08926080892608089,0.6168658698539173,-0.17349218168279978,-0.1490805213354759,0.4090248786169531,0.9995545657015591,0.5,-0.5710945116490669,0.43293669380213545,0.9517008120035149,0.3535113112396399,0.01131167885675064,0.0
2021-03-03 09:00:00,0.09135285913528592,0.6107237715803453,-0.1699180938198066,-0.15265131226566697,0.4090248786169531,0.9995545657015591,0.5,-0.5631236902658675,0.4347125201504582,0.9143228563308844,0.2975099796931148,0.0269969907649145,0.0
2021-03-03 09:10:00,0.08298465829846582,0.6045816733067728,-0.16396128071481764,-0.15265131226566697,0.4090248786169531,0.9995545657015591,0.5,-0.5631236902658675,0.4347125201504582,0.9143228563308844,0.2975099796931148,0.0269969907649145,0.0
2021-03-03 09:20:00,0.09693165969316596,0.5984395750332006,-0.15889798957557721,-0.15265131226566697,0.4090248786169531,0.9995545657015591,0.5,-0.5631236902658675,0.4347125201504582,0.9143228563308844,0.2975099796931148,0.0269969907649145,0.0
2021-03-03 09:30:00,0.09623430962343095,0.5922974767596281,-0.15413253909158608,-0.15265131226566697,0.4090248786169531,0.9995545657015591,0.5,-0.5631236902658675,0.4347125201504582,0.9143228563308844,0.2975099796931148,0.0269969907649145,0.0
2021-03-03 09:40:00,0.08647140864714087,0.5861553784860556,-0.15264333581533884,-0.15086591680057126,0.4090248786169531,0.9995545657015591,0.5,-0.5631236902658675,0.4347125201504582,0.9143228563308844,0.2975099796931148,0.0269969907649145,0.0
2021-03-03 09:50:00,0.10111576011157601,0.5800132802124833,-0.1469843633655995,-0.14479557221924644,0.4090248786169531,0.9995545657015591,0.5,-0.5631236902658675,0.4347125201504582,0.9143228563308844,0.2975099796931148,0.0269969907649145,0.0
2021-03-03 10:00:00,0.11227336122733612,0.5738711819389108,-0.139240506329114,-0.14193893947509362,0.4090248786169531,0.9995545657015591,0.5,-0.2255712467017964,0.4434882056970115,0.5493312647413493,0.16978192920847807,0.011947152430102359,0.0
2021-03-03 10:10:00,0.1087866108786611,0.5677290836653386,-0.13328369322412525,-0.13836814854490254,0.4090248786169531,0.9995545657015591,0.5,-0.2255712467017964,0.4434882056970115,0.5493312647413493,0.16978192920847807,0.011947152430102359,0.0
2021-03-03 10:20:00,0.10808926080892609,0.5615869853917661,-0.12256142963514527,-0.13301196214961608,0.4090248786169531,0.9995545657015591,0.5,-0.2255712467017964,0.4434882056970115,0.5493312647413493,0.16978192920847807,0.011947152430102359,0.0
2021-03-03 10:30:00,0.11087866108786612,0.5554448871181936,-0.11243484735666431,-0.12658453847527218,0.4090248786169531,0.9995545657015591,0.5,-0.2255712467017964,0.4434882056970115,0.5493312647413493,0.16978192920847807,0.011947152430102359,0.0
2021-03-03 10:40:00,0.11715481171548117,0.5493027888446216,-0.1037974683544306,-0.12015711480092839,0.4090248786169531,0.9995545657015591,0.5,-0.2255712467017964,0.4434882056970115,0.5493312647413493,0.16978192920847807,0.011947152430102359,0.0
2021-03-03 10:50:00,0.09274755927475593,0.5431606905710491,-0.09575577066269558,-0.11087305838243178,0.4090248786169531,0.9995545657015591,0.5,-0.2255712467017964,0.4434882056970115,0.5493312647413493,0.16978192920847807,0.011947152430102359,0.0
2021-03-03 11:00:00,0.09832635983263598,0.5370185922974766,-0.0847356664184663,-0.10016068559185842,0.4090248786169531,0.9995545657015591,0.5,-0.18484075400662325,0.426844862315988,0.4438487985059268,0.1253051904012409,0.8741416188079866,0.0
2021-03-03 11:10:00,0.09135285913528592,0.5308764940239041,-0.0734177215189874,-0.08873415461524714,0.4090248786169531,0.9995545657015591,0.5,-0.18484075400662325,0.426844862315988,0.4438487985059268,0.1253051904012409,0.8741416188079866,0.0
2021-03-03 11:20:00,0.08647140864714087,0.5247343957503317,-0.06358897989575596,-0.07480806998750233,0.4090248786169531,0.9995545657015591,0.5,-0.18484075400662325,0.426844862315988,0.4438487985059268,0.1253051904012409,0.8741416188079866,0.0
2021-03-03 11:30:00,0.09205020920502092,0.5185922974767596,-0.05197319434102765,-0.06266738082485268,0.4090248786169531,0.9995545657015591,0.5,-0.18484075400662325,0.426844862315988,0.4438487985059268,0.1253051904012409,0.8741416188079866,0.0
2021-03-03 11:40:00,0.07670850767085077,0.5124501992031871,-0.041250930752047776,-0.052312087127298734,0.4090248786169531,0.9995545657015591,0.5,-0.18484075400662325,0.426844862315988,0.4438487985059268,0.1253051904012409,0.8741416188079866,0.0
2021-03-03 11:50:00,0.07112970711297072,0.5063081009296149,-0.03112434847356671,-0.04052847705766838,0.4090248786169531,0.9995545657015591,0.5,-0.18484075400662325,0.426844862315988,0.4438487985059268,0.1253051904012409,0.8741416188079866,0.0
2021-03-03 12:00:00,0.0801952580195258,0.5001660026560424,-0.020402084884586835,-0.025531155150865903,0.4090248786169531,0.9995545657015591,0.5,-0.17347335405004904,0.4086699405471729,0.41730381252713034,0.18923471631773828,0.8062398968922322,0.0
2021-03-03 12:10:00,0.11645746164574616,0.4940239043824701,-0.00819061801935983,-0.01410462417425462,0.4090248786169531,0.9995545657015591,0.5,-0.17347335405004904,0.4086699405471729,0.41730381252713034,0.18923471631773828,0.8062398968922322,0.0
2021-03-03 12:20:00,0.09832635983263598,0.48788180610889764,0.0010424422933730249,-0.0048205677557580096,0.4090248786169531,0.9995545657015591,0.5,-0.17347335405004904,0.4086699405471729,0.41730381252713034,0.18923471631773828,0.8062398968922322,0.0
2021-03-03 12:30:00,0.11854951185495119,0.48173970783532516,0.009381980640357446,0.0048205677557580096,0.4090248786169531,0.9995545657015591,0.5,-0.17347335405004904,0.4086699405471729,0.41730381252713034,0.18923471631773828,0.8062398968922322,0.0
2021-03-03 12:40:00,0.11576011157601115,0.4755976095617527,0.01801935964259105,0.013390465988216471,0.4090248786169531,0.9995545657015591,0.5,-0.17347335405004904,0.4086699405471729,0.41730381252713034,0.18923471631773828,0.8062398968922322,0.0
2021-03-03 12:50:00,0.12133891213389121,0.4694555112881804,0.026656738644824873,0.02231744331369412,0.4090248786169531,0.9995545657015591,0.5,-0.17347335405004904,0.4086699405471729,0.41730381252713034,0.18923471631773828,0.8062398968922322,0.0
2021-03-03 13:00:00,0.14574616457461645,0.46331341301460816,0.03678332092330594,0.031244420639171766,0.4090248786169531,0.9995545657015591,0.5,-0.0066997684962060156,0.3998109233434955,0.2867455019347397,0.22205459532381885,0.7730366306784947,0.0
2021-03-03 13:10:00,0.15620641562064158,0.4571713147410359,0.04631422189128798,0.03945723977861104,0.4090248786169531,0.9995545657015591,0.5,-0.0066997684962060156,0.3998109233434955,0.2867455019347397,0.22205459532381885,0.7730366306784947,0.0
2021-03-03 13:20:00,0.14365411436541145,0.4510292164674634,0.054951600893522023,0.046241742545973796,0.4090248786169531,0.9995545657015591,0.5,-0.0066997684962060156,0.3998109233434955,0.2867455019347397,0.22205459532381885,0.7730366306784947,0.0
2021-03-03 13:30:00,0.10599721059972106,0.44488711819389093,0.0635889798957554,0.05195500803427966,0.4090248786169531,0.9995545657015591,0.5,-0.0066997684962060156,0.3998109233434955,0.2867455019347397,0.22205459532381885,0.7730366306784947,0.0
2021-03-03 13:40:00,0.13389121338912133,0.43874501992031845,0.07192851824273983,0.062310301731833606,0.4090248786169531,0.9995545657015591,0.5,-0.0066997684962060156,0.3998109233434955,0.2867455019347397,0.22205459532381885,0.7730366306784947,0.0
2021-03-03 13:50:00,0.09832635983263598,0.4326029216467462,0.07967237527922544,0.07337975361542592,0.4090248786169531,0.9995545657015591,0.5,-0.0066997684962060156,0.3998109233434955,0.2867455019347397,0.22205459532381885,0.7730366306784947,0.0
2021-03-03 14:00:00,0.11087866108786612,0.4264608233731739,0.08801191362620986,0.08373504731297987,0.4090248786169531,0.9995545657015591,0.5,0.018738499437833678,0.3768774766024823,0.24036615295533342,0.25162229579063067,0.7410255643835849,0.0
2021-03-03 14:10:00,0.1394700139470014,0.42031872509960144,0.09843633655994011,0.09266202463845752,0.4090248786169531,0.9995545657015591,0.5,0.018738499437833678,0.3768774766024823,0.24036615295533342,0.25162229579063067,0.7410255643835849,0.0
2021-03-03 14:20:00,0.07391910739191074,0.4141766268260292,0.10796723752792259,0.10123192287091598,0.4090248786169531,0.9995545657015591,0.5,0.018738499437833678,0.3768774766024823,0.24036615295533342,0.25162229579063067,0.7410255643835849,0.0
2021-03-03 14:30:00,0.1094839609483961,0.4080345285524569,0.11600893521965738,0.1137296911265846,0.4090248786169531,0.9995545657015591,0.5,0.018738499437833678,0.3768774766024823,0.24036615295533342,0.25162229579063067,0.7410255643835849,0.0
2021-03-03 14:40:00,0.14644351464435149,0.40189243027888444,0.12315711094564374,0.1219425102660241,0.4090248786169531,0.9995545657015591,0.5,0.018738499437833678,0.3768774766024823,0.24036615295533342,0.25162229579063067,0.7410255643835849,0.0
2021-03-03 14:50:00,0.11436541143654114,0.39575033200531196,0.13060312732687973,0.12551330119621507,0.4090248786169531,0.9995545657015591,0.5,0.018738499437833678,0.3768774766024823,0.24036615295533342,0.25162229579063067,0.7410255643835849,0.0
2021-03-03 15:00:00,0.14435146443514643,0.3896082337317395,0.13536857781087108,0.1312265666845207,0.4090248786169531,0.9995545657015591,0.5,0.04144888488948273,0.35115098259517813,0.20613787967038982,0.29420547294098914,0.7286648952253689,0.0
2021-03-03 15:10:00,0.09065550906555091,0.383466135458167,0.14162323157110923,0.13372612033565434,0.4090248786169531,0.9995545657015591,0.5,0.04144888488948273,0.35115098259517813,0.20613787967038982,0.29420547294098914,0.7286648952253689,0.0
2021-03-03 15:20:00,0.14783821478382148,0.37732403718459495,0.14728220402084857,0.14229601856811303,0.4090248786169531,0.9995545657015591,0.5,0.04144888488948273,0.35115098259517813,0.20613787967038982,0.29420547294098914,0.7286648952253689,0.0
2021-03-03 15:30:00,0.12552301255230125,0.37118193891102247,0.15383469843633635,0.145866809498304,0.4090248786169531,0.9995545657015591,0.5,0.04144888488948273,0.35115098259517813,0.20613787967038982,0.29420547294098914,0.7286648952253689,0.0
2021-03-03 15:40:00,0.14225941422594143,0.3650398406374502,0.15979151154132532,0.14943760042849497,0.4090248786169531,0.9995545657015591,0.5,0.04144888488948273,0.35115098259517813,0.20613787967038982,0.29420547294098914,0.7286648952253689,0.0
2021-03-03 15:50:00,0.13807531380753138,0.3588977423638777,0.16396128071481741,0.15086591680057126,0.4090248786169531,0.9995545657015591,0.5,0.04144888488948273,0.35115098259517813,0.20613787967038982,0.29420547294098914,0.7286648952253689,0.0
2021-03-03 16:00:00,0.18340306834030684,0.35275564409030524,0.1666418466120625,0.15086591680057126,0.39691929172501345,0.9670378619153676,0.5,0.12580875405198322,0.32431818900194437,0.1393053147672384,0.3248298091281587,0.7236574686140825,0.0
2021-03-03 16:10:00,0.15341701534170155,0.346613545816733,0.16902457185405795,0.1408677021960365,0.3506563191163576,0.08329621380846326,0.5,0.12580875405198322,0.32431818900194437,0.1393053147672384,0.3248298091281587,0.7236574686140825,0.0
2021-03-03 16:20:00,0.26778242677824265,0.15537848605577675,0.1714072970960534,0.11230137475450808,0.3366792739265289,0.19643652561247218,0.5,0.12580875405198322,0.32431818900194437,0.1393053147672384,0.3248298091281587,0.7236574686140825,0.05774250494138239
2021-03-03 16:30:00,0.1094839609483961,-0.45019920318725104,0.17736411020104237,0.0848062845920372,0.3394537435709518,0.5888641425389756,0.5,0.12580875405198322,0.32431818900194437,0.1393053147672384,0.3248298091281587,0.7236574686140825,0.0
2021-03-03 16:40:00,0.2398884239888424,0.29083665338645415,0.17587490692479513,0.08659168005713269,0.3424768685136957,0.30412026726057906,0.5,0.12580875405198322,0.32431818900194437,0.1393053147672384,0.3248298091281587,0.7236574686140825,0.03334490094602954
2021-03-03 16:50:00,0.17364016736401675,0.5378486055776892,0.18183172002978387,0.07445099089448326,0.35918912198505454,0.04844097995545657,0.5,0.12580875405198322,0.32431818900194437,0.1393053147672384,0.3248298091281587,0.7236574686140825,0.002376389999547354
2021-03-03 17:00:00,0.18200836820083682,-0.3466135458167332,0.18183172002978387,0.08123549366184624,0.36413605370954444,0.00011135857461024499,0.5,0.1357185906451921,0.31989586416365107,0.12323631672436076,0.358361543494281,0.716422267159733,0.03400123723161881
2021-03-03 17:10:00,0.21408647140864714,0.2749003984063745,0.18957557706626949,0.09123370826638122,0.3487717736975043,0.00011135857461024499,0.5,0.1357185906451921,0.31989586416365107,0.12323631672436076,0.358361543494281,0.716422267159733,0.05776513722709235
2021-03-03 17:20:00,0.2775453277545328,0.08366533864541825,0.18868205510052105,0.09980360649883946,0.3557472091714544,0.00011135857461024499,0.5,0.1357185906451921,0.31989586416365107,0.12323631672436076,0.358361543494281,0.716422267159733,0.13396049911734084
2021-03-03 17:30:00,0.20362622036262204,-0.043824701195219196,0.19761727475800428,0.09908944831280131,0.35727840232427266,0.00011135857461024499,0.5,0.1357185906451921,0.31989586416365107,0.12323631672436076,0.358361543494281,0.716422267159733,0.05945501456010381
2021-03-03 17:40:00,0.2622036262203626,-0.06772908366533881,0.19583023082650763,0.11265845384752704,0.35583881901820413,0.00011135857461024499,0.5,0.1357185906451921,0.31989586416365107,0.12323631672436076,0.358361543494281,0.716422267159733,0.09473874798195453
2021-03-03 17:50:00,0.24058577405857742,0.1394422310756971,0.1973194341027551,0.12265666845206202,0.3416392927719831,0.00011135857461024499,0.5,0.1357185906451921,0.31989586416365107,0.12323631672436076,0.358361543494281,0.716422267159733,0.0966247717911191
2021-03-03 18:00:00,0.28033472803347276,-0.3227091633466136,0.1943410275502604,0.13015532940546337,0.3543992357121357,0.00011135857461024499,0.5,-0.011219045414567419,0.31073512889108756,0.17101442548700113,0.3976035986088114,0.7246453012565117,0.12485477616669433
2021-03-03 18:10:00,0.3507670850767085,-0.06772908366533881,0.19880863737900212,0.12587038028923425,0.35356165997042316,0.00011135857461024499,0.5,-0.011219045414567419,0.31073512889108756,0.17101442548700113,0.3976035986088114,0.7246453012565117,0.201201019961676
2021-03-03 18:20:00,0.299860529986053,-0.07569721115537853,0.202084884586746,0.11587216568469927,0.35226603499496145,0.00011135857461024499,0.5,-0.011219045414567419,0.31073512889108756,0.17101442548700113,0.3976035986088114,0.7246453012565117,0.16691310711106416
2021-03-03 18:30:00,0.3563458856345886,-0.09960159362549814,0.1714072970960534,0.09623281556864849,0.3547395008572064,0.00011135857461024499,0.5,-0.011219045414567419,0.31073512889108756,0.17101442548700113,0.3976035986088114,0.7246453012565117,0.2200159934819017
2021-03-03 18:40:00,0.3368200836820084,-0.29083665338645437,0.13060312732687973,0.04838421710408847,0.3584693303320202,0.00011135857461024499,0.5,-0.011219045414567419,0.31073512889108756,0.17101442548700113,0.3976035986088114,0.7246453012565117,0.2073494575795525
2021-03-03 18:50:00,0.3410041841004184,-0.21912350597609564,0.11690245718540582,0.018032494197464777,0.3464946146497232,0.00011135857461024499,0.5,-0.011219045414567419,0.31073512889108756,0.17101442548700113,0.3976035986088114,0.7246453012565117,0.2154819922446701
2021-03-03 19:00:00,0.36610878661087864,-0.03585657370517936,0.10826507818317177,0.004463488662738824,0.34833989870568377,0.00011135857461024499,0.5,-0.000788066798233511,0.30613177321145923,0.1646108195020339,0.3738560104966504,0.6994040551764653,0.2354964769075245
2021-03-03 19:10:00,0.31659693165969316,-0.24302788844621515,0.09903201787043914,-0.002321014104624264,0.34746306160107837,0.00011135857461024499,0.5,-0.000788066798233511,0.30613177321145923,0.1646108195020339,0.3738560104966504,0.6994040551764653,0.1774672963471491
2021-03-03 19:20:00,0.34309623430962344,0.027888446215139417,0.08979895755770673,-0.015175861453311956,0.3478295009880776,0.00011135857461024499,0.5,-0.000788066798233511,0.30613177321145923,0.1646108195020339,0.3738560104966504,0.6994040551764653,0.20405268796113285
2021-03-03 19:30:00,0.3417015341701534,-0.17131474103585675,0.08026805658972425,-0.023388680592751232,0.3513630236484276,0.00011135857461024499,0.5,-0.000788066798233511,0.30613177321145923,0.1646108195020339,0.3738560104966504,0.6994040551764653,0.19905849691446506
2021-03-03 19:40:00,0.2914923291492329,-0.12350597609561753,0.07133283693224102,-0.03231565791822877,0.3513630236484276,0.00011135857461024499,0.5,-0.000788066798233511,0.30613177321145923,0.1646108195020339,0.3738560104966504,0.6994040551764653,0.14468065844863226
2021-03-03 19:50:00,0.24198047419804744,-0.4342629482071714,0.06180193596425898,-0.04231387252276375,0.3469526638834723,0.00011135857461024499,0.5,-0.000788066798233511,0.30613177321145923,0.1646108195020339,0.3738560104966504,0.6994040551764653,0.10440273398011375
2021-03-03 20:00:00,0.24407252440725244,0.09163346613545809,0.051675353685778136,-0.05124084984824129,0.3375953723940271,0.00011135857461024499,0.5,-0.012489331180502772,0.32347625191447404,0.16808286339189485,0.3588149944003017,0.6667359605074191,0.11765016521568568
2021-03-03 20:10:00,0.22454672245467225,0.40239043824701204,0.04393149664929252,-0.05981074808069986,0.3375953723940271,0.00011135857461024499,0.5,-0.012489331180502772,0.32347625191447404,0.16808286339189485,0.3588149944003017,0.6667359605074191,0.09670775683872233
2021-03-03 20:20:00,0.2196652719665272,0.6254980079681274,0.034996276991809294,-0.06659525084806284,0.3375953723940271,0.00011135857461024499,0.5,-0.012489331180502772,0.32347625191447404,0.16808286339189485,0.3588149944003017,0.6667359605074191,0.09415030855349518
2021-03-03 20:30:00,0.199442119944212,0.3545816733067728,0.029039463886820327,-0.07088019996429196,0.3375953723940271,0.00011135857461024499,0.5,-0.012489331180502772,0.32347625191447404,0.16808286339189485,0.3588149944003017,0.6667359605074191,0.0798844244609744
2021-03-03 20:40:00,0.16875871687587168,0.07569721115537842,0.022486969471332774,-0.07945009819675053,0.3375953723940271,0.00011135857461024499,0.5,-0.012489331180502772,0.32347625191447404,0.16808286339189485,0.3588149944003017,0.6667359605074191,0.05464942589435249
2021-03-03 20:50:00,0.16945606694560672,0.7689243027888444,0.015636634400595373,-0.08123549366184613,0.3375953723940271,0.00011135857461024499,0.5,-0.012489331180502772,0.32347625191447404,0.16808286339189485,0.3588149944003017,0.6667359605074191,0.05570559922748465
2021-03-03 21:00:00,0.1290097629009763,0.7370517928286848,0.010573343261355062,-0.08123549366184613,0.3375953723940271,0.00011135857461024499,0.5,-0.032121693416400365,0.3352691181499215,0.19339990821193737,0.3642533494785024,0.68309544770863,0.029633206089593675
2021-03-03 21:10:00,0.10390516039051603,0.7689243027888444,0.006105733432613558,-0.08123549366184613,0.33813194435356164,0.00011135857461024499,0.5,-0.032121693416400365,0.3352691181499215,0.19339990821193737,0.3642533494785024,0.68309544770863,0.007529007046184952
2021-03-03 21:20:00,0.09623430962343095,0.6254980079681274,0.0028294862248696706,-0.08087841456882694,0.3603277015089451,0.311804008908686,0.5,-0.032121693416400365,0.3352691181499215,0.19339990821193737,0.3642533494785024,0.68309544770863,0.0016898773330114522
2021-03-03 21:30:00,0.09274755927475593,-0.23505976095617542,0.011466865227103495,-0.062310301731833606,0.37052256874010286,0.9995545657015591,0.5,-0.032121693416400365,0.3352691181499215,0.19339990821193737,0.3642533494785024,0.68309544770863,0.0
2021-03-03 21:40:00,0.10529986052998605,-0.7051792828685259,0.017721518987341645,-0.04302803070880201,0.37052256874010286,0.9995545657015591,0.5,-0.032121693416400365,0.3352691181499215,0.19339990821193737,0.3642533494785024,0.68309544770863,0.0
2021-03-03 21:50:00,0.12691771269177127,-0.5617529880478087,0.023380491437080986,-0.04231387252276375,0.37052256874010286,0.9995545657015591,0.5,-0.032121693416400365,0.3352691181499215,0.19339990821193737,0.3642533494785024,0.68309544770863,0.0
2021-03-03 22:00:00,0.13389121338912133,-0.4183266932270917,0.025465376023827258,-0.04874129619710765,0.37052256874010286,0.9995545657015591,0.5,-0.11052713557330462,0.344346521765365,0.2583182139194479,0.34080558177459497,0.7292757926968192,0.0
2021-03-03 22:10:00,0.12691771269177127,0.10756972111553775,0.025167535368577854,-0.05195500803427966,0.37052256874010286,0.9995545657015591,0.5,-0.11052713557330462,0.344346521765365,0.2583182139194479,0.34080558177459497,0.7292757926968192,0.0
2021-03-03 22:20:00,0.1199442119944212,0.6095617529880477,0.01801935964259105,-0.05552579896447052,0.37052256874010286,0.9995545657015591,0.5,-0.11052713557330462,0.344346521765365,0.2583182139194479,0.34080558177459497,0.7292757926968192,0.0
2021-03-03 22:30:00,0.12761506276150628,0.4980079681274898,0.008190618019359386,-0.0590965898946616,0.37052256874010286,0.9995545657015591,0.5,-0.11052713557330462,0.344346521765365,0.2583182139194479,0.34080558177459497,0.7292757926968192,0.0
2021-03-03 22:40:00,0.19316596931659694,0.38645418326693215,0.005212211466865124,-0.05981074808069986,0.37052256874010286,0.9432071269487751,0.5,-0.11052713557330462,0.344346521765365,0.2583182139194479,0.34080558177459497,0.7292757926968192,0.0
2021-03-03 22:50:00,0.18270571827057183,0.593625498007968,0.014743112434847383,-0.050883770755222324,0.38486605331693086,0.008797327394209355,0.5,-0.11052713557330462,0.344346521765365,0.2583182139194479,0.34080558177459497,0.7292757926968192,0.028561944565988203
2021-03-03 23:00:00,0.1311018131101813,0.7290836653386452,0.033507073715562274,-0.01053383324406354,0.3869730797921765,0.00011135857461024499,0.5,-0.15951955541665852,0.3457171838497496,0.31590831186687257,0.3259083507330623,0.7891692785473966,0.008487107141240551
2021-03-03 23:10:00,0.11366806136680613,0.5776892430278884,0.04244229337304528,0.03517229066238192,0.3968407689992279,0.00011135857461024499,0.5,-0.15951955541665852,0.3457171838497496,0.31590831186687257,0.3259083507330623,0.7891692785473966,0.001750230094904718
2021-03-03 23:20:00,0.09832635983263598,0.5298804780876492,0.04929262844378246,0.07337975361542592,0.4095876248184162,0.004120267260579065,0.5,-0.15951955541665852,0.3457171838497496,0.31590831186687257,0.3259083507330623,0.7891692785473966,0.0
2021-03-03 23:30:00,0.12412831241283125,0.15537848605577675,0.04542069992553954,0.05695411533654715,0.4198479276543953,0.869933184855234,0.5,-0.15951955541665852,0.3457171838497496,0.31590831186687257,0.3259083507330623,0.7891692785473966,0.0
2021-03-03 23:40:00,0.1792189679218968,-0.3784860557768924,0.037676842889054374,0.04731297982503113,0.41469160199447724,0.6146993318485524,0.5,-0.15951955541665852,0.3457171838497496,0.31590831186687257,0.3259083507330623,0.7891692785473966,0.0
2021-03-03 23:50:00,0.1199442119944212,-0.17928286852589637,0.04125093075204744,0.033386895197286215,0.391291829710382,0.4376391982182628,0.5,-0.15951955541665852,0.3457171838497496,0.31590831186687257,0.3259083507330623,0.7891692785473966,0.0
2021-03-04 00:00:00,0.17154811715481172,-0.31872509960159356,0.026061057334326065,0.03160149973219073,0.3868291214615697,0.9996659242761693,0.5,-0.16230950799857125,0.34194139773050497,0.3333827908415347,0.31489139047886394,0.8440443140528601,0.0
2021-03-04 00:10:00,0.1603905160390516,-0.4581673306772909,0.01861504095309008,0.022674522406713082,0.42864247294237734,0.7861915367483295,0.5,-0.16230950799857125,0.34194139773050497,0.3333827908415347,0.31489139047886394,0.8440443140528601,0.0
2021-03-04 00:20:00,0.12552301255230125,-0.3957503320053122,0.02576321667907644,0.020174968755579448,0.43301357134443996,0.9996659242761693,0.5,-0.16230950799857125,0.34194139773050497,0.3333827908415347,0.31489139047886394,0.8440443140528601,0.0
2021-03-04 00:30:00,0.12482566248256625,-0.33333333333333337,0.025465376023827258,0.00839135868594898,0.43301357134443996,0.9996659242761693,0.5,-0.16230950799857125,0.34194139773050497,0.3333827908415347,0.31489139047886394,0.8440443140528601,0.0
2021-03-04 00:40:00,0.11576011157601115,-0.27091633466135456,0.019806403574087694,-0.002321014104624264,0.43301357134443996,0.9996659242761693,0.5,-0.16230950799857125,0.34194139773050497,0.3333827908415347,0.31489139047886394,0.8440443140528601,0.0
2021-03-04 00:50:00,0.11506276150627615,-0.20849933598937587,0.014743112434847383,-0.013747545081235546,0.43301357134443996,0.9996659242761693,0.5,-0.16230950799857125,0.34194139773050497,0.3333827908415347,0.31489139047886394,0.8440443140528601,0.0
2021-03-04 01:00:00,0.13389121338912133,-0.14608233731739717,0.012360387192851485,-0.022674522406713193,0.43301357134443996,0.9996659242761693,0.5,-0.22322612427427846,0.3390880068504385,0.38315720753778076,0.30550974112130663,0.875156078524776,0.0
2021-03-04 01:10:00,0.10599721059972106,-0.08366533864541836,0.0025316455696200446,-0.03088734154615247,0.43301357134443996,0.9996659242761693,0.5,-0.22322612427427846,0.3390880068504385,0.38315720753778076,0.30550974112130663,0.875156078524776,0.0
2021-03-04 01:20:00,0.12273361227336123,-0.021248339973439667,-0.0037230081906179935,-0.037671844313515335,0.43301357134443996,0.9996659242761693,0.5,-0.22322612427427846,0.3390880068504385,0.38315720753778076,0.30550974112130663,0.875156078524776,0.0
2021-03-04 01:30:00,0.11785216178521618,0.04116865869853914,-0.007892777364110204,-0.04624174254597391,0.43301357134443996,0.9996659242761693,0.5,-0.22322612427427846,0.3390880068504385,0.38315720753778076,0.30550974112130663,0.875156078524776,0.0
2021-03-04 01:40:00,0.14504881450488147,0.10358565737051784,-0.00967982129560696,-0.0526691662203177,0.43301357134443996,0.9996659242761693,0.5,-0.22322612427427846,0.3390880068504385,0.38315720753778076,0.30550974112130663,0.875156078524776,0.0
2021-03-04 01:50:00,0.13807531380753138,0.16600265604249653,-0.01027550260610588,-0.06266738082485268,0.43301357134443996,0.9996659242761693,0.5,-0.22322612427427846,0.3390880068504385,0.38315720753778076,0.30550974112130663,0.875156078524776,0.0
2021-03-04 02:00:00,0.19665271966527195,0.22841965471447545,-0.015338793745346302,-0.07409391180146396,0.41609192393765293,0.937750556792873,0.5,-0.24043194919123767,0.3328726146313151,0.40315389261659007,0.282232853782155,0.8827151302253681,0.0
2021-03-04 02:10:00,0.15202231520223153,0.29083665338645415,-0.02069992553983646,-0.07766470273165504,0.3655363756527202,0.1275055679287305,0.5,-0.24043194919123767,0.3328726146313151,0.40315389261659007,0.282232853782155,0.8827151302253681,0.0
2021-03-04 02:20:00,0.1394700139470014,0.12350597609561742,-0.02427401340282964,-0.07016604177825392,0.368912852861499,0.9995545657015591,0.5,-0.24043194919123767,0.3328726146313151,0.40315389261659007,0.282232853782155,0.8827151302253681,0.0
2021-03-04 02:30:00,0.12622036262203626,-0.6573705179282869,-0.03350707371556216,-0.07159435815033022,0.368912852861499,0.9995545657015591,0.5,-0.24043194919123767,0.3328726146313151,0.40315389261659007,0.282232853782155,0.8827151302253681,0.0
2021-03-04 02:40:00,0.14016736401673638,-0.5996015936254981,-0.030826507818317306,-0.07909301910373145,0.368912852861499,0.9995545657015591,0.5,-0.24043194919123767,0.3328726146313151,0.40315389261659007,0.282232853782155,0.8827151302253681,0.0
2021-03-04 02:50:00,0.1290097629009763,-0.5418326693227092,-0.03618763961280724,-0.08873415461524714,0.368912852861499,0.9995545657015591,0.5,-0.24043194919123767,0.3328726146313151,0.40315389261659007,0.282232853782155,0.8827151302253681,0.0
2021-03-04 03:00:00,0.12133891213389121,-0.48406374501992033,-0.040357408786299453,-0.09730405284770571,0.368912852861499,0.9995545657015591,0.5,-0.2627016069184981,0.3434126325045168,0.4238251020187921,0.26011453730502676,0.8719408950717958,0.0
2021-03-04 03:10:00,0.1094839609483961,-0.42629482071713154,-0.04571854058078939,-0.10444563470808788,0.368912852861499,0.9995545657015591,0.5,-0.2627016069184981,0.3434126325045168,0.4238251020187921,0.26011453730502676,0.8719408950717958,0.0
2021-03-04 03:20:00,0.10529986052998605,0.6254980079681274,-0.05822784810126602,-0.11158721656846982,0.368912852861499,0.9995545657015591,0.5,-0.2627016069184981,0.3434126325045168,0.4238251020187921,0.26011453730502676,0.8719408950717958,0.0
2021-03-04 03:30:00,0.09902370990237098,-0.6573705179282869,-0.06209977661950872,-0.1183717193358329,0.368912852861499,0.9995545657015591,0.5,-0.2627016069184981,0.3434126325045168,0.4238251020187921,0.26011453730502676,0.8719408950717958,0.0
2021-03-04 03:40:00,0.11227336122733612,0.6015936254980081,-0.06597170513775141,-0.1233708266381004,0.368912852861499,0.9995545657015591,0.5,-0.2627016069184981,0.3434126325045168,0.4238251020187921,0.26011453730502676,0.8719408950717958,0.0
2021-03-04 03:50:00,0.1087866108786611,0.6852589641434261,-0.07997021593447506,-0.13229780396357804,0.368912852861499,0.9995545657015591,0.5,-0.2627016069184981,0.3434126325045168,0.4238251020187921,0.26011453730502676,0.8719408950717958,0.0
2021-03-04 04:00:00,0.10669456066945607,0.7689243027888444,-0.08682055100521235,-0.14193893947509362,0.368912852861499,0.9995545657015591,0.5,-0.31135409207387177,0.3403351082018471,0.4623039310983359,0.2744887122382608,0.8718499898370161,0.0
2021-03-04 04:10:00,0.14783821478382148,0.7459052678176183,-0.09307520476545061,-0.15015175861453323,0.368912852861499,0.9995545657015591,0.5,-0.31135409207387177,0.3403351082018471,0.4623039310983359,0.2744887122382608,0.8718499898370161,0.0
2021-03-04 04:20:00,0.17154811715481172,0.7228862328463919,-0.09575577066269558,-0.15515086591680072,0.368912852861499,0.9995545657015591,0.5,-0.31135409207387177,0.3403351082018471,0.4623039310983359,0.2744887122382608,0.8718499898370161,0.0
2021-03-04 04:30:00,0.15550906555090654,0.6998671978751658,-0.09932985852568887,-0.16229244777718255,0.368912852861499,0.9995545657015591,0.5,-0.31135409207387177,0.3403351082018471,0.4623039310983359,0.2744887122382608,0.8718499898370161,0.0
2021-03-04 04:40:00,0.18967921896792192,0.46347941567065076,-0.10201042442293384,-0.17050526691662193,0.3788852390362644,0.7974387527839644,0.5,-0.31135409207387177,0.3403351082018471,0.4623039310983359,0.2744887122382608,0.8718499898370161,0.0
2021-03-04 04:50:00,0.10460251046025104,0.22709163346613526,-0.09367088607594942,-0.17229066238171753,0.40047898862729187,0.2400890868596882,0.5,-0.31135409207387177,0.3403351082018471,0.4623039310983359,0.2744887122382608,0.8718499898370161,0.0
2021-03-04 05:00:00,0.13668061366806136,0.22310756972111534,-0.08175725986597182,-0.17050526691662193,0.40047898862729187,0.9979955456570156,0.5,-0.33127249040515006,0.3329501992776021,0.48141849713343016,0.29855958166267726,0.9005319866048151,0.0
2021-03-04 05:10:00,0.13737796373779637,0.21912350597609542,-0.0808637379002235,-0.1712194251026602,0.40047898862729187,0.9979955456570156,0.5,-0.33127249040515006,0.3329501992776021,0.48141849713343016,0.29855958166267726,0.9005319866048151,0.0
2021-03-04 05:20:00,0.1304044630404463,0.21513944223107573,-0.08116157855547301,-0.17693269059096584,0.40047898862729187,0.9979955456570156,0.5,-0.33127249040515006,0.3329501992776021,0.48141849713343016,0.29855958166267726,0.9005319866048151,0.0
2021-03-04 05:30:00,0.12273361227336123,0.2111553784860556,-0.08890543559195851,-0.1837171933583288,0.40047898862729187,0.9979955456570156,0.5,-0.33127249040515006,0.3329501992776021,0.48141849713343016,0.29855958166267726,0.9005319866048151,0.0
2021-03-04 05:40:00,0.1324965132496513,0.20717131474103567,-0.09813849590469104,-0.1919300124977681,0.40047898862729187,0.9979955456570156,0.5,-0.33127249040515006,0.3329501992776021,0.48141849713343016,0.29855958166267726,0.9005319866048151,0.0
2021-03-04 05:50:00,0.14853556485355648,0.20318725099601576,-0.10677587490692497,-0.1987145152651313,0.40047898862729187,0.9979955456570156,0.5,-0.33127249040515006,0.3329501992776021,0.48141849713343016,0.29855958166267726,0.9005319866048151,0.0
2021-03-04 06:00:00,0.197350069735007,0.19920318725099584,-0.11630677587490701,-0.20906980896268523,0.35958173561398227,0.5354120267260579,0.5,-0.39866367511689427,0.3445649081771353,0.5938709212297876,0.3340195763174932,0.94492000368377,0.0
2021-03-04 06:10:00,0.17503486750348674,0.19521912350597592,-0.11720029784065533,-0.20764149259060882,0.3458140843595817,0.4747216035634744,0.5,-0.39866367511689427,0.3445649081771353,0.5938709212297876,0.3340195763174932,0.94492000368377,0.0
2021-03-04 06:20:00,0.2099023709902371,-0.5776892430278885,-0.11928518242740138,-0.19407248705588287,0.3458140843595817,0.007461024498886415,0.5,-0.39866367511689427,0.3445649081771353,0.5938709212297876,0.3340195763174932,0.94492000368377,0.06454727884484814
2021-03-04 06:30:00,0.24616457461645744,-0.09960159362549814,-0.11064780342516767,-0.1740760578468129,0.33347292929028544,0.00011135857461024499,0.5,-0.39866367511689427,0.3445649081771353,0.5938709212297876,0.3340195763174932,0.94492000368377,0.1141044404544563
2021-03-04 06:40:00,0.15760111576011157,0.15537848605577675,-0.10409530900967989,-0.15479378682378142,0.33130046721021844,0.00011135857461024499,0.5,-0.39866367511689427,0.3445649081771353,0.5938709212297876,0.3340195763174932,0.94492000368377,0.05563770237035472
2021-03-04 06:50:00,0.198744769874477,0.394422310756972,-0.10111690245718552,-0.13051240849848234,0.3407886299093062,0.00011135857461024499,0.5,-0.39866367511689427,0.3445649081771353,0.5938709212297876,0.3340195763174932,0.94492000368377,0.05815743017939859
2021-03-04 07:00:00,0.28661087866108786,0.22709163346613526,-0.09516008935219666,-0.1151580074986609,0.34779023962518485,0.00011135857461024499,0.5,-0.4045916864756224,0.3618318022338631,0.6179957864739296,0.3397919803136012,0.988935156137139,0.12109781673883853
2021-03-04 07:10:00,0.28103207810320785,0.21912350597609564,-0.088607594936709,-0.11123013747545074,0.34779023962518485,0.00011135857461024499,0.5,-0.4045916864756224,0.3618318022338631,0.6179957864739296,0.3397919803136012,0.988935156137139,0.11897792597733754
2021-03-04 07:20:00,0.29218967921896793,0.06772908366533859,-0.085331347728965,-0.10444563470808788,0.34779023962518485,0.00011135857461024499,0.5,-0.4045916864756224,0.3618318022338631,0.6179957864739296,0.3397919803136012,0.988935156137139,0.14898079273352746
2021-03-04 07:30:00,0.30264993026499304,0.12350597609561742,-0.0847356664184663,-0.10016068559185842,0.34779023962518485,0.00011135857461024499,0.5,-0.4045916864756224,0.3618318022338631,0.6179957864739296,0.3397919803136012,0.988935156137139,0.13844169168791587
2021-03-04 07:40:00,0.2838214783821479,0.585657370517928,-0.07490692479523464,-0.09373326191751463,0.3500281373100732,0.00011135857461024499,0.5,-0.4045916864756224,0.3618318022338631,0.6179957864739296,0.3397919803136012,0.988935156137139,0.11540956893039818
2021-03-04 07:50:00,0.25592747559274753,0.20318725099601576,-0.07222635889798967,-0.08659168005713269,0.361636413605371,0.00011135857461024499,0.5,-0.4045916864756224,0.3618318022338631,0.6179957864739296,0.3397919803136012,0.988935156137139,0.10873304464595561
2021-03-04 08:00:00,0.22315202231520226,0.298804780876494,-0.07103499627699195,-0.07195143724334929,0.361636413605371,0.00011135857461024499,0.5,-0.4081083695242149,0.3690730358872083,0.6443051518110896,0.3234999510648938,0.02043970920527215,0.09162303664921466
2021-03-04 08:10:00,0.2580195258019526,0.3545816733067728,-0.06567386448250201,-0.06052490626673801,0.3727604664249912,0.00011135857461024499,0.5,-0.4081083695242149,0.3690730358872083,0.6443051518110896,0.3234999510648938,0.02043970920527215,0.1008343769331744
2021-03-04 08:20:00,0.27615062761506276,0.06772908366533859,-0.06239761727475812,-0.05766827352258519,0.37549567470652134,0.00011135857461024499,0.5,-0.4081083695242149,0.3690730358872083,0.6443051518110896,0.3234999510648938,0.02043970920527215,0.12145993331019811
2021-03-04 08:30:00,0.2601115760111576,0.3306772908366533,-0.05793000744601651,-0.055168719871451444,0.38735260630014007,0.00011135857461024499,0.5,-0.4081083695242149,0.3690730358872083,0.6443051518110896,0.3234999510648938,0.02043970920527215,0.09664740407682908
2021-03-04 08:40:00,0.2315202231520223,0.08366533864541825,-0.0615040953090098,-0.04659882163899287,0.39472065540301793,0.00011135857461024499,0.5,-0.4081083695242149,0.3690730358872083,0.6443051518110896,0.3234999510648938,0.02043970920527215,0.09112512636359522
2021-03-04 08:50:00,0.2196652719665272,0.49003984063745,-0.12494415487714083,-0.10587395108016429,0.3897213751946709,0.00011135857461024499,0.5,-0.4081083695242149,0.3690730358872083,0.6443051518110896,0.3234999510648938,0.02043970920527215,0.08241924046049158
2021-03-04 09:00:00,0.18200836820083682,0.5219123505976095,-0.14787788533134782,-0.15407962863774327,0.403161848424965,0.00011135857461024499,0.5,-0.4079220925194691,0.39275359403690174,0.6327436349772122,0.2752090930828782,0.05668672413899782,0.0786170164612158
2021-03-04 09:10:00,0.16736401673640167,0.06772908366533859,-0.1553239017125838,-0.17193358328869845,0.403161848424965,0.00011135857461024499,0.5,-0.4079220925194691,0.39275359403690174,0.6327436349772122,0.2752090930828782,0.05668672413899782,0.058685516845964666
2021-03-04 09:20:00,0.1589958158995816,-0.4342629482071714,-0.15949367088607602,-0.17836100696304236,0.3991833636518302,0.00011135857461024499,0.5,-0.4079220925194691,0.39275359403690174,0.6327436349772122,0.2752090930828782,0.05668672413899782,0.03354104742218266
2021-03-04 09:30:00,0.100418410041841,-0.2749003984063746,-0.16664184661206272,-0.1837171933583288,0.3867767729777127,0.002561247216035635,0.5,-0.4079220925194691,0.39275359403690174,0.6327436349772122,0.2752090930828782,0.05668672413899782,0.0
2021-03-04 09:40:00,0.07112970711297072,-0.5458167330677292,-0.17557706626954583,-0.20192822710230307,0.36519611050764944,0.6619153674832962,0.5,-0.4079220925194691,0.39275359403690174,0.6327436349772122,0.2752090930828782,0.05668672413899782,0.0
2021-03-04 09:50:00,0.03765690376569038,-0.5657370517928288,-0.16306775874906942,-0.17764684877700399,0.36261794767769046,0.9983296213808465,0.5,-0.4079220925194691,0.39275359403690174,0.6327436349772122,0.2752090930828782,0.05668672413899782,0.0
2021-03-04 10:00:00,0.03695955369595537,-0.5856573705179284,-0.15234549516008944,-0.14729512587038018,0.36261794767769046,0.9983296213808465,0.5,-0.2242765464743618,0.40972451703557644,0.4824814531173892,0.14673241826071373,0.08436185598464806,0.0
2021-03-04 10:10:00,0.06764295676429567,-0.605577689243028,-0.13804914370811627,-0.12765577575432951,0.36261794767769046,0.9983296213808465,0.5,-0.2242765464743618,0.40972451703557644,0.4824814531173892,0.14673241826071373,0.08436185598464806,0.0
2021-03-04 10:20:00,0.03486750348675035,-0.6254980079681276,-0.12673119880863748,-0.11158721656846982,0.36261794767769046,0.9983296213808465,0.5,-0.2242765464743618,0.40972451703557644,0.4824814531173892,0.14673241826071373,0.08436185598464806,0.0
2021-03-04 10:30:00,0.03626220362622037,-0.6454183266932272,-0.12613551749813867,-0.09194786645241915,0.36261794767769046,0.9983296213808465,0.5,-0.2242765464743618,0.40972451703557644,0.4824814531173892,0.14673241826071373,0.08436185598464806,0.0
2021-03-04 10:40:00,0.05090655509065551,-0.6653386454183268,-0.11124348473566659,-0.07195143724334929,0.36261794767769046,0.9983296213808465,0.5,-0.2242765464743618,0.40972451703557644,0.4824814531173892,0.14673241826071373,0.08436185598464806,0.0
2021-03-04 10:50:00,0.055090655509065556,-0.6852589641434264,-0.10111690245718552,-0.050883770755222324,0.36261794767769046,0.9983296213808465,0.5,-0.2242765464743618,0.40972451703557644,0.4824814531173892,0.14673241826071373,0.08436185598464806,0.0
2021-03-04 11:00:00,0.0697350069735007,-0.7051792828685259,-0.09128816083395397,-0.036243527941438924,0.36261794767769046,0.9983296213808465,0.5,-0.1757207519253906,0.41254629935604903,0.4097954018974183,0.05345044996600797,0.5777165508607154,0.0
2021-03-04 11:10:00,0.07740585774058578,-0.7250996015936255,-0.08503350707371571,-0.023745759685770196,0.36261794767769046,0.9983296213808465,0.5,-0.1757207519253906,0.41254629935604903,0.4097954018974183,0.05345044996600797,0.5777165508607154,0.0
2021-03-04 11:20:00,0.07322175732217574,-0.7450199203187251,-0.07818317200297853,-0.013033386895197285,0.36261794767769046,0.9983296213808465,0.5,-0.1757207519253906,0.41254629935604903,0.4097954018974183,0.05345044996600797,0.5777165508607154,0.0
2021-03-04 11:30:00,0.08437935843793584,-0.604780876494024,-0.06924795234549519,-0.0001785395465094819,0.36261794767769046,0.9983296213808465,0.5,-0.1757207519253906,0.41254629935604903,0.4097954018974183,0.05345044996600797,0.5777165508607154,0.0
2021-03-04 11:40:00,0.12482566248256625,-0.4645418326693228,-0.055845122859270346,0.008034279592929794,0.36261794767769046,0.9983296213808465,0.5,-0.1757207519253906,0.41254629935604903,0.4097954018974183,0.05345044996600797,0.5777165508607154,0.0
2021-03-04 11:50:00,0.12831241283124128,-0.3243027888446215,-0.046612062546537714,0.011605070523120764,0.36261794767769046,0.9983296213808465,0.5,-0.1757207519253906,0.41254629935604903,0.4097954018974183,0.05345044996600797,0.5777165508607154,0.0
2021-03-04 12:00:00,0.21687587168758715,-0.1840637450199204,-0.037081161578555566,0.018389573290483963,0.3543076258653859,0.737750556792873,0.5,-0.1476116686450608,0.4052849511647758,0.3889952225315219,0.20369513154510518,0.6503758369795681,0.009897852950495646
2021-03-04 12:10:00,0.29009762900976294,-0.043824701195219196,-0.022486969471332885,0.006248884127834309,0.3637957885644737,0.00011135857461024499,0.5,-0.1476116686450608,0.4052849511647758,0.3889952225315219,0.20369513154510518,0.6503758369795681,0.15952743787437573
2021-03-04 12:20:00,0.3193863319386332,-0.26693227091633476,-0.0034251675353685895,0.0012497768255668174,0.36668804229757496,0.00011135857461024499,0.5,-0.1476116686450608,0.4052849511647758,0.3889952225315219,0.20369513154510518,0.6503758369795681,0.19481871539146312
2021-03-04 12:30:00,0.3451882845188285,-0.01195219123505975,0.017125837676842837,0.0126763078021781,0.35450393267984975,0.00011135857461024499,0.5,-0.1476116686450608,0.4052849511647758,0.3889952225315219,0.20369513154510518,0.6503758369795681,0.21030674291232251
2021-03-04 12:40:00,0.35355648535564854,0.11553784860557759,0.030826507818317195,0.02231744331369412,0.34942612974571724,0.00011135857461024499,0.5,-0.1476116686450608,0.4052849511647758,0.3889952225315219,0.20369513154510518,0.6503758369795681,0.23448556814581228
2021-03-04 12:50:00,0.37099023709902373,-0.043824701195219196,-0.004318689501117023,-0.0030351722906623024,0.3626048605567262,0.00011135857461024499,0.5,-0.1476116686450608,0.4052849511647758,0.3889952225315219,0.20369513154510518,0.6503758369795681,0.250916607571254
2021-03-04 13:00:00,0.3807531380753138,-0.07569721115537853,-0.02338049143708132,-0.039814318871630006,0.35751397050162936,0.00011135857461024499,0.5,-0.025884298799655814,0.4077130632429803,0.29721743181870347,0.24376343539861264,0.689761600310438,0.274846477661934
2021-03-04 13:10:00,0.3926080892608089,-0.019920318725099695,-0.024571854058079046,-0.0448134261738975,0.3576186674693434,0.015701559020044543,0.5,-0.025884298799655814,0.4077130632429803,0.29721743181870347,0.24376343539861264,0.689761600310438,0.24513783061997374
2021-03-04 13:20:00,0.41841004184100417,-0.03585657370517936,-0.023082650781831915,-0.03588644884841985,0.35620525840520345,0.0022271714922049,0.5,-0.025884298799655814,0.4077130632429803,0.29721743181870347,0.24376343539861264,0.689761600310438,0.3301069752704558
2021-03-04 13:30:00,0.394700139470014,0.14741035856573692,-0.01593447505584522,-0.03731476522049626,0.35935925455758994,0.00011135857461024499,0.5,-0.025884298799655814,0.4077130632429803,0.29721743181870347,0.24376343539861264,0.689761600310438,0.2925751014680809
2021-03-04 13:40:00,0.3284518828451883,0.14741035856573692,-0.008786299329858527,-0.03660060703445822,0.3745926633599875,0.00011135857461024499,0.5,-0.025884298799655814,0.4077130632429803,0.29721743181870347,0.24376343539861264,0.689761600310438,0.2053804487227847
2021-03-04 13:50:00,0.32496513249651326,-0.02788844621513953,-0.0022338049143708627,-0.04517050526691657,0.37905537160879976,0.00011135857461024499,0.5,-0.025884298799655814,0.4077130632429803,0.29721743181870347,0.24376343539861264,0.689761600310438,0.20622538738929042
2021-03-04 14:00:00,0.36401673640167365,-0.05179282868525903,0.0031273268801190746,-0.036243527941438924,0.37815236026226595,0.00011135857461024499,0.5,-0.009965035956298163,0.38481697207240234,0.2863471787725332,0.26781182032659256,0.7141142718120055,0.2535721290945577
2021-03-04 14:10:00,0.29288702928870297,0.019920318725099362,0.00699925539836177,-0.03945723977861093,0.3601183075735169,0.00011135857461024499,0.5,-0.009965035956298163,0.38481697207240234,0.2863471787725332,0.26781182032659256,0.7141142718120055,0.1746080842524556
2021-03-04 14:20:00,0.2482566248256625,-0.03585657370517936,0.015040953090096565,-0.03910016068559197,0.39475991676591066,0.00011135857461024499,0.5,-0.009965035956298163,0.38481697207240234,0.2863471787725332,0.26781182032659256,0.7141142718120055,0.11631486035879718
2021-03-04 14:30:00,0.25732217573221755,0.4183266932270917,0.022784810126582178,-0.03302981610426714,0.38409391318003955,0.00011135857461024499,0.5,-0.009965035956298163,0.38481697207240234,0.2863471787725332,0.26781182032659256,0.7141142718120055,0.13414910149825732
2021-03-04 14:40:00,0.18479776847977683,0.5298804780876492,0.028741623231570923,-0.03302981610426714,0.38728717069531876,0.00011135857461024499,0.5,-0.009965035956298163,0.38481697207240234,0.2863471787725332,0.26781182032659256,0.7141142718120055,0.060677157988442455
2021-03-04 14:50:00,0.2629009762900976,-0.42629482071713154,0.034996276991809294,-0.020889126941617486,0.39710251141851305,0.00011135857461024499,0.5,-0.009965035956298163,0.38481697207240234,0.2863471787725332,0.26781182032659256,0.7141142718120055,0.11213543159768848
2021-03-04 15:00:00,0.2594142259414226,0.394422310756972,0.04095309009679826,-0.01553294054633092,0.39358207587912736,0.00011135857461024499,0.5,0.0012395342174347235,0.37147241291123534,0.2714749256140055,0.2920747708170693,0.7292247431837157,0.12028305445327941
2021-03-04 15:10:00,0.26569037656903766,-0.29083665338645437,0.04542069992553954,-0.015890019639349995,0.40221957571553835,0.00011135857461024499,0.5,0.0012395342174347235,0.37147241291123534,0.2714749256140055,0.2920747708170693,0.7292247431837157,0.1255111124522836
2021-03-04 15:20:00,0.20292887029288703,0.19521912350597592,0.05197319434102754,-0.01696125691840733,0.39202470848438054,0.00011135857461024499,0.5,0.0012395342174347235,0.37147241291123534,0.2714749256140055,0.2920747708170693,0.7292247431837157,0.07370581046215127
2021-03-04 15:30:00,0.20711297071129708,0.07569721115537842,0.05941921072226353,-0.01696125691840733,0.39120021986363224,0.00011135857461024499,0.5,0.0012395342174347235,0.37147241291123534,0.2714749256140055,0.2920747708170693,0.7292247431837157,0.08594233293601099
2021-03-04 15:40:00,0.12761506276150628,0.394422310756972,0.06805658972449735,-0.008391358685948758,0.40180078784468204,0.05501113585746103,0.5,0.0012395342174347235,0.37147241291123534,0.2714749256140055,0.2920747708170693,0.7292247431837157,0.0
2021-03-04 15:50:00,0.18270571827057183,0.17529880478087634,0.07550260610573334,-0.007320121406891644,0.4050463938438183,0.7876391982182629,0.5,0.0012395342174347235,0.37147241291123534,0.2714749256140055,0.2920747708170693,0.7292247431837157,0.0
2021-03-04 16:00:00,0.21478382147838215,-0.043824701195219196,0.1005212211466866,0.039100160685591856,0.36956720890971195,0.07227171492204901,0.5,0.07346655001979507,0.35144120664239403,0.20097768616725492,0.30477358406185934,0.7467050291751721,0.04180937580156012
2021-03-04 16:10:00,0.17294281729428174,-0.1633466135458168,0.12732688011913607,0.0815925727548652,0.38328251168025546,0.00011135857461024499,0.5,0.07346655001979507,0.35144120664239403,0.20097768616725492,0.30477358406185934,0.7467050291751721,0.041258656849284064
2021-03-04 16:20:00,0.16875871687587168,0.3227091633466135,0.14460163812360372,0.11801464024281394,0.37447487927130907,0.06636971046770601,0.5,0.07346655001979507,0.35144120664239403,0.20097768616725492,0.30477358406185934,0.7467050291751721,0.03916139837349306
2021-03-04 16:30:00,0.14714086471408647,-0.0916334661354582,0.14936708860759484,0.14979467952151415,0.40364607190064256,0.9992204899777284,0.5,0.07346655001979507,0.35144120664239403,0.20097768616725492,0.30477358406185934,0.7467050291751721,0.0
2021-03-04 16:40:00,0.1094839609483961,-0.5258964143426296,0.14966492926284403,0.16086413140510625,0.40364607190064256,0.9992204899777284,0.5,0.07346655001979507,0.35144120664239403,0.20097768616725492,0.30477358406185934,0.7467050291751721,0.0
2021-03-04 16:50:00,0.1617852161785216,-0.9601593625498008,0.15621742367833202,0.16157828959114462,0.40364607190064256,0.9992204899777284,0.5,0.07346655001979507,0.35144120664239403,0.20097768616725492,0.30477358406185934,0.7467050291751721,0.0
2021-03-04 17:00:00,0.048814504881450484,-0.6573705179282869,0.15681310498883105,0.16157828959114462,0.40364607190064256,0.9992204899777284,0.5,0.08505381354222141,0.35557043392805493,0.19016145593773529,0.29331860556566014,0.758212612719752,0.0
2021-03-04 17:10:00,0.10599721059972106,-0.5484727755644092,0.15860014892032748,0.16157828959114462,0.40364607190064256,0.9992204899777284,0.5,0.08505381354222141,0.35557043392805493,0.19016145593773529,0.29331860556566014,0.758212612719752,0.0
2021-03-04 17:20:00,0.08368200836820083,-0.4395750332005314,0.16396128071481741,0.16157828959114462,0.40364607190064256,0.9992204899777284,0.5,0.08505381354222141,0.35557043392805493,0.19016145593773529,0.29331860556566014,0.758212612719752,0.0
2021-03-04 17:30:00,0.13807531380753138,-0.33067729083665354,0.16604616530156346,0.1569362613818961,0.40364607190064256,0.9992204899777284,0.5,0.08505381354222141,0.35557043392805493,0.19016145593773529,0.29331860556566014,0.758212612719752,0.0
2021-03-04 17:40:00,0.07670850767085077,-0.2217795484727757,0.16604616530156346,0.14729512587038052,0.40364607190064256,0.9992204899777284,0.5,0.08505381354222141,0.35557043392805493,0.19016145593773529,0.29331860556566014,0.758212612719752,0.0
2021-03-04 17:50:00,0.11436541143654114,-0.11288180610889798,0.16485480268056585,0.14301017675415095,0.40364607190064256,0.9992204899777284,0.5,0.08505381354222141,0.35557043392805493,0.19016145593773529,0.29331860556566014,0.758212612719752,0.0
2021-03-04 18:00:00,0.09832635983263598,-0.003984063745020139,0.16604616530156346,0.1344402785216927,0.40364607190064256,0.9992204899777284,0.5,-0.01564059778075222,0.35056766099532555,0.23328358415264772,0.23061828636589426,0.7614281354543161,0.0
2021-03-04 18:10:00,0.06834030683403068,0.10491367861885759,0.16098287416232293,0.12515622210319588,0.40364607190064256,0.9992204899777284,0.5,-0.01564059778075222,0.35056766099532555,0.23328358415264772,0.23061828636589426,0.7614281354543161,0.0
2021-03-04 18:20:00,0.11854951185495119,0.21381142098273553,0.15711094564408024,0.11587216568469927,0.40364607190064256,0.9992204899777284,0.5,-0.01564059778075222,0.35056766099532555,0.23328358415264772,0.23061828636589426,0.7614281354543161,0.0
2021-03-04 18:30:00,0.1603905160390516,0.32270916334661326,0.15443037974683538,0.10444563470808776,0.40364607190064256,0.9992204899777284,0.5,-0.01564059778075222,0.35056766099532555,0.23328358415264772,0.23061828636589426,0.7614281354543161,0.0
2021-03-04 18:40:00,0.14365411436541145,0.43160690571049076,0.14728220402084857,0.09123370826638122,0.40364607190064256,0.9992204899777284,0.5,-0.01564059778075222,0.35056766099532555,0.23328358415264772,0.23061828636589426,0.7614281354543161,0.0
2021-03-04 18:50:00,0.19595536959553697,0.5405046480743687,0.14251675353685767,0.07945009819675053,0.38146340186622346,0.9632516703786191,0.5,-0.01564059778075222,0.35056766099532555,0.23328358415264772,0.23061828636589426,0.7614281354543161,0.0
2021-03-04 19:00:00,0.1297071129707113,0.6494023904382469,0.13536857781087108,0.07552222817354037,0.32282001282537853,0.09031180400890869,0.5,0.0011743622805908682,0.36250420250167276,0.2183517283560312,0.17326606783020504,0.7378146209778541,0.0
2021-03-04 19:10:00,0.21617852161785217,0.8565737051792826,0.1285182427401339,0.07230851633636859,0.3410503723285915,0.5334075723830735,0.5,0.0011743622805908682,0.36250420250167276,0.2183517283560312,0.17326606783020504,0.7378146209778541,0.02687206723297675
2021-03-04 19:20:00,0.16387726638772665,-0.5697211155378487,0.1332836932241248,0.07052312087127288,0.3504469251809294,0.00011135857461024499,0.5,0.0011743622805908682,0.36250420250167276,0.2183517283560312,0.17326606783020504,0.7378146209778541,0.04546071789610272
2021-03-04 19:30:00,0.2294281729428173,-0.298804780876494,0.1362620997766193,0.08087841456882705,0.335017209564068,0.00011135857461024499,0.5,0.0011743622805908682,0.36250420250167276,0.2183517283560312,0.17326606783020504,0.7378146209778541,0.09178146264918448
2021-03-04 19:40:00,0.22594142259414227,-0.03585657370517936,0.13953834698436318,0.08337796821996091,0.32473073248616036,0.00011135857461024499,0.5,0.0011743622805908682,0.36250420250167276,0.2183517283560312,0.17326606783020504,0.7378146209778541,0.0849087918885888
2021-03-04 19:50:00,0.2085076708507671,0.4262948207171313,0.14698436336559917,0.09123370826638122,0.32473073248616036,0.00011135857461024499,0.5,0.0011743622805908682,0.36250420250167276,0.2183517283560312,0.17326606783020504,0.7378146209778541,0.07145012598639044
2021-03-04 20:00:00,0.22733612273361226,-0.29083665338645437,0.14221891288160804,0.09337618282449567,0.31399929329546794,0.00011135857461024499,0.5,0.01565233806824895,0.38195496067607804,0.2409739730497161,0.2101336624802754,0.6900162115493156,0.0944369841724882
2021-03-04 20:10:00,0.21617852161785217,0.2669322709163344,0.1443037974683543,0.0994465274058205,0.3104526835141537,0.00011135857461024499,0.5,0.01565233806824895,0.38195496067607804,0.2409739730497161,0.2101336624802754,0.6900162115493156,0.0876020338880758
2021-03-04 20:20:00,0.2838214783821479,0.09163346613545809,0.1243484735666418,0.09194786645241915,0.3104526835141537,0.00011135857461024499,0.5,0.01565233806824895,0.38195496067607804,0.2409739730497161,0.2101336624802754,0.6900162115493156,0.1461593011150173
2021-03-04 20:30:00,0.22733612273361226,0.24302788844621515,0.06865227103499616,0.024102838778789604,0.32032037272120506,0.00011135857461024499,0.5,0.01565233806824895,0.38195496067607804,0.2409739730497161,0.2101336624802754,0.6900162115493156,0.10188300617106992
2021-03-04 20:40:00,0.23640167364016737,0.13147410358565725,0.048994787788533056,-0.019103731476522,0.32429885749433984,0.00011135857461024499,0.5,0.01565233806824895,0.38195496067607804,0.2409739730497161,0.2101336624802754,0.6900162115493156,0.10112859664740409
2021-03-04 20:50:00,0.24686192468619247,0.5059760956175297,0.03737900223380475,-0.041242635243706416,0.3251102589941239,0.00011135857461024499,0.5,0.01565233806824895,0.38195496067607804,0.2409739730497161,0.2101336624802754,0.6900162115493156,0.10510433483712298
2021-03-04 21:00:00,0.17852161785216178,-0.12350597609561753,0.02844378257632152,-0.05195500803427966,0.33813194435356164,0.00011135857461024499,0.5,0.019161916908782217,0.40330510593177776,0.24151952740941446,0.2643839336296056,0.7208234601014587,0.06306109208322647
2021-03-04 21:10:00,0.17154811715481172,-0.14741035856573714,0.022784810126582178,-0.058739510801642525,0.33813194435356164,0.00011135857461024499,0.5,0.019161916908782217,0.40330510593177776,0.24151952740941446,0.2643839336296056,0.7208234601014587,0.054332573894412844
2021-03-04 21:20:00,0.17852161785216178,-0.0916334661354582,0.017125837676842837,-0.06552401356900539,0.33813194435356164,0.00011135857461024499,0.5,0.019161916908782217,0.40330510593177776,0.24151952740941446,0.2643839336296056,0.7208234601014587,0.059183427131584115
2021-03-04 21:30:00,0.2649930264993026,0.24302788844621515,0.014147431124348353,-0.07409391180146396,0.34888955778618264,0.00011135857461024499,0.5,0.019161916908782217,0.40330510593177776,0.24151952740941446,0.2643839336296056,0.7208234601014587,0.11859317712026796
2021-03-04 21:40:00,0.21827057182705717,0.5298804780876492,0.01325390915859992,-0.08123549366184613,0.3617672848150135,0.00011135857461024499,0.5,0.019161916908782217,0.40330510593177776,0.24151952740941446,0.2643839336296056,0.7208234601014587,0.08994824750667653
2021-03-04 21:50:00,0.1771269177126918,0.3227091633466135,0.008190618019359386,-0.08123549366184613,0.3666095195717894,0.00011135857461024499,0.5,0.019161916908782217,0.40330510593177776,0.24151952740941446,0.2643839336296056,0.7208234601014587,0.06084312808364893
2021-03-04 22:00:00,0.19107391910739194,-0.3466135458167332,0.005510052122114528,-0.08194965184788428,0.36502597793511404,0.00011135857461024499,0.5,-0.03953982075382667,0.41326467571054765,0.2865925641016862,0.2464774415939407,0.7321136172241801,0.05764443170330582
2021-03-04 22:10:00,0.17642956764295675,0.4661354581673305,0.005212211466865124,-0.0880199964292091,0.35010666003585866,0.00011135857461024499,0.5,-0.03953982075382667,0.41326467571054765,0.2865925641016862,0.2464774415939407,0.7321136172241801,0.057086168655793114
2021-03-04 22:20:00,0.24616457461645744,0.6414342629482073,0.00014892032762459095,-0.0894483128012854,0.35010666003585866,0.00011135857461024499,0.5,-0.03953982075382667,0.41326467571054765,0.2865925641016862,0.2464774415939407,0.7321136172241801,0.10434992531345716
2021-03-04 22:30:00,0.26638772663877264,0.49800796812749004,-0.0007446016381237319,-0.09694697375468664,0.35010666003585866,0.00011135857461024499,0.5,-0.03953982075382667,0.41326467571054765,0.2865925641016862,0.2464774415939407,0.7321136172241801,0.11814053140606846
2021-03-04 22:40:00,0.16596931659693165,0.2828685258964143,-0.0007446016381237319,-0.09908944831280142,0.36003978484773136,0.00011135857461024499,0.5,-0.03953982075382667,0.41326467571054765,0.2865925641016862,0.2464774415939407,0.7321136172241801,0.05596209846553103
2021-03-04 22:50:00,0.22594142259414227,-0.2509960159362551,-0.0007446016381237319,-0.09337618282449556,0.3639659211370091,0.00011135857461024499,0.5,-0.03953982075382667,0.41326467571054765,0.2865925641016862,0.2464774415939407,0.7321136172241801,0.09086108303031218
2021-03-04 23:00:00,0.2482566248256625,-0.5458167330677292,-0.0007446016381237319,-0.09730405284770571,0.3639659211370091,0.00011135857461024499,0.5,-0.1100731333193028,0.4258448824305271,0.34166426036867154,0.2077066477826888,0.7131660406384686,0.10522504036090952
2021-03-04 23:10:00,0.2615062761506276,-0.21115537848605592,-0.0007446016381237319,-0.09908944831280142,0.3555901637198833,0.00011135857461024499,0.5,-0.1100731333193028,0.4258448824305271,0.34166426036867154,0.2077066477826888,0.7131660406384686,0.11703909350151635
2021-03-04 23:20:00,0.25662482566248257,0.2669322709163344,-0.0019359642591214588,-0.10194608105695413,0.3500804857939302,0.00011135857461024499,0.5,-0.1100731333193028,0.4258448824305271,0.34166426036867154,0.2077066477826888,0.7131660406384686,0.11258053321665132
2021-03-04 23:30:00,0.21687587168758715,-0.1872509960159363,-0.0037230081906179935,-0.10266023924299217,0.3500804857939302,0.00011135857461024499,0.5,-0.1100731333193028,0.4258448824305271,0.34166426036867154,0.2077066477826888,0.7131660406384686,0.08251731369856813
2021-03-04 23:40:00,0.12552301255230125,0.4422310756972112,-0.0075949367088608,-0.10123192287091587,0.3500804857939302,0.28908685968819603,0.5,-0.1100731333193028,0.4258448824305271,0.34166426036867154,0.2077066477826888,0.7131660406384686,0.024209001614436385
2021-03-04 23:50:00,0.22594142259414227,0.4316069057104912,-0.00044676098287421695,-0.08480628459203698,0.3894072842915287,0.9996659242761693,0.5,-0.1100731333193028,0.4258448824305271,0.34166426036867154,0.2077066477826888,0.7131660406384686,0.0
2021-03-05 00:00:00,0.23849372384937237,0.42098273572377143,0.007892777364109982,-0.03874308159257267,0.5844839093847745,0.48251670378619155,0.5,-0.1197142774236607,0.4258075268600918,0.3444460549838141,0.1451435680907264,0.7208547512555802,0.09835236960031384
2021-03-05 00:10:00,0.44839609483960946,0.41035856573705165,0.010275502606105658,-0.035529369755400886,0.6300794388242531,0.00011135857461024499,0.5,-0.1197142774236607,0.4258075268600918,0.3444460549838141,0.1451435680907264,0.7208547512555802,0.4003198696380343
2021-03-05 00:20:00,0.32566248256624825,-0.2828685258964144,-0.03529411764705892,-0.07802178182467412,0.6494483778513565,0.00011135857461024499,0.5,-0.1197142774236607,0.4258075268600918,0.3444460549838141,0.1451435680907264,0.7208547512555802,0.21065377129320884
2021-03-05 00:30:00,0.3361227336122734,-0.3705179282868527,-0.05376023827252441,-0.10480271380110695,0.6362958212822761,0.00011135857461024499,0.5,-0.1197142774236607,0.4258075268600918,0.3444460549838141,0.1451435680907264,0.7208547512555802,0.1988472622478386
2021-03-05 00:40:00,0.32147838214783825,0.14741035856573692,-0.06299329858525693,-0.11372969112658449,0.6230778291083745,0.00011135857461024499,0.5,-0.1197142774236607,0.4258075268600918,0.3444460549838141,0.1451435680907264,0.7208547512555802,0.18658810748826896
2021-03-05 00:50:00,0.3591352859135286,0.13147410358565725,-0.06805658972449746,-0.12372790573111947,0.6291371661148264,0.00011135857461024499,0.5,-0.1197142774236607,0.4258075268600918,0.3444460549838141,0.1451435680907264,0.7208547512555802,0.2365979148120766
2021-03-05 01:00:00,0.3612273361227336,-0.33067729083665354,-0.06924795234549519,-0.12015711480092839,0.635589116750206,0.00011135857461024499,0.5,-0.16944466772484912,0.4412669860089029,0.40487793062684097,0.06892611208193256,0.058179374989642846,0.2393137890972736
2021-03-05 01:10:00,0.3319386331938633,0.47410358565737054,-0.06924795234549519,-0.12587038028923414,0.635589116750206,0.00011135857461024499,0.5,-0.16944466772484912,0.4412669860089029,0.40487793062684097,0.06892611208193256,0.058179374989642846,0.20186490034250193
2021-03-05 01:20:00,0.31241283124128316,-0.2589641434262948,-0.07192851824274027,-0.1312265666845207,0.6485322793838583,0.00011135857461024499,0.5,-0.16944466772484912,0.4412669860089029,0.40487793062684097,0.06892611208193256,0.058179374989642846,0.17812363263273837
2021-03-05 01:30:00,0.2733612273361227,-0.5139442231075697,-0.07311988086373811,-0.1312265666845207,0.6494483778513565,0.00011135857461024499,0.5,-0.16944466772484912,0.4412669860089029,0.40487793062684097,0.06892611208193256,0.058179374989642846,0.14413748359159287
2021-03-05 01:40:00,0.2622036262203626,-0.5139442231075697,-0.07788533134772901,-0.13408319942867342,0.6473936998599679,0.00011135857461024499,0.5,-0.16944466772484912,0.4412669860089029,0.40487793062684097,0.06892611208193256,0.058179374989642846,0.13707621045008073
2021-03-05 01:50:00,0.25174337517433754,-0.23505976095617542,-0.08145941921072242,-0.13836814854490254,0.635589116750206,0.00011135857461024499,0.5,-0.16944466772484912,0.4412669860089029,0.40487793062684097,0.06892611208193256,0.058179374989642846,0.12069043559605896
2021-03-05 02:00:00,0.2377963737796374,0.4183266932270917,-0.0847356664184663,-0.1469380467773611,0.635589116750206,0.00011135857461024499,0.5,-0.15904627507693736,0.43485044841052073,0.3944770166520894,0.26438211642663667,0.1690772583849818,0.11120750788357953
2021-03-05 02:10:00,0.2698744769874477,-0.17131474103585675,-0.08830975428145948,-0.1505088377075522,0.635589116750206,0.00011135857461024499,0.5,-0.15904627507693736,0.43485044841052073,0.3944770166520894,0.26438211642663667,0.1690772583849818,0.12579778807127662
2021-03-05 02:20:00,0.2670850767085077,0.17928286852589648,-0.09307520476545061,-0.15300839135868594,0.6364136053709544,0.00011135857461024499,0.5,-0.15904627507693736,0.43485044841052073,0.3944770166520894,0.26438211642663667,0.1690772583849818,0.1301054664514085
2021-03-05 02:30:00,0.2412831241283124,-0.3784860557768924,-0.09337304542070002,-0.15907873594001076,0.6494483778513565,0.00011135857461024499,0.5,-0.15904627507693736,0.43485044841052073,0.3944770166520894,0.26438211642663667,0.1690772583849818,0.11216560797863513
2021-03-05 02:40:00,0.21827057182705717,-0.003984063745020028,-0.09605361131794499,-0.1597928941260488,0.6365575637015612,0.00011135857461024499,0.5,-0.15904627507693736,0.43485044841052073,0.3944770166520894,0.26438211642663667,0.1690772583849818,0.09446716055343483
2021-03-05 02:50:00,0.22663877266387727,0.09163346613545809,-0.1005212211466866,-0.16229244777718255,0.635589116750206,0.00011135857461024499,0.5,-0.15904627507693736,0.43485044841052073,0.3944770166520894,0.26438211642663667,0.1690772583849818,0.10081928874270107
2021-03-05 03:00:00,0.2594142259414226,-0.5458167330677292,-0.10260610573343276,-0.16407784324227825,0.6343065788957089,0.00011135857461024499,0.5,-0.17864201562058601,0.4426778771691392,0.410895894861961,0.3869456579919244,0.20828188925371652,0.10899708797923864
2021-03-05 03:10:00,0.2615062761506276,0.24302788844621515,-0.10320178704393157,-0.17014818782360286,0.6218345526167698,0.00011135857461024499,0.5,-0.17864201562058601,0.4426778771691392,0.410895894861961,0.3869456579919244,0.20828188925371652,0.1161111697874074
2021-03-05 03:20:00,0.24337517433751746,0.3227091633466135,-0.10498883097542833,-0.17300482056775568,0.6218345526167698,0.00011135857461024499,0.5,-0.17864201562058601,0.4426778771691392,0.410895894861961,0.3869456579919244,0.20828188925371652,0.10469695369434344
2021-03-05 03:30:00,0.2398884239888424,-0.1394422310756973,-0.10498883097542833,-0.1740760578468129,0.6218345526167698,0.00011135857461024499,0.5,-0.17864201562058601,0.4426778771691392,0.410895894861961,0.3869456579919244,0.20828188925371652,0.10159633055207688
2021-03-05 03:40:00,0.28451882845188287,-0.3784860557768924,-0.10498883097542833,-0.1740760578468129,0.6218345526167698,0.00011135857461024499,0.5,-0.17864201562058601,0.4426778771691392,0.410895894861961,0.3869456579919244,0.20828188925371652,0.13598986073600192
2021-03-05 03:50:00,0.296373779637378,-0.02788844621513953,-0.10498883097542833,-0.17193358328869845,0.610173927837615,0.00011135857461024499,0.5,-0.17864201562058601,0.4426778771691392,0.410895894861961,0.3869456579919244,0.20828188925371652,0.15703034235104185
2021-03-05 04:00:00,0.3277545327754533,0.003984063745019917,-0.10498883097542833,-0.17086234600964112,0.6158406512151392,0.00011135857461024499,0.5,-0.2438743215564686,0.4525110127095166,0.4916310921346457,0.446893095509962,0.2372946897340646,0.19386815939164417
2021-03-05 04:10:00,0.35006973500697347,0.019920318725099362,-0.10498883097542833,-0.16979110873058378,0.621847639737734,0.00011135857461024499,0.5,-0.2438743215564686,0.4525110127095166,0.4916310921346457,0.446893095509962,0.2372946897340646,0.22407471671922385
2021-03-05 04:20:00,0.35146443514644354,0.3067729083665336,-0.10498883097542833,-0.17050526691662193,0.621847639737734,0.00011135857461024499,0.5,-0.2438743215564686,0.4525110127095166,0.4916310921346457,0.446893095509962,0.2372946897340646,0.23498347843143175
2021-03-05 04:30:00,0.3598326359832636,0.2749003984063745,-0.10498883097542833,-0.16657739689341178,0.621847639737734,0.00011135857461024499,0.5,-0.2438743215564686,0.4525110127095166,0.4916310921346457,0.446893095509962,0.2372946897340646,0.23914781900206708
2021-03-05 04:40:00,0.301952580195258,0.03585657370517925,-0.10558451228592702,-0.17050526691662193,0.621847639737734,0.00011135857461024499,0.5,-0.2438743215564686,0.4525110127095166,0.4916310921346457,0.446893095509962,0.2372946897340646,0.16308070673084177
2021-03-05 04:50:00,0.2838214783821479,0.1394422310756971,-0.10856291883842151,-0.17050526691662193,0.621847639737734,0.00011135857461024499,0.5,-0.2438743215564686,0.4525110127095166,0.4916310921346457,0.446893095509962,0.2372946897340646,0.14528418606756494
2021-03-05 05:00:00,0.30404463040446306,-0.3944223107569722,-0.11094564408041707,-0.17050526691662193,0.621847639737734,0.00011135857461024499,0.5,-0.2347971114890388,0.45452534000752925,0.547525938877875,0.47406106644615364,0.2503862483948872,0.1596255111124523
2021-03-05 05:10:00,0.32147838214783825,-0.1633466135458168,-0.11362620997766204,-0.17050526691662193,0.6115742497807908,0.00011135857461024499,0.5,-0.2347971114890388,0.45452534000752925,0.547525938877875,0.47406106644615364,0.2503862483948872,0.18396276234591186
2021-03-05 05:20:00,0.3451882845188285,-0.02788844621513953,-0.11422189128816096,-0.17050526691662193,0.6079491172736909,0.00011135857461024499,0.5,-0.2347971114890388,0.45452534000752925,0.547525938877875,0.47406106644615364,0.2503862483948872,0.22355417414789444
2021-03-05 05:30:00,0.3528591352859135,-0.01195219123505975,-0.11720029784065533,-0.17050526691662193,0.6079491172736909,0.00011135857461024499,0.5,-0.2347971114890388,0.45452534000752925,0.547525938877875,0.47406106644615364,0.2503862483948872,0.23357273262217665
2021-03-05 05:40:00,0.36750348675034866,-0.03585657370517936,-0.11988086373790041,-0.1694340296375647,0.6079491172736909,0.00011135857461024499,0.5,-0.2347971114890388,0.45452534000752925,0.547525938877875,0.47406106644615364,0.2503862483948872,0.2502376389999547
2021-03-05 05:50:00,0.3396094839609484,-0.17928286852589637,-0.12315711094564419,-0.17229066238171753,0.6079491172736909,0.00011135857461024499,0.5,-0.2347971114890388,0.45452534000752925,0.547525938877875,0.47406106644615364,0.2503862483948872,0.21028411062661256
2021-03-05 06:00:00,0.35355648535564854,-0.2509960159362551,-0.12911392405063304,-0.17300482056775568,0.600175367420921,0.00011135857461024499,0.5,-0.29612086892802836,0.4638096360130687,0.578094990626534,0.46891930420675415,0.23478211509368258,0.2284804683374323
2021-03-05 06:10:00,0.3507670850767085,-0.45019920318725104,-0.13417721518987347,-0.17336189966077487,0.5947311250997893,0.00011135857461024499,0.5,-0.29612086892802836,0.4638096360130687,0.578094990626534,0.46891930420675415,0.23478211509368258,0.22037056595802468
2021-03-05 06:20:00,0.3668061366806137,0.20318725099601576,-0.1389426656738647,-0.17479021603285128,0.5861983222310924,0.00011135857461024499,0.5,-0.29612086892802836,0.4638096360130687,0.578094990626534,0.46891930420675415,0.23478211509368258,0.24665419376254205
2021-03-05 06:30:00,0.43654114365411434,0.298804780876494,-0.14162323157110956,-0.18121763970719518,0.5974925076232479,0.00011135857461024499,0.5,-0.29612086892802836,0.4638096360130687,0.578094990626534,0.46891930420675415,0.23478211509368258,0.3583973324079243
2021-03-05 06:40:00,0.5202231520223152,0.01195219123505975,-0.14847356664184674,-0.18121763970719518,0.607451806677049,0.00011135857461024499,0.5,-0.29612086892802836,0.4638096360130687,0.578094990626534,0.46891930420675415,0.23478211509368258,0.5288486201849812
2021-03-05 06:50:00,0.4783821478382148,0.14741035856573692,-0.15562174236783333,-0.18121763970719518,0.607451806677049,0.00011135857461024499,0.5,-0.29612086892802836,0.4638096360130687,0.578094990626534,0.46891930420675415,0.23478211509368258,0.46970291352958043
2021-03-05 07:00:00,0.5404463040446305,0.027888446215139417,-0.1660461653015637,-0.18121763970719518,0.607451806677049,0.00011135857461024499,0.5,-0.30100349440318497,0.48488679825405984,0.5913416135347193,0.4816683481962976,0.23855369089012032,0.6265521975949424
2021-03-05 07:10:00,0.5153417015341701,0.17928286852589648,-0.17587490692479535,-0.18121763970719518,0.607451806677049,0.00011135857461024499,0.5,-0.30100349440318497,0.48488679825405984,0.5913416135347193,0.4816683481962976,0.23855369089012032,0.581106567889313
2021-03-05 07:20:00,0.5292887029288703,0.09163346613545809,-0.18451228592702917,-0.1822888769862525,0.607451806677049,0.00011135857461024499,0.5,-0.30100349440318497,0.48488679825405984,0.5913416135347193,0.4816683481962976,0.23855369089012032,0.6297508939752856
2021-03-05 07:30:00,0.5167364016736402,-0.19521912350597614,-0.19076693968726743,-0.18300303517229055,0.6050045150567326,0.00011135857461024499,0.5,-0.30100349440318497,0.48488679825405984,0.5913416135347193,0.4816683481962976,0.23855369089012032,0.5547550432276658
2021-03-05 07:40:00,0.4679218967921897,0.3306772908366533,-0.19851079672375294,-0.18621674700946256,0.5962754053735718,0.00011135857461024499,0.5,-0.30100349440318497,0.48488679825405984,0.5913416135347193,0.4816683481962976,0.23855369089012032,0.4438417550583159
2021-03-05 07:50:00,0.4191073919107392,-0.12350597609561753,-0.2047654504839912,-0.18978753793965364,0.5962754053735718,0.00011135857461024499,0.5,-0.30100349440318497,0.48488679825405984,0.5913416135347193,0.4816683481962976,0.23855369089012032,0.3653529882161233
2021-03-05 08:00:00,0.4337517433751743,0.01195219123505975,-0.20625465376023833,-0.18978753793965364,0.5986965227519598,0.00011135857461024499,0.5,-0.31036067030370995,0.4942860344763174,0.5948035122946927,0.4992777139853246,0.22177965966839916,0.36652986707304197
2021-03-05 08:10:00,0.44072524407252445,-0.23505976095617542,-0.20804169769173497,-0.19264417068380646,0.601785083299525,0.00011135857461024499,0.5,-0.31036067030370995,0.4942860344763174,0.5948035122946927,0.4992777139853246,0.22177965966839916,0.3801620471656834
2021-03-05 08:20:00,0.4330543933054393,0.07569721115537842,-0.2092330603127328,-0.19621496161399754,0.5962754053735718,0.00011135857461024499,0.5,-0.31036067030370995,0.4942860344763174,0.5948035122946927,0.4992777139853246,0.22177965966839916,0.37560541364274186
2021-03-05 08:30:00,0.49302649930264997,0.003984063745019917,-0.20685033507073725,-0.20264238528834144,0.605370954443732,0.00011135857461024499,0.5,-0.31036067030370995,0.4942860344763174,0.5948035122946927,0.4992777139853246,0.22177965966839916,0.48013639724187884
2021-03-05 08:40:00,0.50697350069735,0.2111553784860556,-0.20208488458674623,-0.20085698982324574,0.609768227087723,0.00011135857461024499,0.5,-0.31036067030370995,0.4942860344763174,0.5948035122946927,0.4992777139853246,0.22177965966839916,0.56887758951069
2021-03-05 08:50:00,0.5132496513249651,-0.23505976095617542,-0.19821295606850342,-0.19407248705588287,0.6141000641268928,0.00011135857461024499,0.5,-0.31036067030370995,0.4942860344763174,0.5948035122946927,0.4992777139853246,0.22177965966839916,0.5285694886612249
2021-03-05 09:00:00,0.4546722454672245,0.12350597609561742,-0.19463886820551013,-0.1919300124977681,0.6074387195560849,0.00011135857461024499,0.5,-0.3139109399134088,0.5078834621142693,0.5723094766799607,0.5066446457805965,0.20955564540740884,0.4224844214433363
2021-03-05 09:10:00,0.4721059972105997,0.2669322709163344,-0.18600148920327642,-0.1919300124977681,0.6139168444333931,0.00011135857461024499,0.5,-0.3139109399134088,0.5078834621142693,0.5723094766799607,0.5066446457805965,0.20955564540740884,0.4599936629600012
2021-03-05 09:20:00,0.4281729428172943,-0.13147410358565736,-0.17974683544303804,-0.18657382610248163,0.6186936435853476,0.00011135857461024499,0.5,-0.3139109399134088,0.5078834621142693,0.5723094766799607,0.5066446457805965,0.20955564540740884,0.36725410021576116
2021-03-05 09:30:00,0.3612273361227336,-0.4183266932270917,-0.17230081906180206,-0.1808605606141761,0.6170054049809582,0.00011135857461024499,0.5,-0.3139109399134088,0.5078834621142693,0.5723094766799607,0.5066446457805965,0.20955564540740884,0.24652594414351886
2021-03-05 09:40:00,0.32984658298465835,0.15537848605577675,-0.162174236783321,-0.18050348152115692,0.607451806677049,0.00011135857461024499,0.5,-0.3139109399134088,0.5078834621142693,0.5723094766799607,0.5066446457805965,0.20955564540740884,0.20153296015208896
2021-03-05 09:50:00,0.33403068340306835,0.2828685258964143,-0.14013402829486243,-0.1569362613818961,0.6172409731583148,0.00011135857461024499,0.5,-0.3139109399134088,0.5078834621142693,0.5723094766799607,0.5066446457805965,0.20955564540740884,0.2061348582464505
2021-03-05 10:00:00,0.35146443514644354,0.2749003984063745,-0.12881608339538353,-0.1422960185681127,0.6292156888406119,0.00011135857461024499,0.5,-0.148140948822019,0.5242940515564358,0.377712316327179,0.5535846077326372,0.2331316782996675,0.2300119196704739
2021-03-05 10:10:00,0.45746164574616455,0.07569721115537842,-0.12226358897989587,-0.13729691126584542,0.6396068628862337,0.00011135857461024499,0.5,-0.148140948822019,0.5242940515564358,0.377712316327179,0.5535846077326372,0.2331316782996675,0.4233369042050787
2021-03-05 10:20:00,0.47629009762900976,0.1394422310756971,-0.131794489947878,-0.15229423317264768,0.6443836620381882,0.00011135857461024499,0.5,-0.148140948822019,0.5242940515564358,0.377712316327179,0.5535846077326372,0.2331316782996675,0.49786502104802577
2021-03-05 10:30:00,0.5502092050209205,-0.10756972111553798,-0.131794489947878,-0.1597928941260488,0.6456138514088287,0.00011135857461024499,0.5,-0.148140948822019,0.5242940515564358,0.377712316327179,0.5535846077326372,0.2331316782996675,0.6255337447379936
2021-03-05 10:40:00,0.48326359832635984,0.11553784860557759,-0.131794489947878,-0.14836636314943752,0.6450772794492939,0.00011135857461024499,0.5,-0.148140948822019,0.5242940515564358,0.377712316327179,0.5535846077326372,0.2331316782996675,0.4980159029527589
2021-03-05 10:50:00,0.5174337517433751,0.043824701195219085,-0.12822040208488483,-0.1469380467773611,0.6527332452133855,0.00011135857461024499,0.5,-0.148140948822019,0.5242940515564358,0.377712316327179,0.5535846077326372,0.2331316782996675,0.5716839929387268
2021-03-05 11:00:00,0.49302649930264997,0.003984063745019917,-0.12345495160089359,-0.14479557221924644,0.6467786051746477,0.00011135857461024499,0.5,-0.13948512168707938,0.5271819245015211,0.36231822305006484,0.532848287674604,0.2701404826464929,0.5093395899029829
2021-03-05 11:10:00,0.5306834030683404,-0.019920318725099695,-0.11988086373790041,-0.14193893947509362,0.6568687754380913,0.00011135857461024499,0.5,-0.13948512168707938,0.5271819245015211,0.36231822305006484,0.532848287674604,0.2701404826464929,0.5846598367457791
2021-03-05 11:20:00,0.5557880055788006,-0.15537848605577698,-0.1160089352196576,-0.1358685948937688,0.6569342110429127,0.00011135857461024499,0.5,-0.13948512168707938,0.5271819245015211,0.36231822305006484,0.532848287674604,0.2701404826464929,0.6282043544517707
2021-03-05 11:30:00,0.4714086471408647,-0.043824701195219196,-0.11154132539091599,-0.1344402785216925,0.6583476201070526,0.00011135857461024499,0.5,-0.13948512168707938,0.5271819245015211,0.36231822305006484,0.532848287674604,0.2701404826464929,0.47177753971966147
2021-03-05 11:40:00,0.4721059972105997,-0.09960159362549814,-0.10558451228592702,-0.12729869666131055,0.6535969951970265,0.00011135857461024499,0.5,-0.13948512168707938,0.5271819245015211,0.36231822305006484,0.532848287674604,0.2701404826464929,0.46199284819771563
2021-03-05 11:50:00,0.42398884239888424,0.14741035856573692,-0.09932985852568887,-0.12408498482413843,0.6535053853502768,0.00011135857461024499,0.5,-0.13948512168707938,0.5271819245015211,0.36231822305006484,0.532848287674604,0.2701404826464929,0.3614526909787709
2021-03-05 12:00:00,0.36192468619246865,0.019920318725099362,-0.09158600148920337,-0.12694161756829125,0.6555077148578085,0.00011135857461024499,0.5,-0.12831313748176842,0.521512498311815,0.3409825076402339,0.4315759640112532,0.2987215888529573,0.24313110128702264
2021-03-05 12:10:00,0.3354253835425383,0.019920318725099362,-0.08205510052122122,-0.1151580074986609,0.6461635104893274,0.00011135857461024499,0.5,-0.12831313748176842,0.521512498311815,0.3409825076402339,0.4315759640112532,0.2987215888529573,0.2235466300526578
2021-03-05 12:20:00,0.3179916317991632,-0.01195219123505975,-0.06209977661950872,-0.09444742010355289,0.6634123359202209,0.00011135857461024499,0.5,-0.12831313748176842,0.521512498311815,0.3409825076402339,0.4315759640112532,0.2987215888529573,0.18009264148950616
2021-03-05 12:30:00,0.27405857740585776,-0.23505976095617542,-0.06090841399851088,-0.10051776468487772,0.6481658399968591,0.00011135857461024499,0.5,-0.12831313748176842,0.521512498311815,0.3409825076402339,0.4315759640112532,0.2987215888529573,0.1362991686407049
2021-03-05 12:40:00,0.29358437935843795,-0.1633466135458168,-0.05405807892777381,-0.11265845384752715,0.6442920521914385,0.00011135857461024499,0.5,-0.12831313748176842,0.521512498311815,0.3409825076402339,0.4315759640112532,0.2987215888529573,0.15672857854157551
2021-03-05 12:50:00,0.3068340306834031,0.47410358565737054,-0.043931496649292856,-0.11337261203356541,0.6435591734174398,0.00011135857461024499,0.5,-0.12831313748176842,0.521512498311815,0.3409825076402339,0.4315759640112532,0.2987215888529573,0.1870860177738884
2021-03-05 13:00:00,0.35006973500697347,0.06772908366533859,-0.03678332092330627,-0.1105159792894127,0.6611613511143684,0.00011135857461024499,0.5,0.018901329220675,0.5219808796949494,0.2659450689405961,0.31526677398370656,0.33033015298380847,0.23677142900251974
2021-03-05 13:10:00,0.3403068340306834,0.003984063745019917,-0.031422189128816336,-0.10194608105695413,0.6448678855138658,0.00011135857461024499,0.5,0.018901329220675,0.5219808796949494,0.2659450689405961,0.31526677398370656,0.33033015298380847,0.21067640357891879
2021-03-05 13:20:00,0.2684797768479777,0.09163346613545809,-0.025167535368577965,-0.0958757364756293,0.6463467301828271,0.00011135857461024499,0.5,0.018901329220675,0.5219808796949494,0.2659450689405961,0.31526677398370656,0.33033015298380847,0.13749867978333358
2021-03-05 13:30:00,0.33821478382147835,0.027888446215139417,-0.013551749813849767,-0.09908944831280142,0.6489903286176074,0.00011135857461024499,0.5,0.018901329220675,0.5219808796949494,0.2659450689405961,0.31526677398370656,0.33033015298380847,0.2185373508155167
2021-03-05 13:40:00,0.22594142259414227,0.2669322709163344,-0.006403574087863073,-0.09908944831280142,0.6390048553218777,0.00011135857461024499,0.5,0.018901329220675,0.5219808796949494,0.2659450689405961,0.31526677398370656,0.33033015298380847,0.11144137483591593
2021-03-05 13:50:00,0.27266387726638774,0.4820717131474104,0.00431868950111669,-0.09373326191751463,0.6552721466804519,0.00011135857461024499,0.5,0.018901329220675,0.5219808796949494,0.2659450689405961,0.31526677398370656,0.33033015298380847,0.13795886959276973
2021-03-05 14:00:00,0.2907949790794979,-0.5776892430278885,0.008488458674609012,-0.0894483128012854,0.658164400413553,0.00011135857461024499,0.5,0.023697470134809606,0.5192797846020364,0.2560656146420602,0.22581195628845296,0.370147271306978,0.14273428187757442
2021-03-05 14:10:00,0.22454672245467225,0.346613545816733,0.016827997021593433,-0.08016425638278879,0.654827184567667,0.00011135857461024499,0.5,0.023697470134809606,0.5192797846020364,0.2560656146420602,0.22581195628845296,0.370147271306978,0.1011814053140607
2021-03-05 14:20:00,0.16248256624825663,0.19521912350597592,0.026954579300074277,-0.073736832708445,0.6678357828061404,0.00011135857461024499,0.5,0.023697470134809606,0.5192797846020364,0.2560656146420602,0.22581195628845296,0.370147271306978,0.05307270998989091
2021-03-05 14:30:00,0.17573221757322177,-0.3227091633466136,0.034400595681310264,-0.06838064631315821,0.6820483961733258,0.00011135857461024499,0.5,0.023697470134809606,0.5192797846020364,0.2560656146420602,0.22581195628845296,0.370147271306978,0.04659987627683812
2021-03-05 14:40:00,0.1701534170153417,-0.05179282868525903,0.040655249441548635,-0.06302445991787176,0.6515684914475665,0.00011135857461024499,0.5,0.023697470134809606,0.5192797846020364,0.2560656146420602,0.22581195628845296,0.370147271306978,0.05193355160915552
2021-03-05 14:50:00,0.11018131101813111,0.09163346613545809,0.05286671630677553,-0.06052490626673801,0.6440695711350459,0.16525612472160356,0.5,0.023697470134809606,0.5192797846020364,0.2560656146420602,0.22581195628845296,0.370147271306978,0.0
2021-03-05 15:00:00,0.14016736401673638,0.22709163346613526,0.06835443037974676,-0.05195500803427966,0.6319901584850348,0.9972160356347439,0.5,0.024837478733236162,0.5016594493788922,0.25039930597166443,0.1738103969662943,0.4443153573574106,0.0
2021-03-05 15:10:00,0.18131101813110181,0.36254980079681287,0.09337304542069957,-0.01553294054633092,0.6485846278677154,0.9909799554565701,0.5,0.024837478733236162,0.5016594493788922,0.25039930597166443,0.1738103969662943,0.4443153573574106,0.0
2021-03-05 15:20:00,0.18967921896792192,0.49800796812749004,0.1085629188384214,0.0126763078021781,0.7217678082998521,0.8038975501113585,0.5,0.024837478733236162,0.5016594493788922,0.25039930597166443,0.1738103969662943,0.4443153573574106,0.0030100939994266492
2021-03-05 15:30:00,0.12831241283124128,0.6175298804780875,0.11898734177215187,0.031244420639171766,0.7453508002774469,0.1801781737193764,0.5,0.024837478733236162,0.5016594493788922,0.25039930597166443,0.1738103969662943,0.4443153573574106,0.014047105330657695
2021-03-05 15:40:00,0.07531380753138076,0.5577689243027888,0.12494415487714061,0.0658810926620248,0.7518420122757195,0.9972160356347439,0.5,0.024837478733236162,0.5016594493788922,0.25039930597166443,0.1738103969662943,0.4443153573574106,0.0
2021-03-05 15:50:00,0.1792189679218968,0.49800796812749004,0.13060312732687973,0.0658810926620248,0.7298949104186571,0.8213808463251672,0.5,0.024837478733236162,0.5016594493788922,0.25039930597166443,0.1738103969662943,0.4443153573574106,0.0
2021-03-05 16:00:00,0.056485355648535567,0.4382470119521913,0.1332836932241248,0.06980896268523495,0.6920207823480912,0.997772828507795,0.5,0.07286399310524927,0.499087662029788,0.21133713192359144,0.18498200932987913,0.5208876441188802,0.0
2021-03-05 16:10:00,0.07880055788005579,0.3784860557768923,0.14251675353685767,0.07302267452240674,0.6919946081061628,0.997772828507795,0.5,0.07286399310524927,0.499087662029788,0.21133713192359144,0.18498200932987913,0.5208876441188802,0.0
2021-03-05 16:20:00,0.15550906555090654,0.31872509960159356,0.16187639612807136,0.07945009819675053,0.6919815209851985,0.997772828507795,0.5,0.07286399310524927,0.499087662029788,0.21133713192359144,0.18498200932987913,0.5208876441188802,0.0
2021-03-05 16:30:00,0.10320781032078104,0.2589641434262948,0.16396128071481741,0.07945009819675053,0.6919815209851985,0.997772828507795,0.5,0.07286399310524927,0.499087662029788,0.21133713192359144,0.18498200932987913,0.5208876441188802,0.0
2021-03-05 16:40:00,0.07531380753138076,0.19920318725099606,0.16842889054355892,0.08123549366184624,0.6919815209851985,0.997772828507795,0.5,0.07286399310524927,0.499087662029788,0.21133713192359144,0.18498200932987913,0.5208876441188802,0.0
2021-03-05 16:50:00,0.042538354253835425,0.1394422310756973,0.17498138495904692,0.0848062845920372,0.6919815209851985,0.997772828507795,0.5,0.07286399310524927,0.499087662029788,0.21133713192359144,0.18498200932987913,0.5208876441188802,0.0
2021-03-05 17:00:00,0.06694560669456066,0.07968127490039834,0.17915115413253901,0.09016247098732366,0.6919815209851985,0.997772828507795,0.5,0.07770896294238283,0.49306192116825326,0.1994795041111237,0.20590834010830147,0.5637973465918804,0.0
2021-03-05 17:10:00,0.09762900976290097,0.019920318725099362,0.18838421444527165,0.09016247098732366,0.6919815209851985,0.997772828507795,0.5,0.07770896294238283,0.49306192116825326,0.1994795041111237,0.20590834010830147,0.5637973465918804,0.0
2021-03-05 17:20:00,0.1499302649930265,-0.007171314741035939,0.20357408786299303,0.0848062845920372,0.6919815209851985,0.997772828507795,0.5,0.07770896294238283,0.49306192116825326,0.1994795041111237,0.20590834010830147,0.5637973465918804,0.0
2021-03-05 17:30:00,0.14504881450488147,-0.03426294820717146,0.2068503350707369,0.07945009819675053,0.6919815209851985,0.997772828507795,0.5,0.07770896294238283,0.49306192116825326,0.1994795041111237,0.20590834010830147,0.5637973465918804,0.0
2021-03-05 17:40:00,0.07810320781032079,-0.061354581673306874,0.20833953834698438,0.07945009819675053,0.6919815209851985,0.997772828507795,0.5,0.07770896294238283,0.49306192116825326,0.1994795041111237,0.20590834010830147,0.5637973465918804,0.0
2021-03-05 17:50:00,0.0885634588563459,-0.08844621513944229,0.20327624720774362,0.07945009819675053,0.6919815209851985,0.997772828507795,0.5,0.07770896294238283,0.49306192116825326,0.1994795041111237,0.20590834010830147,0.5637973465918804,0.0
2021-03-05 18:00:00,0.05788005578800558,-0.11553784860557781,0.20178704393149638,0.08123549366184624,0.6919815209851985,0.997772828507795,0.5,-0.036559555443340996,0.5061708528851427,0.2726383183838504,0.11178989249312778,0.5440130085327615,0.0
2021-03-05 18:10:00,0.1304044630404463,-0.1832669322709164,0.20923306031273237,0.08087841456882705,0.6919815209851985,0.997772828507795,0.5,-0.036559555443340996,0.5061708528851427,0.2726383183838504,0.11178989249312778,0.5440130085327615,0.0
2021-03-05 18:20:00,0.11018131101813111,-0.2509960159362551,0.21072226358897983,0.07409391180146407,0.6919815209851985,0.997772828507795,0.5,-0.036559555443340996,0.5061708528851427,0.2726383183838504,0.11178989249312778,0.5440130085327615,0.0
2021-03-05 18:30:00,0.11576011157601115,-0.31872509960159356,0.209530900967982,0.07052312087127288,0.6919815209851985,0.997772828507795,0.5,-0.036559555443340996,0.5061708528851427,0.2726383183838504,0.11178989249312778,0.5440130085327615,0.0
2021-03-05 18:40:00,0.09693165969316596,-0.38645418326693237,0.20357408786299303,0.06623817175504376,0.6919815209851985,0.997772828507795,0.5,-0.036559555443340996,0.5061708528851427,0.2726383183838504,0.11178989249312778,0.5440130085327615,0.0
2021-03-05 18:50:00,0.11087866108786612,-0.45418326693227096,0.19553239017125823,0.05981074808069997,0.6919815209851985,0.997772828507795,0.5,-0.036559555443340996,0.5061708528851427,0.2726383183838504,0.11178989249312778,0.5440130085327615,0.0
2021-03-05 19:00:00,0.09205020920502092,-0.5219123505976095,0.18361876396128052,0.054454561685413294,0.6919815209851985,0.997772828507795,0.5,-0.02752913976045157,0.5267394046671476,0.2563477760670553,0.11769211349138012,0.5054213952980375,0.0
2021-03-05 19:10:00,0.07252440725244073,-0.5896414342629483,0.17557706626954572,0.049455454383146025,0.6919815209851985,0.997772828507795,0.5,-0.02752913976045157,0.5267394046671476,0.2563477760670553,0.11769211349138012,0.5054213952980375,0.0
2021-03-05 19:20:00,0.06555090655509065,-0.6573705179282869,0.1669396872673119,0.04159971433672571,0.6919815209851985,0.997772828507795,0.5,-0.02752913976045157,0.5267394046671476,0.2563477760670553,0.11769211349138012,0.5054213952980375,0.0
2021-03-05 19:30:00,0.09274755927475593,-0.7250996015936254,0.1520476545048397,0.034815211569362514,0.6919815209851985,0.997772828507795,0.5,-0.02752913976045157,0.5267394046671476,0.2563477760670553,0.11769211349138012,0.5054213952980375,0.0
2021-03-05 19:40:00,0.13737796373779637,-0.7928286852589642,0.14162323157110923,0.026245313336904275,0.6919815209851985,0.997772828507795,0.5,-0.02752913976045157,0.5267394046671476,0.2563477760670553,0.11769211349138012,0.5054213952980375,0.0
2021-03-05 19:50:00,0.2210599721059972,-0.5936254980079682,0.13298585256887563,0.015890019639350328,0.6867335854785306,0.8011135857461025,0.5,-0.02752913976045157,0.5267394046671476,0.2563477760670553,0.11769211349138012,0.5054213952980375,0.011572642093033783
2021-03-05 20:00:00,0.29707112970711297,-0.02788844621513953,0.12941176470588234,0.011605070523120764,0.6755310099331249,0.00011135857461024499,0.5,-0.010624626653854663,0.5407994666773968,0.2662829017658486,0.1551709663998236,0.47223809918166637,0.14844516197172475
2021-03-05 20:10:00,0.22036262203626222,0.29083665338645415,0.13417721518987324,0.018389573290483963,0.6772192485375143,0.00011135857461024499,0.5,-0.010624626653854663,0.5407994666773968,0.2662829017658486,0.1551709663998236,0.47223809918166637,0.07900176531828539
2021-03-05 20:20:00,0.2391910739191074,-0.09960159362549814,0.1323901712583766,0.030887341546152358,0.6821530931410399,0.00011135857461024499,0.5,-0.010624626653854663,0.5407994666773968,0.2662829017658486,0.1551709663998236,0.47223809918166637,0.10255443064713249
2021-03-05 20:30:00,0.198744769874477,0.4183266932270917,0.1332836932241248,0.038386002499553706,0.6814202143670415,0.00011135857461024499,0.5,-0.010624626653854663,0.5407994666773968,0.2662829017658486,0.1551709663998236,0.47223809918166637,0.060918569036015516
2021-03-05 20:40:00,0.16457461645746163,-0.05179282868525903,0.13387937453462384,0.05623995715050878,0.6892593998246325,0.00011135857461024499,0.5,-0.010624626653854663,0.5407994666773968,0.2662829017658486,0.1551709663998236,0.47223809918166637,0.0453022918961329
2021-03-05 20:50:00,0.1617852161785216,-0.31474103585657376,0.13268801191362622,0.07909301910373157,0.6892593998246325,0.00011135857461024499,0.5,-0.010624626653854663,0.5407994666773968,0.2662829017658486,0.1551709663998236,0.47223809918166637,0.048523620562185975
2021-03-05 21:00:00,0.12133891213389121,-0.50597609561753,0.1285182427401339,0.10158900196393517,0.6892593998246325,0.00011135857461024499,0.5,-0.019076899883697873,0.557405454487985,0.25572587960495374,0.1738758614772301,0.43595354847871776,0.023937414185916685
2021-03-05 21:10:00,0.10460251046025104,-0.3944223107569722,0.12166790766939672,0.132654883056597,0.6781091727630838,0.27706013363028953,0.5,-0.019076899883697873,0.557405454487985,0.25572587960495374,0.1738758614772301,0.43595354847871776,0.006005099808379981
2021-03-05 21:20:00,0.13458856345885634,-0.2828685258964144,0.10588235294117632,0.135868594893769,0.6728350630144875,0.9982182628062362,0.5,-0.019076899883697873,0.557405454487985,0.25572587960495374,0.1738758614772301,0.43595354847871776,0.0
2021-03-05 21:30:00,0.12482566248256625,-0.17131474103585675,0.09337304542069957,0.10194608105695413,0.6728350630144875,0.9982182628062362,0.5,-0.019076899883697873,0.557405454487985,0.25572587960495374,0.1738758614772301,0.43595354847871776,0.0
2021-03-05 21:40:00,0.18410041841004185,-0.059760956175298974,0.08235294117647052,0.0801642563827889,0.6648780934682179,0.9755011135857461,0.5,-0.019076899883697873,0.557405454487985,0.25572587960495374,0.1738758614772301,0.43595354847871776,0.0
2021-03-05 21:50:00,0.1771269177126918,0.05179282868525892,0.07550260610573334,0.06695232994108213,0.6226852154794466,0.10657015590200446,0.5,-0.019076899883697873,0.557405454487985,0.25572587960495374,0.1738758614772301,0.43595354847871776,0.0
2021-03-05 22:00:00,0.23361227336122734,0.09163346613545809,0.07490692479523453,0.06088198535975731,0.6272133593330803,0.12538975501113586,0.5,-0.13458004958270298,0.5780228558620953,0.3712265347901233,0.19416333240193515,0.3982394855329014,0.05796128370324547
2021-03-05 22:10:00,0.20920502092050208,-0.03585657370517936,0.08711839166046165,0.060167827173718935,0.63295860543639,0.00011135857461024499,0.5,-0.13458004958270298,0.5780228558620953,0.3712265347901233,0.19416333240193515,0.3982394855329014,0.07830770855651281
2021-03-05 22:20:00,0.22315202231520226,0.09163346613545809,0.09456440804169763,0.0673094090341011,0.6368193061208465,0.00011135857461024499,0.5,-0.13458004958270298,0.5780228558620953,0.3712265347901233,0.19416333240193515,0.3982394855329014,0.08715693226911297
2021-03-05 22:30:00,0.1631799163179916,-0.3705179282868527,0.0939687267311986,0.06945188359221577,0.6467393438117549,0.00011135857461024499,0.5,-0.13458004958270298,0.5780228558620953,0.3712265347901233,0.19416333240193515,0.3982394855329014,0.04495526351524662
2021-03-05 22:40:00,0.18200836820083682,-0.5776892430278885,0.09426656738644801,0.08623460096411373,0.640182696208661,0.00011135857461024499,0.5,-0.13458004958270298,0.5780228558620953,0.3712265347901233,0.19416333240193515,0.3982394855329014,0.053246224180334055
2021-03-05 22:50:00,0.17782426778242677,0.043824701195219085,0.09784065524944152,0.09766113194072501,0.6303542683645025,0.00011135857461024499,0.5,-0.13458004958270298,0.5780228558620953,0.3712265347901233,0.19416333240193515,0.3982394855329014,0.05067368770463358
2021-03-05 23:00:00,0.1799163179916318,-0.20318725099601598,0.1005212211466866,0.10908766291733629,0.6303542683645025,0.00011135857461024499,0.5,-0.2197328217414115,0.5760085285640827,0.4445801355566893,0.23760927412605456,0.3558686855905295,0.05438538256106946
2021-03-05 23:10:00,0.1771269177126918,-0.601593625498008,0.09158600148920315,0.1169434029637566,0.6303542683645025,0.00011135857461024499,0.5,-0.2197328217414115,0.5760085285640827,0.4445801355566893,0.23760927412605456,0.3558686855905295,0.061763507702521245
2021-03-05 23:20:00,0.1603905160390516,-0.31474103585657376,0.029635145197319357,0.04981253347616499,0.624268757116122,0.00011135857461024499,0.5,-0.2197328217414115,0.5760085285640827,0.4445801355566893,0.23760927412605456,0.3558686855905295,0.050990539704573234
2021-03-05 23:30:00,0.199442119944212,-0.043824701195219196,-0.0019359642591214588,-0.024102838778789493,0.6138383217076074,0.00011135857461024499,0.5,-0.2197328217414115,0.5760085285640827,0.4445801355566893,0.23760927412605456,0.3558686855905295,0.07696485960438765
2021-03-05 23:40:00,0.20013947001394702,-0.15537848605577698,-0.012956068503350737,-0.0590965898946616,0.6138383217076074,0.00011135857461024499,0.5,-0.2197328217414115,0.5760085285640827,0.4445801355566893,0.23760927412605456,0.3558686855905295,0.07577289255699564
2021-03-05 23:50:00,0.22873082287308227,-0.003984063745020028,-0.02218912881608348,-0.08123549366184613,0.6027273560089516,0.00011135857461024499,0.5,-0.2197328217414115,0.5760085285640827,0.4445801355566893,0.23760927412605456,0.3558686855905295,0.09887291217164326
2021-03-06 00:00:00,0.25871687587168757,0.13147410358565725,-0.027252419955324125,-0.09480449919657197,0.6085380377170826,0.00011135857461024499,0.5,-0.22519872604539437,0.5872238202105148,0.4536628167166885,0.29456983569747786,0.30314563536870587,0.11758981245379242
2021-03-06 00:10:00,0.2907949790794979,-0.5298804780876495,-0.03380491437081179,-0.10194608105695413,0.6130138330868592,0.00011135857461024499,0.5,-0.22519872604539437,0.5872238202105148,0.4536628167166885,0.29456983569747786,0.30314563536870587,0.15008977473331622
2021-03-06 00:20:00,0.31729428172942814,-0.2509960159362551,-0.0385703648548027,-0.10980182110337433,0.6050568635405897,0.00011135857461024499,0.5,-0.22519872604539437,0.5872238202105148,0.4536628167166885,0.29456983569747786,0.30314563536870587,0.17713535615673615
2021-03-06 00:30:00,0.3396094839609484,0.5298804780876492,-0.04482501861504107,-0.11587216568469916,0.5991545719857089,0.00011135857461024499,0.5,-0.22519872604539437,0.5872238202105148,0.4536628167166885,0.29456983569747786,0.30314563536870587,0.2110762406264617
2021-03-06 00:40:00,0.33821478382147835,0.3784860557768923,-0.052271034996277055,-0.1230137475450811,0.5991545719857089,0.00011135857461024499,0.5,-0.22519872604539437,0.5872238202105148,0.4536628167166885,0.29456983569747786,0.30314563536870587,0.20651206300828343
2021-03-06 00:50:00,0.3873779846582984,0.4183266932270917,-0.059270320178704594,-0.12515622210319588,0.5991545719857089,0.00011135857461024499,0.5,-0.22519872604539437,0.5872238202105148,0.4536628167166885,0.29456983569747786,0.30314563536870587,0.2823566244700273
2021-03-06 01:00:00,0.43654114365411434,0.4581673306772909,-0.06626954579300093,-0.12729869666131055,0.5991545719857089,0.00011135857461024499,0.5,-0.2926896698477731,0.5813446281252963,0.523234947131826,0.3309658074118381,0.2492342220831841,0.3582011859317712
2021-03-06 01:10:00,0.39121338912133896,0.027888446215139417,-0.07192851824274027,-0.13051240849848234,0.6081846854510476,0.00011135857461024499,0.5,-0.2926896698477731,0.5813446281252963,0.523234947131826,0.3309658074118381,0.2492342220831841,0.3003530636570756
2021-03-06 01:20:00,0.4344490934449094,-0.17131474103585675,-0.07609828741623248,-0.12408498482413843,0.602086087081703,0.00011135857461024499,0.5,-0.2926896698477731,0.5813446281252963,0.523234947131826,0.3309658074118381,0.2492342220831841,0.34273579069662174
2021-03-06 01:30:00,0.46722454672245467,0.20318725099601576,-0.07818317200297853,-0.1283699339403679,0.5992330947114944,0.00011135857461024499,0.5,-0.2926896698477731,0.5813446281252963,0.523234947131826,0.3309658074118381,0.2492342220831841,0.42646770372829185
2021-03-06 01:40:00,0.5139470013947002,0.36254980079681287,-0.0805658972449741,-0.1312265666845207,0.5992330947114944,0.00011135857461024499,0.5,-0.2926896698477731,0.5813446281252963,0.523234947131826,0.3309658074118381,0.2492342220831841,0.5182642545679497
2021-03-06 01:50:00,0.5216178521617852,0.20318725099601576,-0.08116157855547301,-0.1308694875915014,0.6077397233382628,0.00011135857461024499,0.5,-0.2926896698477731,0.5813446281252963,0.523234947131826,0.3309658074118381,0.2492342220831841,0.5563921118940206
2021-03-06 02:00:00,0.5341701534170153,0.2589641434262948,-0.08116157855547301,-0.12444206391715751,0.6105534543455785,0.00011135857461024499,0.5,-0.29786750351791713,0.5770142554603808,0.5559968687056602,0.3834123192778741,0.21448730329966417,0.6054664514084827
2021-03-06 02:10:00,0.50697350069735,0.17928286852589648,-0.08116157855547301,-0.12229958935904306,0.6105534543455785,0.00011135857461024499,0.5,-0.29786750351791713,0.5770142554603808,0.5559968687056602,0.3834123192778741,0.21448730329966417,0.5423676388490728
2021-03-06 02:20:00,0.4881450488145049,-0.13147410358565736,-0.08562918838421452,-0.12122835207998572,0.6105534543455785,0.00011135857461024499,0.5,-0.29786750351791713,0.5770142554603808,0.5559968687056602,0.3834123192778741,0.21448730329966417,0.5010863497140788
2021-03-06 02:30:00,0.5111576011157601,-0.36254980079681276,-0.08711839166046176,-0.12051419389394735,0.6105534543455785,0.00011135857461024499,0.5,-0.29786750351791713,0.5770142554603808,0.5559968687056602,0.3834123192778741,0.21448730329966417,0.5419904340872399
2021-03-06 02:40:00,0.4916317991631799,-0.1872509960159363,-0.09128816083395397,-0.12051419389394735,0.6105534543455785,0.00011135857461024499,0.5,-0.29786750351791713,0.5770142554603808,0.5559968687056602,0.3834123192778741,0.21448730329966417,0.513488842283145
2021-03-06 02:50:00,0.5292887029288703,-0.02788844621513953,-0.09307520476545061,-0.12087127298696665,0.6105534543455785,0.00011135857461024499,0.5,-0.29786750351791713,0.5770142554603808,0.5559968687056602,0.3834123192778741,0.21448730329966417,0.6076089744556935
2021-03-06 03:00:00,0.5174337517433751,0.08366533864541825,-0.09516008935219666,-0.12408498482413843,0.6105534543455785,0.00011135857461024499,0.5,-0.29502361899031526,0.5601094230863188,0.5775930603253517,0.4437824689452439,0.20403537092375013,0.5814385080797261
2021-03-06 03:10:00,0.5055788005578801,0.003984063745019917,-0.09605361131794499,-0.12408498482413843,0.6105534543455785,0.00011135857461024499,0.5,-0.29502361899031526,0.5601094230863188,0.5775930603253517,0.4437824689452439,0.20403537092375013,0.5518279342758423
2021-03-06 03:20:00,0.5292887029288703,0.09163346613545809,-0.09605361131794499,-0.12408498482413843,0.6105534543455785,0.00044543429844097997,0.5,-0.29502361899031526,0.5601094230863188,0.5775930603253517,0.4437824689452439,0.20403537092375013,0.6015435218854203
2021-03-06 03:30:00,0.5292887029288703,0.043824701195219085,-0.0963514519731945,-0.12408498482413843,0.6105534543455785,0.00044543429844097997,0.5,-0.29502361899031526,0.5601094230863188,0.5775930603253517,0.4437824689452439,0.20403537092375013,0.5941955731249151
2021-03-06 03:40:00,0.50697350069735,0.03585657370517925,-0.1005212211466866,-0.12408498482413843,0.6105534543455785,0.00044543429844097997,0.5,-0.29502361899031526,0.5601094230863188,0.5775930603253517,0.4437824689452439,0.20403537092375013,0.5402552921828085
2021-03-06 03:50:00,0.5195258019525802,-0.03585657370517936,-0.10320178704393157,-0.12551330119621484,0.6105534543455785,0.00044543429844097997,0.5,-0.29502361899031526,0.5601094230863188,0.5775930603253517,0.4437824689452439,0.20403537092375013,0.5749505861761999
2021-03-06 04:00:00,0.5125523012552301,0.043824701195219085,-0.10707371556217438,-0.12765577575432951,0.6105534543455785,0.00044543429844097997,0.5,-0.3282464313028084,0.5543336771961482,0.5818376558561431,0.48919355746608306,0.2081359487113681,0.5714953905578104
2021-03-06 04:10:00,0.5055788005578801,0.25099601593625476,-0.11213700670141491,-0.13229780396357804,0.6105534543455785,0.00044543429844097997,0.5,-0.3282464313028084,0.5543336771961482,0.5818376558561431,0.48919355746608306,0.2081359487113681,0.5420130663729499
2021-03-06 04:20:00,0.49790794979079495,0.31474103585657365,-0.11660461653015652,-0.1347973576147118,0.6105534543455785,0.00044543429844097997,0.5,-0.3282464313028084,0.5543336771961482,0.5818376558561431,0.48919355746608306,0.2081359487113681,0.5227454471385247
2021-03-06 04:30:00,0.502092050209205,0.21912350597609564,-0.12166790766939695,-0.14015354400999824,0.6105534543455785,0.00044543429844097997,0.5,-0.3282464313028084,0.5543336771961482,0.5818376558561431,0.48919355746608306,0.2081359487113681,0.5505077176094272
2021-03-06 04:40:00,0.5230125523012552,0.2749003984063745,-0.12583767684288916,-0.14658096768434214,0.6105534543455785,0.00044543429844097997,0.5,-0.3282464313028084,0.5543336771961482,0.5818376558561431,0.48919355746608306,0.2081359487113681,0.5862365526502407
2021-03-06 04:50:00,0.5271966527196652,0.03585657370517925,-0.13000744601638126,-0.1490805213354759,0.6105534543455785,0.00044543429844097997,0.5,-0.3282464313028084,0.5543336771961482,0.5818376558561431,0.48919355746608306,0.2081359487113681,0.6174389305490593
2021-03-06 05:00:00,0.5474198047419805,0.13147410358565725,-0.13298585256887574,-0.1490805213354759,0.6105534543455785,0.00044543429844097997,0.5,-0.3266382120342617,0.5412189984684216,0.5576921199098555,0.5077165514303797,0.2156985832921774,0.6503764503523093
2021-03-06 05:10:00,0.5216178521617852,0.13147410358565725,-0.13834698436336568,-0.15265131226566697,0.6105534543455785,0.00044543429844097997,0.5,-0.3266382120342617,0.5412189984684216,0.5576921199098555,0.5077165514303797,0.2156985832921774,0.582675739698538
2021-03-06 05:20:00,0.4909344490934449,0.08366533864541825,-0.14192107222635897,-0.15265131226566697,0.6105534543455785,0.00044543429844097997,0.5,-0.3266382120342617,0.5412189984684216,0.5576921199098555,0.5077165514303797,0.2156985832921774,0.5015918040949349
2021-03-06 05:30:00,0.5097629009762901,0.05179282868525892,-0.1463886820551007,-0.15265131226566697,0.6105534543455785,0.00044543429844097997,0.5,-0.3266382120342617,0.5412189984684216,0.5576921199098555,0.5077165514303797,0.2156985832921774,0.5373130950405118
2021-03-06 05:40:00,0.5160390516039052,0.08366533864541825,-0.1466865227103501,-0.1569362613818961,0.6105534543455785,0.00044543429844097997,0.5,-0.3266382120342617,0.5412189984684216,0.5576921199098555,0.5077165514303797,0.2156985832921774,0.5598171311314634
2021-03-06 05:50:00,0.4797768479776848,-0.03585657370517936,-0.14906924795234555,-0.15907873594001076,0.6105534543455785,0.00044543429844097997,0.5,-0.3266382120342617,0.5412189984684216,0.5576921199098555,0.5077165514303797,0.2156985832921774,0.4990343558097078
2021-03-06 06:00:00,0.49860529986053004,-0.1394422310756973,-0.15264333581533884,-0.15872165684699147,0.6105534543455785,0.00044543429844097997,0.5,-0.3764194991499965,0.5427505768562132,0.5976764862646989,0.5795987451916599,0.21112988944988076,0.5142281636163375
2021-03-06 06:10:00,0.509065550906555,-0.20318725099601598,-0.15264333581533884,-0.1597928941260488,0.6105534543455785,0.00044543429844097997,0.5,-0.3764194991499965,0.5427505768562132,0.5976764862646989,0.5795987451916599,0.21112988944988076,0.5585195467507582
2021-03-06 06:20:00,0.49790794979079495,-0.043824701195219196,-0.15562174236783333,-0.16229244777718255,0.6105534543455785,0.00044543429844097997,0.5,-0.3764194991499965,0.5427505768562132,0.5976764862646989,0.5795987451916599,0.21112988944988076,0.5420583309443698
2021-03-06 06:30:00,0.4818688981868898,0.07569721115537842,-0.16038719285182446,-0.16657739689341178,0.6105534543455785,0.00044543429844097997,0.5,-0.3764194991499965,0.5427505768562132,0.5976764862646989,0.5795987451916599,0.21112988944988076,0.4934064607631607
2021-03-06 06:40:00,0.4860529986052998,0.11553784860557759,-0.16396128071481764,-0.17050526691662193,0.6105534543455785,0.00044543429844097997,0.5,-0.3764194991499965,0.5427505768562132,0.5976764862646989,0.5795987451916599,0.21112988944988076,0.4886385925735927
2021-03-06 06:50:00,0.5425383542538355,0.12350597609561742,-0.16455696202531667,-0.17229066238171753,0.6105534543455785,0.00044543429844097997,0.5,-0.3764194991499965,0.5427505768562132,0.5976764862646989,0.5795987451916599,0.21112988944988076,0.6245002036905714
2021-03-06 07:00:00,0.5592747559274756,-0.01195219123505975,-0.16455696202531667,-0.1740760578468129,0.6105534543455785,0.00044543429844097997,0.5,-0.37135363180123704,0.5274347929783018,0.5804532260688751,0.6051448489168564,0.2074612818629384,0.6712509618721427
2021-03-06 07:10:00,0.6164574616457461,-0.06772908366533881,-0.1660461653015637,-0.1740760578468129,0.6105534543455785,0.00044543429844097997,0.5,-0.37135363180123704,0.5274347929783018,0.5804532260688751,0.6051448489168564,0.2074612818629384,0.85037041507612
2021-03-06 07:20:00,0.6548117154811716,-0.08366533864541836,-0.16455696202531667,-0.1740760578468129,0.6105534543455785,0.00033407572383073496,0.5,-0.37135363180123704,0.5274347929783018,0.5804532260688751,0.6051448489168564,0.2074612818629384,0.9315071593463796
2021-03-06 07:30:00,0.6485355648535566,-0.17928286852589637,-0.16723752792256152,-0.17050526691662193,0.6105534543455785,0.00022271714922048998,0.5,-0.37135363180123704,0.5274347929783018,0.5804532260688751,0.6051448489168564,0.2074612818629384,0.9513783061997374
2021-03-06 07:40:00,0.6443514644351465,-0.2589641434262948,-0.1705137751303054,-0.16729155507945004,0.6105534543455785,0.00033407572383073496,0.5,-0.37135363180123704,0.5274347929783018,0.5804532260688751,0.6051448489168564,0.2074612818629384,0.923751829443095
2021-03-06 07:50:00,0.6582984658298465,-0.33864541832669326,-0.17230081906180206,-0.16336368505623988,0.6105534543455785,0.00033407572383073496,0.5,-0.37135363180123704,0.5274347929783018,0.5804532260688751,0.6051448489168564,0.2074612818629384,0.9449658252485779
2021-03-06 08:00:00,0.6380753138075315,-0.33864541832669326,-0.17349218168279978,-0.1612212104981252,0.6077004619753701,0.00011135857461024499,0.5,-0.3747675206280521,0.5403023502400807,0.5592452124815026,0.6071431935707998,0.1934623869911431,0.8638969778354483
2021-03-06 08:10:00,0.5683403068340307,0.07569721115537842,-0.17557706626954583,-0.16336368505623988,0.6006203295337059,0.00011135857461024499,0.5,-0.3747675206280521,0.5403023502400807,0.5592452124815026,0.6071431935707998,0.1934623869911431,0.7160855198636028
2021-03-06 08:20:00,0.5488145048814504,0.298804780876494,-0.17944899478778864,-0.1615782895911445,0.6006203295337059,0.00011135857461024499,0.5,-0.3747675206280521,0.5403023502400807,0.5592452124815026,0.6071431935707998,0.1934623869911431,0.6327987084508955
2021-03-06 08:30:00,0.5390516039051604,-0.12350597609561753,-0.17944899478778864,-0.16193536868416358,0.6082370339349047,0.00011135857461024499,0.5,-0.3747675206280521,0.5403023502400807,0.5592452124815026,0.6071431935707998,0.1934623869911431,0.6103323928361272
2021-03-06 08:40:00,0.5557880055788006,0.12350597609561742,-0.1746835443037975,-0.1615782895911445,0.6006203295337059,0.00011135857461024499,0.5,-0.3747675206280521,0.5403023502400807,0.5592452124815026,0.6071431935707998,0.1934623869911431,0.6481358540670218
2021-03-06 08:50:00,0.4881450488145049,-0.05179282868525903,-0.1743857036485481,-0.16264952687020162,0.6006203295337059,0.00011135857461024499,0.5,-0.3747675206280521,0.5403023502400807,0.5592452124815026,0.6071431935707998,0.1934623869911431,0.522141919519592
2021-03-06 09:00:00,0.5334728033472803,0.027888446215139417,-0.1773641102010426,-0.16264952687020162,0.6006203295337059,0.00011135857461024499,0.5,-0.36919778815651816,0.5372420669699183,0.5480396628925516,0.5978480466908883,0.18689475053532514,0.6144590129305793
2021-03-06 09:10:00,0.5704323570432357,0.1872509960159361,-0.17587490692479535,-0.17050526691662193,0.6005941552917773,0.00011135857461024499,0.5,-0.36919778815651816,0.5372420669699183,0.5480396628925516,0.5978480466908883,0.18689475053532514,0.7043619958658358
2021-03-06 09:20:00,0.5885634588563459,0.12350597609561742,-0.17259865971705146,-0.17371897875379394,0.600581068170813,0.00011135857461024499,0.5,-0.36919778815651816,0.5372420669699183,0.5480396628925516,0.5978480466908883,0.18689475053532514,0.7375786471928423
2021-03-06 09:30:00,0.5843793584379359,0.298804780876494,-0.16932241250930757,-0.1740760578468129,0.603250840847522,0.00011135857461024499,0.5,-0.36919778815651816,0.5372420669699183,0.5480396628925516,0.5978480466908883,0.18689475053532514,0.7341611720506359
2021-03-06 09:40:00,0.5390516039051604,0.394422310756972,-0.1657483246463144,-0.1712194251026602,0.6118621664420044,0.00011135857461024499,0.5,-0.36919778815651816,0.5372420669699183,0.5480396628925516,0.5978480466908883,0.18689475053532514,0.6410368604493264
2021-03-06 09:50:00,0.5704323570432357,0.33864541832669315,-0.15919583023082662,-0.16907695054454563,0.6118621664420044,0.00022271714922048998,0.5,-0.36919778815651816,0.5372420669699183,0.5480396628925516,0.5978480466908883,0.18689475053532514,0.7091977609125338
2021-03-06 10:00:00,0.6638772663877266,0.21912350597609564,-0.1544303797468355,-0.16336368505623988,0.6153564277394616,0.004899777282850779,0.5,-0.16150743290275615,0.5483711534538097,0.372885770783218,0.6114700984928186,0.20800378839204778,0.920726647253195
2021-03-06 10:10:00,0.5941422594142259,-0.09960159362549814,-0.14847356664184674,-0.1615782895911445,0.6202379238591303,0.000779510022271715,0.5,-0.16150743290275615,0.5483711534538097,0.372885770783218,0.6114700984928186,0.20800378839204778,0.7813947523273533
2021-03-06 10:20:00,0.690376569037657,-0.02788844621513953,-0.139240506329114,-0.15265131226566697,0.618157071625813,0.005567928730512249,0.5,-0.16150743290275615,0.5483711534538097,0.372885770783218,0.6114700984928186,0.20800378839204778,0.7886848378773933
2021-03-06 10:30:00,0.7078103207810321,-0.12350597609561753,-0.12911392405063304,-0.14765220496339948,0.6184188140450981,0.006347438752783964,0.5,-0.16150743290275615,0.5483711534538097,0.372885770783218,0.6114700984928186,0.20800378839204778,0.7959749988683857
2021-03-06 10:40:00,0.604602510460251,-0.17928286852589637,-0.11868950111690268,-0.13515443670773075,0.6182486814725628,0.00022271714922048998,0.5,-0.16150743290275615,0.5483711534538097,0.372885770783218,0.6114700984928186,0.20800378839204778,0.8032650844184257
2021-03-06 10:50:00,0.6506276150627616,0.09163346613545809,-0.10618019359642605,-0.1247991430101768,0.6163641360537095,0.0006681514476614699,0.5,-0.16150743290275615,0.5483711534538097,0.372885770783218,0.6114700984928186,0.20800378839204778,0.9124055102071609
2021-03-06 11:00:00,0.604602510460251,0.13147410358565725,-0.09545793000744618,-0.1183717193358329,0.6150815981992122,0.00033407572383073496,0.5,-0.1428033205001763,0.5253198929906577,0.35449353799611116,0.6583036410610413,0.24157404668673707,0.810235828417098
2021-03-06 11:10:00,0.6764295676429567,-0.20318725099601598,-0.08384214445271798,-0.10694518835922162,0.620630537488058,0.0014476614699331849,0.5,-0.1428033205001763,0.5253198929906577,0.35449353799611116,0.6583036410610413,0.24157404668673707,0.9648445161971725
2021-03-06 11:20:00,0.6401673640167364,0.08366533864541825,-0.0734177215189874,-0.10194608105695413,0.6217036814071272,0.0010022271714922048,0.5,-0.1428033205001763,0.5253198929906577,0.35449353799611116,0.6583036410610413,0.24157404668673707,0.8573109826938456
2021-03-06 11:30:00,0.6401673640167364,-0.08366533864541836,-0.06418466120625477,-0.09123370826638089,0.6214157647459135,0.0008908685968819599,0.5,-0.1428033205001763,0.5253198929906577,0.35449353799611116,0.6583036410610413,0.24157404668673707,0.8529127751708737
2021-03-06 11:40:00,0.5529986052998606,-0.07569721115537853,-0.05316455696202538,-0.08194965184788428,0.6221879048828047,0.00011135857461024499,0.5,-0.1428033205001763,0.5253198929906577,0.35449353799611116,0.6583036410610413,0.24157404668673707,0.6503764503523093
2021-03-06 11:50:00,0.49023709902370993,-0.1633466135458168,-0.039761727475800646,-0.06123906445277627,0.627802279776472,0.00011135857461024499,0.5,-0.1428033205001763,0.5253198929906577,0.35449353799611116,0.6583036410610413,0.24157404668673707,0.5190865609487455
2021-03-06 12:00:00,0.5083682008368201,-0.09960159362549814,-0.027252419955324125,-0.04874129619710765,0.6249885487691563,0.00011135857461024499,0.5,-0.1180368504944429,0.519532653078817,0.33455442652941325,0.6396551606429691,0.2661586667511512,0.5426618585633025
2021-03-06 12:10:00,0.5474198047419805,0.15537848605577675,-0.01444527177959809,-0.04017139796464908,0.6218083783748413,0.00011135857461024499,0.5,-0.1180368504944429,0.519532653078817,0.33455442652941325,0.6396551606429691,0.2661586667511512,0.6336210148316912
2021-03-06 12:20:00,0.49860529986053004,0.027888446215139417,-0.0037230081906179935,-0.041956793429744677,0.6288361623326484,0.00011135857461024499,0.5,-0.1180368504944429,0.519532653078817,0.33455442652941325,0.6396551606429691,0.2661586667511512,0.5540685305611298
2021-03-06 12:30:00,0.5195258019525802,-0.01195219123505975,0.006403574087862962,-0.04017139796464908,0.6335475258797817,0.00022271714922048998,0.5,-0.1180368504944429,0.519532653078817,0.33455442652941325,0.6396551606429691,0.2661586667511512,0.5558036724655613
2021-03-06 12:40:00,0.509065550906555,-0.059760956175298974,0.015636634400595373,-0.031958578825209805,0.6365313894596327,0.00022271714922048998,0.5,-0.1180368504944429,0.519532653078817,0.33455442652941325,0.6396551606429691,0.2661586667511512,0.5369886989453355
2021-03-06 12:50:00,0.5153417015341701,-0.019920318725099695,0.024869694713328228,-0.02660239242992324,0.6302757456387169,0.00022271714922048998,0.5,-0.1180368504944429,0.519532653078817,0.33455442652941325,0.6396551606429691,0.2661586667511512,0.5489838103716221
2021-03-06 13:00:00,0.5362622036262203,-0.059760956175298974,0.03678332092330594,-0.018032494197464666,0.6378531886770229,0.00022271714922048998,0.5,0.06165128477768311,0.5025272480151277,0.20603668199976238,0.5805678116186984,0.2865736820368383,0.6063491105511716
2021-03-06 13:10:00,0.509065550906555,-0.12350597609561753,0.04571854058078917,-0.013747545081235546,0.6393712947088769,0.00011135857461024499,0.5,0.06165128477768311,0.5025272480151277,0.20603668199976238,0.5805678116186984,0.2865736820368383,0.5139414879973445
2021-03-06 13:20:00,0.4546722454672245,0.17131474103585642,0.055249441548771205,-0.005534725941796048,0.6383897606365575,0.00011135857461024499,0.5,0.06165128477768311,0.5025272480151277,0.20603668199976238,0.5805678116186984,0.2865736820368383,0.4217903646815638
2021-03-06 13:30:00,0.4581589958158996,-0.02788844621513953,0.06388682055100503,0.0048205677557580096,0.641543756788944,0.00011135857461024499,0.5,0.06165128477768311,0.5025272480151277,0.20603668199976238,0.5805678116186984,0.2865736820368383,0.41824463992033434
2021-03-06 13:40:00,0.4463040446304045,0.08366533864541825,0.0701414743112434,0.0126763078021781,0.6404444386279462,0.04532293986636971,0.5,0.06165128477768311,0.5025272480151277,0.20603668199976238,0.5805678116186984,0.2865736820368383,0.26733255880622236
2021-03-06 13:50:00,0.4205020920502092,0.17928286852589648,0.07758749069247939,0.017318336011426627,0.6384813704833073,0.0013363028953229399,0.5,0.06165128477768311,0.5025272480151277,0.20603668199976238,0.5805678116186984,0.2865736820368383,0.3341958748887246
2021-03-06 14:00:00,0.44002789400278935,-0.01195219123505975,0.08443782576321657,0.011605070523120764,0.649775555875463,0.00033407572383073496,0.5,0.06590183585410414,0.4887459160304244,0.17733813857410452,0.5178754392916176,0.3018408423136762,0.38033556135612656
2021-03-06 14:10:00,0.5216178521617852,-0.10756972111553798,0.09099032017870412,0.014818782360292992,0.6521574118909582,0.00022271714922048998,0.5,0.06590183585410414,0.4887459160304244,0.17733813857410452,0.5178754392916176,0.3018408423136762,0.5593946617982105
2021-03-06 14:20:00,0.4065550906555091,-0.21115537848605592,0.09158600148920315,0.010890912337082836,0.6493436808836424,0.00011135857461024499,0.5,0.06590183585410414,0.4887459160304244,0.17733813857410452,0.5178754392916176,0.3018408423136762,0.3324305566033465
2021-03-06 14:30:00,0.4121338912133891,0.2749003984063745,0.09307520476545039,0.021603285127655747,0.62880998809072,0.00011135857461024499,0.5,0.06590183585410414,0.4887459160304244,0.17733813857410452,0.5178754392916176,0.3018408423136762,0.33267196765091966
2021-03-06 14:40:00,0.3898186889818689,-0.10756972111553798,0.09307520476545039,0.0337439742903054,0.6488332831660363,0.00011135857461024499,0.5,0.06590183585410414,0.4887459160304244,0.17733813857410452,0.5178754392916176,0.3018408423136762,0.2783469378517434
2021-03-06 14:50:00,0.39051603905160387,-0.019920318725099695,0.09843633655994011,0.031244420639171766,0.6329847796783185,0.00011135857461024499,0.5,0.06590183585410414,0.4887459160304244,0.17733813857410452,0.5178754392916176,0.3018408423136762,0.2756536958522564
2021-03-06 15:00:00,0.3326359832635983,0.17928286852589648,0.11600893521965738,0.03624352794143926,0.6456007642878644,0.00011135857461024499,0.5,0.0609021410348729,0.4551029145965446,0.1662709431939938,0.4253027262197702,0.3180928461649662,0.2195180831962823
2021-03-06 15:10:00,0.27266387726638774,-0.17131474103585675,0.13030528667163077,0.03731476522049637,0.6320163327269634,0.00011135857461024499,0.5,0.0609021410348729,0.4551029145965446,0.1662709431939938,0.4253027262197702,0.3180928461649662,0.1318556965463132
2021-03-06 15:20:00,0.24755927475592746,0.2589641434262948,0.1478778853313476,0.06838064631315843,0.6524845899150646,0.18930957683741648,0.5,0.0609021410348729,0.4551029145965446,0.1662709431939938,0.4253027262197702,0.3180928461649662,0.03387298761259562
2021-03-06 15:30:00,0.28661087866108786,0.3545816733067728,0.16634400595681287,0.1219425102660241,0.66669720328225,0.00011135857461024499,0.5,0.0609021410348729,0.4551029145965446,0.1662709431939938,0.4253027262197702,0.3180928461649662,0.14909395416207735
2021-03-06 15:40:00,0.2545327754532775,-0.42629482071713154,0.14609084139985096,0.07980717728976972,0.6825326196490034,0.00011135857461024499,0.5,0.0609021410348729,0.4551029145965446,0.1662709431939938,0.4253027262197702,0.3180928461649662,0.09854851607646695
2021-03-06 15:50:00,0.25592747559274753,0.06772908366533859,0.13953834698436318,0.05659703624352819,0.6475114839486461,0.00011135857461024499,0.5,0.0609021410348729,0.4551029145965446,0.1662709431939938,0.4253027262197702,0.3180928461649662,0.12849103007076362
2021-03-06 16:00:00,0.29288702928870297,0.3306772908366533,0.13715562174236773,0.041242635243706305,0.6866288885108165,0.00011135857461024499,0.5,0.10779678496229272,0.4346090739554102,0.12479334053383928,0.3471348454705482,0.33514186163717924,0.16618887396834497
2021-03-06 16:10:00,0.23500697350069735,-0.1633466135458168,0.13447505584512287,0.03660060703445822,0.6875842483412073,0.00011135857461024499,0.5,0.10779678496229272,0.4346090739554102,0.12479334053383928,0.3471348454705482,0.33514186163717924,0.1071261523605474
2021-03-06 16:20:00,0.24546722454672246,0.3784860557768923,0.14072970960536102,0.03160149973219073,0.6846396461242491,0.00011135857461024499,0.5,0.10779678496229272,0.4346090739554102,0.12479334053383928,0.3471348454705482,0.33514186163717924,0.11503236416856526
2021-03-06 16:30:00,0.32566248256624825,-0.24302788844621515,0.14460163812360372,0.02945902517407606,0.6800853280286869,0.00011135857461024499,0.5,0.10779678496229272,0.4346090739554102,0.12479334053383928,0.3471348454705482,0.33514186163717924,0.19386061529640752
2021-03-06 16:40:00,0.2705718270571827,0.003984063745019917,0.14072970960536102,0.023745759685770418,0.6794047977385455,0.00011135857461024499,0.5,0.10779678496229272,0.4346090739554102,0.12479334053383928,0.3471348454705482,0.33514186163717924,0.13063355311797456
2021-03-06 16:50:00,0.22175732217573224,-0.01195219123505975,0.14221891288160804,0.02231744331369412,0.6835795893261442,0.00011135857461024499,0.5,0.10779678496229272,0.4346090739554102,0.12479334053383928,0.3471348454705482,0.33514186163717924,0.08815275284035186
2021-03-06 17:00:00,0.25523012552301255,-0.23505976095617542,0.13864482501861475,0.020174968755579448,0.6821661802620042,0.00011135857461024499,0.5,0.11259292587642733,0.42490237265342523,0.12049497581464441,0.286061854131495,0.35959313403566473,0.10479502693242
2021-03-06 17:10:00,0.24755927475592746,0.13147410358565725,0.1359642591213699,0.025531155150865903,0.6768135477876221,0.00011135857461024499,0.5,0.11259292587642733,0.42490237265342523,0.12049497581464441,0.286061854131495,0.35959313403566473,0.10896691159829201
2021-03-06 17:20:00,0.17852161785216178,-0.3067729083665339,0.13060312732687973,0.026245313336904275,0.6828205363102171,0.00011135857461024499,0.5,0.11259292587642733,0.42490237265342523,0.12049497581464441,0.286061854131495,0.35959313403566473,0.05169968465681911
2021-03-06 17:30:00,0.12412831241283125,0.20318725099601576,0.1276247207743857,0.02231744331369412,0.700854588998966,0.00044543429844097997,0.5,0.11259292587642733,0.42490237265342523,0.12049497581464441,0.286061854131495,0.35959313403566473,0.01571435037795917
2021-03-06 17:40:00,0.10320781032078104,-0.2589641434262948,0.12673119880863726,0.018032494197464777,0.7058146078444204,0.11737193763919822,0.5,0.11259292587642733,0.42490237265342523,0.12049497581464441,0.286061854131495,0.35959313403566473,0.0
2021-03-06 17:50:00,0.10111576011157601,0.7370517928286848,0.13060312732687973,0.018746652383502926,0.7077384146261664,0.9979955456570156,0.5,0.11259292587642733,0.42490237265342523,0.12049497581464441,0.286061854131495,0.35959313403566473,0.0
2021-03-06 18:00:00,0.11506276150627615,0.298804780876494,0.14519731943410275,0.055168719871451444,0.7077384146261664,0.9979955456570156,0.5,0.01826621969079678,0.42835632616585156,0.13539462082386824,0.29570759461306084,0.4069951894936983,0.0
2021-03-06 18:10:00,0.1317991631799163,0.0717131474103585,0.14609084139985096,0.07088019996429229,0.7077384146261664,0.9979955456570156,0.5,0.01826621969079678,0.42835632616585156,0.13539462082386824,0.29570759461306084,0.4069951894936983,0.0
2021-03-06 18:20:00,0.09344490934449094,-0.15537848605577698,0.1514519731943409,0.07230851633636859,0.7077384146261664,0.9979955456570156,0.5,0.01826621969079678,0.42835632616585156,0.13539462082386824,0.29570759461306084,0.4069951894936983,0.0
2021-03-06 18:30:00,0.11227336122733612,0.2589641434262948,0.1553239017125836,0.07230851633636859,0.7077384146261664,0.9979955456570156,0.5,0.01826621969079678,0.42835632616585156,0.13539462082386824,0.29570759461306084,0.4069951894936983,0.0
2021-03-06 18:40:00,0.10320781032078104,0.7370517928286848,0.1514519731943409,0.07016604177825392,0.7077384146261664,0.9979955456570156,0.5,0.01826621969079678,0.42835632616585156,0.13539462082386824,0.29570759461306084,0.4069951894936983,0.0
2021-03-06 18:50:00,0.09274755927475593,0.6254980079681274,0.1511541325390915,0.0687377254061774,0.7077384146261664,0.9979955456570156,0.5,0.01826621969079678,0.42835632616585156,0.13539462082386824,0.29570759461306084,0.4069951894936983,0.0
2021-03-06 19:00:00,0.08437935843793584,0.5139442231075697,0.14906924795234544,0.0687377254061774,0.7077384146261664,0.9979955456570156,0.5,0.030960905843227637,0.42407767659845796,0.12763854221077855,0.25165259154759045,0.4389763637194791,0.0
2021-03-06 19:10:00,0.09205020920502092,0.10358565737051784,0.14400595681310469,0.06445277628994828,0.7077384146261664,0.9979955456570156,0.5,0.030960905843227637,0.42407767659845796,0.12763854221077855,0.25165259154759045,0.4389763637194791,0.0
2021-03-06 19:20:00,0.09135285913528592,-0.3067729083665339,0.14221891288160804,0.061596143545795234,0.7077384146261664,0.9979955456570156,0.5,0.030960905843227637,0.42407767659845796,0.12763854221077855,0.25165259154759045,0.4389763637194791,0.0
2021-03-06 19:30:00,0.08437935843793584,0.027888446215139417,0.14162323157110923,0.0576682735225853,0.7077384146261664,0.9979955456570156,0.5,0.030960905843227637,0.42407767659845796,0.12763854221077855,0.25165259154759045,0.4389763637194791,0.0
2021-03-06 19:40:00,0.06415620641562064,0.06274900398406369,0.13447505584512287,0.054454561685413294,0.7077384146261664,0.9979955456570156,0.5,0.030960905843227637,0.42407767659845796,0.12763854221077855,0.25165259154759045,0.4389763637194791,0.0
2021-03-06 19:50:00,0.04951185495118549,0.09760956175298796,0.1288160833953833,0.050883770755222324,0.7077384146261664,0.9979955456570156,0.5,0.030960905843227637,0.42407767659845796,0.12763854221077855,0.25165259154759045,0.4389763637194791,0.0
2021-03-06 20:00:00,0.055090655509065556,0.13247011952191223,0.12464631422189121,0.046598821638993204,0.7077384146261664,0.9979955456570156,0.5,0.0047002507818796335,0.431675224923636,0.1954506194045646,0.17124852953495293,0.41407512252404843,0.0
2021-03-06 20:10:00,0.06206415620641562,0.1673306772908365,0.11779597915115403,0.04231387252276364,0.7077384146261664,0.9979955456570156,0.5,0.0047002507818796335,0.431675224923636,0.1954506194045646,0.17124852953495293,0.41407512252404843,0.0
2021-03-06 20:20:00,0.06694560669456066,0.20219123505976078,0.11243484735666387,0.038386002499553706,0.7077384146261664,0.9979955456570156,0.5,0.0047002507818796335,0.431675224923636,0.1954506194045646,0.17124852953495293,0.41407512252404843,0.0
2021-03-06 20:30:00,0.0697350069735007,0.23705179282868505,0.10766939687267296,0.03231565791822888,0.7077384146261664,0.9979955456570156,0.5,0.0047002507818796335,0.431675224923636,0.1954506194045646,0.17124852953495293,0.41407512252404843,0.0
2021-03-06 20:40:00,0.07740585774058578,0.2719123505976093,0.10349962769918086,0.028387787895018723,0.7077384146261664,0.9979955456570156,0.5,0.0047002507818796335,0.431675224923636,0.1954506194045646,0.17124852953495293,0.41407512252404843,0.0
2021-03-06 20:50:00,0.11645746164574616,0.3067729083665336,0.10439314966492907,0.02231744331369412,0.7077384146261664,0.9979955456570156,0.5,0.0047002507818796335,0.431675224923636,0.1954506194045646,0.17124852953495293,0.41407512252404843,0.0
2021-03-06 21:00:00,0.18549511854951187,0.6254980079681274,0.10558451228592691,0.019103731476522112,0.7097538312546623,0.9973273942093541,0.5,0.012786073617606197,0.435919392426015,0.1774691375637764,0.13025290067782785,0.3237618593609583,0.0
2021-03-06 21:10:00,0.20571827057182707,0.2589641434262948,0.101712583767684,0.014818782360292992,0.7690254021017916,0.04710467706013364,0.5,0.012786073617606197,0.435919392426015,0.1774691375637764,0.13025290067782785,0.3237618593609583,0.05402326598970986
2021-03-06 21:20:00,0.21827057182705717,0.6494023904382469,0.11422189128816074,0.03231565791822888,0.8035754014474356,0.00011135857461024499,0.5,0.012786073617606197,0.435919392426015,0.1774691375637764,0.13025290067782785,0.3237618593609583,0.06908882417731642
2021-03-06 21:30:00,0.16387726638772665,0.14741035856573692,0.12077438570364829,0.049455454383146025,0.8276295297797437,0.00011135857461024499,0.5,0.012786073617606197,0.435919392426015,0.1774691375637764,0.13025290067782785,0.3237618593609583,0.042299741991942905
2021-03-06 21:40:00,0.14435146443514643,0.36254980079681287,0.12405063291139218,0.07945009819675053,0.8377851356480087,0.00011135857461024499,0.5,0.012786073617606197,0.435919392426015,0.1774691375637764,0.13025290067782785,0.3237618593609583,0.02180243523394239
2021-03-06 21:50:00,0.1701534170153417,0.33864541832669315,0.1276247207743857,0.11015890019639363,0.8469068589600973,0.00011135857461024499,0.5,0.012786073617606197,0.435919392426015,0.1774691375637764,0.13025290067782785,0.3237618593609583,0.02613274589978424
2021-03-06 22:00:00,0.12691771269177127,0.6095617529880477,0.1332836932241248,0.14015354400999835,0.8528614989988353,0.00044543429844097997,0.5,-0.05729123550849957,0.43193384041125804,0.24545659869049202,0.12231851335246394,0.2658177504467193,0.00042246933325286305
2021-03-06 22:10:00,0.07601115760111576,0.4422310756972112,0.1276247207743857,0.1637207641492593,0.8633442828912068,0.6832962138084633,0.5,-0.05729123550849957,0.43193384041125804,0.24545659869049202,0.12231851335246394,0.2658177504467193,0.0
2021-03-06 22:20:00,0.04393305439330544,0.38645418326693215,0.11183916604616506,0.14229601856811303,0.8633442828912068,0.9985523385300669,0.5,-0.05729123550849957,0.43193384041125804,0.24545659869049202,0.12231851335246394,0.2658177504467193,0.0
2021-03-06 22:30:00,0.04672245467224547,0.689243027888446,0.09813849590469093,0.11908587752187128,0.8633442828912068,0.9985523385300669,0.5,-0.05729123550849957,0.43193384041125804,0.24545659869049202,0.12231851335246394,0.2658177504467193,0.0
2021-03-06 22:40:00,0.039051603905160395,0.7211155378486056,0.08860759493670867,0.10051776468487783,0.8633442828912068,0.9985523385300669,0.5,-0.05729123550849957,0.43193384041125804,0.24545659869049202,0.12231851335246394,0.2658177504467193,0.0
2021-03-06 22:50:00,0.03277545327754532,0.6249667994687913,0.07937453462397603,0.08623460096411373,0.8633442828912068,0.9985523385300669,0.5,-0.05729123550849957,0.43193384041125804,0.24545659869049202,0.12231851335246394,0.2658177504467193,0.0
2021-03-06 23:00:00,0.03556485355648536,0.5288180610889774,0.07073715562174243,0.07302267452240674,0.8633442828912068,0.9985523385300669,0.5,-0.15247398208872398,0.4146410848057651,0.24727029428612338,0.1262820048031271,0.20785142428509737,0.0
2021-03-06 23:10:00,0.03765690376569038,0.43266932270916336,0.06775874906924773,0.059453668987680786,0.8633442828912068,0.9985523385300669,0.5,-0.15247398208872398,0.4146410848057651,0.24727029428612338,0.1262820048031271,0.20785142428509737,0.0
2021-03-06 23:20:00,0.05230125523012552,0.3365205843293493,0.06537602382725227,0.04552758435993587,0.8633442828912068,0.9985523385300669,0.5,-0.15247398208872398,0.4146410848057651,0.24727029428612338,0.1262820048031271,0.20785142428509737,0.0
2021-03-06 23:30:00,0.07252440725244073,0.2403718459495352,0.06090841399851055,0.03517229066238192,0.8633442828912068,0.9985523385300669,0.5,-0.15247398208872398,0.4146410848057651,0.24727029428612338,0.1262820048031271,0.20785142428509737,0.0
2021-03-06 23:40:00,0.07391910739191074,0.1442231075697209,0.05554728220402061,0.024816996964827753,0.8633442828912068,0.9985523385300669,0.5,-0.15247398208872398,0.4146410848057651,0.24727029428612338,0.1262820048031271,0.20785142428509737,0.0
2021-03-06 23:50:00,0.0885634588563459,0.04807436918990682,0.04839910647803425,0.01767541510444559,0.8633442828912068,0.9985523385300669,0.5,-0.15247398208872398,0.4146410848057651,0.24727029428612338,0.1262820048031271,0.20785142428509737,0.0
2021-03-07 00:00:00,0.07810320781032079,-0.04807436918990715,0.04631422189128798,0.009462595965006315,0.8633442828912068,0.9985523385300669,0.5,-0.12676598772005954,0.4055751752119917,0.2647443928184147,0.16795176171686416,0.15688652761960178,0.0
2021-03-07 00:10:00,0.07531380753138076,-0.14422310756972134,0.039166046165301394,0.0069630423138726805,0.8633442828912068,0.9985523385300669,0.5,-0.12676598772005954,0.4055751752119917,0.2647443928184147,0.16795176171686416,0.15688652761960178,0.0
2021-03-07 00:20:00,0.07182705718270573,-0.24037184594953542,0.033804914370811234,0.0005356186395288898,0.8633442828912068,0.9985523385300669,0.5,-0.12676598772005954,0.4055751752119917,0.2647443928184147,0.16795176171686416,0.15688652761960178,0.0
2021-03-07 00:30:00,0.09205020920502092,-0.3365205843293495,0.030826507818317195,-0.007677200499910719,0.8633442828912068,0.9985523385300669,0.5,-0.12676598772005954,0.4055751752119917,0.2647443928184147,0.16795176171686416,0.15688652761960178,0.0
2021-03-07 00:40:00,0.11297071129707113,-0.4326693227091635,0.028145941921072115,-0.015890019639349995,0.8633442828912068,0.9985523385300669,0.5,-0.12676598772005954,0.4055751752119917,0.2647443928184147,0.16795176171686416,0.15688652761960178,0.0
2021-03-07 00:50:00,0.14504881450488147,-0.5288180610889776,0.034996276991809294,-0.022317443313693897,0.8633442828912068,0.9985523385300669,0.5,-0.12676598772005954,0.4055751752119917,0.2647443928184147,0.16795176171686416,0.15688652761960178,0.0
2021-03-07 01:00:00,0.21827057182705717,-0.6249667994687916,0.03588979895755773,-0.033386895197286104,0.8206802685477222,0.9985523385300669,0.5,-0.2852328529265502,0.39206395273658473,0.35561140449558604,0.23478343310124497,0.12350927358589937,0.0
2021-03-07 01:10:00,0.13598326359832635,-0.7211155378486056,0.0355919583023081,-0.012319228709159136,0.646399078666684,0.4219376391982183,0.5,-0.2852328529265502,0.39206395273658473,0.35561140449558604,0.23478343310124497,0.12350927358589937,0.0
2021-03-07 01:20:00,0.08437935843793584,0.027888446215139417,0.037676842889054374,-0.013033386895197285,0.6406800068053028,0.6202672605790647,0.5,-0.2852328529265502,0.39206395273658473,0.35561140449558604,0.23478343310124497,0.12350927358589937,0.0
2021-03-07 01:30:00,0.13389121338912133,0.1394422310756973,0.03827252419955318,-0.012319228709159136,0.6406800068053028,0.9993318485523385,0.5,-0.2852328529265502,0.39206395273658473,0.35561140449558604,0.23478343310124497,0.12350927358589937,0.0
2021-03-07 01:40:00,0.18898186889818688,0.25099601593625476,0.03588979895755773,-0.02053204784859841,0.6297391736791824,0.7988864142538975,0.5,-0.2852328529265502,0.39206395273658473,0.35561140449558604,0.23478343310124497,0.12350927358589937,0.0
2021-03-07 01:50:00,0.1882845188284519,0.36254980079681287,0.032315711094564215,-0.021246206034636783,0.6042192877988772,0.00022271714922048998,0.5,-0.2852328529265502,0.39206395273658473,0.35561140449558604,0.23478343310124497,0.12350927358589937,0.06703683027294537
2021-03-07 02:00:00,0.19456066945606695,-0.31474103585657376,0.03678332092330594,-0.005891805034815012,0.6042192877988772,0.00011135857461024499,0.5,-0.2968873229242789,0.377891824015034,0.3537847738593482,0.2945301736605388,0.09933221184254945,0.06822125322510073
2021-03-07 02:10:00,0.20223152022315202,-0.4103585657370519,0.042740134028294685,0.004106409569719638,0.6042192877988772,0.00011135857461024499,0.5,-0.2968873229242789,0.377891824015034,0.3537847738593482,0.2945301736605388,0.09933221184254945,0.07378125141451786
2021-03-07 02:20:00,0.2377963737796374,-0.6254980079681276,0.04393149664929252,0.0112479914301018,0.6042192877988772,0.00011135857461024499,0.5,-0.2968873229242789,0.377891824015034,0.3537847738593482,0.2945301736605388,0.09933221184254945,0.09648897807685924
2021-03-07 02:30:00,0.22733612273361226,-0.4900398406374503,0.044825018615040735,0.011605070523120764,0.6042192877988772,0.00011135857461024499,0.5,-0.2968873229242789,0.377891824015034,0.3537847738593482,0.2945301736605388,0.09933221184254945,0.09253587217285031
2021-03-07 02:40:00,0.2301255230125523,-0.38645418326693237,0.04690990320178701,0.011605070523120764,0.6003324128724922,0.00011135857461024499,0.5,-0.2968873229242789,0.377891824015034,0.3537847738593482,0.2945301736605388,0.09933221184254945,0.096692668648249
2021-03-07 02:50:00,0.22594142259414227,0.41035856573705165,0.053164556962025156,0.018389573290483963,0.5904385494235123,0.00011135857461024499,0.5,-0.2968873229242789,0.377891824015034,0.3537847738593482,0.2945301736605388,0.09933221184254945,0.09598352369600315
2021-03-07 03:00:00,0.21269177126917713,0.15537848605577675,0.05644080416976904,0.024816996964827753,0.5904385494235123,0.00011135857461024499,0.5,-0.29406885345086076,0.37766769059243077,0.3494855214412882,0.3317203263580014,0.08576872139018288,0.0853991580789716
2021-03-07 03:10:00,0.23291492329149233,0.5458167330677288,0.06180193596425898,0.031244420639171766,0.5904385494235123,0.00011135857461024499,0.5,-0.29406885345086076,0.37766769059243077,0.3494855214412882,0.3317203263580014,0.08576872139018288,0.0767385367472879
2021-03-07 03:20:00,0.24616457461645744,0.5776892430278884,0.06418466120625443,0.03302981610426703,0.5904385494235123,0.00011135857461024499,0.5,-0.29406885345086076,0.37766769059243077,0.3494855214412882,0.3317203263580014,0.08576872139018288,0.08724746141195287
2021-03-07 03:30:00,0.23221757322175732,0.5059760956175297,0.062099776619508384,0.032672737011248065,0.592846579680936,0.00011135857461024499,0.5,-0.29406885345086076,0.37766769059243077,0.3494855214412882,0.3317203263580014,0.08576872139018288,0.07783997465184002
2021-03-07 03:40:00,0.20781032078103207,0.019920318725099362,-0.006999255398362103,-0.019103731476522,0.6127520906675741,0.00011135857461024499,0.5,-0.29406885345086076,0.37766769059243077,0.3494855214412882,0.3317203263580014,0.08576872139018288,0.077553299032847
2021-03-07 03:50:00,0.1708507670850767,-0.4900398406374503,-0.04571854058078939,-0.0815925727548652,0.6182355943515986,0.00011135857461024499,0.5,-0.29406885345086076,0.37766769059243077,0.3494855214412882,0.3317203263580014,0.08576872139018288,0.05768215217948911
2021-03-07 04:00:00,0.19456066945606695,-0.1872509960159363,-0.06031273268801207,-0.10730226745224059,0.6046511627906976,0.00011135857461024499,0.5,-0.3640392992782726,0.36890062556213116,0.3810211504399753,0.34778902045774496,0.07744257625775482,0.06582223093984339
2021-03-07 04:10:00,0.18758716875871687,-0.26693227091633476,-0.06716306775874914,-0.12122835207998572,0.6017719961785607,0.00011135857461024499,0.5,-0.3640392992782726,0.36890062556213116,0.3810211504399753,0.34778902045774496,0.07744257625775482,0.06973007227243237
2021-03-07 04:20:00,0.23849372384937237,0.043824701195219085,-0.07133283693224135,-0.1308694875915014,0.6017719961785607,0.00011135857461024499,0.5,-0.3640392992782726,0.36890062556213116,0.3810211504399753,0.34778902045774496,0.07744257625775482,0.10418395521825068
2021-03-07 04:30:00,0.2629009762900976,-0.01195219123505975,-0.07758749069247961,-0.13872522763792183,0.6017719961785607,0.00011135857461024499,0.5,-0.3640392992782726,0.36890062556213116,0.3810211504399753,0.34778902045774496,0.07744257625775482,0.1241380871192118
2021-03-07 04:40:00,0.2524407252440725,0.13147410358565725,-0.07997021593447506,-0.14658096768434214,0.6017719961785607,0.00011135857461024499,0.5,-0.3640392992782726,0.36890062556213116,0.3810211504399753,0.34778902045774496,0.07744257625775482,0.1126936946452012
2021-03-07 04:50:00,0.2280334728033473,0.3784860557768923,-0.08116157855547301,-0.15229423317264768,0.6078575074269412,0.00011135857461024499,0.5,-0.3640392992782726,0.36890062556213116,0.3810211504399753,0.34778902045774496,0.07744257625775482,0.093116767506073
2021-03-07 05:00:00,0.21617852161785217,-0.21115537848605592,-0.08175725986597182,-0.15265131226566697,0.6156574315216397,0.00011135857461024499,0.5,-0.3736956857445227,0.3626938538592614,0.4075854121655579,0.3549459251775371,0.08457905482942422,0.08648550779305038
2021-03-07 05:10:00,0.23082287308228733,0.2749003984063745,-0.08562918838421452,-0.15622210319585772,0.6156574315216397,0.00011135857461024499,0.5,-0.3736956857445227,0.3626938538592614,0.4075854121655579,0.3549459251775371,0.08457905482942422,0.09187199179202439
2021-03-07 05:20:00,0.197350069735007,0.2828685258964143,-0.08771407297096068,-0.1597928941260488,0.6156574315216397,0.00011135857461024499,0.5,-0.3736956857445227,0.3626938538592614,0.4075854121655579,0.3549459251775371,0.08457905482942422,0.07335878208126499
2021-03-07 05:30:00,0.20641562064156208,0.4262948207171313,-0.09188384214445289,-0.1615782895911445,0.6156574315216397,0.00011135857461024499,0.5,-0.3736956857445227,0.3626938538592614,0.4075854121655579,0.3549459251775371,0.08457905482942422,0.0805709371275103
2021-03-07 05:40:00,0.20641562064156208,0.14741035856573692,-0.09545793000744618,-0.16443492233529733,0.6156574315216397,0.00011135857461024499,0.5,-0.3736956857445227,0.3626938538592614,0.4075854121655579,0.3549459251775371,0.08457905482942422,0.08223063807957512
2021-03-07 05:50:00,0.201534170153417,-0.31474103585657376,-0.09694713328369331,-0.1680057132654883,0.6156574315216397,0.00011135857461024499,0.5,-0.3736956857445227,0.3626938538592614,0.4075854121655579,0.3549459251775371,0.08457905482942422,0.08422982331728956
2021-03-07 06:00:00,0.17782426778242677,-0.4183266932270917,-0.10141474311243492,-0.17050526691662193,0.6136812762560364,0.00011135857461024499,0.5,-0.41705837090836817,0.35784050320826893,0.5052664003316444,0.3464199343164591,0.09639495974938207,0.05941729408392052
2021-03-07 06:10:00,0.20223152022315202,0.22709163346613526,-0.10290394638868217,-0.17300482056775568,0.5992330947114944,0.00011135857461024499,0.5,-0.41705837090836817,0.35784050320826893,0.5052664003316444,0.3464199343164591,0.09639495974938207,0.0679345776061077
2021-03-07 06:20:00,0.20920502092050208,0.4661354581673305,-0.10498883097542833,-0.1740760578468129,0.5992330947114944,0.00011135857461024499,0.5,-0.41705837090836817,0.35784050320826893,0.5052664003316444,0.3464199343164591,0.09639495974938207,0.0698507777962189
2021-03-07 06:30:00,0.1617852161785216,0.346613545816733,-0.10588235294117665,-0.1740760578468129,0.6090353483137244,0.00011135857461024499,0.5,-0.41705837090836817,0.35784050320826893,0.5052664003316444,0.3464199343164591,0.09639495974938207,0.049911734085731095
2021-03-07 06:40:00,0.14435146443514643,-0.05179282868525903,-0.11094564408041707,-0.17371897875379394,0.6156574315216397,0.00011135857461024499,0.5,-0.41705837090836817,0.35784050320826893,0.5052664003316444,0.3464199343164591,0.09639495974938207,0.04421594218205411
2021-03-07 06:50:00,0.1708507670850767,0.05179282868525892,-0.11094564408041707,-0.1726477414747366,0.6156574315216397,0.00011135857461024499,0.5,-0.41705837090836817,0.35784050320826893,0.5052664003316444,0.3464199343164591,0.09639495974938207,0.055486820465621554
2021-03-07 07:00:00,0.1792189679218968,0.17131474103585642,-0.11094564408041707,-0.17514729512587035,0.6156574315216397,0.00011135857461024499,0.5,-0.4182289309367583,0.36294959584146275,0.5171426698202803,0.35502345013006775,0.11058469648307555,0.058904295607827756
2021-03-07 07:10:00,0.17642956764295675,0.17928286852589648,-0.11332836932241275,-0.1790751651490804,0.6156574315216397,0.00011135857461024499,0.5,-0.4182289309367583,0.36294959584146275,0.5171426698202803,0.35502345013006775,0.11058469648307555,0.059877483893356676
2021-03-07 07:20:00,0.17224546722454673,-0.19521912350597614,-0.11392405063291144,-0.18121763970719518,0.6156574315216397,0.00011135857461024499,0.5,-0.4182289309367583,0.36294959584146275,0.5171426698202803,0.35502345013006775,0.11058469648307555,0.057259682846236254
2021-03-07 07:30:00,0.17154811715481172,-0.1633466135458168,-0.11392405063291144,-0.18121763970719518,0.6156574315216397,0.00011135857461024499,0.5,-0.4182289309367583,0.36294959584146275,0.5171426698202803,0.35502345013006775,0.11058469648307555,0.05652790560828041
2021-03-07 07:40:00,0.16457461645746163,-0.019920318725099695,-0.11481757259865988,-0.18121763970719518,0.6156574315216397,0.00011135857461024499,0.5,-0.4182289309367583,0.36294959584146275,0.5171426698202803,0.35502345013006775,0.11058469648307555,0.05508698341807867
2021-03-07 07:50:00,0.16248256624825663,0.06772908366533859,-0.1195830230826509,-0.18121763970719518,0.6156574315216397,0.00011135857461024499,0.5,-0.4182289309367583,0.36294959584146275,0.5171426698202803,0.35502345013006775,0.11058469648307555,0.050432276657060515
2021-03-07 08:00:00,0.15411436541143653,-0.298804780876494,-0.12017870439314982,-0.1837171933583288,0.6156574315216397,0.00011135857461024499,0.5,-0.4103395244449797,0.3701419799027026,0.5142844062886109,0.36065497117162354,0.1101372821624632,0.05025121837138072
2021-03-07 08:10:00,0.15550906555090654,-0.3067729083665339,-0.12285927029039478,-0.18478843063738626,0.6156574315216397,0.00011135857461024499,0.5,-0.4103395244449797,0.3701419799027026,0.5142844062886109,0.36065497117162354,0.1101372821624632,0.05151862637113932
2021-03-07 08:20:00,0.1317991631799163,-0.02788844621513953,-0.12285927029039478,-0.18478843063738626,0.6156574315216397,0.00011135857461024499,0.5,-0.4103395244449797,0.3701419799027026,0.5142844062886109,0.36065497117162354,0.1101372821624632,0.03430300104108514
2021-03-07 08:30:00,0.14365411436541145,-0.23505976095617542,-0.12285927029039478,-0.1837171933583288,0.6156574315216397,0.00011135857461024499,0.5,-0.4103395244449797,0.3701419799027026,0.5142844062886109,0.36065497117162354,0.1101372821624632,0.04616231875311194
2021-03-07 08:40:00,0.1771269177126918,-0.5219123505976095,-0.12285927029039478,-0.18478843063738626,0.6156574315216397,0.00011135857461024499,0.5,-0.4103395244449797,0.3701419799027026,0.5142844062886109,0.36065497117162354,0.1101372821624632,0.057968827798482135
2021-03-07 08:50:00,0.16457461645746163,-0.08366533864541836,-0.12285927029039478,-0.18478843063738626,0.6156574315216397,0.00011135857461024499,0.5,-0.4103395244449797,0.3701419799027026,0.5142844062886109,0.36065497117162354,0.1101372821624632,0.05927395627442401
2021-03-07 09:00:00,0.14435146443514643,-0.50597609561753,-0.12017870439314982,-0.18478843063738626,0.6156574315216397,0.00011135857461024499,0.5,-0.38248182340006076,0.3811360116319521,0.4670278840163098,0.3288035709398801,0.10743594303047176,0.04202815456342321
2021-03-07 09:10:00,0.13598326359832635,-0.5697211155378487,-0.11809381980640365,-0.1822888769862525,0.6109722422164349,0.00011135857461024499,0.5,-0.38248182340006076,0.3811360116319521,0.4670278840163098,0.3288035709398801,0.10743594303047176,0.03191906694630113
2021-03-07 09:20:00,0.13737796373779637,0.2749003984063745,-0.11005212211466875,-0.18014640242813773,0.5992330947114944,0.00011135857461024499,0.5,-0.38248182340006076,0.3811360116319521,0.4670278840163098,0.3288035709398801,0.10743594303047176,0.03716975723101529
2021-03-07 09:30:00,0.13598326359832635,0.40239043824701204,-0.10141474311243492,-0.17336189966077487,0.5992330947114944,0.00011135857461024499,0.5,-0.38248182340006076,0.3811360116319521,0.4670278840163098,0.3288035709398801,0.10743594303047176,0.035728835040813554
2021-03-07 09:40:00,0.13598326359832635,0.5059760956175297,-0.09337304542070002,-0.16729155507945004,0.5992330947114944,0.00011135857461024499,0.5,-0.38248182340006076,0.3811360116319521,0.4670278840163098,0.3288035709398801,0.10743594303047176,0.037826093516604556
2021-03-07 09:50:00,0.12691771269177127,0.5537848605577689,-0.08324646314221895,-0.16193536868416358,0.5992330947114944,0.00011135857461024499,0.5,-0.38248182340006076,0.3811360116319521,0.4670278840163098,0.3288035709398801,0.10743594303047176,0.02563483561416479
2021-03-07 10:00:00,0.11227336122733612,-0.33067729083665354,-0.07550260610573356,-0.15300839135868594,0.5992330947114944,0.00011135857461024499,0.5,-0.06079267619519968,0.39513285652300084,0.25706351498061586,0.2341902835868857,0.12613028606616236,0.007566727522368242
2021-03-07 10:10:00,0.12691771269177127,0.17928286852589648,-0.04274013402829491,-0.08302088912694161,0.6007119393804556,0.00011135857461024499,0.5,-0.06079267619519968,0.39513285652300084,0.25706351498061586,0.2341902835868857,0.12613028606616236,0.006827406189175733
2021-03-07 10:20:00,0.11785216178521618,-0.2828685258964144,-0.016827997021593544,-0.007677200499910719,0.6091269581604744,0.00011135857461024499,0.5,-0.06079267619519968,0.39513285652300084,0.25706351498061586,0.2341902835868857,0.12613028606616236,0.007076361331985455
2021-03-07 10:30:00,0.15341701534170155,0.394422310756972,0.006403574087862962,0.0448134261738975,0.6106712384342569,0.00011135857461024499,0.5,-0.06079267619519968,0.39513285652300084,0.25706351498061586,0.2341902835868857,0.12613028606616236,0.020180454758060868
2021-03-07 10:40:00,0.14016736401673638,-0.23505976095617542,0.02308265078183136,0.08623460096411373,0.6157490413683894,0.00011135857461024499,0.5,-0.06079267619519968,0.39513285652300084,0.25706351498061586,0.2341902835868857,0.12613028606616236,0.013745341521191364
2021-03-07 10:50:00,0.09135285913528592,-0.26693227091633476,0.03588979895755773,0.11765756114979453,0.6157490413683894,0.012694877505567928,0.5,-0.06079267619519968,0.39513285652300084,0.25706351498061586,0.2341902835868857,0.12613028606616236,0.0
2021-03-07 11:00:00,0.08926080892608089,0.15537848605577675,0.04452717795979133,0.10301731833601147,0.6157490413683894,0.8465478841870824,0.5,-0.03934443835565271,0.39565008749824065,0.22333400164376468,0.16645228900235415,0.18957200651015724,0.0
2021-03-07 11:10:00,0.10181311018131102,0.5776892430278884,0.04810126582278462,0.09766113194072501,0.6157490413683894,0.9995545657015591,0.5,-0.03934443835565271,0.39565008749824065,0.22333400164376468,0.16645228900235415,0.18957200651015724,0.0
2021-03-07 11:20:00,0.09553695955369597,-0.6414342629482073,0.05703648548026785,0.09337618282449567,0.6157490413683894,0.9995545657015591,0.5,-0.03934443835565271,0.39565008749824065,0.22333400164376468,0.16645228900235415,0.18957200651015724,0.0
2021-03-07 11:30:00,0.07740585774058578,-0.4462151394422311,0.06716306775874892,0.09123370826638122,0.6157490413683894,0.9995545657015591,0.5,-0.03934443835565271,0.39565008749824065,0.22333400164376468,0.16645228900235415,0.18957200651015724,0.0
2021-03-07 11:40:00,0.0899581589958159,-0.2509960159362551,0.07639612807148177,0.09016247098732366,0.6157490413683894,0.9995545657015591,0.5,-0.03934443835565271,0.39565008749824065,0.22333400164376468,0.16645228900235415,0.18957200651015724,0.0
2021-03-07 11:50:00,0.05439330543933055,-0.08366533864541836,0.08235294117647052,0.08587752187109432,0.6157490413683894,0.9995545657015591,0.5,-0.03934443835565271,0.39565008749824065,0.22333400164376468,0.16645228900235415,0.18957200651015724,0.0
2021-03-07 12:00:00,0.05160390516039052,0.08366533864541825,0.08860759493670867,0.0830208891269415,0.6157490413683894,0.9995545657015591,0.5,-0.024679151617474804,0.3945581554394019,0.19999766662012589,0.06951056795263547,0.2616470222319198,0.0
2021-03-07 12:10:00,0.04114365411436541,0.25099601593625476,0.09903201787043914,0.08801999642920899,0.6157490413683894,0.9995545657015591,0.5,-0.024679151617474804,0.3945581554394019,0.19999766662012589,0.06951056795263547,0.2616470222319198,0.0
2021-03-07 12:20:00,0.0404463040446304,0.19594349873234318,0.11034996276991804,0.09016247098732366,0.6157490413683894,0.9995545657015591,0.5,-0.024679151617474804,0.3945581554394019,0.19999766662012589,0.06951056795263547,0.2616470222319198,0.0
2021-03-07 12:30:00,0.026499302649930265,0.1408909815284316,0.12256142963514494,0.09516157828959115,0.6157490413683894,0.9995545657015591,0.5,-0.024679151617474804,0.3945581554394019,0.19999766662012589,0.06951056795263547,0.2616470222319198,0.0
2021-03-07 12:40:00,0.03277545327754532,0.08583846432452003,0.13447505584512287,0.1008748437778968,0.6157490413683894,0.9995545657015591,0.5,-0.024679151617474804,0.3945581554394019,0.19999766662012589,0.06951056795263547,0.2616470222319198,0.0
2021-03-07 12:50:00,0.030683403068340307,0.030785947120608448,0.1478778853313476,0.10480271380110695,0.6157490413683894,0.9995545657015591,0.5,-0.024679151617474804,0.3945581554394019,0.19999766662012589,0.06951056795263547,0.2616470222319198,0.0
2021-03-07 13:00:00,0.05090655509065551,-0.02426657008330313,0.1591958302308265,0.11230137475450808,0.6157490413683894,0.9995545657015591,0.5,0.13376429972020087,0.3818888700514653,0.12304393969886973,0.034944477136187035,0.6780218350684913,0.0
2021-03-07 13:10:00,0.07531380753138076,-0.07931908728721482,0.17379002233804886,0.11944295661489024,0.6157490413683894,0.9995545657015591,0.5,0.13376429972020087,0.3818888700514653,0.12304393969886973,0.034944477136187035,0.6780218350684913,0.0
2021-03-07 13:20:00,0.07322175732217574,-0.1343716044911265,0.19166046165301553,0.12229958935904306,0.6157490413683894,0.9995545657015591,0.5,0.13376429972020087,0.3818888700514653,0.12304393969886973,0.034944477136187035,0.6780218350684913,0.0
2021-03-07 13:30:00,0.07880055788005579,-0.18942412169503808,0.20119136262099757,0.12801285484734892,0.6157490413683894,0.9995545657015591,0.5,0.13376429972020087,0.3818888700514653,0.12304393969886973,0.034944477136187035,0.6780218350684913,0.0
2021-03-07 13:40:00,0.09274755927475593,-0.24447663889894977,0.20744601638123594,0.13551151580074983,0.6157490413683894,0.9995545657015591,0.5,0.13376429972020087,0.3818888700514653,0.12304393969886973,0.034944477136187035,0.6780218350684913,0.0
2021-03-07 13:50:00,0.10599721059972106,-0.29952915610286135,0.21608339538346977,0.14015354400999835,0.6157490413683894,0.9995545657015591,0.5,0.13376429972020087,0.3818888700514653,0.12304393969886973,0.034944477136187035,0.6780218350684913,0.0
2021-03-07 14:00:00,0.18131101813110181,-0.3545816733067729,0.22412509307520456,0.14015354400999835,0.6157490413683894,0.9995545657015591,0.5,0.14444772787080873,0.375041306640384,0.1146010357923987,0.1394994170364959,0.7384990400183188,0.0
2021-03-07 14:10:00,0.21617852161785217,-0.2828685258964144,0.21906180193596425,0.14015354400999835,0.5875855570533038,0.9995545657015591,0.5,0.14444772787080873,0.375041306640384,0.1146010357923987,0.1394994170364959,0.7384990400183188,0.0
2021-03-07 14:20:00,0.15829846582984658,-0.21115537848605592,0.21906180193596425,0.15765041956793446,0.4223868291214616,0.9958797327394211,0.5,0.14444772787080873,0.375041306640384,0.1146010357923987,0.1394994170364959,0.7384990400183188,0.0
2021-03-07 14:30:00,0.15620641562064158,-0.1394422310756973,0.2253164556962024,0.17978932333511866,0.3696849929983903,0.07772828507795101,0.5,0.14444772787080873,0.375041306640384,0.1146010357923987,0.1394994170364959,0.7384990400183188,0.0
2021-03-07 14:40:00,0.30404463040446306,0.3227091633466135,0.23186895011169018,0.17978932333511866,0.36526154611247075,0.10601336302895323,0.5,0.14444772787080873,0.375041306640384,0.1146010357923987,0.1394994170364959,0.7384990400183188,0.13147094768924364
2021-03-07 14:50:00,0.2280334728033473,-0.1633466135458168,0.2446760982874161,0.1637207641492593,0.40098938634489795,0.00011135857461024499,0.5,0.14444772787080873,0.375041306640384,0.1146010357923987,0.1394994170364959,0.7384990400183188,0.08147622855590929
2021-03-07 15:00:00,0.29776847977684795,0.14741035856573692,0.24795234549516,0.17550437421888954,0.4074805983431705,0.00011135857461024499,0.5,0.15485425867255365,0.35940656366107504,0.12146104580817817,0.24597133700587473,0.7378580384614833,0.14497487816286192
2021-03-07 15:10:00,0.29009762900976294,-0.24302788844621515,0.2491437081161576,0.1922870915907875,0.37845336404444385,0.00011135857461024499,0.5,0.15485425867255365,0.35940656366107504,0.12146104580817817,0.24597133700587473,0.7378580384614833,0.1456312144484512
2021-03-07 15:20:00,0.23430962343096234,0.5617529880478087,0.2565897244973938,0.20192822710230307,0.4005575113530775,0.00011135857461024499,0.5,0.15485425867255365,0.35940656366107504,0.12146104580817817,0.24597133700587473,0.7378580384614833,0.08677218341204339
2021-03-07 15:30:00,0.2894002789400279,-0.3545816733067729,0.24229337304542042,0.20014283163720759,0.4196647079608957,0.00011135857461024499,0.5,0.15485425867255365,0.35940656366107504,0.12146104580817817,0.24597133700587473,0.7378580384614833,0.15524239177995383
2021-03-07 15:40:00,0.32496513249651326,0.06772908366533859,0.20595681310498848,0.14836636314943763,0.3916059206135242,0.00011135857461024499,0.5,0.15485425867255365,0.35940656366107504,0.12146104580817817,0.24597133700587473,0.7378580384614833,0.20835282224602805
2021-03-07 15:50:00,0.25662482566248257,0.2589641434262948,0.19374534623976158,0.1269416175682916,0.3923126251455942,0.200445434298441,0.5,0.15485425867255365,0.35940656366107504,0.12146104580817817,0.24597133700587473,0.7378580384614833,0.07643677293782157
2021-03-07 16:00:00,0.3277545327754533,-0.1394422310756973,0.19344750558451218,0.12979825031244419,0.39911792804700896,0.008351893095768375,0.5,0.21461462339525772,0.3425304663411947,0.09231801887932584,0.3277350917573865,0.7484887925168519,0.22915189281349488
2021-03-07 16:10:00,0.46513249651324967,-0.1394422310756973,0.1904690990320177,0.10730226745224059,0.3923780607504156,0.00011135857461024499,0.5,0.21461462339525772,0.3425304663411947,0.09231801887932584,0.3277350917573865,0.7484887925168519,0.40634760173212425
2021-03-07 16:20:00,0.40097629009762903,0.21912350597609564,0.1860014892032762,0.10016068559185864,0.3824972844223999,0.00022271714922048998,0.5,0.21461462339525772,0.3425304663411947,0.09231801887932584,0.3277350917573865,0.7484887925168519,0.2846311691838798
2021-03-07 16:30:00,0.3584379358437936,-0.21115537848605592,0.18808637379002224,0.11337261203356541,0.3992749734985801,0.00011135857461024499,0.5,0.21461462339525772,0.3425304663411947,0.09231801887932584,0.3277350917573865,0.7484887925168519,0.21059341853131552
2021-03-07 16:40:00,0.3507670850767085,0.07569721115537842,0.19166046165301553,0.12229958935904306,0.4065514127547081,0.00011135857461024499,0.5,0.21461462339525772,0.3425304663411947,0.09231801887932584,0.3277350917573865,0.7484887925168519,0.21401089367352175
2021-03-07 16:50:00,0.38702928870292885,-0.03585657370517936,0.1898734177215189,0.1137296911265846,0.40089777649814823,0.00011135857461024499,0.5,0.21461462339525772,0.3425304663411947,0.09231801887932584,0.3277350917573865,0.7484887925168519,0.28425396442204687
2021-03-07 17:00:00,0.4923291492329149,-0.059760956175298974,0.1871928518242738,0.10623103017318325,0.41624896938922407,0.00011135857461024499,0.5,0.21865344905965967,0.34068567586284276,0.08994228308792898,0.36864844923631573,0.7541116959284219,0.4788237246707003
2021-03-07 17:10:00,0.398186889818689,-0.043824701195219196,0.1868950111690244,0.10337439742903043,0.4091426627056314,0.00011135857461024499,0.5,0.21865344905965967,0.34068567586284276,0.08994228308792898,0.36864844923631573,0.7541116959284219,0.30130361965689456
2021-03-07 17:20:00,0.3758716875871687,-0.07569721115537853,0.18778853313477262,0.10765934654525999,0.4164060148407952,0.00011135857461024499,0.5,0.21865344905965967,0.34068567586284276,0.08994228308792898,0.36864844923631573,0.7541116959284219,0.3077387328937641
2021-03-07 17:30:00,0.3228730822873082,-0.08366533864541836,0.18808637379002224,0.10587395108016429,0.4215754276216775,0.00011135857461024499,0.5,0.21865344905965967,0.34068567586284276,0.08994228308792898,0.36864844923631573,0.7541116959284219,0.19149931348733348
2021-03-07 17:40:00,0.394700139470014,-0.298804780876494,0.1868950111690244,0.11015890019639363,0.38773213280810354,0.00011135857461024499,0.5,0.21865344905965967,0.34068567586284276,0.08994228308792898,0.36864844923631573,0.7541116959284219,0.3760806916426513
2021-03-07 17:50:00,0.34309623430962344,-0.05179282868525903,0.18510796723752776,0.10301731833601147,0.3829945950190417,0.00011135857461024499,0.5,0.21865344905965967,0.34068567586284276,0.08994228308792898,0.36864844923631573,0.7541116959284219,0.23745039757381897
2021-03-07 18:00:00,0.398186889818689,-0.11553784860557781,0.18481012658227836,0.0994465274058205,0.36863802332124956,0.00011135857461024499,0.5,0.09019195703588423,0.3366800093101578,0.13906601651601785,0.37950094810141966,0.7540774368245874,0.2988065241335607
2021-03-07 18:10:00,0.32217573221757323,0.49800796812749004,0.18391660461653014,0.09301910373147648,0.37535171637591447,0.00011135857461024499,0.5,0.09019195703588423,0.3366800093101578,0.13906601651601785,0.37950094810141966,0.7540774368245874,0.19450186339152345
2021-03-07 18:20:00,0.29218967921896793,-0.3705179282868527,0.18391660461653014,0.09694697375468664,0.4044705605213909,0.00011135857461024499,0.5,0.09019195703588423,0.3366800093101578,0.13906601651601785,0.37950094810141966,0.7540774368245874,0.137113930926264
2021-03-07 18:30:00,0.2754532775453278,0.5219123505976095,0.18361876396128052,0.0898053918943047,0.3752731936501289,0.00011135857461024499,0.5,0.09019195703588423,0.3366800093101578,0.13906601651601785,0.37950094810141966,0.7540774368245874,0.13069390587986784
2021-03-07 18:40:00,0.1290097629009763,-0.14741035856573714,0.17915115413253901,0.08409212640599906,0.37617620499666277,0.00011135857461024499,0.5,0.09019195703588423,0.3366800093101578,0.13906601651601785,0.37950094810141966,0.7540774368245874,0.011791420854896872
2021-03-07 18:50:00,0.2615062761506276,0.22709163346613526,0.17736411020104237,0.09016247098732366,0.39093847744434707,0.00011135857461024499,0.5,0.09019195703588423,0.3366800093101578,0.13906601651601785,0.37950094810141966,0.7540774368245874,0.11970215912005673
2021-03-07 19:00:00,0.21478382147838215,-0.33067729083665354,0.17498138495904692,0.08052133547580786,0.3953095758464095,0.00011135857461024499,0.5,0.10144535613261563,0.3457918949906201,0.1242382751148714,0.31886246716978056,0.7421387311443562,0.08283416569850778
2021-03-07 19:10:00,0.21478382147838215,-0.38645418326693237,0.17289650037230064,0.07088019996429229,0.3935951630000916,0.00011135857461024499,0.5,0.10144535613261563,0.3457918949906201,0.1242382751148714,0.31886246716978056,0.7421387311443562,0.0764292288425849
2021-03-07 19:20:00,0.1387726638772664,-0.38645418326693237,0.16902457185405795,0.06802356722013925,0.3814764889871877,0.00011135857461024499,0.5,0.10144535613261563,0.3457918949906201,0.1242382751148714,0.31886246716978056,0.7421387311443562,0.031179745613108618
2021-03-07 19:30:00,0.1317991631799163,-0.3784860557768924,0.16604616530156346,0.0658810926620248,0.3814764889871877,0.00011135857461024499,0.5,0.10144535613261563,0.3457918949906201,0.1242382751148714,0.31886246716978056,0.7421387311443562,0.025144469423782005
2021-03-07 19:40:00,0.13389121338912133,-0.6175298804780878,0.16157855547282196,0.05981074808069997,0.36526154611247075,0.00011135857461024499,0.5,0.10144535613261563,0.3457918949906201,0.1242382751148714,0.31886246716978056,0.7421387311443562,0.02064064456749702
2021-03-07 19:50:00,0.0808926080892608,-0.2749003984063746,0.1594936708860759,0.06088198535975731,0.34864090248786167,0.24821826280623607,0.5,0.10144535613261563,0.3457918949906201,0.1242382751148714,0.31886246716978056,0.7421387311443562,0.0
2021-03-07 20:00:00,0.0885634588563459,0.2669322709163344,0.163663440059568,0.07266559542938755,0.34864090248786167,0.9995545657015591,0.5,0.08302624587964269,0.35366817334133976,0.12346534303157027,0.22256449705241693,0.714768417265229,0.0
2021-03-07 20:10:00,0.10669456066945607,0.2669322709163344,0.16604616530156346,0.09087662917336181,0.34864090248786167,0.9995545657015591,0.5,0.08302624587964269,0.35366817334133976,0.12346534303157027,0.22256449705241693,0.714768417265229,0.0
2021-03-07 20:20:00,0.11506276150627615,-0.059760956175298974,0.16902457185405795,0.09301910373147648,0.34864090248786167,0.9995545657015591,0.5,0.08302624587964269,0.35366817334133976,0.12346534303157027,0.22256449705241693,0.714768417265229,0.0
2021-03-07 20:30:00,0.17503486750348674,0.394422310756972,0.1708116157855546,0.08837707552222818,0.34864090248786167,0.9995545657015591,0.5,0.08302624587964269,0.35366817334133976,0.12346534303157027,0.22256449705241693,0.714768417265229,0.0
2021-03-07 20:40:00,0.2280334728033473,0.4262948207171313,0.16276991809381958,0.08052133547580786,0.376948345133554,0.5719376391982183,0.5,0.08302624587964269,0.35366817334133976,0.12346534303157027,0.22256449705241693,0.714768417265229,0.026992772756763282
2021-03-07 20:50:00,0.21687587168758715,-0.12350597609561753,0.17170513775130303,0.09516157828959115,0.3622384211697269,0.00011135857461024499,0.5,0.08302624587964269,0.35366817334133976,0.12346534303157027,0.22256449705241693,0.714768417265229,0.061333494274031716
2021-03-07 21:00:00,0.201534170153417,0.20318725099601576,0.18361876396128052,0.13051240849848234,0.360275353025088,0.00011135857461024499,0.5,0.09568024126290808,0.36297833089564435,0.13332666291043233,0.14713532199360335,0.7425102389214774,0.0724912111290493
2021-03-07 21:10:00,0.2782426778242678,-0.03585657370517936,0.1871928518242738,0.14908052133547578,0.360275353025088,0.00011135857461024499,0.5,0.09568024126290808,0.36297833089564435,0.13332666291043233,0.14713532199360335,0.7425102389214774,0.1382380011165261
2021-03-07 21:20:00,0.19595536959553697,0.4661354581673305,0.19761727475800428,0.1569362613818961,0.360275353025088,0.00011135857461024499,0.5,0.09568024126290808,0.36297833089564435,0.13332666291043233,0.14713532199360335,0.7425102389214774,0.05332166513270064
2021-03-07 21:30:00,0.14714086471408647,0.47410358565737054,0.19970215934475055,0.18300303517229088,0.360275353025088,0.00011135857461024499,0.5,0.09568024126290808,0.36297833089564435,0.13332666291043233,0.14713532199360335,0.7425102389214774,0.03738853599287838
2021-03-07 21:40:00,0.12552301255230125,-0.1394422310756973,0.1553239017125836,0.15015175861453312,0.368507152111607,0.00011135857461024499,0.5,0.09568024126290808,0.36297833089564435,0.13332666291043233,0.14713532199360335,0.7425102389214774,0.024865337900025652
2021-03-07 21:50:00,0.09832635983263598,0.5059760956175297,0.1320923306031272,0.09658989466166767,0.36061561817015875,0.00011135857461024499,0.5,0.09568024126290808,0.36297833089564435,0.13332666291043233,0.14713532199360335,0.7425102389214774,0.0031383436184498396
2021-03-07 22:00:00,0.09065550906555091,0.1872509960159361,0.1243484735666418,0.07659346545259771,0.3767258640771617,0.06670378619153676,0.5,-0.004765822955797527,0.3671420402463157,0.16201734386042738,0.11001681772165743,0.9606142366691302,0.0
2021-03-07 22:10:00,0.09274755927475593,0.043824701195219085,0.12345495160089337,0.07159435815033022,0.3767651254400544,0.9995545657015591,0.5,-0.004765822955797527,0.3671420402463157,0.16201734386042738,0.11001681772165743,0.9606142366691302,0.0
2021-03-07 22:20:00,0.11436541143654114,-0.09960159362549814,0.13090096798212936,0.09051955008034285,0.3767651254400544,0.9995545657015591,0.5,-0.004765822955797527,0.3671420402463157,0.16201734386042738,0.11001681772165743,0.9606142366691302,0.0
2021-03-07 22:30:00,0.1499302649930265,0.25099601593625476,0.12732688011913607,0.09480449919657197,0.3767651254400544,0.9995545657015591,0.5,-0.004765822955797527,0.3671420402463157,0.16201734386042738,0.11001681772165743,0.9606142366691302,0.0
2021-03-07 22:40:00,0.12203626220362622,0.19521912350597592,0.12583767684288882,0.09123370826638122,0.3767651254400544,0.9995545657015591,0.5,-0.004765822955797527,0.3671420402463157,0.16201734386042738,0.11001681772165743,0.9606142366691302,0.0
2021-03-07 22:50:00,0.11506276150627615,0.1394422310756973,0.11809381980640343,0.08052133547580786,0.3767651254400544,0.9995545657015591,0.5,-0.004765822955797527,0.3671420402463157,0.16201734386042738,0.11001681772165743,0.9606142366691302,0.0
2021-03-07 23:00:00,0.14574616457461645,0.08366533864541825,0.1130305286671629,0.07016604177825392,0.3767651254400544,0.9995545657015591,0.5,-0.11516448242842514,0.36096687710304826,0.24102165516018717,0.23841947542587807,0.07635744121377404,0.0
2021-03-07 23:10:00,0.38633193863319387,0.027888446215139417,0.10975428145941901,0.06909480449919658,0.4893012786117182,0.7766146993318486,0.5,-0.11516448242842514,0.36096687710304826,0.24102165516018717,0.23841947542587807,0.07635744121377404,0.08025408512757065
2021-03-07 23:20:00,0.5523012552301255,-0.02788844621513953,0.1085629188384214,0.07337975361542592,0.5814738715629949,0.00011135857461024499,0.5,-0.11516448242842514,0.36096687710304826,0.24102165516018717,0.23841947542587807,0.07635744121377404,0.6674110173966836
2021-03-07 23:30:00,0.5488145048814504,0.21912350597609564,0.07490692479523453,0.03588644884841985,0.5894962767140858,0.00011135857461024499,0.5,-0.11516448242842514,0.36096687710304826,0.24102165516018717,0.23841947542587807,0.07635744121377404,0.6217013443577712
2021-03-07 23:40:00,0.4923291492329149,0.25099601593625476,0.04780342516753522,0.0001785395465094819,0.5904778107864052,0.006792873051224944,0.5,-0.11516448242842514,0.36096687710304826,0.24102165516018717,0.23841947542587807,0.07635744121377404,0.5042020610468186
2021-03-07 23:50:00,0.5125523012552301,0.31474103585657365,0.03261355174981384,-0.021246206034636783,0.5904778107864052,0.00155902004454343,0.5,-0.11516448242842514,0.36096687710304826,0.24102165516018717,0.23841947542587807,0.07635744121377404,0.5584969144650482
2021-03-08 00:00:00,0.5310320781032078,0.1673306772908365,0.026061057334326065,-0.027138011069451906,0.5904778107864052,0.0008351893095768374,0.5,-0.13279982843170768,0.3634811943437934,0.25370446247487655,0.3751574171283567,0.1123326104600644,0.5888204052687961
2021-03-08 00:10:00,0.5495118549511855,0.019920318725099362,0.01950856291883829,-0.03302981610426714,0.5904778107864052,0.00011135857461024499,0.5,-0.13279982843170768,0.3634811943437934,0.25370446247487655,0.3751574171283567,0.1123326104600644,0.619143896072544
2021-03-08 00:20:00,0.5662482566248256,0.003984063745019917,0.015040953090096565,-0.038386002499553595,0.5904778107864052,0.00011135857461024499,0.5,-0.13279982843170768,0.3634811943437934,0.25370446247487655,0.3751574171283567,0.1123326104600644,0.6492448360668105
2021-03-08 00:30:00,0.5822873082287308,-0.003984063745020028,0.010871183916604465,-0.039814318871630006,0.5904778107864052,0.00011135857461024499,0.5,-0.13279982843170768,0.3634811943437934,0.25370446247487655,0.3751574171283567,0.1123326104600644,0.6962671816769015
2021-03-08 00:40:00,0.6185495118549511,-0.043824701195219196,0.007594936708860578,-0.041956793429744677,0.5904778107864052,0.00011135857461024499,0.5,-0.13279982843170768,0.3634811943437934,0.25370446247487655,0.3751574171283567,0.1123326104600644,0.7842237880411003
2021-03-08 00:50:00,0.6150627615062761,-0.17131474103585675,0.0040208488458675085,-0.041956793429744677,0.5904778107864052,0.00011135857461024499,0.5,-0.13279982843170768,0.3634811943437934,0.25370446247487655,0.3751574171283567,0.1123326104600644,0.7842690526125201
2021-03-08 01:00:00,0.5760111576011158,-0.26693227091633476,-0.0016381236038721658,-0.041956793429744677,0.5904778107864052,0.00011135857461024499,0.5,-0.21644110528136162,0.3556595125960121,0.3115916859138803,0.467368163258575,0.13062727117568912,0.679013835870664
2021-03-08 01:10:00,0.5739191073919108,-0.2828685258964144,-0.005807892777364376,-0.03910016068559197,0.5904778107864052,0.00011135857461024499,0.5,-0.21644110528136162,0.3556595125960121,0.3115916859138803,0.467368163258575,0.13062727117568912,0.6858035215836564
2021-03-08 01:20:00,0.5753138075313807,-0.4661354581673308,-0.009977661950856476,-0.041956793429744677,0.5904778107864052,0.00022271714922048998,0.5,-0.21644110528136162,0.3556595125960121,0.3115916859138803,0.467368163258575,0.13062727117568912,0.7034793367231468
2021-03-08 01:30:00,0.5878661087866108,-0.36254980079681276,-0.013253909158600363,-0.041956793429744677,0.5904778107864052,0.0020044543429844097,0.5,-0.21644110528136162,0.3556595125960121,0.3115916859138803,0.467368163258575,0.13062727117568912,0.7178206617680342
2021-03-08 01:40:00,0.6136680613668062,-0.07569721115537853,-0.01801935964259138,-0.0448134261738975,0.5904778107864052,0.006347438752783964,0.5,-0.21644110528136162,0.3556595125960121,0.3115916859138803,0.467368163258575,0.13062727117568912,0.7542737299515669
2021-03-08 01:50:00,0.6380753138075315,-0.059760956175298974,-0.01861504095309008,-0.04909837529012662,0.5904778107864052,0.011469933184855235,0.5,-0.21644110528136162,0.3556595125960121,0.3115916859138803,0.467368163258575,0.13062727117568912,0.8064939571797154
2021-03-08 02:00:00,0.6387726638772664,-0.13147410358565736,-0.018912881608339704,-0.04909837529012662,0.5904778107864052,0.005233853006681514,0.5,-0.22849657947390845,0.3486855149465384,0.35579541178891994,0.5825910456247487,0.1491283768158728,0.8261236929855003
2021-03-08 02:10:00,0.6317991631799164,-0.10756972111553798,-0.023678332092330612,-0.05052669166220303,0.5904778107864052,0.04075723830734967,0.5,-0.22849657947390845,0.3486855149465384,0.35579541178891994,0.5825910456247487,0.1491283768158728,0.6757396985379543
2021-03-08 02:20:00,0.6687587168758717,-0.003984063745020028,-0.02338049143708132,-0.05052669166220303,0.5904778107864052,0.027060133630289536,0.5,-0.22849657947390845,0.3486855149465384,0.35579541178891994,0.5825910456247487,0.1491283768158728,0.8138569941306939
2021-03-08 02:30:00,0.6443514644351465,0.07569721115537842,-0.02010424422933743,-0.0526691662203177,0.5904778107864052,0.002561247216035635,0.5,-0.22849657947390845,0.3486855149465384,0.35579541178891994,0.5825910456247487,0.1491283768158728,0.8655265024065664
2021-03-08 02:40:00,0.592747559274756,0.2828685258964143,-0.023976172747580238,-0.0526691662203177,0.5904778107864052,0.00033407572383073496,0.5,-0.22849657947390845,0.3486855149465384,0.35579541178891994,0.5825910456247487,0.1491283768158728,0.7666686784253964
2021-03-08 02:50:00,0.598326359832636,0.11553784860557759,-0.0269545793000745,-0.0526691662203177,0.5904778107864052,0.00044543429844097997,0.5,-0.22849657947390845,0.3486855149465384,0.35579541178891994,0.5825910456247487,0.1491283768158728,0.7684868053774311
2021-03-08 03:00:00,0.6429567642956765,-0.09960159362549814,-0.027550260610573418,-0.0526691662203177,0.5904778107864052,0.0026726057906458797,0.5,-0.25459743988355765,0.34113106920263275,0.3833535158011032,0.6542195994392945,0.16276511291046172,0.8428715844108816
2021-03-08 03:10:00,0.6659693165969317,-0.1872509960159363,-0.027550260610573418,-0.0526691662203177,0.5904778107864052,0.004899777282850779,0.5,-0.25459743988355765,0.34113106920263275,0.3833535158011032,0.6542195994392945,0.16276511291046172,0.9099913997314303
2021-03-08 03:20:00,0.6743375174337517,-0.05179282868525903,-0.027550260610573418,-0.0526691662203177,0.5904778107864052,0.000779510022271715,0.5,-0.25459743988355765,0.34113106920263275,0.3833535158011032,0.6542195994392945,0.16276511291046172,0.9397075908686271
2021-03-08 03:30:00,0.6680613668061367,0.019920318725099362,-0.02635889798957569,-0.050883770755222324,0.5904778107864052,0.0032293986636971047,0.5,-0.25459743988355765,0.34113106920263275,0.3833535158011032,0.6542195994392945,0.16276511291046172,0.9268298202996514
2021-03-08 03:40:00,0.6269177126917713,0.24302788844621515,-0.02635889798957569,-0.04909837529012662,0.5904778107864052,0.00044543429844097997,0.5,-0.25459743988355765,0.34113106920263275,0.3833535158011032,0.6542195994392945,0.16276511291046172,0.8518339695520317
2021-03-08 03:50:00,0.6094839609483961,0.4501992031872508,-0.028145941921072448,-0.04909837529012662,0.5904778107864052,0.00044543429844097997,0.5,-0.25459743988355765,0.34113106920263275,0.3833535158011032,0.6542195994392945,0.16276511291046172,0.8032650844184257
2021-03-08 04:00:00,0.5690376569037657,0.5219123505976095,-0.03320923306031276,-0.04909837529012662,0.5906086819960477,0.00022271714922048998,0.5,-0.3097316310361171,0.3278066245793895,0.4126758579007165,0.6702668487358424,0.17242457020201424,0.7073268252938425
2021-03-08 04:10:00,0.5529986052998606,-0.17928286852589637,-0.037081161578555566,-0.04767005891805021,0.6016672992108466,0.0023385300668151447,0.5,-0.3097316310361171,0.3278066245793895,0.4126758579007165,0.6702668487358424,0.17242457020201424,0.6554234500656336
2021-03-08 04:20:00,0.5753138075313807,-0.3466135458167332,-0.041846612062546584,-0.041956793429744677,0.6016803863318109,0.014142538975501114,0.5,-0.3097316310361171,0.3278066245793895,0.4126758579007165,0.6702668487358424,0.17242457020201424,0.6565776966368424
2021-03-08 04:30:00,0.5648535564853556,-0.21912350597609564,-0.04422933730454226,-0.04302803070880201,0.6016803863318109,0.017928730512249445,0.5,-0.3097316310361171,0.3278066245793895,0.4126758579007165,0.6702668487358424,0.17242457020201424,0.6613983734930671
2021-03-08 04:40:00,0.598326359832636,-0.0916334661354582,-0.04571854058078939,-0.05159792894126036,0.6016803863318109,0.015256124721603564,0.5,-0.3097316310361171,0.3278066245793895,0.4126758579007165,0.6702668487358424,0.17242457020201424,0.7230109992908551
2021-03-08 04:50:00,0.5704323570432357,-0.17928286852589637,-0.050781831720029924,-0.05302624531333677,0.6016803863318109,0.00022271714922048998,0.5,-0.3097316310361171,0.3278066245793895,0.4126758579007165,0.6702668487358424,0.17242457020201424,0.687402869773828
2021-03-08 05:00:00,0.5843793584379359,-0.3784860557768924,-0.05405807892777381,-0.059453668987680564,0.6016803863318109,0.00022271714922048998,0.5,-0.3107881568515751,0.31612582505524367,0.41109030091342946,0.6698466770543424,0.17562358873536135,0.7178357499585075
2021-03-08 05:10:00,0.5913528591352859,-0.4103585657370519,-0.05882352941176483,-0.061596143545795345,0.6016803863318109,0.0006681514476614699,0.5,-0.3107881568515751,0.31612582505524367,0.41109030091342946,0.6698466770543424,0.17562358873536135,0.7395853765257933
2021-03-08 05:20:00,0.6052998605299861,-0.3545816733067729,-0.06031273268801207,-0.06552401356900539,0.6016803863318109,0.0008908685968819599,0.5,-0.3107881568515751,0.31612582505524367,0.41109030091342946,0.6698466770543424,0.17562358873536135,0.7689847156630506
2021-03-08 05:30:00,0.596234309623431,-0.29083665338645437,-0.06239761727475812,-0.07266559542938766,0.6016803863318109,0.00044543429844097997,0.5,-0.3107881568515751,0.31612582505524367,0.41109030091342946,0.6698466770543424,0.17562358873536135,0.7624967937595245
2021-03-08 05:40:00,0.602510460251046,-0.4103585657370519,-0.06329113924050644,-0.07052312087127288,0.6016803863318109,0.00011135857461024499,0.5,-0.3107881568515751,0.31612582505524367,0.41109030091342946,0.6698466770543424,0.17562358873536135,0.8204279010818233
2021-03-08 05:50:00,0.6122733612273361,-0.3466135458167332,-0.06329113924050644,-0.07123727905731125,0.6016803863318109,0.00033407572383073496,0.5,-0.3107881568515751,0.31612582505524367,0.41109030091342946,0.6698466770543424,0.17562358873536135,0.8111260316550237
2021-03-08 06:00:00,0.6297071129707112,-0.3944223107569722,-0.06329113924050644,-0.07766470273165504,0.6016803863318109,0.00022271714922048998,0.5,-0.36631117832129234,0.32227800015517083,0.47350948068728693,0.661768441388487,0.17957816262583878,0.8596571963124463
2021-03-08 06:10:00,0.6345885634588563,-0.3944223107569722,-0.06567386448250201,-0.07766470273165504,0.5996780568242792,0.00033407572383073496,0.5,-0.36631117832129234,0.32227800015517083,0.47350948068728693,0.661768441388487,0.17957816262583878,0.8750999592618858
2021-03-08 06:20:00,0.612970711297071,0.3306772908366533,-0.06746090841399865,-0.08016425638278879,0.5917603486409024,0.00011135857461024499,0.5,-0.36631117832129234,0.32227800015517083,0.47350948068728693,0.661768441388487,0.17957816262583878,0.8382168776498634
2021-03-08 06:30:00,0.5857740585774059,0.3705179282868525,-0.0695457930007447,-0.08123549366184613,0.5917603486409024,0.00011135857461024499,0.5,-0.36631117832129234,0.32227800015517083,0.47350948068728693,0.661768441388487,0.17957816262583878,0.7507129169998642
2021-03-08 06:40:00,0.5788005578800558,0.41035856573705165,-0.07222635889798967,-0.08230673094090324,0.5934093258823993,0.00011135857461024499,0.5,-0.36631117832129234,0.32227800015517083,0.47350948068728693,0.661768441388487,0.17957816262583878,0.729921390527634
2021-03-08 06:50:00,0.5899581589958159,-0.3705179282868527,-0.07222635889798967,-0.08194965184788428,0.6029105757024513,0.00011135857461024499,0.5,-0.36631117832129234,0.32227800015517083,0.47350948068728693,0.661768441388487,0.17957816262583878,0.7345157445267589
2021-03-08 07:00:00,0.5711297071129707,-0.45019920318725104,-0.07311988086373811,-0.07873594001071249,0.6029105757024513,0.00011135857461024499,0.5,-0.3599587155458418,0.337427120718838,0.4606463436888479,0.6700027214485907,0.18814452967892206,0.6835478371078957
2021-03-08 07:10:00,0.5718270571827057,-0.3705179282868527,-0.07669396872673129,-0.07766470273165504,0.5999005378806715,0.00011135857461024499,0.5,-0.3599587155458418,0.337427120718838,0.4606463436888479,0.6700027214485907,0.18814452967892206,0.704158305294446
2021-03-08 07:20:00,0.5523012552301255,0.40239043824701204,-0.07818317200297853,-0.08409212640599895,0.5937365039065057,0.00011135857461024499,0.5,-0.3599587155458418,0.337427120718838,0.4606463436888479,0.6700027214485907,0.18814452967892206,0.6747061574905322
2021-03-08 07:30:00,0.5843793584379359,-0.36254980079681276,-0.0808637379002235,-0.08837707552222807,0.6028713143395584,0.00011135857461024499,0.5,-0.3599587155458418,0.337427120718838,0.4606463436888479,0.6700027214485907,0.18814452967892206,0.7417957964301342
2021-03-08 07:40:00,0.6164574616457461,-0.2509960159362551,-0.08116157855547301,-0.0894483128012854,0.6028844014605227,0.00033407572383073496,0.5,-0.3599587155458418,0.337427120718838,0.4606463436888479,0.6700027214485907,0.18814452967892206,0.7898894035638306
2021-03-08 07:50:00,0.5899581589958159,-0.2509960159362551,-0.08413998510796727,-0.09194786645241915,0.6028844014605227,0.00022271714922048998,0.5,-0.3599587155458418,0.337427120718838,0.4606463436888479,0.6700027214485907,0.18814452967892206,0.7336632617650165
2021-03-08 08:00:00,0.5850767085076709,-0.1633466135458168,-0.08711839166046176,-0.09194786645241915,0.6028844014605227,0.00011135857461024499,0.5,-0.34718871811736485,0.3458407445827255,0.44107575406531213,0.6817496548476555,0.1938895444505934,0.7174585451966746
2021-03-08 08:10:00,0.6087866108786611,-0.12350597609561753,-0.08771407297096068,-0.09623281556864838,0.6028844014605227,0.00011135857461024499,0.5,-0.34718871811736485,0.3458407445827255,0.44107575406531213,0.6817496548476555,0.1938895444505934,0.759924257283824
2021-03-08 08:20:00,0.5934449093444909,-0.1394422310756973,-0.08711839166046176,-0.09908944831280142,0.6028844014605227,0.00033407572383073496,0.5,-0.34718871811736485,0.3458407445827255,0.44107575406531213,0.6817496548476555,0.1938895444505934,0.7277411470042398
2021-03-08 08:30:00,0.5404463040446305,-0.23505976095617542,-0.08652271034996295,-0.09551865738261023,0.6028844014605227,0.00623608017817372,0.5,-0.34718871811736485,0.3458407445827255,0.44107575406531213,0.6817496548476555,0.1938895444505934,0.5976658569337779
2021-03-08 08:40:00,0.5174337517433751,-0.20318725099601598,-0.08413998510796727,-0.09194786645241915,0.6028844014605227,0.01915367483296214,0.5,-0.34718871811736485,0.3458407445827255,0.44107575406531213,0.6817496548476555,0.1938895444505934,0.5117612444739502
2021-03-08 08:50:00,0.5216178521617852,-0.23505976095617542,-0.08175725986597182,-0.09194786645241915,0.6028844014605227,0.014810690423162584,0.5,-0.34718871811736485,0.3458407445827255,0.44107575406531213,0.6817496548476555,0.1938895444505934,0.5233489747574573
2021-03-08 09:00:00,0.5188284518828452,-0.33067729083665354,-0.08116157855547301,-0.09194786645241915,0.6028844014605227,0.006570155902004454,0.5,-0.3200221597926506,0.3655846003097632,0.40350529455306705,0.7141376091182082,0.20157359126581562,0.5348989845647811
2021-03-08 09:10:00,0.4951185495118549,-0.50597609561753,-0.07818317200297853,-0.09194786645241915,0.6028844014605227,0.038530066815144766,0.5,-0.3200221597926506,0.3655846003097632,0.40350529455306705,0.7141376091182082,0.20157359126581562,0.4213301748721276
2021-03-08 09:20:00,0.5432357043235705,-0.10756972111553798,-0.07550260610573356,-0.09551865738261023,0.595830443260787,0.05902004454342984,0.5,-0.3200221597926506,0.3655846003097632,0.40350529455306705,0.7141376091182082,0.20157359126581562,0.4374896268690496
2021-03-08 09:30:00,0.5397489539748954,0.38645418326693215,-0.07073715562174243,-0.10765934654525966,0.5916163903102957,0.027616926503340758,0.5,-0.3200221597926506,0.3655846003097632,0.40350529455306705,0.7141376091182082,0.20157359126581562,0.5557508637989046
2021-03-08 09:40:00,0.4916317991631799,0.09163346613545809,-0.06388682055100525,-0.10980182110337433,0.5989451780502807,0.00044543429844097997,0.5,-0.3200221597926506,0.3655846003097632,0.40350529455306705,0.7141376091182082,0.20157359126581562,0.5356458499932103
2021-03-08 09:50:00,0.5690376569037657,-0.17131474103585675,-0.059121370067014345,-0.10408855561506858,0.6028320529766656,0.00044543429844097997,0.5,-0.3200221597926506,0.3655846003097632,0.40350529455306705,0.7141376091182082,0.20157359126581562,0.68559228691703
2021-03-08 10:00:00,0.5313807531380753,0.2350597609561753,-0.050781831720029924,-0.1008748437778968,0.6041407650730916,0.00033407572383073496,0.5,-0.044270823084206934,0.37841192849569033,0.2374770735916309,0.7234274038381316,0.21683509101427587,0.5924227107443004
2021-03-08 10:10:00,0.5481171548117155,-0.21912350597609564,-0.04214445271779621,-0.09230494554543822,0.6141131512478569,0.000779510022271715,0.5,-0.044270823084206934,0.37841192849569033,0.2374770735916309,0.7234274038381316,0.21683509101427587,0.6513873591140216
2021-03-08 10:20:00,0.5829846582984658,0.13147410358565725,-0.03231571109456466,-0.08373504731297987,0.6141131512478569,0.00913140311804009,0.5,-0.044270823084206934,0.37841192849569033,0.2374770735916309,0.7234274038381316,0.21683509101427587,0.7169380026253452
2021-03-08 10:30:00,0.6464435146443515,0.03585657370517925,-0.021891288160834188,-0.07945009819675053,0.6175681511824214,0.016146993318485525,0.5,-0.044270823084206934,0.37841192849569033,0.2374770735916309,0.7234274038381316,0.21683509101427587,0.8241848605096791
2021-03-08 10:40:00,0.5934449093444909,-0.23505976095617542,-0.01236038719285204,-0.07016604177825392,0.6240855374226224,0.33129175946547884,0.5,-0.044270823084206934,0.37841192849569033,0.2374770735916309,0.7234274038381316,0.21683509101427587,0.4800307799085655
2021-03-08 10:50:00,0.705020920502092,-0.1394422310756973,0.012062546537602303,-0.04588466345295483,0.6240855374226224,0.8332962138084633,0.5,-0.044270823084206934,0.37841192849569033,0.2374770735916309,0.7234274038381316,0.21683509101427587,0.03388053170783228
2021-03-08 11:00:00,0.6429567642956765,-0.2270916334661356,0.03469843633655967,-0.028387787895018723,0.6240855374226224,0.9989977728285078,0.5,-0.03729242287848511,0.38477961650196707,0.21826435342487538,0.8330363857029807,0.24206535531915083,0.0
2021-03-08 11:10:00,0.6980474198047419,0.08366533864541825,0.06329113924050622,-0.016604177825388367,0.6240855374226224,0.9989977728285078,0.5,-0.03729242287848511,0.38477961650196707,0.21826435342487538,0.8330363857029807,0.24206535531915083,0.0
2021-03-08 11:20:00,0.697350069735007,0.5059760956175297,0.06418466120625443,-0.019103731476522,0.6240855374226224,0.9989977728285078,0.5,-0.03729242287848511,0.38477961650196707,0.21826435342487538,0.8330363857029807,0.24206535531915083,0.0
2021-03-08 11:30:00,0.6443514644351465,-0.13147410358565736,0.07252419955323886,-0.02053204784859841,0.6240855374226224,0.9857461024498886,0.5,-0.03729242287848511,0.38477961650196707,0.21826435342487538,0.8330363857029807,0.24206535531915083,0.0
2021-03-08 11:40:00,0.6108786610878661,-0.1394422310756973,0.07728965003722998,-0.013033386895197285,0.6325267304445695,0.07371937639198219,0.5,-0.03729242287848511,0.38477961650196707,0.21826435342487538,0.8330363857029807,0.24206535531915083,0.4764850551473362
2021-03-08 11:50:00,0.6422594142259415,0.05179282868525892,0.05256887565152635,-0.027673629708980574,0.6271871850911518,0.015256124721603564,0.5,-0.03729242287848511,0.38477961650196707,0.21826435342487538,0.8330363857029807,0.24206535531915083,0.803657377370732
2021-03-08 12:00:00,0.5801952580195259,-0.10756972111553798,0.05137751303052851,-0.03231565791822877,0.6305898365418592,0.00022271714922048998,0.5,-0.0305745770077811,0.3740010976790713,0.20698093996403805,0.834861182952985,0.2589392170209265,0.7021138554853116
2021-03-08 12:10:00,0.5920502092050209,-0.14741035856573714,0.05733432613551748,-0.025531155150865903,0.6203426208268443,0.00011135857461024499,0.5,-0.0305745770077811,0.3740010976790713,0.20698093996403805,0.834861182952985,0.2589392170209265,0.7402039923351992
2021-03-08 12:20:00,0.6338912133891214,0.03585657370517925,0.06507818317200287,-0.018032494197464666,0.6325136433236053,0.0006681514476614699,0.5,-0.0305745770077811,0.3740010976790713,0.20698093996403805,0.834861182952985,0.2589392170209265,0.8388807580306894
2021-03-08 12:30:00,0.6541143654114366,-0.14741035856573714,0.07103499627699161,-0.004106409569719638,0.6349347607019931,0.0010022271714922048,0.5,-0.0305745770077811,0.3740010976790713,0.20698093996403805,0.834861182952985,0.2589392170209265,0.8765107050711408
2021-03-08 12:40:00,0.6234309623430963,-0.20318725099601598,0.07937453462397603,0.0048205677557580096,0.6301579615500386,0.0014476614699331849,0.5,-0.0305745770077811,0.3740010976790713,0.20698093996403805,0.834861182952985,0.2589392170209265,0.7935633779440833
2021-03-08 12:50:00,0.6178521617852162,0.1394422310756971,0.0892032762472077,0.01624709873236929,0.635379722814778,0.00033407572383073496,0.5,-0.0305745770077811,0.3740010976790713,0.20698093996403805,0.834861182952985,0.2589392170209265,0.7737148633764352
2021-03-08 13:00:00,0.5397489539748954,-0.08366533864541836,0.09843633655994011,0.0337439742903054,0.6335998743636387,0.00011135857461024499,0.5,0.1637869831563561,0.37029427568985596,0.11785965151225207,0.8043440165369289,0.2706522704375849,0.6092837635982317
2021-03-08 13:10:00,0.6122733612273361,-0.06772908366533881,0.11064780342516745,0.05124084984824129,0.6356676394759917,0.00022271714922048998,0.5,0.1637869831563561,0.37029427568985596,0.11785965151225207,0.8043440165369289,0.2706522704375849,0.765974621663624
2021-03-08 13:20:00,0.6004184100418409,-0.03585657370517936,0.11898734177215187,0.053026245313336995,0.6284828100666134,0.00011135857461024499,0.5,0.1637869831563561,0.37029427568985596,0.11785965151225207,0.8043440165369289,0.2706522704375849,0.7469559575720084
2021-03-08 13:30:00,0.5209205020920502,0.043824701195219085,0.1291139240506327,0.06338153901089094,0.632147203936606,0.00022271714922048998,0.5,0.1637869831563561,0.37029427568985596,0.11785965151225207,0.8043440165369289,0.2706522704375849,0.573049474176562
2021-03-08 13:40:00,0.5857740585774059,-0.02788844621513953,0.13685778108711832,0.07230851633636859,0.6286922040020415,0.00022271714922048998,0.5,0.1637869831563561,0.37029427568985596,0.11785965151225207,0.8043440165369289,0.2706522704375849,0.7048372738657452
2021-03-08 13:50:00,0.5620641562064157,-0.06772908366533881,0.14489947877885312,0.08194965184788416,0.639528340160448,0.00011135857461024499,0.5,0.1637869831563561,0.37029427568985596,0.11785965151225207,0.8043440165369289,0.2706522704375849,0.632632738355689
2021-03-08 14:00:00,0.5683403068340307,-0.17131474103585675,0.15264333581533873,0.08801999642920899,0.6473282642551464,0.00022271714922048998,0.5,0.16935668227480072,0.3577284364969673,0.11079432943037504,0.735434233424998,0.27941539413372823,0.6454048915913515
2021-03-08 14:10:00,0.5564853556485356,0.05179282868525892,0.1594936708860759,0.09123370826638122,0.6408894007407311,0.000556792873051225,0.5,0.16935668227480072,0.3577284364969673,0.11079432943037504,0.735434233424998,0.27941539413372823,0.6135688096926535
2021-03-08 14:20:00,0.5550906555090656,-0.05179282868525903,0.1678332092330601,0.10730226745224059,0.6476030937953959,0.000556792873051225,0.5,0.16935668227480072,0.3577284364969673,0.11079432943037504,0.735434233424998,0.27941539413372823,0.6111848755978695
2021-03-08 14:30:00,0.5411436541143654,-0.02788844621513953,0.17438570364854789,0.10980182110337444,0.6493829422465353,0.00033407572383073496,0.5,0.16935668227480072,0.3577284364969673,0.11079432943037504,0.735434233424998,0.27941539413372823,0.6094421895982015
2021-03-08 14:40:00,0.49302649930264997,0.03585657370517925,0.18004467609828723,0.11194429566148911,0.6474591354647891,0.00033407572383073496,0.5,0.16935668227480072,0.3577284364969673,0.11079432943037504,0.735434233424998,0.27941539413372823,0.4802948232418486
2021-03-08 14:50:00,0.5306834030683404,0.11553784860557759,0.1874906924795232,0.1283699339403679,0.6524191543102432,0.02071269487750557,0.5,0.16935668227480072,0.3577284364969673,0.11079432943037504,0.735434233424998,0.27941539413372823,0.5192600751391885
2021-03-08 15:00:00,0.49790794979079495,-0.17928286852589637,0.19225614296351434,0.135868594893769,0.6507309157058538,0.00011135857461024499,0.5,0.16314370211955542,0.3443810038303838,0.11094840859054093,0.6471675048389994,0.2884432838971602,0.5090378260935167
2021-03-08 15:10:00,0.4721059972105997,0.019920318725099362,0.1973194341027551,0.13658275307980716,0.6570519951315911,0.00011135857461024499,0.5,0.16314370211955542,0.3443810038303838,0.11094840859054093,0.6471675048389994,0.2884432838971602,0.4547806931514704
2021-03-08 15:20:00,0.49372384937238495,-0.4103585657370519,0.1973194341027551,0.1412247812890557,0.6553244951643088,0.00011135857461024499,0.5,0.16314370211955542,0.3443810038303838,0.11094840859054093,0.6471675048389994,0.2884432838971602,0.46743968495858296
2021-03-08 15:30:00,0.4302649930264993,0.12350597609561742,0.19642591213700666,0.14622388859132296,0.6450249309654369,0.00011135857461024499,0.5,0.16314370211955542,0.3443810038303838,0.11094840859054093,0.6471675048389994,0.2884432838971602,0.35155483802827525
2021-03-08 15:40:00,0.44142259414225943,0.019920318725099362,0.19583023082650763,0.15443670773076223,0.6643676957506118,0.00011135857461024499,0.5,0.16314370211955542,0.3443810038303838,0.11094840859054093,0.6471675048389994,0.2884432838971602,0.3598533427885994
2021-03-08 15:50:00,0.4476987447698745,-0.33067729083665354,0.19970215934475055,0.14443849312622747,0.6547224875999529,0.00011135857461024499,0.5,0.16314370211955542,0.3443810038303838,0.11094840859054093,0.6471675048389994,0.2884432838971602,0.3802525763085233
2021-03-08 16:00:00,0.3856345885634589,0.1633466135458166,0.20178704393149638,0.14515265131226562,0.6579942678410176,0.00011135857461024499,0.5,0.2247117375858967,0.329887042502019,0.08555476803984803,0.5270350011321002,0.2977705592315634,0.29683751527679286
2021-03-08 16:10:00,0.36750348675034866,-0.059760956175298974,0.1982129560685031,0.14336725584717036,0.6536624308018479,0.00011135857461024499,0.5,0.2247117375858967,0.329887042502019,0.08555476803984803,0.5270350011321002,0.2977705592315634,0.2588228193792718
2021-03-08 16:20:00,0.3814504881450488,0.10756972111553775,0.19166046165301553,0.1312265666845207,0.6558872413657719,0.00011135857461024499,0.5,0.2247117375858967,0.329887042502019,0.08555476803984803,0.5270350011321002,0.2977705592315634,0.2666988548063431
2021-03-08 16:30:00,0.36262203626220363,0.019920318725099362,0.1874906924795232,0.12908409212640604,0.6593815026632291,0.00011135857461024499,0.5,0.2247117375858967,0.329887042502019,0.08555476803984803,0.5270350011321002,0.2977705592315634,0.24150157671590447
2021-03-08 16:40:00,0.36750348675034866,0.027888446215139417,0.1868950111690244,0.12122835207998572,0.6566593815026632,0.00011135857461024499,0.5,0.2247117375858967,0.329887042502019,0.08555476803984803,0.5270350011321002,0.2977705592315634,0.25124854776166694
2021-03-08 16:50:00,0.4191073919107392,-0.08366533864541836,0.1868950111690244,0.11301553294054645,0.6592637185745508,0.00011135857461024499,0.5,0.2247117375858967,0.329887042502019,0.08555476803984803,0.5270350011321002,0.2977705592315634,0.32795690812800826
2021-03-08 17:00:00,0.3814504881450488,-0.0916334661354582,0.1871928518242738,0.10801642563827896,0.6562536807527712,0.00011135857461024499,0.5,0.2170086080988638,0.33342145416615304,0.08628382243638592,0.4076950781847934,0.3091648716325167,0.2642243915687192
2021-03-08 17:10:00,0.4065550906555091,0.13147410358565725,0.19374534623976158,0.10444563470808776,0.6572221277041265,0.00011135857461024499,0.5,0.2170086080988638,0.33342145416615304,0.08628382243638592,0.4076950781847934,0.3091648716325167,0.3031368347994025
2021-03-08 17:20:00,0.34797768479776847,0.019920318725099362,0.20059568131049876,0.10694518835922162,0.6455615029249715,0.00011135857461024499,0.5,0.2170086080988638,0.33342145416615304,0.08628382243638592,0.4076950781847934,0.3091648716325167,0.22145691567210346
2021-03-08 17:30:00,0.3821478382147839,-0.003984063745020028,0.2056589724497393,0.10908766291733629,0.6514114459959953,0.00011135857461024499,0.5,0.2170086080988638,0.33342145416615304,0.08628382243638592,0.4076950781847934,0.3091648716325167,0.2673778233776423
2021-03-08 17:40:00,0.3235704323570432,-0.21115537848605592,0.21072226358897983,0.10515979289412614,0.6625485859365798,0.00011135857461024499,0.5,0.2170086080988638,0.33342145416615304,0.08628382243638592,0.4076950781847934,0.3091648716325167,0.19125035834452375
2021-03-08 17:50:00,0.28451882845188287,0.10756972111553775,0.21459419210722253,0.11087305838243178,0.6558218057609506,0.00011135857461024499,0.5,0.2170086080988638,0.33342145416615304,0.08628382243638592,0.4076950781847934,0.3091648716325167,0.1490864100668407
2021-03-08 18:00:00,0.30613668061366806,-0.4103585657370519,0.21667907669396835,0.10658810926620266,0.6561489837850571,0.00011135857461024499,0.5,0.11118419143606051,0.3488205697011844,0.10976662777277496,0.2310879655272843,0.3545536954705606,0.17084358072936315
2021-03-08 18:10:00,0.36401673640167365,0.09163346613545809,0.2175725986597168,0.10123192287091598,0.655690934551308,0.00011135857461024499,0.5,0.11118419143606051,0.3488205697011844,0.10976662777277496,0.2310879655272843,0.3545536954705606,0.23820480709748482
2021-03-08 18:20:00,0.32566248256624825,0.33864541832669315,0.21608339538346977,0.09301910373147648,0.6538979989792045,0.00011135857461024499,0.5,0.11118419143606051,0.3488205697011844,0.10976662777277496,0.2310879655272843,0.3545536954705606,0.19249513405857235
2021-03-08 18:30:00,0.298465829846583,0.3306772908366533,0.21102010424422923,0.08587752187109432,0.6567771655913416,0.00011135857461024499,0.5,0.11118419143606051,0.3488205697011844,0.10976662777277496,0.2310879655272843,0.3545536954705606,0.15606469816074958
2021-03-08 18:40:00,0.30404463040446306,-0.14741035856573714,0.2101265822784808,0.0830208891269415,0.6605593435500124,0.00011135857461024499,0.5,0.11118419143606051,0.3488205697011844,0.10976662777277496,0.2310879655272843,0.3545536954705606,0.15472184920862442
2021-03-08 18:50:00,0.2670850767085077,0.3705179282868525,0.20416976917349206,0.07945009819675053,0.6672861237256416,0.00011135857461024499,0.5,0.11118419143606051,0.3488205697011844,0.10976662777277496,0.2310879655272843,0.3545536954705606,0.12998476092762196
2021-03-08 19:00:00,0.2698744769874477,0.29083665338645415,0.1943410275502604,0.07195143724334963,0.682362487076468,0.00011135857461024499,0.5,0.12369973814489432,0.35687213188240613,0.10356427580195032,0.15695199708478982,0.3895818103307903,0.12680869683298882
2021-03-08 19:10:00,0.2622036262203626,-0.4183266932270917,0.18212956068503328,0.06409569719692909,0.6952271269843348,0.00011135857461024499,0.5,0.12369973814489432,0.35687213188240613,0.10356427580195032,0.15695199708478982,0.3895818103307903,0.1105059070265703
2021-03-08 19:20:00,0.2482566248256625,0.31474103585657365,0.17259865971705124,0.05623995715050878,0.6817212181492193,0.00011135857461024499,0.5,0.12369973814489432,0.35687213188240613,0.10356427580195032,0.15695199708478982,0.3895818103307903,0.10690737359868432
2021-03-08 19:30:00,0.18200836820083682,0.11553784860557759,0.16545048399106466,0.04874129619710765,0.6902540210179163,0.00011135857461024499,0.5,0.12369973814489432,0.35687213188240613,0.10356427580195032,0.15695199708478982,0.3895818103307903,0.05917588303634745
2021-03-08 19:40:00,0.16596931659693165,0.2828685258964143,0.15889798957557688,0.0448134261738975,0.6955804792503697,0.00011135857461024499,0.5,0.12369973814489432,0.35687213188240613,0.10356427580195032,0.15695199708478982,0.3895818103307903,0.05304253360894428
2021-03-08 19:50:00,0.16875871687587168,0.17131474103585642,0.15413253909158597,0.04088555615068734,0.6955804792503697,0.00011135857461024499,0.5,0.12369973814489432,0.35687213188240613,0.10356427580195032,0.15695199708478982,0.3895818103307903,0.05049262941895379
2021-03-08 20:00:00,0.12133891213389121,-0.08366533864541836,0.14698436336559917,0.04017139796464919,0.6955804792503697,0.00011135857461024499,0.5,0.11045949550783907,0.37132011712408197,0.11903699383569226,0.1248029462393826,0.4443352004673207,0.014710985711483621
2021-03-08 20:10:00,0.09762900976290097,0.027888446215139417,0.14519731943410275,0.0433851098018212,0.6955804792503697,0.00011135857461024499,0.5,0.11045949550783907,0.37132011712408197,0.11903699383569226,0.1248029462393826,0.4443352004673207,0.0010938938093154487
2021-03-08 20:20:00,0.09832635983263598,0.49003984063745,0.14966492926284403,0.057311194429566115,0.6955804792503697,0.000556792873051225,0.5,0.11045949550783907,0.37132011712408197,0.11903699383569226,0.1248029462393826,0.4443352004673207,0.0
2021-03-08 20:30:00,0.10739191073919108,0.043824701195219085,0.17259865971705124,0.08694875915015166,0.6955804792503697,0.6380846325167038,0.5,0.11045949550783907,0.37132011712408197,0.11903699383569226,0.1248029462393826,0.4443352004673207,0.0
2021-03-08 20:40:00,0.10390516039051603,-0.40239043824701204,0.17379002233804886,0.0973040528477056,0.6955804792503697,0.9996659242761693,0.5,0.11045949550783907,0.37132011712408197,0.11903699383569226,0.1248029462393826,0.4443352004673207,0.0
2021-03-08 20:50:00,0.11227336122733612,-0.5219123505976095,0.17498138495904692,0.09623281556864849,0.6955804792503697,0.9996659242761693,0.5,0.11045949550783907,0.37132011712408197,0.11903699383569226,0.1248029462393826,0.4443352004673207,0.0
2021-03-08 21:00:00,0.1415620641562064,-0.08366533864541836,0.17706626954579274,0.09337618282449567,0.6955804792503697,0.9996659242761693,0.5,0.13483103158103993,0.3937736884602906,0.09154419909715952,0.14596268362998963,0.6051060295644565,0.0
2021-03-08 21:10:00,0.12133891213389121,0.3306772908366533,0.17408786299329848,0.09230494554543855,0.6955804792503697,0.9996659242761693,0.5,0.13483103158103993,0.3937736884602906,0.09154419909715952,0.14596268362998963,0.6051060295644565,0.0
2021-03-08 21:20:00,0.14435146443514643,-0.02788844621513953,0.171109456440804,0.09016247098732366,0.6955804792503697,0.9996659242761693,0.5,0.13483103158103993,0.3937736884602906,0.09154419909715952,0.14596268362998963,0.6051060295644565,0.0
2021-03-08 21:30:00,0.1304044630404463,0.12350597609561742,0.1708116157855546,0.09016247098732366,0.6955804792503697,0.9996659242761693,0.5,0.13483103158103993,0.3937736884602906,0.09154419909715952,0.14596268362998963,0.6051060295644565,0.0
2021-03-08 21:40:00,0.1304044630404463,0.03585657370517925,0.16902457185405795,0.08694875915015166,0.6955804792503697,0.9996659242761693,0.5,0.13483103158103993,0.3937736884602906,0.09154419909715952,0.14596268362998963,0.6051060295644565,0.0
2021-03-08 21:50:00,0.10320781032078104,0.346613545816733,0.1678332092330601,0.0830208891269415,0.6955804792503697,0.9996659242761693,0.5,0.13483103158103993,0.3937736884602906,0.09154419909715952,0.14596268362998963,0.6051060295644565,0.0
2021-03-08 22:00:00,0.09274755927475593,0.2828685258964143,0.15800446760982845,0.0815925727548652,0.6955804792503697,0.9996659242761693,0.5,0.05235214325285331,0.4106785208343526,0.12158646497641196,0.3155776241811248,0.6922674760151699,0.0
2021-03-08 22:10:00,0.11645746164574616,0.21912350597609564,0.148175725986597,0.07945009819675053,0.6955804792503697,0.9996659242761693,0.5,0.05235214325285331,0.4106785208343526,0.12158646497641196,0.3155776241811248,0.6922674760151699,0.0
2021-03-08 22:20:00,0.12412831241283125,0.15537848605577675,0.14549516008935193,0.07337975361542592,0.6955804792503697,0.9996659242761693,0.5,0.05235214325285331,0.4106785208343526,0.12158646497641196,0.3155776241811248,0.6922674760151699,0.0
2021-03-08 22:30:00,0.1304044630404463,0.09163346613545809,0.14489947877885312,0.06980896268523495,0.6955804792503697,0.9996659242761693,0.5,0.05235214325285331,0.4106785208343526,0.12158646497641196,0.3155776241811248,0.6922674760151699,0.0
2021-03-08 22:40:00,0.14644351464435149,0.027888446215139417,0.13685778108711832,0.06373861810391013,0.6955804792503697,0.9996659242761693,0.5,0.05235214325285331,0.4106785208343526,0.12158646497641196,0.3155776241811248,0.6922674760151699,0.0
2021-03-08 22:50:00,0.12482566248256625,-0.03585657370517936,0.13834698436336557,0.058739510801642636,0.6955804792503697,0.9996659242761693,0.5,0.05235214325285331,0.4106785208343526,0.12158646497641196,0.3155776241811248,0.6922674760151699,0.0
2021-03-08 23:00:00,0.09274755927475593,-0.09960159362549803,0.13060312732687973,0.054454561685413294,0.6955804792503697,0.9996659242761693,0.5,-0.002612047202626422,0.4175030962020895,0.14871707857796224,0.4122915167989167,0.7063500470065187,0.0
2021-03-08 23:10:00,0.06206415620641562,-0.1633466135458168,0.12583767684288882,0.05124084984824129,0.6955804792503697,0.9996659242761693,0.5,-0.002612047202626422,0.4175030962020895,0.14871707857796224,0.4122915167989167,0.7063500470065187,0.0
2021-03-08 23:20:00,0.04672245467224547,-0.2270916334661356,0.11779597915115403,0.05016961256918395,0.6955804792503697,0.9996659242761693,0.5,-0.002612047202626422,0.4175030962020895,0.14871707857796224,0.4122915167989167,0.7063500470065187,0.0
2021-03-08 23:30:00,0.03765690376569038,-0.29083665338645415,0.11094564408041685,0.04374218889484016,0.6955804792503697,0.9996659242761693,0.5,-0.002612047202626422,0.4175030962020895,0.14871707857796224,0.4122915167989167,0.7063500470065187,0.0
2021-03-08 23:40:00,0.0404463040446304,-0.3545816733067728,0.10707371556217415,0.04052847705766838,0.6955804792503697,0.9996659242761693,0.5,-0.002612047202626422,0.4175030962020895,0.14871707857796224,0.4122915167989167,0.7063500470065187,0.0
2021-03-08 23:50:00,0.06345885634588563,-0.4183266932270917,0.10081906180193578,0.03660060703445822,0.6955804792503697,0.9996659242761693,0.5,-0.002612047202626422,0.4175030962020895,0.14871707857796224,0.4122915167989167,0.7063500470065187,0.0
2021-03-09 00:00:00,0.061366806136680614,-0.48207171314741026,0.09605361131794465,0.03231565791822888,0.6955804792503697,0.9996659242761693,0.5,0.0037882439031386994,0.41324168766720315,0.16052537569635222,0.3585391954263192,0.7038861897004236,0.0
2021-03-09 00:10:00,0.05090655509065551,-0.545816733067729,0.08890543559195829,0.02945902517407606,0.6955804792503697,0.9996659242761693,0.5,0.0037882439031386994,0.41324168766720315,0.16052537569635222,0.3585391954263192,0.7038861897004236,0.0
2021-03-09 00:20:00,0.17364016736401675,-0.6095617529880477,0.0856291883842144,0.023031601499732268,0.69539725955687,0.9996659242761693,0.5,0.0037882439031386994,0.41324168766720315,0.16052537569635222,0.3585391954263192,0.7038861897004236,0.0
2021-03-09 00:30:00,0.2099023709902371,-0.6733067729083666,0.08413998510796716,0.024102838778789604,0.5591995916818259,0.9996659242761693,0.5,0.0037882439031386994,0.41324168766720315,0.16052537569635222,0.3585391954263192,0.7038861897004236,0.0
2021-03-09 00:40:00,0.17294281729428174,-0.7370517928286854,0.08116157855547268,0.0576682735225853,0.344767114682441,0.5194877505567929,0.5,0.0037882439031386994,0.41324168766720315,0.16052537569635222,0.3585391954263192,0.7038861897004236,0.0
2021-03-09 00:50:00,0.11227336122733612,-0.8007968127490039,0.0746090841399849,0.04909837529012684,0.3448194631662981,0.5160356347438754,0.5,0.0037882439031386994,0.41324168766720315,0.16052537569635222,0.3585391954263192,0.7038861897004236,0.0
2021-03-09 01:00:00,0.12552301255230125,-0.5314741035856574,0.0740134028294861,0.04231387252276364,0.3449241601340121,0.9996659242761693,0.5,-0.07050709703714508,0.40850902424376595,0.22205368625196673,0.27463698153522903,0.6931755966585027,0.0
2021-03-09 01:10:00,0.09135285913528592,-0.26215139442231083,0.06716306775874892,0.0337439742903054,0.3449241601340121,0.9996659242761693,0.5,-0.07050709703714508,0.40850902424376595,0.22205368625196673,0.27463698153522903,0.6931755966585027,0.0
2021-03-09 01:20:00,0.09135285913528592,0.007171314741035939,0.06090841399851055,0.025888234243884867,0.3449241601340121,0.9996659242761693,0.5,-0.07050709703714508,0.40850902424376595,0.22205368625196673,0.27463698153522903,0.6931755966585027,0.0
2021-03-09 01:30:00,0.12133891213389121,0.27649402390438227,0.05703648548026785,0.015890019639350328,0.3449241601340121,0.9996659242761693,0.5,-0.07050709703714508,0.40850902424376595,0.22205368625196673,0.27463698153522903,0.6931755966585027,0.0
2021-03-09 01:40:00,0.08577405857740586,0.5458167330677288,0.047505584512285814,0.009819675058025501,0.3449241601340121,0.9996659242761693,0.5,-0.07050709703714508,0.40850902424376595,0.22205368625196673,0.27463698153522903,0.6931755966585027,0.0
2021-03-09 01:50:00,0.08786610878661089,0.09428950863213803,0.03827252419955318,0.0030351722906625245,0.3449241601340121,0.9996659242761693,0.5,-0.07050709703714508,0.40850902424376595,0.22205368625196673,0.27463698153522903,0.6931755966585027,0.0
2021-03-09 02:00:00,0.07391910739191074,-0.35723771580345287,0.034996276991809294,-0.0030351722906623024,0.3449241601340121,0.9996659242761693,0.5,-0.06403352919379246,0.4030579844658301,0.22053775021853247,0.22630696780167872,0.7085063356921999,0.0
2021-03-09 02:10:00,0.02301255230125523,-0.8087649402390438,0.034400595681310264,-0.00981967505802539,0.3449241601340121,0.9996659242761693,0.5,-0.06403352919379246,0.4030579844658301,0.22053775021853247,0.22630696780167872,0.7085063356921999,0.0
2021-03-09 02:20:00,0.029288702928870293,-0.6401062416998671,0.03052866716306757,-0.015175861453311956,0.3449241601340121,0.9996659242761693,0.5,-0.06403352919379246,0.4030579844658301,0.22053775021853247,0.22630696780167872,0.7085063356921999,0.0
2021-03-09 02:30:00,0.01882845188284519,-0.4714475431606906,0.02367833209233039,-0.018746652383503037,0.3449241601340121,0.9996659242761693,0.5,-0.06403352919379246,0.4030579844658301,0.22053775021853247,0.22630696780167872,0.7085063356921999,0.0
2021-03-09 02:40:00,0.027196652719665274,-0.302788844621514,0.02308265078183136,-0.024102838778789493,0.3449241601340121,0.9996659242761693,0.5,-0.06403352919379246,0.4030579844658301,0.22053775021853247,0.22630696780167872,0.7085063356921999,0.0
2021-03-09 02:50:00,0.016736401673640166,-0.1341301460823373,0.019806403574087694,-0.02945902517407606,0.3449372472549764,0.9996659242761693,0.5,-0.06403352919379246,0.4030579844658301,0.22053775021853247,0.22630696780167872,0.7085063356921999,0.0
2021-03-09 03:00:00,0.01185495118549512,0.03452855245683928,0.012062546537602303,-0.03231565791822877,0.34496342149690495,0.9996659242761693,0.5,-0.0817034957039553,0.41217561715712536,0.2350815547969535,0.21106434162469642,0.7521947969370697,0.0
2021-03-09 03:10:00,0.03207810320781032,0.20318725099601576,0.009679821295606628,-0.038386002499553595,0.34496342149690495,0.9996659242761693,0.5,-0.0817034957039553,0.41217561715712536,0.2350815547969535,0.21106434162469642,0.7521947969370697,0.0
2021-03-09 03:20:00,0.01882845188284519,0.13634351482957063,0.008190618019359386,-0.04159971433672538,0.34496342149690495,0.9996659242761693,0.5,-0.0817034957039553,0.41217561715712536,0.2350815547969535,0.21106434162469642,0.7521947969370697,0.0
2021-03-09 03:30:00,0.048117154811715475,0.06949977866312529,0.010573343261355062,-0.04767005891805021,0.34496342149690495,0.9996659242761693,0.5,-0.0817034957039553,0.41217561715712536,0.2350815547969535,0.21106434162469642,0.7521947969370697,0.0
2021-03-09 03:40:00,0.0599721059972106,0.0026560424966797225,0.00699925539836177,-0.05124084984824129,0.34496342149690495,0.9996659242761693,0.5,-0.0817034957039553,0.41217561715712536,0.2350815547969535,0.21106434162469642,0.7521947969370697,0.0
2021-03-09 03:50:00,0.05439330543933055,-0.06418769366976551,0.008190618019359386,-0.055882878057489815,0.34496342149690495,0.9996659242761693,0.5,-0.0817034957039553,0.41217561715712536,0.2350815547969535,0.21106434162469642,0.7521947969370697,0.0
2021-03-09 04:00:00,0.042538354253835425,-0.13103142983621086,0.008190618019359386,-0.05981074808069986,0.34496342149690495,0.9996659242761693,0.5,-0.13732727685699164,0.42131336438634864,0.29153108651678,0.21515054400022235,0.790975174663403,0.0
2021-03-09 04:10:00,0.05160390516039052,-0.1978751660026561,0.007594936708860578,-0.05981074808069986,0.34496342149690495,0.9996659242761693,0.5,-0.13732727685699164,0.42131336438634864,0.29153108651678,0.21515054400022235,0.790975174663403,0.0
2021-03-09 04:20:00,0.04602510460251046,-0.26471890216910143,0.004914370811615498,-0.06123906445277627,0.34496342149690495,0.9996659242761693,0.5,-0.13732727685699164,0.42131336438634864,0.29153108651678,0.21515054400022235,0.790975174663403,0.0
2021-03-09 04:30:00,0.026499302649930265,-0.33156263833554667,-0.00044676098287421695,-0.06409569719692909,0.34496342149690495,0.9996659242761693,0.5,-0.13732727685699164,0.42131336438634864,0.29153108651678,0.21515054400022235,0.790975174663403,0.0
2021-03-09 04:40:00,0.015341701534170154,-0.3984063745019921,-0.0010424422933731359,-0.07016604177825392,0.34496342149690495,0.9996659242761693,0.5,-0.13732727685699164,0.42131336438634864,0.29153108651678,0.21515054400022235,0.790975174663403,0.0
2021-03-09 04:50:00,0.044630404463040445,-0.46525011066843747,-0.0037230081906179935,-0.0783788609176932,0.34496342149690495,0.9996659242761693,0.5,-0.13732727685699164,0.42131336438634864,0.29153108651678,0.21515054400022235,0.790975174663403,0.0
2021-03-09 05:00:00,0.029288702928870293,-0.5320938468348828,-0.009084139985108153,-0.08587752187109432,0.34496342149690495,0.9996659242761693,0.5,-0.16229319833781553,0.4279253003531524,0.3161536971960256,0.2274159769389472,0.8089082065035256,0.0
2021-03-09 05:10:00,0.05788005578800558,-0.598937583001328,-0.012658227848101444,-0.09409034101053393,0.34496342149690495,0.9996659242761693,0.5,-0.16229319833781553,0.4279253003531524,0.3161536971960256,0.2274159769389472,0.8089082065035256,0.0
2021-03-09 05:20:00,0.01882845188284519,-0.6657813191677733,-0.0195085629188384,-0.10194608105695413,0.34496342149690495,0.9996659242761693,0.5,-0.16229319833781553,0.4279253003531524,0.3161536971960256,0.2274159769389472,0.8089082065035256,0.0
2021-03-09 05:30:00,0.03417015341701534,-0.7326250553342188,-0.02635889798957569,-0.10837350473129803,0.34496342149690495,0.9996659242761693,0.5,-0.16229319833781553,0.4279253003531524,0.3161536971960256,0.2274159769389472,0.8089082065035256,0.0
2021-03-09 05:40:00,0.03765690376569038,-0.6904825143868971,-0.027550260610573418,-0.11194429566148911,0.34496342149690495,0.9996659242761693,0.5,-0.16229319833781553,0.4279253003531524,0.3161536971960256,0.2274159769389472,0.8089082065035256,0.0
2021-03-09 05:50:00,0.02580195258019526,-0.6483399734395752,-0.03201787043931503,-0.11730048205677557,0.34496342149690495,0.9996659242761693,0.5,-0.16229319833781553,0.4279253003531524,0.3161536971960256,0.2274159769389472,0.8089082065035256,0.0
2021-03-09 06:00:00,0.029288702928870293,-0.6061974324922532,-0.03529411764705892,-0.12229958935904306,0.34496342149690495,0.9996659242761693,0.5,-0.19771457960265137,0.4497811825624219,0.34523737511503627,0.23643722341514223,0.8347249886333793,0.0
2021-03-09 06:10:00,0.0404463040446304,-0.5640548915449315,-0.03648548026805687,-0.12408498482413843,0.34496342149690495,0.9996659242761693,0.5,-0.19771457960265137,0.4497811825624219,0.34523737511503627,0.23643722341514223,0.8347249886333793,0.0
2021-03-09 06:20:00,0.10251046025104603,-0.5219123505976095,-0.03648548026805687,-0.13015532940546326,0.34496342149690495,0.9996659242761693,0.5,-0.19771457960265137,0.4497811825624219,0.34523737511503627,0.23643722341514223,0.8347249886333793,0.0
2021-03-09 06:30:00,0.1304044630404463,-0.7370517928286854,-0.03618763961280724,-0.13372612033565434,0.34496342149690495,0.9996659242761693,0.5,-0.19771457960265137,0.4497811825624219,0.34523737511503627,0.23643722341514223,0.8347249886333793,0.0
2021-03-09 06:40:00,0.11924686192468618,0.5139442231075697,-0.04065524944154886,-0.1390823067309409,0.34496342149690495,0.9996659242761693,0.5,-0.19771457960265137,0.4497811825624219,0.34523737511503627,0.23643722341514223,0.8347249886333793,0.0
2021-03-09 06:50:00,0.09274755927475593,-0.21115537848605592,-0.04303797468354453,-0.1455097304052847,0.34496342149690495,0.9996659242761693,0.5,-0.19771457960265137,0.4497811825624219,0.34523737511503627,0.23643722341514223,0.8347249886333793,0.0
2021-03-09 07:00:00,0.07880055788005579,-0.21812749003984067,-0.05167535368577825,-0.1505088377075522,0.34496342149690495,0.9996659242761693,0.5,-0.21733883703780543,0.46364297269882454,0.37163880750592504,0.22887112255815015,0.8722844192039645,0.0
2021-03-09 07:10:00,0.07670850767085077,-0.22509960159362552,-0.057036485480268184,-0.1569362613818961,0.34496342149690495,0.9996659242761693,0.5,-0.21733883703780543,0.46364297269882454,0.37163880750592504,0.22887112255815015,0.8722844192039645,0.0
2021-03-09 07:20:00,0.06834030683403068,-0.23207171314741049,-0.06090841399851088,-0.16229244777718255,0.34496342149690495,0.9996659242761693,0.5,-0.21733883703780543,0.46364297269882454,0.37163880750592504,0.22887112255815015,0.8722844192039645,0.0
2021-03-09 07:30:00,0.09135285913528592,-0.23904382470119523,-0.06329113924050644,-0.16729155507945004,0.34496342149690495,0.9996659242761693,0.5,-0.21733883703780543,0.46364297269882454,0.37163880750592504,0.22887112255815015,0.8722844192039645,0.0
2021-03-09 07:40:00,0.09483960948396096,-0.2460159362549802,-0.06329113924050644,-0.17300482056775568,0.34496342149690495,0.9996659242761693,0.5,-0.21733883703780543,0.46364297269882454,0.37163880750592504,0.22887112255815015,0.8722844192039645,0.0
2021-03-09 07:50:00,0.08786610878661089,-0.25298804780876494,-0.06329113924050644,-0.17479021603285128,0.34496342149690495,0.9996659242761693,0.5,-0.21733883703780543,0.46364297269882454,0.37163880750592504,0.22887112255815015,0.8722844192039645,0.0
2021-03-09 08:00:00,0.10669456066945607,-0.2599601593625499,-0.06239761727475812,-0.18121763970719518,0.34496342149690495,0.9996659242761693,0.5,-0.23260668069052903,0.47747028077021675,0.39092901110219613,0.20347089231506232,0.8873419754306665,0.0
2021-03-09 08:10:00,0.12273361227336123,-0.26693227091633476,-0.060610573343261476,-0.18443135154436707,0.34496342149690495,0.9996659242761693,0.5,-0.23260668069052903,0.47747028077021675,0.39092901110219613,0.20347089231506232,0.8873419754306665,0.0
2021-03-09 08:20:00,0.10181311018131102,-0.2739043824701195,-0.06299329858525693,-0.18514550973040522,0.34496342149690495,0.9996659242761693,0.5,-0.23260668069052903,0.47747028077021675,0.39092901110219613,0.20347089231506232,0.8873419754306665,0.0
2021-03-09 08:30:00,0.07531380753138076,-0.28087649402390436,-0.06329113924050644,-0.18835922156757723,0.34496342149690495,0.9996659242761693,0.5,-0.23260668069052903,0.47747028077021675,0.39092901110219613,0.20347089231506232,0.8873419754306665,0.0
2021-03-09 08:40:00,0.044630404463040445,-0.2878486055776893,-0.06448250186150428,-0.1840742724513479,0.34496342149690495,0.9996659242761693,0.5,-0.23260668069052903,0.47747028077021675,0.39092901110219613,0.20347089231506232,0.8873419754306665,0.0
2021-03-09 08:50:00,0.0404463040446304,-0.2948207171314742,-0.06299329858525693,-0.1758614533119086,0.34496342149690495,0.9996659242761693,0.5,-0.23260668069052903,0.47747028077021675,0.39092901110219613,0.20347089231506232,0.8873419754306665,0.0
2021-03-09 09:00:00,0.0299860529986053,-0.30179282868525903,-0.05882352941176483,-0.16443492233529733,0.34496342149690495,0.9996659242761693,0.5,-0.2006622922978044,0.5037800963773735,0.3491819284294059,0.16873939715295397,0.867004530863251,0.0
2021-03-09 09:10:00,0.04602510460251046,-0.3087649402390438,-0.05465376023827262,-0.15158007498660953,0.34496342149690495,0.9996659242761693,0.5,-0.2006622922978044,0.5037800963773735,0.3491819284294059,0.16873939715295397,0.867004530863251,0.0
2021-03-09 09:20:00,0.08228730822873082,-0.31573705179282874,-0.04929262844378268,-0.13836814854490254,0.34496342149690495,0.9996659242761693,0.5,-0.2006622922978044,0.5037800963773735,0.3491819284294059,0.16873939715295397,0.867004530863251,0.0
2021-03-09 09:30:00,0.13668061366806136,-0.3227091633466136,-0.05256887565152657,-0.12765577575432951,0.34496342149690495,0.9996659242761693,0.5,-0.2006622922978044,0.5037800963773735,0.3491819284294059,0.16873939715295397,0.867004530863251,0.0
2021-03-09 09:40:00,0.18549511854951187,0.346613545816733,-0.056440804169769265,-0.12265666845206213,0.34496342149690495,0.9996659242761693,0.5,-0.2006622922978044,0.5037800963773735,0.3491819284294059,0.16873939715295397,0.867004530863251,0.0
2021-03-09 09:50:00,0.17294281729428174,0.346613545816733,-0.05524944154877154,-0.11908587752187105,0.35772336443705754,0.3596881959910913,0.5,-0.2006622922978044,0.5037800963773735,0.3491819284294059,0.16873939715295397,0.867004530863251,0.0071970668557719865
2021-03-09 10:00:00,0.11018131101813111,-0.05179282868525903,-0.03320923306031276,-0.10587395108016429,0.370326261925639,0.039198218262806235,0.5,-0.01898731348535454,0.5215239923334893,0.23383712780213245,0.1751031605828847,0.7625471530857134,0.0
2021-03-09 10:10:00,0.1087866108786611,-0.7689243027888446,-0.02427401340282964,-0.09551865738261023,0.36137467118608574,0.7835189309576838,0.5,-0.01898731348535454,0.5215239923334893,0.23383712780213245,0.1751031605828847,0.7625471530857134,0.0
2021-03-09 10:20:00,0.12552301255230125,-0.4462151394422311,-0.015040953090096898,-0.0783788609176932,0.36137467118608574,0.9993318485523385,0.5,-0.01898731348535454,0.5215239923334893,0.23383712780213245,0.1751031605828847,0.7625471530857134,0.0
2021-03-09 10:30:00,0.15202231520223153,-0.12350597609561753,-0.011466865227103606,-0.06338153901089094,0.36137467118608574,0.9993318485523385,0.5,-0.01898731348535454,0.5215239923334893,0.23383712780213245,0.1751031605828847,0.7625471530857134,0.0
2021-03-09 10:40:00,0.16666666666666669,0.13147410358565725,-0.005212211466865346,-0.05159792894126036,0.36137467118608574,0.41726057906458797,0.5,-0.01898731348535454,0.5215239923334893,0.23383712780213245,0.1751031605828847,0.7625471530857134,0.0
2021-03-09 10:50:00,0.19177126917712692,-0.23505976095617542,0.012062546537602303,-0.04767005891805021,0.3585609401787701,0.3136971046770602,0.5,-0.01898731348535454,0.5215239923334893,0.23383712780213245,0.1751031605828847,0.7625471530857134,0.012968299711815564
2021-03-09 11:00:00,0.2907949790794979,0.38645418326693215,0.03678332092330594,-0.038386002499553595,0.35983039091230323,0.00111358574610245,0.5,-0.006919632062058256,0.532477794986883,0.21976190141038868,0.3214214234600473,0.7292183832517778,0.13138796264164038
2021-03-09 11:10:00,0.2894002789400279,-0.13147410358565736,0.05941921072226353,-0.02624531333690394,0.361335409823193,0.0022271714922049,0.5,-0.006919632062058256,0.532477794986883,0.21976190141038868,0.3214214234600473,0.7292183832517778,0.14701178387675967
2021-03-09 11:20:00,0.33333333333333337,-0.15537848605577698,0.07252419955323886,-0.0112479914301018,0.35873107275130545,0.0032293986636971047,0.5,-0.006919632062058256,0.532477794986883,0.21976190141038868,0.3214214234600473,0.7292183832517778,0.20105768215217948
2021-03-09 11:30:00,0.3933054393305439,-0.07569721115537853,0.08384214445271776,0.0069630423138726805,0.36336391357265313,0.0066815144766146995,0.5,-0.006919632062058256,0.532477794986883,0.21976190141038868,0.3214214234600473,0.7292183832517778,0.3067202800368152
2021-03-09 11:40:00,0.4260808926080893,0.05976095617529875,0.09218168279970218,0.019817889662560484,0.3623038567745482,0.004342984409799555,0.5,-0.006919632062058256,0.532477794986883,0.21976190141038868,0.3214214234600473,0.7292183832517778,0.35426316821823556
2021-03-09 11:50:00,0.394700139470014,0.03585657370517925,0.10558451228592691,0.03517229066238192,0.3603538757508736,0.000779510022271715,0.5,-0.006919632062058256,0.532477794986883,0.21976190141038868,0.3214214234600473,0.7292183832517778,0.31494334384477274
2021-03-09 12:00:00,0.405160390516039,-0.059760956175298974,0.09843633655994011,0.041242635243706305,0.37111148918349457,0.0016703786191536749,0.5,0.0332490278408244,0.5159206567684002,0.20801231923122238,0.4397066725429381,0.7314740572667373,0.3390090076497126
2021-03-09 12:10:00,0.37935843793584384,-0.17131474103585675,0.062099776619508384,0.005891805034815345,0.37307455732813344,0.0016703786191536749,0.5,0.0332490278408244,0.5159206567684002,0.20801231923122238,0.4397066725429381,0.7314740572667373,0.2908097831827029
2021-03-09 12:20:00,0.396792189679219,0.05976095617529875,0.05703648548026785,-0.0048205677557580096,0.3760976822708772,0.02416481069042316,0.5,0.0332490278408244,0.5159206567684002,0.20801231923122238,0.4397066725429381,0.7314740572667373,0.24926445071442585
2021-03-09 12:30:00,0.398186889818689,0.22709163346613526,0.06448250186150384,0.0012497768255668174,0.3715564512962793,0.8354120267260579,0.5,0.0332490278408244,0.5159206567684002,0.20801231923122238,0.4397066725429381,0.7314740572667373,0.028162107518445313
2021-03-09 12:40:00,0.5516039051603905,-0.08366533864541836,0.08979895755770673,0.034815211569362514,0.3708366596432451,0.9995545657015591,0.5,0.0332490278408244,0.5159206567684002,0.20801231923122238,0.4397066725429381,0.7314740572667373,0.0
2021-03-09 12:50:00,0.44839609483960946,0.40239043824701204,0.1088607594936708,0.053740403499375144,0.3739383073117745,0.9209354120267261,0.5,0.0332490278408244,0.5159206567684002,0.20801231923122238,0.4397066725429381,0.7314740572667373,0.0
2021-03-09 13:00:00,0.5034867503486751,0.07569721115537842,0.11839166046165284,0.06373861810391013,0.38254963290625693,0.02839643652561247,0.5,0.13391902470229877,0.5049180045228969,0.16403850736225736,0.5169708519271387,0.7311047544031047,0.4321785838224422
2021-03-09 13:10:00,0.45676429567642957,0.19521912350597592,0.09724497393894271,0.03445813247634355,0.3847090078653597,0.05679287305122494,0.5,0.13391902470229877,0.5049180045228969,0.16403850736225736,0.5169708519271387,0.7311047544031047,0.27932012613727236
2021-03-09 13:20:00,0.47629009762900976,0.01195219123505975,0.09158600148920315,0.026959471522942202,0.3848006177121095,0.06982182628062361,0.5,0.13391902470229877,0.5049180045228969,0.16403850736225736,0.5169708519271387,0.7311047544031047,0.2608899014741162
2021-03-09 13:30:00,0.4302649930264993,-0.13147410358565736,0.09516008935219644,0.024102838778789604,0.3880331365902815,0.00623608017817372,0.5,0.13391902470229877,0.5049180045228969,0.16403850736225736,0.5169708519271387,0.7311047544031047,0.36400259516876143
2021-03-09 13:40:00,0.39539748953974896,0.12350597609561742,0.10528667163067751,0.02731655061596161,0.3859653714779286,0.00011135857461024499,0.5,0.13391902470229877,0.5049180045228969,0.16403850736225736,0.5169708519271387,0.7311047544031047,0.3013111637521312
2021-03-09 13:50:00,0.5,-0.019920318725099695,0.11183916604616506,0.03231565791822888,0.38786300401774615,0.00022271714922048998,0.5,0.13391902470229877,0.5049180045228969,0.16403850736225736,0.5169708519271387,0.7311047544031047,0.5054845572370505
2021-03-09 14:00:00,0.4790794979079498,0.019920318725099362,0.1174981384959044,0.038386002499553706,0.3863056366229993,0.00011135857461024499,0.5,0.14438258928705427,0.48882350067671143,0.15233419782521387,0.5634024310067942,0.7379770126478875,0.46544049972086854
2021-03-09 14:10:00,0.5781032078103208,-0.17131474103585675,0.12405063291139218,0.04695590073201217,0.38459122377668137,0.0010022271714922048,0.5,0.14438258928705427,0.48882350067671143,0.15233419782521387,0.5634024310067942,0.7379770126478875,0.7108272854836519
2021-03-09 14:20:00,0.5523012552301255,0.09163346613545809,0.12702903946388688,0.053740403499375144,0.3801154284069048,0.0013363028953229399,0.5,0.14438258928705427,0.48882350067671143,0.15233419782521387,0.5634024310067942,0.7379770126478875,0.6273216953090816
2021-03-09 14:30:00,0.5732217573221757,-0.1394422310756973,0.1323901712583766,0.059453668987680786,0.3931763751292353,0.0064587973273942095,0.5,0.14438258928705427,0.48882350067671143,0.15233419782521387,0.5634024310067942,0.7379770126478875,0.6383587066403126
2021-03-09 14:40:00,0.6199442119944213,0.09163346613545809,0.1359642591213699,0.0687377254061774,0.3791338943345854,0.009688195991091315,0.5,0.14438258928705427,0.48882350067671143,0.15233419782521387,0.5634024310067942,0.7379770126478875,0.7405510207160856
2021-03-09 14:50:00,0.5871687587168759,0.08366533864541825,0.14251675353685767,0.08052133547580786,0.3948122652497677,0.011247216035634744,0.5,0.14438258928705427,0.48882350067671143,0.15233419782521387,0.5634024310067942,0.7379770126478875,0.6647102313019599
2021-03-09 15:00:00,0.6366806136680614,-0.20318725099601598,0.14519731943410275,0.08694875915015166,0.3932418107340566,0.014142538975501114,0.5,0.1506281554107216,0.4674187588180691,0.1533539101930276,0.5977622584372949,0.7470027611304949,0.7405359325256122
2021-03-09 15:10:00,0.5251046025104603,0.1872509960159361,0.14728220402084857,0.09980360649883946,0.3929277198309144,0.00824053452115813,0.5,0.1506281554107216,0.4674187588180691,0.1533539101930276,0.5977622584372949,0.7470027611304949,0.4865639663835117
2021-03-09 15:20:00,0.4881450488145049,-0.21912350597609564,0.15323901712583754,0.1087305838243171,0.39172370470220264,0.0006681514476614699,0.5,0.1506281554107216,0.4674187588180691,0.1533539101930276,0.5977622584372949,0.7470027611304949,0.4613063355311798
2021-03-09 15:30:00,0.5662482566248256,0.05976095617529875,0.15770662695457904,0.10730226745224059,0.3812670950517596,0.001893095768374165,0.5,0.1506281554107216,0.4674187588180691,0.1533539101930276,0.5977622584372949,0.7470027611304949,0.6559439926369631
2021-03-09 15:40:00,0.5732217573221757,-0.08366533864541836,0.16068503350707353,0.10730226745224059,0.38922406459802905,0.005790645879732739,0.5,0.1506281554107216,0.4674187588180691,0.1533539101930276,0.5977622584372949,0.7470027611304949,0.662303664921466
2021-03-09 15:50:00,0.6297071129707112,0.05179282868525892,0.16485480268056585,0.11587216568469927,0.39096465168627553,0.00033407572383073496,0.5,0.1506281554107216,0.4674187588180691,0.1533539101930276,0.5977622584372949,0.7470027611304949,0.7510524012855138
2021-03-09 16:00:00,0.6115760111576011,0.01195219123505975,0.1672375279225613,0.12015711480092839,0.3775896140608027,0.00913140311804009,0.5,0.19419235994120498,0.4509564462783806,0.14936624007663635,0.6135264037847414,0.7554459353460606,0.7586266729031188
2021-03-09 16:10:00,0.6436541143654114,0.09960159362549792,0.16813104988830951,0.12122835207998572,0.3848006177121095,0.012806236080178173,0.5,0.19419235994120498,0.4509564462783806,0.14936624007663635,0.6135264037847414,0.7554459353460606,0.8310650753655113
2021-03-09 16:20:00,0.6771269177126918,0.07569721115537842,0.16842889054355892,0.11622924477771823,0.3860308070827499,0.015256124721603564,0.5,0.19419235994120498,0.4509564462783806,0.14936624007663635,0.6135264037847414,0.7554459353460606,0.8888151244021305
2021-03-09 16:30:00,0.4735006973500697,-0.07569721115537853,0.1708116157855546,0.11980003570790942,0.4101896323827721,0.00022271714922048998,0.5,0.19419235994120498,0.4509564462783806,0.14936624007663635,0.6135264037847414,0.7554459353460606,0.4741162092430255
2021-03-09 16:40:00,0.5237099023709902,-0.019920318725099695,0.17438570364854789,0.1344402785216927,0.3931763751292353,0.00022271714922048998,0.5,0.19419235994120498,0.4509564462783806,0.14936624007663635,0.6135264037847414,0.7554459353460606,0.5735322962717082
2021-03-09 16:50:00,0.5578800557880056,0.027888446215139417,0.17498138495904692,0.14372433494018932,0.3802462996165474,0.00011135857461024499,0.5,0.19419235994120498,0.4509564462783806,0.14936624007663635,0.6135264037847414,0.7554459353460606,0.6319235934034432
2021-03-09 17:00:00,0.5843793584379359,-0.13147410358565736,0.17736411020104237,0.14622388859132296,0.38735260630014007,0.00311804008908686,0.5,0.19563364699690444,0.44749387224969644,0.15304017205125778,0.603872264389951,0.7579979844678786,0.6757849631093743
2021-03-09 17:10:00,0.6596931659693167,0.10756972111553775,0.17915115413253901,0.1390823067309408,0.3926005418068079,0.0035634743875278397,0.5,0.19563364699690444,0.44749387224969644,0.15304017205125778,0.603872264389951,0.7579979844678786,0.9237970940145148
2021-03-09 17:20:00,0.4560669456066946,0.298804780876494,0.18064035740878626,0.14765220496339948,0.377498004214053,0.18752783964365258,0.5,0.19563364699690444,0.44749387224969644,0.15304017205125778,0.603872264389951,0.7579979844678786,0.27767551337568086
2021-03-09 17:30:00,0.5425383542538355,-0.3784860557768924,0.18391660461653014,0.16586323870737374,0.4073889884964207,0.015256124721603564,0.5,0.19563364699690444,0.44749387224969644,0.15304017205125778,0.603872264389951,0.7579979844678786,0.5218024352339424
2021-03-09 17:40:00,0.3682008368200837,-0.059760956175298974,0.1824274013402829,0.15586502410283876,0.37964429205219147,0.00011135857461024499,0.5,0.19563364699690444,0.44749387224969644,0.15304017205125778,0.603872264389951,0.7579979844678786,0.27249271994809665
2021-03-09 17:50:00,0.4797768479776848,0.1394422310756971,0.1833209233060311,0.15122299589359045,0.3789114132781929,0.0006681514476614699,0.5,0.19563364699690444,0.44749387224969644,0.15304017205125778,0.603872264389951,0.7579979844678786,0.5519788161805754
2021-03-09 18:00:00,0.5334728033472803,-0.059760956175298974,0.1857036485480268,0.1440814140332083,0.3816204473177946,0.0010022271714922048,0.5,0.08537140166025003,0.45567474217472703,0.2006465744905528,0.5547771358799907,0.7600045168743462,0.6007891123617545
2021-03-09 18:10:00,0.3723849372384937,-0.11553784860557781,0.18451228592702873,0.142653097661132,0.3676172278860373,0.00033407572383073496,0.5,0.08537140166025003,0.45567474217472703,0.2006465744905528,0.5547771358799907,0.7600045168743462,0.26166694328349205
2021-03-09 18:20:00,0.40097629009762903,0.03585657370517925,0.18659717051377522,0.15765041956793446,0.4175445943646857,0.00033407572383073496,0.5,0.08537140166025003,0.45567474217472703,0.2006465744905528,0.5547771358799907,0.7600045168743462,0.2969205003243961
2021-03-09 18:30:00,0.38354253835425384,-0.08366533864541836,0.18510796723752776,0.15657918228887713,0.40363298477967835,0.00011135857461024499,0.5,0.08537140166025003,0.45567474217472703,0.2006465744905528,0.5547771358799907,0.7600045168743462,0.28617016461215805
2021-03-09 18:40:00,0.42329149232914925,0.1872509960159361,0.18093819806403566,0.13943938582395998,0.40861917786706103,0.00022271714922048998,0.5,0.08537140166025003,0.45567474217472703,0.2006465744905528,0.5547771358799907,0.7600045168743462,0.34742067383858655
2021-03-09 18:50:00,0.42538354253835425,-0.02788844621513953,0.17795979151154118,0.12979825031244419,0.4239441965162084,0.00022271714922048998,0.5,0.08537140166025003,0.45567474217472703,0.2006465744905528,0.5547771358799907,0.7600045168743462,0.3381565248879702
2021-03-09 19:00:00,0.4295676429567643,-0.1394422310756973,0.1746835443037973,0.12515622210319588,0.41682480271165145,0.00022271714922048998,0.5,0.09568024126290808,0.4639935403598202,0.18969883801486695,0.48199110514152727,0.7397985118265548,0.36173936659776396
2021-03-09 19:10:00,0.3633193863319386,0.33864541832669315,0.16991809381980638,0.11801464024281394,0.41251913991441025,0.00022271714922048998,0.5,0.09568024126290808,0.4639935403598202,0.18969883801486695,0.48199110514152727,0.7397985118265548,0.24197685471581393
2021-03-09 19:20:00,0.3633193863319386,0.17928286852589648,0.16634400595681287,0.10337439742903043,0.44100980225360226,0.00022271714922048998,0.5,0.09568024126290808,0.4639935403598202,0.18969883801486695,0.48199110514152727,0.7397985118265548,0.2538588047135507
2021-03-09 19:30:00,0.3898186889818689,0.15537848605577675,0.16008935219657472,0.09337618282449567,0.4334585334572248,0.00022271714922048998,0.5,0.09568024126290808,0.4639935403598202,0.18969883801486695,0.48199110514152727,0.7397985118265548,0.27886748042307286
2021-03-09 19:40:00,0.42538354253835425,0.1872509960159361,0.1553239017125836,0.07945009819675053,0.44116684770517334,0.00022271714922048998,0.5,0.09568024126290808,0.4639935403598202,0.18969883801486695,0.48199110514152727,0.7397985118265548,0.3316308825082608
2021-03-09 19:50:00,0.3103207810320781,0.25099601593625476,0.1508562918838421,0.06802356722013925,0.44493593854288,0.00022271714922048998,0.5,0.09568024126290808,0.4639935403598202,0.18969883801486695,0.48199110514152727,0.7397985118265548,0.17114534453882949
2021-03-09 20:00:00,0.3117154811715481,0.2749003984063745,0.14579300074460155,0.055168719871451444,0.44493593854288,0.00022271714922048998,0.5,0.09073751352050863,0.4765019094443498,0.19479283454548615,0.35663132216595883,0.6958373768360021,0.16811261825369284
2021-03-09 20:10:00,0.3054393305439331,-0.12350597609561753,0.14251675353685767,0.04838421710408847,0.44493593854288,0.00022271714922048998,0.5,0.09073751352050863,0.4765019094443498,0.19479283454548615,0.35663132216595883,0.6958373768360021,0.16231120901670262
2021-03-09 20:20:00,0.3702928870292887,0.19521912350597592,0.13745346239761713,0.041956793429744677,0.44493593854288,0.00022271714922048998,0.5,0.09073751352050863,0.4765019094443498,0.19479283454548615,0.35663132216595883,0.6958373768360021,0.22556090348084556
2021-03-09 20:30:00,0.33821478382147835,0.31474103585657365,0.1362620997766193,0.03445813247634355,0.44493593854288,0.00022271714922048998,0.5,0.09073751352050863,0.4765019094443498,0.19479283454548615,0.35663132216595883,0.6958373768360021,0.18617318225025273
2021-03-09 20:40:00,0.3068340306834031,0.10756972111553775,0.13387937453462384,0.026959471522942202,0.44493593854288,0.00022271714922048998,0.5,0.09073751352050863,0.4765019094443498,0.19479283454548615,0.35663132216595883,0.6958373768360021,0.15518958311329722
2021-03-09 20:50:00,0.35495118549511856,-0.08366533864541836,0.13119880863737876,0.02231744331369412,0.44493593854288,0.00022271714922048998,0.5,0.09073751352050863,0.4765019094443498,0.19479283454548615,0.35663132216595883,0.6958373768360021,0.21622885767309927
2021-03-09 21:00:00,0.36192468619246865,0.1633466135458166,0.12583767684288882,0.021603285127655747,0.44493593854288,0.00022271714922048998,0.5,0.08476881139261461,0.4826310965009325,0.1996177315058404,0.28843249937380133,0.6783830396336095,0.231158622146446
2021-03-09 21:10:00,0.3312412831241283,0.24302788844621515,0.12226358897989575,0.016604177825388255,0.44493593854288,0.00022271714922048998,0.5,0.08476881139261461,0.4826310965009325,0.1996177315058404,0.28843249937380133,0.6783830396336095,0.18944731958296243
2021-03-09 21:20:00,0.3451882845188285,0.3227091633466135,0.11690245718540582,0.00839135868594898,0.45496067320150235,0.00022271714922048998,0.5,0.08476881139261461,0.4826310965009325,0.1996177315058404,0.28843249937380133,0.6783830396336095,0.2170209876729484
2021-03-09 21:30:00,0.39400278940027894,0.33864541832669315,0.11451973194341014,0.008034279592929794,0.4587690254021018,0.00022271714922048998,0.5,0.08476881139261461,0.4826310965009325,0.1996177315058404,0.28843249937380133,0.6783830396336095,0.2704180937580156
2021-03-09 21:40:00,0.3158995815899582,0.17928286852589648,0.10915860014891998,0.0030351722906625245,0.46770752902069074,0.00022271714922048998,0.5,0.08476881139261461,0.4826310965009325,0.1996177315058404,0.28843249937380133,0.6783830396336095,0.17790485387087526
2021-03-09 21:50:00,0.303347280334728,0.05179282868525892,0.1046909903201787,-0.0030351722906623024,0.4700108623104003,0.00022271714922048998,0.5,0.08476881139261461,0.4826310965009325,0.1996177315058404,0.28843249937380133,0.6783830396336095,0.159565158350559
2021-03-09 22:00:00,0.35006973500697347,0.09163346613545809,0.09575577066269525,-0.00910551687198713,0.4700108623104003,0.00022271714922048998,0.5,-0.03675803967883651,0.4976020597286854,0.28178504067626425,0.21226972580499423,0.7023105674133513,0.17785204520421866
2021-03-09 22:10:00,0.3319386331938633,0.15537848605577675,0.0743112434847355,-0.017318336011426405,0.4700108623104003,0.00022271714922048998,0.5,-0.03675803967883651,0.4976020597286854,0.28178504067626425,0.21226972580499423,0.7023105674133513,0.13648777102162138
2021-03-09 22:20:00,0.3926080892608089,0.21912350597609564,0.051675353685778136,-0.035529369755400886,0.4700108623104003,0.00022271714922048998,0.5,-0.03675803967883651,0.4976020597286854,0.28178504067626425,0.21226972580499423,0.7023105674133513,0.18286886853659642
2021-03-09 22:30:00,0.4735006973500697,-0.14741035856573714,0.06120625465375995,-0.036957686127477296,0.4803758621140935,0.00022271714922048998,0.5,-0.03675803967883651,0.4976020597286854,0.28178504067626425,0.21226972580499423,0.7023105674133513,0.33399972841257153
2021-03-09 22:40:00,0.4790794979079498,-0.26693227091633476,0.07222635889798945,-0.029101946081056984,0.4812265249767704,0.00022271714922048998,0.5,-0.03675803967883651,0.4976020597286854,0.28178504067626425,0.21226972580499423,0.7023105674133513,0.37258023145284186
2021-03-09 22:50:00,0.4246861924686192,-0.1633466135458168,0.07669396872673095,-0.023031601499732157,0.4812265249767704,0.00022271714922048998,0.5,-0.03675803967883651,0.4976020597286854,0.28178504067626425,0.21226972580499423,0.7023105674133513,0.33353199450789867
2021-03-09 23:00:00,0.42189679218967924,0.1633466135458166,0.07669396872673095,-0.02053204784859841,0.4812265249767704,0.00022271714922048998,0.5,-0.13380955986262544,0.49643541652898027,0.34917330506900146,0.13246016038752378,0.80765003229423,0.30321981984700574
2021-03-09 23:10:00,0.3089260808926081,0.1872509960159361,0.07252419955323886,-0.023388680592751232,0.4869325097171874,0.00022271714922048998,0.5,-0.13380955986262544,0.49643541652898027,0.34917330506900146,0.13246016038752378,0.80765003229423,0.15513677444664062
2021-03-09 23:20:00,0.197350069735007,0.2111553784860556,0.06061057334326114,-0.036243527941438924,0.4942612974571724,0.00022271714922048998,0.5,-0.13380955986262544,0.49643541652898027,0.34917330506900146,0.13246016038752378,0.80765003229423,0.09573456855319343
2021-03-09 23:30:00,0.198744769874477,0.49800796812749004,0.055845122859270235,-0.03910016068559197,0.5082383426470011,0.00022271714922048998,0.5,-0.13380955986262544,0.49643541652898027,0.34917330506900146,0.13246016038752378,0.80765003229423,0.11585467054936101
2021-03-09 23:40:00,0.2099023709902371,-0.2509960159362551,0.055845122859270235,-0.041956793429744677,0.5222939105626153,0.00022271714922048998,0.5,-0.13380955986262544,0.49643541652898027,0.34917330506900146,0.13246016038752378,0.80765003229423,0.11060398026464688
2021-03-09 23:50:00,0.18200836820083682,-0.2749003984063746,0.055845122859270235,-0.041956793429744677,0.5222939105626153,0.00022271714922048998,0.5,-0.13380955986262544,0.49643541652898027,0.34917330506900146,0.13246016038752378,0.80765003229423,0.08594987703124765
2021-03-10 00:00:00,0.1792189679218968,-0.09960159362549814,0.055845122859270235,-0.04767005891805021,0.5222939105626153,0.00022271714922048998,0.5,-0.12185584594608223,0.489909685724713,0.3435603851446385,0.11234969045648001,0.9718050084625733,0.07913755903254523
2021-03-10 00:10:00,0.15550906555090654,-0.2270916334661356,0.055845122859270235,-0.04909837529012662,0.5222939105626153,0.00022271714922048998,0.5,-0.12185584594608223,0.489909685724713,0.3435603851446385,0.11234969045648001,0.9718050084625733,0.0614089352263983
2021-03-10 00:20:00,0.20223152022315202,0.5458167330677288,0.053164556962025156,-0.04909837529012662,0.5298059179961001,0.00022271714922048998,0.5,-0.12185584594608223,0.489909685724713,0.3435603851446385,0.11234969045648001,0.9718050084625733,0.0749128657000166
2021-03-10 00:30:00,0.21199442119944212,0.394422310756972,0.04154877140729707,-0.058025352615604264,0.5561241182552251,0.00022271714922048998,0.5,-0.12185584594608223,0.489909685724713,0.3435603851446385,0.11234969045648001,0.9718050084625733,0.07321544427176849
2021-03-10 00:40:00,0.23500697350069735,0.40239043824701204,0.03827252419955318,-0.06516693447598643,0.568504534687414,0.00022271714922048998,0.5,-0.12185584594608223,0.489909685724713,0.3435603851446385,0.11234969045648001,0.9718050084625733,0.09133636103022165
2021-03-10 00:50:00,0.1589958158995816,0.09960159362549792,0.034996276991809294,-0.07016604177825392,0.5812775647485309,0.00022271714922048998,0.5,-0.12185584594608223,0.489909685724713,0.3435603851446385,0.11234969045648001,0.9718050084625733,0.048538708752659296
2021-03-10 01:00:00,0.15132496513249652,0.13147410358565725,0.034996276991809294,-0.06409569719692909,0.5836594207640261,0.00022271714922048998,0.5,-0.17768318100421487,0.47901622668509497,0.37021278268611846,0.1709249860391845,0.06055885121518621,0.04440454456297056
2021-03-10 01:10:00,0.1311018131101813,0.49003984063745,0.03469843633655967,-0.06338153901089094,0.6183926398031697,0.00022271714922048998,0.5,-0.17768318100421487,0.47901622668509497,0.37021278268611846,0.1709249860391845,0.06055885121518621,0.03174555275585799
2021-03-10 01:20:00,0.1304044630404463,-0.5219123505976095,0.03261355174981384,-0.06338153901089094,0.6184319011660624,0.00022271714922048998,0.5,-0.17768318100421487,0.47901622668509497,0.37021278268611846,0.1709249860391845,0.06055885121518621,0.027354889328122876
2021-03-10 01:30:00,0.1297071129707113,-0.2270916334661356,0.031124348473566377,-0.06373861810391002,0.6067451021449791,0.00022271714922048998,0.5,-0.17768318100421487,0.47901622668509497,0.37021278268611846,0.1709249860391845,0.06055885121518621,0.02998023447047996
2021-03-10 01:40:00,0.16736401673640167,-0.5139442231075697,0.025167535368577854,-0.07195143724334929,0.602701181767023,0.00022271714922048998,0.5,-0.17768318100421487,0.47901622668509497,0.37021278268611846,0.1709249860391845,0.06055885121518621,0.055388747227545006
2021-03-10 01:50:00,0.2482566248256625,-0.19521912350597614,0.018317200297840452,-0.0815925727548652,0.5902815039719411,0.00022271714922048998,0.5,-0.17768318100421487,0.47901622668509497,0.37021278268611846,0.1709249860391845,0.06055885121518621,0.11531149569232162
2021-03-10 02:00:00,0.28103207810320785,0.17131474103585642,0.011466865227103495,-0.09051955008034285,0.5902815039719411,0.00022271714922048998,0.5,-0.23514011466125107,0.4745278112221889,0.4254452792618201,0.2701512024451845,0.09476322123306871,0.14818866273367837
2021-03-10 02:10:00,0.2733612273361227,0.2749003984063745,0.0031273268801190746,-0.09837529012676305,0.5921922236327231,0.00022271714922048998,0.5,-0.23514011466125107,0.4745278112221889,0.4254452792618201,0.2701512024451845,0.09476322123306871,0.13744587111667697
2021-03-10 02:20:00,0.28661087866108786,-0.21912350597609564,-0.005807892777364376,-0.10194608105695413,0.5997304053081363,0.00022271714922048998,0.5,-0.23514011466125107,0.4745278112221889,0.4254452792618201,0.2701512024451845,0.09476322123306871,0.15248125292333692
2021-03-10 02:30:00,0.296373779637378,0.31474103585657365,-0.01176470588235301,-0.10587395108016429,0.6003193257515279,0.00022271714922048998,0.5,-0.23514011466125107,0.4745278112221889,0.4254452792618201,0.2701512024451845,0.09476322123306871,0.1623489294928859
2021-03-10 02:40:00,0.34797768479776847,-0.3705179282868527,-0.018912881608339704,-0.10944474201035537,0.6041669393150201,0.00022271714922048998,0.5,-0.23514011466125107,0.4745278112221889,0.4254452792618201,0.2701512024451845,0.09476322123306871,0.21807716100608054
2021-03-10 02:50:00,0.3563458856345886,-0.03585657370517936,-0.023976172747580238,-0.10301731833601147,0.5986441742681028,0.00022271714922048998,0.5,-0.23514011466125107,0.4745278112221889,0.4254452792618201,0.2701512024451845,0.09476322123306871,0.23871026147834093
2021-03-10 03:00:00,0.4121338912133891,-0.15537848605577698,-0.027252419955324125,-0.1008748437778968,0.6023870908638808,0.00022271714922048998,0.5,-0.25074385727812787,0.4609648656492559,0.4399608042906798,0.3420730130393496,0.11060769844069056,0.3092777283220423
2021-03-10 03:10:00,0.4281729428172943,0.2350597609561753,-0.02903946388682077,-0.1023031601499732,0.6023870908638808,0.00022271714922048998,0.5,-0.25074385727812787,0.4609648656492559,0.4399608042906798,0.3420730130393496,0.11060769844069056,0.3627955399308961
2021-03-10 03:20:00,0.40027894002789405,-0.21912350597609564,-0.03469843633656011,-0.10658810926620232,0.6121369959822539,0.00022271714922048998,0.5,-0.25074385727812787,0.4609648656492559,0.4399608042906798,0.3420730130393496,0.11060769844069056,0.30306139384703595
2021-03-10 03:30:00,0.41492329149232915,-0.10756972111553798,-0.04065524944154886,-0.10301731833601147,0.6077397233382628,0.00044543429844097997,0.5,-0.25074385727812787,0.4609648656492559,0.4399608042906798,0.3420730130393496,0.11060769844069056,0.321846190986315
2021-03-10 03:40:00,0.36959553695955366,-0.3466135458167332,-0.04720774385703663,-0.10944474201035537,0.6136681891350722,0.00044543429844097997,0.5,-0.25074385727812787,0.4609648656492559,0.4399608042906798,0.3420730130393496,0.11060769844069056,0.255993783665525
2021-03-10 03:50:00,0.3486750348675035,-0.043824701195219196,-0.05316455696202538,-0.11265845384752715,0.6136681891350722,0.00044543429844097997,0.5,-0.25074385727812787,0.4609648656492559,0.4399608042906798,0.3420730130393496,0.11060769844069056,0.22288274967183186
2021-03-10 04:00:00,0.3193863319386332,0.3227091633466135,-0.059121370067014345,-0.12229958935904306,0.6136681891350722,0.00044543429844097997,0.5,-0.3064052607160975,0.4583499757188792,0.4777699279835274,0.3628470242375695,0.12353149111115413,0.1872444437738582
2021-03-10 04:10:00,0.3054393305439331,-0.059760956175298974,-0.06448250186150428,-0.13336904124263516,0.6265328290429388,0.00044543429844097997,0.5,-0.3064052607160975,0.4583499757188792,0.4777699279835274,0.3628470242375695,0.12353149111115413,0.17856119015646454
2021-03-10 04:20:00,0.31450488145048816,-0.6334661354581674,-0.0695457930007447,-0.13336904124263516,0.6275274502362225,0.00044543429844097997,0.5,-0.3064052607160975,0.4583499757188792,0.4777699279835274,0.3628470242375695,0.12353149111115413,0.17877242482309097
2021-03-10 04:30:00,0.32914923291492326,-0.601593625498008,-0.07222635889798967,-0.1347973576147118,0.6275274502362225,0.00044543429844097997,0.5,-0.3064052607160975,0.4583499757188792,0.4777699279835274,0.3628470242375695,0.12353149111115413,0.19334007272507805
2021-03-10 04:40:00,0.3591352859135286,-0.4422310756972112,-0.07222635889798967,-0.13301196214961608,0.6219523367054481,0.00044543429844097997,0.5,-0.3064052607160975,0.4583499757188792,0.4777699279835274,0.3628470242375695,0.12353149111115413,0.2378954991927818
2021-03-10 04:50:00,0.3507670850767085,0.10756972111553775,-0.07460908413998513,-0.13729691126584542,0.6136681891350722,0.00044543429844097997,0.5,-0.3064052607160975,0.4583499757188792,0.4777699279835274,0.3628470242375695,0.12353149111115413,0.2325844561461744
2021-03-10 05:00:00,0.3319386331938633,-0.003984063745020028,-0.07401340282948643,-0.14193893947509362,0.6136681891350722,0.00044543429844097997,0.5,-0.29844564597096346,0.43997390857080537,0.46279102414705775,0.3939822476017132,0.14796359896289774,0.21697572310152846
2021-03-10 05:10:00,0.2824267782426778,0.394422310756972,-0.07043931496649303,-0.14193893947509362,0.6136681891350722,0.00044543429844097997,0.5,-0.29844564597096346,0.43997390857080537,0.46279102414705775,0.3939822476017132,0.14796359896289774,0.15729438568432488
2021-03-10 05:20:00,0.27615062761506276,0.17131474103585642,-0.06686522710349974,-0.14193893947509362,0.6136681891350722,0.00044543429844097997,0.5,-0.29844564597096346,0.43997390857080537,0.46279102414705775,0.3939822476017132,0.14796359896289774,0.15184000482822096
2021-03-10 05:30:00,0.29009762900976294,0.08366533864541825,-0.06329113924050644,-0.14193893947509362,0.6136681891350722,0.00044543429844097997,0.5,-0.29844564597096346,0.43997390857080537,0.46279102414705775,0.3939822476017132,0.14796359896289774,0.16929704120584818
2021-03-10 05:40:00,0.32566248256624825,-0.2270916334661356,-0.06209977661950872,-0.13836814854490254,0.6136681891350722,0.00044543429844097997,0.5,-0.29844564597096346,0.43997390857080537,0.46279102414705775,0.3939822476017132,0.14796359896289774,0.2078549119604086
2021-03-10 05:50:00,0.3368200836820084,-0.33067729083665354,-0.06090841399851088,-0.13301196214961608,0.6136681891350722,0.00044543429844097997,0.5,-0.29844564597096346,0.43997390857080537,0.46279102414705775,0.3939822476017132,0.14796359896289774,0.22293555833848847
2021-03-10 06:00:00,0.31659693165969316,0.17928286852589648,-0.06329113924050644,-0.132654883056597,0.6015233408802397,0.00044543429844097997,0.5,-0.36534317160531427,0.4355113546566603,0.5479836110499233,0.4270289424689121,0.16541385506076514,0.19856813072408225
2021-03-10 06:10:00,0.3186889818688982,0.3705179282868525,-0.06329113924050644,-0.14051062310301732,0.5999136250016358,0.00044543429844097997,0.5,-0.36534317160531427,0.4355113546566603,0.5479836110499233,0.4270289424689121,0.16541385506076514,0.1910391236778973
2021-03-10 06:20:00,0.32496513249651326,0.05179282868525892,-0.06329113924050644,-0.13801106945188357,0.5999136250016358,0.00044543429844097997,0.5,-0.36534317160531427,0.4355113546566603,0.5479836110499233,0.4270289424689121,0.16541385506076514,0.20220438462815152
2021-03-10 06:30:00,0.33821478382147835,-0.2749003984063746,-0.06329113924050644,-0.1347973576147118,0.5999136250016358,0.00044543429844097997,0.5,-0.36534317160531427,0.4355113546566603,0.5479836110499233,0.4270289424689121,0.16541385506076514,0.20818685215082156
2021-03-10 06:40:00,0.3486750348675035,-0.4581673306772909,-0.06329113924050644,-0.13336904124263516,0.5966811061234639,0.00044543429844097997,0.5,-0.36534317160531427,0.4355113546566603,0.5479836110499233,0.4270289424689121,0.16541385506076514,0.22243010395763235
2021-03-10 06:50:00,0.3312412831241283,0.36254980079681287,-0.06329113924050644,-0.1362256739867881,0.586787242674484,0.00044543429844097997,0.5,-0.36534317160531427,0.4355113546566603,0.5479836110499233,0.4270289424689121,0.16541385506076514,0.20747016310333902
2021-03-10 07:00:00,0.3361227336122734,0.394422310756972,-0.06329113924050644,-0.14193893947509362,0.586787242674484,0.00044543429844097997,0.5,-0.3544572234953838,0.44325545175815456,0.5276942389738607,0.4585527398808421,0.18120226883480595,0.20886582072212082
2021-03-10 07:10:00,0.3396094839609484,0.33864541832669315,-0.06329113924050644,-0.14015354400999824,0.586787242674484,0.00044543429844097997,0.5,-0.3544572234953838,0.44325545175815456,0.5276942389738607,0.4585527398808421,0.18120226883480595,0.20449778958009565
2021-03-10 07:20:00,0.3186889818688982,0.25099601593625476,-0.06329113924050644,-0.14193893947509362,0.586787242674484,0.00044543429844097997,0.5,-0.3544572234953838,0.44325545175815456,0.5276942389738607,0.4585527398808421,0.18120226883480595,0.19022436139233823
2021-03-10 07:30:00,0.31659693165969316,0.49800796812749004,-0.06329113924050644,-0.14193893947509362,0.586787242674484,0.00044543429844097997,0.5,-0.3544572234953838,0.44325545175815456,0.5276942389738607,0.4585527398808421,0.18120226883480595,0.19139369615402024
2021-03-10 07:40:00,0.3403068340306834,0.5537848605577689,-0.06507818317200309,-0.14301017675415106,0.586787242674484,0.00044543429844097997,0.5,-0.3544572234953838,0.44325545175815456,0.5276942389738607,0.4585527398808421,0.18120226883480595,0.22104199043408723
2021-03-10 07:50:00,0.35704323570432356,0.1394422310756971,-0.06626954579300093,-0.14336725584717003,0.5986965227519598,0.00044543429844097997,0.5,-0.3544572234953838,0.44325545175815456,0.5276942389738607,0.4585527398808421,0.18120226883480595,0.23861973233550102
2021-03-10 08:00:00,0.40027894002789405,0.14741035856573692,-0.06448250186150428,-0.13658275307980716,0.600581068170813,0.00044543429844097997,0.5,-0.3410113257085947,0.43966069648024503,0.5027424188297669,0.47399166014171307,0.1789172332081653,0.29615100261025695
2021-03-10 08:10:00,0.3842398884239888,0.06772908366533859,-0.06329113924050644,-0.13229780396357804,0.600581068170813,0.00044543429844097997,0.5,-0.3410113257085947,0.43966069648024503,0.5027424188297669,0.47399166014171307,0.1789172332081653,0.2733301145193657
2021-03-10 08:20:00,0.3633193863319386,-0.12350597609561753,-0.06329113924050644,-0.1312265666845207,0.600581068170813,0.00044543429844097997,0.5,-0.3410113257085947,0.43966069648024503,0.5027424188297669,0.47399166014171307,0.1789172332081653,0.24219563347767706
2021-03-10 08:30:00,0.33472803347280333,-0.2589641434262948,-0.06329113924050644,-0.1312265666845207,0.600581068170813,0.00044543429844097997,0.5,-0.3410113257085947,0.43966069648024503,0.5027424188297669,0.47399166014171307,0.1789172332081653,0.20608959367503057
2021-03-10 08:40:00,0.3403068340306834,-0.5776892430278885,-0.060610573343261476,-0.12908409212640592,0.600581068170813,0.00044543429844097997,0.5,-0.3410113257085947,0.43966069648024503,0.5027424188297669,0.47399166014171307,0.1789172332081653,0.20562185977035774
2021-03-10 08:50:00,0.3528591352859135,0.03585657370517925,-0.057036485480268184,-0.12551330119621484,0.5910536441088324,0.00044543429844097997,0.5,-0.3410113257085947,0.43966069648024503,0.5027424188297669,0.47399166014171307,0.1789172332081653,0.22197745824343287
2021-03-10 09:00:00,0.3723849372384937,0.2589641434262948,-0.05107967237527933,-0.1308694875915014,0.5881875646176599,0.00044543429844097997,0.5,-0.3223967997043583,0.4427583353208427,0.46848928997659905,0.47323345254474714,0.1760046152921255,0.2641036860449326
2021-03-10 09:10:00,0.35495118549511856,0.38645418326693215,-0.04542069992553999,-0.1247991430101768,0.5881875646176599,0.00044543429844097997,0.5,-0.3223967997043583,0.4427583353208427,0.46848928997659905,0.47323345254474714,0.1760046152921255,0.2423993240490668
2021-03-10 09:20:00,0.36052998605299863,0.2350597609561753,-0.04274013402829491,-0.12551330119621484,0.5881875646176599,0.00044543429844097997,0.5,-0.3223967997043583,0.4427583353208427,0.46848928997659905,0.47323345254474714,0.1760046152921255,0.24647313547686225
2021-03-10 09:30:00,0.3758716875871687,0.03585657370517925,-0.04542069992553999,-0.12194251026602376,0.5881875646176599,0.00044543429844097997,0.5,-0.3223967997043583,0.4427583353208427,0.46848928997659905,0.47323345254474714,0.1760046152921255,0.2566652081415876
2021-03-10 09:40:00,0.3800557880055788,-0.21115537848605592,-0.04839910647803436,-0.11872879842885198,0.5881875646176599,0.00044543429844097997,0.5,-0.3223967997043583,0.4427583353208427,0.46848928997659905,0.47323345254474714,0.1760046152921255,0.2633115560450835
2021-03-10 09:50:00,0.38702928870292885,-0.043824701195219196,-0.05137751303052884,-0.11337261203356541,0.5881875646176599,0.00044543429844097997,0.5,-0.3223967997043583,0.4427583353208427,0.46848928997659905,0.47323345254474714,0.1760046152921255,0.2817191484225297
2021-03-10 10:00:00,0.3723849372384937,0.21912350597609564,-0.048696947133283874,-0.11980003570790931,0.5881875646176599,0.00044543429844097997,0.5,-0.008580749330520221,0.44379567077673887,0.2687671904470414,0.44463212434335825,0.19691072719397032,0.2618857220453551
2021-03-10 10:10:00,0.36401673640167365,-0.019920318725099695,-0.04422933730454226,-0.1183717193358329,0.598199212155318,0.00044543429844097997,0.5,-0.008580749330520221,0.44379567077673887,0.2687671904470414,0.44463212434335825,0.19691072719397032,0.24125262157309477
2021-03-10 10:20:00,0.3410041841004184,-0.03585657370517936,-0.035591958302308435,-0.11337261203356541,0.599416314404994,0.00044543429844097997,0.5,-0.008580749330520221,0.44379567077673887,0.2687671904470414,0.44463212434335825,0.19691072719397032,0.21849208624409674
2021-03-10 10:30:00,0.33751743375174337,0.07569721115537842,-0.02635889798957569,-0.1101589001963934,0.6033293635733075,0.00044543429844097997,0.5,-0.008580749330520221,0.44379567077673887,0.2687671904470414,0.44463212434335825,0.19691072719397032,0.21650798919685563
2021-03-10 10:40:00,0.36750348675034866,0.12350597609561742,-0.013253909158600363,-0.10301731833601147,0.6106843255552211,0.00044543429844097997,0.5,-0.008580749330520221,0.44379567077673887,0.2687671904470414,0.44463212434335825,0.19691072719397032,0.2437044525250087
2021-03-10 10:50:00,0.30404463040446306,0.2669322709163344,0.0013402829486224288,-0.09730405284770571,0.6106843255552211,0.00044543429844097997,0.5,-0.008580749330520221,0.44379567077673887,0.2687671904470414,0.44463212434335825,0.19691072719397032,0.17294838330039078
2021-03-10 11:00:00,0.2831241283124128,-0.1394422310756973,0.012062546537602303,-0.09159078735940018,0.6222402533666619,0.00044543429844097997,0.5,0.0009056697917397827,0.4408905567991463,0.2706365574429302,0.49063520515477554,0.24254419861834473,0.14880727854308434
2021-03-10 11:10:00,0.28870292887029286,0.05976095617529875,0.021891288160833966,-0.08552044277807536,0.6358639462904555,0.00044543429844097997,0.5,0.0009056697917397827,0.4408905567991463,0.2706365574429302,0.49063520515477554,0.24254419861834473,0.15532537682755707
2021-03-10 11:20:00,0.33333333333333337,0.05179282868525892,0.03320923306031265,-0.0783788609176932,0.638363586394629,0.00044543429844097997,0.5,0.0009056697917397827,0.4408905567991463,0.2706365574429302,0.49063520515477554,0.24254419861834473,0.2080586025317984
2021-03-10 11:30:00,0.3493723849372385,0.027888446215139417,0.04542069992553954,-0.06873772540617751,0.638363586394629,0.00044543429844097997,0.5,0.0009056697917397827,0.4408905567991463,0.2706365574429302,0.49063520515477554,0.24254419861834473,0.23158109147969885
2021-03-10 11:40:00,0.36541143654114366,-0.17131474103585675,0.055249441548771205,-0.0590965898946616,0.6378662757979872,0.00044543429844097997,0.5,0.0009056697917397827,0.4408905567991463,0.2706365574429302,0.49063520515477554,0.24254419861834473,0.25160312023778986
2021-03-10 11:50:00,0.32984658298465835,0.1633466135458166,0.06805658972449735,-0.05159792894126036,0.6383243250317363,0.00044543429844097997,0.5,0.0009056697917397827,0.4408905567991463,0.2706365574429302,0.49063520515477554,0.24254419861834473,0.20719103157958266
2021-03-10 12:00:00,0.34658298465829845,-0.15537848605577698,0.07877885331347723,-0.04588466345295483,0.6466869953278978,0.00044543429844097997,0.5,0.020489203104638865,0.4291609076828909,0.2562659809573376,0.4704003065448186,0.2779039441378835,0.217360471958598
2021-03-10 12:10:00,0.35146443514644354,-0.1633466135458168,0.08533134772896478,-0.03731476522049626,0.6509272225203178,0.00044543429844097997,0.5,0.020489203104638865,0.4291609076828909,0.2562659809573376,0.4704003065448186,0.2779039441378835,0.22552318300466226
2021-03-10 12:20:00,0.28521617852161785,0.31474103585657365,0.09247952345495158,-0.03088734154615247,0.64912119982725,0.00044543429844097997,0.5,0.020489203104638865,0.4291609076828909,0.2562659809573376,0.4704003065448186,0.2779039441378835,0.15659278482731567
2021-03-10 12:30:00,0.2754532775453278,-0.10756972111553798,0.10201042442293362,-0.024459917871808567,0.6365968250644541,0.00044543429844097997,0.5,0.020489203104638865,0.4291609076828909,0.2562659809573376,0.4704003065448186,0.2779039441378835,0.13761184121188347
2021-03-10 12:40:00,0.25871687587168757,0.09960159362549792,0.11481757259865955,-0.017318336011426405,0.648820196045072,0.00044543429844097997,0.5,0.020489203104638865,0.4291609076828909,0.2562659809573376,0.4704003065448186,0.2779039441378835,0.12830242768984715
2021-03-10 12:50:00,0.2698744769874477,-0.15537848605577698,0.12375279225614277,-0.008034279592929794,0.648820196045072,0.00044543429844097997,0.5,0.020489203104638865,0.4291609076828909,0.2562659809573376,0.4704003065448186,0.2779039441378835,0.13266291473663563
2021-03-10 13:00:00,0.2894002789400279,0.09163346613545809,0.1320923306031272,-0.0008926977325478536,0.6454175445943646,0.00044543429844097997,0.5,0.21032331484349198,0.4168709250101315,0.15728235811370078,0.400025170738302,0.3105407268124161,0.14141406521115923
2021-03-10 13:10:00,0.28033472803347276,0.1394422310756971,0.13924050632911378,0.00767720049991083,0.6494614649723207,0.00044543429844097997,0.5,0.21032331484349198,0.4168709250101315,0.15728235811370078,0.400025170738302,0.3105407268124161,0.13914329254492508
2021-03-10 13:20:00,0.22175732217573224,-0.12350597609561753,0.14519731943410275,0.01624709873236929,0.6588580178246588,0.00044543429844097997,0.5,0.21032331484349198,0.4168709250101315,0.15728235811370078,0.400025170738302,0.3105407268124161,0.09193234455391765
2021-03-10 13:30:00,0.2705718270571827,0.1872509960159361,0.15413253909158597,0.020174968755579448,0.6551543625917734,0.00044543429844097997,0.5,0.21032331484349198,0.4168709250101315,0.15728235811370078,0.400025170738302,0.3105407268124161,0.1289813962611464
2021-03-10 13:40:00,0.18479776847977683,-0.043824701195219196,0.1603871928518239,0.022674522406713082,0.6513198361492456,0.00044543429844097997,0.5,0.21032331484349198,0.4168709250101315,0.15728235811370078,0.400025170738302,0.3105407268124161,0.0629630188451499
2021-03-10 13:50:00,0.17364016736401675,-0.17131474103585675,0.1714072970960534,0.03160149973219073,0.6470141733520043,0.00044543429844097997,0.5,0.21032331484349198,0.4168709250101315,0.15728235811370078,0.400025170738302,0.3105407268124161,0.05415905970396971
2021-03-10 14:00:00,0.16108786610878661,0.05976095617529875,0.18004467609828723,0.04017139796464919,0.643964874167332,0.00044543429844097997,0.5,0.21257888422575633,0.39839428517242625,0.1388281132201568,0.2682266488889152,0.36797258111077913,0.041273745039757385
2021-03-10 14:10:00,0.15829846582984658,0.2589641434262948,0.1904690990320177,0.051597928941260696,0.6465037756343982,0.00044543429844097997,0.5,0.21257888422575633,0.39839428517242625,0.1388281132201568,0.2682266488889152,0.36797258111077913,0.04349925313457157
2021-03-10 14:20:00,0.1199442119944212,0.01195219123505975,0.1973194341027551,0.06409569719692909,0.6410464461923022,0.00044543429844097997,0.5,0.21257888422575633,0.39839428517242625,0.1388281132201568,0.2682266488889152,0.36797258111077913,0.017343874949077357
2021-03-10 14:30:00,0.12761506276150628,0.019920318725099362,0.20506329113924027,0.07266559542938755,0.6512805747863527,0.05501113585746103,0.5,0.21257888422575633,0.39839428517242625,0.1388281132201568,0.2682266488889152,0.36797258111077913,0.02260210932902817
2021-03-10 14:40:00,0.09623430962343095,0.05179282868525892,0.22263588979895732,0.09373326191751485,0.6512805747863527,0.9988864142538976,0.5,0.21257888422575633,0.39839428517242625,0.1388281132201568,0.2682266488889152,0.36797258111077913,0.0
2021-03-10 14:50:00,0.17782426778242677,0.08366533864541825,0.24229337304542042,0.12587038028923425,0.6512805747863527,0.9988864142538976,0.5,0.21257888422575633,0.39839428517242625,0.1388281132201568,0.2682266488889152,0.36797258111077913,0.0
2021-03-10 15:00:00,0.08228730822873082,0.11553784860557759,0.25003723008190604,0.13943938582395998,0.6512805747863527,0.9988864142538976,0.5,0.2092322018742434,0.3722080302982413,0.12559417172433093,0.15929560126202102,0.5011079698616507,0.0
2021-03-10 15:10:00,0.11854951185495119,0.14741035856573692,0.2655249441548768,0.1519371540796286,0.6512805747863527,0.9988864142538976,0.5,0.2092322018742434,0.3722080302982413,0.12559417172433093,0.15929560126202102,0.5011079698616507,0.0
2021-03-10 15:20:00,0.12203626220362622,0.17928286852589648,0.2756515264333579,0.1637207641492593,0.6512805747863527,0.9988864142538976,0.5,0.2092322018742434,0.3722080302982413,0.12559417172433093,0.15929560126202102,0.5011079698616507,0.0
2021-03-10 15:30:00,0.07601115760111576,-0.040139442231075795,0.2801191362620996,0.17264774147473672,0.6512805747863527,0.9988864142538976,0.5,0.2092322018742434,0.3722080302982413,0.12559417172433093,0.15929560126202102,0.5011079698616507,0.0
2021-03-10 15:40:00,0.13528591352859135,-0.25956175298804796,0.29739389426656726,0.17586145331190872,0.6512805747863527,0.9988864142538976,0.5,0.2092322018742434,0.3722080302982413,0.12559417172433093,0.15929560126202102,0.5011079698616507,0.0
2021-03-10 15:50:00,0.0885634588563459,-0.4789840637450201,0.3069247952345493,0.17728976968398502,0.6512805747863527,0.9988864142538976,0.5,0.2092322018742434,0.3722080302982413,0.12559417172433093,0.15929560126202102,0.5011079698616507,0.0
2021-03-10 16:00:00,0.11715481171548117,-0.6984063745019922,0.31347728965003685,0.18514550973040533,0.6512805747863527,0.9988864142538976,0.5,0.28456165535385436,0.3547170028189103,0.07556612678089829,0.21119546050359458,0.6291992562455289,0.0
2021-03-10 16:10:00,0.12273361227336123,-0.6270916334661355,0.3227103499627697,0.1887163006605963,0.6512805747863527,0.9988864142538976,0.5,0.28456165535385436,0.3547170028189103,0.07556612678089829,0.21119546050359458,0.6291992562455289,0.0
2021-03-10 16:20:00,0.05439330543933055,-0.555776892430279,0.32092330603127306,0.19550080342795928,0.6512805747863527,0.9988864142538976,0.5,0.28456165535385436,0.3547170028189103,0.07556612678089829,0.21119546050359458,0.6291992562455289,0.0
2021-03-10 16:30:00,0.06624825662482565,-0.4844621513944224,0.3304542069992553,0.20514193893947508,0.6512805747863527,0.9988864142538976,0.5,0.28456165535385436,0.3547170028189103,0.07556612678089829,0.21119546050359458,0.6291992562455289,0.0
2021-03-10 16:40:00,0.08647140864714087,-0.41314741035856584,0.3352196574832462,0.21371183717193376,0.6512805747863527,0.9988864142538976,0.5,0.28456165535385436,0.3547170028189103,0.07556612678089829,0.21119546050359458,0.6291992562455289,0.0
2021-03-10 16:50:00,0.056485355648535567,-0.3418326693227094,0.3384959046909901,0.2158543117300482,0.6512805747863527,0.9988864142538976,0.5,0.28456165535385436,0.3547170028189103,0.07556612678089829,0.21119546050359458,0.6291992562455289,0.0
2021-03-10 17:00:00,0.11018131101813111,-0.2705179282868527,0.34713328369322394,0.22156757721835385,0.6512805747863527,0.9988864142538976,0.5,0.29345362236231276,0.3465160183559517,0.06550976677994973,0.2946501542605428,0.6559160607202008,0.0
2021-03-10 17:10:00,0.2099023709902371,-0.19920318725099617,0.35636634400595657,0.21942510266023918,0.6332203478556753,0.9988864142538976,0.5,0.29345362236231276,0.3465160183559517,0.06550976677994973,0.2946501542605428,0.6559160607202008,0.0
2021-03-10 17:20:00,0.14504881450488147,-0.12788844621513962,0.35189873417721507,0.2397786109623281,0.451152321000903,0.9988864142538976,0.5,0.29345362236231276,0.3465160183559517,0.06550976677994973,0.2946501542605428,0.6559160607202008,0.0
2021-03-10 17:30:00,0.10460251046025104,-0.05657370517928306,0.343261355174981,0.2612033565434744,0.40789938621402677,0.9988864142538976,0.5,0.29345362236231276,0.3465160183559517,0.06550976677994973,0.2946501542605428,0.6559160607202008,0.0
2021-03-10 17:40:00,0.10320781032078104,0.014741035856573381,0.33670886075949347,0.26334583110158905,0.40789938621402677,0.9988864142538976,0.5,0.29345362236231276,0.3465160183559517,0.06550976677994973,0.2946501542605428,0.6559160607202008,0.0
2021-03-10 17:50:00,0.15760111576011157,0.08605577689243016,0.3340282948622486,0.26477414747366557,0.40789938621402677,0.9988864142538976,0.5,0.29345362236231276,0.3465160183559517,0.06550976677994973,0.2946501542605428,0.6559160607202008,0.0
2021-03-10 18:00:00,0.11715481171548117,0.1573705179282867,0.32747580044676083,0.26298875200856986,0.40789938621402677,0.9988864142538976,0.5,0.15990284912096264,0.33045312306936425,0.10253619370197946,0.3527355825513615,0.6776493944754178,0.0
2021-03-10 18:10:00,0.15620641562064158,0.22868525896414327,0.3265822784810126,0.26191751472951275,0.3439295389407284,0.9979955456570156,0.5,0.15990284912096264,0.33045312306936425,0.10253619370197946,0.3527355825513615,0.6776493944754178,0.0
2021-03-10 18:20:00,0.12203626220362622,0.2999999999999998,0.3212211466865227,0.2529905374040351,0.30629097904751934,0.9993318485523385,0.5,0.15990284912096264,0.33045312306936425,0.10253619370197946,0.3527355825513615,0.6776493944754178,0.0
2021-03-10 18:30:00,0.16527196652719667,0.3713147410358566,0.3149664929262843,0.23442242456704165,0.30629097904751934,0.9993318485523385,0.5,0.15990284912096264,0.33045312306936425,0.10253619370197946,0.3527355825513615,0.6776493944754178,0.0
2021-03-10 18:40:00,0.10390516039051603,0.4426294820717127,0.3099032017870438,0.21978218175325837,0.30629097904751934,0.9993318485523385,0.5,0.15990284912096264,0.33045312306936425,0.10253619370197946,0.3527355825513615,0.6776493944754178,0.0
2021-03-10 18:50:00,0.13737796373779637,0.5139442231075697,0.3036485480268054,0.2097839671487236,0.30629097904751934,0.9993318485523385,0.5,0.15990284912096264,0.33045312306936425,0.10253619370197946,0.3527355825513615,0.6776493944754178,0.0
2021-03-10 19:00:00,0.18200836820083682,-0.601593625498008,0.303350707371556,0.2015711480092841,0.3032285927418827,0.5855233853006682,0.5,0.16877853982175428,0.34720853316168937,0.08777312750386561,0.36609643628873634,0.6968260572655834,0.0
2021-03-10 19:10:00,0.1506276150627615,-0.15537848605577698,0.3030528667163066,0.19085877521871097,0.29989137689599665,0.46893095768374166,0.5,0.16877853982175428,0.34720853316168937,0.08777312750386561,0.36609643628873634,0.6968260572655834,0.0
2021-03-10 19:20:00,0.1387726638772664,-0.2749003984063746,0.30126582278480996,0.18693090519550082,0.28090196437685677,0.12951002227171493,0.5,0.16877853982175428,0.34720853316168937,0.08777312750386561,0.36609643628873634,0.6968260572655834,0.0
2021-03-10 19:30:00,0.1771269177126918,-0.19521912350597614,0.2962025316455694,0.18621674700946267,0.27900433183703915,0.5476614699331849,0.5,0.16877853982175428,0.34720853316168937,0.08777312750386561,0.36609643628873634,0.6968260572655834,0.0
2021-03-10 19:40:00,0.15550906555090654,0.29083665338645415,0.2899478778853313,0.1837171933583288,0.27900433183703915,0.4434298440979956,0.5,0.16877853982175428,0.34720853316168937,0.08777312750386561,0.36609643628873634,0.6968260572655834,0.0
2021-03-10 19:50:00,0.18688981868898188,0.9521912350597608,0.2750558451228593,0.18193179789323355,0.30110847914567274,0.6273942093541204,0.5,0.16877853982175428,0.34720853316168937,0.08777312750386561,0.36609643628873634,0.6968260572655834,0.0
2021-03-10 20:00:00,0.17364016736401675,0.6653386454183265,0.26999255398361877,0.17586145331190872,0.3111593880462237,0.4469933184855234,0.5,0.16987782429792575,0.3450620246144472,0.07897412953834461,0.2802047467790885,0.686366641521659,0.0
2021-03-10 20:10:00,0.1708507670850767,0.4581673306772909,0.26284437825763196,0.17479021603285116,0.3125727971103637,0.2299554565701559,0.5,0.16987782429792575,0.3450620246144472,0.07897412953834461,0.2802047467790885,0.686366641521659,0.0
2021-03-10 20:20:00,0.1701534170153417,-0.19521912350597614,0.25867460908413986,0.17229066238171753,0.32767533470311866,0.8438752783964366,0.5,0.16987782429792575,0.3450620246144472,0.07897412953834461,0.2802047467790885,0.686366641521659,0.0
2021-03-10 20:30:00,0.14574616457461645,0.2350597609561753,0.25033507073715544,0.17086234600964123,0.32767533470311866,0.9995545657015591,0.5,0.16987782429792575,0.3450620246144472,0.07897412953834461,0.2802047467790885,0.686366641521659,0.0
2021-03-10 20:40:00,0.15202231520223153,0.8486055776892429,0.23812360387192832,0.16336368505623988,0.32767533470311866,0.9995545657015591,0.5,0.16987782429792575,0.3450620246144472,0.07897412953834461,0.2802047467790885,0.686366641521659,0.0
2021-03-10 20:50:00,0.24267782426778242,0.15537848605577675,0.2300819061801933,0.15015175861453312,0.3470050123673293,0.32839643652561246,0.5,0.16987782429792575,0.3450620246144472,0.07897412953834461,0.2802047467790885,0.686366641521659,0.05833094436984172
2021-03-10 21:00:00,0.2412831241283124,0.05976095617529875,0.24259121370067005,0.13015532940546337,0.35188650848699793,0.00044543429844097997,0.5,0.13679346065986397,0.35563365104725114,0.09520950771137665,0.26263603751618747,0.6794535941835039,0.09749234274333479
2021-03-10 21:10:00,0.24686192468619247,-0.02788844621513953,0.2491437081161576,0.1312265666845207,0.35188650848699793,0.00022271714922048998,0.5,0.13679346065986397,0.35563365104725114,0.09520950771137665,0.26263603751618747,0.6794535941835039,0.10145299274258038
2021-03-10 21:20:00,0.18898186889818688,0.3306772908366533,0.25361131794489955,0.1376539903588645,0.3580243682192355,0.00033407572383073496,0.5,0.13679346065986397,0.35563365104725114,0.09520950771137665,0.26263603751618747,0.6794535941835039,0.05790093094135221
2021-03-10 21:30:00,0.1596931659693166,0.08366533864541825,0.2524199553239015,0.15657918228887713,0.3657065082252555,0.00033407572383073496,0.5,0.13679346065986397,0.35563365104725114,0.09520950771137665,0.26263603751618747,0.6794535941835039,0.0326659323747303
2021-03-10 21:40:00,0.1311018131101813,0.7131474103585655,0.2530156366344005,0.18478843063738615,0.3657065082252555,0.00022271714922048998,0.5,0.13679346065986397,0.35563365104725114,0.09520950771137665,0.26263603751618747,0.6794535941835039,0.020022028758091042
2021-03-10 21:50:00,0.1680613668061367,0.31474103585657365,0.25420699925539814,0.21656846991608636,0.3738074361021319,0.00033407572383073496,0.5,0.13679346065986397,0.35563365104725114,0.09520950771137665,0.26263603751618747,0.6794535941835039,0.03938017713535616
2021-03-10 22:00:00,0.15481171548117156,-0.5776892430278885,0.255398361876396,0.235493661846099,0.3790030231249428,0.00033407572383073496,0.5,0.041180159047542464,0.37081150666509577,0.1673364354604247,0.25278424791588977,0.7148740777755171,0.03839944475459058
2021-03-10 22:10:00,0.21548117154811713,-0.5856573705179284,0.2524199553239015,0.2479914301017676,0.365680333983327,0.00033407572383073496,0.5,0.041180159047542464,0.37081150666509577,0.1673364354604247,0.25278424791588977,0.7148740777755171,0.07145012598639044
2021-03-10 22:20:00,0.15132496513249652,-0.2270916334661356,0.2556962025316454,0.2590608819853597,0.365680333983327,0.00033407572383073496,0.5,0.041180159047542464,0.37081150666509577,0.1673364354604247,0.25278424791588977,0.7148740777755171,0.02078398237699353
2021-03-10 22:30:00,0.11157601115760113,-0.19521912350597614,0.23484735666418444,0.25798964470630237,0.365680333983327,0.00033407572383073496,0.5,0.041180159047542464,0.37081150666509577,0.1673364354604247,0.25278424791588977,0.7148740777755171,0.009505559998189417
2021-03-10 22:40:00,0.11297071129707113,-0.50597609561753,0.20089352196574817,0.18978753793965364,0.365680333983327,0.00022271714922048998,0.5,0.041180159047542464,0.37081150666509577,0.1673364354604247,0.25278424791588977,0.7148740777755171,0.008298504760324095
2021-03-10 22:50:00,0.10181311018131102,-0.4820717131474104,0.18897989575577068,0.14979467952151415,0.365680333983327,0.0008908685968819599,0.5,0.041180159047542464,0.37081150666509577,0.1673364354604247,0.25278424791588977,0.7148740777755171,0.0
2021-03-10 23:00:00,0.08716875871687588,-0.4900398406374503,0.18212956068503328,0.12658453847527218,0.3619766787504417,0.0811804008908686,0.5,-0.03573713496294317,0.37591197878203597,0.20386499013322715,0.24432597272763443,0.7859181401384054,0.0
2021-03-10 23:10:00,0.07461645746164575,-0.5351925630810095,0.18064035740878626,0.11408677021960378,0.3492690842941461,0.9979955456570156,0.5,-0.03573713496294317,0.37591197878203597,0.20386499013322715,0.24432597272763443,0.7859181401384054,0.0
2021-03-10 23:20:00,0.029288702928870293,-0.5803452855245685,0.18451228592702873,0.13836814854490287,0.3492690842941461,0.9979955456570156,0.5,-0.03573713496294317,0.37591197878203597,0.20386499013322715,0.24432597272763443,0.7859181401384054,0.0
2021-03-10 23:30:00,0.024407252440725242,-0.6254980079681275,0.17915115413253901,0.142653097661132,0.3492690842941461,0.9979955456570156,0.5,-0.03573713496294317,0.37591197878203597,0.20386499013322715,0.24432597272763443,0.7859181401384054,0.0
2021-03-10 23:40:00,0.05090655509065551,-0.6706507304116867,0.17319434102755027,0.1376539903588645,0.3492690842941461,0.9979955456570156,0.5,-0.03573713496294317,0.37591197878203597,0.20386499013322715,0.24432597272763443,0.7859181401384054,0.0
2021-03-10 23:50:00,0.10460251046025104,-0.5874280655157149,0.16604616530156346,0.12944117121942522,0.3492690842941461,0.9979955456570156,0.5,-0.03573713496294317,0.37591197878203597,0.20386499013322715,0.24432597272763443,0.7859181401384054,0.0
2021-03-11 00:00:00,0.11436541143654114,-0.5042054006197434,0.15860014892032748,0.11587216568469927,0.3492690842941461,0.9979955456570156,0.5,-0.027626864312627952,0.3763659926380796,0.2043788409620272,0.2279354167229295,0.8918735906030077,0.0
2021-03-11 00:10:00,0.14086471408647142,-0.42098273572377165,0.15264333581533873,0.10551687198714532,0.3492690842941461,0.9979955456570156,0.5,-0.027626864312627952,0.3763659926380796,0.2043788409620272,0.2279354167229295,0.8918735906030077,0.0
2021-03-11 00:20:00,0.16596931659693165,-0.3377600708278,0.1478778853313476,0.09694697375468664,0.3492690842941461,0.9979955456570156,0.5,-0.027626864312627952,0.3763659926380796,0.2043788409620272,0.2279354167229295,0.8918735906030077,0.0
2021-03-11 00:30:00,0.18200836820083682,-0.2545374059318284,0.1434102755026061,0.09694697375468664,0.448220805904909,0.9623608017817372,0.5,-0.027626864312627952,0.3763659926380796,0.2043788409620272,0.2279354167229295,0.8918735906030077,0.0
2021-03-11 00:40:00,0.1589958158995816,-0.17131474103585675,0.14221891288160804,0.11480092840564193,0.49080629752260796,0.9517817371937639,0.5,-0.027626864312627952,0.3763659926380796,0.2043788409620272,0.2279354167229295,0.8918735906030077,0.0
2021-03-11 00:50:00,0.15341701534170155,0.06772908366533859,0.13924050632911378,0.11087305838243178,0.490400596772716,0.9995545657015591,0.5,-0.027626864312627952,0.3763659926380796,0.2043788409620272,0.2279354167229295,0.8918735906030077,0.0
2021-03-11 01:00:00,0.199442119944212,0.2669322709163344,0.13924050632911378,0.10373147652204961,0.490400596772716,0.8198218262806237,0.5,-0.1552801776252134,0.36175134408215953,0.24860780284766187,0.25720918234931256,0.9892294961102368,0.0012824961902319055
2021-03-11 01:10:00,0.1792189679218968,0.12350597609561742,0.14728220402084857,0.10158900196393517,0.5035269790998678,0.00011135857461024499,0.5,-0.1552801776252134,0.36175134408215953,0.24860780284766187,0.25720918234931256,0.9892294961102368,0.06653137589208927
2021-03-11 01:20:00,0.21408647140864714,0.043824701195219085,0.1594936708860759,0.1183717193358329,0.5049534752849721,0.00011135857461024499,0.5,-0.1552801776252134,0.36175134408215953,0.24860780284766187,0.25720918234931256,0.9892294961102368,0.07909229446112528
2021-03-11 01:30:00,0.2315202231520223,0.4581673306772909,0.16813104988830951,0.12765577575432951,0.5049534752849721,0.00011135857461024499,0.5,-0.1552801776252134,0.36175134408215953,0.24860780284766187,0.25720918234931256,0.9892294961102368,0.09997435007619537
2021-03-11 01:40:00,0.1492329149232915,0.1872509960159361,0.17319434102755027,0.1376539903588645,0.5049534752849721,0.00011135857461024499,0.5,-0.1552801776252134,0.36175134408215953,0.24860780284766187,0.25720918234931256,0.9892294961102368,0.04769377008615357
2021-03-11 01:50:00,0.14435146443514643,-0.4820717131474104,0.17766195085629177,0.16193536868416358,0.5049534752849721,0.00011135857461024499,0.5,-0.1552801776252134,0.36175134408215953,0.24860780284766187,0.25720918234931256,0.9892294961102368,0.033148754469876425
2021-03-11 02:00:00,0.15690376569037656,-0.08366533864541836,0.18361876396128052,0.19157293340474912,0.4923113164334978,0.00011135857461024499,0.5,-0.15769250652803346,0.3647311692006185,0.25414679013797,0.3024333521070531,0.05128839179145625,0.027596300375695944
2021-03-11 02:10:00,0.11436541143654114,0.49800796812749004,0.18778853313477262,0.2208534190323157,0.48852913847482693,0.00011135857461024499,0.5,-0.15769250652803346,0.3647311692006185,0.25414679013797,0.3024333521070531,0.05128839179145625,0.007468654284291686
2021-03-11 02:20:00,0.09623430962343095,0.2749003984063745,0.1904690990320177,0.2594179610783791,0.5017340435277643,0.00011135857461024499,0.5,-0.15769250652803346,0.3647311692006185,0.25414679013797,0.3024333521070531,0.05128839179145625,0.0021953317138675562
2021-03-11 02:30:00,0.08507670850767085,0.40239043824701204,0.1907669396872671,0.29976789858953756,0.5050581722526861,0.00011135857461024499,0.5,-0.15769250652803346,0.3647311692006185,0.25414679013797,0.3024333521070531,0.05128839179145625,0.0
2021-03-11 02:40:00,0.08577405857740586,0.38645418326693215,0.1514519731943409,0.2594179610783791,0.5050581722526861,0.00011135857461024499,0.5,-0.15769250652803346,0.3647311692006185,0.25414679013797,0.3024333521070531,0.05128839179145625,0.0051526170466375965
2021-03-11 02:50:00,0.09902370990237098,0.6015936254980081,0.13060312732687973,0.1780039278700234,0.5125832668071351,0.00011135857461024499,0.5,-0.15769250652803346,0.3647311692006185,0.25414679013797,0.3024333521070531,0.05128839179145625,0.0047980445705146585
2021-03-11 03:00:00,0.07182705718270573,0.4581673306772909,0.11988086373789986,0.13515443670773086,0.5269921869887844,0.00011135857461024499,0.5,-0.17945833248560894,0.355446873195079,0.2763718529965607,0.33724784191222046,0.07132901082167122,0.0
2021-03-11 03:10:00,0.0599721059972106,0.4953519256308099,0.10320178704393146,0.10837350473129792,0.5643690044627082,0.4295100222717149,0.5,-0.17945833248560894,0.355446873195079,0.2763718529965607,0.33724784191222046,0.07132901082167122,0.0
2021-03-11 03:20:00,0.06764295676429567,0.5325365205843293,0.11541325390915858,0.10730226745224059,0.5729279815733337,0.9995545657015591,0.5,-0.17945833248560894,0.355446873195079,0.2763718529965607,0.33724784191222046,0.07132901082167122,0.0
2021-03-11 03:30:00,0.05718270571827057,0.5697211155378485,0.1195830230826509,0.12765577575432951,0.5729279815733337,0.9995545657015591,0.5,-0.17945833248560894,0.355446873195079,0.2763718529965607,0.33724784191222046,0.07132901082167122,0.0
2021-03-11 03:40:00,0.058577405857740586,0.6069057104913675,0.1174981384959044,0.12908409212640604,0.5729279815733337,0.9995545657015591,0.5,-0.17945833248560894,0.355446873195079,0.2763718529965607,0.33724784191222046,0.07132901082167122,0.0
2021-03-11 03:50:00,0.06624825662482565,0.644090305444887,0.11541325390915858,0.12301374754508143,0.5729279815733337,0.9995545657015591,0.5,-0.17945833248560894,0.355446873195079,0.2763718529965607,0.33724784191222046,0.07132901082167122,0.0
2021-03-11 04:00:00,0.059274755927475595,0.6812749003984064,0.11541325390915858,0.11444384931262275,0.5729279815733337,0.9995545657015591,0.5,-0.2153051657598518,0.3573146517167754,0.28053947235433085,0.37300045144908966,0.07454407228888928,0.0
2021-03-11 04:10:00,0.059274755927475595,0.7184594953519254,0.1130305286671629,0.10444563470808776,0.5729279815733337,0.9995545657015591,0.5,-0.2153051657598518,0.3573146517167754,0.28053947235433085,0.37300045144908966,0.07454407228888928,0.0
2021-03-11 04:20:00,0.0885634588563459,0.7556440903054447,0.10915860014891998,0.09516157828959115,0.5729279815733337,0.9995545657015591,0.5,-0.2153051657598518,0.3573146517167754,0.28053947235433085,0.37300045144908966,0.07454407228888928,0.0
2021-03-11 04:30:00,0.11715481171548117,0.714032757857459,0.10677587490692453,0.08552044277807536,0.5729279815733337,0.9995545657015591,0.5,-0.2153051657598518,0.3573146517167754,0.28053947235433085,0.37300045144908966,0.07454407228888928,0.0
2021-03-11 04:40:00,0.1324965132496513,0.6724214254094729,0.101712583767684,0.07695054454561667,0.5729279815733337,0.9995545657015591,0.5,-0.2153051657598518,0.3573146517167754,0.28053947235433085,0.37300045144908966,0.07454407228888928,0.0
2021-03-11 04:50:00,0.1206415620641562,0.6308100929614873,0.09218168279970218,0.06945188359221577,0.5729279815733337,0.9995545657015591,0.5,-0.2153051657598518,0.3573146517167754,0.28053947235433085,0.37300045144908966,0.07454407228888928,0.0
2021-03-11 05:00:00,0.08716875871687588,0.5891987605135014,0.0856291883842144,0.061596143545795234,0.5729279815733337,0.9995545657015591,0.5,-0.23121222137245967,0.3426540270741665,0.3081113991059858,0.39317357419891336,0.07871081498709546,0.0
2021-03-11 05:10:00,0.06764295676429567,0.5475874280655155,0.0939687267311986,0.061596143545795234,0.5729279815733337,0.9995545657015591,0.5,-0.23121222137245967,0.3426540270741665,0.3081113991059858,0.39317357419891336,0.07871081498709546,0.0
2021-03-11 05:20:00,0.08926080892608089,0.5059760956175297,0.09784065524944152,0.0576682735225853,0.5729279815733337,0.9995545657015591,0.5,-0.23121222137245967,0.3426540270741665,0.3081113991059858,0.39317357419891336,0.07871081498709546,0.0
2021-03-11 05:30:00,0.09205020920502092,0.4824701195219123,0.08979895755770673,0.05124084984824129,0.5729279815733337,0.9995545657015591,0.5,-0.23121222137245967,0.3426540270741665,0.3081113991059858,0.39317357419891336,0.07871081498709546,0.0
2021-03-11 05:40:00,0.10390516039051603,0.45896414342629455,0.08294862248696933,0.04695590073201217,0.5729279815733337,0.9995545657015591,0.5,-0.23121222137245967,0.3426540270741665,0.3081113991059858,0.39317357419891336,0.07871081498709546,0.0
2021-03-11 05:50:00,0.10529986052998605,0.4354581673306772,0.07788533134772879,0.041242635243706305,0.5729279815733337,0.9995545657015591,0.5,-0.23121222137245967,0.3426540270741665,0.3081113991059858,0.39317357419891336,0.07871081498709546,0.0
2021-03-11 06:00:00,0.11018131101813111,0.41195219123505966,0.07490692479523453,0.035529369755400886,0.5729279815733337,0.9995545657015591,0.5,-0.3152687441861396,0.35099868680802476,0.3949895993396535,0.40713981870845817,0.09651659428131121,0.0
2021-03-11 06:10:00,0.09553695955369597,0.3884462151394421,0.07371556217423669,0.030887341546152358,0.5729279815733337,0.9995545657015591,0.5,-0.3152687441861396,0.35099868680802476,0.3949895993396535,0.40713981870845817,0.09651659428131121,0.0
2021-03-11 06:20:00,0.099721059972106,0.36494023904382455,0.07252419955323886,0.02803070880199976,0.5729279815733337,0.9995545657015591,0.5,-0.3152687441861396,0.35099868680802476,0.3949895993396535,0.40713981870845817,0.09651659428131121,0.0
2021-03-11 06:30:00,0.11227336122733612,0.3414342629482072,0.06775874906924773,0.02231744331369412,0.5729279815733337,0.9995545657015591,0.5,-0.3152687441861396,0.35099868680802476,0.3949895993396535,0.40713981870845817,0.09651659428131121,0.0
2021-03-11 06:40:00,0.10739191073919108,0.31792828685258945,0.06775874906924773,0.020174968755579448,0.5729279815733337,0.9995545657015591,0.5,-0.3152687441861396,0.35099868680802476,0.3949895993396535,0.40713981870845817,0.09651659428131121,0.0
2021-03-11 06:50:00,0.11227336122733612,0.2944223107569721,0.06775874906924773,0.018746652383502926,0.5729279815733337,0.9995545657015591,0.5,-0.3152687441861396,0.35099868680802476,0.3949895993396535,0.40713981870845817,0.09651659428131121,0.0
2021-03-11 07:00:00,0.1087866108786611,0.27091633466135456,0.06775874906924773,0.014818782360292992,0.5729279815733337,0.9995545657015591,0.5,-0.34389696830422556,0.36971957460625704,0.424273516759818,0.4339480829057184,0.10785586081556378,0.0
2021-03-11 07:10:00,0.11087866108786612,0.247410358565737,0.06775874906924773,0.010533833244063429,0.5729279815733337,0.9995545657015591,0.5,-0.34389696830422556,0.36971957460625704,0.424273516759818,0.4339480829057184,0.10785586081556378,0.0
2021-03-11 07:20:00,0.11785216178521618,0.22390438247011946,0.06775874906924773,0.006605963220853273,0.5729279815733337,0.9995545657015591,0.5,-0.34389696830422556,0.36971957460625704,0.424273516759818,0.4339480829057184,0.10785586081556378,0.0
2021-03-11 07:30:00,0.13528591352859135,0.2003984063745019,0.06775874906924773,-0.0005356186395285567,0.5729279815733337,0.9995545657015591,0.5,-0.34389696830422556,0.36971957460625704,0.424273516759818,0.4339480829057184,0.10785586081556378,0.0
2021-03-11 07:40:00,0.1290097629009763,0.17689243027888435,0.06775874906924773,-0.005177646848776973,0.5729279815733337,0.9995545657015591,0.5,-0.34389696830422556,0.36971957460625704,0.424273516759818,0.4339480829057184,0.10785586081556378,0.0
2021-03-11 07:50:00,0.1311018131101813,0.1533864541832668,0.06686522710349951,-0.012319228709159136,0.5729279815733337,0.9995545657015591,0.5,-0.34389696830422556,0.36971957460625704,0.424273516759818,0.4339480829057184,0.10785586081556378,0.0
2021-03-11 08:00:00,0.1387726638772664,0.12988047808764924,0.06716306775874892,-0.01838957329048374,0.5729279815733337,0.9995545657015591,0.5,-0.3368004648086551,0.36571678155899273,0.42712226923221785,0.45682040300279486,0.12296599318356177,0.0
2021-03-11 08:10:00,0.13668061366806136,0.10637450199203169,0.07222635889798945,-0.02053204784859841,0.5729279815733337,0.9995545657015591,0.5,-0.3368004648086551,0.36571678155899273,0.42712226923221785,0.45682040300279486,0.12296599318356177,0.0
2021-03-11 08:20:00,0.15132496513249652,0.08286852589641436,0.07520476545048371,-0.024816996964827642,0.5729279815733337,0.9995545657015591,0.5,-0.3368004648086551,0.36571678155899273,0.42712226923221785,0.45682040300279486,0.12296599318356177,0.0
2021-03-11 08:30:00,0.1806136680613668,0.059362549800796804,0.08026805658972425,-0.027673629708980574,0.5738833414037245,0.9995545657015591,0.5,-0.3368004648086551,0.36571678155899273,0.42712226923221785,0.45682040300279486,0.12296599318356177,0.0
2021-03-11 08:40:00,0.20781032078103207,0.03585657370517925,0.08771407297096023,-0.021246206034636783,0.6333904804282106,0.20857461024498888,0.5,-0.3368004648086551,0.36571678155899273,0.42712226923221785,0.45682040300279486,0.12296599318356177,0.056844757608220046
2021-03-11 08:50:00,0.2189679218967922,0.01195219123505975,0.10349962769918086,0.010176754151044465,0.6315321092512859,0.00011135857461024499,0.5,-0.3368004648086551,0.36571678155899273,0.42712226923221785,0.45682040300279486,0.12296599318356177,0.1162016989302473
2021-03-11 09:00:00,0.19386331938633192,0.043824701195219085,0.11928518242740127,0.03445813247634355,0.6315321092512859,0.00022271714922048998,0.5,-0.2845793991974581,0.3780671078455318,0.3780628305647908,0.4519070387664019,0.14569572442663442,0.08674955112633342
2021-03-11 09:10:00,0.1708507670850767,0.38645418326693215,0.1317944899478778,0.061596143545795234,0.6315321092512859,0.00022271714922048998,0.5,-0.2845793991974581,0.3780671078455318,0.3780628305647908,0.4519070387664019,0.14569572442663442,0.07441495541439716
2021-03-11 09:20:00,0.25383542538354253,-0.3466135458167332,0.13894266567386415,0.08123549366184624,0.6315321092512859,0.00022271714922048998,0.5,-0.2845793991974581,0.3780671078455318,0.3780628305647908,0.4519070387664019,0.14569572442663442,0.14153477073494578
2021-03-11 09:30:00,0.18758716875871687,0.01195219123505975,0.14877140729709604,0.08873415461524736,0.6315321092512859,0.00022271714922048998,0.5,-0.2845793991974581,0.3780671078455318,0.3780628305647908,0.4519070387664019,0.14569572442663442,0.08008057093712752
2021-03-11 09:40:00,0.2768479776847978,0.13147410358565725,0.1603871928518239,0.10658810926620266,0.6444883590059023,0.00033407572383073496,0.5,-0.2845793991974581,0.3780671078455318,0.3780628305647908,0.4519070387664019,0.14569572442663442,0.139233821687765
2021-03-11 09:50:00,0.21478382147838215,-0.5378486055776892,0.16604616530156346,0.11015890019639363,0.6350525447906715,0.00033407572383073496,0.5,-0.2845793991974581,0.3780671078455318,0.3780628305647908,0.4519070387664019,0.14569572442663442,0.09427101407728171
2021-03-11 10:00:00,0.20223152022315202,0.14741035856573692,0.17289650037230064,0.12408498482413854,0.6016803863318109,0.00022271714922048998,0.5,0.106257773354417,0.39058409744631506,0.17677597156421546,0.43084027707396694,0.18931879435627205,0.06995639512953213
2021-03-11 10:10:00,0.24407252440725244,0.4661354581673305,0.18391660461653014,0.14051062310301732,0.6171886246744579,0.00033407572383073496,0.5,0.106257773354417,0.39058409744631506,0.17677597156421546,0.43084027707396694,0.18931879435627205,0.11029467235994386
2021-03-11 10:20:00,0.23709902370990238,0.2828685258964143,0.15591958302308262,0.10623103017318325,0.6293334729292903,0.00044543429844097997,0.5,0.106257773354417,0.39058409744631506,0.17677597156421546,0.43084027707396694,0.18931879435627205,0.12005673159617966
2021-03-11 10:30:00,0.24546722454672246,0.043824701195219085,0.1365599404318687,0.05409748259239433,0.6368716546047035,0.00033407572383073496,0.5,0.106257773354417,0.39058409744631506,0.17677597156421546,0.43084027707396694,0.18931879435627205,0.12554883292846689
2021-03-11 10:40:00,0.19316596931659694,-0.1872509960159363,0.1362620997766193,0.03588644884841985,0.6458886809490779,0.00022271714922048998,0.5,0.106257773354417,0.39058409744631506,0.17677597156421546,0.43084027707396694,0.18931879435627205,0.08676463931680674
2021-03-11 10:50:00,0.2175732217573222,-0.2749003984063746,0.13834698436336557,0.03017318336011443,0.6458886809490779,0.00044543429844097997,0.5,0.106257773354417,0.39058409744631506,0.17677597156421546,0.43084027707396694,0.18931879435627205,0.103603059885028
2021-03-11 11:00:00,0.33472803347280333,0.3784860557768923,0.14132539091585983,0.028387787895018723,0.6458886809490779,0.00111358574610245,0.5,0.14291685441676605,0.40644297384822725,0.15657143813683674,0.5091506681236835,0.2399448098510964,0.2392760686210903
2021-03-11 11:10:00,0.3054393305439331,-0.17131474103585675,0.1365599404318687,0.02231744331369412,0.6458886809490779,0.00044543429844097997,0.5,0.14291685441676605,0.40644297384822725,0.15657143813683674,0.5091506681236835,0.2399448098510964,0.20630082834165697
2021-03-11 11:20:00,0.33403068340306835,-0.298804780876494,0.13983618763961259,0.02517407605784694,0.6406669196843385,0.00033407572383073496,0.5,0.14291685441676605,0.40644297384822725,0.15657143813683674,0.5091506681236835,0.2399448098510964,0.23597929900267062
2021-03-11 11:30:00,0.3668061366806137,0.06772908366533859,0.14519731943410275,0.027673629708980574,0.6319901584850348,0.00044543429844097997,0.5,0.14291685441676605,0.40644297384822725,0.15657143813683674,0.5091506681236835,0.2399448098510964,0.2979993059432382
2021-03-11 11:40:00,0.394700139470014,-0.14741035856573714,0.1594936708860759,0.031958578825209694,0.6405229613537319,0.005345211581291759,0.5,0.14291685441676605,0.40644297384822725,0.15657143813683674,0.5091506681236835,0.2399448098510964,0.3230457021289437
2021-03-11 11:50:00,0.4246861924686192,-0.19521912350597614,0.17289650037230064,0.04267095161578305,0.6291109918728979,0.008463251670378619,0.5,0.14291685441676605,0.40644297384822725,0.15657143813683674,0.5091506681236835,0.2399448098510964,0.3819198213558248
2021-03-11 12:00:00,0.3542538354253836,-0.06772908366533881,0.1857036485480268,0.058025352615604486,0.625433510881941,0.0066815144766146995,0.5,0.16199555536729582,0.39998333366857686,0.1401517990422237,0.591529026233561,0.2656908477415285,0.30039832822849555
2021-03-11 12:10:00,0.39121338912133896,0.05179282868525892,0.19761727475800428,0.07802178182467423,0.6263496093494393,0.010356347438752784,0.5,0.16199555536729582,0.39998333366857686,0.1401517990422237,0.591529026233561,0.2656908477415285,0.3406837967922507
2021-03-11 12:20:00,0.4288702928870293,0.03585657370517925,0.209530900967982,0.0848062845920372,0.6327099501380692,0.012917594654788419,0.5,0.16199555536729582,0.39998333366857686,0.1401517990422237,0.591529026233561,0.2656908477415285,0.39837349306697645
2021-03-11 12:30:00,0.45746164574616455,-0.12350597609561753,0.21876396128071485,0.09373326191751485,0.6302364842758242,0.028507795100222718,0.5,0.16199555536729582,0.39998333366857686,0.1401517990422237,0.591529026233561,0.2656908477415285,0.3904521930684853
2021-03-11 12:40:00,0.4456066945606694,-0.059760956175298974,0.22769918093819785,0.10730226745224059,0.6321995524204631,0.05979955456570156,0.5,0.16199555536729582,0.39998333366857686,0.1401517990422237,0.591529026233561,0.2656908477415285,0.2876412631833064
2021-03-11 12:50:00,0.47629009762900976,0.09960159362549792,0.2333581533879372,0.12229958935904306,0.6375652720158091,0.0680400890868597,0.5,0.16199555536729582,0.39998333366857686,0.1401517990422237,0.591529026233561,0.2656908477415285,0.3010320322283748
2021-03-11 13:00:00,0.41492329149232915,0.15537848605577675,0.24169769173492162,0.12372790573111936,0.6298307835259321,0.4684855233853007,0.5,0.3016290315963821,0.38711577640679795,0.08484524301834354,0.599289206175798,0.2784337944357809,0.06376269294023568
2021-03-11 13:10:00,0.4435146443514645,-0.02788844621513953,0.2646314221891286,0.14051062310301732,0.6436900446270825,0.8678173719376393,0.5,0.3016290315963821,0.38711577640679795,0.08484524301834354,0.599289206175798,0.2784337944357809,0.02512938123330869
2021-03-11 13:20:00,0.5111576011157601,-0.21115537848605592,0.2842889054355917,0.16550615961435455,0.6440957453769744,0.9996659242761693,0.5,0.3016290315963821,0.38711577640679795,0.08484524301834354,0.599289206175798,0.2784337944357809,0.0
2021-03-11 13:30:00,0.5034867503486751,-0.3944223107569722,0.29709605361131786,0.17550437421888954,0.6440957453769744,0.9996659242761693,0.5,0.3016290315963821,0.38711577640679795,0.08484524301834354,0.599289206175798,0.2784337944357809,0.0
2021-03-11 13:40:00,0.5097629009762901,0.06772908366533859,0.30483991064780347,0.18157471880021436,0.6440957453769744,0.9996659242761693,0.5,0.3016290315963821,0.38711577640679795,0.08484524301834354,0.599289206175798,0.2784337944357809,0.0
2021-03-11 13:50:00,0.48465829846582986,-0.2749003984063746,0.31556217423678334,0.18264595607927148,0.6444883590059023,0.6748329621380846,0.5,0.3016290315963821,0.38711577640679795,0.08484524301834354,0.599289206175798,0.2784337944357809,0.09652669855304254
2021-03-11 14:00:00,0.50697350069735,-0.043824701195219196,0.3143708116157853,0.1794322442420997,0.6291240789938621,0.00044543429844097997,0.5,0.3012544430484323,0.37006152175099905,0.08425974220971326,0.5865717326975358,0.28980576176827955,0.5800277622704709
2021-03-11 14:10:00,0.4246861924686192,-0.05179282868525903,0.29798957557706607,0.16443492233529722,0.6361780371935978,0.00033407572383073496,0.5,0.3012544430484323,0.37006152175099905,0.08425974220971326,0.5865717326975358,0.28980576176827955,0.44541092686754075
2021-03-11 14:20:00,0.4211994421199442,0.2111553784860556,0.30067014147431115,0.17086234600964123,0.639829343942626,0.013808463251670379,0.5,0.3012544430484323,0.37006152175099905,0.08425974220971326,0.5865717326975358,0.28980576176827955,0.37825339107080885
2021-03-11 14:30:00,0.4337517433751743,-0.01195219123505975,0.3051377513030529,0.17657561149794687,0.6318723743963566,0.019933184855233856,0.5,0.3012544430484323,0.37006152175099905,0.08425974220971326,0.5865717326975358,0.28980576176827955,0.3938168595440349
2021-03-11 14:40:00,0.4490934449093445,-0.12350597609561753,0.30603127326880086,0.18264595607927148,0.6392665977411629,0.01024498886414254,0.5,0.3012544430484323,0.37006152175099905,0.08425974220971326,0.5865717326975358,0.28980576176827955,0.4610422921978967
2021-03-11 14:50:00,0.4211994421199442,0.01195219123505975,0.3096053611317944,0.18585966791644348,0.6435984347803326,0.009688195991091315,0.5,0.3012544430484323,0.37006152175099905,0.08425974220971326,0.5865717326975358,0.28980576176827955,0.39606499992455907
2021-03-11 15:00:00,0.4790794979079498,0.09960159362549792,0.3146686522710349,0.20014283163720759,0.6495792490609991,0.0013363028953229399,0.5,0.3031599050504248,0.3487085029898828,0.08437767934465505,0.5750352964961121,0.2927294036960187,0.517683359234727
2021-03-11 15:10:00,0.4246861924686192,-0.01195219123505975,0.3185405807892776,0.2015711480092841,0.6464121657876485,0.0026726057906458797,0.5,0.3031599050504248,0.3487085029898828,0.08437767934465505,0.5750352964961121,0.2927294036960187,0.40434841649440983
2021-03-11 15:20:00,0.4456066945606694,0.12350597609561742,0.32330603127326873,0.2065702553115516,0.6429571658530839,0.0016703786191536749,0.5,0.3031599050504248,0.3487085029898828,0.08437767934465505,0.5750352964961121,0.2927294036960187,0.4752629117189976
2021-03-11 15:30:00,0.4755927475592748,-0.2270916334661356,0.3268801191362618,0.21942510266023918,0.6580466163248747,0.000556792873051225,0.5,0.3031599050504248,0.3487085029898828,0.08437767934465505,0.5750352964961121,0.2927294036960187,0.5282601807565219
2021-03-11 15:40:00,0.48326359832635984,0.03585657370517925,0.32866716306775867,0.21799678628816288,0.6412820143696588,0.0014476614699331849,0.5,0.3031599050504248,0.3487085029898828,0.08437767934465505,0.5750352964961121,0.2927294036960187,0.5621482565595908
2021-03-11 15:50:00,0.5739191073919108,-0.17131474103585675,0.3298585256887563,0.22299589359043037,0.6552459724385233,0.0024498886414253897,0.5,0.3031599050504248,0.3487085029898828,0.08437767934465505,0.5750352964961121,0.2927294036960187,0.7464731354768623
2021-03-11 16:00:00,0.5181311018131102,-0.043824701195219196,0.3349218168279968,0.23120871272986965,0.6589888890343013,0.0008908685968819599,0.5,0.36308306620288056,0.3261313709206982,0.0637805293906315,0.5762173734661914,0.2917309710744024,0.6323762391176426
2021-03-11 16:10:00,0.5397489539748954,0.027888446215139417,0.33968726731198795,0.24620603463667212,0.6463074688199343,0.0036748329621380848,0.5,0.36308306620288056,0.3261313709206982,0.0637805293906315,0.5762173734661914,0.2917309710744024,0.6671469740634006
2021-03-11 16:20:00,0.4755927475592748,-0.11553784860557781,0.34058078927773616,0.2672737011247992,0.6574838701234115,0.000779510022271715,0.5,0.36308306620288056,0.3261313709206982,0.0637805293906315,0.5762173734661914,0.2917309710744024,0.5026404333328304
2021-03-11 16:30:00,0.4595536959553696,-0.07569721115537853,0.34296351451973184,0.28048562756650597,0.6402088704505896,0.0008908685968819599,0.5,0.36308306620288056,0.3261313709206982,0.0637805293906315,0.5762173734661914,0.2917309710744024,0.46451257600675955
2021-03-11 16:40:00,0.5557880055788006,0.01195219123505975,0.34415487714072945,0.280128548473487,0.6551020141079165,0.0006681514476614699,0.5,0.36308306620288056,0.3261313709206982,0.0637805293906315,0.5762173734661914,0.2917309710744024,0.7341083633839794
2021-03-11 16:50:00,0.4735006973500697,-0.1633466135458168,0.33879374534623974,0.2658453847527229,0.6482574498436089,0.00111358574610245,0.5,0.36308306620288056,0.3261313709206982,0.0637805293906315,0.5762173734661914,0.2917309710744024,0.5054770131418139
2021-03-11 17:00:00,0.5411436541143654,0.33864541832669315,0.33938942665673855,0.2740582038921622,0.6565285102930206,0.0010022271714922048,0.5,0.3623013698447377,0.32670032499346413,0.06360311643172448,0.5917717448808602,0.28994086919692064,0.6516212260663579
2021-03-11 17:10:00,0.6052998605299861,0.05976095617529875,0.33938942665673855,0.2787002321014105,0.6565023360510921,0.00155902004454343,0.5,0.3623013698447377,0.32670032499346413,0.06360311643172448,0.5917717448808602,0.28994086919692064,0.7995835659429366
2021-03-11 17:20:00,0.6199442119944213,0.13147410358565725,0.33641102010424406,0.2654883056597035,0.6576278284540183,0.001893095768374165,0.5,0.3623013698447377,0.32670032499346413,0.06360311643172448,0.5917717448808602,0.28994086919692064,0.8620713067881769
2021-03-11 17:30:00,0.5767085076708507,-0.07569721115537853,0.3307520476545047,0.26334583110158905,0.6571305178573765,0.003006681514476615,0.5,0.3623013698447377,0.32670032499346413,0.06360311643172448,0.5917717448808602,0.28994086919692064,0.7956380041341643
2021-03-11 17:40:00,0.5223152022315203,-0.06772908366533881,0.3265822784810126,0.27120157114800936,0.6545523550274175,0.00044543429844097997,0.5,0.3623013698447377,0.32670032499346413,0.06360311643172448,0.5917717448808602,0.28994086919692064,0.6356428323551158
2021-03-11 17:50:00,0.4951185495118549,-0.07569721115537853,0.3191362620997764,0.2787002321014105,0.6525892868827786,0.00044543429844097997,0.5,0.3623013698447377,0.32670032499346413,0.06360311643172448,0.5917717448808602,0.28994086919692064,0.5579461955127722
2021-03-11 18:00:00,0.5767085076708507,-0.02788844621513953,0.31317944899478767,0.2737011247991432,0.6623130177592232,0.00033407572383073496,0.5,0.2354928569355914,0.3195596640297462,0.09306165690007696,0.6110805932415209,0.28546969505199776,0.7575629554747499
2021-03-11 18:10:00,0.5362622036262203,-0.3227091633466136,0.30781831720029773,0.2719157293340475,0.6638311237910772,0.00022271714922048998,0.5,0.2354928569355914,0.3195596640297462,0.09306165690007696,0.6110805932415209,0.28546969505199776,0.670979374443623
2021-03-11 18:20:00,0.6101813110181311,-0.03585657370517936,0.3051377513030529,0.27120157114800936,0.6597741162921569,0.00022271714922048998,0.5,0.2354928569355914,0.3195596640297462,0.09306165690007696,0.6110805932415209,0.28546969505199776,0.8483561416479322
2021-03-11 18:30:00,0.5732217573221757,-0.21912350597609564,0.3030528667163066,0.26834493840385654,0.6638572980330057,0.00044543429844097997,0.5,0.2354928569355914,0.3195596640297462,0.09306165690007696,0.6110805932415209,0.28546969505199776,0.7309322992893462
2021-03-11 18:40:00,0.5446304044630405,-0.13147410358565736,0.3015636634400596,0.270130333868952,0.6638572980330057,0.00011135857461024499,0.5,0.2354928569355914,0.3195596640297462,0.09306165690007696,0.6110805932415209,0.28546969505199776,0.7015857688187456
2021-03-11 18:50:00,0.5829846582984658,-0.33864541832669326,0.2985852568875649,0.27262988752008566,0.6638572980330057,0.00022271714922048998,0.5,0.2354928569355914,0.3195596640297462,0.09306165690007696,0.6110805932415209,0.28546969505199776,0.7839974651840005
2021-03-11 19:00:00,0.5146443514644351,-0.3784860557768924,0.2956068503350706,0.27441528298518114,0.6623653662430802,0.00022271714922048998,0.5,0.22564002077230416,0.32262569431074584,0.09151883627244087,0.6439139249740581,0.2926346399321018,0.5960514205531331
2021-03-11 19:10:00,0.49790794979079495,0.3306772908366533,0.2923306031273267,0.27441528298518114,0.658465404195731,0.00022271714922048998,0.5,0.22564002077230416,0.32262569431074584,0.09151883627244087,0.6439139249740581,0.2926346399321018,0.5799447772228676
2021-03-11 19:20:00,0.46234309623430964,0.2828685258964143,0.2833953834698437,0.2687020174968757,0.6638834722749342,0.00033407572383073496,0.5,0.22564002077230416,0.32262569431074584,0.09151883627244087,0.6439139249740581,0.2926346399321018,0.5209348642817266
2021-03-11 19:30:00,0.4546722454672245,0.2669322709163344,0.27326880119136243,0.2626316729155509,0.6638834722749342,0.00022271714922048998,0.5,0.22564002077230416,0.32262569431074584,0.09151883627244087,0.6439139249740581,0.2926346399321018,0.5015918040949349
2021-03-11 19:40:00,0.4588563458856346,-0.06772908366533881,0.26641846612062525,0.2540617746830922,0.6638834722749342,0.00033407572383073496,0.5,0.22564002077230416,0.32262569431074584,0.09151883627244087,0.6439139249740581,0.2926346399321018,0.5067293329510992
2021-03-11 19:50:00,0.4560669456066946,-0.12350597609561753,0.2568875651526432,0.24656311372969109,0.6638834722749342,0.00022271714922048998,0.5,0.22564002077230416,0.32262569431074584,0.09151883627244087,0.6439139249740581,0.2926346399321018,0.47978936886099255
2021-03-11 20:00:00,0.5362622036262203,-0.3227091633466136,0.2533134772896499,0.2383502945902518,0.6638834722749342,0.00011135857461024499,0.5,0.23257773020886008,0.3378035499285946,0.08446099622385585,0.5874569094412471,0.29888436204110286,0.6501576715904461
2021-03-11 20:10:00,0.5264993026499303,-0.3466135458167332,0.2482501861504094,0.23013747545081253,0.6588841920665873,0.00011135857461024499,0.5,0.23257773020886008,0.3378035499285946,0.08446099622385585,0.5874569094412471,0.29888436204110286,0.6403578918780272
2021-03-11 20:20:00,0.4205020920502092,-0.298804780876494,0.24169769173492162,0.22656668452062134,0.6455876771669,0.00044543429844097997,0.5,0.23257773020886008,0.3378035499285946,0.08446099622385585,0.5874569094412471,0.29888436204110286,0.4429515518203902
2021-03-11 20:30:00,0.43584379358437936,-0.2509960159362551,0.23574087862993265,0.22299589359043037,0.6365052152177043,0.00022271714922048998,0.5,0.23257773020886008,0.3378035499285946,0.08446099622385585,0.5874569094412471,0.29888436204110286,0.4475609940099884
2021-03-11 20:40:00,0.4895397489539749,-0.07569721115537853,0.23425167535368563,0.21406891626495272,0.6301448744290743,0.00022271714922048998,0.5,0.23257773020886008,0.3378035499285946,0.08446099622385585,0.5874569094412471,0.29888436204110286,0.5516317877996892
2021-03-11 20:50:00,0.41841004184100417,0.09163346613545809,0.23097542814594174,0.20764149259060893,0.6203687950687727,0.00022271714922048998,0.5,0.23257773020886008,0.3378035499285946,0.08446099622385585,0.5874569094412471,0.29888436204110286,0.41081370611222595
2021-03-11 21:00:00,0.4288702928870293,0.1872509960159361,0.22829486224869666,0.19978575254418862,0.6221224692779835,0.0012249443207126948,0.5,0.22371831581573454,0.36255592559919886,0.09066842075962422,0.5723177282213324,0.28571996037443403,0.41267709763568056
2021-03-11 21:10:00,0.43654114365411434,-0.33067729083665354,0.2256142963514518,0.19335832886984483,0.6244519768096216,0.00033407572383073496,0.5,0.22371831581573454,0.36255592559919886,0.09066842075962422,0.5723177282213324,0.28571996037443403,0.4281123164898834
2021-03-11 21:20:00,0.4456066945606694,-0.15537848605577698,0.22472077438570337,0.18657382610248163,0.6197144390205598,0.00022271714922048998,0.5,0.22371831581573454,0.36255592559919886,0.09066842075962422,0.5723177282213324,0.28571996037443403,0.46888060714878466
2021-03-11 21:30:00,0.4595536959553696,-0.10756972111553798,0.21965748324646306,0.17871808605606132,0.6197144390205598,0.00022271714922048998,0.5,0.22371831581573454,0.36255592559919886,0.09066842075962422,0.5723177282213324,0.28571996037443403,0.4795177814324728
2021-03-11 21:40:00,0.4783821478382148,-0.298804780876494,0.21667907669396835,0.1744331369398322,0.6195573935689888,0.00022271714922048998,0.5,0.22371831581573454,0.36255592559919886,0.09066842075962422,0.5723177282213324,0.28571996037443403,0.5059372029512501
2021-03-11 21:50:00,0.40376569037656906,-0.019920318725099695,0.2137006701414743,0.17014818782360308,0.6084726021122614,0.00022271714922048998,0.5,0.22371831581573454,0.36255592559919886,0.09066842075962422,0.5723177282213324,0.28571996037443403,0.3749717096428626
2021-03-11 22:00:00,0.3493723849372385,0.027888446215139417,0.20506329113924027,0.16264952687020195,0.6084726021122614,0.00033407572383073496,0.5,0.10445820741152345,0.3763832336705869,0.13276563722765558,0.5506790267566533,0.25471288108245416,0.2755103580427599
2021-03-11 22:10:00,0.35704323570432356,-0.12350597609561753,0.20089352196574817,0.15479378682378164,0.6084726021122614,0.00022271714922048998,0.5,0.10445820741152345,0.3763832336705869,0.13276563722765558,0.5506790267566533,0.25471288108245416,0.270387917377069
2021-03-11 22:20:00,0.398884239888424,-0.42629482071713154,0.1985107967237525,0.15300839135868594,0.6084726021122614,0.00022271714922048998,0.5,0.10445820741152345,0.3763832336705869,0.13276563722765558,0.5506790267566533,0.25471288108245416,0.32859061212788754
2021-03-11 22:30:00,0.40097629009762903,-0.26693227091633476,0.19583023082650763,0.14658096768434214,0.605174647629268,0.00022271714922048998,0.5,0.10445820741152345,0.3763832336705869,0.13276563722765558,0.5506790267566533,0.25471288108245416,0.3429922899346681
2021-03-11 22:40:00,0.3849372384937238,0.21912350597609564,0.19374534623976158,0.13729691126584553,0.597296200808784,0.00022271714922048998,0.5,0.10445820741152345,0.3763832336705869,0.13276563722765558,0.5506790267566533,0.25471288108245416,0.3149056233685894
2021-03-11 22:50:00,0.39051603905160387,0.25099601593625476,0.18868205510052105,0.12515622210319588,0.597296200808784,0.00022271714922048998,0.5,0.10445820741152345,0.3763832336705869,0.13276563722765558,0.5506790267566533,0.25471288108245416,0.3317440439368107
2021-03-11 23:00:00,0.4065550906555091,0.3067729083665336,0.1857036485480268,0.1151580074986609,0.6017719961785607,0.00022271714922048998,0.5,0.0683365446799653,0.39437137758723395,0.1461118092228615,0.532596835604081,0.22821918495415403,0.3623278060262233
2021-03-11 23:10:00,0.40097629009762903,-0.20318725099601598,0.18391660461653014,0.11123013747545074,0.6084726021122614,0.00022271714922048998,0.5,0.0683365446799653,0.39437137758723395,0.1461118092228615,0.532596835604081,0.22821918495415403,0.35181133726632163
2021-03-11 23:20:00,0.4205020920502092,-0.38645418326693237,0.17974683544303782,0.11123013747545074,0.6084726021122614,0.00022271714922048998,0.5,0.0683365446799653,0.39437137758723395,0.1461118092228615,0.532596835604081,0.22821918495415403,0.3761636766902546
2021-03-11 23:30:00,0.40376569037656906,-0.07569721115537853,0.17676842889054334,0.10801642563827896,0.5997565795500648,0.00022271714922048998,0.5,0.0683365446799653,0.39437137758723395,0.1461118092228615,0.532596835604081,0.22821918495415403,0.3484014062193521
2021-03-11 23:40:00,0.3926080892608089,0.2828685258964143,0.17259865971705124,0.09801821103374397,0.597296200808784,0.00022271714922048998,0.5,0.0683365446799653,0.39437137758723395,0.1461118092228615,0.532596835604081,0.22821918495415403,0.3292620366039501
2021-03-11 23:50:00,0.38633193863319387,0.3545816733067728,0.16902457185405795,0.0898053918943047,0.597296200808784,0.00022271714922048998,0.5,0.0683365446799653,0.39437137758723395,0.1461118092228615,0.532596835604081,0.22821918495415403,0.3102056520361513
2021-03-12 00:00:00,0.35704323570432356,-0.07569721115537853,0.16604616530156346,0.08623460096411373,0.597296200808784,0.00022271714922048998,0.5,0.06866227095182698,0.3912220156491102,0.1347696808228005,0.5159253996897292,0.21471997266220713,0.28180213347013294
2021-03-12 00:10:00,0.33403068340306835,-0.40239043824701204,0.16545048399106466,0.08552044277807536,0.597296200808784,0.00033407572383073496,0.5,0.06866227095182698,0.3912220156491102,0.1347696808228005,0.5159253996897292,0.21471997266220713,0.25057712328560433
2021-03-12 00:20:00,0.36262203626220363,-0.2270916334661356,0.16098287416232293,0.08444920549901802,0.597296200808784,0.00022271714922048998,0.5,0.06866227095182698,0.3912220156491102,0.1347696808228005,0.5159253996897292,0.21471997266220713,0.30450986013247433
2021-03-12 00:30:00,0.3702928870292887,-0.05179282868525903,0.16128071481757233,0.08123549366184624,0.597296200808784,0.00022271714922048998,0.5,0.06866227095182698,0.3912220156491102,0.1347696808228005,0.5159253996897292,0.21471997266220713,0.32189899965297164
2021-03-12 00:40:00,0.3842398884239888,-0.07569721115537853,0.16157855547282196,0.07587930726655978,0.597296200808784,0.00022271714922048998,0.5,0.06866227095182698,0.3912220156491102,0.1347696808228005,0.5159253996897292,0.21471997266220713,0.341604176411123
2021-03-12 00:50:00,0.39400278940027894,-0.14741035856573714,0.15979151154132532,0.07230851633636859,0.597296200808784,0.00022271714922048998,0.5,0.06866227095182698,0.3912220156491102,0.1347696808228005,0.5159253996897292,0.21471997266220713,0.35850294974123753
2021-03-12 01:00:00,0.3765690376569038,0.09960159362549792,0.15711094564408024,0.06980896268523495,0.597296200808784,0.00022271714922048998,0.5,-0.004664029326704511,0.39667018192162956,0.17079021811648817,0.5223717599670441,0.21775889974906945,0.32189899965297164
2021-03-12 01:10:00,0.44142259414225943,0.2111553784860556,0.15413253909158597,0.06373861810391013,0.6067320150240149,0.0027839643652561247,0.5,-0.004664029326704511,0.39667018192162956,0.17079021811648817,0.5223717599670441,0.21775889974906945,0.4519592015329602
2021-03-12 01:20:00,0.4818688981868898,0.05976095617529875,0.14877140729709604,0.05695411533654715,0.6125950452160029,0.000556792873051225,0.5,-0.004664029326704511,0.39667018192162956,0.17079021811648817,0.5223717599670441,0.21775889974906945,0.5565203615130438
2021-03-12 01:30:00,0.5292887029288703,0.24302788844621515,0.14221891288160804,0.05266916622031781,0.6171362761906009,0.0006681514476614699,0.5,-0.004664029326704511,0.39667018192162956,0.17079021811648817,0.5223717599670441,0.21775889974906945,0.6766223576806434
2021-03-12 01:40:00,0.5055788005578801,0.08366533864541825,0.1359642591213699,0.050883770755222324,0.6197144390205598,0.00022271714922048998,0.5,-0.004664029326704511,0.39667018192162956,0.17079021811648817,0.5223717599670441,0.21775889974906945,0.6251112754047408
2021-03-12 01:50:00,0.4874476987447699,0.38645418326693215,0.13030528667163077,0.05231208712729862,0.6197144390205598,0.00022271714922048998,0.5,-0.004664029326704511,0.39667018192162956,0.17079021811648817,0.5223717599670441,0.21775889974906945,0.5830604885556075
2021-03-12 02:00:00,0.44002789400278935,-0.1633466135458168,0.12643335815338785,0.053026245313336995,0.6179345905694206,0.00022271714922048998,0.5,-0.020200565468279086,0.38669911812118957,0.18503055649715044,0.5474098424522871,0.2264750233592383,0.46029542676946755
2021-03-12 02:10:00,0.3821478382147839,0.05976095617529875,0.11928518242740127,0.054454561685413294,0.6084856892332257,0.00022271714922048998,0.5,-0.020200565468279086,0.38669911812118957,0.18503055649715044,0.5474098424522871,0.2264750233592383,0.338028275268947
2021-03-12 02:20:00,0.43584379358437936,0.2828685258964143,0.11541325390915858,0.04981253347616499,0.6084726021122614,0.000779510022271715,0.5,-0.020200565468279086,0.38669911812118957,0.18503055649715044,0.5474098424522871,0.2264750233592383,0.4462332332483365
2021-03-12 02:30:00,0.4867503486750349,0.03585657370517925,0.11541325390915858,0.04374218889484016,0.6187590791901689,0.0010022271714922048,0.5,-0.020200565468279086,0.38669911812118957,0.18503055649715044,0.5474098424522871,0.2264750233592383,0.5632874149403262
2021-03-12 02:40:00,0.4476987447698745,-0.298804780876494,0.11541325390915858,0.04445634708087853,0.6165080943843164,0.00022271714922048998,0.5,-0.020200565468279086,0.38669911812118957,0.18503055649715044,0.5474098424522871,0.2264750233592383,0.4617589812453793
2021-03-12 02:50:00,0.4386331938633194,-0.06772908366533881,0.11154132539091588,0.04267095161578305,0.6084726021122614,0.00022271714922048998,0.5,-0.020200565468279086,0.38669911812118957,0.18503055649715044,0.5474098424522871,0.2264750233592383,0.44315524239177995
2021-03-12 03:00:00,0.41492329149232915,-0.3545816733067729,0.10707371556217415,0.04302803070880201,0.6084726021122614,0.00022271714922048998,0.5,-0.026307716270604353,0.39579663627455686,0.18654357580574207,0.543979279675306,0.22461886216248855,0.38642364621210984
2021-03-12 03:10:00,0.38702928870292885,-0.1394422310756973,0.10201042442293362,0.04267095161578305,0.6010522045255264,0.00022271714922048998,0.5,-0.026307716270604353,0.39579663627455686,0.18654357580574207,0.543979279675306,0.22461886216248855,0.329971181556196
2021-03-12 03:20:00,0.38633193863319387,-0.11553784860557781,0.09903201787043914,0.03517229066238192,0.597296200808784,0.00022271714922048998,0.5,-0.026307716270604353,0.39579663627455686,0.18654357580574207,0.543979279675306,0.22461886216248855,0.3459495752674382
2021-03-12 03:30:00,0.39400278940027894,0.298804780876494,0.09456440804169763,0.02945902517407606,0.597296200808784,0.00022271714922048998,0.5,-0.026307716270604353,0.39579663627455686,0.18654357580574207,0.543979279675306,0.22461886216248855,0.3575825701223652
2021-03-12 03:40:00,0.4330543933054393,0.22709163346613526,0.09456440804169763,0.021960364220674933,0.597296200808784,0.00022271714922048998,0.5,-0.026307716270604353,0.39579663627455686,0.18654357580574207,0.543979279675306,0.22461886216248855,0.41881799115832036
2021-03-12 03:50:00,0.4093444909344491,0.019920318725099362,0.0936708860759492,0.018746652383502926,0.6082632081768331,0.00022271714922048998,0.5,-0.026307716270604353,0.39579663627455686,0.18654357580574207,0.543979279675306,0.22461886216248855,0.39685712992440814
2021-03-12 04:00:00,0.4463040446304045,0.19521912350597592,0.09158600148920315,0.018389573290483963,0.6093756134587952,0.00022271714922048998,0.5,-0.1534338172977795,0.40252351245808293,0.2586844531083854,0.4947253945278602,0.2017272271924305,0.4629434041975346
2021-03-12 04:10:00,0.4504881450488145,0.05179282868525892,0.09069247952345472,0.011605070523120764,0.6196882647786314,0.000556792873051225,0.5,-0.1534338172977795,0.40252351245808293,0.2586844531083854,0.4947253945278602,0.2017272271924305,0.5003922929523063
2021-03-12 04:20:00,0.4295676429567643,-0.05179282868525903,0.08652271034996262,0.013033386895197285,0.6196882647786314,0.00022271714922048998,0.5,-0.1534338172977795,0.40252351245808293,0.2586844531083854,0.4947253945278602,0.2017272271924305,0.42822547791843324
2021-03-12 04:30:00,0.44072524407252445,-0.19521912350597614,0.08413998510796716,0.01624709873236929,0.614466503513892,0.00022271714922048998,0.5,-0.1534338172977795,0.40252351245808293,0.2586844531083854,0.4947253945278602,0.2017272271924305,0.42645261553781855
2021-03-12 04:40:00,0.4721059972105997,0.019920318725099362,0.0826507818317197,0.011605070523120764,0.6166782269568518,0.00033407572383073496,0.5,-0.1534338172977795,0.40252351245808293,0.2586844531083854,0.4947253945278602,0.2017272271924305,0.49682393590536683
2021-03-12 04:50:00,0.46443514644351463,0.019920318725099362,0.0826507818317197,0.010176754151044465,0.6197144390205598,0.0008908685968819599,0.5,-0.1534338172977795,0.40252351245808293,0.2586844531083854,0.4947253945278602,0.2017272271924305,0.4959035562864946
2021-03-12 05:00:00,0.47280334728033474,-0.11553784860557781,0.08056589724497387,0.008034279592929794,0.6197144390205598,0.00022271714922048998,0.5,-0.13825556004339912,0.41993408178571046,0.27092201603513866,0.4857260448954003,0.18310735938209866,0.5336315765650226
2021-03-12 05:10:00,0.4456066945606694,0.298804780876494,0.07728965003722998,0.008034279592929794,0.6197144390205598,0.00022271714922048998,0.5,-0.13825556004339912,0.41993408178571046,0.27092201603513866,0.4857260448954003,0.18310735938209866,0.49034355809707747
2021-03-12 05:20:00,0.44839609483960946,0.09960159362549792,0.07490692479523453,0.006248884127834309,0.6197144390205598,0.00022271714922048998,0.5,-0.13825556004339912,0.41993408178571046,0.27092201603513866,0.4857260448954003,0.18310735938209866,0.45779833124613367
2021-03-12 05:30:00,0.45188284518828453,0.12350597609561742,0.07371556217423669,0.007320121406891644,0.6197144390205598,0.00022271714922048998,0.5,-0.13825556004339912,0.41993408178571046,0.27092201603513866,0.4857260448954003,0.18310735938209866,0.47537607314754743
2021-03-12 05:40:00,0.4476987447698745,0.019920318725099362,0.06954579300074437,0.0016068559185860032,0.6294250827760401,0.00022271714922048998,0.5,-0.13825556004339912,0.41993408178571046,0.27092201603513866,0.4857260448954003,0.18310735938209866,0.48057395476560494
2021-03-12 05:50:00,0.44979079497907953,-0.21115537848605592,0.06746090841399854,0.005177646848776973,0.6309693630498227,0.00033407572383073496,0.5,-0.13825556004339912,0.41993408178571046,0.27092201603513866,0.4857260448954003,0.18310735938209866,0.46971045762481706
2021-03-12 06:00:00,0.4456066945606694,0.08366533864541825,0.06418466120625443,0.002321014104624153,0.6252633783094057,0.00022271714922048998,0.5,-0.17190992798067395,0.4304080090342995,0.307807932908227,0.5307864765289096,0.18677471654551248,0.4627925222928015
2021-03-12 06:10:00,0.47280334728033474,-0.29083665338645437,0.06001489203276256,-0.0001785395465094819,0.6309693630498227,0.00033407572383073496,0.5,-0.17190992798067395,0.4304080090342995,0.307807932908227,0.5307864765289096,0.18677471654551248,0.522828432186128
2021-03-12 06:20:00,0.5251046025104603,-0.05179282868525903,0.05703648548026785,-0.0026780931976432276,0.6309693630498227,0.00033407572383073496,0.5,-0.17190992798067395,0.4304080090342995,0.307807932908227,0.5307864765289096,0.18677471654551248,0.6493353652096504
2021-03-12 06:30:00,0.48884239888423986,-0.1872509960159363,0.05554728220402061,-0.008034279592929794,0.6309693630498227,0.00022271714922048998,0.5,-0.17190992798067395,0.4304080090342995,0.307807932908227,0.5307864765289096,0.18677471654551248,0.5870286826500898
2021-03-12 06:40:00,0.502092050209205,-0.2509960159362551,0.050483991064780076,-0.0033922513836815993,0.6309693630498227,0.00022271714922048998,0.5,-0.17190992798067395,0.4304080090342995,0.307807932908227,0.5307864765289096,0.18677471654551248,0.6109736409312432
2021-03-12 06:50:00,0.4714086471408647,-0.33864541832669326,0.04929262844378246,-0.0030351722906623024,0.6298307835259321,0.00022271714922048998,0.5,-0.17190992798067395,0.4304080090342995,0.307807932908227,0.5307864765289096,0.18677471654551248,0.5257027324712947
2021-03-12 07:00:00,0.4707112970711297,0.08366533864541825,0.04690990320178701,-0.004106409569719638,0.6197144390205598,0.00022271714922048998,0.5,-0.2128846987031986,0.4222702416905413,0.3158915724025582,0.5506074777800553,0.22015449337815168,0.5234621361860072
2021-03-12 07:10:00,0.49790794979079495,0.1633466135458166,0.04363365599404312,-0.010890912337082503,0.6197144390205598,0.00033407572383073496,0.5,-0.2128846987031986,0.4222702416905413,0.3158915724025582,0.5506074777800553,0.22015449337815168,0.6200340993104697
2021-03-12 07:20:00,0.5446304044630405,0.19521912350597592,0.04005956813104983,-0.01696125691840733,0.6197144390205598,0.00033407572383073496,0.5,-0.2128846987031986,0.4222702416905413,0.3158915724025582,0.5506074777800553,0.22015449337815168,0.7301099929085505
2021-03-12 07:30:00,0.5264993026499303,0.01195219123505975,0.0355919583023081,-0.01981788966256015,0.6197144390205598,0.00011135857461024499,0.5,-0.2128846987031986,0.4222702416905413,0.3158915724025582,0.5506074777800553,0.22015449337815168,0.6896359219638789
2021-03-12 07:40:00,0.5299860529986052,-0.2749003984063746,0.034996276991809294,-0.016604177825388367,0.6197144390205598,0.00022271714922048998,0.5,-0.2128846987031986,0.4222702416905413,0.3158915724025582,0.5506074777800553,0.22015449337815168,0.6662567708254749
2021-03-12 07:50:00,0.5125523012552301,-0.02788844621513953,0.032315711094564215,-0.011962149616139839,0.6197144390205598,0.00033407572383073496,0.5,-0.2128846987031986,0.4222702416905413,0.3158915724025582,0.5506074777800553,0.22015449337815168,0.6544049972086848
2021-03-12 08:00:00,0.4909344490934449,0.019920318725099362,0.02844378257632152,-0.01696125691840733,0.6197144390205598,0.000779510022271715,0.5,-0.20259213540820686,0.4190547891278048,0.3091368181093613,0.5714064416160576,0.2295313341118661,0.5812423616035729
2021-03-12 08:10:00,0.5181311018131102,-0.4422310756972112,0.02725241995532368,-0.011605070523120875,0.6197144390205598,0.000556792873051225,0.5,-0.20259213540820686,0.4190547891278048,0.3091368181093613,0.5714064416160576,0.2295313341118661,0.6274046803566848
2021-03-12 08:20:00,0.5076708507670851,-0.4820717131474104,0.03052866716306757,-0.00981967505802539,0.6197144390205598,0.00033407572383073496,0.5,-0.20259213540820686,0.4190547891278048,0.3091368181093613,0.5714064416160576,0.2295313341118661,0.6260391991188498
2021-03-12 08:30:00,0.49581589958159,-0.02788844621513953,0.03201787043931481,-0.008034279592929794,0.609872924055437,0.00033407572383073496,0.5,-0.20259213540820686,0.4190547891278048,0.3091368181093613,0.5714064416160576,0.2295313341118661,0.6180952668346485
2021-03-12 08:40:00,0.5146443514644351,0.20318725099601576,0.03201787043931481,-0.00981967505802539,0.6085511248380469,0.00011135857461024499,0.5,-0.20259213540820686,0.4190547891278048,0.3091368181093613,0.5714064416160576,0.2295313341118661,0.6861580940597795
2021-03-12 08:50:00,0.5453277545327755,0.2111553784860556,0.03201787043931481,-0.01267630780217821,0.6159715224247817,0.00011135857461024499,0.5,-0.20259213540820686,0.4190547891278048,0.3091368181093613,0.5714064416160576,0.2295313341118661,0.7286841589088221
2021-03-12 09:00:00,0.5181311018131102,-0.33864541832669326,0.02844378257632152,-0.010890912337082503,0.6140084542801428,0.00011135857461024499,0.5,-0.12959156140153694,0.41944271235923575,0.30053539654839856,0.6403790583629843,0.2127727156105575,0.6558383753036499
2021-03-12 09:10:00,0.5174337517433751,-0.2589641434262948,0.026061057334326065,-0.00981967505802539,0.6042847234036984,0.00011135857461024499,0.5,-0.12959156140153694,0.41944271235923575,0.30053539654839856,0.6403790583629843,0.2127727156105575,0.6416026675920757
2021-03-12 09:20:00,0.4504881450488145,-0.5378486055776892,0.026954579300074277,-0.0030351722906623024,0.597296200808784,0.4149220489977728,0.5,-0.12959156140153694,0.41944271235923575,0.30053539654839856,0.6403790583629843,0.2127727156105575,0.21364877710216212
2021-03-12 09:30:00,0.49790794979079495,-0.9601593625498008,0.04542069992553954,0.01410462417425462,0.597296200808784,0.9993318485523385,0.5,-0.12959156140153694,0.41944271235923575,0.30053539654839856,0.6403790583629843,0.2127727156105575,0.0
2021-03-12 09:40:00,0.496513249651325,-0.6095617529880479,0.07163067758749042,0.032672737011248065,0.5936841554226485,0.9185968819599108,0.5,-0.12959156140153694,0.41944271235923575,0.30053539654839856,0.6403790583629843,0.2127727156105575,0.0024669191423872536
2021-03-12 09:50:00,0.4790794979079498,0.3067729083665336,0.07609828741623215,0.030887341546152358,0.5881221290128384,0.035523385300668155,0.5,-0.12959156140153694,0.41944271235923575,0.30053539654839856,0.6403790583629843,0.2127727156105575,0.4704950435294295
2021-03-12 10:00:00,0.49302649930264997,0.1872509960159361,0.05971705137751293,0.003749330476700674,0.5921922236327231,0.00011135857461024499,0.5,0.06115455721605745,0.4073337605278072,0.1682252756526901,0.6880491381128641,0.20641300819309089,0.6225990916909335
2021-03-12 10:10:00,0.5481171548117155,-0.003984063745020028,0.06180193596425898,-0.0026780931976432276,0.5921922236327231,0.00011135857461024499,0.5,0.06115455721605745,0.4073337605278072,0.1682252756526901,0.6880491381128641,0.20641300819309089,0.7866077221358844
2021-03-12 10:20:00,0.5683403068340307,-0.02788844621513953,0.07103499627699161,0.0005356186395288898,0.5921922236327231,0.00011135857461024499,0.5,0.06115455721605745,0.4073337605278072,0.1682252756526901,0.6880491381128641,0.20641300819309089,0.7934954810869532
2021-03-12 10:30:00,0.5495118549511855,0.05179282868525892,0.08592702903946359,0.010890912337082836,0.5921922236327231,0.00011135857461024499,0.5,0.06115455721605745,0.4073337605278072,0.1682252756526901,0.6880491381128641,0.20641300819309089,0.7779999094708572
2021-03-12 10:40:00,0.5160390516039052,0.3705179282868525,0.09873417721518973,0.023388680592751232,0.594665689494968,0.00011135857461024499,0.5,0.06115455721605745,0.4073337605278072,0.1682252756526901,0.6880491381128641,0.20641300819309089,0.6642424973972871
2021-03-12 10:50:00,0.5836820083682008,0.17131474103585642,0.11094564408041685,0.0337439742903054,0.6034078862990931,0.00011135857461024499,0.5,0.06115455721605745,0.4073337605278072,0.1682252756526901,0.6880491381128641,0.20641300819309089,0.804517404227711
2021-03-12 11:00:00,0.5041841004184101,0.19521912350597592,0.12464631422189121,0.04695590073201217,0.6073078483464422,0.00011135857461024499,0.5,0.07880010926472103,0.42729312916119444,0.15661138458576868,0.6625945906785454,0.20623634919059697,0.6078352973127933
2021-03-12 11:10:00,0.46164574616457466,-0.1633466135458168,0.13864482501861475,0.0673094090341011,0.61264739369986,0.00011135857461024499,0.5,0.07880010926472103,0.42729312916119444,0.15661138458576868,0.6625945906785454,0.20623634919059697,0.48823875552604973
2021-03-12 11:20:00,0.44142259414225943,0.03585657370517925,0.15472822040208456,0.0830208891269415,0.6034078862990931,0.00011135857461024499,0.5,0.07880010926472103,0.42729312916119444,0.15661138458576868,0.6625945906785454,0.20623634919059697,0.4495300028667562
2021-03-12 11:30:00,0.4100418410041841,0.027888446215139417,0.16962025316455676,0.0973040528477056,0.6034078862990931,0.00011135857461024499,0.5,0.07880010926472103,0.42729312916119444,0.15661138458576868,0.6625945906785454,0.20623634919059697,0.3801318707847368
2021-03-12 11:40:00,0.44002789400278935,0.1633466135458166,0.18034251675353663,0.10444563470808776,0.6034078862990931,0.00011135857461024499,0.5,0.07880010926472103,0.42729312916119444,0.15661138458576868,0.6625945906785454,0.20623634919059697,0.4364862622025741
2021-03-12 11:50:00,0.36192468619246865,0.09163346613545809,0.19463886820551002,0.11194429566148911,0.6034078862990931,0.00011135857461024499,0.5,0.07880010926472103,0.42729312916119444,0.15661138458576868,0.6625945906785454,0.20623634919059697,0.28779214508803963
2021-03-12 12:00:00,0.37308228730822873,-0.019920318725099695,0.21072226358897983,0.1233708266381004,0.6034078862990931,0.00011135857461024499,0.5,0.11541846620481522,0.4251207590651913,0.1393414567924625,0.6237370322061347,0.22361731320756728,0.3205863270817931
2021-03-12 12:10:00,0.39609483960948394,0.019920318725099362,0.2256142963514518,0.13693983217282635,0.6097944013296516,0.00011135857461024499,0.5,0.11541846620481522,0.4251207590651913,0.1393414567924625,0.6237370322061347,0.22361731320756728,0.3397106085067218
2021-03-12 12:20:00,0.394700139470014,-0.01195219123505975,0.2369322412509307,0.142653097661132,0.6092316551281883,0.00011135857461024499,0.5,0.11541846620481522,0.4251207590651913,0.1393414567924625,0.6237370322061347,0.22361731320756728,0.3333584803174555
2021-03-12 12:30:00,0.41492329149232915,0.03585657370517925,0.2449739389426655,0.15122299589359045,0.6100430566279724,0.00011135857461024499,0.5,0.11541846620481522,0.4251207590651913,0.1393414567924625,0.6237370322061347,0.22361731320756728,0.3795962400229341
2021-03-12 12:40:00,0.4177126917712692,-0.12350597609561753,0.2533134772896499,0.1665773968934119,0.6073078483464422,0.00011135857461024499,0.5,0.11541846620481522,0.4251207590651913,0.1393414567924625,0.6237370322061347,0.22361731320756728,0.3612037358359612
2021-03-12 12:50:00,0.45397489539748953,0.09163346613545809,0.26314221891288136,0.1712194251026602,0.6061430945806232,0.00011135857461024499,0.5,0.11541846620481522,0.4251207590651913,0.1393414567924625,0.6237370322061347,0.22361731320756728,0.45591985153220577
2021-03-12 13:00:00,0.42677824267782427,0.03585657370517925,0.2717795979151154,0.1744331369398322,0.6014709923963828,0.00011135857461024499,0.5,0.3164652862712347,0.40558666923366604,0.07691238551696475,0.6570814138502404,0.25355860789860624,0.41138705735021197
2021-03-12 13:10:00,0.39051603905160387,0.09163346613545809,0.2795234549516006,0.1837171933583288,0.6061430945806232,0.00011135857461024499,0.5,0.3164652862712347,0.40558666923366604,0.07691238551696475,0.6570814138502404,0.25355860789860624,0.3373643948881211
2021-03-12 13:20:00,0.38702928870292885,0.003984063745019917,0.2956068503350706,0.19800035707909291,0.6082762952977974,0.00011135857461024499,0.5,0.3164652862712347,0.40558666923366604,0.07691238551696475,0.6570814138502404,0.25355860789860624,0.31919066946301133
2021-03-12 13:30:00,0.3758716875871687,-0.3067729083665339,0.3099032017870438,0.21192644170683805,0.6043239847665912,0.00011135857461024499,0.5,0.3164652862712347,0.40558666923366604,0.07691238551696475,0.6570814138502404,0.25355860789860624,0.2965659278482732
2021-03-12 13:40:00,0.35146443514644354,-0.02788844621513953,0.32300819061801933,0.22620960542760238,0.6077658975801913,0.00011135857461024499,0.5,0.3164652862712347,0.40558666923366604,0.07691238551696475,0.6570814138502404,0.25355860789860624,0.2571480302367337
2021-03-12 13:50:00,0.299163179916318,0.2749003984063745,0.3352196574832462,0.235493661846099,0.6124903482482889,0.00011135857461024499,0.5,0.3164652862712347,0.40558666923366604,0.07691238551696475,0.6570814138502404,0.25355860789860624,0.19408693815350725
2021-03-12 14:00:00,0.3396094839609484,0.09163346613545809,0.3420699925539836,0.24299232279950012,0.6139953671591786,0.00011135857461024499,0.5,0.32775127133638815,0.37338904102503717,0.06994331535489502,0.6806609332898015,0.2694153384231919,0.24052838843037555
2021-03-12 14:10:00,0.4072524407252441,-0.1394422310756973,0.3447505584512285,0.2483485091947868,0.6198060488673097,0.00011135857461024499,0.5,0.32775127133638815,0.37338904102503717,0.06994331535489502,0.6806609332898015,0.2694153384231919,0.355093018694268
2021-03-12 14:20:00,0.39051603905160387,-0.14741035856573714,0.34743112434847334,0.24906266738082472,0.6218869011006269,0.00011135857461024499,0.5,0.32775127133638815,0.37338904102503717,0.06994331535489502,0.6806609332898015,0.2694153384231919,0.32589737012840053
2021-03-12 14:30:00,0.4177126917712692,-0.11553784860557781,0.35785554728220403,0.2622745938225317,0.6178298936017066,0.00011135857461024499,0.5,0.32775127133638815,0.37338904102503717,0.06994331535489502,0.6806609332898015,0.2694153384231919,0.3780647886898924
2021-03-12 14:40:00,0.36610878661087864,0.043824701195219085,0.3655994043186892,0.2847705766827351,0.6218999882215912,0.00011135857461024499,0.5,0.32775127133638815,0.37338904102503717,0.06994331535489502,0.6806609332898015,0.2694153384231919,0.29034959337326677
2021-03-12 14:50:00,0.36750348675034866,-0.33864541832669326,0.36589724497393883,0.28619889305481183,0.6253549881561555,0.00011135857461024499,0.5,0.32775127133638815,0.37338904102503717,0.06994331535489502,0.6806609332898015,0.2694153384231919,0.26626884137785356
2021-03-12 15:00:00,0.3758716875871687,0.1633466135458166,0.37096053611317936,0.28869844670594547,0.6270563138815092,0.00011135857461024499,0.5,0.3335408340206849,0.33825469027921756,0.06545219316783837,0.7130883326178342,0.27606065146647357,0.3022013669900569
2021-03-12 15:10:00,0.3354253835425383,-0.36254980079681276,0.3718540580789278,0.28227102303160145,0.615788302731282,0.00011135857461024499,0.5,0.3335408340206849,0.33825469027921756,0.06545219316783837,0.7130883326178342,0.27606065146647357,0.24450412662009446
2021-03-12 15:20:00,0.3521617852161785,0.09960159362549792,0.3793000744601638,0.28905552579896465,0.6116527725065762,0.00011135857461024499,0.5,0.3335408340206849,0.33825469027921756,0.06545219316783837,0.7130883326178342,0.27606065146647357,0.26607269490170044
2021-03-12 15:30:00,0.4337517433751743,0.043824701195219085,0.3831720029784065,0.3040528477057669,0.6409024878616953,0.00011135857461024499,0.5,0.3335408340206849,0.33825469027921756,0.06545219316783837,0.7130883326178342,0.27606065146647357,0.3971362614481645
2021-03-12 15:40:00,0.41143654114365413,0.1394422310756971,0.37840655249441535,0.29191215854311725,0.6429048173692269,0.00011135857461024499,0.5,0.3335408340206849,0.33825469027921756,0.06545219316783837,0.7130883326178342,0.27606065146647357,0.3737872866907072
2021-03-12 15:50:00,0.3723849372384937,-0.1872509960159363,0.3739389426656736,0.2894126048919836,0.6408632264988026,0.00011135857461024499,0.5,0.3335408340206849,0.33825469027921756,0.06545219316783837,0.7130883326178342,0.27606065146647357,0.29624153175309687
2021-03-12 16:00:00,0.33333333333333337,0.2669322709163344,0.3763216679076691,0.2894126048919836,0.6291109918728979,0.00011135857461024499,0.5,0.43096183972973323,0.31499079041513667,0.03255267826990535,0.7197403803814495,0.29093887750815295,0.24515291881044707
2021-03-12 16:10:00,0.37377963737796377,-0.12350597609561753,0.37483246463142206,0.2915550794500983,0.6277237570506864,0.00011135857461024499,0.5,0.43096183972973323,0.31499079041513667,0.03255267826990535,0.7197403803814495,0.29093887750815295,0.29885933280021726
2021-03-12 16:20:00,0.40027894002789405,0.07569721115537842,0.3795979151154132,0.2926263167291556,0.625786863147976,0.00011135857461024499,0.5,0.43096183972973323,0.31499079041513667,0.03255267826990535,0.7197403803814495,0.29093887750815295,0.33268705584139296
2021-03-12 16:30:00,0.4170153417015342,-0.1394422310756973,0.3804914370811614,0.30119621496161386,0.6401565219667325,0.00011135857461024499,0.5,0.43096183972973323,0.31499079041513667,0.03255267826990535,0.7197403803814495,0.29093887750815295,0.37573366326176505
2021-03-12 16:40:00,0.4093444909344491,-0.11553784860557781,0.3801935964259122,0.29726834493840393,0.6437293059899752,0.00011135857461024499,0.5,0.43096183972973323,0.31499079041513667,0.03255267826990535,0.7197403803814495,0.29093887750815295,0.3770387917377069
2021-03-12 16:50:00,0.4693165969316597,0.14741035856573692,0.3769173492181681,0.2944117121942511,0.6460719006425776,0.00011135857461024499,0.5,0.43096183972973323,0.31499079041513667,0.03255267826990535,0.7197403803814495,0.29093887750815295,0.5164763039968617
2021-03-12 17:00:00,0.5237099023709902,-0.05179282868525903,0.37483246463142206,0.29976789858953756,0.643153472667548,0.00011135857461024499,0.5,0.4253351401813672,0.3087265486039079,0.03559431502429061,0.7167761426250551,0.2952002994972199,0.594995247220001
2021-03-12 17:10:00,0.5348675034867504,0.07569721115537842,0.3778108711839163,0.3119085877521872,0.6404051772650535,0.00011135857461024499,0.5,0.4253351401813672,0.3087265486039079,0.03559431502429061,0.7167761426250551,0.2952002994972199,0.6433227213060337
2021-03-12 17:20:00,0.6052998605299861,-0.2270916334661356,0.3763216679076691,0.30833779682199625,0.6641583018151836,0.00022271714922048998,0.5,0.4253351401813672,0.3087265486039079,0.03559431502429061,0.7167761426250551,0.2952002994972199,0.8064562367035322
2021-03-12 17:30:00,0.6032078103207811,-0.059760956175298974,0.3718540580789278,0.29726834493840393,0.6627318056300794,0.0013363028953229399,0.5,0.4253351401813672,0.3087265486039079,0.03559431502429061,0.7167761426250551,0.2952002994972199,0.8512530742188089
2021-03-12 17:40:00,0.6569037656903766,0.01195219123505975,0.3793000744601638,0.30191037314765223,0.6605724306709767,0.0010022271714922048,0.5,0.4253351401813672,0.3087265486039079,0.03559431502429061,0.7167761426250551,0.2952002994972199,0.9650029421971424
2021-03-12 17:50:00,0.6582984658298465,-0.043824701195219196,0.38376768428890506,0.3069094804499197,0.6593815026632291,0.000556792873051225,0.5,0.4253351401813672,0.3087265486039079,0.03559431502429061,0.7167761426250551,0.2952002994972199,0.9568930398177348
2021-03-12 18:00:00,0.6094839609483961,-0.08366533864541836,0.37870439314966475,0.315122299589359,0.661449267775582,0.00022271714922048998,0.5,0.25421324564583747,0.2885258055154059,0.07626182906293112,0.7191227483514688,0.28328923845822906,0.8582841709793745
2021-03-12 18:10:00,0.6227336122733612,0.07569721115537842,0.3718540580789278,0.32083556507766486,0.6625354988156156,0.0021158129175946547,0.5,0.25421324564583747,0.2885258055154059,0.07626182906293112,0.7191227483514688,0.28328923845822906,0.8793246525944143
2021-03-12 18:20:00,0.6422594142259415,-0.2828685258964144,0.37036485480268033,0.3236921978218177,0.6625354988156156,0.00022271714922048998,0.5,0.25421324564583747,0.2885258055154059,0.07626182906293112,0.7191227483514688,0.28328923845822906,0.9082185373508156
2021-03-12 18:30:00,0.6262203626220363,-0.36254980079681276,0.36649292628443764,0.33047670058918044,0.662561673057544,0.00011135857461024499,0.5,0.25421324564583747,0.2885258055154059,0.07626182906293112,0.7191227483514688,0.28328923845822906,0.8639648746925782
2021-03-12 18:40:00,0.612970711297071,-0.3545816733067729,0.3655994043186892,0.3358328869844669,0.6605462564290482,0.00022271714922048998,0.5,0.25421324564583747,0.2885258055154059,0.07626182906293112,0.7191227483514688,0.28328923845822906,0.8332754952698522
2021-03-12 18:50:00,0.6513249651324965,0.346613545816733,0.3620253164556959,0.3333333333333335,0.6513198361492456,0.00022271714922048998,0.5,0.25421324564583747,0.2885258055154059,0.07626182906293112,0.7191227483514688,0.28328923845822906,0.9497940462000393
2021-03-12 19:00:00,0.6478382147838214,0.2589641434262948,0.3545793000744599,0.32547759328691295,0.6513198361492456,0.00044543429844097997,0.5,0.24918913636510664,0.2954509535727743,0.07919263027329586,0.6575432184654317,0.2751971353755064,0.9236914766812018
2021-03-12 19:10:00,0.5655509065550907,0.3067729083665336,0.3456440804169767,0.32583467237993236,0.6535577338341338,0.00033407572383073496,0.5,0.24918913636510664,0.2954509535727743,0.07919263027329586,0.6575432184654317,0.2751971353755064,0.7399248608114428
2021-03-12 19:20:00,0.5167364016736402,-0.2589641434262948,0.3373045420699925,0.33547580789144793,0.6579419193571606,0.00033407572383073496,0.5,0.24918913636510664,0.2954509535727743,0.07919263027329586,0.6575432184654317,0.2751971353755064,0.6040179851230442
2021-03-12 19:30:00,0.590655509065551,0.20318725099601576,0.3307520476545047,0.3333333333333335,0.6513198361492456,0.00033407572383073496,0.5,0.24918913636510664,0.2954509535727743,0.07919263027329586,0.6575432184654317,0.2751971353755064,0.8110279584169471
2021-03-12 19:40:00,0.5446304044630405,0.01195219123505975,0.32509307520476516,0.3229780396357793,0.6513198361492456,0.00033407572383073496,0.5,0.24918913636510664,0.2954509535727743,0.07919263027329586,0.6575432184654317,0.2751971353755064,0.6872746201548049
2021-03-12 19:50:00,0.36541143654114366,-0.3067729083665339,0.31586001489203275,0.325120514193894,0.6477470521260028,0.00033407572383073496,0.5,0.24918913636510664,0.2954509535727743,0.07919263027329586,0.6575432184654317,0.2751971353755064,0.33763598231664077
2021-03-12 20:00:00,0.4170153417015342,-0.36254980079681276,0.3075204765450483,0.32904838421710414,0.6400256507570898,0.00033407572383073496,0.5,0.24564697155615156,0.31075524342901134,0.0772234605621391,0.6152961063337868,0.2612944458670204,0.371584410881603
2021-03-12 20:10:00,0.399581589958159,-0.23505976095617542,0.3024571854058078,0.32404927691483665,0.6312834539529649,0.00033407572383073496,0.5,0.24564697155615156,0.31075524342901134,0.0772234605621391,0.6152961063337868,0.2612944458670204,0.33715316022149466
2021-03-12 20:20:00,0.43096234309623427,0.09163346613545809,0.29709605361131786,0.3072665595429387,0.6288361623326484,0.00033407572383073496,0.5,0.24564697155615156,0.31075524342901134,0.0772234605621391,0.6152961063337868,0.2612944458670204,0.39010516468759904
2021-03-12 20:30:00,0.4790794979079498,-0.2749003984063746,0.29709605361131786,0.29191215854311725,0.6288361623326484,0.00033407572383073496,0.5,0.24564697155615156,0.31075524342901134,0.0772234605621391,0.6152961063337868,0.2612944458670204,0.5237714440907102
2021-03-12 20:40:00,0.5209205020920502,-0.50597609561753,0.29709605361131786,0.28405641849669716,0.6288361623326484,0.00033407572383073496,0.5,0.24564697155615156,0.31075524342901134,0.0772234605621391,0.6152961063337868,0.2612944458670204,0.6029467235994388
2021-03-12 20:50:00,0.5223152022315203,-0.4183266932270917,0.29709605361131786,0.2787002321014105,0.6272395335750088,0.00033407572383073496,0.5,0.24564697155615156,0.31075524342901134,0.0772234605621391,0.6152961063337868,0.2612944458670204,0.5997782036000422
2021-03-12 21:00:00,0.5188284518828452,0.05976095617529875,0.29709605361131786,0.2740582038921622,0.6175550640614571,0.00033407572383073496,0.5,0.23905943620604608,0.3061490142439665,0.07534432887873363,0.6458335060843925,0.23770397586257333,0.6293736892134526
2021-03-12 21:10:00,0.5195258019525802,-0.2589641434262948,0.2941176470588236,0.2719157293340475,0.6175550640614571,0.00033407572383073496,0.5,0.23905943620604608,0.3061490142439665,0.07534432887873363,0.6458335060843925,0.23770397586257333,0.6426814732109178
2021-03-12 21:20:00,0.5571827057182706,-0.42629482071713154,0.2917349218168279,0.27120157114800936,0.6175550640614571,0.00033407572383073496,0.5,0.23905943620604608,0.3061490142439665,0.07534432887873363,0.6458335060843925,0.23770397586257333,0.7225130890052357
2021-03-12 21:30:00,0.5704323570432357,-0.19521912350597614,0.2872673119880862,0.26655954293876083,0.6084856892332257,0.00033407572383073496,0.5,0.23905943620604608,0.3061490142439665,0.07534432887873363,0.6458335060843925,0.23770397586257333,0.7317470615749053
2021-03-12 21:40:00,0.5495118549511855,-0.3227091633466136,0.28190618019359626,0.26441706838064616,0.6029367499443797,0.00033407572383073496,0.5,0.23905943620604608,0.3061490142439665,0.07534432887873363,0.6458335060843925,0.23770397586257333,0.7137317621497654
2021-03-12 21:50:00,0.4735006973500697,-0.02788844621513953,0.27058823529411735,0.26191751472951275,0.5950583031238958,0.00033407572383073496,0.5,0.23905943620604608,0.3061490142439665,0.07534432887873363,0.6458335060843925,0.23770397586257333,0.5777343573185267
2021-03-12 22:00:00,0.49860529986053004,-0.2589641434262948,0.2568875651526432,0.2604891983574362,0.5934224130033634,0.00033407572383073496,0.5,0.10378234040630074,0.30262034959066964,0.11133227494265782,0.6601941650054943,0.22189757377352307,0.5681609004632074
2021-03-12 22:10:00,0.4839609483960949,-0.10756972111553798,0.24676098287416215,0.24906266738082472,0.58385572757849,0.00033407572383073496,0.5,0.10378234040630074,0.30262034959066964,0.11133227494265782,0.6601941650054943,0.22189757377352307,0.5589420160840111
2021-03-12 22:20:00,0.48117154811715485,0.17928286852589648,0.23782576321667914,0.2383502945902518,0.5881090418918742,0.00033407572383073496,0.5,0.10378234040630074,0.30262034959066964,0.11133227494265782,0.6601941650054943,0.22189757377352307,0.5308930699941157
2021-03-12 22:30:00,0.46722454672245467,0.05976095617529875,0.23425167535368563,0.23120871272986965,0.5950583031238958,0.00033407572383073496,0.5,0.10378234040630074,0.30262034959066964,0.11133227494265782,0.6601941650054943,0.22189757377352307,0.5277698145661391
2021-03-12 22:40:00,0.4951185495118549,0.41035856573705165,0.22948622486969472,0.22263881449741119,0.5950583031238958,0.00033407572383073496,0.5,0.10378234040630074,0.30262034959066964,0.11133227494265782,0.6601941650054943,0.22189757377352307,0.5734643994145782
2021-03-12 22:50:00,0.5041841004184101,0.49800796812749004,0.2285927029039463,0.2129976789858954,0.5950583031238958,0.00033407572383073496,0.5,0.10378234040630074,0.30262034959066964,0.11133227494265782,0.6601941650054943,0.22189757377352307,0.5819967711272388
2021-03-12 23:00:00,0.4909344490934449,-0.10756972111553798,0.2285927029039463,0.20728441349758975,0.6047427726374475,0.00033407572383073496,0.5,0.06690342913118852,0.2988072079009898,0.13690992278668457,0.6563611776585956,0.2163988385298229,0.5559620984655311
2021-03-12 23:10:00,0.4707112970711297,-0.043824701195219196,0.2285927029039463,0.2115693626138191,0.6063001400321942,0.00033407572383073496,0.5,0.06690342913118852,0.2988072079009898,0.13690992278668457,0.6563611776585956,0.2163988385298229,0.533820178945939
2021-03-12 23:20:00,0.4504881450488145,0.027888446215139417,0.23186895011169018,0.21335475807891435,0.6063001400321942,0.00033407572383073496,0.5,0.06690342913118852,0.2988072079009898,0.13690992278668457,0.6563611776585956,0.2163988385298229,0.4883519169545997
2021-03-12 23:30:00,0.45746164574616455,0.298804780876494,0.23425167535368563,0.21085520442778072,0.6063001400321942,0.00033407572383073496,0.5,0.06690342913118852,0.2988072079009898,0.13690992278668457,0.6563611776585956,0.2163988385298229,0.48606605609789216
2021-03-12 23:40:00,0.46722454672245467,0.31474103585657365,0.23216679076693958,0.20335654347437981,0.6095064846684378,0.00033407572383073496,0.5,0.06690342913118852,0.2988072079009898,0.13690992278668457,0.6563611776585956,0.2163988385298229,0.5222022722814853
2021-03-12 23:50:00,0.46164574616457466,-0.3466135458167332,0.2285927029039463,0.20228530619532248,0.6174372799727788,0.00033407572383073496,0.5,0.06690342913118852,0.2988072079009898,0.13690992278668457,0.6563611776585956,0.2163988385298229,0.49737465485764293
2021-03-13 00:00:00,0.4490934449093445,-0.14741035856573714,0.22710349962769927,0.20335654347437981,0.6098074884506158,0.00033407572383073496,0.5,0.02695463279415833,0.2879740924751515,0.13834507822338996,0.6637368067138483,0.21636990067278203,0.48678274514537473
2021-03-13 00:10:00,0.46513249651324967,-0.21115537848605592,0.2217423678332091,0.19621496161399765,0.6062608786693016,0.00033407572383073496,0.5,0.02695463279415833,0.2879740924751515,0.13834507822338996,0.6637368067138483,0.21636990067278203,0.5175852859966504
2021-03-13 00:20:00,0.4504881450488145,0.043824701195219085,0.21578555472822036,0.19157293340474912,0.5961576212848935,0.00033407572383073496,0.5,0.02695463279415833,0.2879740924751515,0.13834507822338996,0.6637368067138483,0.21636990067278203,0.4757532779093803
2021-03-13 00:30:00,0.4463040446304045,0.2828685258964143,0.20714817572598654,0.180860560614176,0.595019041761003,0.00033407572383073496,0.5,0.02695463279415833,0.2879740924751515,0.13834507822338996,0.6637368067138483,0.21636990067278203,0.50898501742686
2021-03-13 00:40:00,0.5550906555090656,-0.10756972111553798,0.2026805658972448,0.17229066238171753,0.6047820340003403,0.00033407572383073496,0.5,0.02695463279415833,0.2879740924751515,0.13834507822338996,0.6637368067138483,0.21636990067278203,0.7027928240566109
2021-03-13 00:50:00,0.5669456066945607,-0.09960159362549814,0.20416976917349206,0.1637207641492593,0.6061692688225518,0.00033407572383073496,0.5,0.02695463279415833,0.2879740924751515,0.13834507822338996,0.6637368067138483,0.21636990067278203,0.760852180997933
2021-03-13 01:00:00,0.5829846582984658,-0.4342629482071714,0.202084884586746,0.16157828959114462,0.6061692688225518,0.00033407572383073496,0.5,-0.010290762228159833,0.270040545161447,0.14941125909051195,0.6768959509216708,0.222599694920945,0.7761516061378758
2021-03-13 01:10:00,0.612970711297071,-0.2509960159362551,0.19880863737900212,0.16157828959114462,0.6061692688225518,0.00033407572383073496,0.5,-0.010290762228159833,0.270040545161447,0.14941125909051195,0.6768959509216708,0.222599694920945,0.8710412360245635
2021-03-13 01:20:00,0.6185495118549511,-0.0916334661354582,0.19672375279225607,0.16157828959114462,0.6061692688225518,0.00033407572383073496,0.5,-0.010290762228159833,0.270040545161447,0.14941125909051195,0.6768959509216708,0.222599694920945,0.8983810371622131
2021-03-13 01:30:00,0.6401673640167364,-0.12350597609561753,0.19583023082650763,0.16157828959114462,0.6061692688225518,0.00033407572383073496,0.5,-0.010290762228159833,0.270040545161447,0.14941125909051195,0.6768959509216708,0.222599694920945,0.9550296482942802
2021-03-13 01:40:00,0.6283124128312413,-0.1394422310756973,0.19344750558451218,0.16050705231208706,0.6061692688225518,0.00011135857461024499,0.5,-0.010290762228159833,0.270040545161447,0.14941125909051195,0.6768959509216708,0.222599694920945,0.9307376616322405
2021-03-13 01:50:00,0.6080892608089261,-0.003984063745020028,0.19195830230826494,0.16157828959114462,0.6062477915483373,0.00011135857461024499,0.5,-0.010290762228159833,0.270040545161447,0.14941125909051195,0.6768959509216708,0.222599694920945,0.8726481283099718
2021-03-13 02:00:00,0.5934449093444909,-0.2270916334661356,0.18659717051377522,0.1637207641492593,0.6062608786693016,0.00011135857461024499,0.5,0.012476657006500025,0.24198363826014913,0.14204564116396598,0.6370446265271412,0.21430822736742558,0.846636087933974
2021-03-13 02:10:00,0.5871687587168759,-0.33864541832669326,0.18391660461653014,0.1647920014283164,0.6062608786693016,0.00011135857461024499,0.5,0.012476657006500025,0.24198363826014913,0.14204564116396598,0.6370446265271412,0.21430822736742558,0.8197489325105239
2021-03-13 02:20:00,0.5536959553695956,-0.26693227091633476,0.1794489947877882,0.17050526691662204,0.6013793825496329,0.00011135857461024499,0.5,0.012476657006500025,0.24198363826014913,0.14204564116396598,0.6370446265271412,0.21430822736742558,0.7557976371893719
2021-03-13 02:30:00,0.5348675034867504,0.1633466135458166,0.17647058823529393,0.17157650419567938,0.595019041761003,0.00011135857461024499,0.5,0.012476657006500025,0.24198363826014913,0.14204564116396598,0.6370446265271412,0.21430822736742558,0.7334067625269701
2021-03-13 02:40:00,0.5299860529986052,0.11553784860557759,0.17498138495904692,0.16586323870737374,0.595019041761003,0.00011135857461024499,0.5,0.012476657006500025,0.24198363826014913,0.14204564116396598,0.6370446265271412,0.21430822736742558,0.7043393635801258
2021-03-13 02:50:00,0.5467224546722455,0.06772908366533859,0.17438570364854789,0.1647920014283164,0.595019041761003,0.00011135857461024499,0.5,0.012476657006500025,0.24198363826014913,0.14204564116396598,0.6370446265271412,0.21430822736742558,0.743168821763206
2021-03-13 03:00:00,0.5369595536959554,0.06772908366533859,0.16991809381980638,0.16157828959114462,0.595019041761003,0.00011135857461024499,0.5,0.017769492129171116,0.2389865721091829,0.14371514910107175,0.6009164617100244,0.18884535733267171,0.747385971000498
2021-03-13 03:10:00,0.5920502092050209,-0.01195219123505975,0.16902457185405795,0.1597928941260489,0.595019041761003,0.00011135857461024499,0.5,0.017769492129171116,0.2389865721091829,0.14371514910107175,0.6009164617100244,0.18884535733267171,0.8269686316520061
2021-03-13 03:20:00,0.6199442119944213,-0.1633466135458168,0.16902457185405795,0.15765041956793446,0.595019041761003,0.00022271714922048998,0.5,0.017769492129171116,0.2389865721091829,0.14371514910107175,0.6009164617100244,0.18884535733267171,0.9126846417309172
2021-03-13 03:30:00,0.605997210599721,-0.09960159362549814,0.16902457185405795,0.15407962863774327,0.595019041761003,0.00011135857461024499,0.5,0.017769492129171116,0.2389865721091829,0.14371514910107175,0.6009164617100244,0.18884535733267171,0.8786984926897717
2021-03-13 03:40:00,0.5739191073919108,0.38645418326693215,0.16902457185405795,0.15265131226566697,0.595019041761003,0.00011135857461024499,0.5,0.017769492129171116,0.2389865721091829,0.14371514910107175,0.6009164617100244,0.18884535733267171,0.8055660334656064
2021-03-13 03:50:00,0.5216178521617852,0.31474103585657365,0.16753536857781093,0.1533654704517049,0.595019041761003,0.00011135857461024499,0.5,0.017769492129171116,0.2389865721091829,0.14371514910107175,0.6009164617100244,0.18884535733267171,0.6715602697768457
2021-03-13 04:00:00,0.4867503486750349,0.346613545816733,0.1633655994043186,0.16086413140510625,0.595019041761003,0.00011135857461024499,0.5,-0.042642258431077495,0.22634314827000723,0.20057974344741913,0.5586740417591799,0.1700481944710778,0.587466240173816
2021-03-13 04:10:00,0.42329149232914925,0.03585657370517925,0.15889798957557688,0.16157828959114462,0.595019041761003,0.00011135857461024499,0.5,-0.042642258431077495,0.22634314827000723,0.20057974344741913,0.5586740417591799,0.1700481944710778,0.4223033631576565
2021-03-13 04:20:00,0.3563458856345886,-0.3466135458167332,0.1553239017125836,0.16157828959114462,0.595019041761003,0.00011135857461024499,0.5,-0.042642258431077495,0.22634314827000723,0.20057974344741913,0.5586740417591799,0.1700481944710778,0.28513662356473585
2021-03-13 04:30:00,0.2210599721059972,-0.21115537848605592,0.15055845122859246,0.15622210319585794,0.5857271858763792,0.00011135857461024499,0.5,-0.042642258431077495,0.22634314827000723,0.20057974344741913,0.5586740417591799,0.1700481944710778,0.10979676207432443
2021-03-13 04:40:00,0.2503486750348675,0.29083665338645415,0.14579300074460155,0.142653097661132,0.5811205192969598,0.00011135857461024499,0.5,-0.042642258431077495,0.22634314827000723,0.20057974344741913,0.5586740417591799,0.1700481944710778,0.13119181616548728
2021-03-13 04:50:00,0.3075313807531381,0.21912350597609564,0.14281459419210707,0.12265666845206202,0.5890774888432294,0.00011135857461024499,0.5,-0.042642258431077495,0.22634314827000723,0.20057974344741913,0.5586740417591799,0.1700481944710778,0.1974214282481102
2021-03-13 05:00:00,0.2775453277545328,-0.06772908366533881,0.14221891288160804,0.11015890019639363,0.5949797803981102,0.00011135857461024499,0.5,-0.0829086428861362,0.2250529443373262,0.22868593810177268,0.4898288552403488,0.14986450225860126,0.1744421141572491
2021-03-13 05:10:00,0.2768479776847978,0.22709163346613526,0.14102755026061065,0.09801821103374397,0.5949797803981102,0.00011135857461024499,0.5,-0.0829086428861362,0.2250529443373262,0.22868593810177268,0.4898288552403488,0.14986450225860126,0.16595500701600857
2021-03-13 05:20:00,0.24267782426778242,-0.14741035856573714,0.13804914370811594,0.08873415461524736,0.5949797803981102,0.00011135857461024499,0.5,-0.0829086428861362,0.2250529443373262,0.22868593810177268,0.4898288552403488,0.14986450225860126,0.1314784917844803
2021-03-13 05:30:00,0.15481171548117156,0.6653386454183265,0.1362620997766193,0.0830208891269415,0.5949797803981102,0.00011135857461024499,0.5,-0.0829086428861362,0.2250529443373262,0.22868593810177268,0.4898288552403488,0.14986450225860126,0.06099400998838209
2021-03-13 05:40:00,0.12552301255230125,0.7290836653386452,0.1362620997766193,0.08337796821996091,0.5949797803981102,0.00011135857461024499,0.5,-0.0829086428861362,0.2250529443373262,0.22868593810177268,0.4898288552403488,0.14986450225860126,0.02460129456674261
2021-03-13 05:50:00,0.09135285913528592,0.6095617529880477,0.13447505584512287,0.09087662917336181,0.6030937953959509,0.00011135857461024499,0.5,-0.0829086428861362,0.2250529443373262,0.22868593810177268,0.4898288552403488,0.14986450225860126,0.005280866665660787
2021-03-13 06:00:00,0.15132496513249652,0.12350597609561742,0.1332836932241248,0.09087662917336181,0.6114957270550052,0.00011135857461024499,0.5,-0.10863187961669307,0.24370774151094582,0.260546718513353,0.3795965727571534,0.1397456846557887,0.054460823513436035
2021-03-13 06:10:00,0.20711297071129708,-0.07569721115537853,0.13119880863737876,0.07337975361542592,0.6114957270550052,0.00011135857461024499,0.5,-0.10863187961669307,0.24370774151094582,0.260546718513353,0.3795965727571534,0.1397456846557887,0.09458032198198471
2021-03-13 06:20:00,0.2594142259414226,-0.21912350597609564,0.12732688011913607,0.057311194429566115,0.6114957270550052,0.00011135857461024499,0.5,-0.10863187961669307,0.24370774151094582,0.260546718513353,0.3795965727571534,0.1397456846557887,0.13985243749717097
2021-03-13 06:30:00,0.1806136680613668,0.6015936254980081,0.12732688011913607,0.04588466345295483,0.6282341547682925,0.00011135857461024499,0.5,-0.10863187961669307,0.24370774151094582,0.260546718513353,0.3795965727571534,0.1397456846557887,0.07334369389079168
2021-03-13 06:40:00,0.07810320781032079,0.9521912350597608,0.12732688011913607,0.051597928941260696,0.6530211618745992,0.3301781737193764,0.5,-0.10863187961669307,0.24370774151094582,0.260546718513353,0.3795965727571534,0.1397456846557887,0.0020369057138977325
2021-03-13 06:50:00,0.4421199442119944,0.50199203187251,0.12792256142963487,0.06909480449919658,0.7005666723377525,0.9993318485523385,0.5,-0.10863187961669307,0.24370774151094582,0.260546718513353,0.3795965727571534,0.1397456846557887,0.0
2021-03-13 07:00:00,0.44490934449093444,0.05179282868525892,0.10141474311243459,0.08909123370826633,0.8401931659054325,0.18630289532293987,0.5,-0.12695326531748974,0.2976664262500457,0.3347785070858026,0.08697166082836993,0.12359620386321789,0.30402703803732817
2021-03-13 07:10:00,0.4609483960948396,-0.33864541832669326,0.053164556962025156,0.039814318871630006,0.8334402114878748,0.00011135857461024499,0.5,-0.12695326531748974,0.2976664262500457,0.3347785070858026,0.08697166082836993,0.12359620386321789,0.4649576776257224
2021-03-13 07:20:00,0.23291492329149233,-0.019920318725099695,0.02308265078183136,-0.005534725941796048,0.8115454581146694,0.00011135857461024499,0.5,-0.12695326531748974,0.2976664262500457,0.3347785070858026,0.08697166082836993,0.12359620386321789,0.13033178930850822
2021-03-13 07:30:00,0.28591352859135283,-0.1394422310756973,0.00908413998510782,-0.03160149973219073,0.8152883747104475,0.00011135857461024499,0.5,-0.12695326531748974,0.2976664262500457,0.3347785070858026,0.08697166082836993,0.12359620386321789,0.16428776196870712
2021-03-13 07:40:00,0.31659693165969316,0.05179282868525892,0.005212211466865124,-0.04338510980182109,0.8070173142610356,0.00011135857461024499,0.5,-0.12695326531748974,0.2976664262500457,0.3347785070858026,0.08697166082836993,0.12359620386321789,0.2102539342456659
2021-03-13 07:50:00,0.2789400278940028,0.2749003984063745,0.006701414743112366,-0.050883770755222324,0.8070173142610356,0.00011135857461024499,0.5,-0.12695326531748974,0.2976664262500457,0.3347785070858026,0.08697166082836993,0.12359620386321789,0.1795268343467568
2021-03-13 08:00:00,0.3591352859135286,-0.1394422310756973,0.011169024571854091,-0.056597036243527854,0.8052374658098964,0.00011135857461024499,0.5,-0.12617970711318005,0.3091920564816217,0.29945519384363084,0.2904996355570515,0.661726116966388,0.27264360185282976
2021-03-13 08:10:00,0.3563458856345886,-0.003984063745020028,0.016530156366343807,-0.0526691662203177,0.794807030401382,0.00011135857461024499,0.5,-0.12617970711318005,0.3091920564816217,0.29945519384363084,0.2904996355570515,0.661726116966388,0.26585391613983733
2021-03-13 08:20:00,0.44979079497907953,-0.10756972111553798,0.017125837676842837,-0.0526691662203177,0.7805944170341966,0.00011135857461024499,0.5,-0.12617970711318005,0.3091920564816217,0.29945519384363084,0.2904996355570515,0.661726116966388,0.48199978876533334
2021-03-13 08:30:00,0.42538354253835425,0.3306772908366533,0.014147431124348353,-0.05374040349937503,0.7934197955791705,0.00011135857461024499,0.5,-0.12617970711318005,0.3091920564816217,0.29945519384363084,0.2904996355570515,0.661726116966388,0.4080148467794258
2021-03-13 08:40:00,0.4463040446304045,0.40239043824701204,0.005510052122114528,-0.05981074808069986,0.8016385075447252,0.00011135857461024499,0.5,-0.12617970711318005,0.3091920564816217,0.29945519384363084,0.2904996355570515,0.661726116966388,0.47877091600404365
2021-03-13 08:50:00,0.42398884239888424,-0.1872509960159363,-0.010871183916604688,-0.06302445991787176,0.8070173142610356,0.00011135857461024499,0.5,-0.12617970711318005,0.3091920564816217,0.29945519384363084,0.2904996355570515,0.661726116966388,0.42126227801499766
2021-03-13 09:00:00,0.3228730822873082,-0.10756972111553798,-0.02963514519731958,-0.07230851633636859,0.8070173142610356,0.00011135857461024499,0.5,-0.15039651820428313,0.3418264575137869,0.3044244052766342,0.34358254817626976,0.7312621427117927,0.2451302865247371
2021-03-13 09:10:00,0.4372384937238493,0.1633466135458166,-0.04065524944154886,-0.08087841456882694,0.8227742079020037,0.00011135857461024499,0.5,-0.15039651820428313,0.3418264575137869,0.3044244052766342,0.34358254817626976,0.7312621427117927,0.4394435475353441
2021-03-13 09:20:00,0.25871687587168757,0.2669322709163344,-0.05197319434102765,-0.08694875915015177,0.8368952114224392,0.00011135857461024499,0.5,-0.15039651820428313,0.3418264575137869,0.3044244052766342,0.34358254817626976,0.7312621427117927,0.15567994930368004
2021-03-13 09:30:00,0.17224546722454673,0.6095617529880477,-0.06239761727475812,-0.10123192287091587,0.8547983929015456,0.00011135857461024499,0.5,-0.15039651820428313,0.3418264575137869,0.3044244052766342,0.34358254817626976,0.7312621427117927,0.0691114564630264
2021-03-13 09:40:00,0.23291492329149233,0.593625498007968,-0.06418466120625477,-0.10480271380110695,0.8782243394275694,0.00011135857461024499,0.5,-0.15039651820428313,0.3418264575137869,0.3044244052766342,0.34358254817626976,0.7312621427117927,0.11189402055011542
2021-03-13 09:50:00,0.1304044630404463,0.09960159362549792,-0.06418466120625477,-0.11194429566148911,0.8980251534464934,0.00011135857461024499,0.5,-0.15039651820428313,0.3418264575137869,0.3044244052766342,0.34358254817626976,0.7312621427117927,0.03968948504005915
2021-03-13 10:00:00,0.12412831241283125,-0.13147410358565736,-0.055845122859270346,-0.10623103017318325,0.8980905890513146,0.00011135857461024499,0.5,0.03722274827456107,0.35901576692422765,0.1988075160702028,0.40845477751553977,0.742354292212182,0.023250901519380782
2021-03-13 10:10:00,0.11157601115760113,-0.3705179282868527,-0.04363365599404323,-0.09908944831280142,0.8846239415790921,0.00011135857461024499,0.5,0.03722274827456107,0.35901576692422765,0.1988075160702028,0.40845477751553977,0.742354292212182,0.017487212758573865
2021-03-13 10:20:00,0.17573221757322177,0.1633466135458166,-0.02546537602382737,-0.09087662917336181,0.8846239415790921,0.00011135857461024499,0.5,0.03722274827456107,0.35901576692422765,0.1988075160702028,0.40845477751553977,0.742354292212182,0.067376314558595
2021-03-13 10:30:00,0.22245467224546722,0.5139442231075697,-0.01027550260610588,-0.09194786645241915,0.8846239415790921,0.00011135857461024499,0.5,0.03722274827456107,0.35901576692422765,0.1988075160702028,0.40845477751553977,0.742354292212182,0.10608506721788856
2021-03-13 10:40:00,0.21548117154811713,0.31474103585657365,0.0028294862248696706,-0.0880199964292091,0.8905131460130087,0.00011135857461024499,0.5,0.03722274827456107,0.35901576692422765,0.1988075160702028,0.40845477751553977,0.742354292212182,0.10075893598080783
2021-03-13 10:50:00,0.2482566248256625,-0.12350597609561753,0.017125837676842837,-0.0783788609176932,0.8805407598382432,0.00011135857461024499,0.5,0.03722274827456107,0.35901576692422765,0.1988075160702028,0.40845477751553977,0.742354292212182,0.12597884635695641
2021-03-13 11:00:00,0.3598326359832636,-0.21115537848605592,0.034400595681310264,-0.06302445991787176,0.8707908547198702,0.00011135857461024499,0.5,0.03254060822026905,0.3708258741921866,0.1885415323229545,0.5493342694372053,0.7289662736935728,0.2883277758498423
2021-03-13 11:10:00,0.39539748953974896,-0.02788844621513953,0.04869694713328343,-0.04874129619710765,0.8580832602635745,0.00011135857461024499,0.5,0.03254060822026905,0.3708258741921866,0.1885415323229545,0.5493342694372053,0.7289662736935728,0.36929100592965886
2021-03-13 11:20:00,0.4246861924686192,0.12350597609561742,0.06031273268801174,-0.036243527941438924,0.8597453246260356,0.00011135857461024499,0.5,0.03254060822026905,0.3708258741921866,0.1885415323229545,0.5493342694372053,0.7289662736935728,0.43017185448949113
2021-03-13 11:30:00,0.5516039051603905,0.1872509960159361,0.07252419955323886,-0.023388680592751232,0.8708432032037273,0.00033407572383073496,0.5,0.03254060822026905,0.3708258741921866,0.1885415323229545,0.5493342694372053,0.7289662736935728,0.7531949243327248
2021-03-13 11:40:00,0.5648535564853556,-0.03585657370517936,0.08711839166046165,-0.01053383324406354,0.8662365366243081,0.000779510022271715,0.5,0.03254060822026905,0.3708258741921866,0.1885415323229545,0.5493342694372053,0.7289662736935728,0.7750878887095072
2021-03-13 11:50:00,0.6331938633193863,0.1394422310756971,0.10588235294117632,0.005534725941795937,0.8696915365588725,0.009799554565701559,0.5,0.03254060822026905,0.3708258741921866,0.1885415323229545,0.5493342694372053,0.7289662736935728,0.9168338941110793
2021-03-13 12:00:00,0.7287308228730822,0.1394422310756971,0.12464631422189121,0.022674522406713082,0.8639201162136342,0.14465478841870824,0.5,0.061537283917840746,0.35665661897605655,0.18043037416380353,0.6729355604691089,0.7175940304342824,0.4211792929673944
2021-03-13 12:10:00,0.6771269177126918,-0.13147410358565736,0.1401340282948622,0.039100160685591856,0.8606875973354623,0.7925389755011136,0.5,0.061537283917840746,0.35665661897605655,0.18043037416380353,0.6729355604691089,0.7175940304342824,0.05210706579959865
2021-03-13 12:20:00,0.7322175732217573,-0.4581673306772909,0.1830230826507817,0.07623638635957874,0.8617083927706745,0.9993318485523385,0.5,0.061537283917840746,0.35665661897605655,0.18043037416380353,0.6729355604691089,0.7175940304342824,0.0
2021-03-13 12:30:00,0.8165969316596933,-0.553784860557769,0.20029784065524936,0.0958757364756293,0.8617083927706745,0.9993318485523385,0.5,0.061537283917840746,0.35665661897605655,0.18043037416380353,0.6729355604691089,0.7175940304342824,0.0
2021-03-13 12:40:00,0.8507670850767085,-0.649402390438247,0.19999999999999996,0.09980360649883946,0.8617083927706745,0.9993318485523385,0.5,0.061537283917840746,0.35665661897605655,0.18043037416380353,0.6729355604691089,0.7175940304342824,0.0
2021-03-13 12:50:00,0.8842398884239888,-0.7450199203187251,0.2065524944154875,0.09801821103374397,0.8617083927706745,0.9993318485523385,0.5,0.061537283917840746,0.35665661897605655,0.18043037416380353,0.6729355604691089,0.7175940304342824,0.0
2021-03-13 13:00:00,0.8465829846582985,-0.7458098639923065,0.21310498883097528,0.1008748437778968,0.8617083927706745,0.9993318485523385,0.5,0.17480424237956926,0.3482717301663465,0.15160412891568725,0.7991140883106981,0.7119826598178517,0.0
2021-03-13 13:10:00,0.8563458856345886,-0.7465998076658882,0.20327624720774362,0.10301731833601147,0.8617083927706745,0.9993318485523385,0.5,0.17480424237956926,0.3482717301663465,0.15160412891568725,0.7991140883106981,0.7119826598178517,0.0
2021-03-13 13:20:00,0.8800557880055787,-0.7473897513394698,0.20923306031273237,0.10444563470808776,0.8617083927706745,0.9993318485523385,0.5,0.17480424237956926,0.3482717301663465,0.15160412891568725,0.7991140883106981,0.7119826598178517,0.0
2021-03-13 13:30:00,0.8640167364016736,-0.7481796950130513,0.21131794489947864,0.10444563470808776,0.8617083927706745,0.9993318485523385,0.5,0.17480424237956926,0.3482717301663465,0.15160412891568725,0.7991140883106981,0.7119826598178517,0.0
2021-03-13 13:40:00,0.8430962343096234,-0.7489696386866327,0.22055100521221127,0.10837350473129792,0.8617083927706745,0.9993318485523385,0.5,0.17480424237956926,0.3482717301663465,0.15160412891568725,0.7991140883106981,0.7119826598178517,0.0
2021-03-13 13:50:00,0.8089260808926081,-0.7497595823602143,0.21965748324646306,0.11301553294054645,0.8617083927706745,0.9993318485523385,0.5,0.17480424237956926,0.3482717301663465,0.15160412891568725,0.7991140883106981,0.7119826598178517,0.0
2021-03-13 14:00:00,0.8786610878661087,-0.7505495260337959,0.22769918093819785,0.1183717193358329,0.8617083927706745,0.9993318485523385,0.5,0.16776884174392648,0.33166574235575824,0.16020009746933542,0.9162138339562198,0.7201042734515914,0.0
2021-03-13 14:10:00,0.8577405857740587,-0.7513394697073773,0.22620997766195083,0.1151580074986609,0.8617083927706745,0.9993318485523385,0.5,0.16776884174392648,0.33166574235575824,0.16020009746933542,0.9162138339562198,0.7201042734515914,0.0
2021-03-13 14:20:00,0.8626220362622036,-0.7260612721527682,0.2327624720774384,0.11730048205677557,0.8617083927706745,0.9993318485523385,0.5,0.16776884174392648,0.33166574235575824,0.16020009746933542,0.9162138339562198,0.7201042734515914,0.0
2021-03-13 14:30:00,0.8479776847977685,-0.7007830745981591,0.23603871928518227,0.12158543117300469,0.8617083927706745,0.9993318485523385,0.5,0.16776884174392648,0.33166574235575824,0.16020009746933542,0.9162138339562198,0.7201042734515914,0.0
2021-03-13 14:40:00,0.806136680613668,-0.6755048770435499,0.2372300819061801,0.12515622210319588,0.8617083927706745,0.9993318485523385,0.5,0.16776884174392648,0.33166574235575824,0.16020009746933542,0.9162138339562198,0.7201042734515914,0.0
2021-03-13 14:50:00,0.8535564853556485,-0.6502266794889409,0.23425167535368563,0.12015711480092839,0.8617083927706745,0.9993318485523385,0.5,0.16776884174392648,0.33166574235575824,0.16020009746933542,0.9162138339562198,0.7201042734515914,0.0
2021-03-13 15:00:00,0.8444909344490934,-0.6249484819343316,0.2372300819061801,0.11408677021960378,0.8617083927706745,0.9993318485523385,0.5,0.19313379958728882,0.3200165513912063,0.15567410139829058,0.9562510645430395,0.7318426818450737,0.0
2021-03-13 15:10:00,0.7601115760111576,-0.5996702843797225,0.23842144452717773,0.10837350473129792,0.8617083927706745,0.9993318485523385,0.5,0.19313379958728882,0.3200165513912063,0.15567410139829058,0.9562510645430395,0.7318426818450737,0.0
2021-03-13 15:20:00,0.7294281729428174,-0.5743920868251133,0.24318689501116886,0.1087305838243171,0.8617083927706745,0.9993318485523385,0.5,0.19313379958728882,0.3200165513912063,0.15567410139829058,0.9562510645430395,0.7318426818450737,0.0
2021-03-13 15:30:00,0.7315202231520224,-0.5491138892705043,0.240506329113924,0.11123013747545074,0.8617083927706745,0.9993318485523385,0.5,0.19313379958728882,0.3200165513912063,0.15567410139829058,0.9562510645430395,0.7318426818450737,0.0
2021-03-13 15:40:00,0.7642956764295677,-0.5238356917158951,0.2443782576321667,0.11123013747545074,0.8617083927706745,0.9993318485523385,0.5,0.19313379958728882,0.3200165513912063,0.15567410139829058,0.9562510645430395,0.7318426818450737,0.0
2021-03-13 15:50:00,0.793584379358438,-0.4985574941612859,0.24944154877140723,0.11265845384752704,0.8617083927706745,0.9993318485523385,0.5,0.19313379958728882,0.3200165513912063,0.15567410139829058,0.9562510645430395,0.7318426818450737,0.0
2021-03-13 16:00:00,0.7461645746164575,-0.4732792966066768,0.2512285927029039,0.1151580074986609,0.8617083927706745,0.9993318485523385,0.5,0.2362664151399012,0.29775263141258634,0.13680263803812465,0.9506889769283566,0.7374429436988768,0.0
2021-03-13 16:10:00,0.8186889818688982,-0.44800109905206764,0.25510052122114657,0.11622924477771823,0.8617083927706745,0.9993318485523385,0.5,0.2362664151399012,0.29775263141258634,0.13680263803812465,0.9506889769283566,0.7374429436988768,0.0
2021-03-13 16:20:00,0.7817294281729429,-0.4227229014974585,0.2568875651526432,0.1151580074986609,0.8617083927706745,0.9993318485523385,0.5,0.2362664151399012,0.29775263141258634,0.13680263803812465,0.9506889769283566,0.7374429436988768,0.0
2021-03-13 16:30:00,0.7336122733612274,-0.39744470394284936,0.2637379002233804,0.11408677021960378,0.8617083927706745,0.9993318485523385,0.5,0.2362664151399012,0.29775263141258634,0.13680263803812465,0.9506889769283566,0.7374429436988768,0.0
2021-03-13 16:40:00,0.6617852161785216,-0.3721665063882402,0.2682055100521219,0.1151580074986609,0.8617083927706745,0.9993318485523385,0.5,0.2362664151399012,0.29775263141258634,0.13680263803812465,0.9506889769283566,0.7374429436988768,0.0
2021-03-13 16:50:00,0.7224546722454672,-0.3468883088336312,0.2750558451228593,0.1151580074986609,0.8617083927706745,0.9993318485523385,0.5,0.2362664151399012,0.29775263141258634,0.13680263803812465,0.9506889769283566,0.7374429436988768,0.0
2021-03-13 17:00:00,0.8521617852161786,-0.32161011127902195,0.2798212956068502,0.1183717193358329,0.8617083927706745,0.9993318485523385,0.5,0.24930313722494946,0.304674905964534,0.13247903730833474,0.928774865244559,0.7344340781829996,0.0
2021-03-13 17:10:00,0.9358437935843794,-0.2963319137244127,0.28160833953834685,0.12122835207998572,0.8617083927706745,0.9993318485523385,0.5,0.24930313722494946,0.304674905964534,0.13247903730833474,0.928774865244559,0.7344340781829996,0.0
2021-03-13 17:20:00,0.9065550906555091,-0.27105371616980356,0.2801191362620996,0.11730048205677557,0.8617083927706745,0.9993318485523385,0.5,0.24930313722494946,0.304674905964534,0.13247903730833474,0.928774865244559,0.7344340781829996,0.0
2021-03-13 17:30:00,0.9421199442119944,-0.24577551861519453,0.2839910647803423,0.1151580074986609,0.8617083927706745,0.9993318485523385,0.5,0.24930313722494946,0.304674905964534,0.13247903730833474,0.928774865244559,0.7344340781829996,0.0
2021-03-13 17:40:00,0.9365411436541143,-0.2204973210605854,0.28518242740134014,0.11480092840564193,0.8543403436677965,0.8504454342984411,0.5,0.24930313722494946,0.304674905964534,0.13247903730833474,0.928774865244559,0.7344340781829996,0.03454441208865821
2021-03-13 17:50:00,0.9323570432357042,-0.19521912350597614,0.2905435591958301,0.12015711480092839,0.8488437528628077,0.12461024498886414,0.5,0.24930313722494946,0.304674905964534,0.13247903730833474,0.928774865244559,0.7344340781829996,0.9923804638109752
2021-03-13 18:00:00,0.9337517433751744,0.2749003984063745,0.2991809381980639,0.12658453847527218,0.8439622567431391,0.11748329621380847,0.5,0.16695452606427197,0.2993847824900094,0.1629575437727481,0.8888916900736137,0.730387517858198,0.989983931077146
2021-03-13 18:10:00,0.8493723849372384,-0.043824701195219196,0.2905435591958301,0.1233708266381004,0.8533718967164414,0.07951002227171491,0.5,0.16695452606427197,0.2993847824900094,0.1629575437727481,0.8888916900736137,0.730387517858198,0.9875874737842691
2021-03-13 18:20:00,0.8779637377963738,0.12350597609561742,0.2881608339538346,0.135868594893769,0.8568268966510058,0.08908685968819599,0.5,0.16695452606427197,0.2993847824900094,0.1629575437727481,0.8888916900736137,0.730387517858198,0.9851908656094875
2021-03-13 18:30:00,0.8368200836820083,0.3306772908366533,0.2902457185405807,0.1469380467773611,0.8634620669798851,0.07650334075723832,0.5,0.16695452606427197,0.2993847824900094,0.1629575437727481,0.8888916900736137,0.730387517858198,0.9827944083166107
2021-03-13 18:40:00,0.7475592747559275,-0.03585657370517936,0.2827997021593447,0.16443492233529722,0.865176479826203,0.043763919821826286,0.5,0.16695452606427197,0.2993847824900094,0.1629575437727481,0.8888916900736137,0.730387517858198,0.9803978755827814
2021-03-13 18:50:00,0.6841004184100419,-0.10756972111553798,0.27773641102010416,0.180860560614176,0.8677153812932694,0.009020044543429844,0.5,0.16695452606427197,0.2993847824900094,0.1629575437727481,0.8888916900736137,0.730387517858198,0.9780014182899046
2021-03-13 19:00:00,0.7440725244072525,0.05179282868525892,0.2762472077438567,0.1969291198000358,0.8659093586002017,0.03641425389755011,0.5,0.16561910171458227,0.32300787053133956,0.16392678411937167,0.766005011849043,0.7288237251334495,0.9756048101151229
2021-03-13 19:10:00,0.6834030683403068,-0.12350597609561753,0.2714817572598658,0.20764149259060893,0.8651372184633103,0.017706013363028954,0.5,0.16561910171458227,0.32300787053133956,0.16392678411937167,0.766005011849043,0.7288237251334495,0.9732083528222459
2021-03-13 19:20:00,0.6506276150627616,0.03585657370517925,0.2685033507073715,0.21728262810212473,0.8593527109971077,0.006347438752783964,0.5,0.16561910171458227,0.32300787053133956,0.16392678411937167,0.766005011849043,0.7288237251334495,0.9708118955293691
2021-03-13 19:30:00,0.6276150627615062,-0.003984063745020028,0.2643335815338794,0.2258525263345832,0.8593527109971077,0.002561247216035635,0.5,0.16561910171458227,0.32300787053133956,0.16392678411937167,0.766005011849043,0.7288237251334495,0.9509558368664847
2021-03-13 19:40:00,0.6262203626220363,0.1872509960159361,0.2601638123603871,0.23299410819496535,0.8593527109971077,0.00033407572383073496,0.5,0.16561910171458227,0.32300787053133956,0.16392678411937167,0.766005011849043,0.7288237251334495,0.91911221087255
2021-03-13 19:50:00,0.6101813110181311,-0.15537848605577698,0.2530156366344005,0.23656489912515632,0.8448260067267801,0.002561247216035635,0.5,0.16561910171458227,0.32300787053133956,0.16392678411937167,0.766005011849043,0.7288237251334495,0.8825082607842841
2021-03-13 20:00:00,0.5620641562064157,-0.2828685258964144,0.24318689501116886,0.23763613640421344,0.8439622567431391,0.00022271714922048998,0.5,0.1888832151577784,0.3153183700327879,0.1608871763909639,0.6335523873389457,0.7184187083704535,0.799130920228737
2021-03-13 20:10:00,0.48117154811715485,-0.2270916334661356,0.23603871928518227,0.2447777182645956,0.842849851461177,0.00011135857461024499,0.5,0.1888832151577784,0.3153183700327879,0.1608871763909639,0.6335523873389457,0.7184187083704535,0.5994688956953392
2021-03-13 20:20:00,0.6185495118549511,0.1872509960159361,0.23365599404318682,0.2433494018925193,0.8327465940767691,0.0010022271714922048,0.5,0.1888832151577784,0.3153183700327879,0.1608871763909639,0.6335523873389457,0.7184187083704535,0.9290402402039923
2021-03-13 20:30:00,0.5355648535564853,-0.03585657370517936,0.22799702159344726,0.23620782003213714,0.8437659499286752,0.00022271714922048998,0.5,0.1888832151577784,0.3153183700327879,0.1608871763909639,0.6335523873389457,0.7184187083704535,0.7805045490894277
2021-03-13 20:40:00,0.5808926080892608,-0.4581673306772909,0.22472077438570337,0.23442242456704165,0.8439622567431391,0.0014476614699331849,0.5,0.1888832151577784,0.3153183700327879,0.1608871763909639,0.6335523873389457,0.7184187083704535,0.8798074746895606
2021-03-13 20:50:00,0.5683403068340307,-0.38645418326693237,0.21846612062546522,0.23299410819496535,0.8439622567431391,0.00022271714922048998,0.5,0.1888832151577784,0.3153183700327879,0.1608871763909639,0.6335523873389457,0.7184187083704535,0.780255593946618
2021-03-13 21:00:00,0.4511854951185495,0.1394422310756971,0.21161578555472804,0.23263702910194617,0.8439622567431391,0.00011135857461024499,0.5,0.1784522365414445,0.324186007752719,0.17184290215643613,0.5493763363298146,0.7163403505250201,0.5344689711362917
2021-03-13 21:10:00,0.45746164574616455,0.2828685258964143,0.20387192851824265,0.22478128905552563,0.8439622567431391,0.00011135857461024499,0.5,0.1784522365414445,0.324186007752719,0.17184290215643613,0.5493763363298146,0.7163403505250201,0.5493987356096384
2021-03-13 21:20:00,0.47280334728033474,0.2589641434262948,0.20059568131049876,0.21728262810212473,0.8439622567431391,0.00011135857461024499,0.5,0.1784522365414445,0.324186007752719,0.17184290215643613,0.5493763363298146,0.7163403505250201,0.5897445569352868
2021-03-13 21:30:00,0.4714086471408647,0.41035856573705165,0.19612807148175704,0.20585609712551345,0.8439622567431391,0.00011135857461024499,0.5,0.1784522365414445,0.324186007752719,0.17184290215643613,0.5493763363298146,0.7163403505250201,0.5216741856149192
2021-03-13 21:40:00,0.4205020920502092,0.2589641434262948,0.19344750558451218,0.19978575254418862,0.8439622567431391,0.00011135857461024499,0.5,0.1784522365414445,0.324186007752719,0.17184290215643613,0.5493763363298146,0.7163403505250201,0.44261961162997726
2021-03-13 21:50:00,0.401673640167364,0.21912350597609564,0.1868950111690244,0.19157293340474912,0.8439622567431391,0.00011135857461024499,0.5,0.1784522365414445,0.324186007752719,0.17184290215643613,0.5493763363298146,0.7163403505250201,0.40124024925690666
2021-03-13 22:00:00,0.4490934449093445,0.3545816733067728,0.18391660461653014,0.17764684877700399,0.8439622567431391,0.00011135857461024499,0.5,0.0674163996473911,0.32145905111104073,0.23408276675953266,0.4540956834466797,0.7255245899119958,0.4612912473407065
2021-03-13 22:10:00,0.42398884239888424,-0.01195219123505975,0.18034251675353663,0.16550615961435455,0.8530578058132992,0.00011135857461024499,0.5,0.0674163996473911,0.32145905111104073,0.23408276675953266,0.4540956834466797,0.7255245899119958,0.41583052944460375
2021-03-13 22:20:00,0.36262203626220363,-0.42629482071713154,0.17706626954579274,0.16122121049812543,0.8551910065304734,0.00011135857461024499,0.5,0.0674163996473911,0.32145905111104073,0.23408276675953266,0.4540956834466797,0.7255245899119958,0.2835372753745643
2021-03-13 22:30:00,0.2294281729428173,-0.21912350597609564,0.17379002233804886,0.15265131226566697,0.845571972621743,0.00011135857461024499,0.5,0.0674163996473911,0.32145905111104073,0.23408276675953266,0.4540956834466797,0.7255245899119958,0.13826817749747272
2021-03-13 22:40:00,0.2496513249651325,0.05976095617529875,0.16842889054355892,0.13943938582395998,0.8413448325502872,0.00011135857461024499,0.5,0.0674163996473911,0.32145905111104073,0.23408276675953266,0.4540956834466797,0.7255245899119958,0.15475202558957105
2021-03-13 22:50:00,0.2196652719665272,0.1872509960159361,0.16515264333581525,0.12587038028923425,0.8413448325502872,0.00011135857461024499,0.5,0.0674163996473911,0.32145905111104073,0.23408276675953266,0.4540956834466797,0.7255245899119958,0.12312717835749959
2021-03-13 23:00:00,0.3277545327754533,0.4501992031872508,0.1603871928518239,0.10980182110337444,0.8493541505804137,0.00011135857461024499,0.5,-0.015445148676399345,0.31520630332148625,0.28935673155364927,0.38097790015624994,0.7598052374323494,0.2225130890052356
2021-03-13 23:10:00,0.3542538354253836,0.31474103585657365,0.15740878629932964,0.09516157828959115,0.8551910065304734,0.00011135857461024499,0.5,-0.015445148676399345,0.31520630332148625,0.28935673155364927,0.38097790015624994,0.7598052374323494,0.2690526125201805
2021-03-13 23:20:00,0.3668061366806137,0.1872509960159361,0.15711094564408024,0.08944831280128551,0.8551910065304734,0.00011135857461024499,0.5,-0.015445148676399345,0.31520630332148625,0.28935673155364927,0.38097790015624994,0.7598052374323494,0.28815426165939917
2021-03-13 23:30:00,0.3688981868898187,0.05179282868525892,0.15651526433358143,0.0801642563827889,0.8655036578503096,0.00011135857461024499,0.5,-0.015445148676399345,0.31520630332148625,0.28935673155364927,0.38097790015624994,0.7598052374323494,0.27171567813872083
2021-03-13 23:40:00,0.394700139470014,-0.08366533864541836,0.15413253909158597,0.07945009819675053,0.8664197563178078,0.00011135857461024499,0.5,-0.015445148676399345,0.31520630332148625,0.28935673155364927,0.38097790015624994,0.7598052374323494,0.33402236069828145
2021-03-13 23:50:00,0.4177126917712692,0.07569721115537842,0.15383469843633635,0.07552222817354037,0.8664197563178078,0.00011135857461024499,0.5,-0.015445148676399345,0.31520630332148625,0.28935673155364927,0.38097790015624994,0.7598052374323494,0.3793699171658343
2021-03-14 00:00:00,0.4225941422594142,0.1633466135458166,0.15323901712583754,0.07230851633636859,0.8664197563178078,0.00011135857461024499,0.5,-0.03563127225693363,0.30971790797311516,0.3141694366041613,0.3435528852760653,0.8041366928534152,0.38889056535449706
2021-03-14 00:10:00,0.42747559274755925,0.05976095617529875,0.1511541325390915,0.07016604177825392,0.8664197563178078,0.00011135857461024499,0.5,-0.03563127225693363,0.30971790797311516,0.3141694366041613,0.3435528852760653,0.8041366928534152,0.3828628332604071
2021-03-14 00:20:00,0.397489539748954,0.05179282868525892,0.15174981384959052,0.0687377254061774,0.8664197563178078,0.00011135857461024499,0.5,-0.03563127225693363,0.30971790797311516,0.3141694366041613,0.3435528852760653,0.8041366928534152,0.3384432005069632
2021-03-14 00:30:00,0.2698744769874477,0.4820717131474104,0.148175725986597,0.06480985538296746,0.869168051720302,0.00011135857461024499,0.5,-0.03563127225693363,0.30971790797311516,0.3141694366041613,0.3435528852760653,0.8041366928534152,0.17065497834844667
2021-03-14 00:40:00,0.31729428172942814,-0.4103585657370519,0.1434102755026061,0.06088198535975731,0.8751357788800043,0.00011135857461024499,0.5,-0.03563127225693363,0.30971790797311516,0.3141694366041613,0.3435528852760653,0.8041366928534152,0.20055222777132337
2021-03-14 00:50:00,0.3235704323570432,-0.14741035856573714,0.13715562174236773,0.055882878057489815,0.8664459305597362,0.00011135857461024499,0.5,-0.03563127225693363,0.30971790797311516,0.3141694366041613,0.3435528852760653,0.8041366928534152,0.20376601234213984
2021-03-14 01:00:00,0.19177126917712692,0.10756972111553775,0.1323901712583766,0.04767005891805054,0.8664459305597362,0.00011135857461024499,0.5,-0.0874279198044976,0.2973129850836335,0.36176277718872624,0.3032719505935703,0.8466778557768789,0.07567481931891909
2021-03-14 01:10:00,0.16875871687587168,-0.5378486055776892,0.12732688011913607,0.041956793429744677,0.8562379762076141,0.00011135857461024499,0.5,-0.0874279198044976,0.2973129850836335,0.36176277718872624,0.3032719505935703,0.8466778557768789,0.062291594369087315
2021-03-14 01:20:00,0.17294281729428174,-0.14741035856573714,0.12732688011913607,0.04088555615068734,0.837798222768973,0.00011135857461024499,0.5,-0.0874279198044976,0.2973129850836335,0.36176277718872624,0.3032719505935703,0.8466778557768789,0.07070326055796128
2021-03-14 01:30:00,0.1415620641562064,0.9521912350597608,0.12613551749813845,0.04088555615068734,0.8697307979217652,0.00011135857461024499,0.5,-0.0874279198044976,0.2973129850836335,0.36176277718872624,0.3032719505935703,0.8466778557768789,0.040217571706625224
2021-03-14 01:40:00,0.13458856345885634,-0.15537848605577698,0.11868950111690246,0.04302803070880201,0.9132323880069624,0.00011135857461024499,0.5,-0.0874279198044976,0.2973129850836335,0.36176277718872624,0.3032719505935703,0.8466778557768789,0.03855032665932375
2021-03-14 01:50:00,0.19595536959553697,-0.33067729083665354,0.11839166046165284,0.033386895197286215,0.9044378427189803,0.00011135857461024499,0.5,-0.0874279198044976,0.2973129850836335,0.36176277718872624,0.3032719505935703,0.8466778557768789,0.06354391417837259
2021-03-14 02:00:00,0.19665271966527195,-0.4183266932270917,0.12345495160089337,0.023031601499732268,0.8800565363625656,0.00011135857461024499,0.5,-0.09587205488050765,0.2827299450873116,0.3754210387420952,0.2968175801578947,0.8842348271811913,0.07597658312838541
2021-03-14 02:10:00,0.25732217573221755,-0.08366533864541836,0.12464631422189121,0.02053204784859841,0.8715499077357972,0.00011135857461024499,0.5,-0.09587205488050765,0.2827299450873116,0.3754210387420952,0.2968175801578947,0.8842348271811913,0.1361030221645518
2021-03-14 02:20:00,0.25732217573221755,0.3784860557768923,0.13119880863737876,0.019103731476522112,0.8715499077357972,0.00011135857461024499,0.5,-0.09587205488050765,0.2827299450873116,0.3754210387420952,0.2968175801578947,0.8842348271811913,0.16548727311133576
2021-03-14 02:30:00,0.3410041841004184,0.5458167330677288,0.13924050632911378,0.02231744331369412,0.8816008166363482,0.00011135857461024499,0.5,-0.09587205488050765,0.2827299450873116,0.3754210387420952,0.2968175801578947,0.8842348271811913,0.24656366461970217
2021-03-14 02:40:00,0.46234309623430964,0.09960159362549792,0.13715562174236773,0.02231744331369412,0.897200664825745,0.00011135857461024499,0.5,-0.09587205488050765,0.2827299450873116,0.3754210387420952,0.2968175801578947,0.8842348271811913,0.3981320820194034
2021-03-14 02:50:00,0.49372384937238495,-0.15537848605577698,0.14043186895011162,0.024102838778789604,0.8973707973982804,0.00011135857461024499,0.5,-0.09587205488050765,0.2827299450873116,0.3754210387420952,0.2968175801578947,0.8842348271811913,0.4579944777222868
2021-03-14 03:00:00,0.4260808926080893,0.019920318725099362,0.14519731943410275,0.0337439742903054,0.8973707973982804,0.00011135857461024499,0.5,-0.10022029715601555,0.26309240906073833,0.3848964632428629,0.31077419620394736,0.907036892368798,0.3634292439307754
2021-03-14 03:10:00,0.40446304044630405,0.31474103585657365,0.14519731943410275,0.039100160685591856,0.8973707973982804,0.00011135857461024499,0.5,-0.10022029715601555,0.26309240906073833,0.3848964632428629,0.31077419620394736,0.907036892368798,0.3723086440243222
2021-03-14 03:20:00,0.3800557880055788,0.2749003984063745,0.14519731943410275,0.04017139796464919,0.8973707973982804,0.00011135857461024499,0.5,-0.10022029715601555,0.26309240906073833,0.3848964632428629,0.31077419620394736,0.907036892368798,0.3124915128928588
2021-03-14 03:30:00,0.15202231520223153,0.2111553784860556,0.13715562174236773,0.04017139796464919,0.9070421797908679,0.00011135857461024499,0.5,-0.10022029715601555,0.26309240906073833,0.3848964632428629,0.31077419620394736,0.907036892368798,0.04376329646785461
2021-03-14 03:40:00,0.0502092050209205,-0.17131474103585664,0.10766939687267296,0.03945723977861104,0.9112431456203951,0.789086859688196,0.5,-0.10022029715601555,0.26309240906073833,0.3848964632428629,0.31077419620394736,0.907036892368798,0.0
2021-03-14 03:50:00,0.03138075313807531,-0.553784860557769,0.1133283693224123,0.057311194429566115,0.9112431456203951,0.9993318485523385,0.5,-0.10022029715601555,0.26309240906073833,0.3848964632428629,0.31077419620394736,0.907036892368798,0.0
2021-03-14 04:00:00,0.02092050209205021,-0.5859345227784515,0.11005212211466842,0.0687377254061774,0.9112431456203951,0.9993318485523385,0.5,-0.1709001965497564,0.23519641846284753,0.4494983677120082,0.3346291258626269,0.9280946261817612,0.0
2021-03-14 04:10:00,0.03138075313807531,-0.6180841849991341,0.10737155621742356,0.06266738082485257,0.9112431456203951,0.9993318485523385,0.5,-0.1709001965497564,0.23519641846284753,0.4494983677120082,0.3346291258626269,0.9280946261817612,0.0
2021-03-14 04:20:00,0.04393305439330544,-0.6502338472198164,0.10141474311243459,0.058025352615604486,0.9112431456203951,0.9993318485523385,0.5,-0.1709001965497564,0.23519641846284753,0.4494983677120082,0.3346291258626269,0.9280946261817612,0.0
2021-03-14 04:30:00,0.09902370990237098,-0.682383509440499,0.09158600148920315,0.054454561685413294,0.9112431456203951,0.9993318485523385,0.5,-0.1709001965497564,0.23519641846284753,0.4494983677120082,0.3346291258626269,0.9280946261817612,0.0
2021-03-14 04:40:00,0.09693165969316596,-0.7145331716611815,0.08860759493670867,0.05195500803427966,0.9112431456203951,0.9993318485523385,0.5,-0.1709001965497564,0.23519641846284753,0.4494983677120082,0.3346291258626269,0.9280946261817612,0.0
2021-03-14 04:50:00,0.048117154811715475,-0.6591027195565565,0.09099032017870412,0.05052669166220336,0.9112431456203951,0.9993318485523385,0.5,-0.1709001965497564,0.23519641846284753,0.4494983677120082,0.3346291258626269,0.9280946261817612,0.0
2021-03-14 05:00:00,0.03486750348675035,-0.6036722674519315,0.0856291883842144,0.04409926798785935,0.9112431456203951,0.9993318485523385,0.5,-0.1758347527852332,0.21232906234644702,0.442455872172378,0.3377390834073465,0.944168253504373,0.0
2021-03-14 05:10:00,0.039051603905160395,-0.5482418153473065,0.0826507818317197,0.041956793429744677,0.9112431456203951,0.9993318485523385,0.5,-0.1758347527852332,0.21232906234644702,0.442455872172378,0.3377390834073465,0.944168253504373,0.0
2021-03-14 05:20:00,0.03695955369595537,-0.4928113632426816,0.0826507818317197,0.04017139796464919,0.9112431456203951,0.9993318485523385,0.5,-0.1758347527852332,0.21232906234644702,0.442455872172378,0.3377390834073465,0.944168253504373,0.0
2021-03-14 05:30:00,0.06624825662482565,-0.43738091113805666,0.08384214445271776,0.038386002499553706,0.9112431456203951,0.9993318485523385,0.5,-0.1758347527852332,0.21232906234644702,0.442455872172378,0.3377390834073465,0.944168253504373,0.0
2021-03-14 05:40:00,0.07391910739191074,-0.3819504590334316,0.0856291883842144,0.03302981610426703,0.9112431456203951,0.9993318485523385,0.5,-0.1758347527852332,0.21232906234644702,0.442455872172378,0.3377390834073465,0.944168253504373,0.0
2021-03-14 05:50:00,0.04672245467224547,-0.32652000692880667,0.08473566641846597,0.03302981610426703,0.9112431456203951,0.9993318485523385,0.5,-0.1758347527852332,0.21232906234644702,0.442455872172378,0.3377390834073465,0.944168253504373,0.0
2021-03-14 06:00:00,0.029288702928870293,-0.27108955482418173,0.08026805658972425,0.02945902517407606,0.9112431456203951,0.9993318485523385,0.5,-0.21505885319404205,0.18548477473154315,0.47823520900299116,0.32326080353785697,0.9755930990193601,0.0
2021-03-14 06:10:00,0.017433751743375175,-0.2156591027195568,0.07550260610573334,0.02874486698803791,0.9112431456203951,0.9993318485523385,0.5,-0.21505885319404205,0.18548477473154315,0.47823520900299116,0.32326080353785697,0.9755930990193601,0.0
2021-03-14 06:20:00,0.013249651324965132,-0.16022865061493163,0.07371556217423669,0.02231744331369412,0.9112431456203951,0.9993318485523385,0.5,-0.21505885319404205,0.18548477473154315,0.47823520900299116,0.32326080353785697,0.9755930990193601,0.0
2021-03-14 06:30:00,0.012552301255230125,-0.1047981985103067,0.07073715562174243,0.021603285127655747,0.9112431456203951,0.9993318485523385,0.5,-0.21505885319404205,0.18548477473154315,0.47823520900299116,0.32326080353785697,0.9755930990193601,0.0
2021-03-14 06:40:00,0.029288702928870293,-0.049367746405681756,0.06775874906924773,0.018746652383502926,0.9112431456203951,0.9993318485523385,0.5,-0.21505885319404205,0.18548477473154315,0.47823520900299116,0.32326080353785697,0.9755930990193601,0.0
2021-03-14 06:50:00,0.03138075313807531,0.006062705698943072,0.06656738644825011,0.013747545081235657,0.9112431456203951,0.9993318485523385,0.5,-0.21505885319404205,0.18548477473154315,0.47823520900299116,0.32326080353785697,0.9755930990193601,0.0
2021-03-14 07:00:00,0.03626220362622037,0.06149315780356801,0.06478034251675346,0.010533833244063429,0.9112431456203951,0.9993318485523385,0.5,-0.21913026482686582,0.17044197386834042,0.47311597646177694,0.3115634318635471,0.998926858740633,0.0
2021-03-14 07:10:00,0.04602510460251046,0.11692360990819317,0.06001489203276256,0.008034279592929794,0.9112431456203951,0.9993318485523385,0.5,-0.21913026482686582,0.17044197386834042,0.47311597646177694,0.3115634318635471,0.998926858740633,0.0
2021-03-14 07:20:00,0.07043235704323571,0.1723540620128181,0.05614296351451942,0.004106409569719638,0.9112431456203951,0.9993318485523385,0.5,-0.21913026482686582,0.17044197386834042,0.47311597646177694,0.3115634318635471,0.998926858740633,0.0
2021-03-14 07:30:00,0.12622036262203626,0.22778451411744305,0.055845122859270235,-0.0005356186395285567,0.9112431456203951,0.9993318485523385,0.5,-0.21913026482686582,0.17044197386834042,0.47311597646177694,0.3115634318635471,0.998926858740633,0.0
2021-03-14 07:40:00,0.200836820083682,0.2832149662220682,0.06031273268801174,-0.008391358685948758,0.8998050018976326,0.9993318485523385,0.5,-0.21913026482686582,0.17044197386834042,0.47311597646177694,0.3115634318635471,0.998926858740633,0.0
2021-03-14 07:50:00,0.14016736401673638,0.33864541832669315,0.06805658972449735,-0.0005356186395285567,0.733533130046721,0.9993318485523385,0.5,-0.21913026482686582,0.17044197386834042,0.47311597646177694,0.3115634318635471,0.998926858740633,0.0
2021-03-14 08:00:00,0.12482566248256625,0.3297919433377601,0.07788533134772879,0.008748437778968166,0.6944288126055149,0.9993318485523385,0.5,-0.19319530268429008,0.17407408471668528,0.4385259024822216,0.3567225349060267,0.01630860746783536,0.0
2021-03-14 08:10:00,0.1290097629009763,0.3209384683488268,0.08384214445271776,0.001963935011605189,0.6944288126055149,0.9993318485523385,0.5,-0.19319530268429008,0.17407408471668528,0.4385259024822216,0.3567225349060267,0.01630860746783536,0.0
2021-03-14 08:20:00,0.11715481171548117,0.3120849933598935,0.08652271034996262,-0.002321014104624264,0.6944288126055149,0.9993318485523385,0.5,-0.19319530268429008,0.17407408471668528,0.4385259024822216,0.3567225349060267,0.01630860746783536,0.0
2021-03-14 08:30:00,0.11715481171548117,0.3032315183709604,0.09128816083395375,-0.004463488662738713,0.6944288126055149,0.9993318485523385,0.5,-0.19319530268429008,0.17407408471668528,0.4385259024822216,0.3567225349060267,0.01630860746783536,0.0
2021-03-14 08:40:00,0.11436541143654114,0.29437804338202733,0.0939687267311986,-0.004463488662738713,0.6944288126055149,0.9993318485523385,0.5,-0.19319530268429008,0.17407408471668528,0.4385259024822216,0.3567225349060267,0.01630860746783536,0.0
2021-03-14 08:50:00,0.09274755927475593,0.28552456839309426,0.09545793000744607,-0.0001785395465094819,0.6944288126055149,0.9993318485523385,0.5,-0.19319530268429008,0.17407408471668528,0.4385259024822216,0.3567225349060267,0.01630860746783536,0.0
2021-03-14 09:00:00,0.09832635983263598,0.27667109340416096,0.10439314966492907,0.00910551687198713,0.6944288126055149,0.9993318485523385,0.5,-0.15150394083428764,0.1696919889542437,0.37363004287458706,0.35257616593468827,0.023543125079450694,0.0
2021-03-14 09:10:00,0.13389121338912133,0.2678176184152279,0.11154132539091588,0.01767541510444559,0.6944288126055149,0.9993318485523385,0.5,-0.15150394083428764,0.1696919889542437,0.37363004287458706,0.35257616593468827,0.023543125079450694,0.0
2021-03-14 09:20:00,0.12691771269177127,0.2589641434262948,0.11928518242740127,0.02231744331369412,0.6944288126055149,0.9993318485523385,0.5,-0.15150394083428764,0.1696919889542437,0.37363004287458706,0.35257616593468827,0.023543125079450694,0.0
2021-03-14 09:30:00,0.1799163179916318,0.2501106684373615,0.12732688011913607,0.026245313336904275,0.6944288126055149,0.9993318485523385,0.5,-0.15150394083428764,0.1696919889542437,0.37363004287458706,0.35257616593468827,0.023543125079450694,0.0
2021-03-14 09:40:00,0.13389121338912133,0.24125719344842844,0.1359642591213699,0.032672737011248065,0.6944288126055149,0.9993318485523385,0.5,-0.15150394083428764,0.1696919889542437,0.37363004287458706,0.35257616593468827,0.023543125079450694,0.0
2021-03-14 09:50:00,0.12273361227336123,0.23240371845949537,0.14281459419210707,0.04267095161578305,0.6944288126055149,0.9993318485523385,0.5,-0.15150394083428764,0.1696919889542437,0.37363004287458706,0.35257616593468827,0.023543125079450694,0.0
2021-03-14 10:00:00,0.12761506276150628,0.22355024347056207,0.14906924795234544,0.054454561685413294,0.6944288126055149,0.9993318485523385,0.5,0.1113389164181584,0.17171781027393065,0.2036937910663762,0.2579719555557278,0.024955203083868085,0.0
2021-03-14 10:10:00,0.1297071129707113,0.214696768481629,0.15889798957557688,0.06516693447598643,0.6944288126055149,0.9993318485523385,0.5,0.1113389164181584,0.17171781027393065,0.2036937910663762,0.2579719555557278,0.024955203083868085,0.0
2021-03-14 10:20:00,0.09414225941422595,0.2058432934926957,0.16634400595681287,0.07195143724334963,0.6944288126055149,0.9993318485523385,0.5,0.1113389164181584,0.17171781027393065,0.2036937910663762,0.2579719555557278,0.024955203083868085,0.0
2021-03-14 10:30:00,0.09135285913528592,0.19698981850376263,0.17230081906180184,0.07873594001071238,0.6944288126055149,0.9993318485523385,0.5,0.1113389164181584,0.17171781027393065,0.2036937910663762,0.2579719555557278,0.024955203083868085,0.0
2021-03-14 10:40:00,0.10669456066945607,0.18813634351482955,0.18153387937453447,0.08194965184788416,0.6944288126055149,0.9993318485523385,0.5,0.1113389164181584,0.17171781027393065,0.2036937910663762,0.2579719555557278,0.024955203083868085,0.0
2021-03-14 10:50:00,0.12133891213389121,0.17928286852589648,0.19136262099776613,0.08587752187109432,0.6944288126055149,0.9993318485523385,0.5,0.1113389164181584,0.17171781027393065,0.2036937910663762,0.2579719555557278,0.024955203083868085,0.0
2021-03-14 11:00:00,0.07043235704323571,0.17042939353696318,0.20029784065524936,0.09087662917336181,0.6944288126055149,0.9993318485523385,0.5,0.13216018288166032,0.1723499814658886,0.1841072228632676,0.17452947593415788,0.9563365969647701,0.0
2021-03-14 11:10:00,0.05230125523012552,0.1615759185480301,0.20804169769173497,0.094447420103553,0.6944288126055149,0.9993318485523385,0.5,0.13216018288166032,0.1723499814658886,0.1841072228632676,0.17452947593415788,0.9563365969647701,0.0
2021-03-14 11:20:00,0.03765690376569038,0.1527224435590968,0.21816827997021582,0.1008748437778968,0.6944288126055149,0.9993318485523385,0.5,0.13216018288166032,0.1723499814658886,0.1841072228632676,0.17452947593415788,0.9563365969647701,0.0
2021-03-14 11:30:00,0.0404463040446304,0.14386896857016374,0.22769918093819785,0.10658810926620266,0.6944288126055149,0.9993318485523385,0.5,0.13216018288166032,0.1723499814658886,0.1841072228632676,0.17452947593415788,0.9563365969647701,0.0
2021-03-14 11:40:00,0.04393305439330544,0.13501549358123044,0.23633655994043168,0.1137296911265846,0.6944288126055149,0.9993318485523385,0.5,0.13216018288166032,0.1723499814658886,0.1841072228632676,0.17452947593415788,0.9563365969647701,0.0
2021-03-14 11:50:00,0.059274755927475595,0.12616201859229736,0.24408041697691707,0.12051419389394757,0.6944288126055149,0.9993318485523385,0.5,0.13216018288166032,0.1723499814658886,0.1841072228632676,0.17452947593415788,0.9563365969647701,0.0
2021-03-14 12:00:00,0.07391910739191074,0.11730854360336429,0.25003723008190604,0.1269416175682916,0.6944288126055149,0.9993318485523385,0.5,0.1844616627915936,0.17804814270977212,0.15942729220015783,0.17231057166016348,0.8218335574795776,0.0
2021-03-14 12:10:00,0.04672245467224547,0.10845506861443122,0.2571854058078924,0.132654883056597,0.6944288126055149,0.9993318485523385,0.5,0.1844616627915936,0.17804814270977212,0.15942729220015783,0.17231057166016348,0.8218335574795776,0.0
2021-03-14 12:20:00,0.06624825662482565,0.09960159362549792,0.2667163067758749,0.1408677021960365,0.6944288126055149,0.9993318485523385,0.5,0.1844616627915936,0.17804814270977212,0.15942729220015783,0.17231057166016348,0.8218335574795776,0.0
2021-03-14 12:30:00,0.07740585774058578,0.09074811863656485,0.2753536857781087,0.14658096768434214,0.6944288126055149,0.9993318485523385,0.5,0.1844616627915936,0.17804814270977212,0.15942729220015783,0.17231057166016348,0.8218335574795776,0.0
2021-03-14 12:40:00,0.0794979079497908,0.08189464364763155,0.28488458674609074,0.15265131226566697,0.6944288126055149,0.9993318485523385,0.5,0.1844616627915936,0.17804814270977212,0.15942729220015783,0.17231057166016348,0.8218335574795776,0.0
2021-03-14 12:50:00,0.05299860529986053,0.07304116865869847,0.2941176470588236,0.1569362613818961,0.6944288126055149,0.9993318485523385,0.5,0.1844616627915936,0.17804814270977212,0.15942729220015783,0.17231057166016348,0.8218335574795776,0.0
2021-03-14 13:00:00,0.03556485355648536,0.0641876936697654,0.3030528667163066,0.1637207641492593,0.6944288126055149,0.9993318485523385,0.5,0.3112783138545734,0.1754619878335771,0.1130643022426951,0.25673003745902456,0.7927807314978254,0.0
2021-03-14 13:10:00,0.08647140864714087,0.055334218680832103,0.3152643335815337,0.17229066238171753,0.6944288126055149,0.9993318485523385,0.5,0.3112783138545734,0.1754619878335771,0.1130643022426951,0.25673003745902456,0.7927807314978254,0.0
2021-03-14 13:20:00,0.061366806136680614,0.04648074369189903,0.32807148175725986,0.17764684877700399,0.6944288126055149,0.9993318485523385,0.5,0.3112783138545734,0.1754619878335771,0.1130643022426951,0.25673003745902456,0.7927807314978254,0.0
2021-03-14 13:30:00,0.18549511854951187,0.037627268702965955,0.33938942665673855,0.18657382610248163,0.6884741725667771,0.9993318485523385,0.5,0.3112783138545734,0.1754619878335771,0.1130643022426951,0.25673003745902456,0.7927807314978254,0.0
2021-03-14 13:40:00,0.23570432357043236,0.02877379371403266,0.34772896500372297,0.20335654347437981,0.5136040622423473,0.9180400890868597,0.5,0.3112783138545734,0.1754619878335771,0.1130643022426951,0.25673003745902456,0.7927807314978254,0.0
2021-03-14 13:50:00,0.24616457461645744,0.019920318725099362,0.35487714072970933,0.21763970719514392,0.4119825679548756,0.007461024498886415,0.5,0.3112783138545734,0.1754619878335771,0.1130643022426951,0.25673003745902456,0.7927807314978254,0.08468246903148906
2021-03-14 14:00:00,0.24407252440725244,0.49003984063745,0.36589724497393883,0.2212104981253349,0.4418997264791718,0.00011135857461024499,0.5,0.33003128853324104,0.17107989207113553,0.10651029470714624,0.3496795624838195,0.7970723631635975,0.09935573426678938
2021-03-14 14:10:00,0.30474198047419804,0.14741035856573692,0.3778108711839163,0.2397786109623281,0.44201751056785016,0.00011135857461024499,0.5,0.33003128853324104,0.17107989207113553,0.10651029470714624,0.3496795624838195,0.7970723631635975,0.17456281968103565
2021-03-14 14:20:00,0.36401673640167365,0.1633466135458166,0.39061801935964247,0.2512051419389394,0.44833858999358733,0.00011135857461024499,0.5,0.33003128853324104,0.17107989207113553,0.10651029470714624,0.3496795624838195,0.7970723631635975,0.23530033043137136
2021-03-14 14:30:00,0.3821478382147839,-0.003984063745020028,0.40163812360387197,0.26655954293876083,0.4538482679195404,0.00011135857461024499,0.5,0.33003128853324104,0.17107989207113553,0.10651029470714624,0.3496795624838195,0.7970723631635975,0.2564237970940145
2021-03-14 14:40:00,0.3765690376569038,-0.01195219123505975,0.40938198064035736,0.28619889305481183,0.446401696090877,0.00011135857461024499,0.5,0.33003128853324104,0.17107989207113553,0.10651029470714624,0.3496795624838195,0.7970723631635975,0.24313864538225932
2021-03-14 14:50:00,0.3521617852161785,0.2589641434262948,0.4075949367088605,0.2897696839850026,0.43461020010207957,0.00011135857461024499,0.5,0.33003128853324104,0.17107989207113553,0.10651029470714624,0.3496795624838195,0.7970723631635975,0.22387857024307076
2021-03-14 15:00:00,0.38354253835425384,-0.26693227091633476,0.39389426656738635,0.2737011247991432,0.4400806166651398,0.00011135857461024499,0.5,0.35305112394908567,0.1444769789113422,0.09804253523245092,0.3957942701860701,0.7819623155465276,0.25793261614134616
2021-03-14 15:10:00,0.3319386331938633,-0.043824701195219196,0.38972449739389403,0.2740582038921622,0.4457604271636283,0.00011135857461024499,0.5,0.35305112394908567,0.1444769789113422,0.09804253523245092,0.3957942701860701,0.7819623155465276,0.1871765469167283
2021-03-14 15:20:00,0.3242677824267783,0.06772908366533859,0.39002233804914366,0.27441528298518114,0.4308149350224444,0.00011135857461024499,0.5,0.35305112394908567,0.1444769789113422,0.09804253523245092,0.3957942701860701,0.7819623155465276,0.18226534091766375
2021-03-14 15:30:00,0.3807531380753138,-0.07569721115537853,0.39478778853313456,0.27262988752008566,0.43911216971378464,0.00011135857461024499,0.5,0.35305112394908567,0.1444769789113422,0.09804253523245092,0.3957942701860701,0.7819623155465276,0.2663518264254568
2021-03-14 15:40:00,0.45258019525801957,0.003984063745019917,0.3953834698436334,0.27941439028744863,0.44374501053513243,0.00011135857461024499,0.5,0.35305112394908567,0.1444769789113422,0.09804253523245092,0.3957942701860701,0.7819623155465276,0.38374549240309613
2021-03-14 15:50:00,0.4288702928870293,-0.043824701195219196,0.3924050632911391,0.27977146938046804,0.44930703694494256,0.00011135857461024499,0.5,0.35305112394908567,0.1444769789113422,0.09804253523245092,0.3957942701860701,0.7819623155465276,0.3456100909817886
2021-03-14 16:00:00,0.41562064156206413,0.05976095617529875,0.3894266567386446,0.29405463310123214,0.45659656332203474,0.00011135857461024499,0.5,0.39498676382643993,0.1288393624266168,0.06760258026160992,0.43212434343057665,0.7780423611597327,0.31765921812996967
2021-03-14 16:10:00,0.4721059972105997,0.15537848605577675,0.3894266567386446,0.29369755400821274,0.4709793092617555,0.00011135857461024499,0.5,0.39498676382643993,0.1288393624266168,0.06760258026160992,0.43212434343057665,0.7780423611597327,0.39294174449658253
2021-03-14 16:20:00,0.4246861924686192,-0.3067729083665339,0.3894266567386446,0.2994108194965186,0.46158275640941754,0.00011135857461024499,0.5,0.39498676382643993,0.1288393624266168,0.06760258026160992,0.43212434343057665,0.7780423611597327,0.35465546117054186
2021-03-14 16:30:00,0.25662482566248257,-0.2828685258964144,0.39389426656738635,0.3001249776825565,0.4541754459436469,0.00011135857461024499,0.5,0.39498676382643993,0.1288393624266168,0.06760258026160992,0.43212434343057665,0.7780423611597327,0.12063008283416571
2021-03-14 16:40:00,0.2510460251046025,0.4422310756972112,0.3953834698436334,0.3044099267987861,0.4415987226969939,0.00011135857461024499,0.5,0.39498676382643993,0.1288393624266168,0.06760258026160992,0.43212434343057665,0.7780423611597327,0.10831811940793942
2021-03-14 16:50:00,0.2280334728033473,0.1394422310756971,0.3959791511541324,0.30798071772897706,0.4660454646582298,0.00011135857461024499,0.5,0.39498676382643993,0.1288393624266168,0.06760258026160992,0.43212434343057665,0.7780423611597327,0.08820556150700846
2021-03-14 17:00:00,0.1290097629009763,-0.40239043824701204,0.3953834698436334,0.3058382431708624,0.45023622253340484,0.00044543429844097997,0.5,0.40919601377215753,0.11958092796983827,0.06035375814289339,0.4214197522300094,0.7880076914973944,0.016234892949288593
2021-03-14 17:10:00,0.09274755927475593,0.03585657370517925,0.3968726731198806,0.3086948759150152,0.4288518668778055,0.12661469933184855,0.5,0.40919601377215753,0.11958092796983827,0.06035375814289339,0.4214197522300094,0.7880076914973944,0.0
2021-03-14 17:20:00,0.14086471408647142,0.02409409979131083,0.40134028294862234,0.30191037314765223,0.42677101464448836,0.9993318485523385,0.5,0.40919601377215753,0.11958092796983827,0.06035375814289339,0.4214197522300094,0.7880076914973944,0.0
2021-03-14 17:30:00,0.15411436541143653,0.01233162587744241,0.4081906180193595,0.3279771469380468,0.42677101464448836,0.9993318485523385,0.5,0.40919601377215753,0.11958092796983827,0.06035375814289339,0.4214197522300094,0.7880076914973944,0.0
2021-03-14 17:40:00,0.1290097629009763,0.0005691519635742104,0.4114668652271034,0.3379753615425818,0.42677101464448836,0.9993318485523385,0.5,0.40919601377215753,0.11958092796983827,0.06035375814289339,0.4214197522300094,0.7880076914973944,0.0
2021-03-14 17:50:00,0.07880055788005579,-0.0111933219502941,0.4129560685033504,0.3411890733797538,0.42677101464448836,0.9993318485523385,0.5,0.40919601377215753,0.11958092796983827,0.06035375814289339,0.4214197522300094,0.7880076914973944,0.0
2021-03-14 18:00:00,0.11157601115760113,-0.02295579586416252,0.4159344750558449,0.3361899660774863,0.42677101464448836,0.9993318485523385,0.5,0.307988598579892,0.08979991781774374,0.09608566649128274,0.3470233451510659,0.8727600608631816,0.0
2021-03-14 18:10:00,0.12691771269177127,-0.03471826977803083,0.4150409530900967,0.3329762542403143,0.42677101464448836,0.9993318485523385,0.5,0.307988598579892,0.08979991781774374,0.09608566649128274,0.3470233451510659,0.8727600608631816,0.0
2021-03-14 18:20:00,0.11645746164574616,-0.04648074369189914,0.4129560685033504,0.3301196214961615,0.42677101464448836,0.9993318485523385,0.5,0.307988598579892,0.08979991781774374,0.09608566649128274,0.3470233451510659,0.8727600608631816,0.0
2021-03-14 18:30:00,0.11715481171548117,-0.05824321760576756,0.4129560685033504,0.32547759328691295,0.42677101464448836,0.9993318485523385,0.5,0.307988598579892,0.08979991781774374,0.09608566649128274,0.3470233451510659,0.8727600608631816,0.0
2021-03-14 18:40:00,0.10669456066945607,-0.07000569151963587,0.4129560685033504,0.32226388144974116,0.42677101464448836,0.9993318485523385,0.5,0.307988598579892,0.08979991781774374,0.09608566649128274,0.3470233451510659,0.8727600608631816,0.0
2021-03-14 18:50:00,0.12622036262203626,-0.08176816543350418,0.40967982129560676,0.31976432779860753,0.42677101464448836,0.9993318485523385,0.5,0.307988598579892,0.08979991781774374,0.09608566649128274,0.3470233451510659,0.8727600608631816,0.0
2021-03-14 19:00:00,0.1311018131101813,-0.09353063934737238,0.4069992553983617,0.31119442956614884,0.42677101464448836,0.9993318485523385,0.5,0.2857260784137803,0.10369331651374868,0.11503080885725636,0.16952892211849904,0.011571107838547732,0.0
2021-03-14 19:10:00,0.10111576011157601,-0.10529311326124091,0.4043186895011168,0.3058382431708624,0.42677101464448836,0.9993318485523385,0.5,0.2857260784137803,0.10369331651374868,0.11503080885725636,0.16952892211849904,0.011571107838547732,0.0
2021-03-14 19:20:00,0.09553695955369597,-0.11705558717510911,0.3998510796723751,0.2994108194965186,0.42677101464448836,0.9993318485523385,0.5,0.2857260784137803,0.10369331651374868,0.11503080885725636,0.16952892211849904,0.011571107838547732,0.0
2021-03-14 19:30:00,0.11018131101813111,-0.12881806108897742,0.39806403574087845,0.29369755400821274,0.42677101464448836,0.9993318485523385,0.5,0.2857260784137803,0.10369331651374868,0.11503080885725636,0.16952892211849904,0.011571107838547732,0.0
2021-03-14 19:40:00,0.11506276150627615,-0.14058053500284584,0.3962769918093818,0.28619889305481183,0.42677101464448836,0.9993318485523385,0.5,0.2857260784137803,0.10369331651374868,0.11503080885725636,0.16952892211849904,0.011571107838547732,0.0
2021-03-14 19:50:00,0.10669456066945607,-0.15234300891671415,0.3921072226358895,0.27941439028744863,0.42677101464448836,0.9993318485523385,0.5,0.2857260784137803,0.10369331651374868,0.11503080885725636,0.16952892211849904,0.011571107838547732,0.0
2021-03-14 20:00:00,0.11785216178521618,-0.16410548283058246,0.3831720029784065,0.27441528298518114,0.42677101464448836,0.9993318485523385,0.5,0.2568841276983067,0.1200837914179873,0.14122160298885675,0.29640244420800527,0.23063574540709061,0.0
2021-03-14 20:10:00,0.13598326359832635,-0.17586795674445088,0.37840655249441535,0.2719157293340475,0.42677101464448836,0.9993318485523385,0.5,0.2568841276983067,0.1200837914179873,0.14122160298885675,0.29640244420800527,0.23063574540709061,0.0
2021-03-14 20:20:00,0.2482566248256625,-0.1876304306583192,0.3736411020104242,0.2676307802178184,0.390231772912277,0.9993318485523385,0.5,0.2568841276983067,0.1200837914179873,0.14122160298885675,0.29640244420800527,0.23063574540709061,0.0
2021-03-14 20:30:00,0.2698744769874477,-0.1993929045721875,0.36649292628443764,0.28691305124084976,0.20907984452500297,0.8373051224944321,0.5,0.2568841276983067,0.1200837914179873,0.14122160298885675,0.29640244420800527,0.23063574540709061,0.0016898773330114522
2021-03-14 20:40:00,0.20292887029288703,-0.21115537848605592,0.36738644825018585,0.2911980003570791,0.20460404915522634,0.00011135857461024499,0.5,0.2568841276983067,0.1200837914179873,0.14122160298885675,0.29640244420800527,0.23063574540709061,0.08029180560375394
2021-03-14 20:50:00,0.697350069735007,-0.3545816733067729,0.36291883842144435,0.2961971076593466,0.1739801860988601,0.010801781737193764,0.5,0.2568841276983067,0.1200837914179873,0.14122160298885675,0.29640244420800527,0.23063574540709061,0.8965704543054153
2021-03-14 21:00:00,0.7622036262203626,0.003984063745019917,0.31675353685778074,0.24263524370648093,0.1719385952284357,0.01492204899777283,0.5,0.24120914288230066,0.13533635817670248,0.13283221464254205,0.7075005148556409,0.18920013833318788,0.85269301567663
2021-03-14 21:10:00,0.798465829846583,-0.02788844621513953,0.270886075949367,0.19300124977682542,0.1656698642865556,0.0321826280623608,0.5,0.24120914288230066,0.13533635817670248,0.13283221464254205,0.7075005148556409,0.18920013833318788,0.8088155770478448
2021-03-14 21:20:00,0.797768479776848,0.043824701195219085,0.240506329113924,0.1647920014283164,0.1656698642865556,0.030957683741648107,0.5,0.24120914288230066,0.13533635817670248,0.13283221464254205,0.7075005148556409,0.18920013833318788,0.7649382440363928
2021-03-14 21:30:00,0.8884239888423989,-0.09960159362549814,0.2175725986597168,0.1455097304052848,0.1656698642865556,0.07650334075723832,0.5,0.24120914288230066,0.13533635817670248,0.13283221464254205,0.7075005148556409,0.18920013833318788,0.7210608506721788
2021-03-14 21:40:00,0.8947001394700139,-0.4103585657370519,0.19672375279225607,0.1362256739867882,0.1656698642865556,0.07360801781737195,0.5,0.24120914288230066,0.13533635817670248,0.13283221464254205,0.7075005148556409,0.18920013833318788,0.6771834120433936
2021-03-14 21:50:00,0.9039206415620642,-0.2749003984063746,0.18421444527177955,0.12872701303338685,0.1656698642865556,0.12293986636971047,0.5,0.24120914288230066,0.13533635817670248,0.13283221464254205,0.7075005148556409,0.18920013833318788,0.6333060714878465
2021-03-14 22:00:00,0.9131411436541144,-0.1394422310756973,0.1785554728220402,0.11872879842885187,0.1656698642865556,0.12828507795100222,0.5,0.05846743220901174,0.16635872266937263,0.3243622486020962,0.7091134768680071,0.17687654784492726,0.5894286856677279
2021-03-14 22:10:00,0.9223616457461645,-0.23505976095617542,0.17349218168279945,0.11230137475450808,0.1656698642865556,0.2234966592427617,0.5,0.05846743220901174,0.16635872266937263,0.3243622486020962,0.7107264207987518,0.17687654784492726,0.5455512470389426
2021-03-14 22:20:00,0.9315822175732217,-0.4342629482071714,0.16604616530156346,0.10444563470808776,0.1656698642865556,0.3915367483296214,0.5,0.05846743220901174,0.16635872266937263,0.3243622486020962,0.7123393918519288,0.17687654784492726,0.1393922476877348
2021-03-14 22:30:00,0.940802789400279,-0.5086321381142098,0.18123603871928506,0.09694697375468664,0.1656698642865556,0.9992204899777284,0.5,0.05846743220901174,0.16635872266937263,0.3243622486020962,0.7139523086602411,0.17687654784492726,0.0
2021-03-14 22:40:00,0.9500232914923291,-0.5830013280212485,0.20327624720774362,0.11123013747545074,0.1656698642865556,0.9992204899777284,0.5,0.05846743220901174,0.16635872266937263,0.3243622486020962,0.7155652706726072,0.17687654784492726,0.0
2021-03-14 22:50:00,0.9592437935843794,-0.6573705179282869,0.20119136262099757,0.10444563470808776,0.1656698642865556,0.9992204899777284,0.5,0.05846743220901174,0.16635872266937263,0.3243622486020962,0.717178214603352,0.17687654784492726,0.0
2021-03-14 23:00:00,0.9684642956764297,-0.5298804780876495,0.19612807148175704,0.0958757364756293,0.1656698642865556,0.9992204899777284,0.5,-0.010958457726460091,0.17689874054257435,0.44936622739522397,0.718791185656529,0.17432488024122145,0.0
2021-03-14 23:10:00,0.9776847977684797,-0.40239043824701204,0.19136262099776613,0.09159078735940018,0.1656698642865556,0.9992204899777284,0.5,-0.010958457726460091,0.17689874054257435,0.44936622739522397,0.7204040663015981,0.17432488024122145,0.0
2021-03-14 23:20:00,0.9769874476987448,-0.2749003984063746,0.18272524199553208,0.08873415461524736,0.15646961824868147,0.5818485523385301,0.5,-0.010958457726460091,0.17689874054257435,0.44936622739522397,0.7220171277628831,0.17432488024122145,0.08452404303151924
2021-03-14 23:30:00,0.9762064156206415,0.003984063745019917,0.17676842889054334,0.09016247098732366,0.15790920155475,0.2854120267260579,0.5,-0.010958457726460091,0.17689874054257435,0.44936622739522397,0.7236300084079523,0.17432488024122145,0.16936493806297812
2021-03-14 23:40:00,0.9754253835425384,-0.23505976095617542,0.1857036485480268,0.09230494554543855,0.15790920155475,0.2993318485523385,0.5,-0.010958457726460091,0.17689874054257435,0.44936622739522397,0.7252429794611294,0.17432488024122145,0.18479261282194426
2021-03-14 23:50:00,0.9746443514644352,-0.21115537848605592,0.18897989575577068,0.09337618282449567,0.15790920155475,0.2708240534521158,0.5,-0.010958457726460091,0.17689874054257435,0.44936622739522397,0.7268559505143063,0.17432488024122145,0.17570197806177107
2021-03-15 00:00:00,0.9738633193863319,-0.24701195219123517,0.18793745346239743,0.09176932690590989,0.15790920155475,0.278173719376392,0.5,-0.00944389393317313,0.2000045976086689,0.46487356568470684,0.7284689215674834,0.18537509609390193,0.17526442053804486
2021-03-15 00:10:00,0.9730822873082288,-0.2828685258964144,0.1868950111690244,0.09016247098732366,0.15790920155475,0.2855233853006682,0.5,-0.00944389393317313,0.2000045976086689,0.46487356568470684,0.7300818926206604,0.18537509609390193,0.1748268630143187
2021-03-15 00:20:00,0.9723012900976291,-0.2509960159362551,0.1862993298585256,0.08944831280128551,0.15790920155475,0.2799554565701559,0.5,-0.00944389393317313,0.2000045976086689,0.46487356568470684,0.7316947732657296,0.18537509609390193,0.1750833622523651
2021-03-15 00:30:00,0.9715202928870293,-0.33067729083665354,0.18183172002978387,0.08444920549901802,0.15790920155475,0.28051224944320713,0.5,-0.00944389393317313,0.2000045976086689,0.46487356568470684,0.7333077443189066,0.18537509609390193,0.1693347616820315
2021-03-15 00:40:00,0.9707392608089261,0.019920318725099362,0.17706626954579274,0.0815925727548652,0.15790920155475,0.28975501113585744,0.5,-0.00944389393317313,0.2000045976086689,0.46487356568470684,0.7349207153720836,0.18537509609390193,0.1693121293963215
2021-03-15 00:50:00,0.9699582287308228,0.5139442231075697,0.16902457185405795,0.07587930726655978,0.15925717501406866,0.3042316258351893,0.5,-0.00944389393317313,0.2000045976086689,0.46487356568470684,0.7365336864252607,0.18537509609390193,0.1928497065346953
2021-03-15 01:00:00,0.9691771269177126,-0.3227091633466136,0.16008935219657472,0.07088019996429229,0.1718077240187931,0.3053452115812918,0.5,-0.0440346832106886,0.19175189004818843,0.5055092493783254,0.7381465670703298,0.1991193372124196,0.22957436214674776
2021-03-15 01:10:00,0.9683960948396094,-0.6573705179282869,0.1127326880119135,0.033386895197286215,0.17183389826072162,0.32438752783964364,0.5,-0.0440346832106886,0.19175189004818843,0.5055092493783254,0.7397596285316147,0.1991193372124196,0.2081415875794016
2021-03-15 01:20:00,0.9676150627615063,-0.6812749003984064,0.09099032017870412,-0.0026780931976432276,0.17186007250265012,0.32260579064587974,0.5,-0.0440346832106886,0.19175189004818843,0.5055092493783254,0.7413725091766838,0.1991193372124196,0.23007227243236722
2021-03-15 01:30:00,0.966834030683403,-0.4820717131474104,0.08473566641846597,-0.021960364220674822,0.1718731596236144,0.34888641425389755,0.5,-0.0440346832106886,0.19175189004818843,0.5055092493783254,0.7429854350258069,0.1991193372124196,0.19189915053487636
2021-03-15 01:40:00,0.9660529986052998,-0.5697211155378487,0.07728965003722998,-0.03267273701124784,0.1718731596236144,0.36414253897550114,0.5,-0.0440346832106886,0.19175189004818843,0.5055092493783254,0.7445984512830378,0.1991193372124196,0.18042458167991912
2021-03-15 01:50:00,0.9652719665271967,-0.6414342629482073,0.06329113924050622,-0.044099267987859125,0.1718731596236144,0.3665924276169265,0.5,-0.0440346832106886,0.19175189004818843,0.5055092493783254,0.746211331928107,0.1991193372124196,0.23239585376525795
2021-03-15 02:00:00,0.9644909344490935,0.08366533864541825,0.051675353685778136,-0.052312087127298734,0.15951891743335386,0.30579064587973276,0.5,-0.03577785908519815,0.17951937748378813,0.4802585283449223,0.7478243933893919,0.21208318733955536,0.5475881527528403
2021-03-15 02:10:00,0.9637099023709902,0.3067729083665336,0.04035740878629923,-0.0526691662203177,0.15798772428053554,0.405456570155902,0.5,-0.03577785908519815,0.17951937748378813,0.4802585283449223,0.7494372740344611,0.21208318733955536,0.2019026208186852
2021-03-15 02:20:00,0.9629288702928871,-0.059760956175298974,0.030230826507818165,-0.06052490626673801,0.15798772428053554,0.8073496659242761,0.5,-0.03577785908519815,0.17951937748378813,0.4802585283449223,0.7510502450876381,0.21208318733955536,0.1696742459676811
2021-03-15 02:30:00,0.9621478382147839,0.09960159362549792,0.031124348473566377,-0.054454561685413405,0.15798772428053554,0.47672605790645883,0.5,-0.03577785908519815,0.17951937748378813,0.4802585283449223,0.7526632161408152,0.21208318733955536,0.7225281771957089
2021-03-15 02:40:00,0.9613668061366806,0.1633466135458166,0.00699925539836177,-0.061596143545795345,0.15798772428053554,0.24632516703786195,0.5,-0.03577785908519815,0.17951937748378813,0.4802585283449223,0.7542760967858843,0.21208318733955536,0.7539974199194291
2021-03-15 02:50:00,0.9605857740585775,0.2828685258964143,-0.0034251675353685895,-0.06338153901089094,0.15794846291764275,0.2670378619153675,0.5,-0.03577785908519815,0.17951937748378813,0.4802585283449223,0.7558890678390614,0.21208318733955536,0.7854666777313397
2021-03-15 03:00:00,0.9598047419804743,0.3227091633466135,-0.0075949367088608,-0.062310301731833606,0.15794846291764275,0.2447661469933185,0.5,-0.03940140543248449,0.16516621792090241,0.44696614329209716,0.7575020388922383,0.21525122204509703,0.816935890278679
2021-03-15 03:10:00,0.959023709902371,0.10756972111553775,-0.017125837676842948,-0.06338153901089094,0.15792228867571426,0.21759465478841872,0.5,-0.03940140543248449,0.16516621792090241,0.44696614329209716,0.7591150099454154,0.21525122204509703,0.8484051782669705
2021-03-15 03:20:00,0.9582426778242678,0.043824701195219085,-0.023678332092330612,-0.06338153901089094,0.15790920155475,0.2188195991091314,0.5,-0.03940140543248449,0.16516621792090241,0.44696614329209716,0.7607279357945385,0.21525122204509703,0.8798743908143097
2021-03-15 03:30:00,0.957461680613668,0.15537848605577675,-0.025763216679076772,-0.06338153901089094,0.15790920155475,0.22438752783964364,0.5,-0.03940140543248449,0.16516621792090241,0.44696614329209716,0.7623409520517694,0.21525122204509703,0.9113436788026013
2021-03-15 03:40:00,0.9566806834030683,0.10756972111553775,-0.028145941921072448,-0.06409569719692909,0.15790920155475,0.21759465478841872,0.5,-0.03940140543248449,0.16516621792090241,0.44696614329209716,0.7639538326968387,0.21525122204509703,0.9428128913499405
2021-03-15 03:50:00,0.9558996513249651,0.13147410358565725,-0.03172002978406563,-0.06873772540617751,0.15790920155475,0.25155902004454345,0.5,-0.03940140543248449,0.16516621792090241,0.44696614329209716,0.7655668037500156,0.21525122204509703,0.974282179338232
2021-03-15 04:00:00,0.9551186192468619,0.20318725099601576,-0.03410275502606119,-0.07266559542938766,0.16026488332831662,0.36737193763919823,0.5,-0.10359146067520664,0.14351435459631656,0.3543966520056859,0.7671797748031927,0.21536604093518005,0.18922854082109933
2021-03-15 04:10:00,0.9543375174337517,-0.5139442231075697,-0.025167535368577965,-0.07445099089448304,0.17066914449490256,0.2959910913140312,0.5,-0.10359146067520664,0.14351435459631656,0.3543966520056859,0.7687926554482618,0.21536604093518005,0.6278950465470676
2021-03-15 04:20:00,0.9535564853556485,0.05179282868525892,-0.030230826507818387,-0.06623817175504376,0.16458363324652212,0.23396436525612474,0.5,-0.10359146067520664,0.14351435459631656,0.3543966520056859,0.7704057169095467,0.21536604093518005,0.6092581891153794
2021-03-15 04:30:00,0.9527754532775454,-0.2509960159362551,-0.039761727475800646,-0.08337796821996057,0.16392927719830916,0.23908685968819599,0.5,-0.10359146067520664,0.14351435459631656,0.3543966520056859,0.7720185975546158,0.21536604093518005,0.5906214071246435
2021-03-15 04:40:00,0.9519944211994421,0.3545816733067728,-0.03380491437081179,-0.07909301910373145,0.15794846291764275,0.2489977728285078,0.5,-0.10359146067520664,0.14351435459631656,0.3543966520056859,0.7736315686077929,0.21536604093518005,0.5719846251339077
2021-03-15 04:50:00,0.9512133891213389,0.3705179282868525,-0.02903946388682077,-0.07659346545259771,0.15792228867571426,0.2641425389755011,0.5,-0.10359146067520664,0.14351435459631656,0.3543966520056859,0.7752445396609698,0.21536604093518005,0.5533477677022195
2021-03-15 05:00:00,0.9504323570432358,0.36254980079681287,-0.028741623231571256,-0.07052312087127288,0.15790920155475,0.25924276169265037,0.5,-0.10306218049824856,0.12481358133600805,0.31759138891520283,0.7768574203060391,0.2163459658992148,0.5347109555351027
2021-03-15 05:10:00,0.9496513249651325,0.21912350597609564,-0.029337304542070175,-0.07052312087127288,0.16395545144023765,0.2511135857461025,0.5,-0.10306218049824856,0.12481358133600805,0.31759138891520283,0.77847043656327,0.2163459658992148,0.5160741282797955
2021-03-15 05:20:00,0.9488702928870293,-0.2589641434262948,-0.029337304542070175,-0.07480806998750233,0.17192550810747145,0.2398663697104677,0.5,-0.10306218049824856,0.12481358133600805,0.31759138891520283,0.7800833624123931,0.2163459658992148,0.4974373085685834
2021-03-15 05:30:00,0.9480892608089261,-0.24302788844621515,-0.03231571109456466,-0.07766470273165504,0.17192550810747145,0.23930957683741647,0.5,-0.10306218049824856,0.12481358133600805,0.31759138891520283,0.7816963334655702,0.2163459658992148,0.47880052657784755
2021-03-15 05:40:00,0.9473082287308229,-0.38645418326693237,-0.034400595681310486,-0.07802178182467412,0.17192550810747145,0.20779510022271716,0.5,-0.10306218049824856,0.12481358133600805,0.31759138891520283,0.7833093045187471,0.2163459658992148,0.46016370686663555
2021-03-15 05:50:00,0.9465271966527197,-0.4900398406374503,-0.04690990320178712,-0.08409212640599895,0.17192550810747145,0.20579064587973275,0.5,-0.10306218049824856,0.12481358133600805,0.31759138891520283,0.7849222755719242,0.2163459658992148,0.4415268796113282
2021-03-15 06:00:00,0.9457461645746165,-0.601593625498008,-0.05256887565152657,-0.09016247098732377,0.17192550810747145,0.21870824053452118,0.5,-0.13439584046950492,0.12484518989560615,0.24366154477102886,0.7865351562169933,0.20884226739163936,0.42289006744421137
2021-03-15 06:10:00,0.9449651324965133,-0.6175298804780878,-0.05256887565152657,-0.09409034101053393,0.17192550810747145,0.22561247216035638,0.5,-0.13439584046950492,0.12484518989560615,0.24366154477102886,0.7881481272701704,0.20884226739163936,0.4042532100125232
2021-03-15 06:20:00,0.94418410041841,0.05976095617529875,-0.05137751303052884,-0.09908944831280142,0.16076219392495844,0.34443207126948777,0.5,-0.13439584046950492,0.12484518989560615,0.24366154477102886,0.7897610983233474,0.20884226739163936,0.38561642802178736
2021-03-15 06:30:00,0.9434030683403068,0.5697211155378485,-0.05405807892777381,-0.09409034101053393,0.159728311368782,0.23997772828507796,0.5,-0.13439584046950492,0.12484518989560615,0.24366154477102886,0.7913739789684164,0.20884226739163936,0.5091396713792115
2021-03-15 06:40:00,0.9426220362622036,-0.2270916334661356,-0.05405807892777381,-0.09444742010355289,0.17184698538168588,0.2415367483296214,0.5,-0.13439584046950492,0.12484518989560615,0.24366154477102886,0.7929870404297016,0.20884226739163936,0.6326629147366356
2021-03-15 06:50:00,0.941841039051604,-0.21115537848605592,-0.04720774385703663,-0.09908944831280142,0.17188624674457867,0.24354120267260582,0.5,-0.13439584046950492,0.12484518989560615,0.24366154477102886,0.7945999210747706,0.20884226739163936,0.6747036679391041
2021-03-15 07:00:00,0.9410600418410042,-0.11553784860557781,-0.03588979895755784,-0.09266202463845752,0.17192550810747145,0.2577951002227171,0.5,-0.1418709682368524,0.1404943004020017,0.20736962525285155,0.7962128921279475,0.21278236165552838,0.7167443457006202
2021-03-15 07:10:00,0.9402789400278939,-0.20318725099601598,-0.027848101265822822,-0.08766291733619003,0.16930808391461963,0.46815144766146993,0.5,-0.1418709682368524,0.1404943004020017,0.20736962525285155,0.7978258631811247,0.21278236165552838,0.7587850989030885
2021-03-15 07:20:00,0.9394979079497908,0.22709163346613526,-0.009381980640357557,-0.07016604177825392,0.16532959914148487,0.4791759465478842,0.5,-0.1418709682368524,0.1404943004020017,0.20736962525285155,0.7994387438261937,0.21278236165552838,0.6959578737721985
2021-03-15 07:30:00,0.9387168758716876,-0.26693227091633476,-0.026061057334326176,-0.06588109266202469,0.1719647694703642,0.2447661469933185,0.5,-0.1418709682368524,0.1404943004020017,0.20736962525285155,0.8010518052874787,0.21278236165552838,0.6611745401873954
2021-03-15 07:40:00,0.9379358437935843,-0.23505976095617542,-0.03678332092330627,-0.08016425638278879,0.1719647694703642,0.25645879732739424,0.5,-0.1418709682368524,0.1404943004020017,0.20736962525285155,0.8026646859325478,0.21278236165552838,0.6263912820435446
2021-03-15 07:50:00,0.9371548117154812,-0.1872509960159363,-0.03380491437081179,-0.08194965184788428,0.1678161521246941,0.5634743875278396,0.5,-0.1418709682368524,0.1404943004020017,0.20736962525285155,0.8042776569857248,0.21278236165552838,0.5916079484587414
2021-03-15 08:00:00,0.936373779637378,0.4422310756972112,-0.015040953090096898,-0.06623817175504376,0.15818403109499943,0.45757238307349674,0.5,-0.15076296859839988,0.1491981483131093,0.21390613243934453,0.805890628038902,0.21169883243323012,0.7372542510976658
2021-03-15 08:10:00,0.9355927475592747,-0.02788844621513953,-0.0424422933730455,-0.07088019996429196,0.16835272408422872,0.2531180400890869,0.5,-0.15076296859839988,0.1491981483131093,0.21390613243934453,0.807503508683971,0.21169883243323012,0.6832272130603376
2021-03-15 08:20:00,0.9348117154811716,-0.50597609561753,-0.05733432613551759,-0.08730583824317073,0.17214798916386387,0.2321826280623608,0.5,-0.15076296859839988,0.1491981483131093,0.21390613243934453,0.8091164797371482,0.21169883243323012,0.6292001750230095
2021-03-15 08:30:00,0.9340306834030684,-0.5139442231075697,-0.06239761727475812,-0.09658989466166767,0.17214798916386387,0.2526726057906459,0.5,-0.15076296859839988,0.1491981483131093,0.21390613243934453,0.8107294507903251,0.21169883243323012,0.5751731369856813
2021-03-15 08:40:00,0.9332496513249651,-0.3545816733067729,-0.06090841399851088,-0.09980360649883946,0.16555208019787726,0.5750556792873052,0.5,-0.15076296859839988,0.1491981483131093,0.21390613243934453,0.8123424218435021,0.21169883243323012,0.5211460989483531
2021-03-15 08:50:00,0.932468619246862,0.5537848605577689,-0.04780342516753544,-0.07802178182467412,0.1582887280627135,0.27561247216035634,0.5,-0.15076296859839988,0.1491981483131093,0.21390613243934453,0.8139553928966791,0.21169883243323012,0.31027354889328124
2021-03-15 09:00:00,0.9316875871687588,-0.09960159362549814,-0.05197319434102765,-0.08337796821996057,0.15817094397403517,0.8387527839643653,0.5,-0.18058203142327978,0.19284382210702716,0.2448740146067044,0.8155683639498562,0.20282932742710244,0.09940099883820933
2021-03-15 09:10:00,0.9309065550906555,0.36254980079681287,-0.04363365599404323,-0.07445099089448304,0.15817094397403517,0.3943207126948775,0.5,-0.18058203142327978,0.19284382210702716,0.2448740146067044,0.8171812445949252,0.20282932742710244,0.8713731762149766
2021-03-15 09:20:00,0.9301255230125522,0.49800796812749004,-0.06478034251675369,-0.08694875915015177,0.15817094397403517,0.2560133630289532,0.5,-0.18058203142327978,0.19284382210702716,0.2448740146067044,0.8187942156481024,0.20282932742710244,0.7726759660213951
2021-03-15 09:30:00,0.9293444909344492,0.5537848605577689,-0.0653760238272525,-0.08837707552222807,0.15817094397403517,0.26481069042316263,0.5,-0.18058203142327978,0.19284382210702716,0.2448740146067044,0.8204071867012794,0.20282932742710244,0.6739787105632422
2021-03-15 09:40:00,0.9285634588563458,0.49800796812749004,-0.0653760238272525,-0.08837707552222807,0.15817094397403517,0.2378619153674833,0.5,-0.18058203142327978,0.19284382210702716,0.2448740146067044,0.8220200673463486,0.20282932742710244,0.5752814701932797
2021-03-15 09:50:00,0.9277824267782426,0.6175298804780875,-0.06239761727475812,-0.08837707552222807,0.15817094397403517,0.24097995545657017,0.5,-0.18058203142327978,0.19284382210702716,0.2448740146067044,0.8236331288076335,0.20282932742710244,0.47658422227922204
2021-03-15 10:00:00,0.9270014295676429,0.4661354581673305,-0.06090841399851088,-0.08552044277807536,0.15817094397403517,0.24432071269487754,0.5,-0.1459179654081768,0.22691210234276896,0.1700761277865343,0.8252460094527025,0.20587128609634173,0.3778869743651644
2021-03-15 10:10:00,0.9262204323570432,-0.21115537848605592,-0.060610573343261476,-0.08409212640599895,0.16959600057583332,0.2326280623608018,0.5,-0.1459179654081768,0.22691210234276896,0.1700761277865343,0.8268589805058797,0.20587128609634173,0.27918972645110673
2021-03-15 10:20:00,0.925439330543933,-0.8486055776892429,-0.06358897989575596,-0.09337618282449556,0.1721872505267566,0.5804008908685969,0.5,-0.1459179654081768,0.22691210234276896,0.1700761277865343,0.8284719515590566,0.20587128609634173,0.18049247853704906
2021-03-15 10:30:00,0.9246582984658299,-0.5258964143426295,-0.05137751303052884,-0.09694697375468664,0.1721872505267566,0.9996659242761693,0.5,-0.1459179654081768,0.22691210234276896,0.1700761277865343,0.8300848322041258,0.20587128609634173,0.0
2021-03-15 10:40:00,0.9238772663877267,-0.20318725099601598,-0.031422189128816336,-0.08766291733619003,0.16319639842431063,0.6163697104677061,0.5,-0.1459179654081768,0.22691210234276896,0.1700761277865343,0.8316978936654107,0.20587128609634173,0.09436154322012161
2021-03-15 10:50:00,0.9230962343096234,0.1394422310756971,-0.06448250186150428,-0.09623281556864838,0.16369370902095248,0.255011135857461,0.5,-0.1459179654081768,0.22691210234276896,0.1700761277865343,0.83331077431048,0.20587128609634173,0.4710382183864689
2021-03-15 11:00:00,0.9223152022315203,0.1872509960159361,-0.05763216679076699,-0.09337618282449556,0.16373297038384527,0.24265033407572384,0.5,-0.13291382929155038,0.2880085745401661,0.17359902413995612,0.8349237453636569,0.21709693164625163,0.5937127510297691
2021-03-15 11:10:00,0.9215341701534171,-0.12350597609561753,-0.06448250186150428,-0.0894483128012854,0.1637591446257738,0.24075723830734969,0.5,-0.13291382929155038,0.2880085745401661,0.17359902413995612,0.8365367164168339,0.21709693164625163,0.29118698794453585
2021-03-15 11:20:00,0.9207531380753138,-0.059760956175298974,-0.05971705137751315,-0.0751651490805213,0.1637591446257738,0.23296213808463254,0.5,-0.13291382929155038,0.2880085745401661,0.17359902413995612,0.8381496874700111,0.21709693164625163,0.42025136925328543
2021-03-15 11:30:00,0.9199721059972106,-0.043824701195219196,-0.044527177959791664,-0.07159435815033022,0.1637591446257738,0.2589086859688196,0.5,-0.13291382929155038,0.2880085745401661,0.17359902413995612,0.8397625681150801,0.21709693164625163,0.1976175747242633
2021-03-15 11:40:00,0.9191910739191075,0.13147410358565725,-0.006105733432613669,-0.03660060703445822,0.1637591446257738,0.2385300668151448,0.5,-0.13291382929155038,0.2880085745401661,0.17359902413995612,0.841375539168257,0.21709693164625163,0.2809421066131539
2021-03-15 11:50:00,0.9184100418410042,0.11553784860557759,0.0025316455696200446,-0.02053204784859841,0.1637591446257738,0.17717149220489978,0.5,-0.13291382929155038,0.2880085745401661,0.17359902413995612,0.8429885102214342,0.21709693164625163,0.5111652609502543
2021-03-15 12:00:00,0.956415620641562,0.3306772908366533,-0.03886820551005232,-0.04588466345295483,0.1637591446257738,0.22828507795100222,0.5,-0.12141615216746726,0.32982095187740634,0.17410475886484622,0.8446014812746112,0.233333247128209,0.29770508622900854
2021-03-15 12:10:00,0.9944211994421199,0.29083665338645415,-0.02427401340282964,-0.039814318871630006,0.1637591446257738,0.2517817371937639,0.5,-0.12141615216746726,0.32982095187740634,0.17410475886484622,0.8462144523277881,0.233333247128209,0.2253723010999291
2021-03-15 12:20:00,0.8772663877266388,0.14741035856573692,-0.005807892777364376,-0.03731476522049626,0.1637591446257738,0.2252783964365256,0.5,-0.12141615216746726,0.32982095187740634,0.17410475886484622,0.8478273329728573,0.233333247128209,0.21100834376933175
2021-03-15 12:30:00,0.9107391910739191,-0.4342629482071714,0.018912881608339482,-0.01553294054633092,0.16297391736791822,0.23630289532293985,0.5,-0.12141615216746726,0.32982095187740634,0.17410475886484622,0.8494403944341423,0.233333247128209,0.1816240928225478
2021-03-15 12:40:00,0.9065550906555091,0.027888446215139417,0.012360387192851485,-0.01053383324406354,0.16012092499770977,0.16525612472160356,0.5,-0.12141615216746726,0.32982095187740634,0.17410475886484622,0.8510532750792115,0.233333247128209,0.5598397634171735
2021-03-15 12:50:00,0.9602510460251046,-0.40239043824701204,-0.048101265822784844,-0.042670951615782826,0.1638507544725236,0.22973273942093542,0.5,-0.12141615216746726,0.32982095187740634,0.17410475886484622,0.8526661557242805,0.233333247128209,0.271247944234048
2021-03-15 13:00:00,0.9668758716875872,-0.4183266932270917,-0.006105733432613669,-0.03874308159257267,0.1638507544725236,0.2279510022271715,0.5,-0.0808973515312238,0.34257069541704643,0.13840899254168096,0.8542792171855654,0.25219723234529523,0.39639694011497206
2021-03-15 13:10:00,0.9735006973500698,-0.3545816733067729,-0.0075949367088608,-0.02945902517407606,0.1638507544725236,0.25857461024498885,0.5,-0.0808973515312238,0.34257069541704643,0.13840899254168096,0.8558920978306346,0.25219723234529523,0.18441540806011134
2021-03-15 13:20:00,0.9316596931659693,-0.23505976095617542,0.014445271779597979,-0.022674522406713193,0.1638507544725236,0.25011135857461025,0.5,-0.0808973515312238,0.34257069541704643,0.13840899254168096,0.8575050688838116,0.25219723234529523,0.1692593207296649
2021-03-15 13:30:00,0.8472803347280335,-0.11553784860557781,0.029635145197319357,-0.005534725941796048,0.1638507544725236,0.22917594654788417,0.5,-0.0808973515312238,0.34257069541704643,0.13840899254168096,0.8591180399369885,0.25219723234529523,0.17252591396713793
2021-03-15 13:40:00,0.799163179916318,0.06772908366533859,0.03469843633655967,0.0008926977325478536,0.1657745612542697,0.2052338530066815,0.5,-0.0808973515312238,0.34257069541704643,0.13840899254168096,0.8607310109901657,0.25219723234529523,0.19112210872550056
2021-03-15 13:50:00,0.8744769874476986,0.10756972111553775,0.0352941176470587,0.005891805034815345,0.170184921019225,0.2224944320712695,0.5,-0.0808973515312238,0.34257069541704643,0.13840899254168096,0.8623439820433427,0.25219723234529523,0.20231000196146479
2021-03-15 14:00:00,0.7998605299860531,-0.14741035856573714,0.04125093075204744,0.008034279592929794,0.17159833008336497,0.18106904231625837,0.5,-0.07469250952981155,0.34983491711373615,0.13546398814947377,0.8639568626884119,0.267247135424259,0.3144454335591533
2021-03-15 14:10:00,0.7796373779637378,-0.2270916334661356,-0.0007446016381237319,-0.008391358685948758,0.16619334912512598,0.06636971046770601,0.5,-0.07469250952981155,0.34983491711373615,0.13546398814947377,0.8655698337415889,0.267247135424259,0.9392549451544276
2021-03-15 14:20:00,0.8493723849372384,0.17928286852589648,-0.05614296351451986,-0.05124084984824129,0.16553899307691303,0.14966592427616926,0.5,-0.07469250952981155,0.34983491711373615,0.13546398814947377,0.8671828047947658,0.267247135424259,0.5336919293269158
2021-03-15 14:30:00,0.7705718270571827,0.22709163346613526,-0.06299329858525693,-0.07445099089448304,0.16553899307691303,0.10846325167037862,0.5,-0.07469250952981155,0.34983491711373615,0.13546398814947377,0.868795775847943,0.267247135424259,0.5742716176049006
2021-03-15 14:40:00,0.7559274755927475,-0.02788844621513953,-0.0689501116902459,-0.07266559542938766,0.1693866066404052,0.05322939866369711,0.5,-0.07469250952981155,0.34983491711373615,0.13546398814947377,0.8704086564930121,0.267247135424259,0.8619732335501004
2021-03-15 14:50:00,0.701534170153417,0.2111553784860556,-0.0808637379002235,-0.08837707552222807,0.16735810289094502,0.019265033407572383,0.5,-0.07469250952981155,0.34983491711373615,0.13546398814947377,0.8720217179542971,0.267247135424259,0.9561914389607254
2021-03-15 15:00:00,0.6652719665271966,-0.08366533864541836,-0.08771407297096068,-0.09194786645241915,0.16792084909240815,0.02928730512249443,0.5,-0.049669554265976856,0.3558606579752709,0.13285605569777761,0.8736345985993661,0.2730420129181694,0.8234530832717233
2021-03-15 15:10:00,0.7573221757322175,-0.10756972111553798,-0.09188384214445289,-0.09194786645241915,0.16747588697962337,0.13251670378619154,0.5,-0.049669554265976856,0.3558606579752709,0.13285605569777761,0.8736345985993661,0.2730420129181694,0.4114775864930519
2021-03-15 15:20:00,0.6750348675034867,0.043824701195219085,-0.09456440804169786,-0.09658989466166767,0.16548664459305598,0.07472160356347439,0.5,-0.049669554265976856,0.3558606579752709,0.13285605569777761,0.8736345985993661,0.2730420129181694,0.5918493595063145
2021-03-15 15:30:00,0.6331938633193863,-0.15537848605577698,-0.09873417721518996,-0.09908944831280142,0.15917865228828312,0.06625835189309577,0.5,-0.049669554265976856,0.3558606579752709,0.13285605569777761,0.8736345985993661,0.2730420129181694,0.5793035291277517
2021-03-15 15:40:00,0.6534170153417015,0.3227091633466135,-0.10260610573343276,-0.1037314765220495,0.15555351978118334,0.016369710467706012,0.5,-0.049669554265976856,0.3558606579752709,0.13285605569777761,0.8736345985993661,0.2730420129181694,0.8475790998385564
2021-03-15 15:50:00,0.705718270571827,0.05976095617529875,-0.10677587490692497,-0.10980182110337433,0.16044810302181625,0.08496659242761692,0.5,-0.049669554265976856,0.3558606579752709,0.13285605569777761,0.8736345985993661,0.2730420129181694,0.6274801213090514
2021-03-15 16:00:00,0.7622036262203626,-0.4103585657370519,-0.11422189128816096,-0.10980182110337433,0.16544738323016323,0.02293986636971047,0.5,-0.013303613507067547,0.3609525095759574,0.1305433465258066,0.6780487085423557,0.28182288095779806,0.8111863844169169
2021-03-15 16:10:00,0.690376569037657,-0.09960159362549814,-0.11898734177215198,-0.1101589001963934,0.16459672036748638,0.009910913140311804,0.5,-0.013303613507067547,0.3609525095759574,0.1305433465258066,0.6780487085423557,0.28182288095779806,0.9948926475247823
2021-03-15 16:20:00,0.7357043235704324,-0.24302788844621515,-0.12137006701414754,-0.10980182110337433,0.164426587794951,0.017928730512249445,0.5,-0.013303613507067547,0.3609525095759574,0.1305433465258066,0.6780487085423557,0.28182288095779806,0.979363881889645
2021-03-15 16:30:00,0.7615062761506276,-0.2828685258964144,-0.12494415487714083,-0.10980182110337433,0.164426587794951,0.022271714922048998,0.5,-0.013303613507067547,0.3609525095759574,0.1305433465258066,0.6780487085423557,0.28182288095779806,0.9638351162545077
2021-03-15 16:40:00,0.7928870292887029,-0.15537848605577698,-0.12881608339538353,-0.10944474201035537,0.164426587794951,0.0410913140311804,0.5,-0.013303613507067547,0.3609525095759574,0.1305433465258066,0.6780487085423557,0.28182288095779806,0.9483063506193703
2021-03-15 16:50:00,0.7796373779637378,0.1872509960159361,-0.12583767684288916,-0.108730583824317,0.164426587794951,0.031291759465478845,0.5,-0.013303613507067547,0.3609525095759574,0.1305433465258066,0.6780487085423557,0.28182288095779806,0.9327775849842328
2021-03-15 17:00:00,0.6534170153417015,-0.10756972111553798,-0.12851824274013413,-0.10444563470808788,0.164426587794951,0.004120267260579065,0.5,0.016816761128174873,0.3643058903987565,0.13357014602773148,0.5576737212492379,0.28732006845504177,0.9172488193490954
2021-03-15 17:10:00,0.605997210599721,-0.21115537848605592,-0.1311988086373791,-0.09944652740582038,0.17298556490557643,0.008017817371937639,0.5,0.016816761128174873,0.3643058903987565,0.13357014602773148,0.5576737212492379,0.28732006845504177,0.7641564947115892
2021-03-15 17:20:00,0.6108786610878661,0.12350597609561742,-0.13328369322412525,-0.09908944831280142,0.16438732643205822,0.016369710467706012,0.5,0.016816761128174873,0.3643058903987565,0.13357014602773148,0.5576737212492379,0.28732006845504177,0.752704558142342
2021-03-15 17:30:00,0.5948396094839609,-0.09960159362549814,-0.13834698436336568,-0.10194608105695413,0.16438732643205822,0.02795100222717149,0.5,0.016816761128174873,0.3643058903987565,0.13357014602773148,0.5576737212492379,0.28732006845504177,0.6409010667350664
2021-03-15 17:40:00,0.592747559274756,-0.10756972111553798,-0.14072970960536124,-0.10266023924299217,0.16438732643205822,0.0036748329621380848,0.5,0.016816761128174873,0.3643058903987565,0.13357014602773148,0.5576737212492379,0.28732006845504177,0.7165532537682756
2021-03-15 17:50:00,0.5850767085076709,-0.07569721115537853,-0.1425167535368579,-0.10837350473129803,0.16094541361845807,0.005679287305122495,0.5,0.016816761128174873,0.3643058903987565,0.13357014602773148,0.5576737212492379,0.28732006845504177,0.7051164053895016
2021-03-15 18:00:00,0.596931659693166,-0.17131474103585675,-0.14609084139985118,-0.11337261203356541,0.1645181976417008,0.008797327394209355,0.5,-0.06675320681617092,0.39592019700753284,0.1720380690926462,0.6407062453055014,0.2493819646247731,0.7284050273850657
2021-03-15 18:10:00,0.6792189679218968,-0.0916334661354582,-0.1466865227103501,-0.11658632387073731,0.1645181976417008,0.0016703786191536749,0.5,-0.06675320681617092,0.39592019700753284,0.1720380690926462,0.6407062453055014,0.2493819646247731,0.9450035457247613
2021-03-15 18:20:00,0.5739191073919108,-0.12350597609561753,-0.1469843633655995,-0.12015711480092839,0.1645181976417008,0.004565701559020045,0.5,-0.06675320681617092,0.39592019700753284,0.1720380690926462,0.6407062453055014,0.2493819646247731,0.7154669040541968
2021-03-15 18:30:00,0.5892608089260809,-0.019920318725099695,-0.14966492926284458,-0.11658632387073731,0.1645181976417008,0.0036748329621380848,0.5,-0.06675320681617092,0.39592019700753284,0.1720380690926462,0.6407062453055014,0.2493819646247731,0.7339574814792462
2021-03-15 18:40:00,0.5278940027894004,-0.019920318725099695,-0.15145197319434112,-0.12051419389394735,0.1645181976417008,0.00011135857461024499,0.5,-0.06675320681617092,0.39592019700753284,0.1720380690926462,0.6407062453055014,0.2493819646247731,0.5734417671288683
2021-03-15 18:50:00,0.4860529986052998,0.09960159362549792,-0.15264333581533884,-0.1183717193358329,0.1645181976417008,0.00011135857461024499,0.5,-0.06675320681617092,0.39592019700753284,0.1720380690926462,0.6407062453055014,0.2493819646247731,0.4837273865745282
2021-03-15 19:00:00,0.4490934449093445,-0.043824701195219196,-0.15264333581533884,-0.1233708266381004,0.1682611142374789,0.00011135857461024499,0.5,-0.09704461609426651,0.40830787886450715,0.16888902077557744,0.6939969700015557,0.24356221981921508,0.4119075999215414
2021-03-15 19:10:00,0.5202231520223152,0.07569721115537842,-0.1434102755026062,-0.11730048205677557,0.17013257253536795,0.00011135857461024499,0.5,-0.09704461609426651,0.40830787886450715,0.16888902077557744,0.6939969700015557,0.24356221981921508,0.5599001161790667
2021-03-15 19:20:00,0.5153417015341701,-0.17928286852589637,-0.1544303797468355,-0.12765577575432951,0.17085236418840222,0.00011135857461024499,0.5,-0.09704461609426651,0.40830787886450715,0.16888902077557744,0.6939969700015557,0.24356221981921508,0.5705825550341748
2021-03-15 19:30:00,0.5453277545327755,0.25099601593625476,-0.15919583023082662,-0.14193893947509362,0.16438732643205822,0.00011135857461024499,0.5,-0.09704461609426651,0.40830787886450715,0.16888902077557744,0.6939969700015557,0.24356221981921508,0.6280911930232207
2021-03-15 19:40:00,0.5432357043235705,0.25099601593625476,-0.16336559940431883,-0.15015175861453323,0.16438732643205822,0.00011135857461024499,0.5,-0.09704461609426651,0.40830787886450715,0.16888902077557744,0.6939969700015557,0.24356221981921508,0.6404635092113403
2021-03-15 19:50:00,0.5711297071129707,-0.01195219123505975,-0.16813104988830985,-0.15265131226566697,0.1702765308659748,0.04732739420935412,0.5,-0.09704461609426651,0.40830787886450715,0.16888902077557744,0.6939969700015557,0.24356221981921508,0.5316701118034914
2021-03-15 20:00:00,0.6073919107391912,0.22709163346613526,-0.17140729709605362,-0.15765041956793413,0.16438732643205822,0.0064587973273942095,0.5,-0.11962472437840688,0.4046958825540861,0.16521179163374256,0.6569599686388883,0.22228551156006532,0.777916924423254
2021-03-15 20:10:00,0.5362622036262203,0.2589641434262948,-0.17557706626954583,-0.1612212104981252,0.16438732643205822,0.02817371937639198,0.5,-0.11962472437840688,0.4046958825540861,0.16521179163374256,0.6569599686388883,0.22228551156006532,0.5283884303755451
2021-03-15 20:20:00,0.5739191073919108,0.043824701195219085,-0.17974683544303804,-0.16407784324227825,0.16438732643205822,0.00957683741648107,0.5,-0.11962472437840688,0.4046958825540861,0.16521179163374256,0.6569599686388883,0.22228551156006532,0.6549858925419075
2021-03-15 20:30:00,0.6150627615062761,0.08366533864541825,-0.182427401340283,-0.16514908052133537,0.16438732643205822,0.0073496659242761695,0.5,-0.11962472437840688,0.4046958825540861,0.16521179163374256,0.6569599686388883,0.22228551156006532,0.7951400938485448
2021-03-15 20:40:00,0.598326359832636,0.1633466135458166,-0.18421444527177966,-0.17336189966077487,0.16438732643205822,0.00022271714922048998,0.5,-0.11962472437840688,0.4046958825540861,0.16521179163374256,0.6569599686388883,0.22228551156006532,0.782020912231996
2021-03-15 20:50:00,0.6562064156206415,-0.05179282868525903,-0.18838421444527187,-0.1712194251026602,0.16438732643205822,0.00011135857461024499,0.5,-0.11962472437840688,0.4046958825540861,0.16521179163374256,0.6569599686388883,0.22228551156006532,0.9056384567798784
2021-03-15 21:00:00,0.6032078103207811,-0.01195219123505975,-0.1895755770662696,-0.17336189966077487,0.1678554134875869,0.005567928730512249,0.5,-0.12945314608019498,0.4125348053343747,0.16396875959428106,0.6481466156068265,0.20402693334365157,0.7709989890912383
2021-03-15 21:10:00,0.6073919107391912,0.15537848605577675,-0.19136262099776635,-0.17050526691662193,0.1630524400937038,0.05011135857461025,0.5,-0.12945314608019498,0.4125348053343747,0.16396875959428106,0.6481466156068265,0.20402693334365157,0.6047723946467101
2021-03-15 21:20:00,0.6359832635983264,0.11553784860557759,-0.1937453462397618,-0.17157650419567938,0.1630524400937038,0.042093541202672606,0.5,-0.12945314608019498,0.4125348053343747,0.16396875959428106,0.6481466156068265,0.20402693334365157,0.6943208051058437
2021-03-15 21:30:00,0.5488145048814504,-0.3466135458167332,-0.1967237527922563,-0.1726477414747366,0.1630524400937038,0.03819599109131403,0.5,-0.12945314608019498,0.4125348053343747,0.16396875959428106,0.6481466156068265,0.20402693334365157,0.5072875959986118
2021-03-15 21:40:00,0.5209205020920502,0.09163346613545809,-0.1973194341027551,-0.1712194251026602,0.1534595804269019,0.02071269487750557,0.5,-0.12945314608019498,0.4125348053343747,0.16396875959428106,0.6481466156068265,0.20402693334365157,0.5136548123783515
2021-03-15 21:50:00,0.5230125523012552,0.3227091633466135,-0.19970215934475066,-0.17800392787002317,0.15187603879022654,0.043318485523385304,0.5,-0.12945314608019498,0.4125348053343747,0.16396875959428106,0.6481466156068265,0.20402693334365157,0.46888060714878466
2021-03-15 22:00:00,0.5878661087866108,-0.13147410358565736,-0.20208488458674623,-0.18193179789323333,0.1619923832955988,0.10857461024498886,0.5,-0.19039417681740156,0.4311694879700705,0.179785397531208,0.6470273993941753,0.19590356022507133,0.3191454048915914
2021-03-15 22:10:00,0.6471408647140864,-0.15537848605577698,-0.20595681310498903,-0.17978932333511877,0.16309170145659657,0.13619153674832962,0.5,-0.19039417681740156,0.4311694879700705,0.179785397531208,0.6470273993941753,0.19590356022507133,0.27723041175671803
2021-03-15 22:20:00,0.6192468619246863,0.08366533864541825,-0.1854058078927775,-0.16050705231208717,0.15699310308725184,0.1479955456570156,0.5,-0.19039417681740156,0.4311694879700705,0.179785397531208,0.6470273993941753,0.19590356022507133,0.21474267091147758
2021-03-15 22:30:00,0.6366806136680614,-0.05179282868525903,-0.1967237527922563,-0.16336368505623988,0.16377223174673805,0.03830734966592428,0.5,-0.19039417681740156,0.4311694879700705,0.179785397531208,0.6470273993941753,0.19590356022507133,0.7209967258626674
2021-03-15 22:40:00,0.6248256624825663,-0.01195219123505975,-0.20685033507073725,-0.17657561149794665,0.1644658491578438,0.13763919821826281,0.5,-0.19039417681740156,0.4311694879700705,0.179785397531208,0.6470273993941753,0.19590356022507133,0.25442461185630005
2021-03-15 22:50:00,0.6192468619246863,-0.2589641434262948,-0.2050632911392406,-0.18014640242813773,0.1644658491578438,0.8524498886414253,0.5,-0.19039417681740156,0.4311694879700705,0.179785397531208,0.6470273993941753,0.19590356022507133,0.024804985138132386
2021-03-15 23:00:00,0.599721059972106,-0.1872509960159363,-0.16455696202531667,-0.15872165684699147,0.1644658491578438,0.9993318485523385,0.5,-0.22897496283632013,0.43976701618070946,0.17642330148650248,0.6458643894940537,0.2028164802978985,0.0
2021-03-15 23:10:00,0.5850767085076709,-0.09960159362549814,-0.14936708860759507,-0.15765041956793413,0.1644658491578438,0.9993318485523385,0.5,-0.22897496283632013,0.43976701618070946,0.17642330148650248,0.6458643894940537,0.2028164802978985,0.0
2021-03-15 23:20:00,0.5676429567642958,0.08366533864541825,-0.1306031273268803,-0.17229066238171753,0.1644658491578438,0.9993318485523385,0.5,-0.22897496283632013,0.43976701618070946,0.17642330148650248,0.6458643894940537,0.2028164802978985,0.0
2021-03-15 23:30:00,0.5857740585774059,-0.12350597609561753,-0.11690245718540593,-0.18478843063738626,0.1644658491578438,0.9993318485523385,0.5,-0.22897496283632013,0.43976701618070946,0.17642330148650248,0.6458643894940537,0.2028164802978985,0.0
2021-03-15 23:40:00,0.6087866108786611,-0.05179282868525903,-0.11392405063291144,-0.19478664524192102,0.1644658491578438,0.9993318485523385,0.5,-0.22897496283632013,0.43976701618070946,0.17642330148650248,0.6458643894940537,0.2028164802978985,0.0
2021-03-15 23:50:00,0.5948396094839609,-0.10756972111553798,-0.11451973194341047,-0.20442778075343682,0.1644658491578438,0.9993318485523385,0.5,-0.22897496283632013,0.43976701618070946,0.17642330148650248,0.6458643894940537,0.2028164802978985,0.0
2021-03-16 00:00:00,0.6283124128312413,-0.31474103585657376,-0.12017870439314982,-0.2129976789858954,0.1644658491578438,0.9993318485523385,0.5,-0.22866554622521407,0.4392727732488141,0.1667076910356491,0.6335631006997328,0.20776355063269453,0.0
2021-03-16 00:10:00,0.6185495118549511,-0.20318725099601598,-0.12613551749813867,-0.22192465631137293,0.1644658491578438,0.9993318485523385,0.5,-0.22866554622521407,0.4392727732488141,0.1667076910356491,0.6335631006997328,0.20776355063269453,0.0
2021-03-16 00:20:00,0.6073919107391912,-0.2589641434262948,-0.12315711094564419,-0.22478128905552575,0.1644658491578438,0.9993318485523385,0.5,-0.22866554622521407,0.4392727732488141,0.1667076910356491,0.6335631006997328,0.20776355063269453,0.0
2021-03-16 00:30:00,0.5794979079497908,-0.14741035856573714,-0.12702903946388688,-0.2304945545438314,0.1644658491578438,0.9993318485523385,0.5,-0.22866554622521407,0.4392727732488141,0.1667076910356491,0.6335631006997328,0.20776355063269453,0.0
2021-03-16 00:40:00,0.599023709902371,-0.17131474103585675,-0.13030528667163077,-0.23370826638100328,0.1644658491578438,0.9993318485523385,0.5,-0.22866554622521407,0.4392727732488141,0.1667076910356491,0.6335631006997328,0.20776355063269453,0.0
2021-03-16 00:50:00,0.6276150627615062,0.09163346613545809,-0.13745346239761735,-0.23906445277628985,0.1644658491578438,0.9993318485523385,0.5,-0.22866554622521407,0.4392727732488141,0.1667076910356491,0.6335631006997328,0.20776355063269453,0.0
2021-03-16 01:00:00,0.6227336122733612,0.4183266932270917,-0.1389426656738647,-0.24192108552044278,0.1644658491578438,0.9993318485523385,0.5,-0.2610984906726419,0.4242242253747784,0.18487685777935536,0.6357675487172728,0.2078894571671409,0.0
2021-03-16 01:10:00,0.6213389121338913,0.3784860557768923,-0.1472822040208489,-0.24584895554365294,0.1644658491578438,0.9993318485523385,0.5,-0.2610984906726419,0.4242242253747784,0.18487685777935536,0.6357675487172728,0.2078894571671409,0.0
2021-03-16 01:20:00,0.6373779637377964,0.6254980079681274,-0.162174236783321,-0.25049098375290113,0.1644658491578438,0.9993318485523385,0.5,-0.2610984906726419,0.4242242253747784,0.18487685777935536,0.6357675487172728,0.2078894571671409,0.0
2021-03-16 01:30:00,0.6283124128312413,0.9362549800796809,-0.16932241250930757,-0.2494197464738439,0.1644658491578438,0.9993318485523385,0.5,-0.2610984906726419,0.4242242253747784,0.18487685777935536,0.6357675487172728,0.2078894571671409,0.0
2021-03-16 01:40:00,0.6387726638772664,0.5298804780876492,-0.17140729709605362,-0.2494197464738439,0.1644658491578438,0.9993318485523385,0.5,-0.2610984906726419,0.4242242253747784,0.18487685777935536,0.6357675487172728,0.2078894571671409,0.0
2021-03-16 01:50:00,0.6889818688981869,0.41035856573705165,-0.16485480268056596,-0.2547759328691306,0.1644658491578438,0.9993318485523385,0.5,-0.2610984906726419,0.4242242253747784,0.18487685777935536,0.6357675487172728,0.2078894571671409,0.0
2021-03-16 02:00:00,0.6401673640167364,0.298804780876494,-0.16157855547282218,-0.26156043563649345,0.1644658491578438,0.9993318485523385,0.5,-0.26202677385904927,0.41127908346671244,0.1778159741918041,0.6583635454733409,0.21357803782412296,0.0
2021-03-16 02:10:00,0.6659693165969317,0.346613545816733,-0.16813104988830985,-0.26441706838064627,0.1644658491578438,0.9993318485523385,0.5,-0.26202677385904927,0.41127908346671244,0.1778159741918041,0.6583635454733409,0.21357803782412296,0.0
2021-03-16 02:20:00,0.6562064156206415,0.3067729083665336,-0.16783320923306044,-0.2683449384038563,0.1644658491578438,0.9993318485523385,0.5,-0.26202677385904927,0.41127908346671244,0.1778159741918041,0.6583635454733409,0.21357803782412296,0.0
2021-03-16 02:30:00,0.6785216178521618,0.2749003984063745,-0.16396128071481764,-0.2751294411712194,0.1644658491578438,0.9993318485523385,0.5,-0.26202677385904927,0.41127908346671244,0.1778159741918041,0.6583635454733409,0.21357803782412296,0.0
2021-03-16 02:40:00,0.596931659693166,0.13147410358565725,-0.16008935219657494,-0.2797714693804677,0.1644658491578438,0.9993318485523385,0.5,-0.26202677385904927,0.41127908346671244,0.1778159741918041,0.6583635454733409,0.21357803782412296,0.0
2021-03-16 02:50:00,0.612970711297071,0.346613545816733,-0.16396128071481764,-0.28405641849669694,0.1644658491578438,0.9993318485523385,0.5,-0.26202677385904927,0.41127908346671244,0.1778159741918041,0.6583635454733409,0.21357803782412296,0.0
2021-03-16 03:00:00,0.6457461645746164,0.3705179282868525,-0.17140729709605362,-0.28691305124084987,0.1644658491578438,0.9993318485523385,0.5,-0.26675777618942953,0.3934259943047114,0.17432858579298838,0.6939040304666269,0.22019337404734754,0.0
2021-03-16 03:10:00,0.6478382147838214,0.3705179282868525,-0.1737900223380493,-0.2926263167291554,0.1644658491578438,0.9993318485523385,0.5,-0.26675777618942953,0.3934259943047114,0.17432858579298838,0.6939040304666269,0.22019337404734754,0.0
2021-03-16 03:20:00,0.6882845188284519,0.3306772908366533,-0.17587490692479535,-0.2990537404034993,0.1644658491578438,0.9993318485523385,0.5,-0.26675777618942953,0.3934259943047114,0.17432858579298838,0.6939040304666269,0.22019337404734754,0.0
2021-03-16 03:30:00,0.6785216178521618,0.17928286852589648,-0.17498138495904703,-0.30512408498482413,0.1644658491578438,0.9993318485523385,0.5,-0.26675777618942953,0.3934259943047114,0.17432858579298838,0.6939040304666269,0.22019337404734754,0.0
2021-03-16 03:40:00,0.7001394700139469,0.09163346613545809,-0.1782576321667909,-0.31440814140332085,0.1644658491578438,0.9993318485523385,0.5,-0.26675777618942953,0.3934259943047114,0.17432858579298838,0.6939040304666269,0.22019337404734754,0.0
2021-03-16 03:50:00,0.7078103207810321,-0.02788844621513953,-0.17944899478778864,-0.3211926441706838,0.1644658491578438,0.9993318485523385,0.5,-0.26675777618942953,0.3934259943047114,0.17432858579298838,0.6939040304666269,0.22019337404734754,0.0
2021-03-16 04:00:00,0.7482566248256626,-0.11553784860557781,-0.18064035740878648,-0.32690590965898936,0.1644658491578438,0.9993318485523385,0.5,-0.2807146099539628,0.37091207935472725,0.15980215474949963,0.7401209897389208,0.21867547936863685,0.0
2021-03-16 04:10:00,0.8270571827057183,-0.17131474103585675,-0.19046909903201792,-0.33511872879842897,0.1644658491578438,0.9993318485523385,0.5,-0.2807146099539628,0.37091207935472725,0.15980215474949963,0.7401209897389208,0.21867547936863685,0.0
2021-03-16 04:20:00,0.7475592747559275,0.019920318725099362,-0.19851079672375294,-0.34118907337975357,0.1644658491578438,0.9993318485523385,0.5,-0.2807146099539628,0.37091207935472725,0.15980215474949963,0.7401209897389208,0.21867547936863685,0.0
2021-03-16 04:30:00,0.7224546722454672,-0.003984063745020028,-0.1973194341027551,-0.3472594179610783,0.1644658491578438,0.9993318485523385,0.5,-0.2807146099539628,0.37091207935472725,0.15980215474949963,0.7401209897389208,0.21867547936863685,0.0
2021-03-16 04:40:00,0.7552301255230126,-0.3067729083665339,-0.19940431868950126,-0.3490448134261739,0.1644658491578438,0.9993318485523385,0.5,-0.2807146099539628,0.37091207935472725,0.15980215474949963,0.7401209897389208,0.21867547936863685,0.0
2021-03-16 04:50:00,0.7622036262203626,-0.17131474103585675,-0.20416976917349228,-0.35118728798428844,0.1644658491578438,0.9993318485523385,0.5,-0.2807146099539628,0.37091207935472725,0.15980215474949963,0.7401209897389208,0.21867547936863685,0.0
2021-03-16 05:00:00,0.7712691771269178,-0.19521912350597614,-0.19851079672375294,-0.3569005534725942,0.1644658491578438,0.9993318485523385,0.5,-0.2742735947259427,0.35621122563626656,0.14521409204194455,0.7879537498381693,0.21396122677997578,0.0
2021-03-16 05:10:00,0.7615062761506276,-0.2589641434262948,-0.19910647803425174,-0.3615425816818424,0.1644658491578438,0.9993318485523385,0.5,-0.2742735947259427,0.35621122563626656,0.14521409204194455,0.7879537498381693,0.21396122677997578,0.0
2021-03-16 05:20:00,0.8249651324965133,-0.2509960159362551,-0.20357408786299336,-0.3690412426352436,0.1644658491578438,0.9993318485523385,0.5,-0.2742735947259427,0.35621122563626656,0.14521409204194455,0.7879537498381693,0.21396122677997578,0.0
2021-03-16 05:30:00,0.8654114365411437,-0.4820717131474104,-0.20625465376023833,-0.3740403499375111,0.1644658491578438,0.9993318485523385,0.5,-0.2742735947259427,0.35621122563626656,0.14521409204194455,0.7879537498381693,0.21396122677997578,0.0
2021-03-16 05:40:00,0.9170153417015342,-0.649402390438247,-0.2092330603127328,-0.3747545081235494,0.1644658491578438,0.9993318485523385,0.5,-0.2742735947259427,0.35621122563626656,0.14521409204194455,0.7879537498381693,0.21396122677997578,0.0
2021-03-16 05:50:00,0.9129707112970712,-0.7131474103585658,-0.2128071481757261,-0.37868237814675954,0.1644658491578438,0.9993318485523385,0.5,-0.2742735947259427,0.35621122563626656,0.14521409204194455,0.7879537498381693,0.21396122677997578,0.0
2021-03-16 06:00:00,0.9089260111576011,-0.6812749003984064,-0.21578555472822047,-0.38475272272808425,0.1644658491578438,0.9993318485523385,0.5,-0.32238152398937636,0.33844146813138976,0.17219341639404803,0.8725661555801157,0.20420109094334463,0.0
2021-03-16 06:10:00,0.9048814504881452,-0.6414342629482073,-0.21995532390171268,-0.3876093554722372,0.1644658491578438,0.9993318485523385,0.5,-0.32238152398937636,0.33844146813138976,0.17219341639404803,0.8725661555801157,0.20420109094334463,0.0
2021-03-16 06:20:00,0.900836750348675,-0.40239043824701204,-0.22650781831720035,-0.3933226209605427,0.1644658491578438,0.9993318485523385,0.5,-0.32238152398937636,0.33844146813138976,0.17219341639404803,0.8725661555801157,0.20420109094334463,0.0
2021-03-16 06:30:00,0.8967921896792189,-0.23505976095617542,-0.22918838421444532,-0.39725049098375276,0.1644658491578438,0.9993318485523385,0.5,-0.32238152398937636,0.33844146813138976,0.17219341639404803,0.8725661555801157,0.20420109094334463,0.0
2021-03-16 06:40:00,0.9783821478382148,-0.4183266932270917,-0.2276991809381982,-0.40224959828602025,0.1644658491578438,0.9993318485523385,0.5,-0.32238152398937636,0.33844146813138976,0.17219341639404803,0.8725661555801157,0.20420109094334463,0.0
2021-03-16 06:50:00,0.955629079497908,-0.38645418326693237,-0.2279970215934476,-0.40689162649526867,0.1644658491578438,0.9993318485523385,0.5,-0.32238152398937636,0.33844146813138976,0.17219341639404803,0.8725661555801157,0.20420109094334463,0.0
2021-03-16 07:00:00,0.9328759414225941,-0.36254980079681276,-0.23454951600893525,-0.4097482592394215,0.1644658491578438,0.9993318485523385,0.5,-0.3175365541522429,0.330415767498929,0.17357581715533857,0.909770538513763,0.20337024397322734,0.0
2021-03-16 07:10:00,0.9101229428172943,-0.5697211155378487,-0.23931496649292638,-0.41224781289055523,0.1644658491578438,0.9993318485523385,0.5,-0.3175365541522429,0.330415767498929,0.17357581715533857,0.909770538513763,0.20337024397322734,0.0
2021-03-16 07:20:00,0.8873698047419805,-0.5697211155378488,-0.23365599404318704,-0.41688984109980365,0.1644658491578438,0.9993318485523385,0.5,-0.3175365541522429,0.330415767498929,0.17357581715533857,0.909770538513763,0.20337024397322734,0.0
2021-03-16 07:30:00,0.8646167364016737,-0.5697211155378487,-0.23306031273268812,-0.41974647384395647,0.1644658491578438,0.9993318485523385,0.5,-0.3175365541522429,0.330415767498929,0.17357581715533857,0.909770538513763,0.20337024397322734,0.0
2021-03-16 07:40:00,0.8418637377963738,-0.5697211155378487,-0.23842144452717806,-0.4204606320299946,0.1644658491578438,0.9993318485523385,0.5,-0.3175365541522429,0.330415767498929,0.17357581715533857,0.909770538513763,0.20337024397322734,0.0
2021-03-16 07:50:00,0.8191105997210599,-0.2828685258964144,-0.2402084884586747,-0.4258168184252812,0.1644658491578438,0.9993318485523385,0.5,-0.3175365541522429,0.330415767498929,0.17357581715533857,0.909770538513763,0.20337024397322734,0.0
2021-03-16 08:00:00,0.7963575313807532,-0.24302788844621515,-0.24199553239017135,-0.4308159257275487,0.1644658491578438,0.9993318485523385,0.5,-0.3128544140979508,0.313085656323005,0.191961328793895,0.9535480429328222,0.20661110056635124,0.0
2021-03-16 08:10:00,0.7736044630404464,-0.45019920318725104,-0.243782576321668,-0.4322442420996251,0.1644658491578438,0.9993318485523385,0.5,-0.3128544140979508,0.313085656323005,0.191961328793895,0.9535480429328222,0.20661110056635124,0.0
2021-03-16 08:20:00,0.7508513947001394,0.06772908366533859,-0.24169769173492195,-0.41831815747188006,0.1644658491578438,0.4418708240534521,0.5,-0.3128544140979508,0.313085656323005,0.191961328793895,0.9535480429328222,0.20661110056635124,0.2629343512832506
2021-03-16 08:30:00,0.7280983263598326,0.2669322709163344,-0.23335815338793753,-0.35297268344938415,0.1644658491578438,0.2724944320712695,0.5,-0.3128544140979508,0.313085656323005,0.191961328793895,0.9535480429328222,0.20661110056635124,0.23467417052672873
2021-03-16 08:40:00,0.7053452580195259,0.3705179282868525,-0.22352941176470598,-0.3169076950544545,0.1644658491578438,0.26247216035634746,0.5,-0.3128544140979508,0.313085656323005,0.191961328793895,0.9535480429328222,0.20661110056635124,0.2606032258551232
2021-03-16 08:50:00,0.682592189679219,0.38645418326693215,-0.21459419210722275,-0.29191215854311736,0.1644658491578438,0.4263919821826281,0.5,-0.3128544140979508,0.313085656323005,0.191961328793895,0.9535480429328222,0.20661110056635124,0.15827511806509045
2021-03-16 09:00:00,0.6598390516039052,-0.08366533864541836,-0.19880863737900234,-0.29369755400821274,0.1644658491578438,0.9993318485523385,0.5,-0.3045975566193708,0.31240463553894166,0.18295105849846754,0.9701343144095252,0.21248310307201326,0.0
2021-03-16 09:10:00,0.6370860529986053,-0.02788844621513953,-0.1973194341027551,-0.3244063560078556,0.1644658491578438,0.9993318485523385,0.5,-0.3045975566193708,0.31240463553894166,0.18295105849846754,0.9701343144095252,0.21248310307201326,0.0
2021-03-16 09:20:00,0.6143329846582984,-0.07569721115537853,-0.2011913626209978,-0.34261738975183,0.1644658491578438,0.9993318485523385,0.5,-0.3045975566193708,0.31240463553894166,0.18295105849846754,0.9701343144095252,0.21248310307201326,0.0
2021-03-16 09:30:00,0.5915798465829847,0.06772908366533859,-0.19821295606850342,-0.3536868416354222,0.1644658491578438,0.9993318485523385,0.5,-0.3045975566193708,0.31240463553894166,0.18295105849846754,0.9701343144095252,0.21248310307201326,0.0
2021-03-16 09:40:00,0.5688268479776848,0.10756972111553775,-0.19553239017125845,-0.35725763256561327,0.1644658491578438,0.9993318485523385,0.5,-0.3045975566193708,0.31240463553894166,0.18295105849846754,0.9701343144095252,0.21248310307201326,0.0
2021-03-16 09:50:00,0.5460737447698745,0.019920318725099362,-0.19702159344750558,-0.3629708980539189,0.1644658491578438,0.9993318485523385,0.5,-0.3045975566193708,0.31240463553894166,0.18295105849846754,0.9701343144095252,0.21248310307201326,0.0
2021-03-16 10:00:00,0.5233206694560669,-0.0916334661354582,-0.19583023082650786,-0.3683270844492056,0.1644658491578438,0.9993318485523385,0.5,-0.1834401910731791,0.3039565296100354,0.11917243131968992,0.9682163064002685,0.22187516562814819,0.0
2021-03-16 10:10:00,0.5005675732217573,0.06772908366533859,-0.1976172747580046,-0.37189787537939656,0.1644658491578438,0.7344097995545658,0.5,-0.1834401910731791,0.3039565296100354,0.11917243131968992,0.9662982079829037,0.22187516562814819,0.08312838541273745
2021-03-16 10:20:00,0.477814539748954,0.21912350597609564,-0.193149664929263,-0.3229780396357793,0.173417439897397,0.22060133630289533,0.5,-0.1834401910731791,0.3039565296100354,0.11917243131968992,0.9643801999736469,0.22187516562814819,0.4980309911432322
2021-03-16 10:30:00,0.45506146443514645,0.07569721115537842,-0.17885331347728972,-0.2829851812176397,0.17841672010574394,0.22305122494432073,0.5,-0.1834401910731791,0.3039565296100354,0.11917243131968992,0.9624621015562821,0.22187516562814819,0.678463116918388
2021-03-16 10:40:00,0.43230836820083685,-0.07569721115537853,-0.16455696202531667,-0.2547759328691306,0.1784428943476725,0.22583518930957686,0.5,-0.1834401910731791,0.3039565296100354,0.11917243131968992,0.9605440935470253,0.22187516562814819,0.6594519969220092
2021-03-16 10:50:00,0.40955529986052996,0.01195219123505975,-0.1586001489203277,-0.23406534547402247,0.1784428943476725,0.17839643652561246,0.5,-0.1834401910731791,0.3039565296100354,0.11917243131968992,0.9586259951296607,0.22187516562814819,0.7589246646649668
2021-03-16 11:00:00,0.3868022315202232,-0.07569721115537853,-0.16396128071481764,-0.22906623817175498,0.1784428943476725,0.19977728285077953,0.5,-0.17067219483007112,0.2937699529032458,0.1515615193701599,0.956707987120404,0.2295713173767422,0.8583973324079243
2021-03-16 11:10:00,0.3640491631799163,-0.043824701195219196,-0.15770662695457938,-0.22013926084627744,0.1784428943476725,0.2158129175946548,0.5,-0.17067219483007112,0.2937699529032458,0.1515615193701599,0.9547899791111472,0.2295713173767422,0.6862637113930926
2021-03-16 11:20:00,0.3412960948396095,-0.1394422310756973,-0.1505584512285929,-0.20835565077664697,0.1784428943476725,0.25657015590200444,0.5,-0.17067219483007112,0.2937699529032458,0.1515615193701599,0.9528718806937824,0.2295713173767422,0.4590431069601823
2021-03-16 11:30:00,0.31854302649930266,-0.1872509960159363,-0.14102755026061076,-0.20228530619532226,0.1784428943476725,0.24142538975501113,0.5,-0.17067219483007112,0.2937699529032458,0.1515615193701599,0.9509538726845256,0.2295713173767422,0.5749430420809633
2021-03-16 11:40:00,0.29578993723849367,-0.15537848605577698,-0.13626209977661963,-0.19585788252097835,0.1784428943476725,0.23407572383073497,0.5,-0.17067219483007112,0.2937699529032458,0.1515615193701599,0.9490356838590529,0.2295713173767422,0.6553480091132671
2021-03-16 11:50:00,0.27303687587168757,-0.298804780876494,-0.1309009679821297,-0.18978753793965364,0.1784428943476725,0.2178173719376392,0.5,-0.17067219483007112,0.2937699529032458,0.1515615193701599,0.9471176758497961,0.2295713173767422,0.5311193928512153
2021-03-16 12:00:00,0.25028379358437935,-0.50597609561753,-0.12315711094564419,-0.18478843063738626,0.1784428943476725,0.3135857461024499,0.5,-0.15752964339210263,0.277399592536931,0.15053812939276198,0.9451995774324313,0.22917581119338967,0.40689077658916367
2021-03-16 12:10:00,0.22753073221757322,-0.3466135458167332,-0.10230826507818325,-0.16407784324227825,0.1784428943476725,0.27037861915367484,0.5,-0.15752964339210263,0.277399592536931,0.15053812939276198,0.9432815694231745,0.22917581119338967,0.6991565701525416
2021-03-16 12:20:00,0.20477764993026498,-0.043824701195219196,-0.09039463886820565,-0.15372254954472397,0.1784428943476725,0.3239420935412027,0.5,-0.15752964339210263,0.277399592536931,0.15053812939276198,0.9413635614139177,0.22917581119338967,0.28890112708782834
2021-03-16 12:30:00,0.18202458856345885,-0.3784860557768924,-0.060610573343261476,-0.11908587752187105,0.178469068589601,0.23251670378619152,0.5,-0.15752964339210263,0.277399592536931,0.15053812939276198,0.939445462996553,0.22917581119338967,0.9043408723991732
2021-03-16 12:40:00,0.15927150627615064,-0.17928286852589637,-0.0805658972449741,-0.13301196214961608,0.17848215571056522,0.22605790645879734,0.5,-0.15752964339210263,0.277399592536931,0.15053812939276198,0.9375274549872962,0.22917581119338967,0.962362508864312
2021-03-16 12:50:00,0.13651843793584378,-0.003984063745020028,-0.07609828741623248,-0.13336904124263516,0.17848215571056522,0.21592427616926504,0.5,-0.15752964339210263,0.277399592536931,0.15053812939276198,0.9356093565699316,0.22917581119338967,0.8703320910723178
2021-03-16 13:00:00,0.11376536262203626,-0.21912350597609564,-0.0695457930007447,-0.129441171219425,0.17848215571056522,0.22750556792873053,0.5,-0.030631577437702284,0.2617619760522056,0.11286178008731658,0.9336913485606748,0.23142260247747448,0.7783016732803235
2021-03-16 13:10:00,0.09101229428172943,-0.01195219123505975,-0.05971705137751315,-0.12408498482413843,0.17848215571056522,0.2311804008908686,0.5,-0.030631577437702284,0.2617619760522056,0.11286178008731658,0.93177325014331,0.23142260247747448,0.6695799824976991
2021-03-16 13:20:00,0.06825921896792189,-0.17928286852589637,-0.05197319434102765,-0.11587216568469916,0.17848215571056522,0.26347438752783964,0.5,-0.030631577437702284,0.2617619760522056,0.11286178008731658,0.9298552421340532,0.23142260247747448,0.5608582162741224
2021-03-16 13:30:00,0.04550614714086471,-0.2270916334661356,-0.0424422933730455,-0.11372969112658449,0.17848215571056522,0.2952115812917595,0.5,-0.030631577437702284,0.2617619760522056,0.11286178008731658,0.9279371889207424,0.23142260247747448,0.40206255563770243
2021-03-16 13:40:00,0.022753073221757323,-0.4183266932270917,-0.19076693968726743,-0.31405106231030167,0.17848215571056522,0.37449888641425394,0.5,-0.030631577437702284,0.2617619760522056,0.11286178008731658,0.9260191357074316,0.23142260247747448,0.21195135567391402
2021-03-16 13:50:00,0.0,0.003984063745019917,-0.18365448994787803,-0.31305124084984826,0.17918886024263525,0.0,0.5,-0.030631577437702284,0.2617619760522056,0.11286178008731658,0.9241011276981748,0.23142260247747448,0.0
2021-03-16 14:00:00,0.0,0.003984063745019917,-0.17654204020848863,-0.31205141938939474,0.17914959887974247,0.0,0.5,-0.026291439962938146,0.24252385727873343,0.11085849737691326,0.92218302928081,0.2377834333310135,0.0
2021-03-16 14:10:00,0.0,0.003984063745019917,-0.16942960536113183,-0.3110515979289412,0.17850832995249374,0.0,0.5,-0.026291439962938146,0.24252385727873343,0.11085849737691326,0.9202650212715532,0.2377834333310135,0.0
2021-03-16 14:20:00,0.02683855439330544,-0.0010329054153755957,-0.16231717051377526,-0.3100517764684877,0.1785077344884899,0.04539380400890868,0.5,-0.026291439962938146,0.24252385727873343,0.11085849737691326,0.9183469228541886,0.2377834333310135,0.0
2021-03-16 14:30:00,0.05367710808926081,-0.006049874575771108,-0.15520473566641857,-0.3090519550080342,0.1785071403331981,0.09078760579064589,0.5,-0.026291439962938146,0.24252385727873343,0.11085849737691326,0.9164289148449318,0.2377834333310135,0.0
2021-03-16 14:40:00,0.08051565550906555,-0.01106684373616651,-0.14809230081906188,-0.30805213354758076,0.17850654486919423,0.13618141425389757,0.5,-0.026291439962938146,0.24252385727873343,0.11085849737691326,0.914510816427567,0.2377834333310135,0.0
2021-03-16 14:50:00,0.1073542189679219,-0.01608381289656191,-0.14097989575577075,-0.30705231208712735,0.17850595071390246,0.18157521158129178,0.5,-0.026291439962938146,0.24252385727873343,0.11085849737691326,0.9125928084183103,0.2377834333310135,0.0
2021-03-16 15:00:00,0.13419276847977685,-0.021100782056957423,-0.13386746090841417,-0.30605249062667383,0.17850535524989858,0.2269690311804009,0.5,-0.03360370459435469,0.22790920872281337,0.10902451152150697,0.9106747100009455,0.2442535075750578,0.0
2021-03-16 15:10:00,0.1610313110181311,-0.026117751217352936,-0.12675502606105749,-0.3050526691662203,0.17850475978589472,0.2723628173719376,0.5,-0.03360370459435469,0.22790920872281337,0.10902451152150697,0.9087566115835808,0.2442535075750578,0.0
2021-03-16 15:20:00,0.18786988145048814,-0.031134720377748448,-0.1196425912137008,-0.3040528477057667,0.17850416563060292,0.3177566369710468,0.5,-0.03360370459435469,0.22790920872281337,0.10902451152150697,0.906838603574324,0.2442535075750578,0.0
2021-03-16 15:30:00,0.2147084379358438,-0.03615168953814374,-0.11253015636634411,-0.3030530262453133,0.17850357016659907,0.3631504454342984,0.5,-0.03360370459435469,0.22790920872281337,0.10902451152150697,0.9049205051569592,0.2442535075750578,0.0
2021-03-16 15:40:00,0.24154698047419806,-0.04116865869853925,-0.10541772151898743,-0.30205320478485986,0.1785029760113073,0.4085442093541203,0.5,-0.03360370459435469,0.22790920872281337,0.10902451152150697,0.9030024971477024,0.2442535075750578,0.0
2021-03-16 15:50:00,0.268385529986053,-0.046185627858934764,-0.09830528667163074,-0.30105338332440645,0.17850238054730339,0.4539380623608018,0.5,-0.03360370459435469,0.22790920872281337,0.10902451152150697,0.9010843987303376,0.2442535075750578,0.0
2021-03-16 16:00:00,0.29522408647140863,-0.051202597019330165,-0.09119285182427417,-0.3000535618639528,0.17850178508329953,0.4993318485523386,0.5,0.016710931775254734,0.2093779722821655,0.09016636364431835,0.8991663907210808,0.24547142314842904,0.0
2021-03-16 16:10:00,0.3220626220362622,-0.056219566179725566,-0.08408041697691748,-0.2990537404034993,0.17850119158236383,0.5447256458797327,0.5,0.016710931775254734,0.2093779722821655,0.09016636364431835,0.8972483375077701,0.24547142314842904,0.0
2021-03-16 16:20:00,0.34890118549511856,-0.06123653534012108,-0.0769679821295608,-0.2980539189430458,0.17850059677271596,0.5901194877505568,0.5,0.016710931775254734,0.2093779722821655,0.09016636364431835,0.8953302842944595,0.24547142314842904,0.0
2021-03-16 16:30:00,0.375739769874477,-0.06625350450051648,-0.06985554728220411,-0.29705409748259237,0.1785000026174242,0.6355132516703786,0.5,0.016710931775254734,0.2093779722821655,0.09016636364431835,0.8934122762852025,0.24547142314842904,0.0
2021-03-16 16:40:00,0.40257831241283126,-0.07127047366091199,-0.06274311243484743,-0.29605427602213896,0.1784994071534203,0.6809070601336303,0.5,0.016710931775254734,0.2093779722821655,0.09016636364431835,0.8914941778678379,0.24547142314842904,0.0
2021-03-16 16:50:00,0.4294168758716876,-0.0762874428213075,-0.05563069247952357,-0.29505445456168533,0.17849881299812856,0.7263008908685968,0.5,0.016710931775254734,0.2093779722821655,0.09016636364431835,0.8895761698585811,0.24547142314842904,0.0
2021-03-16 17:00:00,0.45625541841004186,-0.0813044119817028,-0.048518242740134165,-0.2940546331012319,0.17849821753412468,0.7716946547884188,0.5,0.002053816543999387,0.21082909251825357,0.09048897877473969,0.8876580714412163,0.24383489356489815,0.0
2021-03-16 17:10:00,0.4830939679218968,-0.08632138114209831,-0.04140580789277759,-0.2930548116407783,0.1784976220701208,0.8170884187082406,0.5,0.002053816543999387,0.21082909251825357,0.09048897877473969,0.8857400634319595,0.24383489356489815,0.0
2021-03-16 17:20:00,0.5099325174337518,-0.09133835030249382,-0.034293373045420794,-0.2920549901803249,0.17849702791482902,0.8624822939866369,0.5,0.002053816543999387,0.21082909251825357,0.09048897877473969,0.8838219650145949,0.24383489356489815,0.0
2021-03-16 17:30:00,0.536771059972106,-0.09635531946288933,-0.02718093819806422,-0.29105516871987147,0.17849643245082517,0.9078761135857462,0.5,0.002053816543999387,0.21082909251825357,0.09048897877473969,0.881903957005338,0.24383489356489815,0.0
2021-03-16 17:40:00,0.5636096234309623,-0.10137228862328473,-0.020068503350707423,-0.29005534725941806,0.17849583829553337,0.9532699331848552,0.5,0.002053816543999387,0.21082909251825357,0.09048897877473969,0.8799859489960812,0.24383489356489815,0.0
2021-03-16 17:50:00,0.5904481868898187,-0.10638925778368014,-0.012956068503350737,-0.28905552579896443,0.1784952428315295,0.9986636971046772,0.5,0.002053816543999387,0.21082909251825357,0.09048897877473969,0.8780678505787165,0.24383489356489815,0.0
2021-03-16 18:00:00,0.6172867154811716,-0.11140622694407565,-0.01653015636634425,-0.2883413676129263,0.17848215571056522,0.9993318485523385,0.5,-0.06601223458028316,0.22769082231104731,0.11825188759652616,0.8761498425694597,0.22712929579991784,0.0
2021-03-16 18:10:00,0.6441252440725244,-0.11642319610447105,-0.01176470588235301,-0.2851276557757543,0.17848215571056522,0.9993318485523385,0.5,-0.06601223458028316,0.22769082231104731,0.11825188759652616,0.8742317441520949,0.22712929579991784,0.0
2021-03-16 18:20:00,0.6709638075313807,-0.12144016526486656,-0.018912881608339704,-0.27727191572933396,0.17848215571056522,0.9993318485523385,0.5,-0.06601223458028316,0.22769082231104731,0.11825188759652616,0.8723136457347301,0.22712929579991784,0.0
2021-03-16 18:30:00,0.6978023709902371,-0.12645713442526207,-0.028741623231571256,-0.2740582038921622,0.17848215571056522,0.9993318485523385,0.5,-0.06601223458028316,0.22769082231104731,0.11825188759652616,0.8703955473173655,0.22712929579991784,0.0
2021-03-16 18:40:00,0.7246409344490935,-0.13147410358565736,-0.03350707371556216,-0.2676307802178183,0.15938804622371125,0.955902004454343,0.5,-0.06601223458028316,0.22769082231104731,0.11825188759652616,0.8684775393081087,0.22712929579991784,0.0
2021-03-16 18:50:00,0.7514795327754533,0.3067729083665336,-0.028145941921072448,-0.2272808427066595,0.16018636060253105,0.24866369710467706,0.5,-0.06601223458028316,0.22769082231104731,0.11825188759652616,0.8665595312988519,0.22712929579991784,0.5140999139973144
2021-03-16 19:00:00,0.7783180613668061,0.2589641434262948,-0.02069992553983646,-0.17693269059096584,0.16026488332831662,0.2012249443207127,0.5,-0.0747006476836447,0.2577448154778505,0.11822512981644798,0.8646414328814871,0.2227617259132585,0.7258098586236553
2021-03-16 19:10:00,0.8051566248256625,0.20318725099601576,-0.013253909158600363,-0.14479557221924644,0.16026488332831662,0.2542316258351893,0.5,-0.0747006476836447,0.2577448154778505,0.11822512981644798,0.8627234248722303,0.2227617259132585,0.4843460023839341
2021-03-16 19:20:00,0.8319951882845189,-0.059760956175298974,-0.015040953090096898,-0.12408498482413843,0.16026488332831662,0.21302895322939866,0.5,-0.0747006476836447,0.2577448154778505,0.11822512981644798,0.8608053264548655,0.2227617259132585,0.5513451121806963
2021-03-16 19:30:00,0.8588337517433752,-0.02788844621513953,-0.041846612062546584,-0.13372612033565434,0.16026488332831662,0.21035634743875278,0.5,-0.0747006476836447,0.2577448154778505,0.11822512981644798,0.8588873184456087,0.2227617259132585,0.5028516679994568
2021-03-16 19:40:00,0.8856723152022314,0.17928286852589648,-0.04571854058078939,-0.13979646491697895,0.16026488332831662,0.20178173719376394,0.5,-0.0747006476836447,0.2577448154778505,0.11822512981644798,0.8569692200282442,0.2227617259132585,0.7131357786260694
2021-03-16 19:50:00,0.9125108089260808,0.1633466135458166,-0.05107967237527933,-0.13408319942867342,0.16026488332831662,0.1400890868596882,0.5,-0.0747006476836447,0.2577448154778505,0.11822512981644798,0.8550512120189874,0.2227617259132585,0.7343780647886899
2021-03-16 20:00:00,0.9393493723849372,0.15537848605577675,-0.050781831720029924,-0.12587038028923414,0.16026488332831662,0.12639198218262807,0.5,-0.07919551014050674,0.29409465901548054,0.11473862911649742,0.8531331136016226,0.21036855713604868,0.7556203509513104
2021-03-16 20:10:00,0.9661879358437936,0.10756972111553775,-0.055845122859270346,-0.12194251026602376,0.16026488332831662,0.12160356347438753,0.5,-0.07919551014050674,0.29409465901548054,0.11473862911649742,0.8531331136016226,0.21036855713604868,0.776862637113931
2021-03-16 20:20:00,0.99302649930265,0.1872509960159361,-0.05673864482501878,-0.11480092840564182,0.16026488332831662,0.1121380846325167,0.5,-0.07919551014050674,0.29409465901548054,0.11473862911649742,0.8531331136016226,0.21036855713604868,0.7981049232765515
2021-03-16 20:30:00,0.8814504881450489,0.08366533864541825,-0.06090841399851088,-0.11158721656846982,0.16026488332831662,0.07839643652561247,0.5,-0.07919551014050674,0.29409465901548054,0.11473862911649742,0.8531331136016226,0.21036855713604868,0.819347209439172
2021-03-16 20:40:00,0.8333333333333333,-0.003984063745020028,-0.06775874906924817,-0.10694518835922162,0.16026488332831662,0.06213808463251671,0.5,-0.07919551014050674,0.29409465901548054,0.11473862911649742,0.8531331136016226,0.21036855713604868,0.8405894956017924
2021-03-16 20:50:00,0.7412831241283124,-0.09960159362549814,-0.07371556217423691,-0.09980360649883946,0.16026488332831662,0.02338530066815145,0.5,-0.07919551014050674,0.29409465901548054,0.11473862911649742,0.8531331136016226,0.21036855713604868,0.8618318572053653
2021-03-16 21:00:00,0.6478382147838214,-0.07569721115537853,-0.07907669396872685,-0.09123370826638089,0.16026488332831662,0.006124721603563475,0.5,-0.07992020606872807,0.3217377811365865,0.10030832317869239,0.808898596197091,0.19626853856839854,0.8830740679270335
2021-03-16 21:10:00,0.4881450488145049,-0.2589641434262948,-0.08324646314221895,-0.08480628459203698,0.15974139848974625,0.00022271714922048998,0.5,-0.07992020606872807,0.3217377811365865,0.10030832317869239,0.808898596197091,0.19626853856839854,0.5254462332332483
2021-03-16 21:20:00,0.4881450488145049,-0.10756972111553798,-0.09128816083395397,-0.0783788609176932,0.1472562850898431,0.00011135857461024499,0.5,-0.07992020606872807,0.3217377811365865,0.10030832317869239,0.808898596197091,0.19626853856839854,0.501214599333102
2021-03-16 21:30:00,0.48535564853556484,-0.2270916334661356,-0.09426656738644845,-0.08123549366184613,0.14890526233133972,0.00011135857461024499,0.5,-0.07992020606872807,0.3217377811365865,0.10030832317869239,0.808898596197091,0.19626853856839854,0.4820224210510434
2021-03-16 21:40:00,0.6080892608089261,-0.11553784860557781,-0.09605361131794499,-0.08659168005713269,0.14890526233133972,0.00022271714922048998,0.5,-0.07992020606872807,0.3217377811365865,0.10030832317869239,0.808898596197091,0.19626853856839854,0.7857929598503252
2021-03-16 21:50:00,0.6380753138075315,0.05976095617529875,-0.09962769918093839,-0.09801821103374397,0.14890526233133972,0.00033407572383073496,0.5,-0.07992020606872807,0.3217377811365865,0.10030832317869239,0.808898596197091,0.19626853856839854,0.8809541771655326
2021-03-16 22:00:00,0.5899581589958159,0.17131474103585642,-0.10260610573343276,-0.10266023924299217,0.15399615238643652,0.00011135857461024499,0.5,-0.12873655495271707,0.3503061720022871,0.1616556699799393,0.7769970104246481,0.18983556411257363,0.7435007619536189
2021-03-16 22:10:00,0.6331938633193863,-0.08366533864541836,-0.10498883097542833,-0.10266023924299217,0.160081663634817,0.00011135857461024499,0.5,-0.12873655495271707,0.3503061720022871,0.1616556699799393,0.7769970104246481,0.18983556411257363,0.858827345836414
2021-03-16 22:20:00,0.6199442119944213,-0.05179282868525903,-0.10677587490692497,-0.10301731833601147,0.160081663634817,0.00011135857461024499,0.5,-0.12873655495271707,0.3503061720022871,0.1616556699799393,0.7769970104246481,0.18983556411257363,0.8058451649893629
2021-03-16 22:30:00,0.6150627615062761,0.09960159362549792,-0.10945644080416994,-0.10944474201035537,0.160081663634817,0.00011135857461024499,0.5,-0.12873655495271707,0.3503061720022871,0.1616556699799393,0.7769970104246481,0.18983556411257363,0.786170164612158
2021-03-16 22:40:00,0.5613668061366807,0.019920318725099362,-0.11154132539091599,-0.10980182110337433,0.160081663634817,0.00011135857461024499,0.5,-0.12873655495271707,0.3503061720022871,0.1616556699799393,0.7769970104246481,0.18983556411257363,0.6460159633055208
2021-03-16 22:50:00,0.5244072524407252,-0.09960159362549814,-0.11392405063291144,-0.10551687198714521,0.160081663634817,0.00011135857461024499,0.5,-0.12873655495271707,0.3503061720022871,0.1616556699799393,0.7769970104246481,0.18983556411257363,0.5825550341747515
2021-03-16 23:00:00,0.5327754532775453,0.043824701195219085,-0.1157110945644082,-0.10944474201035537,0.160081663634817,0.00011135857461024499,0.5,-0.1662506424638862,0.3566307574272914,0.1780349821832497,0.7653009135046598,0.19178655270590428,0.5756672752236824
2021-03-16 23:10:00,0.5181311018131102,0.09163346613545809,-0.1195830230826509,-0.11301553294054623,0.160081663634817,0.00011135857461024499,0.5,-0.1662506424638862,0.3566307574272914,0.1780349821832497,0.7653009135046598,0.19178655270590428,0.5365737737073193
2021-03-16 23:20:00,0.5251046025104603,-0.043824701195219196,-0.11988086373790041,-0.11872879842885198,0.160081663634817,0.00011135857461024499,0.5,-0.1662506424638862,0.3566307574272914,0.1780349821832497,0.7653009135046598,0.19178655270590428,0.5704618495103883
2021-03-16 23:30:00,0.4630404463040446,-0.2509960159362551,-0.12137006701414754,-0.1180146402428136,0.160081663634817,0.00011135857461024499,0.5,-0.1662506424638862,0.3566307574272914,0.1780349821832497,0.7653009135046598,0.19178655270590428,0.4498996635333525
2021-03-16 23:40:00,0.4602510460251046,-0.33864541832669326,-0.12285927029039478,-0.12229958935904306,0.160081663634817,0.00011135857461024499,0.5,-0.1662506424638862,0.3566307574272914,0.1780349821832497,0.7653009135046598,0.19178655270590428,0.4290553283944657
2021-03-16 23:50:00,0.4714086471408647,-0.4820717131474104,-0.12643335815338808,-0.1233708266381004,0.1596890500058892,0.00011135857461024499,0.5,-0.1662506424638862,0.3566307574272914,0.1780349821832497,0.7653009135046598,0.19178655270590428,0.44581830801032035
2021-03-17 00:00:00,0.5111576011157601,0.1872509960159361,-0.1279225614296352,-0.1312265666845207,0.1541662849589719,0.00011135857461024499,0.5,-0.17607089265875153,0.37606427456918934,0.16962707897489043,0.702532191530451,0.19395344109290086,0.5419678018015299
2021-03-17 00:10:00,0.5181311018131102,-0.09960159362549814,-0.1279225614296352,-0.1347973576147118,0.160081663634817,0.00011135857461024499,0.5,-0.17607089265875153,0.37606427456918934,0.16962707897489043,0.702532191530451,0.19395344109290086,0.5466225085625481
2021-03-17 00:20:00,0.46443514644351463,-0.03585657370517936,-0.12822040208488483,-0.1347973576147118,0.160081663634817,0.0410913140311804,0.5,-0.17607089265875153,0.37606427456918934,0.16962707897489043,0.702532191530451,0.19395344109290086,0.3315177210797109
2021-03-17 00:30:00,0.5146443514644351,-0.1633466135458168,-0.11868950111690268,-0.1283699339403679,0.160081663634817,0.04320712694877506,0.5,-0.17607089265875153,0.37606427456918934,0.16962707897489043,0.702532191530451,0.19395344109290086,0.4312355719178599
2021-03-17 00:40:00,0.5871687587168759,-0.21912350597609564,-0.11481757259865988,-0.1169434029637566,0.160081663634817,0.1326280623608018,0.5,-0.17607089265875153,0.37606427456918934,0.16962707897489043,0.702532191530451,0.19395344109290086,0.2438477903345052
2021-03-17 00:50:00,0.5892608089260809,-0.21115537848605592,-0.09813849590469104,-0.10051776468487772,0.160081663634817,0.14832962138084632,0.5,-0.17607089265875153,0.37606427456918934,0.16962707897489043,0.702532191530451,0.19395344109290086,0.17863663110883113
2021-03-17 01:00:00,0.6380753138075315,-0.21912350597609564,-0.09009679821295624,-0.09337618282449556,0.160081663634817,0.02494432071269488,0.5,-0.21092226962437421,0.3616881269629633,0.20624706663080367,0.6867864080697205,0.19272125818706917,0.7811910617559636
2021-03-17 01:10:00,0.6499302649930265,-0.05179282868525903,-0.10975428145941923,-0.11087305838243178,0.160081663634817,0.05857461024498886,0.5,-0.21092226962437421,0.3616881269629633,0.20624706663080367,0.6867864080697205,0.19272125818706917,0.6553404650180303
2021-03-17 01:20:00,0.6422594142259415,-0.043824701195219196,-0.11868950111690268,-0.12658453847527218,0.160081663634817,0.04766146993318486,0.5,-0.21092226962437421,0.3616881269629633,0.20624706663080367,0.6867864080697205,0.19272125818706917,0.7045958628181722
2021-03-17 01:30:00,0.6603905160390516,0.027888446215139417,-0.11988086373790041,-0.1312265666845207,0.160081663634817,0.059354120267260585,0.5,-0.21092226962437421,0.3616881269629633,0.20624706663080367,0.6867864080697205,0.19272125818706917,0.7203026691008947
2021-03-17 01:40:00,0.7112970711297071,0.21912350597609564,-0.11988086373790041,-0.13372612033565434,0.160081663634817,0.08273942093541202,0.5,-0.21092226962437421,0.3616881269629633,0.20624706663080367,0.6867864080697205,0.19272125818706917,0.6424853267347647
2021-03-17 01:50:00,0.6994421199442119,0.1633466135458166,-0.11988086373790041,-0.1358685948937688,0.160081663634817,0.08919821826280623,0.5,-0.21092226962437421,0.3616881269629633,0.20624706663080367,0.6867864080697205,0.19272125818706917,0.5794393228420116
2021-03-17 02:00:00,0.6792189679218968,0.31474103585657365,-0.11988086373790041,-0.14051062310301732,0.160081663634817,0.06859688195991091,0.5,-0.2027957226663929,0.3663633202780415,0.19453286559211988,0.6613880040704124,0.19143367957382074,0.6793533201563137
2021-03-17 02:10:00,0.5704323570432357,0.1394422310756971,-0.12196574832464646,-0.13943938582395987,0.1672010574393739,0.013251670378619154,0.5,-0.2027957226663929,0.3663633202780415,0.19453286559211988,0.6613880040704124,0.19143367957382074,0.6616096081596934
2021-03-17 02:20:00,0.5467224546722455,0.01195219123505975,-0.12166790766939695,-0.1347973576147118,0.16997552708379682,0.0006681514476614699,0.5,-0.2027957226663929,0.3663633202780415,0.19453286559211988,0.6613880040704124,0.19143367957382074,0.6789233067278242
2021-03-17 02:30:00,0.5488145048814504,0.14741035856573692,-0.12285927029039478,-0.13194072487055875,0.16997552708379682,0.00011135857461024499,0.5,-0.2027957226663929,0.3663633202780415,0.19453286559211988,0.6613880040704124,0.19143367957382074,0.6408859785445932
2021-03-17 02:40:00,0.49442119944211993,0.24302788844621515,-0.12285927029039478,-0.1347973576147118,0.16997552708379682,0.00011135857461024499,0.5,-0.2027957226663929,0.3663633202780415,0.19453286559211988,0.6613880040704124,0.19143367957382074,0.5115424657120872
2021-03-17 02:50:00,0.44142259414225943,-0.01195219123505975,-0.12524199553239035,-0.1347973576147118,0.1697399589064402,0.00011135857461024499,0.5,-0.2027957226663929,0.3663633202780415,0.19453286559211988,0.6613880040704124,0.19143367957382074,0.38528448783137437
2021-03-17 03:00:00,0.4421199442119944,0.22709163346613526,-0.1279225614296352,-0.1376539903588645,0.16337961811781027,0.00011135857461024499,0.5,-0.19566259747857329,0.3677282353515889,0.17833933607987365,0.5883930401945748,0.18733170242333838,0.3821461442129246
2021-03-17 03:10:00,0.4121338912133891,-0.05179282868525903,-0.12881608339538353,-0.14479557221924644,0.16671683396369635,0.00011135857461024499,0.5,-0.19566259747857329,0.3677282353515889,0.17833933607987365,0.5883930401945748,0.18733170242333838,0.3413476771730767
2021-03-17 03:20:00,0.4225941422594142,0.2828685258964143,-0.12881608339538353,-0.1487234422424566,0.15874677729646255,0.00011135857461024499,0.5,-0.19566259747857329,0.3677282353515889,0.17833933607987365,0.5883930401945748,0.18733170242333838,0.3434524797441043
2021-03-17 03:30:00,0.45397489539748953,0.21912350597609564,-0.1309009679821297,-0.15265131226566697,0.16273834919056157,0.00011135857461024499,0.5,-0.19566259747857329,0.3677282353515889,0.17833933607987365,0.5883930401945748,0.18733170242333838,0.3904220166875387
2021-03-17 03:40:00,0.4281729428172943,-0.2509960159362551,-0.131794489947878,-0.15265131226566697,0.16997552708379682,0.00011135857461024499,0.5,-0.19566259747857329,0.3677282353515889,0.17833933607987365,0.5883930401945748,0.18733170242333838,0.38324003802224
2021-03-17 03:50:00,0.48117154811715485,-0.17928286852589637,-0.131794489947878,-0.1519371540796286,0.16222795147295546,0.00011135857461024499,0.5,-0.19566259747857329,0.3677282353515889,0.17833933607987365,0.5883930401945748,0.18733170242333838,0.45015616277139886
2021-03-17 04:00:00,0.4665271966527197,0.09960159362549792,-0.13298585256887574,-0.15800749866095343,0.15874677729646255,0.00011135857461024499,0.5,-0.2014195741944479,0.3689063725729641,0.15815560016876426,0.5473081875757558,0.19158506835041886,0.43032273639422425
2021-03-17 04:10:00,0.4595536959553696,0.11553784860557759,-0.13566641846612082,-0.1597928941260488,0.15874677729646255,0.00011135857461024499,0.5,-0.2014195741944479,0.3689063725729641,0.15815560016876426,0.5473081875757558,0.19158506835041886,0.42534363353802973
2021-03-17 04:20:00,0.48535564853556484,0.05179282868525892,-0.13745346239761735,-0.1615782895911445,0.15874677729646255,0.00011135857461024499,0.5,-0.2014195741944479,0.3689063725729641,0.15815560016876426,0.5473081875757558,0.19158506835041886,0.4705855726722694
2021-03-17 04:30:00,0.4588563458856346,0.027888446215139417,-0.13775130305286676,-0.16193536868416358,0.15874677729646255,0.00011135857461024499,0.5,-0.2014195741944479,0.3689063725729641,0.15815560016876426,0.5473081875757558,0.19158506835041886,0.3995880924000784
2021-03-17 04:40:00,0.3800557880055788,-0.02788844621513953,-0.13775130305286676,-0.16336368505623988,0.15874677729646255,0.00011135857461024499,0.5,-0.2014195741944479,0.3689063725729641,0.15815560016876426,0.5473081875757558,0.19158506835041886,0.2684868053774311
2021-03-17 04:50:00,0.4428172942817294,0.09163346613545809,-0.14013402829486243,-0.16657739689341178,0.15874677729646255,0.00011135857461024499,0.5,-0.2014195741944479,0.3689063725729641,0.15815560016876426,0.5473081875757558,0.19158506835041886,0.38367759554596614
2021-03-17 05:00:00,0.49442119944211993,0.21912350597609564,-0.14072970960536124,-0.17050526691662193,0.15874677729646255,0.00011135857461024499,0.5,-0.19830899836336402,0.3658202277540407,0.1422655368542768,0.5140898167524516,0.20155124647523284,0.4684958582917151
2021-03-17 05:10:00,0.502092050209205,0.298804780876494,-0.14072970960536124,-0.17050526691662193,0.15874677729646255,0.00011135857461024499,0.5,-0.19830899836336402,0.3658202277540407,0.1422655368542768,0.5140898167524516,0.20155124647523284,0.49496808847714896
2021-03-17 05:20:00,0.5181311018131102,0.1872509960159361,-0.14072970960536124,-0.17050526691662193,0.15874677729646255,0.00011135857461024499,0.5,-0.19830899836336402,0.3658202277540407,0.1422655368542768,0.5140898167524516,0.20155124647523284,0.530817629041749
2021-03-17 05:30:00,0.5125523012552301,0.08366533864541825,-0.14192107222635897,-0.1694340296375647,0.16731884152805226,0.00011135857461024499,0.5,-0.19830899836336402,0.3658202277540407,0.1422655368542768,0.5140898167524516,0.20155124647523284,0.5480181661813298
2021-03-17 05:40:00,0.49372384937238495,-0.20318725099601598,-0.1469843633655995,-0.16193536868416358,0.16997552708379682,0.00011135857461024499,0.5,-0.19830899836336402,0.3658202277540407,0.1422655368542768,0.5140898167524516,0.20155124647523284,0.5146506329495905
2021-03-17 05:50:00,0.590655509065551,0.1872509960159361,-0.15145197319434112,-0.1612212104981252,0.16997552708379682,0.00011135857461024499,0.5,-0.19830899836336402,0.3658202277540407,0.1422655368542768,0.5140898167524516,0.20155124647523284,0.7630399686165639
2021-03-17 06:00:00,0.5885634588563459,0.38645418326693215,-0.15204765450484004,-0.16336368505623988,0.16997552708379682,0.00044543429844097997,0.5,-0.2601539311785682,0.36509035737786777,0.1664275586366315,0.517836925437649,0.2039029349555097,0.7437874375726119
2021-03-17 06:10:00,0.4421199442119944,-0.06772908366533881,-0.1544303797468355,-0.16193536868416358,0.1661802620041617,0.000556792873051225,0.5,-0.2601539311785682,0.36509035737786777,0.1664275586366315,0.517836925437649,0.2039029349555097,0.39762662763854734
2021-03-17 06:20:00,0.31450488145048816,0.13147410358565725,-0.15651526433358165,-0.16693447598643107,0.14743950478334272,0.000556792873051225,0.5,-0.2601539311785682,0.36509035737786777,0.1664275586366315,0.517836925437649,0.2039029349555097,0.18063581634654557
2021-03-17 06:30:00,0.3200836820083682,0.298804780876494,-0.14132539091586016,-0.15265131226566697,0.14674588737223698,0.000556792873051225,0.5,-0.2601539311785682,0.36509035737786777,0.1664275586366315,0.517836925437649,0.2039029349555097,0.17760309006140892
2021-03-17 06:40:00,0.3284518828451883,-0.2509960159362551,-0.13447505584512298,-0.13158364577753967,0.14938948580701733,0.000556792873051225,0.5,-0.2601539311785682,0.36509035737786777,0.1664275586366315,0.517836925437649,0.2039029349555097,0.19821355824795933
2021-03-17 06:50:00,0.3842398884239888,-0.003984063745020028,-0.131794489947878,-0.12587038028923414,0.14454725105024147,0.000556792873051225,0.5,-0.2601539311785682,0.36509035737786777,0.1664275586366315,0.517836925437649,0.2039029349555097,0.2647751105209952
2021-03-17 07:00:00,0.38354253835425384,-0.20318725099601598,-0.12970960536113185,-0.12729869666131055,0.14454725105024147,0.000556792873051225,0.5,-0.2685003417024018,0.36511909243204943,0.15848620458897197,0.5600353618439965,0.19931000957246167,0.2721909561386303
2021-03-17 07:10:00,0.3633193863319386,0.21912350597609564,-0.12643335815338808,-0.12229958935904306,0.13390742170629885,0.000556792873051225,0.5,-0.2685003417024018,0.36511909243204943,0.15848620458897197,0.5600353618439965,0.19931000957246167,0.2380991897641716
2021-03-17 07:20:00,0.4211994421199442,0.2350597609561753,-0.12256142963514527,-0.12265666845206213,0.1427804897200665,0.000556792873051225,0.5,-0.2685003417024018,0.36511909243204943,0.15848620458897197,0.5600353618439965,0.19931000957246167,0.34600992802933145
2021-03-17 07:30:00,0.4923291492329149,0.41035856573705165,-0.13715562174236795,-0.13551151580074983,0.15309314103990262,0.000556792873051225,0.5,-0.2685003417024018,0.36511909243204943,0.15848620458897197,0.5600353618439965,0.19931000957246167,0.4957224980008148
2021-03-17 07:40:00,0.5376569037656904,0.03585657370517925,-0.1544303797468355,-0.15943581503302984,0.16686079229430317,0.000556792873051225,0.5,-0.2685003417024018,0.36511909243204943,0.15848620458897197,0.5600353618439965,0.19931000957246167,0.5883790756974516
2021-03-17 07:50:00,0.5788005578800558,0.49003984063745,-0.15979151154132543,-0.1647920014283163,0.16713562183455263,0.000556792873051225,0.5,-0.2685003417024018,0.36511909243204943,0.15848620458897197,0.5600353618439965,0.19931000957246167,0.7034567044374369
2021-03-17 08:00:00,0.6004184100418409,-0.02788844621513953,-0.16157855547282218,-0.16907695054454563,0.17547211788878567,0.000556792873051225,0.5,-0.2595513409109329,0.35451585743965147,0.13815637880748313,0.5817296010093632,0.20123702087782508,0.7294159361467779
2021-03-17 08:10:00,0.5278940027894004,-0.13147410358565736,-0.162174236783321,-0.16229244777718255,0.17083927706743796,0.000556792873051225,0.5,-0.2595513409109329,0.35451585743965147,0.13815637880748313,0.5817296010093632,0.20123702087782508,0.5926942981728202
2021-03-17 08:20:00,0.6073919107391912,0.12350597609561742,-0.16455696202531667,-0.16729155507945004,0.17244899294604182,0.000556792873051225,0.5,-0.2595513409109329,0.35451585743965147,0.13815637880748313,0.5817296010093632,0.20123702087782508,0.7770644416615116
2021-03-17 08:30:00,0.596931659693166,-0.4422310756972112,-0.162174236783321,-0.16550615961435466,0.17701639816256823,0.000556792873051225,0.5,-0.2595513409109329,0.35451585743965147,0.13815637880748313,0.5817296010093632,0.20123702087782508,0.7418486050967907
2021-03-17 08:40:00,0.4881450488145049,-0.17131474103585675,-0.16455696202531667,-0.1615782895911445,0.16700475062491005,0.000556792873051225,0.5,-0.2595513409109329,0.35451585743965147,0.13815637880748313,0.5817296010093632,0.20123702087782508,0.5145525597115138
2021-03-17 08:50:00,0.48535564853556484,-0.11553784860557781,-0.16455696202531667,-0.1597928941260488,0.16135111436835012,0.000556792873051225,0.5,-0.2595513409109329,0.35451585743965147,0.13815637880748313,0.5817296010093632,0.20123702087782508,0.4681111094346455
2021-03-17 09:00:00,0.4881450488145049,0.22709163346613526,-0.16455696202531667,-0.16336368505623988,0.16101084922327938,0.000556792873051225,0.5,-0.2455293685626454,0.35856750007902116,0.15230198703782116,0.5700010023745822,0.21894815311431992,0.4741841061001554
2021-03-17 09:10:00,0.4205020920502092,-0.21115537848605592,-0.15413253909158608,-0.15122299589359034,0.16704401198780283,0.000556792873051225,0.5,-0.2455293685626454,0.35856750007902116,0.15230198703782116,0.5700010023745822,0.21894815311431992,0.35777871659851834
2021-03-17 09:20:00,0.39121338912133896,-0.0916334661354582,-0.15681310498883105,-0.15550794500981968,0.16704401198780283,0.000556792873051225,0.5,-0.2455293685626454,0.35856750007902116,0.15230198703782116,0.5700010023745822,0.21894815311431992,0.3012583550854746
2021-03-17 09:30:00,0.3591352859135286,-0.09960159362549814,-0.15294117647058836,-0.16264952687020162,0.16704401198780283,0.000556792873051225,0.5,-0.2455293685626454,0.35856750007902116,0.15230198703782116,0.5700010023745822,0.21894815311431992,0.24632979766736574
2021-03-17 09:40:00,0.397489539748954,0.17131474103585642,-0.1350707371556218,-0.14015354400999824,0.16704401198780283,0.000556792873051225,0.5,-0.2455293685626454,0.35856750007902116,0.15230198703782116,0.5700010023745822,0.21894815311431992,0.3145585949877031
2021-03-17 09:50:00,0.4100418410041841,-0.02788844621513953,-0.13239017125837682,-0.13943938582395987,0.16704401198780283,0.000556792873051225,0.5,-0.2455293685626454,0.35856750007902116,0.15230198703782116,0.5700010023745822,0.21894815311431992,0.352399776694781
2021-03-17 10:00:00,0.45536959553695955,0.2350597609561753,-0.1314966492926286,-0.13872522763792183,0.16704401198780283,0.000556792873051225,0.5,-0.12243398839912845,0.36113066691187173,0.10534220981472839,0.6951858999062144,0.24705917176500902,0.41534770734945753
2021-03-17 10:10:00,0.4581589958158996,0.06772908366533859,-0.13685778108711855,-0.15158007498660953,0.17222651188964944,0.000556792873051225,0.5,-0.12243398839912845,0.36113066691187173,0.10534220981472839,0.6951858999062144,0.24705917176500902,0.4425668029633206
2021-03-17 10:20:00,0.46373779637377965,-0.13147410358565736,-0.1353685778108712,-0.15479378682378142,0.17590399288060618,0.000556792873051225,0.5,-0.12243398839912845,0.36113066691187173,0.10534220981472839,0.6951858999062144,0.24705917176500902,0.4447319582962415
2021-03-17 10:30:00,0.4714086471408647,-0.07569721115537853,-0.13209233060312742,-0.153365470451705,0.17818115192838727,0.000556792873051225,0.5,-0.12243398839912845,0.36113066691187173,0.10534220981472839,0.6951858999062144,0.24705917176500902,0.4908188360969869
2021-03-17 10:40:00,0.46373779637377965,-0.019920318725099695,-0.131794489947878,-0.1519371540796286,0.17818115192838727,0.000556792873051225,0.5,-0.12243398839912845,0.36113066691187173,0.10534220981472839,0.6951858999062144,0.24705917176500902,0.43383828477450703
2021-03-17 10:50:00,0.4288702928870293,-0.17131474103585675,-0.12911392405063304,-0.1490805213354759,0.17464762926803734,0.000556792873051225,0.5,-0.12243398839912845,0.36113066691187173,0.10534220981472839,0.6951858999062144,0.24705917176500902,0.36454577002580085
2021-03-17 11:00:00,0.4665271966527197,0.14741035856573692,-0.12524199553239035,-0.1490805213354759,0.16603630367355485,0.000556792873051225,0.5,-0.10948685271242342,0.37684586804288417,0.12032086002295084,0.7159607157365946,0.2612350649208823,0.4319673491558158
2021-03-17 11:10:00,0.4211994421199442,0.22709163346613526,-0.1195830230826509,-0.1469380467773611,0.17498789441310808,0.000556792873051225,0.5,-0.10948685271242342,0.37684586804288417,0.12032086002295084,0.7159607157365946,0.2612350649208823,0.37589208926173484
2021-03-17 11:20:00,0.4721059972105997,0.027888446215139417,-0.11303052866716312,-0.14158186038207465,0.18488175786208794,0.000556792873051225,0.5,-0.10948685271242342,0.37684586804288417,0.12032086002295084,0.7159607157365946,0.2612350649208823,0.45536158848469305
2021-03-17 11:30:00,0.4476987447698745,0.019920318725099362,-0.10618019359642605,-0.13372612033565434,0.1941081781418906,0.000556792873051225,0.5,-0.10948685271242342,0.37684586804288417,0.12032086002295084,0.7159607157365946,0.2612350649208823,0.4253059130618465
2021-03-17 11:40:00,0.5704323570432357,-0.2589641434262948,-0.1043931496649293,-0.1312265666845207,0.18752535629686828,0.000556792873051225,0.5,-0.10948685271242342,0.37684586804288417,0.12032086002295084,0.7159607157365946,0.2612350649208823,0.6432850008298505
2021-03-17 11:50:00,0.4909344490934449,0.12350597609561742,-0.10022338049143709,-0.12408498482413843,0.1854314169425868,0.000556792873051225,0.5,-0.10948685271242342,0.37684586804288417,0.12032086002295084,0.7159607157365946,0.2612350649208823,0.4908339242874602
2021-03-17 12:00:00,0.49372384937238495,0.06772908366533859,-0.09456440804169786,-0.11980003570790931,0.1834552616769837,0.000556792873051225,0.5,-0.09716675510794237,0.3605157367524211,0.12633007408354285,0.6662945424946582,0.26364231833256013,0.5036136216183593
2021-03-17 12:10:00,0.496513249651325,0.019920318725099362,-0.09099032017870456,-0.11658632387073731,0.18272238290298518,0.000556792873051225,0.5,-0.09716675510794237,0.3605157367524211,0.12633007408354285,0.6662945424946582,0.26364231833256013,0.49966051571435044
2021-03-17 12:20:00,0.4790794979079498,0.14741035856573692,-0.08145941921072242,-0.11480092840564182,0.18134823520173798,0.000556792873051225,0.5,-0.09716675510794237,0.3605157367524211,0.12633007408354285,0.6662945424946582,0.26364231833256013,0.4818262745748902
2021-03-17 12:30:00,0.509065550906555,-0.09960159362549814,-0.07431124348473583,-0.11123013747545074,0.18527437149101572,0.00022271714922048998,0.5,-0.09716675510794237,0.3605157367524211,0.12633007408354285,0.6662945424946582,0.26364231833256013,0.5274227861852528
2021-03-17 12:40:00,0.4755927475592748,0.20318725099601576,-0.06865227103499649,-0.10908766291733607,0.17578620879192786,0.00011135857461024499,0.5,-0.09716675510794237,0.3605157367524211,0.12633007408354285,0.6662945424946582,0.26364231833256013,0.4938515623821235
2021-03-17 12:50:00,0.50697350069735,-0.12350597609561753,-0.06090841399851088,-0.10051776468487772,0.17593016712253473,0.00011135857461024499,0.5,-0.09716675510794237,0.3605157367524211,0.12633007408354285,0.6662945424946582,0.26364231833256013,0.5218476998053624
2021-03-17 13:00:00,0.5306834030683404,0.027888446215139417,-0.05346239761727478,-0.09873236921978212,0.17691170119485414,0.00011135857461024499,0.5,0.030301315145671248,0.3523492343544813,0.07097380692321419,0.6103387675937078,0.26638166895045917,0.5717971543672767
2021-03-17 13:10:00,0.4797768479776848,-0.07569721115537853,-0.04750558451228615,-0.0880199964292091,0.17451675805839476,0.00022271714922048998,0.5,0.030301315145671248,0.3523492343544813,0.07097380692321419,0.6103387675937078,0.26638166895045917,0.47030644114851305
2021-03-17 13:20:00,0.5139470013947002,-0.03585657370517936,-0.03678332092330627,-0.07302267452240663,0.17883550797660022,0.00022271714922048998,0.5,0.030301315145671248,0.3523492343544813,0.07097380692321419,0.6103387675937078,0.26638166895045917,0.5236733708526337
2021-03-17 13:30:00,0.5536959553695956,0.043824701195219085,-0.023678332092330612,-0.06195322263881431,0.1776576670898169,0.00022271714922048998,0.5,0.030301315145671248,0.3523492343544813,0.07097380692321419,0.6103387675937078,0.26638166895045917,0.6084086485507794
2021-03-17 13:40:00,0.4393305439330544,0.003984063745019917,-0.010573343261355284,-0.056597036243527854,0.1792673829684208,0.00022271714922048998,0.5,0.030301315145671248,0.3523492343544813,0.07097380692321419,0.6103387675937078,0.26638166895045917,0.40981034144575046
2021-03-17 13:50:00,0.4714086471408647,0.043824701195219085,0.0007446016381233989,-0.04624174254597391,0.1747654133567157,0.00022271714922048998,0.5,0.030301315145671248,0.3523492343544813,0.07097380692321419,0.6103387675937078,0.26638166895045917,0.4463614828673597
2021-03-17 14:00:00,0.45397489539748953,-0.10756972111553798,0.011466865227103495,-0.034101053383324476,0.17782779966235226,0.00022271714922048998,0.5,0.04340317581447395,0.3314444824385715,0.07699544876791836,0.5503487297752242,0.27598975884345994,0.4118925117310681
2021-03-17 14:10:00,0.4344490934449094,0.1872509960159361,0.020997766195085532,-0.02660239242992324,0.174883197445394,0.00022271714922048998,0.5,0.04340317581447395,0.3314444824385715,0.07699544876791836,0.5503487297752242,0.27598975884345994,0.3656849284065362
2021-03-17 14:20:00,0.4588563458856346,0.06772908366533859,0.03678332092330594,-0.013390465988216249,0.18397874651555407,0.00022271714922048998,0.5,0.04340317581447395,0.3314444824385715,0.07699544876791836,0.5503487297752242,0.27598975884345994,0.4150761199209379
2021-03-17 14:30:00,0.4546722454672245,-0.08366533864541836,0.04095309009679826,-0.01624709873236929,0.19293033725510728,0.00022271714922048998,0.5,0.04340317581447395,0.3314444824385715,0.07699544876791836,0.5503487297752242,0.27598975884345994,0.4066644537320639
2021-03-17 14:40:00,0.4546722454672245,-0.06772908366533881,0.05018615040953067,-0.01981788966256015,0.19094109486853988,0.00022271714922048998,0.5,0.04340317581447395,0.3314444824385715,0.07699544876791836,0.5503487297752242,0.27598975884345994,0.42338216877649865
2021-03-17 14:50:00,0.5258019525801952,-0.09960159362549814,0.05703648548026785,-0.016604177825388367,0.1846592768056955,0.00022271714922048998,0.5,0.04340317581447395,0.3314444824385715,0.07699544876791836,0.5503487297752242,0.27598975884345994,0.549828749038128
2021-03-17 15:00:00,0.500697350069735,0.06772908366533859,0.06150409530900958,-0.010176754151044465,0.18698878433733362,0.00022271714922048998,0.5,0.05087016542798839,0.3112839684259213,0.08153006819936752,0.5443259586058881,0.2774196314861758,0.48119257057501097
2021-03-17 15:10:00,0.502092050209205,0.06772908366533859,0.06507818317200287,-0.008748437778968055,0.19613668189135072,0.00022271714922048998,0.5,0.05087016542798839,0.3112839684259213,0.08153006819936752,0.5443259586058881,0.2774196314861758,0.4885405193355161
2021-03-17 15:20:00,0.4546722454672245,-0.1394422310756973,0.06835443037974676,0.002321014104624153,0.19014278048972008,0.00022271714922048998,0.5,0.05087016542798839,0.3112839684259213,0.08153006819936752,0.5443259586058881,0.2774196314861758,0.40789414125563916
2021-03-17 15:30:00,0.4951185495118549,-0.02788844621513953,0.07222635889798945,-0.0012497768255668174,0.18667469343419144,0.00022271714922048998,0.5,0.05087016542798839,0.3112839684259213,0.08153006819936752,0.5443259586058881,0.2774196314861758,0.48783137438327023
2021-03-17 15:40:00,0.4609483960948396,0.08366533864541825,0.0743112434847355,0.001963935011605189,0.18684482600672678,0.00022271714922048998,0.5,0.05087016542798839,0.3112839684259213,0.08153006819936752,0.5443259586058881,0.2774196314861758,0.4071623640176834
2021-03-17 15:50:00,0.4093444909344491,-0.019920318725099695,0.07907669396872663,0.008748437778968166,0.19905510986638048,0.00022271714922048998,0.5,0.05087016542798839,0.3112839684259213,0.08153006819936752,0.5443259586058881,0.2774196314861758,0.3504307678380132
2021-03-17 16:00:00,0.46722454672245467,-0.13147410358565736,0.0826507818317197,0.011605070523120764,0.2057688029210454,0.00022271714922048998,0.5,0.09780550012457367,0.2893648690974598,0.08021563980832298,0.552103768129167,0.2772061480665107,0.4270787754424612
2021-03-17 16:10:00,0.47489539748953974,0.2111553784860556,0.0826507818317197,0.012319228709159136,0.20112287497873343,0.00022271714922048998,0.5,0.09780550012457367,0.2893648690974598,0.08021563980832298,0.552103768129167,0.2772061480665107,0.45121988019976766
2021-03-17 16:20:00,0.4923291492329149,-0.10756972111553798,0.08324646314221873,0.012319228709159136,0.20096582952716233,0.00022271714922048998,0.5,0.09780550012457367,0.2893648690974598,0.08021563980832298,0.552103768129167,0.2772061480665107,0.4786275781945472
2021-03-17 16:30:00,0.4895397489539749,0.10756972111553775,0.0856291883842144,0.013747545081235657,0.20207823480912435,0.00022271714922048998,0.5,0.09780550012457367,0.2893648690974598,0.08021563980832298,0.552103768129167,0.2772061480665107,0.47533835267136415
2021-03-17 16:40:00,0.49302649930264997,0.03585657370517925,0.0856291883842144,0.018032494197464777,0.21002211723442962,0.00022271714922048998,0.5,0.09780550012457367,0.2893648690974598,0.08021563980832298,0.552103768129167,0.2772061480665107,0.4737465485764293
2021-03-17 16:50:00,0.47419804741980476,-0.10756972111553798,0.0895011169024571,0.023031601499732268,0.21144861341953383,0.00022271714922048998,0.5,0.09780550012457367,0.2893648690974598,0.08021563980832298,0.552103768129167,0.2772061480665107,0.46023507400757424
2021-03-17 17:00:00,0.502092050209205,-0.019920318725099695,0.09158600148920315,0.021246206034636783,0.2090013217992174,0.00022271714922048998,0.5,0.09272439041392189,0.2753450361630666,0.08308620430998089,0.5958053659008271,0.2781461959127333,0.5217647147577591
2021-03-17 17:10:00,0.47629009762900976,-0.019920318725099695,0.08711839166046165,0.018389573290483963,0.2019997120833388,0.00022271714922048998,0.5,0.09272439041392189,0.2753450361630666,0.08308620430998089,0.5958053659008271,0.2781461959127333,0.4374292741071564
2021-03-17 17:20:00,0.49302649930264997,-0.09960159362549814,0.0856291883842144,0.019460810569541076,0.2027980264621586,0.00022271714922048998,0.5,0.09272439041392189,0.2753450361630666,0.08308620430998089,0.5958053659008271,0.2781461959127333,0.4813887170511641
2021-03-17 17:30:00,0.4790794979079498,-0.21115537848605592,0.0856291883842144,0.019817889662560484,0.20270641661540878,0.00022271714922048998,0.5,0.09272439041392189,0.2753450361630666,0.08308620430998089,0.5958053659008271,0.2781461959127333,0.45123496839024096
2021-03-17 17:40:00,0.5083682008368201,-0.01195219123505975,0.0856291883842144,0.018746652383502926,0.20621376503383018,0.00022271714922048998,0.5,0.09272439041392189,0.2753450361630666,0.08308620430998089,0.5958053659008271,0.2781461959127333,0.5249407788523923
2021-03-17 17:50:00,0.49860529986053004,-0.06772908366533881,0.0856291883842144,0.01624709873236929,0.20853018544450405,0.00022271714922048998,0.5,0.09272439041392189,0.2753450361630666,0.08308620430998089,0.5958053659008271,0.2781461959127333,0.5320925811367443
2021-03-17 18:00:00,0.5,0.06772908366533859,0.08294862248696933,0.015175861453311956,0.20631846200154427,0.00022271714922048998,0.5,0.027288463866763646,0.29360903659983884,0.15178800939489753,0.6920263715959291,0.25973307007201646,0.5079741086651478
2021-03-17 18:10:00,0.5829846582984658,-0.21115537848605592,0.08235294117647052,0.01624709873236929,0.21419690882202827,0.00022271714922048998,0.5,0.027288463866763646,0.29360903659983884,0.15178800939489753,0.6920263715959291,0.25973307007201646,0.6951506555818762
2021-03-17 18:20:00,0.5683403068340307,-0.2589641434262948,0.07758749069247939,0.018746652383502926,0.21419690882202827,0.00022271714922048998,0.5,0.027288463866763646,0.29360903659983884,0.15178800939489753,0.6920263715959291,0.25973307007201646,0.6372270923548139
2021-03-17 18:30:00,0.601115760111576,0.07569721115537842,0.0746090841399849,0.015890019639350328,0.21419690882202827,0.00022271714922048998,0.5,0.027288463866763646,0.29360903659983884,0.15178800939489753,0.6920263715959291,0.25973307007201646,0.7335123798602834
2021-03-17 18:40:00,0.6297071129707112,0.06772908366533859,0.06656738644825011,0.011605070523120764,0.21660493907945194,0.00022271714922048998,0.5,0.027288463866763646,0.29360903659983884,0.15178800939489753,0.6920263715959291,0.25973307007201646,0.8183759071774522
2021-03-17 18:50:00,0.6387726638772664,0.043824701195219085,0.0588235294117645,0.008748437778968166,0.21410529897527844,0.00022271714922048998,0.5,0.027288463866763646,0.29360903659983884,0.15178800939489753,0.6920263715959291,0.25973307007201646,0.8260256197474237
2021-03-17 19:00:00,0.5425383542538355,-0.42629482071713154,0.05286671630677553,0.009462595965006315,0.21410529897527844,0.00011135857461024499,0.5,0.013168800319389051,0.30255138546063626,0.14891313321303748,0.7333242890026536,0.26478310861630777,0.6307391704512878
2021-03-17 19:10:00,0.5376569037656904,0.01195219123505975,0.04869694713328343,0.010890912337082836,0.20528457944536782,0.00011135857461024499,0.5,0.013168800319389051,0.30255138546063626,0.14891313321303748,0.7333242890026536,0.26478310861630777,0.6271330929281651
2021-03-17 19:20:00,0.5146443514644351,-0.019920318725099695,0.044825018615040735,0.008034279592929794,0.2028896363089084,0.00022271714922048998,0.5,0.013168800319389051,0.30255138546063626,0.14891313321303748,0.7333242890026536,0.26478310861630777,0.5626461668452102
2021-03-17 19:30:00,0.5815899581589958,-0.1394422310756973,0.04095309009679826,0.007320121406891644,0.1968041250605279,0.00011135857461024499,0.5,0.013168800319389051,0.30255138546063626,0.14891313321303748,0.7333242890026536,0.26478310861630777,0.7130150731022828
2021-03-17 19:40:00,0.5237099023709902,0.07569721115537842,0.036485480268056314,0.0008926977325478536,0.19166088652157415,0.00011135857461024499,0.5,0.013168800319389051,0.30255138546063626,0.14891313321303748,0.7333242890026536,0.26478310861630777,0.5487423993240491
2021-03-17 19:50:00,0.6506276150627616,-0.1872509960159363,0.032315711094564215,-0.0008926977325478536,0.19166088652157415,0.004342984409799555,0.5,0.013168800319389051,0.30255138546063626,0.14891313321303748,0.7333242890026536,0.26478310861630777,0.8813917346892587
2021-03-17 20:00:00,0.6771269177126918,-0.26693227091633476,0.03142218912881578,-0.007320121406891644,0.1888209812723299,0.0006681514476614699,0.5,0.0051236348997387715,0.3127034801024112,0.14867827345614268,0.6934572968830236,0.2622482525401351,0.9465576293435128
2021-03-17 20:10:00,0.599023709902371,-0.2749003984063746,0.025465376023827258,-0.006605963220853384,0.17988247765374096,0.00011135857461024499,0.5,0.0051236348997387715,0.3127034801024112,0.14867827345614268,0.6934572968830236,0.2622482525401351,0.7318828552891652
2021-03-17 20:20:00,0.6401673640167364,-0.2509960159362551,0.02010424422933732,-0.0026780931976432276,0.17055136040622423,0.0024498886414253897,0.5,0.0051236348997387715,0.3127034801024112,0.14867827345614268,0.6934572968830236,0.2622482525401351,0.8344825505077177
2021-03-17 20:30:00,0.6757322175732218,-0.17131474103585675,0.014743112434847383,-0.01053383324406354,0.17055136040622423,0.004899777282850779,0.5,0.0051236348997387715,0.3127034801024112,0.14867827345614268,0.6934572968830236,0.2622482525401351,0.9425139942966639
2021-03-17 20:40:00,0.7245467224546723,-0.11553784860557781,0.008190618019359386,-0.016604177825388367,0.17055136040622423,0.013697104677060134,0.5,0.0051236348997387715,0.3127034801024112,0.14867827345614268,0.6934572968830236,0.2622482525401351,0.9455429485341823
2021-03-17 20:50:00,0.7642956764295677,-0.07569721115537853,0.005212211466865124,-0.02053204784859841,0.16404706128698748,0.047438752783964366,0.5,0.0051236348997387715,0.3127034801024112,0.14867827345614268,0.6934572968830236,0.2622482525401351,0.9485719027717006
2021-03-17 21:00:00,0.801255230125523,0.20318725099601576,-0.000148920327624813,-0.023031601499732157,0.16434806506916544,0.10723830734966594,0.5,-0.0019117657359043472,0.31126385388799754,0.1473322683483234,0.715285918659984,0.24763771800105744,0.6336587353078745
2021-03-17 21:10:00,0.8040446304044631,-0.0916334661354582,-0.004318689501117023,-0.028744866988037687,0.16362827341613118,0.14053452115812917,0.5,-0.0019117657359043472,0.31126385388799754,0.1473322683483234,0.715285918659984,0.24763771800105744,0.40925207839823774
2021-03-17 21:20:00,0.8054393305439331,0.20318725099601576,-0.010573343261355284,-0.03731476522049626,0.16056588711049458,0.21314031180400891,0.5,-0.0019117657359043472,0.31126385388799754,0.1473322683483234,0.715285918659984,0.24763771800105744,0.18142040225115802
2021-03-17 21:30:00,0.810320781032078,-0.17131474103585675,0.03410275502606086,-0.01267630780217821,0.15794846291764275,0.617260579064588,0.5,-0.0019117657359043472,0.31126385388799754,0.1473322683483234,0.715285918659984,0.24763771800105744,0.06928497065346953
2021-03-17 21:40:00,0.797768479776848,-0.14741035856573714,0.005510052122114528,-0.021603285127655747,0.15883838714321236,0.18730512249443207,0.5,-0.0019117657359043472,0.31126385388799754,0.1473322683483234,0.715285918659984,0.24763771800105744,0.25791752795087286
2021-03-17 21:50:00,0.7866108786610878,-0.2509960159362551,-0.018317200297840674,-0.054454561685413405,0.15883838714321236,0.3819599109131403,0.5,-0.0019117657359043472,0.31126385388799754,0.1473322683483234,0.715285918659984,0.24763771800105744,0.14159512349683903
2021-03-17 22:00:00,0.7454672245467224,-0.5856573705179284,0.006701414743112366,-0.057311194429566115,0.15883838714321236,0.9995545657015591,0.5,-0.05784496350004653,0.32765432879223616,0.19228381711019274,0.7144675987120704,0.2223933344694422,0.0
2021-03-17 22:10:00,0.7419804741980475,-0.50597609561753,0.04452717795979133,-0.04302803070880201,0.15883838714321236,0.9983296213808465,0.5,-0.05784496350004653,0.32765432879223616,0.19228381711019274,0.7144675987120704,0.2223933344694422,0.0
2021-03-17 22:20:00,0.796373779637378,-0.49800796812749004,0.048994787788533056,-0.0526691662203177,0.15883838714321236,0.9995545657015591,0.5,-0.05784496350004653,0.32765432879223616,0.19228381711019274,0.7144675987120704,0.2223933344694422,0.0
2021-03-17 22:30:00,0.8277545327754532,-0.6254980079681276,0.043335815338793715,-0.06373861810391002,0.157961550038607,0.9995545657015591,0.5,-0.05784496350004653,0.32765432879223616,0.19228381711019274,0.7144675987120704,0.2223933344694422,0.0
2021-03-17 22:40:00,0.8242677824267782,0.09960159362549792,0.025465376023827258,-0.06052490626673801,0.1558152622004685,0.25623608017817373,0.5,-0.05784496350004653,0.32765432879223616,0.19228381711019274,0.7144675987120704,0.2223933344694422,0.20733436938907915
2021-03-17 22:50:00,0.8186889818688982,0.11553784860557759,0.025167535368577854,-0.042670951615782826,0.15759511065160778,0.22282850779510024,0.5,-0.05784496350004653,0.32765432879223616,0.19228381711019274,0.7144675987120704,0.2223933344694422,0.19920183472396158
2021-03-17 23:00:00,0.8228730822873083,0.09163346613545809,0.032315711094564215,-0.024816996964827642,0.15759511065160778,0.2309576837416481,0.5,-0.10359959882903969,0.3269187114052302,0.20458554798348424,0.7509535084121772,0.1894871855583954,0.17871207206119769
2021-03-17 23:10:00,0.7635983263598326,-0.29083665338645437,0.04839910647803425,-0.01481878236029266,0.15759511065160778,0.900890868596882,0.5,-0.10359959882903969,0.3269187114052302,0.20458554798348424,0.7509535084121772,0.1894871855583954,0.016710170949198064
2021-03-17 23:20:00,0.7914923291492328,-0.4422310756972112,0.04690990320178701,-0.026959471522942313,0.15759511065160778,0.9995545657015591,0.5,-0.10359959882903969,0.3269187114052302,0.20458554798348424,0.7509535084121772,0.1894871855583954,0.0
2021-03-17 23:30:00,0.8054393305439331,-0.5697211155378487,0.0355919583023081,-0.05338332440635607,0.15759511065160778,0.9995545657015591,0.5,-0.10359959882903969,0.3269187114052302,0.20458554798348424,0.7509535084121772,0.1894871855583954,0.0
2021-03-17 23:40:00,0.804741980474198,-0.42629482071713154,0.029337304542069953,-0.07623638635957874,0.15759511065160778,0.9995545657015591,0.5,-0.10359959882903969,0.3269187114052302,0.20458554798348424,0.7509535084121772,0.1894871855583954,0.0
2021-03-17 23:50:00,0.8354253835425384,-0.5139442231075697,0.018317200297840452,-0.09016247098732377,0.15759511065160778,0.9995545657015591,0.5,-0.10359959882903969,0.3269187114052302,0.20458554798348424,0.7509535084121772,0.1894871855583954,0.0
2021-03-18 00:00:00,0.8145048814504882,-0.7450199203187251,0.0117647058823529,-0.09623281556864838,0.15759511065160778,0.9995545657015591,0.5,-0.10730459342083631,0.3276284672434752,0.19868564769742963,0.7603495326588918,0.17668818626756588,0.0
2021-03-18 00:10:00,0.799163179916318,-0.6812749003984064,-0.0007446016381237319,-0.1023031601499732,0.15759511065160778,0.9995545657015591,0.5,-0.10730459342083631,0.3276284672434752,0.19868564769742963,0.7603495326588918,0.17668818626756588,0.0
2021-03-18 00:20:00,0.8605299860529986,-0.5856573705179284,-0.01236038719285204,-0.10980182110337433,0.15759511065160778,0.9995545657015591,0.5,-0.10730459342083631,0.3276284672434752,0.19868564769742963,0.7603495326588918,0.17668818626756588,0.0
2021-03-18 00:30:00,0.900278940027894,-0.42629482071713154,-0.022486969471332885,-0.1151580074986609,0.15759511065160778,0.6179287305122495,0.5,-0.10730459342083631,0.3276284672434752,0.19868564769742963,0.7603495326588918,0.17668818626756588,0.3889886385925736
2021-03-18 00:40:00,0.909344490934449,0.019920318725099362,-0.04005956813105005,-0.09980360649883946,0.15763437201450053,0.10957683741648107,0.5,-0.10730459342083631,0.3276284672434752,0.19868564769742963,0.7603495326588918,0.17668818626756588,0.5368321589691748
2021-03-18 00:50:00,0.895397489539749,-0.02788844621513953,-0.06597170513775141,-0.11087305838243178,0.15768672049835758,0.1,0.5,-0.10730459342083631,0.3276284672434752,0.19868564769742963,0.7603495326588918,0.17668818626756588,0.6846756793457761
2021-03-18 01:00:00,0.9107391910739191,-0.03585657370517936,-0.07222635889798967,-0.11337261203356541,0.15768672049835758,0.10657015590200446,0.5,-0.1330766924274812,0.33463407345254703,0.20149889221522338,0.742064131202176,0.17455836571352068,0.8325191997223772
2021-03-18 01:10:00,0.8835425383542539,0.09163346613545809,-0.07222635889798967,-0.11123013747545074,0.15768672049835758,0.1200445434298441,0.5,-0.1330766924274812,0.33463407345254703,0.20149889221522338,0.742064131202176,0.17455836571352068,0.9803627200989785
2021-03-18 01:20:00,0.8863319386331939,0.15537848605577675,-0.07222635889798967,-0.10980182110337433,0.15768672049835758,0.10690423162583519,0.5,-0.1330766924274812,0.33463407345254703,0.20149889221522338,0.742064131202176,0.17455836571352068,0.9694221977458244
2021-03-18 01:30:00,0.8807531380753139,0.13147410358565725,-0.07252419955323908,-0.10980182110337433,0.15768672049835758,0.10289532293986638,0.5,-0.1330766924274812,0.33463407345254703,0.20149889221522338,0.742064131202176,0.17455836571352068,0.9584817508336226
2021-03-18 01:40:00,0.8284518828451883,-0.11553784860557781,-0.07848101265822804,-0.10765934654525966,0.15768672049835758,0.08507795100222718,0.5,-0.1330766924274812,0.33463407345254703,0.20149889221522338,0.742064131202176,0.17455836571352068,0.9475412284804683
2021-03-18 01:50:00,0.8284518828451883,-0.42629482071713154,-0.08622486969471344,-0.09944652740582038,0.15768672049835758,0.07806236080178174,0.5,-0.1330766924274812,0.33463407345254703,0.20149889221522338,0.742064131202176,0.17455836571352068,0.9366007061273142
2021-03-18 02:00:00,0.8514644351464435,-0.4103585657370519,-0.09069247952345505,-0.0930191037314766,0.15768672049835758,0.08173719376391982,0.5,-0.14744066735529682,0.3362662245299659,0.19923551373733017,0.718671901198956,0.1806025437586471,0.92566018377416
2021-03-18 02:10:00,0.7998605299860531,-0.4103585657370519,-0.0927773641102011,-0.09087662917336181,0.15768672049835758,0.06347438752783965,0.5,-0.14744066735529682,0.3362662245299659,0.19923551373733017,0.718671901198956,0.1806025437586471,0.9147197368619581
2021-03-18 02:20:00,0.7587168758716877,-0.3466135458167332,-0.09486224869694715,-0.08837707552222807,0.15768672049835758,0.0477728285077951,0.5,-0.14744066735529682,0.3362662245299659,0.19923551373733017,0.718671901198956,0.1806025437586471,0.9037792145088039
2021-03-18 02:30:00,0.6631799163179917,-0.26693227091633476,-0.09932985852568887,-0.08337796821996057,0.15768672049835758,0.008017817371937639,0.5,-0.14744066735529682,0.3362662245299659,0.19923551373733017,0.718671901198956,0.1806025437586471,0.8928386921556498
2021-03-18 02:40:00,0.7370990237099024,0.043824701195219085,-0.10528667163067773,-0.08337796821996057,0.14988679640365915,0.0410913140311804,0.5,-0.14744066735529682,0.3362662245299659,0.19923551373733017,0.718671901198956,0.1806025437586471,0.8818981698024956
2021-03-18 02:50:00,0.7315202231520224,0.3784860557768923,-0.10915860014892054,-0.09230494554543822,0.14775359568648494,0.04164810690423163,0.5,-0.14744066735529682,0.3362662245299659,0.19923551373733017,0.718671901198956,0.1806025437586471,0.8709577983312461
2021-03-18 03:00:00,0.7468619246861925,0.3784860557768923,-0.1157110945644082,-0.09837529012676305,0.14775359568648494,0.04933184855233853,0.5,-0.14705797400660325,0.3352863591824288,0.19678685982486716,0.7122087521360025,0.18643377884494466,0.860017275978092
2021-03-18 03:10:00,0.6743375174337517,0.09163346613545809,-0.12375279225614311,-0.10051776468487772,0.15503003494261297,0.016258351893095768,0.5,-0.14705797400660325,0.3352863591824288,0.19678685982486716,0.7122087521360025,0.18643377884494466,0.8490767536249378
2021-03-18 03:20:00,0.6785216178521618,-0.14741035856573714,-0.12941176470588256,-0.09373326191751463,0.15763437201450053,0.01202672605790646,0.5,-0.14705797400660325,0.3352863591824288,0.19678685982486716,0.7122087521360025,0.18643377884494466,0.8381363067127359
2021-03-18 03:30:00,0.6541143654114366,-0.13147410358565736,-0.131794489947878,-0.09051955008034285,0.15763437201450053,0.0071269487750556795,0.5,-0.14705797400660325,0.3352863591824288,0.19678685982486716,0.7122087521360025,0.18643377884494466,0.8271957843595817
2021-03-18 03:40:00,0.6562064156206415,-0.24302788844621515,-0.13626209977661963,-0.08873415461524714,0.1538783682977582,0.006124721603563475,0.5,-0.14705797400660325,0.3352863591824288,0.19678685982486716,0.7122087521360025,0.18643377884494466,0.8162552620064276
2021-03-18 03:50:00,0.6569037656903766,0.10756972111553775,-0.13834698436336568,-0.09551865738261023,0.14770124720262792,0.005345211581291759,0.5,-0.14705797400660325,0.3352863591824288,0.19678685982486716,0.7122087521360025,0.18643377884494466,0.8053147396532733
2021-03-18 04:00:00,0.7217573221757322,0.01195219123505975,-0.14162323157110956,-0.09944652740582038,0.14770124720262792,0.03374164810690423,0.5,-0.19795885763000287,0.3315076995577677,0.27904927958798603,0.7234112207868162,0.1850990728803938,0.7943742927410715
2021-03-18 04:10:00,0.7524407252440725,0.33864541832669315,-0.14519731943410286,-0.10480271380110695,0.14770124720262792,0.04732739420935412,0.5,-0.19795885763000287,0.3315076995577677,0.27904927958798603,0.7234112207868162,0.1850990728803938,0.7834337703879174
2021-03-18 04:20:00,0.7531380753138076,0.22709163346613526,-0.1472822040208489,-0.11087305838243178,0.14770124720262792,0.054788418708240534,0.5,-0.19795885763000287,0.3315076995577677,0.27904927958798603,0.7234112207868162,0.1850990728803938,0.7724932480347632
2021-03-18 04:30:00,0.7866108786610878,0.05976095617529875,-0.1472822040208489,-0.11265845384752715,0.14770124720262792,0.0633630289532294,0.5,-0.19795885763000287,0.3315076995577677,0.27904927958798603,0.7234112207868162,0.1850990728803938,0.761552725681609
2021-03-18 04:40:00,0.7552301255230126,0.20318725099601576,-0.1469843633655995,-0.11158721656846982,0.14770124720262792,0.0465478841870824,0.5,-0.19795885763000287,0.3315076995577677,0.27904927958798603,0.7234112207868162,0.1850990728803938,0.750612241048931
2021-03-18 04:50:00,0.7343096234309623,-0.1633466135458168,-0.15145197319434112,-0.11087305838243178,0.14770124720262792,0.03830734966592428,0.5,-0.19795885763000287,0.3315076995577677,0.27904927958798603,0.7234112207868162,0.1850990728803938,0.739671756416253
2021-03-18 05:00:00,0.7078103207810321,-0.20318725099601598,-0.15770662695457938,-0.10765934654525966,0.14770124720262792,0.029955456570155903,0.5,-0.21197269182445744,0.3191372587333007,0.34021414086538215,0.75378201647617,0.1793898646811414,0.7287312340630988
2021-03-18 05:10:00,0.7524407252440725,-0.3784860557768924,-0.16306775874906942,-0.10551687198714521,0.14770124720262792,0.0477728285077951,0.5,-0.21197269182445744,0.3191372587333007,0.34021414086538215,0.75378201647617,0.1793898646811414,0.7177907117099446
2021-03-18 05:20:00,0.7064156206415622,-0.23505976095617542,-0.16783320923306044,-0.10765934654525966,0.14770124720262792,0.02839643652561247,0.5,-0.21197269182445744,0.3191372587333007,0.34021414086538215,0.75378201647617,0.1793898646811414,0.7068502647977428
2021-03-18 05:30:00,0.7064156206415622,-0.33067729083665354,-0.1705137751303054,-0.10908766291733607,0.14770124720262792,0.030957683741648107,0.5,-0.21197269182445744,0.3191372587333007,0.34021414086538215,0.75378201647617,0.1793898646811414,0.6959097726209695
2021-03-18 05:40:00,0.8075313807531381,-0.08366533864541836,-0.16872673119880877,-0.11194429566148911,0.13975736477732265,0.07171492204899778,0.5,-0.21197269182445744,0.3191372587333007,0.34021414086538215,0.75378201647617,0.1793898646811414,0.6849692653560059
2021-03-18 05:50:00,0.9058577405857741,0.15537848605577675,-0.15562174236783333,-0.11337261203356541,0.13771577390689824,0.11102449888641426,0.5,-0.21197269182445744,0.3191372587333007,0.34021414086538215,0.75378201647617,0.1793898646811414,0.6740287731792326
2021-03-18 06:00:00,0.8165969316596933,0.4422310756972112,-0.14430379746835464,-0.11908587752187105,0.13771577390689824,0.14053452115812917,0.5,-0.27053604751881366,0.3307088650515656,0.562637870729994,0.7963011304412654,0.16717907906746718,0.6630882508260785
2021-03-18 06:10:00,0.8584379358437936,0.33864541832669315,-0.1472822040208489,-0.1151580074986609,0.13771577390689824,0.210467706013363,0.5,-0.27053604751881366,0.3307088650515656,0.562637870729994,0.7963011304412654,0.16717907906746718,0.2983689666098345
2021-03-18 06:20:00,0.8158995815899581,0.24302788844621515,-0.1505584512285929,-0.12015711480092839,0.13771577390689824,0.2236080178173719,0.5,-0.27053604751881366,0.3307088650515656,0.562637870729994,0.7963011304412654,0.16717907906746718,0.20294370596134406
2021-03-18 06:30:00,0.797768479776848,-0.601593625498008,-0.09605361131794499,-0.09444742010355289,0.13771577390689824,0.8316258351893097,0.5,-0.27053604751881366,0.3307088650515656,0.562637870729994,0.7963011304412654,0.16717907906746718,0.03265084418425698
2021-03-18 06:40:00,0.7559274755927475,-0.8167330677290838,-0.06448250186150428,-0.07587930726655945,0.13771577390689824,0.9996659242761693,0.5,-0.27053604751881366,0.3307088650515656,0.562637870729994,0.7963011304412654,0.16717907906746718,0.0
2021-03-18 06:50:00,0.798465829846583,-0.4183266932270917,-0.0615040953090098,-0.09551865738261023,0.13771577390689824,0.9996659242761693,0.5,-0.27053604751881366,0.3307088650515656,0.562637870729994,0.7963011304412654,0.16717907906746718,0.0
2021-03-18 07:00:00,0.809623430962343,0.2669322709163344,-0.0772896500372302,-0.11765756114979464,0.1380691261729332,0.8042316258351894,0.5,-0.2766838890903045,0.34428043114075235,0.6210923337438307,0.7997829274929975,0.15398879224439846,0.04991927818096776
2021-03-18 07:10:00,0.8458856345885635,-0.12350597609561753,-0.11213700670141491,-0.1183717193358329,0.1476096373558781,0.36993318485523385,0.5,-0.2766838890903045,0.34428043114075235,0.6210923337438307,0.7997829274929975,0.15398879224439846,0.17917226187063387
2021-03-18 07:20:00,0.8521617852161786,-0.06861443116423205,-0.11124348473566659,-0.13943938582395987,0.1476096373558781,0.9995545657015591,0.5,-0.2766838890903045,0.34428043114075235,0.6210923337438307,0.7997829274929975,0.15398879224439846,0.0
2021-03-18 07:30:00,0.8249651324965133,-0.013722886232846565,-0.09009679821295624,-0.13301196214961608,0.1476096373558781,0.9995545657015591,0.5,-0.2766838890903045,0.34428043114075235,0.6210923337438307,0.7997829274929975,0.15398879224439846,0.0
2021-03-18 07:40:00,0.798465829846583,0.04116865869853914,-0.09932985852568887,-0.14622388859132307,0.1476096373558781,0.9995545657015591,0.5,-0.2766838890903045,0.34428043114075235,0.6210923337438307,0.7997829274929975,0.15398879224439846,0.0
2021-03-18 07:50:00,0.8256624825662483,0.09606020362992451,-0.12017870439314982,-0.1647920014283163,0.1476096373558781,0.9995545657015591,0.5,-0.2766838890903045,0.34428043114075235,0.6210923337438307,0.7997829274929975,0.15398879224439846,0.0
2021-03-18 08:00:00,0.8688981868898188,0.1509517485613101,-0.12494415487714083,-0.1758614533119086,0.1476096373558781,0.9995545657015591,0.5,-0.2855188890219307,0.3657886191944426,0.6154243764898282,0.7685356251974809,0.15199596586916295,0.0
2021-03-18 08:10:00,0.8765690376569037,0.2058432934926957,-0.12613551749813867,-0.18336011426530985,0.1476096373558781,0.9995545657015591,0.5,-0.2855188890219307,0.3657886191944426,0.6154243764898282,0.7685356251974809,0.15199596586916295,0.0
2021-03-18 08:20:00,0.8430962343096234,0.2607348384240813,-0.11839166046165317,-0.1905016961256918,0.1476096373558781,0.9995545657015591,0.5,-0.2855188890219307,0.3657886191944426,0.6154243764898282,0.7685356251974809,0.15199596586916295,0.0
2021-03-18 08:30:00,0.8242677824267782,0.3156263833554669,-0.10945644080416994,-0.19407248705588287,0.1458167017837746,0.9987750556792873,0.5,-0.2855188890219307,0.3657886191944426,0.6154243764898282,0.7685356251974809,0.15199596586916295,0.0
2021-03-18 08:40:00,0.8138075313807531,0.3705179282868525,-0.10886075949367102,-0.19550080342795917,0.12712829304681264,0.9466592427616928,0.5,-0.2855188890219307,0.3657886191944426,0.6154243764898282,0.7685356251974809,0.15199596586916295,0.0
2021-03-18 08:50:00,0.7775453277545328,0.4262948207171313,-0.11064780342516767,-0.19550080342795917,0.12712829304681264,0.9995545657015591,0.5,-0.2855188890219307,0.3657886191944426,0.6154243764898282,0.7685356251974809,0.15199596586916295,0.0
2021-03-18 09:00:00,0.802649930264993,0.49003984063745,-0.11064780342516767,-0.19550080342795917,0.12712829304681264,0.9995545657015591,0.5,-0.2770258916698325,0.38634567695477323,0.5492913182924174,0.7175423784620033,0.157805842054362,0.0
2021-03-18 09:10:00,0.8005578800557881,0.38645418326693215,-0.11213700670141491,-0.19907159435815036,0.12712829304681264,0.9995545657015591,0.5,-0.2770258916698325,0.38634567695477323,0.5492913182924174,0.7175423784620033,0.157805842054362,0.0
2021-03-18 09:20:00,0.8242677824267782,0.21912350597609564,-0.10915860014892054,-0.20264238528834144,0.12712829304681264,0.9995545657015591,0.5,-0.2770258916698325,0.38634567695477323,0.5492913182924174,0.7175423784620033,0.157805842054362,0.0
2021-03-18 09:30:00,0.8131101813110182,0.20318725099601576,-0.10320178704393157,-0.20407070166041774,0.12712829304681264,0.9995545657015591,0.5,-0.2770258916698325,0.38634567695477323,0.5492913182924174,0.7175423784620033,0.157805842054362,0.0
2021-03-18 09:40:00,0.8131101813110182,0.31474103585657365,-0.10498883097542833,-0.2062131762185324,0.12712829304681264,0.9995545657015591,0.5,-0.2770258916698325,0.38634567695477323,0.5492913182924174,0.7175423784620033,0.157805842054362,0.0
2021-03-18 09:50:00,0.8347280334728034,0.1872509960159361,-0.09962769918093839,-0.2062131762185324,0.12712829304681264,0.9995545657015591,0.5,-0.2770258916698325,0.38634567695477323,0.5492913182924174,0.7175423784620033,0.157805842054362,0.0
2021-03-18 10:00:00,0.7559274755927475,0.2111553784860556,-0.09605361131794499,-0.2062131762185324,0.12712829304681264,0.9995545657015591,0.5,-0.15873479057428352,0.3993310479386909,0.40536705270154033,0.8464202211813856,0.16313524272085456,0.0
2021-03-18 10:10:00,0.7629009762900976,0.40239043824701204,-0.09873417721518996,-0.2062131762185324,0.12712829304681264,0.9995545657015591,0.5,-0.15873479057428352,0.3993310479386909,0.40536705270154033,0.8464202211813856,0.16313524272085456,0.0
2021-03-18 10:20:00,0.7698744769874476,0.7450199203187249,-0.09962769918093839,-0.2062131762185324,0.12712829304681264,0.9995545657015591,0.5,-0.15873479057428352,0.3993310479386909,0.40536705270154033,0.8464202211813856,0.16313524272085456,0.0
2021-03-18 10:30:00,0.7866108786610878,0.6826029216467462,-0.09694713328369331,-0.20264238528834144,0.12712829304681264,0.9995545657015591,0.5,-0.15873479057428352,0.3993310479386909,0.40536705270154033,0.8464202211813856,0.16313524272085456,0.0
2021-03-18 10:40:00,0.7475592747559275,0.6201859229747675,-0.09724497393894282,-0.20049991073022666,0.12712829304681264,0.9995545657015591,0.5,-0.15873479057428352,0.3993310479386909,0.40536705270154033,0.8464202211813856,0.16313524272085456,0.0
2021-03-18 10:50:00,0.7552301255230126,0.5577689243027888,-0.09307520476545061,-0.19550080342795917,0.12712829304681264,0.9995545657015591,0.5,-0.15873479057428352,0.3993310479386909,0.40536705270154033,0.8464202211813856,0.16313524272085456,0.0
2021-03-18 11:00:00,0.799163179916318,0.4953519256308099,-0.08741623231571116,-0.19550080342795917,0.12712829304681264,0.9995545657015591,0.5,-0.1271894051910082,0.40179076857649354,0.34301343582958055,0.9153536008094805,0.18003387642421775,0.0
2021-03-18 11:10:00,0.7412831241283124,0.4329349269588314,-0.08205510052122122,-0.19550080342795917,0.12712829304681264,0.9995545657015591,0.5,-0.1271894051910082,0.40179076857649354,0.34301343582958055,0.9153536008094805,0.18003387642421775,0.0
2021-03-18 11:20:00,0.7210599721059973,0.3705179282868525,-0.07490692479523464,-0.18943045884663456,0.14068655036578503,0.5468819599109132,0.5,-0.1271894051910082,0.40179076857649354,0.34301343582958055,0.9153536008094805,0.18003387642421775,0.16170013730253333
2021-03-18 11:30:00,0.7154811715481172,0.19521912350597592,-0.061206254653760395,-0.15265131226566697,0.1576998076193218,0.06648106904231625,0.5,-0.1271894051910082,0.40179076857649354,0.34301343582958055,0.9153536008094805,0.18003387642421775,0.8588801545030705
2021-03-18 11:40:00,0.8765690376569037,-0.03585657370517936,-0.04274013402829491,-0.12122835207998572,0.17256677703472015,0.08964365256124723,0.5,-0.1271894051910082,0.40179076857649354,0.34301343582958055,0.9153536008094805,0.18003387642421775,0.8643413250448875
2021-03-18 11:50:00,0.9490934449093444,-0.45019920318725104,-0.0653760238272525,-0.12158543117300469,0.1770294852835325,0.10189309576837417,0.5,-0.1271894051910082,0.40179076857649354,0.34301343582958055,0.9153536008094805,0.18003387642421775,0.8698024955867044
2021-03-18 12:00:00,0.8800557880055787,0.10756972111553775,-0.0734177215189874,-0.12872701303338696,0.1663765688186256,0.08997772828507795,0.5,-0.11550441711640536,0.39108983439988476,0.3116036064414981,0.9137072691644854,0.21601598885555418,0.8752636661285211
2021-03-18 12:10:00,0.8326359832635983,0.06772908366533859,-0.07222635889798967,-0.12694161756829125,0.16314404994045362,0.08630289532293987,0.5,-0.11550441711640536,0.39108983439988476,0.3116036064414981,0.9137072691644854,0.21601598885555418,0.8807248366703381
2021-03-18 12:20:00,0.7705718270571827,0.08366533864541825,-0.06984363365599422,-0.1180146402428136,0.1688762089227991,0.046213808463251675,0.5,-0.11550441711640536,0.39108983439988476,0.3116036064414981,0.9137072691644854,0.21601598885555418,0.886186007212155
2021-03-18 12:30:00,0.8382147838214784,0.2749003984063745,-0.06626954579300093,-0.10980182110337433,0.17073458009972386,0.08307349665924277,0.5,-0.11550441711640536,0.39108983439988476,0.3116036064414981,0.9137072691644854,0.21601598885555418,0.891647177753972
2021-03-18 12:40:00,0.8068340306834031,0.06772908366533859,-0.0618019359642592,-0.09944652740582038,0.17367918231668217,0.06002227171492205,0.5,-0.11550441711640536,0.39108983439988476,0.3116036064414981,0.9137072691644854,0.21601598885555418,0.8971083482957889
2021-03-18 12:50:00,0.810320781032078,0.043824701195219085,-0.060610573343261476,-0.09051955008034285,0.1769378754367827,0.06670378619153676,0.5,-0.11550441711640536,0.39108983439988476,0.3116036064414981,0.9137072691644854,0.21601598885555418,0.9025695188376058
2021-03-18 13:00:00,0.7447698744769874,0.01195219123505975,-0.05614296351451986,-0.07945009819675053,0.1728677808168981,0.037750556792873056,0.5,-0.006137902350825897,0.380845787584732,0.22111323271139885,0.8762743345340482,0.23584289661114996,0.9080306893794228
2021-03-18 13:10:00,0.7907949790794979,-0.05179282868525903,-0.05197319434102765,-0.07016604177825392,0.1790710761539569,0.059576837416481065,0.5,-0.006137902350825897,0.380845787584732,0.22111323271139885,0.8762743345340482,0.23584289661114996,0.9134918599212396
2021-03-18 13:20:00,0.7475592747559275,0.10756972111553775,-0.04780342516753544,-0.06195322263881431,0.17531507243721453,0.04543429844097996,0.5,-0.006137902350825897,0.380845787584732,0.22111323271139885,0.8762743345340482,0.23584289661114996,0.9189530304630565
2021-03-18 13:30:00,0.7147838214783822,-0.21912350597609564,-0.04512285927029036,-0.05338332440635607,0.17197785659132847,0.0289532293986637,0.5,-0.006137902350825897,0.380845787584732,0.22111323271139885,0.8762743345340482,0.23584289661114996,0.9244142010048735
2021-03-18 13:40:00,0.7454672245467224,-0.02788844621513953,-0.04303797468354453,-0.0480271380110695,0.17141511038986534,0.042316258351893093,0.5,-0.006137902350825897,0.380845787584732,0.22111323271139885,0.8762743345340482,0.23584289661114996,0.9298753715466904
2021-03-18 13:50:00,0.7733612273361228,-0.003984063745020028,-0.039761727475800646,-0.041956793429744677,0.1678815877295154,0.04755011135857461,0.5,-0.006137902350825897,0.380845787584732,0.22111323271139885,0.8762743345340482,0.23584289661114996,0.9353365420885074
2021-03-18 14:00:00,0.7496513249651325,0.1394422310756971,-0.037081161578555566,-0.04088555615068734,0.16667757260080357,0.044432071269487755,0.5,-0.004672167480537781,0.37382006683773633,0.2225310146131719,0.8282198033461027,0.2370113948909302,0.9407977126303243
2021-03-18 14:10:00,0.7482566248256626,-0.019920318725099695,-0.03261355174981406,-0.030530262453133394,0.17352213686511103,0.045211581291759464,0.5,-0.004672167480537781,0.37382006683773633,0.2225310146131719,0.8282198033461027,0.2370113948909302,0.9462588831721412
2021-03-18 14:20:00,0.7175732217573221,-0.06772908366533881,-0.027252419955324125,-0.028387787895018723,0.16224103859391975,0.03296213808463252,0.5,-0.004672167480537781,0.37382006683773633,0.2225310146131719,0.8282198033461027,0.2370113948909302,0.9517200537139581
2021-03-18 14:30:00,0.7461645746164575,0.027888446215139417,-0.02546537602382737,-0.021246206034636783,0.15771289474028607,0.039198218262806235,0.5,-0.004672167480537781,0.37382006683773633,0.2225310146131719,0.8282198033461027,0.2370113948909302,0.957181224255775
2021-03-18 14:40:00,0.7259414225941423,0.13147410358565725,-0.02338049143708132,-0.019460810569541076,0.1624111711664551,0.03608017817371938,0.5,-0.004672167480537781,0.37382006683773633,0.2225310146131719,0.8282198033461027,0.2370113948909302,0.962642394797592
2021-03-18 14:50:00,0.6492329149232915,0.027888446215139417,-0.017423678332092574,-0.01053383324406354,0.16979230739029721,0.00957683741648107,0.5,-0.004672167480537781,0.37382006683773633,0.2225310146131719,0.8282198033461027,0.2370113948909302,0.9681035653394089
2021-03-18 15:00:00,0.6220362622036262,-0.13147410358565736,-0.017423678332092574,-0.002321014104624264,0.17460836790514456,0.00913140311804009,0.5,-0.006618320251695842,0.369133379500988,0.22813886197259117,0.7721753652137274,0.22713913274288078,0.8687704633583294
2021-03-18 15:10:00,0.590655509065551,-0.1394422310756973,-0.01593447505584522,0.005891805034815345,0.1896192956511497,0.0027839643652561247,0.5,-0.006618320251695842,0.369133379500988,0.22813886197259117,0.7721753652137274,0.22713913274288078,0.8481147306003591
2021-03-18 15:20:00,0.603905160390516,-0.21115537848605592,-0.015636634400595817,0.008034279592929794,0.18581094345055033,0.003006681514476615,0.5,-0.006618320251695842,0.369133379500988,0.22813886197259117,0.7721753652137274,0.22713913274288078,0.8292846688896601
2021-03-18 15:30:00,0.602510460251046,0.03585657370517925,-0.014147431124348686,0.002321014104624153,0.18208111397573648,0.00033407572383073496,0.5,-0.006618320251695842,0.369133379500988,0.22813886197259117,0.7721753652137274,0.22713913274288078,0.869200476786819
2021-03-18 15:40:00,0.5801952580195259,-0.21912350597609564,-0.012062546537602414,0.0008926977325478536,0.18590255329730013,0.0006681514476614699,0.5,-0.006618320251695842,0.369133379500988,0.22813886197259117,0.7721753652137274,0.22713913274288078,0.8070144997510449
2021-03-18 15:50:00,0.5411436541143654,-0.17928286852589637,-0.00967982129560696,0.0016068559185860032,0.18798340553061735,0.00011135857461024499,0.5,-0.006618320251695842,0.369133379500988,0.22813886197259117,0.7721753652137274,0.22713913274288078,0.6913861520587836
2021-03-18 16:00:00,0.5230125523012552,0.003984063745019917,-0.005807892777364376,0.010533833244063429,0.19031291306225545,0.00011135857461024499,0.5,-0.007709466574034041,0.37295226820150085,0.22405532037876336,0.7068957388586047,0.20211164573141968,0.6056625978846357
2021-03-18 16:10:00,0.5251046025104603,0.043824701195219085,-0.006701414743112699,0.005534725941795937,0.18834984491761658,0.00022271714922048998,0.5,-0.007709466574034041,0.37295226820150085,0.22405532037876336,0.7068957388586047,0.20211164573141968,0.6648309368257465
2021-03-18 16:20:00,0.48884239888423986,-0.059760956175298974,-0.004914370811615942,0.0008926977325478536,0.19091492062661133,0.00022271714922048998,0.5,-0.007709466574034041,0.37295226820150085,0.22405532037876336,0.7068957388586047,0.20211164573141968,0.5871342999834029
2021-03-18 16:30:00,0.4630404463040446,0.07569721115537842,-0.0031273268801192966,0.0005356186395288898,0.1816361518629517,0.00011135857461024499,0.5,-0.007709466574034041,0.37295226820150085,0.22405532037876336,0.7068957388586047,0.20211164573141968,0.4977518596194758
2021-03-18 16:40:00,0.45188284518828453,0.027888446215139417,-0.0037230081906179935,-0.0016068559185858922,0.19005117064297025,0.00033407572383073496,0.5,-0.007709466574034041,0.37295226820150085,0.22405532037876336,0.7068957388586047,0.20211164573141968,0.4856058662884561
2021-03-18 16:50:00,0.4490934449093445,-0.059760956175298974,-0.0037230081906179935,-0.008748437778968055,0.19387260996453393,0.00011135857461024499,0.5,-0.007709466574034041,0.37295226820150085,0.22405532037876336,0.7068957388586047,0.20211164573141968,0.4333479185841242
2021-03-18 17:00:00,0.396792189679219,-0.059760956175298974,-0.004318689501117023,-0.005534725941796048,0.18844145476436638,0.00011135857461024499,0.5,-0.010184899522150404,0.395989161137562,0.2322426938261939,0.6360050056126917,0.17569500070094712,0.3513134269807022
2021-03-18 17:10:00,0.42398884239888424,0.13147410358565725,-0.007892777364110204,-0.01624709873236929,0.20838622711389723,0.00011135857461024499,0.5,-0.010184899522150404,0.395989161137562,0.2322426938261939,0.6360050056126917,0.17569500070094712,0.4025981863995051
2021-03-18 17:20:00,0.41283124128312415,-0.019920318725099695,-0.00967982129560696,-0.030530262453133394,0.21406603761238563,0.00011135857461024499,0.5,-0.010184899522150404,0.395989161137562,0.2322426938261939,0.6360050056126917,0.17569500070094712,0.3841302412601657
2021-03-18 17:30:00,0.33891213389121344,-0.19521912350597614,-0.00967982129560696,-0.037671844313515335,0.20635772336443706,0.00011135857461024499,0.5,-0.010184899522150404,0.395989161137562,0.2322426938261939,0.6360050056126917,0.17569500070094712,0.2525234998566622
2021-03-18 17:40:00,0.3089260808926081,-0.50597609561753,0.0010424422933730249,-0.02660239242992324,0.19540380311735223,0.00011135857461024499,0.5,-0.010184899522150404,0.395989161137562,0.2322426938261939,0.6360050056126917,0.17569500070094712,0.1824388551081069
2021-03-18 17:50:00,0.29776847977684795,-0.20318725099601598,-0.00551005212211475,-0.025531155150865903,0.14699454267055792,0.00011135857461024499,0.5,-0.010184899522150404,0.395989161137562,0.2322426938261939,0.6360050056126917,0.17569500070094712,0.16735820873002702
2021-03-18 18:00:00,0.3200836820083682,-0.2509960159362551,-0.01593447505584522,-0.04838421710408858,0.12517831202313803,0.00011135857461024499,0.5,-0.09517177341378547,0.46881528245121457,0.26252489202728485,0.4821820470654278,0.14450593060054773,0.20184226805679195
2021-03-18 18:10:00,0.2615062761506276,-0.3705179282868527,-0.025167535368577965,-0.06480985538296735,0.11936763031500701,0.00011135857461024499,0.5,-0.09517177341378547,0.46881528245121457,0.26252489202728485,0.4821820470654278,0.14450593060054773,0.12743485673763144
2021-03-18 18:20:00,0.20362622036262204,0.20318725099601576,-0.027550260610573418,-0.07195143724334929,0.12207666435460864,0.00011135857461024499,0.5,-0.09517177341378547,0.46881528245121457,0.26252489202728485,0.4821820470654278,0.14450593060054773,0.08637989045973717
2021-03-18 18:30:00,0.23709902370990238,0.5139442231075697,-0.030826507818317306,-0.08230673094090324,0.1274947324338119,0.00011135857461024499,0.5,-0.09517177341378547,0.46881528245121457,0.26252489202728485,0.4821820470654278,0.14450593060054773,0.10942710140772818
2021-03-18 18:40:00,0.23570432357043236,-0.3067729083665339,-0.034996276991809516,-0.09266202463845752,0.13272958081951552,0.00011135857461024499,0.5,-0.09517177341378547,0.46881528245121457,0.26252489202728485,0.4821820470654278,0.14450593060054773,0.10601717036075864
2021-03-18 18:50:00,0.2789400278940028,-0.5936254980079682,-0.03827252419955329,-0.09944652740582038,0.11319050921987672,0.00011135857461024499,0.5,-0.09517177341378547,0.46881528245121457,0.26252489202728485,0.4821820470654278,0.14450593060054773,0.15135718273307483
2021-03-18 19:00:00,0.24337517433751746,0.019920318725099362,-0.04422933730454226,-0.10658810926620232,0.10113727081179412,0.00011135857461024499,0.5,-0.10639258654209516,0.519713683920152,0.2708687541032295,0.37655680806741315,0.11239419631969118,0.12393439654782203
2021-03-18 19:10:00,0.3068340306834031,0.003984063745019917,-0.04929262844378268,-0.11337261203356541,0.1117247516718797,0.00011135857461024499,0.5,-0.10639258654209516,0.519713683920152,0.2708687541032295,0.37655680806741315,0.11239419631969118,0.17597356549029075
2021-03-18 19:20:00,0.2789400278940028,-0.17928286852589637,-0.05554728220402094,-0.1183717193358329,0.11319050921987672,0.00011135857461024499,0.5,-0.10639258654209516,0.519713683920152,0.2708687541032295,0.37655680806741315,0.11239419631969118,0.14182144635393878
2021-03-18 19:30:00,0.25174337517433754,0.08366533864541825,-0.06090841399851088,-0.1247991430101768,0.10740600175367422,0.00011135857461024499,0.5,-0.10639258654209516,0.519713683920152,0.2708687541032295,0.37655680806741315,0.11239419631969118,0.12883051435641324
2021-03-18 19:40:00,0.21687587168758715,0.21912350597609564,-0.0653760238272525,-0.13194072487055875,0.11315124785698395,0.00011135857461024499,0.5,-0.10639258654209516,0.519713683920152,0.2708687541032295,0.37655680806741315,0.11239419631969118,0.09335817855364606
2021-03-18 19:50:00,0.22663877266387727,0.08366533864541825,-0.07103499627699195,-0.13551151580074983,0.11315124785698395,0.00011135857461024499,0.5,-0.10639258654209516,0.519713683920152,0.2708687541032295,0.37655680806741315,0.11239419631969118,0.10386710321831104
2021-03-18 20:00:00,0.21408647140864714,0.20318725099601576,-0.07758749069247961,-0.14015354400999824,0.11315124785698395,0.00011135857461024499,0.5,-0.12217343406411063,0.5489918306240975,0.2811237050217252,0.44350310789180986,0.06654413597935063,0.0894654254115304
2021-03-18 20:10:00,0.16248256624825663,0.043824701195219085,-0.0808637379002235,-0.1487234422424566,0.11315124785698395,0.00011135857461024499,0.5,-0.12217343406411063,0.5489918306240975,0.2811237050217252,0.44350310789180986,0.06654413597935063,0.053185871418440785
2021-03-18 20:20:00,0.12343096234309624,0.5059760956175297,-0.0847356664184663,-0.1455097304052847,0.12294041433824972,0.00011135857461024499,0.5,-0.12217343406411063,0.5489918306240975,0.2811237050217252,0.44350310789180986,0.06654413597935063,0.025491497804668285
2021-03-18 20:30:00,0.11157601115760113,-0.45019920318725104,-0.08950111690245721,-0.14051062310301732,0.14440329271963462,0.00011135857461024499,0.5,-0.12217343406411063,0.5489918306240975,0.2811237050217252,0.44350310789180986,0.06654413597935063,0.006427569141632844
2021-03-18 20:40:00,0.09553695955369597,-0.36254980079681276,-0.059121370067014345,-0.0880199964292091,0.12427530067660417,0.00044543429844097997,0.5,-0.12217343406411063,0.5489918306240975,0.2811237050217252,0.44350310789180986,0.06654413597935063,0.0
2021-03-18 20:50:00,0.0794979079497908,-0.04116865869853925,-0.04274013402829491,-0.05159792894126036,0.11319050921987672,0.8449888641425389,0.5,-0.12217343406411063,0.5489918306240975,0.2811237050217252,0.44350310789180986,0.06654413597935063,0.0
2021-03-18 21:00:00,0.11715481171548117,0.28021248339973437,-0.0424422933730455,-0.05052669166220303,0.11319050921987672,0.9993318485523385,0.5,-0.1570085013689776,0.5693391224889157,0.29356645320045244,0.5880710969223164,0.06592465754590388,0.0
2021-03-18 21:10:00,0.10529986052998605,0.6015936254980081,-0.04482501861504107,-0.058025352615604264,0.11319050921987672,0.9993318485523385,0.5,-0.1570085013689776,0.5693391224889157,0.29356645320045244,0.5880710969223164,0.06592465754590388,0.0
2021-03-18 21:20:00,0.07322175732217574,0.42895086321381126,-0.055845122859270346,-0.06838064631315821,0.11319050921987672,0.9993318485523385,0.5,-0.1570085013689776,0.5693391224889157,0.29356645320045244,0.5880710969223164,0.06592465754590388,0.0
2021-03-18 21:30:00,0.18967921896792192,0.25630810092961465,-0.05941921072226375,-0.07909301910373145,0.10922511156770623,0.9993318485523385,0.5,-0.1570085013689776,0.5693391224889157,0.29356645320045244,0.5880710969223164,0.06592465754590388,0.0
2021-03-18 21:40:00,0.3075313807531381,0.08366533864541825,-0.06209977661950872,-0.08230673094090324,0.054821949719281275,0.1121380846325167,0.5,-0.1570085013689776,0.5693391224889157,0.29356645320045244,0.5880710969223164,0.06592465754590388,0.18720672329767493
2021-03-18 21:50:00,0.1799163179916318,0.2111553784860556,-0.05405807892777381,-0.06088198535975731,0.05975579432280694,0.00011135857461024499,0.5,-0.1570085013689776,0.5693391224889157,0.29356645320045244,0.5880710969223164,0.06592465754590388,0.10102297931409086
2021-03-18 22:00:00,0.16736401673640167,-0.019920318725099695,-0.04899478778853328,-0.0448134261738975,0.07539490387509654,0.00011135857461024499,0.5,-0.25105837691192423,0.5921260204536127,0.3576384014471013,0.6289981693112152,0.06956406774345525,0.07922808817538513
2021-03-18 22:10:00,0.16945606694560672,-0.019920318725099695,-0.04065524944154886,-0.027316550615961277,0.07539490387509654,0.00011135857461024499,0.5,-0.25105837691192423,0.5921260204536127,0.3576384014471013,0.6289981693112152,0.06956406774345525,0.07301175370037871
2021-03-18 22:20:00,0.2294281729428173,0.4262948207171313,-0.06418466120625477,-0.034101053383324476,0.07539490387509654,0.00011135857461024499,0.5,-0.25105837691192423,0.5921260204536127,0.3576384014471013,0.6289981693112152,0.06956406774345525,0.10229038731384946
2021-03-18 22:30:00,0.24616457461645744,0.09960159362549792,-0.12315711094564419,-0.1151580074986609,0.08493541505804139,0.00011135857461024499,0.5,-0.25105837691192423,0.5921260204536127,0.3576384014471013,0.6289981693112152,0.06956406774345525,0.11697119664438645
2021-03-18 22:40:00,0.2496513249651325,-0.3466135458167332,-0.1395383469843634,-0.15265131226566697,0.08920181649238985,0.00011135857461024499,0.5,-0.25105837691192423,0.5921260204536127,0.3576384014471013,0.6289981693112152,0.06956406774345525,0.12588831721411653
2021-03-18 22:50:00,0.18758716875871687,-0.4183266932270917,-0.14936708860759507,-0.16979110873058378,0.08816793393621337,0.00011135857461024499,0.5,-0.25105837691192423,0.5921260204536127,0.3576384014471013,0.6289981693112152,0.06956406774345525,0.07223471189100292
2021-03-18 23:00:00,0.09623430962343095,-0.4900398406374503,-0.16008935219657494,-0.18050348152115692,0.07273821831935194,0.00011135857461024499,0.5,-0.2907058614385921,0.6148525748045299,0.3801227991884404,0.5724779313885445,0.06248979524148275,0.01231950752146295
2021-03-18 23:10:00,0.09553695955369597,0.1872509960159361,-0.1627699180938199,-0.17943224424209958,0.07273821831935194,0.00011135857461024499,0.5,-0.2907058614385921,0.6148525748045299,0.3801227991884404,0.5724779313885445,0.06248979524148275,0.0036513420945426013
2021-03-18 23:20:00,0.09623430962343095,0.15537848605577675,-0.1663440059568132,-0.18121763970719518,0.08823336954103467,0.00011135857461024499,0.5,-0.2907058614385921,0.6148525748045299,0.3801227991884404,0.5724779313885445,0.06248979524148275,0.005763688760806916
2021-03-18 23:30:00,0.05718270571827057,-0.3227091633466136,-0.16515264333581536,-0.1837171933583288,0.08920181649238985,0.46692650334075725,0.5,-0.2907058614385921,0.6148525748045299,0.3801227991884404,0.5724779313885445,0.06248979524148275,0.0
2021-03-18 23:40:00,0.03556485355648536,-0.39309428950863223,-0.14847356664184674,-0.16907695054454563,0.08920181649238985,0.9989977728285078,0.5,-0.2907058614385921,0.6148525748045299,0.3801227991884404,0.5724779313885445,0.06248979524148275,0.0
2021-03-18 23:50:00,0.02510460251046025,-0.46347941567065076,-0.13715562174236795,-0.142653097661132,0.08920181649238985,0.9989977728285078,0.5,-0.2907058614385921,0.6148525748045299,0.3801227991884404,0.5724779313885445,0.06248979524148275,0.0
2021-03-19 00:00:00,0.028591352859135284,-0.5338645418326694,-0.13000744601638126,-0.1347973576147118,0.08920181649238985,0.9989977728285078,0.5,-0.2862110323348197,0.6107492090676342,0.41662814687662525,0.46885347806338673,0.05031206554633663,0.0
2021-03-19 00:10:00,0.06415620641562064,-0.6042496679946879,-0.12702903946388688,-0.13515443670773075,0.08920181649238985,0.9989977728285078,0.5,-0.2862110323348197,0.6107492090676342,0.41662814687662525,0.46885347806338673,0.05031206554633663,0.0
2021-03-19 00:20:00,0.16108786610878661,-0.6746347941567065,-0.12137006701414754,-0.14336725584717003,0.08920181649238985,0.9989977728285078,0.5,-0.2862110323348197,0.6107492090676342,0.41662814687662525,0.46885347806338673,0.05031206554633663,0.0
2021-03-19 00:30:00,0.2873082287308229,-0.7450199203187251,-0.11898734177215198,-0.14765220496339948,0.036526154611247086,0.4053452115812918,0.5,-0.2862110323348197,0.6107492090676342,0.41662814687662525,0.46885347806338673,0.05031206554633663,0.07199330084342985
2021-03-19 00:40:00,0.30404463040446306,-0.13147410358565736,-0.1079672375279227,-0.12444206391715751,0.03835835154624334,0.00011135857461024499,0.5,-0.2862110323348197,0.6107492090676342,0.41662814687662525,0.46885347806338673,0.05031206554633663,0.1898622448209786
2021-03-19 00:50:00,0.3326359832635983,-0.3466135458167332,-0.1082650781831721,-0.11123013747545074,0.03835835154624334,0.00011135857461024499,0.5,-0.2862110323348197,0.6107492090676342,0.41662814687662525,0.46885347806338673,0.05031206554633663,0.264382817568689
2021-03-19 01:00:00,0.3577405857740586,-0.06772908366533881,-0.1583023082650783,-0.14658096768434214,0.03835835154624334,0.00011135857461024499,0.5,-0.3032702704235143,0.6267862428054607,0.42780135886405996,0.31330220579887735,0.008091888287747715,0.34011798964950135
2021-03-19 01:10:00,0.4679218967921897,-0.01195219123505975,-0.19255398361876408,-0.1822888769862525,0.03835835154624334,0.00011135857461024499,0.5,-0.3032702704235143,0.6267862428054607,0.42780135886405996,0.31330220579887735,0.008091888287747715,0.5347556467552846
2021-03-19 01:20:00,0.41283124128312415,-0.3545816733067729,-0.20416976917349228,-0.19121585431173005,0.03835835154624334,0.00011135857461024499,0.5,-0.3032702704235143,0.6267862428054607,0.42780135886405996,0.31330220579887735,0.008091888287747715,0.37822321468986225
2021-03-19 01:30:00,0.44002789400278935,-0.21912350597609564,-0.20982874162323173,-0.1933583288698446,0.03835835154624334,0.00011135857461024499,0.5,-0.3032702704235143,0.6267862428054607,0.42780135886405996,0.31330220579887735,0.008091888287747715,0.4546750758181572
2021-03-19 01:40:00,0.4288702928870293,-0.33864541832669326,-0.2125093075204767,-0.19550080342795917,0.03835835154624334,0.00011135857461024499,0.5,-0.3032702704235143,0.6267862428054607,0.42780135886405996,0.31330220579887735,0.008091888287747715,0.42716176049006443
2021-03-19 01:50:00,0.39051603905160387,-0.21115537848605592,-0.21578555472822047,-0.19550080342795917,0.03835835154624334,0.00011135857461024499,0.5,-0.3032702704235143,0.6267862428054607,0.42780135886405996,0.31330220579887735,0.008091888287747715,0.3360517223169425
2021-03-19 02:00:00,0.3103207810320781,-0.298804780876494,-0.2205510052122116,-0.20407070166041774,0.03057151457250921,0.00011135857461024499,0.5,-0.28855615476233765,0.6346826356941125,0.4648428766667973,0.23391387887858023,0.8529536325441358,0.19606349110551172
2021-03-19 02:10:00,0.14086471408647142,-0.6892430278884463,-0.22352941176470598,-0.21871094447420092,0.030637041787177244,0.00623608017817372,0.5,-0.28855615476233765,0.6346826356941125,0.4648428766667973,0.23391387887858023,0.8529536325441358,0.009309413522036302
2021-03-19 02:20:00,0.16596931659693165,0.24302788844621515,-0.22352941176470598,-0.23263702910194595,0.03070257554540578,0.18719376391982182,0.5,-0.28855615476233765,0.6346826356941125,0.4648428766667973,0.23391387887858023,0.8529536325441358,0.0
2021-03-19 02:30:00,0.198744769874477,-0.33067729083665354,-0.2282948622486971,-0.26441706838064627,0.030768114538482688,0.2850779510022272,0.5,-0.28855615476233765,0.6346826356941125,0.4648428766667973,0.23391387887858023,0.8529536325441358,0.0
2021-03-19 02:40:00,0.3235704323570432,0.2828685258964143,-0.23514519731943417,-0.26655954293876094,0.03083364437057493,0.0033407572383073497,0.5,-0.28855615476233765,0.6346826356941125,0.4648428766667973,0.23391387887858023,0.8529536325441358,0.18293676539372633
2021-03-19 02:50:00,0.3458856345885635,0.22709163346613526,-0.24229337304542087,-0.25691840742724503,0.030899176820091353,0.00011135857461024499,0.5,-0.28855615476233765,0.6346826356941125,0.4648428766667973,0.23391387887858023,0.8529536325441358,0.21914842252968603
2021-03-19 03:00:00,0.3507670850767085,0.2350597609561753,-0.24854802680565913,-0.2558471701481878,0.030964704034759403,0.00011135857461024499,0.5,-0.27020218309311883,0.6493059047662861,0.49083723572095167,0.31668073870975766,0.7417880840440253,0.2273563981471702
2021-03-19 03:10:00,0.3117154811715481,-0.21912350597609564,-0.2548026805658973,-0.25798964470630237,0.031030244336548406,0.00011135857461024499,0.5,-0.27020218309311883,0.6493059047662861,0.49083723572095167,0.31668073870975766,0.7417880840440253,0.17593584501410747
2021-03-19 03:20:00,0.41352859135285913,0.09960159362549792,-0.2589724497393895,-0.2622745938225317,0.031095771551216456,0.00011135857461024499,0.5,-0.27020218309311883,0.6493059047662861,0.49083723572095167,0.31668073870975766,0.7417880840440253,0.33181948488917723
2021-03-19 03:30:00,0.31450488145048816,-0.3944223107569722,-0.2643335815338794,-0.2637029101946081,0.03116129876588451,0.00011135857461024499,0.5,-0.27020218309311883,0.6493059047662861,0.49083723572095167,0.31668073870975766,0.7417880840440253,0.16011587730283508
2021-03-19 03:40:00,0.31520223152022314,-0.29083665338645437,-0.26582278481012667,-0.2637029101946081,0.031226831215400933,0.00011135857461024499,0.5,-0.27020218309311883,0.6493059047662861,0.49083723572095167,0.31668073870975766,0.7417880840440253,0.16035728835040813
2021-03-19 03:50:00,0.21617852161785217,-0.42629482071713154,-0.26582278481012667,-0.26691662203178,0.03129236628234156,0.00011135857461024499,0.5,-0.27020218309311883,0.6493059047662861,0.49083723572095167,0.31668073870975766,0.7417880840440253,0.07197821265295654
2021-03-19 04:00:00,0.16736401673640167,-0.4342629482071714,-0.2673119880863739,-0.2687020174968755,0.03135790004057008,0.00011135857461024499,0.5,-0.30870155422061674,0.6491995850658175,0.5466133844444977,0.41247471978878036,0.7120782291323929,0.04447244142010049
2021-03-19 04:10:00,0.1924686192468619,-0.4183266932270917,-0.26880119136262115,-0.2740582038921622,0.03142343379879862,0.00011135857461024499,0.5,-0.30870155422061674,0.6491995850658175,0.5466133844444977,0.41247471978878036,0.7120782291323929,0.0714953905578104
2021-03-19 04:20:00,0.2873082287308229,-0.10756972111553798,-0.2711839166046166,-0.28048562756650597,0.03148896101346665,0.00011135857461024499,0.5,-0.30870155422061674,0.6491995850658175,0.5466133844444977,0.41247471978878036,0.7120782291323929,0.1511459480664484
2021-03-19 04:30:00,0.3235704323570432,-0.11553784860557781,-0.2756515264333582,-0.2847705766827352,0.03155450131525567,0.00011135857461024499,0.5,-0.30870155422061674,0.6491995850658175,0.5466133844444977,0.41247471978878036,0.7120782291323929,0.18550175777419015
2021-03-19 04:40:00,0.3723849372384937,-0.20318725099601598,-0.279523454951601,-0.2833422603106588,0.031620028529923704,0.00011135857461024499,0.5,-0.30870155422061674,0.6491995850658175,0.5466133844444977,0.41247471978878036,0.7120782291323929,0.24989061061906848
2021-03-19 04:50:00,0.34309623430962344,-0.2589641434262948,-0.2819061801935965,-0.2797714693804677,0.031685555744591754,0.00011135857461024499,0.5,-0.30870155422061674,0.6491995850658175,0.5466133844444977,0.41247471978878036,0.7120782291323929,0.23000437557523726
2021-03-19 05:00:00,0.3723849372384937,-0.17131474103585675,-0.28369322412509324,-0.28227102303160145,0.03175108295925981,0.00011135857461024499,0.5,-0.29992355471891186,0.6516305706494427,0.6251369434017153,0.44567269454294073,0.7204712018998793,0.27010878585331266
2021-03-19 05:10:00,0.3270571827057183,0.2828685258964143,-0.2860759493670887,-0.2865559721478307,0.031816616717488325,0.00011135857461024499,0.5,-0.29992355471891186,0.6516305706494427,0.6251369434017153,0.44567269454294073,0.7204712018998793,0.19663684234349774
2021-03-19 05:20:00,0.3068340306834031,-0.2749003984063746,-0.2890543559195832,-0.287627209426888,0.031882155710565234,0.00011135857461024499,0.5,-0.29992355471891186,0.6516305706494427,0.6251369434017153,0.44567269454294073,0.7204712018998793,0.1794740256801002
2021-03-19 05:30:00,0.2691771269177127,0.1633466135458166,-0.29233060312732695,-0.29012676307802165,0.03194768554265747,0.00011135857461024499,0.5,-0.29992355471891186,0.6516305706494427,0.6251369434017153,0.44567269454294073,0.7204712018998793,0.14173846130633552
2021-03-19 05:40:00,0.3933054393305439,0.346613545816733,-0.2976917349218169,-0.2915550794500982,0.032013217992173916,0.00011135857461024499,0.5,-0.29992355471891186,0.6516305706494427,0.6251369434017153,0.44567269454294073,0.7204712018998793,0.27652126680447214
2021-03-19 05:50:00,0.3417015341701534,-0.2828685258964144,-0.3012658227848103,-0.2940546331012319,0.032078745206841945,0.00011135857461024499,0.5,-0.29992355471891186,0.6516305706494427,0.6251369434017153,0.44567269454294073,0.7204712018998793,0.1957466391055721
2021-03-19 06:00:00,0.300557880055788,-0.1394422310756973,-0.3054355919583024,-0.3019103731476521,0.032144285508630965,0.00011135857461024499,0.5,-0.3463215044377954,0.66153554382527,0.7137249784637916,0.4486838541073391,0.7396461266013403,0.15890127796973308
2021-03-19 06:10:00,0.28591352859135283,-0.059760956175298974,-0.30752047654504844,-0.3069094804499196,0.03220981272329902,0.00011135857461024499,0.5,-0.3463215044377954,0.66153554382527,0.7137249784637916,0.4486838541073391,0.7396461266013403,0.12914736635635288
2021-03-19 06:20:00,0.22524407252440726,-0.059760956175298974,-0.309903201787044,-0.3115515086591679,0.03227533993796705,0.00011135857461024499,0.5,-0.3463215044377954,0.66153554382527,0.7137249784637916,0.4486838541073391,0.7396461266013403,0.084131750079213
2021-03-19 06:30:00,0.22384937238493724,0.09163346613545809,-0.3104988830975429,-0.31297982503124433,0.03234086715263511,0.00011135857461024499,0.5,-0.3463215044377954,0.66153554382527,0.7137249784637916,0.4486838541073391,0.7396461266013403,0.07884333931831557
2021-03-19 06:40:00,0.27266387726638774,0.12350597609561742,-0.3104988830975429,-0.31405106231030167,0.03240640745442411,0.00011135857461024499,0.5,-0.3463215044377954,0.66153554382527,0.7137249784637916,0.4486838541073391,0.7396461266013403,0.12142221283401482
2021-03-19 06:50:00,0.2412831241283124,0.21912350597609564,-0.3104988830975429,-0.3169076950544545,0.03247194121265264,0.00011135857461024499,0.5,-0.3463215044377954,0.66153554382527,0.7137249784637916,0.4486838541073391,0.7396461266013403,0.10339182521840157
2021-03-19 07:00:00,0.2914923291492329,0.1872509960159361,-0.31258376768428897,-0.3169076950544545,0.032537474970881164,0.00011135857461024499,0.5,-0.3561824787549158,0.6689348202766058,0.7076242046059651,0.4121842927829384,0.7561881031131509,0.1668904748253542
2021-03-19 07:10:00,0.3158995815899582,-0.2749003984063746,-0.3164556962025318,-0.3165506159614354,0.032603002185549214,0.00011135857461024499,0.5,-0.3561824787549158,0.6689348202766058,0.7076242046059651,0.4121842927829384,0.7561881031131509,0.18458137815531783
2021-03-19 07:20:00,0.2391910739191074,-0.5298804780876495,-0.3164556962025318,-0.3169076950544545,0.03266854248733821,0.00011135857461024499,0.5,-0.3561824787549158,0.6689348202766058,0.7076242046059651,0.4121842927829384,0.7561881031131509,0.1211883458816784
2021-03-19 07:30:00,0.20711297071129708,-0.50597609561753,-0.3164556962025318,-0.3169076950544545,0.03273406970200627,0.00011135857461024499,0.5,-0.3561824787549158,0.6689348202766058,0.7076242046059651,0.4121842927829384,0.7561881031131509,0.09295079741086651
2021-03-19 07:40:00,0.20781032078103207,-0.33067729083665354,-0.3164556962025318,-0.31583645777539726,0.03279959691667432,0.00011135857461024499,0.5,-0.3561824787549158,0.6689348202766058,0.7076242046059651,0.4121842927829384,0.7561881031131509,0.0891938379830107
2021-03-19 07:50:00,0.33403068340306835,-0.01195219123505975,-0.31466865227103513,-0.3169076950544545,0.03286512413134235,0.00011135857461024499,0.5,-0.3561824787549158,0.6689348202766058,0.7076242046059651,0.4121842927829384,0.7561881031131509,0.17530968510946482
2021-03-19 08:00:00,0.3612273361227336,0.22709163346613526,-0.3143708116157856,-0.3169076950544545,0.032930656580858794,0.00011135857461024499,0.5,-0.36737887742172615,0.6858683877048452,0.6326527092505958,0.39234260615670347,0.7637452044309105,0.1923970608204958
2021-03-19 08:10:00,0.25871687587168757,-0.36254980079681276,-0.3164556962025318,-0.3169076950544545,0.032996191647799405,0.00011135857461024499,0.5,-0.36737887742172615,0.6858683877048452,0.6326527092505958,0.39234260615670347,0.7637452044309105,0.11515306969235178
2021-03-19 08:20:00,0.17782426778242677,-0.50597609561753,-0.3170513775130306,-0.3169076950544545,0.03306172540602794,0.00011135857461024499,0.5,-0.36737887742172615,0.6858683877048452,0.6326527092505958,0.39234260615670347,0.7637452044309105,0.05206934532341536
2021-03-19 08:30:00,0.18131101813110181,-0.17928286852589637,-0.3164556962025318,-0.31405106231030167,0.03312725916425646,0.00011135857461024499,0.5,-0.36737887742172615,0.6858683877048452,0.6326527092505958,0.39234260615670347,0.7637452044309105,0.060209424083769635
2021-03-19 08:40:00,0.20641562064156208,-0.19521912350597614,-0.3164556962025318,-0.31619353686841634,0.03319278637892451,0.00011135857461024499,0.5,-0.36737887742172615,0.6858683877048452,0.6326527092505958,0.39234260615670347,0.7637452044309105,0.0696169108438825
2021-03-19 08:50:00,0.11018131101813111,-0.13147410358565736,-0.31943410275502615,-0.3154793786823781,0.03325832668071351,0.00011135857461024499,0.5,-0.36737887742172615,0.6858683877048452,0.6326527092505958,0.39234260615670347,0.7637452044309105,0.0074761983795283435
2021-03-19 09:00:00,0.09902370990237098,-0.10756972111553798,-0.31943410275502615,-0.30798071772897684,0.03332385389538157,0.00011135857461024499,0.5,-0.3730218866308477,0.7047128362360534,0.4756021673548235,0.43515107127115665,0.7500465643133748,0.005250690284714155
2021-03-19 09:10:00,0.12831241283124128,-0.3944223107569722,-0.3033507073715562,-0.28227102303160145,0.03338938111004962,0.00011135857461024499,0.5,-0.3730218866308477,0.7047128362360534,0.4756021673548235,0.43515107127115665,0.7500465643133748,0.015857688187455678
2021-03-19 09:20:00,0.19316596931659694,-0.3466135458167332,-0.26522710349962786,-0.2051419389394752,0.03345490832471765,0.00011135857461024499,0.5,-0.3730218866308477,0.7047128362360534,0.4756021673548235,0.43515107127115665,0.7500465643133748,0.050945275133153285
2021-03-19 09:30:00,0.2594142259414226,0.07569721115537842,-0.24556962025316464,-0.1726477414747366,0.033520448626506674,0.00011135857461024499,0.5,-0.3730218866308477,0.7047128362360534,0.4756021673548235,0.43515107127115665,0.7500465643133748,0.121263786834045
2021-03-19 09:40:00,0.300557880055788,0.3705179282868525,-0.23425167535368596,-0.16407784324227825,0.0335859810760231,0.00011135857461024499,0.5,-0.3730218866308477,0.7047128362360534,0.4756021673548235,0.43515107127115665,0.7500465643133748,0.16044027339801137
2021-03-19 09:50:00,0.3528591352859135,0.1394422310756971,-0.2786299329858527,-0.21371183717193354,0.033651510908115335,0.00011135857461024499,0.5,-0.3730218866308477,0.7047128362360534,0.4756021673548235,0.43515107127115665,0.7500465643133748,0.23374624681261974
2021-03-19 10:00:00,0.31520223152022314,-0.10756972111553798,-0.30037230081906185,-0.25798964470630237,0.03371704335763176,0.00011135857461024499,0.5,-0.29877544131974176,0.7189912846580686,0.2628018540732126,0.5333618057275183,0.7332529870267995,0.19678018015299423
2021-03-19 10:10:00,0.2894002789400279,0.4820717131474104,-0.3015636634400597,-0.2783431530083913,0.03378258365942078,0.00011135857461024499,0.5,-0.29877544131974176,0.7189912846580686,0.2628018540732126,0.5333618057275183,0.7332529870267995,0.14711740121007288
2021-03-19 10:20:00,0.31450488145048816,-0.47410358565737054,-0.2988830975428147,-0.2847705766827352,0.03384811087408881,0.00011135857461024499,0.5,-0.29877544131974176,0.7189912846580686,0.2628018540732126,0.5333618057275183,0.7332529870267995,0.18163163691778444
2021-03-19 10:30:00,0.39121338912133896,-0.2509960159362551,-0.2911392405063292,-0.2779860739153722,0.033913638088756866,0.00011135857461024499,0.5,-0.29877544131974176,0.7189912846580686,0.2628018540732126,0.5333618057275183,0.7332529870267995,0.34272070250614844
2021-03-19 10:40:00,0.49860529986053004,-0.2509960159362551,-0.28399106478034264,-0.2704874129619711,0.033979165303424916,0.00011135857461024499,0.5,-0.29877544131974176,0.7189912846580686,0.2628018540732126,0.5333618057275183,0.7332529870267995,0.5298444407562202
2021-03-19 10:50:00,0.4546722454672245,0.09960159362549792,-0.2819061801935965,-0.26156043563649345,0.03404469775294134,0.00011135857461024499,0.5,-0.29877544131974176,0.7189912846580686,0.2628018540732126,0.5333618057275183,0.7332529870267995,0.4224844214433363
2021-03-19 11:00:00,0.4735006973500697,0.09960159362549792,-0.277438570364855,-0.25513301196214966,0.03411023281988197,0.00011135857461024499,0.5,-0.2727753405934116,0.7133505935225442,0.19366659831385408,0.5921755074907749,0.7251951430479113,0.5095281922838993
2021-03-19 11:10:00,0.5481171548117155,0.08366533864541825,-0.27475800446761,-0.24906266738082483,0.034175766578110486,0.00011135857461024499,0.5,-0.2727753405934116,0.7133505935225442,0.19366659831385408,0.5921755074907749,0.7251951430479113,0.6615266231120902
2021-03-19 11:20:00,0.5592747559274756,-0.059760956175298974,-0.2705882352941178,-0.2397786109623281,0.03424130033633902,0.00111358574610245,0.5,-0.2727753405934116,0.7133505935225442,0.19366659831385408,0.5921755074907749,0.7251951430479113,0.6912805347254705
2021-03-19 11:30:00,0.5711297071129707,-0.12350597609561753,-0.26582278481012667,-0.23620782003213703,0.03430682755100706,0.0012249443207126948,0.5,-0.2727753405934116,0.7133505935225442,0.19366659831385408,0.5921755074907749,0.7251951430479113,0.7217435912910966
2021-03-19 11:40:00,0.6171548117154811,0.3545816733067728,-0.2601638123603872,-0.23335118728798432,0.03437236785279608,0.0020044543429844097,0.5,-0.2727753405934116,0.7133505935225442,0.19366659831385408,0.5921755074907749,0.7251951430479113,0.8316686029844441
2021-03-19 11:50:00,0.7140864714086471,-0.02788844621513953,-0.25718540580789295,-0.225495447241564,0.03443789506746411,0.020935412026726056,0.5,-0.2727753405934116,0.7133505935225442,0.19366659831385408,0.5921755074907749,0.7251951430479113,0.9088219895287959
2021-03-19 12:00:00,0.691771269177127,0.019920318725099362,-0.2527177959791512,-0.21514015354400995,0.034503422282132164,0.009799554565701559,0.5,-0.2566769383064569,0.701310605821149,0.1784856795785003,0.6294591421718138,0.7311307879430965,0.9859755269550523
2021-03-19 12:10:00,0.694560669456067,0.25099601593625476,-0.24884586746090853,-0.20692733440457056,0.034568949496800214,0.01091314031180401,0.5,-0.2566769383064569,0.701310605821149,0.1784856795785003,0.6294591421718138,0.7311307879430965,0.9822223395748148
2021-03-19 12:20:00,0.6868898186889818,0.07569721115537842,-0.24288905435591968,-0.20442778075343682,0.03463448979858921,0.00601336302895323,0.5,-0.2566769383064569,0.701310605821149,0.1784856795785003,0.6294591421718138,0.7311307879430965,0.9784691521945773
2021-03-19 12:30:00,0.6345885634588563,0.019920318725099362,-0.2360387192851825,-0.1887163006605963,0.03470002224810564,0.0013363028953229399,0.5,-0.2566769383064569,0.701310605821149,0.1784856795785003,0.6294591421718138,0.7311307879430965,0.8806524133560661
2021-03-19 12:40:00,0.6785216178521618,0.1394422310756971,-0.22472077438570381,-0.1740760578468129,0.03476555208019788,0.0089086859688196,0.5,-0.2566769383064569,0.701310605821149,0.1784856795785003,0.6294591421718138,0.7311307879430965,0.970615749053216
2021-03-19 12:50:00,0.6610878661087867,0.027888446215139417,-0.21489203276247215,-0.17193358328869845,0.03483108452971432,0.0033407572383073497,0.5,-0.2566769383064569,0.701310605821149,0.1784856795785003,0.6294591421718138,0.7311307879430965,0.9178070823966081
2021-03-19 13:00:00,0.6513249651324965,0.09163346613545809,-0.21072226358897994,-0.16836279235850737,0.034896624831503326,0.0027839643652561247,0.5,-0.129900978012643,0.6866154991135254,0.09383966154832184,0.6642018388984918,0.7451546351553394,0.8953332226866032
2021-03-19 13:10:00,0.5739191073919108,0.15537848605577675,-0.20208488458674623,-0.15515086591680072,0.034962152046171376,0.0008908685968819599,0.5,-0.129900978012643,0.6866154991135254,0.09383966154832184,0.6642018388984918,0.7451546351553394,0.7274846477661934
2021-03-19 13:20:00,0.5871687587168759,-0.05179282868525903,-0.19046909903201792,-0.14800928405641844,0.035027679260839426,0.0012249443207126948,0.5,-0.129900978012643,0.6866154991135254,0.09383966154832184,0.6642018388984918,0.7451546351553394,0.7517615462377597
2021-03-19 13:30:00,0.6436541143654114,-0.08366533864541836,-0.182427401340283,-0.1422960185681127,0.03509320647550746,0.004008908685968819,0.5,-0.129900978012643,0.6866154991135254,0.09383966154832184,0.6642018388984918,0.7451546351553394,0.8769407184996304
2021-03-19 13:40:00,0.6841004184100419,0.027888446215139417,-0.17498138495904703,-0.1376539903588645,0.03515873369017551,0.01937639198218263,0.5,-0.129900978012643,0.6866154991135254,0.09383966154832184,0.6642018388984918,0.7451546351553394,0.9238725349668815
2021-03-19 13:50:00,0.6192468619246863,0.06772908366533859,-0.16842889054355936,-0.132654883056597,0.03522427399196451,0.0017817371937639199,0.5,-0.129900978012643,0.6866154991135254,0.09383966154832184,0.6642018388984918,0.7451546351553394,0.8482882447908023
2021-03-19 14:00:00,0.6387726638772664,-0.17928286852589637,-0.15889798957557721,-0.11265845384752715,0.03528980775019305,0.00044543429844097997,0.5,-0.1233297189702034,0.6591447873174966,0.12265271812758441,0.6952825100103243,0.7505633340696762,0.8060714878464627
2021-03-19 14:10:00,0.6004184100418409,0.20318725099601576,-0.15353685778108728,-0.10266023924299217,0.03535534150842157,0.0020044543429844097,0.5,-0.1233297189702034,0.6591447873174966,0.12265271812758441,0.6952825100103243,0.7505633340696762,0.7814249287083
2021-03-19 14:20:00,0.5955369595536959,-0.33864541832669326,-0.14430379746835464,-0.09766113194072468,0.03542086872308962,0.004231625835189309,0.5,-0.1233297189702034,0.6591447873174966,0.12265271812758441,0.6952825100103243,0.7505633340696762,0.7506148437617877
2021-03-19 14:30:00,0.5739191073919108,0.027888446215139417,-0.1353685778108712,-0.09194786645241915,0.035486409024878623,0.0022271714922049,0.5,-0.1233297189702034,0.6591447873174966,0.12265271812758441,0.6952825100103243,0.7505633340696762,0.6425079590204746
2021-03-19 14:40:00,0.5369595536959554,-0.019920318725099695,-0.1311988086373791,-0.09658989466166767,0.03555193623954667,0.00311804008908686,0.5,-0.1233297189702034,0.6591447873174966,0.12265271812758441,0.6952825100103243,0.7505633340696762,0.6332815305460416
2021-03-19 14:50:00,0.5892608089260809,-0.21912350597609564,-0.12405063291139262,-0.09409034101053393,0.03561746345421472,0.0006681514476614699,0.5,-0.1233297189702034,0.6591447873174966,0.12265271812758441,0.6952825100103243,0.7505633340696762,0.7148332000543175
2021-03-19 15:00:00,0.5550906555090656,0.09163346613545809,-0.12047654504839911,-0.09230494554543822,0.03568299066888276,0.0008908685968819599,0.5,-0.11636759507214778,0.6360906533489281,0.15193359200878265,0.7338499217420277,0.7418902678211604,0.6896660983448255
2021-03-19 15:10:00,0.5655509065550907,0.05976095617529875,-0.11630677587490701,-0.0880199964292091,0.03574853097067178,0.0017817371937639199,0.5,-0.11636759507214778,0.6360906533489281,0.15193359200878265,0.7338499217420277,0.7418902678211604,0.7137543944354754
2021-03-19 15:20:00,0.5704323570432357,0.07569721115537842,-0.11094564408041707,-0.09087662917336181,0.03581405818533981,0.0017817371937639199,0.5,-0.11636759507214778,0.6360906533489281,0.15193359200878265,0.7338499217420277,0.7418902678211604,0.6791496295849239
2021-03-19 15:30:00,0.5523012552301255,-0.0916334661354582,-0.1079672375279227,-0.08659168005713269,0.03587959325228044,0.00022271714922048998,0.5,-0.11636759507214778,0.6360906533489281,0.15193359200878265,0.7338499217420277,0.7418902678211604,0.6644160115877303
2021-03-19 15:40:00,0.5264993026499303,0.05976095617529875,-0.10349962769918108,-0.08444920549901802,0.035945125701796865,0.00011135857461024499,0.5,-0.11636759507214778,0.6360906533489281,0.15193359200878265,0.7338499217420277,0.7418902678211604,0.6073675634081205
2021-03-19 15:50:00,0.5892608089260809,0.2589641434262948,-0.10111690245718552,-0.08194965184788428,0.036010666003585885,0.0024498886414253897,0.5,-0.11636759507214778,0.6360906533489281,0.15193359200878265,0.7338499217420277,0.7418902678211604,0.7170058994824751
2021-03-19 16:00:00,0.5794979079497908,0.06772908366533859,-0.09784065524944163,-0.08480628459203698,0.03607619321825392,0.0010022271714922048,0.5,-0.06354493978599995,0.6104905935800163,0.12263268149605666,0.7665104835803538,0.7398037694406844,0.735066463479035
2021-03-19 16:10:00,0.5271966527196652,-0.10756972111553798,-0.09605361131794499,-0.08480628459203698,0.03614172043292197,0.00033407572383073496,0.5,-0.06354493978599995,0.6104905935800163,0.12263268149605666,0.7665104835803538,0.7398037694406844,0.6005401572189447
2021-03-19 16:20:00,0.499302649930265,0.03585657370517925,-0.0924795234549517,-0.08766291733619003,0.03620724764759002,0.0010022271714922048,0.5,-0.06354493978599995,0.6104905935800163,0.12263268149605666,0.7665104835803538,0.7398037694406844,0.5543778384658328
2021-03-19 16:30:00,0.5376569037656904,-0.043824701195219196,-0.08711839166046176,-0.08230673094090324,0.03627277486225806,0.00033407572383073496,0.5,-0.06354493978599995,0.6104905935800163,0.12263268149605666,0.7665104835803538,0.7398037694406844,0.5734643994145782
2021-03-19 16:40:00,0.597629009762901,-0.019920318725099695,-0.08354430379746858,-0.07945009819675053,0.03633831516404708,0.006792873051224944,0.5,-0.06354493978599995,0.6104905935800163,0.12263268149605666,0.7665104835803538,0.7398037694406844,0.7145465244353245
2021-03-19 16:50:00,0.5355648535564853,0.01195219123505975,-0.08116157855547301,-0.0733797536154257,0.0364038476135635,0.00033407572383073496,0.5,-0.06354493978599995,0.6104905935800163,0.12263268149605666,0.7665104835803538,0.7398037694406844,0.5807444513179534
2021-03-19 17:00:00,0.5850767085076709,0.25099601593625476,-0.08116157855547301,-0.07730762363863586,0.036469382680504134,0.008129175946547884,0.5,-0.06417194451513464,0.5926288839017617,0.13067383825898413,0.7756008380142332,0.7435297017217402,0.7046335832943555
2021-03-19 17:10:00,0.4790794979079498,-0.2270916334661356,-0.07877885331347734,-0.08516336368505628,0.03653490989517216,0.00011135857461024499,0.5,-0.06417194451513464,0.5926288839017617,0.13067383825898413,0.7756008380142332,0.7435297017217402,0.48958160447817495
2021-03-19 17:20:00,0.6136680613668062,0.05976095617529875,-0.07818317200297853,-0.08837707552222807,0.03660045019696118,0.0028953229398663697,0.5,-0.06417194451513464,0.5926288839017617,0.13067383825898413,0.7756008380142332,0.7435297017217402,0.7692487589963336
2021-03-19 17:30:00,0.6080892608089261,-0.043824701195219196,-0.07818317200297853,-0.08266381003392254,0.03666597741162922,0.0027839643652561247,0.5,-0.06417194451513464,0.5926288839017617,0.13067383825898413,0.7756008380142332,0.7435297017217402,0.768358555758408
2021-03-19 17:40:00,0.603905160390516,-0.059760956175298974,-0.07818317200297853,-0.0798071772897695,0.03673150462629727,0.001893095768374165,0.5,-0.06417194451513464,0.5926288839017617,0.13067383825898413,0.7756008380142332,0.7435297017217402,0.7735564373764655
2021-03-19 17:50:00,0.6673640167364017,-0.043824701195219196,-0.07371556217423691,-0.08266381003392254,0.03679703184096532,0.005567928730512249,0.5,-0.06417194451513464,0.5926288839017617,0.13067383825898413,0.7756008380142332,0.7435297017217402,0.8759750743093382
2021-03-19 18:00:00,0.6778242677824269,0.019920318725099362,-0.07222635889798967,-0.08337796821996057,0.036862572142754325,0.009910913140311804,0.5,-0.14231069536855667,0.5876749605611378,0.17034395921556336,0.7372150923345592,0.7372788561766668,0.9053517811608853
2021-03-19 18:10:00,0.6569037656903766,0.019920318725099362,-0.07282204020848859,-0.08016425638278879,0.036928099357422375,0.0071269487750556795,0.5,-0.14231069536855667,0.5876749605611378,0.17034395921556336,0.7372150923345592,0.7372788561766668,0.8687327428821462
2021-03-19 18:20:00,0.6785216178521618,0.11553784860557759,-0.07103499627699195,-0.07945009819675053,0.03699363311565089,0.00913140311804009,0.5,-0.14231069536855667,0.5876749605611378,0.17034395921556336,0.7372150923345592,0.7372788561766668,0.9797818247657559
2021-03-19 18:30:00,0.6401673640167364,-0.03585657370517936,-0.07103499627699195,-0.08123549366184613,0.03705916687387943,0.00311804008908686,0.5,-0.14231069536855667,0.5876749605611378,0.17034395921556336,0.7372150923345592,0.7372788561766668,0.8832174057365301
2021-03-19 18:40:00,0.5271966527196652,0.1633466135458166,-0.07133283693224135,-0.07695054454561678,0.03712470717566843,0.00022271714922048998,0.5,-0.14231069536855667,0.5876749605611378,0.17034395921556336,0.7372150923345592,0.7372788561766668,0.626936946452012
2021-03-19 18:50:00,0.606694560669456,-0.06772908366533881,-0.07014147431124362,-0.07766470273165504,0.03719023439033648,0.004120267260579065,0.5,-0.14231069536855667,0.5876749605611378,0.17034395921556336,0.7372150923345592,0.7372788561766668,0.7848876684219263
2021-03-19 19:00:00,0.598326359832636,-0.08366533864541836,-0.07192851824274027,-0.08016425638278879,0.03725576160500452,0.000556792873051225,0.5,-0.14194424497443991,0.6059676960520916,0.1708428459777794,0.6825197239883789,0.7340857207470853,0.7713912820435446
2021-03-19 19:10:00,0.590655509065551,-0.23505976095617542,-0.07282204020848859,-0.0798071772897695,0.03732128881967257,0.0017817371937639199,0.5,-0.14194424497443991,0.6059676960520916,0.1708428459777794,0.6825197239883789,0.7340857207470853,0.7475217647147577
2021-03-19 19:20:00,0.46373779637377965,0.027888446215139417,-0.07758749069247961,-0.08052133547580786,0.03738681603434062,0.00011135857461024499,0.5,-0.14194424497443991,0.6059676960520916,0.1708428459777794,0.6825197239883789,0.7340857207470853,0.4637129019116737
2021-03-19 19:30:00,0.5397489539748954,0.019920318725099362,-0.08116157855547301,-0.08552044277807536,0.03745235633612962,0.00011135857461024499,0.5,-0.14194424497443991,0.6059676960520916,0.1708428459777794,0.6825197239883789,0.7340857207470853,0.5974169017909682
2021-03-19 19:40:00,0.4679218967921897,0.11553784860557759,-0.088607594936709,-0.0930191037314766,0.03751788878564606,0.00011135857461024499,0.5,-0.14194424497443991,0.6059676960520916,0.1708428459777794,0.6825197239883789,0.7340857207470853,0.4486473437240672
2021-03-19 19:50:00,0.42398884239888424,-0.059760956175298974,-0.09456440804169786,-0.10016068559185842,0.037583418617738305,0.00011135857461024499,0.5,-0.14194424497443991,0.6059676960520916,0.1708428459777794,0.6825197239883789,0.7340857207470853,0.34937459450488106
2021-03-19 20:00:00,0.40376569037656906,-0.11553784860557781,-0.10022338049143709,-0.10944474201035537,0.03764895106725473,0.00011135857461024499,0.5,-0.14786104969510283,0.5938098946285576,0.17670571653974476,0.5133786756164623,0.7322986501741087,0.30899105270304933
2021-03-19 20:10:00,0.4595536959553696,0.01195219123505975,-0.1043931496649293,-0.1180146402428136,0.03771449136904373,0.00011135857461024499,0.5,-0.14786104969510283,0.5938098946285576,0.17670571653974476,0.5133786756164623,0.7322986501741087,0.40636268992259755
2021-03-19 20:20:00,0.4121338912133891,-0.2509960159362551,-0.10915860014892054,-0.1233708266381004,0.03778001858371178,0.00011135857461024499,0.5,-0.14786104969510283,0.5938098946285576,0.17670571653974476,0.5133786756164623,0.7322986501741087,0.3118653529882161
2021-03-19 20:30:00,0.3458856345885635,0.11553784860557759,-0.11332836932241275,-0.13336904124263516,0.037845545798379836,0.00011135857461024499,0.5,-0.14786104969510283,0.5938098946285576,0.17670571653974476,0.5133786756164623,0.7322986501741087,0.2213739306245002
2021-03-19 20:40:00,0.303347280334728,0.07569721115537842,-0.11809381980640365,-0.15158007498660953,0.037911073013047865,0.00011135857461024499,0.5,-0.14786104969510283,0.5938098946285576,0.17670571653974476,0.5133786756164623,0.7322986501741087,0.15503870120856406
2021-03-19 20:50:00,0.31450488145048816,0.31474103585657365,-0.12256142963514527,-0.16264952687020162,0.037976613314836885,0.00011135857461024499,0.5,-0.14786104969510283,0.5938098946285576,0.17670571653974476,0.5133786756164623,0.7322986501741087,0.16935739396774147
2021-03-19 21:00:00,0.2684797768479777,-0.02788844621513953,-0.1279225614296352,-0.17157650419567938,0.03804214052950492,0.00011135857461024499,0.5,-0.1589872401085577,0.6093584324453258,0.19449634312452502,0.40539464387908797,0.7466714486345059,0.12738204807097483
2021-03-19 21:10:00,0.28172942817294283,-0.23505976095617542,-0.1311988086373791,-0.17479021603285128,0.038107674287733456,0.00011135857461024499,0.5,-0.1589872401085577,0.6093584324453258,0.19449634312452502,0.40539464387908797,0.7466714486345059,0.13796641368800638
2021-03-19 21:20:00,0.3765690376569038,0.043824701195219085,-0.13655994043186903,-0.17764684877700399,0.03817320804596197,0.00011135857461024499,0.5,-0.1589872401085577,0.6093584324453258,0.19449634312452502,0.40539464387908797,0.7466714486345059,0.24982271376193851
2021-03-19 21:30:00,0.3117154811715481,0.07569721115537842,-0.13775130305286676,-0.17657561149794665,0.0382387431129026,0.00011135857461024499,0.5,-0.1589872401085577,0.6093584324453258,0.19449634312452502,0.40539464387908797,0.7466714486345059,0.179036468156374
2021-03-19 21:40:00,0.2524407252440725,0.2669322709163344,-0.1389426656738647,-0.1840742724513479,0.03830427556241903,0.00011135857461024499,0.5,-0.1589872401085577,0.6093584324453258,0.19449634312452502,0.40539464387908797,0.7466714486345059,0.11172050635967229
2021-03-19 21:50:00,0.3096234309623431,0.2828685258964143,-0.14072970960536124,-0.1901446170326727,0.03836980277708708,0.00011135857461024499,0.5,-0.1589872401085577,0.6093584324453258,0.19449634312452502,0.40539464387908797,0.7466714486345059,0.15012749520949953
2021-03-19 22:00:00,0.24337517433751746,0.31474103585657365,-0.14072970960536124,-0.1919300124977681,0.038435329991755134,0.00011135857461024499,0.5,-0.23497625093263586,0.6167347208533172,0.2669715024569603,0.32017927934307433,0.7877146233439611,0.10818986978891622
2021-03-19 22:10:00,0.301255230125523,0.05976095617529875,-0.14489947877885334,-0.19300124977682553,0.03850085720642316,0.00011135857461024499,0.5,-0.23497625093263586,0.6167347208533172,0.2669715024569603,0.32017927934307433,0.7877146233439611,0.14289270787754424
2021-03-19 22:20:00,0.3507670850767085,0.10756972111553775,-0.1466865227103501,-0.1933583288698446,0.03856639750821218,0.00011135857461024499,0.5,-0.23497625093263586,0.6167347208533172,0.2669715024569603,0.32017927934307433,0.7877146233439611,0.2035547776755134
2021-03-19 22:30:00,0.2524407252440725,0.6015936254980081,-0.1469843633655995,-0.19692911980003558,0.03863192995772861,0.00011135857461024499,0.5,-0.23497625093263586,0.6167347208533172,0.2669715024569603,0.32017927934307433,0.7877146233439611,0.11423269007347948
2021-03-19 22:40:00,0.2315202231520223,-0.07569721115537853,-0.15264333581533884,-0.20192822710230307,0.038697459789820844,0.00011135857461024499,0.5,-0.23497625093263586,0.6167347208533172,0.2669715024569603,0.32017927934307433,0.7877146233439611,0.09565912760082683
2021-03-19 22:50:00,0.20223152022315202,-0.4900398406374503,-0.15621742367833225,-0.20371362256739867,0.03876299223933727,0.00011135857461024499,0.5,-0.23497625093263586,0.6167347208533172,0.2669715024569603,0.32017927934307433,0.7877146233439611,0.06739894684430496
2021-03-19 23:00:00,0.09832635983263598,-0.5617529880478087,-0.16366344005956823,-0.20407070166041774,0.038828532541126295,0.00011135857461024499,0.5,-0.30297713012007454,0.6291396437427988,0.3302913161365773,0.2707045814328753,0.8634415835087249,0.0
2021-03-19 23:10:00,0.10320781032078104,0.01195219123505975,-0.1702159344750559,-0.19657204070701662,0.038894059755794325,0.000556792873051225,0.5,-0.30297713012007454,0.6291396437427988,0.3302913161365773,0.2707045814328753,0.8634415835087249,0.0
2021-03-19 23:20:00,0.09135285913528592,0.4422310756972112,-0.14609084139985118,-0.1680057132654883,0.038959586970462375,0.17984409799554565,0.5,-0.30297713012007454,0.6291396437427988,0.3302913161365773,0.2707045814328753,0.8634415835087249,0.0
2021-03-19 23:30:00,0.11227336122733612,0.3505976095617529,-0.139240506329114,-0.14586680949830377,0.03902511418513043,0.9995545657015591,0.5,-0.30297713012007454,0.6291396437427988,0.3302913161365773,0.2707045814328753,0.8634415835087249,0.0
2021-03-19 23:40:00,0.1317991631799163,0.2589641434262948,-0.1466865227103501,-0.14729512587038018,0.03909065448691943,0.9995545657015591,0.5,-0.30297713012007454,0.6291396437427988,0.3302913161365773,0.2707045814328753,0.8634415835087249,0.0
2021-03-19 23:50:00,0.11157601115760113,0.1673306772908365,-0.14847356664184674,-0.15479378682378142,0.03915618170158748,0.9995545657015591,0.5,-0.30297713012007454,0.6291396437427988,0.3302913161365773,0.2707045814328753,0.8634415835087249,0.0
2021-03-20 00:00:00,0.11436541143654114,0.07569721115537842,-0.14966492926284458,-0.16014997321906788,0.039221715459816,0.9995545657015591,0.5,-0.299825863519825,0.6149157919237261,0.33454567635488525,0.28902509739870236,0.9510409360595398,0.0
2021-03-20 00:10:00,0.12203626220362622,-0.015936254980079778,-0.1508562918838423,-0.16729155507945004,0.03928724921804454,0.9995545657015591,0.5,-0.299825863519825,0.6149157919237261,0.33454567635488525,0.28902509739870236,0.9510409360595398,0.0
2021-03-20 00:20:00,0.11227336122733612,-0.10756972111553798,-0.15204765450484004,-0.1726477414747366,0.03935278428498515,0.9995545657015591,0.5,-0.299825863519825,0.6149157919237261,0.33454567635488525,0.28902509739870236,0.9510409360595398,0.0
2021-03-20 00:30:00,0.1882845188284519,-0.19920318725099595,-0.1511541325390917,-0.1822888769862525,0.03941831673450159,0.9995545657015591,0.5,-0.299825863519825,0.6149157919237261,0.33454567635488525,0.28902509739870236,0.9510409360595398,0.0
2021-03-20 00:40:00,0.22315202231520226,-0.29083665338645437,-0.15681310498883105,-0.17978932333511877,0.03948384394916962,0.1472160356347439,0.5,-0.299825863519825,0.6149157919237261,0.33454567635488525,0.28902509739870236,0.9510409360595398,0.04755797637189372
2021-03-20 00:50:00,0.21199442119944212,-0.6254980079681276,-0.13596425912137022,-0.14193893947509362,0.0327178024106477,0.00011135857461024499,0.5,-0.299825863519825,0.6149157919237261,0.33454567635488525,0.28902509739870236,0.9510409360595398,0.07828507627080285
2021-03-20 01:00:00,0.21617852161785217,-0.09960159362549814,-0.11720029784065533,-0.11301553294054623,0.019604507204460116,0.00011135857461024499,0.5,-0.33992935148586356,0.6160249650150722,0.3272957129090564,0.3180948752112138,0.015334468630274961,0.07960529293721803
2021-03-20 01:10:00,0.2719665271966527,-0.17928286852589637,-0.10469099032017881,-0.09694697375468664,0.028529923702084792,0.00011135857461024499,0.5,-0.33992935148586356,0.6160249650150722,0.3272957129090564,0.3180948752112138,0.015334468630274961,0.12938877740392593
2021-03-20 01:20:00,0.2831241283124128,-0.6095617529880479,-0.09873417721518996,-0.09016247098732377,0.029262802476083302,0.00011135857461024499,0.5,-0.33992935148586356,0.6160249650150722,0.3272957129090564,0.3180948752112138,0.015334468630274961,0.135348612640886
2021-03-20 01:30:00,0.22384937238493724,-0.01195219123505975,-0.08682055100521235,-0.08123549366184613,0.016437423931109398,0.00011135857461024499,0.5,-0.33992935148586356,0.6160249650150722,0.3272957129090564,0.3180948752112138,0.015334468630274961,0.08073690722271677
2021-03-20 01:40:00,0.20362622036262204,0.13147410358565725,-0.07639612807148188,-0.06409569719692909,0.016437423931109398,0.00011135857461024499,0.5,-0.33992935148586356,0.6160249650150722,0.3272957129090564,0.3180948752112138,0.015334468630274961,0.05381957541832009
2021-03-20 01:50:00,0.18270571827057183,0.4820717131474104,-0.0689501116902459,-0.04588466345295483,0.019460548873853248,0.00011135857461024499,0.5,-0.33992935148586356,0.6160249650150722,0.3272957129090564,0.3180948752112138,0.015334468630274961,0.03237171266050062
2021-03-20 02:00:00,0.28870292887029286,0.6175298804780875,-0.08979895755770673,-0.04088555615068734,0.040635510594024433,0.00011135857461024499,0.5,-0.352420483733198,0.604720594700683,0.34476537294702203,0.32709805814744897,0.049713718159034304,0.16130784435022708
2021-03-20 02:10:00,0.23849372384937237,0.33864541832669315,-0.1660461653015637,-0.12051419389394735,0.052741097485964075,0.00011135857461024499,0.5,-0.352420483733198,0.604720594700683,0.34476537294702203,0.32709805814744897,0.049713718159034304,0.14127072740166272
2021-03-20 02:20:00,0.31450488145048816,0.17928286852589648,-0.1812360387192853,-0.16871987145152645,0.07570899477823874,0.00011135857461024499,0.5,-0.352420483733198,0.604720594700683,0.34476537294702203,0.32709805814744897,0.049713718159034304,0.22861626205169217
2021-03-20 02:30:00,0.5655509065550907,0.6733067729083664,-0.20595681310498903,-0.18728798428852,0.135582573189724,0.183630289532294,0.5,-0.352420483733198,0.604720594700683,0.34476537294702203,0.32709805814744897,0.049713718159034304,0.4606047346741705
2021-03-20 02:40:00,0.5606694560669455,-0.21115537848605592,-0.23693224125093093,-0.20871272986966605,0.1413016450511052,0.00011135857461024499,0.5,-0.352420483733198,0.604720594700683,0.34476537294702203,0.32709805814744897,0.049713718159034304,0.6103399369313638
2021-03-20 02:50:00,0.49023709902370993,-0.02788844621513953,-0.24973938942665685,-0.21906802356722022,0.13160408841658924,0.00011135857461024499,0.5,-0.352420483733198,0.604720594700683,0.34476537294702203,0.32709805814744897,0.049713718159034304,0.4352565746789988
2021-03-20 03:00:00,0.46513249651324967,0.29083665338645415,-0.259270290394639,-0.22442420996250667,0.13542552773815292,0.00011135857461024499,0.5,-0.3770851601098385,0.6118957377294155,0.36570416015000595,0.3700151486035529,0.08501245579248835,0.4156947357303439
2021-03-20 03:10:00,0.4386331938633194,0.33864541832669315,-0.2682055100521221,-0.23370826638100328,0.14281975108295927,0.00011135857461024499,0.5,-0.3770851601098385,0.6118957377294155,0.36570416015000595,0.3700151486035529,0.08501245579248835,0.3837153160221495
2021-03-20 03:20:00,0.44142259414225943,-0.2509960159362551,-0.2789277736411021,-0.24192108552044278,0.14281975108295927,0.00011135857461024499,0.5,-0.3770851601098385,0.6118957377294155,0.36570416015000595,0.3700151486035529,0.08501245579248835,0.34611554536264466
2021-03-20 03:30:00,0.3898186889818689,-0.14741035856573714,-0.2890543559195832,-0.24584895554365294,0.14435094423577757,0.00011135857461024499,0.5,-0.3770851601098385,0.6118957377294155,0.36570416015000595,0.3700151486035529,0.08501245579248835,0.27179866318632406
2021-03-20 03:40:00,0.3765690376569038,-0.3784860557768924,-0.30007446016381245,-0.2572754865202642,0.15414011071704337,0.00011135857461024499,0.5,-0.3770851601098385,0.6118957377294155,0.36570416015000595,0.3700151486035529,0.08501245579248835,0.2651975798542481
2021-03-20 03:50:00,0.4909344490934449,-0.29083665338645437,-0.3015636634400597,-0.25656132833422596,0.15410084935415058,0.00011135857461024499,0.5,-0.3770851601098385,0.6118957377294155,0.36570416015000595,0.3700151486035529,0.08501245579248835,0.41859166830122063
2021-03-20 04:00:00,0.4288702928870293,-0.08366533864541836,-0.3015636634400597,-0.26298875200856986,0.13869730797921767,0.00011135857461024499,0.5,-0.47379974738370034,0.611717580393497,0.431937528319179,0.43233300534362706,0.11671859269424532,0.33891093441163606
2021-03-20 04:10:00,0.399581589958159,-0.1394422310756973,-0.3066269545793002,-0.26691662203178,0.1427804897200665,0.00011135857461024499,0.5,-0.47379974738370034,0.611717580393497,0.431937528319179,0.43233300534362706,0.11671859269424532,0.3028501591804095
2021-03-20 04:20:00,0.4344490934449094,0.027888446215139417,-0.31228592702903957,-0.26941617568291376,0.14439020559867036,0.00011135857461024499,0.5,-0.47379974738370034,0.611717580393497,0.431937528319179,0.43233300534362706,0.11671859269424532,0.33270214403186626
2021-03-20 04:30:00,0.4372384937238493,-0.3466135458167332,-0.3185405807892778,-0.2740582038921622,0.1469029328238081,0.00011135857461024499,0.5,-0.47379974738370034,0.611717580393497,0.431937528319179,0.43233300534362706,0.11671859269424532,0.3523243357424144
2021-03-20 04:40:00,0.40027894002789405,-0.12350597609561753,-0.32330603127326885,-0.27762899482235315,0.14272814123620944,0.00011135857461024499,0.5,-0.47379974738370034,0.611717580393497,0.431937528319179,0.43233300534362706,0.11671859269424532,0.2849480211838194
2021-03-20 04:50:00,0.42189679218967924,-0.11553784860557781,-0.3259865971705138,-0.2865559721478307,0.1504495426051223,0.00011135857461024499,0.5,-0.47379974738370034,0.611717580393497,0.431937528319179,0.43233300534362706,0.11671859269424532,0.30676554460823513
2021-03-20 05:00:00,0.46513249651324967,-0.3784860557768924,-0.32807148175726,-0.2847705766827352,0.14268887987331666,0.00011135857461024499,0.5,-0.47750067289858034,0.6270132497334846,0.44786956710857584,0.493732767747901,0.13537687462686093,0.3760278829759947
2021-03-20 05:10:00,0.4630404463040446,0.05976095617529875,-0.3292628443782577,-0.29012676307802165,0.14268887987331666,0.00011135857461024499,0.5,-0.47750067289858034,0.6270132497334846,0.44786956710857584,0.493732767747901,0.13537687462686093,0.41273745039757387
2021-03-20 05:20:00,0.3772663877266388,-0.09960159362549814,-0.3334326135517499,-0.29548294947330833,0.14268887987331666,0.00011135857461024499,0.5,-0.47750067289858034,0.6270132497334846,0.44786956710857584,0.493732767747901,0.13537687462686093,0.2721230592815004
2021-03-20 05:30:00,0.405160390516039,-0.20318725099601598,-0.33462397617274764,-0.29976789858953756,0.14268887987331666,0.00011135857461024499,0.5,-0.47750067289858034,0.6270132497334846,0.44786956710857584,0.493732767747901,0.13537687462686093,0.2926656306109208
2021-03-20 05:40:00,0.36750348675034866,0.09163346613545809,-0.3373045420699926,-0.30298161042670946,0.14268887987331666,0.00011135857461024499,0.5,-0.47750067289858034,0.6270132497334846,0.44786956710857584,0.493732767747901,0.13537687462686093,0.2514975029044767
2021-03-20 05:50:00,0.3688981868898187,0.2350597609561753,-0.3373045420699926,-0.3072665595429388,0.14758346311394957,0.00011135857461024499,0.5,-0.47750067289858034,0.6270132497334846,0.44786956710857584,0.493732767747901,0.13537687462686093,0.24479834633432415
2021-03-20 06:00:00,0.3396094839609484,-0.059760956175298974,-0.3373045420699926,-0.3133369041242635,0.15386528117679393,0.00011135857461024499,0.5,-0.5351631949991713,0.6663199303462292,0.4921275694285135,0.5202292143809883,0.14618624862668797,0.21726239872052147
2021-03-20 06:10:00,0.3598326359832636,-0.19521912350597614,-0.3373045420699926,-0.3133369041242635,0.1491408305086964,0.00011135857461024499,0.5,-0.5351631949991713,0.6663199303462292,0.4921275694285135,0.5202292143809883,0.14618624862668797,0.2300345519561839
2021-03-20 06:20:00,0.3242677824267783,-0.3067729083665339,-0.3373045420699926,-0.31476522049634004,0.14261035714753112,0.00011135857461024499,0.5,-0.5351631949991713,0.6663199303462292,0.4921275694285135,0.5202292143809883,0.14618624862668797,0.1875688398690345
2021-03-20 06:30:00,0.37308228730822873,-0.14741035856573714,-0.3373045420699926,-0.31476522049634004,0.14261035714753112,0.00011135857461024499,0.5,-0.5351631949991713,0.6663199303462292,0.4921275694285135,0.5202292143809883,0.14618624862668797,0.2438628785249785
2021-03-20 06:40:00,0.3368200836820084,-0.03585657370517936,-0.3373045420699926,-0.3169076950544545,0.14261035714753112,0.00011135857461024499,0.5,-0.5351631949991713,0.6663199303462292,0.4921275694285135,0.5202292143809883,0.14618624862668797,0.20848107186505124
2021-03-20 06:50:00,0.298465829846583,0.06772908366533859,-0.3373045420699926,-0.3236921978218176,0.14261035714753112,0.00011135857461024499,0.5,-0.5351631949991713,0.6663199303462292,0.4921275694285135,0.5202292143809883,0.14618624862668797,0.1585391613983735
2021-03-20 07:00:00,0.28103207810320785,0.4661354581673305,-0.3373045420699926,-0.32726298875200854,0.1481462093154127,0.00011135857461024499,0.5,-0.5351438502072728,0.6990922596384569,0.5055300468945948,0.5334485975111095,0.15428406503344846,0.13101830197504413
2021-03-20 07:10:00,0.22733612273361226,0.4661354581673305,-0.3373045420699926,-0.32762006784502773,0.15644344400675295,0.00011135857461024499,0.5,-0.5351438502072728,0.6990922596384569,0.5055300468945948,0.5334485975111095,0.15428406503344846,0.07622553827119515
2021-03-20 07:20:00,0.2580195258019526,0.1872509960159361,-0.3373045420699926,-0.32904838421710414,0.15644344400675295,0.00011135857461024499,0.5,-0.5351438502072728,0.6990922596384569,0.5055300468945948,0.5334485975111095,0.15428406503344846,0.10865760369358902
2021-03-20 07:30:00,0.36610878661087864,-0.38645418326693237,-0.3373045420699926,-0.3326191751472952,0.1468374972189868,0.00011135857461024499,0.5,-0.5351438502072728,0.6990922596384569,0.5055300468945948,0.5334485975111095,0.15428406503344846,0.2209061967198274
2021-03-20 07:40:00,0.3242677824267783,0.2589641434262948,-0.33879374534623985,-0.3279771469380467,0.14251874730078132,0.00011135857461024499,0.5,-0.5351438502072728,0.6990922596384569,0.5055300468945948,0.5334485975111095,0.15428406503344846,0.18503402386951734
2021-03-20 07:50:00,0.29567642956764295,0.6733067729083664,-0.3411764705882354,-0.335832886984467,0.14251874730078132,0.00011135857461024499,0.5,-0.5351438502072728,0.6990922596384569,0.5055300468945948,0.5334485975111095,0.15428406503344846,0.15294898682800973
2021-03-20 08:00:00,0.298465829846583,0.43426294820717115,-0.3405807892777365,-0.33833244063560075,0.14251874730078132,0.00011135857461024499,0.5,-0.5184367873903977,0.6922533167436292,0.48995549711960745,0.4929887542238765,0.15716893216118383,0.16200190111199964
2021-03-20 08:10:00,0.2907949790794979,0.5697211155378485,-0.3402829486224871,-0.33833244063560075,0.14251874730078132,0.00011135857461024499,0.5,-0.5184367873903977,0.6922533167436292,0.48995549711960745,0.4929887542238765,0.15716893216118383,0.1556874933989167
2021-03-20 08:20:00,0.29218967921896793,0.08366533864541825,-0.3370067014147432,-0.339046598821639,0.15482064100718484,0.00011135857461024499,0.5,-0.5184367873903977,0.6922533167436292,0.48995549711960745,0.4929887542238765,0.15716893216118383,0.1517042111139611
2021-03-20 08:30:00,0.27405857740585776,-0.08366533864541836,-0.33432613551749824,-0.33511872879842897,0.15635183416000314,0.00011135857461024499,0.5,-0.5184367873903977,0.6922533167436292,0.48995549711960745,0.4929887542238765,0.15716893216118383,0.13168972645110671
2021-03-20 08:40:00,0.27475592747559274,-0.019920318725099695,-0.33432613551749824,-0.335832886984467,0.15635183416000314,0.00011135857461024499,0.5,-0.5184367873903977,0.6922533167436292,0.48995549711960745,0.4929887542238765,0.15716893216118383,0.14536717111516817
2021-03-20 08:50:00,0.3110181311018131,0.3784860557768923,-0.33432613551749824,-0.33833244063560075,0.15635183416000314,0.00011135857461024499,0.5,-0.5184367873903977,0.6922533167436292,0.48995549711960745,0.4929887542238765,0.15716893216118383,0.16864824901549558
2021-03-20 09:00:00,0.2684797768479777,0.5776892430278884,-0.33045420699925554,-0.33833244063560075,0.1619662090536703,0.00011135857461024499,0.5,-0.5124853955159441,0.7156120422865087,0.4681622363518519,0.4326453653564473,0.17769904198587402,0.12342894216696593
2021-03-20 09:10:00,0.19595536959553697,0.41035856573705165,-0.3295606850335072,-0.3379753615425817,0.18781327295808198,0.00011135857461024499,0.5,-0.5124853955159441,0.7156120422865087,0.4681622363518519,0.4326453653564473,0.17769904198587402,0.0713520527483139
2021-03-20 09:20:00,0.21687587168758715,-0.40239043824701204,-0.3361131794489949,-0.33476164970540967,0.19715747732656294,0.00011135857461024499,0.5,-0.5124853955159441,0.7156120422865087,0.4681622363518519,0.4326453653564473,0.17769904198587402,0.0753277909380328
2021-03-20 09:30:00,0.2099023709902371,-0.05179282868525903,-0.3441548771407298,-0.3361899660774862,0.1844760571121959,0.00011135857461024499,0.5,-0.5124853955159441,0.7156120422865087,0.4681622363518519,0.4326453653564473,0.17769904198587402,0.08055584893703699
2021-03-20 09:40:00,0.26569037656903766,-0.2749003984063746,-0.33938942665673866,-0.3379753615425817,0.19791653034249,0.00011135857461024499,0.5,-0.5124853955159441,0.7156120422865087,0.4681622363518519,0.4326453653564473,0.17769904198587402,0.12090167026268539
2021-03-20 09:50:00,0.300557880055788,-0.2270916334661356,-0.3337304542069994,-0.335832886984467,0.19014278048972008,0.00011135857461024499,0.5,-0.5124853955159441,0.7156120422865087,0.4681622363518519,0.4326453653564473,0.17769904198587402,0.15368830816120224
2021-03-20 10:00:00,0.2831241283124128,0.21912350597609564,-0.32360387192851836,-0.33226209605427603,0.1840834434832681,0.00011135857461024499,0.5,-0.2747865985952347,0.7115230440766995,0.30525858858163096,0.4381919570214349,0.23829030278956,0.14049368559228692
2021-03-20 10:10:00,0.35006973500697347,0.01195219123505975,-0.3131794489947879,-0.32547759328691306,0.1840834434832681,0.00011135857461024499,0.5,-0.2747865985952347,0.7115230440766995,0.30525858858163096,0.4381919570214349,0.23829030278956,0.22304871976703836
2021-03-20 10:20:00,0.3284518828451883,0.10756972111553775,-0.3012658227848103,-0.3169076950544545,0.1873552237243329,0.00011135857461024499,0.5,-0.2747865985952347,0.7115230440766995,0.30525858858163096,0.4381919570214349,0.23829030278956,0.22148709205305006
2021-03-20 10:30:00,0.4198047419804742,-0.09960159362549814,-0.2905435591958303,-0.30619532226388146,0.1932967766421065,0.00011135857461024499,0.5,-0.2747865985952347,0.7115230440766995,0.30525858858163096,0.4381919570214349,0.23829030278956,0.3378547610785038
2021-03-20 10:40:00,0.4665271966527197,-0.12350597609561753,-0.28399106478034264,-0.2929833958221746,0.18871628430461584,0.00011135857461024499,0.5,-0.2747865985952347,0.7115230440766995,0.30525858858163096,0.4381919570214349,0.23829030278956,0.42738808334716416
2021-03-20 10:50:00,0.4121338912133891,-0.02788844621513953,-0.2753536857781088,-0.2829851812176397,0.18823206082893826,0.00011135857461024499,0.5,-0.2747865985952347,0.7115230440766995,0.30525858858163096,0.4381919570214349,0.23829030278956,0.3317289557463374
2021-03-20 11:00:00,0.4379358437935844,-0.23505976095617542,-0.26463142218912894,-0.27262988752008577,0.19227598120689432,0.00011135857461024499,0.5,-0.2507245124862294,0.71640800328729,0.3127666187689722,0.5043430904143531,0.2921507513129063,0.3680764065965569
2021-03-20 11:10:00,0.40097629009762903,0.06772908366533859,-0.2551005212211468,-0.2637029101946081,0.18674012903901271,0.00011135857461024499,0.5,-0.2507245124862294,0.71640800328729,0.3127666187689722,0.5043430904143531,0.2921507513129063,0.33212879279388025
2021-03-20 11:20:00,0.4260808926080893,-0.05179282868525903,-0.243782576321668,-0.2540617746830922,0.188218973707974,0.00011135857461024499,0.5,-0.2507245124862294,0.71640800328729,0.3127666187689722,0.5043430904143531,0.2921507513129063,0.3395144620305687
2021-03-20 11:30:00,0.41143654114365413,0.09163346613545809,-0.23425167535368596,-0.2365648991251561,0.20706442789650703,0.00011135857461024499,0.5,-0.2507245124862294,0.71640800328729,0.3127666187689722,0.5043430904143531,0.2921507513129063,0.332905834603256
2021-03-20 11:40:00,0.40097629009762903,0.17928286852589648,-0.2282948622486971,-0.22335297268344934,0.19821753412466792,0.00011135857461024499,0.5,-0.2507245124862294,0.71640800328729,0.3127666187689722,0.5043430904143531,0.2921507513129063,0.32155197127208535
2021-03-20 11:50:00,0.3926080892608089,-0.0916334661354582,-0.22233804914370825,-0.22121049812533466,0.20130609467223304,0.00011135857461024499,0.5,-0.2507245124862294,0.71640800328729,0.3127666187689722,0.5043430904143531,0.2921507513129063,0.2944083166105889
2021-03-20 12:00:00,0.3842398884239888,0.01195219123505975,-0.21399851079672383,-0.22156757721835385,0.20591276125165225,0.00011135857461024499,0.5,-0.24542350585663586,0.7041467556687082,0.3185963908446797,0.46075509947108945,0.2954177259190782,0.28978378623051737
2021-03-20 12:10:00,0.35146443514644354,0.10756972111553775,-0.20446760982874168,-0.22156757721835385,0.2041067385585845,0.00011135857461024499,0.5,-0.24542350585663586,0.7041467556687082,0.3185963908446797,0.46075509947108945,0.2954177259190782,0.24678998747680192
2021-03-20 12:20:00,0.34239888423988846,-0.11553784860557781,-0.19612807148175737,-0.2158543117300481,0.21065029904071403,0.00011135857461024499,0.5,-0.24542350585663586,0.7041467556687082,0.3185963908446797,0.46075509947108945,0.2954177259190782,0.2249724640523862
2021-03-20 12:30:00,0.3472803347280335,-0.043824701195219196,-0.18510796723752798,-0.20978396714872327,0.21157948462917645,0.00011135857461024499,0.5,-0.24542350585663586,0.7041467556687082,0.3185963908446797,0.46075509947108945,0.2954177259190782,0.2180545287203706
2021-03-20 12:40:00,0.3068340306834031,-0.03585657370517936,-0.16842889054355936,-0.18585966791644348,0.198322231092382,0.00011135857461024499,0.5,-0.24542350585663586,0.7041467556687082,0.3185963908446797,0.46075509947108945,0.2954177259190782,0.17967771625148996
2021-03-20 12:50:00,0.3396094839609484,0.43426294820717115,-0.16515264333581536,-0.1997857525441885,0.20601745821936635,0.00011135857461024499,0.5,-0.24542350585663586,0.7041467556687082,0.3185963908446797,0.46075509947108945,0.2954177259190782,0.20888845300783077
2021-03-20 13:00:00,0.3193863319386332,0.07569721115537842,-0.15949367088607602,-0.20264238528834144,0.20661946578372223,0.00011135857461024499,0.5,-0.11020344383990122,0.6947848750168817,0.23209863298179192,0.41059744967294665,0.2881839027093291,0.19401904129637734
2021-03-20 13:10:00,0.33821478382147835,0.10756972111553775,-0.1544303797468355,-0.19800035707909291,0.21156639750821216,0.00011135857461024499,0.5,-0.11020344383990122,0.6947848750168817,0.23209863298179192,0.41059744967294665,0.2881839027093291,0.21714923729197155
2021-03-20 13:20:00,0.30474198047419804,-0.553784860557769,-0.14877140729709615,-0.1933583288698446,0.22038711703812278,0.00011135857461024499,0.5,-0.11020344383990122,0.6947848750168817,0.23209863298179192,0.41059744967294665,0.2881839027093291,0.1802661556799493
2021-03-20 13:30:00,0.17294281729428174,-0.019920318725099695,-0.14192107222635897,-0.19085877521871086,0.201960450720446,0.00011135857461024499,0.5,-0.11020344383990122,0.6947848750168817,0.23209863298179192,0.41059744967294665,0.2881839027093291,0.06041311465515941
2021-03-20 13:40:00,0.2112970711297071,0.24302788844621515,-0.12911392405063304,-0.18336011426530985,0.20795435212207666,0.00011135857461024499,0.5,-0.11020344383990122,0.6947848750168817,0.23209863298179192,0.41059744967294665,0.2881839027093291,0.08015601188949409
2021-03-20 13:50:00,0.2615062761506276,-0.649402390438247,-0.11988086373790041,-0.16264952687020162,0.19591420083495834,0.00011135857461024499,0.5,-0.11020344383990122,0.6947848750168817,0.23209863298179192,0.41059744967294665,0.2881839027093291,0.10576821521794891
2021-03-20 14:00:00,0.1603905160390516,0.4501992031872508,-0.11273268801191372,-0.16907695054454563,0.1969480833911348,0.00011135857461024499,0.5,-0.10684858998146574,0.6767019054214445,0.2291789914143034,0.3628265015970745,0.2800909726798462,0.042518520753805994
2021-03-20 14:10:00,0.18619246861924685,-0.1633466135458168,-0.10528667163067773,-0.17014818782360286,0.20610906806611615,0.01135857461024499,0.5,-0.10684858998146574,0.6767019054214445,0.2291789914143034,0.3628265015970745,0.2800909726798462,0.02278316761470797
2021-03-20 14:20:00,0.16108786610878661,0.6254980079681274,-0.1005212211466866,-0.14658096768434214,0.16246351965031214,0.00011135857461024499,0.5,-0.10684858998146574,0.6767019054214445,0.2291789914143034,0.3628265015970745,0.2800909726798462,0.027905608280398935
2021-03-20 14:30:00,0.08437935843793584,-0.2270916334661356,-0.08741623231571116,-0.14586680949830377,0.1980997500359896,0.6850779510022272,0.5,-0.10684858998146574,0.6767019054214445,0.2291789914143034,0.3628265015970745,0.2800909726798462,0.0002866756189930142
2021-03-20 14:40:00,0.09902370990237098,-0.11952191235059773,-0.05941921072226375,-0.11480092840564182,0.1980997500359896,0.9995545657015591,0.5,-0.10684858998146574,0.6767019054214445,0.2291789914143034,0.3628265015970745,0.2800909726798462,0.0
2021-03-20 14:50:00,0.16248256624825663,-0.01195219123505975,-0.03827252419955329,-0.08980539189430448,0.19799505306827553,0.9995545657015591,0.5,-0.10684858998146574,0.6767019054214445,0.2291789914143034,0.3628265015970745,0.2800909726798462,0.0
2021-03-20 15:00:00,0.14574616457461645,-0.06772908366533881,-0.021891288160834188,-0.0783788609176932,0.16279069767441862,0.1801781737193764,0.5,-0.10315990505042494,0.6563488665457892,0.22069956504023752,0.35491111805599274,0.2855794472259432,0.0
2021-03-20 15:10:00,0.13807531380753138,0.7609561752988048,-0.009381980640357557,-0.07052312087127288,0.17103558388190182,0.8821826280623608,0.5,-0.10315990505042494,0.6563488665457892,0.22069956504023752,0.35491111805599274,0.2855794472259432,0.0
2021-03-20 15:20:00,0.17782426778242677,0.07968127490039834,-0.00044676098287421695,-0.05552579896447052,0.19020821609454136,0.974498886414254,0.5,-0.10315990505042494,0.6563488665457892,0.22069956504023752,0.35491111805599274,0.2855794472259432,0.0
2021-03-20 15:30:00,0.10669456066945607,-0.601593625498008,0.007892777364109982,-0.0448134261738975,0.23136721152713616,0.989532293986637,0.5,-0.10315990505042494,0.6563488665457892,0.22069956504023752,0.35491111805599274,0.2855794472259432,0.0
2021-03-20 15:40:00,0.1499302649930265,-0.4282868525896415,0.015934475055845,-0.038386002499553595,0.23136721152713616,0.9979955456570156,0.5,-0.10315990505042494,0.6563488665457892,0.22069956504023752,0.35491111805599274,0.2855794472259432,0.0
2021-03-20 15:50:00,0.1290097629009763,-0.254980079681275,0.018912881608339482,-0.04017139796464908,0.23136721152713616,0.9979955456570156,0.5,-0.10315990505042494,0.6563488665457892,0.22069956504023752,0.35491111805599274,0.2855794472259432,0.0
2021-03-20 16:00:00,0.03486750348675035,-0.08167330677290852,0.025167535368577854,-0.038386002499553595,0.23136721152713616,0.9979955456570156,0.5,-0.050524527361707317,0.6412141135092128,0.18467116527088703,0.35898798127397186,0.29731431525360835,0.0
2021-03-20 16:10:00,0.07252440725244073,0.09163346613545809,0.03827252419955318,-0.03088734154615247,0.23136721152713616,0.9979955456570156,0.5,-0.050524527361707317,0.6412141135092128,0.18467116527088703,0.35898798127397186,0.29731431525360835,0.0
2021-03-20 16:20:00,0.099721059972106,-0.09428950863213814,0.04839910647803425,-0.02660239242992324,0.23136721152713616,0.9979955456570156,0.5,-0.050524527361707317,0.6412141135092128,0.18467116527088703,0.35898798127397186,0.29731431525360835,0.0
2021-03-20 16:30:00,0.09135285913528592,-0.2802124833997345,0.0507818317200297,-0.027673629708980574,0.23136721152713616,0.9979955456570156,0.5,-0.050524527361707317,0.6412141135092128,0.18467116527088703,0.35898798127397186,0.29731431525360835,0.0
2021-03-20 16:40:00,0.09623430962343095,-0.4661354581673308,0.06090841399851055,-0.023745759685770196,0.23136721152713616,0.9979955456570156,0.5,-0.050524527361707317,0.6412141135092128,0.18467116527088703,0.35898798127397186,0.29731431525360835,0.0
2021-03-20 16:50:00,0.07043235704323571,-0.4183266932270917,0.06478034251675346,-0.02053204784859841,0.23136721152713616,0.9979955456570156,0.5,-0.050524527361707317,0.6412141135092128,0.18467116527088703,0.35898798127397186,0.29731431525360835,0.0
2021-03-20 17:00:00,0.04602510460251046,-0.31872509960159356,0.06805658972449735,-0.02053204784859841,0.23136721152713616,0.9979955456570156,0.5,-0.04886341009324535,0.6388635860772911,0.17819616293433682,0.3875956651653467,0.3081115101282676,0.0
2021-03-20 17:10:00,0.11715481171548117,-0.21912350597609564,0.07580044676098274,-0.017318336011426405,0.23136721152713616,0.9979955456570156,0.5,-0.04886341009324535,0.6388635860772911,0.17819616293433682,0.3875956651653467,0.3081115101282676,0.0
2021-03-20 17:20:00,0.09483960948396096,-0.6254980079681276,0.07997021593447484,-0.019103731476522,0.23136721152713616,0.9979955456570156,0.5,-0.04886341009324535,0.6388635860772911,0.17819616293433682,0.3875956651653467,0.3081115101282676,0.0
2021-03-20 17:30:00,0.05439330543933055,-0.6314741035856574,0.07699180938198036,-0.02053204784859841,0.23136721152713616,0.9979955456570156,0.5,-0.04886341009324535,0.6388635860772911,0.17819616293433682,0.3875956651653467,0.3081115101282676,0.0
2021-03-20 17:40:00,0.15620641562064158,-0.6374501992031874,0.07669396872673095,-0.021246206034636783,0.23136721152713616,0.9979955456570156,0.5,-0.04886341009324535,0.6388635860772911,0.17819616293433682,0.3875956651653467,0.3081115101282676,0.0
2021-03-20 17:50:00,0.1882845188284519,-0.6434262948207172,0.07669396872673095,-0.027316550615961277,0.1679470233343367,0.5951002227171492,0.5,-0.04886341009324535,0.6388635860772911,0.17819616293433682,0.3875956651653467,0.3081115101282676,0.0
2021-03-20 18:00:00,0.1415620641562064,-0.649402390438247,0.07639612807148177,-0.020889126941617486,0.19176558348928818,0.43608017817371936,0.5,-0.13056053535710999,0.6442025591439253,0.19623331617538245,0.4301867168619039,0.32373805185271903,0.0
2021-03-20 18:10:00,0.12622036262203626,-0.10358565737051795,0.06954579300074437,-0.017318336011426405,0.19743230686681237,0.9993318485523385,0.5,-0.13056053535710999,0.6442025591439253,0.19623331617538245,0.4301867168619039,0.32373805185271903,0.0
2021-03-20 18:20:00,0.23430962343096234,0.4422310756972112,0.06478034251675346,-0.018746652383503037,0.19817827276177513,0.517260579064588,0.5,-0.13056053535710999,0.6442025591439253,0.19623331617538245,0.4301867168619039,0.32373805185271903,0.03440861837439836
2021-03-20 18:30:00,0.2398884239888424,0.11553784860557759,0.06835443037974676,-0.027316550615961277,0.22085825339283613,0.00011135857461024499,0.5,-0.13056053535710999,0.6442025591439253,0.19623331617538245,0.4301867168619039,0.32373805185271903,0.08963893960197353
2021-03-20 18:40:00,0.25871687587168757,-0.059760956175298974,0.07609828741623215,-0.022317443313693897,0.22874978733428436,0.00011135857461024499,0.5,-0.13056053535710999,0.6442025591439253,0.19623331617538245,0.4301867168619039,0.32373805185271903,0.10870286826500898
2021-03-20 18:50:00,0.23361227336122734,-0.07569721115537853,0.08086373790022328,-0.015175861453311956,0.21805760950648467,0.00011135857461024499,0.5,-0.13056053535710999,0.6442025591439253,0.19623331617538245,0.4301867168619039,0.32373805185271903,0.10084946512364773
2021-03-20 19:00:00,0.30822873082287305,-0.13147410358565736,0.08324646314221873,-0.010890912337082503,0.20830770438811166,0.00011135857461024499,0.5,-0.13953398396316752,0.6638487156867564,0.19603700791206,0.47943278170801584,0.32457572502381443,0.17261644310997784
2021-03-20 19:10:00,0.27266387726638774,0.20318725099601576,0.08533134772896478,-0.008034279592929794,0.22439177605318605,0.00011135857461024499,0.5,-0.13953398396316752,0.6638487156867564,0.19603700791206,0.47943278170801584,0.32457572502381443,0.12612972826168958
2021-03-20 19:20:00,0.2391910739191074,-0.1872509960159363,0.07818317200297842,-0.0016068559185858922,0.2247320411982568,0.00011135857461024499,0.5,-0.13953398396316752,0.6638487156867564,0.19603700791206,0.47943278170801584,0.32457572502381443,0.1002383934094784
2021-03-20 19:30:00,0.29428172942817293,-0.23505976095617542,0.07311988086373788,0.0001785395465094819,0.22649880252843177,0.00011135857461024499,0.5,-0.13953398396316752,0.6638487156867564,0.19603700791206,0.47943278170801584,0.32457572502381443,0.14620456568643725
2021-03-20 19:40:00,0.296373779637378,-0.1633466135458168,0.07073715562174243,-0.0016068559185858922,0.2126133671853529,0.00011135857461024499,0.5,-0.13953398396316752,0.6638487156867564,0.19603700791206,0.47943278170801584,0.32457572502381443,0.15261704663759676
2021-03-20 19:50:00,0.1701534170153417,0.2589641434262948,0.010573343261355062,-0.03802892340653463,0.2160291057570245,0.00011135857461024499,0.5,-0.13953398396316752,0.6638487156867564,0.19603700791206,0.47943278170801584,0.32457572502381443,0.05458152903722256
2021-03-20 20:00:00,0.21548117154811713,0.12350597609561742,-0.041846612062546584,-0.09980360649883946,0.21809687086937746,0.00011135857461024499,0.5,-0.14297025271302377,0.666733715126421,0.2011080510863088,0.4834167867583632,0.31751525358526217,0.07501848303332981
2021-03-20 20:10:00,0.1903765690376569,-0.33067729083665354,-0.06209977661950872,-0.12408498482413843,0.21279658687885256,0.00011135857461024499,0.5,-0.14297025271302377,0.666733715126421,0.2011080510863088,0.4834167867583632,0.31751525358526217,0.0647886898924212
2021-03-20 20:20:00,0.23570432357043236,-0.06772908366533881,-0.0734177215189874,-0.13872522763792183,0.20015442802737826,0.00011135857461024499,0.5,-0.14297025271302377,0.666733715126421,0.2011080510863088,0.4834167867583632,0.31751525358526217,0.10364832445644794
2021-03-20 20:30:00,0.24058577405857742,0.027888446215139417,-0.08116157855547301,-0.15086591680057126,0.18785253432097476,0.00011135857461024499,0.5,-0.14297025271302377,0.666733715126421,0.2011080510863088,0.4834167867583632,0.31751525358526217,0.09709250569579189
2021-03-20 20:40:00,0.23500697350069735,-0.05179282868525903,-0.08920327624720792,-0.15872165684699147,0.1999581212129144,0.00011135857461024499,0.5,-0.14297025271302377,0.666733715126421,0.2011080510863088,0.4834167867583632,0.31751525358526217,0.10198862350438312
2021-03-20 20:50:00,0.38284518828451886,-0.15537848605577698,-0.09784065524944163,-0.16193536868416358,0.1878001858371177,0.00011135857461024499,0.5,-0.14297025271302377,0.666733715126421,0.2011080510863088,0.4834167867583632,0.31751525358526217,0.2510901217616971
2021-03-20 21:00:00,0.4435146443514645,0.019920318725099362,-0.10469099032017881,-0.16193536868416358,0.1878001858371177,0.00011135857461024499,0.5,-0.14722894194327774,0.6704146755668713,0.20098402687343458,0.5198787021466311,0.30823037816760784,0.3472547037433801
2021-03-20 21:10:00,0.4072524407252441,0.22709163346613526,-0.1118391660461654,-0.16372076414925896,0.1878001858371177,0.00011135857461024499,0.5,-0.14722894194327774,0.6704146755668713,0.20098402687343458,0.5198787021466311,0.30823037816760784,0.3103112693694645
2021-03-20 21:20:00,0.4860529986052998,-0.003984063745020028,-0.11868950111690268,-0.17014818782360286,0.1878001858371177,0.00011135857461024499,0.5,-0.14722894194327774,0.6704146755668713,0.20098402687343458,0.5198787021466311,0.30823037816760784,0.464655913816256
2021-03-20 21:30:00,0.4714086471408647,0.09960159362549792,-0.12464631422189132,-0.17050526691662193,0.1878001858371177,0.00011135857461024499,0.5,-0.14722894194327774,0.6704146755668713,0.20098402687343458,0.5198787021466311,0.30823037816760784,0.4384854474402885
2021-03-20 21:40:00,0.5585774058577406,-0.059760956175298974,-0.131794489947878,-0.17014818782360286,0.1878001858371177,0.00011135857461024499,0.5,-0.14722894194327774,0.6704146755668713,0.20098402687343458,0.5198787021466311,0.30823037816760784,0.614443924740106
2021-03-20 21:50:00,0.5767085076708507,-0.2270916334661356,-0.13745346239761735,-0.16407784324227825,0.1878001858371177,0.00011135857461024499,0.5,-0.14722894194327774,0.6704146755668713,0.20098402687343458,0.5198787021466311,0.30823037816760784,0.6531225010184529
2021-03-20 22:00:00,0.45258019525801957,-0.043824701195219196,-0.1434102755026062,-0.16514908052133537,0.17836437162188692,0.00011135857461024499,0.5,-0.2326880955819498,0.6782421043254897,0.22929730899161593,0.5191433858825873,0.2913451109360207,0.43019448677520106
2021-03-20 22:10:00,0.44002789400278935,-0.02788844621513953,-0.1505584512285929,-0.16657739689341178,0.17658452317074766,0.00011135857461024499,0.5,-0.2326880955819498,0.6782421043254897,0.22929730899161593,0.5191433858825873,0.2913451109360207,0.4172110988729122
2021-03-20 22:20:00,0.4281729428172943,-0.19521912350597614,-0.15621742367833225,-0.17050526691662193,0.17658452317074766,0.00011135857461024499,0.5,-0.2326880955819498,0.6782421043254897,0.22929730899161593,0.5191433858825873,0.2913451109360207,0.41197549677867135
2021-03-20 22:30:00,0.4511854951185495,-0.17131474103585675,-0.16008935219657494,-0.17336189966077487,0.17658452317074766,0.00011135857461024499,0.5,-0.2326880955819498,0.6782421043254897,0.22929730899161593,0.5191433858825873,0.2913451109360207,0.46742459676810966
2021-03-20 22:40:00,0.47419804741980476,-0.38645418326693237,-0.16157855547282218,-0.1740760578468129,0.17658452317074766,0.00011135857461024499,0.5,-0.2326880955819498,0.6782421043254897,0.22929730899161593,0.5191433858825873,0.2913451109360207,0.49968314800006036
2021-03-20 22:50:00,0.46722454672245467,0.07569721115537842,-0.16396128071481764,-0.17728976968398502,0.16657287563308948,0.00011135857461024499,0.5,-0.2326880955819498,0.6782421043254897,0.22929730899161593,0.5191433858825873,0.2913451109360207,0.4891515910496854
2021-03-20 23:00:00,0.5076708507670851,0.019920318725099362,-0.16455696202531667,-0.18121763970719518,0.16526416353666357,0.00011135857461024499,0.5,-0.29072213774625844,0.6773139620754745,0.24612985487264885,0.5112527560814507,0.2732087079902442,0.5586402522745447
2021-03-20 23:10:00,0.4797768479776848,-0.2749003984063746,-0.16842889054355936,-0.18121763970719518,0.16526416353666357,0.00011135857461024499,0.5,-0.29072213774625844,0.6773139620754745,0.24612985487264885,0.5112527560814507,0.2732087079902442,0.45199692200914343
2021-03-20 23:20:00,0.4379358437935844,-0.019920318725099695,-0.17110945644080433,-0.18193179789323333,0.15649579249061,0.00011135857461024499,0.5,-0.29072213774625844,0.6773139620754745,0.24612985487264885,0.5112527560814507,0.2732087079902442,0.3882493172593811
2021-03-20 23:30:00,0.4511854951185495,0.22709163346613526,-0.17349218168279978,-0.1855025888234243,0.15404850087029356,0.00011135857461024499,0.5,-0.29072213774625844,0.6773139620754745,0.24612985487264885,0.5112527560814507,0.2732087079902442,0.39739276068621093
2021-03-20 23:40:00,0.4428172942817294,-0.059760956175298974,-0.17647058823529427,-0.1919300124977681,0.15404850087029356,0.00011135857461024499,0.5,-0.29072213774625844,0.6773139620754745,0.24612985487264885,0.5112527560814507,0.2732087079902442,0.40067444211415726
2021-03-20 23:50:00,0.44979079497907953,-0.2270916334661356,-0.18004467609828745,-0.1919300124977681,0.15404850087029356,0.00011135857461024499,0.5,-0.29072213774625844,0.6773139620754745,0.24612985487264885,0.5112527560814507,0.2732087079902442,0.4070869230653168
2021-03-21 00:00:00,0.4393305439330544,-0.2509960159362551,-0.18510796723752798,-0.1919300124977681,0.14918009187158918,0.00011135857461024499,0.5,-0.2933441575226393,0.6685411500343377,0.23315550188781844,0.5147774246579526,0.2563254758924177,0.38385865383164597
2021-03-21 00:10:00,0.42538354253835425,0.05179282868525892,-0.1898734177215191,-0.19478664524192102,0.14281975108295927,0.00011135857461024499,0.5,-0.2933441575226393,0.6685411500343377,0.23315550188781844,0.5147774246579526,0.2563254758924177,0.363172744692729
2021-03-21 00:20:00,0.4281729428172943,0.14741035856573692,-0.19195830230826516,-0.20228530619532226,0.14281975108295927,0.00011135857461024499,0.5,-0.2933441575226393,0.6685411500343377,0.23315550188781844,0.5147774246579526,0.2563254758924177,0.3613470736454577
2021-03-21 00:30:00,0.40585774058577406,-0.4900398406374503,-0.1973194341027551,-0.20264238528834144,0.14281975108295927,0.00011135857461024499,0.5,-0.2933441575226393,0.6685411500343377,0.23315550188781844,0.5147774246579526,0.2563254758924177,0.32198952879581155
2021-03-21 00:40:00,0.3849372384937238,-0.10756972111553798,-0.2011913626209978,-0.204784859846456,0.13186583083587441,0.00011135857461024499,0.5,-0.2933441575226393,0.6685411500343377,0.23315550188781844,0.5147774246579526,0.2563254758924177,0.2827526894699519
2021-03-21 00:50:00,0.3577405857740586,-0.0916334661354582,-0.20625465376023833,-0.2126405998928762,0.13160408841658924,0.00011135857461024499,0.5,-0.2933441575226393,0.6685411500343377,0.23315550188781844,0.5147774246579526,0.2563254758924177,0.25028290357137467
2021-03-21 01:00:00,0.3591352859135286,0.07569721115537842,-0.21042442293373054,-0.22263881449741119,0.13160408841658924,0.00011135857461024499,0.5,-0.3506819872971424,0.6596677653035736,0.2678351066386306,0.529638284517674,0.24342049820585185,0.2512787241426136
2021-03-21 01:10:00,0.3765690376569038,-0.2509960159362551,-0.21221146686522718,-0.2237100517764684,0.13160408841658924,0.00011135857461024499,0.5,-0.3506819872971424,0.6596677653035736,0.2678351066386306,0.529638284517674,0.24342049820585185,0.2725002640433333
2021-03-21 01:20:00,0.3682008368200837,-0.31474103585657376,-0.21459419210722275,-0.22263881449741119,0.13160408841658924,0.00011135857461024499,0.5,-0.3506819872971424,0.6596677653035736,0.2678351066386306,0.529638284517674,0.24342049820585185,0.2718741041386907
2021-03-21 01:30:00,0.39539748953974896,-0.1633466135458168,-0.21518987341772167,-0.2240671308694876,0.13160408841658924,0.00011135857461024499,0.5,-0.3506819872971424,0.6596677653035736,0.2678351066386306,0.529638284517674,0.24342049820585185,0.31144288365496325
2021-03-21 01:40:00,0.42677824267782427,-0.20318725099601598,-0.2169769173492183,-0.22620960542760216,0.13160408841658924,0.00011135857461024499,0.5,-0.3506819872971424,0.6596677653035736,0.2678351066386306,0.529638284517674,0.24342049820585185,0.3749717096428626
2021-03-21 01:50:00,0.4588563458856346,-0.47410358565737054,-0.2211466865227104,-0.23120871272986965,0.13160408841658924,0.00011135857461024499,0.5,-0.3506819872971424,0.6596677653035736,0.2678351066386306,0.529638284517674,0.24342049820585185,0.41416328439730227
2021-03-21 02:00:00,0.4818688981868898,-0.06772908366533881,-0.2211466865227104,-0.22513836814854493,0.12342463781392732,0.00011135857461024499,0.5,-0.349301769748281,0.6500386486478714,0.24868224273821116,0.5359651071947138,0.23407102646445785,0.4849495300028668
2021-03-21 02:10:00,0.4881450488145049,0.24302788844621515,-0.22323157110945657,-0.22978039635779324,0.1203360772663622,0.00011135857461024499,0.5,-0.349301769748281,0.6500386486478714,0.24868224273821116,0.5359651071947138,0.23407102646445785,0.49502844123904216
2021-03-21 02:20:00,0.4755927475592748,0.24302788844621515,-0.2241250930752049,-0.22442420996250667,0.1203360772663622,0.00011135857461024499,0.5,-0.349301769748281,0.6500386486478714,0.24868224273821116,0.5359651071947138,0.23407102646445785,0.4839009007649712
2021-03-21 02:30:00,0.47419804741980476,0.4183266932270917,-0.2241250930752049,-0.2240671308694876,0.1203360772663622,0.00011135857461024499,0.5,-0.349301769748281,0.6500386486478714,0.24868224273821116,0.5359651071947138,0.23407102646445785,0.48911387057350214
2021-03-21 02:40:00,0.46582984658298465,0.2669322709163344,-0.2241250930752049,-0.2240671308694876,0.1203360772663622,0.00011135857461024499,0.5,-0.349301769748281,0.6500386486478714,0.24868224273821116,0.5359651071947138,0.23407102646445785,0.46498030991143235
2021-03-21 02:50:00,0.4435146443514645,0.2828685258964143,-0.22591213700670154,-0.2240671308694876,0.12413134234599732,0.00011135857461024499,0.5,-0.349301769748281,0.6500386486478714,0.24868224273821116,0.5359651071947138,0.23407102646445785,0.43226156887004547
2021-03-21 03:00:00,0.4776847977684798,-0.23505976095617542,-0.23008190618019375,-0.22121049812533466,0.13156482705369646,0.00011135857461024499,0.5,-0.34558556851841915,0.6390388699077889,0.24233773213483845,0.5478521912426567,0.22466234327878182,0.47623610000452643
2021-03-21 03:10:00,0.502092050209205,-0.2589641434262948,-0.23306031273268812,-0.22049633993929663,0.13156482705369646,0.00011135857461024499,0.5,-0.34558556851841915,0.6390388699077889,0.24233773213483845,0.5478521912426567,0.22466234327878182,0.5148166030447968
2021-03-21 03:20:00,0.5167364016736402,-0.36254980079681276,-0.2363365599404319,-0.22049633993929663,0.13156482705369646,0.00011135857461024499,0.5,-0.34558556851841915,0.6390388699077889,0.24233773213483845,0.5478521912426567,0.22466234327878182,0.5474674472290538
2021-03-21 03:30:00,0.5348675034867504,-0.4581673306772909,-0.23901712583767698,-0.22049633993929663,0.13156482705369646,0.00011135857461024499,0.5,-0.34558556851841915,0.6390388699077889,0.24233773213483845,0.5478521912426567,0.22466234327878182,0.6210072875959985
2021-03-21 03:40:00,0.5592747559274756,-0.4661354581673308,-0.24139985107967243,-0.21906802356722022,0.13156482705369646,0.00011135857461024499,0.5,-0.34558556851841915,0.6390388699077889,0.24233773213483845,0.5478521912426567,0.22466234327878182,0.6681654269203494
2021-03-21 03:50:00,0.5613668061366807,-0.29083665338645437,-0.24288905435591968,-0.21871094447420092,0.13156482705369646,0.00011135857461024499,0.5,-0.34558556851841915,0.6390388699077889,0.24233773213483845,0.5478521912426567,0.22466234327878182,0.6669131071110642
2021-03-21 04:00:00,0.5641562064156206,-0.07569721115537853,-0.2470588235294119,-0.22049633993929663,0.13156482705369646,0.00011135857461024499,0.5,-0.4203094299523418,0.6273120942969541,0.27096082115695824,0.5621670674979142,0.2140858612168858,0.7145917890067445
2021-03-21 04:10:00,0.5794979079497908,-0.07569721115537853,-0.2479523454951601,-0.22049633993929663,0.13156482705369646,0.00011135857461024499,0.5,-0.4203094299523418,0.6273120942969541,0.27096082115695824,0.5621670674979142,0.2140858612168858,0.7203479336723148
2021-03-21 04:20:00,0.5850767085076709,-0.043824701195219196,-0.2479523454951601,-0.22049633993929663,0.13156482705369646,0.00011135857461024499,0.5,-0.4203094299523418,0.6273120942969541,0.27096082115695824,0.5621670674979142,0.2140858612168858,0.7402492569066192
2021-03-21 04:30:00,0.5523012552301255,-0.15537848605577698,-0.2479523454951601,-0.21871094447420092,0.13156482705369646,0.00011135857461024499,0.5,-0.4203094299523418,0.6273120942969541,0.27096082115695824,0.5621670674979142,0.2140858612168858,0.6543672767325015
2021-03-21 04:40:00,0.5195258019525802,-0.31474103585657376,-0.2509307520476546,-0.21978218175325825,0.13156482705369646,0.00011135857461024499,0.5,-0.4203094299523418,0.6273120942969541,0.27096082115695824,0.5621670674979142,0.2140858612168858,0.5891259411258808
2021-03-21 04:50:00,0.5167364016736402,-0.38645418326693237,-0.251824274013403,-0.21835386538118184,0.13156482705369646,0.00011135857461024499,0.5,-0.4203094299523418,0.6273120942969541,0.27096082115695824,0.5621670674979142,0.2140858612168858,0.5637928693211823
2021-03-21 05:00:00,0.4923291492329149,-0.3705179282868527,-0.254504839910648,-0.22049633993929663,0.13156482705369646,0.00011135857461024499,0.5,-0.4270201382618972,0.6164732318602787,0.29730924524418506,0.578921073137218,0.20548712181013665,0.512583550854746
2021-03-21 05:10:00,0.49721059972105996,-0.4422310756972112,-0.25688756515264344,-0.22049633993929663,0.13156482705369646,0.00011135857461024499,0.5,-0.4270201382618972,0.6164732318602787,0.29730924524418506,0.578921073137218,0.20548712181013665,0.5270078609472366
2021-03-21 05:20:00,0.5320781032078103,-0.2589641434262948,-0.25688756515264344,-0.22478128905552575,0.12555783853110153,0.00011135857461024499,0.5,-0.4270201382618972,0.6164732318602787,0.29730924524418506,0.578921073137218,0.20548712181013665,0.5738265159859378
2021-03-21 05:30:00,0.5292887029288703,0.09960159362549792,-0.2580789277736413,-0.23370826638100328,0.1203360772663622,0.00011135857461024499,0.5,-0.4270201382618972,0.6164732318602787,0.29730924524418506,0.578921073137218,0.20548712181013665,0.5645925434162681
2021-03-21 05:40:00,0.5195258019525802,0.19521912350597592,-0.2598659717051379,-0.23477950366006073,0.1203360772663622,0.00011135857461024499,0.5,-0.4270201382618972,0.6164732318602787,0.29730924524418506,0.578921073137218,0.20548712181013665,0.5711106417007408
2021-03-21 05:50:00,0.49372384937238495,0.4661354581673305,-0.2598659717051379,-0.2383502945902518,0.1203360772663622,0.00011135857461024499,0.5,-0.4270201382618972,0.6164732318602787,0.29730924524418506,0.578921073137218,0.20548712181013665,0.5318436259939345
2021-03-21 06:00:00,0.49372384937238495,0.346613545816733,-0.2598659717051379,-0.24192108552044278,0.1203360772663622,0.00011135857461024499,0.5,-0.4788849595243583,0.635188372647678,0.355287140781558,0.5910341684141187,0.1995680764262284,0.5363097303740363
2021-03-21 06:10:00,0.50697350069735,0.3306772908366533,-0.2598659717051379,-0.24192108552044278,0.1203360772663622,0.00011135857461024499,0.5,-0.4788849595243583,0.635188372647678,0.355287140781558,0.5910341684141187,0.1995680764262284,0.5621105360834076
2021-03-21 06:20:00,0.5258019525801952,0.09163346613545809,-0.2598659717051379,-0.24192108552044278,0.1203360772663622,0.00011135857461024499,0.5,-0.4788849595243583,0.635188372647678,0.355287140781558,0.5910341684141187,0.1995680764262284,0.5814007876035427
2021-03-21 06:30:00,0.5292887029288703,0.2749003984063745,-0.2598659717051379,-0.24192108552044278,0.1203360772663622,0.00011135857461024499,0.5,-0.4788849595243583,0.635188372647678,0.355287140781558,0.5910341684141187,0.1995680764262284,0.6071638728367308
2021-03-21 06:40:00,0.5383542538354253,0.41035856573705165,-0.2580789277736413,-0.2415640064274236,0.1203360772663622,0.00011135857461024499,0.5,-0.4788849595243583,0.635188372647678,0.355287140781558,0.5910341684141187,0.1995680764262284,0.6318028878796567
2021-03-21 06:50:00,0.5237099023709902,0.25099601593625476,-0.25688756515264344,-0.24084984824138556,0.12503435369253119,0.00011135857461024499,0.5,-0.4788849595243583,0.635188372647678,0.355287140781558,0.5910341684141187,0.1995680764262284,0.6001101437904552
2021-03-21 07:00:00,0.5299860529986052,-0.3227091633466136,-0.25688756515264344,-0.23085163363685057,0.13156482705369646,0.00011135857461024499,0.5,-0.4793205842260566,0.638671061214286,0.3522103765149374,0.5865682881486246,0.20645311844542313,0.6042971166468005
2021-03-21 07:10:00,0.5306834030683404,-0.38645418326693237,-0.25688756515264344,-0.22585252633458308,0.13156482705369646,0.00011135857461024499,0.5,-0.4793205842260566,0.638671061214286,0.3522103765149374,0.5865682881486246,0.20645311844542313,0.6085444422650391
2021-03-21 07:20:00,0.5160390516039052,-0.2589641434262948,-0.25688756515264344,-0.2240671308694876,0.13156482705369646,0.00011135857461024499,0.5,-0.4793205842260566,0.638671061214286,0.3522103765149374,0.5865682881486246,0.20645311844542313,0.5645321906543748
2021-03-21 07:30:00,0.5258019525801952,-0.019920318725099695,-0.25688756515264344,-0.225495447241564,0.13156482705369646,0.00011135857461024499,0.5,-0.4793205842260566,0.638671061214286,0.3522103765149374,0.5865682881486246,0.20645311844542313,0.5813630671273594
2021-03-21 07:40:00,0.4881450488145049,-0.12350597609561753,-0.25778108711839176,-0.23120871272986965,0.13156482705369646,0.00011135857461024499,0.5,-0.4793205842260566,0.638671061214286,0.3522103765149374,0.5865682881486246,0.20645311844542313,0.4971785083814898
2021-03-21 07:50:00,0.49721059972105996,-0.49800796812749004,-0.2598659717051379,-0.2304945545438314,0.13156482705369646,0.00011135857461024499,0.5,-0.4793205842260566,0.638671061214286,0.3522103765149374,0.5865682881486246,0.20645311844542313,0.5200295728533277
2021-03-21 08:00:00,0.5292887029288703,-0.2828685258964144,-0.2598659717051379,-0.22799500089269775,0.12367329311224823,0.00011135857461024499,0.5,-0.47401554187263595,0.6490846448490994,0.33863555865489275,0.5805961816829598,0.2102016075333178,0.578458590461246
2021-03-21 08:10:00,0.5327754532775453,0.01195219123505975,-0.2598659717051379,-0.23406534547402247,0.1203360772663622,0.00011135857461024499,0.5,-0.47401554187263595,0.6490846448490994,0.33863555865489275,0.5805961816829598,0.2102016075333178,0.5783982376993527
2021-03-21 08:20:00,0.5132496513249651,0.09960159362549792,-0.2589724497393895,-0.23549366184609888,0.1212260014919318,0.00011135857461024499,0.5,-0.47401554187263595,0.6490846448490994,0.33863555865489275,0.5805961816829598,0.2102016075333178,0.5901443939828297
2021-03-21 08:30:00,0.5041841004184101,0.2589641434262948,-0.25390915860014907,-0.23585074093911806,0.13156482705369646,0.00011135857461024499,0.5,-0.47401554187263595,0.6490846448490994,0.33863555865489275,0.5805961816829598,0.2102016075333178,0.5453551005627895
2021-03-21 08:40:00,0.5278940027894004,0.22709163346613526,-0.24973938942665685,-0.23477950366006073,0.13156482705369646,0.00011135857461024499,0.5,-0.47401554187263595,0.6490846448490994,0.33863555865489275,0.5805961816829598,0.2102016075333178,0.5976884892194879
2021-03-21 08:50:00,0.4874476987447699,-0.043824701195219196,-0.24467609828741632,-0.23085163363685057,0.13156482705369646,0.00011135857461024499,0.5,-0.47401554187263595,0.6490846448490994,0.33863555865489275,0.5805961816829598,0.2102016075333178,0.507461110189055
2021-03-21 09:00:00,0.4721059972105997,0.027888446215139417,-0.2434847356664186,-0.22620960542760216,0.12123908861289606,0.00011135857461024499,0.5,-0.475477174312918,0.6520587229567212,0.3320669674951307,0.5650299125612903,0.21089853469927414,0.46268690495948817
2021-03-21 09:10:00,0.4351464435146444,0.24302788844621515,-0.24080416976917363,-0.23120871272986965,0.12380416432189084,0.00011135857461024499,0.5,-0.475477174312918,0.6520587229567212,0.3320669674951307,0.5650299125612903,0.21089853469927414,0.39520497306758
2021-03-21 09:20:00,0.41283124128312415,0.10756972111553775,-0.23842144452717806,-0.23263702910194595,0.13156482705369646,0.00011135857461024499,0.5,-0.475477174312918,0.6520587229567212,0.3320669674951307,0.5650299125612903,0.21089853469927414,0.32260060050998085
2021-03-21 09:30:00,0.4379358437935844,-0.10756972111553798,-0.23365599404318704,-0.23299410819496513,0.13156482705369646,0.00011135857461024499,0.5,-0.475477174312918,0.6520587229567212,0.3320669674951307,0.5650299125612903,0.21089853469927414,0.3789021832611615
2021-03-21 09:40:00,0.4177126917712692,-0.02788844621513953,-0.22680565897244986,-0.22620960542760216,0.13156482705369646,0.00011135857461024499,0.5,-0.475477174312918,0.6520587229567212,0.3320669674951307,0.5650299125612903,0.21089853469927414,0.3535012145993331
2021-03-21 09:50:00,0.405160390516039,0.14741035856573692,-0.21876396128071496,-0.225495447241564,0.13356715656122808,0.00011135857461024499,0.5,-0.475477174312918,0.6520587229567212,0.3320669674951307,0.5650299125612903,0.21089853469927414,0.3330039078413326
2021-03-21 10:00:00,0.4393305439330544,0.14741035856573692,-0.2089352196574834,-0.22335297268344934,0.14339558440538666,0.00011135857461024499,0.5,-0.18379033180654014,0.6487570652314483,0.19921002409848793,0.6385614666391802,0.2279654003841647,0.3996409010667351
2021-03-21 10:10:00,0.42329149232914925,-0.08366533864541836,-0.19880863737900234,-0.21906802356722022,0.15127403122587063,0.00011135857461024499,0.5,-0.18379033180654014,0.6487570652314483,0.19921002409848793,0.6385614666391802,0.2279654003841647,0.35244504126620096
2021-03-21 10:20:00,0.45676429567642957,0.11553784860557759,-0.18838421444527187,-0.2094268880557043,0.14975592519401656,0.00011135857461024499,0.5,-0.18379033180654014,0.6487570652314483,0.19921002409848793,0.6385614666391802,0.2279654003841647,0.4342456659172866
2021-03-21 10:30:00,0.4700139470013947,-0.059760956175298974,-0.17587490692479535,-0.20049991073022666,0.1508945047179071,0.00011135857461024499,0.5,-0.18379033180654014,0.6487570652314483,0.19921002409848793,0.6385614666391802,0.2279654003841647,0.4680507566727522
2021-03-21 10:40:00,0.4839609483960949,-0.02788844621513953,-0.16425912137006715,-0.19085877521871086,0.14893143657326827,0.00011135857461024499,0.5,-0.18379033180654014,0.6487570652314483,0.19921002409848793,0.6385614666391802,0.2279654003841647,0.5029271089518234
2021-03-21 10:50:00,0.5160390516039052,0.09163346613545809,-0.15174981384959063,-0.18014640242813773,0.15414011071704337,0.00011135857461024499,0.5,-0.18379033180654014,0.6487570652314483,0.19921002409848793,0.6385614666391802,0.2279654003841647,0.546071789610272
2021-03-21 11:00:00,0.4693165969316597,0.06772908366533859,-0.1395383469843634,-0.17157650419567938,0.16044810302181625,0.00011135857461024499,0.5,-0.1737990469688213,0.6391308220811668,0.2051261565923625,0.6190109212428397,0.2512952807359083,0.45754937610332397
2021-03-21 11:10:00,0.5160390516039052,-0.21912350597609564,-0.12941176470588256,-0.16372076414925896,0.15442802737825706,0.00011135857461024499,0.5,-0.1737990469688213,0.6391308220811668,0.2051261565923625,0.6190109212428397,0.2512952807359083,0.5424808002776228
2021-03-21 11:20:00,0.49023709902370993,-0.0916334661354582,-0.1160089352196576,-0.1569362613818961,0.1542186334428289,0.00033407572383073496,0.5,-0.1737990469688213,0.6391308220811668,0.2051261565923625,0.6190109212428397,0.2512952807359083,0.5045641776181783
2021-03-21 11:30:00,0.5285913528591353,0.07569721115537842,-0.10349962769918108,-0.14943760042849485,0.15158812212901285,0.00033407572383073496,0.5,-0.1737990469688213,0.6391308220811668,0.2051261565923625,0.6190109212428397,0.2512952807359083,0.5687417957964301
2021-03-21 11:40:00,0.5132496513249651,-0.26693227091633476,-0.09516008935219666,-0.14372433494018932,0.15543573569250502,0.00033407572383073496,0.5,-0.1737990469688213,0.6391308220811668,0.2051261565923625,0.6190109212428397,0.2512952807359083,0.5508094814188934
2021-03-21 11:50:00,0.5076708507670851,-0.019920318725099695,-0.08562918838421452,-0.13301196214961608,0.1637853188677023,0.00033407572383073496,0.5,-0.1737990469688213,0.6391308220811668,0.2051261565923625,0.6190109212428397,0.2512952807359083,0.5125684626642727
2021-03-21 12:00:00,0.4100418410041841,-0.02788844621513953,-0.0772896500372302,-0.12622745938225322,0.16450511052073655,0.00011135857461024499,0.5,-0.15985848951195436,0.6287862025763866,0.2119157847695477,0.5805082778796413,0.27887280285369076,0.35589269278935376
2021-03-21 12:10:00,0.4700139470013947,0.09960159362549792,-0.0689501116902459,-0.11158721656846982,0.16556516731884152,0.00011135857461024499,0.5,-0.15985848951195436,0.6287862025763866,0.2119157847695477,0.5805082778796413,0.27887280285369076,0.45593493972267907
2021-03-21 12:20:00,0.49790794979079495,-0.20318725099601598,-0.06388682055100525,-0.11265845384752715,0.16479302718195027,0.00022271714922048998,0.5,-0.15985848951195436,0.6287862025763866,0.2119157847695477,0.5805082778796413,0.27887280285369076,0.4908716447636435
2021-03-21 12:30:00,0.4609483960948396,-0.09960159362549814,-0.05316455696202538,-0.10337439742903054,0.17400636034078865,0.00011135857461024499,0.5,-0.15985848951195436,0.6287862025763866,0.2119157847695477,0.5805082778796413,0.27887280285369076,0.42357077115741515
2021-03-21 12:40:00,0.398884239888424,-0.03585657370517936,-0.04274013402829491,-0.10123192287091587,0.1673973642538378,0.00011135857461024499,0.5,-0.15985848951195436,0.6287862025763866,0.2119157847695477,0.5805082778796413,0.27887280285369076,0.31461140365435974
2021-03-21 12:50:00,0.37099023709902373,0.10756972111553775,-0.03261355174981406,-0.0930191037314766,0.1715852429624007,0.00011135857461024499,0.5,-0.15985848951195436,0.6287862025763866,0.2119157847695477,0.5805082778796413,0.27887280285369076,0.25404740709446716
2021-03-21 13:00:00,0.3277545327754533,0.07569721115537842,-0.02218912881608348,-0.09123370826638089,0.16239808404549083,0.00011135857461024499,0.5,0.026865046395815106,0.6099589950776857,0.1330812775812793,0.49657614794564464,0.2998497437458852,0.19737616367669025
2021-03-21 13:10:00,0.26778242677824265,0.08366533864541825,0.00014892032762459095,-0.050883770755222324,0.17668922013846175,0.00011135857461024499,0.5,0.026865046395815106,0.6099589950776857,0.1330812775812793,0.49657614794564464,0.2998497437458852,0.13685743168821762
2021-03-21 13:20:00,0.25871687587168757,-0.06772908366533881,0.0034251675353684785,-0.060167827173718935,0.15821020533692795,0.00011135857461024499,0.5,0.026865046395815106,0.6099589950776857,0.1330812775812793,0.49657614794564464,0.2998497437458852,0.11439866016868597
2021-03-21 13:30:00,0.21548117154811713,0.17131474103585642,0.012658227848101111,-0.062310301731833606,0.19171323500543117,0.00011135857461024499,0.5,0.026865046395815106,0.6099589950776857,0.1330812775812793,0.49657614794564464,0.2998497437458852,0.086229008555004
2021-03-21 13:40:00,0.18340306834030684,-0.02788844621513953,0.020402084884586502,-0.06123906445277627,0.20723456046904243,0.03719376391982183,0.5,0.026865046395815106,0.6099589950776857,0.1330812775812793,0.49657614794564464,0.2998497437458852,0.019607103520074838
2021-03-21 13:50:00,0.17364016736401675,-0.29083665338645437,0.02635889798957547,-0.05695411533654715,0.20586041276779524,0.010356347438752784,0.5,0.026865046395815106,0.6099589950776857,0.1330812775812793,0.49657614794564464,0.2998497437458852,0.046411273895921666
2021-03-21 14:00:00,0.18131101813110181,-0.5936254980079682,0.033507073715562274,-0.06266738082485268,0.18467236392665978,0.04610244988864142,0.5,0.03530918147182516,0.5936805868847487,0.12485306998605172,0.4025940719204385,0.31536227213087786,0.009354678093456253
2021-03-21 14:10:00,0.19665271966527195,0.36254980079681287,0.04303797468354409,-0.05481164077843248,0.1819109814032011,0.00011135857461024499,0.5,0.03530918147182516,0.5936805868847487,0.12485306998605172,0.4025940719204385,0.31536227213087786,0.0637023401783424
2021-03-21 14:20:00,0.2210599721059972,-0.17131474103585675,0.04929262844378246,-0.05409748259239411,0.20262789388962324,0.00011135857461024499,0.5,0.03530918147182516,0.5936805868847487,0.12485306998605172,0.4025940719204385,0.31536227213087786,0.08068409855606018
2021-03-21 14:30:00,0.11715481171548117,-0.10756972111553798,0.05644080416976904,-0.05302624531333677,0.18677939040190547,0.009910913140311804,0.5,0.03530918147182516,0.5936805868847487,0.12485306998605172,0.4025940719204385,0.31536227213087786,0.006525642379709402
2021-03-21 14:40:00,0.18549511854951187,-0.043824701195219196,0.06746090841399854,-0.06123906445277627,0.1796469094763843,0.37527839643652566,0.5,0.03530918147182516,0.5936805868847487,0.12485306998605172,0.4025940719204385,0.31536227213087786,0.0
2021-03-21 14:50:00,0.23082287308228733,0.2749003984063745,0.0892032762472077,-0.031958578825209805,0.1854314169425868,0.0073496659242761695,0.5,0.03530918147182516,0.5936805868847487,0.12485306998605172,0.4025940719204385,0.31536227213087786,0.0660560978921798
2021-03-21 15:00:00,0.30264993026499304,-0.11553784860557781,0.11451973194341014,0.03160149973219073,0.212364711887032,0.00011135857461024499,0.5,0.03924217778330674,0.570910929952559,0.11749759718939322,0.3312756721608801,0.33183322875434673,0.1526472230185434
2021-03-21 15:10:00,0.2377963737796374,-0.5776892430278885,0.11213700670141469,0.029816104267095245,0.18988103807043488,0.00011135857461024499,0.5,0.03924217778330674,0.570910929952559,0.11749759718939322,0.3312756721608801,0.33183322875434673,0.10112105255216741
2021-03-21 15:20:00,0.15202231520223153,0.298804780876494,0.09664929262844368,-0.008034279592929794,0.1951551478190313,0.0579064587973274,0.5,0.03924217778330674,0.570910929952559,0.11749759718939322,0.3312756721608801,0.33183322875434673,0.0
2021-03-21 15:30:00,0.17642956764295675,0.20717131474103567,0.101712583767684,-0.01624709873236929,0.20996976875057255,0.8836302895322939,0.5,0.03924217778330674,0.570910929952559,0.11749759718939322,0.3312756721608801,0.33183322875434673,0.0
2021-03-21 15:40:00,0.18410041841004185,0.11553784860557759,0.12643335815338785,0.027673629708980574,0.2051275339937967,0.00512249443207127,0.5,0.03924217778330674,0.570910929952559,0.11749759718939322,0.3312756721608801,0.33183322875434673,0.026713641233006923
2021-03-21 15:50:00,0.1506276150627615,0.6733067729083664,0.14609084139985096,0.07516514908052141,0.1790579890329926,0.5811804008908686,0.5,0.03924217778330674,0.570910929952559,0.11749759718939322,0.3312756721608801,0.33183322875434673,0.004134164189688731
2021-03-21 16:00:00,0.12203626220362622,0.5155378486055775,0.15681310498883105,0.09908944831280131,0.17733048906571044,0.9993318485523385,0.5,0.1106956353813573,0.5516641906628332,0.08170507168992626,0.2989654779039387,0.33596371972935785,0.0
2021-03-21 16:10:00,0.17433751743375175,0.3577689243027886,0.16753536857781093,0.1008748437778968,0.17733048906571044,0.9993318485523385,0.5,0.1106956353813573,0.5516641906628332,0.08170507168992626,0.2989654779039387,0.33596371972935785,0.0
2021-03-21 16:20:00,0.15341701534170155,0.19999999999999996,0.17170513775130303,0.10373147652204961,0.17733048906571044,0.9993318485523385,0.5,0.1106956353813573,0.5516641906628332,0.08170507168992626,0.2989654779039387,0.33596371972935785,0.0
2021-03-21 16:30:00,0.17433751743375175,0.04223107569721107,0.18093819806403566,0.10444563470808776,0.17733048906571044,0.9993318485523385,0.5,0.1106956353813573,0.5516641906628332,0.08170507168992626,0.2989654779039387,0.33596371972935785,0.0
2021-03-21 16:40:00,0.18479776847977683,-0.11553784860557781,0.18510796723752776,0.10337439742903043,0.17733048906571044,0.09944320712694878,0.5,0.1106956353813573,0.5516641906628332,0.08170507168992626,0.2989654779039387,0.33596371972935785,0.014137634473497593
2021-03-21 16:50:00,0.2301255230125523,0.17131474103585642,0.19314966492926278,0.11265845384752704,0.19826988260852493,0.00011135857461024499,0.5,0.1106956353813573,0.5516641906628332,0.08170507168992626,0.2989654779039387,0.33596371972935785,0.08101603874647313
2021-03-21 17:00:00,0.17433751743375175,-0.3227091633466136,0.20327624720774362,0.1269416175682916,0.16871916347122798,0.00011135857461024499,0.5,0.11009304511372231,0.5389920317694759,0.0795887975954013,0.3148334569633169,0.33544974842091313,0.04193008132534665
2021-03-21 17:10:00,0.18270571827057183,0.7131474103585655,0.20774385703648535,0.14943760042849497,0.15989844394131736,0.00011135857461024499,0.5,0.11009304511372231,0.5389920317694759,0.0795887975954013,0.3148334569633169,0.33544974842091313,0.032862078850883415
2021-03-21 17:20:00,0.1290097629009763,0.4581673306772909,0.20833953834698438,0.17229066238171753,0.17572077318710658,0.8448775055679288,0.5,0.11009304511372231,0.5389920317694759,0.0795887975954013,0.3148334569633169,0.33544974842091313,0.0
2021-03-21 17:30:00,0.16108786610878661,-0.2270916334661356,0.20297840655249444,0.1744331369398322,0.17636204211435527,0.9993318485523385,0.5,0.11009304511372231,0.5389920317694759,0.0795887975954013,0.3148334569633169,0.33544974842091313,0.0
2021-03-21 17:40:00,0.16108786610878661,-0.1354581673306774,0.20476545048399108,0.1662203178003927,0.17636204211435527,0.9993318485523385,0.5,0.11009304511372231,0.5389920317694759,0.0795887975954013,0.3148334569633169,0.33544974842091313,0.0
2021-03-21 17:50:00,0.19386331938633192,-0.043824701195219196,0.20446760982874146,0.15800749866095343,0.1649369855125571,0.18440979955456568,0.5,0.11009304511372231,0.5389920317694759,0.0795887975954013,0.3148334569633169,0.33544974842091313,0.00019614647615311497
2021-03-21 18:00:00,0.2831241283124128,0.25099601593625476,0.21131794489947864,0.14765220496339948,0.17025035662404628,0.00011135857461024499,0.5,0.016108341507619528,0.5465119954483669,0.09553681496437093,0.37616657955125216,0.3417408739980468,0.1238287792145088
2021-03-21 18:10:00,0.23430962343096234,0.003984063745019917,0.21727475800446738,0.14158186038207465,0.17917577312167096,0.00011135857461024499,0.5,0.016108341507619528,0.5465119954483669,0.09553681496437093,0.37616657955125216,0.3417408739980468,0.08687025665011996
2021-03-21 18:20:00,0.30404463040446306,0.13147410358565725,0.17289650037230064,0.09551865738261034,0.2003376477208779,0.00011135857461024499,0.5,0.016108341507619528,0.5465119954483669,0.09553681496437093,0.37616657955125216,0.3417408739980468,0.1576187817795012
2021-03-21 18:30:00,0.35006973500697347,-0.15537848605577698,0.1443037974683543,0.04302803070880201,0.18880789415136565,0.00011135857461024499,0.5,0.016108341507619528,0.5465119954483669,0.09553681496437093,0.37616657955125216,0.3417408739980468,0.21417686376872822
2021-03-21 18:40:00,0.3800557880055788,-0.10756972111553798,0.1285182427401339,0.020174968755579448,0.19802122731020402,0.00011135857461024499,0.5,0.016108341507619528,0.5465119954483669,0.09553681496437093,0.37616657955125216,0.3417408739980468,0.2727869396623263
2021-03-21 18:50:00,0.38284518828451886,-0.03585657370517936,0.1174981384959044,0.010176754151044465,0.1876693146274751,0.00011135857461024499,0.5,0.016108341507619528,0.5465119954483669,0.09553681496437093,0.37616657955125216,0.3417408739980468,0.27075003394842856
2021-03-21 19:00:00,0.396792189679219,-0.13147410358565736,0.10737155621742356,0.003749330476700674,0.20214367041394565,0.00011135857461024499,0.5,0.014968332909193194,0.5404661400489084,0.09477719836404709,0.4658708874610872,0.34065331674475535,0.28976869804004407
2021-03-21 19:10:00,0.4288702928870293,-0.14741035856573714,0.09605361131794465,-0.008391358685948758,0.19018204185261287,0.00011135857461024499,0.5,0.014968332909193194,0.5404661400489084,0.09477719836404709,0.4658708874610872,0.34065331674475535,0.3444407562201065
2021-03-21 19:20:00,0.39121338912133896,0.01195219123505975,0.08533134772896478,-0.019460810569541076,0.19018204185261287,0.00011135857461024499,0.5,0.014968332909193194,0.5404661400489084,0.09477719836404709,0.4658708874610872,0.34065331674475535,0.2807912247084207
2021-03-21 19:30:00,0.41283124128312415,-0.17928286852589637,0.07520476545048371,-0.022674522406713193,0.19282564028739319,0.00011135857461024499,0.5,0.014968332909193194,0.5404661400489084,0.09477719836404709,0.4658708874610872,0.34065331674475535,0.30149976613304763
2021-03-21 19:40:00,0.45536959553695955,0.36254980079681287,0.06537602382725227,-0.03231565791822877,0.17933281857324207,0.00011135857461024499,0.5,0.014968332909193194,0.5404661400489084,0.09477719836404709,0.4658708874610872,0.34065331674475535,0.36985681307240825
2021-03-21 19:50:00,0.4700139470013947,0.4581673306772909,0.05673864482501845,-0.04231387252276375,0.18159689050005892,0.00011135857461024499,0.5,0.014968332909193194,0.5404661400489084,0.09477719836404709,0.4658708874610872,0.34065331674475535,0.39828296392413665
2021-03-21 20:00:00,0.5055788005578801,-0.23505976095617542,0.04869694713328343,-0.042670951615782826,0.19060082972346915,0.00011135857461024499,0.5,0.022557494889472673,0.5348082078808766,0.09256885721579337,0.4476664916690564,0.3215920874973049,0.4465576293435128
2021-03-21 20:10:00,0.5146443514644351,-0.07569721115537853,0.042740134028294685,-0.041956793429744677,0.19060082972346915,0.00011135857461024499,0.5,0.022557494889472673,0.5348082078808766,0.09256885721579337,0.4476664916690564,0.3215920874973049,0.49128657000165976
2021-03-21 20:20:00,0.5320781032078103,0.12350597609561742,0.03618763961280713,-0.041956793429744677,0.19060082972346915,0.00011135857461024499,0.5,0.022557494889472673,0.5348082078808766,0.09256885721579337,0.4476664916690564,0.3215920874973049,0.5127796973308991
2021-03-21 20:30:00,0.49860529986053004,0.12350597609561742,0.031124348473566377,-0.04624174254597391,0.19060082972346915,0.00011135857461024499,0.5,0.022557494889472673,0.5348082078808766,0.09256885721579337,0.4476664916690564,0.3215920874973049,0.44941684143820637
2021-03-21 20:40:00,0.5195258019525802,-0.05179282868525903,0.025465376023827258,-0.04909837529012662,0.19060082972346915,0.00011135857461024499,0.5,0.022557494889472673,0.5348082078808766,0.09256885721579337,0.4476664916690564,0.3215920874973049,0.503334490094603
2021-03-21 20:50:00,0.5648535564853556,-0.33864541832669326,0.021891288160833966,-0.04909837529012662,0.19060082972346915,0.00011135857461024499,0.5,0.022557494889472673,0.5348082078808766,0.09256885721579337,0.4476664916690564,0.3215920874973049,0.5993783665524993
2021-03-21 21:00:00,0.597629009762901,-0.3067729083665339,0.017125837676842837,-0.04909837529012662,0.19010351912682733,0.00011135857461024499,0.5,0.006646370199948404,0.5299318691865397,0.1201873247508071,0.5080320486045444,0.2938230874688561,0.6875990162499812
2021-03-21 21:10:00,0.5878661087866108,0.14741035856573692,0.015040953090096565,-0.05124084984824129,0.17942442841999187,0.00011135857461024499,0.5,0.006646370199948404,0.5299318691865397,0.1201873247508071,0.5080320486045444,0.2938230874688561,0.7174208247204913
2021-03-21 21:20:00,0.45676429567642957,-0.11553784860557781,0.012062546537602303,-0.05195500803427966,0.17678082998521158,0.00011135857461024499,0.5,0.006646370199948404,0.5299318691865397,0.1201873247508071,0.5080320486045444,0.2938230874688561,0.47795615371848454
2021-03-21 21:30:00,0.5125523012552301,-0.2270916334661356,0.005807892777363932,-0.04909837529012662,0.16815641726976482,0.00011135857461024499,0.5,0.006646370199948404,0.5299318691865397,0.1201873247508071,0.5080320486045444,0.2938230874688561,0.5348914404695445
2021-03-21 21:40:00,0.5237099023709902,-0.3784860557768924,0.0004467609828739949,-0.050883770755222324,0.16792084909240815,0.00011135857461024499,0.5,0.006646370199948404,0.5299318691865397,0.1201873247508071,0.5080320486045444,0.2938230874688561,0.5356533940884469
2021-03-21 21:50:00,0.5237099023709902,0.13147410358565725,-0.0034251675353685895,-0.056597036243527854,0.15692766748243056,0.00011135857461024499,0.5,0.006646370199948404,0.5299318691865397,0.1201873247508071,0.5080320486045444,0.2938230874688561,0.5884469725545816
2021-03-21 22:00:00,0.5774058577405857,0.1872509960159361,-0.0037230081906179935,-0.06123906445277627,0.16156050830377824,0.00011135857461024499,0.5,-0.09559515753164471,0.5367248359946785,0.16858847130266133,0.5348549860377181,0.2630004053559084,0.7023401783424115
2021-03-21 22:10:00,0.596931659693166,-0.2589641434262948,-0.006105733432613669,-0.058739510801642525,0.16824802711651463,0.00011135857461024499,0.5,-0.09559515753164471,0.5367248359946785,0.16858847130266133,0.5348549860377181,0.2630004053559084,0.7383179685260347
2021-03-21 22:20:00,0.5606694560669455,-0.3705179282868527,-0.009381980640357557,-0.05195500803427966,0.16824802711651463,0.00011135857461024499,0.5,-0.09559515753164471,0.5367248359946785,0.16858847130266133,0.5348549860377181,0.2630004053559084,0.6386755586402523
2021-03-21 22:30:00,0.46443514644351463,-0.17131474103585675,-0.01236038719285204,-0.05159792894126036,0.1578961144337857,0.00011135857461024499,0.5,-0.09559515753164471,0.5367248359946785,0.16858847130266133,0.5348549860377181,0.2630004053559084,0.4277501999185238
2021-03-21 22:40:00,0.4170153417015342,-0.2589641434262948,-0.02069992553983646,-0.05302624531333677,0.14915391762966065,0.00011135857461024499,0.5,-0.09559515753164471,0.5367248359946785,0.16858847130266133,0.5348549860377181,0.2630004053559084,0.34378441993451725
2021-03-21 22:50:00,0.4121338912133891,0.08366533864541825,-0.028741623231571256,-0.062310301731833606,0.16404706128698748,0.00011135857461024499,0.5,-0.09559515753164471,0.5367248359946785,0.16858847130266133,0.5348549860377181,0.2630004053559084,0.35030251821899
2021-03-21 23:00:00,0.4463040446304045,-0.08366533864541836,-0.03172002978406563,-0.06945188359221555,0.16665139835887502,0.00011135857461024499,0.5,-0.17782162967864634,0.5247279508745515,0.20948691386036525,0.5337876550381949,0.226247378198433,0.40167780678063286
2021-03-21 23:10:00,0.4776847977684798,-0.40239043824701204,-0.03410275502606119,-0.07623638635957874,0.16665139835887502,0.00011135857461024499,0.5,-0.17782162967864634,0.5247279508745515,0.20948691386036525,0.5337876550381949,0.226247378198433,0.4423706564871675
2021-03-21 23:20:00,0.496513249651325,0.09163346613545809,-0.037081161578555566,-0.08052133547580786,0.15814476973210664,0.00011135857461024499,0.5,-0.17782162967864634,0.5247279508745515,0.20948691386036525,0.5337876550381949,0.226247378198433,0.5111350845693076
2021-03-21 23:30:00,0.5278940027894004,0.2749003984063745,-0.04154877140729718,-0.09051955008034285,0.15542264857154076,0.00011135857461024499,0.5,-0.17782162967864634,0.5247279508745515,0.20948691386036525,0.5337876550381949,0.226247378198433,0.5843882493172594
2021-03-21 23:40:00,0.5599721059972106,0.14741035856573692,-0.0424422933730455,-0.09230494554543822,0.16065749695724438,0.00011135857461024499,0.5,-0.17782162967864634,0.5247279508745515,0.20948691386036525,0.5337876550381949,0.226247378198433,0.6199888347390498
2021-03-21 23:50:00,0.5767085076708507,-0.2270916334661356,-0.0424422933730455,-0.08909123370826644,0.166599049875018,0.00011135857461024499,0.5,-0.17782162967864634,0.5247279508745515,0.20948691386036525,0.5337876550381949,0.226247378198433,0.675460567014198
2021-03-22 00:00:00,0.5784518828451883,-0.03585657370517936,-0.043931496649292856,-0.08873415461524714,0.1703027051079033,0.00011135857461024499,0.5,-0.17713965905804874,0.5185642817529542,0.20762097084581344,0.5517303826435092,0.19754189208571465,0.6840721517268434
2021-03-22 00:10:00,0.5801952580195259,0.15537848605577675,-0.04542069992553999,-0.08837707552222807,0.17400636034078865,0.00011135857461024499,0.5,-0.17713965905804874,0.5185642817529542,0.20762097084581344,0.5517303826435092,0.19754189208571465,0.6926837364394888
2021-03-22 00:20:00,0.5418410041841004,-0.1872509960159363,-0.04571854058078939,-0.08194965184788428,0.1718077240187931,0.00011135857461024499,0.5,-0.17713965905804874,0.5185642817529542,0.20762097084581344,0.5517303826435092,0.19754189208571465,0.6322404454033828
2021-03-22 00:30:00,0.5655509065550907,-0.19521912350597614,-0.0495904690990322,-0.08123549366184613,0.166599049875018,0.00011135857461024499,0.5,-0.17713965905804874,0.5185642817529542,0.20762097084581344,0.5517303826435092,0.19754189208571465,0.6706549783484467
2021-03-22 00:40:00,0.590655509065551,-0.4183266932270917,-0.05316455696202538,-0.08123549366184613,0.166599049875018,0.00011135857461024499,0.5,-0.17713965905804874,0.5185642817529542,0.20762097084581344,0.5517303826435092,0.19754189208571465,0.7015480483425622
2021-03-22 00:50:00,0.6290097629009763,-0.36254980079681276,-0.054355919583023216,-0.08123549366184613,0.166599049875018,0.00011135857461024499,0.5,-0.17713965905804874,0.5185642817529542,0.20762097084581344,0.5517303826435092,0.19754189208571465,0.7944309488962988
2021-03-22 01:00:00,0.6269177126917713,-0.3705179282868527,-0.05882352941176483,-0.08480628459203698,0.166599049875018,0.00011135857461024499,0.5,-0.23453245472401496,0.5061363708201281,0.2505757044175827,0.5785312152942994,0.18464217173540648,0.8087496416554762
2021-03-22 01:10:00,0.6199442119944213,-0.20318725099601598,-0.06031273268801207,-0.08837707552222807,0.166599049875018,0.00011135857461024499,0.5,-0.23453245472401496,0.5061363708201281,0.2505757044175827,0.5785312152942994,0.18464217173540648,0.7941669055630158
2021-03-22 01:20:00,0.5843793584379359,-0.003984063745020028,-0.06299329858525693,-0.0862346009641134,0.166599049875018,0.00011135857461024499,0.5,-0.23453245472401496,0.5061363708201281,0.2505757044175827,0.5785312152942994,0.18464217173540648,0.7357303438598609
2021-03-22 01:30:00,0.605997210599721,0.3705179282868525,-0.06746090841399865,-0.08909123370826644,0.166599049875018,0.00011135857461024499,0.5,-0.23453245472401496,0.5061363708201281,0.2505757044175827,0.5785312152942994,0.18464217173540648,0.7798406687086018
2021-03-22 01:40:00,0.5753138075313807,0.25099601593625476,-0.07073715562174243,-0.09194786645241915,0.166599049875018,0.00011135857461024499,0.5,-0.23453245472401496,0.5061363708201281,0.2505757044175827,0.5785312152942994,0.18464217173540648,0.7241275253858805
2021-03-22 01:50:00,0.5885634588563459,0.38645418326693215,-0.07222635889798967,-0.09194786645241915,0.166599049875018,0.00011135857461024499,0.5,-0.23453245472401496,0.5061363708201281,0.2505757044175827,0.5785312152942994,0.18464217173540648,0.7234032922431612
2021-03-22 02:00:00,0.5913528591352859,0.12350597609561742,-0.07252419955323908,-0.09516157828959104,0.17254060279279163,0.00011135857461024499,0.5,-0.23972352957068244,0.4922544661457975,0.2572060540555347,0.590473999777524,0.18804764575244456,0.7208005793865142
2021-03-22 02:10:00,0.5592747559274756,-0.4422310756972112,-0.07788533134772901,-0.08980539189430448,0.17777545117849525,0.00011135857461024499,0.5,-0.23972352957068244,0.4922544661457975,0.2572060540555347,0.590473999777524,0.18804764575244456,0.6487771021621377
2021-03-22 02:20:00,0.5055788005578801,-0.11553784860557781,-0.08682055100521235,-0.08909123370826644,0.16915103846304852,0.00011135857461024499,0.5,-0.23972352957068244,0.4922544661457975,0.2572060540555347,0.590473999777524,0.18804764575244456,0.5624273880833471
2021-03-22 02:30:00,0.5446304044630405,0.1394422310756971,-0.09426656738644845,-0.09873236921978212,0.16655978851212522,0.00011135857461024499,0.5,-0.23972352957068244,0.4922544661457975,0.2572060540555347,0.590473999777524,0.18804764575244456,0.6631033390165518
2021-03-22 02:40:00,0.5306834030683404,0.06772908366533859,-0.09605361131794499,-0.10301731833601147,0.1665336142701967,0.00011135857461024499,0.5,-0.23972352957068244,0.4922544661457975,0.2572060540555347,0.590473999777524,0.18804764575244456,0.6306033767370279
2021-03-22 02:50:00,0.5509065550906556,0.03585657370517925,-0.09724497393894282,-0.108730583824317,0.16650744002826817,0.00011135857461024499,0.5,-0.23972352957068244,0.4922544661457975,0.2572060540555347,0.590473999777524,0.18804764575244456,0.6747665102524254
2021-03-22 03:00:00,0.5739191073919108,-0.08366533864541836,-0.10141474311243492,-0.1105159792894127,0.16650744002826817,0.00011135857461024499,0.5,-0.25218207584959496,0.4728755456068421,0.26796268164696546,0.5937934238674545,0.19932637594921868,0.6990509528192285
2021-03-22 03:10:00,0.5669456066945607,-0.17928286852589637,-0.10201042442293384,-0.11194429566148911,0.16650744002826817,0.00011135857461024499,0.5,-0.25218207584959496,0.4728755456068421,0.26796268164696546,0.5937934238674545,0.19932637594921868,0.6808545951084086
2021-03-22 03:20:00,0.5822873082287308,-0.21912350597609564,-0.1043931496649293,-0.11337261203356541,0.16650744002826817,0.00011135857461024499,0.5,-0.25218207584959496,0.4728755456068421,0.26796268164696546,0.5937934238674545,0.19932637594921868,0.6933249845346048
2021-03-22 03:30:00,0.5774058577405857,-0.33864541832669326,-0.10558451228592702,-0.11337261203356541,0.16650744002826817,0.00011135857461024499,0.5,-0.25218207584959496,0.4728755456068421,0.26796268164696546,0.5937934238674545,0.19932637594921868,0.665260950254236
2021-03-22 03:40:00,0.5822873082287308,-0.3466135458167332,-0.11005212211466875,-0.11372969112658449,0.16289539464213268,0.00011135857461024499,0.5,-0.25218207584959496,0.4728755456068421,0.26796268164696546,0.5937934238674545,0.19932637594921868,0.6894925841543824
2021-03-22 03:50:00,0.5690376569037657,0.21912350597609564,-0.11094564408041707,-0.12015711480092839,0.15529177736189817,0.00011135857461024499,0.5,-0.25218207584959496,0.4728755456068421,0.26796268164696546,0.5937934238674545,0.19932637594921868,0.7203781100532614
2021-03-22 04:00:00,0.5516039051603905,0.2828685258964143,-0.11094564408041707,-0.1233708266381004,0.15529177736189817,0.00011135857461024499,0.5,-0.3496539450201003,0.4564390946159146,0.3080412708956387,0.6088876541761175,0.20875367266166842,0.6585919700650301
2021-03-22 04:10:00,0.5536959553695956,0.4501992031872508,-0.11094564408041707,-0.12408498482413843,0.15529177736189817,0.00011135857461024499,0.5,-0.3496539450201003,0.4564390946159146,0.3080412708956387,0.6088876541761175,0.20875367266166842,0.6589163661602064
2021-03-22 04:20:00,0.5655509065550907,0.3705179282868525,-0.11124348473566659,-0.12408498482413843,0.15529177736189817,0.00011135857461024499,0.5,-0.3496539450201003,0.4564390946159146,0.3080412708956387,0.6088876541761175,0.20875367266166842,0.679059100442084
2021-03-22 04:30:00,0.5348675034867504,0.10756972111553775,-0.11392405063291144,-0.1247991430101768,0.15529177736189817,0.00011135857461024499,0.5,-0.3496539450201003,0.4564390946159146,0.3080412708956387,0.6088876541761175,0.20875367266166842,0.6276687236899678
2021-03-22 04:40:00,0.5355648535564853,0.07569721115537842,-0.11392405063291144,-0.12408498482413843,0.15529177736189817,0.00011135857461024499,0.5,-0.3496539450201003,0.4564390946159146,0.3080412708956387,0.6088876541761175,0.20875367266166842,0.6487167494002444
2021-03-22 04:50:00,0.5516039051603905,0.09960159362549792,-0.11392405063291144,-0.12408498482413843,0.15529177736189817,0.00011135857461024499,0.5,-0.3496539450201003,0.4564390946159146,0.3080412708956387,0.6088876541761175,0.20875367266166842,0.6647177753971967
2021-03-22 05:00:00,0.5627615062761506,-0.019920318725099695,-0.11392405063291144,-0.12408498482413843,0.15529177736189817,0.00011135857461024499,0.5,-0.3432333085297524,0.4394078280034602,0.2966896314363082,0.6258988437599855,0.21017682497259818,0.6910693000588439
2021-03-22 05:10:00,0.5788005578800558,-0.01195219123505975,-0.11362620997766204,-0.12408498482413843,0.15529177736189817,0.00011135857461024499,0.5,-0.3432333085297524,0.4394078280034602,0.2966896314363082,0.6258988437599855,0.21017682497259818,0.7474236914766812
2021-03-22 05:20:00,0.5948396094839609,-0.059760956175298974,-0.11094564408041707,-0.12408498482413843,0.15529177736189817,0.00011135857461024499,0.5,-0.3432333085297524,0.4394078280034602,0.2966896314363082,0.6258988437599855,0.21017682497259818,0.7714893552816211
2021-03-22 05:30:00,0.5934449093444909,-0.003984063745020028,-0.11094564408041707,-0.12408498482413843,0.15529177736189817,0.00011135857461024499,0.5,-0.3432333085297524,0.4394078280034602,0.2966896314363082,0.6258988437599855,0.21017682497259818,0.7930730117537004
2021-03-22 05:40:00,0.6136680613668062,-0.02788844621513953,-0.11005212211466875,-0.1230137475450811,0.15529177736189817,0.00011135857461024499,0.5,-0.3432333085297524,0.4394078280034602,0.2966896314363082,0.6258988437599855,0.21017682497259818,0.8453988563151621
2021-03-22 05:50:00,0.6262203626220363,-0.03585657370517936,-0.10498883097542833,-0.12265666845206213,0.15529177736189817,0.00011135857461024499,0.5,-0.3432333085297524,0.4394078280034602,0.2966896314363082,0.6258988437599855,0.21017682497259818,0.8585708465983675
2021-03-22 06:00:00,0.6276150627615062,-0.07569721115537853,-0.10498883097542833,-0.12051419389394735,0.15529177736189817,0.00022271714922048998,0.5,-0.3556959572386711,0.44418359400816565,0.33478383327899347,0.6430654448813465,0.19878738866766235,0.8974757457338143
2021-03-22 06:10:00,0.6185495118549511,-0.09960159362549814,-0.10498883097542833,-0.11622924477771823,0.15529177736189817,0.00011135857461024499,0.5,-0.3556959572386711,0.44418359400816565,0.33478383327899347,0.6430654448813465,0.19878738866766235,0.8498196961238439
2021-03-22 06:20:00,0.601115760111576,-0.05179282868525903,-0.10320178704393157,-0.11194429566148911,0.15529177736189817,0.00011135857461024499,0.5,-0.3556959572386711,0.44418359400816565,0.33478383327899347,0.6430654448813465,0.19878738866766235,0.817123587368167
2021-03-22 06:30:00,0.5955369595536959,-0.01195219123505975,-0.10201042442293384,-0.10837350473129803,0.15529177736189817,0.00011135857461024499,0.5,-0.3556959572386711,0.44418359400816565,0.33478383327899347,0.6430654448813465,0.19878738866766235,0.8107337387027175
2021-03-22 06:40:00,0.6352859135285913,-0.019920318725099695,-0.09962769918093839,-0.10266023924299217,0.15529177736189817,0.00011135857461024499,0.5,-0.3556959572386711,0.44418359400816565,0.33478383327899347,0.6430654448813465,0.19878738866766235,0.8943600344010743
2021-03-22 06:50:00,0.6408647140864714,-0.2589641434262948,-0.09605361131794499,-0.10158900196393505,0.152909921346403,0.00011135857461024499,0.5,-0.3556959572386711,0.44418359400816565,0.33478383327899347,0.6430654448813465,0.19878738866766235,0.8762768381188044
2021-03-22 07:00:00,0.5955369595536959,0.2749003984063745,-0.0963514519731945,-0.10158900196393505,0.15012236458101583,0.00011135857461024499,0.5,-0.3602702000484954,0.43757453154677833,0.3294510457536481,0.6575543386627044,0.19316563008830068,0.7793880229944022
2021-03-22 07:10:00,0.5913528591352859,0.15537848605577675,-0.09605361131794499,-0.09908944831280142,0.15657431521639556,0.00011135857461024499,0.5,-0.3602702000484954,0.43757453154677833,0.3294510457536481,0.6575543386627044,0.19316563008830068,0.7975617484195121
2021-03-22 07:20:00,0.5550906555090656,-0.15537848605577698,-0.09605361131794499,-0.09658989466166767,0.15657431521639556,0.00011135857461024499,0.5,-0.3602702000484954,0.43757453154677833,0.3294510457536481,0.6575543386627044,0.19316563008830068,0.7131056022451228
2021-03-22 07:30:00,0.597629009762901,-0.02788844621513953,-0.09575577066269558,-0.09087662917336181,0.15657431521639556,0.00011135857461024499,0.5,-0.3602702000484954,0.43757453154677833,0.3294510457536481,0.6575543386627044,0.19316563008830068,0.8018543386091707
2021-03-22 07:40:00,0.6317991631799164,0.31474103585657365,-0.09307520476545061,-0.09551865738261023,0.15657431521639556,0.00011135857461024499,0.5,-0.3602702000484954,0.43757453154677833,0.3294510457536481,0.6575543386627044,0.19316563008830068,0.8186927591773919
2021-03-22 07:50:00,0.6617852161785216,-0.11553784860557781,-0.088607594936709,-0.09873236921978212,0.16548664459305598,0.00011135857461024499,0.5,-0.3602702000484954,0.43757453154677833,0.3294510457536481,0.6575543386627044,0.19316563008830068,0.900259516876141
2021-03-22 08:00:00,0.6659693165969317,-0.40239043824701204,-0.08413998510796727,-0.09266202463845752,0.16646817866537542,0.00022271714922048998,0.5,-0.34153350167749363,0.4294626257517811,0.32538487769475255,0.6629062274265024,0.18195073290117006,0.8861746910693001
2021-03-22 08:10:00,0.6450488145048815,-0.3944223107569722,-0.08265078183172014,-0.08837707552222807,0.16646817866537542,0.00022271714922048998,0.5,-0.34153350167749363,0.4294626257517811,0.32538487769475255,0.6629062274265024,0.18195073290117006,0.8607510901217618
2021-03-22 08:20:00,0.6073919107391912,-0.09960159362549814,-0.07877885331347734,-0.08516336368505628,0.16646817866537542,0.00022271714922048998,0.5,-0.34153350167749363,0.4294626257517811,0.32538487769475255,0.6629062274265024,0.18195073290117006,0.8238378321287928
2021-03-22 08:30:00,0.597629009762901,0.027888446215139417,-0.07818317200297853,-0.08123549366184613,0.16646817866537542,0.00022271714922048998,0.5,-0.34153350167749363,0.4294626257517811,0.32538487769475255,0.6629062274265024,0.18195073290117006,0.7718967364244006
2021-03-22 08:40:00,0.5850767085076709,0.09960159362549792,-0.08026805658972458,-0.08123549366184613,0.16646817866537542,0.00022271714922048998,0.5,-0.34153350167749363,0.4294626257517811,0.32538487769475255,0.6629062274265024,0.18195073290117006,0.7528101754756552
2021-03-22 08:50:00,0.5822873082287308,-0.2509960159362551,-0.08294862248696955,-0.08123549366184613,0.16646817866537542,0.00022271714922048998,0.5,-0.34153350167749363,0.4294626257517811,0.32538487769475255,0.6629062274265024,0.18195073290117006,0.7058104621512743
2021-03-22 09:00:00,0.6178521617852162,-0.49800796812749004,-0.085331347728965,-0.07909301910373145,0.16646817866537542,0.00022271714922048998,0.5,-0.31367480003989034,0.4388791030065502,0.3179514142120842,0.6464829165643027,0.18882377585618512,0.7780602622327504
2021-03-22 09:10:00,0.6373779637377964,-0.45019920318725104,-0.08145941921072242,-0.08123549366184613,0.16646817866537542,0.00022271714922048998,0.5,-0.31367480003989034,0.4388791030065502,0.3179514142120842,0.6464829165643027,0.18882377585618512,0.8070371320367549
2021-03-22 09:20:00,0.6255230125523014,-0.11553784860557781,-0.07997021593447506,-0.08230673094090324,0.1613903757312429,0.00022271714922048998,0.5,-0.31367480003989034,0.4388791030065502,0.3179514142120842,0.6464829165643027,0.18882377585618512,0.822751482414714
2021-03-22 09:30:00,0.5878661087866108,0.394422310756972,-0.07550260610573356,-0.0894483128012854,0.15661357657928834,0.00022271714922048998,0.5,-0.31367480003989034,0.4388791030065502,0.3179514142120842,0.6464829165643027,0.18882377585618512,0.7297931409086108
2021-03-22 09:40:00,0.5355648535564853,0.4422310756972112,-0.0689501116902459,-0.08837707552222807,0.15657431521639556,0.00022271714922048998,0.5,-0.31367480003989034,0.4388791030065502,0.3179514142120842,0.6464829165643027,0.18882377585618512,0.6293284246420328
2021-03-22 09:50:00,0.5892608089260809,0.1394422310756971,-0.06090841399851088,-0.08337796821996057,0.1635235764484171,0.00022271714922048998,0.5,-0.31367480003989034,0.4388791030065502,0.3179514142120842,0.6464829165643027,0.18882377585618512,0.7273262217662236
2021-03-22 10:00:00,0.5801952580195259,0.03585657370517925,-0.050781831720029924,-0.0733797536154257,0.16780306500372982,0.00022271714922048998,0.5,0.03080618086112996,0.43563204188421556,0.13425874671884308,0.6555692026333263,0.21016821761277163,0.738023748811805
2021-03-22 10:10:00,0.6004184100418409,0.3545816733067728,-0.037081161578555566,-0.06445277628994805,0.16780306500372982,0.00022271714922048998,0.5,0.03080618086112996,0.43563204188421556,0.13425874671884308,0.6555692026333263,0.21016821761277163,0.7796445222324487
2021-03-22 10:20:00,0.5864714086471409,0.3705179282868525,-0.02069992553983646,-0.05695411533654715,0.16780306500372982,0.00011135857461024499,0.5,0.03080618086112996,0.43563204188421556,0.13425874671884308,0.6555692026333263,0.21016821761277163,0.7507506374760475
2021-03-22 10:30:00,0.6422594142259415,-0.06772908366533881,-0.0028294862248698927,-0.04588466345295483,0.17791940950910212,0.0008908685968819599,0.5,0.03080618086112996,0.43563204188421556,0.13425874671884308,0.6555692026333263,0.21016821761277163,0.8616412933596874
2021-03-22 10:40:00,0.6164574616457461,-0.24302788844621515,0.011169024571854091,-0.03231565791822877,0.17901872767009988,0.000556792873051225,0.5,0.03080618086112996,0.43563204188421556,0.13425874671884308,0.6555692026333263,0.21016821761277163,0.7992139052763403
2021-03-22 10:50:00,0.5536959553695956,-0.1394422310756973,0.024571854058078824,-0.01624709873236929,0.17429427700200234,0.00011135857461024499,0.5,0.03080618086112996,0.43563204188421556,0.13425874671884308,0.6555692026333263,0.21016821761277163,0.6637068666354844
2021-03-22 11:00:00,0.6255230125523014,0.09960159362549792,0.040655249441548635,-0.0033922513836815993,0.16780306500372982,0.00044543429844097997,0.5,0.036302603241986864,0.4340401198826485,0.12459449598804498,0.6612871267036092,0.2391550907001917,0.8232418486050969
2021-03-22 11:10:00,0.6178521617852162,0.10756972111553775,0.055845122859270235,0.0016068559185860032,0.16780306500372982,0.00033407572383073496,0.5,0.036302603241986864,0.4340401198826485,0.12459449598804498,0.6612871267036092,0.2391550907001917,0.8294883594610498
2021-03-22 11:20:00,0.5864714086471409,0.09960159362549792,0.07222635889798945,0.018389573290483963,0.16780306500372982,0.00022271714922048998,0.5,0.036302603241986864,0.4340401198826485,0.12459449598804498,0.6612871267036092,0.2391550907001917,0.7303287716704137
2021-03-22 11:30:00,0.5097629009762901,-0.059760956175298974,0.08860759493670867,0.03445813247634355,0.1739801860988601,0.00011135857461024499,0.5,0.036302603241986864,0.4340401198826485,0.12459449598804498,0.6612871267036092,0.2391550907001917,0.538369268373644
2021-03-22 11:40:00,0.5278940027894004,0.01195219123505975,0.10707371556217415,0.05124084984824129,0.16780306500372982,0.00011135857461024499,0.5,0.036302603241986864,0.4340401198826485,0.12459449598804498,0.6612871267036092,0.2391550907001917,0.5430466074203721
2021-03-22 11:50:00,0.47280334728033474,0.027888446215139417,0.12345495160089337,0.06409569719692909,0.17573386030807084,0.00011135857461024499,0.5,0.036302603241986864,0.4340401198826485,0.12459449598804498,0.6612871267036092,0.2391550907001917,0.4490547248668467
2021-03-22 12:00:00,0.3368200836820084,0.043824701195219085,0.13834698436336557,0.07909301910373157,0.1800264359843478,0.00011135857461024499,0.5,0.052848870814478976,0.4335430034453324,0.1129509304162027,0.5569261366049509,0.26729807906817044,0.21375439443547534
2021-03-22 12:10:00,0.23500697350069735,-0.08366533864541836,0.15621742367833202,0.1008748437778968,0.17560298909842825,0.00011135857461024499,0.5,0.052848870814478976,0.4335430034453324,0.1129509304162027,0.5569261366049509,0.26729807906817044,0.09822411998129064
2021-03-22 12:20:00,0.28591352859135283,0.40239043824701204,0.1752792256142961,0.1151580074986609,0.19919906819698735,0.00011135857461024499,0.5,0.052848870814478976,0.4335430034453324,0.1129509304162027,0.5569261366049509,0.26729807906817044,0.15994236311239193
2021-03-22 12:30:00,0.3326359832635983,-0.059760956175298974,0.1860014892032762,0.11337261203356541,0.19959168182591513,0.00011135857461024499,0.5,0.052848870814478976,0.4335430034453324,0.1129509304162027,0.5569261366049509,0.26729807906817044,0.18486805377431087
2021-03-22 12:40:00,0.3103207810320781,0.06772908366533859,0.19672375279225607,0.1151580074986609,0.1903260001832197,0.00011135857461024499,0.5,0.052848870814478976,0.4335430034453324,0.1129509304162027,0.5569261366049509,0.26729807906817044,0.16707907720627066
2021-03-22 12:50:00,0.33333333333333337,0.1633466135458166,0.20476545048399108,0.11622924477771823,0.21626467393438117,0.00011135857461024499,0.5,0.052848870814478976,0.4335430034453324,0.1129509304162027,0.5569261366049509,0.26729807906817044,0.21580638833984642
2021-03-22 13:00:00,0.2894002789400279,0.394422310756972,0.2137006701414743,0.12229958935904306,0.23401080996191648,0.00011135857461024499,0.5,0.25580111952980156,0.43189361133540627,0.04183014592374388,0.36989140702625994,0.3237176996814969,0.15890882206496973
2021-03-22 13:10:00,0.3117154811715481,0.08366533864541825,0.21608339538346977,0.12658453847527218,0.2483935559016372,0.00011135857461024499,0.5,0.25580111952980156,0.43189361133540627,0.04183014592374388,0.36989140702625994,0.3237176996814969,0.1727296045385277
2021-03-22 13:20:00,0.34239888423988846,-0.1633466135458168,0.21667907669396835,0.1233708266381004,0.24005705984740416,0.00011135857461024499,0.5,0.25580111952980156,0.43189361133540627,0.04183014592374388,0.36989140702625994,0.3237176996814969,0.19721019358148378
2021-03-22 13:30:00,0.38284518828451886,0.29083665338645415,0.21518987341772133,0.12551330119621507,0.2735862637578359,0.00011135857461024499,0.5,0.25580111952980156,0.43189361133540627,0.04183014592374388,0.36989140702625994,0.3237176996814969,0.28054981366084764
2021-03-22 13:40:00,0.5495118549511855,0.01195219123505975,0.19940431868950093,0.12408498482413854,0.3076520396278023,0.00022271714922048998,0.5,0.25580111952980156,0.43189361133540627,0.04183014592374388,0.36989140702625994,0.3237176996814969,0.6240400138811353
2021-03-22 13:50:00,0.5299860529986052,0.15537848605577675,0.18034251675353663,0.11230137475450808,0.3056366229993064,0.00011135857461024499,0.5,0.25580111952980156,0.43189361133540627,0.04183014592374388,0.36989140702625994,0.3237176996814969,0.5802767174132806
2021-03-22 14:00:00,0.48326359832635984,0.1633466135458166,0.16842889054355892,0.10587395108016429,0.3308162437345408,0.00011135857461024499,0.5,0.2540504158629959,0.42338803529814095,0.03860171196530568,0.22689940309198553,0.502096226536592,0.4819620682891501
2021-03-22 14:10:00,0.5097629009762901,0.08366533864541825,0.16842889054355892,0.11123013747545074,0.3279109028804753,0.00011135857461024499,0.5,0.2540504158629959,0.42338803529814095,0.03860171196530568,0.22689940309198553,0.502096226536592,0.5430088869441888
2021-03-22 14:20:00,0.4546722454672245,0.06772908366533859,0.16634400595681287,0.11015890019639363,0.3300964520815066,0.00011135857461024499,0.5,0.2540504158629959,0.42338803529814095,0.03860171196530568,0.22689940309198553,0.502096226536592,0.4371501425834
2021-03-22 14:30:00,0.4211994421199442,-0.07569721115537853,0.16902457185405795,0.1137296911265846,0.33020114904922065,0.0008908685968819599,0.5,0.2540504158629959,0.42338803529814095,0.03860171196530568,0.22689940309198553,0.502096226536592,0.3319929990796204
2021-03-22 14:40:00,0.399581589958159,0.11553784860557759,0.17379002233804886,0.12515622210319588,0.3304236301056131,0.000556792873051225,0.5,0.2540504158629959,0.42338803529814095,0.03860171196530568,0.22689940309198553,0.502096226536592,0.30811593765559697
2021-03-22 14:50:00,0.41562064156206413,-0.02788844621513953,0.17766195085629177,0.12944117121942522,0.3373990655795632,0.0034521158129175947,0.5,0.2540504158629959,0.42338803529814095,0.03860171196530568,0.22689940309198553,0.502096226536592,0.32460732984293195
2021-03-22 15:00:00,0.42398884239888424,0.14741035856573692,0.17587490692479513,0.13194072487055908,0.3402651450707359,0.000556792873051225,0.5,0.24154300730799516,0.39888565459890096,0.03812476404647129,0.3525067777118693,0.6631215821216774,0.3278890112708783
2021-03-22 15:10:00,0.3772663877266388,0.07569721115537842,0.16842889054355892,0.11265845384752704,0.3404876261271283,0.00044543429844097997,0.5,0.24154300730799516,0.39888565459890096,0.03812476404647129,0.3525067777118693,0.6631215821216774,0.27695128023296167
2021-03-22 15:20:00,0.40097629009762903,-0.059760956175298974,0.16604616530156346,0.10765934654525999,0.3442828912067634,0.00044543429844097997,0.5,0.24154300730799516,0.39888565459890096,0.03812476404647129,0.3525067777118693,0.6631215821216774,0.287761968707093
2021-03-22 15:30:00,0.41492329149232915,0.12350597609561742,0.16455696202531622,0.10908766291733629,0.33365614898378504,0.004231625835189309,0.5,0.24154300730799516,0.39888565459890096,0.03812476404647129,0.3525067777118693,0.6631215821216774,0.33798301069752706
2021-03-22 15:40:00,0.45676429567642957,0.1633466135458166,0.15889798957557688,0.0994465274058205,0.3490204289958252,0.0066815144766146995,0.5,0.24154300730799516,0.39888565459890096,0.03812476404647129,0.3525067777118693,0.6631215821216774,0.38385110973640935
2021-03-22 15:50:00,0.42677824267782427,0.07569721115537842,0.15889798957557688,0.09409034101053382,0.35095732289853554,0.000556792873051225,0.5,0.24154300730799516,0.39888565459890096,0.03812476404647129,0.3525067777118693,0.6631215821216774,0.3494953000286676
2021-03-22 16:00:00,0.41562064156206413,0.019920318725099362,0.16008935219657472,0.09373326191751485,0.33823664132127573,0.00044543429844097997,0.5,0.30026105463135977,0.39381679104155887,0.011514849236395097,0.47274579121069427,0.7069494967116293,0.34057063536370086
2021-03-22 16:10:00,0.39539748953974896,0.019920318725099362,0.15889798957557688,0.09301910373147648,0.33567156561228095,0.00033407572383073496,0.5,0.30026105463135977,0.39381679104155887,0.011514849236395097,0.47274579121069427,0.7069494967116293,0.29403111184875597
2021-03-22 16:20:00,0.36192468619246865,0.043824701195219085,0.16455696202531622,0.09623281556864849,0.33648296711206505,0.00044543429844097997,0.5,0.30026105463135977,0.39381679104155887,0.011514849236395097,0.47274579121069427,0.7069494967116293,0.23327096881271028
2021-03-22 16:30:00,0.3814504881450488,0.1872509960159361,0.16902457185405795,0.09516157828959115,0.3470050123673293,0.00022271714922048998,0.5,0.30026105463135977,0.39381679104155887,0.011514849236395097,0.47274579121069427,0.7069494967116293,0.24934743576202906
2021-03-22 16:40:00,0.3856345885634589,-0.01195219123505975,0.16515264333581525,0.09123370826638122,0.34165237989294733,0.00022271714922048998,0.5,0.30026105463135977,0.39381679104155887,0.011514849236395097,0.47274579121069427,0.7069494967116293,0.25407003938017714
2021-03-22 16:50:00,0.39121338912133896,-0.2509960159362551,0.15860014892032748,0.08659168005713269,0.3443483268115847,0.0012249443207126948,0.5,0.30026105463135977,0.39381679104155887,0.011514849236395097,0.47274579121069427,0.7069494967116293,0.27946346394676885
2021-03-22 17:00:00,0.3458856345885635,0.22709163346613526,0.1508562918838421,0.07373683270844489,0.3470573608511863,0.0014476614699331849,0.5,0.29361648549824326,0.3862364837488923,0.010715032558892166,0.5410419383310141,0.712793769825123,0.22656426814732109
2021-03-22 17:10:00,0.3682008368200837,0.027888446215139417,0.14519731943410275,0.06516693447598643,0.3479865464396487,0.0010022271714922048,0.5,0.29361648549824326,0.3862364837488923,0.010715032558892166,0.5410419383310141,0.712793769825123,0.2459978574769528
2021-03-22 17:20:00,0.3765690376569038,0.06772908366533859,0.15026061057334306,0.06338153901089094,0.3580243682192355,0.00033407572383073496,0.5,0.29361648549824326,0.3862364837488923,0.010715032558892166,0.5410419383310141,0.712793769825123,0.25536762376088235
2021-03-22 17:30:00,0.3507670850767085,0.12350597609561742,0.1591958302308265,0.06409569719692909,0.35878342123516244,0.00033407572383073496,0.5,0.29361648549824326,0.3862364837488923,0.010715032558892166,0.5410419383310141,0.712793769825123,0.22485175852859968
2021-03-22 17:40:00,0.3068340306834031,0.10756972111553775,0.1666418466120625,0.07337975361542592,0.3732708641425973,0.0021158129175946547,0.5,0.29361648549824326,0.3862364837488923,0.010715032558892166,0.5410419383310141,0.712793769825123,0.17984368634669642
2021-03-22 17:50:00,0.4379358437935844,0.027888446215139417,0.16962025316455676,0.0830208891269415,0.37862349661697925,0.007795100222717149,0.5,0.29361648549824326,0.3862364837488923,0.010715032558892166,0.5410419383310141,0.712793769825123,0.35345595002791313
2021-03-22 18:00:00,0.42189679218967924,0.1872509960159361,0.16902457185405795,0.07909301910373157,0.4042873408278913,0.005567928730512249,0.5,0.15463442845979114,0.40392003609122845,0.04494393991445373,0.543932231295951,0.7223970894912984,0.3225025272719043
2021-03-22 18:10:00,0.3723849372384937,-0.0916334661354582,0.1714072970960534,0.07945009819675053,0.41098794676159195,0.0023385300668151447,0.5,0.15463442845979114,0.40392003609122845,0.04494393991445373,0.543932231295951,0.7223970894912984,0.24495677233429394
2021-03-22 18:20:00,0.29358437935843795,0.05179282868525892,0.17766195085629177,0.0830208891269415,0.4036853332635354,0.0021158129175946547,0.5,0.15463442845979114,0.40392003609122845,0.04494393991445373,0.543932231295951,0.7223970894912984,0.1675015465395235
2021-03-22 18:30:00,0.4435146443514645,-0.42629482071713154,0.1868950111690244,0.08766291733619003,0.3756658072790567,0.02271714922048998,0.5,0.15463442845979114,0.40392003609122845,0.04494393991445373,0.543932231295951,0.7223970894912984,0.3556814581227274
2021-03-22 18:40:00,0.5808926080892608,-0.13147410358565736,0.19493670886075942,0.09051955008034285,0.37769431102851686,0.06236080178173719,0.5,0.15463442845979114,0.40392003609122845,0.04494393991445373,0.543932231295951,0.7223970894912984,0.4769301567662991
2021-03-22 18:50:00,0.6541143654114366,-0.11553784860557781,0.19583023082650763,0.09016247098732366,0.3689521142243918,0.07527839643652562,0.5,0.15463442845979114,0.40392003609122845,0.04494393991445373,0.543932231295951,0.7223970894912984,0.5513903767521161
2021-03-22 19:00:00,0.6576011157601116,-0.05179282868525903,0.19583023082650763,0.09123370826638122,0.3712423603931371,0.055122494432071276,0.5,0.16439767822473494,0.39889714862057524,0.03623548723317833,0.6201580193159696,0.6819175365183989,0.6679994568251431
2021-03-22 19:10:00,0.6520223152022315,0.05976095617529875,0.1952345495160086,0.094447420103553,0.37392522019081026,0.03930957683741648,0.5,0.16439767822473494,0.39889714862057524,0.03623548723317833,0.6201580193159696,0.6819175365183989,0.7704859906151456
2021-03-22 19:20:00,0.690376569037657,-0.23505976095617542,0.18778853313477262,0.09623281556864849,0.38109696247922425,0.0589086859688196,0.5,0.16439767822473494,0.39889714862057524,0.03623548723317833,0.6201580193159696,0.6819175365183989,0.7763175762330824
2021-03-22 19:30:00,0.7761506276150628,0.298804780876494,0.17498138495904692,0.09159078735940018,0.37141249296567247,0.07048997772828508,0.5,0.16439767822473494,0.39889714862057524,0.03623548723317833,0.6201580193159696,0.6819175365183989,0.7904263168218236
2021-03-22 19:40:00,0.7364016736401674,0.043824701195219085,0.1594936708860759,0.0830208891269415,0.37520775804530765,0.033184855233853006,0.5,0.16439767822473494,0.39889714862057524,0.03623548723317833,0.6201580193159696,0.6819175365183989,0.8045350574105649
2021-03-22 19:50:00,0.8075313807531381,-0.1872509960159363,0.14460163812360372,0.0815925727548652,0.38069126172933215,0.05244988864142539,0.5,0.16439767822473494,0.39889714862057524,0.03623548723317833,0.6201580193159696,0.6819175365183989,0.8186437225583536
2021-03-22 20:00:00,0.8758716875871688,0.06772908366533859,0.13536857781087108,0.07945009819675053,0.38073052309222494,0.08062360801781737,0.5,0.1461088451392707,0.41194861022910567,0.045317661136683174,0.6564704177753802,0.6651106455557076,0.8327524631470948
2021-03-22 20:10:00,0.7928870292887029,0.4661354581673305,0.12673119880863726,0.07337975361542592,0.38073052309222494,0.03697104677060133,0.5,0.1461088451392707,0.41194861022910567,0.045317661136683174,0.6564704177753802,0.6651106455557076,0.8468611282948836
2021-03-22 20:20:00,0.6297071129707112,-0.03585657370517936,0.11243484735666387,0.07909301910373157,0.38073052309222494,0.0038975501113585743,0.5,0.1461088451392707,0.41194861022910567,0.045317661136683174,0.6564704177753802,0.6651106455557076,0.8609698688836248
2021-03-22 20:30:00,0.6959553695955369,-0.02788844621513953,0.10290394638868205,0.08087841456882705,0.38073052309222494,0.005011135857461025,0.5,0.1461088451392707,0.41194861022910567,0.045317661136683174,0.6564704177753802,0.6651106455557076,0.7988857371335455
2021-03-22 20:40:00,0.5550906555090656,-0.298804780876494,0.09009679821295591,0.08123549366184624,0.38073052309222494,0.002561247216035635,0.5,0.1461088451392707,0.41194861022910567,0.045317661136683174,0.6564704177753802,0.6651106455557076,0.7368016053834664
2021-03-22 20:50:00,0.5146443514644351,-0.06374501992031878,0.07937453462397603,0.0817711123013749,0.37614348719425217,0.0013363029510022272,0.5,0.1461088451392707,0.41194861022910567,0.045317661136683174,0.6564704177753802,0.6651106455557076,0.6164355658825837
2021-03-22 21:00:00,0.47419804741980476,0.17131474103585642,0.06865227103499616,0.08230673094090357,0.3715564512962793,0.00011135857461024499,0.5,0.1353195876357427,0.42193404155663644,0.043030695231801634,0.6808067615678562,0.686215104083597,0.49606952638170104
2021-03-22 21:10:00,0.46164574616457466,-0.05179282868525903,0.0588235294117645,0.07837886091769342,0.36951486042585496,0.00011135857461024499,0.5,0.1353195876357427,0.42193404155663644,0.043030695231801634,0.6808067615678562,0.686215104083597,0.4790047829563801
2021-03-22 21:20:00,0.4595536959553696,-0.29083665338645437,0.05197319434102754,0.06980896268523495,0.36946251194199786,0.00011135857461024499,0.5,0.1353195876357427,0.42193404155663644,0.043030695231801634,0.6808067615678562,0.686215104083597,0.4376555969642561
2021-03-22 21:30:00,0.4107391910739191,-0.17131474103585675,0.04631422189128798,0.0576682735225853,0.36946251194199786,0.00011135857461024499,0.5,0.1353195876357427,0.42193404155663644,0.043030695231801634,0.6808067615678562,0.686215104083597,0.36672601354919504
2021-03-22 21:40:00,0.4546722454672245,-0.15537848605577698,0.040655249441548635,0.04409926798785935,0.36946251194199786,0.00011135857461024499,0.5,0.1353195876357427,0.42193404155663644,0.043030695231801634,0.6808067615678562,0.686215104083597,0.47417656200491876
2021-03-22 21:50:00,0.4072524407252441,0.1394422310756971,0.03469843633655967,0.030530262453133394,0.36946251194199786,0.00011135857461024499,0.5,0.1353195876357427,0.42193404155663644,0.043030695231801634,0.6808067615678562,0.686215104083597,0.3717579250720461
2021-03-22 22:00:00,0.3891213389121339,0.2589641434262948,0.02993298585256876,0.01553294054633092,0.37333629974741855,0.00011135857461024499,0.5,0.02982903539863435,0.43980437175114473,0.07632130488689638,0.632715795912424,0.698530490404151,0.3314649124130543
2021-03-22 22:10:00,0.4379358437935844,0.09960159362549792,0.025167535368577854,0.0026780931976433386,0.38073052309222494,0.00011135857461024499,0.5,0.02982903539863435,0.43980437175114473,0.07632130488689638,0.632715795912424,0.698530490404151,0.37887200688021483
2021-03-22 22:20:00,0.3821478382147839,-0.19521912350597614,0.021295606850334936,-0.006963042313872458,0.37993220871340516,0.00011135857461024499,0.5,0.02982903539863435,0.43980437175114473,0.07632130488689638,0.632715795912424,0.698530490404151,0.288312687659369
2021-03-22 22:30:00,0.3354253835425383,0.2350597609561753,0.016530156366343807,-0.018746652383503037,0.36946251194199786,0.00011135857461024499,0.5,0.02982903539863435,0.43980437175114473,0.07632130488689638,0.632715795912424,0.698530490404151,0.244292891953468
2021-03-22 22:40:00,0.3200836820083682,0.43426294820717115,0.013551749813849545,-0.03088734154615247,0.36946251194199786,0.00011135857461024499,0.5,0.02982903539863435,0.43980437175114473,0.07632130488689638,0.632715795912424,0.698530490404151,0.21287173529278636
2021-03-22 22:50:00,0.2629009762900976,0.09960159362549792,0.008488458674609012,-0.044099267987859125,0.36946251194199786,0.00011135857461024499,0.5,0.02982903539863435,0.43980437175114473,0.07632130488689638,0.632715795912424,0.698530490404151,0.15223984187576386
2021-03-22 23:00:00,0.3075313807531381,0.25099601593625476,0.005510052122114528,-0.055168719871451444,0.3743309209407022,0.00011135857461024499,0.5,-0.03577785908519815,0.429353432545896,0.1164780116357031,0.5309588486274459,0.7141736316398797,0.17896102720400742
2021-03-22 23:10:00,0.3270571827057183,-0.14741035856573714,0.0037230081906181045,-0.06052490626673801,0.38323016319639847,0.00011135857461024499,0.5,-0.03577785908519815,0.429353432545896,0.1164780116357031,0.5309588486274459,0.7141736316398797,0.18475489234576098
2021-03-22 23:20:00,0.20920502092050208,0.03585657370517925,-0.00044676098287421695,-0.06588109266202469,0.38323016319639847,0.00011135857461024499,0.5,-0.03577785908519815,0.429353432545896,0.1164780116357031,0.5309588486274459,0.7141736316398797,0.08398086817447983
2021-03-22 23:30:00,0.12133891213389121,0.2828685258964143,-0.0031273268801192966,-0.06659525084806284,0.38323016319639847,0.00011135857461024499,0.5,-0.03577785908519815,0.429353432545896,0.1164780116357031,0.5309588486274459,0.7141736316398797,0.017094919806267636
2021-03-22 23:40:00,0.11924686192468618,-0.26693227091633476,-0.008488458674609234,-0.06338153901089094,0.3804164321890827,0.00011135857461024499,0.5,-0.03577785908519815,0.429353432545896,0.1164780116357031,0.5309588486274459,0.7141736316398797,0.01150474523590386
2021-03-22 23:50:00,0.10529986052998605,0.5298804780876492,-0.00967982129560696,-0.06338153901089094,0.366792739265289,0.00011135857461024499,0.5,-0.03577785908519815,0.429353432545896,0.1164780116357031,0.5309588486274459,0.7141736316398797,0.005522277713233852
2021-03-23 00:00:00,0.09344490934449094,0.346613545816733,-0.01236038719285204,-0.06766648812712017,0.37743256860923163,0.00044543429844097997,0.5,-0.050133695859180705,0.43834463099880305,0.1251637645888553,0.42802900079534123,0.7358073255351624,0.0
2021-03-23 00:10:00,0.08926080892608089,0.1872509960159361,-0.016232315711094625,-0.0862346009641134,0.38323016319639847,0.7984409799554566,0.5,-0.050133695859180705,0.43834463099880305,0.1251637645888553,0.42802900079534123,0.7358073255351624,0.0
2021-03-23 00:20:00,0.06485355648535565,-0.6972111553784861,-0.004914370811615942,-0.056597036243527854,0.38323016319639847,0.9995545657015591,0.5,-0.050133695859180705,0.43834463099880305,0.1251637645888553,0.42802900079534123,0.7358073255351624,0.0
2021-03-23 00:30:00,0.061366806136680614,-0.5298804780876496,0.0022338049143706407,-0.04052847705766838,0.38323016319639847,0.9995545657015591,0.5,-0.050133695859180705,0.43834463099880305,0.1251637645888553,0.42802900079534123,0.7358073255351624,0.0
2021-03-23 00:40:00,0.06764295676429567,-0.36254980079681287,0.004616530156366094,-0.038386002499553595,0.38323016319639847,0.9995545657015591,0.5,-0.050133695859180705,0.43834463099880305,0.1251637645888553,0.42802900079534123,0.7358073255351624,0.0
2021-03-23 00:50:00,0.06764295676429567,-0.19521912350597614,-0.0013402829486225398,-0.041956793429744677,0.38323016319639847,0.9995545657015591,0.5,-0.050133695859180705,0.43834463099880305,0.1251637645888553,0.42802900079534123,0.7358073255351624,0.0
2021-03-23 01:00:00,0.08786610878661089,0.11111111111111094,-0.008786299329858527,-0.04731297982503124,0.38323016319639847,0.9995545657015591,0.5,-0.168587626737571,0.4249627162672008,0.16078014527065115,0.3090199624821649,0.7429935976389689,0.0
2021-03-23 01:10:00,0.1087866108786611,0.41744134572819824,-0.014147431124348686,-0.0526691662203177,0.38323016319639847,0.9995545657015591,0.5,-0.168587626737571,0.4249627162672008,0.16078014527065115,0.3090199624821649,0.7429935976389689,0.0
2021-03-23 01:20:00,0.09832635983263598,0.7237715803452853,-0.01801935964259138,-0.06052490626673801,0.38323016319639847,0.9995545657015591,0.5,-0.168587626737571,0.4249627162672008,0.16078014527065115,0.3090199624821649,0.7429935976389689,0.0
2021-03-23 01:30:00,0.09483960948396096,0.585657370517928,-0.021891288160834188,-0.06338153901089094,0.38323016319639847,0.9995545657015591,0.5,-0.168587626737571,0.4249627162672008,0.16078014527065115,0.3090199624821649,0.7429935976389689,0.0
2021-03-23 01:40:00,0.06694560669456066,0.4475431606905709,-0.024571854058079046,-0.06338153901089094,0.38323016319639847,0.9995545657015591,0.5,-0.168587626737571,0.4249627162672008,0.16078014527065115,0.3090199624821649,0.7429935976389689,0.0
2021-03-23 01:50:00,0.045327754532775454,0.30942895086321354,-0.02278481012658229,-0.06445277628994805,0.38323016319639847,0.9995545657015591,0.5,-0.168587626737571,0.4249627162672008,0.16078014527065115,0.3090199624821649,0.7429935976389689,0.0
2021-03-23 02:00:00,0.027196652719665274,0.17131474103585642,-0.025167535368577965,-0.07052312087127288,0.38323016319639847,0.9995545657015591,0.5,-0.17638848077678015,0.4278247276635251,0.17510849265308717,0.23757601298315542,0.7344451021946988,0.0
2021-03-23 02:10:00,0.02092050209205021,0.16629777187546102,-0.027550260610573418,-0.07052312087127288,0.38323016319639847,0.9995545657015591,0.5,-0.17638848077678015,0.4278247276635251,0.17510849265308717,0.23757601298315542,0.7344451021946988,0.0
2021-03-23 02:20:00,0.04114365411436541,0.16128080271506562,-0.03261355174981406,-0.07587930726655945,0.38323016319639847,0.9995545657015591,0.5,-0.17638848077678015,0.4278247276635251,0.17510849265308717,0.23757601298315542,0.7344451021946988,0.0
2021-03-23 02:30:00,0.04184100418410042,0.15626383355467022,-0.03261355174981406,-0.07766470273165504,0.38323016319639847,0.9995545657015591,0.5,-0.17638848077678015,0.4278247276635251,0.17510849265308717,0.23757601298315542,0.7344451021946988,0.0
2021-03-23 02:40:00,0.05230125523012552,0.1512468643942746,-0.03410275502606119,-0.08087841456882694,0.38323016319639847,0.9995545657015591,0.5,-0.17638848077678015,0.4278247276635251,0.17510849265308717,0.23757601298315542,0.7344451021946988,0.0
2021-03-23 02:50:00,0.06345885634588563,0.1462298952338792,-0.03350707371556216,-0.08194965184788428,0.38323016319639847,0.9995545657015591,0.5,-0.17638848077678015,0.4278247276635251,0.17510849265308717,0.23757601298315542,0.7344451021946988,0.0
2021-03-23 03:00:00,0.06624825662482565,0.1412129260734838,-0.03350707371556216,-0.08837707552222807,0.38323016319639847,0.9995545657015591,0.5,-0.18016675210616429,0.41541405776320633,0.18616186529372628,0.1753115422308006,0.774018018360186,0.0
2021-03-23 03:10:00,0.06345885634588563,0.1361959569130884,-0.03529411764705892,-0.09194786645241915,0.38323016319639847,0.9995545657015591,0.5,-0.18016675210616429,0.41541405776320633,0.18616186529372628,0.1753115422308006,0.774018018360186,0.0
2021-03-23 03:20:00,0.08577405857740586,0.13117898775269277,-0.037974683544304,-0.0958757364756293,0.38323016319639847,0.9995545657015591,0.5,-0.18016675210616429,0.41541405776320633,0.18616186529372628,0.1753115422308006,0.774018018360186,0.0
2021-03-23 03:30:00,0.0599721059972106,0.12616201859229736,-0.04363365599404323,-0.10123192287091587,0.38323016319639847,0.9995545657015591,0.5,-0.18016675210616429,0.41541405776320633,0.18616186529372628,0.1753115422308006,0.774018018360186,0.0
2021-03-23 03:40:00,0.06834030683403068,0.12114504943190196,-0.04780342516753544,-0.10301731833601147,0.38323016319639847,0.9995545657015591,0.5,-0.18016675210616429,0.41541405776320633,0.18616186529372628,0.1753115422308006,0.774018018360186,0.0
2021-03-23 03:50:00,0.11087866108786612,0.11612808027150634,-0.04542069992553999,-0.10980182110337433,0.38323016319639847,0.9995545657015591,0.5,-0.18016675210616429,0.41541405776320633,0.18616186529372628,0.1753115422308006,0.774018018360186,0.0
2021-03-23 04:00:00,0.13389121338912133,0.11111111111111116,-0.04542069992553999,-0.11730048205677557,0.38323016319639847,0.9995545657015591,0.5,-0.18909130508304428,0.41131356553172704,0.198122085732181,0.09167115926102123,0.8909907401855708,0.0
2021-03-23 04:10:00,0.11436541143654114,0.10609414195071554,-0.04750558451228615,-0.1230137475450811,0.38323016319639847,0.9995545657015591,0.5,-0.18909130508304428,0.41131356553172704,0.198122085732181,0.09167115926102123,0.8909907401855708,0.0
2021-03-23 04:20:00,0.12482566248256625,0.10107717279032014,-0.05137751303052884,-0.12872701303338696,0.38323016319639847,0.9995545657015591,0.5,-0.18909130508304428,0.41131356553172704,0.198122085732181,0.09167115926102123,0.8909907401855708,0.0
2021-03-23 04:30:00,0.11924686192468618,0.09606020362992451,-0.05346239761727478,-0.13372612033565434,0.38323016319639847,0.9995545657015591,0.5,-0.18909130508304428,0.41131356553172704,0.198122085732181,0.09167115926102123,0.8909907401855708,0.0
2021-03-23 04:40:00,0.12412831241283125,0.09104323446952933,-0.054355919583023216,-0.1390823067309409,0.38323016319639847,0.9995545657015591,0.5,-0.18909130508304428,0.41131356553172704,0.198122085732181,0.09167115926102123,0.8909907401855708,0.0
2021-03-23 04:50:00,0.099721059972106,0.08602626530913371,-0.058525688756515315,-0.1455097304052847,0.38323016319639847,0.9995545657015591,0.5,-0.18909130508304428,0.41131356553172704,0.198122085732181,0.09167115926102123,0.8909907401855708,0.0
2021-03-23 05:00:00,0.0899581589958159,0.08100929614873831,-0.0618019359642592,-0.1490805213354759,0.38323016319639847,0.9995545657015591,0.5,-0.18208845706273358,0.40440853201228666,0.19382625729545802,0.10147808835817529,0.14184910071086185,0.0
2021-03-23 05:10:00,0.10599721059972106,0.0759923269883429,-0.06418466120625477,-0.15015175861453323,0.38323016319639847,0.9995545657015591,0.5,-0.18208845706273358,0.40440853201228666,0.19382625729545802,0.10147808835817529,0.14184910071086185,0.0
2021-03-23 05:20:00,0.08437935843793584,0.07097535782794728,-0.06924795234549519,-0.15265131226566697,0.38323016319639847,0.9995545657015591,0.5,-0.18208845706273358,0.40440853201228666,0.19382625729545802,0.10147808835817529,0.14184910071086185,0.0
2021-03-23 05:30:00,0.07322175732217574,0.06595838866755188,-0.07371556217423691,-0.15872165684699147,0.38323016319639847,0.9995545657015591,0.5,-0.18208845706273358,0.40440853201228666,0.19382625729545802,0.10147808835817529,0.14184910071086185,0.0
2021-03-23 05:40:00,0.07182705718270573,0.06094141950715648,-0.07937453462397637,-0.16014997321906788,0.38323016319639847,0.9995545657015591,0.5,-0.18208845706273358,0.40440853201228666,0.19382625729545802,0.10147808835817529,0.14184910071086185,0.0
2021-03-23 05:50:00,0.058577405857740586,0.05592445034676108,-0.08265078183172014,-0.16336368505623988,0.38323016319639847,0.9995545657015591,0.5,-0.18208845706273358,0.40440853201228666,0.19382625729545802,0.10147808835817529,0.14184910071086185,0.0
2021-03-23 06:00:00,0.07182705718270573,0.050907481186365455,-0.08771407297096068,-0.1676486341724691,0.38323016319639847,0.9995545657015591,0.5,-0.3030667165184179,0.4149600439071627,0.24424856734914227,0.21077181715075102,0.17138700265841791,0.0
2021-03-23 06:10:00,0.0697350069735007,0.045890512025970054,-0.08920327624720792,-0.17050526691662193,0.38323016319639847,0.9995545657015591,0.5,-0.3030667165184179,0.4149600439071627,0.24424856734914227,0.21077181715075102,0.17138700265841791,0.0
2021-03-23 06:20:00,0.08368200836820083,0.04087354286557465,-0.08920327624720792,-0.1740760578468129,0.38323016319639847,0.9995545657015591,0.5,-0.3030667165184179,0.4149600439071627,0.24424856734914227,0.21077181715075102,0.17138700265841791,0.0
2021-03-23 06:30:00,0.0899581589958159,0.03585657370517925,-0.09307520476545061,-0.17764684877700399,0.38323016319639847,0.9995545657015591,0.5,-0.3030667165184179,0.4149600439071627,0.24424856734914227,0.21077181715075102,0.17138700265841791,0.0
2021-03-23 06:40:00,0.06415620641562064,0.20318725099601576,-0.09962769918093839,-0.18121763970719518,0.38323016319639847,0.9995545657015591,0.5,-0.3030667165184179,0.4149600439071627,0.24424856734914227,0.21077181715075102,0.17138700265841791,0.0
2021-03-23 06:50:00,0.0697350069735007,0.3705179282868525,-0.09694713328369331,-0.1840742724513479,0.38323016319639847,0.9995545657015591,0.5,-0.3030667165184179,0.4149600439071627,0.24424856734914227,0.21077181715075102,0.17138700265841791,0.0
2021-03-23 07:00:00,0.055788005578800565,0.5378486055776892,-0.09903201787043936,-0.1887163006605963,0.38323016319639847,0.9995545657015591,0.5,-0.3011449782087591,0.4140405221734053,0.2429135950700756,0.26444683055027685,0.1960300180573578,0.0
2021-03-23 07:10:00,0.03207810320781032,0.7051792828685257,-0.10201042442293384,-0.1919300124977681,0.38323016319639847,0.9995545657015591,0.5,-0.3011449782087591,0.4140405221734053,0.2429135950700756,0.26444683055027685,0.1960300180573578,0.0
2021-03-23 07:20:00,0.05230125523012552,0.6896317170343016,-0.1037974683544306,-0.19300124977682553,0.38323016319639847,0.9995545657015591,0.5,-0.3011449782087591,0.4140405221734053,0.2429135950700756,0.26444683055027685,0.1960300180573578,0.0
2021-03-23 07:30:00,0.06764295676429567,0.6740841512000775,-0.10349962769918108,-0.19550080342795917,0.38323016319639847,0.9995545657015591,0.5,-0.3011449782087591,0.4140405221734053,0.2429135950700756,0.26444683055027685,0.1960300180573578,0.0
2021-03-23 07:40:00,0.11924686192468618,0.6585365853658534,-0.10201042442293384,-0.20121406891626503,0.38323016319639847,0.9995545657015591,0.5,-0.3011449782087591,0.4140405221734053,0.2429135950700756,0.26444683055027685,0.1960300180573578,0.0
2021-03-23 07:50:00,0.15132496513249652,0.6429890195316292,-0.10141474311243492,-0.20871272986966605,0.38323016319639847,0.9995545657015591,0.5,-0.3011449782087591,0.4140405221734053,0.2429135950700756,0.26444683055027685,0.1960300180573578,0.0
2021-03-23 08:00:00,0.13668061366806136,0.6274414536974056,-0.09843633655994066,-0.21656846991608647,0.38323016319639847,0.9995545657015591,0.5,-0.33093152177139606,0.42034786656590234,0.244276086013962,0.3387891283766377,0.15182653598189527,0.0
2021-03-23 08:10:00,0.12412831241283125,0.6118938878631814,-0.0966492926284439,-0.21835386538118184,0.38323016319639847,0.9995545657015591,0.5,-0.33093152177139606,0.42034786656590234,0.244276086013962,0.3387891283766377,0.15182653598189527,0.0
2021-03-23 08:20:00,0.11227336122733612,0.5963463220289573,-0.09575577066269558,-0.21335475807891446,0.38323016319639847,0.9995545657015591,0.5,-0.33093152177139606,0.42034786656590234,0.244276086013962,0.3387891283766377,0.15182653598189527,0.0
2021-03-23 08:30:00,0.10739191073919108,0.5807987561947332,-0.0927773641102011,-0.20764149259060882,0.38323016319639847,0.9995545657015591,0.5,-0.33093152177139606,0.42034786656590234,0.244276086013962,0.3387891283766377,0.15182653598189527,0.0
2021-03-23 08:40:00,0.08577405857740586,0.5652511903605091,-0.08711839166046176,-0.20407070166041774,0.38323016319639847,0.9995545657015591,0.5,-0.33093152177139606,0.42034786656590234,0.244276086013962,0.3387891283766377,0.15182653598189527,0.0
2021-03-23 08:50:00,0.058577405857740586,0.549703624526285,-0.07997021593447506,-0.19764327798607395,0.38323016319639847,0.9995545657015591,0.5,-0.33093152177139606,0.42034786656590234,0.244276086013962,0.3387891283766377,0.15182653598189527,0.0
2021-03-23 09:00:00,0.05369595536959554,0.5341560586920611,-0.07371556217423691,-0.19085877521871086,0.38323016319639847,0.9995545657015591,0.5,-0.31897780785485275,0.41385374432123734,0.22345219240695366,0.3006619408447682,0.13125967593182997,0.0
2021-03-23 09:10:00,0.06834030683403068,0.518608492857837,-0.06567386448250201,-0.18300303517229055,0.38323016319639847,0.9995545657015591,0.5,-0.31897780785485275,0.41385374432123734,0.22345219240695366,0.3006619408447682,0.13125967593182997,0.0
2021-03-23 09:20:00,0.055788005578800565,0.5030609270236128,-0.05614296351451986,-0.17371897875379394,0.38323016319639847,0.9995545657015591,0.5,-0.31897780785485275,0.41385374432123734,0.22345219240695366,0.3006619408447682,0.13125967593182997,0.0
2021-03-23 09:30:00,0.06555090655509065,0.4875133611893887,-0.04750558451228615,-0.16300660596322092,0.38323016319639847,0.9995545657015591,0.5,-0.31897780785485275,0.41385374432123734,0.22345219240695366,0.3006619408447682,0.13125967593182997,0.0
2021-03-23 09:40:00,0.0801952580195258,0.4719657953551646,-0.0385703648548027,-0.15586502410283876,0.38323016319639847,0.9995545657015591,0.5,-0.31897780785485275,0.41385374432123734,0.22345219240695366,0.3006619408447682,0.13125967593182997,0.0
2021-03-23 09:50:00,0.08926080892608089,0.45641822952094047,-0.029337304542070175,-0.14800928405641844,0.38323016319639847,0.9995545657015591,0.5,-0.31897780785485275,0.41385374432123734,0.22345219240695366,0.3006619408447682,0.13125967593182997,0.0
2021-03-23 10:00:00,0.0899581589958159,0.44087066368671635,-0.02427401340282964,-0.13693983217282624,0.38323016319639847,0.9995545657015591,0.5,0.002534234444869332,0.4087417781826228,0.09562368263903234,0.31655463748084833,0.14995617080747722,0.0
2021-03-23 10:10:00,0.08647140864714087,0.42532309785249267,-0.020402084884586835,-0.1283699339403679,0.38323016319639847,0.9995545657015591,0.5,0.002534234444869332,0.4087417781826228,0.09562368263903234,0.31655463748084833,0.14995617080747722,0.0
2021-03-23 10:20:00,0.0885634588563459,0.40977553201826855,-0.0040208488458676195,-0.1151580074986609,0.38323016319639847,0.9995545657015591,0.5,0.002534234444869332,0.4087417781826228,0.09562368263903234,0.31655463748084833,0.14995617080747722,0.0
2021-03-23 10:30:00,0.0808926080892608,0.39422796618404443,0.008190618019359386,-0.10016068559185842,0.38323016319639847,0.9995545657015591,0.5,0.002534234444869332,0.4087417781826228,0.09562368263903234,0.31655463748084833,0.14995617080747722,0.0
2021-03-23 10:40:00,0.0697350069735007,0.3786804003498203,0.015040953090096565,-0.08694875915015177,0.38323016319639847,0.9995545657015591,0.5,0.002534234444869332,0.4087417781826228,0.09562368263903234,0.31655463748084833,0.14995617080747722,0.0
2021-03-23 10:50:00,0.07322175732217574,0.3631328345155962,0.023976172747579794,-0.07302267452240663,0.38323016319639847,0.9995545657015591,0.5,0.002534234444869332,0.4087417781826228,0.09562368263903234,0.31655463748084833,0.14995617080747722,0.0
2021-03-23 11:00:00,0.0794979079497908,0.3475852686813721,0.034996276991809294,-0.06052490626673801,0.38323016319639847,0.9995545657015591,0.5,0.04976274279798387,0.3991844991623747,0.06942008028094908,0.31387894624165147,0.19389713424353963,0.0
2021-03-23 11:10:00,0.061366806136680614,0.33203770284714795,0.04542069992553954,-0.05195500803427966,0.38323016319639847,0.9995545657015591,0.5,0.04976274279798387,0.3991844991623747,0.06942008028094908,0.31387894624165147,0.19389713424353963,0.0
2021-03-23 11:20:00,0.03138075313807531,0.31649013701292406,0.0546537602382724,-0.038386002499553595,0.38323016319639847,0.9995545657015591,0.5,0.04976274279798387,0.3991844991623747,0.06942008028094908,0.31387894624165147,0.19389713424353963,0.0
2021-03-23 11:30:00,0.03486750348675035,0.30094257117869994,0.06835443037974676,-0.016604177825388367,0.38323016319639847,0.9995545657015591,0.5,0.04976274279798387,0.3991844991623747,0.06942008028094908,0.31387894624165147,0.19389713424353963,0.0
2021-03-23 11:40:00,0.038354253835425386,0.2853950053444758,0.08354430379746813,0.005891805034815345,0.38323016319639847,0.9995545657015591,0.5,0.04976274279798387,0.3991844991623747,0.06942008028094908,0.31387894624165147,0.19389713424353963,0.0
2021-03-23 11:50:00,0.05160390516039052,0.2698474395102517,0.09426656738644801,0.021960364220674933,0.38323016319639847,0.9995545657015591,0.5,0.04976274279798387,0.3991844991623747,0.06942008028094908,0.31387894624165147,0.19389713424353963,0.0
2021-03-23 12:00:00,0.0899581589958159,0.2542998736760276,0.10558451228592691,0.0337439742903054,0.38323016319639847,0.9995545657015591,0.5,0.08832725250923623,0.3990523179131451,0.0483015974648335,0.3132099533655686,0.2534588407733439,0.0
2021-03-23 12:10:00,0.09762900976290097,0.23875230784180346,0.11422189128816074,0.04017139796464919,0.38323016319639847,0.9995545657015591,0.5,0.08832725250923623,0.3990523179131451,0.0483015974648335,0.3132099533655686,0.2534588407733439,0.0
2021-03-23 12:20:00,0.09135285913528592,0.22320474200757934,0.12345495160089337,0.04374218889484016,0.38323016319639847,0.9995545657015591,0.5,0.08832725250923623,0.3990523179131451,0.0483015974648335,0.3132099533655686,0.2534588407733439,0.0
2021-03-23 12:30:00,0.0815899581589958,0.20765717617335522,0.13387937453462384,0.05838243170862345,0.38323016319639847,0.9995545657015591,0.5,0.08832725250923623,0.3990523179131451,0.0483015974648335,0.3132099533655686,0.2534588407733439,0.0
2021-03-23 12:40:00,0.08298465829846582,0.19210961033913132,0.1443037974683543,0.07088019996429229,0.38323016319639847,0.9995545657015591,0.5,0.08832725250923623,0.3990523179131451,0.0483015974648335,0.3132099533655686,0.2534588407733439,0.0
2021-03-23 12:50:00,0.06903765690376569,0.1765620445049072,0.15383469843633635,0.0801642563827889,0.38323016319639847,0.9995545657015591,0.5,0.08832725250923623,0.3990523179131451,0.0483015974648335,0.3132099533655686,0.2534588407733439,0.0
2021-03-23 13:00:00,0.09414225941422595,0.16101447867068308,0.16128071481757233,0.08659168005713269,0.38323016319639847,0.9995545657015591,0.5,0.23271614553020226,0.3928397991994424,0.017026698304254222,0.32757198648991065,0.31036044241530514,0.0
2021-03-23 13:10:00,0.12761506276150628,0.14546691283645896,0.17170513775130303,0.09230494554543855,0.38323016319639847,0.9995545657015591,0.5,0.23271614553020226,0.3928397991994424,0.017026698304254222,0.32757198648991065,0.31036044241530514,0.0
2021-03-23 13:20:00,0.09205020920502092,0.12991934700223484,0.1788533134772894,0.09873236921978235,0.38323016319639847,0.9995545657015591,0.5,0.23271614553020226,0.3928397991994424,0.017026698304254222,0.32757198648991065,0.31036044241530514,0.0
2021-03-23 13:30:00,0.14225941422594143,0.11437178116801072,0.1910647803425165,0.10980182110337444,0.38323016319639847,0.9995545657015591,0.5,0.23271614553020226,0.3928397991994424,0.017026698304254222,0.32757198648991065,0.31036044241530514,0.0
2021-03-23 13:40:00,0.15620641562064158,0.0988242153337866,0.19672375279225607,0.11265845384752704,0.38323016319639847,0.9995545657015591,0.5,0.23271614553020226,0.3928397991994424,0.017026698304254222,0.32757198648991065,0.31036044241530514,0.0
2021-03-23 13:50:00,0.20013947001394702,0.0832766494995627,0.20089352196574817,0.10730226745224059,0.30318933137898996,0.525946547884187,0.5,0.23271614553020226,0.3928397991994424,0.017026698304254222,0.32757198648991065,0.31036044241530514,0.009694162379105874
2021-03-23 14:00:00,0.1394700139470014,0.06772908366533859,0.20416976917349206,0.07909301910373157,0.28898980513276884,0.00011135857461024499,0.5,0.24501182867318416,0.3905898444571522,0.01967039233880372,0.2994066875521486,0.3342416483943689,0.018928134948775592
2021-03-23 14:10:00,0.11436541143654114,0.2749003984063745,0.20714817572598654,0.07837886091769342,0.28956563845519623,0.02917594654788419,0.5,0.24501182867318416,0.3905898444571522,0.01967039233880372,0.2994066875521486,0.3342416483943689,0.0
2021-03-23 14:20:00,0.14504881450488147,-0.17131474103585675,0.2139985107967235,0.08659168005713269,0.322388137833558,0.705456570155902,0.5,0.24501182867318416,0.3905898444571522,0.01967039233880372,0.2994066875521486,0.3342416483943689,0.0
2021-03-23 14:30:00,0.11645746164574616,0.10358565737051784,0.21608339538346977,0.10016068559185864,0.32767533470311866,0.9981069042316258,0.5,0.24501182867318416,0.3905898444571522,0.01967039233880372,0.2994066875521486,0.3342416483943689,0.0
2021-03-23 14:40:00,0.1317991631799163,0.3784860557768923,0.21667907669396835,0.10444563470808776,0.32767533470311866,0.9981069042316258,0.5,0.24501182867318416,0.3905898444571522,0.01967039233880372,0.2994066875521486,0.3342416483943689,0.0
2021-03-23 14:50:00,0.1506276150627615,-0.0916334661354582,0.21667907669396835,0.10373147652204961,0.32767533470311866,0.9981069042316258,0.5,0.24501182867318416,0.3905898444571522,0.01967039233880372,0.2994066875521486,0.3342416483943689,0.0
2021-03-23 15:00:00,0.20432357043235705,-0.06374501992031878,0.21667907669396835,0.1008748437778968,0.32767533470311866,0.7789532293986637,0.5,0.2453212786373793,0.36483748890108714,0.024774153556939606,0.24414900789721639,0.367283328488697,0.005507189522760535
2021-03-23 15:10:00,0.19177126917712692,-0.03585657370517936,0.21965748324646306,0.08837707552222818,0.32767533470311866,0.00011135857461024499,0.5,0.2453212786373793,0.36483748890108714,0.024774153556939606,0.24414900789721639,0.367283328488697,0.06216334475006413
2021-03-23 15:20:00,0.21199442119944212,0.22709163346613526,0.22710349962769927,0.09016247098732366,0.3377785920875267,0.00011135857461024499,0.5,0.2453212786373793,0.36483748890108714,0.024774153556939606,0.24414900789721639,0.367283328488697,0.06984323370098224
2021-03-23 15:30:00,0.24616457461645744,-0.1872509960159363,0.22650781831720024,0.09801821103374397,0.33974166023216557,0.00011135857461024499,0.5,0.2453212786373793,0.36483748890108714,0.024774153556939606,0.24414900789721639,0.367283328488697,0.09800534121942756
2021-03-23 15:40:00,0.3193863319386332,0.33864541832669315,0.2259121370067012,0.10301731833601147,0.33627357317663686,0.00011135857461024499,0.5,0.2453212786373793,0.36483748890108714,0.024774153556939606,0.24414900789721639,0.367283328488697,0.17457790787150898
2021-03-23 15:50:00,0.3235704323570432,0.05976095617529875,0.2285927029039463,0.10158900196393517,0.3415215086833048,0.00011135857461024499,0.5,0.2453212786373793,0.36483748890108714,0.024774153556939606,0.24414900789721639,0.367283328488697,0.17801801529942515
2021-03-23 16:00:00,0.35495118549511856,-0.03585657370517936,0.2291883842144451,0.1023031601499731,0.3560613000745966,0.00011135857461024499,0.5,0.2902453553321416,0.35953299789946747,0.01849064054701526,0.21050037584756964,0.43892705257295217,0.21425984881633145
2021-03-23 16:10:00,0.4086471408647141,0.08366533864541825,0.22829486224869666,0.1023031601499731,0.3427255238120166,0.00011135857461024499,0.5,0.2902453553321416,0.35953299789946747,0.01849064054701526,0.21050037584756964,0.43892705257295217,0.34741312974334987
2021-03-23 16:20:00,0.4093444909344491,0.08366533864541825,0.22978406552494413,0.10444563470808776,0.34608891389983115,0.00011135857461024499,0.5,0.2902453553321416,0.35953299789946747,0.01849064054701526,0.21050037584756964,0.43892705257295217,0.3460627366959881
2021-03-23 16:30:00,0.43165969316596936,-0.03585657370517936,0.1833209233060311,0.08266381003392254,0.3499103532213948,0.00011135857461024499,0.5,0.2902453553321416,0.35953299789946747,0.01849064054701526,0.21050037584756964,0.43892705257295217,0.3767370279282406
2021-03-23 16:40:00,0.44002789400278935,0.043824701195219085,0.15264333581533873,0.054454561685413294,0.3545955425265995,0.00011135857461024499,0.5,0.2902453553321416,0.35953299789946747,0.01849064054701526,0.21050037584756964,0.43892705257295217,0.35515337145616127
2021-03-23 16:50:00,0.3891213389121339,-0.20318725099601598,0.14281459419210707,0.04267095161578305,0.3625132507099763,0.00011135857461024499,0.5,0.2902453553321416,0.35953299789946747,0.01849064054701526,0.21050037584756964,0.43892705257295217,0.2966941774672963
2021-03-23 17:00:00,0.3089260808926081,0.17131474103585642,0.14132539091585983,0.03302981610426703,0.3556686864456688,0.00011135857461024499,0.5,0.28316919722115386,0.35593824262155793,0.02448184700205705,0.22420140817256784,0.5288878666364708,0.18698794453581183
2021-03-23 17:10:00,0.2719665271966527,-0.03585657370517936,0.14221891288160804,0.031958578825209694,0.36984203844996144,0.00011135857461024499,0.5,0.28316919722115386,0.35593824262155793,0.02448184700205705,0.22420140817256784,0.5288878666364708,0.12445493911915144
2021-03-23 17:20:00,0.3403068340306834,-0.059760956175298974,0.14281459419210707,0.03874308159257289,0.3570690083888446,0.00011135857461024499,0.5,0.28316919722115386,0.35593824262155793,0.02448184700205705,0.22420140817256784,0.5288878666364708,0.1962068289150082
2021-03-23 17:30:00,0.2894002789400279,-0.043824701195219196,0.14221891288160804,0.035529369755400886,0.3444661109002631,0.00011135857461024499,0.5,0.28316919722115386,0.35593824262155793,0.02448184700205705,0.22420140817256784,0.5288878666364708,0.15133455044736485
2021-03-23 17:40:00,0.3242677824267783,0.17131474103585642,0.13864482501861475,0.023388680592751232,0.3516771145515698,0.00011135857461024499,0.5,0.28316919722115386,0.35593824262155793,0.02448184700205705,0.22420140817256784,0.5288878666364708,0.18658810748826896
2021-03-23 17:50:00,0.23640167364016737,0.12350597609561742,0.13417721518987324,0.018746652383502926,0.3612045386135504,0.00011135857461024499,0.5,0.28316919722115386,0.35593824262155793,0.02448184700205705,0.22420140817256784,0.5288878666364708,0.10060805407607466
2021-03-23 18:00:00,0.2684797768479777,-0.08366533864541836,0.1332836932241248,0.01767541510444559,0.3632853908468676,0.00011135857461024499,0.5,0.1552777094965918,0.36462197599473756,0.054493297049276294,0.20650539525292233,0.6081795125223374,0.122146445976734
2021-03-23 18:10:00,0.2503486750348675,0.36254980079681287,0.1288160833953833,0.0112479914301018,0.37027391344178195,0.00011135857461024499,0.5,0.1552777094965918,0.36462197599473756,0.054493297049276294,0.20650539525292233,0.6081795125223374,0.10663578617016461
2021-03-23 18:20:00,0.22594142259414227,0.3306772908366533,0.12732688011913607,0.010890912337082836,0.37143866720760105,0.00011135857461024499,0.5,0.1552777094965918,0.36462197599473756,0.054493297049276294,0.20650539525292233,0.6081795125223374,0.09171356579205456
2021-03-23 18:30:00,0.17154811715481172,0.03585657370517925,0.12464631422189121,0.008034279592929794,0.37303529596524065,0.00011135857461024499,0.5,0.1552777094965918,0.36462197599473756,0.054493297049276294,0.20650539525292233,0.6081795125223374,0.05618842132263078
2021-03-23 18:40:00,0.12273361227336123,-0.15537848605577698,0.1243484735666418,0.00910551687198713,0.37273429218306264,0.00011135857461024499,0.5,0.1552777094965918,0.36462197599473756,0.054493297049276294,0.20650539525292233,0.6081795125223374,0.024835161519079017
2021-03-23 18:50:00,0.10181311018131102,-0.2749003984063746,0.1243484735666418,0.012319228709159136,0.37273429218306264,0.00044543429844097997,0.5,0.1552777094965918,0.36462197599473756,0.054493297049276294,0.20650539525292233,0.6081795125223374,0.009890308855258989
2021-03-23 19:00:00,0.08228730822873082,0.06772908366533859,0.1243484735666418,0.008748437778968166,0.37273429218306264,0.2192650334075724,0.5,0.1558232659812162,0.37114483329358416,0.0392184090483399,0.2836708670649095,0.621080907606558,0.0
2021-03-23 19:10:00,0.09902370990237098,0.13147410358565725,0.1285182427401339,0.011605070523120764,0.37273429218306264,0.9968819599109131,0.5,0.1558232659812162,0.37114483329358416,0.0392184090483399,0.2836708670649095,0.621080907606558,0.0
2021-03-23 19:20:00,0.10808926080892609,0.346613545816733,0.1359642591213699,0.041956793429744677,0.37273429218306264,0.9968819599109131,0.5,0.1558232659812162,0.37114483329358416,0.0392184090483399,0.2836708670649095,0.621080907606558,0.0
2021-03-23 19:30:00,0.10320781032078104,0.4462151394422309,0.1362620997766193,0.053740403499375144,0.37273429218306264,0.9968819599109131,0.5,0.1558232659812162,0.37114483329358416,0.0392184090483399,0.2836708670649095,0.621080907606558,0.0
2021-03-23 19:40:00,0.09483960948396096,0.5458167330677288,0.1362620997766193,0.054454561685413294,0.37273429218306264,0.9968819599109131,0.5,0.1558232659812162,0.37114483329358416,0.0392184090483399,0.2836708670649095,0.621080907606558,0.0
2021-03-23 19:50:00,0.08926080892608089,-0.904382470119522,0.1362620997766193,0.05231208712729862,0.37273429218306264,0.9968819599109131,0.5,0.1558232659812162,0.37114483329358416,0.0392184090483399,0.2836708670649095,0.621080907606558,0.0
2021-03-23 20:00:00,0.09274755927475593,-0.7115537848605579,0.13775130305286676,0.049455454383146025,0.37273429218306264,0.9968819599109131,0.5,0.1366387356777663,0.3765585175010847,0.08784224120122397,0.3151602461101592,0.6704334425966102,0.0
2021-03-23 20:10:00,0.09344490934449094,-0.5187250996015937,0.1437081161578555,0.04374218889484016,0.37273429218306264,0.9968819599109131,0.5,0.1366387356777663,0.3765585175010847,0.08784224120122397,0.3151602461101592,0.6704334425966102,0.0
2021-03-23 20:20:00,0.09623430962343095,-0.3258964143426296,0.14221891288160804,0.04231387252276364,0.37273429218306264,0.9968819599109131,0.5,0.1366387356777663,0.3765585175010847,0.08784224120122397,0.3151602461101592,0.6704334425966102,0.0
2021-03-23 20:30:00,0.058577405857740586,-0.1330677290836655,0.1401340282948622,0.04017139796464919,0.37273429218306264,0.9968819599109131,0.5,0.1366387356777663,0.3765585175010847,0.08784224120122397,0.3151602461101592,0.6704334425966102,0.0
2021-03-23 20:40:00,0.08716875871687588,0.05976095617529875,0.1317944899478778,0.038386002499553706,0.37273429218306264,0.9968819599109131,0.5,0.1366387356777663,0.3765585175010847,0.08784224120122397,0.3151602461101592,0.6704334425966102,0.0
2021-03-23 20:50:00,0.07043235704323571,0.09504837791690379,0.12464631422189121,0.035529369755400886,0.37273429218306264,0.9968819599109131,0.5,0.1366387356777663,0.3765585175010847,0.08784224120122397,0.3151602461101592,0.6704334425966102,0.0
2021-03-23 21:00:00,0.0801952580195258,0.1303357996585086,0.12196574832464635,0.03231565791822888,0.37273429218306264,0.9968819599109131,0.5,0.13355260766127142,0.38833126919860844,0.05873535629759573,0.30006193839582956,0.7345184539839853,0.0
2021-03-23 21:10:00,0.07670850767085077,0.16562322140011365,0.117200297840655,0.02874486698803791,0.37273429218306264,0.9968819599109131,0.5,0.13355260766127142,0.38833126919860844,0.05873535629759573,0.30006193839582956,0.7345184539839853,0.0
2021-03-23 21:20:00,0.0885634588563459,0.2009106431417187,0.11541325390915858,0.022674522406713082,0.37273429218306264,0.9968819599109131,0.5,0.13355260766127142,0.38833126919860844,0.05873535629759573,0.30006193839582956,0.7345184539839853,0.0
2021-03-23 21:30:00,0.10460251046025104,0.23619806488332373,0.11213700670141469,0.021603285127655747,0.37273429218306264,0.9968819599109131,0.5,0.13355260766127142,0.38833126919860844,0.05873535629759573,0.30006193839582956,0.7345184539839853,0.0
2021-03-23 21:40:00,0.17782426778242677,0.27148548662492855,0.10796723752792259,0.015890019639350328,0.37273429218306264,0.9968819599109131,0.5,0.13355260766127142,0.38833126919860844,0.05873535629759573,0.30006193839582956,0.7345184539839853,0.0
2021-03-23 21:50:00,0.19107391910739194,0.3067729083665336,0.10737155621742356,0.009819675058025501,0.4207509390009292,0.85456570155902,0.5,0.13355260766127142,0.38833126919860844,0.05873535629759573,0.30006193839582956,0.7345184539839853,0.0
2021-03-23 22:00:00,0.11506276150627615,-0.5298804780876495,0.11154132539091588,0.011605070523120764,0.42296266244388897,0.1963251670378619,0.5,-0.0281805589510854,0.3975466010741187,0.1270923537804622,0.23698247471393213,0.7921475314723204,0.0
2021-03-23 22:10:00,0.10739191073919108,-0.15537848605577698,0.11690245718540582,0.016604177825388255,0.415031867139548,0.9993318485523385,0.5,-0.0281805589510854,0.3975466010741187,0.1270923537804622,0.23698247471393213,0.7921475314723204,0.0
2021-03-23 22:20:00,0.099721059972106,-0.13090495162208315,0.1088607594936708,0.020174968755579448,0.415031867139548,0.9993318485523385,0.5,-0.0281805589510854,0.3975466010741187,0.1270923537804622,0.23698247471393213,0.7921475314723204,0.0
2021-03-23 22:30:00,0.1094839609483961,-0.10643141718838944,0.10230826507818302,0.018746652383502926,0.415031867139548,0.9993318485523385,0.5,-0.0281805589510854,0.3975466010741187,0.1270923537804622,0.23698247471393213,0.7921475314723204,0.0
2021-03-23 22:40:00,0.0815899581589958,-0.08195788275469551,0.09456440804169763,0.0126763078021781,0.415031867139548,0.9993318485523385,0.5,-0.0281805589510854,0.3975466010741187,0.1270923537804622,0.23698247471393213,0.7921475314723204,0.0
2021-03-23 22:50:00,0.048117154811715475,-0.05748434832100169,0.09307520476545039,0.010176754151044465,0.415031867139548,0.9993318485523385,0.5,-0.0281805589510854,0.3975466010741187,0.1270923537804622,0.23698247471393213,0.7921475314723204,0.0
2021-03-23 23:00:00,0.03417015341701534,-0.03301081388730798,0.09099032017870412,0.008034279592929794,0.415031867139548,0.9993318485523385,0.5,-0.10152316889037283,0.39361851916771656,0.1629126515729961,0.17870591464218627,0.8473329340460545,0.0
2021-03-23 23:10:00,0.028591352859135284,-0.008537279453614155,0.08473566641846597,0.001963935011605189,0.415031867139548,0.9993318485523385,0.5,-0.10152316889037283,0.39361851916771656,0.1629126515729961,0.17870591464218627,0.8473329340460545,0.0
2021-03-23 23:20:00,0.039051603905160395,0.015936254980079667,0.0814594192107223,-0.0012497768255668174,0.415031867139548,0.9993318485523385,0.5,-0.10152316889037283,0.39361851916771656,0.1629126515729961,0.17870591464218627,0.8473329340460545,0.0
2021-03-23 23:30:00,0.019525801952580198,-0.13646746347941574,0.07580044676098274,-0.005891805034815012,0.415031867139548,0.9993318485523385,0.5,-0.10152316889037283,0.39361851916771656,0.1629126515729961,0.17870591464218627,0.8473329340460545,0.0
2021-03-23 23:40:00,0.027894002789400282,-0.28887118193891104,0.06895011169024556,-0.013033386895197285,0.415031867139548,0.9993318485523385,0.5,-0.10152316889037283,0.39361851916771656,0.1629126515729961,0.17870591464218627,0.8473329340460545,0.0
2021-03-23 23:50:00,0.045327754532775454,-0.44127490039840644,0.0656738644825019,-0.01838957329048374,0.415031867139548,0.9993318485523385,0.5,-0.10152316889037283,0.39361851916771656,0.1629126515729961,0.17870591464218627,0.8473329340460545,0.0
2021-03-24 00:00:00,0.06206415620641562,-0.5936786188579019,0.06478034251675346,-0.02053204784859841,0.415031867139548,0.9993318485523385,0.5,-0.14103227144878816,0.3854204082101787,0.1831298664127341,0.20357412029267105,0.016542131286456114,0.0
2021-03-24 00:10:00,0.09205020920502092,-0.7460823373173971,0.06478034251675346,-0.026959471522942313,0.415031867139548,0.9993318485523385,0.5,-0.14103227144878816,0.3854204082101787,0.1831298664127341,0.20357412029267105,0.016542131286456114,0.0
2021-03-24 00:20:00,0.11366806136680613,-0.6945551128818062,0.06686522710349951,-0.03088734154615247,0.415031867139548,0.9993318485523385,0.5,-0.14103227144878816,0.3854204082101787,0.1831298664127341,0.20357412029267105,0.016542131286456114,0.0
2021-03-24 00:30:00,0.12761506276150628,-0.6430278884462153,0.06775874906924773,-0.03588644884841985,0.415031867139548,0.9993318485523385,0.5,-0.14103227144878816,0.3854204082101787,0.1831298664127341,0.20357412029267105,0.016542131286456114,0.0
2021-03-24 00:40:00,0.1317991631799163,-0.5915006640106242,0.06507818317200287,-0.039814318871630006,0.415031867139548,0.9993318485523385,0.5,-0.14103227144878816,0.3854204082101787,0.1831298664127341,0.20357412029267105,0.016542131286456114,0.0
2021-03-24 00:50:00,0.11924686192468618,-0.5399734395750333,0.06478034251675346,-0.04231387252276375,0.415031867139548,0.9993318485523385,0.5,-0.14103227144878816,0.3854204082101787,0.1831298664127341,0.20357412029267105,0.016542131286456114,0.0
2021-03-24 01:00:00,0.08926080892608089,-0.4884462151394423,0.06448250186150384,-0.0480271380110695,0.415031867139548,0.9993318485523385,0.5,-0.23642567614216836,0.3690069452625956,0.19592452378443276,0.33268898594855434,0.09662169293462727,0.0
2021-03-24 01:10:00,0.1311018131101813,-0.43691899070385143,0.06269545793000741,-0.049455454383145914,0.415031867139548,0.9993318485523385,0.5,-0.23642567614216836,0.3690069452625956,0.19592452378443276,0.33268898594855434,0.09662169293462727,0.0
2021-03-24 01:20:00,0.1387726638772664,-0.38539176626826044,0.05941921072226353,-0.05623995715050878,0.415031867139548,0.9993318485523385,0.5,-0.23642567614216836,0.3690069452625956,0.19592452378443276,0.33268898594855434,0.09662169293462727,0.0
2021-03-24 01:30:00,0.1415620641562064,-0.33386454183266945,0.0588235294117645,-0.062310301731833606,0.415031867139548,0.9993318485523385,0.5,-0.23642567614216836,0.3690069452625956,0.19592452378443276,0.33268898594855434,0.09662169293462727,0.0
2021-03-24 01:40:00,0.1924686192468619,-0.28233731739707846,0.05763216679076688,-0.06945188359221555,0.422203609427962,0.9993318485523385,0.5,-0.23642567614216836,0.3690069452625956,0.19592452378443276,0.33268898594855434,0.09662169293462727,0.0
2021-03-24 01:50:00,0.22245467224546722,-0.23081009296148747,0.0588235294117645,-0.059453668987680564,0.5952546099383597,0.801781737193764,0.5,-0.23642567614216836,0.3690069452625956,0.19592452378443276,0.33268898594855434,0.09662169293462727,0.0
2021-03-24 02:00:00,0.15202231520223153,-0.17928286852589637,0.06299329858525682,-0.039814318871630006,0.6568426011961628,0.0036748329621380848,0.5,-0.24549678259422336,0.3512084527035372,0.18363179671391636,0.3927071678110296,0.09713571759447587,0.032733829231860224
2021-03-24 02:10:00,0.1394700139470014,-0.06772908366533881,0.07133283693224102,-0.021246206034636783,0.6429702529740482,0.00011135857461024499,0.5,-0.24549678259422336,0.3512084527035372,0.18363179671391636,0.3927071678110296,0.09713571759447587,0.0290145902801877
2021-03-24 02:20:00,0.14853556485355648,0.29083665338645415,0.07907669396872663,0.007320121406891644,0.6403266545392678,0.00011135857461024499,0.5,-0.24549678259422336,0.3512084527035372,0.18363179671391636,0.3927071678110296,0.09713571759447587,0.030523409327519353
2021-03-24 02:30:00,0.11785216178521618,-0.40239043824701204,0.08473566641846597,0.033386895197286215,0.6403266545392678,0.00011135857461024499,0.5,-0.24549678259422336,0.3512084527035372,0.18363179671391636,0.3927071678110296,0.09713571759447587,0.015555924377989349
2021-03-24 02:40:00,0.09902370990237098,-0.50597609561753,0.08830975428145926,0.06695232994108213,0.6206043632461296,0.00011135857461024499,0.5,-0.24549678259422336,0.3512084527035372,0.18363179671391636,0.3927071678110296,0.09713571759447587,0.0008373945712690678
2021-03-24 02:50:00,0.09693165969316596,-0.649402390438247,0.0936708860759492,0.10587395108016429,0.5955425265995734,0.00011135857461024499,0.5,-0.24549678259422336,0.3512084527035372,0.18363179671391636,0.3927071678110296,0.09713571759447587,0.003206240475579764
2021-03-24 03:00:00,0.12691771269177127,0.2111553784860556,0.10528667163067751,0.14229601856811303,0.5910405569878683,0.00011135857461024499,0.5,-0.24107523022803845,0.33309674805391837,0.18101422638882708,0.45253601701392493,0.11824447980227845,0.02377898818594686
2021-03-24 03:10:00,0.11436541143654114,-0.1633466135458168,0.11630677587490679,0.17014818782360308,0.5910405569878683,0.00011135857461024499,0.5,-0.24107523022803845,0.33309674805391837,0.18101422638882708,0.45253601701392493,0.11824447980227845,0.024344795328696232
2021-03-24 03:20:00,0.14435146443514643,0.1633466135458166,0.12375279225614277,0.19585788252097847,0.5776131708785385,0.00011135857461024499,0.5,-0.24107523022803845,0.33309674805391837,0.18101422638882708,0.45253601701392493,0.11824447980227845,0.04515140999139974
2021-03-24 03:30:00,0.15690376569037656,-0.05179282868525903,0.1332836932241248,0.21049812533476153,0.5904516365444765,0.00011135857461024499,0.5,-0.24107523022803845,0.33309674805391837,0.18101422638882708,0.45253601701392493,0.11824447980227845,0.05044736484753384
2021-03-24 03:40:00,0.19525801952580193,0.19521912350597592,0.14221891288160804,0.21692554900910554,0.5910929054717252,0.00011135857461024499,0.5,-0.24107523022803845,0.33309674805391837,0.18101422638882708,0.45253601701392493,0.11824447980227845,0.06380795751165563
2021-03-24 03:50:00,0.2545327754532775,0.40239043824701204,0.1520476545048397,0.21406891626495272,0.5910929054717252,0.00011135857461024499,0.5,-0.24107523022803845,0.33309674805391837,0.18101422638882708,0.45253601701392493,0.11824447980227845,0.1094044691220182
2021-03-24 04:00:00,0.2838214783821479,0.20318725099601576,0.15711094564408024,0.19157293340474912,0.6027535302508802,0.00011135857461024499,0.5,-0.2438356653257614,0.3160166318493585,0.19208294353842092,0.49001310696426426,0.14179987431526292,0.14524646559138163
2021-03-24 04:10:00,0.29497907949790797,0.019920318725099362,0.15860014892032748,0.17050526691662204,0.6048736438470902,0.00011135857461024499,0.5,-0.2438356653257614,0.3160166318493585,0.19208294353842092,0.49001310696426426,0.14179987431526292,0.1679013835870664
2021-03-24 04:20:00,0.3437935843793584,0.07569721115537842,0.14281459419210707,0.14229601856811303,0.6048736438470902,0.00011135857461024499,0.5,-0.2438356653257614,0.3160166318493585,0.19208294353842092,0.49001310696426426,0.14179987431526292,0.22086847624364409
2021-03-24 04:30:00,0.38284518828451886,-0.1633466135458168,0.09784065524944152,0.06945188359221577,0.6048736438470902,0.00011135857461024499,0.5,-0.2438356653257614,0.3160166318493585,0.19208294353842092,0.49001310696426426,0.14179987431526292,0.26524284442566803
2021-03-24 04:40:00,0.36052998605299863,-0.24302788844621515,0.08205510052122111,0.034815211569362514,0.6008951590739553,0.00011135857461024499,0.5,-0.2438356653257614,0.3160166318493585,0.19208294353842092,0.49001310696426426,0.14179987431526292,0.24389305490592517
2021-03-24 04:50:00,0.35006973500697347,0.003984063745019917,0.0743112434847355,0.010533833244063429,0.5936972425436128,0.00011135857461024499,0.5,-0.2438356653257614,0.3160166318493585,0.19208294353842092,0.49001310696426426,0.14179987431526292,0.22875959986118866
2021-03-24 05:00:00,0.33472803347280333,0.2111553784860556,0.06835443037974676,-0.006963042313872458,0.5936972425436128,0.00011135857461024499,0.5,-0.21746914755840385,0.319599893105598,0.18013933575015692,0.5039125941269301,0.1571017388467114,0.2044751572943857
2021-03-24 05:10:00,0.31450488145048816,0.11553784860557759,0.06329113924050622,-0.023031601499732157,0.5936972425436128,0.00011135857461024499,0.5,-0.21746914755840385,0.319599893105598,0.18013933575015692,0.5039125941269301,0.1571017388467114,0.1768486805377431
2021-03-24 05:20:00,0.3068340306834031,-0.24302788844621515,0.05852568875651509,-0.030530262453133394,0.5936972425436128,0.00011135857461024499,0.5,-0.21746914755840385,0.319599893105598,0.18013933575015692,0.5039125941269301,0.1571017388467114,0.1591879535887261
2021-03-24 05:30:00,0.29776847977684795,-0.2589641434262948,0.055845122859270235,-0.033386895197286104,0.5861067123843426,0.00011135857461024499,0.5,-0.21746914755840385,0.319599893105598,0.18013933575015692,0.5039125941269301,0.1571017388467114,0.15936146777916926
2021-03-24 05:40:00,0.29218967921896793,0.08366533864541825,0.055845122859270235,-0.041242635243706416,0.5798510685634268,0.00011135857461024499,0.5,-0.21746914755840385,0.319599893105598,0.18013933575015692,0.5039125941269301,0.1571017388467114,0.16151153492161685
2021-03-24 05:50:00,0.2831241283124128,0.1633466135458166,0.055845122859270235,-0.04624174254597391,0.5798510685634268,0.00011135857461024499,0.5,-0.21746914755840385,0.319599893105598,0.18013933575015692,0.5039125941269301,0.1571017388467114,0.1510554189236085
2021-03-24 06:00:00,0.2733612273361227,0.2749003984063745,0.054355919583022994,-0.05052669166220303,0.5798510685634268,0.00011135857461024499,0.5,-0.26718933181421134,0.3223354702635299,0.23067666621394028,0.5448958370732718,0.16208453128087022,0.1471852980672028
2021-03-24 06:10:00,0.29288702928870297,0.29083665338645415,0.04988830975428127,-0.0526691662203177,0.5798510685634268,0.00011135857461024499,0.5,-0.26718933181421134,0.3223354702635299,0.23067666621394028,0.5448958370732718,0.16208453128087022,0.16550990539704571
2021-03-24 06:20:00,0.300557880055788,0.4501992031872508,0.048994787788533056,-0.05838243170862356,0.5798510685634268,0.00011135857461024499,0.5,-0.26718933181421134,0.3223354702635299,0.23067666621394028,0.5448958370732718,0.16208453128087022,0.18034914072755256
2021-03-24 06:30:00,0.3193863319386332,0.3545816733067728,0.04690990320178701,-0.05981074808069986,0.5798510685634268,0.00011135857461024499,0.5,-0.26718933181421134,0.3223354702635299,0.23067666621394028,0.5448958370732718,0.16208453128087022,0.1983795283431658
2021-03-24 06:40:00,0.3263598326359832,0.5697211155378485,0.04571854058078917,-0.05981074808069986,0.5798510685634268,0.00011135857461024499,0.5,-0.26718933181421134,0.3223354702635299,0.23067666621394028,0.5448958370732718,0.16208453128087022,0.20762104500807219
2021-03-24 06:50:00,0.31659693165969316,0.3067729083665336,0.04125093075204744,-0.06266738082485268,0.5798510685634268,0.00011135857461024499,0.5,-0.26718933181421134,0.3223354702635299,0.23067666621394028,0.5448958370732718,0.16208453128087022,0.1962068289150082
2021-03-24 07:00:00,0.3186889818688982,0.3705179282868525,0.04095309009679826,-0.06338153901089094,0.5851120911910589,0.00011135857461024499,0.5,-0.26924134729137905,0.3326772162628935,0.24869872857427827,0.5435124031652612,0.18874198648680018,0.2027777358661376
2021-03-24 07:10:00,0.29567642956764295,0.2828685258964143,0.04095309009679826,-0.06302445991787176,0.593710329664577,0.00011135857461024499,0.5,-0.26924134729137905,0.3326772162628935,0.24869872857427827,0.5435124031652612,0.18874198648680018,0.16275631063566548
2021-03-24 07:20:00,0.296373779637378,0.5617529880478087,0.037974683544303556,-0.06445277628994805,0.593710329664577,0.00011135857461024499,0.5,-0.26924134729137905,0.3326772162628935,0.24869872857427827,0.5435124031652612,0.18874198648680018,0.15751316444618796
2021-03-24 07:30:00,0.301255230125523,0.1633466135458166,0.034996276991809294,-0.06802356722013914,0.6057897423145882,0.00011135857461024499,0.5,-0.26924134729137905,0.3326772162628935,0.24869872857427827,0.5435124031652612,0.18874198648680018,0.16795419225372302
2021-03-24 07:40:00,0.2754532775453278,-0.06772908366533881,0.032315711094564215,-0.07052312087127288,0.607451806677049,0.00011135857461024499,0.5,-0.26924134729137905,0.3326772162628935,0.24869872857427827,0.5435124031652612,0.18874198648680018,0.12944913016581922
2021-03-24 07:50:00,0.30613668061366806,-0.4661354581673308,0.03201787043931481,-0.07052312087127288,0.607451806677049,0.00011135857461024499,0.5,-0.26924134729137905,0.3326772162628935,0.24869872857427827,0.5435124031652612,0.18874198648680018,0.16371441073072107
2021-03-24 08:00:00,0.30822873082287305,-0.12350597609561753,0.03201787043931481,-0.07052312087127288,0.5980029053408541,0.00011135857461024499,0.5,-0.2615463559581792,0.33609668771030526,0.23970608544203031,0.5413147357558141,0.19503287865154187,0.1783197791088915
2021-03-24 08:10:00,0.33054393305439334,0.6175298804780875,0.03201787043931481,-0.07552222817354037,0.59365798118072,0.00011135857461024499,0.5,-0.2615463559581792,0.33609668771030526,0.23970608544203031,0.5413147357558141,0.19503287865154187,0.20635363700831358
2021-03-24 08:20:00,0.39191073919107394,0.09163346613545809,0.03201787043931481,-0.0733797536154257,0.6052662574760178,0.00011135857461024499,0.5,-0.2615463559581792,0.33609668771030526,0.23970608544203031,0.5413147357558141,0.19503287865154187,0.27947100804200553
2021-03-24 08:30:00,0.3814504881450488,0.2749003984063745,0.03261355174981384,-0.06373861810391002,0.6073994581931921,0.00011135857461024499,0.5,-0.2615463559581792,0.33609668771030526,0.23970608544203031,0.5413147357558141,0.19503287865154187,0.28008207975617483
2021-03-24 08:40:00,0.36192468619246865,0.3545816733067728,0.034996276991809294,-0.06338153901089094,0.6073994581931921,0.00011135857461024499,0.5,-0.2615463559581792,0.33609668771030526,0.23970608544203031,0.5413147357558141,0.19503287865154187,0.25335335033269457
2021-03-24 08:50:00,0.3361227336122734,0.29083665338645415,0.034996276991809294,-0.06338153901089094,0.6073994581931921,0.00011135857461024499,0.5,-0.2615463559581792,0.33609668771030526,0.23970608544203031,0.5413147357558141,0.19503287865154187,0.2129320880546796
2021-03-24 09:00:00,0.3814504881450488,0.4262948207171313,0.033804914370811234,-0.06338153901089094,0.6073994581931921,0.00011135857461024499,0.5,-0.15086065979748675,0.34738956400302434,0.21291114882563147,0.5215440466167189,0.19830144351857024,0.2692940235677535
2021-03-24 09:10:00,0.38772663877266383,0.346613545816733,0.034996276991809294,-0.061596143545795345,0.6073994581931921,0.00011135857461024499,0.5,-0.15086065979748675,0.34738956400302434,0.21291114882563147,0.5215440466167189,0.19830144351857024,0.28269233670805866
2021-03-24 09:20:00,0.40097629009762903,0.4262948207171313,0.03737900223380475,-0.05981074808069986,0.6098598369344728,0.00011135857461024499,0.5,-0.15086065979748675,0.34738956400302434,0.21291114882563147,0.5215440466167189,0.19830144351857024,0.30622236975119577
2021-03-24 09:30:00,0.398884239888424,-0.003984063745020028,0.04095309009679826,-0.05409748259239411,0.6186936435853476,0.00011135857461024499,0.5,-0.15086065979748675,0.34738956400302434,0.21291114882563147,0.5215440466167189,0.19830144351857024,0.2955474749913243
2021-03-24 09:40:00,0.34449093444909346,-0.12350597609561753,0.042740134028294685,-0.049455454383145914,0.6129876588449307,0.00011135857461024499,0.5,-0.15086065979748675,0.34738956400302434,0.21291114882563147,0.5215440466167189,0.19830144351857024,0.22559862395702884
2021-03-24 09:50:00,0.2894002789400279,-0.019920318725099695,0.04929262844378246,-0.04909837529012662,0.6074387195560849,0.00011135857461024499,0.5,-0.15086065979748675,0.34738956400302434,0.21291114882563147,0.5215440466167189,0.19830144351857024,0.15373357273262217
2021-03-24 10:00:00,0.3103207810320781,-0.21115537848605592,0.05793000744601606,-0.04767005891805021,0.6074387195560849,0.00011135857461024499,0.5,0.12273076418932138,0.3507630593637472,0.07403865066221701,0.5592159027539233,0.22067028808197287,0.16749400244428686
2021-03-24 10:10:00,0.3075313807531381,0.38645418326693215,0.06835443037974676,-0.041956793429744677,0.6090484354346887,0.00011135857461024499,0.5,0.12273076418932138,0.3507630593637472,0.07403865066221701,0.5592159027539233,0.22067028808197287,0.17248819349095462
2021-03-24 10:20:00,0.33333333333333337,0.31474103585657365,0.07728965003722998,-0.036243527941438924,0.621337242020128,0.00011135857461024499,0.5,0.12273076418932138,0.3507630593637472,0.07403865066221701,0.5592159027539233,0.22067028808197287,0.20955987748389335
2021-03-24 10:30:00,0.37935843793584384,0.2828685258964143,0.08682055100521202,-0.029816104267095023,0.6222664276085904,0.00011135857461024499,0.5,0.12273076418932138,0.3507630593637472,0.07403865066221701,0.5592159027539233,0.22067028808197287,0.28086666566078733
2021-03-24 10:40:00,0.41492329149232915,0.08366533864541825,0.09575577066269525,-0.021960364220674822,0.6293072986873618,0.00011135857461024499,0.5,0.12273076418932138,0.3507630593637472,0.07403865066221701,0.5592159027539233,0.22067028808197287,0.32589737012840053
2021-03-24 10:50:00,0.3926080892608089,0.07569721115537842,0.1085629188384214,-0.00910551687198713,0.6342934917747444,0.00011135857461024499,0.5,0.12273076418932138,0.3507630593637472,0.07403865066221701,0.5592159027539233,0.22067028808197287,0.29956847775246315
2021-03-24 11:00:00,0.5278940027894004,-0.1633466135458168,0.11839166046165284,0.004463488662738824,0.6388478098703065,0.00011135857461024499,0.5,0.13773802015393777,0.34943837336605155,0.0762018459824715,0.6534541863161283,0.2613068903598481,0.5488706489430722
2021-03-24 11:10:00,0.5097629009762901,-0.14741035856573714,0.12553983618763942,0.013390465988216471,0.6416222795147295,0.00011135857461024499,0.5,0.13773802015393777,0.34943837336605155,0.0762018459824715,0.6534541863161283,0.2613068903598481,0.4947115892391026
2021-03-24 11:20:00,0.44839609483960946,0.11553784860557759,0.13507073715562168,0.023388680592751232,0.646595385481148,0.00011135857461024499,0.5,0.13773802015393777,0.34943837336605155,0.0762018459824715,0.6534541863161283,0.2613068903598481,0.3934622870679119
2021-03-24 11:30:00,0.4260808926080893,0.003984063745019917,0.14638868205510036,0.041242635243706305,0.6441219196189031,0.00011135857461024499,0.5,0.13773802015393777,0.34943837336605155,0.0762018459824715,0.6534541863161283,0.2613068903598481,0.3577183638366251
2021-03-24 11:40:00,0.3528591352859135,0.14741035856573692,0.15681310498883105,0.05409748259239433,0.6448678855138658,0.00011135857461024499,0.5,0.13773802015393777,0.34943837336605155,0.0762018459824715,0.6534541863161283,0.2613068903598481,0.25151259109495
2021-03-24 11:50:00,0.31659693165969316,-0.1872509960159363,0.16574832464631406,0.0673094090341011,0.6603368624936201,0.00011135857461024499,0.5,0.13773802015393777,0.34943837336605155,0.0762018459824715,0.6534541863161283,0.2613068903598481,0.17019478853901052
2021-03-24 12:00:00,0.37796373779637377,0.05179282868525892,0.17170513775130303,0.07230851633636859,0.6605724306709767,0.00011135857461024499,0.5,0.14048214559090488,0.3326456077032954,0.0782661262863232,0.6534584535788216,0.2889987011881375,0.246699458333962
2021-03-24 12:10:00,0.3891213389121339,-0.05179282868525903,0.17647058823529393,0.07552222817354037,0.6536100823179909,0.00011135857461024499,0.5,0.14048214559090488,0.3326456077032954,0.0782661262863232,0.6534584535788216,0.2889987011881375,0.2689771715678139
2021-03-24 12:20:00,0.3242677824267783,0.12350597609561742,0.1824274013402829,0.07766470273165504,0.6621559723076521,0.00011135857461024499,0.5,0.14048214559090488,0.3326456077032954,0.0782661262863232,0.6534584535788216,0.2889987011881375,0.17620743244262715
2021-03-24 12:30:00,0.3277545327754533,0.22709163346613526,0.18957557706626949,0.0815925727548652,0.6539765217049902,0.00011135857461024499,0.5,0.14048214559090488,0.3326456077032954,0.0782661262863232,0.6534584535788216,0.2889987011881375,0.1968631652005975
2021-03-24 12:40:00,0.3800557880055788,-0.20318725099601598,0.19553239017125823,0.08873415461524736,0.6559788512125218,0.00011135857461024499,0.5,0.14048214559090488,0.3326456077032954,0.0782661262863232,0.6534584535788216,0.2889987011881375,0.27753217556618437
2021-03-24 12:50:00,0.3542538354253836,-0.043824701195219196,0.20119136262099757,0.09837529012676294,0.658269097381267,0.00011135857461024499,0.5,0.14048214559090488,0.3326456077032954,0.0782661262863232,0.6534584535788216,0.2889987011881375,0.2364545770025801
2021-03-24 13:00:00,0.4490934449093445,-0.003984063745020028,0.2053611317944899,0.1026602392429925,0.6640405177265053,0.00011135857461024499,0.5,0.3110095880126327,0.32189582393457705,0.033626540268493404,0.5844245130123012,0.30467559274426026,0.38400199164114246
2021-03-24 13:10:00,0.397489539748954,-0.08366533864541836,0.21250930752047625,0.10301731833601147,0.6504953475284971,0.00011135857461024499,0.5,0.3110095880126327,0.32189582393457705,0.033626540268493404,0.5844245130123012,0.30467559274426026,0.2798557568990751
2021-03-24 13:20:00,0.31311018131101814,0.03585657370517925,0.22263588979895732,0.12265666845206202,0.6711206501681696,0.00011135857461024499,0.5,0.3110095880126327,0.32189582393457705,0.033626540268493404,0.5844245130123012,0.30467559274426026,0.18209937082245725
2021-03-24 13:30:00,0.29428172942817293,-0.003984063745020028,0.22680565897244964,0.12908409212640604,0.6385468060881286,0.00011135857461024499,0.5,0.3110095880126327,0.32189582393457705,0.033626540268493404,0.5844245130123012,0.30467559274426026,0.13700831359295082
2021-03-24 13:40:00,0.24546722454672246,0.3545816733067728,0.23186895011169018,0.142653097661132,0.6805041158995433,0.00011135857461024499,0.5,0.3110095880126327,0.32189582393457705,0.033626540268493404,0.5844245130123012,0.30467559274426026,0.09943117521915598
2021-03-24 13:50:00,0.18340306834030684,-0.38645418326693237,0.23633655994043168,0.145866809498304,0.6381149310963081,0.00011135857461024499,0.5,0.3110095880126327,0.32189582393457705,0.033626540268493404,0.5844245130123012,0.30467559274426026,0.059002368845904304
2021-03-24 14:00:00,0.2601115760111576,0.17131474103585642,0.24408041697691707,0.15300839135868594,0.6717488319744539,0.00011135857461024499,0.5,0.3086888800466141,0.29855146591878845,0.03558201405430206,0.46123150499570786,0.3178776877335167,0.11202227016913863
2021-03-24 14:10:00,0.1631799163179916,-0.553784860557769,0.25152643335815306,0.1551508659168006,0.6456007642878644,0.00011135857461024499,0.5,0.3086888800466141,0.29855146591878845,0.03558201405430206,0.46123150499570786,0.3178776877335167,0.045355100562789505
2021-03-24 14:20:00,0.2175732217573222,0.4183266932270917,0.2613551749813847,0.16336368505623988,0.6424729423774064,0.00011135857461024499,0.5,0.3086888800466141,0.29855146591878845,0.03558201405430206,0.46123150499570786,0.3178776877335167,0.08875628045928452
2021-03-24 14:30:00,0.22594142259414227,0.01195219123505975,0.2670141474311243,0.17014818782360308,0.6880946460588134,0.00011135857461024499,0.5,0.3086888800466141,0.29855146591878845,0.03558201405430206,0.46123150499570786,0.3178776877335167,0.0887789127449945
2021-03-24 14:40:00,0.11785216178521618,-0.2509960159362551,0.2711839166046164,0.17764684877700399,0.653570820955098,0.47327394209354123,0.5,0.3086888800466141,0.29855146591878845,0.03558201405430206,0.46123150499570786,0.3178776877335167,0.007295140093848545
2021-03-24 14:50:00,0.23221757322175732,0.4183266932270917,0.28965003723008165,0.20549901803249426,0.6487809346821792,0.7256124721603563,0.5,0.3086888800466141,0.29855146591878845,0.03558201405430206,0.46123150499570786,0.3178776877335167,0.013239887140335261
2021-03-24 15:00:00,0.1290097629009763,-0.11553784860557781,0.3146686522710349,0.24084984824138544,0.6905681119210584,0.017483296213808463,0.5,0.30776063021329647,0.27554043453148824,0.03359851434717928,0.31707241375564515,0.33059226898683247,0.00552982180847051
2021-03-24 15:10:00,0.18688981868898188,-0.3067729083665339,0.3340282948622486,0.26620246384574187,0.665637146484145,0.434521158129176,0.5,0.30776063021329647,0.27554043453148824,0.03359851434717928,0.31707241375564515,0.33059226898683247,0.0
2021-03-24 15:20:00,0.10460251046025104,-0.12430278884462154,0.3447505584512285,0.27798607391537233,0.6730313698289513,0.4442093541202673,0.5,0.30776063021329647,0.27554043453148824,0.03359851434717928,0.31707241375564515,0.33059226898683247,0.0
2021-03-24 15:30:00,0.15341701534170155,0.05816733067729074,0.35219657483246447,0.29048384217104095,0.6790514454725105,0.9985523385300669,0.5,0.30776063021329647,0.27554043453148824,0.03359851434717928,0.31707241375564515,0.33059226898683247,0.0
2021-03-24 15:40:00,0.17642956764295675,0.24063745019920302,0.3635145197319434,0.2990537404034994,0.637957885644737,0.9525612472160357,0.5,0.30776063021329647,0.27554043453148824,0.03359851434717928,0.31707241375564515,0.33059226898683247,0.0
2021-03-24 15:50:00,0.1701534170153417,0.4231075697211155,0.3697691734921815,0.3119085877521872,0.6499587755689625,0.8070155902004454,0.5,0.30776063021329647,0.27554043453148824,0.03359851434717928,0.31707241375564515,0.33059226898683247,0.0
2021-03-24 16:00:00,0.1199442119944212,0.6055776892430278,0.37483246463142206,0.32547759328691295,0.6831869756972163,0.997772828507795,0.5,0.3474325292014635,0.26897447465137336,0.030497782211199538,0.17884047806999573,0.3613854619448992,0.0
2021-03-24 16:10:00,0.18479776847977683,0.3545816733067728,0.38198064035740864,0.32904838421710414,0.6831869756972163,0.997772828507795,0.5,0.3474325292014635,0.26897447465137336,0.030497782211199538,0.17884047806999573,0.3613854619448992,0.0
2021-03-24 16:20:00,0.14853556485355648,0.3067729083665336,0.3876396128071482,0.3329762542403143,0.6866550627527451,0.9658129175946548,0.5,0.3474325292014635,0.26897447465137336,0.030497782211199538,0.17884047806999573,0.3613854619448992,0.0
2021-03-24 16:30:00,0.11366806136680613,-0.5219123505976095,0.3918093819806401,0.3329762542403143,0.6879506877282066,0.9995545657015591,0.5,0.3474325292014635,0.26897447465137336,0.030497782211199538,0.17884047806999573,0.3613854619448992,0.0
2021-03-24 16:40:00,0.099721059972106,-0.06772908366533881,0.3998510796723751,0.3329762542403143,0.6879506877282066,0.9995545657015591,0.5,0.3474325292014635,0.26897447465137336,0.030497782211199538,0.17884047806999573,0.3613854619448992,0.0
2021-03-24 16:50:00,0.0899581589958159,0.38645418326693215,0.4043186895011168,0.33190501696125696,0.6879506877282066,0.9995545657015591,0.5,0.3474325292014635,0.26897447465137336,0.030497782211199538,0.17884047806999573,0.3613854619448992,0.0
2021-03-24 17:00:00,0.08647140864714087,0.3545816733067728,0.4069992553983617,0.32869130512408495,0.6879506877282066,0.9995545657015591,0.5,0.34893081668708414,0.25471901427270266,0.030692568705038843,0.08955503996490681,0.4467453373556553,0.0
2021-03-24 17:10:00,0.06903765690376569,0.3227091633466135,0.4114668652271034,0.32547759328691295,0.6879506877282066,0.9995545657015591,0.5,0.34893081668708414,0.25471901427270266,0.030692568705038843,0.08955503996490681,0.4467453373556553,0.0
2021-03-24 17:20:00,0.11436541143654114,0.29083665338645415,0.4230826507818317,0.32440635600785583,0.6879506877282066,0.9995545657015591,0.5,0.34893081668708414,0.25471901427270266,0.030692568705038843,0.08955503996490681,0.4467453373556553,0.0
2021-03-24 17:30:00,0.12273361227336123,0.2589641434262948,0.42129560685033485,0.32226388144974116,0.6879506877282066,0.9995545657015591,0.5,0.34893081668708414,0.25471901427270266,0.030692568705038843,0.08955503996490681,0.4467453373556553,0.0
2021-03-24 17:40:00,0.04602510460251046,0.4555112881806107,0.4162323157110943,0.32226388144974116,0.6879506877282066,0.9995545657015591,0.5,0.34893081668708414,0.25471901427270266,0.030692568705038843,0.08955503996490681,0.4467453373556553,0.0
2021-03-24 17:50:00,0.05788005578800558,0.652058432934927,0.41772151898734156,0.32226388144974116,0.6879506877282066,0.9995545657015591,0.5,0.34893081668708414,0.25471901427270266,0.030692568705038843,0.08955503996490681,0.4467453373556553,0.0
2021-03-24 18:00:00,0.1199442119944212,0.6432049579459935,0.4192107222635888,0.3169076950544547,0.6879506877282066,0.9995545657015591,0.5,0.2072779109492522,0.27287956851442685,0.08440773429194665,0.11750414599422972,0.637480123541989,0.0
2021-03-24 18:10:00,0.09344490934449094,0.6343514829570605,0.4162323157110943,0.3122656668452062,0.6879506877282066,0.9995545657015591,0.5,0.2072779109492522,0.27287956851442685,0.08440773429194665,0.11750414599422972,0.637480123541989,0.0
2021-03-24 18:20:00,0.16666666666666669,0.6254980079681274,0.4147431124348473,0.3044099267987861,0.6879506877282066,0.9995545657015591,0.5,0.2072779109492522,0.27287956851442685,0.08440773429194665,0.11750414599422972,0.637480123541989,0.0
2021-03-24 18:30:00,0.1771269177126918,0.4422310756972112,0.4117647058823528,0.2951258703802895,0.70873303581945,0.9991091314031181,0.5,0.2072779109492522,0.27287956851442685,0.08440773429194665,0.11750414599422972,0.637480123541989,0.0
2021-03-24 18:40:00,0.26569037656903766,0.2589641434262948,0.39776619508562905,0.2944117121942511,0.7784219549541296,0.7305122494432071,0.5,0.2072779109492522,0.27287956851442685,0.08440773429194665,0.11750414599422972,0.637480123541989,0.06160508170255141
2021-03-24 18:50:00,0.5034867503486751,0.07569721115537842,0.3849590469099031,0.2690590965898947,0.8267003441912815,0.00011135857461024499,0.5,0.2072779109492522,0.27287956851442685,0.08440773429194665,0.11750414599422972,0.637480123541989,0.5211611871388265
2021-03-24 19:00:00,0.5829846582984658,0.298804780876494,0.3349218168279968,0.22192465631137304,0.829357029747026,0.00011135857461024499,0.5,0.23149472204035515,0.2938044349682604,0.05201851942735306,0.296497806680226,0.6504666152268918,0.6902243613923382
2021-03-24 19:10:00,0.597629009762901,-0.003984063745020028,0.28875651526433344,0.1780039278700234,0.829357029747026,0.00022271714922048998,0.5,0.23149472204035515,0.2938044349682604,0.05201851942735306,0.296497806680226,0.6504666152268918,0.7457790787150896
2021-03-24 19:20:00,0.6185495118549511,-0.19521912350597614,0.2682055100521219,0.16336368505623988,0.829357029747026,0.00022271714922048998,0.5,0.23149472204035515,0.2938044349682604,0.05201851942735306,0.296497806680226,0.6504666152268918,0.778203600042247
2021-03-24 19:30:00,0.6241283124128312,0.11553784860557759,0.2524199553239015,0.15657918228887713,0.8331915561895538,0.00022271714922048998,0.5,0.23149472204035515,0.2938044349682604,0.05201851942735306,0.296497806680226,0.6504666152268918,0.7858080480407984
2021-03-24 19:40:00,0.5801952580195259,0.3227091633466135,0.24080416976917318,0.15479378682378164,0.8293308555050974,0.00011135857461024499,0.5,0.23149472204035515,0.2938044349682604,0.05201851942735306,0.296497806680226,0.6504666152268918,0.7187259531964332
2021-03-24 19:50:00,0.5550906555090656,0.2350597609561753,0.23246463142218898,0.15443670773076223,0.8293308555050974,0.00011135857461024499,0.5,0.23149472204035515,0.2938044349682604,0.05201851942735306,0.296497806680226,0.6504666152268918,0.6397317319733845
2021-03-24 20:00:00,0.612970711297071,0.2828685258964143,0.2256142963514518,0.15443670773076223,0.8293308555050974,0.00011135857461024499,0.5,0.2128638863753627,0.3071748556781926,0.07965017563122047,0.47249328136530877,0.6588258799105119,0.7652277562351948
2021-03-24 20:10:00,0.5878661087866108,0.43426294820717115,0.21935964259121343,0.15265131226566697,0.8296842077711325,0.00011135857461024499,0.5,0.2128638863753627,0.3071748556781926,0.07965017563122047,0.47249328136530877,0.6588258799105119,0.708111411198455
2021-03-24 20:20:00,0.5139470013947002,0.003984063745019917,0.21221146686522707,0.15479378682378164,0.8405988666553246,0.00011135857461024499,0.5,0.2128638863753627,0.3071748556781926,0.07965017563122047,0.47249328136530877,0.6588258799105119,0.5863874345549738
2021-03-24 20:30:00,0.4804741980474198,0.3545816733067728,0.20327624720774362,0.16122121049812543,0.8406119537762888,0.00022271714922048998,0.5,0.2128638863753627,0.3071748556781926,0.07965017563122047,0.47249328136530877,0.6588258799105119,0.5127570650451891
2021-03-24 20:40:00,0.5934449093444909,-0.019920318725099695,0.19642591213700666,0.15265131226566697,0.8516705709910877,0.00033407572383073496,0.5,0.2128638863753627,0.3071748556781926,0.07965017563122047,0.47249328136530877,0.6588258799105119,0.7623534559500279
2021-03-24 20:50:00,0.5244072524407252,0.08366533864541825,0.19285182427401315,0.14443849312622747,0.8518145293216945,0.00011135857461024499,0.5,0.2128638863753627,0.3071748556781926,0.07965017563122047,0.47249328136530877,0.6588258799105119,0.5512470389426196
2021-03-24 21:00:00,0.45188284518828453,-0.02788844621513953,0.18659717051377522,0.14372433494018932,0.8518145293216945,0.00022271714922048998,0.5,0.22675558155614173,0.33341283364989943,0.0532384712963206,0.6004226526246338,0.6781410209932798,0.41634352792069645
2021-03-24 21:10:00,0.41422594142259417,-0.12350597609561753,0.18212956068503328,0.14301017675415095,0.8518145293216945,0.00022271714922048998,0.5,0.22675558155614173,0.33341283364989943,0.0532384712963206,0.6004226526246338,0.6781410209932798,0.34371652307738737
2021-03-24 21:20:00,0.42329149232914925,0.027888446215139417,0.17706626954579274,0.1362256739867882,0.8518145293216945,0.00022271714922048998,0.5,0.22675558155614173,0.33341283364989943,0.0532384712963206,0.6004226526246338,0.6781410209932798,0.3449914751723826
2021-03-24 21:30:00,0.4295676429567643,-0.03585657370517936,0.17498138495904692,0.12872701303338685,0.8518145293216945,0.00022271714922048998,0.5,0.22675558155614173,0.33341283364989943,0.0532384712963206,0.6004226526246338,0.6781410209932798,0.35340314136125656
2021-03-24 21:40:00,0.44490934449093444,0.05976095617529875,0.1705137751303052,0.11944295661489024,0.8518145293216945,0.00022271714922048998,0.5,0.22675558155614173,0.33341283364989943,0.0532384712963206,0.6004226526246338,0.6781410209932798,0.36488525431145047
2021-03-24 21:50:00,0.45188284518828453,0.17928286852589648,0.16872673119880832,0.11194429566148911,0.8518145293216945,0.00022271714922048998,0.5,0.22675558155614173,0.33341283364989943,0.0532384712963206,0.6004226526246338,0.6781410209932798,0.39212698221102343
2021-03-24 22:00:00,0.44979079497907953,0.027888446215139417,0.16604616530156346,0.10444563470808776,0.8518145293216945,0.00022271714922048998,0.5,0.13308846606806757,0.35804452209294835,0.11274181392639733,0.5584811560609593,0.7045893070185899,0.39549164868657305
2021-03-24 22:10:00,0.46234309623430964,0.05976095617529875,0.16425912137006704,0.0973040528477056,0.8518145293216945,0.00022271714922048998,0.5,0.13308846606806757,0.35804452209294835,0.11274181392639733,0.5584811560609593,0.7045893070185899,0.42870830001357935
2021-03-24 22:20:00,0.4588563458856346,-0.03585657370517936,0.15889798957557688,0.09301910373147648,0.8518145293216945,0.00022271714922048998,0.5,0.13308846606806757,0.35804452209294835,0.11274181392639733,0.5584811560609593,0.7045893070185899,0.40128551382832656
2021-03-24 22:30:00,0.4225941422594142,0.043824701195219085,0.15174981384959052,0.08873415461524736,0.8486605331693081,0.00022271714922048998,0.5,0.13308846606806757,0.35804452209294835,0.11274181392639733,0.5584811560609593,0.7045893070185899,0.38191227726058813
2021-03-24 22:40:00,0.5523012552301255,0.3705179282868525,0.1437081161578555,0.07695054454561667,0.851840703563623,0.00022271714922048998,0.5,0.13308846606806757,0.35804452209294835,0.11274181392639733,0.5584811560609593,0.7045893070185899,0.6180650904537018
2021-03-24 22:50:00,0.49372384937238495,0.3705179282868525,0.1362620997766193,0.07016604177825392,0.8551910065304734,0.00022271714922048998,0.5,0.13308846606806757,0.35804452209294835,0.11274181392639733,0.5584811560609593,0.7045893070185899,0.4823241848605097
2021-03-24 23:00:00,0.46513249651324967,0.03585657370517925,0.13030528667163077,0.0687377254061774,0.863147976076743,0.00022271714922048998,0.5,0.09090037665643935,0.37040634240115755,0.13964809334331107,0.4710763150900751,0.7501155913044838,0.416486865730193
2021-03-24 23:10:00,0.3814504881450488,0.17131474103585642,0.12464631422189121,0.06338153901089094,0.863147976076743,0.00022271714922048998,0.5,0.09090037665643935,0.37040634240115755,0.13964809334331107,0.4710763150900751,0.7501155913044838,0.25148995880924
2021-03-24 23:20:00,0.38284518828451886,0.09960159362549792,0.11600893521965738,0.053740403499375144,0.8550993966837235,0.00022271714922048998,0.5,0.09090037665643935,0.37040634240115755,0.13964809334331107,0.4710763150900751,0.7501155913044838,0.2527347345232886
2021-03-24 23:30:00,0.398884239888424,0.4820717131474104,0.1085629188384214,0.0433851098018212,0.851840703563623,0.00022271714922048998,0.5,0.09090037665643935,0.37040634240115755,0.13964809334331107,0.4710763150900751,0.7501155913044838,0.2742052295668181
2021-03-24 23:40:00,0.3926080892608089,0.394422310756972,0.10290394638868205,0.034101053383324365,0.8544450406355105,0.00022271714922048998,0.5,0.09090037665643935,0.37040634240115755,0.13964809334331107,0.4710763150900751,0.7501155913044838,0.26356805528312993
2021-03-24 23:50:00,0.36052998605299863,0.11553784860557759,0.09575577066269525,0.025531155150865903,0.8659355328421301,0.00022271714922048998,0.5,0.09090037665643935,0.37040634240115755,0.13964809334331107,0.4710763150900751,0.7501155913044838,0.22009897852950497
2021-03-25 00:00:00,0.44002789400278935,0.19521912350597592,0.0939687267311986,0.018389573290483963,0.8630171048671004,0.00022271714922048998,0.5,0.0586628479602751,0.3725844595079979,0.15506488634854837,0.3969170303965513,0.7913220057489966,0.34203418983961253
2021-03-25 00:10:00,0.301952580195258,0.019920318725099362,0.1005212211466866,0.014461703267273585,0.8802659302979937,0.00022271714922048998,0.5,0.0586628479602751,0.3725844595079979,0.15506488634854837,0.3969170303965513,0.7913220057489966,0.16684521025393426
2021-03-25 00:20:00,0.22245467224546722,0.21912350597609564,0.09873417721518973,0.011605070523120764,0.8770726727827146,0.00022271714922048998,0.5,0.0586628479602751,0.3725844595079979,0.15506488634854837,0.3969170303965513,0.7913220057489966,0.08728518188813617
2021-03-25 00:30:00,0.12273361227336123,0.4501992031872508,0.08860759493670867,0.010533833244063429,0.8854746044417688,0.00022271714922048998,0.5,0.0586628479602751,0.3725844595079979,0.15506488634854837,0.3969170303965513,0.7913220057489966,0.027075757804366524
2021-03-25 00:40:00,0.11576011157601115,-0.11553784860557781,0.07788533134772879,0.009819675058025501,0.8733951917917577,0.000556792873051225,0.5,0.0586628479602751,0.3725844595079979,0.15506488634854837,0.3969170303965513,0.7913220057489966,0.009950661617152254
2021-03-25 00:50:00,0.09762900976290097,-0.2270916334661356,0.07371556217423669,0.003749330476700674,0.8690371805106596,0.07561247216035635,0.5,0.0586628479602751,0.3725844595079979,0.15506488634854837,0.3969170303965513,0.7913220057489966,0.0
2021-03-25 01:00:00,0.12482566248256625,-0.9123505976095618,0.07967237527922544,-0.001963935011604967,0.8690371805106596,0.9989977728285078,0.5,0.0013372587696109939,0.38363883485102296,0.21120943010113302,0.3602264548217638,0.7892752783392688,0.0
2021-03-25 01:10:00,0.1415620641562064,-0.24701195219123517,0.1005212211466866,0.02731655061596161,0.8690371805106596,0.9993318485523385,0.5,0.0013372587696109939,0.38363883485102296,0.21120943010113302,0.3602264548217638,0.7892752783392688,0.0
2021-03-25 01:20:00,0.1415620641562064,0.4183266932270917,0.09932985852568854,0.04052847705766838,0.8690371805106596,0.9993318485523385,0.5,0.0013372587696109939,0.38363883485102296,0.21120943010113302,0.3602264548217638,0.7892752783392688,0.0
2021-03-25 01:30:00,0.15411436541143653,-0.6334661354581674,0.0975428145941919,0.04302803070880201,0.8690371805106596,0.9993318485523385,0.5,0.0013372587696109939,0.38363883485102296,0.21120943010113302,0.3602264548217638,0.7892752783392688,0.0
2021-03-25 01:40:00,0.17294281729428174,-0.01195219123505975,0.1005212211466866,0.04017139796464919,0.8788525212338538,0.337750556792873,0.5,0.0013372587696109939,0.38363883485102296,0.21120943010113302,0.3602264548217638,0.7892752783392688,0.0014560103806750457
2021-03-25 01:50:00,0.09414225941422595,-0.38645418326693237,0.10915860014891998,0.05266916622031781,0.8832367067568805,0.1356347438752784,0.5,0.0013372587696109939,0.38363883485102296,0.21120943010113302,0.3602264548217638,0.7892752783392688,0.0
2021-03-25 02:00:00,0.09902370990237098,-0.3909362549800798,0.1085629188384214,0.053026245313336995,0.8832367067568805,0.9993318485523385,0.5,-0.002172353424011564,0.3892019413402604,0.21412361866130702,0.34729302349614305,0.7917187837520138,0.0
2021-03-25 02:10:00,0.08437935843793584,-0.3954183266932272,0.09456440804169763,0.054454561685413294,0.8832367067568805,0.9993318485523385,0.5,-0.002172353424011564,0.3892019413402604,0.21412361866130702,0.34729302349614305,0.7917187837520138,0.0
2021-03-25 02:20:00,0.10111576011157601,-0.3999003984063746,0.09158600148920315,0.04874129619710765,0.8832367067568805,0.9993318485523385,0.5,-0.002172353424011564,0.3892019413402604,0.21412361866130702,0.34729302349614305,0.7917187837520138,0.0
2021-03-25 02:30:00,0.11645746164574616,-0.404382470119522,0.08711839166046165,0.04302803070880201,0.8832367067568805,0.9993318485523385,0.5,-0.002172353424011564,0.3892019413402604,0.21412361866130702,0.34729302349614305,0.7917187837520138,0.0
2021-03-25 02:40:00,0.09693165969316596,-0.4088645418326694,0.08175725986597171,0.03767184431351556,0.8832367067568805,0.9993318485523385,0.5,-0.002172353424011564,0.3892019413402604,0.21412361866130702,0.34729302349614305,0.7917187837520138,0.0
2021-03-25 02:50:00,0.0697350069735007,-0.4133466135458168,0.07550260610573334,0.030887341546152358,0.8832367067568805,0.9993318485523385,0.5,-0.002172353424011564,0.3892019413402604,0.21412361866130702,0.34729302349614305,0.7917187837520138,0.0
2021-03-25 03:00:00,0.056485355648535567,-0.4178286852589642,0.06865227103499616,0.02945902517407606,0.8832367067568805,0.9993318485523385,0.5,-0.013417614366910025,0.3855181073943937,0.22597401806872996,0.3103941205183044,0.8056261162219971,0.0
2021-03-25 03:10:00,0.026499302649930265,-0.4223107569721116,0.062099776619508384,0.028387787895018723,0.8832367067568805,0.9993318485523385,0.5,-0.013417614366910025,0.3855181073943937,0.22597401806872996,0.3103941205183044,0.8056261162219971,0.0
2021-03-25 03:20:00,0.01603905160390516,-0.42679282868525903,0.052271034996276944,0.02231744331369412,0.8832367067568805,0.9993318485523385,0.5,-0.013417614366910025,0.3855181073943937,0.22597401806872996,0.3103941205183044,0.8056261162219971,0.0
2021-03-25 03:30:00,0.016736401673640166,-0.43127490039840644,0.04690990320178701,0.02231744331369412,0.8832367067568805,0.9993318485523385,0.5,-0.013417614366910025,0.3855181073943937,0.22597401806872996,0.3103941205183044,0.8056261162219971,0.0
2021-03-25 03:40:00,0.019525801952580198,-0.43575697211155395,0.042144452717795655,0.020174968755579448,0.8832367067568805,0.9993318485523385,0.5,-0.013417614366910025,0.3855181073943937,0.22597401806872996,0.3103941205183044,0.8056261162219971,0.0
2021-03-25 03:50:00,0.0502092050209205,-0.44023904382470125,0.04363365599404312,0.018032494197464777,0.8832367067568805,0.9993318485523385,0.5,-0.013417614366910025,0.3855181073943937,0.22597401806872996,0.3103941205183044,0.8056261162219971,0.0
2021-03-25 04:00:00,0.02370990237099024,-0.44472111553784865,0.043335815338793715,0.011962149616140172,0.8832367067568805,0.9993318485523385,0.5,-0.05256840468504176,0.38511294313045547,0.27933068012823953,0.27336776018993775,0.8205280650209876,0.0
2021-03-25 04:10:00,0.02301255230125523,-0.44920318725099606,0.03410275502606086,0.00910551687198713,0.8832367067568805,0.9993318485523385,0.5,-0.05256840468504176,0.38511294313045547,0.27933068012823953,0.27336776018993775,0.8205280650209876,0.0
2021-03-25 04:20:00,0.027196652719665274,-0.45368525896414347,0.031124348473566377,0.005534725941795937,0.8832367067568805,0.9993318485523385,0.5,-0.05256840468504176,0.38511294313045547,0.27933068012823953,0.27336776018993775,0.8205280650209876,0.0
2021-03-25 04:30:00,0.08228730822873082,-0.458167330677291,0.025167535368577854,0.0001785395465094819,0.8832367067568805,0.9993318485523385,0.5,-0.05256840468504176,0.38511294313045547,0.27933068012823953,0.27336776018993775,0.8205280650209876,0.0
2021-03-25 04:40:00,0.08577405857740586,-0.4626494023904383,0.02308265078183136,-0.004106409569719638,0.8832367067568805,0.9993318485523385,0.5,-0.05256840468504176,0.38511294313045547,0.27933068012823953,0.27336776018993775,0.8205280650209876,0.0
2021-03-25 04:50:00,0.04393305439330544,-0.4671314741035858,0.019210722263588886,-0.00981967505802539,0.8832367067568805,0.9993318485523385,0.5,-0.05256840468504176,0.38511294313045547,0.27933068012823953,0.27336776018993775,0.8205280650209876,0.0
2021-03-25 05:00:00,0.09693165969316596,-0.4716135458167331,0.021891288160833966,-0.010890912337082503,0.8832367067568805,0.9993318485523385,0.5,-0.055231115230588324,0.3807021123138323,0.29055119378377453,0.24946692129406278,0.8514489453944771,0.0
2021-03-25 05:10:00,0.09762900976290097,-0.4760956175298806,0.01950856291883829,-0.017318336011426405,0.8832367067568805,0.9993318485523385,0.5,-0.055231115230588324,0.3807021123138323,0.29055119378377453,0.24946692129406278,0.8514489453944771,0.0
2021-03-25 05:20:00,0.1506276150627615,-0.480577689243028,0.02427401340282942,-0.023031601499732157,0.8832367067568805,0.9993318485523385,0.5,-0.055231115230588324,0.3807021123138323,0.29055119378377453,0.24946692129406278,0.8514489453944771,0.0
2021-03-25 05:30:00,0.1499302649930265,-0.4850597609561754,0.026656738644824873,-0.033386895197286104,0.8832367067568805,0.9993318485523385,0.5,-0.055231115230588324,0.3807021123138323,0.29055119378377453,0.24946692129406278,0.8514489453944771,0.0
2021-03-25 05:40:00,0.1394700139470014,-0.48954183266932283,0.01950856291883829,-0.044099267987859125,0.8832367067568805,0.9993318485523385,0.5,-0.055231115230588324,0.3807021123138323,0.29055119378377453,0.24946692129406278,0.8514489453944771,0.0
2021-03-25 05:50:00,0.12482566248256625,-0.4940239043824701,0.02427401340282942,-0.04909837529012662,0.8832367067568805,0.9993318485523385,0.5,-0.055231115230588324,0.3807021123138323,0.29055119378377453,0.24946692129406278,0.8514489453944771,0.0
2021-03-25 06:00:00,0.07740585774058578,-0.49850597609561764,0.010573343261355062,-0.0526691662203177,0.8832367067568805,0.9993318485523385,0.5,-0.10791532184230468,0.39388862867700875,0.35687637537842926,0.25812930182673,0.8905803939757817,0.0
2021-03-25 06:10:00,0.048814504881450484,-0.502988047808765,0.0034251675353684785,-0.0526691662203177,0.8832367067568805,0.9993318485523385,0.5,-0.10791532184230468,0.39388862867700875,0.35687637537842926,0.25812930182673,0.8905803939757817,0.0
2021-03-25 06:20:00,0.04114365411436541,-0.5074701195219125,-0.0007446016381237319,-0.055168719871451444,0.8832367067568805,0.9993318485523385,0.5,-0.10791532184230468,0.39388862867700875,0.35687637537842926,0.25812930182673,0.8905803939757817,0.0
2021-03-25 06:30:00,0.0299860529986053,-0.5119521912350598,-0.0022338049143708627,-0.05838243170862356,0.8832367067568805,0.9993318485523385,0.5,-0.10791532184230468,0.39388862867700875,0.35687637537842926,0.25812930182673,0.8905803939757817,0.0
2021-03-25 06:40:00,0.024407252440725242,-0.5164342629482073,-0.006403574087863073,-0.05981074808069986,0.8832367067568805,0.9993318485523385,0.5,-0.10791532184230468,0.39388862867700875,0.35687637537842926,0.25812930182673,0.8905803939757817,0.0
2021-03-25 06:50:00,0.019525801952580198,-0.5209163346613547,-0.010871183916604688,-0.05981074808069986,0.8832367067568805,0.9993318485523385,0.5,-0.10791532184230468,0.39388862867700875,0.35687637537842926,0.25812930182673,0.8905803939757817,0.0
2021-03-25 07:00:00,0.010460251046025104,-0.5253984063745021,-0.015338793745346302,-0.06338153901089094,0.8832367067568805,0.9993318485523385,0.5,-0.11023602980832325,0.4111612697445737,0.3769808524622928,0.19985681011983994,0.9612642271039041,0.0
2021-03-25 07:10:00,0.055788005578800565,-0.5298804780876495,-0.01861504095309008,-0.06338153901089094,0.8832367067568805,0.9993318485523385,0.5,-0.11023602980832325,0.4111612697445737,0.3769808524622928,0.19985681011983994,0.9612642271039041,0.0
2021-03-25 07:20:00,0.08926080892608089,-0.506972111553785,-0.02010424422933743,-0.06909480449919658,0.8832367067568805,0.9993318485523385,0.5,-0.11023602980832325,0.4111612697445737,0.3769808524622928,0.19985681011983994,0.9612642271039041,0.0
2021-03-25 07:30:00,0.07461645746164575,-0.48406374501992033,-0.02427401340282964,-0.07730762363863586,0.8832367067568805,0.9993318485523385,0.5,-0.11023602980832325,0.4111612697445737,0.3769808524622928,0.19985681011983994,0.9612642271039041,0.0
2021-03-25 07:40:00,0.09902370990237098,-0.4611553784860558,-0.021295606850335158,-0.07873594001071249,0.8832367067568805,0.9993318485523385,0.5,-0.11023602980832325,0.4111612697445737,0.3769808524622928,0.19985681011983994,0.9612642271039041,0.0
2021-03-25 07:50:00,0.10808926080892609,-0.4382470119521914,-0.017125837676842948,-0.08409212640599895,0.8832367067568805,0.9993318485523385,0.5,-0.11023602980832325,0.4111612697445737,0.3769808524622928,0.19985681011983994,0.9612642271039041,0.0
2021-03-25 08:00:00,0.099721059972106,-0.41533864541832677,-0.010871183916604688,-0.08837707552222807,0.8832367067568805,0.9993318485523385,0.5,-0.10775242535328433,0.43097983661248185,0.40854032251621547,0.18384485614861906,0.028470998912236842,0.0
2021-03-25 08:10:00,0.07182705718270573,-0.39243027888446225,-0.00967982129560696,-0.08837707552222807,0.8832367067568805,0.9993318485523385,0.5,-0.10775242535328433,0.43097983661248185,0.40854032251621547,0.18384485614861906,0.028470998912236842,0.0
2021-03-25 08:20:00,0.06694560669456066,-0.3695219123505977,-0.00967982129560696,-0.08837707552222807,0.8832367067568805,0.9993318485523385,0.5,-0.10775242535328433,0.43097983661248185,0.40854032251621547,0.18384485614861906,0.028470998912236842,0.0
2021-03-25 08:30:00,0.08716875871687588,-0.3466135458167332,-0.01176470588235301,-0.08837707552222807,0.8832367067568805,0.9993318485523385,0.5,-0.10775242535328433,0.43097983661248185,0.40854032251621547,0.18384485614861906,0.028470998912236842,0.0
2021-03-25 08:40:00,0.11087866108786612,-0.3237051792828687,-0.006105733432613669,-0.08837707552222807,0.8832367067568805,0.9993318485523385,0.5,-0.10775242535328433,0.43097983661248185,0.40854032251621547,0.18384485614861906,0.028470998912236842,0.0
2021-03-25 08:50:00,0.11087866108786612,-0.30079681274900416,0.00431868950111669,-0.09016247098732377,0.8832367067568805,0.9993318485523385,0.5,-0.10775242535328433,0.43097983661248185,0.40854032251621547,0.18384485614861906,0.028470998912236842,0.0
2021-03-25 09:00:00,0.11227336122733612,-0.27788844621513953,0.009679821295606628,-0.0930191037314766,0.8832367067568805,0.9993318485523385,0.5,-0.10117302815701179,0.4599792532908816,0.4386217739596582,0.15652952903734904,0.09012285061327013,0.0
2021-03-25 09:10:00,0.11297071129707113,-0.254980079681275,0.0031273268801190746,-0.09801821103374397,0.8832367067568805,0.9993318485523385,0.5,-0.10117302815701179,0.4599792532908816,0.4386217739596582,0.15652952903734904,0.09012285061327013,0.0
2021-03-25 09:20:00,0.1394700139470014,-0.23207171314741049,-0.000148920327624813,-0.10123192287091587,0.8832367067568805,0.9993318485523385,0.5,-0.10117302815701179,0.4599792532908816,0.4386217739596582,0.15652952903734904,0.09012285061327013,0.0
2021-03-25 09:30:00,0.19595536959553697,-0.20916334661354596,0.007297096053611174,-0.10658810926620232,0.860831555666069,0.9993318485523385,0.5,-0.10117302815701179,0.4599792532908816,0.4386217739596582,0.15652952903734904,0.09012285061327013,0.0
2021-03-25 09:40:00,0.17224546722454673,-0.18625498007968144,0.004914370811615498,-0.09266202463845752,0.6573660860347331,0.8370824053452116,0.5,-0.10117302815701179,0.4599792532908816,0.4386217739596582,0.15652952903734904,0.09012285061327013,0.0
2021-03-25 09:50:00,0.11645746164574616,-0.1633466135458168,-0.0025316455696204887,-0.07766470273165504,0.5850466555862375,0.9995545657015591,0.5,-0.10117302815701179,0.4599792532908816,0.4386217739596582,0.15652952903734904,0.09012285061327013,0.0
2021-03-25 10:00:00,0.12273361227336123,-0.1404382470119524,-0.0025316455696204887,-0.08123549366184613,0.5850466555862375,0.9995545657015591,0.5,-0.01183787863677932,0.4667779671098575,0.3807633373267101,0.0913054042196708,0.1650408314924554,0.0
2021-03-25 10:10:00,0.1087866108786611,-0.11752988047808777,0.0028294862248696706,-0.08123549366184613,0.5850466555862375,0.9995545657015591,0.5,-0.01183787863677932,0.4667779671098575,0.3807633373267101,0.0913054042196708,0.1650408314924554,0.0
2021-03-25 10:20:00,0.12622036262203626,-0.09462151394422325,0.006105733432613558,-0.08123549366184613,0.5850466555862375,0.9995545657015591,0.5,-0.01183787863677932,0.4667779671098575,0.3807633373267101,0.0913054042196708,0.1650408314924554,0.0
2021-03-25 10:30:00,0.14225941422594143,-0.07171314741035872,0.012062546537602303,-0.08123549366184613,0.5850466555862375,0.9995545657015591,0.5,-0.01183787863677932,0.4667779671098575,0.3807633373267101,0.0913054042196708,0.1650408314924554,0.0
2021-03-25 10:40:00,0.13458856345885634,-0.04880478087649409,0.01742367833209224,-0.08337796821996057,0.5850466555862375,0.9995545657015591,0.5,-0.01183787863677932,0.4667779671098575,0.3807633373267101,0.0913054042196708,0.1650408314924554,0.0
2021-03-25 10:50:00,0.12273361227336123,-0.02589641434262968,0.02367833209233039,-0.08123549366184613,0.5850466555862375,0.9995545657015591,0.5,-0.01183787863677932,0.4667779671098575,0.3807633373267101,0.0913054042196708,0.1650408314924554,0.0
2021-03-25 11:00:00,0.11157601115760113,-0.0029880478087650486,0.02844378257632152,-0.08016425638278879,0.5850466555862375,0.9995545657015591,0.5,0.000799807085730464,0.4782863563089262,0.2891502781604394,0.1455042874004664,0.6443018838493805,0.0
2021-03-25 11:10:00,0.07810320781032079,0.019920318725099362,0.03469843633655967,-0.07302267452240663,0.5850466555862375,0.9995545657015591,0.5,0.000799807085730464,0.4782863563089262,0.2891502781604394,0.1455042874004664,0.6443018838493805,0.0
2021-03-25 11:20:00,0.07043235704323571,0.04282868525896388,0.04422933730454215,-0.06302445991787176,0.5850466555862375,0.9995545657015591,0.5,0.000799807085730464,0.4782863563089262,0.2891502781604394,0.1455042874004664,0.6443018838493805,0.0
2021-03-25 11:30:00,0.08716875871687588,0.06573705179282863,0.05018615040953067,-0.05623995715050878,0.5850466555862375,0.9995545657015591,0.5,0.000799807085730464,0.4782863563089262,0.2891502781604394,0.1455042874004664,0.6443018838493805,0.0
2021-03-25 11:40:00,0.08507670850767085,0.08864541832669293,0.055249441548771205,-0.050883770755222324,0.5850466555862375,0.9995545657015591,0.5,0.000799807085730464,0.4782863563089262,0.2891502781604394,0.1455042874004664,0.6443018838493805,0.0
2021-03-25 11:50:00,0.099721059972106,0.11155378486055767,0.06180193596425898,-0.04838421710408858,0.5850466555862375,0.9995545657015591,0.5,0.000799807085730464,0.4782863563089262,0.2891502781604394,0.1455042874004664,0.6443018838493805,0.0
2021-03-25 12:00:00,0.12273361227336123,0.13446215139442197,0.07282204020848826,-0.04338510980182109,0.5850466555862375,0.9995545657015591,0.5,0.013119938043300916,0.4787432436703863,0.2604651770318825,0.40059430785920097,0.6896132006018169,0.0
2021-03-25 12:10:00,0.14783821478382148,0.1573705179282867,0.0826507818317197,-0.041956793429744677,0.5850466555862375,0.9995545657015591,0.5,0.013119938043300916,0.4787432436703863,0.2604651770318825,0.40059430785920097,0.6896132006018169,0.0
2021-03-25 12:20:00,0.2175732217573222,0.18027888446215123,0.09039463886820531,-0.04017139796464908,0.4977293845127011,0.9668151447661469,0.5,0.013119938043300916,0.4787432436703863,0.2604651770318825,0.40059430785920097,0.6896132006018169,0.0
2021-03-25 12:30:00,0.1680613668061367,0.20318725099601576,0.09307520476545039,-0.026959471522942313,0.3897213751946709,0.010801781737193764,0.5,0.013119938043300916,0.4787432436703863,0.2604651770318825,0.40059430785920097,0.6896132006018169,0.029520044661043805
2021-03-25 12:40:00,0.20223152022315202,-0.4581673306772909,0.10439314966492907,-0.018032494197464666,0.39479917812880344,0.00011135857461024499,0.5,0.013119938043300916,0.4787432436703863,0.2604651770318825,0.40059430785920097,0.6896132006018169,0.056195965417867436
2021-03-25 12:50:00,0.19316596931659694,-0.3545816733067729,0.11571109456440776,0.002321014104624153,0.3885827956707804,0.00011135857461024499,0.5,0.013119938043300916,0.4787432436703863,0.2604651770318825,0.40059430785920097,0.6896132006018169,0.05090755465696999
2021-03-25 13:00:00,0.2398884239888424,0.22709163346613526,0.12464631422189121,0.019460810569541076,0.38402847757521824,0.00011135857461024499,0.5,0.12852032687361792,0.4797662115991917,0.20932598673752534,0.6260680334931236,0.7013071742226614,0.09366748645834905
2021-03-25 13:10:00,0.20223152022315202,-0.10756972111553798,0.13745346239761713,0.03945723977861104,0.3795526822054416,0.00011135857461024499,0.5,0.12852032687361792,0.4797662115991917,0.20932598673752534,0.6260680334931236,0.7013071742226614,0.06869653122501018
2021-03-25 13:20:00,0.3089260808926081,-0.17131474103585675,0.14996276991809365,0.06302445991787198,0.3727212050620984,0.00011135857461024499,0.5,0.12852032687361792,0.4797662115991917,0.20932598673752534,0.6260680334931236,0.7013071742226614,0.14789444301944868
2021-03-25 13:30:00,0.29288702928870297,0.14741035856573692,0.16128071481757233,0.06945188359221577,0.37549567470652134,0.00011135857461024499,0.5,0.12852032687361792,0.4797662115991917,0.20932598673752534,0.6260680334931236,0.7013071742226614,0.15395235149448527
2021-03-25 13:40:00,0.31450488145048816,-0.059760956175298974,0.1669396872673119,0.07123727905731125,0.37179201947363605,0.00011135857461024499,0.5,0.12852032687361792,0.4797662115991917,0.20932598673752534,0.6260680334931236,0.7013071742226614,0.16845964663457913
2021-03-25 13:50:00,0.4490934449093445,0.33864541832669315,0.17438570364854789,0.07766470273165504,0.375129235319522,0.00011135857461024499,0.5,0.12852032687361792,0.4797662115991917,0.20932598673752534,0.6260680334931236,0.7013071742226614,0.41300149373085693
2021-03-25 14:00:00,0.48326359832635984,0.027888446215139417,0.15860014892032748,0.061596143545795234,0.38254963290625693,0.00011135857461024499,0.5,0.1445454190698956,0.4642550293528587,0.2358197398103901,0.7663974734454694,0.7038082163457758,0.4780165064803778
2021-03-25 14:10:00,0.5460251046025105,0.043824701195219085,0.12673119880863726,0.02874486698803791,0.3763594246901625,0.00044543429844097997,0.5,0.1445454190698956,0.4642550293528587,0.2358197398103901,0.7663974734454694,0.7038082163457758,0.6202453339770961
2021-03-25 14:20:00,0.5885634588563459,0.01195219123505975,0.12017870439314948,0.031244420639171766,0.3827590268416851,0.00022271714922048998,0.5,0.1445454190698956,0.4642550293528587,0.2358197398103901,0.7663974734454694,0.7038082163457758,0.7107744768169953
2021-03-25 14:30:00,0.6032078103207811,-0.1633466135458168,0.11988086373789986,0.034815211569362514,0.38070434885029636,0.00111358574610245,0.5,0.1445454190698956,0.4642550293528587,0.2358197398103901,0.7663974734454694,0.7038082163457758,0.7527799990947086
2021-03-25 14:40:00,0.6255230125523014,-0.02788844621513953,0.12464631422189121,0.036957686127477185,0.378610409496015,0.0014476614699331849,0.5,0.1445454190698956,0.4642550293528587,0.2358197398103901,0.7663974734454694,0.7038082163457758,0.7911040028969327
2021-03-25 14:50:00,0.596234309623431,-0.01195219123505975,0.13090096798212936,0.05481164077843248,0.37389904594888174,0.007906458797327393,0.5,0.1445454190698956,0.4642550293528587,0.2358197398103901,0.7663974734454694,0.7038082163457758,0.7041356730087361
2021-03-25 15:00:00,0.6861924686192469,-0.059760956175298974,0.13536857781087108,0.06338153901089094,0.3779167920849092,0.01002227171492205,0.5,0.14907286749517956,0.4432525782527381,0.25062503511166045,0.8416583357297917,0.7134145889904642,0.9205833094436985
2021-03-25 15:10:00,0.7182705718270572,0.11553784860557759,0.14192107222635886,0.06695232994108213,0.384421091204146,0.02271714922048998,0.5,0.14907286749517956,0.4432525782527381,0.25062503511166045,0.8416583357297917,0.7134145889904642,0.9654329556256319
2021-03-25 15:20:00,0.7294281729428174,-0.019920318725099695,0.15026061057334306,0.07123727905731125,0.3902579471542056,0.01915367483296214,0.5,0.14907286749517956,0.4432525782527381,0.25062503511166045,0.8416583357297917,0.7134145889904642,0.9382063159165323
2021-03-25 15:30:00,0.702231520223152,0.11553784860557759,0.15323901712583754,0.08587752187109432,0.38906701914645797,0.025723830734966594,0.5,0.14907286749517956,0.4432525782527381,0.25062503511166045,0.8416583357297917,0.7134145889904642,0.9109796762074325
2021-03-25 15:40:00,0.6380753138075315,-0.17928286852589637,0.1553239017125836,0.09551865738261034,0.3878499168967819,0.00512249443207127,0.5,0.14907286749517956,0.4432525782527381,0.25062503511166045,0.8416583357297917,0.7134145889904642,0.8372587775548078
2021-03-25 15:50:00,0.6576011157601116,0.043824701195219085,0.15502606105733419,0.11194429566148911,0.37723626179476777,0.0013363028953229399,0.5,0.14907286749517956,0.4432525782527381,0.25062503511166045,0.8416583357297917,0.7134145889904642,0.9254039862999232
2021-03-25 16:00:00,0.6610878661087867,-0.1394422310756973,0.15830230826507807,0.11337261203356541,0.3821177579144364,0.0032293986636971047,0.5,0.20822247044332576,0.4316723514182195,0.2101127415602982,0.8290726230279938,0.7286132521778973,0.88021485583234
2021-03-25 16:10:00,0.6297071129707112,0.12350597609561742,0.16276991809381958,0.12801285484734892,0.3759668110612346,0.0020044543429844097,0.5,0.20822247044332576,0.4316723514182195,0.2101127415602982,0.8290726230279938,0.7286132521778973,0.8116692065120631
2021-03-25 16:20:00,0.6687587168758717,0.09163346613545809,0.1678332092330601,0.142653097661132,0.37948724660062033,0.014699331848552339,0.5,0.20822247044332576,0.4316723514182195,0.2101127415602982,0.8290726230279938,0.7286132521778973,0.7804441963275345
2021-03-25 16:30:00,0.6729428172942817,-0.01195219123505975,0.17319434102755027,0.14622388859132296,0.38719556084856893,0.0089086859688196,0.5,0.20822247044332576,0.4316723514182195,0.2101127415602982,0.8290726230279938,0.7286132521778973,0.8894714606877198
2021-03-25 16:40:00,0.6980474198047419,-0.01195219123505975,0.17647058823529393,0.14051062310301732,0.3788590647943359,0.01447661469933185,0.5,0.20822247044332576,0.4316723514182195,0.2101127415602982,0.8290726230279938,0.7286132521778973,0.9408542933445992
2021-03-25 16:50:00,0.6764295676429567,0.003984063745019917,0.17974683544303782,0.1469380467773611,0.3824711101804714,0.005679287305122495,0.5,0.20822247044332576,0.4316723514182195,0.2101127415602982,0.8290726230279938,0.7286132521778973,0.8919232916396337
2021-03-25 17:00:00,0.6464435146443515,0.043824701195219085,0.1824274013402829,0.15407962863774327,0.37389904594888174,0.00155902004454343,0.5,0.222089751162605,0.417847916852248,0.1799238785541719,0.7730280040794026,0.7461703666917932,0.8459722075531481
2021-03-25 17:10:00,0.693863319386332,0.07569721115537842,0.18451228592702873,0.16586323870737374,0.37912080721362107,0.0044543429844098,0.5,0.222089751162605,0.417847916852248,0.1799238785541719,0.7730280040794026,0.7461703666917932,0.9492584154382365
2021-03-25 17:20:00,0.6910739191073919,-0.10756972111553798,0.18659717051377522,0.17014818782360308,0.3784010155605868,0.014365256124721604,0.5,0.222089751162605,0.417847916852248,0.1799238785541719,0.7730280040794026,0.7461703666917932,0.9501184422952156
2021-03-25 17:30:00,0.6875871687587168,0.06772908366533859,0.1862993298585256,0.17621853240492769,0.3817513185274372,0.005233853006681514,0.5,0.222089751162605,0.417847916852248,0.1799238785541719,0.7730280040794026,0.7461703666917932,0.9114398660168687
2021-03-25 17:40:00,0.697350069735007,0.07569721115537842,0.1830230826507817,0.17693269059096606,0.3712030990302443,0.01091314031180401,0.5,0.222089751162605,0.417847916852248,0.1799238785541719,0.7730280040794026,0.7461703666917932,0.9667079077206272
2021-03-25 17:50:00,0.6018131101813111,-0.08366533864541836,0.17795979151154118,0.16871987145152634,0.3684809778696784,0.0024498886414253897,0.5,0.222089751162605,0.417847916852248,0.1799238785541719,0.7730280040794026,0.7461703666917932,0.8030991143232192
2021-03-25 18:00:00,0.7140864714086471,0.03585657370517925,0.18034251675353663,0.17336189966077487,0.3644763188546152,0.010133630289532295,0.5,0.13952944794299804,0.43581881973638353,0.19368815671486492,0.6898216885173085,0.7530114188112544,0.8468246903148906
2021-03-25 18:10:00,0.6596931659693167,-0.07569721115537853,0.18451228592702873,0.17621853240492769,0.36650482260407535,0.0012249443207126948,0.5,0.13952944794299804,0.43581881973638353,0.19368815671486492,0.6898216885173085,0.7530114188112544,0.8905502663065619
2021-03-25 18:20:00,0.6415620641562064,0.09163346613545809,0.1868950111690244,0.18478843063738615,0.3607072280169086,0.0021158129175946547,0.5,0.13952944794299804,0.43581881973638353,0.19368815671486492,0.6898216885173085,0.7530114188112544,0.821823558700605
2021-03-25 18:30:00,0.590655509065551,0.12350597609561742,0.18808637379002224,0.19585788252097847,0.367499443797359,0.0014476614699331849,0.5,0.13952944794299804,0.43581881973638353,0.19368815671486492,0.6898216885173085,0.7530114188112544,0.729679979480061
2021-03-25 18:40:00,0.6513249651324965,-0.07569721115537853,0.19017125837676807,0.19478664524192113,0.3661514703380403,0.011692650334075724,0.5,0.13952944794299804,0.43581881973638353,0.19368815671486492,0.6898216885173085,0.7530114188112544,0.8408648550779304
2021-03-25 18:50:00,0.48465829846582986,0.22709163346613526,0.19285182427401315,0.18907337975361527,0.3738205232230961,0.00011135857461024499,0.5,0.13952944794299804,0.43581881973638353,0.19368815671486492,0.6898216885173085,0.7530114188112544,0.511037011331231
2021-03-25 19:00:00,0.5230125523012552,-0.11553784860557781,0.19285182427401315,0.1987145152651313,0.3731923414168117,0.00011135857461024499,0.5,0.1467114354069059,0.43639064731456595,0.18756912162324108,0.6019030853916185,0.7522195583795251,0.5794016023658283
2021-03-25 19:10:00,0.4679218967921897,-0.17131474103585675,0.1910647803425165,0.19978575254418862,0.37688290952873277,0.00011135857461024499,0.5,0.1467114354069059,0.43639064731456595,0.18756912162324108,0.6019030853916185,0.7522195583795251,0.4668361573396502
2021-03-25 19:20:00,0.5585774058577406,0.05179282868525892,0.1868950111690244,0.18943045884663468,0.36693669759589587,0.00033407572383073496,0.5,0.1467114354069059,0.43639064731456595,0.18756912162324108,0.6019030853916185,0.7522195583795251,0.7004013458665902
2021-03-25 19:30:00,0.46722454672245467,0.2828685258964143,0.1868950111690244,0.18014640242813784,0.36821923545039326,0.00044543429844097997,0.5,0.1467114354069059,0.43639064731456595,0.18756912162324108,0.6019030853916185,0.7522195583795251,0.4665645699111306
2021-03-25 19:40:00,0.4560669456066946,-0.07569721115537853,0.1857036485480268,0.18300303517229088,0.4011333446755048,0.00044543429844097997,0.5,0.1467114354069059,0.43639064731456595,0.18756912162324108,0.6019030853916185,0.7522195583795251,0.3952577817342366
2021-03-25 19:50:00,0.45676429567642957,-0.03585657370517936,0.1794489947877882,0.1697911087305839,0.38567745481671495,0.00044543429844097997,0.5,0.1467114354069059,0.43639064731456595,0.18756912162324108,0.6019030853916185,0.7522195583795251,0.42492870830001356
2021-03-25 20:00:00,0.39191073919107394,-0.19521912350597614,0.17498138495904692,0.15943581503302973,0.39038881836384814,0.00044543429844097997,0.5,0.12854474133511729,0.4454105808216504,0.20342443786786402,0.4410825212106954,0.7291741179809962,0.28615507642168475
2021-03-25 20:10:00,0.41492329149232915,-0.4581673306772909,0.16753536857781093,0.15015175861453312,0.3760453337870202,0.00044543429844097997,0.5,0.12854474133511729,0.4454105808216504,0.20342443786786402,0.4410825212106954,0.7291741179809962,0.3531768185041568
2021-03-25 20:20:00,0.4421199442119944,0.2589641434262948,0.16485480268056585,0.13693983217282635,0.36316760675818927,0.00044543429844097997,0.5,0.12854474133511729,0.4454105808216504,0.20342443786786402,0.4410825212106954,0.7291741179809962,0.3863029406883232
2021-03-25 20:30:00,0.301255230125523,0.1394422310756971,0.15800446760982845,0.12265666845206202,0.37744565573019584,0.00044543429844097997,0.5,0.12854474133511729,0.4454105808216504,0.20342443786786402,0.4410825212106954,0.7291741179809962,0.15316022149463615
2021-03-25 20:40:00,0.29776847977684795,0.298804780876494,0.14698436336559917,0.10587395108016429,0.38808548507413854,0.00044543429844097997,0.5,0.12854474133511729,0.4454105808216504,0.20342443786786402,0.4410825212106954,0.7291741179809962,0.13896977835448196
2021-03-25 20:50:00,0.3542538354253836,-0.0916334661354582,0.14043186895011162,0.09123370826638122,0.38764052296135376,0.00044543429844097997,0.5,0.12854474133511729,0.4454105808216504,0.20342443786786402,0.4410825212106954,0.7291741179809962,0.22825414548033254
2021-03-25 21:00:00,0.33821478382147835,0.346613545816733,0.13924050632911378,0.07909301910373157,0.3749591027469867,0.00044543429844097997,0.5,0.11386321164236257,0.45639311852922565,0.21856097165996013,0.35601216223895454,0.7199719855890712,0.20868476243644102
2021-03-25 21:10:00,0.33333333333333337,-0.1872509960159363,0.14072970960536102,0.07016604177825392,0.3826281556320425,0.00044543429844097997,0.5,0.11386321164236257,0.45639311852922565,0.21856097165996013,0.35601216223895454,0.7199719855890712,0.20830001357937145
2021-03-25 21:20:00,0.3493723849372385,0.4422310756972112,0.1365599404318687,0.06123906445277627,0.37617620499666277,0.00044543429844097997,0.5,0.11386321164236257,0.45639311852922565,0.21856097165996013,0.35601216223895454,0.7199719855890712,0.20986918538859636
2021-03-25 21:30:00,0.37099023709902373,-0.06772908366533881,0.1362620997766193,0.053026245313336995,0.3857167161796077,0.00044543429844097997,0.5,0.11386321164236257,0.45639311852922565,0.21856097165996013,0.35601216223895454,0.7199719855890712,0.23018543386091708
2021-03-25 21:40:00,0.3089260808926081,0.19521912350597592,0.13507073715562168,0.049455454383146025,0.3916844433393098,0.00044543429844097997,0.5,0.11386321164236257,0.45639311852922565,0.21856097165996013,0.35601216223895454,0.7199719855890712,0.159874466255262
2021-03-25 21:50:00,0.16457461645746163,0.22709163346613526,0.1288160833953833,0.04267095161578305,0.4011726060383976,0.00044543429844097997,0.5,0.11386321164236257,0.45639311852922565,0.21856097165996013,0.35601216223895454,0.7199719855890712,0.05553208503704151
2021-03-25 22:00:00,0.14435146443514643,0.05179282868525892,0.12732688011913607,0.04374218889484016,0.4156207875829397,0.00044543429844097997,0.5,-0.02287958567458126,0.47437838894045203,0.30187810448900443,0.2877879528500967,0.7283289186496186,0.03822593056414744
2021-03-25 22:10:00,0.15829846582984658,-0.4661354581673308,0.12464631422189121,0.04374218889484016,0.410032586931201,0.00044543429844097997,0.5,-0.02287958567458126,0.47437838894045203,0.30187810448900443,0.2877879528500967,0.7283289186496186,0.039697029135295804
2021-03-25 22:20:00,0.12691771269177127,0.20318725099601576,0.12226358897989575,0.04159971433672571,0.4011726060383976,0.00044543429844097997,0.5,-0.02287958567458126,0.47437838894045203,0.30187810448900443,0.2877879528500967,0.7283289186496186,0.025755541137951327
2021-03-25 22:30:00,0.11576011157601115,-0.298804780876494,0.11898734177215187,0.04088555615068734,0.4011726060383976,0.00044543429844097997,0.5,-0.02287958567458126,0.47437838894045203,0.30187810448900443,0.2877879528500967,0.7283289186496186,0.01167071533111034
2021-03-25 22:40:00,0.1499302649930265,-0.6334661354581674,0.11660461653015619,0.039100160685591856,0.4011726060383976,0.00044543429844097997,0.5,-0.02287958567458126,0.47437838894045203,0.30187810448900443,0.2877879528500967,0.7283289186496186,0.028999502089714378
2021-03-25 22:50:00,0.13807531380753138,-0.5458167330677292,0.11541325390915858,0.02945902517407606,0.4011726060383976,0.00044543429844097997,0.5,-0.02287958567458126,0.47437838894045203,0.30187810448900443,0.2877879528500967,0.7283289186496186,0.025280263138041853
2021-03-25 23:00:00,0.1387726638772664,-0.11553784860557781,0.11541325390915858,0.021246206034636783,0.38638415934878484,0.00044543429844097997,0.5,-0.12332158081637035,0.48661952202111014,0.3711962262145845,0.2277179400193581,0.7788646646805594,0.02854685637551489
2021-03-25 23:10:00,0.11366806136680613,0.003984063745019917,0.1127326880119135,0.02088912694161782,0.3846959207443955,0.00044543429844097997,0.5,-0.12332158081637035,0.48661952202111014,0.3711962262145845,0.2277179400193581,0.7788646646805594,0.014175354949680884
2021-03-25 23:20:00,0.12482566248256625,-0.17131474103585675,0.11124348473566648,0.02231744331369412,0.3846959207443955,0.00044543429844097997,0.5,-0.12332158081637035,0.48661952202111014,0.3711962262145845,0.2277179400193581,0.7788646646805594,0.021485583234002747
2021-03-25 23:30:00,0.18410041841004185,-0.03585657370517936,0.11690245718540582,0.029816104267095245,0.3846959207443955,0.00044543429844097997,0.5,-0.12332158081637035,0.48661952202111014,0.3711962262145845,0.2277179400193581,0.7788646646805594,0.04481192570575011
2021-03-25 23:40:00,0.10739191073919108,-0.4661354581673308,0.14221891288160804,0.10301731833601147,0.3846959207443955,0.00044543429844097997,0.5,-0.12332158081637035,0.48661952202111014,0.3711962262145845,0.2277179400193581,0.7788646646805594,0.008464474855530577
2021-03-25 23:50:00,0.10808926080892609,-0.5856573705179284,0.1553239017125836,0.17836100696304236,0.3780345761735876,0.00044543429844097997,0.5,-0.12332158081637035,0.48661952202111014,0.3711962262145845,0.2277179400193581,0.7788646646805594,0.0037418712373825007
2021-03-26 00:00:00,0.11785216178521618,-0.4422310756972112,0.163663440059568,0.23513658275308003,0.3682977581761788,0.000779510022271715,0.5,-0.13572312666536146,0.47596743743660264,0.3984697593334244,0.20696135046353203,0.8754796745182346,0.003794679904039109
2021-03-26 00:10:00,0.09553695955369597,0.4183266932270917,0.16604616530156346,0.2626316729155509,0.3740953527633456,0.013808463251670379,0.5,-0.13572312666536146,0.47596743743660264,0.3984697593334244,0.20696135046353203,0.8754796745182346,0.0
2021-03-26 00:20:00,0.08577405857740586,0.4126351735913487,0.15711094564408024,0.22942331726477416,0.3847613563492167,0.9936525612472161,0.5,-0.13572312666536146,0.47596743743660264,0.3984697593334244,0.20696135046353203,0.8754796745182346,0.0
2021-03-26 00:30:00,0.0885634588563459,0.40694365395560617,0.13834698436336557,0.2094268880557042,0.3847613563492167,0.9993318485523385,0.5,-0.13572312666536146,0.47596743743660264,0.3984697593334244,0.20696135046353203,0.8754796745182346,0.0
2021-03-26 00:40:00,0.0899581589958159,0.4012521343198634,0.12822040208488428,0.18978753793965364,0.3847613563492167,0.9993318485523385,0.5,-0.13572312666536146,0.47596743743660264,0.3984697593334244,0.20696135046353203,0.8754796745182346,0.0
2021-03-26 00:50:00,0.10739191073919108,0.3955606146841204,0.1195830230826509,0.17336189966077487,0.3847613563492167,0.9993318485523385,0.5,-0.13572312666536146,0.47596743743660264,0.3984697593334244,0.20696135046353203,0.8754796745182346,0.0
2021-03-26 01:00:00,0.1087866108786611,0.38986909504837786,0.11571109456440776,0.15765041956793446,0.3847613563492167,0.9993318485523385,0.5,-0.20336572696560606,0.4727002617763443,0.47629964503458666,0.24742704315534672,0.9607265963929404,0.0
2021-03-26 01:10:00,0.11645746164574616,0.3841775754126351,0.1127326880119135,0.1408677021960365,0.3847613563492167,0.9993318485523385,0.5,-0.20336572696560606,0.4727002617763443,0.47629964503458666,0.24742704315534672,0.9607265963929404,0.0
2021-03-26 01:20:00,0.11924686192468618,0.3784860557768923,0.10945644080416961,0.12551330119621507,0.3847613563492167,0.9993318485523385,0.5,-0.20336572696560606,0.4727002617763443,0.47629964503458666,0.24742704315534672,0.9607265963929404,0.0
2021-03-26 01:30:00,0.14295676429567641,0.37279453614114955,0.10915860014891998,0.11301553294054645,0.3847613563492167,0.9993318485523385,0.5,-0.20336572696560606,0.4727002617763443,0.47629964503458666,0.24742704315534672,0.9607265963929404,0.0
2021-03-26 01:40:00,0.1317991631799163,0.367103016505407,0.10647803425167512,0.10373147652204961,0.3847613563492167,0.9993318485523385,0.5,-0.20336572696560606,0.4727002617763443,0.47629964503458666,0.24742704315534672,0.9607265963929404,0.0
2021-03-26 01:50:00,0.14086471408647142,0.361411496869664,0.10558451228592691,0.094447420103553,0.3847613563492167,0.9993318485523385,0.5,-0.20336572696560606,0.4727002617763443,0.47629964503458666,0.24742704315534672,0.9607265963929404,0.0
2021-03-26 02:00:00,0.1506276150627615,0.35571997723392124,0.1005212211466866,0.08730583824317106,0.3847613563492167,0.9993318485523385,0.5,-0.2075755872728613,0.45588450807023945,0.503142136947333,0.27782944551922495,0.00021700739104034932,0.0
2021-03-26 02:10:00,0.12412831241283125,0.3500284575981787,0.09575577066269525,0.08052133547580786,0.3847613563492167,0.9993318485523385,0.5,-0.2075755872728613,0.45588450807023945,0.503142136947333,0.27782944551922495,0.00021700739104034932,0.0
2021-03-26 02:20:00,0.11087866108786612,0.3443369379624357,0.09456440804169763,0.07516514908052141,0.3847613563492167,0.9993318485523385,0.5,-0.2075755872728613,0.45588450807023945,0.503142136947333,0.27782944551922495,0.00021700739104034932,0.0
2021-03-26 02:30:00,0.100418410041841,0.33864541832669315,0.09188384214445255,0.07088019996429229,0.3847613563492167,0.9993318485523385,0.5,-0.2075755872728613,0.45588450807023945,0.503142136947333,0.27782944551922495,0.00021700739104034932,0.0
2021-03-26 02:40:00,0.09693165969316596,0.3329538986909504,0.08652271034996262,0.06623817175504376,0.3847613563492167,0.9993318485523385,0.5,-0.2075755872728613,0.45588450807023945,0.503142136947333,0.27782944551922495,0.00021700739104034932,0.0
2021-03-26 02:50:00,0.09274755927475593,0.32726237905520783,0.08413998510796716,0.05838243170862345,0.3847613563492167,0.9993318485523385,0.5,-0.2075755872728613,0.45588450807023945,0.503142136947333,0.27782944551922495,0.00021700739104034932,0.0
2021-03-26 03:00:00,0.0815899581589958,0.32157085941946484,0.07818317200297842,0.053740403499375144,0.3847613563492167,0.9993318485523385,0.5,-0.20242116747153238,0.4477266261885533,0.5090019639703321,0.2741634238660097,0.022834294437246598,0.0
2021-03-26 03:10:00,0.06694560669456066,0.31587933978372207,0.07669396872673095,0.04981253347616499,0.3847613563492167,0.9993318485523385,0.5,-0.20242116747153238,0.4477266261885533,0.5090019639703321,0.2741634238660097,0.022834294437246598,0.0
2021-03-26 03:20:00,0.05299860529986053,0.3101878201479795,0.07282204020848826,0.0433851098018212,0.3847613563492167,0.9993318485523385,0.5,-0.20242116747153238,0.4477266261885533,0.5090019639703321,0.2741634238660097,0.022834294437246598,0.0
2021-03-26 03:30:00,0.048117154811715475,0.30449630051223653,0.06716306775874892,0.03802892340653452,0.3847613563492167,0.9993318485523385,0.5,-0.20242116747153238,0.4477266261885533,0.5090019639703321,0.2741634238660097,0.022834294437246598,0.0
2021-03-26 03:40:00,0.05299860529986053,0.298804780876494,0.06180193596425898,0.031244420639171766,0.3847613563492167,0.9993318485523385,0.5,-0.20242116747153238,0.4477266261885533,0.5090019639703321,0.2741634238660097,0.022834294437246598,0.0
2021-03-26 03:50:00,0.02370990237099024,-0.09163346613545831,0.0546537602382724,0.026959471522942202,0.3847613563492167,0.9993318485523385,0.5,-0.20242116747153238,0.4477266261885533,0.5090019639703321,0.2741634238660097,0.022834294437246598,0.0
2021-03-26 04:00:00,0.039051603905160395,-0.4820717131474104,0.04929262844378246,0.021960364220674933,0.3847613563492167,0.9993318485523385,0.5,-0.22834795810718556,0.43142522995227184,0.5232067943963883,0.26022838823531463,0.027350844229044397,0.0
2021-03-26 04:10:00,0.0404463040446304,-0.17713760343242424,0.042740134028294685,0.017318336011426627,0.3847613563492167,0.9993318485523385,0.5,-0.22834795810718556,0.43142522995227184,0.5232067943963883,0.26022838823531463,0.027350844229044397,0.0
2021-03-26 04:20:00,0.03486750348675035,0.1277965062825619,0.04125093075204744,0.010890912337082836,0.3847613563492167,0.9993318485523385,0.5,-0.22834795810718556,0.43142522995227184,0.5232067943963883,0.26022838823531463,0.027350844229044397,0.0
2021-03-26 04:30:00,0.056485355648535567,0.43273061599754836,0.033507073715562274,0.006605963220853273,0.3847613563492167,0.9993318485523385,0.5,-0.22834795810718556,0.43142522995227184,0.5232067943963883,0.26022838823531463,0.027350844229044397,0.0
2021-03-26 04:40:00,0.04672245467224547,0.7376647257125344,0.029337304542069953,-0.0005356186395285567,0.3847613563492167,0.9993318485523385,0.5,-0.22834795810718556,0.43142522995227184,0.5232067943963883,0.26022838823531463,0.027350844229044397,0.0
2021-03-26 04:50:00,0.055090655509065556,0.6927163142302584,0.025167535368577854,-0.0048205677557580096,0.3847613563492167,0.9993318485523385,0.5,-0.22834795810718556,0.43142522995227184,0.5232067943963883,0.26022838823531463,0.027350844229044397,0.0
2021-03-26 05:00:00,0.0599721059972106,0.6477679027479826,0.01950856291883829,-0.012319228709159136,0.3847613563492167,0.9993318485523385,0.5,-0.23060352748944968,0.4235115960311127,0.5220195605713078,0.26208893285118545,0.012459144179165478,0.0
2021-03-26 05:10:00,0.03765690376569038,0.6028194912657061,0.017125837676842837,-0.018746652383503037,0.3847613563492167,0.9993318485523385,0.5,-0.23060352748944968,0.4235115960311127,0.5220195605713078,0.26208893285118545,0.012459144179165478,0.0
2021-03-26 05:20:00,0.04393305439330544,0.5578710797834303,0.016232315711094403,-0.020889126941617486,0.3847613563492167,0.9993318485523385,0.5,-0.23060352748944968,0.4235115960311127,0.5220195605713078,0.26208893285118545,0.012459144179165478,0.0
2021-03-26 05:30:00,0.058577405857740586,0.5129226683011545,0.014147431124348353,-0.028387787895018723,0.3847613563492167,0.9993318485523385,0.5,-0.23060352748944968,0.4235115960311127,0.5220195605713078,0.26208893285118545,0.012459144179165478,0.0
2021-03-26 05:40:00,0.07531380753138076,0.4679742568188783,0.00908413998510782,-0.03231565791822877,0.3847613563492167,0.9993318485523385,0.5,-0.23060352748944968,0.4235115960311127,0.5220195605713078,0.26208893285118545,0.012459144179165478,0.0
2021-03-26 05:50:00,0.10390516039051603,0.42302584533660204,0.007297096053611174,-0.04017139796464908,0.3847613563492167,0.9993318485523385,0.5,-0.23060352748944968,0.4235115960311127,0.5220195605713078,0.26208893285118545,0.012459144179165478,0.0
2021-03-26 06:00:00,0.09832635983263598,0.37807743385432624,0.005807892777363932,-0.04874129619710765,0.3847613563492167,0.9993318485523385,0.5,-0.22404040660084323,0.4242184783639412,0.4780122697737142,0.19911187443311482,0.019064604001617993,0.0
2021-03-26 06:10:00,0.10460251046025104,0.3331290223720502,0.008488458674609012,-0.05338332440635607,0.3847613563492167,0.9993318485523385,0.5,-0.22404040660084323,0.4242184783639412,0.4780122697737142,0.19911187443311482,0.019064604001617993,0.0
2021-03-26 06:20:00,0.100418410041841,0.2881806108897742,0.008488458674609012,-0.0590965898946616,0.3847613563492167,0.9993318485523385,0.5,-0.22404040660084323,0.4242184783639412,0.4780122697737142,0.19911187443311482,0.019064604001617993,0.0
2021-03-26 06:30:00,0.1087866108786611,0.24323219940749818,0.008190618019359386,-0.06195322263881431,0.3847613563492167,0.9993318485523385,0.5,-0.22404040660084323,0.4242184783639412,0.4780122697737142,0.19911187443311482,0.019064604001617993,0.0
2021-03-26 06:40:00,0.11227336122733612,0.19828378792522217,0.008190618019359386,-0.06338153901089094,0.3847613563492167,0.9993318485523385,0.5,-0.22404040660084323,0.4242184783639412,0.4780122697737142,0.19911187443311482,0.019064604001617993,0.0
2021-03-26 06:50:00,0.12203626220362622,0.15333537644294615,0.008190618019359386,-0.06552401356900539,0.3847613563492167,0.9993318485523385,0.5,-0.22404040660084323,0.4242184783639412,0.4780122697737142,0.19911187443311482,0.019064604001617993,0.0
2021-03-26 07:00:00,0.10529986052998605,0.10838696496067013,0.008190618019359386,-0.07052312087127288,0.3847613563492167,0.9993318485523385,0.5,-0.22600283567966772,0.4392325441729623,0.4777705620541453,0.17300043976836213,0.026550008535099236,0.0
2021-03-26 07:10:00,0.0899581589958159,0.06343855347839411,0.005212211466865124,-0.07159435815033022,0.3847613563492167,0.9993318485523385,0.5,-0.22600283567966772,0.4392325441729623,0.4777705620541453,0.17300043976836213,0.026550008535099236,0.0
2021-03-26 07:20:00,0.10111576011157601,0.018490141996118092,0.006701414743112366,-0.07659346545259771,0.3847613563492167,0.9993318485523385,0.5,-0.22600283567966772,0.4392325441729623,0.4777705620541453,0.17300043976836213,0.026550008535099236,0.0
2021-03-26 07:30:00,0.11366806136680613,-0.026458269486157926,0.008190618019359386,-0.07802178182467412,0.3847613563492167,0.9993318485523385,0.5,-0.22600283567966772,0.4392325441729623,0.4777705620541453,0.17300043976836213,0.026550008535099236,0.0
2021-03-26 07:40:00,0.1297071129707113,-0.07140668096843406,0.008190618019359386,-0.08123549366184613,0.3847613563492167,0.9993318485523385,0.5,-0.22600283567966772,0.4392325441729623,0.4777705620541453,0.17300043976836213,0.026550008535099236,0.0
2021-03-26 07:50:00,0.1087866108786611,-0.11635509245071007,0.008190618019359386,-0.08302088912694161,0.3847613563492167,0.9993318485523385,0.5,-0.22600283567966772,0.4392325441729623,0.4777705620541453,0.17300043976836213,0.026550008535099236,0.0
2021-03-26 08:00:00,0.100418410041841,-0.1613035039329861,0.009977661950856032,-0.08587752187109432,0.3847613563492167,0.9993318485523385,0.5,-0.2221675639203622,0.4452352969911526,0.46608362605203413,0.17107289370372109,0.008963931433563773,0.0
2021-03-26 08:10:00,0.09135285913528592,-0.2062519154152621,0.014147431124348353,-0.08730583824317073,0.3847613563492167,0.9993318485523385,0.5,-0.2221675639203622,0.4452352969911526,0.46608362605203413,0.17107289370372109,0.008963931433563773,0.0
2021-03-26 08:20:00,0.10390516039051603,-0.251200326897538,0.015934475055845,-0.08123549366184613,0.3847613563492167,0.9993318485523385,0.5,-0.2221675639203622,0.4452352969911526,0.46608362605203413,0.17107289370372109,0.008963931433563773,0.0
2021-03-26 08:30:00,0.11785216178521618,-0.29614873837981404,0.02367833209233039,-0.08123549366184613,0.3847613563492167,0.9993318485523385,0.5,-0.2221675639203622,0.4452352969911526,0.46608362605203413,0.17107289370372109,0.008963931433563773,0.0
2021-03-26 08:40:00,0.15481171548117156,-0.34109714986209005,0.03142218912881578,-0.08016425638278879,0.3847613563492167,0.9993318485523385,0.5,-0.2221675639203622,0.4452352969911526,0.46608362605203413,0.17107289370372109,0.008963931433563773,0.0
2021-03-26 08:50:00,0.12343096234309624,-0.3860455613443662,0.039166046165301394,-0.07623638635957874,0.3847613563492167,0.9993318485523385,0.5,-0.2221675639203622,0.4452352969911526,0.46608362605203413,0.17107289370372109,0.008963931433563773,0.0
2021-03-26 09:00:00,0.08716875871687588,-0.4309939728266421,0.04780342516753522,-0.06659525084806284,0.3847613563492167,0.9993318485523385,0.5,-0.20811300560365265,0.4558988755973303,0.4282821112066022,0.17800583041779405,0.9989247388559442,0.0
2021-03-26 09:10:00,0.07810320781032079,-0.4759423843089182,0.053760238272523964,-0.057311194429566115,0.3847613563492167,0.9993318485523385,0.5,-0.20811300560365265,0.4558988755973303,0.4282821112066022,0.17800583041779405,0.9989247388559442,0.0
2021-03-26 09:20:00,0.07322175732217574,-0.5208907957911941,0.06001489203276256,-0.04695590073201217,0.3847613563492167,0.9993318485523385,0.5,-0.20811300560365265,0.4558988755973303,0.4282821112066022,0.17800583041779405,0.9989247388559442,0.0
2021-03-26 09:30:00,0.05090655509065551,-0.5658392072734703,0.06597170513775108,-0.034815211569362514,0.3847613563492167,0.9993318485523385,0.5,-0.20811300560365265,0.4558988755973303,0.4282821112066022,0.17800583041779405,0.9989247388559442,0.0
2021-03-26 09:40:00,0.06485355648535565,-0.6107876187557464,0.0743112434847355,-0.021960364220674822,0.3847613563492167,0.9993318485523385,0.5,-0.20811300560365265,0.4558988755973303,0.4282821112066022,0.17800583041779405,0.9989247388559442,0.0
2021-03-26 09:50:00,0.0815899581589958,-0.6557360302380222,0.08294862248696933,-0.00981967505802539,0.3847613563492167,0.9993318485523385,0.5,-0.20811300560365265,0.4558988755973303,0.4282821112066022,0.17800583041779405,0.9989247388559442,0.0
2021-03-26 10:00:00,0.04184100418410042,-0.7006844417202984,0.0892032762472077,0.002321014104624153,0.3847613563492167,0.9993318485523385,0.5,0.09011868029829673,0.45243630156864606,0.22712561712508073,0.08610480076732081,0.8555353614409549,0.0
2021-03-26 10:10:00,0.055788005578800565,-0.7456328532025742,0.09605361131794465,0.01696125691840744,0.3847613563492167,0.9993318485523385,0.5,0.09011868029829673,0.45243630156864606,0.22712561712508073,0.08610480076732081,0.8555353614409549,0.0
2021-03-26 10:20:00,0.05369595536959554,-0.47057922157523746,0.10647803425167512,0.031244420639171766,0.3847613563492167,0.9993318485523385,0.5,0.09011868029829673,0.45243630156864606,0.22712561712508073,0.08610480076732081,0.8555353614409549,0.0
2021-03-26 10:30:00,0.04951185495118549,-0.1955255899479007,0.11571109456440776,0.046598821638993204,0.3847613563492167,0.9993318485523385,0.5,0.09011868029829673,0.45243630156864606,0.22712561712508073,0.08610480076732081,0.8555353614409549,0.0
2021-03-26 10:40:00,0.08507670850767085,0.07952804167943617,0.12524199553239002,0.061596143545795234,0.3847613563492167,0.9993318485523385,0.5,0.09011868029829673,0.45243630156864606,0.22712561712508073,0.08610480076732081,0.8555353614409549,0.0
2021-03-26 10:50:00,0.08437935843793584,0.3545816733067728,0.1356664184661205,0.07516514908052141,0.3847613563492167,0.9993318485523385,0.5,0.09011868029829673,0.45243630156864606,0.22712561712508073,0.08610480076732081,0.8555353614409549,0.0
2021-03-26 11:00:00,0.08507670850767085,-0.50597609561753,0.14489947877885312,0.08694875915015166,0.3847613563492167,0.9993318485523385,0.5,0.08421511675415738,0.45283859232716783,0.21186569319072834,0.22915081812158347,0.6937077577390809,0.0
2021-03-26 11:10:00,0.14295676429567641,-0.5697211155378487,0.15740878629932964,0.09658989466166767,0.3847613563492167,0.9993318485523385,0.5,0.08421511675415738,0.45283859232716783,0.21186569319072834,0.22915081812158347,0.6937077577390809,0.0
2021-03-26 11:20:00,0.12691771269177127,-0.6334661354581674,0.1672375279225613,0.10301731833601147,0.3847613563492167,0.9993318485523385,0.5,0.08421511675415738,0.45283859232716783,0.21186569319072834,0.22915081812158347,0.6937077577390809,0.0
2021-03-26 11:30:00,0.23082287308228733,-0.6972111553784861,0.17647058823529393,0.10980182110337444,0.37365039065056077,0.5976614699331849,0.5,0.08421511675415738,0.45283859232716783,0.21186569319072834,0.22915081812158347,0.6937077577390809,0.02217209590053865
2021-03-26 11:40:00,0.23640167364016737,-0.02788844621513953,0.18897989575577068,0.1008748437778968,0.37111148918349457,0.00011135857461024499,0.5,0.08421511675415738,0.45283859232716783,0.21186569319072834,0.22915081812158347,0.6937077577390809,0.08559530455512471
2021-03-26 11:50:00,0.24337517433751746,-0.02788844621513953,0.2062546537602381,0.10837350473129792,0.3607203151378728,0.00011135857461024499,0.5,0.08421511675415738,0.45283859232716783,0.21186569319072834,0.22915081812158347,0.6937077577390809,0.09528946693423059
2021-03-26 12:00:00,0.3117154811715481,-0.1394422310756973,0.22412509307520456,0.12587038028923425,0.3680491028778579,0.00011135857461024499,0.5,0.1095149026606761,0.4319510814437653,0.17917567522497144,0.4337380377486169,0.6982721901379924,0.15540836187516033
2021-03-26 12:10:00,0.3577405857740586,-0.01195219123505975,0.23842144452717773,0.13693983217282635,0.3518210728821767,0.00011135857461024499,0.5,0.1095149026606761,0.4319510814437653,0.17917567522497144,0.4337380377486169,0.6982721901379924,0.2422031775729137
2021-03-26 12:20:00,0.44072524407252445,-0.11553784860557781,0.2527177959791511,0.1440814140332083,0.36104749316197926,0.00011135857461024499,0.5,0.1095149026606761,0.4319510814437653,0.17917567522497144,0.4337380377486169,0.6982721901379924,0.38271195135567393
2021-03-26 12:30:00,0.5327754532775453,-0.01195219123505975,0.26105733432613554,0.15122299589359045,0.3646071900642578,0.00011135857461024499,0.5,0.1095149026606761,0.4319510814437653,0.17917567522497144,0.4337380377486169,0.6982721901379924,0.5424204475157295
2021-03-26 12:40:00,0.5083682008368201,-0.02788844621513953,0.2285927029039463,0.13372612033565434,0.3629058643389041,0.00022271714922048998,0.5,0.1095149026606761,0.4319510814437653,0.17917567522497144,0.4337380377486169,0.6982721901379924,0.5428202845632724
2021-03-26 12:50:00,0.5432357043235705,-0.10756972111553798,0.21608339538346977,0.12015711480092839,0.36450249309654364,0.00033407572383073496,0.5,0.1095149026606761,0.4319510814437653,0.17917567522497144,0.4337380377486169,0.6982721901379924,0.5910874058874119
2021-03-26 13:00:00,0.5488145048814504,0.12350597609561742,0.21459419210722253,0.12229958935904306,0.36948868618392644,0.00022271714922048998,0.5,0.2568841276983067,0.4156755467562448,0.12134260141674204,0.6280517772376399,0.7175591777960796,0.5938108242678456
2021-03-26 13:10:00,0.5948396094839609,-0.07569721115537853,0.21667907669396835,0.12408498482413854,0.37310073157006196,0.00022271714922048998,0.5,0.2568841276983067,0.4156755467562448,0.12134260141674204,0.6280517772376399,0.7175591777960796,0.7202196840532915
2021-03-26 13:20:00,0.5885634588563459,-0.10756972111553798,0.21935964259121343,0.1362256739867882,0.3827590268416851,0.00022271714922048998,0.5,0.2568841276983067,0.4156755467562448,0.12134260141674204,0.6280517772376399,0.7175591777960796,0.7129245439594429
2021-03-26 13:30:00,0.6052998605299861,0.01195219123505975,0.22293373045420695,0.14515265131226562,0.3861224169294997,0.00033407572383073496,0.5,0.2568841276983067,0.4156755467562448,0.12134260141674204,0.6280517772376399,0.7175591777960796,0.7277486910994765
2021-03-26 13:40:00,0.6827057182705718,-0.10756972111553798,0.22680565897244964,0.15729334047491506,0.37228933007027787,0.011915367483296215,0.5,0.2568841276983067,0.4156755467562448,0.12134260141674204,0.6280517772376399,0.7175591777960796,0.87425502059538
2021-03-26 13:50:00,0.6527196652719665,0.06772908366533859,0.2285927029039463,0.16264952687020195,0.37425239821491674,0.00155902004454343,0.5,0.2568841276983067,0.4156755467562448,0.12134260141674204,0.6280517772376399,0.7175591777960796,0.8828100245937506
2021-03-26 14:00:00,0.7078103207810321,0.1394422310756971,0.23395383469843622,0.1697911087305839,0.37833557995576556,0.01403118040089087,0.5,0.2755800685939638,0.3744838465892924,0.13043656903374107,0.7556850167395142,0.7251969236510158,0.9102931635408966
2021-03-26 14:10:00,0.7768479776847979,0.003984063745019917,0.24229337304542042,0.18514550973040533,0.3848791404378951,0.03329621380846325,0.5,0.2755800685939638,0.3744838465892924,0.13043656903374107,0.7556850167395142,0.7251969236510158,0.9106389094255926
2021-03-26 14:20:00,0.808228730822873,-0.06772908366533881,0.2491437081161576,0.1922870915907875,0.39027103427516985,0.032405345211581296,0.5,0.2755800685939638,0.3744838465892924,0.13043656903374107,0.7556850167395142,0.7251969236510158,0.9109845044283839
2021-03-26 14:30:00,0.7768479776847979,-0.13147410358565736,0.2527177959791511,0.19550080342795928,0.38256272002722125,0.03151447661469933,0.5,0.2755800685939638,0.3744838465892924,0.13043656903374107,0.7556850167395142,0.7251969236510158,0.9113301748721276
2021-03-26 14:40:00,0.8089260808926081,0.09163346613545809,0.2562918838421444,0.20692733440457056,0.384722094986324,0.03697104677060133,0.5,0.2755800685939638,0.3744838465892924,0.13043656903374107,0.7556850167395142,0.7251969236510158,0.9116759207568237
2021-03-26 14:50:00,0.8430962343096234,-0.19521912350597614,0.25897244973938927,0.21656846991608636,0.3787936291895146,0.053006681514476614,0.5,0.2755800685939638,0.3744838465892924,0.13043656903374107,0.7556850167395142,0.7251969236510158,0.912021515759615
2021-03-26 15:00:00,0.8486750348675035,0.22709163346613526,0.2637379002233804,0.21906802356722022,0.38234023897082875,0.05322939866369711,0.5,0.2862716348984047,0.35293830296517104,0.1140313867492176,0.8611971551945365,0.7265880640081279,0.912367261644311
2021-03-26 15:10:00,0.8807531380753139,-0.11553784860557781,0.26939687267311974,0.23120871272986965,0.376490295899805,0.059354120267260585,0.5,0.2862716348984047,0.35293830296517104,0.1140313867492176,0.8611971551945365,0.7265880640081279,0.9127129320880548
2021-03-26 15:20:00,0.8716875871687587,0.05976095617529875,0.2682055100521219,0.23799321549723285,0.3856381934538221,0.06146993318485523,0.5,0.2862716348984047,0.35293830296517104,0.1140313867492176,0.8611971551945365,0.7265880640081279,0.9130586025317983
2021-03-26 15:30:00,0.9253835425383542,0.07569721115537842,0.2607594936708859,0.23442242456704165,0.3957414508382301,0.07861915367483296,0.5,0.2862716348984047,0.35293830296517104,0.1140313867492176,0.8611971551945365,0.7265880640081279,0.913404272975542
2021-03-26 15:40:00,0.900976290097629,0.05976095617529875,0.2673119880863737,0.23656489912515632,0.39670989778958526,0.06993318485523385,0.5,0.2862716348984047,0.35293830296517104,0.1140313867492176,0.8611971551945365,0.7265880640081279,0.9137500188602381
2021-03-26 15:50:00,0.789400278940028,0.05976095617529875,0.2756515264333579,0.2558471701481879,0.391239481226525,0.03596881959910913,0.5,0.2862716348984047,0.35293830296517104,0.1140313867492176,0.8611971551945365,0.7265880640081279,0.9140956138630294
2021-03-26 16:00:00,0.9170153417015342,0.14741035856573692,0.2836932241250929,0.2687020174968757,0.39640889400740725,0.08496659242761692,0.5,0.3211392881716937,0.3204619447309963,0.07090532729647381,0.9250619850690154,0.7278029054847223,0.9144412843067732
2021-03-26 16:10:00,0.9483960948396095,-0.06772908366533881,0.2902457185405807,0.27441528298518114,0.39482535237073196,0.0811804008908686,0.5,0.3211392881716937,0.3204619447309963,0.07090532729647381,0.9250619850690154,0.7278029054847223,0.9147870301914692
2021-03-26 16:20:00,0.900278940027894,-0.10756972111553798,0.29262844378257613,0.27798607391537233,0.3929800683147714,0.06425389755011135,0.5,0.3211392881716937,0.3204619447309963,0.07090532729647381,0.9250619850690154,0.7278029054847223,0.9151326251942605
2021-03-26 16:30:00,0.9358437935843794,-0.02788844621513953,0.28845867460908403,0.27941439028744863,0.3874703903888184,0.08663697104677061,0.5,0.3211392881716937,0.3204619447309963,0.07090532729647381,0.9250619850690154,0.7278029054847223,0.9154783710789566
2021-03-26 16:40:00,0.8919107391910739,0.019920318725099362,0.28905435591958284,0.27262988752008566,0.39068982214602604,0.07204899777282851,0.5,0.3211392881716937,0.3204619447309963,0.07090532729647381,0.9250619850690154,0.7278029054847223,0.9158240415227001
2021-03-26 16:50:00,0.9442119944211994,0.019920318725099362,0.2920327624720771,0.28548473486877346,0.38843883734017354,0.08830734966592428,0.5,0.3211392881716937,0.3204619447309963,0.07090532729647381,0.9250619850690154,0.7278029054847223,0.9161697874073962
2021-03-26 17:00:00,0.9609483960948396,0.31474103585657365,0.2950111690245716,0.28869844670594547,0.39105626153302536,0.09599109131403118,0.5,0.3209845965426854,0.29771814934757174,0.06563873674364411,0.9479507865641633,0.7313088674267189,0.9165153824101876
2021-03-26 17:10:00,0.8598326359832636,0.03585657370517925,0.29381980640357397,0.2858418139617924,0.3914750494038816,0.06269487750556793,0.5,0.3209845965426854,0.29771814934757174,0.06563873674364411,0.9479507865641633,0.7313088674267189,0.9168610528539313
2021-03-26 17:20:00,0.8472803347280335,0.11553784860557759,0.28935219657483224,0.2865559721478308,0.3952572273625525,0.055345211581291756,0.5,0.3209845965426854,0.29771814934757174,0.06563873674364411,0.9479507865641633,0.7313088674267189,0.9172067987386273
2021-03-26 17:30:00,0.8019525801952581,0.05179282868525892,0.2899478778853313,0.2951258703802895,0.40711415895617126,0.03596881959910913,0.5,0.3209845965426854,0.29771814934757174,0.06563873674364411,0.9479507865641633,0.7313088674267189,0.9175523937414187
2021-03-26 17:40:00,0.8242677824267782,-0.14741035856573714,0.29679821295606845,0.30655240135690076,0.4038947271989635,0.04766146993318486,0.5,0.3209845965426854,0.29771814934757174,0.06563873674364411,0.9479507865641633,0.7313088674267189,0.9178981396261148
2021-03-26 17:50:00,0.900976290097629,-0.21115537848605592,0.3003723008190615,0.31405106231030167,0.40388164007799926,0.07394209354120267,0.5,0.3209845965426854,0.29771814934757174,0.06563873674364411,0.9479507865641633,0.7313088674267189,0.9182438855108108
2021-03-26 18:00:00,0.9351464435146444,-0.4820717131474104,0.3030528667163066,0.31476522049634004,0.40388164007799926,0.08006681514476616,0.5,0.23985740887185503,0.2961492153893449,0.10451905933848427,0.9566088998341373,0.7358700776231333,0.918589480513602
2021-03-26 18:10:00,0.8682008368200836,-0.07569721115537853,0.302755026061057,0.3101231922870915,0.40388164007799926,0.06280623608017817,0.5,0.23985740887185503,0.2961492153893449,0.10451905933848427,0.9566088998341373,0.7358700776231333,0.9189351509573457
2021-03-26 18:20:00,0.8256624825662483,-0.23505976095617542,0.2985852568875649,0.30798071772897706,0.3993404091034013,0.04142538975501114,0.5,0.23985740887185503,0.2961492153893449,0.10451905933848427,0.9566088998341373,0.7358700776231333,0.9192808968420417
2021-03-26 18:30:00,0.7810320781032077,0.05179282868525892,0.29292628443782553,0.315122299589359,0.38558584496996506,0.024387527839643652,0.5,0.23985740887185503,0.2961492153893449,0.10451905933848427,0.9566088998341373,0.7358700776231333,0.9196264918448331
2021-03-26 18:40:00,0.7133891213389122,-0.003984063745020028,0.28875651526433344,0.318336011426531,0.38716938660664046,0.023719376391982183,0.5,0.23985740887185503,0.2961492153893449,0.10451905933848427,0.9566088998341373,0.7358700776231333,0.9199722377295292
2021-03-26 18:50:00,0.7405857740585774,-0.1394422310756973,0.28965003723008165,0.3394036779146581,0.38618785253432103,0.020601336302895325,0.5,0.23985740887185503,0.2961492153893449,0.10451905933848427,0.9566088998341373,0.7358700776231333,0.8674445886204868
2021-03-26 19:00:00,0.8145048814504882,-0.12350597609561753,0.2941176470588236,0.3326191751472951,0.38774521992906774,0.03752783964365256,0.5,0.2373412851545731,0.293008473967479,0.1038375602382939,0.8891054148407069,0.7341670435695583,0.8149169395114444
2021-03-26 19:10:00,0.8765690376569037,-0.21912350597609564,0.29650037230081905,0.32904838421710414,0.38955124262213553,0.06414253897550111,0.5,0.2373412851545731,0.293008473967479,0.1038375602382939,0.8891054148407069,0.7341670435695583,0.762389290402402
2021-03-26 19:20:00,0.5746164574616458,0.06772908366533859,0.29292628443782553,0.3344045706123906,0.37392522019081026,0.00033407572383073496,0.5,0.2373412851545731,0.293008473967479,0.1038375602382939,0.8891054148407069,0.7341670435695583,0.7098616412933597
2021-03-26 19:30:00,0.5760111576011158,0.003984063745019917,0.28548026805658955,0.3411890733797538,0.3742000497310597,0.00033407572383073496,0.5,0.2373412851545731,0.293008473967479,0.1038375602382939,0.8891054148407069,0.7341670435695583,0.714116511006835
2021-03-26 19:40:00,0.6380753138075315,0.03585657370517925,0.27833209233060296,0.33654704517050527,0.367800447579537,0.000556792873051225,0.5,0.2373412851545731,0.293008473967479,0.1038375602382939,0.8891054148407069,0.7341670435695583,0.8660696772636058
2021-03-26 19:50:00,0.5599721059972106,0.1633466135458166,0.2711839166046164,0.3276200678450276,0.370326261925639,0.00022271714922048998,0.5,0.2373412851545731,0.293008473967479,0.1038375602382939,0.8891054148407069,0.7341670435695583,0.7067987386272765
2021-03-26 20:00:00,0.5606694560669455,0.17928286852589648,0.2646314221891286,0.32262096054276035,0.37549567470652134,0.00011135857461024499,0.5,0.2351753021706524,0.2927211234256795,0.10812413124399456,0.7416037731167112,0.7248313517733205,0.7028833531994508
2021-03-26 20:10:00,0.5627615062761506,0.07569721115537842,0.25807892777364083,0.31405106231030167,0.37549567470652134,0.00011135857461024499,0.5,0.2351753021706524,0.2927211234256795,0.10812413124399456,0.7416037731167112,0.7248313517733205,0.667886295396593
2021-03-26 20:20:00,0.6094839609483961,0.38645418326693215,0.255398361876396,0.30155329405463327,0.3777859208752667,0.00011135857461024499,0.5,0.2351753021706524,0.2927211234256795,0.10812413124399456,0.7416037731167112,0.7248313517733205,0.7861927968978681
2021-03-26 20:30:00,0.6087866108786611,-0.1633466135458168,0.2530156366344005,0.2911980003570791,0.3867113373728913,0.00011135857461024499,0.5,0.2351753021706524,0.2927211234256795,0.10812413124399456,0.7416037731167112,0.7248313517733205,0.7629569835689606
2021-03-26 20:40:00,0.5948396094839609,-0.2828685258964144,0.24854802680565902,0.28548473486877346,0.3867113373728913,0.00011135857461024499,0.5,0.2351753021706524,0.2927211234256795,0.10812413124399456,0.7416037731167112,0.7248313517733205,0.7379332196689651
2021-03-26 20:50:00,0.6485355648535566,-0.17928286852589637,0.24527177959791513,0.2787002321014105,0.3824449359385429,0.00033407572383073496,0.5,0.2351753021706524,0.2927211234256795,0.10812413124399456,0.7416037731167112,0.7248313517733205,0.8635876699307452
2021-03-26 21:00:00,0.6220362622036262,0.2749003984063745,0.24378257632166767,0.26798785931083735,0.37673895119812595,0.00022271714922048998,0.5,0.23998771939245334,0.3100138790311682,0.10558290302130845,0.6929063769958679,0.7219673244819832,0.8284397302231544
2021-03-26 21:10:00,0.6087866108786611,0.05179282868525892,0.23871928518242735,0.26191751472951275,0.3823140647289003,0.00033407572383073496,0.5,0.23998771939245334,0.3100138790311682,0.10558290302130845,0.6929063769958679,0.7219673244819832,0.7667365752825264
2021-03-26 21:20:00,0.5767085076708507,-0.4183266932270917,0.23544303797468324,0.2594179610783791,0.3866589888890343,0.00022271714922048998,0.5,0.23998771939245334,0.3100138790311682,0.10558290302130845,0.6929063769958679,0.7219673244819832,0.694403790153447
2021-03-26 21:30:00,0.50697350069735,-0.043824701195219196,0.22680565897244964,0.25870380289234074,0.39212940545209457,0.00011135857461024499,0.5,0.23998771939245334,0.3100138790311682,0.10558290302130845,0.6929063769958679,0.7219673244819832,0.5036513420945427
2021-03-26 21:40:00,0.49302649930264997,-0.298804780876494,0.21935964259121343,0.2515622210319586,0.38637107222782063,0.00011135857461024499,0.5,0.23998771939245334,0.3100138790311682,0.10558290302130845,0.6929063769958679,0.7219673244819832,0.4989664589525778
2021-03-26 21:50:00,0.38284518828451886,0.17928286852589648,0.21459419210722253,0.24370648098553827,0.37535171637591447,0.00011135857461024499,0.5,0.23998771939245334,0.3100138790311682,0.10558290302130845,0.6929063769958679,0.7219673244819832,0.31025846070280794
2021-03-26 22:00:00,0.4511854951185495,0.4183266932270917,0.20714817572598654,0.23120871272986965,0.37535171637591447,0.00011135857461024499,0.5,0.13768101972401636,0.3229216653687989,0.15113846745385268,0.6441967576988358,0.7197794053605964,0.40352611011361406
2021-03-26 22:10:00,0.4700139470013947,0.08366533864541825,0.20476545048399108,0.21871094447420125,0.3863448979858921,0.00011135857461024499,0.5,0.13768101972401636,0.3229216653687989,0.15113846745385268,0.6441967576988358,0.7197794053605964,0.4266110415377884
2021-03-26 22:20:00,0.4783821478382148,0.05179282868525892,0.20416976917349206,0.2062131762185324,0.3865673790422845,0.00011135857461024499,0.5,0.13768101972401636,0.3229216653687989,0.15113846745385268,0.6441967576988358,0.7197794053605964,0.44059025001131613
2021-03-26 22:30:00,0.43584379358437936,-0.11553784860557781,0.2014892032762472,0.1951437243349401,0.3865673790422845,0.00011135857461024499,0.5,0.13768101972401636,0.3229216653687989,0.15113846745385268,0.6441967576988358,0.7197794053605964,0.3618148075501305
2021-03-26 22:40:00,0.37308228730822873,-0.4103585657370519,0.19583023082650763,0.18835922156757734,0.3849969245265734,0.00011135857461024499,0.5,0.13768101972401636,0.3229216653687989,0.15113846745385268,0.6441967576988358,0.7197794053605964,0.25674064909395417
2021-03-26 22:50:00,0.32496513249651326,-0.1872509960159363,0.1907669396872671,0.17514729512587035,0.3752993678920574,0.00011135857461024499,0.5,0.13768101972401636,0.3229216653687989,0.15113846745385268,0.6441967576988358,0.7197794053605964,0.19104666777313398
2021-03-26 23:00:00,0.32147838214783825,0.06772908366533859,0.1857036485480268,0.1597928941260489,0.3752993678920574,0.00011135857461024499,0.5,0.08696738034495755,0.33176056803455256,0.1671965594821013,0.5855180623631175,0.7157635426555482,0.212856647102313
2021-03-26 23:10:00,0.32914923291492326,-0.003984063745020028,0.17974683544303782,0.14908052133547578,0.3669890460797529,0.00011135857461024499,0.5,0.08696738034495755,0.33176056803455256,0.1671965594821013,0.5855180623631175,0.7157635426555482,0.20630082834165697
2021-03-26 23:20:00,0.32566248256624825,0.3705179282868525,0.17379002233804886,0.1344402785216927,0.37592754969834186,0.00011135857461024499,0.5,0.08696738034495755,0.33176056803455256,0.1671965594821013,0.5855180623631175,0.7157635426555482,0.17818398539463162
2021-03-26 23:30:00,0.41422594142259417,0.2111553784860556,0.1669396872673119,0.11730048205677557,0.39172370470220264,0.00011135857461024499,0.5,0.08696738034495755,0.33176056803455256,0.1671965594821013,0.5855180623631175,0.7157635426555482,0.2995986541334098
2021-03-26 23:40:00,0.32984658298465835,0.10756972111553775,0.15979151154132532,0.11408677021960378,0.40174843936082505,0.00011135857461024499,0.5,0.08696738034495755,0.33176056803455256,0.1671965594821013,0.5855180623631175,0.7157635426555482,0.20464112738959217
2021-03-26 23:50:00,0.3800557880055788,-0.29083665338645437,0.15711094564408024,0.09801821103374397,0.4005967727159702,0.00011135857461024499,0.5,0.08696738034495755,0.33176056803455256,0.1671965594821013,0.5855180623631175,0.7157635426555482,0.2535570409040844
2021-03-27 00:00:00,0.37447698744769875,-0.15537848605577698,0.15711094564408024,0.09230494554543855,0.4005967727159702,0.00011135857461024499,0.5,0.07470424981730828,0.315168947751051,0.16976834990857337,0.5206526859584268,0.7155548503031006,0.24015118366854263
2021-03-27 00:10:00,0.3765690376569038,-0.2589641434262948,0.15711094564408024,0.08766291733619003,0.4005967727159702,0.00011135857461024499,0.5,0.07470424981730828,0.315168947751051,0.16976834990857337,0.5206526859584268,0.7155548503031006,0.23680160538346637
2021-03-27 00:20:00,0.33821478382147835,-0.4422310756972112,0.15711094564408024,0.0815925727548652,0.4003088560547565,0.00011135857461024499,0.5,0.07470424981730828,0.315168947751051,0.16976834990857337,0.5206526859584268,0.7155548503031006,0.18452102539342458
2021-03-27 00:30:00,0.3096234309623431,-0.12350597609561753,0.15591958302308262,0.07623638635957874,0.3868291214615697,0.00011135857461024499,0.5,0.07470424981730828,0.315168947751051,0.16976834990857337,0.5206526859584268,0.7155548503031006,0.15144771187591471
2021-03-27 00:40:00,0.3068340306834031,-0.2589641434262948,0.15651526433358143,0.06980896268523495,0.3868291214615697,0.00011135857461024499,0.5,0.07470424981730828,0.315168947751051,0.16976834990857337,0.5206526859584268,0.7155548503031006,0.1506933023522489
2021-03-27 00:50:00,0.20223152022315202,-0.47410358565737054,0.15413253909158597,0.0687377254061774,0.37802148905262334,0.00011135857461024499,0.5,0.07470424981730828,0.315168947751051,0.16976834990857337,0.5206526859584268,0.7155548503031006,0.07386423646212109
2021-03-27 01:00:00,0.20013947001394702,-0.02788844621513953,0.14549516008935193,0.06480985538296746,0.35916294774312596,0.00011135857461024499,0.5,0.01385280547844503,0.30223817337007586,0.20210658549548244,0.4422817576396556,0.7348667266689715,0.06349864960695265
2021-03-27 01:10:00,0.18619246861924685,-0.019920318725099695,0.14221891288160804,0.055168719871451444,0.35916294774312596,0.00011135857461024499,0.5,0.01385280547844503,0.30223817337007586,0.20210658549548244,0.4422817576396556,0.7348667266689715,0.059470102750577125
2021-03-27 01:20:00,0.2189679218967922,0.003984063745019917,0.13834698436336557,0.05195500803427966,0.35916294774312596,0.00011135857461024499,0.5,0.01385280547844503,0.30223817337007586,0.20210658549548244,0.4422817576396556,0.7348667266689715,0.07716100608054076
2021-03-27 01:30:00,0.198744769874477,0.003984063745019917,0.1362620997766193,0.04374218889484016,0.35916294774312596,0.00011135857461024499,0.5,0.01385280547844503,0.30223817337007586,0.20210658549548244,0.4422817576396556,0.7348667266689715,0.06575433408271346
2021-03-27 01:40:00,0.1589958158995816,0.3067729083665336,0.13417721518987324,0.04052847705766838,0.35916294774312596,0.00011135857461024499,0.5,0.01385280547844503,0.30223817337007586,0.20210658549548244,0.4422817576396556,0.7348667266689715,0.03836172427840729
2021-03-27 01:50:00,0.1324965132496513,0.5059760956175297,0.12970960536113174,0.04017139796464919,0.35959482273494653,0.00011135857461024499,0.5,0.01385280547844503,0.30223817337007586,0.20210658549548244,0.4422817576396556,0.7348667266689715,0.03132308342260513
2021-03-27 02:00:00,0.11436541143654114,0.2749003984063745,0.12613551749813845,0.0433851098018212,0.3756003716742354,0.00011135857461024499,0.5,0.010343226637911762,0.29466936009907946,0.20118629540056587,0.3942780990940296,0.7791215230694537,0.021960861233912218
2021-03-27 02:10:00,0.11785216178521618,-0.31474103585657376,0.11988086373789986,0.04159971433672571,0.3756003716742354,0.00011135857461024499,0.5,0.010343226637911762,0.29466936009907946,0.20118629540056587,0.3942780990940296,0.7791215230694537,0.01894322313924891
2021-03-27 02:20:00,0.12691771269177127,-0.7768924302788845,0.1127326880119135,0.03731476522049637,0.3756003716742354,0.00011135857461024499,0.5,0.010343226637911762,0.29466936009907946,0.20118629540056587,0.3942780990940296,0.7791215230694537,0.015450307044676133
2021-03-27 02:30:00,0.10181311018131102,0.01195219123505975,0.10945644080416961,0.03302981610426703,0.3623562052584052,0.00011135857461024499,0.5,0.010343226637911762,0.29466936009907946,0.20118629540056587,0.3942780990940296,0.7791215230694537,0.006276687236899679
2021-03-27 02:40:00,0.14644351464435149,0.5697211155378485,0.10945644080416961,0.03231565791822888,0.3733624739893471,0.00011135857461024499,0.5,0.010343226637911762,0.29466936009907946,0.20118629540056587,0.3942780990940296,0.7791215230694537,0.04446489732486383
2021-03-27 02:50:00,0.13598326359832635,0.4183266932270917,0.10707371556217415,0.025888234243884867,0.3756658072790567,0.00011135857461024499,0.5,0.010343226637911762,0.29466936009907946,0.20118629540056587,0.3942780990940296,0.7791215230694537,0.030546041613229328
2021-03-27 03:00:00,0.1596931659693166,0.6015936254980081,0.10647803425167512,0.02053204784859841,0.3756658072790567,0.00011135857461024499,0.5,-0.0020175950888243754,0.2752818190438704,0.20508874642590247,0.3794388829353412,0.8245315471437439,0.04053442370656487
2021-03-27 03:10:00,0.1394700139470014,0.6414342629482073,0.10647803425167512,0.01410462417425462,0.38360968970436193,0.00011135857461024499,0.5,-0.0020175950888243754,0.2752818190438704,0.20508874642590247,0.3794388829353412,0.8245315471437439,0.032628211898547005
2021-03-27 03:20:00,0.11645746164574616,0.6015936254980081,0.10647803425167512,0.018032494197464777,0.39646124249126435,0.00011135857461024499,0.5,-0.0020175950888243754,0.2752818190438704,0.20508874642590247,0.3794388829353412,0.8245315471437439,0.026404333328303938
2021-03-27 03:30:00,0.11785216178521618,0.298804780876494,0.1085629188384214,0.018746652383502926,0.408566829383204,0.00011135857461024499,0.5,-0.0020175950888243754,0.2752818190438704,0.20508874642590247,0.3794388829353412,0.8245315471437439,0.03365420885073253
2021-03-27 03:40:00,0.1297071129707113,0.027888446215139417,0.10945644080416961,0.018746652383502926,0.408566829383204,0.00011135857461024499,0.5,-0.0020175950888243754,0.2752818190438704,0.20508874642590247,0.3794388829353412,0.8245315471437439,0.04008932208760203
2021-03-27 03:50:00,0.14295676429567641,-0.019920318725099695,0.10945644080416961,0.01767541510444559,0.408566829383204,0.00011135857461024499,0.5,-0.0020175950888243754,0.2752818190438704,0.20508874642590247,0.3794388829353412,0.8245315471437439,0.04436682408678728
2021-03-27 04:00:00,0.1506276150627615,0.5458167330677288,0.10766939687267296,0.010890912337082836,0.408566829383204,0.00011135857461024499,0.5,-0.07539279099653373,0.25867008422244503,0.24176440548207312,0.3765913439646338,0.8432248937308184,0.042269565610996276
2021-03-27 04:10:00,0.1617852161785216,0.5059760956175297,0.10677587490692453,0.00767720049991083,0.408566829383204,0.00011135857461024499,0.5,-0.07539279099653373,0.25867008422244503,0.24176440548207312,0.3765913439646338,0.8432248937308184,0.061771051797757895
2021-03-27 04:20:00,0.1806136680613668,0.10756972111553775,0.11124348473566648,0.004463488662738824,0.408566829383204,0.00011135857461024499,0.5,-0.07539279099653373,0.25867008422244503,0.24176440548207312,0.3765913439646338,0.8432248937308184,0.07040149674849495
2021-03-27 04:30:00,0.18619246861924685,0.41035856573705165,0.11630677587490679,0.007320121406891644,0.408566829383204,0.00011135857461024499,0.5,-0.07539279099653373,0.25867008422244503,0.24176440548207312,0.3765913439646338,0.8432248937308184,0.06983568960574559
2021-03-27 04:40:00,0.17573221757322177,0.17928286852589648,0.12166790766939672,0.008748437778968166,0.408566829383204,0.00011135857461024499,0.5,-0.07539279099653373,0.25867008422244503,0.24176440548207312,0.3765913439646338,0.8432248937308184,0.06733104998717504
2021-03-27 04:50:00,0.20571827057182707,0.5219123505976095,0.1243484735666418,0.011605070523120764,0.412257397495125,0.00011135857461024499,0.5,-0.07539279099653373,0.25867008422244503,0.24176440548207312,0.3765913439646338,0.8432248937308184,0.07670836036634127
2021-03-27 05:00:00,0.2210599721059972,0.4501992031872508,0.11779597915115403,0.0069630423138726805,0.43429610919893735,0.00011135857461024499,0.5,-0.10881101906029,0.2416761731804259,0.26769840101339704,0.3858264417792731,0.8642632084663834,0.0830454003651342
2021-03-27 05:10:00,0.24546722454672246,0.33864541832669315,0.11243484735666387,-0.0008926977325478536,0.4451191582363796,0.00011135857461024499,0.5,-0.10881101906029,0.2416761731804259,0.26769840101339704,0.3858264417792731,0.8642632084663834,0.10100789112361754
2021-03-27 05:20:00,0.24198047419804744,0.3067729083665336,0.1085629188384214,-0.005177646848776973,0.45273586263757837,0.00011135857461024499,0.5,-0.10881101906029,0.2416761731804259,0.26769840101339704,0.3858264417792731,0.8642632084663834,0.10453098359913696
2021-03-27 05:30:00,0.29776847977684795,0.05179282868525892,0.10498883097542788,-0.01053383324406354,0.46634646844040784,0.00011135857461024499,0.5,-0.10881101906029,0.2416761731804259,0.26769840101339704,0.3858264417792731,0.8642632084663834,0.15242090016144363
2021-03-27 05:40:00,0.3716875871687587,0.003984063745019917,0.10230826507818302,-0.01267630780217821,0.4665558623758359,0.00011135857461024499,0.5,-0.10881101906029,0.2416761731804259,0.26769840101339704,0.3858264417792731,0.8642632084663834,0.23788795509754515
2021-03-27 05:50:00,0.3849372384937238,-0.20318725099601598,0.10796723752792259,-0.006248884127834309,0.4665558623758359,0.00011135857461024499,0.5,-0.10881101906029,0.2416761731804259,0.26769840101339704,0.3858264417792731,0.8642632084663834,0.2719570891862939
2021-03-27 06:00:00,0.399581589958159,-0.1872509960159363,0.10945644080416961,-0.0016068559185858922,0.4665558623758359,0.00011135857461024499,0.5,-0.13568240254310637,0.25808388911717184,0.2774544651696767,0.3874260776365338,0.9125255575350153,0.28872761289738524
2021-03-27 06:10:00,0.3396094839609484,-0.3067729083665339,0.10945644080416961,0.0008926977325478536,0.46401696090876965,0.00011135857461024499,0.5,-0.13568240254310637,0.25808388911717184,0.2774544651696767,0.3874260776365338,0.9125255575350153,0.211068696531225
2021-03-27 06:20:00,0.2907949790794979,0.09163346613545809,0.10796723752792259,-0.002321014104624264,0.4553009383465731,0.00011135857461024499,0.5,-0.13568240254310637,0.25808388911717184,0.2774544651696767,0.3874260776365338,0.9125255575350153,0.14316429530606395
2021-03-27 06:30:00,0.08647140864714087,0.04934109714986201,0.07520476545048371,-0.00910551687198713,0.48308489615369515,0.40790645879732745,0.5,-0.13568240254310637,0.25808388911717184,0.2774544651696767,0.3874260776365338,0.9125255575350153,0.0
2021-03-27 06:40:00,0.06206415620641562,0.007048728164265938,0.05852568875651509,0.0016068559185860032,0.47959063485623804,0.9993318485523385,0.5,-0.13568240254310637,0.25808388911717184,0.2774544651696767,0.3874260776365338,0.9125255575350153,0.0
2021-03-27 06:50:00,0.05439330543933055,-0.035243640821330136,0.06507818317200287,0.021246206034636783,0.47959063485623804,0.9993318485523385,0.5,-0.13568240254310637,0.25808388911717184,0.2774544651696767,0.3874260776365338,0.9125255575350153,0.0
2021-03-27 07:00:00,0.03626220362622037,-0.07753600980692621,0.0656738644825019,0.02231744331369412,0.47959063485623804,0.9993318485523385,0.5,-0.14586096497825551,0.26798311528216195,0.2848842510427608,0.3506386568965558,0.9401387381194966,0.0
2021-03-27 07:10:00,0.06555090655509065,-0.11982837879252228,0.05971705137751293,0.019460810569541076,0.47959063485623804,0.9993318485523385,0.5,-0.14586096497825551,0.26798311528216195,0.2848842510427608,0.3506386568965558,0.9401387381194966,0.0
2021-03-27 07:20:00,0.07601115760111576,-0.16212074777811836,0.06388682055100503,0.0126763078021781,0.47959063485623804,0.9993318485523385,0.5,-0.14586096497825551,0.26798311528216195,0.2848842510427608,0.3506386568965558,0.9401387381194966,0.0
2021-03-27 07:30:00,0.09205020920502092,-0.20441311676371443,0.06775874906924773,0.011605070523120764,0.47959063485623804,0.9993318485523385,0.5,-0.14586096497825551,0.26798311528216195,0.2848842510427608,0.3506386568965558,0.9401387381194966,0.0
2021-03-27 07:40:00,0.0794979079497908,-0.2467054857493105,0.06924795234549497,0.011605070523120764,0.47959063485623804,0.9993318485523385,0.5,-0.14586096497825551,0.26798311528216195,0.2848842510427608,0.3506386568965558,0.9401387381194966,0.0
2021-03-27 07:50:00,0.11227336122733612,-0.2889978547349066,0.06775874906924773,0.010533833244063429,0.47959063485623804,0.9993318485523385,0.5,-0.14586096497825551,0.26798311528216195,0.2848842510427608,0.3506386568965558,0.9401387381194966,0.0
2021-03-27 08:00:00,0.18340306834030684,-0.33129022372050265,0.06775874906924773,0.006605963220853273,0.47877923335645395,0.9993318485523385,0.5,-0.14025867989138907,0.2685922984307796,0.28049204387210697,0.27930806108324074,0.9779201744407734,0.0
2021-03-27 08:10:00,0.1387726638772664,-0.3735825927060987,0.06775874906924773,0.004106409569719638,0.4085144808993469,0.9763919821826281,0.5,-0.14025867989138907,0.2685922984307796,0.28049204387210697,0.27930806108324074,0.9779201744407734,0.0
2021-03-27 08:20:00,0.09135285913528592,-0.4158749616916949,0.06775874906924773,0.010176754151044465,0.40210179162686,0.9995545657015591,0.5,-0.14025867989138907,0.2685922984307796,0.28049204387210697,0.27930806108324074,0.9779201744407734,0.0
2021-03-27 08:30:00,0.07601115760111576,-0.4581673306772909,0.07490692479523453,0.01553294054633092,0.40210179162686,0.9995545657015591,0.5,-0.14025867989138907,0.2685922984307796,0.28049204387210697,0.27930806108324074,0.9779201744407734,0.0
2021-03-27 08:40:00,0.0599721059972106,0.2350597609561753,0.07907669396872663,0.02053204784859841,0.40210179162686,0.9995545657015591,0.5,-0.14025867989138907,0.2685922984307796,0.28049204387210697,0.27930806108324074,0.9779201744407734,0.0
2021-03-27 08:50:00,0.0502092050209205,-0.0916334661354582,0.08384214445271776,0.02660239242992324,0.40210179162686,0.9995545657015591,0.5,-0.14025867989138907,0.2685922984307796,0.28049204387210697,0.27930806108324074,0.9779201744407734,0.0
2021-03-27 09:00:00,0.05718270571827057,-0.0026560424966800555,0.08652271034996262,0.031958578825209694,0.40210179162686,0.9995545657015591,0.5,-0.12241771209146224,0.28514368963842524,0.2733895652520171,0.1812073623350131,0.9941055676749553,0.0
2021-03-27 09:10:00,0.06555090655509065,0.0863213811420982,0.09218168279970218,0.03302981610426703,0.40210179162686,0.9995545657015591,0.5,-0.12241771209146224,0.28514368963842524,0.2733895652520171,0.1812073623350131,0.9941055676749553,0.0
2021-03-27 09:20:00,0.06415620641562064,0.17529880478087634,0.09784065524944152,0.03767184431351556,0.40210179162686,0.9995545657015591,0.5,-0.12241771209146224,0.28514368963842524,0.2733895652520171,0.1812073623350131,0.9941055676749553,0.0
2021-03-27 09:30:00,0.055090655509065556,0.2642762284196547,0.10588235294117632,0.04017139796464919,0.40210179162686,0.9995545657015591,0.5,-0.12241771209146224,0.28514368963842524,0.2733895652520171,0.1812073623350131,0.9941055676749553,0.0
2021-03-27 09:40:00,0.056485355648535567,0.35325365205843284,0.11094564408041685,0.0448134261738975,0.40210179162686,0.9995545657015591,0.5,-0.12241771209146224,0.28514368963842524,0.2733895652520171,0.1812073623350131,0.9941055676749553,0.0
2021-03-27 09:50:00,0.0404463040446304,0.4422310756972112,0.1174981384959044,0.051597928941260696,0.40210179162686,0.9995545657015591,0.5,-0.12241771209146224,0.28514368963842524,0.2733895652520171,0.1812073623350131,0.9941055676749553,0.0
2021-03-27 10:00:00,0.039051603905160395,0.344621513944223,0.12464631422189121,0.05659703624352819,0.40210179162686,0.9995545657015591,0.5,0.14086487229268796,0.29288203972908655,0.18566209083264507,0.09187822095056171,0.9502054038913972,0.0
2021-03-27 10:10:00,0.044630404463040445,0.24701195219123484,0.1317944899478778,0.0658810926620248,0.40210179162686,0.9995545657015591,0.5,0.14086487229268796,0.29288203972908655,0.18566209083264507,0.09187822095056171,0.9502054038913972,0.0
2021-03-27 10:20:00,0.043235704323570434,0.14940239043824688,0.13953834698436318,0.07266559542938755,0.40210179162686,0.9995545657015591,0.5,0.14086487229268796,0.29288203972908655,0.18566209083264507,0.09187822095056171,0.9502054038913972,0.0
2021-03-27 10:30:00,0.02092050209205021,0.05179282868525892,0.1443037974683543,0.0801642563827889,0.40210179162686,0.9995545657015591,0.5,0.14086487229268796,0.29288203972908655,0.18566209083264507,0.09187822095056171,0.9502054038913972,0.0
2021-03-27 10:40:00,0.04741980474198048,0.033200531208499307,0.15353685778108694,0.08694875915015166,0.40210179162686,0.9995545657015591,0.5,0.14086487229268796,0.29288203972908655,0.18566209083264507,0.09187822095056171,0.9502054038913972,0.0
2021-03-27 10:50:00,0.014644351464435146,0.014608233731739695,0.16068503350707353,0.09480449919657197,0.40210179162686,0.9995545657015591,0.5,0.14086487229268796,0.29288203972908655,0.18566209083264507,0.09187822095056171,0.9502054038913972,0.0
2021-03-27 11:00:00,0.030683403068340307,-0.003984063745020028,0.16753536857781093,0.10373147652204961,0.40210179162686,0.9995545657015591,0.5,0.15188213151590113,0.3022324263592387,0.17902375190490666,0.13043577819850308,0.6811638362340411,0.0
2021-03-27 11:10:00,0.027196652719665274,-0.02257636122177964,0.17766195085629177,0.11265845384752704,0.40210179162686,0.9995545657015591,0.5,0.15188213151590113,0.3022324263592387,0.17902375190490666,0.13043577819850308,0.6811638362340411,0.0
2021-03-27 11:20:00,0.016736401673640166,-0.04116865869853925,0.18481012658227836,0.11944295661489024,0.40210179162686,0.9995545657015591,0.5,0.15188213151590113,0.3022324263592387,0.17902375190490666,0.13043577819850308,0.6811638362340411,0.0
2021-03-27 11:30:00,0.02580195258019526,-0.059760956175298974,0.19344750558451218,0.13194072487055908,0.40210179162686,0.9995545657015591,0.5,0.15188213151590113,0.3022324263592387,0.17902375190490666,0.13043577819850308,0.6811638362340411,0.0
2021-03-27 11:40:00,0.013947001394700141,0.0026560424966797225,0.20357408786299303,0.14372433494018932,0.40210179162686,0.9995545657015591,0.5,0.15188213151590113,0.3022324263592387,0.17902375190490666,0.13043577819850308,0.6811638362340411,0.0
2021-03-27 11:50:00,0.010460251046025104,0.06507304116865864,0.21608339538346977,0.15479378682378164,0.40210179162686,0.9995545657015591,0.5,0.15188213151590113,0.3022324263592387,0.17902375190490666,0.13043577819850308,0.6811638362340411,0.0
2021-03-27 12:00:00,0.02510460251046025,0.12749003984063734,0.22740134028294823,0.1680057132654884,0.40210179162686,0.9995545657015591,0.5,0.17055369130314846,0.3034364251293791,0.16908418771178754,0.25144135300346465,0.6415425839745074,0.0
2021-03-27 12:10:00,0.044630404463040445,0.18990703851261626,0.23991064780342497,0.18264595607927148,0.40210179162686,0.9995545657015591,0.5,0.17055369130314846,0.3034364251293791,0.16908418771178754,0.25144135300346465,0.6415425839745074,0.0
2021-03-27 12:20:00,0.0502092050209205,0.25232403718459473,0.2497393894266564,0.19657204070701662,0.40210179162686,0.9995545657015591,0.5,0.17055369130314846,0.3034364251293791,0.16908418771178754,0.25144135300346465,0.6415425839745074,0.0
2021-03-27 12:30:00,0.04951185495118549,0.31474103585657365,0.25807892777364083,0.20692733440457056,0.40210179162686,0.9995545657015591,0.5,0.17055369130314846,0.3034364251293791,0.16908418771178754,0.25144135300346465,0.6415425839745074,0.0
2021-03-27 12:40:00,0.04672245467224547,-0.601593625498008,0.2685033507073715,0.21692554900910554,0.40210179162686,0.9995545657015591,0.5,0.17055369130314846,0.3034364251293791,0.16908418771178754,0.25144135300346465,0.6415425839745074,0.0
2021-03-27 12:50:00,0.0885634588563459,-0.5776892430278885,0.2765450483991063,0.22478128905552563,0.40210179162686,0.9995545657015591,0.5,0.17055369130314846,0.3034364251293791,0.16908418771178754,0.25144135300346465,0.6415425839745074,0.0
2021-03-27 13:00:00,0.11645746164574616,-0.553784860557769,0.2839910647803423,0.23120871272986965,0.40210179162686,0.9995545657015591,0.5,0.27334894702628865,0.2941348880913323,0.1143775893066273,0.29915969260134545,0.6598369476450762,0.0
2021-03-27 13:10:00,0.10320781032078104,-0.38645418326693237,0.2905435591958301,0.2340653454740227,0.40210179162686,0.9995545657015591,0.5,0.27334894702628865,0.2941348880913323,0.1143775893066273,0.29915969260134545,0.6598369476450762,0.0
2021-03-27 13:20:00,0.11854951185495119,-0.21912350597609564,0.29590469099032,0.23870737368327077,0.40210179162686,0.9995545657015591,0.5,0.27334894702628865,0.2941348880913323,0.1143775893066273,0.29915969260134545,0.6598369476450762,0.0
2021-03-27 13:30:00,0.18619246861924685,-0.05179282868525903,0.30424422933730444,0.24584895554365294,0.40210179162686,0.9995545657015591,0.5,0.27334894702628865,0.2941348880913323,0.1143775893066273,0.29915969260134545,0.6598369476450762,0.0
2021-03-27 13:40:00,0.2085076708507671,0.11553784860557759,0.310796723752792,0.24370648098553827,0.37111148918349457,0.25523385300668155,0.5,0.27334894702628865,0.2941348880913323,0.1143775893066273,0.29915969260134545,0.6598369476450762,0.014816603044796837
2021-03-27 13:50:00,0.2594142259414226,0.01195219123505975,0.32181682799702127,0.2258525263345832,0.38002381856015494,0.00011135857461024499,0.5,0.27334894702628865,0.2941348880913323,0.1143775893066273,0.29915969260134545,0.6598369476450762,0.1055343482656125
2021-03-27 14:00:00,0.23082287308228733,-0.3545816733067729,0.33164556962025293,0.23370826638100328,0.37007760662731803,0.00011135857461024499,0.5,0.2911491907039603,0.2764657032760828,0.1191482098220836,0.3262032891034888,0.69640138009067,0.10420658750396065
2021-03-27 14:10:00,0.2189679218967922,-0.1872509960159363,0.3447505584512285,0.24727727191572946,0.36757796652314456,0.00011135857461024499,0.5,0.2911491907039603,0.2764657032760828,0.1191482098220836,0.3262032891034888,0.69640138009067,0.09141180198258823
2021-03-27 14:20:00,0.4086471408647141,-0.13147410358565736,0.35517498138495895,0.2722728084270667,0.36437162188690114,0.00011135857461024499,0.5,0.2911491907039603,0.2764657032760828,0.1191482098220836,0.3262032891034888,0.69640138009067,0.2795841694705554
2021-03-27 14:30:00,0.3800557880055788,-0.11553784860557781,0.3736411020104242,0.2737011247991432,0.366740390781432,0.00011135857461024499,0.5,0.2911491907039603,0.2764657032760828,0.1191482098220836,0.3262032891034888,0.69640138009067,0.27483893356669736
2021-03-27 14:40:00,0.3668061366806137,-0.059760956175298974,0.34772896500372297,0.26013211926441704,0.3520828153014618,0.00011135857461024499,0.5,0.2911491907039603,0.2764657032760828,0.1191482098220836,0.3262032891034888,0.69640138009067,0.26358314347360323
2021-03-27 14:50:00,0.4511854951185495,0.17131474103585642,0.32807148175725986,0.22835207998571683,0.3517163759144626,0.00011135857461024499,0.5,0.2911491907039603,0.2764657032760828,0.1191482098220836,0.3262032891034888,0.69640138009067,0.3938545800202182
2021-03-27 15:00:00,0.45676429567642957,-0.3466135458167332,0.32330603127326873,0.21942510266023918,0.345879519964403,0.00011135857461024499,0.5,0.29552191414714635,0.2664285488510301,0.12664038824397567,0.37395318113102927,0.7210760787209758,0.40842977201744196
2021-03-27 15:10:00,0.41352859135285913,0.06772908366533859,0.31586001489203275,0.2115693626138191,0.34353692531180063,0.00011135857461024499,0.5,0.29552191414714635,0.2664285488510301,0.12664038824397567,0.37395318113102927,0.7210760787209758,0.33176667622252065
2021-03-27 15:20:00,0.4707112970711297,0.003984063745019917,0.31198808637378983,0.2129976789858954,0.34930834565703894,0.00011135857461024499,0.5,0.29552191414714635,0.2664285488510301,0.12664038824397567,0.37395318113102927,0.7210760787209758,0.4486171673431205
2021-03-27 15:30:00,0.42538354253835425,0.12350597609561742,0.31198808637378983,0.2144259953579717,0.3322820012825379,0.00011135857461024499,0.5,0.29552191414714635,0.2664285488510301,0.12664038824397567,0.37395318113102927,0.7210760787209758,0.3596270199314996
2021-03-27 15:40:00,0.4302649930264993,0.15537848605577675,0.3152643335815337,0.21799678628816288,0.35332609179306645,0.00011135857461024499,0.5,0.29552191414714635,0.2664285488510301,0.12664038824397567,0.37395318113102927,0.7210760787209758,0.3520753805996047
2021-03-27 15:50:00,0.33472803347280333,-0.13147410358565736,0.32092330603127306,0.23585074093911795,0.35552472811506197,0.00011135857461024499,0.5,0.29552191414714635,0.2664285488510301,0.12664038824397567,0.37395318113102927,0.7210760787209758,0.2223923834814491
2021-03-27 16:00:00,0.2684797768479777,0.5298804780876492,0.3298585256887563,0.2383502945902518,0.3742393110939525,0.00011135857461024499,0.5,0.3514795263727881,0.24042619832359663,0.13111312238311132,0.4273608848779051,0.7261017373409235,0.15070084644748555
2021-03-27 16:10:00,0.31450488145048816,-0.3067729083665339,0.33581533879374503,0.24763435100874842,0.3563492167358103,0.00011135857461024499,0.5,0.3514795263727881,0.24042619832359663,0.13111312238311132,0.4273608848779051,0.7261017373409235,0.15712841558911841
2021-03-27 16:20:00,0.4100418410041841,-0.26693227091633476,0.33581533879374503,0.2508480628459204,0.3535354857284946,0.00011135857461024499,0.5,0.3514795263727881,0.24042619832359663,0.13111312238311132,0.4273608848779051,0.7261017373409235,0.2936010984202665
2021-03-27 16:30:00,0.3200836820083682,0.3705179282868525,0.3381980640357407,0.26298875200856986,0.35589116750206123,0.11080178173719377,0.5,0.3514795263727881,0.24042619832359663,0.13111312238311132,0.4273608848779051,0.7261017373409235,0.13213482807006957
2021-03-27 16:40:00,0.27266387726638774,0.3227091633466135,0.3384959046909901,0.2572754865202642,0.3830469435028988,0.00011135857461024499,0.5,0.3514795263727881,0.24042619832359663,0.13111312238311132,0.4273608848779051,0.7261017373409235,0.13602003711694857
2021-03-27 16:50:00,0.20571827057182707,0.01195219123505975,0.3381980640357407,0.24906266738082472,0.3908992160814542,0.00011135857461024499,0.5,0.3514795263727881,0.24042619832359663,0.13111312238311132,0.4273608848779051,0.7261017373409235,0.06277441646423344
2021-03-27 17:00:00,0.2894002789400279,-0.1633466135458168,0.3352196574832462,0.26477414747366557,0.36252633783094057,0.00011135857461024499,0.5,0.3544598250363631,0.2370871850278884,0.129135709753921,0.4554864313706202,0.7219148333694874,0.12953211521342245
2021-03-27 17:10:00,0.22594142259414227,-0.019920318725099695,0.33283693224125077,0.25798964470630237,0.36028844014605227,0.00011135857461024499,0.5,0.3544598250363631,0.2370871850278884,0.129135709753921,0.4554864313706202,0.7219148333694874,0.08470510131719904
2021-03-27 17:20:00,0.2712691771269177,0.14741035856573692,0.334326135517498,0.2547759328691306,0.36261794767769046,0.00011135857461024499,0.5,0.3544598250363631,0.2370871850278884,0.129135709753921,0.4554864313706202,0.7219148333694874,0.13658584425969794
2021-03-27 17:30:00,0.25313807531380755,-0.33864541832669326,0.33581533879374503,0.24263524370648093,0.3581814136708065,0.00011135857461024499,0.5,0.3544598250363631,0.2370871850278884,0.129135709753921,0.4554864313706202,0.7219148333694874,0.11838194245364153
2021-03-27 17:40:00,0.22175732217573224,-0.03585657370517936,0.33581533879374503,0.2369219782181753,0.3581814136708065,0.00011135857461024499,0.5,0.3544598250363631,0.2370871850278884,0.129135709753921,0.4554864313706202,0.7219148333694874,0.08521055569805513
2021-03-27 17:50:00,0.1506276150627615,0.019920318725099362,0.33968726731198795,0.24192108552044278,0.37967046629412,0.03351893095768374,0.5,0.3544598250363631,0.2370871850278884,0.129135709753921,0.4554864313706202,0.7219148333694874,0.020316248472320716
2021-03-27 18:00:00,0.16666666666666669,0.01195219123505975,0.34296351451973184,0.24156400642742382,0.38239258745468585,0.5161469933184856,0.5,0.2937060385434971,0.2363774291896434,0.16579361483278862,0.4003449622975922,0.7198146820313112,0.0
2021-03-27 18:10:00,0.10739191073919108,0.12350597609561742,0.35219657483246447,0.25549009105516873,0.38239258745468585,0.9992204899777284,0.5,0.2937060385434971,0.2363774291896434,0.16579361483278862,0.4003449622975922,0.7198146820313112,0.0
2021-03-27 18:20:00,0.18619246861924685,0.7131474103585655,0.3635145197319434,0.2815568648455633,0.4027954090379657,0.4789532293986637,0.5,0.2937060385434971,0.2363774291896434,0.16579361483278862,0.4003449622975922,0.7198146820313112,0.0
2021-03-27 18:30:00,0.12133891213389121,-0.298804780876494,0.37423678332092325,0.2883413676129263,0.4009632121029695,0.5417594654788419,0.5,0.2937060385434971,0.2363774291896434,0.16579361483278862,0.4003449622975922,0.7198146820313112,0.0
2021-03-27 18:40:00,0.1492329149232915,-0.952191235059761,0.3772151898734175,0.2990537404034994,0.4009501249820052,0.9995545657015591,0.5,0.2937060385434971,0.2363774291896434,0.16579361483278862,0.4003449622975922,0.7198146820313112,0.0
2021-03-27 18:50:00,0.11785216178521618,-0.6175298804780878,0.3769173492181681,0.30191037314765223,0.4009501249820052,0.9995545657015591,0.5,0.2937060385434971,0.2363774291896434,0.16579361483278862,0.4003449622975922,0.7198146820313112,0.0
2021-03-27 19:00:00,0.14853556485355648,-0.2828685258964144,0.37453462397617265,0.29476879128727007,0.4009501249820052,0.9995545657015591,0.5,0.2966048889625621,0.26009246940435143,0.15769944976619918,0.3832951503700261,0.7049804884037651,0.0
2021-03-27 19:10:00,0.1631799163179916,0.05179282868525892,0.37125837676842877,0.28548473486877346,0.40089777649814823,0.9995545657015591,0.5,0.2966048889625621,0.26009246940435143,0.15769944976619918,0.3832951503700261,0.7049804884037651,0.0
2021-03-27 19:20:00,0.15202231520223153,0.38645418326693215,0.3655994043186892,0.28262810212462064,0.37905537160879976,0.19977728285077953,0.5,0.2966048889625621,0.26009246940435143,0.15769944976619918,0.3832951503700261,0.7049804884037651,0.0
2021-03-27 19:30:00,0.19177126917712692,-0.21912350597609564,0.3644080416976916,0.2847705766827351,0.3784664511654081,0.7056792873051225,0.5,0.2966048889625621,0.26009246940435143,0.15769944976619918,0.3832951503700261,0.7049804884037651,0.0
2021-03-27 19:40:00,0.11436541143654114,-0.29083665338645437,0.36262099776619494,0.28762720942688813,0.3657065082252555,0.21959910913140313,0.5,0.2966048889625621,0.26009246940435143,0.15769944976619918,0.3832951503700261,0.7049804884037651,0.0
2021-03-27 19:50:00,0.1324965132496513,0.9521912350597608,0.35845122859270284,0.29226923763613644,0.3620290272342987,0.9993318485523385,0.5,0.2966048889625621,0.26009246940435143,0.15769944976619918,0.3832951503700261,0.7049804884037651,0.0
2021-03-27 20:00:00,0.1506276150627615,0.06772908366533859,0.3533879374534623,0.29369755400821274,0.3620290272342987,0.9993318485523385,0.5,0.30395787771623395,0.2504116296511274,0.14661576855002129,0.31008207693386175,0.6650008297490982,0.0
2021-03-27 20:10:00,0.1311018131101813,-0.4183266932270917,0.35547282204020836,0.2911980003570791,0.3620290272342987,0.9993318485523385,0.5,0.30395787771623395,0.2504116296511274,0.14661576855002129,0.31008207693386175,0.6650008297490982,0.0
2021-03-27 20:20:00,0.12831241283124128,-0.5378486055776892,0.35517498138495895,0.2847705766827351,0.3620290272342987,0.9993318485523385,0.5,0.30395787771623395,0.2504116296511274,0.14661576855002129,0.31008207693386175,0.6650008297490982,0.0
2021-03-27 20:30:00,0.1206415620641562,0.17928286852589648,0.35130305286671604,0.28048562756650597,0.3620290272342987,0.9993318485523385,0.5,0.30395787771623395,0.2504116296511274,0.14661576855002129,0.31008207693386175,0.6650008297490982,0.0
2021-03-27 20:40:00,0.10390516039051603,-0.07569721115537853,0.34772896500372297,0.2737011247991432,0.3620290272342987,0.9993318485523385,0.5,0.30395787771623395,0.2504116296511274,0.14661576855002129,0.31008207693386175,0.6650008297490982,0.0
2021-03-27 20:50:00,0.09693165969316596,-0.47410358565737054,0.3465376023827249,0.2690590965898947,0.3620290272342987,0.9993318485523385,0.5,0.30395787771623395,0.2504116296511274,0.14661576855002129,0.31008207693386175,0.6650008297490982,0.0
2021-03-27 21:00:00,0.14435146443514643,0.5378486055776892,0.3414743112434846,0.2640599892876272,0.3620290272342987,0.9993318485523385,0.5,0.3045523298300359,0.2549862502765741,0.12796686397676157,0.31583295475947704,0.6229304329445778,0.0
2021-03-27 21:10:00,0.2629009762900976,0.26693227091633465,0.33611317944899466,0.25870380289234074,0.4540576618549686,0.5341870824053452,0.5,0.3045523298300359,0.2549862502765741,0.12796686397676157,0.31583295475947704,0.6229304329445778,0.027136110566259787
2021-03-27 21:20:00,0.2594142259414226,-0.003984063745020028,0.3420699925539836,0.2547759328691306,0.47595241522817394,0.00011135857461024499,0.5,0.3045523298300359,0.2549862502765741,0.12796686397676157,0.31583295475947704,0.6229304329445778,0.09473874798195453
2021-03-27 21:30:00,0.16875871687587168,-0.019920318725099695,0.3533879374534623,0.2626316729155509,0.4881496119668634,0.00011135857461024499,0.5,0.3045523298300359,0.2549862502765741,0.12796686397676157,0.31583295475947704,0.6229304329445778,0.03474055856481132
2021-03-27 21:40:00,0.13528591352859135,-0.11553784860557781,0.35636634400595657,0.2915550794500983,0.48969389224064597,0.00011135857461024499,0.5,0.3045523298300359,0.2549862502765741,0.12796686397676157,0.31583295475947704,0.6229304329445778,0.014477118759147216
2021-03-27 21:50:00,0.12622036262203626,0.2111553784860556,0.356664184661206,0.3276200678450276,0.49547839970684854,0.00011135857461024499,0.5,0.3045523298300359,0.2549862502765741,0.12796686397676157,0.31583295475947704,0.6229304329445778,0.010705071140818081
2021-03-27 22:00:00,0.199442119944212,-0.298804780876494,0.3569620253164556,0.3547580789144795,0.5028071874468336,0.00011135857461024499,0.5,0.23201586406348018,0.25148919418287535,0.15435739035302137,0.2544566803816375,0.5994933871283614,0.05073404046652685
2021-03-27 22:10:00,0.2894002789400279,0.2828685258964143,0.32747580044676083,0.32690590965898947,0.48979858920836006,0.00011135857461024499,0.5,0.23201586406348018,0.25148919418287535,0.15435739035302137,0.2544566803816375,0.5994933871283614,0.11055117159799024
2021-03-27 22:20:00,0.2524407252440725,0.689243027888446,0.29739389426656726,0.2508480628459204,0.49367237701378075,0.00011135857461024499,0.5,0.23201586406348018,0.25148919418287535,0.15435739035302137,0.2544566803816375,0.5994933871283614,0.11324441359747726
2021-03-27 22:30:00,0.35146443514644354,0.4820717131474104,0.2771407297096051,0.21656846991608636,0.5520016751514834,0.00011135857461024499,0.5,0.23201586406348018,0.25148919418287535,0.15435739035302137,0.2544566803816375,0.5994933871283614,0.19487152405811972
2021-03-27 22:40:00,0.4337517433751743,0.3067729083665336,0.2571854058078924,0.18336011426530985,0.5806101215793538,0.00011135857461024499,0.5,0.23201586406348018,0.25148919418287535,0.15435739035302137,0.2544566803816375,0.5994933871283614,0.3437089789821507
2021-03-27 22:50:00,0.5223152022315203,-0.06772908366533881,0.2402084884586746,0.16300660596322092,0.5922838334794729,0.00011135857461024499,0.5,0.23201586406348018,0.25148919418287535,0.15435739035302137,0.2544566803816375,0.5994933871283614,0.5554943645608582
2021-03-27 23:00:00,0.6018131101813111,0.09960159362549792,0.2288905435591957,0.14872344224245682,0.5977673371634974,0.00011135857461024499,0.5,0.1869615102012092,0.2514317240745163,0.19715626936689445,0.06045414368165362,0.37104521600363577,0.7170587081491318
2021-03-27 23:10:00,0.6157601115760112,-0.12350597609561753,0.21906180193596425,0.13979646491697917,0.6035256703877714,0.00011135857461024499,0.5,0.1869615102012092,0.2514317240745163,0.19715626936689445,0.06045414368165362,0.37104521600363577,0.7824282933747757
2021-03-27 23:20:00,0.6206415620641562,0.01195219123505975,0.209530900967982,0.13301196214961597,0.6102131892005077,0.00033407572383073496,0.5,0.1869615102012092,0.2514317240745163,0.19715626936689445,0.06045414368165362,0.37104521600363577,0.8044193309896344
2021-03-27 23:30:00,0.5550906555090656,-0.07569721115537853,0.2014892032762472,0.1344402785216927,0.6148067686589627,0.00044543429844097997,0.5,0.1869615102012092,0.2514317240745163,0.19715626936689445,0.06045414368165362,0.37104521600363577,0.6358314347360322
2021-03-27 23:40:00,0.6576011157601116,-0.2749003984063746,0.19463886820551002,0.13836814854490287,0.6148067686589627,0.0010022271714922048,0.5,0.1869615102012092,0.2514317240745163,0.19715626936689445,0.06045414368165362,0.37104521600363577,0.8575674819318919
2021-03-27 23:50:00,0.6457461645746164,0.14741035856573692,0.19225614296351434,0.13229780396357804,0.6164557459004593,0.0036748329621380848,0.5,0.1869615102012092,0.2514317240745163,0.19715626936689445,0.06045414368165362,0.37104521600363577,0.8311178840321681
2021-03-28 00:00:00,0.6248256624825663,-0.38645418326693237,0.1868950111690244,0.13229780396357804,0.6148591171428198,0.004231625835189309,0.5,0.1804309419279353,0.2552506127750291,0.19996431450562088,0.33704445079186107,0.18867024579876232,0.7816965161368198
2021-03-28 00:10:00,0.5425383542538355,-0.13147410358565736,0.18153387937453447,0.13551151580074983,0.6093101778539739,0.00022271714922048998,0.5,0.1804309419279353,0.2552506127750291,0.19996431450562088,0.33704445079186107,0.18867024579876232,0.5992576610287129
2021-03-28 00:20:00,0.5822873082287308,0.17131474103585642,0.17795979151154118,0.13229780396357804,0.6070199316852286,0.00022271714922048998,0.5,0.1804309419279353,0.2552506127750291,0.19996431450562088,0.33704445079186107,0.18867024579876232,0.7005069631999035
2021-03-28 00:30:00,0.5216178521617852,-0.03585657370517936,0.17438570364854789,0.13336904124263538,0.6117051209904333,0.00011135857461024499,0.5,0.1804309419279353,0.2552506127750291,0.19996431450562088,0.33704445079186107,0.18867024579876232,0.5276943736137726
2021-03-28 00:40:00,0.5188284518828452,0.01195219123505975,0.16962025316455676,0.1362256739867882,0.6009344204368482,0.00011135857461024499,0.5,0.1804309419279353,0.2552506127750291,0.19996431450562088,0.33704445079186107,0.18867024579876232,0.517660726949017
2021-03-28 00:50:00,0.5139470013947002,0.22709163346613526,0.16813104988830951,0.13194072487055908,0.6017327348156678,0.00011135857461024499,0.5,0.1804309419279353,0.2552506127750291,0.19996431450562088,0.33704445079186107,0.18867024579876232,0.5192902515201352
2021-03-28 01:00:00,0.44421199442119946,-0.0916334661354582,0.16574832464631406,0.13086948759150152,0.6121500831032181,0.00011135857461024499,0.5,0.10003665504533843,0.25914421261641246,0.3042012124191101,0.5456317229083955,0.20574921669489657,0.38487710668859487
2021-03-28 01:10:00,0.42538354253835425,-0.3466135458167332,0.16217423678332077,0.13301196214961597,0.6121500831032181,0.00011135857461024499,0.5,0.10003665504533843,0.25914421261641246,0.3042012124191101,0.5456317229083955,0.20574921669489657,0.3306199737465486
2021-03-28 01:20:00,0.36262203626220363,-0.23505976095617542,0.16008935219657472,0.12622745938225322,0.6121500831032181,0.00011135857461024499,0.5,0.10003665504533843,0.25914421261641246,0.3042012124191101,0.5456317229083955,0.20574921669489657,0.2204686391961012
2021-03-28 01:30:00,0.3089260808926081,-0.02788844621513953,0.16008935219657472,0.11730048205677557,0.6091400452814386,0.00011135857461024499,0.5,0.10003665504533843,0.25914421261641246,0.3042012124191101,0.5456317229083955,0.20574921669489657,0.15843354406506027
2021-03-28 01:40:00,0.2907949790794979,0.3067729083665336,0.16008935219657472,0.10658810926620266,0.6145057648767847,0.00011135857461024499,0.5,0.10003665504533843,0.25914421261641246,0.3042012124191101,0.5456317229083955,0.20574921669489657,0.13705357816437075
2021-03-28 01:50:00,0.23361227336122734,0.40239043824701204,0.16008935219657472,0.09516157828959115,0.6352095902422425,0.00011135857461024499,0.5,0.10003665504533843,0.25914421261641246,0.3042012124191101,0.5456317229083955,0.20574921669489657,0.09983101226669887
2021-03-28 02:00:00,0.2315202231520223,-0.003984063745020028,0.15651526433358143,0.09123370826638122,0.6572221277041265,0.00011135857461024499,0.5,0.1000610695068378,0.24675365725402162,0.3342540038706207,0.6122099080398253,0.22356537339291144,0.08369419255548682
2021-03-28 02:10:00,0.21827057182705717,-0.553784860557769,0.1511541325390915,0.08909123370826633,0.6390833780476634,0.00011135857461024499,0.5,0.1000610695068378,0.24675365725402162,0.3342540038706207,0.6122099080398253,0.22356537339291144,0.07618027369977519
2021-03-28 02:20:00,0.1924686192468619,-0.01195219123505975,0.14668652271034976,0.08052133547580786,0.6385206318462001,0.00011135857461024499,0.5,0.1000610695068378,0.24675365725402162,0.3342540038706207,0.6122099080398253,0.22356537339291144,0.061665434464444675
2021-03-28 02:30:00,0.16875871687587168,0.6015936254980081,0.14400595681310469,0.07337975361542592,0.6385206318462001,0.00011135857461024499,0.5,0.1000610695068378,0.24675365725402162,0.3342540038706207,0.6122099080398253,0.22356537339291144,0.05819515065558188
2021-03-28 02:40:00,0.15341701534170155,0.43426294820717115,0.13894266567386415,0.06838064631315843,0.6385206318462001,0.00011135857461024499,0.5,0.1000610695068378,0.24675365725402162,0.3342540038706207,0.6122099080398253,0.22356537339291144,0.0458454667531723
2021-03-28 02:50:00,0.1771269177126918,-0.601593625498008,0.13387937453462384,0.06123906445277627,0.6231432647131957,0.00011135857461024499,0.5,0.1000610695068378,0.24675365725402162,0.3342540038706207,0.6122099080398253,0.22356537339291144,0.05142809722829941
2021-03-28 03:00:00,0.32147838214783825,-0.2270916334661356,0.1291139240506327,0.050883770755222324,0.5904123751815837,0.00011135857461024499,0.5,0.09263480401557844,0.2301505429488499,0.3399496066035665,0.5706511722825987,0.2342941134146939,0.17093410987220303
2021-03-28 03:10:00,0.5132496513249651,0.2589641434262948,0.13090096798212936,0.04052847705766838,0.6004501969611705,0.00011135857461024499,0.5,0.09263480401557844,0.2301505429488499,0.3399496066035665,0.5706511722825987,0.2342941134146939,0.5070009203796189
2021-03-28 03:20:00,0.4191073919107392,0.019920318725099362,0.1288160833953833,0.04017139796464919,0.6029105757024513,0.00011135857461024499,0.5,0.09263480401557844,0.2301505429488499,0.3399496066035665,0.5706511722825987,0.2342941134146939,0.30420055222777137
2021-03-28 03:30:00,0.4470013947001395,-0.17928286852589637,0.12494415487714061,0.04267095161578305,0.5830705003206345,0.00011135857461024499,0.5,0.09263480401557844,0.2301505429488499,0.3399496066035665,0.5706511722825987,0.2342941134146939,0.3613470736454577
2021-03-28 03:40:00,0.46373779637377965,-0.043824701195219196,0.12315711094564374,0.04017139796464919,0.5994948371307797,0.00011135857461024499,0.5,0.09263480401557844,0.2301505429488499,0.3399496066035665,0.5706511722825987,0.2342941134146939,0.38688383602154597
2021-03-28 03:50:00,0.5460251046025105,-0.17928286852589637,0.11839166046165284,0.035529369755400886,0.6012615984609546,0.00011135857461024499,0.5,0.09263480401557844,0.2301505429488499,0.3399496066035665,0.5706511722825987,0.2342941134146939,0.5517147728472924
2021-03-28 04:00:00,0.5557880055788006,-0.33864541832669326,0.11571109456440776,0.039100160685591856,0.6029890984282368,0.00011135857461024499,0.5,0.02767932872237977,0.2162140416715767,0.35630266828329316,0.5182452084529591,0.2400298853335143,0.5743470585572673
2021-03-28 04:10:00,0.5041841004184101,0.1633466135458166,0.11541325390915858,0.04017139796464919,0.6030152726701653,0.00011135857461024499,0.5,0.02767932872237977,0.2162140416715767,0.35630266828329316,0.5182452084529591,0.2400298853335143,0.4902153084780542
2021-03-28 04:20:00,0.4288702928870293,-0.12350597609561753,0.11213700670141469,0.04052847705766838,0.6030152726701653,0.00011135857461024499,0.5,0.02767932872237977,0.2162140416715767,0.35630266828329316,0.5182452084529591,0.2400298853335143,0.3309594580321982
2021-03-28 04:30:00,0.4107391910739191,0.14741035856573692,0.10945644080416961,0.039100160685591856,0.6030937953959509,0.00011135857461024499,0.5,0.02767932872237977,0.2162140416715767,0.35630266828329316,0.5182452084529591,0.2400298853335143,0.2968148829910829
2021-03-28 04:40:00,0.36610878661087864,0.10756972111553775,0.10945644080416961,0.030887341546152358,0.6141393254897854,0.00011135857461024499,0.5,0.02767932872237977,0.2162140416715767,0.35630266828329316,0.5182452084529591,0.2400298853335143,0.23176214976537862
2021-03-28 04:50:00,0.33472803347280333,-0.043824701195219196,0.10707371556217415,0.026959471522942202,0.6141916739736426,0.00011135857461024499,0.5,0.02767932872237977,0.2162140416715767,0.35630266828329316,0.5182452084529591,0.2400298853335143,0.20305686738989395
2021-03-28 05:00:00,0.36192468619246865,-0.20318725099601598,0.10647803425167512,0.02231744331369412,0.6141916739736426,0.00011135857461024499,0.5,0.027622328292458587,0.21152448082940772,0.3460363040936741,0.4673897165515002,0.24424515474588726,0.2226564268147321
2021-03-28 05:10:00,0.2914923291492329,-0.26693227091633476,0.10647803425167512,0.02053204784859841,0.6141916739736426,0.00011135857461024499,0.5,0.027622328292458587,0.21152448082940772,0.3460363040936741,0.4673897165515002,0.24424515474588726,0.1486488525431145
2021-03-28 05:20:00,0.22594142259414227,-0.3545816733067729,0.10230826507818302,0.013390465988216471,0.6141916739736426,0.00011135857461024499,0.5,0.027622328292458587,0.21152448082940772,0.3460363040936741,0.4673897165515002,0.24424515474588726,0.08343014922220379
2021-03-28 05:30:00,0.1680613668061367,-0.38645418326693237,0.09903201787043914,0.011605070523120764,0.5981861250343538,0.00011135857461024499,0.5,0.027622328292458587,0.21152448082940772,0.3460363040936741,0.4673897165515002,0.24424515474588726,0.046977081038671036
2021-03-28 05:40:00,0.18131101813110181,0.3784860557768923,0.09456440804169763,0.011605070523120764,0.5877556896258392,0.00011135857461024499,0.5,0.027622328292458587,0.21152448082940772,0.3460363040936741,0.4673897165515002,0.24424515474588726,0.05755390256046593
2021-03-28 05:50:00,0.14853556485355648,0.4661354581673305,0.09456440804169763,0.008034279592929794,0.6002931515095995,0.00011135857461024499,0.5,0.027622328292458587,0.21152448082940772,0.3460363040936741,0.4673897165515002,0.24424515474588726,0.04035336542088508
2021-03-28 06:00:00,0.12482566248256625,0.2111553784860556,0.09247952345495158,0.008748437778968166,0.6002931515095995,0.00011135857461024499,0.5,0.008136486178646374,0.2307396115595396,0.3530410090244735,0.39152798390040333,0.2416526138536249,0.02560465923321816
2021-03-28 06:10:00,0.1206415620641562,-0.3784860557768924,0.09009679821295591,0.010890912337082836,0.5979505568569969,0.00011135857461024499,0.5,0.008136486178646374,0.2307396115595396,0.3530410090244735,0.39152798390040333,0.2416526138536249,0.016627185901594822
2021-03-28 06:20:00,0.16387726638772665,0.5617529880478087,0.09069247952345472,0.00839135868594898,0.5968512386959993,0.00011135857461024499,0.5,0.008136486178646374,0.2307396115595396,0.3530410090244735,0.39152798390040333,0.2416526138536249,0.05590928979887442
2021-03-28 06:30:00,0.35006973500697347,0.20318725099601576,0.09158600148920315,0.0016068559185860032,0.6302364842758242,0.00011135857461024499,0.5,0.008136486178646374,0.2307396115595396,0.3530410090244735,0.39152798390040333,0.2416526138536249,0.2199782730057184
2021-03-28 06:40:00,0.24895397489539747,-0.8007968127490039,0.09128816083395375,-0.001963935011604967,0.6179476776903849,0.00011135857461024499,0.5,0.008136486178646374,0.2307396115595396,0.3530410090244735,0.39152798390040333,0.2416526138536249,0.08515020293616188
2021-03-28 06:50:00,0.22663877266387727,0.5537848605577689,0.0856291883842144,0.006605963220853273,0.5693944589129838,0.00011135857461024499,0.5,0.008136486178646374,0.2307396115595396,0.3530410090244735,0.39152798390040333,0.2416526138536249,0.09155513979208474
2021-03-28 07:00:00,0.22733612273361226,0.20318725099601576,0.08384214445271776,-0.005177646848776973,0.6077920718221198,0.00011135857461024499,0.5,0.007908517812050597,0.22696669894571153,0.34329635813931725,0.36760098089809995,0.2445050872315585,0.08661375741207357
2021-03-28 07:10:00,0.22454672245467225,-0.24302788844621515,0.08294862248696933,-0.01696125691840733,0.6075303294028347,0.00011135857461024499,0.5,0.007908517812050597,0.22696669894571153,0.34329635813931725,0.36760098089809995,0.2445050872315585,0.08224572627004843
2021-03-28 07:20:00,0.201534170153417,0.31474103585657365,0.0856291883842144,-0.018032494197464666,0.5987488712358168,0.00011135857461024499,0.5,0.007908517812050597,0.22696669894571153,0.34329635813931725,0.36760098089809995,0.2445050872315585,0.07036377627231166
2021-03-28 07:30:00,0.11018131101813111,0.019920318725099362,0.08413998510796716,-0.01481878236029266,0.6078967687898339,0.00011135857461024499,0.5,0.007908517812050597,0.22696669894571153,0.34329635813931725,0.36760098089809995,0.2445050872315585,0.007936388188964498
2021-03-28 07:40:00,0.1199442119944212,-0.3705179282868527,0.0826507818317197,-0.005534725941796048,0.6078967687898339,0.00011135857461024499,0.5,0.007908517812050597,0.22696669894571153,0.34329635813931725,0.36760098089809995,0.2445050872315585,0.017358963139550675
2021-03-28 07:50:00,0.14783821478382148,0.6254980079681274,0.08354430379746813,-0.00910551687198713,0.6098467498135085,0.00011135857461024499,0.5,0.007908517812050597,0.22696669894571153,0.34329635813931725,0.36760098089809995,0.2445050872315585,0.03907841332588983
2021-03-28 08:00:00,0.12761506276150628,0.17131474103585642,0.08533134772896478,-0.00981967505802539,0.6242949313580505,0.00011135857461024499,0.5,0.011067955919222827,0.24975072340498786,0.3289427747462862,0.31290473559327303,0.23278887496719508,0.025582026947508184
2021-03-28 08:10:00,0.12133891213389121,-0.5936254980079682,0.09575577066269525,0.008034279592929794,0.6040884165892345,0.00011135857461024499,0.5,0.011067955919222827,0.24975072340498786,0.3289427747462862,0.31290473559327303,0.23278887496719508,0.012221434283386394
2021-03-28 08:20:00,0.18549511854951187,0.019920318725099362,0.1276247207743857,0.08266381003392254,0.5649186635432071,0.00011135857461024499,0.5,0.011067955919222827,0.24975072340498786,0.3289427747462862,0.31290473559327303,0.23278887496719508,0.048689590657392465
2021-03-28 08:30:00,0.17503486750348674,0.6573705179282865,0.15055845122859246,0.13372612033565434,0.6063001400321942,0.00011135857461024499,0.5,0.011067955919222827,0.24975072340498786,0.3289427747462862,0.31290473559327303,0.23278887496719508,0.023235813328907465
2021-03-28 08:40:00,0.2189679218967922,0.6733067729083664,0.16813104988830951,0.17336189966077487,0.6127259164256456,0.00011135857461024499,0.5,0.011067955919222827,0.24975072340498786,0.3289427747462862,0.31290473559327303,0.23278887496719508,0.056693875703486885
2021-03-28 08:50:00,0.2684797768479777,-0.298804780876494,0.1285182427401339,0.1344402785216927,0.6127259164256456,0.00011135857461024499,0.5,0.011067955919222827,0.24975072340498786,0.3289427747462862,0.31290473559327303,0.23278887496719508,0.11839703064411486
2021-03-28 09:00:00,0.3451882845188285,0.14741035856573692,0.10737155621742356,0.06659525084806273,0.6147282459331772,0.00011135857461024499,0.5,-0.0022211823470102976,0.26424181122793616,0.3290089717188019,0.25984731806048467,0.21369518861515072,0.2002202875809104
2021-03-28 09:10:00,0.33472803347280333,-0.01195219123505975,0.10409530900967967,0.039100160685591856,0.6294250827760401,0.00011135857461024499,0.5,-0.0022211823470102976,0.26424181122793616,0.3290089717188019,0.25984731806048467,0.21369518861515072,0.2026494862471144
2021-03-28 09:20:00,0.3584379358437936,-0.01195219123505975,0.1005212211466866,0.021960364220674933,0.6331156508879611,0.00011135857461024499,0.5,-0.0022211823470102976,0.26424181122793616,0.3290089717188019,0.25984731806048467,0.21369518861515072,0.21493881738763074
2021-03-28 09:30:00,0.35006973500697347,-0.003984063745020028,0.10022338049143698,0.011605070523120764,0.629320385808326,0.00011135857461024499,0.5,-0.0022211823470102976,0.26424181122793616,0.3290089717188019,0.25984731806048467,0.21369518861515072,0.21858261538693666
2021-03-28 09:40:00,0.36401673640167365,-0.298804780876494,0.0975428145941919,0.008034279592929794,0.6265851775267959,0.00011135857461024499,0.5,-0.0022211823470102976,0.26424181122793616,0.3290089717188019,0.25984731806048467,0.21369518861515072,0.2264209303378246
2021-03-28 09:50:00,0.3179916317991632,-0.23505976095617542,0.09813849590469093,0.005177646848776973,0.6087866930154037,0.00011135857461024499,0.5,-0.0022211823470102976,0.26424181122793616,0.3290089717188019,0.25984731806048467,0.21369518861515072,0.17758800187093562
2021-03-28 10:00:00,0.34797768479776847,0.11553784860557759,0.10111690245718519,0.0008926977325478536,0.6068236248707648,0.00011135857461024499,0.5,0.10166521969846798,0.2593511050065084,0.2955395541494406,0.2438517008343627,0.21959638378638152,0.20876774748404425
2021-03-28 10:10:00,0.2601115760111576,0.4820717131474104,0.10766939687267296,0.0005356186395288898,0.624268757116122,0.00011135857461024499,0.5,0.10166521969846798,0.2593511050065084,0.2955395541494406,0.2438517008343627,0.21959638378638152,0.12100728759599862
2021-03-28 10:20:00,0.1680613668061367,0.3705179282868525,0.11511541325390895,0.006605963220853273,0.6419363704178718,0.00011135857461024499,0.5,0.10166521969846798,0.2593511050065084,0.2955395541494406,0.2438517008343627,0.21959638378638152,0.05750863798904598
2021-03-28 10:30:00,0.2412831241283124,0.4183266932270917,0.11839166046165284,0.011605070523120764,0.6632683775896141,0.00011135857461024499,0.5,0.10166521969846798,0.2593511050065084,0.2955395541494406,0.2438517008343627,0.21959638378638152,0.1026072393137891
2021-03-28 10:40:00,0.2684797768479777,0.06772908366533859,0.12285927029039456,0.011605070523120764,0.6812369946735417,0.00011135857461024499,0.5,0.10166521969846798,0.2593511050065084,0.2955395541494406,0.2438517008343627,0.21959638378638152,0.12560918569036017
2021-03-28 10:50:00,0.24267782426778242,-0.06772908366533881,0.12524199553239002,0.014461703267273585,0.675138396304197,0.00011135857461024499,0.5,0.10166521969846798,0.2593511050065084,0.2955395541494406,0.2438517008343627,0.21959638378638152,0.10170194788539011
2021-03-28 11:00:00,0.27266387726638774,-0.09960159362549814,0.13268801191362622,0.021246206034636783,0.6674300820562484,0.00011135857461024499,0.5,0.10823647874090758,0.2614085348857934,0.30287727296879596,0.12173318413943866,0.21581933808168624,0.13315328092701842
2021-03-28 11:10:00,0.2524407252440725,-0.019920318725099695,0.13477289650037205,0.02231744331369412,0.6590935860020154,0.00011135857461024499,0.5,0.10823647874090758,0.2614085348857934,0.30287727296879596,0.12173318413943866,0.21581933808168624,0.10957798331246134
2021-03-28 11:20:00,0.25592747559274753,0.03585657370517925,0.13894266567386415,0.02517407605784694,0.650586957375247,0.00011135857461024499,0.5,0.10823647874090758,0.2614085348857934,0.30287727296879596,0.12173318413943866,0.21581933808168624,0.11357635378789023
2021-03-28 11:30:00,0.30822873082287305,0.05976095617529875,0.148175725986597,0.031244420639171766,0.6444883590059023,0.00011135857461024499,0.5,0.10823647874090758,0.2614085348857934,0.30287727296879596,0.12173318413943866,0.21581933808168624,0.15872021968405328
2021-03-28 11:40:00,0.299860529986053,0.1633466135458166,0.15681310498883105,0.034101053383324365,0.6455222415620787,0.00011135857461024499,0.5,0.10823647874090758,0.2614085348857934,0.30287727296879596,0.12173318413943866,0.21581933808168624,0.15902198349351962
2021-03-28 11:50:00,0.2768479776847978,-0.0916334661354582,0.16187639612807136,0.03660060703445822,0.6413736242164086,0.00011135857461024499,0.5,0.10823647874090758,0.2614085348857934,0.30287727296879596,0.12173318413943866,0.21581933808168624,0.1465365058768502
2021-03-28 12:00:00,0.301952580195258,-0.11553784860557781,0.1678332092330601,0.041242635243706305,0.6371988326288099,0.00011135857461024499,0.5,0.11704706421103439,0.24705250181749122,0.32260105405363254,0.04909075221508901,0.05850248331792534,0.1462950948292771
2021-03-28 12:10:00,0.2907949790794979,0.2828685258964143,0.1746835443037973,0.05016961256918395,0.628155632042507,0.00011135857461024499,0.5,0.11704706421103439,0.24705250181749122,0.32260105405363254,0.04909075221508901,0.05850248331792534,0.15473693739909775
2021-03-28 12:20:00,0.31311018131101814,-0.12350597609561753,0.18272524199553208,0.05981074808069997,0.6443705749172239,0.00011135857461024499,0.5,0.11704706421103439,0.24705250181749122,0.32260105405363254,0.04909075221508901,0.05850248331792534,0.16505725968284624
2021-03-28 12:30:00,0.30474198047419804,-0.3227091633466136,0.1874906924795232,0.061596143545795234,0.6393582075879127,0.00011135857461024499,0.5,0.11704706421103439,0.24705250181749122,0.32260105405363254,0.04909075221508901,0.05850248331792534,0.16275631063566548
2021-03-28 12:40:00,0.26638772663877264,0.05976095617529875,0.1943410275502604,0.06373861810391013,0.6393058591040557,0.00011135857461024499,0.5,0.11704706421103439,0.24705250181749122,0.32260105405363254,0.04909075221508901,0.05850248331792534,0.11322932540700395
2021-03-28 12:50:00,0.16875871687587168,0.4661354581673305,0.20476545048399108,0.08552044277807536,0.6369370902095248,0.00011135857461024499,0.5,0.11704706421103439,0.24705250181749122,0.32260105405363254,0.04909075221508901,0.05850248331792534,0.05258988789474478
2021-03-28 13:00:00,0.13458856345885634,0.2669322709163344,0.2175725986597168,0.1008748437778968,0.6612398738401539,0.2734966592427617,0.5,0.25720982061707875,0.23218785829020697,0.2653468867196065,0.11090543901427986,0.8229187403175243,0.020821702853176822
2021-03-28 13:10:00,0.14714086471408647,0.2951829047446577,0.23931496649292616,0.12908409212640604,0.6538979989792045,0.9993318485523385,0.5,0.25720982061707875,0.23218785829020697,0.2653468867196065,0.11090543901427986,0.8229187403175243,0.0
2021-03-28 13:20:00,0.13598326359832635,0.32343353857298074,0.2607594936708859,0.1637207641492593,0.6538979989792045,0.9993318485523385,0.5,0.25720982061707875,0.23218785829020697,0.2653468867196065,0.11090543901427986,0.8229187403175243,0.0
2021-03-28 13:30:00,0.05439330543933055,0.35168417240130356,0.2789277736411018,0.18300303517229088,0.6538979989792045,0.9993318485523385,0.5,0.25720982061707875,0.23218785829020697,0.2653468867196065,0.11090543901427986,0.8229187403175243,0.0
2021-03-28 13:40:00,0.056485355648535567,0.37993480622962683,0.29650037230081905,0.20335654347437981,0.6538979989792045,0.9993318485523385,0.5,0.25720982061707875,0.23218785829020697,0.2653468867196065,0.11090543901427986,0.8229187403175243,0.0
2021-03-28 13:50:00,0.07880055788005579,0.4081854400579499,0.3110945644080414,0.2208534190323157,0.6538979989792045,0.9993318485523385,0.5,0.25720982061707875,0.23218785829020697,0.2653468867196065,0.11090543901427986,0.8229187403175243,0.0
2021-03-28 14:00:00,0.1311018131101813,0.4364360738862729,0.3289650037230081,0.23227995000892698,0.6538979989792045,0.9993318485523385,0.5,0.2637403888903527,0.2008896372774117,0.27058190055566145,0.2232308319301273,0.7639698388497311,0.0
2021-03-28 14:10:00,0.1589958158995816,0.4646867077145962,0.34236783320923303,0.23513658275308003,0.6538979989792045,0.9993318485523385,0.5,0.2637403888903527,0.2008896372774117,0.27058190055566145,0.2232308319301273,0.7639698388497311,0.0
2021-03-28 14:20:00,0.06694560669456066,0.492937341542919,0.3489203276247206,0.23906445277629018,0.6538979989792045,0.9993318485523385,0.5,0.2637403888903527,0.2008896372774117,0.27058190055566145,0.2232308319301273,0.7639698388497311,0.0
2021-03-28 14:30:00,0.14853556485355648,0.5211879753712421,0.3605361131794489,0.25049098375290146,0.6538979989792045,0.9993318485523385,0.5,0.2637403888903527,0.2008896372774117,0.27058190055566145,0.2232308319301273,0.7639698388497311,0.0
2021-03-28 14:40:00,0.15411436541143653,0.5494386091995653,0.3590469099032014,0.2562042492412069,0.6538979989792045,0.9993318485523385,0.5,0.2637403888903527,0.2008896372774117,0.27058190055566145,0.2232308319301273,0.7639698388497311,0.0
2021-03-28 14:50:00,0.24267782426778242,0.5776892430278884,0.36291883842144435,0.26334583110158905,0.5715014853882295,0.9993318485523385,0.5,0.2637403888903527,0.2008896372774117,0.27058190055566145,0.2232308319301273,0.7639698388497311,0.0
2021-03-28 15:00:00,0.2775453277545328,0.3306772908366533,0.36708860759493644,0.29476879128727007,0.38353116697857637,0.4194877505567929,0.5,0.27396781360158995,0.1762981779102145,0.27782476241056914,0.39737544470769615,0.749391146762615,0.08469001312672572
2021-03-28 15:10:00,0.3179916317991632,0.08366533864541825,0.37542814594192087,0.280128548473487,0.3728782505136695,0.00011135857461024499,0.5,0.27396781360158995,0.1762981779102145,0.27782476241056914,0.39737544470769615,0.749391146762615,0.18608265310741284
2021-03-28 15:20:00,0.3807531380753138,0.08366533864541825,0.3772151898734175,0.2844134975897161,0.41242753006766036,0.00011135857461024499,0.5,0.27396781360158995,0.1762981779102145,0.27782476241056914,0.39737544470769615,0.749391146762615,0.2490154955716161
2021-03-28 15:30:00,0.4100418410041841,-0.019920318725099695,0.34296351451973184,0.26691662203178,0.4189841776707542,0.00011135857461024499,0.5,0.27396781360158995,0.1762981779102145,0.27782476241056914,0.39737544470769615,0.749391146762615,0.3460702807912247
2021-03-28 15:40:00,0.4609483960948396,0.06772908366533859,0.32032762472077425,0.24120692733440463,0.384015390454254,0.00011135857461024499,0.5,0.27396781360158995,0.1762981779102145,0.27782476241056914,0.39737544470769615,0.749391146762615,0.36974365164385836
2021-03-28 15:50:00,0.4288702928870293,-0.07569721115537853,0.31705137751303036,0.23763613640421344,0.4167070186229731,0.00022271714922048998,0.5,0.27396781360158995,0.1762981779102145,0.27782476241056914,0.39737544470769615,0.749391146762615,0.3441993451725335
2021-03-28 16:00:00,0.46513249651324967,-0.043824701195219196,0.3149664929262843,0.23263702910194617,0.4011071704335763,0.00022271714922048998,0.5,0.35501351967482075,0.14640797455223484,0.20445099819835175,0.45408685057453724,0.7431540386482977,0.39559726601988626
2021-03-28 16:10:00,0.5620641562064157,0.1633466135458166,0.3152643335815337,0.2304945545438315,0.408213477117169,0.0017817371937639199,0.5,0.35501351967482075,0.14640797455223484,0.20445099819835175,0.45408685057453724,0.7431540386482977,0.6119619174072454
2021-03-28 16:20:00,0.5620641562064157,0.17928286852589648,0.3149664929262843,0.23442242456704165,0.3988430985067595,0.0017817371937639199,0.5,0.35501351967482075,0.14640797455223484,0.20445099819835175,0.45408685057453724,0.7431540386482977,0.5712690677007107
2021-03-28 16:30:00,0.5641562064156206,-0.20318725099601598,0.3152643335815337,0.24120692733440463,0.4056614885291385,0.00111358574610245,0.5,0.35501351967482075,0.14640797455223484,0.20445099819835175,0.45408685057453724,0.7431540386482977,0.6059719057893387
2021-03-28 16:40:00,0.4205020920502092,-0.09960159362549814,0.3149664929262843,0.24299232279950012,0.402455143892895,0.00011135857461024499,0.5,0.35501351967482075,0.14640797455223484,0.20445099819835175,0.45408685057453724,0.7431540386482977,0.34361090574407416
2021-03-28 16:50:00,0.4804741980474198,-0.02788844621513953,0.3182427401340282,0.2576325656132834,0.40711415895617126,0.00033407572383073496,0.5,0.35501351967482075,0.14640797455223484,0.20445099819835175,0.45408685057453724,0.7431540386482977,0.44164642334444826
2021-03-28 17:00:00,0.4211994421199442,-0.10756972111553798,0.3182427401340282,0.26370291019460823,0.406747719569172,0.00011135857461024499,0.5,0.36425566076972915,0.1309887444792755,0.19969546856360307,0.44591739312780304,0.7428011869123502,0.318315554415559
2021-03-28 17:10:00,0.4560669456066946,0.06772908366533859,0.32032762472077425,0.2658453847527229,0.39609480310426504,0.00022271714922048998,0.5,0.36425566076972915,0.1309887444792755,0.19969546856360307,0.44591739312780304,0.7428011869123502,0.4019418501139158
2021-03-28 17:20:00,0.4100418410041841,0.25099601593625476,0.32092330603127306,0.2604891983574362,0.39868605305518834,0.00044543429844097997,0.5,0.36425566076972915,0.1309887444792755,0.19969546856360307,0.44591739312780304,0.7428011869123502,0.30826681956033014
2021-03-28 17:30:00,0.36959553695955366,-0.03585657370517936,0.3221146686522709,0.26620246384574187,0.4146130792686917,0.00033407572383073496,0.5,0.36425566076972915,0.1309887444792755,0.19969546856360307,0.44591739312780304,0.7428011869123502,0.2861324441359748
2021-03-28 17:40:00,0.3158995815899582,0.14741035856573692,0.3224125093075203,0.26334583110158905,0.40525578777924637,0.00033407572383073496,0.5,0.36425566076972915,0.1309887444792755,0.19969546856360307,0.44591739312780304,0.7428011869123502,0.18035668482278921
2021-03-28 17:50:00,0.30404463040446306,-0.1394422310756973,0.3262844378257632,0.26977325477593306,0.407454424101242,0.00033407572383073496,0.5,0.36425566076972915,0.1309887444792755,0.19969546856360307,0.44591739312780304,0.7428011869123502,0.1743893054905925
2021-03-28 18:00:00,0.2503486750348675,0.13147410358565725,0.3268801191362618,0.27441528298518114,0.3946159584353038,0.00033407572383073496,0.5,0.2833565081716738,0.13304330085314406,0.23797393132786945,0.3381867391536503,0.7234386853437598,0.11772560616805228
2021-03-28 18:10:00,0.39191073919107394,-0.33067729083665354,0.32479523454951575,0.27441528298518114,0.4020756173849315,0.00033407572383073496,0.5,0.2833565081716738,0.13304330085314406,0.23797393132786945,0.3381867391536503,0.7234386853437598,0.2636887608069164
2021-03-28 18:20:00,0.31311018131101814,0.394422310756972,0.3191362620997764,0.26620246384574187,0.41564696182486816,0.00033407572383073496,0.5,0.2833565081716738,0.13304330085314406,0.23797393132786945,0.3381867391536503,0.7234386853437598,0.17988895091811638
2021-03-28 18:30:00,0.23640167364016737,-0.3705179282868527,0.3149664929262843,0.25370469559007325,0.4506157490413685,0.00033407572383073496,0.5,0.2833565081716738,0.13304330085314406,0.23797393132786945,0.3381867391536503,0.7234386853437598,0.09264148950616352
2021-03-28 18:40:00,0.298465829846583,-0.5617529880478087,0.3149664929262843,0.2479914301017676,0.41073929146327104,0.00033407572383073496,0.5,0.2833565081716738,0.13304330085314406,0.23797393132786945,0.3381867391536503,0.7234386853437598,0.14106703683027297
2021-03-28 18:50:00,0.2719665271966527,0.4501992031872508,0.31258376768428886,0.24656311372969109,0.4026514507073589,0.00033407572383073496,0.5,0.2833565081716738,0.13304330085314406,0.23797393132786945,0.3381867391536503,0.7234386853437598,0.12761591502331127
2021-03-28 19:00:00,0.2175732217573222,-0.20318725099601598,0.31198808637378983,0.23585074093911795,0.4249126434675636,0.00033407572383073496,0.5,0.29103518984411747,0.13262089555669854,0.22447520194198078,0.25626171441925316,0.6792425702079835,0.08324909093652398
2021-03-28 19:10:00,0.26429567642956764,-0.19521912350597614,0.3075204765450483,0.22620960542760238,0.432058211514049,0.00033407572383073496,0.5,0.29103518984411747,0.13262089555669854,0.22447520194198078,0.25626171441925316,0.6792425702079835,0.11378004435927999
2021-03-28 19:20:00,0.22315202231520226,-0.02788844621513953,0.30543559195830206,0.21799678628816288,0.42484720786274227,0.00033407572383073496,0.5,0.29103518984411747,0.13262089555669854,0.22447520194198078,0.25626171441925316,0.6792425702079835,0.07912247084207191
2021-03-28 19:30:00,0.17364016736401675,-0.4103585657370519,0.3030528667163066,0.21371183717193376,0.41651071180850924,0.00033407572383073496,0.5,0.29103518984411747,0.13262089555669854,0.22447520194198078,0.25626171441925316,0.6792425702079835,0.044834557991460085
2021-03-28 19:40:00,0.198744769874477,0.14741035856573692,0.2991809381980639,0.21192644170683805,0.39452434858855406,0.00033407572383073496,0.5,0.29103518984411747,0.13262089555669854,0.22447520194198078,0.25626171441925316,0.6792425702079835,0.06953392579627926
2021-03-28 19:50:00,0.06555090655509065,0.8087649402390438,0.29739389426656726,0.21049812533476153,0.3945112614675898,0.5481069042316259,0.5,0.29103518984411747,0.13262089555669854,0.22447520194198078,0.25626171441925316,0.6792425702079835,0.0
2021-03-28 20:00:00,0.044630404463040445,-0.12350597609561753,0.30930752047654475,0.2290662381717552,0.3945112614675898,0.9985523385300669,0.5,0.307320903081592,0.12275902496213949,0.22383402973309308,0.19614978838968866,0.5256274003458289,0.0
2021-03-28 20:10:00,0.03207810320781032,-0.06917783411807321,0.31764705882352917,0.24299232279950012,0.3945112614675898,0.9985523385300669,0.5,0.307320903081592,0.12275902496213949,0.22383402973309308,0.19614978838968866,0.5256274003458289,0.0
2021-03-28 20:20:00,0.02580195258019526,-0.014849692140528892,0.3206254653760239,0.2383502945902518,0.3945112614675898,0.9985523385300669,0.5,0.307320903081592,0.12275902496213949,0.22383402973309308,0.19614978838968866,0.5256274003458289,0.0
2021-03-28 20:30:00,0.03556485355648536,0.03947844983701554,0.318838421444527,0.23227995000892698,0.3945112614675898,0.9985523385300669,0.5,0.307320903081592,0.12275902496213949,0.22383402973309308,0.19614978838968866,0.5256274003458289,0.0
2021-03-28 20:40:00,0.06206415620641562,0.09380659181455986,0.32092330603127306,0.2258525263345832,0.3945112614675898,0.9985523385300669,0.5,0.307320903081592,0.12275902496213949,0.22383402973309308,0.19614978838968866,0.5256274003458289,0.0
2021-03-28 20:50:00,0.08926080892608089,0.14813473379210418,0.32092330603127306,0.22299589359043037,0.3945112614675898,0.9985523385300669,0.5,0.307320903081592,0.12275902496213949,0.22383402973309308,0.19614978838968866,0.5256274003458289,0.0
2021-03-28 21:00:00,0.11087866108786612,0.2024628757696485,0.32092330603127306,0.222281735404392,0.3945112614675898,0.9985523385300669,0.5,0.28658108486260003,0.1203625214435331,0.2458255009760249,0.2624001808442785,0.43588274088450407,0.0
2021-03-28 21:10:00,0.14016736401673638,0.2567910177471928,0.32449739389426635,0.21942510266023918,0.3945112614675898,0.9985523385300669,0.5,0.28658108486260003,0.1203625214435331,0.2458255009760249,0.2624001808442785,0.43588274088450407,0.0
2021-03-28 21:20:00,0.16108786610878661,0.31111915972473714,0.3256887565152642,0.21335475807891435,0.3945112614675898,0.9985523385300669,0.5,0.28658108486260003,0.1203625214435331,0.2458255009760249,0.2624001808442785,0.43588274088450407,0.0
2021-03-28 21:30:00,0.16527196652719667,0.36544730170228146,0.3241995532390167,0.2115693626138191,0.3945112614675898,0.9985523385300669,0.5,0.28658108486260003,0.1203625214435331,0.2458255009760249,0.2624001808442785,0.43588274088450407,0.0
2021-03-28 21:40:00,0.20711297071129708,0.419775443679826,0.3227103499627697,0.2129976789858954,0.2980199185981076,0.9850779510022272,0.5,0.28658108486260003,0.1203625214435331,0.2458255009760249,0.2624001808442785,0.43588274088450407,0.0
2021-03-28 21:50:00,0.1596931659693166,0.47410358565737054,0.3152643335815337,0.23656489912515632,0.18849380324822343,0.021380846325167038,0.5,0.28658108486260003,0.1203625214435331,0.2458255009760249,0.2624001808442785,0.43588274088450407,0.024314618947749594
2021-03-28 22:00:00,0.16457461645746163,-0.1872509960159363,0.32390171258376776,0.2733440457061238,0.19299577285992853,0.00011135857461024499,0.5,0.15705282762489636,0.1254313850008752,0.32779333153003654,0.28903779973786337,0.37711302149601333,0.04709024246722091
2021-03-28 22:10:00,0.20292887029288703,-0.5378486055776892,0.3307520476545047,0.3076236386359579,0.19299577285992853,0.00011135857461024499,0.5,0.15705282762489636,0.1254313850008752,0.32779333153003654,0.28903779973786337,0.37711302149601333,0.06632014122546283
2021-03-28 22:20:00,0.4351464435146444,-0.4103585657370519,0.3295606850335069,0.3236921978218177,0.17527581107432177,0.00011135857461024499,0.5,0.15705282762489636,0.1254313850008752,0.32779333153003654,0.28903779973786337,0.37711302149601333,0.3873515699262188
2021-03-28 22:30:00,0.5013947001394701,-0.24302788844621515,0.2765450483991063,0.2654883056597035,0.17642747771917655,0.00011135857461024499,0.5,0.15705282762489636,0.1254313850008752,0.32779333153003654,0.28903779973786337,0.37711302149601333,0.49676358314347363
2021-03-28 22:40:00,0.4825662482566248,-0.13147410358565736,0.23603871928518227,0.19764327798607395,0.17227886037350645,0.00011135857461024499,0.5,0.15705282762489636,0.1254313850008752,0.32779333153003654,0.28903779973786337,0.37711302149601333,0.44679149629584924
2021-03-28 22:50:00,0.5327754532775453,-0.17131474103585675,0.2163812360387194,0.16586323870737374,0.17227886037350645,0.00011135857461024499,0.5,0.15705282762489636,0.1254313850008752,0.32779333153003654,0.28903779973786337,0.37711302149601333,0.5647736017019479
2021-03-28 23:00:00,0.5857740585774059,0.1872509960159361,0.20089352196574817,0.14158186038207465,0.17227886037350645,0.00011135857461024499,0.5,0.07841738256293795,0.11678500719813083,0.37589963524453635,0.34619432992398685,0.32576080197447965,0.6937927184392776
2021-03-28 23:10:00,0.5760111576011158,-0.05179282868525903,0.19136262099776613,0.13015532940546337,0.17227886037350645,0.00011135857461024499,0.5,0.07841738256293795,0.11678500719813083,0.37589963524453635,0.34619432992398685,0.32576080197447965,0.6435716764488435
2021-03-28 23:20:00,0.5495118549511855,-0.3705179282868527,0.18272524199553208,0.1233708266381004,0.17227886037350645,0.00011135857461024499,0.5,0.07841738256293795,0.11678500719813083,0.37589963524453635,0.34619432992398685,0.32576080197447965,0.6045536158848469
2021-03-28 23:30:00,0.5488145048814504,-0.33864541832669326,0.17617274758004453,0.12229958935904306,0.17227886037350645,0.00011135857461024499,0.5,0.07841738256293795,0.11678500719813083,0.37589963524453635,0.34619432992398685,0.32576080197447965,0.5969340796958221
2021-03-28 23:40:00,0.5167364016736402,-0.15537848605577698,0.17408786299329848,0.1219425102660241,0.17227886037350645,0.00011135857461024499,0.5,0.07841738256293795,0.11678500719813083,0.37589963524453635,0.34619432992398685,0.32576080197447965,0.5391689424687298
2021-03-28 23:50:00,0.5355648535564853,-0.2589641434262948,0.16902457185405795,0.11872879842885187,0.17141511038986534,0.00011135857461024499,0.5,0.07841738256293795,0.11678500719813083,0.37589963524453635,0.34619432992398685,0.32576080197447965,0.5586025317983615
2021-03-29 00:00:00,0.5317294281729428,-0.003984063745020028,0.16545048399106466,0.11497946795215142,0.1681498763267069,0.00011135857461024499,0.5,0.06424885673947522,0.11033398753473407,0.39623415314859817,0.3983866051497763,0.2942433339764002,0.5689907509392399
2021-03-29 00:10:00,0.5278940027894004,0.25099601593625476,0.16187639612807136,0.11123013747545074,0.16488463702870007,0.00011135857461024499,0.5,0.06424885673947522,0.11033398753473407,0.39623415314859817,0.3983866051497763,0.2942433339764002,0.5793789700801183
2021-03-29 00:20:00,0.5578800557880056,-0.02788844621513953,0.15889798957557688,0.11123013747545074,0.17223959901061367,0.00011135857461024499,0.5,0.06424885673947522,0.11033398753473407,0.39623415314859817,0.3983866051497763,0.2942433339764002,0.6520889599710307
2021-03-29 00:30:00,0.5669456066945607,-0.3227091633466136,0.155621742367833,0.11123013747545074,0.17166376568818628,0.00011135857461024499,0.5,0.06424885673947522,0.11033398753473407,0.39623415314859817,0.3983866051497763,0.2942433339764002,0.6592407622553828
2021-03-29 00:40:00,0.6101813110181311,0.298804780876494,0.1511541325390915,0.10801642563827896,0.16101084922327938,0.00011135857461024499,0.5,0.06424885673947522,0.11033398753473407,0.39623415314859817,0.3983866051497763,0.2942433339764002,0.762594866997601
2021-03-29 00:50:00,0.6429567642956765,-0.03585657370517936,0.14579300074460155,0.1008748437778968,0.17176846265590032,0.00022271714922048998,0.5,0.06424885673947522,0.11033398753473407,0.39623415314859817,0.3983866051497763,0.2942433339764002,0.8512002655521523
2021-03-29 01:00:00,0.6408647140864714,0.3227091633466135,0.14162323157110923,0.09623281556864849,0.17223959901061367,0.000556792873051225,0.5,-0.001553453495620638,0.10266172806868967,0.44020948678704624,0.4449765611528641,0.2589439233372159,0.8529429515518203
2021-03-29 01:10:00,0.6380753138075315,0.003984063745019917,0.13477289650037205,0.09337618282449567,0.18014422007302613,0.000556792873051225,0.5,-0.001553453495620638,0.10266172806868967,0.44020948678704624,0.4449765611528641,0.2589439233372159,0.8810220740226624
2021-03-29 01:20:00,0.6931659693165969,-0.11553784860557781,0.12822040208488428,0.09159078735940018,0.1821727238224863,0.0027839643652561247,0.5,-0.001553453495620638,0.10266172806868967,0.44020948678704624,0.4449765611528641,0.2589439233372159,0.9953905578104019
2021-03-29 01:30:00,0.7866108786610878,0.1394422310756971,0.12196574832464635,0.08444920549901802,0.1821727238224863,0.03652561247216036,0.5,-0.001553453495620638,0.10266172806868967,0.44020948678704624,0.4449765611528641,0.2589439233372159,0.9941941397468202
2021-03-29 01:40:00,0.8200836820083682,0.2350597609561753,0.11809381980640343,0.07480806998750222,0.1821727238224863,0.04844097995545657,0.5,-0.001553453495620638,0.10266172806868967,0.44020948678704624,0.4449765611528641,0.2589439233372159,0.9929977971241909
2021-03-29 01:50:00,0.7914923291492328,0.09163346613545809,0.11094564408041685,0.07445099089448326,0.1821727238224863,0.03997772828507795,0.5,-0.001553453495620638,0.10266172806868967,0.44020948678704624,0.4449765611528641,0.2589439233372159,0.9918013790606093
2021-03-29 02:00:00,0.7845188284518828,0.19521912350597592,0.1085629188384214,0.07230851633636859,0.1821727238224863,0.04198218262806236,0.5,-0.0063170417944229396,0.0852626527627323,0.46807968035739267,0.5265082021281343,0.23001761854254227,0.9906049609970276
2021-03-29 02:10:00,0.7517433751743374,-0.298804780876494,0.09962769918093817,0.07695054454561667,0.1821727238224863,0.018485523385300667,0.5,-0.0063170417944229396,0.0852626527627323,0.46807968035739267,0.5265082021281343,0.23001761854254227,0.989408542933446
2021-03-29 02:20:00,0.7196652719665272,-0.21115537848605592,0.0936708860759492,0.08087841456882705,0.1821727238224863,0.0064587973273942095,0.5,-0.0063170417944229396,0.0852626527627323,0.46807968035739267,0.5265082021281343,0.23001761854254227,0.9882121248698644
2021-03-29 02:30:00,0.795676429567643,-0.1633466135458168,0.09158600148920315,0.08123549366184624,0.1821727238224863,0.03908685968819599,0.5,-0.0063170417944229396,0.0852626527627323,0.46807968035739267,0.5265082021281343,0.23001761854254227,0.9870157822472351
2021-03-29 02:40:00,0.8270571827057183,-0.24302788844621515,0.0895011169024571,0.07945009819675053,0.1821727238224863,0.05066815144766147,0.5,-0.0063170417944229396,0.0852626527627323,0.46807968035739267,0.5265082021281343,0.23001761854254227,0.9858192887427011
2021-03-29 02:50:00,0.7615062761506276,-0.2509960159362551,0.08682055100521202,0.07980717728976972,0.1821727238224863,0.02160356347438753,0.5,-0.0063170417944229396,0.0852626527627323,0.46807968035739267,0.5265082021281343,0.23001761854254227,0.9846229461200717
2021-03-29 03:00:00,0.7482566248256626,-0.07569721115537853,0.08503350707371538,0.0830208891269415,0.17704257240449672,0.013028953229398663,0.5,-0.006154178658492104,0.06986641073311742,0.4966640910718165,0.6110999134541807,0.22265002335648046,0.9834265280564903
2021-03-29 03:10:00,0.710599721059972,0.1633466135458166,0.08354430379746813,0.0830208891269415,0.17220033764772089,0.005011135857461025,0.5,-0.006154178658492104,0.06986641073311742,0.4966640910718165,0.6110999134541807,0.22265002335648046,0.982230185433861
2021-03-29 03:20:00,0.7412831241283124,0.14741035856573692,0.08384214445271776,0.0830208891269415,0.1721872505267566,0.009688195991091315,0.5,-0.006154178658492104,0.06986641073311742,0.4966640910718165,0.6110999134541807,0.22265002335648046,0.981033691929327
2021-03-29 03:30:00,0.7217573221757322,0.25099601593625476,0.08384214445271776,0.0830208891269415,0.1721872505267566,0.004565701559020045,0.5,-0.006154178658492104,0.06986641073311742,0.4966640910718165,0.6110999134541807,0.22265002335648046,0.9798372738657453
2021-03-29 03:40:00,0.7119944211994422,0.15537848605577675,0.0826507818317197,0.0830208891269415,0.1721872505267566,0.0016703786191536749,0.5,-0.006154178658492104,0.06986641073311742,0.4966640910718165,0.6110999134541807,0.22265002335648046,0.978640931243116
2021-03-29 03:50:00,0.694560669456067,-0.03585657370517936,0.0826507818317197,0.08623460096411373,0.1721872505267566,0.0028953229398663697,0.5,-0.006154178658492104,0.06986641073311742,0.4966640910718165,0.6110999134541807,0.22265002335648046,0.9774444377385819
2021-03-29 04:00:00,0.7161785216178521,-0.19521912350597614,0.07877885331347723,0.09230494554543855,0.16850976953579985,0.0036748329621380848,0.5,-0.07574293172989477,0.043910036292372855,0.570269798316086,0.6644770954238269,0.22619509910219307,0.9762480951159528
2021-03-29 04:10:00,0.696652719665272,-0.03585657370517936,0.07758749069247939,0.09230494554543855,0.16712253471358837,0.0010022271714922048,0.5,-0.07574293172989477,0.043910036292372855,0.570269798316086,0.6644770954238269,0.22619509910219307,0.9750516770523712
2021-03-29 04:20:00,0.689679218967922,0.21912350597609564,0.07669396872673095,0.09051955008034285,0.1642695423433799,0.0012249443207126948,0.5,-0.07574293172989477,0.043910036292372855,0.570269798316086,0.6644770954238269,0.22619509910219307,0.9719133334339213
2021-03-29 04:30:00,0.690376569037657,0.06772908366533859,0.07371556217423669,0.08801999642920899,0.16687387941526743,0.0020044543429844097,0.5,-0.07574293172989477,0.043910036292372855,0.570269798316086,0.6644770954238269,0.22619509910219307,0.9750667652428444
2021-03-29 04:40:00,0.7217573221757322,-0.10756972111553798,0.07073715562174243,0.0830208891269415,0.17214798916386387,0.0064587973273942095,0.5,-0.07574293172989477,0.043910036292372855,0.570269798316086,0.6644770954238269,0.22619509910219307,0.9782201970517677
2021-03-29 04:50:00,0.6827057182705718,-0.02788844621513953,0.0656738644825019,0.0830208891269415,0.17214798916386387,0.000556792873051225,0.5,-0.07574293172989477,0.043910036292372855,0.570269798316086,0.6644770954238269,0.22619509910219307,0.9813736288606907
2021-03-29 05:00:00,0.6659693165969317,-0.07569721115537853,0.06269545793000741,0.0830208891269415,0.17214798916386387,0.0013363028953229399,0.5,-0.0718587976945011,0.0055171304025485495,0.5710720244619372,0.7156718347093979,0.22929669324822652,0.9380026253451423
2021-03-29 05:10:00,0.710599721059972,0.027888446215139417,0.05971705137751293,0.0801642563827889,0.17214798916386387,0.003006681514476615,0.5,-0.0718587976945011,0.0055171304025485495,0.5710720244619372,0.7156718347093979,0.22929669324822652,0.9511218069616911
2021-03-29 05:20:00,0.6841004184100419,0.019920318725099362,0.05763216679076688,0.07302267452240674,0.17214798916386387,0.0021158129175946547,0.5,-0.0718587976945011,0.0055171304025485495,0.5710720244619372,0.7156718347093979,0.22929669324822652,0.9642409885782399
2021-03-29 05:30:00,0.689679218967922,0.027888446215139417,0.055845122859270235,0.07230851633636859,0.17214798916386387,0.00155902004454343,0.5,-0.0718587976945011,0.0055171304025485495,0.5710720244619372,0.7156718347093979,0.22929669324822652,0.9502466919142387
2021-03-29 05:40:00,0.705718270571827,0.20318725099601576,0.05554728220402061,0.07016604177825392,0.17396709897789586,0.004565701559020045,0.5,-0.0718587976945011,0.0055171304025485495,0.5710720244619372,0.7156718347093979,0.22929669324822652,0.9436712585059674
2021-03-29 05:50:00,0.7377963737796374,-0.1872509960159363,0.051079672375279106,0.061596143545795234,0.17603486409024882,0.009242761692650333,0.5,-0.0718587976945011,0.0055171304025485495,0.5710720244619372,0.7156718347093979,0.22929669324822652,0.937095825097696
2021-03-29 06:00:00,0.7398884239888424,-0.059760956175298974,0.050483991064780076,0.061596143545795234,0.1720956406800068,0.01224944320712695,0.5,-0.07755877398045452,0.033395879967932085,0.5203700892657298,0.7637713891350812,0.2137755363851432,0.9305203916894247
2021-03-29 06:10:00,0.7608089260808927,-0.11553784860557781,0.04988830975428127,0.05623995715050878,0.1720956406800068,0.019042316258351892,0.5,-0.07755877398045452,0.033395879967932085,0.5203700892657298,0.7637713891350812,0.2137755363851432,0.9239449582811534
2021-03-29 06:20:00,0.8005578800557881,-0.059760956175298974,0.04988830975428127,0.054454561685413294,0.1720956406800068,0.04198218262806236,0.5,-0.07755877398045452,0.033395879967932085,0.5203700892657298,0.7637713891350812,0.2137755363851432,0.917369524872882
2021-03-29 06:30:00,0.7615062761506276,-0.12350597609561753,0.04988830975428127,0.054454561685413294,0.1720956406800068,0.022271714922048998,0.5,-0.07755877398045452,0.033395879967932085,0.5203700892657298,0.7637713891350812,0.2137755363851432,0.9107941669055631
2021-03-29 06:40:00,0.7370990237099024,-0.15537848605577698,0.04988830975428127,0.06052490626673812,0.1720956406800068,0.009910913140311804,0.5,-0.07755877398045452,0.033395879967932085,0.5203700892657298,0.7637713891350812,0.2137755363851432,0.9042186580563393
2021-03-29 06:50:00,0.7119944211994422,0.09163346613545809,0.04988830975428127,0.061596143545795234,0.1720956406800068,0.005567928730512249,0.5,-0.07755877398045452,0.033395879967932085,0.5203700892657298,0.7637713891350812,0.2137755363851432,0.897643224648068
2021-03-29 07:00:00,0.6994421199442119,0.17928286852589648,0.05346239761727456,0.062310301731833606,0.1768070042271401,0.0020044543429844097,0.5,-0.0735362246237189,0.013180769352339304,0.4942957104995881,0.8231326295222577,0.2116563477655532,0.8910677912397966
2021-03-29 07:10:00,0.6520223152022315,-0.3227091633466136,0.055845122859270235,0.07445099089448326,0.1820418526128437,0.00022271714922048998,0.5,-0.0735362246237189,0.013180769352339304,0.4942957104995881,0.8231326295222577,0.2116563477655532,0.8844923578315254
2021-03-29 07:20:00,0.6701534170153417,-0.3545816733067729,0.055845122859270235,0.08266381003392254,0.178874769339493,0.000556792873051225,0.5,-0.0735362246237189,0.013180769352339304,0.4942957104995881,0.8231326295222577,0.2116563477655532,0.9219638788720068
2021-03-29 07:30:00,0.703626220362622,-0.3705179282868527,0.05614296351451942,0.0830208891269415,0.16235882268259805,0.002561247216035635,0.5,-0.0735362246237189,0.013180769352339304,0.4942957104995881,0.8231326295222577,0.2116563477655532,0.9359430873455348
2021-03-29 07:40:00,0.6799163179916318,-0.23505976095617542,0.0588235294117645,0.0830208891269415,0.14935022444412455,0.0006681514476614699,0.5,-0.0735362246237189,0.013180769352339304,0.4942957104995881,0.8231326295222577,0.2116563477655532,0.9499222958190625
2021-03-29 07:50:00,0.6457461645746164,0.08366533864541825,0.0588235294117645,0.0830208891269415,0.14246639881692427,0.00033407572383073496,0.5,-0.0735362246237189,0.013180769352339304,0.4942957104995881,0.8231326295222577,0.2116563477655532,0.8895469016400864
2021-03-29 08:00:00,0.6373779637377964,0.1633466135458166,0.06001489203276256,0.0830208891269415,0.14246639881692427,0.00033407572383073496,0.5,-0.07117479253544523,0.02065763044996209,0.46856943650271,0.8310866444478484,0.20619371586145607,0.8531390980279735
2021-03-29 08:10:00,0.6394700139470014,0.21912350597609564,0.06299329858525682,0.0830208891269415,0.1426234442684954,0.00033407572383073496,0.5,-0.07117479253544523,0.02065763044996209,0.46856943650271,0.8310866444478484,0.20619371586145607,0.8824479080223909
2021-03-29 08:20:00,0.7273361227336123,-0.2270916334661356,0.06686522710349951,0.0830208891269415,0.15216395545144024,0.00044543429844097997,0.5,-0.07117479253544523,0.02065763044996209,0.46856943650271,0.8310866444478484,0.20619371586145607,0.9172375032062405
2021-03-29 08:30:00,0.6680613668061367,0.13147410358565725,0.0743112434847355,0.0830208891269415,0.14238787609113873,0.00022271714922048998,0.5,-0.07117479253544523,0.02065763044996209,0.46856943650271,0.8310866444478484,0.20619371586145607,0.9520270983900901
2021-03-29 08:40:00,0.703626220362622,-0.05179282868525903,0.08175725986597171,0.08694875915015166,0.14237478897017447,0.0020044543429844097,0.5,-0.07117479253544523,0.02065763044996209,0.46856943650271,0.8310866444478484,0.20619371586145607,0.9426875084871071
2021-03-29 08:50:00,0.6638772663877266,-0.06772908366533881,0.09337304542069957,0.09516157828959115,0.14237478897017447,0.00033407572383073496,0.5,-0.07117479253544523,0.02065763044996209,0.46856943650271,0.8310866444478484,0.20619371586145607,0.9333479185841242
2021-03-29 09:00:00,0.6213389121338913,0.3067729083665336,0.10409530900967967,0.10801642563827896,0.14321236471188703,0.00011135857461024499,0.5,-0.07842191858310743,0.0444588758272108,0.46152541919359663,0.7625501564134672,0.1980655094391303,0.79038731384945
2021-03-29 09:10:00,0.6673640167364017,-0.10756972111553798,0.11154132539091588,0.11587216568469927,0.15360353875750873,0.00022271714922048998,0.5,-0.07842191858310743,0.0444588758272108,0.46152541919359663,0.7625501564134672,0.1980655094391303,0.9140425788735157
2021-03-29 09:20:00,0.6743375174337517,-0.15537848605577698,0.11779597915115403,0.12372790573111936,0.1605789742314588,0.00044543429844097997,0.5,-0.07842191858310743,0.0444588758272108,0.46152541919359663,0.7625501564134672,0.1980655094391303,0.9315599680130362
2021-03-29 09:30:00,0.7322175732217573,0.14741035856573692,0.12792256142963487,0.12551330119621507,0.15762128489353627,0.010801781737193764,0.5,-0.07842191858310743,0.0444588758272108,0.46152541919359663,0.7625501564134672,0.1980655094391303,0.9322967243538481
2021-03-29 09:40:00,0.7398884239888424,-0.19521912350597614,0.13775130305286676,0.12979825031244419,0.1635890120532384,0.008017817371937639,0.5,-0.07842191858310743,0.0444588758272108,0.46152541919359663,0.7625501564134672,0.1980655094391303,0.9330335561356127
2021-03-29 09:50:00,0.6799163179916318,-0.003984063745020028,0.14519731943410275,0.1390823067309408,0.1635890120532384,0.001893095768374165,0.5,-0.07842191858310743,0.0444588758272108,0.46152541919359663,0.7625501564134672,0.1980655094391303,0.9337703879173771
2021-03-29 10:00:00,0.6331938633193863,0.003984063745019917,0.15383469843633635,0.15265131226566697,0.1635890120532384,0.00033407572383073496,0.5,0.14184201775518357,0.03379529722103315,0.2903714981706429,0.8512140206950709,0.21891056538305256,0.8450367397438027
2021-03-29 10:10:00,0.7099023709902371,0.11553784860557759,0.16217423678332077,0.16264952687020195,0.15542264857154076,0.0028953229398663697,0.5,0.14184201775518357,0.03379529722103315,0.2903714981706429,0.8512140206950709,0.21891056538305256,0.9209529701102946
2021-03-29 10:20:00,0.701534170153417,0.17131474103585642,0.1708116157855546,0.16264952687020195,0.1664420044234469,0.005790645879732739,0.5,0.14184201775518357,0.03379529722103315,0.2903714981706429,0.8512140206950709,0.21891056538305256,0.996869200476787
2021-03-29 10:30:00,0.697350069735007,-0.1394422310756973,0.17647058823529393,0.17264774147473672,0.17352213686511103,0.00623608017817372,0.5,0.14184201775518357,0.03379529722103315,0.2903714981706429,0.8512140206950709,0.21891056538305256,0.9615326583882795
2021-03-29 10:40:00,0.6471408647140864,-0.1394422310756973,0.18361876396128052,0.18264595607927148,0.17352213686511103,0.005011135857461025,0.5,0.14184201775518357,0.03379529722103315,0.2903714981706429,0.8512140206950709,0.21891056538305256,0.8650285921209471
2021-03-29 10:50:00,0.6959553695955369,-0.1872509960159363,0.1898734177215189,0.19800035707909291,0.16985774299511852,0.0022271714922049,0.5,0.14184201775518357,0.03379529722103315,0.2903714981706429,0.8512140206950709,0.21891056538305256,0.9701631033390166
2021-03-29 11:00:00,0.6206415620641562,-0.10756972111553798,0.19761727475800428,0.20014283163720759,0.17307717475232623,0.00022271714922048998,0.5,0.14211071024403443,0.054832230386168336,0.2834676104681001,0.8501959349919249,0.24415789574611665,0.7894669342305778
2021-03-29 11:10:00,0.7064156206415622,0.1633466135458166,0.20804169769173497,0.21085520442778072,0.1718077240187931,0.00601336302895323,0.5,0.14211071024403443,0.054832230386168336,0.2834676104681001,0.8501959349919249,0.24415789574611665,0.9609215866741102
2021-03-29 11:20:00,0.6694560669456067,0.043824701195219085,0.21846612062546522,0.2147830744509911,0.1786261140411721,0.005790645879732739,0.5,0.14211071024403443,0.054832230386168336,0.2834676104681001,0.8501959349919249,0.24415789574611665,0.8818896449748782
2021-03-29 11:30:00,0.6206415620641562,0.003984063745019917,0.22382725241995538,0.22442420996250667,0.1775660572430671,0.00044543429844097997,0.5,0.14211071024403443,0.054832230386168336,0.2834676104681001,0.8501959349919249,0.24415789574611665,0.7965131191816165
2021-03-29 11:40:00,0.6576011157601116,0.10756972111553775,0.23097542814594174,0.23299410819496535,0.17628351938856973,0.00311804008908686,0.5,0.14211071024403443,0.054832230386168336,0.2834676104681001,0.8501959349919249,0.24415789574611665,0.8625918493595064
2021-03-29 11:50:00,0.6492329149232915,0.019920318725099362,0.23991064780342497,0.24084984824138544,0.17892711782335002,0.000556792873051225,0.5,0.14211071024403443,0.054832230386168336,0.2834676104681001,0.8501959349919249,0.24415789574611665,0.8285528916517042
2021-03-29 12:00:00,0.6729428172942817,0.01195219123505975,0.24646314221891252,0.25049098375290146,0.17590399288060618,0.0016703786191536749,0.5,0.19854877372363555,0.045418626636819955,0.27871677295592434,0.8018739766207892,0.2576292513805671,0.8879701857356247
2021-03-29 12:10:00,0.6338912133891214,-0.15537848605577698,0.2482501861504094,0.24763435100874842,0.1707607543416524,0.00011135857461024499,0.5,0.19854877372363555,0.045418626636819955,0.27871677295592434,0.8018739766207892,0.2576292513805671,0.7971920877529158
2021-03-29 12:20:00,0.5857740585774059,0.003984063745019917,0.2530156366344005,0.2540617746830922,0.17760531860595988,0.00011135857461024499,0.5,0.19854877372363555,0.045418626636819955,0.27871677295592434,0.8018739766207892,0.2576292513805671,0.677535193204279
2021-03-29 12:30:00,0.5488145048814504,-0.043824701195219196,0.26284437825763196,0.26655954293876083,0.17298556490557643,0.00011135857461024499,0.5,0.19854877372363555,0.045418626636819955,0.27871677295592434,0.8018739766207892,0.2576292513805671,0.6078956500746865
2021-03-29 12:40:00,0.5690376569037657,0.09960159362549792,0.2750558451228593,0.28619889305481183,0.17859993979924357,0.00022271714922048998,0.5,0.19854877372363555,0.045418626636819955,0.27871677295592434,0.8018739766207892,0.2576292513805671,0.614949379120962
2021-03-29 12:50:00,0.5774058577405857,-0.17131474103585675,0.2830975428145941,0.2894126048919836,0.17909725039588545,0.00022271714922048998,0.5,0.19854877372363555,0.045418626636819955,0.27871677295592434,0.8018739766207892,0.2576292513805671,0.6465968586387435
2021-03-29 13:00:00,0.502092050209205,-0.019920318725099695,0.2857781087118392,0.2961971076593466,0.16895473164858466,0.00022271714922048998,0.5,0.28742791980449733,0.054148336096688496,0.21441237442072894,0.6986182708453536,0.26331162048920326,0.4527211551518627
2021-03-29 13:10:00,0.47419804741980476,-0.05179282868525903,0.28875651526433344,0.2958400285663274,0.1656436900446271,0.00022271714922048998,0.5,0.28742791980449733,0.054148336096688496,0.21441237442072894,0.6986182708453536,0.26331162048920326,0.4334233595364908
2021-03-29 13:20:00,0.46513249651324967,0.07569721115537842,0.295309009679821,0.29334047491519377,0.17261912551857717,0.00022271714922048998,0.5,0.28742791980449733,0.054148336096688496,0.21441237442072894,0.6986182708453536,0.26331162048920326,0.414412239540112
2021-03-29 13:30:00,0.4818688981868898,-0.17131474103585675,0.29977661950856294,0.3044099267987861,0.1626336522228475,0.00033407572383073496,0.5,0.28742791980449733,0.054148336096688496,0.21441237442072894,0.6986182708453536,0.26331162048920326,0.4451695158199677
2021-03-29 13:40:00,0.39191073919107394,-0.019920318725099695,0.30126582278480996,0.29691126584538474,0.16815641726976482,0.00044543429844097997,0.5,0.28742791980449733,0.054148336096688496,0.21441237442072894,0.6986182708453536,0.26331162048920326,0.2786637898516831
2021-03-29 13:50:00,0.3312412831241283,0.36254980079681287,0.30454206999255384,0.2976254240314231,0.17314261035714754,0.00044543429844097997,0.5,0.28742791980449733,0.054148336096688496,0.21441237442072894,0.6986182708453536,0.26331162048920326,0.19087315358269083
2021-03-29 14:00:00,0.298465829846583,0.06772908366533859,0.31317944899478767,0.29976789858953756,0.16646817866537542,0.00044543429844097997,0.5,0.3151217237677115,0.05053346628085095,0.20289727155608664,0.5285937273205329,0.2447832728441553,0.16576640463509212
2021-03-29 14:10:00,0.30613668061366806,0.05976095617529875,0.3149664929262843,0.2951258703802895,0.19035217442514824,0.00044543429844097997,0.5,0.3151217237677115,0.05053346628085095,0.20289727155608664,0.5285937273205329,0.2447832728441553,0.16395582177829415
2021-03-29 14:20:00,0.3103207810320781,0.13147410358565725,0.3152643335815337,0.2879842885199073,0.18513041316040885,0.00044543429844097997,0.5,0.3151217237677115,0.05053346628085095,0.20289727155608664,0.5285937273205329,0.2447832728441553,0.1779727507280052
2021-03-29 14:30:00,0.23430962343096234,-0.3067729083665339,0.3185405807892776,0.2894126048919836,0.19268168195678634,0.00044543429844097997,0.5,0.3151217237677115,0.05053346628085095,0.20289727155608664,0.5285937273205329,0.2447832728441553,0.09725847579099837
2021-03-29 14:40:00,0.2824267782426778,0.298804780876494,0.32866716306775867,0.2911980003570791,0.19697425763306334,0.00044543429844097997,0.5,0.3151217237677115,0.05053346628085095,0.20289727155608664,0.5285937273205329,0.2447832728441553,0.12925298368966612
2021-03-29 14:50:00,0.18688981868898188,0.019920318725099362,0.33670886075949347,0.2894126048919836,0.19953933334205806,0.00044543429844097997,0.5,0.3151217237677115,0.05053346628085095,0.20289727155608664,0.5285937273205329,0.2447832728441553,0.05560752598940809
2021-03-29 15:00:00,0.23570432357043236,-0.26693227091633476,0.34415487714072945,0.30619532226388135,0.1837955268220544,0.00044543429844097997,0.5,0.3167910125430964,0.05444430715474159,0.19561357555338196,0.3835106109727911,0.2003296632707165,0.0857763628408045
2021-03-29 15:10:00,0.16387726638772665,0.05976095617529875,0.349813849590469,0.3165506159614355,0.1843451859025533,0.02383073496659243,0.5,0.3167910125430964,0.05444430715474159,0.19561357555338196,0.3835106109727911,0.2003296632707165,0.012161081521493129
2021-03-29 15:20:00,0.23500697350069735,-0.0916334661354582,0.3533879374534623,0.3094090341010536,0.17937207993613485,0.00011135857461024499,0.5,0.3167910125430964,0.05444430715474159,0.19561357555338196,0.3835106109727911,0.2003296632707165,0.10315795826606516
2021-03-29 15:30:00,0.16666666666666669,-0.33067729083665354,0.35785554728220403,0.305124084984824,0.17498789441310808,0.48674832962138087,0.5,0.3167910125430964,0.05444430715474159,0.19561357555338196,0.3835106109727911,0.2003296632707165,0.0045113689515216444
2021-03-29 15:40:00,0.201534170153417,-0.5298804780876495,0.38198064035740864,0.3469023388680592,0.11379251678423266,0.008463251670378619,0.5,0.3167910125430964,0.05444430715474159,0.19561357555338196,0.3835106109727911,0.2003296632707165,0.04066267332558806
2021-03-29 15:50:00,0.09553695955369597,0.7928286852589641,0.4025316455696202,0.414747366541689,0.12879035740927355,0.6273942093541204,0.5,0.3167910125430964,0.05444430715474159,0.19561357555338196,0.3835106109727911,0.2003296632707165,0.0010410851426588409
2021-03-29 16:00:00,0.2315202231520223,0.14741035856573692,0.40997766195085616,0.4251026602392429,0.13530774364947457,0.38474387527839643,0.5,0.3566013935587846,0.04117445913444095,0.17512611981626666,0.34073998165149727,0.1486678080397404,0.02418636932872641
2021-03-29 16:10:00,0.3647140864714087,-0.059760956175298974,0.4162323157110943,0.4372433494018926,0.14952035701665992,0.00011135857461024499,0.5,0.3566013935587846,0.04117445913444095,0.17512611981626666,0.34073998165149727,0.1486678080397404,0.238046381097515
2021-03-29 16:20:00,0.5669456066945607,-0.17131474103585675,0.3766195085629187,0.37689698268166416,0.12928766800591537,0.00011135857461024499,0.5,0.3566013935587846,0.04117445913444095,0.17512611981626666,0.34073998165149727,0.1486678080397404,0.6092007785506284
2021-03-29 16:30:00,0.5062761506276151,0.027888446215139417,0.35517498138495895,0.33369041242635245,0.12687963774849173,0.00011135857461024499,0.5,0.3566013935587846,0.04117445913444095,0.17512611981626666,0.34073998165149727,0.1486678080397404,0.4833350936222219
2021-03-29 16:40:00,0.5320781032078103,0.13147410358565725,0.3459419210722261,0.32226388144974116,0.13194435356165998,0.00011135857461024499,0.5,0.3566013935587846,0.04117445913444095,0.17512611981626666,0.34073998165149727,0.1486678080397404,0.5425562412299892
2021-03-29 16:50:00,0.5216178521617852,-0.1872509960159363,0.3384959046909901,0.30798071772897706,0.13946944811610895,0.00011135857461024499,0.5,0.3566013935587846,0.04117445913444095,0.17512611981626666,0.34073998165149727,0.1486678080397404,0.4899663533352445
2021-03-29 17:00:00,0.49581589958159,-0.09960159362549814,0.3307520476545047,0.30619532226388135,0.13919461857585952,0.00011135857461024499,0.5,0.3561698045809134,0.043246256540816805,0.1750341795766615,0.3272008973701937,0.12467850350237976,0.45205727477103674
2021-03-29 17:10:00,0.5209205020920502,0.05976095617529875,0.3256887565152642,0.29369755400821274,0.12869874756252372,0.00011135857461024499,0.5,0.3561698045809134,0.043246256540816805,0.1750341795766615,0.3272008973701937,0.12467850350237976,0.507725153522338
2021-03-29 17:20:00,0.5348675034867504,-0.08366533864541836,0.31764705882352917,0.28762720942688813,0.13262488385180143,0.00011135857461024499,0.5,0.3561698045809134,0.043246256540816805,0.1750341795766615,0.3272008973701937,0.12467850350237976,0.5329978725651433
2021-03-29 17:30:00,0.5160390516039052,-0.14741035856573714,0.3116902457185404,0.2787002321014105,0.1360013610605803,0.00011135857461024499,0.5,0.3561698045809134,0.043246256540816805,0.1750341795766615,0.3272008973701937,0.12467850350237976,0.5112935105692774
2021-03-29 17:40:00,0.5523012552301255,-0.24302788844621515,0.30543559195830206,0.26798785931083735,0.1405687662771067,0.00011135857461024499,0.5,0.3561698045809134,0.043246256540816805,0.1750341795766615,0.3272008973701937,0.12467850350237976,0.5756597311284457
2021-03-29 17:50:00,0.5390516039051604,0.11553784860557759,0.2988830975428145,0.25870380289234074,0.13195744068262424,0.00011135857461024499,0.5,0.3561698045809134,0.043246256540816805,0.1750341795766615,0.3272008973701937,0.12467850350237976,0.5609110249407788
2021-03-29 18:00:00,0.5292887029288703,0.03585657370517925,0.29292628443782553,0.2547759328691306,0.12653937260342096,0.00011135857461024499,0.5,0.2527394059748058,0.10047211694017504,0.2582710390654712,0.42021244235701316,0.09380443259474444,0.5664785672254327
2021-03-29 18:10:00,0.5230125523012552,0.3067729083665336,0.2881608339538346,0.25798964470630237,0.12905209982855873,0.00011135857461024499,0.5,0.2527394059748058,0.10047211694017504,0.2582710390654712,0.42021244235701316,0.09380443259474444,0.5377581966594747
2021-03-29 18:20:00,0.47280334728033474,-0.059760956175298974,0.2842889054355917,0.25691840742724525,0.12612058473256468,0.00011135857461024499,0.5,0.2527394059748058,0.10047211694017504,0.2582710390654712,0.42021244235701316,0.09380443259474444,0.4142311812544322
2021-03-29 18:30:00,0.5,0.3227091633466135,0.2792256142963514,0.25798964470630237,0.11599115310622816,0.00011135857461024499,0.5,0.2527394059748058,0.10047211694017504,0.2582710390654712,0.42021244235701316,0.09380443259474444,0.4799628830514357
2021-03-29 18:40:00,0.4951185495118549,-0.31474103585657376,0.27326880119136243,0.2433494018925193,0.13049168313462722,0.00011135857461024499,0.5,0.2527394059748058,0.10047211694017504,0.2582710390654712,0.42021244235701316,0.09380443259474444,0.4513707621045008
2021-03-29 18:50:00,0.4086471408647141,-0.043824701195219196,0.27029039463886795,0.24513479735761456,0.11324285770373375,0.00011135857461024499,0.5,0.2527394059748058,0.10047211694017504,0.2582710390654712,0.42021244235701316,0.09380443259474444,0.3010622086093215
2021-03-29 19:00:00,0.49302649930264997,-0.01195219123505975,0.26939687267311974,0.24513479735761456,0.10453992226250149,0.00011135857461024499,0.5,0.23797642803754093,0.12376762536385823,0.2792481241337803,0.6468324795135268,0.08879614735930177,0.45453173800866065
2021-03-29 19:10:00,0.48465829846582986,0.12350597609561742,0.26314221891288136,0.22978039635779313,0.09726348300637344,0.00011135857461024499,0.5,0.23797642803754093,0.12376762536385823,0.2792481241337803,0.6468324795135268,0.08879614735930177,0.43323475715557436
2021-03-29 19:20:00,0.39609483960948394,-0.003984063745020028,0.2556962025316454,0.22049633993929652,0.08521024459829084,0.00011135857461024499,0.5,0.23797642803754093,0.12376762536385823,0.2792481241337803,0.6468324795135268,0.08879614735930177,0.29921390527634023
2021-03-29 19:30:00,0.4302649930264993,0.027888446215139417,0.2533134772896499,0.21799678628816288,0.07801232806794835,0.00011135857461024499,0.5,0.23797642803754093,0.12376762536385823,0.2792481241337803,0.6468324795135268,0.08879614735930177,0.35553812031323084
2021-03-29 19:40:00,0.4755927475592748,0.20318725099601576,0.24676098287416215,0.2065702553115516,0.0842941461307927,0.00011135857461024499,0.5,0.23797642803754093,0.12376762536385823,0.2792481241337803,0.6468324795135268,0.08879614735930177,0.41775427372995155
2021-03-29 19:50:00,0.4211994421199442,-0.01195219123505975,0.24199553239017124,0.1951437243349401,0.10202719503736374,0.00011135857461024499,0.5,0.23797642803754093,0.12376762536385823,0.2792481241337803,0.6468324795135268,0.08879614735930177,0.31095251746458047
2021-03-29 20:00:00,0.4595536959553696,-0.19521912350597614,0.23574087862993265,0.18978753793965364,0.11057308502702491,0.00011135857461024499,0.5,0.19990864588791424,0.15315783877910535,0.362247714397347,0.872000110416507,0.09273625218232286,0.387698598307105
2021-03-29 20:10:00,0.5139470013947002,0.13147410358565725,0.22948622486969472,0.18014640242813784,0.11125361531716638,0.00011135857461024499,0.5,0.19990864588791424,0.15315783877910535,0.362247714397347,0.872000110416507,0.09273625218232286,0.47456131086198833
2021-03-29 20:20:00,0.49442119944211993,-0.15537848605577698,0.22084884586746067,0.17193358328869857,0.11296802816348432,0.00011135857461024499,0.5,0.19990864588791424,0.15315783877910535,0.362247714397347,0.872000110416507,0.09273625218232286,0.4461200718197867
2021-03-29 20:30:00,0.4679218967921897,0.25099601593625476,0.21548771407297096,0.1647920014283164,0.11478713797751633,0.00011135857461024499,0.5,0.19990864588791424,0.15315783877910535,0.362247714397347,0.872000110416507,0.09273625218232286,0.391915747544397
2021-03-29 20:40:00,0.5097629009762901,-0.1394422310756973,0.2098287416232314,0.16086413140510625,0.11593880462237113,0.00011135857461024499,0.5,0.19990864588791424,0.15315783877910535,0.362247714397347,0.872000110416507,0.09273625218232286,0.48645080495496174
2021-03-29 20:50:00,0.502092050209205,0.08366533864541825,0.20327624720774362,0.15265131226566697,0.11808509246050963,0.00011135857461024499,0.5,0.19990864588791424,0.15315783877910535,0.362247714397347,0.872000110416507,0.09273625218232286,0.4777147426709115
2021-03-29 21:00:00,0.5669456066945607,-0.19521912350597614,0.19642591213700666,0.1469380467773611,0.12167096360471659,0.00011135857461024499,0.5,0.1824992337127691,0.1746085567244324,0.4219944133305992,0.9423277638847508,0.10184867696733652,0.6095779833124614
2021-03-29 21:10:00,0.4867503486750349,0.06772908366533859,0.19374534623976158,0.142653097661132,0.12167096360471659,0.00011135857461024499,0.5,0.1824992337127691,0.1746085567244324,0.4219944133305992,0.9423277638847508,0.10184867696733652,0.42437044525250084
2021-03-29 21:20:00,0.49721059972105996,-0.10756972111553798,0.1907669396872671,0.14372433494018932,0.12167096360471659,0.00011135857461024499,0.5,0.1824992337127691,0.1746085567244324,0.4219944133305992,0.9423277638847508,0.10184867696733652,0.43834210963079195
2021-03-29 21:30:00,0.4909344490934449,-0.2749003984063746,0.1868950111690244,0.14051062310301732,0.11360929709073302,0.00011135857461024499,0.5,0.1824992337127691,0.1746085567244324,0.4219944133305992,0.9423277638847508,0.10184867696733652,0.43535464791707534
2021-03-29 21:40:00,0.3898186889818689,-0.02788844621513953,0.1862993298585256,0.14301017675415095,0.11044221381738233,0.00011135857461024499,0.5,0.1824992337127691,0.1746085567244324,0.4219944133305992,0.9423277638847508,0.10184867696733652,0.26287399852135734
2021-03-29 21:50:00,0.4783821478382148,0.10756972111553775,0.18391660461653014,0.13801106945188346,0.11040295245448956,0.00011135857461024499,0.5,0.1824992337127691,0.1746085567244324,0.4219944133305992,0.9423277638847508,0.10184867696733652,0.44931122410489316
2021-03-29 22:00:00,0.606694560669456,0.08366533864541825,0.18659717051377522,0.13051240849848234,0.11040295245448956,0.00011135857461024499,0.5,0.13044203183018732,0.18922033177493597,0.4849582597652899,0.8897986642121414,0.11509878960944764,0.7426633673823498
2021-03-29 22:10:00,0.6248256624825663,-0.1394422310756973,0.1871928518242738,0.1312265666845207,0.10535132376228555,0.008463251670378619,0.5,0.13044203183018732,0.18922033177493597,0.4849582597652899,0.8897986642121414,0.11509878960944764,0.7402341687161459
2021-03-29 22:20:00,0.604602510460251,0.03585657370517925,0.19195830230826494,0.12944117121942522,0.10557380481867794,0.004342984409799555,0.5,0.13044203183018732,0.18922033177493597,0.4849582597652899,0.8897986642121414,0.11509878960944764,0.7257117853855788
2021-03-29 22:30:00,0.5013947001394701,0.17928286852589648,0.1871928518242738,0.13801106945188346,0.10906806611613512,0.00011135857461024499,0.5,0.13044203183018732,0.18922033177493597,0.4849582597652899,0.8897986642121414,0.11509878960944764,0.5049489264752479
2021-03-29 22:40:00,0.5041841004184101,0.2669322709163344,0.18838421444527165,0.14443849312622747,0.1171297326301187,0.00011135857461024499,0.5,0.13044203183018732,0.18922033177493597,0.4849582597652899,0.8897986642121414,0.11509878960944764,0.4791858412420598
2021-03-29 22:50:00,0.44072524407252445,0.2350597609561753,0.1898734177215189,0.14836636314943763,0.1382654329873971,0.00011135857461024499,0.5,0.13044203183018732,0.18922033177493597,0.4849582597652899,0.8897986642121414,0.11509878960944764,0.3429772017441948
2021-03-29 23:00:00,0.41283124128312415,0.31474103585657365,0.18778853313477262,0.14515265131226562,0.16950439072908352,0.00011135857461024499,0.5,0.09326180874471302,0.20262523454987852,0.5222419925440904,0.7684937662435197,0.1331092757395177,0.2927863361347074
2021-03-29 23:10:00,0.4093444909344491,0.13147410358565725,0.18451228592702873,0.14051062310301732,0.17950295114577744,0.00011135857461024499,0.5,0.09326180874471302,0.20262523454987852,0.5222419925440904,0.7684937662435197,0.1331092757395177,0.29510237337236145
2021-03-29 23:20:00,0.49721059972105996,-0.1394422310756973,0.18361876396128052,0.13872522763792183,0.16572221277041266,0.00011135857461024499,0.5,0.09326180874471302,0.20262523454987852,0.5222419925440904,0.7684937662435197,0.1331092757395177,0.45496929553238685
2021-03-29 23:30:00,0.4860529986052998,0.13147410358565725,0.1833209233060311,0.13086948759150152,0.16548664459305598,0.00011135857461024499,0.5,0.09326180874471302,0.20262523454987852,0.5222419925440904,0.7684937662435197,0.1331092757395177,0.4342079454411032
2021-03-29 23:40:00,0.48117154811715485,-0.01195219123505975,0.18272524199553208,0.13372612033565434,0.15216395545144024,0.00011135857461024499,0.5,0.09326180874471302,0.20262523454987852,0.5222419925440904,0.7684937662435197,0.1331092757395177,0.4219186143005869
2021-03-29 23:50:00,0.2775453277545328,-0.19521912350597614,0.19880863737900212,0.1440814140332083,0.144625773776027,0.00011135857461024499,0.5,0.09326180874471302,0.20262523454987852,0.5222419925440904,0.7684937662435197,0.1331092757395177,0.1322027249271995
2021-03-30 00:00:00,0.39609483960948394,0.17131474103585642,0.20059568131049876,0.1647920014283164,0.1666906597217678,0.00011135857461024499,0.5,0.10412434298582851,0.1994442640521608,0.4954125624860743,0.6431984352080784,0.1543677519900059,0.2878675860404062
2021-03-30 00:10:00,0.4490934449093445,0.019920318725099362,0.1874906924795232,0.14015354400999835,0.16530342489955635,0.00011135857461024499,0.5,0.10412434298582851,0.1994442640521608,0.4954125624860743,0.6431984352080784,0.1543677519900059,0.3828703773556437
2021-03-30 00:20:00,0.7112970711297071,-0.14741035856573714,0.17915115413253901,0.12765577575432951,0.12851552786902412,0.010356347438752784,0.5,0.10412434298582851,0.1994442640521608,0.4954125624860743,0.6431984352080784,0.1543677519900059,0.9297795615371849
2021-03-30 00:30:00,0.6164574616457461,0.10756972111553775,0.17021593447505579,0.10730226745224059,0.1424925730588528,0.00044543429844097997,0.5,0.10412434298582851,0.1994442640521608,0.4954125624860743,0.6431984352080784,0.1543677519900059,0.7820963531843627
2021-03-30 00:40:00,0.5815899581589958,-0.17131474103585675,0.15979151154132532,0.10444563470808776,0.14097446702699873,0.000556792873051225,0.5,0.10412434298582851,0.1994442640521608,0.4954125624860743,0.6431984352080784,0.1543677519900059,0.6662643149207116
2021-03-30 00:50:00,0.5118549511854951,0.41035856573705165,0.15502606105733419,0.10444563470808776,0.14198217534124669,0.000556792873051225,0.5,0.10412434298582851,0.1994442640521608,0.4954125624860743,0.6431984352080784,0.1543677519900059,0.5203766012342139
2021-03-30 01:00:00,0.4630404463040446,0.20318725099601576,0.14996276991809365,0.10444563470808776,0.15951891743335386,0.000556792873051225,0.5,0.07783924010989174,0.20842396848339353,0.4859521020518906,0.5992307573340359,0.15007849446170649,0.40199465878057244
2021-03-30 01:10:00,0.42747559274755925,0.3306772908366533,0.14400595681310469,0.10194608105695413,0.17636204211435527,0.000556792873051225,0.5,0.07783924010989174,0.20842396848339353,0.4859521020518906,0.5992307573340359,0.15007849446170649,0.3352218718409101
2021-03-30 01:20:00,0.398884239888424,0.11553784860557759,0.14102755026061065,0.09908944831280131,0.19651620839931422,0.000556792873051225,0.5,0.07783924010989174,0.20842396848339353,0.4859521020518906,0.5992307573340359,0.15007849446170649,0.2875582781357032
2021-03-30 01:30:00,0.3716875871687587,-0.15537848605577698,0.13685778108711832,0.09301910373147648,0.19808666291502533,0.000556792873051225,0.5,0.07783924010989174,0.20842396848339353,0.4859521020518906,0.5992307573340359,0.15007849446170649,0.25019237442853476
2021-03-30 01:40:00,0.36262203626220363,-0.20318725099601598,0.13447505584512287,0.08909123370826633,0.19616285613327925,0.000556792873051225,0.5,0.07783924010989174,0.20842396848339353,0.4859521020518906,0.5992307573340359,0.15007849446170649,0.2383632330974546
2021-03-30 01:50:00,0.299860529986053,0.1633466135458166,0.1317944899478778,0.08873415461524736,0.20290272342987267,0.000556792873051225,0.5,0.07783924010989174,0.20842396848339353,0.4859521020518906,0.5992307573340359,0.15007849446170649,0.14459012930579235
2021-03-30 02:00:00,0.296373779637378,-0.31474103585657376,0.12613551749813845,0.07230851633636859,0.19711821596367016,0.000556792873051225,0.5,0.08790380168519807,0.20907050720244227,0.43627292276246304,0.6381080971004567,0.13199116952793685,0.14431854187727267
2021-03-30 02:10:00,0.33891213389121344,-0.2509960159362551,0.12256142963514494,0.05838243170862345,0.19073170093311173,0.000556792873051225,0.5,0.08790380168519807,0.20907050720244227,0.43627292276246304,0.6381080971004567,0.13199116952793685,0.18889660063068636
2021-03-30 02:20:00,0.27405857740585776,0.25099601593625476,0.11779597915115403,0.046598821638993204,0.194736359948175,0.000556792873051225,0.5,0.08790380168519807,0.20907050720244227,0.43627292276246304,0.6381080971004567,0.13199116952793685,0.13398313140305082
2021-03-30 02:30:00,0.2398884239888424,-0.4183266932270917,0.1130305286671629,0.038386002499553706,0.20010207954352122,0.000556792873051225,0.5,0.08790380168519807,0.20907050720244227,0.43627292276246304,0.6381080971004567,0.13199116952793685,0.09295834150610317
2021-03-30 02:40:00,0.3235704323570432,-0.20318725099601598,0.10826507818317177,0.031244420639171766,0.1769378754367827,0.000556792873051225,0.5,0.08790380168519807,0.20907050720244227,0.43627292276246304,0.6381080971004567,0.13199116952793685,0.17225432653861825
2021-03-30 02:50:00,0.30474198047419804,-0.09960159362549814,0.10290394638868205,0.021960364220674933,0.15999005378806716,0.000556792873051225,0.5,0.08790380168519807,0.20907050720244227,0.43627292276246304,0.6381080971004567,0.13199116952793685,0.1520512394948474
2021-03-30 03:00:00,0.301255230125523,0.027888446215139417,0.09784065524944152,0.016604177825388255,0.1577390689822146,0.000556792873051225,0.5,0.07981797884947173,0.19008813041117148,0.39563723906884446,0.7345452504999439,0.12587804924262944,0.14838480920983146
2021-03-30 03:10:00,0.23570432357043236,0.5537848605577689,0.09337304542069957,0.010176754151044465,0.1768986140738899,0.000556792873051225,0.5,0.07981797884947173,0.19008813041117148,0.39563723906884446,0.7345452504999439,0.12587804924262944,0.09113267045883187
2021-03-30 03:20:00,0.2594142259414226,-0.45019920318725104,0.08711839166046165,0.011962149616140172,0.19789035610056144,0.000556792873051225,0.5,0.07981797884947173,0.19008813041117148,0.39563723906884446,0.7345452504999439,0.12587804924262944,0.10758634216998357
2021-03-30 03:30:00,0.17364016736401675,0.019920318725099362,0.08533134772896478,0.0048205677557580096,0.1771210951302823,0.000556792873051225,0.5,0.07981797884947173,0.19008813041117148,0.39563723906884446,0.7345452504999439,0.12587804924262944,0.03881436999260679
2021-03-30 03:40:00,0.11715481171548117,0.4422310756972112,0.0856291883842144,0.013747545081235657,0.1661802620041617,0.000556792873051225,0.5,0.07981797884947173,0.19008813041117148,0.39563723906884446,0.7345452504999439,0.12587804924262944,0.013239887140335261
2021-03-30 03:50:00,0.13807531380753138,0.6733067729083664,0.08413998510796716,0.012319228709159136,0.17099632251900904,0.000556792873051225,0.5,0.07981797884947173,0.19008813041117148,0.39563723906884446,0.7345452504999439,0.12587804924262944,0.030561129803702642
2021-03-30 04:00:00,0.17433751743375175,0.15537848605577675,0.08116157855547268,0.004463488662738824,0.18694952297444084,0.000556792873051225,0.5,0.031237769839001173,0.18603074076096043,0.3917361829988674,0.8450492726330767,0.11277229744114238,0.04662250856254809
2021-03-30 04:10:00,0.15829846582984658,-0.01195219123505975,0.07669396872673095,-0.0030351722906623024,0.18740757220818993,0.000556792873051225,0.5,0.031237769839001173,0.18603074076096043,0.3917361829988674,0.8450492726330767,0.11277229744114238,0.04223938923004964
2021-03-30 04:20:00,0.13807531380753138,-0.12350597609561753,0.0746090841399849,-0.0030351722906623024,0.18142675792752352,0.000556792873051225,0.5,0.031237769839001173,0.18603074076096043,0.3917361829988674,0.8450492726330767,0.11277229744114238,0.026728729423480244
2021-03-30 04:30:00,0.14295676429567641,0.2749003984063745,0.07252419955323886,-0.009462595965006093,0.18225124654827188,0.000556792873051225,0.5,0.031237769839001173,0.18603074076096043,0.3917361829988674,0.8450492726330767,0.11277229744114238,0.03155695037494153
2021-03-30 04:40:00,0.14016736401673638,-0.3545816733067729,0.06775874906924773,-0.01267630780217821,0.17955529962963448,0.000556792873051225,0.5,0.031237769839001173,0.18603074076096043,0.3917361829988674,0.8450492726330767,0.11277229744114238,0.023062299138464325
2021-03-30 04:50:00,0.12622036262203626,0.19521912350597592,0.06716306775874892,-0.01553294054633092,0.17959456099252727,0.000556792873051225,0.5,0.031237769839001173,0.18603074076096043,0.3917361829988674,0.8450492726330767,0.11277229744114238,0.020074837424747652
2021-03-30 05:00:00,0.1792189679218968,-0.2509960159362551,0.06418466120625443,-0.01838957329048374,0.18104723141956,0.000556792873051225,0.5,0.014667087805009693,0.17878088659136154,0.40692318881215367,0.8974402287168037,0.10218273483765045,0.046614964467311434
2021-03-30 05:10:00,0.2635983263598326,-0.4422310756972112,0.0588235294117645,-0.028744866988037687,0.1614819855779927,0.000556792873051225,0.5,0.014667087805009693,0.17878088659136154,0.40692318881215367,0.8974402287168037,0.10218273483765045,0.10112859664740409
2021-03-30 05:20:00,0.2796373779637378,-0.2509960159362551,0.05703648548026785,-0.03660060703445822,0.13694363377000696,0.000556792873051225,0.5,0.014667087805009693,0.17878088659136154,0.40692318881215367,0.8974402287168037,0.10218273483765045,0.12440213045249485
2021-03-30 05:30:00,0.24337517433751746,-0.09960159362549814,0.05286671630677553,-0.041956793429744677,0.11643611521901297,0.000556792873051225,0.5,0.014667087805009693,0.17878088659136154,0.40692318881215367,0.8974402287168037,0.10218273483765045,0.11393092626401317
2021-03-30 05:40:00,0.4170153417015342,-0.05179282868525903,0.05018615040953067,-0.041956793429744677,0.12096425907264662,0.000556792873051225,0.5,0.014667087805009693,0.17878088659136154,0.40692318881215367,0.8974402287168037,0.10218273483765045,0.32091826727220607
2021-03-30 05:50:00,0.4260808926080893,0.09960159362549792,0.049590469099031864,-0.041956793429744677,0.11915823637957887,0.000556792873051225,0.5,0.014667087805009693,0.17878088659136154,0.40692318881215367,0.8974402287168037,0.10218273483765045,0.32653861822351643
2021-03-30 06:00:00,0.3814504881450488,0.08366533864541825,0.0466120625465376,-0.041956793429744677,0.12379107720092657,0.000556792873051225,0.5,-0.02722786130317867,0.20262236104446202,0.4680752418630669,0.9023340195978347,0.09997985953937485,0.2620969567119816
2021-03-30 06:10:00,0.37517433751743373,-0.043824701195219196,0.04154877140729707,-0.041956793429744677,0.1171297326301187,0.000556792873051225,0.5,-0.02722786130317867,0.20262236104446202,0.4680752418630669,0.9023340195978347,0.09997985953937485,0.26605760671122713
2021-03-30 06:20:00,0.4281729428172943,-0.02788844621513953,0.037676842889054374,-0.041956793429744677,0.11643611521901297,0.000556792873051225,0.5,-0.02722786130317867,0.20262236104446202,0.4680752418630669,0.9023340195978347,0.09997985953937485,0.34315826002987465
2021-03-30 06:30:00,0.46234309623430964,-0.03585657370517936,0.034996276991809294,-0.041956793429744677,0.10868853960817161,0.00044543429844097997,0.5,-0.02722786130317867,0.20262236104446202,0.4680752418630669,0.9023340195978347,0.09997985953937485,0.4515367321997073
2021-03-30 06:40:00,0.6331938633193863,-0.1633466135458168,0.032315711094564215,-0.04767005891805021,0.11363547133266154,0.000779510022271715,0.5,-0.02722786130317867,0.20262236104446202,0.4680752418630669,0.9023340195978347,0.09997985953937485,0.8286358766993076
2021-03-30 06:50:00,0.6436541143654114,-0.0916334661354582,0.032911392405063244,-0.04302803070880201,0.10688251691510386,0.00044543429844097997,0.5,-0.02722786130317867,0.20262236104446202,0.4680752418630669,0.9023340195978347,0.09997985953937485,0.870369811548501
2021-03-30 07:00:00,0.5864714086471409,0.07569721115537842,0.03201787043931481,-0.03802892340653463,0.10710499797149625,0.00011135857461024499,0.5,-0.01822999823562166,0.20816247949035502,0.45311041439431615,0.9093798850794947,0.10694011870188863,0.7339046728125896
2021-03-30 07:10:00,0.5871687587168759,-0.2509960159362551,0.028145941921072115,-0.03017318336011432,0.11781026292026019,0.00011135857461024499,0.5,-0.01822999823562166,0.20816247949035502,0.45311041439431615,0.9093798850794947,0.10694011870188863,0.7202498604342381
2021-03-30 07:20:00,0.5174337517433751,-0.33864541832669326,0.026061057334326065,-0.025174076057846828,0.11181636151862952,0.00011135857461024499,0.5,-0.01822999823562166,0.20816247949035502,0.45311041439431615,0.9093798850794947,0.10694011870188863,0.5408663638969778
2021-03-30 07:30:00,0.4839609483960949,-0.3705179282868527,0.023976172747579794,-0.020174968755579448,0.10658151313292588,0.00011135857461024499,0.5,-0.01822999823562166,0.20816247949035502,0.45311041439431615,0.9093798850794947,0.10694011870188863,0.45355854972313175
2021-03-30 07:40:00,0.4560669456066946,-0.1394422310756973,0.021295606850334936,-0.020174968755579448,0.10658151313292588,0.00011135857461024499,0.5,-0.01822999823562166,0.20816247949035502,0.45311041439431615,0.9093798850794947,0.10694011870188863,0.40580442687508483
2021-03-30 07:50:00,0.17573221757322177,0.3784860557768923,0.017125837676842837,-0.023745759685770196,0.11469552813076653,0.00044543429844097997,0.5,-0.01822999823562166,0.20816247949035502,0.45311041439431615,0.9093798850794947,0.10694011870188863,0.060888392655068874
2021-03-30 08:00:00,0.3103207810320781,0.8645418326693224,0.015934475055845,-0.02624531333690394,0.19508971221421,0.04086859688195991,0.5,-0.021438298618882023,0.218920883775327,0.4285925521811586,0.9029849579747684,0.11156882953909157,0.17011180349140728
2021-03-30 08:10:00,0.4735006973500697,0.08366533864541825,0.00699925539836177,-0.041956793429744677,0.21479891638638415,0.00011135857461024499,0.5,-0.021438298618882023,0.218920883775327,0.4285925521811586,0.9029849579747684,0.11156882953909157,0.4372406717262399
2021-03-30 08:20:00,0.3361227336122734,-0.09960159362549814,0.005212211466865124,-0.05159792894126036,0.20260171964769472,0.00011135857461024499,0.5,-0.021438298618882023,0.218920883775327,0.4285925521811586,0.9029849579747684,0.11156882953909157,0.21829593976794365
2021-03-30 08:30:00,0.2768479776847978,0.09163346613545809,0.005212211466865124,-0.05409748259239411,0.1911635759249323,0.00011135857461024499,0.5,-0.021438298618882023,0.218920883775327,0.4285925521811586,0.9029849579747684,0.11156882953909157,0.12388158788116542
2021-03-30 08:40:00,0.24616457461645744,-0.043824701195219196,0.005212211466865124,-0.04588466345295483,0.1722526861315779,0.00011135857461024499,0.5,-0.021438298618882023,0.218920883775327,0.4285925521811586,0.9029849579747684,0.11156882953909157,0.10295426769467537
2021-03-30 08:50:00,0.20781032078103207,-0.3784860557768924,0.00699925539836177,-0.05481164077843248,0.1732603944458259,0.00011135857461024499,0.5,-0.021438298618882023,0.218920883775327,0.4285925521811586,0.9029849579747684,0.11156882953909157,0.06791194532039772
2021-03-30 09:00:00,0.22245467224546722,0.027888446215139417,0.00908413998510782,-0.05481164077843248,0.18548376542644385,0.00011135857461024499,0.5,-0.030330298980429493,0.224279971379885,0.4284486181508802,0.7910240543867606,0.12343660008190925,0.07705538874722755
2021-03-30 09:10:00,0.26638772663877264,0.003984063745019917,0.012062546537602303,-0.058739510801642525,0.17145437175275813,0.00011135857461024499,0.5,-0.030330298980429493,0.224279971379885,0.4284486181508802,0.7910240543867606,0.12343660008190925,0.13620109540262837
2021-03-30 09:20:00,0.3486750348675035,-0.03585657370517936,0.014147431124348353,-0.062310301731833606,0.17798484511392337,0.00011135857461024499,0.5,-0.030330298980429493,0.224279971379885,0.4284486181508802,0.7910240543867606,0.12343660008190925,0.21249453053095343
2021-03-30 09:30:00,0.3403068340306834,0.15537848605577675,0.016827997021593433,-0.06088198535975731,0.16265982646477603,0.00011135857461024499,0.5,-0.030330298980429493,0.224279971379885,0.4284486181508802,0.7910240543867606,0.12343660008190925,0.20569730072272435
2021-03-30 09:40:00,0.4295676429567643,0.4422310756972112,0.01861504095309008,-0.05481164077843248,0.20966876496839462,0.00011135857461024499,0.5,-0.030330298980429493,0.224279971379885,0.4284486181508802,0.7910240543867606,0.12343660008190925,0.3739306245002037
2021-03-30 09:50:00,0.5753138075313807,-0.19521912350597614,0.014147431124348353,-0.05981074808069986,0.2215649579249061,0.00011135857461024499,0.5,-0.030330298980429493,0.224279971379885,0.4284486181508802,0.7910240543867606,0.12343660008190925,0.6771278120614994
2021-03-30 10:00:00,0.6352859135285913,0.05976095617529875,0.016232315711094403,-0.0590965898946616,0.21093821570192775,0.00033407572383073496,0.5,0.013339768256063644,0.2337912743134484,0.38287707513876323,0.7480987819968911,0.14413906550705194,0.8361422514597824
2021-03-30 10:10:00,0.5815899581589958,-0.08366533864541836,0.01861504095309008,-0.056597036243527854,0.2077842195495413,0.00033407572383073496,0.5,0.013339768256063644,0.2337912743134484,0.38287707513876323,0.7480987819968911,0.14413906550705194,0.7200612580533217
2021-03-30 10:20:00,0.6401673640167364,-0.17131474103585675,0.02427401340282942,-0.04552758435993576,0.1968041250605279,0.00155902004454343,0.5,0.013339768256063644,0.2337912743134484,0.38287707513876323,0.7480987819968911,0.14413906550705194,0.8754394435475354
2021-03-30 10:30:00,0.6882845188284519,0.08366533864541825,0.03410275502606086,-0.038386002499553595,0.18017039431495466,0.004677060133630289,0.5,0.013339768256063644,0.2337912743134484,0.38287707513876323,0.7480987819968911,0.14413906550705194,0.9710155861007589
2021-03-30 10:40:00,0.6324965132496514,0.1633466135458166,0.042144452717795655,-0.026959471522942313,0.18803575401447437,0.0044543429844098,0.5,0.013339768256063644,0.2337912743134484,0.38287707513876323,0.7480987819968911,0.14413906550705194,0.8338563906030749
2021-03-30 10:50:00,0.6610878661087867,-0.07569721115537853,0.04690990320178701,-0.01410462417425462,0.19155618955386006,0.004342984409799555,0.5,0.013339768256063644,0.2337912743134484,0.38287707513876323,0.7480987819968911,0.14413906550705194,0.8740739623097001
2021-03-30 11:00:00,0.6708507670850766,-0.17131474103585675,0.05018615040953067,-0.0016068559185858922,0.19340147360982057,0.0017817371937639199,0.5,0.04545515793855226,0.24227960931820222,0.3367278937936788,0.7828830302899635,0.14732760048953591,0.9162077342064366
2021-03-30 11:10:00,0.6478382147838214,0.01195219123505975,0.05703648548026785,0.0033922513836814883,0.18479014801533813,0.0044543429844098,0.5,0.04545515793855226,0.24227960931820222,0.3367278937936788,0.7828830302899635,0.14732760048953591,0.8637159195497685
2021-03-30 11:20:00,0.7133891213389122,-0.14741035856573714,0.06269545793000741,0.00910551687198713,0.18479014801533813,0.011247216035634744,0.5,0.04545515793855226,0.24227960931820222,0.3367278937936788,0.7828830302899635,0.14732760048953591,0.9008781326855471
2021-03-30 11:30:00,0.7440725244072525,-0.2749003984063746,0.06835443037974676,0.014818782360292992,0.18174084883066574,0.0200445434298441,0.5,0.04545515793855226,0.24227960931820222,0.3367278937936788,0.7828830302899635,0.14732760048953591,0.9380403458213258
2021-03-30 11:40:00,0.7001394700139469,-0.003984063745020028,0.07341772151898729,0.023388680592751232,0.16709636047165985,0.007906458797327393,0.5,0.04545515793855226,0.24227960931820222,0.3367278937936788,0.7828830302899635,0.14732760048953591,0.9752025589571044
2021-03-30 11:50:00,0.5878661087866108,-0.3067729083665339,0.07371556217423669,0.03624352794143926,0.16386384159348785,0.00033407572383073496,0.5,0.04545515793855226,0.24227960931820222,0.3367278937936788,0.7828830302899635,0.14732760048953591,0.7227394118623354
2021-03-30 12:00:00,0.5892608089260809,0.019920318725099362,0.07609828741623215,0.04588466345295483,0.16351048932745288,0.00011135857461024499,0.5,0.05857329491502128,0.2518253943167802,0.3102917143329254,0.8276608100149109,0.1510395516461834,0.7206798738627276
2021-03-30 12:10:00,0.6178521617852162,-0.13147410358565736,0.07669396872673095,0.05231208712729862,0.15503003494261297,0.00044543429844097997,0.5,0.05857329491502128,0.2518253943167802,0.3102917143329254,0.8276608100149109,0.1510395516461834,0.7685848786155076
2021-03-30 12:20:00,0.6366806136680614,-0.08366533864541836,0.07728965003722998,0.06480985538296746,0.14843412597662642,0.00033407572383073496,0.5,0.05857329491502128,0.2518253943167802,0.3102917143329254,0.8276608100149109,0.1510395516461834,0.836149795555019
2021-03-30 12:30:00,0.6478382147838214,0.003984063745019917,0.08175725986597171,0.05659703624352819,0.14507073588881184,0.000556792873051225,0.5,0.05857329491502128,0.2518253943167802,0.3102917143329254,0.8276608100149109,0.1510395516461834,0.8597854459314695
2021-03-30 12:40:00,0.6666666666666667,0.21912350597609564,0.08533134772896478,0.0576682735225853,0.1454240881548468,0.000779510022271715,0.5,0.05857329491502128,0.2518253943167802,0.3102917143329254,0.8276608100149109,0.1510395516461834,0.9251097665856934
2021-03-30 12:50:00,0.7343096234309623,-0.12350597609561753,0.09039463886820531,0.0590965898946616,0.14435094423577757,0.013140311804008908,0.5,0.05857329491502128,0.2518253943167802,0.3102917143329254,0.8276608100149109,0.1510395516461834,0.9250580140923699
2021-03-30 13:00:00,0.7726638772663877,0.06772908366533859,0.09784065524944152,0.06659525084806273,0.15327636073340226,0.0244988864142539,0.5,0.07969583983579609,0.24716169502337634,0.28684936270196265,0.7994014956857359,0.16894833082729055,0.9250063370399989
2021-03-30 13:10:00,0.8291492329149234,-0.06772908366533881,0.10618019359642594,0.07552222817354037,0.16140346285220716,0.045657015590200446,0.5,0.07969583983579609,0.24716169502337634,0.28684936270196265,0.7994014956857359,0.16894833082729055,0.9249545845466753
2021-03-30 13:20:00,0.7635983263598326,0.1872509960159361,0.10915860014891998,0.07337975361542592,0.16314404994045362,0.02305122494432071,0.5,0.07969583983579609,0.24716169502337634,0.28684936270196265,0.7994014956857359,0.16894833082729055,0.9249028320533518
2021-03-30 13:30:00,0.8340306834030684,0.003984063745019917,0.11362620997766193,0.0815925727548652,0.1593356977398542,0.04599109131403118,0.5,0.07969583983579609,0.24716169502337634,0.28684936270196265,0.7994014956857359,0.16894833082729055,0.9248510795600284
2021-03-30 13:40:00,0.7719665271966527,0.05976095617529875,0.11541325390915858,0.08409212640599906,0.1673973642538378,0.027728285077951005,0.5,0.07969583983579609,0.24716169502337634,0.28684936270196265,0.7994014956857359,0.16894833082729055,0.9247994025076574
2021-03-30 13:50:00,0.6757322175732218,-0.01195219123505975,0.117200297840655,0.09551865738261034,0.16415175825470155,0.005011135857461025,0.5,0.07969583983579609,0.24716169502337634,0.28684936270196265,0.7994014956857359,0.16894833082729055,0.9247476500143338
2021-03-30 14:00:00,0.7287308228730822,-0.1872509960159363,0.11839166046165284,0.11230137475450808,0.15872060305453403,0.008463251670378619,0.5,0.07649567760636877,0.25252078262793437,0.29490218636426063,0.6813001457351396,0.203129773079354,0.9968616563815502
2021-03-30 14:10:00,0.6666666666666667,0.1633466135458166,0.12166790766939672,0.12122835207998572,0.16165211815052807,0.005902004454342985,0.5,0.07649567760636877,0.25252078262793437,0.29490218636426063,0.6813001457351396,0.203129773079354,0.9033148754469877
2021-03-30 14:20:00,0.7419804741980475,-0.003984063745020028,0.1243484735666418,0.12122835207998572,0.1642041067385586,0.022160356347438754,0.5,0.07649567760636877,0.25252078262793437,0.29490218636426063,0.6813001457351396,0.203129773079354,0.8969778354481948
2021-03-30 14:30:00,0.6813110181311018,-0.06772908366533881,0.12137006701414732,0.11658632387073742,0.17252751567182736,0.0066815144766146995,0.5,0.07649567760636877,0.25252078262793437,0.29490218636426063,0.6813001457351396,0.203129773079354,0.8906407954494017
2021-03-30 14:40:00,0.6520223152022315,0.05976095617529875,0.12375279225614277,0.12444206391715773,0.16194003481174177,0.013363028953229399,0.5,0.07649567760636877,0.25252078262793437,0.29490218636426063,0.6813001457351396,0.203129773079354,0.8306652383179685
2021-03-30 14:50:00,0.7343096234309623,-0.17928286852589637,0.12583767684288882,0.12658453847527218,0.15814476973210664,0.010579064587973273,0.5,0.07649567760636877,0.25252078262793437,0.29490218636426063,0.6813001457351396,0.203129773079354,0.9981592407622554
2021-03-30 15:00:00,0.5627615062761506,0.027888446215139417,0.12732688011913607,0.12944117121942522,0.1581578568530709,0.0006681514476614699,0.5,0.06612983757378954,0.25721321697551985,0.33261480450905373,0.5522179535694541,0.23874012320291313,0.6524284442566803
2021-03-30 15:10:00,0.6694560669456067,-0.08366533864541836,0.1317944899478778,0.13658275307980716,0.1561031788616822,0.01002227171492205,0.5,0.06612983757378954,0.25721321697551985,0.33261480450905373,0.5522179535694541,0.23874012320291313,0.8830967002127434
2021-03-30 15:20:00,0.5174337517433751,0.1633466135458166,0.1332836932241248,0.1408677021960365,0.1708785384303307,0.00044543429844097997,0.5,0.06612983757378954,0.25721321697551985,0.33261480450905373,0.5522179535694541,0.23874012320291313,0.5427297554204324
2021-03-30 15:30:00,0.599721059972106,0.1633466135458166,0.1332836932241248,0.15015175861453312,0.1843451859025533,0.00044543429844097997,0.5,0.06612983757378954,0.25721321697551985,0.33261480450905373,0.5522179535694541,0.23874012320291313,0.7240596285287505
2021-03-30 15:40:00,0.5536959553695956,-0.003984063745020028,0.1320923306031272,0.1408677021960365,0.18651764798262033,0.00022271714922048998,0.5,0.06612983757378954,0.25721321697551985,0.33261480450905373,0.5522179535694541,0.23874012320291313,0.6355145827360925
2021-03-30 15:50:00,0.5076708507670851,0.09163346613545809,0.13030528667163077,0.13872522763792183,0.18876863278847286,0.00011135857461024499,0.5,0.06612983757378954,0.25721321697551985,0.33261480450905373,0.5522179535694541,0.23874012320291313,0.5119800232358134
2021-03-30 16:00:00,0.5132496513249651,-0.11553784860557781,0.12732688011913607,0.13729691126584553,0.18900420096582954,0.00033407572383073496,0.5,0.045504020214640395,0.2633194159887581,0.3742575191581267,0.41078622180225743,0.2685427700994939,0.5087285181888137
2021-03-30 16:10:00,0.46513249651324967,0.11553784860557759,0.12673119880863726,0.132654883056597,0.19023439033646988,0.00011135857461024499,0.5,0.045504020214640395,0.2633194159887581,0.3742575191581267,0.41078622180225743,0.2685427700994939,0.4247174736333872
2021-03-30 16:20:00,0.4246861924686192,0.01195219123505975,0.1243484735666418,0.12372790573111936,0.20415908704244154,0.00011135857461024499,0.5,0.045504020214640395,0.2633194159887581,0.3742575191581267,0.41078622180225743,0.2685427700994939,0.34496129879143594
2021-03-30 16:30:00,0.3849372384937238,0.22709163346613526,0.12256142963514494,0.11301553294054645,0.20455170067136932,0.00011135857461024499,0.5,0.045504020214640395,0.2633194159887581,0.3742575191581267,0.41078622180225743,0.2685427700994939,0.25910949499826486
2021-03-30 16:40:00,0.29776847977684795,0.38645418326693215,0.1174981384959044,0.10730226745224059,0.23096151077724414,0.00011135857461024499,0.5,0.045504020214640395,0.2633194159887581,0.3742575191581267,0.41078622180225743,0.2685427700994939,0.15525747997042716
2021-03-30 16:50:00,0.28661087866108786,0.2111553784860556,0.10379746835443027,0.09337618282449567,0.24107785528261638,0.00011135857461024499,0.5,0.045504020214640395,0.2633194159887581,0.3742575191581267,0.41078622180225743,0.2685427700994939,0.14336044178221707
2021-03-30 17:00:00,0.25871687587168757,-0.14741035856573714,0.09099032017870412,0.07123727905731125,0.2491002604337072,0.00011135857461024499,0.5,0.028298195297681294,0.275419747303933,0.4453392449005188,0.27676183425456735,0.33697817944614705,0.12486232026193099
2021-03-30 17:10:00,0.197350069735007,-0.3705179282868527,0.0856291883842144,0.05481164077843248,0.2491002604337072,0.00011135857461024499,0.5,0.028298195297681294,0.275419747303933,0.4453392449005188,0.27676183425456735,0.33697817944614705,0.07284578360517223
2021-03-30 17:20:00,0.16596931659693165,-0.15537848605577698,0.08324646314221873,0.04695590073201217,0.2511287641831674,0.00011135857461024499,0.5,0.028298195297681294,0.275419747303933,0.4453392449005188,0.27676183425456735,0.33697817944614705,0.048802752085942334
2021-03-30 17:30:00,0.18479776847977683,0.17131474103585642,0.07818317200297842,0.041242635243706305,0.25653374514140637,0.00011135857461024499,0.5,0.028298195297681294,0.275419747303933,0.4453392449005188,0.27676183425456735,0.33697817944614705,0.05596964256076769
2021-03-30 17:40:00,0.23430962343096234,0.49003984063745,0.0704393149664928,0.02945902517407606,0.2841213961340645,0.00011135857461024499,0.5,0.028298195297681294,0.275419747303933,0.4453392449005188,0.27676183425456735,0.33697817944614705,0.09654933083875251
2021-03-30 17:50:00,0.13737796373779637,-0.5458167330677292,0.06329113924050622,0.0112479914301018,0.29421156639750823,0.00044543429844097997,0.5,0.028298195297681294,0.275419747303933,0.4453392449005188,0.27676183425456735,0.33697817944614705,0.021146098948353124
2021-03-30 18:00:00,0.0815899581589958,0.003984063745019917,0.0588235294117645,0.005891805034815345,0.2714138016777689,0.11391982182628063,0.5,-0.030924717741142027,0.30247954782518643,0.5171279593819434,0.27148398973114546,0.43355918471064375,0.0
2021-03-30 18:10:00,0.14365411436541145,0.043824701195219085,0.06686522710349951,0.005177646848776973,0.279501642433681,0.9995545657015591,0.5,-0.030924717741142027,0.30247954782518643,0.5171279593819434,0.27148398973114546,0.43355918471064375,0.0
2021-03-30 18:20:00,0.10808926080892609,-0.6254980079681276,0.08830975428145926,0.04159971433672571,0.279501642433681,0.9995545657015591,0.5,-0.030924717741142027,0.30247954782518643,0.5171279593819434,0.27148398973114546,0.43355918471064375,0.0
2021-03-30 18:30:00,0.12203626220362622,-0.4342629482071714,0.09962769918093817,0.0590965898946616,0.279501642433681,0.9995545657015591,0.5,-0.030924717741142027,0.30247954782518643,0.5171279593819434,0.27148398973114546,0.43355918471064375,0.0
2021-03-30 18:40:00,0.10251046025104603,-0.7051792828685259,0.10647803425167512,0.06766648812712006,0.279501642433681,0.9995545657015591,0.5,-0.030924717741142027,0.30247954782518643,0.5171279593819434,0.27148398973114546,0.43355918471064375,0.0
2021-03-30 18:50:00,0.1297071129707113,0.25099601593625476,0.1046909903201787,0.0687377254061774,0.279501642433681,0.9995545657015591,0.5,-0.030924717741142027,0.30247954782518643,0.5171279593819434,0.27148398973114546,0.43355918471064375,0.0
2021-03-30 19:00:00,0.1206415620641562,-0.45019920318725104,0.10647803425167512,0.06445277628994828,0.279501642433681,0.9995545657015591,0.5,-0.051412119778949106,0.3227118994732865,0.6003709059486857,0.26517599002217207,0.5060291128035188,0.0
2021-03-30 19:10:00,0.14016736401673638,-0.3127490039840638,0.10201042442293362,0.06052490626673812,0.279501642433681,0.9995545657015591,0.5,-0.051412119778949106,0.3227118994732865,0.6003709059486857,0.26517599002217207,0.5060291128035188,0.0
2021-03-30 19:20:00,0.16108786610878661,-0.17529880478087656,0.08711839166046165,0.05195500803427966,0.279501642433681,0.9995545657015591,0.5,-0.051412119778949106,0.3227118994732865,0.6003709059486857,0.26517599002217207,0.5060291128035188,0.0
2021-03-30 19:30:00,0.15202231520223153,-0.03784860557768932,0.07967237527922544,0.04731297982503113,0.279501642433681,0.9995545657015591,0.5,-0.051412119778949106,0.3227118994732865,0.6003709059486857,0.26517599002217207,0.5060291128035188,0.0
2021-03-30 19:40:00,0.12761506276150628,0.09960159362549792,0.08473566641846597,0.04374218889484016,0.279501642433681,0.9995545657015591,0.5,-0.051412119778949106,0.3227118994732865,0.6003709059486857,0.26517599002217207,0.5060291128035188,0.0
2021-03-30 19:50:00,0.12831241283124128,0.24302788844621515,0.09277736411020099,0.0448134261738975,0.279501642433681,0.9995545657015591,0.5,-0.051412119778949106,0.3227118994732865,0.6003709059486857,0.26517599002217207,0.5060291128035188,0.0
2021-03-30 20:00:00,0.1087866108786611,0.07569721115537842,0.09099032017870412,0.04374218889484016,0.279501642433681,0.9995545657015591,0.5,-0.0768666640206549,0.338116762019155,0.7549521232298493,0.3130877577669209,0.5744082150229388,0.0
2021-03-30 20:10:00,0.09902370990237098,-0.09163346613545831,0.09158600148920315,0.04088555615068734,0.279501642433681,0.9995545657015591,0.5,-0.0768666640206549,0.338116762019155,0.7549521232298493,0.3130877577669209,0.5744082150229388,0.0
2021-03-30 20:20:00,0.08786610878661089,-0.2589641434262949,0.09218168279970218,0.03660060703445822,0.279501642433681,0.9995545657015591,0.5,-0.0768666640206549,0.338116762019155,0.7549521232298493,0.3130877577669209,0.5744082150229388,0.0
2021-03-30 20:30:00,0.039051603905160395,-0.42629482071713154,0.08771407297096023,0.03302981610426703,0.279501642433681,0.9995545657015591,0.5,-0.0768666640206549,0.338116762019155,0.7549521232298493,0.3130877577669209,0.5744082150229388,0.0
2021-03-30 20:40:00,0.04951185495118549,-0.31474103585657376,0.0826507818317197,0.03302981610426703,0.279501642433681,0.9995545657015591,0.5,-0.0768666640206549,0.338116762019155,0.7549521232298493,0.3130877577669209,0.5744082150229388,0.0
2021-03-30 20:50:00,0.042538354253835425,-0.20318725099601598,0.08116157855547268,0.03302981610426703,0.279501642433681,0.9995545657015591,0.5,-0.0768666640206549,0.338116762019155,0.7549521232298493,0.3130877577669209,0.5744082150229388,0.0
2021-03-30 21:00:00,0.08647140864714087,-0.09163346613545831,0.08086373790022328,0.031244420639171766,0.279501642433681,0.9995545657015591,0.5,-0.09398290253927077,0.34549592393256284,0.8704228502818507,0.27211662950703874,0.6377971475872537,0.0
2021-03-30 21:10:00,0.2691771269177127,0.019920318725099362,0.07669396872673095,0.023745759685770418,0.26273704047846513,0.4463251670378619,0.5,-0.09398290253927077,0.34549592393256284,0.8704228502818507,0.27211662950703874,0.6377971475872537,0.028237548470811898
2021-03-30 21:20:00,0.22036262203626222,-0.01195219123505975,0.07997021593447484,0.030887341546152358,0.24590700291842799,0.00011135857461024499,0.5,-0.09398290253927077,0.34549592393256284,0.8704228502818507,0.27211662950703874,0.6377971475872537,0.07538059960468942
2021-03-30 21:30:00,0.11436541143654114,0.12350597609561742,0.08026805658972425,0.05124084984824129,0.2541780633678397,0.00011135857461024499,0.5,-0.09398290253927077,0.34549592393256284,0.8704228502818507,0.27211662950703874,0.6377971475872537,0.014612912473407066
2021-03-30 21:40:00,0.08437935843793584,0.43426294820717115,0.07550260610573334,0.09337618282449567,0.25671696483490597,0.00044543429844097997,0.5,-0.09398290253927077,0.34549592393256284,0.8704228502818507,0.27211662950703874,0.6377971475872537,0.0
2021-03-30 21:50:00,0.11576011157601115,0.043824701195219085,0.0746090841399849,0.09051955008034285,0.2660088207195299,0.7178173719376392,0.5,-0.09398290253927077,0.34549592393256284,0.8704228502818507,0.27211662950703874,0.6377971475872537,0.0
2021-03-30 22:00:00,0.1199442119944212,0.043824701195219085,0.0704393149664928,0.08052133547580786,0.2660088207195299,0.9993318485523385,0.5,-0.15231008500701926,0.3587916335016244,0.9482553990796084,0.2040025914384769,0.7068624919646429,0.0
2021-03-30 22:10:00,0.11924686192468618,0.043824701195219085,0.06626954579300048,0.06838064631315843,0.2660088207195299,0.9993318485523385,0.5,-0.15231008500701926,0.3587916335016244,0.9482553990796084,0.2040025914384769,0.7068624919646429,0.0
2021-03-30 22:20:00,0.09902370990237098,0.043824701195219085,0.05852568875651509,0.05338332440635596,0.2660088207195299,0.9993318485523385,0.5,-0.15231008500701926,0.3587916335016244,0.9482553990796084,0.2040025914384769,0.7068624919646429,0.0
2021-03-30 22:30:00,0.09483960948396096,0.043824701195219085,0.05137751303052851,0.04159971433672571,0.2660088207195299,0.9993318485523385,0.5,-0.15231008500701926,0.3587916335016244,0.9482553990796084,0.2040025914384769,0.7068624919646429,0.0
2021-03-30 22:40:00,0.08926080892608089,0.043824701195219085,0.0466120625465376,0.030530262453133394,0.2660088207195299,0.9993318485523385,0.5,-0.15231008500701926,0.3587916335016244,0.9482553990796084,0.2040025914384769,0.7068624919646429,0.0
2021-03-30 22:50:00,0.08507670850767085,0.043824701195219085,0.04005956813104983,0.02053204784859841,0.2660088207195299,0.9993318485523385,0.5,-0.15231008500701926,0.3587916335016244,0.9482553990796084,0.2040025914384769,0.7068624919646429,0.0
2021-03-30 23:00:00,0.0815899581589958,0.043824701195219085,0.032911392405063244,0.0126763078021781,0.2660088207195299,0.9993318485523385,0.5,-0.1499323766110794,0.3686764921395279,0.9496228357743149,0.21182817260597417,0.7776968021716754,0.0
2021-03-30 23:10:00,0.08298465829846582,0.043824701195219085,0.027550260610573307,0.006605963220853273,0.2660088207195299,0.9993318485523385,0.5,-0.1499323766110794,0.3686764921395279,0.9496228357743149,0.21182817260597417,0.7776968021716754,0.0
2021-03-30 23:20:00,0.08716875871687588,0.043824701195219085,0.023976172747579794,0.0008926977325478536,0.2660088207195299,0.9993318485523385,0.5,-0.1499323766110794,0.3686764921395279,0.9496228357743149,0.21182817260597417,0.7776968021716754,0.0
2021-03-30 23:30:00,0.08647140864714087,0.043824701195219085,0.017721518987341645,-0.0026780931976432276,0.2660088207195299,0.9993318485523385,0.5,-0.1499323766110794,0.3686764921395279,0.9496228357743149,0.21182817260597417,0.7776968021716754,0.0
2021-03-30 23:40:00,0.10390516039051603,0.043824701195219085,0.01325390915859992,-0.00910551687198713,0.2660088207195299,0.9993318485523385,0.5,-0.1499323766110794,0.3686764921395279,0.9496228357743149,0.21182817260597417,0.7776968021716754,0.0
2021-03-30 23:50:00,0.10390516039051603,0.043824701195219085,0.005807892777363932,-0.01410462417425462,0.2660088207195299,0.9993318485523385,0.5,-0.1499323766110794,0.3686764921395279,0.9496228357743149,0.21182817260597417,0.7776968021716754,0.0
2021-03-31 00:00:00,0.10808926080892609,0.043824701195219085,-0.0007446016381237319,-0.01838957329048374,0.2660088207195299,0.9993318485523385,0.5,-0.1445255406285657,0.3713545991890966,0.9654908334312974,0.22461310861435685,0.8108034815039913,0.0
2021-03-31 00:10:00,0.1094839609483961,0.043824701195219085,0.004914370811615498,-0.024102838778789493,0.2660088207195299,0.9993318485523385,0.5,-0.1445255406285657,0.3713545991890966,0.9654908334312974,0.22461310861435685,0.8108034815039913,0.0
2021-03-31 00:20:00,0.14714086471408647,0.043824701195219085,0.013551749813849545,-0.027673629708980574,0.2660088207195299,0.9993318485523385,0.5,-0.1445255406285657,0.3713545991890966,0.9654908334312974,0.22461310861435685,0.8108034815039913,0.0
2021-03-31 00:30:00,0.17852161785216178,0.043824701195219085,0.021891288160833966,-0.03374397429030518,0.26596955935663713,0.9993318485523385,0.5,-0.1445255406285657,0.3713545991890966,0.9654908334312974,0.22461310861435685,0.8108034815039913,0.0
2021-03-31 00:40:00,0.16387726638772665,0.043824701195219085,0.013551749813849545,-0.03945723977861093,0.15985918257842457,0.9993318485523385,0.5,-0.1445255406285657,0.3713545991890966,0.9654908334312974,0.22461310861435685,0.8108034815039913,0.0
2021-03-31 00:50:00,0.14783821478382148,0.043824701195219085,0.012956068503350515,-0.035529369755400886,0.11014121003520437,0.9993318485523385,0.5,-0.1445255406285657,0.3713545991890966,0.9654908334312974,0.22461310861435685,0.8108034815039913,0.0
2021-03-31 01:00:00,0.17154811715481172,0.043824701195219085,0.005212211466865124,-0.04624174254597391,0.11014121003520437,0.9993318485523385,0.5,-0.180525064346448,0.36373980983141124,0.9654908334312974,0.1728108539660802,0.8741162638311629,0.0
2021-03-31 01:10:00,0.1882845188284519,-0.7529880478087649,-0.0007446016381237319,-0.052312087127298734,0.10122888065854393,0.9174832962138085,0.5,-0.180525064346448,0.36373980983141124,0.9654908334312974,0.1728108539660802,0.8741162638311629,0.0
2021-03-31 01:20:00,0.1499302649930265,0.3545816733067728,0.0022338049143706407,-0.04731297982503124,0.09672691104683882,0.005011135857461025,0.5,-0.180525064346448,0.36373980983141124,0.9654908334312974,0.1728108539660802,0.8741162638311629,0.02321318104319749
2021-03-31 01:30:00,0.13737796373779637,-0.02788844621513953,0.014147431124348353,-0.01696125691840733,0.09972386174765413,0.00011135857461024499,0.5,-0.180525064346448,0.36373980983141124,0.9654908334312974,0.1728108539660802,0.8741162638311629,0.030017954946663247
2021-03-31 01:40:00,0.16387726638772665,-0.019920318725099695,0.023976172747579794,0.008034279592929794,0.09079844525002946,0.00011135857461024499,0.5,-0.180525064346448,0.36373980983141124,0.9654908334312974,0.1728108539660802,0.8741162638311629,0.051646875990162495
2021-03-31 01:50:00,0.22384937238493724,-0.2509960159362551,0.02635889798957547,0.02088912694161782,0.07963513106751646,0.00011135857461024499,0.5,-0.180525064346448,0.36373980983141124,0.9654908334312974,0.1728108539660802,0.8741162638311629,0.08899014741162092
2021-03-31 02:00:00,0.2510460251046025,0.4661354581673305,0.03469843633655967,0.019103731476522112,0.08146732800251275,0.00011135857461024499,0.5,-0.1807286182515444,0.36036056745985123,0.9654908334312974,0.12473763542223024,0.0011207434937384295,0.09101950903028201
2021-03-31 02:10:00,0.24267782426778242,0.5059760956175297,0.04452717795979133,0.018746652383502926,0.09930507387679785,0.00011135857461024499,0.5,-0.1807286182515444,0.36036056745985123,0.9654908334312974,0.12473763542223024,0.0011207434937384295,0.08386770674592997
2021-03-31 02:20:00,0.2294281729428173,0.2111553784860556,0.053760238272523964,0.023388680592751232,0.11589954325947835,0.00011135857461024499,0.5,-0.1807286182515444,0.36036056745985123,0.9654908334312974,0.12473763542223024,0.0011207434937384295,0.07069571646272463
2021-03-31 02:30:00,0.2175732217573222,0.5378486055776892,0.062099776619508384,0.034815211569362514,0.11589954325947835,0.00011135857461024499,0.5,-0.1807286182515444,0.36036056745985123,0.9654908334312974,0.12473763542223024,0.0011207434937384295,0.06085067217888559
2021-03-31 02:40:00,0.2099023709902371,0.4820717131474104,0.06775874906924773,0.046598821638993204,0.12613367185352894,0.00011135857461024499,0.5,-0.1807286182515444,0.36036056745985123,0.9654908334312974,0.12473763542223024,0.0011207434937384295,0.057040904084373165
2021-03-31 02:50:00,0.200836820083682,0.4661354581673305,0.07222635889798945,0.06195322263881464,0.12974571723966447,0.00011135857461024499,0.5,-0.1807286182515444,0.36036056745985123,0.9654908334312974,0.12473763542223024,0.0011207434937384295,0.04819922446700967
2021-03-31 03:00:00,0.2189679218967922,0.10756972111553775,0.07490692479523453,0.07659346545259771,0.14045098218842839,0.00011135857461024499,0.5,-0.17905119132232672,0.3581853238584274,0.9654908334312974,0.15787266805166547,0.1267609949701266,0.060986465893145436
2021-03-31 03:10:00,0.23500697350069735,0.08366533864541825,0.07550260610573334,0.0801642563827889,0.14476973210663385,0.00011135857461024499,0.5,-0.17905119132232672,0.3581853238584274,0.9654908334312974,0.15787266805166547,0.1267609949701266,0.0845843957934125
2021-03-31 03:20:00,0.2482566248256625,0.09163346613545809,0.05793000744601606,0.0658810926620248,0.14476973210663385,0.00011135857461024499,0.5,-0.17905119132232672,0.3581853238584274,0.9654908334312974,0.15787266805166547,0.1267609949701266,0.10426694026585392
2021-03-31 03:30:00,0.20571827057182707,0.40239043824701204,-0.011466865227103606,-0.022674522406713193,0.14476973210663385,0.00011135857461024499,0.5,-0.17905119132232672,0.3581853238584274,0.9654908334312974,0.15787266805166547,0.1267609949701266,0.0771006533186475
2021-03-31 03:40:00,0.18131101813110181,0.7211155378486056,-0.03350707371556216,-0.06480985538296735,0.14476973210663385,0.00011135857461024499,0.5,-0.17905119132232672,0.3581853238584274,0.9654908334312974,0.15787266805166547,0.1267609949701266,0.056195965417867436
2021-03-31 03:50:00,0.12552301255230125,-0.10756972111553798,-0.043931496649292856,-0.08516336368505628,0.14476973210663385,0.00011135857461024499,0.5,-0.17905119132232672,0.3581853238584274,0.9654908334312974,0.15787266805166547,0.1267609949701266,0.024344795328696232
2021-03-31 04:00:00,0.12273361227336123,0.20318725099601576,-0.05107967237527933,-0.09087662917336181,0.13012524374762796,0.00011135857461024499,0.5,-0.1797107486667937,0.3661075782958402,0.9666636104462881,0.20451137210653692,0.13286322906819473,0.023944958281153342
2021-03-31 04:10:00,0.18479776847977683,0.5697211155378485,-0.05405807892777381,-0.10266023924299217,0.14347410713117223,0.00011135857461024499,0.5,-0.1797107486667937,0.3661075782958402,0.9666636104462881,0.20451137210653692,0.13286322906819473,0.06224632979766737
2021-03-31 04:20:00,0.20920502092050208,-0.06772908366533881,-0.05793000744601651,-0.1169434029637566,0.15783067882896443,0.00011135857461024499,0.5,-0.1797107486667937,0.3661075782958402,0.9666636104462881,0.20451137210653692,0.13286322906819473,0.07660274303302805
2021-03-31 04:30:00,0.199442119944212,-0.21115537848605592,-0.06269545793000753,-0.12515622210319588,0.14813312219444846,0.00011135857461024499,0.5,-0.1797107486667937,0.3661075782958402,0.9666636104462881,0.20451137210653692,0.13286322906819473,0.06972252817719571
2021-03-31 04:40:00,0.24895397489539747,0.38645418326693215,-0.06329113924050644,-0.132654883056597,0.14476973210663385,0.00011135857461024499,0.5,-0.1797107486667937,0.3661075782958402,0.9666636104462881,0.20451137210653692,0.13286322906819473,0.10152843369494698
2021-03-31 04:50:00,0.23640167364016737,0.13147410358565725,-0.06478034251675369,-0.13729691126584542,0.15402232662836504,0.00011135857461024499,0.5,-0.1797107486667937,0.3661075782958402,0.9666636104462881,0.20451137210653692,0.13286322906819473,0.10838601626506933
2021-03-31 05:00:00,0.25383542538354253,-0.1394422310756973,-0.06865227103499649,-0.13515443670773075,0.15861590608681997,0.00011135857461024499,0.5,-0.17847304886928028,0.3631018916286161,0.9030977773669001,0.23712879119576957,0.12012856101131683,0.10911779350302518
2021-03-31 05:10:00,0.1924686192468619,0.5378486055776892,-0.06686522710349974,-0.1358685948937688,0.15861590608681997,0.00011135857461024499,0.5,-0.17847304886928028,0.3631018916286161,0.9030977773669001,0.23712879119576957,0.12012856101131683,0.0678817689394511
2021-03-31 05:20:00,0.1304044630404463,0.47410358565737054,-0.06924795234549519,-0.1347973576147118,0.15861590608681997,0.00011135857461024499,0.5,-0.17847304886928028,0.3631018916286161,0.9030977773669001,0.23712879119576957,0.12012856101131683,0.023364062947930656
2021-03-31 05:30:00,0.09832635983263598,0.585657370517928,-0.06686522710349974,-0.12908409212640592,0.1661802620041617,0.00011135857461024499,0.5,-0.17847304886928028,0.3631018916286161,0.9030977773669001,0.23712879119576957,0.12012856101131683,0.006088084855983222
2021-03-31 05:40:00,0.08577405857740586,0.5298804780876492,-0.0689501116902459,-0.12408498482413843,0.17506641713889362,0.00044543429844097997,0.5,-0.17847304886928028,0.3631018916286161,0.9030977773669001,0.23712879119576957,0.12012856101131683,0.0
2021-03-31 05:50:00,0.08298465829846582,0.4617529880478086,-0.05137751303052884,-0.09908944831280142,0.17506641713889362,0.9414253897550112,0.5,-0.17847304886928028,0.3631018916286161,0.9030977773669001,0.23712879119576957,0.12012856101131683,0.0
2021-03-31 06:00:00,0.08507670850767085,0.39362549800796787,-0.04720774385703663,-0.06980896268523484,0.17506641713889362,0.9993318485523385,0.5,-0.1767956219400626,0.37526256655757073,0.7720566854059897,0.2923763180201838,0.10561410484809235,0.0
2021-03-31 06:10:00,0.07322175732217574,0.32549800796812733,-0.04363365599404323,-0.06338153901089094,0.17506641713889362,0.9993318485523385,0.5,-0.1767956219400626,0.37526256655757073,0.7720566854059897,0.2923763180201838,0.10561410484809235,0.0
2021-03-31 06:20:00,0.05299860529986053,0.2573705179282868,-0.03737900223380497,-0.06802356722013914,0.17506641713889362,0.9993318485523385,0.5,-0.1767956219400626,0.37526256655757073,0.7720566854059897,0.2923763180201838,0.10561410484809235,0.0
2021-03-31 06:30:00,0.06276150627615062,0.18924302788844605,-0.032911392405063356,-0.07052312087127288,0.17506641713889362,0.9993318485523385,0.5,-0.1767956219400626,0.37526256655757073,0.7720566854059897,0.2923763180201838,0.10561410484809235,0.0
2021-03-31 06:40:00,0.04741980474198048,0.12111553784860529,-0.027550260610573418,-0.07052312087127288,0.17506641713889362,0.9993318485523385,0.5,-0.1767956219400626,0.37526256655757073,0.7720566854059897,0.2923763180201838,0.10561410484809235,0.0
2021-03-31 06:50:00,0.043235704323570434,0.05298804780876476,-0.027550260610573418,-0.07052312087127288,0.17506641713889362,0.9993318485523385,0.5,-0.1767956219400626,0.37526256655757073,0.7720566854059897,0.2923763180201838,0.10561410484809235,0.0
2021-03-31 07:00:00,0.03138075313807531,-0.015139442231075773,-0.028145941921072448,-0.07052312087127288,0.17506641713889362,0.9993318485523385,0.5,-0.16888076704101074,0.4035694684302328,0.7581662271923214,0.2836970763753919,0.1261811024447458,0.0
2021-03-31 07:10:00,0.030683403068340307,-0.08326693227091642,-0.032911392405063356,-0.07052312087127288,0.17506641713889362,0.9993318485523385,0.5,-0.16888076704101074,0.4035694684302328,0.7581662271923214,0.2836970763753919,0.1261811024447458,0.0
2021-03-31 07:20:00,0.05090655509065551,-0.15139442231075717,-0.029337304542070175,-0.07052312087127288,0.17506641713889362,0.9993318485523385,0.5,-0.16888076704101074,0.4035694684302328,0.7581662271923214,0.2836970763753919,0.1261811024447458,0.0
2021-03-31 07:30:00,0.03556485355648536,-0.21952191235059781,-0.030528667163067902,-0.07052312087127288,0.17506641713889362,0.9993318485523385,0.5,-0.16888076704101074,0.4035694684302328,0.7581662271923214,0.2836970763753919,0.1261811024447458,0.0
2021-03-31 07:40:00,0.009065550906555092,-0.28764940239043846,-0.034996276991809516,-0.07409391180146396,0.17506641713889362,0.9993318485523385,0.5,-0.16888076704101074,0.4035694684302328,0.7581662271923214,0.2836970763753919,0.1261811024447458,0.0
2021-03-31 07:50:00,0.015341701534170154,-0.3557768924302791,-0.04154877140729718,-0.07766470273165504,0.17506641713889362,0.9993318485523385,0.5,-0.16888076704101074,0.4035694684302328,0.7581662271923214,0.2836970763753919,0.1261811024447458,0.0
2021-03-31 08:00:00,0.006276150627615063,-0.42390438247011963,-0.04005956813105005,-0.07766470273165504,0.17506641713889362,0.9993318485523385,0.5,-0.16759420496740907,0.428663791245579,0.734496751466003,0.30914006965352,0.11952569820571708,0.0
2021-03-31 08:10:00,0.013249651324965132,-0.4920318725099603,-0.04482501861504107,-0.07766470273165504,0.17506641713889362,0.9993318485523385,0.5,-0.16759420496740907,0.428663791245579,0.734496751466003,0.30914006965352,0.11952569820571708,0.0
2021-03-31 08:20:00,0.022315202231520222,-0.5601593625498009,-0.04095309009679826,-0.07766470273165504,0.17506641713889362,0.9993318485523385,0.5,-0.16759420496740907,0.428663791245579,0.734496751466003,0.30914006965352,0.11952569820571708,0.0
2021-03-31 08:30:00,0.02092050209205021,-0.6282868525896417,-0.03648548026805687,-0.07766470273165504,0.17506641713889362,0.9993318485523385,0.5,-0.16759420496740907,0.428663791245579,0.734496751466003,0.30914006965352,0.11952569820571708,0.0
2021-03-31 08:40:00,0.024407252440725242,-0.6964143426294823,-0.035591958302308435,-0.07766470273165504,0.17506641713889362,0.9993318485523385,0.5,-0.16759420496740907,0.428663791245579,0.734496751466003,0.30914006965352,0.11952569820571708,0.0
2021-03-31 08:50:00,0.029288702928870293,-0.4682602921646748,-0.03350707371556216,-0.07159435815033022,0.17506641713889362,0.9993318485523385,0.5,-0.16759420496740907,0.428663791245579,0.734496751466003,0.30914006965352,0.11952569820571708,0.0
2021-03-31 09:00:00,0.044630404463040445,-0.24010624169986738,-0.028741623231571256,-0.07052312087127288,0.17506641713889362,0.9993318485523385,0.5,-0.16253750971825653,0.4417899639949757,0.6926920951811014,0.3649971369822571,0.12580416755163887,0.0
2021-03-31 09:10:00,0.0404463040446304,-0.01195219123505975,-0.025763216679076772,-0.07052312087127288,0.17506641713889362,0.9993318485523385,0.5,-0.16253750971825653,0.4417899639949757,0.6926920951811014,0.3649971369822571,0.12580416755163887,0.0
2021-03-31 09:20:00,0.048814504881450484,-0.3505976095617531,-0.018912881608339704,-0.06945188359221555,0.17506641713889362,0.9993318485523385,0.5,-0.16253750971825653,0.4417899639949757,0.6926920951811014,0.3649971369822571,0.12580416755163887,0.0
2021-03-31 09:30:00,0.055090655509065556,-0.6892430278884463,-0.010871183916604688,-0.06338153901089094,0.17506641713889362,0.9993318485523385,0.5,-0.16253750971825653,0.4417899639949757,0.6926920951811014,0.3649971369822571,0.12580416755163887,0.0
2021-03-31 09:40:00,0.07043235704323571,0.5059760956175297,-0.005212211466865346,-0.06338153901089094,0.17506641713889362,0.9993318485523385,0.5,-0.16253750971825653,0.4417899639949757,0.6926920951811014,0.3649971369822571,0.12580416755163887,0.0
2021-03-31 09:50:00,0.09762900976290097,0.4452191235059759,0.0007446016381233989,-0.06338153901089094,0.17506641713889362,0.9993318485523385,0.5,-0.16253750971825653,0.4417899639949757,0.6926920951811014,0.3649971369822571,0.12580416755163887,0.0
2021-03-31 10:00:00,0.11018131101813111,0.3844621513944222,0.009679821295606628,-0.06302445991787176,0.17506641713889362,0.9993318485523385,0.5,-0.038725538427261896,0.44259167200659855,0.5052770527180261,0.2991373798803139,0.17261085413121502,0.0
2021-03-31 10:10:00,0.10251046025104603,0.32370517928286846,0.016827997021593433,-0.06338153901089094,0.17506641713889362,0.9993318485523385,0.5,-0.038725538427261896,0.44259167200659855,0.5052770527180261,0.2991373798803139,0.17261085413121502,0.0
2021-03-31 10:20:00,0.1304044630404463,0.26294820717131473,0.024869694713328228,-0.06123906445277627,0.17506641713889362,0.9993318485523385,0.5,-0.038725538427261896,0.44259167200659855,0.5052770527180261,0.2991373798803139,0.17261085413121502,0.0
2021-03-31 10:30:00,0.12482566248256625,0.20219123505976078,0.033507073715562274,-0.061596143545795345,0.17506641713889362,0.9993318485523385,0.5,-0.038725538427261896,0.44259167200659855,0.5052770527180261,0.2991373798803139,0.17261085413121502,0.0
2021-03-31 10:40:00,0.11924686192468618,0.14143426294820705,0.03886820551005199,-0.05981074808069986,0.17506641713889362,0.9993318485523385,0.5,-0.038725538427261896,0.44259167200659855,0.5052770527180261,0.2991373798803139,0.17261085413121502,0.0
2021-03-31 10:50:00,0.10320781032078104,0.08067729083665331,0.05018615040953067,-0.05623995715050878,0.17506641713889362,0.9993318485523385,0.5,-0.038725538427261896,0.44259167200659855,0.5052770527180261,0.2991373798803139,0.17261085413121502,0.0
2021-03-31 11:00:00,0.07670850767085077,0.019920318725099362,0.05822784810126569,-0.04731297982503124,0.17506641713889362,0.9993318485523385,0.5,-0.03381543000637388,0.43755441700885456,0.5416194442573936,0.1656595907122215,0.29317583212714676,0.0
2021-03-31 11:10:00,0.07461645746164575,-0.24833997343957503,0.06805658972449735,-0.041956793429744677,0.17506641713889362,0.9993318485523385,0.5,-0.03381543000637388,0.43755441700885456,0.5416194442573936,0.1656595907122215,0.29317583212714676,0.0
2021-03-31 11:20:00,0.058577405857740586,-0.5166002656042497,0.0743112434847355,-0.036957686127477296,0.17506641713889362,0.9993318485523385,0.5,-0.03381543000637388,0.43755441700885456,0.5416194442573936,0.1656595907122215,0.29317583212714676,0.0
2021-03-31 11:30:00,0.055788005578800565,-0.7848605577689244,0.08235294117647052,-0.028744866988037687,0.17506641713889362,0.9993318485523385,0.5,-0.03381543000637388,0.43755441700885456,0.5416194442573936,0.1656595907122215,0.29317583212714676,0.0
2021-03-31 11:40:00,0.060669456066945605,-0.736166445329792,0.09218168279970218,-0.01981788966256015,0.17506641713889362,0.9993318485523385,0.5,-0.03381543000637388,0.43755441700885456,0.5416194442573936,0.1656595907122215,0.29317583212714676,0.0
2021-03-31 11:50:00,0.07740585774058578,-0.6874723328906596,0.09873417721518973,-0.01553294054633092,0.17506641713889362,0.9993318485523385,0.5,-0.03381543000637388,0.43755441700885456,0.5416194442573936,0.1656595907122215,0.29317583212714676,0.0
2021-03-31 12:00:00,0.061366806136680614,-0.6387782204515273,0.10081906180193578,-0.01553294054633092,0.17506641713889362,0.9993318485523385,0.5,-0.0277490033263037,0.4230863172292507,0.5460263618663843,0.11013916701408859,0.35705634869492353,0.0
2021-03-31 12:10:00,0.030683403068340307,-0.5900841080123949,0.10647803425167512,-0.010890912337082503,0.17506641713889362,0.9993318485523385,0.5,-0.0277490033263037,0.4230863172292507,0.5460263618663843,0.11013916701408859,0.35705634869492353,0.0
2021-03-31 12:20:00,0.0404463040446304,-0.5413899955732626,0.11243484735666387,-0.0008926977325478536,0.17506641713889362,0.9993318485523385,0.5,-0.0277490033263037,0.4230863172292507,0.5460263618663843,0.11013916701408859,0.35705634869492353,0.0
2021-03-31 12:30:00,0.05439330543933055,-0.49269588313413015,0.12077438570364829,0.00910551687198713,0.17506641713889362,0.9993318485523385,0.5,-0.0277490033263037,0.4230863172292507,0.5460263618663843,0.11013916701408859,0.35705634869492353,0.0
2021-03-31 12:40:00,0.09693165969316596,-0.4440017706949978,0.12643335815338785,0.018032494197464777,0.17506641713889362,0.9993318485523385,0.5,-0.0277490033263037,0.4230863172292507,0.5460263618663843,0.11013916701408859,0.35705634869492353,0.0
2021-03-31 12:50:00,0.0899581589958159,-0.39530765825586545,0.12732688011913607,0.018746652383502926,0.17506641713889362,0.9993318485523385,0.5,-0.0277490033263037,0.4230863172292507,0.5460263618663843,0.11013916701408859,0.35705634869492353,0.0
2021-03-31 13:00:00,0.03556485355648536,-0.3466135458167332,0.1323901712583766,0.021246206034636783,0.17506641713889362,0.9993318485523385,0.5,0.067400123339725,0.40361544451692166,0.4831912317671409,0.047408976975470085,0.6386155500645432,0.0
2021-03-31 13:10:00,0.0299860529986053,-0.29791943337760085,0.13715562174236773,0.03302981610426703,0.17506641713889362,0.9993318485523385,0.5,0.067400123339725,0.40361544451692166,0.4831912317671409,0.047408976975470085,0.6386155500645432,0.0
2021-03-31 13:20:00,0.09344490934449094,-0.2492253209384684,0.14400595681310469,0.04159971433672571,0.17506641713889362,0.9993318485523385,0.5,0.067400123339725,0.40361544451692166,0.4831912317671409,0.047408976975470085,0.6386155500645432,0.0
2021-03-31 13:30:00,0.13598326359832635,-0.20053120849933603,0.14221891288160804,0.03731476522049637,0.17506641713889362,0.9993318485523385,0.5,0.067400123339725,0.40361544451692166,0.4831912317671409,0.047408976975470085,0.6386155500645432,0.0
2021-03-31 13:40:00,0.15829846582984658,-0.15183709606020368,0.14400595681310469,0.031244420639171766,0.17506641713889362,0.9993318485523385,0.5,0.067400123339725,0.40361544451692166,0.4831912317671409,0.047408976975470085,0.6386155500645432,0.0
2021-03-31 13:50:00,0.14086471408647142,-0.10314298362107122,0.14519731943410275,0.029101946081057095,0.17506641713889362,0.9993318485523385,0.5,0.067400123339725,0.40361544451692166,0.4831912317671409,0.047408976975470085,0.6386155500645432,0.0
2021-03-31 14:00:00,0.12691771269177127,-0.054448871181938974,0.14519731943410275,0.02803070880199976,0.22482365104500662,0.9993318485523385,0.5,0.08056712259228216,0.38698359515756836,0.45458538946582977,0.1424706614212531,0.65814400506512,0.0
2021-03-31 14:10:00,0.16457461645746163,-0.0057547587428066205,0.148175725986597,0.03802892340653452,0.23278062059127613,0.9993318485523385,0.5,0.08056712259228216,0.38698359515756836,0.45458538946582977,0.1424706614212531,0.65814400506512,0.0
2021-03-31 14:20:00,0.10529986052998605,0.04293935369632562,0.15591958302308262,0.04267095161578305,0.23278062059127613,0.9993318485523385,0.5,0.08056712259228216,0.38698359515756836,0.45458538946582977,0.1424706614212531,0.65814400506512,0.0
2021-03-31 14:30:00,0.12412831241283125,0.09163346613545809,0.16485480268056585,0.051597928941260696,0.23278062059127613,0.9993318485523385,0.5,0.08056712259228216,0.38698359515756836,0.45458538946582977,0.1424706614212531,0.65814400506512,0.0
2021-03-31 14:40:00,0.11924686192468618,-0.1633466135458168,0.16872673119880832,0.059453668987680786,0.23278062059127613,0.9993318485523385,0.5,0.08056712259228216,0.38698359515756836,0.45458538946582977,0.1424706614212531,0.65814400506512,0.0
2021-03-31 14:50:00,0.044630404463040445,0.20849933598937564,0.16991809381980638,0.06195322263881464,0.23278062059127613,0.9993318485523385,0.5,0.08056712259228216,0.38698359515756836,0.45458538946582977,0.1424706614212531,0.65814400506512,0.0
2021-03-31 15:00:00,0.02510460251046025,0.5803452855245685,0.1746835443037973,0.06802356722013925,0.23278062059127613,0.9993318485523385,0.5,0.08369397473103235,0.37479993218527347,0.4201391227024293,0.2495988990499861,0.652209929034655,0.0
2021-03-31 15:10:00,0.14504881450488147,0.6349417146229894,0.17408786299329848,0.0687377254061774,0.23278062059127613,0.9993318485523385,0.5,0.08369397473103235,0.37479993218527347,0.4201391227024293,0.2495988990499861,0.652209929034655,0.0
2021-03-31 15:20:00,0.14853556485355648,0.6895381437214105,0.17408786299329848,0.06302445991787198,0.285665676407847,0.8635857461024499,0.5,0.08369397473103235,0.37479993218527347,0.4201391227024293,0.2495988990499861,0.652209929034655,0.0
2021-03-31 15:30:00,0.16596931659693165,0.7441345728198316,0.17498138495904692,0.06695232994108213,0.29829474813835705,0.997772828507795,0.5,0.08369397473103235,0.37479993218527347,0.4201391227024293,0.2495988990499861,0.652209929034655,0.0
2021-03-31 15:40:00,0.08437935843793584,0.7034085878707395,0.171109456440804,0.07016604177825392,0.22889374566489118,0.996770601336303,0.5,0.08369397473103235,0.37479993218527347,0.4201391227024293,0.2495988990499861,0.652209929034655,0.0
2021-03-31 15:50:00,0.09414225941422595,0.6626826029216466,0.1705137751303052,0.0687377254061774,0.22888065854392695,0.9995545657015591,0.5,0.08369397473103235,0.37479993218527347,0.4201391227024293,0.2495988990499861,0.652209929034655,0.0
2021-03-31 16:00:00,0.08786610878661089,0.621956617972554,0.17498138495904692,0.06766648812712006,0.22888065854392695,0.9995545657015591,0.5,0.10919734789573665,0.3596163295565917,0.38589220774131744,0.29875811786764206,0.6814917992622052,0.0
2021-03-31 16:10:00,0.06345885634588563,0.5812306330234616,0.1720029784065522,0.06838064631315843,0.22888065854392695,0.9995545657015591,0.5,0.10919734789573665,0.3596163295565917,0.38589220774131744,0.29875811786764206,0.6814917992622052,0.0
2021-03-31 16:20:00,0.06206415620641562,0.5405046480743689,0.16813104988830951,0.07088019996429229,0.22888065854392695,0.9995545657015591,0.5,0.10919734789573665,0.3596163295565917,0.38589220774131744,0.29875811786764206,0.6814917992622052,0.0
2021-03-31 16:30:00,0.05369595536959554,0.49977866312527675,0.16902457185405795,0.07123727905731125,0.22888065854392695,0.9995545657015591,0.5,0.10919734789573665,0.3596163295565917,0.38589220774131744,0.29875811786764206,0.6814917992622052,0.0
2021-03-31 16:40:00,0.06624825662482565,0.4590526781761839,0.17349218168279945,0.0687377254061774,0.22888065854392695,0.9995545657015591,0.5,0.10919734789573665,0.3596163295565917,0.38589220774131744,0.29875811786764206,0.6814917992622052,0.0
2021-03-31 16:50:00,0.039051603905160395,0.4183266932270917,0.17736411020104237,0.0687377254061774,0.22888065854392695,0.9995545657015591,0.5,0.10919734789573665,0.3596163295565917,0.38589220774131744,0.29875811786764206,0.6814917992622052,0.0
2021-03-31 17:00:00,0.024407252440725242,0.35856573705179273,0.17736411020104237,0.0687377254061774,0.22888065854392695,0.9995545657015591,0.5,0.10598090935864324,0.3500906590959375,0.407678620546399,0.38399219688199265,0.7047847704458494,0.0
2021-03-31 17:10:00,0.048814504881450484,0.298804780876494,0.17795979151154118,0.06838064631315843,0.22888065854392695,0.9995545657015591,0.5,0.10598090935864324,0.3500906590959375,0.407678620546399,0.38399219688199265,0.7047847704458494,0.0
2021-03-31 17:20:00,0.07810320781032079,0.23904382470119523,0.17795979151154118,0.062310301731833606,0.22888065854392695,0.9995545657015591,0.5,0.10598090935864324,0.3500906590959375,0.407678620546399,0.38399219688199265,0.7047847704458494,0.0
2021-03-31 17:30:00,0.07670850767085077,0.17928286852589648,0.17587490692479513,0.05659703624352819,0.22888065854392695,0.9995545657015591,0.5,0.10598090935864324,0.3500906590959375,0.407678620546399,0.38399219688199265,0.7047847704458494,0.0
2021-03-31 17:40:00,0.06624825662482565,0.12669322709163344,0.1746835443037973,0.054454561685413294,0.22888065854392695,0.9995545657015591,0.5,0.10598090935864324,0.3500906590959375,0.407678620546399,0.38399219688199265,0.7047847704458494,0.0
2021-03-31 17:50:00,0.1311018131101813,0.07410358565737041,0.16872673119880832,0.04731297982503113,0.22888065854392695,0.9995545657015591,0.5,0.10598090935864324,0.3500906590959375,0.407678620546399,0.38399219688199265,0.7047847704458494,0.0
2021-03-31 18:00:00,0.2315202231520223,0.021513944223107595,0.16455696202531622,0.04052847705766838,0.32764916046119014,0.9991091314031181,0.5,0.03883503662002452,0.3573031576951053,0.49733126017604085,0.4348059383192199,0.7205711810413978,0.0
2021-03-31 18:10:00,0.1680613668061367,-0.03107569721115544,0.15740878629932964,0.04981253347616499,0.46137336247398936,0.8021158129175947,0.5,0.03883503662002452,0.3573031576951053,0.49733126017604085,0.4348059383192199,0.7205711810413978,0.0
2021-03-31 18:20:00,0.19525801952580193,-0.08366533864541836,0.15502606105733419,0.03231565791822888,0.46154349504652475,0.005902004454342985,0.5,0.03883503662002452,0.3573031576951053,0.49733126017604085,0.4348059383192199,0.7205711810413978,0.050560526276083706
2021-03-31 18:30:00,0.1903765690376569,0.2828685258964143,0.15591958302308262,0.023031601499732268,0.4308672835063015,0.1638084632516704,0.5,0.03883503662002452,0.3573031576951053,0.49733126017604085,0.4348059383192199,0.7205711810413978,0.04698462513390769
2021-03-31 18:40:00,0.1799163179916318,0.5219123505976095,0.14549516008935193,0.031244420639171766,0.4485610710499797,0.4293986636971047,0.5,0.03883503662002452,0.3573031576951053,0.49733126017604085,0.4348059383192199,0.7205711810413978,0.0
2021-03-31 18:50:00,0.31520223152022314,-0.21912350597609564,0.14519731943410275,0.030887341546152358,0.41933752993678924,0.10512249443207126,0.5,0.03883503662002452,0.3573031576951053,0.49733126017604085,0.4348059383192199,0.7205711810413978,0.11608099340646078
2021-03-31 19:00:00,0.3103207810320781,0.33864541832669315,0.15413253909158597,0.022674522406713082,0.4208556359686433,0.00011135857461024499,0.5,0.02499220371533406,0.3822078291528629,0.5474338718241464,0.5302434492695742,0.7195041454611844,0.16423495330205048
2021-03-31 19:10:00,0.2782426778242678,0.019920318725099362,0.1553239017125836,0.03017318336011443,0.41496643153472673,0.00011135857461024499,0.5,0.02499220371533406,0.3822078291528629,0.5474338718241464,0.5302434492695742,0.7195041454611844,0.11457971845436576
2021-03-31 19:20:00,0.32566248256624825,-0.5617529880478087,0.1553239017125836,0.039814318871630006,0.3938961667822696,0.00011135857461024499,0.5,0.02499220371533406,0.3822078291528629,0.5474338718241464,0.5302434492695742,0.7195041454611844,0.18768954539282104
2021-03-31 19:30:00,0.10808926080892609,-0.1872509960159363,0.15174981384959052,0.04517050526691668,0.3345198989674262,0.3027839643652562,0.5,0.02499220371533406,0.3822078291528629,0.5474338718241464,0.5302434492695742,0.7195041454611844,0.0050394556180877225
2021-03-31 19:40:00,0.301952580195258,-0.043824701195219196,0.13775130305286676,0.05623995715050878,0.36816688696653627,0.7468819599109131,0.5,0.02499220371533406,0.3822078291528629,0.5474338718241464,0.5302434492695742,0.7195041454611844,0.010146808093305369
2021-03-31 19:50:00,0.18131101813110181,0.09960159362549792,0.14043186895011162,0.058025352615604486,0.4306709766918376,0.00011135857461024499,0.5,0.02499220371533406,0.3822078291528629,0.5474338718241464,0.5302434492695742,0.7195041454611844,0.043099416087028684
2021-03-31 20:00:00,0.2670850767085077,-0.2270916334661356,0.14460163812360372,0.06623817175504376,0.4278572456845219,0.00011135857461024499,0.5,0.020399616706295642,0.3971931599077024,0.5953433600188294,0.5858734837577342,0.7299692853661506,0.14744179730524917
2021-03-31 20:10:00,0.4546722454672245,0.1633466135458166,0.14519731943410275,0.057311194429566115,0.4433785711481331,0.00011135857461024499,0.5,0.020399616706295642,0.3971931599077024,0.5953433600188294,0.5858734837577342,0.7299692853661506,0.4191951959201533
2021-03-31 20:20:00,0.46164574616457466,-0.043824701195219196,0.11988086373789986,0.039100160685591856,0.45726400649121196,0.00011135857461024499,0.5,0.020399616706295642,0.3971931599077024,0.5953433600188294,0.5858734837577342,0.7299692853661506,0.4562140712464354
2021-03-31 20:30:00,0.37517433751743373,0.07569721115537842,0.06150409530900958,-0.006248884127834309,0.4722618471162529,0.00011135857461024499,0.5,0.020399616706295642,0.3971931599077024,0.5953433600188294,0.5858734837577342,0.7299692853661506,0.24202966338247053
2021-03-31 20:40:00,0.32566248256624825,-0.31474103585657376,0.03886820551005199,-0.03267273701124784,0.47926345683213156,0.00011135857461024499,0.5,0.020399616706295642,0.3971931599077024,0.5953433600188294,0.5858734837577342,0.7299692853661506,0.18046984625133908
2021-03-31 20:50:00,0.2873082287308229,0.19521912350597592,0.02725241995532368,-0.05159792894126036,0.4676159191739409,0.00011135857461024499,0.5,0.020399616706295642,0.3971931599077024,0.5953433600188294,0.5858734837577342,0.7299692853661506,0.142213739306245
2021-03-31 21:00:00,0.24198047419804744,-0.6095617529880479,0.020997766195085532,-0.06302445991787176,0.45790527541846066,0.00011135857461024499,0.5,0.02141748629104634,0.4129801986741647,0.6148401438224338,0.5407044358233848,0.7471494649869396,0.08699850626914314
2021-03-31 21:10:00,0.300557880055788,-0.3227091633466136,0.017125837676842837,-0.06302445991787176,0.40433968931174835,0.00011135857461024499,0.5,0.02141748629104634,0.4129801986741647,0.6148401438224338,0.5407044358233848,0.7471494649869396,0.1624470027309625
2021-03-31 21:20:00,0.4121338912133891,0.15537848605577675,0.011466865227103495,-0.07016604177825392,0.4188140450982188,0.00011135857461024499,0.5,0.02141748629104634,0.4129801986741647,0.6148401438224338,0.5407044358233848,0.7471494649869396,0.3293676539372633
2021-03-31 21:30:00,0.41283124128312415,0.019920318725099362,-0.0025316455696204887,-0.07552222817354037,0.4244415071128503,0.00011135857461024499,0.5,0.02141748629104634,0.4129801986741647,0.6148401438224338,0.5407044358233848,0.7471494649869396,0.29941005175249336
2021-03-31 21:40:00,0.3242677824267783,-0.4342629482071714,-0.014147431124348686,-0.08302088912694161,0.42983340095012496,0.00011135857461024499,0.5,0.02141748629104634,0.4129801986741647,0.6148401438224338,0.5407044358233848,0.7471494649869396,0.1680447213965629
2021-03-31 21:50:00,0.1708507670850767,0.24302788844621515,-0.01861504095309008,-0.09087662917336181,0.4222821321537475,0.00011135857461024499,0.5,0.02141748629104634,0.4129801986741647,0.6148401438224338,0.5407044358233848,0.7471494649869396,0.05045490894277049
2021-03-31 22:00:00,0.24755927475592746,-0.5856573705179284,-0.022486969471332885,-0.09230494554543822,0.421850257161927,0.00011135857461024499,0.5,-0.0033041905155154483,0.43511481090897575,0.6310487642153878,0.48123664948103945,0.7443554819757199,0.1190759992154141
2021-03-31 22:10:00,0.41143654114365413,0.3067729083665336,-0.028741623231571256,-0.10051776468487772,0.41397181034144304,0.00011135857461024499,0.5,-0.0033041905155154483,0.43511481090897575,0.6310487642153878,0.48123664948103945,0.7443554819757199,0.3095870362267453
2021-03-31 22:20:00,0.42538354253835425,0.4820717131474104,-0.037676842889054374,-0.10515979289412591,0.42311970789546005,0.00011135857461024499,0.5,-0.0033041905155154483,0.43511481090897575,0.6310487642153878,0.48123664948103945,0.7443554819757199,0.33564434117416303
2021-03-31 22:30:00,0.3891213389121339,0.043824701195219085,-0.04482501861504107,-0.10980182110337433,0.437410843988431,0.00011135857461024499,0.5,-0.0033041905155154483,0.43511481090897575,0.6310487642153878,0.48123664948103945,0.7443554819757199,0.29412918508683256
2021-03-31 22:40:00,0.43654114365411434,0.2669322709163344,-0.04929262844378268,-0.10980182110337433,0.4476449725824816,0.00011135857461024499,0.5,-0.0033041905155154483,0.43511481090897575,0.6310487642153878,0.48123664948103945,0.7443554819757199,0.3701510327866379
2021-03-31 22:50:00,0.3075313807531381,0.027888446215139417,-0.05137751303052884,-0.11301553294054623,0.45747340042664014,0.00011135857461024499,0.5,-0.0033041905155154483,0.43511481090897575,0.6310487642153878,0.48123664948103945,0.7443554819757199,0.17174887215776213
2021-03-31 23:00:00,0.23361227336122734,-0.2589641434262948,-0.05137751303052884,-0.11480092840564182,0.45887372236981583,0.00011135857461024499,0.5,-0.033522256349844626,0.43669236538345624,0.6619233111877829,0.4466788734982753,0.730045689856078,0.09716040255292183
2021-03-31 23:10:00,0.2210599721059972,-0.05179282868525903,-0.05137751303052884,-0.12051419389394735,0.45887372236981583,0.00011135857461024499,0.5,-0.033522256349844626,0.43669236538345624,0.6619233111877829,0.4466788734982753,0.730045689856078,0.08269082788901128
2021-03-31 23:20:00,0.2782426778242678,0.05179282868525892,-0.054951600893522135,-0.12229958935904306,0.45887372236981583,0.00011135857461024499,0.5,-0.033522256349844626,0.43669236538345624,0.6619233111877829,0.4466788734982753,0.730045689856078,0.126936946452012
2021-03-31 23:30:00,0.2782426778242678,-0.24302788844621515,-0.05971705137751315,-0.12515622210319588,0.4555495936448941,0.00011135857461024499,0.5,-0.033522256349844626,0.43669236538345624,0.6619233111877829,0.4466788734982753,0.730045689856078,0.12201819635771083
2021-03-31 23:40:00,0.1806136680613668,0.43426294820717115,-0.06031273268801207,-0.1312265666845207,0.4450929839944511,0.00011135857461024499,0.5,-0.033522256349844626,0.43669236538345624,0.6619233111877829,0.4466788734982753,0.730045689856078,0.06407200084493868
2021-03-31 23:50:00,0.1492329149232915,0.2749003984063745,-0.060610573343261476,-0.12515622210319588,0.4450929839944511,0.00011135857461024499,0.5,-0.033522256349844626,0.43669236538345624,0.6619233111877829,0.4466788734982753,0.730045689856078,0.04070039380177136
2021-04-01 00:00:00,0.12482566945606695,-0.02390438247011961,-0.0618019359642592,-0.12390644527762906,0.43684154113936474,0.00111358574610245,0.5,-0.031926277665137115,0.43873830124106694,0.6783892374375077,0.45836556797504124,0.7267455370677439,0.021602516710170952
2021-04-01 00:10:00,0.100418410041841,-0.3227091633466136,-0.06299329858525693,-0.12265666845206213,0.42859012445852035,0.0021158129175946547,0.5,-0.031926277665137115,0.43873830124106694,0.6783892374375077,0.45836556797504124,0.7267455370677439,0.002504639618570545
2021-04-01 00:20:00,0.07670850767085077,-0.5139442231075697,-0.055845122859270346,-0.12122835207998572,0.42859012445852035,0.919042316258352,0.5,-0.031926277665137115,0.43873830124106694,0.6783892374375077,0.45836556797504124,0.7267455370677439,0.0
2021-04-01 00:30:00,0.08368200836820083,-0.7051792828685259,-0.03648548026805687,-0.09337618282449556,0.42859012445852035,0.9993318485523385,0.5,-0.031926277665137115,0.43873830124106694,0.6783892374375077,0.45836556797504124,0.7267455370677439,0.0
2021-04-01 00:40:00,0.07252440725244073,-0.6327417602318002,-0.026656738644825095,-0.07659346545259771,0.42859012445852035,0.9993318485523385,0.5,-0.031926277665137115,0.43873830124106694,0.6783892374375077,0.45836556797504124,0.7267455370677439,0.0
2021-04-01 00:50:00,0.06694560669456066,-0.5603042375950743,-0.020402084884586835,-0.07159435815033022,0.42859012445852035,0.9993318485523385,0.5,-0.031926277665137115,0.43873830124106694,0.6783892374375077,0.45836556797504124,0.7267455370677439,0.0
2021-04-01 01:00:00,0.061366806136680614,-0.48786671495834855,-0.01801935964259138,-0.0751651490805213,0.42859012445852035,0.9993318485523385,0.5,-0.04995452306249404,0.42966089762562343,0.698454528957181,0.45726677495396634,0.7363374937185078,0.0
2021-04-01 01:10:00,0.07252440725244073,-0.4154291923216227,-0.01593447505584522,-0.07659346545259771,0.42859012445852035,0.9993318485523385,0.5,-0.04995452306249404,0.42966089762562343,0.698454528957181,0.45726677495396634,0.7363374937185078,0.0
2021-04-01 01:20:00,0.09065550906555091,-0.3429916696848969,-0.012658227848101444,-0.07266559542938766,0.42859012445852035,0.9993318485523385,0.5,-0.04995452306249404,0.42966089762562343,0.698454528957181,0.45726677495396634,0.7363374937185078,0.0
2021-04-01 01:30:00,0.11087866108786612,-0.27055414704817116,-0.011466865227103606,-0.07052312087127288,0.42859012445852035,0.9993318485523385,0.5,-0.04995452306249404,0.42966089762562343,0.698454528957181,0.45726677495396634,0.7363374937185078,0.0
2021-04-01 01:40:00,0.08926080892608089,-0.19811662441144529,-0.00967982129560696,-0.07123727905731125,0.42859012445852035,0.9993318485523385,0.5,-0.04995452306249404,0.42966089762562343,0.698454528957181,0.45726677495396634,0.7363374937185078,0.0
2021-04-01 01:50:00,0.07182705718270573,-0.1256791017747193,-0.00967982129560696,-0.07409391180146396,0.42859012445852035,0.9993318485523385,0.5,-0.04995452306249404,0.42966089762562343,0.698454528957181,0.45726677495396634,0.7363374937185078,0.0
2021-04-01 02:00:00,0.061366806136680614,-0.053241579137993655,-0.010871183916604688,-0.07123727905731125,0.42859012445852035,0.9993318485523385,0.5,-0.05256026653120871,0.4312240845730131,0.7089177086666167,0.39792105763891766,0.755840763244117,0.0
2021-04-01 02:10:00,0.3507670850767085,0.019195943498732104,-0.01653015636634425,-0.07659346545259771,0.5034484563740822,0.9248329621380846,0.5,-0.05256026653120871,0.4312240845730131,0.7089177086666167,0.39792105763891766,0.755840763244117,0.0
2021-04-01 02:20:00,0.30613668061366806,0.09163346613545809,-0.015338793745346302,-0.06338153901089094,0.594822734946539,0.0071269487750556795,0.5,-0.05256026653120871,0.4312240845730131,0.7089177086666167,0.39792105763891766,0.755840763244117,0.14285498740136096
2021-04-01 02:30:00,0.33054393305439334,0.2350597609561753,-0.0016381236038721658,-0.054454561685413405,0.6029105757024513,0.00011135857461024499,0.5,-0.05256026653120871,0.4312240845730131,0.7089177086666167,0.39792105763891766,0.755840763244117,0.1985832189145556
2021-04-01 02:40:00,0.33054393305439334,-0.2509960159362551,0.005807892777363932,-0.04731297982503124,0.6029105757024513,0.00011135857461024499,0.5,-0.05256026653120871,0.4312240845730131,0.7089177086666167,0.39792105763891766,0.755840763244117,0.185924227107443
2021-04-01 02:50:00,0.34309623430962344,-0.23505976095617542,0.008190618019359386,-0.041242635243706416,0.6029105757024513,0.00011135857461024499,0.5,-0.05256026653120871,0.4312240845730131,0.7089177086666167,0.39792105763891766,0.755840763244117,0.21124221072166816
2021-04-01 03:00:00,0.2831241283124128,-0.3067729083665339,-0.039761727475800646,-0.062310301731833606,0.5929381895276858,0.00011135857461024499,0.5,-0.06593892448960614,0.4441347444160602,0.7469332857526741,0.3126654072500204,0.7632756681729753,0.15417867435158503
2021-04-01 03:10:00,0.2189679218967922,0.2111553784860556,-0.09932985852568887,-0.12694161756829125,0.5891298373270863,0.00011135857461024499,0.5,-0.06593892448960614,0.4441347444160602,0.7469332857526741,0.3126654072500204,0.7632756681729753,0.09722829941005175
2021-04-01 03:20:00,0.20362622036262204,0.25099601593625476,-0.12047654504839911,-0.16193536868416358,0.5891298373270863,0.00011135857461024499,0.5,-0.06593892448960614,0.4441347444160602,0.7469332857526741,0.3126654072500204,0.7632756681729753,0.08745115198334265
2021-04-01 03:30:00,0.23221757322175732,0.5059760956175297,-0.13596425912137022,-0.18157471880021414,0.5891298373270863,0.00011135857461024499,0.5,-0.06593892448960614,0.4441347444160602,0.7469332857526741,0.3126654072500204,0.7632756681729753,0.09518384960091737
2021-04-01 03:40:00,0.2482566248256625,-0.24302788844621515,-0.1505584512285929,-0.19228709159078738,0.5891298373270863,0.00011135857461024499,0.5,-0.06593892448960614,0.4441347444160602,0.7469332857526741,0.3126654072500204,0.7632756681729753,0.11541711302563484
2021-04-01 03:50:00,0.21617852161785217,-0.4422310756972112,-0.15770662695457938,-0.19550080342795917,0.5757417125806494,0.00011135857461024499,0.5,-0.06593892448960614,0.4441347444160602,0.7469332857526741,0.3126654072500204,0.7632756681729753,0.09484436531526774
2021-04-01 04:00:00,0.201534170153417,0.2111553784860556,-0.1618763961280716,-0.201571148009284,0.5752574891049719,0.00011135857461024499,0.5,-0.12452669464546173,0.43998252908705904,0.8494462724700361,0.2521330292738215,0.771252782585887,0.08091796550839658
2021-04-01 04:10:00,0.14016736401673638,0.09163346613545809,-0.16455696202531667,-0.2062131762185324,0.5752574891049719,0.00011135857461024499,0.5,-0.12452669464546173,0.43998252908705904,0.8494462724700361,0.2521330292738215,0.771252782585887,0.05343482656125051
2021-04-01 04:20:00,0.13458856345885634,0.20318725099601576,-0.16842889054355936,-0.20728441349758975,0.5752574891049719,0.00011135857461024499,0.5,-0.12452669464546173,0.43998252908705904,0.8494462724700361,0.2521330292738215,0.771252782585887,0.042729755420432426
2021-04-01 04:30:00,0.10460251046025104,0.43426294820717115,-0.17200297840655265,-0.20764149259060882,0.5752574891049719,0.00011135857461024499,0.5,-0.12452669464546173,0.43998252908705904,0.8494462724700361,0.2521330292738215,0.771252782585887,0.0190714727582721
2021-04-01 04:40:00,0.08926080892608089,0.6733067729083664,-0.1740878629932987,-0.20692733440457056,0.5752574891049719,0.00011135857461024499,0.5,-0.12452669464546173,0.43998252908705904,0.8494462724700361,0.2521330292738215,0.771252782585887,0.007159346379588696
2021-04-01 04:50:00,0.10529986052998605,0.5298804780876492,-0.17915115413253924,-0.20835565077664697,0.5824554056353144,0.00011135857461024499,0.5,-0.12452669464546173,0.43998252908705904,0.8494462724700361,0.2521330292738215,0.771252782585887,0.01701947885390105
2021-04-01 05:00:00,0.07252440725244073,-0.3705179282868527,-0.18093819806403577,-0.204784859846456,0.585923492690843,0.04832962138084632,0.5,-0.13477856717128778,0.4512868994014483,0.8902923407946959,0.20084328010765062,0.7934451376486519,0.0
2021-04-01 05:10:00,0.08926080892608089,-0.29243027888446227,-0.15681310498883105,-0.16979110873058378,0.5753360118307573,0.9993318485523385,0.5,-0.13477856717128778,0.4512868994014483,0.8902923407946959,0.20084328010765062,0.7934451376486519,0.0
2021-04-01 05:20:00,0.0794979079497908,-0.21434262948207183,-0.15562174236783333,-0.15086591680057126,0.5753360118307573,0.9993318485523385,0.5,-0.13477856717128778,0.4512868994014483,0.8902923407946959,0.20084328010765062,0.7934451376486519,0.0
2021-04-01 05:30:00,0.061366806136680614,-0.1362549800796813,-0.14579300074460166,-0.1490805213354759,0.5753360118307573,0.9993318485523385,0.5,-0.13477856717128778,0.4512868994014483,0.8902923407946959,0.20084328010765062,0.7934451376486519,0.0
2021-04-01 05:40:00,0.03556485355648536,-0.05816733067729085,-0.13358153387937477,-0.15015175861453323,0.5753360118307573,0.9993318485523385,0.5,-0.13477856717128778,0.4512868994014483,0.8902923407946959,0.20084328010765062,0.7934451376486519,0.0
2021-04-01 05:50:00,0.016736401673640166,0.019920318725099362,-0.139240506329114,-0.15265131226566697,0.5753360118307573,0.9993318485523385,0.5,-0.13477856717128778,0.4512868994014483,0.8902923407946959,0.20084328010765062,0.7934451376486519,0.0
2021-04-01 06:00:00,0.056485355648535567,0.011066843736166287,-0.13775130305286676,-0.153365470451705,0.5753360118307573,0.9993318485523385,0.5,-0.17705620962816981,0.4743525273916911,0.9126949434263173,0.10927431401303501,0.8489214031844587,0.0
2021-04-01 06:10:00,0.05160390516039052,0.002213368747233213,-0.131794489947878,-0.15943581503302984,0.5753360118307573,0.9993318485523385,0.5,-0.17705620962816981,0.4743525273916911,0.9126949434263173,0.10927431401303501,0.8489214031844587,0.0
2021-04-01 06:20:00,0.07461645746164575,-0.006640106241699861,-0.13328369322412525,-0.1597928941260488,0.5753360118307573,0.9993318485523385,0.5,-0.17705620962816981,0.4743525273916911,0.9126949434263173,0.10927431401303501,0.8489214031844587,0.0
2021-04-01 06:30:00,0.04672245467224547,-0.015493581230633047,-0.13775130305286676,-0.1597928941260488,0.5753360118307573,0.9993318485523385,0.5,-0.17705620962816981,0.4743525273916911,0.9126949434263173,0.10927431401303501,0.8489214031844587,0.0
2021-04-01 06:40:00,0.056485355648535567,-0.024347056219566343,-0.13775130305286676,-0.16193536868416358,0.5753360118307573,0.9993318485523385,0.5,-0.17705620962816981,0.4743525273916911,0.9126949434263173,0.10927431401303501,0.8489214031844587,0.0
2021-04-01 06:50:00,0.06694560669456066,-0.03320053120849942,-0.13358153387937477,-0.16336368505623988,0.5753360118307573,0.9993318485523385,0.5,-0.17705620962816981,0.4743525273916911,0.9126949434263173,0.10927431401303501,0.8489214031844587,0.0
2021-04-01 07:00:00,0.17503486750348674,-0.0420540061974326,-0.1311988086373791,-0.16907695054454563,0.5754276216775073,0.9993318485523385,0.5,-0.18962058526000236,0.4883235107339789,0.9770954670671964,0.05345323815205584,0.8811947552621207,0.0
2021-04-01 07:10:00,0.1799163179916318,-0.05090748118636568,-0.1309009679821297,-0.17693269059096584,0.6753347031186608,0.5104677060133631,0.5,-0.18962058526000236,0.4883235107339789,0.9770954670671964,0.05345323815205584,0.8811947552621207,0.004383119332498454
2021-04-01 07:20:00,0.11436541143654114,-0.059760956175298974,-0.12315711094564419,-0.14800928405641844,0.7051471646752432,0.00011135857461024499,0.5,-0.18962058526000236,0.4883235107339789,0.9770954670671964,0.05345323815205584,0.8811947552621207,0.017396683615733963
2021-04-01 07:30:00,0.08507670850767085,-0.009296148738379806,-0.11660461653015652,-0.10587395108016429,0.7051471646752432,0.5424276169265033,0.5,-0.18962058526000236,0.4883235107339789,0.9770954670671964,0.05345323815205584,0.8811947552621207,0.0
2021-04-01 07:40:00,0.08298465829846582,0.04116865869853914,-0.12613551749813867,-0.10515979289412591,0.7051471646752432,0.9993318485523385,0.5,-0.18962058526000236,0.4883235107339789,0.9770954670671964,0.05345323815205584,0.8811947552621207,0.0
2021-04-01 07:50:00,0.12343096234309624,0.09163346613545809,-0.13000744601638126,-0.11730048205677557,0.7051471646752432,0.9993318485523385,0.5,-0.18962058526000236,0.4883235107339789,0.9770954670671964,0.05345323815205584,0.8811947552621207,0.0
2021-04-01 08:00:00,0.12482566248256625,-0.09960159362549814,-0.1314966492926286,-0.1280128548473486,0.7051471646752432,0.9993318485523385,0.5,-0.18792688202311836,0.5238745197654068,0.9631965123072473,0.015647276956149123,0.027986606789167152,0.0
2021-04-01 08:10:00,0.15341701534170155,-0.6414342629482073,-0.131794489947878,-0.13693983217282624,0.7051471646752432,0.9993318485523385,0.5,-0.18792688202311836,0.5238745197654068,0.9631965123072473,0.015647276956149123,0.027986606789167152,0.0
2021-04-01 08:20:00,0.20781032078103207,0.11553784860557759,-0.13358153387937477,-0.14658096768434214,0.7051471646752432,0.6583518930957684,0.5,-0.18792688202311836,0.5238745197654068,0.9631965123072473,0.015647276956149123,0.027986606789167152,0.013458665902198349
2021-04-01 08:30:00,0.17364016736401675,-0.0916334661354582,-0.12583767684288916,-0.1376539903588645,0.7208386227113897,0.00011135857461024499,0.5,-0.18792688202311836,0.5238745197654068,0.9631965123072473,0.015647276956149123,0.027986606789167152,0.06506782141617756
2021-04-01 08:40:00,0.1394700139470014,-0.4103585657370519,-0.11213700670141491,-0.1105159792894127,0.71155985394773,0.00011135857461024499,0.5,-0.18792688202311836,0.5238745197654068,0.9631965123072473,0.015647276956149123,0.027986606789167152,0.03533654208850733
2021-04-01 08:50:00,0.1094839609483961,-0.42629482071713154,-0.10290394638868217,-0.08444920549901802,0.705042467707529,0.00011135857461024499,0.5,-0.18792688202311836,0.5238745197654068,0.9631965123072473,0.015647276956149123,0.027986606789167152,0.011293510569277427
2021-04-01 09:00:00,0.08577405857740586,-0.38645418326693237,-0.0963514519731945,-0.05124084984824129,0.6893771839133109,0.14420935412026725,0.5,-0.20445687328794426,0.5173689034990675,0.8695395899110234,0.11706059477602493,0.19669156212766353,0.0
2021-04-01 09:10:00,0.09553695955369597,-0.3645418326693227,-0.10171258376768444,-0.0448134261738975,0.6885788695344911,0.9995545657015591,0.5,-0.20445687328794426,0.5173689034990675,0.8695395899110234,0.11706059477602493,0.19669156212766353,0.0
2021-04-01 09:20:00,0.11157601115760113,-0.3426294820717132,-0.10618019359642605,-0.06088198535975731,0.6885788695344911,0.9995545657015591,0.5,-0.20445687328794426,0.5173689034990675,0.8695395899110234,0.11706059477602493,0.19669156212766353,0.0
2021-04-01 09:30:00,0.07810320781032079,-0.32071713147410374,-0.1082650781831721,-0.07659346545259771,0.6885788695344911,0.9995545657015591,0.5,-0.20445687328794426,0.5173689034990675,0.8695395899110234,0.11706059477602493,0.19669156212766353,0.0
2021-04-01 09:40:00,0.10181311018131102,-0.2988047808764942,-0.10498883097542833,-0.08444920549901802,0.6885788695344911,0.9995545657015591,0.5,-0.20445687328794426,0.5173689034990675,0.8695395899110234,0.11706059477602493,0.19669156212766353,0.0
2021-04-01 09:50:00,0.09135285913528592,-0.27689243027888455,-0.10647803425167546,-0.09159078735940018,0.6885788695344911,0.9995545657015591,0.5,-0.20445687328794426,0.5173689034990675,0.8695395899110234,0.11706059477602493,0.19669156212766353,0.0
2021-04-01 10:00:00,0.08786610878661089,-0.254980079681275,-0.10558451228592702,-0.09337618282449556,0.6885788695344911,0.9995545657015591,0.5,-0.10842015420467388,0.512883361541578,0.6402377156109581,0.22474403763622844,0.2363364949079804,0.0
2021-04-01 10:10:00,0.09623430962343095,-0.23306772908366535,-0.10498883097542833,-0.09908944831280142,0.6885788695344911,0.9995545657015591,0.5,-0.10842015420467388,0.512883361541578,0.6402377156109581,0.22474403763622844,0.2363364949079804,0.0
2021-04-01 10:20:00,0.099721059972106,-0.21115537848605592,-0.10290394638868217,-0.09908944831280142,0.6885788695344911,0.9995545657015591,0.5,-0.10842015420467388,0.512883361541578,0.6402377156109581,0.22474403763622844,0.2363364949079804,0.0
2021-04-01 10:30:00,0.11506276150627615,-0.36254980079681276,-0.09843633655994066,-0.09908944831280142,0.6885788695344911,0.9995545657015591,0.5,-0.10842015420467388,0.512883361541578,0.6402377156109581,0.22474403763622844,0.2363364949079804,0.0
2021-04-01 10:40:00,0.13458856345885634,-0.5776892430278885,-0.0924795234549517,-0.09873236921978212,0.6885788695344911,0.9995545657015591,0.5,-0.10842015420467388,0.512883361541578,0.6402377156109581,0.22474403763622844,0.2363364949079804,0.0
2021-04-01 10:50:00,0.15481171548117156,-0.7928286852589642,-0.08592702903946403,-0.09908944831280142,0.6885788695344911,0.9995545657015591,0.5,-0.10842015420467388,0.512883361541578,0.6402377156109581,0.22474403763622844,0.2363364949079804,0.0
2021-04-01 11:00:00,0.1603905160390516,-0.5697211155378487,-0.07758749069247961,-0.09551865738261023,0.6885788695344911,0.9995545657015591,0.5,-0.10475588373513256,0.5166591476608225,0.5454961520156407,0.27993759082022196,0.30262528273218725,0.0
2021-04-01 11:10:00,0.201534170153417,-0.031872509960159556,-0.07014147431124362,-0.09016247098732377,0.6770491159649789,0.8306236080178174,0.5,-0.10475588373513256,0.5166591476608225,0.5454961520156407,0.27993759082022196,0.30262528273218725,0.0
2021-04-01 11:20:00,0.19595536959553697,0.5059760956175297,-0.059121370067014345,-0.0894483128012854,0.6539765217049902,0.011692650334075724,0.5,-0.10475588373513256,0.5166591476608225,0.5454961520156407,0.27993759082022196,0.30262528273218725,0.054664514084825803
2021-04-01 11:30:00,0.2391910739191074,-0.21912350597609564,-0.041250930752047776,-0.0673094090341011,0.6594600253890146,0.00011135857461024499,0.5,-0.10475588373513256,0.5166591476608225,0.5454961520156407,0.27993759082022196,0.30262528273218725,0.0788357952230789
2021-04-01 11:40:00,0.18619246861924685,-0.19521912350597614,-0.025167535368577965,-0.04874129619710765,0.649173548311107,0.00011135857461024499,0.5,-0.10475588373513256,0.5166591476608225,0.5454961520156407,0.27993759082022196,0.30262528273218725,0.04734674170526729
2021-04-01 11:50:00,0.13598326359832635,-0.23505976095617542,-0.013253909158600363,-0.02624531333690394,0.6404967871118032,0.00011135857461024499,0.5,-0.10475588373513256,0.5166591476608225,0.5454961520156407,0.27993759082022196,0.30262528273218725,0.021364877710216213
2021-04-01 12:00:00,0.1631799163179916,-0.29083665338645437,-0.0016381236038721658,0.0069630423138726805,0.6293989085341116,0.00011135857461024499,0.5,-0.09552191414714661,0.4948262534949017,0.5012664292452645,0.2980646063126947,0.31997501950557194,0.02273790304328802
2021-04-01 12:10:00,0.12273361227336123,0.6095617529880477,0.008190618019359386,0.032672737011248065,0.6332596092185679,0.02071269487750557,0.5,-0.09552191414714661,0.4948262534949017,0.5012664292452645,0.2980646063126947,0.31997501950557194,0.0
2021-04-01 12:20:00,0.12482566248256625,0.7689243027888444,0.015338793745345969,0.04552758435993587,0.6352226773632068,0.7251670378619154,0.5,-0.09552191414714661,0.4948262534949017,0.5012664292452645,0.2980646063126947,0.31997501950557194,0.0
2021-04-01 12:30:00,0.15760111576011157,0.6945551128818059,0.022486969471332774,0.05052669166220336,0.6298962191307534,0.9986636971046772,0.5,-0.09552191414714661,0.4948262534949017,0.5012664292452645,0.2980646063126947,0.31997501950557194,0.0
2021-04-01 12:40:00,0.0801952580195258,0.6201859229747675,0.028741623231570923,0.04409926798785935,0.6298962191307534,0.9986636971046772,0.5,-0.09552191414714661,0.4948262534949017,0.5012664292452645,0.2980646063126947,0.31997501950557194,0.0
2021-04-01 12:50:00,0.1415620641562064,0.5458167330677288,0.0397617274758002,0.04374218889484016,0.6298962191307534,0.9986636971046772,0.5,-0.09552191414714661,0.4948262534949017,0.5012664292452645,0.2980646063126947,0.31997501950557194,0.0
2021-04-01 13:00:00,0.17782426778242677,0.4714475431606906,0.051675353685778136,0.041242635243706305,0.6298962191307534,0.9906458797327394,0.5,0.004252385496342326,0.4738036878568532,0.410837560365108,0.24682503364641253,0.327694194330045,0.0
2021-04-01 13:10:00,0.16736401673640167,0.39707835325365193,0.05912137006701412,0.04374218889484016,0.6298962191307534,0.9995545657015591,0.5,0.004252385496342326,0.4738036878568532,0.410837560365108,0.24682503364641253,0.327694194330045,0.0
2021-04-01 13:20:00,0.10390516039051603,0.3227091633466135,0.06626954579300048,0.049455454383146025,0.6298962191307534,0.9995545657015591,0.5,0.004252385496342326,0.4738036878568532,0.410837560365108,0.24682503364641253,0.327694194330045,0.0
2021-04-01 13:30:00,0.15690376569037656,0.8007968127490039,0.07580044676098274,0.0480271380110695,0.6298962191307534,0.9995545657015591,0.5,0.004252385496342326,0.4738036878568532,0.410837560365108,0.24682503364641253,0.327694194330045,0.0
2021-04-01 13:40:00,0.22036262203626222,-0.11553784860557781,0.08116157855547268,0.046598821638993204,0.626899268429938,0.18229398663697105,0.5,0.004252385496342326,0.4738036878568532,0.410837560365108,0.24682503364641253,0.327694194330045,0.024676735519109195
2021-04-01 13:50:00,0.1924686192468619,0.15537848605577675,0.09218168279970218,0.046241742545973796,0.6523275444634935,0.00011135857461024499,0.5,0.004252385496342326,0.4738036878568532,0.410837560365108,0.24682503364641253,0.327694194330045,0.05258234379950813
2021-04-01 14:00:00,0.13528591352859135,0.7290836653386452,0.10379746835443027,0.05659703624352819,0.6449594953606157,0.44443207126948775,0.5,0.013453769115906233,0.44721514222415065,0.4214311049935978,0.1896940347099621,0.3394964571293067,0.0067217888558625165
2021-04-01 14:10:00,0.11157601115760113,-0.21912350597609564,0.10528667163067751,0.07587930726655978,0.652707070971457,0.9989977728285078,0.5,0.013453769115906233,0.44721514222415065,0.4214311049935978,0.1896940347099621,0.3394964571293067,0.0
2021-04-01 14:20:00,0.20502092050209206,0.4501992031872508,0.1127326880119135,0.07945009819675053,0.6842993809791784,0.4662583518930958,0.5,0.013453769115906233,0.44721514222415065,0.4214311049935978,0.1896940347099621,0.3394964571293067,0.002278316761470797
2021-04-01 14:30:00,0.15690376569037656,-0.6892430278884463,0.11988086373789986,0.08052133547580786,0.6355498553873133,0.1828507795100223,0.5,0.013453769115906233,0.44721514222415065,0.4214311049935978,0.1896940347099621,0.3394964571293067,0.002391478190020671
2021-04-01 14:40:00,0.14783821478382148,0.33864541832669315,0.12553983618763942,0.09051955008034285,0.6297915221630394,0.9952115812917596,0.5,0.013453769115906233,0.44721514222415065,0.4214311049935978,0.1896940347099621,0.3394964571293067,0.0
2021-04-01 14:50:00,0.14574616457461645,0.2350597609561753,0.1285182427401339,0.10158900196393517,0.6768004606666579,0.9869710467706013,0.5,0.013453769115906233,0.44721514222415065,0.4214311049935978,0.1896940347099621,0.3394964571293067,0.0
2021-04-01 15:00:00,0.2210599721059972,0.13147410358565725,0.13477289650037205,0.1040885556150688,0.649173548311107,0.6036748329621381,0.5,0.01675165589750982,0.4372526989399643,0.410603715121202,0.13289595459007014,0.29572618511891624,0.012379860283356218
2021-04-01 15:10:00,0.10669456066945607,0.027888446215139195,0.14192107222635886,0.09480449919657197,0.6205127533993796,0.4103563474387528,0.5,0.01675165589750982,0.4372526989399643,0.410603715121202,0.13289595459007014,0.29572618511891624,0.0
2021-04-01 15:20:00,0.15760111576011157,-0.07569721115537853,0.1475800446760982,0.10444563470808776,0.6378793629189514,0.9968819599109131,0.5,0.01675165589750982,0.4372526989399643,0.410603715121202,0.13289595459007014,0.29572618511891624,0.0
2021-04-01 15:30:00,0.09274755927475593,-0.17928286852589637,0.1511541325390915,0.10944474201035526,0.6378793629189514,0.9968819599109131,0.5,0.01675165589750982,0.4372526989399643,0.410603715121202,0.13289595459007014,0.29572618511891624,0.0
2021-04-01 15:40:00,0.09832635983263598,-0.2828685258964144,0.15621742367833202,0.11444384931262275,0.6378793629189514,0.9968819599109131,0.5,0.01675165589750982,0.4372526989399643,0.410603715121202,0.13289595459007014,0.29572618511891624,0.0
2021-04-01 15:50:00,0.10739191073919108,-0.32536520584329365,0.16128071481757233,0.1183717193358329,0.6378793629189514,0.9968819599109131,0.5,0.01675165589750982,0.4372526989399643,0.410603715121202,0.13289595459007014,0.29572618511891624,0.0
2021-04-01 16:00:00,0.10181311018131102,-0.36786188579017276,0.1633655994043186,0.11587216568469927,0.6378793629189514,0.9968819599109131,0.5,0.06264470654784526,0.41261813699149885,0.3174075084359925,0.1193906286962592,0.3521741714510513,0.0
2021-04-01 16:10:00,0.05439330543933055,-0.4103585657370519,0.1669396872673119,0.11801464024281394,0.6378793629189514,0.9968819599109131,0.5,0.06264470654784526,0.41261813699149885,0.3174075084359925,0.1193906286962592,0.3521741714510513,0.0
2021-04-01 16:20:00,0.1596931659693166,-0.452855245683931,0.17647058823529393,0.12229958935904306,0.6378793629189514,0.9968819599109131,0.5,0.06264470654784526,0.41261813699149885,0.3174075084359925,0.1193906286962592,0.3521741714510513,0.0
2021-04-01 16:30:00,0.09344490934449094,-0.4953519256308101,0.1782576321667908,0.11658632387073742,0.6378793629189514,0.9968819599109131,0.5,0.06264470654784526,0.41261813699149885,0.3174075084359925,0.1193906286962592,0.3521741714510513,0.0
2021-04-01 16:40:00,0.09902370990237098,-0.5378486055776892,0.18093819806403566,0.1151580074986609,0.6378793629189514,0.9968819599109131,0.5,0.06264470654784526,0.41261813699149885,0.3174075084359925,0.1193906286962592,0.3521741714510513,0.0
2021-04-01 16:50:00,0.1304044630404463,-0.4852589641434263,0.1833209233060311,0.1151580074986609,0.6378793629189514,0.9968819599109131,0.5,0.06264470654784526,0.41261813699149885,0.3174075084359925,0.1193906286962592,0.3521741714510513,0.0
2021-04-01 17:00:00,0.12761506276150628,-0.4326693227091635,0.17795979151154118,0.11194429566148911,0.6378793629189514,0.9968819599109131,0.5,0.07147970647947122,0.40966992043263384,0.29739116716802627,0.19933790374369426,0.4464537533160145,0.0
2021-04-01 17:10:00,0.09762900976290097,-0.38007968127490044,0.17706626954579274,0.10765934654525999,0.6378793629189514,0.9968819599109131,0.5,0.07147970647947122,0.40966992043263384,0.29739116716802627,0.19933790374369426,0.4464537533160145,0.0
2021-04-01 17:20:00,0.14853556485355648,-0.3274900398406375,0.17736411020104237,0.10444563470808776,0.6378793629189514,0.9968819599109131,0.5,0.07147970647947122,0.40966992043263384,0.29739116716802627,0.19933790374369426,0.4464537533160145,0.0
2021-04-01 17:30:00,0.22036262203626222,-0.2749003984063746,0.17498138495904692,0.09980360649883946,0.6378793629189514,0.4278396436525613,0.5,0.07147970647947122,0.40966992043263384,0.29739116716802627,0.19933790374369426,0.4464537533160145,0.02801122561371215
2021-04-01 17:40:00,0.12412831241283125,0.003984063745019917,0.17766195085629177,0.08552044277807536,0.6495530748190705,0.6106904231625836,0.5,0.07147970647947122,0.40966992043263384,0.29739116716802627,0.19933790374369426,0.4464537533160145,0.0023235813328907466
2021-04-01 17:50:00,0.08298465829846582,-0.02788844621513953,0.17557706626954572,0.09016247098732366,0.6517778853829945,0.9993318485523385,0.5,0.07147970647947122,0.40966992043263384,0.29739116716802627,0.19933790374369426,0.4464537533160145,0.0
2021-04-01 18:00:00,0.06555090655509065,-0.8247011952191236,0.17498138495904692,0.09016247098732366,0.6517778853829945,0.9993318485523385,0.5,0.021108036326850987,0.40986819230647614,0.36448636412113944,0.2293591093613915,0.44796819237983615,0.0
2021-04-01 18:10:00,0.1771269177126918,0.7450199203187249,0.1705137751303052,0.08944831280128551,0.6517778853829945,0.9993318485523385,0.5,0.021108036326850987,0.40986819230647614,0.36448636412113944,0.2293591093613915,0.44796819237983615,0.0
2021-04-01 18:20:00,0.18688981868898188,0.05179282868525892,0.1669396872673119,0.0815925727548652,0.6598395518969783,0.884075723830735,0.5,0.021108036326850987,0.40986819230647614,0.36448636412113944,0.2293591093613915,0.44796819237983615,0.0
2021-04-01 18:30:00,0.10390516039051603,0.15537848605577675,0.16157855547282196,0.07230851633636859,0.6799937181819372,0.4339643652561247,0.5,0.021108036326850987,0.40986819230647614,0.36448636412113944,0.2293591093613915,0.44796819237983615,0.0
2021-04-01 18:40:00,0.1680613668061367,0.2589641434262948,0.16008935219657472,0.07230851633636859,0.6741437751109134,0.7332962138084632,0.5,0.021108036326850987,0.40986819230647614,0.36448636412113944,0.2293591093613915,0.44796819237983615,0.0
2021-04-01 18:50:00,0.09762900976290097,-0.011952191235059972,0.15800446760982845,0.07230851633636859,0.6741437751109134,0.9993318485523385,0.5,0.021108036326850987,0.40986819230647614,0.36448636412113944,0.2293591093613915,0.44796819237983615,0.0
2021-04-01 19:00:00,0.201534170153417,-0.2828685258964144,0.1514519731943409,0.06766648812712006,0.6741437751109134,0.7307349665924276,0.5,0.017541490409485938,0.43480447232383185,0.392184724554017,0.3185437333853528,0.49614680169625036,0.004254869713475263
2021-04-01 19:10:00,0.20292887029288703,-0.12350597609561753,0.14936708860759484,0.04874129619710765,0.6741437751109134,0.00011135857461024499,0.5,0.017541490409485938,0.43480447232383185,0.392184724554017,0.3185437333853528,0.49614680169625036,0.06512063008283417
2021-04-01 19:20:00,0.25592747559274753,-0.13147410358565736,0.15502606105733419,0.04374218889484016,0.6769967674811218,0.00011135857461024499,0.5,0.017541490409485938,0.43480447232383185,0.392184724554017,0.3185437333853528,0.49614680169625036,0.09934064607631607
2021-04-01 19:30:00,0.28591352859135283,-0.059760956175298974,0.15472822040208456,0.04374218889484016,0.6704532069989922,0.00011135857461024499,0.5,0.017541490409485938,0.43480447232383185,0.392184724554017,0.3185437333853528,0.49614680169625036,0.13903013111637522
2021-04-01 19:40:00,0.303347280334728,0.1394422310756971,0.15621742367833202,0.04374218889484016,0.6905288505581657,0.00011135857461024499,0.5,0.017541490409485938,0.43480447232383185,0.392184724554017,0.3185437333853528,0.49614680169625036,0.15413340978016507
2021-04-01 19:50:00,0.28103207810320785,0.12350597609561742,0.15413253909158597,0.04374218889484016,0.6879506877282066,0.00011135857461024499,0.5,0.017541490409485938,0.43480447232383185,0.392184724554017,0.3185437333853528,0.49614680169625036,0.12638622749973596
2021-04-01 20:00:00,0.2482566248256625,0.1394422310756971,0.15800446760982845,0.050883770755222324,0.6879506877282066,0.00011135857461024499,0.5,0.020790481561911767,0.4395515032743599,0.4173081242073325,0.31684256922291204,0.5390331418117875,0.0908912594112588
2021-04-01 20:10:00,0.20920502092050208,0.03585657370517925,0.16128071481757233,0.06052490626673812,0.6916936043239847,0.00011135857461024499,0.5,0.020790481561911767,0.4395515032743599,0.4173081242073325,0.31684256922291204,0.5390331418117875,0.06343829684505937
2021-04-01 20:20:00,0.19386331938633192,0.20318725099601576,0.15830230826507807,0.07623638635957874,0.6879506877282066,0.00011135857461024499,0.5,0.020790481561911767,0.4395515032743599,0.4173081242073325,0.31684256922291204,0.5390331418117875,0.05728985922718288
2021-04-01 20:30:00,0.24198047419804744,-0.49800796812749004,0.155621742367833,0.08944831280128551,0.6879506877282066,0.00011135857461024499,0.5,0.020790481561911767,0.4395515032743599,0.4173081242073325,0.31684256922291204,0.5390331418117875,0.0972358435052884
2021-04-01 20:40:00,0.19386331938633192,-0.5697211155378487,0.15353685778108694,0.09409034101053382,0.6879506877282066,0.00011135857461024499,0.5,0.020790481561911767,0.4395515032743599,0.4173081242073325,0.31684256922291204,0.5390331418117875,0.06084312808364893
2021-04-01 20:50:00,0.18410041841004185,-0.649402390438247,0.1523454951600891,0.10980182110337444,0.6879506877282066,0.00011135857461024499,0.5,0.020790481561911767,0.4395515032743599,0.4173081242073325,0.31684256922291204,0.5390331418117875,0.05627140637023402
2021-04-01 21:00:00,0.19386331938633192,-0.6733067729083666,0.1511541325390915,0.12551330119621507,0.6879506877282066,0.00011135857461024499,0.5,0.024161611728013455,0.453617312295442,0.45382171481355094,0.22401898269243217,0.5891927162637176,0.06778369570137453
2021-04-01 21:10:00,0.21687587168758715,-0.50597609561753,0.1508562918838421,0.13515443670773086,0.6863409718496029,0.00011135857461024499,0.5,0.024161611728013455,0.453617312295442,0.45382171481355094,0.22401898269243217,0.5891927162637176,0.08705885903103641
2021-04-01 21:20:00,0.2691771269177127,0.3227091633466135,0.10737155621742356,0.09908944831280131,0.6741437751109134,0.00011135857461024499,0.5,0.024161611728013455,0.453617312295442,0.45382171481355094,0.22401898269243217,0.5891927162637176,0.12144484511972478
2021-04-01 21:30:00,0.23221757322175732,0.2828685258964143,0.06001489203276256,0.017318336011426627,0.6741437751109134,0.00011135857461024499,0.5,0.024161611728013455,0.453617312295442,0.45382171481355094,0.22401898269243217,0.5891927162637176,0.1001101437904552
2021-04-01 21:40:00,0.2196652719665272,0.2828685258964143,0.04512285927029036,-0.01981788966256015,0.6741437751109134,0.00011135857461024499,0.5,0.024161611728013455,0.453617312295442,0.45382171481355094,0.22401898269243217,0.5891927162637176,0.09025001131614285
2021-04-01 21:50:00,0.2301255230125523,0.1872509960159361,0.0352941176470587,-0.04159971433672538,0.6741437751109134,0.00011135857461024499,0.5,0.024161611728013455,0.453617312295442,0.45382171481355094,0.22401898269243217,0.5891927162637176,0.09728110807670835
2021-04-01 22:00:00,0.2608089260808926,0.31474103585657365,0.029039463886820327,-0.05552579896447052,0.6741437751109134,0.00011135857461024499,0.5,-0.05187626137215284,0.4763553606680336,0.5764407003842595,0.130920239085536,0.6687566540992831,0.11417988140682288
2021-04-01 22:10:00,0.18688981868898188,0.05179282868525892,0.02576321667907644,-0.06338153901089094,0.6741437751109134,0.00011135857461024499,0.5,-0.05187626137215284,0.4763553606680336,0.5764407003842595,0.130920239085536,0.6687566540992831,0.06942076436772937
2021-04-01 22:20:00,0.23430962343096234,0.31474103585657365,0.022784810126582178,-0.0673094090341011,0.6741437751109134,0.00011135857461024499,0.5,-0.05187626137215284,0.4763553606680336,0.5764407003842595,0.130920239085536,0.6687566540992831,0.09344870769648597
2021-04-01 22:30:00,0.24546722454672246,0.3227091633466135,0.01801935964259105,-0.07659346545259771,0.6741437751109134,0.00011135857461024499,0.5,-0.05187626137215284,0.4763553606680336,0.5764407003842595,0.130920239085536,0.6687566540992831,0.10005733512379861
2021-04-01 22:40:00,0.19177126917712692,0.2589641434262948,0.016827997021593433,-0.08123549366184613,0.6741437751109134,0.00011135857461024499,0.5,-0.05187626137215284,0.4763553606680336,0.5764407003842595,0.130920239085536,0.6687566540992831,0.06457745522579476
2021-04-01 22:50:00,0.13458856345885634,0.05976095617529875,0.014147431124348353,-0.07945009819675053,0.6741437751109134,0.00011135857461024499,0.5,-0.05187626137215284,0.4763553606680336,0.5764407003842595,0.130920239085536,0.6687566540992831,0.030161292756159752
2021-04-01 23:00:00,0.12552301255230125,0.1394422310756971,0.014147431124348353,-0.07659346545259771,0.6741437751109134,0.00011135857461024499,0.5,-0.09948746307396084,0.48168283971299347,0.7457414866191444,0.10243324097740684,0.8433209718287996,0.023922325995443368
2021-04-01 23:10:00,0.1499302649930265,0.4820717131474104,0.011466865227103495,-0.0783788609176932,0.6741437751109134,0.00011135857461024499,0.5,-0.09948746307396084,0.48168283971299347,0.7457414866191444,0.10243324097740684,0.8433209718287996,0.041688670277773586
2021-04-01 23:20:00,0.10251046025104603,0.10756972111553775,0.007594936708860578,-0.08087841456882694,0.6741437751109134,0.00011135857461024499,0.5,-0.09948746307396084,0.48168283971299347,0.7457414866191444,0.10243324097740684,0.8433209718287996,0.004028546856375515
2021-04-01 23:30:00,0.10808926080892609,-0.49800796812749004,0.004616530156366094,-0.0783788609176932,0.6721283584824175,0.00011135857461024499,0.5,-0.09948746307396084,0.48168283971299347,0.7457414866191444,0.10243324097740684,0.8433209718287996,0.007694977141391433
2021-04-01 23:40:00,0.11715481171548117,-0.0916334661354582,0.0004467609828739949,-0.08194965184788428,0.6576670898169111,0.00011135857461024499,0.5,-0.09948746307396084,0.48168283971299347,0.7457414866191444,0.10243324097740684,0.8433209718287996,0.01084086485507793
2021-04-01 23:50:00,0.11157601115760113,-0.14741035856573714,-0.0007446016381237319,-0.08837707552222807,0.6576670898169111,0.00011135857461024499,0.5,-0.09948746307396084,0.48168283971299347,0.7457414866191444,0.10243324097740684,0.8433209718287996,0.00605036437979993
2021-04-02 00:00:00,0.11506276150627615,-0.49800796812749004,0.012062546537602303,-0.06338153901089094,0.6518564081087802,0.00011135857461024499,0.5,-0.10846901648076224,0.48312533943282787,0.6966859791895488,0.17736424023921796,0.9849599969409194,0.004926294189537849
2021-04-02 00:10:00,0.10181311018131102,-0.5776892430278885,0.037974683544303556,0.018389573290483963,0.6412951014906231,0.00011135857461024499,0.5,-0.10846901648076224,0.48312533943282787,0.6966859791895488,0.17736424023921796,0.9849599969409194,0.005642983237020385
2021-04-02 00:20:00,0.11087866108786612,-0.6095617529880479,0.051079672375279106,0.08194965184788416,0.6374474879271309,0.00011135857461024499,0.5,-0.10846901648076224,0.48312533943282787,0.6966859791895488,0.17736424023921796,0.9849599969409194,0.011240701902620819
2021-04-02 00:30:00,0.12482566248256625,-0.2509960159362551,0.06180193596425898,0.12551330119621507,0.6247922419546923,0.00011135857461024499,0.5,-0.10846901648076224,0.48312533943282787,0.6966859791895488,0.17736424023921796,0.9849599969409194,0.027392609804306172
2021-04-02 00:40:00,0.12622036262203626,-0.8087649402390438,0.06924795234549497,0.1537225495447243,0.6247922419546923,0.00011135857461024499,0.5,-0.10846901648076224,0.48312533943282787,0.6966859791895488,0.17736424023921796,0.9849599969409194,0.029693558851486942
2021-04-02 00:50:00,0.15481171548117156,-0.7051792828685259,0.07163067758749042,0.17193358328869857,0.6097813142086873,0.00011135857461024499,0.5,-0.10846901648076224,0.48312533943282787,0.6966859791895488,0.17736424023921796,0.9849599969409194,0.05152617046637597
2021-04-02 01:00:00,0.19595536959553697,-0.02788844621513953,0.023380491437080986,0.09766113194072501,0.5947180379788252,0.00011135857461024499,0.5,-0.14275445822408805,0.48113112667273905,0.6914480486286512,0.26934063047211854,0.055664017740102045,0.07006955655808199
2021-04-02 01:10:00,0.21199442119944212,-0.12350597609561753,0.0016381236038716107,0.010890912337082836,0.5919173940924736,0.00011135857461024499,0.5,-0.14275445822408805,0.48113112667273905,0.6914480486286512,0.26934063047211854,0.055664017740102045,0.08124990569880955
2021-04-02 01:20:00,0.23570432357043236,-0.3545816733067729,-0.008488458674609234,-0.03374397429030518,0.5919173940924736,0.00011135857461024499,0.5,-0.14275445822408805,0.48113112667273905,0.6914480486286512,0.26934063047211854,0.055664017740102045,0.0956666716960635
2021-04-02 01:30:00,0.29358437935843795,-0.5378486055776892,-0.01653015636634425,-0.058739510801642525,0.5850597427072017,0.00011135857461024499,0.5,-0.14275445822408805,0.48113112667273905,0.6914480486286512,0.26934063047211854,0.055664017740102045,0.1575810613033179
2021-04-02 01:40:00,0.37447698744769875,-0.38645418326693237,-0.025167535368577965,-0.07266559542938766,0.5743675648794022,0.00011135857461024499,0.5,-0.14275445822408805,0.48113112667273905,0.6914480486286512,0.26934063047211854,0.055664017740102045,0.24508502195331716
2021-04-02 01:50:00,0.3584379358437936,0.29083665338645415,-0.027550260610573418,-0.08409212640599895,0.5738309929198676,0.00011135857461024499,0.5,-0.14275445822408805,0.48113112667273905,0.6914480486286512,0.26934063047211854,0.055664017740102045,0.23167916471777542
2021-04-02 02:00:00,0.3772663877266388,0.2589641434262948,-0.030230826507818387,-0.09123370826638089,0.5781890042009658,0.00011135857461024499,0.5,-0.15997862734026136,0.47043306600154683,0.7353838162605381,0.35269616461631387,0.11307239325267786,0.2735262609955188
2021-04-02 02:10:00,0.4595536959553696,0.2589641434262948,-0.03350707371556216,-0.09658989466166767,0.5892868827786575,0.00011135857461024499,0.5,-0.15997862734026136,0.47043306600154683,0.7353838162605381,0.35269616461631387,0.11307239325267786,0.4450563543914179
2021-04-02 02:20:00,0.4735006973500697,-0.11553784860557781,-0.035591958302308435,-0.09908944831280142,0.5978720341312115,0.00011135857461024499,0.5,-0.15997862734026136,0.47043306600154683,0.7353838162605381,0.35269616461631387,0.11307239325267786,0.45475806086576037
2021-04-02 02:30:00,0.46582984658298465,-0.05179282868525903,-0.03737900223380497,-0.09480449919657197,0.5930428864953998,0.00011135857461024499,0.5,-0.15997862734026136,0.47043306600154683,0.7353838162605381,0.35269616461631387,0.11307239325267786,0.4501259863904522
2021-04-02 02:40:00,0.4839609483960949,-0.1872509960159363,-0.041846612062546584,-0.09837529012676305,0.5860543639004856,0.00011135857461024499,0.5,-0.15997862734026136,0.47043306600154683,0.7353838162605381,0.35269616461631387,0.11307239325267786,0.47315810914796996
2021-04-02 02:50:00,0.5139470013947002,-0.17131474103585675,-0.04542069992553999,-0.09837529012676305,0.5781366557171088,0.0071269487750556795,0.5,-0.15997862734026136,0.47043306600154683,0.7353838162605381,0.35269616461631387,0.11307239325267786,0.5070989936176954
2021-04-02 03:00:00,0.5278940027894004,0.1872509960159361,-0.041250930752047776,-0.09516157828959104,0.5781366557171088,0.08396436525612472,0.5,-0.1523355334142925,0.4670078475432979,0.6970305331633517,0.4792631308935274,0.14492336810110298,0.31316293736892137
2021-04-02 03:10:00,0.5278940027894004,-0.059760956175298974,-0.03618763961280724,-0.08266381003392254,0.5781366557171088,0.2724944320712695,0.5,-0.1523355334142925,0.4670078475432979,0.6970305331633517,0.4792631308935274,0.14492336810110298,0.13652549149780466
2021-04-02 03:20:00,0.5271966527196652,-0.059760956175298974,-0.017125837676842948,-0.06123906445277627,0.5781366557171088,0.9995545657015591,0.5,-0.1523355334142925,0.4670078475432979,0.6970305331633517,0.4792631308935274,0.14492336810110298,0.0
2021-04-02 03:30:00,0.46513249651324967,-0.059760956175298974,-0.005212211466865346,-0.0526691662203177,0.5781366557171088,0.9995545657015591,0.5,-0.1523355334142925,0.4670078475432979,0.6970305331633517,0.4792631308935274,0.14492336810110298,0.0
2021-04-02 03:40:00,0.4595536959553696,-0.059760956175298974,0.0034251675353684785,-0.058739510801642525,0.5781366557171088,0.9995545657015591,0.5,-0.1523355334142925,0.4670078475432979,0.6970305331633517,0.4792631308935274,0.14492336810110298,0.0
2021-04-02 03:50:00,0.49372384937238495,-0.059760956175298974,-0.0040208488458676195,-0.07230851633636859,0.5781366557171088,0.9995545657015591,0.5,-0.1523355334142925,0.4670078475432979,0.6970305331633517,0.4792631308935274,0.14492336810110298,0.0
2021-04-02 04:00:00,0.4797768479776848,-0.059760956175298974,-0.02218912881608348,-0.08659168005713269,0.5781366557171088,0.9995545657015591,0.5,-0.20443142488067112,0.46439870462375843,0.5532897676093141,0.5827237828087785,0.15505335809920692,0.0
2021-04-02 04:10:00,0.5439330543933054,-0.059760956175298974,-0.03172002978406563,-0.09623281556864838,0.5781366557171088,0.9995545657015591,0.5,-0.20443142488067112,0.46439870462375843,0.5532897676093141,0.5827237828087785,0.15505335809920692,0.0
2021-04-02 04:20:00,0.6178521617852162,-0.059760956175298974,-0.03618763961280724,-0.10694518835922162,0.5781366557171088,0.9995545657015591,0.5,-0.20443142488067112,0.46439870462375843,0.5532897676093141,0.5827237828087785,0.15505335809920692,0.0
2021-04-02 04:30:00,0.6743375174337517,-0.059760956175298974,-0.040357408786299453,-0.11658632387073731,0.5781366557171088,0.9995545657015591,0.5,-0.20443142488067112,0.46439870462375843,0.5532897676093141,0.5827237828087785,0.15505335809920692,0.0
2021-04-02 04:40:00,0.8110181311018132,-0.059760956175298974,-0.03886820551005232,-0.1230137475450811,0.5781366557171088,0.9995545657015591,0.5,-0.20443142488067112,0.46439870462375843,0.5532897676093141,0.5827237828087785,0.15505335809920692,0.0
2021-04-02 04:50:00,0.8361227336122734,-0.059760956175298974,-0.029932985852568983,-0.12408498482413843,0.5781366557171088,0.9995545657015591,0.5,-0.20443142488067112,0.46439870462375843,0.5532897676093141,0.5827237828087785,0.15505335809920692,0.0
2021-04-02 05:00:00,0.8256624825662483,-0.059760956175298974,-0.02963514519731958,-0.1297982503124443,0.5781366557171088,0.9995545657015591,0.5,-0.2010847091760687,0.48057654012706813,0.3377282036005827,0.633366246085575,0.15386760286324547,0.0
2021-04-02 05:10:00,0.7789400278940027,-0.059760956175298974,-0.03588979895755784,-0.1347973576147118,0.5781366557171088,0.9995545657015591,0.5,-0.2010847091760687,0.48057654012706813,0.3377282036005827,0.633366246085575,0.15386760286324547,0.0
2021-04-02 05:20:00,0.8430962343096234,-0.059760956175298974,-0.03916604616530173,-0.14122478128905558,0.5781366557171088,0.9995545657015591,0.5,-0.2010847091760687,0.48057654012706813,0.3377282036005827,0.633366246085575,0.15386760286324547,0.0
2021-04-02 05:30:00,0.7726638772663877,-0.744735344336938,-0.04095309009679826,-0.14836636314943752,0.5781366557171088,0.9995545657015591,0.5,-0.2010847091760687,0.48057654012706813,0.3377282036005827,0.633366246085575,0.15386760286324547,0.0
2021-04-02 05:40:00,0.7412831241283124,-0.7250996015936255,-0.0424422933730455,-0.1490805213354759,0.5781366557171088,0.9995545657015591,0.5,-0.2010847091760687,0.48057654012706813,0.3377282036005827,0.633366246085575,0.15386760286324547,0.0
2021-04-02 05:50:00,0.7168758716875872,-0.705463858850313,-0.04154877140729718,-0.15265131226566697,0.5781366557171088,0.9995545657015591,0.5,-0.2010847091760687,0.48057654012706813,0.3377282036005827,0.633366246085575,0.15386760286324547,0.0
2021-04-02 06:00:00,0.698744769874477,-0.6858281161070006,-0.046612062546537714,-0.15550794500981968,0.5781366557171088,0.9995545657015591,0.5,-0.19942762763143373,0.5042628452875946,0.266060469793066,0.6394394830607452,0.14377505193494497,0.0
2021-04-02 06:10:00,0.705718270571827,-0.6661923733636881,-0.054951600893522135,-0.1615782895911445,0.5781366557171088,0.9995545657015591,0.5,-0.19942762763143373,0.5042628452875946,0.266060469793066,0.6394394830607452,0.14377505193494497,0.0
2021-04-02 06:20:00,0.7831241283124128,-0.6465566306203757,-0.05465376023827262,-0.1680057132654883,0.5781366557171088,0.9995545657015591,0.5,-0.19942762763143373,0.5042628452875946,0.266060469793066,0.6394394830607452,0.14377505193494497,0.0
2021-04-02 06:30:00,0.7852161785216178,-0.6269208878770632,-0.04631422189128831,-0.17050526691662193,0.5781366557171088,0.9995545657015591,0.5,-0.19942762763143373,0.5042628452875946,0.266060469793066,0.6394394830607452,0.14377505193494497,0.0
2021-04-02 06:40:00,0.7496513249651325,-0.6072851451337508,-0.05137751303052884,-0.17300482056775568,0.5781366557171088,0.9995545657015591,0.5,-0.19942762763143373,0.5042628452875946,0.266060469793066,0.6394394830607452,0.14377505193494497,0.0
2021-04-02 06:50:00,0.6868898186889818,-0.5876494023904383,-0.05405807892777381,-0.17836100696304236,0.5781366557171088,0.9995545657015591,0.5,-0.19942762763143373,0.5042628452875946,0.266060469793066,0.6394394830607452,0.14377505193494497,0.0
2021-04-02 07:00:00,0.7168758716875872,-0.5680136596471259,-0.05882352941176483,-0.1822888769862525,0.5781366557171088,0.9995545657015591,0.5,-0.19104356146957724,0.5113431626375328,0.25567870475097704,0.6657416969148042,0.14329248820894586,0.0
2021-04-02 07:10:00,0.7224546722454672,-0.5483779169038134,-0.04690990320178712,-0.18478843063738626,0.5781366557171088,0.9995545657015591,0.5,-0.19104356146957724,0.5113431626375328,0.25567870475097704,0.6657416969148042,0.14329248820894586,0.0
2021-04-02 07:20:00,0.7245467224546723,-0.528742174160501,-0.04571854058078939,-0.18585966791644348,0.5781366557171088,0.9995545657015591,0.5,-0.19104356146957724,0.5113431626375328,0.25567870475097704,0.6657416969148042,0.14329248820894586,0.0
2021-04-02 07:30:00,0.7510460251046025,-0.5091064314171885,-0.04690990320178712,-0.1919300124977681,0.5781366557171088,0.9995545657015591,0.5,-0.19104356146957724,0.5113431626375328,0.25567870475097704,0.6657416969148042,0.14329248820894586,0.0
2021-04-02 07:40:00,0.7733612273361228,-0.489470688673876,-0.04154877140729718,-0.1933583288698446,0.5781366557171088,0.9995545657015591,0.5,-0.19104356146957724,0.5113431626375328,0.25567870475097704,0.6657416969148042,0.14329248820894586,0.0
2021-04-02 07:50:00,0.7580195258019525,-0.4698349459305635,-0.04214445271779621,-0.1951437243349402,0.5781366557171088,0.9995545657015591,0.5,-0.19104356146957724,0.5113431626375328,0.25567870475097704,0.6657416969148042,0.14329248820894586,0.0
2021-04-02 08:00:00,0.7900976290097629,-0.45019920318725104,-0.04482501861504107,-0.18585966791644348,0.5735299891376896,0.7023385300668151,0.5,-0.18877475091078955,0.5372104584103201,0.2092189556172126,0.6502980031058356,0.15380746916214316,0.04802571027656653
2021-04-02 08:10:00,0.7810320781032077,-0.003984063745020028,-0.04005956813105005,-0.16372076414925896,0.5705068641949458,0.13819599109131403,0.5,-0.18877475091078955,0.5372104584103201,0.2092189556172126,0.6502980031058356,0.15380746916214316,0.8705735021198908
2021-04-02 08:20:00,0.7133891213389122,0.08366533864541825,-0.03678332092330627,-0.13301196214961608,0.5729148944523694,0.006124721603563475,0.5,-0.18877475091078955,0.5372104584103201,0.2092189556172126,0.6502980031058356,0.15380746916214316,0.8667524178825233
2021-04-02 08:30:00,0.6338912133891214,-0.003984063745020028,-0.0653760238272525,-0.12872701303338696,0.5822198374579576,0.0022271714922049,0.5,-0.18877475091078955,0.5372104584103201,0.2092189556172126,0.6502980031058356,0.15380746916214316,0.8629313336451558
2021-04-02 08:40:00,0.6401673640167364,0.2350597609561753,-0.07997021593447506,-0.13693983217282624,0.5822198374579576,0.00022271714922048998,0.5,-0.18877475091078955,0.5372104584103201,0.2092189556172126,0.6502980031058356,0.15380746916214316,0.8935150957345687
2021-04-02 08:50:00,0.695258019525802,0.25099601593625476,-0.07282204020848859,-0.13336904124263516,0.5839996859090969,0.0038975501113585743,0.5,-0.18877475091078955,0.5372104584103201,0.2092189556172126,0.6502980031058356,0.15380746916214316,0.8455535102675137
2021-04-02 09:00:00,0.612970711297071,0.05179282868525892,-0.06835443037974687,-0.12515622210319588,0.5944039470756829,0.000779510022271715,0.5,-0.17092057528742866,0.5403914289080378,0.21337655665921887,0.6410671544722679,0.17780922875146357,0.7975919248004587
2021-04-02 09:10:00,0.6576011157601116,0.003984063745019917,-0.0618019359642592,-0.11337261203356541,0.5998481893968146,0.01024498886414254,0.5,-0.17092057528742866,0.5403914289080378,0.21337655665921887,0.6410671544722679,0.17780922875146357,0.8929040240203993
2021-04-02 09:20:00,0.7887029288702929,-0.23505976095617542,-0.050186150409531005,-0.108730583824317,0.6020337385978458,0.036748329621380846,0.5,-0.17092057528742866,0.5403914289080378,0.21337655665921887,0.6410671544722679,0.17780922875146357,0.8392409885782398
2021-04-02 09:30:00,0.9128312412831241,-0.11553784860557781,-0.03618763961280724,-0.09908944831280142,0.5962230568897149,0.08953229398663697,0.5,-0.17092057528742866,0.5403914289080378,0.21337655665921887,0.6410671544722679,0.17780922875146357,0.7855779531360805
2021-04-02 09:40:00,0.9149232914923291,0.17928286852589648,-0.0195085629188384,-0.09266202463845752,0.5984216932117103,0.08897550111358575,0.5,-0.17092057528742866,0.5403914289080378,0.21337655665921887,0.6410671544722679,0.17780922875146357,0.731914917693921
2021-04-02 09:50:00,0.809623430962343,-0.06772908366533881,-0.021593447505584784,-0.0815925727548652,0.6058551779194096,0.052895322939866374,0.5,-0.17092057528742866,0.5403914289080378,0.21337655665921887,0.6410671544722679,0.17780922875146357,0.6782518822517616
2021-04-02 10:00:00,0.8619246861924685,-0.03585657370517936,-0.01236038719285204,-0.07052312087127288,0.6166913140778161,0.07037861915367484,0.5,0.04458387518206597,0.5233486682739134,0.11817059974330285,0.8022177082470533,0.21152189778181618,0.6245888468096021
2021-04-02 10:10:00,0.9470013947001394,-0.20318725099601598,-0.0040208488458676195,-0.05838243170862356,0.6197144390205598,0.0979955456570156,0.5,0.04458387518206597,0.5233486682739134,0.11817059974330285,0.8022177082470533,0.21152189778181618,0.5709258339997284
2021-04-02 10:20:00,0.9651324965132496,-0.043824701195219196,0.005212211466865124,-0.05016961256918395,0.6197144390205598,0.10657015590200446,0.5,0.04458387518206597,0.5233486682739134,0.11817059974330285,0.8022177082470533,0.21152189778181618,0.5172627759252834
2021-04-02 10:30:00,0.9616457461645745,-0.14741035856573714,0.01325390915859992,-0.04338510980182109,0.6197144390205598,0.21570155902004456,0.5,0.04458387518206597,0.5233486682739134,0.11817059974330285,0.8022177082470533,0.21152189778181618,0.46359974048312386
2021-04-02 10:40:00,0.9581589958158996,-0.08366533864541836,0.01801935964259105,-0.041242635243706416,0.6197144390205598,0.7679287305122494,0.5,0.04458387518206597,0.5233486682739134,0.11817059974330285,0.8022177082470533,0.21152189778181618,0.04913469227635529
2021-04-02 10:50:00,0.9874476987447699,-0.33067729083665354,0.06061057334326114,-0.020889126941617486,0.6197144390205598,0.9989977728285078,0.5,0.04458387518206597,0.5233486682739134,0.11817059974330285,0.8022177082470533,0.21152189778181618,0.0
2021-04-02 11:00:00,0.9799511854951186,-0.36254980079681276,0.08116157855547268,-0.01624709873236929,0.6197144390205598,0.9989977728285078,0.5,0.04081374200651511,0.5285123575100498,0.13387564125146773,0.992243707606403,0.2578283188063078,0.0
2021-04-02 11:10:00,0.9724546722454672,0.8167330677290834,0.07997021593447484,-0.017675415104445702,0.6197144390205598,0.9989977728285078,0.5,0.04081374200651511,0.5285123575100498,0.13387564125146773,0.992243707606403,0.2578283188063078,0.0
2021-04-02 11:20:00,0.9649581589958159,0.29083665338645415,0.08056589724497387,-0.02053204784859841,0.6197144390205598,0.9989977728285078,0.5,0.04081374200651511,0.5285123575100498,0.13387564125146773,0.992243707606403,0.2578283188063078,0.0
2021-04-02 11:30:00,0.9574616457461647,0.2749003984063745,0.08026805658972425,-0.025531155150865903,0.6197144390205598,0.9989977728285078,0.5,0.04081374200651511,0.5285123575100498,0.13387564125146773,0.992243707606403,0.2578283188063078,0.0
2021-04-02 11:40:00,0.9902370990237098,0.16069057104913664,0.08294862248696933,-0.021603285127655747,0.6197144390205598,0.9989977728285078,0.5,0.04081374200651511,0.5285123575100498,0.13387564125146773,0.992243707606403,0.2578283188063078,0.0
2021-04-02 11:50:00,0.9867503486750349,0.04648074369189903,0.0826507818317197,-0.02053204784859841,0.6197144390205598,0.9989977728285078,0.5,0.04081374200651511,0.5285123575100498,0.13387564125146773,0.992243707606403,0.2578283188063078,0.0
2021-04-02 12:00:00,0.9832635983263598,-0.06772908366533881,0.08592702903946359,-0.010176754151044465,0.6359293818952768,0.4377505567928731,0.5,0.03159604872619548,0.5209694057878143,0.16219741991592987,0.9914197733149884,0.27192439409389274,0.12023778988185947
2021-04-02 12:10:00,0.9797768479776848,0.14741035856573692,0.10439314966492907,0.005177646848776973,0.6330633024041041,0.26224944320712695,0.5,0.03159604872619548,0.5209694057878143,0.16219741991592987,0.9905959294316816,0.27192439409389274,0.17058708149131677
2021-04-02 12:20:00,0.9773360529986053,-0.3784860557768924,0.11839166046165284,0.024459917871808567,0.6478517490937168,0.2510022271714922,0.5,0.03159604872619548,0.5209694057878143,0.16219741991592987,0.989772040344321,0.27192439409389274,0.2121248698643572
2021-04-02 12:30:00,0.9748953974895398,0.15537848605577675,0.1317944899478778,0.03767184431351556,0.634071010718352,0.26024498886414255,0.5,0.03159604872619548,0.5209694057878143,0.16219741991592987,0.9889481060529063,0.27192439409389274,0.16920651206300827
2021-04-02 12:40:00,0.9658298465829847,0.05976095617529875,0.14460163812360372,0.04695590073201217,0.634071010718352,0.6033407572383074,0.5,0.03159604872619548,0.5209694057878143,0.16219741991592987,0.9881241717614917,0.27192439409389274,0.07729679979480061
2021-04-02 12:50:00,0.9225941422594143,-0.02788844621513953,0.148175725986597,0.050883770755222324,0.6297653479211108,0.3544543429844098,0.5,0.03159604872619548,0.5209694057878143,0.16219741991592987,0.987300373082239,0.27192439409389274,0.14059930292560013
2021-04-02 13:00:00,0.8856345885634588,-0.17131474103585675,0.16276991809381958,0.053740403499375144,0.6283912002198636,0.9982182628062362,0.5,0.1275839055333774,0.5036220535793829,0.12437827790731841,0.9864764839948781,0.2702408219099875,0.0
2021-04-02 13:10:00,0.9128312412831241,-0.1872509960159363,0.1591958302308265,0.049455454383146025,0.6283912002198636,0.9982182628062362,0.5,0.1275839055333774,0.5036220535793829,0.12437827790731841,0.9856525044994094,0.2702408219099875,0.0
2021-04-02 13:20:00,0.8716875871687587,0.5378486055776892,0.1591958302308265,0.039814318871630006,0.6283912002198636,0.9982182628062362,0.5,0.1275839055333774,0.5036220535793829,0.12437827790731841,0.9848287058201567,0.2702408219099875,0.0
2021-04-02 13:30:00,0.9560669456066946,-0.2749003984063746,0.15413253909158597,0.032672737011248065,0.6283912002198636,0.9982182628062362,0.5,0.1275839055333774,0.5036220535793829,0.12437827790731841,0.984004816732796,0.2702408219099875,0.0
2021-04-02 13:40:00,0.9218967921896792,-0.24302788844621515,0.155621742367833,0.02945902517407606,0.6283912002198636,0.9982182628062362,0.5,0.1275839055333774,0.5036220535793829,0.12437827790731841,0.9831808372373274,0.2702408219099875,0.0
2021-04-02 13:50:00,0.897489539748954,0.11553784860557759,0.15174981384959052,0.02945902517407606,0.6283912002198636,0.9982182628062362,0.5,0.1275839055333774,0.5036220535793829,0.12437827790731841,0.9823569481499668,0.2702408219099875,0.0
2021-04-02 14:00:00,0.9881450488145049,0.7689243027888444,0.15443037974683538,0.02945902517407606,0.6283912002198636,0.9982182628062362,0.5,0.12734773230676955,0.48024321349857974,0.13618048794777593,0.9815331494707139,0.2648221376690957,0.0
2021-04-02 14:10:00,0.9623430962343097,0.346613545816733,0.15383469843633635,0.027673629708980574,0.6283912002198636,0.9982182628062362,0.5,0.12734773230676955,0.48024321349857974,0.13618048794777593,0.9807091699752454,0.2648221376690957,0.0
2021-04-02 14:20:00,0.9832635983263598,0.09960159362549792,0.15353685778108694,0.02231744331369412,0.6283912002198636,0.9982182628062362,0.5,0.12734773230676955,0.48024321349857974,0.13618048794777593,0.9798852808878845,0.2648221376690957,0.0
2021-04-02 14:30:00,0.9100418410041842,0.4183266932270917,0.15830230826507807,0.02231744331369412,0.6283912002198636,0.9982182628062362,0.5,0.12734773230676955,0.48024321349857974,0.13618048794777593,0.9790613918005239,0.2648221376690957,0.0
2021-04-02 14:40:00,0.909344490934449,0.5298804780876492,0.16098287416232293,0.02231744331369412,0.6283912002198636,0.9982182628062362,0.5,0.12734773230676955,0.48024321349857974,0.13618048794777593,0.9782375027131632,0.2648221376690957,0.0
2021-04-02 14:50:00,0.9232914923291493,-0.4103585657370519,0.1708116157855546,0.028387787895018723,0.6283912002198636,0.9982182628062362,0.5,0.12734773230676955,0.48024321349857974,0.13618048794777593,0.9774136136258025,0.2648221376690957,0.0
2021-04-02 15:00:00,0.8842398884239888,0.31474103585657365,0.17289650037230064,0.026959471522942202,0.6283912002198636,0.9982182628062362,0.5,0.128789019362469,0.4689560842166978,0.14853281765638118,0.9765897245384418,0.26245141162953306,0.0
2021-04-02 15:10:00,0.907252440725244,0.6812749003984064,0.1714072970960534,0.029101946081057095,0.6283912002198636,0.9982182628062362,0.5,0.128789019362469,0.4689560842166978,0.14853281765638118,0.975765835451081,0.26245141162953306,0.0
2021-04-02 15:20:00,0.9595536959553695,0.5298804780876492,0.16842889054355892,0.02945902517407606,0.6283912002198636,0.9982182628062362,0.5,0.128789019362469,0.4689560842166978,0.14853281765638118,0.9749419463637203,0.26245141162953306,0.0
2021-04-02 15:30:00,0.9686192468619247,0.35723771580345254,0.16276991809381958,0.02945902517407606,0.6283912002198636,0.9982182628062362,0.5,0.128789019362469,0.4689560842166978,0.14853281765638118,0.9741180572763597,0.26245141162953306,0.0
2021-04-02 15:40:00,0.9811715481171548,0.18459495351925637,0.1669396872673119,0.02945902517407606,0.6309693630498227,0.9951002227171493,0.5,0.128789019362469,0.4689560842166978,0.14853281765638118,0.9732940777808912,0.26245141162953306,0.0
2021-04-02 15:50:00,0.9703626220362621,0.01195219123505975,0.16813104988830951,0.032672737011248065,0.6449594953606157,0.2611358574610245,0.5,0.128789019362469,0.4689560842166978,0.14853281765638118,0.9724702791016383,0.26245141162953306,0.23864236462121097
2021-04-02 16:00:00,0.9595536959553695,-0.14741035856573714,0.17438570364854789,0.03302981610426703,0.6353142872099568,0.24877505567928732,0.5,0.1544308412016051,0.4463530905987523,0.14444572526709276,0.9716463900142776,0.26148238341186963,0.20759086862712556
2021-04-02 16:10:00,0.9121338912133892,0.08366533864541825,0.1871928518242738,0.041956793429744677,0.634974022064886,0.21815144766146993,0.5,0.1544308412016051,0.4463530905987523,0.14444572526709276,0.9708224105188089,0.26148238341186963,0.2157007710065332
2021-04-02 16:20:00,0.9679218967921898,-0.5776892430278885,0.19791511541325368,0.055882878057489815,0.6516862755362448,0.6557906458797328,0.5,0.1544308412016051,0.4463530905987523,0.14444572526709276,0.969998611839556,0.26148238341186963,0.11062661255035683
2021-04-02 16:30:00,0.969142259414226,-0.5941946499715425,0.19940431868950093,0.07302267452240674,0.6524715027941004,0.9993318485523385,0.5,0.1544308412016051,0.4463530905987523,0.14444572526709276,0.9691747227521954,0.26148238341186963,0.0
2021-04-02 16:40:00,0.9703626220362621,-0.6107000569151964,0.1940431868950112,0.07373683270844489,0.6524715027941004,0.9993318485523385,0.5,0.1544308412016051,0.4463530905987523,0.14444572526709276,0.9683507432567268,0.26148238341186963,0.0
2021-04-02 16:50:00,0.9715829846582984,-0.6272054638588502,0.19344750558451218,0.07373683270844489,0.6524715027941004,0.9993318485523385,0.5,0.1544308412016051,0.4463530905987523,0.14444572526709276,0.9675268541693661,0.26148238341186963,0.0
2021-04-02 17:00:00,0.9728034170153418,-0.6437108708025043,0.18481012658227836,0.07016604177825392,0.6524715027941004,0.9993318485523385,0.5,0.15184957890056872,0.4445830112612667,0.15204531525166834,0.9667030554901134,0.2599712938158731,0.0
2021-04-02 17:10:00,0.974023779637378,-0.6602162777461582,0.18421444527177955,0.0687377254061774,0.6524715027941004,0.9993318485523385,0.5,0.15184957890056872,0.4445830112612667,0.15204531525166834,0.9658790759946447,0.2599712938158731,0.0
2021-04-02 17:20:00,0.9752441422594142,-0.6767216846898122,0.17974683544303782,0.06266738082485257,0.6524715027941004,0.9993318485523385,0.5,0.15184957890056872,0.4445830112612667,0.15204531525166834,0.9650551869072841,0.2599712938158731,0.0
2021-04-02 17:30:00,0.9764645048814505,-0.6932270916334662,0.1833209233060311,0.058739510801642636,0.6524715027941004,0.9993318485523385,0.5,0.15184957890056872,0.4445830112612667,0.15204531525166834,0.9642312978199233,0.2599712938158731,0.0
2021-04-02 17:40:00,0.9776847977684797,-0.7097324985771202,0.18004467609828723,0.053026245313336995,0.6524715027941004,0.9993318485523385,0.5,0.15184957890056872,0.4445830112612667,0.15204531525166834,0.9634074087325627,0.2599712938158731,0.0
2021-04-02 17:50:00,0.9972105997210601,-0.7262379055207742,0.18153387937453447,0.0480271380110695,0.6524715027941004,0.9993318485523385,0.5,0.15184957890056872,0.4445830112612667,0.15204531525166834,0.9625835196452018,0.2599712938158731,0.0
2021-04-02 18:00:00,0.9532775453277545,-0.7427433124644279,0.17915115413253901,0.04374218889484016,0.6524715027941004,0.9993318485523385,0.5,0.07595825927557742,0.4417152528541094,0.21859533828745392,0.9617596305578412,0.2588831430282134,0.0
2021-04-02 18:10:00,0.9728033472803347,-0.7365964712578259,0.18153387937453447,0.04088555615068734,0.6524715027941004,0.9993318485523385,0.5,0.07595825927557742,0.4417152528541094,0.21859533828745392,0.9609357414704804,0.2588831430282134,0.0
2021-04-02 18:20:00,0.8716875871687587,-0.7304496300512238,0.17587490692479513,0.03445813247634355,0.6524715027941004,0.9993318485523385,0.5,0.07595825927557742,0.4417152528541094,0.21859533828745392,0.9601118523831198,0.2588831430282134,0.0
2021-04-02 18:30:00,0.9393305439330545,-0.7243027888446214,0.17319434102755027,0.03160149973219073,0.6524715027941004,0.9993318485523385,0.5,0.07595825927557742,0.4417152528541094,0.21859533828745392,0.9592879632957592,0.2588831430282134,0.0
2021-04-02 18:40:00,0.907252440725244,-0.7181559476380194,0.17438570364854789,0.027673629708980574,0.6524715027941004,0.9993318485523385,0.5,0.07595825927557742,0.4417152528541094,0.21859533828745392,0.9584640290043446,0.2588831430282134,0.0
2021-04-02 18:50:00,0.9644351464435147,-0.7120091064314171,0.1746835443037973,0.02088912694161782,0.6524715027941004,0.9993318485523385,0.5,0.07595825927557742,0.4417152528541094,0.21859533828745392,0.9576401851210378,0.2588831430282134,0.0
2021-04-02 19:00:00,0.9281729428172943,-0.705862265224815,0.1720029784065522,0.01767541510444559,0.6524715027941004,0.9993318485523385,0.5,0.06808412849878076,0.4704014574419487,0.2161745834821814,0.9568162960336769,0.25587247551309567,0.0
2021-04-02 19:10:00,0.9518828451882846,-0.6997154240182129,0.16604616530156346,0.010176754151044465,0.6524715027941004,0.9993318485523385,0.5,0.06808412849878076,0.4704014574419487,0.2161745834821814,0.9568162960336769,0.25587247551309567,0.0
2021-04-02 19:20:00,0.9755927475592748,-0.6935685828116107,0.14966492926284403,0.004463488662738824,0.6524715027941004,0.9993318485523385,0.5,0.06808412849878076,0.4704014574419487,0.2161745834821814,0.9568162960336769,0.25587247551309567,0.0
2021-04-02 19:30:00,0.9497907949790795,-0.6874217416050086,0.1511541325390915,-0.0012497768255668174,0.6524715027941004,0.9993318485523385,0.5,0.06808412849878076,0.4704014574419487,0.2161745834821814,0.9568162960336769,0.25587247551309567,0.0
2021-04-02 19:40:00,0.9302649930264993,-0.6812749003984064,0.14668652271034976,-0.009462595965006093,0.6524715027941004,0.9993318485523385,0.5,0.06808412849878076,0.4704014574419487,0.2161745834821814,0.9568162960336769,0.25587247551309567,0.0
2021-04-02 19:50:00,0.9253835425383542,-0.7290836653386454,0.13834698436336557,-0.018032494197464666,0.6524715027941004,0.9993318485523385,0.5,0.06808412849878076,0.4704014574419487,0.2161745834821814,0.9568162960336769,0.25587247551309567,0.0
2021-04-02 20:00:00,0.887029288702929,-0.6812749003984064,0.1323901712583766,-0.024459917871808567,0.6524715027941004,0.9993318485523385,0.5,0.06712325934395125,0.48181789446763956,0.2052732609757307,0.7707369722169197,0.24854882799023917,0.0
2021-04-02 20:10:00,0.8730822873082287,-0.7211155378486056,0.12375279225614277,-0.03160149973219073,0.6524715027941004,0.9993318485523385,0.5,0.06712325934395125,0.48181789446763956,0.2052732609757307,0.7707369722169197,0.24854882799023917,0.0
2021-04-02 20:20:00,0.8298465829846583,-0.7043255549231644,0.11600893521965738,-0.03802892340653463,0.6524715027941004,0.9993318485523385,0.5,0.06712325934395125,0.48181789446763956,0.2052732609757307,0.7707369722169197,0.24854882799023917,0.0
2021-04-02 20:30:00,0.809623430962343,-0.6875355719977233,0.11124348473566648,-0.04302803070880201,0.6524715027941004,0.9993318485523385,0.5,0.06712325934395125,0.48181789446763956,0.2052732609757307,0.7707369722169197,0.24854882799023917,0.0
2021-04-02 20:40:00,0.7726638772663877,-0.6707455890722822,0.10201042442293362,-0.049455454383145914,0.6524715027941004,0.9993318485523385,0.5,0.06712325934395125,0.48181789446763956,0.2052732609757307,0.7707369722169197,0.24854882799023917,0.0
2021-04-02 20:50:00,0.7433751743375174,-0.6539556061468412,0.09188384214445255,-0.05302624531333677,0.6524715027941004,0.9993318485523385,0.5,0.06712325934395125,0.48181789446763956,0.2052732609757307,0.7707369722169197,0.24854882799023917,0.0
2021-04-02 21:00:00,0.6576011157601116,-0.5207740466704611,0.08384214445271776,-0.059453668987680564,0.6524715027941004,0.9993318485523385,0.5,0.07054325178614129,0.5026335677155922,0.19588280193777055,0.7392405955841179,0.2408241624171164,0.0
2021-04-02 21:10:00,0.702231520223152,-0.3875924871940809,0.08473566641846597,-0.06516693447598643,0.6524715027941004,0.9993318485523385,0.5,0.07054325178614129,0.5026335677155922,0.19588280193777055,0.7392405955841179,0.2408241624171164,0.0
2021-04-02 21:20:00,0.5892608089260809,-0.2544109277177008,0.07877885331347723,-0.07123727905731125,0.6524715027941004,0.9993318485523385,0.5,0.07054325178614129,0.5026335677155922,0.19588280193777055,0.7392405955841179,0.2408241624171164,0.0
2021-04-02 21:30:00,0.697350069735007,-0.12122936824132047,0.06746090841399854,-0.07802178182467412,0.645430631715329,0.8982182628062361,0.5,0.07054325178614129,0.5026335677155922,0.19588280193777055,0.7392405955841179,0.2408241624171164,0.00805709371275103
2021-04-02 21:40:00,0.6541143654114366,0.01195219123505975,0.06626954579300048,-0.07409391180146396,0.6164295716585309,0.061358574610244986,0.5,0.07054325178614129,0.5026335677155922,0.19588280193777055,0.7392405955841179,0.2408241624171164,0.676388490728307
2021-04-02 21:50:00,0.5753138075313807,-0.24302788844621515,0.07490692479523453,-0.05302624531333677,0.6092185680072241,0.02427616926503341,0.5,0.07054325178614129,0.5026335677155922,0.19588280193777055,0.7392405955841179,0.2408241624171164,0.6994281575810614
2021-04-02 22:00:00,0.5913528591352859,0.027888446215139417,0.07818317200297842,-0.031958578825209805,0.6092185680072241,0.024387527839643652,0.5,-0.002270044623098433,0.5166246655958079,0.2469797631289711,0.7679514984122907,0.23755553391742407,0.7027324712947176
2021-04-02 22:10:00,0.6750348675034867,0.31474103585657365,0.05197319434102754,-0.04659882163899287,0.6092185680072241,0.00311804008908686,0.5,-0.002270044623098433,0.5166246655958079,0.2469797631289711,0.7679514984122907,0.23755553391742407,0.9416011587730284
2021-04-02 22:20:00,0.690376569037657,0.3227091633466135,0.04244229337304528,-0.0526691662203177,0.6092185680072241,0.0066815144766146995,0.5,-0.002270044623098433,0.5166246655958079,0.2469797631289711,0.7679514984122907,0.23755553391742407,0.9897626627638548
2021-04-02 22:30:00,0.7447698744769874,-0.043824701195219196,0.04363365599404312,-0.049455454383145914,0.6163248746908169,0.01670378619153675,0.5,-0.002270044623098433,0.5166246655958079,0.2469797631289711,0.7679514984122907,0.23755553391742407,0.7797878600419452
2021-04-02 22:40:00,0.7175732217573221,-0.21912350597609564,0.04690990320178701,-0.039814318871630006,0.6190731700933111,0.09532293986636972,0.5,-0.002270044623098433,0.5166246655958079,0.2469797631289711,0.7679514984122907,0.23755553391742407,0.5698130573200356
2021-04-02 22:50:00,0.7642956764295677,-0.1394422310756973,0.04690990320178701,-0.038386002499553595,0.6190993443352397,0.1178173719376392,0.5,-0.002270044623098433,0.5166246655958079,0.2469797631289711,0.7679514984122907,0.23755553391742407,0.5381957541832008
2021-04-02 23:00:00,0.7280334728033473,-0.1394422310756973,0.04631422189128798,-0.036243527941438924,0.613458795199644,0.16325167037861915,0.5,-0.06187565101061532,0.515811463562515,0.29758696817485436,0.7905716974188457,0.23731957844184817,0.25959986118864764
2021-04-02 23:10:00,0.7517433751743374,-0.13147410358565736,0.04154877140729707,-0.04088555615068734,0.617345670126029,0.18986636971046772,0.5,-0.06187565101061532,0.515811463562515,0.29758696817485436,0.7905716974188457,0.23731957844184817,0.20106522624741613
2021-04-02 23:20:00,0.7642956764295677,0.05179282868525892,0.03678332092330594,-0.04588466345295483,0.6115088141759694,0.20556792873051227,0.5,-0.06187565101061532,0.515811463562515,0.29758696817485436,0.7905716974188457,0.23731957844184817,0.16962898139626115
2021-04-02 23:30:00,0.7175732217573221,-0.08366533864541836,0.032911392405063244,-0.0526691662203177,0.6092970907330097,0.1423162583518931,0.5,-0.06187565101061532,0.515811463562515,0.29758696817485436,0.7905716974188457,0.23731957844184817,0.364674019644824
2021-04-02 23:40:00,0.7196652719665272,0.05976095617529875,0.03052866716306757,-0.05409748259239411,0.6092840036120455,0.11057906458797327,0.5,-0.06187565101061532,0.515811463562515,0.29758696817485436,0.7905716974188457,0.23731957844184817,0.5426165939918826
2021-04-02 23:50:00,0.7329149232914923,0.03585657370517925,0.026656738644824873,-0.056597036243527854,0.6092840036120455,0.14175946547884188,0.5,-0.06187565101061532,0.515811463562515,0.29758696817485436,0.7905716974188457,0.23731957844184817,0.39739276068621093
2021-04-03 00:00:00,0.7482566248256626,0.003984063745019917,0.026061057334326065,-0.055168719871451444,0.6092840036120455,0.08173719376391982,0.5,-0.050964254493411576,0.5050243242233656,0.27738344926046443,0.7998491062279858,0.2359416670099241,0.757781734236613
2021-04-03 00:10:00,0.7426778242677825,-0.01195219123505975,0.023380491437080986,-0.05481164077843248,0.6092840036120455,0.16503340757238308,0.5,-0.050964254493411576,0.5050243242233656,0.27738344926046443,0.7998491062279858,0.2359416670099241,0.3097303740362418
2021-04-03 00:20:00,0.691771269177127,-0.6334661354581674,0.033507073715562274,-0.04588466345295483,0.6092840036120455,0.9530066815144767,0.5,-0.050964254493411576,0.5050243242233656,0.27738344926046443,0.7998491062279858,0.2359416670099241,0.004481192570575011
2021-04-03 00:30:00,0.704323570432357,-0.6892430278884463,0.06150409530900958,-0.003749330476700563,0.6092840036120455,0.9985523385300669,0.5,-0.050964254493411576,0.5050243242233656,0.27738344926046443,0.7998491062279858,0.2359416670099241,0.0
2021-04-03 00:40:00,0.7238493723849373,-0.7450199203187251,0.0635889798957554,-0.0008926977325478536,0.6092840036120455,0.9985523385300669,0.5,-0.050964254493411576,0.5050243242233656,0.27738344926046443,0.7998491062279858,0.2359416670099241,0.0
2021-04-03 00:50:00,0.7691771269177127,-0.7434262948207173,0.054951600893522023,-0.021603285127655747,0.6092840036120455,0.9985523385300669,0.5,-0.050964254493411576,0.5050243242233656,0.27738344926046443,0.7998491062279858,0.2359416670099241,0.0
2021-04-03 01:00:00,0.7754532775453277,-0.7418326693227091,0.04780342516753522,-0.037671844313515335,0.6092840036120455,0.9985523385300669,0.5,-0.07747122212056945,0.5016077262813703,0.2648227639467954,0.7904628460569252,0.23291444249792928,0.0
2021-04-03 01:10:00,0.7552301255230126,-0.7402390438247013,0.04422933730454215,-0.04874129619710765,0.6092840036120455,0.9985523385300669,0.5,-0.07747122212056945,0.5016077262813703,0.2648227639467954,0.7904628460569252,0.23291444249792928,0.0
2021-04-03 01:20:00,0.8117154811715481,-0.7386454183266933,0.0355919583023081,-0.056597036243527854,0.6092840036120455,0.9985523385300669,0.5,-0.07747122212056945,0.5016077262813703,0.2648227639467954,0.7904628460569252,0.23291444249792928,0.0
2021-04-03 01:30:00,0.7629009762900976,-0.7370517928286854,0.037081161578555344,-0.062310301731833606,0.6092840036120455,0.9985523385300669,0.5,-0.07747122212056945,0.5016077262813703,0.2648227639467954,0.7904628460569252,0.23291444249792928,0.0
2021-04-03 01:40:00,0.7294281729428174,-0.6972111553784861,0.03678332092330594,-0.06409569719692909,0.6092840036120455,0.9985523385300669,0.5,-0.07747122212056945,0.5016077262813703,0.2648227639467954,0.7904628460569252,0.23291444249792928,0.0
2021-04-03 01:50:00,0.694560669456067,-0.6972111553784861,0.034400595681310264,-0.07052312087127288,0.6092840036120455,0.9985523385300669,0.5,-0.07747122212056945,0.5016077262813703,0.2648227639467954,0.7904628460569252,0.23291444249792928,0.0
2021-04-03 02:00:00,0.6659693165969317,-0.6972111553784861,0.029039463886820327,-0.0751651490805213,0.6092840036120455,0.9985523385300669,0.5,-0.0614277857250779,0.4775191303623222,0.22210010022120188,0.8198271282809451,0.229360611008798,0.0
2021-04-03 02:10:00,0.7245467224546723,-0.6972111553784861,0.016530156366343807,-0.07945009819675053,0.6092840036120455,0.9985523385300669,0.5,-0.0614277857250779,0.4775191303623222,0.22210010022120188,0.8198271282809451,0.229360611008798,0.0
2021-04-03 02:20:00,0.7092050209205021,-0.6972111553784861,0.005510052122114528,-0.08694875915015177,0.6092840036120455,0.9985523385300669,0.5,-0.0614277857250779,0.4775191303623222,0.22210010022120188,0.8198271282809451,0.229360611008798,0.0
2021-04-03 02:30:00,0.7398884239888424,-0.6972111553784861,-0.0016381236038721658,-0.09194786645241915,0.6092840036120455,0.9985523385300669,0.5,-0.0614277857250779,0.4775191303623222,0.22210010022120188,0.8198271282809451,0.229360611008798,0.0
2021-04-03 02:40:00,0.7677824267782427,-0.6972111553784861,-0.007892777364110204,-0.09980360649883946,0.6092840036120455,0.9985523385300669,0.5,-0.0614277857250779,0.4775191303623222,0.22210010022120188,0.8198271282809451,0.229360611008798,0.0
2021-04-03 02:50:00,0.7789400278940027,-0.6972111553784861,-0.01236038719285204,-0.10623103017318325,0.6092840036120455,0.9985523385300669,0.5,-0.0614277857250779,0.4775191303623222,0.22210010022120188,0.8198271282809451,0.229360611008798,0.0
2021-04-03 03:00:00,0.7803347280334728,-0.6972111553784861,-0.011466865227103606,-0.10980182110337433,0.6092840036120455,0.9985523385300669,0.5,-0.057160958340990664,0.4714474134140985,0.1997346541277934,0.840869615396407,0.22449206532648994,0.0
2021-04-03 03:10:00,0.8884239888423989,-0.6972111553784861,-0.012062546537602414,-0.11123013747545074,0.6092840036120455,0.9985523385300669,0.5,-0.057160958340990664,0.4714474134140985,0.1997346541277934,0.840869615396407,0.22449206532648994,0.0
2021-04-03 03:20:00,0.8807531380753139,-0.6972111553784861,-0.01653015636634425,-0.11765756114979464,0.6092840036120455,0.9985523385300669,0.5,-0.057160958340990664,0.4714474134140985,0.1997346541277934,0.840869615396407,0.22449206532648994,0.0
2021-04-03 03:30:00,0.8368200836820083,-0.6972111553784861,-0.02010424422933743,-0.1230137475450811,0.6092840036120455,0.9985523385300669,0.5,-0.057160958340990664,0.4714474134140985,0.1997346541277934,0.840869615396407,0.22449206532648994,0.0
2021-04-03 03:40:00,0.8354253835425384,-0.6972111553784861,-0.024571854058079046,-0.12551330119621484,0.6092840036120455,0.9985523385300669,0.5,-0.057160958340990664,0.4714474134140985,0.1997346541277934,0.840869615396407,0.22449206532648994,0.0
2021-04-03 03:50:00,0.8193863319386332,-0.6972111553784861,-0.024571854058079046,-0.1312265666845207,0.6092840036120455,0.9985523385300669,0.5,-0.057160958340990664,0.4714474134140985,0.1997346541277934,0.840869615396407,0.22449206532648994,0.0
2021-04-03 04:00:00,0.8382147838214784,-0.6972111553784861,-0.02486969471332856,-0.13372612033565434,0.6033293635733075,0.8678173719376393,0.5,-0.09553819045481282,0.45970339677075645,0.18678731255128841,0.8550936134215958,0.21768474240915883,0.021146098948353124
2021-04-03 04:10:00,0.8368200836820083,0.043824701195219085,-0.020997766195085754,-0.1169434029637566,0.599965973485493,0.14565701559020044,0.5,-0.09553819045481282,0.45970339677075645,0.18678731255128841,0.8550936134215958,0.21768474240915883,0.4946889569533926
2021-04-03 04:20:00,0.8654114365411437,-0.1394422310756973,-0.01444527177959809,-0.09837529012676305,0.599965973485493,0.13329621380846327,0.5,-0.09553819045481282,0.45970339677075645,0.18678731255128841,0.8550936134215958,0.21768474240915883,0.5978393711242211
2021-04-03 04:30:00,0.894002789400279,-0.23505976095617542,-0.03320923306031276,-0.10658810926620232,0.599965973485493,0.14554565701559022,0.5,-0.09553819045481282,0.45970339677075645,0.18678731255128841,0.8550936134215958,0.21768474240915883,0.5352384688504308
2021-04-03 04:40:00,0.903068340306834,-0.20318725099601598,-0.04303797468354453,-0.11622924477771823,0.599965973485493,0.1821826280623608,0.5,-0.09553819045481282,0.45970339677075645,0.18678731255128841,0.8550936134215958,0.21768474240915883,0.36219201231196346
2021-04-03 04:50:00,0.9490934449093444,-0.20318725099601598,-0.04542069992553999,-0.12051419389394735,0.599965973485493,0.18340757238307348,0.5,-0.09553819045481282,0.45970339677075645,0.18678731255128841,0.8550936134215958,0.21768474240915883,0.4019267619234425
2021-04-03 05:00:00,0.9728033472803347,-0.12350597609561753,-0.04542069992553999,-0.12265666845206213,0.599965973485493,0.19198218262806235,0.5,-0.11192973304520715,0.454487984437094,0.17899268244462632,0.8780494977328113,0.21074477150733129,0.3877287746880517
2021-04-03 05:10:00,0.9449093444909346,-0.23505976095617542,-0.046016381236038795,-0.12408498482413843,0.599965973485493,0.19097995545657015,0.5,-0.11192973304520715,0.454487984437094,0.17899268244462632,0.8780494977328113,0.21074477150733129,0.3510116631712359
2021-04-03 05:20:00,0.9288702928870293,-0.21115537848605592,-0.050186150409531005,-0.12408498482413843,0.599965973485493,0.1767260579064588,0.5,-0.11192973304520715,0.454487984437094,0.17899268244462632,0.8780494977328113,0.21074477150733129,0.40437859287535644
2021-04-03 05:30:00,0.9449093444909346,-0.1633466135458168,-0.05137751303052884,-0.12408498482413843,0.599965973485493,0.15601336302895324,0.5,-0.11192973304520715,0.454487984437094,0.17899268244462632,0.8780494977328113,0.21074477150733129,0.5433483712298385
2021-04-03 05:40:00,0.9483960948396095,-0.3067729083665339,-0.05405807892777381,-0.1230137475450811,0.599965973485493,0.13251670378619154,0.5,-0.11192973304520715,0.454487984437094,0.17899268244462632,0.8780494977328113,0.21074477150733129,0.7887125247069119
2021-04-03 05:50:00,0.9902370990237098,-0.3466135458167332,-0.054355919583023216,-0.11980003570790931,0.599965973485493,0.11614699331848552,0.5,-0.11192973304520715,0.454487984437094,0.17899268244462632,0.8780494977328113,0.21074477150733129,0.7795588213105602
2021-04-03 06:00:00,0.990286889818689,-0.45019920318725104,-0.05554728220402094,-0.11123013747545074,0.599965973485493,0.1297327394209354,0.5,-0.12293071596075422,0.4709445499659495,0.15958251268743603,0.8678552603013816,0.1984758978854474,0.7704051179142086
2021-04-03 06:10:00,0.9903366806136681,-0.4581673306772909,-0.05673864482501878,-0.10515979289412591,0.599965973485493,0.13552338530066815,0.5,-0.12293071596075422,0.4709445499659495,0.15958251268743603,0.8678552603013816,0.1984758978854474,0.7612514899588093
2021-04-03 06:20:00,0.9903865411436541,-0.5617529880478087,-0.05554728220402094,-0.1008748437778968,0.599965973485493,0.14565701559020044,0.5,-0.12293071596075422,0.4709445499659495,0.15958251268743603,0.8678552603013816,0.1984758978854474,0.7520977639301718
2021-04-03 06:30:00,0.9904363319386332,-0.5458167330677292,-0.05971705137751315,-0.09908944831280142,0.599965973485493,0.13574610244988863,0.5,-0.12293071596075422,0.4709445499659495,0.15958251268743603,0.8678552603013816,0.1984758978854474,0.7429440831661059
2021-04-03 06:40:00,0.9904861227336123,-0.6573705179282869,-0.06031273268801207,-0.09444742010355289,0.599965973485493,0.13051224944320713,0.5,-0.12293071596075422,0.4709445499659495,0.15958251268743603,0.8678552603013816,0.1984758978854474,0.7337903797697543
2021-04-03 06:50:00,0.9905359832635983,-0.6812749003984064,-0.06090841399851088,-0.09194786645241915,0.599965973485493,0.1311804008908686,0.5,-0.12293071596075422,0.4709445499659495,0.15958251268743603,0.8678552603013816,0.1984758978854474,0.7246367518143549
2021-04-03 07:00:00,0.9905857740585774,-0.6733067729083666,-0.06329113924050644,-0.09194786645241915,0.599965973485493,0.1309576837416481,0.5,-0.12372868862656317,0.47978919964253613,0.1403137406780523,0.8736741973506297,0.19412887079013028,0.7154830484180033
2021-04-03 07:10:00,0.9906355648535565,-0.6812749003984064,-0.06329113924050644,-0.09159078735940018,0.599965973485493,0.13897550111358575,0.5,-0.12372868862656317,0.47978919964253613,0.1403137406780523,0.8736741973506297,0.19412887079013028,0.7063293450216516
2021-04-03 07:20:00,0.9906854253835425,-0.7370517928286854,-0.060610573343261476,-0.08837707552222807,0.5990760492599233,0.13853006681514476,0.5,-0.12372868862656317,0.47978919964253613,0.1403137406780523,0.8736741973506297,0.19412887079013028,0.6971757170662523
2021-04-03 07:30:00,0.9907352161785217,0.1394422310756971,-0.05405807892777381,-0.08837707552222807,0.5860674510214499,0.14198218262806236,0.5,-0.12372868862656317,0.47978919964253613,0.1403137406780523,0.8736741973506297,0.19412887079013028,0.6880220136699007
2021-04-03 07:40:00,0.9907850069735008,0.3067729083665336,-0.04571854058078939,-0.08302088912694161,0.5860674510214499,0.14565701559020044,0.5,-0.12372868862656317,0.47978919964253613,0.1403137406780523,0.8736741973506297,0.19412887079013028,0.678868310273549
2021-04-03 07:50:00,0.9908347977684797,0.2749003984063745,-0.04274013402829491,-0.07873594001071249,0.5860674510214499,0.14242761692650333,0.5,-0.12372868862656317,0.47978919964253613,0.1403137406780523,0.8736741973506297,0.19412887079013028,0.6697146068771973
2021-04-03 08:00:00,0.9908846582984658,0.47410358565737054,-0.034996276991809516,-0.0733797536154257,0.5860674510214499,0.15100222717149223,0.5,-0.12841086203394492,0.49309352972785137,0.1266964400866039,0.8763903281364934,0.19247599594810647,0.660560978921798
2021-04-03 08:10:00,0.990934449093445,0.6812749003984064,-0.025763216679076772,-0.06552401356900539,0.586028189658557,0.14587973273942093,0.5,-0.12841086203394492,0.49309352972785137,0.1266964400866039,0.8763903281364934,0.19247599594810647,0.6514072981577319
2021-04-03 08:20:00,0.990984239888424,-0.06772908366533881,-0.023976172747580238,-0.06088198535975731,0.5972045909620343,0.14365256124721604,0.5,-0.12841086203394492,0.49309352972785137,0.1266964400866039,0.8763903281364934,0.19247599594810647,0.6422535721290946
2021-04-03 08:30:00,0.9910341004184101,-0.4581673306772909,-0.027252419955324125,-0.05159792894126036,0.5999136250016358,0.13964365256124722,0.5,-0.12841086203394492,0.49309352972785137,0.1266964400866039,0.8763903281364934,0.19247599594810647,0.6330999441736953
2021-04-03 08:40:00,0.9910838912133891,-0.4103585657370519,-0.022486969471332885,-0.04767005891805021,0.5999267121226001,0.1374164810690423,0.5,-0.12841086203394492,0.49309352972785137,0.1266964400866039,0.8763903281364934,0.19247599594810647,0.6239462407773436
2021-04-03 08:50:00,0.9911336820083682,-0.17928286852589637,-0.012956068503350737,-0.04052847705766838,0.6000052348483857,0.1354120267260579,0.5,-0.12841086203394492,0.49309352972785137,0.1266964400866039,0.8763903281364934,0.19247599594810647,0.6147925373809919
2021-04-03 09:00:00,0.9911835425383542,0.003984063745019917,-0.0028294862248698927,-0.03374397429030518,0.6000444962112784,0.12516703786191538,0.5,-0.13372811161811515,0.5075012858936755,0.12332115537304465,0.8234174150621664,0.1947383902948521,0.6056388339846402
2021-04-03 09:10:00,0.9912333333333333,0.25099601593625476,0.007892777364109982,-0.027673629708980574,0.6000444962112784,0.1316258351893096,0.5,-0.13372811161811515,0.5075012858936755,0.12332115537304465,0.8234174150621664,0.1947383902948521,0.5964852060292409
2021-04-03 09:20:00,0.9912831241283124,0.47410358565737054,0.02010424422933732,-0.021603285127655747,0.6000444962112784,0.13596881959910914,0.5,-0.13372811161811515,0.5075012858936755,0.12332115537304465,0.8234174150621664,0.1947383902948521,0.587331525265175
2021-04-03 09:30:00,0.9913329149232916,0.5458167330677288,0.02784810126582271,-0.018746652383503037,0.6017196476947035,0.14521158129175946,0.5,-0.13372811161811515,0.5075012858936755,0.12332115537304465,0.8234174150621664,0.1947383902948521,0.5781777992365376
2021-04-03 09:40:00,0.9913827754532776,-0.4820717131474104,0.02844378257632152,-0.011605070523120875,0.6133933595948228,0.13273942093541202,0.5,-0.13372811161811515,0.5075012858936755,0.12332115537304465,0.8234174150621664,0.1947383902948521,0.5690241712811384
2021-04-03 09:50:00,0.9914325662482566,0.4501992031872508,0.03142218912881578,-0.005534725941796048,0.6001099318160997,0.12383073496659243,0.5,-0.13372811161811515,0.5075012858936755,0.12332115537304465,0.8234174150621664,0.1947383902948521,0.5598704678847867
2021-04-03 10:00:00,0.9914823570432357,-0.40239043824701204,0.0466120625465376,0.0012497768255668174,0.6136158406512151,0.14643652561247217,0.5,0.06341012659832157,0.48816259443057186,0.08851854092234702,0.8265879369983732,0.20978808163543167,0.5507167871207206
2021-04-03 10:10:00,0.9915322175732217,-0.09960159362549814,0.0546537602382724,0.009819675058025501,0.602596484799309,0.1350779510022272,0.5,0.06341012659832157,0.48816259443057186,0.08851854092234702,0.8297585493426878,0.20978808163543167,0.5415630610920833
2021-04-03 10:20:00,0.9915820083682009,0.3306772908366533,0.06478034251675346,0.019817889662560484,0.6015233408802397,0.17873051224944322,0.5,0.06341012659832157,0.48816259443057186,0.08851854092234702,0.8329290712788946,0.20978808163543167,0.532409433136684
2021-04-03 10:30:00,0.99163179916318,0.15537848605577675,0.0743112434847355,0.024816996964827753,0.6141262383688212,0.2299554565701559,0.5,0.06341012659832157,0.48816259443057186,0.08851854092234702,0.8360996384191554,0.20978808163543167,0.35175852859966505
2021-04-03 10:40:00,0.9914365411436541,-0.4581673306772909,0.08443782576321657,0.02231744331369412,0.6275405373571867,0.5706013363028953,0.5,0.06341012659832157,0.48816259443057186,0.08851854092234702,0.839270205559416,0.20978808163543167,0.14473346711528887
2021-04-03 10:50:00,0.9912412831241283,-0.47410358565737054,0.11600893521965738,0.03017318336011443,0.6280247608328644,0.9996659242761693,0.5,0.06341012659832157,0.48816259443057186,0.08851854092234702,0.8424407274956228,0.20978808163543167,0.0
2021-04-03 11:00:00,0.9910460251046026,-0.4900398406374503,0.12970960536113174,0.04838421710408847,0.6280247608328644,0.9996659242761693,0.5,0.07027455929729043,0.48188973210308944,0.1403098094402209,0.8456113398399375,0.2393862125941501,0.0
2021-04-03 11:10:00,0.9908507670850767,-0.50597609561753,0.13507073715562168,0.04409926798785935,0.6280247608328644,0.9996659242761693,0.5,0.07027455929729043,0.48188973210308944,0.1403098094402209,0.8487817713680363,0.2393862125941501,0.0
2021-04-03 11:20:00,0.9906555090655509,-0.5219123505976095,0.14192107222635886,0.04159971433672571,0.6280247608328644,0.9996659242761693,0.5,0.07027455929729043,0.48188973210308944,0.1403098094402209,0.8519523837123512,0.2393862125941501,0.0
2021-04-03 11:30:00,0.9904602510460252,-0.5378486055776892,0.14311243484735647,0.03624352794143926,0.6280247608328644,0.9996659242761693,0.5,0.07027455929729043,0.48188973210308944,0.1403098094402209,0.855122905648558,0.2393862125941501,0.0
2021-04-03 11:40:00,0.9902649930264993,-0.553784860557769,0.1508562918838421,0.03302981610426703,0.6280247608328644,0.9996659242761693,0.5,0.07027455929729043,0.48188973210308944,0.1403098094402209,0.8582935179928726,0.2393862125941501,0.0
2021-04-03 11:50:00,0.9900697350069735,-0.5697211155378487,0.14906924795234544,0.03160149973219073,0.6280247608328644,0.9996659242761693,0.5,0.07027455929729043,0.48188973210308944,0.1403098094402209,0.8614640399290794,0.2393862125941501,0.0
2021-04-03 12:00:00,0.9898744769874478,-0.5856573705179284,0.1362620997766193,0.03160149973219073,0.6280247608328644,0.9996659242761693,0.5,0.06973714096649908,0.4777260227524181,0.18700048709304876,0.8646346522733942,0.2541492593458983,0.0
2021-04-03 12:10:00,0.9896792189679219,-0.601593625498008,0.13715562174236773,0.031244420639171766,0.6280247608328644,0.9996659242761693,0.5,0.06973714096649908,0.4777260227524181,0.18700048709304876,0.8678051742096008,0.2541492593458983,0.0
2021-04-03 12:20:00,0.9894839609483961,-0.6175298804780878,0.14192107222635886,0.030887341546152358,0.6280247608328644,0.9996659242761693,0.5,0.06973714096649908,0.4777260227524181,0.18700048709304876,0.8709757865539156,0.2541492593458983,0.0
2021-04-03 12:30:00,0.9892887029288704,-0.6334661354581674,0.15502606105733419,0.03517229066238192,0.6234180942534452,0.6178173719376392,0.5,0.06973714096649908,0.4777260227524181,0.18700048709304876,0.8741463084901224,0.2541492593458983,0.4232916396336588
2021-04-03 12:40:00,0.9890933751743375,-0.4422310756972112,0.15174981384959052,0.05195500803427966,0.6249100260433708,0.15089086859688197,0.5,0.06973714096649908,0.4777260227524181,0.18700048709304876,0.877316920834437,0.2541492593458983,0.4786192796897868
2021-04-03 12:50:00,0.9888981520223151,-0.2589641434262948,0.13417721518987324,0.04017139796464919,0.6168614466503514,0.12839643652561247,0.5,0.06973714096649908,0.4777260227524181,0.18700048709304876,0.8804874427706438,0.2541492593458983,0.5339469197459149
2021-04-03 13:00:00,0.9887028940027894,-0.15537848605577698,0.13894266567386415,0.03945723977861104,0.6245304995354073,0.1477728285077951,0.5,0.1777193691063006,0.46522627418414214,0.16287054928396308,0.8836580551149587,0.2546332118756298,0.5892745598020429
2021-04-03 13:10:00,0.9885076359832636,-0.23505976095617542,0.14132539091585983,0.04231387252276364,0.6268600070670454,0.14164810690423163,0.5,0.1777193691063006,0.46522627418414214,0.16287054928396308,0.8868285770511655,0.2546332118756298,0.644602199858171
2021-04-03 13:20:00,0.9883123779637377,-0.0916334661354582,0.14072970960536102,0.04981253347616499,0.6178560678436351,0.12939866369710468,0.5,0.1777193691063006,0.46522627418414214,0.16287054928396308,0.889999144191426,0.2546332118756298,0.6999298625465848
2021-04-03 13:30:00,0.9881171548117156,-0.17928286852589637,0.14549516008935193,0.057311194429566115,0.6275928858410438,0.13184855233853007,0.5,0.1777193691063006,0.46522627418414214,0.16287054928396308,0.893169620923579,0.2546332118756298,0.7552574799704271
2021-04-03 13:40:00,0.9879218967921897,-0.043824701195219196,0.14906924795234544,0.07302267452240674,0.6198714844721309,0.10957683741648107,0.5,0.1777193691063006,0.46522627418414214,0.16287054928396308,0.8963401428597858,0.2546332118756298,0.8105851200265553
2021-04-03 13:50:00,0.9877266387726639,0.019920318725099362,0.15651526433358143,0.09194786645241915,0.6237452722775517,0.10968819599109131,0.5,0.1777193691063006,0.46522627418414214,0.16287054928396308,0.8995107552041004,0.2546332118756298,0.8659127600826833
2021-04-03 14:00:00,0.9875313807531381,0.15537848605577675,0.15591958302308262,0.09266202463845752,0.6144795906348562,0.12984409799554567,0.5,0.1791117938859117,0.44299970977595327,0.17029120454014857,0.9026812771403072,0.2488613152210704,0.9212404001388115
2021-04-03 14:10:00,0.9873361227336123,-0.019920318725099695,0.16276991809381958,0.09837529012676294,0.623967753333944,0.12683741648106905,0.5,0.1791117938859117,0.44299970977595327,0.17029120454014857,0.9058518894846218,0.2488613152210704,0.9765680401949395
2021-04-03 14:20:00,0.9871408647140865,-0.11553784860557781,0.163663440059568,0.1040885556150688,0.6239808404549083,0.14420935412026725,0.5,0.1791117938859117,0.44299970977595327,0.17029120454014857,0.9090224114208286,0.2488613152210704,0.7236145269097877
2021-04-03 14:30:00,0.9869456066945607,-0.10756972111553798,0.163663440059568,0.10158900196393517,0.6252895525513342,0.23429844097995545,0.5,0.1791117938859117,0.44299970977595327,0.17029120454014857,0.9121930237651434,0.2488613152210704,0.31965840336768414
2021-04-03 14:40:00,0.9867503486750349,0.05976095617529875,0.16574832464631406,0.09194786645241915,0.6199107458350238,0.728173719376392,0.5,0.1791117938859117,0.44299970977595327,0.17029120454014857,0.9153635457013503,0.2488613152210704,0.06315162122606635
2021-04-03 14:50:00,0.985994839609484,0.49800796812749004,0.19999999999999996,0.11658632387073742,0.6172671474002434,0.9993318485523385,0.5,0.1791117938859117,0.44299970977595327,0.17029120454014857,0.9185341580456649,0.2488613152210704,0.0
2021-04-03 15:00:00,0.98523940027894,0.1633466135458166,0.22382725241995538,0.13301196214961597,0.6172671474002434,0.9055679287305122,0.5,0.18022738802283889,0.4304022620234665,0.17058439879389625,0.9217046799818717,0.24401396949713677,0.012651447711875916
2021-04-03 15:10:00,0.9844839609483961,0.027888446215139417,0.20416976917349206,0.1219425102660241,0.6218607268586983,0.2742761692650334,0.5,0.18022738802283889,0.4304022620234665,0.17058439879389625,0.9248752923261865,0.24401396949713677,0.1766902545377733
2021-04-03 15:20:00,0.9837285216178522,-0.10756972111553798,0.17706626954579274,0.08409212640599906,0.6177775451178494,0.2145879732739421,0.5,0.18022738802283889,0.4304022620234665,0.17058439879389625,0.9280458142623933,0.24401396949713677,0.39799628830514355
2021-04-03 15:30:00,0.9829730125523013,-0.1872509960159363,0.17259865971705124,0.06909480449919658,0.623457355616338,0.16714922048997774,0.5,0.18022738802283889,0.4304022620234665,0.17058439879389625,0.9312164266067079,0.24401396949713677,0.6057606711227123
2021-04-03 15:40:00,0.9822175732217574,0.019920318725099362,0.1714072970960534,0.061596143545795234,0.6172540602792791,0.12160356347438753,0.5,0.18022738802283889,0.4304022620234665,0.17058439879389625,0.9343869485429147,0.24401396949713677,0.6022903873138494
2021-04-03 15:50:00,0.9814621338912134,-0.17131474103585675,0.17617274758004453,0.06659525084806273,0.619819135988274,0.1767260579064588,0.5,0.18022738802283889,0.4304022620234665,0.17058439879389625,0.9375574704791215,0.24401396949713677,0.5988201035049867
2021-04-03 16:00:00,0.9807066596931661,0.043824701195219085,0.1746835443037973,0.07159435815033022,0.611286333119577,0.18775055679287306,0.5,0.20114634568542766,0.4167416172663184,0.20865754949206508,0.9407279924153282,0.2425591233957093,0.47916320895634984
2021-04-03 16:10:00,0.9799511854951186,-0.11553784860557781,0.17617274758004453,0.06659525084806273,0.61194068916779,0.1923162583518931,0.5,0.20114634568542766,0.4167416172663184,0.20865754949206508,0.9438985595555891,0.2425591233957093,0.6387208232116722
2021-04-03 16:20:00,0.9791957461645746,0.19521912350597592,0.17736411020104237,0.06838064631315843,0.6163248746908169,0.14832962138084632,0.5,0.20114634568542766,0.4167416172663184,0.20865754949206508,0.9470691266958498,0.2425591233957093,0.8802299440228133
2021-04-03 16:30:00,0.9784403068340307,-0.043824701195219196,0.17676842889054334,0.07123727905731125,0.6132886626271087,0.11837416481069044,0.5,0.20114634568542766,0.4167416172663184,0.20865754949206508,0.9502396486320565,0.2425591233957093,0.8219668965101016
2021-04-03 16:40:00,0.9776847977684797,0.09960159362549792,0.1752792256142961,0.07909301910373157,0.6170577534648153,0.13630289532293988,0.5,0.20114634568542766,0.4167416172663184,0.20865754949206508,0.9534102609763713,0.2425591233957093,0.7637038489973899
2021-04-03 16:50:00,0.99163179916318,0.07569721115537842,0.17617274758004453,0.08230673094090357,0.6104356702569003,0.13964365256124722,0.5,0.20114634568542766,0.4167416172663184,0.20865754949206508,0.9565807829125781,0.2425591233957093,0.7522971769995624
2021-04-03 17:00:00,0.9926778940027895,-0.10756972111553798,0.17706626954579274,0.08659168005713269,0.6113517687243983,0.13719376391982183,0.5,0.20223749200776586,0.4113997706942677,0.1876466050527566,0.9597513952568927,0.24340529777956724,0.8039893175611449
2021-04-03 17:10:00,0.9937238493723849,0.15537848605577675,0.17647058823529393,0.08694875915015166,0.6063001400321942,0.12405345211581292,0.5,0.20223749200776586,0.4113997706942677,0.1876466050527566,0.9597513952568927,0.24340529777956724,0.9277049353471039
2021-04-03 17:20:00,0.9947698744769875,0.07569721115537842,0.17647058823529393,0.09016247098732366,0.606836711991729,0.1076837416481069,0.5,0.20223749200776586,0.4113997706942677,0.1876466050527566,0.9597513952568927,0.24340529777956724,0.9297116646800548
2021-04-03 17:30:00,0.9895978614597862,0.003984063745019917,0.17676842889054334,0.0958757364756293,0.6152909921346402,0.11057906458797327,0.5,0.20223749200776586,0.4113997706942677,0.1876466050527566,0.9597513952568927,0.24340529777956724,0.9317183185720537
2021-04-03 17:40:00,0.9844258484425848,-0.11553784860557781,0.17587490692479513,0.10194608105695413,0.6129353103610737,0.10256124721603564,0.5,0.20223749200776586,0.4113997706942677,0.1876466050527566,0.9597513952568927,0.24340529777956724,0.9337251233459571
2021-04-03 17:50:00,0.9792538354253836,0.019920318725099362,0.17706626954579274,0.10623103017318325,0.6066273180563008,0.1143652561247216,0.5,0.20223749200776586,0.4113997706942677,0.1876466050527566,0.9597513952568927,0.24340529777956724,0.9357318526789081
2021-04-03 18:00:00,0.9740818224081823,-0.003984063745020028,0.17795979151154118,0.11194429566148911,0.6095326589103663,0.10679287305122495,0.5,0.1323881846013455,0.43060340740272524,0.25225878146591296,0.8979808692020904,0.2422804287218004,0.9377385820118593
2021-04-03 18:10:00,0.9689098093909809,0.3306772908366533,0.1785554728220402,0.1151580074986609,0.6017327348156678,0.11158129175946548,0.5,0.1323881846013455,0.43060340740272524,0.25225878146591296,0.8979808692020904,0.2422804287218004,0.9397452359038582
2021-04-03 18:20:00,0.9637377963737797,-0.08366533864541836,0.17915115413253901,0.12051419389394757,0.6064048369999084,0.11425389755011137,0.5,0.1323881846013455,0.43060340740272524,0.25225878146591296,0.8979808692020904,0.2422804287218004,0.9417520406777615
2021-04-03 18:30:00,0.9274755927475593,-0.12350597609561753,0.1785554728220402,0.12515622210319588,0.6116658596275405,0.08786191536748329,0.5,0.1323881846013455,0.43060340740272524,0.25225878146591296,0.8979808692020904,0.2422804287218004,0.9437587700107126
2021-04-03 18:40:00,0.9191073919107392,-0.20318725099601598,0.17498138495904692,0.13515443670773086,0.6140215414011072,0.07138084632516704,0.5,0.1323881846013455,0.43060340740272524,0.25225878146591296,0.8979808692020904,0.2422804287218004,0.9457654239027113
2021-04-03 18:50:00,0.9769874476987448,-0.5219123505976095,0.17438570364854789,0.13479735761471168,0.6136027535302508,0.09387527839643653,0.5,0.1323881846013455,0.43060340740272524,0.25225878146591296,0.8979808692020904,0.2422804287218004,0.9477721532356624
2021-04-03 19:00:00,0.9640865411436541,-0.17928286852589637,0.17230081906180184,0.1362256739867882,0.6042192877988772,0.11180400890868596,0.5,0.12426160429027444,0.4297815848531787,0.2523087462306087,0.8653895599744214,0.24240010258963682,0.9497789580095659
2021-04-03 19:10:00,0.9511854951185496,-0.24302788844621515,0.171109456440804,0.13515443670773086,0.6095850073942233,0.09131403118040089,0.5,0.12426160429027444,0.4297815848531787,0.2523087462306087,0.8653895599744214,0.24240010258963682,0.9517856873425171
2021-04-03 19:20:00,0.9428172942817294,0.11553784860557759,0.16991809381980638,0.13551151580074983,0.6006203295337059,0.09888641425389756,0.5,0.12426160429027444,0.4297815848531787,0.2523087462306087,0.8653895599744214,0.24240010258963682,0.9537923412345157
2021-04-03 19:30:00,0.954323570432357,0.3067729083665336,0.1720029784065522,0.13301196214961597,0.6006203295337059,0.11859688195991092,0.5,0.12426160429027444,0.4297815848531787,0.2523087462306087,0.8653895599744214,0.24240010258963682,0.9557991460084193
2021-04-03 19:40:00,0.9658298465829847,0.1394422310756971,0.1678332092330601,0.13301196214961597,0.6006203295337059,0.1026726057906459,0.5,0.12426160429027444,0.4297815848531787,0.2523087462306087,0.8653895599744214,0.24240010258963682,0.9578058753413703
2021-04-03 19:50:00,0.9449093444909346,0.298804780876494,0.16872673119880832,0.1312265666845207,0.6006203295337059,0.11636971046770601,0.5,0.12426160429027444,0.4297815848531787,0.2523087462306087,0.8653895599744214,0.24240010258963682,0.9598125292333691
2021-04-03 20:00:00,0.9239888423988842,0.05976095617529875,0.1633655994043186,0.13194072487055908,0.6006203295337059,0.08719376391982182,0.5,0.12235617564137136,0.4458099980747515,0.22926129378051546,0.7210930664919608,0.24093898130719943,0.9618192585663202
2021-04-03 20:10:00,0.8507670850767085,0.01195219123505975,0.15651526433358143,0.13658275307980716,0.6006203295337059,0.06425389755011135,0.5,0.12235617564137136,0.4458099980747515,0.22926129378051546,0.7210930664919608,0.24093898130719943,0.9638260633402236
2021-04-03 20:20:00,0.8235704323570433,-0.09960159362549814,0.14877140729709604,0.14193893947509362,0.6006203295337059,0.052895322939866374,0.5,0.12235617564137136,0.4458099980747515,0.22926129378051546,0.7210930664919608,0.24093898130719943,0.9658327926731747
2021-04-03 20:30:00,0.803347280334728,0.08366533864541825,0.1434102755026061,0.14872344224245682,0.6006203295337059,0.04142538975501114,0.5,0.12235617564137136,0.4458099980747515,0.22926129378051546,0.7210930664919608,0.24093898130719943,0.9678394465651735
2021-04-03 20:40:00,0.7133891213389122,0.2350597609561753,0.14102755026061065,0.14443849312622747,0.6073732839512636,0.020378619153674834,0.5,0.12235617564137136,0.4458099980747515,0.22926129378051546,0.7210930664919608,0.24093898130719943,0.9698462513390769
2021-04-03 20:50:00,0.5397489539748954,0.05179282868525892,0.13387937453462384,0.15657918228887713,0.6291371661148264,0.00011135857461024499,0.5,0.12235617564137136,0.4458099980747515,0.22926129378051546,0.7210930664919608,0.24093898130719943,0.602033888075803
2021-04-03 21:00:00,0.5683403068340307,-0.20318725099601598,0.12822040208488428,0.1694340296375647,0.6296606509533967,0.00011135857461024499,0.5,0.1194166011000517,0.4676773743056911,0.22266125271810225,0.6345600309056284,0.2442232339878166,0.6847096277743411
2021-04-03 21:10:00,0.5453277545327755,0.13147410358565725,0.12494415487714061,0.1647920014283164,0.6269123555509023,0.00011135857461024499,0.5,0.1194166011000517,0.4676773743056911,0.22266125271810225,0.6345600309056284,0.2442232339878166,0.6464912413054303
2021-04-03 21:20:00,0.5523012552301255,-0.05179282868525903,0.11839166046165284,0.15800749866095343,0.6303019198806454,0.00011135857461024499,0.5,0.1194166011000517,0.4676773743056911,0.22266125271810225,0.6345600309056284,0.2442232339878166,0.6282420749279539
2021-04-03 21:30:00,0.5655509065550907,-0.14741035856573714,0.11422189128816074,0.15122299589359045,0.6303019198806454,0.00022271714922048998,0.5,0.1194166011000517,0.4676773743056911,0.22266125271810225,0.6345600309056284,0.2442232339878166,0.6639030131116376
2021-04-03 21:40:00,0.4379358437935844,-0.03585657370517936,0.10826507818317177,0.142653097661132,0.6303019198806454,0.00011135857461024499,0.5,0.1194166011000517,0.4676773743056911,0.22266125271810225,0.6345600309056284,0.2442232339878166,0.37683510116631713
2021-04-03 21:50:00,0.43654114365411434,0.003984063745019917,0.10201042442293362,0.13086948759150152,0.6303019198806454,0.00011135857461024499,0.5,0.1194166011000517,0.4676773743056911,0.22266125271810225,0.6345600309056284,0.2442232339878166,0.3698341807866983
2021-04-03 22:00:00,0.33054393305439334,0.2589641434262948,0.0939687267311986,0.11622924477771823,0.6303019198806454,0.00011135857461024499,0.5,0.04131046956814077,0.4842201449970831,0.3100503870557273,0.5631014262523271,0.2610030102109716,0.21326402824509258
2021-04-03 22:10:00,0.3270571827057183,0.1394422310756971,0.08801191362620986,0.10016068559185864,0.6303019198806454,0.00011135857461024499,0.5,0.04131046956814077,0.4842201449970831,0.3100503870557273,0.5631014262523271,0.2610030102109716,0.19812302910511942
2021-04-03 22:20:00,0.3319386331938633,0.25099601593625476,0.08235294117647052,0.08337796821996091,0.6346861054036723,0.00011135857461024499,0.5,0.04131046956814077,0.4842201449970831,0.3100503870557273,0.5631014262523271,0.2610030102109716,0.21207206119770058
2021-04-03 22:30:00,0.36262203626220363,-0.36254980079681276,0.07520476545048371,0.06552401356900561,0.6440957453769744,0.00011135857461024499,0.5,0.04131046956814077,0.4842201449970831,0.3100503870557273,0.5631014262523271,0.2610030102109716,0.27010878585331266
2021-04-03 22:40:00,0.5055788005578801,-0.298804780876494,0.07252419955323886,0.05481164077843248,0.6331810864927825,0.00011135857461024499,0.5,0.04131046956814077,0.4842201449970831,0.3100503870557273,0.5631014262523271,0.2610030102109716,0.5086304449507371
2021-04-03 22:50:00,0.5174337517433751,-0.4103585657370519,0.06775874906924773,0.0433851098018212,0.6328277342267474,0.00011135857461024499,0.5,0.04131046956814077,0.4842201449970831,0.3100503870557273,0.5631014262523271,0.2610030102109716,0.5333599891365028
2021-04-03 23:00:00,0.5055788005578801,-0.33864541832669326,0.06478034251675346,0.03588644884841985,0.6328277342267474,0.00011135857461024499,0.5,-0.007856053402298668,0.49968822466214785,0.4096711240562969,0.5235978204816204,0.2674441677162391,0.5195014861867616
2021-04-03 23:10:00,0.5327754532775453,-0.36254980079681276,0.05941921072226353,0.02945902517407606,0.6328277342267474,0.00022271714922048998,0.5,-0.007856053402298668,0.49968822466214785,0.4096711240562969,0.5235978204816204,0.2674441677162391,0.5833245318888906
2021-04-03 23:20:00,0.5320781032078103,-0.2589641434262948,0.05673864482501845,0.021960364220674933,0.6273311434217587,0.00011135857461024499,0.5,-0.007856053402298668,0.49968822466214785,0.4096711240562969,0.5235978204816204,0.2674441677162391,0.5894503372210571
2021-04-03 23:30:00,0.5390516039051604,-0.043824701195219196,0.055845122859270235,0.018746652383502926,0.621638245802306,0.00011135857461024499,0.5,-0.007856053402298668,0.49968822466214785,0.4096711240562969,0.5235978204816204,0.2674441677162391,0.605126967122833
2021-04-03 23:40:00,0.5404463040446305,0.17928286852589648,0.052271034996276944,0.0126763078021781,0.621638245802306,0.00011135857461024499,0.5,-0.007856053402298668,0.49968822466214785,0.4096711240562969,0.5235978204816204,0.2674441677162391,0.6024488133138193
2021-04-03 23:50:00,0.4909344490934449,0.3067729083665336,0.049590469099031864,0.008748437778968166,0.621638245802306,0.00011135857461024499,0.5,-0.007856053402298668,0.49968822466214785,0.4096711240562969,0.5235978204816204,0.2674441677162391,0.4933159316203208
2021-04-04 00:00:00,0.46722454672245467,0.019920318725099362,0.0466120625465376,0.008034279592929794,0.621638245802306,0.00011135857461024499,0.5,-0.02061587813848409,0.48355061823468987,0.44529650854086783,0.5322584199745618,0.24347311658367585,0.43641836534544415
2021-04-04 00:10:00,0.4428172942817294,-0.06772908366533881,0.042144452717795655,0.0033922513836814883,0.621638245802306,0.00011135857461024499,0.5,-0.02061587813848409,0.48355061823468987,0.44529650854086783,0.5322584199745618,0.24347311658367585,0.39297192087752914
2021-04-04 00:20:00,0.4546722454672245,-0.15537848605577698,0.04005956813104983,-0.0016068559185858922,0.621638245802306,0.00011135857461024499,0.5,-0.02061587813848409,0.48355061823468987,0.44529650854086783,0.5322584199745618,0.24347311658367585,0.3923155845919399
2021-04-04 00:30:00,0.46234309623430964,0.01195219123505975,0.03618763961280713,-0.004463488662738713,0.6140084542801428,0.00011135857461024499,0.5,-0.02061587813848409,0.48355061823468987,0.44529650854086783,0.5322584199745618,0.24347311658367585,0.40637777811307085
2021-04-04 00:40:00,0.42398884239888424,0.1872509960159361,0.034996276991809294,-0.01624709873236929,0.6103440604101503,0.00011135857461024499,0.5,-0.02061587813848409,0.48355061823468987,0.44529650854086783,0.5322584199745618,0.24347311658367585,0.3346636087933974
2021-04-04 00:50:00,0.41352859135285913,0.2111553784860556,0.03320923306031265,-0.022674522406713193,0.6103440604101503,0.00011135857461024499,0.5,-0.02061587813848409,0.48355061823468987,0.44529650854086783,0.5322584199745618,0.24347311658367585,0.3099793291790516
2021-04-04 01:00:00,0.3528591352859135,0.2828685258964143,0.03201787043931481,-0.03302981610426714,0.6103440604101503,0.00011135857461024499,0.5,-0.058252104663328974,0.47444160605964825,0.4809761694703368,0.5234187220198557,0.22306323164679032,0.22626250433785478
2021-04-04 01:10:00,0.3458856345885635,0.07569721115537842,0.030230826507818165,-0.04017139796464908,0.6103440604101503,0.00011135857461024499,0.5,-0.058252104663328974,0.47444160605964825,0.4809761694703368,0.5234187220198557,0.22306323164679032,0.21637973957783244
2021-04-04 01:20:00,0.3284518828451883,-0.20318725099601598,0.026061057334326065,-0.04552758435993576,0.6102786248053291,0.00011135857461024499,0.5,-0.058252104663328974,0.47444160605964825,0.4809761694703368,0.5234187220198557,0.22306323164679032,0.18166935739396775
2021-04-04 01:30:00,0.3688981868898187,-0.11553784860557781,0.024571854058078824,-0.04838421710408858,0.5894177539883001,0.00011135857461024499,0.5,-0.058252104663328974,0.47444160605964825,0.4809761694703368,0.5234187220198557,0.22306323164679032,0.24195422243010398
2021-04-04 01:40:00,0.3849372384937238,0.09960159362549792,0.026061057334326065,-0.049455454383145914,0.5939197236000053,0.00011135857461024499,0.5,-0.058252104663328974,0.47444160605964825,0.4809761694703368,0.5234187220198557,0.22306323164679032,0.2771474267091148
2021-04-04 01:50:00,0.4198047419804742,-0.05179282868525903,0.026061057334326065,-0.05124084984824129,0.5908442501734044,0.00011135857461024499,0.5,-0.058252104663328974,0.47444160605964825,0.4809761694703368,0.5234187220198557,0.22306323164679032,0.33211370460340695
2021-04-04 02:00:00,0.5425383542538355,0.3784860557768923,0.026061057334326065,-0.0526691662203177,0.5978065985263902,0.00011135857461024499,0.5,-0.0562326751545833,0.457332754800911,0.4877703629559713,0.5281504744490841,0.208142330039442,0.5914419783635348
2021-04-04 02:10:00,0.5278940027894004,0.019920318725099362,0.026061057334326065,-0.05052669166220303,0.6051877347502324,0.00011135857461024499,0.5,-0.0562326751545833,0.457332754800911,0.4877703629559713,0.5281504744490841,0.208142330039442,0.5533292092279374
2021-04-04 02:20:00,0.5292887029288703,-0.02788844621513953,0.026061057334326065,-0.04838421710408858,0.6051877347502324,0.00011135857461024499,0.5,-0.0562326751545833,0.457332754800911,0.4877703629559713,0.5281504744490841,0.208142330039442,0.5484481796098194
2021-04-04 02:30:00,0.5516039051603905,0.043824701195219085,0.02576321667907644,-0.041956793429744677,0.6051877347502324,0.00011135857461024499,0.5,-0.0562326751545833,0.457332754800911,0.4877703629559713,0.5281504744490841,0.208142330039442,0.6393168067353683
2021-04-04 02:40:00,0.5683403068340307,-0.02788844621513953,0.02308265078183136,-0.04159971433672538,0.6051877347502324,0.00011135857461024499,0.5,-0.0562326751545833,0.457332754800911,0.4877703629559713,0.5281504744490841,0.208142330039442,0.6405238619732335
2021-04-04 02:50:00,0.6004184100418409,-0.09960159362549814,0.022784810126582178,-0.038386002499553595,0.6051877347502324,0.0014476614699331849,0.5,-0.0562326751545833,0.457332754800911,0.4877703629559713,0.5281504744490841,0.208142330039442,0.7450623896676072
2021-04-04 03:00:00,0.6415620641562064,-0.15537848605577698,0.01742367833209224,-0.038386002499553595,0.6051877347502324,0.0013363028953229399,0.5,-0.04664856483323632,0.44746226369009834,0.4660542051753605,0.529988977568247,0.19894473473982227,0.8843565641172655
2021-04-04 03:10:00,0.592747559274756,-0.019920318725099695,0.016232315711094403,-0.038386002499553595,0.6051877347502324,0.00044543429844097997,0.5,-0.04664856483323632,0.44746226369009834,0.4660542051753605,0.529988977568247,0.19894473473982227,0.7524254266185857
2021-04-04 03:20:00,0.598326359832636,0.20318725099601576,0.014147431124348353,-0.038386002499553595,0.6051877347502324,0.000556792873051225,0.5,-0.04664856483323632,0.44746226369009834,0.4660542051753605,0.529988977568247,0.19894473473982227,0.7760535328997994
2021-04-04 03:30:00,0.5871687587168759,0.19521912350597592,0.011466865227103495,-0.03660060703445822,0.6052008218711966,0.0020044543429844097,0.5,-0.04664856483323632,0.44746226369009834,0.4660542051753605,0.529988977568247,0.19894473473982227,0.7561220332845482
2021-04-04 03:40:00,0.6297071129707112,0.38645418326693215,0.0117647058823529,-0.037671844313515335,0.6061561817015874,0.0017817371937639199,0.5,-0.04664856483323632,0.44746226369009834,0.4660542051753605,0.529988977568247,0.19894473473982227,0.8588726104078338
2021-04-04 03:50:00,0.6708507670850766,-0.1872509960159363,0.010275502606105658,-0.03731476522049626,0.6152517307717476,0.005456570155902005,0.5,-0.04664856483323632,0.44746226369009834,0.4660542051753605,0.529988977568247,0.19894473473982227,0.9681035653394089
2021-04-04 04:00:00,0.7357043235704324,-0.17131474103585675,0.008786299329858416,-0.031244420639171433,0.6102655376843649,0.01670378619153675,0.5,-0.07015695630378393,0.44636171111500594,0.4727116930357615,0.48930590762177967,0.20341069350714366,0.9526252697014047
2021-04-04 04:10:00,0.7608089260808927,-0.3067729083665339,0.009977661950856032,-0.031244420639171433,0.6053186059598749,0.02293986636971047,0.5,-0.07015695630378393,0.44636171111500594,0.4727116930357615,0.48930590762177967,0.20341069350714366,0.9371468986224482
2021-04-04 04:20:00,0.696652719665272,-0.03585657370517936,0.008190618019359386,-0.029101946081056984,0.5991807462276374,0.009799554565701559,0.5,-0.07015695630378393,0.44636171111500594,0.4727116930357615,0.48930590762177967,0.20341069350714366,0.9216686029844441
2021-04-04 04:30:00,0.7426778242677825,0.09960159362549792,0.007594936708860578,-0.027316550615961277,0.6016149507269897,0.015924276169265034,0.5,-0.07015695630378393,0.44636171111500594,0.4727116930357615,0.48930590762177967,0.20341069350714366,0.9061902319054875
2021-04-04 04:40:00,0.7203626220362622,-0.20318725099601598,0.005212211466865124,-0.019103731476522,0.6052793445969821,0.011247216035634744,0.5,-0.07015695630378393,0.44636171111500594,0.4727116930357615,0.48930590762177967,0.20341069350714366,0.8907119362674834
2021-04-04 04:50:00,0.704323570432357,-0.0916334661354582,0.005212211466865124,-0.013033386895197285,0.6052793445969821,0.005011135857461025,0.5,-0.07015695630378393,0.44636171111500594,0.4727116930357615,0.48930590762177967,0.20341069350714366,0.8752335651885269
2021-04-04 05:00:00,0.6248256624825663,0.043824701195219085,0.0019359642591212367,-0.007677200499910719,0.6052793445969821,0.00022271714922048998,0.5,-0.058537073459846156,0.4386118670026745,0.4262903685814458,0.4933510647163157,0.19813867033042465,0.859755269550523
2021-04-04 05:10:00,0.5097629009762901,0.20318725099601576,-0.0022338049143708627,-0.0026780931976432276,0.6052793445969821,0.00011135857461024499,0.5,-0.058537073459846156,0.4386118670026745,0.4262903685814458,0.4933510647163157,0.19813867033042465,0.5597190578933868
2021-04-04 05:20:00,0.41352859135285913,0.17928286852589648,-0.007892777364110204,-0.0026780931976432276,0.6052793445969821,0.00011135857461024499,0.5,-0.058537073459846156,0.4386118670026745,0.4262903685814458,0.4933510647163157,0.19813867033042465,0.3318647494605972
2021-04-04 05:30:00,0.4546722454672245,-0.26693227091633476,-0.00967982129560696,-0.0033922513836815993,0.6052793445969821,0.00011135857461024499,0.5,-0.058537073459846156,0.4386118670026745,0.4262903685814458,0.4933510647163157,0.19813867033042465,0.3971815260195845
2021-04-04 05:40:00,0.3584379358437936,-0.19521912350597614,-0.01236038719285204,-0.0112479914301018,0.5955425265995734,0.00011135857461024499,0.5,-0.058537073459846156,0.4386118670026745,0.4262903685814458,0.4933510647163157,0.19813867033042465,0.2377747936689953
2021-04-04 05:50:00,0.3528591352859135,-0.02788844621513953,-0.016232315711094625,-0.025531155150865903,0.5939982463257908,0.00011135857461024499,0.5,-0.058537073459846156,0.4386118670026745,0.4262903685814458,0.4933510647163157,0.19813867033042465,0.2285332770040889
2021-04-04 06:00:00,0.3842398884239888,-0.03585657370517936,-0.01861504095309008,-0.03910016068559197,0.5939982463257908,0.00011135857461024499,0.5,-0.0813859409390163,0.4509938018488159,0.4809306431999667,0.48336634807496154,0.19543379083261608,0.2775246314709477
2021-04-04 06:10:00,0.3842398884239888,0.019920318725099362,-0.021593447505584784,-0.04552758435993576,0.5939982463257908,0.00011135857461024499,0.5,-0.0813859409390163,0.4509938018488159,0.4809306431999667,0.48336634807496154,0.19543379083261608,0.2779923653756205
2021-04-04 06:20:00,0.401673640167364,0.3545816733067728,-0.024571854058079046,-0.05838243170862356,0.5939982463257908,0.00011135857461024499,0.5,-0.0813859409390163,0.4509938018488159,0.4809306431999667,0.48336634807496154,0.19543379083261608,0.30145450156162773
2021-04-04 06:30:00,0.4463040446304045,0.027888446215139417,-0.024571854058079046,-0.06480985538296735,0.6023478295009881,0.00011135857461024499,0.5,-0.0813859409390163,0.4509938018488159,0.4809306431999667,0.48336634807496154,0.19543379083261608,0.4114700423978152
2021-04-04 06:40:00,0.4435146443514645,0.003984063745019917,-0.024571854058079046,-0.06480985538296735,0.6052793445969821,0.00011135857461024499,0.5,-0.0813859409390163,0.4509938018488159,0.4809306431999667,0.48336634807496154,0.19543379083261608,0.3892149614496733
2021-04-04 06:50:00,0.38354253835425384,0.22709163346613526,-0.016232315711094625,-0.06409569719692909,0.6052793445969821,0.00011135857461024499,0.5,-0.0813859409390163,0.4509938018488159,0.4809306431999667,0.48336634807496154,0.19543379083261608,0.27254552861475323
2021-04-04 07:00:00,0.38633193863319387,0.06772908366533859,-0.0075949367088608,-0.05124084984824129,0.6148198557799269,0.00011135857461024499,0.5,-0.08137776943209374,0.4528989359409434,0.4426975798919468,0.44799693330345813,0.20409473075162424,0.28581559213603513
2021-04-04 07:10:00,0.36262203626220363,0.1872509960159361,-0.0013402829486225398,-0.04052847705766838,0.6164819201423879,0.00011135857461024499,0.5,-0.08137776943209374,0.4528989359409434,0.4426975798919468,0.44799693330345813,0.20409473075162424,0.2438477903345052
2021-04-04 07:20:00,0.3800557880055788,0.003984063745019917,-0.0034251675353685895,-0.04374218889484016,0.6164819201423879,0.00011135857461024499,0.5,-0.08137776943209374,0.4528989359409434,0.4426975798919468,0.44799693330345813,0.20409473075162424,0.27890520089925613
2021-04-04 07:30:00,0.41143654114365413,-0.019920318725099695,-0.0028294862248698927,-0.04517050526691657,0.6164819201423879,0.00011135857461024499,0.5,-0.08137776943209374,0.4528989359409434,0.4426975798919468,0.44799693330345813,0.20409473075162424,0.3249241818428716
2021-04-04 07:40:00,0.39051603905160387,-0.10756972111553798,-0.005807892777364376,-0.04909837529012662,0.6164819201423879,0.00011135857461024499,0.5,-0.08137776943209374,0.4528989359409434,0.4426975798919468,0.44799693330345813,0.20409473075162424,0.2836881572792975
2021-04-04 07:50:00,0.38702928870292885,-0.09960159362549814,-0.0031273268801192966,-0.04874129619710765,0.6164819201423879,0.00011135857461024499,0.5,-0.08137776943209374,0.4528989359409434,0.4426975798919468,0.44799693330345813,0.20409473075162424,0.2818096775653696
2021-04-04 08:00:00,0.4100418410041841,-0.3067729083665339,-0.00044676098287421695,-0.04588466345295483,0.6164819201423879,0.00011135857461024499,0.5,-0.09266375449724729,0.4646170910355245,0.46251355484463563,0.42440656489094825,0.21131604611375354,0.3169198967967772
2021-04-04 08:10:00,0.41631799163179917,0.05179282868525892,-0.0013402829486225398,-0.04731297982503124,0.6105796285875069,0.00011135857461024499,0.5,-0.09266375449724729,0.4646170910355245,0.46251355484463563,0.42440656489094825,0.21131604611375354,0.33955218250675195
2021-04-04 08:20:00,0.42747559274755925,0.3784860557768923,-0.0007446016381237319,-0.052312087127298734,0.6174634542147074,0.00011135857461024499,0.5,-0.09266375449724729,0.4646170910355245,0.46251355484463563,0.42440656489094825,0.21131604611375354,0.35178116088537503
2021-04-04 08:30:00,0.41631799163179917,0.01195219123505975,-0.00044676098287421695,-0.049455454383145914,0.6150030754734267,0.00011135857461024499,0.5,-0.09266375449724729,0.4646170910355245,0.46251355484463563,0.42440656489094825,0.21131604611375354,0.34011798964950135
2021-04-04 08:40:00,0.43584379358437936,-0.01195219123505975,0.0016381236038716107,-0.04838421710408858,0.6164033974166023,0.00011135857461024499,0.5,-0.09266375449724729,0.4646170910355245,0.46251355484463563,0.42440656489094825,0.21131604611375354,0.3778007453566094
2021-04-04 08:50:00,0.5564853556485356,-0.20318725099601598,-0.01801935964259138,-0.06445277628994805,0.6134718823206082,0.00011135857461024499,0.5,-0.09266375449724729,0.4646170910355245,0.46251355484463563,0.42440656489094825,0.21131604611375354,0.6180047376918086
2021-04-04 09:00:00,0.5355648535564853,-0.08366533864541836,-0.03172002978406563,-0.0798071772897695,0.6086427346847968,0.00022271714922048998,0.5,-0.12217343406411063,0.47294738324229196,0.535455770594265,0.42456093673520023,0.21470869439772364,0.5977186656004345
2021-04-04 09:10:00,0.5362622036262203,-0.11553784860557781,-0.034400595681310486,-0.08123549366184613,0.6108413710067923,0.00022271714922048998,0.5,-0.12217343406411063,0.47294738324229196,0.535455770594265,0.42456093673520023,0.21470869439772364,0.5890731324592242
2021-04-04 09:20:00,0.5613668061366807,-0.17928286852589637,-0.03737900223380497,-0.07945009819675053,0.6195050450851317,0.00022271714922048998,0.5,-0.12217343406411063,0.47294738324229196,0.535455770594265,0.42456093673520023,0.21470869439772364,0.6741780708239661
2021-04-04 09:30:00,0.5495118549511855,-0.19521912350597614,-0.03886820551005232,-0.08123549366184613,0.6219392495844839,0.00022271714922048998,0.5,-0.12217343406411063,0.47294738324229196,0.535455770594265,0.42456093673520023,0.21470869439772364,0.6207734206436623
2021-04-04 09:40:00,0.5083682008368201,0.09960159362549792,-0.03916604616530173,-0.08016425638278879,0.5955425265995734,0.00022271714922048998,0.5,-0.12217343406411063,0.47294738324229196,0.535455770594265,0.42456093673520023,0.21470869439772364,0.5610090981788555
2021-04-04 09:50:00,0.44979079497907953,-0.059760956175298974,-0.04363365599404323,-0.07945009819675053,0.5978065985263902,0.00022271714922048998,0.5,-0.12217343406411063,0.47294738324229196,0.535455770594265,0.42456093673520023,0.21470869439772364,0.4332800217269943
2021-04-04 10:00:00,0.3668061366806137,-0.01195219123505975,-0.04631422189128831,-0.08194965184788428,0.5960398371962152,0.00022271714922048998,0.5,-0.030973546664140872,0.46772335039237584,0.5886616506608221,0.47623614086943455,0.21971073612955241,0.25521674185614923
2021-04-04 10:10:00,0.45536959553695955,0.027888446215139417,-0.03112434847356671,-0.07159435815033022,0.6042978105246627,0.00022271714922048998,0.5,-0.030973546664140872,0.46772335039237584,0.5886616506608221,0.47623614086943455,0.21971073612955241,0.4293118276325121
2021-04-04 10:20:00,0.3898186889818689,0.043824701195219085,-0.03618763961280724,-0.07730762363863586,0.6204080564316656,0.00022271714922048998,0.5,-0.030973546664140872,0.46772335039237584,0.5886616506608221,0.47623614086943455,0.21971073612955241,0.29805211460989484
2021-04-04 10:30:00,0.48884239888423986,-0.07569721115537853,-0.02278481012658229,-0.06445277628994805,0.6265720904058316,0.00022271714922048998,0.5,-0.030973546664140872,0.46772335039237584,0.5886616506608221,0.47623614086943455,0.21971073612955241,0.48694871524058125
2021-04-04 10:40:00,0.6464435146443515,0.05179282868525892,-0.01861504095309008,-0.0669523299410818,0.6290979047519337,0.00311804008908686,0.5,-0.030973546664140872,0.46772335039237584,0.5886616506608221,0.47623614086943455,0.21971073612955241,0.9014892043997164
2021-04-04 10:50:00,0.7085076708507672,0.003984063745019917,-0.02278481012658229,-0.07445099089448304,0.6360733402258837,0.020601336302895325,0.5,-0.030973546664140872,0.46772335039237584,0.5886616506608221,0.47623614086943455,0.21971073612955241,0.8960159633055207
2021-04-04 11:00:00,0.6624825662482566,0.11553784860557759,-0.02963514519731958,-0.07766470273165504,0.6458625067071495,0.01002227171492205,0.5,-0.06571092276992085,0.47065719942415,0.7178274153620348,0.5066440852503274,0.22448680771236032,0.8905427222113252
2021-04-04 11:10:00,0.6513249651324965,0.17131474103585642,-0.040357408786299453,-0.07409391180146396,0.6556778474303437,0.030400890868596882,0.5,-0.06571092276992085,0.47065719942415,0.7178274153620348,0.5066440852503274,0.22448680771236032,0.8134043484164944
2021-04-04 11:20:00,0.6297071129707112,-0.05179282868525903,-0.04512285927029036,-0.07123727905731125,0.6571697792202693,0.035523385300668155,0.5,-0.06571092276992085,0.47065719942415,0.7178274153620348,0.5066440852503274,0.22448680771236032,0.7094995247220002
2021-04-04 11:30:00,0.6164574616457461,0.06772908366533859,-0.04482501861504107,-0.06909480449919658,0.6489118058918218,0.017928730512249445,0.5,-0.06571092276992085,0.47065719942415,0.7178274153620348,0.5066440852503274,0.22448680771236032,0.7497623610000453
2021-04-04 11:40:00,0.6241283124128312,-0.003984063745020028,-0.04274013402829491,-0.06945188359221555,0.6514768816008165,0.010133630289532295,0.5,-0.06571092276992085,0.47065719942415,0.7178274153620348,0.5066440852503274,0.22448680771236032,0.7836428927078776
2021-04-04 11:50:00,0.5648535564853556,-0.17928286852589637,-0.04690990320178712,-0.06909480449919658,0.6443444006752954,0.004565701559020045,0.5,-0.06571092276992085,0.47065719942415,0.7178274153620348,0.5066440852503274,0.22448680771236032,0.6408407139731732
2021-04-04 12:00:00,0.6171548117154811,-0.2509960159362551,-0.04929262844378268,-0.07052312087127288,0.6235882268259806,0.01759465478841871,0.5,-0.08875517264726485,0.46206254471892755,0.8307477835744514,0.5916171018122844,0.2322977361145093,0.7844576549934366
2021-04-04 12:10:00,0.6359832635983264,-0.09960159362549814,-0.050781831720029924,-0.07159435815033022,0.6120715603774326,0.00957683741648107,0.5,-0.08875517264726485,0.46206254471892755,0.8307477835744514,0.5916171018122844,0.2322977361145093,0.8933264933536522
2021-04-04 12:20:00,0.6234309623430963,-0.09960159362549814,-0.04690990320178712,-0.07695054454561678,0.609571920273259,0.0033407572383073497,0.5,-0.08875517264726485,0.46206254471892755,0.8307477835744514,0.5916171018122844,0.2322977361145093,0.9079695822080058
2021-04-04 12:30:00,0.7154811715481172,-0.24302788844621515,-0.04542069992553999,-0.06838064631315821,0.6063655756370157,0.014142538975501114,0.5,-0.08875517264726485,0.46206254471892755,0.8307477835744514,0.5916171018122844,0.2322977361145093,0.9175613712147502
2021-04-04 12:40:00,0.7301255230125524,0.05179282868525892,-0.03827252419955329,-0.06302445991787176,0.6029236628234155,0.013474387527839644,0.5,-0.08875517264726485,0.46206254471892755,0.8307477835744514,0.5916171018122844,0.2322977361145093,0.9271531602214946
2021-04-04 12:50:00,0.7238493723849373,0.03585657370517925,-0.026656738644825095,-0.05623995715050878,0.6045333787020194,0.017260579064587975,0.5,-0.08875517264726485,0.46206254471892755,0.8307477835744514,0.5916171018122844,0.2322977361145093,0.9367449492282391
2021-04-04 13:00:00,0.7259414225941423,-0.003984063745020028,-0.01236038719285204,-0.03874308159257267,0.609362526337831,0.016146993318485525,0.5,-0.01314888852496976,0.43888197651196664,0.8453549952146691,0.7162400496675962,0.24265766065996336,0.9463367382349835
2021-04-04 13:10:00,0.7824267782426779,0.019920318725099362,0.0007446016381233989,-0.025888234243884978,0.6002146287838138,0.031403118040089086,0.5,-0.01314888852496976,0.43888197651196664,0.8453549952146691,0.7162400496675962,0.24265766065996336,0.9559285272417279
2021-04-04 13:20:00,0.7601115760111576,-0.07569721115537853,0.010573343261355062,-0.01553294054633092,0.6072685869835495,0.026280623608017816,0.5,-0.01314888852496976,0.43888197651196664,0.8453549952146691,0.7162400496675962,0.24265766065996336,0.9655203162484723
2021-04-04 13:30:00,0.693863319386332,-0.043824701195219196,0.02010424422933732,0.003749330476700674,0.6110638520631846,0.012806236080178173,0.5,-0.01314888852496976,0.43888197651196664,0.8453549952146691,0.7162400496675962,0.24265766065996336,0.9751120298142644
2021-04-04 13:40:00,0.8751743375174338,0.1633466135458166,0.02844378257632152,0.012319228709159136,0.6110376778212561,0.06726057906458797,0.5,-0.01314888852496976,0.43888197651196664,0.8453549952146691,0.7162400496675962,0.24265766065996336,0.9702083679104365
2021-04-04 13:50:00,0.7308228730822873,0.019920318725099362,0.029635145197319357,0.0112479914301018,0.6145319391187133,0.013140311804008908,0.5,-0.01314888852496976,0.43888197651196664,0.8453549952146691,0.7162400496675962,0.24265766065996336,0.9653047060066087
2021-04-04 14:00:00,0.7838214783821479,-0.15537848605577698,0.038570364854802586,0.026245313336904275,0.6262056510188324,0.02839643652561247,0.5,-0.01204960404879829,0.42206909631128253,0.8453775681286687,0.705769977098941,0.2646970366852736,0.9604010441027807
2021-04-04 14:10:00,0.6708507670850766,-0.06772908366533881,0.04542069992553954,0.031244420639171766,0.623457355616338,0.0064587973273942095,0.5,-0.01204960404879829,0.42206909631128253,0.8453775681286687,0.705769977098941,0.2646970366852736,0.9554973821989529
2021-04-04 14:20:00,0.7085076708507672,-0.07569721115537853,0.055845122859270235,0.041956793429744677,0.6289277721793983,0.008574610244988864,0.5,-0.01204960404879829,0.42206909631128253,0.8453775681286687,0.705769977098941,0.2646970366852736,0.9923880079062118
2021-04-04 14:30:00,0.6380753138075315,0.01195219123505975,0.06388682055100503,0.04767005891805054,0.6303542683645025,0.0021158129175946547,0.5,-0.01204960404879829,0.42206909631128253,0.8453775681286687,0.705769977098941,0.2646970366852736,0.8634745085021953
2021-04-04 14:40:00,0.6638772663877266,0.1394422310756971,0.0740134028294861,0.06088198535975731,0.6243996283257646,0.013697104677060134,0.5,-0.01204960404879829,0.42206909631128253,0.8453775681286687,0.705769977098941,0.2646970366852736,0.8940507264963713
2021-04-04 14:50:00,0.7398884239888424,-0.07569721115537853,0.07937453462397603,0.06552401356900561,0.6350656319116358,0.015033407572383075,0.5,-0.01204960404879829,0.42206909631128253,0.8453775681286687,0.705769977098941,0.2646970366852736,0.9439624605821024
2021-04-04 15:00:00,0.695258019525802,0.05179282868525892,0.08860759493670867,0.07802178182467423,0.6296999123162895,0.013474387527839644,0.5,0.00366610488946284,0.3963196142606339,0.7793987159055473,0.6627975297583653,0.3026983166360255,0.9938741946678336
2021-04-04 15:10:00,0.7845188284518828,0.019920318725099362,0.0936708860759492,0.08587752187109432,0.6308515789611443,0.03518930957683742,0.5,0.00366610488946284,0.3963196142606339,0.7793987159055473,0.6627975297583653,0.3026983166360255,0.9915119121263788
2021-04-04 15:20:00,0.7824267782426779,-0.05179282868525903,0.09903201787043914,0.08337796821996091,0.6403528287811964,0.033853006681514475,0.5,0.00366610488946284,0.3963196142606339,0.7793987159055473,0.6627975297583653,0.3026983166360255,0.9891495541439717
2021-04-04 15:30:00,0.7656903765690377,-0.08366533864541836,0.09932985852568854,0.08516336368505639,0.6352881129680282,0.030623608017817373,0.5,0.00366610488946284,0.3963196142606339,0.7793987159055473,0.6627975297583653,0.3026983166360255,0.9867872716025168
2021-04-04 15:40:00,0.794979079497908,0.1633466135458166,0.10349962769918086,0.09301910373147648,0.6396461242491264,0.04164810690423163,0.5,0.00366610488946284,0.3963196142606339,0.7793987159055473,0.6627975297583653,0.3026983166360255,0.9844248381791573
2021-04-04 15:50:00,0.808228730822873,-0.05179282868525903,0.10320178704393146,0.08944831280128551,0.6473806127390035,0.04420935412026726,0.5,0.00366610488946284,0.3963196142606339,0.7793987159055473,0.6627975297583653,0.3026983166360255,0.9820625556377025
2021-04-04 16:00:00,0.8054393305439331,-0.09960159362549814,0.1046909903201787,0.09123370826638122,0.6436507832641898,0.03374164810690423,0.5,0.06225384169222892,0.3674408848097894,0.6703913242907255,0.5266674017653485,0.33638733710086294,0.9797001976552953
2021-04-04 16:10:00,0.8493723849372384,-0.059760956175298974,0.10647803425167512,0.09016247098732366,0.6334951773959248,0.05779510022271715,0.5,0.06225384169222892,0.3674408848097894,0.6703913242907255,0.5266674017653485,0.33638733710086294,0.9773379151138405
2021-04-04 16:20:00,0.8158995815899581,-0.10756972111553798,0.10558451228592691,0.09123370826638122,0.6309955372917512,0.0400890868596882,0.5,0.06225384169222892,0.3674408848097894,0.6703913242907255,0.5266674017653485,0.33638733710086294,0.9749755571314331
2021-04-04 16:30:00,0.797768479776848,0.1394422310756971,0.11064780342516745,0.09230494554543855,0.6323696849929984,0.031403118040089086,0.5,0.06225384169222892,0.3674408848097894,0.6703913242907255,0.5266674017653485,0.33638733710086294,0.9726132745899785
2021-04-04 16:40:00,0.8410041841004184,-0.17131474103585675,0.11034996276991804,0.10051776468487783,0.6404444386279462,0.05066815144766147,0.5,0.06225384169222892,0.3674408848097894,0.6703913242907255,0.5266674017653485,0.33638733710086294,0.9702509166075712
2021-04-04 16:50:00,0.7496513249651325,-0.15537848605577698,0.10975428145941901,0.10158900196393517,0.6363743440080617,0.021158129175946547,0.5,0.06225384169222892,0.3674408848097894,0.6703913242907255,0.5266674017653485,0.33638733710086294,0.9678886340661166
2021-04-04 17:00:00,0.7357043235704324,0.05976095617529875,0.1127326880119135,0.11051597928941259,0.6351441546374214,0.018374164810690423,0.5,0.07865355578954603,0.34022591499596194,0.61810167626713,0.38567898615527607,0.35268835505362395,0.9655262006427568
2021-04-04 17:10:00,0.7308228730822873,-0.10756972111553798,0.11630677587490679,0.11765756114979453,0.6401041734828755,0.020155902004454343,0.5,0.07865355578954603,0.34022591499596194,0.61810167626713,0.38567898615527607,0.35268835505362395,0.9631639181013021
2021-04-04 17:20:00,0.799163179916318,0.09163346613545809,0.11839166046165284,0.12229958935904306,0.6506523929800683,0.030957683741648107,0.5,0.07865355578954603,0.34022591499596194,0.61810167626713,0.38567898615527607,0.35268835505362395,0.960801560118895
2021-04-04 17:30:00,0.7433751743375174,0.17928286852589648,0.12166790766939672,0.11658632387073742,0.6582560102603029,0.01826280623608018,0.5,0.07865355578954603,0.34022591499596194,0.61810167626713,0.38567898615527607,0.35268835505362395,0.9584392775774401
2021-04-04 17:40:00,0.7426778242677825,0.019920318725099362,0.12613551749813845,0.12265666845206202,0.6572875633089477,0.01714922048997773,0.5,0.07865355578954603,0.34022591499596194,0.61810167626713,0.38567898615527607,0.35268835505362395,0.9560769195950329
2021-04-04 17:50:00,0.7322175732217573,0.027888446215139417,0.12613551749813845,0.1269416175682916,0.650940309641282,0.015478841870824054,0.5,0.07865355578954603,0.34022591499596194,0.61810167626713,0.38567898615527607,0.35268835505362395,0.9537146370535782
2021-04-04 18:00:00,0.7224546722454672,0.07569721115537842,0.1243484735666418,0.13336904124263538,0.6516993626572091,0.019265033407572383,0.5,0.048541285955047364,0.33242722129152513,0.6297596986490619,0.4001352426096793,0.3984081523839448,0.9513522790711709
2021-04-04 18:10:00,0.7405857740585774,-0.059760956175298974,0.12166790766939672,0.13051240849848234,0.6560181125754145,0.006570155902004454,0.5,0.048541285955047364,0.33242722129152513,0.6297596986490619,0.4001352426096793,0.3984081523839448,0.9489899210887638
2021-04-04 18:20:00,0.7322175732217573,-0.11553784860557781,0.12137006701414732,0.12979825031244419,0.6578241352684823,0.011024498886414253,0.5,0.048541285955047364,0.33242722129152513,0.6297596986490619,0.4001352426096793,0.3984081523839448,0.9466275631063567
2021-04-04 18:30:00,0.7538354253835425,-0.24302788844621515,0.1195830230826509,0.12979825031244419,0.6578241352684823,0.009465478841870824,0.5,0.048541285955047364,0.33242722129152513,0.6297596986490619,0.4001352426096793,0.3984081523839448,0.9442652805649019
2021-04-04 18:40:00,0.6771269177126918,0.12350597609561742,0.11839166046165284,0.13194072487055908,0.6578241352684823,0.0027839643652561247,0.5,0.048541285955047364,0.33242722129152513,0.6297596986490619,0.4001352426096793,0.3984081523839448,0.9419029225824946
2021-04-04 18:50:00,0.6541143654114366,0.1394422310756971,0.11571109456440776,0.13229780396357804,0.6543691353339178,0.0012249443207126948,0.5,0.048541285955047364,0.33242722129152513,0.6297596986490619,0.4001352426096793,0.3984081523839448,0.8958613093531693
2021-04-04 19:00:00,0.7224546722454672,-0.17928286852589637,0.11094564408041685,0.1312265666845207,0.6635039457669707,0.008017817371937639,0.5,0.057718288466201306,0.32600206317688935,0.6213961803839602,0.46055217847289115,0.39167229450573143,0.9256868144303455
2021-04-04 19:10:00,0.6729428172942817,-0.0916334661354582,0.10707371556217415,0.12872701303338685,0.6560966353012001,0.0033407572383073497,0.5,0.057718288466201306,0.32600206317688935,0.6213961803839602,0.46055217847289115,0.39167229450573143,0.9555124703894262
2021-04-04 19:20:00,0.6757322175732218,0.05976095617529875,0.10260610573343243,0.12408498482413854,0.6577979610265537,0.0028953229398663697,0.5,0.057718288466201306,0.32600206317688935,0.6213961803839602,0.46055217847289115,0.39167229450573143,0.9479532869622946
2021-04-04 19:30:00,0.7252440725244073,-0.11553784860557781,0.09426656738644801,0.1183717193358329,0.6549842300192381,0.013585746102449888,0.5,0.057718288466201306,0.32600206317688935,0.6213961803839602,0.46055217847289115,0.39167229450573143,0.8602205139037675
2021-04-04 19:40:00,0.7147838214783822,0.09163346613545809,0.0892032762472077,0.10623103017318325,0.6504037376817474,0.01024498886414254,0.5,0.057718288466201306,0.32600206317688935,0.6213961803839602,0.46055217847289115,0.39167229450573143,0.772487665404288
2021-04-04 19:50:00,0.5585774058577406,0.11553784860557759,0.0826507818317197,0.10337439742903043,0.6478517490937168,0.00022271714922048998,0.5,0.057718288466201306,0.32600206317688935,0.6213961803839602,0.46055217847289115,0.39167229450573143,0.6847548923457609
2021-04-04 20:00:00,0.5509065550906556,-0.08366533864541836,0.07580044676098274,0.1008748437778968,0.6478517490937168,0.00022271714922048998,0.5,0.04204330365019526,0.30817770906906994,0.6790694683964621,0.4481163804956255,0.3450609121328189,0.6695610845391312
2021-04-04 20:10:00,0.5299860529986052,-0.10756972111553798,0.0701414743112434,0.1026602392429925,0.6395806886443052,0.00022271714922048998,0.5,0.04204330365019526,0.30817770906906994,0.6790694683964621,0.4481163804956255,0.3450609121328189,0.6234138539764926
2021-04-04 20:20:00,0.6269177126917713,-0.17131474103585675,0.06507818317200287,0.09266202463845752,0.6365575637015612,0.015701559020044543,0.5,0.04204330365019526,0.30817770906906994,0.6790694683964621,0.4481163804956255,0.3450609121328189,0.7633191001403201
2021-04-04 20:30:00,0.6457461645746164,-0.3944223107569722,0.05971705137751293,0.08230673094090357,0.6365575637015612,0.01024498886414254,0.5,0.04204330365019526,0.30817770906906994,0.6790694683964621,0.4481163804956255,0.3450609121328189,0.8307783997465185
2021-04-04 20:40:00,0.6548117154811716,-0.1394422310756973,0.055845122859270235,0.07088019996429229,0.631440499404536,0.01403118040089087,0.5,0.04204330365019526,0.30817770906906994,0.6790694683964621,0.4481163804956255,0.3450609121328189,0.8534333177422032
2021-04-04 20:50:00,0.6415620641562064,-0.10756972111553798,0.05286671630677553,0.05695411533654715,0.6266244388896888,0.04086859688195991,0.5,0.04204330365019526,0.30817770906906994,0.6790694683964621,0.4481163804956255,0.3450609121328189,0.7303815803370701
2021-04-04 21:00:00,0.6757322175732218,-0.36254980079681276,0.04988830975428127,0.053740403499375144,0.6266244388896888,0.0477728285077951,0.5,0.03265460908011164,0.29775263141258634,0.7148358701864688,0.5331208681199451,0.29110885869326075,0.7318979434796384
2021-04-04 21:10:00,0.6631799163179917,-0.043824701195219196,0.04720774385703619,0.04588466345295483,0.617398018609886,0.04755011135857461,0.5,0.03265460908011164,0.29775263141258634,0.7148358701864688,0.5331208681199451,0.29110885869326075,0.7495586704286555
2021-04-04 21:20:00,0.6617852161785216,0.043824701195219085,0.04393149664929252,0.035529369755400886,0.6216251586813417,0.030957683741648107,0.5,0.03265460908011164,0.29775263141258634,0.7148358701864688,0.5331208681199451,0.29110885869326075,0.8315478974606576
2021-04-04 21:30:00,0.7092050209205021,-0.0916334661354582,0.04095309009679826,0.031244420639171766,0.6192956511497036,0.021937639198218263,0.5,0.03265460908011164,0.29775263141258634,0.7148358701864688,0.5331208681199451,0.29110885869326075,0.9631320065784511
2021-04-04 21:40:00,0.6889818688981869,-0.2509960159362551,0.03827252419955318,0.022674522406713082,0.6166127913520304,0.0026726057906458797,0.5,0.03265460908011164,0.29775263141258634,0.7148358701864688,0.5331208681199451,0.29110885869326075,0.9910753353350333
2021-04-04 21:50:00,0.6847977684797769,-0.1394422310756973,0.03588979895755773,0.02231744331369412,0.6166127913520304,0.010801781737193764,0.5,0.03265460908011164,0.29775263141258634,0.7148358701864688,0.5331208681199451,0.29110885869326075,0.960197353531391
2021-04-04 22:00:00,0.7343096234309623,-0.17131474103585675,0.034996276991809294,0.02231744331369412,0.6166127913520304,0.016369710467706012,0.5,-0.027358138470687576,0.2786581879100139,0.8406367489322568,0.6293906761116954,0.25406127954643154,0.9319334007272508
2021-04-04 22:10:00,0.6820083682008368,-0.05179282868525903,0.034996276991809294,0.02231744331369412,0.6166127913520304,0.02249443207126949,0.5,-0.027358138470687576,0.2786581879100139,0.8406367489322568,0.6293906761116954,0.25406127954643154,0.9036694479231105
2021-04-04 22:20:00,0.691771269177127,-0.14741035856573714,0.03469843633655967,0.022674522406713082,0.6133410111109656,0.00957683741648107,0.5,-0.027358138470687576,0.2786581879100139,0.8406367489322568,0.6293906761116954,0.25406127954643154,0.8916340510282602
2021-04-04 22:30:00,0.705020920502092,-0.33864541832669326,0.033804914370811234,0.025531155150865903,0.6161154807553886,0.012138084632516704,0.5,-0.027358138470687576,0.2786581879100139,0.8406367489322568,0.6293906761116954,0.25406127954643154,0.8795988050153146
2021-04-04 22:40:00,0.7322175732217573,-0.05179282868525903,0.034996276991809294,0.022674522406713082,0.6134718823206082,0.009688195991091315,0.5,-0.027358138470687576,0.2786581879100139,0.8406367489322568,0.6293906761116954,0.25406127954643154,0.8675634081204642
2021-04-04 22:50:00,0.7308228730822873,-0.21115537848605592,0.034996276991809294,0.026959471522942202,0.6167567496826373,0.013251670378619154,0.5,-0.027358138470687576,0.2786581879100139,0.8406367489322568,0.6293906761116954,0.25406127954643154,0.8555280112256136
2021-04-04 23:00:00,0.7468619246861925,-0.3227091633466136,0.034996276991809294,0.027673629708980574,0.6167567496826373,0.015256124721603564,0.5,-0.06275510527402406,0.25002083291428,0.9113652973404415,0.677193447841551,0.2346940716615518,0.843492765212668
2021-04-04 23:10:00,0.7064156206415622,-0.4103585657370519,0.03469843633655967,0.03017318336011443,0.6167567496826373,0.04810690423162584,0.5,-0.06275510527402406,0.25002083291428,0.9113652973404415,0.677193447841551,0.2346940716615518,0.8314573683178178
2021-04-04 23:20:00,0.7608089260808927,-0.298804780876494,0.032911392405063244,0.03302981610426703,0.6167567496826373,0.11224944320712696,0.5,-0.06275510527402406,0.25002083291428,0.9113652973404415,0.677193447841551,0.2346940716615518,0.6127465033118579
2021-04-04 23:30:00,0.8172942817294282,-0.08366533864541836,0.034996276991809294,0.02803070880199976,0.6104487573778645,0.15211581291759466,0.5,-0.06275510527402406,0.25002083291428,0.9113652973404415,0.677193447841551,0.2346940716615518,0.3885661692593207
2021-04-04 23:40:00,0.7517433751743374,-0.12350597609561753,0.04631422189128798,0.01696125691840744,0.6068236248707648,0.9258351893095769,0.5,-0.06275510527402406,0.25002083291428,0.9113652973404415,0.677193447841551,0.2346940716615518,0.018633915234545922
2021-04-04 23:50:00,0.7566248256624826,-0.20190665907797378,0.07311988086373788,0.041956793429744677,0.6068236248707648,0.9972160356347439,0.5,-0.06275510527402406,0.25002083291428,0.9113652973404415,0.677193447841551,0.2346940716615518,0.0
2021-04-05 00:00:00,0.7900976290097629,-0.28030734206033014,0.0784810126582276,0.046598821638993204,0.6068236248707648,0.9972160356347439,0.5,-0.04753609054429908,0.22922814770967184,0.8907595240260137,0.6918110827685691,0.21555274889689297,0.0
2021-04-05 00:10:00,0.7824267782426779,-0.3587080250426864,0.0743112434847355,0.032672737011248065,0.6068236248707648,0.9972160356347439,0.5,-0.04753609054429908,0.22922814770967184,0.8907595240260137,0.6918110827685691,0.21555274889689297,0.0
2021-04-05 00:20:00,0.7677824267782427,-0.43710870802504276,0.06954579300074437,0.021246206034636783,0.6068236248707648,0.9972160356347439,0.5,-0.04753609054429908,0.22922814770967184,0.8907595240260137,0.6918110827685691,0.21555274889689297,0.0
2021-04-05 00:30:00,0.7580195258019525,-0.5155093910073991,0.05673864482501845,0.01410462417425462,0.6068236248707648,0.9972160356347439,0.5,-0.04753609054429908,0.22922814770967184,0.8907595240260137,0.6918110827685691,0.21555274889689297,0.0
2021-04-05 00:40:00,0.7168758716875872,-0.5939100739897554,0.05405807892777359,0.010890912337082836,0.6068236248707648,0.9972160356347439,0.5,-0.04753609054429908,0.22922814770967184,0.8907595240260137,0.6918110827685691,0.21555274889689297,0.0
2021-04-05 00:50:00,0.7629009762900976,-0.6723107569721115,0.04512285927029036,0.007320121406891644,0.6068236248707648,0.9972160356347439,0.5,-0.04753609054429908,0.22922814770967184,0.8907595240260137,0.6918110827685691,0.21555274889689297,0.0
2021-04-05 01:00:00,0.7768479776847979,-0.7507114399544679,0.04095309009679826,0.0012497768255668174,0.6068236248707648,0.9972160356347439,0.5,-0.08752564435667398,0.21210780242926028,0.9019975380306047,0.6906414459541379,0.20339704054944355,0.0
2021-04-05 01:10:00,0.8214783821478382,-0.7370517928286854,0.042740134028294685,-0.0005356186395285567,0.6068236248707648,0.9972160356347439,0.5,-0.08752564435667398,0.21210780242926028,0.9019975380306047,0.6906414459541379,0.20339704054944355,0.0
2021-04-05 01:20:00,0.8186889818688982,-0.7233921457029027,0.0466120625465376,-0.003749330476700563,0.6068236248707648,0.9972160356347439,0.5,-0.08752564435667398,0.21210780242926028,0.9019975380306047,0.6906414459541379,0.20339704054944355,0.0
2021-04-05 01:30:00,0.8458856345885635,-0.7097324985771202,0.04303797468354409,-0.009462595965006093,0.6068236248707648,0.9972160356347439,0.5,-0.08752564435667398,0.21210780242926028,0.9019975380306047,0.6906414459541379,0.20339704054944355,0.0
2021-04-05 01:40:00,0.8305439330543933,-0.6960728514513375,0.04720774385703619,-0.00981967505802539,0.6068236248707648,0.9972160356347439,0.5,-0.08752564435667398,0.21210780242926028,0.9019975380306047,0.6906414459541379,0.20339704054944355,0.0
2021-04-05 01:50:00,0.8354253835425384,-0.6824132043255549,0.04839910647803425,-0.011962149616139839,0.6068236248707648,0.9972160356347439,0.5,-0.08752564435667398,0.21210780242926028,0.9019975380306047,0.6906414459541379,0.20339704054944355,0.0
2021-04-05 02:00:00,0.7852161785216178,-0.6687535571997725,0.0466120625465376,-0.01696125691840733,0.6068236248707648,0.9972160356347439,0.5,-0.09263120188191476,0.20040401486176995,0.8554737477644256,0.6609583847416362,0.20488273265421644,0.0
2021-04-05 02:10:00,0.794979079497908,-0.6550939100739896,0.04125093075204744,-0.020889126941617486,0.6068236248707648,0.9972160356347439,0.5,-0.09263120188191476,0.20040401486176995,0.8554737477644256,0.6609583847416362,0.20488273265421644,0.0
2021-04-05 02:20:00,0.810320781032078,-0.6414342629482073,0.036485480268056314,-0.025531155150865903,0.5899412388268704,0.562249443207127,0.5,-0.09263120188191476,0.20040401486176995,0.8554737477644256,0.6609583847416362,0.20488273265421644,0.17174887215776213
2021-04-05 02:30:00,0.793584379358438,-0.07569721115537853,0.04512285927029036,-0.010890912337082503,0.5921267880279018,0.10345211581291759,0.5,-0.09263120188191476,0.20040401486176995,0.8554737477644256,0.6609583847416362,0.20488273265421644,0.690978770916004
2021-04-05 02:40:00,0.7768479776847979,-0.06772908366533881,0.019806403574087694,-0.033386895197286104,0.5857271858763792,0.0834075723830735,0.5,-0.09263120188191476,0.20040401486176995,0.8554737477644256,0.6609583847416362,0.20488273265421644,0.7956757246103475
2021-04-05 02:50:00,0.809623430962343,-0.07569721115537853,0.012062546537602303,-0.04909837529012662,0.5829658033529205,0.06692650334075724,0.5,-0.09263120188191476,0.20040401486176995,0.8554737477644256,0.6609583847416362,0.20488273265421644,0.8033110279584169
2021-04-05 03:00:00,0.8730822873082287,0.3784860557768923,0.018317200297840452,-0.04909837529012662,0.5829658033529205,0.07661469933184856,0.5,-0.07308022118434832,0.195708707008768,0.8562026753468399,0.6095413047962884,0.20897071784328652,0.8109463313064865
2021-04-05 03:10:00,0.7768479776847979,0.13147410358565725,0.021295606850334936,-0.04588466345295483,0.5805315988535682,0.032516703786191536,0.5,-0.07308022118434832,0.195708707008768,0.8562026753468399,0.6095413047962884,0.20897071784328652,0.8185816346545559
2021-04-05 03:20:00,0.8319386331938633,0.2589641434262948,0.017721518987341645,-0.034101053383324476,0.582939629110992,0.056458797327394214,0.5,-0.07308022118434832,0.195708707008768,0.8562026753468399,0.6095413047962884,0.20897071784328652,0.8262169380026254
2021-04-05 03:30:00,0.8633193863319387,-0.21912350597609564,0.022784810126582178,-0.028744866988037687,0.5914462577377604,0.06648106904231625,0.5,-0.07308022118434832,0.195708707008768,0.8562026753468399,0.6095413047962884,0.20897071784328652,0.8338523167916472
2021-04-05 03:40:00,0.8702928870292888,-0.20318725099601598,0.019806403574087694,-0.019103731476522,0.5789873185797856,0.07149220489977728,0.5,-0.07308022118434832,0.195708707008768,0.8562026753468399,0.6095413047962884,0.20897071784328652,0.8414875446987644
2021-04-05 03:50:00,0.9853556485355649,0.20318725099601576,0.026061057334326065,-0.01696125691840733,0.5885278297627305,0.1086859688195991,0.5,-0.07308022118434832,0.195708707008768,0.8562026753468399,0.6095413047962884,0.20897071784328652,0.8491229234877861
2021-04-05 04:00:00,0.9309623430962343,-0.4342629482071714,0.029039463886820327,-0.0112479914301018,0.5804007276439256,0.08518930957683743,0.5,-0.11218214922639191,0.19193292088952343,0.8874423201810602,0.553298511275164,0.21280566038032753,0.8567581513949033
2021-04-05 04:10:00,0.9609484658298466,0.4183266932270917,0.029635145197319357,-0.006963042313872458,0.574812526992187,0.13574610244988863,0.5,-0.11218214922639191,0.19193292088952343,0.8874423201810602,0.553298511275164,0.21280566038032753,0.8643935301839251
2021-04-05 04:20:00,0.990934449093445,0.1872509960159361,0.033507073715562274,-0.00981967505802539,0.5927680569551504,0.11291759465478843,0.5,-0.11218214922639191,0.19193292088952343,0.8874423201810602,0.553298511275164,0.21280566038032753,0.8720287580910423
2021-04-05 04:30:00,0.6589958158995816,-0.11553784860557781,0.01950856291883829,-0.001963935011604967,0.5922053107536873,0.0089086859688196,0.5,-0.11218214922639191,0.19193292088952343,0.8874423201810602,0.553298511275164,0.21280566038032753,0.879664136880064
2021-04-05 04:40:00,0.7336122733612274,-0.003984063745020028,0.00908413998510782,0.010176754151044465,0.5785292693460367,0.01514476614699332,0.5,-0.11218214922639191,0.19193292088952343,0.8874423201810602,0.553298511275164,0.21280566038032753,0.8715680401949394
2021-04-05 04:50:00,0.7873082287308228,-0.08366533864541836,0.011169024571854091,0.008034279592929794,0.5829265419900276,0.03585746102449889,0.5,-0.11218214922639191,0.19193292088952343,0.8874423201810602,0.553298511275164,0.21280566038032753,0.8634720189507673
2021-04-05 05:00:00,0.8117154811715481,0.01195219123505975,0.015636634400595373,0.00839135868594898,0.5887764850610514,0.04576837416481069,0.5,-0.12918238569979623,0.19456792535782386,0.9649511125212843,0.48898315067655,0.2106377541485787,0.8553759222656427
2021-04-05 05:10:00,0.7008368200836821,-0.21912350597609564,0.014147431124348353,0.015175861453311956,0.5826647995707425,0.004120267260579065,0.5,-0.12918238569979623,0.19456792535782386,0.9649511125212843,0.48898315067655,0.2106377541485787,0.8472799010214704
2021-04-05 05:20:00,0.7168758716875872,0.24302788844621515,0.01325390915859992,0.019103731476522112,0.5730588527829763,0.005567928730512249,0.5,-0.12918238569979623,0.19456792535782386,0.9649511125212843,0.48898315067655,0.2106377541485787,0.8391838043363459
2021-04-05 05:30:00,0.6241283124128312,0.22709163346613526,0.0117647058823529,0.019103731476522112,0.5801258981036761,0.00022271714922048998,0.5,-0.12918238569979623,0.19456792535782386,0.9649511125212843,0.48898315067655,0.2106377541485787,0.8310877076512215
2021-04-05 05:40:00,0.5585774058577406,-0.05179282868525903,0.008190618019359386,0.024816996964827753,0.5829134548690633,0.00011135857461024499,0.5,-0.12918238569979623,0.19456792535782386,0.9649511125212843,0.48898315067655,0.2106377541485787,0.6572868415890882
2021-04-05 05:50:00,0.5292887029288703,-0.11553784860557781,0.006701414743112366,0.033386895197286215,0.5829134548690633,0.0,0.5,-0.12918238569979623,0.19456792535782386,0.9649511125212843,0.48898315067655,0.2106377541485787,0.5812272734130997
2021-04-05 06:00:00,0.5348675034867504,-0.33067729083665354,0.005212211466865124,0.03302981610426703,0.5829134548690633,0.0,0.5,-0.143826259754528,0.2063004479794958,0.9666459071946345,0.4345001780982768,0.20724521201167254,0.5559243779893477
2021-04-05 06:10:00,0.5509065550906556,-0.12350597609561753,0.005212211466865124,0.03017318336011443,0.5763568072659695,0.0,0.5,-0.143826259754528,0.2063004479794958,0.9683408033192836,0.4345001780982768,0.20724521201167254,0.6016717715044435
2021-04-05 06:20:00,0.45327754532775455,0.11553784860557759,0.005212211466865124,0.017318336011426627,0.5825470154820641,0.0,0.5,-0.143826259754528,0.2063004479794958,0.9700355979926338,0.4345001780982768,0.20724521201167254,0.4047784299228993
2021-04-05 06:30:00,0.42747559274755925,0.01195219123505975,0.005212211466865124,0.010533833244063429,0.5829265419900276,0.0,0.5,-0.143826259754528,0.2063004479794958,0.9717304687544585,0.4345001780982768,0.20724521201167254,0.3471113659338836
2021-04-05 06:40:00,0.41631799163179917,0.36254980079681287,0.005212211466865124,0.0001785395465094819,0.5858580570860216,0.0,0.5,-0.143826259754528,0.2063004479794958,0.9734253395162827,0.4345001780982768,0.20724521201167254,0.32260060050998085
2021-04-05 06:50:00,0.4330543933054393,-0.20318725099601598,0.005212211466865124,-0.009462595965006093,0.6053055188389106,0.0,0.5,-0.143826259754528,0.2063004479794958,0.9751201341896331,0.4345001780982768,0.20724521201167254,0.3330039078413326
2021-04-05 07:00:00,0.42747559274755925,0.22709163346613526,0.007297096053611174,-0.01481878236029266,0.595320045543181,0.0,0.5,-0.14724828673517631,0.2241477901306596,0.9768150176328698,0.39885240580333714,0.17268124852992048,0.3228797320337372
2021-04-05 07:10:00,0.4330543933054393,-0.2509960159362551,0.008190618019359386,-0.023745759685770196,0.6025048749525592,0.0,0.5,-0.14724828673517631,0.2241477901306596,0.9785098249876326,0.39885240580333714,0.17268124852992048,0.34352792069647087
2021-04-05 07:20:00,0.4337517433751743,-0.12350597609561753,0.012062546537602303,-0.024816996964827642,0.6053316930808391,0.0,0.5,-0.14724828673517631,0.2241477901306596,0.9802046450238076,0.39885240580333714,0.17268124852992048,0.34318843641082125
2021-04-05 07:30:00,0.3849372384937238,0.09960159362549792,0.014445271779597979,-0.02945902517407606,0.6069806703223357,0.0,0.5,-0.14724828673517631,0.2241477901306596,0.9818995665112813,0.39885240580333714,0.17268124852992048,0.2588529957602185
2021-04-05 07:40:00,0.396792189679219,-0.33067729083665354,0.017125837676842837,-0.03267273701124784,0.604206200677913,0.0,0.5,-0.14724828673517631,0.2241477901306596,0.9835943485032194,0.39885240580333714,0.17268124852992048,0.29141331080163557
2021-04-05 07:50:00,0.35495118549511856,-0.11553784860557781,0.019806403574087694,-0.036243527941438924,0.6020075643559173,0.0,0.5,-0.14724828673517631,0.2241477901306596,0.9852892446278684,0.39885240580333714,0.17268124852992048,0.22008389033903167
2021-04-05 08:00:00,0.37308228730822873,-0.17928286852589637,0.02218912881608337,-0.041956793429744677,0.6054494771695175,0.0,0.5,-0.12858996812445245,0.2548253339731671,0.9869840519826311,0.31913610538998405,0.14752980564471752,0.24914374519063928
2021-04-05 08:10:00,0.31520223152022314,-0.07569721115537853,0.02308265078183136,-0.041956793429744677,0.5967596288492495,0.0,0.5,-0.12858996812445245,0.2548253339731671,0.9869840519826311,0.31913610538998405,0.14752980564471752,0.1628619279689787
2021-04-05 08:20:00,0.32914923291492326,0.3067729083665336,0.02367833209233039,-0.05159792894126036,0.5942076402612189,0.0,0.5,-0.12858996812445245,0.2548253339731671,0.9869840519826311,0.31913610538998405,0.14752980564471752,0.17725606168052266
2021-04-05 08:30:00,0.197350069735007,0.21912350597609564,0.026061057334326065,-0.055168719871451444,0.5942076402612189,0.00033407572383073496,0.5,-0.12858996812445245,0.2548253339731671,0.9869840519826311,0.31913610538998405,0.14752980564471752,0.06579959865413341
2021-04-05 08:40:00,0.1631799163179916,-0.24302788844621515,0.027550260610573307,-0.042670951615782826,0.5942076402612189,0.7197104677060133,0.5,-0.12858996812445245,0.2548253339731671,0.9869840519826311,0.31913610538998405,0.14752980564471752,0.0
2021-04-05 08:50:00,0.0801952580195258,-0.2972111553784861,0.04512285927029036,-0.010176754151044465,0.6015756893640968,0.8751670378619154,0.5,-0.12858996812445245,0.2548253339731671,0.9869840519826311,0.31913610538998405,0.14752980564471752,0.0
2021-04-05 09:00:00,0.22454672245467225,-0.351394422310757,0.0507818317200297,0.010176754151044465,0.627802279776472,0.612694877505568,0.5,-0.14411839946528338,0.2966434583212403,0.9291720293189181,0.16210822462145452,0.1295597162529037,0.0
2021-04-05 09:10:00,0.15481171548117156,-0.40557768924302795,0.06418466120625443,0.021960364220674933,0.726662391540485,0.8645879732739421,0.5,-0.14411839946528338,0.2966434583212403,0.9291720293189181,0.16210822462145452,0.1295597162529037,0.0
2021-04-05 09:20:00,0.1680613668061367,-0.4597609561752989,0.0701414743112434,0.039814318871630006,0.7768645875593828,0.9996659242761693,0.5,-0.14411839946528338,0.2966434583212403,0.9291720293189181,0.16210822462145452,0.1295597162529037,0.0
2021-04-05 09:30:00,0.22175732217573224,-0.5139442231075697,0.0740134028294861,0.0448134261738975,0.7155252515999005,0.47438752783964366,0.5,-0.14411839946528338,0.2966434583212403,0.9291720293189181,0.16210822462145452,0.1295597162529037,0.01515608733044646
2021-04-05 09:40:00,0.21408647140864714,0.7051792828685257,0.08979895755770673,0.06516693447598643,0.7715904778107865,0.10968819599109131,0.5,-0.14411839946528338,0.2966434583212403,0.9291720293189181,0.16210822462145452,0.1295597162529037,0.062382123511927214
2021-04-05 09:50:00,0.0,0.003984063745019917,0.01677837676842886,0.05324049276914855,0.7552446637264268,0.0,0.5,-0.14411839946528338,0.2966434583212403,0.9291720293189181,0.16210822462145452,0.1295597162529037,0.0
2021-04-05 10:00:00,0.0,0.003984063745019917,-0.05624223380491444,0.04131405106231023,0.7574563871693866,0.0,0.5,0.01383649581768931,0.3276773168355806,0.720298134932003,0.15657674919210912,0.7241418448984542,0.0
2021-04-05 10:10:00,0.0,0.003984063745019917,-0.1292628145941923,0.029387609355472355,0.7611993037651646,0.0,0.5,0.01383649581768931,0.3276773168355806,0.720298134932003,0.15657674919210912,0.7241418448984542,0.0
2021-04-05 10:20:00,0.0,0.003984063745019917,-0.2022834251675355,0.017461167648634257,0.7594325424349897,0.0,0.5,0.01383649581768931,0.3276773168355806,0.720298134932003,0.15657674919210912,0.7241418448984542,0.0
2021-04-05 10:30:00,0.0,0.003984063745019917,-0.275304026805659,0.005534725941795937,0.76278284540184,0.0,0.5,0.01383649581768931,0.3276773168355806,0.720298134932003,0.15657674919210912,0.7241418448984542,0.0
2021-04-05 10:40:00,0.0,0.003984063745019917,-0.3483246314221893,-0.006391715765041939,0.791875515305388,0.0,0.5,0.01383649581768931,0.3276773168355806,0.720298134932003,0.15657674919210912,0.7241418448984542,0.0
2021-04-05 10:50:00,0.0,0.003984063745019917,-0.42134523186895023,-0.018318157471880037,0.7426810276007381,0.0,0.5,0.01383649581768931,0.3276773168355806,0.720298134932003,0.15657674919210912,0.7241418448984542,0.0
2021-04-05 11:00:00,0.0,0.003984063745019917,-0.4943658317200299,-0.030244599178718024,0.7426810276007381,0.0,0.5,0.01469964042034233,0.3570675302508277,0.6894804006869776,0.4390141102731238,0.7300634130812992,0.0
2021-04-05 11:10:00,0.0,0.003984063745019917,-0.5673864333581535,-0.04217104088555623,0.7498527698891521,0.0,0.5,0.01469964042034233,0.3570675302508277,0.6894804006869776,0.4390141102731238,0.7300634130812992,0.0
2021-04-05 11:20:00,0.0,0.003984063745019917,-0.6404070409530902,-0.05409748259239411,0.752731936501289,0.0,0.5,0.01469964042034233,0.3570675302508277,0.6894804006869776,0.4390141102731238,0.7300634130812992,0.0
2021-04-05 11:30:00,0.09274755927475593,0.003984063745019917,-0.7134276396128072,-0.06602392429923232,0.7926083940793864,0.45979955456570154,0.5,0.01469964042034233,0.3570675302508277,0.6894804006869776,0.4390141102731238,0.7300634130812992,0.0
2021-04-05 11:40:00,0.13389121338912133,0.003984063745019917,-0.7864482501861505,-0.07795036600607019,0.7928177880148145,0.8977728285077952,0.5,0.01469964042034233,0.3570675302508277,0.6894804006869776,0.4390141102731238,0.7300634130812992,0.0
2021-04-05 11:50:00,0.0,0.003984063745019917,-0.4896996693968727,-0.08987684342081759,0.7465809896480874,0.0,0.5,0.01469964042034233,0.3570675302508277,0.6894804006869776,0.4390141102731238,0.7300634130812992,0.0
2021-04-05 12:00:00,0.06834030683403068,0.8087649402390438,-0.19295109456440818,-0.10180324941974628,0.7925036971116725,0.6726057906458798,0.5,0.03583032349495019,0.36544092503886344,0.6236070578146858,0.5087097749038512,0.7365673860293298,0.0
2021-04-05 12:10:00,0.15202231520223153,0.7302219692657939,0.10379746835443027,-0.11372969112658449,0.7929224849825287,0.9995545657015591,0.5,0.03583032349495019,0.36544092503886344,0.6236070578146858,0.5087097749038512,0.7365673860293298,0.0
2021-04-05 12:20:00,0.4344490934449094,0.6516789982925439,0.0936708860759492,-0.12872701303338696,0.7929224849825287,0.9995545657015591,0.5,0.03583032349495019,0.36544092503886344,0.6236070578146858,0.5087097749038512,0.7365673860293298,0.0
2021-04-05 12:30:00,0.28870292887029286,0.573136027319294,0.08771407297096023,-0.15800749866095343,0.7929224849825287,0.9995545657015591,0.5,0.03583032349495019,0.36544092503886344,0.6236070578146858,0.5087097749038512,0.7365673860293298,0.0
2021-04-05 12:40:00,0.059274755927475595,0.49459305634604434,0.09903201787043914,-0.14836636314943752,0.7929224849825287,0.9995545657015591,0.5,0.03583032349495019,0.36544092503886344,0.6236070578146858,0.5087097749038512,0.7365673860293298,0.0
2021-04-05 12:50:00,0.04602510460251046,0.4160500853727944,0.10707371556217415,-0.1247991430101768,0.7929224849825287,0.9995545657015591,0.5,0.03583032349495019,0.36544092503886344,0.6236070578146858,0.5087097749038512,0.7365673860293298,0.0
2021-04-05 13:00:00,0.048117154811715475,0.3375071143995445,0.11034996276991804,-0.11158721656846982,0.7929224849825287,0.9995545657015591,0.5,0.16249224957583208,0.3652369061541882,0.4692778201971021,0.6438819657079128,0.7215056745063065,0.0
2021-04-05 13:10:00,0.03207810320781032,0.2589641434262948,0.12137006701414732,-0.09337618282449556,0.7929224849825287,0.9995545657015591,0.5,0.16249224957583208,0.3652369061541882,0.4692778201971021,0.6438819657079128,0.7215056745063065,0.0
2021-04-05 13:20:00,0.03626220362622037,0.01673306772908356,0.13953834698436318,-0.0590965898946616,0.7929224849825287,0.9995545657015591,0.5,0.16249224957583208,0.3652369061541882,0.4692778201971021,0.6438819657079128,0.7215056745063065,0.0
2021-04-05 13:30:00,0.08716875871687588,-0.22549800796812758,0.1594936708860759,-0.036243527941438924,0.7929224849825287,0.9995545657015591,0.5,0.16249224957583208,0.3652369061541882,0.4692778201971021,0.6438819657079128,0.7215056745063065,0.0
2021-04-05 13:40:00,0.08647140864714087,-0.4677290836653387,0.1720029784065522,-0.023031601499732157,0.7929224849825287,0.9995545657015591,0.5,0.16249224957583208,0.3652369061541882,0.4692778201971021,0.6438819657079128,0.7215056745063065,0.0
2021-04-05 13:50:00,0.17503486750348674,-0.70996015936255,0.1857036485480268,-0.021246206034636783,0.7929224849825287,0.9995545657015591,0.5,0.16249224957583208,0.3652369061541882,0.4692778201971021,0.6438819657079128,0.7215056745063065,0.0
2021-04-05 14:00:00,0.15690376569037656,-0.952191235059761,0.1974683544303797,-0.02624534904481346,0.7928701364986717,0.8212694877505569,0.5,0.18648109230033927,0.36288063171142937,0.42202129792480103,0.7580625691612647,0.7193454850549601,0.0
2021-04-05 14:10:00,0.12412831241283125,0.585657370517928,0.20923306031273237,-0.031244420639171433,0.7929224849825287,0.9995545657015591,0.5,0.18648109230033927,0.36288063171142937,0.42202129792480103,0.7580625691612647,0.7193454850549601,0.0
2021-04-05 14:20:00,0.19456066945606695,0.49734395750331983,0.2175725986597168,-0.033386895197286104,0.7929224849825287,0.9995545657015591,0.5,0.18648109230033927,0.36288063171142937,0.42202129792480103,0.7580625691612647,0.7193454850549601,0.0
2021-04-05 14:30:00,0.2838214783821479,0.4090305444887117,0.22323157110945635,-0.038386002499553595,0.7929224849825287,0.9995545657015591,0.5,0.18648109230033927,0.36288063171142937,0.42202129792480103,0.7580625691612647,0.7193454850549601,0.0
2021-04-05 14:40:00,0.1903765690376569,0.3207171314741035,0.22606105733432602,-0.038207462953044,0.792830875135779,0.7308463251670378,0.5,0.18648109230033927,0.36288063171142937,0.42202129792480103,0.7580625691612647,0.7193454850549601,0.0
2021-04-05 14:50:00,0.2691771269177127,0.23240371845949515,0.2288905435591957,-0.03802892340653463,0.7929224849825287,0.9995545657015591,0.5,0.18648109230033927,0.36288063171142937,0.42202129792480103,0.7580625691612647,0.7193454850549601,0.0
2021-04-05 15:00:00,0.1596931659693166,0.144090305444887,0.22710349962769927,-0.03731476522049626,0.7929224849825287,0.9995545657015591,0.5,0.20093462027340858,0.3603059708569087,0.3728038488593768,0.8221571260379361,0.7301279457723749,0.0
2021-04-05 15:10:00,0.6324965132496514,0.055776892430278835,0.21935964259121343,-0.028387787895018723,0.7929224849825287,0.9995545657015591,0.5,0.20093462027340858,0.3603059708569087,0.3728038488593768,0.8221571260379361,0.7301279457723749,0.0
2021-04-05 15:20:00,0.802649930264993,-0.03253652058432943,0.2065524944154875,-0.029816104267095023,0.7925822198374579,0.9989977728285078,0.5,0.20093462027340858,0.3603059708569087,0.3728038488593768,0.8221571260379361,0.7301279457723749,0.0
2021-04-05 15:30:00,0.7827754532775453,-0.12084993359893781,0.17895261355174963,-0.05671608641314052,0.7924775490439858,0.9988122494432072,0.5,0.20093462027340858,0.3603059708569087,0.3728038488593768,0.8221571260379361,0.7301279457723749,0.0
2021-04-05 15:40:00,0.7629010460251047,-0.20916334661354608,0.15135267311988088,-0.0836159971433672,0.7923728259020298,0.9986266146993319,0.5,0.20093462027340858,0.3603059708569087,0.3728038488593768,0.8221571260379361,0.7301279457723749,0.0
2021-04-05 15:50:00,0.7430264993026499,-0.2974767596281541,0.12375279225614277,-0.1105159792894127,0.7922681289343158,0.9984409799554566,0.5,0.20093462027340858,0.3603059708569087,0.3728038488593768,0.8221571260379361,0.7301279457723749,0.0
2021-04-05 16:00:00,0.7231520223152021,-0.3857901726427624,0.12613551749813845,-0.10301731833601147,0.7929224849825287,0.9995545657015591,0.5,0.23245559119518444,0.356234213679611,0.29307872608111263,0.7732061080519803,0.7441382250557177,0.0
2021-04-05 16:10:00,0.4707112970711297,-0.47410358565737054,0.13417721518987324,-0.08337796821996057,0.6791037939563674,0.9995545657015591,0.5,0.23245559119518444,0.356234213679611,0.29307872608111263,0.7732061080519803,0.7441382250557177,0.0
2021-04-05 16:20:00,0.44490934449093444,-0.33067729083665354,0.1434102755026061,-0.034101053383324476,0.4675504835691196,0.5916481069042316,0.5,0.23245559119518444,0.356234213679611,0.29307872608111263,0.7732061080519803,0.7441382250557177,0.268313291186988
2021-04-05 16:30:00,0.8472803347280335,-0.1872509960159363,0.15174981384959052,-0.004106409569719638,0.4013819999738258,0.07683741648106905,0.5,0.23245559119518444,0.356234213679611,0.29307872608111263,0.7732061080519803,0.7441382250557177,0.25898313140305085
2021-04-05 16:40:00,0.9560669456066946,-0.11553784860557781,0.15264333581533873,0.007320121406891644,0.39447200010469696,0.10033407572383074,0.5,0.23245559119518444,0.356234213679611,0.29307872608111263,0.7732061080519803,0.7441382250557177,0.24965297161911373
2021-04-05 16:50:00,0.802649930264993,-0.31474103585657376,0.1243484735666418,0.00767720049991083,0.3848137048330738,0.04075723830734967,0.5,0.23245559119518444,0.356234213679611,0.29307872608111263,0.7732061080519803,0.7441382250557177,0.24032281183517662
2021-04-05 17:00:00,0.3542538354253836,-0.17928286852589637,0.11511541325390895,0.005891805034815345,0.3829291594142205,0.00011135857461024499,0.5,0.2294508780701099,0.3561422615062332,0.27372739807726965,0.7098227917602167,0.756801883783386,0.2309926520512395
2021-04-05 17:10:00,0.2601115760111576,-0.45019920318725104,0.11868950111690246,0.0112479914301018,0.36985512557092565,0.00011135857461024499,0.5,0.2294508780701099,0.3561422615062332,0.27372739807726965,0.7098227917602167,0.756801883783386,0.12821189854700726
2021-04-05 17:20:00,0.34658298465829845,0.3306772908366533,0.12732688011913607,0.023388680592751232,0.351938856970855,0.00011135857461024499,0.5,0.2294508780701099,0.3561422615062332,0.27372739807726965,0.7098227917602167,0.756801883783386,0.226368121671168
2021-04-05 17:30:00,0.3716875871687587,0.08366533864541825,0.13090096798212936,0.030887341546152358,0.3725379853685987,0.00011135857461024499,0.5,0.2294508780701099,0.3561422615062332,0.27372739807726965,0.7098227917602167,0.756801883783386,0.25379845195165746
2021-04-05 17:40:00,0.29288702928870297,-0.043824701195219196,0.1356664184661205,0.039100160685591856,0.3920377956053448,0.00011135857461024499,0.5,0.2294508780701099,0.3561422615062332,0.27372739807726965,0.7098227917602167,0.756801883783386,0.17129622644356263
2021-04-05 17:50:00,0.19386331938633192,0.027888446215139417,0.14132539091585983,0.04017139796464919,0.3942495190483046,0.00011135857461024499,0.5,0.2294508780701099,0.3561422615062332,0.27372739807726965,0.7098227917602167,0.756801883783386,0.07258174027188918
2021-04-05 18:00:00,0.26778242677824265,0.043824701195219085,0.148175725986597,0.04159971433672571,0.4107131172213425,0.00011135857461024499,0.5,0.11541846620481522,0.38329401420086445,0.40512471091135355,0.5580936036247924,0.7672866972964061,0.1147381444543356
2021-04-05 18:10:00,0.36750348675034866,0.08366533864541825,0.1511541325390915,0.04981253347616499,0.42217743518603346,0.00011135857461024499,0.5,0.11541846620481522,0.38329401420086445,0.40512471091135355,0.5580936036247924,0.7672866972964061,0.24374217300119194
2021-04-05 18:20:00,0.3326359832635983,0.13147410358565725,0.1511541325390915,0.04231387252276364,0.4227663556294251,0.00011135857461024499,0.5,0.11541846620481522,0.38329401420086445,0.40512471091135355,0.5580936036247924,0.7672866972964061,0.21267558881663326
2021-04-05 18:30:00,0.3319386331938633,0.027888446215139417,0.15621742367833202,0.041242635243706305,0.43266021907840496,0.00011135857461024499,0.5,0.11541846620481522,0.38329401420086445,0.40512471091135355,0.5580936036247924,0.7672866972964061,0.1808093305369887
2021-04-05 18:40:00,0.2831241283124128,0.03585657370517925,0.15889798957557688,0.046598821638993204,0.4085799165041683,0.00011135857461024499,0.5,0.11541846620481522,0.38329401420086445,0.40512471091135355,0.5580936036247924,0.7672866972964061,0.14683072559107987
2021-04-05 18:50:00,0.3716875871687587,-0.23505976095617542,0.15889798957557688,0.05623995715050878,0.40376385598932085,0.00011135857461024499,0.5,0.11541846620481522,0.38329401420086445,0.40512471091135355,0.5580936036247924,0.7672866972964061,0.2574120735700167
2021-04-05 19:00:00,0.33054393305439334,0.20318725099601576,0.15740878629932964,0.058739510801642636,0.39159283349256,0.00011135857461024499,0.5,0.1096452131812744,0.40485392535207665,0.44720835826816036,0.48379477401671345,0.7995396124519177,0.19932254024774806
2021-04-05 19:10:00,0.24407252440725244,0.09163346613545809,0.15711094564408024,0.05195500803427966,0.4032272840297863,0.00011135857461024499,0.5,0.1096452131812744,0.40485392535207665,0.44720835826816036,0.48379477401671345,0.7995396124519177,0.11220332845481841
2021-04-05 19:20:00,0.2301255230125523,0.24302788844621515,0.15711094564408024,0.04767005891805054,0.39006164033974167,0.00011135857461024499,0.5,0.1096452131812744,0.40485392535207665,0.44720835826816036,0.48379477401671345,0.7995396124519177,0.09805060579084751
2021-04-05 19:30:00,0.2099023709902371,-0.14741035856573714,0.15711094564408024,0.04695590073201217,0.4024158825300022,0.00011135857461024499,0.5,0.1096452131812744,0.40485392535207665,0.44720835826816036,0.48379477401671345,0.7995396124519177,0.07065799598654134
2021-04-05 19:40:00,0.31520223152022314,0.3067729083665336,0.15711094564408024,0.04909837529012684,0.3957807122011229,0.00011135857461024499,0.5,0.1096452131812744,0.40485392535207665,0.44720835826816036,0.48379477401671345,0.7995396124519177,0.18184287158441087
2021-04-05 19:50:00,0.19525801952580193,0.17131474103585642,0.1520476545048397,0.038386002499553706,0.4166808443810446,0.00011135857461024499,0.5,0.1096452131812744,0.40485392535207665,0.44720835826816036,0.48379477401671345,0.7995396124519177,0.06687840427297555
2021-04-05 20:00:00,0.24058577405857742,0.05179282868525892,0.15026061057334306,0.036957686127477185,0.40482391278742597,0.00011135857461024499,0.5,0.12964402581128898,0.4172473542198881,0.4354464751190056,0.3485403027936452,0.9412128119169441,0.09851079560028367
2021-04-05 20:10:00,0.18688981868898188,0.346613545816733,0.14668652271034976,0.031244420639171766,0.42009658295271624,0.00011135857461024499,0.5,0.12964402581128898,0.4172473542198881,0.4354464751190056,0.3485403027936452,0.9412128119169441,0.06503764503523092
2021-04-05 20:20:00,0.17224546722454673,-0.13147410358565736,0.14519731943410275,0.027673629708980574,0.42009658295271624,0.00011135857461024499,0.5,0.12964402581128898,0.4172473542198881,0.4354464751190056,0.3485403027936452,0.9412128119169441,0.051103701133123104
2021-04-05 20:30:00,0.15132496513249652,-0.19521912350597614,0.14251675353685767,0.028387787895018723,0.4193637041787177,0.00011135857461024499,0.5,0.12964402581128898,0.4172473542198881,0.4354464751190056,0.3485403027936452,0.9412128119169441,0.03373719389833577
2021-04-05 20:40:00,0.10808926080892609,0.03585657370517925,0.14162323157110923,0.03017318336011443,0.4035937234167855,0.00011135857461024499,0.5,0.12964402581128898,0.4172473542198881,0.4354464751190056,0.3485403027936452,0.9412128119169441,0.010531556950374943
2021-04-05 20:50:00,0.1596931659693166,0.6494023904382469,0.13953834698436318,0.03160149973219073,0.4211304655088927,0.061135857461024505,0.5,0.12964402581128898,0.4172473542198881,0.4354464751190056,0.3485403027936452,0.9412128119169441,0.0
2021-04-05 21:00:00,0.24407252440725244,0.3545816733067728,0.13536857781087108,0.014818782360292992,0.45344256716964837,0.024610244988864143,0.5,0.11881404418550567,0.4365659311450638,0.49745541120303866,0.35850511156963805,0.06433367616769482,0.0843656170315494
2021-04-05 21:10:00,0.31241283124128316,0.41035856573705165,0.13090096798212936,-0.0005356186395285567,0.46594076769051573,0.00011135857461024499,0.5,0.11881404418550567,0.4365659311450638,0.49745541120303866,0.35850511156963805,0.06433367616769482,0.1549934366371441
2021-04-05 21:20:00,0.3207810320781032,0.5776892430278884,0.12226358897989575,-0.00910551687198713,0.4720786274227533,0.00011135857461024499,0.5,0.11881404418550567,0.4365659311450638,0.49745541120303866,0.35850511156963805,0.06433367616769482,0.1636389697783545
2021-04-05 21:30:00,0.3856345885634589,-0.059760956175298974,0.11839166046165284,-0.01410462417425462,0.48513957414508385,0.00011135857461024499,0.5,0.11881404418550567,0.4365659311450638,0.49745541120303866,0.35850511156963805,0.06433367616769482,0.2424672209061967
2021-04-05 21:40:00,0.3598326359832636,-0.2270916334661356,0.11690245718540582,-0.0048205677557580096,0.4859771498867964,0.00011135857461024499,0.5,0.11881404418550567,0.4365659311450638,0.49745541120303866,0.35850511156963805,0.06433367616769482,0.21427493700680475
2021-04-05 21:50:00,0.33472803347280333,0.14741035856573692,0.10618019359642594,-0.013033386895197285,0.4859771498867964,0.00011135857461024499,0.5,0.11881404418550567,0.4365659311450638,0.49745541120303866,0.35850511156963805,0.06433367616769482,0.1555743319703668
2021-04-05 22:00:00,0.28591352859135283,0.03585657370517925,0.09605361131794465,-0.01981788966256015,0.4859771498867964,0.00011135857461024499,0.5,0.03589546207870464,0.46516018355952526,0.6312786782214623,0.4075527306188931,0.1296540982208365,0.13797395778324306
2021-04-05 22:10:00,0.18688981868898188,0.346613545816733,0.08801191362620986,-0.02053204784859841,0.4859771498867964,0.00011135857461024499,0.5,0.03589546207870464,0.46516018355952526,0.6312786782214623,0.4075527306188931,0.1296540982208365,0.06899075093923986
2021-04-05 22:20:00,0.15620641562064158,0.394422310756972,0.08413998510796716,-0.021603285127655747,0.5046132101399013,0.00011135857461024499,0.5,0.03589546207870464,0.46516018355952526,0.6312786782214623,0.4075527306188931,0.1296540982208365,0.06174841951204792
2021-04-05 22:30:00,0.29288702928870297,0.5378486055776892,0.07788533134772879,-0.027316550615961277,0.5455235502741752,0.00011135857461024499,0.5,0.03589546207870464,0.46516018355952526,0.6312786782214623,0.4075527306188931,0.1296540982208365,0.16035728835040813
2021-04-05 22:40:00,0.4302649930264993,-0.003984063745020028,0.07222635889798945,-0.03017318336011432,0.6095457460313305,0.00011135857461024499,0.5,0.03589546207870464,0.46516018355952526,0.6312786782214623,0.4075527306188931,0.1296540982208365,0.37485854821431264
2021-04-05 22:50:00,0.5153417015341701,0.2669322709163344,0.05673864482501845,-0.041242635243706416,0.6169268822551727,0.00011135857461024499,0.5,0.03589546207870464,0.46516018355952526,0.6312786782214623,0.4075527306188931,0.1296540982208365,0.5465018030387615
2021-04-05 23:00:00,0.5076708507670851,0.3306772908366533,0.05256887565152635,-0.041242635243706416,0.6221355563989478,0.00011135857461024499,0.5,-0.05800375755906095,0.47750763634064786,0.7547584780631222,0.43090175458734403,0.16543397381959526,0.5153597779018363
2021-04-05 23:10:00,0.4337517433751743,-0.36254980079681276,0.04810126582278462,-0.038386002499553595,0.6281818062844354,0.00011135857461024499,0.5,-0.05800375755906095,0.47750763634064786,0.7547584780631222,0.43090175458734403,0.16543397381959526,0.35779380478899164
2021-04-05 23:20:00,0.42398884239888424,-0.2828685258964144,0.04095309009679826,-0.036243527941438924,0.6281818062844354,0.00011135857461024499,0.5,-0.05800375755906095,0.47750763634064786,0.7547584780631222,0.43090175458734403,0.16543397381959526,0.3431808923155846
2021-04-05 23:30:00,0.4121338912133891,-0.21115537848605592,0.0352941176470587,-0.04088555615068734,0.6232872230438026,0.00011135857461024499,0.5,-0.05800375755906095,0.47750763634064786,0.7547584780631222,0.43090175458734403,0.16543397381959526,0.32070703260557964
2021-04-05 23:40:00,0.3612273361227336,-0.09960159362549814,0.032315711094564215,-0.04909837529012662,0.6159060868199605,0.00011135857461024499,0.5,-0.05800375755906095,0.47750763634064786,0.7547584780631222,0.43090175458734403,0.16543397381959526,0.24190895785868402
2021-04-05 23:50:00,0.3758716875871687,0.3227091633466135,0.02635889798957547,-0.05623995715050878,0.6056850453468742,0.00011135857461024499,0.5,-0.05800375755906095,0.47750763634064786,0.7547584780631222,0.43090175458734403,0.16543397381959526,0.2744541847096278
2021-04-06 00:00:00,0.3723849372384937,0.12350597609561742,0.024571854058078824,-0.06195322263881431,0.6088652157411891,0.00011135857461024499,0.5,-0.06206703103805156,0.491205636668227,0.8043060242922598,0.43894717211002904,0.18531503686246756,0.2601354919504504
2021-04-06 00:10:00,0.3758716875871687,0.298804780876494,0.022784810126582178,-0.06409569719692909,0.6056850453468742,0.00011135857461024499,0.5,-0.06206703103805156,0.491205636668227,0.8043060242922598,0.43894717211002904,0.18531503686246756,0.271579884424461
2021-04-06 00:20:00,0.37796373779637377,-0.21115537848605592,0.017125837676842837,-0.06980896268523484,0.5991545719857089,0.00011135857461024499,0.5,-0.06206703103805156,0.491205636668227,0.8043060242922598,0.43894717211002904,0.18531503686246756,0.2696033314724565
2021-04-06 00:30:00,0.3563458856345886,0.2350597609561753,0.012062546537602303,-0.07445099089448304,0.5957650076559657,0.00011135857461024499,0.5,-0.06206703103805156,0.491205636668227,0.8043060242922598,0.43894717211002904,0.18531503686246756,0.22989875824192407
2021-04-06 00:40:00,0.38284518828451886,0.06772908366533859,0.00699925539836177,-0.07873594001071249,0.6056457839839813,0.00011135857461024499,0.5,-0.06206703103805156,0.491205636668227,0.8043060242922598,0.43894717211002904,0.18531503686246756,0.2712856647102313
2021-04-06 00:50:00,0.34309623430962344,0.01195219123505975,0.005212211466865124,-0.08123549366184613,0.61194068916779,0.00011135857461024499,0.5,-0.06206703103805156,0.491205636668227,0.8043060242922598,0.43894717211002904,0.18531503686246756,0.22679059100442084
2021-04-06 01:00:00,0.3898186889818689,-0.03585657370517936,0.005212211466865124,-0.08123549366184613,0.6056850453468742,0.00011135857461024499,0.5,-0.09962180931838638,0.4992370843115249,0.9295405511620802,0.4284307473044497,0.18788283743053832,0.27751708737571107
2021-04-06 01:10:00,0.4463040446304045,-0.043824701195219196,0.005212211466865124,-0.08123549366184613,0.6056850453468742,0.00011135857461024499,0.5,-0.09962180931838638,0.4992370843115249,0.9295405511620802,0.4284307473044497,0.18788283743053832,0.3574467764081054
2021-04-06 01:20:00,0.4295676429567643,-0.24302788844621515,0.00431868950111669,-0.08123549366184613,0.6056850453468742,0.00011135857461024499,0.5,-0.09962180931838638,0.4992370843115249,0.9295405511620802,0.4284307473044497,0.18788283743053832,0.3398539463162183
2021-04-06 01:30:00,0.402370990237099,0.38645418326693215,0.0007446016381233989,-0.08659168005713269,0.6056850453468742,0.00011135857461024499,0.5,-0.09962180931838638,0.4992370843115249,0.9295405511620802,0.4284307473044497,0.18788283743053832,0.31624092822547795
2021-04-06 01:40:00,0.39191073919107394,0.2350597609561753,-0.0025316455696204887,-0.09194786645241915,0.6056850453468742,0.00011135857461024499,0.5,-0.09962180931838638,0.4992370843115249,0.9295405511620802,0.4284307473044497,0.18788283743053832,0.29371425984881633
2021-04-06 01:50:00,0.41352859135285913,-0.20318725099601598,-0.00551005212211475,-0.09194786645241915,0.5995602727356009,0.00011135857461024499,0.5,-0.09962180931838638,0.4992370843115249,0.9295405511620802,0.4284307473044497,0.18788283743053832,0.32308342260512696
2021-04-06 02:00:00,0.4337517433751743,-0.059760956175298974,-0.011169024571854091,-0.09194786645241915,0.5944039470756829,0.00011135857461024499,0.5,-0.10764863053882257,0.5048375463711935,0.9627497461498281,0.43995612659427635,0.17982423013755386,0.3526411877423541
2021-04-06 02:10:00,0.47280334728033474,-0.17131474103585675,-0.015636634400595817,-0.09337618282449556,0.5944039470756829,0.00011135857461024499,0.5,-0.10764863053882257,0.5048375463711935,0.9627497461498281,0.43995612659427635,0.17982423013755386,0.4349548108695324
2021-04-06 02:20:00,0.509065550906555,-0.21115537848605592,-0.02069992553983646,-0.09337618282449556,0.5902291554880842,0.00011135857461024499,0.5,-0.10764863053882257,0.5048375463711935,0.9627497461498281,0.43995612659427635,0.17982423013755386,0.494681412858156
2021-04-06 02:30:00,0.4602510460251046,0.3705179282868525,-0.02635889798957569,-0.09694697375468664,0.5832275457722055,0.00011135857461024499,0.5,-0.10764863053882257,0.5048375463711935,0.9627497461498281,0.43995612659427635,0.17982423013755386,0.4010667350664635
2021-04-06 02:40:00,0.4470013947001395,0.2749003984063745,-0.030528667163067902,-0.09908944831280142,0.5832275457722055,0.00011135857461024499,0.5,-0.10764863053882257,0.5048375463711935,0.9627497461498281,0.43995612659427635,0.17982423013755386,0.3825158048795208
2021-04-06 02:50:00,0.4386331938633194,-0.21912350597609564,-0.027550260610573418,-0.09266202463845752,0.5832275457722055,0.00011135857461024499,0.5,-0.10764863053882257,0.5048375463711935,0.9627497461498281,0.43995612659427635,0.17982423013755386,0.38165577802254175
2021-04-06 03:00:00,0.4225941422594142,-0.19521912350597614,-0.025167535368577965,-0.0862346009641134,0.5832275457722055,0.00011135857461024499,0.5,-0.11335474379324029,0.5109494923952689,0.9658539339706758,0.4723593507942547,0.167178443018699,0.35375771383737953
2021-04-06 03:10:00,0.41283124128312415,-0.2270916334661356,-0.023082650781831915,-0.07695054454561678,0.5832275457722055,0.00011135857461024499,0.5,-0.11335474379324029,0.5109494923952689,0.9689581217915234,0.4723593507942547,0.167178443018699,0.3431658041251113
2021-04-06 03:20:00,0.42677824267782427,-0.21115537848605592,-0.02338049143708132,-0.07409391180146396,0.5832275457722055,0.00011135857461024499,0.5,-0.11335474379324029,0.5109494923952689,0.972062309612371,0.4723593507942547,0.167178443018699,0.36260693754997964
2021-04-06 03:30:00,0.4588563458856346,-0.12350597609561753,-0.024571854058079046,-0.07659346545259771,0.5832275457722055,0.00011135857461024499,0.5,-0.11335474379324029,0.5109494923952689,0.9751664974332188,0.4723593507942547,0.167178443018699,0.4369841724881935
2021-04-06 03:40:00,0.48326359832635984,-0.08366533864541836,-0.03172002978406563,-0.08337796821996057,0.5832275457722055,0.00011135857461024499,0.5,-0.11335474379324029,0.5109494923952689,0.9782706852540665,0.4723593507942547,0.167178443018699,0.46782443381565253
2021-04-06 03:50:00,0.4595536959553696,0.043824701195219085,-0.0385703648548027,-0.09409034101053393,0.5832275457722055,0.00011135857461024499,0.5,-0.11335474379324029,0.5109494923952689,0.9813748730749141,0.4723593507942547,0.167178443018699,0.45246465591381624
2021-04-06 04:00:00,0.4923291492329149,0.298804780876494,-0.0424422933730455,-0.10158900196393505,0.5857010116344504,0.00011135857461024499,0.5,-0.1786033260367892,0.5094351550399846,0.9844790608957616,0.48559030616218807,0.1652938105118205,0.46783952200612583
2021-04-06 04:10:00,0.44002789400278935,-0.02788844621513953,-0.0424422933730455,-0.1008748437778968,0.5944039470756829,0.00011135857461024499,0.5,-0.1786033260367892,0.5094351550399846,0.9875832487166093,0.48559030616218807,0.1652938105118205,0.38526185554566444
2021-04-06 04:20:00,0.44002789400278935,-0.06772908366533881,-0.0424422933730455,-0.09908944831280142,0.5944039470756829,0.00011135857461024499,0.5,-0.1786033260367892,0.5094351550399846,0.9906874365374572,0.48559030616218807,0.1652938105118205,0.40577425049413823
2021-04-06 04:30:00,0.44002789400278935,0.3306772908366533,-0.04482501861504107,-0.1008748437778968,0.5944039470756829,0.00011135857461024499,0.5,-0.1786033260367892,0.5094351550399846,0.9937916243583048,0.48559030616218807,0.1652938105118205,0.3792190352611012
2021-04-06 04:40:00,0.4923291492329149,0.346613545816733,-0.04542069992553999,-0.10551687198714521,0.5980683409456754,0.00011135857461024499,0.5,-0.1786033260367892,0.5094351550399846,0.9968958121791524,0.48559030616218807,0.1652938105118205,0.4702234561009098
2021-04-06 04:50:00,0.48326359832635984,-0.33864541832669326,-0.04542069992553999,-0.10515979289412591,0.6056457839839813,0.00011135857461024499,0.5,-0.1786033260367892,0.5094351550399846,1.0,0.48559030616218807,0.1652938105118205,0.45597266019886235
2021-04-06 05:00:00,0.4755927475592748,-0.2509960159362551,-0.04542069992553999,-0.10158900196393505,0.5990237007760663,0.00011135857461024499,0.5,-0.1699006711642197,0.5192596700641083,0.9993561646945168,0.4902675605839698,0.16633809838720287,0.44833049172412753
2021-04-06 05:10:00,0.4714086471408647,0.09163346613545809,-0.04542069992553999,-0.10266023924299217,0.5943777728337543,0.00011135857461024499,0.5,-0.1699006711642197,0.5192596700641083,0.9987123293890336,0.4902675605839698,0.16633809838720287,0.4566440846749249
2021-04-06 05:20:00,0.4588563458856346,0.3784860557768923,-0.04542069992553999,-0.10266023924299217,0.5943777728337543,0.00011135857461024499,0.5,-0.1699006711642197,0.5192596700641083,0.9980683672694269,0.4902675605839698,0.16633809838720287,0.42123210163405106
2021-04-06 05:30:00,0.4170153417015342,0.10756972111553775,-0.04214445271779621,-0.1008748437778968,0.5943777728337543,0.00011135857461024499,0.5,-0.1699006711642197,0.5192596700641083,0.9974245319639438,0.4902675605839698,0.16633809838720287,0.35048357650466977
2021-04-06 05:40:00,0.4225941422594142,0.38645418326693215,-0.03946388682055113,-0.09337618282449556,0.5947311250997893,0.00011135857461024499,0.5,-0.1699006711642197,0.5192596700641083,0.9967806966584606,0.4902675605839698,0.16633809838720287,0.3320986164129336
2021-04-06 05:50:00,0.45397489539748953,-0.3944223107569722,-0.03618763961280724,-0.09016247098732377,0.6056065226210886,0.00011135857461024499,0.5,-0.1699006711642197,0.5192596700641083,0.9961368613529774,0.4902675605839698,0.16633809838720287,0.37857778716598517
2021-04-06 06:00:00,0.43165969316596936,0.2111553784860556,-0.03469843633656011,-0.0894483128012854,0.5944693826805041,0.00011135857461024499,0.5,-0.1816161773156968,0.5424316177548156,0.9954928992333706,0.4948389471113919,0.17566372010595763,0.36197323355010036
2021-04-06 06:10:00,0.43584379358437936,0.2669322709163344,-0.032911392405063356,-0.08909123370826644,0.5943777728337543,0.00011135857461024499,0.5,-0.1816161773156968,0.5424316177548156,0.9948490639278874,0.4948389471113919,0.17566372010595763,0.36732199707289104
2021-04-06 06:20:00,0.4609483960948396,0.29083665338645415,-0.03469843633656011,-0.09087662917336181,0.599363965921137,0.00011135857461024499,0.5,-0.1816161773156968,0.5424316177548156,0.9942052286224042,0.4948389471113919,0.17566372010595763,0.4014288516378231
2021-04-06 06:30:00,0.4504881450488145,-0.3705179282868527,-0.040357408786299453,-0.09801821103374397,0.6038397612909135,0.00011135857461024499,0.5,-0.1816161773156968,0.5424316177548156,0.9935612665027975,0.4948389471113919,0.17566372010595763,0.38000362116571357
2021-04-06 06:40:00,0.40585774058577406,0.1633466135458166,-0.03469843633656011,-0.08873415461524714,0.5999005378806715,0.00011135857461024499,0.5,-0.1816161773156968,0.5424316177548156,0.9929174311973143,0.4948389471113919,0.17566372010595763,0.3093531692744089
2021-04-06 06:50:00,0.37099023709902373,-0.33864541832669326,-0.03410275502606119,-0.08409212640599895,0.6056457839839813,0.00011135857461024499,0.5,-0.1816161773156968,0.5424316177548156,0.9922735958918312,0.4948389471113919,0.17566372010595763,0.23960046471626661
2021-04-06 07:00:00,0.33891213389121344,-0.33864541832669326,-0.03320923306031276,-0.0798071772897695,0.6024132651058094,0.00011135857461024499,0.5,-0.18154290057810907,0.5561526061257392,0.9916296337722244,0.5294613287280667,0.17510957491251666,0.19810794091464612
2021-04-06 07:10:00,0.3493723849372385,0.36254980079681287,-0.028741623231571256,-0.07623638635957874,0.5943777728337543,0.00011135857461024499,0.5,-0.18154290057810907,0.5561526061257392,0.9909857984667412,0.5294613287280667,0.17510957491251666,0.22421051043348372
2021-04-06 07:20:00,0.4065550906555091,-0.21115537848605592,-0.041250930752047776,-0.1008748437778968,0.6053971286856604,0.00011135857461024499,0.5,-0.18154290057810907,0.5561526061257392,0.990341963161258,0.5294613287280667,0.17510957491251666,0.2903043288018468
2021-04-06 07:30:00,0.4205020920502092,-0.33067729083665354,-0.0424422933730455,-0.10266023924299217,0.6056457839839813,0.00011135857461024499,0.5,-0.18154290057810907,0.5561526061257392,0.9896980898115378,0.5294613287280667,0.17510957491251666,0.3232192163193868
2021-04-06 07:40:00,0.4246861924686192,-0.3784860557768924,-0.03916604616530173,-0.10266023924299217,0.6056457839839813,0.00011135857461024499,0.5,-0.18154290057810907,0.5561526061257392,0.9890541657361681,0.5294613287280667,0.17510957491251666,0.32484119679526835
2021-04-06 07:50:00,0.44002789400278935,-0.21912350597609564,-0.03678332092330627,-0.1037314765220495,0.6056457839839813,0.00011135857461024499,0.5,-0.18154290057810907,0.5561526061257392,0.9884103304306849,0.5294613287280667,0.17510957491251666,0.3441012719344569
2021-04-06 08:00:00,0.4211994421199442,0.003984063745019917,-0.034996276991809516,-0.10266023924299217,0.6056457839839813,0.00011135857461024499,0.5,-0.17622561764084932,0.5795256991957053,0.9877664951252018,0.5485091869628202,0.1847320594033059,0.3376737027928241
2021-04-06 08:10:00,0.43654114365411434,-0.003984063745020028,-0.03350707371556216,-0.10266023924299217,0.6056457839839813,0.00011135857461024499,0.5,-0.17622561764084932,0.5795256991957053,0.9871225330055949,0.5485091869628202,0.1847320594033059,0.3782684792612822
2021-04-06 08:20:00,0.48117154811715485,0.043824701195219085,-0.029337304542070175,-0.10266023924299217,0.6056457839839813,0.00011135857461024499,0.5,-0.17622561764084932,0.5795256991957053,0.9864786977001118,0.5485091869628202,0.1847320594033059,0.4619702159120057
2021-04-06 08:30:00,0.47419804741980476,0.07569721115537842,-0.027550260610573418,-0.09801821103374397,0.6056457839839813,0.00011135857461024499,0.5,-0.17622561764084932,0.5795256991957053,0.9858348623946286,0.5485091869628202,0.1847320594033059,0.4528644929613591
2021-04-06 08:40:00,0.4344490934449094,0.14741035856573692,-0.027550260610573418,-0.09551865738261023,0.6056457839839813,0.00011135857461024499,0.5,-0.17622561764084932,0.5795256991957053,0.985190976363496,0.5485091869628202,0.1847320594033059,0.3849978122123814
2021-04-06 08:50:00,0.4428172942817294,0.12350597609561742,-0.0269545793000745,-0.09409034101053393,0.6056457839839813,0.00011135857461024499,0.5,-0.17622561764084932,0.5795256991957053,0.9845470649695387,0.5485091869628202,0.1847320594033059,0.39402055011542464
2021-04-06 09:00:00,0.4225941422594142,0.05976095617529875,-0.024571854058079046,-0.09159078735940018,0.6056457839839813,0.00011135857461024499,0.5,-0.16178022782161305,0.5979075133546162,0.9839032296640555,0.5565491347949768,0.20636096223137104,0.35584742821793386
2021-04-06 09:10:00,0.399581589958159,0.027888446215139417,-0.018912881608339704,-0.09159078735940018,0.612045386135504,0.00011135857461024499,0.5,-0.16178022782161305,0.5979075133546162,0.9839032296640555,0.5565491347949768,0.20636096223137104,0.30788207070326057
2021-04-06 09:20:00,0.46443514644351463,-0.10756972111553798,-0.009977661950856476,-0.08694875915015177,0.6169268822551727,0.00011135857461024499,0.5,-0.16178022782161305,0.5979075133546162,0.9839032296640555,0.5565491347949768,0.20636096223137104,0.43939073886868746
2021-04-06 09:30:00,0.4428172942817294,0.13147410358565725,-0.0016381236038721658,-0.08123549366184613,0.6169268822551727,0.00011135857461024499,0.5,-0.16178022782161305,0.5979075133546162,0.9839032296640555,0.5565491347949768,0.20636096223137104,0.4066342773511173
2021-04-06 09:40:00,0.4755927475592748,0.05976095617529875,0.006701414743112366,-0.0751651490805213,0.6216905942861629,0.00011135857461024499,0.5,-0.16178022782161305,0.5979075133546162,0.9839032296640555,0.5565491347949768,0.20636096223137104,0.4523439503900298
2021-04-06 09:50:00,0.5432357043235705,-0.09960159362549814,0.015040953090096565,-0.06552401356900539,0.6281818062844354,0.00011135857461024499,0.5,-0.16178022782161305,0.5979075133546162,0.9839032296640555,0.5565491347949768,0.20636096223137104,0.6321574603557796
2021-04-06 10:00:00,0.5641562064156206,-0.14741035856573714,0.02308265078183136,-0.05623995715050878,0.6281818062844354,0.00011135857461024499,0.5,0.058622157191109414,0.5950225139149516,0.7553775846145048,0.6700499144809184,0.2551901130025276,0.6993753489144047
2021-04-06 10:10:00,0.603905160390516,0.12350597609561742,0.03172002978406541,-0.04981253347616499,0.6330633024041041,0.000556792873051225,0.5,0.058622157191109414,0.5950225139149516,0.7553775846145048,0.6700499144809184,0.2551901130025276,0.773541349185992
2021-04-06 10:20:00,0.597629009762901,-0.13147410358565736,0.0352941176470587,-0.04159971433672538,0.6381934538220936,0.00011135857461024499,0.5,0.058622157191109414,0.5950225139149516,0.7553775846145048,0.6700499144809184,0.2551901130025276,0.7277788674804231
2021-04-06 10:30:00,0.5955369595536959,-0.07569721115537853,0.04244229337304528,-0.03088734154615247,0.637957885644737,0.00033407572383073496,0.5,0.058622157191109414,0.5950225139149516,0.7553775846145048,0.6700499144809184,0.2551901130025276,0.7314377536702024
2021-04-06 10:40:00,0.5913528591352859,0.17131474103585642,0.051079672375279106,-0.023031601499732157,0.6291633403567549,0.00033407572383073496,0.5,0.058622157191109414,0.5950225139149516,0.7553775846145048,0.6700499144809184,0.2551901130025276,0.7486081144288366
2021-04-06 10:50:00,0.5474198047419805,-0.06772908366533881,0.05852568875651509,-0.01267630780217821,0.6352750258470639,0.00022271714922048998,0.5,0.058622157191109414,0.5950225139149516,0.7553775846145048,0.6700499144809184,0.2551901130025276,0.6249453053095342
2021-04-06 11:00:00,0.5571827057182706,0.06772908366533859,0.0656738644825019,0.001963935011605189,0.6306552721466804,0.0008908685968819599,0.5,0.0686785472594933,0.5937524245201986,0.7216488321623951,0.675294805249008,0.2834915708787387,0.6530168836851397
2021-04-06 11:10:00,0.5341701534170153,0.2749003984063745,0.07580044676098274,0.009462595965006315,0.6300794388242531,0.00033407572383073496,0.5,0.0686785472594933,0.5937524245201986,0.7216488321623951,0.675294805249008,0.2834915708787387,0.5970774175053186
2021-04-06 11:20:00,0.4874476987447699,0.03585657370517925,0.08652271034996262,0.019103731476522112,0.6438340029576893,0.00022271714922048998,0.5,0.0686785472594933,0.5937524245201986,0.7216488321623951,0.675294805249008,0.2834915708787387,0.49823468171462193
2021-04-06 11:30:00,0.5320781032078103,-0.05179282868525903,0.09635145197319428,0.03517229066238192,0.6448286241509731,0.00011135857461024499,0.5,0.0686785472594933,0.5937524245201986,0.7216488321623951,0.675294805249008,0.2834915708787387,0.5788357952230789
2021-04-06 11:40:00,0.5306834030683404,-0.01195219123505975,0.10439314966492907,0.04231387252276364,0.6356676394759917,0.00044543429844097997,0.5,0.0686785472594933,0.5937524245201986,0.7216488321623951,0.675294805249008,0.2834915708787387,0.6141044404544563
2021-04-06 11:50:00,0.5585774058577406,-0.01195219123505975,0.11392405063291133,0.04874129619710765,0.6445145332478308,0.00022271714922048998,0.5,0.0686785472594933,0.5937524245201986,0.7216488321623951,0.675294805249008,0.2834915708787387,0.6356051118789323
2021-04-06 12:00:00,0.6101813110181311,-0.003984063745020028,0.11868950111690246,0.05195500803427966,0.6596825064454072,0.00022271714922048998,0.5,0.07421569376260528,0.5832784972716054,0.6768078653162992,0.6267447743440541,0.2893651633673852,0.7573517208081235
2021-04-06 12:10:00,0.5160390516039052,0.07569721115537842,0.12553983618763942,0.06195322263881464,0.6441611809817959,0.00022271714922048998,0.5,0.07421569376260528,0.5832784972716054,0.6768078653162992,0.6267447743440541,0.2893651633673852,0.5602773209408995
2021-04-06 12:20:00,0.5362622036262203,-0.07569721115537853,0.13298585256887563,0.07266559542938755,0.6546570519951316,0.00022271714922048998,0.5,0.07421569376260528,0.5832784972716054,0.6768078653162992,0.6267447743440541,0.2893651633673852,0.5926490336014002
2021-04-06 12:30:00,0.496513249651325,0.1633466135458166,0.13804914370811594,0.08552044277807536,0.651293661907317,0.00011135857461024499,0.5,0.07421569376260528,0.5832784972716054,0.6768078653162992,0.6267447743440541,0.2893651633673852,0.5009656441902922
2021-04-06 12:40:00,0.49581589958159,-0.019920318725099695,0.14609084139985096,0.09337618282449567,0.6629411995655077,0.00022271714922048998,0.5,0.07421569376260528,0.5832784972716054,0.6768078653162992,0.6267447743440541,0.2893651633673852,0.5134284895212518
2021-04-06 12:50:00,0.40794979079497906,-0.17131474103585675,0.15413253909158597,0.09694697375468664,0.6422111999581213,0.00044543429844097997,0.5,0.07421569376260528,0.5832784972716054,0.6768078653162992,0.6267447743440541,0.2893651633673852,0.30669764775110525
2021-04-06 13:00:00,0.43235704323570434,0.1633466135458166,0.16396128071481741,0.10980182110337444,0.6541597413984898,0.00022271714922048998,0.5,0.21698416028427503,0.5728275580663608,0.4460977201737303,0.5639561264228626,0.2935886372253367,0.3783740965945954
2021-04-06 13:10:00,0.35495118549511856,0.09960159362549792,0.16962025316455676,0.10515979289412614,0.6523144573425292,0.00011135857461024499,0.5,0.21698416028427503,0.5728275580663608,0.4460977201737303,0.5639561264228626,0.2935886372253367,0.24415709823920817
2021-04-06 13:20:00,0.3437935843793584,-0.15537848605577698,0.17915115413253901,0.10908766291733629,0.6489772414966432,0.00011135857461024499,0.5,0.21698416028427503,0.5728275580663608,0.4460977201737303,0.5639561264228626,0.2935886372253367,0.22738657452811686
2021-04-06 13:30:00,0.3326359832635983,-0.4103585657370519,0.1862993298585256,0.12015711480092839,0.6479957074243237,0.00011135857461024499,0.5,0.21698416028427503,0.5728275580663608,0.4460977201737303,0.5639561264228626,0.2935886372253367,0.20084644748555308
2021-04-06 13:40:00,0.2838214783821479,0.3227091633466135,0.19612807148175704,0.13015532940546337,0.6203033594639515,0.00011135857461024499,0.5,0.21698416028427503,0.5728275580663608,0.4460977201737303,0.5639561264228626,0.2935886372253367,0.16156434358827346
2021-04-06 13:50:00,0.20711297071129708,-0.38645418326693237,0.20416976917349206,0.13229780396357804,0.6426954234337988,0.00011135857461024499,0.5,0.21698416028427503,0.5728275580663608,0.4460977201737303,0.5639561264228626,0.2935886372253367,0.08054076074656367
2021-04-06 14:00:00,0.2398884239888424,0.2828685258964143,0.21191362620997745,0.13836814854490287,0.6171886246744579,0.00022271714922048998,0.5,0.22127546883604055,0.5535348426899461,0.40497266077716515,0.49572856289320133,0.30164287748361573,0.12837032454697708
2021-04-06 14:10:00,0.2482566248256625,0.4422310756972112,0.2214445271779597,0.142653097661132,0.6388478098703065,0.00022271714922048998,0.5,0.22127546883604055,0.5535348426899461,0.40497266077716515,0.49572856289320133,0.30164287748361573,0.10755616578903691
2021-04-06 14:20:00,0.30264993026499304,-0.5936254980079682,0.22710349962769927,0.14979467952151415,0.6444098362801167,0.00022271714922048998,0.5,0.22127546883604055,0.5535348426899461,0.40497266077716515,0.49572856289320133,0.30164287748361573,0.17929296739442038
2021-04-06 14:30:00,0.3633193863319386,0.49800796812749004,0.2300819061801933,0.14765220496339948,0.6657025820889662,0.00022271714922048998,0.5,0.22127546883604055,0.5535348426899461,0.40497266077716515,0.49572856289320133,0.30164287748361573,0.24526608023899696
2021-04-06 14:40:00,0.2615062761506276,0.08366533864541825,0.23067758749069234,0.1376539903588645,0.6741045137480206,0.00022271714922048998,0.5,0.22127546883604055,0.5535348426899461,0.40497266077716515,0.49572856289320133,0.30164287748361573,0.13385488178402766
2021-04-06 14:50:00,0.33751743375174337,0.2749003984063745,0.23633655994043168,0.1408677021960365,0.6502728664721048,0.00022271714922048998,0.5,0.22127546883604055,0.5535348426899461,0.40497266077716515,0.49572856289320133,0.30164287748361573,0.23279569081280083
2021-04-06 15:00:00,0.21617852161785217,-0.7609561752988048,0.23812360387192832,0.1537225495447243,0.6707018622973132,0.00022271714922048998,0.5,0.22363686757122458,0.5416184157215227,0.3744558564474266,0.42689533736704643,0.3071567281248006,0.06226141798814069
2021-04-06 15:10:00,0.197350069735007,0.49800796812749004,0.24616530156366334,0.17050526691662204,0.6609781314208688,0.00022271714922048998,0.5,0.22363686757122458,0.5416184157215227,0.3744558564474266,0.42689533736704643,0.3071567281248006,0.05854972313170482
2021-04-06 15:20:00,0.18688981868898188,-0.6175298804780878,0.2512285927029039,0.18835922156757734,0.6387431129025926,0.03162583518930957,0.5,0.22363686757122458,0.5416184157215227,0.3744558564474266,0.42689533736704643,0.3071567281248006,0.007076361331985455
2021-04-06 15:30:00,0.20781032078103207,-0.17131474103585675,0.2524199553239015,0.17550437421888954,0.6090876967975815,0.010579064587973273,0.5,0.22363686757122458,0.5416184157215227,0.3744558564474266,0.42689533736704643,0.3071567281248006,0.03831645970698734
2021-04-06 15:40:00,0.2914923291492329,0.2828685258964143,0.26939687267311974,0.20121406891626492,0.6893248354294539,0.3510022271714922,0.5,0.22363686757122458,0.5416184157215227,0.3744558564474266,0.42689533736704643,0.3071567281248006,0.08391297131734991
2021-04-06 15:50:00,0.24198047419804744,-0.19521912350597614,0.29650037230081905,0.2287091590787358,0.6507963513106751,0.00011135857461024499,0.5,0.22363686757122458,0.5416184157215227,0.3744558564474266,0.42689533736704643,0.3071567281248006,0.08504458560284865
2021-04-06 16:00:00,0.31311018131101814,0.2350597609561753,0.30900967982129557,0.2572754865202642,0.6830430173666094,0.00011135857461024499,0.5,0.27338967114854373,0.520526885953445,0.28516222760167736,0.38608292958140666,0.30626062766391143,0.16689801892059086
2021-04-06 16:10:00,0.20223152022315202,-0.03585657370517936,0.28488458674609074,0.21264059989287643,0.655036578503095,0.00033407572383073496,0.5,0.27338967114854373,0.520526885953445,0.28516222760167736,0.38608292958140666,0.30626062766391143,0.0722573441767129
2021-04-06 16:20:00,0.2294281729428173,-0.21115537848605592,0.2762472077438567,0.18585966791644348,0.652406067189279,0.023496659242761692,0.5,0.27338967114854373,0.520526885953445,0.28516222760167736,0.38608292958140666,0.30626062766391143,0.05783303408422228
2021-04-06 16:30:00,0.19595536959553697,0.003984063745019917,0.2762472077438567,0.1697911087305839,0.642499116619335,0.00011135857461024499,0.5,0.27338967114854373,0.520526885953445,0.28516222760167736,0.38608292958140666,0.30626062766391143,0.06825142960604735
2021-04-06 16:40:00,0.22733612273361226,-0.14741035856573714,0.2768428890543557,0.1647920014283164,0.6424598552564421,0.00011135857461024499,0.5,0.27338967114854373,0.520526885953445,0.28516222760167736,0.38608292958140666,0.30626062766391143,0.10355025121837137
2021-04-06 16:50:00,0.29358437935843795,-0.4103585657370519,0.2765450483991063,0.15800749866095343,0.6435722605384041,0.00011135857461024499,0.5,0.27338967114854373,0.520526885953445,0.28516222760167736,0.38608292958140666,0.30626062766391143,0.14217601883006173
2021-04-06 17:00:00,0.26429567642956764,0.3545816733067728,0.27356664184661184,0.16443492233529722,0.6073601968302993,0.30077951002227177,0.5,0.2728848054330848,0.5135212797443731,0.2718864374450657,0.3995909225144008,0.3035938657990745,0.0
2021-04-06 17:10:00,0.2782426778242678,-0.05179282868525903,0.28935219657483224,0.20121406891626492,0.6621821465495805,0.06403118040089087,0.5,0.2728848054330848,0.5135212797443731,0.2718864374450657,0.3995909225144008,0.3035938657990745,0.11292001750230096
2021-04-06 17:20:00,0.33751743375174337,-0.043824701195219196,0.3003723008190615,0.21799678628816288,0.6444621847639739,0.00011135857461024499,0.5,0.2728848054330848,0.5135212797443731,0.2718864374450657,0.3995909225144008,0.3035938657990745,0.19920937881919823
2021-04-06 17:30:00,0.29009762900976294,0.003984063745019917,0.2830975428145941,0.19264417068380646,0.6629411995655077,0.00011135857461024499,0.5,0.2728848054330848,0.5135212797443731,0.2718864374450657,0.3995909225144008,0.3035938657990745,0.16866333720596888
2021-04-06 17:40:00,0.2880055788005579,0.25099601593625476,0.27743857036485475,0.17407605784681324,0.6658334532986088,0.00011135857461024499,0.5,0.2728848054330848,0.5135212797443731,0.2718864374450657,0.3995909225144008,0.3035938657990745,0.1803265084418426
2021-04-06 17:50:00,0.4707112970711297,-0.21115537848605592,0.2789277736411018,0.1637207641492593,0.6648257449843609,0.00011135857461024499,0.5,0.2728848054330848,0.5135212797443731,0.2718864374450657,0.3995909225144008,0.3035938657990745,0.43392881391734694
2021-04-06 18:00:00,0.33054393305439334,0.15537848605577675,0.2762472077438567,0.1637207641492593,0.6573268246718404,0.00011135857461024499,0.5,0.22440232097479074,0.4895045214607748,0.25857945101405017,0.4710189059415539,0.31006073868101386,0.20661013624636
2021-04-06 18:10:00,0.38702928870292885,-0.06772908366533881,0.27416232315711087,0.1651490805213356,0.6385206318462001,0.00011135857461024499,0.5,0.22440232097479074,0.4895045214607748,0.25857945101405017,0.4710189059415539,0.31006073868101386,0.28109298851788705
2021-04-06 18:20:00,0.33403068340306835,-0.12350597609561753,0.26641846612062525,0.16264952687020195,0.6318200259124994,0.00011135857461024499,0.5,0.22440232097479074,0.4895045214607748,0.25857945101405017,0.4710189059415539,0.31006073868101386,0.21844682167267682
2021-04-06 18:30:00,0.4211994421199442,0.2111553784860556,0.26224869694713293,0.15443670773076223,0.646242033215113,0.00011135857461024499,0.5,0.22440232097479074,0.4895045214607748,0.25857945101405017,0.4710189059415539,0.31006073868101386,0.36892888935829926
2021-04-06 18:40:00,0.296373779637378,-0.0916334661354582,0.2598659717051375,0.15229423317264779,0.6464906885134339,0.00011135857461024499,0.5,0.22440232097479074,0.4895045214607748,0.25857945101405017,0.4710189059415539,0.31006073868101386,0.17369524872881997
2021-04-06 18:50:00,0.36401673640167365,0.06772908366533859,0.2577810871183914,0.1505088377075523,0.6492520710368926,0.00011135857461024499,0.5,0.22440232097479074,0.4895045214607748,0.25857945101405017,0.4710189059415539,0.31006073868101386,0.2507204610951009
2021-04-06 19:00:00,0.39051603905160387,0.003984063745019917,0.255398361876396,0.14908052133547578,0.6507047414639254,0.00011135857461024499,0.5,0.21897103717768807,0.506892102745062,0.24675999425278394,0.5488557031588079,0.2998238585894853,0.28955746337341765
2021-04-06 19:10:00,0.3138075313807531,0.09163346613545809,0.2530156366344005,0.14443849312622747,0.6423551582887281,0.00011135857461024499,0.5,0.21897103717768807,0.506892102745062,0.24675999425278394,0.5488557031588079,0.2998238585894853,0.18580352158365648
2021-04-06 19:20:00,0.37796373779637377,-0.19521912350597614,0.2491437081161576,0.14193893947509362,0.6484799309000013,0.00011135857461024499,0.5,0.21897103717768807,0.506892102745062,0.24675999425278394,0.5488557031588079,0.2998238585894853,0.27624967937595246
2021-04-06 19:30:00,0.38772663877266383,0.2589641434262948,0.2443782576321667,0.1376539903588645,0.6330633024041041,0.00011135857461024499,0.5,0.21897103717768807,0.506892102745062,0.24675999425278394,0.5488557031588079,0.2998238585894853,0.2860041945169516
2021-04-06 19:40:00,0.4211994421199442,-0.09960159362549814,0.23871928518242735,0.13229780396357804,0.6474198741018964,0.00011135857461024499,0.5,0.21897103717768807,0.506892102745062,0.24675999425278394,0.5488557031588079,0.2998238585894853,0.3459420311722015
2021-04-06 19:50:00,0.45536959553695955,0.08366533864541825,0.23454951600893525,0.13372612033565434,0.6478255748517884,0.00011135857461024499,0.5,0.21897103717768807,0.506892102745062,0.24675999425278394,0.5488557031588079,0.2998238585894853,0.4174600540157219
2021-04-06 20:00:00,0.4602510460251046,0.1633466135458166,0.22829486224869666,0.1219425102660241,0.6474722225857533,0.00011135857461024499,0.5,0.22314017336268832,0.4984267557836484,0.2563921610103129,0.5153664334809697,0.29143362063719175,0.3928361271632693
2021-04-06 20:10:00,0.3898186889818689,-0.019920318725099695,0.22352941176470575,0.11658632387073742,0.6459933779167921,0.00011135857461024499,0.5,0.22314017336268832,0.4984267557836484,0.2563921610103129,0.5153664334809697,0.29143362063719175,0.3047739034657574
2021-04-06 20:20:00,0.3284518828451883,-0.24302788844621515,0.2178704393149664,0.12087127298696676,0.6450903665702581,0.00011135857461024499,0.5,0.22314017336268832,0.4984267557836484,0.2563921610103129,0.5153664334809697,0.29143362063719175,0.20108785853312613
2021-04-06 20:30:00,0.301952580195258,0.12350597609561742,0.2142963514519729,0.11051597928941259,0.6416353666356938,0.00011135857461024499,0.5,0.22314017336268832,0.4984267557836484,0.2563921610103129,0.5153664334809697,0.29143362063719175,0.1693121293963215
2021-04-06 20:40:00,0.2615062761506276,0.019920318725099362,0.2101265822784808,0.1026602392429925,0.6416353666356938,0.00011135857461024499,0.5,0.22314017336268832,0.4984267557836484,0.2563921610103129,0.5153664334809697,0.29143362063719175,0.1279855756899075
2021-04-06 20:50:00,0.3437935843793584,-0.4581673306772909,0.20476545048399108,0.1008748437778968,0.6402219575715539,0.00011135857461024499,0.5,0.22314017336268832,0.4984267557836484,0.2563921610103129,0.5153664334809697,0.29143362063719175,0.2097560239600465
2021-04-06 21:00:00,0.3451882845188285,0.4501992031872508,0.20178704393149638,0.09373326191751485,0.6277630184135793,0.00011135857461024499,0.5,0.2095334803315163,0.5067139454091435,0.316903168666462,0.5349145921032614,0.2800554839928753,0.2354210359551579
2021-04-06 21:10:00,0.3403068340306834,0.49800796812749004,0.20059568131049876,0.0848062845920372,0.6277630184135793,0.00011135857461024499,0.5,0.2095334803315163,0.5067139454091435,0.316903168666462,0.5349145921032614,0.2800554839928753,0.2252666837666159
2021-04-06 21:20:00,0.3668061366806137,0.06772908366533859,0.19612807148175704,0.07980717728976972,0.6327230372590334,0.00011135857461024499,0.5,0.2095334803315163,0.5067139454091435,0.316903168666462,0.5349145921032614,0.2800554839928753,0.24934743576202906
2021-04-06 21:30:00,0.4205020920502092,-0.14741035856573714,0.19374534623976158,0.07945009819675053,0.627854628260329,0.00011135857461024499,0.5,0.2095334803315163,0.5067139454091435,0.316903168666462,0.5349145921032614,0.2800554839928753,0.33079348793699176
2021-04-06 21:40:00,0.36610878661087864,-0.05179282868525903,0.18868205510052105,0.07873594001071238,0.6025833976783448,0.00011135857461024499,0.5,0.2095334803315163,0.5067139454091435,0.316903168666462,0.5349145921032614,0.2800554839928753,0.2380388370022783
2021-04-06 21:50:00,0.3765690376569038,-0.20318725099601598,0.18421444527177955,0.07516514908052141,0.6028844014605227,0.00011135857461024499,0.5,0.2095334803315163,0.5067139454091435,0.316903168666462,0.5349145921032614,0.2800554839928753,0.2499735956666717
2021-04-06 22:00:00,0.41631799163179917,0.2589641434262948,0.18212956068503328,0.07230851633636859,0.5961576212848935,0.00011135857461024499,0.5,0.10867620587261162,0.5196188582413577,0.4550880806517536,0.5375618047884675,0.26063767174566815,0.3194773450820043
2021-04-06 22:10:00,0.47629009762900976,0.3306772908366533,0.17706626954579274,0.06695232994108213,0.5985918257842457,0.00011135857461024499,0.5,0.10867620587261162,0.5196188582413577,0.4550880806517536,0.5375618047884675,0.26063767174566815,0.4184785068726708
2021-04-06 22:20:00,0.5097629009762901,-0.38645418326693237,0.17289650037230064,0.0673094090341011,0.6073994581931921,0.00011135857461024499,0.5,0.10867620587261162,0.5196188582413577,0.4550880806517536,0.5375618047884675,0.26063767174566815,0.4980913439051255
2021-04-06 22:30:00,0.5571827057182706,-0.4581673306772909,0.1672375279225613,0.06980896268523495,0.6073994581931921,0.00011135857461024499,0.5,0.10867620587261162,0.5196188582413577,0.4550880806517536,0.5375618047884675,0.26063767174566815,0.6145646302638925
2021-04-06 22:40:00,0.5223152022315203,-0.21912350597609564,0.1624720774385704,0.07052312087127288,0.6006857651385272,0.00011135857461024499,0.5,0.10867620587261162,0.5196188582413577,0.4550880806517536,0.5375618047884675,0.26063767174566815,0.5606469816074958
2021-04-06 22:50:00,0.4895397489539749,0.11553784860557759,0.15681310498883105,0.06838064631315843,0.5961576212848935,0.00011135857461024499,0.5,0.10867620587261162,0.5196188582413577,0.4550880806517536,0.5375618047884675,0.26063767174566815,0.5022028758091043
2021-04-06 23:00:00,0.49721059972105996,0.05179282868525892,0.14996276991809365,0.06838064631315843,0.5961576212848935,0.00011135857461024499,0.5,0.043012310958857825,0.515205153919318,0.521762888785155,0.5461161928362391,0.2378674909686792,0.5371395808500686
2021-04-06 23:10:00,0.5934449093444909,0.346613545816733,0.14519731943410275,0.06338153901089094,0.5980290795827826,0.00011135857461024499,0.5,0.043012310958857825,0.515205153919318,0.521762888785155,0.5461161928362391,0.2378674909686792,0.7255759916713188
2021-04-06 23:20:00,0.5753138075313807,-0.3466135458167332,0.14519731943410275,0.06445277628994828,0.6045464658229837,0.00011135857461024499,0.5,0.043012310958857825,0.515205153919318,0.521762888785155,0.5461161928362391,0.2378674909686792,0.6582298534936705
2021-04-06 23:30:00,0.5620641562064157,0.394422310756972,0.14221891288160804,0.06623817175504376,0.596131447042965,0.00011135857461024499,0.5,0.043012310958857825,0.515205153919318,0.521762888785155,0.5461161928362391,0.2378674909686792,0.6513571827330749
2021-04-06 23:40:00,0.5781032078103208,-0.01195219123505975,0.14192107222635886,0.06623817175504376,0.6060645718548376,0.00011135857461024499,0.5,0.043012310958857825,0.515205153919318,0.521762888785155,0.5461161928362391,0.2378674909686792,0.714425818911538
2021-04-06 23:50:00,0.5788005578800558,-0.19521912350597614,0.13834698436336557,0.07088019996429229,0.6072685869835495,0.00011135857461024499,0.5,0.043012310958857825,0.515205153919318,0.521762888785155,0.5461161928362391,0.2378674909686792,0.7081868521508216
2021-04-07 00:00:00,0.5341701534170153,-0.043824701195219196,0.1362620997766193,0.07516514908052141,0.6072685869835495,0.00011135857461024499,0.5,0.036628329513848534,0.509084587378989,0.5499229794420356,0.6066646996188888,0.22916451153277023,0.6051118789323596
2021-04-07 00:10:00,0.509065550906555,0.24302788844621515,0.13447505584512287,0.07945009819675053,0.6072685869835495,0.00011135857461024499,0.5,0.036628329513848534,0.509084587378989,0.5499229794420356,0.6066646996188888,0.22916451153277023,0.5615371848454215
2021-04-07 00:20:00,0.5439330543933054,0.394422310756972,0.1332836932241248,0.07480806998750222,0.6072685869835495,0.00011135857461024499,0.5,0.036628329513848534,0.509084587378989,0.5499229794420356,0.6066646996188888,0.22916451153277023,0.6097364093124312
2021-04-07 00:30:00,0.5299860529986052,0.05179282868525892,0.13149664929262816,0.07230851633636859,0.6152909921346402,0.00011135857461024499,0.5,0.036628329513848534,0.509084587378989,0.5499229794420356,0.6066646996188888,0.22916451153277023,0.5819665947462921
2021-04-07 00:40:00,0.592747559274756,-0.05179282868525903,0.1320923306031272,0.07230851633636859,0.6184449882870268,0.00011135857461024499,0.5,0.036628329513848534,0.509084587378989,0.5499229794420356,0.6066646996188888,0.22916451153277023,0.731135989860736
2021-04-07 00:50:00,0.5934449093444909,0.14741035856573692,0.1317944899478778,0.07123727905731125,0.6184449882870268,0.00011135857461024499,0.5,0.036628329513848534,0.509084587378989,0.5499229794420356,0.6066646996188888,0.22916451153277023,0.7744541847096278
2021-04-07 01:00:00,0.5843793584379359,0.09163346613545809,0.12822040208488428,0.0687377254061774,0.6184449882870268,0.00011135857461024499,0.5,-0.00945203208700629,0.5014180749237817,0.5923004551232082,0.6502637022696955,0.22661411602660078,0.7383255126212713
2021-04-07 01:10:00,0.5746164574616458,0.09163346613545809,0.12643335815338785,0.07230851633636859,0.6184449882870268,0.00044543429844097997,0.5,-0.00945203208700629,0.5014180749237817,0.5923004551232082,0.6502637022696955,0.22661411602660078,0.7182054106251038
2021-04-07 01:20:00,0.5899581589958159,-0.043824701195219196,0.1243484735666418,0.07230851633636859,0.6184449882870268,0.000556792873051225,0.5,-0.00945203208700629,0.5014180749237817,0.5923004551232082,0.6502637022696955,0.22661411602660078,0.7416147381444543
2021-04-07 01:30:00,0.5732217573221757,-0.043824701195219196,0.12226358897989575,0.07337975361542592,0.6184449882870268,0.000556792873051225,0.5,-0.00945203208700629,0.5014180749237817,0.5923004551232082,0.6502637022696955,0.22661411602660078,0.7020006940567618
2021-04-07 01:40:00,0.5655509065550907,-0.1394422310756973,0.11839166046165284,0.07266559542938755,0.6184449882870268,0.00033407572383073496,0.5,-0.00945203208700629,0.5014180749237817,0.5923004551232082,0.6502637022696955,0.22661411602660078,0.7011331231045461
2021-04-07 01:50:00,0.5606694560669455,-0.36254980079681276,0.117200297840655,0.07730762363863608,0.6184449882870268,0.00011135857461024499,0.5,-0.00945203208700629,0.5014180749237817,0.5923004551232082,0.6502637022696955,0.22661411602660078,0.6687538663488088
2021-04-07 02:00:00,0.5251046025104603,-0.33864541832669326,0.11064780342516745,0.07945009819675053,0.6184449882870268,0.00011135857461024499,0.5,-0.003206465963339067,0.5062628050585205,0.5922669761945796,0.6493182142771994,0.2189570569634587,0.5858518037931711
2021-04-07 02:10:00,0.5767085076708507,-0.33864541832669326,0.10737155621742356,0.07409391180146407,0.6184449882870268,0.00011135857461024499,0.5,-0.003206465963339067,0.5062628050585205,0.5922669761945796,0.6493182142771994,0.2189570569634587,0.6923517962490758
2021-04-07 02:20:00,0.5739191073919108,-0.3466135458167332,0.10588235294117632,0.07159435815033022,0.6150423368363194,0.00011135857461024499,0.5,-0.003206465963339067,0.5062628050585205,0.5922669761945796,0.6493182142771994,0.2189570569634587,0.6713490351102193
2021-04-07 02:30:00,0.5251046025104603,0.14741035856573692,0.10081906180193578,0.06409569719692909,0.6072685869835495,0.00011135857461024499,0.5,-0.003206465963339067,0.5062628050585205,0.5922669761945796,0.6493182142771994,0.2189570569634587,0.5954177165532538
2021-04-07 02:40:00,0.5432357043235705,0.07569721115537842,0.09516008935219644,0.06052490626673812,0.6072685869835495,0.00011135857461024499,0.5,-0.003206465963339067,0.5062628050585205,0.5922669761945796,0.6493182142771994,0.2189570569634587,0.6500369660666596
2021-04-07 02:50:00,0.5299860529986052,0.31474103585657365,0.0939687267311986,0.05409748259239433,0.6072685869835495,0.00011135857461024499,0.5,-0.003206465963339067,0.5062628050585205,0.5922669761945796,0.6493182142771994,0.2189570569634587,0.6313653303559305
2021-04-07 03:00:00,0.5439330543933054,0.15537848605577675,0.09158600148920315,0.050883770755222324,0.6072685869835495,0.00011135857461024499,0.5,-0.009891725865621148,0.504969727620423,0.5974052308543328,0.6276754263660428,0.2076248180873083,0.6422514597824284
2021-04-07 03:10:00,0.5564853556485356,0.2589641434262948,0.09128816083395375,0.049455454383146025,0.6072685869835495,0.00011135857461024499,0.5,-0.009891725865621148,0.504969727620423,0.5974052308543328,0.6276754263660428,0.2076248180873083,0.6768185041567965
2021-04-07 03:20:00,0.5481171548117155,0.31474103585657365,0.08652271034996262,0.04374218889484016,0.6072685869835495,0.00011135857461024499,0.5,-0.009891725865621148,0.504969727620423,0.5974052308543328,0.6276754263660428,0.2076248180873083,0.6590597039697029
2021-04-07 03:30:00,0.5488145048814504,-0.2589641434262948,0.08443782576321657,0.04374218889484016,0.6072685869835495,0.00011135857461024499,0.5,-0.009891725865621148,0.504969727620423,0.5974052308543328,0.6276754263660428,0.2076248180873083,0.6412631833064261
2021-04-07 03:40:00,0.5878661087866108,-0.4820717131474104,0.07907669396872663,0.04374218889484016,0.6072685869835495,0.00011135857461024499,0.5,-0.009891725865621148,0.504969727620423,0.5974052308543328,0.6276754263660428,0.2076248180873083,0.7049579793895319
2021-04-07 03:50:00,0.5564853556485356,0.12350597609561742,0.07669396872673095,0.041956793429744677,0.6072424127416209,0.00011135857461024499,0.5,-0.009891725865621148,0.504969727620423,0.5974052308543328,0.6276754263660428,0.2076248180873083,0.6736424400621635
2021-04-07 04:00:00,0.5529986052998606,0.2350597609561753,0.07669396872673095,0.039100160685591856,0.6072424127416209,0.00011135857461024499,0.5,-0.09992919139103407,0.5029065507303008,0.6653879998584754,0.623231822658337,0.19815228077372474,0.6512515653997616
2021-04-07 04:10:00,0.5425383542538355,-0.1872509960159363,0.07490692479523453,0.03660060703445822,0.6047951211213045,0.00011135857461024499,0.5,-0.09992919139103407,0.5029065507303008,0.6653879998584754,0.623231822658337,0.19815228077372474,0.6182989574060384
2021-04-07 04:20:00,0.5104602510460251,0.19521912350597592,0.07163067758749042,0.034101053383324365,0.5960005758333223,0.00011135857461024499,0.5,-0.09992919139103407,0.5029065507303008,0.6653879998584754,0.623231822658337,0.19815228077372474,0.5523258445614617
2021-04-07 04:30:00,0.50278940027894,-0.2749003984063746,0.06775874906924773,0.03302981610426703,0.5960005758333223,0.00011135857461024499,0.5,-0.09992919139103407,0.5029065507303008,0.6653879998584754,0.623231822658337,0.19815228077372474,0.5356458499932103
2021-04-07 04:40:00,0.5299860529986052,-0.4661354581673308,0.06537602382725227,0.03302981610426703,0.5960005758333223,0.00011135857461024499,0.5,-0.09992919139103407,0.5029065507303008,0.6653879998584754,0.623231822658337,0.19815228077372474,0.5723403292243161
2021-04-07 04:50:00,0.5439330543933054,-0.2509960159362551,0.06478034251675346,0.03017318336011443,0.5922183978746515,0.00011135857461024499,0.5,-0.09992919139103407,0.5029065507303008,0.6653879998584754,0.623231822658337,0.19815228077372474,0.6180273699775186
2021-04-07 05:00:00,0.5502092050209205,0.12350597609561742,0.06478034251675346,0.02517407605784694,0.5847456518040597,0.000556792873051225,0.5,-0.08728133297623297,0.4942831609709009,0.6502008672310657,0.6289022463087254,0.19201629635526235,0.6482339273050983
2021-04-07 05:10:00,0.5592747559274756,0.21912350597609564,0.06001489203276256,0.019817889662560484,0.5881221290128384,0.000556792873051225,0.5,-0.08728133297623297,0.4942831609709009,0.6502008672310657,0.6289022463087254,0.19201629635526235,0.6527830167328033
2021-04-07 05:20:00,0.5557880055788006,-0.1394422310756973,0.06001489203276256,0.019817889662560484,0.5959613144704297,0.000556792873051225,0.5,-0.08728133297623297,0.4942831609709009,0.6502008672310657,0.6289022463087254,0.19201629635526235,0.6735896313955068
2021-04-07 05:30:00,0.5885634588563459,-0.3466135458167332,0.05912137006701412,0.02231744331369412,0.5959613144704297,0.000556792873051225,0.5,-0.08728133297623297,0.4942831609709009,0.6502008672310657,0.6289022463087254,0.19201629635526235,0.7101784932932994
2021-04-07 05:40:00,0.5788005578800558,-0.3466135458167332,0.0588235294117645,0.02231744331369412,0.5959613144704297,0.000556792873051225,0.5,-0.08728133297623297,0.4942831609709009,0.6502008672310657,0.6289022463087254,0.19201629635526235,0.6978891621527831
2021-04-07 05:50:00,0.5690376569037657,-0.05179282868525903,0.05614296351451942,0.021246206034636783,0.5959613144704297,0.000556792873051225,0.5,-0.08728133297623297,0.4942831609709009,0.6502008672310657,0.6289022463087254,0.19201629635526235,0.7211551518626371
2021-04-07 06:00:00,0.5767085076708507,0.08366533864541825,0.05554728220402061,0.018389573290483963,0.5959613144704297,0.000556792873051225,0.5,-0.09914039082483195,0.4966767909840908,0.5997756404525387,0.6755496205011452,0.1989903568590682,0.7282692336708059
2021-04-07 06:10:00,0.5815899581589958,0.3306772908366533,0.050483991064780076,0.012319228709159136,0.5959613144704297,0.000556792873051225,0.5,-0.09914039082483195,0.4966767909840908,0.5997756404525387,0.6755496205011452,0.1989903568590682,0.7301929779561537
2021-04-07 06:20:00,0.5390516039051604,0.2669322709163344,0.04512285927029036,0.010533833244063429,0.5959613144704297,0.000556792873051225,0.5,-0.09914039082483195,0.4966767909840908,0.5997756404525387,0.6755496205011452,0.1989903568590682,0.6611192419693107
2021-04-07 06:30:00,0.5760111576011158,0.3067729083665336,0.037974683544303556,0.006605963220853273,0.5959613144704297,0.000556792873051225,0.5,-0.09914039082483195,0.4966767909840908,0.5997756404525387,0.6755496205011452,0.1989903568590682,0.7331955278603437
2021-04-07 06:40:00,0.606694560669456,0.14741035856573692,0.036485480268056314,0.0033922513836814883,0.5959613144704297,0.00044543429844097997,0.5,-0.09914039082483195,0.4966767909840908,0.5997756404525387,0.6755496205011452,0.1989903568590682,0.8133515397498379
2021-04-07 06:50:00,0.5934449093444909,0.17131474103585642,0.04095309009679826,0.0008926977325478536,0.5959613144704297,0.00011135857461024499,0.5,-0.09914039082483195,0.4966767909840908,0.5997756404525387,0.6755496205011452,0.1989903568590682,0.8034989513707621
2021-04-07 07:00:00,0.5788005578800558,-0.14741035856573714,0.04363365599404312,0.008034279592929794,0.5959613144704297,0.00011135857461024499,0.5,-0.095943297079637,0.517848778903872,0.5909917333677254,0.6795167282761246,0.2055180736826741,0.7480498513813238
2021-04-07 07:10:00,0.6080892608089261,-0.3784860557768924,0.04303797468354409,0.011605070523120764,0.5959613144704297,0.00011135857461024499,0.5,-0.095943297079637,0.517848778903872,0.5909917333677254,0.6795167282761246,0.2055180736826741,0.7684264526155379
2021-04-07 07:20:00,0.5404463040446305,-0.15537848605577698,0.0397617274758002,0.011605070523120764,0.5959613144704297,0.00011135857461024499,0.5,-0.095943297079637,0.517848778903872,0.5909917333677254,0.6795167282761246,0.2055180736826741,0.630822155498891
2021-04-07 07:30:00,0.5648535564853556,-0.3067729083665339,0.034996276991809294,0.011605070523120764,0.5959613144704297,0.00011135857461024499,0.5,-0.095943297079637,0.517848778903872,0.5909917333677254,0.6795167282761246,0.2055180736826741,0.6362916245454683
2021-04-07 07:40:00,0.5355648535564853,-0.2589641434262948,0.03201787043931481,0.011605070523120764,0.5959613144704297,0.00011135857461024499,0.5,-0.095943297079637,0.517848778903872,0.5909917333677254,0.6795167282761246,0.2055180736826741,0.5968888151244022
2021-04-07 07:50:00,0.5606694560669455,-0.15537848605577698,0.03201787043931481,0.009819675058025501,0.5959613144704297,0.00011135857461024499,0.5,-0.095943297079637,0.517848778903872,0.5909917333677254,0.6795167282761246,0.2055180736826741,0.6739064833954463
2021-04-07 08:00:00,0.5585774058577406,-0.043824701195219196,0.03469843633655967,0.008034279592929794,0.5959613144704297,0.00011135857461024499,0.5,-0.1016778938724705,0.5272882442019856,0.5846261716198361,0.6668887949879341,0.20623433517510037,0.6829367653937264
2021-04-07 08:10:00,0.5453277545327755,-0.03585657370517936,0.034996276991809294,0.006605963220853273,0.5959613144704297,0.00011135857461024499,0.5,-0.1016778938724705,0.5272882442019856,0.5846261716198361,0.6668887949879341,0.20623433517510037,0.6456538467341613
2021-04-07 08:20:00,0.5613668061366807,-0.12350597609561753,0.03588979895755773,0.005534725941795937,0.5959613144704297,0.00011135857461024499,0.5,-0.1016778938724705,0.5272882442019856,0.5846261716198361,0.6668887949879341,0.20623433517510037,0.6798135099657499
2021-04-07 08:30:00,0.5125523012552301,0.10756972111553775,0.03827252419955318,0.006248884127834309,0.5959613144704297,0.00011135857461024499,0.5,-0.1016778938724705,0.5272882442019856,0.5846261716198361,0.6668887949879341,0.20623433517510037,0.5528388430375545
2021-04-07 08:40:00,0.4665271966527197,0.11553784860557759,0.04184661206254625,0.005177646848776973,0.5959613144704297,0.00011135857461024499,0.5,-0.1016778938724705,0.5272882442019856,0.5846261716198361,0.6668887949879341,0.20623433517510037,0.47406340057636887
2021-04-07 08:50:00,0.4860529986052998,0.11553784860557759,0.04839910647803425,0.008034279592929794,0.5959613144704297,0.00011135857461024499,0.5,-0.1016778938724705,0.5272882442019856,0.5846261716198361,0.6668887949879341,0.20623433517510037,0.5001659700952065
2021-04-07 09:00:00,0.5411436541143654,0.2749003984063745,0.05733432613551748,0.0048205677557580096,0.6006072424127417,0.00011135857461024499,0.5,-0.09455187289271016,0.5263543549411374,0.5634403505040925,0.6523395718761695,0.2110918993601091,0.6133273986450806
2021-04-07 09:10:00,0.4790794979079498,0.07569721115537842,0.06626954579300048,0.009819675058025501,0.6072293256206567,0.00011135857461024499,0.5,-0.09455187289271016,0.5263543549411374,0.5634403505040925,0.6523395718761695,0.2110918993601091,0.4942513994296664
2021-04-07 09:20:00,0.5320781032078103,0.14741035856573692,0.07639612807148177,0.015890019639350328,0.6145450262396775,0.00011135857461024499,0.5,-0.09455187289271016,0.5263543549411374,0.5634403505040925,0.6523395718761695,0.2110918993601091,0.5983900900764972
2021-04-07 09:30:00,0.598326359832636,-0.13147410358565736,0.08533134772896478,0.021246206034636783,0.6184188140450981,0.00022271714922048998,0.5,-0.09455187289271016,0.5263543549411374,0.5634403505040925,0.6523395718761695,0.2110918993601091,0.7773133968043212
2021-04-07 09:40:00,0.6178521617852162,-0.15537848605577698,0.0939687267311986,0.026245313336904275,0.6184188140450981,0.00033407572383073496,0.5,-0.09455187289271016,0.5263543549411374,0.5634403505040925,0.6523395718761695,0.2110918993601091,0.8091042141315992
2021-04-07 09:50:00,0.691771269177127,0.12350597609561742,0.10349962769918086,0.031244420639171766,0.6243472798419076,0.005011135857461025,0.5,-0.09455187289271016,0.5263543549411374,0.5634403505040925,0.6523395718761695,0.2110918993601091,0.9839989740030478
2021-04-07 10:00:00,0.6115760111576011,-0.1394422310756973,0.10945644080416961,0.039100160685591856,0.6219523367054481,0.001893095768374165,0.5,0.16863195299348965,0.5200067814727886,0.34166654302289623,0.8129068396611684,0.23757206979603712,0.803016129275616
2021-04-07 10:10:00,0.6094839609483961,-0.17928286852589637,0.11600893521965738,0.053740403499375144,0.6242033215113008,0.00011135857461024499,0.5,0.16863195299348965,0.5200067814727886,0.34166654302289623,0.8129068396611684,0.23757206979603712,0.7709310922341084
2021-04-07 10:20:00,0.592747559274756,0.01195219123505975,0.12345495160089337,0.06516693447598643,0.6282472418892567,0.03930957683741648,0.5,0.16863195299348965,0.5200067814727886,0.34166654302289623,0.8129068396611684,0.23757206979603712,0.606892285408211
2021-04-07 10:30:00,0.6499302649930265,-0.1394422310756973,0.12970960536113174,0.07552222817354037,0.6247660677127639,0.0089086859688196,0.5,0.16863195299348965,0.5200067814727886,0.34166654302289623,0.8129068396611684,0.23757206979603712,0.8428112316489884
2021-04-07 10:40:00,0.601115760111576,0.05976095617529875,0.13953834698436318,0.0848062845920372,0.6216251586813417,0.006124721603563475,0.5,0.16863195299348965,0.5200067814727886,0.34166654302289623,0.8129068396611684,0.23757206979603712,0.7519124281424929
2021-04-07 10:50:00,0.6171548117154811,0.10756972111553775,0.15294117647058791,0.0958757364756293,0.6175027155776002,0.0022271714922049,0.5,0.16863195299348965,0.5200067814727886,0.34166654302289623,0.8129068396611684,0.23757206979603712,0.8268479261282194
2021-04-07 11:00:00,0.7503486750348675,0.01195219123505975,0.16485480268056585,0.10480271380110695,0.6245959351402285,0.017706013363028954,0.5,0.17720639859009824,0.4952256707480028,0.3338252453187518,0.9005160933640314,0.2571378154828253,0.6810997782036001
2021-04-07 11:10:00,0.7273361227336123,-0.08366533864541836,0.1746835443037973,0.11587216568469927,0.6220832079150908,0.10334075723830735,0.5,0.17720639859009824,0.4952256707480028,0.3338252453187518,0.9005160933640314,0.2571378154828253,0.5353516302789807
2021-04-07 11:20:00,0.7412831241283124,-0.08366533864541836,0.18451228592702873,0.12122835207998572,0.6218214654958055,0.13763919821826281,0.5,0.17720639859009824,0.4952256707480028,0.3338252453187518,0.9005160933640314,0.2571378154828253,0.38222158516529114
2021-04-07 11:30:00,0.6771269177126918,0.15537848605577675,0.1940431868950112,0.13301196214961597,0.6242949313580505,0.18040089086859687,0.5,0.17720639859009824,0.4952256707480028,0.3338252453187518,0.9005160933640314,0.2571378154828253,0.1693875703486881
2021-04-07 11:40:00,0.801255230125523,-0.19521912350597614,0.20595681310498848,0.13051240849848234,0.6313358024368219,0.7492204899777283,0.5,0.17720639859009824,0.4952256707480028,0.3338252453187518,0.9005160933640314,0.2571378154828253,0.048153959895589724
2021-04-07 11:50:00,0.801255230125523,-0.1633466135458168,0.24080416976917318,0.15265131226566697,0.6296868251953253,0.9995545657015591,0.5,0.17720639859009824,0.4952256707480028,0.3338252453187518,0.9005160933640314,0.2571378154828253,0.0
2021-04-07 12:00:00,0.7629009762900976,-0.1872509960159363,0.2568875651526432,0.16764863417246945,0.6296868251953253,0.9995545657015591,0.5,0.18568308628144048,0.48237248101331465,0.322755260027922,0.9403850744620352,0.26508561052058405,0.0
2021-04-07 12:10:00,0.6589958158995816,-0.36254980079681276,0.27058823529411735,0.17229066238171753,0.6296868251953253,0.9995545657015591,0.5,0.18568308628144048,0.48237248101331465,0.322755260027922,0.9403850744620352,0.26508561052058405,0.0
2021-04-07 12:20:00,0.7140864714086471,0.1872509960159361,0.27446016381236027,0.17264774147473672,0.6296868251953253,0.9995545657015591,0.5,0.18568308628144048,0.48237248101331465,0.322755260027922,0.9403850744620352,0.26508561052058405,0.0
2021-04-07 12:30:00,0.7029288702928871,-0.08366533864541836,0.28101265822784804,0.17836100696304236,0.6296868251953253,0.9995545657015591,0.5,0.18568308628144048,0.48237248101331465,0.322755260027922,0.9403850744620352,0.26508561052058405,0.0
2021-04-07 12:40:00,0.6589958158995816,-0.13147410358565736,0.28965003723008165,0.18264595607927148,0.6296868251953253,0.9995545657015591,0.5,0.18568308628144048,0.48237248101331465,0.322755260027922,0.9403850744620352,0.26508561052058405,0.0
2021-04-07 12:50:00,0.6436541143654114,-0.4820717131474104,0.2920327624720771,0.18443135154436718,0.6296868251953253,0.9995545657015591,0.5,0.18568308628144048,0.48237248101331465,0.322755260027922,0.9403850744620352,0.26508561052058405,0.0
2021-04-07 13:00:00,0.6101813110181311,-0.50597609561753,0.29381980640357397,0.18657382610248163,0.6296868251953253,0.9995545657015591,0.5,0.3074837328644333,0.4587580134882339,0.23870958005883416,0.9182272225193191,0.26690867856397177,0.0
2021-04-07 13:10:00,0.702231520223152,-0.06772908366533881,0.2994787788533133,0.18907337975361527,0.6296868251953253,0.9995545657015591,0.5,0.3074837328644333,0.4587580134882339,0.23870958005883416,0.9182272225193191,0.26690867856397177,0.0
2021-04-07 13:20:00,0.6520223152022315,-0.15537848605577698,0.3057334326135517,0.19835743617211232,0.6288623365745769,0.4043429844097996,0.5,0.3074837328644333,0.4587580134882339,0.23870958005883416,0.9182272225193191,0.26690867856397177,0.25768366099853646
2021-04-07 13:30:00,0.6192468619246863,-0.01195219123505975,0.31198808637378983,0.20692733440457056,0.6332726963395322,0.11848552338530068,0.5,0.3074837328644333,0.4587580134882339,0.23870958005883416,0.9182272225193191,0.26690867856397177,0.29334459918222006
2021-04-07 13:40:00,0.7608089260808927,0.13147410358565725,0.2908413998510797,0.19264417068380646,0.6497101202706417,0.038418708240534526,0.5,0.3074837328644333,0.4587580134882339,0.23870958005883416,0.9182272225193191,0.26690867856397177,0.9393228420115575
2021-04-07 13:50:00,0.6868898186889818,0.07569721115537842,0.27743857036485475,0.1730048205677559,0.6429964272159768,0.03608017817371938,0.5,0.3074837328644333,0.4587580134882339,0.23870958005883416,0.9182272225193191,0.26690867856397177,0.8786532281183518
2021-04-07 14:00:00,0.6443514644351465,0.05976095617529875,0.27446016381236027,0.17693269059096606,0.6511366164557458,0.08407572383073497,0.5,0.30776063021329647,0.43131028973555374,0.24093326571604265,0.8690665481311258,0.2621946591098308,0.5278905200899257
2021-04-07 14:10:00,0.7350069735006973,-0.15537848605577698,0.27416232315711087,0.1822888769862525,0.655285233801416,0.009688195991091315,0.5,0.30776063021329647,0.43131028973555374,0.24093326571604265,0.8690665481311258,0.2621946591098308,0.9915581574301794
2021-04-07 14:20:00,0.8382147838214784,0.003984063745019917,0.27386448250186124,0.18550258882342452,0.656947298163877,0.05,0.5,0.30776063021329647,0.43131028973555374,0.24093326571604265,0.8690665481311258,0.2621946591098308,0.8881587881165411
2021-04-07 14:30:00,0.6297071129707112,-0.1394422310756973,0.27743857036485475,0.18907337975361527,0.6481658399968591,0.00512249443207127,0.5,0.30776063021329647,0.43131028973555374,0.24093326571604265,0.8690665481311258,0.2621946591098308,0.784759418802903
2021-04-07 14:40:00,0.599023709902371,0.13147410358565725,0.28548026805658955,0.21692554900910554,0.643362866602976,0.0021158129175946547,0.5,0.30776063021329647,0.43131028973555374,0.24093326571604265,0.8690665481311258,0.2621946591098308,0.7347797878600419
2021-04-07 14:50:00,0.6576011157601116,0.05179282868525892,0.2911392405063289,0.23335118728798432,0.6532305558100273,0.010133630289532295,0.5,0.30776063021329647,0.43131028973555374,0.24093326571604265,0.8690665481311258,0.2621946591098308,0.8374172035547777
2021-04-07 15:00:00,0.6290097629009763,0.03585657370517925,0.2923306031273267,0.2397786109623281,0.6552459724385233,0.009465478841870824,0.5,0.29881976757566053,0.40857224136296216,0.2526161436661989,0.8185756992512901,0.25929249278938615,0.7645261553781855
2021-04-07 15:10:00,0.694560669456067,0.13147410358565725,0.29352196574832456,0.235493661846099,0.6530996846003847,0.009242761692650333,0.5,0.29881976757566053,0.40857224136296216,0.2526161436661989,0.8185756992512901,0.25929249278938615,0.8849299153552515
2021-04-07 15:20:00,0.6834030683403068,-0.059760956175298974,0.30126582278480996,0.2533476164970543,0.6497232073916059,0.0071269487750556795,0.5,0.29881976757566053,0.40857224136296216,0.2526161436661989,0.8185756992512901,0.25929249278938615,0.8750396064999926
2021-04-07 15:30:00,0.7580195258019525,-0.01195219123505975,0.3030528667163066,0.2547759328691306,0.6462158589731845,0.02338530066815145,0.5,0.29881976757566053,0.40857224136296216,0.2526161436661989,0.8185756992512901,0.25929249278938615,0.8500384748857069
2021-04-07 15:40:00,0.6443514644351465,0.01195219123505975,0.3036485480268054,0.26156043563649356,0.6508225255526036,0.0024498886414253897,0.5,0.29881976757566053,0.40857224136296216,0.2526161436661989,0.8185756992512901,0.25929249278938615,0.8250373432714214
2021-04-07 15:50:00,0.6408647140864714,-0.043824701195219196,0.3036485480268054,0.26941617568291365,0.6627448927510436,0.008351893095768375,0.5,0.29881976757566053,0.40857224136296216,0.2526161436661989,0.8185756992512901,0.25929249278938615,0.7953362403246979
2021-04-07 16:00:00,0.6115760111576011,-0.09960159362549814,0.3030528667163066,0.2787002321014105,0.6470665218358614,0.005345211581291759,0.5,0.3346727044652782,0.3964948980911317,0.22965568570489062,0.7788800304961447,0.25697998174548925,0.7438402462392686
2021-04-07 16:10:00,0.6073919107391912,0.12350597609561742,0.3036485480268054,0.29226923763613644,0.6518564081087802,0.0014476614699331849,0.5,0.3346727044652782,0.3964948980911317,0.22965568570489062,0.7788800304961447,0.25697998174548925,0.7271677957662538
2021-04-07 16:20:00,0.6771269177126918,0.2828685258964143,0.30186150409530876,0.27941439028744863,0.6537278664066691,0.004231625835189309,0.5,0.3346727044652782,0.3964948980911317,0.22965568570489062,0.7788800304961447,0.25697998174548925,0.9244685184905775
2021-04-07 16:30:00,0.5746164574616458,-0.003984063745020028,0.29650037230081905,0.27584359935725766,0.6639489078797556,0.000556792873051225,0.5,0.3346727044652782,0.3964948980911317,0.22965568570489062,0.7788800304961447,0.25697998174548925,0.6645895257781734
2021-04-07 16:40:00,0.5167364016736402,-0.003984063745020028,0.29381980640357397,0.2944117121942511,0.6560181125754145,0.00044543429844097997,0.5,0.3346727044652782,0.3964948980911317,0.22965568570489062,0.7788800304961447,0.25697998174548925,0.5208217028531769
2021-04-07 16:50:00,0.5948396094839609,-0.02788844621513953,0.2917349218168279,0.2976254240314231,0.6587925822198374,0.00033407572383073496,0.5,0.3346727044652782,0.3964948980911317,0.22965568570489062,0.7788800304961447,0.25697998174548925,0.6942378200582404
2021-04-07 17:00:00,0.5237099023709902,-0.2589641434262948,0.2899478778853313,0.2911980003570791,0.6561097224221644,0.00022271714922048998,0.5,0.3284597243100329,0.37875674914584884,0.24137280346841702,0.7649999449134359,0.2580937209223647,0.5913589933159317
2021-04-07 17:10:00,0.496513249651325,0.027888446215139417,0.2914370811615785,0.2847705766827351,0.6487547604402508,0.00011135857461024499,0.5,0.3284597243100329,0.37875674914584884,0.24137280346841702,0.7649999449134359,0.2580937209223647,0.512892858759449
2021-04-07 17:20:00,0.5432357043235705,-0.17928286852589637,0.29381980640357397,0.29048384217104095,0.6522621088586721,0.00011135857461024499,0.5,0.3284597243100329,0.37875674914584884,0.24137280346841702,0.7649999449134359,0.2580937209223647,0.5702128943675785
2021-04-07 17:30:00,0.5767085076708507,-0.02788844621513953,0.2962025316455694,0.2976254240314231,0.639528340160448,0.00011135857461024499,0.5,0.3284597243100329,0.37875674914584884,0.24137280346841702,0.7649999449134359,0.2580937209223647,0.6920349442491363
2021-04-07 17:40:00,0.5704323570432357,0.2669322709163344,0.29709605361131786,0.28905552579896465,0.645535328683043,0.00011135857461024499,0.5,0.3284597243100329,0.37875674914584884,0.24137280346841702,0.7649999449134359,0.2580937209223647,0.6725032816814279
2021-04-07 17:50:00,0.5941422594142259,-0.20318725099601598,0.29798957557706607,0.2908409212640599,0.6523406315844578,0.00011135857461024499,0.5,0.3284597243100329,0.37875674914584884,0.24137280346841702,0.7649999449134359,0.2580937209223647,0.7109178146264918
2021-04-07 18:00:00,0.6150627615062761,-0.2828685258964144,0.303350707371556,0.27977146938046804,0.6591328473649082,0.0006681514476614699,0.5,0.2622258250970657,0.3733516854546019,0.2752028804052777,0.7762570200614256,0.269488011927182,0.7614557086168656
2021-04-07 18:10:00,0.6401673640167364,-0.06772908366533881,0.30900967982129557,0.2815568648455633,0.6568295140751985,0.0013363028953229399,0.5,0.2622258250970657,0.3733516854546019,0.2752028804052777,0.7762570200614256,0.269488011927182,0.8033329812755555
2021-04-07 18:20:00,0.6380753138075315,-0.26693227091633476,0.3137751303052865,0.28048562756650597,0.6658727146615016,0.000556792873051225,0.5,0.2622258250970657,0.3733516854546019,0.2752028804052777,0.7762570200614256,0.269488011927182,0.8050756672752237
2021-04-07 18:30:00,0.6345885634588563,-0.07569721115537853,0.31258376768428886,0.28119978575254434,0.6601536428001205,0.00033407572383073496,0.5,0.2622258250970657,0.3733516854546019,0.2752028804052777,0.7762570200614256,0.269488011927182,0.7859891063264782
2021-04-07 18:40:00,0.6297071129707112,-0.01195219123505975,0.31198808637378983,0.28262810212462064,0.6540288701888471,0.00011135857461024499,0.5,0.2622258250970657,0.3733516854546019,0.2752028804052777,0.7762570200614256,0.269488011927182,0.7802103293751981
2021-04-07 18:50:00,0.6269177126917713,0.09163346613545809,0.31198808637378983,0.27905731119442967,0.6535315595922053,0.00044543429844097997,0.5,0.2622258250970657,0.3733516854546019,0.2752028804052777,0.7762570200614256,0.269488011927182,0.7864040315644946
2021-04-07 19:00:00,0.6032078103207811,-0.0916334661354582,0.3075204765450483,0.27977146938046804,0.6584523170747667,0.00011135857461024499,0.5,0.26165582079785255,0.3810526799748279,0.2661966681618052,0.7547825630063818,0.2745519362858217,0.7612897385216592
2021-04-07 19:10:00,0.6596931659693167,-0.09960159362549814,0.30543559195830206,0.2926263167291556,0.655690934551308,0.00011135857461024499,0.5,0.26165582079785255,0.3810526799748279,0.2661966681618052,0.7547825630063818,0.2745519362858217,0.8630067745975226
2021-04-07 19:20:00,0.6617852161785216,0.05976095617529875,0.302755026061057,0.28619889305481183,0.6569865595267697,0.00022271714922048998,0.5,0.26165582079785255,0.3810526799748279,0.2661966681618052,0.7547825630063818,0.2745519362858217,0.8797697542133772
2021-04-07 19:30:00,0.599023709902371,0.03585657370517925,0.29798957557706607,0.28869844670594547,0.6545654421483817,0.0008908685968819599,0.5,0.26165582079785255,0.3810526799748279,0.2661966681618052,0.7547825630063818,0.2745519362858217,0.7409206813826817
2021-04-07 19:40:00,0.6617852161785216,-0.07569721115537853,0.2950111690245716,0.2865559721478308,0.6582560102603029,0.00011135857461024499,0.5,0.26165582079785255,0.3810526799748279,0.2661966681618052,0.7547825630063818,0.2745519362858217,0.8822064969748179
2021-04-07 19:50:00,0.6603905160390516,-0.298804780876494,0.2881608339538346,0.28119978575254434,0.6609912185418331,0.00022271714922048998,0.5,0.26165582079785255,0.3810526799748279,0.2661966681618052,0.7547825630063818,0.2745519362858217,0.8391146249830258
2021-04-07 20:00:00,0.6527196652719665,-0.298804780876494,0.2827997021593447,0.27584359935725766,0.6610566541466543,0.011247216035634744,0.5,0.26342280077232405,0.38233713689667176,0.25560654751465245,0.655037919387208,0.2562129891811514,0.8037554506088086
2021-04-07 20:10:00,0.6847977684797769,0.03585657370517925,0.27803425167535356,0.27262988752008566,0.6533876012615984,0.00022271714922048998,0.5,0.26342280077232405,0.38233713689667176,0.25560654751465245,0.655037919387208,0.2562129891811514,0.9553465002942196
2021-04-07 20:20:00,0.5774058577405857,0.01195219123505975,0.27326880119136243,0.26298875200856986,0.6511235293347816,0.00011135857461024499,0.5,0.26342280077232405,0.38233713689667176,0.25560654751465245,0.655037919387208,0.2562129891811514,0.6971649290100639
2021-04-07 20:30:00,0.5188284518828452,-0.12350597609561753,0.26582278481012644,0.26691662203178,0.6511235293347816,0.00011135857461024499,0.5,0.26342280077232405,0.38233713689667176,0.25560654751465245,0.655037919387208,0.2562129891811514,0.5453551005627895
2021-04-07 20:40:00,0.3933054393305439,-0.3067729083665339,0.2577810871183914,0.2719157293340475,0.6472759157712895,0.00011135857461024499,0.5,0.26342280077232405,0.38233713689667176,0.25560654751465245,0.655037919387208,0.2562129891811514,0.33928813917346895
2021-04-07 20:50:00,0.4379358437935844,-0.12350597609561753,0.25033507073715544,0.26977325477593306,0.6398424310635903,0.0071269487750556795,0.5,0.26342280077232405,0.38233713689667176,0.25560654751465245,0.655037919387208,0.2562129891811514,0.3875175400214252
2021-04-07 21:00:00,0.509065550906555,-0.2589641434262948,0.2446760982874161,0.2590608819853597,0.6395545144023767,0.012138084632516704,0.5,0.258504554197603,0.38496352084871854,0.2799611999507454,0.6483672113901207,0.22078093055747064,0.5039380177135356
2021-04-07 21:10:00,0.4825662482566248,-0.23505976095617542,0.24288905435591945,0.2483485091947868,0.6286660297601131,0.010579064587973273,0.5,0.258504554197603,0.38496352084871854,0.2799611999507454,0.6483672113901207,0.22078093055747064,0.44885857839069365
2021-04-07 21:20:00,0.4867503486750349,-0.298804780876494,0.23782576321667914,0.23870737368327077,0.6250408972530134,0.0200445434298441,0.5,0.258504554197603,0.38496352084871854,0.2799611999507454,0.6483672113901207,0.22078093055747064,0.4439473723916291
2021-04-07 21:30:00,0.500697350069735,-0.2828685258964144,0.2333581533879372,0.22799500089269786,0.6113779429663267,0.01737193763919822,0.5,0.258504554197603,0.38496352084871854,0.2799611999507454,0.6483672113901207,0.22078093055747064,0.47216983267196766
2021-04-07 21:40:00,0.5460251046025105,-0.36254980079681276,0.2285927029039463,0.21906802356722022,0.6061430945806232,0.025278396436525612,0.5,0.258504554197603,0.38496352084871854,0.2799611999507454,0.6483672113901207,0.22078093055747064,0.5225493006623716
2021-04-07 21:50:00,0.6018131101813111,0.03585657370517925,0.23127326880119137,0.20871272986966627,0.6061430945806232,0.025835189309576838,0.5,0.258504554197603,0.38496352084871854,0.2799611999507454,0.6483672113901207,0.22078093055747064,0.6864749460597191
2021-04-07 22:00:00,0.6701534170153417,0.003984063745019917,0.2327624720774384,0.19978575254418862,0.6032246666055935,0.024610244988864143,0.5,0.16026926616198978,0.38312735088662025,0.3502881280295102,0.760608280663723,0.2017840431031038,0.812529233369042
2021-04-07 22:10:00,0.7482566248256626,-0.08366533864541836,0.23186895011169018,0.19157293340474912,0.6039444582586277,0.056904231625835196,0.5,0.16026926616198978,0.38312735088662025,0.3502881280295102,0.760608280663723,0.2017840431031038,0.8344448300315342
2021-04-07 22:20:00,0.7203626220362622,-0.2749003984063746,0.22472077438570337,0.18478843063738615,0.5962754053735718,0.03964365256124722,0.5,0.16026926616198978,0.38312735088662025,0.3502881280295102,0.760608280663723,0.2017840431031038,0.8946995186867239
2021-04-07 22:30:00,0.7377963737796374,0.12350597609561742,0.21846612062546522,0.18157471880021436,0.5871013335776263,0.09777282850779509,0.5,0.16026926616198978,0.38312735088662025,0.3502881280295102,0.760608280663723,0.2017840431031038,0.5941503085534953
2021-04-07 22:40:00,0.8570432357043235,0.003984063745019917,0.2163812360387194,0.1680057132654884,0.5926240986245437,0.19420935412026727,0.5,0.16026926616198978,0.38312735088662025,0.3502881280295102,0.760608280663723,0.2017840431031038,0.254779184332423
2021-04-07 22:50:00,0.9358437935843794,-0.2509960159362551,0.20804169769173497,0.15158007498660964,0.5961968826477864,0.24521158129175946,0.5,0.16026926616198978,0.38312735088662025,0.3502881280295102,0.760608280663723,0.2017840431031038,0.17176396034823543
2021-04-07 23:00:00,0.9846582984658298,0.043824701195219085,0.20089352196574817,0.1269416175682916,0.5961968826477864,0.20679287305122496,0.5,0.09279766715150939,0.37512751180292464,0.3755766396717442,0.8604555374853716,0.1992196767537861,0.327255307270999
2021-04-07 23:10:00,0.9790794979079498,0.01195219123505975,0.19374534623976158,0.10658810926620266,0.5961968826477864,0.15723830734966593,0.5,0.09279766715150939,0.37512751180292464,0.3755766396717442,0.8604555374853716,0.1992196767537861,0.5475881527528403
2021-04-07 23:20:00,0.9937238493723849,-0.2749003984063746,0.1874906924795232,0.09658989466166767,0.5961968826477864,0.23028953229398663,0.5,0.09279766715150939,0.37512751180292464,0.3755766396717442,0.8604555374853716,0.1992196767537861,0.30905894956017926
2021-04-07 23:30:00,0.99302649930265,-0.47410358565737054,0.18540580789277716,0.0815925727548652,0.5961968826477864,0.24265033407572384,0.5,0.09279766715150939,0.37512751180292464,0.3755766396717442,0.8604555374853716,0.1992196767537861,0.2566953845225342
2021-04-07 23:40:00,0.9923291492329149,-0.4581673306772909,0.18391660461653014,0.06909480449919658,0.5961968826477864,0.2425389755011136,0.5,0.09279766715150939,0.37512751180292464,0.3755766396717442,0.8604555374853716,0.1992196767537861,0.24206738385865384
2021-04-07 23:50:00,0.99163179916318,-0.3784860557768924,0.18034251675353663,0.05659703624352819,0.5961968826477864,0.255011135857461,0.5,0.09279766715150939,0.37512751180292464,0.3755766396717442,0.8604555374853716,0.1992196767537861,0.21103097605504173
2021-04-08 00:00:00,0.990934449093445,-0.4183266932270917,0.17676842889054334,0.04588466345295483,0.5961968826477864,0.24426503340757239,0.5,0.0951672373936161,0.3774636717077513,0.3539564801826935,0.8898209950147945,0.19743546826133027,0.267396683615734
2021-04-08 00:10:00,0.9902370990237098,-0.4581673306772909,0.17319434102755027,0.03517229066238192,0.5961968826477864,0.23351893095768372,0.5,0.0951672373936161,0.3774636717077513,0.3539564801826935,0.8898209950147945,0.19743546826133027,0.32376239117642625
2021-04-08 00:20:00,0.9895397489539749,-0.40239043824701204,0.16872673119880832,0.029101946081057095,0.5962754053735718,0.2729398663697105,0.5,0.0951672373936161,0.3774636717077513,0.3539564801826935,0.8898209950147945,0.19743546826133027,0.20651206300828343
2021-04-08 00:30:00,0.9888423988842399,-0.2828685258964144,0.16217423678332077,0.022674522406713082,0.5962754053735718,0.16347438752783963,0.5,0.0951672373936161,0.3774636717077513,0.3539564801826935,0.8898209950147945,0.19743546826133027,0.7595395084267543
2021-04-08 00:40:00,0.9881450488145049,-0.3067729083665339,0.15979151154132532,0.027673629708980574,0.5962754053735718,0.12427616926503342,0.5,0.0951672373936161,0.3774636717077513,0.3539564801826935,0.8898209950147945,0.19743546826133027,0.78196206828915
2021-04-08 00:50:00,0.9874476987447699,-0.298804780876494,0.15740878629932964,0.034815211569362514,0.5962754053735718,0.10445434298440981,0.5,0.0951672373936161,0.3774636717077513,0.3539564801826935,0.8898209950147945,0.19743546826133027,0.8043846281515458
2021-04-08 01:00:00,0.8675034867503486,-0.17131474103585675,0.15323901712583754,0.04409926798785935,0.5962754053735718,0.07305122494432072,0.5,0.05358987640345636,0.3748574022936325,0.3674336511675713,0.8846216247290363,0.19460012429637794,0.8268071880139415
2021-04-08 01:10:00,0.9044630404463041,-0.1633466135458168,0.15472822040208456,0.05659703624352819,0.5962754053735718,0.08541202672605791,0.5,0.05358987640345636,0.3748574022936325,0.3674336511675713,0.8846216247290363,0.19460012429637794,0.8492297478763373
2021-04-08 01:20:00,0.8675034867503486,-0.07569721115537853,0.15711094564408024,0.06909480449919658,0.5962754053735718,0.07327394209354121,0.5,0.05358987640345636,0.3748574022936325,0.3674336511675713,0.8846216247290363,0.19460012429637794,0.871652307738733
2021-04-08 01:30:00,0.8291492329149234,-0.06772908366533881,0.15323901712583754,0.07873594001071238,0.5962754053735718,0.05746102449888642,0.5,0.05358987640345636,0.3748574022936325,0.3674336511675713,0.8846216247290363,0.19460012429637794,0.8940748676011286
2021-04-08 01:40:00,0.8375174337517434,-0.043824701195219196,0.1475800446760982,0.08659168005713269,0.5962754053735718,0.06380846325167039,0.5,0.05358987640345636,0.3748574022936325,0.3674336511675713,0.8846216247290363,0.19460012429637794,0.9164974274635244
2021-04-08 01:50:00,0.8772663877266388,0.019920318725099362,0.1475800446760982,0.09123370826638122,0.5962754053735718,0.07873051224944322,0.5,0.05358987640345636,0.3748574022936325,0.3674336511675713,0.8846216247290363,0.19460012429637794,0.9389199873259201
2021-04-08 02:00:00,0.9588563458856346,0.003984063745019917,0.15026061057334306,0.09337618282449567,0.5962754053735718,0.10189309576837417,0.5,0.05777528889612271,0.38347217153677876,0.3566235080159842,0.869465971151861,0.18543485883602412,0.9613425471883157
2021-04-08 02:10:00,0.9644351464435147,-0.059760956175298974,0.14847356664184663,0.09658989466166767,0.5962754053735718,0.11180400890868596,0.5,0.05777528889612271,0.38347217153677876,0.3566235080159842,0.869465971151861,0.18543485883602412,0.9837651070507114
2021-04-08 02:20:00,0.9065550906555091,-0.19521912350597614,0.14162323157110923,0.1008748437778968,0.5962754053735718,0.12305122494432072,0.5,0.05777528889612271,0.38347217153677876,0.3566235080159842,0.869465971151861,0.18543485883602412,0.6950073177723796
2021-04-08 02:30:00,0.8828451882845189,-0.4103585657370519,0.13149664929262816,0.09908944831280131,0.5962754053735718,0.11403118040089087,0.5,0.05777528889612271,0.38347217153677876,0.3566235080159842,0.869465971151861,0.18543485883602412,0.7660877830921737
2021-04-08 02:40:00,0.9358437935843794,-0.3227091633466136,0.12732688011913607,0.09159078735940018,0.5962754053735718,0.13574610244988863,0.5,0.05777528889612271,0.38347217153677876,0.3566235080159842,0.869465971151861,0.18543485883602412,0.6320216666415197
2021-04-08 02:50:00,0.9135285913528591,-0.40239043824701204,0.12702903946388688,0.0830208891269415,0.5962754053735718,0.1123608017817372,0.5,0.05777528889612271,0.38347217153677876,0.3566235080159842,0.869465971151861,0.18543485883602412,0.8122953664167056
2021-04-08 03:00:00,0.8563458856345886,-0.4183266932270917,0.1243484735666418,0.07945009819675053,0.5962754053735718,0.111358574610245,0.5,0.03800651252425169,0.39253808113055216,0.3617305664013335,0.8440692487433599,0.17828358803188415,0.6963049021530848
2021-04-08 03:10:00,0.8905160390516039,-0.4422310756972112,0.1195830230826509,0.07373683270844489,0.5962754053735718,0.10501113585746102,0.5,0.03800651252425169,0.39253808113055216,0.3617305664013335,0.8440692487433599,0.17828358803188415,0.8042382727039546
2021-04-08 03:20:00,0.8444909344490934,-0.5458167330677292,0.1174981384959044,0.07052312087127288,0.5962754053735718,0.09432071269487752,0.5,0.03800651252425169,0.39253808113055216,0.3617305664013335,0.8440692487433599,0.17828358803188415,0.803016129275616
2021-04-08 03:30:00,0.8054393305439331,-0.298804780876494,0.11392405063291133,0.0673094090341011,0.5906872047218332,0.09164810690423163,0.5,0.03800651252425169,0.39253808113055216,0.3617305664013335,0.8440692487433599,0.17828358803188415,0.7483440710955536
2021-04-08 03:40:00,0.7419804741980475,0.01195219123505975,0.11422189128816074,0.061596143545795234,0.584209079844525,0.08897550111358575,0.5,0.03800651252425169,0.39253808113055216,0.3617305664013335,0.8440692487433599,0.17828358803188415,0.7342139807172926
2021-04-08 03:50:00,0.7447698744769874,-0.07569721115537853,0.11154132539091588,0.061596143545795234,0.584209079844525,0.07750556792873052,0.5,0.03800651252425169,0.39253808113055216,0.3617305664013335,0.8440692487433599,0.17828358803188415,0.7710517977578949
2021-04-08 04:00:00,0.7412831241283124,-0.07569721115537853,0.11064780342516745,0.06516693447598643,0.584209079844525,0.08262806236080178,0.5,-0.011091803378201037,0.40063849290387926,0.3795659583717422,0.7862280398744317,0.1739805613954325,0.7447832581438508
2021-04-08 04:10:00,0.7642956764295677,-0.12350597609561753,0.11511541325390895,0.06766648812712006,0.584209079844525,0.05612472160356348,0.5,-0.011091803378201037,0.40063849290387926,0.3795659583717422,0.7862280398744317,0.1739805613954325,0.7791604176411122
2021-04-08 04:20:00,0.7698744769874476,0.03585657370517925,0.11541325390915858,0.06195322263881464,0.584209079844525,0.027171492204899776,0.5,-0.011091803378201037,0.40063849290387926,0.3795659583717422,0.7862280398744317,0.1739805613954325,0.8135376525793262
2021-04-08 04:30:00,0.7803347280334728,0.1633466135458166,0.11630677587490679,0.06552401356900561,0.584209079844525,0.029398663697104678,0.5,-0.011091803378201037,0.40063849290387926,0.3795659583717422,0.7862280398744317,0.1739805613954325,0.84791488751754
2021-04-08 04:40:00,0.797768479776848,0.21912350597609564,0.11839166046165284,0.0687377254061774,0.584209079844525,0.031403118040089086,0.5,-0.011091803378201037,0.40063849290387926,0.3795659583717422,0.7862280398744317,0.1739805613954325,0.8822919715738492
2021-04-08 04:50:00,0.7168758716875872,0.01195219123505975,0.11839166046165284,0.07480806998750222,0.584209079844525,0.0089086859688196,0.5,-0.011091803378201037,0.40063849290387926,0.3795659583717422,0.7862280398744317,0.1739805613954325,0.916669206512063
2021-04-08 05:00:00,0.6652719665271966,-0.05179282868525903,0.1133283693224123,0.08587752187109432,0.584209079844525,0.0027839643652561247,0.5,-0.0017387299076820906,0.4103394471950271,0.36225380147527947,0.7565994947509981,0.1710042057798093,0.9510463660093246
2021-04-08 05:10:00,0.6680613668061367,0.027888446215139417,0.10945644080416961,0.09301910373147648,0.584209079844525,0.0012249443207126948,0.5,-0.0017387299076820906,0.4103394471950271,0.36225380147527947,0.7565994947509981,0.1710042057798093,0.9320201578224724
2021-04-08 05:20:00,0.6436541143654114,0.394422310756972,0.1088607594936708,0.09337618282449567,0.584209079844525,0.0006681514476614699,0.5,-0.0017387299076820906,0.4103394471950271,0.36225380147527947,0.7565994947509981,0.1710042057798093,0.8862727643073766
2021-04-08 05:30:00,0.5885634588563459,-0.1394422310756973,0.1046909903201787,0.09837529012676294,0.5935663713339702,0.00111358574610245,0.5,-0.0017387299076820906,0.4103394471950271,0.36225380147527947,0.7565994947509981,0.1710042057798093,0.7139882613878118
2021-04-08 05:40:00,0.6234309623430963,-0.2509960159362551,0.1005212211466866,0.10480271380110695,0.5940767690515764,0.0010022271714922048,0.5,-0.0017387299076820906,0.4103394471950271,0.36225380147527947,0.7565994947509981,0.1710042057798093,0.776061076995036
2021-04-08 05:50:00,0.5118549511854951,-0.09960159362549814,0.09575577066269525,0.10658810926620266,0.5940767690515764,0.005790645879732739,0.5,-0.0017387299076820906,0.4103394471950271,0.36225380147527947,0.7565994947509981,0.1710042057798093,0.5316851999939647
2021-04-08 06:00:00,0.5474198047419805,-0.11553784860557781,0.0892032762472077,0.11087305838243178,0.5940767690515764,0.0027839643652561247,0.5,0.008867319075332336,0.44432726927906535,0.32207502906896746,0.7150259230232637,0.1748525678621584,0.5977488419813812
2021-04-08 06:10:00,0.5808926080892608,-0.24302788844621515,0.08741623231571105,0.10194608105695413,0.5940767690515764,0.000556792873051225,0.5,0.008867319075332336,0.44432726927906535,0.32207502906896746,0.7150259230232637,0.1748525678621584,0.6856828160598699
2021-04-08 06:20:00,0.5132496513249651,0.10756972111553775,0.0856291883842144,0.09658989466166767,0.5861590608681996,0.004788418708240535,0.5,0.008867319075332336,0.44432726927906535,0.32207502906896746,0.7150259230232637,0.1748525678621584,0.5337749143745191
2021-04-08 06:30:00,0.4560669456066946,-0.05179282868525903,0.08384214445271776,0.09016247098732366,0.5940767690515764,0.006347438752783964,0.5,0.008867319075332336,0.44432726927906535,0.32207502906896746,0.7150259230232637,0.1748525678621584,0.39859981592407623
2021-04-08 06:40:00,0.46234309623430964,-0.003984063745020028,0.0826507818317197,0.0830208891269415,0.5940767690515764,0.0071269487750556795,0.5,0.008867319075332336,0.44432726927906535,0.32207502906896746,0.7150259230232637,0.1748525678621584,0.39844893401934306
2021-04-08 06:50:00,0.44421199442119946,0.22709163346613526,0.07758749069247939,0.07337975361542592,0.5940767690515764,0.007238307349665925,0.5,0.008867319075332336,0.44432726927906535,0.32207502906896746,0.7150259230232637,0.1748525678621584,0.3656170315494063
2021-04-08 07:00:00,0.42538354253835425,0.09163346613545809,0.07669396872673095,0.05981074808069997,0.5940767690515764,0.00601336302895323,0.5,0.0175089044410639,0.44590195024812934,0.3016659444602328,0.6809133256046468,0.18377486074796612,0.34646257374353095
2021-04-08 07:10:00,0.4330543933054393,-0.1394422310756973,0.07669396872673095,0.05231208712729862,0.5940767690515764,0.005790645879732739,0.5,0.0175089044410639,0.44590195024812934,0.3016659444602328,0.6809133256046468,0.18377486074796612,0.3566244700273097
2021-04-08 07:20:00,0.4281729428172943,0.25099601593625476,0.0740134028294861,0.04409926798785935,0.5940767690515764,0.0044543429844098,0.5,0.0175089044410639,0.44590195024812934,0.3016659444602328,0.6809133256046468,0.18377486074796612,0.3470208367910437
2021-04-08 07:30:00,0.46582984658298465,0.027888446215139417,0.07490692479523453,0.033386895197286215,0.5940767690515764,0.008017817371937639,0.5,0.0175089044410639,0.44590195024812934,0.3016659444602328,0.6809133256046468,0.18377486074796612,0.4233369042050787
2021-04-08 07:40:00,0.4581589958158996,0.2749003984063745,0.07669396872673095,0.029101946081057095,0.5940767690515764,0.004899777282850779,0.5,0.0175089044410639,0.44590195024812934,0.3016659444602328,0.6809133256046468,0.18377486074796612,0.4043710487801198
2021-04-08 07:50:00,0.4735006973500697,0.09960159362549792,0.07937453462397603,0.022674522406713082,0.5940767690515764,0.0036748329621380848,0.5,0.0175089044410639,0.44590195024812934,0.3016659444602328,0.6809133256046468,0.18377486074796612,0.45974470781719146
2021-04-08 08:00:00,0.45397489539748953,-0.1633466135458168,0.0826507818317197,0.02660239242992324,0.5940767690515764,0.005011135857461025,0.5,0.03117263125524672,0.45443913484498855,0.28932591572161614,0.6707141970945794,0.18611859931332056,0.3950842675437935
2021-04-08 08:10:00,0.42747559274755925,-0.26693227091633476,0.0826507818317197,0.02945902517407606,0.5940767690515764,0.004565701559020045,0.5,0.03117263125524672,0.45443913484498855,0.28932591572161614,0.6707141970945794,0.18611859931332056,0.34962354964769077
2021-04-08 08:20:00,0.3270571827057183,-0.36254980079681276,0.0826507818317197,0.025888234243884867,0.5940767690515764,0.000556792873051225,0.5,0.03117263125524672,0.45443913484498855,0.28932591572161614,0.6707141970945794,0.18611859931332056,0.18910029120207614
2021-04-08 08:30:00,0.3138075313807531,-0.3784860557768924,0.0826507818317197,0.020174968755579448,0.5940767690515764,0.000556792873051225,0.5,0.03117263125524672,0.45443913484498855,0.28932591572161614,0.6707141970945794,0.18611859931332056,0.16600027158742853
2021-04-08 08:40:00,0.2880055788005579,-0.26693227091633476,0.08086373790022328,0.011962149616140172,0.5940767690515764,0.000556792873051225,0.5,0.03117263125524672,0.45443913484498855,0.28932591572161614,0.6707141970945794,0.18611859931332056,0.14219110702053503
2021-04-08 08:50:00,0.23570432357043236,0.4661354581673305,0.0826507818317197,0.006248884127834309,0.5940767690515764,0.000556792873051225,0.5,0.03117263125524672,0.45443913484498855,0.28932591572161614,0.6707141970945794,0.18611859931332056,0.09600615598171312
2021-04-08 09:00:00,0.24058577405857742,0.4501992031872508,0.08384214445271776,0.0008926977325478536,0.5940767690515764,0.000556792873051225,0.5,0.028900752212226877,0.4681400086779884,0.3050953788045664,0.6164022676156562,0.18669697632538482,0.10536083407516937
2021-04-08 09:10:00,0.28661087866108786,0.5219123505976095,0.08741623231571105,-0.001963935011604967,0.5940767690515764,0.000556792873051225,0.5,0.028900752212226877,0.4681400086779884,0.3050953788045664,0.6164022676156562,0.18669697632538482,0.1391583807353984
2021-04-08 09:20:00,0.28103207810320785,0.043824701195219085,0.09158600148920315,-0.008391358685948758,0.5940767690515764,0.000556792873051225,0.5,0.028900752212226877,0.4681400086779884,0.3050953788045664,0.6164022676156562,0.18669697632538482,0.13520527483138947
2021-04-08 09:30:00,0.3103207810320781,-0.17131474103585675,0.09426656738644801,-0.005534725941796048,0.5940767690515764,0.000556792873051225,0.5,0.028900752212226877,0.4681400086779884,0.3050953788045664,0.6164022676156562,0.18669697632538482,0.16243191454048916
2021-04-08 09:40:00,0.34658298465829845,-0.23505976095617542,0.10201042442293362,-0.0026780931976432276,0.5939720720838623,0.000556792873051225,0.5,0.028900752212226877,0.4681400086779884,0.3050953788045664,0.6164022676156562,0.18669697632538482,0.22244519214810568
2021-04-08 09:50:00,0.4093444909344491,0.05976095617529875,0.11064780342516745,0.001963935011605189,0.5888680949078012,0.000556792873051225,0.5,0.028900752212226877,0.4681400086779884,0.3050953788045664,0.6164022676156562,0.18669697632538482,0.3562698975511867
2021-04-08 10:00:00,0.4198047419804742,-0.17131474103585675,0.11898734177215187,0.013033386895197285,0.5941552917773619,0.000556792873051225,0.5,0.21139004670433104,0.47385253744895856,0.17010694361856749,0.6741477523799321,0.197001696339286,0.3438372286011739
2021-04-08 10:10:00,0.47280334728033474,0.1394422310756971,0.12673119880863726,0.018746652383502926,0.5941552917773619,0.000556792873051225,0.5,0.21139004670433104,0.47385253744895856,0.17010694361856749,0.6741477523799321,0.197001696339286,0.4443773858201186
2021-04-08 10:20:00,0.5167364016736402,0.19521912350597592,0.13417721518987324,0.026245313336904275,0.5949012576723247,0.000556792873051225,0.5,0.21139004670433104,0.47385253744895856,0.17010694361856749,0.6741477523799321,0.197001696339286,0.5521296980853087
2021-04-08 10:30:00,0.5836820083682008,-0.1872509960159363,0.14162323157110923,0.03445813247634355,0.6053316930808391,0.00033407572383073496,0.5,0.21139004670433104,0.47385253744895856,0.17010694361856749,0.6741477523799321,0.197001696339286,0.7110234319598051
2021-04-08 10:40:00,0.5843793584379359,-0.2749003984063746,0.14728220402084857,0.04374218889484016,0.6053316930808391,0.0012249443207126948,0.5,0.21139004670433104,0.47385253744895856,0.17010694361856749,0.6741477523799321,0.197001696339286,0.6989000709144952
2021-04-08 10:50:00,0.5718270571827057,-0.03585657370517936,0.155621742367833,0.05659703624352819,0.6053316930808391,0.005011135857461025,0.5,0.21139004670433104,0.47385253744895856,0.17010694361856749,0.6741477523799321,0.197001696339286,0.6741026298715995
2021-04-08 11:00:00,0.6199442119944213,-0.043824701195219196,0.16574832464631406,0.06909480449919658,0.6118883406839328,0.040311804008908686,0.5,0.20793746829371917,0.4846569178206194,0.1812199188972954,0.7506546192074351,0.2174616340627869,0.610204143217104
2021-04-08 11:10:00,0.6931659693165969,-0.11553784860557781,0.1752792256142961,0.07480806998750222,0.6158275640941749,0.04498886414253898,0.5,0.20793746829371917,0.4846569178206194,0.1812199188972954,0.7506546192074351,0.2174616340627869,0.7749445509000106
2021-04-08 11:20:00,0.6576011157601116,0.2111553784860556,0.1860014892032762,0.08801999642920899,0.6113779429663267,0.020935412026726056,0.5,0.20793746829371917,0.4846569178206194,0.1812199188972954,0.7506546192074351,0.2174616340627869,0.8477752463147095
2021-04-08 11:30:00,0.7705718270571827,-0.06772908366533881,0.19702159344750547,0.10194608105695413,0.613812147465679,0.10579064587973275,0.5,0.20793746829371917,0.4846569178206194,0.1812199188972954,0.7506546192074351,0.2174616340627869,0.553578164370747
2021-04-08 11:40:00,0.7789400278940027,-0.01195219123505975,0.2014892032762472,0.10551687198714532,0.6070722801690855,0.07438752783964366,0.5,0.20793746829371917,0.4846569178206194,0.1812199188972954,0.7506546192074351,0.2174616340627869,0.7830846296603649
2021-04-08 11:50:00,0.7315202231520224,0.019920318725099362,0.20357408786299303,0.11194429566148911,0.6198583973511667,0.03162583518930957,0.5,0.20793746829371917,0.4846569178206194,0.1812199188972954,0.7506546192074351,0.2174616340627869,0.99699745009581
2021-04-08 12:00:00,0.7071129707112971,-0.02788844621513953,0.2062546537602381,0.12229958935904306,0.6108937194906492,0.009020044543429844,0.5,0.2040533342583255,0.48132652504116485,0.19698405578705475,0.7486189902497906,0.22557796896413287,0.983553872384085
2021-04-08 12:10:00,0.7273361227336123,-0.003984063745020028,0.21489203276247193,0.14193893947509362,0.6066665794191937,0.012360801781737195,0.5,0.2040533342583255,0.48132652504116485,0.19698405578705475,0.7486189902497906,0.22557796896413287,0.98652247385971
2021-04-08 12:20:00,0.7154811715481172,0.043824701195219085,0.2220402084884585,0.14800928405641844,0.6123333027967177,0.009020044543429844,0.5,0.2040533342583255,0.48132652504116485,0.19698405578705475,0.7486189902497906,0.22557796896413287,0.989491075335335
2021-04-08 12:30:00,0.7099023709902371,0.19521912350597592,0.22829486224869666,0.1647920014283164,0.6169399693761369,0.016035634743875277,0.5,0.2040533342583255,0.48132652504116485,0.19698405578705475,0.7486189902497906,0.22557796896413287,0.9649878540066691
2021-04-08 12:40:00,0.6576011157601116,-0.03585657370517936,0.23246463142218898,0.17907516514908073,0.6179607648113492,0.004899777282850779,0.5,0.2040533342583255,0.48132652504116485,0.19698405578705475,0.7486189902497906,0.22557796896413287,0.8728216425004149
2021-04-08 12:50:00,0.6534170153417015,-0.07569721115537853,0.23931496649292616,0.19300124977682542,0.6163772231746738,0.0033407572383073497,0.5,0.2040533342583255,0.48132652504116485,0.19698405578705475,0.7486189902497906,0.22557796896413287,0.8579446866937248
2021-04-08 13:00:00,0.6136680613668062,-0.03585657370517936,0.24348473566641826,0.20692733440457056,0.6009213333158838,0.00022271714922048998,0.5,0.293347759656303,0.46913136804719563,0.1632144691871481,0.6875599760042199,0.2345836412023101,0.768532069948851
2021-04-08 13:10:00,0.6359832635983264,0.003984063745019917,0.24795234549516,0.21656846991608636,0.5977673371634974,0.0035634743875278397,0.5,0.293347759656303,0.46913136804719563,0.1632144691871481,0.6875599760042199,0.2345836412023101,0.8055434011798965
2021-04-08 13:20:00,0.6596931659693167,0.09163346613545809,0.2524199553239015,0.22263881449741119,0.6001099318160997,0.0022271714922049,0.5,0.293347759656303,0.46913136804719563,0.1632144691871481,0.6875599760042199,0.2345836412023101,0.9001916200190111
2021-04-08 13:30:00,0.6073919107391912,-0.20318725099601598,0.25450483991064754,0.23799321549723285,0.5999790606064572,0.00757238307349666,0.5,0.293347759656303,0.46913136804719563,0.1632144691871481,0.6875599760042199,0.2345836412023101,0.7497397287143353
2021-04-08 13:40:00,0.5718270571827057,-0.02788844621513953,0.25867460908413986,0.24513479735761456,0.610736674039078,0.005345211581291759,0.5,0.293347759656303,0.46913136804719563,0.1632144691871481,0.6875599760042199,0.2345836412023101,0.629698085308629
2021-04-08 13:50:00,0.5174337517433751,0.11553784860557759,0.2679076693968725,0.26191751472951275,0.6121893444661108,0.00022271714922048998,0.5,0.293347759656303,0.46913136804719563,0.1632144691871481,0.6875599760042199,0.2345836412023101,0.5100487348552288
2021-04-08 14:00:00,0.5083682008368201,0.3227091633466135,0.272970960536113,0.26620246384574187,0.608616560442868,0.00011135857461024499,0.5,0.2884702038507474,0.4489536130020381,0.1659379293054378,0.6407273555986978,0.23968405069653687,0.5532160477993874
2021-04-08 14:10:00,0.5299860529986052,0.05976095617529875,0.2765450483991063,0.2654883056597035,0.6180916360209917,0.000556792873051225,0.5,0.2884702038507474,0.4489536130020381,0.1659379293054378,0.6407273555986978,0.23968405069653687,0.5480936071336965
2021-04-08 14:20:00,0.5097629009762901,0.043824701195219085,0.2789277736411018,0.26977325477593306,0.6265851775267959,0.00011135857461024499,0.5,0.2884702038507474,0.4489536130020381,0.1659379293054378,0.6407273555986978,0.23968405069653687,0.5348763522790712
2021-04-08 14:30:00,0.5516039051603905,-0.003984063745020028,0.28071481757259864,0.2590608819853597,0.5968905000588921,0.00022271714922048998,0.5,0.2884702038507474,0.4489536130020381,0.1659379293054378,0.6407273555986978,0.23968405069653687,0.6224859302623836
2021-04-08 14:40:00,0.49302649930264997,-0.09960159362549814,0.2842889054355917,0.26191751472951275,0.5984740416955673,0.0010022271714922048,0.5,0.2884702038507474,0.4489536130020381,0.1659379293054378,0.6407273555986978,0.23968405069653687,0.49124884952547637
2021-04-08 14:50:00,0.48465829846582986,0.17928286852589648,0.287862993298585,0.26941617568291365,0.594259988745076,0.00022271714922048998,0.5,0.2884702038507474,0.4489536130020381,0.1659379293054378,0.6407273555986978,0.23968405069653687,0.49146762828733953
2021-04-08 15:00:00,0.499302649930265,0.03585657370517925,0.29322412509307516,0.2708444920549904,0.6172017117954222,0.00022271714922048998,0.5,0.28855979024909084,0.43017812860086324,0.1687743808078491,0.6108888376446492,0.2396826513336725,0.45325678591366536
2021-04-08 15:10:00,0.3668061366806137,0.2589641434262948,0.29679821295606845,0.27441528298518114,0.5914855191006531,0.00011135857461024499,0.5,0.28855979024909084,0.43017812860086324,0.1687743808078491,0.6108888376446492,0.2396826513336725,0.2690677007106538
2021-04-08 15:20:00,0.43584379358437936,-0.2589641434262948,0.30096798212956055,0.2833422603106588,0.612804439151431,0.00011135857461024499,0.5,0.28855979024909084,0.43017812860086324,0.1687743808078491,0.6108888376446492,0.2396826513336725,0.3792416675468111
2021-04-08 15:30:00,0.33403068340306835,0.25099601593625476,0.3030528667163066,0.28227102303160145,0.6174765413356716,0.00011135857461024499,0.5,0.28855979024909084,0.43017812860086324,0.1687743808078491,0.6108888376446492,0.2396826513336725,0.21687010576821525
2021-04-08 15:40:00,0.34658298465829845,0.2589641434262948,0.3072226358897989,0.28691305124084976,0.6091531324024029,0.00011135857461024499,0.5,0.28855979024909084,0.43017812860086324,0.1687743808078491,0.6108888376446492,0.2396826513336725,0.2380765574784616
2021-04-08 15:50:00,0.4797768479776848,-0.45019920318725104,0.30781831720029773,0.2833422603106588,0.6183141170773842,0.0006681514476614699,0.5,0.28855979024909084,0.43017812860086324,0.1687743808078491,0.6108888376446492,0.2396826513336725,0.4571570831510177
2021-04-08 16:00:00,0.27475592747559274,0.1872509960159361,0.3036485480268054,0.27262988752008566,0.5783067882896441,0.00011135857461024499,0.5,0.3116691787101895,0.4056383923311879,0.1628700420274687,0.5676136406731237,0.23634554714071124,0.15884092520783985
2021-04-08 16:10:00,0.3814504881450488,0.05179282868525892,0.3066269545792999,0.2858418139617924,0.6088259543782963,0.00011135857461024499,0.5,0.3116691787101895,0.4056383923311879,0.1628700420274687,0.5676136406731237,0.23634554714071124,0.2502074626190081
2021-04-08 16:20:00,0.41562064156206413,0.07569721115537842,0.3069247952345493,0.2708444920549904,0.5955817879624662,0.00011135857461024499,0.5,0.3116691787101895,0.4056383923311879,0.1628700420274687,0.5676136406731237,0.23634554714071124,0.34400319869638035
2021-04-08 16:30:00,0.5299860529986052,-0.0916334661354582,0.3096053611317944,0.26334583110158905,0.6145057648767847,0.00033407572383073496,0.5,0.3116691787101895,0.4056383923311879,0.1628700420274687,0.5676136406731237,0.23634554714071124,0.5385050620879037
2021-04-08 16:40:00,0.3096234309623431,0.3306772908366533,0.3075204765450483,0.2612033565434744,0.5916949130360812,0.00033407572383073496,0.5,0.3116691787101895,0.4056383923311879,0.1628700420274687,0.5676136406731237,0.23634554714071124,0.1912579024397604
2021-04-08 16:50:00,0.3207810320781032,-0.4422310756972112,0.310796723752792,0.26798785931083735,0.6251325070997631,0.00033407572383073496,0.5,0.3116691787101895,0.4056383923311879,0.1628700420274687,0.5676136406731237,0.23634554714071124,0.19158984263017337
2021-04-08 17:00:00,0.5627615062761506,-0.21912350597609564,0.3116902457185404,0.26191751472951275,0.624216408632265,0.00033407572383073496,0.5,0.3176297426842498,0.3946989572048852,0.16290174555836706,0.5178326220117127,0.2286450280795399,0.6472607390195694
2021-04-08 17:10:00,0.5648535564853556,0.2589641434262948,0.30841399851079654,0.25691840742724525,0.6099645339021869,0.00011135857461024499,0.5,0.3176297426842498,0.3946989572048852,0.16290174555836706,0.5178326220117127,0.2286450280795399,0.6112603165502362
2021-04-08 17:20:00,0.3716875871687587,-0.043824701195219196,0.3051377513030529,0.2594179610783791,0.615173208045962,0.00011135857461024499,0.5,0.3176297426842498,0.3946989572048852,0.16290174555836706,0.5178326220117127,0.2286450280795399,0.2616518550930187
2021-04-08 17:30:00,0.4665271966527197,0.08366533864541825,0.30603127326880086,0.2658453847527229,0.6076088521286201,0.00011135857461024499,0.5,0.3176297426842498,0.3946989572048852,0.16290174555836706,0.5178326220117127,0.2286450280795399,0.3905200899256152
2021-04-08 17:40:00,0.4735006973500697,-0.33864541832669326,0.30543559195830206,0.270130333868952,0.602491787831595,0.00011135857461024499,0.5,0.3176297426842498,0.3946989572048852,0.16290174555836706,0.5178326220117127,0.2286450280795399,0.39257208382998626
2021-04-08 17:50:00,0.46443514644351463,0.09163346613545809,0.3030528667163066,0.26334583110158905,0.5865909358600202,0.00011135857461024499,0.5,0.3176297426842498,0.3946989572048852,0.16290174555836706,0.5178326220117127,0.2286450280795399,0.399399490019162
2021-04-08 18:00:00,0.4435146443514645,0.01195219123505975,0.2991809381980639,0.26298875200856986,0.6080407271204408,0.00011135857461024499,0.5,0.26630537488372275,0.405290698175613,0.20210848770733636,0.513679779819848,0.21644954876134237,0.3944656517343875
2021-04-08 18:10:00,0.42329149232914925,-0.14741035856573714,0.2962025316455694,0.2447777182645956,0.6048343824841973,0.00011135857461024499,0.5,0.26630537488372275,0.405290698175613,0.20210848770733636,0.513679779819848,0.21644954876134237,0.35513828326568797
2021-04-08 18:20:00,0.3716875871687587,-0.13147410358565736,0.29381980640357397,0.23763613640421344,0.6037874128070566,0.00011135857461024499,0.5,0.26630537488372275,0.405290698175613,0.20210848770733636,0.513679779819848,0.21644954876134237,0.2698749189009762
2021-04-08 18:30:00,0.3723849372384937,-0.13147410358565736,0.28935219657483224,0.23442242456704165,0.5986965227519598,0.00011135857461024499,0.5,0.26630537488372275,0.405290698175613,0.20210848770733636,0.513679779819848,0.21644954876134237,0.24608838661979268
2021-04-08 18:40:00,0.3437935843793584,0.38645418326693215,0.2881608339538346,0.22478128905552563,0.6016803863318109,0.00011135857461024499,0.5,0.26630537488372275,0.405290698175613,0.20210848770733636,0.513679779819848,0.21644954876134237,0.21508215519712723
2021-04-08 18:50:00,0.30474198047419804,-0.4900398406374503,0.2857781087118392,0.2212104981253349,0.627252620695973,0.00011135857461024499,0.5,0.26630537488372275,0.405290698175613,0.20210848770733636,0.513679779819848,0.21644954876134237,0.16001780406475852
2021-04-08 19:00:00,0.33821478382147835,-0.03585657370517936,0.2845867460908411,0.22513836814854504,0.6105534543455785,0.00011135857461024499,0.5,0.2631541082834732,0.4120865384891682,0.18650806785113597,0.4649152737605053,0.2128663767787941,0.19937534891440467
2021-04-08 19:10:00,0.3542538354253836,0.003984063745019917,0.27862993298585237,0.21406891626495272,0.5943908599547186,0.00011135857461024499,0.5,0.2631541082834732,0.4120865384891682,0.18650806785113597,0.4649152737605053,0.2128663767787941,0.23140003319401906
2021-04-08 19:20:00,0.296373779637378,-0.31474103585657376,0.2762472077438567,0.20085698982324596,0.5953593069060736,0.00011135857461024499,0.5,0.2631541082834732,0.4120865384891682,0.18650806785113597,0.4649152737605053,0.2128663767787941,0.15259441435188678
2021-04-08 19:30:00,0.2684797768479777,-0.17131474103585675,0.27386448250186124,0.1937154079628638,0.5905432463912264,0.00011135857461024499,0.5,0.2631541082834732,0.4120865384891682,0.18650806785113597,0.4649152737605053,0.2128663767787941,0.11452690978770916
2021-04-08 19:40:00,0.30264993026499304,-0.03585657370517936,0.27029039463886795,0.18978753793965364,0.5829919775948489,0.00011135857461024499,0.5,0.2631541082834732,0.4120865384891682,0.18650806785113597,0.4649152737605053,0.2128663767787941,0.15824494168414383
2021-04-08 19:50:00,0.3319386331938633,0.5059760956175297,0.2676098287416231,0.17479021603285116,0.5854392692151654,0.00011135857461024499,0.5,0.2631541082834732,0.4120865384891682,0.18650806785113597,0.4649152737605053,0.2128663767787941,0.1906619189160644
2021-04-08 20:00:00,0.26569037656903766,-0.298804780876494,0.26284437825763196,0.1651490805213356,0.5936056326968631,0.00011135857461024499,0.5,0.2720379371380981,0.42697991707063404,0.1717759442991789,0.43863417924045345,0.18915419805062186,0.12145238921496146
2021-04-08 20:10:00,0.300557880055788,0.21912350597609564,0.25867460908413986,0.16086413140510625,0.5827564094174922,0.00011135857461024499,0.5,0.2720379371380981,0.42697991707063404,0.1717759442991789,0.43863417924045345,0.18915419805062186,0.1552273035894805
2021-04-08 20:20:00,0.30264993026499304,-0.09960159362549814,0.25450483991064754,0.15300839135868594,0.5827564094174922,0.00011135857461024499,0.5,0.2720379371380981,0.42697991707063404,0.1717759442991789,0.43863417924045345,0.18915419805062186,0.15752070854142464
2021-04-08 20:30:00,0.3235704323570432,-0.19521912350597614,0.25152643335815306,0.1469380467773611,0.5827564094174922,0.00011135857461024499,0.5,0.2720379371380981,0.42697991707063404,0.1717759442991789,0.43863417924045345,0.18915419805062186,0.1794740256801002
2021-04-08 20:40:00,0.3319386331938633,-0.1633466135458168,0.24705882352941155,0.14301017675415095,0.5827564094174922,0.00011135857461024499,0.5,0.2720379371380981,0.42697991707063404,0.1717759442991789,0.43863417924045345,0.18915419805062186,0.18999049444000182
2021-04-08 20:50:00,0.3765690376569038,0.09163346613545809,0.24408041697691707,0.13658275307980716,0.5827564094174922,0.00011135857461024499,0.5,0.2720379371380981,0.42697991707063404,0.1717759442991789,0.43863417924045345,0.18915419805062186,0.23996258128762618
2021-04-08 21:00:00,0.36610878661087864,-0.29083665338645437,0.2411020104244228,0.13301196214961597,0.5770896860399681,0.00011135857461024499,0.5,0.26428594537497707,0.4357958316930391,0.16392691093349526,0.43147096403472945,0.1562942861893252,0.22464052386197322
2021-04-08 21:10:00,0.3772663877266388,0.003984063745019917,0.23782576321667914,0.13015532940546337,0.5716192694769078,0.00011135857461024499,0.5,0.26428594537497707,0.4357958316930391,0.16392691093349526,0.43147096403472945,0.1562942861893252,0.24443622976296453
2021-04-08 21:20:00,0.43165969316596936,0.17928286852589648,0.23574087862993265,0.12872701303338685,0.5716192694769078,0.00011135857461024499,0.5,0.26428594537497707,0.4357958316930391,0.16392691093349526,0.43147096403472945,0.1562942861893252,0.3395672706972253
2021-04-08 21:30:00,0.49023709902370993,0.3306772908366533,0.2300819061801933,0.1183717193358329,0.574511523210009,0.00011135857461024499,0.5,0.26428594537497707,0.4357958316930391,0.16392691093349526,0.43147096403472945,0.1562942861893252,0.4614647615311496
2021-04-08 21:40:00,0.509065550906555,-0.3944223107569722,0.22620997766195083,0.11980003570790942,0.5827825836594208,0.00011135857461024499,0.5,0.26428594537497707,0.4357958316930391,0.16392691093349526,0.43147096403472945,0.1562942861893252,0.47653786381399277
2021-04-08 21:50:00,0.5258019525801952,-0.40239043824701204,0.2244229337304542,0.12551330119621507,0.5827825836594208,0.00011135857461024499,0.5,0.26428594537497707,0.4357958316930391,0.16392691093349526,0.43147096403472945,0.1562942861893252,0.5082985047603241
2021-04-08 22:00:00,0.5264993026499303,-0.31474103585657376,0.22055100521221127,0.12908409212640604,0.5827825836594208,0.00011135857461024499,0.5,0.19164365025550123,0.46126083670730894,0.24425097681749053,0.4642241941836606,0.149971943649866,0.5297388234229069
2021-04-08 22:10:00,0.4860529986052998,-0.17928286852589637,0.2175725986597168,0.13194072487055908,0.5827825836594208,0.00011135857461024499,0.5,0.19164365025550123,0.46126083670730894,0.24425097681749053,0.4642241941836606,0.149971943649866,0.46446731143533954
2021-04-08 22:20:00,0.43165969316596936,-0.1633466135458168,0.21131794489947864,0.13301196214961597,0.5827825836594208,0.00011135857461024499,0.5,0.19164365025550123,0.46126083670730894,0.24425097681749053,0.4642241941836606,0.149971943649866,0.35235451212336105
2021-04-08 22:30:00,0.44072524407252445,0.03585657370517925,0.20804169769173497,0.13194072487055908,0.5827825836594208,0.00011135857461024499,0.5,0.19164365025550123,0.46126083670730894,0.24425097681749053,0.4642241941836606,0.149971943649866,0.3717956455482294
2021-04-08 22:40:00,0.4490934449093445,0.15537848605577675,0.20476545048399108,0.12765577575432951,0.5827825836594208,0.00011135857461024499,0.5,0.19164365025550123,0.46126083670730894,0.24425097681749053,0.4642241941836606,0.149971943649866,0.3751527679285423
2021-04-08 22:50:00,0.49442119944211993,0.3067729083665336,0.2023827252419954,0.11980003570790942,0.585622488908665,0.00011135857461024499,0.5,0.19164365025550123,0.46126083670730894,0.24425097681749053,0.4642241941836606,0.149971943649866,0.4681261976251188
2021-04-08 23:00:00,0.45188284518828453,0.08366533864541825,0.19940431868950093,0.1151580074986609,0.5940375076886835,0.00011135857461024499,0.5,0.12826787733934397,0.47477493268813664,0.25707543550823364,0.4483682755658773,0.15832230448434742,0.40740377506525643
2021-04-08 23:10:00,0.4463040446304045,0.4262948207171313,0.19553239017125823,0.11337261203356541,0.5940375076886835,0.00011135857461024499,0.5,0.12826787733934397,0.47477493268813664,0.25707543550823364,0.4483682755658773,0.15832230448434742,0.3802902967847066
2021-04-08 23:20:00,0.48884239888423986,0.1394422310756971,0.19285182427401315,0.10730226745224059,0.6008689848320268,0.00011135857461024499,0.5,0.12826787733934397,0.47477493268813664,0.25707543550823364,0.4483682755658773,0.15832230448434742,0.45122742429500434
2021-04-08 23:30:00,0.45746164574616455,-0.17928286852589637,0.19285182427401315,0.11051597928941259,0.5992200075905302,0.00011135857461024499,0.5,0.12826787733934397,0.47477493268813664,0.25707543550823364,0.4483682755658773,0.15832230448434742,0.3952426935437633
2021-04-08 23:40:00,0.42677824267782427,0.10756972111553775,0.19225614296351434,0.10801642563827896,0.5939982463257908,0.00011135857461024499,0.5,0.12826787733934397,0.47477493268813664,0.25707543550823364,0.4483682755658773,0.15832230448434742,0.3525355704090409
2021-04-08 23:50:00,0.40585774058577406,-0.21912350597609564,0.1874906924795232,0.10480271380110695,0.5911452539555824,0.00011135857461024499,0.5,0.12826787733934397,0.47477493268813664,0.25707543550823364,0.4483682755658773,0.15832230448434742,0.3026766449899663
2021-04-09 00:00:00,0.396792189679219,0.10756972111553775,0.18361876396128052,0.10337439742903043,0.5827825836594208,0.00011135857461024499,0.5,0.12647644955028348,0.46254242012373215,0.25773398125205366,0.4459150605986191,0.17281057872398792,0.3015525747997043
2021-04-09 00:10:00,0.3800557880055788,0.2828685258964143,0.18034251675353663,0.09694697375468664,0.5827825836594208,0.00011135857461024499,0.5,0.12647644955028348,0.46254242012373215,0.25773398125205366,0.4459150605986191,0.17281057872398792,0.2596451257600676
2021-04-09 00:20:00,0.3598326359832636,-0.07569721115537853,0.17676842889054334,0.09016247098732366,0.5827825836594208,0.00011135857461024499,0.5,0.12647644955028348,0.46254242012373215,0.25773398125205366,0.4459150605986191,0.17281057872398792,0.24206738385865384
2021-04-09 00:30:00,0.3563458856345886,-0.23505976095617542,0.17408786299329848,0.0848062845920372,0.5827825836594208,0.00011135857461024499,0.5,0.12647644955028348,0.46254242012373215,0.25773398125205366,0.4459150605986191,0.17281057872398792,0.24064154985892544
2021-04-09 00:40:00,0.3542538354253836,-0.0916334661354582,0.16932241250930735,0.08052133547580786,0.5773514284592532,0.00011135857461024499,0.5,0.12647644955028348,0.46254242012373215,0.25773398125205366,0.4459150605986191,0.17281057872398792,0.22475368529052311
2021-04-09 00:50:00,0.35146443514644354,0.394422310756972,0.16842889054355892,0.07230851633636859,0.5716192694769078,0.00011135857461024499,0.5,0.12647644955028348,0.46254242012373215,0.25773398125205366,0.4459150605986191,0.17281057872398792,0.21973686195814535
2021-04-09 01:00:00,0.36750348675034866,0.21912350597609564,0.16545048399106466,0.06266738082485257,0.5716192694769078,0.00011135857461024499,0.5,0.1129023424875335,0.4507869094587199,0.25931522655913847,0.4398219880845741,0.18447278408466689,0.24291986662039622
2021-04-09 01:10:00,0.33333333333333337,-0.14741035856573714,0.16008935219657472,0.061596143545795234,0.5716192694769078,0.00011135857461024499,0.5,0.1129023424875335,0.4507869094587199,0.25931522655913847,0.4398219880845741,0.18447278408466689,0.19658403367684113
2021-04-09 01:20:00,0.3179916317991632,-0.23505976095617542,0.15770662695457904,0.05552579896447085,0.5716192694769078,0.00011135857461024499,0.5,0.1129023424875335,0.4507869094587199,0.25931522655913847,0.4398219880845741,0.18447278408466689,0.17454773149056235
2021-04-09 01:30:00,0.30474198047419804,-0.5298804780876495,0.155621742367833,0.050883770755222324,0.5716192694769078,0.00011135857461024499,0.5,0.1129023424875335,0.4507869094587199,0.25931522655913847,0.4398219880845741,0.18447278408466689,0.14947115892391025
2021-04-09 01:40:00,0.28870292887029286,0.22709163346613526,0.1511541325390915,0.0480271380110695,0.5588462394157909,0.00011135857461024499,0.5,0.1129023424875335,0.4507869094587199,0.25931522655913847,0.4398219880845741,0.18447278408466689,0.13984489340193432
2021-04-09 01:50:00,0.29218967921896793,-0.02788844621513953,0.1508562918838421,0.041242635243706305,0.5707816937351952,0.00011135857461024499,0.5,0.1129023424875335,0.4507869094587199,0.25931522655913847,0.4398219880845741,0.18447278408466689,0.14244006216334476
2021-04-09 02:00:00,0.32914923291492326,-0.298804780876494,0.14966492926284403,0.04017139796464919,0.5716192694769078,0.00011135857461024499,0.5,0.11444135409540923,0.45393339789142306,0.24304497450211826,0.4117978885297419,0.1879914872866754,0.17666007815682666
2021-04-09 02:10:00,0.3486750348675035,-0.17928286852589637,0.14877140729709604,0.041242635243706305,0.5716192694769078,0.00011135857461024499,0.5,0.11444135409540923,0.45393339789142306,0.24304497450211826,0.4117978885297419,0.1879914872866754,0.2023477224376481
2021-04-09 02:20:00,0.2594142259414226,-0.1633466135458168,0.14609084139985096,0.039100160685591856,0.5716192694769078,0.00011135857461024499,0.5,0.11444135409540923,0.45393339789142306,0.24304497450211826,0.4117978885297419,0.1879914872866754,0.11676750607299667
2021-04-09 02:30:00,0.19316596931659694,0.5059760956175297,0.14519731943410275,0.03445813247634355,0.5716192694769078,0.00011135857461024499,0.5,0.11444135409540923,0.45393339789142306,0.24304497450211826,0.4117978885297419,0.1879914872866754,0.06794212170134437
2021-04-09 02:40:00,0.20920502092050208,0.01195219123505975,0.14311243484735647,0.039100160685591856,0.566476030937954,0.00011135857461024499,0.5,0.11444135409540923,0.45393339789142306,0.24304497450211826,0.4117978885297419,0.1879914872866754,0.08060865760369358
2021-04-09 02:50:00,0.3472803347280335,-0.059760956175298974,0.15353685778108694,0.04267095161578305,0.5931475834631139,0.00011135857461024499,0.5,0.11444135409540923,0.45393339789142306,0.24304497450211826,0.4117978885297419,0.1879914872866754,0.21780557357756083
2021-04-09 03:00:00,0.33054393305439334,-0.1394422310756973,0.15860014892032748,0.041956793429744677,0.6124249126434675,0.00011135857461024499,0.5,0.09265921847707781,0.4549305042714675,0.24916502410673083,0.3642683572244151,0.18720291296797903,0.2015405042473256
2021-04-09 03:10:00,0.35704323570432356,0.09960159362549792,0.16068503350707353,0.041242635243706305,0.6140215414011072,0.00011135857461024499,0.5,0.09265921847707781,0.4549305042714675,0.24916502410673083,0.3642683572244151,0.18720291296797903,0.22486684671907298
2021-04-09 03:20:00,0.299163179916318,0.7928286852589641,0.15651526433358143,0.0433851098018212,0.6627056313881509,0.00011135857461024499,0.5,0.09265921847707781,0.4549305042714675,0.24916502410673083,0.3642683572244151,0.18720291296797903,0.1620094452072363
2021-04-09 03:30:00,0.199442119944212,-0.3944223107569722,0.14132539091585983,0.03945723977861104,0.703328054861211,0.00033407572383073496,0.5,0.09265921847707781,0.4549305042714675,0.24916502410673083,0.3642683572244151,0.18720291296797903,0.0865911251263636
2021-04-09 03:40:00,0.15411436541143653,-0.03320053120849942,0.13924050632911378,0.04302803070880201,0.703328054861211,0.9334075723830735,0.5,0.09265921847707781,0.4549305042714675,0.24916502410673083,0.3642683572244151,0.18720291296797903,0.0
2021-04-09 03:50:00,0.07322175732217574,0.32802124833997315,0.15681310498883105,0.07052312087127288,0.703328054861211,0.9993318485523385,0.5,0.09265921847707781,0.4549305042714675,0.24916502410673083,0.3642683572244151,0.18720291296797903,0.0
2021-04-09 04:00:00,0.12482566248256625,0.689243027888446,0.15770662695457904,0.08266381003392254,0.703328054861211,0.9993318485523385,0.5,0.019642368162741564,0.4523845784711242,0.2587990930761137,0.32508264444273266,0.17227460190654448,0.0
2021-04-09 04:10:00,0.07391910739191074,0.6367124096207761,0.16217423678332077,0.08337796821996091,0.703328054861211,0.9993318485523385,0.5,0.019642368162741564,0.4523845784711242,0.2587990930761137,0.32508264444273266,0.17227460190654448,0.0
2021-04-09 04:20:00,0.07043235704323571,0.5841817913531058,0.16008935219657472,0.08944831280128551,0.703328054861211,0.9993318485523385,0.5,0.019642368162741564,0.4523845784711242,0.2587990930761137,0.32508264444273266,0.17227460190654448,0.0
2021-04-09 04:30:00,0.06276150627615062,0.5316511730854359,0.16008935219657472,0.09087662917336181,0.703328054861211,0.9993318485523385,0.5,0.019642368162741564,0.4523845784711242,0.2587990930761137,0.32508264444273266,0.17227460190654448,0.0
2021-04-09 04:40:00,0.08647140864714087,0.47912055481776594,0.15711094564408024,0.09337618282449567,0.703328054861211,0.9993318485523385,0.5,0.019642368162741564,0.4523845784711242,0.2587990930761137,0.32508264444273266,0.17227460190654448,0.0
2021-04-09 04:50:00,0.13458856345885634,0.426589936550096,0.15711094564408024,0.09230494554543855,0.703328054861211,0.9993318485523385,0.5,0.019642368162741564,0.4523845784711242,0.2587990930761137,0.32508264444273266,0.17227460190654448,0.0
2021-04-09 05:00:00,0.1617852161785216,0.37405931828242567,0.15711094564408024,0.08873415461524736,0.703328054861211,0.9993318485523385,0.5,0.009195079885652158,0.45874077245572664,0.27090984187927375,0.28203458880151394,0.1624094627266573,0.0
2021-04-09 05:10:00,0.10808926080892609,0.32152870001475575,0.15860014892032748,0.0830208891269415,0.703328054861211,0.9993318485523385,0.5,0.009195079885652158,0.45874077245572664,0.27090984187927375,0.28203458880151394,0.1624094627266573,0.0
2021-04-09 05:20:00,0.07601115760111576,0.26899808174708584,0.15770662695457904,0.08230673094090357,0.703328054861211,0.9993318485523385,0.5,0.009195079885652158,0.45874077245572664,0.27090984187927375,0.28203458880151394,0.1624094627266573,0.0
2021-04-09 05:30:00,0.048117154811715475,0.2164674634794157,0.15681310498883105,0.07945009819675053,0.703328054861211,0.9993318485523385,0.5,0.009195079885652158,0.45874077245572664,0.27090984187927375,0.28203458880151394,0.1624094627266573,0.0
2021-04-09 05:40:00,0.03765690376569038,0.16393684521174556,0.15472822040208456,0.07945009819675053,0.703328054861211,0.9993318485523385,0.5,0.009195079885652158,0.45874077245572664,0.27090984187927375,0.28203458880151394,0.1624094627266573,0.0
2021-04-09 05:50:00,0.029288702928870293,0.11140622694407565,0.15174981384959052,0.07873594001071238,0.703328054861211,0.9993318485523385,0.5,0.009195079885652158,0.45874077245572664,0.27090984187927375,0.28203458880151394,0.1624094627266573,0.0
2021-04-09 06:00:00,0.0202231520223152,0.05887560867640551,0.1520476545048397,0.07337975361542592,0.703328054861211,0.9993318485523385,0.5,-0.015925599930358803,0.4926941124747503,0.3498244955936531,0.24087528510583323,0.14483589708507633,0.0
2021-04-09 06:10:00,0.01603905160390516,0.006344990408735596,0.148175725986597,0.07159435815033022,0.703328054861211,0.9993318485523385,0.5,-0.015925599930358803,0.4926941124747503,0.3498244955936531,0.24087528510583323,0.14483589708507633,0.0
2021-04-09 06:20:00,0.011157601115760111,-0.04618562785893454,0.14400595681310469,0.0687377254061774,0.703328054861211,0.9993318485523385,0.5,-0.015925599930358803,0.4926941124747503,0.3498244955936531,0.24087528510583323,0.14483589708507633,0.0
2021-04-09 06:30:00,0.02370990237099024,-0.09871624612660457,0.14102755026061065,0.06695232994108213,0.703328054861211,0.9993318485523385,0.5,-0.015925599930358803,0.4926941124747503,0.3498244955936531,0.24087528510583323,0.14483589708507633,0.0
2021-04-09 06:40:00,0.029288702928870293,-0.1512468643942747,0.14221891288160804,0.061596143545795234,0.703328054861211,0.9993318485523385,0.5,-0.015925599930358803,0.4926941124747503,0.3498244955936531,0.24087528510583323,0.14483589708507633,0.0
2021-04-09 06:50:00,0.02510460251046025,-0.20377748266194473,0.14132539091585983,0.05838243170862345,0.703328054861211,0.9993318485523385,0.5,-0.015925599930358803,0.4926941124747503,0.3498244955936531,0.24087528510583323,0.14483589708507633,0.0
2021-04-09 07:00:00,0.03138075313807531,-0.25630810092961476,0.13477289650037205,0.054454561685413294,0.703328054861211,0.9993318485523385,0.5,-0.008149160352648899,0.49153896329671537,0.3362325578269233,0.2416418644935914,0.18975027689177157,0.0
2021-04-09 07:10:00,0.06485355648535565,-0.3088387191972848,0.1332836932241248,0.054454561685413294,0.703328054861211,0.9993318485523385,0.5,-0.008149160352648899,0.49153896329671537,0.3362325578269233,0.2416418644935914,0.18975027689177157,0.0
2021-04-09 07:20:00,0.10320781032078104,-0.3613693374649548,0.1332836932241248,0.051597928941260696,0.703328054861211,0.9993318485523385,0.5,-0.008149160352648899,0.49153896329671537,0.3362325578269233,0.2416418644935914,0.18975027689177157,0.0
2021-04-09 07:30:00,0.11157601115760113,-0.41389995573262495,0.1359642591213699,0.04767005891805054,0.703328054861211,0.9993318485523385,0.5,-0.008149160352648899,0.49153896329671537,0.3362325578269233,0.2416418644935914,0.18975027689177157,0.0
2021-04-09 07:40:00,0.10285913528591353,-0.46643057400029486,0.1359642591213699,0.04409926798785935,0.703328054861211,0.9993318485523385,0.5,-0.008149160352648899,0.49153896329671537,0.3362325578269233,0.2416418644935914,0.18975027689177157,0.0
2021-04-09 07:50:00,0.09414225941422595,-0.518961192267965,0.1359642591213699,0.04052847705766838,0.703328054861211,0.9993318485523385,0.5,-0.008149160352648899,0.49153896329671537,0.3362325578269233,0.2416418644935914,0.18975027689177157,0.0
2021-04-09 08:00:00,0.16736401673640167,-0.571491810535635,0.13894266567386415,0.039814318871630006,0.703328054861211,0.9993318485523385,0.5,0.0006369439497995177,0.5014295689454519,0.32565803531697257,0.21986601392921662,0.23160598181175449,0.0
2021-04-09 08:10:00,0.1603905160390516,-0.624022428803305,0.13417721518987324,0.034101053383324365,0.703328054861211,0.9993318485523385,0.5,0.0006369439497995177,0.5014295689454519,0.32565803531697257,0.21986601392921662,0.23160598181175449,0.0
2021-04-09 08:20:00,0.15202231520223153,-0.6765530470709751,0.14072970960536102,0.03660060703445822,0.703328054861211,0.9993318485523385,0.5,0.0006369439497995177,0.5014295689454519,0.32565803531697257,0.21986601392921662,0.23160598181175449,0.0
2021-04-09 08:30:00,0.2294281729428173,-0.7290836653386454,0.14847356664184663,0.04445634708087853,0.6700605933700645,0.4536748329621381,0.5,0.0006369439497995177,0.5014295689454519,0.32565803531697257,0.21986601392921662,0.23160598181175449,0.036913257992968906
2021-04-09 08:40:00,0.20292887029288703,-0.05179282868525903,0.16396128071481741,0.06909480449919658,0.6638311237910772,0.00011135857461024499,0.5,0.0006369439497995177,0.5014295689454519,0.32565803531697257,0.21986601392921662,0.23160598181175449,0.05909289798874421
2021-04-09 08:50:00,0.16527196652719667,-0.3466135458167332,0.17319434102755027,0.09908944831280131,0.6638311237910772,0.00011135857461024499,0.5,0.0006369439497995177,0.5014295689454519,0.32565803531697257,0.21986601392921662,0.23160598181175449,0.037396080088115034
2021-04-09 09:00:00,0.18479776847977683,0.6573705179282865,0.18659717051377522,0.13194072487055908,0.6638311237910772,0.00011135857461024499,0.5,0.005148082714327762,0.5115155729626141,0.3397472112623116,0.12997741813222302,0.3017603886744916,0.04595108408648551
2021-04-09 09:10:00,0.21617852161785217,0.4581673306772909,0.19761727475800428,0.15800749866095343,0.6638311237910772,0.00011135857461024499,0.5,0.005148082714327762,0.5115155729626141,0.3397472112623116,0.12997741813222302,0.3017603886744916,0.07202347722437648
2021-04-09 09:20:00,0.25383542538354253,0.36254980079681287,0.20833953834698438,0.1697911087305839,0.6638311237910772,0.00011135857461024499,0.5,0.005148082714327762,0.5115155729626141,0.3397472112623116,0.12997741813222302,0.3017603886744916,0.10901217616971197
2021-04-09 09:30:00,0.2315202231520223,0.10756972111553775,0.2175725986597168,0.1694340296375647,0.6638311237910772,0.00011135857461024499,0.5,0.005148082714327762,0.5115155729626141,0.3397472112623116,0.12997741813222302,0.3017603886744916,0.09405223531541862
2021-04-09 09:40:00,0.23570432357043236,0.29083665338645415,0.22740134028294823,0.17871808605606132,0.6693669759589588,0.00011135857461024499,0.5,0.005148082714327762,0.5115155729626141,0.3397472112623116,0.12997741813222302,0.3017603886744916,0.09225674064909396
2021-04-09 09:50:00,0.22663877266387727,-0.33864541832669326,0.23395383469843622,0.190501696125692,0.6745233016188769,0.00011135857461024499,0.5,0.005148082714327762,0.5115155729626141,0.3397472112623116,0.12997741813222302,0.3017603886744916,0.08514265884092521
2021-04-09 10:00:00,0.1882845188284519,0.11553784860557759,0.2214445271779597,0.19335832886984483,0.6637133397023989,0.00011135857461024499,0.5,0.1771330884994211,0.5106362803047084,0.26472816061059484,0.12763856942146776,0.5266340582534159,0.06741403503477827
2021-04-09 10:10:00,0.14225941422594143,0.24302788844621515,0.18004467609828723,0.13515443670773086,0.6754132258444465,0.00011135857461024499,0.5,0.1771330884994211,0.5106362803047084,0.26472816061059484,0.12763856942146776,0.5266340582534159,0.04021002761138857
2021-04-09 10:20:00,0.1317991631799163,0.21912350597609564,0.17289650037230064,0.10837350473129792,0.6838020703825365,0.00011135857461024499,0.5,0.1771330884994211,0.5106362803047084,0.26472816061059484,0.12763856942146776,0.5266340582534159,0.031232554279765228
2021-04-09 10:30:00,0.1387726638772664,-0.01195219123505975,0.16962025316455676,0.1008748437778968,0.6966928845323318,0.00011135857461024499,0.5,0.1771330884994211,0.5106362803047084,0.26472816061059484,0.12763856942146776,0.5266340582534159,0.02991233761335003
2021-04-09 10:40:00,0.13668061366806136,0.15537848605577675,0.17289650037230064,0.1008748437778968,0.7200403083325699,0.00011135857461024499,0.5,0.1771330884994211,0.5106362803047084,0.26472816061059484,0.12763856942146776,0.5266340582534159,0.037177301326251945
2021-04-09 10:50:00,0.15132496513249652,0.06772908366533859,0.1752792256142961,0.1026602392429925,0.7544725235895355,0.00011135857461024499,0.5,0.1771330884994211,0.5106362803047084,0.26472816061059484,0.12763856942146776,0.5266340582534159,0.034929160945727775
2021-04-09 11:00:00,0.09693165969316596,0.4183266932270917,0.18093819806403566,0.10801642563827896,0.7725065762782845,0.00011135857461024499,0.5,0.19754721379964058,0.5039352656699434,0.27378776160010004,0.22371087186068356,0.6613956947719511,0.005454380856103928
2021-04-09 11:10:00,0.10390516039051603,0.2589641434262948,0.1857036485480268,0.12015711480092839,0.8028163484315086,0.03429844097995546,0.5,0.19754721379964058,0.5039352656699434,0.27378776160010004,0.22371087186068356,0.6613956947719511,0.0
2021-04-09 11:20:00,0.15760111576011157,0.15537848605577675,0.19791511541325368,0.1312265666845207,0.8092813861878525,0.8968819599109132,0.5,0.19754721379964058,0.5039352656699434,0.27378776160010004,0.22371087186068356,0.6613956947719511,0.0
2021-04-09 11:30:00,0.13389121338912133,0.22709163346613526,0.22263588979895732,0.18121763970719518,0.8092813861878525,0.9993318485523385,0.5,0.19754721379964058,0.5039352656699434,0.27378776160010004,0.22371087186068356,0.6613956947719511,0.0
2021-04-09 11:40:00,0.16666666666666669,-0.9760956175298806,0.240506329113924,0.21656846991608636,0.8092813861878525,0.9993318485523385,0.5,0.19754721379964058,0.5039352656699434,0.27378776160010004,0.22371087186068356,0.6613956947719511,0.0
2021-04-09 11:50:00,0.13319386331938632,-0.7450199203187251,0.2518242740134027,0.23870737368327077,0.8092813861878525,0.9993318485523385,0.5,0.19754721379964058,0.5039352656699434,0.27378776160010004,0.22371087186068356,0.6613956947719511,0.0
2021-04-09 12:00:00,0.14365411436541145,-0.5139442231075697,0.2643335815338794,0.2533476164970543,0.8001465757547996,0.8085746102449889,0.5,0.21060017883926574,0.49282054671314274,0.2698226643977084,0.25163714080194904,0.6382822446713216,0.0
2021-04-09 12:10:00,0.12552301255230125,-0.12749003984063756,0.27356664184661184,0.2715586502410283,0.7928963107406002,0.9992204899777284,0.5,0.21060017883926574,0.49282054671314274,0.2698226643977084,0.25163714080194904,0.6382822446713216,0.0
2021-04-09 12:20:00,0.08437935843793584,0.2589641434262948,0.28160833953834685,0.28619889305481183,0.7928963107406002,0.9992204899777284,0.5,0.21060017883926574,0.49282054671314274,0.2698226643977084,0.25163714080194904,0.6382822446713216,0.0
2021-04-09 12:30:00,0.10111576011157601,0.26772908366533854,0.29292628443782553,0.29833958221746126,0.7928963107406002,0.9992204899777284,0.5,0.21060017883926574,0.49282054671314274,0.2698226643977084,0.25163714080194904,0.6382822446713216,0.0
2021-04-09 12:40:00,0.17294281729428174,0.27649402390438227,0.30067014147431115,0.3044099267987861,0.7928963107406002,0.9992204899777284,0.5,0.21060017883926574,0.49282054671314274,0.2698226643977084,0.25163714080194904,0.6382822446713216,0.0
2021-04-09 12:50:00,0.18340306834030684,0.2852589641434262,0.30781831720029773,0.3072665595429387,0.7462145502610881,0.99543429844098,0.5,0.21060017883926574,0.49282054671314274,0.2698226643977084,0.25163714080194904,0.6382822446713216,0.0
2021-04-09 13:00:00,0.15411436541143653,0.29402390438246995,0.31288160833953826,0.3090519550080342,0.7104736229076966,0.786748329621381,0.5,0.297679758977234,0.4689273491625162,0.2032184917311485,0.27574411018385303,0.6287069086500988,0.0
2021-04-09 13:10:00,0.1415620641562064,0.3027888446215139,0.32002978406552485,0.3072665595429387,0.6045333787020194,0.9993318485523385,0.5,0.297679758977234,0.4689273491625162,0.2032184917311485,0.27574411018385303,0.6287069086500988,0.0
2021-04-09 13:20:00,0.09274755927475593,0.31155378486055785,0.32747580044676083,0.31119442956614884,0.5634005575113531,0.9993318485523385,0.5,0.297679758977234,0.4689273491625162,0.2032184917311485,0.27574411018385303,0.6287069086500988,0.0
2021-04-09 13:30:00,0.12343096234309624,0.3203187250996016,0.33551749813849585,0.3076236386359579,0.5634005575113531,0.9993318485523385,0.5,0.297679758977234,0.4689273491625162,0.2032184917311485,0.27574411018385303,0.6287069086500988,0.0
2021-04-09 13:40:00,0.15690376569037656,0.3290836653386453,0.34355919583023065,0.3104802713801109,0.5634005575113531,0.9993318485523385,0.5,0.297679758977234,0.4689273491625162,0.2032184917311485,0.27574411018385303,0.6287069086500988,0.0
2021-04-09 13:50:00,0.18410041841004185,0.33784860557768903,0.34802680565897237,0.31976432779860753,0.4724581539307168,0.9993318485523385,0.5,0.297679758977234,0.4689273491625162,0.2032184917311485,0.27574411018385303,0.6287069086500988,0.0
2021-04-09 14:00:00,0.11366806136680613,0.346613545816733,0.357259865971705,0.34511694340296395,0.3757574171258065,0.9993318485523385,0.5,0.2939340402631825,0.44295373368926433,0.20541237606931256,0.30572999335379075,0.653836303789775,0.0
2021-04-09 14:10:00,0.07670850767085077,0.07729083665338643,0.356664184661206,0.3461881806820213,0.3757574171258065,0.9993318485523385,0.5,0.2939340402631825,0.44295373368926433,0.20541237606931256,0.30572999335379075,0.653836303789775,0.0
2021-04-09 14:20:00,0.0599721059972106,-0.19203187250996012,0.3569620253164556,0.34511694340296395,0.3757574171258065,0.9993318485523385,0.5,0.2939340402631825,0.44295373368926433,0.20541237606931256,0.30572999335379075,0.653836303789775,0.0
2021-04-09 14:30:00,0.1324965132496513,-0.4613545816733069,0.3650037230081904,0.35440099982146056,0.3757574171258065,0.9993318485523385,0.5,0.2939340402631825,0.44295373368926433,0.20541237606931256,0.30572999335379075,0.653836303789775,0.0
2021-04-09 14:40:00,0.14783821478382148,-0.7306772908366533,0.37155621742367817,0.35725763256561316,0.3757574171258065,0.9993318485523385,0.5,0.2939340402631825,0.44295373368926433,0.20541237606931256,0.30572999335379075,0.653836303789775,0.0
2021-04-09 14:50:00,0.15620641562064158,-1.0,0.3638123603871928,0.3461881806820213,0.3757574171258065,0.9993318485523385,0.5,0.2939340402631825,0.44295373368926433,0.20541237606931256,0.30572999335379075,0.653836303789775,0.0
2021-04-09 15:00:00,0.1324965132496513,-0.6201859229747676,0.3608339538346983,0.3344045706123906,0.42834146916019944,0.9897550111358574,0.5,0.2908397740928541,0.4216007149281481,0.2032539996857546,0.3423185885828587,0.6863349263350255,0.0
2021-04-09 15:10:00,0.13528591352859135,-0.2403718459495352,0.36679076693968726,0.3469023388680592,0.4598029079582783,0.9995545657015591,0.5,0.2908397740928541,0.4216007149281481,0.2032539996857546,0.3423185885828587,0.6863349263350255,0.0
2021-04-09 15:20:00,0.15341701534170155,0.1394422310756971,0.3795979151154132,0.3693983217282628,0.3954142728141236,0.7025612472160357,0.5,0.2908397740928541,0.4216007149281481,0.2032539996857546,0.3423185885828587,0.6863349263350255,0.0
2021-04-09 15:30:00,0.22315202231520226,0.24302788844621515,0.3873417721518986,0.38510980182110344,0.37204067477195685,0.9995545657015591,0.5,0.2908397740928541,0.4216007149281481,0.2032539996857546,0.3423185885828587,0.6863349263350255,0.0
2021-04-09 15:40:00,0.29776847977684795,0.346613545816733,0.39389426656738635,0.3683270844492055,0.31437881980343146,0.08797327394209355,0.5,0.2908397740928541,0.4216007149281481,0.2032539996857546,0.3423185885828587,0.6863349263350255,0.10127947855213724
2021-04-09 15:50:00,0.0808926080892608,0.452191235059761,0.39419210722263576,0.3233351187287985,0.32849982332386696,0.6041202672605791,0.5,0.2908397740928541,0.4216007149281481,0.2032539996857546,0.3423185885828587,0.6863349263350255,0.0
2021-04-09 16:00:00,0.13668061366806136,0.5577689243027886,0.3894266567386446,0.32547759328691295,0.32849982332386696,0.9992204899777284,0.5,0.3297137004152124,0.40361544451692166,0.17016527811542037,0.3777702656917471,0.7126900596976674,0.0
2021-04-09 16:10:00,0.16387726638772665,0.6633466135458166,0.3921072226358895,0.32226388144974116,0.32849982332386696,0.9992204899777284,0.5,0.3297137004152124,0.40361544451692166,0.17016527811542037,0.3777702656917471,0.7126900596976674,0.0
2021-04-09 16:20:00,0.1492329149232915,0.7689243027888444,0.39419210722263576,0.32226388144974116,0.32849982332386696,0.9992204899777284,0.5,0.3297137004152124,0.40361544451692166,0.17016527811542037,0.3777702656917471,0.7126900596976674,0.0
2021-04-09 16:30:00,0.17642956764295675,-0.08366533864541836,0.38972449739389403,0.3158364577753974,0.3164727591577129,0.29543429844097996,0.5,0.3297137004152124,0.40361544451692166,0.17016527811542037,0.3777702656917471,0.7126900596976674,0.00823060790319417
2021-04-09 16:40:00,0.12482566248256625,-0.3705179282868527,0.39448994787788516,0.30333868951972875,0.31204931227179333,0.8368596881959912,0.5,0.3297137004152124,0.40361544451692166,0.17016527811542037,0.3777702656917471,0.7126900596976674,0.0
2021-04-09 16:50:00,0.12482566248256625,-0.4608233731739708,0.39061801935964247,0.3076236386359579,0.31204931227179333,0.9995545657015591,0.5,0.3297137004152124,0.40361544451692166,0.17016527811542037,0.3777702656917471,0.7126900596976674,0.0
2021-04-09 17:00:00,0.1924686192468619,-0.551128818061089,0.3965748324646312,0.3076236386359579,0.3203727212050621,0.9992204899777284,0.5,0.3329382771061391,0.3915984448588668,0.16505048406853187,0.40009483018544467,0.7354929729502984,0.0
2021-04-09 17:10:00,0.16108786610878661,-0.6414342629482073,0.3998510796723751,0.30619532226388135,0.36374344008061665,0.2524498886414254,0.5,0.3329382771061391,0.3915984448588668,0.16505048406853187,0.40009483018544467,0.7354929729502984,0.016710170949198064
2021-04-09 17:20:00,0.19316596931659694,0.25099601593625476,0.39865971705137726,0.30833779682199625,0.3642930991611156,0.5640311804008908,0.5,0.3329382771061391,0.3915984448588668,0.16505048406853187,0.40009483018544467,0.7354929729502984,0.0
2021-04-09 17:30:00,0.3138075313807531,0.6254980079681274,0.3992553983618763,0.3108373504731299,0.3706927013126382,0.03819599109131403,0.5,0.3329382771061391,0.3915984448588668,0.16505048406853187,0.40009483018544467,0.7354929729502984,0.17420070310967606
2021-04-09 17:40:00,0.2510460251046025,0.6972111553784857,0.4111690245718538,0.2844134975897161,0.450288571017262,0.00033407572383073496,0.5,0.3329382771061391,0.3915984448588668,0.16505048406853187,0.40009483018544467,0.7354929729502984,0.12716326930911176
2021-04-09 17:50:00,0.17154811715481172,0.06772908366533836,0.41414743112434826,0.30333868951972875,0.4408527568020311,0.7134743875278395,0.5,0.3329382771061391,0.3915984448588668,0.16505048406853187,0.40009483018544467,0.7354929729502984,0.0
2021-04-09 18:00:00,0.11576011157601115,-0.5617529880478087,0.40908413998510795,0.3376182824495626,0.32745285364672627,0.7643652561247216,0.5,0.2730313589082598,0.39267313588519825,0.2057427268612731,0.3321601618029712,0.7631321020459716,0.0
2021-04-09 18:10:00,0.06555090655509065,0.3545816733067728,0.40551005212211444,0.3379753615425818,0.32350054311552,0.9993318485523385,0.5,0.2730313589082598,0.39267313588519825,0.2057427268612731,0.3321601618029712,0.7631321020459716,0.0
2021-04-09 18:20:00,0.23221757322175732,0.14741035856573692,0.40491437081161563,0.3294054633101231,0.3263404483647642,0.9022271714922049,0.5,0.2730313589082598,0.39267313588519825,0.2057427268612731,0.3321601618029712,0.7631321020459716,0.0
2021-04-09 18:30:00,0.16736401673640167,-0.059760956175298974,0.3965748324646312,0.3108373504731299,0.3511667168339637,0.0073496659242761695,0.5,0.2730313589082598,0.39267313588519825,0.2057427268612731,0.3321601618029712,0.7631321020459716,0.030108484089503146
2021-04-09 18:40:00,0.22384937238493724,-0.08366533864541836,0.39955323901712547,0.30619532226388135,0.36569342110429126,0.00011135857461024499,0.5,0.2730313589082598,0.39267313588519825,0.2057427268612731,0.3321601618029712,0.7631321020459716,0.0717292575101468
2021-04-09 18:50:00,0.18688981868898188,-0.10756972111553798,0.40104244229337294,0.3122656668452062,0.3593461674366257,0.00011135857461024499,0.5,0.2730313589082598,0.39267313588519825,0.2057427268612731,0.3321601618029712,0.7631321020459716,0.042013066372949895
2021-04-09 19:00:00,0.27405857740585776,-0.06772908366533881,0.3968726731198806,0.32226388144974116,0.34505503134365473,0.00011135857461024499,0.5,0.2738619508955804,0.3899892818247924,0.1859438718152694,0.36226603461372375,0.7834067948032879,0.13964120283054454
2021-04-09 19:10:00,0.23361227336122734,-0.3067729083665339,0.3989575577066269,0.32047848598464546,0.3353313004672102,0.00011135857461024499,0.5,0.2738619508955804,0.3899892818247924,0.1859438718152694,0.36226603461372375,0.7834067948032879,0.08417701465063294
2021-04-09 19:20:00,0.09344490934449094,0.5219123505976095,0.3769173492181681,0.3211926441706838,0.30434099802384473,0.272271714922049,0.5,0.2738619508955804,0.3899892818247924,0.1859438718152694,0.36226603461372375,0.7834067948032879,0.006231422665479729
2021-04-09 19:30:00,0.21827057182705717,0.25099601593625476,0.35160089352196544,0.2915550794500983,0.316930808391462,0.9995545657015591,0.5,0.2738619508955804,0.3899892818247924,0.1859438718152694,0.36226603461372375,0.7834067948032879,0.0
2021-04-09 19:40:00,0.28451882845188287,-0.019920318725099695,0.3575577066269544,0.30191037314765223,0.39494313645941026,0.13051224944320713,0.5,0.2738619508955804,0.3899892818247924,0.1859438718152694,0.36226603461372375,0.7834067948032879,0.10123421398071729
2021-04-09 19:50:00,0.3598326359832636,0.027888446215139417,0.34385703648548005,0.2847705766827351,0.3805603905196896,0.00011135857461024499,0.5,0.2738619508955804,0.3899892818247924,0.1859438718152694,0.36226603461372375,0.7834067948032879,0.23916290719254038
2021-04-09 20:00:00,0.34658298465829845,-0.09960159362549814,0.30811615785554713,0.2287091590787358,0.38893614793681536,0.00011135857461024499,0.5,0.28413820452981664,0.3928311786831888,0.16899389605578907,0.35827155126366994,0.7808783200551892,0.21103097605504173
2021-04-09 20:10:00,0.1903765690376569,0.003984063745019917,0.2956068503350706,0.20049991073022677,0.36490819384643575,0.00011135857461024499,0.5,0.28413820452981664,0.3928311786831888,0.16899389605578907,0.35827155126366994,0.7808783200551892,0.06632768532069949
2021-04-09 20:20:00,0.09553695955369597,0.15537848605577675,0.29262844378257613,0.19621496161399765,0.38172514428550863,0.04576837416481069,0.5,0.28413820452981664,0.3928311786831888,0.16899389605578907,0.35827155126366994,0.7808783200551892,0.0
2021-04-09 20:30:00,0.11366806136680613,0.09960159362549792,0.2899478778853313,0.18835922156757734,0.3682454096923218,0.89086859688196,0.5,0.28413820452981664,0.3928311786831888,0.16899389605578907,0.35827155126366994,0.7808783200551892,0.0
2021-04-09 20:40:00,0.07461645746164575,-0.03266932270916334,0.29798957557706607,0.21085520442778072,0.3682454096923218,0.9993318485523385,0.5,0.28413820452981664,0.3928311786831888,0.16899389605578907,0.35827155126366994,0.7808783200551892,0.0
2021-04-09 20:50:00,0.08228730822873082,-0.1649402390438247,0.3021593447505584,0.22192465631137304,0.3682454096923218,0.9993318485523385,0.5,0.28413820452981664,0.3928311786831888,0.16899389605578907,0.35827155126366994,0.7808783200551892,0.0
2021-04-09 21:00:00,0.1631799163179916,-0.2972111553784861,0.3057334326135517,0.2212104981253349,0.3682454096923218,0.9993318485523385,0.5,0.2807833506713808,0.40112411531952097,0.1628895714025021,0.27851355463094996,0.7862854078682775,0.0
2021-04-09 21:10:00,0.21478382147838215,-0.42948207171314734,0.2988830975428145,0.22263881449741119,0.4536519611050765,0.5261692650334076,0.5,0.2807833506713808,0.40112411531952097,0.1628895714025021,0.27851355463094996,0.7862854078682775,0.008373945712690676
2021-04-09 21:20:00,0.15271966527196654,-0.5617529880478087,0.30811615785554713,0.2369219782181753,0.4615173208045962,0.00011135857461024499,0.5,0.2807833506713808,0.40112411531952097,0.1628895714025021,0.27851355463094996,0.7862854078682775,0.024737088281002458
2021-04-09 21:30:00,0.13737796373779637,-0.40239043824701204,0.32032762472077425,0.270487412961971,0.4347148970697936,0.00011135857461024499,0.5,0.2807833506713808,0.40112411531952097,0.1628895714025021,0.27851355463094996,0.7862854078682775,0.016408407139731733
2021-04-09 21:40:00,0.099721059972106,0.027888446215139417,0.32807148175725986,0.3069094804499197,0.42639148813652483,0.00044543429844097997,0.5,0.2807833506713808,0.40112411531952097,0.1628895714025021,0.27851355463094996,0.7862854078682775,0.0
2021-04-09 21:50:00,0.1094839609483961,0.22709163346613526,0.3298585256887563,0.3376182824495626,0.42639148813652483,0.06570155902004456,0.5,0.2807833506713808,0.40112411531952097,0.1628895714025021,0.27851355463094996,0.7862854078682775,0.0
2021-04-09 22:00:00,0.201534170153417,0.6812749003984064,0.3221146686522709,0.31905016961256916,0.42639148813652483,0.8430957683741648,0.5,0.2010974834093393,0.4170232207972849,0.21556181763697863,0.2709372286169535,0.8129238149557896,0.0
2021-04-09 22:10:00,0.37935843793584384,0.4183266932270917,0.3104988830975428,0.29405463310123214,0.4402376621167109,0.013697104677060134,0.5,0.2010974834093393,0.4170232207972849,0.21556181763697863,0.2709372286169535,0.8129238149557896,0.24415709823920817
2021-04-09 22:20:00,0.5334728033472803,0.027888446215139417,0.27416232315711087,0.2240671308694877,0.4696967714072581,0.00011135857461024499,0.5,0.2010974834093393,0.4170232207972849,0.21556181763697863,0.2709372286169535,0.8129238149557896,0.5334580623745795
2021-04-09 22:30:00,0.5264993026499303,0.19521912350597592,0.2577810871183914,0.18764506338153897,0.478229574275955,0.00011135857461024499,0.5,0.2010974834093393,0.4170232207972849,0.21556181763697863,0.2709372286169535,0.8129238149557896,0.5054996454275239
2021-04-09 22:40:00,0.4860529986052998,-0.15537848605577698,0.2488458674609082,0.17157650419567938,0.48876470665218363,0.00011135857461024499,0.5,0.2010974834093393,0.4170232207972849,0.21556181763697863,0.2709372286169535,0.8129238149557896,0.4058874119226881
2021-04-09 22:50:00,0.4665271966527197,-0.12350597609561753,0.24199553239017124,0.16407784324227825,0.48248288858933924,0.00011135857461024499,0.5,0.2010974834093393,0.4170232207972849,0.21556181763697863,0.2709372286169535,0.8129238149557896,0.3723840849766888
2021-04-09 23:00:00,0.48117154811715485,0.40239043824701204,0.23603871928518227,0.15229423317264779,0.4810171310413422,0.00011135857461024499,0.5,0.14700457571034575,0.431959701960019,0.24335364007894436,0.3054854032586579,0.8734343039569711,0.39930141678108544
2021-04-09 23:10:00,0.35564853556485354,0.05179282868525892,0.2244229337304542,0.14372433494018932,0.49202339977228415,0.00011135857461024499,0.5,0.14700457571034575,0.431959701960019,0.24335364007894436,0.3054854032586579,0.8734343039569711,0.23317289557463372
2021-04-09 23:20:00,0.5690376569037657,0.07569721115537842,0.2178704393149664,0.13479735761471168,0.49326667626388865,0.00011135857461024499,0.5,0.14700457571034575,0.431959701960019,0.24335364007894436,0.3054854032586579,0.8734343039569711,0.5447968375152767
2021-04-09 23:30:00,0.5808926080892608,-0.4581673306772909,0.21876396128071485,0.13229780396357804,0.49643375953723945,0.00011135857461024499,0.5,0.14700457571034575,0.431959701960019,0.24335364007894436,0.3054854032586579,0.8734343039569711,0.5763688760806917
2021-04-09 23:40:00,0.5683403068340307,-0.2828685258964144,0.21697691734921798,0.13301196214961597,0.49643375953723945,0.00011135857461024499,0.5,0.14700457571034575,0.431959701960019,0.24335364007894436,0.3054854032586579,0.8734343039569711,0.5061333494274032
2021-04-09 23:50:00,0.5167364016736402,0.05976095617529875,0.21578555472822036,0.13301196214961597,0.48876470665218363,0.00011135857461024499,0.5,0.14700457571034575,0.431959701960019,0.24335364007894436,0.3054854032586579,0.8734343039569711,0.4215263213482807
2021-04-10 00:00:00,0.3633193863319386,0.1633466135458166,0.20714817572598654,0.12944117121942522,0.49457538836031456,0.00011135857461024499,0.5,0.13954572425066458,0.43197694299252626,0.24601077641059474,0.34866661196120274,0.9260841085365722,0.29032696108755673
2021-04-10 00:10:00,0.28033472803347276,-0.02788844621513953,0.1973194341027551,0.12229958935904306,0.5066678881312899,0.00011135857461024499,0.5,0.13954572425066458,0.43197694299252626,0.24601077641059474,0.34866661196120274,0.9260841085365722,0.19063928663035443
2021-04-10 00:20:00,0.29776847977684795,0.09163346613545809,0.19583023082650763,0.1151580074986609,0.5165094030964128,0.00011135857461024499,0.5,0.13954572425066458,0.43197694299252626,0.24601077641059474,0.34866661196120274,0.9260841085365722,0.17958718710865007
2021-04-10 00:30:00,0.27266387726638774,-0.1394422310756973,0.19583023082650763,0.11194429566148911,0.5212600280064389,0.00011135857461024499,0.5,0.13954572425066458,0.43197694299252626,0.24601077641059474,0.34866661196120274,0.9260841085365722,0.16144363806448694
2021-04-10 00:40:00,0.29288702928870297,-0.14741035856573714,0.19583023082650763,0.10801642563827896,0.5212600280064389,0.00011135857461024499,0.5,0.13954572425066458,0.43197694299252626,0.24601077641059474,0.34866661196120274,0.9260841085365722,0.17562653710940448
2021-04-10 00:50:00,0.1708507670850767,-0.17131474103585675,0.1952345495160086,0.10444563470808776,0.5053068275510071,0.00011135857461024499,0.5,0.13954572425066458,0.43197694299252626,0.24601077641059474,0.34866661196120274,0.9260841085365722,0.0908912594112588
2021-04-10 01:00:00,0.29218967921896793,0.49003984063745,0.19344750558451218,0.10444563470808776,0.5135124523955975,0.00011135857461024499,0.5,0.06420813261722036,0.43062639544606973,0.3341156496617804,0.3757192673557584,0.9725761774414964,0.18940959910677913
2021-04-10 01:10:00,0.3884239888423989,0.08366533864541825,0.19583023082650763,0.1026602392429925,0.5238774521992907,0.00011135857461024499,0.5,0.06420813261722036,0.43062639544606973,0.3341156496617804,0.3757192673557584,0.9725761774414964,0.23980415528765636
2021-04-10 01:20:00,0.3702928870292887,0.09960159362549792,0.19374534623976158,0.094447420103553,0.5238774521992907,0.00011135857461024499,0.5,0.06420813261722036,0.43062639544606973,0.3341156496617804,0.3757192673557584,0.9725761774414964,0.22273186776709872
2021-04-10 01:30:00,0.28033472803347276,0.298804780876494,0.19195830230826494,0.08516336368505639,0.5294263914881364,0.00011135857461024499,0.5,0.06420813261722036,0.43062639544606973,0.3341156496617804,0.3757192673557584,0.9725761774414964,0.1368121671167977
2021-04-10 01:40:00,0.24337517433751746,-0.2270916334661356,0.1868950111690244,0.07945009819675053,0.5377236261794768,0.00011135857461024499,0.5,0.06420813261722036,0.43062639544606973,0.3341156496617804,0.3757192673557584,0.9725761774414964,0.09983855636193552
2021-04-10 01:50:00,0.16457461645746163,-0.1633466135458168,0.18421444527177955,0.07945009819675053,0.5377236261794768,0.00011135857461024499,0.5,0.06420813261722036,0.43062639544606973,0.3341156496617804,0.3757192673557584,0.9725761774414964,0.05575840789414126
2021-04-10 02:00:00,0.12273361227336123,0.36254980079681287,0.1788533134772894,0.08444920549901802,0.5377236261794768,0.00011135857461024499,0.5,0.06494100005236425,0.4255460378670533,0.35549410143126225,0.40560631638213174,0.020461592728508865,0.02956530923246375
2021-04-10 02:10:00,0.14504881450488147,-0.14741035856573714,0.17587490692479513,0.08801999642920899,0.5493188153538103,0.00011135857461024499,0.5,0.06494100005236425,0.4255460378670533,0.35549410143126225,0.40560631638213174,0.020461592728508865,0.039108589706836464
2021-04-10 02:20:00,0.15690376569037656,0.4262948207171313,0.17498138495904692,0.0815925727548652,0.5377236261794768,0.00011135857461024499,0.5,0.06494100005236425,0.4255460378670533,0.35549410143126225,0.40560631638213174,0.020461592728508865,0.04779184332423013
2021-04-10 02:30:00,0.19316596931659694,0.5059760956175297,0.17766195085629177,0.07695054454561667,0.5377236261794768,0.00011135857461024499,0.5,0.06494100005236425,0.4255460378670533,0.35549410143126225,0.40560631638213174,0.020461592728508865,0.06587503960649999
2021-04-10 02:40:00,0.19386331938633192,0.43426294820717115,0.17795979151154118,0.07230851633636859,0.5439400086374998,0.00011135857461024499,0.5,0.06494100005236425,0.4255460378670533,0.35549410143126225,0.40560631638213174,0.020461592728508865,0.0632346062736696
2021-04-10 02:50:00,0.16457461645746163,-0.1394422310756973,0.17557706626954572,0.06909480449919658,0.5540825273848006,0.00011135857461024499,0.5,0.06494100005236425,0.4255460378670533,0.35549410143126225,0.40560631638213174,0.020461592728508865,0.049904189990494445
2021-04-10 03:00:00,0.1297071129707113,0.10756972111553775,0.17289650037230064,0.0687377254061774,0.5540825273848006,0.00011135857461024499,0.5,0.057636873574780756,0.4241006646418024,0.3731444715953483,0.3849336617136869,0.048127379464450726,0.03213784570816422
2021-04-10 03:10:00,0.12133891213389121,0.6254980079681274,0.16813104988830951,0.07195143724334963,0.5540825273848006,0.00011135857461024499,0.5,0.057636873574780756,0.4241006646418024,0.3731444715953483,0.3849336617136869,0.048127379464450726,0.0242240898049097
2021-04-10 03:20:00,0.11506276150627615,0.5059760956175297,0.16425912137006704,0.07730762363863608,0.5675753490989518,0.00011135857461024499,0.5,0.057636873574780756,0.4241006646418024,0.3731444715953483,0.3849336617136869,0.048127379464450726,0.016921405615824496
2021-04-10 03:30:00,0.09205020920502092,0.585657370517928,0.16306775874906898,0.07945009819675053,0.5735823376215466,0.00011135857461024499,0.5,0.057636873574780756,0.4241006646418024,0.3731444715953483,0.3849336617136869,0.048127379464450726,0.00026404333328303934
2021-04-10 03:40:00,0.0801952580195258,0.2350597609561753,0.16604616530156346,0.08587752187109432,0.5870097237308763,0.01648106904231626,0.5,0.057636873574780756,0.4241006646418024,0.3731444715953483,0.3849336617136869,0.048127379464450726,0.0
2021-04-10 03:50:00,0.08577405857740586,-0.06772908366533881,0.18868205510052105,0.11801464024281394,0.5870097237308763,0.47728285077951005,0.5,0.057636873574780756,0.4241006646418024,0.3731444715953483,0.3849336617136869,0.048127379464450726,0.0
2021-04-10 04:00:00,0.10739191073919108,0.298804780876494,0.19583023082650763,0.1312265666845207,0.5870097237308763,0.9989977728285078,0.5,-0.023553418141345706,0.4184714675279523,0.45397706211495276,0.35983463512290365,0.0647139977634608,0.0
2021-04-10 04:10:00,0.09483960948396096,0.2899513058875609,0.19225614296351434,0.13301196214961597,0.5870097237308763,0.9989977728285078,0.5,-0.023553418141345706,0.4184714675279523,0.45397706211495276,0.35983463512290365,0.0647139977634608,0.0
2021-04-10 04:20:00,0.1087866108786611,0.2810978308986274,0.1833209233060311,0.12908409212640604,0.5870097237308763,0.9989977728285078,0.5,-0.023553418141345706,0.4184714675279523,0.45397706211495276,0.35983463512290365,0.0647139977634608,0.0
2021-04-10 04:30:00,0.11018131101813111,0.27224435590969454,0.1860014892032762,0.1219425102660241,0.5870097237308763,0.9989977728285078,0.5,-0.023553418141345706,0.4184714675279523,0.45397706211495276,0.35983463512290365,0.0647139977634608,0.0
2021-04-10 04:40:00,0.09274755927475593,0.26339088092076124,0.18927773641102008,0.11551508659168008,0.5870097237308763,0.9989977728285078,0.5,-0.023553418141345706,0.4184714675279523,0.45397706211495276,0.35983463512290365,0.0647139977634608,0.0
2021-04-10 04:50:00,0.09762900976290097,0.25453740593182816,0.18927773641102008,0.1151580074986609,0.5870097237308763,0.9989977728285078,0.5,-0.023553418141345706,0.4184714675279523,0.45397706211495276,0.35983463512290365,0.0647139977634608,0.0
2021-04-10 05:00:00,0.10111576011157601,0.24568393094289487,0.18481012658227836,0.11194429566148911,0.5870097237308763,0.9989977728285078,0.5,-0.036258276986068205,0.42552017631829236,0.4698597702102718,0.33760813630385333,0.07545818190517997,0.0
2021-04-10 05:10:00,0.11576011157601115,0.2368304559539618,0.17915115413253901,0.11123013747545074,0.5870097237308763,0.9989977728285078,0.5,-0.036258276986068205,0.42552017631829236,0.4698597702102718,0.33760813630385333,0.07545818190517997,0.0
2021-04-10 05:20:00,0.11785216178521618,0.22797698096502872,0.17319434102755027,0.10587395108016429,0.5870097237308763,0.9989977728285078,0.5,-0.036258276986068205,0.42552017631829236,0.4698597702102718,0.33760813630385333,0.07545818190517997,0.0
2021-04-10 05:30:00,0.10111576011157601,0.21912350597609564,0.1666418466120625,0.10444563470808776,0.5870097237308763,0.9989977728285078,0.5,-0.036258276986068205,0.42552017631829236,0.4698597702102718,0.33760813630385333,0.07545818190517997,0.0
2021-04-10 05:40:00,0.12343096234309624,0.21027003098716235,0.15889798957557688,0.10158900196393517,0.5870097237308763,0.9989977728285078,0.5,-0.036258276986068205,0.42552017631829236,0.4698597702102718,0.33760813630385333,0.07545818190517997,0.0
2021-04-10 05:50:00,0.12412831241283125,0.20141655599822927,0.15591958302308262,0.09516157828959115,0.5870097237308763,0.9989977728285078,0.5,-0.036258276986068205,0.42552017631829236,0.4698597702102718,0.33760813630385333,0.07545818190517997,0.0
2021-04-10 06:00:00,0.16108786610878661,0.1925630810092962,0.1511541325390915,0.09016247098732366,0.5870097237308763,0.9989977728285078,0.5,-0.04960745081336515,0.4400601137333461,0.5314388064153237,0.3347427236502126,0.06851178215918445,0.0
2021-04-10 06:10:00,0.12203626220362622,0.1837096060203629,0.14877140729709604,0.08516336368505639,0.5870097237308763,0.9989977728285078,0.5,-0.04960745081336515,0.4400601137333461,0.5314388064153237,0.3347427236502126,0.06851178215918445,0.0
2021-04-10 06:20:00,0.11157601115760113,0.1748561310314296,0.14460163812360372,0.0830208891269415,0.5870097237308763,0.9989977728285078,0.5,-0.04960745081336515,0.4400601137333461,0.5314388064153237,0.3347427236502126,0.06851178215918445,0.0
2021-04-10 06:30:00,0.12412831241283125,0.16600265604249653,0.1401340282948622,0.0830208891269415,0.5870097237308763,0.9989977728285078,0.5,-0.04960745081336515,0.4400601137333461,0.5314388064153237,0.3347427236502126,0.06851178215918445,0.0
2021-04-10 06:40:00,0.1882845188284519,0.15714918105356346,0.1401340282948622,0.08087841456882705,0.5891690986899792,0.9989977728285078,0.5,-0.04960745081336515,0.4400601137333461,0.5314388064153237,0.3347427236502126,0.06851178215918445,0.0
2021-04-10 06:50:00,0.1708507670850767,0.14829570606463038,0.13834698436336557,0.08337796821996091,0.6970200625564382,0.9542316258351893,0.5,-0.04960745081336515,0.4400601137333461,0.5314388064153237,0.3347427236502126,0.06851178215918445,0.0
2021-04-10 07:00:00,0.1701534170153417,0.1394422310756971,0.13983618763961259,0.08944831280128551,0.7278533195482325,0.10857461024498886,0.5,-0.07027095716362675,0.46002810288298696,0.5824203667540543,0.3217380055315069,0.055410296802776704,0.0
2021-04-10 07:10:00,0.1792189679218968,-0.3466135458167332,0.1475800446760982,0.09516157828959115,0.7168339636963265,0.11915367483296213,0.5,-0.07027095716362675,0.46002810288298696,0.5824203667540543,0.3217380055315069,0.055410296802776704,0.0
2021-04-10 07:20:00,0.1317991631799163,0.055776892430278835,0.15830230826507807,0.10051776468487783,0.6914187747837354,0.48051224944320714,0.5,-0.07027095716362675,0.46002810288298696,0.5824203667540543,0.3217380055315069,0.055410296802776704,0.0
2021-04-10 07:30:00,0.0397489539748954,0.4581673306772909,0.15323901712583754,0.1087305838243171,0.6867204983575663,0.9993318485523385,0.5,-0.07027095716362675,0.46002810288298696,0.5824203667540543,0.3217380055315069,0.055410296802776704,0.0
2021-04-10 07:40:00,0.02580195258019526,0.49800796812749004,0.14519731943410275,0.11051597928941259,0.6867204983575663,0.9993318485523385,0.5,-0.07027095716362675,0.46002810288298696,0.5824203667540543,0.3217380055315069,0.055410296802776704,0.0
2021-04-10 07:50:00,0.09274755927475593,0.5378486055776892,0.14906924795234544,0.10480271380110695,0.6867204983575663,0.9993318485523385,0.5,-0.07027095716362675,0.46002810288298696,0.5824203667540543,0.3217380055315069,0.055410296802776704,0.0
2021-04-10 08:00:00,0.10669456066945607,0.5776892430278882,0.15711094564408024,0.1023031601499731,0.6867204983575663,0.9993318485523385,0.5,-0.08755005881817335,0.4839816440473891,0.6206370710401307,0.29852493727572715,0.049652386830063566,0.0
2021-04-10 08:10:00,0.14574616457461645,0.6175298804780873,0.16157855547282196,0.10016068559185864,0.6563583777204852,0.9993318485523385,0.5,-0.08755005881817335,0.4839816440473891,0.6206370710401307,0.29852493727572715,0.049652386830063566,0.0
2021-04-10 08:20:00,0.05788005578800558,0.6573705179282865,0.15711094564408024,0.09516157828959115,0.6386515030558427,0.9993318485523385,0.5,-0.08755005881817335,0.4839816440473891,0.6206370710401307,0.29852493727572715,0.049652386830063566,0.0
2021-04-10 08:30:00,0.022315202231520222,0.6972111553784857,0.15889798957557688,0.0973040528477056,0.6386515030558427,0.9993318485523385,0.5,-0.08755005881817335,0.4839816440473891,0.6206370710401307,0.29852493727572715,0.049652386830063566,0.0
2021-04-10 08:40:00,0.03695955369595537,0.7370517928286848,0.16128071481757233,0.1008748437778968,0.6386515030558427,0.9993318485523385,0.5,-0.08755005881817335,0.4839816440473891,0.6206370710401307,0.29852493727572715,0.049652386830063566,0.0
2021-04-10 08:50:00,0.07810320781032079,0.41832669322709126,0.16962025316455676,0.10158900196393517,0.6386515030558427,0.9993318485523385,0.5,-0.08755005881817335,0.4839816440473891,0.6206370710401307,0.29852493727572715,0.049652386830063566,0.0
2021-04-10 09:00:00,0.10111576011157601,0.09960159362549792,0.1794489947877882,0.10444563470808776,0.6386515030558427,0.9993318485523385,0.5,-0.07540906730419994,0.48695572215501504,0.5797558752032356,0.21564820447100977,0.05151670995799182,0.0
2021-04-10 09:10:00,0.09693165969316596,-0.21912350597609576,0.1860014892032762,0.10444563470808776,0.6386515030558427,0.9993318485523385,0.5,-0.07540906730419994,0.48695572215501504,0.5797558752032356,0.21564820447100977,0.05151670995799182,0.0
2021-04-10 09:20:00,0.019525801952580198,-0.5378486055776892,0.18778853313477262,0.10908766291733629,0.6386515030558427,0.9993318485523385,0.5,-0.07540906730419994,0.48695572215501504,0.5797558752032356,0.21564820447100977,0.05151670995799182,0.0
2021-04-10 09:30:00,0.14295676429567641,-0.46314741035856577,0.1943410275502604,0.11444384931262275,0.6386515030558427,0.9993318485523385,0.5,-0.07540906730419994,0.48695572215501504,0.5797558752032356,0.21564820447100977,0.05151670995799182,0.0
2021-04-10 09:40:00,0.07670850767085077,-0.38844621513944233,0.20178704393149638,0.1151580074986609,0.6386515030558427,0.9993318485523385,0.5,-0.07540906730419994,0.48695572215501504,0.5797558752032356,0.21564820447100977,0.05151670995799182,0.0
2021-04-10 09:50:00,0.060669456066945605,-0.31374501992031867,0.20416976917349206,0.11908587752187128,0.6386515030558427,0.9993318485523385,0.5,-0.07540906730419994,0.48695572215501504,0.5797558752032356,0.21564820447100977,0.05151670995799182,0.0
2021-04-10 10:00:00,0.03207810320781032,-0.23904382470119523,0.21191362620997745,0.12801285484734892,0.6386515030558427,0.9993318485523385,0.5,0.17153897491947712,0.4864643527285361,0.36120897991099427,0.10367251011654838,0.9981041314651661,0.0
2021-04-10 10:10:00,0.08437935843793584,-0.16434262948207168,0.22412509307520456,0.13515443670773086,0.6386515030558427,0.9993318485523385,0.5,0.17153897491947712,0.4864643527285361,0.36120897991099427,0.10367251011654838,0.9981041314651661,0.0
2021-04-10 10:20:00,0.1882845188284519,-0.08964143426294824,0.2372300819061801,0.13801106945188346,0.639214249257306,0.9993318485523385,0.5,0.17153897491947712,0.4864643527285361,0.36120897991099427,0.10367251011654838,0.9981041314651661,0.0
2021-04-10 10:30:00,0.19107391910739194,-0.014940239043824688,0.24646314221891252,0.13693983217282635,0.7205245318082476,0.9993318485523385,0.5,0.17153897491947712,0.4864643527285361,0.36120897991099427,0.10367251011654838,0.9981041314651661,0.0
2021-04-10 10:40:00,0.1304044630404463,0.05976095617529875,0.2521221146686521,0.1587216568469918,0.8205886587009723,0.3374164810690423,0.5,0.17153897491947712,0.4864643527285361,0.36120897991099427,0.10367251011654838,0.9981041314651661,0.0
2021-04-10 10:50:00,0.1617852161785216,-0.8167330677290838,0.2530156366344005,0.16764863417246945,0.7956315190221304,0.7061247216035634,0.5,0.17153897491947712,0.4864643527285361,0.36120897991099427,0.10367251011654838,0.9981041314651661,0.0
2021-04-10 11:00:00,0.14853556485355648,-0.10358565737051817,0.25450483991064754,0.1780039278700234,0.7932889243695279,0.9982182628062362,0.5,0.18510494382839426,0.4758438767036309,0.3301211315827151,0.1392004735868891,0.6839852518702452,0.0
2021-04-10 11:10:00,0.15550906555090654,0.6095617529880477,0.2598659717051375,0.19157293340474912,0.7932889243695279,0.9982182628062362,0.5,0.18510494382839426,0.4758438767036309,0.3301211315827151,0.1392004735868891,0.6839852518702452,0.0
2021-04-10 11:20:00,0.2105997210599721,0.003984063745019917,0.26999255398361877,0.21085520442778072,0.7757783565193492,0.5183741648106904,0.5,0.18510494382839426,0.4758438767036309,0.3301211315827151,0.1392004735868891,0.6839852518702452,0.0
2021-04-10 11:30:00,0.1492329149232915,0.346613545816733,0.28071481757259864,0.20906980896268523,0.7897292274672495,0.03864142538975501,0.5,0.18510494382839426,0.4758438767036309,0.3301211315827151,0.1392004735868891,0.6839852518702452,0.0001886023809164567
2021-04-10 11:40:00,0.2629009762900976,0.20318725099601576,0.2911392405063289,0.21192644170683805,0.794100325869312,0.09665924276169265,0.5,0.18510494382839426,0.4758438767036309,0.3301211315827151,0.1392004735868891,0.6839852518702452,0.036505876850189356
2021-04-10 11:50:00,0.21408647140864714,-0.019920318725099695,0.30483991064780347,0.20514193893947508,0.848045438483988,0.00011135857461024499,0.5,0.18510494382839426,0.4758438767036309,0.3301211315827151,0.1392004735868891,0.6839852518702452,0.05212215399007197
2021-04-10 12:00:00,0.3410041841004184,0.298804780876494,0.3143708116157853,0.2162113908230674,0.8014552878512256,0.00011135857461024499,0.5,0.20402891979682614,0.4627550595246652,0.3107937714482313,0.3253517622575408,0.6759053598679582,0.193385337296498
2021-04-10 12:10:00,0.17294281729428174,-0.50597609561753,0.32717795979151143,0.22371005177646874,0.8354687152373349,0.00011135857461024499,0.5,0.20402891979682614,0.4627550595246652,0.3107937714482313,0.3253517622575408,0.6759053598679582,0.029535132851517116
2021-04-10 12:20:00,0.201534170153417,0.2350597609561753,0.33641102010424406,0.26334583110158905,0.8106947952519925,0.021380846325167038,0.5,0.20402891979682614,0.4627550595246652,0.3107937714482313,0.3253517622575408,0.6759053598679582,0.026208186852150823
2021-04-10 12:30:00,0.2698744769874477,0.2749003984063745,0.35189873417721507,0.28262810212462064,0.8443941317349597,0.00011135857461024499,0.5,0.20402891979682614,0.4627550595246652,0.3107937714482313,0.3253517622575408,0.6759053598679582,0.1502255684475761
2021-04-10 12:40:00,0.4086471408647141,0.027888446215139417,0.35517498138495895,0.27941439028744863,0.8436219915980683,0.00033407572383073496,0.5,0.20402891979682614,0.4627550595246652,0.3107937714482313,0.3253517622575408,0.6759053598679582,0.3249996227952382
2021-04-10 12:50:00,0.21687587168758715,-0.02788844621513953,0.3149664929262843,0.2340653454740227,0.8637368965201345,0.00011135857461024499,0.5,0.20402891979682614,0.4627550595246652,0.3107937714482313,0.3253517622575408,0.6759053598679582,0.0849842328409554
2021-04-10 13:00:00,0.3361227336122734,0.06772908366533859,0.29352196574832456,0.19657204070701662,0.8524950596118359,0.00011135857461024499,0.5,0.30708472985498414,0.44598240839983283,0.21303669480798884,0.46804791469949886,0.6895080913893687,0.24852512938123333
2021-04-10 13:10:00,0.46582984658298465,0.2589641434262948,0.28488458674609074,0.18693090519550082,0.8964285246888537,0.00011135857461024499,0.5,0.30708472985498414,0.44598240839983283,0.21303669480798884,0.46804791469949886,0.6895080913893687,0.44013006020188
2021-04-10 13:20:00,0.40446304044630405,-0.21115537848605592,0.2768428890543557,0.17871808605606132,0.8881574642394421,0.00022271714922048998,0.5,0.30708472985498414,0.44598240839983283,0.21303669480798884,0.46804791469949886,0.6895080913893687,0.3042910813706112
2021-04-10 13:30:00,0.37308228730822873,0.12350597609561742,0.27446016381236027,0.17264774147473672,0.9017026344374501,0.00011135857461024499,0.5,0.30708472985498414,0.44598240839983283,0.21303669480798884,0.46804791469949886,0.6895080913893687,0.31204641127389593
2021-04-10 13:40:00,0.2482566248256625,-0.2749003984063746,0.27743857036485475,0.17978932333511866,0.8931567444477889,0.00011135857461024499,0.5,0.30708472985498414,0.44598240839983283,0.21303669480798884,0.46804791469949886,0.6895080913893687,0.13347767702219474
2021-04-10 13:50:00,0.2545327754532775,0.08366533864541825,0.2798212956068502,0.18121763970719518,0.8912591119079714,0.00011135857461024499,0.5,0.30708472985498414,0.44598240839983283,0.21303669480798884,0.46804791469949886,0.6895080913893687,0.11110189055026631
2021-04-10 14:00:00,0.3598326359832636,-0.6095617529880479,0.2908413998510797,0.20371362256739878,0.8499954195076626,0.00011135857461024499,0.5,0.3126626004803512,0.42745691897002214,0.2005182385974764,0.5825014602306232,0.6986793138674124,0.2510373130950405
2021-04-10 14:10:00,0.2914923291492329,0.40239043824701204,0.29679821295606845,0.21264059989287643,0.8475873892502388,0.00011135857461024499,0.5,0.3126626004803512,0.42745691897002214,0.2005182385974764,0.5825014602306232,0.6986793138674124,0.19423782005824045
2021-04-10 14:20:00,0.39121338912133896,-0.13147410358565736,0.3030528667163066,0.2144259953579717,0.8582664799570743,0.00011135857461024499,0.5,0.3126626004803512,0.42745691897002214,0.2005182385974764,0.5825014602306232,0.6986793138674124,0.29640750184830333
2021-04-10 14:30:00,0.24058577405857742,0.15537848605577675,0.3069247952345493,0.22263881449741119,0.8556097944013296,0.00011135857461024499,0.5,0.3126626004803512,0.42745691897002214,0.2005182385974764,0.5825014602306232,0.6986793138674124,0.08438824931725938
2021-04-10 14:40:00,0.2377963737796374,-0.5298804780876495,0.31228592702903946,0.25227637921799695,0.8122259884048108,0.00011135857461024499,0.5,0.3126626004803512,0.42745691897002214,0.2005182385974764,0.5825014602306232,0.6986793138674124,0.08424491150776288
2021-04-10 14:50:00,0.3263598326359832,0.3306772908366533,0.3152643335815337,0.23870737368327077,0.8292785070212403,0.00011135857461024499,0.5,0.3126626004803512,0.42745691897002214,0.2005182385974764,0.5825014602306232,0.6986793138674124,0.21862033586311996
2021-04-10 15:00:00,0.301255230125523,0.027888446215139417,0.31973194341027544,0.23085163363685046,0.8622187904882805,0.00011135857461024499,0.5,0.3100976144869809,0.41183079650696686,0.19235115540982076,0.6547784481175136,0.7125046874661548,0.18720672329767493
2021-04-10 15:10:00,0.4428172942817294,-0.17131474103585675,0.3262844378257632,0.2397786109623281,0.8436874272028896,0.00011135857461024499,0.5,0.3100976144869809,0.41183079650696686,0.19235115540982076,0.6547784481175136,0.7125046874661548,0.3667184694539584
2021-04-10 15:20:00,0.2782426778242678,-0.019920318725099695,0.31556217423678334,0.24370648098553827,0.8198950412898667,0.00011135857461024499,0.5,0.3100976144869809,0.41183079650696686,0.19235115540982076,0.6547784481175136,0.7125046874661548,0.15104787482837184
2021-04-10 15:30:00,0.3263598326359832,0.15537848605577675,0.3206254653760239,0.2529905374040351,0.8593788852390362,0.020378619153674834,0.5,0.3100976144869809,0.41183079650696686,0.19235115540982076,0.6547784481175136,0.7125046874661548,0.13116163978454065
2021-04-10 15:40:00,0.4246861924686192,0.15537848605577675,0.32449739389426635,0.2558471701481879,0.8431770294852835,0.00011135857461024499,0.5,0.3100976144869809,0.41183079650696686,0.19235115540982076,0.6547784481175136,0.7125046874661548,0.36257676116903303
2021-04-10 15:50:00,0.49860529986053004,0.10756972111553775,0.3265822784810126,0.23942153186930915,0.8364371621886901,0.00022271714922048998,0.5,0.3100976144869809,0.41183079650696686,0.19235115540982076,0.6547784481175136,0.7125046874661548,0.5106824388551081
2021-04-10 16:00:00,0.46164574616457466,0.01195219123505975,0.32807148175725986,0.24049276914836648,0.8435696431142113,0.00011135857461024499,0.5,0.3397619856828529,0.400414359481276,0.17695858390218983,0.6743358916524875,0.7300000677368319,0.40137604297116647
2021-04-10 16:10:00,0.4804741980474198,-0.17928286852589637,0.32717795979151143,0.24513479735761456,0.8264516888929604,0.00011135857461024499,0.5,0.3397619856828529,0.400414359481276,0.17695858390218983,0.6743358916524875,0.7300000677368319,0.4433287565822231
2021-04-10 16:20:00,0.303347280334728,0.2589641434262948,0.3265822784810126,0.2497768255668631,0.8495897187577706,0.00011135857461024499,0.5,0.3397619856828529,0.400414359481276,0.17695858390218983,0.6743358916524875,0.7300000677368319,0.20037871358088027
2021-04-10 16:30:00,0.4344490934449094,0.003984063745019917,0.33253909158600115,0.2676307802178184,0.8516051353862664,0.00033407572383073496,0.5,0.3397619856828529,0.400414359481276,0.17695858390218983,0.6743358916524875,0.7300000677368319,0.42969657648958165
2021-04-10 16:40:00,0.46443514644351463,-0.1394422310756973,0.33581533879374503,0.2722728084270667,0.8443941317349597,0.00011135857461024499,0.5,0.3397619856828529,0.400414359481276,0.17695858390218983,0.6743358916524875,0.7300000677368319,0.4347662084886159
2021-04-10 16:50:00,0.4225941422594142,-0.09960159362549814,0.33551749813849585,0.26977325477593306,0.8212561018701495,0.00033407572383073496,0.5,0.3397619856828529,0.400414359481276,0.17695858390218983,0.6743358916524875,0.7300000677368319,0.3714787935482898
2021-04-10 17:00:00,0.3103207810320781,0.25099601593625476,0.3298585256887563,0.2622745938225317,0.8426142832838204,0.00033407572383073496,0.5,0.3548506565388898,0.38244058309171974,0.166497560032855,0.6852654182255286,0.7432578338045533,0.1866635484406355
2021-04-10 17:10:00,0.49581589958159,-0.05179282868525903,0.3370067014147431,0.27477236207820055,0.8671657222127704,0.0022271714922049,0.5,0.3548506565388898,0.38244058309171974,0.166497560032855,0.6852654182255286,0.7432578338045533,0.4972539493338564
2021-04-10 17:20:00,0.5767085076708507,-0.019920318725099695,0.3390915860014889,0.27762899482235315,0.8557930140948292,0.00011135857461024499,0.5,0.3548506565388898,0.38244058309171974,0.166497560032855,0.6852654182255286,0.7432578338045533,0.6561627713988262
2021-04-10 17:30:00,0.4421199442119944,0.12350597609561742,0.3331347728965002,0.26941617568291365,0.8560678436350787,0.00022271714922048998,0.5,0.3548506565388898,0.38244058309171974,0.166497560032855,0.6852654182255286,0.7432578338045533,0.417324260301462
2021-04-10 17:40:00,0.46373779637377965,0.003984063745019917,0.3301563663440057,0.2740582038921622,0.8639593775765271,0.0012249443207126948,0.5,0.3548506565388898,0.38244058309171974,0.166497560032855,0.6852654182255286,0.7432578338045533,0.4276521266804472
2021-04-10 17:50:00,0.37099023709902373,0.06772908366533859,0.3298585256887563,0.2772719157293342,0.8576121239088613,0.00033407572383073496,0.5,0.3548506565388898,0.38244058309171974,0.166497560032855,0.6852654182255286,0.7432578338045533,0.2606409463313065
2021-04-10 18:00:00,0.5829846582984658,-0.01195219123505975,0.3307520476545047,0.2844134975897161,0.8554789231916872,0.00011135857461024499,0.5,0.2856690779838589,0.377969408661321,0.20742123860115402,0.7090590692686684,0.7323149317999377,0.6770599152043696
2021-04-10 18:10:00,0.500697350069735,-0.12350597609561753,0.3298585256887563,0.27762899482235315,0.873604585727186,0.00011135857461024499,0.5,0.2856690779838589,0.377969408661321,0.20742123860115402,0.7090590692686684,0.7323149317999377,0.5101543521885421
2021-04-10 18:20:00,0.5334728033472803,-0.019920318725099695,0.3298585256887563,0.28227102303160145,0.8389237151718992,0.00011135857461024499,0.5,0.2856690779838589,0.377969408661321,0.20742123860115402,0.7090590692686684,0.7323149317999377,0.5527332257042413
2021-04-10 18:30:00,0.5216178521617852,-0.0916334661354582,0.33134772896500375,0.27477236207820055,0.8536336391357265,0.00022271714922048998,0.5,0.2856690779838589,0.377969408661321,0.20742123860115402,0.7090590692686684,0.7323149317999377,0.5478899165623067
2021-04-10 18:40:00,0.5571827057182706,0.03585657370517925,0.3298585256887563,0.2737011247991432,0.8573896428524689,0.00011135857461024499,0.5,0.2856690779838589,0.377969408661321,0.20742123860115402,0.7090590692686684,0.7323149317999377,0.6416931967349156
2021-04-10 18:50:00,0.49860529986053004,-0.07569721115537853,0.3298585256887563,0.28119978575254434,0.8512125217573385,0.00011135857461024499,0.5,0.2856690779838589,0.377969408661321,0.20742123860115402,0.7090590692686684,0.7323149317999377,0.5002263228570998
2021-04-10 19:00:00,0.5230125523012552,-0.09960159362549814,0.32777364110201024,0.2829851812176398,0.8474565180405962,0.00011135857461024499,0.5,0.29252533917590506,0.3788745628679876,0.20372308512892623,0.7063790113178596,0.7537946293687573,0.5564449205606772
2021-04-10 19:10:00,0.5251046025104603,0.11553784860557759,0.32479523454951575,0.2865559721478308,0.8540524270065828,0.00011135857461024499,0.5,0.29252533917590506,0.3788745628679876,0.20372308512892623,0.7063790113178596,0.7537946293687573,0.5459586281817222
2021-04-10 19:20:00,0.5041841004184101,0.10756972111553775,0.3185405807892776,0.2783431530083913,0.8602426352226774,0.00011135857461024499,0.5,0.29252533917590506,0.3788745628679876,0.20372308512892623,0.7063790113178596,0.7537946293687573,0.5184905774250494
2021-04-10 19:30:00,0.4330543933054393,-0.12350597609561753,0.3137751303052865,0.2672737011247992,0.8518930520474801,0.00011135857461024499,0.5,0.29252533917590506,0.3788745628679876,0.20372308512892623,0.7063790113178596,0.7537946293687573,0.366748645834905
2021-04-10 19:40:00,0.4177126917712692,-0.03585657370517936,0.3110945644080414,0.26798785931083735,0.8665113661645575,0.00011135857461024499,0.5,0.29252533917590506,0.3788745628679876,0.20372308512892623,0.7063790113178596,0.7537946293687573,0.34236613003002553
2021-04-10 19:50:00,0.5662482566248256,0.2111553784860556,0.3069247952345493,0.2590608819853597,0.8574681655782544,0.00011135857461024499,0.5,0.29252533917590506,0.3788745628679876,0.20372308512892623,0.7063790113178596,0.7537946293687573,0.6570378864462785
2021-04-10 20:00:00,0.599023709902371,0.05179282868525892,0.3057334326135517,0.24656311372969109,0.8574550784572902,0.00033407572383073496,0.5,0.2978181742985764,0.3932564574850508,0.2111589580799429,0.6248831990757531,0.7770672486590514,0.7324260301462046
2021-04-10 20:10:00,0.49790794979079495,-0.23505976095617542,0.302755026061057,0.24406356007855767,0.8574550784572902,0.00044543429844097997,0.5,0.2978181742985764,0.3932564574850508,0.2111589580799429,0.6248831990757531,0.7770672486590514,0.49107533533503334
2021-04-10 20:20:00,0.37377963737796377,0.1394422310756971,0.29798957557706607,0.24692019282271027,0.8545497376032247,0.00044543429844097997,0.5,0.2978181742985764,0.3932564574850508,0.2111589580799429,0.6248831990757531,0.7770672486590514,0.2470992953815049
2021-04-10 20:30:00,0.36750348675034866,0.10756972111553775,0.2947133283693222,0.24370648098553827,0.8627815366897436,0.00044543429844097997,0.5,0.2978181742985764,0.3932564574850508,0.2111589580799429,0.6248831990757531,0.7770672486590514,0.24124507747785806
2021-04-10 20:40:00,0.3598326359832636,0.585657370517928,0.2914370811615785,0.24049276914836648,0.8968080511968172,0.00044543429844097997,0.5,0.2978181742985764,0.3932564574850508,0.2111589580799429,0.6248831990757531,0.7770672486590514,0.22521387509995924
2021-04-10 20:50:00,0.28661087866108786,-0.08366533864541836,0.27833209233060296,0.23335118728798432,0.9503998115454582,0.00044543429844097997,0.5,0.2978181742985764,0.3932564574850508,0.2111589580799429,0.6248831990757531,0.7770672486590514,0.14791707530515866
2021-04-10 21:00:00,0.25174337517433754,-0.21115537848605592,0.2685033507073715,0.2147830744509911,0.9403489026449072,0.00044543429844097997,0.5,0.3060913080848222,0.4018281241469288,0.20088587274177336,0.48919654093364406,0.7866034072438943,0.09912186731445297
2021-04-10 21:10:00,0.19804741980474197,0.05976095617529875,0.2670141474311243,0.20371362256739878,0.9286751907447881,0.00044543429844097997,0.5,0.3060913080848222,0.4018281241469288,0.20088587274177336,0.48919654093364406,0.7866034072438943,0.06742157913001494
2021-04-10 21:20:00,0.18898186889818688,0.09960159362549792,0.26195085629188375,0.19550080342795928,0.9286751907447881,0.00044543429844097997,0.5,0.3060913080848222,0.4018281241469288,0.20088587274177336,0.48919654093364406,0.7866034072438943,0.06599574513028653
2021-04-10 21:30:00,0.15620641562064158,-0.4183266932270917,0.2556962025316454,0.18657382610248163,0.9286751907447881,0.00044543429844097997,0.5,0.3060913080848222,0.4018281241469288,0.20088587274177336,0.48919654093364406,0.7866034072438943,0.03431808923155846
2021-04-10 21:40:00,0.12761506276150628,-0.06772908366533881,0.25361131794489955,0.18764506338153897,0.9159414220465639,0.00044543429844097997,0.5,0.3060913080848222,0.4018281241469288,0.20088587274177336,0.48919654093364406,0.7866034072438943,0.024367427614406204
2021-04-10 21:50:00,0.16945606694560672,0.25099601593625476,0.2518242740134027,0.1822888769862525,0.9123032024184999,0.00044543429844097997,0.5,0.3060913080848222,0.4018281241469288,0.20088587274177336,0.48919654093364406,0.7866034072438943,0.042578873515699264
2021-04-10 22:00:00,0.10739191073919108,0.4820717131474104,0.24586746090841394,0.17586145331190872,0.918257842457238,0.00044543429844097997,0.5,0.21830330832629863,0.4227903461711976,0.30099940942662645,0.4194033530769169,0.7817628666026748,0.01105964361694102
2021-04-10 22:10:00,0.10111576011157601,0.394422310756972,0.24348473566641826,0.17764684877700399,0.9286882778657523,0.00044543429844097997,0.5,0.21830330832629863,0.4227903461711976,0.30099940942662645,0.4194033530769169,0.7817628666026748,0.0057938651417535495
2021-04-10 22:20:00,0.16945606694560672,0.5537848605577689,0.2411020104244228,0.18157471880021436,0.9365798118072006,0.00044543429844097997,0.5,0.21830330832629863,0.4227903461711976,0.30099940942662645,0.4194033530769169,0.7817628666026748,0.051194230275963
2021-04-10 22:30:00,0.22315202231520226,0.07569721115537842,0.2372300819061801,0.16300660596322092,0.9451257017968617,0.00044543429844097997,0.5,0.21830330832629863,0.4227903461711976,0.30099940942662645,0.4194033530769169,0.7817628666026748,0.08054830484180033
2021-04-10 22:40:00,0.28661087866108786,0.24302788844621515,0.23425167535368563,0.1469380467773611,0.9327714596066011,0.00044543429844097997,0.5,0.21830330832629863,0.4227903461711976,0.30099940942662645,0.4194033530769169,0.7817628666026748,0.13786834044992985
2021-04-10 22:50:00,0.25383542538354253,0.49003984063745,0.2291883842144451,0.13194072487055908,0.9459371032966458,0.00044543429844097997,0.5,0.21830330832629863,0.4227903461711976,0.30099940942662645,0.4194033530769169,0.7817628666026748,0.10447817493248036
2021-04-10 23:00:00,0.15341701534170155,0.043824701195219085,0.22472077438570337,0.1269416175682916,0.9693368755807411,0.00044543429844097997,0.5,0.15629554572825288,0.4330631280405279,0.3653238445933496,0.43485765175694296,0.769697469955637,0.033714561612625794
2021-04-10 23:10:00,0.2698744769874477,0.14741035856573692,0.21965748324646306,0.12944117121942522,0.9594299250107968,0.00044543429844097997,0.5,0.15629554572825288,0.4330631280405279,0.3653238445933496,0.43485765175694296,0.769697469955637,0.10734493112241049
2021-04-10 23:20:00,0.1792189679218968,0.4262948207171313,0.21816827997021582,0.1169434029637566,0.9564853227938386,0.00044543429844097997,0.5,0.15629554572825288,0.4330631280405279,0.3653238445933496,0.43485765175694296,0.769697469955637,0.0646076316067414
2021-04-10 23:30:00,0.16108786610878661,0.2669322709163344,0.21161578555472804,0.1151580074986609,0.9564853227938386,0.00044543429844097997,0.5,0.15629554572825288,0.4330631280405279,0.3653238445933496,0.43485765175694296,0.769697469955637,0.05241637370430165
2021-04-10 23:40:00,0.24267782426778242,0.3705179282868525,0.20923306031273237,0.10944474201035526,0.9564853227938386,0.00044543429844097997,0.5,0.15629554572825288,0.4330631280405279,0.3653238445933496,0.43485765175694296,0.769697469955637,0.09636072845783605
2021-04-10 23:50:00,0.2482566248256625,0.4422310756972112,0.2053611317944899,0.09873236921978235,0.9564853227938386,0.00044543429844097997,0.5,0.15629554572825288,0.4330631280405279,0.3653238445933496,0.43485765175694296,0.769697469955637,0.09255850445856029
2021-04-11 00:00:00,0.22384937238493724,0.2669322709163344,0.20297840655249444,0.09194786645241915,0.9564853227938386,0.00044543429844097997,0.5,0.1534292812776099,0.4327412954337138,0.38224414584790906,0.46382712177373103,0.7650463720913232,0.08173272779395567
2021-04-11 00:10:00,0.2210599721059972,0.2669322709163344,0.20178704393149638,0.0898053918943047,0.9564853227938386,0.00044543429844097997,0.5,0.1534292812776099,0.4327412954337138,0.38224414584790906,0.46382712177373103,0.7650463720913232,0.07932616141346169
2021-04-11 00:20:00,0.11715481171548117,0.31474103585657365,0.19702159344750547,0.08873415461524736,0.9572705500516941,0.000779510022271715,0.5,0.1534292812776099,0.4327412954337138,0.38224414584790906,0.46382712177373103,0.7650463720913232,0.012523198092852725
2021-04-11 00:30:00,0.08716875871687588,0.24302788844621515,0.19583023082650763,0.09194786645241915,0.9832746594076769,0.1360801781737194,0.5,0.1534292812776099,0.4327412954337138,0.38224414584790906,0.46382712177373103,0.7650463720913232,0.0
2021-04-11 00:40:00,0.1631799163179916,0.019920318725099584,0.19999999999999996,0.09194786645241915,0.9894517805028072,0.9996659242761693,0.5,0.1534292812776099,0.4327412954337138,0.38224414584790906,0.46382712177373103,0.7650463720913232,0.0
2021-04-11 00:50:00,0.28661087866108786,-0.20318725099601598,0.2163812360387194,0.11944295661489024,0.9423643192734031,0.31536748329621384,0.5,0.1534292812776099,0.4327412954337138,0.38224414584790906,0.46382712177373103,0.7650463720913232,0.05621859770357741
2021-04-11 01:00:00,0.18967921896792192,-0.019920318725099695,0.23157110945644055,0.14908052133547578,0.9546138644959496,0.00011135857461024499,0.5,0.11989705235401105,0.43776418290436697,0.4243004013540198,0.496565977033505,0.7717309687180488,0.044117868943977546
2021-04-11 01:10:00,0.17154811715481172,0.07569721115537842,0.2443782576321667,0.19085877521871097,0.9546138644959496,0.00011135857461024499,0.5,0.11989705235401105,0.43776418290436697,0.4243004013540198,0.496565977033505,0.7717309687180488,0.017864417520406777
2021-04-11 01:20:00,0.1199442119944212,0.019920318725099362,0.2491437081161576,0.23442242456704165,0.9546138644959496,0.02383073496659243,0.5,0.11989705235401105,0.43776418290436697,0.4243004013540198,0.496565977033505,0.7717309687180488,7.544095236658269e-05
2021-04-11 01:30:00,0.2768479776847978,0.2350597609561753,0.21310498883097528,0.2208534190323157,0.867649945688448,0.8409799554565701,0.5,0.11989705235401105,0.43776418290436697,0.4243004013540198,0.496565977033505,0.7717309687180488,0.006872670760595682
2021-04-11 01:40:00,0.3207810320781032,0.4501992031872508,0.21965748324646306,0.20906980896268523,0.8072528824383924,0.00011135857461024499,0.5,0.11989705235401105,0.43776418290436697,0.4243004013540198,0.496565977033505,0.7717309687180488,0.16610588892074174
2021-04-11 01:50:00,0.3200836820083682,-0.2828685258964144,0.1868950111690244,0.15086591680057126,0.8103676172278861,0.00011135857461024499,0.5,0.11989705235401105,0.43776418290436697,0.4243004013540198,0.496565977033505,0.7717309687180488,0.18126952034642485
2021-04-11 02:00:00,0.299860529986053,0.1872509960159361,0.16217423678332077,0.0994465274058205,0.8327204198348405,0.00011135857461024499,0.5,0.10089979964799145,0.43800268385406105,0.4728472573338827,0.4675193527374287,0.7851404414478165,0.175151259109495
2021-04-11 02:10:00,0.3417015341701534,0.31474103585657365,0.15055845122859246,0.07123727905731125,0.8499038096609126,0.00011135857461024499,0.5,0.10089979964799145,0.43800268385406105,0.4728472573338827,0.4675193527374287,0.7851404414478165,0.2195482595772289
2021-04-11 02:20:00,0.31450488145048816,-0.02788844621513953,0.14847356664184663,0.058025352615604486,0.8692465744460877,0.00011135857461024499,0.5,0.10089979964799145,0.43800268385406105,0.4728472573338827,0.4675193527374287,0.7851404414478165,0.19398132082019404
2021-04-11 02:30:00,0.32566248256624825,-0.7051792828685259,0.14460163812360372,0.050883770755222324,0.8482940937823089,0.00011135857461024499,0.5,0.10089979964799145,0.43800268385406105,0.4728472573338827,0.4675193527374287,0.7851404414478165,0.1593916441601159
2021-04-11 02:40:00,0.30264993026499304,0.3784860557768923,0.13507073715562168,0.054454561685413294,0.8197641700802241,0.00011135857461024499,0.5,0.10089979964799145,0.43800268385406105,0.4728472573338827,0.4675193527374287,0.7851404414478165,0.16866333720596888
2021-04-11 02:50:00,0.3158995815899582,-0.4820717131474104,0.12643335815338785,0.03874308159257289,0.8373009121723312,0.00011135857461024499,0.5,0.10089979964799145,0.43800268385406105,0.4728472573338827,0.4675193527374287,0.7851404414478165,0.17838013187078472
2021-04-11 03:00:00,0.36401673640167365,-0.17131474103585675,0.11422189128816074,0.023745759685770418,0.8436612529609611,0.00011135857461024499,0.5,0.08739896932282876,0.4408273396799501,0.5241312693573834,0.3991464491334954,0.7959342651806427,0.24074716719223865
2021-04-11 03:10:00,0.42329149232914925,0.24302788844621515,0.10915860014891998,0.018032494197464777,0.8519846618942298,0.00011135857461024499,0.5,0.08739896932282876,0.4408273396799501,0.5241312693573834,0.3991464491334954,0.7959342651806427,0.32338518641459335
2021-04-11 03:20:00,0.3417015341701534,0.4262948207171313,0.10707371556217415,0.009462595965006315,0.8703982410909424,0.00011135857461024499,0.5,0.08739896932282876,0.4408273396799501,0.5241312693573834,0.3991464491334954,0.7959342651806427,0.23237322147954795
2021-04-11 03:30:00,0.5362622036262203,0.2749003984063745,0.10677587490692453,0.008748437778968166,0.9111122744107525,0.00022271714922048998,0.5,0.08739896932282876,0.4408273396799501,0.5241312693573834,0.3991464491334954,0.7959342651806427,0.6080389878841831
2021-04-11 03:40:00,0.7099023709902371,-0.1633466135458168,0.11034996276991804,0.0126763078021781,0.9375351716375914,0.005679287305122495,0.5,0.08739896932282876,0.4408273396799501,0.5241312693573834,0.3991464491334954,0.7959342651806427,0.9998642062857401
2021-04-11 03:50:00,0.6931659693165969,-0.02788844621513953,0.1085629188384214,0.019817889662560484,0.9412388268704768,0.004231625835189309,0.5,0.08739896932282876,0.4408273396799501,0.5241312693573834,0.3991464491334954,0.7959342651806427,0.9856134103836928
2021-04-11 04:00:00,0.7154811715481172,-0.14741035856573714,0.10558451228592691,0.022674522406713082,0.9335828611063852,0.010133630289532295,0.5,0.008999664134388796,0.4426778771691392,0.7128854689656038,0.37383104881805707,0.8208146034627549,0.9600098073238077
2021-04-11 04:10:00,0.8556485355648535,0.33864541832669315,0.09903201787043914,0.02231744331369412,0.9352056641059533,0.0680400890868597,0.5,0.008999664134388796,0.4426778771691392,0.7128854689656038,0.37383104881805707,0.8208146034627549,0.9344062797048751
2021-04-11 04:20:00,0.9497907949790795,0.41035856573705165,0.09277736411020099,0.02231744331369412,0.9375351716375914,0.09643652561247217,0.5,0.008999664134388796,0.4426778771691392,0.7128854689656038,0.37383104881805707,0.8208146034627549,0.9088026766449899
2021-04-11 04:30:00,0.8493723849372384,0.2828685258964143,0.08652271034996262,0.02231744331369412,0.9375351716375914,0.06469933184855234,0.5,0.008999664134388796,0.4426778771691392,0.7128854689656038,0.37383104881805707,0.8208146034627549,0.883199073585105
2021-04-11 04:40:00,0.7796373779637378,-0.05179282868525903,0.0784810126582276,0.029101946081057095,0.9375351716375914,0.034409799554565704,0.5,0.008999664134388796,0.4426778771691392,0.7128854689656038,0.37383104881805707,0.8208146034627549,0.8575954705252199
2021-04-11 04:50:00,0.7112970711297071,-0.11553784860557781,0.07341772151898729,0.034815211569362514,0.9375351716375914,0.01091314031180401,0.5,0.008999664134388796,0.4426778771691392,0.7128854689656038,0.37383104881805707,0.8208146034627549,0.8319919429062873
2021-04-11 05:00:00,0.6227336122733612,-0.38645418326693237,0.06805658972449735,0.04088555615068734,0.9375351716375914,0.00011135857461024499,0.5,-0.006864666170595113,0.4379567077673721,0.7756880078350838,0.3600602214337543,0.8608283089271285,0.8063883398464023
2021-04-11 05:10:00,0.6018131101813111,0.1872509960159361,0.06448250186150384,0.04374218889484016,0.9375351716375914,0.00011135857461024499,0.5,-0.006864666170595113,0.4379567077673721,0.7756880078350838,0.3600602214337543,0.8608283089271285,0.721004269957904
2021-04-11 05:20:00,0.6122733612273361,-0.0916334661354582,0.05703648548026785,0.041242635243706305,0.947010247215715,0.00011135857461024499,0.5,-0.006864666170595113,0.4379567077673721,0.7756880078350838,0.3600602214337543,0.8608283089271285,0.7139731731973384
2021-04-11 05:30:00,0.48884239888423986,-0.33864541832669326,0.05018615040953067,0.04374218889484016,0.9405452094593711,0.00011135857461024499,0.5,-0.006864666170595113,0.4379567077673721,0.7756880078350838,0.3600602214337543,0.8608283089271285,0.4418123934396548
2021-04-11 05:40:00,0.49581589958159,-0.1872509960159363,0.04690990320178701,0.041242635243706305,0.937508997395663,0.00011135857461024499,0.5,-0.006864666170595113,0.4379567077673721,0.7756880078350838,0.3600602214337543,0.8608283089271285,0.4761003062902667
2021-04-11 05:50:00,0.4344490934449094,-0.06772908366533881,0.04154877140729707,0.03445813247634355,0.937508997395663,0.00011135857461024499,0.5,-0.006864666170595113,0.4379567077673721,0.7756880078350838,0.3600602214337543,0.8608283089271285,0.35485160764669493
2021-04-11 06:00:00,0.3396094839609484,0.019920318725099362,0.03261355174981384,0.018746652383502926,0.9360170656057374,0.00011135857461024499,0.5,-0.02466080741826082,0.45807986620958707,0.7663561369222237,0.3146852961560781,0.888540620310232,0.1973837077719269
2021-04-11 06:10:00,0.23221757322175732,-0.42629482071713154,0.02635889798957547,0.002321014104624153,0.91645181976417,0.00011135857461024499,0.5,-0.02466080741826082,0.45807986620958707,0.7663561369222237,0.3146852961560781,0.888540620310232,0.08909576474493414
2021-04-11 06:20:00,0.12343096234309624,-0.05179282868525903,0.026061057334326065,-0.001963935011604967,0.9015848503487719,0.00044543429844097997,0.5,-0.02466080741826082,0.45807986620958707,0.7663561369222237,0.3146852961560781,0.888540620310232,0.011414216093063959
2021-04-11 06:30:00,0.07461645746164575,0.6733067729083664,0.02993298585256876,0.0048205677557580096,0.8962976534792111,0.8871937639198219,0.5,-0.02466080741826082,0.45807986620958707,0.7663561369222237,0.3146852961560781,0.888540620310232,0.0
2021-04-11 06:40:00,0.05299860529986053,-0.7450199203187251,0.049590469099031864,0.032672737011248065,0.8966248315033176,0.9993318485523385,0.5,-0.02466080741826082,0.45807986620958707,0.7663561369222237,0.3146852961560781,0.888540620310232,0.0
2021-04-11 06:50:00,0.05090655509065551,-0.5601593625498009,0.06329113924050622,0.05052669166220336,0.8966248315033176,0.9993318485523385,0.5,-0.02466080741826082,0.45807986620958707,0.7663561369222237,0.3146852961560781,0.888540620310232,0.0
2021-04-11 07:00:00,0.06415620641562064,-0.3752988047808765,0.07222635889798945,0.05409748259239433,0.8966248315033176,0.9993318485523385,0.5,-0.039382060640586136,0.4581746918883814,0.8253259725343435,0.2519616878277153,0.8632728319067535,0.0
2021-04-11 07:10:00,0.17642956764295675,-0.19043824701195222,0.07639612807148177,0.05052669166220336,0.8948188088102498,0.9993318485523385,0.5,-0.039382060640586136,0.4581746918883814,0.8253259725343435,0.2519616878277153,0.8632728319067535,0.0
2021-04-11 07:20:00,0.23570432357043236,-0.005577689243027928,0.07997021593447484,0.05695411533654715,0.7760400989386345,0.5279510022271715,0.5,-0.039382060640586136,0.4581746918883814,0.8253259725343435,0.2519616878277153,0.8632728319067535,0.03397860494590884
2021-04-11 07:30:00,0.2210599721059972,0.17928286852589648,0.09039463886820531,0.07766470273165504,0.7717867846252503,0.00011135857461024499,0.5,-0.039382060640586136,0.4581746918883814,0.8253259725343435,0.2519616878277153,0.8632728319067535,0.07692713912820436
2021-04-11 07:40:00,0.20571827057182707,0.2828685258964143,0.11034996276991804,0.10587395108016429,0.781824606404837,0.00011135857461024499,0.5,-0.039382060640586136,0.4581746918883814,0.8253259725343435,0.2519616878277153,0.8632728319067535,0.06312898894035639
2021-04-11 07:50:00,0.18340306834030684,0.8087649402390438,0.12196574832464635,0.13658275307980716,0.7983012916988391,0.00011135857461024499,0.5,-0.039382060640586136,0.4581746918883814,0.8253259725343435,0.2519616878277153,0.8632728319067535,0.030199013232343048
2021-04-11 08:00:00,0.197350069735007,0.298804780876494,0.12166790766939672,0.16443492233529722,0.8767062333957154,0.00011135857461024499,0.5,-0.039718993550513115,0.48886660325797965,0.9018752892154607,0.22907695469742306,0.8266017638983911,0.06330250313079952
2021-04-11 08:10:00,0.1603905160390516,-0.17928286852589637,0.0635889798957554,0.1040885556150688,0.8793890931933884,0.00011135857461024499,0.5,-0.039718993550513115,0.48886660325797965,0.9018752892154607,0.22907695469742306,0.8266017638983911,0.04534755646755285
2021-04-11 08:20:00,0.12133891213389121,-0.33067729083665354,0.02635889798957547,0.026959471522942202,0.8635275025847065,0.00011135857461024499,0.5,-0.039718993550513115,0.48886660325797965,0.9018752892154607,0.22907695469742306,0.8266017638983911,0.01921481056776861
2021-04-11 08:30:00,0.1094839609483961,-0.2749003984063746,0.014743112434847383,0.002321014104624153,0.8630171048671004,0.00011135857461024499,0.5,-0.039718993550513115,0.48886660325797965,0.9018752892154607,0.22907695469742306,0.8266017638983911,0.006284231332136337
2021-04-11 08:40:00,0.09483960948396096,0.2828685258964143,0.00908413998510782,-0.01838957329048374,0.8630171048671004,0.00044543429844097997,0.5,-0.039718993550513115,0.48886660325797965,0.9018752892154607,0.22907695469742306,0.8266017638983911,0.0024669191423872536
2021-04-11 08:50:00,0.0808926080892608,0.4183266932270917,0.006701414743112366,-0.036243527941438924,0.8774783735326066,0.2073496659242762,0.5,-0.039718993550513115,0.48886660325797965,0.9018752892154607,0.22907695469742306,0.8266017638983911,0.0
2021-04-11 09:00:00,0.1603905160390516,0.06772908366533836,0.01742367833209224,-0.037671844313515335,0.8795068772820668,0.9995545657015591,0.5,-0.06470122469209272,0.4981164171985045,0.9642177464445442,0.29802068605387333,0.7887367998411526,0.0
2021-04-11 09:10:00,0.2301255230125523,-0.2828685258964144,0.040655249441548635,-0.0026780931976432276,0.8622842260931017,0.29465478841870824,0.5,-0.06470122469209272,0.4981164171985045,0.9642177464445442,0.29802068605387333,0.7887367998411526,0.04369539961072469
2021-04-11 09:20:00,0.18758716875871687,0.3306772908366533,0.0656738644825019,0.02517407605784694,0.8724529190823311,0.00011135857461024499,0.5,-0.06470122469209272,0.4981164171985045,0.9642177464445442,0.29802068605387333,0.7887367998411526,0.054921013322872185
2021-04-11 09:30:00,0.2175732217573222,0.36254980079681287,0.08741623231571105,0.0576682735225853,0.8787347371451755,0.00011135857461024499,0.5,-0.06470122469209272,0.4981164171985045,0.9642177464445442,0.29802068605387333,0.7887367998411526,0.06466044027339801
2021-04-11 09:40:00,0.20013947001394702,-0.003984063745020028,0.10498883097542788,0.08837707552222818,0.8833675779665231,0.00011135857461024499,0.5,-0.06470122469209272,0.4981164171985045,0.9642177464445442,0.29802068605387333,0.7887367998411526,0.06342320865458605
2021-04-11 09:50:00,0.29218967921896793,0.019920318725099362,0.08682055100521202,0.08623460096411373,0.8855662142885188,0.00011135857461024499,0.5,-0.06470122469209272,0.4981164171985045,0.9642177464445442,0.29802068605387333,0.7887367998411526,0.1573471943509815
2021-04-11 10:00:00,0.3326359832635983,0.1633466135458166,0.06001489203276256,0.021603285127655747,0.892450039915719,0.00011135857461024499,0.5,-0.032121693416400365,0.5140241431925221,0.9496607531972694,0.4185370535461368,0.7527041044436248,0.20739472215097246
2021-04-11 10:10:00,0.31311018131101814,-0.07569721115537853,0.05703648548026785,-0.0048205677557580096,0.8819279946604546,0.00011135857461024499,0.5,-0.032121693416400365,0.5140241431925221,0.9496607531972694,0.4185370535461368,0.7527041044436248,0.17971543672767326
2021-04-11 10:20:00,0.4121338912133891,-0.21912350597609564,0.055845122859270235,-0.019103731476522,0.8710656842601197,0.00011135857461024499,0.5,-0.032121693416400365,0.5140241431925221,0.9496607531972694,0.4185370535461368,0.7527041044436248,0.3160900463207448
2021-04-11 10:30:00,0.4783821478382148,-0.26693227091633476,0.0546537602382724,-0.02053204784859841,0.861433563230425,0.00011135857461024499,0.5,-0.032121693416400365,0.5140241431925221,0.9496607531972694,0.4185370535461368,0.7527041044436248,0.44613516001026
2021-04-11 10:40:00,0.47489539748953974,-0.19521912350597614,0.0546537602382724,-0.02053204784859841,0.8480716127259164,0.00011135857461024499,0.5,-0.032121693416400365,0.5140241431925221,0.9496607531972694,0.4185370535461368,0.7527041044436248,0.4486624319145405
2021-04-11 10:50:00,0.47280334728033474,-0.1394422310756973,0.05018615040953067,-0.020174968755579448,0.8430592453966053,0.00011135857461024499,0.5,-0.032121693416400365,0.5140241431925221,0.9496607531972694,0.4185370535461368,0.7527041044436248,0.4448451197247914
2021-04-11 11:00:00,0.4916317991631799,0.03585657370517925,0.04988830975428127,-0.01696125691840733,0.8295533365614898,0.00011135857461024499,0.5,-0.014028309435288877,0.5213659495354989,0.8979193226299678,0.5179988101956681,0.7345541546872122,0.5278527996137424
2021-04-11 11:10:00,0.6366806136680614,0.05976095617529875,0.04869694713328343,-0.01981788966256015,0.8295533365614898,0.00022271714922048998,0.5,-0.014028309435288877,0.5213659495354989,0.8979193226299678,0.5179988101956681,0.7345541546872122,0.8643119030734645
2021-04-11 11:20:00,0.5808926080892608,-0.0916334661354582,0.042740134028294685,-0.021960364220674822,0.8295533365614898,0.00044543429844097997,0.5,-0.014028309435288877,0.5213659495354989,0.8979193226299678,0.5179988101956681,0.7345541546872122,0.7371260014786427
2021-04-11 11:30:00,0.5941422594142259,-0.15537848605577698,0.037676842889054374,-0.020174968755579448,0.8295402494405256,0.00044543429844097997,0.5,-0.014028309435288877,0.5213659495354989,0.8979193226299678,0.5179988101956681,0.7345541546872122,0.7417429877634776
2021-04-11 11:40:00,0.601115760111576,-0.1633466135458168,0.0352941176470587,-0.01624709873236929,0.8273677873604586,0.000556792873051225,0.5,-0.014028309435288877,0.5213659495354989,0.8979193226299678,0.5179988101956681,0.7345541546872122,0.7587624666173786
2021-04-11 11:50:00,0.5788005578800558,-0.003984063745020028,0.04005956813104983,-0.005534725941796048,0.8226564238133254,0.00022271714922048998,0.5,-0.014028309435288877,0.5213659495354989,0.8979193226299678,0.5179988101956681,0.7345541546872122,0.7220906196719827
2021-04-11 12:00:00,0.5613668061366807,-0.02788844621513953,0.034996276991809294,-0.0026780931976432276,0.825470154820641,0.00011135857461024499,0.5,0.012623210481675251,0.5187826681647203,0.7836383656855186,0.5685537584240102,0.721965797853791,0.6831555441555894
2021-04-11 12:10:00,0.5278940027894004,0.043824701195219085,0.03588979895755773,0.0026780931976433386,0.823703393490466,0.00011135857461024499,0.5,0.012623210481675251,0.5187826681647203,0.7836383656855186,0.5685537584240102,0.721965797853791,0.5922869170300407
2021-04-11 12:20:00,0.4721059972105997,-0.12350597609561753,0.04005956813104983,0.006605963220853273,0.8264778631348889,0.00011135857461024499,0.5,0.012623210481675251,0.5187826681647203,0.7836383656855186,0.5685537584240102,0.721965797853791,0.4689937685773345
2021-04-11 12:30:00,0.44839609483960946,0.06772908366533859,0.04839910647803425,0.021246206034636783,0.8167933936213372,0.00011135857461024499,0.5,0.012623210481675251,0.5187826681647203,0.7836383656855186,0.5685537584240102,0.721965797853791,0.41551367744466405
2021-04-11 12:40:00,0.4630404463040446,-0.043824701195219196,0.05614296351451942,0.029816104267095245,0.8124092080983104,0.00011135857461024499,0.5,0.012623210481675251,0.5187826681647203,0.7836383656855186,0.5685537584240102,0.721965797853791,0.4451016189628378
2021-04-11 12:50:00,0.4721059972105997,-0.17131474103585675,0.06388682055100503,0.03302981610426703,0.8089934695266388,0.00011135857461024499,0.5,0.012623210481675251,0.5187826681647203,0.7836383656855186,0.5685537584240102,0.721965797853791,0.42879128506118264
2021-04-11 13:00:00,0.42189679218967924,0.19521912350597592,0.07222635889798945,0.041242635243706305,0.8151705906217691,0.00011135857461024499,0.5,0.1445047283007299,0.5030502260012005,0.6604496042575052,0.5983252297252347,0.7163927568865881,0.3599514160266759
2021-04-11 13:10:00,0.45536959553695955,-0.0916334661354582,0.07967237527922544,0.05052669166220336,0.8077240187931057,0.00011135857461024499,0.5,0.1445047283007299,0.5030502260012005,0.6604496042575052,0.5983252297252347,0.7163927568865881,0.41560420658750397
2021-04-11 13:20:00,0.4881450488145049,0.09163346613545809,0.08860759493670867,0.05231208712729862,0.82239468139404,0.00011135857461024499,0.5,0.1445047283007299,0.5030502260012005,0.6604496042575052,0.5983252297252347,0.7163927568865881,0.48726556724052084
2021-04-11 13:30:00,0.45536959553695955,0.043824701195219085,0.09516008935219644,0.0480271380110695,0.8157987724280535,0.00011135857461024499,0.5,0.1445047283007299,0.5030502260012005,0.6604496042575052,0.5983252297252347,0.7163927568865881,0.4209906905864779
2021-04-11 13:40:00,0.4839609483960949,0.09163346613545809,0.1005212211466866,0.04767005891805054,0.8228396435068249,0.00011135857461024499,0.5,0.1445047283007299,0.5030502260012005,0.6604496042575052,0.5983252297252347,0.7163927568865881,0.49727658161956634
2021-04-11 13:50:00,0.44979079497907953,-0.08366533864541836,0.10766939687267296,0.05409748259239433,0.8090719922524244,0.00011135857461024499,0.5,0.1445047283007299,0.5030502260012005,0.6604496042575052,0.5983252297252347,0.7163927568865881,0.3861822351645367
2021-04-11 14:00:00,0.4693165969316597,0.09960159362549792,0.1130305286671629,0.06195322263881464,0.8044260643101123,0.00011135857461024499,0.5,0.16539109999489687,0.4877947857370689,0.5981782897517576,0.5619705473937557,0.7233203046917237,0.4380177135356157
2021-04-11 14:10:00,0.5,-0.1872509960159363,0.12166790766939672,0.07373683270844489,0.7971234508120559,0.00011135857461024499,0.5,0.16539109999489687,0.4877947857370689,0.5981782897517576,0.5619705473937557,0.7233203046917237,0.4846628543838738
2021-04-11 14:20:00,0.5146443514644351,0.06772908366533859,0.12553983618763942,0.07623638635957874,0.7968617083927706,0.00022271714922048998,0.5,0.16539109999489687,0.4877947857370689,0.5981782897517576,0.5619705473937557,0.7233203046917237,0.5343935301839251
2021-04-11 14:30:00,0.3884239888423989,0.09960159362549792,0.13060312732687973,0.07980717728976972,0.8081035453010692,0.00011135857461024499,0.5,0.16539109999489687,0.4877947857370689,0.5981782897517576,0.5619705473937557,0.7233203046917237,0.3317289557463374
2021-04-11 14:40:00,0.3584379358437936,-0.01195219123505975,0.13834698436336557,0.08837707552222818,0.8271976547879233,0.00011135857461024499,0.5,0.16539109999489687,0.4877947857370689,0.5981782897517576,0.5619705473937557,0.7233203046917237,0.23477978786004194
2021-04-11 14:50:00,0.30613668061366806,-0.11553784860557781,0.148175725986597,0.1040885556150688,0.8303254766983812,0.00011135857461024499,0.5,0.16539109999489687,0.4877947857370689,0.5981782897517576,0.5619705473937557,0.7233203046917237,0.16965915777720778
2021-04-11 15:00:00,0.29497907949790797,0.2589641434262948,0.16068503350707353,0.1137296911265846,0.8096347384538874,0.00011135857461024499,0.5,0.17669339472080603,0.4620567977080946,0.5356538542553178,0.5247529377539217,0.7385286350423917,0.12714063702340178
2021-04-11 15:10:00,0.3117154811715481,0.06772908366533859,0.16842889054355892,0.11801464024281394,0.8341076546570521,0.00011135857461024499,0.5,0.17669339472080603,0.4620567977080946,0.5356538542553178,0.5247529377539217,0.7385286350423917,0.1598593780647887
2021-04-11 15:20:00,0.29428172942817293,0.4422310756972112,0.1746835443037973,0.11444384931262275,0.8171598330083365,0.00011135857461024499,0.5,0.17669339472080603,0.4620567977080946,0.5356538542553178,0.5247529377539217,0.7385286350423917,0.15749053216047798
2021-04-11 15:30:00,0.17294281729428174,0.37423638778220436,0.17587490692479513,0.11158721656847015,0.863147976076743,0.5077951002227172,0.5,0.17669339472080603,0.4620567977080946,0.5356538542553178,0.5247529377539217,0.7385286350423917,0.0006035276189326615
2021-04-11 15:40:00,0.14714086471408647,0.3062416998671975,0.19374534623976158,0.15443670773076223,0.6950439072908351,0.9995545657015591,0.5,0.17669339472080603,0.4620567977080946,0.5356538542553178,0.5247529377539217,0.7385286350423917,0.0
2021-04-11 15:50:00,0.13528591352859135,0.2382470119521911,0.21667907669396835,0.1951437243349401,0.6530996846003847,0.9995545657015591,0.5,0.17669339472080603,0.4620567977080946,0.5356538542553178,0.5247529377539217,0.7385286350423917,0.0
2021-04-11 16:00:00,0.14016736401673638,0.1702523240371845,0.23663440059568108,0.2062131762185324,0.6530996846003847,0.9995545657015591,0.5,0.23781356490161,0.4544563758774959,0.40699116118239975,0.4917350740323345,0.7499806747738347,0.0
2021-04-11 16:10:00,0.11157601115760113,0.10225763612217786,0.2571854058078924,0.21264059989287643,0.6530996846003847,0.9995545657015591,0.5,0.23781356490161,0.4544563758774959,0.40699116118239975,0.4917350740323345,0.7499806747738347,0.0
2021-04-11 16:20:00,0.1589958158995816,0.03426294820717124,0.2720774385703646,0.21835386538118184,0.6530996846003847,0.9995545657015591,0.5,0.23781356490161,0.4544563758774959,0.40699116118239975,0.4917350740323345,0.7499806747738347,0.0
2021-04-11 16:30:00,0.10808926080892609,-0.033731739707835495,0.2827997021593447,0.22263881449741119,0.6530996846003847,0.9995545657015591,0.5,0.23781356490161,0.4544563758774959,0.40699116118239975,0.4917350740323345,0.7499806747738347,0.0
2021-04-11 16:40:00,0.2105997210599721,-0.10172642762284201,0.28965003723008165,0.22835207998571683,0.6367146091531324,0.9995545657015591,0.5,0.23781356490161,0.4544563758774959,0.40699116118239975,0.4917350740323345,0.7499806747738347,0.0
2021-04-11 16:50:00,0.08437935843793584,-0.16972111553784885,0.30096798212956055,0.24941974647384413,0.47774535080027747,0.9995545657015591,0.5,0.23781356490161,0.4544563758774959,0.40699116118239975,0.4917350740323345,0.7499806747738347,0.0
2021-04-11 17:00:00,0.13458856345885634,-0.23771580345285526,0.3063291139240505,0.26477414747366557,0.45534019970946593,0.9995545657015591,0.5,0.2381311530196386,0.43594525397477596,0.3883321114792525,0.4611041199716662,0.7581781841140616,0.0
2021-04-11 17:10:00,0.10599721059972106,-0.305710491367862,0.3116902457185404,0.2687020174968757,0.45534019970946593,0.9995545657015591,0.5,0.2381311530196386,0.43594525397477596,0.3883321114792525,0.4611041199716662,0.7581781841140616,0.0
2021-04-11 17:20:00,0.09344490934449094,-0.3737051792828686,0.31288160833953826,0.27798607391537233,0.45534019970946593,0.9995545657015591,0.5,0.2381311530196386,0.43594525397477596,0.3883321114792525,0.4611041199716662,0.7581781841140616,0.0
2021-04-11 17:30:00,0.10529986052998605,-0.44169986719787524,0.3116902457185404,0.28619889305481183,0.45534019970946593,0.9995545657015591,0.5,0.2381311530196386,0.43594525397477596,0.3883321114792525,0.4611041199716662,0.7581781841140616,0.0
2021-04-11 17:40:00,0.1394700139470014,-0.509694555112882,0.3063291139240505,0.27941439028744863,0.45534019970946593,0.9995545657015591,0.5,0.2381311530196386,0.43594525397477596,0.3883321114792525,0.4611041199716662,0.7581781841140616,0.0
2021-04-11 17:50:00,0.10251046025104603,-0.5776892430278885,0.2985852568875649,0.27262988752008566,0.45534019970946593,0.9995545657015591,0.5,0.2381311530196386,0.43594525397477596,0.3883321114792525,0.4611041199716662,0.7581781841140616,0.0
2021-04-11 18:00:00,0.05160390516039052,-0.4130146082337318,0.2991809381980639,0.2737011247991432,0.45534019970946593,0.9995545657015591,0.5,0.17755653932345927,0.43994804702204443,0.440153434944418,0.38392826026808047,0.7845446382555867,0.0
2021-04-11 18:10:00,0.027894002789400282,-0.24833997343957503,0.29709605361131786,0.2833422603106588,0.45534019970946593,0.9995545657015591,0.5,0.17755653932345927,0.43994804702204443,0.440153434944418,0.38392826026808047,0.7845446382555867,0.0
2021-04-11 18:20:00,0.06694560669456066,-0.08366533864541836,0.29590469099032,0.29369755400821274,0.45534019970946593,0.9995545657015591,0.5,0.17755653932345927,0.43994804702204443,0.440153434944418,0.38392826026808047,0.7845446382555867,0.0
2021-04-11 18:30:00,0.13807531380753138,-0.0097790655559582,0.3000744601638121,0.29476879128727007,0.45534019970946593,0.9995545657015591,0.5,0.17755653932345927,0.43994804702204443,0.440153434944418,0.38392826026808047,0.7845446382555867,0.0
2021-04-11 18:40:00,0.0794979079497908,0.0641072075335023,0.2991809381980639,0.2911980003570791,0.45534019970946593,0.9995545657015591,0.5,0.17755653932345927,0.43994804702204443,0.440153434944418,0.38392826026808047,0.7845446382555867,0.0
2021-04-11 18:50:00,0.1617852161785216,0.13799348062296257,0.2944154877140728,0.28619889305481183,0.45534019970946593,0.9995545657015591,0.5,0.17755653932345927,0.43994804702204443,0.440153434944418,0.38392826026808047,0.7845446382555867,0.0
2021-04-11 19:00:00,0.13319386331938632,0.21187975371242307,0.29292628443782553,0.27762899482235315,0.45534019970946593,0.9995545657015591,0.5,0.17840337426535657,0.4486921240089996,0.42800337376294406,0.2954528788098424,0.8057386454476633,0.0
2021-04-11 19:10:00,0.10390516039051603,0.28576602680188334,0.2881608339538346,0.26798785931083735,0.45534019970946593,0.9995545657015591,0.5,0.17840337426535657,0.4486921240089996,0.42800337376294406,0.2954528788098424,0.8057386454476633,0.0
2021-04-11 19:20:00,0.07461645746164575,0.3596522998913436,0.2860759493670886,0.2626316729155509,0.45534019970946593,0.9995545657015591,0.5,0.17840337426535657,0.4486921240089996,0.42800337376294406,0.2954528788098424,0.8057386454476633,0.0
2021-04-11 19:30:00,0.0697350069735007,0.4335385729808041,0.28518242740134014,0.2583467237993218,0.45534019970946593,0.9995545657015591,0.5,0.17840337426535657,0.4486921240089996,0.42800337376294406,0.2954528788098424,0.8057386454476633,0.0
2021-04-11 19:40:00,0.10529986052998605,0.5074248460702644,0.2789277736411018,0.2483485091947868,0.45534019970946593,0.9995545657015591,0.5,0.17840337426535657,0.4486921240089996,0.42800337376294406,0.2954528788098424,0.8057386454476633,0.0
2021-04-11 19:50:00,0.1415620641562064,0.5813111191597244,0.272970960536113,0.23477950366006062,0.45534019970946593,0.9995545657015591,0.5,0.17840337426535657,0.4486921240089996,0.42800337376294406,0.2954528788098424,0.8057386454476633,0.0
2021-04-11 20:00:00,0.1701534170153417,0.6551973922491849,0.2682055100521219,0.21692554900910554,0.45534019970946593,0.9995545657015591,0.5,0.1946809159959082,0.4494306149014262,0.43815687338256515,0.2163600779126731,0.8108740348454208,0.0
2021-04-11 20:10:00,0.21617852161785217,0.7290836653386452,0.2571854058078924,0.2029994643813604,0.5180667704911597,0.4399777282850779,0.5,0.1946809159959082,0.4494306149014262,0.43815687338256515,0.2163600779126731,0.8108740348454208,0.027332257042412902
2021-04-11 20:20:00,0.2894002789400279,0.09960159362549792,0.25420699925539814,0.19550080342795928,0.5003598958265172,0.00011135857461024499,0.5,0.1946809159959082,0.4494306149014262,0.43815687338256515,0.2163600779126731,0.8108740348454208,0.15236054739955038
2021-04-11 20:30:00,0.3103207810320781,0.2589641434262948,0.255398361876396,0.184074272451348,0.5108165054769602,0.00011135857461024499,0.5,0.1946809159959082,0.4494306149014262,0.43815687338256515,0.2163600779126731,0.8108740348454208,0.18010772967997948
2021-04-11 20:40:00,0.39121338912133896,0.13147410358565725,0.2562918838421444,0.16907695054454575,0.5234063158445773,0.00011135857461024499,0.5,0.1946809159959082,0.4494306149014262,0.43815687338256515,0.2163600779126731,0.8108740348454208,0.255397800141829
2021-04-11 20:50:00,0.3075313807531381,0.15537848605577675,0.25390915860014873,0.16086413140510625,0.5298713536009213,0.00011135857461024499,0.5,0.1946809159959082,0.4494306149014262,0.43815687338256515,0.2163600779126731,0.8108740348454208,0.15071593463795888
2021-04-11 21:00:00,0.3507670850767085,-0.3466135458167332,0.20446760982874146,0.1219425102660241,0.5363233042363011,0.00011135857461024499,0.5,0.1925556571342424,0.46274069199757445,0.4856926403550187,0.13385323179983752,0.8033786677708801,0.20076346243794982
2021-04-11 21:10:00,0.40097629009762903,0.22709163346613526,0.17319434102755027,0.07945009819675053,0.5259452173116436,0.00011135857461024499,0.5,0.1925556571342424,0.46274069199757445,0.4856926403550187,0.13385323179983752,0.8033786677708801,0.2705463433770388
2021-04-11 21:20:00,0.38702928870292885,0.2828685258964143,0.15979151154132532,0.05981074808069997,0.5293086073994583,0.00011135857461024499,0.5,0.1925556571342424,0.46274069199757445,0.4856926403550187,0.13385323179983752,0.8033786677708801,0.2588529957602185
2021-04-11 21:30:00,0.40446304044630405,-0.20318725099601598,0.1523454951600891,0.05052669166220336,0.5371608799780137,0.00011135857461024499,0.5,0.1925556571342424,0.46274069199757445,0.4856926403550187,0.13385323179983752,0.8033786677708801,0.29071925403986304
2021-04-11 21:40:00,0.36541143654114366,0.298804780876494,0.14609084139985096,0.04267095161578305,0.5371608799780137,0.00011135857461024499,0.5,0.1925556571342424,0.46274069199757445,0.4856926403550187,0.13385323179983752,0.8033786677708801,0.21862033586311996
2021-04-11 21:50:00,0.3103207810320781,0.5219123505976095,0.14162323157110923,0.030530262453133394,0.539045425396867,0.00011135857461024499,0.5,0.1925556571342424,0.46274069199757445,0.4856926403550187,0.13385323179983752,0.8033786677708801,0.15641172654163588
2021-04-11 22:00:00,0.2684797768479777,0.10756972111553775,0.1359642591213699,0.02088912694161782,0.551020141079164,0.00011135857461024499,0.5,0.1102070459735649,0.4871080179421684,0.6526965691833818,0.17517558651812934,0.9130079834365543,0.11388566169259322
2021-04-11 22:10:00,0.28591352859135283,0.043824701195219085,0.1323901712583766,0.017318336011426627,0.551020141079164,0.00011135857461024499,0.5,0.1102070459735649,0.4871080179421684,0.6526965691833818,0.17517558651812934,0.9130079834365543,0.12678606454727884
2021-04-11 22:20:00,0.3472803347280335,0.41035856573705165,0.12613551749813845,0.010533833244063429,0.5558492887149756,0.00011135857461024499,0.5,0.1102070459735649,0.4871080179421684,0.6526965691833818,0.17517558651812934,0.9130079834365543,0.2100577877695128
2021-04-11 22:30:00,0.3884239888423989,-0.043824701195219196,0.11660461653015619,0.008034279592929794,0.5901113713994058,0.00011135857461024499,0.5,0.1102070459735649,0.4871080179421684,0.6526965691833818,0.17517558651812934,0.9130079834365543,0.2626627638547309
2021-04-11 22:40:00,0.4490934449093445,-0.2509960159362551,0.11154132539091588,0.005534725941795937,0.5963408409783931,0.00011135857461024499,0.5,0.1102070459735649,0.4871080179421684,0.6526965691833818,0.17517558651812934,0.9130079834365543,0.3588726104078338
2021-04-11 22:50:00,0.4421199442119944,0.2828685258964143,0.10320178704393146,0.0016068559185860032,0.5973092879297482,0.00011135857461024499,0.5,0.1102070459735649,0.4871080179421684,0.6526965691833818,0.17517558651812934,0.9130079834365543,0.35992123964572925
2021-04-11 23:00:00,0.42398884239888424,-0.11553784860557781,0.09277736411020099,-0.002321014104624264,0.5973092879297482,0.00011135857461024499,0.5,0.029934898104643892,0.49291537239193706,0.7420111223595239,0.1954436016180127,0.988714167675456,0.3411515306969235
2021-04-11 23:10:00,0.45676429567642957,-0.3466135458167332,0.08384214445271776,-0.0030351722906623024,0.5973092879297482,0.00011135857461024499,0.5,0.029934898104643892,0.49291537239193706,0.7420111223595239,0.1954436016180127,0.988714167675456,0.39365843354406505
2021-04-11 23:20:00,0.49860529986053004,-0.0916334661354582,0.07639612807148177,-0.012319228709159136,0.5973092879297482,0.00011135857461024499,0.5,0.029934898104643892,0.49291537239193706,0.7420111223595239,0.1954436016180127,0.988714167675456,0.49595636495315115
2021-04-11 23:30:00,0.5355648535564853,-0.36254980079681276,0.06954579300074437,-0.015175861453311956,0.5973092879297482,0.00011135857461024499,0.5,0.029934898104643892,0.49291537239193706,0.7420111223595239,0.1954436016180127,0.988714167675456,0.5773571525566938
2021-04-11 23:40:00,0.5934449093444909,-0.08366533864541836,0.06478034251675346,-0.017675415104445702,0.5887503108191229,0.00011135857461024499,0.5,0.029934898104643892,0.49291537239193706,0.7420111223595239,0.1954436016180127,0.988714167675456,0.7055388747227546
2021-04-11 23:50:00,0.6527196652719665,0.09960159362549792,0.06478034251675346,-0.02053204784859841,0.586028189658557,0.0008908685968819599,0.5,0.029934898104643892,0.49291537239193706,0.7420111223595239,0.1954436016180127,0.988714167675456,0.8900448119257057
2021-04-12 00:00:00,0.7133891213389122,0.3545816733067728,0.06507818317200287,-0.02053204784859841,0.586028189658557,0.0044543429844098,0.5,0.025464483462370735,0.4801857433902207,0.7939267955326428,0.2570669251915202,0.09176524190443082,0.818508004285046
2021-04-12 00:10:00,0.5948396094839609,0.14741035856573692,0.06031273268801174,-0.017675415104445702,0.586028189658557,0.00022271714922048998,0.5,0.025464483462370735,0.4801857433902207,0.7939267955326428,0.2570669251915202,0.09176524190443082,0.7469710457624817
2021-04-12 00:20:00,0.5104602510460251,0.17928286852589648,0.05286671630677553,-0.00981967505802539,0.5906348562379763,0.00011135857461024499,0.5,0.025464483462370735,0.4801857433902207,0.7939267955326428,0.2570669251915202,0.09176524190443082,0.5314965976130482
2021-04-12 00:30:00,0.48884239888423986,-0.13147410358565736,0.04422933730454215,-0.0030351722906623024,0.5933831516404705,0.00011135857461024499,0.5,0.025464483462370735,0.4801857433902207,0.7939267955326428,0.2570669251915202,0.09176524190443082,0.4670700242919867
2021-04-12 00:40:00,0.5550906555090656,0.4581673306772909,0.03469843633655967,-0.0112479914301018,0.5860151025375927,0.00011135857461024499,0.5,0.025464483462370735,0.4801857433902207,0.7939267955326428,0.2570669251915202,0.09176524190443082,0.6210299198817086
2021-04-12 00:50:00,0.5662482566248256,-0.08366533864541836,0.025465376023827258,-0.021246206034636783,0.5860151025375927,0.00011135857461024499,0.5,0.025464483462370735,0.4801857433902207,0.7939267955326428,0.2570669251915202,0.09176524190443082,0.6627336783499556
2021-04-12 01:00:00,0.6220362622036262,-0.4900398406374503,0.016232315711094403,-0.024459917871808567,0.5860151025375927,0.00011135857461024499,0.5,-0.035102992672659816,0.4726111831083871,0.9051985801383466,0.34058212005428007,0.14131592206340338,0.7846236250886431
2021-04-12 01:10:00,0.696652719665272,0.08366533864541825,0.014743112434847383,-0.029816104267095023,0.5756239284919711,0.0017817371937639199,0.5,-0.035102992672659816,0.4726111831083871,0.9051985801383466,0.34058212005428007,0.14131592206340338,0.816912428142493
2021-04-12 01:20:00,0.7859135285913529,0.03585657370517925,0.017125837676842837,-0.034101053383324476,0.5751920535001505,0.03752783964365256,0.5,-0.035102992672659816,0.4726111831083871,0.9051985801383466,0.34058212005428007,0.14131592206340338,0.849201080314438
2021-04-12 01:30:00,0.7336122733612274,-0.15537848605577698,0.01742367833209224,-0.03088734154615247,0.5751920535001505,0.011247216035634744,0.5,-0.035102992672659816,0.4726111831083871,0.9051985801383466,0.34058212005428007,0.14131592206340338,0.8814898833682877
2021-04-12 01:40:00,0.7538354253835425,-0.298804780876494,0.014445271779597979,-0.02660239242992324,0.5751920535001505,0.016369710467706012,0.5,-0.035102992672659816,0.4726111831083871,0.9051985801383466,0.34058212005428007,0.14131592206340338,0.9137785355402327
2021-04-12 01:50:00,0.6729428172942817,-0.2828685258964144,0.009679821295606628,-0.019460810569541076,0.5751920535001505,0.00033407572383073496,0.5,-0.035102992672659816,0.4726111831083871,0.9051985801383466,0.34058212005428007,0.14131592206340338,0.9460672631531301
2021-04-12 02:00:00,0.6771269177126918,-0.19521912350597614,0.006105733432613558,-0.01624709873236929,0.570061902082161,0.00033407572383073496,0.5,-0.024896980644868782,0.47682086854574735,0.8777364744177235,0.4060819263154005,0.1638954090842143,0.9731656532432066
2021-04-12 02:10:00,0.7071129707112971,-0.15537848605577698,0.008190618019359386,-0.01624709873236929,0.5652065802044208,0.00044543429844097997,0.5,-0.024896980644868782,0.47682086854574735,0.8777364744177235,0.4060819263154005,0.1638954090842143,0.9274961902319054
2021-04-12 02:20:00,0.701534170153417,0.05179282868525892,0.00699925539836177,-0.012319228709159136,0.5692897619452697,0.00033407572383073496,0.5,-0.024896980644868782,0.47682086854574735,0.8777364744177235,0.4060819263154005,0.1638954090842143,0.8818267272206045
2021-04-12 02:30:00,0.6359832635983264,0.07569721115537842,0.0034251675353684785,-0.01481878236029266,0.5796285875070343,0.000556792873051225,0.5,-0.024896980644868782,0.47682086854574735,0.8777364744177235,0.4060819263154005,0.1638954090842143,0.8361573396502557
2021-04-12 02:40:00,0.5801952580195259,-0.09960159362549814,-0.0025316455696204887,-0.008391358685948758,0.5850335684652733,0.000556792873051225,0.5,-0.024896980644868782,0.47682086854574735,0.8777364744177235,0.4060819263154005,0.1638954090842143,0.7173906483395446
2021-04-12 02:50:00,0.5097629009762901,0.09960159362549792,-0.006701414743112699,-0.00981967505802539,0.5850335684652733,0.000556792873051225,0.5,-0.024896980644868782,0.47682086854574735,0.8777364744177235,0.4060819263154005,0.1638954090842143,0.542850460944219
2021-04-12 03:00:00,0.47629009762900976,0.2350597609561753,-0.012062546537602414,-0.01053383324406354,0.5850335684652733,0.000556792873051225,0.5,-0.02779176198701705,0.475958816920349,0.8507108629105083,0.45282045900302337,0.1733014636017615,0.4327745673461382
2021-04-12 03:10:00,0.44490934449093444,0.25099601593625476,-0.017125837676842948,-0.02053204784859841,0.5908442501734044,0.000556792873051225,0.5,-0.02779176198701705,0.475958816920349,0.8507108629105083,0.45282045900302337,0.1733014636017615,0.3652171945018634
2021-04-12 03:20:00,0.403068340306834,-0.17131474103585675,-0.02427401340282964,-0.028744866988037687,0.5963146667364646,0.000556792873051225,0.5,-0.02779176198701705,0.475958816920349,0.8507108629105083,0.45282045900302337,0.1733014636017615,0.3004285046094422
2021-04-12 03:30:00,0.37796373779637377,0.31474103585657365,-0.027550260610573418,-0.042670951615782826,0.5974925076232479,0.000556792873051225,0.5,-0.02779176198701705,0.475958816920349,0.8507108629105083,0.45282045900302337,0.1733014636017615,0.2669100894729695
2021-04-12 03:40:00,0.39400278940027894,0.05179282868525892,-0.0195085629188384,-0.04659882163899287,0.613511143683501,0.000556792873051225,0.5,-0.02779176198701705,0.475958816920349,0.8507108629105083,0.45282045900302337,0.1733014636017615,0.2775246314709477
2021-04-12 03:50:00,0.38633193863319387,-0.36254980079681276,-0.023082650781831915,-0.039814318871630006,0.6187329049482404,0.000556792873051225,0.5,-0.02779176198701705,0.475958816920349,0.8507108629105083,0.45282045900302337,0.1733014636017615,0.25829473271270575
2021-04-12 04:00:00,0.4121338912133891,-0.12350597609561753,-0.032911392405063356,-0.05981074808069986,0.6187329049482404,0.000556792873051225,0.5,-0.060788607118283045,0.484085090242437,0.80863951652369,0.47413925137787205,0.17097380520511196,0.3001569171809225
2021-04-12 04:10:00,0.44072524407252445,-0.3545816733067729,-0.03648548026805687,-0.06980896268523484,0.616638965593959,0.000556792873051225,0.5,-0.060788607118283045,0.484085090242437,0.80863951652369,0.47413925137787205,0.17097380520511196,0.36708058602531796
2021-04-12 04:20:00,0.44142259414225943,0.298804780876494,-0.04005956813105005,-0.0815925727548652,0.607451806677049,0.000556792873051225,0.5,-0.060788607118283045,0.484085090242437,0.80863951652369,0.47413925137787205,0.17097380520511196,0.37645035230924756
2021-04-12 04:30:00,0.49860529986053004,-0.21115537848605592,-0.0424422933730455,-0.08980539189430448,0.6071377157739068,0.000556792873051225,0.5,-0.060788607118283045,0.484085090242437,0.80863951652369,0.47413925137787205,0.17097380520511196,0.48004586809903893
2021-04-12 04:40:00,0.4351464435146444,-0.06772908366533881,-0.04482501861504107,-0.09123370826638089,0.5867610684325555,0.000556792873051225,0.5,-0.060788607118283045,0.484085090242437,0.80863951652369,0.47413925137787205,0.17097380520511196,0.3444105798391599
2021-04-12 04:50:00,0.49023709902370993,0.03585657370517925,-0.03410275502606119,-0.08266381003392254,0.5911845153184752,0.000556792873051225,0.5,-0.060788607118283045,0.484085090242437,0.80863951652369,0.47413925137787205,0.17097380520511196,0.4709175128626824
2021-04-12 05:00:00,0.5104602510460251,-0.19521912350597614,-0.03648548026805687,-0.08087841456882694,0.5833584169818482,0.000556792873051225,0.5,-0.06121305853500558,0.48609367052961666,0.7399919878836714,0.49004054582501416,0.17099018214100095,0.48852543114504277
2021-04-12 05:10:00,0.46513249651324967,0.3306772908366533,-0.03410275502606119,-0.0880199964292091,0.5760427163628273,0.000556792873051225,0.5,-0.06121305853500558,0.48609367052961666,0.7399919878836714,0.49004054582501416,0.17099018214100095,0.4146913710638684
2021-04-12 05:20:00,0.4804741980474198,0.20318725099601576,-0.03410275502606119,-0.08837707552222807,0.5850335684652733,0.000556792873051225,0.5,-0.06121305853500558,0.48609367052961666,0.7399919878836714,0.49004054582501416,0.17099018214100095,0.4599785747695279
2021-04-12 05:30:00,0.5,0.019920318725099362,-0.03350707371556216,-0.08837707552222807,0.5864993260132703,0.000556792873051225,0.5,-0.06121305853500558,0.48609367052961666,0.7399919878836714,0.49004054582501416,0.17099018214100095,0.48407441495541437
2021-04-12 05:40:00,0.402370990237099,0.4183266932270917,-0.032911392405063356,-0.08766291733619003,0.6157097800054966,0.000556792873051225,0.5,-0.06121305853500558,0.48609367052961666,0.7399919878836714,0.49004054582501416,0.17099018214100095,0.31228027822623233
2021-04-12 05:50:00,0.41631799163179917,0.019920318725099362,-0.028741623231571256,-0.07802178182467412,0.6167567496826373,0.000556792873051225,0.5,-0.06121305853500558,0.48609367052961666,0.7399919878836714,0.49004054582501416,0.17099018214100095,0.3279946286041915
2021-04-12 06:00:00,0.6694560669456067,-0.17928286852589637,-0.02963514519731958,-0.07480806998750233,0.5913022994071535,0.01135857461024499,0.5,-0.05625912415454093,0.5259491906771991,0.7832396620809412,0.6352484615249113,0.1739359885204629,0.8934245665917286
2021-04-12 06:10:00,0.612970711297071,-0.2509960159362551,-0.0385703648548027,-0.08337796821996057,0.593199931946971,0.00033407572383073496,0.5,-0.05625912415454093,0.5259491906771991,0.7832396620809412,0.6352484615249113,0.1739359885204629,0.7924166754681112
2021-04-12 06:20:00,0.690376569037657,0.24302788844621515,-0.04929262844378268,-0.09051955008034285,0.5872714661501617,0.0038975501113585743,0.5,-0.05625912415454093,0.5259491906771991,0.7832396620809412,0.6352484615249113,0.1739359885204629,0.8668919836444015
2021-04-12 06:30:00,0.6687587168758717,-0.03585657370517936,-0.05971705137751315,-0.09908944831280142,0.5927418827132218,0.0008908685968819599,0.5,-0.05625912415454093,0.5259491906771991,0.7832396620809412,0.6352484615249113,0.1739359885204629,0.9413672918206919
2021-04-12 06:40:00,0.7266387726638772,0.05179282868525892,-0.06626954579300093,-0.09908944831280142,0.5888026593029799,0.010801781737193764,0.5,-0.05625912415454093,0.5259491906771991,0.7832396620809412,0.6352484615249113,0.1739359885204629,0.9396878253391072
2021-04-12 06:50:00,0.7078103207810321,0.03585657370517925,-0.07073715562174243,-0.10194608105695413,0.5888026593029799,0.005790645879732739,0.5,-0.05625912415454093,0.5259491906771991,0.7832396620809412,0.6352484615249113,0.1739359885204629,0.9380084342984746
2021-04-12 07:00:00,0.7419804741980475,-0.17131474103585675,-0.07222635889798967,-0.10158900196393505,0.5888026593029799,0.020601336302895325,0.5,-0.08156504702952383,0.5459171798268443,0.6445074203382208,0.7738527972478425,0.18222092636231635,0.9363289678168897
2021-04-12 07:10:00,0.7810320781032077,-0.07569721115537853,-0.07401340282948643,-0.09908944831280142,0.5888026593029799,0.03518930957683742,0.5,-0.08156504702952383,0.5459171798268443,0.6445074203382208,0.7738527972478425,0.18222092636231635,0.9346495767762573
2021-04-12 07:20:00,0.806136680613668,0.05179282868525892,-0.07222635889798967,-0.09908944831280142,0.5888026593029799,0.04821826280623608,0.5,-0.08156504702952383,0.5459171798268443,0.6445074203382208,0.7738527972478425,0.18222092636231635,0.9329701102946724
2021-04-12 07:30:00,0.702231520223152,-0.09960159362549814,-0.07788533134772901,-0.0958757364756293,0.5967072803653924,0.008463251670378619,0.5,-0.08156504702952383,0.5459171798268443,0.6445074203382208,0.7738527972478425,0.18222092636231635,0.9312906438130875
2021-04-12 07:40:00,0.8389121338912133,-0.36254980079681276,-0.0808637379002235,-0.0894483128012854,0.598657261389067,0.058797327394209356,0.5,-0.08156504702952383,0.5459171798268443,0.6445074203382208,0.7738527972478425,0.18222092636231635,0.9296112527724552
2021-04-12 07:50:00,0.8005578800557881,0.01195219123505975,-0.07431124348473583,-0.09016247098732377,0.5945871667691824,0.05178173719376392,0.5,-0.08156504702952383,0.5459171798268443,0.6445074203382208,0.7738527972478425,0.18222092636231635,0.9279317862908701
2021-04-12 08:00:00,0.8089260808926081,-0.08366533864541836,-0.06716306775874914,-0.08694875915015177,0.5987488712358168,0.05556792873051225,0.5,-0.09069725634150638,0.5555750315367238,0.6276788056950194,0.7717554195524973,0.18593801814902555,0.9262523198092852
2021-04-12 08:10:00,0.7531380753138076,-0.003984063745020028,-0.06090841399851088,-0.07945009819675053,0.5987488712358168,0.022828507795100223,0.5,-0.09069725634150638,0.5555750315367238,0.6276788056950194,0.7717554195524973,0.18593801814902555,0.9245730042096052
2021-04-12 08:20:00,0.7210599721059973,-0.17928286852589637,-0.059121370067014345,-0.0673094090341011,0.5987488712358168,0.015256124721603564,0.5,-0.09069725634150638,0.5555750315367238,0.6276788056950194,0.7717554195524973,0.18593801814902555,0.9228935377280203
2021-04-12 08:30:00,0.6854951185495118,0.17131474103585642,-0.05197319434102765,-0.06266738082485268,0.6046249885487691,0.0036748329621380848,0.5,-0.09069725634150638,0.5555750315367238,0.6276788056950194,0.7717554195524973,0.18593801814902555,0.9212141466873878
2021-04-12 08:40:00,0.6541143654114366,0.15537848605577675,-0.04571854058078939,-0.052312087127298734,0.6137336247398935,0.0010022271714922048,0.5,-0.09069725634150638,0.5555750315367238,0.6276788056950194,0.7717554195524973,0.18593801814902555,0.919534680205803
2021-04-12 08:50:00,0.596234309623431,-0.02788844621513953,-0.04095309009679826,-0.0448134261738975,0.6141131512478569,0.0008908685968819599,0.5,-0.09069725634150638,0.5555750315367238,0.6276788056950194,0.7717554195524973,0.18593801814902555,0.7512711800473769
2021-04-12 09:00:00,0.6875871687587168,-0.2828685258964144,-0.034400595681310486,-0.03445813247634355,0.6114695528130767,0.016369710467706012,0.5,-0.11632176792720217,0.5801406293551559,0.6457446189279972,0.8214252724044253,0.1922466760533886,0.9868506420025046
2021-04-12 09:10:00,0.7496513249651325,-0.05179282868525903,-0.023678332092330612,-0.03660060703445822,0.6109329808535421,0.02149220489977728,0.5,-0.11632176792720217,0.5801406293551559,0.6457446189279972,0.8214252724044253,0.1922466760533886,0.9719385307120118
2021-04-12 09:20:00,0.7761506276150628,-0.019920318725099695,-0.017721518987341978,-0.034815211569362514,0.6100692308699008,0.0356347438752784,0.5,-0.11632176792720217,0.5801406293551559,0.6457446189279972,0.8214252724044253,0.1922466760533886,0.9570263439805665
2021-04-12 09:30:00,0.6834030683403068,-0.26693227091633476,-0.020997766195085754,-0.029101946081056984,0.5788171860072502,0.008797327394209355,0.5,-0.11632176792720217,0.5801406293551559,0.6457446189279972,0.8214252724044253,0.1922466760533886,0.9421141572491211
2021-04-12 09:40:00,0.7029288702928871,0.1872509960159361,-0.027848101265822822,-0.021603285127655747,0.5424219026056458,0.013028953229398663,0.5,-0.11632176792720217,0.5801406293551559,0.6457446189279972,0.8214252724044253,0.1922466760533886,0.936718394013006
2021-04-12 09:50:00,0.7563923291492329,-0.06772908366533881,-0.031422189128816336,-0.026959471522942313,0.5927680569551504,0.1052338530066815,0.5,-0.11632176792720217,0.5801406293551559,0.6457446189279972,0.8214252724044253,0.1922466760533886,0.9313227062178433
2021-04-12 10:00:00,0.8098559274755928,-0.36254980079681276,-0.039761727475800646,-0.041242635243706416,0.5935794584549345,0.12138084632516705,0.5,-0.03793570391528578,0.5870198013258353,0.598814896652196,0.8268089848222069,0.19872728692182798,0.9259268675407759
2021-04-12 10:10:00,0.8633193863319387,-0.14741035856573714,-0.05941921072226375,-0.05338332440635607,0.5830574131996702,0.06325167037861915,0.5,-0.03793570391528578,0.5870198013258353,0.598814896652196,0.8268089848222069,0.19872728692182798,0.9205311797456132
2021-04-12 10:20:00,0.9553695955369595,-0.2589641434262948,-0.0653760238272525,-0.06052490626673801,0.5796940231118557,0.09721603563474389,0.5,-0.03793570391528578,0.5870198013258353,0.598814896652196,0.8268089848222069,0.19872728692182798,0.9151354165094981
2021-04-12 10:30:00,0.9351464435146444,-0.059760956175298974,-0.07103499627699195,-0.06516693447598643,0.5796809359908914,0.09610244988864143,0.5,-0.03793570391528578,0.5870198013258353,0.598814896652196,0.8268089848222069,0.19872728692182798,0.9097397287143354
2021-04-12 10:40:00,0.9337517433751744,0.4501992031872508,-0.0734177215189874,-0.07730762363863586,0.5796547617489628,0.1026726057906459,0.5,-0.03793570391528578,0.5870198013258353,0.598814896652196,0.8268089848222069,0.19872728692182798,0.9043438900372678
2021-04-12 10:50:00,0.9902370990237098,0.12350597609561742,-0.08235294117647074,-0.08123549366184613,0.5873630759969115,0.11102449888641426,0.5,-0.03793570391528578,0.5870198013258353,0.598814896652196,0.8268089848222069,0.19872728692182798,0.898948202242105
2021-04-12 11:00:00,0.9877963737796374,0.11553784860557759,-0.09009679821295624,-0.08302088912694161,0.5843661252960961,0.1418708240534521,0.5,-0.047397675222957125,0.602502248517991,0.6297045345052987,0.839158822770474,0.20970796699995928,0.89355243900599
2021-04-12 11:10:00,0.9853556485355649,0.3306772908366533,-0.08235294117647074,-0.09694697375468664,0.5796416746279985,0.1311804008908686,0.5,-0.047397675222957125,0.602502248517991,0.6297045345052987,0.839158822770474,0.20970796699995928,0.8881566757698749
2021-04-12 11:20:00,0.9829149232914924,0.3784860557768923,-0.08354430379746858,-0.09337618282449556,0.5796285875070343,0.1311804008908686,0.5,-0.047397675222957125,0.602502248517991,0.6297045345052987,0.839158822770474,0.20970796699995928,0.8827609125337599
2021-04-12 11:30:00,0.9804741980474199,0.25099601593625476,-0.08116157855547301,-0.09159078735940018,0.5796285875070343,0.14064587973273943,0.5,-0.047397675222957125,0.602502248517991,0.6297045345052987,0.839158822770474,0.20970796699995928,0.8773650738566925
2021-04-12 11:40:00,0.9780334728033473,0.33864541832669315,-0.08026805658972458,-0.08909123370826644,0.5796285875070343,0.15734966592427618,0.5,-0.047397675222957125,0.602502248517991,0.6297045345052987,0.839158822770474,0.20970796699995928,0.8719693860615297
2021-04-12 11:50:00,0.9755927475592748,0.5219123505976095,-0.07639612807148188,-0.09194786645241915,0.5796285875070343,0.16859688195991093,0.5,-0.047397675222957125,0.602502248517991,0.6297045345052987,0.839158822770474,0.20970796699995928,0.8665736228254146
2021-04-12 12:00:00,0.9731520223152023,0.03585657370517925,-0.0769918093819808,-0.09051955008034285,0.5904647236654409,0.1457683741648107,0.5,-0.061492957661921754,0.6100049711643746,0.6369517080404086,0.8932240466045392,0.22433050060321663,0.8611779350302518
2021-04-12 12:10:00,0.9707112970711297,-0.3227091633466136,-0.0805658972449741,-0.08909123370826644,0.5880959547709099,0.16180400890868596,0.5,-0.061492957661921754,0.6100049711643746,0.6369517080404086,0.8932240466045392,0.22433050060321663,0.8557820963531844
2021-04-12 12:20:00,0.9682705718270572,0.41035856573705165,-0.07580044676098296,-0.09516157828959104,0.5796547617489628,0.11937639198218264,0.5,-0.061492957661921754,0.6100049711643746,0.6369517080404086,0.8932240466045392,0.22433050060321663,0.8503864085580216
2021-04-12 12:30:00,0.9658298465829847,-0.3466135458167332,-0.09158600148920337,-0.09051955008034285,0.5796285875070343,0.10634743875278398,0.5,-0.061492957661921754,0.6100049711643746,0.6369517080404086,0.8932240466045392,0.22433050060321663,0.8449905698809542
2021-04-12 12:40:00,0.966992119944212,0.3705179282868525,-0.09128816083395397,-0.09016247098732377,0.5796285875070343,0.14053452115812917,0.5,-0.061492957661921754,0.6100049711643746,0.6369517080404086,0.8932240466045392,0.22433050060321663,0.8395948820857915
2021-04-12 12:50:00,0.9681543235704324,-0.2749003984063746,-0.08711839166046176,-0.0930191037314766,0.5929251024067216,0.13285077951002228,0.5,-0.061492957661921754,0.6100049711643746,0.6369517080404086,0.8932240466045392,0.22433050060321663,0.8341991188496765
2021-04-12 13:00:00,0.9693165969316597,-0.5617529880478087,-0.10022338049143709,-0.08516336368505628,0.5935401970920416,0.10779510022271716,0.5,-0.059538666736930534,0.6084101756573869,0.5720370799424822,0.89861815595473,0.2367151045349999,0.8288033556135613
2021-04-12 13:10:00,0.9721059972105996,0.01195219123505975,-0.10081906180193612,-0.08552044277807536,0.5830050647158131,0.10746102449888642,0.5,-0.059538666736930534,0.6084101756573869,0.5720370799424822,0.89861815595473,0.2367151045349999,0.8234075923774463
2021-04-12 13:20:00,0.9546722454672245,0.2669322709163344,-0.09724497393894282,-0.09873236921978212,0.5796809359908914,0.10623608017817371,0.5,-0.059538666736930534,0.6084101756573869,0.5720370799424822,0.89861815595473,0.2367151045349999,0.8180119045822833
2021-04-12 13:30:00,0.9874476987447699,-0.07569721115537853,-0.10171258376768444,-0.09480449919657197,0.585923492690843,0.1086859688195991,0.5,-0.059538666736930534,0.6084101756573869,0.5720370799424822,0.89861815595473,0.2367151045349999,0.8126161413461683
2021-04-12 13:40:00,0.9707112970711297,0.3784860557768923,-0.09962769918093839,-0.0958757364756293,0.5838949889413827,0.1089086859688196,0.5,-0.059538666736930534,0.6084101756573869,0.5720370799424822,0.89861815595473,0.2367151045349999,0.8072203026691009
2021-04-12 13:50:00,0.9718735355648536,-0.21912350597609564,-0.09843633655994066,-0.09266202463845752,0.5935401970920416,0.11414253897550111,0.5,-0.059538666736930534,0.6084101756573869,0.5720370799424822,0.89861815595473,0.2367151045349999,0.8018246148739382
2021-04-12 14:00:00,0.9730358437935844,-0.12350597609561753,-0.10022338049143709,-0.09159078735940018,0.5935401970920416,0.11815144766146993,0.5,-0.07161448631406009,0.5983529066944062,0.5495472291938287,0.8829859612407746,0.24145988496368626,0.7964287761968708
2021-04-12 14:10:00,0.9741980474198048,-0.23505976095617542,-0.11541325390915869,-0.09266202463845752,0.5935401970920416,0.10501113585746102,0.5,-0.07161448631406009,0.5983529066944062,0.5495472291938287,0.8829859612407746,0.24145988496368626,0.791033088401708
2021-04-12 14:20:00,0.8570432357043235,-0.12350597609561753,-0.12553983618763975,-0.09908944831280142,0.5935401970920416,0.06625835189309577,0.5,-0.07161448631406009,0.5983529066944062,0.5495472291938287,0.8829859612407746,0.24145988496368626,0.7856373251655929
2021-04-12 14:30:00,0.8277545327754532,-0.1872509960159363,-0.1306031273268803,-0.10051776468487772,0.5935401970920416,0.05734966592427618,0.5,-0.07161448631406009,0.5983529066944062,0.5495472291938287,0.8829859612407746,0.24145988496368626,0.7802416373704303
2021-04-12 14:40:00,0.7907949790794979,-0.19521912350597614,-0.131794489947878,-0.10016068559185842,0.5935401970920416,0.03608017817371938,0.5,-0.07161448631406009,0.5983529066944062,0.5495472291938287,0.8829859612407746,0.24145988496368626,0.7748457986933627
2021-04-12 14:50:00,0.7384937238493724,-0.26693227091633476,-0.13596425912137022,-0.1008748437778968,0.5930559736163641,0.027505567928730514,0.5,-0.07161448631406009,0.5983529066944062,0.5495472291938287,0.8829859612407746,0.24145988496368626,0.7694500354572475
2021-04-12 15:00:00,0.7231520223152021,0.003984063745019917,-0.13983618763961292,-0.1037314765220495,0.5872060305453404,0.022271714922048998,0.5,-0.09308720532128534,0.5907323703258837,0.5743419266387904,0.8628023511504336,0.24551819009988332,0.7640543099416087
2021-04-12 15:10:00,0.6659693165969317,0.1633466135458166,-0.13834698436336568,-0.10944474201035537,0.583450026828598,0.0073496659242761695,0.5,-0.09308720532128534,0.5907323703258837,0.5743419266387904,0.8628023511504336,0.24551819009988332,0.7586585542495888
2021-04-12 15:20:00,0.5230125523012552,0.01195219123505975,-0.1463886820551007,-0.10587395108016429,0.583450026828598,0.00011135857461024499,0.5,-0.09308720532128534,0.5907323703258837,0.5743419266387904,0.8628023511504336,0.24551819009988332,0.7532628211898548
2021-04-12 15:30:00,0.6506276150627616,0.17131474103585642,-0.15413253909158608,-0.11337261203356541,0.5901113713994058,0.00601336302895323,0.5,-0.09308720532128534,0.5907323703258837,0.5743419266387904,0.8628023511504336,0.24551819009988332,0.9628981396261146
2021-04-12 15:40:00,0.6387726638772664,0.05179282868525892,-0.1580044676098289,-0.1230137475450811,0.5966941932444282,0.00601336302895323,0.5,-0.09308720532128534,0.5907323703258837,0.5743419266387904,0.8628023511504336,0.24551819009988332,0.9303378245846976
2021-04-12 15:50:00,0.6422594142259415,0.027888446215139417,-0.15979151154132543,-0.12372790573111947,0.5974008977764982,0.0017817371937639199,0.5,-0.09308720532128534,0.5907323703258837,0.5743419266387904,0.8628023511504336,0.24551819009988332,0.9565460114368485
2021-04-12 16:00:00,0.7140864714086471,-0.10756972111553798,-0.15621742367833225,-0.12051419389394735,0.600070670453207,0.023942093541202674,0.5,-0.09003359656703325,0.5919651041502056,0.5852361475543199,0.8389981675627225,0.2458441179942867,0.9507701766827104
2021-04-12 16:10:00,0.6485355648535566,-0.09960159362549814,-0.15413253909158608,-0.12051419389394735,0.5944955569224326,0.0017817371937639199,0.5,-0.09003359656703325,0.5919651041502056,0.5852361475543199,0.8389981675627225,0.2458441179942867,0.9449944173695248
2021-04-12 16:20:00,0.7245467224546723,-0.02788844621513953,-0.14936708860759507,-0.12051419389394735,0.5944955569224326,0.016592427616926503,0.5,-0.09003359656703325,0.5919651041502056,0.5852361475543199,0.8389981675627225,0.2458441179942867,0.9392187334972917
2021-04-12 16:30:00,0.7175732217573221,0.06772908366533859,-0.14370811615785561,-0.11944295661489024,0.5948619963094318,0.012806236080178173,0.5,-0.09003359656703325,0.5919651041502056,0.5852361475543199,0.8389981675627225,0.2458441179942867,0.9334429741841062
2021-04-12 16:40:00,0.6582984658298465,-0.05179282868525903,-0.1395383469843634,-0.11230137475450808,0.5962754053735718,0.001893095768374165,0.5,-0.09003359656703325,0.5919651041502056,0.5852361475543199,0.8389981675627225,0.2458441179942867,0.9276672148709206
2021-04-12 16:50:00,0.705718270571827,0.09960159362549792,-0.13030528667163077,-0.10765934654525966,0.6000968446951355,0.01180400890868597,0.5,-0.09003359656703325,0.5919651041502056,0.5852361475543199,0.8389981675627225,0.2458441179942867,0.8811465515940673
2021-04-12 17:00:00,0.6087866108786611,-0.019920318725099695,-0.12434847356664191,-0.09837529012676305,0.6062216173064088,0.00111358574610245,0.5,-0.06941591736171726,0.5818216300246843,0.610549895207149,0.8495822447554492,0.24370010429957709,0.8346258883172141
2021-04-12 17:10:00,0.598326359832636,-0.21115537848605592,-0.12285927029039478,-0.09230494554543822,0.6109984164583633,0.00022271714922048998,0.5,-0.06941591736171726,0.5818216300246843,0.610549895207149,0.8495822447554492,0.24370010429957709,0.7981728201336814
2021-04-12 17:20:00,0.6387726638772664,0.19521912350597592,-0.1195830230826509,-0.09087662917336181,0.6112078103937915,0.00022271714922048998,0.5,-0.06941591736171726,0.5818216300246843,0.610549895207149,0.8495822447554492,0.24370010429957709,0.8916215278301675
2021-04-12 17:30:00,0.5885634588563459,-0.12350597609561753,-0.11273268801191372,-0.09266202463845752,0.6274096661475441,0.00044543429844097997,0.5,-0.06941591736171726,0.5818216300246843,0.610549895207149,0.8495822447554492,0.24370010429957709,0.7793125820420357
2021-04-12 17:40:00,0.602510460251046,-0.059760956175298974,-0.10558451228592702,-0.08837707552222807,0.6171362761906009,0.00033407572383073496,0.5,-0.06941591736171726,0.5818216300246843,0.610549895207149,0.8495822447554492,0.24370010429957709,0.8110430466074203
2021-04-12 17:50:00,0.6192468619246863,-0.08366533864541836,-0.10201042442293384,-0.0862346009641134,0.615788302731282,0.0008908685968819599,0.5,-0.06941591736171726,0.5818216300246843,0.610549895207149,0.8495822447554492,0.24370010429957709,0.818202392987009
2021-04-12 18:00:00,0.5627615062761506,-0.11553784860557781,-0.10081906180193612,-0.08766291733619003,0.6189815602465614,0.00033407572383073496,0.5,-0.1840427479877248,0.6028671837060774,0.757634115129724,0.8153736248854236,0.23006148117694766,0.6669659157777208
2021-04-12 18:10:00,0.5285913528591353,-0.01195219123505975,-0.10201042442293384,-0.08694875915015177,0.617908416327492,0.00011135857461024499,0.5,-0.1840427479877248,0.6028671837060774,0.757634115129724,0.8153736248854236,0.23006148117694766,0.6060398026464686
2021-04-12 18:20:00,0.4916317991631799,0.08366533864541825,-0.1005212211466866,-0.08837707552222807,0.6220832079150908,0.00011135857461024499,0.5,-0.1840427479877248,0.6028671837060774,0.757634115129724,0.8153736248854236,0.23006148117694766,0.5327111969461502
2021-04-12 18:30:00,0.6052998605299861,-0.10756972111553798,-0.10201042442293384,-0.09194786645241915,0.6357461622017772,0.00022271714922048998,0.5,-0.1840427479877248,0.6028671837060774,0.757634115129724,0.8153736248854236,0.23006148117694766,0.7804140199465879
2021-04-12 18:40:00,0.5746164574616458,-0.019920318725099695,-0.10201042442293384,-0.10051776468487772,0.628155632042507,0.00044543429844097997,0.5,-0.1840427479877248,0.6028671837060774,0.757634115129724,0.8153736248854236,0.23006148117694766,0.705305007770418
2021-04-12 18:50:00,0.5348675034867504,-0.06772908366533881,-0.1037974683544306,-0.10194608105695413,0.6251063328578346,0.000556792873051225,0.5,-0.1840427479877248,0.6028671837060774,0.757634115129724,0.8153736248854236,0.23006148117694766,0.6069979027415242
2021-04-12 19:00:00,0.6373779637377964,0.19521912350597592,-0.1037974683544306,-0.10587395108016429,0.6240331889387654,0.00155902004454343,0.5,-0.18390433266638284,0.6204156812937675,0.7578789932023825,0.7872179634519644,0.24195812622201407,0.8755073404046653
2021-04-12 19:10:00,0.5767085076708507,0.027888446215139417,-0.10647803425167546,-0.11158721656846982,0.629569041106647,0.00022271714922048998,0.5,-0.18390433266638284,0.6204156812937675,0.7578789932023825,0.7872179634519644,0.24195812622201407,0.7323430450986014
2021-04-12 19:20:00,0.5913528591352859,-0.06772908366533881,-0.11243484735666431,-0.10980182110337433,0.6315975448561071,0.0013363028953229399,0.5,-0.18390433266638284,0.6204156812937675,0.7578789932023825,0.7872179634519644,0.24195812622201407,0.7669478099491528
2021-04-12 19:30:00,0.5223152022315203,-0.02788844621513953,-0.11749813849590485,-0.11622924477771823,0.6369240030885606,0.00011135857461024499,0.5,-0.18390433266638284,0.6204156812937675,0.7578789932023825,0.7872179634519644,0.24195812622201407,0.5935316927440892
2021-04-12 19:40:00,0.5739191073919108,-0.08366533864541836,-0.11988086373790041,-0.1180146402428136,0.6312049312271794,0.00033407572383073496,0.5,-0.18390433266638284,0.6204156812937675,0.7578789932023825,0.7872179634519644,0.24195812622201407,0.7011255790093094
2021-04-12 19:50:00,0.5146443514644351,0.2111553784860556,-0.12285927029039478,-0.12658453847527218,0.6290324691471123,0.00022271714922048998,0.5,-0.18390433266638284,0.6204156812937675,0.7578789932023825,0.7872179634519644,0.24195812622201407,0.5648565867495512
2021-04-12 20:00:00,0.502092050209205,-0.1394422310756973,-0.12285927029039478,-0.1312265666845207,0.627553624478151,0.00022271714922048998,0.5,-0.18883888890185951,0.6366739749487806,0.8103007815427623,0.7506178231075167,0.2433949098166361,0.520022028758091
2021-04-12 20:10:00,0.5271966527196652,0.027888446215139417,-0.12315711094564419,-0.13158364577753967,0.6247006321079426,0.00022271714922048998,0.5,-0.18883888890185951,0.6366739749487806,0.8103007815427623,0.7506178231075167,0.2433949098166361,0.5972132112195785
2021-04-12 20:20:00,0.5369595536959554,-0.06772908366533881,-0.12941176470588256,-0.13729691126584542,0.6039837196215204,0.00011135857461024499,0.5,-0.18883888890185951,0.6366739749487806,0.8103007815427623,0.7506178231075167,0.2433949098166361,0.6122259607405284
2021-04-12 20:30:00,0.5167364016736402,0.1872509960159361,-0.13626209977661963,-0.1469380467773611,0.6020468257188101,0.00011135857461024499,0.5,-0.18883888890185951,0.6366739749487806,0.8103007815427623,0.7506178231075167,0.2433949098166361,0.5629781070356232
2021-04-12 20:40:00,0.49023709902370993,0.03585657370517925,-0.14043186895011173,-0.1490805213354759,0.6105665414665428,0.00011135857461024499,0.5,-0.18883888890185951,0.6366739749487806,0.8103007815427623,0.7506178231075167,0.2433949098166361,0.49682393590536683
2021-04-12 20:50:00,0.5585774058577406,0.3227091633466135,-0.14221891288160848,-0.15550794500981968,0.6105665414665428,0.00011135857461024499,0.5,-0.18883888890185951,0.6366739749487806,0.8103007815427623,0.7506178231075167,0.2433949098166361,0.6669810039681942
2021-04-12 21:00:00,0.5285913528591353,0.2828685258964143,-0.14579300074460166,-0.16264952687020162,0.6105665414665428,0.00011135857461024499,0.5,-0.17615234090326182,0.6327602605694735,0.7819205415673236,0.6988152429900515,0.23610399504729354,0.6068545649320277
2021-04-12 21:10:00,0.4867503486750349,-0.06772908366533881,-0.15145197319434112,-0.16336368505623988,0.6105665414665428,0.00011135857461024499,0.5,-0.17615234090326182,0.6327602605694735,0.7819205415673236,0.6988152429900515,0.23610399504729354,0.5021576112376843
2021-04-12 21:20:00,0.48326359832635984,-0.1633466135458168,-0.15323901712583776,-0.1615782895911445,0.6105665414665428,0.00011135857461024499,0.5,-0.17615234090326182,0.6327602605694735,0.7819205415673236,0.6988152429900515,0.23610399504729354,0.4971558760957798
2021-04-12 21:30:00,0.43654114365411434,-0.2589641434262948,-0.1472822040208489,-0.15443670773076235,0.6103571475311146,0.00011135857461024499,0.5,-0.17615234090326182,0.6327602605694735,0.7819205415673236,0.6988152429900515,0.23610399504729354,0.4086183743983584
2021-04-12 21:40:00,0.45676429567642957,0.07569721115537842,-0.15234549516008944,-0.15765041956793413,0.5993901401630655,0.00011135857461024499,0.5,-0.17615234090326182,0.6327602605694735,0.7819205415673236,0.6988152429900515,0.23610399504729354,0.42009294325331564
2021-04-12 21:50:00,0.3682008368200837,-0.09960159362549814,-0.15562174236783333,-0.17086234600964112,0.5993901401630655,0.00011135857461024499,0.5,-0.17615234090326182,0.6327602605694735,0.7819205415673236,0.6988152429900515,0.23610399504729354,0.2657633869969974
2021-04-12 22:00:00,0.3598326359832636,-0.1394422310756973,-0.14400595681310513,-0.16014997321906788,0.602086087081703,0.00011135857461024499,0.5,-0.22260725769897705,0.6509782849195568,0.8649231753698566,0.701954845353354,0.22842164436211979,0.2466089291911221
2021-04-12 22:10:00,0.403068340306834,0.03585657370517925,-0.13745346239761735,-0.1469380467773611,0.6021515226865242,0.00011135857461024499,0.5,-0.22260725769897705,0.6509782849195568,0.8649231753698566,0.701954845353354,0.22842164436211979,0.319484889177241
2021-04-12 22:20:00,0.40097629009762903,-0.019920318725099695,-0.14043186895011173,-0.14800928405641844,0.5994424886469225,0.00011135857461024499,0.5,-0.22260725769897705,0.6509782849195568,0.8649231753698566,0.701954845353354,0.22842164436211979,0.3136608476545408
2021-04-12 22:30:00,0.41841004184100417,-0.05179282868525903,-0.15562174236783333,-0.16729155507945004,0.5994294015259582,0.00011135857461024499,0.5,-0.22260725769897705,0.6509782849195568,0.8649231753698566,0.701954845353354,0.22842164436211979,0.34187576383964274
2021-04-12 22:40:00,0.4755927475592748,0.1394422310756971,-0.16157855547282218,-0.18157471880021414,0.5994294015259582,0.00011135857461024499,0.5,-0.22260725769897705,0.6509782849195568,0.8649231753698566,0.701954845353354,0.22842164436211979,0.46166090800730275
2021-04-12 22:50:00,0.4476987447698745,0.4183266932270917,-0.16366344005956823,-0.1855025888234243,0.60143173103349,0.00011135857461024499,0.5,-0.22260725769897705,0.6509782849195568,0.8649231753698566,0.701954845353354,0.22842164436211979,0.41746759811095857
2021-04-12 23:00:00,0.499302649930265,-0.11553784860557781,-0.16425912137006715,-0.18264595607927148,0.6055149127743389,0.00011135857461024499,0.5,-0.23023711044842243,0.6523345794768505,0.8607811724650524,0.6258111478953153,0.21959625652105352,0.5007242331427192
2021-04-12 23:10:00,0.5348675034867504,-0.4183266932270917,-0.16157855547282218,-0.18157471880021414,0.6105141929826857,0.00011135857461024499,0.5,-0.23023711044842243,0.6523345794768505,0.8607811724650524,0.6258111478953153,0.21959625652105352,0.577289255699564
2021-04-12 23:20:00,0.4895397489539749,-0.07569721115537853,-0.16157855547282218,-0.18014640242813773,0.6105141929826857,0.00011135857461024499,0.5,-0.23023711044842243,0.6523345794768505,0.8607811724650524,0.6258111478953153,0.21959625652105352,0.5066614360939693
2021-04-12 23:30:00,0.49442119944211993,0.25099601593625476,-0.16157855547282218,-0.18121763970719518,0.6167305754407088,0.00011135857461024499,0.5,-0.23023711044842243,0.6523345794768505,0.8607811724650524,0.6258111478953153,0.21959625652105352,0.5180907403775066
2021-04-12 23:40:00,0.4546722454672245,-0.2749003984063746,-0.16128071481757278,-0.18014640242813773,0.6161154807553886,0.00011135857461024499,0.5,-0.23023711044842243,0.6523345794768505,0.8607811724650524,0.6258111478953153,0.21959625652105352,0.4175958477299817
2021-04-12 23:50:00,0.45746164574616455,-0.4103585657370519,-0.16157855547282218,-0.17728976968398502,0.6099645339021869,0.00011135857461024499,0.5,-0.23023711044842243,0.6523345794768505,0.8607811724650524,0.6258111478953153,0.21959625652105352,0.4093652398267876
2021-04-13 00:00:00,0.4344490934449094,0.1633466135458166,-0.1618763961280716,-0.1808605606141761,0.6016280378479538,0.00011135857461024499,0.5,-0.21733069888397238,0.6593028301154871,0.8477423979054366,0.5854420291443674,0.21323686698903505,0.3677142900251973
2021-04-13 00:10:00,0.4797768479776848,0.38645418326693215,-0.16157855547282218,-0.18443135154436707,0.5992723560743871,0.00011135857461024499,0.5,-0.21733069888397238,0.6593028301154871,0.8477423979054366,0.5854420291443674,0.21323686698903505,0.46253602305475505
2021-04-13 00:20:00,0.4246861924686192,0.15537848605577675,-0.16157855547282218,-0.18764506338153897,0.5992723560743871,0.00011135857461024499,0.5,-0.21733069888397238,0.6593028301154871,0.8477423979054366,0.5854420291443674,0.21323686698903505,0.35470826983719844
2021-04-13 00:30:00,0.3891213389121339,0.09960159362549792,-0.16336559940431883,-0.19121585431173005,0.5983562576068892,0.00011135857461024499,0.5,-0.21733069888397238,0.6593028301154871,0.8477423979054366,0.5854420291443674,0.21323686698903505,0.29309564403941035
2021-04-13 00:40:00,0.3856345885634589,-0.059760956175298974,-0.15294117647058836,-0.1726477414747366,0.5880305191660887,0.00011135857461024499,0.5,-0.21733069888397238,0.6593028301154871,0.8477423979054366,0.5854420291443674,0.21323686698903505,0.28335621708888453
2021-04-13 00:50:00,0.4072524407252441,0.019920318725099362,-0.14906924795234555,-0.16336368505623988,0.5880305191660887,0.00011135857461024499,0.5,-0.21733069888397238,0.6593028301154871,0.8477423979054366,0.5854420291443674,0.21323686698903505,0.3291186987944536
2021-04-13 01:00:00,0.38354253835425384,0.31474103585657365,-0.1586001489203277,-0.17550437421888943,0.5897056706495138,0.00011135857461024499,0.5,-0.23289168284013573,0.6489122345240181,0.8927431505472601,0.5457118244920015,0.20802517897054237,0.28053472547037434
2021-04-13 01:10:00,0.40027894002789405,0.12350597609561742,-0.1627699180938199,-0.1905016961256918,0.5992723560743871,0.00011135857461024499,0.5,-0.23289168284013573,0.6489122345240181,0.8927431505472601,0.5457118244920015,0.20802517897054237,0.29898758241924045
2021-04-13 01:20:00,0.402370990237099,0.06772908366533859,-0.16455696202531667,-0.1919300124977681,0.5992723560743871,0.00011135857461024499,0.5,-0.23289168284013573,0.6489122345240181,0.8927431505472601,0.5457118244920015,0.20802517897054237,0.3163465455587911
2021-04-13 01:30:00,0.33333333333333337,0.03585657370517925,-0.165450483991065,-0.19442956614890183,0.5992723560743871,0.00011135857461024499,0.5,-0.23289168284013573,0.6489122345240181,0.8927431505472601,0.5457118244920015,0.20802517897054237,0.20624047557976372
2021-04-13 01:40:00,0.3417015341701534,0.2350597609561753,-0.15145197319434112,-0.17621853240492769,0.5992723560743871,0.00011135857461024499,0.5,-0.23289168284013573,0.6489122345240181,0.8927431505472601,0.5457118244920015,0.20802517897054237,0.21236628091193024
2021-04-13 01:50:00,0.3138075313807531,-0.3705179282868527,-0.14609084139985118,-0.16372076414925896,0.5992723560743871,0.00011135857461024499,0.5,-0.23289168284013573,0.6489122345240181,0.8927431505472601,0.5457118244920015,0.20802517897054237,0.1872595319643315
2021-04-13 02:00:00,0.296373779637378,-0.42629482071713154,-0.1431124348473568,-0.15158007498660953,0.5992723560743871,0.00011135857461024499,0.5,-0.2241055451845977,0.6538173082725367,0.8837588771471693,0.4961516005117219,0.21116525114939547,0.1585768818745568
2021-04-13 02:10:00,0.30822873082287305,0.007968127490039612,-0.15026061057334328,-0.1599714336725585,0.5923819868867047,0.00011135857461024499,0.5,-0.2241055451845977,0.6538173082725367,0.8837588771471693,0.4961516005117219,0.21116525114939547,0.171254733919761
2021-04-13 02:20:00,0.3200836820083682,0.4422310756972112,-0.15740878629932997,-0.16836279235850737,0.5854916176990224,0.00011135857461024499,0.5,-0.2241055451845977,0.6538173082725367,0.8837588771471693,0.4961516005117219,0.21116525114939547,0.18393258596496523
2021-04-13 02:30:00,0.3193863319386332,0.5537848605577689,-0.15264333581533884,-0.17657561149794665,0.5854916176990224,0.00011135857461024499,0.5,-0.2241055451845977,0.6538173082725367,0.8837588771471693,0.4961516005117219,0.21116525114939547,0.18109600615598173
2021-04-13 02:40:00,0.3158995815899582,0.3067729083665336,-0.16396128071481764,-0.18157471880021414,0.5926633599874364,0.00011135857461024499,0.5,-0.2241055451845977,0.6538173082725367,0.8837588771471693,0.4961516005117219,0.21116525114939547,0.1773239585376526
2021-04-13 02:50:00,0.2831241283124128,-0.1394422310756973,-0.17498138495904703,-0.2029994643813604,0.5992723560743871,0.00011135857461024499,0.5,-0.2241055451845977,0.6538173082725367,0.8837588771471693,0.4961516005117219,0.21116525114939547,0.14439398282963925
2021-04-13 03:00:00,0.28033472803347276,-0.23505976095617542,-0.17944899478778864,-0.2158543117300481,0.5992723560743871,0.00011135857461024499,0.5,-0.2226723962827315,0.6478835195843756,0.8884707827234017,0.47586776399295483,0.20811434611661747,0.1375137679738069
2021-04-13 03:10:00,0.2691771269177127,-0.10756972111553798,-0.1815338793745348,-0.22049633993929663,0.5992723560743871,0.00011135857461024499,0.5,-0.2226723962827315,0.6478835195843756,0.8884707827234017,0.47586776399295483,0.20811434611661747,0.12433423359536491
2021-04-13 03:20:00,0.26638772663877264,-0.03585657370517936,-0.182427401340283,-0.2240671308694876,0.5992723560743871,0.00011135857461024499,0.5,-0.2226723962827315,0.6478835195843756,0.8884707827234017,0.47586776399295483,0.20811434611661747,0.12419089578586841
2021-04-13 03:30:00,0.23500697350069735,-0.3705179282868527,-0.18451228592702917,-0.2304945545438314,0.5992723560743871,0.00011135857461024499,0.5,-0.2226723962827315,0.6478835195843756,0.8884707827234017,0.47586776399295483,0.20811434611661747,0.09876729483833004
2021-04-13 03:40:00,0.2635983263598326,-0.5617529880478087,-0.18838421444527187,-0.23120871272986965,0.5992723560743871,0.00011135857461024499,0.5,-0.2226723962827315,0.6478835195843756,0.8884707827234017,0.47586776399295483,0.20811434611661747,0.12424370445252501
2021-04-13 03:50:00,0.30264993026499304,-0.15537848605577698,-0.18838421444527187,-0.23442242456704165,0.5992723560743871,0.00011135857461024499,0.5,-0.2226723962827315,0.6478835195843756,0.8884707827234017,0.47586776399295483,0.20811434611661747,0.15986692216002535
2021-04-13 04:00:00,0.3326359832635983,0.5776892430278884,-0.19106478034251695,-0.23477950366006073,0.5994817500098154,0.00011135857461024499,0.5,-0.2621163269043031,0.640521598703475,0.9296308428180787,0.4627029873600097,0.20099364538903094,0.20041643405706355
2021-04-13 04:10:00,0.2873082287308229,-0.003984063745020028,-0.19136262099776635,-0.23906445277628985,0.6131447042965018,0.00011135857461024499,0.5,-0.2621163269043031,0.640521598703475,0.9296308428180787,0.4627029873600097,0.20099364538903094,0.14608386016265068
2021-04-13 04:20:00,0.2649930264993026,0.07569721115537842,-0.19136262099776635,-0.24192108552044278,0.6131708785384303,0.00011135857461024499,0.5,-0.2621163269043031,0.640521598703475,0.9296308428180787,0.4627029873600097,0.20099364538903094,0.12350438311933251
2021-04-13 04:30:00,0.25174337517433754,0.4581673306772909,-0.19285182427401348,-0.24192108552044278,0.6176204996662785,0.00011135857461024499,0.5,-0.2621163269043031,0.640521598703475,0.9296308428180787,0.4627029873600097,0.20099364538903094,0.11018151093139401
2021-04-13 04:40:00,0.29707112970711297,-0.2589641434262948,-0.1967237527922563,-0.24192108552044278,0.6186020337385979,0.00011135857461024499,0.5,-0.2621163269043031,0.640521598703475,0.9296308428180787,0.4627029873600097,0.20099364538903094,0.15057259682846236
2021-04-13 04:50:00,0.2524407252440725,-0.19521912350597614,-0.1973194341027551,-0.24370648098553827,0.6131708785384303,0.00011135857461024499,0.5,-0.2621163269043031,0.640521598703475,0.9296308428180787,0.4627029873600097,0.20099364538903094,0.11211279931197853
2021-04-13 05:00:00,0.23291492329149233,-0.33067729083665354,-0.19851079672375294,-0.24513479735761468,0.6131708785384303,0.00011135857461024499,0.5,-0.2535337765069511,0.6293580301545649,0.9136317193573009,0.45167459048016106,0.1935745983313613,0.09792235617182432
2021-04-13 05:10:00,0.26429567642956764,-0.3466135458167332,-0.20029784065524958,-0.24549187645063375,0.6131708785384303,0.00011135857461024499,0.5,-0.2535337765069511,0.6293580301545649,0.9136317193573009,0.45167459048016106,0.1935745983313613,0.12835523635650375
2021-04-13 05:20:00,0.296373779637378,-0.05179282868525903,-0.2005956813104991,-0.24727727191572935,0.601785083299525,0.00011135857461024499,0.5,-0.2535337765069511,0.6293580301545649,0.9136317193573009,0.45167459048016106,0.1935745983313613,0.15278301673280326
2021-04-13 05:30:00,0.24895397489539747,0.043824701195219085,-0.20565897244973952,-0.2526334583110159,0.5992985303163157,0.00011135857461024499,0.5,-0.2535337765069511,0.6293580301545649,0.9136317193573009,0.45167459048016106,0.1935745983313613,0.10822004616986285
2021-04-13 05:40:00,0.25174337517433754,0.394422310756972,-0.20685033507073725,-0.2540617746830922,0.6031330567588437,0.00011135857461024499,0.5,-0.2535337765069511,0.6293580301545649,0.9136317193573009,0.45167459048016106,0.1935745983313613,0.11172805045490894
2021-04-13 05:50:00,0.2315202231520223,0.3067729083665336,-0.2125093075204767,-0.256204249241207,0.6131708785384303,0.00011135857461024499,0.5,-0.2535337765069511,0.6293580301545649,0.9136317193573009,0.45167459048016106,0.1935745983313613,0.10315795826606516
2021-04-13 06:00:00,0.2545327754532775,-0.059760956175298974,-0.2169769173492183,-0.25870380289234074,0.6237321851565875,0.00011135857461024499,0.5,-0.2808856112437268,0.6661044174398796,0.8781875522553448,0.4280848730060281,0.20223884548166646,0.11460235074007574
2021-04-13 06:10:00,0.2831241283124128,0.12350597609561742,-0.2211466865227104,-0.26334583110158893,0.6014448181544543,0.00011135857461024499,0.5,-0.2808856112437268,0.6661044174398796,0.8781875522553448,0.4280848730060281,0.20223884548166646,0.1382908097831827
2021-04-13 06:20:00,0.2698744769874477,0.5219123505976095,-0.22144452717795982,-0.2640599892876272,0.5992723560743871,0.00011135857461024499,0.5,-0.2808856112437268,0.6661044174398796,0.8781875522553448,0.4280848730060281,0.20223884548166646,0.1278271496899377
2021-04-13 06:30:00,0.36052998605299863,0.33864541832669315,-0.22323157110945657,-0.26513122656668453,0.5992723560743871,0.00011135857461024499,0.5,-0.2808856112437268,0.6661044174398796,0.8781875522553448,0.4280848730060281,0.20223884548166646,0.22964225900387766
2021-04-13 06:40:00,0.32984658298465835,-0.3227091633466136,-0.2241250930752049,-0.2637029101946081,0.5992723560743871,0.00011135857461024499,0.5,-0.2808856112437268,0.6661044174398796,0.8781875522553448,0.4280848730060281,0.20223884548166646,0.2004239781523002
2021-04-13 06:50:00,0.34309623430962344,-0.6892430278884463,-0.2241250930752049,-0.2572754865202642,0.5991545719857089,0.00011135857461024499,0.5,-0.2808856112437268,0.6661044174398796,0.8781875522553448,0.4280848730060281,0.20223884548166646,0.21527830167328035
2021-04-13 07:00:00,0.3410041841004184,0.07569721115537842,-0.2241250930752049,-0.25370469559007325,0.5855832275457723,0.00011135857461024499,0.5,-0.27805596848533276,0.6574982687129869,0.8540312371085518,0.42557117501457975,0.20285107840544514,0.21066131538844549
2021-04-13 07:10:00,0.3193863319386332,0.14741035856573692,-0.22204020848845885,-0.2576325656132833,0.5907526403266545,0.00011135857461024499,0.5,-0.27805596848533276,0.6574982687129869,0.8540312371085518,0.42557117501457975,0.20285107840544514,0.18715391463101833
2021-04-13 07:20:00,0.3193863319386332,-0.2270916334661356,-0.2211466865227104,-0.25691840742724503,0.5993901401630655,0.00011135857461024499,0.5,-0.27805596848533276,0.6574982687129869,0.8540312371085518,0.42557117501457975,0.20285107840544514,0.18612037358359612
2021-04-13 07:30:00,0.35006973500697347,-0.01195219123505975,-0.2211466865227104,-0.256204249241207,0.5993901401630655,0.00011135857461024499,0.5,-0.27805596848533276,0.6574982687129869,0.8540312371085518,0.42557117501457975,0.20285107840544514,0.21711906091102495
2021-04-13 07:40:00,0.3682008368200837,-0.08366533864541836,-0.21935964259121388,-0.25013390465988217,0.5956864849301802,0.00011135857461024499,0.5,-0.27805596848533276,0.6574982687129869,0.8540312371085518,0.42557117501457975,0.20285107840544514,0.2465184000482822
2021-04-13 07:50:00,0.33821478382147835,0.3545816733067728,-0.21489203276247215,-0.25191930012497765,0.588148303254767,0.00011135857461024499,0.5,-0.27805596848533276,0.6574982687129869,0.8540312371085518,0.42557117501457975,0.20285107840544514,0.23248638290809784
2021-04-13 08:00:00,0.32566248256624825,0.5697211155378485,-0.2089352196574834,-0.2526334583110159,0.588148303254767,0.00011135857461024499,0.5,-0.27618105791330405,0.660141893697541,0.8282492917114163,0.4192424176040308,0.2051190271335045,0.20430164310394255
2021-04-13 08:10:00,0.3354253835425383,0.585657370517928,-0.20416976917349228,-0.24906266738082483,0.588148303254767,0.00011135857461024499,0.5,-0.27618105791330405,0.660141893697541,0.8282492917114163,0.4192424176040308,0.2051190271335045,0.21456161262579782
2021-04-13 08:20:00,0.31450488145048816,0.3227091633466135,-0.19910647803425174,-0.24442063917157653,0.588148303254767,0.00011135857461024499,0.5,-0.27618105791330405,0.660141893697541,0.8282492917114163,0.4192424176040308,0.2051190271335045,0.1915822985349367
2021-04-13 08:30:00,0.32566248256624825,0.10756972111553775,-0.1934475055845124,-0.2415640064274236,0.588148303254767,0.00011135857461024499,0.5,-0.27618105791330405,0.660141893697541,0.8282492917114163,0.4192424176040308,0.2051190271335045,0.19746669281953017
2021-04-13 08:40:00,0.3117154811715481,0.11553784860557759,-0.18719285182427414,-0.2351365827530797,0.588148303254767,0.00011135857461024499,0.5,-0.27618105791330405,0.660141893697541,0.8282492917114163,0.4192424176040308,0.2051190271335045,0.17533986149041145
2021-04-13 08:50:00,0.1903765690376569,0.38645418326693215,-0.182427401340283,-0.23370826638100328,0.5933177160356493,0.00011135857461024499,0.5,-0.27618105791330405,0.660141893697541,0.8282492917114163,0.4192424176040308,0.2051190271335045,0.06958673446293585
2021-04-13 09:00:00,0.18340306834030684,0.08366533864541825,-0.17855547282204032,-0.2287091590787359,0.6020337385978458,0.00011135857461024499,0.5,-0.2710174993654575,0.6579982586557195,0.7438189845054699,0.47869422883370893,0.22619785503564996,0.06813826817749746
2021-04-13 09:10:00,0.24058577405857742,-0.40239043824701204,-0.17289650037230098,-0.2237100517764684,0.6020337385978458,0.00011135857461024499,0.5,-0.2710174993654575,0.6579982586557195,0.7438189845054699,0.47869422883370893,0.22619785503564996,0.10243372512334596
2021-04-13 09:20:00,0.2635983263598326,-0.02788844621513953,-0.16664184661206272,-0.22049633993929663,0.6020337385978458,0.00011135857461024499,0.5,-0.2710174993654575,0.6579982586557195,0.7438189845054699,0.47869422883370893,0.22619785503564996,0.12615236054739956
2021-04-13 09:30:00,0.3138075313807531,-0.36254980079681276,-0.15949367088607602,-0.2194251026602393,0.5980421667037469,0.00011135857461024499,0.5,-0.2710174993654575,0.6579982586557195,0.7438189845054699,0.47869422883370893,0.22619785503564996,0.1785008373945713
2021-04-13 09:40:00,0.2880055788005579,0.4422310756972112,-0.14877140729709615,-0.21406891626495272,0.5881613903757312,0.00011135857461024499,0.5,-0.2710174993654575,0.6579982586557195,0.7438189845054699,0.47869422883370893,0.22619785503564996,0.1547067610181511
2021-04-13 09:50:00,0.22384937238493724,0.12350597609561742,-0.13596425912137022,-0.20764149259060882,0.6086689089267252,0.00011135857461024499,0.5,-0.2710174993654575,0.6579982586557195,0.7438189845054699,0.47869422883370893,0.22619785503564996,0.10438764578964045
2021-04-13 10:00:00,0.23361227336122734,0.14741035856573692,-0.12643335815338808,-0.19621496161399754,0.6238761434871943,0.00011135857461024499,0.5,-0.08002606877473761,0.6498576178065406,0.6155180921271637,0.5079141473910224,0.24593504462520238,0.10575312702747561
2021-04-13 10:10:00,0.2315202231520223,0.019920318725099362,-0.11749813849590485,-0.18800214247455804,0.6287052911230058,0.00011135857461024499,0.5,-0.08002606877473761,0.6498576178065406,0.6155180921271637,0.5079141473910224,0.24593504462520238,0.10308251731369857
2021-04-13 10:20:00,0.25313807531380755,-0.19521912350597614,-0.10886075949367102,-0.17943224424209958,0.630537488058002,0.00011135857461024499,0.5,-0.08002606877473761,0.6498576178065406,0.6155180921271637,0.5079141473910224,0.24593504462520238,0.1201246284533096
2021-04-13 10:30:00,0.2712691771269177,0.25099601593625476,-0.1005212211466866,-0.1740760578468129,0.6169792307390298,0.00011135857461024499,0.5,-0.08002606877473761,0.6498576178065406,0.6155180921271637,0.5079141473910224,0.24593504462520238,0.1340585723554174
2021-04-13 10:40:00,0.2698744769874477,-0.20318725099601598,-0.08979895755770673,-0.1680057132654883,0.6270301396395807,0.00011135857461024499,0.5,-0.08002606877473761,0.6498576178065406,0.6155180921271637,0.5079141473910224,0.24593504462520238,0.13291941397468202
2021-04-13 10:50:00,0.2524407252440725,0.15537848605577675,-0.07967237527922577,-0.16193536868416358,0.6099383596602584,0.00011135857461024499,0.5,-0.08002606877473761,0.6498576178065406,0.6155180921271637,0.5079141473910224,0.24593504462520238,0.1256544502617801
2021-04-13 11:00:00,0.2873082287308229,0.06772908366533859,-0.06716306775874914,-0.15372254954472397,0.6169399693761369,0.00011135857461024499,0.5,-0.06378111301260792,0.6433634955618714,0.6111168811537346,0.4663695785843048,0.2584210479017605,0.14804532492418185
2021-04-13 11:10:00,0.2914923291492329,0.15537848605577675,-0.05822784810126602,-0.1487234422424566,0.6213895905039851,0.00011135857461024499,0.5,-0.06378111301260792,0.6433634955618714,0.6111168811537346,0.4663695785843048,0.2584210479017605,0.17097937444362296
2021-04-13 11:20:00,0.2496513249651325,0.05976095617529875,-0.04929262844378268,-0.13801106945188357,0.6388870712331994,0.00011135857461024499,0.5,-0.06378111301260792,0.6433634955618714,0.6111168811537346,0.4663695785843048,0.2584210479017605,0.12682378502346214
2021-04-13 11:30:00,0.2768479776847978,0.298804780876494,-0.03916604616530173,-0.12872701303338696,0.6314535865255002,0.00011135857461024499,0.5,-0.06378111301260792,0.6433634955618714,0.6111168811537346,0.4663695785843048,0.2584210479017605,0.1344056007363037
2021-04-13 11:40:00,0.26429567642956764,-0.19521912350597614,-0.030528667163067902,-0.1169434029637566,0.6448155370300088,0.00011135857461024499,0.5,-0.06378111301260792,0.6433634955618714,0.6111168811537346,0.4663695785843048,0.2584210479017605,0.12569971483320005
2021-04-13 11:50:00,0.20292887029288703,0.15537848605577675,-0.022486969471332885,-0.10694518835922162,0.6321864652994988,0.00011135857461024499,0.5,-0.06378111301260792,0.6433634955618714,0.6111168811537346,0.4663695785843048,0.2584210479017605,0.08689288893582993
2021-04-13 12:00:00,0.19456066945606695,-0.4661354581673308,-0.009381980640357557,-0.10480271380110695,0.6380364083705226,0.00011135857461024499,0.5,-0.049042549536842395,0.6314758036476297,0.5933366533270891,0.38245497878243123,0.2742828668164916,0.07738732893764051
2021-04-13 12:10:00,0.20641562064156208,-0.21115537848605592,-0.00044676098287421695,-0.10266023924299217,0.6161678292392457,0.00011135857461024499,0.5,-0.049042549536842395,0.6314758036476297,0.5933366533270891,0.38245497878243123,0.2742828668164916,0.08285679798421776
2021-04-13 12:20:00,0.14225941422594143,0.13147410358565725,0.009381980640357446,-0.09980360649883946,0.6216120715603775,0.021158129175946547,0.5,-0.049042549536842395,0.6314758036476297,0.5933366533270891,0.38245497878243123,0.2742828668164916,0.01419798723539086
2021-04-13 12:30:00,0.15411436541143653,-0.7848605577689244,0.022486969471332774,-0.10051776468487772,0.6833440211487875,0.46425389755011137,0.5,-0.049042549536842395,0.6314758036476297,0.5933366533270891,0.38245497878243123,0.2742828668164916,0.0
2021-04-13 12:40:00,0.15202231520223153,-0.5219123505976095,0.03588979895755773,-0.0783788609176932,0.6853070892934263,0.9972160356347439,0.5,-0.049042549536842395,0.6314758036476297,0.5933366533270891,0.38245497878243123,0.2742828668164916,0.0
2021-04-13 12:50:00,0.18131101813110181,-0.2589641434262948,0.053164556962025156,-0.03374397429030518,0.6735941160304145,0.9929844097995546,0.5,-0.049042549536842395,0.6314758036476297,0.5933366533270891,0.38245497878243123,0.2742828668164916,0.0
2021-04-13 13:00:00,0.11715481171548117,-0.36254980079681276,0.06388682055100503,-0.009462595965006093,0.6679535668948188,0.9995545657015591,0.5,0.08310766077106324,0.6161772608022256,0.42622011355697514,0.2650269251338543,0.2785748588821119,0.0
2021-04-13 13:10:00,0.15271966527196654,-0.20318725099601598,0.07788533134772879,0.0069630423138726805,0.6422766355629425,0.9978841870824053,0.5,0.08310766077106324,0.6161772608022256,0.42622011355697514,0.2650269251338543,0.2785748588821119,0.0
2021-04-13 13:20:00,0.16108786610878661,-0.043824701195219196,0.09069247952345472,0.01624709873236929,0.6331287380089253,0.9995545657015591,0.5,0.08310766077106324,0.6161772608022256,0.42622011355697514,0.2650269251338543,0.2785748588821119,0.0
2021-04-13 13:30:00,0.10599721059972106,0.11553784860557759,0.0975428145941919,0.02660239242992324,0.6331287380089253,0.9995545657015591,0.5,0.08310766077106324,0.6161772608022256,0.42622011355697514,0.2650269251338543,0.2785748588821119,0.0
2021-04-13 13:40:00,0.0815899581589958,0.0750842782715293,0.1088607594936708,0.03731476522049637,0.6331287380089253,0.9995545657015591,0.5,0.08310766077106324,0.6161772608022256,0.42622011355697514,0.2650269251338543,0.2785748588821119,0.0
2021-04-13 13:50:00,0.1199442119944212,0.0346307079374808,0.12107222635889792,0.04552758435993587,0.6331287380089253,0.9995545657015591,0.5,0.08310766077106324,0.6161772608022256,0.42622011355697514,0.2650269251338543,0.2785748588821119,0.0
2021-04-13 14:00:00,0.08716875871687588,-0.005822862396567596,0.1359642591213699,0.051597928941260696,0.6331287380089253,0.9995545657015591,0.5,0.08474439693111546,0.5882783966989182,0.4223001621825827,0.16557294358160302,0.2757814271687324,0.0
2021-04-13 14:10:00,0.04672245467224547,-0.04627643273061599,0.14311243484735647,0.061596143545795234,0.6331287380089253,0.9995545657015591,0.5,0.08474439693111546,0.5882783966989182,0.4223001621825827,0.16557294358160302,0.2757814271687324,0.0
2021-04-13 14:20:00,0.10390516039051603,-0.0867300030646645,0.15294117647058791,0.07623638635957874,0.6331287380089253,0.9995545657015591,0.5,0.08474439693111546,0.5882783966989182,0.4223001621825827,0.16557294358160302,0.2757814271687324,0.0
2021-04-13 14:30:00,0.11436541143654114,-0.1271835733987129,0.16515264333581525,0.08373504731297987,0.6331287380089253,0.9995545657015591,0.5,0.08474439693111546,0.5882783966989182,0.4223001621825827,0.16557294358160302,0.2757814271687324,0.0
2021-04-13 14:40:00,0.12482566248256625,-0.16763714373276128,0.16813104988830951,0.09159078735940018,0.6331287380089253,0.9995545657015591,0.5,0.08474439693111546,0.5882783966989182,0.4223001621825827,0.16557294358160302,0.2757814271687324,0.0
2021-04-13 14:50:00,0.05718270571827057,-0.20809071406680968,0.1708116157855546,0.09623281556864849,0.6331287380089253,0.9995545657015591,0.5,0.08474439693111546,0.5882783966989182,0.4223001621825827,0.16557294358160302,0.2757814271687324,0.0
2021-04-13 15:00:00,0.07391910739191074,-0.24854428440085818,0.18034251675353663,0.10194608105695413,0.6331287380089253,0.9995545657015591,0.5,0.08536323015332736,0.5712126480214492,0.4069111414704123,0.10767595291009582,0.2448257152753042,0.0
2021-04-13 15:10:00,0.07391910739191074,-0.2889978547349066,0.18927773641102008,0.10908766291733629,0.6331287380089253,0.9995545657015591,0.5,0.08536323015332736,0.5712126480214492,0.4069111414704123,0.10767595291009582,0.2448257152753042,0.0
2021-04-13 15:20:00,0.06485355648535565,-0.329451425068955,0.19344750558451218,0.11444384931262275,0.6331287380089253,0.9995545657015591,0.5,0.08536323015332736,0.5712126480214492,0.4069111414704123,0.10767595291009582,0.2448257152753042,0.0
2021-04-13 15:30:00,0.05788005578800558,-0.36990499540300337,0.20059568131049876,0.1219425102660241,0.6331287380089253,0.9995545657015591,0.5,0.08536323015332736,0.5712126480214492,0.4069111414704123,0.10767595291009582,0.2448257152753042,0.0
2021-04-13 15:40:00,0.12831241283124128,-0.4103585657370519,0.209530900967982,0.12944117121942522,0.6331287380089253,0.9995545657015591,0.5,0.08536323015332736,0.5712126480214492,0.4069111414704123,0.10767595291009582,0.2448257152753042,0.0
2021-04-13 15:50:00,0.16108786610878661,0.6414342629482073,0.21072226358897983,0.13301196214961597,0.6331287380089253,0.9995545657015591,0.5,0.08536323015332736,0.5712126480214492,0.4069111414704123,0.10767595291009582,0.2448257152753042,0.0
2021-04-13 16:00:00,0.06276150627615062,0.6486780152118796,0.21102010424422923,0.13301196214961597,0.6331287380089253,0.9995545657015591,0.5,0.16695452606427197,0.5486671245118628,0.3060241654457637,0.09560545793364107,0.2661884104366882,0.0
2021-04-13 16:10:00,0.07322175732217574,0.6559217674755522,0.21578555472822036,0.13301196214961597,0.6331287380089253,0.9995545657015591,0.5,0.16695452606427197,0.5486671245118628,0.3060241654457637,0.09560545793364107,0.2661884104366882,0.0
2021-04-13 16:20:00,0.058577405857740586,0.663165519739225,0.22025316455696187,0.13801106945188346,0.6331287380089253,0.9995545657015591,0.5,0.16695452606427197,0.5486671245118628,0.3060241654457637,0.09560545793364107,0.2661884104366882,0.0
2021-04-13 16:30:00,0.044630404463040445,0.6704092720028971,0.22740134028294823,0.1408677021960365,0.6331287380089253,0.9995545657015591,0.5,0.16695452606427197,0.5486671245118628,0.3060241654457637,0.09560545793364107,0.2661884104366882,0.0
2021-04-13 16:40:00,0.02580195258019526,0.6776530242665699,0.23365599404318682,0.14658096768434214,0.6331287380089253,0.9995545657015591,0.5,0.16695452606427197,0.5486671245118628,0.3060241654457637,0.09560545793364107,0.2661884104366882,0.0
2021-04-13 16:50:00,0.0502092050209205,0.6848967765302425,0.2411020104244228,0.1533654704517049,0.6331287380089253,0.9995545657015591,0.5,0.16695452606427197,0.5486671245118628,0.3060241654457637,0.09560545793364107,0.2661884104366882,0.0
2021-04-13 17:00:00,0.06834030683403068,0.6921405287939151,0.24646314221891252,0.15479378682378164,0.6331287380089253,0.9995545657015591,0.5,0.16768739349941608,0.5302824368475353,0.297333593555915,0.08003060004172041,0.3304026141936707,0.0
2021-04-13 17:10:00,0.06903765690376569,0.6993842810575879,0.2482501861504094,0.16086413140510625,0.6331287380089253,0.9995545657015591,0.5,0.16768739349941608,0.5302824368475353,0.297333593555915,0.08003060004172041,0.3304026141936707,0.0
2021-04-13 17:20:00,0.0502092050209205,0.7066280333212602,0.24765450483991058,0.16157828959114462,0.6331287380089253,0.9995545657015591,0.5,0.16768739349941608,0.5302824368475353,0.297333593555915,0.08003060004172041,0.3304026141936707,0.0
2021-04-13 17:30:00,0.048814504881450484,0.7138717855849328,0.25152643335815306,0.16157828959114462,0.6331287380089253,0.9995545657015591,0.5,0.16768739349941608,0.5302824368475353,0.297333593555915,0.08003060004172041,0.3304026141936707,0.0
2021-04-13 17:40:00,0.06415620641562064,0.7211155378486056,0.25420699925539814,0.16157828959114462,0.6331287380089253,0.9995545657015591,0.5,0.16768739349941608,0.5302824368475353,0.297333593555915,0.08003060004172041,0.3304026141936707,0.0
2021-04-13 17:50:00,0.07461645746164575,0.6347941567065072,0.2556962025316454,0.16050705231208706,0.6331287380089253,0.9995545657015591,0.5,0.16768739349941608,0.5302824368475353,0.297333593555915,0.08003060004172041,0.3304026141936707,0.0
2021-04-13 18:00:00,0.12691771269177127,0.548472775564409,0.2565897244973938,0.1533654704517049,0.6331287380089253,0.9995545657015591,0.5,0.11387948795002911,0.5037140057527566,0.30998190742898696,0.1334069502567739,0.5587421779766593,0.0
2021-04-13 18:10:00,0.1394700139470014,0.4621513944223108,0.25807892777364083,0.14443849312622747,0.6331287380089253,0.9995545657015591,0.5,0.11387948795002911,0.5037140057527566,0.30998190742898696,0.1334069502567739,0.5587421779766593,0.0
2021-04-13 18:20:00,0.16596931659693165,0.37583001328021237,0.2571854058078924,0.14372433494018932,0.6133410111109656,0.9995545657015591,0.5,0.11387948795002911,0.5037140057527566,0.30998190742898696,0.1334069502567739,0.5587421779766593,0.0
2021-04-13 18:30:00,0.201534170153417,0.2895086321381142,0.2524199553239015,0.145866809498304,0.5308790619151692,0.9995545657015591,0.5,0.11387948795002911,0.5037140057527566,0.30998190742898696,0.1334069502567739,0.5587421779766593,0.0
2021-04-13 18:40:00,0.07810320781032079,0.20318725099601576,0.24795234549516,0.16907695054454575,0.38893614793681536,0.9985523385300669,0.5,0.11387948795002911,0.5037140057527566,0.30998190742898696,0.1334069502567739,0.5587421779766593,0.0
2021-04-13 18:50:00,0.048814504881450484,0.19920318725099606,0.24229337304542042,0.1587216568469918,0.386946905550248,0.9995545657015591,0.5,0.11387948795002911,0.5037140057527566,0.30998190742898696,0.1334069502567739,0.5587421779766593,0.0
2021-04-13 19:00:00,0.12761506276150628,0.19521912350597592,0.23603871928518227,0.14229601856811303,0.386946905550248,0.9995545657015591,0.5,0.11484032375176878,0.5042915803417761,0.304485910126577,0.16834472055788394,0.5800035160297965,0.0
2021-04-13 19:10:00,0.1596931659693166,0.191235059760956,0.2330603127326878,0.12515622210319588,0.386946905550248,0.9995545657015591,0.5,0.11484032375176878,0.5042915803417761,0.304485910126577,0.16834472055788394,0.5800035160297965,0.0
2021-04-13 19:20:00,0.1324965132496513,0.1872509960159361,0.2256142963514518,0.1087305838243171,0.386946905550248,0.9995545657015591,0.5,0.11484032375176878,0.5042915803417761,0.304485910126577,0.16834472055788394,0.5800035160297965,0.0
2021-04-13 19:30:00,0.14086471408647142,0.18326693227091617,0.2163812360387194,0.09623281556864849,0.386946905550248,0.9995545657015591,0.5,0.11484032375176878,0.5042915803417761,0.304485910126577,0.16834472055788394,0.5800035160297965,0.0
2021-04-13 19:40:00,0.10669456066945607,0.17928286852589648,0.20744601638123594,0.08694875915015166,0.386946905550248,0.9995545657015591,0.5,0.11484032375176878,0.5042915803417761,0.304485910126577,0.16834472055788394,0.5800035160297965,0.0
2021-04-13 19:50:00,0.05160390516039052,0.17529880478087634,0.20119136262099757,0.07873594001071238,0.386946905550248,0.9995545657015591,0.5,0.11484032375176878,0.5042915803417761,0.304485910126577,0.16834472055788394,0.5800035160297965,0.0
2021-04-13 20:00:00,0.11297071129707113,0.17131474103585642,0.19463886820551002,0.07016604177825392,0.386946905550248,0.9995545657015591,0.5,0.1185860424658205,0.49354179657305786,0.4008272338910238,0.1568805927611645,0.5931859799253989,0.0
2021-04-13 20:10:00,0.1087866108786611,0.1673306772908365,0.18838421444527165,0.060167827173718935,0.386946905550248,0.9995545657015591,0.5,0.1185860424658205,0.49354179657305786,0.4008272338910238,0.1568805927611645,0.5931859799253989,0.0
2021-04-13 20:20:00,0.16248256624825663,0.1633466135458166,0.18153387937453447,0.050883770755222324,0.386946905550248,0.9995545657015591,0.5,0.1185860424658205,0.49354179657305786,0.4008272338910238,0.1568805927611645,0.5931859799253989,0.0
2021-04-13 20:30:00,0.2496513249651325,0.15936254980079667,0.17438570364854789,0.0433851098018212,0.322741490099593,0.5809576837416481,0.5,0.1185860424658205,0.49354179657305786,0.4008272338910238,0.1568805927611645,0.5931859799253989,0.0361739366597764
2021-04-13 20:40:00,0.2649930264993026,0.15537848605577675,0.17647058823529393,0.04374218889484016,0.3023255813953488,0.00011135857461024499,0.5,0.1185860424658205,0.49354179657305786,0.4008272338910238,0.1568805927611645,0.5931859799253989,0.11207507883579523
2021-04-13 20:50:00,0.21617852161785217,-0.043824701195219196,0.18481012658227836,0.0480271380110695,0.3023255813953488,0.00011135857461024499,0.5,0.1185860424658205,0.49354179657305786,0.4008272338910238,0.1568805927611645,0.5931859799253989,0.07221207960529294
2021-04-13 21:00:00,0.16527196652719667,-0.33067729083665354,0.1862993298585256,0.062310301731833606,0.3023255813953488,0.00011135857461024499,0.5,0.10187694511048706,0.49402454548328306,0.5337402291302948,0.12347089125909562,0.6036342024336397,0.04308432789655537
2021-04-13 21:10:00,0.16387726638772665,0.47410358565737054,0.1874906924795232,0.08409212640599906,0.3023255813953488,0.00011135857461024499,0.5,0.10187694511048706,0.49402454548328306,0.5337402291302948,0.12347089125909562,0.6036342024336397,0.030621482565595912
2021-04-13 21:20:00,0.13737796373779637,0.298804780876494,0.19225614296351434,0.10908766291733629,0.31623719098035624,0.00011135857461024499,0.5,0.10187694511048706,0.49402454548328306,0.5337402291302948,0.12347089125909562,0.6036342024336397,0.020286072091374084
2021-04-13 21:30:00,0.17503486750348674,0.47410358565737054,0.19344750558451218,0.13693983217282635,0.31878917956838676,0.00011135857461024499,0.5,0.10187694511048706,0.49402454548328306,0.5337402291302948,0.12347089125909562,0.6036342024336397,0.03219819847005748
2021-04-13 21:40:00,0.15481171548117156,0.6254980079681274,0.1952345495160086,0.15586502410283876,0.3294813573961864,0.00011135857461024499,0.5,0.10187694511048706,0.49402454548328306,0.5337402291302948,0.12347089125909562,0.6036342024336397,0.02913529580397423
2021-04-13 21:50:00,0.2105997210599721,0.12350597609561742,0.19374534623976158,0.17086234600964123,0.3517163759144626,0.00011135857461024499,0.5,0.10187694511048706,0.49402454548328306,0.5337402291302948,0.12347089125909562,0.6036342024336397,0.05823287113176517
2021-04-13 22:00:00,0.17573221757322177,0.38645418326693215,0.19583023082650763,0.17728976968398502,0.3517163759144626,0.00011135857461024499,0.5,0.019829612407082475,0.49232917728666387,0.6115708757161986,0.08482433626973016,0.596702923364695,0.03611358389788313
2021-04-13 22:10:00,0.1415620641562064,0.5776892430278884,0.19493670886075942,0.19550080342795928,0.36657025820889666,0.00011135857461024499,0.5,0.019829612407082475,0.49232917728666387,0.6115708757161986,0.08482433626973016,0.596702923364695,0.0199390437104878
2021-04-13 22:20:00,0.14435146443514643,0.4661354581673305,0.1943410275502604,0.21906802356722022,0.36815379984557195,0.00011135857461024499,0.5,0.019829612407082475,0.49232917728666387,0.6115708757161986,0.08482433626973016,0.596702923364695,0.019297795615371847
2021-04-13 22:30:00,0.1290097629009763,0.5697211155378485,0.19583023082650763,0.2433494018925193,0.3756658072790567,0.00011135857461024499,0.5,0.019829612407082475,0.49232917728666387,0.6115708757161986,0.08482433626973016,0.596702923364695,0.00927169304585301
2021-04-13 22:40:00,0.11087866108786612,0.2828685258964143,0.19493670886075942,0.2715586502410283,0.38461739801860984,0.000556792873051225,0.5,0.019829612407082475,0.49232917728666387,0.6115708757161986,0.08482433626973016,0.596702923364695,0.0
2021-04-13 22:50:00,0.099721059972106,-0.019920318725099695,0.1904690990320177,0.2783431530083913,0.38461739801860984,0.18251670378619156,0.5,0.019829612407082475,0.49232917728666387,0.6115708757161986,0.08482433626973016,0.596702923364695,0.0
2021-04-13 23:00:00,0.11924686192468618,-0.21115537848605592,0.18004467609828723,0.24263524370648093,0.38461739801860984,0.9988864142538976,0.5,-0.022252580945446798,0.4911452930544515,0.5627650652959582,0.021415422730374705,0.4615994591219113,0.0
2021-04-13 23:10:00,0.10739191073919108,0.5458167330677288,0.1678332092330601,0.22192465631137304,0.38461739801860984,0.9988864142538976,0.5,-0.022252580945446798,0.4911452930544515,0.5627650652959582,0.021415422730374705,0.4615994591219113,0.0
2021-04-13 23:20:00,0.09553695955369597,0.5241889584519064,0.15323901712583754,0.20121406891626492,0.38461739801860984,0.9988864142538976,0.5,-0.022252580945446798,0.4911452930544515,0.5627650652959582,0.021415422730374705,0.4615994591219113,0.0
2021-04-13 23:30:00,0.10111576011157601,0.5025611838360842,0.1437081161578555,0.17978932333511866,0.38461739801860984,0.9988864142538976,0.5,-0.022252580945446798,0.4911452930544515,0.5627650652959582,0.021415422730374705,0.4615994591219113,0.0
2021-04-13 23:40:00,0.09344490934449094,0.48093340922026173,0.14132539091585983,0.16050705231208706,0.38461739801860984,0.9988864142538976,0.5,-0.022252580945446798,0.4911452930544515,0.5627650652959582,0.021415422730374705,0.4615994591219113,0.0
2021-04-13 23:50:00,0.08926080892608089,0.4593056346044393,0.13417721518987324,0.145866809498304,0.38461739801860984,0.9988864142538976,0.5,-0.022252580945446798,0.4911452930544515,0.5627650652959582,0.021415422730374705,0.4615994591219113,0.0
2021-04-14 00:00:00,0.09205020920502092,0.4376778599886171,0.13000744601638115,0.13301196214961597,0.38461739801860984,0.9988864142538976,0.5,-0.05944501126167068,0.4642895114178733,0.6468926671888873,0.05424715695164522,0.1623599184456102,0.0
2021-04-14 00:10:00,0.11227336122733612,0.4160500853727944,0.12345495160089337,0.12051419389394757,0.38461739801860984,0.9988864142538976,0.5,-0.05944501126167068,0.4642895114178733,0.6468926671888873,0.05424715695164522,0.1623599184456102,0.0
2021-04-14 00:20:00,0.12761506276150628,0.394422310756972,0.11094564408041685,0.10658810926620266,0.38461739801860984,0.9988864142538976,0.5,-0.05944501126167068,0.4642895114178733,0.6468926671888873,0.05424715695164522,0.1623599184456102,0.0
2021-04-14 00:30:00,0.12622036262203626,0.37279453614114955,0.10707371556217415,0.09551865738261034,0.38461739801860984,0.9988864142538976,0.5,-0.05944501126167068,0.4642895114178733,0.6468926671888873,0.05424715695164522,0.1623599184456102,0.0
2021-04-14 00:40:00,0.1297071129707113,0.3511667615253271,0.10618019359642594,0.08694875915015166,0.38461739801860984,0.9988864142538976,0.5,-0.05944501126167068,0.4642895114178733,0.6468926671888873,0.05424715695164522,0.1623599184456102,0.0
2021-04-14 00:50:00,0.15271966527196654,0.32953898690950467,0.10081906180193578,0.07873594001071238,0.38461739801860984,0.9988864142538976,0.5,-0.05944501126167068,0.4642895114178733,0.6468926671888873,0.05424715695164522,0.1623599184456102,0.0
2021-04-14 01:00:00,0.14086471408647142,0.30791121229368246,0.1005212211466866,0.07052312087127288,0.38461739801860984,0.9988864142538976,0.5,-0.15267957053227865,0.45426097750907424,0.7769834141075894,0.09874739282612752,0.10901358989217264,0.0
2021-04-14 01:10:00,0.16666666666666669,0.2862834376778598,0.10379746835443027,0.06516693447598643,0.38461739801860984,0.9988864142538976,0.5,-0.15267957053227865,0.45426097750907424,0.7769834141075894,0.09874739282612752,0.10901358989217264,0.0
2021-04-14 01:20:00,0.21269177126917713,0.26465566306203736,0.10290394638868205,0.06088198535975731,0.4635458245540564,0.9988864142538976,0.5,-0.15267957053227865,0.45426097750907424,0.7769834141075894,0.09874739282612752,0.10901358989217264,0.0
2021-04-14 01:30:00,0.1708507670850767,0.24302788844621515,0.09009679821295591,0.08552044277807536,0.5968512386959993,0.07850779510022272,0.5,-0.15267957053227865,0.45426097750907424,0.7769834141075894,0.09874739282612752,0.10901358989217264,0.030787452660802392
2021-04-14 01:40:00,0.10669456066945607,-0.29083665338645437,0.10141474311243459,0.10373147652204961,0.6110376778212561,0.00011135857461024499,0.5,-0.15267957053227865,0.45426097750907424,0.7769834141075894,0.09874739282612752,0.10901358989217264,0.009837500188602381
2021-04-14 01:50:00,0.07810320781032079,0.585657370517928,0.10766939687267296,0.14158186038207465,0.605370954443732,0.000556792873051225,0.5,-0.15267957053227865,0.45426097750907424,0.7769834141075894,0.09874739282612752,0.10901358989217264,0.0
2021-04-14 02:00:00,0.0815899581589958,0.6573705179282865,0.10737155621742356,0.14015354400999835,0.6053578673227678,0.5586859688195992,0.5,-0.1718386524284552,0.43851991482930086,0.8072805763752644,0.13210802984803502,0.07368891430665858,0.0
2021-04-14 02:10:00,0.10669456066945607,0.6821602478972995,0.08860759493670867,0.11908587752187128,0.6053578673227678,0.9996659242761693,0.5,-0.1718386524284552,0.43851991482930086,0.8072805763752644,0.13210802984803502,0.07368891430665858,0.0
2021-04-14 02:20:00,0.09274755927475593,0.7069499778663124,0.07699180938198036,0.10158900196393517,0.6053578673227678,0.9996659242761693,0.5,-0.1718386524284552,0.43851991482930086,0.8072805763752644,0.13210802984803502,0.07368891430665858,0.0
2021-04-14 02:30:00,0.100418410041841,0.7317397078353254,0.07639612807148177,0.08623460096411373,0.6053578673227678,0.9996659242761693,0.5,-0.1718386524284552,0.43851991482930086,0.8072805763752644,0.13210802984803502,0.07368891430665858,0.0
2021-04-14 02:40:00,0.1199442119944212,0.7565294378043381,0.07222635889798945,0.07337975361542592,0.6053578673227678,0.9996659242761693,0.5,-0.1718386524284552,0.43851991482930086,0.8072805763752644,0.13210802984803502,0.07368891430665858,0.0
2021-04-14 02:50:00,0.18270571827057183,0.7083665338645415,0.06418466120625443,0.058025352615604486,0.6053578673227678,0.9996659242761693,0.5,-0.1718386524284552,0.43851991482930086,0.8072805763752644,0.13210802984803502,0.07368891430665858,0.0
2021-04-14 03:00:00,0.12622036262203626,0.6602036299247456,0.05733432613551748,0.04409926798785935,0.6053578673227678,0.9996659242761693,0.5,-0.1702864329971453,0.43363495561871024,0.8040445335694106,0.1854386968461629,0.05193147627601824,0.0
2021-04-14 03:10:00,0.17364016736401675,0.612040725984949,0.052271034996276944,0.034101053383324365,0.6053578673227678,0.9996659242761693,0.5,-0.1702864329971453,0.43363495561871024,0.8040445335694106,0.1854386968461629,0.05193147627601824,0.0
2021-04-14 03:20:00,0.12412831241283125,0.5638778220451526,0.04988830975428127,0.028387787895018723,0.6053578673227678,0.9996659242761693,0.5,-0.1702864329971453,0.43363495561871024,0.8040445335694106,0.1854386968461629,0.05193147627601824,0.0
2021-04-14 03:30:00,0.1311018131101813,0.5157149181053562,0.04690990320178701,0.02088912694161782,0.6053578673227678,0.9996659242761693,0.5,-0.1702864329971453,0.43363495561871024,0.8040445335694106,0.1854386968461629,0.05193147627601824,0.0
2021-04-14 03:40:00,0.11506276150627615,0.46755201416556,0.04303797468354409,0.013747545081235657,0.6053578673227678,0.9996659242761693,0.5,-0.1702864329971453,0.43363495561871024,0.8040445335694106,0.1854386968461629,0.05193147627601824,0.0
2021-04-14 03:50:00,0.11087866108786612,0.4193891102257634,0.034400595681310264,0.006605963220853273,0.6053578673227678,0.9996659242761693,0.5,-0.1702864329971453,0.43363495561871024,0.8040445335694106,0.1854386968461629,0.05193147627601824,0.0
2021-04-14 04:00:00,0.1094839609483961,0.37122620628596725,0.03172002978406541,-0.0016068559185858922,0.6053578673227678,0.9996659242761693,0.5,-0.23596967270279778,0.4132819167430549,0.8540453134762706,0.24910192568081876,0.03084442253215838,0.0
2021-04-14 04:10:00,0.10599721059972106,0.32306330234617064,0.03201787043931481,-0.007677200499910719,0.6053578673227678,0.9996659242761693,0.5,-0.23596967270279778,0.4132819167430549,0.8540453134762706,0.24910192568081876,0.03084442253215838,0.0
2021-04-14 04:20:00,0.10251046025104603,0.2749003984063745,0.03201787043931481,-0.015175861453311956,0.6053578673227678,0.9996659242761693,0.5,-0.23596967270279778,0.4132819167430549,0.8540453134762706,0.24910192568081876,0.03084442253215838,0.0
2021-04-14 04:30:00,0.099721059972106,-0.33067729083665354,0.03201787043931481,-0.019460810569541076,0.6053578673227678,0.9996659242761693,0.5,-0.23596967270279778,0.4132819167430549,0.8540453134762706,0.24910192568081876,0.03084442253215838,0.0
2021-04-14 04:40:00,0.07252440725244073,-0.23505976095617542,0.026656738644824873,-0.025174076057846828,0.6053578673227678,0.9996659242761693,0.5,-0.23596967270279778,0.4132819167430549,0.8540453134762706,0.24910192568081876,0.03084442253215838,0.0
2021-04-14 04:50:00,0.058577405857740586,0.3545816733067728,0.017125837676842837,-0.02945902517407606,0.6053578673227678,0.9996659242761693,0.5,-0.23596967270279778,0.4132819167430549,0.8540453134762706,0.24910192568081876,0.03084442253215838,0.0
2021-04-14 05:00:00,0.055090655509065556,0.5378486055776892,0.012360387192851485,-0.034101053383324476,0.6053578673227678,0.9996659242761693,0.5,-0.23336192804871425,0.40824753525072743,0.8307538706523839,0.28842249119625596,0.011143544686130415,0.0
2021-04-14 05:10:00,0.055788005578800565,-0.6175298804780878,0.008190618019359386,-0.04017139796464908,0.6053578673227678,0.9996659242761693,0.5,-0.23336192804871425,0.40824753525072743,0.8307538706523839,0.28842249119625596,0.011143544686130415,0.0
2021-04-14 05:20:00,0.0502092050209205,-0.9362549800796813,0.00699925539836177,-0.04445634708087842,0.6053578673227678,0.9996659242761693,0.5,-0.23336192804871425,0.40824753525072743,0.8307538706523839,0.28842249119625596,0.011143544686130415,0.0
2021-04-14 05:30:00,0.04602510460251046,-0.6733067729083666,0.005212211466865124,-0.05016961256918395,0.6053578673227678,0.9996659242761693,0.5,-0.23336192804871425,0.40824753525072743,0.8307538706523839,0.28842249119625596,0.011143544686130415,0.0
2021-04-14 05:40:00,0.026499302649930265,-0.4103585657370519,0.0019359642591212367,-0.05552579896447052,0.6053578673227678,0.9996659242761693,0.5,-0.23336192804871425,0.40824753525072743,0.8307538706523839,0.28842249119625596,0.011143544686130415,0.0
2021-04-14 05:50:00,0.03207810320781032,-0.41453234680326323,-0.0007446016381237319,-0.061596143545795345,0.6053578673227678,0.9996659242761693,0.5,-0.23336192804871425,0.40824753525072743,0.8307538706523839,0.28842249119625596,0.011143544686130415,0.0
2021-04-14 06:00:00,0.03417015341701534,-0.4187061278694745,-0.0019359642591214588,-0.0669523299410818,0.6053578673227678,0.9996659242761693,0.5,-0.21245414367110127,0.42871838784852156,0.7553839253206844,0.3131535839102883,0.9676476147642821,0.0
2021-04-14 06:10:00,0.039051603905160395,-0.42287990893568594,-0.0037230081906179935,-0.0751651490805213,0.6053578673227678,0.9996659242761693,0.5,-0.21245414367110127,0.42871838784852156,0.7553839253206844,0.3131535839102883,0.9676476147642821,0.0
2021-04-14 06:20:00,0.03347280334728033,-0.4270536900018973,-0.006105733432613669,-0.07945009819675053,0.6053578673227678,0.9996659242761693,0.5,-0.21245414367110127,0.42871838784852156,0.7553839253206844,0.3131535839102883,0.9676476147642821,0.0
2021-04-14 06:30:00,0.03207810320781032,-0.43122747106810855,-0.010573343261355284,-0.08444920549901802,0.6053578673227678,0.9996659242761693,0.5,-0.21245414367110127,0.42871838784852156,0.7553839253206844,0.3131535839102883,0.9676476147642821,0.0
2021-04-14 06:40:00,0.0502092050209205,-0.4354012521343199,-0.012658227848101444,-0.09016247098732377,0.6053578673227678,0.9996659242761693,0.5,-0.21245414367110127,0.42871838784852156,0.7553839253206844,0.3131535839102883,0.9676476147642821,0.0
2021-04-14 06:50:00,0.03556485355648536,-0.43957503320053126,-0.012956068503350737,-0.09444742010355289,0.6053578673227678,0.9996659242761693,0.5,-0.21245414367110127,0.42871838784852156,0.7553839253206844,0.3131535839102883,0.9676476147642821,0.0
2021-04-14 07:00:00,0.021617852161785217,-0.4437488142667426,-0.02010424422933743,-0.09980360649883946,0.6053578673227678,0.9996659242761693,0.5,-0.23117353178866284,0.43296542885631706,0.7420298908498157,0.33655851625266925,0.948351256710144,0.0
2021-04-14 07:10:00,0.011157601115760111,-0.447922595332954,-0.027252419955324125,-0.10301731833601147,0.6053578673227678,0.9996659242761693,0.5,-0.23117353178866284,0.43296542885631706,0.7420298908498157,0.33655851625266925,0.948351256710144,0.0
2021-04-14 07:20:00,0.038354253835425386,-0.45209637639916533,-0.03350707371556216,-0.10944474201035537,0.6053578673227678,0.9996659242761693,0.5,-0.23117353178866284,0.43296542885631706,0.7420298908498157,0.33655851625266925,0.948351256710144,0.0
2021-04-14 07:30:00,0.029288702928870293,-0.4562701574653767,-0.03320923306031276,-0.11337261203356541,0.6053578673227678,0.9996659242761693,0.5,-0.23117353178866284,0.43296542885631706,0.7420298908498157,0.33655851625266925,0.948351256710144,0.0
2021-04-14 07:40:00,0.060669456066945605,-0.46044393853158794,-0.027252419955324125,-0.11480092840564182,0.6053578673227678,0.9996659242761693,0.5,-0.23117353178866284,0.43296542885631706,0.7420298908498157,0.33655851625266925,0.948351256710144,0.0
2021-04-14 07:50:00,0.09762900976290097,-0.4646177195977994,-0.020997766195085754,-0.12051419389394735,0.6053578673227678,0.9996659242761693,0.5,-0.23117353178866284,0.43296542885631706,0.7420298908498157,0.33655851625266925,0.948351256710144,0.0
2021-04-14 08:00:00,0.11645746164574616,-0.46879150066401065,-0.012956068503350737,-0.12051419389394735,0.6053578673227678,0.9996659242761693,0.5,-0.23006610915865833,0.4338533420304763,0.6794937884540052,0.3131640170059408,0.9383158820923648,0.0
2021-04-14 08:10:00,0.15620641562064158,-0.472965281730222,-0.006999255398362103,-0.12122835207998572,0.6053578673227678,0.9996659242761693,0.5,-0.23006610915865833,0.4338533420304763,0.6794937884540052,0.3131640170059408,0.9383158820923648,0.0
2021-04-14 08:20:00,0.14086471408647142,-0.47713906279643337,-0.000148920327624813,-0.12229958935904306,0.6053578673227678,0.9996659242761693,0.5,-0.23006610915865833,0.4338533420304763,0.6794937884540052,0.3131640170059408,0.9383158820923648,0.0
2021-04-14 08:30:00,0.17433751743375175,-0.4813128438626447,0.004914370811615498,-0.12408498482413843,0.6053578673227678,0.9996659242761693,0.5,-0.23006610915865833,0.4338533420304763,0.6794937884540052,0.3131640170059408,0.9383158820923648,0.0
2021-04-14 08:40:00,0.1596931659693166,-0.48548662492885597,0.010275502606105658,-0.12229958935904306,0.6053578673227678,0.9996659242761693,0.5,-0.23006610915865833,0.4338533420304763,0.6794937884540052,0.3131640170059408,0.9383158820923648,0.0
2021-04-14 08:50:00,0.18410041841004185,-0.4896604059950673,0.017125837676842837,-0.1183717193358329,0.5130151417989557,0.9975501113585746,0.5,-0.23006610915865833,0.4338533420304763,0.6794937884540052,0.3131640170059408,0.9383158820923648,0.0
2021-04-14 09:00:00,0.07461645746164575,-0.4938341870612788,0.022784810126582178,-0.09409034101053393,0.39277067437934327,0.9993318485523385,0.5,-0.21378042927427354,0.4434882056970115,0.6352134668483153,0.2655110605516987,0.8769031235963484,0.0
2021-04-14 09:10:00,0.11436541143654114,-0.49800796812749004,0.024869694713328228,-0.08587752187109432,0.39277067437934327,0.9995545657015591,0.5,-0.21378042927427354,0.4434882056970115,0.6352134668483153,0.2655110605516987,0.8769031235963484,0.0
2021-04-14 09:20:00,0.15341701534170155,0.17131474103585642,0.03469843633655967,-0.07659346545259771,0.39277067437934327,0.9995545657015591,0.5,-0.21378042927427354,0.4434882056970115,0.6352134668483153,0.2655110605516987,0.8769031235963484,0.0
2021-04-14 09:30:00,0.19107391910739194,0.38645418326693215,0.04571854058078917,-0.06480985538296735,0.39277067437934327,0.7687082405345212,0.5,-0.21378042927427354,0.4434882056970115,0.6352134668483153,0.2655110605516987,0.8769031235963484,0.0
2021-04-14 09:40:00,0.13598326359832635,0.7051792828685257,0.05793000744601606,-0.05695411533654715,0.39277067437934327,0.2870824053452116,0.5,-0.21378042927427354,0.4434882056970115,0.6352134668483153,0.2655110605516987,0.8769031235963484,0.0
2021-04-14 09:50:00,0.2796373779637378,-0.043824701195219196,0.07341772151898729,-0.04159971433672538,0.39266597741162923,0.2993318485523385,0.5,-0.21378042927427354,0.4434882056970115,0.6352134668483153,0.2655110605516987,0.8769031235963484,0.07761365179474025
2021-04-14 10:00:00,0.33403068340306835,0.20318725099601576,0.09605361131794465,-0.023388680592751232,0.37902919736687124,0.00011135857461024499,0.5,0.08331938618308232,0.438899217544474,0.27853314610496127,0.3729146270322531,0.7768887451429171,0.19334007272507805
2021-04-14 10:10:00,0.34309623430962344,0.17131474103585642,0.11600893521965738,-0.0008926977325478536,0.37893758752012147,0.00011135857461024499,0.5,0.08331938618308232,0.438899217544474,0.27853314610496127,0.3729146270322531,0.7768887451429171,0.19966202453339774
2021-04-14 10:20:00,0.3682008368200837,0.09960159362549792,0.13119880863737876,0.021246206034636783,0.37923859130229937,0.00011135857461024499,0.5,0.08331938618308232,0.438899217544474,0.27853314610496127,0.3729146270322531,0.7768887451429171,0.24692578119106176
2021-04-14 10:30:00,0.3884239888423989,0.01195219123505975,0.14668652271034976,0.03802892340653452,0.39202470848438054,0.00011135857461024499,0.5,0.08331938618308232,0.438899217544474,0.27853314610496127,0.3729146270322531,0.7768887451429171,0.29263545422997417
2021-04-14 10:40:00,0.4072524407252441,-0.13147410358565736,0.16515264333581525,0.055168719871451444,0.39364751148394866,0.00011135857461024499,0.5,0.08331938618308232,0.438899217544474,0.27853314610496127,0.3729146270322531,0.7768887451429171,0.33611961917407246
2021-04-14 10:50:00,0.5432357043235705,0.15537848605577675,0.17557706626954572,0.07123727905731125,0.3764248602949837,0.0020044543429844097,0.5,0.08331938618308232,0.438899217544474,0.27853314610496127,0.3729146270322531,0.7768887451429171,0.6224406656909638
2021-04-14 11:00:00,0.5055788005578801,-0.019920318725099695,0.14221891288160804,0.05124084984824129,0.3940532122338407,0.00011135857461024499,0.5,0.11729134223838589,0.44263190108245026,0.24140957956425907,0.5987030904122339,0.7480874351850016,0.5395989558972193
2021-04-14 11:10:00,0.6366806136680614,-0.2270916334661356,0.12970960536113174,0.04017139796464919,0.39266597741162923,0.0036748329621380848,0.5,0.11729134223838589,0.44263190108245026,0.24140957956425907,0.5987030904122339,0.7480874351850016,0.8097605504171884
2021-04-14 11:20:00,0.5655509065550907,-0.059760956175298974,0.1276247207743857,0.0433851098018212,0.39722029550719135,0.0017817371937639199,0.5,0.11729134223838589,0.44263190108245026,0.24140957956425907,0.5987030904122339,0.7480874351850016,0.6607646694931877
2021-04-14 11:30:00,0.6582984658298465,-0.12350597609561753,0.13268801191362622,0.049455454383146025,0.39262671604873645,0.004788418708240535,0.5,0.11729134223838589,0.44263190108245026,0.24140957956425907,0.5987030904122339,0.7480874351850016,0.8645155936448542
2021-04-14 11:40:00,0.6185495118549511,-0.043824701195219196,0.13804914370811594,0.058025352615604486,0.38203923518865085,0.003006681514476615,0.5,0.11729134223838589,0.44263190108245026,0.24140957956425907,0.5987030904122339,0.7480874351850016,0.8245696093667487
2021-04-14 11:50:00,0.6555090655509066,-0.17131474103585675,0.1437081161578555,0.07587930726655978,0.39852900760361726,0.006570155902004454,0.5,0.11729134223838589,0.44263190108245026,0.24140957956425907,0.5987030904122339,0.7480874351850016,0.830235224889479
2021-04-14 12:00:00,0.6701534170153417,-0.03585657370517936,0.1514519731943409,0.09016247098732366,0.3889099736948869,0.017483296213808463,0.5,0.14503400847768821,0.441195148373453,0.19650114760441148,0.7725363647886019,0.7555148775862417,0.8514718529806721
2021-04-14 12:10:00,0.6889818688981869,0.21912350597609564,0.15621742367833202,0.10051776468487783,0.3950609205480886,0.00623608017817372,0.5,0.14503400847768821,0.441195148373453,0.19650114760441148,0.7725363647886019,0.7555148775862417,0.8983508607812665
2021-04-14 12:20:00,0.7280334728033473,-0.0916334661354582,0.1669396872673119,0.11123013747545074,0.391893837274738,0.028507795100222718,0.5,0.14503400847768821,0.441195148373453,0.19650114760441148,0.7725363647886019,0.7555148775862417,0.9058949560179248
2021-04-14 12:30:00,0.7189679218967923,-0.1394422310756973,0.1672375279225613,0.11158721656847015,0.39404012511287645,0.014253897550111359,0.5,0.14503400847768821,0.441195148373453,0.19650114760441148,0.7725363647886019,0.7555148775862417,0.9221524812529233
2021-04-14 12:40:00,0.7810320781032077,0.1872509960159361,0.17379002233804886,0.12587038028923425,0.38169897004358005,0.04253897550111359,0.5,0.14503400847768821,0.441195148373453,0.19650114760441148,0.7725363647886019,0.7555148775862417,0.6920902424672208
2021-04-14 12:50:00,0.796373779637378,-0.02788844621513953,0.1794489947877882,0.135868594893769,0.38363586394629046,0.04944320712694878,0.5,0.14503400847768821,0.441195148373453,0.19650114760441148,0.7725363647886019,0.7555148775862417,0.46202804140199466
2021-04-14 13:00:00,0.7245467224546723,0.17928286852589648,0.18808637379002224,0.14015354400999835,0.37887215191530016,0.521380846325167,0.5,0.2311853054292492,0.4373820066837732,0.13862711283426143,0.9147270726216817,0.7607444797279477,0.23196584033676843
2021-04-14 13:10:00,0.8249651324965133,-0.043824701195219196,0.21667907669396835,0.1680057132654884,0.37698760649644686,0.9996659242761693,0.5,0.2311853054292492,0.4373820066837732,0.13862711283426143,0.9147270726216817,0.7607444797279477,0.0
2021-04-14 13:20:00,0.7907949790794979,0.3545816733067728,0.2333581533879372,0.19550080342795928,0.37698760649644686,0.9996659242761693,0.5,0.2311853054292492,0.4373820066837732,0.13862711283426143,0.9147270726216817,0.7607444797279477,0.0
2021-04-14 13:30:00,0.8779637377963738,-0.02788844621513953,0.25093075204765447,0.20049991073022677,0.37698760649644686,0.9996659242761693,0.5,0.2311853054292492,0.4373820066837732,0.13862711283426143,0.9147270726216817,0.7607444797279477,0.0
2021-04-14 13:40:00,0.9393305439330545,0.0007968127490038945,0.2512285927029039,0.20049991073022677,0.37698760649644686,0.9996659242761693,0.5,0.2311853054292492,0.4373820066837732,0.13862711283426143,0.9147270726216817,0.7607444797279477,0.0
2021-04-14 13:50:00,0.9644351464435147,0.02948207171314743,0.25003723008190604,0.20121406891626492,0.37698760649644686,0.9996659242761693,0.5,0.2311853054292492,0.4373820066837732,0.13862711283426143,0.9147270726216817,0.7607444797279477,0.0
2021-04-14 14:00:00,0.9539748953974895,0.05816733067729074,0.24378257632166767,0.19800035707909291,0.37698760649644686,0.9996659242761693,0.5,0.23594072222112894,0.4254943147695314,0.1401757669115828,0.913348348976093,0.7628185972482601,0.0
2021-04-14 14:10:00,0.7712691771269178,0.08685258964143405,0.2488458674609082,0.20085698982324596,0.3809268299066889,0.9706013363028954,0.5,0.23594072222112894,0.4254943147695314,0.1401757669115828,0.9119695349223961,0.7628185972482601,0.0
2021-04-14 14:20:00,0.806136680613668,0.11553784860557759,0.25152643335815306,0.2029994643813604,0.40526887490021074,0.13697104677060135,0.5,0.23594072222112894,0.4254943147695314,0.1401757669115828,0.9105908112768073,0.7628185972482601,0.4983327549526985
2021-04-14 14:30:00,0.9114365411436541,0.19521912350597592,0.2327624720774384,0.16907695054454575,0.4159872269699389,0.11302895322939867,0.5,0.23594072222112894,0.4254943147695314,0.1401757669115828,0.9092119520190567,0.7628185972482601,0.7894669342305778
2021-04-14 14:40:00,0.9274755927475593,-0.33864541832669326,0.2285927029039463,0.1537225495447243,0.4250827760400989,0.11314031180400891,0.5,0.23594072222112894,0.4254943147695314,0.1401757669115828,0.9078331831694141,0.7628185972482601,0.8434298474583943
2021-04-14 14:50:00,0.9156206415620642,0.29083665338645415,0.22680565897244964,0.14836636314943763,0.41937679129968203,0.08830734966592428,0.5,0.23594072222112894,0.4254943147695314,0.1401757669115828,0.9064543691157172,0.7628185972482601,0.8446681352505394
2021-04-14 15:00:00,0.9456066248256625,-0.019920318725099695,0.23395383469843622,0.14800928405641844,0.4373454083836097,0.10167037861915369,0.5,0.24408354548677647,0.40976474611142816,0.13831705230207583,0.9050756454701284,0.7647688225274945,0.8459064230426845
2021-04-14 15:10:00,0.9755927475592748,-0.05179282868525903,0.24259121370067005,0.1551508659168006,0.4324246509010483,0.09409799554565701,0.5,0.24408354548677647,0.40976474611142816,0.13831705230207583,0.9036968314164319,0.7647688225274945,0.8471447108348296
2021-04-14 15:20:00,0.9888423988842399,-0.29083665338645437,0.2482501861504094,0.1694340296375647,0.41425972700265673,0.09766146993318485,0.5,0.24408354548677647,0.40976474611142816,0.13831705230207583,0.902318107770843,0.7647688225274945,0.8483829986269746
2021-04-14 15:30:00,0.9707112970711297,0.2669322709163344,0.2482501861504094,0.17836100696304236,0.41500569289761946,0.09097995545657016,0.5,0.24408354548677647,0.40976474611142816,0.13831705230207583,0.9009392033090384,0.7647688225274945,0.8496212864191198
2021-04-14 15:40:00,0.9691616457461646,-0.043824701195219196,0.2527177959791511,0.184074272451348,0.43729305989975265,0.12438752783964366,0.5,0.24408354548677647,0.40976474611142816,0.13831705230207583,0.8995604796634495,0.7647688225274945,0.8508595742112649
2021-04-14 15:50:00,0.9676119944211994,0.17131474103585642,0.2518242740134027,0.1822888769862525,0.42788341992645046,0.111358574610245,0.5,0.24408354548677647,0.40976474611142816,0.13831705230207583,0.8981816656097528,0.7647688225274945,0.8520977865624576
2021-04-14 16:00:00,0.9660622733612273,-0.21115537848605592,0.25480268056589694,0.18336011426530985,0.43366792739265286,0.11915367483296213,0.5,0.27421209162894145,0.40188272074987136,0.10151216965396358,0.896802941964164,0.7708751694074839,0.8533360743546027
2021-04-14 16:10:00,0.9645126220362622,0.01195219123505975,0.26195085629188375,0.19585788252097847,0.4317964690947638,0.16648106904231624,0.5,0.27421209162894145,0.40188272074987136,0.10151216965396358,0.8954241279104673,0.7708751694074839,0.8545744375877001
2021-04-14 16:20:00,0.9629629707112971,-0.12350597609561753,0.263440059568131,0.19300124977682542,0.4310505031998011,0.13763919821826281,0.5,0.27421209162894145,0.40188272074987136,0.10151216965396358,0.8940453138567707,0.7708751694074839,0.8558127253798452
2021-04-14 16:30:00,0.9614133193863319,-0.15537848605577698,0.26195085629188375,0.19442956614890217,0.41872243525146907,0.14498886414253898,0.5,0.27421209162894145,0.40188272074987136,0.10151216965396358,0.8926664998030739,0.7708751694074839,0.8570509377310379
2021-04-14 16:40:00,0.9598635983263598,-0.21912350597609564,0.26284437825763196,0.20049991073022677,0.4198871890172881,0.11080178173719377,0.5,0.27421209162894145,0.40188272074987136,0.10151216965396358,0.8912877761574851,0.7708751694074839,0.8582893009641354
2021-04-14 16:50:00,0.9583140167364016,-0.10756972111553798,0.2598659717051375,0.2094268880557042,0.41695567392129407,0.094543429844098,0.5,0.27421209162894145,0.40188272074987136,0.10151216965396358,0.8899089621037884,0.7708751694074839,0.8595275133153281
2021-04-14 17:00:00,0.9567642956764296,-0.2509960159362551,0.2640357408786298,0.2129976789858954,0.4059363180693879,0.08674832962138085,0.5,0.27276266641940916,0.39362426617855373,0.10449344288551843,0.8885302384581997,0.7813966161618113,0.8607658011074731
2021-04-14 17:10:00,0.9637377963737797,0.07569721115537842,0.2640357408786298,0.21835386538118184,0.41093559827773485,0.0900890868596882,0.5,0.27276266641940916,0.39362426617855373,0.10449344288551843,0.8871514244045029,0.7813966161618113,0.8620041643405707
2021-04-14 17:20:00,0.997907949790795,-0.0916334661354582,0.26909903201787033,0.22478128905552563,0.40585779534360233,0.1032293986636971,0.5,0.27276266641940916,0.39362426617855373,0.10449344288551843,0.8857726103508062,0.7813966161618113,0.8632423766917634
2021-04-14 17:30:00,0.985936750348675,-0.07569721115537853,0.26969471332836914,0.23192287091590802,0.4085799165041683,0.11792873051224945,0.5,0.27276266641940916,0.39362426617855373,0.10449344288551843,0.8843937962971095,0.7813966161618113,0.8644806644839085
2021-04-14 17:40:00,0.973965620641562,-0.10756972111553798,0.2759493670886075,0.23192287091590802,0.3975605606522621,0.14164810690423163,0.5,0.27276266641940916,0.39362426617855373,0.10449344288551843,0.8830150726515207,0.7813966161618113,0.8657188768351013
2021-04-14 17:50:00,0.9619944211994421,0.11553784860557759,0.2795234549516006,0.23335118728798432,0.4053604847469605,0.14565701559020044,0.5,0.27276266641940916,0.39362426617855373,0.10449344288551843,0.881636258597824,0.7813966161618113,0.8669572400681986
2021-04-14 18:00:00,0.9500232217573222,-0.1394422310756973,0.2771407297096051,0.2290662381717552,0.404274253706927,0.10256124721603564,0.5,0.19786476856457957,0.3997592002459736,0.11954450395831266,0.8802575349522352,0.7848419461783974,0.8681955278603437
2021-04-14 18:10:00,0.9380520920502092,0.11553784860557759,0.27356664184661184,0.23513658275308003,0.4061195377628876,0.11492204899777284,0.5,0.19786476856457957,0.3997592002459736,0.11954450395831266,0.8788786756944845,0.7848419461783974,0.8694337402115364
2021-04-14 18:20:00,0.9260808926080892,0.1633466135458166,0.27386448250186124,0.2287091590787358,0.4103205035924147,0.08273942093541202,0.5,0.19786476856457957,0.3997592002459736,0.11954450395831266,0.8774999068448418,0.7848419461783974,0.8706721034446339
2021-04-14 18:30:00,0.9405508368200837,0.10756972111553775,0.2756515264333579,0.23763613640421344,0.40126421588514743,0.11414253897550111,0.5,0.19786476856457957,0.3997592002459736,0.11954450395831266,0.8761210927911451,0.7848419461783974,0.8719103912367789
2021-04-14 18:40:00,0.9550209205020921,-0.043824701195219196,0.2771407297096051,0.23870737368327077,0.40413029537632017,0.12360801781737193,0.5,0.19786476856457957,0.3997592002459736,0.11954450395831266,0.8747423691455564,0.7848419461783974,0.8731486035879716
2021-04-14 18:50:00,0.9694909344490934,-0.298804780876494,0.2789277736411018,0.235493661846099,0.40165682951407516,0.1066815144766147,0.5,0.19786476856457957,0.3997592002459736,0.11954450395831266,0.8733635550918596,0.7848419461783974,0.8743869668210692
2021-04-14 19:00:00,0.9839609483960948,-0.02788844621513953,0.2768428890543557,0.24513479735761456,0.40842287105259717,0.09064587973273942,0.5,0.18806079467738046,0.4133307663351603,0.11911333593809544,0.8719848314462707,0.7913616072178888,0.8756252546132143
2021-04-14 19:10:00,0.9762900976290098,-0.17131474103585675,0.2795234549516006,0.24692019282271027,0.39316328800827105,0.12115812917594657,0.5,0.18806079467738046,0.4133307663351603,0.11911333593809544,0.8706059269844661,0.7913616072178888,0.8768634669644071
2021-04-14 19:20:00,0.9686192468619247,0.05976095617529875,0.2789277736411018,0.24763435100874842,0.40953527633455916,0.09821826280623609,0.5,0.18806079467738046,0.4133307663351603,0.11911333593809544,0.8692272033388773,0.7913616072178888,0.8781017547565522
2021-04-14 19:30:00,0.9773361227336124,-0.40239043824701204,0.2833953834698437,0.2483485091947868,0.41219196189030377,0.14498886414253898,0.5,0.18806079467738046,0.4133307663351603,0.11911333593809544,0.8678483892851807,0.7913616072178888,0.8793401179896495
2021-04-14 19:40:00,0.9860529986052999,0.21912350597609564,0.2833953834698437,0.24656311372969109,0.4126630982450171,0.11247216035634744,0.5,0.18806079467738046,0.4133307663351603,0.11911333593809544,0.8664696656395919,0.7913616072178888,0.8805783303408422
2021-04-14 19:50:00,0.9883774755927476,-0.3067729083665339,0.2813104988830972,0.24870558828780576,0.4254230411851697,0.11180400890868596,0.5,0.18806079467738046,0.4133307663351603,0.11911333593809544,0.865090851585895,0.7913616072178888,0.8818166181329873
2021-04-14 20:00:00,0.9907020223152022,-0.043824701195219196,0.27743857036485475,0.24906266738082472,0.42204656397639084,0.12505567928730513,0.5,0.17762981606104677,0.42731324369912244,0.1407960147900776,0.8637120375321985,0.799711162501746,0.8830549813660847
2021-04-14 20:10:00,0.99302649930265,0.2589641434262948,0.27326880119136243,0.24584895554365294,0.4255015639109552,0.10935412026726059,0.5,0.17762981606104677,0.42731324369912244,0.1407960147900776,0.8637120375321985,0.799711162501746,0.8842931937172774
2021-04-14 20:20:00,0.9937238493723849,0.07569721115537842,0.2679076693968725,0.24370648098553827,0.4255015639109552,0.111358574610245,0.5,0.17762981606104677,0.42731324369912244,0.1407960147900776,0.8637120375321985,0.799711162501746,0.8855314815094225
2021-04-14 20:30:00,0.9637377963737797,0.22709163346613526,0.26195085629188375,0.2433494018925193,0.4255015639109552,0.09910913140311804,0.5,0.17762981606104677,0.42731324369912244,0.1407960147900776,0.8637120375321985,0.799711162501746,0.8867698447425201
2021-04-14 20:40:00,0.909344490934449,0.09960159362549792,0.2533134772896499,0.24370648098553827,0.4255015639109552,0.08608017817371938,0.5,0.17762981606104677,0.42731324369912244,0.1407960147900776,0.8637120375321985,0.799711162501746,0.8880080570937129
2021-04-14 20:50:00,0.898884239888424,0.49003984063745,0.24646314221891252,0.2383502945902518,0.4365340068838256,0.07939866369710467,0.5,0.17762981606104677,0.42731324369912244,0.1407960147900776,0.8637120375321985,0.799711162501746,0.889246344885858
2021-04-14 21:00:00,0.8340306834030684,0.593625498007968,0.23812360387192832,0.23477950366006062,0.4393608250121056,0.053563474387527836,0.5,0.1674023913498095,0.4398129922673984,0.15517191746886114,0.7175910451464899,0.8127805881103699,0.8904845572370507
2021-04-14 21:10:00,0.8856345885634588,0.6653386454183265,0.2291883842144451,0.2287091590787358,0.4393608250121056,0.07293986636971046,0.5,0.1674023913498095,0.4398129922673984,0.15517191746886114,0.7175910451464899,0.8127805881103699,0.891722920470148
2021-04-14 21:20:00,0.8772663877266388,-0.043824701195219196,0.22293373045420695,0.22763792179967868,0.4505241391946186,0.06614699331848553,0.5,0.1674023913498095,0.4398129922673984,0.15517191746886114,0.7175910451464899,0.8127805881103699,0.8929612082622931
2021-04-14 21:30:00,0.8528591352859136,-0.3944223107569722,0.21518987341772133,0.23585074093911795,0.45328552171807723,0.05623608017817372,0.5,0.1674023913498095,0.4398129922673984,0.15517191746886114,0.7175910451464899,0.8127805881103699,0.8941994206134859
2021-04-14 21:40:00,0.8807531380753139,-0.45019920318725104,0.21072226358897983,0.23763613640421344,0.45328552171807723,0.06158129175946549,0.5,0.1674023913498095,0.4398129922673984,0.15517191746886114,0.7175910451464899,0.8127805881103699,0.8954377838465832
2021-04-14 21:50:00,0.6115760111576011,-0.19521912350597614,0.209530900967982,0.23942153186930915,0.4416641583018152,0.00623608017817372,0.5,0.1674023913498095,0.4398129922673984,0.15517191746886114,0.7175910451464899,0.8127805881103699,0.8966760716387283
2021-04-14 22:00:00,0.3716875871687587,-0.19521912350597614,0.19910647803425152,0.25370469559007325,0.43945243485885543,0.00011135857461024499,0.5,0.09042809690940268,0.4640021608760738,0.20724407927049415,0.6104970089049783,0.8366636808396023,0.37050560526276083
2021-04-14 22:10:00,0.4686192468619247,-0.33864541832669326,0.1868950111690244,0.26691662203178,0.4354085144808994,0.00011135857461024499,0.5,0.09042809690940268,0.4640021608760738,0.20724407927049415,0.6104970089049783,0.8366636808396023,0.4936931363821537
2021-04-14 22:20:00,0.5864714086471409,0.11553784860557759,0.1782576321667908,0.2540617746830922,0.42818442370862836,0.00011135857461024499,0.5,0.09042809690940268,0.4640021608760738,0.20724407927049415,0.6104970089049783,0.8366636808396023,0.6463403594006971
2021-04-14 22:30:00,0.3688981868898187,0.24302788844621515,0.17289650037230064,0.23156579182288883,0.4312337228933007,0.00011135857461024499,0.5,0.09042809690940268,0.4640021608760738,0.20724407927049415,0.6104970089049783,0.8366636808396023,0.3223365571766978
2021-04-14 22:40:00,0.5878661087866108,0.4581673306772909,0.16157855547282196,0.2147830744509911,0.43940008637499833,0.00011135857461024499,0.5,0.09042809690940268,0.4640021608760738,0.20724407927049415,0.6104970089049783,0.8366636808396023,0.6411575659731129
2021-04-14 22:50:00,0.5899581589958159,0.40239043824701204,0.16008935219657472,0.18907337975361527,0.43940008637499833,0.00011135857461024499,0.5,0.09042809690940268,0.4640021608760738,0.20724407927049415,0.6104970089049783,0.8366636808396023,0.6414593297825791
2021-04-14 23:00:00,0.5313807531380753,0.09163346613545809,0.15502606105733419,0.17479021603285116,0.4488489877111934,0.00011135857461024499,0.5,0.03007334677907547,0.4816627251750697,0.25434297158716884,0.5619062672290336,0.8615517359021169,0.4950887940009355
2021-04-14 23:10:00,0.398186889818689,0.19521912350597592,0.14072970960536102,0.16193536868416358,0.45124393084765285,0.00011135857461024499,0.5,0.03007334677907547,0.4816627251750697,0.25434297158716884,0.5619062672290336,0.8615517359021169,0.28986677127812066
2021-04-14 23:20:00,0.4177126917712692,-0.06772908366533881,0.13030528667163077,0.14622388859132296,0.46193610867545254,0.00011135857461024499,0.5,0.03007334677907547,0.4816627251750697,0.25434297158716884,0.5619062672290336,0.8615517359021169,0.32142372165306216
2021-04-14 23:30:00,0.4504881450488145,-0.03585657370517936,0.12524199553239002,0.13729691126584553,0.4512962793315099,0.00011135857461024499,0.5,0.03007334677907547,0.4816627251750697,0.25434297158716884,0.5619062672290336,0.8615517359021169,0.4052461638275721
2021-04-14 23:40:00,0.5808926080892608,-0.2749003984063746,0.11928518242740127,0.11587216568469927,0.4506026619204041,0.00011135857461024499,0.5,0.03007334677907547,0.4816627251750697,0.25434297158716884,0.5619062672290336,0.8615517359021169,0.6108076708360366
2021-04-14 23:50:00,0.5439330543933054,0.21912350597609564,0.12702903946388688,0.10480271380110695,0.44006752954417555,0.00011135857461024499,0.5,0.03007334677907547,0.4816627251750697,0.25434297158716884,0.5619062672290336,0.8615517359021169,0.6693423057772682
2021-04-15 00:00:00,0.49860529986053004,0.33864541832669315,0.12702903946388688,0.09516157828959115,0.44165107118085095,0.00011135857461024499,0.5,0.03170191143220502,0.4852057573554574,0.2574560046931371,0.5071807929829202,0.8733749441290969,0.5311797456131087
2021-04-15 00:10:00,0.3242677824267783,0.03585657370517925,0.10320178704393146,0.08587752187109432,0.46871523733493864,0.00011135857461024499,0.5,0.03170191143220502,0.4852057573554574,0.2574560046931371,0.5071807929829202,0.8733749441290969,0.18035668482278921
2021-04-15 00:20:00,0.3186889818688982,-0.6254980079681276,0.0826507818317197,0.07516514908052141,0.4750494038816401,0.00011135857461024499,0.5,0.03170191143220502,0.4852057573554574,0.2574560046931371,0.5071807929829202,0.8733749441290969,0.16855017577741901
2021-04-15 00:30:00,0.5313807531380753,-0.0916334661354582,0.06656738644825011,0.05552579896447085,0.4746306160107838,0.00011135857461024499,0.5,0.03170191143220502,0.4852057573554574,0.2574560046931371,0.5071807929829202,0.8733749441290969,0.5529293721803944
2021-04-15 00:40:00,0.6757322175732218,-0.21115537848605592,0.06954579300074437,0.04088555615068734,0.46707934721440625,0.00011135857461024499,0.5,0.03170191143220502,0.4852057573554574,0.2574560046931371,0.5071807929829202,0.8733749441290969,0.8584727733602909
2021-04-15 00:50:00,0.6094839609483961,-0.1394422310756973,0.08354430379746813,0.03945723977861104,0.46340186622344953,0.00033407572383073496,0.5,0.03170191143220502,0.4852057573554574,0.2574560046931371,0.5071807929829202,0.8733749441290969,0.8205636947960832
2021-04-15 01:00:00,0.6736401673640168,-0.2749003984063746,0.1046909903201787,0.04588466345295483,0.46340186622344953,0.007461024498886415,0.5,-0.05820324238724073,0.4978779162488105,0.30295158604522165,0.38984625748116264,0.885328828839477,0.8453271119694614
2021-04-15 01:10:00,0.7454672245467224,-0.2589641434262948,0.11988086373789986,0.058739510801642636,0.4576958814830326,0.01492204899777283,0.5,-0.05820324238724073,0.4978779162488105,0.30295158604522165,0.38984625748116264,0.885328828839477,0.8700906800247445
2021-04-15 01:20:00,0.7921896792189679,-0.4103585657370519,0.13119880863737876,0.06945188359221577,0.45352108989543394,0.01180400890868597,0.5,-0.05820324238724073,0.4978779162488105,0.30295158604522165,0.38984625748116264,0.885328828839477,0.8948541726390754
2021-04-15 01:30:00,0.689679218967922,-0.21912350597609564,0.1320923306031272,0.0801642563827889,0.45349491565350536,0.00022271714922048998,0.5,-0.05820324238724073,0.4978779162488105,0.30295158604522165,0.38984625748116264,0.885328828839477,0.9196176652534062
2021-04-15 01:40:00,0.5355648535564853,-0.07569721115537853,0.11571109456440776,0.08587752187109432,0.4667914305531926,0.00022271714922048998,0.5,-0.05820324238724073,0.4978779162488105,0.30295158604522165,0.38984625748116264,0.885328828839477,0.543401179896495
2021-04-15 01:50:00,0.5585774058577406,0.14741035856573692,0.10141474311243459,0.09016247098732366,0.46531258588423136,0.00022271714922048998,0.5,-0.05820324238724073,0.4978779162488105,0.30295158604522165,0.38984625748116264,0.885328828839477,0.6017773888377567
2021-04-15 02:00:00,0.5334728033472803,0.394422310756972,0.09545793000744607,0.08194965184788416,0.47747052126002804,0.00022271714922048998,0.5,-0.08679274356844047,0.5098230782714155,0.3998057461254798,0.2752445782652319,0.9424821796397949,0.5689982950344765
2021-04-15 02:10:00,0.37099023709902373,0.05976095617529875,0.07163067758749042,0.07409391180146407,0.5006347253667666,0.00022271714922048998,0.5,-0.08679274356844047,0.5098230782714155,0.3998057461254798,0.2752445782652319,0.9424821796397949,0.32165004451016194
2021-04-15 02:20:00,0.36541143654114366,0.17131474103585642,0.05941921072226353,0.061596143545795234,0.511313816073602,0.00022271714922048998,0.5,-0.08679274356844047,0.5098230782714155,0.3998057461254798,0.2752445782652319,0.9424821796397949,0.34749611479095316
2021-04-15 02:30:00,0.4086471408647141,0.06772908366533859,0.06001489203276256,0.05231208712729862,0.5328552171807723,0.00022271714922048998,0.5,-0.08679274356844047,0.5098230782714155,0.3998057461254798,0.2752445782652319,0.9424821796397949,0.31425683117823683
2021-04-15 02:40:00,0.33821478382147835,0.43426294820717115,0.05673864482501845,0.039100160685591856,0.5546321864652994,0.00022271714922048998,0.5,-0.08679274356844047,0.5098230782714155,0.3998057461254798,0.2752445782652319,0.9424821796397949,0.20108031443788948
2021-04-15 02:50:00,0.3814504881450488,0.33864541832669315,0.01801935964259105,0.030530262453133394,0.6434544764497258,0.2052338530066815,0.5,-0.08679274356844047,0.5098230782714155,0.3998057461254798,0.2752445782652319,0.9424821796397949,0.16282420749279541
2021-04-15 03:00:00,0.37866108786610875,-0.31474103585657376,0.007297096053611174,-0.0012497768255668174,0.6123725641596105,0.00011135857461024499,0.5,-0.08842134157465953,0.530658866057292,0.41016544551006356,0.344712477749708,0.07239864339261726,0.2518520753805996
2021-04-15 03:10:00,0.26569037656903766,0.585657370517928,0.005510052122114528,-0.026959471522942313,0.6229207836568034,0.00011135857461024499,0.5,-0.08842134157465953,0.530658866057292,0.41016544551006356,0.344712477749708,0.07239864339261726,0.12580533216651327
2021-04-15 03:20:00,0.2315202231520223,-0.45019920318725104,-0.00551005212211475,-0.04231387252276375,0.6481396657549305,0.00011135857461024499,0.5,-0.08842134157465953,0.530658866057292,0.41016544551006356,0.344712477749708,0.07239864339261726,0.0992802933144228
2021-04-15 03:30:00,0.15690376569037656,0.394422310756972,-0.009977661950856476,-0.04981253347616499,0.6205520147622724,0.00011135857461024499,0.5,-0.08842134157465953,0.530658866057292,0.41016544551006356,0.344712477749708,0.07239864339261726,0.04481192570575011
2021-04-15 03:40:00,0.19804741980474197,-0.31474103585657376,-0.015040953090096898,-0.04981253347616499,0.6518825823507087,0.00011135857461024499,0.5,-0.08842134157465953,0.530658866057292,0.41016544551006356,0.344712477749708,0.07239864339261726,0.05845164989362826
2021-04-15 03:50:00,0.1617852161785216,-0.08366533864541836,-0.023082650781831915,-0.05981074808069986,0.6112732459986128,0.00011135857461024499,0.5,-0.08842134157465953,0.530658866057292,0.41016544551006356,0.344712477749708,0.07239864339261726,0.05040210027611389
2021-04-15 04:00:00,0.16387726638772665,0.24302788844621515,-0.02963514519731958,-0.07302267452240663,0.6195966549318815,0.00011135857461024499,0.5,-0.21757497691132388,0.5351760165743796,0.4650921932337817,0.4770566306119379,0.13238863665325404,0.04860660560978922
2021-04-15 04:10:00,0.17642956764295675,0.09163346613545809,-0.03678332092330627,-0.08766291733619003,0.6147805944170341,0.00011135857461024499,0.5,-0.21757497691132388,0.5351760165743796,0.4650921932337817,0.4770566306119379,0.13238863665325404,0.05077176094271014
2021-04-15 04:20:00,0.21617852161785217,-0.17131474103585675,-0.04363365599404323,-0.10016068559185842,0.6103440604101503,0.00011135857461024499,0.5,-0.21757497691132388,0.5351760165743796,0.4650921932337817,0.4770566306119379,0.13238863665325404,0.08985017426859997
2021-04-15 04:30:00,0.18898186889818688,-0.1633466135458168,-0.04899478778853328,-0.11087305838243178,0.607347109709335,0.00011135857461024499,0.5,-0.21757497691132388,0.5351760165743796,0.4650921932337817,0.4770566306119379,0.13238863665325404,0.0627291518928135
2021-04-15 04:40:00,0.29428172942817293,0.019920318725099362,-0.05376023827252441,-0.1180146402428136,0.6035256703877714,0.00011135857461024499,0.5,-0.21757497691132388,0.5351760165743796,0.4650921932337817,0.4770566306119379,0.13238863665325404,0.15058768501893569
2021-04-15 04:50:00,0.28172942817294283,0.17928286852589648,-0.05673864482501878,-0.12265666845206213,0.5999790606064572,0.00011135857461024499,0.5,-0.21757497691132388,0.5351760165743796,0.4650921932337817,0.4770566306119379,0.13238863665325404,0.1337568085459511
2021-04-15 05:00:00,0.31241283124128316,0.20318725099601576,-0.06239761727475812,-0.1308694875915014,0.6079883786365838,0.00011135857461024499,0.5,-0.23496404370188617,0.5356300304304232,0.4637179085764012,0.5443362289669463,0.15680972021542638,0.16022903873138494
2021-04-15 05:10:00,0.2594142259414226,0.17928286852589648,-0.07877885331347734,-0.132654883056597,0.6466739082069335,0.00011135857461024499,0.5,-0.23496404370188617,0.5356300304304232,0.4637179085764012,0.5443362289669463,0.15680972021542638,0.10692246178915762
2021-04-15 05:20:00,0.26429567642956764,-0.17928286852589637,-0.09932985852568887,-0.14800928405641844,0.6484930180209655,0.00011135857461024499,0.5,-0.23496404370188617,0.5356300304304232,0.4637179085764012,0.5443362289669463,0.15680972021542638,0.14189688730630537
2021-04-15 05:30:00,0.5153417015341701,-0.15537848605577698,-0.1118391660461654,-0.15479378682378142,0.6580989648087318,0.00011135857461024499,0.5,-0.23496404370188617,0.5356300304304232,0.4637179085764012,0.5443362289669463,0.15680972021542638,0.48946844304962506
2021-04-15 05:40:00,0.4686192468619247,-0.10756972111553798,-0.12077438570364873,-0.15265131226566697,0.6498540786012486,0.00011135857461024499,0.5,-0.23496404370188617,0.5356300304304232,0.4637179085764012,0.5443362289669463,0.15680972021542638,0.5081400787603543
2021-04-15 05:50:00,0.5481171548117155,-0.03585657370517936,-0.12613551749813867,-0.15265131226566697,0.6513329232702099,0.00011135857461024499,0.5,-0.23496404370188617,0.5356300304304232,0.4637179085764012,0.5443362289669463,0.15680972021542638,0.675392670157068
2021-04-15 06:00:00,0.6185495118549511,-0.1633466135458168,-0.1279225614296352,-0.15265131226566697,0.6551020141079165,0.00022271714922048998,0.5,-0.23725013116102445,0.5385926145163749,0.38607849768887603,0.5437344545190926,0.17580652291886517,0.8531919066946302
2021-04-15 06:10:00,0.4804741980474198,0.12350597609561742,-0.13626209977661963,-0.15229423317264768,0.6425252908612634,0.00011135857461024499,0.5,-0.23725013116102445,0.5385926145163749,0.38607849768887603,0.5437344545190926,0.17580652291886517,0.558300767988895
2021-04-15 06:20:00,0.4895397489539749,-0.14741035856573714,-0.13596425912137022,-0.15265131226566697,0.6432058211514049,0.00011135857461024499,0.5,-0.23725013116102445,0.5385926145163749,0.38607849768887603,0.5437344545190926,0.17580652291886517,0.5917965508396579
2021-04-15 06:30:00,0.5139470013947002,-0.10756972111553798,-0.13239017125837682,-0.15015175861453323,0.6398686053055189,0.00011135857461024499,0.5,-0.23725013116102445,0.5385926145163749,0.38607849768887603,0.5437344545190926,0.17580652291886517,0.654752025589571
2021-04-15 06:40:00,0.5648535564853556,-0.3227091633466136,-0.131794489947878,-0.14979467952151393,0.6398686053055189,0.00011135857461024499,0.5,-0.23725013116102445,0.5385926145163749,0.38607849768887603,0.5437344545190926,0.17580652291886517,0.7241124371954072
2021-04-15 06:50:00,0.5230125523012552,0.06772908366533859,-0.13387937453462406,-0.1505088377075522,0.6398686053055189,0.00022271714922048998,0.5,-0.23725013116102445,0.5385926145163749,0.38607849768887603,0.5437344545190926,0.17580652291886517,0.6505273322570424
2021-04-15 07:00:00,0.4630404463040446,-0.20318725099601598,-0.1425167535368579,-0.15265131226566697,0.6398686053055189,0.00033407572383073496,0.5,-0.24713555329273384,0.5692299292830305,0.37570269291059594,0.517050465306962,0.20775004633645838,0.5552076889418652
2021-04-15 07:10:00,0.4630404463040446,-0.13147410358565736,-0.15174981384959063,-0.15729334047491517,0.6398686053055189,0.00033407572383073496,0.5,-0.24713555329273384,0.5692299292830305,0.37570269291059594,0.517050465306962,0.20775004633645838,0.5257706293284247
2021-04-15 07:20:00,0.5230125523012552,0.1633466135458166,-0.15264333581533884,-0.1615782895911445,0.6301972229129313,0.00033407572383073496,0.5,-0.24713555329273384,0.5692299292830305,0.37570269291059594,0.517050465306962,0.20775004633645838,0.5996650421714924
2021-04-15 07:30:00,0.49302649930264997,0.38645418326693215,-0.1553239017125838,-0.1694340296375647,0.6286660297601131,0.00033407572383073496,0.5,-0.24713555329273384,0.5692299292830305,0.37570269291059594,0.517050465306962,0.20775004633645838,0.5385503266593238
2021-04-15 07:40:00,0.4707112970711297,-0.02788844621513953,-0.15562174236783333,-0.17050526691662193,0.6340186622344951,0.00033407572383073496,0.5,-0.24713555329273384,0.5692299292830305,0.37570269291059594,0.517050465306962,0.20775004633645838,0.45900538648399897
2021-04-15 07:50:00,0.4707112970711297,-0.12350597609561753,-0.15621742367833225,-0.17014818782360286,0.6374474879271309,0.00033407572383073496,0.5,-0.24713555329273384,0.5692299292830305,0.37570269291059594,0.517050465306962,0.20775004633645838,0.503334490094603
2021-04-15 08:00:00,0.5153417015341701,0.25099601593625476,-0.15562174236783333,-0.1676486341724691,0.62871837824397,0.00033407572383073496,0.5,-0.24088895322329262,0.5783820440393447,0.32813395426600805,0.5003959899536535,0.232034114601557,0.5815969340796958
2021-04-15 08:10:00,0.5481171548117155,0.2589641434262948,-0.15383469843633668,-0.17050526691662193,0.62871837824397,0.00033407572383073496,0.5,-0.24088895322329262,0.5783820440393447,0.32813395426600805,0.5003959899536535,0.232034114601557,0.6724806493957179
2021-04-15 08:20:00,0.5195258019525802,0.09163346613545809,-0.15026061057334328,-0.16907695054454563,0.62871837824397,0.00033407572383073496,0.5,-0.24088895322329262,0.5783820440393447,0.32813395426600805,0.5003959899536535,0.232034114601557,0.5850068651266654
2021-04-15 08:30:00,0.5397489539748954,0.1633466135458166,-0.14609084139985118,-0.16372076414925896,0.62871837824397,0.00033407572383073496,0.5,-0.24088895322329262,0.5783820440393447,0.32813395426600805,0.5003959899536535,0.232034114601557,0.6483546328288848
2021-04-15 08:40:00,0.5481171548117155,0.10756972111553775,-0.13983618763961292,-0.16264952687020162,0.6287052911230058,0.00033407572383073496,0.5,-0.24088895322329262,0.5783820440393447,0.32813395426600805,0.5003959899536535,0.232034114601557,0.6616473286358767
2021-04-15 08:50:00,0.5550906555090656,0.1633466135458166,-0.13239017125837682,-0.1597928941260488,0.6287052911230058,0.00044543429844097997,0.5,-0.24088895322329262,0.5783820440393447,0.32813395426600805,0.5003959899536535,0.232034114601557,0.6885344840593267
2021-04-15 09:00:00,0.5467224546722455,0.21912350597609564,-0.12613551749813867,-0.15443670773076235,0.6287052911230058,0.00011135857461024499,0.5,-0.2314320849383119,0.587126121026304,0.30329614001902466,0.5336215120582933,0.2562136252299196,0.6739140274906831
2021-04-15 09:10:00,0.5104602510460251,0.09960159362549792,-0.12077438570364873,-0.1490805213354759,0.6394890787975553,0.00022271714922048998,0.5,-0.2314320849383119,0.587126121026304,0.30329614001902466,0.5336215120582933,0.2562136252299196,0.5727099898909124
2021-04-15 09:20:00,0.5139470013947002,-0.003984063745020028,-0.11749813849590485,-0.14372433494018932,0.6406145712004816,0.00011135857461024499,0.5,-0.2314320849383119,0.587126121026304,0.30329614001902466,0.5336215120582933,0.2562136252299196,0.5909817885540988
2021-04-15 09:30:00,0.44979079497907953,-0.0916334661354582,-0.11273268801191372,-0.13658275307980716,0.640483699990839,0.00011135857461024499,0.5,-0.2314320849383119,0.587126121026304,0.30329614001902466,0.5336215120582933,0.2562136252299196,0.4500279131523756
2021-04-15 09:40:00,0.48326359832635984,-0.2270916334661356,-0.10647803425167546,-0.13158364577753967,0.629372734292183,0.00011135857461024499,0.5,-0.2314320849383119,0.587126121026304,0.30329614001902466,0.5336215120582933,0.2562136252299196,0.4838707243840246
2021-04-15 09:50:00,0.48465829846582986,0.027888446215139417,-0.09873417721518996,-0.1312265666845207,0.6293596471712187,0.00011135857461024499,0.5,-0.2314320849383119,0.587126121026304,0.30329614001902466,0.5336215120582933,0.2562136252299196,0.500264043333283
2021-04-15 10:00:00,0.4198047419804742,0.08366533864541825,-0.088607594936709,-0.13051240849848234,0.6329716925573543,0.00011135857461024499,0.5,-0.01778216630317364,0.5727442264092408,0.16745830383319785,0.584596351703001,0.2739102353254261,0.3769859830710503
2021-04-15 10:10:00,0.4421199442119944,-0.059760956175298974,-0.07758749069247961,-0.1230137475450811,0.6378139273141302,0.00011135857461024499,0.5,-0.01778216630317364,0.5727442264092408,0.16745830383319785,0.584596351703001,0.2739102353254261,0.39598201487695583
2021-04-15 10:20:00,0.41143654114365413,-0.2749003984063746,-0.06775874906924817,-0.11730048205677557,0.6325790789284266,0.00011135857461024499,0.5,-0.01778216630317364,0.5727442264092408,0.16745830383319785,0.584596351703001,0.2739102353254261,0.35682816059869943
2021-04-15 10:30:00,0.46234309623430964,0.298804780876494,-0.05673864482501878,-0.11337261203356541,0.6298176964049679,0.00011135857461024499,0.5,-0.01778216630317364,0.5727442264092408,0.16745830383319785,0.584596351703001,0.2739102353254261,0.4456221615341673
2021-04-15 10:40:00,0.44002789400278935,-0.059760956175298974,-0.04631422189128831,-0.10694518835922162,0.6406800068053028,0.00011135857461024499,0.5,-0.01778216630317364,0.5727442264092408,0.16745830383319785,0.584596351703001,0.2739102353254261,0.3740362418335169
2021-04-15 10:50:00,0.4107391910739191,0.019920318725099362,-0.03886820551005232,-0.09980360649883946,0.6353012000889925,0.00011135857461024499,0.5,-0.01778216630317364,0.5727442264092408,0.16745830383319785,0.584596351703001,0.2739102353254261,0.33084629660364834
2021-04-15 11:00:00,0.402370990237099,-0.02788844621513953,-0.026656738644825095,-0.08730583824317073,0.6405622227166246,0.00011135857461024499,0.5,0.009317218899328017,0.5709827675880088,0.1563892062412332,0.48951143237348577,0.2906072893632438,0.3222158516529113
2021-04-15 11:10:00,0.3598326359832636,0.07569721115537842,-0.014743112434847494,-0.08659168005713269,0.6367146091531324,0.00011135857461024499,0.5,0.009317218899328017,0.5709827675880088,0.1563892062412332,0.48951143237348577,0.2906072893632438,0.25098450442838394
2021-04-15 11:20:00,0.35704323570432356,-0.0916334661354582,-0.0028294862248698927,-0.0673094090341011,0.6363481697661332,0.00011135857461024499,0.5,0.009317218899328017,0.5709827675880088,0.1563892062412332,0.48951143237348577,0.2906072893632438,0.2307436969084298
2021-04-15 11:30:00,0.3326359832635983,0.2828685258964143,0.008488458674609012,-0.06552401356900539,0.6330371281621756,0.00011135857461024499,0.5,0.009317218899328017,0.5709827675880088,0.1563892062412332,0.48951143237348577,0.2906072893632438,0.2356549029074943
2021-04-15 11:40:00,0.35704323570432356,0.027888446215139417,0.020699925539835906,-0.06266738082485268,0.6459279423119708,0.00011135857461024499,0.5,0.009317218899328017,0.5709827675880088,0.1563892062412332,0.48951143237348577,0.2906072893632438,0.22296573471943512
2021-04-15 11:50:00,0.3612273361227336,0.03585657370517925,0.030826507818317195,-0.04517050526691657,0.643925612804439,0.00011135857461024499,0.5,0.009317218899328017,0.5709827675880088,0.1563892062412332,0.48951143237348577,0.2906072893632438,0.25452268509437664
2021-04-15 12:00:00,0.34309623430962344,0.05976095617529875,0.04303797468354409,-0.04088555615068734,0.6533745141406342,0.00011135857461024499,0.5,0.030773628245797546,0.5475091018284114,0.160632406816665,0.2853347378828385,0.33755687434365944,0.23866499690692097
2021-04-15 12:10:00,0.299163179916318,-0.17928286852589637,0.05286671630677553,-0.041956793429744677,0.6471843059245396,0.00011135857461024499,0.5,0.030773628245797546,0.5475091018284114,0.160632406816665,0.2853347378828385,0.33755687434365944,0.17223169425290827
2021-04-15 12:20:00,0.22036262203626222,0.13147410358565725,0.06686522710349951,-0.03802892340653463,0.66175027155776,0.00011135857461024499,0.5,0.030773628245797546,0.5475091018284114,0.160632406816665,0.2853347378828385,0.33755687434365944,0.10011768788569188
2021-04-15 12:30:00,0.18758716875871687,-0.06772908366533881,0.0784810126582276,-0.029101946081056984,0.6573791731556975,0.00011135857461024499,0.5,0.030773628245797546,0.5475091018284114,0.160632406816665,0.2853347378828385,0.33755687434365944,0.07220453551005628
2021-04-15 12:40:00,0.1882845188284519,0.4581673306772909,0.09218168279970218,-0.020889126941617486,0.6578633966313752,0.00011135857461024499,0.5,0.030773628245797546,0.5475091018284114,0.160632406816665,0.2853347378828385,0.33755687434365944,0.07095975979600767
2021-04-15 12:50:00,0.13807531380753138,-0.38645418326693237,0.10647803425167512,-0.011962149616139839,0.6547617489628458,0.00011135857461024499,0.5,0.030773628245797546,0.5475091018284114,0.160632406816665,0.2853347378828385,0.33755687434365944,0.017577741901413764
2021-04-15 13:00:00,0.100418410041841,0.394422310756972,0.11839166046165284,0.010533833244063429,0.6626532829042939,0.2135857461024499,0.5,0.19168437437775632,0.5333570876447886,0.13004915188616353,0.13132779883598283,0.548814074970417,0.0
2021-04-15 13:10:00,0.11924686192468618,0.5458167330677288,0.13864482501861475,0.02660239242992324,0.6616194003481174,0.9996659242761693,0.5,0.19168437437775632,0.5333570876447886,0.13004915188616353,0.13132779883598283,0.548814074970417,0.0
2021-04-15 13:20:00,0.05439330543933055,0.6972111553784857,0.16276991809381958,0.06409569719692909,0.6616194003481174,0.9996659242761693,0.5,0.19168437437775632,0.5333570876447886,0.13004915188616353,0.13132779883598283,0.548814074970417,0.0
2021-04-15 13:30:00,0.0808926080892608,0.49231644849174705,0.18540580789277716,0.09159078735940018,0.6616194003481174,0.9996659242761693,0.5,0.19168437437775632,0.5333570876447886,0.13004915188616353,0.13132779883598283,0.548814074970417,0.0
2021-04-15 13:40:00,0.0697350069735007,0.2874217416050082,0.20357408786299303,0.11051597928941259,0.6616194003481174,0.9996659242761693,0.5,0.19168437437775632,0.5333570876447886,0.13004915188616353,0.13132779883598283,0.548814074970417,0.0
2021-04-15 13:50:00,0.0815899581589958,0.08252703471826961,0.21906180193596425,0.13015532940546337,0.6616194003481174,0.9996659242761693,0.5,0.19168437437775632,0.5333570876447886,0.13004915188616353,0.13132779883598283,0.548814074970417,0.0
2021-04-15 14:00:00,0.14783821478382148,-0.12236767216846922,0.23931496649292616,0.14015354400999835,0.6616194003481174,0.9996659242761693,0.5,0.2104210393956687,0.505524314166094,0.1267683436946813,0.31918503425798356,0.7039818437658928,0.0
2021-04-15 14:10:00,0.14783821478382148,-0.32726237905520794,0.25152643335815306,0.14479557221924666,0.6616194003481174,0.9996659242761693,0.5,0.2104210393956687,0.505524314166094,0.1267683436946813,0.31918503425798356,0.7039818437658928,0.0
2021-04-15 14:20:00,0.19456066945606695,-0.5321570859419468,0.2679076693968725,0.15586502410283876,0.6599049875017995,0.9996659242761693,0.5,0.2104210393956687,0.505524314166094,0.1267683436946813,0.31918503425798356,0.7039818437658928,0.0
2021-04-15 14:30:00,0.2824267782426778,-0.7370517928286854,0.27446016381236027,0.17014818782360308,0.5052152177042573,0.9996659242761693,0.5,0.2104210393956687,0.505524314166094,0.1267683436946813,0.31918503425798356,0.7039818437658928,0.0
2021-04-15 14:40:00,0.3451882845188285,0.2350597609561753,0.27833209233060296,0.20335654347437981,0.3582599363965921,0.17138084632516706,0.5,0.2104210393956687,0.505524314166094,0.1267683436946813,0.31918503425798356,0.7039818437658928,0.25561657890369205
2021-04-15 14:50:00,0.4330543933054393,-0.03585657370517936,0.28696947133283657,0.18657382610248163,0.3843294813573962,0.00011135857461024499,0.5,0.2104210393956687,0.505524314166094,0.1267683436946813,0.31918503425798356,0.7039818437658928,0.36095478069315146
2021-04-15 15:00:00,0.45327754532775455,0.17131474103585642,0.2640357408786298,0.16157828959114462,0.3804164321890827,0.00033407572383073496,0.5,0.2367957286699487,0.4806455042570973,0.11107129147630282,0.5307627172781515,0.7342779616939761,0.4380478899165623
2021-04-15 15:10:00,0.6178521617852162,0.01195219123505975,0.255398361876396,0.14729512587038052,0.38808548507413854,0.010579064587973273,0.5,0.2367957286699487,0.4806455042570973,0.11107129147630282,0.5307627172781515,0.7342779616939761,0.743696908429772
2021-04-15 15:20:00,0.5313807531380753,-0.2589641434262948,0.2556962025316454,0.14943760042849497,0.38805931083221,0.00033407572383073496,0.5,0.2367957286699487,0.4806455042570973,0.11107129147630282,0.5307627172781515,0.7342779616939761,0.5696546313200658
2021-04-15 15:30:00,0.602510460251046,0.22709163346613526,0.2601638123603871,0.1583645777539724,0.3972464697491199,0.003006681514476615,0.5,0.2367957286699487,0.4806455042570973,0.11107129147630282,0.5307627172781515,0.7342779616939761,0.7470012221434283
2021-04-15 15:40:00,0.5536959553695956,-0.019920318725099695,0.2643335815338794,0.15765041956793446,0.3997068484904006,0.011692650334075724,0.5,0.2367957286699487,0.4806455042570973,0.11107129147630282,0.5307627172781515,0.7342779616939761,0.6567134903511022
2021-04-15 15:50:00,0.5704323570432357,-0.2270916334661356,0.2673119880863737,0.17229066238171753,0.3902972085170983,0.0024498886414253897,0.5,0.2367957286699487,0.4806455042570973,0.11107129147630282,0.5307627172781515,0.7342779616939761,0.6847096277743411
2021-04-15 16:00:00,0.6722454672245468,0.03585657370517925,0.27058823529411735,0.18121763970719518,0.3980186098860112,0.013028953229398663,0.5,0.315561450899416,0.4577666541190267,0.06695303832056505,0.6367803636277277,0.7447256329043768,0.8337658614602351
2021-04-15 16:10:00,0.5411436541143654,-0.10756972111553798,0.2726731198808636,0.190501696125692,0.3868814699454267,0.004565701559020045,0.5,0.315561450899416,0.4577666541190267,0.06695303832056505,0.6367803636277277,0.7447256329043768,0.643141663020354
2021-04-15 16:20:00,0.5690376569037657,0.6573705179282865,0.2795234549516006,0.21335475807891435,0.417610029969507,0.3062360801781737,0.5,0.315561450899416,0.4577666541190267,0.06695303832056505,0.6367803636277277,0.7447256329043768,0.38385865383164597
2021-04-15 16:30:00,0.5920502092050209,-0.1633466135458168,0.2795234549516006,0.21763970719514392,0.40193165905432465,0.005233853006681514,0.5,0.315561450899416,0.4577666541190267,0.06695303832056505,0.6367803636277277,0.7447256329043768,0.6942227318677672
2021-04-15 16:40:00,0.5529986052998606,0.09960159362549792,0.2839910647803423,0.22156757721835385,0.3965659394589784,0.0020044543429844097,0.5,0.315561450899416,0.4577666541190267,0.06695303832056505,0.6367803636277277,0.7447256329043768,0.6712811382530893
2021-04-15 16:50:00,0.44421199442119946,-0.07569721115537853,0.286373790022338,0.22513836814854504,0.383256337438327,0.00011135857461024499,0.5,0.315561450899416,0.4577666541190267,0.06695303832056505,0.6367803636277277,0.7447256329043768,0.41175671801680824
2021-04-15 17:00:00,0.5878661087866108,0.2111553784860556,0.2905435591958301,0.23370826638100328,0.3938830796613053,0.006347438752783964,0.5,0.31544745003957364,0.4403187292209639,0.06603224096915411,0.6562810308709357,0.748958159272931,0.6925403986299923
2021-04-15 17:10:00,0.4693165969316597,0.043824701195219085,0.29352196574832456,0.24156400642742382,0.382955333656149,0.00022271714922048998,0.5,0.31544745003957364,0.4403187292209639,0.06603224096915411,0.6562810308709357,0.748958159272931,0.4510765423902711
2021-04-15 17:20:00,0.44839609483960946,0.11553784860557759,0.29679821295606845,0.2547759328691306,0.4113282119066627,0.16503340757238308,0.5,0.31544745003957364,0.4403187292209639,0.06603224096915411,0.6562810308709357,0.748958159272931,0.2943026992772757
2021-04-15 17:30:00,0.695258019525802,0.1633466135458166,0.29798957557706607,0.24692019282271027,0.4069571135046002,0.017260579064587975,0.5,0.31544745003957364,0.4403187292209639,0.06603224096915411,0.6562810308709357,0.748958159272931,0.8317063234606275
2021-04-15 17:40:00,0.496513249651325,-0.13147410358565736,0.29739389426656726,0.24692019282271027,0.3980840454908325,0.00011135857461024499,0.5,0.31544745003957364,0.4403187292209639,0.06603224096915411,0.6562810308709357,0.748958159272931,0.4788991656230668
2021-04-15 17:50:00,0.4797768479776848,-0.003984063745020028,0.2944154877140728,0.2594179610783791,0.3708628338851736,0.00155902004454343,0.5,0.31544745003957364,0.4403187292209639,0.06603224096915411,0.6562810308709357,0.748958159272931,0.47877091600404365
2021-04-15 18:00:00,0.5125523012552301,0.03585657370517925,0.2956068503350706,0.2526334583110159,0.3874703903888184,0.00022271714922048998,0.5,0.25072811461989297,0.4222242656038524,0.08518548531194435,0.658052161868086,0.762008250555085,0.5596285287505469
2021-04-15 18:10:00,0.6401673640167364,-0.05179282868525903,0.2956068503350706,0.2533476164970543,0.3851408828571803,0.0035634743875278397,0.5,0.25072811461989297,0.4222242656038524,0.08518548531194435,0.658052161868086,0.762008250555085,0.8075274982271377
2021-04-15 18:20:00,0.48535564853556484,0.12350597609561742,0.2947133283693222,0.2512051419389394,0.3866982502519271,0.00011135857461024499,0.5,0.25072811461989297,0.4222242656038524,0.08518548531194435,0.658052161868086,0.762008250555085,0.46123843867404984
2021-04-15 18:30:00,0.398186889818689,-0.03585657370517936,0.29381980640357397,0.2533476164970543,0.40364607190064256,0.00011135857461024499,0.5,0.25072811461989297,0.4222242656038524,0.08518548531194435,0.658052161868086,0.762008250555085,0.2776302488042609
2021-04-15 18:40:00,0.49790794979079495,0.09960159362549792,0.29679821295606845,0.2708444920549904,0.38083522005993903,0.00011135857461024499,0.5,0.25072811461989297,0.4222242656038524,0.08518548531194435,0.658052161868086,0.762008250555085,0.5043152224753685
2021-04-15 18:50:00,0.5592747559274756,-0.043824701195219196,0.29709605361131786,0.25513301196214955,0.4105822460116999,0.00033407572383073496,0.5,0.25072811461989297,0.4222242656038524,0.08518548531194435,0.658052161868086,0.762008250555085,0.664159512349684
2021-04-15 19:00:00,0.5355648535564853,-0.12350597609561753,0.29709605361131786,0.24370648098553827,0.4089987043750245,0.0023385300668151447,0.5,0.25211240124567125,0.4389940432232683,0.07542840664267597,0.5898507805264748,0.7744397278632584,0.5974998868385715
2021-04-15 19:10:00,0.5718270571827057,0.17928286852589648,0.29739389426656726,0.24120692733440463,0.40032194317572073,0.000779510022271715,0.5,0.25211240124567125,0.4389940432232683,0.07542840664267597,0.5898507805264748,0.7744397278632584,0.6937700861535676
2021-04-15 19:20:00,0.5892608089260809,-0.08366533864541836,0.29709605361131786,0.24549187645063397,0.40344976508617864,0.0014476614699331849,0.5,0.25211240124567125,0.4389940432232683,0.07542840664267597,0.5898507805264748,0.7744397278632584,0.7310982693845528
2021-04-15 19:30:00,0.5397489539748954,-0.019920318725099695,0.29590469099032,0.2508480628459204,0.4139848974624073,0.00011135857461024499,0.5,0.25211240124567125,0.4389940432232683,0.07542840664267597,0.5898507805264748,0.7744397278632584,0.6038218386468911
2021-04-15 19:40:00,0.3598326359832636,0.05179282868525892,0.29381980640357397,0.24870558828780576,0.40901179149598876,0.00011135857461024499,0.5,0.25211240124567125,0.4389940432232683,0.07542840664267597,0.5898507805264748,0.7744397278632584,0.2580231452841861
2021-04-15 19:50:00,0.36610878661087864,0.10756972111553775,0.28965003723008165,0.2533476164970543,0.4057530983758883,0.00011135857461024499,0.5,0.25211240124567125,0.4389940432232683,0.07542840664267597,0.5898507805264748,0.7744397278632584,0.2585814083316988
2021-04-15 20:00:00,0.5390516039051604,0.21912350597609564,0.28548026805658955,0.2529905374040351,0.44492285142191573,0.00011135857461024499,0.5,0.24368457583041692,0.4272011769878208,0.08979429100569561,0.4359974267733323,0.7876447482878278,0.5597266019886236
2021-04-15 20:10:00,0.6220362622036262,0.346613545816733,0.27833209233060296,0.23620782003213714,0.4642787033280548,0.00011135857461024499,0.5,0.24368457583041692,0.4272011769878208,0.08979429100569561,0.4359974267733323,0.7876447482878278,0.7827300571842419
2021-04-15 20:20:00,0.5271966527196652,0.05976095617529875,0.2723752792256142,0.22299589359043037,0.47951211213045236,0.00011135857461024499,0.5,0.24368457583041692,0.4272011769878208,0.08979429100569561,0.4359974267733323,0.7876447482878278,0.5365888618977926
2021-04-15 20:30:00,0.5341701534170153,-0.02788844621513953,0.264929262844378,0.22156757721835385,0.4735443849707503,0.00011135857461024499,0.5,0.24368457583041692,0.4272011769878208,0.08979429100569561,0.4359974267733323,0.7876447482878278,0.530817629041749
2021-04-15 20:40:00,0.5425383542538355,-0.03585657370517936,0.25897244973938927,0.21406891626495272,0.4735967334546073,0.00011135857461024499,0.5,0.24368457583041692,0.4272011769878208,0.08979429100569561,0.4359974267733323,0.7876447482878278,0.5537064139897703
2021-04-15 20:50:00,0.5739191073919108,0.10756972111553775,0.2533134772896499,0.20906980896268523,0.4769862977843504,0.00011135857461024499,0.5,0.24368457583041692,0.4272011769878208,0.08979429100569561,0.4359974267733323,0.7876447482878278,0.6375288561642802
2021-04-15 21:00:00,0.5578800557880056,0.3067729083665336,0.24616530156366334,0.20264238528834144,0.47970841894491634,0.00011135857461024499,0.5,0.2443034090526286,0.43743085627587863,0.09130629580129852,0.31381954811475626,0.826483468275155,0.617733150263289
2021-04-15 21:10:00,0.5564853556485356,0.31474103585657365,0.23931496649292616,0.19442956614890217,0.4823520173796967,0.00011135857461024499,0.5,0.2443034090526286,0.43743085627587863,0.09130629580129852,0.31381954811475626,0.826483468275155,0.5857160100789113
2021-04-15 21:20:00,0.6164574616457461,-0.4820717131474104,0.23365599404318682,0.18943045884663468,0.4909895172161076,0.00011135857461024499,0.5,0.2443034090526286,0.43743085627587863,0.09130629580129852,0.31381954811475626,0.826483468275155,0.7119287233882041
2021-04-15 21:30:00,0.6569037656903766,-0.17131474103585675,0.2333581533879372,0.18657382610248163,0.4909895172161076,0.00011135857461024499,0.5,0.2443034090526286,0.43743085627587863,0.09130629580129852,0.31381954811475626,0.826483468275155,0.8028727914661195
2021-04-15 21:40:00,0.6108786610878661,-0.03585657370517936,0.23425167535368563,0.18657382610248163,0.4909895172161076,0.00011135857461024499,0.5,0.2443034090526286,0.43743085627587863,0.09130629580129852,0.31381954811475626,0.826483468275155,0.6702475972056672
2021-04-15 21:50:00,0.5599721059972106,-0.019920318725099695,0.2327624720774384,0.18657382610248163,0.4909895172161076,0.00011135857461024499,0.5,0.2443034090526286,0.43743085627587863,0.09130629580129852,0.31381954811475626,0.826483468275155,0.5447968375152767
2021-04-15 22:00:00,0.5209205020920502,0.019920318725099362,0.2285927029039463,0.18764506338153897,0.4909895172161076,0.00011135857461024499,0.5,0.1382428858693967,0.45058863758487766,0.12845509835259578,0.3019097806725394,0.911121103779659,0.4684581378155318
2021-04-15 22:10:00,0.3158995815899582,0.05976095617529875,0.2220402084884585,0.18693090519550082,0.4909895172161076,0.00011135857461024499,0.5,0.1382428858693967,0.45058863758487766,0.12845509835259578,0.3019097806725394,0.911121103779659,0.2733074822336557
2021-04-15 22:20:00,0.25871687587168757,0.5537848605577689,0.21191362620997745,0.17978932333511866,0.4978340814804151,0.00011135857461024499,0.5,0.1382428858693967,0.45058863758487766,0.12845509835259578,0.3019097806725394,0.911121103779659,0.15556678787513015
2021-04-15 22:30:00,0.29776847977684795,0.19521912350597592,0.2101265822784808,0.1680057132654884,0.5183285129104448,0.00011135857461024499,0.5,0.1382428858693967,0.45058863758487766,0.12845509835259578,0.3019097806725394,0.911121103779659,0.2099672586266729
2021-04-15 22:40:00,0.22454672245467225,-0.0916334661354582,0.2053611317944899,0.1551508659168006,0.5187865621441938,0.00011135857461024499,0.5,0.1382428858693967,0.45058863758487766,0.12845509835259578,0.3019097806725394,0.911121103779659,0.12919263092777283
2021-04-15 22:50:00,0.23500697350069735,-0.3227091633466136,0.20178704393149638,0.14622388859132296,0.5187865621441938,0.00011135857461024499,0.5,0.1382428858693967,0.45058863758487766,0.12845509835259578,0.3019097806725394,0.911121103779659,0.1298187908324155
2021-04-15 23:00:00,0.301952580195258,0.21912350597609564,0.19940431868950093,0.13551151580074983,0.5187865621441938,0.00011135857461024499,0.5,0.04167688660916813,0.45546210277379395,0.15693704325515626,0.3584604499643318,0.0014941371874125926,0.17942876110868025
2021-04-15 23:10:00,0.30404463040446306,0.43426294820717115,0.19642591213700666,0.12229958935904306,0.5259844786745363,0.00011135857461024499,0.5,0.04167688660916813,0.45546210277379395,0.15693704325515626,0.3584604499643318,0.0014941371874125926,0.16277139882613878
2021-04-15 23:20:00,0.1799163179916318,0.43426294820717115,0.19642591213700666,0.1151580074986609,0.5433903495570009,0.00011135857461024499,0.5,0.04167688660916813,0.45546210277379395,0.15693704325515626,0.3584604499643318,0.0014941371874125926,0.05966624922673024
2021-04-15 23:30:00,0.1311018131101813,0.6494023904382469,0.1952345495160086,0.11908587752187128,0.558191883367578,0.00011135857461024499,0.5,0.04167688660916813,0.45546210277379395,0.15693704325515626,0.3584604499643318,0.0014941371874125926,0.030236733708526337
2021-04-15 23:40:00,0.11227336122733612,0.346613545816733,0.19225614296351434,0.12229958935904306,0.5793668450877492,0.00011135857461024499,0.5,0.04167688660916813,0.45546210277379395,0.15693704325515626,0.3584604499643318,0.0014941371874125926,0.015103278663789852
2021-04-15 23:50:00,0.10460251046025104,0.5219123505976095,0.1871928518242738,0.12658453847527218,0.5852953108845586,0.00011135857461024499,0.5,0.04167688660916813,0.45546210277379395,0.15693704325515626,0.3584604499643318,0.0014941371874125926,0.007264963712901912
2021-04-16 00:00:00,0.1297071129707113,0.24302788844621515,0.186150409530901,0.1181931797893232,0.5905694206331549,0.00011135857461024499,0.5,0.03307802655106018,0.4584505484085107,0.14645902629325996,0.41542325365683114,0.0688365705009455,0.02460129456674261
2021-04-16 00:10:00,0.15481171548117156,-0.03585657370517936,0.18510796723752776,0.10980182110337444,0.5958435303817513,0.00011135857461024499,0.5,0.03307802655106018,0.4584505484085107,0.14645902629325996,0.41542325365683114,0.0688365705009455,0.04193762542058331
2021-04-16 00:20:00,0.1297071129707113,-0.10756972111553798,0.1830230826507817,0.10337439742903043,0.5958435303817513,0.00011135857461024499,0.5,0.03307802655106018,0.4584505484085107,0.14645902629325996,0.41542325365683114,0.0688365705009455,0.025393424566591726
2021-04-16 00:30:00,0.10529986052998605,0.4820717131474104,0.1788533134772894,0.10301731833601147,0.600581068170813,0.00011135857461024499,0.5,0.03307802655106018,0.4584505484085107,0.14645902629325996,0.41542325365683114,0.0688365705009455,0.010335410474221826
2021-04-16 00:40:00,0.14435146443514643,0.03585657370517925,0.17676842889054334,0.10337439742903043,0.6122286058290037,0.00011135857461024499,0.5,0.03307802655106018,0.4584505484085107,0.14645902629325996,0.41542325365683114,0.0688365705009455,0.031172201517871964
2021-04-16 00:50:00,0.4281729428172943,-0.21115537848605592,0.16902457185405795,0.08909123370826633,0.6033293635733075,0.00011135857461024499,0.5,0.03307802655106018,0.4584505484085107,0.14645902629325996,0.41542325365683114,0.0688365705009455,0.3534710382183865
2021-04-16 01:00:00,0.49721059972105996,-0.38645418326693237,0.16068503350707353,0.07052312087127288,0.5985787386632815,0.00011135857461024499,0.5,-0.049932143139452934,0.45925512992554995,0.21319178848114345,0.473552141125121,0.1200639224510491,0.4615175701978062
2021-04-16 01:10:00,0.41631799163179917,-0.3784860557768924,0.1553239017125836,0.0673094090341011,0.5943777728337543,0.00011135857461024499,0.5,-0.049932143139452934,0.45925512992554995,0.21319178848114345,0.473552141125121,0.1200639224510491,0.30504549089427707
2021-04-16 01:20:00,0.39121338912133896,0.47410358565737054,0.148175725986597,0.05552579896447085,0.5964062765832144,0.00011135857461024499,0.5,-0.049932143139452934,0.45925512992554995,0.21319178848114345,0.473552141125121,0.1200639224510491,0.2793880229944023
2021-04-16 01:30:00,0.3926080892608089,-0.019920318725099695,0.1443037974683543,0.04695590073201217,0.6051353862663752,0.00011135857461024499,0.5,-0.049932143139452934,0.45925512992554995,0.21319178848114345,0.473552141125121,0.1200639224510491,0.29152647223018546
2021-04-16 01:40:00,0.394700139470014,0.20318725099601576,0.13864482501861475,0.04231387252276364,0.5986310871471384,0.00011135857461024499,0.5,-0.049932143139452934,0.45925512992554995,0.21319178848114345,0.473552141125121,0.1200639224510491,0.2895951838496009
2021-04-16 01:50:00,0.398884239888424,0.2828685258964143,0.13387937453462384,0.03302981610426703,0.5986180000261742,0.00011135857461024499,0.5,-0.049932143139452934,0.45925512992554995,0.21319178848114345,0.473552141125121,0.1200639224510491,0.288621995564072
2021-04-16 02:00:00,0.4211994421199442,0.33864541832669315,0.12673119880863726,0.02731655061596161,0.606588056693408,0.00011135857461024499,0.5,-0.053282927920972,0.47398184519277164,0.23040946885552918,0.5062417782109501,0.15376560998410235,0.326040707937897
2021-04-16 02:10:00,0.39121338912133896,-0.08366533864541836,0.10945644080416961,0.017318336011426627,0.6227768253261965,0.00011135857461024499,0.5,-0.053282927920972,0.47398184519277164,0.23040946885552918,0.5062417782109501,0.15376560998410235,0.30094904718077164
2021-04-16 02:20:00,0.4086471408647141,0.1394422310756971,0.09486224869694704,0.00910551687198713,0.6160631322715315,0.00011135857461024499,0.5,-0.053282927920972,0.47398184519277164,0.23040946885552918,0.5062417782109501,0.15376560998410235,0.33308689288893584
2021-04-16 02:30:00,0.45676429567642957,-0.20318725099601598,0.08473566641846597,0.0001785395465094819,0.6167698368036015,0.00011135857461024499,0.5,-0.053282927920972,0.47398184519277164,0.23040946885552918,0.5062417782109501,0.15376560998410235,0.3933415815441254
2021-04-16 02:40:00,0.46373779637377965,0.2111553784860556,0.07907669396872663,-0.008391358685948758,0.6122286058290037,0.00011135857461024499,0.5,-0.053282927920972,0.47398184519277164,0.23040946885552918,0.5062417782109501,0.15376560998410235,0.42025136925328543
2021-04-16 02:50:00,0.47489539748953974,-0.3466135458167332,0.0746090841399849,-0.01481878236029266,0.6122024315870751,0.00011135857461024499,0.5,-0.053282927920972,0.47398184519277164,0.23040946885552918,0.5062417782109501,0.15376560998410235,0.4514462030568674
2021-04-16 03:00:00,0.5083682008368201,-0.40239043824701204,0.07371556217423669,-0.00981967505802539,0.6122024315870751,0.00011135857461024499,0.5,-0.07397795294079201,0.47822313918973,0.2544870324315708,0.5167715562940675,0.17659976131732294,0.510750335712238
2021-04-16 03:10:00,0.4679218967921897,-0.19521912350597614,0.07133283693224102,-0.00981967505802539,0.6122024315870751,0.00011135857461024499,0.5,-0.07397795294079201,0.47822313918973,0.2544870324315708,0.5167715562940675,0.17659976131732294,0.423925343633538
2021-04-16 03:20:00,0.39400278940027894,0.4661354581673305,0.06746090841399854,-0.01410462417425462,0.6225150829069113,0.00011135857461024499,0.5,-0.07397795294079201,0.47822313918973,0.2544870324315708,0.5167715562940675,0.17659976131732294,0.29532869622946123
2021-04-16 03:30:00,0.43165969316596936,-0.15537848605577698,0.06388682055100503,-0.018746652383503037,0.6337045713313528,0.00011135857461024499,0.5,-0.07397795294079201,0.47822313918973,0.2544870324315708,0.5167715562940675,0.17659976131732294,0.35130588288546555
2021-04-16 03:40:00,0.36052998605299863,-0.17928286852589637,0.05554728220402061,-0.02053204784859841,0.634725366766565,0.00011135857461024499,0.5,-0.07397795294079201,0.47822313918973,0.2544870324315708,0.5167715562940675,0.17659976131732294,0.24445131795343783
2021-04-16 03:50:00,0.4295676429567643,-0.21115537848605592,0.03737900223380475,-0.034101053383324476,0.629974741856539,0.00011135857461024499,0.5,-0.07397795294079201,0.47822313918973,0.2544870324315708,0.5167715562940675,0.17659976131732294,0.36154322012161083
2021-04-16 04:00:00,0.4560669456066946,0.2828685258964143,0.03201787043931481,-0.04552758435993576,0.6234835298582664,0.00011135857461024499,0.5,-0.12063645699469328,0.4786915205728644,0.2842349627299632,0.5370485760414984,0.19023397489084698,0.4208775291579281
2021-04-16 04:10:00,0.4351464435146444,0.2111553784860556,0.028741623231570923,-0.05052669166220303,0.6277237570506864,0.00011135857461024499,0.5,-0.12063645699469328,0.4786915205728644,0.2842349627299632,0.5370485760414984,0.19023397489084698,0.37484346002383934
2021-04-16 04:20:00,0.4107391910739191,-0.47410358565737054,0.02576321667907644,-0.04552758435993576,0.6347515410084935,0.00011135857461024499,0.5,-0.12063645699469328,0.4786915205728644,0.2842349627299632,0.5370485760414984,0.19023397489084698,0.33046909184181544
2021-04-16 04:30:00,0.37447698744769875,-0.23505976095617542,0.02218912881608337,-0.04659882163899287,0.6236274881888733,0.00011135857461024499,0.5,-0.12063645699469328,0.4786915205728644,0.2842349627299632,0.5370485760414984,0.19023397489084698,0.28531013775517905
2021-04-16 04:40:00,0.36750348675034866,-0.298804780876494,0.016530156366343807,-0.04981253347616499,0.6234835298582664,0.00011135857461024499,0.5,-0.12063645699469328,0.4786915205728644,0.2842349627299632,0.5370485760414984,0.19023397489084698,0.2689545392821039
2021-04-16 04:50:00,0.3682008368200837,0.05976095617529875,0.009977661950856032,-0.05838243170862356,0.6234835298582664,0.00011135857461024499,0.5,-0.12063645699469328,0.4786915205728644,0.2842349627299632,0.5370485760414984,0.19023397489084698,0.2750803446142704
2021-04-16 05:00:00,0.4100418410041841,0.07569721115537842,0.008190618019359386,-0.06838064631315821,0.6234835298582664,0.00011135857461024499,0.5,-0.12271695601027677,0.48567126523317117,0.2923634944240464,0.5601410489221403,0.201197228510941,0.32697617574724264
2021-04-16 05:10:00,0.4476987447698745,-0.31474103585657376,0.013849590469098949,-0.06766648812712017,0.6234835298582664,0.00011135857461024499,0.5,-0.12271695601027677,0.48567126523317117,0.2923634944240464,0.5601410489221403,0.201197228510941,0.4038278739230804
2021-04-16 05:20:00,0.4302649930264993,-0.40239043824701204,0.018912881608339482,-0.06302445991787176,0.6204342306735942,0.00011135857461024499,0.5,-0.12271695601027677,0.48567126523317117,0.2923634944240464,0.5601410489221403,0.201197228510941,0.36628845602546883
2021-04-16 05:30:00,0.41841004184100417,-0.23505976095617542,0.015934475055845,-0.062310301731833606,0.6122286058290037,0.00011135857461024499,0.5,-0.12271695601027677,0.48567126523317117,0.2923634944240464,0.5601410489221403,0.201197228510941,0.3720596888815125
2021-04-16 05:40:00,0.47629009762900976,-0.3466135458167332,0.014445271779597979,-0.06302445991787176,0.6122286058290037,0.00011135857461024499,0.5,-0.12271695601027677,0.48567126523317117,0.2923634944240464,0.5601410489221403,0.201197228510941,0.4888347390497458
2021-04-16 05:50:00,0.5278940027894004,-0.3227091633466136,0.017125837676842837,-0.0590965898946616,0.6090615225556529,0.00011135857461024499,0.5,-0.12271695601027677,0.48567126523317117,0.2923634944240464,0.5601410489221403,0.201197228510941,0.561084539131222
2021-04-16 06:00:00,0.5209205020920502,0.07569721115537842,0.017125837676842837,-0.05623995715050878,0.6011961628561333,0.00011135857461024499,0.5,-0.14490213036188448,0.5033433235538372,0.2852185330725528,0.6031803711401352,0.21104536526530301,0.5699639392247687
2021-04-16 06:10:00,0.5606694560669455,-0.20318725099601598,0.017721518987341645,-0.05374040349937503,0.6112470717566844,0.00011135857461024499,0.5,-0.14490213036188448,0.5033433235538372,0.2852185330725528,0.6031803711401352,0.21104536526530301,0.6390225870211386
2021-04-16 06:20:00,0.5453277545327755,-0.1872509960159363,0.019210722263588886,-0.04909837529012662,0.6053055188389106,0.00011135857461024499,0.5,-0.14490213036188448,0.5033433235538372,0.2852185330725528,0.6031803711401352,0.21104536526530301,0.609080073026842
2021-04-16 06:30:00,0.5299860529986052,0.20318725099601576,0.016827997021593433,-0.050883770755222324,0.6056065226210886,0.00011135857461024499,0.5,-0.14490213036188448,0.5033433235538372,0.2852185330725528,0.6031803711401352,0.21104536526530301,0.6083407516936494
2021-04-16 06:40:00,0.5153417015341701,-0.21912350597609564,0.014147431124348353,-0.044099267987859125,0.6125165224902174,0.00011135857461024499,0.5,-0.14490213036188448,0.5033433235538372,0.2852185330725528,0.6031803711401352,0.21104536526530301,0.584486322555336
2021-04-16 06:50:00,0.5369595536959554,-0.20318725099601598,0.014445271779597979,-0.04052847705766838,0.6125165224902174,0.00011135857461024499,0.5,-0.14490213036188448,0.5033433235538372,0.2852185330725528,0.6031803711401352,0.21104536526530301,0.6402899950208972
2021-04-16 07:00:00,0.596234309623431,-0.3944223107569722,0.017721518987341645,-0.038386002499553595,0.6125165224902174,0.00011135857461024499,0.5,-0.14275142309294542,0.52319637248676,0.2770454896210883,0.6494945824141052,0.20973090532491026,0.7640810537592228
2021-04-16 07:10:00,0.5934449093444909,-0.49800796812749004,0.02218912881608337,-0.03302981610426714,0.6103571475311146,0.00011135857461024499,0.5,-0.14275142309294542,0.52319637248676,0.2770454896210883,0.6494945824141052,0.20973090532491026,0.7073570016747892
2021-04-16 07:20:00,0.5599721059972106,-0.2589641434262948,0.017125837676842837,-0.031244420639171433,0.6013662954286686,0.00011135857461024499,0.5,-0.14275142309294542,0.52319637248676,0.2770454896210883,0.6494945824141052,0.20973090532491026,0.6755812725379845
2021-04-16 07:30:00,0.6345885634588563,-0.09960159362549814,0.019210722263588886,-0.031244420639171433,0.6013662954286686,0.00022271714922048998,0.5,-0.14275142309294542,0.52319637248676,0.2770454896210883,0.6494945824141052,0.20973090532491026,0.8827270395461472
2021-04-16 07:40:00,0.7831241283124128,0.05976095617529875,0.02367833209233039,-0.03517229066238159,0.6013662954286686,0.030734966592427616,0.5,-0.14275142309294542,0.52319637248676,0.2770454896210883,0.6494945824141052,0.20973090532491026,0.8832570876774749
2021-04-16 07:50:00,0.8800557880055787,0.19521912350597592,0.03410275502606086,-0.034101053383324476,0.6013662954286686,0.07360801781737195,0.5,-0.14275142309294542,0.52319637248676,0.2770454896210883,0.6494945824141052,0.20973090532491026,0.8837871358088025
2021-04-16 08:00:00,0.7405857740585774,-0.29083665338645437,0.0352941176470587,-0.028387787895018723,0.6013662954286686,0.018819599109131405,0.5,-0.10763435541652511,0.5333082380526831,0.24493983113684933,0.7067570528210746,0.21348424911268646,0.88431718394013
2021-04-16 08:10:00,0.7489539748953975,-0.4183266932270917,0.02367833209233039,-0.019103731476522,0.6013662954286686,0.02249443207126949,0.5,-0.10763435541652511,0.5333082380526831,0.24493983113684933,0.7067570528210746,0.21348424911268646,0.8848472320714577
2021-04-16 08:20:00,0.7350069735006973,-0.2749003984063746,0.02576321667907644,-0.01553294054633092,0.6013662954286686,0.013474387527839644,0.5,-0.10763435541652511,0.5333082380526831,0.24493983113684933,0.7067570528210746,0.21348424911268646,0.8853772802027854
2021-04-16 08:30:00,0.7900976290097629,0.03585657370517925,0.030826507818317195,-0.010176754151044465,0.6012746855819189,0.04086859688195991,0.5,-0.10763435541652511,0.5333082380526831,0.24493983113684933,0.7067570528210746,0.21348424911268646,0.8859074037750652
2021-04-16 08:40:00,0.7705718270571827,0.20318725099601576,0.03469843633655967,-0.008391358685948758,0.6012746855819189,0.0334075723830735,0.5,-0.10763435541652511,0.5333082380526831,0.24493983113684933,0.7067570528210746,0.21348424911268646,0.8864373764654405
2021-04-16 08:50:00,0.798465829846583,0.3306772908366533,0.042144452717795655,-0.0026780931976432276,0.6017458219366321,0.04732739420935412,0.5,-0.10763435541652511,0.5333082380526831,0.24493983113684933,0.7067570528210746,0.21348424911268646,0.8869674245967681
2021-04-16 09:00:00,0.8158995815899581,-0.1872509960159363,0.04690990320178701,0.004106409569719638,0.6094803104265093,0.04810690423162584,0.5,-0.10526888760442443,0.5408138342044834,0.24301098831699525,0.7367956891219763,0.22257819819538646,0.8874975481690482
2021-04-16 09:10:00,0.7259414225941423,0.17131474103585642,0.051079672375279106,0.013747545081235657,0.6057504809516955,0.012583518930957683,0.5,-0.10526888760442443,0.5408138342044834,0.24301098831699525,0.7367956891219763,0.22257819819538646,0.8880275963003756
2021-04-16 09:20:00,0.705020920502092,0.20318725099601576,0.05733432613551748,0.026959471522942202,0.6154087762233187,0.01403118040089087,0.5,-0.10526888760442443,0.5408138342044834,0.24301098831699525,0.7367956891219763,0.22257819819538646,0.8885576444317034
2021-04-16 09:30:00,0.8947001394700139,0.09960159362549792,0.06805658972449735,0.03302981610426703,0.6323565978720342,0.08151447661469934,0.5,-0.10526888760442443,0.5408138342044834,0.24301098831699525,0.7367956891219763,0.22257819819538646,0.8890876171220785
2021-04-16 09:40:00,0.9372385634588564,-0.2270916334661356,0.07222635889798945,0.03445813247634355,0.6378531886770229,0.11369710467706015,0.5,-0.10526888760442443,0.5408138342044834,0.24301098831699525,0.7367956891219763,0.22257819819538646,0.8896177406943585
2021-04-16 09:50:00,0.9797768479776848,-0.40239043824701204,0.07371556217423669,0.03624352794143926,0.6410202719503737,0.10345211581291759,0.5,-0.10526888760442443,0.5408138342044834,0.24301098831699525,0.7367956891219763,0.22257819819538646,0.8901477888256862
2021-04-16 10:00:00,0.9260808926080892,-0.06772908366533881,0.07699180938198036,0.0433851098018212,0.6332857834604965,0.08942093541202673,0.5,0.1548054297495549,0.5418540431658002,0.12239008607762267,0.9070918366845728,0.2496050304567451,0.8906779123979662
2021-04-16 10:10:00,0.8992329149232915,0.03585657370517925,0.08771407297096023,0.04374218889484016,0.6311787569852507,0.10824053452115814,0.5,0.1548054297495549,0.5418540431658002,0.12239008607762267,0.9070918366845728,0.2496050304567451,0.8912079605292937
2021-04-16 10:20:00,0.8723849372384938,0.07569721115537842,0.09545793000744607,0.04909837529012684,0.6326968630171049,0.07505567928730512,0.5,0.1548054297495549,0.5418540431658002,0.12239008607762267,0.9070918366845728,0.2496050304567451,0.891737933219669
2021-04-16 10:30:00,0.9532775453277545,0.03585657370517925,0.10826507818317177,0.06373861810391013,0.636243472798419,0.1,0.5,0.1548054297495549,0.5418540431658002,0.12239008607762267,0.9070918366845728,0.2496050304567451,0.8922679813509967
2021-04-16 10:40:00,0.9567642956764296,-0.42629482071713154,0.10945644080416961,0.07123727905731125,0.6387038515396998,0.09387527839643653,0.5,0.1548054297495549,0.5418540431658002,0.12239008607762267,0.9070918366845728,0.2496050304567451,0.8927981049232765
2021-04-16 10:50:00,0.9497907949790795,0.20318725099601576,0.12137006701414732,0.07409391180146407,0.6345552341940297,0.10066815144766146,0.5,0.1548054297495549,0.5418540431658002,0.12239008607762267,0.9070918366845728,0.2496050304567451,0.8933281530546042
2021-04-16 11:00:00,0.9539748953974895,0.13147410358565725,0.12970960536113174,0.08123549366184624,0.6366099121854184,0.09465478841870824,0.5,0.15067698433372034,0.5448511093167665,0.11789490583861104,0.939583154544896,0.2737428616901831,0.8938581257449795
2021-04-16 11:10:00,0.9616457461645745,-0.3784860557768924,0.1320923306031272,0.09016247098732366,0.6406407454424101,0.09643652561247217,0.5,0.15067698433372034,0.5448511093167665,0.11789490583861104,0.939583154544896,0.2737428616901831,0.8943882493172594
2021-04-16 11:20:00,0.9232914923291493,0.346613545816733,0.14221891288160804,0.0958757364756293,0.6270824881234377,0.11737193763919822,0.5,0.15067698433372034,0.5448511093167665,0.11789490583861104,0.939583154544896,0.2737428616901831,0.894918297448587
2021-04-16 11:30:00,0.893305439330544,0.17928286852589648,0.14996276991809365,0.10337439742903043,0.6337438326942456,0.11247216035634744,0.5,0.15067698433372034,0.5448511093167665,0.11789490583861104,0.939583154544896,0.2737428616901831,0.840102901459028
2021-04-16 11:40:00,0.9086471408647141,-0.08366533864541836,0.15502606105733419,0.11123013747545074,0.6361518629516693,0.09153674832962139,0.5,0.15067698433372034,0.5448511093167665,0.11789490583861104,0.939583154544896,0.2737428616901831,0.7249724640523862
2021-04-16 11:50:00,0.8793584379358438,-0.02788844621513953,0.1624720774385704,0.11551508659168008,0.6345159728311369,0.06826280623608018,0.5,0.15067698433372034,0.5448511093167665,0.11789490583861104,0.939583154544896,0.2737428616901831,0.6098420266457444
2021-04-16 12:00:00,0.8089260808926081,0.05179282868525892,0.1708116157855546,0.12944117121942522,0.6389786810799493,0.04298440979955456,0.5,0.14792472074292018,0.5382075647903646,0.11390507988211866,0.8984867025658326,0.2832315322460035,0.4947115892391026
2021-04-16 12:10:00,0.8563458856345886,0.1394422310756971,0.18183172002978387,0.13872522763792183,0.6425383779822277,0.06425389755011135,0.5,0.14792472074292018,0.5382075647903646,0.11390507988211866,0.8984867025658326,0.2832315322460035,0.3795811518324607
2021-04-16 12:20:00,0.8640167364016736,-0.059760956175298974,0.1830230826507817,0.1537225495447243,0.6440303097721533,0.20066815144766148,0.5,0.14792472074292018,0.5382075647903646,0.11390507988211866,0.8984867025658326,0.2832315322460035,0.2644507144258189
2021-04-16 12:30:00,0.8751743375174338,-0.19521912350597614,0.1857036485480268,0.1537225495447243,0.6438994385625106,0.22383073496659245,0.5,0.14792472074292018,0.5382075647903646,0.11390507988211866,0.8984867025658326,0.2832315322460035,0.1844606726315313
2021-04-16 12:40:00,0.8654114365411437,-0.02788844621513953,0.18957557706626949,0.14515265131226562,0.6381934538220936,0.22728285077951002,0.5,0.14792472074292018,0.5382075647903646,0.11390507988211866,0.8984867025658326,0.2832315322460035,0.18464927501244777
2021-04-16 12:50:00,0.7594142259414226,-0.09960159362549814,0.1940431868950112,0.13408319942867353,0.6409286621036239,0.2022271714922049,0.5,0.14792472074292018,0.5382075647903646,0.11390507988211866,0.8984867025658326,0.2832315322460035,0.1716658871101589
2021-04-16 13:00:00,0.7398884239888424,0.6175298804780875,0.20327624720774362,0.12729869666131055,0.6381934538220936,0.8473273942093542,0.5,0.2829900577775568,0.5218285839077961,0.06864740182589511,0.8229196280200278,0.2859225681659918,0.027317168851939588
2021-04-16 13:10:00,0.695258019525802,-0.02788844621513953,0.24378257632166767,0.1555079450098198,0.6381934538220936,0.9996659242761693,0.5,0.2829900577775568,0.5218285839077961,0.06864740182589511,0.8229196280200278,0.2859225681659918,0.0
2021-04-16 13:20:00,0.7419804741980475,0.5298804780876492,0.25867460908413986,0.17371897875379383,0.6381934538220936,0.9996659242761693,0.5,0.2829900577775568,0.5218285839077961,0.06864740182589511,0.8229196280200278,0.2859225681659918,0.0
2021-04-16 13:30:00,0.689679218967922,-0.19521912350597614,0.26999255398361877,0.17764684877700399,0.6381934538220936,0.9996659242761693,0.5,0.2829900577775568,0.5218285839077961,0.06864740182589511,0.8229196280200278,0.2859225681659918,0.0
2021-04-16 13:40:00,0.6792189679218968,0.25099601593625476,0.27743857036485475,0.1837171933583288,0.6381934538220936,0.9996659242761693,0.5,0.2829900577775568,0.5218285839077961,0.06864740182589511,0.8229196280200278,0.2859225681659918,0.0
2021-04-16 13:50:00,0.5899581589958159,0.01195219123505975,0.28548026805658955,0.1887163006605963,0.6381934538220936,0.9996659242761693,0.5,0.2829900577775568,0.5218285839077961,0.06864740182589511,0.8229196280200278,0.2859225681659918,0.0
2021-04-16 14:00:00,0.5655509065550907,-0.09960159362549814,0.28875651526433344,0.1987145152651313,0.6381934538220936,0.9996659242761693,0.5,0.29608374693943706,0.504788696779088,0.06656967922494252,0.7594511472906152,0.28726742895895374,0.0
2021-04-16 14:10:00,0.5390516039051604,-0.5298804780876495,0.30096798212956055,0.20121406891626492,0.6381934538220936,0.9996659242761693,0.5,0.29608374693943706,0.504788696779088,0.06656967922494252,0.7594511472906152,0.28726742895895374,0.0
2021-04-16 14:20:00,0.5801952580195259,-0.2589641434262949,0.30096798212956055,0.2062131762185324,0.6381934538220936,0.9996659242761693,0.5,0.29608374693943706,0.504788696779088,0.06656967922494252,0.7594511472906152,0.28726742895895374,0.0
2021-04-16 14:30:00,0.5557880055788006,0.01195219123505975,0.30394638868205504,0.21371183717193376,0.6381934538220936,0.9996659242761693,0.5,0.29608374693943706,0.504788696779088,0.06656967922494252,0.7594511472906152,0.28726742895895374,0.0
2021-04-16 14:40:00,0.5111576011157601,0.2828685258964143,0.3116902457185404,0.21978218175325837,0.6381934538220936,0.9996659242761693,0.5,0.29608374693943706,0.504788696779088,0.06656967922494252,0.7594511472906152,0.28726742895895374,0.0
2021-04-16 14:50:00,0.5278940027894004,0.20318725099601576,0.31705137751303036,0.22620960542760238,0.6429964272159768,0.7173719376391983,0.5,0.29608374693943706,0.504788696779088,0.06656967922494252,0.7594511472906152,0.28726742895895374,0.15843354406506027
2021-04-16 15:00:00,0.43235704323570434,-0.08366533864541836,0.32777364110201024,0.24406356007855767,0.6355498553873133,0.00011135857461024499,0.5,0.30216648328026285,0.47798751174545245,0.06599432354619972,0.6994339056724623,0.2885802355615699,0.3650512244066569
2021-04-16 15:10:00,0.29428172942817293,0.05179282868525892,0.3102010424422932,0.24227816461346197,0.6383374121527005,0.00011135857461024499,0.5,0.30216648328026285,0.47798751174545245,0.06599432354619972,0.6994339056724623,0.2885802355615699,0.18736514929764475
2021-04-16 15:20:00,0.36959553695955366,0.14741035856573692,0.30186150409530876,0.23513658275308003,0.669170669144495,0.00011135857461024499,0.5,0.30216648328026285,0.47798751174545245,0.06599432354619972,0.6994339056724623,0.2885802355615699,0.23941186233535014
2021-04-16 15:30:00,0.31450488145048816,-0.4103585657370519,0.3036485480268054,0.23727905731119447,0.6471843059245396,0.19365256124721605,0.5,0.30216648328026285,0.47798751174545245,0.06599432354619972,0.6994339056724623,0.2885802355615699,0.12479442340480106
2021-04-16 15:40:00,0.41631799163179917,0.3306772908366533,0.30811615785554713,0.2544188537761116,0.6287707267278272,0.1403118040089087,0.5,0.30216648328026285,0.47798751174545245,0.06599432354619972,0.6994339056724623,0.2885802355615699,0.19755722196237005
2021-04-16 15:50:00,0.2705718270571827,-0.2270916334661356,0.30603127326880086,0.23799321549723285,0.608053814241405,0.00011135857461024499,0.5,0.30216648328026285,0.47798751174545245,0.06599432354619972,0.6994339056724623,0.2885802355615699,0.13038459797516486
2021-04-16 16:00:00,0.3263598326359832,0.14741035856573692,0.30394638868205504,0.225495447241564,0.6000968446951355,0.00011135857461024499,0.5,0.3405437153940851,0.46808541207504584,0.05416091723133826,0.6647388540186514,0.29088163784283944,0.2163872836730691
2021-04-16 16:10:00,0.405160390516039,-0.06772908366533881,0.3036485480268054,0.22013926084627755,0.6039182840166992,0.00011135857461024499,0.5,0.3405437153940851,0.46808541207504584,0.05416091723133826,0.6647388540186514,0.29088163784283944,0.3119709703215293
2021-04-16 16:20:00,0.3758716875871687,0.01195219123505975,0.302755026061057,0.22692376361364053,0.600829723469134,0.00011135857461024499,0.5,0.3405437153940851,0.46808541207504584,0.05416091723133826,0.6647388540186514,0.29088163784283944,0.26049006442657335
2021-04-16 16:30:00,0.25871687587168757,0.8326693227091633,0.3036485480268054,0.23299410819496535,0.6193349125125963,0.00011135857461024499,0.5,0.3405437153940851,0.46808541207504584,0.05416091723133826,0.6647388540186514,0.29088163784283944,0.15589118397030644
2021-04-16 16:40:00,0.2503486750348675,-0.38645418326693237,0.30811615785554713,0.23763613640421344,0.6686733585478531,0.00011135857461024499,0.5,0.3405437153940851,0.46808541207504584,0.05416091723133826,0.6647388540186514,0.29088163784283944,0.11647328635876698
2021-04-16 16:50:00,0.2635983263598326,-0.3067729083665339,0.31705137751303036,0.22835207998571683,0.6503121278349975,0.00011135857461024499,0.5,0.3405437153940851,0.46808541207504584,0.05416091723133826,0.6647388540186514,0.29088163784283944,0.13676690254537774
2021-04-16 17:00:00,0.24616457461645744,-0.17131474103585675,0.31764705882352917,0.23227995000892698,0.6229993063825888,0.00011135857461024499,0.5,0.3371969996894826,0.4528558333596751,0.05416649705277637,0.6322911219071503,0.29228301750141866,0.11565097997797126
2021-04-16 17:10:00,0.3075313807531381,0.03585657370517925,0.3146686522710349,0.22978039635779313,0.6171362761906009,0.00011135857461024499,0.5,0.3371969996894826,0.4528558333596751,0.05416649705277637,0.6322911219071503,0.29228301750141866,0.18436259939345476
2021-04-16 17:20:00,0.26778242677824265,0.38645418326693215,0.31198808637378983,0.22799500089269786,0.6295297797437541,0.00011135857461024499,0.5,0.3371969996894826,0.4528558333596751,0.05416649705277637,0.6322911219071503,0.29228301750141866,0.13789097273563983
2021-04-16 17:30:00,0.37099023709902373,-0.38645418326693237,0.3137751303052865,0.225495447241564,0.6475638324325033,0.00011135857461024499,0.5,0.3371969996894826,0.4528558333596751,0.05416649705277637,0.6322911219071503,0.29228301750141866,0.23116616624168265
2021-04-16 17:40:00,0.4100418410041841,0.2350597609561753,0.31228592702903946,0.22942331726477416,0.6313750637997148,0.00011135857461024499,0.5,0.3371969996894826,0.4528558333596751,0.05416649705277637,0.6322911219071503,0.29228301750141866,0.3175988653680764
2021-04-16 17:50:00,0.4476987447698745,0.19521912350597592,0.3099032017870438,0.2304945545438315,0.6255251207286909,0.00011135857461024499,0.5,0.3371969996894826,0.4528558333596751,0.05416649705277637,0.6322911219071503,0.29228301750141866,0.40867118306501504
2021-04-16 18:00:00,0.2768479776847978,-0.33067729083665354,0.3066269545792999,0.23442242456704165,0.6611744382353326,0.00011135857461024499,0.5,0.2499708327232495,0.4332585264089537,0.07453538158433196,0.6402895272137235,0.28703798207677983,0.1541107774944551
2021-04-16 18:10:00,0.3326359832635983,0.17928286852589648,0.30841399851079654,0.23585074093911795,0.6283912002198636,0.00011135857461024499,0.5,0.2499708327232495,0.4332585264089537,0.07453538158433196,0.6402895272137235,0.28703798207677983,0.2111818579597749
2021-04-16 18:20:00,0.25174337517433754,0.3306772908366533,0.30483991064780347,0.22156757721835385,0.6327361243799977,0.00011135857461024499,0.5,0.2499708327232495,0.4332585264089537,0.07453538158433196,0.6402895272137235,0.28703798207677983,0.1239947493097153
2021-04-16 18:30:00,0.22036262203626222,0.12350597609561742,0.3036485480268054,0.21656846991608636,0.6683985290076037,0.00011135857461024499,0.5,0.2499708327232495,0.4332585264089537,0.07453538158433196,0.6402895272137235,0.28703798207677983,0.0842599996982362
2021-04-16 18:40:00,0.16457461645746163,-0.3784860557768924,0.30603127326880086,0.2290662381717552,0.6357592493227414,0.00011135857461024499,0.5,0.2499708327232495,0.4332585264089537,0.07453538158433196,0.6402895272137235,0.28703798207677983,0.050190865609487455
2021-04-16 18:50:00,0.24476987447698745,0.06772908366533859,0.3036485480268054,0.22192465631137304,0.6461896847312559,0.00011135857461024499,0.5,0.2499708327232495,0.4332585264089537,0.07453538158433196,0.6402895272137235,0.28703798207677983,0.11815561959654179
2021-04-16 19:00:00,0.3814504881450488,0.13147410358565725,0.29798957557706607,0.20764149259060893,0.6401434348457683,0.00011135857461024499,0.5,0.24252011941740137,0.459416046228957,0.07578792468306297,0.6579597286185614,0.2839834941637847,0.2660651508064638
2021-04-16 19:10:00,0.38633193863319387,0.03585657370517925,0.29262844378257613,0.19907159435815025,0.6376961432254518,0.00011135857461024499,0.5,0.24252011941740137,0.459416046228957,0.07578792468306297,0.6579597286185614,0.2839834941637847,0.27337537909078563
2021-04-16 19:20:00,0.41562064156206413,-0.10756972111553798,0.2860759493670886,0.1922870915907875,0.6478255748517884,0.00011135857461024499,0.5,0.24252011941740137,0.459416046228957,0.07578792468306297,0.6579597286185614,0.2839834941637847,0.31746307165381654
2021-04-16 19:30:00,0.3807531380753138,-0.2828685258964144,0.28190618019359626,0.19835743617211232,0.6352357644841711,0.00011135857461024499,0.5,0.24252011941740137,0.459416046228957,0.07578792468306297,0.6579597286185614,0.2839834941637847,0.2732546735669991
2021-04-16 19:40:00,0.4093444909344491,-0.15537848605577698,0.2759493670886075,0.18835922156757734,0.6253549881561555,0.00011135857461024499,0.5,0.24252011941740137,0.459416046228957,0.07578792468306297,0.6579597286185614,0.2839834941637847,0.3180816874632225
2021-04-16 19:50:00,0.40794979079497906,0.21912350597609564,0.26909903201787033,0.18050348152115703,0.6291633403567549,0.00011135857461024499,0.5,0.24252011941740137,0.459416046228957,0.07578792468306297,0.6579597286185614,0.2839834941637847,0.3360592664121792
2021-04-16 20:00:00,0.42189679218967924,0.12350597609561742,0.26284437825763196,0.16586323870737374,0.6351965031212784,0.00011135857461024499,0.5,0.2367387282400275,0.452056998853473,0.08506209516968809,0.5906640285795348,0.276422894994608,0.3653228118351766
2021-04-16 20:10:00,0.4476987447698745,0.19521912350597592,0.25510052122114657,0.1587216568469918,0.647249741529361,0.00011135857461024499,0.5,0.2367387282400275,0.452056998853473,0.08506209516968809,0.5906640285795348,0.276422894994608,0.3900146355447591
2021-04-16 20:20:00,0.3319386331938633,-0.17131474103585675,0.24854802680565902,0.15443670773076223,0.6468571279004331,0.00011135857461024499,0.5,0.2367387282400275,0.452056998853473,0.08506209516968809,0.5906640285795348,0.276422894994608,0.2208911085293541
2021-04-16 20:30:00,0.3117154811715481,-0.3944223107569722,0.24259121370067005,0.15158007498660964,0.6482181884807162,0.00011135857461024499,0.5,0.2367387282400275,0.452056998853473,0.08506209516968809,0.5906640285795348,0.276422894994608,0.2070401496748495
2021-04-16 20:40:00,0.3284518828451883,0.29083665338645415,0.23603871928518227,0.1440814140332083,0.6352488516051353,0.00011135857461024499,0.5,0.2367387282400275,0.452056998853473,0.08506209516968809,0.5906640285795348,0.276422894994608,0.22404454033827725
2021-04-16 20:50:00,0.3354253835425383,0.22709163346613526,0.23127326880119137,0.13372612033565434,0.6352488516051353,0.00011135857461024499,0.5,0.2367387282400275,0.452056998853473,0.08506209516968809,0.5906640285795348,0.276422894994608,0.22901609909923504
2021-04-16 21:00:00,0.40097629009762903,-0.003984063745020028,0.22650781831720024,0.12872701303338685,0.6352488516051353,0.00011135857461024499,0.5,0.23727614657081864,0.4668727927886518,0.08962334556709185,0.5814736556558773,0.26481198284068463,0.34315826002987465
2021-04-16 21:10:00,0.4700139470013947,-0.15537848605577698,0.22233804914370792,0.12265666845206202,0.6352488516051353,0.00011135857461024499,0.5,0.23727614657081864,0.4668727927886518,0.08962334556709185,0.5814736556558773,0.26481198284068463,0.44549391191514404
2021-04-16 21:20:00,0.45536959553695955,0.027888446215139417,0.2178704393149664,0.12229958935904306,0.6352488516051353,0.00011135857461024499,0.5,0.23727614657081864,0.4668727927886518,0.08962334556709185,0.5814736556558773,0.26481198284068463,0.45580669010365593
2021-04-16 21:30:00,0.4170153417015342,0.3705179282868525,0.209530900967982,0.11765756114979453,0.6359293818952768,0.00011135857461024499,0.5,0.23727614657081864,0.4668727927886518,0.08962334556709185,0.5814736556558773,0.26481198284068463,0.4184181541107775
2021-04-16 21:40:00,0.4086471408647141,-0.2270916334661356,0.20327624720774362,0.1151580074986609,0.6462812945780059,0.00011135857461024499,0.5,0.23727614657081864,0.4668727927886518,0.08962334556709185,0.5814736556558773,0.26481198284068463,0.36495315116858035
2021-04-16 21:50:00,0.42677824267782427,0.09163346613545809,0.1973194341027551,0.11301553294054645,0.6368847417256678,0.00011135857461024499,0.5,0.23727614657081864,0.4668727927886518,0.08962334556709185,0.5814736556558773,0.26481198284068463,0.4260829548712223
2021-04-16 22:00:00,0.46234309623430964,0.17131474103585642,0.19493670886075942,0.10765934654525999,0.6368585674837393,0.00011135857461024499,0.5,0.12264931594481121,0.4798782783104933,0.13895556141436807,0.5966962112329041,0.2561384500452567,0.5268569790425035
2021-04-16 22:10:00,0.504881450488145,0.03585657370517925,0.19255398361876375,0.10444563470808776,0.6368585674837393,0.00011135857461024499,0.5,0.12264931594481121,0.4798782783104933,0.13895556141436807,0.5966962112329041,0.2561384500452567,0.5474674472290538
2021-04-16 22:20:00,0.5495118549511855,-0.4342629482071714,0.1871928518242738,0.10444563470808776,0.6251979427045844,0.00011135857461024499,0.5,0.12264931594481121,0.4798782783104933,0.13895556141436807,0.5966962112329041,0.2561384500452567,0.5978921797908777
2021-04-16 22:30:00,0.5083682008368201,-0.09960159362549814,0.18391660461653014,0.10444563470808776,0.6143225451832851,0.00011135857461024499,0.5,0.12264931594481121,0.4798782783104933,0.13895556141436807,0.5966962112329041,0.2561384500452567,0.5340389577078021
2021-04-16 22:40:00,0.5223152022315203,0.06772908366533859,0.18212956068503328,0.10444563470808776,0.6143225451832851,0.00011135857461024499,0.5,0.12264931594481121,0.4798782783104933,0.13895556141436807,0.5966962112329041,0.2561384500452567,0.5610166422740921
2021-04-16 22:50:00,0.4630404463040446,-0.2749003984063746,0.1782576321667908,0.10444563470808776,0.6143225451832851,0.00011135857461024499,0.5,0.12264931594481121,0.4798782783104933,0.13895556141436807,0.5966962112329041,0.2561384500452567,0.4270938636329345
2021-04-16 23:00:00,0.4916317991631799,0.10756972111553775,0.1752792256142961,0.1040885556150688,0.6158013898522463,0.00011135857461024499,0.5,0.04856573376963613,0.48403049363949446,0.16203256155525858,0.6300302230670328,0.2536611520755895,0.49592618857220455
2021-04-16 23:10:00,0.5571827057182706,0.027888446215139417,0.16962025316455676,0.10016068559185864,0.6255905563335121,0.00011135857461024499,0.5,0.04856573376963613,0.48403049363949446,0.16203256155525858,0.6300302230670328,0.2536611520755895,0.6633824705403082
2021-04-16 23:20:00,0.5411436541143654,0.003984063745019917,0.16574832464631406,0.09373326191751485,0.6255905563335121,0.00022271714922048998,0.5,0.04856573376963613,0.48403049363949446,0.16203256155525858,0.6300302230670328,0.2536611520755895,0.6378607963546932
2021-04-16 23:30:00,0.5397489539748954,0.05179282868525892,0.16008935219657472,0.09301910373147648,0.6255905563335121,0.00022271714922048998,0.5,0.04856573376963613,0.48403049363949446,0.16203256155525858,0.6300302230670328,0.2536611520755895,0.6052929372180395
2021-04-16 23:40:00,0.5376569037656904,0.07569721115537842,0.15681310498883105,0.09016247098732366,0.6255905563335121,0.00022271714922048998,0.5,0.04856573376963613,0.48403049363949446,0.16203256155525858,0.6300302230670328,0.2536611520755895,0.6030372527422787
2021-04-16 23:50:00,0.5460251046025105,0.06772908366533859,0.14996276991809365,0.09230494554543855,0.6255905563335121,0.00022271714922048998,0.5,0.04856573376963613,0.48403049363949446,0.16203256155525858,0.6300302230670328,0.2536611520755895,0.6252621573094739
2021-04-17 00:00:00,0.5613668061366807,0.043824701195219085,0.14400595681310469,0.0848062845920372,0.6255905563335121,0.00022271714922048998,0.5,0.04795500534816788,0.48160525506671065,0.1603484699939396,0.6771420237097733,0.2504153346355201,0.6693649380629781
2021-04-17 00:10:00,0.509065550906555,-0.2509960159362551,0.14043186895011162,0.08766291733619003,0.6255905563335121,0.00022271714922048998,0.5,0.04795500534816788,0.48160525506671065,0.1603484699939396,0.6771420237097733,0.2504153346355201,0.5483123858955595
2021-04-17 00:20:00,0.5704323570432357,0.14741035856573692,0.13417721518987324,0.08694875915015166,0.6255905563335121,0.00022271714922048998,0.5,0.04795500534816788,0.48160525506671065,0.1603484699939396,0.6771420237097733,0.2504153346355201,0.6902922582494682
2021-04-17 00:30:00,0.598326359832636,0.346613545816733,0.13268801191362622,0.07623638635957874,0.6255905563335121,0.00022271714922048998,0.5,0.04795500534816788,0.48160525506671065,0.1603484699939396,0.6771420237097733,0.2504153346355201,0.7684792612821945
2021-04-17 00:40:00,0.5564853556485356,0.05179282868525892,0.12702903946388688,0.07230851633636859,0.6255905563335121,0.00022271714922048998,0.5,0.04795500534816788,0.48160525506671065,0.1603484699939396,0.6771420237097733,0.2504153346355201,0.6662718590159482
2021-04-17 00:50:00,0.5104602510460251,-0.24302788844621515,0.12107222635889792,0.07623638635957874,0.6255905563335121,0.00022271714922048998,0.5,0.04795500534816788,0.48160525506671065,0.1603484699939396,0.6771420237097733,0.2504153346355201,0.5513602003711695
2021-04-17 01:00:00,0.49372384937238495,-0.2749003984063746,0.11600893521965738,0.07945009819675053,0.6251455942207275,0.00022271714922048998,0.5,-0.03339604825925235,0.48295005560233006,0.2034811237811102,0.683074685117958,0.24345234037994162,0.51194230275963
2021-04-17 01:10:00,0.48465829846582986,0.003984063745019917,0.11094564408041685,0.07623638635957874,0.6143225451832851,0.00022271714922048998,0.5,-0.03339604825925235,0.48295005560233006,0.2034811237811102,0.683074685117958,0.24345234037994162,0.49125639362071305
2021-04-17 01:20:00,0.5139470013947002,0.05179282868525892,0.10677587490692453,0.06838064631315843,0.6143225451832851,0.00022271714922048998,0.5,-0.03339604825925235,0.48295005560233006,0.2034811237811102,0.683074685117958,0.24345234037994162,0.5625631817976071
2021-04-17 01:30:00,0.5097629009762901,-0.15537848605577698,0.10111690245718519,0.05838243170862345,0.6143094580623208,0.00022271714922048998,0.5,-0.03339604825925235,0.48295005560233006,0.2034811237811102,0.683074685117958,0.24345234037994162,0.539847911040029
2021-04-17 01:40:00,0.499302649930265,-0.17928286852589637,0.09545793000744607,0.05266916622031781,0.6143094580623208,0.00022271714922048998,0.5,-0.03339604825925235,0.48295005560233006,0.2034811237811102,0.683074685117958,0.24345234037994162,0.5269927727567633
2021-04-17 01:50:00,0.496513249651325,-0.19521912350597614,0.09247952345495158,0.050883770755222324,0.6143094580623208,0.00022271714922048998,0.5,-0.03339604825925235,0.48295005560233006,0.2034811237811102,0.683074685117958,0.24345234037994162,0.526072393137891
2021-04-17 02:00:00,0.496513249651325,-0.2749003984063746,0.08801191362620986,0.0480271380110695,0.6143094580623208,0.00022271714922048998,0.5,-0.04590552470580078,0.47485539083984013,0.20857943199193157,0.6636908793950314,0.2375450400853008,0.5064200250463962
2021-04-17 02:10:00,0.45327754532775455,-0.05179282868525903,0.08354430379746813,0.04302803070880201,0.6086819960476895,0.00022271714922048998,0.5,-0.04590552470580078,0.47485539083984013,0.20857943199193157,0.6636908793950314,0.2375450400853008,0.4182672722060443
2021-04-17 02:20:00,0.4693165969316597,-0.2828685258964144,0.07877885331347723,0.034101053383324365,0.6135896664092867,0.00022271714922048998,0.5,-0.04590552470580078,0.47485539083984013,0.20857943199193157,0.6636908793950314,0.2375450400853008,0.4495752674381761
2021-04-17 02:30:00,0.4665271966527197,-0.06772908366533881,0.0746090841399849,0.031244420639171766,0.6077658975801913,0.00022271714922048998,0.5,-0.04590552470580078,0.47485539083984013,0.20857943199193157,0.6636908793950314,0.2375450400853008,0.4451317953437844
2021-04-17 02:40:00,0.4804741980474198,0.3227091633466135,0.07073715562174243,0.019460810569541076,0.6046642499116619,0.00022271714922048998,0.5,-0.04590552470580078,0.47485539083984013,0.20857943199193157,0.6636908793950314,0.2375450400853008,0.4941910466677732
2021-04-17 02:50:00,0.49790794979079495,-0.38645418326693237,0.06775874906924773,0.013747545081235657,0.6143225451832851,0.00022271714922048998,0.5,-0.04590552470580078,0.47485539083984013,0.20857943199193157,0.6636908793950314,0.2375450400853008,0.5270757578043666
2021-04-17 03:00:00,0.5376569037656904,-0.2509960159362551,0.06597170513775108,0.01410462417425462,0.6143225451832851,0.00022271714922048998,0.5,-0.046558978434892984,0.4788064607895825,0.20508684421404857,0.6342510702376654,0.22803904894063518,0.6021621376948263
2021-04-17 03:10:00,0.5237099023709902,-0.3466135458167332,0.06388682055100503,0.011605070523120764,0.6143225451832851,0.00022271714922048998,0.5,-0.046558978434892984,0.4788064607895825,0.20508684421404857,0.6342510702376654,0.22803904894063518,0.5715406551292304
2021-04-17 03:20:00,0.5209205020920502,-0.4103585657370519,0.0588235294117645,0.011605070523120764,0.6143225451832851,0.00022271714922048998,0.5,-0.046558978434892984,0.4788064607895825,0.20508684421404857,0.6342510702376654,0.22803904894063518,0.5792658086515684
2021-04-17 03:30:00,0.5334728033472803,-0.3227091633466136,0.05703648548026785,0.00910551687198713,0.6143225451832851,0.00022271714922048998,0.5,-0.046558978434892984,0.4788064607895825,0.20508684421404857,0.6342510702376654,0.22803904894063518,0.6070959759796007
2021-04-17 03:40:00,0.5390516039051604,-0.14741035856573714,0.055249441548771205,0.008034279592929794,0.6143225451832851,0.00022271714922048998,0.5,-0.046558978434892984,0.4788064607895825,0.20508684421404857,0.6342510702376654,0.22803904894063518,0.6421307542586417
2021-04-17 03:50:00,0.5690376569037657,-0.13147410358565736,0.05405807892777359,0.006605963220853273,0.6143225451832851,0.00022271714922048998,0.5,-0.046558978434892984,0.4788064607895825,0.20508684421404857,0.6342510702376654,0.22803904894063518,0.6911145646302639
2021-04-17 04:00:00,0.5460251046025105,-0.13147410358565736,0.05137751303052851,0.007320121406891644,0.6143225451832851,0.00033407572383073496,0.5,-0.12004203823398063,0.4649245561152519,0.22294189237361423,0.623253384992073,0.21676163335579743,0.6349412314981064
2021-04-17 04:10:00,0.5516039051603905,-0.1633466135458168,0.04929262844378246,0.00767720049991083,0.6143225451832851,0.00033407572383073496,0.5,-0.12004203823398063,0.4649245561152519,0.22294189237361423,0.623253384992073,0.21676163335579743,0.6606590521598745
2021-04-17 04:20:00,0.5557880055788006,-0.11553784860557781,0.04690990320178701,0.0030351722906625245,0.6143225451832851,0.00033407572383073496,0.5,-0.12004203823398063,0.4649245561152519,0.22294189237361423,0.623253384992073,0.21676163335579743,0.6922763552967093
2021-04-17 04:30:00,0.5627615062761506,-0.08366533864541836,0.04571854058078917,0.0008926977325478536,0.6143225451832851,0.00022271714922048998,0.5,-0.12004203823398063,0.4649245561152519,0.22294189237361423,0.623253384992073,0.21676163335579743,0.6740649093954162
2021-04-17 04:40:00,0.5718270571827057,-0.1633466135458168,0.04125093075204744,0.0008926977325478536,0.6143225451832851,0.00011135857461024499,0.5,-0.12004203823398063,0.4649245561152519,0.22294189237361423,0.623253384992073,0.21676163335579743,0.6842343497744315
2021-04-17 04:50:00,0.5523012552301255,-0.14741035856573714,0.0397617274758002,0.0008926977325478536,0.6143225451832851,0.00011135857461024499,0.5,-0.12004203823398063,0.4649245561152519,0.22294189237361423,0.623253384992073,0.21676163335579743,0.6600932450171251
2021-04-17 05:00:00,0.5341701534170153,-0.01195219123505975,0.03588979895755773,0.0005356186395288898,0.6143225451832851,0.00011135857461024499,0.5,-0.10878863913724901,0.46578373423522956,0.21461705241620854,0.6122094740809073,0.20808396638231227,0.6204792009294325
2021-04-17 05:10:00,0.5432357043235705,-0.21115537848605592,0.034996276991809294,-0.0012497768255668174,0.6143225451832851,0.00011135857461024499,0.5,-0.10878863913724901,0.46578373423522956,0.21461705241620854,0.6122094740809073,0.20808396638231227,0.6323158863557493
2021-04-17 05:20:00,0.5432357043235705,-0.24302788844621515,0.034996276991809294,0.0008926977325478536,0.6143225451832851,0.00011135857461024499,0.5,-0.10878863913724901,0.46578373423522956,0.21461705241620854,0.6122094740809073,0.20808396638231227,0.6254281274046803
2021-04-17 05:30:00,0.5418410041841004,0.09960159362549792,0.034400595681310264,-0.0005356186395285567,0.6072554998625852,0.00011135857461024499,0.5,-0.10878863913724901,0.46578373423522956,0.21461705241620854,0.6122094740809073,0.20808396638231227,0.6216862561672979
2021-04-17 05:40:00,0.5348675034867504,-0.33067729083665354,0.03201787043931481,-0.002321014104624264,0.6143225451832851,0.00011135857461024499,0.5,-0.10878863913724901,0.46578373423522956,0.21461705241620854,0.6122094740809073,0.20808396638231227,0.6064622719797215
2021-04-17 05:50:00,0.5327754532775453,-0.33067729083665354,0.03201787043931481,0.0008926977325478536,0.6114302914501839,0.00011135857461024499,0.5,-0.10878863913724901,0.46578373423522956,0.21461705241620854,0.6122094740809073,0.20808396638231227,0.627268886642425
2021-04-17 06:00:00,0.5230125523012552,0.12350597609561742,0.03201787043931481,-0.0048205677557580096,0.6030676211540223,0.00011135857461024499,0.5,-0.09067894549538191,0.4778610775070642,0.2123052309431027,0.5868143970999703,0.21046228221482122,0.5958024654103233
2021-04-17 06:10:00,0.5418410041841004,0.2828685258964143,0.029337304542069953,-0.010176754151044465,0.6030676211540223,0.00011135857461024499,0.5,-0.09067894549538191,0.4778610775070642,0.2123052309431027,0.5868143970999703,0.21046228221482122,0.6395054091162847
2021-04-17 06:20:00,0.5306834030683404,0.07569721115537842,0.026061057334326065,-0.015890019639349995,0.6030676211540223,0.00011135857461024499,0.5,-0.09067894549538191,0.4778610775070642,0.2123052309431027,0.5868143970999703,0.21046228221482122,0.6034144575041116
2021-04-17 06:30:00,0.5076708507670851,0.15537848605577675,0.02427401340282942,-0.01696125691840733,0.6030676211540223,0.00011135857461024499,0.5,-0.09067894549538191,0.4778610775070642,0.2123052309431027,0.5868143970999703,0.21046228221482122,0.5458454667531722
2021-04-17 06:40:00,0.496513249651325,0.2669322709163344,0.02308265078183136,-0.019460810569541076,0.6030676211540223,0.00011135857461024499,0.5,-0.09067894549538191,0.4778610775070642,0.2123052309431027,0.5868143970999703,0.21046228221482122,0.5241335606620698
2021-04-17 06:50:00,0.49372384937238495,0.2589641434262948,0.022486969471332774,-0.021603285127655747,0.6030676211540223,0.00011135857461024499,0.5,-0.09067894549538191,0.4778610775070642,0.2123052309431027,0.5868143970999703,0.21046228221482122,0.5064426573321061
2021-04-17 07:00:00,0.50697350069735,0.05976095617529875,0.02010424422933732,-0.027673629708980574,0.6030676211540223,0.00011135857461024499,0.5,-0.09475035712820568,0.48234374595913304,0.20486225640116482,0.5819712980450431,0.20759418410021896,0.5517524933234758
2021-04-17 07:10:00,0.50278940027894,0.22709163346613526,0.01801935964259105,-0.028387787895018723,0.6030676211540223,0.00011135857461024499,0.5,-0.09475035712820568,0.48234374595913304,0.20486225640116482,0.5819712980450431,0.20759418410021896,0.5283280776136519
2021-04-17 07:20:00,0.5202231520223152,0.17131474103585642,0.017125837676842837,-0.031244420639171433,0.6030676211540223,0.00011135857461024499,0.5,-0.09475035712820568,0.48234374595913304,0.20486225640116482,0.5819712980450431,0.20759418410021896,0.5786471928421625
2021-04-17 07:30:00,0.5181311018131102,0.15537848605577675,0.017125837676842837,-0.031244420639171433,0.6030676211540223,0.00011135857461024499,0.5,-0.09475035712820568,0.48234374595913304,0.20486225640116482,0.5819712980450431,0.20759418410021896,0.5587081491316747
2021-04-17 07:40:00,0.496513249651325,0.1872509960159361,0.017125837676842837,-0.031244420639171433,0.6030676211540223,0.00011135857461024499,0.5,-0.09475035712820568,0.48234374595913304,0.20486225640116482,0.5819712980450431,0.20759418410021896,0.5146430888543537
2021-04-17 07:50:00,0.4881450488145049,0.01195219123505975,0.017125837676842837,-0.031244420639171433,0.6030676211540223,0.00011135857461024499,0.5,-0.09475035712820568,0.48234374595913304,0.20486225640116482,0.5819712980450431,0.20759418410021896,0.48181873047965357
2021-04-17 08:00:00,0.49023709902370993,-0.12350597609561753,0.017125837676842837,-0.031244420639171433,0.6030676211540223,0.00011135857461024499,0.5,-0.10321487094188797,0.48864246983537646,0.2005122783336675,0.5663095037165585,0.20874228825012095,0.47796369781372117
2021-04-17 08:10:00,0.44002789400278935,-0.01195219123505975,0.017125837676842837,-0.031958578825209805,0.6030676211540223,0.00011135857461024499,0.5,-0.10321487094188797,0.48864246983537646,0.2005122783336675,0.5663095037165585,0.20874228825012095,0.3913273081159377
2021-04-17 08:20:00,0.4372384937238493,0.1872509960159361,0.017125837676842837,-0.03802892340653463,0.6030676211540223,0.00011135857461024499,0.5,-0.10321487094188797,0.48864246983537646,0.2005122783336675,0.5663095037165585,0.20874228825012095,0.36652232297780524
2021-04-17 08:30:00,0.4288702928870293,0.40239043824701204,0.017721518987341645,-0.04159971433672538,0.6032115794846291,0.00011135857461024499,0.5,-0.10321487094188797,0.48864246983537646,0.2005122783336675,0.5663095037165585,0.20874228825012095,0.36550387012085644
2021-04-17 08:40:00,0.4177126917712692,-0.1872509960159363,0.02218912881608337,-0.041956793429744677,0.6142963709413566,0.00011135857461024499,0.5,-0.10321487094188797,0.48864246983537646,0.2005122783336675,0.5663095037165585,0.20874228825012095,0.338073539840367
2021-04-17 08:50:00,0.3807531380753138,-0.06772908366533881,0.02576321667907644,-0.041242635243706416,0.6143094580623208,0.00011135857461024499,0.5,-0.10321487094188797,0.48864246983537646,0.2005122783336675,0.5663095037165585,0.20874228825012095,0.2855666369932254
2021-04-17 09:00:00,0.42747559274755925,0.027888446215139417,0.034996276991809294,-0.041242635243706416,0.6143094580623208,0.00011135857461024499,0.5,-0.10106309637408561,0.49336651274256,0.1995911005398858,0.5819239784413643,0.2228471406772604,0.3591970065030101
2021-04-17 09:10:00,0.4372384937238493,0.05976095617529875,0.04542069992553954,-0.038386002499553595,0.6164295716585309,0.00011135857461024499,0.5,-0.10106309637408561,0.49336651274256,0.1995911005398858,0.5819239784413643,0.2228471406772604,0.3805090755465697
2021-04-17 09:20:00,0.4755927475592748,0.13147410358565725,0.05405807892777359,-0.03302981610426714,0.6183272041983484,0.00011135857461024499,0.5,-0.10106309637408561,0.49336651274256,0.1995911005398858,0.5819239784413643,0.2228471406772604,0.45085776362840807
2021-04-17 09:30:00,0.41352859135285913,0.2669322709163344,0.06269545793000741,-0.029816104267095023,0.6196359162947743,0.00011135857461024499,0.5,-0.10106309637408561,0.49336651274256,0.1995911005398858,0.5819239784413643,0.2228471406772604,0.35574181088462065
2021-04-17 09:40:00,0.5,-0.043824701195219196,0.07252419955323886,-0.020174968755579448,0.626990878276688,0.00011135857461024499,0.5,-0.10106309637408561,0.49336651274256,0.1995911005398858,0.5819239784413643,0.2228471406772604,0.489868280097168
2021-04-17 09:50:00,0.4686192468619247,-0.06772908366533881,0.07997021593447484,-0.01267630780217821,0.6289277721793983,0.00011135857461024499,0.5,-0.10106309637408561,0.49336651274256,0.1995911005398858,0.5819239784413643,0.2228471406772604,0.432955625631818
2021-04-17 10:00:00,0.42189679218967924,-0.003984063745020028,0.0892032762472077,-0.0026780931976432276,0.6294905183808613,0.00011135857461024499,0.5,0.16376253534176732,0.4861022910458703,0.09703005126968202,0.6111539142170338,0.24827454314330752,0.36390452193068484
2021-04-17 10:10:00,0.4302649930264993,-0.019920318725099695,0.10141474311243459,0.005534725941795937,0.6273049691798301,0.00011135857461024499,0.5,0.16376253534176732,0.4861022910458703,0.09703005126968202,0.6111539142170338,0.24827454314330752,0.36325572974033227
2021-04-17 10:20:00,0.4428172942817294,0.01195219123505975,0.1127326880119135,0.0126763078021781,0.6315844577351428,0.00011135857461024499,0.5,0.16376253534176732,0.4861022910458703,0.09703005126968202,0.6111539142170338,0.24827454314330752,0.3812106764035789
2021-04-17 10:30:00,0.41562064156206413,-0.043824701195219196,0.12375279225614277,0.02088912694161782,0.6346730182827081,0.00011135857461024499,0.5,0.16376253534176732,0.4861022910458703,0.09703005126968202,0.6111539142170338,0.24827454314330752,0.33870724384024625
2021-04-17 10:40:00,0.4456066945606694,0.1394422310756971,0.13864482501861475,0.030887341546152358,0.6321079425737132,0.00011135857461024499,0.5,0.16376253534176732,0.4861022910458703,0.09703005126968202,0.6111539142170338,0.24827454314330752,0.4057214418274816
2021-04-17 10:50:00,0.4546722454672245,0.07569721115537842,0.15502606105733419,0.0448134261738975,0.6437423931109395,0.00011135857461024499,0.5,0.16376253534176732,0.4861022910458703,0.09703005126968202,0.6111539142170338,0.24827454314330752,0.4146159301115018
2021-04-17 11:00:00,0.4560669456066946,0.027888446215139417,0.1672375279225613,0.0576682735225853,0.6498933399641413,0.00011135857461024499,0.5,0.17966552187745877,0.4760047930070379,0.09845430069175837,0.5680404031056902,0.26794563117706394,0.41751286268237847
2021-04-17 11:10:00,0.44142259414225943,-0.05179282868525903,0.1782576321667908,0.07837886091769342,0.6469618248681472,0.00011135857461024499,0.5,0.17966552187745877,0.4760047930070379,0.09845430069175837,0.5680404031056902,0.26794563117706394,0.3753640025951688
2021-04-17 11:20:00,0.48117154811715485,0.1633466135458166,0.1860014892032762,0.08552044277807536,0.6520134535603513,0.00011135857461024499,0.5,0.17966552187745877,0.4760047930070379,0.09845430069175837,0.5680404031056902,0.26794563117706394,0.4362071306788177
2021-04-17 11:30:00,0.40585774058577406,-0.21115537848605592,0.18957557706626949,0.09016247098732366,0.6553637565272016,0.00011135857461024499,0.5,0.17966552187745877,0.4760047930070379,0.09845430069175837,0.5680404031056902,0.26794563117706394,0.322178131176728
2021-04-17 11:40:00,0.398186889818689,0.08366533864541825,0.19910647803425152,0.09837529012676294,0.6432058211514049,0.00011135857461024499,0.5,0.17966552187745877,0.4760047930070379,0.09845430069175837,0.5680404031056902,0.26794563117706394,0.29944022813343996
2021-04-17 11:50:00,0.3856345885634589,0.05976095617529875,0.21131794489947864,0.10444563470808776,0.6411773174019448,0.00011135857461024499,0.5,0.17966552187745877,0.4760047930070379,0.09845430069175837,0.5680404031056902,0.26794563117706394,0.2988744209906906
2021-04-17 12:00:00,0.3807531380753138,0.09960159362549792,0.22680565897244964,0.1183717193358329,0.6616586617110103,0.00011135857461024499,0.5,0.19701793362268227,0.47326059533285236,0.1021113663879419,0.5019773000874415,0.2902815734850965,0.25852105556980554
2021-04-17 12:10:00,0.36750348675034866,-0.23505976095617542,0.24080416976917318,0.1455097304052848,0.654526180785489,0.00011135857461024499,0.5,0.19701793362268227,0.47326059533285236,0.1021113663879419,0.5019773000874415,0.2902815734850965,0.25145223833305674
2021-04-17 12:20:00,0.3319386331938633,0.4422310756972112,0.25390915860014873,0.14943760042849497,0.6447631885461517,0.00011135857461024499,0.5,0.19701793362268227,0.47326059533285236,0.1021113663879419,0.5019773000874415,0.2902815734850965,0.21435037795917136
2021-04-17 12:30:00,0.3110181311018131,-0.14741035856573714,0.26612062546537585,0.1583645777539724,0.6620120139770452,0.00011135857461024499,0.5,0.19701793362268227,0.47326059533285236,0.1021113663879419,0.5019773000874415,0.2902815734850965,0.1612852120645171
2021-04-17 12:40:00,0.3054393305439331,-0.0916334661354582,0.2747580044676097,0.16693447598643107,0.6585308398005524,0.00011135857461024499,0.5,0.19701793362268227,0.47326059533285236,0.1021113663879419,0.5019773000874415,0.2902815734850965,0.17333313215746035
2021-04-17 12:50:00,0.24407252440725244,-0.15537848605577698,0.28548026805658955,0.18264595607927148,0.6916412558401277,0.00011135857461024499,0.5,0.19701793362268227,0.47326059533285236,0.1021113663879419,0.5019773000874415,0.2902815734850965,0.11006080540760746
2021-04-17 13:00:00,0.17852161785216178,0.33864541832669315,0.29292628443782553,0.19657204070701662,0.6746149114656267,0.00044543429844097997,0.5,0.3711770605455298,0.4489248779478565,0.04601881642603053,0.38738456223338275,0.31866149210325956,0.06110717141693197
2021-04-17 13:10:00,0.22873082287308227,-0.21115537848605592,0.2994787788533133,0.2047848598464561,0.6870476763816729,0.042650334075723835,0.5,0.3711770605455298,0.4489248779478565,0.04601881642603053,0.38738456223338275,0.31866149210325956,0.04569458484843913
2021-04-17 13:20:00,0.2105997210599721,0.20318725099601576,0.30394638868205504,0.2115693626138191,0.6785279606339402,0.01224944320712695,0.5,0.3711770605455298,0.4489248779478565,0.04601881642603053,0.38738456223338275,0.31866149210325956,0.06315162122606635
2021-04-17 13:30:00,0.1492329149232915,-0.06772908366533881,0.3075204765450483,0.2158543117300482,0.7280103649998036,0.00011135857461024499,0.5,0.3711770605455298,0.4489248779478565,0.04601881642603053,0.38738456223338275,0.31866149210325956,0.024344795328696232
2021-04-17 13:40:00,0.22245467224546722,-0.12350597609561753,0.31764705882352917,0.225495447241564,0.694337202758765,0.00011135857461024499,0.5,0.3711770605455298,0.4489248779478565,0.04601881642603053,0.38738456223338275,0.31866149210325956,0.08908822064969749
2021-04-17 13:50:00,0.07252440725244073,0.3227091633466135,0.3295606850335069,0.2272808427066595,0.7218332439046735,0.6051224944320713,0.5,0.3711770605455298,0.4489248779478565,0.04601881642603053,0.38738456223338275,0.31866149210325956,0.00452645714199496
2021-04-17 14:00:00,0.19107391910739194,0.0,0.35189873417721507,0.25798964470630237,0.7185091151797516,0.9995545657015591,0.5,0.3744342232048783,0.4279597824181712,0.03853183738320578,0.2572963719285785,0.35252818941534314,0.0
2021-04-17 14:10:00,0.16666666666666669,-0.3227091633466136,0.3730454206999252,0.2965541867523658,0.6373297038384526,0.23329621380846324,0.5,0.3744342232048783,0.4279597824181712,0.03853183738320578,0.2572963719285785,0.35252818941534314,0.007325316474795179
2021-04-17 14:20:00,0.09065550906555091,-0.27330677290836647,0.38644825018615014,0.3211926441706838,0.6408108780149454,0.9993318485523385,0.5,0.3744342232048783,0.4279597824181712,0.03853183738320578,0.2572963719285785,0.35252818941534314,0.0
2021-04-17 14:30:00,0.11785216178521618,-0.22390438247011957,0.39329858525688755,0.3347616497054098,0.6408108780149454,0.9993318485523385,0.5,0.3744342232048783,0.4279597824181712,0.03853183738320578,0.2572963719285785,0.35252818941534314,0.0
2021-04-17 14:40:00,0.1589958158995816,-0.17450199203187255,0.4034251675353684,0.33833244063560075,0.6408108780149454,0.9993318485523385,0.5,0.3744342232048783,0.4279597824181712,0.03853183738320578,0.2572963719285785,0.35252818941534314,0.0
2021-04-17 14:50:00,0.2099023709902371,-0.12509960159362554,0.41355174981384923,0.3390465988216391,0.6926751383963041,0.6030066815144767,0.5,0.3744342232048783,0.4279597824181712,0.03853183738320578,0.2572963719285785,0.35252818941534314,0.011414216093063959
2021-04-17 15:00:00,0.1324965132496513,-0.07569721115537853,0.42040208488458664,0.3440457061239066,0.7598382431848818,0.000556792873051225,0.5,0.36854693596840526,0.40654067303243807,0.03372177767531196,0.14818542120775932,0.4211506882418214,0.01803038761561326
2021-04-17 15:10:00,0.11645746164574616,-0.03984063745019939,0.42516753536857754,0.36368505623995717,0.7721924853751423,0.8737193763919822,0.5,0.36854693596840526,0.40654067303243807,0.03372177767531196,0.14818542120775932,0.4211506882418214,0.0
2021-04-17 15:20:00,0.10390516039051603,-0.003984063745020028,0.42516753536857754,0.3683270844492055,0.7721924853751423,0.9995545657015591,0.5,0.36854693596840526,0.40654067303243807,0.03372177767531196,0.14818542120775932,0.4211506882418214,0.0
2021-04-17 15:30:00,0.06555090655509065,0.2369569341680895,0.42546537602382717,0.3683270844492055,0.7721924853751423,0.9995545657015591,0.5,0.36854693596840526,0.40654067303243807,0.03372177767531196,0.14818542120775932,0.4211506882418214,0.0
2021-04-17 15:40:00,0.07112970711297072,0.4778979320811989,0.4275502606105732,0.36511337261203347,0.7721924853751423,0.9995545657015591,0.5,0.36854693596840526,0.40654067303243807,0.03372177767531196,0.14818542120775932,0.4211506882418214,0.0
2021-04-17 15:50:00,0.11785216178521618,0.7188389299943083,0.4305286671630677,0.3665416889841102,0.7721924853751423,0.9995545657015591,0.5,0.36854693596840526,0.40654067303243807,0.03372177767531196,0.14818542120775932,0.4211506882418214,0.0
2021-04-17 16:00:00,0.02370990237099024,0.653955606146841,0.43559195830230824,0.36511337261203347,0.7721924853751423,0.9995545657015591,0.5,0.4154415798958251,0.37970213242837136,0.015754752644613432,0.0860622185484964,0.49799039113484433,0.0
2021-04-17 16:10:00,0.05230125523012552,0.5890722822993739,0.441548771407297,0.3668987680771292,0.7721924853751423,0.9995545657015591,0.5,0.4154415798958251,0.37970213242837136,0.015754752644613432,0.0860622185484964,0.49799039113484433,0.0
2021-04-17 16:20:00,0.06415620641562064,0.5241889584519064,0.44810126582278453,0.36761292626316733,0.7721924853751423,0.9995545657015591,0.5,0.4154415798958251,0.37970213242837136,0.015754752644613432,0.0860622185484964,0.49799039113484433,0.0
2021-04-17 16:30:00,0.201534170153417,0.4593056346044393,0.4513775130305284,0.36511337261203347,0.7326562929421157,0.9955456570155903,0.5,0.4154415798958251,0.37970213242837136,0.015754752644613432,0.0860622185484964,0.49799039113484433,0.0
2021-04-17 16:40:00,0.100418410041841,0.394422310756972,0.4460163812360385,0.36761292626316733,0.680543377262436,0.9995545657015591,0.5,0.4154415798958251,0.37970213242837136,0.015754752644613432,0.0860622185484964,0.49799039113484433,0.0
2021-04-17 16:50:00,0.05230125523012552,0.32953898690950467,0.45227103499627686,0.36904124263524385,0.680543377262436,0.9995545657015591,0.5,0.4154415798958251,0.37970213242837136,0.015754752644613432,0.0860622185484964,0.49799039113484433,0.0
2021-04-17 17:00:00,0.08507670850767085,0.26465566306203736,0.4647803425167534,0.37546866630958764,0.680543377262436,0.9995545657015591,0.5,0.4117039993356064,0.35401012048608177,0.013007705099335402,0.05548771350224336,0.49581760880707815,0.0
2021-04-17 17:10:00,0.07252440725244073,0.19977233921457027,0.4707371556217421,0.3758257454026068,0.680543377262436,0.9995545657015591,0.5,0.4117039993356064,0.35401012048608177,0.013007705099335402,0.05548771350224336,0.49581760880707815,0.0
2021-04-17 17:20:00,0.12273361227336123,0.13488901536710296,0.47222635889798936,0.3758257454026068,0.680543377262436,0.9995545657015591,0.5,0.4117039993356064,0.35401012048608177,0.013007705099335402,0.05548771350224336,0.49581760880707815,0.0
2021-04-17 17:30:00,0.12343096234309624,0.07000569151963565,0.4737155621742366,0.37046955900732037,0.680543377262436,0.9995545657015591,0.5,0.4117039993356064,0.35401012048608177,0.013007705099335402,0.05548771350224336,0.49581760880707815,0.0
2021-04-17 17:40:00,0.0801952580195258,0.0051223676721683375,0.47580044676098265,0.3665416889841102,0.680543377262436,0.9995545657015591,0.5,0.4117039993356064,0.35401012048608177,0.013007705099335402,0.05548771350224336,0.49581760880707815,0.0
2021-04-17 17:50:00,0.14295676429567641,-0.059760956175298974,0.47580044676098265,0.36511337261203347,0.680543377262436,0.9995545657015591,0.5,0.4117039993356064,0.35401012048608177,0.013007705099335402,0.05548771350224336,0.49581760880707815,0.0
2021-04-17 18:00:00,0.13319386331938632,-0.17928286852589637,0.4766939687267311,0.36511337261203347,0.680543377262436,0.9995545657015591,0.5,0.33191226936755536,0.3294473961730662,0.032228287741753694,0.04407837844340233,0.3806629094272075,0.0
2021-04-17 18:10:00,0.07461645746164575,-0.298804780876494,0.47550260610573325,0.36225673986788065,0.680543377262436,0.9995545657015591,0.5,0.33191226936755536,0.3294473961730662,0.032228287741753694,0.04407837844340233,0.3806629094272075,0.0
2021-04-17 18:20:00,0.04951185495118549,-0.30146082337317404,0.4737155621742366,0.3586859489376897,0.680543377262436,0.9995545657015591,0.5,0.33191226936755536,0.3294473961730662,0.032228287741753694,0.04407837844340233,0.3806629094272075,0.0
2021-04-17 18:30:00,0.06345885634588563,-0.304116865869854,0.47580044676098265,0.35797179075165153,0.680543377262436,0.9995545657015591,0.5,0.33191226936755536,0.3294473961730662,0.032228287741753694,0.04407837844340233,0.3806629094272075,0.0
2021-04-17 18:40:00,0.029288702928870293,-0.3067729083665339,0.47580044676098265,0.35654347437957523,0.680543377262436,0.9995545657015591,0.5,0.33191226936755536,0.3294473961730662,0.032228287741753694,0.04407837844340233,0.3806629094272075,0.0
2021-04-17 18:50:00,0.0299860529986053,-0.30942895086321387,0.4775874906924793,0.3540439207284414,0.680543377262436,0.9995545657015591,0.5,0.33191226936755536,0.3294473961730662,0.032228287741753694,0.04407837844340233,0.3806629094272075,0.0
2021-04-17 19:00:00,0.07670850767085077,-0.3120849933598938,0.4802680565897244,0.3536868416354222,0.680543377262436,0.9995545657015591,0.5,0.34240024841381045,0.34324884269569333,0.018029924836000803,0.10422550939018595,0.33697949378021147,0.0
2021-04-17 19:10:00,0.09344490934449094,-0.31474103585657376,0.4775874906924793,0.3476164970540976,0.680543377262436,0.9995545657015591,0.5,0.34240024841381045,0.34324884269569333,0.018029924836000803,0.10422550939018595,0.33697949378021147,0.0
2021-04-17 19:20:00,0.05299860529986053,-0.3173970783532537,0.4692479523454949,0.3404749151937154,0.680543377262436,0.9995545657015591,0.5,0.34240024841381045,0.34324884269569333,0.018029924836000803,0.10422550939018595,0.33697949378021147,0.0
2021-04-17 19:30:00,0.07601115760111576,-0.32005312084993365,0.4620997766195085,0.3344045706123906,0.680543377262436,0.9995545657015591,0.5,0.34240024841381045,0.34324884269569333,0.018029924836000803,0.10422550939018595,0.33697949378021147,0.0
2021-04-17 19:40:00,0.07740585774058578,-0.3227091633466136,0.4543559195830229,0.3265488305659703,0.680543377262436,0.9995545657015591,0.5,0.34240024841381045,0.34324884269569333,0.018029924836000803,0.10422550939018595,0.33697949378021147,0.0
2021-04-17 19:50:00,0.08507670850767085,-0.32536520584329365,0.4475055845122857,0.318336011426531,0.680543377262436,0.9995545657015591,0.5,0.34240024841381045,0.34324884269569333,0.018029924836000803,0.10422550939018595,0.33697949378021147,0.0
2021-04-17 20:00:00,0.13458856345885634,-0.3280212483399735,0.43559195830230824,0.3086948759150152,0.680543377262436,0.9995545657015591,0.5,0.3639787967739556,0.34172875832957605,0.016160050583617618,0.1601444249055426,0.35304277565429204,0.0
2021-04-17 20:10:00,0.11157601115760113,-0.33067729083665354,0.4233804914370811,0.2965541867523658,0.680543377262436,0.9995545657015591,0.5,0.3639787967739556,0.34172875832957605,0.016160050583617618,0.1601444249055426,0.35304277565429204,0.0
2021-04-17 20:20:00,0.11018131101813111,-0.33333333333333337,0.4150409530900967,0.28548473486877346,0.680543377262436,0.9995545657015591,0.5,0.3639787967739556,0.34172875832957605,0.016160050583617618,0.1601444249055426,0.35304277565429204,0.0
2021-04-17 20:30:00,0.11715481171548117,-0.3359893758300134,0.4046165301563662,0.27441528298518114,0.680543377262436,0.9995545657015591,0.5,0.3639787967739556,0.34172875832957605,0.016160050583617618,0.1601444249055426,0.35304277565429204,0.0
2021-04-17 20:40:00,0.12831241283124128,-0.33864541832669337,0.3915115413253907,0.26441706838064616,0.680543377262436,0.9995545657015591,0.5,0.3639787967739556,0.34172875832957605,0.016160050583617618,0.1601444249055426,0.35304277565429204,0.0
2021-04-17 20:50:00,0.15202231520223153,-0.3413014608233733,0.3807892777364108,0.25549009105516873,0.680543377262436,0.9995545657015591,0.5,0.3639787967739556,0.34172875832957605,0.016160050583617618,0.1601444249055426,0.35304277565429204,0.0
2021-04-17 21:00:00,0.1799163179916318,-0.34395750332005326,0.3736411020104242,0.24620603463667212,0.6805172030205076,0.9995545657015591,0.5,0.35659322205186195,0.34319424609275073,0.016296629394727605,0.23962419058617737,0.337499549649546,0.0
2021-04-17 21:10:00,0.2196652719665272,-0.3466135458167332,0.3638123603871928,0.2397786109623281,0.6551674497127377,0.3562360801781737,0.5,0.35659322205186195,0.34319424609275073,0.016296629394727605,0.23962419058617737,0.337499549649546,0.03456704437436818
2021-04-17 21:20:00,0.2301255230125523,0.08366533864541825,0.364705882352941,0.24584895554365294,0.6555469762207011,0.00011135857461024499,0.5,0.35659322205186195,0.34319424609275073,0.016296629394727605,0.23962419058617737,0.337499549649546,0.09529701102946724
2021-04-17 21:30:00,0.14016736401673638,0.3545816733067728,0.3688756515264331,0.26370291019460823,0.6612529609611181,0.00011135857461024499,0.5,0.35659322205186195,0.34319424609275073,0.016296629394727605,0.23962419058617737,0.337499549649546,0.030463056565626086
2021-04-17 21:40:00,0.26638772663877264,-0.2509960159362551,0.36649292628443764,0.2894126048919836,0.6584261428328382,0.00011135857461024499,0.5,0.35659322205186195,0.34319424609275073,0.016296629394727605,0.23962419058617737,0.337499549649546,0.1261674487378729
2021-04-17 21:50:00,0.25871687587168757,-0.0916334661354582,0.372747580044676,0.2897696839850026,0.6555469762207011,0.00011135857461024499,0.5,0.35659322205186195,0.34319424609275073,0.016296629394727605,0.23962419058617737,0.337499549649546,0.11574905321604781
2021-04-17 22:00:00,0.24337517433751746,0.2749003984063745,0.3772151898734175,0.2958400285663274,0.6555469762207011,0.00011135857461024499,0.5,0.19384221920784417,0.3505303054248903,0.08466199660975122,0.3346208987248073,0.32006535232424754,0.10743546026525039
2021-04-17 22:10:00,0.2622036262203626,0.5059760956175297,0.3772151898734175,0.3022674522406714,0.664681786653754,0.00011135857461024499,0.5,0.19384221920784417,0.3505303054248903,0.08466199660975122,0.3346208987248073,0.32006535232424754,0.1128898411213543
2021-04-17 22:20:00,0.2496513249651325,0.2111553784860556,0.36589724497393883,0.29833958221746126,0.6694454986847443,0.00011135857461024499,0.5,0.19384221920784417,0.3505303054248903,0.08466199660975122,0.3346208987248073,0.32006535232424754,0.11666188873968344
2021-04-17 22:30:00,0.23430962343096234,0.17131474103585642,0.3221146686522709,0.24156400642742382,0.6694454986847443,0.00011135857461024499,0.5,0.19384221920784417,0.3505303054248903,0.08466199660975122,0.3346208987248073,0.32006535232424754,0.10642455150353818
2021-04-17 22:40:00,0.2510460251046025,-0.019920318725099695,0.30394638868205504,0.20728441349758975,0.6694454986847443,0.00011135857461024499,0.5,0.19384221920784417,0.3505303054248903,0.08466199660975122,0.3346208987248073,0.32006535232424754,0.1280006638803808
2021-04-17 22:50:00,0.2824267782426778,0.027888446215139417,0.2962025316455694,0.18657382610248163,0.6694454986847443,0.00011135857461024499,0.5,0.19384221920784417,0.3505303054248903,0.08466199660975122,0.3346208987248073,0.32006535232424754,0.14725319492433273
2021-04-17 23:00:00,0.299860529986053,-0.3784860557768924,0.2902457185405807,0.17586145331190872,0.6694454986847443,0.00011135857461024499,0.5,0.10585063219113433,0.34148451036904487,0.12175931262686959,0.4101297956531737,0.30466499276507303,0.17689394510916306
2021-04-17 23:10:00,0.28172942817294283,-0.17928286852589637,0.2836932241250929,0.1697911087305839,0.6694454986847443,0.00011135857461024499,0.5,0.10585063219113433,0.34148451036904487,0.12175931262686959,0.4101297956531737,0.30466499276507303,0.17017215625330054
2021-04-17 23:20:00,0.3584379358437936,-0.33067729083665354,0.2762472077438567,0.1647920014283164,0.6694454986847443,0.00011135857461024499,0.5,0.10585063219113433,0.34148451036904487,0.12175931262686959,0.4101297956531737,0.30466499276507303,0.26641217918735005
2021-04-17 23:30:00,0.3814504881450488,-0.0916334661354582,0.2679076693968725,0.16157828959114462,0.6615539647432961,0.00011135857461024499,0.5,0.10585063219113433,0.34148451036904487,0.12175931262686959,0.4101297956531737,0.30466499276507303,0.29443094889629884
2021-04-17 23:40:00,0.3716875871687587,0.2669322709163344,0.2607594936708859,0.1519371540796286,0.658164400413553,0.00011135857461024499,0.5,0.10585063219113433,0.34148451036904487,0.12175931262686959,0.4101297956531737,0.30466499276507303,0.27957662537531874
2021-04-17 23:50:00,0.3186889818688982,-0.05179282868525903,0.2521221146686521,0.142653097661132,0.658164400413553,0.00011135857461024499,0.5,0.10585063219113433,0.34148451036904487,0.12175931262686959,0.4101297956531737,0.30466499276507303,0.18593177120267967
2021-04-18 00:00:00,0.2496513249651325,-0.059760956175298974,0.24616530156366334,0.13943938582395998,0.658164400413553,0.00011135857461024499,0.5,0.09809864042801353,0.32920602171795565,0.12378326603941865,0.42409447610245166,0.2856203419106356,0.1091328816934985
2021-04-18 00:10:00,0.24267782426778242,-0.2589641434262948,0.24318689501116886,0.13336904124263538,0.6559265027286648,0.00011135857461024499,0.5,0.09809864042801353,0.32920602171795565,0.12378326603941865,0.42409447610245166,0.2856203419106356,0.10235828417097938
2021-04-18 00:20:00,0.2099023709902371,-0.298804780876494,0.23365599404318682,0.12944117121942522,0.6442789650704741,0.00011135857461024499,0.5,0.09809864042801353,0.32920602171795565,0.12378326603941865,0.42409447610245166,0.2856203419106356,0.08342260512696713
2021-04-18 00:30:00,0.1882845188284519,-0.47410358565737054,0.2256142963514518,0.12301374754508143,0.6323827721139627,0.00011135857461024499,0.5,0.09809864042801353,0.32920602171795565,0.12378326603941865,0.42409447610245166,0.2856203419106356,0.06830423827270396
2021-04-18 00:40:00,0.21478382147838215,-0.02788844621513953,0.21965748324646306,0.11551508659168008,0.6278938896232218,0.00011135857461024499,0.5,0.09809864042801353,0.32920602171795565,0.12378326603941865,0.42409447610245166,0.2856203419106356,0.08985017426859997
2021-04-18 00:50:00,0.22175732217573224,-0.4183266932270917,0.2178704393149664,0.10837350473129792,0.6221486435199121,0.00011135857461024499,0.5,0.09809864042801353,0.32920602171795565,0.12378326603941865,0.42409447610245166,0.2856203419106356,0.0910723176969386
2021-04-18 01:00:00,0.20781032078103207,-0.553784860557769,0.21667907669396835,0.10444563470808776,0.6139953671591786,0.00011135857461024499,0.5,0.025016618176833427,0.32532391589824244,0.1595951940997954,0.4048037364858048,0.2468364449367492,0.0820722120796053
2021-04-18 01:10:00,0.2189679218967922,-0.3545816733067729,0.21578555472822036,0.10301731833601147,0.6103833217730431,0.00011135857461024499,0.5,0.025016618176833427,0.32532391589824244,0.1595951940997954,0.4048037364858048,0.2468364449367492,0.0908384507446022
2021-04-18 01:20:00,0.23709902370990238,0.043824701195219085,0.2139985107967235,0.1008748437778968,0.6070068445642643,0.00011135857461024499,0.5,0.025016618176833427,0.32532391589824244,0.1595951940997954,0.4048037364858048,0.2468364449367492,0.10882357378879551
2021-04-18 01:30:00,0.23082287308228733,-0.47410358565737054,0.21608339538346977,0.09873236921978235,0.6108021096438995,0.00011135857461024499,0.5,0.025016618176833427,0.32532391589824244,0.1595951940997954,0.4048037364858048,0.2468364449367492,0.09937836655249935
2021-04-18 01:40:00,0.23500697350069735,-0.10756972111553798,0.21578555472822036,0.09480449919657197,0.6002931515095995,0.00011135857461024499,0.5,0.025016618176833427,0.32532391589824244,0.1595951940997954,0.4048037364858048,0.2468364449367492,0.09982346817146219
2021-04-18 01:50:00,0.22873082287308227,-0.1633466135458168,0.21548771407297096,0.09337618282449567,0.6002931515095995,0.00011135857461024499,0.5,0.025016618176833427,0.32532391589824244,0.1595951940997954,0.4048037364858048,0.2468364449367492,0.09581000950556
2021-04-18 02:00:00,0.24198047419804744,0.05179282868525892,0.2137006701414743,0.09266202463845752,0.6002931515095995,0.00011135857461024499,0.5,0.030948698612478065,0.32468887120086803,0.14383930012806959,0.3806651875518088,0.20400223553386,0.10754107759856361
2021-04-18 02:10:00,0.23849372384937237,0.49800796812749004,0.2142963514519729,0.09016247098732366,0.6002931515095995,0.00011135857461024499,0.5,0.030948698612478065,0.32468887120086803,0.14383930012806959,0.3806651875518088,0.20400223553386,0.10449326312295366
2021-04-18 02:20:00,0.22315202231520226,0.3227091633466135,0.2163812360387194,0.09016247098732366,0.6002931515095995,0.00011135857461024499,0.5,0.030948698612478065,0.32468887120086803,0.14383930012806959,0.3806651875518088,0.20400223553386,0.09793744436229762
2021-04-18 02:30:00,0.1903765690376569,0.4422310756972112,0.2137006701414743,0.09016247098732366,0.6002931515095995,0.00011135857461024499,0.5,0.030948698612478065,0.32468887120086803,0.14383930012806959,0.3806651875518088,0.20400223553386,0.07038640855802164
2021-04-18 02:40:00,0.18131101813110181,0.4183266932270917,0.21489203276247193,0.09337618282449567,0.6002931515095995,0.00011135857461024499,0.5,0.030948698612478065,0.32468887120086803,0.14383930012806959,0.3806651875518088,0.20400223553386,0.060971377702672115
2021-04-18 02:50:00,0.16387726638772665,-0.21912350597609564,0.21072226358897983,0.09337618282449567,0.6002931515095995,0.00011135857461024499,0.5,0.030948698612478065,0.32468887120086803,0.14383930012806959,0.3806651875518088,0.20400223553386,0.05031157113327399
2021-04-18 03:00:00,0.1680613668061367,-0.49800796812749004,0.2098287416232314,0.09337618282449567,0.5874677729646255,0.00011135857461024499,0.5,0.03278488624762055,0.3299416391049616,0.1267461512230525,0.3991981083263537,0.1504942572283492,0.05546418817991158
2021-04-18 03:10:00,0.21548117154811713,-0.10756972111553798,0.20923306031273237,0.09337618282449567,0.5696562013322689,0.00011135857461024499,0.5,0.03278488624762055,0.3299416391049616,0.1267461512230525,0.3991981083263537,0.1504942572283492,0.08060111350845693
2021-04-18 03:20:00,0.2294281729428173,-0.24302788844621515,0.209530900967982,0.09051955008034285,0.5673790422844878,0.00011135857461024499,0.5,0.03278488624762055,0.3299416391049616,0.1267461512230525,0.3991981083263537,0.1504942572283492,0.08813766464987854
2021-04-18 03:30:00,0.23709902370990238,-0.043824701195219196,0.20476545048399108,0.08623460096411373,0.5563465993116175,0.00011135857461024499,0.5,0.03278488624762055,0.3299416391049616,0.1267461512230525,0.3991981083263537,0.1504942572283492,0.10111350845693076
2021-04-18 03:40:00,0.2210599721059972,0.3705179282868525,0.20476545048399108,0.0830208891269415,0.5535197811833376,0.00011135857461024499,0.5,0.03278488624762055,0.3299416391049616,0.1267461512230525,0.3991981083263537,0.1504942572283492,0.08584425969793444
2021-04-18 03:50:00,0.24616457461645744,0.21912350597609564,0.20476545048399108,0.08087841456882705,0.5535197811833376,0.00011135857461024499,0.5,0.03278488624762055,0.3299416391049616,0.1267461512230525,0.3991981083263537,0.1504942572283492,0.10831057531270274
2021-04-18 04:00:00,0.2510460251046025,0.6414342629482073,0.20476545048399108,0.07945009819675053,0.5535197811833376,0.00011135857461024499,0.5,-0.02936232561754082,0.31588445060013315,0.1659282914320447,0.4321356173216327,0.1223955769234239,0.1099099235028743
2021-04-18 04:10:00,0.25174337517433754,0.01195219123505975,0.20476545048399108,0.07552222817354037,0.5666199892685608,0.00011135857461024499,0.5,-0.02936232561754082,0.31588445060013315,0.1659282914320447,0.4321356173216327,0.1223955769234239,0.10989483531240098
2021-04-18 04:20:00,0.21617852161785217,-0.11553784860557781,0.20506329113924027,0.07623638635957874,0.5673790422844878,0.00011135857461024499,0.5,-0.02936232561754082,0.31588445060013315,0.1659282914320447,0.4321356173216327,0.1223955769234239,0.08088024503221329
2021-04-18 04:30:00,0.18410041841004185,-0.2749003984063746,0.20714817572598654,0.07945009819675053,0.5673790422844878,0.00011135857461024499,0.5,-0.02936232561754082,0.31588445060013315,0.1659282914320447,0.4321356173216327,0.1223955769234239,0.0564373764654405
2021-04-18 04:40:00,0.15341701534170155,-0.17131474103585675,0.20476545048399108,0.08230673094090357,0.5673790422844878,0.00011135857461024499,0.5,-0.02936232561754082,0.31588445060013315,0.1659282914320447,0.4321356173216327,0.1223955769234239,0.040609864658931454
2021-04-18 04:50:00,0.1792189679218968,-0.059760956175298974,0.20476545048399108,0.0830208891269415,0.5673790422844878,0.00011135857461024499,0.5,-0.02936232561754082,0.31588445060013315,0.1659282914320447,0.4321356173216327,0.1223955769234239,0.054506088084855984
2021-04-18 05:00:00,0.17294281729428174,-0.043824701195219196,0.20476545048399108,0.08373504731297987,0.5673790422844878,0.00011135857461024499,0.5,-0.04173025155233623,0.317780964176007,0.17666272655184662,0.4412459790697921,0.1132158532326176,0.049753308085761276
2021-04-18 05:10:00,0.17154811715481172,-0.21912350597609564,0.2062546537602381,0.08766291733619003,0.5673790422844878,0.00011135857461024499,0.5,-0.04173025155233623,0.317780964176007,0.17666272655184662,0.4412459790697921,0.1132158532326176,0.05028139475232736
2021-04-18 05:20:00,0.1631799163179916,-0.2589641434262948,0.2062546537602381,0.09016247098732366,0.5673790422844878,0.00011135857461024499,0.5,-0.04173025155233623,0.317780964176007,0.17666272655184662,0.4412459790697921,0.1132158532326176,0.04686391961012116
2021-04-18 05:30:00,0.15690376569037656,-0.07569721115537853,0.20476545048399108,0.09016247098732366,0.5673790422844878,0.00011135857461024499,0.5,-0.04173025155233623,0.317780964176007,0.17666272655184662,0.4412459790697921,0.1132158532326176,0.0434766208488616
2021-04-18 05:40:00,0.12761506276150628,0.40239043824701204,0.20476545048399108,0.09230494554543855,0.5794715420554631,0.00011135857461024499,0.5,-0.04173025155233623,0.317780964176007,0.17666272655184662,0.4412459790697921,0.1132158532326176,0.027596300375695944
2021-04-18 05:50:00,0.11018131101813111,0.31474103585657365,0.20476545048399108,0.0973040528477056,0.5838949889413827,0.00011135857461024499,0.5,-0.04173025155233623,0.317780964176007,0.17666272655184662,0.4412459790697921,0.1132158532326176,0.015322057425652942
2021-04-18 06:00:00,0.11087866108786612,0.3067729083665336,0.20476545048399108,0.10765934654525999,0.5838949889413827,0.00011135857461024499,0.5,-0.022553892755809102,0.3477544991911066,0.1843780978312629,0.45099733430301553,0.12209224807238746,0.016031202377898818
2021-04-18 06:10:00,0.09762900976290097,0.40239043824701204,0.20178704393149638,0.11051597928941259,0.5977149886796403,0.00011135857461024499,0.5,-0.022553892755809102,0.3477544991911066,0.1843780978312629,0.45099733430301553,0.12209224807238746,0.01393394390210782
2021-04-18 06:20:00,0.1094839609483961,0.4820717131474104,0.19999999999999996,0.11123013747545074,0.6002669772676709,0.00011135857461024499,0.5,-0.022553892755809102,0.3477544991911066,0.1843780978312629,0.45099733430301553,0.12209224807238746,0.01785687342517012
2021-04-18 06:30:00,0.10320781032078104,0.5139442231075697,0.1952345495160086,0.11123013747545074,0.6002669772676709,0.00011135857461024499,0.5,-0.022553892755809102,0.3477544991911066,0.1843780978312629,0.45099733430301553,0.12209224807238746,0.014861867616216787
2021-04-18 06:40:00,0.0794979079497908,0.585657370517928,0.1943410275502604,0.11265845384752704,0.6118883406839328,0.00011135857461024499,0.5,-0.022553892755809102,0.3477544991911066,0.1843780978312629,0.45099733430301553,0.12209224807238746,0.0012749520949952471
2021-04-18 06:50:00,0.056485355648535567,0.08366533864541825,0.1943410275502604,0.11337261203356541,0.6167698368036015,0.016146993318485525,0.5,-0.022553892755809102,0.3477544991911066,0.1843780978312629,0.45099733430301553,0.12209224807238746,0.0
2021-04-18 07:00:00,0.0815899581589958,0.22709163346613526,0.19672375279225607,0.09980360649883946,0.6167698368036015,0.7947661469933186,0.5,-0.038318430617068966,0.365070242839944,0.19270788353948873,0.41828376619102325,0.13472816684875524,0.0
2021-04-18 07:10:00,0.10739191073919108,-0.7768924302788845,0.2062546537602381,0.12515622210319588,0.6167698368036015,0.9993318485523385,0.5,-0.038318430617068966,0.365070242839944,0.19270788353948873,0.41828376619102325,0.13472816684875524,0.0
2021-04-18 07:20:00,0.1206415620641562,-0.5298804780876495,0.21131794489947864,0.14193893947509362,0.6167698368036015,0.9993318485523385,0.5,-0.038318430617068966,0.365070242839944,0.19270788353948873,0.41828376619102325,0.13472816684875524,0.0
2021-04-18 07:30:00,0.12412831241283125,-0.35258964143426297,0.2163812360387194,0.1412247812890557,0.6167698368036015,0.9993318485523385,0.5,-0.038318430617068966,0.365070242839944,0.19270788353948873,0.41828376619102325,0.13472816684875524,0.0
2021-04-18 07:40:00,0.16248256624825663,-0.17529880478087656,0.21667907669396835,0.13943938582395998,0.6167698368036015,0.9993318485523385,0.5,-0.038318430617068966,0.365070242839944,0.19270788353948873,0.41828376619102325,0.13472816684875524,0.0
2021-04-18 07:50:00,0.19525801952580193,0.0019920318725097363,0.21935964259121343,0.13336904124263538,0.595477090994752,0.748106904231626,0.5,-0.038318430617068966,0.365070242839944,0.19270788353948873,0.41828376619102325,0.13472816684875524,0.0
2021-04-18 08:00:00,0.18131101813110181,0.17928286852589648,0.22650781831720024,0.13836814854490287,0.5748256141131513,0.23864142538975502,0.5,-0.01933745421871569,0.3786964055320733,0.1777439437696031,0.37568238084773214,0.1415100394792025,0.0
2021-04-18 08:10:00,0.22594142259414227,-0.47410358565737054,0.23842144452717773,0.15229423317264779,0.5748517883550798,0.015924276169265034,0.5,-0.01933745421871569,0.3786964055320733,0.1777439437696031,0.37568238084773214,0.1415100394792025,0.0845466753172292
2021-04-18 08:20:00,0.23849372384937237,-0.49800796812749004,0.2497393894266564,0.17336189966077487,0.5748517883550798,0.00011135857461024499,0.5,-0.01933745421871569,0.3786964055320733,0.1777439437696031,0.37568238084773214,0.1415100394792025,0.09620984655310288
2021-04-18 08:30:00,0.24407252440725244,-0.3545816733067729,0.2595681310498881,0.19442956614890217,0.5683213149939145,0.00011135857461024499,0.5,-0.01933745421871569,0.3786964055320733,0.1777439437696031,0.37568238084773214,0.1415100394792025,0.10478748283718334
2021-04-18 08:40:00,0.23500697350069735,0.43426294820717115,0.25063291139240484,0.18585966791644348,0.5609925272539293,0.00011135857461024499,0.5,-0.01933745421871569,0.3786964055320733,0.1777439437696031,0.37568238084773214,0.1415100394792025,0.09683600645774554
2021-04-18 08:50:00,0.197350069735007,0.49003984063745,0.2327624720774384,0.135868594893769,0.5609925272539293,0.00011135857461024499,0.5,-0.01933745421871569,0.3786964055320733,0.1777439437696031,0.37568238084773214,0.1415100394792025,0.07203856541484979
2021-04-18 09:00:00,0.1882845188284519,0.2828685258964143,0.23246463142218898,0.11622924477771823,0.5609925272539293,0.00011135857461024499,0.5,0.01101092213621202,0.3860554529075573,0.17162896672993425,0.31127263418446277,0.16492414697046787,0.06585240732079002
2021-04-18 09:10:00,0.14504881450488147,0.06772908366533859,0.23425167535368563,0.11123013747545074,0.5609925272539293,0.00011135857461024499,0.5,0.01101092213621202,0.3860554529075573,0.17162896672993425,0.31127263418446277,0.16492414697046787,0.039651764563875855
2021-04-18 09:20:00,0.1304044630404463,0.2589641434262948,0.23425167535368563,0.1151580074986609,0.5609925272539293,0.00011135857461024499,0.5,0.01101092213621202,0.3860554529075573,0.17162896672993425,0.31127263418446277,0.16492414697046787,0.02904476666113433
2021-04-18 09:30:00,0.100418410041841,-0.1633466135458168,0.23425167535368563,0.1247991430101767,0.5609925272539293,0.00011135857461024499,0.5,0.01101092213621202,0.3860554529075573,0.17162896672993425,0.31127263418446277,0.16492414697046787,0.00048282209514612914
2021-04-18 09:40:00,0.07601115760111576,0.03585657370517925,0.23603871928518227,0.13515443670773086,0.5609925272539293,0.005456570155902005,0.5,0.01101092213621202,0.3860554529075573,0.17162896672993425,0.31127263418446277,0.16492414697046787,0.0
2021-04-18 09:50:00,0.09832635983263598,0.4262948207171313,0.24318689501116886,0.12658453847527218,0.5609925272539293,0.5919821826280623,0.5,0.01101092213621202,0.3860554529075573,0.17162896672993425,0.31127263418446277,0.16492414697046787,0.0
2021-04-18 10:00:00,0.12273361227336123,0.5059760956175297,0.2601638123603871,0.15015175861453312,0.5609925272539293,0.9995545657015591,0.5,0.2732430843202789,0.3795670776737253,0.08300073159067901,0.3077734697352016,0.21624645330460845,0.0
2021-04-18 10:10:00,0.1492329149232915,0.6972111553784857,0.2717795979151154,0.17871808605606132,0.5609925272539293,0.9995545657015591,0.5,0.2732430843202789,0.3795670776737253,0.08300073159067901,0.3077734697352016,0.21624645330460845,0.0
2021-04-18 10:20:00,0.11018131101813111,0.346613545816733,0.28190618019359626,0.19157293340474912,0.5609925272539293,0.9995545657015591,0.5,0.2732430843202789,0.3795670776737253,0.08300073159067901,0.3077734697352016,0.21624645330460845,0.0
2021-04-18 10:30:00,0.12691771269177127,0.2589641434262948,0.2920327624720771,0.2015711480092841,0.5609925272539293,0.9995545657015591,0.5,0.2732430843202789,0.3795670776737253,0.08300073159067901,0.3077734697352016,0.21624645330460845,0.0
2021-04-18 10:40:00,0.198744769874477,0.5458167330677288,0.3021593447505584,0.20764149259060893,0.5670126028974886,0.8459910913140312,0.5,0.2732430843202789,0.3795670776737253,0.08300073159067901,0.3077734697352016,0.21624645330460845,0.0
2021-04-18 10:50:00,0.23640167364016737,-0.21115537848605592,0.31556217423678334,0.21514015354401006,0.572993417178155,0.00512249443207127,0.5,0.2732430843202789,0.3795670776737253,0.08300073159067901,0.3077734697352016,0.21624645330460845,0.07658765484255473
2021-04-18 11:00:00,0.23709902370990238,0.05179282868525892,0.334326135517498,0.2401356900553473,0.5736739474682965,0.00011135857461024499,0.5,0.28189894480830824,0.3760211719879211,0.0849823290859479,0.2810545468301755,0.26865294630595143,0.0978544593146944
2021-04-18 11:10:00,0.2622036262203626,-0.3545816733067729,0.3495160089352196,0.2672737011247992,0.5797332844747484,0.00011135857461024499,0.5,0.28189894480830824,0.3760211719879211,0.0849823290859479,0.2810545468301755,0.26865294630595143,0.10017049655234848
2021-04-18 11:20:00,0.40097629009762903,-0.0916334661354582,0.3414743112434846,0.26441706838064616,0.5686877543809137,0.00011135857461024499,0.5,0.28189894480830824,0.3760211719879211,0.0849823290859479,0.2810545468301755,0.26865294630595143,0.29212999984911814
2021-04-18 11:30:00,0.3138075313807531,0.14741035856573692,0.32360387192851814,0.22656668452062134,0.5729672429362265,0.00011135857461024499,0.5,0.28189894480830824,0.3760211719879211,0.0849823290859479,0.2810545468301755,0.26865294630595143,0.17297101558610076
2021-04-18 11:40:00,0.3096234309623431,0.09960159362549792,0.32092330603127306,0.21549723263702902,0.5730850270249047,0.00011135857461024499,0.5,0.28189894480830824,0.3760211719879211,0.0849823290859479,0.2810545468301755,0.26865294630595143,0.17806327987084508
2021-04-18 11:50:00,0.2629009762900976,0.003984063745019917,0.32390171258376776,0.21192644170683805,0.5803222049181401,0.00011135857461024499,0.5,0.28189894480830824,0.3760211719879211,0.0849823290859479,0.2810545468301755,0.26865294630595143,0.11590747921601761
2021-04-18 12:00:00,0.15760111576011157,-0.019920318725099695,0.32777364110201024,0.2208534190323157,0.5920351781811519,0.16002227171492203,0.5,0.2864426361881687,0.3722367653524229,0.08782321908268496,0.2426791076748029,0.27468036561920484,0.028026313804185465
2021-04-18 12:10:00,0.15620641562064158,-0.8326693227091634,0.34058078927773616,0.23906445277629018,0.595830443260787,0.9995545657015591,0.5,0.2864426361881687,0.3722367653524229,0.08782321908268496,0.2426791076748029,0.27468036561920484,0.0
2021-04-18 12:20:00,0.10599721059972106,-0.3784860557768924,0.35845122859270284,0.2740582038921622,0.595830443260787,0.9995545657015591,0.5,0.2864426361881687,0.3722367653524229,0.08782321908268496,0.2426791076748029,0.27468036561920484,0.0
2021-04-18 12:30:00,0.1631799163179916,-0.3645418326693227,0.37423678332092325,0.29405463310123214,0.595830443260787,0.9995545657015591,0.5,0.2864426361881687,0.3722367653524229,0.08782321908268496,0.2426791076748029,0.27468036561920484,0.0
2021-04-18 12:40:00,0.11715481171548117,-0.3505976095617531,0.3831720029784065,0.30476700589180505,0.595830443260787,0.9995545657015591,0.5,0.2864426361881687,0.3722367653524229,0.08782321908268496,0.2426791076748029,0.27468036561920484,0.0
2021-04-18 12:50:00,0.07880055788005579,-0.3366533864541834,0.39061801935964247,0.3122656668452062,0.595830443260787,0.9995545657015591,0.5,0.2864426361881687,0.3722367653524229,0.08782321908268496,0.2426791076748029,0.27468036561920484,0.0
2021-04-18 13:00:00,0.100418410041841,-0.3227091633466136,0.3968726731198806,0.3236921978218177,0.595830443260787,0.9995545657015591,0.5,0.3821291811849885,0.35419402483283324,0.06337954313182949,0.1917161928595283,0.2581295488909196,0.0
2021-04-18 13:10:00,0.07252440725244073,-0.3087649402390438,0.4040208488458674,0.33047670058918044,0.595830443260787,0.9995545657015591,0.5,0.3821291811849885,0.35419402483283324,0.06337954313182949,0.1917161928595283,0.2581295488909196,0.0
2021-04-18 13:20:00,0.13737796373779637,-0.2948207171314742,0.4129560685033504,0.3361899660774863,0.595830443260787,0.9995545657015591,0.5,0.3821291811849885,0.35419402483283324,0.06337954313182949,0.1917161928595283,0.2581295488909196,0.0
2021-04-18 13:30:00,0.15341701534170155,-0.2808764940239046,0.42040208488458664,0.3426173897518301,0.595830443260787,0.9995545657015591,0.5,0.3821291811849885,0.35419402483283324,0.06337954313182949,0.1917161928595283,0.2581295488909196,0.0
2021-04-18 13:40:00,0.11576011157601115,-0.26693227091633476,0.4272524199553238,0.3458311015890019,0.595830443260787,0.9995545657015591,0.5,0.3821291811849885,0.35419402483283324,0.06337954313182949,0.1917161928595283,0.2581295488909196,0.0
2021-04-18 13:50:00,0.08786610878661089,-0.25298804780876494,0.4346984363365598,0.35297268344938404,0.595830443260787,0.9995545657015591,0.5,0.3821291811849885,0.35419402483283324,0.06337954313182949,0.1917161928595283,0.2581295488909196,0.0
2021-04-18 14:00:00,0.1617852161785216,-0.23904382470119534,0.43767684288905406,0.3618996607748617,0.595830443260787,0.9995545657015591,0.5,0.38733246326240556,0.3397230515478129,0.06244137224548627,0.09439466734849036,0.3212695304668626,0.0
2021-04-18 14:10:00,0.07670850767085077,-0.22509960159362552,0.43648548026805645,0.3668987680771292,0.595830443260787,0.9995545657015591,0.5,0.38733246326240556,0.3397230515478129,0.06244137224548627,0.09439466734849036,0.3212695304668626,0.0
2021-04-18 14:20:00,0.058577405857740586,-0.21115537848605592,0.4391660461653015,0.372969112658454,0.595830443260787,0.9995545657015591,0.5,0.38733246326240556,0.3397230515478129,0.06244137224548627,0.09439466734849036,0.3212695304668626,0.0
2021-04-18 14:30:00,0.06206415620641562,-0.10889774236387784,0.44363365599404303,0.38153901089091224,0.595830443260787,0.9995545657015591,0.5,0.38733246326240556,0.3397230515478129,0.06244137224548627,0.09439466734849036,0.3212695304668626,0.0
2021-04-18 14:40:00,0.0599721059972106,-0.006640106241699861,0.44869694713328356,0.3858239600071418,0.595830443260787,0.9995545657015591,0.5,0.38733246326240556,0.3397230515478129,0.06244137224548627,0.09439466734849036,0.3212695304668626,0.0
2021-04-18 14:50:00,0.028591352859135284,0.095617529880478,0.4513775130305284,0.3915372254954472,0.595830443260787,0.9995545657015591,0.5,0.38733246326240556,0.3397230515478129,0.06244137224548627,0.09439466734849036,0.3212695304668626,0.0
2021-04-18 15:00:00,0.11436541143654114,0.19787516600265587,0.45465376023827253,0.3965363327977147,0.595830443260787,0.9995545657015591,0.5,0.4004098761166195,0.32704514564362264,0.06271516393832421,0.08181055939060793,0.5848662741962708,0.0
2021-04-18 15:10:00,0.07043235704323571,0.30013280212483395,0.4582278481012656,0.3936797000535619,0.595830443260787,0.9995545657015591,0.5,0.4004098761166195,0.32704514564362264,0.06271516393832421,0.08181055939060793,0.5848662741962708,0.0
2021-04-18 15:20:00,0.0697350069735007,0.40239043824701204,0.4618019359642589,0.3954650955186574,0.595830443260787,0.9995545657015591,0.5,0.4004098761166195,0.32704514564362264,0.06271516393832421,0.08181055939060793,0.5848662741962708,0.0
2021-04-18 15:30:00,0.07112970711297072,0.0239043824701195,0.4582278481012656,0.40082128191394384,0.595830443260787,0.9995545657015591,0.5,0.4004098761166195,0.32704514564362264,0.06271516393832421,0.08181055939060793,0.5848662741962708,0.0
2021-04-18 15:40:00,0.11506276150627615,-0.3545816733067729,0.46358897989575576,0.40403499375111585,0.595830443260787,0.9995545657015591,0.5,0.4004098761166195,0.32704514564362264,0.06271516393832421,0.08181055939060793,0.5848662741962708,0.0
2021-04-18 15:50:00,0.11157601115760113,-0.4103585657370519,0.4647803425167534,0.40403499375111585,0.595830443260787,0.9995545657015591,0.5,0.4004098761166195,0.32704514564362264,0.06271516393832421,0.08181055939060793,0.5848662741962708,0.0
2021-04-18 16:00:00,0.06694560669456066,-0.4661354581673308,0.4662695457930006,0.40403499375111585,0.595830443260787,0.9995545657015591,0.5,0.42839685373636294,0.31083570158071483,0.06596908753560465,0.1752440435374369,0.6566884170457322,0.0
2021-04-18 16:10:00,0.045327754532775454,-0.4243027888446216,0.46388682055100494,0.4051062310301732,0.595830443260787,0.9995545657015591,0.5,0.42839685373636294,0.31083570158071483,0.06596908753560465,0.1752440435374369,0.6566884170457322,0.0
2021-04-18 16:20:00,0.07182705718270573,-0.38247011952191245,0.4689501116902457,0.4093911801464025,0.595830443260787,0.9995545657015591,0.5,0.42839685373636294,0.31083570158071483,0.06596908753560465,0.1752440435374369,0.6566884170457322,0.0
2021-04-18 16:30:00,0.05299860529986053,-0.34063745019920333,0.4775874906924793,0.4093911801464025,0.595830443260787,0.9995545657015591,0.5,0.42839685373636294,0.31083570158071483,0.06596908753560465,0.1752440435374369,0.6566884170457322,0.0
2021-04-18 16:40:00,0.0885634588563459,-0.2988047808764942,0.4811615785554726,0.40760578468130704,0.595830443260787,0.9995545657015591,0.5,0.42839685373636294,0.31083570158071483,0.06596908753560465,0.1752440435374369,0.6566884170457322,0.0
2021-04-18 16:50:00,0.11227336122733612,-0.25697211155378497,0.47937453462397617,0.40546331012319237,0.595830443260787,0.9995545657015591,0.5,0.42839685373636294,0.31083570158071483,0.06596908753560465,0.1752440435374369,0.6566884170457322,0.0
2021-04-18 17:00:00,0.0794979079497908,-0.21513944223107573,0.4781831720029781,0.39939296554186754,0.595830443260787,0.9995545657015591,0.5,0.4333232718180067,0.30148818845597913,0.06836625491388877,0.2639595398894664,0.6664948321686417,0.0
2021-04-18 17:10:00,0.08926080892608089,-0.1733067729083666,0.47431124348473563,0.3951080164256384,0.595830443260787,0.9995545657015591,0.5,0.4333232718180067,0.30148818845597913,0.06836625491388877,0.2639595398894664,0.6664948321686417,0.0
2021-04-18 17:20:00,0.09623430962343095,-0.1314741035856576,0.46835443037974667,0.39010890912337093,0.595830443260787,0.9995545657015591,0.5,0.4333232718180067,0.30148818845597913,0.06836625491388877,0.2639595398894664,0.6664948321686417,0.0
2021-04-18 17:30:00,0.12273361227336123,-0.08964143426294824,0.46388682055100494,0.38189608998393165,0.595830443260787,0.9995545657015591,0.5,0.4333232718180067,0.30148818845597913,0.06836625491388877,0.2639595398894664,0.6664948321686417,0.0
2021-04-18 17:40:00,0.07601115760111576,-0.04780876494023911,0.4615040953090095,0.37546866630958764,0.595830443260787,0.9995545657015591,0.5,0.4333232718180067,0.30148818845597913,0.06836625491388877,0.2639595398894664,0.6664948321686417,0.0
2021-04-18 17:50:00,0.1199442119944212,-0.005976095617529986,0.4609084139985107,0.369755400821282,0.595830443260787,0.9995545657015591,0.5,0.4333232718180067,0.30148818845597913,0.06836625491388877,0.2639595398894664,0.6664948321686417,0.0
2021-04-18 18:00:00,0.08437935843793584,0.03585657370517925,0.4588235294117644,0.3647562935190145,0.595830443260787,0.9995545657015591,0.5,0.36016793947614967,0.3066260161433546,0.10838701692220347,0.3014927099891407,0.6372947087960765,0.0
2021-04-18 18:10:00,0.12412831241283125,0.07768924302788838,0.4528667163067759,0.3561863952865558,0.595830443260787,0.9995545657015591,0.5,0.36016793947614967,0.3066260161433546,0.10838701692220347,0.3014927099891407,0.6372947087960765,0.0
2021-04-18 18:20:00,0.0808926080892608,0.1195219123505975,0.44869694713328356,0.34833065524013573,0.595830443260787,0.9995545657015591,0.5,0.36016793947614967,0.3066260161433546,0.10838701692220347,0.3014927099891407,0.6372947087960765,0.0
2021-04-18 18:30:00,0.06206415620641562,0.16135458167330663,0.441548771407297,0.3444027852169256,0.595830443260787,0.9995545657015591,0.5,0.36016793947614967,0.3066260161433546,0.10838701692220347,0.3014927099891407,0.6372947087960765,0.0
2021-04-18 18:40:00,0.07112970711297072,0.20318725099601576,0.43678332092330585,0.34333154793786824,0.595830443260787,0.9995545657015591,0.5,0.36016793947614967,0.3066260161433546,0.10838701692220347,0.3014927099891407,0.6372947087960765,0.0
2021-04-18 18:50:00,0.07182705718270573,0.2450199203187251,0.43350707371556196,0.3408319942867344,0.595830443260787,0.9995545657015591,0.5,0.36016793947614967,0.3066260161433546,0.10838701692220347,0.3014927099891407,0.6372947087960765,0.0
2021-04-18 19:00:00,0.19107391910739194,0.286852589641434,0.43320923306031256,0.3347616497054098,0.595830443260787,0.9995545657015591,0.5,0.37045236461730835,0.31296784260086624,0.07297391928052768,0.3866713507517223,0.6178054740241516,0.0
2021-04-18 19:10:00,0.21687587168758715,0.32868525896414313,0.434102755026061,0.33690412426352423,0.46935650626218733,0.9995545657015591,0.5,0.37045236461730835,0.31296784260086624,0.07297391928052768,0.3866713507517223,0.6178054740241516,0.0
2021-04-18 19:20:00,0.1311018131101813,0.3705179282868525,0.42844378257632143,0.3611855025888233,0.26740914266270566,0.8563474387527841,0.5,0.37045236461730835,0.31296784260086624,0.07297391928052768,0.3866713507517223,0.6178054740241516,0.0
2021-04-18 19:30:00,0.12761506276150628,0.28486055776892427,0.42040208488458664,0.35011605070523144,0.2506968891913468,0.9993318485523385,0.5,0.37045236461730835,0.31296784260086624,0.07297391928052768,0.3866713507517223,0.6178054740241516,0.0
2021-04-18 19:40:00,0.13458856345885634,0.19920318725099584,0.4117647058823528,0.33190501696125696,0.2506968891913468,0.9993318485523385,0.5,0.37045236461730835,0.31296784260086624,0.07297391928052768,0.3866713507517223,0.6178054740241516,0.0
2021-04-18 19:50:00,0.17573221757322177,0.11354581673306763,0.403127326880119,0.31905016961256916,0.2506968891913468,0.9993318485523385,0.5,0.37045236461730835,0.31296784260086624,0.07297391928052768,0.3866713507517223,0.6178054740241516,0.0
2021-04-18 20:00:00,0.16108786610878661,0.027888446215139417,0.39806403574087845,0.3119085877521872,0.2774600515632566,0.28530066815144767,0.5,0.37560678441863726,0.3191372587333007,0.07917018417341984,0.46377143037926005,0.6168925195213294,0.0
2021-04-18 20:10:00,0.1387726638772664,-0.36254980079681276,0.3998510796723751,0.3076236386359579,0.2748295402494405,0.7707126948775055,0.5,0.37560678441863726,0.3191372587333007,0.07917018417341984,0.46377143037926005,0.6168925195213294,0.0
2021-04-18 20:20:00,0.19525801952580193,0.3784860557768923,0.3989575577066269,0.3076236386359579,0.2748295402494405,0.9045657015590202,0.5,0.37560678441863726,0.3191372587333007,0.07917018417341984,0.46377143037926005,0.6168925195213294,0.0
2021-04-18 20:30:00,0.21408647140864714,0.10756972111553775,0.40282948622486936,0.2986966613104802,0.2748295402494405,0.005345211581291759,0.5,0.37560678441863726,0.3191372587333007,0.07917018417341984,0.46377143037926005,0.6168925195213294,0.06582223093984339
2021-04-18 20:40:00,0.13598326359832635,0.01195219123505975,0.4120625465376022,0.29726834493840393,0.2748295402494405,0.00011135857461024499,0.5,0.37560678441863726,0.3191372587333007,0.07917018417341984,0.46377143037926005,0.6168925195213294,0.01894322313924891
2021-04-18 20:50:00,0.20571827057182707,-0.1633466135458168,0.41265822784810124,0.31940724870558834,0.2748295402494405,0.00011135857461024499,0.5,0.37560678441863726,0.3191372587333007,0.07917018417341984,0.46377143037926005,0.6168925195213294,0.07266472531949243
2021-04-18 21:00:00,0.21617852161785217,0.08366533864541825,0.4162323157110943,0.3294054633101231,0.2748295402494405,0.00011135857461024499,0.5,0.3694833573086458,0.33073472660032655,0.08304334113620636,0.45021687727069354,0.643955519032827,0.07009973293902863
2021-04-18 21:10:00,0.14853556485355648,-0.1633466135458168,0.4162323157110943,0.3440457061239066,0.2748295402494405,0.00011135857461024499,0.5,0.3694833573086458,0.33073472660032655,0.08304334113620636,0.45021687727069354,0.643955519032827,0.028954237518294432
2021-04-18 21:20:00,0.11854951185495119,-0.33067729083665354,0.4162323157110943,0.37368327084449215,0.2748295402494405,0.00011135857461024499,0.5,0.3694833573086458,0.33073472660032655,0.08304334113620636,0.45021687727069354,0.643955519032827,0.00905291428398992
2021-04-18 21:30:00,0.11157601115760113,-0.6095617529880479,0.4159344750558449,0.4093911801464025,0.2748295402494405,0.00011135857461024499,0.5,0.3694833573086458,0.33073472660032655,0.08304334113620636,0.45021687727069354,0.643955519032827,0.005582630475127118
2021-04-18 21:40:00,0.11436541143654114,-0.2749003984063746,0.4153387937453461,0.44402785216925555,0.2589286882778658,0.00011135857461024499,0.5,0.3694833573086458,0.33073472660032655,0.08304334113620636,0.45021687727069354,0.643955519032827,0.008396577998400653
2021-04-18 21:50:00,0.1199442119944212,-0.003984063745020028,0.4174236783320924,0.47259417961078376,0.25841829056025967,0.00011135857461024499,0.5,0.3694833573086458,0.33073472660032655,0.08304334113620636,0.45021687727069354,0.643955519032827,0.008132534665117612
2021-04-18 22:00:00,0.1094839609483961,0.19521912350597592,0.4198064035740878,0.5004463488662738,0.25841829056025967,0.00011135857461024499,0.5,0.27381308861949205,0.3598203484412669,0.14965880025976608,0.4017215884750776,0.688416930415468,0.002361301809074038
2021-04-18 22:10:00,0.09902370990237098,0.5219123505976095,0.4233804914370811,0.5347259417961079,0.26500111240528196,0.000556792873051225,0.5,0.27381308861949205,0.3598203484412669,0.14965880025976608,0.4017215884750776,0.688416930415468,0.0
2021-04-18 22:20:00,0.08298465829846582,0.585657370517928,0.41712583767684275,0.5572219246563115,0.2748295402494405,0.07193763919821826,0.5,0.27381308861949205,0.3598203484412669,0.14965880025976608,0.4017215884750776,0.688416930415468,0.0
2021-04-18 22:30:00,0.09762900976290097,0.5378486055776892,0.3834698436336559,0.47152294233172665,0.2748295402494405,0.9993318485523385,0.5,0.27381308861949205,0.3598203484412669,0.14965880025976608,0.4017215884750776,0.688416930415468,0.0
2021-04-18 22:40:00,0.100418410041841,0.49003984063745,0.3769173492181681,0.452597750401714,0.2748295402494405,0.9993318485523385,0.5,0.27381308861949205,0.3598203484412669,0.14965880025976608,0.4017215884750776,0.688416930415468,0.0
2021-04-18 22:50:00,0.07531380753138076,0.4422310756972112,0.37155621742367817,0.439385823960007,0.2748295402494405,0.9993318485523385,0.5,0.27381308861949205,0.3598203484412669,0.14965880025976608,0.4017215884750776,0.688416930415468,0.0
2021-04-18 23:00:00,0.0599721059972106,0.394422310756972,0.37036485480268033,0.4222460274950901,0.2748295402494405,0.9993318485523385,0.5,0.21459017558066895,0.36888051102420316,0.17946722089511244,0.35104994146104845,0.7263119560436917,0.0
2021-04-18 23:10:00,0.059274755927475595,-0.17131474103585675,0.36619508562918823,0.40546331012319237,0.2748295402494405,0.9993318485523385,0.5,0.21459017558066895,0.36888051102420316,0.17946722089511244,0.35104994146104845,0.7263119560436917,0.0
2021-04-18 23:20:00,0.060669456066945605,-0.8406374501992032,0.3635145197319434,0.3890376718443136,0.2748295402494405,0.9993318485523385,0.5,0.21459017558066895,0.36888051102420316,0.17946722089511244,0.35104994146104845,0.7263119560436917,0.0
2021-04-18 23:30:00,0.09205020920502092,-0.6862549800796813,0.3644080416976916,0.372969112658454,0.2748295402494405,0.9993318485523385,0.5,0.21459017558066895,0.36888051102420316,0.17946722089511244,0.35104994146104845,0.7263119560436917,0.0
2021-04-18 23:40:00,0.1771269177126918,-0.5318725099601593,0.3590469099032014,0.35654347437957523,0.2748295402494405,0.9993318485523385,0.5,0.21459017558066895,0.36888051102420316,0.17946722089511244,0.35104994146104845,0.7263119560436917,0.0
2021-04-18 23:50:00,0.13389121338912133,-0.37749003984063745,0.3524944154877139,0.3411890733797538,0.2748295402494405,0.9993318485523385,0.5,0.21459017558066895,0.36888051102420316,0.17946722089511244,0.35104994146104845,0.7263119560436917,0.0
2021-04-19 00:00:00,0.14086471408647142,-0.22310756972111556,0.34713328369322394,0.3301196214961615,0.2748295402494405,0.9993318485523385,0.5,0.20490834070714548,0.3670443410621049,0.1826829734411913,0.30087735624347933,0.7493405212820237,0.0
2021-04-19 00:10:00,0.11924686192468618,-0.06872509960159368,0.34355919583023065,0.3233351187287985,0.2748295402494405,0.9993318485523385,0.5,0.20490834070714548,0.3670443410621049,0.1826829734411913,0.30087735624347933,0.7493405212820237,0.0
2021-04-19 00:20:00,0.15550906555090654,0.08565737051792821,0.3381980640357407,0.31405106231030167,0.2748295402494405,0.9993318485523385,0.5,0.20490834070714548,0.3670443410621049,0.1826829734411913,0.30087735624347933,0.7493405212820237,0.0
2021-04-19 00:30:00,0.3584379358437936,0.2400398406374502,0.33253909158600115,0.31726477414747367,0.17212181492193535,0.9129175946547885,0.5,0.20490834070714548,0.3670443410621049,0.1826829734411913,0.30087735624347933,0.7493405212820237,0.0
2021-04-19 00:40:00,0.38284518828451886,0.394422310756972,0.32777364110201024,0.3261917514729513,0.11580793341272855,0.004120267260579065,0.5,0.20490834070714548,0.3670443410621049,0.1826829734411913,0.30087735624347933,0.7493405212820237,0.2709310922341084
2021-04-19 00:50:00,0.40376569037656906,0.11553784860557759,0.3253909158600148,0.2961971076593466,0.13928622842260932,0.00011135857461024499,0.5,0.20490834070714548,0.3670443410621049,0.1826829734411913,0.30087735624347933,0.7493405212820237,0.2926656306109208
2021-04-19 01:00:00,0.496513249651325,-0.2509960159362551,0.2899478778853313,0.24299232279950012,0.15106463729044248,0.00011135857461024499,0.5,0.17127024907753685,0.3649754171611497,0.20421093906238963,0.23165156063116862,0.8130739105165874,0.4594580321981985
2021-04-19 01:10:00,0.45746164574616455,0.13147410358565725,0.27326880119136243,0.20692733440457056,0.15107772441140674,0.00011135857461024499,0.5,0.17127024907753685,0.3649754171611497,0.20421093906238963,0.23165156063116862,0.8130739105165874,0.41545332468277085
2021-04-19 01:20:00,0.4783821478382148,0.019920318725099362,0.26165301563663435,0.18514550973040533,0.15107772441140674,0.00011135857461024499,0.5,0.17127024907753685,0.3649754171611497,0.20421093906238963,0.23165156063116862,0.8130739105165874,0.42876865277547266
2021-04-19 01:30:00,0.46373779637377965,-0.3944223107569722,0.2521221146686521,0.17586145331190872,0.15107772441140674,0.00011135857461024499,0.5,0.17127024907753685,0.3649754171611497,0.20421093906238963,0.23165156063116862,0.8130739105165874,0.38605398554551357
2021-04-19 01:40:00,0.5202231520223152,-0.2589641434262948,0.2443782576321667,0.1712194251026602,0.15107772441140674,0.00011135857461024499,0.5,0.17127024907753685,0.3649754171611497,0.20421093906238963,0.23165156063116862,0.8130739105165874,0.5307648203750924
2021-04-19 01:50:00,0.5209205020920502,-0.2589641434262948,0.2369322412509307,0.16300660596322092,0.15107772441140674,0.00011135857461024499,0.5,0.17127024907753685,0.3649754171611497,0.20421093906238963,0.23165156063116862,0.8130739105165874,0.5224889479004784
2021-04-19 02:00:00,0.5188284518828452,-0.4103585657370519,0.22948622486969472,0.1587216568469918,0.15107772441140674,0.000556792873051225,0.5,0.16517126978213414,0.34901022105877305,0.20231202437570361,0.18939198122144327,0.9720999419700393,0.5153296015208897
2021-04-19 02:10:00,0.49581589958159,-0.2509960159362551,0.2220402084884585,0.1533654704517049,0.1435788040988863,0.0006681514476614699,0.5,0.16517126978213414,0.34901022105877305,0.20231202437570361,0.18939198122144327,0.9720999419700393,0.461411952864493
2021-04-19 02:20:00,0.5362622036262203,-0.2589641434262948,0.21697691734921798,0.1455097304052848,0.13984897462407248,0.00022271714922048998,0.5,0.16517126978213414,0.34901022105877305,0.20231202437570361,0.18939198122144327,0.9720999419700393,0.51503538180666
2021-04-19 02:30:00,0.4916317991631799,-0.15537848605577698,0.21161578555472804,0.14372433494018932,0.13000745965894964,0.00033407572383073496,0.5,0.16517126978213414,0.34901022105877305,0.20231202437570361,0.18939198122144327,0.9720999419700393,0.4398735609638337
2021-04-19 02:40:00,0.5181311018131102,-0.17131474103585675,0.21072226358897983,0.14193893947509362,0.12862022483673816,0.00022271714922048998,0.5,0.16517126978213414,0.34901022105877305,0.20231202437570361,0.18939198122144327,0.9720999419700393,0.4861339529550221
2021-04-19 02:50:00,0.49442119944211993,-0.23505976095617542,0.20744601638123594,0.14015354400999835,0.12862022483673816,0.00044543429844097997,0.5,0.16517126978213414,0.34901022105877305,0.20231202437570361,0.18939198122144327,0.9720999419700393,0.44781749324803477
2021-04-19 03:00:00,0.4790794979079498,-0.07569721115537853,0.20476545048399108,0.14015354400999835,0.12862022483673816,0.00033407572383073496,0.5,0.15241954984669248,0.3441367558698526,0.18876624694996183,0.3113178382384165,0.09895596579387078,0.41434434268298204
2021-04-19 03:10:00,0.4504881450488145,0.07569721115537842,0.202084884586746,0.13658275307980716,0.12862022483673816,0.00044543429844097997,0.5,0.15241954984669248,0.3441367558698526,0.18876624694996183,0.3113178382384165,0.09895596579387078,0.3693739909772621
2021-04-19 03:20:00,0.45188284518828453,0.3545816733067728,0.19791511541325368,0.13051240849848234,0.13015141798955648,0.00044543429844097997,0.5,0.15241954984669248,0.3441367558698526,0.18876624694996183,0.3113178382384165,0.09895596579387078,0.3720596888815125
2021-04-19 03:30:00,0.5125523012552301,-0.47410358565737054,0.19463886820551002,0.12729869666131055,0.13984897462407248,0.00033407572383073496,0.5,0.15241954984669248,0.3441367558698526,0.18876624694996183,0.3113178382384165,0.09895596579387078,0.4616684521025394
2021-04-19 03:40:00,0.4839609483960949,-0.298804780876494,0.19255398361876375,0.12872701303338685,0.134875868657654,0.00022271714922048998,0.5,0.15241954984669248,0.3441367558698526,0.18876624694996183,0.3113178382384165,0.09895596579387078,0.43410987220302666
2021-04-19 03:50:00,0.5125523012552301,0.3227091633466135,0.18868205510052105,0.11801464024281394,0.12862022483673816,0.00022271714922048998,0.5,0.15241954984669248,0.3441367558698526,0.18876624694996183,0.3113178382384165,0.09895596579387078,0.4908263801922236
2021-04-19 04:00:00,0.5174337517433751,0.4183266932270917,0.1868950111690244,0.11087305838243178,0.12862022483673816,0.00022271714922048998,0.5,0.07998898013923572,0.33530934722577327,0.27188986142640276,0.4324635546514455,0.13067471669031155,0.5233716070431673
2021-04-19 04:10:00,0.4839609483960949,-0.09960159362549814,0.18004467609828723,0.10515979289412614,0.1329913232388007,0.00022271714922048998,0.5,0.07998898013923572,0.33530934722577327,0.27188986142640276,0.4324635546514455,0.13067471669031155,0.4360109842026646
2021-04-19 04:20:00,0.30404463040446306,-0.03585657370517936,0.17498138495904692,0.10444563470808776,0.13737550876182747,0.00022271714922048998,0.5,0.07998898013923572,0.33530934722577327,0.27188986142640276,0.4324635546514455,0.13067471669031155,0.17127359415785265
2021-04-19 04:30:00,0.4609483960948396,0.05179282868525892,0.171109456440804,0.10373147652204961,0.13138160736019686,0.00022271714922048998,0.5,0.07998898013923572,0.33530934722577327,0.27188986142640276,0.4324635546514455,0.13067471669031155,0.40495948820857913
2021-04-19 04:40:00,0.4546722454672245,-0.10756972111553798,0.16813104988830951,0.10123192287091598,0.12386959992671213,0.00022271714922048998,0.5,0.07998898013923572,0.33530934722577327,0.27188986142640276,0.4324635546514455,0.13067471669031155,0.35770327564615173
2021-04-19 04:50:00,0.5376569037656904,-0.043824701195219196,0.16902457185405795,0.0973040528477056,0.12557092565206582,0.00011135857461024499,0.5,0.07998898013923572,0.33530934722577327,0.27188986142640276,0.4324635546514455,0.13067471669031155,0.5290372225658977
2021-04-19 05:00:00,0.5125523012552301,0.003984063745019917,0.16902457185405795,0.09694697375468664,0.12557092565206582,0.00022271714922048998,0.5,0.07726926916376797,0.33035829739056993,0.3044235175777691,0.5115790118204564,0.13988048448024182,0.48157731943208054
2021-04-19 05:10:00,0.4602510460251046,0.29083665338645415,0.16813104988830951,0.09266202463845752,0.13198361492455277,0.00022271714922048998,0.5,0.07726926916376797,0.33035829739056993,0.3044235175777691,0.5115790118204564,0.13988048448024182,0.382025438689138
2021-04-19 05:20:00,0.4511854951185495,-0.17131474103585675,0.16157855547282196,0.09016247098732366,0.13683893680229287,0.00033407572383073496,0.5,0.07726926916376797,0.33035829739056993,0.3044235175777691,0.5115790118204564,0.13988048448024182,0.34365617031549406
2021-04-19 05:30:00,0.49442119944211993,-0.0916334661354582,0.1624720774385704,0.09016247098732366,0.13683893680229287,0.00044543429844097997,0.5,0.07726926916376797,0.33035829739056993,0.3044235175777691,0.5115790118204564,0.13988048448024182,0.43685592286917035
2021-04-19 05:40:00,0.47698744769874474,-0.15537848605577698,0.16068503350707353,0.09016247098732366,0.13683893680229287,0.00033407572383073496,0.5,0.07726926916376797,0.33035829739056993,0.3044235175777691,0.5115790118204564,0.13988048448024182,0.3982754198288999
2021-04-19 05:50:00,0.4881450488145049,-0.2270916334661356,0.16008935219657472,0.09016247098732366,0.13310910732747905,0.00033407572383073496,0.5,0.07726926916376797,0.33035829739056993,0.3044235175777691,0.5115790118204564,0.13988048448024182,0.4160191318255202
2021-04-19 06:00:00,0.46164574616457466,0.019920318725099362,0.16008935219657472,0.08373504731297987,0.1256101870149586,0.00033407572383073496,0.5,0.06755484832182246,0.3511567296060153,0.3514598905315122,0.5542499209987283,0.1399123055360675,0.3827873923080405
2021-04-19 06:10:00,0.41631799163179917,0.027888446215139417,0.15711094564408024,0.08230673094090357,0.1256101870149586,0.00022271714922048998,0.5,0.06755484832182246,0.3511567296060153,0.3514598905315122,0.5542499209987283,0.1399123055360675,0.3011376495616881
2021-04-19 06:20:00,0.2189679218967922,0.8247011952191232,0.15026061057334306,0.07623638635957874,0.14673280025127272,0.00033407572383073496,0.5,0.06755484832182246,0.3511567296060153,0.3514598905315122,0.5542499209987283,0.1399123055360675,0.07864719284216244
2021-04-19 06:30:00,0.1506276150627615,-0.4661354581673308,0.13119880863737876,0.08944831280128551,0.19512897357710277,0.04966592427616927,0.5,0.06755484832182246,0.3511567296060153,0.3514598905315122,0.5542499209987283,0.1399123055360675,0.002979917618480016
2021-04-19 06:40:00,0.1506276150627615,-0.904382470119522,0.12792256142963487,0.06516693447598643,0.1585766447239272,0.6678173719376392,0.5,0.06755484832182246,0.3511567296060153,0.3514598905315122,0.5542499209987283,0.1399123055360675,0.0
2021-04-19 06:50:00,0.19456066945606695,0.7450199203187249,0.13834698436336557,0.0848062845920372,0.15578908795854002,0.7751670378619154,0.5,0.06755484832182246,0.3511567296060153,0.3514598905315122,0.5542499209987283,0.1399123055360675,0.0
2021-04-19 07:00:00,0.25662482566248257,-0.19521912350597614,0.15681310498883105,0.10837350473129792,0.16591851958487652,0.013697104677060134,0.5,0.06800271360735999,0.3687109742045425,0.363337174533137,0.5384784073904872,0.15475925126062928,0.09614949379120963
2021-04-19 07:10:00,0.2175732217573222,0.17928286852589648,0.16306775874906898,0.12229958935904306,0.16610173927837618,0.00033407572383073496,0.5,0.06800271360735999,0.3687109742045425,0.363337174533137,0.5384784073904872,0.15475925126062928,0.09232463750622388
2021-04-19 07:20:00,0.3591352859135286,0.5298804780876492,0.12553983618763942,0.06909480449919658,0.17214798916386387,0.00033407572383073496,0.5,0.06800271360735999,0.3687109742045425,0.363337174533137,0.5384784073904872,0.15475925126062928,0.2280655430994161
2021-04-19 07:30:00,0.32496513249651326,0.11553784860557759,0.1133283693224123,0.034815211569362514,0.17214798916386387,0.00022271714922048998,0.5,0.06800271360735999,0.3687109742045425,0.363337174533137,0.5384784073904872,0.15475925126062928,0.20647434253210012
2021-04-19 07:40:00,0.2873082287308229,-0.3067729083665339,0.10766939687267296,0.02088912694161782,0.17214798916386387,0.00022271714922048998,0.5,0.06800271360735999,0.3687109742045425,0.363337174533137,0.5384784073904872,0.15475925126062928,0.15349216168504912
2021-04-19 07:50:00,0.29776847977684795,-0.49800796812749004,0.10409530900967967,0.01624709873236929,0.1721872505267566,0.00022271714922048998,0.5,0.06800271360735999,0.3687109742045425,0.363337174533137,0.5384784073904872,0.15475925126062928,0.16299017758800188
2021-04-19 08:00:00,0.3096234309623431,-0.33864541832669326,0.09932985852568854,0.010176754151044465,0.1721872505267566,0.00022271714922048998,0.5,0.0689065489791787,0.38688876947877404,0.36722174476704694,0.5141869693052089,0.1699739309841032,0.18612037358359612
2021-04-19 08:10:00,0.32217573221757323,-0.21115537848605592,0.09456440804169763,0.005177646848776973,0.1721872505267566,0.00022271714922048998,0.5,0.0689065489791787,0.38688876947877404,0.36722174476704694,0.5141869693052089,0.1699739309841032,0.2041130407230261
2021-04-19 08:20:00,0.33403068340306835,0.05179282868525892,0.09456440804169763,0.0012497768255668174,0.1721872505267566,0.00033407572383073496,0.5,0.0689065489791787,0.38688876947877404,0.36722174476704694,0.5141869693052089,0.1699739309841032,0.21818277833939376
2021-04-19 08:30:00,0.3528591352859135,0.25099601593625476,0.09456440804169763,-0.0016068559185858922,0.1721872505267566,0.00033407572383073496,0.5,0.0689065489791787,0.38688876947877404,0.36722174476704694,0.5141869693052089,0.1699739309841032,0.23383677595545965
2021-04-19 08:40:00,0.3772663877266388,0.38645418326693215,0.09992553983618757,-0.0026780931976432276,0.1721872505267566,0.00033407572383073496,0.5,0.0689065489791787,0.38688876947877404,0.36722174476704694,0.5141869693052089,0.1699739309841032,0.2581815712841559
2021-04-19 08:50:00,0.4198047419804742,0.3705179282868525,0.10737155621742356,0.0008926977325478536,0.1721872505267566,0.00022271714922048998,0.5,0.0689065489791787,0.38688876947877404,0.36722174476704694,0.5141869693052089,0.1699739309841032,0.32530893069994116
2021-04-19 09:00:00,0.3758716875871687,-0.03585657370517936,0.11422189128816074,0.008034279592929794,0.1721872505267566,0.00022271714922048998,0.5,0.08317283270790732,0.3946472341073591,0.37061288124605535,0.5223411929857606,0.1911748282876938,0.25718575071291705
2021-04-19 09:10:00,0.3772663877266388,-0.13147410358565736,0.12166790766939672,0.014818782360292992,0.1721872505267566,0.00022271714922048998,0.5,0.08317283270790732,0.3946472341073591,0.37061288124605535,0.5223411929857606,0.1911748282876938,0.2593735383315479
2021-04-19 09:20:00,0.3723849372384937,-0.08366533864541836,0.13000744601638115,0.021246206034636783,0.1721872505267566,0.00022271714922048998,0.5,0.08317283270790732,0.3946472341073591,0.37061288124605535,0.5223411929857606,0.1911748282876938,0.27747936689952774
2021-04-19 09:30:00,0.37796373779637377,0.03585657370517925,0.13894266567386415,0.03017318336011443,0.1721872505267566,0.00033407572383073496,0.5,0.08317283270790732,0.3946472341073591,0.37061288124605535,0.5223411929857606,0.1911748282876938,0.27847518747076666
2021-04-19 09:40:00,0.39051603905160387,-0.11553784860557781,0.14936708860759484,0.03731476522049637,0.1721872505267566,0.00033407572383073496,0.5,0.08317283270790732,0.3946472341073591,0.37061288124605535,0.5223411929857606,0.1911748282876938,0.28794302699277274
2021-04-19 09:50:00,0.4065550906555091,-0.2749003984063746,0.16128071481757233,0.04731297982503113,0.1700802240515109,0.00044543429844097997,0.5,0.08317283270790732,0.3946472341073591,0.37061288124605535,0.5223411929857606,0.1911748282876938,0.31404559651161035
2021-04-19 10:00:00,0.36959553695955366,0.10756972111553775,0.17230081906180184,0.057311194429566115,0.1697661331483687,0.00022271714922048998,0.5,0.27816950240192284,0.3830785012945149,0.24774800308969933,0.5841832770579718,0.2452035618660994,0.26491090423525504
2021-04-19 10:10:00,0.3884239888423989,-0.06772908366533881,0.1824274013402829,0.07373683270844489,0.17280234521207682,0.00044543429844097997,0.5,0.27816950240192284,0.3830785012945149,0.24774800308969933,0.5841832770579718,0.2452035618660994,0.28183230985107954
2021-04-19 10:20:00,0.45327754532775455,-0.11553784860557781,0.19285182427401315,0.08801999642920899,0.17629660650953397,0.00044543429844097997,0.5,0.27816950240192284,0.3830785012945149,0.24774800308969933,0.5841832770579718,0.2452035618660994,0.3852241350694811
2021-04-19 10:30:00,0.4295676429567643,-0.12350597609561753,0.20357408786299303,0.09480449919657197,0.17544594364685712,0.00044543429844097997,0.5,0.27816950240192284,0.3830785012945149,0.24774800308969933,0.5841832770579718,0.2452035618660994,0.35526653288471116
2021-04-19 10:40:00,0.4372384937238493,-0.1394422310756973,0.2137006701414743,0.1026602392429925,0.16843124681001428,0.00044543429844097997,0.5,0.27816950240192284,0.3830785012945149,0.24774800308969933,0.5841832770579718,0.2452035618660994,0.3782156705946256
2021-04-19 10:50:00,0.4825662482566248,0.07569721115537842,0.22352941176470575,0.11551508659168008,0.15838033790946332,0.000556792873051225,0.5,0.27816950240192284,0.3830785012945149,0.24774800308969933,0.5841832770579718,0.2452035618660994,0.45410172458017106
2021-04-19 11:00:00,0.5627615062761506,-0.17131474103585675,0.23484735666418444,0.12301374754508143,0.15373440996715135,0.0016703786191536749,0.5,0.29277775535708983,0.3735786923826258,0.22640556653131796,0.5831722431872427,0.29754935903149604,0.643405706353637
2021-04-19 11:10:00,0.5920502092050209,0.10756972111553775,0.2449739389426655,0.13301196214961597,0.16102393634424364,0.002561247216035635,0.5,0.29277775535708983,0.3735786923826258,0.22640556653131796,0.5831722431872427,0.29754935903149604,0.7123964572928768
2021-04-19 11:20:00,0.6283124128312413,-0.07569721115537853,0.2530156366344005,0.14836636314943763,0.1653165120205206,0.0026726057906458797,0.5,0.29277775535708983,0.3735786923826258,0.22640556653131796,0.5831722431872427,0.29754935903149604,0.7867963245168008
2021-04-19 11:30:00,0.6171548117154811,0.09960159362549792,0.2604616530156365,0.1647920014283164,0.18871628430461584,0.0024498886414253897,0.5,0.29277775535708983,0.3735786923826258,0.22640556653131796,0.5831722431872427,0.29754935903149604,0.7372165306214826
2021-04-19 11:40:00,0.5599721059972106,-0.13147410358565736,0.2688011913626207,0.1822888769862525,0.2086479695331824,0.0012249443207126948,0.5,0.29277775535708983,0.3735786923826258,0.22640556653131796,0.5831722431872427,0.29754935903149604,0.6254054951189704
2021-04-19 11:50:00,0.6387726638772664,0.3227091633466135,0.2723752792256142,0.18693090519550082,0.20892279907343186,0.006347438752783964,0.5,0.29277775535708983,0.3735786923826258,0.22640556653131796,0.5831722431872427,0.29754935903149604,0.8215142507959021
2021-04-19 12:00:00,0.601115760111576,0.05179282868525892,0.2768428890543557,0.1922870915907875,0.21698446558741544,0.0017817371937639199,0.5,0.29717489326177526,0.3634725738275397,0.20654837698846135,0.544727551421213,0.32380688794583606,0.7437346289059553
2021-04-19 12:10:00,0.599721059972106,0.01195219123505975,0.2833953834698437,0.20692733440457056,0.19385952284356964,0.0010022271714922048,0.5,0.29717489326177526,0.3634725738275397,0.20654837698846135,0.544727551421213,0.32380688794583606,0.7011557553902561
2021-04-19 12:20:00,0.5446304044630405,0.09960159362549792,0.29292628443782553,0.23227995000892698,0.1979034432215257,0.0020044543429844097,0.5,0.29717489326177526,0.3634725738275397,0.20654837698846135,0.544727551421213,0.32380688794583606,0.5869381535072499
2021-04-19 12:30:00,0.5355648535564853,-0.08366533864541836,0.30186150409530876,0.24870558828780576,0.21500831032181233,0.0010022271714922048,0.5,0.29717489326177526,0.3634725738275397,0.20654837698846135,0.544727551421213,0.32380688794583606,0.5608054076074657
2021-04-19 12:40:00,0.4818688981868898,0.09163346613545809,0.30900967982129557,0.26334583110158905,0.201960450720446,0.0006681514476614699,0.5,0.29717489326177526,0.3634725738275397,0.20654837698846135,0.544727551421213,0.32380688794583606,0.47273563981471706
2021-04-19 12:50:00,0.5718270571827057,0.12350597609561742,0.31645569620253156,0.2737011247991432,0.21318920050778029,0.0014476614699331849,0.5,0.29717489326177526,0.3634725738275397,0.20654837698846135,0.544727551421213,0.32380688794583606,0.6550537893990374
2021-04-19 13:00:00,0.5202231520223152,-0.05179282868525903,0.32509307520476516,0.2844134975897161,0.22176126473937,0.000556792873051225,0.5,0.42054710406797624,0.3401598243713493,0.1366069638454202,0.4803162045344336,0.33324868540313823,0.5534197383707773
2021-04-19 13:10:00,0.5934449093444909,-0.07569721115537853,0.32807148175725986,0.28727013033386894,0.21860726858698357,0.0008908685968819599,0.5,0.42054710406797624,0.3401598243713493,0.1366069638454202,0.4803162045344336,0.33324868540313823,0.7091449522458771
2021-04-19 13:20:00,0.5606694560669455,-0.15537848605577698,0.3352196574832462,0.28905552579896465,0.22235018518276164,0.00033407572383073496,0.5,0.42054710406797624,0.3401598243713493,0.1366069638454202,0.4803162045344336,0.33324868540313823,0.6300375695942786
2021-04-19 13:30:00,0.5132496513249651,0.11553784860557759,0.33938942665673855,0.3054811640778434,0.20812448469461203,0.00022271714922048998,0.5,0.42054710406797624,0.3401598243713493,0.1366069638454202,0.4803162045344336,0.33324868540313823,0.5231905487574875
2021-04-19 13:40:00,0.4546722454672245,0.10756972111553775,0.3459419210722261,0.3165506159614355,0.21902605645783985,0.00044543429844097997,0.5,0.42054710406797624,0.3401598243713493,0.1366069638454202,0.4803162045344336,0.33324868540313823,0.4181918312536778
2021-04-19 13:50:00,0.4714086471408647,-0.2589641434262948,0.35160089352196544,0.3265488305659703,0.1881142767402599,0.00022271714922048998,0.5,0.42054710406797624,0.3401598243713493,0.1366069638454202,0.4803162045344336,0.33324868540313823,0.3999803853523847
2021-04-19 14:00:00,0.4470013947001395,-0.10756972111553798,0.3569620253164556,0.3329762542403143,0.18552302678933663,0.00022271714922048998,0.5,0.4224607042238018,0.31912576471163057,0.13947473843635905,0.41520594872866473,0.320680383973755,0.3651417535494968
2021-04-19 14:10:00,0.44490934449093444,-0.05179282868525903,0.3623231571109453,0.3361899660774863,0.17866537540406488,0.00011135857461024499,0.5,0.4224607042238018,0.31912576471163057,0.13947473843635905,0.41520594872866473,0.320680383973755,0.391629071925404
2021-04-19 14:20:00,0.4198047419804742,0.3545816733067728,0.37006701414743093,0.33654704517050527,0.19273403044064338,0.00011135857461024499,0.5,0.4224607042238018,0.31912576471163057,0.13947473843635905,0.41520594872866473,0.320680383973755,0.3524752176471476
2021-04-19 14:30:00,0.48326359832635984,-0.36254980079681276,0.3813849590469096,0.3440457061239066,0.18109957990341705,0.00022271714922048998,0.5,0.4224607042238018,0.31912576471163057,0.13947473843635905,0.41520594872866473,0.320680383973755,0.4337628438221404
2021-04-19 14:40:00,0.38633193863319387,-0.1394422310756973,0.3831720029784065,0.3476164970540976,0.2168666814987371,0.1346325167037862,0.5,0.4224607042238018,0.31912576471163057,0.13947473843635905,0.41520594872866473,0.320680383973755,0.20965040662673323
2021-04-19 14:50:00,0.4177126917712692,-0.2828685258964144,0.39865971705137726,0.37154079628637726,0.16686079229430317,0.25645879732739424,0.5,0.4224607042238018,0.31912576471163057,0.13947473843635905,0.41520594872866473,0.320680383973755,0.16498181873047965
2021-04-19 15:00:00,0.3451882845188285,0.01195219123505975,0.40074460163812353,0.36725584717014814,0.2175341246679143,0.00011135857461024499,0.5,0.4219394954944977,0.2981175666006728,0.13525918333987064,0.3907604100234581,0.300830007991504,0.24152420900161442
2021-04-19 15:10:00,0.3451882845188285,-0.07569721115537853,0.3965748324646312,0.35011605070523144,0.17744827315438877,0.00011135857461024499,0.5,0.4219394954944977,0.2981175666006728,0.13525918333987064,0.3907604100234581,0.300830007991504,0.25332317395174797
2021-04-19 15:20:00,0.3277545327754533,-0.19521912350597614,0.39776619508562905,0.3458311015890019,0.1807069662744893,0.00011135857461024499,0.5,0.4219394954944977,0.2981175666006728,0.13525918333987064,0.3907604100234581,0.300830007991504,0.22702445795675727
2021-04-19 15:30:00,0.2622036262203626,0.22709163346613526,0.40521221146686504,0.36904124263524385,0.20210440905105287,0.00011135857461024499,0.5,0.4219394954944977,0.2981175666006728,0.13525918333987064,0.3907604100234581,0.300830007991504,0.10319567874224844
2021-04-19 15:40:00,0.29567642956764295,0.15537848605577675,0.4069992553983617,0.38153901089091224,0.18849380324822343,0.00011135857461024499,0.5,0.4219394954944977,0.2981175666006728,0.13525918333987064,0.3907604100234581,0.300830007991504,0.19060156615417115
2021-04-19 15:50:00,0.20432357043235705,0.3784860557768923,0.40967982129560676,0.362970898053919,0.20414599992147728,0.00011135857461024499,0.5,0.4219394954944977,0.2981175666006728,0.13525918333987064,0.3907604100234581,0.300830007991504,0.08260784284140803
2021-04-19 16:00:00,0.2482566248256625,-0.1633466135458168,0.41444527177959767,0.36082842349580435,0.2003376477208779,0.00011135857461024499,0.5,0.4681664772767069,0.2785461211987123,0.09807043433964144,0.4076529480065085,0.2827557208070584,0.11574150912081113
2021-04-19 16:10:00,0.296373779637378,0.3705179282868525,0.4162323157110943,0.35725763256561316,0.20286346206697992,0.00011135857461024499,0.5,0.4681664772767069,0.2785461211987123,0.09807043433964144,0.4076529480065085,0.2827557208070584,0.17917980596587052
2021-04-19 16:20:00,0.3842398884239888,-0.14741035856573714,0.41682799702159334,0.3561863952865558,0.20690738244493598,0.00011135857461024499,0.5,0.4681664772767069,0.2785461211987123,0.09807043433964144,0.4076529480065085,0.2827557208070584,0.2551865654752026
2021-04-19 16:30:00,0.28870292887029286,0.05179282868525892,0.42427401340282933,0.3804677736118549,0.15741189095810812,0.26714922048997775,0.5,0.4681664772767069,0.2785461211987123,0.09807043433964144,0.4076529480065085,0.2827557208070584,0.10706579959865413
2021-04-19 16:40:00,0.3458856345885635,-0.26693227091633476,0.42903946388682024,0.3951080164256384,0.18929211762704323,0.00011135857461024499,0.5,0.4681664772767069,0.2785461211987123,0.09807043433964144,0.4076529480065085,0.2827557208070584,0.2174283688157279
2021-04-19 16:50:00,0.39121338912133896,0.3545816733067728,0.4192107222635888,0.3743974290305303,0.18769548886940363,0.00011135857461024499,0.5,0.4681664772767069,0.2785461211987123,0.09807043433964144,0.4076529480065085,0.2827557208070584,0.308666656607873
2021-04-19 17:00:00,0.25523012552301255,0.12350597609561742,0.41831720029784036,0.36868416354222466,0.19181793197314526,0.13485523385300668,0.5,0.4668880533569384,0.25963845554830783,0.0876994484980579,0.46134286066221747,0.2748184196014229,0.09053668693513588
2021-04-19 17:10:00,0.29567642956764295,0.3227091633466135,0.42010424422933723,0.3726120335654348,0.19187028045700227,0.00011135857461024499,0.5,0.4668880533569384,0.25963845554830783,0.0876994484980579,0.46134286066221747,0.2748184196014229,0.13989015797335427
2021-04-19 17:20:00,0.4504881450488145,-0.4900398406374503,0.42069992553983626,0.37189787537939667,0.21659185195848765,0.00044543429844097997,0.5,0.4668880533569384,0.25963845554830783,0.0876994484980579,0.46134286066221747,0.2748184196014229,0.34938968269535436
2021-04-19 17:30:00,0.38772663877266383,0.2589641434262948,0.4192107222635888,0.36511337261203347,0.19573098114145868,0.00011135857461024499,0.5,0.4668880533569384,0.25963845554830783,0.0876994484980579,0.46134286066221747,0.2748184196014229,0.24702385442913832
2021-04-19 17:40:00,0.40794979079497906,0.09960159362549792,0.4192107222635888,0.36439921442599554,0.20896206043632462,0.00011135857461024499,0.5,0.4668880533569384,0.25963845554830783,0.0876994484980579,0.46134286066221747,0.2748184196014229,0.35203011602818474
2021-04-19 17:50:00,0.36052998605299863,-0.019920318725099695,0.4192107222635888,0.3476164970540976,0.2160683671199173,0.00011135857461024499,0.5,0.4668880533569384,0.25963845554830783,0.0876994484980579,0.46134286066221747,0.2748184196014229,0.23557191785989107
2021-04-19 18:00:00,0.4072524407252441,0.11553784860557759,0.4174236783320924,0.34833065524013573,0.1968172121814922,0.00011135857461024499,0.5,0.3998317336635735,0.25091449309927644,0.10752607583712859,0.4427276775502876,0.2927164504197508,0.32603316384266035
2021-04-19 18:10:00,0.3451882845188285,0.3545816733067728,0.41772151898734156,0.35582931619353686,0.20523223096151078,0.00011135857461024499,0.5,0.3998317336635735,0.25091449309927644,0.10752607583712859,0.4427276775502876,0.2927164504197508,0.24553012357227996
2021-04-19 18:20:00,0.35146443514644354,0.17131474103585642,0.4150409530900967,0.3561863952865558,0.21000903011346533,0.00011135857461024499,0.5,0.3998317336635735,0.25091449309927644,0.10752607583712859,0.4427276775502876,0.2927164504197508,0.25871720204595866
2021-04-19 18:30:00,0.41492329149232915,-0.05179282868525903,0.41236038719285184,0.34833065524013573,0.2054808862598317,0.00011135857461024499,0.5,0.3998317336635735,0.25091449309927644,0.10752607583712859,0.4427276775502876,0.2927164504197508,0.3145510508924665
2021-04-19 18:40:00,0.41143654114365413,0.05179282868525892,0.40908413998510795,0.34654525977504025,0.19760243943934774,0.00011135857461024499,0.5,0.3998317336635735,0.25091449309927644,0.10752607583712859,0.4427276775502876,0.2927164504197508,0.29789368860992504
2021-04-19 18:50:00,0.3702928870292887,0.24302788844621515,0.40551005212211444,0.34297446884484906,0.20084804543848397,0.00011135857461024499,0.5,0.3998317336635735,0.25091449309927644,0.10752607583712859,0.4427276775502876,0.2927164504197508,0.2614104440454456
2021-04-19 19:00:00,0.4707112970711297,-0.07569721115537853,0.4046165301563662,0.34654525977504025,0.2028896363089084,0.00011135857461024499,0.5,0.3933093035441324,0.2523138902378384,0.10796409182001983,0.48552645995638377,0.304523716302486,0.3975964512576007
2021-04-19 19:10:00,0.4735006973500697,-0.17928286852589637,0.4025316455696202,0.3394036779146581,0.1970004318749918,0.00011135857461024499,0.5,0.3933093035441324,0.2523138902378384,0.10796409182001983,0.48552645995638377,0.304523716302486,0.44160115877302836
2021-04-19 19:20:00,0.4211994421199442,0.11553784860557759,0.3968726731198806,0.33369041242635245,0.21190666265328292,0.00011135857461024499,0.5,0.3933093035441324,0.2523138902378384,0.10796409182001983,0.48552645995638377,0.304523716302486,0.3468322344101272
2021-04-19 19:30:00,0.5034867503486751,0.14741035856573692,0.39448994787788516,0.3301196214961615,0.20719529910614962,0.00022271714922048998,0.5,0.3933093035441324,0.2523138902378384,0.10796409182001983,0.48552645995638377,0.304523716302486,0.5020142734281878
2021-04-19 19:40:00,0.4435146443514645,0.12350597609561742,0.3894266567386446,0.31976432779860753,0.2086872308960752,0.00011135857461024499,0.5,0.3933093035441324,0.2523138902378384,0.10796409182001983,0.48552645995638377,0.304523716302486,0.3776574075471129
2021-04-19 19:50:00,0.4790794979079498,-0.0916334661354582,0.38644825018615014,0.3215497232637028,0.21746868906309302,0.00011135857461024499,0.5,0.3933093035441324,0.2523138902378384,0.10796409182001983,0.48552645995638377,0.304523716302486,0.4300436048704679
2021-04-19 20:00:00,0.3926080892608089,-0.2749003984063746,0.3813849590469096,0.3133369041242635,0.21698446558741544,0.00011135857461024499,0.5,0.3893356164634849,0.2673480705847875,0.12226999310257981,0.478143191416013,0.3168746760609389,0.27449190518581107
2021-04-19 20:10:00,0.40585774058577406,0.1872509960159361,0.3778108711839163,0.3104802713801109,0.20710368925939981,0.00011135857461024499,0.5,0.3893356164634849,0.2673480705847875,0.12226999310257981,0.478143191416013,0.3168746760609389,0.29664136880063974
2021-04-19 20:20:00,0.37866108786610875,-0.23505976095617542,0.3718540580789278,0.3022674522406714,0.21275732551595974,0.00011135857461024499,0.5,0.3893356164634849,0.2673480705847875,0.12226999310257981,0.478143191416013,0.3168746760609389,0.24766510252425428
2021-04-19 20:30:00,0.296373779637378,-0.03585657370517936,0.36589724497393883,0.29976789858953756,0.20137153027705434,0.00011135857461024499,0.5,0.3893356164634849,0.2673480705847875,0.12226999310257981,0.478143191416013,0.3168746760609389,0.15797335425562414
2021-04-19 20:40:00,0.33751743375174337,-0.2509960159362551,0.36291883842144435,0.28905552579896465,0.19990577272905732,0.00011135857461024499,0.5,0.3893356164634849,0.2673480705847875,0.12226999310257981,0.478143191416013,0.3168746760609389,0.18996786215429184
2021-04-19 20:50:00,0.35146443514644354,-0.12350597609561753,0.35874906924795225,0.28405641849669716,0.19019512897357713,0.00011135857461024499,0.5,0.3893356164634849,0.2673480705847875,0.12226999310257981,0.478143191416013,0.3168746760609389,0.20155559243779894
2021-04-19 21:00:00,0.33821478382147835,0.3227091633466135,0.3545793000744599,0.27477236207820055,0.19286490165028597,0.00011135857461024499,0.5,0.38702304665129983,0.2735893243526718,0.12945832488434236,0.4427487607210515,0.3315220136210519,0.20132172548546254
2021-04-19 21:10:00,0.36959553695955366,-0.0916334661354582,0.34921816827997,0.2722728084270667,0.21080734449228516,0.00011135857461024499,0.5,0.38702304665129983,0.2735893243526718,0.12945832488434236,0.4427487607210515,0.3315220136210519,0.22058180062465108
2021-04-19 21:20:00,0.32566248256624825,-0.3067729083665339,0.3462397617274757,0.26298875200856986,0.2006909999869129,0.00011135857461024499,0.5,0.38702304665129983,0.2735893243526718,0.12945832488434236,0.4427487607210515,0.3315220136210519,0.185924227107443
2021-04-19 21:30:00,0.40446304044630405,-0.2828685258964144,0.34296351451973184,0.2640599892876272,0.18188480716127262,0.00011135857461024499,0.5,0.38702304665129983,0.2735893243526718,0.12945832488434236,0.4427487607210515,0.3315220136210519,0.29591713565792055
2021-04-19 21:40:00,0.40794979079497906,0.15537848605577675,0.3384959046909901,0.2572754865202642,0.18052374658098963,0.00011135857461024499,0.5,0.38702304665129983,0.2735893243526718,0.12945832488434236,0.4427487607210515,0.3315220136210519,0.31128445765499346
2021-04-19 21:50:00,0.4177126917712692,0.20318725099601576,0.3373045420699925,0.24692019282271027,0.18052374658098963,0.00011135857461024499,0.5,0.38702304665129983,0.2735893243526718,0.12945832488434236,0.4427487607210515,0.3315220136210519,0.31545634232086545
2021-04-19 22:00:00,0.3800557880055788,0.2749003984063745,0.33581533879374503,0.24370648098553827,0.18052374658098963,0.00011135857461024499,0.5,0.261720959381607,0.28832753364156366,0.19894789930502058,0.4302006397105217,0.340727728615322,0.2583249090936524
2021-04-19 22:10:00,0.3702928870292887,0.10756972111553775,0.33164556962025293,0.2433494018925193,0.18052374658098963,0.00011135857461024499,0.5,0.261720959381607,0.28832753364156366,0.19894789930502058,0.4302006397105217,0.340727728615322,0.2343120539553691
2021-04-19 22:20:00,0.41143654114365413,-0.3466135458167332,0.3298585256887563,0.24370648098553827,0.18052374658098963,0.00011135857461024499,0.5,0.261720959381607,0.28832753364156366,0.19894789930502058,0.4302006397105217,0.340727728615322,0.3018694267996439
2021-04-19 22:30:00,0.42189679218967924,-0.36254980079681276,0.3298585256887563,0.24370648098553827,0.18052374658098963,0.00011135857461024499,0.5,0.261720959381607,0.28832753364156366,0.19894789930502058,0.4302006397105217,0.340727728615322,0.30461547746578754
2021-04-19 22:40:00,0.37099023709902373,-0.02788844621513953,0.32836932241250905,0.24156400642742382,0.18052374658098963,0.00011135857461024499,0.5,0.261720959381607,0.28832753364156366,0.19894789930502058,0.4302006397105217,0.340727728615322,0.25215383919006595
2021-04-19 22:50:00,0.401673640167364,-0.1633466135458168,0.3268801191362618,0.23620782003213714,0.18052374658098963,0.00011135857461024499,0.5,0.261720959381607,0.28832753364156366,0.19894789930502058,0.4302006397105217,0.340727728615322,0.29544940175324774
2021-04-19 23:00:00,0.3898186889818689,-0.05179282868525903,0.3265822784810126,0.23585074093911795,0.18052374658098963,0.00011135857461024499,0.5,0.1900476382177041,0.2947584387670366,0.2548068576512731,0.40285498971985945,0.3399554359224546,0.26989000709144956
2021-04-19 23:10:00,0.37377963737796377,-0.043824701195219196,0.32300819061801933,0.23299410819496535,0.18052374658098963,0.00011135857461024499,0.5,0.1900476382177041,0.2947584387670366,0.2548068576512731,0.40285498971985945,0.3399554359224546,0.2540096866182839
2021-04-19 23:20:00,0.4065550906555091,-0.2270916334661356,0.32092330603127306,0.23299410819496535,0.18052374658098963,0.00011135857461024499,0.5,0.1900476382177041,0.2947584387670366,0.2548068576512731,0.40285498971985945,0.3399554359224546,0.3050153145133304
2021-04-19 23:30:00,0.4463040446304045,-0.11553784860557781,0.31675353685778074,0.23120871272986965,0.18052374658098963,0.00011135857461024499,0.5,0.1900476382177041,0.2947584387670366,0.2548068576512731,0.40285498971985945,0.3399554359224546,0.36672601354919504
2021-04-19 23:40:00,0.5167364016736402,-0.01195219123505975,0.31288160833953826,0.2258525263345832,0.18052374658098963,0.00011135857461024499,0.5,0.1900476382177041,0.2947584387670366,0.2548068576512731,0.40285498971985945,0.3399554359224546,0.5248879701857356
2021-04-19 23:50:00,0.4804741980474198,0.3067729083665336,0.311392405063291,0.22263881449741119,0.18052374658098963,0.00011135857461024499,0.5,0.1900476382177041,0.2947584387670366,0.2548068576512731,0.40285498971985945,0.3399554359224546,0.44042427991610966
2021-04-20 00:00:00,0.5432357043235705,0.019920318725099362,0.3072226358897989,0.22263881449741119,0.18995956079622045,0.00011135857461024499,0.5,0.17258125896572718,0.2876551333737539,0.3069402706746017,0.3652757566892063,0.31288230270080997,0.5972056671243418
2021-04-20 00:10:00,0.5767085076708507,0.043824701195219085,0.30871183916604594,0.2258525263345832,0.19184410621507375,0.00011135857461024499,0.5,0.17258125896572718,0.2876551333737539,0.3069402706746017,0.3652757566892063,0.31288230270080997,0.6731369856813072
2021-04-20 00:20:00,0.5801952580195259,-0.17131474103585675,0.30603127326880086,0.23013747545081253,0.19184410621507375,0.00011135857461024499,0.5,0.17258125896572718,0.2876551333737539,0.3069402706746017,0.3652757566892063,0.31288230270080997,0.6716583430149222
2021-04-20 00:30:00,0.4874476987447699,-0.3705179282868527,0.29679821295606845,0.23513658275308003,0.18229050791116463,0.00011135857461024499,0.5,0.17258125896572718,0.2876551333737539,0.3069402706746017,0.3652757566892063,0.31288230270080997,0.46160809934064606
2021-04-20 00:40:00,0.4860529986052998,-0.29083665338645437,0.287862993298585,0.23477950366006062,0.1805760950648467,0.00011135857461024499,0.5,0.17258125896572718,0.2876551333737539,0.3069402706746017,0.3652757566892063,0.31288230270080997,0.46021998581710094
2021-04-20 00:50:00,0.4281729428172943,-0.14741035856573714,0.28101265822784804,0.23299410819496535,0.1805760950648467,0.00011135857461024499,0.5,0.17258125896572718,0.2876551333737539,0.3069402706746017,0.3652757566892063,0.31288230270080997,0.35940069707439987
2021-04-20 01:00:00,0.4386331938633194,0.3784860557768923,0.27446016381236027,0.22478128905552563,0.1805760950648467,0.00011135857461024499,0.5,0.10805733929731032,0.2907757602576961,0.3549124050463398,0.3515705655912444,0.26296464102001754,0.3726481283099718
2021-04-20 01:10:00,0.4379358437935844,0.10756972111553775,0.2670141474311243,0.2129976789858954,0.18900420096582954,0.00011135857461024499,0.5,0.10805733929731032,0.2907757602576961,0.3549124050463398,0.3515705655912444,0.26296464102001754,0.3777479366899528
2021-04-20 01:20:00,0.41143654114365413,0.10756972111553775,0.2565897244973938,0.20549901803249426,0.19188336757796653,0.00011135857461024499,0.5,0.10805733929731032,0.2907757602576961,0.3549124050463398,0.3515705655912444,0.26296464102001754,0.3476017321242663
2021-04-20 01:30:00,0.3926080892608089,-0.043824701195219196,0.25093075204765447,0.20014283163720759,0.19188336757796653,0.00011135857461024499,0.5,0.10805733929731032,0.2907757602576961,0.3549124050463398,0.3515705655912444,0.26296464102001754,0.29647539870543327
2021-04-20 01:40:00,0.36541143654114366,-0.24302788844621515,0.24646314221891252,0.1922870915907875,0.19188336757796653,0.00011135857461024499,0.5,0.10805733929731032,0.2907757602576961,0.3549124050463398,0.3515705655912444,0.26296464102001754,0.2558957104274484
2021-04-20 01:50:00,0.3472803347280335,-0.03585657370517936,0.24408041697691707,0.184074272451348,0.18357304576566202,0.00011135857461024499,0.5,0.10805733929731032,0.2907757602576961,0.3549124050463398,0.3515705655912444,0.26296464102001754,0.2199480966247718
2021-04-20 02:00:00,0.3403068340306834,0.03585657370517925,0.24348473566641826,0.1744331369398322,0.1806153564277395,0.00011135857461024499,0.5,0.10142094167111648,0.28608907292094776,0.3654994821545263,0.35621815711282173,0.21908147938411263,0.21656079786351223
2021-04-20 02:10:00,0.34449093444909346,-0.5378486055776892,0.24348473566641826,0.17229066238171753,0.1806153564277395,0.00011135857461024499,0.5,0.10142094167111648,0.28608907292094776,0.3654994821545263,0.35621815711282173,0.21908147938411263,0.20627819605594702
2021-04-20 02:20:00,0.3451882845188285,-0.003984063745020028,0.24080416976917318,0.16907695054454575,0.16845742105194278,0.00011135857461024499,0.5,0.10142094167111648,0.28608907292094776,0.3654994821545263,0.35621815711282173,0.21908147938411263,0.2144710834829579
2021-04-20 02:30:00,0.3312412831241283,0.17131474103585642,0.23752792256142952,0.15800749866095343,0.16682153093141042,0.00011135857461024499,0.5,0.10142094167111648,0.28608907292094776,0.3654994821545263,0.35621815711282173,0.21908147938411263,0.19685562110536084
2021-04-20 02:40:00,0.31520223152022314,0.13147410358565725,0.23454951600893525,0.15086591680057126,0.16682153093141042,0.00011135857461024499,0.5,0.10142094167111648,0.28608907292094776,0.3654994821545263,0.35621815711282173,0.21908147938411263,0.17715044434720945
2021-04-20 02:50:00,0.30404463040446306,0.043824701195219085,0.23067758749069234,0.14336725584717036,0.16682153093141042,0.00011135857461024499,0.5,0.10142094167111648,0.28608907292094776,0.3654994821545263,0.35621815711282173,0.21908147938411263,0.16429530606394377
2021-04-20 03:00:00,0.30474198047419804,-0.3545816733067729,0.22680565897244964,0.14015354400999835,0.16682153093141042,0.00011135857461024499,0.5,0.09557437855689854,0.2853160999635066,0.37774642932642555,0.3493156969719243,0.1945007178488356,0.1522700182567105
2021-04-20 03:10:00,0.303347280334728,-0.5139442231075697,0.22263588979895732,0.13551151580074983,0.16302626585177526,0.00011135857461024499,0.5,0.09557437855689854,0.2853160999635066,0.37774642932642555,0.3493156969719243,0.1945007178488356,0.15166649063777782
2021-04-20 03:20:00,0.300557880055788,0.3306772908366533,0.21876396128071485,0.1283699339403679,0.15298844407218856,0.00011135857461024499,0.5,0.09557437855689854,0.2853160999635066,0.37774642932642555,0.3493156969719243,0.1945007178488356,0.15642681473210918
2021-04-20 03:30:00,0.27405857740585776,0.29083665338645415,0.21578555472822036,0.11658632387073742,0.15298844407218856,0.00011135857461024499,0.5,0.09557437855689854,0.2853160999635066,0.37774642932642555,0.3493156969719243,0.1945007178488356,0.128151545785114
2021-04-20 03:40:00,0.2691771269177127,0.10756972111553775,0.2101265822784808,0.11123013747545074,0.15298844407218856,0.00011135857461024499,0.5,0.09557437855689854,0.2853160999635066,0.37774642932642555,0.3493156969719243,0.1945007178488356,0.12772907645186113
2021-04-20 03:50:00,0.2691771269177127,-0.17131474103585675,0.20476545048399108,0.10551687198714532,0.15298844407218856,0.00011135857461024499,0.5,0.09557437855689854,0.2853160999635066,0.37774642932642555,0.3493156969719243,0.1945007178488356,0.12668044721396562
2021-04-20 04:00:00,0.28103207810320785,-0.17928286852589637,0.20327624720774362,0.1023031601499731,0.15298844407218856,0.00011135857461024499,0.5,0.02617086854446793,0.2785777297583104,0.45867197459862386,0.33153772006164994,0.17472913133098872,0.1374609593071503
2021-04-20 04:10:00,0.2789400278940028,-0.043824701195219196,0.20178704393149638,0.09694697375468664,0.15298844407218856,0.00011135857461024499,0.5,0.02617086854446793,0.2785777297583104,0.45867197459862386,0.33153772006164994,0.17472913133098872,0.14185916683012206
2021-04-20 04:20:00,0.2873082287308229,-0.02788844621513953,0.19999999999999996,0.09266202463845752,0.15298844407218856,0.00011135857461024499,0.5,0.02617086854446793,0.2785777297583104,0.45867197459862386,0.33153772006164994,0.17472913133098872,0.1466421232101634
2021-04-20 04:30:00,0.2907949790794979,-0.0916334661354582,0.19880863737900212,0.09016247098732366,0.15298844407218856,0.00011135857461024499,0.5,0.02617086854446793,0.2785777297583104,0.45867197459862386,0.33153772006164994,0.17472913133098872,0.14856586749551126
2021-04-20 04:40:00,0.299860529986053,-0.3784860557768924,0.1982129560685031,0.09016247098732366,0.15298844407218856,0.00011135857461024499,0.5,0.02617086854446793,0.2785777297583104,0.45867197459862386,0.33153772006164994,0.17472913133098872,0.15316022149463615
2021-04-20 04:50:00,0.3200836820083682,-0.4820717131474104,0.19583023082650763,0.09016247098732366,0.14770124720262792,0.00011135857461024499,0.5,0.02617086854446793,0.2785777297583104,0.45867197459862386,0.33153772006164994,0.17472913133098872,0.1799040391085897
2021-04-20 05:00:00,0.33751743375174337,0.13147410358565725,0.19583023082650763,0.08444920549901802,0.13919461857585952,0.00011135857461024499,0.5,0.011867963123489922,0.28191386954860215,0.4783028009308664,0.3380385873872223,0.15494133765698076,0.2073494575795525
2021-04-20 05:10:00,0.3270571827057183,0.2828685258964143,0.19285182427401315,0.08052133547580786,0.13919461857585952,0.00011135857461024499,0.5,0.011867963123489922,0.28191386954860215,0.4783028009308664,0.3380385873872223,0.15494133765698076,0.1931514703441616
2021-04-20 05:20:00,0.3200836820083682,0.2669322709163344,0.19285182427401315,0.07695054454561667,0.13919461857585952,0.00011135857461024499,0.5,0.011867963123489922,0.28191386954860215,0.4783028009308664,0.3380385873872223,0.15494133765698076,0.1808093305369887
2021-04-20 05:30:00,0.299163179916318,0.10756972111553775,0.19285182427401315,0.07337975361542592,0.13919461857585952,0.00011135857461024499,0.5,0.011867963123489922,0.28191386954860215,0.4783028009308664,0.3380385873872223,0.15494133765698076,0.16391810130211085
2021-04-20 05:40:00,0.299163179916318,0.05179282868525892,0.19225614296351434,0.07266559542938755,0.13919461857585952,0.00011135857461024499,0.5,0.011867963123489922,0.28191386954860215,0.4783028009308664,0.3380385873872223,0.15494133765698076,0.16247717911190912
2021-04-20 05:50:00,0.2712691771269177,0.027888446215139417,0.18808637379002224,0.07230851633636859,0.13919461857585952,0.00011135857461024499,0.5,0.011867963123489922,0.28191386954860215,0.4783028009308664,0.3380385873872223,0.15494133765698076,0.13424717473633388
2021-04-20 06:00:00,0.26638772663877264,0.07569721115537842,0.1868950111690244,0.07230851633636859,0.13919461857585952,0.00011135857461024499,0.5,0.03728788685831552,0.28470116980405596,0.4573221650670967,0.39941447301019783,0.15547032905285008,0.1246435415000679
2021-04-20 06:10:00,0.26638772663877264,-0.09960159362549814,0.18659717051377522,0.07230851633636859,0.13919461857585952,0.00011135857461024499,0.5,0.03728788685831552,0.28470116980405596,0.4573221650670967,0.39941447301019783,0.15547032905285008,0.11792175264420539
2021-04-20 06:20:00,0.2503486750348675,-0.019920318725099695,0.18391660461653014,0.06909480449919658,0.13919461857585952,0.00011135857461024499,0.5,0.03728788685831552,0.28470116980405596,0.4573221650670967,0.39941447301019783,0.15547032905285008,0.11289738521659098
2021-04-20 06:30:00,0.23849372384937237,0.3306772908366533,0.18391660461653014,0.0687377254061774,0.13919461857585952,0.00011135857461024499,0.5,0.03728788685831552,0.28470116980405596,0.4573221650670967,0.39941447301019783,0.15547032905285008,0.10705825550341748
2021-04-20 06:40:00,0.23849372384937237,0.5458167330677288,0.18153387937453447,0.06766648812712006,0.13919461857585952,0.00011135857461024499,0.5,0.03728788685831552,0.28470116980405596,0.4573221650670967,0.39941447301019783,0.15547032905285008,0.1063868310273549
2021-04-20 06:50:00,0.2705718270571827,0.3227091633466135,0.17974683544303782,0.061596143545795234,0.14770124720262792,0.00011135857461024499,0.5,0.03728788685831552,0.28470116980405596,0.4573221650670967,0.39941447301019783,0.15547032905285008,0.1185856330250313
2021-04-20 07:00:00,0.24686192468619247,0.2669322709163344,0.17795979151154118,0.0590965898946616,0.15298844407218856,0.00011135857461024499,0.5,0.03855003447041794,0.3060570620705887,0.4571598429888973,0.4120738411975079,0.1600080815817413,0.11338775140697377
2021-04-20 07:10:00,0.2189679218967922,0.5776892430278884,0.17706626954579274,0.0576682735225853,0.15298844407218856,0.00011135857461024499,0.5,0.03855003447041794,0.3060570620705887,0.4571598429888973,0.4120738411975079,0.1600080815817413,0.08459193988864916
2021-04-20 07:20:00,0.20571827057182707,0.4820717131474104,0.17498138495904692,0.057311194429566115,0.15298844407218856,0.00011135857461024499,0.5,0.03855003447041794,0.3060570620705887,0.4571598429888973,0.4120738411975079,0.1600080815817413,0.07439232312868718
2021-04-20 07:30:00,0.1771269177126918,0.6175298804780875,0.17498138495904692,0.0590965898946616,0.1541662849589719,0.00011135857461024499,0.5,0.03855003447041794,0.3060570620705887,0.4571598429888973,0.4120738411975079,0.1600080815817413,0.06051873198847262
2021-04-20 07:40:00,0.19665271966527195,-0.21115537848605592,0.17408786299329848,0.061596143545795234,0.169478216487155,0.00011135857461024499,0.5,0.03855003447041794,0.3060570620705887,0.4571598429888973,0.4120738411975079,0.1600080815817413,0.06550537893990374
2021-04-20 07:50:00,0.18131101813110181,-0.0916334661354582,0.1720029784065522,0.058739510801642636,0.169478216487155,0.00011135857461024499,0.5,0.03855003447041794,0.3060570620705887,0.4571598429888973,0.4120738411975079,0.1600080815817413,0.06371742836881572
2021-04-20 08:00:00,0.16387726638772665,-0.13147410358565736,0.17438570364854789,0.06088198535975731,0.169478216487155,0.00011135857461024499,0.5,0.044950292223093546,0.3123644064630899,0.447432058382179,0.3707166251128069,0.16726697383813405,0.05250690284714154
2021-04-20 08:10:00,0.14365411436541145,-0.3466135458167332,0.17498138495904692,0.06445277628994828,0.169478216487155,0.00011135857461024499,0.5,0.044950292223093546,0.3123644064630899,0.447432058382179,0.3707166251128069,0.16726697383813405,0.03462739713626145
2021-04-20 08:20:00,0.14644351464435149,-0.23505976095617542,0.17587490692479513,0.0687377254061774,0.15804007276439255,0.00011135857461024499,0.5,0.044950292223093546,0.3123644064630899,0.447432058382179,0.3707166251128069,0.16726697383813405,0.04112286313502422
2021-04-20 08:30:00,0.14714086471408647,0.15537848605577675,0.17795979151154118,0.07230851633636859,0.15302770543508135,0.00011135857461024499,0.5,0.044950292223093546,0.3123644064630899,0.447432058382179,0.3707166251128069,0.16726697383813405,0.042473256182386045
2021-04-20 08:40:00,0.1324965132496513,0.07569721115537842,0.18212956068503328,0.07266559542938755,0.15302770543508135,0.00011135857461024499,0.5,0.044950292223093546,0.3123644064630899,0.447432058382179,0.3707166251128069,0.16726697383813405,0.03616639256453973
2021-04-20 08:50:00,0.13319386331938632,0.36254980079681287,0.18451228592702873,0.07980717728976972,0.15302770543508135,0.00011135857461024499,0.5,0.044950292223093546,0.3123644064630899,0.447432058382179,0.3707166251128069,0.16726697383813405,0.03532145389803401
2021-04-20 09:00:00,0.12133891213389121,0.10756972111553775,0.1868950111690244,0.0830208891269415,0.15302770543508135,0.00011135857461024499,0.5,0.03875358837551435,0.3266141198309235,0.43665006796602956,0.3123665090044675,0.19364368895513437,0.018701812091675846
2021-04-20 09:10:00,0.10599721059972106,-0.6175298804780878,0.18778853313477262,0.08909123370826633,0.1515750350080486,0.00011135857461024499,0.5,0.03875358837551435,0.3266141198309235,0.43665006796602956,0.3123665090044675,0.19364368895513437,0.0061937021892964385
2021-04-20 09:20:00,0.10111576011157601,0.019920318725099362,0.1940431868950112,0.09980360649883946,0.1365771943830077,0.00011135857461024499,0.5,0.03875358837551435,0.3266141198309235,0.43665006796602956,0.3123665090044675,0.19364368895513437,0.00326659323747303
2021-04-20 09:30:00,0.1206415620641562,0.05976095617529875,0.2023827252419954,0.10944474201035526,0.14281975108295927,0.00011135857461024499,0.5,0.03875358837551435,0.3266141198309235,0.43665006796602956,0.3123665090044675,0.19364368895513437,0.015835055901745703
2021-04-20 09:40:00,0.14504881450488147,0.03585657370517925,0.2142963514519729,0.11408677021960378,0.16258130373899046,0.00011135857461024499,0.5,0.03875358837551435,0.3266141198309235,0.43665006796602956,0.3123665090044675,0.19364368895513437,0.03545724761229386
2021-04-20 09:50:00,0.13598326359832635,0.05976095617529875,0.2244229337304542,0.11658632387073742,0.169478216487155,0.00011135857461024499,0.5,0.03875358837551435,0.3266141198309235,0.43665006796602956,0.3123665090044675,0.19364368895513437,0.028788267423087946
2021-04-20 10:00:00,0.16457461645746163,0.3705179282868525,0.23514519731943406,0.12908409212640604,0.17760531860595988,0.00011135857461024499,0.5,0.2427644307978425,0.3328151445229561,0.32076047386379936,0.26332589658357536,0.2718935058540193,0.04969295532386801
2021-04-20 10:10:00,0.12133891213389121,0.17131474103585642,0.24408041697691707,0.13479735761471168,0.18000026174241932,0.00011135857461024499,0.5,0.2427644307978425,0.3328151445229561,0.32076047386379936,0.26332589658357536,0.2718935058540193,0.015669085806539224
2021-04-20 10:20:00,0.12273361227336123,-0.1633466135458168,0.2527177959791511,0.15265131226566697,0.20146314012380415,0.00011135857461024499,0.5,0.2427644307978425,0.3328151445229561,0.32076047386379936,0.26332589658357536,0.2718935058540193,0.005763688760806916
2021-04-20 10:30:00,0.08577405857740586,0.17928286852589648,0.26195085629188375,0.16693447598643107,0.2158982345473819,0.017037861915367485,0.5,0.2427644307978425,0.3328151445229561,0.32076047386379936,0.26332589658357536,0.2718935058540193,0.0
2021-04-20 10:40:00,0.12831241283124128,0.8804780876494025,0.272970960536113,0.16443492233529722,0.2074963028883276,0.8097995545657015,0.5,0.2427644307978425,0.3328151445229561,0.32076047386379936,0.26332589658357536,0.2718935058540193,0.0
2021-04-20 10:50:00,0.15132496513249652,0.5537848605577689,0.2881608339538346,0.19657204070701662,0.2074963028883276,0.9996659242761693,0.5,0.2427644307978425,0.3328151445229561,0.32076047386379936,0.26332589658357536,0.2718935058540193,0.0
2021-04-20 11:00:00,0.14504881450488147,0.585657370517928,0.2994787788533133,0.22049633993929652,0.2074963028883276,0.9996659242761693,0.5,0.2446046875099015,0.3340852339177091,0.29732953550396,0.20561945004029394,0.4176778830858508,0.0
2021-04-20 11:10:00,0.15411436541143653,0.6175298804780875,0.30811615785554713,0.23192287091590802,0.2074963028883276,0.9996659242761693,0.5,0.2446046875099015,0.3340852339177091,0.29732953550396,0.20561945004029394,0.4176778830858508,0.0
2021-04-20 11:20:00,0.12343096234309624,0.6494023904382469,0.31586001489203275,0.2369219782181753,0.2074963028883276,0.9996659242761693,0.5,0.2446046875099015,0.3340852339177091,0.29732953550396,0.20561945004029394,0.4176778830858508,0.0
2021-04-20 11:30:00,0.11297071129707113,0.6812749003984064,0.32747580044676083,0.24442063917157664,0.2074963028883276,0.9996659242761693,0.5,0.2446046875099015,0.3340852339177091,0.29732953550396,0.20561945004029394,0.4176778830858508,0.0
2021-04-20 11:40:00,0.13389121338912133,0.4501992031872508,0.33938942665673855,0.2547759328691306,0.2074963028883276,0.9996659242761693,0.5,0.2446046875099015,0.3340852339177091,0.29732953550396,0.20561945004029394,0.4176778830858508,0.0
2021-04-20 11:50:00,0.15271966527196654,0.21912350597609564,0.34832464631422155,0.26370291019460823,0.2074963028883276,0.9996659242761693,0.5,0.2446046875099015,0.3340852339177091,0.29732953550396,0.20561945004029394,0.4176778830858508,0.0
2021-04-20 12:00:00,0.12203626220362622,-0.01195219123505975,0.35547282204020836,0.2708444920549904,0.2074963028883276,0.9996659242761693,0.5,0.2640498055014586,0.3358093371685058,0.2760388391080047,0.2590482369579338,0.5738814813362182,0.0
2021-04-20 12:10:00,0.07322175732217574,-0.24302788844621515,0.3614296351451971,0.2772719157293342,0.2074963028883276,0.9996659242761693,0.5,0.2640498055014586,0.3358093371685058,0.2760388391080047,0.2590482369579338,0.5738814813362182,0.0
2021-04-20 12:20:00,0.10390516039051603,0.2549800796812749,0.37096053611317936,0.2879842885199073,0.2074963028883276,0.9996659242761693,0.5,0.2640498055014586,0.3358093371685058,0.2760388391080047,0.2590482369579338,0.5738814813362182,0.0
2021-04-20 12:30:00,0.08507670850767085,0.7529880478087649,0.3801935964259122,0.2979825031244421,0.2074963028883276,0.9996659242761693,0.5,0.2640498055014586,0.3358093371685058,0.2760388391080047,0.2590482369579338,0.5738814813362182,0.0
2021-04-20 12:40:00,0.05718270571827057,-0.3784860557768924,0.3873417721518986,0.30619532226388135,0.2074963028883276,0.9996659242761693,0.5,0.2640498055014586,0.3358093371685058,0.2760388391080047,0.2590482369579338,0.5738814813362182,0.0
2021-04-20 12:50:00,0.07182705718270573,0.03585657370517925,0.39806403574087845,0.31762185324049286,0.2074963028883276,0.9996659242761693,0.5,0.2640498055014586,0.3358093371685058,0.2760388391080047,0.2590482369579338,0.5738814813362182,0.0
2021-04-20 13:00:00,0.08368200836820083,0.4501992031872508,0.4075949367088605,0.32440635600785583,0.2074963028883276,0.9996659242761693,0.5,0.3956463211709069,0.3217693896961846,0.17929120289156494,0.3760162579902344,0.6602929584885111,0.0
2021-04-20 13:10:00,0.10599721059972106,0.4745939319644499,0.41414743112434826,0.3311908587752188,0.2074963028883276,0.9996659242761693,0.5,0.3956463211709069,0.3217693896961846,0.17929120289156494,0.3760162579902344,0.6602929584885111,0.0
2021-04-20 13:20:00,0.14644351464435149,0.4989886607416485,0.42069992553983626,0.3358328869844669,0.2074963028883276,0.9996659242761693,0.5,0.3956463211709069,0.3217693896961846,0.17929120289156494,0.3760162579902344,0.6602929584885111,0.0
2021-04-20 13:30:00,0.09623430962343095,0.5233833895188476,0.42516753536857754,0.3329762542403143,0.2074963028883276,0.9996659242761693,0.5,0.3956463211709069,0.3217693896961846,0.17929120289156494,0.3760162579902344,0.6602929584885111,0.0
2021-04-20 13:40:00,0.08298465829846582,0.5477781182960466,0.4275502606105732,0.3408319942867344,0.2074963028883276,0.9996659242761693,0.5,0.3956463211709069,0.3217693896961846,0.17929120289156494,0.3760162579902344,0.6602929584885111,0.0
2021-04-20 13:50:00,0.0794979079497908,0.5721728470732457,0.43678332092330585,0.34654525977504025,0.2074963028883276,0.9996659242761693,0.5,0.3956463211709069,0.3217693896961846,0.17929120289156494,0.3760162579902344,0.6602929584885111,0.0
2021-04-20 14:00:00,0.058577405857740586,0.5965675758504443,0.4358897989575574,0.34940189251919307,0.2074963028883276,0.9996659242761693,0.5,0.4122658654809863,0.30919780349245884,0.1504901936540437,0.506163837381123,0.7088226386598964,0.0
2021-04-20 14:10:00,0.19665271966527195,0.6209623046276431,0.44095309009679795,0.3540439207284414,0.21007446571828664,0.9996659242761693,0.5,0.4122658654809863,0.30919780349245884,0.1504901936540437,0.506163837381123,0.7088226386598964,0.0
2021-04-20 14:20:00,0.12552301255230125,0.645357033404842,0.44720774385703654,0.359757186216747,0.318448914423316,0.9996659242761693,0.5,0.4122658654809863,0.30919780349245884,0.1504901936540437,0.506163837381123,0.7088226386598964,0.0
2021-04-20 14:30:00,0.07670850767085077,0.669751762182041,0.44810126582278453,0.3711837171933583,0.3465993116174373,0.9996659242761693,0.5,0.4122658654809863,0.30919780349245884,0.1504901936540437,0.506163837381123,0.7088226386598964,0.0
2021-04-20 14:40:00,0.06694560669456066,0.6941464909592401,0.44929262844378237,0.3840385645420461,0.3465993116174373,0.9996659242761693,0.5,0.4122658654809863,0.30919780349245884,0.1504901936540437,0.506163837381123,0.7088226386598964,0.0
2021-04-20 14:50:00,0.09135285913528592,0.7185412197364387,0.4549516008935217,0.39260846277450456,0.3465993116174373,0.9996659242761693,0.5,0.4122658654809863,0.30919780349245884,0.1504901936540437,0.506163837381123,0.7088226386598964,0.0
2021-04-20 15:00:00,0.06903765690376569,0.7429359485136375,0.45614296351451955,0.3954650955186574,0.3465993116174373,0.9996659242761693,0.5,0.41796584176693985,0.2917240170456351,0.14527825998848273,0.583537356331027,0.723389755715345,0.0
2021-04-20 15:10:00,0.15760111576011157,0.7673306772908366,0.46358897989575576,0.3968934118907337,0.3465993116174373,0.9996659242761693,0.5,0.41796584176693985,0.2917240170456351,0.14527825998848273,0.583537356331027,0.723389755715345,0.0
2021-04-20 15:20:00,0.21199442119944212,0.6509960159362549,0.4665673864482498,0.3983217282628102,0.3977306932247974,0.6280623608017818,0.5,0.41796584176693985,0.2917240170456351,0.14527825998848273,0.583537356331027,0.723389755715345,0.0
2021-04-20 15:30:00,0.2496513249651325,0.534661354581673,0.46835443037974667,0.4061774683092303,0.4071795945609925,0.9270601336302896,0.5,0.41796584176693985,0.2917240170456351,0.14527825998848273,0.583537356331027,0.723389755715345,0.0
2021-04-20 15:40:00,0.17503486750348674,0.4183266932270917,0.47550260610573325,0.4108194965184788,0.3300571907186138,0.07171492204899778,0.5,0.41796584176693985,0.2917240170456351,0.14527825998848273,0.583537356331027,0.723389755715345,0.001207055237865323
2021-04-20 15:50:00,0.3507670850767085,0.2669322709163344,0.47848101265822773,0.3951080164256384,0.35056470926960775,0.0178173719376392,0.5,0.41796584176693985,0.2917240170456351,0.14527825998848273,0.583537356331027,0.723389755715345,0.17427614406204264
2021-04-20 16:00:00,0.16457461645746163,0.593625498007968,0.4859270290394637,0.3726120335654348,0.41070003010037825,0.07071269487750556,0.5,0.4460098198166047,0.28571551721660765,0.12408330825584041,0.6029783451822052,0.7272891036781336,0.05222022722814853
2021-04-20 16:10:00,0.15202231520223153,0.1872509960159361,0.4847356664184659,0.3951080164256384,0.4340081925377236,0.9321826280623607,0.5,0.4460098198166047,0.28571551721660765,0.12408330825584041,0.6029783451822052,0.7272891036781336,0.0
2021-04-20 16:20:00,0.1087866108786611,-0.21912350597609576,0.4847356664184659,0.4111765756114978,0.40498095823899705,0.989532293986637,0.5,0.4460098198166047,0.28571551721660765,0.12408330825584041,0.6029783451822052,0.7272891036781336,0.0
2021-04-20 16:30:00,0.23849372384937237,-0.6254980079681276,0.48682055100521215,0.41546152472772735,0.37374200049731066,0.36213808463251673,0.5,0.4460098198166047,0.28571551721660765,0.12408330825584041,0.6029783451822052,0.7272891036781336,0.033616488374549246
2021-04-20 16:40:00,0.25732217573221755,-0.23505976095617542,0.4924795234549515,0.40546331012319237,0.3374121527005274,0.00011135857461024499,0.5,0.4460098198166047,0.28571551721660765,0.12408330825584041,0.6029783451822052,0.7272891036781336,0.10715632874149403
2021-04-20 16:50:00,0.3772663877266388,0.03585657370517925,0.49456440804169755,0.4018925191930012,0.35751397050162936,0.00011135857461024499,0.5,0.4460098198166047,0.28571551721660765,0.12408330825584041,0.6029783451822052,0.7272891036781336,0.25367020233263426
2021-04-20 17:00:00,0.27405857740585776,0.43426294820717115,0.45614296351451955,0.3654704517050529,0.37738022012537464,0.00011135857461024499,0.5,0.43886852312186253,0.26948883212119257,0.12574470008903618,0.5717731369017303,0.7229716930030256,0.12848348597552697
2021-04-20 17:10:00,0.25523012552301255,-0.6095617529880479,0.43737900223380466,0.3490448134261739,0.4122704846160893,0.25278396436525613,0.5,0.43886852312186253,0.26948883212119257,0.12574470008903618,0.5717731369017303,0.7229716930030256,0.022013669900568824
2021-04-20 17:20:00,0.3842398884239888,0.2111553784860556,0.4418466120625464,0.35582931619353686,0.3642930991611156,0.00011135857461024499,0.5,0.43886852312186253,0.26948883212119257,0.12574470008903618,0.5717731369017303,0.7229716930030256,0.2453490652866002
2021-04-20 17:30:00,0.31520223152022314,-0.20318725099601598,0.42814594192107225,0.32690590965898947,0.3601968302993025,0.00011135857461024499,0.5,0.43886852312186253,0.26948883212119257,0.12574470008903618,0.5717731369017303,0.7229716930030256,0.1763281379664137
2021-04-20 17:40:00,0.20711297071129708,0.08366533864541825,0.4221891288160833,0.3144081414033211,0.3521613380272474,0.00011135857461024499,0.5,0.43886852312186253,0.26948883212119257,0.12574470008903618,0.5717731369017303,0.7229716930030256,0.057063536370083136
2021-04-20 17:50:00,0.18200836820083682,-0.05179282868525903,0.4192107222635888,0.3344045706123906,0.3560743871955609,0.00011135857461024499,0.5,0.43886852312186253,0.26948883212119257,0.12574470008903618,0.5717731369017303,0.7229716930030256,0.056935286751059945
2021-04-20 18:00:00,0.21548117154811713,-0.31474103585657376,0.41831720029784036,0.3379753615425818,0.3976914318619047,0.00011135857461024499,0.5,0.38959617079850273,0.2664055608076856,0.1617652373827239,0.53574989069384,0.710805978210757,0.08480317455527558
2021-04-20 18:10:00,0.30404463040446306,-0.11553784860557781,0.4156366344005955,0.33868951972861994,0.3737158262553821,0.00011135857461024499,0.5,0.38959617079850273,0.2664055608076856,0.1617652373827239,0.53574989069384,0.710805978210757,0.15297916320895635
2021-04-20 18:20:00,0.14853556485355648,0.41035856573705165,0.4129560685033504,0.3315479378682378,0.3650914135399354,0.00011135857461024499,0.5,0.38959617079850273,0.2664055608076856,0.1617652373827239,0.53574989069384,0.710805978210757,0.03370701751738914
2021-04-20 18:30:00,0.301952580195258,-0.2749003984063746,0.4117647058823528,0.33083377968219985,0.3682977581761788,0.00011135857461024499,0.5,0.38959617079850273,0.2664055608076856,0.1617652373827239,0.53574989069384,0.710805978210757,0.1407501848303333
2021-04-20 18:40:00,0.28591352859135283,0.05976095617529875,0.40938198064035736,0.3119085877521872,0.3577102773160933,0.00011135857461024499,0.5,0.38959617079850273,0.2664055608076856,0.1617652373827239,0.53574989069384,0.710805978210757,0.14044087692563031
2021-04-20 18:50:00,0.3103207810320781,0.4183266932270917,0.4087862993298583,0.3179789323335118,0.39151431076677434,0.00011135857461024499,0.5,0.38959617079850273,0.2664055608076856,0.1617652373827239,0.53574989069384,0.710805978210757,0.16301280987371186
2021-04-20 19:00:00,0.21199442119944212,-0.4103585657370519,0.4069992553983617,0.3154793786823784,0.37905537160879976,0.00011135857461024499,0.5,0.39123290695855517,0.2677934639245775,0.14417662569682776,0.5454293895628985,0.705462150991208,0.07312491512892859
2021-04-20 19:10:00,0.19525801952580193,-0.4900398406374503,0.40551005212211444,0.31405106231030167,0.342241300336339,0.00011135857461024499,0.5,0.39123290695855517,0.2677934639245775,0.14417662569682776,0.5454293895628985,0.705462150991208,0.05540383541801832
2021-04-20 19:20:00,0.33054393305439334,0.5458167330677288,0.4046165301563662,0.32904838421710414,0.3871301252437476,0.00011135857461024499,0.5,0.39123290695855517,0.2677934639245775,0.14417662569682776,0.5454293895628985,0.705462150991208,0.1693121293963215
2021-04-20 19:30:00,0.197350069735007,-0.1394422310756973,0.4043186895011168,0.31476522049634004,0.40119878028032613,0.00011135857461024499,0.5,0.39123290695855517,0.2677934639245775,0.14417662569682776,0.5454293895628985,0.705462150991208,0.06579959865413341
2021-04-20 19:40:00,0.24267782426778242,-0.2509960159362551,0.40074460163812353,0.30476700589180505,0.3975605606522621,0.00011135857461024499,0.5,0.39123290695855517,0.2677934639245775,0.14417662569682776,0.5454293895628985,0.705462150991208,0.10539855455135266
2021-04-20 19:50:00,0.2733612273361227,0.13147410358565725,0.39806403574087845,0.2994108194965186,0.4154899163732971,0.00011135857461024499,0.5,0.39123290695855517,0.2677934639245775,0.14417662569682776,0.5454293895628985,0.705462150991208,0.12583550854745992
2021-04-20 20:00:00,0.1596931659693166,0.09960159362549792,0.39806403574087845,0.29726834493840393,0.41128895054376985,0.00011135857461024499,0.5,0.3950437642563609,0.27032502219782995,0.15256715537025478,0.5258268866269437,0.6842998589857651,0.03729800685003847
2021-04-20 20:10:00,0.14016736401673638,-0.02788844621513953,0.395681310498883,0.30298161042670957,0.3951394432738742,0.00011135857461024499,0.5,0.3950437642563609,0.27032502219782995,0.15256715537025478,0.5258268866269437,0.6842998589857651,0.031473965327338295
2021-04-20 20:20:00,0.13319386331938632,-0.36254980079681276,0.3953834698436334,0.3054811640778434,0.39440656449987566,0.00011135857461024499,0.5,0.3950437642563609,0.27032502219782995,0.15256715537025478,0.5258268866269437,0.6842998589857651,0.02239087466240174
2021-04-20 20:30:00,0.14714086471408647,0.3067729083665336,0.39329858525688755,0.305124084984824,0.40579235973878114,0.00011135857461024499,0.5,0.3950437642563609,0.27032502219782995,0.15256715537025478,0.5258268866269437,0.6842998589857651,0.035396894850400595
2021-04-20 20:40:00,0.2496513249651325,0.08366533864541825,0.388235294117647,0.2979825031244421,0.41087016267291365,0.00011135857461024499,0.5,0.3950437642563609,0.27032502219782995,0.15256715537025478,0.5258268866269437,0.6842998589857651,0.10889147064592544
2021-04-20 20:50:00,0.21548117154811713,0.47410358565737054,0.38644825018615014,0.2851276557757545,0.41087016267291365,0.00011135857461024499,0.5,0.3950437642563609,0.27032502219782995,0.15256715537025478,0.5258268866269437,0.6842998589857651,0.08350559017457036
2021-04-20 21:00:00,0.200836820083682,0.19521912350597592,0.38525688756515253,0.27905731119442967,0.41087016267291365,0.00011135857461024499,0.5,0.39725860951636993,0.2722042947411965,0.13680897874430434,0.46087046021677935,0.6538580125315896,0.08009565912760083
2021-04-20 21:10:00,0.1631799163179916,-0.14741035856573714,0.3807892777364108,0.27941439028744863,0.41087016267291365,0.00011135857461024499,0.5,0.39725860951636993,0.2722042947411965,0.13680897874430434,0.46087046021677935,0.6538580125315896,0.04510614541997978
2021-04-20 21:20:00,0.16248256624825663,0.15537848605577675,0.37840655249441535,0.28262810212462064,0.41087016267291365,0.00011135857461024499,0.5,0.39725860951636993,0.2722042947411965,0.13680897874430434,0.46087046021677935,0.6538580125315896,0.04872731113357576
2021-04-20 21:30:00,0.27475592747559274,0.7051792828685257,0.3685778108711839,0.27620067845027685,0.43624609022261196,0.00011135857461024499,0.5,0.39725860951636993,0.2722042947411965,0.13680897874430434,0.46087046021677935,0.6538580125315896,0.13265537064139898
2021-04-20 21:40:00,0.30474198047419804,-0.01195219123505975,0.3655994043186892,0.26477414747366557,0.4592794231197079,0.00011135857461024499,0.5,0.39725860951636993,0.2722042947411965,0.13680897874430434,0.46087046021677935,0.6538580125315896,0.15220212139958056
2021-04-20 21:50:00,0.35006973500697347,-0.09960159362549814,0.36262099776619494,0.26013211926441704,0.4675112222062269,0.00011135857461024499,0.5,0.39725860951636993,0.2722042947411965,0.13680897874430434,0.46087046021677935,0.6538580125315896,0.1926007513918856
2021-04-20 22:00:00,0.31450488145048816,0.2749003984063745,0.3569620253164556,0.2508480628459204,0.4682179267382968,0.00011135857461024499,0.5,0.2716307959748159,0.28322706152462346,0.19990585319464435,0.40587579582937156,0.6448387934827762,0.16335229415936148
2021-04-20 22:10:00,0.3458856345885635,-0.50597609561753,0.3530900967982129,0.24692019282271027,0.4757168470508173,0.00011135857461024499,0.5,0.2716307959748159,0.28322706152462346,0.19990585319464435,0.40587579582937156,0.6448387934827762,0.18169953377491438
2021-04-20 22:20:00,0.45188284518828453,0.15537848605577675,0.34802680565897237,0.24656311372969109,0.4794859378885239,0.00011135857461024499,0.5,0.2716307959748159,0.28322706152462346,0.19990585319464435,0.40587579582937156,0.6448387934827762,0.34673416117205064
2021-04-20 22:30:00,0.5690376569037657,-0.2589641434262948,0.3447505584512285,0.24656311372969109,0.4869063354752588,0.00011135857461024499,0.5,0.2716307959748159,0.28322706152462346,0.19990585319464435,0.40587579582937156,0.6448387934827762,0.5570710804653197
2021-04-20 22:40:00,0.5202231520223152,0.1633466135458166,0.3447505584512285,0.24692019282271027,0.4869063354752588,0.00011135857461024499,0.5,0.2716307959748159,0.28322706152462346,0.19990585319464435,0.40587579582937156,0.6448387934827762,0.4699367804819168
2021-04-20 22:50:00,0.4776847977684798,0.5139442231075697,0.34236783320923303,0.25227637921799695,0.4869063354752588,0.00011135857461024499,0.5,0.2716307959748159,0.28322706152462346,0.19990585319464435,0.40587579582937156,0.6448387934827762,0.3845979751648385
2021-04-20 23:00:00,0.4504881450488145,0.4183266932270917,0.3384959046909901,0.2540617746830922,0.4869063354752588,0.00011135857461024499,0.5,0.18296337530597295,0.2802673509440883,0.2373346613308356,0.3485605180465733,0.6440792842864487,0.31412103746397696
2021-04-20 23:10:00,0.3354253835425383,0.22709163346613526,0.33283693224125077,0.24941974647384413,0.4904791194985015,0.00011135857461024499,0.5,0.18296337530597295,0.2802673509440883,0.2373346613308356,0.3485605180465733,0.6440792842864487,0.1682484119679527
2021-04-20 23:20:00,0.28033472803347276,0.09960159362549792,0.31764705882352917,0.23906445277629018,0.5072306343327532,0.00011135857461024499,0.5,0.18296337530597295,0.2802673509440883,0.2373346613308356,0.3485605180465733,0.6440792842864487,0.15305460416132294
2021-04-20 23:30:00,0.301952580195258,-0.2270916334661356,0.3149664929262843,0.2340653454740227,0.512072869089529,0.00011135857461024499,0.5,0.18296337530597295,0.2802673509440883,0.2373346613308356,0.3485605180465733,0.6440792842864487,0.17134149101498258
2021-04-20 23:40:00,0.24267782426778242,0.043824701195219085,0.3140729709605359,0.23227995000892698,0.512072869089529,0.00011135857461024499,0.5,0.18296337530597295,0.2802673509440883,0.2373346613308356,0.3485605180465733,0.6440792842864487,0.13225553359385608
2021-04-20 23:50:00,0.20920502092050208,0.2828685258964143,0.31198808637378983,0.22620960542760238,0.512072869089529,0.00011135857461024499,0.5,0.18296337530597295,0.2802673509440883,0.2373346613308356,0.3485605180465733,0.6440792842864487,0.10705825550341748
2021-04-21 00:00:00,0.23082287308228733,0.2589641434262948,0.3066269545792999,0.225495447241564,0.5151614296370941,0.00011135857461024499,0.5,0.1744622398000415,0.2785604887258031,0.2393711693416204,0.2965388610020268,0.6445585302220188,0.11737103369192933
2021-04-21 00:10:00,0.30474198047419804,-0.11553784860557781,0.30841399851079654,0.22192465631137304,0.5261546112470717,0.00011135857461024499,0.5,0.1744622398000415,0.2785604887258031,0.2393711693416204,0.2965388610020268,0.6445585302220188,0.15190035759011422
2021-04-21 00:20:00,0.17224546722454673,-0.043824701195219196,0.310796723752792,0.2162113908230674,0.5261546112470717,0.00011135857461024499,0.5,0.1744622398000415,0.2785604887258031,0.2393711693416204,0.2965388610020268,0.6445585302220188,0.06266879913092023
2021-04-21 00:30:00,0.15620641562064158,-0.06772908366533881,0.3069247952345493,0.22156757721835385,0.5261546112470717,0.00011135857461024499,0.5,0.1744622398000415,0.2785604887258031,0.2393711693416204,0.2965388610020268,0.6445585302220188,0.06411726541635862
2021-04-21 00:40:00,0.24546722454672246,0.17928286852589648,0.30603127326880086,0.21942510266023918,0.5261546112470717,0.00011135857461024499,0.5,0.1744622398000415,0.2785604887258031,0.2393711693416204,0.2965388610020268,0.6445585302220188,0.08702868265008977
2021-04-21 00:50:00,0.18549511854951187,0.43426294820717115,0.30603127326880086,0.21264059989287643,0.5261546112470717,0.00011135857461024499,0.5,0.1744622398000415,0.2785604887258031,0.2393711693416204,0.2965388610020268,0.6445585302220188,0.056648611132066935
2021-04-21 01:00:00,0.12343096234309624,0.7131474103585655,0.30543559195830206,0.21763970719514392,0.5261546112470717,0.00011135857461024499,0.5,0.13861744106425689,0.27542549431477015,0.24121669528227369,0.22003162350128147,0.6527381468351682,0.024548485900086004
2021-04-21 01:10:00,0.1206415620641562,0.29083665338645415,0.3030528667163066,0.22513836814854504,0.5412309745978983,0.00011135857461024499,0.5,0.13861744106425689,0.27542549431477015,0.24121669528227369,0.22003162350128147,0.6527381468351682,0.017170360758634217
2021-04-21 01:20:00,0.08368200836820083,0.9681274900398404,0.30186150409530876,0.22835207998571683,0.5501694782164871,0.24688195991091316,0.5,0.13861744106425689,0.27542549431477015,0.24121669528227369,0.22003162350128147,0.6527381468351682,0.0
2021-04-21 01:30:00,0.11297071129707113,0.6430278884462148,0.2860759493670886,0.22442420996250667,0.5589901977463978,0.9995545657015591,0.5,0.13861744106425689,0.27542549431477015,0.24121669528227369,0.22003162350128147,0.6527381468351682,0.0
2021-04-21 01:40:00,0.11645746164574616,0.31792828685258945,0.2881608339538346,0.235493661846099,0.5589901977463978,0.9995545657015591,0.5,0.13861744106425689,0.27542549431477015,0.24121669528227369,0.22003162350128147,0.6527381468351682,0.0
2021-04-21 01:50:00,0.11715481171548117,-0.007171314741035939,0.28518242740134014,0.23870737368327077,0.5589901977463978,0.9995545657015591,0.5,0.13861744106425689,0.27542549431477015,0.24121669528227369,0.22003162350128147,0.6527381468351682,0.0
2021-04-21 02:00:00,0.1882845188284519,-0.33227091633466144,0.2857781087118392,0.23513658275308003,0.5624844590438549,0.9995545657015591,0.5,0.17122138680144872,0.2663337231722358,0.20331550453569738,0.11199614050969707,0.6738330229507505,0.0
2021-04-21 02:10:00,0.14783821478382148,-0.6573705179282869,0.2857781087118392,0.23477950366006062,0.6450118438444726,0.9938752783964365,0.5,0.17122138680144872,0.2663337231722358,0.20331550453569738,0.11199614050969707,0.6738330229507505,0.0
2021-04-21 02:20:00,0.1199442119944212,-0.652058432934927,0.287862993298585,0.2290662381717552,0.6496315975448561,0.9995545657015591,0.5,0.17122138680144872,0.2663337231722358,0.20331550453569738,0.11199614050969707,0.6738330229507505,0.0
2021-04-21 02:30:00,0.1415620641562064,-0.646746347941567,0.2881608339538346,0.22371005177646874,0.6496315975448561,0.9995545657015591,0.5,0.17122138680144872,0.2663337231722358,0.20331550453569738,0.11199614050969707,0.6738330229507505,0.0
2021-04-21 02:40:00,0.13458856345885634,-0.6414342629482073,0.287862993298585,0.21871094447420125,0.6496315975448561,0.9995545657015591,0.5,0.17122138680144872,0.2663337231722358,0.20331550453569738,0.11199614050969707,0.6738330229507505,0.0
2021-04-21 02:50:00,0.1087866108786611,-0.350597609561753,0.28190618019359626,0.21406891626495272,0.6496315975448561,0.9995545657015591,0.5,0.17122138680144872,0.2663337231722358,0.20331550453569738,0.11199614050969707,0.6738330229507505,0.0
2021-04-21 03:00:00,0.09832635983263598,-0.05976095617529875,0.2762472077438567,0.2115693626138191,0.6496315975448561,0.9995545657015591,0.5,0.16709297473870355,0.26333665702126535,0.19227151614020419,0.06393102795680211,0.028653527680645517,0.0
2021-04-21 03:10:00,0.09623430962343095,0.23107569721115517,0.2765450483991063,0.20764149259060893,0.6496315975448561,0.9995545657015591,0.5,0.16709297473870355,0.26333665702126535,0.19227151614020419,0.06393102795680211,0.028653527680645517,0.0
2021-04-21 03:20:00,0.1094839609483961,0.5219123505976095,0.2789277736411018,0.20442778075343693,0.6496315975448561,0.9995545657015591,0.5,0.16709297473870355,0.26333665702126535,0.19227151614020419,0.06393102795680211,0.028653527680645517,0.0
2021-04-21 03:30:00,0.11715481171548117,0.5059760956175297,0.2789277736411018,0.20442778075343693,0.6496315975448561,0.9995545657015591,0.5,0.16709297473870355,0.26333665702126535,0.19227151614020419,0.06393102795680211,0.028653527680645517,0.0
2021-04-21 03:40:00,0.1290097629009763,0.49003984063745,0.2789277736411018,0.20264238528834144,0.6496315975448561,0.9995545657015591,0.5,0.16709297473870355,0.26333665702126535,0.19227151614020419,0.06393102795680211,0.028653527680645517,0.0
2021-04-21 03:50:00,0.16945606694560672,0.47410358565737054,0.27803425167535356,0.20121406891626492,0.6496315975448561,0.9995545657015591,0.5,0.16709297473870355,0.26333665702126535,0.19227151614020419,0.06393102795680211,0.028653527680645517,0.0
2021-04-21 04:00:00,0.22733612273361226,0.1633466135458166,0.2762472077438567,0.19800035707909291,0.6635039457669707,0.5859688195991091,0.5,0.07124356660595299,0.24091182073923836,0.24634290260028557,0.23440264319154955,0.10363448600190887,0.03830137151651403
2021-04-21 04:10:00,0.2894002789400279,-0.33067729083665354,0.2789277736411018,0.20121406891626492,0.6594861996309431,0.00011135857461024499,0.5,0.07124356660595299,0.24091182073923836,0.24634290260028557,0.23440264319154955,0.10363448600190887,0.15178719616156433
2021-04-21 04:20:00,0.2580195258019526,-0.33067729083665354,0.2795234549516006,0.20692733440457056,0.6510842679718889,0.00011135857461024499,0.5,0.07124356660595299,0.24091182073923836,0.24634290260028557,0.23440264319154955,0.10363448600190887,0.12449265959533475
2021-04-21 04:30:00,0.14504881450488147,-0.38645418326693237,0.2827997021593447,0.22335297268344934,0.6455615029249715,0.00011135857461024499,0.5,0.07124356660595299,0.24091182073923836,0.24634290260028557,0.23440264319154955,0.10363448600190887,0.056693875703486885
2021-04-21 04:40:00,0.1806136680613668,-0.4661354581673308,0.27833209233060296,0.25227637921799695,0.6376568818625591,0.00011135857461024499,0.5,0.07124356660595299,0.24091182073923836,0.24634290260028557,0.23440264319154955,0.10363448600190887,0.06731596179670173
2021-04-21 04:50:00,0.17154811715481172,-0.08764940239043839,0.2711839166046164,0.26602392429923216,0.6334231720563793,0.00011135857461024499,0.5,0.07124356660595299,0.24091182073923836,0.24634290260028557,0.23440264319154955,0.10363448600190887,0.05971528584576852
2021-04-21 05:00:00,0.16248256624825663,0.29083665338645415,0.2640357408786298,0.27977146938046804,0.6291895145986834,0.00011135857461024499,0.5,0.06697670586877624,0.2323660156261213,0.24122798173927346,0.33105632400947504,0.13490894947017432,0.05211460989483531
2021-04-21 05:10:00,0.1387726638772664,0.11553784860557759,0.20506329113924027,0.2079985716836279,0.6423420711677639,0.00011135857461024499,0.5,0.06697670586877624,0.2323660156261213,0.24122798173927346,0.33105632400947504,0.13490894947017432,0.05010788056188421
2021-04-21 05:20:00,0.19177126917712692,-0.6414342629482073,0.1868950111690244,0.15622210319585794,0.6456007642878644,0.00011135857461024499,0.5,0.06697670586877624,0.2323660156261213,0.24122798173927346,0.33105632400947504,0.13490894947017432,0.06239721170240053
2021-04-21 05:30:00,0.198744769874477,-0.11553784860557781,0.1794489947877882,0.12587038028923425,0.6356283781130989,0.00011135857461024499,0.5,0.06697670586877624,0.2323660156261213,0.24122798173927346,0.33105632400947504,0.13490894947017432,0.06760263741569474
2021-04-21 05:40:00,0.1799163179916318,0.7290836653386452,0.17557706626954572,0.10373147652204961,0.6292026017196477,0.00011135857461024499,0.5,0.06697670586877624,0.2323660156261213,0.24122798173927346,0.33105632400947504,0.13490894947017432,0.05967379332196689
2021-04-21 05:50:00,0.16527196652719667,0.3545816733067728,0.1705137751303052,0.09373326191751485,0.6292026017196477,0.00011135857461024499,0.5,0.06697670586877624,0.2323660156261213,0.24122798173927346,0.33105632400947504,0.13490894947017432,0.05120931846643632
2021-04-21 06:00:00,0.17852161785216178,-0.31474103585657376,0.16574832464631406,0.08373504731297987,0.6292026017196477,0.00011135857461024499,0.5,0.08096609224864193,0.2373831560859415,0.2370116657580435,0.3635378597125228,0.14873897631167407,0.051224406656909645
2021-04-21 06:10:00,0.14574616457461645,0.027888446215139417,0.16157855547282196,0.07302267452240674,0.6292026017196477,0.00011135857461024499,0.5,0.08096609224864193,0.2373831560859415,0.2370116657580435,0.3635378597125228,0.14873897631167407,0.04401979570590099
2021-04-21 06:20:00,0.1806136680613668,-0.2749003984063746,0.16008935219657472,0.07159435815033022,0.6205912761251653,0.00011135857461024499,0.5,0.08096609224864193,0.2373831560859415,0.2370116657580435,0.3635378597125228,0.14873897631167407,0.05546418817991158
2021-04-21 06:30:00,0.1806136680613668,0.12350597609561742,0.16128071481757233,0.06623817175504376,0.6126866550627527,0.00011135857461024499,0.5,0.08096609224864193,0.2373831560859415,0.2370116657580435,0.3635378597125228,0.14873897631167407,0.05414397151349638
2021-04-21 06:40:00,0.17364016736401675,-0.14741035856573714,0.1633655994043186,0.062310301731833606,0.6126866550627527,0.00011135857461024499,0.5,0.08096609224864193,0.2373831560859415,0.2370116657580435,0.3635378597125228,0.14873897631167407,0.058149886084161925
2021-04-21 06:50:00,0.17433751743375175,-0.4661354581673308,0.16604616530156346,0.061596143545795234,0.6126866550627527,0.00011135857461024499,0.5,0.08096609224864193,0.2373831560859415,0.2370116657580435,0.3635378597125228,0.14873897631167407,0.06075259894080903
2021-04-21 07:00:00,0.20013947001394702,-0.2749003984063746,0.16604616530156346,0.06088198535975731,0.6126866550627527,0.00011135857461024499,0.5,0.05544644277627109,0.23485447131810552,0.26105105828288355,0.39681895568109327,0.15179177865375268,0.0777494455090001
2021-04-21 07:10:00,0.2301255230125523,-0.5219123505976095,0.1672375279225613,0.055168719871451444,0.6126866550627527,0.00011135857461024499,0.5,0.05544644277627109,0.23485447131810552,0.26105105828288355,0.39681895568109327,0.15179177865375268,0.10395008826591426
2021-04-21 07:20:00,0.2280334728033473,-0.10756972111553798,0.17170513775130303,0.054454561685413294,0.6126866550627527,0.00011135857461024499,0.5,0.05544644277627109,0.23485447131810552,0.26105105828288355,0.39681895568109327,0.15179177865375268,0.09806569398132083
2021-04-21 07:30:00,0.2594142259414226,-0.2828685258964144,0.17766195085629177,0.054454561685413294,0.6125557838531103,0.00011135857461024499,0.5,0.05544644277627109,0.23485447131810552,0.26105105828288355,0.39681895568109327,0.15179177865375268,0.11697119664438645
2021-04-21 07:40:00,0.3312412831241283,0.13147410358565725,0.1794489947877882,0.054454561685413294,0.598958265171245,0.00011135857461024499,0.5,0.05544644277627109,0.23485447131810552,0.26105105828288355,0.39681895568109327,0.15179177865375268,0.1935362192012312
2021-04-21 07:50:00,0.4588563458856346,0.019920318725099362,0.1782576321667908,0.05481164077843248,0.6075041551609062,0.00011135857461024499,0.5,0.05544644277627109,0.23485447131810552,0.26105105828288355,0.39681895568109327,0.15179177865375268,0.3558323400274605
2021-04-21 08:00:00,0.37308228730822873,-0.19521912350597614,0.18064035740878626,0.06266738082485257,0.6100692308699008,0.00011135857461024499,0.5,0.06092655549637227,0.23552112457508223,0.24345521819194257,0.3946035321192533,0.16495149484452423,0.23312763100321376
2021-04-21 08:10:00,0.2768479776847978,-0.45019920318725104,0.18868205510052105,0.07016604177825392,0.6100692308699008,0.00011135857461024499,0.5,0.06092655549637227,0.23552112457508223,0.24345521819194257,0.3946035321192533,0.16495149484452423,0.13569564102177226
2021-04-21 08:20:00,0.3054393305439331,-0.1872509960159363,0.1973194341027551,0.07837886091769342,0.5998481893968146,0.00011135857461024499,0.5,0.06092655549637227,0.23552112457508223,0.24345521819194257,0.3946035321192533,0.16495149484452423,0.17325769120509377
2021-04-21 08:30:00,0.3354253835425383,-0.003984063745020028,0.20446760982874146,0.0830208891269415,0.5961968826477864,0.00011135857461024499,0.5,0.06092655549637227,0.23552112457508223,0.24345521819194257,0.3946035321192533,0.16495149484452423,0.20201578224723507
2021-04-21 08:40:00,0.33403068340306835,-0.019920318725099695,0.21280714817572588,0.0898053918943047,0.5961968826477864,0.00011135857461024499,0.5,0.06092655549637227,0.23552112457508223,0.24345521819194257,0.3946035321192533,0.16495149484452423,0.18963592196387888
2021-04-21 08:50:00,0.3193863319386332,-0.2749003984063746,0.21667907669396835,0.09301910373147648,0.5961968826477864,0.00011135857461024499,0.5,0.06092655549637227,0.23552112457508223,0.24345521819194257,0.3946035321192533,0.16495149484452423,0.1579959865413341
2021-04-21 09:00:00,0.29009762900976294,0.4183266932270917,0.21846612062546522,0.09337618282449567,0.5961968826477864,0.00011135857461024499,0.5,0.10144535613261563,0.22277425454085859,0.22405760303298805,0.3962869310884902,0.20832093942476848,0.1485583234002746
2021-04-21 09:10:00,0.2824267782426778,0.394422310756972,0.2256142963514518,0.09623281556864849,0.6020599128397743,0.00011135857461024499,0.5,0.10144535613261563,0.22277425454085859,0.22405760303298805,0.3962869310884902,0.20832093942476848,0.13143322721306033
2021-04-21 09:20:00,0.2496513249651325,0.20318725099601576,0.23603871928518227,0.10587395108016429,0.611692033869469,0.00011135857461024499,0.5,0.10144535613261563,0.22277425454085859,0.22405760303298805,0.3962869310884902,0.20832093942476848,0.1077598563604267
2021-04-21 09:30:00,0.2691771269177127,-0.12350597609561753,0.24705882352941155,0.11658632387073742,0.6239284919710513,0.00011135857461024499,0.5,0.10144535613261563,0.22277425454085859,0.22405760303298805,0.3962869310884902,0.20832093942476848,0.12154291835780136
2021-04-21 09:40:00,0.31520223152022314,-0.09960159362549814,0.257483246463142,0.12765577575432951,0.6239284919710513,0.00011135857461024499,0.5,0.10144535613261563,0.22277425454085859,0.22405760303298805,0.3962869310884902,0.20832093942476848,0.16815033872987611
2021-04-21 09:50:00,0.29218967921896793,0.1633466135458166,0.2688011913626207,0.13658275307980716,0.6239284919710513,0.00011135857461024499,0.5,0.10144535613261563,0.22277425454085859,0.22405760303298805,0.3962869310884902,0.20832093942476848,0.14793970759086864
2021-04-21 10:00:00,0.3158995815899582,0.3306772908366533,0.2795234549516006,0.14443849312622747,0.6239284919710513,0.00011135857461024499,0.5,0.39883831189341135,0.21051588042769317,0.11654915435903894,0.46779739383248725,0.2738777145881681,0.17526442053804486
2021-04-21 10:10:00,0.3110181311018131,0.1633466135458166,0.2905435591958301,0.1555079450098198,0.6361126015887766,0.00011135857461024499,0.5,0.39883831189341135,0.21051588042769317,0.11654915435903894,0.46779739383248725,0.2738777145881681,0.16916124749158834
2021-04-21 10:20:00,0.33403068340306835,-0.31474103585657376,0.30096798212956055,0.16871987145152634,0.637709230346416,0.00011135857461024499,0.5,0.39883831189341135,0.21051588042769317,0.11654915435903894,0.46779739383248725,0.2738777145881681,0.19114474101121054
2021-04-21 10:30:00,0.26778242677824265,0.298804780876494,0.3140729709605359,0.18300303517229088,0.6480611430291451,0.00011135857461024499,0.5,0.39883831189341135,0.21051588042769317,0.11654915435903894,0.46779739383248725,0.2738777145881681,0.13271572340329224
2021-04-21 10:40:00,0.301255230125523,-0.07569721115537853,0.32747580044676083,0.19907159435815025,0.6525107641569932,0.00011135857461024499,0.5,0.39883831189341135,0.21051588042769317,0.11654915435903894,0.46779739383248725,0.2738777145881681,0.16117205063596723
2021-04-21 10:50:00,0.27615062761506276,0.2669322709163344,0.3390915860014889,0.21656846991608636,0.6622606692753661,0.00011135857461024499,0.5,0.39883831189341135,0.21051588042769317,0.11654915435903894,0.46779739383248725,0.2738777145881681,0.13604266940265855
2021-04-21 11:00:00,0.3277545327754533,-0.06772908366533881,0.34743112434847334,0.2287091590787358,0.6632160291057569,0.00011135857461024499,0.5,0.40441614916568924,0.20783777337812032,0.1451957039940235,0.48605666734601793,0.32938951132534583,0.1815712841558912
2021-04-21 11:10:00,0.24895397489539747,0.36254980079681287,0.35636634400595657,0.24442063917157664,0.6725209721113452,0.00011135857461024499,0.5,0.40441614916568924,0.20783777337812032,0.1451957039940235,0.48605666734601793,0.32938951132534583,0.10800881150323641
2021-04-21 11:20:00,0.3228730822873082,-0.20318725099601598,0.3655994043186892,0.26655954293876083,0.6907644187355224,0.00011135857461024499,0.5,0.40441614916568924,0.20783777337812032,0.1451957039940235,0.48605666734601793,0.32938951132534583,0.17344629358601024
2021-04-21 11:30:00,0.2712691771269177,-0.003984063745020028,0.37513030528667146,0.2733440457061238,0.6794833204643311,0.00011135857461024499,0.5,0.40441614916568924,0.20783777337812032,0.1451957039940235,0.48605666734601793,0.32938951132534583,0.12910964588016957
2021-04-21 11:40:00,0.24337517433751746,-0.13147410358565736,0.38525688756515253,0.28227102303160145,0.6873094188009581,0.00011135857461024499,0.5,0.40441614916568924,0.20783777337812032,0.1451957039940235,0.48605666734601793,0.32938951132534583,0.09748479864809814
2021-04-21 11:50:00,0.2301255230125523,0.4422310756972112,0.39032017870439306,0.2944117121942511,0.6719320516679537,0.00011135857461024499,0.5,0.40441614916568924,0.20783777337812032,0.1451957039940235,0.48605666734601793,0.32938951132534583,0.10382938274212773
2021-04-21 12:00:00,0.19107391910739194,0.6653386454183265,0.3989575577066269,0.29833958221746126,0.7046498540786014,0.0016703786191536749,0.5,0.41137830641683415,0.19147028651722614,0.1443345092807014,0.41099139396234263,0.3876569403062515,0.0632874149403262
2021-04-21 12:10:00,0.1499302649930265,-0.49800796812749004,0.4114668652271034,0.32404927691483665,0.7167423538495765,0.737750556792873,0.5,0.41137830641683415,0.19147028651722614,0.1443345092807014,0.41099139396234263,0.3876569403062515,0.0
2021-04-21 12:20:00,0.15132496513249652,-0.09960159362549803,0.42933730454206964,0.3601142653097662,0.698577429951185,0.9995545657015591,0.5,0.41137830641683415,0.19147028651722614,0.1443345092807014,0.41099139396234263,0.3876569403062515,0.0
2021-04-21 12:30:00,0.26778242677824265,0.298804780876494,0.44482501861504087,0.38332440635600795,0.731112012668333,0.4425389755011136,0.5,0.41137830641683415,0.19147028651722614,0.1443345092807014,0.41099139396234263,0.3876569403062515,0.04558142341988926
2021-04-21 12:40:00,0.11436541143654114,0.2111553784860556,0.4623976172747577,0.41046241742545986,0.7836960647027261,0.43518930957683744,0.5,0.41137830641683415,0.19147028651722614,0.1443345092807014,0.41099139396234263,0.3876569403062515,0.003817312189749083
2021-04-21 12:50:00,0.19665271966527195,0.09960159362549792,0.474013402829486,0.4447420103552937,0.7874651555404327,0.7762806236080178,0.5,0.41137830641683415,0.19147028651722614,0.1443345092807014,0.41099139396234263,0.3876569403062515,0.003311857808892979
2021-04-21 13:00:00,0.16875871687587168,-0.01195219123505975,0.4859270290394637,0.4618818068202106,0.770255591472432,0.00011135857461024499,0.5,0.535222796970072,0.1820681767895479,0.06977401849989798,0.2832357509231725,0.47899859151487917,0.03750169742142825
2021-04-21 13:10:00,0.11297071129707113,0.9203187250996017,0.4960536113179448,0.4954472415640063,0.7911426365313894,0.562694877505568,0.5,0.535222796970072,0.1820681767895479,0.06977401849989798,0.2832357509231725,0.47899859151487917,0.0006110717141693197
2021-04-21 13:20:00,0.29358437935843795,-0.3227091633466136,0.5002233804914369,0.5015175861453312,0.781418905654945,0.23864142538975502,0.5,0.535222796970072,0.1820681767895479,0.06977401849989798,0.2832357509231725,0.47899859151487917,0.08678727160251672
2021-04-21 13:30:00,0.20781032078103207,0.36254980079681287,0.48384214445271767,0.4643813604713445,0.8143853633639135,0.00011135857461024499,0.5,0.535222796970072,0.1820681767895479,0.06977401849989798,0.2832357509231725,0.47899859151487917,0.07737978484240385
2021-04-21 13:40:00,0.2412831241283124,-0.06772908366533881,0.4775874906924793,0.4397429030530262,0.7855282616377224,0.0014476614699331849,0.5,0.535222796970072,0.1820681767895479,0.06977401849989798,0.2832357509231725,0.47899859151487917,0.09297342969657649
2021-04-21 13:50:00,0.17573221757322177,0.43426294820717115,0.47907669396872654,0.43402963756472057,0.8058394733742524,0.15612472160356347,0.5,0.535222796970072,0.1820681767895479,0.06977401849989798,0.2832357509231725,0.47899859151487917,0.042752387706142404
2021-04-21 14:00:00,0.33751743375174337,-0.08366533864541836,0.4936708860759491,0.44081414033208355,0.8384394916962217,0.13474387527839643,0.5,0.5308094161108097,0.1513446568603515,0.07313332463388446,0.2712556821362468,0.6058823291700531,0.0941276762677852
2021-04-21 14:10:00,0.2545327754532775,-0.23505976095617542,0.49813849590469084,0.44545616854133185,0.8321576736333774,0.00011135857461024499,0.5,0.5308094161108097,0.1513446568603515,0.07313332463388446,0.2712556821362468,0.6058823291700531,0.11534167207326824
2021-04-21 14:20:00,0.2629009762900976,0.33864541832669315,0.49635145197319397,0.43617211212283524,0.8123961209773461,0.00011135857461024499,0.5,0.5308094161108097,0.1513446568603515,0.07313332463388446,0.2712556821362468,0.6058823291700531,0.12561672978559682
2021-04-21 14:30:00,0.29776847977684795,0.5139442231075697,0.49754281459419203,0.4318871630066061,0.8494457604271637,0.00011135857461024499,0.5,0.5308094161108097,0.1513446568603515,0.07313332463388446,0.2712556821362468,0.6058823291700531,0.14867148482882447
2021-04-21 14:40:00,0.3723849372384937,-0.33067729083665354,0.5023082650781829,0.4465274058203892,0.8796115742497808,0.00011135857461024499,0.5,0.5308094161108097,0.1513446568603515,0.07313332463388446,0.2712556821362468,0.6058823291700531,0.23541349185992125
2021-04-21 14:50:00,0.3103207810320781,0.2749003984063745,0.5032017870439314,0.449384038564542,0.8049364620277186,0.00011135857461024499,0.5,0.5308094161108097,0.1513446568603515,0.07313332463388446,0.2712556821362468,0.6058823291700531,0.15600434539885633
2021-04-21 15:00:00,0.4707112970711297,-0.01195219123505975,0.5073715562174235,0.4611676486341725,0.8460823703393491,0.00011135857461024499,0.5,0.5395629344448363,0.13235940656366002,0.07119256128641262,0.36671403215547377,0.6825272044067128,0.3986526245907328
2021-04-21 15:10:00,0.4379358437935844,0.21912350597609564,0.510349962769918,0.45866809498303884,0.8803444530237794,0.00022271714922048998,0.5,0.5395629344448363,0.13235940656366002,0.07119256128641262,0.36671403215547377,0.6825272044067128,0.3884303755450609
2021-04-21 15:20:00,0.3598326359832636,-0.08366533864541836,0.512434847356664,0.46652383502945916,0.8606483359725694,0.00022271714922048998,0.5,0.5395629344448363,0.13235940656366002,0.07119256128641262,0.36671403215547377,0.6825272044067128,0.19665947462920774
2021-04-21 15:30:00,0.49372384937238495,0.1872509960159361,0.5157110945644079,0.4768791287270131,0.8588815746423943,0.00033407572383073496,0.5,0.5395629344448363,0.13235940656366002,0.07119256128641262,0.36671403215547377,0.6825272044067128,0.4646936342924393
2021-04-21 15:40:00,0.3688981868898187,-0.29083665338645437,0.5151154132539089,0.4736654168898411,0.8382693591236863,0.00033407572383073496,0.5,0.5395629344448363,0.13235940656366002,0.07119256128641262,0.36671403215547377,0.6825272044067128,0.23516453671711154
2021-04-21 15:50:00,0.17433751743375175,0.17928286852589648,0.5160089352196573,0.4800928405641849,0.8286895865778487,0.03541202672605791,0.5,0.5395629344448363,0.13235940656366002,0.07119256128641262,0.36671403215547377,0.6825272044067128,0.005680703713203675
2021-04-21 16:00:00,0.37866108786610875,0.1394422310756971,0.5228592702903945,0.47652204963399414,0.8694167070186231,0.00957683741648107,0.5,0.5764256027653711,0.11110408698675459,0.0481352173346791,0.4531384424001555,0.7128348128934076,0.24267091147758652
2021-04-21 16:10:00,0.3682008368200837,0.1872509960159361,0.5288160833953832,0.48080699875022326,0.8780803810969625,0.00011135857461024499,0.5,0.5764256027653711,0.11110408698675459,0.0481352173346791,0.4531384424001555,0.7128348128934076,0.24584697557221963
2021-04-21 16:20:00,0.5132496513249651,0.17928286852589648,0.5300074460163811,0.48544902695947156,0.8468414233552761,0.00011135857461024499,0.5,0.5764256027653711,0.11110408698675459,0.0481352173346791,0.4531384424001555,0.7128348128934076,0.4746518400048282
2021-04-21 16:30:00,0.4302649930264993,-0.1633466135458168,0.5323901712583765,0.4815211569362612,0.8547329572967243,0.00011135857461024499,0.5,0.5764256027653711,0.11110408698675459,0.0481352173346791,0.4531384424001555,0.7128348128934076,0.31458877136864977
2021-04-21 16:40:00,0.48884239888423986,-0.09163346613545831,0.543410275502606,0.5015175861453312,0.7497349858004737,0.961358574610245,0.5,0.5764256027653711,0.11110408698675459,0.0481352173346791,0.4531384424001555,0.7128348128934076,0.0
2021-04-21 16:50:00,0.6359832635983264,-0.019920318725099695,0.568428890543559,0.5472237100517765,0.49661697923073905,0.9991091314031181,0.5,0.5764256027653711,0.11110408698675459,0.0481352173346791,0.4531384424001555,0.7128348128934076,0.0
2021-04-21 17:00:00,0.5083682008368201,0.05179282868525892,0.5708116157855547,0.555793608284235,0.3921032312101661,0.05233853006681515,0.5,0.5771828846620146,0.09243492228604416,0.04564623653091342,0.4637530775333549,0.7293093735153575,0.3975738189718907
2021-04-21 17:10:00,0.48535564853556484,0.027888446215139417,0.5472822040208485,0.5168719871451526,0.3974296894426195,0.00022271714922048998,0.5,0.5771828846620146,0.09243492228604416,0.04564623653091342,0.4637530775333549,0.7293093735153575,0.45926188572204535
2021-04-21 17:20:00,0.4630404463040446,-0.2509960159362551,0.5383469843633655,0.49723263702910203,0.39385690541937685,0.00011135857461024499,0.5,0.5771828846620146,0.09243492228604416,0.04564623653091342,0.4637530775333549,0.7293093735153575,0.4129713173499102
2021-04-21 17:30:00,0.3647140864714087,-0.08366533864541836,0.535368577810871,0.49723263702910203,0.37668660271426896,0.00011135857461024499,0.5,0.5771828846620146,0.09243492228604416,0.04564623653091342,0.4637530775333549,0.7293093735153575,0.22878977624213528
2021-04-21 17:40:00,0.3437935843793584,0.09960159362549792,0.537453462397617,0.5040171397964648,0.3798144246247268,0.00011135857461024499,0.5,0.5771828846620146,0.09243492228604416,0.04564623653091342,0.4637530775333549,0.7293093735153575,0.2041130407230261
2021-04-21 17:50:00,0.38772663877266383,-0.0916334661354582,0.5386448250186149,0.5029459025174075,0.35407205768802924,0.00011135857461024499,0.5,0.5771828846620146,0.09243492228604416,0.04564623653091342,0.4637530775333549,0.7293093735153575,0.2517162816663398
2021-04-21 18:00:00,0.5704323570432357,0.4183266932270917,0.5392405063291137,0.5015175861453312,0.37543023910170004,0.1400890868596882,0.5,0.5157939886392704,0.08906142692532133,0.05962495737460271,0.41689948244679814,0.7461149076295843,0.3629464218356293
2021-04-21 18:10:00,0.6087866108786611,0.21912350597609564,0.5380491437081161,0.487591501517586,0.40524270065828216,0.0012249443207126948,0.5,0.5157939886392704,0.08906142692532133,0.05962495737460271,0.41689948244679814,0.7461149076295843,0.7199254643390618
2021-04-21 18:20:00,0.596931659693166,-0.08366533864541836,0.5365599404318686,0.4786645241921086,0.3899831176139561,0.0035634743875278397,0.5,0.5157939886392704,0.08906142692532133,0.05962495737460271,0.41689948244679814,0.7461149076295843,0.6812468880607149
2021-04-21 18:30:00,0.4755927475592748,-0.0916334661354582,0.5320923306031271,0.47295125870380295,0.37679129968198294,0.00011135857461024499,0.5,0.5157939886392704,0.08906142692532133,0.05962495737460271,0.41689948244679814,0.7461149076295843,0.4396849585829172
2021-04-21 18:40:00,0.48326359832635984,-0.10756972111553798,0.5294117647058822,0.49687555793608285,0.3911086100168824,0.00011135857461024499,0.5,0.5157939886392704,0.08906142692532133,0.05962495737460271,0.41689948244679814,0.7461149076295843,0.43652398267875736
2021-04-21 18:50:00,0.5160390516039052,-0.17928286852589637,0.5294117647058822,0.49509016247098736,0.3871301252437476,0.00011135857461024499,0.5,0.5157939886392704,0.08906142692532133,0.05962495737460271,0.41689948244679814,0.7461149076295843,0.4790802239087466
2021-04-21 19:00:00,0.39121338912133896,0.17131474103585642,0.5276247207743856,0.500803427959293,0.39008781458167024,0.00011135857461024499,0.5,0.5180821106368672,0.09083437976822342,0.05555802843096563,0.3380006069410904,0.7866209606893877,0.2677248517585286
2021-04-21 19:10:00,0.38702928870292885,-0.11553784860557781,0.5261355174981384,0.5015175861453312,0.4039078143199277,0.00011135857461024499,0.5,0.5180821106368672,0.09083437976822342,0.05555802843096563,0.3380006069410904,0.7866209606893877,0.2748992863285906
2021-04-21 19:20:00,0.32147838214783825,0.15537848605577675,0.5231571109456439,0.504374218889484,0.3995498030388295,0.00011135857461024499,0.5,0.5180821106368672,0.09083437976822342,0.05555802843096563,0.3380006069410904,0.7866209606893877,0.17733150263288924
2021-04-21 19:30:00,0.3647140864714087,-0.003984063745020028,0.5204765450483988,0.4990180324941975,0.39689311748308487,0.00011135857461024499,0.5,0.5180821106368672,0.09083437976822342,0.05555802843096563,0.3380006069410904,0.7866209606893877,0.2283371305279358
2021-04-21 19:40:00,0.28661087866108786,-0.14741035856573714,0.5189873417721518,0.4911622924477772,0.44015913939092544,0.00011135857461024499,0.5,0.5180821106368672,0.09083437976822342,0.05555802843096563,0.3380006069410904,0.7866209606893877,0.1383436184498393
2021-04-21 19:50:00,0.28172942817294283,0.1872509960159361,0.5166046165301563,0.4929476879128727,0.4211304655088927,0.00011135857461024499,0.5,0.5180821106368672,0.09083437976822342,0.05555802843096563,0.3380006069410904,0.7866209606893877,0.13914329254492508
2021-04-21 20:00:00,0.2733612273361227,0.2828685258964143,0.5145197319434103,0.46473843956436345,0.4211304655088927,0.00011135857461024499,0.5,0.5313468010885112,0.0901993350708448,0.05331468658460018,0.20466717239889387,0.8382806429621432,0.11672978559681337
2021-04-21 20:10:00,0.22733612273361226,0.027888446215139417,0.5112434847356664,0.4543831458668095,0.4211304655088927,0.00011135857461024499,0.5,0.5313468010885112,0.0901993350708448,0.05331468658460018,0.20466717239889387,0.8382806429621432,0.0823966081747816
2021-04-21 20:20:00,0.16945606694560672,0.09960159362549792,0.5112434847356664,0.4479557221924655,0.4211304655088927,0.00011135857461024499,0.5,0.5313468010885112,0.0901993350708448,0.05331468658460018,0.20466717239889387,0.8382806429621432,0.049021530847805424
2021-04-21 20:30:00,0.09274755927475593,-0.4900398406374503,0.5088607594936707,0.4590251740760578,0.41123660205991286,0.009020044543429844,0.5,0.5313468010885112,0.0901993350708448,0.05331468658460018,0.20466717239889387,0.8382806429621432,0.0
2021-04-21 20:40:00,0.05718270571827057,0.10756972111553775,0.5082650781831719,0.45224067130869505,0.38836031461438797,0.9035634743875278,0.5,0.5313468010885112,0.0901993350708448,0.05331468658460018,0.20466717239889387,0.8382806429621432,0.0
2021-04-21 20:50:00,0.04741980474198048,-0.29083665338645437,0.5195830230826506,0.4683092304945544,0.3882687047676382,0.9995545657015591,0.5,0.5313468010885112,0.0901993350708448,0.05331468658460018,0.20466717239889387,0.8382806429621432,0.0
2021-04-21 21:00:00,0.10181311018131102,-0.7051792828685259,0.5228592702903945,0.4754508123549366,0.3882687047676382,0.9995545657015591,0.5,0.531314248473179,0.10504386406020524,0.05579732668218618,0.019718998665031528,0.138244113839435,0.0
2021-04-21 21:10:00,0.07043235704323571,-0.6741921204072598,0.5261355174981384,0.4740224959828603,0.3882687047676382,0.9995545657015591,0.5,0.531314248473179,0.10504386406020524,0.05579732668218618,0.019718998665031528,0.138244113839435,0.0
2021-04-21 21:20:00,0.07461645746164575,-0.6432049579459937,0.5261355174981384,0.46616675593643975,0.3882687047676382,0.9995545657015591,0.5,0.531314248473179,0.10504386406020524,0.05579732668218618,0.019718998665031528,0.138244113839435,0.0
2021-04-21 21:30:00,0.0801952580195258,-0.6122177954847279,0.5258376768428887,0.45688269951794314,0.3882687047676382,0.9995545657015591,0.5,0.531314248473179,0.10504386406020524,0.05579732668218618,0.019718998665031528,0.138244113839435,0.0
2021-04-21 21:40:00,0.09065550906555091,-0.5812306330234618,0.5207743857036482,0.449384038564542,0.3882687047676382,0.9995545657015591,0.5,0.531314248473179,0.10504386406020524,0.05579732668218618,0.019718998665031528,0.138244113839435,0.0
2021-04-21 21:50:00,0.11576011157601115,-0.5502434705621957,0.5186895011169024,0.44402785216925555,0.3882687047676382,0.9995545657015591,0.5,0.531314248473179,0.10504386406020524,0.05579732668218618,0.019718998665031528,0.138244113839435,0.0
2021-04-21 22:00:00,0.14225941422594143,-0.5192563081009296,0.5148175725986597,0.43795750758793073,0.3882687047676382,0.9995545657015591,0.5,0.4082432827711613,0.11649190964549422,0.11256338645450156,0.19531442651343453,0.3344197278779912,0.0
2021-04-21 22:10:00,0.14435146443514643,-0.4882691456396636,0.5115413253909158,0.4315300839135867,0.3882687047676382,0.9995545657015591,0.5,0.4082432827711613,0.11649190964549422,0.11256338645450156,0.19531442651343453,0.3344197278779912,0.0
2021-04-21 22:20:00,0.1311018131101813,-0.45728198317839763,0.5058823529411764,0.4272451347973576,0.3882687047676382,0.9995545657015591,0.5,0.4082432827711613,0.11649190964549422,0.11256338645450156,0.19531442651343453,0.3344197278779912,0.0
2021-04-21 22:30:00,0.12343096234309624,-0.42629482071713154,0.5055845122859268,0.4254597393322621,0.3882687047676382,0.9995545657015591,0.5,0.4082432827711613,0.11649190964549422,0.11256338645450156,0.19531442651343453,0.3344197278779912,0.0
2021-04-21 22:40:00,0.11785216178521618,-0.39530765825586545,0.5052866716306774,0.4193893947509373,0.3882687047676382,0.9995545657015591,0.5,0.4082432827711613,0.11649190964549422,0.11256338645450156,0.19531442651343453,0.3344197278779912,0.0
2021-04-21 22:50:00,0.1311018131101813,-0.36432049579459946,0.5023082650781829,0.4158186038207463,0.3882687047676382,0.9995545657015591,0.5,0.4082432827711613,0.11649190964549422,0.11256338645450156,0.19531442651343453,0.3344197278779912,0.0
2021-04-21 23:00:00,0.13807531380753138,-0.33333333333333337,0.49545793000744576,0.4108194965184788,0.3882687047676382,0.9995545657015591,0.5,0.31672587395934193,0.11977632633826407,0.14460817415941576,0.2857528663410997,0.3558213248268351,0.0
2021-04-21 23:10:00,0.1792189679218968,-0.3023461708720674,0.489501116902457,0.41046241742545986,0.2998128541702111,0.8236080178173719,0.5,0.31672587395934193,0.11977632633826407,0.14460817415941576,0.2857528663410997,0.3558213248268351,0.0
2021-04-21 23:20:00,0.1603905160390516,-0.2713590084108013,0.4772896500372299,0.4208177111230138,0.2243132533274005,0.9966592427616927,0.5,0.31672587395934193,0.11977632633826407,0.14460817415941576,0.2857528663410997,0.3558213248268351,0.0
2021-04-21 23:30:00,0.13598326359832635,-0.24037184594953542,0.47133283693224115,0.40760578468130704,0.2243132533274005,0.9993318485523385,0.5,0.31672587395934193,0.11977632633826407,0.14460817415941576,0.2857528663410997,0.3558213248268351,0.0
2021-04-21 23:40:00,0.1297071129707113,-0.20938468348826933,0.47580044676098265,0.40082128191394384,0.2243132533274005,0.9993318485523385,0.5,0.31672587395934193,0.11977632633826407,0.14460817415941576,0.2857528663410997,0.3558213248268351,0.0
2021-04-21 23:50:00,0.18479776847977683,-0.17839752102700324,0.4707371556217421,0.3951080164256384,0.2243132533274005,0.9387527839643652,0.5,0.31672587395934193,0.11977632633826407,0.14460817415941576,0.2857528663410997,0.3558213248268351,0.0
2021-04-22 00:00:00,0.18200836820083682,-0.14741035856573714,0.46775874906924786,0.4033208355650777,0.23775372655769458,0.006347438752783964,0.5,0.32084614786825383,0.11142017258273565,0.14083596123900952,0.32404076332558546,0.3322515673934582,0.038957707802103295
2021-04-22 00:10:00,0.11018131101813111,-0.31474103585657376,0.47550260610573325,0.4515265131226567,0.24072450301658138,0.00011135857461024499,0.5,0.32084614786825383,0.11142017258273565,0.14083596123900952,0.32404076332558546,0.3322515673934582,0.008215519712720854
2021-04-22 00:20:00,0.11087866108786612,-0.3944223107569722,0.47907669396872654,0.5140153544009998,0.22742798811689416,0.00011135857461024499,0.5,0.32084614786825383,0.11142017258273565,0.14083596123900952,0.32404076332558546,0.3322515673934582,0.01329269580699187
2021-04-22 00:30:00,0.10390516039051603,-0.003984063745020028,0.4841399851079671,0.5529369755400819,0.2242609048435435,0.00011135857461024499,0.5,0.32084614786825383,0.11142017258273565,0.14083596123900952,0.32404076332558546,0.3322515673934582,0.003236416856526397
2021-04-22 00:40:00,0.09693165969316596,-0.4820717131474104,0.4844378257632167,0.5932869130512408,0.2154532724345971,0.00011135857461024499,0.5,0.32084614786825383,0.11142017258273565,0.14083596123900952,0.32404076332558546,0.3322515673934582,6.789685712992441e-05
2021-04-22 00:50:00,0.08298465829846582,-0.6095617529880479,0.47907669396872654,0.635065166934476,0.1882451479499025,0.000779510022271715,0.5,0.32084614786825383,0.11142017258273565,0.14083596123900952,0.32404076332558546,0.3322515673934582,0.0
2021-04-22 01:00:00,0.09135285913528592,-0.48472775564409043,0.441548771407297,0.5493661846098912,0.1882451479499025,0.8446547884187082,0.5,0.22760244985112843,0.09654690853919777,0.16281005894700906,0.35628706617266875,0.2885303308806747,0.0
2021-04-22 01:10:00,0.10808926080892609,-0.3598937583001328,0.449590469099032,0.517586145331191,0.1882451479499025,0.9993318485523385,0.5,0.22760244985112843,0.09654690853919777,0.16281005894700906,0.35628706617266875,0.2885303308806747,0.0
2021-04-22 01:20:00,0.12273361227336123,-0.23505976095617542,0.44929262844378237,0.504374218889484,0.1882451479499025,0.9993318485523385,0.5,0.22760244985112843,0.09654690853919777,0.16281005894700906,0.35628706617266875,0.2885303308806747,0.0
2021-04-22 01:30:00,0.14714086471408647,-0.11022576361221792,0.43767684288905406,0.4825923942153185,0.1882451479499025,0.9993318485523385,0.5,0.22760244985112843,0.09654690853919777,0.16281005894700906,0.35628706617266875,0.2885303308806747,0.0
2021-04-22 01:40:00,0.19177126917712692,0.014608233731739695,0.4275502606105732,0.4622388859132296,0.18357304576566202,0.9993318485523385,0.5,0.22760244985112843,0.09654690853919777,0.16281005894700906,0.35628706617266875,0.2885303308806747,0.0
2021-04-22 01:50:00,0.22663877266387727,0.1394422310756971,0.4278481012658226,0.46045349044813433,0.14075198597060634,0.16002227171492203,0.5,0.22760244985112843,0.09654690853919777,0.16281005894700906,0.35628706617266875,0.2885303308806747,0.06414744179730525
2021-04-22 02:00:00,0.23291492329149233,-0.17131474103585675,0.434102755026061,0.48437778968041423,0.14461268665506274,0.00011135857461024499,0.5,0.21533931932347916,0.09013899145706926,0.16850819796242675,0.3389473968103405,0.2499438691130164,0.11135084569307603
2021-04-22 02:10:00,0.24198047419804744,0.5298804780876492,0.4037230081906178,0.42046063202999484,0.1413670806559265,0.00011135857461024499,0.5,0.21533931932347916,0.09013899145706926,0.16850819796242675,0.3389473968103405,0.2499438691130164,0.10424430798014395
2021-04-22 02:20:00,0.26778242677824265,-0.24302788844621515,0.38644825018615014,0.36404213533297636,0.1440892018164924,0.00011135857461024499,0.5,0.21533931932347916,0.09013899145706926,0.16850819796242675,0.3389473968103405,0.2499438691130164,0.12520934864281727
2021-04-22 02:30:00,0.2594142259414226,0.2111553784860556,0.3793000744601638,0.328334226031066,0.1381738231406473,0.00011135857461024499,0.5,0.21533931932347916,0.09013899145706926,0.16850819796242675,0.3389473968103405,0.2499438691130164,0.12210872550055073
2021-04-22 02:40:00,0.2775453277545328,0.15537848605577675,0.3763216679076691,0.3054811640778434,0.1381738231406473,0.00011135857461024499,0.5,0.21533931932347916,0.09013899145706926,0.16850819796242675,0.3389473968103405,0.2499438691130164,0.13503176064094635
2021-04-22 02:50:00,0.29358437935843795,-0.003984063745020028,0.37155621742367817,0.29334047491519377,0.1381738231406473,0.00011135857461024499,0.5,0.21533931932347916,0.09013899145706926,0.16850819796242675,0.3389473968103405,0.2499438691130164,0.13934698311631488
2021-04-22 03:00:00,0.29358437935843795,-0.019920318725099695,0.37155621742367817,0.2844134975897161,0.1381738231406473,0.00011135857461024499,0.5,0.21724474797238225,0.08579999827589593,0.1710643902516969,0.3412009364304743,0.19426024667709038,0.1379286932118231
2021-04-22 03:10:00,0.29776847977684795,-0.07569721115537853,0.3691734921816827,0.2815568648455633,0.1381738231406473,0.00011135857461024499,0.5,0.21724474797238225,0.08579999827589593,0.1710643902516969,0.3412009364304743,0.19426024667709038,0.1475625028290357
2021-04-22 03:20:00,0.30474198047419804,0.09960159362549792,0.3688756515264331,0.27441528298518114,0.1381738231406473,0.00011135857461024499,0.5,0.21724474797238225,0.08579999827589593,0.1710643902516969,0.3412009364304743,0.19426024667709038,0.15889373387449643
2021-04-22 03:30:00,0.30264993026499304,-0.12350597609561753,0.36619508562918823,0.2719157293340475,0.1381738231406473,0.00011135857461024499,0.5,0.21724474797238225,0.08579999827589593,0.1710643902516969,0.3412009364304743,0.19426024667709038,0.14542752387706143
2021-04-22 03:40:00,0.31729428172942814,-0.1633466135458168,0.3655994043186892,0.2719157293340475,0.1381738231406473,0.00011135857461024499,0.5,0.21724474797238225,0.08579999827589593,0.1710643902516969,0.3412009364304743,0.19426024667709038,0.1583203826365104
2021-04-22 03:50:00,0.3354253835425383,0.08366533864541825,0.3655994043186892,0.2658453847527229,0.1381738231406473,0.00011135857461024499,0.5,0.21724474797238225,0.08579999827589593,0.1710643902516969,0.3412009364304743,0.19426024667709038,0.18783288320231753
2021-04-22 04:00:00,0.30264993026499304,0.3545816733067728,0.3655994043186892,0.26477414747366557,0.1381738231406473,0.00011135857461024499,0.5,0.15933284482174925,0.0748375751062487,0.19916551234110666,0.3774879844564276,0.15062229420661627,0.16061378758845452
2021-04-22 04:10:00,0.29567642956764295,0.4262948207171313,0.36262099776619494,0.26156043563649356,0.1432908874376726,0.00011135857461024499,0.5,0.15933284482174925,0.0748375751062487,0.19916551234110666,0.3774879844564276,0.15062229420661627,0.1411123014016929
2021-04-22 04:20:00,0.2768479776847978,-0.01195219123505975,0.36262099776619494,0.26156043563649356,0.15200690999986913,0.00011135857461024499,0.5,0.15933284482174925,0.0748375751062487,0.19916551234110666,0.3774879844564276,0.15062229420661627,0.12445493911915144
2021-04-22 04:30:00,0.2768479776847978,-0.059760956175298974,0.3617274758004465,0.26156043563649356,0.15200690999986913,0.00011135857461024499,0.5,0.15933284482174925,0.0748375751062487,0.19916551234110666,0.3774879844564276,0.15062229420661627,0.12926807188013942
2021-04-22 04:40:00,0.29776847977684795,-0.059760956175298974,0.35964259121370046,0.26156043563649356,0.15200690999986913,0.00011135857461024499,0.5,0.15933284482174925,0.0748375751062487,0.19916551234110666,0.3774879844564276,0.15062229420661627,0.14739653273382924
2021-04-22 04:50:00,0.25871687587168757,0.394422310756972,0.3590469099032014,0.2608462774504554,0.15200690999986913,0.00011135857461024499,0.5,0.15933284482174925,0.0748375751062487,0.19916551234110666,0.3774879844564276,0.15062229420661627,0.11611871388264405
2021-04-22 05:00:00,0.2629009762900976,0.027888446215139417,0.356664184661206,0.2590608819853597,0.16475376581905748,0.00011135857461024499,0.5,0.13523003459048888,0.07758751979126723,0.2110310026292372,0.39074997692780566,0.12785608866496043,0.11540202483516152
2021-04-22 05:10:00,0.2615062761506276,-0.17131474103585675,0.3560685033507074,0.2562042492412069,0.165892345342948,0.00011135857461024499,0.5,0.13523003459048888,0.07758751979126723,0.2110310026292372,0.39074997692780566,0.12785608866496043,0.114066719978273
2021-04-22 05:20:00,0.2391910739191074,0.043824701195219085,0.3533879374534623,0.2540617746830922,0.165892345342948,0.00011135857461024499,0.5,0.13523003459048888,0.07758751979126723,0.2110310026292372,0.39074997692780566,0.12785608866496043,0.09788463569564103
2021-04-22 05:30:00,0.23500697350069735,0.3545816733067728,0.3533879374534623,0.2540617746830922,0.165892345342948,0.00011135857461024499,0.5,0.13523003459048888,0.07758751979126723,0.2110310026292372,0.39074997692780566,0.12785608866496043,0.09737163721954825
2021-04-22 05:40:00,0.22663877266387727,0.3306772908366533,0.35070737155621723,0.2508480628459204,0.165892345342948,0.00011135857461024499,0.5,0.13523003459048888,0.07758751979126723,0.2110310026292372,0.39074997692780566,0.12785608866496043,0.09081581845889222
2021-04-22 05:50:00,0.20781032078103207,0.14741035856573692,0.34772896500372297,0.24692019282271027,0.165892345342948,0.00011135857461024499,0.5,0.13523003459048888,0.07758751979126723,0.2110310026292372,0.39074997692780566,0.12785608866496043,0.07471671922386348
2021-04-22 06:00:00,0.20641562064156208,0.01195219123505975,0.34772896500372297,0.2497768255668631,0.165892345342948,0.00011135857461024499,0.5,0.1484865868883003,0.12004356234213555,0.268089115328188,0.41889329765453537,0.13820761814471588,0.07314754741463855
2021-04-22 06:10:00,0.20502092050209206,0.17131474103585642,0.34772896500372297,0.24692019282271027,0.165892345342948,0.00011135857461024499,0.5,0.1484865868883003,0.12004356234213555,0.268089115328188,0.41889329765453537,0.13820761814471588,0.07307965055750865
2021-04-22 06:20:00,0.24686192468619247,-0.3705179282868527,0.34772896500372297,0.24692019282271027,0.163013178730811,0.00011135857461024499,0.5,0.1484865868883003,0.12004356234213555,0.268089115328188,0.41889329765453537,0.13820761814471588,0.0987748389335667
2021-04-22 06:30:00,0.25662482566248257,0.2589641434262948,0.34772896500372297,0.24513479735761456,0.15209851984661896,0.00011135857461024499,0.5,0.1484865868883003,0.12004356234213555,0.268089115328188,0.41889329765453537,0.13820761814471588,0.11159225674064908
2021-04-22 06:40:00,0.25662482566248257,0.07569721115537842,0.3459419210722261,0.24227816461346197,0.15209851984661896,0.00011135857461024499,0.5,0.1484865868883003,0.12004356234213555,0.268089115328188,0.41889329765453537,0.13820761814471588,0.10680930036060776
2021-04-22 06:50:00,0.29218967921896793,-0.33864541832669326,0.3447505584512285,0.23620782003213714,0.15209851984661896,0.00011135857461024499,0.5,0.1484865868883003,0.12004356234213555,0.268089115328188,0.41889329765453537,0.13820761814471588,0.13553721502180244
2021-04-22 07:00:00,0.31311018131101814,-0.06772908366533881,0.3447505584512285,0.23620782003213714,0.15209851984661896,0.00011135857461024499,0.5,0.14456172873065132,0.12285672414635448,0.25574033641504335,0.44454894888408336,0.13392520849140246,0.1539825278754319
2021-04-22 07:10:00,0.2838214783821479,0.03585657370517925,0.34296351451973184,0.23370826638100328,0.15209851984661896,0.00011135857461024499,0.5,0.14456172873065132,0.12285672414635448,0.25574033641504335,0.44454894888408336,0.13392520849140246,0.13644250645020145
2021-04-22 07:20:00,0.25871687587168757,-0.003984063745020028,0.3411764705882352,0.23299410819496535,0.15209851984661896,0.00011135857461024499,0.5,0.14456172873065132,0.12285672414635448,0.25574033641504335,0.44454894888408336,0.13392520849140246,0.11789912035849541
2021-04-22 07:30:00,0.2210599721059972,-0.21912350597609564,0.33879374534623974,0.23477950366006062,0.15209851984661896,0.00011135857461024499,0.5,0.14456172873065132,0.12285672414635448,0.25574033641504335,0.44454894888408336,0.13392520849140246,0.09194743274439096
2021-04-22 07:40:00,0.17782426778242677,0.17131474103585642,0.34087862993298557,0.23799321549723285,0.15209851984661896,0.00011135857461024499,0.5,0.14456172873065132,0.12285672414635448,0.25574033641504335,0.44454894888408336,0.13392520849140246,0.06352128189266262
2021-04-22 07:50:00,0.18270571827057183,-0.3067729083665339,0.33968726731198795,0.24584895554365294,0.15209851984661896,0.00011135857461024499,0.5,0.14456172873065132,0.12285672414635448,0.25574033641504335,0.44454894888408336,0.13392520849140246,0.062268962083377344
2021-04-22 08:00:00,0.2196652719665272,-0.3784860557768924,0.3384959046909901,0.24692019282271027,0.14528012982423996,0.00011135857461024499,0.5,0.15763914158486525,0.13443407747545236,0.23903447784348017,0.3955812686838402,0.14037971135018198,0.0799749536038143
2021-04-22 08:10:00,0.15481171548117156,0.689243027888446,0.3411764705882352,0.24692019282271027,0.1360013610605803,0.00011135857461024499,0.5,0.15763914158486525,0.13443407747545236,0.23903447784348017,0.3955812686838402,0.14037971135018198,0.04794272522896329
2021-04-22 08:20:00,0.15620641562064158,0.38645418326693215,0.3447505584512285,0.25227637921799695,0.1360013610605803,0.00011135857461024499,0.5,0.15763914158486525,0.13443407747545236,0.23903447784348017,0.3955812686838402,0.14037971135018198,0.04442717684868054
2021-04-22 08:30:00,0.1603905160390516,0.5776892430278884,0.3447505584512285,0.25656132833422607,0.14206069806703225,0.00011135857461024499,0.5,0.15763914158486525,0.13443407747545236,0.23903447784348017,0.3955812686838402,0.14037971135018198,0.05219759494243855
2021-04-22 08:40:00,0.20781032078103207,0.43426294820717115,0.3456440804169767,0.2594179610783791,0.16197929617463455,0.00011135857461024499,0.5,0.15763914158486525,0.13443407747545236,0.23903447784348017,0.3955812686838402,0.14037971135018198,0.07906211808017864
2021-04-22 08:50:00,0.18898186889818688,0.25099601593625476,0.3462397617274757,0.2540617746830922,0.16890238316472758,0.00011135857461024499,0.5,0.15763914158486525,0.13443407747545236,0.23903447784348017,0.3955812686838402,0.14037971135018198,0.06938304389154609
2021-04-22 09:00:00,0.13668061366806136,0.5537848605577689,0.3447505584512285,0.2547759328691306,0.1771865307351036,0.00011135857461024499,0.5,0.1620769702587166,0.15219521446407552,0.23370371934411233,0.3002608271924152,0.16677323771684355,0.030598850279885934
2021-04-22 09:10:00,0.07112970711297072,0.18459495351925637,0.3465376023827249,0.26691662203178,0.1955085000850663,0.4159242761692651,0.5,0.1620769702587166,0.15219521446407552,0.23370371934411233,0.3002608271924152,0.16677323771684355,0.0
2021-04-22 09:20:00,0.08228730822873082,-0.18459495351925637,0.3542814594192105,0.28262810212462064,0.20181649238983917,0.9993318485523385,0.5,0.1620769702587166,0.15219521446407552,0.23370371934411233,0.3002608271924152,0.16677323771684355,0.0
2021-04-22 09:30:00,0.0815899581589958,-0.553784860557769,0.364705882352941,0.30476700589180505,0.20181649238983917,0.9993318485523385,0.5,0.1620769702587166,0.15219521446407552,0.23370371934411233,0.3002608271924152,0.16677323771684355,0.0
2021-04-22 09:40:00,0.11924686192468618,-0.3944223107569722,0.37572598659717027,0.3144081414033211,0.20181649238983917,0.9993318485523385,0.5,0.1620769702587166,0.15219521446407552,0.23370371934411233,0.3002608271924152,0.16677323771684355,0.0
2021-04-22 09:50:00,0.10669456066945607,-0.23505976095617542,0.3804914370811614,0.32047848598464546,0.20181649238983917,0.9993318485523385,0.5,0.1620769702587166,0.15219521446407552,0.23370371934411233,0.3002608271924152,0.16677323771684355,0.0
2021-04-22 10:00:00,0.10460251046025104,-0.19521912350597614,0.38674609084139977,0.32226388144974116,0.20181649238983917,0.9993318485523385,0.5,0.39848003300621726,0.15806578603304042,0.11439280700145851,0.28102057146322384,0.23749929042285495,0.0
2021-04-22 10:10:00,0.14574616457461645,-0.15537848605577698,0.395681310498883,0.3261917514729513,0.20181649238983917,0.9993318485523385,0.5,0.39848003300621726,0.15806578603304042,0.11439280700145851,0.28102057146322384,0.23749929042285495,0.0
2021-04-22 10:20:00,0.14016736401673638,-0.11553784860557781,0.4037230081906178,0.33190501696125696,0.20181649238983917,0.9993318485523385,0.5,0.39848003300621726,0.15806578603304042,0.11439280700145851,0.28102057146322384,0.23749929042285495,0.0
2021-04-22 10:30:00,0.12552301255230125,-0.07569721115537853,0.4111690245718538,0.33511872879842897,0.20181649238983917,0.9993318485523385,0.5,0.39848003300621726,0.15806578603304042,0.11439280700145851,0.28102057146322384,0.23749929042285495,0.0
2021-04-22 10:40:00,0.11366806136680613,-0.03585657370517936,0.41712583767684275,0.33833244063560075,0.20181649238983917,0.9993318485523385,0.5,0.39848003300621726,0.15806578603304042,0.11439280700145851,0.28102057146322384,0.23749929042285495,0.0
2021-04-22 10:50:00,0.11506276150627615,0.003984063745019917,0.42427401340282933,0.3461881806820213,0.20181649238983917,0.9993318485523385,0.5,0.39848003300621726,0.15806578603304042,0.11439280700145851,0.28102057146322384,0.23749929042285495,0.0
2021-04-22 11:00:00,0.1290097629009763,0.20318725099601576,0.43320923306031256,0.3547580789144795,0.20181649238983917,0.9993318485523385,0.5,0.4111747191586481,0.15686178726290007,0.1408457259265262,0.22758556446776002,0.2663173696717755,0.0
2021-04-22 11:10:00,0.09693165969316596,0.40239043824701204,0.4430379746835442,0.36082842349580435,0.20181649238983917,0.9993318485523385,0.5,0.4111747191586481,0.15686178726290007,0.1408457259265262,0.22758556446776002,0.2663173696717755,0.0
2021-04-22 11:20:00,0.08786610878661089,0.6015936254980081,0.4579300074460164,0.3743974290305303,0.20181649238983917,0.9993318485523385,0.5,0.4111747191586481,0.15686178726290007,0.1408457259265262,0.22758556446776002,0.2663173696717755,0.0
2021-04-22 11:30:00,0.11157601115760113,0.5577689243027888,0.47192851824273996,0.38939475093733256,0.20181649238983917,0.9993318485523385,0.5,0.4111747191586481,0.15686178726290007,0.1408457259265262,0.22758556446776002,0.2663173696717755,0.0
2021-04-22 11:40:00,0.11087866108786612,0.5139442231075697,0.48354430379746827,0.3972504909837531,0.20181649238983917,0.9993318485523385,0.5,0.4111747191586481,0.15686178726290007,0.1408457259265262,0.22758556446776002,0.2663173696717755,0.0
2021-04-22 11:50:00,0.07322175732217574,-0.8406374501992032,0.49158600148920306,0.40582038921621133,0.20181649238983917,0.9993318485523385,0.5,0.4111747191586481,0.15686178726290007,0.1408457259265262,0.22758556446776002,0.2663173696717755,0.0
2021-04-22 12:00:00,0.0815899581589958,0.4262948207171313,0.5020104244229335,0.414747366541689,0.20181649238983917,0.9993318485523385,0.5,0.4238612671572459,0.15586180737743915,0.13755198269443747,0.1382436303360397,0.27857386243349563,0.0
2021-04-22 12:10:00,0.20502092050209206,0.31075697211155373,0.5166046165301563,0.42331726477414744,0.2083993142348615,0.8716035634743875,0.5,0.4238612671572459,0.15586180737743915,0.13755198269443747,0.1382436303360397,0.27857386243349563,0.0
2021-04-22 12:20:00,0.17503486750348674,0.19521912350597592,0.5240506329113923,0.4258168184252813,0.217822041329128,0.004788418708240535,0.5,0.4238612671572459,0.15586180737743915,0.13755198269443747,0.1382436303360397,0.27857386243349563,0.037524329707138225
2021-04-22 12:30:00,0.1617852161785216,0.346613545816733,0.5338793745346238,0.46509551865738263,0.19664707960895686,0.34743875278396436,0.5,0.4238612671572459,0.15586180737743915,0.13755198269443747,0.1382436303360397,0.27857386243349563,0.012183713807203102
2021-04-22 12:40:00,0.12133891213389121,0.5697211155378485,0.5380491437081161,0.4861631851455097,0.18323278062059128,0.9995545657015591,0.5,0.4238612671572459,0.15586180737743915,0.13755198269443747,0.1382436303360397,0.27857386243349563,0.0
2021-04-22 12:50:00,0.1324965132496513,-0.2509960159362551,0.5404318689501115,0.4861631851455097,0.18323278062059128,0.9995545657015591,0.5,0.4238612671572459,0.15586180737743915,0.13755198269443747,0.1382436303360397,0.27857386243349563,0.0
2021-04-22 13:00:00,0.17154811715481172,0.8725099601593624,0.548771407297096,0.4865202642385287,0.1929434243760715,0.5817371937639199,0.5,0.4976354327213153,0.1422787472665781,0.10219404919652475,0.052011744157146884,0.2536273381225312,0.0
2021-04-22 13:10:00,0.11715481171548117,-0.06772908366533881,0.5541325390915859,0.4911622924477772,0.18855923885304474,0.8279510022271714,0.5,0.4976354327213153,0.1422787472665781,0.10219404919652475,0.052011744157146884,0.2536273381225312,0.0
2021-04-22 13:20:00,0.10669456066945607,-0.6733067729083666,0.5568131049888307,0.5022317443313695,0.18855923885304474,0.9993318485523385,0.5,0.4976354327213153,0.1422787472665781,0.10219404919652475,0.052011744157146884,0.2536273381225312,0.0
2021-04-22 13:30:00,0.1394700139470014,-0.33067729083665354,0.5630677587490691,0.5040171397964648,0.18855923885304474,0.9993318485523385,0.5,0.4976354327213153,0.1422787472665781,0.10219404919652475,0.052011744157146884,0.2536273381225312,0.0
2021-04-22 13:40:00,0.09135285913528592,0.01195219123505975,0.5651526433358152,0.5058025352615605,0.18855923885304474,0.9993318485523385,0.5,0.4976354327213153,0.1422787472665781,0.10219404919652475,0.052011744157146884,0.2536273381225312,0.0
2021-04-22 13:50:00,0.12691771269177127,0.3545816733067728,0.5702159344750557,0.5079450098196749,0.18855923885304474,0.9993318485523385,0.5,0.4976354327213153,0.1422787472665781,0.10219404919652475,0.052011744157146884,0.2536273381225312,0.0
2021-04-22 14:00:00,0.15341701534170155,0.6972111553784857,0.5708116157855547,0.507230851633637,0.18855923885304474,0.9993318485523385,0.5,0.5273323898856088,0.13044852546069538,0.09936444565678745,0.08052983361358541,0.20588324292399338,0.0
2021-04-22 14:10:00,0.1596931659693166,0.5617529880478087,0.5711094564408041,0.5040171397964648,0.18855923885304474,0.9993318485523385,0.5,0.5273323898856088,0.13044852546069538,0.09936444565678745,0.08052983361358541,0.20588324292399338,0.0
2021-04-22 14:20:00,0.16248256624825663,-0.043824701195219196,0.5764705882352941,0.5050883770755221,0.1631833113033464,0.9927616926503342,0.5,0.5273323898856088,0.13044852546069538,0.09936444565678745,0.08052983361358541,0.20588324292399338,0.0
2021-04-22 14:30:00,0.24058577405857742,0.6414342629482073,0.5785554728220401,0.5050883770755221,0.17861302692020783,0.28986636971046775,0.5,0.5273323898856088,0.13044852546069538,0.09936444565678745,0.08052983361358541,0.20588324292399338,0.03519320427901082
2021-04-22 14:40:00,0.16527196652719667,-0.553784860557769,0.5874906924795233,0.507230851633637,0.19757626519741922,0.4358574610244989,0.5,0.5273323898856088,0.13044852546069538,0.09936444565678745,0.08052983361358541,0.20588324292399338,0.004322766570605188
2021-04-22 14:50:00,0.26638772663877264,0.12350597609561742,0.590766939687267,0.517586145331191,0.17469997775189436,0.02271714922048998,0.5,0.5273323898856088,0.13044852546069538,0.09936444565678745,0.08052983361358541,0.20588324292399338,0.09207568236341415
2021-04-22 15:00:00,0.26638772663877264,-0.2589641434262948,0.5982129560685032,0.5165149080521336,0.20349164387326432,0.00011135857461024499,0.5,0.5489516290149197,0.115655719568861,0.09752145599860607,0.2507938862978746,0.2452998730986008,0.11218069616910843
2021-04-22 15:10:00,0.27475592747559274,-0.059760956175298974,0.5958302308265075,0.5211569362613819,0.17570768606614234,0.00011135857461024499,0.5,0.5489516290149197,0.115655719568861,0.09752145599860607,0.2507938862978746,0.2452998730986008,0.150580140923699
2021-04-22 15:20:00,0.26429567642956764,-0.08366533864541836,0.5627699180938197,0.48901981788966253,0.1914776668280745,0.00011135857461024499,0.5,0.5489516290149197,0.115655719568861,0.09752145599860607,0.2507938862978746,0.2452998730986008,0.12227469559575721
2021-04-22 15:30:00,0.4288702928870293,-0.019920318725099695,0.5484735666418465,0.45688269951794314,0.1898156024656136,0.00011135857461024499,0.5,0.5489516290149197,0.115655719568861,0.09752145599860607,0.2507938862978746,0.2452998730986008,0.32376239117642625
2021-04-22 15:40:00,0.36610878661087864,0.1394422310756971,0.5398361876396125,0.44688448491340815,0.17329965580871864,0.00011135857461024499,0.5,0.5489516290149197,0.115655719568861,0.09752145599860607,0.2507938862978746,0.2452998730986008,0.2269791933853373
2021-04-22 15:50:00,0.35006973500697347,0.003984063745019917,0.53596425912137,0.45188359221567564,0.16955673921294054,0.00011135857461024499,0.5,0.5489516290149197,0.115655719568861,0.09752145599860607,0.2507938862978746,0.2452998730986008,0.20679119453203978
2021-04-22 16:00:00,0.3117154811715481,-0.14741035856573714,0.5365599404318686,0.4565256204249242,0.18978942822368508,0.00011135857461024499,0.5,0.5584624625986792,0.11056386796817447,0.09234946878197696,0.4229647092636077,0.23630240530600205,0.16477812815908988
2021-04-22 16:10:00,0.44072524407252445,0.09163346613545809,0.5386448250186149,0.4636672022853061,0.20252319692190915,0.00022271714922048998,0.5,0.5584624625986792,0.11056386796817447,0.09234946878197696,0.4229647092636077,0.23630240530600205,0.3206919444151063
2021-04-22 16:20:00,0.5662482566248256,-0.21115537848605592,0.5401340282948621,0.46509551865738263,0.21144861341953383,0.00044543429844097997,0.5,0.5584624625986792,0.11056386796817447,0.09234946878197696,0.4229647092636077,0.23630240530600205,0.586493051888287
2021-04-22 16:30:00,0.4818688981868898,0.05179282868525892,0.5425167535368576,0.46652383502945916,0.21962806402219576,0.00011135857461024499,0.5,0.5584624625986792,0.11056386796817447,0.09234946878197696,0.4229647092636077,0.23630240530600205,0.4388400199164115
2021-04-22 16:40:00,0.4797768479776848,-0.21115537848605592,0.5401340282948621,0.4733083377968219,0.2260407532946827,0.00044543429844097997,0.5,0.5584624625986792,0.11056386796817447,0.09234946878197696,0.4229647092636077,0.23630240530600205,0.3694720642153387
2021-04-22 16:50:00,0.7336122733612274,-0.1354581673306774,0.5317944899478777,0.4790216032851278,0.13033463768305611,0.42728285077951,0.5,0.5584624625986792,0.11056386796817447,0.09234946878197696,0.4229647092636077,0.23630240530600205,0.4226353033480695
2021-04-22 17:00:00,0.7154811715481172,-0.059760956175298974,0.5058823529411764,0.45045527584359935,0.13863187237439636,0.001893095768374165,0.5,0.5548145017898933,0.11453217895042417,0.09486444648107928,0.5721180438333973,0.17939446512823876,0.9712871735292786
2021-04-22 17:10:00,0.7719665271966527,-0.05179282868525903,0.4951600893521966,0.4322442420996251,0.13252018688408737,0.026614699331848554,0.5,0.5548145017898933,0.11453217895042417,0.09486444648107928,0.5721180438333973,0.17939446512823876,0.9625586553404651
2021-04-22 17:20:00,0.8828451882845189,-0.17131474103585675,0.4862248696947131,0.41831815747187995,0.13736242164086324,0.06046770601336303,0.5,0.5548145017898933,0.11453217895042417,0.09486444648107928,0.5721180438333973,0.17939446512823876,0.9538301371516513
2021-04-22 17:30:00,0.7147838214783822,-0.10756972111553798,0.47997021593447475,0.42117479021603277,0.13382889898051328,0.005567928730512249,0.5,0.5548145017898933,0.11453217895042417,0.09486444648107928,0.5721180438333973,0.17939446512823876,0.9451016189628378
2021-04-22 17:40:00,0.5955369595536959,0.027888446215139417,0.4760982874162323,0.4447420103552937,0.13373728913376345,0.0026726057906458797,0.5,0.5548145017898933,0.11453217895042417,0.09486444648107928,0.5721180438333973,0.17939446512823876,0.6729861037765741
2021-04-22 17:50:00,0.5711297071129707,-0.17928286852589637,0.4662695457930006,0.46009641135511514,0.13488895577861826,0.00011135857461024499,0.5,0.5548145017898933,0.11453217895042417,0.09486444648107928,0.5721180438333973,0.17939446512823876,0.6240475579763719
2021-04-22 18:00:00,0.5467224546722455,0.03585657370517925,0.45971705137751284,0.462595965006249,0.1328342777872296,0.00011135857461024499,0.5,0.3618942286814555,0.1374081555830783,0.24225175215904218,0.7961100077011489,0.10642740865397633,0.5750486594142764
2021-04-22 18:10:00,0.4839609483960949,0.3545816733067728,0.45316455696202507,0.4622388859132296,0.11702503566240464,0.00011135857461024499,0.5,0.3618942286814555,0.1374081555830783,0.24225175215904218,0.7961100077011489,0.10642740865397633,0.43561114715512167
2021-04-22 18:20:00,0.4428172942817294,0.05976095617529875,0.4537602382725241,0.459382253169077,0.1267618536598134,0.00011135857461024499,0.5,0.3618942286814555,0.1374081555830783,0.24225175215904218,0.7961100077011489,0.10642740865397633,0.38821159678319783
2021-04-22 18:30:00,0.5216178521617852,-0.01195219123505975,0.4549516008935217,0.45831101589001966,0.13005980814280668,0.00011135857461024499,0.5,0.3618942286814555,0.1374081555830783,0.24225175215904218,0.7961100077011489,0.10642740865397633,0.5200899256152209
2021-04-22 18:40:00,0.5411436541143654,-0.06772908366533881,0.4528667163067759,0.4608105695411533,0.1329520618759079,0.00011135857461024499,0.5,0.3618942286814555,0.1374081555830783,0.24225175215904218,0.7961100077011489,0.10642740865397633,0.5567089638939603
2021-04-22 18:50:00,0.598326359832636,0.01195219123505975,0.44780342516753513,0.4611676486341725,0.12490348248288859,0.00022271714922048998,0.5,0.3618942286814555,0.1374081555830783,0.24225175215904218,0.7961100077011489,0.10642740865397633,0.6868446067263154
2021-04-22 19:00:00,0.5815899581589958,-0.11553784860557781,0.43767684288905406,0.44188537761114066,0.12914370967530853,0.00011135857461024499,0.5,0.3367246865893563,0.1456062665406162,0.2651575532330817,0.908024577133854,0.10172348067345437,0.6258807731188799
2021-04-22 19:10:00,0.5655509065550907,0.11553784860557759,0.4311243484735665,0.44045706123906436,0.12383033856381935,0.00011135857461024499,0.5,0.3367246865893563,0.1456062665406162,0.2651575532330817,0.908024577133854,0.10172348067345437,0.6027204007423389
2021-04-22 19:20:00,0.5397489539748954,0.3227091633466135,0.4269545793000742,0.4258168184252813,0.12006124772611274,0.00011135857461024499,0.5,0.3367246865893563,0.1456062665406162,0.2651575532330817,0.908024577133854,0.10172348067345437,0.5822457262700484
2021-04-22 19:30:00,0.5041841004184101,-0.003984063745020028,0.42040208488458664,0.4333154793786824,0.10505031998010758,0.00011135857461024499,0.5,0.3367246865893563,0.1456062665406162,0.2651575532330817,0.908024577133854,0.10172348067345437,0.4785068726707606
2021-04-22 19:40:00,0.402370990237099,0.01195219123505975,0.4117647058823528,0.43617211212283524,0.09524806637787753,0.00011135857461024499,0.5,0.3367246865893563,0.1456062665406162,0.2651575532330817,0.908024577133854,0.10172348067345437,0.29381233308689286
2021-04-22 19:50:00,0.33751743375174337,0.1872509960159361,0.40521221146686504,0.4190323156579181,0.09401787700723718,0.00011135857461024499,0.5,0.3367246865893563,0.1456062665406162,0.2651575532330817,0.908024577133854,0.10172348067345437,0.19675754786728428
2021-04-22 20:00:00,0.2775453277545328,-0.17131474103585675,0.3983618763961281,0.4033208355650777,0.09116488463702871,0.00011135857461024499,0.5,0.3301208749315845,0.15820371429310298,0.2687084755078177,0.8082465729228625,0.1043325788404657,0.11955882131056023
2021-04-22 20:10:00,0.3117154811715481,0.3545816733067728,0.3918093819806401,0.3918943045884662,0.09638664590176807,0.00011135857461024499,0.5,0.3301208749315845,0.15820371429310298,0.2687084755078177,0.8082465729228625,0.1043325788404657,0.15767913454139446
2021-04-22 20:20:00,0.3521617852161785,0.25099601593625476,0.38615040953090074,0.3665416889841102,0.10889793354359975,0.00011135857461024499,0.5,0.3301208749315845,0.15820371429310298,0.2687084755078177,0.8082465729228625,0.1043325788404657,0.19544487529610574
2021-04-22 20:30:00,0.3849372384937238,-0.1633466135458168,0.3804914370811614,0.35297268344938404,0.11279789559094894,0.00011135857461024499,0.5,0.3301208749315845,0.15820371429310298,0.2687084755078177,0.8082465729228625,0.1043325788404657,0.23944203871629674
2021-04-22 20:40:00,0.4225941422594142,0.09163346613545809,0.37542814594192087,0.34226031065881113,0.11279789559094894,0.00011135857461024499,0.5,0.3301208749315845,0.15820371429310298,0.2687084755078177,0.8082465729228625,0.1043325788404657,0.309949152798105
2021-04-22 20:50:00,0.4372384937238493,0.2828685258964143,0.3655994043186892,0.328334226031066,0.11982567954875607,0.00011135857461024499,0.5,0.3301208749315845,0.15820371429310298,0.2687084755078177,0.8082465729228625,0.1043325788404657,0.3319326463177271
2021-04-22 21:00:00,0.3319386331938633,-0.24302788844621515,0.3545793000744599,0.31976432779860753,0.11054691078509639,0.00011135857461024499,0.5,0.3163594569183148,0.18146474065176738,0.29296408611338426,0.7542732037264313,0.10342900529282634,0.16630203539689487
2021-04-22 21:10:00,0.30822873082287305,0.298804780876494,0.3414743112434846,0.30298161042670957,0.10705264948763922,0.00011135857461024499,0.5,0.3163594569183148,0.18146474065176738,0.29296408611338426,0.7542732037264313,0.10342900529282634,0.15103278663789851
2021-04-22 21:20:00,0.32147838214783825,0.05976095617529875,0.3304542069992553,0.2833422603106588,0.12253471358835771,0.00011135857461024499,0.5,0.3163594569183148,0.18146474065176738,0.29296408611338426,0.7542732037264313,0.10342900529282634,0.16016114187425504
2021-04-22 21:30:00,0.29497907949790797,0.09163346613545809,0.32330603127326873,0.2740582038921622,0.12021829317768386,0.00011135857461024499,0.5,0.3163594569183148,0.18146474065176738,0.29296408611338426,0.7542732037264313,0.10342900529282634,0.12994704045143865
2021-04-22 21:40:00,0.2580195258019526,0.49800796812749004,0.31705137751303036,0.2604891983574362,0.12801821727238225,0.00011135857461024499,0.5,0.3163594569183148,0.18146474065176738,0.29296408611338426,0.7542732037264313,0.10342900529282634,0.10102297931409086
2021-04-22 21:50:00,0.10669456066945607,0.2058432934926957,0.3140729709605359,0.25691840742724525,0.1523079137820471,0.4842984409799555,0.5,0.3163594569183148,0.18146474065176738,0.29296408611338426,0.7542732037264313,0.10342900529282634,0.007438477903345051
2021-04-22 22:00:00,0.21269177126917713,-0.08632138114209831,0.33164556962025293,0.2844134975897161,0.17204329219614978,0.7866369710467707,0.5,0.22927173862651307,0.19505642127888206,0.31298917755587846,0.7902926075897353,0.10862997690380768,0.01005627895046547
2021-04-22 22:10:00,0.29009762900976294,-0.3784860557768924,0.3447505584512285,0.3086948759150152,0.2013584431560901,0.00011135857461024499,0.5,0.22927173862651307,0.19505642127888206,0.31298917755587846,0.7902926075897353,0.10862997690380768,0.14299832521085748
2021-04-22 22:20:00,0.32914923291492326,0.24302788844621515,0.3182427401340282,0.28869844670594547,0.19765478792320476,0.00011135857461024499,0.5,0.22927173862651307,0.19505642127888206,0.31298917755587846,0.7902926075897353,0.10862997690380768,0.20891108529354077
2021-04-22 22:30:00,0.37935843793584384,0.09163346613545809,0.2899478778853313,0.23370826638100328,0.19765478792320476,0.00011135857461024499,0.5,0.22927173862651307,0.19505642127888206,0.31298917755587846,0.7902926075897353,0.10862997690380768,0.2704030055675423
2021-04-22 22:40:00,0.5041841004184101,-0.003984063745020028,0.2905435591958301,0.22049633993929652,0.1889518524819725,0.00011135857461024499,0.5,0.22927173862651307,0.19505642127888206,0.31298917755587846,0.7902926075897353,0.10862997690380768,0.4808455421941247
2021-04-22 22:50:00,0.47419804741980476,0.13147410358565725,0.29381980640357397,0.21514015354401006,0.18638677677297774,0.00011135857461024499,0.5,0.22927173862651307,0.19505642127888206,0.31298917755587846,0.7902926075897353,0.10862997690380768,0.4174751422061952
2021-04-22 23:00:00,0.4595536959553696,-0.4422310756972112,0.2950111690245716,0.22013926084627755,0.1839656593945898,0.00011135857461024499,0.5,0.17408768460518087,0.19835233199332206,0.3199623057699031,0.8095380527443206,0.11235595169926349,0.36081144288365496
2021-04-22 23:10:00,0.4721059972105997,-0.33067729083665354,0.2920327624720771,0.222281735404392,0.17511876562275064,0.00011135857461024499,0.5,0.17408768460518087,0.19835233199332206,0.3199623057699031,0.8095380527443206,0.11235595169926349,0.42305022858608565
2021-04-22 23:20:00,0.5118549511854951,-0.1394422310756973,0.2827997021593447,0.21549723263702902,0.1717161141720433,0.00011135857461024499,0.5,0.17408768460518087,0.19835233199332206,0.3199623057699031,0.8095380527443206,0.11235595169926349,0.48512304419330987
2021-04-22 23:30:00,0.4504881450488145,0.027888446215139417,0.270886075949367,0.20407070166041774,0.1704990119223672,0.00011135857461024499,0.5,0.17408768460518087,0.19835233199332206,0.3199623057699031,0.8095380527443206,0.11235595169926349,0.3712600147864267
2021-04-22 23:40:00,0.43235704323570434,-0.26693227091633476,0.25390915860014873,0.19942867345116966,0.17511876562275064,0.00011135857461024499,0.5,0.17408768460518087,0.19835233199332206,0.3199623057699031,0.8095380527443206,0.11235595169926349,0.31983191755812723
2021-04-22 23:50:00,0.41352859135285913,-0.20318725099601598,0.23782576321667914,0.18657382610248163,0.17511876562275064,0.00011135857461024499,0.5,0.17408768460518087,0.19835233199332206,0.3199623057699031,0.8095380527443206,0.11235595169926349,0.2957436214674774
2021-04-23 00:00:00,0.36610878661087864,-0.19123505976095634,0.22606105733432602,0.17014815211569356,0.180288178403633,0.00011135857461024499,0.5,0.17434010078636564,0.19285244262328083,0.29532739412066894,0.7062758104626832,0.1263792795689342,0.22920847352776982
2021-04-23 00:10:00,0.3186889818688982,-0.17928286852589637,0.2142963514519729,0.1537225495447243,0.18545759118451532,0.00011135857461024499,0.5,0.17434010078636564,0.19285244262328083,0.29532739412066894,0.7062758104626832,0.1263792795689342,0.16267332558806222
2021-04-23 00:20:00,0.37377963737796377,-0.3545816733067729,0.20595681310498848,0.14336725584717036,0.18121736399209537,0.00011135857461024499,0.5,0.17434010078636564,0.19285244262328083,0.29532739412066894,0.7062758104626832,0.1263792795689342,0.23312008690797711
2021-04-23 00:30:00,0.3821478382147839,-0.21115537848605592,0.1982129560685031,0.13372612033565434,0.17511876562275064,0.00011135857461024499,0.5,0.17434010078636564,0.19285244262328083,0.29532739412066894,0.7062758104626832,0.1263792795689342,0.2481328364289271
2021-04-23 00:40:00,0.3193863319386332,-0.02788844621513953,0.18927773641102008,0.11801464024281394,0.17511876562275064,0.00011135857461024499,0.5,0.17434010078636564,0.19285244262328083,0.29532739412066894,0.7062758104626832,0.1263792795689342,0.16335983825459813
2021-04-23 00:50:00,0.25592747559274753,0.1633466135458166,0.18123603871928506,0.10480271380110695,0.17511876562275064,0.00011135857461024499,0.5,0.17434010078636564,0.19285244262328083,0.29532739412066894,0.7062758104626832,0.1263792795689342,0.09706232931484528
2021-04-23 01:00:00,0.2768479776847978,-0.05179282868525903,0.17706626954579274,0.09837529012676294,0.17511876562275064,0.00011135857461024499,0.5,0.13117489926533143,0.21696690009108993,0.3205719012620161,0.5559794461846196,0.1376032078705316,0.1156057154065513
2021-04-23 01:10:00,0.2580195258019526,-0.003984063745020028,0.1752792256142961,0.0898053918943047,0.17511876562275064,0.00011135857461024499,0.5,0.13117489926533143,0.21696690009108993,0.3205719012620161,0.5559794461846196,0.1376032078705316,0.10171703607586344
2021-04-23 01:20:00,0.24686192468619247,0.3705179282868525,0.17498138495904692,0.08230673094090357,0.17511876562275064,0.00011135857461024499,0.5,0.13117489926533143,0.21696690009108993,0.3205719012620161,0.5559794461846196,0.1376032078705316,0.09601370007694977
2021-04-23 01:30:00,0.3075313807531381,0.29083665338645415,0.17587490692479513,0.07909301910373157,0.17511876562275064,0.00011135857461024499,0.5,0.13117489926533143,0.21696690009108993,0.3205719012620161,0.5559794461846196,0.1376032078705316,0.14240988578239813
2021-04-23 01:40:00,0.37447698744769875,0.5139442231075697,0.17795979151154118,0.07195143724334963,0.17965999659734855,0.00011135857461024499,0.5,0.13117489926533143,0.21696690009108993,0.3205719012620161,0.5559794461846196,0.1376032078705316,0.23058527090845993
2021-04-23 01:50:00,0.43584379358437936,-0.2589641434262948,0.1752792256142961,0.07230851633636859,0.1889518524819725,0.00011135857461024499,0.5,0.13117489926533143,0.21696690009108993,0.3205719012620161,0.5559794461846196,0.1376032078705316,0.3331397015555924
2021-04-23 02:00:00,0.3849372384937238,0.19521912350597592,0.16574832464631406,0.06945188359221577,0.18490793210401646,0.00011135857461024499,0.5,0.12287731766449639,0.21881743758027902,0.3101816396736464,0.5905456572438516,0.13463777039741565,0.24884952547640962
2021-04-23 02:10:00,0.3396094839609484,0.01195219123505975,0.15264333581533873,0.05623995715050878,0.19811283715695382,0.00011135857461024499,0.5,0.12287731766449639,0.21881743758027902,0.3101816396736464,0.5905456572438516,0.13463777039741565,0.1947432744390965
2021-04-23 02:20:00,0.32984658298465835,-0.05179282868525903,0.14460163812360372,0.050883770755222324,0.20021986363219957,0.00011135857461024499,0.5,0.12287731766449639,0.21881743758027902,0.3101816396736464,0.5905456572438516,0.13463777039741565,0.2023628106281214
2021-04-23 02:30:00,0.296373779637378,0.06772908366533859,0.14221891288160804,0.04517050526691668,0.20021986363219957,0.00011135857461024499,0.5,0.12287731766449639,0.21881743758027902,0.3101816396736464,0.5905456572438516,0.13463777039741565,0.15431446806584487
2021-04-23 02:40:00,0.28661087866108786,0.11553784860557759,0.13924050632911378,0.04159971433672571,0.20021986363219957,0.00011135857461024499,0.5,0.12287731766449639,0.21881743758027902,0.3101816396736464,0.5905456572438516,0.13463777039741565,0.14247778263952807
2021-04-23 02:50:00,0.41631799163179917,0.24302788844621515,0.1362620997766193,0.034815211569362514,0.2122338406773894,0.00011135857461024499,0.5,0.12287731766449639,0.21881743758027902,0.3101816396736464,0.5905456572438516,0.13463777039741565,0.29646785461019665
2021-04-23 03:00:00,0.2705718270571827,-0.10756972111553798,0.1362620997766193,0.03302981610426703,0.20771878394472,0.00011135857461024499,0.5,0.1187407674479184,0.21326295160729522,0.29352866259162164,0.6184533473189421,0.1257830734624565,0.14778882568613547
2021-04-23 03:10:00,0.29567642956764295,0.47410358565737054,0.1362620997766193,0.03302981610426703,0.20294198479276543,0.00011135857461024499,0.5,0.1187407674479184,0.21326295160729522,0.29352866259162164,0.6184533473189421,0.1257830734624565,0.1614511821597236
2021-04-23 03:20:00,0.397489539748954,-0.20318725099601598,0.13417721518987324,0.03231565791822888,0.2125086702176388,0.00011135857461024499,0.5,0.1187407674479184,0.21326295160729522,0.29352866259162164,0.6184533473189421,0.1257830734624565,0.29781824765755843
2021-04-23 03:30:00,0.3207810320781032,-0.17131474103585675,0.1276247207743857,0.029816104267095245,0.2054547120179032,0.00011135857461024499,0.5,0.1187407674479184,0.21326295160729522,0.29352866259162164,0.6184533473189421,0.1257830734624565,0.1832158969174827
2021-04-23 03:40:00,0.3158995815899582,-0.36254980079681276,0.12196574832464635,0.022674522406713082,0.2068550339610789,0.00011135857461024499,0.5,0.1187407674479184,0.21326295160729522,0.29352866259162164,0.6184533473189421,0.1257830734624565,0.18612791767883277
2021-04-23 03:50:00,0.32217573221757323,0.07569721115537842,0.12077438570364829,0.021246206034636783,0.19881954168902385,0.00011135857461024499,0.5,0.1187407674479184,0.21326295160729522,0.29352866259162164,0.6184533473189421,0.1257830734624565,0.19116737329692052
2021-04-23 04:00:00,0.3270571827057183,-0.20318725099601598,0.11898734177215187,0.019817889662560484,0.20093965528523383,0.00011135857461024499,0.5,0.03917703919955229,0.21384914671256425,0.29002275933076127,0.6390890250712526,0.11932002715438629,0.19692351796249075
2021-04-23 04:10:00,0.3598326359832636,-0.14741035856573714,0.11362620997766193,0.018746652383502926,0.2053238408082606,0.00011135857461024499,0.5,0.03917703919955229,0.21384914671256425,0.29002275933076127,0.6390890250712526,0.11932002715438629,0.23863482052597432
2021-04-23 04:20:00,0.3702928870292887,0.1394422310756971,0.10796723752792259,0.013390465988216471,0.197968878826347,0.00011135857461024499,0.5,0.03917703919955229,0.21384914671256425,0.29002275933076127,0.6390890250712526,0.11932002715438629,0.25922265642681475
2021-04-23 04:30:00,0.39400278940027894,0.07569721115537842,0.10618019359642594,0.00910551687198713,0.1932967766421065,0.00011135857461024499,0.5,0.03917703919955229,0.21384914671256425,0.29002275933076127,0.6390890250712526,0.11932002715438629,0.2802178734704347
2021-04-23 04:40:00,0.32566248256624825,-0.07569721115537853,0.10141474311243459,0.0016068559185860032,0.19925141668084437,0.00011135857461024499,0.5,0.03917703919955229,0.21384914671256425,0.29002275933076127,0.6390890250712526,0.11932002715438629,0.19774582434328652
2021-04-23 04:50:00,0.29776847977684795,0.1394422310756971,0.09873417721518973,-0.0001785395465094819,0.1977725720118831,0.00011135857461024499,0.5,0.03917703919955229,0.21384914671256425,0.29002275933076127,0.6390890250712526,0.11932002715438629,0.15067821416177557
2021-04-23 05:00:00,0.28172942817294283,-0.2509960159362551,0.09456440804169763,-0.0026780931976432276,0.19132062137650338,0.00011135857461024499,0.5,0.038338309058398856,0.21880881706402538,0.27912194408080493,0.6129226584401354,0.12104873407023328,0.12631078654736938
2021-04-23 05:10:00,0.2712691771269177,0.11553784860557759,0.0939687267311986,-0.005534725941796048,0.19050921987671934,0.00011135857461024499,0.5,0.038338309058398856,0.21880881706402538,0.27912194408080493,0.6129226584401354,0.12104873407023328,0.12155046245303801
2021-04-23 05:20:00,0.2733612273361227,-0.05179282868525903,0.09128816083395375,-0.00981967505802539,0.20101817801101937,0.00011135857461024499,0.5,0.038338309058398856,0.21880881706402538,0.27912194408080493,0.6129226584401354,0.12104873407023328,0.1217692412149011
2021-04-23 05:30:00,0.2719665271966527,-0.601593625498008,0.08711839166046165,-0.00981967505802539,0.20435539385690543,0.00011135857461024499,0.5,0.038338309058398856,0.21880881706402538,0.27912194408080493,0.6129226584401354,0.12104873407023328,0.13224798949861943
2021-04-23 05:40:00,0.3089260808926081,-0.019920318725099695,0.0856291883842144,-0.01410462417425462,0.20435539385690543,0.00011135857461024499,0.5,0.038338309058398856,0.21880881706402538,0.27912194408080493,0.6129226584401354,0.12104873407023328,0.16748645834905018
2021-04-23 05:50:00,0.398186889818689,0.027888446215139417,0.0856291883842144,-0.01696125691840733,0.2138697307979218,0.00011135857461024499,0.5,0.038338309058398856,0.21880881706402538,0.27912194408080493,0.6129226584401354,0.12104873407023328,0.2630626009022738
2021-04-23 06:00:00,0.3577405857740586,-0.33067729083665354,0.08443782576321657,-0.017675415104445702,0.21417073458009972,0.00011135857461024499,0.5,0.01632820507347188,0.27998574741312604,0.3004179666699512,0.5488782780633524,0.09519374955648,0.21475021500671426
2021-04-23 06:10:00,0.3207810320781032,-0.33864541832669326,0.0814594192107223,-0.02053204784859841,0.20483961733258302,0.00011135857461024499,0.5,0.01632820507347188,0.27998574741312604,0.3004179666699512,0.5488782780633524,0.09519374955648,0.1972780904386137
2021-04-23 06:20:00,0.35495118549511856,-0.2509960159362551,0.07580044676098274,-0.024459917871808567,0.20483961733258302,0.00011135857461024499,0.5,0.01632820507347188,0.27998574741312604,0.3004179666699512,0.5488782780633524,0.09519374955648,0.23985696395431297
2021-04-23 06:30:00,0.36401673640167365,-0.24302788844621515,0.069843633655994,-0.025174076057846828,0.19764170080224053,0.00011135857461024499,0.5,0.01632820507347188,0.27998574741312604,0.3004179666699512,0.5488782780633524,0.09519374955648,0.2367035321453898
2021-04-23 06:40:00,0.28661087866108786,-0.2270916334661356,0.06775874906924773,-0.028744866988037687,0.19357160618235594,0.00011135857461024499,0.5,0.01632820507347188,0.27998574741312604,0.3004179666699512,0.5488782780633524,0.09519374955648,0.13551458273609246
2021-04-23 06:50:00,0.1617852161785216,-0.03585657370517936,0.06388682055100503,-0.03017318336011432,0.19357160618235594,0.00011135857461024499,0.5,0.01632820507347188,0.27998574741312604,0.3004179666699512,0.5488782780633524,0.09519374955648,0.04067776151606138
2021-04-23 07:00:00,0.08437935843793584,-0.05179282868525903,0.0588235294117645,-0.022317443313693897,0.18325895486251978,0.24510022271714924,0.5,0.023762642071653683,0.3263037812457796,0.30606880401726855,0.42749644279490157,0.09664227824036949,0.0
2021-04-23 07:10:00,0.07112970711297072,0.019307385841250246,0.0704393149664928,-0.006248884127834309,0.17716035649317508,0.9995545657015591,0.5,0.023762642071653683,0.3263037812457796,0.30606880401726855,0.42749644279490157,0.09664227824036949,0.0
2021-04-23 07:20:00,0.08368200836820083,0.09040760036775963,0.08473566641846597,0.01624709873236929,0.17716035649317508,0.9995545657015591,0.5,0.023762642071653683,0.3263037812457796,0.30606880401726855,0.42749644279490157,0.09664227824036949,0.0
2021-04-23 07:30:00,0.1199442119944212,0.16150781489426902,0.08682055100521202,0.018389573290483963,0.17716035649317508,0.9995545657015591,0.5,0.023762642071653683,0.3263037812457796,0.30606880401726855,0.42749644279490157,0.09664227824036949,0.0
2021-04-23 07:40:00,0.13737796373779637,0.2326080294207784,0.08741623231571105,0.0112479914301018,0.17716035649317508,0.9995545657015591,0.5,0.023762642071653683,0.3263037812457796,0.30606880401726855,0.42749644279490157,0.09664227824036949,0.0
2021-04-23 07:50:00,0.14225941422594143,0.3037082439472878,0.08443782576321657,0.004106409569719638,0.17716035649317508,0.9995545657015591,0.5,0.023762642071653683,0.3263037812457796,0.30606880401726855,0.42749644279490157,0.09664227824036949,0.0
2021-04-23 08:00:00,0.10111576011157601,0.3748084584737972,0.08830975428145926,-0.001963935011604967,0.17716035649317508,0.9995545657015591,0.5,0.021800179639739792,0.36856729893364276,0.32632609212006203,0.324457237315472,0.10086285834040404,0.0
2021-04-23 08:10:00,0.05299860529986053,0.4459086730003061,0.09784065524944152,-0.005534725941796048,0.17716035649317508,0.9995545657015591,0.5,0.021800179639739792,0.36856729893364276,0.32632609212006203,0.324457237315472,0.10086285834040404,0.0
2021-04-23 08:20:00,0.0794979079497908,0.5170088875268155,0.10737155621742356,-0.009462595965006093,0.17716035649317508,0.9995545657015591,0.5,0.021800179639739792,0.36856729893364276,0.32632609212006203,0.324457237315472,0.10086285834040404,0.0
2021-04-23 08:30:00,0.1094839609483961,0.5881091020533249,0.1127326880119135,-0.013390465988216249,0.17716035649317508,0.9995545657015591,0.5,0.021800179639739792,0.36856729893364276,0.32632609212006203,0.324457237315472,0.10086285834040404,0.0
2021-04-23 08:40:00,0.12622036262203626,0.6592093165798345,0.11690245718540582,-0.01838957329048374,0.17716035649317508,0.9995545657015591,0.5,0.021800179639739792,0.36856729893364276,0.32632609212006203,0.324457237315472,0.10086285834040404,0.0
2021-04-23 08:50:00,0.1708507670850767,0.7303095311063437,0.11839166046165284,-0.02053204784859841,0.17735666330763897,0.9995545657015591,0.5,0.021800179639739792,0.36856729893364276,0.32632609212006203,0.324457237315472,0.10086285834040404,0.0
2021-04-23 09:00:00,0.23500697350069735,0.4696087445091428,0.11809381980640343,-0.022674522406713193,0.2605384041564696,0.5643652561247217,0.5,0.028314471605347613,0.4077130632429803,0.34761666170189376,0.08612742810856788,0.04231267497720021,0.025227454471385247
2021-04-23 09:10:00,0.394700139470014,0.20890795791194194,0.11809381980640343,0.015890019639350328,0.30394838439491695,0.36213808463251673,0.5,0.028314471605347613,0.4077130632429803,0.34761666170189376,0.08612742810856788,0.04231267497720021,0.08923155845919399
2021-04-23 09:20:00,0.504881450488145,-0.05179282868525903,0.1088607594936708,0.023745759685770418,0.3600659590896598,0.00011135857461024499,0.5,0.028314471605347613,0.4077130632429803,0.34761666170189376,0.08612742810856788,0.04231267497720021,0.5664785672254327
2021-04-23 09:30:00,0.49790794979079495,0.019920318725099362,0.05912137006701412,-0.010176754151044465,0.36629542866864717,0.00022271714922048998,0.5,0.028314471605347613,0.4077130632429803,0.34761666170189376,0.08612742810856788,0.04231267497720021,0.5331562985651132
2021-04-23 09:40:00,0.5913528591352859,0.07569721115537842,0.026954579300074277,-0.03731476522049626,0.3600528719686956,0.00033407572383073496,0.5,0.028314471605347613,0.4077130632429803,0.34761666170189376,0.08612742810856788,0.04231267497720021,0.7519124281424929
2021-04-23 09:50:00,0.6443514644351465,0.06772908366533859,0.015934475055845,-0.04624174254597391,0.3548834591878133,0.001893095768374165,0.5,0.028314471605347613,0.4077130632429803,0.34761666170189376,0.08612742810856788,0.04231267497720021,0.8927984066870861
2021-04-23 10:00:00,0.789400278940028,0.1633466135458166,0.009381980640357446,-0.04909837529012662,0.3629712999437254,0.03942093541202673,0.5,0.055006715644566606,0.4339970173013761,0.3298474667040008,0.22721703389749678,0.6781695136995444,0.8806879460446309
2021-04-23 10:10:00,0.8451882845188284,-0.043824701195219196,0.005807892777363932,-0.04874129619710765,0.3686511104422138,0.05868596881959911,0.5,0.055006715644566606,0.4339970173013761,0.3298474667040008,0.22721703389749678,0.6781695136995444,0.8685774854021757
2021-04-23 10:20:00,0.8591352859135286,-0.20318725099601598,-0.0019359642591214588,-0.04588466345295483,0.3610213189200508,0.061915367483296214,0.5,0.055006715644566606,0.4339970173013761,0.3298474667040008,0.22721703389749678,0.6781695136995444,0.856467100200673
2021-04-23 10:30:00,0.799163179916318,0.21912350597609564,-0.013551749813849767,-0.05302624531333677,0.35155933046289145,0.052895322939866374,0.5,0.055006715644566606,0.4339970173013761,0.3298474667040008,0.22721703389749678,0.6781695136995444,0.8443566395582177
2021-04-23 10:40:00,0.691771269177127,0.05976095617529875,-0.0385703648548027,-0.06766648812712017,0.36301056130661813,0.014810690423162584,0.5,0.055006715644566606,0.4339970173013761,0.3298474667040008,0.22721703389749678,0.6781695136995444,0.8322462543567151
2021-04-23 10:50:00,0.6680613668061367,-0.1394422310756973,-0.05941921072226375,-0.07480806998750233,0.36209446283912,0.0033407572383073497,0.5,0.055006715644566606,0.4339970173013761,0.3298474667040008,0.22721703389749678,0.6781695136995444,0.8201357937142599
2021-04-23 11:00:00,0.5739191073919108,0.14741035856573692,-0.07222635889798967,-0.0815925727548652,0.35866563714648414,0.00044543429844097997,0.5,0.06606469899003509,0.4530742197714412,0.3013907578120354,0.517820163774443,0.6875425598146576,0.8080254085127571
2021-04-23 11:10:00,0.4951185495118549,-0.19521912350597614,-0.08771407297096068,-0.08730583824317073,0.35277643271256753,0.00011135857461024499,0.5,0.06606469899003509,0.4530742197714412,0.3013907578120354,0.517820163774443,0.6875425598146576,0.6523303710186038
2021-04-23 11:20:00,0.5230125523012552,0.09163346613545809,-0.09784065524944163,-0.09051955008034285,0.3534831372446376,0.00011135857461024499,0.5,0.06606469899003509,0.4530742197714412,0.3013907578120354,0.517820163774443,0.6875425598146576,0.686520210631139
2021-04-23 11:30:00,0.398186889818689,-0.10756972111553798,-0.10469099032017881,-0.09266202463845752,0.35672874324377385,0.00011135857461024499,0.5,0.06606469899003509,0.4530742197714412,0.3013907578120354,0.517820163774443,0.6875425598146576,0.3469001312672571
2021-04-23 11:40:00,0.29009762900976294,0.2111553784860556,-0.09396872673119894,-0.09194786645241915,0.35687270157438067,0.00011135857461024499,0.5,0.06606469899003509,0.4530742197714412,0.3013907578120354,0.517820163774443,0.6875425598146576,0.15346198530410246
2021-04-23 11:50:00,0.2754532775453278,0.13147410358565725,-0.07520476545048416,-0.08980539189430448,0.3670021332007172,0.00011135857461024499,0.5,0.06606469899003509,0.4530742197714412,0.3013907578120354,0.517820163774443,0.6875425598146576,0.14096141949695973
2021-04-23 12:00:00,0.2503486750348675,0.298804780876494,-0.06001489203276256,-0.0815925727548652,0.3774063943673031,0.00011135857461024499,0.5,0.0586628479602751,0.4762145589025503,0.305817331610183,0.721817958701163,0.7005748008841343,0.11242965131191816
2021-04-23 12:10:00,0.19525801952580193,0.2589641434262948,-0.05137751303052884,-0.08659168005713269,0.3719621520461714,0.00011135857461024499,0.5,0.0586628479602751,0.4762145589025503,0.305817331610183,0.721817958701163,0.7005748008841343,0.07270244579567572
2021-04-23 12:20:00,0.17642956764295675,-0.06772908366533881,-0.04542069992553999,-0.08302088912694161,0.3851408828571803,0.00011135857461024499,0.5,0.0586628479602751,0.4762145589025503,0.305817331610183,0.721817958701163,0.7005748008841343,0.058904295607827756
2021-04-23 12:30:00,0.2105997210599721,-0.45019920318725104,-0.040357408786299453,-0.0815925727548652,0.3806520003664394,0.00011135857461024499,0.5,0.0586628479602751,0.4762145589025503,0.305817331610183,0.721817958701163,0.7005748008841343,0.07164627246254357
2021-04-23 12:40:00,0.3054393305439331,-0.38645418326693237,-0.02963514519731958,-0.08123549366184613,0.3561529099213464,0.00011135857461024499,0.5,0.0586628479602751,0.4762145589025503,0.305817331610183,0.721817958701163,0.7005748008841343,0.20366793910406328
2021-04-23 12:50:00,0.47280334728033474,-0.019920318725099695,-0.018912881608339704,-0.07659346545259771,0.3561136485584536,0.00011135857461024499,0.5,0.0586628479602751,0.4762145589025503,0.305817331610183,0.721817958701163,0.7005748008841343,0.4528192283899392
2021-04-23 13:00:00,0.5132496513249651,-0.059760956175298974,-0.012956068503350737,-0.0673094090341011,0.36137467118608574,0.00011135857461024499,0.5,0.035545321345343606,0.4871511205234366,0.35350362694734183,0.850773281169022,0.71238359311719,0.5752900704618495
2021-04-23 13:10:00,0.5390516039051604,0.027888446215139417,-0.012062546537602414,-0.06338153901089094,0.37012995511117514,0.00011135857461024499,0.5,0.035545321345343606,0.4871511205234366,0.35350362694734183,0.850773281169022,0.71238359311719,0.5996273216953091
2021-04-23 13:20:00,0.6359832635983264,-0.019920318725099695,-0.008786299329858527,-0.06052490626673801,0.37111148918349457,0.0013363028953229399,0.5,0.035545321345343606,0.4871511205234366,0.35350362694734183,0.850773281169022,0.71238359311719,0.8348220347933671
2021-04-23 13:30:00,0.5474198047419805,-0.059760956175298974,-0.009084139985108153,-0.04981253347616499,0.3714517543285653,0.00022271714922048998,0.5,0.035545321345343606,0.4871511205234366,0.35350362694734183,0.850773281169022,0.71238359311719,0.6317123587368167
2021-04-23 13:40:00,0.5034867503486751,0.01195219123505975,-0.005807892777364376,-0.04231387252276375,0.3772755231576605,0.00022271714922048998,0.5,0.035545321345343606,0.4871511205234366,0.35350362694734183,0.850773281169022,0.71238359311719,0.5739245892240143
2021-04-23 13:50:00,0.6143654114365412,-0.059760956175298974,-0.005212211466865346,-0.04731297982503124,0.3808875685437961,0.00011135857461024499,0.5,0.035545321345343606,0.4871511205234366,0.35350362694734183,0.850773281169022,0.71238359311719,0.7583852618555457
2021-04-23 14:00:00,0.6387726638772664,-0.019920318725099695,-0.004318689501117023,-0.03945723977861093,0.38018086401172607,0.00022271714922048998,0.5,0.02964989595503731,0.4890102785288794,0.3872856413313606,0.8458145772665135,0.7280802855466948,0.8593478884077432
2021-04-23 14:10:00,0.6164574616457461,0.05179282868525892,-0.006105733432613669,-0.04088555615068734,0.384067738938111,0.0008908685968819599,0.5,0.02964989595503731,0.4890102785288794,0.3872856413313606,0.8458145772665135,0.7280802855466948,0.8443502270772667
2021-04-23 14:20:00,0.689679218967922,0.06772908366533859,-0.007297096053611507,-0.04159971433672538,0.38947271989635,0.006124721603563475,0.5,0.02964989595503731,0.4890102785288794,0.3872856413313606,0.8458145772665135,0.7280802855466948,0.9836745779078716
2021-04-23 14:30:00,0.6345885634588563,0.043824701195219085,-0.00967982129560696,-0.03945723977861093,0.37366347777152503,0.004565701559020045,0.5,0.02964989595503731,0.4890102785288794,0.3872856413313606,0.8458145772665135,0.7280802855466948,0.8783514643088854
2021-04-23 14:40:00,0.6262203626220363,0.09163346613545809,-0.01176470588235301,-0.034101053383324476,0.3802593867375116,0.0006681514476614699,0.5,0.02964989595503731,0.4890102785288794,0.3872856413313606,0.8458145772665135,0.7280802855466948,0.8428489521251716
2021-04-23 14:50:00,0.6889818688981869,-0.2589641434262948,-0.009084139985108153,-0.03017318336011432,0.38410700030100375,0.017260579064587975,0.5,0.02964989595503731,0.4890102785288794,0.3872856413313606,0.8458145772665135,0.7280802855466948,0.9158078971588938
2021-04-23 15:00:00,0.7224546722454672,0.003984063745019917,-0.0075949367088608,-0.025888234243884978,0.36654408396696814,0.025835189309576838,0.5,0.027768915120722992,0.4877947857370689,0.3975258818115195,0.8292114898817398,0.7382299702711167,0.9158650059598352
2021-04-23 15:10:00,0.7573221757322175,-0.059760956175298974,-0.006105733432613669,-0.024816996964827642,0.3783094057138371,0.0321826280623608,0.5,0.027768915120722992,0.4877947857370689,0.3975258818115195,0.8292114898817398,0.7382299702711167,0.9159222656426814
2021-04-23 15:20:00,0.8423988842398884,0.05179282868525892,-0.004616530156366427,-0.023388680592751232,0.3728389891507767,0.06414253897550111,0.5,0.027768915120722992,0.4877947857370689,0.3975258818115195,0.8292114898817398,0.7382299702711167,0.9159795253255277
2021-04-23 15:30:00,0.8465829846582985,-0.21115537848605592,-0.009084139985108153,-0.027673629708980574,0.37111148918349457,0.06024498886414254,0.5,0.027768915120722992,0.4877947857370689,0.3975258818115195,0.8292114898817398,0.7382299702711167,0.9160367095674217
2021-04-23 15:40:00,0.9163179916317992,0.13147410358565725,-0.01593447505584522,-0.029816104267095023,0.3687950687728207,0.09432071269487752,0.5,0.027768915120722992,0.4877947857370689,0.3975258818115195,0.8292114898817398,0.7382299702711167,0.9160938938093154
2021-04-23 15:50:00,0.9881450488145049,-0.2270916334661356,-0.027848101265822822,-0.035529369755400886,0.368860504377642,0.10579064587973275,0.5,0.027768915120722992,0.4877947857370689,0.3975258818115195,0.8292114898817398,0.7382299702711167,0.9161511534921617
2021-04-23 16:00:00,0.9771617852161785,-0.1872509960159363,-0.03469843633656011,-0.04159971433672538,0.37033934904660326,0.11870824053452117,0.5,-0.012342744352238033,0.4936998393710484,0.47090535265929856,0.816456714018155,0.7372836897582843,0.9162083377340556
2021-04-23 16:10:00,0.9661785216178522,-0.2828685258964144,-0.04274013402829491,-0.04695590073201217,0.3729567732394551,0.11258351893095768,0.5,-0.012342744352238033,0.4936998393710484,0.47090535265929856,0.816456714018155,0.7372836897582843,0.9162655219759493
2021-04-23 16:20:00,0.9551952580195258,-0.4581673306772909,-0.04690990320178712,-0.050883770755222324,0.3729567732394551,0.13552338530066815,0.5,-0.012342744352238033,0.4936998393710484,0.47090535265929856,0.816456714018155,0.7372836897582843,0.9163227062178433
2021-04-23 16:30:00,0.9442119944211994,-0.4422310756972112,-0.05048399106478041,-0.058739510801642525,0.3729567732394551,0.14420935412026725,0.5,-0.012342744352238033,0.4936998393710484,0.47090535265929856,0.816456714018155,0.7372836897582843,0.9163798904597372
2021-04-23 16:40:00,0.9332287308228732,-0.4183266932270917,-0.05673864482501878,-0.06338153901089094,0.3729567732394551,0.15167037861915367,0.5,-0.012342744352238033,0.4936998393710484,0.47090535265929856,0.816456714018155,0.7372836897582843,0.9164372255835358
2021-04-23 16:50:00,0.9222454672245467,-0.21912350597609564,-0.06329113924050644,-0.07230851633636859,0.3729567732394551,0.15155902004454344,0.5,-0.012342744352238033,0.4936998393710484,0.47090535265929856,0.816456714018155,0.7372836897582843,0.9164944098254296
2021-04-23 17:00:00,0.9112622036262205,-0.019920318725099695,-0.07043931496649303,-0.07766470273165504,0.3729567732394551,0.12951002227171493,0.5,-0.02949974034619851,0.495527388816893,0.5419060441767145,0.7860119644965329,0.7309826424872596,0.9165515940673236
2021-04-23 17:10:00,0.900278940027894,0.003984063745019917,-0.07758749069247961,-0.07552222817354037,0.3729567732394551,0.09866369710467705,0.5,-0.02949974034619851,0.495527388816893,0.5419060441767145,0.7860119644965329,0.7309826424872596,0.9166088537501698
2021-04-23 17:20:00,0.8570432357043235,-0.29083665338645437,-0.08592702903946403,-0.07052312087127288,0.3729567732394551,0.07739420935412027,0.5,-0.02949974034619851,0.495527388816893,0.5419060441767145,0.7860119644965329,0.7309826424872596,0.9166660379920637
2021-04-23 17:30:00,0.7726638772663877,0.003984063745019917,-0.09754281459419223,-0.07016604177825392,0.3659159021606837,0.04465478841870824,0.5,-0.02949974034619851,0.495527388816893,0.5419060441767145,0.7860119644965329,0.7309826424872596,0.9167232222339574
2021-04-23 17:40:00,0.704323570432357,0.1633466135458166,-0.09784065524944163,-0.07695054454561678,0.37128162175602997,0.021714922048997772,0.5,-0.02949974034619851,0.495527388816893,0.5419060441767145,0.7860119644965329,0.7309826424872596,0.9167804064758514
2021-04-23 17:50:00,0.8528591352859136,-0.21115537848605592,-0.09724497393894282,-0.0798071772897695,0.3729567732394551,0.07093541202672606,0.5,-0.02949974034619851,0.495527388816893,0.5419060441767145,0.7860119644965329,0.7309826424872596,0.9168375907177453
2021-04-23 18:00:00,0.9253835425383542,-0.4820717131474104,-0.10618019359642605,-0.08337796821996057,0.3729567732394551,0.08975501113585747,0.5,-0.1282398273910914,0.5408598102911724,0.7471370760492886,0.7501015024032572,0.716884765200434,0.916894925841544
2021-04-23 18:10:00,0.8765690376569037,-0.33067729083665354,-0.11034996276991826,-0.08837707552222807,0.3729567732394551,0.0791759465478842,0.5,-0.1282398273910914,0.5408598102911724,0.7471370760492886,0.7501015024032572,0.716884765200434,0.9169521100834377
2021-04-23 18:20:00,0.8605299860529986,-0.40239043824701204,-0.11303052866716312,-0.0894483128012854,0.3729567732394551,0.07282850779510022,0.5,-0.1282398273910914,0.5408598102911724,0.7471370760492886,0.7501015024032572,0.716884765200434,0.9170092943253316
2021-04-23 18:30:00,0.8556485355648535,-0.2828685258964144,-0.11481757259865988,-0.0894483128012854,0.3729567732394551,0.07026726057906459,0.5,-0.1282398273910914,0.5408598102911724,0.7471370760492886,0.7501015024032572,0.716884765200434,0.9170665540081778
2021-04-23 18:40:00,0.6715481171548118,-0.3466135458167332,-0.12166790766939695,-0.08837707552222807,0.37185745507845724,0.014253897550111359,0.5,-0.1282398273910914,0.5408598102911724,0.7471370760492886,0.7501015024032572,0.716884765200434,0.9171237382500717
2021-04-23 18:50:00,0.6178521617852162,-0.02788844621513953,-0.12970960536113185,-0.09087662917336181,0.3645286673384722,0.001893095768374165,0.5,-0.1282398273910914,0.5408598102911724,0.7471370760492886,0.7501015024032572,0.716884765200434,0.9171809224919656
2021-04-23 19:00:00,0.5202231520223152,0.2669322709163344,-0.13655994043186903,-0.09837529012676305,0.36301056130661813,0.00011135857461024499,0.5,-0.1467648003500741,0.5406816529552579,0.8301185318931814,0.7379524608626524,0.7280433977747314,0.6972403699624304
2021-04-23 19:10:00,0.5474198047419805,0.06772908366533859,-0.14192107222635897,-0.10551687198714521,0.36301056130661813,0.00011135857461024499,0.5,-0.1467648003500741,0.5406816529552579,0.8301185318931814,0.7379524608626524,0.7280433977747314,0.7647826546162318
2021-04-23 19:20:00,0.45746164574616455,0.22709163346613526,-0.15145197319434112,-0.11551508659167986,0.36301056130661813,0.00011135857461024499,0.5,-0.1467648003500741,0.5406816529552579,0.8301185318931814,0.7379524608626524,0.7280433977747314,0.508479563046004
2021-04-23 19:30:00,0.3765690376569038,0.24302788844621515,-0.162174236783321,-0.1283699339403679,0.3638219628064022,0.00011135857461024499,0.5,-0.1467648003500741,0.5406816529552579,0.8301185318931814,0.7379524608626524,0.7280433977747314,0.3447651523152828
2021-04-23 19:40:00,0.3472803347280335,-0.003984063745020028,-0.1699180938198066,-0.142653097661132,0.36671421653950353,0.00011135857461024499,0.5,-0.1467648003500741,0.5406816529552579,0.8301185318931814,0.7379524608626524,0.7280433977747314,0.26001478642666387
2021-04-23 19:50:00,0.30613668061366806,0.38645418326693215,-0.17289650037230098,-0.16086413140510625,0.36306290979047523,0.00011135857461024499,0.5,-0.1467648003500741,0.5406816529552579,0.8301185318931814,0.7379524608626524,0.7280433977747314,0.1874858548214313
2021-04-23 20:00:00,0.32566248256624825,0.5139442231075697,-0.1737900223380493,-0.17764684877700399,0.3651175877818639,0.00011135857461024499,0.5,-0.15586852612364055,0.5471412931349084,0.8712717440251843,0.593630427089708,0.7261929818572874,0.18145057863210468
2021-04-23 20:10:00,0.2175732217573222,-0.14741035856573714,-0.17885331347728972,-0.18800214247455804,0.368860504377642,0.00011135857461024499,0.5,-0.15586852612364055,0.5471412931349084,0.8712717440251843,0.593630427089708,0.7261929818572874,0.12083377340555547
2021-04-23 20:20:00,0.24755927475592746,0.4581673306772909,-0.17974683544303804,-0.19407248705588287,0.36693669759589587,0.00011135857461024499,0.5,-0.15586852612364055,0.5471412931349084,0.8712717440251843,0.593630427089708,0.7261929818572874,0.11435339559726604
2021-04-23 20:30:00,0.20432357043235705,-0.2509960159362551,-0.182427401340283,-0.20121406891626503,0.37693525801258976,0.00011135857461024499,0.5,-0.15586852612364055,0.5471412931349084,0.8712717440251843,0.593630427089708,0.7261929818572874,0.10007996740950857
2021-04-23 20:40:00,0.22663877266387727,0.019920318725099362,-0.18659717051377522,-0.204784859846456,0.37693525801258976,0.00011135857461024499,0.5,-0.15586852612364055,0.5471412931349084,0.8712717440251843,0.593630427089708,0.7261929818572874,0.10551171597990254
2021-04-23 20:50:00,0.23500697350069735,0.20318725099601576,-0.18838421444527187,-0.2112122835207998,0.37693525801258976,0.00011135857461024499,0.5,-0.15586852612364055,0.5471412931349084,0.8712717440251843,0.593630427089708,0.7261929818572874,0.10265250388520905
2021-04-23 21:00:00,0.14714086471408647,0.4183266932270917,-0.18838421444527187,-0.21549723263702913,0.37693525801258976,0.00011135857461024499,0.5,-0.1554287989919363,0.5559198521868823,0.9180996345597401,0.4491281195495963,0.6965300636768373,0.06103173046456539
2021-04-23 21:10:00,0.1206415620641562,0.31474103585657365,-0.18808637379002247,-0.21799678628816288,0.37693525801258976,0.00011135857461024499,0.5,-0.1554287989919363,0.5559198521868823,0.9180996345597401,0.4491281195495963,0.6965300636768373,0.04288818142040225
2021-04-23 21:20:00,0.10320781032078104,-0.24302788844621515,-0.18838421444527187,-0.21906802356722022,0.37693525801258976,0.00011135857461024499,0.5,-0.1554287989919363,0.5559198521868823,0.9180996345597401,0.4491281195495963,0.6965300636768373,0.019576927139128203
2021-04-23 21:30:00,0.08507670850767085,-0.33067729083665354,-0.19076693968726743,-0.2126405998928762,0.36625616730575444,0.00011135857461024499,0.5,-0.1554287989919363,0.5559198521868823,0.9180996345597401,0.4491281195495963,0.6965300636768373,0.006178613998823121
2021-04-23 21:40:00,0.09344490934449094,-0.2749003984063746,-0.19106478034251695,-0.21335475807891446,0.3604716598395519,0.00011135857461024499,0.5,-0.1554287989919363,0.5559198521868823,0.9180996345597401,0.4491281195495963,0.6965300636768373,0.014748706187666914
2021-04-23 21:50:00,0.12412831241283125,-0.553784860557769,-0.19136262099776635,-0.21799678628816288,0.3604716598395519,0.00011135857461024499,0.5,-0.1554287989919363,0.5559198521868823,0.9180996345597401,0.4491281195495963,0.6965300636768373,0.04251097665856934
2021-04-23 22:00:00,0.15341701534170155,-0.11553784860557781,-0.19285182427401348,-0.22478128905552575,0.351284500922642,0.00011135857461024499,0.5,-0.1758347527852332,0.5583853198355221,0.9813190114534712,0.3148082331012107,0.7073233789040952,0.05633930322736395
2021-04-23 22:10:00,0.199442119944212,0.3067729083665336,-0.193149664929263,-0.23120871272986965,0.3570690083888446,0.00011135857461024499,0.5,-0.1758347527852332,0.5583853198355221,0.9813190114534712,0.3148082331012107,0.7073233789040952,0.07644431703305822
2021-04-23 22:20:00,0.19316596931659694,0.4501992031872508,-0.19285182427401348,-0.23477950366006073,0.3604454855976234,0.00011135857461024499,0.5,-0.1758347527852332,0.5583853198355221,0.9813190114534712,0.3148082331012107,0.7073233789040952,0.08579899512651448
2021-04-23 22:30:00,0.30474198047419804,0.12350597609561742,-0.19523454951600916,-0.23477950366006073,0.37448796639227333,0.00011135857461024499,0.5,-0.1758347527852332,0.5583853198355221,0.9813190114534712,0.3148082331012107,0.7073233789040952,0.16666415196825443
2021-04-23 22:40:00,0.396792189679219,0.1394422310756971,-0.1973194341027551,-0.23477950366006073,0.3758490269725563,0.00011135857461024499,0.5,-0.1758347527852332,0.5583853198355221,0.9813190114534712,0.3148082331012107,0.7073233789040952,0.321272839748329
2021-04-23 22:50:00,0.398186889818689,0.38645418326693215,-0.19493670886075953,-0.2272808427066595,0.37847953828637243,0.00011135857461024499,0.5,-0.1758347527852332,0.5583853198355221,0.9813190114534712,0.3148082331012107,0.7073233789040952,0.3881286117355946
2021-04-23 23:00:00,0.4100418410041841,-0.20318725099601598,-0.19255398361876408,-0.22121049812533466,0.38705160251796206,0.00011135857461024499,0.5,-0.17429577453044698,0.5422247253647197,0.9813190114534712,0.16927021027691103,0.7467656611005826,0.46037086772183416
2021-04-23 23:10:00,0.3312412831241283,0.5537848605577689,-0.18808637379002247,-0.21371183717193354,0.39935349622436556,0.00011135857461024499,0.5,-0.17429577453044698,0.5422247253647197,0.9813190114534712,0.16927021027691103,0.7467656611005826,0.25161820842826316
2021-04-23 23:20:00,0.31729428172942814,0.11553784860557759,-0.17647058823529427,-0.20906980896268523,0.4487835521063721,0.00011135857461024499,0.5,-0.17429577453044698,0.5422247253647197,0.9813190114534712,0.16927021027691103,0.7467656611005826,0.20307195558036725
2021-04-23 23:30:00,0.21548117154811713,-0.5697211155378487,-0.16396128071481764,-0.20407070166041774,0.46073209354674066,0.00011135857461024499,0.5,-0.17429577453044698,0.5422247253647197,0.9813190114534712,0.16927021027691103,0.7467656611005826,0.11090574407411319
2021-04-23 23:40:00,0.2733612273361227,0.043824701195219085,-0.15651526433358165,-0.20049991073022666,0.46073209354674066,0.00011135857461024499,0.5,-0.17429577453044698,0.5422247253647197,0.9813190114534712,0.16927021027691103,0.7467656611005826,0.14483908444860208
2021-04-23 23:50:00,0.31520223152022314,0.2828685258964143,-0.15562174236783333,-0.20442778075343682,0.46692230176283517,0.00011135857461024499,0.5,-0.17429577453044698,0.5422247253647197,0.9813190114534712,0.16927021027691103,0.7467656611005826,0.17621497653786383
2021-04-24 00:00:00,0.1596931659693166,0.01195219123505975,-0.15264333581533884,-0.2062131762185324,0.4745782675269267,0.00011135857461024499,0.5,-0.1677977922255951,0.537515049984627,0.9813190114534712,0.14442912705879848,0.8698706783171487,0.05408361875160312
2021-04-24 00:10:00,0.08647140864714087,-0.23505976095617542,-0.1511541325390917,-0.19550080342795917,0.4745782675269267,0.869042316258352,0.5,-0.1677977922255951,0.537515049984627,0.9813190114534712,0.14442912705879848,0.8698706783171487,0.0
2021-04-24 00:20:00,0.1394700139470014,-0.4820717131474104,-0.14102755026061076,-0.16693447598643107,0.4745782675269267,0.9996659242761693,0.5,-0.1677977922255951,0.537515049984627,0.9813190114534712,0.14442912705879848,0.8698706783171487,0.0
2021-04-24 00:30:00,0.100418410041841,-0.8486055776892429,-0.13626209977661963,-0.153365470451705,0.4745782675269267,0.9996659242761693,0.5,-0.1677977922255951,0.537515049984627,0.9813190114534712,0.14442912705879848,0.8698706783171487,0.0
2021-04-24 00:40:00,0.11366806136680613,0.07569721115537842,-0.13298585256887574,-0.153365470451705,0.4745782675269267,0.9996659242761693,0.5,-0.1677977922255951,0.537515049984627,0.9813190114534712,0.14442912705879848,0.8698706783171487,0.0
2021-04-24 00:50:00,0.09205020920502092,0.015936254980079667,-0.1314966492926286,-0.15907873594001076,0.4745782675269267,0.9996659242761693,0.5,-0.1677977922255951,0.537515049984627,0.9813190114534712,0.14442912705879848,0.8698706783171487,0.0
2021-04-24 01:00:00,0.1311018131101813,-0.043824701195219196,-0.12881608339538353,-0.16229244777718255,0.4745782675269267,0.9996659242761693,0.5,-0.19256015980132235,0.5397362696727355,0.9813190114534712,0.2060777920249524,0.9346790741651123,0.0
2021-04-24 01:10:00,0.11854951185495119,0.16865869853917648,-0.1311988086373791,-0.16336368505623988,0.4745782675269267,0.9996659242761693,0.5,-0.19256015980132235,0.5397362696727355,0.9813190114534712,0.2060777920249524,0.9346790741651123,0.0
2021-04-24 01:20:00,0.1317991631799163,0.38114209827357226,-0.131794489947878,-0.1647920014283163,0.4745782675269267,0.9996659242761693,0.5,-0.19256015980132235,0.5397362696727355,0.9813190114534712,0.2060777920249524,0.9346790741651123,0.0
2021-04-24 01:30:00,0.08786610878661089,0.593625498007968,-0.131794489947878,-0.17050526691662193,0.4745782675269267,0.9996659242761693,0.5,-0.19256015980132235,0.5397362696727355,0.9813190114534712,0.2060777920249524,0.9346790741651123,0.0
2021-04-24 01:40:00,0.09205020920502092,0.394422310756972,-0.131794489947878,-0.17050526691662193,0.4745782675269267,0.9996659242761693,0.5,-0.19256015980132235,0.5397362696727355,0.9998120234245977,0.2060777920249524,0.9346790741651123,0.0
2021-04-24 01:50:00,0.09344490934449094,0.19521912350597592,-0.131794489947878,-0.17050526691662193,0.4745782675269267,0.9996659242761693,0.5,-0.19256015980132235,0.5397362696727355,0.9987431452210669,0.2060777920249524,0.9346790741651123,0.0
2021-04-24 02:00:00,0.07670850767085077,0.1765246705485748,-0.13030528667163077,-0.16693447598643107,0.4745782675269267,0.9996659242761693,0.5,-0.19813803042668954,0.5295956690526348,0.9976743557874226,0.22018281298013512,0.9699083766136432,0.0
2021-04-24 02:10:00,0.100418410041841,0.15783021759117366,-0.1279225614296352,-0.16407784324227825,0.4745782675269267,0.9996659242761693,0.5,-0.19813803042668954,0.5295956690526348,0.9966055663537782,0.22018281298013512,0.9699083766136432,0.0
2021-04-24 02:20:00,0.10181311018131102,0.13913576463377253,-0.12017870439314982,-0.17050526691662193,0.4745782675269267,0.9996659242761693,0.5,-0.19813803042668954,0.5295956690526348,0.9955367769201339,0.22018281298013512,0.9699083766136432,0.0
2021-04-24 02:30:00,0.0808926080892608,0.1204413116763714,-0.12166790766939695,-0.1740760578468129,0.4745782675269267,0.9996659242761693,0.5,-0.19813803042668954,0.5295956690526348,0.9944678606723659,0.22018281298013512,0.9699083766136432,0.0
2021-04-24 02:40:00,0.09902370990237098,0.10174685871897027,-0.12285927029039478,-0.17836100696304236,0.4745782675269267,0.9996659242761693,0.5,-0.19813803042668954,0.5295956690526348,0.9933990712387217,0.22018281298013512,0.9699083766136432,0.0
2021-04-24 02:50:00,0.08647140864714087,0.08305240576156891,-0.12702903946388688,-0.18300303517229055,0.4745782675269267,0.9996659242761693,0.5,-0.19813803042668954,0.5295956690526348,0.9923302818050774,0.22018281298013512,0.9699083766136432,0.0
2021-04-24 03:00:00,0.06345885634588563,0.06435795280416778,-0.13268801191362634,-0.18478843063738626,0.4745782675269267,0.9996659242761693,0.5,-0.19551601065030855,0.5205699885347131,0.991261492371433,0.167863975444086,0.015457248272284322,0.0
2021-04-24 03:10:00,0.048117154811715475,0.04566349984676665,-0.1389426656738647,-0.18478843063738626,0.4745782675269267,0.9996659242761693,0.5,-0.19551601065030855,0.5205699885347131,0.9901925761236652,0.167863975444086,0.015457248272284322,0.0
2021-04-24 03:20:00,0.045327754532775454,0.026969046889365522,-0.14817572598659734,-0.18478843063738626,0.4745782675269267,0.9996659242761693,0.5,-0.19551601065030855,0.5205699885347131,0.9891237866900208,0.167863975444086,0.015457248272284322,0.0
2021-04-24 03:30:00,0.0502092050209205,0.008274593931964391,-0.1553239017125838,-0.18478843063738626,0.4745782675269267,0.9996659242761693,0.5,-0.19551601065030855,0.5205699885347131,0.9880549972563765,0.167863975444086,0.015457248272284322,0.0
2021-04-24 03:40:00,0.07391910739191074,-0.01041985902543685,-0.1544303797468355,-0.1905016961256918,0.4745782675269267,0.9996659242761693,0.5,-0.19551601065030855,0.5205699885347131,0.9869862078227322,0.167863975444086,0.015457248272284322,0.0
2021-04-24 03:50:00,0.13807531380753138,-0.02911431198283798,-0.15174981384959063,-0.1937154079628638,0.4745782675269267,0.9996659242761693,0.5,-0.19551601065030855,0.5205699885347131,0.9859172915749643,0.167863975444086,0.015457248272284322,0.0
2021-04-24 04:00:00,0.16875871687587168,-0.04780876494023911,-0.15323901712583776,-0.1983574361721121,0.4745782675269267,0.9996659242761693,0.5,-0.21735514669856115,0.5278658187910009,0.9848485021413199,0.15298442822846006,0.041419751981432995,0.0
2021-04-24 04:10:00,0.1806136680613668,-0.06650321789764035,-0.15204765450484004,-0.20335654347437948,0.4697491198911151,0.9996659242761693,0.5,-0.21735514669856115,0.5278658187910009,0.9848485021413199,0.15298442822846006,0.041419751981432995,0.0
2021-04-24 04:20:00,0.09762900976290097,-0.08519767085504149,-0.1511541325390917,-0.2062131762185324,0.3933465077017707,0.9996659242761693,0.5,-0.21735514669856115,0.5278658187910009,0.9848485021413199,0.15298442822846006,0.041419751981432995,0.0
2021-04-24 04:30:00,0.09832635983263598,-0.10389212381244262,-0.14609084139985118,-0.20728441349758975,0.39108243577495394,0.9996659242761693,0.5,-0.21735514669856115,0.5278658187910009,0.9848485021413199,0.15298442822846006,0.041419751981432995,0.0
2021-04-24 04:40:00,0.10111576011157601,-0.12258657676984386,-0.14877140729709615,-0.2129976789858954,0.39108243577495394,0.9996659242761693,0.5,-0.21735514669856115,0.5278658187910009,0.9848485021413199,0.15298442822846006,0.041419751981432995,0.0
2021-04-24 04:50:00,0.0885634588563459,-0.141281029727245,-0.15264333581533884,-0.21335475807891446,0.39108243577495394,0.9996659242761693,0.5,-0.21735514669856115,0.5278658187910009,0.9848485021413199,0.15298442822846006,0.041419751981432995,0.0
2021-04-24 05:00:00,0.07670850767085077,-0.15997548268464612,-0.15264333581533884,-0.21371183717193354,0.39108243577495394,0.9996659242761693,0.5,-0.23851024423466838,0.5229923536020847,0.9860523697522784,0.18865877146631377,0.09474585840769544,0.0
2021-04-24 05:10:00,0.1317991631799163,-0.17866993564204736,-0.14966492926284458,-0.21514015354400995,0.39108243577495394,0.9996659242761693,0.5,-0.23851024423466838,0.5229923536020847,0.9872562373632368,0.18865877146631377,0.09474585840769544,0.0
2021-04-24 05:20:00,0.11087866108786612,-0.1973643885994485,-0.1466865227103501,-0.21335475807891446,0.39108243577495394,0.9996659242761693,0.5,-0.23851024423466838,0.5229923536020847,0.9884601049741953,0.18865877146631377,0.09474585840769544,0.0
2021-04-24 05:30:00,0.10181311018131102,-0.21605884155684962,-0.14579300074460166,-0.21478307445099076,0.39108243577495394,0.9996659242761693,0.5,-0.23851024423466838,0.5229923536020847,0.9896639725851539,0.18865877146631377,0.09474585840769544,0.0
2021-04-24 05:40:00,0.1087866108786611,-0.23475329451425087,-0.1511541325390917,-0.21656846991608647,0.39108243577495394,0.9996659242761693,0.5,-0.23851024423466838,0.5229923536020847,0.9908678401961122,0.18865877146631377,0.09474585840769544,0.0
2021-04-24 05:50:00,0.20641562064156208,-0.2534477474716519,-0.15562174236783333,-0.22299589359043037,0.3813587048985093,0.9996659242761693,0.5,-0.23851024423466838,0.5229923536020847,0.9920717078070705,0.18865877146631377,0.09474585840769544,0.0
2021-04-24 06:00:00,0.19804741980474197,-0.272142200429053,-0.15294117647058836,-0.22049633993929663,0.21262645430631716,0.7356347438752785,0.5,-0.2585497809869379,0.5581611864129189,0.993275575418029,0.2436669699474754,0.10065015935309919,0.006163525808349805
2021-04-24 06:10:00,0.22524407252440726,-0.29083665338645437,-0.14758004467609842,-0.201571148009284,0.1845676669589457,0.00011135857461024499,0.5,-0.2585497809869379,0.5581611864129189,0.9944794430289876,0.2436669699474754,0.10065015935309919,0.10757125397951024
2021-04-24 06:20:00,0.17224546722454673,-0.6334661354581674,-0.13655994043186903,-0.18585966791644348,0.1845676669589457,0.00011135857461024499,0.5,-0.2585497809869379,0.5581611864129189,0.9956833106399459,0.2436669699474754,0.10065015935309919,0.0704467613199149
2021-04-24 06:30:00,0.16945606694560672,-0.4183266932270917,-0.12851824274013413,-0.15765041956793413,0.17383622776825328,0.00011135857461024499,0.5,-0.2585497809869379,0.5581611864129189,0.9968871782509044,0.2436669699474754,0.10065015935309919,0.06705946255865534
2021-04-24 06:40:00,0.15690376569037656,-0.3545816733067729,-0.12137006701414754,-0.13693983217282624,0.1681956786326576,0.00011135857461024499,0.5,-0.2585497809869379,0.5581611864129189,0.9980910458618628,0.2436669699474754,0.10065015935309919,0.05774250494138239
2021-04-24 06:50:00,0.18898186889818688,-0.06772908366533881,-0.11749813849590485,-0.11980003570790931,0.15827564094174923,0.00011135857461024499,0.5,-0.2585497809869379,0.5581611864129189,0.9992949134728213,0.2436669699474754,0.10065015935309919,0.07120117084358073
2021-04-24 07:00:00,0.17852161785216178,-0.23505976095617542,-0.11392405063291144,-0.11123013747545074,0.1587336901754983,0.00011135857461024499,0.5,-0.26526762685764216,0.548807926277346,0.9962523256125091,0.2717560910135146,0.11263775186947342,0.07302684189085203
2021-04-24 07:10:00,0.20502092050209206,-0.31474103585657376,-0.11660461653015652,-0.10337439742903054,0.14444255408252737,0.00011135857461024499,0.5,-0.26526762685764216,0.548807926277346,0.9932097377521969,0.2717560910135146,0.11263775186947342,0.09207568236341415
2021-04-24 07:20:00,0.198744769874477,0.15537848605577675,-0.1157110945644082,-0.10194608105695413,0.13528156940754604,0.00011135857461024499,0.5,-0.26526762685764216,0.548807926277346,0.9901670864848229,0.2717560910135146,0.11263775186947342,0.08207975617484195
2021-04-24 07:30:00,0.21338912133891214,-0.2589641434262948,-0.11422189128816096,-0.09694697375468664,0.13528156940754604,0.00011135857461024499,0.5,-0.26526762685764216,0.548807926277346,0.9871245620315724,0.2717560910135146,0.11263775186947342,0.0953950842675438
2021-04-24 07:40:00,0.2594142259414226,-0.4581673306772909,-0.1160089352196576,-0.09230494554543822,0.13528156940754604,0.00011135857461024499,0.5,-0.26526762685764216,0.548807926277346,0.9840819614898478,0.2717560910135146,0.11263775186947342,0.13319854549843838
2021-04-24 07:50:00,0.2629009762900976,-0.17131474103585675,-0.1157110945644082,-0.09623281556864838,0.13528156940754604,0.00011135857461024499,0.5,-0.26526762685764216,0.548807926277346,0.981039386310948,0.2717560910135146,0.11263775186947342,0.1182084282631984
2021-04-24 08:00:00,0.17642956764295675,-0.3466135458167332,-0.11034996276991826,-0.0880199964292091,0.13528156940754604,0.00011135857461024499,0.5,-0.24753252176372476,0.5638622211622188,0.977996735043574,0.1830868926535445,0.11269689968109145,0.057999004179428756
2021-04-24 08:10:00,0.12691771269177127,0.40239043824701204,-0.1037974683544306,-0.07123727905731125,0.13528156940754604,0.00011135857461024499,0.5,-0.24753252176372476,0.5638622211622188,0.9749541471832618,0.1830868926535445,0.11269689968109145,0.018452856948866125
2021-04-24 08:20:00,0.12273361227336123,0.4262948207171313,-0.1005212211466866,-0.04909837529012662,0.13813456177775452,0.00011135857461024499,0.5,-0.24753252176372476,0.5638622211622188,0.9719115593229496,0.1830868926535445,0.11269689968109145,0.01340585723554174
2021-04-24 08:30:00,0.1317991631799163,-0.5776892430278885,-0.09813849590469104,-0.02660239242992324,0.1516928190967269,0.00011135857461024499,0.5,-0.24753252176372476,0.5638622211622188,0.9688689080555757,0.1830868926535445,0.11269689968109145,0.029399339137257268
2021-04-24 08:40:00,0.14365411436541145,-0.05179282868525903,-0.09218168279970229,-0.00910551687198713,0.1361584065121514,0.00011135857461024499,0.5,-0.24753252176372476,0.5638622211622188,0.9658263201952633,0.1830868926535445,0.11269689968109145,0.021764714757759103
2021-04-24 08:50:00,0.11297071129707113,0.10756972111553775,-0.08622486969471344,0.010176754151044465,0.13524230804465326,0.00011135857461024499,0.5,-0.24753252176372476,0.5638622211622188,0.9627837323349512,0.1830868926535445,0.11269689968109145,0.005145072951400939
2021-04-24 09:00:00,0.1506276150627615,0.6334661354581672,-0.07550260610573356,0.03517229066238192,0.13524230804465326,0.00011135857461024499,0.5,-0.20704630709590321,0.5667357265802133,0.9597410810675772,0.08699249447275612,0.19840905441169107,0.020059749234274334
2021-04-24 09:10:00,0.15271966527196654,0.6254980079681274,-0.06507818317200309,0.049455454383146025,0.14880056536362565,0.00011135857461024499,0.5,-0.20704630709590321,0.5667357265802133,0.9597410810675772,0.08699249447275612,0.19840905441169107,0.025823437995081248
2021-04-24 09:20:00,0.19107391910739194,0.5776892430278884,-0.05256887565152657,0.05981074808069997,0.15360353875750873,0.00011135857461024499,0.5,-0.20704630709590321,0.5667357265802133,0.9597410810675772,0.08699249447275612,0.19840905441169107,0.05070386408558021
2021-04-24 09:30:00,0.18758716875871687,0.2350597609561753,-0.0805658972449741,0.015175861453311956,0.1681040687859078,0.00011135857461024499,0.5,-0.20704630709590321,0.5667357265802133,0.9597410810675772,0.08699249447275612,0.19840905441169107,0.06174087541681127
2021-04-24 09:40:00,0.1603905160390516,0.4581673306772909,-0.11034996276991826,-0.0798071772897695,0.17422884139718103,0.00011135857461024499,0.5,-0.20704630709590321,0.5667357265802133,0.9597410810675772,0.08699249447275612,0.19840905441169107,0.04873485522881241
2021-04-24 09:50:00,0.18758716875871687,0.4820717131474104,-0.10647803425167546,-0.11372969112658449,0.19523367054481686,0.00011135857461024499,0.5,-0.20704630709590321,0.5667357265802133,0.9597410810675772,0.08699249447275612,0.19840905441169107,0.06904355960589646
2021-04-24 10:00:00,0.21548117154811713,0.24302788844621515,-0.0999255398361878,-0.12908409212640592,0.20406747719569174,0.00011135857461024499,0.5,-0.07614193473934405,0.5755717557405464,0.7805097344423483,0.1140111473779278,0.5599865722407986,0.08653077236447033
2021-04-24 10:10:00,0.21269177126917713,-0.4581673306772909,-0.09307520476545061,-0.1312265666845207,0.21486435199120546,0.00011135857461024499,0.5,-0.07614193473934405,0.5755717557405464,0.7805097344423483,0.1140111473779278,0.5599865722407986,0.08535389350755164
2021-04-24 10:20:00,0.18270571827057183,-0.33864541832669326,-0.08741623231571116,-0.1344402785216925,0.21486435199120546,0.00011135857461024499,0.5,-0.07614193473934405,0.5755717557405464,0.7805097344423483,0.1140111473779278,0.5599865722407986,0.06568643722558354
2021-04-24 10:30:00,0.16527196652719667,-0.24302788844621515,-0.07937453462397637,-0.1347973576147118,0.20050778029341326,0.00011135857461024499,0.5,-0.07614193473934405,0.5755717557405464,0.7805097344423483,0.1140111473779278,0.5599865722407986,0.05929658856013398
2021-04-24 10:40:00,0.17782426778242677,0.2350597609561753,-0.06835443037974687,-0.13301196214961608,0.19840075381816752,0.00011135857461024499,0.5,-0.07614193473934405,0.5755717557405464,0.7805097344423483,0.1140111473779278,0.5599865722407986,0.062027551035804276
2021-04-24 10:50:00,0.17364016736401675,-0.13147410358565736,-0.061206254653760395,-0.12765577575432951,0.19686956066534925,0.00011135857461024499,0.5,-0.07614193473934405,0.5755717557405464,0.7805097344423483,0.1140111473779278,0.5599865722407986,0.0592211476077674
2021-04-24 11:00:00,0.15690376569037656,0.1394422310756971,-0.054355919583023216,-0.12408498482413843,0.20206514768816008,0.00011135857461024499,0.5,-0.053602550577458774,0.5713735643248563,0.6906392281483731,0.20646826464300475,0.6287462133518067,0.049300662371561776
2021-04-24 11:10:00,0.14016736401673638,-0.07569721115537853,-0.05137751303052884,-0.12087127298696665,0.19374173875489134,0.00011135857461024499,0.5,-0.053602550577458774,0.5713735643248563,0.6906392281483731,0.20646826464300475,0.6287462133518067,0.032364168565263966
2021-04-24 11:20:00,0.1492329149232915,0.08366533864541825,-0.04571854058078939,-0.12087127298696665,0.1933360380049993,0.00011135857461024499,0.5,-0.053602550577458774,0.5713735643248563,0.6906392281483731,0.20646826464300475,0.6287462133518067,0.042269565610996276
2021-04-24 11:30:00,0.17154811715481172,0.027888446215139417,-0.039761727475800646,-0.12051419389394735,0.19180484485218097,0.00011135857461024499,0.5,-0.053602550577458774,0.5713735643248563,0.6906392281483731,0.20646826464300475,0.6287462133518067,0.049338382847745076
2021-04-24 11:40:00,0.12343096234309624,0.4581673306772909,-0.031422189128816336,-0.11622924477771823,0.1876693146274751,0.00011135857461024499,0.5,-0.053602550577458774,0.5713735643248563,0.6906392281483731,0.20646826464300475,0.6287462133518067,0.016363142568311784
2021-04-24 11:50:00,0.11576011157601115,0.003984063745019917,-0.023976172747580238,-0.108730583824317,0.1985054507858816,0.0069042316258351895,0.5,-0.053602550577458774,0.5713735643248563,0.6906392281483731,0.20646826464300475,0.6287462133518067,0.01023733723614527
2021-04-24 12:00:00,0.08926080892608089,0.17928286852589648,-0.017125837676842948,-0.11337261203356541,0.17816806480742303,0.4,0.5,-0.03771584034943376,0.5651869071599145,0.6159789346523018,0.26855667464602057,0.6675611469491587,0.0
2021-04-24 12:10:00,0.10460251046025104,0.7290836653386452,-0.0010424422933731359,-0.08980539189430448,0.1732473073248616,0.9995545657015591,0.5,-0.03771584034943376,0.5651869071599145,0.6159789346523018,0.26855667464602057,0.6675611469491587,0.0
2021-04-24 12:20:00,0.08926080892608089,0.549800796812749,0.016530156366343807,-0.04588466345295483,0.1732473073248616,0.9995545657015591,0.5,-0.03771584034943376,0.5651869071599145,0.6159789346523018,0.26855667464602057,0.6675611469491587,0.0
2021-04-24 12:30:00,0.1297071129707113,0.3705179282868525,0.03261355174981384,-0.023745759685770196,0.1732473073248616,0.9995545657015591,0.5,-0.03771584034943376,0.5651869071599145,0.6159789346523018,0.26855667464602057,0.6675611469491587,0.0
2021-04-24 12:40:00,0.10181311018131102,0.12828685258964145,0.050483991064780076,-0.004463488662738713,0.1732473073248616,0.9995545657015591,0.5,-0.03771584034943376,0.5651869071599145,0.6159789346523018,0.26855667464602057,0.6675611469491587,0.0
2021-04-24 12:50:00,0.04951185495118549,-0.1139442231075698,0.06061057334326114,0.00767720049991083,0.1732473073248616,0.9995545657015591,0.5,-0.03771584034943376,0.5651869071599145,0.6159789346523018,0.26855667464602057,0.6675611469491587,0.0
2021-04-24 13:00:00,0.017433751743375175,-0.35617529880478105,0.07133283693224102,0.025888234243884867,0.1732473073248616,0.9995545657015591,0.5,0.0915355195394072,0.5472849684058081,0.5200767681978585,0.3626500520928715,0.7070779257671406,0.0
2021-04-24 13:10:00,0.03277545327754532,-0.5984063745019921,0.08384214445271776,0.04409926798785935,0.1732473073248616,0.9995545657015591,0.5,0.0915355195394072,0.5472849684058081,0.5200767681978585,0.3626500520928715,0.7070779257671406,0.0
2021-04-24 13:20:00,0.03695955369595537,-0.8406374501992032,0.09724497393894271,0.05838243170862345,0.1732473073248616,0.9995545657015591,0.5,0.0915355195394072,0.5472849684058081,0.5200767681978585,0.3626500520928715,0.7070779257671406,0.0
2021-04-24 13:30:00,0.04741980474198048,-0.7290836653386454,0.11600893521965738,0.07159435815033022,0.1732473073248616,0.9995545657015591,0.5,0.0915355195394072,0.5472849684058081,0.5200767681978585,0.3626500520928715,0.7070779257671406,0.0
2021-04-24 13:40:00,0.042538354253835425,-0.6175298804780878,0.12494415487714061,0.0815925727548652,0.1732473073248616,0.9995545657015591,0.5,0.0915355195394072,0.5472849684058081,0.5200767681978585,0.3626500520928715,0.7070779257671406,0.0
2021-04-24 13:50:00,0.043235704323570434,-0.50597609561753,0.13030528667163077,0.09194786645241915,0.1732473073248616,0.9995545657015591,0.5,0.0915355195394072,0.5472849684058081,0.5200767681978585,0.3626500520928715,0.7070779257671406,0.0
2021-04-24 14:00:00,0.043235704323570434,-0.4730411686586986,0.13745346239761713,0.10373147652204961,0.1732473073248616,0.9995545657015591,0.5,0.10168963415996735,0.5201303422057604,0.5008475621950359,0.4690631615880565,0.7362335293382682,0.0
2021-04-24 14:10:00,0.06694560669456066,-0.44010624169986734,0.13924050632911378,0.11444384931262275,0.1732473073248616,0.9995545657015591,0.5,0.10168963415996735,0.5201303422057604,0.5008475621950359,0.4690631615880565,0.7362335293382682,0.0
2021-04-24 14:20:00,0.06345885634588563,-0.40717131474103596,0.14698436336559917,0.1247991430101767,0.1732473073248616,0.9995545657015591,0.5,0.10168963415996735,0.5201303422057604,0.5008475621950359,0.4690631615880565,0.7362335293382682,0.0
2021-04-24 14:30:00,0.08228730822873082,-0.3742363877822046,0.15711094564408024,0.13015532940546337,0.1732473073248616,0.9995545657015591,0.5,0.10168963415996735,0.5201303422057604,0.5008475621950359,0.4690631615880565,0.7362335293382682,0.0
2021-04-24 14:40:00,0.07043235704323571,-0.3413014608233733,0.16396128071481741,0.13479735761471168,0.1732473073248616,0.9995545657015591,0.5,0.10168963415996735,0.5201303422057604,0.5008475621950359,0.4690631615880565,0.7362335293382682,0.0
2021-04-24 14:50:00,0.043235704323570434,-0.30836653386454194,0.16991809381980638,0.14301017675415095,0.1732473073248616,0.9995545657015591,0.5,0.10168963415996735,0.5201303422057604,0.5008475621950359,0.4690631615880565,0.7362335293382682,0.0
2021-04-24 15:00:00,0.05299860529986053,-0.27543160690571056,0.1794489947877882,0.14979467952151415,0.1732473073248616,0.9995545657015591,0.5,0.12151747885330733,0.5010847482952934,0.4883566246493431,0.527872107884837,0.745038204886136,0.0
2021-04-24 15:10:00,0.09832635983263598,-0.2424966799468793,0.1871928518242738,0.15479378682378164,0.1732473073248616,0.9995545657015591,0.5,0.12151747885330733,0.5010847482952934,0.4883566246493431,0.527872107884837,0.745038204886136,0.0
2021-04-24 15:20:00,0.07391910739191074,-0.20956175298804802,0.19314966492926278,0.1597928941260489,0.1732473073248616,0.9995545657015591,0.5,0.12151747885330733,0.5010847482952934,0.4883566246493431,0.527872107884837,0.745038204886136,0.0
2021-04-24 15:30:00,0.05369595536959554,-0.17662682602921664,0.19612807148175704,0.16157828959114462,0.1732473073248616,0.9995545657015591,0.5,0.12151747885330733,0.5010847482952934,0.4883566246493431,0.527872107884837,0.745038204886136,0.0
2021-04-24 15:40:00,0.1387726638772664,-0.14369189907038526,0.20297840655249444,0.16443492233529722,0.1732473073248616,0.9995545657015591,0.5,0.12151747885330733,0.5010847482952934,0.4883566246493431,0.527872107884837,0.745038204886136,0.0
2021-04-24 15:50:00,0.07252440725244073,-0.11075697211155378,0.20416976917349206,0.1647920014283164,0.1732473073248616,0.9995545657015591,0.5,0.12151747885330733,0.5010847482952934,0.4883566246493431,0.527872107884837,0.745038204886136,0.0
2021-04-24 16:00:00,0.14365411436541145,-0.07782204515272262,0.20863737900223356,0.1647920014283164,0.1732473073248616,0.9995545657015591,0.5,0.1710911096339398,0.4866252690319473,0.4036757327351765,0.554949119223663,0.7407153668171704,0.0
2021-04-24 16:10:00,0.21269177126917713,-0.04488711819389113,0.2142963514519729,0.16729155507945004,0.07018622973132142,0.9984409799554566,0.5,0.1710911096339398,0.4866252690319473,0.4036757327351765,0.554949119223663,0.7407153668171704,0.0
2021-04-24 16:20:00,0.2691771269177127,-0.01195219123505975,0.2214445271779597,0.17728976968398502,0.06943760715080291,0.16648106904231624,0.5,0.1710911096339398,0.4866252690319473,0.4036757327351765,0.554949119223663,0.7407153668171704,0.0928829005537366
2021-04-24 16:30:00,0.2670850767085077,-0.21912350597609564,0.22769918093819785,0.14336725584717036,0.0686889845702844,0.00011135857461024499,0.5,0.1710911096339398,0.4866252690319473,0.4036757327351765,0.554949119223663,0.7407153668171704,0.12766872368996784
2021-04-24 16:40:00,0.2545327754532775,0.5298804780876492,0.2330603127326878,0.14193893947509362,0.06794036198976587,0.00011135857461024499,0.5,0.1710911096339398,0.4866252690319473,0.4036757327351765,0.554949119223663,0.7407153668171704,0.09874466255262006
2021-04-24 16:50:00,0.2294281729428173,-0.2749003984063746,0.23603871928518227,0.145866809498304,0.06719173940924736,0.00011135857461024499,0.5,0.1710911096339398,0.4866252690319473,0.4036757327351765,0.554949119223663,0.7407153668171704,0.09608914102931636
2021-04-24 17:00:00,0.2894002789400279,-0.059760956175298974,0.23812360387192832,0.16122121049812543,0.06644311682872886,0.00011135857461024499,0.5,0.156539857108694,0.47593582887700453,0.40248900616659045,0.6017578899703192,0.7268225353699114,0.1393394390210782
2021-04-24 17:10:00,0.3633193863319386,0.08366533864541825,0.24527177959791513,0.1597928941260489,0.06569449424821035,0.00011135857461024499,0.5,0.156539857108694,0.47593582887700453,0.40248900616659045,0.6017578899703192,0.7268225353699114,0.2436290115726421
2021-04-24 17:20:00,0.36610878661087864,-0.02788844621513953,0.21906180193596425,0.1247991430101767,0.06494587690254022,0.00011135857461024499,0.5,0.156539857108694,0.47593582887700453,0.40248900616659045,0.6017578899703192,0.7268225353699114,0.24817810100034707
2021-04-24 17:30:00,0.2914923291492329,0.20318725099601576,0.19791511541325368,0.08659168005713269,0.06419725563073381,0.00011135857461024499,0.5,0.156539857108694,0.47593582887700453,0.40248900616659045,0.6017578899703192,0.7268225353699114,0.15722648882719495
2021-04-24 17:40:00,0.33751743375174337,0.2749003984063745,0.19374534623976158,0.07945009819675053,0.06344863435892739,0.00011135857461024499,0.5,0.156539857108694,0.47593582887700453,0.40248900616659045,0.6017578899703192,0.7268225353699114,0.18351011663171235
2021-04-24 17:50:00,0.3326359832635983,-0.2749003984063746,0.18927773641102008,0.07302267452240674,0.06270001701325725,0.00011135857461024499,0.5,0.156539857108694,0.47593582887700453,0.40248900616659045,0.6017578899703192,0.7268225353699114,0.19453958386770676
2021-04-24 18:00:00,0.301952580195258,0.3067729083665336,0.18778853313477262,0.06338153901089094,0.06195139443273875,0.00011135857461024499,0.5,0.14686616038900357,0.4919470010660701,0.4083530180556681,0.569039222841041,0.720565329615028,0.16087783092173755
2021-04-24 18:10:00,0.31659693165969316,-0.19521912350597614,0.18868205510052105,0.06088198535975731,0.06120277185222024,0.00011135857461024499,0.5,0.14686616038900357,0.4919470010660701,0.4083530180556681,0.569039222841041,0.720565329615028,0.18855711634503675
2021-04-24 18:20:00,0.21548117154811713,0.027888446215139417,0.18927773641102008,0.054454561685413294,0.06045414927170173,0.00011135857461024499,0.5,0.14686616038900357,0.4919470010660701,0.4083530180556681,0.569039222841041,0.720565329615028,0.09034808455421942
2021-04-24 18:30:00,0.3138075313807531,-0.12350597609561753,0.1898734177215189,0.05552579896447085,0.059705526691183224,0.00011135857461024499,0.5,0.14686616038900357,0.4919470010660701,0.4083530180556681,0.569039222841041,0.720565329615028,0.1604025529218281
2021-04-24 18:40:00,0.26638772663877264,0.21912350597609564,0.1898734177215189,0.054454561685413294,0.05895690411066471,0.00011135857461024499,0.5,0.14686616038900357,0.4919470010660701,0.4083530180556681,0.569039222841041,0.720565329615028,0.12675588816633224
2021-04-24 18:50:00,0.3117154811715481,-0.40239043824701204,0.1898734177215189,0.05838243170862345,0.058208281530146185,0.00011135857461024499,0.5,0.14686616038900357,0.4919470010660701,0.4083530180556681,0.569039222841041,0.720565329615028,0.18062072815607225
2021-04-24 19:00:00,0.20781032078103207,-0.13147410358565736,0.19255398361876375,0.06409569719692909,0.05745965894962767,0.00011135857461024499,0.5,0.13755888071034073,0.5151821658759735,0.4215239329320681,0.5432607250744683,0.7220307545773788,0.08037479065135719
2021-04-24 19:10:00,0.20711297071129708,-0.45019920318725104,0.19285182427401315,0.0687377254061774,0.056711041603957554,0.00011135857461024499,0.5,0.13755888071034073,0.5151821658759735,0.4215239329320681,0.5432607250744683,0.7220307545773788,0.07443004360487046
2021-04-24 19:20:00,0.28591352859135283,-0.02788844621513953,0.19285182427401315,0.062310301731833606,0.05596242033215114,0.00011135857461024499,0.5,0.13755888071034073,0.5151821658759735,0.4215239329320681,0.5432607250744683,0.7220307545773788,0.14864130844787785
2021-04-24 19:30:00,0.21687587168758715,0.08366533864541825,0.19285182427401315,0.06088198535975731,0.05521379906034472,0.00011135857461024499,0.5,0.13755888071034073,0.5151821658759735,0.4215239329320681,0.5432607250744683,0.7220307545773788,0.0829020625556377
2021-04-24 19:40:00,0.10599721059972106,0.13147410358565725,0.19285182427401315,0.06623817175504376,0.054465181714674606,0.00011135857461024499,0.5,0.13755888071034073,0.5151821658759735,0.4215239329320681,0.5432607250744683,0.7220307545773788,0.009867676569549014
2021-04-24 19:50:00,0.13598326359832635,-0.01195219123505975,0.19285182427401315,0.07230851633636859,0.05371655913415608,0.00011135857461024499,0.5,0.13755888071034073,0.5151821658759735,0.4215239329320681,0.5432607250744683,0.7220307545773788,0.027973505137528856
2021-04-24 20:00:00,0.14644351464435149,0.3306772908366533,0.19255398361876375,0.07230851633636859,0.05296793655363757,0.00011135857461024499,0.5,0.14813641280184964,0.5162855919564824,0.39554377705975624,0.4647990722194118,0.7168265924412963,0.035291277517087376
2021-04-24 20:10:00,0.16108786610878661,-0.059760956175298974,0.18838421444527165,0.06766648812712006,0.05221931397311906,0.00011135857461024499,0.5,0.14813641280184964,0.5162855919564824,0.39554377705975624,0.4647990722194118,0.7168265924412963,0.04970804351434133
2021-04-24 20:20:00,0.11018131101813111,0.1394422310756971,0.1868950111690244,0.06695232994108213,0.05147069139260055,0.00011135857461024499,0.5,0.14813641280184964,0.5162855919564824,0.39554377705975624,0.4647990722194118,0.7168265924412963,0.01049383647419165
2021-04-24 20:30:00,0.1199442119944212,-0.21115537848605592,0.18481012658227836,0.06623817175504376,0.05072206881208204,0.05991091314031181,0.5,0.14813641280184964,0.5162855919564824,0.39554377705975624,0.4647990722194118,0.7168265924412963,0.0
2021-04-24 20:40:00,0.1596931659693166,0.6972111553784857,0.18481012658227836,0.061596143545795234,0.04997344623156353,0.9677060133630291,0.5,0.14813641280184964,0.5162855919564824,0.39554377705975624,0.4647990722194118,0.7168265924412963,0.0
2021-04-24 20:50:00,0.16875871687587168,0.3306772908366533,0.1898734177215189,0.09194786645241915,0.049224823651045024,0.9993318485523385,0.5,0.14813641280184964,0.5162855919564824,0.39554377705975624,0.4647990722194118,0.7168265924412963,0.0
2021-04-24 21:00:00,0.13458856345885634,0.21912350597609564,0.19285182427401315,0.10837350473129792,0.048476206305374886,0.9993318485523385,0.5,0.1510189869132481,0.5217280112181646,0.41677512444586984,0.3023267428662086,0.6866985900664163,0.0
2021-04-24 21:10:00,0.11785216178521618,-0.6414342629482073,0.19583023082650763,0.11123013747545074,0.04772758503356847,0.9993318485523385,0.5,0.1510189869132481,0.5217280112181646,0.41677512444586984,0.3023267428662086,0.6866985900664163,0.0
2021-04-24 21:20:00,0.1199442119944212,-0.47941567065073043,0.19583023082650763,0.11087305838243178,0.046978963761762055,0.9993318485523385,0.5,0.1510189869132481,0.5217280112181646,0.41677512444586984,0.3023267428662086,0.6866985900664163,0.0
2021-04-24 21:30:00,0.17433751743375175,-0.3173970783532537,0.19583023082650763,0.10301731833601147,0.04623034641609194,0.9993318485523385,0.5,0.1510189869132481,0.5217280112181646,0.41677512444586984,0.3023267428662086,0.6866985900664163,0.0
2021-04-24 21:40:00,0.22873082287308227,-0.15537848605577698,0.19672375279225607,0.10123192287091598,0.04548172383557343,0.28363028953229397,0.5,0.1510189869132481,0.5217280112181646,0.41677512444586984,0.3023267428662086,0.6866985900664163,0.052333388656698406
2021-04-24 21:50:00,0.23709902370990238,0.14741035856573692,0.20714817572598654,0.11265845384752704,0.04473310125505492,0.00011135857461024499,0.5,0.1510189869132481,0.5217280112181646,0.41677512444586984,0.3023267428662086,0.6866985900664163,0.10066086274273127
2021-04-24 22:00:00,0.3054393305439331,-0.3545816733067729,0.21131794489947864,0.12801285484734892,0.04398449176165736,0.00011135857461024499,0.5,0.07568139527980411,0.5388224949498153,0.5682055180122343,0.2366271798906666,0.6480681809134247,0.17205818006246512
2021-04-24 22:10:00,0.33751743375174337,0.4581673306772909,0.20774385703648535,0.12229958935904306,0.04323586918113885,0.00011135857461024499,0.5,0.07568139527980411,0.5388224949498153,0.5682055180122343,0.2366271798906666,0.6480681809134247,0.1868446067263153
2021-04-24 22:20:00,0.3277545327754533,0.3705179282868525,0.17349218168279945,0.07195143724334963,0.042487246600620344,0.00011135857461024499,0.5,0.07568139527980411,0.5388224949498153,0.5682055180122343,0.2366271798906666,0.6480681809134247,0.18403820329827844
2021-04-24 22:30:00,0.17433751743375175,0.5298804780876492,0.16098287416232293,0.04267095161578305,0.04173862402010183,0.00011135857461024499,0.5,0.07568139527980411,0.5388224949498153,0.5682055180122343,0.2366271798906666,0.6480681809134247,0.07185750712917
2021-04-24 22:40:00,0.20362622036262204,0.07569721115537842,0.15472822040208456,0.03767184431351556,0.040990001439583326,0.00011135857461024499,0.5,0.07568139527980411,0.5388224949498153,0.5682055180122343,0.2366271798906666,0.6480681809134247,0.08681744798346334
2021-04-24 22:50:00,0.20711297071129708,0.09163346613545809,0.148175725986597,0.02945902517407606,0.04024137885906479,0.00011135857461024499,0.5,0.07568139527980411,0.5388224949498153,0.5682055180122343,0.2366271798906666,0.6480681809134247,0.08570092188843792
2021-04-24 23:00:00,0.2112970711297071,-0.20318725099601598,0.1437081161578555,0.02231744331369412,0.03949275627854629,0.00011135857461024499,0.5,0.004464110908361185,0.5280238615889915,0.7531347500246337,0.16696517419851317,0.5791794741423933,0.09331291398222612
2021-04-24 23:10:00,0.16736401673640167,0.19521912350597592,0.14132539091585983,0.018746652383502926,0.038744133698027775,0.00011135857461024499,0.5,0.004464110908361185,0.5280238615889915,0.7531347500246337,0.16696517419851317,0.5791794741423933,0.06690103655868553
2021-04-24 23:20:00,0.2608089260808926,0.3306772908366533,0.1362620997766193,0.01624709873236929,0.03799551635235766,0.00011135857461024499,0.5,0.004464110908361185,0.5280238615889915,0.7531347500246337,0.16696517419851317,0.5791794741423933,0.1220408286434208
2021-04-24 23:30:00,0.24895397489539747,0.21912350597609564,0.1359642591213699,0.008034279592929794,0.03724689508055124,0.00011135857461024499,0.5,0.004464110908361185,0.5280238615889915,0.7531347500246337,0.16696517419851317,0.5791794741423933,0.10295426769467537
2021-04-24 23:40:00,0.18688981868898188,0.6254980079681274,0.1332836932241248,0.004463488662738824,0.036498273808744826,0.00011135857461024499,0.5,0.004464110908361185,0.5280238615889915,0.7531347500246337,0.16696517419851317,0.5791794741423933,0.06147683208352822
2021-04-24 23:50:00,0.17852161785216178,0.5378486055776892,0.13060312732687973,0.0008926977325478536,0.03574965646307469,0.00011135857461024499,0.5,0.004464110908361185,0.5280238615889915,0.7531347500246337,0.16696517419851317,0.5791794741423933,0.057976371893718785
2021-04-25 00:00:00,0.12203626220362622,0.3067729083665336,0.12732688011913607,0.001963935011605189,0.03500103388255618,0.00011135857461024499,0.5,0.027451327002694592,0.5115586755438823,0.6650691891517618,0.16232236526584415,0.48919182098825836,0.0201201019961676
2021-04-25 00:10:00,0.09135285913528592,0.2922224146890695,0.12732688011913607,0.011605070523120764,0.03425241130203767,0.49020044543429847,0.5,0.027451327002694592,0.5115586755438823,0.6650691891517618,0.16232236526584415,0.48919182098825836,0.0
2021-04-25 00:20:00,0.11645746164574616,0.2776719210116054,0.13090096798212936,0.031958578825209694,0.033503788721519163,0.9993318485523385,0.5,0.027451327002694592,0.5115586755438823,0.6650691891517618,0.16232236526584415,0.48919182098825836,0.0
2021-04-25 00:30:00,0.11924686192468618,0.26312142733414157,0.1332836932241248,0.04909837529012684,0.03275516614100065,0.9993318485523385,0.5,0.027451327002694592,0.5115586755438823,0.6650691891517618,0.16232236526584415,0.48919182098825836,0.0
2021-04-25 00:40:00,0.12343096234309624,0.24857093365667748,0.1332836932241248,0.053026245313336995,0.032006543560482145,0.9993318485523385,0.5,0.027451327002694592,0.5115586755438823,0.6650691891517618,0.16232236526584415,0.48919182098825836,0.0
2021-04-25 00:50:00,0.1290097629009763,0.2340204399792134,0.1332836932241248,0.04874129619710765,0.03125792097996363,0.9993318485523385,0.5,0.027451327002694592,0.5115586755438823,0.6650691891517618,0.16232236526584415,0.48919182098825836,0.0
2021-04-25 01:00:00,0.1499302649930265,0.21946994630174954,0.1332836932241248,0.04374218889484016,0.030509298399445106,0.9993318485523385,0.5,0.005367946280179892,0.49246997905214707,0.653576405572872,0.16733479870688203,0.4425133622849413,0.0
2021-04-25 01:10:00,0.12761506276150628,0.20491945262428546,0.13358153387937444,0.0433851098018212,0.029760675818926597,0.9993318485523385,0.5,0.005367946280179892,0.49246997905214707,0.653576405572872,0.16733479870688203,0.4425133622849413,0.0
2021-04-25 01:20:00,0.12412831241283125,0.19036895894682138,0.1356664184661205,0.04052847705766838,0.029012059781968573,0.9993318485523385,0.5,0.005367946280179892,0.49246997905214707,0.653576405572872,0.16733479870688203,0.4425133622849413,0.0
2021-04-25 01:30:00,0.11087866108786612,0.1758184652693573,0.13387937453462384,0.04017139796464919,0.028263437201450064,0.9993318485523385,0.5,0.005367946280179892,0.49246997905214707,0.653576405572872,0.16733479870688203,0.4425133622849413,0.0
2021-04-25 01:40:00,0.10739191073919108,0.1612679715918932,0.1332836932241248,0.04017139796464919,0.02751482116449204,0.9993318485523385,0.5,0.005367946280179892,0.49246997905214707,0.653576405572872,0.16733479870688203,0.4425133622849413,0.0
2021-04-25 01:50:00,0.1087866108786611,0.14671747791442913,0.1332836932241248,0.04017139796464919,0.02676619858397353,0.9993318485523385,0.5,0.005367946280179892,0.49246997905214707,0.653576405572872,0.16733479870688203,0.4425133622849413,0.0
2021-04-25 02:00:00,0.12203626220362622,0.13216698423696505,0.1323901712583766,0.03660060703445822,0.026017576003455,0.9993318485523385,0.5,-0.041893148041356576,0.46636130882424914,0.7467955656144518,0.17017516831463236,0.3873708258969963,0.0
2021-04-25 02:10:00,0.1087866108786611,0.11761649055950096,0.12613551749813845,0.03302981610426703,0.02526895342293649,0.9993318485523385,0.5,-0.041893148041356576,0.46636130882424914,0.7467955656144518,0.17017516831463236,0.3873708258969963,0.0
2021-04-25 02:20:00,0.14086471408647142,0.1030659968820371,0.12107222635889792,0.031244420639171766,0.024520330842417982,0.9993318485523385,0.5,-0.041893148041356576,0.46636130882424914,0.7467955656144518,0.17017516831463236,0.3873708258969963,0.0
2021-04-25 02:30:00,0.14714086471408647,0.08851550320457302,0.11839166046165284,0.024816996964827753,0.023771708261899473,0.9993318485523385,0.5,-0.041893148041356576,0.46636130882424914,0.7467955656144518,0.17017516831463236,0.3873708258969963,0.0
2021-04-25 02:40:00,0.15341701534170155,0.07396500952710894,0.11839166046165284,0.02231744331369412,0.023023085681380964,0.9993318485523385,0.5,-0.041893148041356576,0.46636130882424914,0.7467955656144518,0.17017516831463236,0.3873708258969963,0.0
2021-04-25 02:50:00,0.1206415620641562,0.059414515849644856,0.11839166046165284,0.018746652383502926,0.022274463100862455,0.9993318485523385,0.5,-0.041893148041356576,0.46636130882424914,0.7467955656144518,0.17017516831463236,0.3873708258969963,0.0
2021-04-25 03:00:00,0.09762900976290097,0.04486402217218077,0.11839166046165284,0.018746652383502926,0.021525840520343946,0.9993318485523385,0.5,-0.062242068051642674,0.4399193119678628,0.7501981153645837,0.20783672696834601,0.31684493265327385,0.0
2021-04-25 03:10:00,0.08786610878661089,0.03031352849471669,0.1195830230826509,0.018746652383502926,0.02077721793982542,0.9993318485523385,0.5,-0.062242068051642674,0.4399193119678628,0.7501981153645837,0.20783672696834601,0.31684493265327385,0.0
2021-04-25 03:20:00,0.10460251046025104,0.015763034817252608,0.12137006701414732,0.015175861453311956,0.020028608446427898,0.9993318485523385,0.5,-0.062242068051642674,0.4399193119678628,0.7501981153645837,0.20783672696834601,0.31684493265327385,0.0
2021-04-25 03:30:00,0.1304044630404463,0.0012125411397885255,0.12226358897989575,0.010176754151044465,0.0192799727787884,0.9993318485523385,0.5,-0.062242068051642674,0.4399193119678628,0.7501981153645837,0.20783672696834601,0.31684493265327385,0.0
2021-04-25 03:40:00,0.31241283124128316,-0.013337952537675446,0.11511541325390895,0.005891805034815345,0.01853136328539084,0.9993318485523385,0.5,-0.062242068051642674,0.4399193119678628,0.7501981153645837,0.20783672696834601,0.31684493265327385,0.0
2021-04-25 03:50:00,0.2301255230125523,-0.02788844621513953,0.10796723752792259,0.019817889662560484,0.15334179633822356,0.11826280623608017,0.5,-0.062242068051642674,0.4399193119678628,0.7501981153645837,0.20783672696834601,0.31684493265327385,0.07776453369947342
2021-04-25 04:00:00,0.2294281729428173,0.394422310756972,0.1174981384959044,0.03302981610426703,0.15120859562104932,0.00011135857461024499,0.5,-0.13857311480833823,0.4185777872284167,0.7215704610340145,0.2699666885377561,0.27216605233437435,0.10690737359868432
2021-04-25 04:10:00,0.2789400278940028,0.2669322709163344,0.12583767684288882,0.04017139796464919,0.15120859562104932,0.00011135857461024499,0.5,-0.13857311480833823,0.4185777872284167,0.7215704610340145,0.2699666885377561,0.27216605233437435,0.1535147939707591
2021-04-25 04:20:00,0.2880055788005579,-0.09960159362549814,0.12941176470588234,0.04017139796464919,0.15120859562104932,0.00011135857461024499,0.5,-0.13857311480833823,0.4185777872284167,0.7215704610340145,0.2699666885377561,0.27216605233437435,0.18934924634488587
2021-04-25 04:30:00,0.2831241283124128,-0.20318725099601598,0.13268801191362622,0.04409926798785935,0.15120859562104932,0.00011135857461024499,0.5,-0.13857311480833823,0.4185777872284167,0.7215704610340145,0.2699666885377561,0.27216605233437435,0.18215217948911386
2021-04-25 04:40:00,0.301255230125523,0.019920318725099362,0.13060312732687973,0.04874129619710765,0.15120859562104932,0.00011135857461024499,0.5,-0.13857311480833823,0.4185777872284167,0.7215704610340145,0.2699666885377561,0.27216605233437435,0.19030734643994146
2021-04-25 04:50:00,0.28661087866108786,0.3784860557768923,0.08175725986597171,0.0030351722906625245,0.1515095994032273,0.00011135857461024499,0.5,-0.13857311480833823,0.4185777872284167,0.7215704610340145,0.2699666885377561,0.27216605233437435,0.1547595696848077
2021-04-25 05:00:00,0.30822873082287305,-0.003984063745020028,0.05971705137751293,-0.03660060703445822,0.16504168248027118,0.00011135857461024499,0.5,-0.1445255406285657,0.41331639880806953,0.7327640900953477,0.32365652886697877,0.2288099636667742,0.1664001086349714
2021-04-25 05:10:00,0.3089260808926081,-0.31474103585657376,0.04542069992553954,-0.05302624531333677,0.16504168248027118,0.00011135857461024499,0.5,-0.1445255406285657,0.41331639880806953,0.7327640900953477,0.32365652886697877,0.2288099636667742,0.17142447606258582
2021-04-25 05:20:00,0.28591352859135283,-0.5617529880478087,0.032911392405063244,-0.06195322263881431,0.16262056510188325,0.00011135857461024499,0.5,-0.1445255406285657,0.41331639880806953,0.7327640900953477,0.32365652886697877,0.2288099636667742,0.14603859559123075
2021-04-25 05:30:00,0.299163179916318,0.31474103585657365,0.02635889798957547,-0.07302267452240663,0.15551425841829059,0.00011135857461024499,0.5,-0.1445255406285657,0.41331639880806953,0.7327640900953477,0.32365652886697877,0.2288099636667742,0.15484255473241096
2021-04-25 05:40:00,0.3054393305439331,-0.20318725099601598,0.025167535368577854,-0.07945009819675053,0.16513329232702098,0.00011135857461024499,0.5,-0.1445255406285657,0.41331639880806953,0.7327640900953477,0.32365652886697877,0.2288099636667742,0.15418621844682168
2021-04-25 05:50:00,0.2907949790794979,0.06772908366533859,0.021891288160833966,-0.08052133547580786,0.15325018649147376,0.00011135857461024499,0.5,-0.1445255406285657,0.41331639880806953,0.7327640900953477,0.32365652886697877,0.2288099636667742,0.1584486322555336
2021-04-25 06:00:00,0.33472803347280333,0.6972111553784857,0.016232315711094403,-0.08837707552222807,0.15130020546779915,0.00011135857461024499,0.5,-0.1249094213472447,0.4308419083524193,0.6805575053227059,0.3471635590856196,0.1482255029496656,0.20052205139037677
2021-04-25 06:10:00,0.3312412831241283,0.08366533864541825,0.014147431124348353,-0.09016247098732377,0.16251586813416918,0.00011135857461024499,0.5,-0.1249094213472447,0.4308419083524193,0.6805575053227059,0.3471635590856196,0.1482255029496656,0.20211385548531166
2021-04-25 06:20:00,0.34309623430962344,-0.2749003984063746,0.014147431124348353,-0.08552044277807536,0.16518564081087803,0.00011135857461024499,0.5,-0.1249094213472447,0.4308419083524193,0.6805575053227059,0.3471635590856196,0.1482255029496656,0.2169832671967651
2021-04-25 06:30:00,0.3926080892608089,-0.21912350597609564,0.014147431124348353,-0.07945009819675053,0.16518564081087803,0.00011135857461024499,0.5,-0.1249094213472447,0.4308419083524193,0.6805575053227059,0.3471635590856196,0.1482255029496656,0.2990403910858971
2021-04-25 06:40:00,0.42398884239888424,-0.24302788844621515,0.014147431124348353,-0.07730762363863586,0.16518564081087803,0.00011135857461024499,0.5,-0.1249094213472447,0.4308419083524193,0.6805575053227059,0.3471635590856196,0.1482255029496656,0.34754137936237306
2021-04-25 06:50:00,0.33472803347280333,-0.298804780876494,0.014147431124348353,-0.07123727905731125,0.16518564081087803,0.00011135857461024499,0.5,-0.1249094213472447,0.4308419083524193,0.6805575053227059,0.3471635590856196,0.1482255029496656,0.2166588711015888
2021-04-25 07:00:00,0.299163179916318,-0.19521912350597614,0.014147431124348353,-0.07730762363863586,0.16518564081087803,0.00011135857461024499,0.5,-0.13428997776349527,0.43763487516055805,0.7035903741485858,0.34305031564501853,0.12890632327677257,0.16368423434977444
2021-04-25 07:10:00,0.299860529986053,0.394422310756972,0.014743112434847383,-0.08087841456882694,0.17074766722068813,0.00011135857461024499,0.5,-0.13428997776349527,0.43763487516055805,0.7035903741485858,0.34305031564501853,0.12890632327677257,0.16827104425366268
2021-04-25 07:20:00,0.3242677824267783,0.07569721115537842,0.02010424422933732,-0.08016425638278879,0.1789794663072071,0.00011135857461024499,0.5,-0.13428997776349527,0.43763487516055805,0.7035903741485858,0.34305031564501853,0.12890632327677257,0.20151787196161566
2021-04-25 07:30:00,0.29497907949790797,-0.20318725099601598,0.017721518987341645,-0.08123549366184613,0.16799937181819372,0.00011135857461024499,0.5,-0.13428997776349527,0.43763487516055805,0.7035903741485858,0.34305031564501853,0.12890632327677257,0.15923321816014605
2021-04-25 07:40:00,0.30613668061366806,0.43426294820717115,0.017125837676842837,-0.08123549366184613,0.1650940309641282,0.00011135857461024499,0.5,-0.13428997776349527,0.43763487516055805,0.7035903741485858,0.34305031564501853,0.12890632327677257,0.1801605383466361
2021-04-25 07:50:00,0.32566248256624825,0.2589641434262948,0.017125837676842837,-0.08337796821996057,0.1650678567221997,0.00011135857461024499,0.5,-0.13428997776349527,0.43763487516055805,0.7035903741485858,0.34305031564501853,0.12890632327677257,0.2081264993889283
2021-04-25 08:00:00,0.3075313807531381,0.2749003984063745,0.015338793745345969,-0.08552044277807536,0.1704597505594744,0.00011135857461024499,0.5,-0.10909195213298006,0.44290488409715895,0.7272639079268592,0.19554952375723708,0.1167753449722546,0.17764835463282888
2021-04-25 08:10:00,0.29218967921896793,-0.298804780876494,0.014147431124348353,-0.08337796821996057,0.16776380364083704,0.00011135857461024499,0.5,-0.10909195213298006,0.44290488409715895,0.7272639079268592,0.19554952375723708,0.1167753449722546,0.1564947115892391
2021-04-25 08:20:00,0.31311018131101814,0.07569721115537842,0.010871183916604465,-0.0862346009641134,0.16491081127062857,0.00011135857461024499,0.5,-0.10909195213298006,0.44290488409715895,0.7272639079268592,0.19554952375723708,0.1167753449722546,0.1750456417761818
2021-04-25 08:30:00,0.3235704323570432,0.14741035856573692,0.014147431124348353,-0.08837707552222807,0.17416340579235975,0.00011135857461024499,0.5,-0.10909195213298006,0.44290488409715895,0.7272639079268592,0.19554952375723708,0.1167753449722546,0.19117491739215717
2021-04-25 08:40:00,0.2315202231520223,-0.1872509960159363,0.01325390915859992,-0.08230673094090324,0.15923100077214014,0.00011135857461024499,0.5,-0.10909195213298006,0.44290488409715895,0.7272639079268592,0.19554952375723708,0.1167753449722546,0.09946135160010261
2021-04-25 08:50:00,0.25732217573221755,0.43426294820717115,0.014743112434847383,-0.08123549366184613,0.1751056785017864,0.00011135857461024499,0.5,-0.10909195213298006,0.44290488409715895,0.7272639079268592,0.19554952375723708,0.1167753449722546,0.12530742188089383
2021-04-25 09:00:00,0.14504881450488147,-0.4342629482071714,0.015338793745345969,-0.08052133547580786,0.15645653112771724,0.00011135857461024499,0.5,-0.08289643565538662,0.4600395969046613,0.6548200716829515,0.04789557782241717,0.544037769975217,0.033556135612655975
2021-04-25 09:10:00,0.21827057182705717,0.4501992031872508,0.015636634400595373,-0.07409391180146396,0.16801245893915798,0.00011135857461024499,0.5,-0.08289643565538662,0.4600395969046613,0.6548200716829515,0.04789557782241717,0.544037769975217,0.08685516845964664
2021-04-25 09:20:00,0.1771269177126918,-0.4183266932270917,0.01742367833209224,-0.07766470273165504,0.18094253445184597,0.00044543429844097997,0.5,-0.08289643565538662,0.4600395969046613,0.6548200716829515,0.04789557782241717,0.544037769975217,0.059900116179066654
2021-04-25 09:30:00,0.1297071129707113,0.13147410358565725,0.02367833209233039,-0.07409391180146396,0.16309170145659657,0.059576837416481065,0.5,-0.08289643565538662,0.4600395969046613,0.6548200716829515,0.04789557782241717,0.544037769975217,0.0
2021-04-25 09:40:00,0.15620641562064158,0.2111553784860556,0.03410275502606086,-0.073736832708445,0.18528745861197995,0.7626948775055679,0.5,-0.08289643565538662,0.4600395969046613,0.6548200716829515,0.04789557782241717,0.544037769975217,0.0
2021-04-25 09:50:00,0.13668061366806136,0.24621513944223095,0.0546537602382724,-0.03088734154615247,0.19769404928609755,0.9993318485523385,0.5,-0.08289643565538662,0.4600395969046613,0.6548200716829515,0.04789557782241717,0.544037769975217,0.0
2021-04-25 10:00:00,0.12622036262203626,0.2812749003984061,0.06656738644825011,-0.001963935011604967,0.19769404928609755,0.9993318485523385,0.5,0.08005411872299018,0.46726358952549923,0.4602274766386192,0.4020092218703851,0.6689648376682905,0.0
2021-04-25 10:10:00,0.1387726638772664,0.31633466135458166,0.0784810126582276,0.012319228709159136,0.19769404928609755,0.9993318485523385,0.5,0.08005411872299018,0.46726358952549923,0.4602274766386192,0.4020092218703851,0.6689648376682905,0.0
2021-04-25 10:20:00,0.22175732217573224,0.351394422310757,0.09694713328369309,0.021246206034636783,0.2104409051052859,0.9993318485523385,0.5,0.08005411872299018,0.46726358952549923,0.4602274766386192,0.4020092218703851,0.6689648376682905,0.0
2021-04-25 10:30:00,0.5264993026499303,0.38645418326693215,0.11630677587490679,0.03767184431351556,0.31932575152792136,0.23719376391982183,0.5,0.08005411872299018,0.46726358952549923,0.4602274766386192,0.4020092218703851,0.6689648376682905,0.48831419647841634
2021-04-25 10:40:00,0.7085076708507672,0.298804780876494,0.1085629188384214,0.029101946081057095,0.33397023988692726,0.17839643652561246,0.5,0.08005411872299018,0.46726358952549923,0.4602274766386192,0.4020092218703851,0.6689648376682905,0.21365632119739877
2021-04-25 10:50:00,0.6729428172942817,0.6812749003984064,0.08235294117647052,0.0033922513836814883,0.3477640653832564,0.9197104677060134,0.5,0.08005411872299018,0.46726358952549923,0.4602274766386192,0.4020092218703851,0.6689648376682905,0.011270878283567452
2021-04-25 11:00:00,0.6792344490934449,0.6996015936254978,0.09813849590469093,0.018032494197464777,0.3477640653832564,0.9995545657015591,0.5,0.07053511363230802,0.49659058582155013,0.4585574614450191,0.8178189833881045,0.7388304375431077,0.0
2021-04-25 11:10:00,0.6855260808926081,0.7179282868525898,0.055845122859270235,-0.024459917871808567,0.3477640653832564,0.9995545657015591,0.5,0.07053511363230802,0.49659058582155013,0.4585574614450191,0.8178189833881045,0.7388304375431077,0.0
2021-04-25 11:20:00,0.6918177824267783,0.7362549800796812,0.01801935964259105,-0.07409391180146396,0.3477640653832564,0.9995545657015591,0.5,0.07053511363230802,0.49659058582155013,0.4585574614450191,0.8178189833881045,0.7388304375431077,0.0
2021-04-25 11:30:00,0.6981093444909344,0.7545816733067727,-0.0019359642591214588,-0.10908766291733607,0.3477640653832564,0.9995545657015591,0.5,0.07053511363230802,0.49659058582155013,0.4585574614450191,0.8178189833881045,0.7388304375431077,0.0
2021-04-25 11:40:00,0.7044009762900977,0.7729083665338645,-0.01801935964259138,-0.132654883056597,0.3477640653832564,0.9995545657015591,0.5,0.07053511363230802,0.49659058582155013,0.4585574614450191,0.8178189833881045,0.7388304375431077,0.0
2021-04-25 11:50:00,0.7106926778242678,0.6620185922974768,-0.024571854058079046,-0.15229423317264768,0.3477640653832564,0.9995545657015591,0.5,0.07053511363230802,0.49659058582155013,0.4585574614450191,0.8178189833881045,0.7388304375431077,0.0
2021-04-25 12:00:00,0.7169843096234311,0.5511288180610889,-0.017721518987341978,-0.1597928941260488,0.3477640653832564,0.9995545657015591,0.5,0.04427445857096024,0.5370581626231667,0.46694875200318764,0.8213918214044995,0.7636769404760257,0.0
2021-04-25 12:10:00,0.7232760111576012,0.440239043824701,0.0016381236038716107,-0.15479378682378142,0.3477640653832564,0.9995545657015591,0.5,0.04427445857096024,0.5370581626231667,0.46694875200318764,0.8249645690127866,0.7636769404760257,0.0
2021-04-25 12:20:00,0.7295676429567642,0.32934926958831334,0.016232315711094403,-0.1440814140332084,0.3477640653832564,0.9995545657015591,0.5,0.04427445857096024,0.5370581626231667,0.46694875200318764,0.8285374974372897,0.7636769404760257,0.0
2021-04-25 12:30:00,0.7358592747559275,0.21845949535192544,0.018912881608339482,-0.14158186038207465,0.37841410268155107,0.5707126948775055,0.5,0.04427445857096024,0.5370581626231667,0.46694875200318764,0.8321103354536846,0.7636769404760257,0.09961977760007243
2021-04-25 12:40:00,0.7421509762900976,0.10756972111553775,0.030826507818317195,-0.11158721656846982,0.3860831555666069,0.30645879732739423,0.5,0.04427445857096024,0.5370581626231667,0.46694875200318764,0.8356830830619717,0.7636769404760257,0.2572461034748103
2021-04-25 12:50:00,0.7484425383542539,-0.043824701195219196,0.04303797468354409,-0.0894483128012854,0.3902055986703485,0.28106904231625834,0.5,0.04427445857096024,0.5370581626231667,0.46694875200318764,0.8392560114864746,0.7636769404760257,0.2891878027068214
2021-04-25 13:00:00,0.754734170153417,-0.12350597609561753,0.06180193596425898,-0.059453668987680564,0.3829422465351847,0.2737193763919822,0.5,0.020578789502982087,0.5589772619516283,0.44567733135401855,0.8428287590947617,0.7372178849696722,0.2872489702310002
2021-04-25 13:10:00,0.7610258716875872,0.05179282868525892,0.05137751303052851,-0.05623995715050878,0.3820523223096151,0.31592427616926505,0.5,0.020578789502982087,0.5589772619516283,0.44567733135401855,0.8464015971111566,0.7372178849696722,0.2003711694856436
2021-04-25 13:20:00,0.7673175034867503,-0.02788844621513953,0.0394638868205508,-0.07587930726655945,0.3860308070827499,0.34020044543429845,0.5,0.020578789502982087,0.5589772619516283,0.44567733135401855,0.8499745255356597,0.7372178849696722,0.18530561129803702
2021-04-25 13:30:00,0.7736091352859136,0.043824701195219085,0.04720774385703619,-0.07480806998750233,0.38199997382575807,0.3198218262806236,0.5,0.020578789502982087,0.5589772619516283,0.44567733135401855,0.8535472731439466,0.7372178849696722,0.26453369947342215
2021-04-25 13:40:00,0.7799008368200837,-0.6733067729083666,0.05554728220402061,-0.06766648812712017,0.37876745494758607,0.9339643652561248,0.5,0.020578789502982087,0.5589772619516283,0.44567733135401855,0.8571201111603417,0.7372178849696722,0.014363957330597341
2021-04-25 13:50:00,0.7861924686192469,-0.4342629482071714,0.06805658972449735,-0.05052669166220303,0.37874128070565755,0.9993318485523385,0.5,0.020578789502982087,0.5589772619516283,0.44567733135401855,0.8606930395848446,0.7372178849696722,0.0
2021-04-25 14:00:00,0.79248410041841,-0.31474103585657376,0.05971705137751293,-0.049455454383145914,0.378715106463729,0.9993318485523385,0.5,0.021995628744092777,0.5547244739329956,0.39514570752579686,0.8642657871931317,0.7351921880164627,0.0
2021-04-25 14:10:00,0.7987757322175733,-0.21912350597609564,0.04988830975428127,-0.0526691662203177,0.378715106463729,0.9993318485523385,0.5,0.021995628744092777,0.5547244739329956,0.39514570752579686,0.8678386252095266,0.7351921880164627,0.0
2021-04-25 14:20:00,0.8050673640167364,-0.50597609561753,0.04512285927029036,-0.05623995715050878,0.378715106463729,0.9993318485523385,0.5,0.021995628744092777,0.5547244739329956,0.39514570752579686,0.8714114632259217,0.7351921880164627,0.0
2021-04-25 14:30:00,0.8113590655509065,-0.6095617529880479,0.034996276991809294,-0.062310301731833606,0.378715106463729,0.9993318485523385,0.5,0.021995628744092777,0.5547244739329956,0.39514570752579686,0.8749843012423166,0.7351921880164627,0.0
2021-04-25 14:40:00,0.8176506973500698,-0.17928286852589637,0.038570364854802586,-0.06588109266202469,0.378715106463729,0.9993318485523385,0.5,0.021995628744092777,0.5547244739329956,0.39514570752579686,0.8785571392587117,0.7351921880164627,0.0
2021-04-25 14:50:00,0.8239423291492329,0.12350597609561742,0.04005956813104983,-0.07016604177825392,0.378715106463729,0.9993318485523385,0.5,0.021995628744092777,0.5547244739329956,0.39514570752579686,0.8821299772751067,0.7351921880164627,0.0
2021-04-25 15:00:00,0.8302340306834032,-0.17131474103585675,0.0394638868205508,-0.07052312087127288,0.378715106463729,0.9993318485523385,0.5,0.019471333519888168,0.5546784978463067,0.3535445879092625,0.8857028152915017,0.7444394337441936,0.0
2021-04-25 15:10:00,0.8365256624825662,-0.09960159362549814,0.042740134028294685,-0.07052312087127288,0.378715106463729,0.921826280623608,0.5,0.019471333519888168,0.5546784978463067,0.3535445879092625,0.8892756533078966,0.7444394337441936,0.013262519426045234
2021-04-25 15:20:00,0.8428172594142259,0.1633466135458166,0.042740134028294685,-0.06266738082485268,0.378715106463729,0.3610244988864143,0.5,0.019471333519888168,0.5546784978463067,0.3535445879092625,0.8928484913242917,0.7444394337441936,0.4291760339182522
2021-04-25 15:30:00,0.8491089260808926,-0.14741035856573714,0.06001489203276256,-0.059453668987680564,0.378715106463729,0.9992204899777284,0.5,0.019471333519888168,0.5546784978463067,0.3535445879092625,0.8964213293406866,0.7444394337441936,0.0
2021-04-25 15:40:00,0.8554005578800558,-0.7609561752988048,0.06478034251675346,-0.061596143545795345,0.378715106463729,0.9992204899777284,0.5,0.019471333519888168,0.5546784978463067,0.3535445879092625,0.8999940769489737,0.7444394337441936,0.0
2021-04-25 15:50:00,0.8616922594142259,-0.38645418326693237,0.06716306775874892,-0.06338153901089094,0.378715106463729,0.9992204899777284,0.5,0.019471333519888168,0.5546784978463067,0.3535445879092625,0.9035670053734767,0.7444394337441936,0.0
2021-04-25 16:00:00,0.8679838912133891,0.38645418326693215,0.06835443037974676,-0.06338153901089094,0.378715106463729,0.9992204899777284,0.5,0.06920782743645137,0.5435867669328506,0.2343719029613254,0.9071398433898717,0.7524698873346255,0.0
2021-04-25 16:10:00,0.8742755230125523,0.05179282868525892,0.0740134028294861,-0.06338153901089094,0.378715106463729,0.9992204899777284,0.5,0.06920782743645137,0.5435867669328506,0.2343719029613254,0.9107125909981587,0.7524698873346255,0.0
2021-04-25 16:20:00,0.8805672245467224,0.593625498007968,0.07728965003722998,-0.06338153901089094,0.378715106463729,0.9992204899777284,0.5,0.06920782743645137,0.5435867669328506,0.2343719029613254,0.9142854742186076,0.7524698873346255,0.0
2021-04-25 16:30:00,0.8868587866108787,0.6296296296296295,0.07490692479523453,-0.06338153901089094,0.378715106463729,0.9992204899777284,0.5,0.06920782743645137,0.5435867669328506,0.2343719029613254,0.9178583574390566,0.7524698873346255,0.0
2021-04-25 16:40:00,0.8931504184100418,0.6656337612512913,0.07669396872673095,-0.06552401356900539,0.378715106463729,0.9992204899777284,0.5,0.06920782743645137,0.5435867669328506,0.2343719029613254,0.9214311050473437,0.7524698873346255,0.0
2021-04-25 16:50:00,0.899442119944212,0.7016378928729525,0.07639612807148177,-0.07266559542938766,0.378715106463729,0.9992204899777284,0.5,0.06920782743645137,0.5435867669328506,0.2343719029613254,0.9250039882677927,0.7524698873346255,0.0
2021-04-25 17:00:00,0.9057337517433752,0.6042496679946878,0.069843633655994,-0.0783788609176932,0.378715106463729,0.9992204899777284,0.5,0.05893157380221559,0.5438942320125738,0.1717188779435619,0.9285767810801338,0.7602328825569759,0.0
2021-04-25 17:10:00,0.9120254184100418,0.5068614431164231,0.07282204020848826,-0.08052133547580786,0.378715106463729,0.9992204899777284,0.5,0.05893157380221559,0.5438942320125738,0.1717188779435619,0.9321496190965287,0.7602328825569759,0.0
2021-04-25 17:20:00,0.9183170850767085,0.4094732182381582,0.07550260610573334,-0.07766470273165504,0.378715106463729,0.9992204899777284,0.5,0.05893157380221559,0.5438942320125738,0.1717188779435619,0.9357224571129238,0.7602328825569759,0.0
2021-04-25 17:30:00,0.9246087168758717,0.3120849933598935,0.07669396872673095,-0.07766470273165504,0.378715106463729,0.9992204899777284,0.5,0.05893157380221559,0.5438942320125738,0.1717188779435619,0.9392952951293188,0.7602328825569759,0.0
2021-04-25 17:40:00,0.9309004184100418,0.21469676848162877,0.07580044676098274,-0.08052133547580786,0.378715106463729,0.9992204899777284,0.5,0.05893157380221559,0.5438942320125738,0.1717188779435619,0.9428681331457137,0.7602328825569759,0.0
2021-04-25 17:50:00,0.937191980474198,0.11730854360336407,0.0746090841399849,-0.08123549366184613,0.3787281935846933,0.9992204899777284,0.5,0.05893157380221559,0.5438942320125738,0.1717188779435619,0.9464409711621087,0.7602328825569759,0.0
2021-04-25 18:00:00,0.9434836122733613,0.019920318725099362,0.0784810126582276,-0.0751651490805213,0.4042873408278913,0.34365256124721605,0.5,-7.961382458887556e-05,0.5503423781705541,0.11100040238121416,0.9500138091785038,0.7789033333334991,0.3631048478355991
2021-04-25 18:10:00,0.9497753138075314,-0.09960159362549803,0.08413998510796716,-0.06123906445277627,0.40224574995746687,0.8723830734966593,0.5,-7.961382458887556e-05,0.5503423781705541,0.11100040238121416,0.9535866471948987,0.7789033333334991,0.0806991867465335
2021-04-25 18:20:00,0.9560669456066946,-0.21912350597609564,0.0895011169024571,-0.06052490626673801,0.40224574995746687,0.9995545657015591,0.5,-7.961382458887556e-05,0.5503423781705541,0.11100040238121416,0.9571593948031858,0.7789033333334991,0.0
2021-04-25 18:30:00,0.9407252440725244,-0.33864541832669326,0.08801191362620986,-0.06588109266202469,0.40224574995746687,0.9995545657015591,0.5,-7.961382458887556e-05,0.5503423781705541,0.11100040238121416,0.9607323232276888,0.7789033333334991,0.0
2021-04-25 18:40:00,0.8430962343096234,-0.4581673306772909,0.08801191362620986,-0.07230851633636859,0.40224574995746687,0.9995545657015591,0.5,-7.961382458887556e-05,0.5503423781705541,0.11100040238121416,0.9643051612440837,0.7789033333334991,0.0
2021-04-25 18:50:00,0.9442119944211994,-0.4342629482071714,0.08741623231571105,-0.07802178182467412,0.40224574995746687,0.9995545657015591,0.5,-7.961382458887556e-05,0.5503423781705541,0.11100040238121416,0.9678779088523709,0.7789033333334991,0.0
2021-04-25 19:00:00,0.9463040446304045,-0.33067729083665354,0.08294862248696933,-0.08266381003392254,0.40224574995746687,0.9995545657015591,0.5,0.0015815367969627125,0.5662529776699882,0.0980885687593153,0.9714508372768738,0.7913863686603444,0.0
2021-04-25 19:10:00,0.8221757322175731,0.03585657370517925,0.07788533134772879,-0.08302088912694161,0.4168771511955085,0.344097995545657,0.5,0.0015815367969627125,0.5662529776699882,0.0980885687593153,0.9714508372768738,0.7913863686603444,0.33979359355432504
2021-04-25 19:20:00,0.8919107391910739,0.043824701195219085,0.07490692479523453,-0.06266738082485268,0.4221250867021764,0.1101336302895323,0.5,0.0015815367969627125,0.5662529776699882,0.0980885687593153,0.9714508372768738,0.7913863686603444,0.4171281138253089
2021-04-25 19:30:00,0.9414225941422594,0.4581673306772909,0.05971705137751293,-0.05981074808069986,0.41791103375168503,0.11670378619153676,0.5,0.0015815367969627125,0.5662529776699882,0.0980885687593153,0.9714508372768738,0.7913863686603444,0.4944626340962928
2021-04-25 19:40:00,0.8563458856345886,-0.3705179282868527,0.04988830975428127,-0.0590965898946616,0.4316132494012642,0.08652561247216035,0.5,0.0015815367969627125,0.5662529776699882,0.0980885687593153,0.9714508372768738,0.7913863686603444,0.5717971543672767
2021-04-25 19:50:00,0.7838214783821479,-0.09960159362549814,0.04512285927029036,-0.05159792894126036,0.4261951813220609,0.06169265033407573,0.5,0.0015815367969627125,0.5662529776699882,0.0980885687593153,0.9714508372768738,0.7913863686603444,0.6491316746382607
2021-04-25 20:00:00,0.6694560669456067,0.05179282868525892,0.04035740878629923,-0.04445634708087842,0.42450694271767153,0.01826280623608018,0.5,-0.01183787863677932,0.5777814814069848,0.11492720171828065,0.721086105067652,0.801643240523247,0.7264661647328636
2021-04-25 20:10:00,0.6569037656903766,-0.21912350597609564,0.029039463886820327,-0.03731476522049626,0.42699349570088074,0.007015590200445435,0.5,-0.01183787863677932,0.5777814814069848,0.11492720171828065,0.721086105067652,0.801643240523247,0.8038007151802284
2021-04-25 20:20:00,0.5920502092050209,0.09163346613545809,0.02308265078183136,-0.03517229066238159,0.42903508657130524,0.0026726057906458797,0.5,-0.01183787863677932,0.5777814814069848,0.11492720171828065,0.721086105067652,0.801643240523247,0.8811352354512124
2021-04-25 20:30:00,0.5592747559274756,-0.14741035856573714,0.01325390915859992,-0.028744866988037687,0.43114211304655087,0.00033407572383073496,0.5,-0.01183787863677932,0.5777814814069848,0.11492720171828065,0.721086105067652,0.801643240523247,0.7722513089005235
2021-04-25 20:40:00,0.4804741980474198,0.20318725099601576,0.0040208488458675085,-0.02803070880199965,0.43114211304655087,0.00033407572383073496,0.5,-0.01183787863677932,0.5777814814069848,0.11492720171828065,0.721086105067652,0.801643240523247,0.6295019388324758
2021-04-25 20:50:00,0.4379358437935844,0.2589641434262948,-0.00551005212211475,-0.033386895197286104,0.43775110913350174,0.00033407572383073496,0.5,-0.01183787863677932,0.5777814814069848,0.11492720171828065,0.721086105067652,0.801643240523247,0.5670141979872354
2021-04-25 21:00:00,0.4379358437935844,-0.12350597609561753,-0.01176470588235301,-0.037671844313515335,0.44239703707581374,0.00033407572383073496,0.5,-0.027268552072344243,0.5913904030666067,0.14001750288533835,0.5657531322204961,0.802788206943708,0.5408135552303213
2021-04-25 21:10:00,0.4205020920502092,-0.14741035856573714,-0.018912881608339704,-0.03945723977861093,0.44239703707581374,0.00033407572383073496,0.5,-0.027268552072344243,0.5913904030666067,0.14001750288533835,0.5657531322204961,0.802788206943708,0.5206557327579703
2021-04-25 21:20:00,0.41143654114365413,-0.3466135458167332,-0.025763216679076772,-0.04517050526691657,0.44239703707581374,0.00033407572383073496,0.5,-0.027268552072344243,0.5913904030666067,0.14001750288533835,0.5657531322204961,0.802788206943708,0.49636374609593076
2021-04-25 21:30:00,0.4121338912133891,-0.1633466135458168,-0.030230826507818387,-0.05124084984824129,0.44239703707581374,0.00033407572383073496,0.5,-0.027268552072344243,0.5913904030666067,0.14001750288533835,0.5657531322204961,0.802788206943708,0.5165442008539917
2021-04-25 21:40:00,0.5285913528591353,0.03585657370517925,-0.03380491437081179,-0.060167827173718935,0.44239703707581374,0.007461024498886415,0.5,-0.027268552072344243,0.5913904030666067,0.14001750288533835,0.5657531322204961,0.802788206943708,0.7373975889071624
2021-04-25 21:50:00,0.6910739191073919,0.346613545816733,-0.02903946388682077,-0.06909480449919658,0.4455641203491644,0.0069042316258351895,0.5,-0.027268552072344243,0.5913904030666067,0.14001750288533835,0.5657531322204961,0.802788206943708,0.7640660032892256
2021-04-25 22:00:00,0.5634588563458857,0.06772908366533859,-0.03529411764705892,-0.07052312087127288,0.4522254649199723,0.00022271714922048998,0.5,-0.11140859102208212,0.6077147873462327,0.23917333930881485,0.49250914825223824,0.8111358965956607,0.7907343422303365
2021-04-25 22:10:00,0.6241283124128312,-0.08366533864541836,-0.0424422933730455,-0.06445277628994805,0.4522254649199723,0.00011135857461024499,0.5,-0.11140859102208212,0.6077147873462327,0.23917333930881485,0.49250914825223824,0.8111358965956607,0.9350151636314258
2021-04-25 22:20:00,0.5899581589958159,-0.2270916334661356,-0.044527177959791664,-0.06338153901089094,0.4522254649199723,0.00011135857461024499,0.5,-0.11140859102208212,0.6077147873462327,0.23917333930881485,0.49250914825223824,0.8111358965956607,0.8406460763160674
2021-04-25 22:30:00,0.5871687587168759,-0.2589641434262948,-0.04839910647803436,-0.06338153901089094,0.4522254649199723,0.00011135857461024499,0.5,-0.11140859102208212,0.6077147873462327,0.23917333930881485,0.49250914825223824,0.8111358965956607,0.8818217481177484
2021-04-25 22:40:00,0.6757322175732218,-0.20318725099601598,-0.05048399106478041,-0.06338153901089094,0.4522254649199723,0.02238307349665924,0.5,-0.11140859102208212,0.6077147873462327,0.23917333930881485,0.49250914825223824,0.8111358965956607,0.8926248924966429
2021-04-25 22:50:00,0.7126917712691772,-0.21912350597609564,-0.046016381236038795,-0.06088198535975731,0.4522254649199723,0.02160356347438753,0.5,-0.11140859102208212,0.6077147873462327,0.23917333930881485,0.49250914825223824,0.8111358965956607,0.9034280368755375
2021-04-25 23:00:00,0.6345885634588563,-0.31474103585657376,-0.05256887565152657,-0.05981074808069986,0.4522254649199723,0.00044543429844097997,0.5,-0.15637335848600997,0.6105710517317199,0.28802607095478483,0.47901116349678935,0.819607902799075,0.9142311812544321
2021-04-25 23:10:00,0.6032078103207811,-0.4183266932270917,-0.05554728220402094,-0.058025352615604264,0.4522254649199723,0.00044543429844097997,0.5,-0.15637335848600997,0.6105710517317199,0.28802607095478483,0.47901116349678935,0.819607902799075,0.805596209846553
2021-04-25 23:20:00,0.4923291492329149,-0.45019920318725104,-0.059121370067014345,-0.05981074808069986,0.44879663922733637,0.00044543429844097997,0.5,-0.15637335848600997,0.6105710517317199,0.28802607095478483,0.47901116349678935,0.819607902799075,0.6834195874888724
2021-04-25 23:30:00,0.299860529986053,-0.298804780876494,-0.06507818317200309,-0.05981074808069986,0.4410752378584235,0.00044543429844097997,0.5,-0.15637335848600997,0.6105710517317199,0.28802607095478483,0.47901116349678935,0.819607902799075,0.27947100804200553
2021-04-25 23:40:00,0.3270571827057183,-0.0916334661354582,-0.07371556217423691,-0.06480985538296735,0.4332884008846894,0.00044543429844097997,0.5,-0.15637335848600997,0.6105710517317199,0.28802607095478483,0.47901116349678935,0.819607902799075,0.31965085927244746
2021-04-25 23:50:00,0.3856345885634589,0.15537848605577675,-0.07877885331347734,-0.08480628459203698,0.4291659577809478,0.00044543429844097997,0.5,-0.15637335848600997,0.6105710517317199,0.28802607095478483,0.47901116349678935,0.819607902799075,0.36421382983538786
2021-04-26 00:00:00,0.38284518828451886,0.003984063745019917,-0.08145941921072242,-0.0930191037314766,0.4291659577809478,0.00044543429844097997,0.5,-0.16133236253607564,0.6249874284137976,0.27400499419381535,0.4719724402556538,0.8130700945018502,0.3321966896510101
2021-04-26 00:10:00,0.20920502092050208,0.1394422310756971,-0.088607594936709,-0.10623103017318325,0.4291659577809478,0.00044543429844097997,0.5,-0.16133236253607564,0.6249874284137976,0.27400499419381535,0.4719724402556538,0.8130700945018502,0.13170481464158004
2021-04-26 00:20:00,0.3075313807531381,-0.0916334661354582,-0.09456440804169786,-0.11730048205677557,0.4291659577809478,0.00044543429844097997,0.5,-0.16133236253607564,0.6249874284137976,0.27400499419381535,0.4719724402556538,0.8130700945018502,0.21754153024427783
2021-04-26 00:30:00,0.4107391910739191,-0.10756972111553798,-0.09605361131794499,-0.12408498482413843,0.4291659577809478,0.00044543429844097997,0.5,-0.16133236253607564,0.6249874284137976,0.27400499419381535,0.4719724402556538,0.8130700945018502,0.33157807384160415
2021-04-26 00:40:00,0.3207810320781032,-0.3545816733067729,-0.10111690245718552,-0.12908409212640592,0.4291659577809478,0.00044543429844097997,0.5,-0.16133236253607564,0.6249874284137976,0.27400499419381535,0.4719724402556538,0.8130700945018502,0.2206572415770177
2021-04-26 00:50:00,0.24686192468619247,-0.15537848605577698,-0.10409530900967989,-0.13872522763792183,0.416445276203688,0.00044543429844097997,0.5,-0.16133236253607564,0.6249874284137976,0.27400499419381535,0.4719724402556538,0.8130700945018502,0.1294717624515292
2021-04-26 01:00:00,0.28172942817294283,0.49800796812749004,-0.1082650781831721,-0.15407962863774327,0.41533287092172594,0.00044543429844097997,0.5,-0.20641930236676864,0.6222030016637603,0.3211542317175566,0.4483078739089843,0.8142044612209959,0.1720280036815185
2021-04-26 01:10:00,0.2768479776847978,0.5697211155378485,-0.11094564408041707,-0.16229244777718255,0.4163798405988666,0.00044543429844097997,0.5,-0.20641930236676864,0.6222030016637603,0.3211542317175566,0.4483078739089843,0.8142044612209959,0.1645065407305702
2021-04-26 01:20:00,0.24407252440725244,0.11553784860557759,-0.11094564408041707,-0.16372076414925896,0.4291659577809478,0.00044543429844097997,0.5,-0.20641930236676864,0.6222030016637603,0.3211542317175566,0.4483078739089843,0.8142044612209959,0.1303921420704015
2021-04-26 01:30:00,0.20223152022315202,0.22709163346613526,-0.11392405063291144,-0.16836279235850737,0.4291659577809478,0.00044543429844097997,0.5,-0.20641930236676864,0.6222030016637603,0.3211542317175566,0.4483078739089843,0.8142044612209959,0.08964648369721019
2021-04-26 01:40:00,0.15760111576011157,0.6812749003984064,-0.11511541325390917,-0.17050526691662193,0.4291659577809478,0.000556792873051225,0.5,-0.20641930236676864,0.6222030016637603,0.3211542317175566,0.4483078739089843,0.8142044612209959,0.06742912322525159
2021-04-26 01:50:00,0.10390516039051603,-0.043824701195219196,-0.11839166046165317,-0.1694340296375647,0.4287340827891272,0.000556792873051225,0.5,-0.20641930236676864,0.6222030016637603,0.3211542317175566,0.4483078739089843,0.8142044612209959,0.012560918569036015
2021-04-26 02:00:00,0.07461645746164575,-0.04860557768924312,-0.12047654504839911,-0.16693447598643107,0.4001387234822211,0.5181514476614699,0.5,-0.21828342988496863,0.6102693336628296,0.33929562616819586,0.4215103953989974,0.8345360546399138,0.0
2021-04-26 02:10:00,0.10669456066945607,-0.05338645418326704,-0.10498883097542833,-0.1569362613818961,0.3961995000719792,0.9993318485523385,0.5,-0.21828342988496863,0.6102693336628296,0.33929562616819586,0.4215103953989974,0.8345360546399138,0.0
2021-04-26 02:20:00,0.1290097629009763,-0.05816733067729085,-0.0999255398361878,-0.14515265131226573,0.3961995000719792,0.9993318485523385,0.5,-0.21828342988496863,0.6102693336628296,0.33929562616819586,0.4215103953989974,0.8345360546399138,0.0
2021-04-26 02:30:00,0.12831241283124128,-0.06294820717131477,-0.10469099032017881,-0.15479378682378142,0.3961995000719792,0.9993318485523385,0.5,-0.21828342988496863,0.6102693336628296,0.33929562616819586,0.4215103953989974,0.8345360546399138,0.0
2021-04-26 02:40:00,0.11645746164574616,-0.06772908366533881,-0.09575577066269558,-0.16586323870737363,0.3961995000719792,0.9993318485523385,0.5,-0.21828342988496863,0.6102693336628296,0.33929562616819586,0.4215103953989974,0.8345360546399138,0.0
2021-04-26 02:50:00,0.1394700139470014,-0.09800796812749002,-0.09873417721518996,-0.17693269059096584,0.3961995000719792,0.9993318485523385,0.5,-0.21828342988496863,0.6102693336628296,0.33929562616819586,0.4215103953989974,0.8345360546399138,0.0
2021-04-26 03:00:00,0.16945606694560672,-0.12828685258964156,-0.10498883097542833,-0.19121585431173005,0.3961995000719792,0.9993318485523385,0.5,-0.2353426679736631,0.6016545644196833,0.36044035950789527,0.41029024292227706,0.8763587089209346,0.0
2021-04-26 03:10:00,0.14435146443514643,-0.158565737051793,-0.10618019359642605,-0.2029994643813604,0.3961995000719792,0.9993318485523385,0.5,-0.2353426679736631,0.6016545644196833,0.36044035950789527,0.41029024292227706,0.8763587089209346,0.0
2021-04-26 03:20:00,0.1806136680613668,-0.18884462151394432,-0.10975428145941923,-0.21228352079985702,0.3972595568700842,0.9993318485523385,0.5,-0.2353426679736631,0.6016545644196833,0.36044035950789527,0.41029024292227706,0.8763587089209346,0.0
2021-04-26 03:30:00,0.25174337517433754,-0.21912350597609564,-0.10081906180193612,-0.2051419389394752,0.4382745939720721,0.10835189309576838,0.5,-0.2353426679736631,0.6016545644196833,0.36044035950789527,0.41029024292227706,0.8763587089209346,0.10434992531345716
2021-04-26 03:40:00,0.20920502092050208,-0.06772908366533881,-0.07371556217423691,-0.14943760042849485,0.43505516221486434,0.00011135857461024499,0.5,-0.2353426679736631,0.6016545644196833,0.36044035950789527,0.41029024292227706,0.8763587089209346,0.07795313608038988
2021-04-26 03:50:00,0.18200836820083682,-0.47410358565737054,-0.06239761727475812,-0.10837350473129803,0.43505516221486434,0.00011135857461024499,0.5,-0.2353426679736631,0.6016545644196833,0.36044035950789527,0.41029024292227706,0.8763587089209346,0.056475096941623795
2021-04-26 04:00:00,0.14644351464435149,-0.4820717131474104,-0.05763216679076699,-0.07695054454561678,0.43505516221486434,0.00011135857461024499,0.5,-0.28548630305350875,0.5806607338358164,0.4257422779392756,0.417009102277636,0.9096825604223246,0.03483863180288788
2021-04-26 04:10:00,0.13737796373779637,-0.4820717131474104,-0.05465376023827262,-0.0448134261738975,0.43505516221486434,0.00011135857461024499,0.5,-0.28548630305350875,0.5806607338358164,0.4257422779392756,0.417009102277636,0.9096825604223246,0.018845149901172354
2021-04-26 04:20:00,0.17364016736401675,-0.3944223107569722,-0.05107967237527933,-0.019103731476522,0.43505516221486434,0.00011135857461024499,0.5,-0.28548630305350875,0.5806607338358164,0.4257422779392756,0.417009102277636,0.9096825604223246,0.04678847865775458
2021-04-26 04:30:00,0.18898186889818688,0.05179282868525892,-0.04422933730454226,-0.005177646848776973,0.43505516221486434,0.00011135857461024499,0.5,-0.28548630305350875,0.5806607338358164,0.4257422779392756,0.417009102277636,0.9096825604223246,0.06255563770237035
2021-04-26 04:40:00,0.18549511854951187,-0.15537848605577698,-0.04303797468354453,-0.0026780931976432276,0.43505516221486434,0.00011135857461024499,0.5,-0.28548630305350875,0.5806607338358164,0.4257422779392756,0.417009102277636,0.9096825604223246,0.06704437436818203
2021-04-26 04:50:00,0.1631799163179916,0.2828685258964143,-0.0424422933730455,-0.0008926977325478536,0.43505516221486434,0.00011135857461024499,0.5,-0.28548630305350875,0.5806607338358164,0.4257422779392756,0.417009102277636,0.9096825604223246,0.04942136789534832
2021-04-26 05:00:00,0.11087866108786612,0.25099601593625476,-0.08592702903946403,-0.021603285127655747,0.43505516221486434,0.00011135857461024499,0.5,-0.29353957327390257,0.5666179128580746,0.46733135021406863,0.407372095219294,0.9240014261708335,0.018483033329812756
2021-04-26 05:10:00,0.0808926080892608,-0.4103585657370519,-0.15323901712583776,-0.10587395108016429,0.42448076847574306,0.000556792873051225,0.5,-0.29353957327390257,0.5666179128580746,0.46733135021406863,0.407372095219294,0.9240014261708335,0.0
2021-04-26 05:20:00,0.07810320781032079,0.09960159362549792,-0.17230081906180206,-0.15443670773076235,0.40210179162686,0.7474387527839644,0.5,-0.29353957327390257,0.5666179128580746,0.46733135021406863,0.407372095219294,0.9240014261708335,0.0
2021-04-26 05:30:00,0.08577405857740586,-0.49800796812749004,-0.15413253909158608,-0.14515265131226573,0.40210179162686,0.9993318485523385,0.5,-0.29353957327390257,0.5666179128580746,0.46733135021406863,0.407372095219294,0.9240014261708335,0.0
2021-04-26 05:40:00,0.07880055788005579,-0.49933598937583,-0.1386448250186152,-0.14586680949830377,0.40210179162686,0.9993318485523385,0.5,-0.29353957327390257,0.5666179128580746,0.46733135021406863,0.407372095219294,0.9240014261708335,0.0
2021-04-26 05:50:00,0.100418410041841,-0.50066401062417,-0.131794489947878,-0.16229244777718255,0.40210179162686,0.9993318485523385,0.5,-0.29353957327390257,0.5666179128580746,0.46733135021406863,0.407372095219294,0.9240014261708335,0.0
2021-04-26 06:00:00,0.10529986052998605,-0.50199203187251,-0.13655994043186903,-0.1837171933583288,0.40210179162686,0.9993318485523385,0.5,-0.283426149422508,0.5556583631938439,0.458475793149425,0.35723202075732835,0.9214955927026297,0.0
2021-04-26 06:10:00,0.09762900976290097,-0.50332005312085,-0.13566641846612082,-0.20121406891626503,0.40210179162686,0.9993318485523385,0.5,-0.283426149422508,0.5556583631938439,0.458475793149425,0.35723202075732835,0.9214955927026297,0.0
2021-04-26 06:20:00,0.09274755927475593,-0.50464807436919,-0.13447505584512298,-0.21835386538118184,0.40210179162686,0.9993318485523385,0.5,-0.283426149422508,0.5556583631938439,0.458475793149425,0.35723202075732835,0.9214955927026297,0.0
2021-04-26 06:30:00,0.07043235704323571,-0.50597609561753,-0.13715562174236795,-0.22906623817175498,0.40210179162686,0.9993318485523385,0.5,-0.283426149422508,0.5556583631938439,0.458475793149425,0.35723202075732835,0.9214955927026297,0.0
2021-04-26 06:40:00,0.0697350069735007,-0.4767596281540505,-0.13804914370811627,-0.23727905731119447,0.40210179162686,0.9993318485523385,0.5,-0.283426149422508,0.5556583631938439,0.458475793149425,0.35723202075732835,0.9214955927026297,0.0
2021-04-26 06:50:00,0.08298465829846582,-0.4475431606905711,-0.1466865227103501,-0.246206034636672,0.40210179162686,0.9993318485523385,0.5,-0.283426149422508,0.5556583631938439,0.458475793149425,0.35723202075732835,0.9214955927026297,0.0
2021-04-26 07:00:00,0.07391910739191074,-0.4183266932270917,-0.14549516008935237,-0.256204249241207,0.40210179162686,0.9993318485523385,0.5,-0.27127705310779093,0.5754338274804838,0.40420391355994256,0.33734581717875983,0.9151079649950025,0.0
2021-04-26 07:10:00,0.09205020920502092,-0.3891102257636123,-0.15145197319434112,-0.26441706838064627,0.40210179162686,0.9993318485523385,0.5,-0.27127705310779093,0.5754338274804838,0.40420391355994256,0.33734581717875983,0.9151079649950025,0.0
2021-04-26 07:20:00,0.08368200836820083,-0.3598937583001328,-0.14519731943410286,-0.26977325477593284,0.40210179162686,0.9993318485523385,0.5,-0.27127705310779093,0.5754338274804838,0.40420391355994256,0.33734581717875983,0.9151079649950025,0.0
2021-04-26 07:30:00,0.11506276150627615,-0.33067729083665354,-0.13447505584512298,-0.2740582038921622,0.40210179162686,0.9993318485523385,0.5,-0.27127705310779093,0.5754338274804838,0.40420391355994256,0.33734581717875983,0.9151079649950025,0.0
2021-04-26 07:40:00,0.16945606694560672,-0.30146082337317404,-0.12315711094564419,-0.2769148366363149,0.40210179162686,0.9993318485523385,0.5,-0.27127705310779093,0.5754338274804838,0.40420391355994256,0.33734581717875983,0.9151079649950025,0.0
2021-04-26 07:50:00,0.11227336122733612,-0.27224435590969465,-0.10915860014892054,-0.27762899482235315,0.40210179162686,0.9993318485523385,0.5,-0.27127705310779093,0.5754338274804838,0.40420391355994256,0.33734581717875983,0.9151079649950025,0.0
2021-04-26 08:00:00,0.08786610878661089,-0.24302788844621515,-0.10677587490692497,-0.27762899482235315,0.40210179162686,0.9993318485523385,0.5,-0.23763082332434915,0.573522946377515,0.33726989735791657,0.32350023133002836,0.912829903952932,0.0
2021-04-26 08:10:00,0.09065550906555091,-0.21381142098273576,-0.10498883097542833,-0.27441528298518114,0.40210179162686,0.9993318485523385,0.5,-0.23763082332434915,0.573522946377515,0.33726989735791657,0.32350023133002836,0.912829903952932,0.0
2021-04-26 08:20:00,0.100418410041841,-0.18459495351925637,-0.10260610573343276,-0.2740582038921622,0.40210179162686,0.9993318485523385,0.5,-0.23763082332434915,0.573522946377515,0.33726989735791657,0.32350023133002836,0.912829903952932,0.0
2021-04-26 08:30:00,0.08786610878661089,-0.15537848605577698,-0.09456440804169786,-0.2740582038921622,0.40210179162686,0.9993318485523385,0.5,-0.23763082332434915,0.573522946377515,0.33726989735791657,0.32350023133002836,0.912829903952932,0.0
2021-04-26 08:40:00,0.09483960948396096,-0.12616201859229748,-0.08741623231571116,-0.2740582038921622,0.40210179162686,0.9993318485523385,0.5,-0.23763082332434915,0.573522946377515,0.33726989735791657,0.32350023133002836,0.912829903952932,0.0
2021-04-26 08:50:00,0.0899581589958159,-0.0969455511288182,-0.08116157855547301,-0.2704874129619711,0.40210179162686,0.9993318485523385,0.5,-0.23763082332434915,0.573522946377515,0.33726989735791657,0.32350023133002836,0.912829903952932,0.0
2021-04-26 09:00:00,0.018131101813110184,-0.06772908366533881,-0.07520476545048416,-0.26441706838064627,0.40210179162686,0.9993318485523385,0.5,-0.20698113515905925,0.5846089302801382,0.336817297750812,0.29571759374979545,0.8823716063710714,0.0
2021-04-26 09:10:00,0.0397489539748954,-0.03851261620185931,-0.06507818317200309,-0.25513301196214966,0.40210179162686,0.9993318485523385,0.5,-0.20698113515905925,0.5846089302801382,0.336817297750812,0.29571759374979545,0.8823716063710714,0.0
2021-04-26 09:20:00,0.04184100418410042,-0.009296148738379806,-0.05048399106478041,-0.24513479735761468,0.40210179162686,0.9993318485523385,0.5,-0.20698113515905925,0.5846089302801382,0.336817297750812,0.29571759374979545,0.8823716063710714,0.0
2021-04-26 09:30:00,0.03486750348675035,0.019920318725099584,-0.03678332092330627,-0.23335118728798432,0.40210179162686,0.9993318485523385,0.5,-0.20698113515905925,0.5846089302801382,0.336817297750812,0.29571759374979545,0.8823716063710714,0.0
2021-04-26 09:40:00,0.013249651324965132,0.049136786188578974,-0.027550260610573418,-0.22192465631137293,0.40210179162686,0.9993318485523385,0.5,-0.20698113515905925,0.5846089302801382,0.336817297750812,0.29571759374979545,0.8823716063710714,0.0
2021-04-26 09:50:00,0.027894002789400282,0.07835325365205836,-0.016232315711094625,-0.20835565077664697,0.40210179162686,0.9993318485523385,0.5,-0.20698113515905925,0.5846089302801382,0.336817297750812,0.29571759374979545,0.8823716063710714,0.0
2021-04-26 10:00:00,0.03207810320781032,0.10756972111553775,-0.0034251675353685895,-0.19478664524192102,0.40210179162686,0.9993318485523385,0.5,0.02247604664496272,0.5743045398512098,0.17737478785582303,0.33045536323459257,0.8211086041542686,0.0
2021-04-26 10:10:00,0.08368200836820083,0.13678618857901714,0.012360387192851485,-0.1808605606141761,0.40210179162686,0.9993318485523385,0.5,0.02247604664496272,0.5743045398512098,0.17737478785582303,0.33045536323459257,0.8211086041542686,0.0
2021-04-26 10:20:00,0.09693165969316596,0.16600265604249653,0.02427401340282942,-0.1712194251026602,0.40210179162686,0.9993318485523385,0.5,0.02247604664496272,0.5743045398512098,0.17737478785582303,0.33045536323459257,0.8211086041542686,0.0
2021-04-26 10:30:00,0.12831241283124128,0.19521912350597592,0.034996276991809294,-0.16229244777718255,0.40210179162686,0.9993318485523385,0.5,0.02247604664496272,0.5743045398512098,0.17737478785582303,0.33045536323459257,0.8211086041542686,0.0
2021-04-26 10:40:00,0.1680613668061367,0.22443559096945553,0.047505584512285814,-0.1569362613818961,0.40210179162686,0.9993318485523385,0.5,0.02247604664496272,0.5743045398512098,0.17737478785582303,0.33045536323459257,0.8211086041542686,0.0
2021-04-26 10:50:00,0.21617852161785217,0.2536520584329349,0.05673864482501845,-0.14729512587038018,0.3513891978903561,0.5011135857461024,0.5,0.02247604664496272,0.5743045398512098,0.17737478785582303,0.33045536323459257,0.8211086041542686,0.03194169923201111
2021-04-26 11:00:00,0.2391910739191074,0.2828685258964143,0.06805658972449735,-0.09409034101053393,0.3424245200298386,0.00011135857461024499,0.5,0.04684758271816336,0.5613048013402054,0.17763323503970613,0.42874160654267873,0.7739685802262029,0.12476424702385443
2021-04-26 11:10:00,0.23849372384937237,-0.21912350597609564,0.08235294117647052,-0.04302803070880201,0.3489942547538967,0.00011135857461024499,0.5,0.04684758271816336,0.5613048013402054,0.17763323503970613,0.42874160654267873,0.7739685802262029,0.11116978740739625
2021-04-26 11:20:00,0.2594142259414226,-0.19521912350597614,0.09545793000744607,-0.003749330476700563,0.3392705238774522,0.00011135857461024499,0.5,0.04684758271816336,0.5613048013402054,0.17763323503970613,0.42874160654267873,0.7739685802262029,0.1585391613983735
2021-04-26 11:30:00,0.2615062761506276,0.1872509960159361,0.10796723752792259,0.023388680592751232,0.34447919802122734,0.00011135857461024499,0.5,0.04684758271816336,0.5613048013402054,0.17763323503970613,0.42874160654267873,0.7739685802262029,0.152104048161504
2021-04-26 11:40:00,0.22036262203626222,0.043824701195219085,0.12285927029039456,0.04695590073201217,0.3690437240711416,0.00011135857461024499,0.5,0.04684758271816336,0.5613048013402054,0.17763323503970613,0.42874160654267873,0.7739685802262029,0.09900870588590312
2021-04-26 11:50:00,0.2524407252440725,0.06772908366533859,0.13507073715562168,0.07516514908052141,0.37569198152098526,0.00011135857461024499,0.5,0.04684758271816336,0.5613048013402054,0.17763323503970613,0.42874160654267873,0.7739685802262029,0.1455784057817946
2021-04-26 12:00:00,0.29288702928870297,-0.003984063745020028,0.15026061057334306,0.08837707552222818,0.36811453848267917,0.00011135857461024499,0.5,0.06797012763893795,0.556431336151285,0.18139403468898901,0.5477690338650034,0.766839972098094,0.2042714667229959
2021-04-26 12:10:00,0.3117154811715481,0.29083665338645415,0.15443037974683538,0.0898053918943047,0.37638559893209095,0.00011135857461024499,0.5,0.06797012763893795,0.556431336151285,0.18139403468898901,0.5477690338650034,0.766839972098094,0.24376480528690195
2021-04-26 12:20:00,0.3528591352859135,0.07569721115537842,0.12792256142963487,0.04909837529012684,0.3915404850087029,0.00033407572383073496,0.5,0.06797012763893795,0.556431336151285,0.18139403468898901,0.5477690338650034,0.766839972098094,0.3069692351796249
2021-04-26 12:30:00,0.2907949790794979,0.05976095617529875,0.1243484735666418,0.032672737011248065,0.37443561790841634,0.00011135857461024499,0.5,0.06797012763893795,0.556431336151285,0.18139403468898901,0.5477690338650034,0.766839972098094,0.20205350272341838
2021-04-26 12:40:00,0.36401673640167365,0.11553784860557759,0.12970960536113174,0.03802892340653452,0.41066076873748547,0.00022271714922048998,0.5,0.06797012763893795,0.556431336151285,0.18139403468898901,0.5477690338650034,0.766839972098094,0.311095855274077
2021-04-26 12:50:00,0.3723849372384937,0.03585657370517925,0.13507073715562168,0.04159971433672571,0.39358207587912736,0.000556792873051225,0.5,0.06797012763893795,0.556431336151285,0.18139403468898901,0.5477690338650034,0.766839972098094,0.35732607088431884
2021-04-26 13:00:00,0.4776847977684798,0.3067729083665336,0.13834698436336557,0.04159971433672571,0.39058512517831206,0.0014476614699331849,0.5,0.20157790131020925,0.5399000594815632,0.13019029600572288,0.6810791250337382,0.7720859403386852,0.565588363987507
2021-04-26 13:10:00,0.4825662482566248,-0.03585657370517936,0.14519731943410275,0.04767005891805054,0.41919357160618237,0.00033407572383073496,0.5,0.20157790131020925,0.5399000594815632,0.13019029600572288,0.6810791250337382,0.7720859403386852,0.598548516076467
2021-04-26 13:20:00,0.4546722454672245,0.019920318725099362,0.15294117647058791,0.05623995715050878,0.411040295245449,0.00011135857461024499,0.5,0.20157790131020925,0.5399000594815632,0.13019029600572288,0.6810791250337382,0.7720859403386852,0.5132549753308087
2021-04-26 13:30:00,0.5264993026499303,-0.1872509960159363,0.16396128071481741,0.07480806998750222,0.40163065527214664,0.00378619153674833,0.5,0.20157790131020925,0.5399000594815632,0.13019029600572288,0.6810791250337382,0.7720859403386852,0.7104048161503991
2021-04-26 13:40:00,0.5418410041841004,0.01195219123505975,0.171109456440804,0.08516336368505639,0.40057059847404175,0.0035634743875278397,0.5,0.20157790131020925,0.5399000594815632,0.13019029600572288,0.6810791250337382,0.7720859403386852,0.6764639316806735
2021-04-26 13:50:00,0.6687587168758717,0.13147410358565725,0.17915115413253901,0.0994465274058205,0.38434256847836046,0.031291759465478845,0.5,0.20157790131020925,0.5399000594815632,0.13019029600572288,0.6810791250337382,0.7720859403386852,0.9515895408663638
2021-04-26 14:00:00,0.6875871687587168,0.05976095617529875,0.18897989575577068,0.10444563470808776,0.40020415908704243,0.025501113585746103,0.5,0.21882445034942366,0.5207998689681536,0.13843334085341089,0.8102583341400194,0.774096967045186,0.9775336843852317
2021-04-26 14:10:00,0.6882845188284519,-0.13147410358565736,0.19553239017125823,0.11444384931262275,0.40227192419939534,0.03173719376391983,0.5,0.21882445034942366,0.5207998689681536,0.13843334085341089,0.8102583341400194,0.774096967045186,0.899203343543009
2021-04-26 14:20:00,0.6269177126917713,0.11553784860557759,0.19642591213700666,0.12587038028923425,0.39027103427516985,0.012917594654788419,0.5,0.21882445034942366,0.5207998689681536,0.13843334085341089,0.8102583341400194,0.774096967045186,0.8566923668844395
2021-04-26 14:30:00,0.6290097629009763,-0.059760956175298974,0.2068503350707369,0.14301017675415095,0.40409103401342733,0.013585746102449888,0.5,0.21882445034942366,0.5207998689681536,0.13843334085341089,0.8102583341400194,0.774096967045186,0.937964904868959
2021-04-26 14:40:00,0.6304044630404463,-0.01195219123505975,0.21489203276247193,0.15765041956793446,0.3863448979858921,0.023942093541202674,0.5,0.21882445034942366,0.5207998689681536,0.13843334085341089,0.8102583341400194,0.774096967045186,0.8745039757381898
2021-04-26 14:50:00,0.8110181311018132,0.07569721115537842,0.22055100521221127,0.1637207641492593,0.39591158341076543,0.05423162583518931,0.5,0.21882445034942366,0.5207998689681536,0.13843334085341089,0.8102583341400194,0.774096967045186,0.8696135914419784
2021-04-26 15:00:00,0.8200836820083682,-0.11553784860557781,0.22323157110945635,0.16193536868416358,0.39561057962858753,0.06859688195991091,0.5,0.22168260999932277,0.5074093337202976,0.1449802467980385,0.905063530783669,0.7775992824743017,0.8647232825867195
2021-04-26 15:10:00,0.8626220362622036,0.06772908366533859,0.22650781831720024,0.16764863417246945,0.39629110991872896,0.0791759465478842,0.5,0.22168260999932277,0.5074093337202976,0.1449802467980385,0.905063530783669,0.7775992824743017,0.8598329737314604
2021-04-26 15:20:00,0.8898186889818689,-0.1394422310756973,0.23782576321667914,0.16764863417246945,0.4038031173522137,0.09443207126948776,0.5,0.22168260999932277,0.5074093337202976,0.1449802467980385,0.905063530783669,0.7775992824743017,0.8549426648762014
2021-04-26 15:30:00,0.9114365411436541,-0.13147410358565736,0.2446760982874161,0.1780039278700234,0.3979008257973329,0.09487750556792873,0.5,0.22168260999932277,0.5074093337202976,0.1449802467980385,0.905063530783669,0.7775992824743017,0.8500523560209424
2021-04-26 15:40:00,0.8716875871687587,0.394422310756972,0.2533134772896499,0.18693090519550082,0.40520343929538943,0.08318485523385301,0.5,0.22168260999932277,0.5074093337202976,0.1449802467980385,0.905063530783669,0.7775992824743017,0.8451620471656834
2021-04-26 15:50:00,0.900278940027894,-0.019920318725099695,0.2556962025316454,0.1937154079628638,0.42259622305688965,0.08908685968819599,0.5,0.22168260999932277,0.5074093337202976,0.1449802467980385,0.905063530783669,0.7775992824743017,0.8402717383104243
2021-04-26 16:00:00,0.9114365411436541,0.07569721115537842,0.2565897244973938,0.2029994643813604,0.4270589313057021,0.10033407572383074,0.5,0.25875697037878775,0.496843454298335,0.13643386256671533,0.9576051971832775,0.785792042983839,0.8353814294551655
2021-04-26 16:10:00,0.9044630404463041,-0.17928286852589637,0.25837676842889046,0.20514193893947508,0.4186962610095405,0.09777282850779509,0.5,0.25875697037878775,0.496843454298335,0.13643386256671533,0.9576051971832775,0.785792042983839,0.8304911205999066
2021-04-26 16:20:00,0.9476987447698745,-0.1872509960159363,0.2568875651526432,0.21085520442778072,0.4128986664223737,0.10501113585746102,0.5,0.25875697037878775,0.496843454298335,0.13643386256671533,0.9576051971832775,0.785792042983839,0.8256008871855999
2021-04-26 16:30:00,0.898186889818689,0.05976095617529875,0.2607594936708859,0.2147830744509911,0.4151234769862978,0.09398663697104677,0.5,0.25875697037878775,0.496843454298335,0.13643386256671533,0.9576051971832775,0.785792042983839,0.8207105028893885
2021-04-26 16:40:00,0.9114365411436541,-0.1394422310756973,0.2682055100521219,0.21763970719514392,0.4246247268063499,0.12962138084632518,0.5,0.25875697037878775,0.496843454298335,0.13643386256671533,0.9576051971832775,0.785792042983839,0.8158201940341295
2021-04-26 16:50:00,0.9246861924686193,0.2749003984063745,0.2670141474311243,0.22013926084627755,0.41251913991441025,0.13942093541202671,0.5,0.25875697037878775,0.496843454298335,0.13643386256671533,0.9576051971832775,0.785792042983839,0.8109298851788705
2021-04-26 17:00:00,0.8675034867503486,0.09163346613545809,0.2640357408786298,0.21514015354401006,0.4262606169268823,0.08262806236080178,0.5,0.24760126248114278,0.4964210490018895,0.1336667783899096,0.9622571011716021,0.7992075366418324,0.9819243478129668
2021-04-26 17:10:00,0.9400278940027894,0.027888446215139417,0.2640357408786298,0.22478128905552563,0.4232113177422099,0.11291759465478843,0.5,0.24760126248114278,0.4964210490018895,0.1336667783899096,0.9622571011716021,0.7992075366418324,0.9822508562548093
2021-04-26 17:20:00,0.9267782426778243,-0.003984063745020028,0.2637379002233804,0.21978218175325837,0.4332884008846894,0.10244988864142539,0.5,0.24760126248114278,0.4964210490018895,0.1336667783899096,0.9622571011716021,0.7992075366418324,0.9825775155785567
2021-04-26 17:30:00,0.8598326359832636,-0.17131474103585675,0.2568875651526432,0.22192465631137304,0.4313122456190863,0.08485523385300668,0.5,0.24760126248114278,0.4964210490018895,0.1336667783899096,0.9622571011716021,0.7992075366418324,0.9829040994613516
2021-04-26 17:40:00,0.9065550906555091,-0.019920318725099695,0.2601638123603871,0.222281735404392,0.43616756749682634,0.08841870824053452,0.5,0.24760126248114278,0.4964210490018895,0.1336667783899096,0.9622571011716021,0.7992075366418324,0.9832306079031942
2021-04-26 17:50:00,0.7845188284518828,0.10756972111553775,0.257483246463142,0.22335297268344934,0.4368611849079321,0.059465478841870825,0.5,0.24760126248114278,0.4964210490018895,0.1336667783899096,0.9622571011716021,0.7992075366418324,0.9835572672269415
2021-04-26 18:00:00,0.8967921896792189,-0.1633466135458168,0.25450483991064754,0.23227995000892698,0.44115376058420913,0.09153674832962139,0.5,0.17136797362971334,0.49682333976040705,0.1268761356997356,0.9332243906833326,0.8107491247595907,0.9838838511097364
2021-04-26 18:10:00,0.887029288702929,-0.08366533864541836,0.2533134772896499,0.23156579182288883,0.4543979270000393,0.08841870824053452,0.5,0.17136797362971334,0.49682333976040705,0.1268761356997356,0.9332243906833326,0.8107491247595907,0.9842103595515791
2021-04-26 18:20:00,0.8598326359832636,-0.06772908366533881,0.25361131794489955,0.23156579182288883,0.4402114878747824,0.08697104677060133,0.5,0.17136797362971334,0.49682333976040705,0.1268761356997356,0.9332243906833326,0.8107491247595907,0.9845370188753264
2021-04-26 18:30:00,0.7489539748953975,-0.0916334661354582,0.24795234549516,0.23620782003213714,0.44983052178351285,0.044543429844097995,0.5,0.17136797362971334,0.49682333976040705,0.1268761356997356,0.9332243906833326,0.8107491247595907,0.9848636027581213
2021-04-26 18:40:00,0.892608089260809,0.08366533864541825,0.24408041697691707,0.24727727191572946,0.4480768475743021,0.09766146993318485,0.5,0.17136797362971334,0.49682333976040705,0.1268761356997356,0.9332243906833326,0.8107491247595907,0.9851901866409163
2021-04-26 18:50:00,0.9344490934449093,0.15537848605577675,0.24169769173492162,0.23585074093911795,0.45013152556569086,0.11069042316258351,0.5,0.17136797362971334,0.49682333976040705,0.1268761356997356,0.9332243906833326,0.8107491247595907,0.985516770523711
2021-04-26 19:00:00,0.8730822873082287,-0.4820717131474104,0.23574087862993265,0.2304945545438315,0.4663726426823363,0.08262806236080178,0.5,0.15464256661362397,0.5297565853560419,0.12211946473787456,0.8942596714806191,0.8289671686911602,0.985843354406506
2021-04-26 19:10:00,0.9470013947001394,-0.08366533864541836,0.23663440059568108,0.22442420996250667,0.4570676996767481,0.11469933184855235,0.5,0.15464256661362397,0.5297565853560419,0.12211946473787456,0.8942596714806191,0.8289671686911602,0.9861700137302533
2021-04-26 19:20:00,0.895397489539749,-0.1872509960159363,0.2327624720774384,0.222281735404392,0.4570676996767481,0.0979955456570156,0.5,0.15464256661362397,0.5297565853560419,0.12211946473787456,0.8942596714806191,0.8289671686911602,0.9864965221720959
2021-04-26 19:30:00,0.9358437935843794,0.08366533864541825,0.23246463142218898,0.22049633993929652,0.4570676996767481,0.11447661469933185,0.5,0.15464256661362397,0.5297565853560419,0.12211946473787456,0.8942596714806191,0.8289671686911602,0.9868231060548909
2021-04-26 19:40:00,0.9086471408647141,0.05179282868525892,0.22769918093819785,0.21514015354401006,0.4570676996767481,0.10690423162583519,0.5,0.15464256661362397,0.5297565853560419,0.12211946473787456,0.8942596714806191,0.8289671686911602,0.9871497653786382
2021-04-26 19:50:00,0.8891213389121339,0.14741035856573692,0.22293373045420695,0.21264059989287643,0.46400387378780544,0.0935412026726058,0.5,0.15464256661362397,0.5297565853560419,0.12211946473787456,0.8942596714806191,0.8289671686911602,0.9874762738204808
2021-04-26 20:00:00,0.8493723849372384,0.1633466135458166,0.21489203276247193,0.20906980896268523,0.45712004816060514,0.08986636971046771,0.5,0.13804743676504394,0.5512906349584931,0.11578497245026571,0.7237150824374932,0.8632702032386247,0.9878028577032757
2021-04-26 20:10:00,0.8751743375174338,-0.08366533864541836,0.21221146686522707,0.2015711480092841,0.4681917524963683,0.09187082405345212,0.5,0.13804743676504394,0.5512906349584931,0.11578497245026571,0.7237150824374932,0.8632702032386247,0.988129517027023
2021-04-26 20:20:00,0.8333333333333333,0.019920318725099362,0.2014892032762472,0.20335654347437981,0.4708876994150057,0.08051224944320713,0.5,0.13804743676504394,0.5512906349584931,0.11578497245026571,0.7237150824374932,0.8632702032386247,0.9884560254688656
2021-04-26 20:30:00,0.7900976290097629,0.07569721115537842,0.19285182427401315,0.20192822710230307,0.46808705552865426,0.06347438752783965,0.5,0.13804743676504394,0.5512906349584931,0.11578497245026571,0.7237150824374932,0.8632702032386247,0.9887826093516605
2021-04-26 20:40:00,0.8131101813110182,0.027888446215139417,0.1857036485480268,0.2015711480092841,0.4708876994150057,0.07583518930957683,0.5,0.13804743676504394,0.5512906349584931,0.11578497245026571,0.7237150824374932,0.8632702032386247,0.9891092686754078
2021-04-26 20:50:00,0.7343096234309623,0.003984063745019917,0.1788533134772894,0.20049991073022677,0.4708876994150057,0.0410913140311804,0.5,0.13804743676504394,0.5512906349584931,0.11578497245026571,0.7237150824374932,0.8632702032386247,0.9894357771172504
2021-04-26 21:00:00,0.7538354253835425,0.10756972111553775,0.16842889054355892,0.19621496161399765,0.4708876994150057,0.05233853006681515,0.5,0.1304664462916867,0.5698735944966629,0.11518679022927614,0.6098183152389168,0.8964131768085357,0.9897624364409977
2021-04-26 21:10:00,0.7573221757322175,0.12350597609561742,0.16187639612807136,0.190501696125692,0.4708876994150057,0.05601336302895323,0.5,0.1304664462916867,0.5698735944966629,0.11518679022927614,0.6098183152389168,0.8964131768085357,0.9900890203237925
2021-04-26 21:20:00,0.6645746164574616,0.03585657370517925,0.1520476545048397,0.18621674700946267,0.4708876994150057,0.012806236080178173,0.5,0.1304664462916867,0.5698735944966629,0.11518679022927614,0.6098183152389168,0.8964131768085357,0.9904155287656351
2021-04-26 21:30:00,0.696652719665272,0.09163346613545809,0.1443037974683543,0.180860560614176,0.4708876994150057,0.02416481069042316,0.5,0.1304664462916867,0.5698735944966629,0.11518679022927614,0.6098183152389168,0.8964131768085357,0.9907421880893824
2021-04-26 21:40:00,0.6910739191073919,0.1394422310756971,0.13924050632911378,0.1744331369398322,0.4708876994150057,0.017260579064587975,0.5,0.1304664462916867,0.5698735944966629,0.11518679022927614,0.6098183152389168,0.8964131768085357,0.9910687719721774
2021-04-26 21:50:00,0.7008368200836821,0.2749003984063745,0.13358153387937444,0.1697911087305839,0.4708876994150057,0.02048997772828508,0.5,0.1304664462916867,0.5698735944966629,0.11518679022927614,0.6098183152389168,0.8964131768085357,0.9913953558549723
2021-04-26 22:00:00,0.6652719665271966,0.3227091633466135,0.13149664929262816,0.16264952687020195,0.4708876994150057,0.006570155902004454,0.5,0.04078932754501574,0.5837957282468452,0.16451786474944002,0.5274342885406735,0.9176345743890686,0.9917219397377672
2021-04-26 22:10:00,0.6436541143654114,-0.003984063745020028,0.12613551749813845,0.16157828959114462,0.47673764248602946,0.00913140311804009,0.5,0.04078932754501574,0.5837957282468452,0.16451786474944002,0.5274342885406735,0.9176345743890686,0.9920485236205622
2021-04-26 22:20:00,0.7154811715481172,-0.06772908366533881,0.12017870439314948,0.16336368505623988,0.47103165774561256,0.0455456570155902,0.5,0.04078932754501574,0.5837957282468452,0.16451786474944002,0.5274342885406735,0.9176345743890686,0.978262443985093
2021-04-26 22:30:00,0.7754532775453277,0.2749003984063745,0.12613551749813845,0.15300839135868594,0.4695659001976155,0.05835189309576838,0.5,0.04078932754501574,0.5837957282468452,0.16451786474944002,0.5274342885406735,0.9176345743890686,0.9644763643496236
2021-04-26 22:40:00,0.9065550906555091,0.4262948207171313,0.13298585256887563,0.1412247812890557,0.4695659001976155,0.10723830734966594,0.5,0.04078932754501574,0.5837957282468452,0.16451786474944002,0.5274342885406735,0.9176345743890686,0.9506902847141543
2021-04-26 22:50:00,0.8382147838214784,0.2350597609561753,0.1323901712583766,0.13015532940546337,0.4695659001976155,0.08363028953229398,0.5,0.04078932754501574,0.5837957282468452,0.16451786474944002,0.5274342885406735,0.9176345743890686,0.9369042050786849
2021-04-26 23:00:00,0.8054393305439331,0.1394422310756971,0.12643335815338785,0.12908409212640604,0.4695659001976155,0.07305122494432072,0.5,-0.016332741093641134,0.5993241515256896,0.18278911686263888,0.44500747168495763,0.9248845308410546,0.9231181254432157
2021-04-26 23:10:00,0.7629009762900976,0.027888446215139417,0.12077438570364829,0.12908409212640604,0.4695659001976155,0.060801781737193764,0.5,-0.016332741093641134,0.5993241515256896,0.18278911686263888,0.44500747168495763,0.9248845308410546,0.9093320458077463
2021-04-26 23:20:00,0.7336122733612274,0.09163346613545809,0.11660461653015619,0.12908409212640604,0.4695659001976155,0.04710467706013364,0.5,-0.016332741093641134,0.5993241515256896,0.18278911686263888,0.44500747168495763,0.9248845308410546,0.8955459661722771
2021-04-26 23:30:00,0.7998605299860531,0.15537848605577675,0.11660461653015619,0.12908409212640604,0.4695659001976155,0.06870824053452115,0.5,-0.016332741093641134,0.5993241515256896,0.18278911686263888,0.44500747168495763,0.9248845308410546,0.8817598865368077
2021-04-26 23:40:00,0.7726638772663877,0.1633466135458166,0.11511541325390895,0.12908409212640604,0.4756644985669603,0.056458797327394214,0.5,-0.016332741093641134,0.5993241515256896,0.18278911686263888,0.44500747168495763,0.9248845308410546,0.8679738069013384
2021-04-26 23:50:00,0.5822873082287308,-0.05179282868525903,0.10558451228592691,0.13158364577753967,0.47360982057557155,0.00011135857461024499,0.5,-0.016332741093641134,0.5993241515256896,0.18278911686263888,0.44500747168495763,0.9248845308410546,0.854187727265869
2021-04-27 00:00:00,0.5669456066945607,0.20318725099601576,0.09337304542069957,0.13551151580074983,0.47249741529360956,0.0044543429844098,0.5,-0.027016135891159587,0.6063757338214463,0.206615208031595,0.3371983344323304,0.9273520346600308,0.8486126408859784
2021-04-27 00:10:00,0.6624825662482566,-0.01195219123505975,0.09337304542069957,0.13015532940546337,0.4808600855897711,0.018151447661469932,0.5,-0.027016135891159587,0.6063757338214463,0.206615208031595,0.3371983344323304,0.9273520346600308,0.8421222294310243
2021-04-27 00:20:00,0.6338912133891214,0.1872509960159361,0.0895011169024571,0.12658453847527218,0.4808600855897711,0.003006681514476615,0.5,-0.027016135891159587,0.6063757338214463,0.206615208031595,0.3371983344323304,0.9273520346600308,0.8356317425351177
2021-04-27 00:30:00,0.5753138075313807,-0.01195219123505975,0.08413998510796716,0.11587216568469927,0.4896153695148604,0.00022271714922048998,0.5,-0.027016135891159587,0.6063757338214463,0.206615208031595,0.3371983344323304,0.9273520346600308,0.8291413310801635
2021-04-27 00:40:00,0.4595536959553696,-0.06772908366533881,0.07550260610573334,0.12158543117300469,0.4908193846435723,0.00011135857461024499,0.5,-0.027016135891159587,0.6063757338214463,0.206615208031595,0.3371983344323304,0.9273520346600308,0.5150127495209499
2021-04-27 00:50:00,0.10808926080892609,0.15537848605577675,0.06895011169024556,0.12979825031244419,0.48549292641111885,0.19242761692650337,0.5,-0.027016135891159587,0.6063757338214463,0.206615208031595,0.3371983344323304,0.9273520346600308,0.022617197519501486
2021-04-27 01:00:00,0.03765690376569038,-0.31075697211155395,0.08384214445271776,0.14872344224245682,0.4827969794924814,0.9993318485523385,0.5,-0.09782631245240936,0.6079532882959268,0.30419690073890787,0.19681902536766288,0.9252863969563452,0.0
2021-04-27 01:10:00,0.05299860529986053,-0.7768924302788845,0.11124348473566648,0.1730048205677559,0.4827969794924814,0.9993318485523385,0.5,-0.09782631245240936,0.6079532882959268,0.30419690073890787,0.19681902536766288,0.9252863969563452,0.0
2021-04-27 01:20:00,0.04672245467224547,-0.5959021058622653,0.11630677587490679,0.1712194251026602,0.4827969794924814,0.9993318485523385,0.5,-0.09782631245240936,0.6079532882959268,0.30419690073890787,0.19681902536766288,0.9252863969563452,0.0
2021-04-27 01:30:00,0.06345885634588563,-0.4149117814456461,0.11928518242740127,0.15943581503302973,0.4827969794924814,0.9993318485523385,0.5,-0.09782631245240936,0.6079532882959268,0.30419690073890787,0.19681902536766288,0.9252863969563452,0.0
2021-04-27 01:40:00,0.0801952580195258,-0.23392145702902678,0.12345495160089337,0.145866809498304,0.4827969794924814,0.9993318485523385,0.5,-0.09782631245240936,0.6079532882959268,0.30419690073890787,0.19681902536766288,0.9252863969563452,0.0
2021-04-27 01:50:00,0.03417015341701534,-0.05293113261240767,0.12047654504839889,0.1312265666845207,0.4827969794924814,0.9993318485523385,0.5,-0.09782631245240936,0.6079532882959268,0.30419690073890787,0.19681902536766288,0.9252863969563452,0.0
2021-04-27 02:00:00,0.17852161785216178,0.12805919180421155,0.1088607594936708,0.11480092840564193,0.48639593775765266,0.9993318485523385,0.5,-0.10089616416123814,0.6137893777998729,0.28866001475862774,0.14522940154837377,0.012882402540181935,0.0
2021-04-27 02:10:00,0.3417015341701534,0.30904951622083066,0.10647803425167512,0.1023031601499731,0.6103309732891862,0.4664810690423163,0.5,-0.10089616416123814,0.6137893777998729,0.28866001475862774,0.14522940154837377,0.012882402540181935,0.11276913559756778
2021-04-27 02:20:00,0.25592747559274753,0.49003984063745,0.08026805658972425,0.10587395108016429,0.6416353666356938,0.00011135857461024499,0.5,-0.10089616416123814,0.6137893777998729,0.28866001475862774,0.14522940154837377,0.012882402540181935,0.15279810492327656
2021-04-27 02:30:00,0.24337517433751746,-0.3466135458167332,0.020699925539835906,0.03874308159257289,0.6480742301501093,0.00011135857461024499,0.5,-0.10089616416123814,0.6137893777998729,0.28866001475862774,0.14522940154837377,0.012882402540181935,0.12909455768969627
2021-04-27 02:40:00,0.23640167364016737,-0.3466135458167332,0.0007446016381233989,0.0048205677557580096,0.6285220714295062,0.00011135857461024499,0.5,-0.10089616416123814,0.6137893777998729,0.28866001475862774,0.14522940154837377,0.012882402540181935,0.11992848197715648
2021-04-27 02:50:00,0.14504881450488147,-0.2509960159362551,-0.008488458674609234,-0.011962149616139839,0.6443051393124027,0.00011135857461024499,0.5,-0.10089616416123814,0.6137893777998729,0.28866001475862774,0.14522940154837377,0.012882402540181935,0.02852422408980491
2021-04-27 03:00:00,0.11645746164574616,-0.19521912350597614,-0.015338793745346302,-0.017318336011426405,0.6194003481174176,0.00011135857461024499,0.5,-0.14701724988434828,0.6147175200498839,0.40252362642233136,0.2671907075844575,0.07260437807661203,0.024412692185826153
2021-04-27 03:10:00,0.100418410041841,-0.1394422310756973,-0.0195085629188384,-0.025174076057846828,0.6193872609964534,0.00011135857461024499,0.5,-0.14701724988434828,0.6147175200498839,0.40252362642233136,0.2671907075844575,0.07260437807661203,0.0059070265703034235
2021-04-27 03:20:00,0.15202231520223153,-0.3705179282868527,-0.025763216679076772,-0.037671844313515335,0.6114041172082554,0.00011135857461024499,0.5,-0.14701724988434828,0.6147175200498839,0.40252362642233136,0.2671907075844575,0.07260437807661203,0.04489491075335335
2021-04-27 03:30:00,0.10460251046025104,-0.1633466135458168,-0.027550260610573418,-0.05838243170862356,0.6029105757024513,0.000556792873051225,0.5,-0.14701724988434828,0.6147175200498839,0.40252362642233136,0.2671907075844575,0.07260437807661203,0.011791420854896872
2021-04-27 03:40:00,0.0885634588563459,-0.3227091633466136,-0.030528667163067902,-0.060167827173718935,0.5958958788656084,0.11592427616926504,0.5,-0.14701724988434828,0.6147175200498839,0.40252362642233136,0.2671907075844575,0.07260437807661203,0.0
2021-04-27 03:50:00,0.11366806136680613,-0.05179282868525903,-0.019806403574088027,-0.06480985538296735,0.5865124131342345,0.9993318485523385,0.5,-0.14701724988434828,0.6147175200498839,0.40252362642233136,0.2671907075844575,0.07260437807661203,0.0
2021-04-27 04:00:00,0.1087866108786611,0.7689243027888444,-0.0019359642591214588,-0.041242635243706416,0.5865124131342345,0.9993318485523385,0.5,-0.25310222088216927,0.6180134307643239,0.5188743166779468,0.3291038524294839,0.09481946472763783,0.0
2021-04-27 04:10:00,0.1087866108786611,0.6075697211155375,-0.0007446016381237319,-0.03910016068559197,0.5865124131342345,0.9993318485523385,0.5,-0.25310222088216927,0.6180134307643239,0.5188743166779468,0.3291038524294839,0.09481946472763783,0.0
2021-04-27 04:20:00,0.12482566248256625,0.4462151394422309,-0.0007446016381237319,-0.04624174254597391,0.5865124131342345,0.9993318485523385,0.5,-0.25310222088216927,0.6180134307643239,0.5188743166779468,0.3291038524294839,0.09481946472763783,0.0
2021-04-27 04:30:00,0.15620641562064158,0.28486055776892427,-0.0007446016381237319,-0.05623995715050878,0.5865124131342345,0.9993318485523385,0.5,-0.25310222088216927,0.6180134307643239,0.5188743166779468,0.3291038524294839,0.09481946472763783,0.0
2021-04-27 04:40:00,0.16666666666666669,0.12350597609561742,0.007892777364109982,-0.06052490626673801,0.6030676211540223,0.26102449888641427,0.5,-0.25310222088216927,0.6180134307643239,0.5188743166779468,0.3291038524294839,0.09481946472763783,0.0
2021-04-27 04:50:00,0.16596931659693165,0.07370517928286846,0.024571854058078824,-0.03945723977861093,0.6045072044600908,0.8026726057906459,0.5,-0.25310222088216927,0.6180134307643239,0.5188743166779468,0.3291038524294839,0.09481946472763783,0.0
2021-04-27 05:00:00,0.1415620641562064,0.0239043824701195,0.010573343261355062,-0.05124084984824129,0.6045072044600908,0.9989977728285078,0.5,-0.2792651847444303,0.6177433212550317,0.584589141895747,0.3139357496558497,0.12377052040563502,0.0
2021-04-27 05:10:00,0.19107391910739194,-0.02589641434262957,0.006701414743112366,-0.06766648812712017,0.6150685110782479,0.9767260579064587,0.5,-0.2792651847444303,0.6177433212550317,0.584589141895747,0.3139357496558497,0.12377052040563502,0.0
2021-04-27 05:20:00,0.1617852161785216,-0.07569721115537853,0.015636634400595373,-0.0673094090341011,0.6649566161940035,0.014810690423162584,0.5,-0.2792651847444303,0.6177433212550317,0.584589141895747,0.3139357496558497,0.12377052040563502,0.030002866756189933
2021-04-27 05:30:00,0.13668061366806136,0.4820717131474104,0.037081161578555344,-0.021246206034636783,0.682872884794074,0.00011135857461024499,0.5,-0.2792651847444303,0.6177433212550317,0.584589141895747,0.3139357496558497,0.12377052040563502,0.019063928663035443
2021-04-27 05:40:00,0.12482566248256625,-0.21912350597609564,0.04035740878629923,0.015890019639350328,0.6705579039667063,0.00011135857461024499,0.5,-0.2792651847444303,0.6177433212550317,0.584589141895747,0.3139357496558497,0.12377052040563502,0.02665328847111366
2021-04-27 05:50:00,0.1199442119944212,0.4661354581673305,0.04690990320178701,0.05016961256918395,0.6581905746554816,0.008129175946547884,0.5,-0.2792651847444303,0.6177433212550317,0.584589141895747,0.3139357496558497,0.12377052040563502,0.006585995141602668
2021-04-27 06:00:00,0.13458856345885634,0.03585657370517925,0.04810126582278462,0.07302267452240674,0.6581905746554816,0.2802895322939867,0.5,-0.18213731933882182,0.6543747683236283,0.4995861421076533,0.2734479250592193,0.15918164416072939,0.0
2021-04-27 06:10:00,0.15550906555090654,-0.6334661354581674,0.0397617274758002,0.0576682735225853,0.6581905746554816,0.9993318485523385,0.5,-0.18213731933882182,0.6543747683236283,0.4995861421076533,0.2734479250592193,0.15918164416072939,0.0
2021-04-27 06:20:00,0.1680613668061367,-0.33864541832669326,0.029039463886820327,0.029101946081057095,0.6581905746554816,0.9993318485523385,0.5,-0.18213731933882182,0.6543747683236283,0.4995861421076533,0.2734479250592193,0.15918164416072939,0.0
2021-04-27 06:30:00,0.2622036262203626,-0.043824701195219196,0.022784810126582178,0.0033922513836814883,0.647904097577574,0.261804008908686,0.5,-0.18213731933882182,0.6543747683236283,0.4995861421076533,0.2734479250592193,0.15918164416072939,0.09280745960137
2021-04-27 06:40:00,0.29567642956764295,-0.19521912350597614,0.034400595681310264,-0.0026780931976432276,0.6511497035767101,0.00011135857461024499,0.5,-0.18213731933882182,0.6543747683236283,0.4995861421076533,0.2734479250592193,0.15918164416072939,0.19057893386846117
2021-04-27 06:50:00,0.21548117154811713,-0.08366533864541836,-0.0037230081906179935,-0.03267273701124784,0.6621167109447593,0.00011135857461024499,0.5,-0.18213731933882182,0.6543747683236283,0.4995861421076533,0.2734479250592193,0.15918164416072939,0.10326357559937836
2021-04-27 07:00:00,0.25662482566248257,-0.3466135458167332,-0.04274013402829491,-0.09159078735940018,0.664930441952075,0.00011135857461024499,0.5,-0.1684736258777283,0.663825727643412,0.47497025257695813,0.25395835089085156,0.18827851311574698,0.13700831359295082
2021-04-27 07:10:00,0.24058577405857742,-0.42629482071713154,-0.05376023827252441,-0.1101589001963934,0.6476292680373245,0.00011135857461024499,0.5,-0.1684736258777283,0.663825727643412,0.47497025257695813,0.25395835089085156,0.18827851311574698,0.12933596873726935
2021-04-27 07:20:00,0.20362622036262204,0.4183266932270917,-0.05971705137751315,-0.11944295661489024,0.6417138893614794,0.00011135857461024499,0.5,-0.1684736258777283,0.663825727643412,0.47497025257695813,0.25395835089085156,0.18827851311574698,0.10401044102780754
2021-04-27 07:30:00,0.198744769874477,0.17131474103585642,-0.06090841399851088,-0.12515622210319588,0.6581382261716244,0.00011135857461024499,0.5,-0.1684736258777283,0.663825727643412,0.47497025257695813,0.25395835089085156,0.18827851311574698,0.09344116360124931
2021-04-27 07:40:00,0.19525801952580193,-0.11553784860557781,-0.06329113924050644,-0.13051240849848234,0.6676394759916765,0.00011135857461024499,0.5,-0.1684736258777283,0.663825727643412,0.47497025257695813,0.25395835089085156,0.18827851311574698,0.08869592769739125
2021-04-27 07:50:00,0.1492329149232915,-0.2589641434262948,-0.06656738644825033,-0.12694161756829125,0.659224457211658,0.00011135857461024499,0.5,-0.1684736258777283,0.663825727643412,0.47497025257695813,0.25395835089085156,0.18827851311574698,0.04419330989634413
2021-04-27 08:00:00,0.0899581589958159,-0.36254980079681276,-0.06924795234549519,-0.12408498482413843,0.6395806886443052,0.00044543429844097997,0.5,-0.159492072470927,0.6683888542471843,0.4428737247096179,0.19666937282664368,0.21085838193254192,0.0020067293329510995
2021-04-27 08:10:00,0.0794979079497908,0.2589641434262948,-0.06507818317200309,-0.12765577575432951,0.6422766355629425,0.2661469933184855,0.5,-0.159492072470927,0.6683888542471843,0.4428737247096179,0.19666937282664368,0.21085838193254192,0.0
2021-04-27 08:20:00,0.12761506276150628,-0.015936254980079778,-0.0498883097542816,-0.12587038028923414,0.6511104422138173,0.9992204899777284,0.5,-0.159492072470927,0.6683888542471843,0.4428737247096179,0.19666937282664368,0.21085838193254192,0.0
2021-04-27 08:30:00,0.17294281729428174,-0.29083665338645437,-0.02278481012658229,-0.10158900196393505,0.6511104422138173,0.9992204899777284,0.5,-0.159492072470927,0.6683888542471843,0.4428737247096179,0.19666937282664368,0.21085838193254192,0.0
2021-04-27 08:40:00,0.1324965132496513,-0.5657370517928288,-0.012658227848101444,-0.1023031601499732,0.6511104422138173,0.9992204899777284,0.5,-0.159492072470927,0.6683888542471843,0.4428737247096179,0.19666937282664368,0.21085838193254192,0.0
2021-04-27 08:50:00,0.16875871687587168,-0.8406374501992032,-0.009977661950856476,-0.10908766291733607,0.6511104422138173,0.9992204899777284,0.5,-0.159492072470927,0.6683888542471843,0.4428737247096179,0.19666937282664368,0.21085838193254192,0.0
2021-04-27 09:00:00,0.1708507670850767,-0.059760956175298974,-0.0037230081906179935,-0.10944474201035537,0.6613838321707608,0.3311804008908686,0.5,-0.17648620532895654,0.6771271842233065,0.4381277061341387,0.11345693663564425,0.2793107937047203,0.0
2021-04-27 09:10:00,0.19804741980474197,0.003984063745019917,0.016530156366343807,-0.08409212640599895,0.6571697792202693,0.17538975501113585,0.5,-0.17648620532895654,0.6771271842233065,0.4381277061341387,0.11345693663564425,0.2793107937047203,0.03767521161187139
2021-04-27 09:20:00,0.19316596931659694,-0.21912350597609564,0.03469843633655967,-0.050883770755222324,0.6571697792202693,0.00011135857461024499,0.5,-0.17648620532895654,0.6771271842233065,0.4381277061341387,0.11345693663564425,0.2793107937047203,0.08023899693709734
2021-04-27 09:30:00,0.1596931659693166,-0.2509960159362551,0.05137751303052851,-0.01838957329048374,0.6442397037075813,0.00011135857461024499,0.5,-0.17648620532895654,0.6771271842233065,0.4381277061341387,0.11345693663564425,0.2793107937047203,0.047671137800443596
2021-04-27 09:40:00,0.18898186889818688,-0.553784860557769,0.06716306775874892,0.009819675058025501,0.6267422229783669,0.00011135857461024499,0.5,-0.17648620532895654,0.6771271842233065,0.4381277061341387,0.11345693663564425,0.2793107937047203,0.06678787513013565
2021-04-27 09:50:00,0.20571827057182707,-0.11553784860557781,0.0746090841399849,0.023388680592751232,0.6077266362172985,0.00011135857461024499,0.5,-0.17648620532895654,0.6771271842233065,0.4381277061341387,0.11345693663564425,0.2793107937047203,0.09458032198198471
2021-04-27 10:00:00,0.12412831241283125,-0.21912350597609564,0.04154877140729707,-0.020889126941617486,0.6077266362172985,0.00011135857461024499,0.5,0.02045665048930645,0.6770237380282585,0.22964198977954253,0.10923894636122161,0.6359791251417395,0.03415211913635198
2021-04-27 10:10:00,0.10739191073919108,0.003984063745019917,0.0355919583023081,-0.049455454383145914,0.611639685385612,0.00044543429844097997,0.5,0.02045665048930645,0.6770237380282585,0.22964198977954253,0.10923894636122161,0.6359791251417395,0.01345112180696169
2021-04-27 10:20:00,0.09902370990237098,-0.03585657370517936,0.04184661206254625,-0.055882878057489815,0.5999397992435643,0.22461024498886417,0.5,0.02045665048930645,0.6770237380282585,0.22964198977954253,0.10923894636122161,0.6359791251417395,0.0
2021-04-27 10:30:00,0.07531380753138076,0.0017074558907228532,0.06031273268801174,-0.04767005891805021,0.6007512007433484,0.9993318485523385,0.5,0.02045665048930645,0.6770237380282585,0.22964198977954253,0.10923894636122161,0.6359791251417395,0.0
2021-04-27 10:40:00,0.05439330543933055,0.03927148548662496,0.08503350707371538,-0.02053204784859841,0.6007512007433484,0.9993318485523385,0.5,0.02045665048930645,0.6770237380282585,0.22964198977954253,0.10923894636122161,0.6359791251417395,0.0
2021-04-27 10:50:00,0.06485355648535565,0.07683551508252706,0.10320178704393146,-0.008748437778968055,0.6007512007433484,0.9993318485523385,0.5,0.02045665048930645,0.6770237380282585,0.22964198977954253,0.10923894636122161,0.6359791251417395,0.0
2021-04-27 11:00:00,0.11366806136680613,0.11439954467842917,0.12226358897989575,-0.0026780931976432276,0.6007512007433484,0.9993318485523385,0.5,0.056114138274571124,0.6878080038619915,0.18436972809910576,0.3464739712425554,0.7228254131790929,0.0
2021-04-27 11:10:00,0.18479776847977683,0.15196357427433127,0.13149664929262816,-0.0026780931976432276,0.5955032652366805,0.9993318485523385,0.5,0.056114138274571124,0.6878080038619915,0.18436972809910576,0.3464739712425554,0.7228254131790929,0.0
2021-04-27 11:20:00,0.20920502092050208,0.18952760387023315,0.14906924795234544,0.0033922513836814883,0.4404470560521391,0.6202672605790647,0.5,0.056114138274571124,0.6878080038619915,0.18436972809910576,0.3464739712425554,0.7228254131790929,0.02051239494847383
2021-04-27 11:30:00,0.21269177126917713,0.22709163346613526,0.16306775874906898,0.02945902517407606,0.4072450301658138,0.00011135857461024499,0.5,0.056114138274571124,0.6878080038619915,0.18436972809910576,0.3464739712425554,0.7228254131790929,0.08879400093546781
2021-04-27 11:40:00,0.2099023709902371,-0.31474103585657376,0.17676842889054334,0.06409569719692909,0.3828898980513277,0.00011135857461024499,0.5,0.056114138274571124,0.6878080038619915,0.18436972809910576,0.3464739712425554,0.7228254131790929,0.08279644522232449
2021-04-27 11:50:00,0.27405857740585776,-0.21115537848605592,0.1860014892032762,0.09837529012676294,0.41105338236641326,0.00011135857461024499,0.5,0.056114138274571124,0.6878080038619915,0.18436972809910576,0.3464739712425554,0.7228254131790929,0.15294898682800973
2021-04-27 12:00:00,0.26778242677824265,0.3784860557768923,0.171109456440804,0.09623281556864849,0.38512779573621597,0.00011135857461024499,0.5,0.08514339994056463,0.6789892157341657,0.17508604655321114,0.5496660039075502,0.7503286084551087,0.22395401119543734
2021-04-27 12:10:00,0.3584379358437936,0.043824701195219085,0.14906924795234544,0.05981074808069997,0.4101241967779508,0.00011135857461024499,0.5,0.08514339994056463,0.6789892157341657,0.17508604655321114,0.5496660039075502,0.7503286084551087,0.2891576263258748
2021-04-27 12:20:00,0.3849372384937238,0.01195219123505975,0.14519731943410275,0.050883770755222324,0.38108387535825994,0.00011135857461024499,0.5,0.08514339994056463,0.6789892157341657,0.17508604655321114,0.5496660039075502,0.7503286084551087,0.36826500897747333
2021-04-27 12:30:00,0.37866108786610875,0.29083665338645415,0.14609084139985096,0.054454561685413294,0.41419429139783537,0.00022271714922048998,0.5,0.08514339994056463,0.6789892157341657,0.17508604655321114,0.5496660039075502,0.7503286084551087,0.351230441933099
2021-04-27 12:40:00,0.37796373779637377,-0.2749003984063746,0.1508562918838421,0.06480985538296746,0.38528484118778705,0.00011135857461024499,0.5,0.08514339994056463,0.6789892157341657,0.17508604655321114,0.5496660039075502,0.7503286084551087,0.34518007755329905
2021-04-27 12:50:00,0.4107391910739191,0.1633466135458166,0.15681310498883105,0.07123727905731125,0.4027299734331445,0.00011135857461024499,0.5,0.08514339994056463,0.6789892157341657,0.17508604655321114,0.5496660039075502,0.7503286084551087,0.3919308357348703
2021-04-27 13:00:00,0.3898186889818689,0.2350597609561753,0.15830230826507807,0.07552222817354037,0.372093023255814,0.00022271714922048998,0.5,0.2177251658732522,0.6668227937943781,0.14315463067478937,0.7130167836412362,0.7601108556699306,0.4133258898260332
2021-04-27 13:10:00,0.42329149232914925,0.05179282868525892,0.16753536857781093,0.08587752187109432,0.39309785240344974,0.05746102449888642,0.5,0.2177251658732522,0.6668227937943781,0.14315463067478937,0.7130167836412362,0.7601108556699306,0.2295969944324577
2021-04-27 13:20:00,0.4372384937238493,-0.33864541832669326,0.17230081906180184,0.08623460096411373,0.39409247359673344,0.11848552338530068,0.5,0.2177251658732522,0.6668227937943781,0.14315463067478937,0.7130167836412362,0.7601108556699306,0.1569096368272553
2021-04-27 13:30:00,0.5376569037656904,0.14741035856573692,0.16902457185405795,0.08230673094090357,0.3869338184292837,0.1546770601336303,0.5,0.2177251658732522,0.6668227937943781,0.14315463067478937,0.7130167836412362,0.7601108556699306,0.14930518882870378
2021-04-27 13:40:00,0.38354253835425384,0.03585657370517925,0.16962025316455676,0.07123727905731125,0.4048631741503187,0.08140311804008908,0.5,0.2177251658732522,0.6668227937943781,0.14315463067478937,0.7130167836412362,0.7601108556699306,0.16106643330265402
2021-04-27 13:50:00,0.5641562064156206,0.05976095617529875,0.1752792256142961,0.06516693447598643,0.3973642538377982,0.1546770601336303,0.5,0.2177251658732522,0.6668227937943781,0.14315463067478937,0.7130167836412362,0.7601108556699306,0.1690782624439851
2021-04-27 14:00:00,0.5320781032078103,-0.07569721115537853,0.17736411020104237,0.07123727905731125,0.4014343484576828,0.1400890868596882,0.5,0.23243114338059567,0.6423261601059753,0.13344307827589097,0.8635389964136636,0.7654944541380997,0.1692216002534816
2021-04-27 14:10:00,0.6073919107391912,-0.07569721115537853,0.17498138495904692,0.06123906445277627,0.3802462996165474,0.1730512249443207,0.5,0.23243114338059567,0.6423261601059753,0.13344307827589097,0.8635389964136636,0.7654944541380997,0.16940265853916142
2021-04-27 14:20:00,0.496513249651325,-0.01195219123505975,0.17498138495904692,0.049455454383146025,0.38215701927732915,0.12427616926503342,0.5,0.23243114338059567,0.6423261601059753,0.13344307827589097,0.8635389964136636,0.7654944541380997,0.1677429575870966
2021-04-27 14:30:00,0.42329149232914925,-0.07569721115537853,0.18272524199553208,0.05659703624352819,0.39898705683736635,0.0930957683741648,0.5,0.23243114338059567,0.6423261601059753,0.13344307827589097,0.8635389964136636,0.7654944541380997,0.16358616111169788
2021-04-27 14:40:00,0.6227336122733612,0.41035856573705165,0.19225614296351434,0.07052312087127288,0.4102681551085577,0.056904231625835196,0.5,0.23243114338059567,0.6423261601059753,0.13344307827589097,0.8635389964136636,0.7654944541380997,0.704799553389562
2021-04-27 14:50:00,0.698744769874477,-0.24302788844621515,0.20714817572598654,0.09301910373147648,0.3881901820418526,0.028841870824053453,0.5,0.23243114338059567,0.6423261601059753,0.13344307827589097,0.8635389964136636,0.7654944541380997,0.9416690556301583
2021-04-27 15:00:00,0.7001394700139469,0.10756972111553775,0.2134028294862247,0.10158900196393517,0.38510162149428745,0.07138084632516704,0.5,0.23172272376004055,0.6284241408937167,0.13050378051924552,0.9420738979177466,0.7741642131553186,0.7285709974802722
2021-04-27 15:10:00,0.6283124128312413,0.14741035856573692,0.21816827997021582,0.11444384931262275,0.39240423499234406,0.06536748329621381,0.5,0.23172272376004055,0.6284241408937167,0.13050378051924552,0.9420738979177466,0.7741642131553186,0.6431039425441707
2021-04-27 15:20:00,0.8158995815899581,0.003984063745019917,0.22948622486969472,0.12765577575432951,0.3950085720642316,0.07717149220489977,0.5,0.23172272376004055,0.6284241408937167,0.13050378051924552,0.9420738979177466,0.7741642131553186,0.8019524118472472
2021-04-27 15:30:00,0.7761506276150628,-0.11553784860557781,0.24318689501116886,0.1362256739867882,0.402455143892895,0.0566815144766147,0.5,0.23172272376004055,0.6284241408937167,0.13050378051924552,0.9420738979177466,0.7741642131553186,0.9608008811503236
2021-04-27 15:40:00,0.6722454672245468,0.17131474103585642,0.24378257632166767,0.15122299589359045,0.39099082592820406,0.015367483296213808,0.5,0.23172272376004055,0.6284241408937167,0.13050378051924552,0.9420738979177466,0.7741642131553186,0.9859981592407623
2021-04-27 15:50:00,0.696652719665272,0.05179282868525892,0.24795234549516,0.16693447598643107,0.38949889413827854,0.03296213808463252,0.5,0.23172272376004055,0.6284241408937167,0.13050378051924552,0.9420738979177466,0.7741642131553186,0.957172171341491
2021-04-27 16:00:00,0.806136680613668,-0.02788844621513953,0.25420699925539814,0.17479021603285116,0.4107654657051995,0.06714922048997773,0.5,0.26201409968504685,0.6091371725281391,0.10583564356962992,0.9842509076025202,0.7858236731416727,0.9560610015540837
2021-04-27 16:10:00,0.8410041841004184,0.027888446215139417,0.2565897244973938,0.17871808605606132,0.413160408841659,0.08318485523385301,0.5,0.26201409968504685,0.6091371725281391,0.10583564356962992,0.9842509076025202,0.7858236731416727,0.9549498317666762
2021-04-27 16:20:00,0.8138075313807531,0.027888446215139417,0.25897244973938927,0.17693269059096606,0.41160304144691207,0.06993318485523385,0.5,0.26201409968504685,0.6091371725281391,0.10583564356962992,0.9842509076025202,0.7858236731416727,0.9538386619792689
2021-04-27 16:30:00,0.6792189679218968,-0.07569721115537853,0.2530156366344005,0.184074272451348,0.40621114760963734,0.01937639198218263,0.5,0.26201409968504685,0.6091371725281391,0.10583564356962992,0.9842509076025202,0.7858236731416727,0.9527274921918615
2021-04-27 16:40:00,0.8898186889818689,-0.19521912350597614,0.2598659717051375,0.1922870915907875,0.43843163942364316,0.09086859688195992,0.5,0.26201409968504685,0.6091371725281391,0.10583564356962992,0.9842509076025202,0.7858236731416727,0.9516163224044542
2021-04-27 16:50:00,0.909344490934449,0.06772908366533859,0.2640357408786298,0.19264417068380646,0.42034523825103715,0.1056792873051225,0.5,0.26201409968504685,0.6091371725281391,0.10583564356962992,0.9842509076025202,0.7858236731416727,0.9505051526170467
2021-04-27 17:00:00,0.8368200836820083,0.027888446215139417,0.26612062546537585,0.20121406891626492,0.4209079844525003,0.07616926503340757,0.5,0.270645512358487,0.6017867456689088,0.09937839521038273,0.9773977017988108,0.7989636523695981,0.9493939828296394
2021-04-27 17:10:00,0.810320781032078,-0.059760956175298974,0.26641846612062525,0.21549723263702902,0.4221905223069977,0.06670378619153676,0.5,0.270645512358487,0.6017867456689088,0.09937839521038273,0.9705444055869935,0.7989636523695981,0.9482828130422318
2021-04-27 17:20:00,0.8709902370990237,-0.08366533864541836,0.27356664184661184,0.222281735404392,0.42811898810380705,0.09175946547884188,0.5,0.270645512358487,0.6017867456689088,0.09937839521038273,0.9636911093751763,0.7989636523695981,0.9471716432548244
2021-04-27 17:30:00,0.9288702928870293,-0.059760956175298974,0.2765450483991063,0.22263881449741119,0.43454476449725826,0.10256124721603564,0.5,0.270645512358487,0.6017867456689088,0.09937839521038273,0.956837813163359,0.7989636523695981,0.9460604734674171
2021-04-27 17:40:00,0.9323570432357042,-0.05179282868525903,0.2762472077438567,0.22799500089269786,0.4206069806703223,0.10256124721603564,0.5,0.270645512358487,0.6017867456689088,0.09937839521038273,0.9499845621555957,0.7989636523695981,0.9449493036800096
2021-04-27 17:50:00,0.9156206415620642,0.10756972111553775,0.27773641102010416,0.23192287091590802,0.41597413984897463,0.09910913140311804,0.5,0.270645512358487,0.6017867456689088,0.09937839521038273,0.9431313111478323,0.7989636523695981,0.9438381338926023
2021-04-27 18:00:00,0.9079497907949791,0.05976095617529875,0.27833209233060296,0.2340653454740227,0.42870790854719876,0.09476614699331849,0.5,0.23901057392995773,0.5812555494573391,0.09759158420895317,0.9362780149360151,0.8108926061356665,0.9427269641051949
2021-04-27 18:10:00,0.9700139470013948,-0.12350597609561753,0.2845867460908411,0.23656489912515632,0.42147073065396345,0.12260579064587973,0.5,0.23901057392995773,0.5812555494573391,0.09759158420895317,0.9294247187241979,0.8108926061356665,0.9416157943177875
2021-04-27 18:20:00,0.9860529986052999,0.13147410358565725,0.28220402084884566,0.23620782003213714,0.4206462420332151,0.12260579064587973,0.5,0.23901057392995773,0.5812555494573391,0.09759158420895317,0.9225714225123804,0.8108926061356665,0.9405046245303801
2021-04-27 18:30:00,0.9898884239888425,-0.20318725099601598,0.2836932241250929,0.23335118728798432,0.424075067725851,0.12783964365256126,0.5,0.23901057392995773,0.5812555494573391,0.09759158420895317,0.915718307116779,0.8108926061356665,0.9393933793020204
2021-04-27 18:40:00,0.9937238493723849,0.06772908366533859,0.2842889054355917,0.23263702910194617,0.4138016777689076,0.12839643652561247,0.5,0.23901057392995773,0.5812555494573391,0.09759158420895317,0.9088650109049619,0.8108926061356665,0.938282209514613
2021-04-27 18:50:00,0.99209669920967,0.07569721115537842,0.28071481757259864,0.2258525263345832,0.4256978707254191,0.13942093541202671,0.5,0.23901057392995773,0.5812555494573391,0.09759158420895317,0.9020117146931446,0.8108926061356665,0.9371710397272056
2021-04-27 19:00:00,0.990469549046955,0.2589641434262948,0.27833209233060296,0.22513836814854504,0.4257371320883119,0.13385300668151448,0.5,0.22353917637213772,0.6144933866272807,0.09608427153592321,0.8951584184813274,0.8193651208446491,0.9360598699397981
2021-04-27 19:10:00,0.9888423988842399,0.09163346613545809,0.2768428890543557,0.2272808427066595,0.43195351454633496,0.13084632516703787,0.5,0.22353917637213772,0.6144933866272807,0.09608427153592321,0.888305212677618,0.8193651208446491,0.9349487001523907
2021-04-27 19:20:00,0.9783821478382148,-0.2828685258964144,0.2717795979151154,0.22442420996250667,0.4381568098833938,0.12951002227171493,0.5,0.22353917637213772,0.6144933866272807,0.09608427153592321,0.8814519164658007,0.8193651208446491,0.9338375303649833
2021-04-27 19:30:00,0.9679218967921898,-0.14741035856573714,0.2643335815338794,0.2212104981253349,0.44341783251102596,0.11414253897550111,0.5,0.22353917637213772,0.6144933866272807,0.09608427153592321,0.8745986202539835,0.8193651208446491,0.932726360577576
2021-04-27 19:40:00,0.9923291492329149,0.05179282868525892,0.2595681310498881,0.21906802356722022,0.44447788930913085,0.12706013363028953,0.5,0.22353917637213772,0.6144933866272807,0.09608427153592321,0.8677453240421662,0.8193651208446491,0.9316151907901685
2021-04-27 19:50:00,0.9707112970711297,-0.29083665338645437,0.2533134772896499,0.21871094447420125,0.44127154467288743,0.12483296213808465,0.5,0.22353917637213772,0.6144933866272807,0.09608427153592321,0.8608921182384568,0.8193651208446491,0.9305040210027612
2021-04-27 20:00:00,0.9246861924686193,-0.17131474103585675,0.24586746090841394,0.22192465631137304,0.44127154467288743,0.11280623608017819,0.5,0.2056330366353667,0.624932831810855,0.09061934369379361,0.8540388220266396,0.8294883482744388,0.9293928512153538
2021-04-27 20:10:00,0.8828451882845189,0.19521912350597592,0.2402084884586746,0.21871094447420125,0.44127154467288743,0.0989977728285078,0.5,0.2056330366353667,0.624932831810855,0.09061934369379361,0.8540388220266396,0.8294883482744388,0.9282816814279464
2021-04-27 20:20:00,0.8451882845188284,0.1394422310756971,0.23514519731943406,0.21514015354401006,0.44127154467288743,0.08975501113585747,0.5,0.2056330366353667,0.624932831810855,0.09061934369379361,0.8540388220266396,0.8294883482744388,0.927170511640539
2021-04-27 20:30:00,0.8389121338912133,0.5059760956175297,0.23157110945644055,0.2112122835207999,0.44127154467288743,0.0935412026726058,0.5,0.2056330366353667,0.624932831810855,0.09061934369379361,0.8540388220266396,0.8294883482744388,0.9260593418531317
2021-04-27 20:40:00,0.7859135285913529,-0.059760956175298974,0.2214445271779597,0.21014104624174257,0.4489275104369789,0.07839643652561247,0.5,0.2056330366353667,0.624932831810855,0.09061934369379361,0.8540388220266396,0.8294883482744388,0.9249481720657242
2021-04-27 20:50:00,0.794281729428173,-0.298804780876494,0.20863737900223356,0.21514015354401006,0.45119158236379575,0.06481069042316259,0.5,0.2056330366353667,0.624932831810855,0.09061934369379361,0.8540388220266396,0.8294883482744388,0.9238370022783169
2021-04-27 21:00:00,0.6073919107391912,-0.2509960159362551,0.20119136262099757,0.21549723263702902,0.44617921503448454,0.011915367483296215,0.5,0.19573950970291398,0.6498777323444644,0.07922040256636279,0.7161955688785058,0.846990003726126,0.9227258324909093
2021-04-27 21:10:00,0.5592747559274756,-0.06772908366533881,0.19017125837676807,0.22335297268344934,0.44128463179385163,0.00155902004454343,0.5,0.19573950970291398,0.6498777323444644,0.07922040256636279,0.7161955688785058,0.846990003726126,0.8553193415513678
2021-04-27 21:20:00,0.7196652719665272,0.24302788844621515,0.1868950111690244,0.21656846991608636,0.44128463179385163,0.03418708240534521,0.5,0.19573950970291398,0.6498777323444644,0.07922040256636279,0.7161955688785058,0.846990003726126,0.8530739170451288
2021-04-27 21:30:00,0.8444909344490934,0.25099601593625476,0.1898734177215189,0.20085698982324596,0.4508382300977608,0.08808463251670379,0.5,0.19573950970291398,0.6498777323444644,0.07922040256636279,0.7161955688785058,0.846990003726126,0.8508284170979374
2021-04-27 21:40:00,0.9156206415620642,0.41035856573705165,0.19672375279225607,0.18728798428852,0.45124393084765285,0.11291759465478843,0.5,0.19573950970291398,0.6498777323444644,0.07922040256636279,0.7161955688785058,0.846990003726126,0.8485829925916984
2021-04-27 21:50:00,0.9637377963737797,0.3784860557768923,0.20059568131049876,0.17586145331190872,0.45124393084765285,0.1210467706013363,0.5,0.19573950970291398,0.6498777323444644,0.07922040256636279,0.7161955688785058,0.846990003726126,0.8463374926445072
2021-04-27 22:00:00,0.9309623430962343,0.2589641434262948,0.19583023082650763,0.16836279235850737,0.45124393084765285,0.11080178173719377,0.5,0.08612051204997084,0.6680756421566239,0.13444351489691853,0.6130865683397716,0.8632660479423034,0.8440920681382682
2021-04-27 22:10:00,0.9581589958158996,0.003984063745019917,0.19166046165301553,0.1647920014283164,0.45124393084765285,0.12394209354120268,0.5,0.08612051204997084,0.6680756421566239,0.13444351489691853,0.6130865683397716,0.8632660479423034,0.8418466436320292
2021-04-27 22:20:00,0.897489539748954,-0.0916334661354582,0.1824274013402829,0.17086234600964123,0.45124393084765285,0.10167037861915369,0.5,0.08612051204997084,0.6680756421566239,0.13444351489691853,0.6130865683397716,0.8632660479423034,0.8396012191257902
2021-04-27 22:30:00,0.8068340306834031,-0.17928286852589637,0.17289650037230064,0.17229066238171753,0.45124393084765285,0.07082405345211581,0.5,0.08612051204997084,0.6680756421566239,0.13444351489691853,0.6130865683397716,0.8632660479423034,0.8373557946195512
2021-04-27 22:40:00,0.7552301255230126,-0.2509960159362551,0.16396128071481741,0.17229066238171753,0.45124393084765285,0.05133630289532295,0.5,0.08612051204997084,0.6680756421566239,0.13444351489691853,0.6130865683397716,0.8632660479423034,0.8351103701133122
2021-04-27 22:50:00,0.7747559274755927,-0.15537848605577698,0.15889798957557688,0.17514729512587035,0.45124393084765285,0.05612472160356348,0.5,0.08612051204997084,0.6680756421566239,0.13444351489691853,0.6130865683397716,0.8632660479423034,0.832864870166121
2021-04-27 23:00:00,0.8207810320781032,0.09960159362549792,0.16008935219657472,0.17371897875379383,0.45124393084765285,0.07483296213808463,0.5,0.014838055741684286,0.68290867712431,0.1558343944505125,0.5178530542440998,0.8724688586195247,0.830619445659882
2021-04-27 23:10:00,0.8138075313807531,0.11553784860557759,0.16098287416232293,0.17229066238171753,0.45124393084765285,0.07149220489977728,0.5,0.014838055741684286,0.68290867712431,0.1558343944505125,0.5178530542440998,0.8724688586195247,0.8283739457126906
2021-04-27 23:20:00,0.7670850767085077,-0.13147410358565736,0.15383469843633635,0.1730048205677559,0.45124393084765285,0.05378619153674833,0.5,0.014838055741684286,0.68290867712431,0.1558343944505125,0.5178530542440998,0.8724688586195247,0.8261285212064516
2021-04-27 23:30:00,0.5829846582984658,-0.003984063745020028,0.148175725986597,0.17264774147473672,0.45124393084765285,0.0012249443207126948,0.5,0.014838055741684286,0.68290867712431,0.1558343944505125,0.5178530542440998,0.8724688586195247,0.8238830967002128
2021-04-27 23:40:00,0.42329149232914925,-0.2749003984063746,0.12941176470588234,0.18014640242813784,0.45124393084765285,0.00011135857461024499,0.5,0.014838055741684286,0.68290867712431,0.1558343944505125,0.5178530542440998,0.8724688586195247,0.43088099944173697
2021-04-27 23:50:00,0.40794979079497906,-0.2828685258964144,0.1085629188384214,0.18014640242813784,0.45124393084765285,0.00011135857461024499,0.5,0.014838055741684286,0.68290867712431,0.1558343944505125,0.5178530542440998,0.8724688586195247,0.3962083377340556
2021-04-28 00:00:00,0.41562064156206413,0.3227091633466135,0.10349962769918086,0.16550615961435455,0.45124393084765285,0.00011135857461024499,0.5,-0.0010160685179188,0.675808245236448,0.1673494973151548,0.4217411168903773,0.8848717581926334,0.44842856496220407
2021-04-28 00:10:00,0.34449093444909346,0.3067729083665336,0.1130305286671629,0.15300839135868594,0.45124393084765285,0.00011135857461024499,0.5,-0.0010160685179188,0.675808245236448,0.1673494973151548,0.4217411168903773,0.8848717581926334,0.3054830484180032
2021-04-28 00:20:00,0.3361227336122734,0.043824701195219085,0.11511541325390895,0.14301017675415095,0.45124393084765285,0.00011135857461024499,0.5,-0.0010160685179188,0.675808245236448,0.1673494973151548,0.4217411168903773,0.8848717581926334,0.26193098661677505
2021-04-28 00:30:00,0.29358437935843795,0.5139442231075697,0.10975428145941901,0.1269416175682916,0.45124393084765285,0.00011135857461024499,0.5,-0.0010160685179188,0.675808245236448,0.1673494973151548,0.4217411168903773,0.8848717581926334,0.22866152662311212
2021-04-28 00:40:00,0.32147838214783825,0.06772908366533859,0.10945644080416961,0.10658810926620266,0.4621455026108806,0.00011135857461024499,0.5,-0.0010160685179188,0.675808245236448,0.1673494973151548,0.4217411168903773,0.8848717581926334,0.2309247551941096
2021-04-28 00:50:00,0.2691771269177127,0.003984063745019917,0.10826507818317177,0.09623281556864849,0.46514245331169596,0.00011135857461024499,0.5,-0.0010160685179188,0.675808245236448,0.1673494973151548,0.4217411168903773,0.8848717581926334,0.15696998958914857
2021-04-28 01:00:00,0.27475592747559274,0.20318725099601576,0.10349962769918086,0.08123549366184624,0.46514245331169596,0.00011135857461024499,0.5,-0.050459388777952974,0.6756185938788594,0.19200901090436606,0.34024409317962484,0.895368104500793,0.15106296301884517
2021-04-28 01:10:00,0.3117154811715481,0.5219123505976095,0.09873417721518973,0.06052490626673812,0.46514245331169596,0.00011135857461024499,0.5,-0.050459388777952974,0.6756185938788594,0.19200901090436606,0.34024409317962484,0.895368104500793,0.18301220634609291
2021-04-28 01:20:00,0.2377963737796374,0.3545816733067728,0.09664929262844368,0.04445634708087853,0.46514245331169596,0.00011135857461024499,0.5,-0.050459388777952974,0.6756185938788594,0.19200901090436606,0.34024409317962484,0.895368104500793,0.12665781492825565
2021-04-28 01:30:00,0.15411436541143653,-0.6812749003984064,0.08354430379746813,0.058739510801642636,0.3851147086152517,0.6594654788418708,0.5,-0.050459388777952974,0.6756185938788594,0.19200901090436606,0.34024409317962484,0.895368104500793,0.0
2021-04-28 01:40:00,0.16875871687587168,-0.3326693227091634,0.10439314966492907,0.09087662917336181,0.37170040962688616,0.9957683741648108,0.5,-0.050459388777952974,0.6756185938788594,0.19200901090436606,0.34024409317962484,0.895368104500793,0.0
2021-04-28 01:50:00,0.13319386331938632,0.015936254980079667,0.11541325390915858,0.08766291733619003,0.37170040962688616,0.9957683741648108,0.5,-0.050459388777952974,0.6756185938788594,0.19200901090436606,0.34024409317962484,0.895368104500793,0.0
2021-04-28 02:00:00,0.18200836820083682,0.3645418326693226,0.12077438570364829,0.07695054454561667,0.3655363756527202,0.991759465478842,0.5,-0.0394584058624059,0.6604694733151922,0.1865677973033484,0.23335669370954654,0.9066259526246407,0.0
2021-04-28 02:10:00,0.11576011157601115,0.7131474103585655,0.12226358897989575,0.07516514908052141,0.3243773802201254,0.07694877505567929,0.5,-0.0394584058624059,0.6604694733151922,0.1865677973033484,0.23335669370954654,0.9066259526246407,0.0
2021-04-28 02:20:00,0.1311018131101813,0.7131474103585655,0.12643335815338785,0.1023031601499731,0.33215113007289526,0.9775055679287306,0.5,-0.0394584058624059,0.6604694733151922,0.1865677973033484,0.23335669370954654,0.9066259526246407,0.0
2021-04-28 02:30:00,0.14504881450488147,0.5338645418326693,0.11779597915115403,0.08694875915015166,0.33215113007289526,0.9995545657015591,0.5,-0.0394584058624059,0.6604694733151922,0.1865677973033484,0.23335669370954654,0.9066259526246407,0.0
2021-04-28 02:40:00,0.13458856345885634,0.3545816733067728,0.11005212211466842,0.06980896268523495,0.33215113007289526,0.9995545657015591,0.5,-0.0394584058624059,0.6604694733151922,0.1865677973033484,0.23335669370954654,0.9066259526246407,0.0
2021-04-28 02:50:00,0.18758716875871687,0.17529880478087634,0.10707371556217415,0.050883770755222324,0.34946539110860997,0.8320712694877506,0.5,-0.0394584058624059,0.6604694733151922,0.1865677973033484,0.23335669370954654,0.9066259526246407,0.0
2021-04-28 03:00:00,0.15760111576011157,-0.003984063745020028,0.11868950111690246,0.05338332440635596,0.3801154284069048,0.23919821826280624,0.5,-0.03986554702568834,0.6536161628932778,0.19740761495985637,0.20574551510596012,0.929245698281376,0.0
2021-04-28 03:10:00,0.17154811715481172,0.12350597609561742,0.12643335815338785,0.07159435815033022,0.3775372655769457,0.9993318485523385,0.5,-0.03986554702568834,0.6536161628932778,0.19740761495985637,0.20574551510596012,0.929245698281376,0.0
2021-04-28 03:20:00,0.13528591352859135,-0.4103585657370519,0.1285182427401339,0.058739510801642636,0.3775372655769457,0.9993318485523385,0.5,-0.03986554702568834,0.6536161628932778,0.19740761495985637,0.20574551510596012,0.929245698281376,0.0
2021-04-28 03:30:00,0.14086471408647142,0.2589641434262948,0.12464631422189121,0.04552758435993587,0.3775372655769457,0.9993318485523385,0.5,-0.03986554702568834,0.6536161628932778,0.19740761495985637,0.20574551510596012,0.929245698281376,0.0
2021-04-28 03:40:00,0.10599721059972106,0.13466135458167328,0.11243484735666387,0.030887341546152358,0.3775372655769457,0.9993318485523385,0.5,-0.03986554702568834,0.6536161628932778,0.19740761495985637,0.20574551510596012,0.929245698281376,0.0
2021-04-28 03:50:00,0.12412831241283125,0.01035856573705174,0.10737155621742356,0.017318336011426627,0.3775372655769457,0.9993318485523385,0.5,-0.03986554702568834,0.6536161628932778,0.19740761495985637,0.20574551510596012,0.929245698281376,0.0
2021-04-28 04:00:00,0.14853556485355648,-0.11394422310756969,0.11064780342516745,0.005177646848776973,0.3775372655769457,0.9993318485523385,0.5,-0.11511968922925353,0.6325045185872722,0.27824160043482027,0.25119226962536884,0.949364953390709,0.0
2021-04-28 04:10:00,0.18619246861924685,-0.23824701195219133,0.11124348473566648,-0.004106409569719638,0.4113543861485912,0.9937639198218262,0.5,-0.11511968922925353,0.6325045185872722,0.27824160043482027,0.25119226962536884,0.949364953390709,0.0
2021-04-28 04:20:00,0.22175732217573224,-0.36254980079681276,0.11928518242740127,-0.0005356186395285567,0.44699061653426864,0.2143652561247216,0.5,-0.11511968922925353,0.6325045185872722,0.27824160043482027,0.25119226962536884,0.949364953390709,0.07058255503417475
2021-04-28 04:30:00,0.24686192468619247,-0.1394422310756973,0.13060312732687973,0.033386895197286215,0.44699061653426864,0.00011135857461024499,0.5,-0.11511968922925353,0.6325045185872722,0.27824160043482027,0.25119226962536884,0.949364953390709,0.12523198092852725
2021-04-28 04:40:00,0.23361227336122734,0.019920318725099362,0.14043186895011162,0.05659703624352819,0.44699061653426864,0.00011135857461024499,0.5,-0.11511968922925353,0.6325045185872722,0.27824160043482027,0.25119226962536884,0.949364953390709,0.10391236778973098
2021-04-28 04:50:00,0.2175732217573222,-0.03585657370517936,0.14877140729709604,0.07945009819675053,0.44699061653426864,0.00011135857461024499,0.5,-0.11511968922925353,0.6325045185872722,0.27824160043482027,0.25119226962536884,0.949364953390709,0.08869592769739125
2021-04-28 05:00:00,0.1806136680613668,-0.6095617529880479,0.15651526433358143,0.0994465274058205,0.44699061653426864,0.00011135857461024499,0.5,-0.11438071817873452,0.6246224932257112,0.28950916213020844,0.29080273777962207,0.9407543844216362,0.08521809979329178
2021-04-28 05:10:00,0.16248256624825663,-0.4820717131474104,0.13775130305286676,0.10051776468487783,0.44699061653426864,0.00011135857461024499,0.5,-0.11438071817873452,0.6246224932257112,0.28950916213020844,0.29080273777962207,0.9407543844216362,0.06856828160598699
2021-04-28 05:20:00,0.21338912133891214,0.05179282868525892,0.10201042442293362,0.03874308159257289,0.44699061653426864,0.00011135857461024499,0.5,-0.11438071817873452,0.6246224932257112,0.28950916213020844,0.29080273777962207,0.9407543844216362,0.0866062133168369
2021-04-28 05:30:00,0.20641562064156208,-0.06772908366533881,0.08890543559195829,0.004463488662738824,0.44699061653426864,0.00011135857461024499,0.5,-0.11438071817873452,0.6246224932257112,0.28950916213020844,0.29080273777962207,0.9407543844216362,0.08707394722150973
2021-04-28 05:40:00,0.16736401673640167,-0.49800796812749004,0.08413998510796716,-0.010890912337082503,0.44699061653426864,0.00011135857461024499,0.5,-0.11438071817873452,0.6246224932257112,0.28950916213020844,0.29080273777962207,0.9407543844216362,0.073954765604961
2021-04-28 05:50:00,0.198744769874477,-0.2589641434262948,0.07877885331347723,-0.019103731476522,0.44699061653426864,0.00011135857461024499,0.5,-0.11438071817873452,0.6246224932257112,0.28950916213020844,0.29080273777962207,0.9407543844216362,0.09308659112512636
2021-04-28 06:00:00,0.19316596931659694,-0.49800796812749004,0.07520476545048371,-0.028744866988037687,0.44699061653426864,0.00011135857461024499,0.5,-0.09609191844635978,0.6293723976816556,0.33522425873023304,0.308072991796699,0.9130972775700856,0.0891938379830107
2021-04-28 06:10:00,0.20432357043235705,-0.12350597609561753,0.06924795234549497,-0.03517229066238159,0.44699061653426864,0.00011135857461024499,0.5,-0.09609191844635978,0.6293723976816556,0.33522425873023304,0.308072991796699,0.9130972775700856,0.0876925630309157
2021-04-28 06:20:00,0.1799163179916318,-0.47410358565737054,0.06746090841399854,-0.039814318871630006,0.44699061653426864,0.00011135857461024499,0.5,-0.09609191844635978,0.6293723976816556,0.33522425873023304,0.308072991796699,0.9130972775700856,0.06778369570137453
2021-04-28 06:30:00,0.18758716875871687,0.3705179282868525,0.06239761727475801,-0.042670951615782826,0.44699061653426864,0.00011135857461024499,0.5,-0.09609191844635978,0.6293723976816556,0.33522425873023304,0.308072991796699,0.9130972775700856,0.08040496703230382
2021-04-28 06:40:00,0.21269177126917713,0.3227091633466135,0.0588235294117645,-0.04909837529012662,0.44699061653426864,0.00011135857461024499,0.5,-0.09609191844635978,0.6293723976816556,0.33522425873023304,0.308072991796699,0.9130972775700856,0.09184181541107775
2021-04-28 06:50:00,0.22315202231520226,-0.019920318725099695,0.06180193596425898,-0.052312087127298734,0.44699061653426864,0.00011135857461024499,0.5,-0.09609191844635978,0.6293723976816556,0.33522425873023304,0.308072991796699,0.9130972775700856,0.09700197655295202
2021-04-28 07:00:00,0.20432357043235705,-0.3545816733067728,0.06463145197319431,-0.05195500803427966,0.44699061653426864,0.00011135857461024499,0.5,-0.11107065751947076,0.6275735832899927,0.34752396057754703,0.3175060924084665,0.9005414842661941,0.0854783710789565
2021-04-28 07:10:00,0.18549511854951187,-0.6892430278884463,0.06746090841399854,-0.05159792894126036,0.44699061653426864,0.00011135857461024499,0.5,-0.11107065751947076,0.6275735832899927,0.34752396057754703,0.3175060924084665,0.9005414842661941,0.073954765604961
2021-04-28 07:20:00,0.18479776847977683,-0.0916334661354582,0.0740134028294861,-0.04909837529012662,0.4355132114486134,0.00011135857461024499,0.5,-0.11107065751947076,0.6275735832899927,0.34752396057754703,0.3175060924084665,0.9005414842661941,0.0780210329375198
2021-04-28 07:30:00,0.20711297071129708,0.298804780876494,0.07967237527922544,-0.04909837529012662,0.43047466987737365,0.00011135857461024499,0.5,-0.11107065751947076,0.6275735832899927,0.34752396057754703,0.3175060924084665,0.9005414842661941,0.0932978257917528
2021-04-28 07:40:00,0.18688981868898188,0.11553784860557759,0.0826507818317197,-0.04909837529012662,0.43047466987737365,0.00011135857461024499,0.5,-0.11107065751947076,0.6275735832899927,0.34752396057754703,0.3175060924084665,0.9005414842661941,0.07842841408029935
2021-04-28 07:50:00,0.200836820083682,-0.24302788844621515,0.08473566641846597,-0.04695590073201217,0.43047466987737365,0.00011135857461024499,0.5,-0.11107065751947076,0.6275735832899927,0.34752396057754703,0.3175060924084665,0.9005414842661941,0.07439232312868718
2021-04-28 08:00:00,0.24337517433751746,-0.5219123505976095,0.0856291883842144,-0.04374218889484016,0.43047466987737365,0.00011135857461024499,0.5,-0.08488531373416852,0.6408894073969781,0.3173135391704099,0.29725485705341076,0.8653325337110134,0.09780165064803778
2021-04-28 08:10:00,0.1903765690376569,-0.24302788844621515,0.0856291883842144,-0.04374218889484016,0.41956001099318163,0.00011135857461024499,0.5,-0.08488531373416852,0.6408894073969781,0.3173135391704099,0.29725485705341076,0.8653325337110134,0.0709899361769543
2021-04-28 08:20:00,0.12412831241283125,-0.4422310756972112,0.08294862248696933,-0.042670951615782826,0.4166677572600803,0.00011135857461024499,0.5,-0.08488531373416852,0.6408894073969781,0.3173135391704099,0.29725485705341076,0.8653325337110134,0.031602214946361486
2021-04-28 08:30:00,0.11854951185495119,0.11553784860557759,0.0826507818317197,-0.03660060703445822,0.4166677572600803,0.00011135857461024499,0.5,-0.08488531373416852,0.6408894073969781,0.3173135391704099,0.29725485705341076,0.8653325337110134,0.029716191137196916
2021-04-28 08:40:00,0.10599721059972106,0.2111553784860556,0.0826507818317197,-0.030530262453133394,0.4166677572600803,0.00011135857461024499,0.5,-0.08488531373416852,0.6408894073969781,0.3173135391704099,0.29725485705341076,0.8653325337110134,0.00901519380780663
2021-04-28 08:50:00,0.11785216178521618,-0.4342629482071714,0.08413998510796716,-0.023388680592751232,0.4089594430121318,0.00011135857461024499,0.5,-0.08488531373416852,0.6408894073969781,0.3173135391704099,0.29725485705341076,0.8653325337110134,0.018339695520316248
2021-04-28 09:00:00,0.14435146443514643,-0.1394422310756973,0.09218168279970218,-0.01981788966256015,0.40029576893379226,0.00011135857461024499,0.5,-0.07218655850482103,0.6363636363636368,0.30229126490367136,0.32459209909003756,0.7980049062456739,0.044917543039063326
2021-04-28 09:10:00,0.17782426778242677,-0.3705179282868527,0.10141474311243459,-0.01624709873236929,0.3961340644671579,0.00011135857461024499,0.5,-0.07218655850482103,0.6363636363636368,0.30229126490367136,0.32459209909003756,0.7980049062456739,0.06720280036815185
2021-04-28 09:20:00,0.1415620641562064,0.4581673306772909,0.1133283693224123,-0.007320121406891644,0.3837798222768973,0.00011135857461024499,0.5,-0.07218655850482103,0.6363636363636368,0.30229126490367136,0.32459209909003756,0.7980049062456739,0.05033420341898396
2021-04-28 09:30:00,0.18758716875871687,0.38645418326693215,0.1243484735666418,0.004106409569719638,0.3929277198309144,0.00011135857461024499,0.5,-0.07218655850482103,0.6363636363636368,0.30229126490367136,0.32459209909003756,0.7980049062456739,0.0877830921737556
2021-04-28 09:40:00,0.2838214783821479,-0.3705179282868527,0.1365599404318687,0.012319228709159136,0.3936082501210558,0.00011135857461024499,0.5,-0.07218655850482103,0.6363636363636368,0.30229126490367136,0.32459209909003756,0.7980049062456739,0.1727824132051843
2021-04-28 09:50:00,0.33403068340306835,-0.14741035856573714,0.15174981384959052,0.021603285127655747,0.38360968970436193,0.00011135857461024499,0.5,-0.07218655850482103,0.6363636363636368,0.30229126490367136,0.32459209909003756,0.7980049062456739,0.23809164566893495
2021-04-28 10:00:00,0.41143654114365413,0.003984063745019917,0.16455696202531622,0.033386895197286215,0.376032246666056,0.00011135857461024499,0.5,0.2179531675929376,0.6332516299959482,0.16203306881175294,0.4967179801853298,0.7533936960694191,0.3872761289738522
2021-04-28 10:10:00,0.4735006973500697,-0.09960159362549814,0.17915115413253901,0.04981253347616499,0.37815236026226595,0.00011135857461024499,0.5,0.2179531675929376,0.6332516299959482,0.16203306881175294,0.4967179801853298,0.7533936960694191,0.5420055222777133
2021-04-28 10:20:00,0.49023709902370993,0.003984063745019917,0.19136262099776613,0.07159435815033022,0.3761892921176271,0.00011135857461024499,0.5,0.2179531675929376,0.6332516299959482,0.16203306881175294,0.4967179801853298,0.7533936960694191,0.6267709763568055
2021-04-28 10:30:00,0.6255230125523014,-0.01195219123505975,0.2026805658972448,0.0848062845920372,0.382300977607936,0.007238307349665925,0.5,0.2179531675929376,0.6332516299959482,0.16203306881175294,0.4967179801853298,0.7533936960694191,0.9313713656321198
2021-04-28 10:40:00,0.6610878661087867,0.019920318725099362,0.21310498883097528,0.0973040528477056,0.38558584496996506,0.017928730512249445,0.5,0.2179531675929376,0.6332516299959482,0.16203306881175294,0.4967179801853298,0.7533936960694191,0.977548772575705
2021-04-28 10:50:00,0.603905160390516,-0.1394422310756973,0.22263588979895732,0.11051597928941259,0.38565128057478637,0.007238307349665925,0.5,0.2179531675929376,0.6332516299959482,0.16203306881175294,0.4967179801853298,0.7533936960694191,0.881142779546449
2021-04-28 11:00:00,0.6785216178521618,-0.003984063745020028,0.2300819061801933,0.12979825031244419,0.38252345866432846,0.01714922048997773,0.5,0.2464124249597177,0.6274011729649113,0.1537206566384594,0.6883355871619581,0.735219239123335,0.9805060579084751
2021-04-28 11:10:00,0.6241283124128312,0.01195219123505975,0.23425167535368563,0.14193893947509362,0.37571815576291373,0.003006681514476615,0.5,0.2464124249597177,0.6274011729649113,0.1537206566384594,0.6883355871619581,0.735219239123335,0.9433891093441164
2021-04-28 11:20:00,0.6269177126917713,-0.01195219123505975,0.23544303797468324,0.16193536868416358,0.37531245501302163,0.005790645879732739,0.5,0.2464124249597177,0.6274011729649113,0.1537206566384594,0.6883355871619581,0.735219239123335,0.9208020882055615
2021-04-28 11:30:00,0.5788005578800558,-0.15537848605577698,0.24199553239017124,0.17621853240492769,0.3766473413513761,0.00601336302895323,0.5,0.2464124249597177,0.6274011729649113,0.1537206566384594,0.6883355871619581,0.735219239123335,0.8338790228887849
2021-04-28 11:40:00,0.6666666666666667,0.10756972111553775,0.24586746090841394,0.19264417068380646,0.37726243603669624,0.009020044543429844,0.5,0.2464124249597177,0.6274011729649113,0.1537206566384594,0.6883355871619581,0.735219239123335,0.9847986480981337
2021-04-28 11:50:00,0.6645746164574616,-0.15537848605577698,0.25480268056589694,0.2097839671487236,0.37787753072201646,0.01893095768374165,0.5,0.2464124249597177,0.6274011729649113,0.1537206566384594,0.6883355871619581,0.735219239123335,0.7982135582479594
2021-04-28 12:00:00,0.6659693165969317,0.019920318725099362,0.2688011913626207,0.21942510266023918,0.3869730797921765,0.016035634743875277,0.5,0.2771190802018395,0.6094848666837183,0.150594561677761,0.8907115148776831,0.7258213893292381,0.611628498574166
2021-04-28 12:10:00,0.7273361227336123,0.027888446215139417,0.2833953834698437,0.24084984824138544,0.3919723600005235,0.03407572383073497,0.5,0.2771190802018395,0.6094848666837183,0.150594561677761,0.8907115148776831,0.7258213893292381,0.4250433785476108
2021-04-28 12:20:00,0.7475592747559275,-0.03585657370517936,0.2950111690245716,0.2572754865202642,0.3862663752601065,0.05801781737193764,0.5,0.2771190802018395,0.6094848666837183,0.150594561677761,0.8907115148776831,0.7258213893292381,0.23845828869743654
2021-04-28 12:30:00,0.7782426778242678,0.36254980079681287,0.29977661950856294,0.2612033565434744,0.3782832314719085,0.7489977728285079,0.5,0.2771190802018395,0.6094848666837183,0.150594561677761,0.8907115148776831,0.7258213893292381,0.051873198847262256
2021-04-28 12:40:00,0.789400278940028,0.14741035856573692,0.34713328369322394,0.29476879128727007,0.3782832314719085,0.9995545657015591,0.5,0.2771190802018395,0.6094848666837183,0.150594561677761,0.8907115148776831,0.7258213893292381,0.0
2021-04-28 12:50:00,0.8040446304044631,0.2828685258964143,0.36262099776619494,0.318336011426531,0.3782832314719085,0.9995545657015591,0.5,0.2771190802018395,0.6094848666837183,0.150594561677761,0.8907115148776831,0.7258213893292381,0.0
2021-04-28 13:00:00,0.7538354253835425,-0.4820717131474104,0.36291883842144435,0.32226388144974116,0.3782832314719085,0.9995545657015591,0.5,0.40288530906473574,0.5769682793736919,0.10811969274966882,0.8925740123086846,0.7230747245673128,0.0
2021-04-28 13:10:00,0.7907949790794979,-0.31474103585657376,0.37125837676842877,0.32226388144974116,0.3782832314719085,0.9995545657015591,0.5,0.40288530906473574,0.5769682793736919,0.10811969274966882,0.8944364193315782,0.7230747245673128,0.0
2021-04-28 13:20:00,0.8291492329149234,-0.40239043824701204,0.37572598659717027,0.3169076950544547,0.3782832314719085,0.9995545657015591,0.5,0.40288530906473574,0.5769682793736919,0.10811969274966882,0.8962990071706879,0.7230747245673128,0.0
2021-04-28 13:30:00,0.7364016736401674,0.09163346613545809,0.37453462397617265,0.31405106231030167,0.3782832314719085,0.9995545657015591,0.5,0.40288530906473574,0.5769682793736919,0.10811969274966882,0.8981614141935815,0.7230747245673128,0.0
2021-04-28 13:40:00,0.7907949790794979,-0.9203187250996016,0.38168279970215924,0.30798071772897706,0.3782832314719085,0.9995545657015591,0.5,0.40288530906473574,0.5769682793736919,0.10811969274966882,0.9000239116245832,0.7230747245673128,0.0
2021-04-28 13:50:00,0.8898186889818689,0.12350597609561742,0.38555472822040193,0.3076236386359579,0.3782832314719085,0.9995545657015591,0.5,0.40288530906473574,0.5769682793736919,0.10811969274966882,0.9018863638515309,0.7230747245673128,0.0
2021-04-28 14:00:00,0.7712691771269178,0.3227091633466135,0.39389426656738635,0.30476700589180505,0.3782832314719085,0.9995545657015591,0.5,0.4086178713191111,0.5497964121411368,0.09921353684971146,0.9037489064865865,0.7315047548864906,0.0
2021-04-28 14:10:00,0.9121338912133892,0.4183266932270917,0.40193596425912137,0.3008391358685949,0.3782832314719085,0.9995545657015591,0.5,0.4086178713191111,0.5497964121411368,0.09921353684971146,0.9056113135094801,0.7315047548864906,0.0
2021-04-28 14:20:00,0.8284518828451883,-0.0916334661354582,0.40491437081161563,0.2951258703802895,0.3782832314719085,0.9995545657015591,0.5,0.4086178713191111,0.5497964121411368,0.09921353684971146,0.9074738109404819,0.7315047548864906,0.0
2021-04-28 14:30:00,0.8549511854951185,0.019920318725099362,0.4069992553983617,0.2929833958221746,0.3782832314719085,0.9995545657015591,0.5,0.4086178713191111,0.5497964121411368,0.09921353684971146,0.9093363083714834,0.7315047548864906,0.0
2021-04-28 14:40:00,0.8807531380753139,-0.4581673306772909,0.4147431124348473,0.28905552579896465,0.3782832314719085,0.9995545657015591,0.5,0.4086178713191111,0.5497964121411368,0.09921353684971146,0.9111988058024851,0.7315047548864906,0.0
2021-04-28 14:50:00,0.9288702928870293,-0.20318725099601598,0.4156366344005955,0.2865559721478308,0.3782832314719085,0.9995545657015591,0.5,0.4086178713191111,0.5497964121411368,0.09921353684971146,0.9130612128253788,0.7315047548864906,0.0
2021-04-28 15:00:00,0.9714086471408647,0.8326693227091633,0.4162323157110943,0.2865559721478308,0.3782832314719085,0.9995545657015591,0.5,0.41691541956685674,0.5254951768211555,0.08666743516025563,0.9149238006644884,0.7412664807061063,0.0
2021-04-28 15:10:00,0.9323570432357042,0.043824701195219085,0.4150409530900967,0.2865559721478308,0.3782832314719085,0.9995545657015591,0.5,0.41691541956685674,0.5254951768211555,0.08666743516025563,0.9167862076873821,0.7412664807061063,0.0
2021-04-28 15:20:00,0.9386331938633194,-0.07569721115537853,0.4236783320923303,0.2829851812176398,0.3782832314719085,0.9995545657015591,0.5,0.41691541956685674,0.5254951768211555,0.08666743516025563,0.9186487051183837,0.7412664807061063,0.0
2021-04-28 15:30:00,0.9633891910739192,-0.5139442231075697,0.42963514519731927,0.28262810212462064,0.3782832314719085,0.9995545657015591,0.5,0.41691541956685674,0.5254951768211555,0.08666743516025563,0.9205112025493853,0.7412664807061063,0.0
2021-04-28 15:40:00,0.9881450488145049,0.43426294820717115,0.42933730454206964,0.28262810212462064,0.3782832314719085,0.9995545657015591,0.5,0.41691541956685674,0.5254951768211555,0.08666743516025563,0.922373699980387,0.7412664807061063,0.0
2021-04-28 15:50:00,0.9762900976290098,0.003984063745019917,0.42933730454206964,0.28262810212462064,0.3782832314719085,0.9995545657015591,0.5,0.41691541956685674,0.5254951768211555,0.08666743516025563,0.9242361974113885,0.7412664807061063,0.0
2021-04-28 16:00:00,0.9644351464435147,0.394422310756972,0.434102755026061,0.27905731119442967,0.3782832314719085,0.9995545657015591,0.5,0.48847473987091683,0.4987629559175533,0.06971923479850568,0.9260986044342822,0.7456531729029795,0.0
2021-04-28 16:10:00,0.9712343096234309,0.08366533864541825,0.4349962769918092,0.27584359935725766,0.3782832314719085,0.9995545657015591,0.5,0.48847473987091683,0.4987629559175533,0.06971923479850568,0.9279611922733918,0.7456531729029795,0.0
2021-04-28 16:20:00,0.9780334728033473,0.5776892430278884,0.4358897989575574,0.27584359935725766,0.3782832314719085,0.9995545657015591,0.5,0.48847473987091683,0.4987629559175533,0.06971923479850568,0.9298235992962854,0.7456531729029795,0.0
2021-04-28 16:30:00,0.9848326359832636,-0.10756972111553798,0.4424422933730452,0.27584359935725766,0.3782832314719085,0.9995545657015591,0.5,0.48847473987091683,0.4987629559175533,0.06971923479850568,0.9316860967272872,0.7456531729029795,0.0
2021-04-28 16:40:00,0.99163179916318,0.3784860557768923,0.44422933730454184,0.27584359935725766,0.3784926254073367,0.9995545657015591,0.5,0.48847473987091683,0.4987629559175533,0.06971923479850568,0.9335485489542349,0.7456531729029795,0.0
2021-04-28 16:50:00,0.9925616457461646,-0.6653386454183268,0.44929262844378237,0.28048562756650597,0.39133109107327474,0.8984409799554567,0.5,0.48847473987091683,0.4987629559175533,0.06971923479850568,0.9354110915892905,0.7456531729029795,0.009143443426829819
2021-04-28 17:00:00,0.9934914225941422,0.4820717131474104,0.457036485480268,0.2833422603106588,0.38580832602635745,0.6013363028953229,0.5,0.4888900191880323,0.4811713557485908,0.07015877255088004,0.9372734986121842,0.7502877348886803,0.17604900644265734
2021-04-28 17:10:00,0.9944211994421199,-0.13147410358565736,0.46358897989575576,0.2847705766827351,0.3961471515881222,0.9993318485523385,0.5,0.4888900191880323,0.4811713557485908,0.07015877255088004,0.9391359960431858,0.7502877348886803,0.0
2021-04-28 17:20:00,0.9944211994421199,-0.5219123505976095,0.45971705137751284,0.28548473486877346,0.40011254924029266,0.6985523385300668,0.5,0.4888900191880323,0.4811713557485908,0.07015877255088004,0.9409984934741875,0.7502877348886803,0.19889252681925856
2021-04-28 17:30:00,0.9944211994421199,-0.600265604249668,0.4662695457930006,0.2829851812176398,0.4052296135373179,0.9206013363028954,0.5,0.4888900191880323,0.4811713557485908,0.07015877255088004,0.942860990905189,0.7502877348886803,0.013224798949861944
2021-04-28 17:40:00,0.9944211994421199,-0.6786188579017265,0.4582278481012656,0.2865559721478308,0.404627605972962,0.9995545657015591,0.5,0.4888900191880323,0.4811713557485908,0.07015877255088004,0.9447234883361908,0.7502877348886803,0.0
2021-04-28 17:50:00,0.9944211994421199,-0.6709827357237717,0.4528667163067759,0.2829851812176398,0.404627605972962,0.9995545657015591,0.5,0.4888900191880323,0.4811713557485908,0.07015877255088004,0.9465859857671923,0.7502877348886803,0.0
2021-04-28 18:00:00,0.9944211994421199,-0.6633466135458168,0.45524944154877134,0.28227102303160145,0.404627605972962,0.9995545657015591,0.5,0.4499183683134975,0.4744013769837965,0.0888860482525204,0.9484484831981939,0.7567733910771213,0.0
2021-04-28 18:10:00,0.9944211994421199,-0.6557104913678617,0.458525688756515,0.27905731119442967,0.404627605972962,0.9995545657015591,0.5,0.4499183683134975,0.4744013769837965,0.0888860482525204,0.9503108902210876,0.7567733910771213,0.0
2021-04-28 18:20:00,0.9944211994421199,-0.6480743691899071,0.4620997766195085,0.27584359935725766,0.404627605972962,0.9995545657015591,0.5,0.4499183683134975,0.4744013769837965,0.0888860482525204,0.9521733876520893,0.7567733910771213,0.0
2021-04-28 18:30:00,0.9891910739191074,-0.6404382470119523,0.458525688756515,0.27584359935725766,0.404627605972962,0.9995545657015591,0.5,0.4499183683134975,0.4744013769837965,0.0888860482525204,0.9540358850830909,0.7567733910771213,0.0
2021-04-28 18:40:00,0.9839610181311018,-0.6328021248339973,0.46031273268801187,0.2722728084270667,0.404627605972962,0.9995545657015591,0.5,0.4499183683134975,0.4744013769837965,0.0888860482525204,0.9558983825140925,0.7567733910771213,0.0
2021-04-28 18:50:00,0.9787308228730823,-0.6251660026560426,0.45524944154877134,0.2719157293340475,0.404627605972962,0.9995545657015591,0.5,0.4499183683134975,0.4744013769837965,0.0888860482525204,0.9577607895369863,0.7567733910771213,0.0
2021-04-28 19:00:00,0.9735006973500698,-0.6175298804780878,0.4579300074460164,0.2672737011247992,0.404627605972962,0.9995545657015591,0.5,0.4494949174894596,0.4798754048050768,0.09039247322668519,0.9596233773760958,0.7624409837919851,0.0
2021-04-28 19:10:00,0.9735006973500698,0.346613545816733,0.4576321667907668,0.26477414747366557,0.4046145188519978,0.9995545657015591,0.5,0.4494949174894596,0.4798754048050768,0.09039247322668519,0.9614857843989896,0.7624409837919851,0.0
2021-04-28 19:20:00,0.9644351464435147,0.43426294820717115,0.4549516008935217,0.26477414747366557,0.40457525748910494,0.9995545657015591,0.5,0.4494949174894596,0.4798754048050768,0.09039247322668519,0.9633482818299911,0.7624409837919851,0.0
2021-04-28 19:30:00,0.9553695955369595,0.593625498007968,0.45346239761727447,0.26156043563649356,0.40457525748910494,0.9995545657015591,0.5,0.4494949174894596,0.4798754048050768,0.09039247322668519,0.9652107792609929,0.7624409837919851,0.0
2021-04-28 19:40:00,0.9453277545327754,0.41035856573705165,0.451079672375279,0.26013211926441704,0.41029432935048615,0.734521158129176,0.5,0.4494949174894596,0.4798754048050768,0.09039247322668519,0.9670732766919944,0.7624409837919851,0.3091419346077825
2021-04-28 19:50:00,0.9352859135285915,0.394422310756972,0.449590469099032,0.25549009105516873,0.4184345185902553,0.1487750556792873,0.5,0.4494949174894596,0.4798754048050768,0.09039247322668519,0.9689356837148881,0.7624409837919851,0.3818770689681187
2021-04-28 20:00:00,0.9252440725244073,0.5219123505976095,0.4412509307520476,0.2540617746830922,0.4184345185902553,0.14888641425389754,0.5,0.4460668202465259,0.46867735419115203,0.09065003271170319,0.9707981811458898,0.7619369338995594,0.4546122335048358
2021-04-28 20:10:00,0.9152022315202232,0.593625498007968,0.43737900223380466,0.2594179610783791,0.4184345185902553,0.13853006681514476,0.5,0.4460668202465259,0.46867735419115203,0.09065003271170319,0.9707981811458898,0.7619369338995594,0.5273473452328862
2021-04-28 20:20:00,0.9051603905160391,0.49800796812749004,0.43618763961280704,0.2751294411712195,0.4184345185902553,0.10077951002227173,0.5,0.4460668202465259,0.46867735419115203,0.09065003271170319,0.9707981811458898,0.7619369338995594,0.6000824946814128
2021-04-28 20:30:00,0.8333333333333333,0.6573705179282865,0.4311243484735665,0.2929833958221746,0.4184345185902553,0.08028953229398664,0.5,0.4460668202465259,0.46867735419115203,0.09065003271170319,0.9707981811458898,0.7619369338995594,0.6728176441299396
2021-04-28 20:40:00,0.894002789400279,0.4501992031872508,0.42844378257632143,0.30833779682199625,0.4184345185902553,0.09821826280623609,0.5,0.4460668202465259,0.46867735419115203,0.09065003271170319,0.9707981811458898,0.7619369338995594,0.74555275585799
2021-04-28 20:50:00,0.8263598326359832,0.14741035856573692,0.4266567386448248,0.32226388144974116,0.4184345185902553,0.07505567928730512,0.5,0.4460668202465259,0.46867735419115203,0.09065003271170319,0.9707981811458898,0.7619369338995594,0.8182878675860403
2021-04-28 21:00:00,0.7489539748953975,0.043824701195219085,0.42129560685033485,0.33726120335654364,0.4184345185902553,0.037973273942093544,0.5,0.44522809010537223,0.47632375210843547,0.08444958295273244,0.8434254526069509,0.755279727939162,0.8910230547550433
2021-04-28 21:10:00,0.6331938633193863,-0.10756972111553798,0.4117647058823528,0.3511872879842888,0.4184345185902553,0.002561247216035635,0.5,0.44522809010537223,0.47632375210843547,0.08444958295273244,0.8434254526069509,0.755279727939162,0.9637581664830938
2021-04-28 21:20:00,0.7085076708507672,-0.019920318725099695,0.4069992553983617,0.363327977146938,0.4184345185902553,0.021380846325167038,0.5,0.44522809010537223,0.47632375210843547,0.08444958295273244,0.8434254526069509,0.755279727939162,0.9267110007996741
2021-04-28 21:30:00,0.7210599721059973,-0.03585657370517936,0.4069992553983617,0.3683270844492055,0.4184345185902553,0.021046770601336303,0.5,0.44522809010537223,0.47632375210843547,0.08444958295273244,0.8434254526069509,0.755279727939162,0.8896637596753022
2021-04-28 21:40:00,0.6471408647140864,-0.043824701195219196,0.4025316455696202,0.3772540617746831,0.4184345185902553,0.0014476614699331849,0.5,0.44522809010537223,0.47632375210843547,0.08444958295273244,0.8434254526069509,0.755279727939162,0.852616669432835
2021-04-28 21:50:00,0.5606694560669455,-0.21912350597609564,0.39448994787788516,0.3836814854490269,0.4184345185902553,0.0008908685968819599,0.5,0.44522809010537223,0.47632375210843547,0.08444958295273244,0.8434254526069509,0.755279727939162,0.8155695037494153
2021-04-28 22:00:00,0.43654114365411434,-0.4900398406374503,0.3831720029784065,0.40260667737903955,0.3944196516208399,0.00011135857461024499,0.5,0.36604708855878965,0.4911452930544515,0.10220673060888406,0.75269368367318,0.7531317495682511,0.47653786381399277
2021-04-28 22:10:00,0.3765690376569038,0.2111553784860556,0.37066269545792974,0.4226031065881093,0.3584431560900917,0.00011135857461024499,0.5,0.36604708855878965,0.4911452930544515,0.10220673060888406,0.75269368367318,0.7531317495682511,0.3466662643149207
2021-04-28 22:20:00,0.4100418410041841,0.20318725099601576,0.3638123603871928,0.41046241742545986,0.3722369815864208,0.00022271714922048998,0.5,0.36604708855878965,0.4911452930544515,0.10220673060888406,0.75269368367318,0.7531317495682511,0.42452132715723406
2021-04-28 22:30:00,0.5174337517433751,0.05179282868525892,0.3650037230081904,0.397964649169791,0.3923649736294513,0.00011135857461024499,0.5,0.36604708855878965,0.4911452930544515,0.10220673060888406,0.75269368367318,0.7531317495682511,0.6796475398705434
2021-04-28 22:40:00,0.5188284518828452,0.1872509960159361,0.36262099776619494,0.3761828244956258,0.3923649736294513,0.00011135857461024499,0.5,0.36604708855878965,0.4911452930544515,0.10220673060888406,0.75269368367318,0.7531317495682511,0.6593086591125127
2021-04-28 22:50:00,0.5334728033472803,-0.2589641434262948,0.36262099776619494,0.3683270844492055,0.3923649736294513,0.00011135857461024499,0.5,0.36604708855878965,0.4911452930544515,0.10220673060888406,0.75269368367318,0.7531317495682511,0.6944113342486836
2021-04-28 23:00:00,0.5746164574616458,-0.13147410358565736,0.36262099776619494,0.3665416889841102,0.3923649736294513,0.00022271714922048998,0.5,0.3088598813363781,0.4914240230799973,0.1319949877985791,0.6676839975826557,0.7541478203862889,0.8446821672676796
2021-04-28 23:10:00,0.5822873082287308,-0.003984063745020028,0.364705882352941,0.3615425816818427,0.3923649736294513,0.00011135857461024499,0.5,0.3088598813363781,0.4914240230799973,0.1319949877985791,0.6676839975826557,0.7541478203862889,0.8475413793623732
2021-04-28 23:20:00,0.5815899581589958,0.4422310756972112,0.3679821295606849,0.35797179075165153,0.3923649736294513,0.00022271714922048998,0.5,0.3088598813363781,0.4914240230799973,0.1319949877985791,0.6676839975826557,0.7541478203862889,0.8257389441284306
2021-04-28 23:30:00,0.6178521617852162,-0.11553784860557781,0.3733432613551748,0.3586859489376897,0.4029001060056798,0.0010022271714922048,0.5,0.3088598813363781,0.4914240230799973,0.1319949877985791,0.6676839975826557,0.7541478203862889,0.9027038037328183
2021-04-28 23:40:00,0.5111576011157601,-0.0916334661354582,0.37096053611317936,0.3758257454026068,0.3880985721951028,0.00011135857461024499,0.5,0.3088598813363781,0.4914240230799973,0.1319949877985791,0.6676839975826557,0.7541478203862889,0.658063883398464
2021-04-28 23:50:00,0.4560669456066946,0.09163346613545809,0.3620253164556959,0.379753615425817,0.39558440538665895,0.00011135857461024499,0.5,0.3088598813363781,0.4914240230799973,0.1319949877985791,0.6676839975826557,0.7541478203862889,0.5215383919006594
2021-04-29 00:00:00,0.40027894002789405,-0.15537848605577698,0.34713328369322394,0.38939475093733256,0.4206985905170722,0.00011135857461024499,0.5,0.29113291439629396,0.49515958012339006,0.13354262736291173,0.591943664938857,0.7619311677798615,0.33875250841166615
2021-04-29 00:10:00,0.4107391910739191,-0.13147410358565736,0.34296351451973184,0.3811819317978933,0.3988430985067595,0.00011135857461024499,0.5,0.29113291439629396,0.49515958012339006,0.13354262736291173,0.591943664938857,0.7619311677798615,0.37731792326146324
2021-04-29 00:20:00,0.24755927475592746,0.2589641434262948,0.32836932241250905,0.35297268344938404,0.40892018164923905,0.00011135857461024499,0.5,0.29113291439629396,0.49515958012339006,0.13354262736291173,0.591943664938857,0.7619311677798615,0.12574497940462
2021-04-29 00:30:00,0.17364016736401675,-0.17131474103585675,0.318838421444527,0.3440457061239066,0.3820523223096151,0.00011135857461024499,0.5,0.29113291439629396,0.49515958012339006,0.13354262736291173,0.591943664938857,0.7619311677798615,0.06856828160598699
2021-04-29 00:40:00,0.1680613668061367,-0.0916334661354582,0.311392405063291,0.34833065524013573,0.40601484079517347,0.00011135857461024499,0.5,0.29113291439629396,0.49515958012339006,0.13354262736291173,0.591943664938857,0.7619311677798615,0.05560752598940809
2021-04-29 00:50:00,0.2608089260808926,-0.33864541832669326,0.30454206999255384,0.328334226031066,0.3866066404051772,0.00011135857461024499,0.5,0.29113291439629396,0.49515958012339006,0.13354262736291173,0.591943664938857,0.7619311677798615,0.1329043257842087
2021-04-29 01:00:00,0.2894002789400279,0.3545816733067728,0.3021593447505584,0.29226923763613644,0.3838059965188258,0.00011135857461024499,0.5,0.23578599723903126,0.49317686138497135,0.16013237872733657,0.530756126527085,0.7772581330353496,0.1680824418727462
2021-04-29 01:10:00,0.24895397489539747,-0.14741035856573714,0.29739389426656726,0.270130333868952,0.3974427765635838,0.00011135857461024499,0.5,0.23578599723903126,0.49317686138497135,0.16013237872733657,0.530756126527085,0.7772581330353496,0.12583550854745992
2021-04-29 01:20:00,0.24755927475592746,-0.23505976095617542,0.2941176470588236,0.25656132833422607,0.3975212992893693,0.00011135857461024499,0.5,0.23578599723903126,0.49317686138497135,0.16013237872733657,0.530756126527085,0.7772581330353496,0.12510373130950406
2021-04-29 01:30:00,0.2684797768479777,-0.2828685258964144,0.2911392405063289,0.24442063917157664,0.3975212992893693,0.00011135857461024499,0.5,0.23578599723903126,0.49317686138497135,0.16013237872733657,0.530756126527085,0.7772581330353496,0.13829835387841935
2021-04-29 01:40:00,0.24895397489539747,-0.14741035856573714,0.287862993298585,0.23335118728798432,0.3975212992893693,0.00011135857461024499,0.5,0.23578599723903126,0.49317686138497135,0.16013237872733657,0.530756126527085,0.7772581330353496,0.12194275540534423
2021-04-29 01:50:00,0.21617852161785217,-0.11553784860557781,0.2827997021593447,0.22156757721835385,0.3975212992893693,0.00011135857461024499,0.5,0.23578599723903126,0.49317686138497135,0.16013237872733657,0.530756126527085,0.7772581330353496,0.09393907388686874
2021-04-29 02:00:00,0.18131101813110181,-0.12350597609561753,0.2768428890543557,0.2129976789858954,0.3975212992893693,0.00011135857461024499,0.5,0.22901928909223868,0.49237515337335275,0.1687636016073437,0.4731402417854946,0.7928968222075727,0.06463780798768805
2021-04-29 02:10:00,0.1708507670850767,-0.043824701195219196,0.2717795979151154,0.20585609712551345,0.3975212992893693,0.00011135857461024499,0.5,0.22901928909223868,0.49237515337335275,0.1687636016073437,0.4731402417854946,0.7928968222075727,0.06038293827421278
2021-04-29 02:20:00,0.19107391910739194,0.043824701195219085,0.2673119880863737,0.1969291198000358,0.3975212992893693,0.00011135857461024499,0.5,0.22901928909223868,0.49237515337335275,0.1687636016073437,0.4731402417854946,0.7928968222075727,0.07825489988985622
2021-04-29 02:30:00,0.15690376569037656,-0.33067729083665354,0.2655249441548768,0.1919300124977683,0.38911936763031507,0.00011135857461024499,0.5,0.22901928909223868,0.49237515337335275,0.1687636016073437,0.4731402417854946,0.7928968222075727,0.04951189703818821
2021-04-29 02:40:00,0.12761506276150628,0.3067729083665336,0.2613551749813847,0.1922870915907875,0.3646464514271505,0.00011135857461024499,0.5,0.22901928909223868,0.49237515337335275,0.1687636016073437,0.4731402417854946,0.7928968222075727,0.03708677218341204
2021-04-29 02:50:00,0.18688981868898188,0.47410358565737054,0.26314221891288136,0.18907337975361527,0.37982751174569107,0.00011135857461024499,0.5,0.22901928909223868,0.49237515337335275,0.1687636016073437,0.4731402417854946,0.7928968222075727,0.07257419617665253
2021-04-29 03:00:00,0.16736401673640167,0.3784860557768923,0.2595681310498881,0.17728976968398502,0.38109696247922425,0.00011135857461024499,0.5,0.20998134561705384,0.4852862155071609,0.18797061513853747,0.42946598342566566,0.8061756187318125,0.06239721170240053
2021-04-29 03:10:00,0.17782426778242677,0.33864541832669315,0.255994043186895,0.16836279235850737,0.38109696247922425,0.00011135857461024499,0.5,0.20998134561705384,0.4852862155071609,0.18797061513853747,0.42946598342566566,0.8061756187318125,0.06499238046381098
2021-04-29 03:20:00,0.13668061366806136,0.043824701195219085,0.25093075204765447,0.16336368505623988,0.38109696247922425,0.00011135857461024499,0.5,0.20998134561705384,0.4852862155071609,0.18797061513853747,0.42946598342566566,0.8061756187318125,0.03322419542224301
2021-04-29 03:30:00,0.11436541143654114,0.01195219123505975,0.23991064780342497,0.16229244777718255,0.3689259399824632,0.00011135857461024499,0.5,0.20998134561705384,0.4852862155071609,0.18797061513853747,0.42946598342566566,0.8061756187318125,0.0250011316142855
2021-04-29 03:40:00,0.11715481171548117,0.24302788844621515,0.23157110945644055,0.1583645777539724,0.38109696247922425,0.00011135857461024499,0.5,0.20998134561705384,0.4852862155071609,0.18797061513853747,0.42946598342566566,0.8061756187318125,0.03009339589902983
2021-04-29 03:50:00,0.12831241283124128,0.24302788844621515,0.2285927029039463,0.1533654704517049,0.38109696247922425,0.00011135857461024499,0.5,0.20998134561705384,0.4852862155071609,0.18797061513853747,0.42946598342566566,0.8061756187318125,0.037871358088024505
2021-04-29 04:00:00,0.1311018131101813,0.14741035856573692,0.2253164556962024,0.1455097304052848,0.38109696247922425,0.00011135857461024499,0.5,0.09969465246581044,0.4719905059380993,0.27317854655035784,0.4047434704410737,0.8152095080273344,0.037026419421518776
2021-04-29 04:10:00,0.10181311018131102,0.6175298804780875,0.21906180193596425,0.14372433494018932,0.3853371896716441,0.00011135857461024499,0.5,0.09969465246581044,0.4719905059380993,0.27317854655035784,0.4047434704410737,0.8152095080273344,0.010267513617091903
2021-04-29 04:20:00,0.11924686192468618,0.4820717131474104,0.21102010424422923,0.142653097661132,0.42110429126696414,0.00011135857461024499,0.5,0.09969465246581044,0.4719905059380993,0.27317854655035784,0.4047434704410737,0.8152095080273344,0.022383330567165082
2021-04-29 04:30:00,0.15481171548117156,-0.2270916334661356,0.2062546537602381,0.13158364577753967,0.42179790867806993,0.00011135857461024499,0.5,0.09969465246581044,0.4719905059380993,0.27317854655035784,0.4047434704410737,0.8152095080273344,0.0678440484632678
2021-04-29 04:40:00,0.18131101813110181,-0.3944223107569722,0.2098287416232314,0.12051419389394757,0.41022889374566496,0.00011135857461024499,0.5,0.09969465246581044,0.4719905059380993,0.27317854655035784,0.4047434704410737,0.8152095080273344,0.07785506284231332
2021-04-29 04:50:00,0.200836820083682,-0.3705179282868527,0.20595681310498848,0.11301553294054645,0.40534739762599625,0.00011135857461024499,0.5,0.09969465246581044,0.4719905059380993,0.27317854655035784,0.4047434704410737,0.8152095080273344,0.08486352731716885
2021-04-29 05:00:00,0.23709902370990238,-0.45019920318725104,0.2098287416232314,0.10623103017318325,0.40534739762599625,0.00011135857461024499,0.5,0.0925126650019028,0.4687750533753628,0.2918282120083591,0.39069290228928366,0.8336180123026897,0.11491920274001541
2021-04-29 05:10:00,0.2085076708507671,-0.17928286852589637,0.21578555472822036,0.10301731833601147,0.40534739762599625,0.00011135857461024499,0.5,0.0925126650019028,0.4687750533753628,0.2918282120083591,0.39069290228928366,0.8336180123026897,0.10614541997978182
2021-04-29 05:20:00,0.18340306834030684,0.5059760956175297,0.21667907669396835,0.10301731833601147,0.40534739762599625,0.00011135857461024499,0.5,0.0925126650019028,0.4687750533753628,0.2918282120083591,0.39069290228928366,0.8336180123026897,0.08718710865005959
2021-04-29 05:30:00,0.21269177126917713,0.5617529880478087,0.2139985107967235,0.1023031601499731,0.4192590072110037,0.00011135857461024499,0.5,0.0925126650019028,0.4687750533753628,0.2918282120083591,0.39069290228928366,0.8336180123026897,0.09741690179096821
2021-04-29 05:40:00,0.21548117154811713,0.40239043824701204,0.20506329113924027,0.09337618282449567,0.42179790867806993,0.00011135857461024499,0.5,0.0925126650019028,0.4687750533753628,0.2918282120083591,0.39069290228928366,0.8336180123026897,0.09430873455346502
2021-04-29 05:50:00,0.2085076708507671,0.4581673306772909,0.2026805658972448,0.08909123370826633,0.42442841999188596,0.00011135857461024499,0.5,0.0925126650019028,0.4687750533753628,0.2918282120083591,0.39069290228928366,0.8336180123026897,0.0954856134103837
2021-04-29 06:00:00,0.2196652719665272,-0.17928286852589637,0.20029784065524936,0.0830208891269415,0.43586656371464844,0.00011135857461024499,0.5,0.11038621877025157,0.4709589174930403,0.328264319185062,0.3856889310471459,0.8867615210483135,0.09619475836262957
2021-04-29 06:10:00,0.17503486750348674,0.4661354581673305,0.1943410275502604,0.07945009819675053,0.43586656371464844,0.00011135857461024499,0.5,0.11038621877025157,0.4709589174930403,0.328264319185062,0.3856889310471459,0.8867615210483135,0.0698507777962189
2021-04-29 06:20:00,0.18270571827057183,0.346613545816733,0.19285182427401315,0.07909301910373157,0.43586656371464844,0.00011135857461024499,0.5,0.11038621877025157,0.4709589174930403,0.328264319185062,0.3856889310471459,0.8867615210483135,0.0779305037946799
2021-04-29 06:30:00,0.19177126917712692,0.15537848605577675,0.1904690990320177,0.07302267452240674,0.43586656371464844,0.00011135857461024499,0.5,0.11038621877025157,0.4709589174930403,0.328264319185062,0.3856889310471459,0.8867615210483135,0.08294732712705766
2021-04-29 06:40:00,0.17294281729428174,-0.019920318725099695,0.19255398361876375,0.07230851633636859,0.43586656371464844,0.00011135857461024499,0.5,0.11038621877025157,0.4709589174930403,0.328264319185062,0.3856889310471459,0.8867615210483135,0.06590521598744663
2021-04-29 06:50:00,0.15550906555090654,0.346613545816733,0.18778853313477262,0.07230851633636859,0.43586656371464844,0.00011135857461024499,0.5,0.11038621877025157,0.4709589174930403,0.328264319185062,0.3856889310471459,0.8867615210483135,0.05090001056173333
2021-04-29 07:00:00,0.13668061366806136,0.043824701195219085,0.1868950111690244,0.07409391180146407,0.43586656371464844,0.00011135857461024499,0.5,0.11348862309441299,0.4738554109543792,0.32974791761698,0.36762227200751213,0.8978125427294902,0.03977247008766239
2021-04-29 07:10:00,0.16457461645746163,-0.3067729083665339,0.1868950111690244,0.07945009819675053,0.43576186674693435,0.00011135857461024499,0.5,0.11348862309441299,0.4738554109543792,0.32974791761698,0.36762227200751213,0.8978125427294902,0.04953452932389819
2021-04-29 07:20:00,0.1603905160390516,-0.5856573705179284,0.19195830230826494,0.07945009819675053,0.41958618523511015,0.00011135857461024499,0.5,0.11348862309441299,0.4738554109543792,0.32974791761698,0.36762227200751213,0.8978125427294902,0.06107699503598533
2021-04-29 07:30:00,0.1506276150627615,-0.4900398406374503,0.19374534623976158,0.07980717728976972,0.419429139783539,0.00011135857461024499,0.5,0.11348862309441299,0.4738554109543792,0.32974791761698,0.36762227200751213,0.8978125427294902,0.060269776845662905
2021-04-29 07:40:00,0.1506276150627615,-0.5378486055776892,0.19583023082650763,0.0830208891269415,0.419429139783539,0.00011135857461024499,0.5,0.11348862309441299,0.4738554109543792,0.32974791761698,0.36762227200751213,0.8978125427294902,0.05955308779818037
2021-04-29 07:50:00,0.17294281729428174,-0.3067729083665339,0.20119136262099757,0.0830208891269415,0.419429139783539,0.00011135857461024499,0.5,0.11348862309441299,0.4738554109543792,0.32974791761698,0.36762227200751213,0.8978125427294902,0.07550130512847594
2021-04-29 08:00:00,0.18131101813110181,-0.5298804780876495,0.2068503350707369,0.08694875915015166,0.419429139783539,0.00011135857461024499,0.5,0.1401075903960447,0.4687578123428555,0.306798619298548,0.30462784619191247,0.887330781917111,0.08985771836383663
2021-04-29 08:10:00,0.21478382147838215,-0.2509960159362551,0.2142963514519729,0.09016247098732366,0.419429139783539,0.00011135857461024499,0.5,0.1401075903960447,0.4687578123428555,0.306798619298548,0.30462784619191247,0.887330781917111,0.10889147064592544
2021-04-29 08:20:00,0.2189679218967922,0.05179282868525892,0.21906180193596425,0.09016247098732366,0.419429139783539,0.00011135857461024499,0.5,0.1401075903960447,0.4687578123428555,0.306798619298548,0.30462784619191247,0.887330781917111,0.10938183683630823
2021-04-29 08:30:00,0.24198047419804744,0.05179282868525892,0.22680565897244964,0.09016247098732366,0.419429139783539,0.00011135857461024499,0.5,0.1401075903960447,0.4687578123428555,0.306798619298548,0.30462784619191247,0.887330781917111,0.12741976854715814
2021-04-29 08:40:00,0.2824267782426778,0.11553784860557759,0.22948622486969472,0.09159078735940018,0.419429139783539,0.00011135857461024499,0.5,0.1401075903960447,0.4687578123428555,0.306798619298548,0.30462784619191247,0.887330781917111,0.14052386197323355
2021-04-29 08:50:00,0.23500697350069735,-0.02788844621513953,0.23365599404318682,0.09266202463845752,0.419429139783539,0.00011135857461024499,0.5,0.1401075903960447,0.4687578123428555,0.306798619298548,0.30462784619191247,0.887330781917111,0.11093592045505983
2021-04-29 09:00:00,0.1806136680613668,-0.45019920318725104,0.23812360387192832,0.0994465274058205,0.4173744617921504,0.00011135857461024499,0.5,0.14003431365845698,0.4733496740008095,0.28971764454939586,0.28743197092521106,0.8275712797812306,0.07488268931906997
2021-04-29 09:10:00,0.18410041841004185,-0.3784860557768924,0.24586746090841394,0.11408677021960378,0.39303241679862855,0.00011135857461024499,0.5,0.14003431365845698,0.4733496740008095,0.28971764454939586,0.28743197092521106,0.8275712797812306,0.07141240551020717
2021-04-29 09:20:00,0.26429567642956764,0.2749003984063745,0.2568875651526432,0.1283699339403679,0.3866589888890343,0.00011135857461024499,0.5,0.14003431365845698,0.4733496740008095,0.28971764454939586,0.28743197092521106,0.8275712797812306,0.14997661330476636
2021-04-29 09:30:00,0.32217573221757323,0.14741035856573692,0.26969471332836914,0.13658275307980716,0.3866589888890343,0.00011135857461024499,0.5,0.14003431365845698,0.4733496740008095,0.28971764454939586,0.28743197092521106,0.8275712797812306,0.22786185252802635
2021-04-29 09:40:00,0.3089260808926081,-0.2589641434262948,0.2795234549516006,0.14872344224245682,0.3866589888890343,0.00011135857461024499,0.5,0.14003431365845698,0.4733496740008095,0.28971764454939586,0.28743197092521106,0.8275712797812306,0.21183819424536418
2021-04-29 09:50:00,0.36262203626220363,0.03585657370517925,0.2899478778853313,0.16229244777718255,0.3866589888890343,0.00011135857461024499,0.5,0.14003431365845698,0.4733496740008095,0.28971764454939586,0.28743197092521106,0.8275712797812306,0.29885178870498064
2021-04-29 10:00:00,0.38633193863319387,-0.003984063745020028,0.30096798212956055,0.17657561149794687,0.3942364319273403,0.00011135857461024499,0.5,0.39138759858756345,0.46266598085670807,0.14623329715326389,0.42593959709511353,0.7539504065761967,0.32155197127208535
2021-04-29 10:10:00,0.4330543933054393,-0.02788844621513953,0.3116902457185404,0.1919300124977683,0.38477444347018097,0.00011135857461024499,0.5,0.39138759858756345,0.46266598085670807,0.14623329715326389,0.42593959709511353,0.7539504065761967,0.44504126620094453
2021-04-29 10:20:00,0.4379358437935844,0.17131474103585642,0.3224125093075203,0.20585609712551345,0.3943280417740901,0.00011135857461024499,0.5,0.39138759858756345,0.46266598085670807,0.14623329715326389,0.42593959709511353,0.7539504065761967,0.4559952924845724
2021-04-29 10:30:00,0.4588563458856346,-0.09960159362549814,0.3337304542069992,0.22263881449741119,0.3880985721951028,0.00011135857461024499,0.5,0.39138759858756345,0.46266598085670807,0.14623329715326389,0.42593959709511353,0.7539504065761967,0.508479563046004
2021-04-29 10:40:00,0.46513249651324967,-0.019920318725099695,0.34236783320923303,0.23870737368327077,0.38673751161481984,0.00011135857461024499,0.5,0.39138759858756345,0.46266598085670807,0.14623329715326389,0.42593959709511353,0.7539504065761967,0.5180077553299033
2021-04-29 10:50:00,0.44002789400278935,0.019920318725099362,0.35219657483246447,0.25227637921799695,0.39240423499234406,0.00011135857461024499,0.5,0.39138759858756345,0.46266598085670807,0.14623329715326389,0.42593959709511353,0.7539504065761967,0.4699745009581001
2021-04-29 11:00:00,0.4288702928870293,0.03585657370517925,0.3623231571109453,0.2719157293340475,0.38146340186622346,0.00011135857461024499,0.5,0.4135524275545881,0.45786722680865816,0.1286312431702669,0.6028205468706634,0.7301428705497394,0.43083573487031707
2021-04-29 11:10:00,0.46443514644351463,-0.19521912350597614,0.3733432613551748,0.2897696839850026,0.3872086479695332,0.00022271714922048998,0.5,0.4135524275545881,0.45786722680865816,0.1286312431702669,0.6028205468706634,0.7301428705497394,0.4952245877151954
2021-04-29 11:20:00,0.44142259414225943,0.03585657370517925,0.38227848101265804,0.3122656668452062,0.3666095195717894,0.00022271714922048998,0.5,0.4135524275545881,0.45786722680865816,0.1286312431702669,0.6028205468706634,0.7301428705497394,0.4550824569609367
2021-04-29 11:30:00,0.44002789400278935,-0.0916334661354582,0.3894266567386446,0.32869130512408495,0.37605842090798447,0.00022271714922048998,0.5,0.4135524275545881,0.45786722680865816,0.1286312431702669,0.6028205468706634,0.7301428705497394,0.4446640614391116
2021-04-29 11:40:00,0.4860529986052998,-0.07569721115537853,0.3992553983618763,0.3426173897518301,0.3803509965842614,0.00033407572383073496,0.5,0.4135524275545881,0.45786722680865816,0.1286312431702669,0.6028205468706634,0.7301428705497394,0.5384220770403007
2021-04-29 11:50:00,0.48465829846582986,0.11553784860557759,0.4078927773641099,0.35154436707730774,0.3777859208752667,0.00022271714922048998,0.5,0.4135524275545881,0.45786722680865816,0.1286312431702669,0.6028205468706634,0.7301428705497394,0.5362644658026163
2021-04-29 12:00:00,0.5076708507670851,-0.03585657370517936,0.4174236783320924,0.36582753079807184,0.3785842352540864,0.00022271714922048998,0.5,0.44277710497184497,0.45243630156864606,0.11852720105884722,0.7570774824175049,0.7353767124608229,0.5692547942725229
2021-04-29 12:10:00,0.5195258019525802,-0.003984063745020028,0.42457185405807873,0.37653990358864475,0.3732446899006688,0.00044543429844097997,0.5,0.44277710497184497,0.45243630156864606,0.11852720105884722,0.7570774824175049,0.7353767124608229,0.6429606047346742
2021-04-29 12:20:00,0.5278940027894004,-0.059760956175298974,0.43350707371556196,0.38653811819317974,0.37437018230359503,0.00033407572383073496,0.5,0.44277710497184497,0.45243630156864606,0.11852720105884722,0.7570774824175049,0.7353767124608229,0.6220031081672375
2021-04-29 12:30:00,0.4735006973500697,0.3067729083665336,0.44393149664929243,0.40403499375111585,0.3795265079635131,0.00022271714922048998,0.5,0.44277710497184497,0.45243630156864606,0.11852720105884722,0.7570774824175049,0.7353767124608229,0.5311571133273987
2021-04-29 12:40:00,0.5251046025104603,-0.0916334661354582,0.45197319434102745,0.4208177111230138,0.36802292863592945,0.00311804008908686,0.5,0.44277710497184497,0.45243630156864606,0.11852720105884722,0.7570774824175049,0.7353767124608229,0.6407954494017533
2021-04-29 12:50:00,0.6122733612273361,-0.1394422310756973,0.4615040953090095,0.4286734511694341,0.37404300427948856,0.0036748329621380848,0.5,0.44277710497184497,0.45243630156864606,0.11852720105884722,0.7570774824175049,0.7353767124608229,0.8081838345127269
2021-04-29 13:00:00,0.6290097629009763,0.06772908366533859,0.4668652271034994,0.4304588466345294,0.3729567732394551,0.012360801781737195,0.5,0.5737954781882466,0.4287758579568806,0.09562545803676266,0.8421851437745684,0.7469723180413976,0.9049217677323959
2021-04-29 13:10:00,0.6018131101813111,-0.12350597609561753,0.47580044676098265,0.43402963756472057,0.3726295952153486,0.0089086859688196,0.5,0.5737954781882466,0.4287758579568806,0.09562545803676266,0.8421851437745684,0.7469723180413976,0.8136155830831209
2021-04-29 13:20:00,0.5934449093444909,-0.02788844621513953,0.48294862248696924,0.4572397786109621,0.38220936776118625,0.0069042316258351895,0.5,0.5737954781882466,0.4287758579568806,0.09562545803676266,0.8421851437745684,0.7469723180413976,0.767649410806162
2021-04-29 13:30:00,0.6004184100418409,0.13147410358565725,0.4936708860759491,0.4722371005177646,0.38567745481671495,0.09866369710467705,0.5,0.5737954781882466,0.4287758579568806,0.09562545803676266,0.8421851437745684,0.7469723180413976,0.39208171763960353
2021-04-29 13:40:00,0.6052998605299861,0.09960159362549792,0.5005212211466863,0.4790216032851278,0.3871562994856762,0.16525612472160356,0.5,0.5737954781882466,0.4287758579568806,0.09562545803676266,0.8421851437745684,0.7469723180413976,0.17558127253798453
2021-04-29 13:50:00,0.6185495118549511,-0.06772908366533881,0.504393149664929,0.4811640778432422,0.3971941212652628,0.05423162583518931,0.5,0.5737954781882466,0.4287758579568806,0.09562545803676266,0.8421851437745684,0.7469723180413976,0.6269444905472487
2021-04-29 14:00:00,0.603905160390516,0.29083665338645415,0.5109456440804168,0.4797357614711659,0.3940270379919122,0.01224944320712695,0.5,0.5865878555397646,0.40920441255492007,0.09187556440210884,0.8903677832514189,0.7556530165972597,0.7860947236597915
2021-04-29 14:10:00,0.7001394700139469,-0.12350597609561753,0.5183916604616527,0.48723442242456705,0.38914554187224354,0.12193763919821826,0.5,0.5865878555397646,0.40920441255492007,0.09187556440210884,0.8903677832514189,0.7556530165972597,0.42414412239540117
2021-04-29 14:20:00,0.7217573221757322,-0.06772908366533881,0.5240506329113923,0.4847348687734334,0.399222625014723,0.10122494432071269,0.5,0.5865878555397646,0.40920441255492007,0.09187556440210884,0.8903677832514189,0.7556530165972597,0.5926942981728202
2021-04-29 14:30:00,0.605997210599721,-0.059760956175298974,0.5282204020848844,0.48866273879664335,0.401041734828755,0.06369710467706013,0.5,0.5865878555397646,0.40920441255492007,0.09187556440210884,0.8903677832514189,0.7556530165972597,0.575523937414186
2021-04-29 14:40:00,0.612970711297071,-0.03585657370517936,0.5347728965003722,0.5004463488662738,0.3948384394916963,0.04064587973273942,0.5,0.5865878555397646,0.40920441255492007,0.09187556440210884,0.8903677832514189,0.7556530165972597,0.7089261734840141
2021-04-29 14:50:00,0.596234309623431,-0.11553784860557781,0.5371556217423676,0.5097304052847706,0.3819476253419011,0.05367483296213809,0.5,0.5865878555397646,0.40920441255492007,0.09187556440210884,0.8903677832514189,0.7556530165972597,0.5504473648475339
2021-04-29 15:00:00,0.6771269177126918,-0.11553784860557781,0.544899478778853,0.5168719871451526,0.3881247464370314,0.10590200445434299,0.5,0.5953414405799702,0.38733128931314753,0.08886677250573423,0.9121677094949293,0.7623420224952189,0.4303981773465908
2021-04-29 15:10:00,0.7845188284518828,0.24302788844621515,0.5511541325390914,0.5118728798428851,0.38264124275300676,0.19654788418708238,0.5,0.5953414405799702,0.38733128931314753,0.08886677250573423,0.9121677094949293,0.7623420224952189,0.26082954871222297
2021-04-29 15:20:00,0.6736401673640168,-0.17928286852589637,0.552941176470588,0.507230851633637,0.38836031461438797,0.16937639198218266,0.5,0.5953414405799702,0.38733128931314753,0.08886677250573423,0.9121677094949293,0.7623420224952189,0.23346711528886344
2021-04-29 15:30:00,0.799163179916318,0.1872509960159361,0.5621742367833207,0.5029459025174075,0.39468139404012514,0.09643652561247217,0.5,0.5953414405799702,0.38733128931314753,0.08886677250573423,0.9121677094949293,0.7623420224952189,0.8198922703200205
2021-04-29 15:40:00,0.6610878661087867,-0.19521912350597614,0.5624720774385703,0.507230851633637,0.37638559893209095,0.04064587973273942,0.5,0.5953414405799702,0.38733128931314753,0.08886677250573423,0.9121677094949293,0.7623420224952189,0.8050002263228571
2021-04-29 15:50:00,0.8200836820083682,0.1394422310756971,0.5743857036485478,0.5161578289591144,0.39157974637159576,0.08541202672605791,0.5,0.5953414405799702,0.38733128931314753,0.08886677250573423,0.9121677094949293,0.7623420224952189,0.7569104365013505
2021-04-29 16:00:00,0.8751743375174338,-0.13147410358565736,0.5830230826507816,0.5257989644706302,0.4041041211343916,0.12616926503340758,0.5,0.6474311950778842,0.36206455617271993,0.0682428647716325,0.9138485770371448,0.7678120318981343,0.7088205561507009
2021-04-29 16:10:00,0.8054393305439331,0.20318725099601576,0.583320923306031,0.5297268344938404,0.4176754655743283,0.08596881959910913,0.5,0.6474311950778842,0.36206455617271993,0.0682428647716325,0.9138485770371448,0.7678120318981343,0.952404303151923
2021-04-29 16:20:00,0.7510460251046025,-0.29083665338645437,0.5889798957557706,0.5382967327262989,0.41605266257476015,0.18596881959910913,0.5,0.6474311950778842,0.36206455617271993,0.0682428647716325,0.9138485770371448,0.7678120318981343,0.2323883096700213
2021-04-29 16:30:00,0.8612273361227336,0.019920318725099362,0.5898734177215188,0.5415104445634709,0.40492860975513995,0.11169265033407572,0.5,0.6474311950778842,0.36206455617271993,0.0682428647716325,0.9138485770371448,0.7678120318981343,0.8446595349819698
2021-04-29 16:40:00,0.7433751743375174,0.019920318725099362,0.5871928518242739,0.542224602749509,0.41543756788944,0.05033407572383073,0.5,0.6474311950778842,0.36206455617271993,0.0682428647716325,0.9138485770371448,0.7678120318981343,0.9541997978182476
2021-04-29 16:50:00,0.7287308228730822,-0.17131474103585675,0.5895755770662694,0.5543652919121587,0.4115245187211266,0.032628062360801784,0.5,0.6474311950778842,0.36206455617271993,0.0682428647716325,0.9138485770371448,0.7678120318981343,0.9604481192570575
2021-04-29 17:00:00,0.8054393305439331,0.17928286852589648,0.596723752792256,0.56579182288877,0.4295193100469828,0.0579064587973274,0.5,0.6492552088353667,0.3482401216067484,0.06726424017986302,0.913431253211044,0.7735277061763886,0.9666965915777721
2021-04-29 17:10:00,0.8668061366806137,-0.07569721115537853,0.5994043186895008,0.5707909301910372,0.4382876810930363,0.07628062360801782,0.5,0.6492552088353667,0.3482401216067484,0.06726424017986302,0.913431253211044,0.7735277061763886,0.9729449884575343
2021-04-29 17:20:00,0.7064156206415622,-0.1633466135458168,0.5982129560685032,0.586859489376897,0.4199918859850022,0.024387527839643652,0.5,0.6492552088353667,0.3482401216067484,0.06726424017986302,0.913431253211044,0.7735277061763886,0.9791933853372966
2021-04-29 17:30:00,0.6861924686192469,0.03585657370517925,0.5985107967237526,0.6029280485627568,0.4165368860504377,0.02360801781737194,0.5,0.6492552088353667,0.3482401216067484,0.06726424017986302,0.913431253211044,0.7735277061763886,0.9476062585814083
2021-04-29 17:40:00,0.7580195258019525,-0.17928286852589637,0.6035740878629932,0.6089983931440812,0.4136053709544438,0.04732739420935412,0.5,0.6492552088353667,0.3482401216067484,0.06726424017986302,0.913431253211044,0.7735277061763886,0.9390145902801876
2021-04-29 17:50:00,0.7824267782426779,-0.043824701195219196,0.6026805658972447,0.6129262631672916,0.4214838177749277,0.049109131403118046,0.5,0.6492552088353667,0.3482401216067484,0.06726424017986302,0.913431253211044,0.7735277061763886,0.9304229974199194
2021-04-29 18:00:00,0.8138075313807531,-0.07569721115537853,0.6047654504839908,0.6182824495625783,0.421248249597571,0.061915367483296214,0.5,0.5919703104138683,0.33720298729623477,0.07294500566034841,0.8892986169673051,0.7943615686067553,0.9218313291186987
2021-04-29 18:10:00,0.7071129707112971,-0.05179282868525903,0.6056589724497392,0.62542403142296,0.4167070186229731,0.014699331848552339,0.5,0.5919703104138683,0.33720298729623477,0.07294500566034841,0.8892986169673051,0.7943615686067553,0.9132395853765257
2021-04-29 18:20:00,0.7231520223152021,0.03585657370517925,0.6026805658972447,0.634708087841457,0.42253078745206846,0.025723830734966594,0.5,0.5919703104138683,0.33720298729623477,0.07294500566034841,0.8892986169673051,0.7943615686067553,0.9046479925162575
2021-04-29 18:30:00,0.8305439330543933,-0.2270916334661356,0.6038719285182426,0.6379217996786288,0.4166677572600803,0.06069042316258352,0.5,0.5919703104138683,0.33720298729623477,0.07294500566034841,0.8892986169673051,0.7943615686067553,0.8960563242150369
2021-04-29 18:40:00,0.7008368200836821,-0.08366533864541836,0.6023827252419953,0.6375647205856096,0.4069309392626716,0.023496659242761692,0.5,0.5919703104138683,0.33720298729623477,0.07294500566034841,0.8892986169673051,0.7943615686067553,0.8874647313547686
2021-04-29 18:50:00,0.7782426778242678,-0.10756972111553798,0.6002978406552493,0.64542046063203,0.4142859012445852,0.05579064587973274,0.5,0.5919703104138683,0.33720298729623477,0.07294500566034841,0.8892986169673051,0.7943615686067553,0.878873063053548
2021-04-29 19:00:00,0.789400278940028,-0.05179282868525903,0.6002978406552493,0.6475629351901446,0.41393254897855025,0.05066815144766147,0.5,0.5855374333396814,0.34197875330094024,0.0718324653540644,0.8456506673668773,0.8126701787693923,0.8702814701932798
2021-04-29 19:10:00,0.6868898186889818,0.10756972111553775,0.598808637379002,0.6489912515622211,0.4186046511627907,0.013028953229398663,0.5,0.5855374333396814,0.34197875330094024,0.0718324653540644,0.8456506673668773,0.8126701787693923,0.8616898018920592
2021-04-29 19:20:00,0.6757322175732218,-0.15537848605577698,0.5958302308265075,0.6572040707016604,0.42386567379042284,0.01804008908685969,0.5,0.5855374333396814,0.34197875330094024,0.0718324653540644,0.8456506673668773,0.8126701787693923,0.8530981335908385
2021-04-29 19:30:00,0.7475592747559275,-0.03585657370517936,0.5949367088607593,0.6575611497946796,0.43046158275640944,0.02783964365256125,0.5,0.5855374333396814,0.34197875330094024,0.0718324653540644,0.8456506673668773,0.8126701787693923,0.8445064652896179
2021-04-29 19:40:00,0.7838214783821479,0.09163346613545809,0.5928518242740133,0.6525620424924121,0.4286162987004489,0.041536748329621384,0.5,0.5855374333396814,0.34197875330094024,0.0718324653540644,0.8456506673668773,0.8126701787693923,0.8359148724293496
2021-04-29 19:50:00,0.5878661087866108,0.09960159362549792,0.5860014892032761,0.6554186752365649,0.43733232126264543,0.00033407572383073496,0.5,0.5855374333396814,0.34197875330094024,0.0718324653540644,0.8456506673668773,0.8126701787693923,0.827323204128129
2021-04-29 20:00:00,0.6694560669456067,0.19521912350597592,0.5797468354430377,0.6643456525620426,0.4404994045359962,0.010690423162583519,0.5,0.578274030984353,0.3429183895726256,0.07084382244653105,0.6797182479486503,0.8346631696392324,0.8607148784646258
2021-04-29 20:10:00,0.7573221757322175,-0.19521912350597614,0.5767684288905432,0.6554186752365649,0.4484040255984086,0.03429844097995546,0.5,0.578274030984353,0.3429183895726256,0.07084382244653105,0.6797182479486503,0.8346631696392324,0.8941065528011226
2021-04-29 20:20:00,0.7761506276150628,-0.15537848605577698,0.5705137751303051,0.6489912515622211,0.4484040255984086,0.04131403118040089,0.5,0.578274030984353,0.3429183895726256,0.07084382244653105,0.6797182479486503,0.8346631696392324,0.9274982271376193
2021-04-29 20:30:00,0.7071129707112971,-0.0916334661354582,0.5648548026805658,0.6464916979110873,0.4484040255984086,0.010133630289532295,0.5,0.578274030984353,0.3429183895726256,0.07084382244653105,0.6797182479486503,0.8346631696392324,0.9608899014741163
2021-04-29 20:40:00,0.6680613668061367,0.03585657370517925,0.5577066269545792,0.6447063024459916,0.4484040255984086,0.006570155902004454,0.5,0.578274030984353,0.3429183895726256,0.07084382244653105,0.6797182479486503,0.8346631696392324,0.994281575810613
2021-04-29 20:50:00,0.7364016736401674,-0.06772908366533881,0.5523454951600892,0.6382788787716478,0.4484040255984086,0.019599109131403118,0.5,0.578274030984353,0.3429183895726256,0.07084382244653105,0.6797182479486503,0.8346631696392324,0.9947832581438508
2021-04-29 21:00:00,0.6443514644351465,0.027888446215139417,0.5460908413998509,0.635065166934476,0.4484040255984086,0.00044543429844097997,0.5,0.5729160239248383,0.36201570658061455,0.06464134366158282,0.5239854904483277,0.8674381969161031,0.9952849404770886
2021-04-29 21:10:00,0.6576011157601116,0.09960159362549792,0.53596425912137,0.6300660596322085,0.4484040255984086,0.00044543429844097997,0.5,0.5729160239248383,0.36201570658061455,0.06464134366158282,0.5239854904483277,0.8674381969161031,0.9156093365722648
2021-04-29 21:20:00,0.6847977684797769,0.19521912350597592,0.5294117647058822,0.6229244777718264,0.4484040255984086,0.0032293986636971047,0.5,0.5729160239248383,0.36201570658061455,0.06464134366158282,0.5239854904483277,0.8674381969161031,0.8359335817855365
2021-04-29 21:30:00,0.5502092050209205,0.22709163346613526,0.5219657483246463,0.6125691840742724,0.45446336260486053,0.000556792873051225,0.5,0.5729160239248383,0.36201570658061455,0.06464134366158282,0.5239854904483277,0.8674381969161031,0.7562578269988081
2021-04-29 21:40:00,0.5794979079497908,-0.043824701195219196,0.5130305286671628,0.6236386359578647,0.4582848019264242,0.00022271714922048998,0.5,0.5729160239248383,0.36201570658061455,0.06464134366158282,0.5239854904483277,0.8674381969161031,0.8318270289844139
2021-04-29 21:50:00,0.5732217573221757,-0.01195219123505975,0.5085629188384213,0.615068737725406,0.4582848019264242,0.00011135857461024499,0.5,0.5729160239248383,0.36201570658061455,0.06464134366158282,0.5239854904483277,0.8674381969161031,0.8361799719359658
2021-04-29 22:00:00,0.6331938633193863,-0.03585657370517936,0.5055845122859268,0.6082842349580433,0.4582848019264242,0.00111358574610245,0.5,0.41452963972326273,0.38101819790981334,0.13043872487384217,0.44302281481855144,0.9105440413795313,0.8839303227363942
2021-04-29 22:10:00,0.6136680613668062,0.027888446215139417,0.5055845122859268,0.600428494911623,0.4582848019264242,0.0006681514476614699,0.5,0.41452963972326273,0.38101819790981334,0.13043872487384217,0.44302281481855144,0.9105440413795313,0.9316806735368228
2021-04-29 22:20:00,0.5774058577405857,0.13147410358565725,0.4999255398361875,0.596857703981432,0.4582848019264242,0.00044543429844097997,0.5,0.41452963972326273,0.38101819790981334,0.13043872487384217,0.44302281481855144,0.9105440413795313,0.8504609442189598
2021-04-29 22:30:00,0.5941422594142259,0.003984063745019917,0.49813849590469084,0.5907873594001072,0.4582848019264242,0.00044543429844097997,0.5,0.41452963972326273,0.38101819790981334,0.13043872487384217,0.44302281481855144,0.9105440413795313,0.9521025393424567
2021-04-29 22:40:00,0.5725244072524408,0.003984063745019917,0.4972449739389424,0.590073201214069,0.4582848019264242,0.00022271714922048998,0.5,0.41452963972326273,0.38101819790981334,0.13043872487384217,0.44302281481855144,0.9105440413795313,0.8986299923050229
2021-04-29 22:50:00,0.6806136680613668,0.09163346613545809,0.49158600148920306,0.5879307266559544,0.4593841200874219,0.018819599109131405,0.5,0.41452963972326273,0.38101819790981334,0.13043872487384217,0.44302281481855144,0.9105440413795313,0.9059121565550643
2021-04-29 23:00:00,0.7998605299860531,0.3227091633466135,0.4999255398361875,0.5754329584002855,0.4681917524963683,0.04086859688195991,0.5,0.29653975037880764,0.3893111345461455,0.1657373093619132,0.410728993469952,0.9497746210373298,0.9131942453641535
2021-04-29 23:10:00,0.7880055788005579,0.08366533864541825,0.5023082650781829,0.5682913765399038,0.4776406538325634,0.03875278396436526,0.5,0.29653975037880764,0.3893111345461455,0.1657373093619132,0.410728993469952,0.9497746210373298,0.9204763341732427
2021-04-29 23:20:00,0.7789400278940027,0.09163346613545809,0.5023082650781829,0.5682913765399038,0.478124877308241,0.036302895322939864,0.5,0.29653975037880764,0.3893111345461455,0.1657373093619132,0.410728993469952,0.9497746210373298,0.9277584229823317
2021-04-29 23:30:00,0.7768479776847979,0.07569721115537842,0.49962769918093786,0.5718621674700946,0.478124877308241,0.0321826280623608,0.5,0.29653975037880764,0.3893111345461455,0.1657373093619132,0.410728993469952,0.9497746210373298,0.9350405117914209
2021-04-29 23:40:00,0.7433751743375174,-0.09960159362549814,0.49486224869694695,0.5754329584002855,0.478124877308241,0.006570155902004454,0.5,0.29653975037880764,0.3893111345461455,0.1657373093619132,0.410728993469952,0.9497746210373298,0.9423226760414624
2021-04-29 23:50:00,0.7419804741980475,-0.08366533864541836,0.49069247952345485,0.5761471165863239,0.478124877308241,0.005902004454342985,0.5,0.29653975037880764,0.3893111345461455,0.1657373093619132,0.410728993469952,0.9497746210373298,0.9496047648505515
2021-04-30 00:00:00,0.7304741980474198,-0.12350597609561753,0.48845867460908377,0.5772183538653812,0.478124877308241,0.0035634743875278397,0.5,0.29196347303052494,0.38757553727367455,0.18018422794990893,0.380748218358111,0.9823953127061537,0.9568868536596407
2021-04-30 00:10:00,0.7189679218967923,-0.1633466135458168,0.4862248696947131,0.5782895911444383,0.478124877308241,0.0012249443207126948,0.5,0.29196347303052494,0.38757553727367455,0.18018422794990893,0.380748218358111,0.9823953127061537,0.9641690179096821
2021-04-30 00:20:00,0.7398884239888424,-0.19521912350597614,0.4850335070737155,0.5761471165863239,0.478124877308241,0.014142538975501114,0.5,0.29196347303052494,0.38757553727367455,0.18018422794990893,0.380748218358111,0.9823953127061537,0.9714511067187713
2021-04-30 00:30:00,0.6820083682008368,-0.4422310756972112,0.4850335070737155,0.5782895911444383,0.478124877308241,0.00022271714922048998,0.5,0.29196347303052494,0.38757553727367455,0.18018422794990893,0.380748218358111,0.9823953127061537,0.9787331955278603
2021-04-30 00:40:00,0.6401673640167364,-0.09960159362549814,0.47937453462397617,0.5793608284234957,0.478124877308241,0.00022271714922048998,0.5,0.29196347303052494,0.38757553727367455,0.18018422794990893,0.380748218358111,0.9823953127061537,0.933906181631637
2021-04-30 00:50:00,0.6143654114365412,0.07569721115537842,0.4772896500372299,0.5847170148187824,0.478124877308241,0.00022271714922048998,0.5,0.29196347303052494,0.38757553727367455,0.18018422794990893,0.380748218358111,0.9823953127061537,0.8469982045053337
2021-04-30 01:00:00,0.5829846582984658,0.41035856573705165,0.4653760238272524,0.5757900374933047,0.478124877308241,0.00022271714922048998,0.5,0.20635776591667798,0.39167315599973734,0.25540098182030774,0.3375769635882468,0.008555376663883257,0.753277909380328
2021-04-30 01:10:00,0.5181311018131102,0.36254980079681287,0.45346239761727447,0.5682913765399038,0.478124877308241,0.00022271714922048998,0.5,0.20635776591667798,0.39167315599973734,0.25540098182030774,0.3375769635882468,0.008555376663883257,0.6026826802661557
2021-04-30 01:20:00,0.48535564853556484,0.25099601593625476,0.44452717795979146,0.5654347437957508,0.478124877308241,0.00022271714922048998,0.5,0.20635776591667798,0.39167315599973734,0.25540098182030774,0.3375769635882468,0.008555376663883257,0.5100336466647556
2021-04-30 01:30:00,0.5097629009762901,0.2749003984063745,0.43350707371556196,0.5511515800749867,0.4836476423551583,0.00022271714922048998,0.5,0.20635776591667798,0.39167315599973734,0.25540098182030774,0.3375769635882468,0.008555376663883257,0.527241727899573
2021-04-30 01:40:00,0.4916317991631799,-0.07569721115537853,0.42814594192107225,0.5390108909123372,0.4893667142165395,0.00022271714922048998,0.5,0.20635776591667798,0.39167315599973734,0.25540098182030774,0.3375769635882468,0.008555376663883257,0.48891772409734907
2021-04-30 01:50:00,0.4679218967921897,-0.21912350597609564,0.4278481012658226,0.5282985181217639,0.4893667142165395,0.00022271714922048998,0.5,0.20635776591667798,0.39167315599973734,0.25540098182030774,0.3375769635882468,0.008555376663883257,0.4140652111592257
2021-04-30 02:00:00,0.47419804741980476,-0.1633466135458168,0.4257632166790766,0.49794679521513996,0.4893667142165395,0.00022271714922048998,0.5,0.22629957811677115,0.390526627337956,0.25346579829427396,0.2889463428959042,0.04187083893488455,0.4134088748736364
2021-04-30 02:10:00,0.4344490934449094,-0.1872509960159363,0.42516753536857754,0.4815211569362612,0.4893667142165395,0.00022271714922048998,0.5,0.22629957811677115,0.390526627337956,0.25346579829427396,0.2889463428959042,0.04187083893488455,0.34715663050530354
2021-04-30 02:20:00,0.36750348675034866,-0.1394422310756973,0.42040208488458664,0.4675950723085165,0.4893667142165395,0.00022271714922048998,0.5,0.22629957811677115,0.390526627337956,0.25346579829427396,0.2889463428959042,0.04187083893488455,0.2368695022405963
2021-04-30 02:30:00,0.18549511854951187,0.1633466135458166,0.41444527177959767,0.45545438314586684,0.4893667142165395,0.00022271714922048998,0.5,0.22629957811677115,0.390526627337956,0.25346579829427396,0.2889463428959042,0.04187083893488455,0.08267573969853796
2021-04-30 02:40:00,0.10111576011157601,0.6254980079681274,0.4025316455696202,0.45795393679700047,0.4983968276818783,0.0006681514476614699,0.5,0.22629957811677115,0.390526627337956,0.25346579829427396,0.2889463428959042,0.04187083893488455,0.014130090378260936
2021-04-30 02:50:00,0.055788005578800565,-0.019920318725099695,0.38227848101265804,0.4636672022853061,0.5058695737524702,0.8926503340757238,0.5,0.22629957811677115,0.390526627337956,0.25346579829427396,0.2889463428959042,0.04187083893488455,0.0
2021-04-30 03:00:00,0.08716875871687588,-0.059760956175298974,0.3950856291883842,0.4675950723085165,0.5058695737524702,0.9995545657015591,0.5,0.20947647990159513,0.3889576933797292,0.26847526433452956,0.29114761758885666,0.07286523281910354,0.0
2021-04-30 03:10:00,0.14714086471408647,-0.05919180421172465,0.39806403574087845,0.4558114622388858,0.5058695737524702,0.9995545657015591,0.5,0.20947647990159513,0.3889576933797292,0.26847526433452956,0.29114761758885666,0.07286523281910354,0.0
2021-04-30 03:20:00,0.11576011157601115,-0.05862265224815044,0.40282948622486936,0.4351008748437779,0.5058695737524702,0.9995545657015591,0.5,0.20947647990159513,0.3889576933797292,0.26847526433452956,0.29114761758885666,0.07286523281910354,0.0
2021-04-30 03:30:00,0.13807531380753138,-0.05805350028457601,0.40908413998510795,0.41439028744867,0.5058695737524702,0.9995545657015591,0.5,0.20947647990159513,0.3889576933797292,0.26847526433452956,0.29114761758885666,0.07286523281910354,0.0
2021-04-30 03:40:00,0.1492329149232915,-0.0574843483210018,0.41265822784810124,0.39760757007677205,0.5058695737524702,0.9995545657015591,0.5,0.20947647990159513,0.3889576933797292,0.26847526433452956,0.29114761758885666,0.07286523281910354,0.0
2021-04-30 03:50:00,0.14574616457461645,-0.05691519635742748,0.4117647058823528,0.3811819317978933,0.5058695737524702,0.9995545657015591,0.5,0.20947647990159513,0.3889576933797292,0.26847526433452956,0.29114761758885666,0.07286523281910354,0.0
2021-04-30 04:00:00,0.12552301255230125,-0.05634604439385327,0.4072970960536113,0.36761292626316733,0.5058695737524702,0.9995545657015591,0.5,0.10178735871214384,0.38158715198257503,0.347374319911707,0.32906930749145247,0.08561876893341115,0.0
2021-04-30 04:10:00,0.09065550906555091,-0.055776892430278946,0.4025316455696202,0.35725763256561316,0.5058695737524702,0.9995545657015591,0.5,0.10178735871214384,0.38158715198257503,0.347374319911707,0.32906930749145247,0.08561876893341115,0.0
2021-04-30 04:20:00,0.10529986052998605,-0.055207740466704625,0.39746835443037964,0.3472594179610784,0.5058695737524702,0.9995545657015591,0.5,0.10178735871214384,0.38158715198257503,0.347374319911707,0.32906930749145247,0.08561876893341115,0.0
2021-04-30 04:30:00,0.08716875871687588,-0.054638588503130414,0.395681310498883,0.33690412426352423,0.5058695737524702,0.9995545657015591,0.5,0.10178735871214384,0.38158715198257503,0.347374319911707,0.32906930749145247,0.08561876893341115,0.0
2021-04-30 04:40:00,0.07322175732217574,-0.05406943653955609,0.3930007446016379,0.3276200678450276,0.5058695737524702,0.9995545657015591,0.5,0.10178735871214384,0.38158715198257503,0.347374319911707,0.32906930749145247,0.08561876893341115,0.0
2021-04-30 04:50:00,0.06624825662482565,-0.05350028457598188,0.38674609084139977,0.3186930905195502,0.5058695737524702,0.9995545657015591,0.5,0.10178735871214384,0.38158715198257503,0.347374319911707,0.32906930749145247,0.08561876893341115,0.0
2021-04-30 05:00:00,0.06555090655509065,-0.05293113261240756,0.3801935964259122,0.3076236386359579,0.5058695737524702,0.9995545657015591,0.5,0.08919853526572208,0.38332849626587906,0.37746667736977874,0.3440878390913646,0.08709435900543303,0.0
2021-04-30 05:10:00,0.04672245467224547,-0.05236198064883335,0.3736411020104242,0.2994108194965186,0.5058695737524702,0.9995545657015591,0.5,0.08919853526572208,0.38332849626587906,0.37746667736977874,0.3440878390913646,0.08709435900543303,0.0
2021-04-30 05:20:00,0.03277545327754532,-0.05179282868525903,0.3605361131794489,0.2908409212640599,0.5058695737524702,0.9995545657015591,0.5,0.08919853526572208,0.38332849626587906,0.37746667736977874,0.3440878390913646,0.08709435900543303,0.0
2021-04-30 05:30:00,0.015341701534170154,-0.015936254980079778,0.3530900967982129,0.28227102303160145,0.5058695737524702,0.9995545657015591,0.5,0.08919853526572208,0.38332849626587906,0.37746667736977874,0.3440878390913646,0.08709435900543303,0.0
2021-04-30 05:40:00,0.011157601115760111,0.019920318725099362,0.3462397617274757,0.27298696661310484,0.5058695737524702,0.9995545657015591,0.5,0.08919853526572208,0.38332849626587906,0.37746667736977874,0.3440878390913646,0.08709435900543303,0.0
2021-04-30 05:50:00,0.027894002789400282,0.055776892430278835,0.341772151898734,0.26370291019460823,0.5058695737524702,0.9995545657015591,0.5,0.08919853526572208,0.38332849626587906,0.37746667736977874,0.3440878390913646,0.08709435900543303,0.0
2021-04-30 06:00:00,0.03486750348675035,0.09163346613545809,0.3384959046909901,0.25549009105516873,0.5058695737524702,0.9995545657015591,0.5,0.13908158265746073,0.4007246980664199,0.37638317749779754,0.35022496747639287,0.09726303377304671,0.0
2021-04-30 06:10:00,0.03207810320781032,0.12749003984063734,0.33581533879374503,0.24620603463667212,0.5058695737524702,0.9995545657015591,0.5,0.13908158265746073,0.4007246980664199,0.37638317749779754,0.35022496747639287,0.09726303377304671,0.0
2021-04-30 06:20:00,0.05299860529986053,0.1633466135458166,0.32717795979151143,0.23906445277629018,0.5058695737524702,0.9995545657015591,0.5,0.13908158265746073,0.4007246980664199,0.37638317749779754,0.35022496747639287,0.09726303377304671,0.0
2021-04-30 06:30:00,0.07043235704323571,0.4130146082337318,0.32092330603127306,0.23335118728798432,0.5058695737524702,0.9995545657015591,0.5,0.13908158265746073,0.4007246980664199,0.37638317749779754,0.35022496747639287,0.09726303377304671,0.0
2021-04-30 06:40:00,0.07391910739191074,0.6626826029216466,0.3152643335815337,0.2258525263345832,0.5058695737524702,0.9995545657015591,0.5,0.13908158265746073,0.4007246980664199,0.37638317749779754,0.35022496747639287,0.09726303377304671,0.0
2021-04-30 06:50:00,0.08507670850767085,0.9123505976095616,0.3149664929262843,0.22192465631137304,0.5058695737524702,0.9995545657015591,0.5,0.13908158265746073,0.4007246980664199,0.37638317749779754,0.35022496747639287,0.09726303377304671,0.0
2021-04-30 07:00:00,0.10739191073919108,0.298804780876494,0.31734921816827977,0.21549723263702902,0.5058695737524702,0.9995545657015591,0.5,0.1675896689472396,0.41324456117261965,0.369585560030826,0.3443048095095317,0.10214379053579056,0.0
2021-04-30 07:10:00,0.10251046025104603,0.10756972111553775,0.3268801191362618,0.21514015354401006,0.5058695737524702,0.9995545657015591,0.5,0.1675896689472396,0.41324456117261965,0.369585560030826,0.3443048095095317,0.10214379053579056,0.0
2021-04-30 07:20:00,0.09832635983263598,0.298804780876494,0.33283693224125077,0.2115693626138191,0.5058695737524702,0.9995545657015591,0.5,0.1675896689472396,0.41324456117261965,0.369585560030826,0.3443048095095317,0.10214379053579056,0.0
2021-04-30 07:30:00,0.09623430962343095,0.29083665338645415,0.3414743112434846,0.2115693626138191,0.5058695737524702,0.9995545657015591,0.5,0.1675896689472396,0.41324456117261965,0.369585560030826,0.3443048095095317,0.10214379053579056,0.0
2021-04-30 07:40:00,0.09693165969316596,0.298804780876494,0.35070737155621723,0.21406891626495272,0.5058695737524702,0.9995545657015591,0.5,0.1675896689472396,0.41324456117261965,0.369585560030826,0.3443048095095317,0.10214379053579056,0.0
2021-04-30 07:50:00,0.09623430962343095,0.8087649402390438,0.35845122859270284,0.21514015354401006,0.5058695737524702,0.9995545657015591,0.5,0.1675896689472396,0.41324456117261965,0.369585560030826,0.3443048095095317,0.10214379053579056,0.0
2021-04-30 08:00:00,0.0801952580195258,-0.2589641434262948,0.3688756515264331,0.21514015354401006,0.5058695737524702,0.9995545657015591,0.5,0.20490834070714548,0.4045004841856645,0.3406024457118248,0.2660960190914816,0.10160885240349149,0.0
2021-04-30 08:10:00,0.0801952580195258,-0.19920318725099595,0.38257632166790767,0.21763970719514392,0.5058695737524702,0.9995545657015591,0.5,0.20490834070714548,0.4045004841856645,0.3406024457118248,0.2660960190914816,0.10160885240349149,0.0
2021-04-30 08:20:00,0.0697350069735007,-0.1394422310756973,0.39419210722263576,0.222281735404392,0.5058695737524702,0.9995545657015591,0.5,0.20490834070714548,0.4045004841856645,0.3406024457118248,0.2660960190914816,0.10160885240349149,0.0
2021-04-30 08:30:00,0.08507670850767085,0.5378486055776892,0.39955323901712547,0.22478128905552563,0.5058695737524702,0.9995545657015591,0.5,0.20490834070714548,0.4045004841856645,0.3406024457118248,0.2660960190914816,0.10160885240349149,0.0
2021-04-30 08:40:00,0.0801952580195258,0.8247011952191232,0.4081906180193595,0.2290662381717552,0.5058695737524702,0.9995545657015591,0.5,0.20490834070714548,0.4045004841856645,0.3406024457118248,0.2660960190914816,0.10160885240349149,0.0
2021-04-30 08:50:00,0.07810320781032079,0.3306772908366533,0.41414743112434826,0.2340653454740227,0.5058695737524702,0.9995545657015591,0.5,0.20490834070714548,0.4045004841856645,0.3406024457118248,0.2660960190914816,0.10160885240349149,0.0
2021-04-30 09:00:00,0.06694560669456066,-0.6334661354581674,0.41861504095308977,0.23906445277629018,0.5058695737524702,0.9995545657015591,0.5,0.19448243176041258,0.41455487964322446,0.32564459301987164,0.15330147138126995,0.09691656308730111,0.0
2021-04-30 09:10:00,0.04114365411436541,-0.5130588756086765,0.4278481012658226,0.24549187645063397,0.5058695737524702,0.9995545657015591,0.5,0.19448243176041258,0.41455487964322446,0.32564459301987164,0.15330147138126995,0.09691656308730111,0.0
2021-04-30 09:20:00,0.04602510460251046,-0.3926516157591855,0.43767684288905406,0.2526334583110159,0.5058695737524702,0.9995545657015591,0.5,0.19448243176041258,0.41455487964322446,0.32564459301987164,0.15330147138126995,0.09691656308730111,0.0
2021-04-30 09:30:00,0.055090655509065556,-0.27224435590969465,0.44720774385703654,0.26191751472951275,0.5058695737524702,0.9995545657015591,0.5,0.19448243176041258,0.41455487964322446,0.32564459301987164,0.15330147138126995,0.09691656308730111,0.0
2021-04-30 09:40:00,0.059274755927475595,-0.15183709606020368,0.458525688756515,0.2690590965898947,0.5058695737524702,0.9995545657015591,0.5,0.19448243176041258,0.41455487964322446,0.32564459301987164,0.15330147138126995,0.09691656308730111,0.0
2021-04-30 09:50:00,0.07531380753138076,-0.031429836210712825,0.4746090841399848,0.27762899482235315,0.5058695737524702,0.9995545657015591,0.5,0.19448243176041258,0.41455487964322446,0.32564459301987164,0.15330147138126995,0.09691656308730111,0.0
2021-04-30 10:00:00,0.12412831241283125,0.08897742363877814,0.4897989575577064,0.2851276557757545,0.5058695737524702,0.9995545657015591,0.5,0.4743061806943645,0.4045263457344254,0.17038732964583225,0.02492076295748707,0.7674674904769572,0.0
2021-04-30 10:10:00,0.16875871687587168,0.2093846834882691,0.5020104244229335,0.2908409212640599,0.5058695737524702,0.9995545657015591,0.5,0.4743061806943645,0.4045263457344254,0.17038732964583225,0.02492076295748707,0.7674674904769572,0.0
2021-04-30 10:20:00,0.20781032078103207,0.3297919433377601,0.510349962769918,0.2961971076593466,0.44969965057387024,0.9867483296213809,0.5,0.4743061806943645,0.4045263457344254,0.17038732964583225,0.02492076295748707,0.7674674904769572,0.0
2021-04-30 10:30:00,0.17573221757322177,0.4501992031872508,0.5127326880119134,0.3294054633101231,0.340526887490021,0.022160356347438754,0.5,0.4743061806943645,0.4045263457344254,0.17038732964583225,0.02492076295748707,0.7674674904769572,0.051103701133123104
2021-04-30 10:40:00,0.19107391910739194,0.2749003984063745,0.5258376768428887,0.41867523656489913,0.340526887490021,0.00011135857461024499,0.5,0.4743061806943645,0.4045263457344254,0.17038732964583225,0.02492076295748707,0.7674674904769572,0.07118608265310741
2021-04-30 10:50:00,0.20571827057182707,0.1394422310756971,0.5383469843633655,0.48044991965720407,0.337896376176205,0.00011135857461024499,0.5,0.4743061806943645,0.4045263457344254,0.17038732964583225,0.02492076295748707,0.7674674904769572,0.0778776951280233
2021-04-30 11:00:00,0.24895397489539747,0.003984063745019917,0.5472822040208485,0.5268702017496876,0.3431050503199801,0.00011135857461024499,0.5,0.4876685956981852,0.4061843583606094,0.13781309297491603,0.24451263834803097,0.6775501786479956,0.12654465349970578
2021-04-30 11:10:00,0.25732217573221755,0.019920318725099362,0.5478778853313475,0.5390108909123372,0.35670256900184527,0.00011135857461024499,0.5,0.4876685956981852,0.4061843583606094,0.13781309297491603,0.24451263834803097,0.6775501786479956,0.13823045702128944
2021-04-30 11:20:00,0.23082287308228733,-0.2270916334661356,0.5177959791511539,0.4990180324941975,0.35678109172763084,0.00011135857461024499,0.5,0.4876685956981852,0.4061843583606094,0.13781309297491603,0.24451263834803097,0.6775501786479956,0.1072166815033873
2021-04-30 11:30:00,0.2670850767085077,0.31474103585657365,0.5136262099776618,0.4783074450990894,0.35589116750206123,0.007461024498886415,0.5,0.4876685956981852,0.4061843583606094,0.13781309297491603,0.24451263834803097,0.6775501786479956,0.16595500701600857
2021-04-30 11:40:00,0.3054393305439331,0.12350597609561742,0.5154132539091583,0.4683092304945544,0.3652877203543992,0.025278396436525612,0.5,0.4876685956981852,0.4061843583606094,0.13781309297491603,0.24451263834803097,0.6775501786479956,0.1491543069239706
2021-04-30 11:50:00,0.33472803347280333,-0.3227091633466136,0.5177959791511539,0.4672379932154971,0.35841698184816323,0.04075723830734967,0.5,0.4876685956981852,0.4061843583606094,0.13781309297491603,0.24451263834803097,0.6775501786479956,0.16778067806327987
2021-04-30 12:00:00,0.36750348675034866,-0.08366533864541836,0.5231571109456439,0.45831101589001966,0.35781497428380726,0.030400890868596882,0.5,0.5199386770096821,0.3932679515067209,0.10653603797423568,0.43938752288121397,0.6890020485997105,0.25554868204656217
2021-04-30 12:10:00,0.3354253835425383,-0.043824701195219196,0.5291139240506326,0.47473665416889843,0.3763594246901625,0.020601336302895325,0.5,0.5199386770096821,0.3932679515067209,0.10653603797423568,0.43938752288121397,0.6890020485997105,0.19048840472562126
2021-04-30 12:20:00,0.36959553695955366,0.17131474103585642,0.5356664184661204,0.4868773433315481,0.3763986860530552,0.05812917594654788,0.5,0.5199386770096821,0.3932679515067209,0.10653603797423568,0.43938752288121397,0.6890020485997105,0.19229898758241926
2021-04-30 12:30:00,0.4679218967921897,-0.10756972111553798,0.5401340282948621,0.4879485806106054,0.3733886482312756,0.05868596881959911,0.5,0.5199386770096821,0.3932679515067209,0.10653603797423568,0.43938752288121397,0.6890020485997105,0.3146793005114897
2021-04-30 12:40:00,0.46443514644351463,0.06772908366533859,0.542814594192107,0.4861631851455097,0.37307455732813344,0.03596881959910913,0.5,0.5199386770096821,0.3932679515067209,0.10653603797423568,0.43938752288121397,0.6890020485997105,0.39021832611614893
2021-04-30 12:50:00,0.37517433751743373,-0.07569721115537853,0.5443037974683544,0.49223352972683454,0.3701430422321394,0.00033407572383073496,0.5,0.5199386770096821,0.3932679515067209,0.10653603797423568,0.43938752288121397,0.6890020485997105,0.33680613184060837
2021-04-30 13:00:00,0.40027894002789405,0.12350597609561742,0.5484735666418465,0.5036600607034458,0.38061273900354664,0.0044543429844098,0.5,0.6458514927008432,0.3764550713060368,0.05874917903706739,0.569413331591562,0.712879163192989,0.33802073117371034
2021-04-30 13:10:00,0.44142259414225943,-0.10756972111553798,0.5550260610573343,0.511158721656847,0.4044182120375338,0.0020044543429844097,0.5,0.6458514927008432,0.3764550713060368,0.05874917903706739,0.569413331591562,0.712879163192989,0.44016778067806334
2021-04-30 13:20:00,0.4337517433751743,0.027888446215139417,0.5600893521965746,0.5147295125870381,0.37638559893209095,0.0016703786191536749,0.5,0.6458514927008432,0.3764550713060368,0.05874917903706739,0.569413331591562,0.712879163192989,0.42535872172850314
2021-04-30 13:30:00,0.39051603905160387,0.1872509960159361,0.5642591213700667,0.5257989644706302,0.37744565573019584,0.00044543429844097997,0.5,0.6458514927008432,0.3764550713060368,0.05874917903706739,0.569413331591562,0.712879163192989,0.3472094391719601
2021-04-30 13:40:00,0.45397489539748953,0.09163346613545809,0.5678332092330602,0.5304409926798785,0.4034759393281072,0.00011135857461024499,0.5,0.6458514927008432,0.3764550713060368,0.05874917903706739,0.569413331591562,0.712879163192989,0.4537848725802315
2021-04-30 13:50:00,0.39400278940027894,-0.1633466135458168,0.5723008190618017,0.5390108909123372,0.39100391304916826,0.0033407572383073497,0.5,0.6458514927008432,0.3764550713060368,0.05874917903706739,0.569413331591562,0.712879163192989,0.3507702521236628
2021-04-30 14:00:00,0.4546722454672245,0.05179282868525892,0.5776619508562917,0.5468666309587575,0.3794087238748347,0.04810690423162584,0.5,0.6519505053493351,0.3535158775541864,0.055887871966431794,0.609063949986537,0.7361428783562726,0.2934502165155333
2021-04-30 14:10:00,0.43584379358437936,-0.1394422310756973,0.5800446760982871,0.5457953936797,0.36222533404876256,0.07249443207126949,0.5,0.6519505053493351,0.3535158775541864,0.055887871966431794,0.609063949986537,0.7361428783562726,0.2216606062434932
2021-04-30 14:20:00,0.4246861924686192,0.11553784860557759,0.5830230826507816,0.5432958400285663,0.3858999358731073,0.07951002227171491,0.5,0.6519505053493351,0.3535158775541864,0.055887871966431794,0.609063949986537,0.7361428783562726,0.19325708767747485
2021-04-30 14:30:00,0.43584379358437936,0.22709163346613526,0.5868950111690245,0.5404392072844135,0.4008323408933268,0.08608017817371938,0.5,0.6519505053493351,0.3535158775541864,0.055887871966431794,0.609063949986537,0.7361428783562726,0.20495797938953184
2021-04-30 14:40:00,0.40376569037656906,-0.003984063745020028,0.5937453462397615,0.5479378682378149,0.38647576919553467,0.7276169265033409,0.5,0.6519505053493351,0.3535158775541864,0.055887871966431794,0.609063949986537,0.7361428783562726,0.03354859151741932
2021-04-30 14:50:00,0.3110181311018131,0.09960159362549792,0.6184661206254651,0.5775754329584004,0.3819083639790083,0.9993318485523385,0.5,0.6519505053493351,0.3535158775541864,0.055887871966431794,0.609063949986537,0.7361428783562726,0.0
2021-04-30 15:00:00,0.25871687587168757,0.6095617529880477,0.635145197319434,0.5911444384931261,0.3819083639790083,0.9993318485523385,0.5,0.6561440559958349,0.333363984057794,0.053223253601489405,0.6006866442997236,0.7477671464228399,0.0
2021-04-30 15:10:00,0.42329149232914925,-0.17928286852589637,0.645271779597915,0.5954293876093555,0.3819083639790083,0.9993318485523385,0.5,0.6561440559958349,0.333363984057794,0.053223253601489405,0.6006866442997236,0.7477671464228399,0.0
2021-04-30 15:20:00,0.32147838214783825,-0.14741035856573714,0.6568875651526431,0.5911444384931261,0.3819083639790083,0.9972160356347439,0.5,0.6561440559958349,0.333363984057794,0.053223253601489405,0.6006866442997236,0.7477671464228399,0.0
2021-04-30 15:30:00,0.3933054393305439,0.14741035856573692,0.6536113179448992,0.5854311730048205,0.37003834526442525,0.05968819599109132,0.5,0.6561440559958349,0.333363984057794,0.053223253601489405,0.6006866442997236,0.7477671464228399,0.24009837500188602
2021-04-30 15:40:00,0.3772663877266388,0.05976095617529875,0.6306775874906922,0.5636493483306553,0.39283610998416457,0.003006681514476615,0.5,0.6561440559958349,0.333363984057794,0.053223253601489405,0.6006866442997236,0.7477671464228399,0.30330280489460903
2021-04-30 15:50:00,0.2691771269177127,-0.1394422310756973,0.6232315711094563,0.5568648455632923,0.38559893209092927,0.00022271714922048998,0.5,0.6561440559958349,0.333363984057794,0.053223253601489405,0.6006866442997236,0.7477671464228399,0.16883685139641205
2021-04-30 16:00:00,0.29009762900976294,-0.19521912350597614,0.6235294117647057,0.5647205856097126,0.3929277198309144,0.00011135857461024499,0.5,0.6897006993809331,0.30932136422543055,0.045211517715235586,0.5668776282666491,0.7597887863046645,0.18667863663110884
2021-04-30 16:10:00,0.34309623430962344,0.17131474103585642,0.627103499627699,0.5690055347259417,0.40871078771381086,0.00022271714922048998,0.5,0.6897006993809331,0.30932136422543055,0.045211517715235586,0.5668776282666491,0.7597887863046645,0.2869622946120072
2021-04-30 16:20:00,0.14295676429567641,-0.3227091633466136,0.6303797468354431,0.5907873594001072,0.4179372079936135,0.014810690423162584,0.5,0.6897006993809331,0.30932136422543055,0.045211517715235586,0.5668776282666491,0.7597887863046645,0.020052205139037674
2021-04-30 16:30:00,0.2684797768479777,-0.3705179282868527,0.6333581533879371,0.6082842349580433,0.3705094816191386,0.00011135857461024499,0.5,0.6897006993809331,0.30932136422543055,0.045211517715235586,0.5668776282666491,0.7597887863046645,0.14293042835372755
2021-04-30 16:40:00,0.3647140864714087,0.6414342629482073,0.6348473566641846,0.5990001785395467,0.4055044430775674,0.00044543429844097997,0.5,0.6897006993809331,0.30932136422543055,0.045211517715235586,0.5668776282666491,0.7597887863046645,0.32166513270063524
2021-04-30 16:50:00,0.296373779637378,-0.29083665338645437,0.6360387192851822,0.6036422067487948,0.40563531428721,0.00044543429844097997,0.5,0.6897006993809331,0.30932136422543055,0.045211517715235586,0.5668776282666491,0.7597887863046645,0.2324939270033345
2021-04-30 17:00:00,0.301255230125523,0.7211155378486056,0.6369322412509306,0.6022138903767185,0.3980840454908325,0.24888641425389757,0.5,0.6950016726574373,0.2914941366121947,0.04380261280211404,0.5233834628577718,0.7669765844809195,0.1644688202543869
2021-04-30 17:10:00,0.35495118549511856,-0.3705179282868527,0.6512285927029038,0.6307802178182469,0.4156862231877609,0.25623608017817373,0.5,0.6950016726574373,0.2914941366121947,0.04380261280211404,0.5233834628577718,0.7669765844809195,0.1363595214025982
2021-04-30 17:20:00,0.3849372384937238,-0.17131474103585675,0.6482501861504093,0.6222103195857882,0.41618353378440276,0.00011135857461024499,0.5,0.6950016726574373,0.2914941366121947,0.04380261280211404,0.5233834628577718,0.7669765844809195,0.3358480317455528
2021-04-30 17:30:00,0.31729428172942814,-0.1872509960159363,0.6411020104244229,0.6014997321906803,0.43230686681237,0.00011135857461024499,0.5,0.6950016726574373,0.2914941366121947,0.04380261280211404,0.5233834628577718,0.7669765844809195,0.18696531225010185
2021-04-30 17:40:00,0.34449093444909346,-0.29083665338645437,0.644080416976917,0.6022138903767185,0.3973773409587625,0.00011135857461024499,0.5,0.6950016726574373,0.2914941366121947,0.04380261280211404,0.5233834628577718,0.7669765844809195,0.26221766223576803
2021-04-30 17:50:00,0.28033472803347276,-0.2270916334661356,0.6443782576321666,0.6129262631672916,0.3789114132781929,0.00011135857461024499,0.5,0.6950016726574373,0.2914941366121947,0.04380261280211404,0.5233834628577718,0.7669765844809195,0.13602758121218522
2021-04-30 18:00:00,0.22663877266387727,-0.059760956175298974,0.6434847356664184,0.6107837886091769,0.388661318396566,0.00011135857461024499,0.5,0.6187683838060074,0.27360081837434197,0.07100715903771922,0.429846086233741,0.7582043871559095,0.11144891893115258
2021-04-30 18:10:00,0.2629009762900976,-0.2270916334661356,0.6437825763216678,0.610426709516158,0.40492860975513995,0.00011135857461024499,0.5,0.6187683838060074,0.27360081837434197,0.07100715903771922,0.429846086233741,0.7582043871559095,0.14870166120977113
2021-04-30 18:20:00,0.40585774058577406,0.20318725099601576,0.644676098287416,0.6089983931440812,0.40057059847404175,0.00011135857461024499,0.5,0.6187683838060074,0.27360081837434197,0.07100715903771922,0.429846086233741,0.7582043871559095,0.37503960649999246
2021-04-30 18:30:00,0.401673640167364,0.019920318725099362,0.6393149664929261,0.6000714158186038,0.39937967046629413,0.00011135857461024499,0.5,0.6187683838060074,0.27360081837434197,0.07100715903771922,0.429846086233741,0.7582043871559095,0.3461834422197746
2021-04-30 18:40:00,0.29707112970711297,0.25099601593625476,0.6363365599404316,0.5982860203535083,0.37930402690712073,0.00011135857461024499,0.5,0.6187683838060074,0.27360081837434197,0.07100715903771922,0.429846086233741,0.7582043871559095,0.19021681729710155
2021-04-30 18:50:00,0.11506276150627615,0.19521912350597592,0.6363365599404316,0.6007855740046419,0.3766473413513761,0.00011135857461024499,0.5,0.6187683838060074,0.27360081837434197,0.07100715903771922,0.429846086233741,0.7582043871559095,0.018166181329873108
2021-04-30 19:00:00,0.20502092050209206,0.05976095617529875,0.6363365599404316,0.6111408677021961,0.40244205677193073,0.00011135857461024499,0.5,0.6213660224739785,0.278244403129822,0.06143535580302064,0.4309323125278168,0.7501105034700821,0.09254341626808697
2021-04-30 19:10:00,0.4191073919107392,-0.1633466135458168,0.6360387192851822,0.6086413140510623,0.402049443143003,0.00011135857461024499,0.5,0.6213660224739785,0.278244403129822,0.06143535580302064,0.4309323125278168,0.7501105034700821,0.3555758407894141
2021-04-30 19:20:00,0.3284518828451883,0.09163346613545809,0.6300819061801934,0.5982860203535083,0.4061326248838518,0.00011135857461024499,0.5,0.6213660224739785,0.278244403129822,0.06143535580302064,0.4309323125278168,0.7501105034700821,0.22313170481464156
2021-04-30 19:30:00,0.22036262203626222,-0.3784860557768924,0.6268056589724496,0.5950723085163365,0.3990917538050805,0.00011135857461024499,0.5,0.6213660224739785,0.278244403129822,0.06143535580302064,0.4309323125278168,0.7501105034700821,0.09138162560164159
2021-04-30 19:40:00,0.2914923291492329,0.12350597609561742,0.6220402084884586,0.5879307266559544,0.41586944288126054,0.00011135857461024499,0.5,0.6213660224739785,0.278244403129822,0.06143535580302064,0.4309323125278168,0.7501105034700821,0.16247717911190912
2021-04-30 19:50:00,0.197350069735007,-0.1633466135458168,0.6163812360387191,0.5811462238885914,0.4030964128201437,0.00011135857461024499,0.5,0.6213660224739785,0.278244403129822,0.06143535580302064,0.4309323125278168,0.7501105034700821,0.07145012598639044
2021-04-30 20:00:00,0.1311018131101813,0.2350597609561753,0.6134028294862248,0.5882878057489733,0.3856643676957506,0.00011135857461024499,0.5,0.6297530904138884,0.27775016019792664,0.05798829429550759,0.3904891495364926,0.7264986000948687,0.024895514280972284
2021-04-30 20:10:00,0.1603905160390516,0.12350597609561742,0.6089352196574831,0.5947152294233171,0.41956001099318163,0.00011135857461024499,0.5,0.6297530904138884,0.27775016019792664,0.05798829429550759,0.3904891495364926,0.7264986000948687,0.05382711951355674
2021-04-30 20:20:00,0.10390516039051603,-0.5776892430278885,0.6056589724497392,0.587216568469916,0.3998246325790789,0.005902004454342985,0.5,0.6297530904138884,0.27775016019792664,0.05798829429550759,0.3904891495364926,0.7264986000948687,0.00887940009354678
2021-04-30 20:30:00,0.1324965132496513,-0.1872509960159363,0.6017870439314965,0.5797179075165149,0.37587520121448487,0.37917594654788417,0.5,0.6297530904138884,0.27775016019792664,0.05798829429550759,0.3904891495364926,0.7264986000948687,0.0
2021-04-30 20:40:00,0.18270571827057183,-0.043824701195219196,0.6083395383469843,0.5740046420282092,0.3704702202562459,0.7953229398663697,0.5,0.6297530904138884,0.27775016019792664,0.05798829429550759,0.3904891495364926,0.7264986000948687,0.0
2021-04-30 20:50:00,0.1317991631799163,-0.12350597609561753,0.6172747580044673,0.576861274772362,0.3704702202562459,0.2675946547884187,0.5,0.6297530904138884,0.27775016019792664,0.05798829429550759,0.3904891495364926,0.7264986000948687,0.0
2021-04-30 21:00:00,0.2377963737796374,-0.33067729083665354,0.6256142963514517,0.5790037493304767,0.3623562052584052,0.42249443207126947,0.5,0.6075963996006968,0.2908734594419069,0.05565719707561558,0.35238262025727995,0.7008568025114682,0.051073524752176476
2021-04-30 21:10:00,0.22315202231520226,0.019920318725099362,0.6071481757259864,0.5693626138189607,0.3627095575244402,0.00011135857461024499,0.5,0.6075963996006968,0.2908734594419069,0.05565719707561558,0.35238262025727995,0.7008568025114682,0.10379166226594445
2021-04-30 21:20:00,0.32984658298465835,-0.4183266932270917,0.5785554728220401,0.5207998571683627,0.36781353470050127,0.00011135857461024499,0.5,0.6075963996006968,0.2908734594419069,0.05565719707561558,0.35238262025727995,0.7008568025114682,0.21985756748193191
2021-04-30 21:30:00,0.26778242677824265,-0.11553784860557781,0.5660461653015634,0.49401892519193,0.36781353470050127,0.00011135857461024499,0.5,0.6075963996006968,0.2908734594419069,0.05565719707561558,0.35238262025727995,0.7008568025114682,0.15482746654193763
2021-04-30 21:40:00,0.2635983263598326,-0.33864541832669326,0.5565152643335813,0.47937868237814674,0.36781353470050127,0.00011135857461024499,0.5,0.6075963996006968,0.2908734594419069,0.05565719707561558,0.35238262025727995,0.7008568025114682,0.1395733059734146
2021-04-30 21:50:00,0.29009762900976294,-0.23505976095617542,0.5520476545048398,0.4722371005177646,0.36781353470050127,0.00011135857461024499,0.5,0.6075963996006968,0.2908734594419069,0.05565719707561558,0.35238262025727995,0.7008568025114682,0.1732199707289105
2021-04-30 22:00:00,0.2635983263598326,0.33864541832669315,0.5481757259865969,0.4700946259596501,0.37519467092434333,0.00011135857461024499,0.5,0.4898508883428616,0.2992152456703445,0.12411095373478373,0.34765436662182764,0.7077072250269804,0.13451876216485356
2021-04-30 22:10:00,0.23291492329149233,0.3705179282868525,0.5451973194341024,0.4668809141224781,0.38504927301043046,0.00011135857461024499,0.5,0.4898508883428616,0.2992152456703445,0.12411095373478373,0.34765436662182764,0.7077072250269804,0.0966247717911191
2021-04-30 22:20:00,0.21617852161785217,-0.01195219123505975,0.5425167535368576,0.46652383502945916,0.3953880985721951,0.00011135857461024499,0.5,0.4898508883428616,0.2992152456703445,0.12411095373478373,0.34765436662182764,0.7077072250269804,0.08966911598292017
2021-04-30 22:30:00,0.2189679218967922,0.24302788844621515,0.5380491437081161,0.4575968577039815,0.3953880985721951,0.00011135857461024499,0.5,0.4898508883428616,0.2992152456703445,0.12411095373478373,0.34765436662182764,0.7077072250269804,0.09817885540987069
2021-04-30 22:40:00,0.24476987447698745,-0.03585657370517936,0.5371556217423676,0.45474022495982847,0.3953880985721951,0.00011135857461024499,0.5,0.4898508883428616,0.2992152456703445,0.12411095373478373,0.34765436662182764,0.7077072250269804,0.11328967816889719
2021-04-30 22:50:00,0.18200836820083682,0.13147410358565725,0.535368577810871,0.4540260667737903,0.4004135530224706,0.00011135857461024499,0.5,0.4898508883428616,0.2992152456703445,0.12411095373478373,0.34765436662182764,0.7077072250269804,0.06244247627382048
2021-04-30 23:00:00,0.21199442119944212,0.3784860557768923,0.5311988086373787,0.46795215140153545,0.4051903521744252,0.00011135857461024499,0.5,0.3633273775833219,0.315008031447644,0.1425922100366531,0.31034652064949114,0.7481975052443951,0.08921647026872068
2021-04-30 23:10:00,0.18898186889818688,-0.17928286852589637,0.5294117647058822,0.45795393679700047,0.40288701888471556,0.00011135857461024499,0.5,0.3633273775833219,0.315008031447644,0.1425922100366531,0.31034652064949114,0.7481975052443951,0.0682966941774673
2021-04-30 23:20:00,0.13807531380753138,-0.0916334661354582,0.5282204020848844,0.4590251740760578,0.40974467026998734,0.00011135857461024499,0.5,0.3633273775833219,0.315008031447644,0.1425922100366531,0.31034652064949114,0.7481975052443951,0.03873138494500355
2021-04-30 23:30:00,0.14086471408647142,0.49800796812749004,0.5222635889798957,0.45795393679700047,0.4156731360667967,0.00011135857461024499,0.5,0.3633273775833219,0.315008031447644,0.1425922100366531,0.31034652064949114,0.7481975052443951,0.04296362237276884
2021-04-30 23:40:00,0.15341701534170155,0.01195219123505975,0.5204765450483988,0.45973933226209596,0.4307364122966588,0.00011135857461024499,0.5,0.3633273775833219,0.315008031447644,0.1425922100366531,0.31034652064949114,0.7481975052443951,0.049858925419074496
2021-04-30 23:50:00,0.15411436541143653,0.49800796812749004,0.5204765450483988,0.45045527584359935,0.4346756357069008,0.00011135857461024499,0.5,0.3633273775833219,0.315008031447644,0.1425922100366531,0.31034652064949114,0.7481975052443951,0.05589420160840111
2021-05-01 00:00:00,0.1600418410041841,0.20717131474103567,0.5176470588235291,0.4474201035529368,0.4409639842431064,0.00011135857461024499,0.5,0.32265385196498064,0.3064995819049622,0.13281813827482322,0.24257470439179135,0.8430265471047738,0.05616201698930247
2021-05-01 00:10:00,0.16596931659693165,-0.08366533864541836,0.5148175725986597,0.4443849312622745,0.4472523589535538,0.00011135857461024499,0.5,0.32265385196498064,0.3064995819049622,0.13281813827482322,0.24257470439179135,0.8430265471047738,0.05642983237020384
2021-05-01 00:20:00,0.2196652719665272,-0.33067729083665354,0.5097542814594189,0.4450990894483129,0.43720145005300287,0.00011135857461024499,0.5,0.32265385196498064,0.3064995819049622,0.13281813827482322,0.24257470439179135,0.8430265471047738,0.09181918312536777
2021-05-01 00:30:00,0.22873082287308227,0.1394422310756971,0.5037974683544302,0.4315300839135867,0.43080184790148013,0.00011135857461024499,0.5,0.32265385196498064,0.3064995819049622,0.13281813827482322,0.24257470439179135,0.8430265471047738,0.11075486216938003
2021-05-01 00:40:00,0.2189679218967922,0.13147410358565725,0.4993298585256887,0.41831815747187995,0.43080184790148013,0.00011135857461024499,0.5,0.32265385196498064,0.3064995819049622,0.13281813827482322,0.24257470439179135,0.8430265471047738,0.09823166407652731
2021-05-01 00:50:00,0.100418410041841,0.8087649402390438,0.49635145197319397,0.417961078378861,0.43089345774822996,0.00022271714922048998,0.5,0.32265385196498064,0.3064995819049622,0.13281813827482322,0.24257470439179135,0.8430265471047738,0.0270983900900765
2021-05-01 01:00:00,0.08437935843793584,0.5776892430278884,0.4951600893521966,0.43438671665773976,0.44709531350198267,0.000556792873051225,0.5,0.2333920125354252,0.31928093400420043,0.15587104373223096,0.25800359839349546,0.9596184329935146,0.0017577741901413765
2021-05-01 01:10:00,0.05369595536959554,0.2828685258964143,0.4930752047654503,0.4465274058203892,0.46185758594966686,0.01915367483296214,0.5,0.2333920125354252,0.31928093400420043,0.15587104373223096,0.25800359839349546,0.9596184329935146,0.0
2021-05-01 01:20:00,0.0697350069735007,0.27141434262948216,0.49158600148920306,0.4322442420996251,0.46368978288466317,0.9935412026726058,0.5,0.2333920125354252,0.31928093400420043,0.15587104373223096,0.25800359839349546,0.9596184329935146,0.0
2021-05-01 01:30:00,0.06485355648535565,0.2599601593625498,0.49784065524944143,0.4429566148901982,0.46368978288466317,0.9995545657015591,0.5,0.2333920125354252,0.31928093400420043,0.15587104373223096,0.25800359839349546,0.9596184329935146,0.0
2021-05-01 01:40:00,0.06485355648535565,0.24850597609561742,0.5005212211466863,0.44045706123906436,0.46368978288466317,0.9995545657015591,0.5,0.2333920125354252,0.31928093400420043,0.15587104373223096,0.25800359839349546,0.9596184329935146,0.0
2021-05-01 01:50:00,0.07531380753138076,0.23705179282868505,0.5020104244229335,0.42795929298339574,0.46368978288466317,0.9995545657015591,0.5,0.2333920125354252,0.31928093400420043,0.15587104373223096,0.25800359839349546,0.9596184329935146,0.0
2021-05-01 02:00:00,0.07670850767085077,0.2255976095617529,0.5034996276991808,0.41688984109980365,0.46368978288466317,0.9995545657015591,0.5,0.22516774102526727,0.3110598350033181,0.16162637591738926,0.320233903921872,0.03480009623959712,0.0
2021-05-01 02:10:00,0.07670850767085077,0.21414342629482075,0.5040953090096798,0.4065345474022497,0.46368978288466317,0.9995545657015591,0.5,0.22516774102526727,0.3110598350033181,0.16162637591738926,0.320233903921872,0.03480009623959712,0.0
2021-05-01 02:20:00,0.07182705718270573,0.20268924302788838,0.5040953090096798,0.3972504909837531,0.46368978288466317,0.9995545657015591,0.5,0.22516774102526727,0.3110598350033181,0.16162637591738926,0.320233903921872,0.03480009623959712,0.0
2021-05-01 02:30:00,0.09623430962343095,0.191235059760956,0.5002233804914369,0.3890376718443136,0.46368978288466317,0.9995545657015591,0.5,0.22516774102526727,0.3110598350033181,0.16162637591738926,0.320233903921872,0.03480009623959712,0.0
2021-05-01 02:40:00,0.13737796373779637,0.17978087649402363,0.48354430379746827,0.37868237814675965,0.46368978288466317,0.9995545657015591,0.5,0.22516774102526727,0.3110598350033181,0.16162637591738926,0.320233903921872,0.03480009623959712,0.0
2021-05-01 02:50:00,0.14435146443514643,0.16832669322709148,0.458525688756515,0.3618996607748617,0.46368978288466317,0.9995545657015591,0.5,0.22516774102526727,0.3110598350033181,0.16162637591738926,0.320233903921872,0.03480009623959712,0.0
2021-05-01 03:00:00,0.07740585774058578,0.15687250996015933,0.45316455696202507,0.34833065524013573,0.46368978288466317,0.9995545657015591,0.5,0.22822131642642995,0.3060541885651722,0.16144782163136986,0.3359642908818259,0.07016773082011327,0.0
2021-05-01 03:10:00,0.11157601115760113,0.14541832669322696,0.4457185405807891,0.3390465988216391,0.46368978288466317,0.9995545657015591,0.5,0.22822131642642995,0.3060541885651722,0.16144782163136986,0.3359642908818259,0.07016773082011327,0.0
2021-05-01 03:20:00,0.11645746164574616,0.1339641434262946,0.43767684288905406,0.3279771469380468,0.46368978288466317,0.9995545657015591,0.5,0.22822131642642995,0.3060541885651722,0.16144782163136986,0.3359642908818259,0.07016773082011327,0.0
2021-05-01 03:30:00,0.09832635983263598,0.12250996015936244,0.4349962769918092,0.31762185324049286,0.46368978288466317,0.9995545657015591,0.5,0.22822131642642995,0.3060541885651722,0.16144782163136986,0.3359642908818259,0.07016773082011327,0.0
2021-05-01 03:40:00,0.07112970711297072,0.11105577689243029,0.43350707371556196,0.3072665595429387,0.46368978288466317,0.9995545657015591,0.5,0.22822131642642995,0.3060541885651722,0.16144782163136986,0.3359642908818259,0.07016773082011327,0.0
2021-05-01 03:50:00,0.10808926080892609,0.09960159362549792,0.4230826507818317,0.3001249776825565,0.46368978288466317,0.9995545657015591,0.5,0.22822131642642995,0.3060541885651722,0.16144782163136986,0.3359642908818259,0.07016773082011327,0.0
2021-05-01 04:00:00,0.12203626220362622,0.08814741035856577,0.4162323157110943,0.2908409212640599,0.46368978288466317,0.9995545657015591,0.5,0.17747509107894888,0.29301709448373264,0.18072191983394453,0.3292569404786036,0.09816734923864634,0.0
2021-05-01 04:10:00,0.09344490934449094,0.0766932270916334,0.4189128816083394,0.2847705766827351,0.46368978288466317,0.9995545657015591,0.5,0.17747509107894888,0.29301709448373264,0.18072191983394453,0.3292569404786036,0.09816734923864634,0.0
2021-05-01 04:20:00,0.10739191073919108,0.06523904382470125,0.42189128816083366,0.280128548473487,0.46368978288466317,0.9995545657015591,0.5,0.17747509107894888,0.29301709448373264,0.18072191983394453,0.3292569404786036,0.09816734923864634,0.0
2021-05-01 04:30:00,0.10320781032078104,0.05378486055776888,0.4230826507818317,0.2751294411712195,0.46368978288466317,0.9995545657015591,0.5,0.17747509107894888,0.29301709448373264,0.18072191983394453,0.3292569404786036,0.09816734923864634,0.0
2021-05-01 04:40:00,0.09902370990237098,0.04233067729083673,0.4192107222635888,0.2715586502410283,0.46368978288466317,0.9995545657015591,0.5,0.17747509107894888,0.29301709448373264,0.18072191983394453,0.3292569404786036,0.09816734923864634,0.0
2021-05-01 04:50:00,0.06555090655509065,0.030876494023904355,0.4162323157110943,0.26513122656668453,0.46368978288466317,0.9995545657015591,0.5,0.17747509107894888,0.29301709448373264,0.18072191983394453,0.3292569404786036,0.09816734923864634,0.0
2021-05-01 05:00:00,0.07740585774058578,0.019422310756971983,0.41027550260610535,0.2622745938225317,0.46368978288466317,0.9995545657015591,0.5,0.1688355402516757,0.2862327481918475,0.18950772913061184,0.3232373064706119,0.10984096012913681,0.0
2021-05-01 05:10:00,0.08926080892608089,0.007968127490039834,0.4046165301563662,0.2558471701481879,0.46368978288466317,0.9995545657015591,0.5,0.1688355402516757,0.2862327481918475,0.18950772913061184,0.3232373064706119,0.10984096012913681,0.0
2021-05-01 05:20:00,0.08228730822873082,-0.003486055776892538,0.40223380491437055,0.25049098375290146,0.46368978288466317,0.9995545657015591,0.5,0.1688355402516757,0.2862327481918475,0.18950772913061184,0.3232373064706119,0.10984096012913681,0.0
2021-05-01 05:30:00,0.10251046025104603,-0.014940239043824688,0.39806403574087845,0.24656311372969109,0.46368978288466317,0.9995545657015591,0.5,0.1688355402516757,0.2862327481918475,0.18950772913061184,0.3232373064706119,0.10984096012913681,0.0
2021-05-01 05:40:00,0.11924686192468618,-0.02639442231075706,0.39746835443037964,0.24192108552044278,0.46368978288466317,0.9995545657015591,0.5,0.1688355402516757,0.2862327481918475,0.18950772913061184,0.3232373064706119,0.10984096012913681,0.0
2021-05-01 05:50:00,0.12761506276150628,-0.03784860557768932,0.39776619508562905,0.23477950366006062,0.46368978288466317,0.9995545657015591,0.5,0.1688355402516757,0.2862327481918475,0.18950772913061184,0.3232373064706119,0.10984096012913681,0.0
2021-05-01 06:00:00,0.1506276150627615,-0.04930278884462158,0.3959791511541324,0.22942331726477416,0.46368978288466317,0.9995545657015591,0.5,0.20137434740511284,0.2992870833057944,0.1630463136592634,0.3344727288767578,0.13090353808284938,0.0
2021-05-01 06:10:00,0.16945606694560672,-0.06075697211155384,0.39002233804914366,0.22299589359043037,0.46368978288466317,0.9995545657015591,0.5,0.20137434740511284,0.2992870833057944,0.1630463136592634,0.3344727288767578,0.13090353808284938,0.0
2021-05-01 06:20:00,0.19316596931659694,-0.0722111553784861,0.38644825018615014,0.21656846991608636,0.4936985512557093,0.9995545657015591,0.5,0.20137434740511284,0.2992870833057944,0.1630463136592634,0.3344727288767578,0.13090353808284938,0.0
2021-05-01 06:30:00,0.16945606694560672,-0.08366533864541836,0.38198064035740864,0.22620960542760238,0.6262187381397966,0.8304008908685968,0.5,0.20137434740511284,0.2992870833057944,0.1630463136592634,0.3344727288767578,0.13090353808284938,0.0
2021-05-01 06:40:00,0.13389121338912133,0.12350597609561742,0.3834698436336559,0.23442242456704165,0.6088652157411891,0.16792873051224944,0.5,0.20137434740511284,0.2992870833057944,0.1630463136592634,0.3344727288767578,0.13090353808284938,0.0
2021-05-01 06:50:00,0.1617852161785216,0.2350597609561753,0.38168279970215924,0.25049098375290146,0.6079491172736909,0.9996659242761693,0.5,0.20137434740511284,0.2992870833057944,0.1630463136592634,0.3344727288767578,0.13090353808284938,0.0
2021-05-01 07:00:00,0.1701534170153417,0.346613545816733,0.37096053611317936,0.23942153186930915,0.6079491172736909,0.9996659242761693,0.5,0.2064880430841869,0.3097265284893688,0.17001259391061405,0.33537922385231356,0.12565683848342998,0.0
2021-05-01 07:10:00,0.17433751743375175,0.45816733067729043,0.36649292628443764,0.23156579182288883,0.6079491172736909,0.9996659242761693,0.5,0.2064880430841869,0.3097265284893688,0.17001259391061405,0.33537922385231356,0.12565683848342998,0.0
2021-05-01 07:20:00,0.14644351464435149,0.5697211155378485,0.3760238272524199,0.22692376361364053,0.6079491172736909,0.28329621380846326,0.5,0.2064880430841869,0.3097265284893688,0.17001259391061405,0.33537922385231356,0.12565683848342998,0.0
2021-05-01 07:30:00,0.1596931659693166,0.4661354581673305,0.38585256887565134,0.2447777182645956,0.6079491172736909,0.7804008908685969,0.5,0.2064880430841869,0.3097265284893688,0.17001259391061405,0.33537922385231356,0.12565683848342998,0.0
2021-05-01 07:40:00,0.14574616457461645,0.14741035856573692,0.3894266567386446,0.24406356007855767,0.6079491172736909,0.9992204899777284,0.5,0.2064880430841869,0.3097265284893688,0.17001259391061405,0.33537922385231356,0.12565683848342998,0.0
2021-05-01 07:50:00,0.15132496513249652,-0.01195219123505975,0.3930007446016379,0.23870737368327077,0.6079491172736909,0.9992204899777284,0.5,0.2064880430841869,0.3097265284893688,0.17001259391061405,0.33537922385231356,0.12565683848342998,0.0
2021-05-01 08:00:00,0.12761506276150628,-0.0916334661354582,0.3965748324646312,0.235493661846099,0.6079491172736909,0.9992204899777284,0.5,0.22536315677653063,0.3141546003384993,0.175490203165103,0.2564525659350458,0.13072665650496743,0.0
2021-05-01 08:10:00,0.1324965132496513,-0.21115537848605592,0.4043186895011168,0.23299410819496535,0.6079491172736909,0.9992204899777284,0.5,0.22536315677653063,0.3141546003384993,0.175490203165103,0.2564525659350458,0.13072665650496743,0.0
2021-05-01 08:20:00,0.12761506276150628,0.8645418326693224,0.4075949367088605,0.23299410819496535,0.6079491172736909,0.9992204899777284,0.5,0.22536315677653063,0.3141546003384993,0.175490203165103,0.2564525659350458,0.13072665650496743,0.0
2021-05-01 08:30:00,0.11087866108786612,0.7211155378486056,0.41265822784810124,0.23299410819496535,0.6079491172736909,0.9992204899777284,0.5,0.22536315677653063,0.3141546003384993,0.175490203165103,0.2564525659350458,0.13072665650496743,0.0
2021-05-01 08:40:00,0.09623430962343095,0.5776892430278884,0.4129560685033504,0.23299410819496535,0.6079491172736909,0.9992204899777284,0.5,0.22536315677653063,0.3141546003384993,0.175490203165103,0.2564525659350458,0.13072665650496743,0.0
2021-05-01 08:50:00,0.06206415620641562,0.43426294820717115,0.4153387937453461,0.23335118728798432,0.6079491172736909,0.9992204899777284,0.5,0.22536315677653063,0.3141546003384993,0.175490203165103,0.2564525659350458,0.13072665650496743,0.0
2021-05-01 09:00:00,0.048117154811715475,0.4108272791188188,0.4174236783320924,0.23620782003213714,0.6079491172736909,0.9992204899777284,0.5,0.2995200490423826,0.3143155166419063,0.17821658000823534,0.12484020342065125,0.1568472229178938,0.0
2021-05-01 09:10:00,0.04741980474198048,0.3873916100304664,0.4233804914370811,0.23727905731119447,0.6079491172736909,0.9992204899777284,0.5,0.2995200490423826,0.3143155166419063,0.17821658000823534,0.12484020342065125,0.1568472229178938,0.0
2021-05-01 09:20:00,0.03556485355648536,0.3639559409421138,0.4302308265078181,0.24299232279950012,0.6079491172736909,0.9992204899777284,0.5,0.2995200490423826,0.3143155166419063,0.17821658000823534,0.12484020342065125,0.1568472229178938,0.0
2021-05-01 09:30:00,0.055090655509065556,0.34052027185376144,0.4388682055100521,0.24620603463667212,0.6079491172736909,0.9992204899777284,0.5,0.2995200490423826,0.3143155166419063,0.17821658000823534,0.12484020342065125,0.1568472229178938,0.0
2021-05-01 09:40:00,0.03765690376569038,0.31708460276540906,0.44869694713328356,0.2515622210319586,0.6079491172736909,0.9992204899777284,0.5,0.2995200490423826,0.3143155166419063,0.17821658000823534,0.12484020342065125,0.1568472229178938,0.0
2021-05-01 09:50:00,0.03556485355648536,0.29364893367705625,0.46001489203276225,0.25798964470630237,0.6079491172736909,0.9992204899777284,0.5,0.2995200490423826,0.3143155166419063,0.17821658000823534,0.12484020342065125,0.1568472229178938,0.0
2021-05-01 10:00:00,0.05160390516039052,0.27021326458870387,0.4734177215189872,0.26370291019460823,0.6079491172736909,0.9992204899777284,0.5,0.4903638922121536,0.313956328464657,0.058021139153518274,0.06437319593095593,0.5374493789896727,0.0
2021-05-01 10:10:00,0.06834030683403068,0.2467775955003515,0.4841399851079671,0.26977325477593306,0.6079491172736909,0.9992204899777284,0.5,0.4903638922121536,0.313956328464657,0.058021139153518274,0.06437319593095593,0.5374493789896727,0.0
2021-05-01 10:20:00,0.07043235704323571,0.22334192641199913,0.4939687267311985,0.27584359935725766,0.6079491172736909,0.9992204899777284,0.5,0.4903638922121536,0.313956328464657,0.058021139153518274,0.06437319593095593,0.5374493789896727,0.0
2021-05-01 10:30:00,0.12691771269177127,0.19990625732364653,0.5029039463886817,0.283699339403678,0.6079491172736909,0.9992204899777284,0.5,0.4903638922121536,0.313956328464657,0.058021139153518274,0.06437319593095593,0.5374493789896727,0.0
2021-05-01 10:40:00,0.12412831241283125,0.17647058823529416,0.5079672375279223,0.2894126048919836,0.6079491172736909,0.9992204899777284,0.5,0.4903638922121536,0.313956328464657,0.058021139153518274,0.06437319593095593,0.5374493789896727,0.0
2021-05-01 10:50:00,0.14295676429567641,0.15303491914694156,0.5163067758749067,0.2958400285663274,0.6079491172736909,0.9992204899777284,0.5,0.4903638922121536,0.313956328464657,0.058021139153518274,0.06437319593095593,0.5374493789896727,0.0
2021-05-01 11:00:00,0.1924686192468619,0.12959925005858897,0.5222635889798957,0.3036957686127477,0.5667246862362748,0.9992204899777284,0.5,0.49851485363163417,0.31151959587019884,0.06403935701688543,0.24062550558530646,0.6624768070645047,0.0
2021-05-01 11:10:00,0.1492329149232915,0.10616358097023659,0.5300074460163811,0.3215497232637028,0.4166546701391161,0.9992204899777284,0.5,0.49851485363163417,0.31151959587019884,0.06403935701688543,0.24062550558530646,0.6624768070645047,0.0
2021-05-01 11:20:00,0.16457461645746163,0.08272791188188422,0.5404318689501115,0.3315479378682378,0.4113543861485912,0.9992204899777284,0.5,0.49851485363163417,0.31151959587019884,0.06403935701688543,0.24062550558530646,0.6624768070645047,0.0
2021-05-01 11:30:00,0.23221757322175732,0.059292242793531624,0.5460908413998509,0.33976075700767727,0.3727866406669197,0.6200445434298442,0.5,0.49851485363163417,0.31151959587019884,0.06403935701688543,0.24062550558530646,0.6624768070645047,0.022134375424355358
2021-05-01 11:40:00,0.24267782426778242,0.03585657370517925,0.5538346984363365,0.359757186216747,0.3558649932601327,0.0024498886414253897,0.5,0.49851485363163417,0.31151959587019884,0.06403935701688543,0.24062550558530646,0.6624768070645047,0.09519893779139067
2021-05-01 11:50:00,0.24616457461645744,0.21912350597609564,0.5609828741623228,0.4015354400999822,0.3506563191163576,0.004120267260579065,0.5,0.49851485363163417,0.31151959587019884,0.06403935701688543,0.24062550558530646,0.6624768070645047,0.11257298912141467
2021-05-01 12:00:00,0.296373779637378,-0.059760956175298974,0.5725986597170512,0.4336725584717014,0.36018374317833823,0.02817371937639198,0.5,0.525467685358961,0.30710014453732204,0.06631617779187951,0.36723265826648493,0.6802761522349865,0.1361558308312084
2021-05-01 12:10:00,0.301952580195258,-0.3705179282868527,0.5845122859270289,0.45509730405284765,0.3512714138016778,0.012138084632516704,0.5,0.525467685358961,0.30710014453732204,0.06631617779187951,0.36723265826648493,0.6802761522349865,0.16185856330250314
2021-05-01 12:20:00,0.298465829846583,0.09960159362549792,0.596723752792256,0.4786645241921086,0.343406054102158,0.03463251670378619,0.5,0.525467685358961,0.30710014453732204,0.06631617779187951,0.36723265826648493,0.6802761522349865,0.13697813721200416
2021-05-01 12:30:00,0.2733612273361227,0.01195219123505975,0.5824274013402826,0.4783074450990894,0.3397809215950583,0.01135857461024499,0.5,0.525467685358961,0.30710014453732204,0.06631617779187951,0.36723265826648493,0.6802761522349865,0.1520436953996107
2021-05-01 12:40:00,0.24895397489539747,0.08366533864541825,0.5651526433358152,0.4561685413319052,0.3397809215950583,0.0017817371937639199,0.5,0.525467685358961,0.30710014453732204,0.06631617779187951,0.36723265826648493,0.6802761522349865,0.13230079816527604
2021-05-01 12:50:00,0.25523012552301255,0.19521912350597592,0.5651526433358152,0.45474022495982847,0.34441376241640603,0.00155902004454343,0.5,0.525467685358961,0.30710014453732204,0.06631617779187951,0.36723265826648493,0.6802761522349865,0.13529580397422938
2021-05-01 13:00:00,0.28591352859135283,-0.3545816733067729,0.5690245718540579,0.46616675593643975,0.3553415084215623,0.00011135857461024499,0.5,0.6516736080004724,0.29105161677782543,0.03627327784200913,0.47498090565843654,0.6937000409586785,0.1534393530183925
2021-05-01 13:10:00,0.2649930264993026,0.05179282868525892,0.5723008190618017,0.4736654168898411,0.3424376071508029,0.00011135857461024499,0.5,0.6516736080004724,0.29105161677782543,0.03627327784200913,0.47498090565843654,0.6937000409586785,0.1548500988276476
2021-05-01 13:20:00,0.23500697350069735,0.1633466135458166,0.5770662695457927,0.4868773433315481,0.3532083077043881,0.00022271714922048998,0.5,0.6516736080004724,0.29105161677782543,0.03627327784200913,0.47498090565843654,0.6937000409586785,0.1213165955007016
2021-05-01 13:30:00,0.30264993026499304,-0.08366533864541836,0.5824274013402826,0.49401892519193,0.328198819541689,0.00022271714922048998,0.5,0.6516736080004724,0.29105161677782543,0.03627327784200913,0.47498090565843654,0.6937000409586785,0.19614647615311495
2021-05-01 13:40:00,0.28661087866108786,0.4820717131474104,0.5877885331347725,0.514372433494019,0.3307638952506838,0.00022271714922048998,0.5,0.6516736080004724,0.29105161677782543,0.03627327784200913,0.47498090565843654,0.6937000409586785,0.1837892481554687
2021-05-01 13:50:00,0.24616457461645744,-0.13147410358565736,0.5916604616530154,0.5193715407962862,0.3449241601340121,0.00022271714922048998,0.5,0.6516736080004724,0.29105161677782543,0.03627327784200913,0.47498090565843654,0.6937000409586785,0.1216787120720612
2021-05-01 14:00:00,0.197350069735007,0.38645418326693215,0.5991064780342514,0.5304409926798785,0.34466241771472694,0.00011135857461024499,0.5,0.6649220221444503,0.27343128155468127,0.03595953970023932,0.5433669455604488,0.700348046302753,0.08926927893537728
2021-05-01 14:10:00,0.2524407252440725,-0.2749003984063746,0.6038719285182426,0.5390108909123372,0.32415489916373297,0.00011135857461024499,0.5,0.6649220221444503,0.27343128155468127,0.03595953970023932,0.5433669455604488,0.700348046302753,0.10874058874119226
2021-05-01 14:20:00,0.22036262203626222,-0.17131474103585675,0.6083395383469843,0.5515086591680056,0.35183416000314094,0.00011135857461024499,0.5,0.6649220221444503,0.27343128155468127,0.03595953970023932,0.5433669455604488,0.700348046302753,0.08542179036468157
2021-05-01 14:30:00,0.26638772663877264,0.4262948207171313,0.6151898734177212,0.56579182288877,0.32959914148486474,0.00011135857461024499,0.5,0.6649220221444503,0.27343128155468127,0.03595953970023932,0.5433669455604488,0.700348046302753,0.1475700469242724
2021-05-01 14:40:00,0.22175732217573224,0.05179282868525892,0.6166790766939687,0.5650776647027316,0.35585190613916845,0.00011135857461024499,0.5,0.6649220221444503,0.27343128155468127,0.03595953970023932,0.5433669455604488,0.700348046302753,0.10180756521870332
2021-05-01 14:50:00,0.2635983263598326,0.3306772908366533,0.6160833953834697,0.5643635065166934,0.3355276072816741,0.00011135857461024499,0.5,0.6649220221444503,0.27343128155468127,0.03595953970023932,0.5433669455604488,0.700348046302753,0.16098344825505076
2021-05-01 15:00:00,0.3270571827057183,0.2111553784860556,0.6214445271779596,0.5725763256561329,0.3766735155933047,0.00011135857461024499,0.5,0.6694820231850667,0.2568827638524521,0.03639324400292839,0.5773525828731314,0.7054758036710361,0.2406641821446354
2021-05-01 15:10:00,0.2894002789400279,-0.601593625498008,0.619657483246463,0.5725763256561329,0.3704440460143173,0.00011135857461024499,0.5,0.6694820231850667,0.2568827638524521,0.03639324400292839,0.5773525828731314,0.7054758036710361,0.15451815863723464
2021-05-01 15:20:00,0.3688981868898187,0.3545816733067728,0.621742367833209,0.5754329584002855,0.36577194383007683,0.010356347438752784,0.5,0.6694820231850667,0.2568827638524521,0.03639324400292839,0.5773525828731314,0.7054758036710361,0.220694962053201
2021-05-01 15:30:00,0.2894002789400279,-0.13147410358565736,0.6279970215934472,0.5829316193536869,0.36273573176636875,0.026614699331848554,0.5,0.6694820231850667,0.2568827638524521,0.03639324400292839,0.5773525828731314,0.7054758036710361,0.14018437768758393
2021-05-01 15:40:00,0.29497907949790797,0.12350597609561742,0.6315711094564407,0.587216568469916,0.3564408265825601,0.00044543429844097997,0.5,0.6694820231850667,0.2568827638524521,0.03639324400292839,0.5773525828731314,0.7054758036710361,0.23671107624062646
2021-05-01 15:50:00,0.2099023709902371,0.043824701195219085,0.6336559940431867,0.5897161221210496,0.35918912198505454,0.00022271714922048998,0.5,0.6694820231850667,0.2568827638524521,0.03639324400292839,0.5773525828731314,0.7054758036710361,0.10139263998068712
2021-05-01 16:00:00,0.3856345885634589,0.12350597609561742,0.64259121370067,0.5979289412604893,0.3567549174857023,0.00011135857461024499,0.5,0.6892528340953956,0.24403244762318052,0.036138093986258675,0.6182997439436072,0.7094979418349662,0.3608793397407849
2021-05-01 16:10:00,0.35495118549511856,-0.14741035856573714,0.644080416976917,0.5986430994465273,0.3864234207116776,0.00022271714922048998,0.5,0.6892528340953956,0.24403244762318052,0.036138093986258675,0.6182997439436072,0.7094979418349662,0.26970140471053305
2021-05-01 16:20:00,0.2775453277545328,0.05179282868525892,0.6411020104244229,0.5986430994465273,0.3658504665558624,0.00022271714922048998,0.5,0.6892528340953956,0.24403244762318052,0.036138093986258675,0.6182997439436072,0.7094979418349662,0.19715738491482715
2021-05-01 16:30:00,0.4456066945606694,0.13147410358565725,0.644676098287416,0.6064988394929476,0.4040779468924631,0.00022271714922048998,0.5,0.6892528340953956,0.24403244762318052,0.036138093986258675,0.6182997439436072,0.7094979418349662,0.45362644658026163
2021-05-01 16:40:00,0.20571827057182707,-0.5219123505976095,0.6413998510796721,0.6068559185859668,0.3970632500556202,0.00011135857461024499,0.5,0.6892528340953956,0.24403244762318052,0.036138093986258675,0.6182997439436072,0.7094979418349662,0.07528252636661285
2021-05-01 16:50:00,0.4170153417015342,0.2111553784860556,0.6464631422189129,0.62542403142296,0.3652091976286137,0.00022271714922048998,0.5,0.6892528340953956,0.24403244762318052,0.036138093986258675,0.6182997439436072,0.7094979418349662,0.40999139973143023
2021-05-01 17:00:00,0.2649930264993026,0.24302788844621515,0.645271779597915,0.6214961613997501,0.4194422269045033,0.00011135857461024499,0.5,0.6953355370831322,0.2286936757019247,0.034702050850688164,0.6664884678861198,0.7093976236897357,0.15160613787588456
2021-05-01 17:10:00,0.35495118549511856,-0.20318725099601598,0.6467609828741621,0.6268523477950365,0.4010940833126121,0.00011135857461024499,0.5,0.6953355370831322,0.2286936757019247,0.034702050850688164,0.6664884678861198,0.7093976236897357,0.2053804487227847
2021-05-01 17:20:00,0.31311018131101814,-0.07569721115537853,0.645271779597915,0.6264952687020175,0.4058185339807096,0.00011135857461024499,0.5,0.6953355370831322,0.2286936757019247,0.034702050850688164,0.6664884678861198,0.7093976236897357,0.2312265190035759
2021-05-01 17:30:00,0.303347280334728,-0.36254980079681276,0.6437825763216678,0.6272094268880557,0.3858214131473217,0.00011135857461024499,0.5,0.6953355370831322,0.2286936757019247,0.034702050850688164,0.6664884678861198,0.7093976236897357,0.19745160462905686
2021-05-01 17:40:00,0.3612273361227336,0.1872509960159361,0.638719285182427,0.6139975004463487,0.38620093965528524,0.00011135857461024499,0.5,0.6953355370831322,0.2286936757019247,0.034702050850688164,0.6664884678861198,0.7093976236897357,0.27935784661345564
2021-05-01 17:50:00,0.35564853556485354,0.003984063745019917,0.6402084884586745,0.6097125513301196,0.34572247451283195,0.00011135857461024499,0.5,0.6953355370831322,0.2286936757019247,0.034702050850688164,0.6664884678861198,0.7093976236897357,0.2595319643315177
2021-05-01 18:00:00,0.399581589958159,0.05179282868525892,0.645271779597915,0.610426709516158,0.3578934970095929,0.00011135857461024499,0.5,0.626048095822092,0.2359693914202887,0.044885859045848006,0.713072872831382,0.7039672157557123,0.34282631983946166
2021-05-01 18:10:00,0.405160390516039,0.019920318725099362,0.645271779597915,0.6111408677021961,0.3734148224732042,0.005456570155902005,0.5,0.626048095822092,0.2359693914202887,0.044885859045848006,0.713072872831382,0.7039672157557123,0.3816859544034884
2021-05-01 18:20:00,0.41143654114365413,0.027888446215139417,0.6455696202531644,0.6118550258882343,0.3525146902932824,0.048775055679287305,0.5,0.626048095822092,0.2359693914202887,0.044885859045848006,0.713072872831382,0.7039672157557123,0.24573381414366977
2021-05-01 18:30:00,0.4693165969316597,0.08366533864541825,0.6476545048399105,0.6089983931440812,0.3727212050620984,0.02873051224944321,0.5,0.626048095822092,0.2359693914202887,0.044885859045848006,0.713072872831382,0.7039672157557123,0.3863783816406898
2021-05-01 18:40:00,0.3772663877266388,-0.06772908366533881,0.643186895011169,0.6079271558650241,0.37311381869102617,0.00011135857461024499,0.5,0.626048095822092,0.2359693914202887,0.044885859045848006,0.713072872831382,0.7039672157557123,0.3168444558444106
2021-05-01 18:50:00,0.32496513249651326,-0.1633466135458168,0.6381236038719285,0.6097125513301196,0.36870345892607087,0.00011135857461024499,0.5,0.626048095822092,0.2359693914202887,0.044885859045848006,0.713072872831382,0.7039672157557123,0.24645804728638895
2021-05-01 19:00:00,0.398884239888424,-0.17928286852589637,0.6363365599404316,0.6086413140510623,0.35009357291489446,0.00011135857461024499,0.5,0.6255513682604663,0.23360736996669693,0.028296542653867062,0.7060591383912722,0.7065713744719141,0.3487635227907117
2021-05-01 19:10:00,0.40794979079497906,0.13147410358565725,0.6363365599404316,0.6082842349580433,0.3609689704361938,0.00011135857461024499,0.5,0.6255513682604663,0.23360736996669693,0.028296542653867062,0.7060591383912722,0.7065713744719141,0.37048297297705085
2021-05-01 19:20:00,0.49372384937238495,0.07569721115537842,0.6363365599404316,0.6039992858418142,0.3579981939773069,0.00011135857461024499,0.5,0.6255513682604663,0.23360736996669693,0.028296542653867062,0.7060591383912722,0.7065713744719141,0.5367774642787091
2021-05-01 19:30:00,0.5313807531380753,0.019920318725099362,0.6360387192851822,0.6000714158186038,0.36068105377498005,0.00022271714922048998,0.5,0.6255513682604663,0.23360736996669693,0.028296542653867062,0.7060591383912722,0.7065713744719141,0.6856601837741599
2021-05-01 19:40:00,0.5104602510460251,0.22709163346613526,0.6312732688011911,0.600428494911623,0.35967334546073215,0.00011135857461024499,0.5,0.6255513682604663,0.23360736996669693,0.028296542653867062,0.7060591383912722,0.7065713744719141,0.5892013820782473
2021-05-01 19:50:00,0.5299860529986052,0.019920318725099362,0.6274013402829486,0.600428494911623,0.3639659211370091,0.00011135857461024499,0.5,0.6255513682604663,0.23360736996669693,0.028296542653867062,0.7060591383912722,0.7065713744719141,0.629562291594369
2021-05-01 20:00:00,0.5683403068340307,-0.36254980079681276,0.6238272524199551,0.6032851276557758,0.3646595385481148,0.00033407572383073496,0.5,0.6411530763388844,0.2420209938305844,0.01108672475514412,0.60159886210851,0.7028013886584609,0.7401511836685427
2021-05-01 20:10:00,0.5523012552301255,-0.08366533864541836,0.6178704393149663,0.607212997678986,0.35545929251024067,0.000556792873051225,0.5,0.6411530763388844,0.2420209938305844,0.01108672475514412,0.60159886210851,0.7028013886584609,0.6889795856782897
2021-05-01 20:20:00,0.5781032078103208,-0.26693227091633476,0.6137006701414742,0.6079271558650241,0.35463480388949237,0.0010022271714922048,0.5,0.6411530763388844,0.2420209938305844,0.01108672475514412,0.60159886210851,0.7028013886584609,0.7938425094678395
2021-05-01 20:30:00,0.4881450488145049,0.03585657370517925,0.6068503350707368,0.6086413140510623,0.3461412623836882,0.00011135857461024499,0.5,0.6411530763388844,0.2420209938305844,0.01108672475514412,0.60159886210851,0.7028013886584609,0.5687870603678501
2021-05-01 20:40:00,0.4351464435146444,0.33864541832669315,0.598808637379002,0.6082842349580433,0.343406054102158,0.00011135857461024499,0.5,0.6411530763388844,0.2420209938305844,0.01108672475514412,0.60159886210851,0.7028013886584609,0.45265325829473274
2021-05-01 20:50:00,0.43165969316596936,0.4262948207171313,0.5919583023082648,0.6054276022138905,0.343406054102158,0.00011135857461024499,0.5,0.6411530763388844,0.2420209938305844,0.01108672475514412,0.60159886210851,0.7028013886584609,0.4547957813419437
2021-05-01 21:00:00,0.4951185495118549,0.09163346613545809,0.5862993298585255,0.600428494911623,0.3514677206161417,0.00011135857461024499,0.5,0.610934977151466,0.2549575152223967,0.0,0.49484592661732235,0.6982593007722603,0.5758709657950722
2021-05-01 21:10:00,0.499302649930265,0.01195219123505975,0.583320923306031,0.596857703981432,0.3545824554056353,0.00011135857461024499,0.5,0.610934977151466,0.2549575152223967,0.0,0.49484592661732235,0.6982593007722603,0.5677157988442446
2021-05-01 21:20:00,0.4700139470013947,0.2589641434262948,0.5779597915115411,0.5918585966791645,0.3545824554056353,0.00011135857461024499,0.5,0.610934977151466,0.2549575152223967,0.0,0.49484592661732235,0.6982593007722603,0.5150731022828432
2021-05-01 21:30:00,0.47629009762900976,0.1633466135458166,0.5734921816827996,0.5882878057489733,0.3545824554056353,0.00011135857461024499,0.5,0.610934977151466,0.2549575152223967,0.0,0.49484592661732235,0.6982593007722603,0.5169817583777178
2021-05-01 21:40:00,0.44142259414225943,0.1394422310756971,0.5690245718540579,0.5861453311908589,0.3545824554056353,0.00011135857461024499,0.5,0.610934977151466,0.2549575152223967,0.0,0.49484592661732235,0.6982593007722603,0.4462030568673899
2021-05-01 21:50:00,0.4372384937238493,0.20318725099601576,0.5639612807148173,0.5807891447955722,0.3545824554056353,0.00011135857461024499,0.5,0.610934977151466,0.2549575152223967,0.0,0.49484592661732235,0.6982593007722603,0.4256303091570228
2021-05-01 22:00:00,0.3807531380753138,-0.19521912350597614,0.5603871928518243,0.5793608284234957,0.3545824554056353,0.00011135857461024499,0.5,0.5049721118142312,0.2697733091575755,0.08300757955335304,0.43422274273754125,0.694899194621684,0.31072619460748074
2021-05-01 22:10:00,0.37796373779637377,-0.07569721115537853,0.5541325390915859,0.5765041956793431,0.3545824554056353,0.00011135857461024499,0.5,0.5049721118142312,0.2697733091575755,0.08300757955335304,0.43422274273754125,0.694899194621684,0.31744043936810656
2021-05-01 22:20:00,0.38702928870292885,-0.12350597609561753,0.5484735666418465,0.5679342974468844,0.3545824554056353,0.00011135857461024499,0.5,0.5049721118142312,0.2697733091575755,0.08300757955335304,0.43422274273754125,0.694899194621684,0.3298429319371728
2021-05-01 22:30:00,0.3688981868898187,-0.31474103585657376,0.5457930007446015,0.5532940546331013,0.3545824554056353,0.00011135857461024499,0.5,0.5049721118142312,0.2697733091575755,0.08300757955335304,0.43422274273754125,0.694899194621684,0.2879882915641927
2021-05-01 22:40:00,0.37517433751743373,-0.0916334661354582,0.5410275502606106,0.5343688627030887,0.3545824554056353,0.00011135857461024499,0.5,0.5049721118142312,0.2697733091575755,0.08300757955335304,0.43422274273754125,0.694899194621684,0.295532386800851
2021-05-01 22:50:00,0.3849372384937238,-0.2270916334661356,0.5380491437081161,0.5261560435636492,0.3545824554056353,0.00011135857461024499,0.5,0.5049721118142312,0.2697733091575755,0.08300757955335304,0.43422274273754125,0.694899194621684,0.31213694041673584
2021-05-01 23:00:00,0.3235704323570432,-0.3545816733067729,0.535368577810871,0.517586145331191,0.3545824554056353,0.00011135857461024499,0.5,0.4248058266513197,0.28326441709505873,0.10791387342707688,0.3837019416515557,0.700164242935961,0.22724323671862037
2021-05-01 23:10:00,0.2880055788005579,0.1394422310756971,0.5306031273268801,0.5068737725406176,0.3545824554056353,0.00011135857461024499,0.5,0.4248058266513197,0.28326441709505873,0.10791387342707688,0.3837019416515557,0.700164242935961,0.1785159255850446
2021-05-01 23:20:00,0.2377963737796374,0.41035856573705165,0.5234549516008933,0.497589716122121,0.36274881888733296,0.00011135857461024499,0.5,0.4248058266513197,0.28326441709505873,0.10791387342707688,0.3837019416515557,0.700164242935961,0.13210465168912294
2021-05-01 23:30:00,0.2824267782426778,0.5219123505976095,0.5160089352196573,0.4925906088198535,0.3684809778696784,0.00011135857461024499,0.5,0.4248058266513197,0.28326441709505873,0.10791387342707688,0.3837019416515557,0.700164242935961,0.17983614225145977
2021-05-01 23:40:00,0.31450488145048816,0.6494023904382469,0.5133283693224122,0.4722371005177646,0.3684809778696784,0.00011135857461024499,0.5,0.4248058266513197,0.28326441709505873,0.10791387342707688,0.3837019416515557,0.700164242935961,0.21103097605504173
2021-05-01 23:50:00,0.37447698744769875,0.1394422310756971,0.5112434847356664,0.4690233886805928,0.3787281935846933,0.00011135857461024499,0.5,0.4248058266513197,0.28326441709505873,0.10791387342707688,0.3837019416515557,0.700164242935961,0.30029271089518234
2021-05-02 00:00:00,0.4107391910739191,-0.09960159362549814,0.5112434847356664,0.4654525977504018,0.382300977607936,0.00011135857461024499,0.5,0.4041067992607621,0.27371575859106423,0.10628279016941986,0.35713793303942903,0.7041522912200407,0.34716417460054017
2021-05-02 00:10:00,0.43235704323570434,-0.059760956175298974,0.5112434847356664,0.462595965006249,0.382300977607936,0.00011135857461024499,0.5,0.4041067992607621,0.27371575859106423,0.10628279016941986,0.35713793303942903,0.7041522912200407,0.4119000558263048
2021-05-02 00:20:00,0.41422594142259417,-0.08366533864541836,0.5073715562174235,0.4575968577039815,0.382300977607936,0.00011135857461024499,0.5,0.4041067992607621,0.27371575859106423,0.10628279016941986,0.35713793303942903,0.7041522912200407,0.40019916411424783
2021-05-02 00:30:00,0.405160390516039,-0.08366533864541836,0.5055845122859268,0.4575968577039815,0.382300977607936,0.00011135857461024499,0.5,0.4041067992607621,0.27371575859106423,0.10628279016941986,0.35713793303942903,0.7041522912200407,0.3719389833577259
2021-05-02 00:40:00,0.36750348675034866,-0.21912350597609564,0.5040953090096798,0.45545438314586684,0.382300977607936,0.00011135857461024499,0.5,0.4041067992607621,0.27371575859106423,0.10628279016941986,0.35713793303942903,0.7041522912200407,0.2917829714682318
2021-05-02 00:50:00,0.33891213389121344,0.13147410358565725,0.5020104244229335,0.45688269951794314,0.382300977607936,0.00011135857461024499,0.5,0.4041067992607621,0.27371575859106423,0.10628279016941986,0.35713793303942903,0.7041522912200407,0.24417218642968153
2021-05-02 01:00:00,0.28033472803347276,0.6175298804780875,0.489501116902457,0.4561685413319052,0.4233814503147452,0.00011135857461024499,0.5,0.3406169921316726,0.2800863201027575,0.10485283411178181,0.33267396012102013,0.7132403252437071,0.150889448828402
2021-05-02 01:10:00,0.22873082287308227,0.043824701195219085,0.4763961280714817,0.4450990894483129,0.4519898967426156,0.00011135857461024499,0.5,0.3406169921316726,0.2800863201027575,0.10485283411178181,0.33267396012102013,0.7132403252437071,0.11807263454893854
2021-05-02 01:20:00,0.37308228730822873,-0.2509960159362551,0.47580044676098265,0.43117300482056775,0.4626559003284867,0.00011135857461024499,0.5,0.3406169921316726,0.2800863201027575,0.10485283411178181,0.33267396012102013,0.7132403252437071,0.27805271813751375
2021-05-02 01:30:00,0.36192468619246865,0.41035856573705165,0.457036485480268,0.42795929298339574,0.5377890617842982,0.00011135857461024499,0.5,0.3406169921316726,0.2800863201027575,0.10485283411178181,0.33267396012102013,0.7132403252437071,0.3076934683223441
2021-05-02 01:40:00,0.3193863319386332,0.1394422310756971,0.42129560685033485,0.4111765756114978,0.5467406525238513,0.008574610244988864,0.5,0.3406169921316726,0.2800863201027575,0.10485283411178181,0.33267396012102013,0.7132403252437071,0.20638381338926023
2021-05-02 01:50:00,0.5460251046025105,-0.0916334661354582,0.39865971705137726,0.37189787537939667,0.5547237963120493,0.09955456570155902,0.5,0.3406169921316726,0.2800863201027575,0.10485283411178181,0.33267396012102013,0.7132403252437071,0.27946346394676885
2021-05-02 02:00:00,0.5509065550906556,-0.13147410358565736,0.38972449739389403,0.35011605070523144,0.5473557472091715,0.04465478841870824,0.5,0.3206425939631574,0.28199720120572214,0.09612903692155166,0.23781576624451523,0.8568004046435005,0.5093773103791662
2021-05-02 02:10:00,0.5097629009762901,0.08366533864541825,0.38168279970215924,0.3329762542403143,0.5536637395139444,0.00033407572383073496,0.5,0.3206425939631574,0.28199720120572214,0.09612903692155166,0.23781576624451523,0.8568004046435005,0.5969491678862954
2021-05-02 02:20:00,0.5139470013947002,-0.3067729083665339,0.37006701414743093,0.3236921978218177,0.5579824894321498,0.00044543429844097997,0.5,0.3206425939631574,0.28199720120572214,0.09612903692155166,0.23781576624451523,0.8568004046435005,0.6013322872187938
2021-05-02 02:30:00,0.44072524407252445,-0.2749003984063746,0.3602382725241995,0.32226388144974116,0.557995576553114,0.00044543429844097997,0.5,0.3206425939631574,0.28199720120572214,0.09612903692155166,0.23781576624451523,0.8568004046435005,0.42229581906241986
2021-05-02 02:40:00,0.3068340306834031,-0.10756972111553798,0.35130305286671604,0.31976432779860753,0.557995576553114,0.00044543429844097997,0.5,0.3206425939631574,0.28199720120572214,0.09612903692155166,0.23781576624451523,0.8568004046435005,0.18259728110807671
2021-05-02 02:50:00,0.29009762900976294,-0.21912350597609564,0.3453462397617275,0.3072665595429387,0.5558623758359399,0.00044543429844097997,0.5,0.3206425939631574,0.28199720120572214,0.09612903692155166,0.23781576624451523,0.8568004046435005,0.17401964482399626
2021-05-02 03:00:00,0.3486750348675035,0.29083665338645415,0.3381980640357407,0.2990537404034994,0.5441624896938921,0.00044543429844097997,0.5,0.3145110286993329,0.30276689836698584,0.125763468579328,0.5992144115481262,0.05210179118527221,0.23588876985983073
2021-05-02 03:10:00,0.38284518828451886,0.019920318725099362,0.33253909158600115,0.2883413676129263,0.5441624896938921,0.00044543429844097997,0.5,0.3145110286993329,0.30276689836698584,0.125763468579328,0.5992144115481262,0.05210179118527221,0.3279040994613516
2021-05-02 03:20:00,0.42747559274755925,-0.20318725099601598,0.32747580044676083,0.2819139439385825,0.5441494025729279,0.00033407572383073496,0.5,0.3145110286993329,0.30276689836698584,0.125763468579328,0.5992144115481262,0.05210179118527221,0.41270727401662716
2021-05-02 03:30:00,0.5732217573221757,-0.1872509960159363,0.3227103499627697,0.27298696661310484,0.5441494025729279,0.030623608017817373,0.5,0.3145110286993329,0.30276689836698584,0.125763468579328,0.5992144115481262,0.05210179118527221,0.6701268916818806
2021-05-02 03:40:00,0.5746164574616458,0.027888446215139417,0.31586001489203275,0.26370291019460823,0.5441494025729279,0.04131403118040089,0.5,0.3145110286993329,0.30276689836698584,0.125763468579328,0.5992144115481262,0.05210179118527221,0.6395657618781779
2021-05-02 03:50:00,0.5774058577405857,0.3067729083665336,0.3072226358897989,0.2558471701481879,0.5441494025729279,0.016926503340757237,0.5,0.3145110286993329,0.30276689836698584,0.125763468579328,0.5992144115481262,0.05210179118527221,0.7489400546192495
2021-05-02 04:00:00,0.6241283124128312,0.2828685258964143,0.3015636634400596,0.24513479735761456,0.548193322950884,0.012917594654788419,0.5,0.22330303649861927,0.3069507222555851,0.414353862384103,0.8217651164820495,0.09349102338496486,0.8474734825052431
2021-05-02 04:10:00,0.45258019525801957,0.03585657370517925,0.2917349218168279,0.24442063917157664,0.5569616939969376,0.0013363028953229399,0.5,0.22330303649861927,0.3069507222555851,0.414353862384103,0.8217651164820495,0.09349102338496486,0.48411213543159776
2021-05-02 04:20:00,0.4107391910739191,-0.23505976095617542,0.2827997021593447,0.2526334583110159,0.5540825273848006,0.00011135857461024499,0.5,0.22330303649861927,0.3069507222555851,0.414353862384103,0.8217651164820495,0.09349102338496486,0.35600585421790365
2021-05-02 04:30:00,0.39539748953974896,-0.38645418326693237,0.2765450483991063,0.25691840742724525,0.5540825273848006,0.00011135857461024499,0.5,0.22330303649861927,0.3069507222555851,0.414353862384103,0.8217651164820495,0.09349102338496486,0.32963169727054636
2021-05-02 04:40:00,0.5299860529986052,-0.33067729083665354,0.2726731198808636,0.2479914301017676,0.5515959744015914,0.00011135857461024499,0.5,0.22330303649861927,0.3069507222555851,0.414353862384103,0.8217651164820495,0.09349102338496486,0.6318556965463132
2021-05-02 04:50:00,0.5488145048814504,0.2828685258964143,0.270886075949367,0.23585074093911795,0.5451832851291045,0.00022271714922048998,0.5,0.22330303649861927,0.3069507222555851,0.414353862384103,0.8217651164820495,0.09349102338496486,0.6972101935814837
2021-05-02 05:00:00,0.44490934449093444,-0.14741035856573714,0.2676098287416231,0.23013747545081253,0.5539647432961222,0.00011135857461024499,0.5,0.1847222171266112,0.3028042539374211,0.571283804048338,0.8050040861327613,0.09617685476435557,0.44403035743923236
2021-05-02 05:10:00,0.35704323570432356,-0.1872509960159363,0.2568875651526432,0.23299410819496535,0.5514389289500203,0.00011135857461024499,0.5,0.1847222171266112,0.3028042539374211,0.571283804048338,0.8050040861327613,0.09617685476435557,0.27017668271044254
2021-05-02 05:20:00,0.5195258019525802,0.11553784860557759,0.2521221146686521,0.22299589359043037,0.5426836450249309,0.00011135857461024499,0.5,0.1847222171266112,0.3028042539374211,0.571283804048338,0.8050040861327613,0.09617685476435557,0.6521342245424506
2021-05-02 05:30:00,0.4881450488145049,0.01195219123505975,0.24527177959791513,0.2144259953579717,0.5389014670662601,0.00011135857461024499,0.5,0.1847222171266112,0.3028042539374211,0.571283804048338,0.8050040861327613,0.09617685476435557,0.5704844817960982
2021-05-02 05:40:00,0.592747559274756,0.05179282868525892,0.24199553239017124,0.2094268880557042,0.5439530957584641,0.000779510022271715,0.5,0.1847222171266112,0.3028042539374211,0.571283804048338,0.8050040861327613,0.09617685476435557,0.8478959518384961
2021-05-02 05:50:00,0.33403068340306835,0.09960159362549792,0.23871928518242735,0.2015711480092841,0.5615552734553926,0.00022271714922048998,0.5,0.1847222171266112,0.3028042539374211,0.571283804048338,0.8050040861327613,0.09617685476435557,0.318270289844139
2021-05-02 06:00:00,0.1311018131101813,0.019920318725099362,0.24080416976917318,0.23906445277629018,0.6446584915784377,0.7106904231625836,0.5,0.11791017546059779,0.34466835437218324,0.5683214261211986,0.8736028653534905,0.09363642318860517,0.0
2021-05-02 06:10:00,0.10669456066945607,-0.0711439954467844,0.2676098287416231,0.26620246384574187,0.6251063328578346,0.9995545657015591,0.5,0.11791017546059779,0.34466835437218324,0.5683214261211986,0.8736028653534905,0.09363642318860517,0.0
2021-05-02 06:20:00,0.11715481171548117,-0.16220830961866828,0.2839910647803423,0.2640599892876272,0.6251063328578346,0.9995545657015591,0.5,0.11791017546059779,0.34466835437218324,0.5683214261211986,0.8736028653534905,0.09363642318860517,0.0
2021-05-02 06:30:00,0.13737796373779637,-0.25327262379055204,0.2875651526433356,0.2529905374040351,0.6251063328578346,0.9995545657015591,0.5,0.11791017546059779,0.34466835437218324,0.5683214261211986,0.8736028653534905,0.09363642318860517,0.0
2021-05-02 06:40:00,0.1094839609483961,-0.34433693796243603,0.29381980640357397,0.24227816461346197,0.6251063328578346,0.9995545657015591,0.5,0.11791017546059779,0.34466835437218324,0.5683214261211986,0.8736028653534905,0.09363642318860517,0.0
2021-05-02 06:50:00,0.12622036262203626,-0.4354012521343198,0.2905435591958301,0.23227995000892698,0.6251063328578346,0.9995545657015591,0.5,0.11791017546059779,0.34466835437218324,0.5683214261211986,0.8736028653534905,0.09363642318860517,0.0
2021-05-02 07:00:00,0.18340306834030684,-0.5264655663062038,0.286373790022338,0.2212104981253349,0.635890120532384,0.9883073496659243,0.5,0.11502763470228872,0.34783783084823083,0.5412491470165012,0.7996653969527178,0.10664794112787954,0.0
2021-05-02 07:10:00,0.15550906555090654,-0.6175298804780878,0.2839910647803423,0.22978039635779313,0.6811846461896848,0.02048997772828508,0.5,0.11502763470228872,0.34783783084823083,0.5412491470165012,0.7996653969527178,0.10664794112787954,0.038278739230804056
2021-05-02 07:20:00,0.11366806136680613,0.11553784860557759,0.295309009679821,0.29833958221746126,0.6655324495164309,0.017483296213808463,0.5,0.11502763470228872,0.34783783084823083,0.5412491470165012,0.7996653969527178,0.10664794112787954,0.00827587247461412
2021-05-02 07:30:00,0.12133891213389121,-0.6653386454183268,0.2449739389426655,0.2722728084270667,0.6655324495164309,0.36681514476614696,0.5,0.11502763470228872,0.34783783084823083,0.5412491470165012,0.7996653969527178,0.10664794112787954,0.0
2021-05-02 07:40:00,0.1199442119944212,-0.610499179751582,0.24586746090841394,0.23513658275308003,0.6655324495164309,0.9993318485523385,0.5,0.11502763470228872,0.34783783084823083,0.5412491470165012,0.7996653969527178,0.10664794112787954,0.0
2021-05-02 07:50:00,0.12482566248256625,-0.5556597140848372,0.263440059568131,0.25513301196214955,0.6655324495164309,0.9993318485523385,0.5,0.11502763470228872,0.34783783084823083,0.5412491470165012,0.7996653969527178,0.10664794112787954,0.0
2021-05-02 08:00:00,0.1304044630404463,-0.5008202484180924,0.270886075949367,0.2562042492412069,0.6655324495164309,0.9993318485523385,0.5,0.10409179037049587,0.36590068590574426,0.5152636649509984,0.6875286947988839,0.1281390973000427,0.0
2021-05-02 08:10:00,0.16248256624825663,-0.44598078275134767,0.2762472077438567,0.25370469559007325,0.6655324495164309,0.9993318485523385,0.5,0.10409179037049587,0.36590068590574426,0.5152636649509984,0.6875286947988839,0.1281390973000427,0.0
2021-05-02 08:20:00,0.14504881450488147,-0.39114131708460287,0.27773641102010416,0.2540617746830922,0.6655324495164309,0.9993318485523385,0.5,0.10409179037049587,0.36590068590574426,0.5152636649509984,0.6875286947988839,0.1281390973000427,0.0
2021-05-02 08:30:00,0.14435146443514643,-0.33630185141785807,0.2789277736411018,0.2529905374040351,0.6655324495164309,0.9993318485523385,0.5,0.10409179037049587,0.36590068590574426,0.5152636649509984,0.6875286947988839,0.1281390973000427,0.0
2021-05-02 08:40:00,0.09135285913528592,-0.2814623857511134,0.2789277736411018,0.2479914301017676,0.6655324495164309,0.9993318485523385,0.5,0.10409179037049587,0.36590068590574426,0.5152636649509984,0.6875286947988839,0.1281390973000427,0.0
2021-05-02 08:50:00,0.11785216178521618,-0.22662292008436846,0.28488458674609074,0.25691840742724525,0.6655324495164309,0.9993318485523385,0.5,0.10409179037049587,0.36590068590574426,0.5152636649509984,0.6875286947988839,0.1281390973000427,0.0
2021-05-02 09:00:00,0.1596931659693166,-0.17178345441762366,0.2881608339538346,0.26370291019460823,0.6655324495164309,0.9993318485523385,0.5,0.13454602943143312,0.3775297623323682,0.4548246877170503,0.7024911824127043,0.1418942354428036,0.0
2021-05-02 09:10:00,0.11227336122733612,-0.11694398875087886,0.2950111690245716,0.26477414747366557,0.6655324495164309,0.9993318485523385,0.5,0.13454602943143312,0.3775297623323682,0.4548246877170503,0.7024911824127043,0.1418942354428036,0.0
2021-05-02 09:20:00,0.100418410041841,-0.06210452308413417,0.30394638868205504,0.2658453847527229,0.6655324495164309,0.9993318485523385,0.5,0.13454602943143312,0.3775297623323682,0.4548246877170503,0.7024911824127043,0.1418942354428036,0.0
2021-05-02 09:30:00,0.10111576011157601,-0.0072650574173894755,0.3096053611317944,0.27120157114800936,0.6655324495164309,0.9993318485523385,0.5,0.13454602943143312,0.3775297623323682,0.4548246877170503,0.7024911824127043,0.1418942354428036,0.0
2021-05-02 09:40:00,0.09344490934449094,0.04757440824935544,0.3185405807892776,0.2737011247991432,0.6655324495164309,0.9993318485523385,0.5,0.13454602943143312,0.3775297623323682,0.4548246877170503,0.7024911824127043,0.1418942354428036,0.0
2021-05-02 09:50:00,0.09344490934449094,0.10241387391610024,0.3265822784810126,0.27798607391537233,0.6655324495164309,0.9993318485523385,0.5,0.13454602943143312,0.3775297623323682,0.4548246877170503,0.7024911824127043,0.1418942354428036,0.0
2021-05-02 10:00:00,0.1199442119944212,0.15725333958284504,0.33194341027550256,0.28262810212462064,0.6655324495164309,0.9993318485523385,0.5,0.29592091715659574,0.37519647593295385,0.2607888066752926,0.7181001060796843,0.15231374239151982,0.0
2021-05-02 10:10:00,0.200836820083682,0.21209280524958984,0.3370067014147431,0.28262810212462064,0.6616848359529387,0.9856347438752785,0.5,0.29592091715659574,0.37519647593295385,0.2607888066752926,0.7181001060796843,0.15231374239151982,0.0
2021-05-02 10:20:00,0.27615062761506276,0.2669322709163344,0.34385703648548005,0.27941439028744863,0.6185758594966693,0.026280623608017816,0.5,0.29592091715659574,0.37519647593295385,0.2607888066752926,0.7181001060796843,0.15231374239151982,0.11982286464384327
2021-05-02 10:30:00,0.33821478382147835,0.1394422310756971,0.35874906924795225,0.29048384217104095,0.6227637382052322,0.048663697104677064,0.5,0.29592091715659574,0.37519647593295385,0.2607888066752926,0.7181001060796843,0.15231374239151982,0.16050062615990465
2021-05-02 10:40:00,0.45676429567642957,-0.06772908366533881,0.37036485480268033,0.29369755400821274,0.6285482456714347,0.09665924276169265,0.5,0.29592091715659574,0.37519647593295385,0.2607888066752926,0.7181001060796843,0.15231374239151982,0.20440726043725577
2021-05-02 10:50:00,0.45397489539748953,-0.07569721115537853,0.35070737155621723,0.2722728084270667,0.6345421470730654,0.038084632516703784,0.5,0.29592091715659574,0.37519647593295385,0.2607888066752926,0.7181001060796843,0.15231374239151982,0.3602758121218522
2021-05-02 11:00:00,0.4874476987447699,0.027888446215139417,0.3301563663440057,0.23870737368327077,0.6289801206632553,0.02360801781737194,0.5,0.3353485714705009,0.36416508863327324,0.21546404394768817,0.6764208834370494,0.17016876919959856,0.45980506057908477
2021-05-02 11:10:00,0.48535564853556484,0.09163346613545809,0.32390171258376776,0.235493661846099,0.6306421850257162,0.00623608017817372,0.5,0.3353485714705009,0.36416508863327324,0.21546404394768817,0.6764208834370494,0.17016876919959856,0.5098073238076557
2021-05-02 11:20:00,0.49372384937238495,-0.21115537848605592,0.3289650037230081,0.24156400642742382,0.638010234128594,0.00044543429844097997,0.5,0.3353485714705009,0.36416508863327324,0.21546404394768817,0.6764208834370494,0.17016876919959856,0.5618540368453612
2021-05-02 11:30:00,0.5418410041841004,0.09163346613545809,0.3337304542069992,0.24263524370648093,0.6323696849929984,0.00011135857461024499,0.5,0.3353485714705009,0.36416508863327324,0.21546404394768817,0.6764208834370494,0.17016876919959856,0.6724353848242981
2021-05-02 11:40:00,0.5460251046025105,-0.17928286852589637,0.34028294862248676,0.25191930012497776,0.6228553480519822,0.011692650334075724,0.5,0.3353485714705009,0.36416508863327324,0.21546404394768817,0.6764208834370494,0.17016876919959856,0.6275555622614181
2021-05-02 11:50:00,0.5209205020920502,-0.059760956175298974,0.35100521221146663,0.270487412961971,0.630537488058002,0.033073496659242765,0.5,0.3353485714705009,0.36416508863327324,0.21546404394768817,0.6764208834370494,0.17016876919959856,0.5203313366627941
2021-05-02 12:00:00,0.500697350069735,0.06772908366533859,0.356664184661206,0.27262988752008566,0.6343065788957089,0.05367483296213809,0.5,0.35297781385840876,0.3533032381532575,0.20893463835211643,0.595880549283363,0.1985774667320784,0.39027113478280556
2021-05-02 12:10:00,0.45536959553695955,0.06772908366533859,0.36321667907669375,0.2819139439385825,0.640182696208661,0.029732739420935413,0.5,0.35297781385840876,0.3533032381532575,0.20893463835211643,0.595880549283363,0.1985774667320784,0.42835372753745643
2021-05-02 12:20:00,0.4665271966527197,-0.21912350597609564,0.37125837676842877,0.2926263167291556,0.6208006700605934,0.033073496659242765,0.5,0.35297781385840876,0.3533032381532575,0.20893463835211643,0.595880549283363,0.1985774667320784,0.37282918659565156
2021-05-02 12:30:00,0.402370990237099,0.027888446215139417,0.3807892777364108,0.2994108194965186,0.6124379997644318,0.03229398663697105,0.5,0.35297781385840876,0.3533032381532575,0.20893463835211643,0.595880549283363,0.1985774667320784,0.2848574920409795
2021-05-02 12:40:00,0.35564853556485354,-0.14741035856573714,0.3909158600148921,0.3169076950544547,0.6066665794191937,0.030400890868596882,0.5,0.35297781385840876,0.3533032381532575,0.20893463835211643,0.595880549283363,0.1985774667320784,0.21765469167282767
2021-05-02 12:50:00,0.4330543933054393,0.17131474103585642,0.39806403574087845,0.33047670058918044,0.6014579052754185,0.04543429844097996,0.5,0.35297781385840876,0.3533032381532575,0.20893463835211643,0.595880549283363,0.1985774667320784,0.2959850325150505
2021-05-02 13:00:00,0.4205020920502092,-0.03585657370517936,0.4004467609828739,0.3344045706123906,0.6045333787020194,0.04309576837416481,0.5,0.4456270931148216,0.3438580258443068,0.14853953880493162,0.5363282132785026,0.20216015132732243,0.27475594851909413
2021-05-02 13:10:00,0.44421199442119946,0.15537848605577675,0.4046165301563662,0.3329762542403143,0.6021122613236315,0.06380846325167039,0.5,0.4456270931148216,0.3438580258443068,0.14853953880493162,0.5363282132785026,0.20216015132732243,0.2794332875658222
2021-05-02 13:20:00,0.4860529986052998,-0.1633466135458168,0.4064035740878629,0.3236921978218177,0.5915509547054744,0.08062360801781737,0.5,0.4456270931148216,0.3438580258443068,0.14853953880493162,0.5363282132785026,0.20216015132732243,0.26555215233037105
2021-05-02 13:30:00,0.48465829846582986,0.043824701195219085,0.4081906180193595,0.3201214068916265,0.5924670531729725,0.08307349665924277,0.5,0.4456270931148216,0.3438580258443068,0.14853953880493162,0.5363282132785026,0.20216015132732243,0.27924468518490575
2021-05-02 13:40:00,0.396792189679219,0.06772908366533859,0.4087862993298583,0.3233351187287985,0.5755977542500426,0.05022271714922049,0.5,0.4456270931148216,0.3438580258443068,0.14853953880493162,0.5363282132785026,0.20216015132732243,0.2531345715708315
2021-05-02 13:50:00,0.4086471408647141,-0.05179282868525903,0.41325390915860005,0.33404749151937163,0.5925586630197223,0.03997772828507795,0.5,0.4456270931148216,0.3438580258443068,0.14853953880493162,0.5363282132785026,0.20216015132732243,0.27489174223335394
2021-05-02 14:00:00,0.3507670850767085,-0.01195219123505975,0.4156366344005955,0.33369041242635245,0.5821282276112079,0.015033407572383075,0.5,0.45149810404362833,0.3277893835468822,0.14779678848304567,0.5011306824017528,0.1863442940912933,0.2617423842358586
2021-05-02 14:10:00,0.3312412831241283,0.2669322709163344,0.4198064035740878,0.34475986430994454,0.5993901401630655,0.009465478841870824,0.5,0.45149810404362833,0.3277893835468822,0.14779678848304567,0.5011306824017528,0.1863442940912933,0.24051330023990225
2021-05-02 14:20:00,0.2615062761506276,-0.298804780876494,0.42516753536857754,0.35083020889126937,0.601183075735169,0.005233853006681514,0.5,0.45149810404362833,0.3277893835468822,0.14779678848304567,0.5011306824017528,0.1863442940912933,0.13244413597477256
2021-05-02 14:30:00,0.37099023709902373,0.13147410358565725,0.4317200297840653,0.3561863952865558,0.6077004619753701,0.01247216035634744,0.5,0.45149810404362833,0.3277893835468822,0.14779678848304567,0.5011306824017528,0.1863442940912933,0.2699126393771595
2021-05-02 14:40:00,0.402370990237099,-0.2270916334661356,0.434102755026061,0.3618996607748617,0.6038004999280209,0.011915367483296215,0.5,0.45149810404362833,0.3277893835468822,0.14779678848304567,0.5011306824017528,0.1863442940912933,0.29640750184830333
2021-05-02 14:50:00,0.2684797768479777,0.01195219123505975,0.4344005956813102,0.3536868416354222,0.5926110115035794,0.0022271714922049,0.5,0.45149810404362833,0.3277893835468822,0.14779678848304567,0.5011306824017528,0.1863442940912933,0.16179821054060986
2021-05-02 15:00:00,0.37447698744769875,0.41035856573705165,0.43767684288905406,0.36261381896089984,0.6000444962112784,0.00044543429844097997,0.5,0.45548806743194215,0.31251670225024325,0.14794731684775092,0.4716280305685804,0.1571265111261709,0.2965810160387465
2021-05-02 15:10:00,0.24058577405857742,0.14741035856573692,0.43946388682055093,0.3661846098910908,0.6250670714949418,0.00044543429844097997,0.5,0.45548806743194215,0.31251670225024325,0.14794731684775092,0.4716280305685804,0.1571265111261709,0.12708028426150852
2021-05-02 15:20:00,0.20571827057182707,-0.31474103585657376,0.4466120625465375,0.3679700053561865,0.6266637002525814,0.00033407572383073496,0.5,0.45548806743194215,0.31251670225024325,0.14794731684775092,0.4716280305685804,0.1571265111261709,0.07558429017607918
2021-05-02 15:30:00,0.29358437935843795,0.29083665338645415,0.4513775130305284,0.38332440635600795,0.5977673371634974,0.00011135857461024499,0.5,0.45548806743194215,0.31251670225024325,0.14794731684775092,0.4716280305685804,0.1571265111261709,0.19815320548606608
2021-05-02 15:40:00,0.2377963737796374,0.003984063745019917,0.4513775130305284,0.37832529905374046,0.6213765033830208,0.00011135857461024499,0.5,0.45548806743194215,0.31251670225024325,0.14794731684775092,0.4716280305685804,0.1571265111261709,0.11682785883488994
2021-05-02 15:50:00,0.17573221757322177,-0.6414342629482073,0.4576321667907668,0.39260846277450456,0.5855570533038438,0.00033407572383073496,0.5,0.45548806743194215,0.31251670225024325,0.14794731684775092,0.4716280305685804,0.1571265111261709,0.05822532703652852
2021-05-02 16:00:00,0.18479776847977683,0.027888446215139417,0.458525688756515,0.3986788073558294,0.5702712960175891,0.00044543429844097997,0.5,0.49339295309254827,0.29892502162312856,0.12231957742490482,0.43642939671291414,0.13688907709979795,0.07219699141481963
2021-05-02 16:10:00,0.23709902370990238,-0.019920318725099695,0.45941921072226344,0.4126048919835743,0.622698302600411,0.00044543429844097997,0.5,0.49339295309254827,0.29892502162312856,0.12231957742490482,0.43642939671291414,0.13688907709979795,0.1043801016944038
2021-05-02 16:20:00,0.29707112970711297,0.2111553784860556,0.46031273268801187,0.414747366541689,0.5849812199814163,0.00044543429844097997,0.5,0.49339295309254827,0.29892502162312856,0.12231957742490482,0.43642939671291414,0.13688907709979795,0.2109479910074385
2021-05-02 16:30:00,0.22384937238493724,0.31474103585657365,0.4558451228592699,0.39760757007677205,0.6106058028294357,0.00044543429844097997,0.5,0.49339295309254827,0.29892502162312856,0.12231957742490482,0.43642939671291414,0.13688907709979795,0.11995865835810311
2021-05-02 16:40:00,0.2622036262203626,-0.2509960159362551,0.45614296351451955,0.39260846277450456,0.6062216173064088,0.00044543429844097997,0.5,0.49339295309254827,0.29892502162312856,0.12231957742490482,0.43642939671291414,0.13688907709979795,0.12863436788026011
2021-05-02 16:50:00,0.3493723849372385,0.3067729083665336,0.45524944154877134,0.40260667737903955,0.5875070343275183,0.021937639198218263,0.5,0.49339295309254827,0.29892502162312856,0.12231957742490482,0.43642939671291414,0.13688907709979795,0.25938108242678454
2021-05-02 17:00:00,0.398186889818689,0.11553784860557759,0.44839910647803394,0.39118014640242826,0.6150554239572836,0.04131403118040089,0.5,0.4949401695604363,0.2977928604884381,0.1265583395060108,0.354411830239263,0.10056836998371424,0.2691355975677837
2021-05-02 17:10:00,0.32566248256624825,-0.06772908366533881,0.4424422933730452,0.38832351365827544,0.6049521665728756,0.00111358574610245,0.5,0.4949401695604363,0.2977928604884381,0.1265583395060108,0.354411830239263,0.10056836998371424,0.2308870347179263
2021-05-02 17:20:00,0.22315202231520226,-0.043824701195219196,0.4427401340282946,0.38653811819317974,0.6170315792228868,0.00011135857461024499,0.5,0.4949401695604363,0.2977928604884381,0.1265583395060108,0.354411830239263,0.10056836998371424,0.10628875778927832
2021-05-02 17:30:00,0.21617852161785217,-0.01195219123505975,0.4427401340282946,0.3929655418675235,0.6297260865582182,0.00011135857461024499,0.5,0.4949401695604363,0.2977928604884381,0.1265583395060108,0.354411830239263,0.10056836998371424,0.10091736198077765
2021-05-02 17:40:00,0.2112970711297071,0.019920318725099362,0.4427401340282946,0.39118014640242826,0.612045386135504,0.00011135857461024499,0.5,0.4949401695604363,0.2977928604884381,0.1265583395060108,0.354411830239263,0.10056836998371424,0.09400697074399868
2021-05-02 17:50:00,0.22454672245467225,0.17928286852589648,0.43946388682055093,0.37832529905374046,0.603355537815236,0.00011135857461024499,0.5,0.4949401695604363,0.2977928604884381,0.1265583395060108,0.354411830239263,0.10056836998371424,0.12745748902334142
2021-05-02 18:00:00,0.22873082287308227,-0.1394422310756973,0.43678332092330585,0.3740403499375111,0.5866563714648414,0.00011135857461024499,0.5,0.3611776709070673,0.3115598249460506,0.15823942430445945,0.41811979300571145,0.06269679146388185,0.11362161835931019
2021-05-02 18:10:00,0.24058577405857742,-0.043824701195219196,0.4346984363365598,0.38189608998393165,0.572692413395977,0.00011135857461024499,0.5,0.3611776709070673,0.3115598249460506,0.15823942430445945,0.41811979300571145,0.06269679146388185,0.12015480483425624
2021-05-02 18:20:00,0.25174337517433754,-0.5378486055776892,0.434102755026061,0.3908230673094091,0.5504443077567366,0.00011135857461024499,0.5,0.3611776709070673,0.3115598249460506,0.15823942430445945,0.41811979300571145,0.06269679146388185,0.09684355055298219
2021-05-02 18:30:00,0.2824267782426778,0.6015936254980081,0.42963514519731927,0.3908230673094091,0.5359306906073733,0.00311804008908686,0.5,0.3611776709070673,0.3115598249460506,0.15823942430445945,0.41811979300571145,0.06269679146388185,0.1939737767249574
2021-05-02 18:40:00,0.301952580195258,0.31872509960159356,0.4269545793000742,0.3743974290305303,0.5503526979099868,0.6459910913140312,0.5,0.3611776709070673,0.3115598249460506,0.15823942430445945,0.41811979300571145,0.06269679146388185,0.041386906468307255
2021-05-02 18:50:00,0.2733612273361227,0.03585657370517925,0.44363365599404303,0.3872522763792181,0.5183023386685164,0.019042316258351892,0.5,0.3611776709070673,0.3115598249460506,0.15823942430445945,0.41811979300571145,0.06269679146388185,0.13201412254628303
2021-05-02 19:00:00,0.22384937238493724,0.24302788844621515,0.4233804914370811,0.3569005534725942,0.5225949143447933,0.00033407572383073496,0.5,0.35980966058895536,0.34087245371501074,0.16431483533756716,0.45004675633404406,0.011885434025581572,0.1119166528358254
2021-05-02 19:10:00,0.2698744769874477,-0.26693227091633476,0.41414743112434826,0.34511694340296395,0.5167057099108767,0.00011135857461024499,0.5,0.35980966058895536,0.34087245371501074,0.16431483533756716,0.45004675633404406,0.011885434025581572,0.15730192977956153
2021-05-02 19:20:00,0.299163179916318,0.06772908366533859,0.4129560685033504,0.3411890733797538,0.48430199840337124,0.00011135857461024499,0.5,0.35980966058895536,0.34087245371501074,0.16431483533756716,0.45004675633404406,0.011885434025581572,0.17786713339469198
2021-05-02 19:30:00,0.21199442119944212,0.2589641434262948,0.40997766195085616,0.3261917514729513,0.49397338079595876,0.00011135857461024499,0.5,0.35980966058895536,0.34087245371501074,0.16431483533756716,0.45004675633404406,0.011885434025581572,0.12474915883338113
2021-05-02 19:40:00,0.33472803347280333,-0.21912350597609564,0.4069992553983617,0.32440635600785583,0.48388321053251493,0.00011135857461024499,0.5,0.35980966058895536,0.34087245371501074,0.16431483533756716,0.45004675633404406,0.011885434025581572,0.22026494862471147
2021-05-02 19:50:00,0.3577405857740586,0.03585657370517925,0.40491437081161563,0.31905016961256916,0.46425252908612635,0.00011135857461024499,0.5,0.35980966058895536,0.34087245371501074,0.16431483533756716,0.45004675633404406,0.011885434025581572,0.2598714486171674
2021-05-02 20:00:00,0.3758716875871687,-0.019920318725099695,0.4043186895011168,0.3201214068916265,0.4574210519427831,0.015256124721603564,0.5,0.3609171165720495,0.3597858663762523,0.15984920278935275,0.5672445495725915,0.9632481176747331,0.2653031971875613
2021-05-02 20:10:00,0.48326359832635984,0.09960159362549792,0.4043186895011168,0.31155150865916803,0.46125557838531106,0.12561247216035634,0.5,0.3609171165720495,0.3597858663762523,0.15984920278935275,0.5672445495725915,0.9632481176747331,0.1715678138720823
2021-05-02 20:20:00,0.5264993026499303,-0.019920318725099695,0.39955323901712547,0.3036957686127477,0.47859601366295434,0.13429844097995547,0.5,0.3609171165720495,0.3597858663762523,0.15984920278935275,0.5672445495725915,0.9632481176747331,0.19222354663005267
2021-05-02 20:30:00,0.5195258019525802,-0.1633466135458168,0.3915115413253907,0.29191215854311725,0.47650207430867286,0.10723830734966594,0.5,0.3609171165720495,0.3597858663762523,0.15984920278935275,0.5672445495725915,0.9632481176747331,0.2402115364304359
2021-05-02 20:40:00,0.5132496513249651,0.01195219123505975,0.38585256887565134,0.2847705766827351,0.4673934381175485,0.07884187082405346,0.5,0.3609171165720495,0.3597858663762523,0.15984920278935275,0.5672445495725915,0.9632481176747331,0.3508607812665027
2021-05-02 20:50:00,0.49023709902370993,0.03585657370517925,0.3795979151154132,0.28262810212462064,0.4735967334546073,0.0066815144766146995,0.5,0.3609171165720495,0.3597858663762523,0.15984920278935275,0.5672445495725915,0.9632481176747331,0.5370792280881753
2021-05-02 21:00:00,0.4867503486750349,0.07569721115537842,0.37483246463142206,0.283699339403678,0.47118870319718364,0.00011135857461024499,0.5,0.3682537956649654,0.3724494047533518,0.1591762002354431,0.5910000755166268,0.9302992506836173,0.5382485628498574
2021-05-02 21:10:00,0.4191073919107392,0.17928286852589648,0.3694713328369321,0.2879842885199073,0.47410713117221337,0.00011135857461024499,0.5,0.3682537956649654,0.3724494047533518,0.1591762002354431,0.5910000755166268,0.9302992506836173,0.40210027611388566
2021-05-02 21:20:00,0.2831241283124128,0.12350597609561742,0.36530156366344,0.29334047491519377,0.48986402481318136,0.00011135857461024499,0.5,0.3682537956649654,0.3724494047533518,0.1591762002354431,0.5910000755166268,0.9302992506836173,0.1895076723448557
2021-05-02 21:30:00,0.25313807531380755,-0.1633466135458168,0.36262099776619494,0.29369755400821274,0.48986402481318136,0.00011135857461024499,0.5,0.3682537956649654,0.3724494047533518,0.1591762002354431,0.5910000755166268,0.9302992506836173,0.16657362282541457
2021-05-02 21:40:00,0.4086471408647141,-0.45019920318725104,0.3620253164556959,0.3008391358685949,0.4728376804386803,0.009910913140311804,0.5,0.3682537956649654,0.3724494047533518,0.1591762002354431,0.5910000755166268,0.9302992506836173,0.45018633915234546
2021-05-02 21:50:00,0.9728033472803347,-0.12350597609561753,0.3691734921816827,0.2990537404034994,0.43362866602976013,0.10434298440979956,0.5,0.3682537956649654,0.3724494047533518,0.1591762002354431,0.5910000755166268,0.9302992506836173,0.3581911221087255
2021-05-02 22:00:00,0.9735006973500698,-0.003984063745020028,0.3694713328369321,0.26798785931083735,0.4242713745403149,0.10924276169265035,0.5,0.28510721183847876,0.4016787018651919,0.17898646855257025,0.6008651370271654,0.9125929734248759,0.2661959126092008
2021-05-02 22:10:00,0.45397489539748953,-0.3466135458167332,0.35487714072970933,0.2708444920549904,0.38953815550117127,0.18953229398663698,0.5,0.28510721183847876,0.4016787018651919,0.17898646855257025,0.6008651370271654,0.9125929734248759,0.17420070310967606
2021-05-02 22:20:00,0.31450488145048816,-0.33067729083665354,0.34772896500372297,0.2847705766827351,0.35827302351755635,0.00011135857461024499,0.5,0.28510721183847876,0.4016787018651919,0.17898646855257025,0.6008651370271654,0.9125929734248759,0.19275163329661874
2021-05-02 22:30:00,0.3682008368200837,-0.17131474103585675,0.3447505584512285,0.2908409212640599,0.33698027770870687,0.00011135857461024499,0.5,0.28510721183847876,0.4016787018651919,0.17898646855257025,0.6008651370271654,0.9125929734248759,0.3103489898456478
2021-05-02 22:40:00,0.3856345885634589,-0.05179282868525903,0.34355919583023065,0.29226923763613644,0.31492847888393033,0.00011135857461024499,0.5,0.28510721183847876,0.4016787018651919,0.17898646855257025,0.6008651370271654,0.9125929734248759,0.3135854067021742
2021-05-02 22:50:00,0.3891213389121339,0.13147410358565725,0.3447505584512285,0.2958400285663274,0.3265498423001924,0.00011135857461024499,0.5,0.28510721183847876,0.4016787018651919,0.17898646855257025,0.6008651370271654,0.9125929734248759,0.33559153250750634
2021-05-02 23:00:00,0.405160390516039,0.12350597609561742,0.3465376023827249,0.2929833958221746,0.33730745573281334,0.004231625835189309,0.5,0.2298254332649705,0.41573589037002034,0.19381902889041322,0.6789831125008224,0.9063617164590564,0.44605217496265676
2021-05-02 23:10:00,0.5327754532775453,0.13147410358565725,0.3489203276247206,0.2894126048919836,0.3542814516234574,0.04175946547884187,0.5,0.2298254332649705,0.41573589037002034,0.19381902889041322,0.6789831125008224,0.9063617164590564,0.4999622795238167
2021-05-02 23:20:00,0.8200836820083682,0.2828685258964143,0.35547282204020836,0.28048562756650597,0.3492952585360746,0.16302895322939867,0.5,0.2298254332649705,0.41573589037002034,0.19381902889041322,0.6789831125008224,0.9063617164590564,0.4027188919232917
2021-05-02 23:30:00,0.6443514644351465,-0.21912350597609564,0.3489203276247206,0.2654883056597035,0.38477444347018097,0.07717149220489977,0.5,0.2298254332649705,0.41573589037002034,0.19381902889041322,0.6789831125008224,0.9063617164590564,0.5572974033224196
2021-05-02 23:40:00,0.598326359832636,0.07569721115537842,0.34058078927773616,0.2594179610783791,0.3494392168666815,0.012917594654788419,0.5,0.2298254332649705,0.41573589037002034,0.19381902889041322,0.6789831125008224,0.9063617164590564,0.8196357710819742
2021-05-02 23:50:00,0.48465829846582986,0.29083665338645415,0.32777364110201024,0.26370291019460823,0.39422334480637605,0.005902004454342985,0.5,0.2298254332649705,0.41573589037002034,0.19381902889041322,0.6789831125008224,0.9063617164590564,0.5685984579869336
2021-05-03 00:00:00,0.47629009762900976,0.07569721115537842,0.3072226358897989,0.26298875200856986,0.40804334454463365,0.0064587973273942095,0.5,0.21582787537818238,0.43120971704592226,0.18889534372777983,0.7102422853809073,0.8966250066125523,0.5452645714199497
2021-05-03 00:10:00,0.45536959553695955,0.019920318725099362,0.2994787788533133,0.2583467237993218,0.434125976626402,0.0006681514476614699,0.5,0.21582787537818238,0.43120971704592226,0.18889534372777983,0.7102422853809073,0.8966250066125523,0.48156223124160724
2021-05-03 00:20:00,0.4295676429567643,0.05976095617529875,0.28935219657483224,0.25798964470630237,0.4555757678868226,0.00378619153674833,0.5,0.21582787537818238,0.43120971704592226,0.18889534372777983,0.7102422853809073,0.8966250066125523,0.4240611373477979
2021-05-03 00:30:00,0.2503486750348675,0.4422310756972112,0.2771407297096051,0.24299232279950012,0.45620394969310707,0.00022271714922048998,0.5,0.21582787537818238,0.43120971704592226,0.18889534372777983,0.7102422853809073,0.8966250066125523,0.13812483968797623
2021-05-03 00:40:00,0.2398884239888424,0.2828685258964143,0.2682055100521219,0.2304945545438315,0.45620394969310707,0.00011135857461024499,0.5,0.21582787537818238,0.43120971704592226,0.18889534372777983,0.7102422853809073,0.8966250066125523,0.12190503492916095
2021-05-03 00:50:00,0.25383542538354253,-0.03585657370517936,0.25837676842889046,0.21549723263702902,0.45620394969310707,0.00011135857461024499,0.5,0.21582787537818238,0.43120971704592226,0.18889534372777983,0.7102422853809073,0.8966250066125523,0.14886008720974092
2021-05-03 01:00:00,0.3354253835425383,0.027888446215139417,0.25093075204765447,0.20442778075343693,0.46325790789284266,0.00011135857461024499,0.5,0.15211827138941958,0.4544563758774959,0.19018834053193706,0.6347801204035183,0.8887888291027717,0.2494304208096323
2021-05-03 01:10:00,0.19804741980474197,-0.10756972111553798,0.24348473566641826,0.1987145152651313,0.46595385481148005,0.00011135857461024499,0.5,0.15211827138941958,0.4544563758774959,0.19018834053193706,0.6347801204035183,0.8887888291027717,0.07789278331849661
2021-05-03 01:20:00,0.0899581589958159,0.09694555112881797,0.24169769173492162,0.20549901803249426,0.43556555993247054,0.6614699331848553,0.5,0.15211827138941958,0.4544563758774959,0.19018834053193706,0.6347801204035183,0.8887888291027717,0.0
2021-05-03 01:30:00,0.2733612273361227,0.3014608233731737,0.2714817572598658,0.22299589359043037,0.3943803902579472,0.8233853006681514,0.5,0.15211827138941958,0.4544563758774959,0.19018834053193706,0.6347801204035183,0.8887888291027717,0.0031157113327398645
2021-05-03 01:40:00,0.36750348675034866,0.5059760956175297,0.2756515264333579,0.24263524370648093,0.41457381790579884,0.058797327394209356,0.5,0.15211827138941958,0.4544563758774959,0.19018834053193706,0.6347801204035183,0.8887888291027717,0.20946180424581679
2021-05-03 01:50:00,0.398884239888424,-0.02788844621513953,0.23931496649292616,0.1951437243349401,0.44684665820366176,0.08129175946547884,0.5,0.15211827138941958,0.4544563758774959,0.19018834053193706,0.6347801204035183,0.8887888291027717,0.18892677701163302
2021-05-03 02:00:00,0.4344490934449094,0.4661354581673305,0.21667907669396835,0.1533654704517049,0.4650508434649462,0.10144766146993318,0.5,0.15180071662448036,0.46116026401767746,0.17905038287086128,0.548350068692903,0.863553264947239,0.18759147215474448
2021-05-03 02:10:00,0.5334728033472803,0.15537848605577675,0.19702159344750547,0.12872701303338685,0.48962845663582466,0.07817371937639198,0.5,0.15180071662448036,0.46116026401767746,0.17905038287086128,0.548350068692903,0.863553264947239,0.3845451664981819
2021-05-03 02:20:00,0.5362622036262203,-0.24302788844621515,0.17676842889054334,0.10658810926620266,0.4976377746659512,0.01982182628062361,0.5,0.15180071662448036,0.46116026401767746,0.17905038287086128,0.548350068692903,0.863553264947239,0.5655506435113237
2021-05-03 02:30:00,0.496513249651325,-0.1872509960159363,0.16545048399106466,0.09373326191751485,0.48767847561215005,0.00757238307349666,0.5,0.15180071662448036,0.46116026401767746,0.17905038287086128,0.548350068692903,0.863553264947239,0.5707258928436713
2021-05-03 02:40:00,0.5264993026499303,0.043824701195219085,0.1603871928518239,0.09016247098732366,0.481161089371949,0.0069042316258351895,0.5,0.15180071662448036,0.46116026401767746,0.17905038287086128,0.548350068692903,0.863553264947239,0.7003560812951704
2021-05-03 02:50:00,0.4630404463040446,0.11553784860557759,0.155621742367833,0.0848062845920372,0.481161089371949,0.00033407572383073496,0.5,0.15180071662448036,0.46116026401767746,0.17905038287086128,0.548350068692903,0.863553264947239,0.5345821325648416
2021-05-03 03:00:00,0.4490934449093445,-0.13147410358565736,0.14519731943410275,0.0830208891269415,0.481161089371949,0.00033407572383073496,0.5,0.14977314896190164,0.47588697928489915,0.17213000933225137,0.4900097257010285,0.861270031041967,0.486820465621558
2021-05-03 03:10:00,0.5390516039051604,-0.03585657370517936,0.14102755026061065,0.0801642563827889,0.4751541008493542,0.000556792873051225,0.5,0.14977314896190164,0.47588697928489915,0.17213000933225137,0.4900097257010285,0.861270031041967,0.6530847805422696
2021-05-03 03:20:00,0.4260808926080893,0.07569721115537842,0.13894266567386415,0.07552222817354037,0.4762926803732447,0.00033407572383073496,0.5,0.14977314896190164,0.47588697928489915,0.17213000933225137,0.4900097257010285,0.861270031041967,0.4341325044887367
2021-05-03 03:30:00,0.3472803347280335,-0.3944223107569722,0.13060312732687973,0.07909301910373157,0.4751802750912827,0.00022271714922048998,0.5,0.14977314896190164,0.47588697928489915,0.17213000933225137,0.4900097257010285,0.861270031041967,0.265265476711378
2021-05-03 03:40:00,0.3354253835425383,-0.33864541832669326,0.12345495160089337,0.07159435815033022,0.4700108623104003,0.00044543429844097997,0.5,0.14977314896190164,0.47588697928489915,0.17213000933225137,0.4900097257010285,0.861270031041967,0.2537305550945275
2021-05-03 03:50:00,0.2838214783821479,-0.42629482071713154,0.11511541325390895,0.060167827173718935,0.4595542526599573,0.00022271714922048998,0.5,0.14977314896190164,0.47588697928489915,0.17213000933225137,0.4900097257010285,0.861270031041967,0.1746835252048222
2021-05-03 04:00:00,0.2580195258019526,-0.29083665338645437,0.10677587490692453,0.046241742545973796,0.44493593854288,0.00022271714922048998,0.5,0.05474616130954879,0.4884643124994621,0.20790401996967367,0.3958853653955977,0.8775458210053603,0.14176863768728215
2021-05-03 04:10:00,0.2189679218967922,-0.2270916334661356,0.09664929262844368,0.03160149973219073,0.44493593854288,0.00022271714922048998,0.5,0.05474616130954879,0.4884643124994621,0.20790401996967367,0.3958853653955977,0.8775458210053603,0.10646227197972148
2021-05-03 04:20:00,0.200836820083682,-0.019920318725099695,0.0895011169024571,0.019460810569541076,0.43525146902932826,0.00022271714922048998,0.5,0.05474616130954879,0.4884643124994621,0.20790401996967367,0.3958853653955977,0.8775458210053603,0.08746624017381595
2021-05-03 04:30:00,0.15690376569037656,0.5298804780876492,0.08324646314221873,0.010890912337082836,0.43102432895787257,0.00022271714922048998,0.5,0.05474616130954879,0.4884643124994621,0.20790401996967367,0.3958853653955977,0.8775458210053603,0.05713897732244971
2021-05-03 04:40:00,0.17294281729428174,0.6414342629482073,0.07520476545048371,0.0008926977325478536,0.4328696130138331,0.00022271714922048998,0.5,0.05474616130954879,0.4884643124994621,0.20790401996967367,0.3958853653955977,0.8775458210053603,0.06936795570107278
2021-05-03 04:50:00,0.15271966527196654,0.6334661354581672,0.06507818317200287,-0.009462595965006093,0.4535080027744696,0.00033407572383073496,0.5,0.05474616130954879,0.4884643124994621,0.20790401996967367,0.3958853653955977,0.8775458210053603,0.06228405027385066
2021-05-03 05:00:00,0.298465829846583,0.24302788844621515,0.05673864482501845,-0.021246206034636783,0.48068995301723577,0.00022271714922048998,0.5,0.01296521306120324,0.5045415753131404,0.23295526238666464,0.3616765014236808,0.9657782038019521,0.1820918267272206
2021-05-03 05:10:00,0.26638772663877264,-0.14741035856573714,0.049590469099031864,-0.03231565791822877,0.4807423015010928,0.00033407572383073496,0.5,0.01296521306120324,0.5045415753131404,0.23295526238666464,0.3616765014236808,0.9657782038019521,0.15339408844697258
2021-05-03 05:20:00,0.23430962343096234,-0.3705179282868527,0.04422933730454215,-0.04159971433672538,0.4788184947193467,0.00044543429844097997,0.5,0.01296521306120324,0.5045415753131404,0.23295526238666464,0.3616765014236808,0.9657782038019521,0.1115017275978092
2021-05-03 05:30:00,0.19456066945606695,0.5139442231075697,0.03827252419955318,-0.04981253347616499,0.4670008244886208,0.00033407572383073496,0.5,0.01296521306120324,0.5045415753131404,0.23295526238666464,0.3616765014236808,0.9657782038019521,0.08557267226941474
2021-05-03 05:40:00,0.23221757322175732,0.2828685258964143,0.03320923306031265,-0.05623995715050878,0.4756383243250317,0.00033407572383073496,0.5,0.01296521306120324,0.5045415753131404,0.23295526238666464,0.3616765014236808,0.9657782038019521,0.11308598759750745
2021-05-03 05:50:00,0.2099023709902371,0.08366533864541825,0.027550260610573307,-0.06266738082485268,0.48096478255748515,0.00033407572383073496,0.5,0.01296521306120324,0.5045415753131404,0.23295526238666464,0.3616765014236808,0.9657782038019521,0.0949801590295276
2021-05-03 06:00:00,0.16945606694560672,0.2669322709163344,0.021295606850334936,-0.07016604177825392,0.48096478255748515,0.00033407572383073496,0.5,-0.049042549536842395,0.5443424988577803,0.25094333856187967,0.40635830390127364,0.041865181463097735,0.05423450065633629
2021-05-03 06:10:00,0.11297071129707113,0.42605336230834245,0.014147431124348353,-0.06623817175504376,0.506314535865255,0.00033407572383073496,0.5,-0.049042549536842395,0.5443424988577803,0.25094333856187967,0.40635830390127364,0.041865181463097735,0.012734432759479155
2021-05-03 06:20:00,0.11297071129707113,0.5851744537003498,0.007892777364109982,-0.05981074808069986,0.5664629438169897,0.7878619153674833,0.5,-0.049042549536842395,0.5443424988577803,0.25094333856187967,0.40635830390127364,0.041865181463097735,0.0
2021-05-03 06:30:00,0.17782426778242677,0.7442955450923576,0.02725241995532368,-0.03731476522049626,0.6244912381725145,0.9880846325167039,0.5,-0.049042549536842395,0.5443424988577803,0.25094333856187967,0.40635830390127364,0.041865181463097735,0.0
2021-05-03 06:40:00,0.1290097629009763,0.6841724013038752,0.03618763961280713,-0.017318336011426405,0.6796011045530094,0.9996659242761693,0.5,-0.049042549536842395,0.5443424988577803,0.25094333856187967,0.40635830390127364,0.041865181463097735,0.0
2021-05-03 06:50:00,0.12622036262203626,0.6240492575153929,0.04780342516753522,-0.018032494197464666,0.6796011045530094,0.9996659242761693,0.5,-0.049042549536842395,0.5443424988577803,0.25094333856187967,0.40635830390127364,0.041865181463097735,0.0
2021-05-03 07:00:00,0.12552301255230125,0.5639261137269103,0.044825018615040735,-0.021603285127655747,0.6796011045530094,0.9996659242761693,0.5,-0.06937522659255169,0.5702845057714382,0.2288458507116238,0.4230396847074953,0.08661120174506573,0.0
2021-05-03 07:10:00,0.1506276150627615,0.5038029699384281,0.03052866716306757,-0.02803070880199965,0.6796011045530094,0.9996659242761693,0.5,-0.06937522659255169,0.5702845057714382,0.2288458507116238,0.4230396847074953,0.08661120174506573,0.0
2021-05-03 07:20:00,0.12622036262203626,0.4436798261499455,0.02427401340282942,-0.036243527941438924,0.6796011045530094,0.9996659242761693,0.5,-0.06937522659255169,0.5702845057714382,0.2288458507116238,0.4230396847074953,0.08661120174506573,0.0
2021-05-03 07:30:00,0.10320781032078104,0.3835566823614631,0.023380491437080986,-0.038386002499553595,0.6796011045530094,0.9996659242761693,0.5,-0.06937522659255169,0.5702845057714382,0.2288458507116238,0.4230396847074953,0.08661120174506573,0.0
2021-05-03 07:40:00,0.11576011157601115,0.32343353857298074,0.021295606850334936,-0.038386002499553595,0.6796011045530094,0.9996659242761693,0.5,-0.06937522659255169,0.5702845057714382,0.2288458507116238,0.4230396847074953,0.08661120174506573,0.0
2021-05-03 07:50:00,0.18270571827057183,0.26331039478449814,0.026061057334326065,-0.038386002499553595,0.6796011045530094,0.9996659242761693,0.5,-0.06937522659255169,0.5702845057714382,0.2288458507116238,0.4230396847074953,0.08661120174506573,0.0
2021-05-03 08:00:00,0.07461645746164575,0.20318725099601576,0.025167535368577854,-0.036243527941438924,0.6796011045530094,0.9996659242761693,0.5,-0.06953805637539312,0.5951863037237751,0.19809165034251863,0.4561080232757272,0.10732858666800697,0.0
2021-05-03 08:10:00,0.029288702928870293,0.16932270916334669,0.024571854058078824,-0.02660239242992324,0.6796011045530094,0.9996659242761693,0.5,-0.06953805637539312,0.5951863037237751,0.19809165034251863,0.4561080232757272,0.10732858666800697,0.0
2021-05-03 08:20:00,0.06555090655509065,0.13545816733067717,0.02576321667907644,-0.015175861453311956,0.6796011045530094,0.9996659242761693,0.5,-0.06953805637539312,0.5951863037237751,0.19809165034251863,0.4561080232757272,0.10732858666800697,0.0
2021-05-03 08:30:00,0.0808926080892608,0.10159362549800788,0.03201787043931481,-0.0048205677557580096,0.6796011045530094,0.9996659242761693,0.5,-0.06953805637539312,0.5951863037237751,0.19809165034251863,0.4561080232757272,0.10732858666800697,0.0
2021-05-03 08:40:00,0.06555090655509065,0.06772908366533859,0.03410275502606086,-0.0001785395465094819,0.6796011045530094,0.9996659242761693,0.5,-0.06953805637539312,0.5951863037237751,0.19809165034251863,0.4561080232757272,0.10732858666800697,0.0
2021-05-03 08:50:00,0.048117154811715475,0.03386454183266929,0.037081161578555344,0.00910551687198713,0.6796011045530094,0.9996659242761693,0.5,-0.06953805637539312,0.5951863037237751,0.19809165034251863,0.4561080232757272,0.10732858666800697,0.0
2021-05-03 09:00:00,0.07182705718270573,0.0,0.0466120625465376,0.019460810569541076,0.6796011045530094,0.9996659242761693,0.5,-0.05900121505304978,0.6089590151922248,0.19661071500719607,0.42813345832321753,0.10261001984030063,0.0
2021-05-03 09:10:00,0.06764295676429567,-0.033864541832669404,0.055249441548771205,0.02660239242992324,0.6796011045530094,0.9996659242761693,0.5,-0.05900121505304978,0.6089590151922248,0.19661071500719607,0.42813345832321753,0.10261001984030063,0.0
2021-05-03 09:20:00,0.08368200836820083,-0.06772908366533881,0.06269545793000741,0.034101053383324365,0.6796011045530094,0.9996659242761693,0.5,-0.05900121505304978,0.6089590151922248,0.19661071500719607,0.42813345832321753,0.10261001984030063,0.0
2021-05-03 09:30:00,0.06555090655509065,-0.10159362549800799,0.06775874906924773,0.04159971433672571,0.6796011045530094,0.9996659242761693,0.5,-0.05900121505304978,0.6089590151922248,0.19661071500719607,0.42813345832321753,0.10261001984030063,0.0
2021-05-03 09:40:00,0.06555090655509065,-0.1354581673306774,0.07609828741623215,0.04695590073201217,0.6796011045530094,0.9996659242761693,0.5,-0.05900121505304978,0.6089590151922248,0.19661071500719607,0.42813345832321753,0.10261001984030063,0.0
2021-05-03 09:50:00,0.0404463040446304,-0.16932270916334657,0.08622486969471321,0.053026245313336995,0.6796011045530094,0.9996659242761693,0.5,-0.05900121505304978,0.6089590151922248,0.19661071500719607,0.42813345832321753,0.10261001984030063,0.0
2021-05-03 10:00:00,0.05788005578800558,-0.20318725099601598,0.0939687267311986,0.05981074808069997,0.6796011045530094,0.9996659242761693,0.5,0.08729310661681922,0.620180053849494,0.13790972533709414,0.33524478699585514,0.09514118453005987,0.0
2021-05-03 10:10:00,0.0404463040446304,-0.23705179282868538,0.10826507818317177,0.06766648812712006,0.6796011045530094,0.9996659242761693,0.5,0.08729310661681922,0.620180053849494,0.13790972533709414,0.33524478699585514,0.09514118453005987,0.0
2021-05-03 10:20:00,0.03347280334728033,-0.2709163346613548,0.11898734177215187,0.07373683270844489,0.6796011045530094,0.9996659242761693,0.5,0.08729310661681922,0.620180053849494,0.13790972533709414,0.33524478699585514,0.09514118453005987,0.0
2021-05-03 10:30:00,0.0599721059972106,-0.30478087649402397,0.13298585256887563,0.07945009819675053,0.6796011045530094,0.9996659242761693,0.5,0.08729310661681922,0.620180053849494,0.13790972533709414,0.33524478699585514,0.09514118453005987,0.0
2021-05-03 10:40:00,0.039051603905160395,-0.33864541832669326,0.13953834698436318,0.08194965184788416,0.6796011045530094,0.9996659242761693,0.5,0.08729310661681922,0.620180053849494,0.13790972533709414,0.33524478699585514,0.09514118453005987,0.0
2021-05-03 10:50:00,0.019525801952580198,-0.37250996015936255,0.148175725986597,0.09016247098732366,0.6796011045530094,0.9996659242761693,0.5,0.08729310661681922,0.620180053849494,0.13790972533709414,0.33524478699585514,0.09514118453005987,0.0
2021-05-03 11:00:00,0.058577405857740586,-0.40637450199203184,0.15830230826507807,0.09337618282449567,0.6796011045530094,0.9996659242761693,0.5,0.08681265536285965,0.6230909148379196,0.1466394827911332,0.15890796745855698,0.06793315089433606,0.0
2021-05-03 11:10:00,0.06694560669456066,-0.44023904382470125,0.16574832464631406,0.09623281556864849,0.6796011045530094,0.9996659242761693,0.5,0.08681265536285965,0.6230909148379196,0.1466394827911332,0.15890796745855698,0.06793315089433606,0.0
2021-05-03 11:20:00,0.045327754532775454,-0.47410358565737054,0.17736411020104237,0.10301731833601147,0.6796011045530094,0.9996659242761693,0.5,0.08681265536285965,0.6230909148379196,0.1466394827911332,0.15890796745855698,0.06793315089433606,0.0
2021-05-03 11:30:00,0.07880055788005579,-0.5079681274900398,0.18778853313477262,0.11051597928941259,0.6796011045530094,0.9996659242761693,0.5,0.08681265536285965,0.6230909148379196,0.1466394827911332,0.15890796745855698,0.06793315089433606,0.0
2021-05-03 11:40:00,0.08368200836820083,-0.5418326693227091,0.1973194341027551,0.11123013747545074,0.6796011045530094,0.9996659242761693,0.5,0.08681265536285965,0.6230909148379196,0.1466394827911332,0.15890796745855698,0.06793315089433606,0.0
2021-05-03 11:50:00,0.12482566248256625,-0.5756972111553786,0.19940431868950093,0.11123013747545074,0.6796011045530094,0.9996659242761693,0.5,0.08681265536285965,0.6230909148379196,0.1466394827911332,0.15890796745855698,0.06793315089433606,0.0
2021-05-03 12:00:00,0.08368200836820083,-0.6095617529880479,0.20059568131049876,0.11123013747545074,0.6796011045530094,0.9996659242761693,0.5,0.084850259637125,0.6188726088843057,0.15144282135047657,0.09303096048962499,0.9507338759446943,0.0
2021-05-03 12:10:00,0.09065550906555091,-0.5941567065073041,0.21310498883097528,0.1137296911265846,0.6796011045530094,0.9996659242761693,0.5,0.084850259637125,0.6188726088843057,0.15144282135047657,0.09303096048962499,0.9507338759446943,0.0
2021-05-03 12:20:00,0.14295676429567641,-0.5787516600265605,0.22263588979895732,0.1151580074986609,0.6796011045530094,0.9996659242761693,0.5,0.084850259637125,0.6188726088843057,0.15144282135047657,0.09303096048962499,0.9507338759446943,0.0
2021-05-03 12:30:00,0.056485355648535567,-0.5633466135458167,0.22978406552494413,0.11730048205677557,0.6796011045530094,0.9996659242761693,0.5,0.084850259637125,0.6188726088843057,0.15144282135047657,0.09303096048962499,0.9507338759446943,0.0
2021-05-03 12:40:00,0.10808926080892609,-0.5479415670650731,0.23544303797468324,0.12908409212640604,0.6796011045530094,0.9996659242761693,0.5,0.084850259637125,0.6188726088843057,0.15144282135047657,0.09303096048962499,0.9507338759446943,0.0
2021-05-03 12:50:00,0.18131101813110181,-0.5325365205843294,0.23484735666418444,0.13158364577753967,0.6488987187708577,0.9996659242761693,0.5,0.084850259637125,0.6188726088843057,0.15144282135047657,0.09303096048962499,0.9507338759446943,0.0
2021-05-03 13:00:00,0.1387726638772664,-0.5171314741035857,0.2446760982874161,0.132654883056597,0.5742759550326524,0.9996659242761693,0.5,0.19949333321770912,0.6109819630064911,0.10091576283070429,0.1396357343815988,0.8737989430187142,0.0
2021-05-03 13:10:00,0.11018131101813111,-0.501726427622842,0.25390915860014873,0.13943938582395998,0.5742759550326524,0.9996659242761693,0.5,0.19949333321770912,0.6109819630064911,0.10091576283070429,0.1396357343815988,0.8737989430187142,0.0
2021-05-03 13:20:00,0.29288702928870297,-0.48632138114209833,0.26224869694713293,0.15015175861453312,0.5042598578738663,0.9996659242761693,0.5,0.19949333321770912,0.6109819630064911,0.10091576283070429,0.1396357343815988,0.8737989430187142,0.0
2021-05-03 13:30:00,0.08716875871687588,-0.47091633466135463,0.2673119880863737,0.17728976968398502,0.3284213005980814,0.9191536748329623,0.5,0.19949333321770912,0.6109819630064911,0.10091576283070429,0.1396357343815988,0.8737989430187142,0.0
2021-05-03 13:40:00,0.10460251046025104,-0.45551128818061093,0.2717795979151154,0.19300124977682542,0.319862323487456,0.9995545657015591,0.5,0.19949333321770912,0.6109819630064911,0.10091576283070429,0.1396357343815988,0.8737989430187142,0.0
2021-05-03 13:50:00,0.05160390516039052,-0.44010624169986723,0.27803425167535356,0.2029994643813604,0.319862323487456,0.9995545657015591,0.5,0.19949333321770912,0.6109819630064911,0.10091576283070429,0.1396357343815988,0.8737989430187142,0.0
2021-05-03 14:00:00,0.1087866108786611,-0.42470119521912353,0.2881608339538346,0.21656846991608636,0.319862323487456,0.9995545657015591,0.5,0.2101523135537282,0.5863244130146812,0.09325251215608488,0.19380691651813153,0.8562593819503117,0.0
2021-05-03 14:10:00,0.15481171548117156,-0.40929614873837983,0.2920327624720771,0.21835386538118184,0.3719359778042429,0.9992204899777284,0.5,0.2101523135537282,0.5863244130146812,0.09325251215608488,0.19380691651813153,0.8562593819503117,0.0
2021-05-03 14:20:00,0.1603905160390516,-0.3938911022576361,0.29590469099032,0.225495447241564,0.4183559958644698,0.9995545657015591,0.5,0.2101523135537282,0.5863244130146812,0.09325251215608488,0.19380691651813153,0.8562593819503117,0.0
2021-05-03 14:30:00,0.17782426778242677,-0.3784860557768924,0.3036485480268054,0.23656489912515632,0.35781497428380726,0.996770601336303,0.5,0.2101523135537282,0.5863244130146812,0.09325251215608488,0.19380691651813153,0.8562593819503117,0.0
2021-05-03 14:40:00,0.22315202231520226,-0.031872509960159556,0.303350707371556,0.2508480628459204,0.4467419612359477,0.5129175946547885,0.5,0.2101523135537282,0.5863244130146812,0.09325251215608488,0.19380691651813153,0.8562593819503117,0.004315222475368529
2021-05-03 14:50:00,0.1596931659693166,0.31474103585657365,0.3063291139240505,0.225495447241564,0.45146641190404524,0.00011135857461024499,0.5,0.2101523135537282,0.5863244130146812,0.09325251215608488,0.19380691651813153,0.8562593819503117,0.03940280942106613
2021-05-03 15:00:00,0.10599721059972106,0.33864541832669315,0.31347728965003685,0.2272808427066595,0.4893274528536467,0.7048997772828508,0.5,0.22034718564963307,0.5794337470223316,0.08677548079355712,0.23884452010439422,0.8697354227827874,0.0
2021-05-03 15:10:00,0.3396094839609484,-0.3784860557768924,0.32777364110201024,0.2544188537761116,0.4413108060357802,0.3650334075723831,0.5,0.22034718564963307,0.5794337470223316,0.08677548079355712,0.23884452010439422,0.8697354227827874,0.11422514597824283
2021-05-03 15:20:00,0.2691771269177127,0.25099601593625476,0.33581533879374503,0.22192465631137304,0.4512962793315099,0.00011135857461024499,0.5,0.22034718564963307,0.5794337470223316,0.08677548079355712,0.23884452010439422,0.8697354227827874,0.13503176064094635
2021-05-03 15:30:00,0.08926080892608089,0.9521912350597608,0.3331347728965002,0.22299589359043037,0.47767991519545616,0.33585746102449887,0.5,0.22034718564963307,0.5794337470223316,0.08677548079355712,0.23884452010439422,0.8697354227827874,0.0
2021-05-03 15:40:00,0.08228730822873082,0.7490039840637448,0.33581533879374503,0.2572754865202642,0.4854798392901546,0.9995545657015591,0.5,0.22034718564963307,0.5794337470223316,0.08677548079355712,0.23884452010439422,0.8697354227827874,0.0
2021-05-03 15:50:00,0.06485355648535565,0.5458167330677288,0.341772151898734,0.2819139439385825,0.4854798392901546,0.9995545657015591,0.5,0.22034718564963307,0.5794337470223316,0.08677548079355712,0.23884452010439422,0.8697354227827874,0.0
2021-05-03 16:00:00,0.18270571827057183,0.3426294820717133,0.3501116902457184,0.2951258703802895,0.4854798392901546,0.9995545657015591,0.5,0.27577551769831654,0.5585060070630774,0.05470190628258727,0.24709022774933748,0.8971464404486151,0.0
2021-05-03 16:10:00,0.08716875871687588,0.1394422310756971,0.35189873417721507,0.29833958221746126,0.4854798392901546,0.9995545657015591,0.5,0.27577551769831654,0.5585060070630774,0.05470190628258727,0.24709022774933748,0.8971464404486151,0.0
2021-05-03 16:20:00,0.24476987447698745,-0.06374501992031889,0.356664184661206,0.30798071772897706,0.4472261847116253,0.8138084632516703,0.5,0.27577551769831654,0.5585060070630774,0.05470190628258727,0.24709022774933748,0.8971464404486151,0.0
2021-05-03 16:30:00,0.1596931659693166,-0.26693227091633476,0.356664184661206,0.29976789858953756,0.40700946198845717,0.005902004454342985,0.5,0.27577551769831654,0.5585060070630774,0.05470190628258727,0.24709022774933748,0.8971464404486151,0.0318888905653545
2021-05-03 16:40:00,0.09274755927475593,0.20318725099601576,0.35547282204020836,0.28869844670594547,0.37329703838452577,0.85,0.5,0.27577551769831654,0.5585060070630774,0.05470190628258727,0.24709022774933748,0.8971464404486151,0.0
2021-05-03 16:50:00,0.13528591352859135,-0.3545816733067729,0.3560685033507074,0.29369755400821274,0.37225006870738503,0.9995545657015591,0.5,0.27577551769831654,0.5585060070630774,0.05470190628258727,0.24709022774933748,0.8971464404486151,0.0
2021-05-03 17:00:00,0.11087866108786612,0.1394422310756973,0.3581533879374532,0.28691305124084976,0.37225006870738503,0.9995545657015591,0.5,0.2856120775539379,0.5555319289554514,0.05274884196512688,0.2585172972626256,0.9186146899732234,0.0
2021-05-03 17:10:00,0.0697350069735007,0.6334661354581672,0.356664184661206,0.28048562756650597,0.37225006870738503,0.9995545657015591,0.5,0.2856120775539379,0.5555319289554514,0.05274884196512688,0.2585172972626256,0.9186146899732234,0.0
2021-05-03 17:20:00,0.2838214783821479,0.21912350597609564,0.35636634400595657,0.2722728084270667,0.39295389407284287,0.9973273942093541,0.5,0.2856120775539379,0.5555319289554514,0.05274884196512688,0.2585172972626256,0.9186146899732234,0.0
2021-05-03 17:30:00,0.2615062761506276,-0.19521912350597614,0.35517498138495895,0.25798964470630237,0.4558767716690006,0.02951002227171492,0.5,0.2856120775539379,0.5555319289554514,0.05274884196512688,0.2585172972626256,0.9186146899732234,0.09796762074324428
2021-05-03 17:40:00,0.11018131101813111,-0.26693227091633476,0.3614296351451971,0.2529905374040351,0.4414155030034943,0.13240534521158132,0.5,0.2856120775539379,0.5555319289554514,0.05274884196512688,0.2585172972626256,0.9186146899732234,0.0
2021-05-03 17:50:00,0.1903765690376569,-0.22231075697211167,0.3533879374534623,0.2740582038921622,0.48167148708955515,0.9788418708240535,0.5,0.2856120775539379,0.5555319289554514,0.05274884196512688,0.2585172972626256,0.9186146899732234,0.0
2021-05-03 18:00:00,0.12831241283124128,-0.17768924302788847,0.34772896500372297,0.28262810212462064,0.52697909986782,0.9995545657015591,0.5,0.2407531394429301,0.5354719876324326,0.0628952399938267,0.31413983691864,0.9422336315656711,0.0
2021-05-03 18:10:00,0.15760111576011157,-0.1330677290836655,0.34772896500372297,0.28262810212462064,0.52697909986782,0.9995545657015591,0.5,0.2407531394429301,0.5354719876324326,0.0628952399938267,0.31413983691864,0.9422336315656711,0.0
2021-05-03 18:20:00,0.22454672245467225,-0.08844621513944229,0.34772896500372297,0.2751294411712195,0.4911073013047859,0.9297327394209354,0.5,0.2407531394429301,0.5354719876324326,0.0628952399938267,0.31413983691864,0.9422336315656711,0.0
2021-05-03 18:30:00,0.20013947001394702,-0.043824701195219196,0.3444527177959791,0.2719157293340475,0.45206841946840115,0.00824053452115813,0.5,0.2407531394429301,0.5354719876324326,0.0628952399938267,0.31413983691864,0.9422336315656711,0.06257826998808033
2021-05-03 18:40:00,0.1596931659693166,0.7290836653386452,0.3462397617274757,0.2658453847527229,0.48291476358115976,0.054788418708240534,0.5,0.2407531394429301,0.5354719876324326,0.0628952399938267,0.31413983691864,0.9422336315656711,0.0
2021-05-03 18:50:00,0.12482566248256625,-0.9681274900398407,0.33998510796723735,0.2733440457061238,0.5245187211265394,0.5942093541202673,0.5,0.2407531394429301,0.5354719876324326,0.0628952399938267,0.31413983691864,0.9422336315656711,0.0
2021-05-03 19:00:00,0.2545327754532775,-0.5856573705179284,0.3373045420699925,0.26477414747366557,0.49666932771459604,0.33585746102449887,0.5,0.24461285901682417,0.5682184553758995,0.060307344173658246,0.3525273636380398,0.01597946904155454,0.06968480770101242
2021-05-03 19:10:00,0.18131101813110181,0.05976095617529875,0.341772151898734,0.2447777182645956,0.4661763358678725,0.00011135857461024499,0.5,0.24461285901682417,0.5682184553758995,0.060307344173658246,0.3525273636380398,0.01597946904155454,0.06192947779772772
2021-05-03 19:20:00,0.12831241283124128,0.33864541832669315,0.3411764705882352,0.25513301196214955,0.4758084568975672,0.9266146993318485,0.5,0.24461285901682417,0.5682184553758995,0.060307344173658246,0.3525273636380398,0.01597946904155454,0.0
2021-05-03 19:30:00,0.1596931659693166,0.6494023904382469,0.3301563663440057,0.25513301196214955,0.4759916765910668,0.9996659242761693,0.5,0.24461285901682417,0.5682184553758995,0.060307344173658246,0.3525273636380398,0.01597946904155454,0.0
2021-05-03 19:40:00,0.1492329149232915,0.9601593625498008,0.3253909158600148,0.24763435100874842,0.5401447435578647,0.36347438752783967,0.5,0.24461285901682417,0.5682184553758995,0.060307344173658246,0.3525273636380398,0.01597946904155454,0.0
2021-05-03 19:50:00,0.17294281729428174,-0.7051792828685259,0.3268801191362618,0.25370469559007325,0.5525775084739109,0.6829621380846325,0.5,0.24461285901682417,0.5682184553758995,0.060307344173658246,0.3525273636380398,0.01597946904155454,0.0
2021-05-03 20:00:00,0.21617852161785217,-0.08366533864541836,0.3304542069992553,0.2512051419389394,0.5381555011712974,0.08986636971046771,0.5,0.25072811461989297,0.5662328631320643,0.05184896894410882,0.38607361754629216,0.07391333142965706,0.06717262398720522
2021-05-03 20:10:00,0.2301255230125523,0.13147410358565725,0.3370067014147431,0.23335118728798432,0.5360615618170159,0.00011135857461024499,0.5,0.25072811461989297,0.5662328631320643,0.05184896894410882,0.38607361754629216,0.07391333142965706,0.09869939798120013
2021-05-03 20:20:00,0.15550906555090654,-0.06772908366533881,0.3352196574832462,0.23263702910194617,0.5344649330593763,0.00011135857461024499,0.5,0.25072811461989297,0.5662328631320643,0.05184896894410882,0.38607361754629216,0.07391333142965706,0.04492508713429998
2021-05-03 20:30:00,0.15411436541143653,0.09163346613545809,0.33253909158600115,0.2447777182645956,0.5328683043017366,0.00011135857461024499,0.5,0.25072811461989297,0.5662328631320643,0.05184896894410882,0.38607361754629216,0.07391333142965706,0.035253557040904084
2021-05-03 20:40:00,0.28521617852161785,0.6573705179282865,0.33134772896500375,0.25691840742724525,0.5540432660219079,0.00011135857461024499,0.5,0.25072811461989297,0.5662328631320643,0.05184896894410882,0.38607361754629216,0.07391333142965706,0.20184226805679195
2021-05-03 20:50:00,0.4839609483960949,-0.2509960159362551,0.28696947133283657,0.2162113908230674,0.5790658413055713,0.00011135857461024499,0.5,0.25072811461989297,0.5662328631320643,0.05184896894410882,0.38607361754629216,0.07391333142965706,0.5214855832340027
2021-05-03 21:00:00,0.499302649930265,0.2749003984063745,0.23752792256142952,0.15407962863774327,0.5743675648794022,0.00011135857461024499,0.5,0.2582765524779178,0.5895772211478529,0.04554174169307254,0.4343816892320534,0.1284668166345546,0.5692019856058663
2021-05-03 21:10:00,0.4476987447698745,0.09960159362549792,0.21846612062546522,0.1269416175682916,0.5881352161338027,0.00011135857461024499,0.5,0.2582765524779178,0.5895772211478529,0.04554174169307254,0.4343816892320534,0.1284668166345546,0.4684958582917151
2021-05-03 21:20:00,0.4456066945606694,-0.298804780876494,0.20327624720774362,0.11194429566148911,0.5866040229809845,0.00011135857461024499,0.5,0.2582765524779178,0.5895772211478529,0.04554174169307254,0.4343816892320534,0.1284668166345546,0.4699745009581001
2021-05-03 21:30:00,0.45746164574616455,0.3227091633466135,0.19374534623976158,0.10016068559185864,0.5835808980382405,0.00011135857461024499,0.5,0.2582765524779178,0.5895772211478529,0.04554174169307254,0.4343816892320534,0.1284668166345546,0.4862999230502286
2021-05-03 21:40:00,0.40446304044630405,0.06772908366533859,0.18510796723752776,0.09194786645241915,0.5915771289474028,0.00011135857461024499,0.5,0.2582765524779178,0.5895772211478529,0.04554174169307254,0.4343816892320534,0.1284668166345546,0.3875024518309519
2021-05-03 21:50:00,0.44421199442119946,-0.03585657370517936,0.17766195085629177,0.08944831280128551,0.5942076402612189,0.00011135857461024499,0.5,0.2582765524779178,0.5895772211478529,0.04554174169307254,0.4343816892320534,0.1284668166345546,0.4519139369615402
2021-05-03 22:00:00,0.42677824267782427,-0.17131474103585675,0.16991809381980638,0.0830208891269415,0.6027142688879873,0.00011135857461024499,0.5,0.1534292812776099,0.6037694644073275,0.07445574231471537,0.5312891998537398,0.16508353873552045,0.43364213829835385
2021-05-03 22:10:00,0.48535564853556484,0.14741035856573692,0.16485480268056585,0.07623638635957874,0.6027142688879873,0.00011135857461024499,0.5,0.1534292812776099,0.6037694644073275,0.07445574231471537,0.5312891998537398,0.16508353873552045,0.5911930232207251
2021-05-03 22:20:00,0.4665271966527197,0.14741035856573692,0.15860014892032748,0.07230851633636859,0.6027142688879873,0.00011135857461024499,0.5,0.1534292812776099,0.6037694644073275,0.07445574231471537,0.5312891998537398,0.16508353873552045,0.4751799266713943
2021-05-03 22:30:00,0.46582984658298465,0.31474103585657365,0.1520476545048397,0.06802356722013925,0.6117967308371831,0.00011135857461024499,0.5,0.1534292812776099,0.6037694644073275,0.07445574231471537,0.5312891998537398,0.16508353873552045,0.5403759977065951
2021-05-03 22:40:00,0.5216178521617852,-0.29083665338645437,0.14460163812360372,0.061596143545795234,0.6053971286856604,0.00011135857461024499,0.5,0.1534292812776099,0.6037694644073275,0.07445574231471537,0.5312891998537398,0.16508353873552045,0.6414744179730525
2021-05-03 22:50:00,0.49581589958159,0.3227091633466135,0.14043186895011162,0.0576682735225853,0.6018112575414535,0.00011135857461024499,0.5,0.1534292812776099,0.6037694644073275,0.07445574231471537,0.5312891998537398,0.16508353873552045,0.6118563000739321
2021-05-03 23:00:00,0.502092050209205,0.09960159362549792,0.13447505584512287,0.054454561685413294,0.6141000641268928,0.00011135857461024499,0.5,0.07256268129488697,0.6184731916312046,0.09709612142807413,0.5743190653836476,0.19292314517893075,0.6264541243568659
2021-05-03 23:10:00,0.5432357043235705,0.3227091633466135,0.13030528667163077,0.054454561685413294,0.6141131512478569,0.00011135857461024499,0.5,0.07256268129488697,0.6184731916312046,0.09709612142807413,0.5743190653836476,0.19292314517893075,0.6999109796762074
2021-05-03 23:20:00,0.5209205020920502,0.01195219123505975,0.12702903946388688,0.05124084984824129,0.6141131512478569,0.00011135857461024499,0.5,0.07256268129488697,0.6184731916312046,0.09709612142807413,0.5743190653836476,0.19292314517893075,0.6681729710155861
2021-05-03 23:30:00,0.4916317991631799,0.05976095617529875,0.12226358897989575,0.054454561685413294,0.6141131512478569,0.00011135857461024499,0.5,0.07256268129488697,0.6184731916312046,0.09709612142807413,0.5743190653836476,0.19292314517893075,0.6148286735971755
2021-05-03 23:40:00,0.4693165969316597,0.2350597609561753,0.117200297840655,0.054454561685413294,0.6141131512478569,0.00011135857461024499,0.5,0.07256268129488697,0.6184731916312046,0.09709612142807413,0.5743190653836476,0.19292314517893075,0.5311420251369253
2021-05-03 23:50:00,0.44979079497907953,0.346613545816733,0.11451973194341014,0.05338332440635596,0.6141131512478569,0.00011135857461024499,0.5,0.07256268129488697,0.6184731916312046,0.09709612142807413,0.5743190653836476,0.19292314517893075,0.46897113629162457
2021-05-04 00:00:00,0.44002789400278935,0.01195219123505975,0.1088607594936708,0.04874129619710765,0.622960045019696,0.00011135857461024499,0.5,0.0600552727398862,0.6092894683152925,0.10088177664558129,0.5910246393995453,0.218525171791583,0.4708420719103158
2021-05-04 00:10:00,0.3891213389121339,-0.043824701195219196,0.10379746835443027,0.04874129619710765,0.6253157267932629,0.00011135857461024499,0.5,0.0600552727398862,0.6092894683152925,0.10088177664558129,0.5910246393995453,0.218525171791583,0.34819771564796237
2021-05-04 00:20:00,0.3884239888423989,-0.09960159362549814,0.09664929262844368,0.04159971433672571,0.6253157267932629,0.011915367483296215,0.5,0.0600552727398862,0.6092894683152925,0.10088177664558129,0.5910246393995453,0.218525171791583,0.3453460476485055
2021-05-04 00:30:00,0.46164574616457466,0.019920318725099362,0.09188384214445255,0.035529369755400886,0.6253157267932629,0.011247216035634744,0.5,0.0600552727398862,0.6092894683152925,0.10088177664558129,0.5910246393995453,0.218525171791583,0.5007393213331925
2021-05-04 00:40:00,0.4714086471408647,0.13147410358565725,0.08711839166046165,0.024816996964827753,0.6253157267932629,0.00011135857461024499,0.5,0.0600552727398862,0.6092894683152925,0.10088177664558129,0.5910246393995453,0.218525171791583,0.5456568643722558
2021-05-04 00:50:00,0.5516039051603905,-0.36254980079681276,0.0814594192107223,0.021603285127655747,0.6253157267932629,0.000556792873051225,0.5,0.0600552727398862,0.6092894683152925,0.10088177664558129,0.5910246393995453,0.218525171791583,0.7633492765212668
2021-05-04 01:00:00,0.5620641562064157,-0.298804780876494,0.07669396872673095,0.018746652383502926,0.6253157267932629,0.000556792873051225,0.5,0.034136620258066186,0.6064619389839869,0.11317970309516501,0.6068553703184656,0.23558663147875192,0.7893085082306079
2021-05-04 01:10:00,0.5153417015341701,-0.13147410358565736,0.07490692479523453,0.018746652383502926,0.6253157267932629,0.00022271714922048998,0.5,0.034136620258066186,0.6064619389839869,0.11317970309516501,0.6068553703184656,0.23558663147875192,0.6902847141542315
2021-05-04 01:20:00,0.5,0.1633466135458166,0.07311988086373788,0.021246206034636783,0.6253157267932629,0.0006681514476614699,0.5,0.034136620258066186,0.6064619389839869,0.11317970309516501,0.6068553703184656,0.23558663147875192,0.6356956410217722
2021-05-04 01:30:00,0.5320781032078103,0.2828685258964143,0.07073715562174243,0.018746652383502926,0.6253157267932629,0.0010022271714922048,0.5,0.034136620258066186,0.6064619389839869,0.11317970309516501,0.6068553703184656,0.23558663147875192,0.7236597914812077
2021-05-04 01:40:00,0.5264993026499303,0.043824701195219085,0.06716306775874892,0.01696125691840744,0.6253157267932629,0.0032293986636971047,0.5,0.034136620258066186,0.6064619389839869,0.11317970309516501,0.6068553703184656,0.23558663147875192,0.7068590913891697
2021-05-04 01:50:00,0.5425383542538355,-0.01195219123505975,0.06478034251675346,0.018389573290483963,0.6253157267932629,0.005679287305122495,0.5,0.034136620258066186,0.6064619389839869,0.11317970309516501,0.6068553703184656,0.23558663147875192,0.7445343030010411
2021-05-04 02:00:00,0.6157601115760112,0.14741035856573692,0.06478034251675346,0.013747545081235657,0.6253157267932629,0.008797327394209355,0.5,0.01857563630190273,0.5968989129529017,0.12304558828247646,0.6349018187575725,0.2415013520644829,0.9409825429636224
2021-05-04 02:10:00,0.6171548117154811,0.38645418326693215,0.06090841399851055,0.008034279592929794,0.6253157267932629,0.008574610244988864,0.5,0.01857563630190273,0.5968989129529017,0.12304558828247646,0.6349018187575725,0.2415013520644829,0.9064758513511474
2021-05-04 02:20:00,0.5815899581589958,0.38645418326693215,0.054951600893522023,0.0026780931976433386,0.6253157267932629,0.0071269487750556795,0.5,0.01857563630190273,0.5968989129529017,0.12304558828247646,0.6349018187575725,0.2415013520644829,0.8463569564102178
2021-05-04 02:30:00,0.5913528591352859,0.36254980079681287,0.047505584512285814,0.0008926977325478536,0.6253157267932629,0.013585746102449888,0.5,0.01857563630190273,0.5968989129529017,0.12304558828247646,0.6349018187575725,0.2415013520644829,0.8446444467914962
2021-05-04 02:40:00,0.6269177126917713,0.043824701195219085,0.04184661206254625,-0.0008926977325478536,0.6319901584850348,0.027505567928730514,0.5,0.01857563630190273,0.5968989129529017,0.12304558828247646,0.6349018187575725,0.2415013520644829,0.8786834044992984
2021-05-04 02:50:00,0.6331938633193863,-0.3466135458167332,0.0352941176470587,0.004463488662738824,0.6365575637015612,0.043429844097995544,0.5,0.01857563630190273,0.5968989129529017,0.12304558828247646,0.6349018187575725,0.2415013520644829,0.8727235692623383
2021-05-04 03:00:00,0.6471408647140864,-0.3705179282868527,0.034996276991809294,0.008034279592929794,0.6365575637015612,0.04988864142538976,0.5,-0.0013743474051129967,0.5866721071702603,0.1390455994421193,0.6469188915830648,0.24002329198918435,0.8540519335516091
2021-05-04 03:10:00,0.6429567642956765,-0.14741035856573714,0.034996276991809294,0.006605963220853273,0.6286660297601131,0.05434298440979955,0.5,-0.0013743474051129967,0.5866721071702603,0.1390455994421193,0.6469188915830648,0.24002329198918435,0.8501516363142569
2021-05-04 03:20:00,0.6255230125523014,-0.09960159362549814,0.033804914370811234,0.0008926977325478536,0.6266244388896888,0.06536748329621381,0.5,-0.0013743474051129967,0.5866721071702603,0.1390455994421193,0.6469188915830648,0.24002329198918435,0.758400350046019
2021-05-04 03:30:00,0.6290097629009763,-0.02788844621513953,0.033804914370811234,0.0008926977325478536,0.6266244388896888,0.0477728285077951,0.5,-0.0013743474051129967,0.5866721071702603,0.1390455994421193,0.6469188915830648,0.24002329198918435,0.8212351192721457
2021-05-04 03:40:00,0.596234309623431,-0.10756972111553798,0.03201787043931481,0.0008926977325478536,0.6266244388896888,0.032628062360801784,0.5,-0.0013743474051129967,0.5866721071702603,0.1390455994421193,0.6469188915830648,0.24002329198918435,0.8306727824132052
2021-05-04 03:50:00,0.605997210599721,-0.2828685258964144,0.03052866716306757,0.0030351722906625245,0.6266244388896888,0.03763919821826281,0.5,-0.0013743474051129967,0.5866721071702603,0.1390455994421193,0.6469188915830648,0.24002329198918435,0.8258143850807973
2021-05-04 04:00:00,0.6164574616457461,-0.17928286852589637,0.027550260610573307,0.006248884127834309,0.6213765033830208,0.04242761692650334,0.5,-0.060621641552346284,0.5750717657978138,0.18507570232514964,0.6530442397916327,0.23697770820319994,0.8112693694645201
2021-05-04 04:10:00,0.5871687587168759,0.1872509960159361,0.031124348473566377,-0.001963935011604967,0.6153433406184974,0.032405345211581296,0.5,-0.060621641552346284,0.5750717657978138,0.18507570232514964,0.6530442397916327,0.23697770820319994,0.7878298655642229
2021-05-04 04:20:00,0.5620641562064157,0.09163346613545809,0.02635889798957547,-0.0026780931976432276,0.6153433406184974,0.03596881959910913,0.5,-0.060621641552346284,0.5750717657978138,0.18507570232514964,0.6530442397916327,0.23697770820319994,0.7250780813856994
2021-05-04 04:30:00,0.5334728033472803,-0.003984063745020028,0.025167535368577854,-0.0026780931976432276,0.6153433406184974,0.030400890868596882,0.5,-0.060621641552346284,0.5750717657978138,0.18507570232514964,0.6530442397916327,0.23697770820319994,0.6697270546343377
2021-05-04 04:40:00,0.49581589958159,-0.17131474103585675,0.02159344750558434,-0.0008926977325478536,0.6153433406184974,0.018151447661469932,0.5,-0.060621641552346284,0.5750717657978138,0.18507570232514964,0.6530442397916327,0.23697770820319994,0.593426075410776
2021-05-04 04:50:00,0.5041841004184101,-0.05179282868525903,0.017721518987341645,0.0008926977325478536,0.6153433406184974,0.017706013363028954,0.5,-0.060621641552346284,0.5750717657978138,0.18507570232514964,0.6530442397916327,0.23697770820319994,0.607201593312914
2021-05-04 05:00:00,0.4721059972105997,-0.09960159362549814,0.016232315711094403,-0.0012497768255668174,0.6153433406184974,0.006347438752783964,0.5,-0.05893610982238484,0.5709425385121571,0.1920781246017244,0.659521393070501,0.22978954962709672,0.5823739758890717
2021-05-04 05:10:00,0.47698744769874474,-0.31474103585657376,0.014147431124348353,-0.0030351722906623024,0.6153433406184974,0.0012249443207126948,0.5,-0.05893610982238484,0.5709425385121571,0.1920781246017244,0.659521393070501,0.22978954962709672,0.5888920741735444
2021-05-04 05:20:00,0.49790794979079495,-0.3227091633466136,0.011169024571854091,-0.009462595965006093,0.6153433406184974,0.00111358574610245,0.5,-0.05893610982238484,0.5709425385121571,0.1920781246017244,0.659521393070501,0.22978954962709672,0.6406822879732034
2021-05-04 05:30:00,0.5013947001394701,-0.019920318725099695,0.012062546537602303,-0.01267630780217821,0.6078836816688696,0.0013363028953229399,0.5,-0.05893610982238484,0.5709425385121571,0.1920781246017244,0.659521393070501,0.22978954962709672,0.6310258460702809
2021-05-04 05:40:00,0.5094142468619247,-0.19123505976095623,0.010126552494415186,-0.014997286198893067,0.6099776210231511,0.00155902004454343,0.5,-0.05893610982238484,0.5709425385121571,0.1920781246017244,0.659521393070501,0.22978954962709672,0.6454313261010607
2021-05-04 05:50:00,0.5174337517433751,-0.36254980079681276,0.008190618019359386,-0.017318336011426405,0.6120715603774326,0.0017817371937639199,0.5,-0.05893610982238484,0.5709425385121571,0.1920781246017244,0.659521393070501,0.22978954962709672,0.6598367457790787
2021-05-04 06:00:00,0.5125523012552301,0.1872509960159361,0.008190618019359386,-0.021603285127655747,0.6041276779521273,0.0012249443207126948,0.5,-0.05678636979304086,0.5659282715577576,0.24368411768502848,0.6734439614231157,0.2139255685911489,0.6913107111064171
2021-05-04 06:10:00,0.5509065550906556,-0.06772908366533881,0.008190618019359386,-0.027673629708980574,0.6041276779521273,0.012360801781737195,0.5,-0.05678636979304086,0.5659282715577576,0.24368411768502848,0.6734439614231157,0.2139255685911489,0.7522141919519593
2021-05-04 06:20:00,0.5746164574616458,-0.05179282868525903,0.0117647058823529,-0.027673629708980574,0.6041276779521273,0.03173719376391983,0.5,-0.05678636979304086,0.5659282715577576,0.24368411768502848,0.6734439614231157,0.2139255685911489,0.7346968028124388
2021-05-04 06:30:00,0.590655509065551,-0.11553784860557781,0.012062546537602303,-0.027673629708980574,0.6041276779521273,0.03830734966592428,0.5,-0.05678636979304086,0.5659282715577576,0.24368411768502848,0.6734439614231157,0.2139255685911489,0.7502300949047181
2021-05-04 06:40:00,0.592747559274756,-0.15537848605577698,0.012956068503350515,-0.025531155150865903,0.6041276779521273,0.029955456570155903,0.5,-0.05678636979304086,0.5659282715577576,0.24368411768502848,0.6734439614231157,0.2139255685911489,0.8050681231799871
2021-05-04 06:50:00,0.597629009762901,-0.06772908366533881,0.014147431124348353,-0.025174076057846828,0.6041276779521273,0.02806236080178174,0.5,-0.05678636979304086,0.5659282715577576,0.24368411768502848,0.6734439614231157,0.2139255685911489,0.8031820993708225
2021-05-04 07:00:00,0.6199442119944213,-0.043824701195219196,0.014147431124348353,-0.027316550615961277,0.6041276779521273,0.033184855233853006,0.5,-0.05286968314231477,0.5586726703773216,0.24070068861337254,0.6657668574912348,0.20507276896549034,0.8513737797425954
2021-05-04 07:10:00,0.605997210599721,-0.12350597609561753,0.014147431124348353,-0.024102838778789493,0.6041276779521273,0.027728285077951005,0.5,-0.05286968314231477,0.5586726703773216,0.24070068861337254,0.6657668574912348,0.20507276896549034,0.8578013488842283
2021-05-04 07:20:00,0.606694560669456,-0.03585657370517936,0.014147431124348353,-0.024102838778789493,0.6041276779521273,0.004677060133630289,0.5,-0.05286968314231477,0.5586726703773216,0.24070068861337254,0.6657668574912348,0.20507276896549034,0.9039410353516303
2021-05-04 07:30:00,0.5788005578800558,0.1633466135458166,0.014743112434847383,-0.02624531333690394,0.6041276779521273,0.0016703786191536749,0.5,-0.05286968314231477,0.5586726703773216,0.24070068861337254,0.6657668574912348,0.20507276896549034,0.8430300104108515
2021-05-04 07:40:00,0.5495118549511855,0.346613545816733,0.016827997021593433,-0.020889126941617486,0.6041276779521273,0.0013363028953229399,0.5,-0.05286968314231477,0.5586726703773216,0.24070068861337254,0.6657668574912348,0.20507276896549034,0.8038459797516484
2021-05-04 07:50:00,0.5620641562064157,0.2111553784860556,0.01801935964259105,-0.017675415104445702,0.6078836816688696,0.015033407572383075,0.5,-0.05286968314231477,0.5586726703773216,0.24070068861337254,0.6657668574912348,0.20507276896549034,0.7852648731837591
2021-05-04 08:00:00,0.5271966527196652,-0.3067729083665339,0.018912881608339482,-0.007320121406891644,0.6153433406184974,0.00824053452115813,0.5,-0.04969396872747622,0.564396693169966,0.25220349050802626,0.6441440768943582,0.20680024629820096,0.7232373221479548
2021-05-04 08:10:00,0.5446304044630405,-0.11553784860557781,0.02427401340282942,-0.0005356186395285567,0.6153433406184974,0.00111358574610245,0.5,-0.04969396872747622,0.564396693169966,0.25220349050802626,0.6441440768943582,0.20680024629820096,0.7733678349955491
2021-05-04 08:20:00,0.5411436541143654,0.003984063745019917,0.029635145197319357,0.0012497768255668174,0.6153433406184974,0.0012249443207126948,0.5,-0.04969396872747622,0.564396693169966,0.25220349050802626,0.6441440768943582,0.20680024629820096,0.801446957466391
2021-05-04 08:30:00,0.5857740585774059,0.09960159362549792,0.037974683544303556,0.006248884127834309,0.6153433406184974,0.0022271714922049,0.5,-0.04969396872747622,0.564396693169966,0.25220349050802626,0.6441440768943582,0.20680024629820096,0.8828703773556438
2021-05-04 08:40:00,0.6199442119944213,0.11553784860557759,0.04810126582278462,0.007320121406891644,0.6153433406184974,0.00311804008908686,0.5,-0.04969396872747622,0.564396693169966,0.25220349050802626,0.6441440768943582,0.20680024629820096,0.9643616941020263
2021-05-04 08:50:00,0.5808926080892608,0.2669322709163344,0.055249441548771205,0.010533833244063429,0.6153433406184974,0.0038975501113585743,0.5,-0.04969396872747622,0.564396693169966,0.25220349050802626,0.6441440768943582,0.20680024629820096,0.8878268479261282
2021-05-04 09:00:00,0.6576011157601116,-0.07569721115537853,0.062099776619508384,0.01767541510444559,0.6234966169792306,0.009242761692650333,0.5,-0.05287782129614782,0.571149430902253,0.25663183970390424,0.7240962430204311,0.22252019493810488,0.8767498528901428
2021-05-04 09:10:00,0.7001394700139469,-0.20318725099601598,0.06954579300074437,0.02660239242992324,0.6265851775267959,0.025055679287305125,0.5,-0.05287782129614782,0.571149430902253,0.25663183970390424,0.7240962430204311,0.22252019493810488,0.8656728578541575
2021-05-04 09:20:00,0.696652719665272,0.13147410358565725,0.07967237527922544,0.034101053383324365,0.6265851775267959,0.02383073496659243,0.5,-0.05287782129614782,0.571149430902253,0.25663183970390424,0.7240962430204311,0.22252019493810488,0.8545958628181722
2021-05-04 09:30:00,0.8451882845188284,0.14741035856573692,0.09247952345495158,0.04017139796464919,0.6348954993391004,0.08530066815144767,0.5,-0.05287782129614782,0.571149430902253,0.25663183970390424,0.7240962430204311,0.22252019493810488,0.8435188677821869
2021-05-04 09:40:00,0.794979079497908,-0.1394422310756973,0.09873417721518973,0.04552758435993587,0.6346861054036723,0.05991091314031181,0.5,-0.05287782129614782,0.571149430902253,0.25663183970390424,0.7240962430204311,0.22252019493810488,0.8324418727462015
2021-05-04 09:50:00,0.7573221757322175,-0.0916334661354582,0.10349962769918086,0.05481164077843248,0.6327492115009619,0.05111358574610245,0.5,-0.05287782129614782,0.571149430902253,0.25663183970390424,0.7240962430204311,0.22252019493810488,0.8213648777102162
2021-05-04 10:00:00,0.7301255230125524,-0.043824701195219196,0.11362620997766193,0.06980896268523495,0.6410202719503737,0.030957683741648107,0.5,0.1597155381704427,0.5738217909409887,0.13243122838374005,0.7714832911476959,0.2545010301601735,0.8102878826742309
2021-05-04 10:10:00,0.7350069735006973,-0.019920318725099695,0.12107222635889792,0.08623460096411373,0.6409286621036239,0.03608017817371938,0.5,0.1597155381704427,0.5738217909409887,0.13243122838374005,0.7714832911476959,0.2545010301601735,0.7992108876382455
2021-05-04 10:20:00,0.7133891213389122,0.09163346613545809,0.1317944899478778,0.09516157828959115,0.6406014840795173,0.04432071269487751,0.5,0.1597155381704427,0.5738217909409887,0.13243122838374005,0.7714832911476959,0.2545010301601735,0.7881338926022602
2021-05-04 10:30:00,0.6415620641562064,0.07569721115537842,0.13804914370811594,0.11265845384752704,0.6442658779495098,0.05679287305122494,0.5,0.1597155381704427,0.5738217909409887,0.13243122838374005,0.7714832911476959,0.2545010301601735,0.7770568975662748
2021-05-04 10:40:00,0.6492329149232915,-0.11553784860557781,0.14668652271034976,0.13194072487055908,0.6492913323997853,0.05489977728285078,0.5,0.1597155381704427,0.5738217909409887,0.13243122838374005,0.7714832911476959,0.2545010301601735,0.7929749385156237
2021-05-04 10:50:00,0.6813110181311018,-0.043824701195219196,0.148175725986597,0.13979646491697917,0.649068851343393,0.06169265033407573,0.5,0.1597155381704427,0.5738217909409887,0.13243122838374005,0.7714832911476959,0.2545010301601735,0.8029859528946695
2021-05-04 11:00:00,0.6422594142259415,-0.05179282868525903,0.1553239017125836,0.135868594893769,0.6433890408449046,0.04398663697104677,0.5,0.17144125036730085,0.5744884441979613,0.11829551165504225,0.764792774734166,0.2709846218965902,0.8294581830801032
2021-05-04 11:10:00,0.6164574616457461,-0.12350597609561753,0.16128071481757233,0.14229601856811303,0.6468963892633259,0.03173719376391983,0.5,0.17144125036730085,0.5744884441979613,0.11829551165504225,0.764792774734166,0.2709846218965902,0.7921677203253014
2021-05-04 11:20:00,0.6757322175732218,0.09163346613545809,0.1669396872673119,0.14622388859132296,0.6486238892306082,0.032071269487750555,0.5,0.17144125036730085,0.5744884441979613,0.11829551165504225,0.764792774734166,0.2709846218965902,0.95807746276989
2021-05-04 11:30:00,0.6394700139470014,0.1394422310756971,0.16902457185405795,0.14658096768434214,0.6453782832314718,0.03173719376391983,0.5,0.17144125036730085,0.5744884441979613,0.11829551165504225,0.764792774734166,0.2709846218965902,0.8005492101332288
2021-05-04 11:40:00,0.6213389121338913,0.05976095617529875,0.16962025316455676,0.14943760042849497,0.6423551582887281,0.008351893095768375,0.5,0.17144125036730085,0.5744884441979613,0.11829551165504225,0.764792774734166,0.2709846218965902,0.8585180379317109
2021-05-04 11:50:00,0.6234309623430963,-0.019920318725099695,0.17408786299329848,0.15086591680057126,0.6479302718195025,0.006570155902004454,0.5,0.17144125036730085,0.5744884441979613,0.11829551165504225,0.764792774734166,0.2709846218965902,0.8988638592573593
2021-05-04 12:00:00,0.5543933054393305,-0.10756972111553798,0.18093819806403566,0.1533654704517049,0.6482574498436089,0.005011135857461025,0.5,0.1779962331020739,0.5681868468163014,0.10696809369331804,0.6989706997315984,0.28267533052266597,0.732969205003244
2021-05-04 12:10:00,0.5857740585774059,-0.19521912350597614,0.18957557706626949,0.16122121049812543,0.6429440787321197,0.010579064587973273,0.5,0.1779962331020739,0.5681868468163014,0.10696809369331804,0.6989706997315984,0.28267533052266597,0.7874677489928633
2021-05-04 12:20:00,0.5592747559274756,-0.08366533864541836,0.1973194341027551,0.17407605784681324,0.6446061430945805,0.013474387527839644,0.5,0.1779962331020739,0.5681868468163014,0.10696809369331804,0.6989706997315984,0.28267533052266597,0.693121293963215
2021-05-04 12:30:00,0.5488145048814504,0.06772908366533859,0.19761727475800428,0.17264774147473672,0.636243472798419,0.0026726057906458797,0.5,0.1779962331020739,0.5681868468163014,0.10696809369331804,0.6989706997315984,0.28267533052266597,0.739170451287777
2021-05-04 12:40:00,0.4776847977684798,-0.14741035856573714,0.20178704393149638,0.18014640242813784,0.6479171846985382,0.000556792873051225,0.5,0.1779962331020739,0.5681868468163014,0.10696809369331804,0.6989706997315984,0.28267533052266597,0.564705704844818
2021-05-04 12:50:00,0.4818688981868898,-0.11553784860557781,0.20893521965748318,0.1987145152651313,0.6423682454096924,0.00033407572383073496,0.5,0.1779962331020739,0.5681868468163014,0.10696809369331804,0.6989706997315984,0.28267533052266597,0.5522504036090952
2021-05-04 13:00:00,0.4916317991631799,0.13147410358565725,0.2142963514519729,0.19942867345116966,0.6481396657549305,0.00011135857461024499,0.5,0.3155288982840836,0.5491355058949973,0.05108072898338063,0.5919696120658264,0.3011267223799464,0.5634609291307694
2021-05-04 13:10:00,0.49860529986053004,0.17928286852589648,0.21816827997021582,0.1987145152651313,0.6592506314535865,0.00011135857461024499,0.5,0.3155288982840836,0.5491355058949973,0.05108072898338063,0.5919696120658264,0.3011267223799464,0.6045762481705569
2021-05-04 13:20:00,0.45536959553695955,0.019920318725099362,0.2244229337304542,0.19442956614890217,0.660179817042049,0.00011135857461024499,0.5,0.3155288982840836,0.5491355058949973,0.05108072898338063,0.5919696120658264,0.3011267223799464,0.4996077070476938
2021-05-04 13:30:00,0.3842398884239888,-0.21115537848605592,0.2300819061801933,0.20192822710230307,0.6463467301828271,0.00011135857461024499,0.5,0.3155288982840836,0.5491355058949973,0.05108072898338063,0.5919696120658264,0.3011267223799464,0.34624379498166785
2021-05-04 13:40:00,0.36541143654114366,0.06772908366533859,0.2402084884586746,0.2097839671487236,0.6685948358220675,0.00011135857461024499,0.5,0.3155288982840836,0.5491355058949973,0.05108072898338063,0.5919696120658264,0.3011267223799464,0.2990177588001871
2021-05-04 13:50:00,0.37308228730822873,0.027888446215139417,0.24586746090841394,0.21906802356722022,0.6342804046537802,0.00011135857461024499,0.5,0.3155288982840836,0.5491355058949973,0.05108072898338063,0.5919696120658264,0.3011267223799464,0.33000890203237926
2021-05-04 14:00:00,0.32217573221757323,0.05976095617529875,0.25361131794489955,0.21192644170683805,0.6403528287811964,0.00011135857461024499,0.5,0.32282488660783404,0.5237193504728369,0.04717320539310032,0.45443828497159505,0.3267986874035241,0.25120328319024704
2021-05-04 14:10:00,0.3807531380753138,-0.06772908366533881,0.2607594936708859,0.21799678628816288,0.6289015979374697,0.00011135857461024499,0.5,0.32282488660783404,0.5237193504728369,0.04717320539310032,0.45443828497159505,0.3267986874035241,0.338624258792643
2021-05-04 14:20:00,0.37308228730822873,0.1394422310756971,0.2720774385703646,0.21406891626495272,0.6562667678737355,0.00011135857461024499,0.5,0.32282488660783404,0.5237193504728369,0.04717320539310032,0.45443828497159505,0.3267986874035241,0.3364062947930655
2021-05-04 14:30:00,0.32914923291492326,-0.05179282868525903,0.27773641102010416,0.22656668452062134,0.6709374304746698,0.00011135857461024499,0.5,0.32282488660783404,0.5237193504728369,0.04717320539310032,0.45443828497159505,0.3267986874035241,0.24175053185871417
2021-05-04 14:40:00,0.32496513249651326,0.11553784860557759,0.2857781087118392,0.22763792179967868,0.6574184345185903,0.00011135857461024499,0.5,0.32282488660783404,0.5237193504728369,0.04717320539310032,0.45443828497159505,0.3267986874035241,0.23760127947855214
2021-05-04 14:50:00,0.3158995815899582,-0.5139442231075697,0.29381980640357397,0.23120871272986965,0.6780960856421195,0.00011135857461024499,0.5,0.32282488660783404,0.5237193504728369,0.04717320539310032,0.45443828497159505,0.3267986874035241,0.21659851833969554
2021-05-04 15:00:00,0.2196652719665272,0.12350597609561742,0.2988830975428145,0.2304945545438315,0.6638442109120415,0.00011135857461024499,0.5,0.3255771501986342,0.5005502762875462,0.04578421029738293,0.29822792855962954,0.36465139814379866,0.10541364274182596
2021-05-04 15:10:00,0.22315202231520226,-0.043824701195219196,0.3066269545792999,0.23192287091590802,0.6725733205952023,0.00011135857461024499,0.5,0.3255771501986342,0.5005502762875462,0.04578421029738293,0.29822792855962954,0.36465139814379866,0.12040375997706596
2021-05-04 15:20:00,0.14714086471408647,0.20318725099601576,0.31258376768428886,0.23335118728798432,0.6818651764798261,0.00011135857461024499,0.5,0.3255771501986342,0.5005502762875462,0.04578421029738293,0.29822792855962954,0.36465139814379866,0.048146415800353067
2021-05-04 15:30:00,0.18410041841004185,-0.4820717131474104,0.32032762472077425,0.24192108552044278,0.6804779416576148,0.00022271714922048998,0.5,0.3255771501986342,0.5005502762875462,0.04578421029738293,0.29822792855962954,0.36465139814379866,0.058021636465138735
2021-05-04 15:40:00,0.09902370990237098,-0.5418326693227091,0.334326135517498,0.2540617746830922,0.6726649304419521,0.9384187082405345,0.5,0.3255771501986342,0.5005502762875462,0.04578421029738293,0.29822792855962954,0.36465139814379866,0.0
2021-05-04 15:50:00,0.15481171548117156,-0.601593625498008,0.35845122859270284,0.2894126048919836,0.6726649304419521,0.9993318485523385,0.5,0.3255771501986342,0.5005502762875462,0.04578421029738293,0.29822792855962954,0.36465139814379866,0.0
2021-05-04 16:00:00,0.1492329149232915,-0.6613545816733069,0.37751303052866714,0.3072665595429387,0.6726649304419521,0.9993318485523385,0.5,0.3848570636673787,0.4814587062903902,0.020806520072076076,0.1545282189974663,0.4397965470777451,0.0
2021-05-04 16:10:00,0.13598326359832635,-0.7211155378486056,0.39032017870439306,0.31726477414747367,0.6384813704833073,0.9975501113585746,0.5,0.3848570636673787,0.4814587062903902,0.020806520072076076,0.1545282189974663,0.4397965470777451,0.0
2021-05-04 16:20:00,0.12273361227336123,-0.5272244355909694,0.39806403574087845,0.32547759328691295,0.6231432647131957,0.9995545657015591,0.5,0.3848570636673787,0.4814587062903902,0.020806520072076076,0.1545282189974663,0.4397965470777451,0.0
2021-05-04 16:30:00,0.100418410041841,-0.33333333333333337,0.4034251675353684,0.33404749151937163,0.6231432647131957,0.9995545657015591,0.5,0.3848570636673787,0.4814587062903902,0.020806520072076076,0.1545282189974663,0.4397965470777451,0.0
2021-05-04 16:40:00,0.10669456066945607,-0.1394422310756973,0.4117647058823528,0.3444027852169256,0.6231432647131957,0.9995545657015591,0.5,0.3848570636673787,0.4814587062903902,0.020806520072076076,0.1545282189974663,0.4397965470777451,0.0
2021-05-04 16:50:00,0.06903765690376569,-0.4103585657370519,0.41414743112434826,0.3511872879842888,0.6231432647131957,0.9995545657015591,0.5,0.3848570636673787,0.4814587062903902,0.020806520072076076,0.1545282189974663,0.4397965470777451,0.0
2021-05-04 17:00:00,0.09414225941422595,-0.6812749003984064,0.41831720029784036,0.35797179075165153,0.6231432647131957,0.9995545657015591,0.5,0.3815999010080302,0.45560577804469365,0.019690428970331453,0.10564646266297834,0.6096165295293514,0.0
2021-05-04 17:10:00,0.0599721059972106,-0.5171314741035856,0.4236783320923303,0.3647562935190145,0.6231432647131957,0.9995545657015591,0.5,0.3815999010080302,0.45560577804469365,0.019690428970331453,0.10564646266297834,0.6096165295293514,0.0
2021-05-04 17:20:00,0.04741980474198048,-0.3529880478087649,0.42844378257632143,0.36904124263524385,0.6231432647131957,0.9995545657015591,0.5,0.3815999010080302,0.45560577804469365,0.019690428970331453,0.10564646266297834,0.6096165295293514,0.0
2021-05-04 17:30:00,0.048814504881450484,-0.18884462151394432,0.43350707371556196,0.3776111408677021,0.6231432647131957,0.9995545657015591,0.5,0.3815999010080302,0.45560577804469365,0.019690428970331453,0.10564646266297834,0.6096165295293514,0.0
2021-05-04 17:40:00,0.0697350069735007,-0.024701195219123506,0.43648548026805645,0.38475272272808425,0.6231432647131957,0.9995545657015591,0.5,0.3815999010080302,0.45560577804469365,0.019690428970331453,0.10564646266297834,0.6096165295293514,0.0
2021-05-04 17:50:00,0.08298465829846582,0.1394422310756973,0.43618763961280704,0.3861810391001608,0.6231432647131957,0.9995545657015591,0.5,0.3815999010080302,0.45560577804469365,0.019690428970331453,0.10564646266297834,0.6096165295293514,0.0
2021-05-04 18:00:00,0.06624825662482565,0.3035856573705178,0.43350707371556196,0.3861810391001608,0.6231432647131957,0.9995545657015591,0.5,0.34608082854410727,0.4373820066837732,0.026337518072597786,0.1909904327324904,0.7071431370213843,0.0
2021-05-04 18:10:00,0.02580195258019526,0.4677290836653387,0.4338049143708116,0.3861810391001608,0.6231432647131957,0.9995545657015591,0.5,0.34608082854410727,0.4373820066837732,0.026337518072597786,0.1909904327324904,0.7071431370213843,0.0
2021-05-04 18:20:00,0.0899581589958159,0.6318725099601592,0.43320923306031256,0.3861810391001608,0.6231432647131957,0.9995545657015591,0.5,0.34608082854410727,0.4373820066837732,0.026337518072597786,0.1909904327324904,0.7071431370213843,0.0
2021-05-04 18:30:00,0.039051603905160395,0.6458964143426293,0.4338049143708116,0.38296732726298877,0.6231432647131957,0.9995545657015591,0.5,0.34608082854410727,0.4373820066837732,0.026337518072597786,0.1909904327324904,0.7071431370213843,0.0
2021-05-04 18:40:00,0.056485355648535567,0.6599203187250995,0.434102755026061,0.3822531690769506,0.6231432647131957,0.9995545657015591,0.5,0.34608082854410727,0.4373820066837732,0.026337518072597786,0.1909904327324904,0.7071431370213843,0.0
2021-05-04 18:50:00,0.03765690376569038,0.6739442231075696,0.43618763961280704,0.3761828244956258,0.6231432647131957,0.9995545657015591,0.5,0.34608082854410727,0.4373820066837732,0.026337518072597786,0.1909904327324904,0.7071431370213843,0.0
2021-05-04 19:00:00,0.07043235704323571,0.6879681274900398,0.4424422933730452,0.37154079628637726,0.6231432647131957,0.9995545657015591,0.5,0.35431323820809846,0.4351205579198129,0.021574379590433502,0.22768135185808794,0.7200055664076094,0.0
2021-05-04 19:10:00,0.04951185495118549,0.7019920318725099,0.441548771407297,0.36368505623995717,0.6231432647131957,0.9995545657015591,0.5,0.35431323820809846,0.4351205579198129,0.021574379590433502,0.22768135185808794,0.7200055664076094,0.0
2021-05-04 19:20:00,0.058577405857740586,0.7160159362549801,0.43678332092330585,0.35761471165863257,0.6231432647131957,0.9995545657015591,0.5,0.35431323820809846,0.4351205579198129,0.021574379590433502,0.22768135185808794,0.7200055664076094,0.0
2021-05-04 19:30:00,0.02510460251046025,0.7300398406374504,0.4317200297840653,0.35154436707730774,0.6231432647131957,0.9995545657015591,0.5,0.35431323820809846,0.4351205579198129,0.021574379590433502,0.22768135185808794,0.7200055664076094,0.0
2021-05-04 19:40:00,0.02510460251046025,0.7440637450199201,0.42457185405807873,0.34368862703088743,0.6231432647131957,0.9995545657015591,0.5,0.35431323820809846,0.4351205579198129,0.021574379590433502,0.22768135185808794,0.7200055664076094,0.0
2021-05-04 19:50:00,0.042538354253835425,0.7580876494023903,0.41831720029784036,0.3344045706123906,0.6231432647131957,0.9995545657015591,0.5,0.35431323820809846,0.4351205579198129,0.021574379590433502,0.22768135185808794,0.7200055664076094,0.0
2021-05-04 20:00:00,0.08577405857740586,0.7721115537848606,0.4153387937453461,0.32440635600785583,0.6231432647131957,0.9995545657015591,0.5,0.38038664902510555,0.4255805199320721,0.005027038673361943,0.2786632794984555,0.7025571651046425,0.0
2021-05-04 20:10:00,0.08926080892608089,0.7486055776892429,0.4075949367088605,0.3133369041242635,0.6231432647131957,0.9995545657015591,0.5,0.38038664902510555,0.4255805199320721,0.005027038673361943,0.2786632794984555,0.7025571651046425,0.0
2021-05-04 20:20:00,0.10460251046025104,0.7250996015936253,0.4043186895011168,0.30333868951972875,0.6231432647131957,0.9995545657015591,0.5,0.38038664902510555,0.4255805199320721,0.005027038673361943,0.2786632794984555,0.7025571651046425,0.0
2021-05-04 20:30:00,0.10390516039051603,0.7015936254980075,0.3968726731198806,0.2915550794500983,0.6231432647131957,0.9995545657015591,0.5,0.38038664902510555,0.4255805199320721,0.005027038673361943,0.2786632794984555,0.7025571651046425,0.0
2021-05-04 20:40:00,0.11854951185495119,0.6780876494023902,0.3927029039463885,0.28119978575254434,0.6231432647131957,0.9995545657015591,0.5,0.38038664902510555,0.4255805199320721,0.005027038673361943,0.2786632794984555,0.7025571651046425,0.0
2021-05-04 20:50:00,0.12761506276150628,0.6545816733067729,0.38376768428890506,0.2690590965898947,0.6231432647131957,0.9995545657015591,0.5,0.38038664902510555,0.4255805199320721,0.005027038673361943,0.2786632794984555,0.7025571651046425,0.0
2021-05-04 21:00:00,0.14714086471408647,0.6310756972111553,0.37513030528667146,0.25513301196214955,0.6231432647131957,0.9995545657015591,0.5,0.3823083539816752,0.4238449226596011,0.007106536672044852,0.2892808709767834,0.6593309051332898,0.0
2021-05-04 21:10:00,0.1324965132496513,0.6075697211155375,0.3655994043186892,0.2401356900553473,0.6231432647131957,0.9995545657015591,0.5,0.3823083539816752,0.4238449226596011,0.007106536672044852,0.2892808709767834,0.6593309051332898,0.0
2021-05-04 21:20:00,0.1799163179916318,0.5840637450199202,0.3575577066269544,0.22978039635779313,0.6250670714949418,0.9995545657015591,0.5,0.3823083539816752,0.4238449226596011,0.007106536672044852,0.2892808709767834,0.6593309051332898,0.0
2021-05-04 21:30:00,0.12482566248256625,0.5605577689243029,0.34832464631422155,0.22978039635779313,0.7105390585125179,0.9995545657015591,0.5,0.3823083539816752,0.4238449226596011,0.007106536672044852,0.2892808709767834,0.6593309051332898,0.0
2021-05-04 21:40:00,0.13737796373779637,0.5370517928286851,0.3340282948622486,0.22799500089269786,0.7186923348732511,0.9995545657015591,0.5,0.3823083539816752,0.4238449226596011,0.007106536672044852,0.2892808709767834,0.6593309051332898,0.0
2021-05-04 21:50:00,0.1708507670850767,0.5135458167330675,0.32449739389426635,0.21871094447420125,0.7186923348732511,0.9995545657015591,0.5,0.3823083539816752,0.4238449226596011,0.007106536672044852,0.2892808709767834,0.6593309051332898,0.0
2021-05-04 22:00:00,0.1603905160390516,0.49003984063745,0.31973194341027544,0.2144259953579717,0.7677428642472942,0.95913140311804,0.5,0.23822070606489243,0.42586787047387153,0.05686028266614521,0.31701391066901824,0.6625887427558028,0.0
2021-05-04 22:10:00,0.16666666666666669,0.25099601593625476,0.32390171258376776,0.21656846991608636,0.7856067843635078,0.9995545657015591,0.5,0.23822070606489243,0.42586787047387153,0.05686028266614521,0.31701391066901824,0.6625887427558028,0.0
2021-05-04 22:20:00,0.1771269177126918,0.6095617529880477,0.318838421444527,0.21514015354401006,0.8072659695593567,0.27928730512249444,0.5,0.23822070606489243,0.42586787047387153,0.05686028266614521,0.31701391066901824,0.6625887427558028,0.0
2021-05-04 22:30:00,0.21269177126917713,-0.5617529880478087,0.3212211466865227,0.21728262810212473,0.8347750978262292,0.0920935412026726,0.5,0.23822070606489243,0.42586787047387153,0.05686028266614521,0.31701391066901824,0.6625887427558028,0.05714652141768638
2021-05-04 22:40:00,0.21269177126917713,-0.08366533864541836,0.32836932241250905,0.23442242456704165,0.8348274463100862,0.00011135857461024499,0.5,0.23822070606489243,0.42586787047387153,0.05686028266614521,0.31701391066901824,0.6625887427558028,0.10316550236130181
2021-05-04 22:50:00,0.23849372384937237,-0.17928286852589637,0.33134772896500375,0.2483485091947868,0.8348274463100862,0.00011135857461024499,0.5,0.23822070606489243,0.42586787047387153,0.05686028266614521,0.31701391066901824,0.6625887427558028,0.12603165502361302
2021-05-04 23:00:00,0.19804741980474197,0.22709163346613526,0.3370067014147431,0.26013211926441704,0.8387012341155069,0.00011135857461024499,0.5,0.13028730684808965,0.42471846830667376,0.08261382169959586,0.3067388031850654,0.7017356248979121,0.08379980988880004
2021-05-04 23:10:00,0.2754532775453278,0.5458167330677288,0.34236783320923303,0.2751294411712195,0.8601379382549633,0.00011135857461024499,0.5,0.13028730684808965,0.42471846830667376,0.08261382169959586,0.3067388031850654,0.7017356248979121,0.1604176411123014
2021-05-04 23:20:00,0.3228730822873082,-0.49800796812749004,0.3310498883097541,0.26834493840385654,0.8758686576540027,0.00011135857461024499,0.5,0.13028730684808965,0.42471846830667376,0.08261382169959586,0.3067388031850654,0.7017356248979121,0.21088763824554524
2021-05-04 23:30:00,0.31729428172942814,0.019920318725099362,0.30186150409530876,0.2212104981253349,0.8617083927706745,0.00011135857461024499,0.5,0.13028730684808965,0.42471846830667376,0.08261382169959586,0.3067388031850654,0.7017356248979121,0.21422212834014814
2021-05-04 23:40:00,0.2608089260808926,0.38645418326693215,0.2908413998510797,0.18300303517229088,0.869168051720302,0.00011135857461024499,0.5,0.13028730684808965,0.42471846830667376,0.08261382169959586,0.3067388031850654,0.7017356248979121,0.15586855168459648
2021-05-04 23:50:00,0.35006973500697347,0.40239043824701204,0.2798212956068502,0.16586323870737374,0.8857494339820183,0.00011135857461024499,0.5,0.13028730684808965,0.42471846830667376,0.08261382169959586,0.3067388031850654,0.7017356248979121,0.2873244111833668
2021-05-05 00:00:00,0.300557880055788,0.12350597609561742,0.26284437825763196,0.1555079450098198,0.9156011569014932,0.00011135857461024499,0.5,0.11247892501658474,0.41806630326401406,0.07913683205891481,0.2845520748926836,0.7932031190083221,0.1818051511082276
2021-05-05 00:10:00,0.26778242677824265,0.38645418326693215,0.25361131794489955,0.14872344224245682,0.9363835049927366,0.00011135857461024499,0.5,0.11247892501658474,0.41806630326401406,0.07913683205891481,0.2845520748926836,0.7932031190083221,0.16481584863527318
2021-05-05 00:20:00,0.29567642956764295,-0.11553784860557781,0.2595681310498881,0.14372433494018932,0.9452827472484329,0.00011135857461024499,0.5,0.11247892501658474,0.41806630326401406,0.07913683205891481,0.2845520748926836,0.7932031190083221,0.18876080691642652
2021-05-05 00:30:00,0.301952580195258,0.09163346613545809,0.26582278481012644,0.14372433494018932,0.9452827472484329,0.00011135857461024499,0.5,0.11247892501658474,0.41806630326401406,0.07913683205891481,0.2845520748926836,0.7932031190083221,0.1878555154880275
2021-05-05 00:40:00,0.29428172942817293,0.03585657370517925,0.2655249441548768,0.14193893947509362,0.9452827472484329,0.00011135857461024499,0.5,0.11247892501658474,0.41806630326401406,0.07913683205891481,0.2845520748926836,0.7932031190083221,0.18215217948911386
2021-05-05 00:50:00,0.32217573221757323,0.07569721115537842,0.25867460908413986,0.14015354400999835,0.9452827472484329,0.00011135857461024499,0.5,0.11247892501658474,0.41806630326401406,0.07913683205891481,0.2845520748926836,0.7932031190083221,0.22187184091011966
2021-05-05 01:00:00,0.32914923291492326,-0.07569721115537853,0.25480268056589694,0.1390823067309408,0.9452827472484329,0.00011135857461024499,0.5,0.05125285877668184,0.415396816730699,0.08059849164745117,0.3390782715873473,0.8962646075980584,0.22031775729136807
2021-05-05 01:10:00,0.2601115760111576,-0.33864541832669326,0.2512285927029039,0.13194072487055908,0.9452827472484329,0.00011135857461024499,0.5,0.05125285877668184,0.415396816730699,0.08059849164745117,0.3390782715873473,0.8962646075980584,0.14054649425894353
2021-05-05 01:20:00,0.2775453277545328,-0.24302788844621515,0.24408041697691707,0.12622745938225322,0.9452827472484329,0.00011135857461024499,0.5,0.05125285877668184,0.415396816730699,0.08059849164745117,0.3390782715873473,0.8962646075980584,0.15838073539840367
2021-05-05 01:30:00,0.4379358437935844,0.20318725099601576,0.23782576321667914,0.1219425102660241,0.9452827472484329,0.00011135857461024499,0.5,0.05125285877668184,0.415396816730699,0.08059849164745117,0.3390782715873473,0.8962646075980584,0.38790228887849476
2021-05-05 01:40:00,0.5425383542538355,0.4820717131474104,0.23484735666418444,0.11622924477771823,0.9474290350865714,0.00011135857461024499,0.5,0.05125285877668184,0.415396816730699,0.08059849164745117,0.3390782715873473,0.8962646075980584,0.657822472350891
2021-05-05 01:50:00,0.6610878661087867,-0.2509960159362551,0.23425167535368563,0.11587216568469927,0.9538417243590582,0.17371937639198218,0.5,0.05125285877668184,0.415396816730699,0.08059849164745117,0.3390782715873473,0.8962646075980584,0.19742897234334686
2021-05-05 02:00:00,0.695258019525802,0.11553784860557759,0.23425167535368563,0.10658810926620266,0.9526900577142035,0.1648106904231626,0.5,0.030024484502987114,0.4159542767817906,0.09294891914420252,0.4161361758325462,0.94854171705393,0.2410413869064683
2021-05-05 02:10:00,0.7147838214783822,-0.12350597609561753,0.23425167535368563,0.09658989466166767,0.9490387509651752,0.17182628062360802,0.5,0.030024484502987114,0.4159542767817906,0.09294891914420252,0.4161361758325462,0.94854171705393,0.23751075033571223
2021-05-05 02:20:00,0.690376569037657,-0.043824701195219196,0.23425167535368563,0.09194786645241915,0.946604546465823,0.17316258351893096,0.5,0.030024484502987114,0.4159542767817906,0.09294891914420252,0.4161361758325462,0.94854171705393,0.2204535510056279
2021-05-05 02:30:00,0.6910739191073919,-0.19521912350597614,0.23097542814594174,0.09016247098732366,0.946604546465823,0.10289532293986638,0.5,0.030024484502987114,0.4159542767817906,0.09294891914420252,0.4161361758325462,0.94854171705393,0.4837877393364214
2021-05-05 02:40:00,0.6708507670850766,0.027888446215139417,0.22680565897244964,0.09230494554543855,0.946604546465823,0.05244988864142539,0.5,0.030024484502987114,0.4159542767817906,0.09294891914420252,0.4161361758325462,0.94854171705393,0.7634020851879234
2021-05-05 02:50:00,0.7370990237099024,0.12350597609561742,0.21816827997021582,0.09873236921978235,0.946604546465823,0.01002227171492205,0.5,0.030024484502987114,0.4159542767817906,0.09294891914420252,0.4161361758325462,0.94854171705393,0.8400878132685546
2021-05-05 03:00:00,0.7322175732217573,0.19521912350597592,0.20595681310498848,0.1008748437778968,0.946604546465823,0.013028953229398663,0.5,0.010587504665263259,0.411333680069655,0.11119442799031193,0.4179545902701322,0.949607819818191,0.916773541349186
2021-05-05 03:10:00,0.6750348675034867,0.3227091633466135,0.18897989575577068,0.1008748437778968,0.9494182774731387,0.00044543429844097997,0.5,0.010587504665263259,0.411333680069655,0.11119442799031193,0.4179545902701322,0.949607819818191,0.9934592694298172
2021-05-05 03:20:00,0.702231520223152,-0.11553784860557781,0.1868950111690244,0.10587395108016429,0.9564853227938386,0.000556792873051225,0.5,0.010587504665263259,0.411333680069655,0.11119442799031193,0.4179545902701322,0.949607819818191,0.9468235587006051
2021-05-05 03:30:00,0.7119944211994422,-0.12350597609561753,0.19136262099776613,0.11658632387073742,0.9564853227938386,0.00033407572383073496,0.5,0.010587504665263259,0.411333680069655,0.11119442799031193,0.4179545902701322,0.949607819818191,0.9001878479713927
2021-05-05 03:40:00,0.6931659693165969,-0.06772908366533881,0.19136262099776613,0.1283699339403679,0.9564853227938386,0.00033407572383073496,0.5,0.010587504665263259,0.411333680069655,0.11119442799031193,0.4179545902701322,0.949607819818191,0.8535521372421806
2021-05-05 03:50:00,0.6115760111576011,-0.03585657370517936,0.1860014892032762,0.13801106945188346,0.9564853227938386,0.00044543429844097997,0.5,0.010587504665263259,0.411333680069655,0.11119442799031193,0.4179545902701322,0.949607819818191,0.8069164265129682
2021-05-05 04:00:00,0.40097629009762903,-0.11553784860557781,0.17259865971705124,0.14872344224245682,0.9564853227938386,0.00044543429844097997,0.5,-0.03879884851793891,0.41381926225621857,0.14779526671356255,0.3720340520612344,0.9108016630825218,0.3624485115500098
2021-05-05 04:10:00,0.1199442119944212,-0.06772908366533881,0.13060312732687973,0.15229423317264779,0.9462511941997881,0.00044543429844097997,0.5,-0.03879884851793891,0.41381926225621857,0.14779526671356255,0.3720340520612344,0.9108016630825218,0.017494756853810522
2021-05-05 04:20:00,0.12133891213389121,-0.03320053120849942,0.11064780342516745,0.1533654704517049,0.9452827472484329,0.23518930957683742,0.5,-0.03879884851793891,0.41381926225621857,0.14779526671356255,0.3720340520612344,0.9108016630825218,0.014190443140154201
2021-05-05 04:30:00,0.22524407252440726,0.0013280212483399723,0.11898734177215187,0.15800749866095343,0.9371687322505922,0.9891982182628063,0.5,-0.03879884851793891,0.41381926225621857,0.14779526671356255,0.3720340520612344,0.9108016630825218,0.0
2021-05-05 04:40:00,0.3319386331938633,0.03585657370517925,0.14728220402084857,0.17264774147473672,0.9266597741162922,0.04253897550111359,0.5,-0.03879884851793891,0.41381926225621857,0.14779526671356255,0.3720340520612344,0.9108016630825218,0.16541183215896918
2021-05-05 04:50:00,0.3110181311018131,0.11553784860557759,0.1362620997766193,0.1440814140332083,0.9197890356100562,0.016035634743875277,0.5,-0.03879884851793891,0.41381926225621857,0.14779526671356255,0.3720340520612344,0.9108016630825218,0.19869638034310547
2021-05-05 05:00:00,0.2085076708507671,-0.47410358565737054,0.1276247207743857,0.11051597928941259,0.8982868958657785,0.00022271714922048998,0.5,-0.046632255172480486,0.4195978816518056,0.17303102368038176,0.3191322720862088,0.8596128739161658,0.07031096760565506
2021-05-05 05:10:00,0.28521617852161785,-0.19521912350597614,0.11839166046165284,0.0994465274058205,0.8769548886940363,0.0012249443207126948,0.5,-0.046632255172480486,0.4195978816518056,0.17303102368038176,0.3191322720862088,0.8596128739161658,0.15735473844621817
2021-05-05 05:20:00,0.44421199442119946,0.2828685258964143,0.11541325390915858,0.08373504731297987,0.8571802489170407,0.0024498886414253897,0.5,-0.046632255172480486,0.4195978816518056,0.17303102368038176,0.3191322720862088,0.8596128739161658,0.3924966428776197
2021-05-05 05:30:00,0.4302649930264993,0.2111553784860556,0.11868950111690246,0.0658810926620248,0.8798340553061733,0.0021158129175946547,0.5,-0.046632255172480486,0.4195978816518056,0.17303102368038176,0.3191322720862088,0.8596128739161658,0.39274559802042946
2021-05-05 05:40:00,0.33891213389121344,-0.1394422310756973,0.11928518242740127,0.06552401356900561,0.839512635615291,0.0013363028953229399,0.5,-0.046632255172480486,0.4195978816518056,0.17303102368038176,0.3191322720862088,0.8596128739161658,0.2115967831977911
2021-05-05 05:50:00,0.29358437935843795,0.38645418326693215,0.1195830230826509,0.04981253347616499,0.824213791208072,0.00022271714922048998,0.5,-0.046632255172480486,0.4195978816518056,0.17303102368038176,0.3191322720862088,0.8596128739161658,0.1489732486382908
2021-05-05 06:00:00,0.2768479776847978,0.2350597609561753,0.11839166046165284,0.041956793429744677,0.8470508172907042,0.00033407572383073496,0.5,-0.03633155372365571,0.4441318709106437,0.20612075976370473,0.30470627522552224,0.8132768364714652,0.13924890987823832
2021-05-05 06:10:00,0.19525801952580193,-0.33864541832669326,0.11839166046165284,0.04017139796464919,0.8420253628404287,0.00033407572383073496,0.5,-0.03633155372365571,0.4441318709106437,0.20612075976370473,0.30470627522552224,0.8132768364714652,0.07848122274695596
2021-05-05 06:20:00,0.2510460251046025,-0.6175298804780878,0.11839166046165284,0.03802892340653452,0.8396173325830051,0.00044543429844097997,0.5,-0.03633155372365571,0.4441318709106437,0.20612075976370473,0.30470627522552224,0.8132768364714652,0.09879747121927668
2021-05-05 06:30:00,0.2775453277545328,0.043824701195219085,0.11928518242740127,0.030530262453133394,0.8440669537108532,0.015812917594654786,0.5,-0.03633155372365571,0.4441318709106437,0.20612075976370473,0.30470627522552224,0.8132768364714652,0.13246676826048254
2021-05-05 06:40:00,0.2698744769874477,-0.2749003984063746,0.1243484735666418,0.024816996964827753,0.8534504194422269,0.0022271714922049,0.5,-0.03633155372365571,0.4441318709106437,0.20612075976370473,0.30470627522552224,0.8132768364714652,0.13048267121324142
2021-05-05 06:50:00,0.22384937238493724,-0.21115537848605592,0.1243484735666418,0.02231744331369412,0.8534504194422269,0.00033407572383073496,0.5,-0.03633155372365571,0.4441318709106437,0.20612075976370473,0.30470627522552224,0.8132768364714652,0.10041945169515822
2021-05-05 07:00:00,0.27405857740585776,-0.15537848605577698,0.1243484735666418,0.020174968755579448,0.8534504194422269,0.00044543429844097997,0.5,-0.043700818784993656,0.4592867384851439,0.22327769617288926,0.30382550135666614,0.8375017572028176,0.12714063702340178
2021-05-05 07:10:00,0.2712691771269177,-0.29083665338645437,0.12583767684288882,0.018746652383502926,0.8534504194422269,0.000556792873051225,0.5,-0.043700818784993656,0.4592867384851439,0.22327769617288926,0.30382550135666614,0.8375017572028176,0.135039304736183
2021-05-05 07:20:00,0.36192468619246865,-0.13147410358565736,0.1323901712583766,0.019817889662560484,0.8534504194422269,0.00022271714922048998,0.5,-0.043700818784993656,0.4592867384851439,0.22327769617288926,0.30382550135666614,0.8375017572028176,0.23459118547912547
2021-05-05 07:30:00,0.31659693165969316,-0.20318725099601598,0.14043186895011162,0.02231744331369412,0.8534504194422269,0.00022271714922048998,0.5,-0.043700818784993656,0.4592867384851439,0.22327769617288926,0.30382550135666614,0.8375017572028176,0.1800850973942695
2021-05-05 07:40:00,0.301255230125523,-0.3944223107569722,0.14489947877885312,0.027673629708980574,0.8534504194422269,0.00033407572383073496,0.5,-0.043700818784993656,0.4592867384851439,0.22327769617288926,0.30382550135666614,0.8375017572028176,0.17487967168097532
2021-05-05 07:50:00,0.36192468619246865,0.17928286852589648,0.14519731943410275,0.030887341546152358,0.8534504194422269,0.00022271714922048998,0.5,-0.043700818784993656,0.4592867384851439,0.22327769617288926,0.30382550135666614,0.8375017572028176,0.23567753519320428
2021-05-05 08:00:00,0.34239888423988846,0.11553784860557759,0.14936708860759484,0.02945902517407606,0.8534504194422269,0.00022271714922048998,0.5,-0.009525308824593903,0.4724330257724686,0.20134278402908,0.2931651197208656,0.8670748299518966,0.19794951491467627
2021-05-05 08:10:00,0.3326359832635983,-0.07569721115537853,0.1591958302308265,0.035529369755400886,0.8534504194422269,0.00022271714922048998,0.5,-0.009525308824593903,0.4724330257724686,0.20134278402908,0.2931651197208656,0.8670748299518966,0.17699956244247628
2021-05-05 08:20:00,0.21617852161785217,-0.3067729083665339,0.16813104988830951,0.04409926798785935,0.8527175406682285,0.00022271714922048998,0.5,-0.009525308824593903,0.4724330257724686,0.20134278402908,0.2931651197208656,0.8670748299518966,0.0842599996982362
2021-05-05 08:30:00,0.20571827057182707,-0.5776892430278885,0.16902457185405795,0.05481164077843248,0.8396827681878264,0.00022271714922048998,0.5,-0.009525308824593903,0.4724330257724686,0.20134278402908,0.2931651197208656,0.8670748299518966,0.06624470027309626
2021-05-05 08:40:00,0.13668061366806136,0.21912350597609564,0.16604616530156346,0.06338153901089094,0.8289775032390625,0.00033407572383073496,0.5,-0.009525308824593903,0.4724330257724686,0.20134278402908,0.2931651197208656,0.8670748299518966,0.0359551578979133
2021-05-05 08:50:00,0.1631799163179916,0.41035856573705165,0.1669396872673119,0.07695054454561667,0.8423001923806782,0.00033407572383073496,0.5,-0.009525308824593903,0.4724330257724686,0.20134278402908,0.2931651197208656,0.8670748299518966,0.049232765514431856
2021-05-05 09:00:00,0.21548117154811713,-0.4183266932270917,0.17289650037230064,0.07945009819675053,0.8409522189213595,0.00022271714922048998,0.5,0.009357943021583104,0.47661397615565143,0.17847033506954554,0.31989826382126557,0.8167318336512863,0.09518384960091737
2021-05-05 09:10:00,0.24546722454672246,0.19521912350597592,0.17915115413253901,0.08052133547580786,0.8285587153682061,0.00111358574610245,0.5,0.009357943021583104,0.47661397615565143,0.17847033506954554,0.31989826382126557,0.8167318336512863,0.11482112950193883
2021-05-05 09:20:00,0.2838214783821479,0.2828685258964143,0.1862993298585256,0.0830208891269415,0.8285587153682061,0.0036748329621380848,0.5,0.009357943021583104,0.47661397615565143,0.17847033506954554,0.31989826382126557,0.8167318336512863,0.14882236673355764
2021-05-05 09:30:00,0.3089260808926081,0.49003984063745,0.19344750558451218,0.08337796821996091,0.8288858933923127,0.02427616926503341,0.5,0.009357943021583104,0.47661397615565143,0.17847033506954554,0.31989826382126557,0.8167318336512863,0.1509271693045853
2021-05-05 09:40:00,0.34658298465829845,0.01195219123505975,0.20416976917349206,0.09051955008034285,0.8423263666226066,0.045211581291759464,0.5,0.009357943021583104,0.47661397615565143,0.17847033506954554,0.31989826382126557,0.8167318336512863,0.16871614587262548
2021-05-05 09:50:00,0.48884239888423986,0.07569721115537842,0.21816827997021582,0.09873236921978235,0.8450092264202799,0.10801781737193764,0.5,0.009357943021583104,0.47661397615565143,0.17847033506954554,0.31989826382126557,0.8167318336512863,0.18082441872746202
2021-05-05 10:00:00,0.5523012552301255,0.19521912350597592,0.22978406552494413,0.1040885556150688,0.8469722945649187,0.1370824053452116,0.5,0.25542653098185153,0.480389762274896,0.06833302961350733,0.4984721234990043,0.7473383139516052,0.18557719872655673
2021-05-05 10:10:00,0.5369595536959554,-0.043824701195219196,0.2372300819061801,0.11194429566148911,0.8484904005967727,0.0957683741648107,0.5,0.25542653098185153,0.480389762274896,0.06833302961350733,0.4984721234990043,0.7473383139516052,0.273367834995549
2021-05-05 10:20:00,0.504881450488145,0.12350597609561742,0.24378257632166767,0.1269416175682916,0.8396435068249336,0.05011135857461025,0.5,0.25542653098185153,0.480389762274896,0.06833302961350733,0.4984721234990043,0.7473383139516052,0.38934321106869657
2021-05-05 10:30:00,0.47629009762900976,0.003984063745019917,0.25093075204765447,0.14229601856811303,0.8497205899674131,0.045211581291759464,0.5,0.25542653098185153,0.480389762274896,0.06833302961350733,0.4984721234990043,0.7473383139516052,0.3294657271753399
2021-05-05 10:40:00,0.5013947001394701,-0.003984063745020028,0.2595681310498881,0.1537225495447243,0.8587637905537161,0.06325167037861915,0.5,0.25542653098185153,0.480389762274896,0.06833302961350733,0.4984721234990043,0.7473383139516052,0.3082064667984369
2021-05-05 10:50:00,0.5062761506276151,0.11553784860557759,0.2688011913626207,0.16157828959114462,0.8523772755231577,0.058797327394209356,0.5,0.25542653098185153,0.480389762274896,0.06833302961350733,0.4984721234990043,0.7473383139516052,0.3358404876503161
2021-05-05 11:00:00,0.46722454672245467,0.08366533864541825,0.2759493670886075,0.16336368505623988,0.8514742641766238,0.06091314031180401,0.5,0.2914667788219887,0.4723037180286597,0.05781126177897135,0.6989428449935521,0.7343134081444188,0.277562351947131
2021-05-05 11:10:00,0.5857740585774059,-0.05179282868525903,0.28160833953834685,0.17371897875379383,0.8610016882386045,0.07761692650334076,0.5,0.2914667788219887,0.4723037180286597,0.05781126177897135,0.6989428449935521,0.7343134081444188,0.3803280172608899
2021-05-05 11:20:00,0.5509065550906556,0.2111553784860556,0.2914370811615785,0.18157471880021436,0.8467498135085262,0.06792873051224944,0.5,0.2914667788219887,0.4723037180286597,0.05781126177897135,0.6989428449935521,0.7343134081444188,0.38854353697361077
2021-05-05 11:30:00,0.6269177126917713,-0.11553784860557781,0.2994787788533133,0.19335832886984483,0.8532410255067988,0.08797327394209355,0.5,0.2914667788219887,0.4723037180286597,0.05781126177897135,0.6989428449935521,0.7343134081444188,0.3993391372572688
2021-05-05 11:40:00,0.605997210599721,-0.03585657370517936,0.3063291139240505,0.19942867345116966,0.8403109499941108,0.0821826280623608,0.5,0.2914667788219887,0.4723037180286597,0.05781126177897135,0.6989428449935521,0.7343134081444188,0.4346379588695928
2021-05-05 11:50:00,0.695258019525802,0.05976095617529875,0.3140729709605359,0.2047848598464561,0.8520239232571226,0.0935412026726058,0.5,0.2914667788219887,0.4723037180286597,0.05781126177897135,0.6989428449935521,0.7343134081444188,0.4995699865715105
2021-05-05 12:00:00,0.798465829846583,0.08366533864541825,0.3206254653760239,0.2094268880557042,0.8467105521456335,0.12171492204899777,0.5,0.3249420073156666,0.4642406618257679,0.057829523012768794,0.869427909338432,0.7399628536015489,0.5119347586643934
2021-05-05 12:10:00,0.8584379358437936,-0.1872509960159363,0.3265822784810126,0.20906980896268523,0.855020873957938,0.13775055679287304,0.5,0.3249420073156666,0.4642406618257679,0.057829523012768794,0.869427909338432,0.7399628536015489,0.4747499132429048
2021-05-05 12:20:00,0.9232914923291493,-0.08366533864541836,0.33283693224125077,0.2079985716836279,0.8523772755231577,0.17839643652561246,0.5,0.3249420073156666,0.4642406618257679,0.057829523012768794,0.869427909338432,0.7399628536015489,0.3717654691672828
2021-05-05 12:30:00,0.9274755927475593,-0.14741035856573714,0.3379002233804913,0.20585609712551345,0.8516051353862664,0.17951002227171495,0.5,0.3249420073156666,0.4642406618257679,0.057829523012768794,0.869427909338432,0.7399628536015489,0.3589254190744904
2021-05-05 12:40:00,0.9250347977684797,-0.08366533864541836,0.34296351451973184,0.2096054276022139,0.8480912434073627,0.18246102449888643,0.5,0.3249420073156666,0.4642406618257679,0.057829523012768794,0.869427909338432,0.7399628536015489,0.3477224225598624
2021-05-05 12:50:00,0.9225941422594143,-0.019920318725099695,0.34802680565897237,0.21335475807891435,0.8445773514284592,0.1854120267260579,0.5,0.3249420073156666,0.4642406618257679,0.057829523012768794,0.869427909338432,0.7399628536015489,0.33651945622161533
2021-05-05 13:00:00,0.901673640167364,0.019920318725099362,0.3539836187639609,0.21192644170683805,0.8523380141602648,0.1809576837416481,0.5,0.44471508623608047,0.45097943432172505,0.033067036355199766,0.9712353495516762,0.7481091439268162,0.34307527498227136
2021-05-05 13:10:00,0.8626220362622036,-0.05179282868525903,0.3620253164556959,0.2144259953579717,0.8614728245933176,0.17182628062360802,0.5,0.44471508623608047,0.45097943432172505,0.033067036355199766,0.9712353495516762,0.7481091439268162,0.3406837967922507
2021-05-05 13:20:00,0.9163179916317992,0.2828685258964143,0.3655994043186892,0.2158543117300482,0.8477967831856671,0.19220489977728286,0.5,0.44471508623608047,0.45097943432172505,0.033067036355199766,0.9712353495516762,0.7481091439268162,0.3110581347978937
2021-05-05 13:30:00,0.9867503486750349,0.14741035856573692,0.37751303052866714,0.22263881449741119,0.8597584117469999,0.21503340757238307,0.5,0.44471508623608047,0.45097943432172505,0.033067036355199766,0.9712353495516762,0.7481091439268162,0.28006699156570153
2021-05-05 13:40:00,0.8410041841004184,-0.11553784860557781,0.38198064035740864,0.22692376361364053,0.8666684116161286,0.18051224944320715,0.5,0.44471508623608047,0.45097943432172505,0.033067036355199766,0.9712353495516762,0.7481091439268162,0.25702732471294715
2021-05-05 13:50:00,0.9497907949790795,-0.02788844621513953,0.3876396128071482,0.23192287091590802,0.868906309301017,0.19443207126948778,0.5,0.44471508623608047,0.45097943432172505,0.033067036355199766,0.9712353495516762,0.7481091439268162,0.29606047346741704
2021-05-05 14:00:00,0.8396094839609484,0.2350597609561753,0.38972449739389403,0.23192287091590802,0.8523118399183364,0.19354120267260577,0.5,0.4548366482413082,0.4297902053694323,0.03484801390694405,0.981821280110615,0.7596877048453377,0.2530515865232283
2021-05-05 14:10:00,0.9351464435146444,0.19521912350597592,0.395681310498883,0.23442242456704165,0.8572064231589692,0.2083518930957684,0.5,0.4548366482413082,0.4297902053694323,0.03484801390694405,0.981821280110615,0.7596877048453377,0.2559862395702883
2021-05-05 14:20:00,0.9476987447698745,0.14741035856573692,0.40163812360387197,0.23585074093911795,0.8555967072803653,0.2198218262806236,0.5,0.4548366482413082,0.4297902053694323,0.03484801390694405,0.981821280110615,0.7596877048453377,0.3176064094633131
2021-05-05 14:30:00,0.9602510460251046,-0.2509960159362551,0.4072970960536113,0.2383502945902518,0.8712619910745835,0.18307349665924277,0.5,0.4548366482413082,0.4297902053694323,0.03484801390694405,0.981821280110615,0.7596877048453377,0.3425622765061786
2021-05-05 14:40:00,0.8465829846582985,-0.003984063745020028,0.4117647058823528,0.24406356007855767,0.8540000785227257,0.16124721603563474,0.5,0.4548366482413082,0.4297902053694323,0.03484801390694405,0.981821280110615,0.7596877048453377,0.3567828960272795
2021-05-05 14:50:00,0.901673640167364,-0.19521912350597614,0.4162323157110943,0.25549009105516873,0.8584889610134666,0.17360801781737195,0.5,0.4548366482413082,0.4297902053694323,0.03484801390694405,0.981821280110615,0.7596877048453377,0.3569941306939059
2021-05-05 15:00:00,0.8965597629009763,0.2828685258964143,0.4227848101265821,0.2608462774504554,0.8625067071494943,0.2036748329621381,0.5,0.46247470585076544,0.41475027801165026,0.03648936910861211,0.9631763256087512,0.7642020208249697,0.32859815622312416
2021-05-05 15:10:00,0.8914458856345886,-0.019920318725099695,0.4263588979895754,0.26298875200856986,0.8564211959011137,0.2174832962138085,0.5,0.46247470585076544,0.41475027801165026,0.03648936910861211,0.9631763256087512,0.7642020208249697,0.3717051164053895
2021-05-05 15:20:00,0.8863319386331939,-0.01195219123505975,0.4308265078183171,0.2626316729155509,0.8775830705003207,0.17817371937639198,0.5,0.46247470585076544,0.41475027801165026,0.03648936910861211,0.9631763256087512,0.7642020208249697,0.32636510403307334
2021-05-05 15:30:00,0.9672245467224546,-0.08366533864541836,0.43559195830230824,0.27120157114800936,0.8540393398856186,0.19342984409799557,0.5,0.46247470585076544,0.41475027801165026,0.03648936910861211,0.9631763256087512,0.7642020208249697,0.3442219774582434
2021-05-05 15:40:00,0.8298465829846583,0.05976095617529875,0.4338049143708116,0.27441528298518114,0.8574681655782544,0.1544543429844098,0.5,0.46247470585076544,0.41475027801165026,0.03648936910861211,0.9631763256087512,0.7642020208249697,0.3712449265959534
2021-05-05 15:50:00,0.8556485355648535,0.027888446215139417,0.4379746835443037,0.28227102303160145,0.8538299459501903,0.1502227171492205,0.5,0.46247470585076544,0.41475027801165026,0.03648936910861211,0.9631763256087512,0.7642020208249697,0.40137604297116647
2021-05-05 16:00:00,0.9323570432357042,0.25099601593625476,0.4418466120625464,0.2865559721478308,0.8666814987370928,0.15545657015590203,0.5,0.5140921138954642,0.39254382814138933,0.030929964744405503,0.9265936792331836,0.7619278605485645,0.4676660078156826
2021-05-05 16:10:00,0.895397489539749,-0.0916334661354582,0.4507818317200294,0.2951258703802895,0.8672049835756631,0.17850779510022274,0.5,0.5140921138954642,0.39254382814138933,0.030929964744405503,0.9265936792331836,0.7619278605485645,0.5040134586659022
2021-05-05 16:20:00,0.8584379358437936,-0.26693227091633476,0.4516753536857778,0.2979825031244421,0.8484118778709872,0.14521158129175946,0.5,0.5140921138954642,0.39254382814138933,0.030929964744405503,0.9265936792331836,0.7619278605485645,0.450925660485538
2021-05-05 16:30:00,0.7559274755927475,0.11553784860557759,0.4543559195830229,0.3144081414033211,0.8774260250487496,0.1143652561247216,0.5,0.5140921138954642,0.39254382814138933,0.030929964744405503,0.9265936792331836,0.7619278605485645,0.43266895001282496
2021-05-05 16:40:00,0.8298465829846583,0.11553784860557759,0.46418466120625435,0.328334226031066,0.8782243394275694,0.13073496659242761,0.5,0.5140921138954642,0.39254382814138933,0.030929964744405503,0.9265936792331836,0.7619278605485645,0.4927199480966248
2021-05-05 16:50:00,0.7266387726638772,-0.3067729083665339,0.4668652271034994,0.34511694340296395,0.8744552485898628,0.10033407572383074,0.5,0.5140921138954642,0.39254382814138933,0.030929964744405503,0.9265936792331836,0.7619278605485645,0.44692729001010906
2021-05-05 17:00:00,0.7126917712691772,-0.01195219123505975,0.47103499627699175,0.3561863952865558,0.8792713091047101,0.09743875278396437,0.5,0.5166978240110893,0.38030844207156833,0.031648620382808725,0.8860388622285937,0.763287115939315,0.4991626054287309
2021-05-05 17:10:00,0.8131101813110182,0.14741035856573692,0.474013402829486,0.3665416889841102,0.8823467825313109,0.1297327394209354,0.5,0.5166978240110893,0.38030844207156833,0.031648620382808725,0.8860388622285937,0.763287115939315,0.42244670096715303
2021-05-05 17:20:00,0.7336122733612274,-0.17131474103585675,0.47103499627699175,0.36511337261203347,0.869770059284658,0.0957683741648107,0.5,0.5166978240110893,0.38030844207156833,0.031648620382808725,0.8860388622285937,0.763287115939315,0.49101498257314
2021-05-05 17:30:00,0.7796373779637378,0.25099601593625476,0.47133283693224115,0.3679700053561865,0.8847155514258418,0.07538975501113586,0.5,0.5166978240110893,0.38030844207156833,0.031648620382808725,0.8860388622285937,0.763287115939315,0.7636812167116798
2021-05-05 17:40:00,0.710599721059972,-0.29083665338645437,0.47103499627699175,0.372969112658454,0.8741935061705776,0.06636971046770601,0.5,0.5166978240110893,0.38030844207156833,0.031648620382808725,0.8860388622285937,0.763287115939315,0.6681956033012961
2021-05-05 17:50:00,0.8242677824267782,0.1872509960159361,0.47550260610573325,0.3779682199607215,0.8909581081257935,0.1306236080178174,0.5,0.5166978240110893,0.38030844207156833,0.031648620382808725,0.8860388622285937,0.763287115939315,0.472803536671847
2021-05-05 18:00:00,0.6820083682008368,-0.11553784860557781,0.47580044676098265,0.38653811819317974,0.892149036133541,0.07438752783964366,0.5,0.478483455033198,0.3674638728531339,0.033998866535363326,0.8730618632357723,0.7736140323602069,0.5549210133228722
2021-05-05 18:10:00,0.796373779637378,0.03585657370517925,0.4772896500372299,0.3965363327977147,0.9037703995498031,0.07583518930957683,0.5,0.478483455033198,0.3674638728531339,0.033998866535363326,0.8730618632357723,0.7736140323602069,0.7648580955685985
2021-05-05 18:20:00,0.7092050209205021,-0.09960159362549814,0.47580044676098265,0.4004642028209249,0.8890473884650116,0.03930957683741648,0.5,0.478483455033198,0.3674638728531339,0.033998866535363326,0.8730618632357723,0.7736140323602069,0.7756084312808365
2021-05-05 18:30:00,0.6429567642956765,-0.14741035856573714,0.47580044676098265,0.40689162649526867,0.8776354189841776,0.01002227171492205,0.5,0.478483455033198,0.3674638728531339,0.033998866535363326,0.8730618632357723,0.7736140323602069,0.7866605308025408
2021-05-05 18:40:00,0.6771269177126918,0.08366533864541825,0.4766939687267311,0.4161756829137653,0.8788525212338538,0.01224944320712695,0.5,0.478483455033198,0.3674638728531339,0.033998866535363326,0.8730618632357723,0.7736140323602069,0.8641911975496779
2021-05-05 18:50:00,0.6290097629009763,0.003984063745019917,0.47877885331347714,0.4304588466345294,0.8793105704676027,0.004231625835189309,0.5,0.478483455033198,0.3674638728531339,0.033998866535363326,0.8730618632357723,0.7736140323602069,0.7757593131855697
2021-05-05 19:00:00,0.7217573221757322,0.09163346613545809,0.4808637379002232,0.4497411176575612,0.8930520474800748,0.01403118040089087,0.5,0.4756416050440544,0.37809871640512993,0.03551239310044934,0.7872201784506081,0.7777715955603542,0.9472894065814688
2021-05-05 19:10:00,0.5139470013947002,-0.17928286852589637,0.48324646314221864,0.4575968577039815,0.8823206082893825,0.0021158129175946547,0.5,0.4756416050440544,0.37809871640512993,0.03551239310044934,0.7872201784506081,0.7777715955603542,0.5549511897038188
2021-05-05 19:20:00,0.6589958158995816,0.1633466135458166,0.47848101265822773,0.4618818068202106,0.8654382222454883,0.0024498886414253897,0.5,0.4756416050440544,0.37809871640512993,0.03551239310044934,0.7872201784506081,0.7777715955603542,0.8709356186912504
2021-05-05 19:30:00,0.6206415620641562,0.3306772908366533,0.47848101265822773,0.4479557221924655,0.8669563282773423,0.0026726057906458797,0.5,0.4756416050440544,0.37809871640512993,0.03551239310044934,0.7872201784506081,0.7777715955603542,0.7832279674698613
2021-05-05 19:40:00,0.6464435146443515,0.05179282868525892,0.4781831720029781,0.4640242813783253,0.8894792634568323,0.00044543429844097997,0.5,0.4756416050440544,0.37809871640512993,0.03551239310044934,0.7872201784506081,0.7777715955603542,0.8159467085112482
2021-05-05 19:50:00,0.599023709902371,-0.003984063745020028,0.47580044676098265,0.47259417961078376,0.8992422556961693,0.000556792873051225,0.5,0.4756416050440544,0.37809871640512993,0.03551239310044934,0.7872201784506081,0.7777715955603542,0.7481781010003471
2021-05-05 20:00:00,0.6924686192468619,-0.03585657370517936,0.47550260610573325,0.46009641135511514,0.8992684299380979,0.008351893095768375,0.5,0.4722704748779527,0.3700672687618362,0.03652462343497105,0.6272208363178624,0.7799071930711011,0.9650255744828523
2021-05-05 20:10:00,0.6122733612273361,0.24302788844621515,0.4704393149664927,0.4558114622388858,0.8992684299380979,0.00011135857461024499,0.5,0.4722704748779527,0.3700672687618362,0.03652462343497105,0.6272208363178624,0.7799071930711011,0.800850973942695
2021-05-05 20:20:00,0.5425383542538355,0.2669322709163344,0.46358897989575576,0.4561685413319052,0.9028150397194121,0.00011135857461024499,0.5,0.4722704748779527,0.3700672687618362,0.03652462343497105,0.6272208363178624,0.7799071930711011,0.6356352882598789
2021-05-05 20:30:00,0.599023709902371,-0.003984063745020028,0.45614296351451955,0.4683092304945544,0.9067804373715826,0.00011135857461024499,0.5,0.4722704748779527,0.3700672687618362,0.03652462343497105,0.6272208363178624,0.7799071930711011,0.7263982980521146
2021-05-05 20:40:00,0.5892608089260809,0.2828685258964143,0.4507818317200294,0.46973754686663094,0.9106803994189319,0.00011135857461024499,0.5,0.4722704748779527,0.3700672687618362,0.03652462343497105,0.6272208363178624,0.7799071930711011,0.7115892391025544
2021-05-05 20:50:00,0.5118549511854951,-0.17928286852589637,0.4454206999255397,0.45831101589001966,0.9183756265459162,0.00011135857461024499,0.5,0.4722704748779527,0.3700672687618362,0.03652462343497105,0.6272208363178624,0.7799071930711011,0.549074339514462
2021-05-05 21:00:00,0.5467224546722455,0.38645418326693215,0.4382725241995531,0.4575968577039815,0.9107720092656817,0.00011135857461024499,0.5,0.47041390850513776,0.3737223676535255,0.03654275785464489,0.4384379032381864,0.7811486616220557,0.5961042292197897
2021-05-05 21:10:00,0.5697350069735007,0.043824701195219085,0.43350707371556196,0.4450990894483129,0.9217782779966236,0.00011135857461024499,0.5,0.47041390850513776,0.3737223676535255,0.03654275785464489,0.4384379032381864,0.7811486616220557,0.6114489189311526
2021-05-05 21:20:00,0.4804741980474198,0.01195219123505975,0.4266567386448248,0.4365291912158542,0.9218175393595163,0.00011135857461024499,0.5,0.47041390850513776,0.3737223676535255,0.03654275785464489,0.4384379032381864,0.7811486616220557,0.43543008886944184
2021-05-05 21:30:00,0.5676429567642958,0.01195219123505975,0.4192107222635888,0.42760221389037656,0.9218175393595163,0.00011135857461024499,0.5,0.47041390850513776,0.3737223676535255,0.03654275785464489,0.4384379032381864,0.7811486616220557,0.5851728352218718
2021-05-05 21:40:00,0.32566248256624825,-0.02788844621513953,0.41653015636634394,0.4193893947509373,0.9218175393595163,0.00011135857461024499,0.5,0.47041390850513776,0.3737223676535255,0.03654275785464489,0.4384379032381864,0.7811486616220557,0.21045008072181903
2021-05-05 21:50:00,0.1771269177126918,-0.5617529880478087,0.40193596425912137,0.4226031065881093,0.8940335815523942,0.00011135857461024499,0.5,0.47041390850513776,0.3737223676535255,0.03654275785464489,0.4384379032381864,0.7811486616220557,0.03818066599272749
2021-05-05 22:00:00,0.09553695955369597,0.06772908366533859,0.39002233804914366,0.4508123549366183,0.8774914606535708,0.4569042316258352,0.5,0.3506326914308908,0.3880065630863737,0.06930404535786122,0.3262988233511146,0.8015028121256841,0.0019312883805845166
2021-05-05 22:10:00,0.100418410041841,-0.2270916334661356,0.40104244229337294,0.449384038564542,0.8868225779010875,0.9993318485523385,0.5,0.3506326914308908,0.3880065630863737,0.06930404535786122,0.3262988233511146,0.8015028121256841,0.0
2021-05-05 22:20:00,0.12203626220362622,-0.5657370517928288,0.40997766195085616,0.4490269594715228,0.8868225779010875,0.9993318485523385,0.5,0.3506326914308908,0.3880065630863737,0.06930404535786122,0.3262988233511146,0.8015028121256841,0.0
2021-05-05 22:30:00,0.16666666666666669,-0.904382470119522,0.4129560685033504,0.43438671665773976,0.8868225779010875,0.9993318485523385,0.5,0.3506326914308908,0.3880065630863737,0.06930404535786122,0.3262988233511146,0.8015028121256841,0.0
2021-05-05 22:40:00,0.12552301255230125,-0.44422310756972117,0.4129560685033504,0.42153186930905173,0.8868356650220518,0.9993318485523385,0.5,0.3506326914308908,0.3880065630863737,0.06930404535786122,0.3262988233511146,0.8015028121256841,0.0
2021-05-05 22:50:00,0.17224546722454673,0.015936254980079667,0.41414743112434826,0.4065345474022497,0.8868356650220518,0.9993318485523385,0.5,0.3506326914308908,0.3880065630863737,0.06930404535786122,0.3262988233511146,0.8015028121256841,0.0
2021-05-05 23:00:00,0.1617852161785216,0.4760956175298805,0.4117647058823528,0.39475093733261923,0.8868356650220518,0.9993318485523385,0.5,0.1739899600530046,0.38782265873962224,0.14392439240500068,0.2798091932253718,0.8504093002027202,0.0
2021-05-05 23:10:00,0.1311018131101813,0.9362549800796809,0.3968726731198806,0.38760935547223707,0.8868356650220518,0.9993318485523385,0.5,0.1739899600530046,0.38782265873962224,0.14392439240500068,0.2798091932253718,0.8504093002027202,0.0
2021-05-05 23:20:00,0.100418410041841,0.6095617529880477,0.38615040953090074,0.38296732726298877,0.8868356650220518,0.9993318485523385,0.5,0.1739899600530046,0.38782265873962224,0.14392439240500068,0.2798091932253718,0.8504093002027202,0.0
2021-05-05 23:30:00,0.07740585774058578,0.5219123505976095,0.37572598659717027,0.3761828244956258,0.8868356650220518,0.9993318485523385,0.5,0.1739899600530046,0.38782265873962224,0.14392439240500068,0.2798091932253718,0.8504093002027202,0.0
2021-05-05 23:40:00,0.1087866108786611,0.43426294820717115,0.36679076693968726,0.36725584717014814,0.8868356650220518,0.9993318485523385,0.5,0.1739899600530046,0.38782265873962224,0.14392439240500068,0.2798091932253718,0.8504093002027202,0.0
2021-05-05 23:50:00,0.1589958158995816,0.346613545816733,0.3644080416976916,0.35797179075165153,0.8868356650220518,0.9993318485523385,0.5,0.1739899600530046,0.38782265873962224,0.14392439240500068,0.2798091932253718,0.8504093002027202,0.0
2021-05-06 00:00:00,0.21548117154811713,0.2589641434262948,0.36262099776619494,0.35297268344938404,0.8305610448757378,0.9993318485523385,0.5,0.16545627193174073,0.3931156557195675,0.15138372596888208,0.2866374825545418,0.92271747267433,0.0
2021-05-06 00:10:00,0.19665271966527195,0.17131474103585642,0.3694713328369321,0.3826102481699696,0.5913284736490819,0.9699331848552338,0.5,0.16545627193174073,0.3931156557195675,0.15138372596888208,0.2866374825545418,0.92271747267433,0.0
2021-05-06 00:20:00,0.19804741980474197,0.08366533864541825,0.3691734921816827,0.40689162649526867,0.506720236615147,0.01447661469933185,0.5,0.16545627193174073,0.3931156557195675,0.15138372596888208,0.2866374825545418,0.92271747267433,0.06619189160643964
2021-05-06 00:30:00,0.16875871687587168,-0.42629482071713154,0.3813849590469096,0.4479557221924655,0.5072960699375744,0.00011135857461024499,0.5,0.16545627193174073,0.3931156557195675,0.15138372596888208,0.2866374825545418,0.92271747267433,0.053547987989800386
2021-05-06 00:40:00,0.20362622036262204,-0.17131474103585675,0.38198064035740864,0.46473843956436345,0.5022837026082632,0.00011135857461024499,0.5,0.16545627193174073,0.3931156557195675,0.15138372596888208,0.2866374825545418,0.92271747267433,0.06555064351132368
2021-05-06 00:50:00,0.16108786610878661,0.1394422310756971,0.35160089352196544,0.39475093733261923,0.5022837026082632,0.00011135857461024499,0.5,0.16545627193174073,0.3931156557195675,0.15138372596888208,0.2866374825545418,0.92271747267433,0.0549361015133455
2021-05-06 01:00:00,0.14365411436541145,0.5298804780876492,0.3349218168279968,0.3461881806820213,0.5022837026082632,0.00011135857461024499,0.5,0.08906008659129094,0.39761556520414787,0.17398885075588194,0.3296937562927693,0.9819128020536865,0.05695791903676992
2021-05-06 01:10:00,0.11715481171548117,0.5458167330677288,0.32836932241250905,0.32047848598464546,0.5047571684705081,0.00011135857461024499,0.5,0.08906008659129094,0.39761556520414787,0.17398885075588194,0.3296937562927693,0.9819128020536865,0.03603814294551655
2021-05-06 01:20:00,0.1094839609483961,-0.059760956175298974,0.3241995532390167,0.3072665595429387,0.5187996492651582,0.00011135857461024499,0.5,0.08906008659129094,0.39761556520414787,0.17398885075588194,0.3296937562927693,0.9819128020536865,0.020489762662763856
2021-05-06 01:30:00,0.07182705718270573,-0.2828685258964144,0.31734921816827977,0.2986966613104802,0.5187996492651582,0.005345211581291759,0.5,0.08906008659129094,0.39761556520414787,0.17398885075588194,0.3296937562927693,0.9819128020536865,0.00029421971422967244
2021-05-06 01:40:00,0.08368200836820083,-0.5856573705179284,0.3116902457185404,0.2851276557757545,0.5187996492651582,0.2883073496659243,0.5,0.08906008659129094,0.39761556520414787,0.17398885075588194,0.3296937562927693,0.9819128020536865,0.0
2021-05-06 01:50:00,0.1799163179916318,-0.5856573705179284,0.3152643335815337,0.27798607391537233,0.5187996492651582,0.9874164810690423,0.5,0.08906008659129094,0.39761556520414787,0.17398885075588194,0.3296937562927693,0.9819128020536865,0.0
2021-05-06 02:00:00,0.296373779637378,-0.5856573705179284,0.3304542069992553,0.29726834493840393,0.5187996492651582,0.017928730512249445,0.5,0.08686965579278128,0.4008051562181234,0.18081943989498775,0.3456594574759847,0.017652304811172,0.12976598216575885
2021-05-06 02:10:00,0.3242677824267783,-0.2749003984063746,0.3253909158600148,0.2911980003570791,0.5187996492651582,0.00011135857461024499,0.5,0.08686965579278128,0.4008051562181234,0.18081943989498775,0.3456594574759847,0.017652304811172,0.1862486232026193
2021-05-06 02:20:00,0.3277545327754533,0.043824701195219085,0.3036485480268054,0.2447777182645956,0.5187996492651582,0.00011135857461024499,0.5,0.08686965579278128,0.4008051562181234,0.18081943989498775,0.3456594574759847,0.017652304811172,0.17563408120464113
2021-05-06 02:30:00,0.32496513249651326,0.43426294820717115,0.28190618019359626,0.2112122835207999,0.5187996492651582,0.00011135857461024499,0.5,0.08686965579278128,0.4008051562181234,0.18081943989498775,0.3456594574759847,0.017652304811172,0.1412933596873727
2021-05-06 02:40:00,0.2391910739191074,0.2669322709163344,0.25837676842889046,0.1837171933583288,0.5343209747287694,0.00011135857461024499,0.5,0.08686965579278128,0.4008051562181234,0.18081943989498775,0.3456594574759847,0.017652304811172,0.09258868083950693
2021-05-06 02:50:00,0.14435146443514643,0.15537848605577675,0.240506329113924,0.17407605784681324,0.5465574328303516,0.00011135857461024499,0.5,0.08686965579278128,0.4008051562181234,0.18081943989498775,0.3456594574759847,0.017652304811172,0.039131221992546435
2021-05-06 03:00:00,0.11645746164574616,0.3545816733067728,0.23663440059568108,0.17479021603285116,0.5514651031919487,0.00011135857461024499,0.5,0.08163382110003159,0.39557824986279083,0.1868043056438499,0.3491171336445272,0.03778794741552588,0.018083196282269867
2021-05-06 03:10:00,0.1199442119944212,0.6175298804780875,0.2369322412509307,0.17586145331190872,0.5653112771721349,0.00011135857461024499,0.5,0.08163382110003159,0.39557824986279083,0.1868043056438499,0.3491171336445272,0.03778794741552588,0.013798150187847972
2021-05-06 03:20:00,0.17433751743375175,0.29083665338645415,0.23931496649292616,0.17693269059096606,0.6062739657902658,0.00011135857461024499,0.5,0.08163382110003159,0.39557824986279083,0.1868043056438499,0.3491171336445272,0.03778794741552588,0.043318194848891774
2021-05-06 03:30:00,0.14225941422594143,-0.20318725099601598,0.2446760982874161,0.16550615961435455,0.6100168823860439,0.00011135857461024499,0.5,0.08163382110003159,0.39557824986279083,0.1868043056438499,0.3491171336445272,0.03778794741552588,0.03194169923201111
2021-05-06 03:40:00,0.12412831241283125,0.4581673306772909,0.24795234549516,0.16586323870737374,0.599416314404994,0.00011135857461024499,0.5,0.08163382110003159,0.39557824986279083,0.1868043056438499,0.3491171336445272,0.03778794741552588,0.023273533805090757
2021-05-06 03:50:00,0.09135285913528592,0.05179282868525892,0.2556962025316454,0.17586145331190872,0.599416314404994,0.000556792873051225,0.5,0.08163382110003159,0.39557824986279083,0.1868043056438499,0.3491171336445272,0.03778794741552588,0.0
2021-05-06 04:00:00,0.07182705718270573,0.31474103585657365,0.26165301563663435,0.17621853240492769,0.599416314404994,0.5738307349665924,0.5,0.039120038769631105,0.3946127520423445,0.2182263091877974,0.3514437501382826,0.05194875407259157,0.0
2021-05-06 04:10:00,0.07043235704323571,0.5697211155378485,0.2676098287416231,0.18693090519550082,0.599416314404994,0.9995545657015591,0.5,0.039120038769631105,0.3946127520423445,0.2182263091877974,0.3514437501382826,0.05194875407259157,0.0
2021-05-06 04:20:00,0.10529986052998605,0.1872509960159361,0.27029039463886795,0.20371362256739878,0.599416314404994,0.9995545657015591,0.5,0.039120038769631105,0.3946127520423445,0.2182263091877974,0.3514437501382826,0.05194875407259157,0.0
2021-05-06 04:30:00,0.12691771269177127,-0.2589641434262948,0.2711839166046164,0.20407070166041774,0.599416314404994,0.9995545657015591,0.5,0.039120038769631105,0.3946127520423445,0.2182263091877974,0.3514437501382826,0.05194875407259157,0.0
2021-05-06 04:40:00,0.12133891213389121,0.10756972111553775,0.27029039463886795,0.20049991073022677,0.599416314404994,0.9995545657015591,0.5,0.039120038769631105,0.3946127520423445,0.2182263091877974,0.3514437501382826,0.05194875407259157,0.0
2021-05-06 04:50:00,0.12412831241283125,0.07304116865869847,0.26939687267311974,0.1951437243349401,0.599416314404994,0.9995545657015591,0.5,0.039120038769631105,0.3946127520423445,0.2182263091877974,0.3514437501382826,0.05194875407259157,0.0
2021-05-06 05:00:00,0.09623430962343095,0.038512616201859196,0.2673119880863737,0.19014461703267282,0.599416314404994,0.9995545657015591,0.5,0.037247162736060435,0.3955926173898816,0.2282749335272068,0.3551419661187237,0.06118039645978968,0.0
2021-05-06 05:10:00,0.16666666666666669,0.003984063745019917,0.2673119880863737,0.18621674700946267,0.599416314404994,0.9995545657015591,0.5,0.037247162736060435,0.3955926173898816,0.2282749335272068,0.3551419661187237,0.06118039645978968,0.0
2021-05-06 05:20:00,0.1297071129707113,-0.030544488711819473,0.2685033507073715,0.18478843063738615,0.599416314404994,0.9995545657015591,0.5,0.037247162736060435,0.3955926173898816,0.2282749335272068,0.3551419661187237,0.06118039645978968,0.0
2021-05-06 05:30:00,0.20292887029288703,-0.06507304116865886,0.2673119880863737,0.18443135154436718,0.6408632264988026,0.6207126948775056,0.5,0.037247162736060435,0.3955926173898816,0.2282749335272068,0.3551419661187237,0.06118039645978968,0.009648897807685923
2021-05-06 05:40:00,0.10390516039051603,-0.09960159362549814,0.27386448250186124,0.2097839671487236,0.643716218869011,0.00011135857461024499,0.5,0.037247162736060435,0.3955926173898816,0.2282749335272068,0.3551419661187237,0.06118039645978968,0.016491392187334974
2021-05-06 05:50:00,0.18200836820083682,0.09163346613545809,0.28071481757259864,0.2558471701481879,0.6532829042938845,0.00011135857461024499,0.5,0.037247162736060435,0.3955926173898816,0.2282749335272068,0.3551419661187237,0.06118039645978968,0.07473935150957345
2021-05-06 06:00:00,0.1708507670850767,-0.4900398406374503,0.28518242740134014,0.27262988752008566,0.6579942678410176,0.00011135857461024499,0.5,0.014715916728008427,0.4149571704017462,0.2916126279982505,0.36356453010435547,0.08183862301198083,0.06078277532175566
2021-05-06 06:10:00,0.1771269177126918,-0.649402390438247,0.28696947133283657,0.28762720942688813,0.654473832301632,0.00011135857461024499,0.5,0.014715916728008427,0.4149571704017462,0.2916126279982505,0.36356453010435547,0.08183862301198083,0.05816497427463524
2021-05-06 06:20:00,0.15550906555090654,0.3067729083665336,0.287862993298585,0.3008391358685949,0.6414783211841226,0.00011135857461024499,0.5,0.014715916728008427,0.4149571704017462,0.2916126279982505,0.36356453010435547,0.08183862301198083,0.055848937036981156
2021-05-06 06:30:00,0.17364016736401675,0.5139442231075697,0.25390915860014873,0.24763435100874842,0.6414783211841226,0.00011135857461024499,0.5,0.014715916728008427,0.4149571704017462,0.2916126279982505,0.36356453010435547,0.08183862301198083,0.06585240732079002
2021-05-06 06:40:00,0.20013947001394702,-0.36254980079681276,0.2449739389426655,0.19978575254418862,0.6326706887751764,0.00011135857461024499,0.5,0.014715916728008427,0.4149571704017462,0.2916126279982505,0.36356453010435547,0.08183862301198083,0.07992214493715769
2021-05-06 06:50:00,0.17224546722454673,0.3227091633466135,0.24348473566641826,0.17550437421888954,0.6295166926227899,0.00011135857461024499,0.5,0.014715916728008427,0.4149571704017462,0.2916126279982505,0.36356453010435547,0.08183862301198083,0.07068062827225131
2021-05-06 07:00:00,0.17224546722454673,0.17131474103585642,0.2488458674609082,0.16836279235850737,0.641596105272801,0.00011135857461024499,0.5,0.0022003700191746134,0.430301689333835,0.3066559534095055,0.3653620241057716,0.09293561665311956,0.07189522760535329
2021-05-06 07:10:00,0.18410041841004185,0.3545816733067728,0.2524199553239015,0.1647920014283164,0.641596105272801,0.00011135857461024499,0.5,0.0022003700191746134,0.430301689333835,0.3066559534095055,0.3653620241057716,0.09293561665311956,0.07467899874768019
2021-05-06 07:20:00,0.20362622036262204,0.5378486055776892,0.2518242740134027,0.16193536868416358,0.641596105272801,0.00011135857461024499,0.5,0.0022003700191746134,0.430301689333835,0.3066559534095055,0.3653620241057716,0.09293561665311956,0.0747846160809934
2021-05-06 07:30:00,0.1317991631799163,-0.17131474103585675,0.24586746090841394,0.1551508659168006,0.641596105272801,0.00011135857461024499,0.5,0.0022003700191746134,0.430301689333835,0.3066559534095055,0.3653620241057716,0.09293561665311956,0.03277154970804352
2021-05-06 07:40:00,0.09623430962343095,0.06772908366533859,0.24348473566641826,0.16050705231208706,0.6451688892960438,0.000556792873051225,0.5,0.0022003700191746134,0.430301689333835,0.3066559534095055,0.3653620241057716,0.09293561665311956,0.004888573713354558
2021-05-06 07:50:00,0.08507670850767085,-0.49800796812749004,0.23991064780342497,0.15800749866095343,0.6491342869482143,0.2626948775055679,0.5,0.0022003700191746134,0.430301689333835,0.3066559534095055,0.3653620241057716,0.09293561665311956,0.0
2021-05-06 08:00:00,0.10669456066945607,0.5298804780876492,0.2449739389426655,0.16407784324227825,0.6415044954260513,0.9995545657015591,0.5,0.04212475189470566,0.443542802299954,0.2677697973649801,0.3313155692588997,0.11920314117527471,0.0
2021-05-06 08:10:00,0.11576011157601115,-0.20318725099601598,0.2592702903946389,0.19442956614890217,0.6415044954260513,0.9995545657015591,0.5,0.04212475189470566,0.443542802299954,0.2677697973649801,0.3313155692588997,0.11920314117527471,0.0
2021-05-06 08:20:00,0.12273361227336123,0.2111553784860556,0.2673119880863737,0.2065702553115516,0.6415044954260513,0.9995545657015591,0.5,0.04212475189470566,0.443542802299954,0.2677697973649801,0.3313155692588997,0.11920314117527471,0.0
2021-05-06 08:30:00,0.11715481171548117,0.08366533864541825,0.2673119880863737,0.2115693626138191,0.6415044954260513,0.9995545657015591,0.5,0.04212475189470566,0.443542802299954,0.2677697973649801,0.3313155692588997,0.11920314117527471,0.0
2021-05-06 08:40:00,0.1617852161785216,-0.043824701195219196,0.272970960536113,0.2115693626138191,0.6415044954260513,0.9995545657015591,0.5,0.04212475189470566,0.443542802299954,0.2677697973649801,0.3313155692588997,0.11920314117527471,0.0
2021-05-06 08:50:00,0.14225941422594143,-0.4820717131474104,0.27743857036485475,0.21335475807891435,0.6415044954260513,0.9995545657015591,0.5,0.04212475189470566,0.443542802299954,0.2677697973649801,0.3313155692588997,0.11920314117527471,0.0
2021-05-06 09:00:00,0.1506276150627615,-0.6254980079681275,0.2798212956068502,0.21514015354401006,0.6415044954260513,0.9995545657015591,0.5,0.09927937314869495,0.4558155439402103,0.22148720756187548,0.3428593375578748,0.17551489664269623,0.0
2021-05-06 09:10:00,0.2105997210599721,-0.7689243027888446,0.287862993298585,0.21514015354401006,0.6116527725065762,0.46481069042316264,0.5,0.09927937314869495,0.4558155439402103,0.22148720756187548,0.3428593375578748,0.17551489664269623,0.025959231709341096
2021-05-06 09:20:00,0.26429567642956764,0.4262948207171313,0.3057334326135517,0.22763792179967868,0.6182355943515986,0.37527839643652566,0.5,0.09927937314869495,0.4558155439402103,0.22148720756187548,0.3428593375578748,0.17551489664269623,0.07252138750999593
2021-05-06 09:30:00,0.2775453277545328,0.8565737051792826,0.31734921816827977,0.2447777182645956,0.6228160866890893,0.9995545657015591,0.5,0.09927937314869495,0.4558155439402103,0.22148720756187548,0.3428593375578748,0.17551489664269623,0.0
2021-05-06 09:40:00,0.3089260808926081,0.6254980079681274,0.3224125093075203,0.24692019282271027,0.627854628260329,0.8373051224944321,0.5,0.09927937314869495,0.4558155439402103,0.22148720756187548,0.3428593375578748,0.17551489664269623,0.004669794951491468
2021-05-06 09:50:00,0.3075313807531381,-0.4661354581673308,0.3381980640357407,0.24727727191572946,0.6393451204669485,0.0024498886414253897,0.5,0.09927937314869495,0.4558155439402103,0.22148720756187548,0.3428593375578748,0.17551489664269623,0.1741554385382561
2021-05-06 10:00:00,0.2789400278940028,0.003984063745019917,0.35845122859270284,0.26620246384574187,0.6354058970567065,0.00011135857461024499,0.5,0.4018023342493202,0.46057406891240843,0.10266313463969634,0.42053127559035963,0.2495712801363508,0.13700831359295082
2021-05-06 10:10:00,0.24198047419804744,0.08366533864541825,0.35874906924795225,0.27120157114800936,0.6417662378453364,0.00011135857461024499,0.5,0.4018023342493202,0.46057406891240843,0.10266313463969634,0.42053127559035963,0.2495712801363508,0.10331638426603497
2021-05-06 10:20:00,0.26638772663877264,0.25099601593625476,0.3533879374534623,0.2447777182645956,0.6487547604402508,0.00011135857461024499,0.5,0.4018023342493202,0.46057406891240843,0.10266313463969634,0.42053127559035963,0.2495712801363508,0.13724972464052387
2021-05-06 10:30:00,0.2524407252440725,-0.05179282868525903,0.35487714072970933,0.23513658275308003,0.6554815406158799,0.00011135857461024499,0.5,0.4018023342493202,0.46057406891240843,0.10266313463969634,0.42053127559035963,0.2495712801363508,0.11651100683495029
2021-05-06 10:40:00,0.2594142259414226,-0.20318725099601598,0.35964259121370046,0.23906445277629018,0.649474552093285,0.00011135857461024499,0.5,0.4018023342493202,0.46057406891240843,0.10266313463969634,0.42053127559035963,0.2495712801363508,0.11159225674064908
2021-05-06 10:50:00,0.25174337517433754,0.17928286852589648,0.3644080416976916,0.24656311372969109,0.659983510227585,0.00011135857461024499,0.5,0.4018023342493202,0.46057406891240843,0.10266313463969634,0.42053127559035963,0.2495712801363508,0.11056625978846357
2021-05-06 11:00:00,0.2294281729428173,-0.059760956175298974,0.3694713328369321,0.2558471701481879,0.6590281503971942,0.00011135857461024499,0.5,0.4140002928401254,0.4661888984991678,0.08823625268322835,0.3956664602439213,0.3010648608713996,0.09841272236220709
2021-05-06 11:10:00,0.20432357043235705,-0.15537848605577698,0.3760238272524199,0.2687020174968757,0.6679273926528903,0.00011135857461024499,0.5,0.4140002928401254,0.4661888984991678,0.08823625268322835,0.3956664602439213,0.3010648608713996,0.0668482278920289
2021-05-06 11:20:00,0.16736401673640167,0.1872509960159361,0.3795979151154132,0.2733440457061238,0.6602976011307272,0.00011135857461024499,0.5,0.4140002928401254,0.4661888984991678,0.08823625268322835,0.3956664602439213,0.3010648608713996,0.05382711951355674
2021-05-06 11:30:00,0.12622036262203626,-0.02788844621513953,0.38674609084139977,0.27762899482235315,0.6641975631780764,0.00011135857461024499,0.5,0.4140002928401254,0.4661888984991678,0.08823625268322835,0.3956664602439213,0.3010648608713996,0.022918961328967816
2021-05-06 11:40:00,0.13319386331938632,-0.003984063745020028,0.3983618763961281,0.2986966613104802,0.6579157451152321,0.00011135857461024499,0.5,0.4140002928401254,0.4661888984991678,0.08823625268322835,0.3956664602439213,0.3010648608713996,0.018483033329812756
2021-05-06 11:50:00,0.08647140864714087,0.03585657370517925,0.4114668652271034,0.3136939832172827,0.6887490021070264,0.17026726057906458,0.5,0.4140002928401254,0.4661888984991678,0.08823625268322835,0.3956664602439213,0.3010648608713996,0.0
2021-05-06 12:00:00,0.10320781032078104,0.047084389713871744,0.4230826507818317,0.3229780396357793,0.7014696836842863,0.9995545657015591,0.5,0.4176890111242557,0.4604447611685995,0.08236285654900471,0.29086809380082834,0.34206152288218467,0.0
2021-05-06 12:10:00,0.10251046025104603,0.058312205722564237,0.44422933730454184,0.3618996607748617,0.7014696836842863,0.9995545657015591,0.5,0.4176890111242557,0.4604447611685995,0.08236285654900471,0.29086809380082834,0.34206152288218467,0.0
2021-05-06 12:20:00,0.08507670850767085,0.06954002173125673,0.4606105733432613,0.3861810391001608,0.7014696836842863,0.9995545657015591,0.5,0.4176890111242557,0.4604447611685995,0.08236285654900471,0.29086809380082834,0.34206152288218467,0.0
2021-05-06 12:30:00,0.1387726638772664,0.08076783773994922,0.47550260610573325,0.40117836100696325,0.7014696836842863,0.9995545657015591,0.5,0.4176890111242557,0.4604447611685995,0.08236285654900471,0.29086809380082834,0.34206152288218467,0.0
2021-05-06 12:40:00,0.09693165969316596,0.09199565374864171,0.48711839166046156,0.41189073379753616,0.7014696836842863,0.9995545657015591,0.5,0.4176890111242557,0.4604447611685995,0.08236285654900471,0.29086809380082834,0.34206152288218467,0.0
2021-05-06 12:50:00,0.06764295676429567,0.10322346975733421,0.49456440804169755,0.4222460274950901,0.7014696836842863,0.9995545657015591,0.5,0.4176890111242557,0.4604447611685995,0.08236285654900471,0.29086809380082834,0.34206152288218467,0.0
2021-05-06 13:00:00,0.08926080892608089,0.1144512857660267,0.5014147431124347,0.4315300839135867,0.7014696836842863,0.9995545657015591,0.5,0.536142942002646,0.4540741996569021,0.04294496888425257,0.18011243878095662,0.39329167328014514,0.0
2021-05-06 13:10:00,0.1290097629009763,0.1256791017747192,0.5118391660461652,0.44259953579717903,0.7014696836842863,0.9995545657015591,0.5,0.536142942002646,0.4540741996569021,0.04294496888425257,0.18011243878095662,0.39329167328014514,0.0
2021-05-06 13:20:00,0.04602510460251046,0.13690691778341169,0.5225614296351451,0.4465274058203892,0.7014696836842863,0.9995545657015591,0.5,0.536142942002646,0.4540741996569021,0.04294496888425257,0.18011243878095662,0.39329167328014514,0.0
2021-05-06 13:30:00,0.0697350069735007,0.14813473379210418,0.5323901712583765,0.45545438314586684,0.7014696836842863,0.9995545657015591,0.5,0.536142942002646,0.4540741996569021,0.04294496888425257,0.18011243878095662,0.39329167328014514,0.0
2021-05-06 13:40:00,0.0899581589958159,0.15936254980079667,0.5422189128816082,0.46509551865738263,0.7014696836842863,0.9995545657015591,0.5,0.536142942002646,0.4540741996569021,0.04294496888425257,0.18011243878095662,0.39329167328014514,0.0
2021-05-06 13:50:00,0.08577405857740586,0.17059036580948939,0.5505584512285924,0.4683092304945544,0.7014696836842863,0.9995545657015591,0.5,0.536142942002646,0.4540741996569021,0.04294496888425257,0.18011243878095662,0.39329167328014514,0.0
2021-05-06 14:00:00,0.1290097629009763,0.18181818181818166,0.5609828741623228,0.47295125870380295,0.7014696836842863,0.9995545657015591,0.5,0.5378285070856972,0.4356406624004692,0.042194736529074614,0.10540485603540643,0.4709382458553181,0.0
2021-05-06 14:10:00,0.0899581589958159,0.19304599782687415,0.573790022338049,0.4768791287270131,0.7014696836842863,0.9995545657015591,0.5,0.5378285070856972,0.4356406624004692,0.042194736529074614,0.10540485603540643,0.4709382458553181,0.0
2021-05-06 14:20:00,0.08368200836820083,0.20427381383556664,0.5803425167535365,0.4811640778432422,0.7014696836842863,0.9995545657015591,0.5,0.5378285070856972,0.4356406624004692,0.042194736529074614,0.10540485603540643,0.4709382458553181,0.0
2021-05-06 14:30:00,0.1311018131101813,0.21550162984425913,0.5857036485480267,0.4861631851455097,0.7014696836842863,0.9995545657015591,0.5,0.5378285070856972,0.4356406624004692,0.042194736529074614,0.10540485603540643,0.4709382458553181,0.0
2021-05-06 14:40:00,0.08228730822873082,0.22672944585295163,0.5857036485480267,0.48723442242456705,0.7014696836842863,0.9995545657015591,0.5,0.5378285070856972,0.4356406624004692,0.042194736529074614,0.10540485603540643,0.4709382458553181,0.0
2021-05-06 14:50:00,0.14853556485355648,0.23795726186164412,0.5901712583767682,0.4879485806106054,0.7014696836842863,0.9995545657015591,0.5,0.5378285070856972,0.4356406624004692,0.042194736529074614,0.10540485603540643,0.4709382458553181,0.0
2021-05-06 15:00:00,0.05299860529986053,0.2491850778703366,0.5919583023082648,0.4883056597036244,0.7014696836842863,0.9995545657015591,0.5,0.5429422361178604,0.42078751289485516,0.04105518481446523,0.07493178617398233,0.5798854746593445,0.0
2021-05-06 15:10:00,0.12273361227336123,0.2604128938790291,0.6020848845867459,0.49651847884306366,0.7014696836842863,0.9995545657015591,0.5,0.5429422361178604,0.42078751289485516,0.04105518481446523,0.07493178617398233,0.5798854746593445,0.0
2021-05-06 15:20:00,0.1506276150627615,0.2716407098877218,0.6059568131049888,0.5029459025174075,0.6602452526468702,0.9995545657015591,0.5,0.5429422361178604,0.42078751289485516,0.04105518481446523,0.07493178617398233,0.5798854746593445,0.0
2021-05-06 15:30:00,0.04951185495118549,0.2828685258964143,0.6062546537602382,0.511158721656847,0.6181963329887058,0.9995545657015591,0.5,0.5429422361178604,0.42078751289485516,0.04105518481446523,0.07493178617398233,0.5798854746593445,0.0
2021-05-06 15:40:00,0.16387726638772665,0.15537848605577675,0.6145941921072224,0.5225852526334585,0.6181832458677415,0.9995545657015591,0.5,0.5429422361178604,0.42078751289485516,0.04105518481446523,0.07493178617398233,0.5798854746593445,0.0
2021-05-06 15:50:00,0.21687587168758715,0.027888446215139417,0.6211466865227102,0.5311551508659167,0.49397338079595876,0.889086859688196,0.5,0.5429422361178604,0.42078751289485516,0.04105518481446523,0.07493178617398233,0.5798854746593445,0.0
2021-05-06 16:00:00,0.22245467224546722,-0.09960159362549814,0.6268056589724496,0.5386538118193178,0.437463192472288,0.0073496659242761695,0.5,0.5990301588641005,0.39633972879855767,0.034611759194689735,0.09073482056904522,0.6504885782214904,0.07498830665238318
2021-05-06 16:10:00,0.09832635983263598,-0.19920318725099617,0.6274013402829486,0.5382967327262989,0.43799976443182265,0.905011135857461,0.5,0.5990301588641005,0.39633972879855767,0.034611759194689735,0.09073482056904522,0.6504885782214904,0.0
2021-05-06 16:20:00,0.09344490934449094,-0.2988047808764942,0.6303797468354431,0.5593643992144262,0.43799976443182265,0.9995545657015591,0.5,0.5990301588641005,0.39633972879855767,0.034611759194689735,0.09073482056904522,0.6504885782214904,0.0
2021-05-06 16:30:00,0.1415620641562064,-0.3984063745019921,0.6336559940431867,0.5722192465631137,0.43799976443182265,0.9995545657015591,0.5,0.5990301588641005,0.39633972879855767,0.034611759194689735,0.09073482056904522,0.6504885782214904,0.0
2021-05-06 16:40:00,0.1680613668061367,-0.49800796812749015,0.6363365599404316,0.5786466702374577,0.41102720812448473,0.8866369710467706,0.5,0.5990301588641005,0.39633972879855767,0.034611759194689735,0.09073482056904522,0.6504885782214904,0.0
2021-05-06 16:50:00,0.197350069735007,-0.5976095617529882,0.635740878629933,0.5811462238885914,0.3644239703707582,0.9993318485523385,0.5,0.5990301588641005,0.39633972879855767,0.034611759194689735,0.09073482056904522,0.6504885782214904,0.0
2021-05-06 17:00:00,0.17154811715481172,-0.6972111553784861,0.6309754281459417,0.5704338510980183,0.40445747340042665,0.0935412026726058,0.5,0.6062202511287518,0.38692899855462576,0.032375265310998325,0.1205688633217524,0.6718887760853419,0.0
2021-05-06 17:10:00,0.11576011157601115,-0.6892430278884463,0.6315711094564407,0.5647205856097126,0.3199277590922773,0.05723830734966592,0.5,0.6062202511287518,0.38692899855462576,0.032375265310998325,0.1205688633217524,0.6718887760853419,0.0
2021-05-06 17:20:00,0.10111576011157601,-0.6205179282868526,0.6363365599404316,0.5647205856097126,0.28171336587664075,0.9993318485523385,0.5,0.6062202511287518,0.38692899855462576,0.032375265310998325,0.1205688633217524,0.6718887760853419,0.0
2021-05-06 17:30:00,0.07880055788005579,-0.5517928286852589,0.638719285182427,0.5607927155865025,0.28171336587664075,0.9993318485523385,0.5,0.6062202511287518,0.38692899855462576,0.032375265310998325,0.1205688633217524,0.6718887760853419,0.0
2021-05-06 17:40:00,0.1094839609483961,-0.48306772908366535,0.6434847356664184,0.5536511337261203,0.28171336587664075,0.9993318485523385,0.5,0.6062202511287518,0.38692899855462576,0.032375265310998325,0.1205688633217524,0.6718887760853419,0.0
2021-05-06 17:50:00,0.07182705718270573,-0.4143426294820718,0.645271779597915,0.549009105516872,0.28171336587664075,0.9993318485523385,0.5,0.6062202511287518,0.38692899855462576,0.032375265310998325,0.1205688633217524,0.6718887760853419,0.0
2021-05-06 18:00:00,0.13528591352859135,-0.3456175298804781,0.650037230081906,0.542224602749509,0.28171336587664075,0.9993318485523385,0.5,0.557485350489273,0.3726562971434477,0.05647172419145534,0.1190133194987182,0.5876238357045673,0.0
2021-05-06 18:10:00,0.056485355648535567,-0.27689243027888455,0.6545048399106477,0.5372254954472415,0.28171336587664075,0.9993318485523385,0.5,0.557485350489273,0.3726562971434477,0.05647172419145534,0.1190133194987182,0.5876238357045673,0.0
2021-05-06 18:20:00,0.0794979079497908,-0.20816733067729087,0.6571854058078928,0.5365113372612034,0.28171336587664075,0.9993318485523385,0.5,0.557485350489273,0.3726562971434477,0.05647172419145534,0.1190133194987182,0.5876238357045673,0.0
2021-05-06 18:30:00,0.1492329149232915,-0.1394422310756973,0.6625465376023827,0.5365113372612034,0.28171336587664075,0.9993318485523385,0.5,0.557485350489273,0.3726562971434477,0.05647172419145534,0.1190133194987182,0.5876238357045673,0.0
2021-05-06 18:40:00,0.14225941422594143,0.12749003984063734,0.6664184661206252,0.5307980717728977,0.28171336587664075,0.9993318485523385,0.5,0.557485350489273,0.3726562971434477,0.05647172419145534,0.1190133194987182,0.5876238357045673,0.0
2021-05-06 18:50:00,0.09065550906555091,0.394422310756972,0.6634400595681309,0.5279414390287449,0.28171336587664075,0.9993318485523385,0.5,0.557485350489273,0.3726562971434477,0.05647172419145534,0.1190133194987182,0.5876238357045673,0.0
2021-05-06 19:00:00,0.10529986052998605,0.6613545816733069,0.6628443782576319,0.5243706480985537,0.28171336587664075,0.9993318485523385,0.5,0.5666460433396714,0.3688632699916959,0.05220797972800146,0.15772396479577927,0.5368227934267616,0.0
2021-05-06 19:10:00,0.07810320781032079,0.535856573705179,0.6574832464631419,0.517586145331191,0.28171336587664075,0.9993318485523385,0.5,0.5666460433396714,0.3688632699916959,0.05220797972800146,0.15772396479577927,0.5368227934267616,0.0
2021-05-06 19:20:00,0.09693165969316596,0.41035856573705165,0.6545048399106477,0.5133011962149614,0.28171336587664075,0.9993318485523385,0.5,0.5666460433396714,0.3688632699916959,0.05220797972800146,0.15772396479577927,0.5368227934267616,0.0
2021-05-06 19:30:00,0.14644351464435149,0.5776892430278884,0.6419955323901709,0.5047312979825032,0.28171336587664075,0.9993318485523385,0.5,0.5666460433396714,0.3688632699916959,0.05220797972800146,0.15772396479577927,0.5368227934267616,0.0
2021-05-06 19:40:00,0.1394700139470014,-0.5298804780876495,0.63723008190618,0.49509016247098736,0.28171336587664075,0.9993318485523385,0.5,0.5666460433396714,0.3688632699916959,0.05220797972800146,0.15772396479577927,0.5368227934267616,0.0
2021-05-06 19:50:00,0.1412133891213389,-0.5139442231075697,0.6265078183172001,0.48723442242456705,0.28171336587664075,0.9993318485523385,0.5,0.5666460433396714,0.3688632699916959,0.05220797972800146,0.15772396479577927,0.5368227934267616,0.0
2021-05-06 20:00:00,0.14295676429567641,-0.49800796812749004,0.6157855547282203,0.47937868237814674,0.28171336587664075,0.9993318485523385,0.5,0.5878337268442007,0.38014752576816135,0.04367820814686902,0.21240380102902098,0.51307966254818,0.0
2021-05-06 20:10:00,0.18619246861924685,0.20318725099601576,0.6056589724497392,0.4704517050526693,0.2684691994608106,0.8184855233853007,0.5,0.5878337268442007,0.38014752576816135,0.04367820814686902,0.21240380102902098,0.51307966254818,0.0
2021-05-06 20:20:00,0.18967921896792192,0.2111553784860556,0.5958302308265075,0.462595965006249,0.26663700252581435,0.0178173719376392,0.5,0.5878337268442007,0.38014752576816135,0.04367820814686902,0.21240380102902098,0.51307966254818,0.0500927923714109
2021-05-06 20:30:00,0.18131101813110181,0.298804780876494,0.5943410275502605,0.46152472772719166,0.27726374474879273,0.00011135857461024499,0.5,0.5878337268442007,0.38014752576816135,0.04367820814686902,0.21240380102902098,0.51307966254818,0.06058662884560255
2021-05-06 20:40:00,0.1304044630404463,-0.3227091633466136,0.5880863737900222,0.4783074450990894,0.283035165094031,0.00011135857461024499,0.5,0.5878337268442007,0.38014752576816135,0.04367820814686902,0.21240380102902098,0.51307966254818,0.013964120283054455
2021-05-06 20:50:00,0.2099023709902371,-0.13147410358565736,0.5857036485480267,0.5018746652383501,0.283035165094031,0.00011135857461024499,0.5,0.5878337268442007,0.38014752576816135,0.04367820814686902,0.21240380102902098,0.51307966254818,0.06998657151047875
2021-05-06 21:00:00,0.25592747559274753,-0.33067729083665354,0.5806403574087862,0.5079450098196749,0.283035165094031,0.00011135857461024499,0.5,0.6001212718333491,0.37761884100032533,0.038542870211958395,0.27811565950723843,0.4594573318994984,0.12861927968978681
2021-05-06 21:10:00,0.3110181311018131,-0.043824701195219196,0.5556217423678329,0.48866273879664335,0.283035165094031,0.00011135857461024499,0.5,0.6001212718333491,0.37761884100032533,0.038542870211958395,0.27811565950723843,0.4594573318994984,0.1556120524465501
2021-05-06 21:20:00,0.2691771269177127,0.4422310756972112,0.5177959791511539,0.4322442420996251,0.29096596039837197,0.00011135857461024499,0.5,0.6001212718333491,0.37761884100032533,0.038542870211958395,0.27811565950723843,0.4594573318994984,0.12378351464308887
2021-05-06 21:30:00,0.2503486750348675,0.2589641434262948,0.5058823529411764,0.40439207284413503,0.2980330057190719,0.00011135857461024499,0.5,0.6001212718333491,0.37761884100032533,0.038542870211958395,0.27811565950723843,0.4594573318994984,0.10834829578888605
2021-05-06 21:40:00,0.2294281729428173,-0.3705179282868527,0.49903201787043905,0.3951080164256384,0.3107144259334389,0.00011135857461024499,0.5,0.6001212718333491,0.37761884100032533,0.038542870211958395,0.27811565950723843,0.4594573318994984,0.08460702807912247
2021-05-06 21:50:00,0.15341701534170155,-0.10756972111553798,0.49426656738644814,0.3915372254954472,0.3107144259334389,0.00011135857461024499,0.5,0.6001212718333491,0.37761884100032533,0.038542870211958395,0.27811565950723843,0.4594573318994984,0.04236763884907283
2021-05-06 22:00:00,0.1206415620641562,-0.0916334661354582,0.48741623231571096,0.3936797000535619,0.3107144259334389,0.00011135857461024499,0.5,0.4242032697367739,0.37712459806842996,0.10331483242084231,0.3510617397191304,0.4303396764594864,0.01950903028199828
2021-05-06 22:10:00,0.11506276150627615,-0.1872509960159363,0.48384214445271767,0.3936797000535619,0.3107144259334389,0.00011135857461024499,0.5,0.4242032697367739,0.37712459806842996,0.10331483242084231,0.3510617397191304,0.4303396764594864,0.014182899044917544
2021-05-06 22:20:00,0.09623430962343095,-0.03585657370517936,0.47907669396872654,0.3954650955186574,0.3107144259334389,0.00011135857461024499,0.5,0.4242032697367739,0.37712459806842996,0.10331483242084231,0.3510617397191304,0.4303396764594864,0.0
2021-05-06 22:30:00,0.100418410041841,0.08366533864541825,0.4769918093819807,0.40082128191394384,0.3107144259334389,0.00011135857461024499,0.5,0.4242032697367739,0.37712459806842996,0.10331483242084231,0.3510617397191304,0.4303396764594864,0.003945561808772274
2021-05-06 22:40:00,0.08577405857740586,-0.2270916334661356,0.474013402829486,0.40403499375111585,0.3107144259334389,0.000556792873051225,0.5,0.4242032697367739,0.37712459806842996,0.10331483242084231,0.3510617397191304,0.4303396764594864,0.0
2021-05-06 22:50:00,0.06206415620641562,-0.02788844621513953,0.47222635889798936,0.40082128191394384,0.3107144259334389,0.9416481069042317,0.5,0.4242032697367739,0.37712459806842996,0.10331483242084231,0.3510617397191304,0.4303396764594864,0.0
2021-05-06 23:00:00,0.06903765690376569,0.3227091633466135,0.47550260610573325,0.40867702196036415,0.3107144259334389,0.9993318485523385,0.5,0.3005541949347996,0.3757711770165527,0.13552561981354014,0.36159170765927434,0.4110840647064488,0.0
2021-05-06 23:10:00,0.08507670850767085,0.22936824132043254,0.46835443037974667,0.40903410105338334,0.3107144259334389,0.9993318485523385,0.5,0.3005541949347996,0.3757711770165527,0.13552561981354014,0.36159170765927434,0.4110840647064488,0.0
2021-05-06 23:20:00,0.08647140864714087,0.13602731929425138,0.4612062546537601,0.40439207284413503,0.3107144259334389,0.9993318485523385,0.5,0.3005541949347996,0.3757711770165527,0.13552561981354014,0.36159170765927434,0.4110840647064488,0.0
2021-05-06 23:30:00,0.07531380753138076,0.04268639726807044,0.46031273268801187,0.3936797000535619,0.3107144259334389,0.9993318485523385,0.5,0.3005541949347996,0.3757711770165527,0.13552561981354014,0.36159170765927434,0.4110840647064488,0.0
2021-05-06 23:40:00,0.059274755927475595,-0.0506545247581105,0.4549516008935217,0.38296732726298877,0.3107144259334389,0.9993318485523385,0.5,0.3005541949347996,0.3757711770165527,0.13552561981354014,0.36159170765927434,0.4110840647064488,0.0
2021-05-06 23:50:00,0.03347280334728033,-0.14399544678429144,0.4528667163067759,0.372969112658454,0.3107144259334389,0.9993318485523385,0.5,0.3005541949347996,0.3757711770165527,0.13552561981354014,0.36159170765927434,0.4110840647064488,0.0
2021-05-07 00:00:00,0.14435146443514643,-0.23733636881047226,0.44422933730454184,0.3654704517050529,0.3107144259334389,0.9993318485523385,0.5,0.3008798878535719,0.3606795265612488,0.1363890971810869,0.2625685026595806,0.37761257681053373,0.0
2021-05-07 00:10:00,0.1387726638772664,-0.33067729083665354,0.4391660461653015,0.35761471165863257,0.3107144259334389,0.9993318485523385,0.5,0.3008798878535719,0.3606795265612488,0.1363890971810869,0.2625685026595806,0.37761257681053373,0.0
2021-05-07 00:20:00,0.1094839609483961,-0.4369189907038513,0.4346984363365598,0.3504731297982504,0.3107144259334389,0.9993318485523385,0.5,0.3008798878535719,0.3606795265612488,0.1363890971810869,0.2625685026595806,0.37761257681053373,0.0
2021-05-07 00:30:00,0.2301255230125523,-0.5431606905710491,0.43559195830230824,0.34511694340296395,0.277276831869757,0.9993318485523385,0.5,0.3008798878535719,0.3606795265612488,0.1363890971810869,0.2625685026595806,0.37761257681053373,0.0
2021-05-07 00:40:00,0.23291492329149233,-0.649402390438247,0.4320178704393147,0.3647562935190145,0.13911609585007395,0.3736080178173719,0.5,0.3008798878535719,0.3606795265612488,0.1363890971810869,0.2625685026595806,0.37761257681053373,0.04464595561054363
2021-05-07 00:50:00,0.2496513249651325,-0.03585657370517936,0.43261355174981353,0.3793965363327978,0.14505764876784757,0.00011135857461024499,0.5,0.3008798878535719,0.3606795265612488,0.1363890971810869,0.2625685026595806,0.37761257681053373,0.1084463690269626
2021-05-07 01:00:00,0.2301255230125523,-0.003984063745020028,0.43618763961280704,0.3929655418675235,0.15008310321812304,0.00011135857461024499,0.5,0.26590637187427335,0.36063355047455986,0.14635123428820565,0.2144399181904481,0.22500281443243758,0.09452751331532809
2021-05-07 01:10:00,0.2629009762900976,0.36254980079681287,0.42933730454206964,0.39582217461167657,0.16989700435801128,0.00011135857461024499,0.5,0.26590637187427335,0.36063355047455986,0.14635123428820565,0.2144399181904481,0.22500281443243758,0.12619008102358284
2021-05-07 01:20:00,0.26638772663877264,0.2589641434262948,0.3927029039463885,0.33511872879842897,0.17729122770281766,0.00011135857461024499,0.5,0.26590637187427335,0.36063355047455986,0.14635123428820565,0.2144399181904481,0.22500281443243758,0.13279870845089548
2021-05-07 01:30:00,0.2280334728033473,0.38645418326693215,0.37840655249441535,0.2986966613104802,0.18536598133776552,0.00011135857461024499,0.5,0.26590637187427335,0.36063355047455986,0.14635123428820565,0.2144399181904481,0.22500281443243758,0.09620230245786623
2021-05-07 01:40:00,0.18479776847977683,-0.019920318725099695,0.37066269545792974,0.2858418139617924,0.201960450720446,0.00011135857461024499,0.5,0.26590637187427335,0.36063355047455986,0.14635123428820565,0.2144399181904481,0.22500281443243758,0.07643677293782157
2021-05-07 01:50:00,0.18549511854951187,-0.3784860557768924,0.36291883842144435,0.2754865202642385,0.20493122717933282,0.00011135857461024499,0.5,0.26590637187427335,0.36063355047455986,0.14635123428820565,0.2144399181904481,0.22500281443243758,0.06636540579688278
2021-05-07 02:00:00,0.17154811715481172,-0.23505976095617542,0.356664184661206,0.2708444920549904,0.19376791299681984,0.00011135857461024499,0.5,0.22204088888651707,0.35114523558434096,0.15077730082985896,0.3038614747428025,0.12240810616717969,0.055569805513224796
2021-05-07 02:10:00,0.14016736401673638,0.17131474103585642,0.3527922561429635,0.26477414747366557,0.18846762900629493,0.00011135857461024499,0.5,0.22204088888651707,0.35114523558434096,0.15077730082985896,0.3038614747428025,0.12240810616717969,0.04317485703939526
2021-05-07 02:20:00,0.10808926080892609,-0.13147410358565736,0.34832464631422155,0.26477414747366557,0.18846762900629493,0.00011135857461024499,0.5,0.22204088888651707,0.35114523558434096,0.15077730082985896,0.3038614747428025,0.12240810616717969,0.015472939330386109
2021-05-07 02:30:00,0.10111576011157601,-0.3784860557768924,0.3459419210722261,0.26977325477593306,0.17655834892881914,0.00011135857461024499,0.5,0.22204088888651707,0.35114523558434096,0.15077730082985896,0.3038614747428025,0.12240810616717969,0.009920485236205622
2021-05-07 02:40:00,0.09902370990237098,-0.21912350597609564,0.34028294862248676,0.2719157293340475,0.1719647694703642,0.00011135857461024499,0.5,0.22204088888651707,0.35114523558434096,0.15077730082985896,0.3038614747428025,0.12240810616717969,0.012658991807112574
2021-05-07 02:50:00,0.11645746164574616,-0.1872509960159363,0.33224125093075174,0.2690590965898947,0.1719647694703642,0.00011135857461024499,0.5,0.22204088888651707,0.35114523558434096,0.15077730082985896,0.3038614747428025,0.12240810616717969,0.028169651613681974
2021-05-07 03:00:00,0.1199442119944212,-0.20318725099601598,0.3256887565152642,0.26156043563649356,0.1719647694703642,0.00011135857461024499,0.5,0.21902803760760947,0.34906194415629493,0.15092491246972153,0.3322757304873093,0.08705754014569975,0.02962566199435702
2021-05-07 03:10:00,0.09553695955369597,-0.08366533864541836,0.32002978406552485,0.2540617746830922,0.1719647694703642,0.00011135857461024499,0.5,0.21902803760760947,0.34906194415629493,0.15092491246972153,0.3322757304873093,0.08705754014569975,0.01485432352098013
2021-05-07 03:20:00,0.10460251046025104,-0.2270916334661356,0.3143708116157853,0.2540617746830922,0.1719647694703642,0.00011135857461024499,0.5,0.21902803760760947,0.34906194415629493,0.15092491246972153,0.3322757304873093,0.08705754014569975,0.018022843520376603
2021-05-07 03:30:00,0.12133891213389121,-0.50597609561753,0.3096053611317944,0.24692019282271027,0.1719647694703642,0.00011135857461024499,0.5,0.21902803760760947,0.34906194415629493,0.15092491246972153,0.3322757304873093,0.08705754014569975,0.027437874375726118
2021-05-07 03:40:00,0.11715481171548117,-0.11553784860557781,0.30543559195830206,0.23906445277629018,0.1719647694703642,0.00011135857461024499,0.5,0.21902803760760947,0.34906194415629493,0.15092491246972153,0.3322757304873093,0.08705754014569975,0.026178010471204192
2021-05-07 03:50:00,0.1290097629009763,-0.5936254980079682,0.3030528667163066,0.23513658275308003,0.1671487089555169,0.00011135857461024499,0.5,0.21902803760760947,0.34906194415629493,0.15092491246972153,0.3322757304873093,0.08705754014569975,0.03625692170737964
2021-05-07 04:00:00,0.11018131101813111,0.36254980079681287,0.3000744601638121,0.2287091590787358,0.15555351978118334,0.00011135857461024499,0.5,0.11414821379196938,0.3395132856523005,0.16482957386523236,0.3219406191421383,0.06930432087621002,0.02068590913891697
2021-05-07 04:10:00,0.07043235704323571,0.4661354581673305,0.29769173492181666,0.23085163363685046,0.16279069767441862,0.000556792873051225,0.5,0.11414821379196938,0.3395132856523005,0.16482957386523236,0.3219406191421383,0.06930432087621002,0.0
2021-05-07 04:20:00,0.09344490934449094,-0.24302788844621515,0.2985852568875649,0.21799678628816288,0.17201711795422125,0.6853006681514476,0.5,0.11414821379196938,0.3395132856523005,0.16482957386523236,0.3219406191421383,0.06930432087621002,0.0
2021-05-07 04:30:00,0.11785216178521618,-0.22589641434262953,0.3143708116157853,0.23442242456704165,0.17201711795422125,0.9992204899777284,0.5,0.11414821379196938,0.3395132856523005,0.16482957386523236,0.3219406191421383,0.06930432087621002,0.0
2021-05-07 04:40:00,0.11087866108786612,-0.2087649402390439,0.32330603127326873,0.24941974647384413,0.17201711795422125,0.9992204899777284,0.5,0.11414821379196938,0.3395132856523005,0.16482957386523236,0.3219406191421383,0.06930432087621002,0.0
2021-05-07 04:50:00,0.1206415620641562,-0.19163346613545829,0.3268801191362618,0.2483485091947868,0.17201711795422125,0.9992204899777284,0.5,0.11414821379196938,0.3395132856523005,0.16482957386523236,0.3219406191421383,0.06930432087621002,0.0
2021-05-07 05:00:00,0.14016736401673638,-0.17450199203187255,0.32747580044676083,0.24263524370648093,0.17201711795422125,0.9992204899777284,0.5,0.09017568072821813,0.3438781403822348,0.18466000562801083,0.3142385354500426,0.04948919488897185,0.0
2021-05-07 05:10:00,0.14365411436541145,-0.15737051792828693,0.3298585256887563,0.23477950366006062,0.17201711795422125,0.9992204899777284,0.5,0.09017568072821813,0.3438781403822348,0.18466000562801083,0.3142385354500426,0.04948919488897185,0.0
2021-05-07 05:20:00,0.10460251046025104,-0.14023904382470131,0.3295606850335069,0.22835207998571683,0.17201711795422125,0.9992204899777284,0.5,0.09017568072821813,0.3438781403822348,0.18466000562801083,0.3142385354500426,0.04948919488897185,0.0
2021-05-07 05:30:00,0.10111576011157601,-0.1231075697211157,0.3268801191362618,0.22513836814854504,0.17201711795422125,0.9992204899777284,0.5,0.09017568072821813,0.3438781403822348,0.18466000562801083,0.3142385354500426,0.04948919488897185,0.0
2021-05-07 05:40:00,0.10529986052998605,-0.10597609561753008,0.32300819061801933,0.222281735404392,0.17201711795422125,0.9992204899777284,0.5,0.09017568072821813,0.3438781403822348,0.18466000562801083,0.3142385354500426,0.04948919488897185,0.0
2021-05-07 05:50:00,0.11854951185495119,-0.08884462151394434,0.32092330603127306,0.2212104981253349,0.17201711795422125,0.9992204899777284,0.5,0.09017568072821813,0.3438781403822348,0.18466000562801083,0.3142385354500426,0.04948919488897185,0.0
2021-05-07 06:00:00,0.11157601115760113,-0.07171314741035872,0.3212211466865227,0.21835386538118184,0.17201711795422125,0.9992204899777284,0.5,0.17481238053340253,0.3556796271339359,0.17845055206626498,0.3336177303594661,0.025015447933728483,0.0
2021-05-07 06:10:00,0.09553695955369597,-0.054581673306773104,0.32092330603127306,0.21549723263702902,0.17201711795422125,0.9992204899777284,0.5,0.17481238053340253,0.3556796271339359,0.17845055206626498,0.3336177303594661,0.025015447933728483,0.0
2021-05-07 06:20:00,0.07043235704323571,-0.03745019920318726,0.32092330603127306,0.21514015354401006,0.17201711795422125,0.9992204899777284,0.5,0.17481238053340253,0.3556796271339359,0.17845055206626498,0.3336177303594661,0.025015447933728483,0.0
2021-05-07 06:30:00,0.06555090655509065,-0.020318725099601642,0.31586001489203275,0.21514015354401006,0.17201711795422125,0.9992204899777284,0.5,0.17481238053340253,0.3556796271339359,0.17845055206626498,0.3336177303594661,0.025015447933728483,0.0
2021-05-07 06:40:00,0.06206415620641562,-0.0031872509960160222,0.3146686522710349,0.2147830744509911,0.17201711795422125,0.9992204899777284,0.5,0.17481238053340253,0.3556796271339359,0.17845055206626498,0.3336177303594661,0.025015447933728483,0.0
2021-05-07 06:50:00,0.07461645746164575,0.013944223107569709,0.31288160833953826,0.2115693626138191,0.17201711795422125,0.9992204899777284,0.5,0.17481238053340253,0.3556796271339359,0.17845055206626498,0.3336177303594661,0.025015447933728483,0.0
2021-05-07 07:00:00,0.06345885634588563,0.031075697211155218,0.31198808637378983,0.21085520442778072,0.17201711795422125,0.9992204899777284,0.5,0.17974693676887932,0.38460145916605276,0.19301971946940463,0.3326320650038158,0.02030758584291388,0.0
2021-05-07 07:10:00,0.07391910739191074,0.04820717131474095,0.31198808637378983,0.2047848598464561,0.17201711795422125,0.9992204899777284,0.5,0.17974693676887932,0.38460145916605276,0.19301971946940463,0.3326320650038158,0.02030758584291388,0.0
2021-05-07 07:20:00,0.027196652719665274,0.06533864541832668,0.31198808637378983,0.20442778075343693,0.17201711795422125,0.9992204899777284,0.5,0.17974693676887932,0.38460145916605276,0.19301971946940463,0.3326320650038158,0.02030758584291388,0.0
2021-05-07 07:30:00,0.024407252440725242,0.08247011952191219,0.31198808637378983,0.20442778075343693,0.17201711795422125,0.9992204899777284,0.5,0.17974693676887932,0.38460145916605276,0.19301971946940463,0.3326320650038158,0.02030758584291388,0.0
2021-05-07 07:40:00,0.048814504881450484,0.09960159362549792,0.3140729709605359,0.20442778075343693,0.17201711795422125,0.9992204899777284,0.5,0.17974693676887932,0.38460145916605276,0.19301971946940463,0.3326320650038158,0.02030758584291388,0.0
2021-05-07 07:50:00,0.05439330543933055,0.11673306772908343,0.3149664929262843,0.20442778075343693,0.17201711795422125,0.9992204899777284,0.5,0.17974693676887932,0.38460145916605276,0.19301971946940463,0.3326320650038158,0.02030758584291388,0.0
2021-05-07 08:00:00,0.05230125523012552,0.13386454183266916,0.3152643335815337,0.20442778075343693,0.17201711795422125,0.9992204899777284,0.5,0.17211711737252355,0.38292907901277795,0.198849237916865,0.2637542682804625,0.010215758215156636,0.0
2021-05-07 08:10:00,0.07252440725244073,0.1509960159362549,0.32032762472077425,0.20442778075343693,0.17201711795422125,0.9992204899777284,0.5,0.17211711737252355,0.38292907901277795,0.198849237916865,0.2637542682804625,0.010215758215156636,0.0
2021-05-07 08:20:00,0.08716875871687588,0.16812749003984062,0.32330603127326873,0.2029994643813604,0.17201711795422125,0.9992204899777284,0.5,0.17211711737252355,0.38292907901277795,0.198849237916865,0.2637542682804625,0.010215758215156636,0.0
2021-05-07 08:30:00,0.06903765690376569,0.18525896414342613,0.3268801191362618,0.20442778075343693,0.17201711795422125,0.9992204899777284,0.5,0.17211711737252355,0.38292907901277795,0.198849237916865,0.2637542682804625,0.010215758215156636,0.0
2021-05-07 08:40:00,0.06276150627615062,0.20239043824701186,0.32717795979151143,0.2047848598464561,0.17201711795422125,0.9992204899777284,0.5,0.17211711737252355,0.38292907901277795,0.198849237916865,0.2637542682804625,0.010215758215156636,0.0
2021-05-07 08:50:00,0.06694560669456066,0.2195219123505976,0.33283693224125077,0.21049812533476153,0.17201711795422125,0.9992204899777284,0.5,0.17211711737252355,0.38292907901277795,0.198849237916865,0.2637542682804625,0.010215758215156636,0.0
2021-05-07 09:00:00,0.05439330543933055,0.2366533864541831,0.34236783320923303,0.2129976789858954,0.17201711795422125,0.9992204899777284,0.5,0.1928732118991816,0.40067010146347737,0.1795608097183243,0.17348366206431676,0.966020476695066,0.0
2021-05-07 09:10:00,0.038354253835425386,0.25378486055776883,0.3533879374534623,0.21692554900910554,0.17201711795422125,0.9992204899777284,0.5,0.1928732118991816,0.40067010146347737,0.1795608097183243,0.17348366206431676,0.966020476695066,0.0
2021-05-07 09:20:00,0.048814504881450484,0.27091633466135456,0.3655994043186892,0.2240671308694877,0.17201711795422125,0.9992204899777284,0.5,0.1928732118991816,0.40067010146347737,0.1795608097183243,0.17348366206431676,0.966020476695066,0.0
2021-05-07 09:30:00,0.06415620641562064,0.28804780876494007,0.37870439314966475,0.23120871272986965,0.17201711795422125,0.9992204899777284,0.5,0.1928732118991816,0.40067010146347737,0.1795608097183243,0.17348366206431676,0.966020476695066,0.0
2021-05-07 09:40:00,0.04672245467224547,0.3051792828685258,0.3909158600148921,0.2383502945902518,0.17201711795422125,0.9992204899777284,0.5,0.1928732118991816,0.40067010146347737,0.1795608097183243,0.17348366206431676,0.966020476695066,0.0
2021-05-07 09:50:00,0.061366806136680614,0.3223107569721113,0.403127326880119,0.24549187645063397,0.17201711795422125,0.9992204899777284,0.5,0.1928732118991816,0.40067010146347737,0.1795608097183243,0.17348366206431676,0.966020476695066,0.0
2021-05-07 10:00:00,0.0885634588563459,0.33944223107569704,0.4156366344005955,0.2540617746830922,0.17201711795422125,0.9992204899777284,0.5,0.4934500202286487,0.3949230906274884,0.06515329227852897,0.16577835984357955,0.7811265291256008,0.0
2021-05-07 10:10:00,0.09623430962343095,0.3565737051792828,0.4272524199553238,0.2626316729155509,0.17201711795422125,0.9992204899777284,0.5,0.4934500202286487,0.3949230906274884,0.06515329227852897,0.16577835984357955,0.7811265291256008,0.0
2021-05-07 10:20:00,0.1304044630404463,0.3737051792828685,0.4391660461653015,0.26977325477593306,0.17201711795422125,0.9992204899777284,0.5,0.4934500202286487,0.3949230906274884,0.06515329227852897,0.16577835984357955,0.7811265291256008,0.0
2021-05-07 10:30:00,0.1317991631799163,0.390836653386454,0.4498883097542814,0.2772719157293342,0.17201711795422125,0.9992204899777284,0.5,0.4934500202286487,0.3949230906274884,0.06515329227852897,0.16577835984357955,0.7811265291256008,0.0
2021-05-07 10:40:00,0.14714086471408647,0.40796812749003997,0.46358897989575576,0.2851276557757545,0.17201711795422125,0.9992204899777284,0.5,0.4934500202286487,0.3949230906274884,0.06515329227852897,0.16577835984357955,0.7811265291256008,0.0
2021-05-07 10:50:00,0.20920502092050208,0.42509960159362525,0.4775874906924793,0.29334047491519377,0.22023007158655167,0.9992204899777284,0.5,0.4934500202286487,0.3949230906274884,0.06515329227852897,0.16577835984357955,0.7811265291256008,0.0
2021-05-07 11:00:00,0.20711297071129708,0.4422310756972112,0.49099032017870425,0.32226388144974116,0.34805198204447,0.2267260579064588,0.5,0.5060958441049914,0.39189441591691987,0.05585908516037611,0.3186667788202148,0.704953606798749,0.03247732999381384
2021-05-07 11:10:00,0.2503486750348675,0.13147410358565725,0.5040953090096798,0.3618996607748617,0.3546740652523851,0.00011135857461024499,0.5,0.5060958441049914,0.39189441591691987,0.05585908516037611,0.3186667788202148,0.704953606798749,0.10047980445705147
2021-05-07 11:20:00,0.2099023709902371,0.027888446215139417,0.5195830230826506,0.40117836100696325,0.3615840651215139,0.00011135857461024499,0.5,0.5060958441049914,0.39189441591691987,0.05585908516037611,0.3186667788202148,0.704953606798749,0.06138630294068833
2021-05-07 11:30:00,0.20920502092050208,0.05976095617529875,0.5347728965003722,0.4429566148901982,0.3508526259308215,0.00011135857461024499,0.5,0.5060958441049914,0.39189441591691987,0.05585908516037611,0.3186667788202148,0.704953606798749,0.06561099627321695
2021-05-07 11:40:00,0.2524407252440725,0.31474103585657365,0.5520476545048398,0.4818782360292806,0.35223986075303293,0.00011135857461024499,0.5,0.5060958441049914,0.39189441591691987,0.05585908516037611,0.3186667788202148,0.704953606798749,0.10479502693242
2021-05-07 11:50:00,0.33403068340306835,0.09163346613545809,0.568428890543559,0.511158721656847,0.3564277394615959,0.00011135857461024499,0.5,0.5060958441049914,0.39189441591691987,0.05585908516037611,0.3186667788202148,0.704953606798749,0.23028350709899362
2021-05-07 12:00:00,0.3403068340306834,-0.17928286852589637,0.5654504839910646,0.5022317443313695,0.38716938660664046,0.021714922048997772,0.5,0.5368920857454567,0.3847968575344744,0.04582136683559576,0.4415232607367443,0.7073422466836532,0.17526442053804486
2021-05-07 12:10:00,0.3263598326359832,-0.26693227091633476,0.5562174236783319,0.48080699875022326,0.3627095575244402,0.03407572383073497,0.5,0.5368920857454567,0.3847968575344744,0.04582136683559576,0.4415232607367443,0.7073422466836532,0.13738551835478371
2021-05-07 12:20:00,0.34797768479776847,0.3227091633466135,0.5621742367833207,0.4790216032851278,0.37010378086924656,0.04142538975501114,0.5,0.5368920857454567,0.3847968575344744,0.04582136683559576,0.4415232607367443,0.7073422466836532,0.17447229053819577
2021-05-07 12:30:00,0.29776847977684795,0.003984063745019917,0.5651526433358152,0.4833065524013569,0.3742131368520239,0.013028953229398663,0.5,0.5368920857454567,0.3847968575344744,0.04582136683559576,0.4415232607367443,0.7073422466836532,0.1542541153039516
2021-05-07 12:40:00,0.31659693165969316,-0.019920318725099695,0.5725986597170512,0.4883056597036244,0.396696810668621,0.04187082405345211,0.5,0.5368920857454567,0.3847968575344744,0.04582136683559576,0.4415232607367443,0.7073422466836532,0.11369705931167676
2021-05-07 12:50:00,0.33751743375174337,-0.4103585657370519,0.5791511541325389,0.5018746652383501,0.35293347816413867,0.0064587973273942095,0.5,0.5368920857454567,0.3847968575344744,0.04582136683559576,0.4415232607367443,0.7073422466836532,0.20080872700936978
2021-05-07 13:00:00,0.5034867503486751,0.4262948207171313,0.5851079672375277,0.5079450098196749,0.3723547656750991,0.0023385300668151447,0.5,0.6723727354502982,0.368346039016456,0.019670645967050905,0.5215157217565115,0.7208445753089051,0.5103655868551684
2021-05-07 13:10:00,0.41562064156206413,-0.3784860557768924,0.5860014892032761,0.5183003035172289,0.39301932967766423,0.00011135857461024499,0.5,0.6723727354502982,0.368346039016456,0.019670645967050905,0.5215157217565115,0.7208445753089051,0.3264631772711499
2021-05-07 13:20:00,0.3849372384937238,0.05976095617529875,0.5904690990320176,0.5300839135868596,0.3704047846514245,0.00011135857461024499,0.5,0.6723727354502982,0.368346039016456,0.019670645967050905,0.5215157217565115,0.7208445753089051,0.27025212366280915
2021-05-07 13:30:00,0.394700139470014,-0.08366533864541836,0.5949367088607593,0.5393679700053562,0.3708759210061378,0.00011135857461024499,0.5,0.6723727354502982,0.368346039016456,0.019670645967050905,0.5215157217565115,0.7208445753089051,0.32917905155634686
2021-05-07 13:40:00,0.3110181311018131,0.10756972111553775,0.5982129560685032,0.5475807891447955,0.3791600685765139,0.00011135857461024499,0.5,0.6723727354502982,0.368346039016456,0.019670645967050905,0.5215157217565115,0.7208445753089051,0.19843988110505908
2021-05-07 13:50:00,0.43096234309623427,-0.13147410358565736,0.6068503350707368,0.5629351901446169,0.39422334480637605,0.00022271714922048998,0.5,0.6723727354502982,0.368346039016456,0.019670645967050905,0.5215157217565115,0.7208445753089051,0.3856994130693906
2021-05-07 14:00:00,0.2622036262203626,0.8007968127490039,0.6116157855547282,0.5732904838421709,0.37116383766735156,0.10712694877505567,0.5,0.6838378599590489,0.3445649081771353,0.019865052018519423,0.5578019199462506,0.7358186888284457,0.0951234968390241
2021-05-07 14:10:00,0.28521617852161785,-0.33067729083665354,0.627103499627699,0.6082842349580433,0.40457525748910494,0.3645879732739421,0.5,0.6838378599590489,0.3445649081771353,0.019865052018519423,0.5578019199462506,0.7358186888284457,0.043355915325075066
2021-05-07 14:20:00,0.18200836820083682,-0.2589641434262948,0.6339538346984361,0.6182824495625783,0.36744709531350195,0.0008908685968819599,0.5,0.6838378599590489,0.3445649081771353,0.019865052018519423,0.5578019199462506,0.7358186888284457,0.0447591170390935
2021-05-07 14:30:00,0.3458856345885635,0.3306772908366533,0.635145197319434,0.6050705231208713,0.40965306042323746,0.034409799554565704,0.5,0.6838378599590489,0.3445649081771353,0.019865052018519423,0.5578019199462506,0.7358186888284457,0.13727235692623385
2021-05-07 14:40:00,0.6115760111576011,-0.2509960159362551,0.6360387192851822,0.5925727548652027,0.3944196516208399,0.19788418708240535,0.5,0.6838378599590489,0.3445649081771353,0.019865052018519423,0.5578019199462506,0.7358186888284457,0.4888045626687991
2021-05-07 14:50:00,0.3688981868898187,0.05976095617529875,0.6345495160089349,0.576861274772362,0.43148237819162166,0.00022271714922048998,0.5,0.6838378599590489,0.3445649081771353,0.019865052018519423,0.5578019199462506,0.7358186888284457,0.31545634232086545
2021-05-07 15:00:00,0.4693165969316597,0.10756972111553775,0.6363365599404316,0.5857882520978397,0.40871078771381086,0.00011135857461024499,0.5,0.6891470047424757,0.32658825828216254,0.019554991486333814,0.5825983325182461,0.7456954030400004,0.40724534906528664
2021-05-07 15:10:00,0.397489539748954,-0.3227091633466136,0.6390171258376767,0.5961435457953936,0.3824449359385429,0.00011135857461024499,0.5,0.6891470047424757,0.32658825828216254,0.019554991486333814,0.5825983325182461,0.7456954030400004,0.30005884394284593
2021-05-07 15:20:00,0.27405857740585776,0.6095617529880477,0.643186895011169,0.6093554722371006,0.3781785345041945,0.00011135857461024499,0.5,0.6891470047424757,0.32658825828216254,0.019554991486333814,0.5825983325182461,0.7456954030400004,0.13408874873636406
2021-05-07 15:30:00,0.2301255230125523,-0.5219123505976095,0.6512285927029038,0.6218532404927692,0.3832955988012197,0.00011135857461024499,0.5,0.6891470047424757,0.32658825828216254,0.019554991486333814,0.5825983325182461,0.7456954030400004,0.07915264722301854
2021-05-07 15:40:00,0.5404463040446305,0.03585657370517925,0.6616530156366343,0.6364934833065523,0.4025598408606091,0.03886414253897551,0.5,0.6891470047424757,0.32658825828216254,0.019554991486333814,0.5825983325182461,0.7456954030400004,0.4479381987718213
2021-05-07 15:50:00,0.6338912133891214,-0.21912350597609564,0.6589724497393892,0.6225673986788074,0.3715957126591721,0.10478841870824054,0.5,0.6891470047424757,0.32658825828216254,0.019554991486333814,0.5825983325182461,0.7456954030400004,0.34817508336225234
2021-05-07 16:00:00,0.30613668061366806,0.17131474103585642,0.6548026805658969,0.6086413140510623,0.34648152752875894,0.02071269487750557,0.5,0.7387938455545167,0.302192197283387,0.0076370001510356195,0.5954494834248601,0.7503068997132941,0.14086334625888317
2021-05-07 16:10:00,0.22594142259414227,-0.17928286852589637,0.660163812360387,0.6182824495625783,0.3809268299066889,0.02305122494432071,0.5,0.7387938455545167,0.302192197283387,0.0076370001510356195,0.5954494834248601,0.7503068997132941,0.06636540579688278
2021-05-07 16:20:00,0.47629009762900976,0.22709163346613526,0.6649292628443781,0.6322085341903232,0.36358639462904563,0.054565701559020054,0.5,0.7387938455545167,0.302192197283387,0.0076370001510356195,0.5954494834248601,0.7503068997132941,0.3630973037403624
2021-05-07 16:30:00,0.4609483960948396,-0.019920318725099695,0.6634400595681309,0.6139975004463487,0.36541859156404183,0.00378619153674833,0.5,0.7387938455545167,0.302192197283387,0.0076370001510356195,0.5954494834248601,0.7503068997132941,0.4234425215383919
2021-05-07 16:40:00,0.4246861924686192,0.5298804780876492,0.6676098287416232,0.6236386359578647,0.37825705722997993,0.17583518930957684,0.5,0.7387938455545167,0.302192197283387,0.0076370001510356195,0.5954494834248601,0.7503068997132941,0.23248638290809784
2021-05-07 16:50:00,0.4951185495118549,-0.2270916334661356,0.6732688011913626,0.6297089805391896,0.42046302233971544,0.02494432071269488,0.5,0.7387938455545167,0.302192197283387,0.0076370001510356195,0.5954494834248601,0.7503068997132941,0.39354527211551515
2021-05-07 17:00:00,0.6617852161785216,-0.2270916334661356,0.6738644825018612,0.6286377432601322,0.39503474630616014,0.09432071269487752,0.5,0.7400397835651316,0.28947693580876144,0.0075616725616211985,0.6103578165820439,0.753075103437306,0.3930398177346591
2021-05-07 17:10:00,0.5306834030683404,0.12350597609561742,0.669694713328369,0.6193536868416356,0.3701430422321394,0.056570155902004454,0.5,0.7400397835651316,0.28947693580876144,0.0075616725616211985,0.6103578165820439,0.753075103437306,0.36324064154985897
2021-05-07 17:20:00,0.4428172942817294,0.12350597609561742,0.6690990320178702,0.6186395286555972,0.3745010535132376,0.03329621380846325,0.5,0.7400397835651316,0.28947693580876144,0.0075616725616211985,0.6103578165820439,0.753075103437306,0.30064728337130525
2021-05-07 17:30:00,0.28172942817294283,-0.13147410358565736,0.6711839166046163,0.6268523477950365,0.37539097773880725,0.0016703786191536749,0.5,0.7400397835651316,0.28947693580876144,0.0075616725616211985,0.6103578165820439,0.753075103437306,0.14804532492418185
2021-05-07 17:40:00,0.303347280334728,0.5378486055776892,0.6768428890543556,0.645063381539011,0.3996937613694363,0.0232739420935412,0.5,0.7400397835651316,0.28947693580876144,0.0075616725616211985,0.6103578165820439,0.753075103437306,0.1853659640599303
2021-05-07 17:50:00,0.6171548117154811,-0.1633466135458168,0.6798212956068501,0.6436350651669345,0.3980840454908325,0.000779510022271715,0.5,0.7400397835651316,0.28947693580876144,0.0075616725616211985,0.6103578165820439,0.753075103437306,0.7483817915717368
2021-05-07 18:00:00,0.5718270571827057,0.1633466135458166,0.6783320923306031,0.6386359578646672,0.3938830796613053,0.00033407572383073496,0.5,0.6803038666570163,0.2780202697072188,0.01913625125022874,0.5948129199370837,0.7571773770771005,0.6452766419723283
2021-05-07 18:10:00,0.4707112970711297,0.29083665338645415,0.6783320923306031,0.6400642742367435,0.42178482155710567,0.00011135857461024499,0.5,0.6803038666570163,0.2780202697072188,0.01913625125022874,0.5948129199370837,0.7571773770771005,0.4285196976326629
2021-05-07 18:20:00,0.5648535564853556,-0.1394422310756973,0.6783320923306031,0.6468487770041065,0.4402638363586394,0.0006681514476614699,0.5,0.6803038666570163,0.2780202697072188,0.01913625125022874,0.5948129199370837,0.7571773770771005,0.5997480272190956
2021-05-07 18:30:00,0.3849372384937238,0.003984063745019917,0.6783320923306031,0.6557757543295839,0.4332753137637252,0.00033407572383073496,0.5,0.6803038666570163,0.2780202697072188,0.01913625125022874,0.5948129199370837,0.7571773770771005,0.22803536671846944
2021-05-07 18:40:00,0.31659693165969316,0.03585657370517925,0.6783320923306031,0.6693447598643101,0.41446912093808486,0.00033407572383073496,0.5,0.6803038666570163,0.2780202697072188,0.01913625125022874,0.5948129199370837,0.7571773770771005,0.20451287777056895
2021-05-07 18:50:00,0.3354253835425383,-0.01195219123505975,0.6783320923306031,0.6754151044456349,0.4286162987004489,0.00033407572383073496,0.5,0.6803038666570163,0.2780202697072188,0.01913625125022874,0.5948129199370837,0.7571773770771005,0.20576519757985426
2021-05-07 19:00:00,0.42329149232914925,0.09960159362549792,0.6777364110201041,0.6718443135154437,0.42995118503880325,0.00033407572383073496,0.5,0.6819406028170687,0.2678279459895921,0.017510747814009842,0.565244224981085,0.7552592910170118,0.3426603497442552
2021-05-07 19:10:00,0.398884239888424,0.05976095617529875,0.6729709605361132,0.6625602570969469,0.44307756736595516,0.00022271714922048998,0.5,0.6819406028170687,0.2678279459895921,0.017510747814009842,0.565244224981085,0.7552592910170118,0.2990253028954238
2021-05-07 19:20:00,0.3598326359832636,-0.019920318725099695,0.669694713328369,0.6589894661667561,0.454685843661253,0.00011135857461024499,0.5,0.6819406028170687,0.2678279459895921,0.017510747814009842,0.565244224981085,0.7552592910170118,0.2196614210057788
2021-05-07 19:30:00,0.23570432357043236,0.019920318725099362,0.6682055100521218,0.6597036243527941,0.4227663556294251,0.00011135857461024499,0.5,0.6819406028170687,0.2678279459895921,0.017510747814009842,0.565244224981085,0.7552592910170118,0.09458786607722136
2021-05-07 19:40:00,0.41283124128312415,-0.4422310756972112,0.6652271034996275,0.6593465452597751,0.4020101817801102,0.00011135857461024499,0.5,0.6819406028170687,0.2678279459895921,0.017510747814009842,0.565244224981085,0.7552592910170118,0.29391040632496945
2021-05-07 19:50:00,0.39051603905160387,-0.2509960159362551,0.6589724497393892,0.6457775397250489,0.38953815550117127,0.00011135857461024499,0.5,0.6819406028170687,0.2678279459895921,0.017510747814009842,0.565244224981085,0.7552592910170118,0.26448089080676557
2021-05-07 20:00:00,0.38702928870292885,0.09960159362549792,0.6542069992553983,0.6332797714693803,0.3704702202562459,0.00011135857461024499,0.5,0.6916224043375025,0.2671699132488732,0.016115792454483562,0.4531088789488698,0.7342933952547808,0.2781055268041704
2021-05-07 20:10:00,0.4707112970711297,-0.2749003984063746,0.6482501861504093,0.628280664167113,0.3606417924120873,0.005567928730512249,0.5,0.6916224043375025,0.2671699132488732,0.016115792454483562,0.4531088789488698,0.7342933952547808,0.4073132459224165
2021-05-07 20:20:00,0.4191073919107392,0.027888446215139417,0.64259121370067,0.6182824495625783,0.35539385690541936,0.00011135857461024499,0.5,0.6916224043375025,0.2671699132488732,0.016115792454483562,0.4531088789488698,0.7342933952547808,0.3177648354632829
2021-05-07 20:30:00,0.3368200836820084,-0.3705179282868527,0.635145197319434,0.6097125513301196,0.34654696313358024,0.00011135857461024499,0.5,0.6916224043375025,0.2671699132488732,0.016115792454483562,0.4531088789488698,0.7342933952547808,0.1958899769150686
2021-05-07 20:40:00,0.35006973500697347,-0.17131474103585675,0.6262099776619507,0.6043563649348331,0.34610200102079547,0.00011135857461024499,0.5,0.6916224043375025,0.2671699132488732,0.016115792454483562,0.4531088789488698,0.7342933952547808,0.21750380976809452
2021-05-07 20:50:00,0.34239888423988846,0.3067729083665336,0.6187639612807148,0.5979289412604893,0.3352266034994961,0.00011135857461024499,0.5,0.6916224043375025,0.2671699132488732,0.016115792454483562,0.4531088789488698,0.7342933952547808,0.19840970472411243
2021-05-07 21:00:00,0.28172942817294283,0.7609561752988048,0.6134028294862248,0.590073201214069,0.3765819057465548,0.00011135857461024499,0.5,0.6778284337089,0.2728422129439916,0.01506171345917606,0.36373431653100574,0.6903353979936689,0.15173438749490772
2021-05-07 21:10:00,0.16945606694560672,-0.15537848605577698,0.6134028294862248,0.6032851276557758,0.37149101569145804,0.00011135857461024499,0.5,0.6778284337089,0.2728422129439916,0.01506171345917606,0.36373431653100574,0.6903353979936689,0.015050469997133244
2021-05-07 21:20:00,0.11506276150627615,-0.04723961297666479,0.6071481757259864,0.6204249241206927,0.42054154506550107,0.5642538975501113,0.5,0.6778284337089,0.2728422129439916,0.01506171345917606,0.36373431653100574,0.6903353979936689,0.0
2021-05-07 21:30:00,0.1199442119944212,0.06089926010244717,0.622338049143708,0.6082842349580433,0.4286162987004489,0.9993318485523385,0.5,0.6778284337089,0.2728422129439916,0.01506171345917606,0.36373431653100574,0.6903353979936689,0.0
2021-05-07 21:40:00,0.14365411436541145,0.16903813318155936,0.6300819061801934,0.6011426530976611,0.4286162987004489,0.9993318485523385,0.5,0.6778284337089,0.2728422129439916,0.01506171345917606,0.36373431653100574,0.6903353979936689,0.0
2021-05-07 21:50:00,0.10669456066945607,0.27717700626067154,0.629188384214445,0.5893590430280307,0.4286162987004489,0.9993318485523385,0.5,0.6778284337089,0.2728422129439916,0.01506171345917606,0.36373431653100574,0.6903353979936689,0.0
2021-05-07 22:00:00,0.09623430962343095,0.38531587933978373,0.6256142963514517,0.5772183538653812,0.4286162987004489,0.9993318485523385,0.5,0.5315503883466974,0.2831695914162644,0.09530398423345365,0.316660894130072,0.685942812133898,0.0
2021-05-07 22:10:00,0.08298465829846582,0.49345475241889547,0.6214445271779596,0.5654347437957508,0.4286162987004489,0.9993318485523385,0.5,0.5315503883466974,0.2831695914162644,0.09530398423345365,0.316660894130072,0.685942812133898,0.0
2021-05-07 22:20:00,0.0794979079497908,0.6015936254980081,0.6160833953834697,0.5554365291912158,0.4286162987004489,0.9993318485523385,0.5,0.5315503883466974,0.2831695914162644,0.09530398423345365,0.316660894130072,0.685942812133898,0.0
2021-05-07 22:30:00,0.07740585774058578,0.60597609561753,0.6062546537602382,0.5472237100517765,0.4286162987004489,0.9993318485523385,0.5,0.5315503883466974,0.2831695914162644,0.09530398423345365,0.316660894130072,0.685942812133898,0.0
2021-05-07 22:40:00,0.0502092050209205,0.6103585657370518,0.5991064780342514,0.5386538118193178,0.4286162987004489,0.9993318485523385,0.5,0.5315503883466974,0.2831695914162644,0.09530398423345365,0.316660894130072,0.685942812133898,0.0
2021-05-07 22:50:00,0.10529986052998605,0.6147410358565737,0.5958302308265075,0.5325834672379934,0.4286162987004489,0.9993318485523385,0.5,0.5315503883466974,0.2831695914162644,0.09530398423345365,0.316660894130072,0.685942812133898,0.0
2021-05-07 23:00:00,0.17294281729428174,0.6191235059760956,0.5895755770662694,0.5250848062845921,0.4286162987004489,0.9993318485523385,0.5,0.3518133907984826,0.2886292517104539,0.11019044057382378,0.22978802350692606,0.7201121597338498,0.0
2021-05-07 23:10:00,0.1199442119944212,0.6235059760956174,0.5868950111690245,0.5172290662381716,0.4286162987004489,0.9993318485523385,0.5,0.3518133907984826,0.2886292517104539,0.11019044057382378,0.22978802350692606,0.7201121597338498,0.0
2021-05-07 23:20:00,0.0801952580195258,0.6278884462151393,0.5824274013402826,0.5122299589359045,0.4286162987004489,0.9993318485523385,0.5,0.3518133907984826,0.2886292517104539,0.11019044057382378,0.22978802350692606,0.7201121597338498,0.0
2021-05-07 23:30:00,0.03277545327754532,0.6322709163346611,0.5767684288905432,0.5068737725406176,0.4286162987004489,0.9993318485523385,0.5,0.3518133907984826,0.2886292517104539,0.11019044057382378,0.22978802350692606,0.7201121597338498,0.0
2021-05-07 23:40:00,0.024407252440725242,0.636653386454183,0.5660461653015634,0.5000892697732549,0.4286162987004489,0.9993318485523385,0.5,0.3518133907984826,0.2886292517104539,0.11019044057382378,0.22978802350692606,0.7201121597338498,0.0
2021-05-07 23:50:00,0.007670850767085077,0.6410358565737051,0.5568131049888307,0.4918764506338156,0.4286162987004489,0.9993318485523385,0.5,0.3518133907984826,0.2886292517104539,0.11019044057382378,0.22978802350692606,0.7201121597338498,0.0
2021-05-08 00:00:00,0.018131101813110184,0.645418326693227,0.5489203276247205,0.4852704874129621,0.4286162987004489,0.9993318485523385,0.5,0.33432256373191716,0.27850589212286053,0.10624094150863407,0.15328253992347413,0.8405873664902063,0.0
2021-05-08 00:10:00,0.028591352859135284,0.6498007968127488,0.5410275502606106,0.4786645241921086,0.4286162987004489,0.9993318485523385,0.5,0.33432256373191716,0.27850589212286053,0.10624094150863407,0.15328253992347413,0.8405873664902063,0.0
2021-05-08 00:20:00,0.02301255230125523,0.6541832669322707,0.5350707371556216,0.4736654168898411,0.4286162987004489,0.9993318485523385,0.5,0.33432256373191716,0.27850589212286053,0.10624094150863407,0.15328253992347413,0.8405873664902063,0.0
2021-05-08 00:30:00,0.030683403068340307,0.6585657370517926,0.5294117647058822,0.4675950723085165,0.4286162987004489,0.9993318485523385,0.5,0.33432256373191716,0.27850589212286053,0.10624094150863407,0.15328253992347413,0.8405873664902063,0.0
2021-05-08 00:40:00,0.055090655509065556,0.6629482071713144,0.5249441548771405,0.4622388859132296,0.4286162987004489,0.9993318485523385,0.5,0.33432256373191716,0.27850589212286053,0.10624094150863407,0.15328253992347413,0.8405873664902063,0.0
2021-05-08 00:50:00,0.05369595536959554,0.6673306772908363,0.5172002978406551,0.4561685413319052,0.4286162987004489,0.9993318485523385,0.5,0.33432256373191716,0.27850589212286053,0.10624094150863407,0.15328253992347413,0.8405873664902063,0.0
2021-05-08 01:00:00,0.07182705718270573,0.6717131474103581,0.5145197319434103,0.4511694340296377,0.4286162987004489,0.9993318485523385,0.5,0.2905873579116698,0.27322726267000186,0.07771740157353502,0.21902431444459813,0.9980771651092218,0.0
2021-05-08 01:10:00,0.09344490934449094,0.67609561752988,0.5148175725986597,0.44724156400642756,0.4286162987004489,0.9993318485523385,0.5,0.2905873579116698,0.27322726267000186,0.07771740157353502,0.21902431444459813,0.9980771651092218,0.0
2021-05-08 01:20:00,0.08577405857740586,0.6804780876494023,0.5160089352196573,0.44367077307623637,0.4286686471843059,0.9993318485523385,0.5,0.2905873579116698,0.27322726267000186,0.07771740157353502,0.21902431444459813,0.9980771651092218,0.0
2021-05-08 01:30:00,0.2175732217573222,0.6848605577689242,0.5133283693224122,0.4372433494018926,0.4418997264791718,0.9993318485523385,0.5,0.2905873579116698,0.27322726267000186,0.07771740157353502,0.21902431444459813,0.9980771651092218,0.0
2021-05-08 01:40:00,0.24546722454672246,0.689243027888446,0.5094564408041697,0.4500981967505804,0.5801128109827118,0.4011135857461025,0.5,0.2905873579116698,0.27322726267000186,0.07771740157353502,0.21902431444459813,0.9980771651092218,0.044012251610664334
2021-05-08 01:50:00,0.19386331938633192,-0.21115537848605592,0.5163067758749067,0.49366184609891084,0.5801782465875333,0.00033407572383073496,0.5,0.2905873579116698,0.27322726267000186,0.07771740157353502,0.21902431444459813,0.9980771651092218,0.07237804970049942
2021-05-08 02:00:00,0.13319386331938632,-0.10756972111553798,0.5288160833953832,0.5207998571683627,0.5801782465875333,0.00033407572383073496,0.5,0.273023220754427,0.27093133184102697,0.07479535053769823,0.3378508007062877,0.0514201494744004,0.04567949665796581
2021-05-08 02:10:00,0.16248256624825663,0.12350597609561742,0.5377513030528664,0.5561506873772541,0.5801782465875333,0.00033407572383073496,0.5,0.273023220754427,0.27093133184102697,0.07479535053769823,0.3378508007062877,0.0514201494744004,0.04761832913378698
2021-05-08 02:20:00,0.16945606694560672,0.08366533864541825,0.5210722263588978,0.5493661846098912,0.5801782465875333,0.00033407572383073496,0.5,0.273023220754427,0.27093133184102697,0.07479535053769823,0.3378508007062877,0.0514201494744004,0.06282722513089005
2021-05-08 02:30:00,0.17573221757322177,0.6334661354581672,0.5058823529411764,0.49044813426173883,0.5816963526193872,0.00033407572383073496,0.5,0.273023220754427,0.27093133184102697,0.07479535053769823,0.3378508007062877,0.0514201494744004,0.062314226654797286
2021-05-08 02:40:00,0.16108786610878661,0.05179282868525892,0.5055845122859268,0.4750937332619174,0.5966549318815353,0.00033407572383073496,0.5,0.273023220754427,0.27093133184102697,0.07479535053769823,0.3378508007062877,0.0514201494744004,0.05348009113267046
2021-05-08 02:50:00,0.13737796373779637,0.22709163346613526,0.5034996276991808,0.45795393679700047,0.5966549318815353,0.00033407572383073496,0.5,0.273023220754427,0.27093133184102697,0.07479535053769823,0.3378508007062877,0.0514201494744004,0.043529429515518206
2021-05-08 03:00:00,0.14504881450488147,0.06772908366533859,0.5023082650781829,0.45188359221567564,0.5966549318815353,0.00022271714922048998,0.5,0.2452316922390363,0.25107540940268347,0.08672259930401872,0.374176995442965,0.06767570397276763,0.0472184920862441
2021-05-08 03:10:00,0.18967921896792192,-0.5378486055776892,0.49843633655994046,0.44117121942510273,0.5966549318815353,0.00011135857461024499,0.5,0.2452316922390363,0.25107540940268347,0.08672259930401872,0.374176995442965,0.06767570397276763,0.06116752417882523
2021-05-08 03:20:00,0.17294281729428174,-0.6573705179282869,0.49486224869694695,0.42938760935547227,0.5966549318815353,0.00011135857461024499,0.5,0.2452316922390363,0.25107540940268347,0.08672259930401872,0.374176995442965,0.06767570397276763,0.05894201608401104
2021-05-08 03:30:00,0.1903765690376569,-0.5697211155378487,0.489501116902457,0.4258168184252813,0.5915640418264385,0.00011135857461024499,0.5,0.2452316922390363,0.25107540940268347,0.08672259930401872,0.374176995442965,0.06767570397276763,0.07090695112935105
2021-05-08 03:40:00,0.197350069735007,0.3306772908366533,0.4847356664184659,0.42010355293697543,0.5801782465875333,0.00011135857461024499,0.5,0.2452316922390363,0.25107540940268347,0.08672259930401872,0.374176995442965,0.06767570397276763,0.08794906226896208
2021-05-08 03:50:00,0.18967921896792192,0.31474103585657365,0.47848101265822773,0.41046241742545986,0.5801782465875333,0.00011135857461024499,0.5,0.2452316922390363,0.25107540940268347,0.08672259930401872,0.374176995442965,0.06767570397276763,0.07736469665193053
2021-05-08 04:00:00,0.21338912133891214,-0.15537848605577698,0.47133283693224115,0.4033208355650777,0.5801782465875333,0.00011135857461024499,0.5,0.11678647652292717,0.25880226547167046,0.11498477533039202,0.38088396613213404,0.06880972085119727,0.0822155498891018
2021-05-08 04:10:00,0.197350069735007,-0.09960159362549814,0.46835443037974667,0.3951080164256384,0.5801782465875333,0.00011135857461024499,0.5,0.11678647652292717,0.25880226547167046,0.11498477533039202,0.38088396613213404,0.06880972085119727,0.06568643722558354
2021-05-08 04:20:00,0.15760111576011157,0.2669322709163344,0.4698436336559937,0.3954650955186574,0.5801782465875333,0.00011135857461024499,0.5,0.11678647652292717,0.25880226547167046,0.11498477533039202,0.38088396613213404,0.06880972085119727,0.05095281922838994
2021-05-08 04:30:00,0.1387726638772664,0.11553784860557759,0.4698436336559937,0.3972504909837531,0.5801782465875333,0.00011135857461024499,0.5,0.11678647652292717,0.25880226547167046,0.11498477533039202,0.38088396613213404,0.06880972085119727,0.03329209227937294
2021-05-08 04:40:00,0.100418410041841,-0.1633466135458168,0.46448250186150397,0.4033208355650777,0.5801782465875333,0.00011135857461024499,0.5,0.11678647652292717,0.25880226547167046,0.11498477533039202,0.38088396613213404,0.06880972085119727,0.015405042473256183
2021-05-08 04:50:00,0.11227336122733612,-0.4422310756972112,0.4582278481012656,0.40760578468130704,0.5801782465875333,0.00011135857461024499,0.5,0.11678647652292717,0.25880226547167046,0.11498477533039202,0.38088396613213404,0.06880972085119727,0.02556693875703487
2021-05-08 05:00:00,0.11018131101813111,0.38645418326693215,0.45346239761727447,0.4051062310301732,0.5802829435552472,0.00011135857461024499,0.5,0.09746349754504591,0.2415928415233017,0.1125836767142765,0.3869073611174148,0.07188380262301237,0.0354497035170572
2021-05-08 05:10:00,0.11436541143654114,-0.23505976095617542,0.44780342516753513,0.4061774683092303,0.5934485872452919,0.00011135857461024499,0.5,0.09746349754504591,0.2415928415233017,0.1125836767142765,0.3869073611174148,0.07188380262301237,0.029738823422906895
2021-05-08 05:20:00,0.1087866108786611,-0.019920318725099695,0.4460163812360385,0.40903410105338334,0.5801782465875333,0.00011135857461024499,0.5,0.09746349754504591,0.2415928415233017,0.1125836767142765,0.3869073611174148,0.07188380262301237,0.0256876442808214
2021-05-08 05:30:00,0.1206415620641562,0.3306772908366533,0.4460163812360385,0.40403499375111585,0.5801782465875333,0.00011135857461024499,0.5,0.09746349754504591,0.2415928415233017,0.1125836767142765,0.3869073611174148,0.07188380262301237,0.025280263138041853
2021-05-08 05:40:00,0.09274755927475593,0.5059760956175297,0.4507818317200294,0.404749151937154,0.5801782465875333,0.00011135857461024499,0.5,0.09746349754504591,0.2415928415233017,0.1125836767142765,0.3869073611174148,0.07188380262301237,0.012161081521493129
2021-05-08 05:50:00,0.055788005578800565,0.22709163346613526,0.45197319434102745,0.4097482592394215,0.5801782465875333,0.00011135857461024499,0.5,0.09746349754504591,0.2415928415233017,0.1125836767142765,0.3869073611174148,0.07188380262301237,0.0050319115228510645
2021-05-08 06:00:00,0.06694560669456066,0.6972111553784857,0.44899478778853297,0.4165327620067847,0.5815785685307089,0.00011135857461024499,0.5,0.14254229922190564,0.2526759519205084,0.17538710328262164,0.39897901331765073,0.08030068904580202,0.008615356760263742
2021-05-08 06:10:00,0.06206415620641562,-0.21115537848605592,0.4433358153387934,0.4193893947509373,0.5966811061234639,0.00011135857461024499,0.5,0.14254229922190564,0.2526759519205084,0.17538710328262164,0.39897901331765073,0.08030068904580202,0.0
2021-05-08 06:20:00,0.04393305439330544,-0.20318725099601598,0.44065524944154855,0.41189073379753616,0.6057504809516955,0.061135857461024505,0.5,0.14254229922190564,0.2526759519205084,0.17538710328262164,0.39897901331765073,0.08030068904580202,0.0
2021-05-08 06:30:00,0.0899581589958159,0.4581673306772909,0.44035740878629914,0.3968934118907337,0.6110376778212561,0.9996659242761693,0.5,0.14254229922190564,0.2526759519205084,0.17538710328262164,0.39897901331765073,0.08030068904580202,0.0
2021-05-08 06:40:00,0.1304044630404463,0.5378486055776892,0.4460163812360385,0.41439028744867,0.6110376778212561,0.9996659242761693,0.5,0.14254229922190564,0.2526759519205084,0.17538710328262164,0.39897901331765073,0.08030068904580202,0.0
2021-05-08 06:50:00,0.1492329149232915,0.01195219123505975,0.451079672375279,0.41867523656489913,0.6110376778212561,0.9996659242761693,0.5,0.14254229922190564,0.2526759519205084,0.17538710328262164,0.39897901331765073,0.08030068904580202,0.0
2021-05-08 07:00:00,0.13389121338912133,-0.553784860557769,0.45346239761727447,0.41439028744867,0.6110376778212561,0.9996659242761693,0.5,0.14585642895808615,0.2699744545368343,0.1844733352380815,0.3848490397246856,0.08469775308903649,0.0
2021-05-08 07:10:00,0.18131101813110181,-0.2749003984063746,0.4549516008935217,0.4065345474022497,0.6110376778212561,0.9996659242761693,0.5,0.14585642895808615,0.2699744545368343,0.1844733352380815,0.3848490397246856,0.08469775308903649,0.0
2021-05-08 07:20:00,0.15411436541143653,0.4183266932270917,0.45256887565152626,0.3986788073558294,0.6110376778212561,0.21525612472160355,0.5,0.14585642895808615,0.2699744545368343,0.1844733352380815,0.3848490397246856,0.08469775308903649,0.0
2021-05-08 07:30:00,0.16945606694560672,0.8326693227091633,0.4528667163067759,0.39439385823960005,0.6110376778212561,0.8620267260579064,0.5,0.14585642895808615,0.2699744545368343,0.1844733352380815,0.3848490397246856,0.08469775308903649,0.0
2021-05-08 07:40:00,0.16248256624825663,-0.05179282868525903,0.45524944154877134,0.3968934118907337,0.6110376778212561,0.9993318485523385,0.5,0.14585642895808615,0.2699744545368343,0.1844733352380815,0.3848490397246856,0.08469775308903649,0.0
2021-05-08 07:50:00,0.17294281729428174,-0.7768924302788845,0.4609084139985107,0.3968934118907337,0.6110376778212561,0.4758351893095768,0.5,0.14585642895808615,0.2699744545368343,0.1844733352380815,0.3848490397246856,0.08469775308903649,0.0
2021-05-08 08:00:00,0.1708507670850767,-0.3784860557768924,0.46775874906924786,0.3968934118907337,0.6110376778212561,0.5965478841870824,0.5,0.1800319389184859,0.2708911027651752,0.16751892098427543,0.3056649628017729,0.08084620576115241,0.0
2021-05-08 08:10:00,0.19316596931659694,-0.2270916334661356,0.4763961280714817,0.4033208355650777,0.6020729999607386,0.11792873051224945,0.5,0.1800319389184859,0.2708911027651752,0.16751892098427543,0.3056649628017729,0.08084620576115241,0.0
2021-05-08 08:20:00,0.22454672245467225,0.13147410358565725,0.48682055100521215,0.4122478128905551,0.603250840847522,0.06146993318485523,0.5,0.1800319389184859,0.2708911027651752,0.16751892098427543,0.3056649628017729,0.08084620576115241,0.08035970246088386
2021-05-08 08:30:00,0.24686192468619247,0.019920318725099362,0.48294862248696924,0.41867523656489913,0.6019290416301318,0.00011135857461024499,0.5,0.1800319389184859,0.2708911027651752,0.16751892098427543,0.3056649628017729,0.08084620576115241,0.1049760852180998
2021-05-08 08:40:00,0.23570432357043236,0.10756972111553775,0.4647803425167534,0.3854668809141224,0.6084202536284042,0.00011135857461024499,0.5,0.1800319389184859,0.2708911027651752,0.16751892098427543,0.3056649628017729,0.08084620576115241,0.10345217798029482
2021-05-08 08:50:00,0.26429567642956764,-0.2749003984063746,0.46418466120625435,0.3679700053561865,0.6084202536284042,0.00011135857461024499,0.5,0.1800319389184859,0.2708911027651752,0.16751892098427543,0.3056649628017729,0.08084620576115241,0.11913635197730736
2021-05-08 09:00:00,0.2510460251046025,-0.29083665338645437,0.4689501116902457,0.36511337261203347,0.6084202536284042,0.00011135857461024499,0.5,0.23041985202568327,0.287629271824993,0.14741875558061404,0.2030938091377911,0.08622897200299523,0.10231301959955943
2021-05-08 09:10:00,0.22663877266387727,0.15537848605577675,0.47163067758749055,0.3654704517050529,0.5994032272840297,0.00011135857461024499,0.5,0.23041985202568327,0.287629271824993,0.14741875558061404,0.2030938091377911,0.08622897200299523,0.09609668512455301
2021-05-08 09:20:00,0.201534170153417,0.05976095617529875,0.48056589724497356,0.37225495447241563,0.6084202536284042,0.00011135857461024499,0.5,0.23041985202568327,0.287629271824993,0.14741875558061404,0.2030938091377911,0.08622897200299523,0.08087270093697663
2021-05-08 09:30:00,0.1924686192468619,0.3227091633466135,0.49039463886820545,0.3811819317978933,0.6084202536284042,0.00011135857461024499,0.5,0.23041985202568327,0.287629271824993,0.14741875558061404,0.2030938091377911,0.08622897200299523,0.07117853855787075
2021-05-08 09:40:00,0.2105997210599721,0.38645418326693215,0.49962769918093786,0.3908230673094091,0.6084333407493685,0.00011135857461024499,0.5,0.23041985202568327,0.287629271824993,0.14741875558061404,0.2030938091377911,0.08622897200299523,0.08708903541198304
2021-05-08 09:50:00,0.22036262203626222,0.31474103585657365,0.5100521221146683,0.4001071237279059,0.6120715603774326,0.00011135857461024499,0.5,0.23041985202568327,0.287629271824993,0.14741875558061404,0.2030938091377911,0.08622897200299523,0.09294325331562986
2021-05-08 10:00:00,0.22036262203626222,0.027888446215139417,0.5210722263588978,0.41046241742545986,0.6223318632134116,0.00011135857461024499,0.5,0.5593174690474991,0.2853965581152101,0.056392211735962344,0.09879907010060741,0.1347005327666468,0.08868083950691794
2021-05-08 10:10:00,0.19316596931659694,0.019920318725099362,0.5297096053611317,0.4272451347973576,0.6172278860373507,0.00011135857461024499,0.5,0.5593174690474991,0.2853965581152101,0.056392211735962344,0.09879907010060741,0.1347005327666468,0.06383813389260226
2021-05-08 10:20:00,0.13668061366806136,0.394422310756972,0.5398361876396125,0.44866988037850386,0.6152386436507833,0.00011135857461024499,0.5,0.5593174690474991,0.2853965581152101,0.056392211735962344,0.09879907010060741,0.1347005327666468,0.029897249422876717
2021-05-08 10:30:00,0.12412831241283125,-0.3227091633466136,0.5514519731943408,0.4608105695411533,0.6253157267932629,0.00011135857461024499,0.5,0.5593174690474991,0.2853965581152101,0.056392211735962344,0.09879907010060741,0.1347005327666468,0.018498121520286074
2021-05-08 10:40:00,0.11436541143654114,-0.17928286852589637,0.5627699180938197,0.4879485806106054,0.6286660297601131,0.00011135857461024499,0.5,0.5593174690474991,0.2853965581152101,0.056392211735962344,0.09879907010060741,0.1347005327666468,0.017004390663427734
2021-05-08 10:50:00,0.1499302649930265,0.003984063745019917,0.5711094564408041,0.5140153544009998,0.6159453481828532,0.00011135857461024499,0.5,0.5593174690474991,0.2853965581152101,0.056392211735962344,0.09879907010060741,0.1347005327666468,0.029459691899150535
2021-05-08 11:00:00,0.1290097629009763,0.7689243027888444,0.5809381980640356,0.5211569362613819,0.6271086623653663,0.00011135857461024499,0.5,0.5707744554024166,0.2839052088032703,0.05031515211924789,0.019786295748314604,0.4916069609600665,0.02708330189960318
2021-05-08 11:10:00,0.10320781032078104,-0.043824701195219196,0.588682055100521,0.5390108909123372,0.6548664459305598,0.02984409799554566,0.5,0.5707744554024166,0.2839052088032703,0.05031515211924789,0.019786295748314604,0.4916069609600665,0.0035080042850460947
2021-05-08 11:20:00,0.14086471408647142,0.12350597609561742,0.6008935219657481,0.552222817354044,0.6496446846658204,0.9992204899777284,0.5,0.5707744554024166,0.2839052088032703,0.05031515211924789,0.019786295748314604,0.4916069609600665,0.0
2021-05-08 11:30:00,0.1290097629009763,0.29083665338645415,0.6226358897989572,0.5590073201214067,0.6496446846658204,0.9995545657015591,0.5,0.5707744554024166,0.2839052088032703,0.05031515211924789,0.019786295748314604,0.4916069609600665,0.0
2021-05-08 11:40:00,0.06276150627615062,0.4581673306772909,0.635740878629933,0.5704338510980183,0.6496446846658204,0.9995545657015591,0.5,0.5707744554024166,0.2839052088032703,0.05031515211924789,0.019786295748314604,0.4916069609600665,0.0
2021-05-08 11:50:00,0.07670850767085077,0.6254980079681274,0.650632911392405,0.580074986609534,0.6496446846658204,0.9995545657015591,0.5,0.5707744554024166,0.2839052088032703,0.05031515211924789,0.019786295748314604,0.4916069609600665,0.0
2021-05-08 12:00:00,0.10808926080892609,0.1766268260292163,0.6610573343261352,0.5890019639350117,0.6496446846658204,0.9995545657015591,0.5,0.5932405628267143,0.27823865611898485,0.045162440649404986,0.10585782777845518,0.6437471237254354,0.0
2021-05-08 12:10:00,0.0808926080892608,-0.27224435590969465,0.6732688011913626,0.5925727548652027,0.6496446846658204,0.9995545657015591,0.5,0.5932405628267143,0.27823865611898485,0.045162440649404986,0.10585782777845518,0.6437471237254354,0.0
2021-05-08 12:20:00,0.0404463040446304,-0.7211155378486056,0.6822040208488456,0.6007855740046419,0.6496446846658204,0.9995545657015591,0.5,0.5932405628267143,0.27823865611898485,0.045162440649404986,0.10585782777845518,0.6437471237254354,0.0
2021-05-08 12:30:00,0.0397489539748954,-0.33067729083665354,0.6923306031273266,0.6111408677021961,0.6496446846658204,0.9995545657015591,0.5,0.5932405628267143,0.27823865611898485,0.045162440649404986,0.10585782777845518,0.6437471237254354,0.0
2021-05-08 12:40:00,0.08926080892608089,-0.2460159362549802,0.7036485480268053,0.6225673986788074,0.6496446846658204,0.9995545657015591,0.5,0.5932405628267143,0.27823865611898485,0.045162440649404986,0.10585782777845518,0.6437471237254354,0.0
2021-05-08 12:50:00,0.07670850767085077,-0.16135458167330696,0.7096053611317943,0.6257811105159794,0.6496446846658204,0.9995545657015591,0.5,0.5932405628267143,0.27823865611898485,0.045162440649404986,0.10585782777845518,0.6437471237254354,0.0
2021-05-08 13:00:00,0.05439330543933055,-0.07669322709163362,0.7158600148920327,0.6297089805391896,0.6496446846658204,0.9995545657015591,0.5,0.7196337964187454,0.25679655868991147,0.021567785256006645,0.18365141896094025,0.6976477247376419,0.0
2021-05-08 13:10:00,0.03626220362622037,0.007968127490039612,0.7241995532390171,0.6389930369576862,0.6496446846658204,0.9995545657015591,0.5,0.7196337964187454,0.25679655868991147,0.021567785256006645,0.18365141896094025,0.6976477247376419,0.0
2021-05-08 13:20:00,0.08507670850767085,0.09262948207171307,0.7343261355174979,0.6489912515622211,0.6496446846658204,0.9995545657015591,0.5,0.7196337964187454,0.25679655868991147,0.021567785256006645,0.18365141896094025,0.6976477247376419,0.0
2021-05-08 13:30:00,0.18479776847977683,0.1772908366533863,0.7423678332092329,0.6561328334226031,0.648519192262894,0.9995545657015591,0.5,0.7196337964187454,0.25679655868991147,0.021567785256006645,0.18365141896094025,0.6976477247376419,0.0
2021-05-08 13:40:00,0.33751743375174337,0.26195219123505953,0.7420699925539835,0.6618460989109087,0.49889413827852014,0.9995545657015591,0.5,0.7196337964187454,0.25679655868991147,0.021567785256006645,0.18365141896094025,0.6976477247376419,0.0
2021-05-08 13:50:00,0.1492329149232915,0.346613545816733,0.7474311243484735,0.690055347259418,0.3665833453298609,0.17783964365256125,0.5,0.7196337964187454,0.25679655868991147,0.021567785256006645,0.18365141896094025,0.6976477247376419,0.0064351132368695016
2021-05-08 14:00:00,0.10599721059972106,0.3705179282868525,0.7477289650037229,0.7075522228173541,0.399222625014723,0.953229398663697,0.5,0.7334522148619365,0.23827681627093794,0.019738111080802534,0.28472505272554294,0.7376784326275405,0.0
2021-05-08 14:10:00,0.05439330543933055,0.394422310756972,0.7542814594192104,0.724334940189252,0.399222625014723,0.9993318485523385,0.5,0.7334522148619365,0.23827681627093794,0.019738111080802534,0.28472505272554294,0.7376784326275405,0.0
2021-05-08 14:20:00,0.16108786610878661,0.4183266932270917,0.7664929262844375,0.7375468666309586,0.399222625014723,0.9993318485523385,0.5,0.7334522148619365,0.23827681627093794,0.019738111080802534,0.28472505272554294,0.7376784326275405,0.0
2021-05-08 14:30:00,0.2398884239888424,0.4422310756972112,0.7721518987341771,0.7357614711658633,0.4028608446427871,0.350890868596882,0.5,0.7334522148619365,0.23827681627093794,0.019738111080802534,0.28472505272554294,0.7376784326275405,0.018807429424989062
2021-05-08 14:40:00,0.23709902370990238,-0.7051792828685259,0.7742367833209232,0.7325477593286913,0.407860124851134,0.8154788418708241,0.5,0.7334522148619365,0.23827681627093794,0.019738111080802534,0.28472505272554294,0.7376784326275405,0.0
2021-05-08 14:50:00,0.28172942817294283,-0.05179282868525903,0.7781087118391659,0.737903945723978,0.3321642171938595,0.016592427616926503,0.5,0.7334522148619365,0.23827681627093794,0.019738111080802534,0.28472505272554294,0.7376784326275405,0.09692653560058542
2021-05-08 15:00:00,0.300557880055788,0.6334661354581672,0.7772151898734176,0.72504909837529,0.3543468872282786,0.00011135857461024499,0.5,0.7417823490781037,0.2133491567698359,0.019230093701687778,0.3699091903010854,0.7502455044737875,0.14557086168655795
2021-05-08 15:10:00,0.1206415620641562,-0.42629482071713154,0.7414743112434845,0.696839850026781,0.37896376176205004,0.2296213808463252,0.5,0.7417823490781037,0.2133491567698359,0.019230093701687778,0.3699091903010854,0.7502455044737875,0.024163737043016432
2021-05-08 15:20:00,0.1589958158995816,-0.49800796812749004,0.7405807892777363,0.6889841099803606,0.38397612909136114,0.9258351893095769,0.5,0.7417823490781037,0.2133491567698359,0.019230093701687778,0.3699091903010854,0.7502455044737875,0.0
2021-05-08 15:30:00,0.18688981868898188,0.593625498007968,0.7599404318689498,0.7100517764684879,0.4225569616939969,0.01759465478841871,0.5,0.7417823490781037,0.2133491567698359,0.019230093701687778,0.3699091903010854,0.7502455044737875,0.04371803189643467
2021-05-08 15:40:00,0.1701534170153417,0.5298804780876492,0.7513030528667162,0.7025531155150866,0.449280862703014,0.900445434298441,0.5,0.7417823490781037,0.2133491567698359,0.019230093701687778,0.3699091903010854,0.7502455044737875,0.0
2021-05-08 15:50:00,0.22524407252440726,0.4661354581673305,0.7721518987341771,0.7207641492590608,0.425135124523956,0.09955456570155902,0.5,0.7417823490781037,0.2133491567698359,0.019230093701687778,0.3699091903010854,0.7502455044737875,0.02377898818594686
2021-05-08 16:00:00,0.13389121338912133,-0.7051792828685259,0.7548771407297095,0.7168362792358507,0.4047977385454974,0.21314031180400891,0.5,0.7863644231933382,0.18950480881131893,0.01269586916941948,0.42311680282354036,0.7493538349581396,0.0
2021-05-08 16:10:00,0.200836820083682,0.04780876494023878,0.7450483991064778,0.700053561863953,0.3794348981167633,0.7149220489977729,0.5,0.7863644231933382,0.18950480881131893,0.01269586916941948,0.42311680282354036,0.7493538349581396,0.019863602758121216
2021-05-08 16:20:00,0.21199442119944212,0.8007968127490039,0.7513030528667162,0.6993394036779146,0.4256455222415621,0.00044543429844097997,0.5,0.7863644231933382,0.18950480881131893,0.01269586916941948,0.42311680282354036,0.7493538349581396,0.07425652941442734
2021-05-08 16:30:00,0.24755927475592746,-0.4820717131474104,0.7334326135517495,0.6818425281199787,0.4025336666186806,0.04287305122494432,0.5,0.7863644231933382,0.18950480881131893,0.01269586916941948,0.42311680282354036,0.7493538349581396,0.04534001237231619
2021-05-08 16:40:00,0.21269177126917713,0.1872509960159361,0.728965003723008,0.6672022853061954,0.3993273219824371,0.0008908685968819599,0.5,0.7863644231933382,0.18950480881131893,0.01269586916941948,0.42311680282354036,0.7493538349581396,0.0885450457926581
2021-05-08 16:50:00,0.14435146443514643,0.22310756972111534,0.7239017125837675,0.6611319407248706,0.390428079726741,0.12861915367483298,0.5,0.7863644231933382,0.18950480881131893,0.01269586916941948,0.42311680282354036,0.7493538349581396,0.008140078760354271
2021-05-08 17:00:00,0.18200836820083682,0.2589641434262948,0.7331347728965001,0.6786288162828067,0.34690031539961524,0.9994432071269488,0.5,0.7853709680700869,0.16695066478547882,0.011566335770573978,0.4587499832498638,0.7511719421545818,0.0
2021-05-08 17:10:00,0.10669456066945607,-0.3067729083665339,0.7548771407297095,0.7007677200499909,0.44064336286660305,0.6295100222717149,0.5,0.7853709680700869,0.16695066478547882,0.011566335770573978,0.4587499832498638,0.7511719421545818,0.0
2021-05-08 17:20:00,0.3110181311018131,-0.2948207171314742,0.7700670141474311,0.7182645956079272,0.3842116972687179,0.7683741648106904,0.5,0.7853709680700869,0.16695066478547882,0.011566335770573978,0.4587499832498638,0.7511719421545818,0.007672344855681458
2021-05-08 17:30:00,0.17642956764295675,-0.2828685258964144,0.7760238272524196,0.7275486520264238,0.3229247097930926,0.00512249443207127,0.5,0.7853709680700869,0.16695066478547882,0.011566335770573978,0.4587499832498638,0.7511719421545818,0.030817629041749024
2021-05-08 17:40:00,0.22384937238493724,-0.12350597609561753,0.7539836187639612,0.6961256918407428,0.3318239520487888,0.038084632516703784,0.5,0.7853709680700869,0.16695066478547882,0.011566335770573978,0.4587499832498638,0.7511719421545818,0.057086168655793114
2021-05-08 17:50:00,0.29428172942817293,-0.07569721115537853,0.7450483991064778,0.6707730762363864,0.3964481553703001,0.00011135857461024499,0.5,0.7853709680700869,0.16695066478547882,0.011566335770573978,0.4587499832498638,0.7511719421545818,0.15292635454229975
2021-05-08 18:00:00,0.27266387726638774,-0.02788844621513953,0.7387937453462394,0.6689876807712907,0.4429074347934198,0.00011135857461024499,0.5,0.6922819950350589,0.17759700235914916,0.056145051009079,0.4179995592630053,0.7617150979285956,0.11457217435912911
2021-05-08 18:10:00,0.40585774058577406,-0.45019920318725104,0.7307520476545046,0.6739867880735582,0.395636753870516,0.00011135857461024499,0.5,0.6922819950350589,0.17759700235914916,0.056145051009079,0.4179995592630053,0.7617150979285956,0.28911990584969144
2021-05-08 18:20:00,0.25732217573221755,0.003984063745019917,0.7233060312732686,0.6604177825388324,0.3824841973014356,0.00011135857461024499,0.5,0.6922819950350589,0.17759700235914916,0.056145051009079,0.4179995592630053,0.7617150979285956,0.12044148045324925
2021-05-08 18:30:00,0.17224546722454673,-0.059760956175298974,0.7230081906180192,0.6597036243527941,0.3798536859876196,0.00011135857461024499,0.5,0.6922819950350589,0.17759700235914916,0.056145051009079,0.4179995592630053,0.7617150979285956,0.05161669960921587
2021-05-08 18:40:00,0.22733612273361226,0.01195219123505975,0.7206254653760236,0.6657739689341189,0.35836463336430624,0.00011135857461024499,0.5,0.6922819950350589,0.17759700235914916,0.056145051009079,0.4179995592630053,0.7617150979285956,0.08665902198349353
2021-05-08 18:50:00,0.23082287308228733,-0.15537848605577698,0.7227103499627696,0.6689876807712907,0.365274633233435,0.04977728285077951,0.5,0.6922819950350589,0.17759700235914916,0.056145051009079,0.4179995592630053,0.7617150979285956,0.027679285423299182
2021-05-08 19:00:00,0.22873082287308227,0.2589641434262948,0.7230081906180192,0.660060703445813,0.3560743871955609,0.00011135857461024499,0.5,0.6890492801902992,0.17112299465240796,0.04457668621252754,0.423168100383967,0.7705187559095832,0.08564056912654465
2021-05-08 19:10:00,0.17642956764295675,-0.15537848605577698,0.7212211466865226,0.6639885734690234,0.3818691026161155,0.00011135857461024499,0.5,0.6890492801902992,0.17112299465240796,0.04457668621252754,0.423168100383967,0.7705187559095832,0.05388747227545001
2021-05-08 19:20:00,0.39051603905160387,0.09960159362549792,0.7191362620997765,0.6675593643992144,0.3688735914986062,0.00011135857461024499,0.5,0.6890492801902992,0.17112299465240796,0.04457668621252754,0.423168100383967,0.7705187559095832,0.25027535947613805
2021-05-08 19:30:00,0.4421199442119944,-0.13147410358565736,0.7113924050632909,0.6564899125156223,0.35264556150292503,0.00011135857461024499,0.5,0.6890492801902992,0.17112299465240796,0.04457668621252754,0.423168100383967,0.7705187559095832,0.34637204460069104
2021-05-08 19:40:00,0.37099023709902373,0.03585657370517925,0.7081161578555473,0.6475629351901446,0.3476855426574708,0.00011135857461024499,0.5,0.6890492801902992,0.17112299465240796,0.04457668621252754,0.423168100383967,0.7705187559095832,0.23217707500339485
2021-05-08 19:50:00,0.37377963737796377,-0.10756972111553798,0.7042442293373044,0.6411355115158008,0.34714897069793615,0.00011135857461024499,0.5,0.6890492801902992,0.17112299465240796,0.04457668621252754,0.423168100383967,0.7705187559095832,0.2559862395702883
2021-05-08 20:00:00,0.2838214783821479,0.07569721115537842,0.6959046909903199,0.6400642742367435,0.3437986677310858,0.00011135857461024499,0.5,0.7089015393451386,0.16700813489383787,0.03540663012137254,0.3819303314914334,0.7662640967667023,0.1609759041598141
2021-05-08 20:10:00,0.3486750348675035,-0.3466135458167332,0.6854802680565895,0.6393501160507051,0.3533130046721022,0.00011135857461024499,0.5,0.7089015393451386,0.16700813489383787,0.03540663012137254,0.3819303314914334,0.7662640967667023,0.23398765786019285
2021-05-08 20:20:00,0.4790794979079498,-0.3545816733067729,0.6726731198808635,0.6329226923763613,0.33919200115166664,0.00011135857461024499,0.5,0.7089015393451386,0.16700813489383787,0.03540663012137254,0.3819303314914334,0.7662640967667023,0.4146687387781583
2021-05-08 20:30:00,0.4609483960948396,0.07569721115537842,0.6652271034996275,0.6257811105159794,0.37629398908534106,0.00011135857461024499,0.5,0.7089015393451386,0.16700813489383787,0.03540663012137254,0.3819303314914334,0.7662640967667023,0.3761636766902546
2021-05-08 20:40:00,0.33054393305439334,-0.17131474103585675,0.6556962025316453,0.6222103195857882,0.3700121710224968,0.00011135857461024499,0.5,0.7089015393451386,0.16700813489383787,0.03540663012137254,0.3819303314914334,0.7662640967667023,0.17957209891817674
2021-05-08 20:50:00,0.29428172942817293,-0.003984063745020028,0.6467609828741621,0.6147116586323871,0.36421457643533,0.00011135857461024499,0.5,0.7089015393451386,0.16700813489383787,0.03540663012137254,0.3819303314914334,0.7662640967667023,0.16124749158833382
2021-05-08 21:00:00,0.4867503486750349,-0.21115537848605592,0.64259121370067,0.6100696304231386,0.35110128122914236,0.00011135857461024499,0.5,0.6936988342761694,0.1754619878335771,0.0315129292705639,0.3121883598278359,0.7438159008819235,0.44973369343814595
2021-05-08 21:10:00,0.3437935843793584,-0.08366533864541836,0.6402084884586745,0.6089983931440812,0.36100823179908653,0.00011135857461024499,0.5,0.6936988342761694,0.1754619878335771,0.0315129292705639,0.3121883598278359,0.7438159008819235,0.20719103157958266
2021-05-08 21:20:00,0.2580195258019526,-0.12350597609561753,0.635145197319434,0.6079271558650241,0.3606025310491945,0.00011135857461024499,0.5,0.6936988342761694,0.1754619878335771,0.0315129292705639,0.3121883598278359,0.7438159008819235,0.10235074007574271
2021-05-08 21:30:00,0.301255230125523,0.1633466135458166,0.6309754281459417,0.6014997321906803,0.3652877203543992,0.00011135857461024499,0.5,0.6936988342761694,0.1754619878335771,0.0315129292705639,0.3121883598278359,0.7438159008819235,0.15308478054226957
2021-05-08 21:40:00,0.23361227336122734,-0.3545816733067729,0.6300819061801934,0.5990001785395467,0.3652877203543992,0.00011135857461024499,0.5,0.6936988342761694,0.1754619878335771,0.0315129292705639,0.3121883598278359,0.7438159008819235,0.09295079741086651
2021-05-08 21:50:00,0.2210599721059972,0.1394422310756971,0.6262099776619507,0.5940010712372792,0.3652877203543992,0.00011135857461024499,0.5,0.6936988342761694,0.1754619878335771,0.0315129292705639,0.3121883598278359,0.7438159008819235,0.08146868446067262
2021-05-08 22:00:00,0.23709902370990238,-0.06772908366533881,0.6208488458674608,0.590073201214069,0.3652877203543992,0.00011135857461024499,0.5,0.5528357964034027,0.1863956759490469,0.062403962079026244,0.29485218925928364,0.7658081284376673,0.08923910255443065
2021-05-08 22:10:00,0.24895397489539747,-0.36254980079681276,0.6163812360387191,0.5854311730048205,0.3652877203543992,0.00011135857461024499,0.5,0.5528357964034027,0.1863956759490469,0.062403962079026244,0.29485218925928364,0.7658081284376673,0.09804306169561085
2021-05-08 22:20:00,0.1506276150627615,0.12350597609561742,0.6154877140729709,0.5832886984467058,0.37406917852141713,0.00011135857461024499,0.5,0.5528357964034027,0.1863956759490469,0.062403962079026244,0.29485218925928364,0.7658081284376673,0.04187727265869004
2021-05-08 22:30:00,0.13319386331938632,-0.08366533864541836,0.6125093075204764,0.590073201214069,0.3754564133436285,0.00011135857461024499,0.5,0.5528357964034027,0.1863956759490469,0.062403962079026244,0.29485218925928364,0.7658081284376673,0.03070446761319915
2021-05-08 22:40:00,0.17782426778242677,-0.49800796812749004,0.6095309009679819,0.5922156757721835,0.3707843111593881,0.00011135857461024499,0.5,0.5528357964034027,0.1863956759490469,0.062403962079026244,0.29485218925928364,0.7658081284376673,0.044397000467733906
2021-05-08 22:50:00,0.2112970711297071,-0.2536520584329349,0.6065524944154874,0.5879307266559544,0.37855806101215794,0.3255011135857461,0.5,0.5528357964034027,0.1863956759490469,0.062403962079026244,0.29485218925928364,0.7658081284376673,0.0
2021-05-08 23:00:00,0.8145048814504882,-0.009296148738379806,0.6044676098287414,0.5725763256561329,0.5303948384394916,0.7438752783964365,0.5,0.4841101879346532,0.200197122471674,0.08569578534528378,0.2808197750555614,0.8316038481446197,0.06691612474915884
2021-05-08 23:10:00,0.8200836820083682,0.2350597609561753,0.6038719285182426,0.56579182288877,0.5709910876706232,0.1959910913140312,0.5,0.4841101879346532,0.200197122471674,0.08569578534528378,0.2808197750555614,0.8316038481446197,0.21388264405449856
2021-05-08 23:20:00,0.8368200836820083,0.05179282868525892,0.5654504839910646,0.5050883770755221,0.5709910876706232,0.17193763919821825,0.5,0.4841101879346532,0.200197122471674,0.08569578534528378,0.2808197750555614,0.8316038481446197,0.2823377642319357
2021-05-08 23:30:00,0.6659693165969317,-0.2828685258964144,0.5496649292628444,0.4683092304945544,0.5677716559134156,0.06414253897550111,0.5,0.4841101879346532,0.200197122471674,0.08569578534528378,0.2808197750555614,0.8316038481446197,0.5176531828537804
2021-05-08 23:40:00,0.5334728033472803,0.17928286852589648,0.5386448250186149,0.4668809141224781,0.5746554815406159,0.01737193763919822,0.5,0.4841101879346532,0.200197122471674,0.08569578534528378,0.2808197750555614,0.8316038481446197,0.48768803657377374
2021-05-08 23:50:00,0.5216178521617852,0.06772908366533859,0.5267311988086372,0.4686663095875736,0.575977280758006,0.009020044543429844,0.5,0.4841101879346532,0.200197122471674,0.08569578534528378,0.2808197750555614,0.8316038481446197,0.46597613048267117
2021-05-09 00:00:00,0.49860529986053004,-0.2589641434262948,0.5172002978406551,0.4675950723085165,0.5764353299917552,0.000779510022271715,0.5,0.475438051138958,0.19172028148859033,0.07510097257555808,0.3374958313522107,0.9552621838857386,0.4229747876337191
2021-05-09 00:10:00,0.45188284518828453,-0.0916334661354582,0.5130305286671628,0.4633101231922869,0.5708602164609808,0.00011135857461024499,0.5,0.475438051138958,0.19172028148859033,0.07510097257555808,0.3374958313522107,0.9552621838857386,0.3517132640282451
2021-05-09 00:20:00,0.4295676429567643,-0.2509960159362551,0.5079672375279223,0.45795393679700047,0.5683344021148787,0.00011135857461024499,0.5,0.475438051138958,0.19172028148859033,0.07510097257555808,0.3374958313522107,0.9552621838857386,0.30537743108469
2021-05-09 00:30:00,0.37447698744769875,-0.24302788844621515,0.5026061057334326,0.4590251740760578,0.5557445917472614,0.00011135857461024499,0.5,0.475438051138958,0.19172028148859033,0.07510097257555808,0.3374958313522107,0.9552621838857386,0.2319507521462951
2021-05-09 00:40:00,0.36401673640167365,-0.01195219123505975,0.4972449739389424,0.45831101589001966,0.5484550653701693,0.00011135857461024499,0.5,0.475438051138958,0.19172028148859033,0.07510097257555808,0.3374958313522107,0.9552621838857386,0.21623640176833592
2021-05-09 00:50:00,0.4344490934449094,-0.05179282868525903,0.4957557706626954,0.4497411176575612,0.5484550653701693,0.00011135857461024499,0.5,0.475438051138958,0.19172028148859033,0.07510097257555808,0.3374958313522107,0.9552621838857386,0.3289979932706671
2021-05-09 01:00:00,0.44421199442119946,-0.05179282868525903,0.49099032017870425,0.4447420103552937,0.5484550653701693,0.00011135857461024499,0.5,0.3766327588041314,0.21742091394713356,0.14426958044942165,0.48078691434825377,0.05077785998133065,0.3486277290764519
2021-05-09 01:10:00,0.49790794979079495,-0.02788844621513953,0.48711839166046156,0.43760042849491154,0.5484550653701693,0.00011135857461024499,0.5,0.3766327588041314,0.21742091394713356,0.14426958044942165,0.48078691434825377,0.05077785998133065,0.4545845466753173
2021-05-09 01:20:00,0.4923291492329149,0.07569721115537842,0.4844378257632167,0.42938760935547227,0.5484550653701693,0.00011135857461024499,0.5,0.3766327588041314,0.21742091394713356,0.14426958044942165,0.48078691434825377,0.05077785998133065,0.44405298972494234
2021-05-09 01:30:00,0.4107391910739191,-0.19521912350597614,0.4781831720029781,0.4304588466345294,0.5478137964429206,0.00011135857461024499,0.5,0.3766327588041314,0.21742091394713356,0.14426958044942165,0.48078691434825377,0.05077785998133065,0.2916999864206286
2021-05-09 01:40:00,0.402370990237099,0.01195219123505975,0.47252419955323877,0.43295840028566324,0.5372655769457276,0.00011135857461024499,0.5,0.3766327588041314,0.21742091394713356,0.14426958044942165,0.48078691434825377,0.05077785998133065,0.28768652775472636
2021-05-09 01:50:00,0.47629009762900976,-0.11553784860557781,0.4689501116902457,0.4258168184252813,0.5372655769457276,0.00011135857461024499,0.5,0.3766327588041314,0.21742091394713356,0.14426958044942165,0.48078691434825377,0.05077785998133065,0.41197549677867135
2021-05-09 02:00:00,0.5118549511854951,-0.0916334661354582,0.4647803425167534,0.41974647384395647,0.537226315582835,0.00011135857461024499,0.5,0.38067161782162273,0.21679736327142926,0.23287904709838506,0.5661465883061093,0.08890935514813625,0.4856209544789294
2021-05-09 02:10:00,0.49790794979079495,-0.2749003984063746,0.4623976172747577,0.41867523656489913,0.537226315582835,0.00011135857461024499,0.5,0.38067161782162273,0.21679736327142926,0.23287904709838506,0.5661465883061093,0.08890935514813625,0.45259290553283943
2021-05-09 02:20:00,0.5383542538354253,0.03585657370517925,0.45941921072226344,0.4176039992858418,0.537226315582835,0.00011135857461024499,0.5,0.38067161782162273,0.21679736327142926,0.23287904709838506,0.5661465883061093,0.08890935514813625,0.5264646860901973
2021-05-09 02:30:00,0.5467224546722455,0.31474103585657365,0.45524944154877134,0.41367612926263164,0.537226315582835,0.00011135857461024499,0.5,0.38067161782162273,0.21679736327142926,0.23287904709838506,0.5661465883061093,0.08890935514813625,0.5580744451317954
2021-05-09 02:40:00,0.5529986052998606,0.3227091633466135,0.4540580789277735,0.40760578468130704,0.537226315582835,0.05612472160356348,0.5,0.38067161782162273,0.21679736327142926,0.23287904709838506,0.5661465883061093,0.08890935514813625,0.4071774522081567
2021-05-09 02:50:00,0.5111576011157601,0.2669322709163344,0.44899478778853297,0.40724870558828763,0.537226315582835,0.05601336302895323,0.5,0.38067161782162273,0.21679736327142926,0.23287904709838506,0.5661465883061093,0.08890935514813625,0.36154322012161083
2021-05-09 03:00:00,0.5439330543933054,0.3705179282868525,0.44363365599404303,0.40117836100696325,0.537226315582835,0.019710467706013365,0.5,0.346496107861223,0.22463053904088068,0.33591336667783905,0.5686541475870307,0.0908006868685368,0.5313155393273684
2021-05-09 03:10:00,0.5676429567642958,0.07569721115537842,0.4382725241995531,0.3940367791465811,0.537226315582835,0.04120267260579065,0.5,0.346496107861223,0.22463053904088068,0.33591336667783905,0.5686541475870307,0.0908006868685368,0.478167388385111
2021-05-09 03:20:00,0.5794979079497908,-0.11553784860557781,0.43678332092330585,0.38832351365827544,0.537226315582835,0.04164810690423163,0.5,0.346496107861223,0.22463053904088068,0.33591336667783905,0.5686541475870307,0.0908006868685368,0.5164536717111518
2021-05-09 03:30:00,0.5327754532775453,-0.13147410358565736,0.4311243484735665,0.3861810391001608,0.537226315582835,0.00111358574610245,0.5,0.346496107861223,0.22463053904088068,0.33591336667783905,0.5686541475870307,0.0908006868685368,0.5394103535163028
2021-05-09 03:40:00,0.45676429567642957,-0.06772908366533881,0.4263588979895754,0.3861810391001608,0.537226315582835,0.00033407572383073496,0.5,0.346496107861223,0.22463053904088068,0.33591336667783905,0.5686541475870307,0.0908006868685368,0.38176893945109164
2021-05-09 03:50:00,0.36959553695955366,-0.003984063745020028,0.4195085629188382,0.38653811819317974,0.537226315582835,0.00022271714922048998,0.5,0.346496107861223,0.22463053904088068,0.33591336667783905,0.5686541475870307,0.0908006868685368,0.23184513481298188
2021-05-09 04:00:00,0.2838214783821479,0.01195219123505975,0.41414743112434826,0.3804677736118549,0.537226315582835,0.00022271714922048998,0.5,0.2555975322716153,0.2302338746059699,0.4653295892731484,0.5630977195199028,0.09466113304386554,0.1301582751180651
2021-05-09 04:10:00,0.30264993026499304,-0.06772908366533881,0.4072970960536113,0.37154079628637726,0.537226315582835,0.00022271714922048998,0.5,0.2555975322716153,0.2302338746059699,0.4653295892731484,0.5630977195199028,0.09466113304386554,0.14422801273443278
2021-05-09 04:20:00,0.33891213389121344,-0.2589641434262948,0.4025316455696202,0.36225673986788065,0.537226315582835,0.0010022271714922048,0.5,0.2555975322716153,0.2302338746059699,0.4653295892731484,0.5630977195199028,0.09466113304386554,0.1817825188225176
2021-05-09 04:30:00,0.20781032078103207,0.4183266932270917,0.39806403574087845,0.3519014461703267,0.537226315582835,0.00044543429844097997,0.5,0.2555975322716153,0.2302338746059699,0.4653295892731484,0.5630977195199028,0.09466113304386554,0.06962445493911916
2021-05-09 04:40:00,0.16736401673640167,0.5059760956175297,0.3918093819806401,0.3472594179610784,0.537226315582835,0.00022271714922048998,0.5,0.2555975322716153,0.2302338746059699,0.4653295892731484,0.5630977195199028,0.09466113304386554,0.044419632753443884
2021-05-09 04:50:00,0.11087866108786612,0.043824701195219085,0.38615040953090074,0.35083020889126937,0.537226315582835,0.00022271714922048998,0.5,0.2555975322716153,0.2302338746059699,0.4653295892731484,0.5630977195199028,0.09466113304386554,0.0036966066659625514
2021-05-09 05:00:00,0.05230125523012552,-0.21912350597609564,0.3813849590469096,0.3551151580074987,0.537226315582835,0.7516703786191536,0.5,0.29138533057747873,0.2291706776013128,0.49552200307473526,0.5171775791066799,0.09786104187876496,0.0
2021-05-09 05:10:00,0.05299860529986053,0.25099601593625476,0.39419210722263576,0.37011247991430096,0.537226315582835,0.9993318485523385,0.5,0.29138533057747873,0.2291706776013128,0.49552200307473526,0.5171775791066799,0.09786104187876496,0.0
2021-05-09 05:20:00,0.0794979079497908,0.7211155378486056,0.3998510796723751,0.3811819317978933,0.537226315582835,0.9993318485523385,0.5,0.29138533057747873,0.2291706776013128,0.49552200307473526,0.5171775791066799,0.09786104187876496,0.0
2021-05-09 05:30:00,0.0801952580195258,0.5960159362549802,0.4040208488458674,0.3747545081235495,0.537226315582835,0.9993318485523385,0.5,0.29138533057747873,0.2291706776013128,0.49552200307473526,0.5171775791066799,0.09786104187876496,0.0
2021-05-09 05:40:00,0.13458856345885634,0.4709163346613545,0.39717051377513,0.3683270844492055,0.537226315582835,0.9993318485523385,0.5,0.29138533057747873,0.2291706776013128,0.49552200307473526,0.5171775791066799,0.09786104187876496,0.0
2021-05-09 05:50:00,0.1304044630404463,0.3458167330677291,0.3953834698436334,0.36511337261203347,0.537226315582835,0.9993318485523385,0.5,0.29138533057747873,0.2291706776013128,0.49552200307473526,0.5171775791066799,0.09786104187876496,0.0
2021-05-09 06:00:00,0.10599721059972106,0.22071713147410343,0.3918093819806401,0.36225673986788065,0.537226315582835,0.9993318485523385,0.5,0.2676571088941684,0.2858764335200147,0.5494393103746508,0.48546169158787883,0.11645499257742897,0.0
2021-05-09 06:10:00,0.09344490934449094,0.095617529880478,0.3927029039463885,0.35797179075165153,0.537226315582835,0.9993318485523385,0.5,0.2676571088941684,0.2858764335200147,0.5494393103746508,0.48546169158787883,0.11645499257742897,0.0
2021-05-09 06:20:00,0.10111576011157601,-0.7211155378486056,0.3953834698436334,0.3554722371005179,0.537226315582835,0.9993318485523385,0.5,0.2676571088941684,0.2858764335200147,0.5494393103746508,0.48546169158787883,0.11645499257742897,0.0
2021-05-09 06:30:00,0.1094839609483961,-0.6458610004426737,0.3876396128071482,0.3540439207284414,0.537226315582835,0.9993318485523385,0.5,0.2676571088941684,0.2858764335200147,0.5494393103746508,0.48546169158787883,0.11645499257742897,0.0
2021-05-09 06:40:00,0.12133891213389121,-0.5706064630367419,0.38644825018615014,0.3486877343331549,0.537226315582835,0.9993318485523385,0.5,0.2676571088941684,0.2858764335200147,0.5494393103746508,0.48546169158787883,0.11645499257742897,0.0
2021-05-09 06:50:00,0.11297071129707113,-0.4953519256308101,0.3846612062546535,0.3444027852169256,0.537226315582835,0.9993318485523385,0.5,0.2676571088941684,0.2858764335200147,0.5494393103746508,0.48546169158787883,0.11645499257742897,0.0
2021-05-09 07:00:00,0.10111576011157601,-0.4200973882248783,0.3804914370811614,0.34333154793786824,0.537226315582835,0.9993318485523385,0.5,0.26020639558832004,0.3023904691572292,0.5730531147007117,0.4075575674526661,0.15217385445479323,0.0
2021-05-09 07:10:00,0.11227336122733612,-0.3448428508189465,0.3846612062546535,0.34226031065881113,0.537226315582835,0.9993318485523385,0.5,0.26020639558832004,0.3023904691572292,0.5730531147007117,0.4075575674526661,0.15217385445479323,0.0
2021-05-09 07:20:00,0.11924686192468618,-0.2695883134130147,0.38585256887565134,0.33976075700767727,0.537226315582835,0.9993318485523385,0.5,0.26020639558832004,0.3023904691572292,0.5730531147007117,0.4075575674526661,0.15217385445479323,0.0
2021-05-09 07:30:00,0.1617852161785216,-0.1943337760070829,0.38972449739389403,0.34333154793786824,0.537226315582835,0.9993318485523385,0.5,0.26020639558832004,0.3023904691572292,0.5730531147007117,0.4075575674526661,0.15217385445479323,0.0
2021-05-09 07:40:00,0.1680613668061367,-0.119079238601151,0.3953834698436334,0.3411890733797538,0.5591865045608616,0.9712694877505568,0.5,0.26020639558832004,0.3023904691572292,0.5730531147007117,0.4075575674526661,0.15217385445479323,0.0
2021-05-09 07:50:00,0.1799163179916318,-0.043824701195219196,0.40193596425912137,0.3426173897518301,0.5858318828440932,0.26247216035634746,0.5,0.26020639558832004,0.3023904691572292,0.5730531147007117,0.4075575674526661,0.15217385445479323,0.0008977473331623338
2021-05-09 08:00:00,0.05718270571827057,-0.038069942452412686,0.4072970960536113,0.3726120335654348,0.6085511248380469,0.8527839643652562,0.5,0.25747854645901924,0.30694497524475217,0.5415637728571362,0.3654492227258484,0.16186485743112328,0.0
2021-05-09 08:10:00,0.08437935843793584,-0.032315183709606066,0.41414743112434826,0.36761292626316733,0.6085511248380469,0.9995545657015591,0.5,0.25747854645901924,0.30694497524475217,0.5415637728571362,0.3654492227258484,0.16186485743112328,0.0
2021-05-09 08:20:00,0.0599721059972106,-0.026560424966799556,0.41682799702159334,0.36511337261203347,0.6085511248380469,0.9995545657015591,0.5,0.25747854645901924,0.30694497524475217,0.5415637728571362,0.3654492227258484,0.16186485743112328,0.0
2021-05-09 08:30:00,0.08926080892608089,-0.020805666223993047,0.42040208488458664,0.36725584717014814,0.6085511248380469,0.9995545657015591,0.5,0.25747854645901924,0.30694497524475217,0.5415637728571362,0.3654492227258484,0.16186485743112328,0.0
2021-05-09 08:40:00,0.100418410041841,-0.015050907481186426,0.4263588979895754,0.3683270844492055,0.6085511248380469,0.9995545657015591,0.5,0.25747854645901924,0.30694497524475217,0.5415637728571362,0.3654492227258484,0.16186485743112328,0.0
2021-05-09 08:50:00,0.0815899581589958,-0.009296148738379806,0.42874162323157106,0.36511337261203347,0.6085511248380469,0.9995545657015591,0.5,0.25747854645901924,0.30694497524475217,0.5415637728571362,0.3654492227258484,0.16186485743112328,0.0
2021-05-09 09:00:00,0.0885634588563459,-0.0035413899955734074,0.4346984363365598,0.36511337261203347,0.6085511248380469,0.9995545657015591,0.5,0.27224966255011696,0.31658845942754094,0.4903733496568473,0.4320434010515671,0.15797933192789082,0.0
2021-05-09 09:10:00,0.06694560669456066,0.002213368747233213,0.43708116157855526,0.36511337261203347,0.6085511248380469,0.9995545657015591,0.5,0.27224966255011696,0.31658845942754094,0.4903733496568473,0.4320434010515671,0.15797933192789082,0.0
2021-05-09 09:20:00,0.06834030683403068,0.007968127490039834,0.4433358153387934,0.3654704517050529,0.6085511248380469,0.9995545657015591,0.5,0.27224966255011696,0.31658845942754094,0.4903733496568473,0.4320434010515671,0.15797933192789082,0.0
2021-05-09 09:30:00,0.058577405857740586,0.013722886232846232,0.44899478778853297,0.36868416354222466,0.6085511248380469,0.9995545657015591,0.5,0.27224966255011696,0.31658845942754094,0.4903733496568473,0.4320434010515671,0.15797933192789082,0.0
2021-05-09 09:40:00,0.0599721059972106,0.019477644975652852,0.45614296351451955,0.37546866630958764,0.6085511248380469,0.9995545657015591,0.5,0.27224966255011696,0.31658845942754094,0.4903733496568473,0.4320434010515671,0.15797933192789082,0.0
2021-05-09 09:50:00,0.04672245467224547,0.025232403718459473,0.4623976172747577,0.38189608998393165,0.6085511248380469,0.9995545657015591,0.5,0.27224966255011696,0.31658845942754094,0.4903733496568473,0.4320434010515671,0.15797933192789082,0.0
2021-05-09 10:00:00,0.06555090655509065,0.03098716246126587,0.4704393149664927,0.38832351365827544,0.6085511248380469,0.9995545657015591,0.5,0.47434690481661956,0.3186114072418072,0.3487957794230642,0.4304049258711493,0.15936540529099338,0.0
2021-05-09 10:10:00,0.045327754532775454,0.03674192120407249,0.4844378257632167,0.3954650955186574,0.6085511248380469,0.9995545657015591,0.5,0.47434690481661956,0.3186114072418072,0.3487957794230642,0.4304049258711493,0.15936540529099338,0.0
2021-05-09 10:20:00,0.07252440725244073,0.04249667994687889,0.4918838421444527,0.4033208355650777,0.6085511248380469,0.9995545657015591,0.5,0.47434690481661956,0.3186114072418072,0.3487957794230642,0.4304049258711493,0.15936540529099338,0.0
2021-05-09 10:30:00,0.0794979079497908,0.04825143868968551,0.49635145197319397,0.40439207284413503,0.6085511248380469,0.9995545657015591,0.5,0.47434690481661956,0.3186114072418072,0.3487957794230642,0.4304049258711493,0.15936540529099338,0.0
2021-05-09 10:40:00,0.04184100418410042,0.05400619743249213,0.5032017870439314,0.4097482592394215,0.6085511248380469,0.9995545657015591,0.5,0.47434690481661956,0.3186114072418072,0.3487957794230642,0.4304049258711493,0.15936540529099338,0.0
2021-05-09 10:50:00,0.05439330543933055,0.05976095617529875,0.5133283693224122,0.41831815747187995,0.6085511248380469,0.9995545657015591,0.5,0.47434690481661956,0.3186114072418072,0.3487957794230642,0.4304049258711493,0.15936540529099338,0.0
2021-05-09 11:00:00,0.058577405857740586,0.07746790615316512,0.5201787043931496,0.4251026602392429,0.6085511248380469,0.9995545657015591,0.5,0.4910071732489545,0.32084986796242726,0.3091512749194509,0.3452489865844633,0.18160576744748091,0.0
2021-05-09 11:10:00,0.038354253835425386,0.09517485613103127,0.5285182427401338,0.42938760935547227,0.6085511248380469,0.9995545657015591,0.5,0.4910071732489545,0.32084986796242726,0.3091512749194509,0.3452489865844633,0.18160576744748091,0.0
2021-05-09 11:20:00,0.03695955369595537,0.11288180610889764,0.5410275502606106,0.4386716657739689,0.6085511248380469,0.9995545657015591,0.5,0.4910071732489545,0.32084986796242726,0.3091512749194509,0.3452489865844633,0.18160576744748091,0.0
2021-05-09 11:30:00,0.045327754532775454,0.130588756086764,0.5544303797468353,0.449384038564542,0.6085511248380469,0.9995545657015591,0.5,0.4910071732489545,0.32084986796242726,0.3091512749194509,0.3452489865844633,0.18160576744748091,0.0
2021-05-09 11:40:00,0.05718270571827057,0.14829570606463038,0.5639612807148173,0.4611676486341725,0.6085511248380469,0.9995545657015591,0.5,0.4910071732489545,0.32084986796242726,0.3091512749194509,0.3452489865844633,0.18160576744748091,0.0
2021-05-09 11:50:00,0.055090655509065556,0.16600265604249653,0.5731943410275502,0.4718800214247456,0.6085511248380469,0.9995545657015591,0.5,0.4910071732489545,0.32084986796242726,0.3091512749194509,0.3452489865844633,0.18160576744748091,0.0
2021-05-09 12:00:00,0.05230125523012552,0.1837096060203629,0.58391660461653,0.4811640778432422,0.6085511248380469,0.9995545657015591,0.5,0.5001271419770976,0.30875241015266885,0.28220289321350417,0.2321909715661877,0.24036957205480985,0.0
2021-05-09 12:10:00,0.05090655509065551,0.20141655599822927,0.596723752792256,0.4918764506338156,0.6085511248380469,0.9995545657015591,0.5,0.5001271419770976,0.30875241015266885,0.28220289321350417,0.2321909715661877,0.24036957205480985,0.0
2021-05-09 12:20:00,0.09344490934449094,0.21912350597609564,0.6074460163812359,0.5015175861453312,0.6085511248380469,0.9995545657015591,0.5,0.5001271419770976,0.30875241015266885,0.28220289321350417,0.2321909715661877,0.24036957205480985,0.0
2021-05-09 12:30:00,0.16945606694560672,0.2332890659583886,0.6125093075204764,0.5040171397964648,0.6085511248380469,0.9995545657015591,0.5,0.5001271419770976,0.30875241015266885,0.28220289321350417,0.2321909715661877,0.24036957205480985,0.0
2021-05-09 12:40:00,0.14644351464435149,0.24745462594068157,0.6125093075204764,0.5033029816104269,0.6531912944471345,0.9995545657015591,0.5,0.5001271419770976,0.30875241015266885,0.28220289321350417,0.2321909715661877,0.24036957205480985,0.0
2021-05-09 12:50:00,0.11227336122733612,0.26162018592297454,0.6134028294862248,0.5150865916800571,0.6913664262998782,0.9995545657015591,0.5,0.5001271419770976,0.30875241015266885,0.28220289321350417,0.2321909715661877,0.24036957205480985,0.0
2021-05-09 13:00:00,0.09065550906555091,0.2757857459052675,0.6166790766939687,0.5236564899125158,0.6913664262998782,0.9995545657015591,0.5,0.5924670046224045,0.2937383443436477,0.20600421758412246,0.1623329610960909,0.31643163961203585,0.0
2021-05-09 13:10:00,0.1589958158995816,0.2899513058875609,0.6259121370067011,0.5290126763078022,0.6913664262998782,0.9995545657015591,0.5,0.5924670046224045,0.2937383443436477,0.20600421758412246,0.1623329610960909,0.31643163961203585,0.0
2021-05-09 13:20:00,0.06694560669456066,0.30411686586985387,0.629784065524944,0.5297268344938404,0.6913664262998782,0.9995545657015591,0.5,0.5924670046224045,0.2937383443436477,0.20600421758412246,0.1623329610960909,0.31643163961203585,0.0
2021-05-09 13:30:00,0.10181311018131102,0.31828242585214683,0.6303797468354431,0.5357971790751652,0.6913664262998782,0.9995545657015591,0.5,0.5924670046224045,0.2937383443436477,0.20600421758412246,0.1623329610960909,0.31643163961203585,0.0
2021-05-09 13:40:00,0.17782426778242677,0.3324479858344398,0.6303797468354431,0.5386538118193178,0.6950046459279424,0.9995545657015591,0.5,0.5924670046224045,0.2937383443436477,0.20600421758412246,0.1623329610960909,0.31643163961203585,0.0
2021-05-09 13:50:00,0.19525801952580193,0.346613545816733,0.6300819061801934,0.535440099982146,0.7867322767664341,0.29053452115812917,0.5,0.5924670046224045,0.2937383443436477,0.20600421758412246,0.1623329610960909,0.31643163961203585,0.00988276476002233
2021-05-09 14:00:00,0.13389121338912133,0.06772908366533859,0.6259121370067011,0.5290126763078022,0.7809477693002317,0.05489977728285078,0.5,0.6083374051896739,0.2717330398526456,0.188736572445041,0.10052173331110859,0.4320498334812238,0.0
2021-05-09 14:10:00,0.060669456066945605,-0.36254980079681276,0.6172747580044673,0.5343688627030887,0.7989163863841594,0.9887527839643654,0.5,0.6083374051896739,0.2717330398526456,0.188736572445041,0.10052173331110859,0.4320498334812238,0.0
2021-05-09 14:20:00,0.05439330543933055,0.18326693227091617,0.6241250930752047,0.5415104445634709,0.7989163863841594,0.9993318485523385,0.5,0.6083374051896739,0.2717330398526456,0.188736572445041,0.10052173331110859,0.4320498334812238,0.0
2021-05-09 14:30:00,0.14853556485355648,0.7290836653386452,0.6279970215934472,0.5468666309587575,0.7989163863841594,0.9993318485523385,0.5,0.6083374051896739,0.2717330398526456,0.188736572445041,0.10052173331110859,0.4320498334812238,0.0
2021-05-09 14:40:00,0.2398884239888424,0.6972111553784857,0.6274013402829486,0.5457953936797,0.7645365196110508,0.9993318485523385,0.5,0.6083374051896739,0.2717330398526456,0.188736572445041,0.10052173331110859,0.4320498334812238,0.0
2021-05-09 14:50:00,0.1499302649930265,0.6653386454183265,0.6294862248696946,0.5632922692376363,0.5431286071377157,0.9993318485523385,0.5,0.6083374051896739,0.2717330398526456,0.188736572445041,0.10052173331110859,0.4320498334812238,0.0
2021-05-09 15:00:00,0.10390516039051603,0.6334661354581672,0.6303797468354431,0.5850740939118015,0.45534019970946593,0.9993318485523385,0.5,0.6213740939216326,0.2633970006350451,0.18038281886745605,0.11827369076792725,0.8072853084815588,0.0
2021-05-09 15:10:00,0.1094839609483961,0.6015936254980081,0.6303797468354431,0.5772183538653812,0.45534019970946593,0.9993318485523385,0.5,0.6213740939216326,0.2633970006350451,0.18038281886745605,0.11827369076792725,0.8072853084815588,0.0
2021-05-09 15:20:00,0.15271966527196654,0.5697211155378485,0.6303797468354431,0.5718621674700946,0.45534019970946593,0.9993318485523385,0.5,0.6213740939216326,0.2633970006350451,0.18038281886745605,0.11827369076792725,0.8072853084815588,0.0
2021-05-09 15:30:00,0.21199442119944212,0.537848605577689,0.6303797468354431,0.5650776647027316,0.40495478399706847,0.8007795100222717,0.5,0.6213740939216326,0.2633970006350451,0.18038281886745605,0.11827369076792725,0.8072853084815588,0.00857763628408045
2021-05-09 15:40:00,0.299860529986053,0.5059760956175297,0.6294862248696946,0.5447241564006426,0.38456504953475285,0.00011135857461024499,0.5,0.6213740939216326,0.2633970006350451,0.18038281886745605,0.11827369076792725,0.8072853084815588,0.13162937368921346
2021-05-09 15:50:00,0.10808926080892609,0.15537848605577675,0.6321667907669395,0.5282985181217639,0.40822656423813325,0.2611358574610245,0.5,0.6213740939216326,0.2633970006350451,0.18038281886745605,0.11827369076792725,0.8072853084815588,0.007725153522338066
2021-05-09 16:00:00,0.16248256624825663,0.13375071143995432,0.6238272524199551,0.5343688627030887,0.40822656423813325,0.9995545657015591,0.5,0.6330998061184907,0.24705537532291189,0.16870475985399638,0.23850787647379,0.8172430065118742,0.0
2021-05-09 16:10:00,0.11785216178521618,0.1121229368241321,0.6187639612807148,0.5293697554008212,0.40822656423813325,0.9995545657015591,0.5,0.6330998061184907,0.24705537532291189,0.16870475985399638,0.23850787647379,0.8172430065118742,0.0
2021-05-09 16:20:00,0.08437935843793584,0.09049516220830944,0.6220402084884586,0.5290126763078022,0.40822656423813325,0.9995545657015591,0.5,0.6330998061184907,0.24705537532291189,0.16870475985399638,0.23850787647379,0.8172430065118742,0.0
2021-05-09 16:30:00,0.08228730822873082,0.06886738759248723,0.6241250930752047,0.5297268344938404,0.40822656423813325,0.9995545657015591,0.5,0.6330998061184907,0.24705537532291189,0.16870475985399638,0.23850787647379,0.8172430065118742,0.0
2021-05-09 16:40:00,0.06694560669456066,0.04723961297666457,0.6226358897989572,0.5311551508659167,0.40822656423813325,0.9995545657015591,0.5,0.6330998061184907,0.24705537532291189,0.16870475985399638,0.23850787647379,0.8172430065118742,0.0
2021-05-09 16:50:00,0.2301255230125523,0.025611838360842132,0.6274013402829486,0.5297268344938404,0.3981494810956538,0.8887527839643653,0.5,0.6330998061184907,0.24705537532291189,0.16870475985399638,0.23850787647379,0.8172430065118742,0.0
2021-05-09 17:00:00,0.2712691771269177,0.003984063745019917,0.6229337304542069,0.5257989644706302,0.39534883720930236,0.013028953229398663,0.5,0.6363894880400824,0.24511001215492845,0.1667043938684357,0.31795260901261063,0.7972925032823848,0.10373885359928783
2021-05-09 17:10:00,0.22524407252440726,0.13147410358565725,0.6265078183172001,0.5211569362613819,0.38328251168025546,0.0034521158129175947,0.5,0.6363894880400824,0.24511001215492845,0.1667043938684357,0.31795260901261063,0.7972925032823848,0.07103520074837424
2021-05-09 17:20:00,0.3417015341701534,0.11553784860557759,0.6274013402829486,0.5357971790751652,0.41605266257476015,0.00022271714922048998,0.5,0.6363894880400824,0.24511001215492845,0.1667043938684357,0.31795260901261063,0.7972925032823848,0.18169198967967773
2021-05-09 17:30:00,0.3410041841004184,0.019920318725099362,0.6005956813104989,0.5211569362613819,0.40232427268325244,0.00011135857461024499,0.5,0.6363894880400824,0.24511001215492845,0.1667043938684357,0.31795260901261063,0.7972925032823848,0.2367261644310998
2021-05-09 17:40:00,0.4511854951185495,-0.12350597609561753,0.5690245718540579,0.4825923942153185,0.39643506824933583,0.00011135857461024499,0.5,0.6363894880400824,0.24511001215492845,0.1667043938684357,0.31795260901261063,0.7972925032823848,0.3637989045973717
2021-05-09 17:50:00,0.4421199442119944,0.027888446215139417,0.5562174236783319,0.4690233886805928,0.3995890644017223,0.00011135857461024499,0.5,0.6363894880400824,0.24511001215492845,0.1667043938684357,0.31795260901261063,0.7972925032823848,0.3484240385050621
2021-05-09 18:00:00,0.4435146443514645,0.019920318725099362,0.548771407297096,0.46616675593643975,0.3908468675975972,0.00011135857461024499,0.5,0.562102351959811,0.26460099940518544,0.22373207117772403,0.3630114133001776,0.7291957416940109,0.3684234349774432
2021-05-09 18:10:00,0.4086471408647141,0.06772908366533859,0.5460908413998509,0.4608105695411533,0.4046145188519978,0.00011135857461024499,0.5,0.562102351959811,0.26460099940518544,0.22373207117772403,0.3630114133001776,0.7291957416940109,0.2876337190880698
2021-05-09 18:20:00,0.3807531380753138,-0.02788844621513953,0.5443037974683544,0.4611676486341725,0.4176754655743283,0.00011135857461024499,0.5,0.562102351959811,0.26460099940518544,0.22373207117772403,0.3630114133001776,0.7291957416940109,0.24107910738265162
2021-05-09 18:30:00,0.2894002789400279,0.003984063745019917,0.543410275502606,0.4590251740760578,0.42737302220884427,0.00011135857461024499,0.5,0.562102351959811,0.26460099940518544,0.22373207117772403,0.3630114133001776,0.7291957416940109,0.13734025378336379
2021-05-09 18:40:00,0.1792189679218968,0.09163346613545809,0.5410275502606106,0.46473843956436345,0.41902343903364697,0.00011135857461024499,0.5,0.562102351959811,0.26460099940518544,0.22373207117772403,0.3630114133001776,0.7291957416940109,0.053027445418470966
2021-05-09 18:50:00,0.14295676429567641,0.6653386454183265,0.5383469843633655,0.4704517050526693,0.4275693290233082,0.00011135857461024499,0.5,0.562102351959811,0.26460099940518544,0.22373207117772403,0.3630114133001776,0.7291957416940109,0.0322510071367141
2021-05-09 19:00:00,0.10320781032078104,0.2788844621513944,0.5392405063291137,0.48044991965720407,0.44281582494667,0.6535634743875278,0.5,0.5621104901136438,0.27150028591378866,0.20998668832144643,0.39312339769902466,0.7364010935936313,0.0
2021-05-09 19:10:00,0.09553695955369597,-0.10756972111553798,0.5541325390915859,0.49044813426173883,0.44281582494667,0.9995545657015591,0.5,0.5621104901136438,0.27150028591378866,0.20998668832144643,0.39312339769902466,0.7364010935936313,0.0
2021-05-09 19:20:00,0.12203626220362622,-0.8804780876494024,0.5630677587490691,0.5022317443313695,0.44281582494667,0.9995545657015591,0.5,0.5621104901136438,0.27150028591378866,0.20998668832144643,0.39312339769902466,0.7364010935936313,0.0
2021-05-09 19:30:00,0.29776847977684795,-0.7529880478087649,0.568428890543559,0.5040171397964648,0.36468571279004325,0.5650334075723831,0.5,0.5621104901136438,0.27150028591378866,0.20998668832144643,0.39312339769902466,0.7364010935936313,0.001893567904401225
2021-05-09 19:40:00,0.19107391910739194,-0.6254980079681276,0.5752792256142962,0.5282985181217639,0.2716624569760898,0.7321826280623608,0.5,0.5621104901136438,0.27150028591378866,0.20998668832144643,0.39312339769902466,0.7364010935936313,0.0
2021-05-09 19:50:00,0.22524407252440726,-0.49800796812749004,0.5702159344750557,0.535440099982146,0.15152268652419154,0.2822939866369711,0.5,0.5621104901136438,0.27150028591378866,0.20998668832144643,0.39312339769902466,0.7364010935936313,0.060729966655099055
2021-05-09 20:00:00,0.16875871687587168,0.2589641434262948,0.5541325390915859,0.5236564899125158,0.1521770425724045,0.00011135857461024499,0.5,0.5670532178560435,0.2570494271666963,0.20854468492206704,0.3935374668332409,0.7310716823680067,0.05360834075169365
2021-05-09 20:10:00,0.12203626220362622,0.25099601593625476,0.5213700670141472,0.4847348687734334,0.1717161141720433,0.00011135857461024499,0.5,0.5670532178560435,0.2570494271666963,0.20854468492206704,0.3935374668332409,0.7310716823680067,0.013835870664031262
2021-05-09 20:20:00,0.2377963737796374,0.5099601593625496,0.5133283693224122,0.47759328691305103,0.17543285652589288,0.7583518930957683,0.5,0.5670532178560435,0.2570494271666963,0.20854468492206704,0.3935374668332409,0.7310716823680067,0.0
2021-05-09 20:30:00,0.20781032078103207,0.7689243027888444,0.5314966492926283,0.48866273879664335,0.25464919972255307,0.3729398663697105,0.5,0.5670532178560435,0.2570494271666963,0.20854468492206704,0.3935374668332409,0.7310716823680067,0.02025589571042745
2021-05-09 20:40:00,0.1882845188284519,0.10756972111553775,0.5472822040208485,0.5272272808427065,0.27472484328172647,0.00011135857461024499,0.5,0.5670532178560435,0.2570494271666963,0.20854468492206704,0.3935374668332409,0.7310716823680067,0.03818066599272749
2021-05-09 20:50:00,0.23291492329149233,-0.36254980079681276,0.5451973194341024,0.5472237100517765,0.23405007132480926,0.00011135857461024499,0.5,0.5670532178560435,0.2570494271666963,0.20854468492206704,0.3935374668332409,0.7310716823680067,0.09140425788735157
2021-05-09 21:00:00,0.1806136680613668,-0.2270916334661356,0.5157110945644079,0.49866095340117833,0.21351637853188676,0.00011135857461024499,0.5,0.5895600160495065,0.27432494173967775,0.19375232466140316,0.34194046571234654,0.6994776614964078,0.0517374051330024
2021-05-09 21:10:00,0.2705718270571827,-0.3784860557768924,0.5040953090096798,0.46152472772719166,0.20451243930847654,0.00011135857461024499,0.5,0.5895600160495065,0.27432494173967775,0.19375232466140316,0.34194046571234654,0.6994776614964078,0.11956636540579689
2021-05-09 21:20:00,0.2280334728033473,-0.33067729083665354,0.4966492926284436,0.43902874486698806,0.19166088652157415,0.00011135857461024499,0.5,0.5895600160495065,0.27432494173967775,0.19375232466140316,0.34194046571234654,0.6994776614964078,0.08579145103127782
2021-05-09 21:30:00,0.14853556485355648,-0.23505976095617542,0.4939687267311985,0.42331726477414744,0.19735378414102683,0.00011135857461024499,0.5,0.5895600160495065,0.27432494173967775,0.19375232466140316,0.34194046571234654,0.6994776614964078,0.035638305897973656
2021-05-09 21:40:00,0.10529986052998605,0.2589641434262948,0.4933730454206997,0.43117300482056775,0.20812448469461203,0.00011135857461024499,0.5,0.5895600160495065,0.27432494173967775,0.19375232466140316,0.34194046571234654,0.6994776614964078,0.008207975617484197
2021-05-09 21:50:00,0.11785216178521618,0.6653386454183265,0.4957557706626954,0.44224245670416007,0.22257266623915403,0.00011135857461024499,0.5,0.5895600160495065,0.27432494173967775,0.19375232466140316,0.34194046571234654,0.6994776614964078,0.015510659806569398
2021-05-09 22:00:00,0.3096234309623431,-0.23505976095617542,0.49099032017870425,0.44188537761114066,0.23661514703380404,0.00011135857461024499,0.5,0.5381298188960595,0.2780346372343096,0.19836113035515437,0.316842180468048,0.6549053319893489,0.1686784253964422
2021-05-09 22:10:00,0.2754532775453278,-0.26693227091633476,0.48056589724497356,0.4165327620067847,0.22719241993953754,0.00011135857461024499,0.5,0.5381298188960595,0.2780346372343096,0.19836113035515437,0.316842180468048,0.6549053319893489,0.1265371094044691
2021-05-09 22:20:00,0.21478382147838215,0.05976095617529875,0.47103499627699175,0.40082128191394384,0.22719241993953754,0.00011135857461024499,0.5,0.5381298188960595,0.2780346372343096,0.19836113035515437,0.316842180468048,0.6549053319893489,0.07904702988970533
2021-05-09 22:30:00,0.29009762900976294,-0.11553784860557781,0.4620997766195085,0.3908230673094091,0.21653950347463063,0.00011135857461024499,0.5,0.5381298188960595,0.2780346372343096,0.19836113035515437,0.316842180468048,0.6549053319893489,0.14556331759132127
2021-05-09 22:40:00,0.28103207810320785,-0.1394422310756973,0.46001489203276225,0.38296732726298877,0.20907984452500297,0.00011135857461024499,0.5,0.5381298188960595,0.2780346372343096,0.19836113035515437,0.316842180468048,0.6549053319893489,0.13520527483138947
2021-05-09 22:50:00,0.2601115760111576,-0.3067729083665339,0.45346239761727447,0.38153901089091224,0.20262789388962324,0.00011135857461024499,0.5,0.5381298188960595,0.2780346372343096,0.19836113035515437,0.316842180468048,0.6549053319893489,0.10482520331336662
2021-05-09 23:00:00,0.18898186889818688,-0.5378486055776892,0.4457185405807891,0.37832529905374046,0.17570768606614234,0.00011135857461024499,0.5,0.4775063429237918,0.29101426120739016,0.2379271369162635,0.3222081819374904,0.6418342952794763,0.05714652141768638
2021-05-09 23:10:00,0.22175732217573224,0.019920318725099362,0.4427401340282946,0.37046955900732037,0.17068223161586685,0.00011135857461024499,0.5,0.4775063429237918,0.29101426120739016,0.2379271369162635,0.3222081819374904,0.6418342952794763,0.08438070522202272
2021-05-09 23:20:00,0.29497907949790797,0.3306772908366533,0.442144452717796,0.36225673986788065,0.18800957977254584,0.00011135857461024499,0.5,0.4775063429237918,0.29101426120739016,0.2379271369162635,0.3222081819374904,0.6418342952794763,0.1442581891153794
2021-05-09 23:30:00,0.298465829846583,-0.17928286852589637,0.43708116157855526,0.3519014461703267,0.1968041250605279,0.00011135857461024499,0.5,0.4775063429237918,0.29101426120739016,0.2379271369162635,0.3222081819374904,0.6418342952794763,0.14652896178161354
2021-05-09 23:40:00,0.3075313807531381,-0.10756972111553798,0.43767684288905406,0.3490448134261739,0.1913860569813247,0.00011135857461024499,0.5,0.4775063429237918,0.29101426120739016,0.2379271369162635,0.3222081819374904,0.6418342952794763,0.15182491663774764
2021-05-09 23:50:00,0.2684797768479777,-0.15537848605577698,0.4379746835443037,0.34975897161221203,0.19043069715093378,0.00011135857461024499,0.5,0.4775063429237918,0.29101426120739016,0.2379271369162635,0.3222081819374904,0.6418342952794763,0.11319914902605732
2021-05-10 00:00:00,0.18340306834030684,-0.3944223107569722,0.43291139240506316,0.34975897161221203,0.17085236418840222,0.00011135857461024499,0.5,0.46455927394326557,0.279824831109719,0.2477218793802391,0.3023413528164464,0.6429903704625647,0.05642228827496719
2021-05-10 00:10:00,0.16596931659693165,0.6095617529880477,0.4278481012658226,0.3554722371005179,0.15444111449922132,0.00011135857461024499,0.5,0.46455927394326557,0.279824831109719,0.2477218793802391,0.3023413528164464,0.6429903704625647,0.05070386408558021
2021-05-10 00:20:00,0.1492329149232915,0.15537848605577675,0.4278481012658226,0.3536868416354222,0.166245697608983,0.00011135857461024499,0.5,0.46455927394326557,0.279824831109719,0.2477218793802391,0.3023413528164464,0.6429903704625647,0.038723840849766884
2021-05-10 00:30:00,0.11645746164574616,0.5378486055776892,0.42546537602382717,0.3536868416354222,0.166245697608983,0.00011135857461024499,0.5,0.46455927394326557,0.279824831109719,0.2477218793802391,0.3023413528164464,0.6429903704625647,0.019139369615402028
2021-05-10 00:40:00,0.09832635983263598,0.5617529880478087,0.42516753536857754,0.35904302803070887,0.166245697608983,0.00011135857461024499,0.5,0.46455927394326557,0.279824831109719,0.2477218793802391,0.3023413528164464,0.6429903704625647,0.0011693347616820316
2021-05-10 00:50:00,0.10529986052998605,0.09163346613545809,0.42516753536857754,0.36511337261203347,0.166245697608983,0.00011135857461024499,0.5,0.46455927394326557,0.279824831109719,0.2477218793802391,0.3023413528164464,0.6429903704625647,0.005891938379830107
2021-05-10 01:00:00,0.11087866108786612,-0.33864541832669326,0.41861504095308977,0.37082663810033933,0.14954653125858844,0.00011135857461024499,0.5,0.3804599257626935,0.2758421526003785,0.3051042557932179,0.27651399850836056,0.6499857156756731,0.007951476379437813
2021-05-10 01:10:00,0.10808926080892609,0.2350597609561753,0.4153387937453461,0.3890376718443136,0.16655978851212522,0.00011135857461024499,0.5,0.3804599257626935,0.2758421526003785,0.3051042557932179,0.27651399850836056,0.6499857156756731,0.012772153235662448
2021-05-10 01:20:00,0.14504881450488147,-0.02788844621513953,0.4084884586746089,0.36761292626316733,0.1565612280954313,0.00011135857461024499,0.5,0.3804599257626935,0.2758421526003785,0.3051042557932179,0.27651399850836056,0.6499857156756731,0.042601505801409235
2021-05-10 01:30:00,0.14783821478382148,-0.0916334661354582,0.4069992553983617,0.35440099982146056,0.16341887948070305,0.00011135857461024499,0.5,0.3804599257626935,0.2758421526003785,0.3051042557932179,0.27651399850836056,0.6499857156756731,0.044706308372436894
2021-05-10 01:40:00,0.20641562064156208,-0.4661354581673308,0.40491437081161563,0.3472594179610784,0.15280522437868893,0.00011135857461024499,0.5,0.3804599257626935,0.2758421526003785,0.3051042557932179,0.27651399850836056,0.6499857156756731,0.06846266427267378
2021-05-10 01:50:00,0.1924686192468619,-0.7609561752988048,0.4025316455696202,0.3329762542403143,0.1517320804596197,0.00011135857461024499,0.5,0.3804599257626935,0.2758421526003785,0.3051042557932179,0.27651399850836056,0.6499857156756731,0.06155227303589481
2021-05-10 02:00:00,0.20013947001394702,0.3306772908366533,0.3992553983618763,0.3265488305659703,0.13630236484275823,0.00011135857461024499,0.5,0.3529940901660751,0.27616111170177604,0.31033965007164366,0.2461282493179589,0.6847489160850221,0.06939058798678276
2021-05-10 02:10:00,0.14504881450488147,0.4422310756972112,0.39806403574087845,0.32440635600785583,0.14442946696156314,0.00011135857461024499,0.5,0.3529940901660751,0.27616111170177604,0.31033965007164366,0.2461282493179589,0.6847489160850221,0.04605670141979872
2021-05-10 02:20:00,0.18758716875871687,-0.08366533864541836,0.39806403574087845,0.32262096054276035,0.15267435316904635,0.00011135857461024499,0.5,0.3529940901660751,0.27616111170177604,0.31033965007164366,0.2461282493179589,0.6847489160850221,0.05795373960800881
2021-05-10 02:30:00,0.20292887029288703,0.08366533864541825,0.39806403574087845,0.3144081414033211,0.15267435316904635,0.00011135857461024499,0.5,0.3529940901660751,0.27616111170177604,0.31033965007164366,0.2461282493179589,0.6847489160850221,0.0640493685592287
2021-05-10 02:40:00,0.18479776847977683,0.1394422310756971,0.3953834698436334,0.30833779682199625,0.15267435316904635,0.00011135857461024499,0.5,0.3529940901660751,0.27616111170177604,0.31033965007164366,0.2461282493179589,0.6847489160850221,0.05997555713143323
2021-05-10 02:50:00,0.20362622036262204,-0.33864541832669326,0.3953834698436334,0.3072665595429387,0.15267435316904635,0.00011135857461024499,0.5,0.3529940901660751,0.27616111170177604,0.31033965007164366,0.2461282493179589,0.6847489160850221,0.0678817689394511
2021-05-10 03:00:00,0.18688981868898188,-0.3227091633466136,0.3953834698436334,0.3044099267987861,0.15267435316904635,0.00011135857461024499,0.5,0.35023368842144165,0.26775036134330504,0.32277250674873065,0.23730883894266727,0.7362404828045742,0.05754635846522927
2021-05-10 03:10:00,0.17573221757322177,-0.12350597609561753,0.39061801935964247,0.3044099267987861,0.1413016450511052,0.00011135857461024499,0.5,0.35023368842144165,0.26775036134330504,0.32277250674873065,0.23730883894266727,0.7362404828045742,0.06617680341596632
2021-05-10 03:20:00,0.23709902370990238,0.5219123505976095,0.3888309754281456,0.30191037314765223,0.13617149363311568,0.00011135857461024499,0.5,0.35023368842144165,0.26775036134330504,0.32277250674873065,0.23730883894266727,0.7362404828045742,0.10250916607571253
2021-05-10 03:30:00,0.28661087866108786,-0.29083665338645437,0.38644825018615014,0.2915550794500983,0.13617149363311568,0.00011135857461024499,0.5,0.35023368842144165,0.26775036134330504,0.32277250674873065,0.23730883894266727,0.7362404828045742,0.1273518716900282
2021-05-10 03:40:00,0.2789400278940028,-0.33864541832669326,0.38644825018615014,0.2865559721478308,0.13617149363311568,0.00011135857461024499,0.5,0.35023368842144165,0.26775036134330504,0.32277250674873065,0.23730883894266727,0.7362404828045742,0.12461336511912127
2021-05-10 03:50:00,0.2398884239888424,0.19521912350597592,0.38644825018615014,0.28405641849669716,0.1422308306395676,0.00011135857461024499,0.5,0.35023368842144165,0.26775036134330504,0.32277250674873065,0.23730883894266727,0.7362404828045742,0.10113614074264074
2021-05-10 04:00:00,0.23570432357043236,-0.4422310756972112,0.38227848101265804,0.2865559721478308,0.14996531912944472,0.00011135857461024499,0.5,0.30819218583807806,0.26866413606622946,0.36556720089652517,0.22433593543713418,0.7904943598631126,0.09823166407652731
2021-05-10 04:10:00,0.2315202231520223,-0.10756972111553798,0.3804914370811614,0.2833422603106588,0.14996531912944472,0.00011135857461024499,0.5,0.30819218583807806,0.26866413606622946,0.36556720089652517,0.22433593543713418,0.7904943598631126,0.08399595636495316
2021-05-10 04:20:00,0.22175732217573224,-0.36254980079681276,0.37870439314966475,0.28262810212462064,0.14996531912944472,0.00011135857461024499,0.5,0.30819218583807806,0.26866413606622946,0.36556720089652517,0.22433593543713418,0.7904943598631126,0.08728518188813617
2021-05-10 04:30:00,0.2085076708507671,-0.3227091633466136,0.37572598659717027,0.28262810212462064,0.14996531912944472,0.00011135857461024499,0.5,0.30819218583807806,0.26866413606622946,0.36556720089652517,0.22433593543713418,0.7904943598631126,0.0821250207462619
2021-05-10 04:40:00,0.22873082287308227,-0.07569721115537853,0.37155621742367817,0.28048562756650597,0.14996531912944472,0.00011135857461024499,0.5,0.30819218583807806,0.26866413606622946,0.36556720089652517,0.22433593543713418,0.7904943598631126,0.08710412360245635
2021-05-10 04:50:00,0.2503486750348675,-0.01195219123505975,0.37155621742367817,0.2751294411712195,0.14996531912944472,0.00011135857461024499,0.5,0.30819218583807806,0.26866413606622946,0.36556720089652517,0.22433593543713418,0.7904943598631126,0.1037992063611811
2021-05-10 05:00:00,0.22175732217573224,0.3227091633466135,0.37096053611317936,0.2719157293340475,0.14996531912944472,0.00011135857461024499,0.5,0.29263934003574765,0.2663452171939059,0.383171791161994,0.19228131586043629,0.8387284704782638,0.0886883836021546
2021-05-10 05:10:00,0.18200836820083682,0.3784860557768923,0.3679821295606849,0.2719157293340475,0.14996531912944472,0.00011135857461024499,0.5,0.29263934003574765,0.2663452171939059,0.383171791161994,0.19228131586043629,0.8387284704782638,0.06590521598744663
2021-05-10 05:20:00,0.15620641562064158,0.2749003984063745,0.3655994043186892,0.2751294411712195,0.14996531912944472,0.00011135857461024499,0.5,0.29263934003574765,0.2663452171939059,0.383171791161994,0.19228131586043629,0.8387284704782638,0.04716568341958749
2021-05-10 05:30:00,0.11506276150627615,0.4183266932270917,0.3635145197319434,0.27762899482235315,0.14996531912944472,0.00011135857461024499,0.5,0.29263934003574765,0.2663452171939059,0.383171791161994,0.19228131586043629,0.8387284704782638,0.020014484662854385
2021-05-10 05:40:00,0.09693165969316596,0.21912350597609564,0.3623231571109453,0.2847705766827351,0.14996531912944472,0.00011135857461024499,0.5,0.29263934003574765,0.2663452171939059,0.383171791161994,0.19228131586043629,0.8387284704782638,0.0034250192374428536
2021-05-10 05:50:00,0.0899581589958159,-0.2749003984063746,0.357259865971705,0.2929833958221746,0.14035937234167856,0.000556792873051225,0.5,0.29263934003574765,0.2663452171939059,0.383171791161994,0.19228131586043629,0.8387284704782638,0.0
2021-05-10 06:00:00,0.07252440725244073,-0.649402390438247,0.3545793000744599,0.29191215854311725,0.1335017209564068,0.643652561247216,0.5,0.26760010846424676,0.2819713396569612,0.40007116808616056,0.25678240183512463,0.905636339379107,0.0
2021-05-10 06:10:00,0.10669456066945607,-0.5278884462151394,0.3676842889054355,0.3001249776825565,0.1335017209564068,0.9993318485523385,0.5,0.26760010846424676,0.2819713396569612,0.40007116808616056,0.25678240183512463,0.905636339379107,0.0
2021-05-10 06:20:00,0.1199442119944212,-0.40637450199203184,0.3798957557706626,0.31297982503124455,0.1335017209564068,0.9993318485523385,0.5,0.26760010846424676,0.2819713396569612,0.40007116808616056,0.25678240183512463,0.905636339379107,0.0
2021-05-10 06:30:00,0.0899581589958159,-0.2848605577689244,0.3801935964259122,0.3104802713801109,0.1335017209564068,0.9993318485523385,0.5,0.26760010846424676,0.2819713396569612,0.40007116808616056,0.25678240183512463,0.905636339379107,0.0
2021-05-10 06:40:00,0.09414225941422595,-0.1633466135458168,0.3769173492181681,0.30619532226388135,0.1335017209564068,0.9993318485523385,0.5,0.26760010846424676,0.2819713396569612,0.40007116808616056,0.25678240183512463,0.905636339379107,0.0
2021-05-10 06:50:00,0.07810320781032079,0.14741035856573692,0.37125837676842877,0.30191037314765223,0.1335017209564068,0.9993318485523385,0.5,0.26760010846424676,0.2819713396569612,0.40007116808616056,0.25678240183512463,0.905636339379107,0.0
2021-05-10 07:00:00,0.06624825662482565,0.5776892430278884,0.36589724497393883,0.29726834493840393,0.1335017209564068,0.9993318485523385,0.5,0.2586022453966901,0.30871792808765425,0.43315659248928134,0.2500391413314415,0.9263577573347356,0.0
2021-05-10 07:10:00,0.04602510460251046,0.6653386454183265,0.3655994043186892,0.2961971076593466,0.1335017209564068,0.9993318485523385,0.5,0.2586022453966901,0.30871792808765425,0.43315659248928134,0.2500391413314415,0.9263577573347356,0.0
2021-05-10 07:20:00,0.03207810320781032,0.6392889978547349,0.3685778108711839,0.29691126584538474,0.1335017209564068,0.9993318485523385,0.5,0.2586022453966901,0.30871792808765425,0.43315659248928134,0.2500391413314415,0.9263577573347356,0.0
2021-05-10 07:30:00,0.0397489539748954,0.6132393502911428,0.37155621742367817,0.29726834493840393,0.1335017209564068,0.9993318485523385,0.5,0.2586022453966901,0.30871792808765425,0.43315659248928134,0.2500391413314415,0.9263577573347356,0.0
2021-05-10 07:40:00,0.03347280334728033,0.5871897027275512,0.3724497393894264,0.29726834493840393,0.1335017209564068,0.9993318485523385,0.5,0.2586022453966901,0.30871792808765425,0.43315659248928134,0.2500391413314415,0.9263577573347356,0.0
2021-05-10 07:50:00,0.0202231520223152,0.5611400551639594,0.37423678332092325,0.29726834493840393,0.1335017209564068,0.9993318485523385,0.5,0.2586022453966901,0.30871792808765425,0.43315659248928134,0.2500391413314415,0.9263577573347356,0.0
2021-05-10 08:00:00,0.013249651324965132,0.5350904076003677,0.3721518987341772,0.29726834493840393,0.1335017209564068,0.9993318485523385,0.5,0.25743782233676393,0.31009433718287177,0.42652979364678995,0.19446077507695067,0.905901508082772,0.0
2021-05-10 08:10:00,0.06206415620641562,0.5090407600367759,0.37453462397617265,0.29726834493840393,0.1335017209564068,0.9993318485523385,0.5,0.25743782233676393,0.31009433718287177,0.42652979364678995,0.19446077507695067,0.905901508082772,0.0
2021-05-10 08:20:00,0.03556485355648536,0.48299111247318405,0.3772151898734175,0.3026245313336904,0.1335017209564068,0.9993318485523385,0.5,0.25743782233676393,0.31009433718287177,0.42652979364678995,0.19446077507695067,0.905901508082772,0.0
2021-05-10 08:30:00,0.03765690376569038,0.4569414649095924,0.3804914370811614,0.3036957686127477,0.1335017209564068,0.9993318485523385,0.5,0.25743782233676393,0.31009433718287177,0.42652979364678995,0.19446077507695067,0.905901508082772,0.0
2021-05-10 08:40:00,0.016736401673640166,0.43089181734600057,0.38198064035740864,0.3022674522406714,0.1335017209564068,0.9993318485523385,0.5,0.25743782233676393,0.31009433718287177,0.42652979364678995,0.19446077507695067,0.905901508082772,0.0
2021-05-10 08:50:00,0.013249651324965132,0.40484216978240894,0.3909158600148921,0.3044099267987861,0.1335017209564068,0.9993318485523385,0.5,0.25743782233676393,0.31009433718287177,0.42652979364678995,0.19446077507695067,0.905901508082772,0.0
2021-05-10 09:00:00,0.012552301255230125,0.3787925222188169,0.40163812360387197,0.3086948759150152,0.1335017209564068,0.9993318485523385,0.5,0.273462947886131,0.3215969793711033,0.3995015190429795,0.19593383054233013,0.7967977812716099,0.0
2021-05-10 09:10:00,0.01603905160390516,0.35274287465522525,0.40997766195085616,0.3158364577753974,0.1335017209564068,0.9993318485523385,0.5,0.273462947886131,0.3215969793711033,0.3995015190429795,0.19593383054233013,0.7967977812716099,0.0
2021-05-10 09:20:00,0.04672245467224547,0.3266932270916332,0.4236783320923303,0.3236921978218177,0.1335017209564068,0.9993318485523385,0.5,0.273462947886131,0.3215969793711033,0.3995015190429795,0.19593383054233013,0.7967977812716099,0.0
2021-05-10 09:30:00,0.07810320781032079,0.30064357952804177,0.4388682055100521,0.3315479378682378,0.1335017209564068,0.9993318485523385,0.5,0.273462947886131,0.3215969793711033,0.3995015190429795,0.19593383054233013,0.7967977812716099,0.0
2021-05-10 09:40:00,0.10320781032078104,0.2745939319644497,0.4516753536857778,0.33547580789144793,0.1335017209564068,0.9993318485523385,0.5,0.273462947886131,0.3215969793711033,0.3995015190429795,0.19593383054233013,0.7967977812716099,0.0
2021-05-10 09:50:00,0.06485355648535565,0.24854428440085807,0.46358897989575576,0.33976075700767727,0.1335017209564068,0.9993318485523385,0.5,0.273462947886131,0.3215969793711033,0.3995015190429795,0.19593383054233013,0.7967977812716099,0.0
2021-05-10 10:00:00,0.07670850767085077,0.22249463683726622,0.47431124348473563,0.3472594179610784,0.1335017209564068,0.9993318485523385,0.5,0.4965768723673989,0.323056720123445,0.21551515003949628,0.3597764755870868,0.7125468328522476,0.0
2021-05-10 10:10:00,0.08368200836820083,0.19644498927367438,0.4811615785554726,0.3551151580074987,0.1335017209564068,0.9993318485523385,0.5,0.4965768723673989,0.323056720123445,0.21551515003949628,0.3597764755870868,0.7125468328522476,0.0
2021-05-10 10:20:00,0.09344490934449094,0.17039534171008275,0.48741623231571096,0.3586859489376897,0.1335017209564068,0.9993318485523385,0.5,0.4965768723673989,0.323056720123445,0.21551515003949628,0.3597764755870868,0.7125468328522476,0.0
2021-05-10 10:30:00,0.14783821478382148,0.1443456941464909,0.4951600893521966,0.36511337261203347,0.1335017209564068,0.9993318485523385,0.5,0.4965768723673989,0.323056720123445,0.21551515003949628,0.3597764755870868,0.7125468328522476,0.0
2021-05-10 10:40:00,0.1589958158995816,0.11829604658289927,0.5017125837676841,0.36725584717014814,0.1335017209564068,0.9993318485523385,0.5,0.4965768723673989,0.323056720123445,0.21551515003949628,0.3597764755870868,0.7125468328522476,0.0
2021-05-10 10:50:00,0.11924686192468618,0.09224639901930742,0.5058823529411764,0.37011247991430096,0.1335017209564068,0.9993318485523385,0.5,0.4965768723673989,0.323056720123445,0.21551515003949628,0.3597764755870868,0.7125468328522476,0.0
2021-05-10 11:00:00,0.1394700139470014,0.06619675145571557,0.5112434847356664,0.3758257454026068,0.1335017209564068,0.9993318485523385,0.5,0.5213311351423824,0.3234475168602924,0.1993745020167884,0.5471867875684577,0.7068251376457675,0.0
2021-05-10 11:10:00,0.1596931659693166,0.040147103892123726,0.5121370067014146,0.3758257454026068,0.1335017209564068,0.9993318485523385,0.5,0.5213311351423824,0.3234475168602924,0.1993745020167884,0.5471867875684577,0.7068251376457675,0.0
2021-05-10 11:20:00,0.25174337517433754,0.014097456328531877,0.5136262099776618,0.379753615425817,0.21508683304759788,0.9993318485523385,0.5,0.5213311351423824,0.3234475168602924,0.1993745020167884,0.5471867875684577,0.7068251376457675,0.0
2021-05-10 11:30:00,0.2398884239888424,-0.01195219123505975,0.5183916604616527,0.404749151937154,0.33754302391017,0.11347438752783964,0.5,0.5213311351423824,0.3234475168602924,0.1993745020167884,0.5471867875684577,0.7068251376457675,0.06347601732124267
2021-05-10 11:40:00,0.17154811715481172,0.08366533864541825,0.5288160833953832,0.4229601856811285,0.3282380809045818,0.00011135857461024499,0.5,0.5213311351423824,0.3234475168602924,0.1993745020167884,0.5471867875684577,0.7068251376457675,0.042382727039546146
2021-05-10 11:50:00,0.2196652719665272,0.01195219123505975,0.5380491437081161,0.47723620782003207,0.34590569420633155,0.00011135857461024499,0.5,0.5213311351423824,0.3234475168602924,0.1993745020167884,0.5471867875684577,0.7068251376457675,0.06582977503508004
2021-05-10 12:00:00,0.23291492329149233,0.5458167330677288,0.5547282204020847,0.507230851633637,0.34712279645600763,0.00044543429844097997,0.5,0.5371770878950632,0.3094937745505119,0.1941276944672393,0.6079618118654695,0.7102470630683625,0.09013684988759299
2021-05-10 12:10:00,0.2684797768479777,-0.14741035856573714,0.5669396872673118,0.5272272808427065,0.35015900851971576,0.028507795100222718,0.5,0.5371770878950632,0.3094937745505119,0.1941276944672393,0.6079618118654695,0.7102470630683625,0.08399595636495316
2021-05-10 12:20:00,0.24407252440725244,0.03585657370517925,0.5782576321667907,0.5465095518657381,0.3657326824671841,0.005345211581291759,0.5,0.5371770878950632,0.3094937745505119,0.1941276944672393,0.6079618118654695,0.7102470630683625,0.0815290372225659
2021-05-10 12:30:00,0.27266387726638774,0.1872509960159361,0.5627699180938197,0.5450812354936618,0.3814764889871877,0.006124721603563475,0.5,0.5371770878950632,0.3094937745505119,0.1941276944672393,0.6079618118654695,0.7102470630683625,0.12343648626220258
2021-05-10 12:40:00,0.23640167364016737,0.14741035856573692,0.5460908413998509,0.5097304052847706,0.356689481880881,0.000556792873051225,0.5,0.5371770878950632,0.3094937745505119,0.1941276944672393,0.6079618118654695,0.7102470630683625,0.10179247702823001
2021-05-10 12:50:00,0.1589958158995816,-0.3784860557768924,0.5425167535368576,0.5040171397964648,0.40893326877020325,0.07216035634743875,0.5,0.5371770878950632,0.3094937745505119,0.1941276944672393,0.6079618118654695,0.7102470630683625,0.02656275932827376
2021-05-10 13:00:00,0.2649930264993026,-0.08764940239043839,0.5520476545048398,0.5165149080521336,0.39277067437934327,0.9693763919821826,0.5,0.6464459114615557,0.28815799682190296,0.14450723011703548,0.6326152259331878,0.7213474381325944,0.0
2021-05-10 13:10:00,0.2615062761506276,0.20318725099601576,0.581236038719285,0.5465095518657381,0.40252057949771636,0.014810690423162584,0.5,0.6464459114615557,0.28815799682190296,0.14450723011703548,0.6326152259331878,0.7213474381325944,0.06527151198756732
2021-05-10 13:20:00,0.20292887029288703,-0.5856573705179284,0.5809381980640356,0.5600785574004641,0.34128594050594807,0.02928730512249443,0.5,0.6464459114615557,0.28815799682190296,0.14450723011703548,0.6326152259331878,0.7213474381325944,0.07830770855651281
2021-05-10 13:30:00,0.28172942817294283,0.6334661354581672,0.5743857036485478,0.5386538118193178,0.372093023255814,0.15979955456570155,0.5,0.6464459114615557,0.28815799682190296,0.14450723011703548,0.6326152259331878,0.7213474381325944,0.06279704874994342
2021-05-10 13:40:00,0.3270571827057183,-0.6175298804780878,0.573790022338049,0.5286555972147831,0.3602099174202667,0.00011135857461024499,0.5,0.6464459114615557,0.28815799682190296,0.14450723011703548,0.6326152259331878,0.7213474381325944,0.17911190910874059
2021-05-10 13:50:00,0.2545327754532775,0.5298804780876492,0.5740878629932984,0.5218710944474201,0.3693185536113911,0.00011135857461024499,0.5,0.6464459114615557,0.28815799682190296,0.14450723011703548,0.6326152259331878,0.7213474381325944,0.10868778007453565
2021-05-10 14:00:00,0.2196652719665272,0.40239043824701204,0.5800446760982871,0.5293697554008212,0.38300768214000597,0.344988864142539,0.5,0.6450942108041997,0.2720749869973876,0.1420737938994037,0.6532867143370404,0.7318944096434735,0.036309730374036245
2021-05-10 14:10:00,0.5411436541143654,0.05179282868525892,0.5883842144452716,0.5336547045170503,0.3720014134090641,0.0467706013363029,0.5,0.6450942108041997,0.2720749869973876,0.1420737938994037,0.6532867143370404,0.7318944096434735,0.41676599725394936
2021-05-10 14:20:00,0.3849372384937238,0.06772908366533859,0.5800446760982871,0.5179432244242099,0.37641177317401947,0.011915367483296215,0.5,0.6450942108041997,0.2720749869973876,0.1420737938994037,0.6532867143370404,0.7318944096434735,0.2768305747091751
2021-05-10 14:30:00,0.303347280334728,0.09163346613545809,0.58391660461653,0.522228173540439,0.38740495478399706,0.023719376391982183,0.5,0.6450942108041997,0.2720749869973876,0.1420737938994037,0.6532867143370404,0.7318944096434735,0.2214267392911568
2021-05-10 14:40:00,0.3200836820083682,0.05179282868525892,0.5889798957557706,0.5282985181217639,0.40698328774652864,0.01180400890868597,0.5,0.6450942108041997,0.2720749869973876,0.1420737938994037,0.6532867143370404,0.7318944096434735,0.17801801529942515
2021-05-10 14:50:00,0.35704323570432356,-0.4581673306772909,0.5943410275502605,0.54186752365649,0.4103728520762718,0.0032293986636971047,0.5,0.6450942108041997,0.2720749869973876,0.1420737938994037,0.6532867143370404,0.7318944096434735,0.1984172488193491
2021-05-10 15:00:00,0.41422594142259417,-0.3545816733067729,0.5976172747580044,0.5568648455632923,0.3749067542631297,0.005567928730512249,0.5,0.6373421856879891,0.2500581884847153,0.1488895457860491,0.6752268183518616,0.7393762938179141,0.2806327987084509
2021-05-10 15:10:00,0.5390516039051604,0.14741035856573692,0.5976172747580044,0.5504374218889485,0.3675517922812161,0.050890868596881966,0.5,0.6373421856879891,0.2500581884847153,0.1488895457860491,0.6752268183518616,0.7393762938179141,0.3663186324064155
2021-05-10 15:20:00,0.4923291492329149,-0.13147410358565736,0.598808637379002,0.5450812354936618,0.3584431560900917,0.0012249443207126948,0.5,0.6373421856879891,0.2500581884847153,0.1488895457860491,0.6752268183518616,0.7393762938179141,0.45499947191333345
2021-05-10 15:30:00,0.3842398884239888,0.08366533864541825,0.6044676098287414,0.5529369755400819,0.36934472785331957,0.00011135857461024499,0.5,0.6373421856879891,0.2500581884847153,0.1488895457860491,0.6752268183518616,0.7393762938179141,0.33233248336527
2021-05-10 15:40:00,0.5202231520223152,0.3784860557768923,0.6110201042442291,0.5643635065166934,0.397756867466726,0.004342984409799555,0.5,0.6373421856879891,0.2500581884847153,0.1488895457860491,0.6752268183518616,0.7393762938179141,0.5246012945667426
2021-05-10 15:50:00,0.5313807531380753,0.08366533864541825,0.6163812360387191,0.5707909301910372,0.41178626114041167,0.0021158129175946547,0.5,0.6373421856879891,0.2500581884847153,0.1488895457860491,0.6752268183518616,0.7393762938179141,0.5688851336059267
2021-05-10 16:00:00,0.29358437935843795,-0.06772908366533881,0.6163812360387191,0.5786466702374577,0.4145345565429061,0.006570155902004454,0.5,0.6858817039292939,0.22699830750530964,0.12953631557035225,0.6929910080256801,0.7466178552042015,0.17017970034853722
2021-05-10 16:10:00,0.3521617852161785,-0.29083665338645437,0.6235294117647057,0.600428494911623,0.3955058826608735,0.00913140311804009,0.5,0.6858817039292939,0.22699830750530964,0.12953631557035225,0.6929910080256801,0.7466178552042015,0.17767853101377554
2021-05-10 16:20:00,0.6408647140864714,0.33864541832669315,0.6345495160089349,0.6139975004463487,0.39291463270995014,0.41414253897550113,0.5,0.6858817039292939,0.22699830750530964,0.12953631557035225,0.6929910080256801,0.7466178552042015,0.28626069375499796
2021-05-10 16:30:00,0.5097629009762901,-0.24302788844621515,0.6309754281459417,0.5911444384931261,0.38537645103453694,0.6541202672605791,0.5,0.6858817039292939,0.22699830750530964,0.12953631557035225,0.6929910080256801,0.7466178552042015,0.32069948851034297
2021-05-10 16:40:00,0.5174337517433751,0.14741035856573692,0.6384214445271779,0.5907873594001072,0.3961340644671579,0.19710467706013363,0.5,0.6858817039292939,0.22699830750530964,0.12953631557035225,0.6929910080256801,0.7466178552042015,0.34327896555366116
2021-05-10 16:50:00,0.42747559274755925,-0.1872509960159363,0.6306775874906922,0.580074986609534,0.40284775752182284,0.013028953229398663,0.5,0.6858817039292939,0.22699830750530964,0.12953631557035225,0.6929910080256801,0.7466178552042015,0.30403458213256485
2021-05-10 17:00:00,0.4428172942817294,0.08366533864541825,0.6321667907669395,0.5879307266559544,0.40556987868238864,0.016369710467706012,0.5,0.6849453492952322,0.21220837511889173,0.1321772196941827,0.698734689365906,0.7569529969110641,0.33740211536430437
2021-05-10 17:10:00,0.4546722454672245,0.11553784860557759,0.6354430379746834,0.596857703981432,0.4066822839643507,0.013140311804008908,0.5,0.6849453492952322,0.21220837511889173,0.1321772196941827,0.698734689365906,0.7569529969110641,0.3488615960287883
2021-05-10 17:20:00,0.4330543933054393,0.1872509960159361,0.6363365599404316,0.6022138903767185,0.44672887411498347,0.005456570155902005,0.5,0.6849453492952322,0.21220837511889173,0.1321772196941827,0.698734689365906,0.7569529969110641,0.32943555079439324
2021-05-10 17:30:00,0.5348675034867504,0.09960159362549792,0.63723008190618,0.6079271558650241,0.4307364122966588,0.04042316258351893,0.5,0.6849453492952322,0.21220837511889173,0.1321772196941827,0.698734689365906,0.7569529969110641,0.4295230622991385
2021-05-10 17:40:00,0.46234309623430964,-0.298804780876494,0.637825763216679,0.6122121049812534,0.4451976809621651,0.02182628062360802,0.5,0.6849453492952322,0.21220837511889173,0.1321772196941827,0.698734689365906,0.7569529969110641,0.30963984489340196
2021-05-10 17:50:00,0.5718270571827057,-0.043824701195219196,0.63723008190618,0.6125691840742724,0.4398057871248904,0.004342984409799555,0.5,0.6849453492952322,0.21220837511889173,0.1321772196941827,0.698734689365906,0.7569529969110641,0.6020112557900931
2021-05-10 18:00:00,0.21827057182705717,0.38645418326693215,0.6363365599404316,0.6193536868416356,0.421850257161927,0.00011135857461024499,0.5,0.6283280796658552,0.20403899921553129,0.13710369476753514,0.6619048943457517,0.7525908966547904,0.09221902017291066
2021-05-10 18:10:00,0.36262203626220363,-0.2270916334661356,0.6381236038719285,0.6411355115158008,0.4343091963199016,0.00033407572383073496,0.5,0.6283280796658552,0.20403899921553129,0.13710369476753514,0.6619048943457517,0.7525908966547904,0.2683283793774613
2021-05-10 18:20:00,0.596931659693166,-0.12350597609561753,0.63723008190618,0.6307802178182469,0.4365994424886469,0.007906458797327393,0.5,0.6283280796658552,0.20403899921553129,0.13710369476753514,0.6619048943457517,0.7525908966547904,0.6189779259773376
2021-05-10 18:30:00,0.29776847977684795,0.2828685258964143,0.6303797468354431,0.6193536868416356,0.43095889335305126,0.0012249443207126948,0.5,0.6283280796658552,0.20403899921553129,0.13710369476753514,0.6619048943457517,0.7525908966547904,0.14148196206828914
2021-05-10 18:40:00,0.4714086471408647,-0.3545816733067729,0.6303797468354431,0.6268523477950365,0.4467157869940192,0.0012249443207126948,0.5,0.6283280796658552,0.20403899921553129,0.13710369476753514,0.6619048943457517,0.7525908966547904,0.4404997208684762
2021-05-10 18:50:00,0.4700139470013947,-0.12350597609561753,0.6294862248696946,0.625066952329941,0.4437580976560967,0.0016703786191536749,0.5,0.6283280796658552,0.20403899921553129,0.13710369476753514,0.6619048943457517,0.7525908966547904,0.43926248924966427
2021-05-10 19:00:00,0.5662482566248256,0.019920318725099362,0.6265078183172001,0.6125691840742724,0.44116684770517334,0.03162583518930957,0.5,0.616577953007498,0.2173634438387745,0.14118165653992484,0.6485341770838042,0.7897820419286232,0.49424385533442977
2021-05-10 19:10:00,0.596234309623431,0.019920318725099362,0.619657483246463,0.6039992858418142,0.4362853515855047,0.055122494432071276,0.5,0.616577953007498,0.2173634438387745,0.14118165653992484,0.6485341770838042,0.7897820419286232,0.4905170722875206
2021-05-10 19:20:00,0.5481171548117155,0.019920318725099362,0.6154877140729709,0.600428494911623,0.44759262409862455,0.008797327394209355,0.5,0.616577953007498,0.2173634438387745,0.14118165653992484,0.6485341770838042,0.7897820419286232,0.5241184724715965
2021-05-10 19:30:00,0.5383542538354253,0.06772908366533859,0.6148920327624718,0.5982860203535083,0.4399890068183901,0.020601336302895325,0.5,0.616577953007498,0.2173634438387745,0.14118165653992484,0.6485341770838042,0.7897820419286232,0.48887245952592906
2021-05-10 19:40:00,0.49581589958159,-0.21912350597609564,0.6125093075204764,0.600428494911623,0.45517006713693053,0.01714922048997773,0.5,0.616577953007498,0.2173634438387745,0.14118165653992484,0.6485341770838042,0.7897820419286232,0.4433212124869864
2021-05-10 19:50:00,0.5355648535564853,0.06772908366533859,0.6092330603127325,0.5986430994465273,0.4623418094253445,0.02383073496659243,0.5,0.616577953007498,0.2173634438387745,0.14118165653992484,0.6485341770838042,0.7897820419286232,0.44404544562970566
2021-05-10 20:00:00,0.5634588563458857,-0.02788844621513953,0.6062546537602382,0.5965006248884128,0.4500268285979767,0.030623608017817373,0.5,0.6145585234987523,0.21242676153065781,0.1417691863745326,0.5830037224741031,0.820013839181887,0.49873259200024145
2021-05-10 20:10:00,0.5418410041841004,0.10756972111553775,0.6038719285182426,0.5915015175861453,0.4506288361623327,0.03652561247216036,0.5,0.6145585234987523,0.21242676153065781,0.1417691863745326,0.5830037224741031,0.820013839181887,0.44771942000995824
2021-05-10 20:20:00,0.4881450488145049,-0.11553784860557781,0.5997021593447505,0.590073201214069,0.43204512439308473,0.004788418708240535,0.5,0.6145585234987523,0.21242676153065781,0.1417691863745326,0.5830037224741031,0.820013839181887,0.4126393771594973
2021-05-10 20:30:00,0.49023709902370993,0.17131474103585642,0.5973194341027548,0.5890019639350117,0.446401696090877,0.007795100222717149,0.5,0.6145585234987523,0.21242676153065781,0.1417691863745326,0.5830037224741031,0.820013839181887,0.4671379211491166
2021-05-10 20:40:00,0.5341701534170153,-0.03585657370517936,0.5928518242740133,0.5861453311908589,0.4607451806677049,0.00824053452115813,0.5,0.6145585234987523,0.21242676153065781,0.1417691863745326,0.5830037224741031,0.820013839181887,0.566780331034899
2021-05-10 20:50:00,0.6018131101813111,-0.03585657370517936,0.5862993298585255,0.5847170148187824,0.46193610867545254,0.009799554565701559,0.5,0.6145585234987523,0.21242676153065781,0.1417691863745326,0.5830037224741031,0.820013839181887,0.6938983357725907
2021-05-10 21:00:00,0.704323570432357,0.22709163346613526,0.5827252419955322,0.5700767720049991,0.4704034759393281,0.008797327394209355,0.5,0.617954101479443,0.22692934337527626,0.14023169194008744,0.38865862945325785,0.8202775665640312,0.9263545422997421
2021-05-10 21:10:00,0.6771269177126918,0.2589641434262948,0.5779597915115411,0.5532940546331013,0.4718430592453966,0.007015590200445435,0.5,0.617954101479443,0.22692934337527626,0.14023169194008744,0.38865862945325785,0.8202775665640312,0.873281832309851
2021-05-10 21:20:00,0.6931659693165969,0.3067729083665336,0.5714072970960533,0.5407962863774327,0.4718430592453966,0.0013363028953229399,0.5,0.617954101479443,0.22692934337527626,0.14023169194008744,0.38865862945325785,0.8202775665640312,0.9329707138222914
2021-05-10 21:30:00,0.7649930264993027,0.4183266932270917,0.5678332092330602,0.5382967327262989,0.4718430592453966,0.0036748329621380848,0.5,0.617954101479443,0.22692934337527626,0.14023169194008744,0.38865862945325785,0.8202775665640312,0.9357092203931983
2021-05-10 21:40:00,0.705020920502092,0.1872509960159361,0.5639612807148173,0.5429387609355474,0.4787007106306683,0.00033407572383073496,0.5,0.617954101479443,0.22692934337527626,0.14023169194008744,0.38865862945325785,0.8202775665640312,0.9384477269641053
2021-05-10 21:50:00,0.6436541143654114,0.03585657370517925,0.5586001489203274,0.5679342974468844,0.48177618405726924,0.00033407572383073496,0.5,0.617954101479443,0.22692934337527626,0.14023169194008744,0.38865862945325785,0.8202775665640312,0.7678153809013685
2021-05-10 22:00:00,0.6052998605299861,0.36254980079681287,0.5505584512285924,0.5754329584002855,0.48177618405726924,0.00033407572383073496,0.5,0.49339295309254827,0.2331045065185479,0.2122902668765187,0.28597401361385216,0.8113233889897337,0.6995035985334279
2021-05-10 22:10:00,0.6520223152022315,0.2111553784860556,0.5437081161578554,0.5765041956793431,0.48177618405726924,0.00033407572383073496,0.5,0.49339295309254827,0.2331045065185479,0.2122902668765187,0.28597401361385216,0.8113233889897337,0.7862531496597613
2021-05-10 22:20:00,0.6429567642956765,0.17131474103585642,0.5389426656738645,0.5732904838421709,0.48177618405726924,0.00033407572383073496,0.5,0.49339295309254827,0.2331045065185479,0.2122902668765187,0.28597401361385216,0.8113233889897337,0.7533835267136413
2021-05-10 22:30:00,0.6534170153417015,0.043824701195219085,0.5380491437081161,0.5711480092840564,0.48177618405726924,0.00033407572383073496,0.5,0.49339295309254827,0.2331045065185479,0.2122902668765187,0.28597401361385216,0.8113233889897337,0.7701465063294959
2021-05-10 22:40:00,0.6457461645746164,0.019920318725099362,0.5362620997766194,0.5754329584002855,0.48177618405726924,0.00033407572383073496,0.5,0.49339295309254827,0.2331045065185479,0.2122902668765187,0.28597401361385216,0.8113233889897337,0.7557448285227153
2021-05-10 22:50:00,0.702231520223152,-0.03585657370517936,0.5341772151898732,0.5715050883770756,0.48177618405726924,0.00033407572383073496,0.5,0.49339295309254827,0.2331045065185479,0.2122902668765187,0.28597401361385216,0.8113233889897337,0.8576052024080751
2021-05-10 23:00:00,0.6569037656903766,0.01195219123505975,0.5380491437081161,0.5636493483306553,0.48177618405726924,0.00033407572383073496,0.5,0.40839800775325896,0.2423801820078337,0.2566960076504425,0.22661125437046284,0.8136827728542769,0.7858382244217452
2021-05-10 23:10:00,0.590655509065551,0.3705179282868525,0.535368577810871,0.555793608284235,0.48177618405726924,0.00033407572383073496,0.5,0.40839800775325896,0.2423801820078337,0.2566960076504425,0.22661125437046284,0.8136827728542769,0.6148965704543055
2021-05-10 23:20:00,0.5697350069735007,-0.0916334661354582,0.5237527922561427,0.5618639528655596,0.4921935323448195,0.00033407572383073496,0.5,0.40839800775325896,0.2423801820078337,0.2566960076504425,0.22661125437046284,0.8136827728542769,0.5478069315147035
2021-05-10 23:30:00,0.509065550906555,-0.06772908366533881,0.5189873417721518,0.5704338510980183,0.49296567248171075,0.00033407572383073496,0.5,0.40839800775325896,0.2423801820078337,0.2566960076504425,0.22661125437046284,0.8136827728542769,0.41865202106311394
2021-05-10 23:40:00,0.6645746164574616,-0.003984063745020028,0.5163067758749067,0.5647205856097126,0.49296567248171075,0.00033407572383073496,0.5,0.40839800775325896,0.2423801820078337,0.2566960076504425,0.22661125437046284,0.8136827728542769,0.7621271330929282
2021-05-10 23:50:00,0.6073919107391912,0.01195219123505975,0.5204765450483988,0.5457953936797,0.49296567248171075,0.00033407572383073496,0.5,0.40839800775325896,0.2423801820078337,0.2566960076504425,0.22661125437046284,0.8136827728542769,0.6438206315916533
2021-05-11 00:00:00,0.5732217573221757,0.07569721115537842,0.5204765450483988,0.5390108909123372,0.49296567248171075,0.00033407572383073496,0.5,0.39230774362013743,0.24086584465254945,0.26366812135147843,0.18610024009415416,0.8643455491336085,0.5579688277984821
2021-05-11 00:10:00,0.5683403068340307,0.05179282868525892,0.5192851824274012,0.5365113372612034,0.49296567248171075,0.00033407572383073496,0.5,0.39230774362013743,0.24086584465254945,0.26366812135147843,0.18610024009415416,0.8643455491336085,0.5368076406596557
2021-05-11 00:20:00,0.4790794979079498,-0.0916334661354582,0.5136262099776618,0.5307980717728977,0.49296567248171075,0.00033407572383073496,0.5,0.39230774362013743,0.24086584465254945,0.26366812135147843,0.18610024009415416,0.8643455491336085,0.37218793850053566
2021-05-11 00:30:00,0.23849372384937237,0.3067729083665336,0.504988830975428,0.5261560435636492,0.4949287406263496,0.00033407572383073496,0.5,0.39230774362013743,0.24086584465254945,0.26366812135147843,0.18610024009415416,0.8643455491336085,0.12996212864191198
2021-05-11 00:40:00,0.29776847977684795,0.17131474103585642,0.4936708860759491,0.5365113372612034,0.5067987593409325,0.00033407572383073496,0.5,0.39230774362013743,0.24086584465254945,0.26366812135147843,0.18610024009415416,0.8643455491336085,0.18427961434585152
2021-05-11 00:50:00,0.2754532775453278,0.346613545816733,0.4886075949367086,0.5318693090519551,0.5067987593409325,0.00033407572383073496,0.5,0.39230774362013743,0.24086584465254945,0.26366812135147843,0.18610024009415416,0.8643455491336085,0.1600404363504685
2021-05-11 01:00:00,0.2496513249651325,0.2669322709163344,0.48741623231571096,0.5215140153544011,0.5162869220400204,0.00033407572383073496,0.5,0.316595596791833,0.2414290517144782,0.2864216186630824,0.20536331482978132,0.9576409023546236,0.12170134435777118
2021-05-11 01:10:00,0.2524407252440725,0.22709163346613526,0.48652271034996253,0.5036600607034458,0.5205925848372617,0.00033407572383073496,0.5,0.316595596791833,0.2414290517144782,0.2864216186630824,0.20536331482978132,0.9576409023546236,0.11534921616850492
2021-05-11 01:20:00,0.29218967921896793,0.2749003984063745,0.4847356664184659,0.47795036600607044,0.5205925848372617,0.00033407572383073496,0.5,0.316595596791833,0.2414290517144782,0.2864216186630824,0.20536331482978132,0.9576409023546236,0.12878524978499328
2021-05-11 01:30:00,0.24337517433751746,0.394422310756972,0.4847356664184659,0.46652383502945916,0.5262723953357501,0.00033407572383073496,0.5,0.316595596791833,0.2414290517144782,0.2864216186630824,0.20536331482978132,0.9576409023546236,0.09171356579205456
2021-05-11 01:40:00,0.21408647140864714,-0.043824701195219196,0.48294862248696924,0.4658096768434208,0.5345041944222689,0.00033407572383073496,0.5,0.316595596791833,0.2414290517144782,0.2864216186630824,0.20536331482978132,0.9576409023546236,0.0759614949379121
2021-05-11 01:50:00,0.18688981868898188,0.25099601593625476,0.47907669396872654,0.45331190858775217,0.5345041944222689,0.00033407572383073496,0.5,0.316595596791833,0.2414290517144782,0.2864216186630824,0.20536331482978132,0.9576409023546236,0.05984730751241004
2021-05-11 02:00:00,0.12412831241283125,0.43426294820717115,0.4775874906924793,0.45366898768077135,0.5345041944222689,0.00033407572383073496,0.5,0.31483672161810516,0.2356303177809632,0.28416546859023406,0.27782776392841785,0.02638682187357353,0.02531798361422515
2021-05-11 02:10:00,0.09902370990237098,0.4334241979450617,0.4763961280714817,0.46473843956436345,0.5486382850636689,0.7338530066815145,0.5,0.31483672161810516,0.2356303177809632,0.28416546859023406,0.27782776392841785,0.02638682187357353,0.0
2021-05-11 02:20:00,0.10181311018131102,0.4325854476829525,0.4859270290394637,0.47259417961078376,0.5509023569904857,0.9993318485523385,0.5,0.31483672161810516,0.2356303177809632,0.28416546859023406,0.27782776392841785,0.02638682187357353,0.0
2021-05-11 02:30:00,0.11506276150627615,0.43174669742084304,0.488905435591958,0.4754508123549366,0.5509023569904857,0.9993318485523385,0.5,0.31483672161810516,0.2356303177809632,0.28416546859023406,0.27782776392841785,0.02638682187357353,0.0
2021-05-11 02:40:00,0.16736401673640167,0.4309079471587336,0.4933730454206997,0.47295125870380295,0.5509023569904857,0.9993318485523385,0.5,0.31483672161810516,0.2356303177809632,0.28416546859023406,0.27782776392841785,0.02638682187357353,0.0
2021-05-11 02:50:00,0.12622036262203626,0.43006919689662393,0.49456440804169755,0.4618818068202106,0.5509023569904857,0.9993318485523385,0.5,0.31483672161810516,0.2356303177809632,0.28416546859023406,0.27782776392841785,0.02638682187357353,0.0
2021-05-11 03:00:00,0.1290097629009763,0.4292304466345145,0.49486224869694695,0.452954829494733,0.5509023569904857,0.9993318485523385,0.5,0.3065880356464481,0.22464778007338798,0.28702284442303827,0.3271916486207548,0.06616483167259309,0.0
2021-05-11 03:10:00,0.1087866108786611,0.42839169637240504,0.4933730454206997,0.44724156400642756,0.5509023569904857,0.9993318485523385,0.5,0.3065880356464481,0.22464778007338798,0.28702284442303827,0.3271916486207548,0.06616483167259309,0.0
2021-05-11 03:20:00,0.10669456066945607,0.4275529461102956,0.4933730454206997,0.4447420103552937,0.5509023569904857,0.9993318485523385,0.5,0.3065880356464481,0.22464778007338798,0.28702284442303827,0.3271916486207548,0.06616483167259309,0.0
2021-05-11 03:30:00,0.12831241283124128,0.42671419584818615,0.4927773641102009,0.4415282985181217,0.5509023569904857,0.9993318485523385,0.5,0.3065880356464481,0.22464778007338798,0.28702284442303827,0.3271916486207548,0.06616483167259309,0.0
2021-05-11 03:40:00,0.11785216178521618,0.4258754455860767,0.48741623231571096,0.4365291912158542,0.5509023569904857,0.9993318485523385,0.5,0.3065880356464481,0.22464778007338798,0.28702284442303827,0.3271916486207548,0.06616483167259309,0.0
2021-05-11 03:50:00,0.10251046025104603,0.42503669532396726,0.4883097542814592,0.4304588466345294,0.5509023569904857,0.9993318485523385,0.5,0.3065880356464481,0.22464778007338798,0.28702284442303827,0.3271916486207548,0.06616483167259309,0.0
2021-05-11 04:00:00,0.10390516039051603,0.4241979450618576,0.4859270290394637,0.4265309766113192,0.5509023569904857,0.9993318485523385,0.5,0.22392186972083117,0.22928849132345155,0.32950177140308545,0.33797084459196725,0.084781662620982,0.0
2021-05-11 04:10:00,0.09832635983263598,0.4233591947997484,0.482055100521221,0.42474558114622396,0.5509023569904857,0.9993318485523385,0.5,0.22392186972083117,0.22928849132345155,0.32950177140308545,0.33797084459196725,0.084781662620982,0.0
2021-05-11 04:20:00,0.08298465829846582,0.4225204445376387,0.47848101265822773,0.4190323156579181,0.5509023569904857,0.9993318485523385,0.5,0.22392186972083117,0.22928849132345155,0.32950177140308545,0.33797084459196725,0.084781662620982,0.0
2021-05-11 04:30:00,0.07112970711297072,0.42168169427552926,0.4775874906924793,0.41867523656489913,0.5509023569904857,0.9993318485523385,0.5,0.22392186972083117,0.22928849132345155,0.32950177140308545,0.33797084459196725,0.084781662620982,0.0
2021-05-11 04:40:00,0.055788005578800565,0.4208429440134198,0.47163067758749055,0.417961078378861,0.5509023569904857,0.9993318485523385,0.5,0.22392186972083117,0.22928849132345155,0.32950177140308545,0.33797084459196725,0.084781662620982,0.0
2021-05-11 04:50:00,0.14225941422594143,0.4200041937513104,0.46388682055100494,0.414747366541689,0.5509023569904857,0.9993318485523385,0.5,0.22392186972083117,0.22928849132345155,0.32950177140308545,0.33797084459196725,0.084781662620982,0.0
2021-05-11 05:00:00,0.1499302649930265,0.41916544348920093,0.4516753536857778,0.4083199428673452,0.5509023569904857,0.9993318485523385,0.5,0.20756291309885877,0.21983465849824724,0.34310677102454523,0.34511303991260284,0.0927805071718443,0.0
2021-05-11 05:10:00,0.2510460251046025,0.4183266932270917,0.44720774385703654,0.4083199428673452,0.5866040229809845,0.32238307349665923,0.5,0.20756291309885877,0.21983465849824724,0.34310677102454523,0.34511303991260284,0.0927805071718443,0.053246224180334055
2021-05-11 05:20:00,0.3235704323570432,0.5537848605577689,0.45971705137751284,0.4372433494018926,0.5869312010050909,0.00011135857461024499,0.5,0.20756291309885877,0.21983465849824724,0.34310677102454523,0.34511303991260284,0.0927805071718443,0.15727929749385156
2021-05-11 05:30:00,0.2789400278940028,0.3705179282868525,0.4650781831720028,0.43760042849491154,0.6085118634751542,0.00011135857461024499,0.5,0.20756291309885877,0.21983465849824724,0.34310677102454523,0.34511303991260284,0.0927805071718443,0.12779697330899106
2021-05-11 05:40:00,0.3354253835425383,-0.3227091633466136,0.43350707371556196,0.38939475093733256,0.619518132206096,0.00011135857461024499,0.5,0.20756291309885877,0.21983465849824724,0.34310677102454523,0.34511303991260284,0.0927805071718443,0.18062827225130892
2021-05-11 05:50:00,0.25313807531380755,-0.6573705179282869,0.426061057334326,0.36082842349580435,0.619518132206096,0.00011135857461024499,0.5,0.20756291309885877,0.21983465849824724,0.34310677102454523,0.34511303991260284,0.0927805071718443,0.10505152617046638
2021-05-11 06:00:00,0.30822873082287305,-0.10756972111553798,0.4257632166790766,0.3522585252633459,0.6085380377170826,0.00011135857461024499,0.5,0.22224444279161326,0.23384299741097028,0.40092297855433673,0.3737612537587526,0.10044061893562739,0.1586447787316867
2021-05-11 06:10:00,0.3472803347280335,0.08366533864541825,0.4278481012658226,0.34333154793786824,0.6057635680726597,0.00011135857461024499,0.5,0.22224444279161326,0.23384299741097028,0.40092297855433673,0.3737612537587526,0.10044061893562739,0.20636872519878693
2021-05-11 06:20:00,0.41283124128312415,-0.3705179282868527,0.42844378257632143,0.34297446884484906,0.6057635680726597,0.00011135857461024499,0.5,0.22224444279161326,0.23384299741097028,0.40092297855433673,0.3737612537587526,0.10044061893562739,0.28285076270802845
2021-05-11 06:30:00,0.3702928870292887,-0.059760956175298974,0.4311243484735665,0.34475986430994454,0.6057635680726597,0.00011135857461024499,0.5,0.22224444279161326,0.23384299741097028,0.40092297855433673,0.3737612537587526,0.10044061893562739,0.2392232599544337
2021-05-11 06:40:00,0.3598326359832636,0.3705179282868525,0.4311243484735665,0.3419032315657917,0.6057635680726597,0.00011135857461024499,0.5,0.22224444279161326,0.23384299741097028,0.40092297855433673,0.3737612537587526,0.10044061893562739,0.23845376224029452
2021-05-11 06:50:00,0.4093444909344491,-0.21912350597609564,0.4272524199553238,0.3404749151937154,0.6161154807553886,0.00011135857461024499,0.5,0.22224444279161326,0.23384299741097028,0.40092297855433673,0.3737612537587526,0.10044061893562739,0.30592815003696605
2021-05-11 07:00:00,0.4435146443514645,-0.31474103585657376,0.42069992553983626,0.3444027852169256,0.6053316930808391,0.00011135857461024499,0.5,0.23255328239427153,0.22498685371271349,0.3914815402386921,0.3787545387625357,0.12211840887770739,0.36738234983478435
2021-05-11 07:10:00,0.4818688981868898,-0.3067729083665339,0.41444527177959767,0.33833244063560075,0.5945217311643611,0.00011135857461024499,0.5,0.23255328239427153,0.22498685371271349,0.3914815402386921,0.3787545387625357,0.12211840887770739,0.4280217873470435
2021-05-11 07:20:00,0.4895397489539749,-0.019920318725099695,0.4075949367088605,0.3358328869844669,0.5841959927235607,0.00011135857461024499,0.5,0.23255328239427153,0.22498685371271349,0.3914815402386921,0.3787545387625357,0.12211840887770739,0.4657271753398615
2021-05-11 07:30:00,0.509065550906555,0.01195219123505975,0.39806403574087845,0.33190501696125696,0.5832798942560626,0.00011135857461024499,0.5,0.23255328239427153,0.22498685371271349,0.3914815402386921,0.3787545387625357,0.12211840887770739,0.512847594188029
2021-05-11 07:40:00,0.4867503486750349,0.08366533864541825,0.3953834698436334,0.32583467237993236,0.5832798942560626,0.00011135857461024499,0.5,0.23255328239427153,0.22498685371271349,0.3914815402386921,0.3787545387625357,0.12211840887770739,0.4609442189598202
2021-05-11 07:50:00,0.4476987447698745,0.33864541832669315,0.3924050632911391,0.32547759328691295,0.5846933033202025,0.00011135857461024499,0.5,0.23255328239427153,0.22498685371271349,0.3914815402386921,0.3787545387625357,0.12211840887770739,0.3585255820269475
2021-05-11 08:00:00,0.405160390516039,0.20318725099601576,0.39061801935964247,0.32547759328691295,0.5944955569224326,0.00011135857461024499,0.5,0.27069437463457513,0.23469930202553566,0.35154954811689276,0.33017313624413785,0.15705960401975053,0.29544185765801106
2021-05-11 08:10:00,0.39051603905160387,0.298804780876494,0.3894266567386446,0.32547759328691295,0.5944955569224326,0.00011135857461024499,0.5,0.27069437463457513,0.23469930202553566,0.35154954811689276,0.33017313624413785,0.15705960401975053,0.2660802389969371
2021-05-11 08:20:00,0.39121338912133896,-0.1633466135458168,0.3894266567386446,0.32547759328691295,0.5944955569224326,0.00011135857461024499,0.5,0.27069437463457513,0.23469930202553566,0.35154954811689276,0.33017313624413785,0.15705960401975053,0.2767626778520452
2021-05-11 08:30:00,0.3884239888423989,0.019920318725099362,0.39061801935964247,0.32547759328691295,0.5944955569224326,0.00011135857461024499,0.5,0.27069437463457513,0.23469930202553566,0.35154954811689276,0.33017313624413785,0.15705960401975053,0.2743787437572612
2021-05-11 08:40:00,0.3800557880055788,0.36254980079681287,0.3965748324646312,0.32547759328691295,0.595123738728717,0.00011135857461024499,0.5,0.27069437463457513,0.23469930202553566,0.35154954811689276,0.33017313624413785,0.15705960401975053,0.25028290357137467
2021-05-11 08:50:00,0.36541143654114366,0.1633466135458166,0.4037230081906178,0.32726298875200865,0.6105141929826857,0.00011135857461024499,0.5,0.27069437463457513,0.23469930202553566,0.35154954811689276,0.33017313624413785,0.15705960401975053,0.23725425109766587
2021-05-11 09:00:00,0.401673640167364,-0.1394422310756973,0.41265822784810124,0.3344045706123906,0.6169399693761369,0.00011135857461024499,0.5,0.29670261351473837,0.2457910329389918,0.3194137078712386,0.33590686365168304,0.2160371888139286,0.2899723886114338
2021-05-11 09:10:00,0.4065550906555091,0.09960159362549792,0.42189128816083366,0.3426173897518301,0.6169399693761369,0.00011135857461024499,0.5,0.29670261351473837,0.2457910329389918,0.3194137078712386,0.33590686365168304,0.2160371888139286,0.3132459224165246
2021-05-11 09:20:00,0.4177126917712692,0.1394422310756971,0.4302308265078181,0.35011605070523144,0.6228815222939106,0.023719376391982183,0.5,0.29670261351473837,0.2457910329389918,0.3194137078712386,0.33590686365168304,0.2160371888139286,0.2784299228993467
2021-05-11 09:30:00,0.38772663877266383,-0.11553784860557781,0.43946388682055093,0.3647562935190145,0.6341757076860662,0.024610244988864143,0.5,0.29670261351473837,0.2457910329389918,0.3194137078712386,0.33590686365168304,0.2160371888139286,0.2396909938591065
2021-05-11 09:40:00,0.45397489539748953,0.11553784860557759,0.44839910647803394,0.369755400821282,0.6384944576042716,0.029398663697104678,0.5,0.29670261351473837,0.2457910329389918,0.3194137078712386,0.33590686365168304,0.2160371888139286,0.3167388385110974
2021-05-11 09:50:00,0.47629009762900976,0.06772908366533859,0.458525688756515,0.3843956436350653,0.6506654801010326,0.015367483296213808,0.5,0.29670261351473837,0.2457910329389918,0.3194137078712386,0.33590686365168304,0.2160371888139286,0.4050877378276024
2021-05-11 10:00:00,0.500697350069735,-0.01195219123505975,0.4647803425167534,0.39939296554186754,0.6576932640588397,0.00311804008908686,0.5,0.5292785093036774,0.23617341030496397,0.17843964605163595,0.37334849554210103,0.291998938503796,0.4660213950540912
2021-05-11 10:10:00,0.50278940027894,-0.08366533864541836,0.47252419955323877,0.3983217282628102,0.6555993247045583,0.00033407572383073496,0.5,0.5292785093036774,0.23617341030496397,0.17843964605163595,0.37334849554210103,0.291998938503796,0.4877106688594837
2021-05-11 10:20:00,0.48326359832635984,0.10756972111553775,0.47997021593447475,0.40546331012319237,0.6597741162921569,0.00011135857461024499,0.5,0.5292785093036774,0.23617341030496397,0.17843964605163595,0.37334849554210103,0.291998938503796,0.4511972479140577
2021-05-11 10:30:00,0.4337517433751743,-0.03585657370517936,0.489501116902457,0.4333154793786824,0.6581251390506603,0.012138084632516704,0.5,0.5292785093036774,0.23617341030496397,0.17843964605163595,0.37334849554210103,0.291998938503796,0.3495782850762708
2021-05-11 10:40:00,0.47629009762900976,0.01195219123505975,0.4960536113179448,0.452597750401714,0.6552067110756304,0.030400890868596882,0.5,0.5292785093036774,0.23617341030496397,0.17843964605163595,0.37334849554210103,0.291998938503796,0.3522413506948112
2021-05-11 10:50:00,0.43654114365411434,0.14741035856573692,0.5037974683544302,0.4475986430994465,0.6478517490937168,0.022160356347438754,0.5,0.5292785093036774,0.23617341030496397,0.17843964605163595,0.37334849554210103,0.291998938503796,0.3264405449854399
2021-05-11 11:00:00,0.4295676429567643,0.13147410358565725,0.5100521221146683,0.45545438314586684,0.653963434584026,0.0017817371937639199,0.5,0.5471113723028607,0.2319867129109482,0.18687544836718575,0.32488685664424827,0.33543976309435813,0.30578481222746956
2021-05-11 11:10:00,0.3933054393305439,-0.15537848605577698,0.5133283693224122,0.4733083377968219,0.649369855125571,0.00011135857461024499,0.5,0.5471113723028607,0.2319867129109482,0.18687544836718575,0.32488685664424827,0.33543976309435813,0.2596677580457776
2021-05-11 11:20:00,0.3716875871687587,-0.21912350597609564,0.5201787043931496,0.4797357614711659,0.6418185863291934,0.00011135857461024499,0.5,0.5471113723028607,0.2319867129109482,0.18687544836718575,0.32488685664424827,0.33543976309435813,0.243719540715482
2021-05-11 11:30:00,0.40585774058577406,-0.08366533864541836,0.5288160833953832,0.4865202642385287,0.6313358024368219,0.00011135857461024499,0.5,0.5471113723028607,0.2319867129109482,0.18687544836718575,0.32488685664424827,0.33543976309435813,0.294891138705735
2021-05-11 11:40:00,0.3926080892608089,0.17131474103585642,0.537453462397617,0.49151937154079617,0.6593029799374435,0.00011135857461024499,0.5,0.5471113723028607,0.2319867129109482,0.18687544836718575,0.32488685664424827,0.33543976309435813,0.27850536385171326
2021-05-11 11:50:00,0.3270571827057183,0.19521912350597592,0.5451973194341024,0.49866095340117833,0.6506131316171755,0.00011135857461024499,0.5,0.5471113723028607,0.2319867129109482,0.18687544836718575,0.32488685664424827,0.33543976309435813,0.20849616005552454
2021-05-11 12:00:00,0.38633193863319387,-0.2828685258964144,0.5541325390915859,0.5129441171219424,0.6399340409103401,0.00011135857461024499,0.5,0.5585439108431893,0.2155272738766762,0.19530592448954462,0.23955727954551506,0.3664728122936659,0.25520919776091255
2021-05-11 12:10:00,0.34239888423988846,0.4581673306772909,0.5615785554728219,0.5225852526334585,0.6556254989464868,0.11770601336302897,0.5,0.5585439108431893,0.2155272738766762,0.19530592448954462,0.23955727954551506,0.3664728122936659,0.1616699609215867
2021-05-11 12:20:00,0.28033472803347276,-0.10756972111553798,0.5711094564408041,0.5375825745402605,0.6839722029550719,0.10389755011135858,0.5,0.5585439108431893,0.2155272738766762,0.19530592448954462,0.23955727954551506,0.3664728122936659,0.10706579959865413
2021-05-11 12:30:00,0.22036262203626222,-0.1394422310756973,0.5770662695457927,0.5372254954472415,0.6804779416576148,0.00022271714922048998,0.5,0.5585439108431893,0.2155272738766762,0.19530592448954462,0.23955727954551506,0.3664728122936659,0.09071020112557901
2021-05-11 12:40:00,0.14574616457461645,0.09960159362549792,0.5848101265822783,0.5486520264238528,0.6732407637643796,0.00022271714922048998,0.5,0.5585439108431893,0.2155272738766762,0.19530592448954462,0.23955727954551506,0.3664728122936659,0.02561974742369148
2021-05-11 12:50:00,0.16596931659693165,0.2749003984063745,0.596723752792256,0.5665059810748081,0.6935258012589811,0.00033407572383073496,0.5,0.5585439108431893,0.2155272738766762,0.19530592448954462,0.23955727954551506,0.3664728122936659,0.04788237246707003
2021-05-11 13:00:00,0.18200836820083682,0.043824701195219085,0.6032762472077438,0.5775754329584004,0.7171742288413971,0.00033407572383073496,0.5,0.6631061798938902,0.19899887071237082,0.14494562654229753,0.17635382114362258,0.4271916968801108,0.05651281741780708
2021-05-11 13:10:00,0.08577405857740586,-0.005976095617529986,0.6116157855547282,0.5825745402606679,0.7171742288413971,0.8687082405345212,0.5,0.6631061798938902,0.19899887071237082,0.14494562654229753,0.17635382114362258,0.4271916968801108,0.0
2021-05-11 13:20:00,0.09414225941422595,-0.055776892430278946,0.6375279225614294,0.5950723085163365,0.7171742288413971,0.9995545657015591,0.5,0.6631061798938902,0.19899887071237082,0.14494562654229753,0.17635382114362258,0.4271916968801108,0.0
2021-05-11 13:30:00,0.21269177126917713,-0.10557768924302802,0.6562918838421443,0.6132833422603108,0.7106044941173392,0.7605790645879733,0.5,0.6631061798938902,0.19899887071237082,0.14494562654229753,0.17635382114362258,0.4271916968801108,0.006457745522579478
2021-05-11 13:40:00,0.1589958158995816,-0.15537848605577698,0.6688011913626208,0.6375647205856096,0.708523641884022,0.35133630289532297,0.5,0.6631061798938902,0.19899887071237082,0.14494562654229753,0.17635382114362258,0.4271916968801108,0.01956183894865489
2021-05-11 13:50:00,0.061366806136680614,0.8087649402390438,0.6789277736411017,0.6518478843063737,0.708523641884022,0.9993318485523385,0.5,0.6631061798938902,0.19899887071237082,0.14494562654229753,0.17635382114362258,0.4271916968801108,0.0
2021-05-11 14:00:00,0.18200836820083682,0.6983494593056345,0.6908413998510794,0.6507766470273164,0.7110232819881953,0.9948775055679288,0.5,0.6663307565848171,0.17029255158660772,0.13941906703610157,0.13821950945284997,0.44968581165131977,0.0
2021-05-11 14:10:00,0.09483960948396096,0.5879339783722253,0.6982874162323154,0.6575611497946796,0.6862624491238173,0.7404231625835189,0.5,0.6663307565848171,0.17029255158660772,0.13941906703610157,0.13821950945284997,0.44968581165131977,0.0
2021-05-11 14:20:00,0.17364016736401675,0.47751849743881625,0.7042442293373044,0.6661310480271379,0.6758058394733742,0.9996659242761693,0.5,0.6663307565848171,0.17029255158660772,0.13941906703610157,0.13821950945284997,0.44968581165131977,0.0
2021-05-11 14:30:00,0.10251046025104603,0.367103016505407,0.7119880863737897,0.6672022853061954,0.6758058394733742,0.9996659242761693,0.5,0.6663307565848171,0.17029255158660772,0.13941906703610157,0.13821950945284997,0.44968581165131977,0.0
2021-05-11 14:40:00,0.1680613668061367,0.2566875355719975,0.7170513775130303,0.6647027316550616,0.6798235856094018,0.9996659242761693,0.5,0.6663307565848171,0.17029255158660772,0.13941906703610157,0.13821950945284997,0.44968581165131977,0.0
2021-05-11 14:50:00,0.1589958158995816,0.1462720546385885,0.7212211466865226,0.6704159971433674,0.7396840768999229,0.962694877505568,0.5,0.6663307565848171,0.17029255158660772,0.13941906703610157,0.13821950945284997,0.44968581165131977,0.0
2021-05-11 15:00:00,0.18688981868898188,0.03585657370517925,0.728965003723008,0.6786288162828067,0.7026606116920339,0.01714922048997773,0.5,0.6717864548434187,0.15095098661808343,0.1324194346702459,0.13290639672653345,0.4618185391594181,0.026238363233097455
2021-05-11 15:10:00,0.12343096234309624,0.43426294820717115,0.7328369322412507,0.6921978218175326,0.7266493044195208,0.21124721603563473,0.5,0.6717864548434187,0.15095098661808343,0.1324194346702459,0.13290639672653345,0.4618185391594181,0.0
2021-05-11 15:20:00,0.09902370990237098,0.3167330677290834,0.7411764705882351,0.690055347259418,0.7183520697281804,0.9993318485523385,0.5,0.6717864548434187,0.15095098661808343,0.1324194346702459,0.13290639672653345,0.4618185391594181,0.0
2021-05-11 15:30:00,0.16945606694560672,0.19920318725099606,0.7486224869694713,0.6961256918407428,0.7183520697281804,0.9993318485523385,0.5,0.6717864548434187,0.15095098661808343,0.1324194346702459,0.13290639672653345,0.4618185391594181,0.0
2021-05-11 15:40:00,0.200836820083682,0.0816733067729083,0.751898734177215,0.6907695054454563,0.6734894190627004,0.9355233853006683,0.5,0.6717864548434187,0.15095098661808343,0.1324194346702459,0.13290639672653345,0.4618185391594181,0.0
2021-05-11 15:50:00,0.14435146443514643,-0.03585657370517936,0.7578555472822037,0.7039814318871631,0.5926895342293649,0.006570155902004454,0.5,0.6717864548434187,0.15095098661808343,0.1324194346702459,0.13290639672653345,0.4618185391594181,0.00818534333177422
2021-05-11 16:00:00,0.11436541143654114,-0.4342629482071714,0.7510052122114668,0.724692019282271,0.576068890604756,0.006124721603563475,0.5,0.7136814039516073,0.12787386460617048,0.10560889991664509,0.15277082099190709,0.48304460081971246,0.0014560103806750457
2021-05-11 16:10:00,0.13389121338912133,-0.9681274900398407,0.7227103499627696,0.6871987145152652,0.6286529426391488,0.5891982182628062,0.5,0.7136814039516073,0.12787386460617048,0.10560889991664509,0.15277082099190709,0.48304460081971246,0.0
2021-05-11 16:20:00,0.06276150627615062,-0.7091633466135459,0.7379002233804914,0.6950544545616855,0.6386515030558427,0.9992204899777284,0.5,0.7136814039516073,0.12787386460617048,0.10560889991664509,0.15277082099190709,0.48304460081971246,0.0
2021-05-11 16:30:00,0.048117154811715475,-0.45019920318725104,0.7483246463142217,0.7096946973754685,0.6386515030558427,0.9992204899777284,0.5,0.7136814039516073,0.12787386460617048,0.10560889991664509,0.15277082099190709,0.48304460081971246,0.0
2021-05-11 16:40:00,0.10181311018131102,-0.26055776892430293,0.7602382725241994,0.7125513301196216,0.6386515030558427,0.9992204899777284,0.5,0.7136814039516073,0.12787386460617048,0.10560889991664509,0.15277082099190709,0.48304460081971246,0.0
2021-05-11 16:50:00,0.0794979079497908,-0.07091633466135461,0.7655994043186893,0.7139796464916979,0.6386515030558427,0.9992204899777284,0.5,0.7136814039516073,0.12787386460617048,0.10560889991664509,0.15277082099190709,0.48304460081971246,0.0
2021-05-11 17:00:00,0.11576011157601115,0.11872509960159339,0.7724497393894265,0.7164792001428317,0.6386515030558427,0.9992204899777284,0.5,0.7196745205410005,0.11220176605643048,0.09993472877058651,0.16356340640390069,0.4949751656870292,0.0
2021-05-11 17:10:00,0.03138075313807531,0.3083665338645416,0.7784065524944153,0.7175504374218891,0.6386515030558427,0.9992204899777284,0.5,0.7196745205410005,0.11220176605643048,0.09993472877058651,0.16356340640390069,0.4949751656870292,0.0
2021-05-11 17:20:00,0.1297071129707113,0.49800796812749004,0.7787043931496647,0.7182645956079272,0.6386515030558427,0.9992204899777284,0.5,0.7196745205410005,0.11220176605643048,0.09993472877058651,0.16356340640390069,0.4949751656870292,0.0
2021-05-11 17:30:00,0.1680613668061367,0.48738379814077004,0.7798957557706625,0.7196929119800035,0.5681250081794507,0.9992204899777284,0.5,0.7196745205410005,0.11220176605643048,0.09993472877058651,0.16356340640390069,0.4949751656870292,0.0
2021-05-11 17:40:00,0.10808926080892609,0.47675962815405026,0.7825763216679076,0.7364756293519013,0.5158419599272356,0.9992204899777284,0.5,0.7196745205410005,0.11220176605643048,0.09993472877058651,0.16356340640390069,0.4949751656870292,0.0
2021-05-11 17:50:00,0.12343096234309624,0.4661354581673305,0.7825763216679076,0.7461167648634173,0.5158419599272356,0.9992204899777284,0.5,0.7196745205410005,0.11220176605643048,0.09993472877058651,0.16356340640390069,0.4949751656870292,0.0
2021-05-11 18:00:00,0.04184100418410042,0.4555112881806107,0.7825763216679076,0.7543295840028565,0.5158419599272356,0.9992204899777284,0.5,0.65297644638174,0.09209584864672282,0.12902753730649594,0.09991853041514999,0.39087683007552104,0.0
2021-05-11 18:10:00,0.058577405857740586,0.44488711819389093,0.782278481012658,0.7657561149794678,0.5158419599272356,0.9992204899777284,0.5,0.65297644638174,0.09209584864672282,0.12902753730649594,0.09991853041514999,0.39087683007552104,0.0
2021-05-11 18:20:00,0.04114365411436541,0.43426294820717115,0.7825763216679076,0.7721835386538116,0.5158419599272356,0.9992204899777284,0.5,0.65297644638174,0.09209584864672282,0.12902753730649594,0.09991853041514999,0.39087683007552104,0.0
2021-05-11 18:30:00,0.0899581589958159,0.4236387782204516,0.782278481012658,0.7786109623281556,0.5158419599272356,0.9992204899777284,0.5,0.65297644638174,0.09209584864672282,0.12902753730649594,0.09991853041514999,0.39087683007552104,0.0
2021-05-11 18:40:00,0.17782426778242677,0.4130146082337318,0.775428145941921,0.7746830923049455,0.5158419599272356,0.9992204899777284,0.5,0.65297644638174,0.09209584864672282,0.12902753730649594,0.09991853041514999,0.39087683007552104,0.0
2021-05-11 18:50:00,0.1324965132496513,0.40239043824701204,0.7715562174236781,0.7653990358864489,0.5402494405255789,0.9992204899777284,0.5,0.65297644638174,0.09209584864672282,0.12902753730649594,0.09991853041514999,0.39087683007552104,0.0
2021-05-11 19:00:00,0.06276150627615062,0.39176626826029226,0.7679821295606848,0.7682556686306017,0.5691719778565912,0.9992204899777284,0.5,0.6551099101034179,0.11003801647668097,0.12277801048169457,0.10150706415675963,0.3223540558599052,0.0
2021-05-11 19:10:00,0.11436541143654114,0.38114209827357226,0.7602382725241994,0.7618282449562577,0.5691719778565912,0.9992204899777284,0.5,0.6551099101034179,0.11003801647668097,0.12277801048169457,0.10150706415675963,0.3223540558599052,0.0
2021-05-11 19:20:00,0.048814504881450484,0.3705179282868525,0.762025316455696,0.7532583467237994,0.5691719778565912,0.9992204899777284,0.5,0.6551099101034179,0.11003801647668097,0.12277801048169457,0.10150706415675963,0.3223540558599052,0.0
2021-05-11 19:30:00,0.07391910739191074,0.3598937583001327,0.7569620253164555,0.7471880021424746,0.5691719778565912,0.9992204899777284,0.5,0.6551099101034179,0.11003801647668097,0.12277801048169457,0.10150706415675963,0.3223540558599052,0.0
2021-05-11 19:40:00,0.02510460251046025,0.3492695883134129,0.7516008935219654,0.7396893411890735,0.5691719778565912,0.9992204899777284,0.5,0.6551099101034179,0.11003801647668097,0.12277801048169457,0.10150706415675963,0.3223540558599052,0.0
2021-05-11 19:50:00,0.05230125523012552,0.33864541832669315,0.7539836187639612,0.7343331547937868,0.5691719778565912,0.9992204899777284,0.5,0.6551099101034179,0.11003801647668097,0.12277801048169457,0.10150706415675963,0.3223540558599052,0.0
2021-05-11 20:00:00,0.03207810320781032,0.029880478087649376,0.7498138495904689,0.7236207820032137,0.5691719778565912,0.9992204899777284,0.5,0.6845870037018593,0.09510440881936337,0.10345813238050273,0.1610954910782967,0.26290782510934424,0.0
2021-05-11 20:10:00,0.1701534170153417,-0.2788844621513944,0.7387937453462394,0.7118371719335832,0.5691719778565912,0.9992204899777284,0.5,0.6845870037018593,0.09510440881936337,0.10345813238050273,0.1610954910782967,0.26290782510934424,0.0
2021-05-11 20:20:00,0.17294281729428174,-0.5876494023904383,0.729560685033507,0.6946973754686665,0.6131577914174661,0.9756124721603564,0.5,0.6845870037018593,0.09510440881936337,0.10345813238050273,0.1610954910782967,0.26290782510934424,0.0
2021-05-11 20:30:00,0.14435146443514643,-0.8964143426294822,0.7230081906180192,0.6893411890733796,0.6677965214432476,0.9995545657015591,0.5,0.6845870037018593,0.09510440881936337,0.10345813238050273,0.1610954910782967,0.26290782510934424,0.0
2021-05-11 20:40:00,0.1799163179916318,-0.19521912350597614,0.7170513775130303,0.670058918050348,0.6678881312899976,0.9995545657015591,0.5,0.6845870037018593,0.09510440881936337,0.10345813238050273,0.1610954910782967,0.26290782510934424,0.0
2021-05-11 20:50:00,0.25592747559274753,0.2350597609561753,0.7054355919583022,0.6507766470273164,0.6943895512426221,0.1477728285077951,0.5,0.6845870037018593,0.09510440881936337,0.10345813238050273,0.1610954910782967,0.26290782510934424,0.07968073388958463
2021-05-11 21:00:00,0.22315202231520226,-0.059760956175298974,0.7072226358897988,0.648634172469202,0.7069008388844538,0.00011135857461024499,0.5,0.7018009667726515,0.1052967325369901,0.09285494987861985,0.2794877019936528,0.2751885919262157,0.08429017607918284
2021-05-11 21:10:00,0.3354253835425383,-0.4422310756972112,0.6935219657483245,0.6479200142831638,0.6944418997264792,0.00011135857461024499,0.5,0.7018009667726515,0.1052967325369901,0.09285494987861985,0.2794877019936528,0.2751885919262157,0.18357801348884228
2021-05-11 21:20:00,0.36750348675034866,-0.06772908366533881,0.6458674609084138,0.5986430994465273,0.67923466516601,0.00011135857461024499,0.5,0.7018009667726515,0.1052967325369901,0.09285494987861985,0.2794877019936528,0.2751885919262157,0.21728503100623142
2021-05-11 21:30:00,0.37377963737796377,0.3784860557768923,0.6300819061801934,0.5593643992144262,0.67923466516601,0.00011135857461024499,0.5,0.7018009667726515,0.1052967325369901,0.09285494987861985,0.2794877019936528,0.2751885919262157,0.22052144786275782
2021-05-11 21:40:00,0.3451882845188285,0.09960159362549792,0.6226358897989572,0.5336547045170503,0.67923466516601,0.00011135857461024499,0.5,0.7018009667726515,0.1052967325369901,0.09285494987861985,0.2794877019936528,0.2751885919262157,0.18629388777403927
2021-05-11 21:50:00,0.35495118549511856,-0.4422310756972112,0.6128071481757258,0.5307980717728977,0.6658334532986088,0.00011135857461024499,0.5,0.7018009667726515,0.1052967325369901,0.09285494987861985,0.2794877019936528,0.2751885919262157,0.22151726843399672
2021-05-11 22:00:00,0.4086471408647141,-0.2509960159362551,0.6005956813104989,0.5372254954472415,0.6240724503016581,0.00011135857461024499,0.5,0.5894460151896639,0.11396322487765824,0.13723976632215076,0.3883870706195362,0.2767630057484156,0.2665932374730299
2021-05-11 22:10:00,0.6569037656903766,0.03585657370517925,0.5904690990320176,0.5329405463310124,0.5993901401630655,0.0244988864142539,0.5,0.5894460151896639,0.11396322487765824,0.13723976632215076,0.3883870706195362,0.2767630057484156,0.7084584395793413
2021-05-11 22:20:00,0.8354253835425384,-0.26693227091633476,0.5693224125093073,0.5104445634708088,0.5998874507597074,0.08841870824053452,0.5,0.5894460151896639,0.11396322487765824,0.13723976632215076,0.3883870706195362,0.2767630057484156,0.7685094376631412
2021-05-11 22:30:00,0.9211994421199443,-0.21912350597609564,0.5538346984363365,0.48366363149437586,0.5979112954941043,0.13730512249443208,0.5,0.5894460151896639,0.11396322487765824,0.13723976632215076,0.3883870706195362,0.2767630057484156,0.5701525416056853
2021-05-11 22:40:00,0.8737796373779637,0.14741035856573692,0.5446016381236036,0.4633101231922869,0.5979112954941043,0.11959910913140312,0.5,0.5894460151896639,0.11396322487765824,0.13723976632215076,0.3883870706195362,0.2767630057484156,0.6703758468246903
2021-05-11 22:50:00,0.8619246861924685,0.1633466135458166,0.537453462397617,0.452597750401714,0.5979112954941043,0.0712694877505568,0.5,0.5894460151896639,0.11396322487765824,0.13723976632215076,0.3883870706195362,0.2767630057484156,0.5489928632859061
2021-05-11 23:00:00,0.9400278940027894,-0.1394422310756973,0.5291139240506326,0.44724156400642756,0.5979112954941043,0.08273942093541202,0.5,0.5159242658067793,0.12896292315959274,0.1531323659191101,0.5679953165822768,0.2255708879546268,0.42760984957074094
2021-05-11 23:10:00,0.9693165969316597,-0.5617529880478087,0.5246463142218911,0.44724156400642756,0.59789820837314,0.08162583518930958,0.5,0.5159242658067793,0.12896292315959274,0.1531323659191101,0.5679953165822768,0.2255708879546268,0.30622689620833776
2021-05-11 23:20:00,0.9135285913528591,-0.0916334661354582,0.5195830230826506,0.45224067130869505,0.5842876025703106,0.0779510022271715,0.5,0.5159242658067793,0.12896292315959274,0.1531323659191101,0.5679953165822768,0.2255708879546268,0.18484391266955355
2021-05-11 23:30:00,0.8849372384937239,-0.45019920318725104,0.527922561429635,0.4608105695411533,0.5840258601510253,0.9293986636971047,0.5,0.5159242658067793,0.12896292315959274,0.1531323659191101,0.5679953165822768,0.2255708879546268,0.06346092913076935
2021-05-11 23:40:00,0.9463040446304045,-0.5776892430278885,0.5538346984363365,0.48223531512229956,0.5840258601510253,0.9893095768374166,0.5,0.5159242658067793,0.12896292315959274,0.1531323659191101,0.5679953165822768,0.2255708879546268,0.0
2021-05-11 23:50:00,0.8688981868898188,-0.09960159362549814,0.5288160833953832,0.47152294233172665,0.5839865987881326,0.12249443207126949,0.5,0.5159242658067793,0.12896292315959274,0.1531323659191101,0.5679953165822768,0.2255708879546268,0.6814128581559213
2021-05-12 00:00:00,0.901673640167364,-0.14741035856573714,0.5014147431124347,0.4508123549366183,0.5839342503042756,0.07449888641425391,0.5,0.4908198956515242,0.13816101400259154,0.16646953411154092,0.9607365272047065,0.17395897964107399,0.7515804879520799
2021-05-12 00:10:00,0.8430962343096234,0.12350597609561742,0.4927773641102009,0.4433136939832174,0.5839342503042756,0.0930957683741648,0.5,0.4908198956515242,0.13816101400259154,0.16646953411154092,0.9607365272047065,0.17395897964107399,0.8217481177482384
2021-05-12 00:20:00,0.8856345885634588,0.043824701195219085,0.4856291883842141,0.44117121942510273,0.5839342503042756,0.16314031180400893,0.5,0.4908198956515242,0.13816101400259154,0.16646953411154092,0.9607365272047065,0.17395897964107399,0.39409599106779125
2021-05-12 00:30:00,0.9372384937238494,0.06772908366533859,0.4778853313477287,0.42831637207641493,0.5839342503042756,0.14287305122494431,0.5,0.4908198956515242,0.13816101400259154,0.16646953411154092,0.9607365272047065,0.17395897964107399,0.5968435505529822
2021-05-12 00:40:00,0.907252440725244,0.3545816733067728,0.47163067758749055,0.4161756829137653,0.5839342503042756,0.133184855233853,0.5,0.4908198956515242,0.13816101400259154,0.16646953411154092,0.9607365272047065,0.17395897964107399,0.6423947975919249
2021-05-12 00:50:00,0.913249721059972,0.6095617529880477,0.474013402829486,0.40082128191394384,0.5839342503042756,0.15757238307349666,0.5,0.4908198956515242,0.13816101400259154,0.16646953411154092,0.9607365272047065,0.17395897964107399,0.7388762315735474
2021-05-12 01:00:00,0.9192468619246862,0.3545816733067728,0.47252419955323877,0.38689519728619914,0.5893784926254073,0.16325167037861915,0.5,0.4227619826810749,0.14099716385015074,0.24259364303624972,0.8911473723659049,0.16940845445264677,0.8883247582117477
2021-05-12 01:10:00,0.9252441422594142,-0.4342629482071714,0.4576321667907668,0.37689698268166416,0.5978589470102472,0.16503340757238308,0.5,0.4227619826810749,0.14099716385015074,0.24259364303624972,0.8911473723659049,0.16940845445264677,0.890138056942831
2021-05-12 01:20:00,0.9312412831241282,-0.6175298804780878,0.4543559195830229,0.36082842349580435,0.5979112954941043,0.16325167037861915,0.5,0.4227619826810749,0.14099716385015074,0.24259364303624972,0.8911473723659049,0.16940845445264677,0.8919512802329617
2021-05-12 01:30:00,0.9372385634588564,-0.6414342629482073,0.44869694713328356,0.3540439207284414,0.5979112954941043,0.15089086859688197,0.5,0.4227619826810749,0.14099716385015074,0.24259364303624972,0.8911473723659049,0.16940845445264677,0.8937645789640449
2021-05-12 01:40:00,0.9432357043235704,-0.3705179282868527,0.44363365599404303,0.3540439207284414,0.5907919016895474,0.15311804008908686,0.5,0.4227619826810749,0.14099716385015074,0.24259364303624972,0.8911473723659049,0.16940845445264677,0.8955777268132233
2021-05-12 01:50:00,0.9492329149232915,0.01195219123505975,0.4469099032017869,0.3583288698446707,0.5840258601510253,0.1633630289532294,0.5,0.4227619826810749,0.14099716385015074,0.24259364303624972,0.8911473723659049,0.16940845445264677,0.8973910255443066
2021-05-12 02:00:00,0.9552301255230126,0.21912350597609564,0.4507818317200294,0.3661846098910908,0.5840258601510253,0.14287305122494431,0.5,0.4007274642346481,0.13769837963029424,0.3050365370512191,0.82845884238341,0.17370523758548462,0.8992043242753897
2021-05-12 02:10:00,0.9612273361227337,0.4422310756972112,0.44899478778853297,0.37082663810033933,0.5840258601510253,0.14342984409799556,0.5,0.4007274642346481,0.13769837963029424,0.3050365370512191,0.82845884238341,0.17370523758548462,0.9010175475655205
2021-05-12 02:20:00,0.9672245467224546,0.49800796812749004,0.44899478778853297,0.37332619175147297,0.5840258601510253,0.1482182628062361,0.5,0.4007274642346481,0.13769837963029424,0.3050365370512191,0.82845884238341,0.17370523758548462,0.9028308462966036
2021-05-12 02:30:00,0.9732217573221758,-0.17928286852589637,0.442144452717796,0.3758257454026068,0.5965502349138213,0.13953229398663697,0.5,0.4007274642346481,0.13769837963029424,0.3050365370512191,0.82845884238341,0.17370523758548462,0.9046441450276869
2021-05-12 02:40:00,0.9792189679218968,-0.20318725099601598,0.4320178704393147,0.3804677736118549,0.5979112954941043,0.14732739420935412,0.5,0.4007274642346481,0.13769837963029424,0.3050365370512191,0.82845884238341,0.17370523758548462,0.9064573683178176
2021-05-12 02:50:00,0.9852161785216179,-0.5697211155378487,0.42963514519731927,0.38189608998393165,0.5979505568569969,0.1252783964365256,0.5,0.4007274642346481,0.13769837963029424,0.3050365370512191,0.82845884238341,0.17370523758548462,0.9082706670489009
2021-05-12 03:00:00,0.9912133891213389,-0.49800796812749004,0.4266567386448248,0.3822531690769506,0.5979505568569969,0.1275055679287305,0.5,0.3993595206227152,0.13974718899332567,0.31033267529484604,0.7924216281228482,0.17416037924563132,0.9100838148980793
2021-05-12 03:10:00,0.9972105997210601,-0.3944223107569722,0.4224869694713327,0.38189608998393165,0.5915640418264385,0.09721603563474389,0.5,0.3993595206227152,0.13974718899332567,0.31033267529484604,0.7924216281228482,0.17416037924563132,0.9118971136291625
2021-05-12 03:20:00,0.9797768479776848,0.298804780876494,0.42189128816083366,0.38296732726298877,0.5840520343929538,0.10412026726057906,0.5,0.3993595206227152,0.13974718899332567,0.31033267529484604,0.7924216281228482,0.17416037924563132,0.9137104123602456
2021-05-12 03:30:00,0.9839609483960948,-0.019920318725099695,0.41861504095308977,0.3858239600071418,0.5840258601510253,0.1052338530066815,0.5,0.3993595206227152,0.13974718899332567,0.31033267529484604,0.7924216281228482,0.17416037924563132,0.9155236356503765
2021-05-12 03:40:00,0.909344490934449,-0.33864541832669326,0.4040208488458674,0.3951080164256384,0.5840258601510253,0.07694877505567929,0.5,0.3993595206227152,0.13974718899332567,0.31033267529484604,0.7924216281228482,0.17416037924563132,0.9173369343814596
2021-05-12 03:50:00,0.9323570432357042,-0.20318725099601598,0.39806403574087845,0.3968934118907337,0.5840258601510253,0.1042316258351893,0.5,0.3993595206227152,0.13974718899332567,0.31033267529484604,0.7924216281228482,0.17416037924563132,0.9191502331125428
2021-05-12 04:00:00,0.9553695955369595,-0.17131474103585675,0.3962769918093818,0.39439385823960005,0.5840258601510253,0.11703786191536748,0.5,0.3030784568059146,0.1389052519058511,0.3933969407614453,0.7999302927088867,0.1583194529629586,0.9209634564026736
2021-05-12 04:10:00,0.9783821478382148,-0.05179282868525903,0.39448994787788516,0.3922513836814856,0.5840258601510253,0.1032293986636971,0.5,0.3030784568059146,0.1389052519058511,0.3933969407614453,0.7999302927088867,0.1583194529629586,0.9227767551337568
2021-05-12 04:20:00,0.9677475592747559,-0.23505976095617542,0.3894266567386446,0.3886805927512944,0.5840258601510253,0.11514476614699332,0.5,0.3030784568059146,0.1389052519058511,0.3933969407614453,0.7999302927088867,0.1583194529629586,0.9245899029829352
2021-05-12 04:30:00,0.9571129707112971,-0.3067729083665339,0.38555472822040193,0.3861810391001608,0.5840258601510253,0.11024498886414255,0.5,0.3030784568059146,0.1389052519058511,0.3933969407614453,0.7999302927088867,0.1583194529629586,0.9264032017140185
2021-05-12 04:40:00,0.9464783821478382,-0.19521912350597614,0.38168279970215924,0.3843956436350653,0.5840258601510253,0.1076837416481069,0.5,0.3030784568059146,0.1389052519058511,0.3933969407614453,0.7999302927088867,0.1583194529629586,0.9282165004451015
2021-05-12 04:50:00,0.9358437935843794,-0.4900398406374503,0.3763216679076691,0.38296732726298877,0.5840258601510253,0.08084632516703787,0.5,0.3030784568059146,0.1389052519058511,0.3933969407614453,0.7999302927088867,0.1583194529629586,0.9300297237352325
2021-05-12 05:00:00,0.8695955369595537,-0.6892430278884463,0.3638123603871928,0.38296732726298877,0.5840258601510253,0.06213808463251671,0.5,0.2797573762858865,0.13405764826569577,0.40543096701983133,0.8496755459228095,0.14303518439140347,0.9318430224663157
2021-05-12 05:10:00,0.7754532775453277,-0.17131474103585675,0.3605361131794489,0.3840385645420461,0.5812775647485309,0.023162583518930958,0.5,0.2797573762858865,0.13405764826569577,0.40543096701983133,0.8496755459228095,0.14303518439140347,0.9336563211973988
2021-05-12 05:20:00,0.8145048814504882,-0.23505976095617542,0.35874906924795225,0.3861810391001608,0.5840389472719896,0.04097995545657016,0.5,0.2797573762858865,0.13405764826569577,0.40543096701983133,0.8496755459228095,0.14303518439140347,0.9354695444875297
2021-05-12 05:30:00,0.8270571827057183,-0.06772908366533881,0.357259865971705,0.3872522763792181,0.5840520343929538,0.047438752783964366,0.5,0.2797573762858865,0.13405764826569577,0.40543096701983133,0.8496755459228095,0.14303518439140347,0.9372828432186128
2021-05-12 05:40:00,0.8263598326359832,-0.003984063745020028,0.357259865971705,0.3861810391001608,0.5840520343929538,0.04643652561247216,0.5,0.2797573762858865,0.13405764826569577,0.40543096701983133,0.8496755459228095,0.14303518439140347,0.9390959910677912
2021-05-12 05:50:00,0.8458856345885635,0.3784860557768923,0.35845122859270284,0.38510980182110344,0.5843922995380245,0.048775055679287305,0.5,0.2797573762858865,0.13405764826569577,0.40543096701983133,0.8496755459228095,0.14303518439140347,0.9409092897988744
2021-05-12 06:00:00,0.7775453277545328,-0.059760956175298974,0.356664184661206,0.3843956436350653,0.5979112954941043,0.04086859688195991,0.5,0.26670437789317214,0.15663765384029682,0.41631795953031603,0.8690952075013324,0.13465621442233325,0.9427225885299577
2021-05-12 06:10:00,0.702231520223152,0.05976095617529875,0.34772896500372297,0.38653811819317974,0.5979112954941043,0.007461024498886415,0.5,0.26670437789317214,0.15663765384029682,0.41631795953031603,0.8690952075013324,0.13465621442233325,0.9445358118200884
2021-05-12 06:20:00,0.5913528591352859,0.03585657370517925,0.3381980640357407,0.39582217461167657,0.5979112954941043,0.042316258351893093,0.5,0.26670437789317214,0.15663765384029682,0.41631795953031603,0.8690952075013324,0.13465621442233325,0.5646000875115047
2021-05-12 06:30:00,0.6673640167364017,0.1633466135458166,0.33164556962025293,0.3968934118907337,0.5979112954941043,0.03285077951002228,0.5,0.26670437789317214,0.15663765384029682,0.41631795953031603,0.8690952075013324,0.13465621442233325,0.7647298459495753
2021-05-12 06:40:00,0.6283124128312413,0.14741035856573692,0.3259865971705136,0.3861810391001608,0.5979505568569969,0.03541202672605791,0.5,0.26670437789317214,0.15663765384029682,0.41631795953031603,0.8690952075013324,0.13465621442233325,0.6864674019644824
2021-05-12 06:50:00,0.5264993026499303,0.003984063745019917,0.3194341027550258,0.38296732726298877,0.5979505568569969,0.011469933184855235,0.5,0.26670437789317214,0.15663765384029682,0.41631795953031603,0.8690952075013324,0.13465621442233325,0.52395250237639
2021-05-12 07:00:00,0.5634588563458857,0.07569721115537842,0.3110945644080414,0.3793965363327978,0.5979505568569969,0.014253897550111359,0.5,0.2555405318416941,0.1671374426376468,0.4168368829240598,0.8183636922382471,0.14617271237518387,0.6139158380735399
2021-05-12 07:10:00,0.5878661087866108,-0.1633466135458168,0.3063291139240505,0.3665416889841102,0.5972307652039628,0.020155902004454343,0.5,0.2555405318416941,0.1671374426376468,0.4168368829240598,0.8183636922382471,0.14617271237518387,0.6469514311148664
2021-05-12 07:20:00,0.6143654114365412,0.14741035856573692,0.30811615785554713,0.35761471165863257,0.594011333446755,0.02951002227171492,0.5,0.2555405318416941,0.1671374426376468,0.4168368829240598,0.8183636922382471,0.14617271237518387,0.6679919127299063
2021-05-12 07:30:00,0.701534170153417,0.019920318725099362,0.3051377513030529,0.34511694340296395,0.5966156705186426,0.06069042316258352,0.5,0.2555405318416941,0.1671374426376468,0.4168368829240598,0.8183636922382471,0.14617271237518387,0.7073419134843159
2021-05-12 07:40:00,0.810320781032078,0.027888446215139417,0.30841399851079654,0.33226209605427615,0.5877164282629465,0.06959910913140312,0.5,0.2555405318416941,0.1671374426376468,0.4168368829240598,0.8183636922382471,0.14617271237518387,0.9110098525883791
2021-05-12 07:50:00,0.8277545327754532,-0.29083665338645437,0.31228592702903946,0.324763435100875,0.5902291554880842,0.07238307349665925,0.5,0.2555405318416941,0.1671374426376468,0.4168368829240598,0.8183636922382471,0.14617271237518387,0.835931016793156
2021-05-12 08:00:00,0.9407252440725244,-0.21115537848605592,0.31198808637378983,0.30833779682199625,0.5903076782138698,0.10846325167037862,0.5,0.25950611412159796,0.17239308404716103,0.40113704079496226,0.7914040848683498,0.1545145403195067,0.8799583565942938
2021-05-12 08:10:00,0.9518828451882846,-0.11553784860557781,0.31288160833953826,0.28869844670594547,0.5829265419900276,0.12015590200445433,0.5,0.25950611412159796,0.17239308404716103,0.40113704079496226,0.7914040848683498,0.1545145403195067,0.8741267709763568
2021-05-12 08:20:00,0.9972105997210601,0.03585657370517925,0.31615785554728193,0.28405641849669716,0.5829265419900276,0.1358574610244989,0.5,0.25950611412159796,0.17239308404716103,0.40113704079496226,0.7914040848683498,0.1545145403195067,0.8346711528886341
2021-05-12 08:30:00,0.9567642956764296,-0.31474103585657376,0.3221146686522709,0.27798607391537233,0.5829134548690633,0.5351893095768374,0.5,0.25950611412159796,0.17239308404716103,0.40113704079496226,0.7914040848683498,0.1545145403195067,0.4761455708616866
2021-05-12 08:40:00,0.9425847977684798,-0.4900398406374503,0.3536857781087117,0.29405463310123214,0.5829134548690633,0.9992204899777284,0.5,0.25950611412159796,0.17239308404716103,0.40113704079496226,0.7914040848683498,0.1545145403195067,0.0
2021-05-12 08:50:00,0.9284054044630405,-0.6653386454183268,0.38585256887565134,0.3076236386359579,0.5829134548690633,0.9992204899777284,0.5,0.25950611412159796,0.17239308404716103,0.40113704079496226,0.7914040848683498,0.1545145403195067,0.0
2021-05-12 09:00:00,0.9142259414225941,-0.3466135458167332,0.3876396128071482,0.3044099267987861,0.5829134548690633,0.9992204899777284,0.5,0.26988009230801024,0.18690715991344958,0.38114606235171467,0.9767929619650177,0.15398549585010537,0.0
2021-05-12 09:10:00,0.9191073919107392,-0.50597609561753,0.3998510796723751,0.3044099267987861,0.5829134548690633,0.9992204899777284,0.5,0.26988009230801024,0.18690715991344958,0.38114606235171467,0.9767929619650177,0.15398549585010537,0.0
2021-05-12 09:20:00,0.9163179916317992,-0.3067729083665339,0.4072970960536113,0.3058382431708624,0.5829134548690633,0.9992204899777284,0.5,0.26988009230801024,0.18690715991344958,0.38114606235171467,0.9767929619650177,0.15398549585010537,0.0
2021-05-12 09:30:00,0.8284518828451883,0.593625498007968,0.40610573343261325,0.3090519550080342,0.5829134548690633,0.9992204899777284,0.5,0.26988009230801024,0.18690715991344958,0.38114606235171467,0.9767929619650177,0.15398549585010537,0.0
2021-05-12 09:40:00,0.9351464435146444,0.4501992031872508,0.4043186895011168,0.3165506159614355,0.5829134548690633,0.9992204899777284,0.5,0.26988009230801024,0.18690715991344958,0.38114606235171467,0.9767929619650177,0.15398549585010537,0.0
2021-05-12 09:50:00,0.9651324965132496,0.2669322709163344,0.4150409530900967,0.32226388144974116,0.5829134548690633,0.9992204899777284,0.5,0.26988009230801024,0.18690715991344958,0.38114606235171467,0.9767929619650177,0.15398549585010537,0.0
2021-05-12 10:00:00,0.9211994421199443,0.5776892430278884,0.4162323157110943,0.3261917514729513,0.5829134548690633,0.9992204899777284,0.5,0.422208288042617,0.18953354386549637,0.2473624881539757,0.9776404475685423,0.16962090946842762,0.0
2021-05-12 10:10:00,0.9316596931659693,0.33864541832669315,0.4221891288160833,0.3326191751472951,0.5829134548690633,0.9992204899777284,0.5,0.422208288042617,0.18953354386549637,0.2473624881539757,0.978487933172067,0.16962090946842762,0.0
2021-05-12 10:20:00,0.9658298465829847,0.4747165185412199,0.42516753536857754,0.33369041242635245,0.5829134548690633,0.9992204899777284,0.5,0.422208288042617,0.18953354386549637,0.2473624881539757,0.9793353283674836,0.16962090946842762,0.0
2021-05-12 10:30:00,0.9128312412831241,0.6107876187557462,0.42516753536857754,0.33868951972861994,0.5829134548690633,0.9992204899777284,0.5,0.422208288042617,0.18953354386549637,0.2473624881539757,0.980182813971008,0.16962090946842762,0.0
2021-05-12 10:40:00,0.9344490934449093,0.7468587189702727,0.426061057334326,0.3458311015890019,0.5829134548690633,0.9992204899777284,0.5,0.422208288042617,0.18953354386549637,0.2473624881539757,0.9810302995745326,0.16962090946842762,0.0
2021-05-12 10:50:00,0.997907949790795,0.6840330983757279,0.4302308265078181,0.3476164970540976,0.5829134548690633,0.9992204899777284,0.5,0.422208288042617,0.18953354386549637,0.2473624881539757,0.9818776947699492,0.16962090946842762,0.0
2021-05-12 11:00:00,0.9658298465829847,0.6212074777811829,0.43350707371556196,0.3504731297982504,0.5829134548690633,0.9992204899777284,0.5,0.4411159543502934,0.18260552230271151,0.22433304330943268,0.9827251803734739,0.20282394254764488,0.0
2021-05-12 11:10:00,0.9744304741980474,0.5583818571866379,0.4346984363365598,0.3540439207284414,0.5829134548690633,0.9992204899777284,0.5,0.4411159543502934,0.18260552230271151,0.22433304330943268,0.9827251803734739,0.20282394254764488,0.0
2021-05-12 11:20:00,0.9830311715481171,0.49555623659209314,0.4430379746835442,0.3554722371005179,0.5829134548690633,0.9992204899777284,0.5,0.4411159543502934,0.18260552230271151,0.22433304330943268,0.9827251803734739,0.20282394254764488,0.0
2021-05-12 11:30:00,0.99163179916318,0.43273061599754814,0.44869694713328356,0.3540439207284414,0.5829134548690633,0.9992204899777284,0.5,0.4411159543502934,0.18260552230271151,0.22433304330943268,0.9827251803734739,0.20282394254764488,0.0
2021-05-12 11:40:00,0.972570920502092,0.36990499540300337,0.4540580789277735,0.35582931619353686,0.5829134548690633,0.9992204899777284,0.5,0.4411159543502934,0.18260552230271151,0.22433304330943268,0.9827251803734739,0.20282394254764488,0.0
2021-05-12 11:50:00,0.9535099721059972,0.30707937480845837,0.4576321667907668,0.3569005534725942,0.5829134548690633,0.9992204899777284,0.5,0.4411159543502934,0.18260552230271151,0.22433304330943268,0.9827251803734739,0.20282394254764488,0.0
2021-05-12 12:00:00,0.9344490934449093,0.2442537542139136,0.46299329858525673,0.3618996607748617,0.5829134548690633,0.9992204899777284,0.5,0.4570596650082397,0.17588151962460613,0.206214221772793,0.9445604825176336,0.23549718896162863,0.0
2021-05-12 12:10:00,0.9198047419804741,0.1814281336193686,0.4665673864482498,0.3665416889841102,0.5829134548690633,0.9992204899777284,0.5,0.4570596650082397,0.17588151962460613,0.206214221772793,0.9445604825176336,0.23549718896162863,0.0
2021-05-12 12:20:00,0.8779637377963738,0.11860251302482361,0.47252419955323877,0.3693983217282628,0.5829134548690633,0.9992204899777284,0.5,0.4570596650082397,0.17588151962460613,0.206214221772793,0.9445604825176336,0.23549718896162863,0.0
2021-05-12 12:30:00,0.9539748953974895,0.055776892430278835,0.4760982874162323,0.3747545081235495,0.5829134548690633,0.9992204899777284,0.5,0.4570596650082397,0.17588151962460613,0.206214221772793,0.9445604825176336,0.23549718896162863,0.0
2021-05-12 12:40:00,0.9658298465829847,-0.007048728164266049,0.47848101265822773,0.3808248527048743,0.5829134548690633,0.9992204899777284,0.5,0.4570596650082397,0.17588151962460613,0.206214221772793,0.9445604825176336,0.23549718896162863,0.0
2021-05-12 12:50:00,0.9490934449093444,-0.06987434875881093,0.47877885331347714,0.38296732726298877,0.5829134548690633,0.9992204899777284,0.5,0.4570596650082397,0.17588151962460613,0.206214221772793,0.9445604825176336,0.23549718896162863,0.0
2021-05-12 13:00:00,0.9825662482566249,-0.13269996935335582,0.48384214445271767,0.38296732726298877,0.5829134548690633,0.9992204899777284,0.5,0.5415253635236603,0.16299959483573642,0.1356625790670209,0.9171008279029,0.2480523253763598,0.0
2021-05-12 13:10:00,0.9958158995815899,-0.1955255899479007,0.4847356664184659,0.38296732726298877,0.5829134548690633,0.9992204899777284,0.5,0.5415253635236603,0.16299959483573642,0.1356625790670209,0.9171008279029,0.2480523253763598,0.0
2021-05-12 13:20:00,0.9616457461645745,-0.2583512105424456,0.4847356664184659,0.38296732726298877,0.5829134548690633,0.9992204899777284,0.5,0.5415253635236603,0.16299959483573642,0.1356625790670209,0.9171008279029,0.2480523253763598,0.0
2021-05-12 13:30:00,0.8765690376569037,-0.32117683113699047,0.4883097542814592,0.3861810391001608,0.5829134548690633,0.9992204899777284,0.5,0.5415253635236603,0.16299959483573642,0.1356625790670209,0.9171008279029,0.2480523253763598,0.0
2021-05-12 13:40:00,0.9700139470013948,-0.38400245173153535,0.49158600148920306,0.38760935547223707,0.5829134548690633,0.9992204899777284,0.5,0.5415253635236603,0.16299959483573642,0.1356625790670209,0.9171008279029,0.2480523253763598,0.0
2021-05-12 13:50:00,0.9704322873082287,-0.44682807232608024,0.4933730454206997,0.3936797000535619,0.5829134548690633,0.9992204899777284,0.5,0.5415253635236603,0.16299959483573642,0.1356625790670209,0.9171008279029,0.2480523253763598,0.0
2021-05-12 14:00:00,0.9708507670850768,-0.5096536929206252,0.49456440804169755,0.3936797000535619,0.5829134548690633,0.9992204899777284,0.5,0.5451489098709468,0.14266667049800905,0.12914154320360632,0.8999050249626849,0.24966146457143434,0.0
2021-05-12 14:10:00,0.9712691422594143,-0.57247931351517,0.4927773641102009,0.3922513836814856,0.5829134548690633,0.9992204899777284,0.5,0.5451489098709468,0.14266667049800905,0.12914154320360632,0.8999050249626849,0.24966146457143434,0.0
2021-05-12 14:20:00,0.9716875871687587,-0.635304934109715,0.49099032017870425,0.3890376718443136,0.5829134548690633,0.9992204899777284,0.5,0.5451489098709468,0.14266667049800905,0.12914154320360632,0.8999050249626849,0.24966146457143434,0.0
2021-05-12 14:30:00,0.9721059972105996,-0.6981305547042598,0.48741623231571096,0.38653811819317974,0.5921006137859733,0.9935412026726058,0.5,0.5451489098709468,0.14266667049800905,0.12914154320360632,0.8999050249626849,0.24966146457143434,0.0
2021-05-12 14:40:00,0.9393305439330545,-0.7609561752988048,0.5008190618019359,0.3954650955186574,0.6280509350747928,0.9993318485523385,0.5,0.5451489098709468,0.14266667049800905,0.12914154320360632,0.8999050249626849,0.24966146457143434,0.0
2021-05-12 14:50:00,0.9546722454672245,-0.7290836653386454,0.5052866716306774,0.3997500446348867,0.6280509350747928,0.9993318485523385,0.5,0.5451489098709468,0.14266667049800905,0.12914154320360632,0.8999050249626849,0.24966146457143434,0.0
2021-05-12 15:00:00,0.8967921896792189,-0.6972111553784861,0.5118391660461652,0.4029637564720585,0.6280509350747928,0.9993318485523385,0.5,0.5491308018116063,0.1205924018769735,0.12477685469777214,0.8826363078834424,0.24451231634678475,0.0
2021-05-12 15:10:00,0.8661087866108786,-0.7498007968127491,0.5204765450483988,0.40403499375111585,0.6280509350747928,0.9993318485523385,0.5,0.5491308018116063,0.1205924018769735,0.12477685469777214,0.8826363078834424,0.24451231634678475,0.0
2021-05-12 15:20:00,0.9274755927475593,-0.7227091633466135,0.5282204020848844,0.40403499375111585,0.6280509350747928,0.9993318485523385,0.5,0.5491308018116063,0.1205924018769735,0.12477685469777214,0.8826363078834424,0.24451231634678475,0.0
2021-05-12 15:30:00,0.894002789400279,-0.6956175298804782,0.5219657483246463,0.404749151937154,0.6280509350747928,0.9993318485523385,0.5,0.5491308018116063,0.1205924018769735,0.12477685469777214,0.8826363078834424,0.24451231634678475,0.0
2021-05-12 15:40:00,0.8779637377963738,-0.6685258964143428,0.5234549516008933,0.404749151937154,0.6280509350747928,0.9993318485523385,0.5,0.5491308018116063,0.1205924018769735,0.12477685469777214,0.8826363078834424,0.24451231634678475,0.0
2021-05-12 15:50:00,0.901673640167364,-0.6414342629482073,0.5314966492926283,0.40689162649526867,0.6280509350747928,0.9993318485523385,0.5,0.5491308018116063,0.1205924018769735,0.12477685469777214,0.8826363078834424,0.24451231634678475,0.0
2021-05-12 16:00:00,0.8772663877266388,-0.6143426294820717,0.5309009679821295,0.40760578468130704,0.6280509350747928,0.9993318485523385,0.5,0.6008541392684934,0.09880835730315808,0.10729742997228983,0.8534647305414271,0.2463817487052505,0.0
2021-05-12 16:10:00,0.9449093444909346,-0.5872509960159362,0.5323901712583765,0.40760578468130704,0.6280509350747928,0.9993318485523385,0.5,0.6008541392684934,0.09880835730315808,0.10729742997228983,0.8534647305414271,0.2463817487052505,0.0
2021-05-12 16:20:00,0.8444909344490934,-0.5601593625498009,0.5407297096053609,0.40760578468130704,0.6280509350747928,0.9993318485523385,0.5,0.6008541392684934,0.09880835730315808,0.10729742997228983,0.8534647305414271,0.2463817487052505,0.0
2021-05-12 16:30:00,0.8556485355648535,-0.5330677290836654,0.5443037974683544,0.40760578468130704,0.6280509350747928,0.9993318485523385,0.5,0.6008541392684934,0.09880835730315808,0.10729742997228983,0.8534647305414271,0.2463817487052505,0.0
2021-05-12 16:40:00,0.9274755927475593,-0.50597609561753,0.5365599404318686,0.4051062310301732,0.6206043632461296,0.7749443207126949,0.5,0.6008541392684934,0.09880835730315808,0.10729742997228983,0.8534647305414271,0.2463817487052505,0.08189115379392549
2021-05-12 16:50:00,0.9553695955369595,0.003984063745019917,0.5365599404318686,0.40403499375111585,0.6226852154794466,0.1374164810690423,0.5,0.6008541392684934,0.09880835730315808,0.10729742997228983,0.8534647305414271,0.2463817487052505,0.6291775427372995
2021-05-12 17:00:00,0.909344490934449,0.08366533864541825,0.5258376768428887,0.397964649169791,0.6306814463886089,0.12928730512249442,0.5,0.5934115641164781,0.08695227394851021,0.10962256692837298,0.8245206652029611,0.25128228522311236,0.6470872248291263
2021-05-12 17:10:00,0.8688981868898188,-0.1633466135458168,0.5058823529411764,0.3808248527048743,0.630027090340396,0.10835189309576838,0.5,0.5934115641164781,0.08695227394851021,0.10962256692837298,0.8245206652029611,0.25128228522311236,0.6790741886325573
2021-05-12 17:20:00,0.8863319386331939,-0.20318725099601598,0.5055845122859268,0.38832351365827544,0.6228553480519822,0.11547884187082405,0.5,0.5934115641164781,0.08695227394851021,0.10962256692837298,0.8245206652029611,0.25128228522311236,0.6349864960695264
2021-05-12 17:30:00,0.8661087866108786,-0.17928286852589637,0.5055845122859268,0.3951080164256384,0.6230385677454817,0.11380846325167039,0.5,0.5934115641164781,0.08695227394851021,0.10962256692837298,0.8245206652029611,0.25128228522311236,0.653009339589903
2021-05-12 17:40:00,0.8507670850767085,0.07569721115537842,0.5032017870439314,0.3940367791465811,0.6166520527149233,0.1086859688195991,0.5,0.5934115641164781,0.08695227394851021,0.10962256692837298,0.8245206652029611,0.25128228522311236,0.6937474538678576
2021-05-12 17:50:00,0.8779637377963738,-0.01195219123505975,0.5032017870439314,0.39903588644884835,0.6168090981664944,0.10935412026726059,0.5,0.5934115641164781,0.08695227394851021,0.10962256692837298,0.8245206652029611,0.25128228522311236,0.7301175370037871
2021-05-12 18:00:00,0.8619246861924685,-0.059760956175298974,0.49873417721518964,0.4036779146580969,0.6168090981664944,0.09755011135857461,0.5,0.5366152217496829,0.09298088831546562,0.1255802221707357,0.8431050462725268,0.23481058640381136,0.7894744783258144
2021-05-12 18:10:00,0.8521617852161786,-0.21912350597609564,0.5023082650781829,0.4161756829137653,0.617044666343851,0.09331848552338531,0.5,0.5366152217496829,0.09298088831546562,0.1255802221707357,0.8431050462725268,0.23481058640381136,0.7581061303317893
2021-05-12 18:20:00,0.9058577405857741,0.027888446215139417,0.5055845122859268,0.41867523656489913,0.6146758974493202,0.1304008908685969,0.5,0.5366152217496829,0.09298088831546562,0.1255802221707357,0.8431050462725268,0.23481058640381136,0.6208488615960288
2021-05-12 18:30:00,0.9309623430962343,-0.3227091633466136,0.5023082650781829,0.41510444563470794,0.6121239088612896,0.14665924276169265,0.5,0.5366152217496829,0.09298088831546562,0.1255802221707357,0.8431050462725268,0.23481058640381136,0.5033420341898397
2021-05-12 18:40:00,0.8800557880055787,0.29083665338645415,0.5020104244229335,0.41046241742545986,0.6079752915156196,0.12438752783964366,0.5,0.5366152217496829,0.09298088831546562,0.1255802221707357,0.8431050462725268,0.23481058640381136,0.6076693272175868
2021-05-12 18:50:00,0.8863319386331939,-0.298804780876494,0.4972449739389424,0.4165327620067847,0.6167174883197445,0.09476614699331849,0.5,0.5366152217496829,0.09298088831546562,0.1255802221707357,0.8431050462725268,0.23481058640381136,0.8086138479412164
2021-05-12 19:00:00,0.8640167364016736,0.043824701195219085,0.496947133283693,0.4226031065881093,0.615016162594391,0.08708240534521158,0.5,0.5267786952471514,0.10984261810825517,0.12489517227508472,0.8136904971405103,0.23789763729059238,0.8749113568809693
2021-05-12 19:10:00,0.8877266387726639,-0.06772908366533881,0.4966492926284436,0.4258168184252813,0.6092185680072241,0.09543429844097996,0.5,0.5267786952471514,0.10984261810825517,0.12489517227508472,0.8136904971405103,0.23789763729059238,0.8838963743078294
2021-05-12 19:20:00,0.8891213389121339,0.298804780876494,0.49754281459419203,0.4258168184252813,0.6064702726047296,0.1042316258351893,0.5,0.5267786952471514,0.10984261810825517,0.12489517227508472,0.8136904971405103,0.23789763729059238,0.8327624967937595
2021-05-12 19:30:00,0.8214783821478382,-0.1394422310756973,0.49426656738644814,0.43117300482056775,0.6198976587140594,0.08229398663697104,0.5,0.5267786952471514,0.10984261810825517,0.12489517227508472,0.8136904971405103,0.23789763729059238,0.8369117491739215
2021-05-12 19:40:00,0.9232914923291493,0.043824701195219085,0.4933730454206997,0.4358150330298163,0.6084464278703328,0.10824053452115814,0.5,0.5267786952471514,0.10984261810825517,0.12489517227508472,0.8136904971405103,0.23789763729059238,0.8416268086968329
2021-05-12 19:50:00,0.9051603905160391,0.3227091633466135,0.49128816083395366,0.42938760935547227,0.606130007459659,0.11325167037861916,0.5,0.5267786952471514,0.10984261810825517,0.12489517227508472,0.8136904971405103,0.23789763729059238,0.7781055268041704
2021-05-12 20:00:00,0.8054393305439331,0.21912350597609564,0.48682055100521215,0.42938760935547227,0.606130007459659,0.09242761692650335,0.5,0.5136198341484273,0.12233374616027748,0.12285917152079429,0.7656523298200961,0.2329962318673142,0.7336330853840699
2021-05-12 20:10:00,0.8765690376569037,0.03585657370517925,0.48294862248696924,0.4301017675415104,0.606130007459659,0.08262806236080178,0.5,0.5136198341484273,0.12233374616027748,0.12285917152079429,0.7656523298200961,0.2329962318673142,0.982739110098526
2021-05-12 20:20:00,0.8626220362622036,-0.29083665338645437,0.4781831720029781,0.4301017675415104,0.606130007459659,0.06514476614699331,0.5,0.5136198341484273,0.12233374616027748,0.12285917152079429,0.7656523298200961,0.2329962318673142,0.988105451363218
2021-05-12 20:30:00,0.7768479776847979,-0.23505976095617542,0.47431124348473563,0.4383145866809499,0.601235424219026,0.023496659242761692,0.5,0.5136198341484273,0.12233374616027748,0.12285917152079429,0.7656523298200961,0.2329962318673142,0.9934718680688626
2021-05-12 20:40:00,0.7287308228730822,0.17928286852589648,0.4734177215189872,0.4447420103552937,0.5991676591066731,0.009910913140311804,0.5,0.5136198341484273,0.12233374616027748,0.12285917152079429,0.7656523298200961,0.2329962318673142,0.9988382093335546
2021-05-12 20:50:00,0.7357043235704324,-0.14741035856573714,0.46775874906924786,0.4572397786109621,0.6022562196542384,0.01002227171492205,0.5,0.5136198341484273,0.12233374616027748,0.12285917152079429,0.7656523298200961,0.2329962318673142,0.9804507596903904
2021-05-12 21:00:00,0.7712691771269178,-0.0916334661354582,0.46358897989575576,0.4690233886805928,0.602190784049417,0.014365256124721604,0.5,0.5083352038857682,0.13499153752654397,0.11378612823418814,0.6793984744709817,0.22029778385623536,0.9620632346062737
2021-05-12 21:10:00,0.6757322175732218,0.09960159362549792,0.4618019359642589,0.4708087841456883,0.596131447042965,0.00111358574610245,0.5,0.5083352038857682,0.13499153752654397,0.11378612823418814,0.6793984744709817,0.22029778385623536,0.9436757849631094
2021-05-12 21:20:00,0.6617852161785216,0.20318725099601576,0.4579300074460164,0.4683092304945544,0.596131447042965,0.000556792873051225,0.5,0.5083352038857682,0.13499153752654397,0.11378612823418814,0.6793984744709817,0.22029778385623536,0.8996559892572084
2021-05-12 21:30:00,0.7112970711297071,0.12350597609561742,0.45554728220402074,0.47795036600607044,0.5992200075905302,0.004008908685968819,0.5,0.5083352038857682,0.13499153752654397,0.11378612823418814,0.6793984744709817,0.22029778385623536,0.9588394163887926
2021-05-12 21:40:00,0.6875871687587168,-0.17131474103585675,0.45256887565152626,0.4800928405641849,0.596131447042965,0.0010022271714922048,0.5,0.5083352038857682,0.13499153752654397,0.11378612823418814,0.6793984744709817,0.22029778385623536,0.9223033631576565
2021-05-12 21:50:00,0.690376569037657,-0.24302788844621515,0.4513775130305284,0.4754508123549366,0.5960398371962152,0.000779510022271715,0.5,0.5083352038857682,0.13499153752654397,0.11378612823418814,0.6793984744709817,0.22029778385623536,0.9135446685878963
2021-05-12 22:00:00,0.6715481171548118,-0.2749003984063746,0.4475055845122857,0.4786645241921086,0.5960398371962152,0.0012249443207126948,0.5,0.4297404162398859,0.1611806659061454,0.14638116242137367,0.6809454476053862,0.20574945010728857,0.908233625541289
2021-05-12 22:10:00,0.7252440725244073,-0.20318725099601598,0.4460163812360385,0.47723620782003207,0.5960398371962152,0.008797327394209355,0.5,0.4297404162398859,0.1611806659061454,0.14638116242137367,0.6809454476053862,0.20574945010728857,0.9473610754862171
2021-05-12 22:20:00,0.7092050209205021,-0.21115537848605592,0.44393149664929243,0.47795036600607044,0.5960398371962152,0.005233853006681514,0.5,0.4297404162398859,0.1611806659061454,0.14638116242137367,0.6809454476053862,0.20574945010728857,0.9864885254311452
2021-05-12 22:30:00,0.7252440725244073,-0.13147410358565736,0.44363365599404303,0.4754508123549366,0.5960398371962152,0.008129175946547884,0.5,0.4297404162398859,0.1611806659061454,0.14638116242137367,0.6809454476053862,0.20574945010728857,0.9304396698703925
2021-05-12 22:40:00,0.6499302649930265,0.07569721115537842,0.4400595681310495,0.47616497054097473,0.5960398371962152,0.0021158129175946547,0.5,0.4297404162398859,0.1611806659061454,0.14638116242137367,0.6809454476053862,0.20574945010728857,0.8743908143096398
2021-05-12 22:50:00,0.6980474198047419,-0.01195219123505975,0.44065524944154855,0.47580789144795577,0.5960398371962152,0.0027839643652561247,0.5,0.4297404162398859,0.1611806659061454,0.14638116242137367,0.6809454476053862,0.20574945010728857,0.98205259743199
2021-05-12 23:00:00,0.6603905160390516,-0.15537848605577698,0.4379746835443037,0.47580789144795577,0.5960398371962152,0.0010022271714922048,0.5,0.36485821768427495,0.1672322683164411,0.17690101029007846,0.6629051425292075,0.1993410250776632,0.8958311329722227
2021-05-12 23:10:00,0.7308228730822873,-0.2589641434262948,0.43678332092330585,0.47723620782003207,0.5960398371962152,0.004231625835189309,0.5,0.36485821768427495,0.1672322683164411,0.17690101029007846,0.6629051425292075,0.1993410250776632,0.9020474674472291
2021-05-12 23:20:00,0.6722454672245468,-0.1633466135458168,0.43618763961280704,0.4754508123549366,0.5960398371962152,0.0006681514476614699,0.5,0.36485821768427495,0.1672322683164411,0.17690101029007846,0.6629051425292075,0.1993410250776632,0.9082638019222355
2021-05-12 23:30:00,0.6792189679218968,0.12350597609561742,0.4344005956813102,0.4754508123549366,0.5960398371962152,0.0034521158129175947,0.5,0.36485821768427495,0.1672322683164411,0.17690101029007846,0.6629051425292075,0.1993410250776632,0.9314241742987764
2021-05-12 23:40:00,0.7294281729428174,0.1872509960159361,0.43648548026805645,0.4683092304945544,0.5960398371962152,0.00824053452115813,0.5,0.36485821768427495,0.1672322683164411,0.17690101029007846,0.6629051425292075,0.1993410250776632,0.9225410021576113
2021-05-12 23:50:00,0.6701534170153417,0.31474103585657365,0.4344005956813102,0.4654525977504018,0.5981337765504966,0.00044543429844097997,0.5,0.36485821768427495,0.1672322683164411,0.17690101029007846,0.6629051425292075,0.1993410250776632,0.9136578300164461
2021-05-13 00:00:00,0.6959553695955369,-0.26693227091633476,0.4302308265078181,0.47437957507587925,0.6059860491290521,0.0020044543429844097,0.5,0.36736623660081325,0.17163735212222714,0.16670249165658177,0.6338308352704899,0.19349308433302453,0.9399490019162002
2021-05-13 00:10:00,0.597629009762901,-0.06772908366533881,0.4269545793000742,0.47473665416889843,0.6004894583240633,0.012694877505567928,0.5,0.36736623660081325,0.17163735212222714,0.16670249165658177,0.6338308352704899,0.19349308433302453,0.685305611298037
2021-05-13 00:20:00,0.6185495118549511,0.24302788844621515,0.4233804914370811,0.4797357614711659,0.5960398371962152,0.04788418708240535,0.5,0.36736623660081325,0.17163735212222714,0.16670249165658177,0.6338308352704899,0.19349308433302453,0.6100457172171342
2021-05-13 00:30:00,0.601115760111576,0.24302788844621515,0.4198064035740878,0.46616675593643975,0.5960136629542866,0.02928730512249443,0.5,0.36736623660081325,0.17163735212222714,0.16670249165658177,0.6338308352704899,0.19349308433302453,0.667954192253723
2021-05-13 00:40:00,0.6317991631799164,0.2669322709163344,0.41831720029784036,0.45831101589001966,0.5960136629542866,0.02873051224944321,0.5,0.36736623660081325,0.17163735212222714,0.16670249165658177,0.6338308352704899,0.19349308433302453,0.7159949907207629
2021-05-13 00:50:00,0.6415620641562064,0.24302788844621515,0.4162323157110943,0.449384038564542,0.5996518825823508,0.02962138084632517,0.5,0.36736623660081325,0.17163735212222714,0.16670249165658177,0.6338308352704899,0.19349308433302453,0.7374579416690556
2021-05-13 01:00:00,0.7182705718270572,-0.11553784860557781,0.4162323157110943,0.4497411176575612,0.6059729620080878,0.049109131403118046,0.5,0.3494030964341208,0.17179539492021767,0.17454556475845653,0.6140757505708195,0.187498101006101,0.8347994025076573
2021-05-13 01:10:00,0.7475592747559275,-0.11553784860557781,0.4162323157110943,0.4415282985181217,0.6059729620080878,0.04097995545657016,0.5,0.3494030964341208,0.17179539492021767,0.17454556475845653,0.6140757505708195,0.187498101006101,0.9324501712509619
2021-05-13 01:20:00,0.693863319386332,-0.2589641434262948,0.41444527177959767,0.4351008748437779,0.6005679810498488,0.010801781737193764,0.5,0.3494030964341208,0.17179539492021767,0.17454556475845653,0.6140757505708195,0.187498101006101,0.921299998491181
2021-05-13 01:30:00,0.6234309623430963,-0.13147410358565736,0.4084884586746089,0.44117121942510273,0.587493947206554,0.00011135857461024499,0.5,0.3494030964341208,0.17179539492021767,0.17454556475845653,0.6140757505708195,0.187498101006101,0.77248517585286
2021-05-13 01:40:00,0.691771269177127,-0.12350597609561753,0.4004467609828739,0.4365291912158542,0.5940505948096477,0.000779510022271715,0.5,0.3494030964341208,0.17179539492021767,0.17454556475845653,0.6140757505708195,0.187498101006101,0.9354904416313352
2021-05-13 01:50:00,0.6513249651324965,-0.003984063745020028,0.39389426656738635,0.4251026602392429,0.5860151025375927,0.0012249443207126948,0.5,0.3494030964341208,0.17179539492021767,0.17454556475845653,0.6140757505708195,0.187498101006101,0.8557342667893839
2021-05-13 02:00:00,0.6436541143654114,0.03585657370517925,0.3894266567386446,0.41867523656489913,0.5860151025375927,0.00011135857461024499,0.5,0.353246539700349,0.16766042062372377,0.1730056608556631,0.5917026369231757,0.1781938487475768,0.839152345459209
2021-05-13 02:10:00,0.6520223152022315,-0.1633466135458168,0.3873417721518986,0.4161756829137653,0.5860151025375927,0.0010022271714922048,0.5,0.353246539700349,0.16766042062372377,0.1730056608556631,0.5917026369231757,0.1781938487475768,0.8498121520286073
2021-05-13 02:20:00,0.6743375174337517,-0.21912350597609564,0.38644825018615014,0.4165327620067847,0.5860151025375927,0.0016703786191536749,0.5,0.353246539700349,0.16766042062372377,0.1730056608556631,0.5917026369231757,0.1781938487475768,0.9195724006819863
2021-05-13 02:30:00,0.6234309623430963,-0.1394422310756973,0.38674609084139977,0.4122478128905551,0.5822460116998861,0.000779510022271715,0.5,0.353246539700349,0.16766042062372377,0.1730056608556631,0.5917026369231757,0.1781938487475768,0.7800217269942816
2021-05-13 02:40:00,0.6806136680613668,0.03585657370517925,0.3804914370811614,0.41331905016961246,0.5760950648466844,0.0008908685968819599,0.5,0.353246539700349,0.16766042062372377,0.1730056608556631,0.5917026369231757,0.1781938487475768,0.9132957134450865
2021-05-13 02:50:00,0.6875871687587168,-0.14741035856573714,0.3781087118391657,0.4051062310301732,0.5760950648466844,0.0010022271714922048,0.5,0.353246539700349,0.16766042062372377,0.1730056608556631,0.5917026369231757,0.1781938487475768,0.9308206466798437
2021-05-13 03:00:00,0.7252440725244073,-0.1633466135458168,0.37423678332092325,0.4029637564720585,0.5687008415018779,0.016035634743875277,0.5,0.349916100303413,0.16163755326760554,0.182166079073425,0.5922902625021419,0.16208416032189008,0.9682544472441421
2021-05-13 03:10:00,0.7580195258019525,0.07569721115537842,0.3766195085629187,0.3968934118907337,0.5686615801389852,0.04810690423162584,0.5,0.349916100303413,0.16163755326760554,0.182166079073425,0.5922902625021419,0.16208416032189008,0.9247023854429138
2021-05-13 03:20:00,0.7921896792189679,-0.10756972111553798,0.3718540580789278,0.3965363327977147,0.5735299891376896,0.0321826280623608,0.5,0.349916100303413,0.16163755326760554,0.182166079073425,0.5922902625021419,0.16208416032189008,0.9224278407290614
2021-05-13 03:30:00,0.7112970711297071,0.2749003984063745,0.3724497393894264,0.38689519728619914,0.5682035309052361,0.025278396436525612,0.5,0.349916100303413,0.16163755326760554,0.182166079073425,0.5922902625021419,0.16208416032189008,0.920153296015209
2021-05-13 03:40:00,0.701534170153417,-0.14741035856573714,0.3617274758004465,0.38939475093733256,0.572234364162228,0.012694877505567928,0.5,0.349916100303413,0.16163755326760554,0.182166079073425,0.5922902625021419,0.16208416032189008,0.9365918795358873
2021-05-13 03:50:00,0.5578800557880056,0.3067729083665336,0.3602382725241995,0.3929655418675235,0.5769719019512898,0.00011135857461024499,0.5,0.349916100303413,0.16163755326760554,0.182166079073425,0.5922902625021419,0.16208416032189008,0.6010757879807475
2021-05-13 04:00:00,0.6073919107391912,-0.07569721115537853,0.3533879374534623,0.3965363327977147,0.5801782465875333,0.0006681514476614699,0.5,0.2742609539050298,0.15974391319714817,0.2911207160128321,0.6076827853220348,0.1449152803617205,0.7193521131010758
2021-05-13 04:10:00,0.6513249651324965,-0.19521912350597614,0.3486224869694712,0.3872522763792181,0.5716847050817291,0.002561247216035635,0.5,0.2742609539050298,0.15974391319714817,0.2911207160128321,0.6076827853220348,0.1449152803617205,0.8435052884107609
2021-05-13 04:20:00,0.6018131101813111,-0.02788844621513953,0.3456440804169767,0.38332440635600795,0.5658478491316695,0.00011135857461024499,0.5,0.2742609539050298,0.15974391319714817,0.2911207160128321,0.6076827853220348,0.1449152803617205,0.7327051616699609
2021-05-13 04:30:00,0.5815899581589958,0.03585657370517925,0.33998510796723735,0.37689698268166416,0.5658478491316695,0.00022271714922048998,0.5,0.2742609539050298,0.15974391319714817,0.2911207160128321,0.6076827853220348,0.1449152803617205,0.6534318089231559
2021-05-13 04:40:00,0.5718270571827057,0.09163346613545809,0.33283693224125077,0.37046955900732037,0.5658478491316695,0.00022271714922048998,0.5,0.2742609539050298,0.15974391319714817,0.2911207160128321,0.6076827853220348,0.1449152803617205,0.6569699895891487
2021-05-13 04:50:00,0.5244072524407252,0.019920318725099362,0.32717795979151143,0.36725584717014814,0.5658478491316695,0.00022271714922048998,0.5,0.2742609539050298,0.15974391319714817,0.2911207160128321,0.6076827853220348,0.1449152803617205,0.5405570559922749
2021-05-13 05:00:00,0.5697350069735007,0.20318725099601576,0.3194341027550258,0.3586859489376897,0.5658478491316695,0.00044543429844097997,0.5,0.2653526772358159,0.15950541224745413,0.34292910443739105,0.6449034145926729,0.13114385003399864,0.6758000512998475
2021-05-13 05:10:00,0.5760111576011158,0.07569721115537842,0.31675353685778074,0.3454740224959829,0.5709125649448378,0.00011135857461024499,0.5,0.2653526772358159,0.15950541224745413,0.34292910443739105,0.6449034145926729,0.13114385003399864,0.6619415483501063
2021-05-13 05:20:00,0.6750348675034867,0.01195219123505975,0.3110945644080414,0.33547580789144793,0.5725091937024774,0.0006681514476614699,0.5,0.2653526772358159,0.15950541224745413,0.34292910443739105,0.6449034145926729,0.13114385003399864,0.9123753338262143
2021-05-13 05:30:00,0.6450488145048815,-0.26693227091633476,0.30483991064780347,0.32262096054276035,0.5744722618471163,0.0012249443207126948,0.5,0.2653526772358159,0.15950541224745413,0.34292910443739105,0.6449034145926729,0.13114385003399864,0.8117974561310862
2021-05-13 05:40:00,0.7071129707112971,0.027888446215139417,0.3030528667163066,0.3165506159614355,0.5657431521639554,0.006570155902004454,0.5,0.2653526772358159,0.15950541224745413,0.34292910443739105,0.6449034145926729,0.13114385003399864,0.9746065754334083
2021-05-13 05:50:00,0.6436541143654114,0.05179282868525892,0.2988830975428145,0.30798071772897706,0.5657431521639554,0.031069042316258354,0.5,0.2653526772358159,0.15950541224745413,0.34292910443739105,0.6449034145926729,0.13114385003399864,0.6998958914857342
2021-05-13 06:00:00,0.6520223152022315,-0.11553784860557781,0.29262844378257613,0.30619532226388135,0.5657431521639554,0.019599109131403118,0.5,0.20391491893698355,0.21025151792923819,0.39683918333226176,0.7759916722647171,0.11646224281091924,0.7755254462332333
2021-05-13 06:10:00,0.6582984658298465,-0.03585657370517936,0.2860759493670886,0.3036957686127477,0.5657431521639554,0.030734966592427616,0.5,0.20391491893698355,0.21025151792923819,0.39683918333226176,0.7759916722647171,0.11646224281091924,0.77548772575705
2021-05-13 06:20:00,0.6764295676429567,-0.1872509960159363,0.2801191362620996,0.2951258703802895,0.5657431521639554,0.03964365256124722,0.5,0.20391491893698355,0.21025151792923819,0.39683918333226176,0.7759916722647171,0.11646224281091924,0.7389818489068606
2021-05-13 06:30:00,0.6227336122733612,-0.01195219123505975,0.2750558451228593,0.29048384217104095,0.5657431521639554,0.023496659242761692,0.5,0.20391491893698355,0.21025151792923819,0.39683918333226176,0.7759916722647171,0.11646224281091924,0.7164929010063823
2021-05-13 06:40:00,0.6248256624825663,0.003984063745019917,0.2682055100521219,0.2858418139617924,0.5657431521639554,0.02149220489977728,0.5,0.20391491893698355,0.21025151792923819,0.39683918333226176,0.7759916722647171,0.11646224281091924,0.7016762979615855
2021-05-13 06:50:00,0.6694560669456067,-0.02788844621513953,0.2673119880863737,0.28084270665952493,0.5657431521639554,0.019265033407572383,0.5,0.20391491893698355,0.21025151792923819,0.39683918333226176,0.7759916722647171,0.11646224281091924,0.8334112889841122
2021-05-13 07:00:00,0.7336122733612274,-0.09960159362549814,0.2673119880863737,0.2722728084270667,0.5657431521639554,0.045657015590200446,0.5,0.19822304745177388,0.20061952776811953,0.4316997518374415,0.8550541050784403,0.12169627561999471,0.8990222852573292
2021-05-13 07:10:00,0.7405857740585774,0.05179282868525892,0.2685033507073715,0.26334583110158905,0.5657431521639554,0.04142538975501114,0.5,0.19822304745177388,0.20061952776811953,0.4316997518374415,0.8550541050784403,0.12169627561999471,0.9584471234364863
2021-05-13 07:20:00,0.8152022315202231,-0.14741035856573714,0.27029039463886795,0.26156043563649356,0.5657431521639554,0.07060133630289532,0.5,0.19822304745177388,0.20061952776811953,0.4316997518374415,0.8550541050784403,0.12169627561999471,0.9314618947749597
2021-05-13 07:30:00,0.7440725244072525,-0.19521912350597614,0.27029039463886795,0.26156043563649356,0.5609794401329651,0.03897550111358575,0.5,0.19822304745177388,0.20061952776811953,0.4316997518374415,0.8550541050784403,0.12169627561999471,0.9453354859151741
2021-05-13 07:40:00,0.7147838214783822,0.3705179282868525,0.27386448250186124,0.26334583110158905,0.55577076598919,0.009688195991091315,0.5,0.19822304745177388,0.20061952776811953,0.4316997518374415,0.8550541050784403,0.12169627561999471,0.9977518596194758
2021-05-13 07:50:00,0.7782426778242678,-0.26693227091633476,0.27446016381236027,0.26191751472951275,0.5636622999306383,0.02160356347438753,0.5,0.19822304745177388,0.20061952776811953,0.4316997518374415,0.8550541050784403,0.12169627561999471,0.9529625661994358
2021-05-13 08:00:00,0.6666666666666667,0.21912350597609564,0.2720774385703646,0.2658453847527229,0.5575637015612934,0.0020044543429844097,0.5,0.21346647664299812,0.20686078153600387,0.4381826166496546,0.8827182628332605,0.11563223334669419,0.9081732727793955
2021-05-13 08:10:00,0.7454672245467224,0.027888446215139417,0.272970960536113,0.27120157114800936,0.5655861067123843,0.018151447661469932,0.5,0.21346647664299812,0.20686078153600387,0.4381826166496546,0.8827182628332605,0.11563223334669419,0.9134125714803023
2021-05-13 08:20:00,0.7489539748953975,-0.17928286852589637,0.27058823529411735,0.270487412961971,0.5708994778238735,0.01247216035634744,0.5,0.21346647664299812,0.20686078153600387,0.4381826166496546,0.8827182628332605,0.11563223334669419,0.9186520210631139
2021-05-13 08:30:00,0.8256624825662483,-0.13147410358565736,0.27446016381236027,0.2719157293340475,0.5655337582285273,0.044097995545657014,0.5,0.21346647664299812,0.20686078153600387,0.4381826166496546,0.8827182628332605,0.11563223334669419,0.9238913952049731
2021-05-13 08:40:00,0.6861924686192469,-0.2589641434262948,0.2762472077438567,0.2772719157293342,0.5655337582285273,0.0038975501113585743,0.5,0.21346647664299812,0.20686078153600387,0.4381826166496546,0.8827182628332605,0.11563223334669419,0.9291307693468321
2021-05-13 08:50:00,0.6562064156206415,0.09960159362549792,0.27803425167535356,0.290126763078022,0.5577207470128646,0.0027839643652561247,0.5,0.21346647664299812,0.20686078153600387,0.4381826166496546,0.8827182628332605,0.11563223334669419,0.8907086923065317
2021-05-13 09:00:00,0.7140864714086471,0.07569721115537842,0.2792256142963514,0.29476879128727007,0.5586891939642198,0.009242761692650333,0.5,0.23460529787143902,0.20617401374110336,0.45264551381722307,0.950845021322605,0.1110526427580262,0.984481796098194
2021-05-13 09:10:00,0.6548117154811716,-0.09960159362549814,0.27833209233060296,0.29405463310123214,0.5621180196568557,0.0017817371937639199,0.5,0.23460529787143902,0.20617401374110336,0.45264551381722307,0.950845021322605,0.1110526427580262,0.849925313457157
2021-05-13 09:20:00,0.5836820083682008,-0.21115537848605592,0.2792256142963514,0.3054811640778434,0.5635052544790672,0.009688195991091315,0.5,0.23460529787143902,0.20617401374110336,0.45264551381722307,0.950845021322605,0.1110526427580262,0.6619415483501063
2021-05-13 09:30:00,0.5292887029288703,0.01195219123505975,0.2872673119880862,0.31762185324049286,0.5654028870188846,0.00044543429844097997,0.5,0.23460529787143902,0.20617401374110336,0.45264551381722307,0.950845021322605,0.1110526427580262,0.5849540564600088
2021-05-13 09:40:00,0.601115760111576,-0.17928286852589637,0.29352196574832456,0.32440635600785583,0.5731504626297261,0.000779510022271715,0.5,0.23460529787143902,0.20617401374110336,0.45264551381722307,0.950845021322605,0.1110526427580262,0.7227846764337553
2021-05-13 09:50:00,0.6380753138075315,0.1394422310756971,0.30067014147431115,0.32083556507766486,0.5707424323723024,0.00033407572383073496,0.5,0.23460529787143902,0.20617401374110336,0.45264551381722307,0.950845021322605,0.1110526427580262,0.8100396819409449
2021-05-13 10:00:00,0.6666666666666667,-0.1872509960159363,0.30841399851079654,0.318336011426531,0.5752574891049719,0.0008908685968819599,0.5,0.3411462723086307,0.20455623019077113,0.33797980282179185,0.9619814016465381,0.1202923200889467,0.8858125744979405
2021-05-13 10:10:00,0.6436541143654114,-0.06772908366533881,0.31198808637378983,0.31940724870558834,0.5752574891049719,0.00033407572383073496,0.5,0.3411462723086307,0.20455623019077113,0.33797980282179185,0.9619814016465381,0.1202923200889467,0.8636404785974018
2021-05-13 10:20:00,0.6750348675034867,-0.019920318725099695,0.3146686522710349,0.3215497232637028,0.5771812958867178,0.0033407572383073497,0.5,0.3411462723086307,0.20455623019077113,0.33797980282179185,0.9619814016465381,0.1202923200889467,0.8538180665992727
2021-05-13 10:30:00,0.5578800557880056,0.01195219123505975,0.3149664929262843,0.3301196214961615,0.5736739474682965,0.007238307349665925,0.5,0.3411462723086307,0.20455623019077113,0.33797980282179185,0.9619814016465381,0.1202923200889467,0.6154095689303982
2021-05-13 10:40:00,0.5571827057182706,-0.1633466135458168,0.3149664929262843,0.3358328869844669,0.5789218829749644,0.005233853006681514,0.5,0.3411462723086307,0.20455623019077113,0.33797980282179185,0.9619814016465381,0.1202923200889467,0.6078730177889766
2021-05-13 10:50:00,0.5439330543933054,-0.12350597609561753,0.31198808637378983,0.3404749151937154,0.5687401028647708,0.0023385300668151447,0.5,0.3411462723086307,0.20455623019077113,0.33797980282179185,0.9619814016465381,0.1202923200889467,0.5673235058919384
2021-05-13 11:00:00,0.5781032078103208,-0.08366533864541836,0.31198808637378983,0.34654525977504025,0.5774822996688959,0.0038975501113585743,0.5,0.3606890814992747,0.1942633337835171,0.31915564112972616,0.8734614670727233,0.1399297214349728,0.6465893145435069
2021-05-13 11:10:00,0.6073919107391912,0.21912350597609564,0.31764705882352917,0.3376182824495626,0.5734122050490112,0.004899777282850779,0.5,0.3606890814992747,0.1942633337835171,0.31915564112972616,0.8734614670727233,0.1399297214349728,0.6904808606303846
2021-05-13 11:20:00,0.5774058577405857,0.12350597609561742,0.32836932241250905,0.33868951972861994,0.5749303110808653,0.005233853006681514,0.5,0.3606890814992747,0.1942633337835171,0.31915564112972616,0.8734614670727233,0.1399297214349728,0.6454350679722981
2021-05-13 11:30:00,0.6101813110181311,0.06772908366533859,0.33194341027550256,0.3426173897518301,0.5858449699650573,0.01024498886414254,0.5,0.3606890814992747,0.1942633337835171,0.31915564112972616,0.8734614670727233,0.1399297214349728,0.6781311767279751
2021-05-13 11:40:00,0.5920502092050209,-0.09960159362549814,0.3331347728965002,0.34475986430994454,0.5861459737472353,0.021046770601336303,0.5,0.3606890814992747,0.1942633337835171,0.31915564112972616,0.8734614670727233,0.1399297214349728,0.6063641987416449
2021-05-13 11:50:00,0.6164574616457461,-0.019920318725099695,0.33641102010424406,0.3472594179610784,0.5924801402939368,0.0027839643652561247,0.5,0.3606890814992747,0.1942633337835171,0.31915564112972616,0.8734614670727233,0.1399297214349728,0.6836987190126288
2021-05-13 12:00:00,0.4916317991631799,0.20318725099601576,0.34028294862248676,0.3504731297982504,0.6013270340657759,0.0012249443207126948,0.5,0.37197506656442836,0.1957259480412753,0.31274632850919726,0.7411472121717785,0.15434842822266803,0.47935181133726634
2021-05-13 12:10:00,0.5599721059972106,-0.11553784860557781,0.3447505584512285,0.3569005534725942,0.6161416549973171,0.0064587973273942095,0.5,0.37197506656442836,0.1957259480412753,0.31274632850919726,0.7411472121717785,0.15434842822266803,0.6009852588379075
2021-05-13 12:20:00,0.5,-0.019920318725099695,0.3462397617274757,0.3540439207284414,0.6020337385978458,0.0034521158129175947,0.5,0.37197506656442836,0.1957259480412753,0.31274632850919726,0.7411472121717785,0.15434842822266803,0.4945078986677128
2021-05-13 12:30:00,0.5327754532775453,0.01195219123505975,0.34683544303797453,0.3444027852169256,0.5971784167201059,0.02962138084632517,0.5,0.37197506656442836,0.1957259480412753,0.31274632850919726,0.7411472121717785,0.15434842822266803,0.4475459058195151
2021-05-13 12:40:00,0.4679218967921897,-0.019920318725099695,0.34772896500372297,0.34297446884484906,0.5873499888759471,0.026503340757238307,0.5,0.37197506656442836,0.1957259480412753,0.31274632850919726,0.7411472121717785,0.15434842822266803,0.322751482414714
2021-05-13 12:50:00,0.4665271966527197,-0.09960159362549814,0.35070737155621723,0.3526156043563651,0.5809111253615317,0.030846325167037864,0.5,0.37197506656442836,0.1957259480412753,0.31274632850919726,0.7411472121717785,0.15434842822266803,0.3163239132730812
2021-05-13 13:00:00,0.46164574616457466,-0.043824701195219196,0.34921816827997,0.35154436707730774,0.5779010875397522,0.031180400890868595,0.5,0.4160360653627162,0.1945449373144794,0.29023327077592614,0.6011152148944482,0.14953163145702375,0.29476288908671183
2021-05-13 13:10:00,0.49023709902370993,0.1633466135458166,0.3527922561429635,0.34368862703088743,0.5806232087003179,0.0410913140311804,0.5,0.4160360653627162,0.1945449373144794,0.29023327077592614,0.6011152148944482,0.14953163145702375,0.3507777962188995
2021-05-13 13:20:00,0.4463040446304045,-0.043824701195219196,0.35547282204020836,0.33726120335654364,0.5766708981691118,0.027282850779510027,0.5,0.4160360653627162,0.1945449373144794,0.29023327077592614,0.6011152148944482,0.14953163145702375,0.3063355311797456
2021-05-13 13:30:00,0.42398884239888424,-0.06772908366533881,0.3617274758004465,0.34475986430994454,0.5850204813443091,0.022160356347438754,0.5,0.4160360653627162,0.1945449373144794,0.29023327077592614,0.6011152148944482,0.14953163145702375,0.29705629403865597
2021-05-13 13:40:00,0.44839609483960946,-0.003984063745020028,0.35994043186894986,0.33868951972861994,0.5760819777257202,0.014253897550111359,0.5,0.4160360653627162,0.1945449373144794,0.29023327077592614,0.6011152148944482,0.14953163145702375,0.3436184498393108
2021-05-13 13:50:00,0.33054393305439334,-0.059760956175298974,0.36321667907669375,0.33726120335654364,0.6025572234364162,0.0017817371937639199,0.5,0.4160360653627162,0.1945449373144794,0.29023327077592614,0.6011152148944482,0.14953163145702375,0.21764714757759102
2021-05-13 14:00:00,0.402370990237099,0.3067729083665336,0.36679076693968726,0.3454740224959829,0.5918781327295808,0.0014476614699331849,0.5,0.4291948264021721,0.19282658107451986,0.2687802523017715,0.5087913230171837,0.1369814028157061,0.26696289813962615
2021-05-13 14:10:00,0.4776847977684798,-0.08366533864541836,0.3644080416976916,0.3426173897518301,0.5998743636387431,0.0017817371937639199,0.5,0.4291948264021721,0.19282658107451986,0.2687802523017715,0.5087913230171837,0.1369814028157061,0.4207719118246149
2021-05-13 14:20:00,0.28870292887029286,0.17131474103585642,0.3638123603871928,0.3329762542403143,0.5793930193296777,0.0016703786191536749,0.5,0.4291948264021721,0.19282658107451986,0.2687802523017715,0.5087913230171837,0.1369814028157061,0.1402070099732939
2021-05-13 14:30:00,0.23221757322175732,0.47410358565737054,0.37542814594192087,0.34226031065881113,0.6204604049155227,0.00155902004454343,0.5,0.4291948264021721,0.19282658107451986,0.2687802523017715,0.5087913230171837,0.1369814028157061,0.09399188255352536
2021-05-13 14:40:00,0.3117154811715481,-0.8725099601593626,0.37840655249441535,0.359757186216747,0.5667901218410962,0.02795100222717149,0.5,0.4291948264021721,0.19282658107451986,0.2687802523017715,0.5087913230171837,0.1369814028157061,0.09390135341068546
2021-05-13 14:50:00,0.24755927475592746,0.6812749003984064,0.38525688756515253,0.3683270844492055,0.6098990982973655,0.25935412026726057,0.5,0.4291948264021721,0.19282658107451986,0.2687802523017715,0.5087913230171837,0.1369814028157061,0.03961404408769256
2021-05-13 15:00:00,0.28521617852161785,-0.2828685258964144,0.40223380491437055,0.3918943045884662,0.5812121291437097,0.0010022271714922048,0.5,0.4236821277136489,0.1882806955032506,0.2661857621471762,0.5741364952505392,0.10837383903673767,0.14031262730660712
2021-05-13 15:10:00,0.31311018131101814,-0.29083665338645437,0.39032017870439306,0.36511337261203347,0.5951368258496813,0.000556792873051225,0.5,0.4236821277136489,0.1882806955032506,0.2661857621471762,0.5741364952505392,0.10837383903673767,0.18108846206074505
2021-05-13 15:20:00,0.34797768479776847,-0.003984063745020028,0.38257632166790767,0.3458311015890019,0.5763698943869338,0.00155902004454343,0.5,0.4236821277136489,0.1882806955032506,0.2661857621471762,0.5741364952505392,0.10837383903673767,0.22015178719616157
2021-05-13 15:30:00,0.3117154811715481,0.5697211155378485,0.3733432613551748,0.3333333333333335,0.5612019211893576,0.0010022271714922048,0.5,0.4236821277136489,0.1882806955032506,0.2661857621471762,0.5741364952505392,0.10837383903673767,0.15605715406551293
2021-05-13 15:40:00,0.27266387726638774,-0.40239043824701204,0.3682799702159343,0.325120514193894,0.6186151208595622,0.0006681514476614699,0.5,0.4236821277136489,0.1882806955032506,0.2661857621471762,0.5741364952505392,0.10837383903673767,0.10462151274197687
2021-05-13 15:50:00,0.3242677824267783,-0.1633466135458168,0.364705882352941,0.328334226031066,0.5692897619452697,0.0013363028953229399,0.5,0.4236821277136489,0.1882806955032506,0.2661857621471762,0.5741364952505392,0.10837383903673767,0.16386529263545424
2021-05-13 16:00:00,0.4295676429567643,0.14741035856573692,0.3620253164556959,0.324763435100875,0.5669209930507388,0.00044543429844097997,0.5,0.37847304886928,0.1876427773004555,0.27018408464994925,0.6471195614193762,0.08845404926569947,0.29466481584863524
2021-05-13 16:10:00,0.4797768479776848,0.25099601593625476,0.3542814594192105,0.3008391358685949,0.5710565232754446,0.0013363028953229399,0.5,0.37847304886928,0.1876427773004555,0.27018408464994925,0.6471195614193762,0.08845404926569947,0.43358178553646065
2021-05-13 16:20:00,0.398186889818689,-0.059760956175298974,0.3447505584512285,0.2911980003570791,0.5722081899202994,0.00044543429844097997,0.5,0.37847304886928,0.1876427773004555,0.27018408464994925,0.6471195614193762,0.08845404926569947,0.27511052099521704
2021-05-13 16:30:00,0.4198047419804742,-0.019920318725099695,0.33968726731198795,0.2865559721478308,0.5844708222638102,0.0008908685968819599,0.5,0.37847304886928,0.1876427773004555,0.27018408464994925,0.6471195614193762,0.08845404926569947,0.2985575689907509
2021-05-13 16:40:00,0.4630404463040446,-0.17131474103585675,0.3370067014147431,0.27798607391537233,0.5860543639004856,0.000556792873051225,0.5,0.37847304886928,0.1876427773004555,0.27018408464994925,0.6471195614193762,0.08845404926569947,0.3772273941186233
2021-05-13 16:50:00,0.3807531380753138,-0.21115537848605592,0.33283693224125077,0.27120157114800936,0.5753360118307573,0.00033407572383073496,0.5,0.37847304886928,0.1876427773004555,0.27018408464994925,0.6471195614193762,0.08845404926569947,0.23524752176471475
2021-05-13 17:00:00,0.405160390516039,0.06772908366533859,0.3307520476545047,0.28405641849669716,0.5777440420881811,0.00033407572383073496,0.5,0.3679769650222815,0.20085228170697642,0.26834312401774535,0.6457382701835228,0.0682153061848281,0.2730509829956093
2021-05-13 17:10:00,0.41283124128312415,-0.07569721115537853,0.32717795979151143,0.27120157114800936,0.5796547617489628,0.00044543429844097997,0.5,0.3679769650222815,0.20085228170697642,0.26834312401774535,0.6457382701835228,0.0682153061848281,0.30602622327504264
2021-05-13 17:20:00,0.44839609483960946,-0.19521912350597614,0.3253909158600148,0.26441706838064616,0.5552080197877269,0.00044543429844097997,0.5,0.3679769650222815,0.20085228170697642,0.26834312401774535,0.6457382701835228,0.0682153061848281,0.33483712298384055
2021-05-13 17:30:00,0.4504881450488145,0.1633466135458166,0.3194341027550258,0.2715586502410283,0.5495020350473099,0.00044543429844097997,0.5,0.3679769650222815,0.20085228170697642,0.26834312401774535,0.6457382701835228,0.0682153061848281,0.3781779501184423
2021-05-13 17:40:00,0.4693165969316597,-0.0916334661354582,0.31347728965003685,0.26513122656668453,0.5626807658583188,0.0006681514476614699,0.5,0.3679769650222815,0.20085228170697642,0.26834312401774535,0.6457382701835228,0.0682153061848281,0.3845602546886552
2021-05-13 17:50:00,0.4546722454672245,-0.21115537848605592,0.31198808637378983,0.2529905374040351,0.5607831333185013,0.00044543429844097997,0.5,0.3679769650222815,0.20085228170697642,0.26834312401774535,0.6457382701835228,0.0682153061848281,0.4005009279237141
2021-05-13 18:00:00,0.42189679218967924,-0.02788844621513953,0.31198808637378983,0.2497768255668631,0.5657431521639554,0.00033407572383073496,0.5,0.24317971011495798,0.22749829744803798,0.3924225010357544,0.6993420510348283,0.06778771385586178,0.3319401904129638
2021-05-13 18:10:00,0.4916317991631799,0.06772908366533859,0.3099032017870438,0.2558471701481879,0.545471201790318,0.00044543429844097997,0.5,0.24317971011495798,0.22749829744803798,0.3924225010357544,0.6993420510348283,0.06778771385586178,0.44561461743893055
2021-05-13 18:20:00,0.4783821478382148,-0.13147410358565736,0.30454206999255384,0.24906266738082472,0.5434557851618222,0.000556792873051225,0.5,0.24317971011495798,0.22749829744803798,0.3924225010357544,0.6993420510348283,0.06778771385586178,0.4239102554430647
2021-05-13 18:30:00,0.5139470013947002,-0.23505976095617542,0.29769173492181666,0.24584895554365294,0.5512949706194135,0.00044543429844097997,0.5,0.24317971011495798,0.22749829744803798,0.3924225010357544,0.6993420510348283,0.06778771385586178,0.47021591200567314
2021-05-13 18:40:00,0.47489539748953974,0.06772908366533859,0.2920327624720771,0.24513479735761456,0.5372917511876562,0.000779510022271715,0.5,0.24317971011495798,0.22749829744803798,0.3924225010357544,0.6993420510348283,0.06778771385586178,0.442204686391961
2021-05-13 18:50:00,0.4344490934449094,-0.10756972111553798,0.2866716306775874,0.24513479735761456,0.5317951603826674,0.00044543429844097997,0.5,0.24317971011495798,0.22749829744803798,0.3924225010357544,0.6993420510348283,0.06778771385586178,0.33961253526864527
2021-05-13 19:00:00,0.4198047419804742,0.19521912350597592,0.28220402084884566,0.2340653454740227,0.5246888536990747,0.00033407572383073496,0.5,0.21818116931262277,0.238753818170326,0.42585450843865563,0.6885551613336329,0.04482028904850861,0.31979419708194395
2021-05-13 19:10:00,0.22524407252440726,-0.2589641434262948,0.27773641102010416,0.22335297268344934,0.5219536454175446,0.00022271714922048998,0.5,0.21818116931262277,0.238753818170326,0.42585450843865563,0.6885551613336329,0.04482028904850861,0.0847805422695656
2021-05-13 19:20:00,0.14853556485355648,0.1872509960159361,0.2759493670886075,0.23156579182288883,0.5007655965764092,0.00022271714922048998,0.5,0.21818116931262277,0.238753818170326,0.42585450843865563,0.6885551613336329,0.04482028904850861,0.037162213135778624
2021-05-13 19:30:00,0.2099023709902371,-0.14741035856573714,0.270886075949367,0.23013747545081253,0.5026632291162267,0.00022271714922048998,0.5,0.21818116931262277,0.238753818170326,0.42585450843865563,0.6885551613336329,0.04482028904850861,0.07899422122304872
2021-05-13 19:40:00,0.24407252440725244,0.03585657370517925,0.26969471332836914,0.2212104981253349,0.49797803981102196,0.00022271714922048998,0.5,0.21818116931262277,0.238753818170326,0.42585450843865563,0.6885551613336329,0.04482028904850861,0.10195844712343649
2021-05-13 19:50:00,0.2196652719665272,0.12350597609561742,0.2646314221891286,0.2158543117300482,0.5003860700684457,0.00022271714922048998,0.5,0.21818116931262277,0.238753818170326,0.42585450843865563,0.6885551613336329,0.04482028904850861,0.08927682303061395
2021-05-13 20:00:00,0.3403068340306834,-0.298804780876494,0.2568875651526432,0.20514193893947508,0.4928086270301396,0.00022271714922048998,0.5,0.2038497803532291,0.2631211441149158,0.45899611149852826,0.7179920683907349,0.02092803793948152,0.20240053110430467
2021-05-13 20:10:00,0.27266387726638774,0.2111553784860556,0.24795234549516,0.18300303517229088,0.4927955399091754,0.00022271714922048998,0.5,0.2038497803532291,0.2631211441149158,0.45899611149852826,0.7179920683907349,0.02092803793948152,0.139233821687765
2021-05-13 20:20:00,0.21478382147838215,0.4661354581673305,0.23961280714817557,0.16836279235850737,0.511012812291424,0.00022271714922048998,0.5,0.2038497803532291,0.2631211441149158,0.45899611149852826,0.7179920683907349,0.02092803793948152,0.08762466617378578
2021-05-13 20:30:00,0.08507670850767085,0.29083665338645415,0.24288905435591945,0.1712194251026602,0.5253824711101805,0.019599109131403118,0.5,0.2038497803532291,0.2631211441149158,0.45899611149852826,0.7179920683907349,0.02092803793948152,0.0
2021-05-13 20:40:00,0.14365411436541145,0.13745019920318713,0.24646314221891252,0.16550615961435455,0.5352763345591603,0.8969933184855233,0.5,0.2038497803532291,0.2631211441149158,0.45899611149852826,0.7179920683907349,0.02092803793948152,0.0
2021-05-13 20:50:00,0.2412831241283124,-0.015936254980079778,0.26195085629188375,0.19407248705588276,0.5553912394812265,0.9992204899777284,0.5,0.2038497803532291,0.2631211441149158,0.45899611149852826,0.7179920683907349,0.02092803793948152,0.0
2021-05-13 21:00:00,0.4372384937238493,-0.16932270916334657,0.26939687267311974,0.2208534190323157,0.7290180733140516,0.5435412026726059,0.5,0.19493336553018215,0.2829224699503167,0.5014008522162734,0.6952572951890289,0.013991921398712668,0.10310514959940853
2021-05-13 21:10:00,0.2670850767085077,-0.3227091633466136,0.28220402084884566,0.2147830744509911,0.7522477130256114,0.00011135857461024499,0.5,0.19493336553018215,0.2829224699503167,0.5014008522162734,0.6952572951890289,0.013991921398712668,0.11743893054905924
2021-05-13 21:20:00,0.2691771269177127,0.03585657370517925,0.25033507073715544,0.19014461703267282,0.7494208948973315,0.00011135857461024499,0.5,0.19493336553018215,0.2829224699503167,0.5014008522162734,0.6952572951890289,0.013991921398712668,0.13855485311646573
2021-05-13 21:30:00,0.3054393305439331,-0.11553784860557781,0.21161578555472804,0.13086948759150152,0.7624425802567694,0.00022271714922048998,0.5,0.19493336553018215,0.2829224699503167,0.5014008522162734,0.6952572951890289,0.013991921398712668,0.1634201910164914
2021-05-13 21:40:00,0.3068340306834031,-0.3545816733067729,0.19255398361876375,0.1026602392429925,0.7632932431194461,0.00044543429844097997,0.5,0.19493336553018215,0.2829224699503167,0.5014008522162734,0.6952572951890289,0.013991921398712668,0.1528584576851698
2021-05-13 21:50:00,0.33751743375174337,-0.17131474103585675,0.1794489947877882,0.08587752187109432,0.7535302508801088,0.00022271714922048998,0.5,0.19493336553018215,0.2829224699503167,0.5014008522162734,0.6952572951890289,0.013991921398712668,0.19724791405766706
2021-05-13 22:00:00,0.25523012552301255,0.19521912350597592,0.17021593447505579,0.06695232994108213,0.74944706913926,0.00033407572383073496,0.5,0.14201301904494756,0.3161516866040046,0.6151607299268778,0.5758014509657631,0.024203892775681145,0.11016642274092069
2021-05-13 22:10:00,0.21548117154811713,0.06772908366533859,0.16276991809381958,0.05623995715050878,0.760558034837916,0.00011135857461024499,0.5,0.14201301904494756,0.3161516866040046,0.6151607299268778,0.5758014509657631,0.024203892775681145,0.08186097741297886
2021-05-13 22:20:00,0.11854951185495119,-0.31474103585657376,0.15889798957557688,0.05981074808069997,0.7632932431194461,0.00011135857461024499,0.5,0.14201301904494756,0.3161516866040046,0.6151607299268778,0.5758014509657631,0.024203892775681145,0.014001840759237744
2021-05-13 22:30:00,0.099721059972106,-0.07569721115537853,0.15711094564408024,0.07052312087127288,0.7490413683893681,0.005679287305122495,0.5,0.14201301904494756,0.3161516866040046,0.6151607299268778,0.5758014509657631,0.024203892775681145,0.002844123904220167
2021-05-13 22:40:00,0.09205020920502092,0.4422310756972112,0.15651526433358143,0.07088019996429229,0.7582285273062779,0.20378619153674835,0.5,0.14201301904494756,0.3161516866040046,0.6151607299268778,0.5758014509657631,0.024203892775681145,0.0
2021-05-13 22:50:00,0.15550906555090654,0.31474103585657365,0.16157855547282196,0.06945188359221577,0.7632932431194461,0.9992204899777284,0.5,0.14201301904494756,0.3161516866040046,0.6151607299268778,0.5758014509657631,0.024203892775681145,0.0
2021-05-13 23:00:00,0.11157601115760113,0.2637450199203186,0.1830230826507817,0.09551865738261034,0.7632932431194461,0.9992204899777284,0.5,0.07174026081448903,0.3293669380213627,0.7265305418501192,0.39758936837262676,0.04152728062447283,0.0
2021-05-13 23:10:00,0.12273361227336123,0.2127490039840636,0.1940431868950112,0.10444563470808776,0.7632932431194461,0.9992204899777284,0.5,0.07174026081448903,0.3293669380213627,0.7265305418501192,0.39758936837262676,0.04152728062447283,0.0
2021-05-13 23:20:00,0.15481171548117156,0.1617529880478088,0.1952345495160086,0.10444563470808776,0.7632932431194461,0.9992204899777284,0.5,0.07174026081448903,0.3293669380213627,0.7265305418501192,0.39758936837262676,0.04152728062447283,0.0
2021-05-13 23:30:00,0.3451882845188285,0.11075697211155378,0.1860014892032762,0.10515979289412614,0.683919854471215,0.9315144766146994,0.5,0.07174026081448903,0.3293669380213627,0.7265305418501192,0.39758936837262676,0.04152728062447283,0.0
2021-05-13 23:40:00,0.301952580195258,0.05976095617529875,0.17915115413253901,0.10623103017318325,0.5921137009069375,0.01224944320712695,0.5,0.07174026081448903,0.3293669380213627,0.7265305418501192,0.39758936837262676,0.04152728062447283,0.12707274016627185
2021-05-13 23:50:00,0.29218967921896793,-0.49800796812749004,0.1785554728220402,0.09837529012676294,0.5851382654329874,0.07115812917594655,0.5,0.07174026081448903,0.3293669380213627,0.7265305418501192,0.39758936837262676,0.04152728062447283,0.12450774778580805
2021-05-14 00:00:00,0.26429567642956764,-0.7211155378486056,0.1830230826507817,0.1026602392429925,0.579510803418356,0.9993318485523385,0.5,0.06749784789190127,0.3321197562118019,0.8074614133155084,0.2404940160331659,0.0674132328494616,0.0
2021-05-14 00:10:00,0.22524407252440726,-0.06772908366533881,0.17438570364854789,0.1008748437778968,0.5652720158092422,0.36603563474387524,0.5,0.06749784789190127,0.3321197562118019,0.8074614133155084,0.2404940160331659,0.0674132328494616,0.030870437708405633
2021-05-14 00:20:00,0.2099023709902371,-0.043824701195219196,0.18183172002978387,0.10051776468487783,0.5703629058643389,0.00011135857461024499,0.5,0.06749784789190127,0.3321197562118019,0.8074614133155084,0.2404940160331659,0.0674132328494616,0.05839884122697165
2021-05-14 00:30:00,0.1924686192468619,0.09163346613545809,0.18897989575577068,0.12087127298696676,0.5703629058643389,0.00011135857461024499,0.5,0.06749784789190127,0.3321197562118019,0.8074614133155084,0.2404940160331659,0.0674132328494616,0.0500550718952276
2021-05-14 00:40:00,0.1680613668061367,0.5298804780876492,0.14072970960536102,0.09873236921978235,0.5703629058643389,0.00011135857461024499,0.5,0.06749784789190127,0.3321197562118019,0.8074614133155084,0.2404940160331659,0.0674132328494616,0.04902907494304208
2021-05-14 00:50:00,0.20292887029288703,-0.26693227091633476,0.09724497393894271,0.031958578825209694,0.5703629058643389,0.00011135857461024499,0.5,0.06749784789190127,0.3321197562118019,0.8074614133155084,0.2404940160331659,0.0674132328494616,0.06721788855862516
2021-05-14 01:00:00,0.20362622036262204,-0.07569721115537853,0.07907669396872663,0.0001785395465094819,0.5568569970292235,0.00011135857461024499,0.5,0.027198910821509825,0.3439499780176846,0.8954898176501672,0.10544408411342747,0.08450930175905294,0.06875688398690345
2021-05-14 01:10:00,0.21199442119944212,0.3545816733067728,0.06805658972449735,-0.022317443313693897,0.5556006334166547,0.00011135857461024499,0.5,0.027198910821509825,0.3439499780176846,0.8954898176501672,0.10544408411342747,0.08450930175905294,0.07640659655687494
2021-05-14 01:20:00,0.25732217573221755,-0.3545816733067729,0.0588235294117645,-0.03445813247634355,0.5651934930834566,0.00011135857461024499,0.5,0.027198910821509825,0.3439499780176846,0.8954898176501672,0.10544408411342747,0.08450930175905294,0.11565097997797126
2021-05-14 01:30:00,0.2629009762900976,0.3067729083665336,0.05018615040953067,-0.0480271380110695,0.5580348379160068,0.00011135857461024499,0.5,0.027198910821509825,0.3439499780176846,0.8954898176501672,0.10544408411342747,0.08450930175905294,0.11328213407366054
2021-05-14 01:40:00,0.1603905160390516,0.15537848605577675,0.04393149664929252,-0.0526691662203177,0.578450746620251,0.00011135857461024499,0.5,0.027198910821509825,0.3439499780176846,0.8954898176501672,0.10544408411342747,0.08450930175905294,0.040059145706655405
2021-05-14 01:50:00,0.1596931659693166,0.25099601593625476,0.037974683544303556,-0.0526691662203177,0.5816047427726374,0.00011135857461024499,0.5,0.027198910821509825,0.3439499780176846,0.8954898176501672,0.10544408411342747,0.08450930175905294,0.041605685230170344
2021-05-14 02:00:00,0.13598326359832635,0.2828685258964143,0.03469843633655967,-0.05195500803427966,0.595123738728717,0.00011135857461024499,0.5,0.02224804492527732,0.34438962434663745,0.9482032784748116,0.04294021269133371,0.9909395683810461,0.02506902847141542
2021-05-14 02:10:00,0.12203626220362622,0.06772908366533859,0.027550260610573307,-0.05838243170862356,0.5980945151876038,0.00011135857461024499,0.5,0.02224804492527732,0.34438962434663745,0.9482032784748116,0.04294021269133371,0.9909395683810461,0.0199390437104878
2021-05-14 02:20:00,0.1199442119944212,0.5139442231075697,0.025167535368577854,-0.05623995715050878,0.5980945151876038,0.00011135857461024499,0.5,0.02224804492527732,0.34438962434663745,0.9482032784748116,0.04294021269133371,0.9909395683810461,0.016393318949258415
2021-05-14 02:30:00,0.11715481171548117,0.5378486055776892,0.022784810126582178,-0.059453668987680564,0.5980945151876038,0.00011135857461024499,0.5,0.02224804492527732,0.34438962434663745,0.9482032784748116,0.04294021269133371,0.9909395683810461,0.015669085806539224
2021-05-14 02:40:00,0.08368200836820083,0.394422310756972,0.02010424422933732,-0.05838243170862356,0.6003585871144207,0.003006681514476615,0.5,0.02224804492527732,0.34438962434663745,0.9482032784748116,0.04294021269133371,0.9909395683810461,0.0
2021-05-14 02:50:00,0.09065550906555091,-0.7211155378486056,0.016530156366343807,-0.07302267452240663,0.6145973747235346,0.49766146993318483,0.5,0.02224804492527732,0.34438962434663745,0.9482032784748116,0.04294021269133371,0.9909395683810461,0.0
2021-05-14 03:00:00,0.11157601115760113,0.09960159362549792,0.03410275502606086,-0.05766827352258519,0.6145973747235346,0.9995545657015591,0.5,0.031066768549237178,0.35242969250618483,0.9801409082452894,0.05388361690893852,0.8992528666899293,0.0
2021-05-14 03:10:00,0.11924686192468618,-0.3784860557768924,0.0397617274758002,-0.03231565791822877,0.6145973747235346,0.9995545657015591,0.5,0.031066768549237178,0.35242969250618483,0.9801409082452894,0.05388361690893852,0.8992528666899293,0.0
2021-05-14 03:20:00,0.14644351464435149,-0.856573705179283,0.048994787788533056,-0.022317443313693897,0.6145973747235346,0.9995545657015591,0.5,0.031066768549237178,0.35242969250618483,0.9801409082452894,0.05388361690893852,0.8992528666899293,0.0
2021-05-14 03:30:00,0.13737796373779637,-0.42629482071713154,0.05614296351451942,-0.022674522406713193,0.6145973747235346,0.9995545657015591,0.5,0.031066768549237178,0.35242969250618483,0.9801409082452894,0.05388361690893852,0.8992528666899293,0.0
2021-05-14 03:40:00,0.09065550906555091,-0.29083665338645437,0.0507818317200297,-0.027673629708980574,0.6145973747235346,0.9995545657015591,0.5,0.031066768549237178,0.35242969250618483,0.9801409082452894,0.05388361690893852,0.8992528666899293,0.0
2021-05-14 03:50:00,0.2085076708507671,-0.15537848605577698,0.04363365599404312,-0.029101946081056984,0.6192040413029537,0.9594654788418708,0.5,0.031066768549237178,0.35242969250618483,0.9801409082452894,0.05388361690893852,0.8992528666899293,0.0
2021-05-14 04:00:00,0.30613668061366806,-0.019920318725099695,0.054355919583022994,-0.02624531333690394,0.6382065409430578,0.009242761692650333,0.5,0.004162799097998882,0.34865390638694027,0.9759679431844633,0.06610589805775913,0.7970038449559287,0.1290719254039863
2021-05-14 04:10:00,0.3319386331938633,0.043824701195219085,0.07877885331347723,-0.006605963220853384,0.6713169569826334,0.00011135857461024499,0.5,0.004162799097998882,0.34865390638694027,0.971794978123637,0.06610589805775913,0.7970038449559287,0.17785204520421866
2021-05-14 04:20:00,0.29776847977684795,0.11553784860557759,0.09724497393894271,0.012319228709159136,0.6695371085314942,0.00011135857461024499,0.5,0.004162799097998882,0.34865390638694027,0.9676220130628105,0.06610589805775913,0.7970038449559287,0.13014318692759178
2021-05-14 04:30:00,0.36750348675034866,-0.5139442231075697,0.09188384214445255,0.01553294054633092,0.668215309314104,0.00011135857461024499,0.5,0.004162799097998882,0.34865390638694027,0.9634490480019844,0.06610589805775913,0.7970038449559287,0.23544366824086785
2021-05-14 04:40:00,0.24407252440725244,-0.03585657370517936,0.08771407297096023,-0.013390465988216249,0.6566593815026632,0.00011135857461024499,0.5,0.004162799097998882,0.34865390638694027,0.9592760829411583,0.06610589805775913,0.7970038449559287,0.10595681759886537
2021-05-14 04:50:00,0.24198047419804744,0.24302788844621515,0.09158600148920315,-0.021960364220674822,0.670636426692492,0.00011135857461024499,0.5,0.004162799097998882,0.34865390638694027,0.9551031178803319,0.06610589805775913,0.7970038449559287,0.09777901836232782
2021-05-14 05:00:00,0.2085076708507671,0.29083665338645415,0.08771407297096023,-0.027316550615961277,0.6774809909567994,0.00011135857461024499,0.5,0.015009090384537682,0.34876309959282537,0.9509301528195058,0.11930409005537018,0.6580869349016626,0.07307965055750865
2021-05-14 05:10:00,0.12482566248256625,0.6653386454183265,0.07967237527922544,-0.027316550615961277,0.6888929604376333,0.00011135857461024499,0.5,0.015009090384537682,0.34876309959282537,0.9467571877586793,0.11930409005537018,0.6580869349016626,0.0238619732335501
2021-05-14 05:20:00,0.10669456066945607,0.5458167330677288,0.07341772151898729,-0.021246206034636783,0.6888929604376333,0.00011135857461024499,0.5,0.015009090384537682,0.34876309959282537,0.9425842226978532,0.11930409005537018,0.6580869349016626,0.008223063807957513
2021-05-14 05:30:00,0.05369595536959554,0.5166002656042494,0.06656738644825011,-0.02053204784859841,0.6999384905314681,0.6311804008908686,0.5,0.015009090384537682,0.34876309959282537,0.938411257637027,0.11930409005537018,0.6580869349016626,0.0
2021-05-14 05:40:00,0.0299860529986053,0.48738379814077004,0.07580044676098274,-0.002321014104624264,0.704793812409208,0.9993318485523385,0.5,0.015009090384537682,0.34876309959282537,0.9342382925762007,0.11930409005537018,0.6580869349016626,0.0
2021-05-14 05:50:00,0.01882845188284519,0.4581673306772909,0.08026805658972425,0.019103731476522112,0.704793812409208,0.9993318485523385,0.5,0.015009090384537682,0.34876309959282537,0.9300653275153745,0.11930409005537018,0.6580869349016626,0.0
2021-05-14 06:00:00,0.014644351464435146,0.4670728849308645,0.08175725986597171,0.026959471522942202,0.704793812409208,0.9993318485523385,0.5,0.04480373874791832,0.39396046631245857,0.9258923624545482,0.12658977208406566,0.5921339963878782,0.0
2021-05-14 06:10:00,0.029288702928870293,0.4759784391844386,0.07669396872673095,0.02945902517407606,0.704793812409208,0.9993318485523385,0.5,0.04480373874791832,0.39396046631245857,0.9258923624545482,0.12658977208406566,0.5921339963878782,0.0
2021-05-14 06:20:00,0.030683403068340307,0.4848839934380125,0.07490692479523453,0.026959471522942202,0.704793812409208,0.9993318485523385,0.5,0.04480373874791832,0.39396046631245857,0.9258923624545482,0.12658977208406566,0.5921339963878782,0.0
2021-05-14 06:30:00,0.05439330543933055,0.49378954769158634,0.07818317200297842,0.023745759685770418,0.704793812409208,0.9993318485523385,0.5,0.04480373874791832,0.39396046631245857,0.9258923624545482,0.12658977208406566,0.5921339963878782,0.0
2021-05-14 06:40:00,0.044630404463040445,0.5026951019451604,0.07639612807148177,0.024459917871808567,0.704793812409208,0.9993318485523385,0.5,0.04480373874791832,0.39396046631245857,0.9258923624545482,0.12658977208406566,0.5921339963878782,0.0
2021-05-14 06:50:00,0.0400976290097629,0.5116006561987343,0.07505584512285912,0.025709694697375607,0.704793812409208,0.9993318485523385,0.5,0.04480373874791832,0.39396046631245857,0.9258923624545482,0.12658977208406566,0.5921339963878782,0.0
2021-05-14 07:00:00,0.03556485355648536,0.5205062104523084,0.07371556217423669,0.026959471522942202,0.704793812409208,0.9993318485523385,0.5,0.037727613990020004,0.3890898746289588,0.9956133726507843,0.1693145192905965,0.6022113468898941,0.0
2021-05-14 07:10:00,0.027196652719665274,0.5294117647058822,0.07520476545048371,0.023388680592751232,0.704793812409208,0.9993318485523385,0.5,0.037727613990020004,0.3890898746289588,0.9956133726507843,0.1693145192905965,0.6022113468898941,0.0
2021-05-14 07:20:00,0.03277545327754532,0.5383173189594561,0.07490692479523453,0.02803070880199976,0.704793812409208,0.9993318485523385,0.5,0.037727613990020004,0.3890898746289588,0.9956133726507843,0.1693145192905965,0.6022113468898941,0.0
2021-05-14 07:30:00,0.02370990237099024,0.5472228732130302,0.07490692479523453,0.030530262453133394,0.704793812409208,0.9993318485523385,0.5,0.037727613990020004,0.3890898746289588,0.9956133726507843,0.1693145192905965,0.6022113468898941,0.0
2021-05-14 07:40:00,0.027196652719665274,0.5561284274666043,0.07967237527922544,0.04231387252276364,0.704793812409208,0.9993318485523385,0.5,0.037727613990020004,0.3890898746289588,0.9956133726507843,0.1693145192905965,0.6022113468898941,0.0
2021-05-14 07:50:00,0.027894002789400282,0.5650339817201779,0.08503350707371538,0.06123906445277627,0.704793812409208,0.9993318485523385,0.5,0.037727613990020004,0.3890898746289588,0.9956133726507843,0.1693145192905965,0.6022113468898941,0.0
2021-05-14 08:00:00,0.038354253835425386,0.5739395359737518,0.09099032017870412,0.07195143724334963,0.704793812409208,0.9993318485523385,0.5,0.023347362754538192,0.4004459680408741,0.9776669402827709,0.1510499659435641,0.5702217775984146,0.0
2021-05-14 08:10:00,0.03207810320781032,0.5828450902273259,0.09307520476545039,0.07802178182467423,0.704793812409208,0.9993318485523385,0.5,0.023347362754538192,0.4004459680408741,0.9597205079147573,0.1510499659435641,0.5702217775984146,0.0
2021-05-14 08:20:00,0.04393305439330544,0.5917506444808998,0.09545793000744607,0.07945009819675053,0.704793812409208,0.9993318485523385,0.5,0.023347362754538192,0.4004459680408741,0.9417740755467439,0.1510499659435641,0.5702217775984146,0.0
2021-05-14 08:30:00,0.055090655509065556,0.6006561987344736,0.10022338049143698,0.07945009819675053,0.704793812409208,0.9993318485523385,0.5,0.023347362754538192,0.4004459680408741,0.9238276431787303,0.1510499659435641,0.5702217775984146,0.0
2021-05-14 08:40:00,0.07252440725244073,0.6095617529880477,0.10260610573343243,0.07516514908052141,0.704793812409208,0.9993318485523385,0.5,0.023347362754538192,0.4004459680408741,0.9058812108107168,0.1510499659435641,0.5702217775984146,0.0
2021-05-14 08:50:00,0.06555090655509065,-0.4820717131474104,0.10647803425167512,0.07123727905731125,0.704793812409208,0.9993318485523385,0.5,0.023347362754538192,0.4004459680408741,0.8879347784427033,0.1510499659435641,0.5702217775984146,0.0
2021-05-14 09:00:00,0.06834030683403068,-0.8167330677290838,0.10647803425167512,0.0687377254061774,0.704793812409208,0.9993318485523385,0.5,0.008242348884655915,0.3966270793403571,0.8699883460746898,0.15059319705998322,0.49838203878905984,0.0
2021-05-14 09:10:00,0.07182705718270573,-0.6733067729083666,0.10647803425167512,0.0687377254061774,0.704793812409208,0.9993318485523385,0.5,0.008242348884655915,0.3966270793403571,0.8520419137066764,0.15059319705998322,0.49838203878905984,0.0
2021-05-14 09:20:00,0.030683403068340307,-0.7310756972111554,0.10945644080416961,0.06909480449919658,0.704793812409208,0.9993318485523385,0.5,0.008242348884655915,0.3966270793403571,0.8340954813386628,0.15059319705998322,0.49838203878905984,0.0
2021-05-14 09:30:00,0.01603905160390516,-0.6582005312084994,0.10826507818317177,0.07266559542938755,0.704793812409208,0.9993318485523385,0.5,0.008242348884655915,0.3966270793403571,0.8161490489706493,0.15059319705998322,0.49838203878905984,0.0
2021-05-14 09:40:00,0.013947001394700141,-0.5853253652058434,0.10945644080416961,0.07873594001071238,0.704793812409208,0.9993318485523385,0.5,0.008242348884655915,0.3966270793403571,0.7982026166026358,0.15059319705998322,0.49838203878905984,0.0
2021-05-14 09:50:00,0.027894002789400282,-0.5124501992031874,0.11571109456440776,0.08194965184788416,0.704793812409208,0.9993318485523385,0.5,0.008242348884655915,0.3966270793403571,0.7802561842346224,0.15059319705998322,0.49838203878905984,0.0
2021-05-14 10:00:00,0.05299860529986053,-0.4395750332005314,0.1243484735666418,0.09051955008034285,0.704793812409208,0.9993318485523385,0.5,0.14005058996612307,0.39571905162827403,0.7623097518666089,0.11285071410888156,0.4100438259803237,0.0
2021-05-14 10:10:00,0.04741980474198048,0.02523240371845925,0.1288160833953833,0.09837529012676294,0.704793812409208,0.9993318485523385,0.5,0.14005058996612307,0.39571905162827403,0.7623097518666089,0.11285071410888156,0.4100438259803237,0.0
2021-05-14 10:20:00,0.08926080892608089,0.49003984063745,0.13417721518987324,0.1040885556150688,0.704793812409208,0.9993318485523385,0.5,0.14005058996612307,0.39571905162827403,0.7623097518666089,0.11285071410888156,0.4100438259803237,0.0
2021-05-14 10:30:00,0.0794979079497908,0.1580345285524567,0.13924050632911378,0.10337439742903043,0.704793812409208,0.9993318485523385,0.5,0.14005058996612307,0.39571905162827403,0.7623097518666089,0.11285071410888156,0.4100438259803237,0.0
2021-05-14 10:40:00,0.06903765690376569,-0.1739707835325367,0.14281459419210707,0.1008748437778968,0.704793812409208,0.9993318485523385,0.5,0.14005058996612307,0.39571905162827403,0.7623097518666089,0.11285071410888156,0.4100438259803237,0.0
2021-05-14 10:50:00,0.0815899581589958,-0.50597609561753,0.14519731943410275,0.10444563470808776,0.704793812409208,0.9993318485523385,0.5,0.14005058996612307,0.39571905162827403,0.7623097518666089,0.11285071410888156,0.4100438259803237,0.0
2021-05-14 11:00:00,0.09832635983263598,0.97609561752988,0.15264333581533873,0.10551687198714532,0.704793812409208,0.9993318485523385,0.5,0.14313671798261818,0.3910237437752679,0.69724434177573,0.08207234510786478,0.30451633880366774,0.0
2021-05-14 11:10:00,0.12133891213389121,-0.553784860557769,0.15979151154132532,0.11230137475450808,0.704793812409208,0.9993318485523385,0.5,0.14313671798261818,0.3910237437752679,0.69724434177573,0.08207234510786478,0.30451633880366774,0.0
2021-05-14 11:20:00,0.1094839609483961,-0.749003984063745,0.16753536857781093,0.11658632387073742,0.704793812409208,0.9993318485523385,0.5,0.14313671798261818,0.3910237437752679,0.69724434177573,0.08207234510786478,0.30451633880366774,0.0
2021-05-14 11:30:00,0.08437935843793584,-0.7383266932270915,0.17557706626954572,0.12587038028923425,0.704793812409208,0.9993318485523385,0.5,0.14313671798261818,0.3910237437752679,0.69724434177573,0.08207234510786478,0.30451633880366774,0.0
2021-05-14 11:40:00,0.07670850767085077,-0.7276494023904382,0.18451228592702873,0.13194072487055908,0.7048199866511367,0.9993318485523385,0.5,0.14313671798261818,0.3910237437752679,0.69724434177573,0.08207234510786478,0.30451633880366774,0.0
2021-05-14 11:50:00,0.04951185495118549,-0.7169721115537849,0.18838421444527165,0.13836814854490287,0.7048199866511367,0.9993318485523385,0.5,0.14313671798261818,0.3910237437752679,0.69724434177573,0.08207234510786478,0.30451633880366774,0.0
2021-05-14 12:00:00,0.08786610878661089,-0.7062948207171316,0.19761727475800428,0.142653097661132,0.7048199866511367,0.9993318485523385,0.5,0.1473547164437068,0.3811158970940241,0.6338049423775645,0.07337911280837418,0.32402846966401566,0.0
2021-05-14 12:10:00,0.07043235704323571,-0.6956175298804782,0.20923306031273237,0.14443849312622747,0.7048199866511367,0.9993318485523385,0.5,0.1473547164437068,0.3811158970940241,0.6338049423775645,0.07337911280837418,0.32402846966401566,0.0
2021-05-14 12:20:00,0.07670850767085077,-0.6334661354581674,0.21965748324646306,0.15586502410283876,0.7048199866511367,0.9993318485523385,0.5,0.1473547164437068,0.3811158970940241,0.6338049423775645,0.07337911280837418,0.32402846966401566,0.0
2021-05-14 12:30:00,0.08577405857740586,-0.019920318725099695,0.2285927029039463,0.1662203178003927,0.7048199866511367,0.9993318485523385,0.5,0.1473547164437068,0.3811158970940241,0.6338049423775645,0.07337911280837418,0.32402846966401566,0.0
2021-05-14 12:40:00,0.1199442119944212,-0.14513375071144008,0.23782576321667914,0.17086234600964123,0.7048199866511367,0.9993318485523385,0.5,0.1473547164437068,0.3811158970940241,0.6338049423775645,0.07337911280837418,0.32402846966401566,0.0
2021-05-14 12:50:00,0.11854951185495119,-0.27034718269778035,0.2446760982874161,0.17229066238171753,0.7048199866511367,0.9993318485523385,0.5,0.1473547164437068,0.3811158970940241,0.6338049423775645,0.07337911280837418,0.32402846966401566,0.0
2021-05-14 13:00:00,0.11297071129707113,-0.39556061468412074,0.2521221146686521,0.17229066238171753,0.7048199866511367,0.9993318485523385,0.5,0.24304943294744907,0.3619036398693129,0.4834025040970473,0.063755205884868,0.3263970547006256,0.0
2021-05-14 13:10:00,0.0899581589958159,-0.5207740466704611,0.2577810871183914,0.17479021603285116,0.7048199866511367,0.9993318485523385,0.5,0.24304943294744907,0.3619036398693129,0.4834025040970473,0.063755205884868,0.3263970547006256,0.0
2021-05-14 13:20:00,0.16527196652719667,-0.6459874786568014,0.2676098287416231,0.17907516514908073,0.7048199866511367,0.9993318485523385,0.5,0.24304943294744907,0.3619036398693129,0.4834025040970473,0.063755205884868,0.3263970547006256,0.0
2021-05-14 13:30:00,0.13598326359832635,-0.48776323278315314,0.2747580044676097,0.18443135154436718,0.7048199866511367,0.9993318485523385,0.5,0.24304943294744907,0.3619036398693129,0.4834025040970473,0.063755205884868,0.3263970547006256,0.0
2021-05-14 13:40:00,0.15550906555090654,-0.3295389869095049,0.2830975428145941,0.18478843063738615,0.652406067189279,0.2844097995545657,0.5,0.24304943294744907,0.3619036398693129,0.4834025040970473,0.063755205884868,0.3263970547006256,0.0
2021-05-14 13:50:00,0.09065550906555091,-0.17131474103585675,0.2839910647803423,0.180860560614176,0.6169268822551727,0.9634743875278396,0.5,0.24304943294744907,0.3619036398693129,0.4834025040970473,0.063755205884868,0.3263970547006256,0.0
2021-05-14 14:00:00,0.1199442119944212,0.97609561752988,0.28518242740134014,0.19014461703267282,0.6169268822551727,0.9995545657015591,0.5,0.25357810276286963,0.34391262244724935,0.45153614386402896,0.04784171176764483,0.39710800229041243,0.0
2021-05-14 14:10:00,0.09135285913528592,0.5298804780876492,0.2881608339538346,0.197286198893055,0.6169268822551727,0.9995545657015591,0.5,0.25357810276286963,0.34391262244724935,0.45153614386402896,0.04784171176764483,0.39710800229041243,0.0
2021-05-14 14:20:00,0.0697350069735007,0.2589641434262948,0.28965003723008165,0.20192822710230307,0.6169268822551727,0.9995545657015591,0.5,0.25357810276286963,0.34391262244724935,0.45153614386402896,0.04784171176764483,0.39710800229041243,0.0
2021-05-14 14:30:00,0.12831241283124128,0.41035856573705165,0.29977661950856294,0.2097839671487236,0.6169268822551727,0.9995545657015591,0.5,0.25357810276286963,0.34391262244724935,0.45153614386402896,0.04784171176764483,0.39710800229041243,0.0
2021-05-14 14:40:00,0.09902370990237098,-0.26693227091633476,0.30483991064780347,0.21335475807891435,0.6169268822551727,0.9995545657015591,0.5,0.25357810276286963,0.34391262244724935,0.45153614386402896,0.04784171176764483,0.39710800229041243,0.0
2021-05-14 14:50:00,0.100418410041841,-0.9442231075697212,0.31228592702903946,0.21763970719514392,0.6169268822551727,0.9995545657015591,0.5,0.25357810276286963,0.34391262244724935,0.45153614386402896,0.04784171176764483,0.39710800229041243,0.0
2021-05-14 15:00:00,0.13598326359832635,-0.12749003984063756,0.32092330603127306,0.222281735404392,0.6169268822551727,0.9995545657015591,0.5,0.26865866881816336,0.32984968693158373,0.4213659225340709,0.09241406076531844,0.5273934826988154,0.0
2021-05-14 15:10:00,0.09135285913528592,0.689243027888446,0.3182427401340282,0.21978218175325837,0.6169268822551727,0.9995545657015591,0.5,0.26865866881816336,0.32984968693158373,0.4213659225340709,0.09241406076531844,0.5273934826988154,0.0
2021-05-14 15:20:00,0.0801952580195258,0.6591027195565562,0.3241995532390167,0.21692554900910554,0.6169268822551727,0.9995545657015591,0.5,0.26865866881816336,0.32984968693158373,0.4213659225340709,0.09241406076531844,0.5273934826988154,0.0
2021-05-14 15:30:00,0.09693165969316596,0.6289624112246663,0.3295606850335069,0.22299589359043037,0.6169268822551727,0.9995545657015591,0.5,0.26865866881816336,0.32984968693158373,0.4213659225340709,0.09241406076531844,0.5273934826988154,0.0
2021-05-14 15:40:00,0.13389121338912133,0.5988221028927767,0.33581533879374503,0.2287091590787358,0.6169268822551727,0.9995545657015591,0.5,0.26865866881816336,0.32984968693158373,0.4213659225340709,0.09241406076531844,0.5273934826988154,0.0
2021-05-14 15:50:00,0.09065550906555091,0.5686817945608869,0.3370067014147431,0.2258525263345832,0.6169268822551727,0.9995545657015591,0.5,0.26865866881816336,0.32984968693158373,0.4213659225340709,0.09241406076531844,0.5273934826988154,0.0
2021-05-14 16:00:00,0.07810320781032079,0.538541486228997,0.33581533879374503,0.22263881449741119,0.6169268822551727,0.9995545657015591,0.5,0.3318389259237886,0.31658845942754094,0.339025258456695,0.2136665491537861,0.5844486352385915,0.0
2021-05-14 16:10:00,0.10669456066945607,0.5084011778971071,0.3340282948622486,0.222281735404392,0.6169268822551727,0.9995545657015591,0.5,0.3318389259237886,0.31658845942754094,0.339025258456695,0.2136665491537861,0.5844486352385915,0.0
2021-05-14 16:20:00,0.09623430962343095,0.4782608695652171,0.3301563663440057,0.2147830744509911,0.6169268822551727,0.9995545657015591,0.5,0.3318389259237886,0.31658845942754094,0.339025258456695,0.2136665491537861,0.5844486352385915,0.0
2021-05-14 16:30:00,0.07670850767085077,0.4481205612333272,0.3298585256887563,0.2115693626138191,0.6169268822551727,0.9995545657015591,0.5,0.3318389259237886,0.31658845942754094,0.339025258456695,0.2136665491537861,0.5844486352385915,0.0
2021-05-14 16:40:00,0.07322175732217574,0.41798025290143737,0.33134772896500375,0.2115693626138191,0.6169268822551727,0.9995545657015591,0.5,0.3318389259237886,0.31658845942754094,0.339025258456695,0.2136665491537861,0.5844486352385915,0.0
2021-05-14 16:50:00,0.0885634588563459,0.38783994456954773,0.3352196574832462,0.21371183717193376,0.6169268822551727,0.9995545657015591,0.5,0.3318389259237886,0.31658845942754094,0.339025258456695,0.2136665491537861,0.5844486352385915,0.0
2021-05-14 17:00:00,0.06764295676429567,0.3576996362376579,0.3370067014147431,0.21514015354401006,0.6169268822551727,0.9995545657015591,0.5,0.34923209514435705,0.3142896550931454,0.3261566684509414,0.3135543178485881,0.6167437808089961,0.0
2021-05-14 17:10:00,0.10181311018131102,0.327559327905768,0.33462397617274764,0.21406891626495272,0.6169268822551727,0.9995545657015591,0.5,0.34923209514435705,0.3142896550931454,0.3261566684509414,0.3135543178485881,0.6167437808089961,0.0
2021-05-14 17:20:00,0.09693165969316596,0.2974190195738782,0.33551749813849585,0.2115693626138191,0.6169268822551727,0.9995545657015591,0.5,0.34923209514435705,0.3142896550931454,0.3261566684509414,0.3135543178485881,0.6167437808089961,0.0
2021-05-14 17:30:00,0.055090655509065556,0.2672787112419883,0.3376023827252417,0.21228352079985724,0.6169268822551727,0.9995545657015591,0.5,0.34923209514435705,0.3142896550931454,0.3261566684509414,0.3135543178485881,0.6167437808089961,0.0
2021-05-14 17:40:00,0.058577405857740586,0.23713840291009847,0.34385703648548005,0.21514015354401006,0.6169268822551727,0.9995545657015591,0.5,0.34923209514435705,0.3142896550931454,0.3261566684509414,0.3135543178485881,0.6167437808089961,0.0
2021-05-14 17:50:00,0.08507670850767085,0.20699809457820884,0.3459419210722261,0.22049633993929652,0.6169268822551727,0.9995545657015591,0.5,0.34923209514435705,0.3142896550931454,0.3261566684509414,0.3135543178485881,0.6167437808089961,0.0
2021-05-14 18:00:00,0.14853556485355648,0.17685778624631898,0.3530900967982129,0.21835386538118184,0.6169268822551727,0.9995545657015591,0.5,0.31244273691449886,0.3169821296698048,0.3391463659447266,0.34262686214920157,0.6534935854861025,0.0
2021-05-14 18:10:00,0.13458856345885634,0.14671747791442913,0.3533879374534623,0.21371183717193376,0.6169268822551727,0.9995545657015591,0.5,0.31244273691449886,0.3169821296698048,0.3391463659447266,0.34262686214920157,0.6534935854861025,0.0
2021-05-14 18:20:00,0.06903765690376569,0.11657716958253928,0.35100521221146663,0.21085520442778072,0.6169268822551727,0.9995545657015591,0.5,0.31244273691449886,0.3169821296698048,0.3391463659447266,0.34262686214920157,0.6534935854861025,0.0
2021-05-14 18:30:00,0.055788005578800565,0.08643686125064942,0.3465376023827249,0.2047848598464561,0.6169268822551727,0.9995545657015591,0.5,0.31244273691449886,0.3169821296698048,0.3391463659447266,0.34262686214920157,0.6534935854861025,0.0
2021-05-14 18:40:00,0.048117154811715475,0.05629655291875957,0.3420699925539836,0.20085698982324596,0.6169268822551727,0.9995545657015591,0.5,0.31244273691449886,0.3169821296698048,0.3391463659447266,0.34262686214920157,0.6534935854861025,0.0
2021-05-14 18:50:00,0.25523012552301255,0.026156244586869937,0.33998510796723735,0.1937154079628638,0.640130347724804,0.9995545657015591,0.5,0.31244273691449886,0.3169821296698048,0.3391463659447266,0.34262686214920157,0.6534935854861025,0.0
2021-05-14 19:00:00,0.2112970711297071,-0.003984063745020028,0.33641102010424406,0.18550258882342452,0.7573124288387797,0.22071269487750558,0.5,0.30608316993098894,0.3303037007876274,0.35486827373132934,0.4587732452560284,0.666850228099662,0.03767521161187139
2021-05-14 19:10:00,0.24058577405857742,0.13147410358565725,0.33670886075949347,0.16586323870737374,0.7515410084935414,0.00011135857461024499,0.5,0.30608316993098894,0.3303037007876274,0.35486827373132934,0.4587732452560284,0.666850228099662,0.08690797712630324
2021-05-14 19:20:00,0.23500697350069735,-0.19521912350597614,0.3384959046909901,0.1665773968934119,0.7668791142636532,0.00011135857461024499,0.5,0.30608316993098894,0.3303037007876274,0.35486827373132934,0.4587732452560284,0.666850228099662,0.08103867103218311
2021-05-14 19:30:00,0.23361227336122734,-0.21115537848605592,0.33968726731198795,0.1794322442420997,0.7607412545314156,0.00011135857461024499,0.5,0.30608316993098894,0.3303037007876274,0.35486827373132934,0.4587732452560284,0.666850228099662,0.08245696093667486
2021-05-14 19:40:00,0.24058577405857742,0.394422310756972,0.33670886075949347,0.19550080342795928,0.7693656672468624,0.00011135857461024499,0.5,0.30608316993098894,0.3303037007876274,0.35486827373132934,0.4587732452560284,0.666850228099662,0.09477646845813781
2021-05-14 19:50:00,0.303347280334728,-0.47410358565737054,0.33581533879374503,0.21014104624174257,0.7890748714190365,0.00011135857461024499,0.5,0.30608316993098894,0.3303037007876274,0.35486827373132934,0.4587732452560284,0.666850228099662,0.1550311571133274
2021-05-14 20:00:00,0.2712691771269177,-0.003984063745020028,0.3379002233804913,0.21192644170683805,0.7888523903626441,0.00011135857461024499,0.5,0.3084283257115965,0.3444068653791448,0.3633898023944282,0.5349930392184927,0.6830788270790888,0.11884213226307769
2021-05-14 20:10:00,0.2880055788005579,-0.08366533864541836,0.34087862993298557,0.22013926084627755,0.7968355341508422,0.00011135857461024499,0.5,0.3084283257115965,0.3444068653791448,0.3633898023944282,0.5349930392184927,0.6830788270790888,0.13275344387947555
2021-05-14 20:20:00,0.25174337517433754,-0.23505976095617542,0.343261355174981,0.23085163363685046,0.7994791325856224,0.00011135857461024499,0.5,0.3084283257115965,0.3444068653791448,0.3633898023944282,0.5349930392184927,0.6830788270790888,0.10878585331261222
2021-05-14 20:30:00,0.2873082287308229,0.49800796812749004,0.3456440804169767,0.24299232279950012,0.7994791325856224,0.00011135857461024499,0.5,0.3084283257115965,0.3444068653791448,0.3633898023944282,0.5349930392184927,0.6830788270790888,0.13099566968933415
2021-05-14 20:40:00,0.3437935843793584,0.41035856573705165,0.3495160089352196,0.24692019282271027,0.8132206095980945,0.00011135857461024499,0.5,0.3084283257115965,0.3444068653791448,0.3633898023944282,0.5349930392184927,0.6830788270790888,0.19076753624937762
2021-05-14 20:50:00,0.24476987447698745,0.17928286852589648,0.3146686522710349,0.21692554900910554,0.8193061208464749,0.00011135857461024499,0.5,0.3084283257115965,0.3444068653791448,0.3633898023944282,0.5349930392184927,0.6830788270790888,0.0958628181722166
2021-05-14 21:00:00,0.2545327754532775,-0.01195219123505975,0.287862993298585,0.17657561149794687,0.8349844917616573,0.00011135857461024499,0.5,0.3135419546844913,0.3652857557462936,0.37058789886370747,0.4745469919445347,0.6837766442687256,0.10696018226534092
2021-05-14 21:10:00,0.23849372384937237,0.2669322709163344,0.27862993298585237,0.1569362613818961,0.8271583934250304,0.00011135857461024499,0.5,0.3135419546844913,0.3652857557462936,0.37058789886370747,0.4745469919445347,0.6837766442687256,0.0993708224572627
2021-05-14 21:20:00,0.19177126917712692,0.1394422310756971,0.27386448250186124,0.14229601856811303,0.8271583934250304,0.00011135857461024499,0.5,0.3135419546844913,0.3652857557462936,0.37058789886370747,0.4745469919445347,0.6837766442687256,0.0653695852256439
2021-05-14 21:30:00,0.14783821478382148,0.49003984063745,0.26909903201787033,0.14372433494018932,0.8271583934250304,0.00011135857461024499,0.5,0.3135419546844913,0.3652857557462936,0.37058789886370747,0.4745469919445347,0.6837766442687256,0.038278739230804056
2021-05-14 21:40:00,0.11924686192468618,0.5378486055776892,0.2673119880863737,0.14479557221924666,0.8271583934250304,0.00011135857461024499,0.5,0.3135419546844913,0.3652857557462936,0.37058789886370747,0.4745469919445347,0.6837766442687256,0.024495677233429394
2021-05-14 21:50:00,0.12831241283124128,0.10756972111553775,0.26254653760238256,0.14836636314943763,0.8403109499941108,0.00011135857461024499,0.5,0.3135419546844913,0.3652857557462936,0.37058789886370747,0.4745469919445347,0.6837766442687256,0.022579477043318197
2021-05-14 22:00:00,0.1903765690376569,0.4501992031872508,0.25807892777364083,0.14336725584717036,0.8435172946303542,0.00011135857461024499,0.5,0.2397515795189349,0.3890122899826718,0.502854015258529,0.4591193907787737,0.695266589616884,0.06075259894080903
2021-05-14 22:10:00,0.23430962343096234,0.4661354581673305,0.25450483991064754,0.135868594893769,0.8491185824030572,0.00011135857461024499,0.5,0.2397515795189349,0.3890122899826718,0.502854015258529,0.4591193907787737,0.695266589616884,0.08670428655491348
2021-05-14 22:20:00,0.1924686192468619,-0.07569721115537853,0.2521221146686521,0.12908409212640604,0.8573634686105404,0.00011135857461024499,0.5,0.2397515795189349,0.3890122899826718,0.502854015258529,0.4591193907787737,0.695266589616884,0.05920605941729409
2021-05-14 22:30:00,0.23570432357043236,0.01195219123505975,0.24735666418466096,0.12444206391715773,0.8573634686105404,0.00011135857461024499,0.5,0.2397515795189349,0.3890122899826718,0.502854015258529,0.4591193907787737,0.695266589616884,0.08717202045958629
2021-05-14 22:40:00,0.25313807531380755,0.4820717131474104,0.2443782576321667,0.1151580074986609,0.8573634686105404,0.00011135857461024499,0.5,0.2397515795189349,0.3890122899826718,0.502854015258529,0.4591193907787737,0.695266589616884,0.10413869064683072
2021-05-14 22:50:00,0.2377963737796374,0.5458167330677288,0.2402084884586746,0.10837350473129792,0.8607661200612478,0.00011135857461024499,0.5,0.2397515795189349,0.3890122899826718,0.502854015258529,0.4591193907787737,0.695266589616884,0.09396170617257872
2021-05-14 23:00:00,0.22036262203626222,-0.05179282868525903,0.23633655994043168,0.10515979289412614,0.8711180327439766,0.00011135857461024499,0.5,0.1799586621808984,0.4028597125919878,0.6169351131441951,0.4478486278432468,0.7155393319913679,0.0782926203660395
2021-05-14 23:10:00,0.2684797768479777,-0.3067729083665339,0.23425167535368563,0.10444563470808776,0.8711180327439766,0.00011135857461024499,0.5,0.1799586621808984,0.4028597125919878,0.6169351131441951,0.4478486278432468,0.7155393319913679,0.11917407245349065
2021-05-14 23:20:00,0.2838214783821479,-0.5617529880478087,0.23037974683544293,0.10123192287091598,0.8711180327439766,0.00011135857461024499,0.5,0.1799586621808984,0.4028597125919878,0.6169351131441951,0.4478486278432468,0.7155393319913679,0.1316595500701601
2021-05-14 23:30:00,0.30404463040446306,-0.298804780876494,0.2285927029039463,0.1008748437778968,0.8711180327439766,0.00011135857461024499,0.5,0.1799586621808984,0.4028597125919878,0.6169351131441951,0.4478486278432468,0.7155393319913679,0.1502104802571028
2021-05-14 23:40:00,0.28451882845188287,-0.17131474103585675,0.22710349962769927,0.0958757364756293,0.8711180327439766,0.00011135857461024499,0.5,0.1799586621808984,0.4028597125919878,0.6169351131441951,0.4478486278432468,0.7155393319913679,0.12635605111878934
2021-05-14 23:50:00,0.22594142259414227,-0.2270916334661356,0.22501861504095277,0.09337618282449567,0.8711180327439766,0.00011135857461024499,0.5,0.1799586621808984,0.4028597125919878,0.6169351131441951,0.4478486278432468,0.7155393319913679,0.08997087979238651
2021-05-15 00:00:00,0.21827057182705717,-0.19920318725099595,0.22204023827252395,0.09337618282449567,0.8711180327439766,0.00011135857461024499,0.5,0.179071103116746,0.408991773153987,0.6167985343330852,0.39739201651387557,0.7221099575151628,0.0831736499841574
2021-05-15 00:10:00,0.2105997210599721,-0.17131474103585675,0.21906180193596425,0.09337618282449567,0.8711180327439766,0.00011135857461024499,0.5,0.179071103116746,0.408991773153987,0.6167985343330852,0.39739201651387557,0.7221099575151628,0.0763764201759283
2021-05-15 00:20:00,0.14783821478382148,0.13147410358565725,0.21608339538346977,0.094447420103553,0.8711180327439766,0.00011135857461024499,0.5,0.179071103116746,0.408991773153987,0.6167985343330852,0.39739201651387557,0.7221099575151628,0.039040692849706536
2021-05-15 00:30:00,0.18270571827057183,-0.05179282868525903,0.21072226358897983,0.09551865738261034,0.8711180327439766,0.00011135857461024499,0.5,0.179071103116746,0.408991773153987,0.6167985343330852,0.39739201651387557,0.7221099575151628,0.05800654827466542
2021-05-15 00:40:00,0.19665271966527195,-0.019920318725099695,0.21072226358897983,0.09194786645241915,0.8711180327439766,0.00011135857461024499,0.5,0.179071103116746,0.408991773153987,0.6167985343330852,0.39739201651387557,0.7221099575151628,0.06720280036815185
2021-05-15 00:50:00,0.1394700139470014,0.2669322709163344,0.21072226358897983,0.09301910373147648,0.8711180327439766,0.00011135857461024499,0.5,0.179071103116746,0.408991773153987,0.6167985343330852,0.39739201651387557,0.7221099575151628,0.03606077523122652
2021-05-15 01:00:00,0.14086471408647142,0.6972111553784857,0.21072226358897983,0.0994465274058205,0.8711180327439766,0.00011135857461024499,0.5,0.14689057485050294,0.41010669325617016,0.6727980027282792,0.32910948485460656,0.7110502440011034,0.043816105134511216
2021-05-15 01:10:00,0.21548117154811713,0.24302788844621515,0.20893521965748318,0.0973040528477056,0.8867702294172305,0.00011135857461024499,0.5,0.14689057485050294,0.41010669325617016,0.6727980027282792,0.32910948485460656,0.7110502440011034,0.08680990388822668
2021-05-15 01:20:00,0.23640167364016737,0.29083665338645415,0.2056589724497393,0.08801999642920899,0.8875685437960503,0.00011135857461024499,0.5,0.14689057485050294,0.41010669325617016,0.6727980027282792,0.32910948485460656,0.7110502440011034,0.0999517177904854
2021-05-15 01:30:00,0.2615062761506276,0.6254980079681274,0.20476545048399108,0.08123549366184624,0.8880920286346207,0.00011135857461024499,0.5,0.14689057485050294,0.41010669325617016,0.6727980027282792,0.32910948485460656,0.7110502440011034,0.11312370807369072
2021-05-15 01:40:00,0.21199442119944212,0.09163346613545809,0.20416976917349206,0.07945009819675053,0.9014539791391293,0.00011135857461024499,0.5,0.14689057485050294,0.41010669325617016,0.6727980027282792,0.32910948485460656,0.7110502440011034,0.07577289255699564
2021-05-15 01:50:00,0.11506276150627615,-0.12350597609561753,0.20178704393149638,0.08087841456882705,0.9014539791391293,0.00044543429844097997,0.5,0.14689057485050294,0.41010669325617016,0.6727980027282792,0.32910948485460656,0.7110502440011034,0.011957390950103354
2021-05-15 02:00:00,0.061366806136680614,-0.5458167330677292,0.20327624720774362,0.09266202463845752,0.9014539791391293,0.9622494432071269,0.5,0.1458075666819978,0.40240282523052767,0.6972010981595848,0.2569429847163898,0.7039974893429536,0.0
2021-05-15 02:10:00,0.08647140864714087,-0.4422310756972112,0.21459419210722253,0.1183717193358329,0.9014539791391293,0.9993318485523385,0.5,0.1458075666819978,0.40240282523052767,0.6972010981595848,0.2569429847163898,0.7039974893429536,0.0
2021-05-15 02:20:00,0.1206415620641562,-0.12151394422310757,0.21250930752047625,0.13229780396357804,0.9014539791391293,0.9993318485523385,0.5,0.1458075666819978,0.40240282523052767,0.6972010981595848,0.2569429847163898,0.7039974893429536,0.0
2021-05-15 02:30:00,0.25313807531380755,0.19920318725099606,0.2175725986597168,0.13336904124263538,0.841331745429323,0.9993318485523385,0.5,0.1458075666819978,0.40240282523052767,0.6972010981595848,0.2569429847163898,0.7039974893429536,0.0
2021-05-15 02:40:00,0.15481171548117156,0.5199203187250998,0.2253164556962024,0.16300660596322092,0.6031068825169151,0.9993318485523385,0.5,0.1458075666819978,0.40240282523052767,0.6972010981595848,0.2569429847163898,0.7039974893429536,0.0
2021-05-15 02:50:00,0.13807531380753138,0.8406374501992031,0.2220402084884585,0.1780039278700234,0.5162214864351992,0.9993318485523385,0.5,0.1458075666819978,0.40240282523052767,0.6972010981595848,0.2569429847163898,0.7039974893429536,0.0
2021-05-15 03:00:00,0.13528591352859135,0.7609561752988048,0.21727475800446738,0.16550615961435455,0.5162214864351992,0.9993318485523385,0.5,0.12715231655550618,0.39727361805940586,0.7903501299908174,0.1574847901463101,0.7033564455495901,0.0
2021-05-15 03:10:00,0.13668061366806136,0.6812749003984064,0.21548771407297096,0.15800749866095343,0.5162214864351992,0.9993318485523385,0.5,0.12715231655550618,0.39727361805940586,0.7903501299908174,0.1574847901463101,0.7033564455495901,0.0
2021-05-15 03:20:00,0.10390516039051603,0.6015936254980081,0.21191362620997745,0.15122299589359045,0.5162214864351992,0.9993318485523385,0.5,0.12715231655550618,0.39727361805940586,0.7903501299908174,0.1574847901463101,0.7033564455495901,0.0
2021-05-15 03:30:00,0.08577405857740586,0.5219123505976095,0.21727475800446738,0.14515265131226562,0.5162214864351992,0.9993318485523385,0.5,0.12715231655550618,0.39727361805940586,0.7903501299908174,0.1574847901463101,0.7033564455495901,0.0
2021-05-15 03:40:00,0.09762900976290097,0.4422310756972112,0.22055100521221127,0.14336725584717036,0.5162214864351992,0.9993318485523385,0.5,0.12715231655550618,0.39727361805940586,0.7903501299908174,0.1574847901463101,0.7033564455495901,0.0
2021-05-15 03:50:00,0.12482566248256625,0.36254980079681287,0.22323157110945635,0.13943938582395998,0.5162214864351992,0.9993318485523385,0.5,0.12715231655550618,0.39727361805940586,0.7903501299908174,0.1574847901463101,0.7033564455495901,0.0
2021-05-15 04:00:00,0.12133891213389121,0.2828685258964143,0.21906180193596425,0.13301196214961597,0.5162214864351992,0.9993318485523385,0.5,0.09619321177911022,0.384561230090201,0.8495645900473486,0.05467419964934611,0.705606522668836,0.0
2021-05-15 04:10:00,0.13389121338912133,0.20318725099601576,0.21667907669396835,0.132654883056597,0.5162214864351992,0.9993318485523385,0.5,0.09619321177911022,0.384561230090201,0.8495645900473486,0.05467419964934611,0.705606522668836,0.0
2021-05-15 04:20:00,0.12761506276150628,0.12350597609561742,0.21221146686522707,0.12908409212640604,0.5162214864351992,0.9993318485523385,0.5,0.09619321177911022,0.384561230090201,0.8495645900473486,0.05467419964934611,0.705606522668836,0.0
2021-05-15 04:30:00,0.1708507670850767,0.043824701195219085,0.21250930752047625,0.12908409212640604,0.5162214864351992,0.9993318485523385,0.5,0.09619321177911022,0.384561230090201,0.8495645900473486,0.05467419964934611,0.705606522668836,0.0
2021-05-15 04:40:00,0.1617852161785216,-0.03585657370517936,0.21072226358897983,0.12301374754508143,0.5162214864351992,0.9993318485523385,0.5,0.09619321177911022,0.384561230090201,0.8495645900473486,0.05467419964934611,0.705606522668836,0.0
2021-05-15 04:50:00,0.16875871687587168,-0.11553784860557781,0.2065524944154875,0.11480092840564193,0.5162214864351992,0.9993318485523385,0.5,0.09619321177911022,0.384561230090201,0.8495645900473486,0.05467419964934611,0.705606522668836,0.0
2021-05-15 05:00:00,0.16248256624825663,-0.19521912350597614,0.20476545048399108,0.10658810926620266,0.5162214864351992,0.9993318485523385,0.5,0.09535451499104641,0.3958253713287385,0.8326633109113282,0.0034710072056858606,0.05297901302959961,0.0
2021-05-15 05:10:00,0.20223152022315202,-0.2749003984063746,0.2026805658972448,0.0994465274058205,0.5627331143421759,0.9993318485523385,0.5,0.09535451499104641,0.3958253713287385,0.8326633109113282,0.0034710072056858606,0.05297901302959961,0.0
2021-05-15 05:20:00,0.13668061366806136,-0.3545816733067729,0.19940431868950093,0.11587216568469927,0.7137323160277971,0.9697104677060133,0.5,0.09535451499104641,0.3958253713287385,0.8326633109113282,0.0034710072056858606,0.05297901302959961,0.0
2021-05-15 05:30:00,0.12203626220362622,-0.6175298804780878,0.19672375279225607,0.11730048205677557,0.7145568046485453,0.9995545657015591,0.5,0.09535451499104641,0.3958253713287385,0.8326633109113282,0.0034710072056858606,0.05297901302959961,0.0
2021-05-15 05:40:00,0.0899581589958159,-0.6215139442231076,0.19374534623976158,0.11158721656847015,0.7145568046485453,0.9995545657015591,0.5,0.09535451499104641,0.3958253713287385,0.8326633109113282,0.0034710072056858606,0.05297901302959961,0.0
2021-05-15 05:50:00,0.07601115760111576,-0.6254980079681276,0.18778853313477262,0.10480271380110695,0.7145568046485453,0.9995545657015591,0.5,0.09535451499104641,0.3958253713287385,0.8326633109113282,0.0034710072056858606,0.05297901302959961,0.0
2021-05-15 06:00:00,0.05299860529986053,-0.5329451425068956,0.1868950111690244,0.10158900196393517,0.7145568046485453,0.9995545657015591,0.5,0.09335136178996684,0.4124256121284937,0.8700047441163636,0.08409041861911572,0.14850783329945164,0.0
2021-05-15 06:10:00,0.06206415620641562,-0.4403922770456635,0.1868950111690244,0.09801821103374397,0.7145568046485453,0.9995545657015591,0.5,0.09335136178996684,0.4124256121284937,0.8700047441163636,0.08409041861911572,0.14850783329945164,0.0
2021-05-15 06:20:00,0.07182705718270573,-0.34783941158443155,0.1910647803425165,0.09337618282449567,0.7145568046485453,0.9995545657015591,0.5,0.09335136178996684,0.4124256121284937,0.8700047441163636,0.08409041861911572,0.14850783329945164,0.0
2021-05-15 06:30:00,0.07391910739191074,-0.25528654612319945,0.19285182427401315,0.09016247098732366,0.7145568046485453,0.9995545657015591,0.5,0.09335136178996684,0.4124256121284937,0.8700047441163636,0.08409041861911572,0.14850783329945164,0.0
2021-05-15 06:40:00,0.06764295676429567,-0.16273368066196758,0.1898734177215189,0.08909123370826633,0.7145568046485453,0.9995545657015591,0.5,0.09335136178996684,0.4124256121284937,0.8700047441163636,0.08409041861911572,0.14850783329945164,0.0
2021-05-15 06:50:00,0.07252440725244073,-0.0701808152007356,0.1868950111690244,0.0830208891269415,0.7145568046485453,0.9995545657015591,0.5,0.09335136178996684,0.4124256121284937,0.8700047441163636,0.08409041861911572,0.14850783329945164,0.0
2021-05-15 07:00:00,0.08298465829846582,0.02237205026049649,0.18540580789277716,0.08230673094090357,0.7145568046485453,0.9995545657015591,0.5,0.0923823878343939,0.4156123296370486,0.8710659247025925,0.1304979880175542,0.20360552088563508,0.0
2021-05-15 07:10:00,0.06694560669456066,0.11492491572172847,0.18391660461653014,0.07945009819675053,0.7145568046485453,0.9995545657015591,0.5,0.0923823878343939,0.4156123296370486,0.8710659247025925,0.1304979880175542,0.20360552088563508,0.0
2021-05-15 07:20:00,0.06206415620641562,0.20747778118296045,0.18391660461653014,0.07945009819675053,0.7145568046485453,0.9995545657015591,0.5,0.0923823878343939,0.4156123296370486,0.8710659247025925,0.1304979880175542,0.20360552088563508,0.0
2021-05-15 07:30:00,0.11018131101813111,0.30003064664419243,0.18451228592702873,0.08409212640599906,0.7145568046485453,0.9995545657015591,0.5,0.0923823878343939,0.4156123296370486,0.8710659247025925,0.1304979880175542,0.20360552088563508,0.0
2021-05-15 07:40:00,0.18340306834030684,0.3925835121054244,0.19225614296351434,0.0958757364756293,0.7113242857703733,0.9995545657015591,0.5,0.0923823878343939,0.4156123296370486,0.8710659247025925,0.1304979880175542,0.20360552088563508,0.0
2021-05-15 07:50:00,0.22384937238493724,0.4851363775666564,0.19940431868950093,0.11051597928941259,0.5921660493907945,0.48051224944320714,0.5,0.0923823878343939,0.4156123296370486,0.8710659247025925,0.1304979880175542,0.20360552088563508,0.031021319613138795
2021-05-15 08:00:00,0.15620641562064158,0.5776892430278884,0.2142963514519729,0.12587038028923425,0.5977935114054259,0.00011135857461024499,0.5,0.09558251671073137,0.4402842471559493,0.8277330314142679,0.11930717297184981,0.21720649292220504,0.01276460914042579
2021-05-15 08:10:00,0.08786610878661089,0.24302788844621515,0.22769918093819785,0.16050705231208706,0.6382981507898078,0.6206013363028953,0.5,0.09558251671073137,0.4402842471559493,0.8277330314142679,0.11930717297184981,0.21720649292220504,0.0
2021-05-15 08:20:00,0.08437935843793584,0.5776892430278884,0.22769918093819785,0.1647920014283164,0.6420018060226932,0.9993318485523385,0.5,0.09558251671073137,0.4402842471559493,0.8277330314142679,0.11930717297184981,0.21720649292220504,0.0
2021-05-15 08:30:00,0.07252440725244073,0.6494023904382469,0.2285927029039463,0.16157828959114462,0.6420018060226932,0.9993318485523385,0.5,0.09558251671073137,0.4402842471559493,0.8277330314142679,0.11930717297184981,0.21720649292220504,0.0
2021-05-15 08:40:00,0.06764295676429567,0.5606146841206601,0.2333581533879372,0.1637207641492593,0.6420018060226932,0.9993318485523385,0.5,0.09558251671073137,0.4402842471559493,0.8277330314142679,0.11930717297184981,0.21720649292220504,0.0
2021-05-15 08:50:00,0.08716875871687588,0.47182697780307326,0.23931496649292616,0.16693447598643107,0.6420018060226932,0.9993318485523385,0.5,0.09558251671073137,0.4402842471559493,0.8277330314142679,0.11930717297184981,0.21720649292220504,0.0
2021-05-15 09:00:00,0.11924686192468618,0.3830392714854862,0.2449739389426655,0.17086234600964123,0.6420018060226932,0.9993318485523385,0.5,0.09423081605337558,0.44550540650044473,0.8019678254814467,0.10346451722349646,0.265708931366598,0.0
2021-05-15 09:10:00,0.1206415620641562,0.29425156516789963,0.25152643335815306,0.1680057132654884,0.6420018060226932,0.9993318485523385,0.5,0.09423081605337558,0.44550540650044473,0.8019678254814467,0.10346451722349646,0.265708931366598,0.0
2021-05-15 09:20:00,0.17433751743375175,0.20546385885031282,0.2556962025316454,0.17229066238171753,0.6420018060226932,0.9963251670378619,0.5,0.09423081605337558,0.44550540650044473,0.8019678254814467,0.10346451722349646,0.265708931366598,0.0
2021-05-15 09:30:00,0.1806136680613668,0.11667615253272601,0.26284437825763196,0.17229066238171753,0.6479826203033594,0.7959910913140312,0.5,0.09423081605337558,0.44550540650044473,0.8019678254814467,0.10346451722349646,0.265708931366598,7.544095236658269e-05
2021-05-15 09:40:00,0.17433751743375175,0.027888446215139417,0.27386448250186124,0.17479021603285116,0.6762769758280875,0.00011135857461024499,0.5,0.09423081605337558,0.44550540650044473,0.8019678254814467,0.10346451722349646,0.265708931366598,0.03469529399339138
2021-05-15 09:50:00,0.18479776847977683,0.24302788844621515,0.2902457185405807,0.19835743617211232,0.686812108204316,0.00011135857461024499,0.5,0.09423081605337558,0.44550540650044473,0.8019678254814467,0.10346451722349646,0.265708931366598,0.04555879113417928
2021-05-15 10:00:00,0.1617852161785216,0.05976095617529875,0.3030528667163066,0.225495447241564,0.6902016725340592,0.00011135857461024499,0.5,0.2661425117477918,0.44793351857864927,0.5638106477449849,0.11662810046941721,0.30550726666113776,0.03176818504156796
2021-05-15 10:10:00,0.1882845188284519,0.21912350597609564,0.3143708116157853,0.2572754865202642,0.707162581303739,0.00011135857461024499,0.5,0.2661425117477918,0.44793351857864927,0.5638106477449849,0.11662810046941721,0.30550726666113776,0.046720581800624654
2021-05-15 10:20:00,0.12761506276150628,0.043824701195219085,0.32449739389426635,0.28869844670594547,0.714635327374331,0.008574610244988864,0.5,0.2661425117477918,0.44793351857864927,0.5638106477449849,0.11662810046941721,0.30550726666113776,0.01638577485402176
2021-05-15 10:30:00,0.16248256624825663,-0.6334661354581674,0.3289650037230081,0.3104802713801109,0.701247202627894,0.36358574610244987,0.5,0.2661425117477918,0.44793351857864927,0.5638106477449849,0.11662810046941721,0.30550726666113776,0.0
2021-05-15 10:40:00,0.11576011157601115,-0.5219123505976095,0.33641102010424406,0.31405106231030167,0.6981979034432215,0.9992204899777284,0.5,0.2661425117477918,0.44793351857864927,0.5638106477449849,0.11662810046941721,0.30550726666113776,0.0
2021-05-15 10:50:00,0.1311018131101813,-0.4103585657370519,0.34385703648548005,0.3236921978218177,0.6981979034432215,0.9992204899777284,0.5,0.2661425117477918,0.44793351857864927,0.5638106477449849,0.11662810046941721,0.30550726666113776,0.0
2021-05-15 11:00:00,0.20502092050209206,-0.2988047808764942,0.3527922561429635,0.33083377968219985,0.683828244624465,0.7743875278396437,0.5,0.2848059333812061,0.4546833828055198,0.5179442618955136,0.151700334749418,0.374785818809272,0.0
2021-05-15 11:10:00,0.2112970711297071,-0.1872509960159363,0.36679076693968726,0.3315479378682378,0.6571436049783408,0.00378619153674833,0.5,0.2848059333812061,0.4546833828055198,0.5179442618955136,0.151700334749418,0.374785818809272,0.06025468865518959
2021-05-15 11:20:00,0.22245467224546722,0.1394422310756971,0.3795979151154132,0.33690412426352423,0.663726426823363,0.00011135857461024499,0.5,0.2848059333812061,0.4546833828055198,0.5179442618955136,0.151700334749418,0.374785818809272,0.07885088341355222
2021-05-15 11:30:00,0.19665271966527195,0.1872509960159361,0.3912137006701413,0.3469023388680592,0.6764732826425515,0.00011135857461024499,0.5,0.2848059333812061,0.4546833828055198,0.5179442618955136,0.151700334749418,0.374785818809272,0.05590174570363776
2021-05-15 11:40:00,0.2698744769874477,0.12350597609561742,0.40193596425912137,0.36582753079807184,0.6873094188009581,0.00011135857461024499,0.5,0.2848059333812061,0.4546833828055198,0.5179442618955136,0.151700334749418,0.374785818809272,0.12201819635771083
2021-05-15 11:50:00,0.30822873082287305,-0.4422310756972112,0.41236038719285184,0.3740403499375111,0.6709505175956342,0.00011135857461024499,0.5,0.2848059333812061,0.4546833828055198,0.5179442618955136,0.151700334749418,0.374785818809272,0.13867555864025227
2021-05-15 12:00:00,0.23361227336122734,0.09960159362549792,0.4025316455696202,0.36404213533297636,0.6727958016515947,0.00011135857461024499,0.5,0.28921931424046843,0.4520340108101285,0.45715515086632436,0.21584834994029528,0.4001119917102722,0.09960468940959911
2021-05-15 12:10:00,0.16248256624825663,0.8486055776892429,0.37572598659717027,0.3133369041242635,0.669380063079923,0.2042316258351893,0.5,0.28921931424046843,0.4520340108101285,0.45715515086632436,0.21584834994029528,0.4001119917102722,0.04045143865896163
2021-05-15 12:20:00,0.198744769874477,-0.03585657370517936,0.3849590469099031,0.31976432779860753,0.6588056693408016,0.8128062360801781,0.5,0.28921931424046843,0.4520340108101285,0.45715515086632436,0.21584834994029528,0.4001119917102722,0.0
2021-05-15 12:30:00,0.31450488145048816,0.027888446215139417,0.40908413998510795,0.3419032315657917,0.6258653858737616,0.016926503340757237,0.5,0.28921931424046843,0.4520340108101285,0.45715515086632436,0.21584834994029528,0.4001119917102722,0.18922854082109933
2021-05-15 12:40:00,0.34449093444909346,0.03585657370517925,0.42159344750558425,0.36439921442599554,0.6918506497755559,0.18028953229398667,0.5,0.28921931424046843,0.4520340108101285,0.45715515086632436,0.21584834994029528,0.4001119917102722,0.19246495767762573
2021-05-15 12:50:00,0.26429567642956764,-0.0916334661354582,0.3968726731198806,0.3233351187287985,0.6801245893915798,0.00044543429844097997,0.5,0.28921931424046843,0.4520340108101285,0.45715515086632436,0.21584834994029528,0.4001119917102722,0.1386906468307256
2021-05-15 13:00:00,0.299860529986053,-0.24302788844621515,0.39002233804914366,0.3008391358685949,0.6776772977712634,0.017260579064587975,0.5,0.375167057286933,0.4462726324470488,0.30989694196617945,0.26365760393148785,0.3925474703792943,0.15586855168459648
2021-05-15 13:10:00,0.3814504881450488,0.1394422310756971,0.3879374534623974,0.2990537404034994,0.6683069191608537,0.00011135857461024499,0.5,0.375167057286933,0.4462726324470488,0.30989694196617945,0.26365760393148785,0.3925474703792943,0.2882221585165291
2021-05-15 13:20:00,0.1324965132496513,-0.3705179282868527,0.3885331347728964,0.2915550794500983,0.6772846841423354,0.21347438752783968,0.5,0.375167057286933,0.4462726324470488,0.30989694196617945,0.26365760393148785,0.3925474703792943,0.01756265371094045
2021-05-15 13:30:00,0.19386331938633192,-0.07569721115537853,0.40521221146686504,0.3144081414033211,0.6605724306709767,0.9388641425389755,0.5,0.375167057286933,0.4462726324470488,0.30989694196617945,0.26365760393148785,0.3925474703792943,0.0
2021-05-15 13:40:00,0.3354253835425383,0.21912350597609564,0.4263588979895754,0.3454740224959829,0.6526023740037429,0.0036748329621380848,0.5,0.375167057286933,0.4462726324470488,0.30989694196617945,0.26365760393148785,0.3925474703792943,0.1798663186324064
2021-05-15 13:50:00,0.15760111576011157,0.1394422310756971,0.4156366344005955,0.3311908587752188,0.6663700252581435,0.043318485523385304,0.5,0.375167057286933,0.4462726324470488,0.30989694196617945,0.26365760393148785,0.3925474703792943,0.003311857808892979
2021-05-15 14:00:00,0.29218967921896793,-0.6733067729083666,0.4156366344005955,0.3136939832172827,0.6492520710368926,0.018151447661469932,0.5,0.38900989019162324,0.4263736074274371,0.2872956216028874,0.2776573717674447,0.36548001908216327,0.10385955912307436
2021-05-15 14:10:00,0.18131101813110181,0.346613545816733,0.4114668652271034,0.30976611319407255,0.5904908979073694,0.10579064587973275,0.5,0.38900989019162324,0.4263736074274371,0.2872956216028874,0.2776573717674447,0.36548001908216327,0.0317983614225146
2021-05-15 14:20:00,0.37517433751743373,0.394422310756972,0.42010424422933723,0.3279771469380468,0.6399994765151614,0.026391982182628063,0.5,0.38900989019162324,0.4263736074274371,0.2872956216028874,0.2776573717674447,0.36548001908216327,0.21736801605383466
2021-05-15 14:30:00,0.2545327754532775,-0.17928286852589637,0.4192107222635888,0.318336011426531,0.709034039601628,0.00011135857461024499,0.5,0.38900989019162324,0.4263736074274371,0.2872956216028874,0.2776573717674447,0.36548001908216327,0.10687719721773767
2021-05-15 14:40:00,0.21338912133891214,-0.02788844621513953,0.4209977661950852,0.3215497232637028,0.7039562366674955,0.00011135857461024499,0.5,0.38900989019162324,0.4263736074274371,0.2872956216028874,0.2776573717674447,0.36548001908216327,0.09068002474463238
2021-05-15 14:50:00,0.3361227336122734,-0.7211155378486056,0.42457185405807873,0.3315479378682378,0.7088377327871641,0.37015590200445436,0.5,0.38900989019162324,0.4263736074274371,0.2872956216028874,0.2776573717674447,0.36548001908216327,0.01911673732969205
2021-05-15 15:00:00,0.26569037656903766,0.10756972111553775,0.4418466120625464,0.3561863952865558,0.6606771276386908,0.0069042316258351895,0.5,0.40496987715723587,0.4028022424836287,0.2568262457553728,0.27640362829022713,0.3480897480239342,0.15426165939918826
2021-05-15 15:10:00,0.1415620641562064,0.18326693227091617,0.4463142218912881,0.36511337261203347,0.6255382078496552,0.8972160356347438,0.5,0.40496987715723587,0.4028022424836287,0.2568262457553728,0.27640362829022713,0.3480897480239342,0.0
2021-05-15 15:20:00,0.5258019525801952,0.2589641434262948,0.4662695457930006,0.3808248527048743,0.6659774116292156,0.01826280623608018,0.5,0.40496987715723587,0.4028022424836287,0.2568262457553728,0.27640362829022713,0.3480897480239342,0.527219095613863
2021-05-15 15:30:00,0.24616457461645744,-0.2509960159362551,0.44482501861504087,0.35011605070523144,0.657811048147518,0.007795100222717149,0.5,0.40496987715723587,0.4028022424836287,0.2568262457553728,0.27640362829022713,0.3480897480239342,0.13535615673612264
2021-05-15 15:40:00,0.3354253835425383,-0.19521912350597614,0.43767684288905406,0.34797357614711655,0.6705709910876706,0.017260579064587975,0.5,0.40496987715723587,0.4028022424836287,0.2568262457553728,0.27640362829022713,0.3480897480239342,0.17524178825233488
2021-05-15 15:50:00,0.3158995815899582,0.08366533864541825,0.4344005956813102,0.34511694340296395,0.6795356689481881,0.00011135857461024499,0.5,0.40496987715723587,0.4028022424836287,0.2568262457553728,0.27640362829022713,0.3480897480239342,0.20409795253255278
2021-05-15 16:00:00,0.46373779637377965,-0.15537848605577698,0.4388682055100521,0.34226031065881113,0.6846527332452134,0.00011135857461024499,0.5,0.44887608426724745,0.3832681526521035,0.22682177048495117,0.2775626240703577,0.32606921865991767,0.3780119800232358
2021-05-15 16:10:00,0.3814504881450488,-0.1872509960159363,0.43618763961280704,0.3419032315657917,0.6501943437463193,0.00011135857461024499,0.5,0.44887608426724745,0.3832681526521035,0.22682177048495117,0.2775626240703577,0.32606921865991767,0.2881618057546359
2021-05-15 16:20:00,0.33333333333333337,-0.06772908366533881,0.4346984363365598,0.3461881806820213,0.6372380939917027,0.00011135857461024499,0.5,0.44887608426724745,0.3832681526521035,0.22682177048495117,0.2775626240703577,0.32606921865991767,0.24655612052446552
2021-05-15 16:30:00,0.199442119944212,0.07835325365205836,0.4412509307520476,0.362970898053919,0.6381541924592009,0.17461024498886416,0.5,0.44887608426724745,0.3832681526521035,0.22682177048495117,0.2775626240703577,0.32606921865991767,0.001154246571208715
2021-05-15 16:40:00,0.32217573221757323,0.22443559096945553,0.4689501116902457,0.4051062310301732,0.6234704427373022,0.34933184855233856,0.5,0.44887608426724745,0.3832681526521035,0.22682177048495117,0.2775626240703577,0.32606921865991767,0.04326538618223517
2021-05-15 16:50:00,0.303347280334728,0.3705179282868525,0.4686522710349963,0.42188894840207114,0.6175288898195286,0.00011135857461024499,0.5,0.44887608426724745,0.3832681526521035,0.22682177048495117,0.2775626240703577,0.32606921865991767,0.16246963501667247
2021-05-15 17:00:00,0.35564853556485354,0.019920318725099362,0.44810126582278453,0.3936797000535619,0.6511104422138173,0.00011135857461024499,0.5,0.44755693622522386,0.37777975730373237,0.21337135728015155,0.2774099880617775,0.3093731185563162,0.23895167252591398
2021-05-15 17:10:00,0.1806136680613668,0.11553784860557759,0.44363365599404303,0.37653990358864475,0.6618418814045098,0.00011135857461024499,0.5,0.44755693622522386,0.37777975730373237,0.21337135728015155,0.2774099880617775,0.3093731185563162,0.059922748464776625
2021-05-15 17:20:00,0.37308228730822873,-0.5219123505976095,0.451079672375279,0.38332440635600795,0.6375914462577378,0.00011135857461024499,0.5,0.44755693622522386,0.37777975730373237,0.21337135728015155,0.2774099880617775,0.3093731185563162,0.22787694071849965
2021-05-15 17:30:00,0.32984658298465835,0.12350597609561742,0.45316455696202507,0.3790394572397786,0.6271348366072949,0.00011135857461024499,0.5,0.44755693622522386,0.37777975730373237,0.21337135728015155,0.2774099880617775,0.3093731185563162,0.21075938862652202
2021-05-15 17:40:00,0.197350069735007,-0.2828685258964144,0.4516753536857778,0.3740403499375111,0.6000314090903143,0.00011135857461024499,0.5,0.44755693622522386,0.37777975730373237,0.21337135728015155,0.2774099880617775,0.3093731185563162,0.06483395446384115
2021-05-15 17:50:00,0.15481171548117156,0.07569721115537842,0.45465376023827253,0.38475272272808425,0.6214419389878421,0.00011135857461024499,0.5,0.44755693622522386,0.37777975730373237,0.21337135728015155,0.2774099880617775,0.3093731185563162,0.036181480755013054
2021-05-15 18:00:00,0.301952580195258,-0.10756972111553798,0.4543559195830229,0.3843956436350653,0.6261271282930468,0.00011135857461024499,0.5,0.40514908330701216,0.3596306970836783,0.2203269851451204,0.28325856088879753,0.3015011981067806,0.1764337552997269
2021-05-15 18:10:00,0.11018131101813111,-0.12350597609561753,0.44899478778853297,0.3776111408677021,0.6145712004816061,0.4665924276169265,0.5,0.40514908330701216,0.3596306970836783,0.2203269851451204,0.28325856088879753,0.3015011981067806,0.0
2021-05-15 18:20:00,0.25523012552301255,-0.1394422310756973,0.4591213700670138,0.3922513836814856,0.6355629425082776,0.8085746102449889,0.5,0.40514908330701216,0.3596306970836783,0.2203269851451204,0.28325856088879753,0.3015011981067806,0.0050319115228510645
2021-05-15 18:30:00,0.3361227336122734,-0.15537848605577698,0.4766939687267311,0.42117479021603277,0.6440041355302247,0.00011135857461024499,0.5,0.40514908330701216,0.3596306970836783,0.2203269851451204,0.28325856088879753,0.3015011981067806,0.212856647102313
2021-05-15 18:40:00,0.39191073919107394,0.3784860557768923,0.45941921072226344,0.3965363327977147,0.6539896088259544,0.00011135857461024499,0.5,0.40514908330701216,0.3596306970836783,0.2203269851451204,0.28325856088879753,0.3015011981067806,0.3087722739411863
2021-05-15 18:50:00,0.2914923291492329,-0.17131474103585675,0.44720774385703654,0.379753615425817,0.6902932823808091,0.00011135857461024499,0.5,0.40514908330701216,0.3596306970836783,0.2203269851451204,0.28325856088879753,0.3015011981067806,0.1526472230185434
2021-05-15 19:00:00,0.199442119944212,-0.07569721115537853,0.44512285927029005,0.3711837171933583,0.6852154794466766,0.00011135857461024499,0.5,0.4110688564526386,0.3745556842247422,0.20582300020150765,0.2611886217902106,0.29053495514083777,0.08383753036498333
2021-05-15 19:10:00,0.37517433751743373,-0.13147410358565736,0.44929262844378237,0.37225495447241563,0.6687518812736386,0.00011135857461024499,0.5,0.4110688564526386,0.3745556842247422,0.20582300020150765,0.2611886217902106,0.29053495514083777,0.24964919957149542
2021-05-15 19:20:00,0.31520223152022314,0.40239043824701204,0.44393149664929243,0.36904124263524385,0.6888667861957048,0.00011135857461024499,0.5,0.4110688564526386,0.3745556842247422,0.20582300020150765,0.2611886217902106,0.29053495514083777,0.20587081491316747
2021-05-15 19:30:00,0.2210599721059972,0.4262948207171313,0.44452717795979146,0.36368505623995717,0.7238093991702765,0.00011135857461024499,0.5,0.4110688564526386,0.3745556842247422,0.20582300020150765,0.2611886217902106,0.29053495514083777,0.08423736741252622
2021-05-15 19:40:00,0.45536959553695955,-0.4581673306772909,0.44482501861504087,0.36725584717014814,0.6819306120846476,0.00011135857461024499,0.5,0.4110688564526386,0.3745556842247422,0.20582300020150765,0.2611886217902106,0.29053495514083777,0.3334037448888755
2021-05-15 19:50:00,0.36750348675034866,-0.11553784860557781,0.43559195830230824,0.36368505623995717,0.6803078090850794,0.00011135857461024499,0.5,0.4110688564526386,0.3745556842247422,0.20582300020150765,0.2611886217902106,0.29053495514083777,0.2523198092852724
2021-05-15 20:00:00,0.3821478382147839,-0.19521912350597614,0.42486969471332836,0.3461881806820213,0.6764340212796587,0.00011135857461024499,0.5,0.4248872748958301,0.37952972210329,0.18436934765673496,0.26521793938424115,0.3294816250249979,0.2578798074746896
2021-05-15 20:10:00,0.36541143654114366,0.019920318725099362,0.4174236783320924,0.34333154793786824,0.6873879415267435,0.00011135857461024499,0.5,0.4248872748958301,0.37952972210329,0.18436934765673496,0.26521793938424115,0.3294816250249979,0.23770689681186535
2021-05-15 20:20:00,0.3368200836820084,0.17928286852589648,0.41384959046909886,0.3404749151937154,0.695593566371334,0.00011135857461024499,0.5,0.4248872748958301,0.37952972210329,0.18436934765673496,0.26521793938424115,0.3294816250249979,0.1970593116767506
2021-05-15 20:30:00,0.33472803347280333,-0.23505976095617542,0.4072970960536113,0.32262096054276035,0.7011163314182514,0.00011135857461024499,0.5,0.4248872748958301,0.37952972210329,0.18436934765673496,0.26521793938424115,0.3294816250249979,0.19329480815365815
2021-05-15 20:40:00,0.2782426778242678,-0.019920318725099695,0.4043186895011168,0.30976611319407255,0.7011163314182514,0.00011135857461024499,0.5,0.4248872748958301,0.37952972210329,0.18436934765673496,0.26521793938424115,0.3294816250249979,0.1292152632134828
2021-05-15 20:50:00,0.301952580195258,-0.17928286852589637,0.3989575577066269,0.3044099267987861,0.7011163314182514,0.00011135857461024499,0.5,0.4248872748958301,0.37952972210329,0.18436934765673496,0.26521793938424115,0.3294816250249979,0.15285091358993316
2021-05-15 21:00:00,0.3054393305439331,-0.298804780876494,0.3962769918093818,0.29833958221746126,0.7011163314182514,0.00011135857461024499,0.5,0.430530250751862,0.38843758889907287,0.19796229993645345,0.23141260296115843,0.3846928068859398,0.15614768320835282
2021-05-15 21:10:00,0.23500697350069735,-0.1633466135458168,0.3924050632911391,0.29405463310123214,0.6907251573726295,0.00011135857461024499,0.5,0.430530250751862,0.38843758889907287,0.19796229993645345,0.23141260296115843,0.3846928068859398,0.09746216636238816
2021-05-15 21:20:00,0.20920502092050208,0.05179282868525892,0.3891288160833952,0.29369755400821274,0.6872963316799936,0.00011135857461024499,0.5,0.430530250751862,0.38843758889907287,0.19796229993645345,0.23141260296115843,0.3846928068859398,0.07579552484270562
2021-05-15 21:30:00,0.2601115760111576,-0.49800796812749004,0.38644825018615014,0.28869844670594547,0.6854641347449975,0.00011135857461024499,0.5,0.430530250751862,0.38843758889907287,0.19796229993645345,0.23141260296115843,0.3846928068859398,0.10749581302714366
2021-05-15 21:40:00,0.19595536959553697,0.38645418326693215,0.38525688756515253,0.2851276557757545,0.6735025061836646,0.00011135857461024499,0.5,0.430530250751862,0.38843758889907287,0.19796229993645345,0.23141260296115843,0.3846928068859398,0.06883232493927004
2021-05-15 21:50:00,0.15202231520223153,0.043824701195219085,0.3813849590469096,0.28619889305481183,0.6735025061836646,0.00011135857461024499,0.5,0.430530250751862,0.38843758889907287,0.19796229993645345,0.23141260296115843,0.3846928068859398,0.04547580608657604
2021-05-15 22:00:00,0.17782426778242677,-0.4103585657370519,0.3804914370811614,0.2865559721478308,0.6735025061836646,0.00011135857461024499,0.5,0.3416511046709998,0.4100204880936295,0.3029089764996944,0.21208712854945352,0.4260467301817779,0.05989257208382999
2021-05-15 22:10:00,0.24198047419804744,-0.3944223107569722,0.37751303052866714,0.2858418139617924,0.6637002525814346,0.00011135857461024499,0.5,0.3416511046709998,0.4100204880936295,0.3029089764996944,0.21208712854945352,0.4260467301817779,0.09715285845768518
2021-05-15 22:20:00,0.18131101813110181,-0.649402390438247,0.3772151898734175,0.28262810212462064,0.657706351179804,0.00011135857461024499,0.5,0.3416511046709998,0.4100204880936295,0.3029089764996944,0.21208712854945352,0.4260467301817779,0.05823287113176517
2021-05-15 22:30:00,0.14295676429567641,-0.4103585657370519,0.37423678332092325,0.2833422603106588,0.6519349308345657,0.00011135857461024499,0.5,0.3416511046709998,0.4100204880936295,0.3029089764996944,0.21208712854945352,0.4260467301817779,0.03870875265929358
2021-05-15 22:40:00,0.18200836820083682,-0.5458167330677292,0.37066269545792974,0.2847705766827351,0.6412951014906231,0.00011135857461024499,0.5,0.3416511046709998,0.4100204880936295,0.3029089764996944,0.21208712854945352,0.4260467301817779,0.052884107608974454
2021-05-15 22:50:00,0.18479776847977683,-0.01195219123505975,0.36738644825018585,0.2815568648455633,0.6284042873408279,0.00011135857461024499,0.5,0.3416511046709998,0.4100204880936295,0.3029089764996944,0.21208712854945352,0.4260467301817779,0.05930413265537064
2021-05-15 23:00:00,0.22315202231520226,0.043824701195219085,0.3655994043186892,0.2737011247991432,0.624779154833728,0.00011135857461024499,0.5,0.2687238074019178,0.42103463436080285,0.3770159799745281,0.18460330784747633,0.4382661231552787,0.0846372044600691
2021-05-15 23:10:00,0.20432357043235705,-0.3227091633466136,0.3655994043186892,0.270130333868952,0.6159976966667103,0.00011135857461024499,0.5,0.2687238074019178,0.42103463436080285,0.3770159799745281,0.18460330784747633,0.4382661231552787,0.07452811684294704
2021-05-15 23:20:00,0.21478382147838215,-0.059760956175298974,0.3641102010424422,0.2658453847527229,0.6004501969611705,0.00011135857461024499,0.5,0.2687238074019178,0.42103463436080285,0.3770159799745281,0.18460330784747633,0.4382661231552787,0.08265310741282798
2021-05-15 23:30:00,0.2105997210599721,-0.019920318725099695,0.36262099776619494,0.26477414747366557,0.597139155357213,0.00011135857461024499,0.5,0.2687238074019178,0.42103463436080285,0.3770159799745281,0.18460330784747633,0.4382661231552787,0.08424491150776288
2021-05-15 23:40:00,0.3410041841004184,0.13147410358565725,0.3611317944899479,0.2604891983574362,0.597139155357213,0.00011135857461024499,0.5,0.2687238074019178,0.42103463436080285,0.3770159799745281,0.18460330784747633,0.4382661231552787,0.20267966262806103
2021-05-15 23:50:00,0.3284518828451883,0.06772908366533859,0.356664184661206,0.24906266738082472,0.597139155357213,0.00011135857461024499,0.5,0.2687238074019178,0.42103463436080285,0.3770159799745281,0.18460330784747633,0.4382661231552787,0.17753519320427902
2021-05-16 00:00:00,0.35495118549511856,0.43426294820717115,0.356664184661206,0.24513479735761456,0.597139155357213,0.00011135857461024499,0.5,0.25507639024849027,0.4202501673816915,0.4363464749541472,0.14505489581849076,0.38012748390760426,0.21894473195829628
2021-05-16 00:10:00,0.3821478382147839,0.2111553784860556,0.356664184661206,0.24442063917157664,0.6041800264359843,0.00011135857461024499,0.5,0.25507639024849027,0.4202501673816915,0.4363464749541472,0.14505489581849076,0.38012748390760426,0.25981109585527407
2021-05-16 00:20:00,0.33891213389121344,-0.11553784860557781,0.35547282204020836,0.24620603463667212,0.6033817120571645,0.00011135857461024499,0.5,0.25507639024849027,0.4202501673816915,0.4363464749541472,0.14505489581849076,0.38012748390760426,0.19965448043816103
2021-05-16 00:30:00,0.4072524407252441,0.07569721115537842,0.3542814594192105,0.24692019282271027,0.6049783408148042,0.00011135857461024499,0.5,0.25507639024849027,0.4202501673816915,0.4363464749541472,0.14505489581849076,0.38012748390760426,0.2986179217526442
2021-05-16 00:40:00,0.3633193863319386,-0.2270916334661356,0.3542814594192105,0.2508480628459204,0.6030937953959509,0.00011135857461024499,0.5,0.25507639024849027,0.4202501673816915,0.4363464749541472,0.14505489581849076,0.38012748390760426,0.23056263862274998
2021-05-16 00:50:00,0.402370990237099,-0.2749003984063746,0.34832464631422155,0.2512051419389394,0.5971129811152844,0.00011135857461024499,0.5,0.25507639024849027,0.4202501673816915,0.4363464749541472,0.14505489581849076,0.38012748390760426,0.29567572461034747
2021-05-16 01:00:00,0.4421199442119944,-0.33864541832669326,0.3447505584512285,0.25049098375290146,0.5971129811152844,0.00011135857461024499,0.5,0.20113006937776134,0.4174484995991469,0.4848649245703252,0.22301465710330978,0.2128401737369461,0.36772183412043397
2021-05-16 01:10:00,0.5529986052998606,-0.019920318725099695,0.33879374534623974,0.2483485091947868,0.5702451217756606,0.00011135857461024499,0.5,0.20113006937776134,0.4174484995991469,0.4848649245703252,0.22301465710330978,0.2128401737369461,0.5819590506510555
2021-05-16 01:20:00,0.45258019525801957,-0.02788844621513953,0.3340282948622486,0.24692019282271027,0.5814084359581735,0.00011135857461024499,0.5,0.20113006937776134,0.4174484995991469,0.4848649245703252,0.22301465710330978,0.2128401737369461,0.3980490969718002
2021-05-16 01:30:00,0.43165969316596936,-0.2749003984063746,0.3310498883097541,0.24692019282271027,0.5814084359581735,0.00011135857461024499,0.5,0.20113006937776134,0.4174484995991469,0.4848649245703252,0.22301465710330978,0.2128401737369461,0.33353199450789867
2021-05-16 01:40:00,0.42189679218967924,-0.26693227091633476,0.3265822784810126,0.24906266738082472,0.5814084359581735,0.00011135857461024499,0.5,0.20113006937776134,0.4174484995991469,0.4848649245703252,0.22301465710330978,0.2128401737369461,0.31730464565384675
2021-05-16 01:50:00,0.4588563458856346,-0.21115537848605592,0.3182427401340282,0.24549187645063397,0.5814084359581735,0.00011135857461024499,0.5,0.20113006937776134,0.4174484995991469,0.4848649245703252,0.22301465710330978,0.2128401737369461,0.3924287460204897
2021-05-16 02:00:00,0.4804741980474198,0.043824701195219085,0.31347728965003685,0.23906445277629018,0.5814084359581735,0.00011135857461024499,0.5,0.20318205150183943,0.41624162732359005,0.454474300293562,0.3452405967120495,0.16639245513160342,0.45216289210434996
2021-05-16 02:10:00,0.47419804741980476,0.394422310756972,0.3102010424422932,0.23335118728798432,0.5814084359581735,0.00011135857461024499,0.5,0.20318205150183943,0.41624162732359005,0.454474300293562,0.3452405967120495,0.16639245513160342,0.4418652021063114
2021-05-16 02:20:00,0.49442119944211993,0.027888446215139417,0.30603127326880086,0.23299410819496535,0.5814084359581735,0.00011135857461024499,0.5,0.20318205150183943,0.41624162732359005,0.454474300293562,0.3452405967120495,0.16639245513160342,0.4666022903873139
2021-05-16 02:30:00,0.49023709902370993,-0.019920318725099695,0.30424422933730444,0.23299410819496535,0.5814084359581735,0.00011135857461024499,0.5,0.20318205150183943,0.41624162732359005,0.454474300293562,0.3452405967120495,0.16639245513160342,0.4633356971498408
2021-05-16 02:40:00,0.5118549511854951,0.20318725099601576,0.3024571854058078,0.23120871272986965,0.5814084359581735,0.00011135857461024499,0.5,0.20318205150183943,0.41624162732359005,0.454474300293562,0.3452405967120495,0.16639245513160342,0.5171929930443442
2021-05-16 02:50:00,0.6213389121338913,0.07569721115537842,0.2985852568875649,0.2258525263345832,0.5814084359581735,0.00011135857461024499,0.5,0.20318205150183943,0.41624162732359005,0.454474300293562,0.3452405967120495,0.16639245513160342,0.8025785717518897
2021-05-16 03:00:00,0.6304044630404463,0.3545816733067728,0.2917349218168279,0.2208534190323157,0.5816701783774588,0.01670378619153675,0.5,0.20114634568542766,0.4192386934745563,0.44796252186116975,0.4702660143413329,0.1766893205406422,0.7714063702340178
2021-05-16 03:10:00,0.6889818688981869,-0.10756972111553798,0.28548026805658955,0.21514015354401006,0.5925979243826152,0.03864142538975501,0.5,0.20114634568542766,0.4192386934745563,0.44796252186116975,0.4702660143413329,0.1766893205406422,0.8107940914646107
2021-05-16 03:20:00,0.6555090655509066,-0.1872509960159363,0.28190618019359626,0.21514015354401006,0.5926633599874364,0.00011135857461024499,0.5,0.20114634568542766,0.4192386934745563,0.44796252186116975,0.4702660143413329,0.1766893205406422,0.8845979751648385
2021-05-16 03:30:00,0.6401673640167364,-0.2749003984063746,0.27773641102010416,0.22263881449741119,0.5926895342293649,0.00011135857461024499,0.5,0.20114634568542766,0.4192386934745563,0.44796252186116975,0.4702660143413329,0.1766893205406422,0.8054528720370567
2021-05-16 03:40:00,0.5829846582984658,-0.33864541832669326,0.27446016381236027,0.22942331726477416,0.5926895342293649,0.00011135857461024499,0.5,0.20114634568542766,0.4192386934745563,0.44796252186116975,0.4702660143413329,0.1766893205406422,0.6926912805347255
2021-05-16 03:50:00,0.5195258019525802,-0.5139442231075697,0.2682055100521219,0.23870737368327077,0.5926895342293649,0.00011135857461024499,0.5,0.20114634568542766,0.4192386934745563,0.44796252186116975,0.4702660143413329,0.1766893205406422,0.5418999049444
2021-05-16 04:00:00,0.5432357043235705,-0.3227091633466136,0.26314221891288136,0.2433494018925193,0.5870228108518406,0.00011135857461024499,0.5,0.15930025885332744,0.41316122951549966,0.4715288977050068,0.5708350623740824,0.19084718314497795,0.6033390165517449
2021-05-16 04:10:00,0.6227336122733612,-0.19521912350597614,0.2604616530156365,0.23477950366006062,0.5814084359581735,0.00011135857461024499,0.5,0.15930025885332744,0.41316122951549966,0.4715288977050068,0.5708350623740824,0.19084718314497795,0.8088628030840262
2021-05-16 04:20:00,0.6366806136680614,-0.02788844621513953,0.2556962025316454,0.22656668452062134,0.5814084359581735,0.00011135857461024499,0.5,0.15930025885332744,0.41316122951549966,0.4715288977050068,0.5708350623740824,0.19084718314497795,0.860879339740785
2021-05-16 04:30:00,0.6018131101813111,0.24302788844621515,0.2533134772896499,0.222281735404392,0.5814084359581735,0.00011135857461024499,0.5,0.15930025885332744,0.41316122951549966,0.4715288977050068,0.5708350623740824,0.19084718314497795,0.7478989694765907
2021-05-16 04:40:00,0.5920502092050209,0.05179282868525892,0.2491437081161576,0.222281735404392,0.58526913664263,0.00011135857461024499,0.5,0.15930025885332744,0.41316122951549966,0.4715288977050068,0.5708350623740824,0.19084718314497795,0.7317168851939587
2021-05-16 04:50:00,0.605997210599721,-0.4661354581673308,0.2446760982874161,0.22442420996250667,0.5927157084712934,0.00011135857461024499,0.5,0.15930025885332744,0.41316122951549966,0.4715288977050068,0.5708350623740824,0.19084718314497795,0.7388762315735474
2021-05-16 05:00:00,0.599721059972106,-0.42629482071713154,0.24348473566641826,0.2258525263345832,0.5927157084712934,0.00011135857461024499,0.5,0.16014712714831414,0.4083825900053735,0.4331045986986082,0.6133068024906343,0.195545026842482,0.723410836338398
2021-05-16 05:10:00,0.5697350069735007,-0.3545816733067729,0.23842144452717773,0.23013747545081253,0.5927157084712934,0.00011135857461024499,0.5,0.16014712714831414,0.4083825900053735,0.4331045986986082,0.6133068024906343,0.195545026842482,0.6666339755873079
2021-05-16 05:20:00,0.5829846582984658,-0.02788844621513953,0.24199553239017124,0.22656668452062134,0.5927157084712934,0.00011135857461024499,0.5,0.16014712714831414,0.4083825900053735,0.4331045986986082,0.6133068024906343,0.195545026842482,0.7258777554807851
2021-05-16 05:30:00,0.6276150627615062,-0.26693227091633476,0.240506329113924,0.2258525263345832,0.5905563335121906,0.00011135857461024499,0.5,0.16014712714831414,0.4083825900053735,0.4331045986986082,0.6133068024906343,0.195545026842482,0.7745673461381777
2021-05-16 05:40:00,0.6269177126917713,0.17928286852589648,0.23752792256142952,0.22192465631137304,0.5850728298281662,0.00011135857461024499,0.5,0.16014712714831414,0.4083825900053735,0.4331045986986082,0.6133068024906343,0.195545026842482,0.7996288305143565
2021-05-16 05:50:00,0.602510460251046,-0.33067729083665354,0.23514519731943406,0.21942510266023918,0.5914200834958317,0.00011135857461024499,0.5,0.16014712714831414,0.4083825900053735,0.4331045986986082,0.6133068024906343,0.195545026842482,0.7508185343331775
2021-05-16 06:00:00,0.5592747559274756,-0.21912350597609564,0.2300819061801933,0.222281735404392,0.5914200834958317,0.00011135857461024499,0.5,0.18518635871981481,0.42516386164645953,0.33781278862101943,0.5969514333215269,0.1936908374247008,0.6412028305445329
2021-05-16 06:10:00,0.5690376569037657,-0.4183266932270917,0.2256142963514518,0.22371005177646874,0.5914200834958317,0.00011135857461024499,0.5,0.18518635871981481,0.42516386164645953,0.33781278862101943,0.5969514333215269,0.1936908374247008,0.6725862667290312
2021-05-16 06:20:00,0.6087866108786611,-0.21912350597609564,0.2256142963514518,0.22192465631137304,0.5914200834958317,0.00011135857461024499,0.5,0.18518635871981481,0.42516386164645953,0.33781278862101943,0.5969514333215269,0.1936908374247008,0.7369977518596195
2021-05-16 06:30:00,0.5655509065550907,-0.49800796812749004,0.22084884586746067,0.21692554900910554,0.5914200834958317,0.00011135857461024499,0.5,0.18518635871981481,0.42516386164645953,0.33781278862101943,0.5969514333215269,0.1936908374247008,0.6488751754002143
2021-05-16 06:40:00,0.5258019525801952,-0.4342629482071714,0.21667907669396835,0.2212104981253349,0.5914200834958317,0.00011135857461024499,0.5,0.18518635871981481,0.42516386164645953,0.33781278862101943,0.5969514333215269,0.1936908374247008,0.5422243010395763
2021-05-16 06:50:00,0.5258019525801952,-0.043824701195219196,0.21667907669396835,0.21763970719514392,0.5837248563688474,0.00011135857461024499,0.5,0.18518635871981481,0.42516386164645953,0.33781278862101943,0.5969514333215269,0.1936908374247008,0.5606696138932058
2021-05-16 07:00:00,0.5543933054393305,0.394422310756972,0.21727475800446738,0.20692733440457056,0.5801389852246404,0.00011135857461024499,0.5,0.1782486826363483,0.4384049746125786,0.3481513100469631,0.5744879115659756,0.18337017506655479,0.6399806871161942
2021-05-16 07:10:00,0.5467224546722455,0.4422310756972112,0.21935964259121343,0.20049991073022677,0.5801389852246404,0.00011135857461024499,0.5,0.1782486826363483,0.4384049746125786,0.3481513100469631,0.5744879115659756,0.18337017506655479,0.627623459118548
2021-05-16 07:20:00,0.5523012552301255,0.03585657370517925,0.22412509307520456,0.20049991073022677,0.5875593828113753,0.00011135857461024499,0.5,0.1782486826363483,0.4384049746125786,0.3481513100469631,0.5744879115659756,0.18337017506655479,0.6341792778792039
2021-05-16 07:30:00,0.5411436541143654,-0.33067729083665354,0.22710349962769927,0.20764149259060893,0.5914593448587246,0.00011135857461024499,0.5,0.1782486826363483,0.4384049746125786,0.3481513100469631,0.5744879115659756,0.18337017506655479,0.5901066735066464
2021-05-16 07:40:00,0.5662482566248256,-0.23505976095617542,0.23216679076693958,0.21335475807891435,0.5914593448587246,0.00011135857461024499,0.5,0.1782486826363483,0.4384049746125786,0.3481513100469631,0.5744879115659756,0.18337017506655479,0.6625224436833291
2021-05-16 07:50:00,0.5753138075313807,-0.2589641434262948,0.23752792256142952,0.21514015354401006,0.5914593448587246,0.00011135857461024499,0.5,0.1782486826363483,0.4384049746125786,0.3481513100469631,0.5744879115659756,0.18337017506655479,0.6725938108242678
2021-05-16 08:00:00,0.5348675034867504,-0.298804780876494,0.24229337304542042,0.21978218175325837,0.5914593448587246,0.00011135857461024499,0.5,0.1945832247968211,0.4429422396675942,0.35084230574961284,0.5402743644540691,0.18230328814780547,0.59874466255262
2021-05-16 08:10:00,0.5564853556485356,-0.2270916334661356,0.24795234549516,0.22263881449741119,0.5914593448587246,0.00011135857461024499,0.5,0.1945832247968211,0.4429422396675942,0.35084230574961284,0.5402743644540691,0.18230328814780547,0.6171522549300662
2021-05-16 08:20:00,0.509065550906555,-0.36254980079681276,0.25450483991064754,0.22799500089269786,0.5893654055044432,0.00011135857461024499,0.5,0.1945832247968211,0.4429422396675942,0.35084230574961284,0.5402743644540691,0.18230328814780547,0.5182114459012931
2021-05-16 08:30:00,0.4351464435146444,-0.043824701195219196,0.2643335815338794,0.23477950366006062,0.5877164282629465,0.00011135857461024499,0.5,0.1945832247968211,0.4429422396675942,0.35084230574961284,0.5402743644540691,0.18230328814780547,0.37504715059522914
2021-05-16 08:40:00,0.5209205020920502,0.1872509960159361,0.2747580044676097,0.24263524370648093,0.5915378675845101,0.00011135857461024499,0.5,0.1945832247968211,0.4429422396675942,0.35084230574961284,0.5402743644540691,0.18230328814780547,0.5641625299877786
2021-05-16 08:50:00,0.5432357043235705,0.06772908366533859,0.28220402084884566,0.23727905731119447,0.5980290795827826,0.00022271714922048998,0.5,0.1945832247968211,0.4429422396675942,0.35084230574961284,0.5402743644540691,0.18230328814780547,0.6025016219804759
2021-05-16 09:00:00,0.5613668061366807,0.09960159362549792,0.2899478778853313,0.24549187645063397,0.6027142688879873,0.00022271714922048998,0.5,0.21638160336972923,0.4414135347852191,0.357455155038509,0.5696529763631923,0.20259578888127125,0.6456764790198711
2021-05-16 09:10:00,0.5704323570432357,0.07569721115537842,0.2985852568875649,0.24763435100874842,0.6027142688879873,0.00022271714922048998,0.5,0.21638160336972923,0.4414135347852191,0.357455155038509,0.5696529763631923,0.20259578888127125,0.6503613621618359
2021-05-16 09:20:00,0.5648535564853556,0.11553784860557759,0.3096053611317944,0.25798964470630237,0.6027142688879873,0.00022271714922048998,0.5,0.21638160336972923,0.4414135347852191,0.357455155038509,0.5696529763631923,0.20259578888127125,0.660251671017095
2021-05-16 09:30:00,0.5251046025104603,0.05179282868525892,0.3191362620997764,0.270130333868952,0.6030937953959509,0.00022271714922048998,0.5,0.21638160336972923,0.4414135347852191,0.357455155038509,0.5696529763631923,0.20259578888127125,0.5701600857009219
2021-05-16 09:40:00,0.603905160390516,0.05976095617529875,0.3292628443782575,0.2815568648455633,0.6136681891350722,0.00378619153674833,0.5,0.21638160336972923,0.4414135347852191,0.357455155038509,0.5696529763631923,0.20259578888127125,0.7102162137694826
2021-05-16 09:50:00,0.5822873082287308,-0.03585657370517936,0.3376023827252417,0.2944117121942511,0.6157490413683894,0.04298440979955456,0.5,0.21638160336972923,0.4414135347852191,0.357455155038509,0.5696529763631923,0.20259578888127125,0.5346877498981547
2021-05-16 10:00:00,0.5711297071129707,0.13147410358565725,0.3453462397617275,0.2958400285663274,0.6085772990799754,0.026837416481069045,0.5,0.429862555253562,0.4351550399848275,0.20933118611659265,0.5462399253727214,0.2519661315696009,0.5750562035095131
2021-05-16 10:10:00,0.604602510460251,-0.003984063745020028,0.3545793000744599,0.3186930905195502,0.6229338707777676,0.010690423162583519,0.5,0.429862555253562,0.4351550399848275,0.20933118611659265,0.5462399253727214,0.2519661315696009,0.691906694630113
2021-05-16 10:20:00,0.690376569037657,0.019920318725099362,0.3641102010424422,0.31976432779860753,0.6223580374553401,0.00957683741648107,0.5,0.429862555253562,0.4351550399848275,0.20933118611659265,0.5462399253727214,0.2519661315696009,0.9441208865820723
2021-05-16 10:30:00,0.6213389121338913,0.07569721115537842,0.37096053611317936,0.3301196214961615,0.6208661056654146,0.013919821826280624,0.5,0.429862555253562,0.4351550399848275,0.20933118611659265,0.5462399253727214,0.2519661315696009,0.7378125141451786
2021-05-16 10:40:00,0.6262203626220363,0.01195219123505975,0.3801935964259122,0.34975897161221203,0.6201201397704519,0.0028953229398663697,0.5,0.429862555253562,0.4351550399848275,0.20933118611659265,0.5462399253727214,0.2519661315696009,0.7670760595681759
2021-05-16 10:50:00,0.6450488145048815,-0.0916334661354582,0.38555472822040193,0.3647562935190145,0.6160369580296031,0.0036748329621380848,0.5,0.429862555253562,0.4351550399848275,0.20933118611659265,0.5462399253727214,0.2519661315696009,0.8085534951793232
2021-05-16 11:00:00,0.6290097629009763,0.11553784860557759,0.39061801935964247,0.3668987680771292,0.6203164465849158,0.0016703786191536749,0.5,0.42963455353387636,0.4372038493478589,0.24863887230794224,0.5800711818003411,0.2909653564767929,0.8120313230834227
2021-05-16 11:10:00,0.6478382147838214,0.11553784860557759,0.395681310498883,0.36511337261203347,0.6311787569852507,0.008574610244988864,0.5,0.42963455353387636,0.4372038493478589,0.24863887230794224,0.5800711818003411,0.2909653564767929,0.852113101075788
2021-05-16 11:20:00,0.5718270571827057,-0.05179282868525903,0.3983618763961281,0.3808248527048743,0.6334035675491748,0.0017817371937639199,0.5,0.42963455353387636,0.4372038493478589,0.24863887230794224,0.5800711818003411,0.2909653564767929,0.6344357771172504
2021-05-16 11:30:00,0.5543933054393305,0.1633466135458166,0.40282948622486936,0.39760757007677205,0.614715158812213,0.0016703786191536749,0.5,0.42963455353387636,0.4372038493478589,0.24863887230794224,0.5800711818003411,0.2909653564767929,0.6307467145465245
2021-05-16 11:40:00,0.5606694560669455,0.15537848605577675,0.41414743112434826,0.40867702196036415,0.6360733402258837,0.0012249443207126948,0.5,0.42963455353387636,0.4372038493478589,0.24863887230794224,0.5800711818003411,0.2909653564767929,0.6264465802616292
2021-05-16 11:50:00,0.5258019525801952,0.05179282868525892,0.4224869694713327,0.4251026602392429,0.6265851775267959,0.00022271714922048998,0.5,0.42963455353387636,0.4372038493478589,0.24863887230794224,0.5800711818003411,0.2909653564767929,0.5011316142854988
2021-05-16 12:00:00,0.5794979079497908,-0.10756972111553798,0.42516753536857754,0.4286734511694341,0.6243734540838362,0.0016703786191536749,0.5,0.41489599005811106,0.42363515676408864,0.27118020959077466,0.5678240836259,0.2998711346022517,0.6589012779697331
2021-05-16 12:10:00,0.5397489539748954,-0.019920318725099695,0.42159344750558425,0.4190323156579181,0.6259962570834042,0.0006681514476614699,0.5,0.41489599005811106,0.42363515676408864,0.27118020959077466,0.5678240836259,0.2998711346022517,0.5923095493157505
2021-05-16 12:20:00,0.49442119944211993,-0.05179282868525903,0.42010424422933723,0.41439028744867,0.6258653858737616,0.0027839643652561247,0.5,0.41489599005811106,0.42363515676408864,0.27118020959077466,0.5678240836259,0.2998711346022517,0.49772922733376584
2021-05-16 12:30:00,0.4351464435146444,0.2350597609561753,0.4227848101265821,0.4222460274950901,0.6239808404549083,0.00011135857461024499,0.5,0.41489599005811106,0.42363515676408864,0.27118020959077466,0.5678240836259,0.2998711346022517,0.3635876699307452
2021-05-16 12:40:00,0.5097629009762901,0.019920318725099362,0.42516753536857754,0.4240314229601856,0.6166258784729947,0.00011135857461024499,0.5,0.41489599005811106,0.42363515676408864,0.27118020959077466,0.5678240836259,0.2998711346022517,0.509249060760143
2021-05-16 12:50:00,0.47489539748953974,-0.07569721115537853,0.4266567386448248,0.4254597393322621,0.6355760296292419,0.00011135857461024499,0.5,0.41489599005811106,0.42363515676408864,0.27118020959077466,0.5678240836259,0.2998711346022517,0.3932208760203389
2021-05-16 13:00:00,0.48535564853556484,0.14741035856573692,0.4278481012658226,0.4240314229601856,0.6094541361845808,0.00011135857461024499,0.5,0.4875790426529314,0.4117445913444262,0.19188663527509853,0.5377631707672098,0.30303766407573696,0.4674623172442929
2021-05-16 13:10:00,0.29497907949790797,-0.0916334661354582,0.42903946388682024,0.42760221389037656,0.6035780188716284,0.00022271714922048998,0.5,0.4875790426529314,0.4117445913444262,0.19188663527509853,0.5377631707672098,0.30303766407573696,0.1550311571133274
2021-05-16 13:20:00,0.4504881450488145,0.31474103585657365,0.43737900223380466,0.4308159257275488,0.6106974126761854,0.00033407572383073496,0.5,0.4875790426529314,0.4117445913444262,0.19188663527509853,0.5377631707672098,0.30303766407573696,0.39199873259200024
2021-05-16 13:30:00,0.3591352859135286,-0.03585657370517936,0.43678332092330585,0.4222460274950901,0.6332334349766395,0.00022271714922048998,0.5,0.4875790426529314,0.4117445913444262,0.19188663527509853,0.5377631707672098,0.30303766407573696,0.25584290176079183
2021-05-16 13:40:00,0.3096234309623431,-0.21912350597609564,0.4385703648548025,0.4286734511694341,0.629320385808326,0.00033407572383073496,0.5,0.4875790426529314,0.4117445913444262,0.19188663527509853,0.5377631707672098,0.30303766407573696,0.1906770071065377
2021-05-16 13:50:00,0.41841004184100417,0.14741035856573692,0.4460163812360385,0.4397429030530262,0.6448286241509731,0.004342984409799555,0.5,0.4875790426529314,0.4117445913444262,0.19188663527509853,0.5377631707672098,0.30303766407573696,0.33931831555441555
2021-05-16 14:00:00,0.5453277545327755,0.01195219123505975,0.451079672375279,0.43617211212283524,0.6489118058918218,0.01759465478841871,0.5,0.4864797581767599,0.4017936420819142,0.1944740238387726,0.4658136591287817,0.3065734116619268,0.5345066916124749
2021-05-16 14:10:00,0.45188284518828453,-0.1872509960159363,0.451079672375279,0.4229601856811285,0.6407977908939813,0.0017817371937639199,0.5,0.4864797581767599,0.4017936420819142,0.1944740238387726,0.4658136591287817,0.3065734116619268,0.33163842660349746
2021-05-16 14:20:00,0.38633193863319387,0.05179282868525892,0.45197319434102745,0.42938760935547227,0.634725366766565,0.0024498886414253897,0.5,0.4864797581767599,0.4017936420819142,0.1944740238387726,0.4658136591287817,0.3065734116619268,0.31470947689243634
2021-05-16 14:30:00,0.3458856345885635,-0.01195219123505975,0.4549516008935217,0.4415282985181217,0.6135634921673582,0.002561247216035635,0.5,0.4864797581767599,0.4017936420819142,0.1944740238387726,0.4658136591287817,0.3065734116619268,0.22749973595666673
2021-05-16 14:40:00,0.3542538354253836,0.2589641434262948,0.458525688756515,0.439385823960007,0.6560311996963788,0.00111358574610245,0.5,0.4864797581767599,0.4017936420819142,0.1944740238387726,0.4658136591287817,0.3065734116619268,0.19410957043921723
2021-05-16 14:50:00,0.3716875871687587,-0.29083665338645437,0.46835443037974667,0.44545616854133185,0.611993037651647,0.21570155902004456,0.5,0.4864797581767599,0.4017936420819142,0.1944740238387726,0.4658136591287817,0.3065734116619268,0.15924830635061937
2021-05-16 15:00:00,0.403068340306834,0.08366533864541825,0.47133283693224115,0.4372433494018926,0.6305767494208949,0.0017817371937639199,0.5,0.48235131276092535,0.38623073673805514,0.19811473051301262,0.37018891298695106,0.31378896090435826,0.2777735866137574
2021-05-16 15:10:00,0.2907949790794979,0.2589641434262948,0.47222635889798936,0.4372433494018926,0.6456792870136498,0.0028953229398663697,0.5,0.48235131276092535,0.38623073673805514,0.19811473051301262,0.37018891298695106,0.31378896090435826,0.1746080842524556
2021-05-16 15:20:00,0.3821478382147839,0.01195219123505975,0.47580044676098265,0.42760221389037656,0.6374344008061668,0.00512249443207127,0.5,0.48235131276092535,0.38623073673805514,0.19811473051301262,0.37018891298695106,0.31378896090435826,0.3152526517494757
2021-05-16 15:30:00,0.37517433751743373,-0.3466135458167332,0.4802680565897244,0.4351008748437779,0.5992723560743871,0.0020044543429844097,0.5,0.48235131276092535,0.38623073673805514,0.19811473051301262,0.37018891298695106,0.31378896090435826,0.2808214010893674
2021-05-16 15:40:00,0.396792189679219,0.7928286852589641,0.4844378257632167,0.44402785216925555,0.5821413147321721,0.18853006681514478,0.5,0.48235131276092535,0.38623073673805514,0.19811473051301262,0.37018891298695106,0.31378896090435826,0.1490864100668407
2021-05-16 15:50:00,0.45746164574616455,0.40239043824701204,0.49962769918093786,0.46652383502945916,0.6708327335069558,0.18251670378619156,0.5,0.48235131276092535,0.38623073673805514,0.19811473051301262,0.37018891298695106,0.31378896090435826,0.2737752161383285
2021-05-16 16:00:00,0.45746164574616455,-0.0916334661354582,0.4877140729709606,0.4479557221924655,0.6771930742955857,0.00011135857461024499,0.5,0.5244416776203769,0.3709293203872346,0.18146657236768438,0.3234871583176249,0.3336885630043363,0.34732260060050996
2021-05-16 16:10:00,0.39539748953974896,-0.17131474103585675,0.48711839166046156,0.4336725584717014,0.6516993626572091,0.0008908685968819599,0.5,0.5244416776203769,0.3709293203872346,0.18146657236768438,0.3234871583176249,0.3336885630043363,0.3047663593705207
2021-05-16 16:20:00,0.3403068340306834,-0.08366533864541836,0.48682055100521215,0.4368862703088734,0.6248315033175852,0.00011135857461024499,0.5,0.5244416776203769,0.3709293203872346,0.18146657236768438,0.3234871583176249,0.3336885630043363,0.22724323671862037
2021-05-16 16:30:00,0.30474198047419804,0.33864541832669315,0.4778853313477287,0.4193893947509373,0.6407977908939813,0.00011135857461024499,0.5,0.5244416776203769,0.3709293203872346,0.18146657236768438,0.3234871583176249,0.3336885630043363,0.17730132625194261
2021-05-16 16:40:00,0.16108786610878661,-0.17131474103585675,0.47163067758749055,0.4236743438671666,0.6147413330541415,0.00011135857461024499,0.5,0.5244416776203769,0.3709293203872346,0.18146657236768438,0.3234871583176249,0.3336885630043363,0.03634745085021954
2021-05-16 16:50:00,0.11018131101813111,0.9043824701195218,0.4778853313477287,0.4450990894483129,0.6251586813416917,0.8673719376391983,0.5,0.5244416776203769,0.3709293203872346,0.18146657236768438,0.3234871583176249,0.3336885630043363,0.0
2021-05-16 17:00:00,0.4295676429567643,0.6135458167330676,0.5040953090096798,0.462595965006249,0.6302364842758242,0.4357461024498887,0.5,0.5284561221763688,0.3585531325519304,0.18236593813220806,0.29926748618840354,0.3504921256174665,0.23617544547882374
2021-05-16 17:10:00,0.3200836820083682,0.3227091633466135,0.5014147431124347,0.4561685413319052,0.6320294198479277,0.00011135857461024499,0.5,0.5284561221763688,0.3585531325519304,0.18236593813220806,0.29926748618840354,0.3504921256174665,0.21968405329148874
2021-05-16 17:20:00,0.299163179916318,-0.20318725099601598,0.48682055100521215,0.4415282985181217,0.6723901009017026,0.00011135857461024499,0.5,0.5284561221763688,0.3585531325519304,0.18236593813220806,0.29926748618840354,0.3504921256174665,0.1487997344478477
2021-05-16 17:30:00,0.18479776847977683,0.6573705179282865,0.481459419210722,0.43617211212283524,0.6532959914148487,0.004120267260579065,0.5,0.5284561221763688,0.3585531325519304,0.18236593813220806,0.29926748618840354,0.3504921256174665,0.05105843656170316
2021-05-16 17:40:00,0.3068340306834031,-0.14741035856573714,0.47997021593447475,0.4308159257275488,0.6467393438117549,0.01247216035634744,0.5,0.5284561221763688,0.3585531325519304,0.18236593813220806,0.29926748618840354,0.3504921256174665,0.12621271330929282
2021-05-16 17:50:00,0.25592747559274753,0.19521912350597592,0.48265078183171983,0.4229601856811285,0.6510450066089961,0.00011135857461024499,0.5,0.5284561221763688,0.3585531325519304,0.18236593813220806,0.29926748618840354,0.3504921256174665,0.12788750245183098
2021-05-16 18:00:00,0.2824267782426778,-0.08366533864541836,0.48294862248696924,0.414747366541689,0.6714740024342045,0.00011135857461024499,0.5,0.47171674688640564,0.3773860870614685,0.20934678425379463,0.22166027132036967,0.32966339353590124,0.1097665856933778
2021-05-16 18:10:00,0.33472803347280333,-0.059760956175298974,0.481459419210722,0.42760221389037656,0.6270563138815092,0.00011135857461024499,0.5,0.47171674688640564,0.3773860870614685,0.20934678425379463,0.22166027132036967,0.32966339353590124,0.22163797395778326
2021-05-16 18:20:00,0.29358437935843795,0.10756972111553775,0.4808637379002232,0.43295840028566324,0.6250539843739775,0.00011135857461024499,0.5,0.47171674688640564,0.3773860870614685,0.20934678425379463,0.22166027132036967,0.32966339353590124,0.13233097454622267
2021-05-16 18:30:00,0.29009762900976294,-0.043824701195219196,0.4772896500372299,0.42938760935547227,0.6169399693761369,0.00011135857461024499,0.5,0.47171674688640564,0.3773860870614685,0.20934678425379463,0.22166027132036967,0.32966339353590124,0.1652232297780527
2021-05-16 18:40:00,0.0899581589958159,0.003984063745019917,0.47580044676098265,0.41974647384395647,0.640077999240947,0.49844097995545655,0.5,0.47171674688640564,0.3773860870614685,0.20934678425379463,0.22166027132036967,0.32966339353590124,0.0
2021-05-16 18:50:00,0.23640167364016737,0.05179282868525892,0.49039463886820545,0.4333154793786824,0.6677834343222834,0.6305122494432072,0.5,0.47171674688640564,0.3773860870614685,0.20934678425379463,0.22166027132036967,0.32966339353590124,0.009837500188602381
2021-05-16 19:00:00,0.28033472803347276,0.09960159362549792,0.5109456440804168,0.4704517050526693,0.6564892489301278,0.00011135857461024499,0.5,0.46170108094027684,0.37842629602278116,0.21506293087476258,0.24374386204325066,0.29930681318426366,0.11681277064441663
2021-05-16 19:10:00,0.32217573221757323,0.1394422310756971,0.49754281459419203,0.45545438314586684,0.6588318435827302,0.00011135857461024499,0.5,0.46170108094027684,0.37842629602278116,0.21506293087476258,0.24374386204325066,0.29930681318426366,0.1829593976794363
2021-05-16 19:20:00,0.39121338912133896,-0.019920318725099695,0.4850335070737155,0.4322442420996251,0.6588187564617659,0.00011135857461024499,0.5,0.46170108094027684,0.37842629602278116,0.21506293087476258,0.24374386204325066,0.29930681318426366,0.23109826938455272
2021-05-16 19:30:00,0.3284518828451883,0.1633466135458166,0.47580044676098265,0.41974647384395647,0.6667102904032143,0.0006681514476614699,0.5,0.46170108094027684,0.37842629602278116,0.21506293087476258,0.24374386204325066,0.29930681318426366,0.1981305732003561
2021-05-16 19:40:00,0.2112970711297071,0.29083665338645415,0.46775874906924786,0.41046241742545986,0.6536100823179909,0.005902004454342985,0.5,0.46170108094027684,0.37842629602278116,0.21506293087476258,0.24374386204325066,0.29930681318426366,0.08145359627019931
2021-05-16 19:50:00,0.38772663877266383,0.14741035856573692,0.4623976172747577,0.39582217461167657,0.6834748923584301,0.01982182628062361,0.5,0.46170108094027684,0.37842629602278116,0.21506293087476258,0.24374386204325066,0.29930681318426366,0.21972177376767205
2021-05-16 20:00:00,0.3207810320781032,0.17928286852589648,0.45614296351451955,0.38653811819317974,0.6884610854458129,0.00044543429844097997,0.5,0.4666600849903426,0.37871652006999706,0.20390049808783325,0.2881157003228828,0.29745448939838703,0.18271798663186323
2021-05-16 20:10:00,0.24476987447698745,-0.1394422310756973,0.45256887565152626,0.3779682199607215,0.6928583580898038,0.00111358574610245,0.5,0.4666600849903426,0.37871652006999706,0.20390049808783325,0.2881157003228828,0.29745448939838703,0.10084192102841105
2021-05-16 20:20:00,0.20013947001394702,-0.31474103585657376,0.4498883097542814,0.3668987680771292,0.684430252188821,0.0012249443207126948,0.5,0.4666600849903426,0.37871652006999706,0.20390049808783325,0.2881157003228828,0.29745448939838703,0.06840985560601717
2021-05-16 20:30:00,0.2085076708507671,0.4820717131474104,0.4460163812360385,0.3665416889841102,0.673921294054521,0.000556792873051225,0.5,0.4666600849903426,0.37871652006999706,0.20390049808783325,0.2881157003228828,0.29745448939838703,0.08039742293706716
2021-05-16 20:40:00,0.15271966527196654,0.027888446215139417,0.44363365599404303,0.36439921442599554,0.6950700815327636,0.00011135857461024499,0.5,0.4666600849903426,0.37871652006999706,0.20390049808783325,0.2881157003228828,0.29745448939838703,0.04223938923004964
2021-05-16 20:50:00,0.1771269177126918,0.4581673306772909,0.44065524944154855,0.35725763256561316,0.6965881875646176,0.00011135857461024499,0.5,0.4666600849903426,0.37871652006999706,0.20390049808783325,0.2881157003228828,0.29745448939838703,0.05726722694147291
2021-05-16 21:00:00,0.12273361227336123,-0.4342629482071714,0.4358897989575574,0.3586859489376897,0.7114813312219445,0.00011135857461024499,0.5,0.49711429069819024,0.39298347447034215,0.16718768249344976,0.24111343814368308,0.26571741118322467,0.01428851637823076
2021-05-16 21:10:00,0.0885634588563459,-0.0916334661354582,0.434102755026061,0.35761471165863257,0.7114813312219445,0.00913140311804009,0.5,0.49711429069819024,0.39298347447034215,0.16718768249344976,0.24111343814368308,0.26571741118322467,0.0
2021-05-16 21:20:00,0.08647140864714087,-0.8804780876494024,0.43291139240506316,0.3461881806820213,0.7114813312219445,0.6028953229398664,0.5,0.49711429069819024,0.39298347447034215,0.16718768249344976,0.24111343814368308,0.26571741118322467,0.0
2021-05-16 21:30:00,0.0899581589958159,-0.6382470119521912,0.4430379746835442,0.35761471165863257,0.7114813312219445,0.9995545657015591,0.5,0.49711429069819024,0.39298347447034215,0.16718768249344976,0.24111343814368308,0.26571741118322467,0.0
2021-05-16 21:40:00,0.11227336122733612,-0.3960159362549801,0.4513775130305284,0.372969112658454,0.7114813312219445,0.9995545657015591,0.5,0.49711429069819024,0.39298347447034215,0.16718768249344976,0.24111343814368308,0.26571741118322467,0.0
2021-05-16 21:50:00,0.17224546722454673,-0.15378486055776885,0.4540580789277735,0.369755400821282,0.7114813312219445,0.9995545657015591,0.5,0.49711429069819024,0.39298347447034215,0.16718768249344976,0.24111343814368308,0.26571741118322467,0.0
2021-05-16 22:00:00,0.2294281729428173,0.08844621513944229,0.45197319434102745,0.3683270844492055,0.6503513891978904,0.8501113585746103,0.5,0.394457450296392,0.41013255480493116,0.28022903137977445,0.2255840103259859,0.253331365652049,0.0
2021-05-16 22:10:00,0.2398884239888424,0.3306772908366533,0.45197319434102745,0.3904659882163899,0.6091793066443313,0.001893095768374165,0.5,0.394457450296392,0.41013255480493116,0.28022903137977445,0.2255840103259859,0.253331365652049,0.08881663322117779
2021-05-16 22:20:00,0.2391910739191074,0.14741035856573692,0.4650781831720028,0.4083199428673452,0.6233133972857311,0.00011135857461024499,0.5,0.394457450296392,0.41013255480493116,0.28022903137977445,0.2255840103259859,0.253331365652049,0.0938410006487922
2021-05-16 22:30:00,0.3682008368200837,-0.15537848605577698,0.4388682055100521,0.39118014640242826,0.6036827158393424,0.00011135857461024499,0.5,0.394457450296392,0.41013255480493116,0.28022903137977445,0.2255840103259859,0.253331365652049,0.225440197957059
2021-05-16 22:40:00,0.2280334728033473,0.3067729083665336,0.42040208488458664,0.3522585252633459,0.5917472615199382,0.00011135857461024499,0.5,0.394457450296392,0.41013255480493116,0.28022903137977445,0.2255840103259859,0.253331365652049,0.08755676931665586
2021-05-16 22:50:00,0.24407252440725244,0.019920318725099362,0.41384959046909886,0.34333154793786824,0.5892214471738363,0.00011135857461024499,0.5,0.394457450296392,0.41013255480493116,0.28022903137977445,0.2255840103259859,0.253331365652049,0.09588545045792658
2021-05-16 23:00:00,0.16457461645746163,0.2828685258964143,0.41027550260610535,0.3326191751472951,0.579864155684391,0.00011135857461024499,0.5,0.31259746189659676,0.41351179717649533,0.35260083720148117,0.20144798377820047,0.23557749449509305,0.04690164008630445
2021-05-16 23:10:00,0.198744769874477,0.38645418326693215,0.4067014147431123,0.31976432779860753,0.5762259360563269,0.00011135857461024499,0.5,0.31259746189659676,0.41351179717649533,0.35260083720148117,0.20144798377820047,0.23557749449509305,0.06928497065346953
2021-05-16 23:20:00,0.18340306834030684,0.4661354581673305,0.4025316455696202,0.3136939832172827,0.5920220910601877,0.00011135857461024499,0.5,0.31259746189659676,0.41351179717649533,0.35260083720148117,0.20144798377820047,0.23557749449509305,0.06112980370264195
2021-05-16 23:30:00,0.25523012552301255,-0.019920318725099695,0.3965748324646312,0.305124084984824,0.6048474696051614,0.00011135857461024499,0.5,0.31259746189659676,0.41351179717649533,0.35260083720148117,0.20144798377820047,0.23557749449509305,0.10266004798044571
2021-05-16 23:40:00,0.24198047419804744,-0.4581673306772909,0.3953834698436334,0.2951258703802895,0.6084333407493685,0.00011135857461024499,0.5,0.31259746189659676,0.41351179717649533,0.35260083720148117,0.20144798377820047,0.23557749449509305,0.0953573637913605
2021-05-16 23:50:00,0.299163179916318,0.06772908366533859,0.3953834698436334,0.2929833958221746,0.6084333407493685,0.00011135857461024499,0.5,0.31259746189659676,0.41351179717649533,0.35260083720148117,0.20144798377820047,0.23557749449509305,0.1486337643526412
2021-05-17 00:00:00,0.31659693165969316,0.17928286852589648,0.3959791511541324,0.28691305124084976,0.6084333407493685,0.00011135857461024499,0.5,0.30451974386161385,0.407695822210473,0.3647614239552133,0.16608105522966451,0.20103212342185064,0.17404227710970624
2021-05-17 00:10:00,0.29218967921896793,-0.3067729083665339,0.3927029039463885,0.28619889305481183,0.5951630000916098,0.00011135857461024499,0.5,0.30451974386161385,0.407695822210473,0.3647614239552133,0.16608105522966451,0.20103212342185064,0.13759675302141014
2021-05-17 00:20:00,0.300557880055788,0.24302788844621515,0.3843633655994041,0.27977146938046804,0.581434610200102,0.00011135857461024499,0.5,0.30451974386161385,0.407695822210473,0.3647614239552133,0.16608105522966451,0.20103212342185064,0.15625330054166606
2021-05-17 00:30:00,0.3158995815899582,0.09960159362549792,0.3804914370811614,0.2740582038921622,0.5938673751161482,0.00011135857461024499,0.5,0.30451974386161385,0.407695822210473,0.3647614239552133,0.16608105522966451,0.20103212342185064,0.1652081415875794
2021-05-17 00:40:00,0.30264993026499304,0.09960159362549792,0.3804914370811614,0.2719157293340475,0.5938673751161482,0.00011135857461024499,0.5,0.30451974386161385,0.407695822210473,0.3647614239552133,0.16608105522966451,0.20103212342185064,0.15576293435128324
2021-05-17 00:50:00,0.38354253835425384,0.2828685258964143,0.3807892777364108,0.270487412961971,0.5971260682362487,0.00011135857461024499,0.5,0.30451974386161385,0.407695822210473,0.3647614239552133,0.16608105522966451,0.20103212342185064,0.2607088431884364
2021-05-17 01:00:00,0.42538354253835425,0.1633466135458166,0.3804914370811614,0.2719157293340475,0.6050045150567326,0.00011135857461024499,0.5,0.285424766603418,0.412287683868427,0.363965792143789,0.16843860937794583,0.1406908311734168,0.329639241365783
2021-05-17 01:10:00,0.4302649930264993,-0.10756972111553798,0.37870439314966475,0.2719157293340475,0.6027404431299159,0.00011135857461024499,0.5,0.285424766603418,0.412287683868427,0.363965792143789,0.16843860937794583,0.1406908311734168,0.33427131584109115
2021-05-17 01:20:00,0.4177126917712692,-0.08366533864541836,0.37572598659717027,0.2719157293340475,0.5938281137532554,0.00011135857461024499,0.5,0.285424766603418,0.412287683868427,0.363965792143789,0.16843860937794583,0.1406908311734168,0.3072936312748012
2021-05-17 01:30:00,0.3891213389121339,-0.1394422310756973,0.3682799702159343,0.2737011247991432,0.5886325267304445,0.00011135857461024499,0.5,0.285424766603418,0.412287683868427,0.363965792143789,0.16843860937794583,0.1406908311734168,0.2698221102343196
2021-05-17 01:40:00,0.4086471408647141,0.13147410358565725,0.3635145197319434,0.2719157293340475,0.5923623562052583,0.00011135857461024499,0.5,0.285424766603418,0.412287683868427,0.363965792143789,0.16843860937794583,0.1406908311734168,0.3025408512757065
2021-05-17 01:50:00,0.3772663877266388,-0.17131474103585675,0.35964259121370046,0.270487412961971,0.5937495910274699,0.00011135857461024499,0.5,0.285424766603418,0.412287683868427,0.363965792143789,0.16843860937794583,0.1406908311734168,0.24722754500052807
2021-05-17 02:00:00,0.3688981868898187,-0.20318725099601598,0.356664184661206,0.2676307802178184,0.5937495910274699,0.00011135857461024499,0.5,0.2826725030126176,0.41007795820198856,0.3689002565069278,0.25869919837573546,0.11590398483555701,0.2433951446203057
2021-05-17 02:10:00,0.3647140864714087,-0.15537848605577698,0.3536857781087117,0.26477414747366557,0.5937495910274699,0.00011135857461024499,0.5,0.2826725030126176,0.41007795820198856,0.3689002565069278,0.25869919837573546,0.11590398483555701,0.23371607043167314
2021-05-17 02:20:00,0.38354253835425384,-0.3227091633466136,0.3533879374534623,0.26655954293876083,0.5937495910274699,0.00011135857461024499,0.5,0.2826725030126176,0.41007795820198856,0.3689002565069278,0.25869919837573546,0.11590398483555701,0.24826108604795027
2021-05-17 02:30:00,0.3633193863319386,-0.24302788844621515,0.3489203276247206,0.26298875200856986,0.5937495910274699,0.00011135857461024499,0.5,0.2826725030126176,0.41007795820198856,0.3689002565069278,0.25869919837573546,0.11590398483555701,0.22645110671877122
2021-05-17 02:40:00,0.3856345885634589,-0.2270916334661356,0.34713328369322394,0.2612033565434744,0.5937495910274699,0.00011135857461024499,0.5,0.2826725030126176,0.41007795820198856,0.3689002565069278,0.25869919837573546,0.11590398483555701,0.24181088462060743
2021-05-17 02:50:00,0.3591352859135286,-0.4422310756972112,0.34415487714072945,0.2558471701481879,0.5937495910274699,0.00011135857461024499,0.5,0.2826725030126176,0.41007795820198856,0.3689002565069278,0.25869919837573546,0.11590398483555701,0.2241048931001705
2021-05-17 03:00:00,0.37517433751743373,-0.17928286852589637,0.34058078927773616,0.25227637921799695,0.5937495910274699,0.00011135857461024499,0.5,0.27759949810270945,0.40050631165464967,0.3716763444865087,0.31171466654645474,0.13072057194407763,0.2554883292846689
2021-05-17 03:10:00,0.3493723849372385,0.22709163346613526,0.34028294862248676,0.24620603463667212,0.5937495910274699,0.00011135857461024499,0.5,0.27759949810270945,0.40050631165464967,0.3716763444865087,0.31171466654645474,0.13072057194407763,0.22020459586281818
2021-05-17 03:20:00,0.3563458856345886,0.4262948207171313,0.3384959046909901,0.2397786109623281,0.5937495910274699,0.00011135857461024499,0.5,0.27759949810270945,0.40050631165464967,0.3716763444865087,0.31171466654645474,0.13072057194407763,0.22033284548184137
2021-05-17 03:30:00,0.3458856345885635,0.14741035856573692,0.33611317944899466,0.23442242456704165,0.6017981704204892,0.00011135857461024499,0.5,0.27759949810270945,0.40050631165464967,0.3716763444865087,0.31171466654645474,0.13072057194407763,0.20848107186505124
2021-05-17 03:40:00,0.402370990237099,-0.2749003984063746,0.33551749813849585,0.23585074093911795,0.6049914279357683,0.00011135857461024499,0.5,0.27759949810270945,0.40050631165464967,0.3716763444865087,0.31171466654645474,0.13072057194407763,0.2814173846130633
2021-05-17 03:50:00,0.41631799163179917,-0.03585657370517936,0.3331347728965002,0.23620782003213714,0.6049914279357683,0.00011135857461024499,0.5,0.27759949810270945,0.40050631165464967,0.3716763444865087,0.31171466654645474,0.13072057194407763,0.30790470298897055
2021-05-17 04:00:00,0.405160390516039,0.09960159362549792,0.33283693224125077,0.23442242456704165,0.6049914279357683,0.00011135857461024499,0.5,0.23419001855432353,0.3874289884973583,0.40283837907708997,0.30602779766123794,0.162300304364952,0.31065075365511413
2021-05-17 04:10:00,0.4086471408647141,0.09960159362549792,0.33283693224125077,0.23299410819496535,0.6049914279357683,0.00011135857461024499,0.5,0.23419001855432353,0.3874289884973583,0.40283837907708997,0.30602779766123794,0.162300304364952,0.31166166241682636
2021-05-17 04:20:00,0.3891213389121339,-0.003984063745020028,0.3301563663440057,0.23442242456704165,0.6049914279357683,0.00011135857461024499,0.5,0.23419001855432353,0.3874289884973583,0.40283837907708997,0.30602779766123794,0.162300304364952,0.27217586794815696
2021-05-17 04:30:00,0.3772663877266388,0.06772908366533859,0.3298585256887563,0.235493661846099,0.6049914279357683,0.00011135857461024499,0.5,0.23419001855432353,0.3874289884973583,0.40283837907708997,0.30602779766123794,0.162300304364952,0.26415649471158925
2021-05-17 04:40:00,0.3765690376569038,0.043824701195219085,0.3295606850335069,0.23299410819496535,0.6049914279357683,0.00011135857461024499,0.5,0.23419001855432353,0.3874289884973583,0.40283837907708997,0.30602779766123794,0.162300304364952,0.2496869200476787
2021-05-17 04:50:00,0.3437935843793584,0.08366533864541825,0.3268801191362618,0.23299410819496535,0.6049914279357683,0.00011135857461024499,0.5,0.23419001855432353,0.3874289884973583,0.40283837907708997,0.30602779766123794,0.162300304364952,0.2113402839597447
2021-05-17 05:00:00,0.34797768479776847,0.21912350597609564,0.3268801191362618,0.23085163363685046,0.6049914279357683,0.00011135857461024499,0.5,0.21149590941034058,0.3732396187433003,0.4134714897121408,0.26406028164410766,0.18050460002876123,0.22550809481418896
2021-05-17 05:10:00,0.34449093444909346,0.38645418326693215,0.32479523454951575,0.2258525263345832,0.6049914279357683,0.00011135857461024499,0.5,0.21149590941034058,0.3732396187433003,0.4134714897121408,0.26406028164410766,0.18050460002876123,0.20806614662703504
2021-05-17 05:20:00,0.3354253835425383,0.38645418326693215,0.32092330603127306,0.222281735404392,0.6049914279357683,0.00011135857461024499,0.5,0.21149590941034058,0.3732396187433003,0.4134714897121408,0.26406028164410766,0.18050460002876123,0.19946587805724458
2021-05-17 05:30:00,0.3437935843793584,0.2749003984063745,0.318838421444527,0.21656846991608636,0.6118490793210402,0.00011135857461024499,0.5,0.21149590941034058,0.3732396187433003,0.4134714897121408,0.26406028164410766,0.18050460002876123,0.19936026072393137
2021-05-17 05:40:00,0.2894002789400279,-0.17131474103585675,0.3152643335815337,0.2158543117300482,0.6187721663111333,0.00011135857461024499,0.5,0.21149590941034058,0.3732396187433003,0.4134714897121408,0.26406028164410766,0.18050460002876123,0.14860358797169454
2021-05-17 05:50:00,0.2524407252440725,0.2111553784860556,0.3149664929262843,0.21514015354401006,0.6187721663111333,0.00011135857461024499,0.5,0.21149590941034058,0.3732396187433003,0.4134714897121408,0.26406028164410766,0.18050460002876123,0.11639030131116376
2021-05-17 06:00:00,0.22454672245467225,-0.08366533864541836,0.31228592702903946,0.21514015354401006,0.6187721663111333,0.00011135857461024499,0.5,0.25062225191388343,0.38043487630996076,0.4102296134566018,0.308465335862585,0.19095699895158735,0.09457277788674805
2021-05-17 06:10:00,0.24616457461645744,-0.09960159362549814,0.3075204765450483,0.21192644170683805,0.6187721663111333,0.00011135857461024499,0.5,0.25062225191388343,0.38043487630996076,0.4102296134566018,0.308465335862585,0.19095699895158735,0.10973640931243117
2021-05-17 06:20:00,0.23361227336122734,0.003984063745019917,0.3057334326135517,0.20835565077664708,0.6187721663111333,0.00011135857461024499,0.5,0.25062225191388343,0.38043487630996076,0.4102296134566018,0.308465335862585,0.19095699895158735,0.10032137845708164
2021-05-17 06:30:00,0.21478382147838215,0.1394422310756971,0.3030528667163066,0.20442778075343693,0.6187721663111333,0.00011135857461024499,0.5,0.25062225191388343,0.38043487630996076,0.4102296134566018,0.308465335862585,0.19095699895158735,0.09012930579235633
2021-05-17 06:40:00,0.24686192468619247,-0.05179282868525903,0.3030528667163066,0.2029994643813604,0.6187721663111333,0.00011135857461024499,0.5,0.25062225191388343,0.38043487630996076,0.4102296134566018,0.308465335862585,0.19095699895158735,0.11507762873998521
2021-05-17 06:50:00,0.24755927475592746,0.1633466135458166,0.3030528667163066,0.20049991073022677,0.6187721663111333,0.00011135857461024499,0.5,0.25062225191388343,0.38043487630996076,0.4102296134566018,0.308465335862585,0.19095699895158735,0.11422514597824283
2021-05-17 07:00:00,0.2719665271966527,0.14741035856573692,0.30186150409530876,0.197286198893055,0.6187721663111333,0.00011135857461024499,0.5,0.2582765524779178,0.4018367446631824,0.4109329245860502,0.28764179006204266,0.15881670833180211,0.13393032273639424
2021-05-17 07:10:00,0.2782426778242678,0.49003984063745,0.29769173492181666,0.19264417068380646,0.6187721663111333,0.00011135857461024499,0.5,0.2582765524779178,0.4018367446631824,0.4109329245860502,0.28764179006204266,0.15881670833180211,0.14345097092505696
2021-05-17 07:20:00,0.3179916317991632,-0.05179282868525903,0.2985852568875649,0.18693090519550082,0.6311133213804295,0.00011135857461024499,0.5,0.2582765524779178,0.4018367446631824,0.4109329245860502,0.28764179006204266,0.15881670833180211,0.17791239796611194
2021-05-17 07:30:00,0.29707112970711297,-0.3784860557768924,0.30126582278480996,0.1922870915907875,0.6326314274122835,0.00011135857461024499,0.5,0.2582765524779178,0.4018367446631824,0.4109329245860502,0.28764179006204266,0.15881670833180211,0.15978393711242211
2021-05-17 07:40:00,0.08647140864714087,-0.2828685258964144,0.3003723008190615,0.1987145152651313,0.6407061810472314,0.2540089086859688,0.5,0.2582765524779178,0.4018367446631824,0.4109329245860502,0.28764179006204266,0.15881670833180211,0.011316142854987402
2021-05-17 07:50:00,0.25662482566248257,-0.1872509960159363,0.30394638868205504,0.21871094447420125,0.619819135988274,0.9993318485523385,0.5,0.2582765524779178,0.4018367446631824,0.4109329245860502,0.28764179006204266,0.15881670833180211,0.0
2021-05-17 08:00:00,0.2391910739191074,-0.0916334661354582,0.32151898734177187,0.25227637921799695,0.5616076219392496,0.06536748329621381,0.5,0.25353741199370416,0.40995152396360035,0.41389492207081885,0.22880014315263203,0.15013428224636746,0.07340404665268495
2021-05-17 08:10:00,0.3179916317991632,0.003984063745019917,0.3265822784810126,0.26513122656668453,0.6287314653649343,0.00011135857461024499,0.5,0.25353741199370416,0.40995152396360035,0.41389492207081885,0.22880014315263203,0.15013428224636746,0.16900282149161852
2021-05-17 08:20:00,0.28521617852161785,-0.09960159362549814,0.30483991064780347,0.22478128905552563,0.6291371661148264,0.00011135857461024499,0.5,0.25353741199370416,0.40995152396360035,0.41389492207081885,0.22880014315263203,0.15013428224636746,0.13862274997359567
2021-05-17 08:30:00,0.12133891213389121,0.38645418326693215,0.2994787788533133,0.21549723263702902,0.5964586250670715,0.2628062360801782,0.5,0.25353741199370416,0.40995152396360035,0.41389492207081885,0.22880014315263203,0.15013428224636746,0.0075742716176049
2021-05-17 08:40:00,0.18270571827057183,0.04780876494023878,0.3140729709605359,0.23656489912515632,0.6482574498436089,0.5201559020044544,0.5,0.25353741199370416,0.40995152396360035,0.41389492207081885,0.22880014315263203,0.15013428224636746,0.0
2021-05-17 08:50:00,0.1415620641562064,-0.29083665338645437,0.3373045420699925,0.27120157114800936,0.6679535668948188,0.5270601336302896,0.5,0.25353741199370416,0.40995152396360035,0.41389492207081885,0.22880014315263203,0.15013428224636746,0.0
2021-05-17 09:00:00,0.3075313807531381,0.05179282868525892,0.34772896500372297,0.29191215854311725,0.6589496276714085,0.23652561247216033,0.5,0.22031459968121103,0.41641116414325074,0.42843898027748706,0.20159129871085538,0.2068785589344328,0.10759388626522022
2021-05-17 09:10:00,0.2824267782426778,0.06772908366533859,0.33611317944899466,0.27120157114800936,0.632147203936606,0.00011135857461024499,0.5,0.22031459968121103,0.41641116414325074,0.42843898027748706,0.20159129871085538,0.2068785589344328,0.13120690435596058
2021-05-17 09:20:00,0.25383542538354253,0.14741035856573692,0.3301563663440057,0.23585074093911795,0.6321079425737132,0.00011135857461024499,0.5,0.22031459968121103,0.41641116414325074,0.42843898027748706,0.20159129871085538,0.2068785589344328,0.11793684083467872
2021-05-17 09:30:00,0.2482566248256625,-0.08366533864541836,0.33581533879374503,0.23299410819496535,0.6468963892633259,0.00011135857461024499,0.5,0.22031459968121103,0.41641116414325074,0.42843898027748706,0.20159129871085538,0.2068785589344328,0.10211687312340632
2021-05-17 09:40:00,0.18340306834030684,-0.2270916334661356,0.33581533879374503,0.23335118728798432,0.6569342110429127,0.00011135857461024499,0.5,0.22031459968121103,0.41641116414325074,0.42843898027748706,0.20159129871085538,0.2068785589344328,0.058534634941231505
2021-05-17 09:50:00,0.13528591352859135,0.3227091633466135,0.33611317944899466,0.24263524370648093,0.6674955176610697,0.00011135857461024499,0.5,0.22031459968121103,0.41641116414325074,0.42843898027748706,0.20159129871085538,0.2068785589344328,0.030538497517992664
2021-05-17 10:00:00,0.11576011157601115,0.5219123505976095,0.3414743112434846,0.25549009105516873,0.680190024996401,0.00011135857461024499,0.5,0.34070654517692645,0.4184484794846078,0.30250760979852154,0.14828062998619665,0.3692913872454851,0.006472833713052794
2021-05-17 10:10:00,0.10320781032078104,0.4422310756972112,0.3495160089352196,0.27620067845027685,0.6946251194199787,0.00011135857461024499,0.5,0.34070654517692645,0.4184484794846078,0.30250760979852154,0.14828062998619665,0.3692913872454851,0.005062087903797698
2021-05-17 10:20:00,0.06555090655509065,0.6494023904382469,0.35189873417721507,0.2829851812176398,0.7278925809111254,0.5524498886414254,0.5,0.34070654517692645,0.4184484794846078,0.30250760979852154,0.14828062998619665,0.3692913872454851,0.0
2021-05-17 10:30:00,0.07880055788005579,0.5577689243027886,0.36738644825018585,0.3022674522406714,0.7296593422413002,0.9993318485523385,0.5,0.34070654517692645,0.4184484794846078,0.30250760979852154,0.14828062998619665,0.3692913872454851,0.0
2021-05-17 10:40:00,0.0697350069735007,0.4661354581673305,0.3846612062546535,0.3344045706123906,0.7296593422413002,0.9993318485523385,0.5,0.34070654517692645,0.4184484794846078,0.30250760979852154,0.14828062998619665,0.3692913872454851,0.0
2021-05-17 10:50:00,0.1603905160390516,0.394422310756972,0.40104244229337294,0.3604713444027854,0.7296593422413002,0.9993318485523385,0.5,0.34070654517692645,0.4184484794846078,0.30250760979852154,0.14828062998619665,0.3692913872454851,0.0
2021-05-17 11:00:00,0.11436541143654114,0.3227091633466135,0.41355174981384923,0.37689698268166416,0.7296593422413002,0.9993318485523385,0.5,0.40852831827385727,0.41451752407279335,0.24273453352756189,0.17709770809629596,0.5584476682238336,0.0
2021-05-17 11:10:00,0.056485355648535567,0.25099601593625476,0.42427401340282933,0.3918943045884662,0.7296593422413002,0.9993318485523385,0.5,0.40852831827385727,0.41451752407279335,0.24273453352756189,0.17709770809629596,0.5584476682238336,0.0
2021-05-17 11:20:00,0.08507670850767085,0.2669322709163344,0.43767684288905406,0.40689162649526867,0.7296593422413002,0.9993318485523385,0.5,0.40852831827385727,0.41451752407279335,0.24273453352756189,0.17709770809629596,0.5584476682238336,0.0
2021-05-17 11:30:00,0.15271966527196654,0.2828685258964143,0.4513775130305284,0.41974647384395647,0.7296593422413002,0.9993318485523385,0.5,0.40852831827385727,0.41451752407279335,0.24273453352756189,0.17709770809629596,0.5584476682238336,0.0
2021-05-17 11:40:00,0.2649930264993026,0.298804780876494,0.46299329858525673,0.4236743438671666,0.6827551007053959,0.9993318485523385,0.5,0.40852831827385727,0.41451752407279335,0.24273453352756189,0.17709770809629596,0.5584476682238336,0.0
2021-05-17 11:50:00,0.21548117154811713,0.31474103585657365,0.4659717051377512,0.44724156400642756,0.44887516195312194,0.9442093541202674,0.5,0.40852831827385727,0.41451752407279335,0.24273453352756189,0.17709770809629596,0.5584476682238336,0.0
2021-05-17 12:00:00,0.2594142259414226,0.3306772908366533,0.4746090841399848,0.4543831458668095,0.3514677206161417,0.006570155902004454,0.5,0.4408716763229419,0.4065636610757825,0.2155014541141482,0.2628580346251542,0.5994218584565798,0.0920681382681775
2021-05-17 12:10:00,0.30264993026499304,0.043824701195219085,0.489501116902457,0.45188359221567564,0.37519467092434333,0.00011135857461024499,0.5,0.4408716763229419,0.4065636610757825,0.2155014541141482,0.2628580346251542,0.5994218584565798,0.16412933596873727
2021-05-17 12:20:00,0.2622036262203626,-0.02788844621513953,0.4749069247952342,0.4365291912158542,0.36645247412021825,0.00011135857461024499,0.5,0.4408716763229419,0.4065636610757825,0.2155014541141482,0.2628580346251542,0.5994218584565798,0.11078503855032666
2021-05-17 12:30:00,0.299163179916318,-0.043824701195219196,0.4618019359642589,0.3968934118907337,0.3586918113884127,0.0006681514476614699,0.5,0.4408716763229419,0.4065636610757825,0.2155014541141482,0.2628580346251542,0.5994218584565798,0.17233731158622148
2021-05-17 12:40:00,0.4177126917712692,0.14741035856573692,0.46448250186150397,0.3968934118907337,0.36776118621664416,0.0069042316258351895,0.5,0.4408716763229419,0.4065636610757825,0.2155014541141482,0.2628580346251542,0.5994218584565798,0.34125714803023677
2021-05-17 12:50:00,0.50697350069735,0.019920318725099362,0.46805658972449726,0.3936797000535619,0.3684024551438929,0.01135857461024499,0.5,0.4408716763229419,0.4065636610757825,0.2155014541141482,0.2628580346251542,0.5994218584565798,0.4375952442023628
2021-05-17 13:00:00,0.5383542538354253,0.05179282868525892,0.4731198808637376,0.3951080164256384,0.37982751174569107,0.020378619153674834,0.5,0.5088562792027143,0.3866962446157689,0.16429961764273598,0.4171727409529485,0.6544329125326288,0.5221570077100653
2021-05-17 13:10:00,0.5829846582984658,-0.10756972111553798,0.47848101265822773,0.4018925191930012,0.34657313737550877,0.030734966592427616,0.5,0.5088562792027143,0.3866962446157689,0.16429961764273598,0.4171727409529485,0.6544329125326288,0.5714350377959172
2021-05-17 13:20:00,0.6331938633193863,0.29083665338645415,0.48324646314221864,0.41331905016961246,0.3606941408959443,0.03374164810690423,0.5,0.5088562792027143,0.3866962446157689,0.16429961764273598,0.4171727409529485,0.6544329125326288,0.6622357680643361
2021-05-17 13:30:00,0.5794979079497908,-0.40239043824701204,0.4862248696947131,0.4222460274950901,0.3642930991611156,0.18763919821826283,0.5,0.5088562792027143,0.3866962446157689,0.16429961764273598,0.4171727409529485,0.6544329125326288,0.35897068364591034
2021-05-17 13:40:00,0.6262203626220363,0.1394422310756971,0.4847356664184659,0.42153186930905173,0.3621991598068341,0.005345211581291759,0.5,0.5088562792027143,0.3866962446157689,0.16429961764273598,0.4171727409529485,0.6544329125326288,0.7505922114760777
2021-05-17 13:50:00,0.5760111576011158,0.07569721115537842,0.48711839166046156,0.4290305302624531,0.3582599363965921,0.012917594654788419,0.5,0.5088562792027143,0.3866962446157689,0.16429961764273598,0.4171727409529485,0.6544329125326288,0.6475398705433257
2021-05-17 14:00:00,0.5627615062761506,-0.03585657370517936,0.49128816083395366,0.4415282985181217,0.3591367735011975,0.007461024498886415,0.5,0.5260865519342621,0.3574985560635269,0.15417135403371,0.5617552856888282,0.6964093088873284,0.655197127208534
2021-05-17 14:10:00,0.6813110181311018,-0.2589641434262948,0.4966492926284436,0.452954829494733,0.3866328146471058,0.02182628062360802,0.5,0.5260865519342621,0.3574985560635269,0.15417135403371,0.5617552856888282,0.6964093088873284,0.7501244775714049
2021-05-17 14:20:00,0.6408647140864714,0.11553784860557759,0.5002233804914369,0.459382253169077,0.3684155422648571,0.02472160356347439,0.5,0.5260865519342621,0.3574985560635269,0.15417135403371,0.5617552856888282,0.6964093088873284,0.7424521327157234
2021-05-17 14:30:00,0.6387726638772664,0.05976095617529875,0.5037974683544302,0.4675950723085165,0.3952964887254453,0.03685968819599109,0.5,0.5260865519342621,0.3574985560635269,0.15417135403371,0.5617552856888282,0.6964093088873284,0.5942257495058617
2021-05-17 14:40:00,0.5592747559274756,0.11553784860557759,0.5070737155621738,0.47937868237814674,0.3682454096923218,0.09498886414253897,0.5,0.5260865519342621,0.3574985560635269,0.15417135403371,0.5617552856888282,0.6964093088873284,0.41557403020655737
2021-05-17 14:50:00,0.701534170153417,-0.019920318725099695,0.5166046165301563,0.4893768969826817,0.371543364175315,0.22639198218262804,0.5,0.5260865519342621,0.3574985560635269,0.15417135403371,0.5617552856888282,0.6964093088873284,0.445803219819847
2021-05-17 15:00:00,0.8040446304044631,0.03585657370517925,0.5145197319434103,0.47723620782003207,0.3760976822708772,0.04755011135857461,0.5,0.5375598145968461,0.3323611306669124,0.14430597610289295,0.6471910832735418,0.7141045198978425,0.9732335501003364
2021-05-17 15:10:00,0.7712691771269178,0.17131474103585642,0.5154132539091583,0.47259417961078376,0.3750637997147008,0.034966592427616926,0.5,0.5375598145968461,0.3323611306669124,0.14430597610289295,0.6471910832735418,0.7141045198978425,0.9199043408723991
2021-05-17 15:20:00,0.6820083682008368,-0.2749003984063746,0.5186895011169024,0.4740224959828603,0.38282446244650636,0.033853006681514475,0.5,0.5375598145968461,0.3323611306669124,0.14430597610289295,0.6471910832735418,0.7141045198978425,0.7435460265250389
2021-05-17 15:30:00,0.6882845188284519,-0.1394422310756973,0.5183916604616527,0.4868773433315481,0.3470050123673293,0.006792873051224944,0.5,0.5375598145968461,0.3323611306669124,0.14430597610289295,0.6471910832735418,0.7141045198978425,0.8829156419270636
2021-05-17 15:40:00,0.6192468619246863,0.09163346613545809,0.5225614296351451,0.5029459025174075,0.3761238565128057,0.01804008908685969,0.5,0.5375598145968461,0.3323611306669124,0.14430597610289295,0.6471910832735418,0.7141045198978425,0.682966941774673
2021-05-17 15:50:00,0.5892608089260809,0.09163346613545809,0.5258376768428887,0.5193715407962862,0.35364018269620867,0.016369710467706012,0.5,0.5375598145968461,0.3323611306669124,0.14430597610289295,0.6471910832735418,0.7141045198978425,0.6196870709295834
2021-05-17 16:00:00,0.6589958158995816,0.13147410358565725,0.5326880119136261,0.5272272808427065,0.3529596524060672,0.02360801781737194,0.5,0.5474207889139666,0.30424100664641834,0.15072632155217447,0.7593386796043784,0.7420781839698739,0.7588379075697452
2021-05-17 16:10:00,0.6499302649930265,-0.01195219123505975,0.5311988086373787,0.5215140153544011,0.38455196241378864,0.04142538975501114,0.5,0.5474207889139666,0.30424100664641834,0.15072632155217447,0.7593386796043784,0.7420781839698739,0.6597763930171854
2021-05-17 16:20:00,0.6276150627615062,0.003984063745019917,0.5303052866716305,0.5297268344938404,0.398463571998796,0.048886414253897545,0.5,0.5474207889139666,0.30424100664641834,0.15072632155217447,0.7593386796043784,0.7420781839698739,0.5847805422695657
2021-05-17 16:30:00,0.6443514644351465,-0.06772908366533881,0.5303052866716305,0.5368684163542226,0.38491840180078785,0.061135857461024505,0.5,0.5474207889139666,0.30424100664641834,0.15072632155217447,0.7593386796043784,0.7420781839698739,0.5534197383707773
2021-05-17 16:40:00,0.7294281729428174,0.07569721115537842,0.5335815338793746,0.5368684163542226,0.3722631558283494,0.09465478841870824,0.5,0.5474207889139666,0.30424100664641834,0.15072632155217447,0.7593386796043784,0.7420781839698739,0.556625978846357
2021-05-17 16:50:00,0.789400278940028,-0.13147410358565736,0.5320923306031271,0.5268702017496876,0.3792909397861565,0.08741648106904232,0.5,0.5474207889139666,0.30424100664641834,0.15072632155217447,0.7593386796043784,0.7420781839698739,0.6882553525355704
2021-05-17 17:00:00,0.8145048814504882,0.24302788844621515,0.5368577810871182,0.5154436707730763,0.39489078797555327,0.07550111358574611,0.5,0.5388789626388695,0.29653713862077585,0.15589919646766867,0.7962872075926476,0.7725343616670456,0.6953392579627926
2021-05-17 17:10:00,0.6827057182705718,-0.08366533864541836,0.5335815338793746,0.5186573826102483,0.3807697844551178,0.05746102449888642,0.5,0.5388789626388695,0.29653713862077585,0.15589919646766867,0.7962872075926476,0.7725343616670456,0.6180650904537018
2021-05-17 17:20:00,0.7649930264993027,0.019920318725099362,0.5326880119136261,0.5193715407962862,0.3819345382209368,0.06815144766146994,0.5,0.5388789626388695,0.29653713862077585,0.15589919646766867,0.7962872075926476,0.7725343616670456,0.7096579507219699
2021-05-17 17:30:00,0.7266387726638772,0.09960159362549792,0.5329858525688755,0.5147295125870381,0.3907421706298832,0.06592427616926504,0.5,0.5388789626388695,0.29653713862077585,0.15589919646766867,0.7962872075926476,0.7725343616670456,0.6825142960604735
2021-05-17 17:40:00,0.8040446304044631,0.043824701195219085,0.5303052866716305,0.5150865916800571,0.37957885644737016,0.08251670378619154,0.5,0.5388789626388695,0.29653713862077585,0.15589919646766867,0.7962872075926476,0.7725343616670456,0.7187033209107232
2021-05-17 17:50:00,0.8535564853556485,0.019920318725099362,0.5294117647058822,0.504374218889484,0.3670021332007172,0.09420935412026728,0.5,0.5388789626388695,0.29653713862077585,0.15589919646766867,0.7962872075926476,0.7725343616670456,0.8111562080359703
2021-05-17 18:00:00,0.7803347280334728,-0.17131474103585675,0.5297096053611317,0.5011605070523122,0.37923859130229937,0.05256124721603563,0.5,0.5041171387185006,0.2955457792515686,0.15309901380460506,0.7933605163234672,0.7805548088126586,0.8685441405012296
2021-05-17 18:10:00,0.690376569037657,0.17131474103585642,0.5288160833953832,0.5061596143545797,0.38002381856015494,0.031180400890868595,0.5,0.5041171387185006,0.2955457792515686,0.15309901380460506,0.7933605163234672,0.7805548088126586,0.7998325210857462
2021-05-17 18:20:00,0.7615062761506276,-0.059760956175298974,0.5294117647058822,0.5225852526334585,0.3737027391344178,0.02026726057906459,0.5,0.5041171387185006,0.2955457792515686,0.15309901380460506,0.7933605163234672,0.7805548088126586,0.8215172684339968
2021-05-17 18:30:00,0.7810320781032077,0.07569721115537842,0.5309009679821295,0.5268702017496876,0.38737878054206853,0.03151447661469933,0.5,0.5041171387185006,0.2955457792515686,0.15309901380460506,0.7933605163234672,0.7805548088126586,0.8432020157822473
2021-05-17 18:40:00,0.7608089260808927,0.12350597609561742,0.5294117647058822,0.5272272808427065,0.3724594626428132,0.017260579064587975,0.5,0.5041171387185006,0.2955457792515686,0.15309901380460506,0.7933605163234672,0.7805548088126586,0.8648867631304978
2021-05-17 18:50:00,0.810320781032078,-0.11553784860557781,0.5294117647058822,0.5297268344938404,0.38791535250160314,0.03028953229398664,0.5,0.5041171387185006,0.2955457792515686,0.15309901380460506,0.7933605163234672,0.7805548088126586,0.8865715104787483
2021-05-17 19:00:00,0.703626220362622,-0.0916334661354582,0.527922561429635,0.5382967327262989,0.3789245003991572,0.004231625835189309,0.5,0.5075045785453582,0.2995255842554884,0.15834391914230028,0.8436899867306882,0.7824231174571801,0.9082562578269989
2021-05-17 19:10:00,0.7656903765690377,-0.02788844621513953,0.5294117647058822,0.5479378682378149,0.3783617541976941,0.016815144766146994,0.5,0.5075045785453582,0.2995255842554884,0.15834391914230028,0.8436899867306882,0.7824231174571801,0.9439436757849632
2021-05-17 19:20:00,0.7245467224546723,-0.059760956175298974,0.5282204020848844,0.5518657382610248,0.3871039510018191,0.011692650334075724,0.5,0.5075045785453582,0.2995255842554884,0.15834391914230028,0.8436899867306882,0.7824231174571801,0.9796309428610227
2021-05-17 19:30:00,0.8305439330543933,-0.06772908366533881,0.5222635889798957,0.5607927155865025,0.39816256821661805,0.04164810690423163,0.5,0.5075045785453582,0.2995255842554884,0.15834391914230028,0.8436899867306882,0.7824231174571801,0.9520347179262791
2021-05-17 19:40:00,0.7803347280334728,-0.059760956175298974,0.5198808637379002,0.5543652919121587,0.3998900681839002,0.02917594654788419,0.5,0.5075045785453582,0.2995255842554884,0.15834391914230028,0.8436899867306882,0.7824231174571801,0.9244383421096309
2021-05-17 19:50:00,0.6715481171548118,0.12350597609561742,0.5157110945644079,0.5590073201214067,0.39280993574223605,0.005456570155902005,0.5,0.5075045785453582,0.2995255842554884,0.15834391914230028,0.8436899867306882,0.7824231174571801,0.8968420417339349
2021-05-17 20:00:00,0.5495118549511855,0.12350597609561742,0.5085629188384213,0.5729334047491519,0.40915574982659564,0.00011135857461024499,0.5,0.4865041726382593,0.30685877008221146,0.16577205643177778,0.7458590115315917,0.8278924163305446,0.6146098948353125
2021-05-17 20:10:00,0.7301255230125524,-0.02788844621513953,0.504393149664929,0.5718621674700946,0.43064480244990905,0.011692650334075724,0.5,0.4865041726382593,0.30685877008221146,0.16577205643177778,0.7458590115315917,0.8278924163305446,0.9883443728593629
2021-05-17 20:20:00,0.6450488145048815,-0.059760956175298974,0.5008190618019359,0.56579182288877,0.42925756762769757,0.00022271714922048998,0.5,0.4865041726382593,0.30685877008221146,0.16577205643177778,0.7458590115315917,0.8278924163305446,0.8096775653695852
2021-05-17 20:30:00,0.5843793584379359,-0.03585657370517936,0.4957557706626954,0.5686484556329228,0.4384447265446074,0.00022271714922048998,0.5,0.4865041726382593,0.30685877008221146,0.16577205643177778,0.7458590115315917,0.8278924163305446,0.6741554385382561
2021-05-17 20:40:00,0.5404463040446305,0.003984063745019917,0.49158600148920306,0.5686484556329228,0.437463192472288,0.000556792873051225,0.5,0.4865041726382593,0.30685877008221146,0.16577205643177778,0.7458590115315917,0.8278924163305446,0.5360683193264633
2021-05-17 20:50:00,0.6631799163179917,0.03585657370517925,0.48741623231571096,0.5643635065166934,0.45861197995053066,0.00033407572383073496,0.5,0.4865041726382593,0.30685877008221146,0.16577205643177778,0.7458590115315917,0.8278924163305446,0.8373417626024111
2021-05-17 21:00:00,0.5285913528591353,-0.15537848605577698,0.481459419210722,0.5543652919121587,0.47489235843006894,0.00033407572383073496,0.5,0.4692983143682108,0.3180510736852991,0.179615466605593,0.5340995539696649,0.921808503965973,0.538701208564057
2021-05-17 21:10:00,0.45397489539748953,-0.17131474103585675,0.474013402829486,0.5568648455632923,0.4571331352815694,0.00033407572383073496,0.5,0.4692983143682108,0.3180510736852991,0.179615466605593,0.5340995539696649,0.921808503965973,0.39150082230638084
2021-05-17 21:20:00,0.45327754532775455,0.17928286852589648,0.4665673864482498,0.5468666309587575,0.4615042336836319,0.00033407572383073496,0.5,0.4692983143682108,0.3180510736852991,0.179615466605593,0.5340995539696649,0.921808503965973,0.37582419240460496
2021-05-17 21:30:00,0.3584379358437936,-0.2828685258964144,0.4618019359642589,0.5375825745402605,0.46684377903704966,0.00033407572383073496,0.5,0.4692983143682108,0.3180510736852991,0.179615466605593,0.5340995539696649,0.921808503965973,0.21398826138781174
2021-05-17 21:40:00,0.39121338912133896,-0.21115537848605592,0.457036485480268,0.5257989644706302,0.4503932679849759,0.00033407572383073496,0.5,0.4692983143682108,0.3180510736852991,0.179615466605593,0.5340995539696649,0.921808503965973,0.2556693875703487
2021-05-17 21:50:00,0.31311018131101814,-0.3067729083665339,0.45227103499627686,0.5118728798428851,0.43547395008572065,0.00033407572383073496,0.5,0.4692983143682108,0.3180510736852991,0.179615466605593,0.5340995539696649,0.921808503965973,0.17098691853885964
2021-05-17 22:00:00,0.3410041841004184,-0.2749003984063746,0.44512285927029005,0.4847348687734334,0.4348326811584719,0.00033407572383073496,0.5,0.37700741405826044,0.3403351082018471,0.2862811086141411,0.460941204561217,0.9935459739693926,0.2111969461502482
2021-05-17 22:10:00,0.3814504881450488,-0.21115537848605592,0.4424422933730452,0.4668809141224781,0.42985957519205353,0.00033407572383073496,0.5,0.37700741405826044,0.3403351082018471,0.2862811086141411,0.460941204561217,0.9935459739693926,0.22909154005160162
2021-05-17 22:20:00,0.3542538354253836,0.043824701195219085,0.43737900223380466,0.45509730405284765,0.42360393137113767,0.00033407572383073496,0.5,0.37700741405826044,0.3403351082018471,0.2862811086141411,0.460941204561217,0.9935459739693926,0.20446761319914902
2021-05-17 22:30:00,0.15411436541143653,0.13784860557768908,0.43350707371556196,0.44188537761114066,0.4528405596052924,0.12338530066815145,0.5,0.37700741405826044,0.3403351082018471,0.2862811086141411,0.460941204561217,0.9935459739693926,0.02398267875733663
2021-05-17 22:40:00,0.16108786610878661,0.2318725099601593,0.4349962769918092,0.4658096768434208,0.5624059363180693,0.982293986636971,0.5,0.37700741405826044,0.3403351082018471,0.2862811086141411,0.460941204561217,0.9935459739693926,0.0
2021-05-17 22:50:00,0.1087866108786611,0.3258964143426295,0.4528667163067759,0.48580610605249075,0.5995995340984936,0.9995545657015591,0.5,0.37700741405826044,0.3403351082018471,0.2862811086141411,0.460941204561217,0.9935459739693926,0.0
2021-05-17 23:00:00,0.12273361227336123,0.4199203187250995,0.45554728220402074,0.4811640778432422,0.5995995340984936,0.9995545657015591,0.5,0.32558522164628845,0.3531279543227597,0.33192899372866114,0.34728827707047794,0.03492176522764127,0.0
2021-05-17 23:10:00,0.17433751743375175,0.5139442231075697,0.442144452717796,0.46938046777361175,0.6333381319443536,0.41347438752783966,0.5,0.32558522164628845,0.3531279543227597,0.33192899372866114,0.34728827707047794,0.03492176522764127,0.0
2021-05-17 23:20:00,0.16108786610878661,-0.553784860557769,0.45256887565152626,0.4611676486341725,0.6475507453115389,0.64543429844098,0.5,0.32558522164628845,0.3531279543227597,0.33192899372866114,0.34728827707047794,0.03492176522764127,0.0
2021-05-17 23:30:00,0.1617852161785216,0.20318725099601576,0.45554728220402074,0.4575968577039815,0.6475507453115389,0.2944320712694878,0.5,0.32558522164628845,0.3531279543227597,0.33192899372866114,0.34728827707047794,0.03492176522764127,0.0
2021-05-17 23:40:00,0.20502092050209206,0.5139442231075697,0.45673864482501836,0.45366898768077135,0.648715499077358,0.3893095768374165,0.5,0.32558522164628845,0.3531279543227597,0.33192899372866114,0.34728827707047794,0.03492176522764127,0.01624243704452525
2021-05-17 23:50:00,0.12552301255230125,-0.24302788844621515,0.42516753536857754,0.4508123549366183,0.6586224496473021,0.007015590200445435,0.5,0.32558522164628845,0.3531279543227597,0.33192899372866114,0.34728827707047794,0.03492176522764127,0.019018664091615494
2021-05-18 00:00:00,0.10808926080892609,-0.2589641434262949,0.39955323901712547,0.4190323156579181,0.6457316354975069,0.9870824053452116,0.5,0.29505777255394294,0.3538750657314357,0.37719022258034535,0.24938617781289063,0.03350577617629855,0.0
2021-05-18 00:10:00,0.10320781032078104,-0.2749003984063746,0.4192107222635888,0.4193893947509373,0.6457316354975069,0.9995545657015591,0.5,0.29505777255394294,0.3538750657314357,0.37719022258034535,0.24938617781289063,0.03350577617629855,0.0
2021-05-18 00:20:00,0.11436541143654114,-0.29083665338645437,0.42516753536857754,0.4176039992858418,0.6457316354975069,0.9995545657015591,0.5,0.29505777255394294,0.3538750657314357,0.37719022258034535,0.24938617781289063,0.03350577617629855,0.0
2021-05-18 00:30:00,0.0815899581589958,-0.3067729083665339,0.42189128816083366,0.4111765756114978,0.6457316354975069,0.9995545657015591,0.5,0.29505777255394294,0.3538750657314357,0.37719022258034535,0.24938617781289063,0.03350577617629855,0.0
2021-05-18 00:40:00,0.05369595536959554,-0.3227091633466136,0.41682799702159334,0.4036779146580969,0.6457316354975069,0.9995545657015591,0.5,0.29505777255394294,0.3538750657314357,0.37719022258034535,0.24938617781289063,0.03350577617629855,0.0
2021-05-18 00:50:00,0.0502092050209205,-0.33864541832669326,0.41444527177959767,0.39475093733261923,0.6457316354975069,0.9995545657015591,0.5,0.29505777255394294,0.3538750657314357,0.37719022258034535,0.24938617781289063,0.03350577617629855,0.0
2021-05-18 01:00:00,0.15411436541143653,-0.3545816733067729,0.41236038719285184,0.38760935547223707,0.6457316354975069,0.9995545657015591,0.5,0.25805668891206546,0.3635817670334207,0.41962666682898875,0.1856670044410616,0.9455370915853022,0.0
2021-05-18 01:10:00,0.06764295676429567,-0.3705179282868527,0.4075949367088605,0.3758257454026068,0.6457316354975069,0.9995545657015591,0.5,0.25805668891206546,0.3635817670334207,0.41962666682898875,0.1856670044410616,0.9455370915853022,0.0
2021-05-18 01:20:00,0.12133891213389121,-0.38645418326693237,0.4004467609828739,0.36868416354222466,0.6457316354975069,0.9995545657015591,0.5,0.25805668891206546,0.3635817670334207,0.41962666682898875,0.1856670044410616,0.9455370915853022,0.0
2021-05-18 01:30:00,0.18898186889818688,-0.40239043824701204,0.3968726731198806,0.36082842349580435,0.6214550261088063,0.9995545657015591,0.5,0.25805668891206546,0.3635817670334207,0.41962666682898875,0.1856670044410616,0.9455370915853022,0.0
2021-05-18 01:40:00,0.1094839609483961,-0.4183266932270917,0.3894266567386446,0.3654704517050529,0.5690149324050202,0.9995545657015591,0.5,0.25805668891206546,0.3635817670334207,0.41962666682898875,0.1856670044410616,0.9455370915853022,0.0
2021-05-18 01:50:00,0.3312412831241283,-0.4701195219123506,0.3849590469099031,0.3601142653097662,0.5107248956302103,0.9995545657015591,0.5,0.25805668891206546,0.3635817670334207,0.41962666682898875,0.1856670044410616,0.9455370915853022,0.0
2021-05-18 02:00:00,0.30264993026499304,-0.5219123505976095,0.38257632166790767,0.37868237814675965,0.3433667927392653,0.33207126948775056,0.5,0.2524625419790323,0.3669092863074588,0.4036186663795595,0.28418115754837164,0.8588133814549622,0.05636193551307391
2021-05-18 02:10:00,0.24546722454672246,0.41035856573705165,0.3909158600148921,0.38189608998393165,0.36312834539529654,0.00011135857461024499,0.5,0.2524625419790323,0.3669092863074588,0.4036186663795595,0.28418115754837164,0.8588133814549622,0.07873017788976568
2021-05-18 02:20:00,0.2649930264993026,0.6175298804780875,0.4040208488458674,0.39439385823960005,0.398515920482653,0.00011135857461024499,0.5,0.2524625419790323,0.3669092863074588,0.4036186663795595,0.28418115754837164,0.8588133814549622,0.09652669855304254
2021-05-18 02:30:00,0.25732217573221755,0.2669322709163344,0.3724497393894264,0.3661846098910908,0.41902343903364697,0.00011135857461024499,0.5,0.2524625419790323,0.3669092863074588,0.4036186663795595,0.28418115754837164,0.8588133814549622,0.10800126740799976
2021-05-18 02:40:00,0.29707112970711297,0.13147410358565725,0.33164556962025293,0.29726834493840393,0.4099671513263797,0.00011135857461024499,0.5,0.2524625419790323,0.3669092863074588,0.4036186663795595,0.28418115754837164,0.8588133814549622,0.14967484949530005
2021-05-18 02:50:00,0.29358437935843795,-0.4661354581673308,0.31705137751303036,0.2658453847527229,0.43125989713522916,0.00011135857461024499,0.5,0.2524625419790323,0.3669092863074588,0.4036186663795595,0.28418115754837164,0.8588133814549622,0.1447636434962355
2021-05-18 03:00:00,0.197350069735007,-0.7290836653386454,0.3110945644080414,0.25549009105516873,0.3977306932247974,0.00011135857461024499,0.5,0.2442464086227074,0.3877278330608279,0.39778737253436885,0.4463815212313676,0.8482092547518256,0.04794272522896329
2021-05-18 03:10:00,0.3138075313807531,-0.4661354581673308,0.3024571854058078,0.25370469559007325,0.33954535341770165,0.00011135857461024499,0.5,0.2442464086227074,0.3877278330608279,0.39778737253436885,0.4463815212313676,0.8482092547518256,0.17370279282405662
2021-05-18 03:20:00,0.4860529986052998,0.09163346613545809,0.29650037230081905,0.23477950366006062,0.3475154100849354,0.00011135857461024499,0.5,0.2442464086227074,0.3877278330608279,0.39778737253436885,0.4463815212313676,0.8482092547518256,0.43739155363097304
2021-05-18 03:30:00,0.5327754532775453,-0.05179282868525903,0.2830975428145941,0.21978218175325837,0.3615055423957284,0.00011135857461024499,0.5,0.2442464086227074,0.3877278330608279,0.39778737253436885,0.4463815212313676,0.8482092547518256,0.5913665374111683
2021-05-18 03:40:00,0.5627615062761506,0.14741035856573692,0.27326880119136243,0.2079985716836279,0.36180654617790636,0.00033407572383073496,0.5,0.2442464086227074,0.3877278330608279,0.39778737253436885,0.4463815212313676,0.8482092547518256,0.6750230094904718
2021-05-18 03:50:00,0.48465829846582986,-0.17131474103585675,0.26641846612062525,0.20442778075343693,0.37273429218306264,0.00044543429844097997,0.5,0.2442464086227074,0.3877278330608279,0.39778737253436885,0.4463815212313676,0.8482092547518256,0.48454969295532385
2021-05-18 04:00:00,0.4874476987447699,-0.42629482071713154,0.2598659717051375,0.20442778075343693,0.3617541976940493,0.006792873051224944,0.5,0.22245616820363256,0.3921788929533028,0.4377101072251459,0.5054878740399206,0.8375545873190259,0.44780994915279815
2021-05-18 04:10:00,0.4435146443514645,-0.019920318725099695,0.2530156366344005,0.20192822710230307,0.35025061836646554,0.005456570155902005,0.5,0.22245616820363256,0.3921788929533028,0.4377101072251459,0.5054878740399206,0.8375545873190259,0.3708224572627005
2021-05-18 04:20:00,0.3612273361227336,0.09960159362549792,0.24586746090841394,0.19942867345116966,0.346887228278651,0.00022271714922048998,0.5,0.22245616820363256,0.3921788929533028,0.4377101072251459,0.5054878740399206,0.8375545873190259,0.242218265763387
2021-05-18 04:30:00,0.4860529986052998,0.11553784860557759,0.24229337304542042,0.18657382610248163,0.358351546243342,0.00022271714922048998,0.5,0.22245616820363256,0.3921788929533028,0.4377101072251459,0.5054878740399206,0.8375545873190259,0.4417595847729982
2021-05-18 04:40:00,0.48535564853556484,-0.07569721115537853,0.23603871928518227,0.18014640242813784,0.3615578908795854,0.00022271714922048998,0.5,0.22245616820363256,0.3921788929533028,0.4377101072251459,0.5054878740399206,0.8375545873190259,0.4446866937248216
2021-05-18 04:50:00,0.4735006973500697,0.05179282868525892,0.23365599404318682,0.17550437421888954,0.35553781523602623,0.00022271714922048998,0.5,0.22245616820363256,0.3921788929533028,0.4377101072251459,0.5054878740399206,0.8375545873190259,0.4165698507777962
2021-05-18 05:00:00,0.41352859135285913,0.20318725099601576,0.2288905435591957,0.17229066238171753,0.36303673554854665,0.00022271714922048998,0.5,0.21722847166471593,0.40089423488608056,0.4476306492997261,0.4470813975171117,0.8137362815336533,0.3094889629886688
2021-05-18 05:10:00,0.41562064156206413,0.2828685258964143,0.22710349962769927,0.17229066238171753,0.4025860151025376,0.00022271714922048998,0.5,0.21722847166471593,0.40089423488608056,0.4476306492997261,0.4470813975171117,0.8137362815336533,0.32841709793744434
2021-05-18 05:20:00,0.3186889818688982,0.21912350597609564,0.23514519731943406,0.17371897875379383,0.4241405033306723,0.00022271714922048998,0.5,0.21722847166471593,0.40089423488608056,0.4476306492997261,0.4470813975171117,0.8137362815336533,0.17899120358495405
2021-05-18 05:30:00,0.5202231520223152,0.08366533864541825,0.23752792256142952,0.17836100696304236,0.45887372236981583,0.00033407572383073496,0.5,0.21722847166471593,0.40089423488608056,0.4476306492997261,0.4470813975171117,0.8137362815336533,0.5228208880908912
2021-05-18 05:40:00,0.5299860529986052,0.2111553784860556,0.23544303797468324,0.1662203178003927,0.46929107065736614,0.00011135857461024499,0.5,0.21722847166471593,0.40089423488608056,0.4476306492997261,0.4470813975171117,0.8137362815336533,0.5566787875130136
2021-05-18 05:50:00,0.38772663877266383,0.019920318725099362,0.2291883842144451,0.1647920014283164,0.47989163863841594,0.00022271714922048998,0.5,0.21722847166471593,0.40089423488608056,0.4476306492997261,0.4470813975171117,0.8137362815336533,0.2792522292801425
2021-05-18 06:00:00,0.29288702928870297,0.09163346613545809,0.22650781831720024,0.16264952687020195,0.4804805590818076,0.00033407572383073496,0.5,0.15491125910247505,0.41041128483047695,0.6031936615257488,0.3563985122472863,0.7788300662951408,0.15208141587579402
2021-05-18 06:10:00,0.6868898186889818,0.2350597609561753,0.2256142963514518,0.15907873594001076,0.4835036840245515,0.010801781737193764,0.5,0.15491125910247505,0.41041128483047695,0.6031936615257488,0.3563985122472863,0.7788300662951408,0.9248909878238303
2021-05-18 06:20:00,0.6736401673640168,0.17131474103585642,0.2291883842144451,0.1519371540796286,0.4929918467236393,0.02149220489977728,0.5,0.15491125910247505,0.41041128483047695,0.6031936615257488,0.3563985122472863,0.7788300662951408,0.8191604930820646
2021-05-18 06:30:00,0.6422594142259415,-0.6972111553784861,0.2253164556962024,0.16336368505623988,0.4466372642682336,0.3149220489977729,0.5,0.15491125910247505,0.41041128483047695,0.6031936615257488,0.3563985122472863,0.7788300662951408,0.5098148679028924
2021-05-18 06:40:00,0.8751743375174338,-0.059760956175298974,0.22055100521221127,0.1469380467773611,0.4563740822656424,0.06057906458797328,0.5,0.15491125910247505,0.41041128483047695,0.6031936615257488,0.3563985122472863,0.7788300662951408,0.6346772183412044
2021-05-18 06:50:00,0.8263598326359832,0.05976095617529875,0.21280714817572588,0.13979646491697917,0.4464933059376268,0.05033407572383073,0.5,0.15491125910247505,0.41041128483047695,0.6031936615257488,0.3563985122472863,0.7788300662951408,0.7595395461472306
2021-05-18 07:00:00,0.6520223152022315,0.346613545816733,0.20923306031273237,0.13551151580074983,0.44990904450929836,0.0028953229398663697,0.5,0.16056240646542985,0.42831609708999985,0.6669527593294932,0.42318365961933796,0.7389193923950548,0.8844018286886853
2021-05-18 07:10:00,0.6213389121338913,-0.3466135458167332,0.19940431868950093,0.15158007498660964,0.4557328133383937,0.00033407572383073496,0.5,0.16056240646542985,0.42831609708999985,0.6669527593294932,0.42318365961933796,0.7389193923950548,0.7940839205154125
2021-05-18 07:20:00,0.6366806136680614,-0.03585657370517936,0.19583023082650763,0.1601499732190681,0.44692518092944733,0.0014476614699331849,0.5,0.16056240646542985,0.42831609708999985,0.6669527593294932,0.42318365961933796,0.7389193923950548,0.867850083739457
2021-05-18 07:30:00,0.5271966527196652,0.2828685258964143,0.19314966492926278,0.15586502410283876,0.45679287013649866,0.00011135857461024499,0.5,0.16056240646542985,0.42831609708999985,0.6669527593294932,0.42318365961933796,0.7389193923950548,0.5732607088431885
2021-05-18 07:40:00,0.500697350069735,-0.19521912350597614,0.1868950111690244,0.1647920014283164,0.4568059572574629,0.00022271714922048998,0.5,0.16056240646542985,0.42831609708999985,0.6669527593294932,0.42318365961933796,0.7389193923950548,0.5081099023794077
2021-05-18 07:50:00,0.4205020920502092,-0.1872509960159363,0.18361876396128052,0.1651490805213356,0.44772349530826716,0.00022271714922048998,0.5,0.16056240646542985,0.42831609708999985,0.6669527593294932,0.42318365961933796,0.7389193923950548,0.3124915128928588
2021-05-18 08:00:00,0.44421199442119946,-0.03585657370517936,0.17795979151154118,0.15586502410283876,0.4455772074701287,0.00022271714922048998,0.5,0.15089684789957247,0.43780153847480224,0.7261142110823623,0.5218011943980402,0.6896292279748616,0.34897475745733814
2021-05-18 08:10:00,0.37935843793584384,-0.17928286852589637,0.1714072970960534,0.14336725584717036,0.4455772074701287,0.00033407572383073496,0.5,0.15089684789957247,0.43780153847480224,0.7261142110823623,0.5218011943980402,0.6896292279748616,0.2733301145193657
2021-05-18 08:20:00,0.4344490934449094,-0.2828685258964144,0.16485480268056585,0.13372612033565434,0.4364554841580401,0.00033407572383073496,0.5,0.15089684789957247,0.43780153847480224,0.7261142110823623,0.5218011943980402,0.6896292279748616,0.3860615296407502
2021-05-18 08:30:00,0.4804741980474198,-0.01195219123505975,0.1591958302308265,0.11944295661489024,0.4381829841253223,0.00044543429844097997,0.5,0.15089684789957247,0.43780153847480224,0.7261142110823623,0.5218011943980402,0.6896292279748616,0.47676418667109255
2021-05-18 08:40:00,0.5153417015341701,-0.4900398406374503,0.148175725986597,0.10801642563827896,0.4342568478360446,0.00022271714922048998,0.5,0.15089684789957247,0.43780153847480224,0.7261142110823623,0.5218011943980402,0.6896292279748616,0.5325904914223637
2021-05-18 08:50:00,0.34658298465829845,0.10756972111553775,0.13536857781087108,0.09194786645241915,0.4400413553022471,0.00011135857461024499,0.5,0.15089684789957247,0.43780153847480224,0.7261142110823623,0.5218011943980402,0.6896292279748616,0.20603678500837397
2021-05-18 09:00:00,0.25732217573221755,-0.3784860557768924,0.1332836932241248,0.08052133547580786,0.4399235712135687,0.00022271714922048998,0.5,0.14895886663533697,0.44427841968695997,0.7478488837250178,0.7145701215064375,0.7012576085454784,0.1078503855032666
2021-05-18 09:10:00,0.18479776847977683,-0.4103585657370519,0.1359642591213699,0.08444920549901802,0.41535904516365446,0.00033407572383073496,0.5,0.14895886663533697,0.44427841968695997,0.7478488837250178,0.7145701215064375,0.7012576085454784,0.05792356322706218
2021-05-18 09:20:00,0.18898186889818688,0.5776892430278884,0.14043186895011162,0.09194786645241915,0.41745298451793594,0.00022271714922048998,0.5,0.14895886663533697,0.44427841968695997,0.7478488837250178,0.7145701215064375,0.7012576085454784,0.05848182627457489
2021-05-18 09:30:00,0.11785216178521618,0.13147410358565725,0.14221891288160804,0.09551865738261034,0.44446480218816664,0.00033407572383073496,0.5,0.14895886663533697,0.44427841968695997,0.7478488837250178,0.7145701215064375,0.7012576085454784,0.01964482399625813
2021-05-18 09:40:00,0.0815899581589958,0.49003984063745,0.14638868205510036,0.10444563470808776,0.44446480218816664,0.3918708240534521,0.5,0.14895886663533697,0.44427841968695997,0.7478488837250178,0.7145701215064375,0.7012576085454784,0.0
2021-05-18 09:50:00,0.10251046025104603,0.7051792828685257,0.16455696202531622,0.12444206391715773,0.44446480218816664,0.9995545657015591,0.5,0.14895886663533697,0.44427841968695997,0.7478488837250178,0.7145701215064375,0.7012576085454784,0.0
2021-05-18 10:00:00,0.12203626220362622,0.19521912350597592,0.1860014892032762,0.15765041956793446,0.44446480218816664,0.9995545657015591,0.5,0.19694462353200537,0.44652837442925014,0.664289028663416,0.7955538170213022,0.7272617132896773,0.0
2021-05-18 10:10:00,0.08507670850767085,0.17397078353253637,0.2014892032762472,0.17229066238171753,0.44446480218816664,0.9995545657015591,0.5,0.19694462353200537,0.44652837442925014,0.664289028663416,0.7955538170213022,0.7272617132896773,0.0
2021-05-18 10:20:00,0.08716875871687588,0.1527224435590968,0.21667907669396835,0.18050348152115703,0.44446480218816664,0.9995545657015591,0.5,0.19694462353200537,0.44652837442925014,0.664289028663416,0.7955538170213022,0.7272617132896773,0.0
2021-05-18 10:30:00,0.08716875871687588,0.13147410358565725,0.23216679076693958,0.18943045884663468,0.44446480218816664,0.9995545657015591,0.5,0.19694462353200537,0.44652837442925014,0.664289028663416,0.7955538170213022,0.7272617132896773,0.0
2021-05-18 10:40:00,0.09832635983263598,0.1102257636122177,0.24646314221891252,0.20835565077664708,0.44446480218816664,0.9995545657015591,0.5,0.19694462353200537,0.44652837442925014,0.664289028663416,0.7955538170213022,0.7272617132896773,0.0
2021-05-18 10:50:00,0.23430962343096234,0.08897742363877814,0.26165301563663435,0.22371005177646874,0.42098650717828584,0.9995545657015591,0.5,0.19694462353200537,0.44652837442925014,0.664289028663416,0.7955538170213022,0.7272617132896773,0.0
2021-05-18 11:00:00,0.28451882845188287,0.06772908366533859,0.2717795979151154,0.23085163363685046,0.31182683121540095,0.1526726057906459,0.5,0.21852317189215076,0.4388072653711003,0.6337217523124873,0.8087096432515646,0.7293325238565644,0.08867329541168129
2021-05-18 11:10:00,0.9163179916317992,0.2828685258964143,0.2530156366344005,0.20835565077664708,0.3501851827616443,0.08775055679287305,0.5,0.21852317189215076,0.4388072653711003,0.6337217523124873,0.8087096432515646,0.7293325238565644,0.4858623655265024
2021-05-18 11:20:00,0.6464435146443515,0.10756972111553775,0.17647058823529393,0.13408319942867353,0.3674601824344662,0.00757238307349666,0.5,0.21852317189215076,0.4388072653711003,0.6337217523124873,0.8087096432515646,0.7293325238565644,0.8830514356413236
2021-05-18 11:30:00,0.7475592747559275,0.1633466135458166,0.14519731943410275,0.09801821103374397,0.37379434898116765,0.03351893095768374,0.5,0.21852317189215076,0.4388072653711003,0.6337217523124873,0.8087096432515646,0.7293325238565644,0.9034487831374383
2021-05-18 11:40:00,0.7224546722454672,0.22709163346613526,0.13030528667163077,0.07373683270844489,0.3847090078653597,0.022048997772828507,0.5,0.21852317189215076,0.4388072653711003,0.6337217523124873,0.8087096432515646,0.7293325238565644,0.9238461306335531
2021-05-18 11:50:00,0.9163179916317992,-0.059760956175298974,0.12285927029039456,0.062310301731833606,0.39103008729109684,0.08630289532293987,0.5,0.21852317189215076,0.4388072653711003,0.6337217523124873,0.8087096432515646,0.7293325238565644,0.9442435535706203
2021-05-18 12:00:00,0.703626220362622,-0.2749003984063746,0.1243484735666418,0.06480985538296746,0.38252345866432846,0.029398663697104678,0.5,0.22221189017628107,0.43571824704675627,0.6431215955955932,0.8754161807737907,0.7156973988632241,0.9646408256257828
2021-05-18 12:10:00,0.3242677824267783,-0.09960159362549814,0.12345495160089337,0.07945009819675053,0.3746973603277015,0.00011135857461024499,0.5,0.22221189017628107,0.43571824704675627,0.6431215955955932,0.8754161807737907,0.7156973988632241,0.1842117174887216
2021-05-18 12:20:00,0.3312412831241283,-0.14741035856573714,0.13298585256887563,0.0973040528477056,0.3837536480349688,0.00011135857461024499,0.5,0.22221189017628107,0.43571824704675627,0.6431215955955932,0.8754161807737907,0.7156973988632241,0.1838646891078353
2021-05-18 12:30:00,0.4393305439330544,0.17928286852589648,0.14966492926284403,0.11158721656847015,0.3928753713470574,0.00022271714922048998,0.5,0.22221189017628107,0.43571824704675627,0.6431215955955932,0.8754161807737907,0.7156973988632241,0.39456372497246406
2021-05-18 12:40:00,0.49721059972105996,-0.0916334661354582,0.15860014892032748,0.11658632387073742,0.40547826883563887,0.00011135857461024499,0.5,0.22221189017628107,0.43571824704675627,0.6431215955955932,0.8754161807737907,0.7156973988632241,0.5096413537124492
2021-05-18 12:50:00,0.5481171548117155,-0.2589641434262948,0.15711094564408024,0.12658453847527218,0.3532737433092094,0.00011135857461024499,0.5,0.22221189017628107,0.43571824704675627,0.6431215955955932,0.8754161807737907,0.7156973988632241,0.6136291624545468
2021-05-18 13:00:00,0.4867503486750349,0.05179282868525892,0.1443037974683543,0.1151580074986609,0.35447775843792123,0.00011135857461024499,0.5,0.2548158359134727,0.42086797104655865,0.6019246325909507,0.9308607611102,0.7202409705853451,0.48709959714531437
2021-05-18 13:10:00,0.5013947001394701,0.17928286852589648,0.14609084139985096,0.11123013747545074,0.36303673554854665,0.00022271714922048998,0.5,0.2548158359134727,0.42086797104655865,0.6019246325909507,0.9308607611102,0.7202409705853451,0.5256348356141648
2021-05-18 13:20:00,0.4198047419804742,-0.06772908366533881,0.14519731943410275,0.10123192287091598,0.36971116724031877,0.00011135857461024499,0.5,0.2548158359134727,0.42086797104655865,0.6019246325909507,0.9308607611102,0.7202409705853451,0.33179685260346725
2021-05-18 13:30:00,0.4456066945606694,0.11553784860557759,0.14996276991809365,0.09409034101053382,0.35814215230791374,0.00011135857461024499,0.5,0.2548158359134727,0.42086797104655865,0.6019246325909507,0.9308607611102,0.7202409705853451,0.3989996529716191
2021-05-18 13:40:00,0.41283124128312415,0.17928286852589648,0.16068503350707353,0.10480271380110695,0.3653008074753635,0.00011135857461024499,0.5,0.2548158359134727,0.42086797104655865,0.6019246325909507,0.9308607611102,0.7202409705853451,0.339529550221042
2021-05-18 13:50:00,0.40376569037656906,-0.15537848605577698,0.16753536857781093,0.11408677021960378,0.3596471712188036,0.00011135857461024499,0.5,0.2548158359134727,0.42086797104655865,0.6019246325909507,0.9308607611102,0.7202409705853451,0.31295924679753157
2021-05-18 14:00:00,0.3765690376569038,0.027888446215139417,0.171109456440804,0.11908587752187128,0.3678789703053226,0.00011135857461024499,0.5,0.24929496571802678,0.3991126615269249,0.5869133911529648,0.9394169844425623,0.7310792296465529,0.27677022194728185
2021-05-18 14:10:00,0.47698744769874474,-0.019920318725099695,0.17706626954579274,0.12444206391715773,0.3853371896716441,0.00022271714922048998,0.5,0.24929496571802678,0.3991126615269249,0.5869133911529648,0.9394169844425623,0.7310792296465529,0.4923880079062118
2021-05-18 14:20:00,0.5418410041841004,-0.3067729083665339,0.16098287416232293,0.10908766291733629,0.3851147086152517,0.00044543429844097997,0.5,0.24929496571802678,0.3991126615269249,0.5869133911529648,0.9394169844425623,0.7310792296465529,0.7027852799613743
2021-05-18 14:30:00,0.44839609483960946,-0.40239043824701204,0.12643335815338785,0.0815925727548652,0.3598434780332675,0.00044543429844097997,0.5,0.24929496571802678,0.3991126615269249,0.5869133911529648,0.9394169844425623,0.7310792296465529,0.43791964029753916
2021-05-18 14:40:00,0.29218967921896793,0.17928286852589648,0.11094564408041685,0.06195322263881464,0.35790658413055715,0.00044543429844097997,0.5,0.24929496571802678,0.3991126615269249,0.5869133911529648,0.9394169844425623,0.7310792296465529,0.15754334082713461
2021-05-18 14:50:00,0.26673640167364016,0.0,0.10379746835443027,0.050348152115693656,0.38767978432424655,0.006124721046770602,0.5,0.24929496571802678,0.3991126615269249,0.5869133911529648,0.9394169844425623,0.7310792296465529,0.1295245711181858
2021-05-18 15:00:00,0.2412831241283124,-0.17928286852589637,0.09664929262844368,0.03874308159257289,0.41745298451793594,0.01180400890868597,0.5,0.2481224045042678,0.393765067944037,0.5847410652158116,0.907729575477752,0.7405805353153212,0.101505801409237
2021-05-18 15:10:00,0.499302649930265,-0.1872509960159363,0.10379746835443027,0.03802892340653452,0.41764929133239975,0.03752783964365256,0.5,0.2481224045042678,0.393765067944037,0.5847410652158116,0.907729575477752,0.7405805353153212,0.4200703109676057
2021-05-18 15:20:00,0.45258019525801957,0.17131474103585642,0.11183916604616506,0.04017139796464919,0.40906413997984586,0.006347438752783964,0.5,0.2481224045042678,0.393765067944037,0.5847410652158116,0.907729575477752,0.7405805353153212,0.39782277411470046
2021-05-18 15:30:00,0.3577405857740586,-0.06772908366533881,0.12643335815338785,0.049455454383146025,0.40606718927903046,0.0038975501113585743,0.5,0.2481224045042678,0.393765067944037,0.5847410652158116,0.907729575477752,0.7405805353153212,0.2507732697617575
2021-05-18 15:40:00,0.3235704323570432,-0.02788844621513953,0.14698436336559917,0.07016604177825392,0.40822656423813325,0.004788418708240535,0.5,0.2481224045042678,0.393765067944037,0.5847410652158116,0.907729575477752,0.7405805353153212,0.19325708767747485
2021-05-18 15:50:00,0.2775453277545328,-0.21115537848605592,0.17021593447505579,0.08873415461524736,0.4058185339807096,0.0024498886414253897,0.5,0.2481224045042678,0.393765067944037,0.5847410652158116,0.907729575477752,0.7405805353153212,0.12977352626099553
2021-05-18 16:00:00,0.44002789400278935,0.003984063745019917,0.19344750558451218,0.10944474201035526,0.39998167803065005,0.09242761692650335,0.5,0.2806204875354503,0.3691707350714233,0.5617055332933362,0.8558159742037764,0.76222805167016,0.17232222339574815
2021-05-18 16:10:00,0.4121338912133891,-0.043824701195219196,0.20744601638123594,0.11158721656847015,0.4078470377301697,0.07561247216035635,0.5,0.2806204875354503,0.3691707350714233,0.5617055332933362,0.8558159742037764,0.76222805167016,0.17162062253873894
2021-05-18 16:20:00,0.40794979079497906,-0.21115537848605592,0.2253164556962024,0.12729869666131055,0.3820654094305794,0.06648106904231625,0.5,0.2806204875354503,0.3691707350714233,0.5617055332933362,0.8558159742037764,0.76222805167016,0.17340857310982696
2021-05-18 16:30:00,0.4602510460251046,-0.03585657370517936,0.23782576321667914,0.14479557221924666,0.39087304183952576,0.07216035634743875,0.5,0.2806204875354503,0.3691707350714233,0.5617055332933362,0.8558159742037764,0.76222805167016,0.1947281862486232
2021-05-18 16:40:00,0.49721059972105996,-0.043824701195219196,0.24586746090841394,0.15479378682378164,0.3795265079635131,0.08207126948775056,0.5,0.2806204875354503,0.3691707350714233,0.5617055332933362,0.8558159742037764,0.76222805167016,0.23575297614557086
2021-05-18 16:50:00,0.5425383542538355,-0.003984063745020028,0.24408041697691707,0.15122299589359045,0.3704440460143173,0.07951002227171491,0.5,0.2806204875354503,0.3691707350714233,0.5617055332933362,0.8558159742037764,0.76222805167016,0.306327987084509
2021-05-18 17:00:00,0.5613668061366807,0.31474103585657365,0.23812360387192832,0.13801106945188346,0.37543023910170004,0.08106904231625836,0.5,0.2958150544505862,0.36860465450407803,0.5312948723850452,0.8247731750483467,0.7839254301914941,0.3232041281289135
2021-05-18 17:10:00,0.7447698744769874,0.8804780876494025,0.21995532390171224,0.13229780396357804,0.4613864495949536,0.3883073496659243,0.5,0.2958150544505862,0.36860465450407803,0.5312948723850452,0.8247731750483467,0.7839254301914941,0.19795705900991292
2021-05-18 17:20:00,0.4281729428172943,-0.2589641434262948,0.14847356664184663,0.07230851633636859,0.4679430971980474,0.03518930957683742,0.5,0.2958150544505862,0.36860465450407803,0.5312948723850452,0.8247731750483467,0.7839254301914941,0.2900553736590371
2021-05-18 17:30:00,0.22315202231520226,-0.31474103585657376,0.11988086373789986,0.029101946081057095,0.44560338171205716,0.00033407572383073496,0.5,0.2958150544505862,0.36860465450407803,0.5312948723850452,0.8247731750483467,0.7839254301914941,0.08373191303167012
2021-05-18 17:40:00,0.3096234309623431,-0.07569721115537853,0.1243484735666418,0.009462595965006315,0.42687571161220245,0.025167037861915365,0.5,0.2958150544505862,0.36860465450407803,0.5312948723850452,0.8247731750483467,0.7839254301914941,0.13846432397362585
2021-05-18 17:50:00,0.39400278940027894,0.11553784860557759,0.12285927029039456,0.00839135868594898,0.4412061090680661,0.059465478841870825,0.5,0.2958150544505862,0.36860465450407803,0.5312948723850452,0.8247731750483467,0.7839254301914941,0.17192993044344193
2021-05-18 18:00:00,0.5146443514644351,-0.38645418326693237,0.12107222635889792,0.009462595965006315,0.3979008257973329,0.04732739420935412,0.5,0.22167443849240032,0.3992505897869874,0.6185991680739864,0.8223041296213937,0.7698250089874676,0.3645155936448542
2021-05-18 18:10:00,0.4211994421199442,-0.31474103585657376,0.11362620997766193,0.007320121406891644,0.3759406368193061,0.00623608017817372,0.5,0.22167443849240032,0.3992505897869874,0.6185991680739864,0.8223041296213937,0.7698250089874676,0.38714787935482897
2021-05-18 18:20:00,0.4344490934449094,-0.06772908366533881,0.10230826507818302,-0.006248884127834309,0.3311041603957545,0.026280623608017816,0.5,0.22167443849240032,0.3992505897869874,0.6185991680739864,0.8223041296213937,0.7698250089874676,0.3738929040240204
2021-05-18 18:30:00,0.4065550906555091,0.07569721115537842,0.101712583767684,-0.00910551687198713,0.31339728573111203,0.011135857461024499,0.5,0.22167443849240032,0.3992505897869874,0.6185991680739864,0.8223041296213937,0.7698250089874676,0.3063128988940356
2021-05-18 18:40:00,0.44002789400278935,0.1872509960159361,0.10081906180193578,-0.009462595965006093,0.3294028346704008,0.014810690423162584,0.5,0.22167443849240032,0.3992505897869874,0.6185991680739864,0.8223041296213937,0.7698250089874676,0.36237307059764323
2021-05-18 18:50:00,0.29428172942817293,0.15537848605577675,0.08890543559195829,-0.01981788966256015,0.34132520186884086,0.01893095768374165,0.5,0.22167443849240032,0.3992505897869874,0.6185991680739864,0.8223041296213937,0.7698250089874676,0.1454501561627714
2021-05-18 19:00:00,0.34658298465829845,-0.33067729083665354,0.07163067758749042,-0.029816104267095023,0.3250448233893026,0.006124721603563475,0.5,0.24510955322536043,0.3996040309533996,0.5567580070754672,0.8104280301585617,0.7422024157704076,0.20486745024669192
2021-05-18 19:10:00,0.3242677824267783,-0.50597609561753,0.07103499627699161,-0.031244420639171433,0.30622554344269803,0.0014476614699331849,0.5,0.24510955322536043,0.3996040309533996,0.5567580070754672,0.8104280301585617,0.7422024157704076,0.16421986511157718
2021-05-18 19:20:00,0.3368200836820084,0.003984063745019917,0.07788533134772879,-0.031244420639171433,0.30135713444399365,0.01648106904231626,0.5,0.24510955322536043,0.3996040309533996,0.5567580070754672,0.8104280301585617,0.7422024157704076,0.1648686573019298
2021-05-18 19:30:00,0.23500697350069735,0.019920318725099362,0.09128816083395375,-0.02624531333690394,0.30135713444399365,0.00022271714922048998,0.5,0.24510955322536043,0.3996040309533996,0.5567580070754672,0.8104280301585617,0.7422024157704076,0.0941276762677852
2021-05-18 19:40:00,0.21617852161785217,0.346613545816733,0.10558451228592691,-0.015175861453311956,0.31114630092525947,0.00033407572383073496,0.5,0.24510955322536043,0.3996040309533996,0.5567580070754672,0.8104280301585617,0.7422024157704076,0.08200431522247538
2021-05-18 19:50:00,0.19525801952580193,0.6573705179282865,0.11243484735666387,-0.005177646848776973,0.31520330842417976,0.00022271714922048998,0.5,0.24510955322536043,0.3996040309533996,0.5567580070754672,0.8104280301585617,0.7422024157704076,0.07015254160568522
2021-05-18 20:00:00,0.300557880055788,0.3705179282868525,0.1174981384959044,-0.001963935011604967,0.3266676263888707,0.00033407572383073496,0.5,0.26007611842081113,0.40026493719953915,0.49782190402022336,0.7719694155439142,0.7239354422104234,0.1429379724489642
2021-05-18 20:10:00,0.2670850767085077,0.15537848605577675,0.12405063291139218,-0.0026780931976432276,0.3374121527005274,0.00033407572383073496,0.5,0.26007611842081113,0.40026493719953915,0.49782190402022336,0.7719694155439142,0.7239354422104234,0.13402085187923413
2021-05-18 20:20:00,0.3633193863319386,0.01195219123505975,0.12643335815338785,-0.0026780931976432276,0.33479472850767555,0.0066815144766146995,0.5,0.26007611842081113,0.40026493719953915,0.49782190402022336,0.7719694155439142,0.7239354422104234,0.2492719948096625
2021-05-18 20:30:00,0.396792189679219,0.2111553784860556,0.1291139240506327,-0.0048205677557580096,0.34833989870568377,0.00824053452115813,0.5,0.26007611842081113,0.40026493719953915,0.49782190402022336,0.7719694155439142,0.7239354422104234,0.2683510116631712
2021-05-18 20:40:00,0.42329149232914925,-0.13147410358565736,0.1365599404318687,0.004106409569719638,0.352697909986782,0.008017817371937639,0.5,0.26007611842081113,0.40026493719953915,0.49782190402022336,0.7719694155439142,0.7239354422104234,0.32059387117702975
2021-05-18 20:50:00,0.4065550906555091,-0.0916334661354582,0.1434102755026061,0.015175861453311956,0.352697909986782,0.002561247216035635,0.5,0.26007611842081113,0.40026493719953915,0.49782190402022336,0.7719694155439142,0.7239354422104234,0.30306139384703595
2021-05-18 21:00:00,0.41492329149232915,0.13147410358565725,0.14996276991809365,0.02231744331369412,0.35930690607373283,0.0073496659242761695,0.5,0.2545878341937875,0.40133962822587055,0.4968418844730943,0.6696599843115135,0.6945110659371498,0.3168972645110672
2021-05-18 21:10:00,0.3326359832635983,0.22709163346613526,0.15591958302308262,0.029101946081057095,0.36463336430618626,0.000556792873051225,0.5,0.2545878341937875,0.40133962822587055,0.4968418844730943,0.6696599843115135,0.6945110659371498,0.21161941548350105
2021-05-18 21:20:00,0.3507670850767085,0.22709163346613526,0.15711094564408024,0.02945902517407606,0.37957885644737016,0.0012249443207126948,0.5,0.2545878341937875,0.40133962822587055,0.4968418844730943,0.6696599843115135,0.6945110659371498,0.2100728759599861
2021-05-18 21:30:00,0.6582984658298465,0.1872509960159361,0.15323901712583754,0.02945902517407606,0.45051105207365433,0.027616926503340758,0.5,0.2545878341937875,0.40133962822587055,0.4968418844730943,0.6696599843115135,0.6945110659371498,0.7396532733829232
2021-05-18 21:40:00,0.49581589958159,-0.29083665338645437,0.15055845122859246,0.03302981610426703,0.4366256167305754,0.002561247216035635,0.5,0.2545878341937875,0.40133962822587055,0.4968418844730943,0.6696599843115135,0.6945110659371498,0.46723599438719315
2021-05-18 21:50:00,0.33333333333333337,0.13147410358565725,0.15860014892032748,0.046598821638993204,0.4201489314365733,0.0089086859688196,0.5,0.2545878341937875,0.40133962822587055,0.4968418844730943,0.6696599843115135,0.6945110659371498,0.16810507415845619
2021-05-18 22:00:00,0.33333333333333337,-0.45019920318725104,0.15174981384959052,0.05124084984824129,0.4099671513263797,0.022160356347438754,0.5,0.2141260339874651,0.41386523834290745,0.5467840762548543,0.6388758698752393,0.677692642179319,0.15634382968450594
2021-05-18 22:10:00,0.2649930264993026,-0.4661354581673308,0.15740878629932964,0.04874129619710765,0.38334794728507676,0.00033407572383073496,0.5,0.2141260339874651,0.41386523834290745,0.5467840762548543,0.6388758698752393,0.677692642179319,0.09674547731490564
2021-05-18 22:20:00,0.303347280334728,-0.3944223107569722,0.16068503350707353,0.05409748259239433,0.3265367551792281,0.00044543429844097997,0.5,0.2141260339874651,0.41386523834290745,0.5467840762548543,0.6388758698752393,0.677692642179319,0.14964467311435342
2021-05-18 22:30:00,0.3054393305439331,0.2828685258964143,0.16574832464631406,0.050883770755222324,0.3236314143251626,0.00044543429844097997,0.5,0.2141260339874651,0.41386523834290745,0.5467840762548543,0.6388758698752393,0.677692642179319,0.163472999683148
2021-05-18 22:40:00,0.2733612273361227,0.5776892430278884,0.16842889054355892,0.050883770755222324,0.33811885723259744,0.00044543429844097997,0.5,0.2141260339874651,0.41386523834290745,0.5467840762548543,0.6388758698752393,0.677692642179319,0.12958492388007908
2021-05-18 22:50:00,0.34239888423988846,0.4581673306772909,0.16902457185405795,0.046241742545973796,0.35131067516457054,0.00044543429844097997,0.5,0.2141260339874651,0.41386523834290745,0.5467840762548543,0.6388758698752393,0.677692642179319,0.19416992320111048
2021-05-18 23:00:00,0.29218967921896793,0.593625498007968,0.16902457185405795,0.0433851098018212,0.35131067516457054,0.00044543429844097997,0.5,0.18196181538197775,0.43221544394222033,0.5785587498765148,0.6727376571208994,0.6727374099133445,0.1453822593056415
2021-05-18 23:10:00,0.43165969316596936,0.47410358565737054,0.16604616530156346,0.041956793429744677,0.35131067516457054,0.00044543429844097997,0.5,0.18196181538197775,0.43221544394222033,0.5785587498765148,0.6727376571208994,0.6727374099133445,0.337145616126258
2021-05-18 23:20:00,0.43235704323570434,0.14741035856573692,0.16604616530156346,0.04374218889484016,0.3570559212678803,0.00044543429844097997,0.5,0.18196181538197775,0.43221544394222033,0.5785587498765148,0.6727376571208994,0.6727374099133445,0.3351011663171236
2021-05-18 23:30:00,0.3403068340306834,-0.14741035856573714,0.16604616530156346,0.04981253347616499,0.36252633783094057,0.00044543429844097997,0.5,0.18196181538197775,0.43221544394222033,0.5785587498765148,0.6727376571208994,0.6727374099133445,0.19890007091449521
2021-05-18 23:40:00,0.2510460251046025,0.2669322709163344,0.16425912137006704,0.04374218889484016,0.37109840206253025,0.00044543429844097997,0.5,0.18196181538197775,0.43221544394222033,0.5785587498765148,0.6727376571208994,0.6727374099133445,0.11887230864402432
2021-05-18 23:50:00,0.22384937238493724,-0.07569721115537853,0.1594936708860759,0.04088555615068734,0.3763594246901625,0.00044543429844097997,0.5,0.18196181538197775,0.43221544394222033,0.5785587498765148,0.6727376571208994,0.6727374099133445,0.099408542933446
2021-05-19 00:00:00,0.2210599721059972,-0.36254980079681276,0.15651526433358143,0.04017139796464919,0.37079739828035235,0.00044543429844097997,0.5,0.17511365899067544,0.4286781587726698,0.6017663685647063,0.6680540108458886,0.684267126232251,0.09223410836338398
2021-05-19 00:10:00,0.25174337517433754,0.394422310756972,0.1520476545048397,0.03802892340653452,0.37134705736085116,0.00044543429844097997,0.5,0.17511365899067544,0.4286781587726698,0.6017663685647063,0.6680540108458886,0.684267126232251,0.12135431597688491
2021-05-19 00:20:00,0.22036262203626222,0.19521912350597592,0.14996276991809365,0.030530262453133394,0.3763332504482339,0.00044543429844097997,0.5,0.17511365899067544,0.4286781587726698,0.6017663685647063,0.6680540108458886,0.684267126232251,0.08865066312597131
2021-05-19 00:30:00,0.14504881450488147,0.17928286852589648,0.14549516008935193,0.02945902517407606,0.3763332504482339,0.00044543429844097997,0.5,0.17511365899067544,0.4286781587726698,0.6017663685647063,0.6680540108458886,0.684267126232251,0.03994598427810553
2021-05-19 00:40:00,0.07740585774058578,-0.059760956175298974,0.14281459419210707,0.03731476522049637,0.3763332504482339,0.3717149220489978,0.5,0.17511365899067544,0.4286781587726698,0.6017663685647063,0.6680540108458886,0.684267126232251,0.0
2021-05-19 00:50:00,0.10808926080892609,-0.26693227091633476,0.1520476545048397,0.05338332440635596,0.3763332504482339,0.9995545657015591,0.5,0.17511365899067544,0.4286781587726698,0.6017663685647063,0.6680540108458886,0.684267126232251,0.0
2021-05-19 01:00:00,0.11715481171548117,0.33864541832669315,0.1591958302308265,0.07552222817354037,0.3763332504482339,0.9995545657015591,0.5,0.13040130770793246,0.4288591896140006,0.6268786085751457,0.5993538479729519,0.6953231084825013,0.0
2021-05-19 01:10:00,0.11645746164574616,0.1925630810092962,0.15740878629932964,0.07945009819675053,0.3763332504482339,0.9995545657015591,0.5,0.13040130770793246,0.4288591896140006,0.6268786085751457,0.5993538479729519,0.6953231084825013,0.0
2021-05-19 01:20:00,0.11157601115760113,0.04648074369189903,0.15472822040208456,0.07552222817354037,0.3763332504482339,0.9995545657015591,0.5,0.13040130770793246,0.4288591896140006,0.6268786085751457,0.5993538479729519,0.6953231084825013,0.0
2021-05-19 01:30:00,0.11087866108786612,-0.09960159362549814,0.15591958302308262,0.07230851633636859,0.3763332504482339,0.9995545657015591,0.5,0.13040130770793246,0.4288591896140006,0.6268786085751457,0.5993538479729519,0.6953231084825013,0.0
2021-05-19 01:40:00,0.1290097629009763,-0.02257636122177964,0.15681310498883105,0.07230851633636859,0.3763332504482339,0.9995545657015591,0.5,0.13040130770793246,0.4288591896140006,0.6268786085751457,0.5993538479729519,0.6953231084825013,0.0
2021-05-19 01:50:00,0.19525801952580193,0.05444887118193886,0.1553239017125836,0.06980896268523495,0.3816858829226158,0.8585746102449888,0.5,0.13040130770793246,0.4288591896140006,0.6268786085751457,0.5993538479729519,0.6953231084825013,0.0
2021-05-19 02:00:00,0.16945606694560672,0.13147410358565725,0.16157855547282196,0.0687377254061774,0.39585923492690844,0.21447661469933188,0.5,0.12630544826051948,0.41714390802484014,0.6692401056767454,0.5159432010461761,0.7119429735980317,0.0
2021-05-19 02:10:00,0.1596931659693166,0.6812749003984064,0.16604616530156346,0.07552222817354037,0.39585923492690844,0.9992204899777284,0.5,0.12630544826051948,0.41714390802484014,0.6692401056767454,0.5159432010461761,0.7119429735980317,0.0
2021-05-19 02:20:00,0.15341701534170155,0.6494023904382469,0.1591958302308265,0.0830208891269415,0.39585923492690844,0.9992204899777284,0.5,0.12630544826051948,0.41714390802484014,0.6692401056767454,0.5159432010461761,0.7119429735980317,0.0
2021-05-19 02:30:00,0.14435146443514643,0.6175298804780875,0.15621742367833202,0.08052133547580786,0.39585923492690844,0.9992204899777284,0.5,0.12630544826051948,0.41714390802484014,0.6692401056767454,0.5159432010461761,0.7119429735980317,0.0
2021-05-19 02:40:00,0.1506276150627615,0.585657370517928,0.15711094564408024,0.07945009819675053,0.39585923492690844,0.9992204899777284,0.5,0.12630544826051948,0.41714390802484014,0.6692401056767454,0.5159432010461761,0.7119429735980317,0.0
2021-05-19 02:50:00,0.11715481171548117,0.09163346613545809,0.15860014892032748,0.07945009819675053,0.39585923492690844,0.9992204899777284,0.5,0.12630544826051948,0.41714390802484014,0.6692401056767454,0.5159432010461761,0.7119429735980317,0.0
2021-05-19 03:00:00,0.12622036262203626,0.14741035856573692,0.15323901712583754,0.07730762363863608,0.39585923492690844,0.9992204899777284,0.5,0.11375734893635303,0.4076326050912768,0.6968363807401303,0.43897257678835105,0.7383505555587696,0.0
2021-05-19 03:10:00,0.1701534170153417,0.20318725099601576,0.1478778853313476,0.07123727905731125,0.39585923492690844,0.9992204899777284,0.5,0.11375734893635303,0.4076326050912768,0.6968363807401303,0.43897257678835105,0.7383505555587696,0.0
2021-05-19 03:20:00,0.15411436541143653,0.2589641434262948,0.14698436336559917,0.06623817175504376,0.43489811676329326,0.31302895322939867,0.5,0.11375734893635303,0.4076326050912768,0.6968363807401303,0.43897257678835105,0.7383505555587696,0.0
2021-05-19 03:30:00,0.1415620641562064,0.4422310756972112,0.15651526433358143,0.0673094090341011,0.43441389328761565,0.7426503340757238,0.5,0.11375734893635303,0.4076326050912768,0.6968363807401303,0.43897257678835105,0.7383505555587696,0.0
2021-05-19 03:40:00,0.15271966527196654,0.24302788844621515,0.15174981384959052,0.07230851633636859,0.43441389328761565,0.9995545657015591,0.5,0.11375734893635303,0.4076326050912768,0.6968363807401303,0.43897257678835105,0.7383505555587696,0.0
2021-05-19 03:50:00,0.13389121338912133,-0.553784860557769,0.15264333581533873,0.07230851633636859,0.43441389328761565,0.9995545657015591,0.5,0.11375734893635303,0.4076326050912768,0.6968363807401303,0.43897257678835105,0.7383505555587696,0.0
2021-05-19 04:00:00,0.1394700139470014,0.3067729083665336,0.14996276991809365,0.07230851633636859,0.43441389328761565,0.9995545657015591,0.5,0.055006715644566606,0.40233960811133146,0.7764563746099356,0.38026941701863315,0.7724594835274388,0.0
2021-05-19 04:10:00,0.11785216178521618,0.3891102257636121,0.1443037974683543,0.0687377254061774,0.43441389328761565,0.9995545657015591,0.5,0.055006715644566606,0.40233960811133146,0.7764563746099356,0.38026941701863315,0.7724594835274388,0.0
2021-05-19 04:20:00,0.10529986052998605,0.4714475431606906,0.13894266567386415,0.06266738082485257,0.43441389328761565,0.9995545657015591,0.5,0.055006715644566606,0.40233960811133146,0.7764563746099356,0.38026941701863315,0.7724594835274388,0.0
2021-05-19 04:30:00,0.1087866108786611,0.5537848605577689,0.1362620997766193,0.061596143545795234,0.43441389328761565,0.9995545657015591,0.5,0.055006715644566606,0.40233960811133146,0.7764563746099356,0.38026941701863315,0.7724594835274388,0.0
2021-05-19 04:40:00,0.10599721059972106,0.4422310756972112,0.13477289650037205,0.05552579896447085,0.43441389328761565,0.9995545657015591,0.5,0.055006715644566606,0.40233960811133146,0.7764563746099356,0.38026941701863315,0.7724594835274388,0.0
2021-05-19 04:50:00,0.12761506276150628,0.3306772908366533,0.1332836932241248,0.05338332440635596,0.43441389328761565,0.9995545657015591,0.5,0.055006715644566606,0.40233960811133146,0.7764563746099356,0.38026941701863315,0.7724594835274388,0.0
2021-05-19 05:00:00,0.1394700139470014,0.21912350597609564,0.1332836932241248,0.046598821638993204,0.43441389328761565,0.9995545657015591,0.5,0.05097602813399793,0.3942133347892434,0.8054945262585764,0.3370471991983414,0.8105328854064687,0.0
2021-05-19 05:10:00,0.15620641562064158,0.10756972111553775,0.1332836932241248,0.041242635243706305,0.43441389328761565,0.9995545657015591,0.5,0.05097602813399793,0.3942133347892434,0.8054945262585764,0.3370471991983414,0.8105328854064687,0.0
2021-05-19 05:20:00,0.1701534170153417,-0.003984063745020028,0.1332836932241248,0.03624352794143926,0.43441389328761565,0.9995545657015591,0.5,0.05097602813399793,0.3942133347892434,0.8054945262585764,0.3370471991983414,0.8105328854064687,0.0
2021-05-19 05:30:00,0.19177126917712692,-0.11553784860557781,0.1332836932241248,0.03302981610426703,0.4474486657680177,0.8778396436525613,0.5,0.05097602813399793,0.3942133347892434,0.8054945262585764,0.3370471991983414,0.8105328854064687,0.0
2021-05-19 05:40:00,0.22175732217573224,-0.2270916334661356,0.14162323157110923,0.035529369755400886,0.4776668280744919,0.013919821826280624,0.5,0.05097602813399793,0.3942133347892434,0.8054945262585764,0.3370471991983414,0.8105328854064687,0.05870060503643798
2021-05-19 05:50:00,0.27405857740585776,-0.019920318725099695,0.16008935219657472,0.05409748259239433,0.47561215008310326,0.00011135857461024499,0.5,0.05097602813399793,0.3942133347892434,0.8054945262585764,0.3370471991983414,0.8105328854064687,0.10640946331306488
2021-05-19 06:00:00,0.2608089260808926,-0.4422310756972112,0.16753536857781093,0.06838064631315843,0.4679561843190117,0.00011135857461024499,0.5,0.09829408953236629,0.3955954908952981,0.7663922789474479,0.34349376741430465,0.8539105977870836,0.1035276189326614
2021-05-19 06:10:00,0.2782426778242678,-0.01195219123505975,0.1746835443037973,0.0815925727548652,0.4512308437266886,0.00011135857461024499,0.5,0.09829408953236629,0.3955954908952981,0.7663922789474479,0.34349376741430465,0.8539105977870836,0.11593765559696427
2021-05-19 06:20:00,0.2524407252440725,0.1633466135458166,0.18481012658227836,0.094447420103553,0.45823245344256713,0.00011135857461024499,0.5,0.09829408953236629,0.3955954908952981,0.7663922789474479,0.34349376741430465,0.8539105977870836,0.10284865036136218
2021-05-19 06:30:00,0.18758716875871687,-0.5617529880478087,0.19195830230826494,0.11337261203356541,0.4617528889819529,0.00011135857461024499,0.5,0.09829408953236629,0.3955954908952981,0.7663922789474479,0.34349376741430465,0.8539105977870836,0.05961344056007363
2021-05-19 06:40:00,0.2691771269177127,-0.42629482071713154,0.19642591213700666,0.1376539903588645,0.4511654081218673,0.00011135857461024499,0.5,0.09829408953236629,0.3955954908952981,0.7663922789474479,0.34349376741430465,0.8539105977870836,0.11712962264435627
2021-05-19 06:50:00,0.2838214783821479,-0.4103585657370519,0.18897989575577068,0.12301374754508143,0.44234468859195664,0.00011135857461024499,0.5,0.09829408953236629,0.3955954908952981,0.7663922789474479,0.34349376741430465,0.8539105977870836,0.13046003892753144
2021-05-19 07:00:00,0.25174337517433754,0.07569721115537842,0.17647058823529393,0.06980896268523495,0.4314562039496931,0.00011135857461024499,0.5,0.11690047738276976,0.40158674969181823,0.7553621132914264,0.3088294725988039,0.8568855434807104,0.10759388626522022
2021-05-19 07:10:00,0.23709902370990238,0.1394422310756971,0.17557706626954572,0.046598821638993204,0.4314562039496931,0.00011135857461024499,0.5,0.11690047738276976,0.40158674969181823,0.7553621132914264,0.3088294725988039,0.8568855434807104,0.09337326674411937
2021-05-19 07:20:00,0.2085076708507671,0.29083665338645415,0.17795979151154118,0.04017139796464919,0.4314562039496931,0.00011135857461024499,0.5,0.11690047738276976,0.40158674969181823,0.7553621132914264,0.3088294725988039,0.8568855434807104,0.08247959322238484
2021-05-19 07:30:00,0.21548117154811713,0.4581673306772909,0.1830230826507817,0.03945723977861104,0.4314562039496931,0.00011135857461024499,0.5,0.11690047738276976,0.40158674969181823,0.7553621132914264,0.3088294725988039,0.8568855434807104,0.09426346998204506
2021-05-19 07:40:00,0.21687587168758715,0.3545816733067728,0.1857036485480268,0.033386895197286215,0.4314562039496931,0.00011135857461024499,0.5,0.11690047738276976,0.40158674969181823,0.7553621132914264,0.3088294725988039,0.8568855434807104,0.0863723463645005
2021-05-19 07:50:00,0.18131101813110181,0.4501992031872508,0.1868950111690244,0.038386002499553706,0.4314562039496931,0.00011135857461024499,0.5,0.11690047738276976,0.40158674969181823,0.7553621132914264,0.3088294725988039,0.8568855434807104,0.06732350589193838
2021-05-19 08:00:00,0.1903765690376569,0.29083665338645415,0.18927773641102008,0.04017139796464919,0.4314562039496931,0.00011135857461024499,0.5,0.13077589625588204,0.4080061607956169,0.7010221345175744,0.2420106843697999,0.8345912591714665,0.07255156389094257
2021-05-19 08:10:00,0.19107391910739194,0.4661354581673305,0.19285182427401315,0.04302803070880201,0.4314562039496931,0.00011135857461024499,0.5,0.13077589625588204,0.4080061607956169,0.7010221345175744,0.2420106843697999,0.8345912591714665,0.07209137408150641
2021-05-19 08:20:00,0.19804741980474197,0.7051792828685257,0.1952345495160086,0.04374218889484016,0.4314562039496931,0.00011135857461024499,0.5,0.13077589625588204,0.4080061607956169,0.7010221345175744,0.2420106843697999,0.8345912591714665,0.07161609608159694
2021-05-19 08:30:00,0.18549511854951187,0.2350597609561753,0.1982129560685031,0.04874129619710765,0.4314562039496931,0.00011135857461024499,0.5,0.13077589625588204,0.4080061607956169,0.7010221345175744,0.2420106843697999,0.8345912591714665,0.06307618027369978
2021-05-19 08:40:00,0.15271966527196654,-0.1633466135458168,0.20119136262099757,0.05552579896447085,0.4314562039496931,0.00011135857461024499,0.5,0.13077589625588204,0.4080061607956169,0.7010221345175744,0.2420106843697999,0.8345912591714665,0.0326659323747303
2021-05-19 08:50:00,0.10390516039051603,-0.601593625498008,0.19999999999999996,0.06945188359221577,0.40728429152870665,0.000556792873051225,0.5,0.13077589625588204,0.4080061607956169,0.7010221345175744,0.2420106843697999,0.8345912591714665,0.0
2021-05-19 09:00:00,0.08577405857740586,-0.5776892430278885,0.19672375279225607,0.07302267452240674,0.3660729476122548,0.3447661469933185,0.5,0.11484849525869145,0.40817282410986105,0.6568488440321971,0.3211316473925823,0.7584136730427253,0.0
2021-05-19 09:10:00,0.11297071129707113,-0.42031872509960166,0.20506329113924027,0.09230494554543855,0.35521063721191976,0.9995545657015591,0.5,0.11484849525869145,0.40817282410986105,0.6568488440321971,0.3211316473925823,0.7584136730427253,0.0
2021-05-19 09:20:00,0.11436541143654114,-0.26294820717131473,0.21876396128071485,0.13836814854490287,0.35521063721191976,0.9995545657015591,0.5,0.11484849525869145,0.40817282410986105,0.6568488440321971,0.3211316473925823,0.7584136730427253,0.0
2021-05-19 09:30:00,0.14714086471408647,-0.10557768924302802,0.22769918093819785,0.1680057132654884,0.35521063721191976,0.9995545657015591,0.5,0.11484849525869145,0.40817282410986105,0.6568488440321971,0.3211316473925823,0.7584136730427253,0.0
2021-05-19 09:40:00,0.19456066945606695,0.05179282868525892,0.2369322412509307,0.18693090519550082,0.3640182696208661,0.5433184855233854,0.5,0.11484849525869145,0.40817282410986105,0.6568488440321971,0.3211316473925823,0.7584136730427253,0.0
2021-05-19 09:50:00,0.2496513249651325,-0.5617529880478087,0.2524199553239015,0.19621496161399765,0.35836463336430624,0.04120267260579065,0.5,0.11484849525869145,0.40817282410986105,0.6568488440321971,0.3211316473925823,0.7584136730427253,0.0838073539840367
2021-05-19 10:00:00,0.2510460251046025,-0.298804780876494,0.2717795979151154,0.20514193893947508,0.3332242739919645,0.00011135857461024499,0.5,0.3079967700868147,0.3970581051530563,0.42387138917390366,0.4627660470152752,0.7106379899228817,0.10445554264677039
2021-05-19 10:10:00,0.1771269177126918,0.47410358565737054,0.2845867460908411,0.23192287091590802,0.3363782701443509,0.00022271714922048998,0.5,0.3079967700868147,0.3970581051530563,0.42387138917390366,0.4627660470152752,0.7106379899228817,0.043446444467914964
2021-05-19 10:20:00,0.16248256624825663,0.09960159362549792,0.2825018615040953,0.25870380289234074,0.3467040085851514,0.00022271714922048998,0.5,0.3079967700868147,0.3970581051530563,0.42387138917390366,0.4627660470152752,0.7106379899228817,0.04552107065799599
2021-05-19 10:30:00,0.19316596931659694,0.11553784860557759,0.25510052122114657,0.21871094447420125,0.33957152765963017,0.00033407572383073496,0.5,0.3079967700868147,0.3970581051530563,0.42387138917390366,0.4627660470152752,0.7106379899228817,0.06187666913107111
2021-05-19 10:40:00,0.18410041841004185,0.585657370517928,0.25152643335815306,0.19300124977682542,0.34673018282707985,0.00033407572383073496,0.5,0.3079967700868147,0.3970581051530563,0.42387138917390366,0.4627660470152752,0.7106379899228817,0.0620049187500943
2021-05-19 10:50:00,0.20781032078103207,-0.2828685258964144,0.2524199553239015,0.18336011426530985,0.3537972281477798,0.00022271714922048998,0.5,0.3079967700868147,0.3970581051530563,0.42387138917390366,0.4627660470152752,0.7106379899228817,0.0713143322721306
2021-05-19 11:00:00,0.25732217573221755,0.2350597609561753,0.25361131794489955,0.17871808605606132,0.35760558034837914,0.0020044543429844097,0.5,0.3304383963434341,0.39001514337355336,0.39001594941232437,0.5850421088790387,0.7041674280136614,0.11633749264450716
2021-05-19 11:10:00,0.2670850767085077,-0.01195219123505975,0.2592702903946389,0.17586145331190872,0.3513630236484276,0.0022271714922049,0.5,0.3304383963434341,0.39001514337355336,0.39001594941232437,0.5850421088790387,0.7041674280136614,0.12351192721456916
2021-05-19 11:20:00,0.36052998605299863,0.14741035856573692,0.2673119880863737,0.17586145331190872,0.3584431560900917,0.04610244988864142,0.5,0.3304383963434341,0.39001514337355336,0.39001594941232437,0.5850421088790387,0.7041674280136614,0.16016114187425504
2021-05-19 11:30:00,0.3716875871687587,-0.14741035856573714,0.27446016381236027,0.17657561149794687,0.3597518681865176,0.04832962138084632,0.5,0.3304383963434341,0.39001514337355336,0.39001594941232437,0.5850421088790387,0.7041674280136614,0.17613953558549722
2021-05-19 11:40:00,0.3612273361227336,0.10756972111553775,0.27803425167535356,0.17693269059096606,0.3588750310819123,0.0023385300668151447,0.5,0.3304383963434341,0.39001514337355336,0.39001594941232437,0.5850421088790387,0.7041674280136614,0.2364545770025801
2021-05-19 11:50:00,0.3417015341701534,0.06772908366533859,0.28548026805658955,0.1887163006605963,0.3583122848804492,0.015924276169265034,0.5,0.3304383963434341,0.39001514337355336,0.39001594941232437,0.5850421088790387,0.7041674280136614,0.1875009430119046
2021-05-19 12:00:00,0.4086471408647141,-0.043824701195219196,0.2941176470588236,0.20835565077664708,0.37328395126356156,0.019265033407572383,0.5,0.35551838539027947,0.3742453456395983,0.36625225079217616,0.6338890761736039,0.7209674502609745,0.24998113976190836
2021-05-19 12:10:00,0.37099023709902373,-0.12350597609561753,0.2994787788533133,0.2144259953579717,0.3570035727840233,0.00022271714922048998,0.5,0.35551838539027947,0.3742453456395983,0.36625225079217616,0.6338890761736039,0.7209674502609745,0.2620139716643783
2021-05-19 12:20:00,0.41841004184100417,0.1872509960159361,0.30603127326880086,0.22263881449741119,0.3625132507099763,0.00011135857461024499,0.5,0.35551838539027947,0.3742453456395983,0.36625225079217616,0.6338890761736039,0.7209674502609745,0.3265159859378065
2021-05-19 12:30:00,0.3451882845188285,0.12350597609561742,0.3137751303052865,0.22978039635779313,0.3564408265825601,0.00011135857461024499,0.5,0.35551838539027947,0.3742453456395983,0.36625225079217616,0.6338890761736039,0.7209674502609745,0.2256740649093954
2021-05-19 12:40:00,0.4198047419804742,-0.10756972111553798,0.3224125093075203,0.24370648098553827,0.37464501184384447,0.00011135857461024499,0.5,0.35551838539027947,0.3742453456395983,0.36625225079217616,0.6338890761736039,0.7209674502609745,0.30460793337055087
2021-05-19 12:50:00,0.33054393305439334,-0.06772908366533881,0.3289650037230081,0.2562042492412069,0.3531690463414953,0.00011135857461024499,0.5,0.35551838539027947,0.3742453456395983,0.36625225079217616,0.6338890761736039,0.7209674502609745,0.2097711121505198
2021-05-19 13:00:00,0.3765690376569038,0.17928286852589648,0.3370067014147431,0.26977325477593306,0.37346717095706117,0.00011135857461024499,0.5,0.4479315247731739,0.3508262764829434,0.25272926186444405,0.6345357744102768,0.7238447912284277,0.2585663201412255
2021-05-19 13:10:00,0.41841004184100417,-0.298804780876494,0.3450483991064779,0.26977325477593306,0.35900590229155493,0.00011135857461024499,0.5,0.4479315247731739,0.3508262764829434,0.25272926186444405,0.6345357744102768,0.7238447912284277,0.3268781025091661
2021-05-19 13:20:00,0.44002789400278935,0.25099601593625476,0.35040953090096805,0.2815568648455633,0.36583737943489814,0.00011135857461024499,0.5,0.4479315247731739,0.3508262764829434,0.25272926186444405,0.6345357744102768,0.7238447912284277,0.35656411726541637
2021-05-19 13:30:00,0.4246861924686192,0.2589641434262948,0.356664184661206,0.283699339403678,0.36998599678056826,0.00011135857461024499,0.5,0.4479315247731739,0.3508262764829434,0.25272926186444405,0.6345357744102768,0.7238447912284277,0.3370173665072348
2021-05-19 13:40:00,0.4581589958158996,-0.003984063745020028,0.36262099776619494,0.28548473486877346,0.37231550431220634,0.00011135857461024499,0.5,0.4479315247731739,0.3508262764829434,0.25272926186444405,0.6345357744102768,0.7238447912284277,0.3879777298308614
2021-05-19 13:50:00,0.4302649930264993,-0.02788844621513953,0.3676842889054355,0.2986966613104802,0.38962976534792115,0.00022271714922048998,0.5,0.4479315247731739,0.3508262764829434,0.25272926186444405,0.6345357744102768,0.7238447912284277,0.37889463916592486
2021-05-19 14:00:00,0.41283124128312415,0.05976095617529875,0.372747580044676,0.30833779682199625,0.39229953802462997,0.00011135857461024499,0.5,0.45262176962820977,0.3263009077403631,0.23685314810355187,0.6398786856489596,0.720807857038798,0.32211023431959807
2021-05-19 14:10:00,0.3542538354253836,-0.003984063745020028,0.3778108711839163,0.3229780396357793,0.36626925442671865,0.00011135857461024499,0.5,0.45262176962820977,0.3263009077403631,0.23685314810355187,0.6398786856489596,0.720807857038798,0.23983433166860302
2021-05-19 14:20:00,0.399581589958159,-0.23505976095617542,0.3834698436336559,0.3358328869844669,0.37197523916713565,0.00011135857461024499,0.5,0.45262176962820977,0.3263009077403631,0.23685314810355187,0.6398786856489596,0.720807857038798,0.27769060156615416
2021-05-19 14:30:00,0.401673640167364,0.33864541832669315,0.38674609084139977,0.3326191751472951,0.3819083639790083,0.00011135857461024499,0.5,0.45262176962820977,0.3263009077403631,0.23685314810355187,0.6398786856489596,0.720807857038798,0.30703713203675487
2021-05-19 14:40:00,0.37099023709902373,-0.4103585657370519,0.3918093819806401,0.3426173897518301,0.37228933007027787,0.004008908685968819,0.5,0.45262176962820977,0.3263009077403631,0.23685314810355187,0.6398786856489596,0.720807857038798,0.23459118547912547
2021-05-19 14:50:00,0.4707112970711297,0.25099601593625476,0.395681310498883,0.3440457061239066,0.35539385690541936,0.00311804008908686,0.5,0.45262176962820977,0.3263009077403631,0.23685314810355187,0.6398786856489596,0.720807857038798,0.4238046381097515
2021-05-19 15:00:00,0.4860529986052998,0.027888446215139417,0.40104244229337294,0.3440457061239066,0.3725641596105273,0.0027839643652561247,0.5,0.45745863466459946,0.301901973236171,0.22858131644980817,0.6590144296054099,0.7260873213469993,0.4666022903873139
2021-05-19 15:10:00,0.3577405857740586,-0.1633466135458168,0.403127326880119,0.3444027852169256,0.3785842352540864,0.009910913140311804,0.5,0.45745863466459946,0.301901973236171,0.22858131644980817,0.6590144296054099,0.7260873213469993,0.25018483033329814
2021-05-19 15:20:00,0.3591352859135286,0.019920318725099362,0.40551005212211444,0.3536868416354222,0.35699048566305897,0.002561247216035635,0.5,0.45745863466459946,0.301901973236171,0.22858131644980817,0.6590144296054099,0.7260873213469993,0.29299002670609714
2021-05-19 15:30:00,0.4456066945606694,0.12350597609561742,0.4075949367088605,0.3540439207284414,0.3456439517870464,0.0021158129175946547,0.5,0.45745863466459946,0.301901973236171,0.22858131644980817,0.6590144296054099,0.7260873213469993,0.3712373825007167
2021-05-19 15:40:00,0.4735006973500697,0.22709163346613526,0.4120625465376022,0.3586859489376897,0.36494745520932853,0.008017817371937639,0.5,0.45745863466459946,0.301901973236171,0.22858131644980817,0.6590144296054099,0.7260873213469993,0.4282028456327233
2021-05-19 15:50:00,0.4693165969316597,-0.3067729083665339,0.4156366344005955,0.3679700053561865,0.3747758830534871,0.0022271714922049,0.5,0.45745863466459946,0.301901973236171,0.22858131644980817,0.6590144296054099,0.7260873213469993,0.42411394601445446
2021-05-19 16:00:00,0.31729428172942814,-0.20318725099601598,0.41831720029784036,0.37689698268166416,0.36104749316197926,0.0016703786191536749,0.5,0.5007541467062322,0.2859885002313163,0.1973292438314757,0.6631982456150435,0.7338595597000726,0.2102011255790093
2021-05-19 16:10:00,0.36610878661087864,0.5617529880478087,0.4236783320923303,0.3861810391001608,0.39070290926699036,0.000556792873051225,0.5,0.5007541467062322,0.2859885002313163,0.1973292438314757,0.6631982456150435,0.7338595597000726,0.25170873757110307
2021-05-19 16:20:00,0.3472803347280335,-0.043824701195219196,0.426061057334326,0.38510980182110344,0.39466830691916094,0.0008908685968819599,0.5,0.5007541467062322,0.2859885002313163,0.1973292438314757,0.6631982456150435,0.7338595597000726,0.2893613168972645
2021-05-19 16:30:00,0.31241283124128316,-0.2509960159362551,0.4278481012658226,0.3790394572397786,0.39406629935480497,0.000556792873051225,0.5,0.5007541467062322,0.2859885002313163,0.1973292438314757,0.6631982456150435,0.7338595597000726,0.20151787196161566
2021-05-19 16:40:00,0.3856345885634589,-0.09960159362549814,0.42874162323157106,0.3758257454026068,0.372093023255814,0.00111358574610245,0.5,0.5007541467062322,0.2859885002313163,0.1973292438314757,0.6631982456150435,0.7338595597000726,0.29828598156223124
2021-05-19 16:50:00,0.45327754532775455,0.15537848605577675,0.43350707371556196,0.3808248527048743,0.3971810341442986,0.0021158129175946547,0.5,0.5007541467062322,0.2859885002313163,0.1973292438314757,0.6631982456150435,0.7338595597000726,0.39720415830529443
2021-05-19 17:00:00,0.22454672245467225,0.09163346613545809,0.434102755026061,0.3908230673094091,0.3845257881718601,0.0016703786191536749,0.5,0.498832441749663,0.2676584091699314,0.19308959405150455,0.6428435833845416,0.7462078482759965,0.10334656064698161
2021-05-19 17:10:00,0.44002789400278935,0.003984063745019917,0.43678332092330585,0.3858239600071418,0.3879415267435317,0.00155902004454343,0.5,0.498832441749663,0.2676584091699314,0.19308959405150455,0.6428435833845416,0.7462078482759965,0.38870950706881724
2021-05-19 17:20:00,0.3319386331938633,-0.1872509960159363,0.4358897989575574,0.38296732726298877,0.39321563649212815,0.000556792873051225,0.5,0.498832441749663,0.2676584091699314,0.19308959405150455,0.6428435833845416,0.7462078482759965,0.2013141813902259
2021-05-19 17:30:00,0.22873082287308227,-0.5139442231075697,0.43678332092330585,0.3904659882163899,0.37574433000484225,0.0014476614699331849,0.5,0.498832441749663,0.2676584091699314,0.19308959405150455,0.6428435833845416,0.7462078482759965,0.09666249226730238
2021-05-19 17:40:00,0.4107391910739191,0.1394422310756971,0.4388682055100521,0.39760757007677205,0.3545562811637068,0.0021158129175946547,0.5,0.498832441749663,0.2676584091699314,0.19308959405150455,0.6428435833845416,0.7462078482759965,0.32039018060563995
2021-05-19 17:50:00,0.3075313807531381,-0.1394422310756973,0.43737900223380466,0.3922513836814856,0.3581945007917709,0.00155902004454343,0.5,0.498832441749663,0.2676584091699314,0.19308959405150455,0.6428435833845416,0.7462078482759965,0.20844335138886794
2021-05-19 18:00:00,0.2873082287308229,0.4501992031872508,0.44422933730454184,0.38975183003035174,0.39923571213568726,0.0006681514476614699,0.5,0.4691680705537913,0.2685319548169999,0.21320206042515452,0.6027351112086909,0.7383041701254274,0.1197247914057667
2021-05-19 18:10:00,0.2670850767085077,-0.09960159362549814,0.44482501861504087,0.40403499375111585,0.38245802305950716,0.0012249443207126948,0.5,0.4691680705537913,0.2685319548169999,0.21320206042515452,0.6027351112086909,0.7383041701254274,0.14895816044781748
2021-05-19 18:20:00,0.24267782426778242,0.14741035856573692,0.44393149664929243,0.3918943045884662,0.36335082645168887,0.0010022271714922048,0.5,0.4691680705537913,0.2685319548169999,0.21320206042515452,0.6027351112086909,0.7383041701254274,0.08585180379317109
2021-05-19 18:30:00,0.2601115760111576,-0.3784860557768924,0.44869694713328356,0.40724870558828763,0.3935035531533418,0.0014476614699331849,0.5,0.4691680705537913,0.2685319548169999,0.21320206042515452,0.6027351112086909,0.7383041701254274,0.11503236416856526
2021-05-19 18:40:00,0.25383542538354253,0.47410358565737054,0.4460163812360385,0.40260667737903955,0.3852455798248943,0.02305122494432071,0.5,0.4691680705537913,0.2685319548169999,0.21320206042515452,0.6027351112086909,0.7383041701254274,0.08379980988880004
2021-05-19 18:50:00,0.3368200836820084,-0.4422310756972112,0.4463142218912881,0.3965363327977147,0.3676172278860373,0.0021158129175946547,0.5,0.4691680705537913,0.2685319548169999,0.21320206042515452,0.6027351112086909,0.7383041701254274,0.1759660213950541
2021-05-19 19:00:00,0.2301255230125523,0.043824701195219085,0.449590469099032,0.39617925370469576,0.36671421653950353,0.0006681514476614699,0.5,0.4659597701705309,0.2618912837960145,0.21266398809874812,0.5528969636638931,0.74488751579097,0.09209831464912413
2021-05-19 19:10:00,0.22315202231520226,0.2589641434262948,0.4516753536857778,0.40082128191394384,0.37447487927130907,0.0020044543429844097,0.5,0.4659597701705309,0.2618912837960145,0.21266398809874812,0.5528969636638931,0.74488751579097,0.08648550779305038
2021-05-19 19:20:00,0.30264993026499304,-0.298804780876494,0.4504839910647802,0.3929655418675235,0.3719621520461714,0.0008908685968819599,0.5,0.4659597701705309,0.2618912837960145,0.21266398809874812,0.5528969636638931,0.74488751579097,0.16382002806403428
2021-05-19 19:30:00,0.2796373779637378,-0.50597609561753,0.44869694713328356,0.3836814854490269,0.35301200088992424,0.000556792873051225,0.5,0.4659597701705309,0.2618912837960145,0.21266398809874812,0.5528969636638931,0.74488751579097,0.12359491226217241
2021-05-19 19:40:00,0.27405857740585776,0.027888446215139417,0.45346239761727447,0.3793965363327978,0.3413382889898051,0.0006681514476614699,0.5,0.4659597701705309,0.2618912837960145,0.21266398809874812,0.5528969636638931,0.74488751579097,0.12428896902394496
2021-05-19 19:50:00,0.3110181311018131,0.03585657370517925,0.4549516008935217,0.3693983217282628,0.3394668306919161,0.00044543429844097997,0.5,0.4659597701705309,0.2618912837960145,0.21266398809874812,0.5528969636638931,0.74488751579097,0.17376314558594988
2021-05-19 20:00:00,0.3486750348675035,0.43426294820717115,0.45644080416976895,0.3679700053561865,0.34878486081846855,0.0010022271714922048,0.5,0.47348379356705617,0.25186274988721546,0.2070466296800594,0.46449626834359736,0.739717358505938,0.223056263862275
2021-05-19 20:10:00,0.3493723849372385,-0.02788844621513953,0.45256887565152626,0.359757186216747,0.35928073183180426,0.00033407572383073496,0.5,0.47348379356705617,0.25186274988721546,0.2070466296800594,0.46449626834359736,0.739717358505938,0.2131282345308327
2021-05-19 20:20:00,0.3633193863319386,-0.13147410358565736,0.44780342516753513,0.35940010712372805,0.3442567169648349,0.00033407572383073496,0.5,0.47348379356705617,0.25186274988721546,0.2070466296800594,0.46449626834359736,0.739717358505938,0.22803536671846944
2021-05-19 20:30:00,0.29497907949790797,0.17131474103585642,0.44512285927029005,0.36904124263524385,0.35350931148656606,0.0006681514476614699,0.5,0.47348379356705617,0.25186274988721546,0.2070466296800594,0.46449626834359736,0.739717358505938,0.14570665540081779
2021-05-19 20:40:00,0.3138075313807531,-0.31474103585657376,0.4382725241995531,0.36368505623995717,0.35017209564067997,0.00033407572383073496,0.5,0.47348379356705617,0.25186274988721546,0.2070466296800594,0.46449626834359736,0.739717358505938,0.1678485749204098
2021-05-19 20:50:00,0.3591352859135286,-0.21115537848605592,0.42993298585256867,0.3469023388680592,0.3361688762089228,0.00033407572383073496,0.5,0.47348379356705617,0.25186274988721546,0.2070466296800594,0.46449626834359736,0.739717358505938,0.218288395672707
2021-05-19 21:00:00,0.3598326359832636,-0.2749003984063746,0.4224869694713327,0.33868951972861994,0.32991323238800696,0.00033407572383073496,0.5,0.4616766331256881,0.24237156149158007,0.24350454888602038,0.33666169902622406,0.6940609912710126,0.226677429575871
2021-05-19 21:10:00,0.3207810320781032,-0.02788844621513953,0.4159344750558449,0.3311908587752188,0.3236314143251626,0.00022271714922048998,0.5,0.4616766331256881,0.24237156149158007,0.24350454888602038,0.33666169902622406,0.6940609912710126,0.18025861158471265
2021-05-19 21:20:00,0.31311018131101814,0.17928286852589648,0.40938198064035736,0.31905016961256916,0.3236314143251626,0.00022271714922048998,0.5,0.4616766331256881,0.24237156149158007,0.24350454888602038,0.33666169902622406,0.6940609912710126,0.17389139520497307
2021-05-19 21:30:00,0.3110181311018131,-0.02788844621513953,0.40521221146686504,0.3122656668452062,0.3236314143251626,0.00022271714922048998,0.5,0.4616766331256881,0.24237156149158007,0.24350454888602038,0.33666169902622406,0.6940609912710126,0.17123587368166934
2021-05-19 21:40:00,0.3075313807531381,-0.1394422310756973,0.40134028294862234,0.3076236386359579,0.3236314143251626,0.00022271714922048998,0.5,0.4616766331256881,0.24237156149158007,0.24350454888602038,0.33666169902622406,0.6940609912710126,0.168263500158426
2021-05-19 21:50:00,0.2705718270571827,-0.01195219123505975,0.39806403574087845,0.30476700589180505,0.3236314143251626,0.00033407572383073496,0.5,0.4616766331256881,0.24237156149158007,0.24350454888602038,0.33666169902622406,0.6940609912710126,0.1302638924513783
2021-05-19 22:00:00,0.26778242677824265,0.17928286852589648,0.3962769918093818,0.2990537404034994,0.3236314143251626,0.00033407572383073496,0.5,0.32954269912544865,0.25463280911016195,0.28454134565256456,0.32023011582215066,0.6444060177314763,0.12361000045264571
2021-05-19 22:10:00,0.3103207810320781,0.5378486055776892,0.3953834698436334,0.2951258703802895,0.3236314143251626,0.00022271714922048998,0.5,0.32954269912544865,0.25463280911016195,0.28454134565256456,0.32023011582215066,0.6444060177314763,0.14750215006714246
2021-05-19 22:20:00,0.29567642956764295,0.5378486055776892,0.3953834698436334,0.28762720942688813,0.3236314143251626,0.00033407572383073496,0.5,0.32954269912544865,0.25463280911016195,0.28454134565256456,0.32023011582215066,0.6444060177314763,0.137423238830967
2021-05-19 22:30:00,0.2894002789400279,0.6095617529880477,0.39478778853313456,0.2847705766827351,0.3236314143251626,0.00033407572383073496,0.5,0.32954269912544865,0.25463280911016195,0.28454134565256456,0.32023011582215066,0.6444060177314763,0.13277607616518552
2021-05-19 22:40:00,0.27405857740585776,0.5378486055776892,0.3909158600148921,0.28262810212462064,0.3236314143251626,0.00044543429844097997,0.5,0.32954269912544865,0.25463280911016195,0.28454134565256456,0.32023011582215066,0.6444060177314763,0.11945320397724701
2021-05-19 22:50:00,0.19316596931659694,0.3784860557768923,0.3894266567386446,0.28405641849669716,0.3236314143251626,0.0024498886414253897,0.5,0.32954269912544865,0.25463280911016195,0.28454134565256456,0.32023011582215066,0.6444060177314763,0.06989604236763886
2021-05-19 23:00:00,0.15202231520223153,0.49800796812749004,0.388235294117647,0.29048384217104095,0.3236314143251626,0.0013363028953229399,0.5,0.24611928465627808,0.25248630056291976,0.36378799874251116,0.3245937535584123,0.6206097599695025,0.04783710789565007
2021-05-19 23:10:00,0.13737796373779637,0.22709163346613526,0.38644825018615014,0.29548294947330844,0.3236314143251626,0.0006681514476614699,0.5,0.24611928465627808,0.25248630056291976,0.36378799874251116,0.3245937535584123,0.6206097599695025,0.03637008313592951
2021-05-19 23:20:00,0.1589958158995816,0.5139442231075697,0.38555472822040193,0.29726834493840393,0.3236314143251626,0.0023385300668151447,0.5,0.24611928465627808,0.25248630056291976,0.36378799874251116,0.3245937535584123,0.6206097599695025,0.04458560284865036
2021-05-19 23:30:00,0.18549511854951187,0.8247011952191232,0.38198064035740864,0.2951258703802895,0.3236314143251626,0.000556792873051225,0.5,0.24611928465627808,0.25248630056291976,0.36378799874251116,0.3245937535584123,0.6206097599695025,0.0556603346560647
2021-05-19 23:40:00,0.13807531380753138,0.6494023904382469,0.3804914370811614,0.29476879128727007,0.3236314143251626,0.000556792873051225,0.5,0.24611928465627808,0.25248630056291976,0.36378799874251116,0.3245937535584123,0.6206097599695025,0.03523846885043077
2021-05-19 23:50:00,0.16108786610878661,0.7529880478087649,0.3804914370811614,0.29548294947330844,0.3236314143251626,0.00044543429844097997,0.5,0.24611928465627808,0.25248630056291976,0.36378799874251116,0.3245937535584123,0.6206097599695025,0.04449507370581046
2021-05-20 00:00:00,0.12552301255230125,0.1872509960159361,0.3781087118391657,0.29369755400821274,0.3366400125636361,0.000556792873051225,0.5,0.24226770323621682,0.2427250026579922,0.38898824775472424,0.3012696370236898,0.6081570829808265,0.023929870090680025
2021-05-20 00:10:00,0.14295676429567641,-0.26693227091633476,0.37483246463142206,0.28905552579896465,0.34008192537723625,0.00033407572383073496,0.5,0.24226770323621682,0.2427250026579922,0.38898824775472424,0.3012696370236898,0.6081570829808265,0.03279418199375349
2021-05-20 00:20:00,0.12482566248256625,-0.36254980079681276,0.3697691734921815,0.2865559721478308,0.34008192537723625,0.00022271714922048998,0.5,0.24226770323621682,0.2427250026579922,0.38898824775472424,0.3012696370236898,0.6081570829808265,0.01810582856797984
2021-05-20 00:30:00,0.11366806136680613,-0.1394422310756973,0.3655994043186892,0.28691305124084976,0.34008192537723625,0.00011135857461024499,0.5,0.24226770323621682,0.2427250026579922,0.38898824775472424,0.3012696370236898,0.6081570829808265,0.008502195331713867
2021-05-20 00:40:00,0.10739191073919108,0.003984063745019917,0.36321667907669375,0.2926263167291556,0.34008192537723625,0.00011135857461024499,0.5,0.24226770323621682,0.2427250026579922,0.38898824775472424,0.3012696370236898,0.6081570829808265,0.0030025499041899904
2021-05-20 00:50:00,0.09902370990237098,-0.03585657370517936,0.36262099776619494,0.29369755400821274,0.34008192537723625,0.00011135857461024499,0.5,0.24226770323621682,0.2427250026579922,0.38898824775472424,0.3012696370236898,0.6081570829808265,0.0
2021-05-20 01:00:00,0.08786610878661089,-0.019920318725099695,0.3620253164556959,0.29048384217104095,0.34008192537723625,0.01135857461024499,0.5,0.18986849877410727,0.2294666486593659,0.4996121390029899,0.25274581542921826,0.6015856519064073,0.0
2021-05-20 01:10:00,0.10251046025104603,0.14741035856573692,0.35934475055845105,0.27477236207820055,0.34008192537723625,0.9410913140311805,0.5,0.18986849877410727,0.2294666486593659,0.4996121390029899,0.25274581542921826,0.6015856519064073,0.0
2021-05-20 01:20:00,0.08437935843793584,0.31474103585657365,0.3682799702159343,0.29369755400821274,0.34008192537723625,0.9993318485523385,0.5,0.18986849877410727,0.2294666486593659,0.4996121390029899,0.25274581542921826,0.6015856519064073,0.0
2021-05-20 01:30:00,0.04672245467224547,0.4820717131474104,0.35994043186894986,0.3040528477057669,0.34008192537723625,0.9993318485523385,0.5,0.18986849877410727,0.2294666486593659,0.4996121390029899,0.25274581542921826,0.6015856519064073,0.0
2021-05-20 01:40:00,0.02510460251046025,0.46907108408471365,0.356664184661206,0.2990537404034994,0.34008192537723625,0.9993318485523385,0.5,0.18986849877410727,0.2294666486593659,0.4996121390029899,0.25274581542921826,0.6015856519064073,0.0
2021-05-20 01:50:00,0.01185495118549512,0.45607045502201715,0.35160089352196544,0.2915550794500983,0.34008192537723625,0.9993318485523385,0.5,0.18986849877410727,0.2294666486593659,0.4996121390029899,0.25274581542921826,0.6015856519064073,0.0
2021-05-20 02:00:00,0.014644351464435146,0.44306982595932043,0.3462397617274757,0.28405641849669716,0.34008192537723625,0.9993318485523385,0.5,0.20459075258911663,0.21809331421494327,0.47776726488693194,0.1928830270226144,0.607341902706034,0.0
2021-05-20 02:10:00,0.013947001394700141,0.43006919689662393,0.34058078927773616,0.27620067845027685,0.34008192537723625,0.9993318485523385,0.5,0.20459075258911663,0.21809331421494327,0.47776726488693194,0.1928830270226144,0.607341902706034,0.0
2021-05-20 02:20:00,0.0202231520223152,0.41706856783392743,0.3370067014147431,0.27298696661310484,0.34008192537723625,0.9993318485523385,0.5,0.20459075258911663,0.21809331421494327,0.47776726488693194,0.1928830270226144,0.607341902706034,0.0
2021-05-20 02:30:00,0.026499302649930265,0.40406793877123093,0.33253909158600115,0.26798785931083735,0.34008192537723625,0.9993318485523385,0.5,0.20459075258911663,0.21809331421494327,0.47776726488693194,0.1928830270226144,0.607341902706034,0.0
2021-05-20 02:40:00,0.02301255230125523,0.3910673097085344,0.32717795979151143,0.26370291019460823,0.34008192537723625,0.9993318485523385,0.5,0.20459075258911663,0.21809331421494327,0.47776726488693194,0.1928830270226144,0.607341902706034,0.0
2021-05-20 02:50:00,0.06345885634588563,0.3780666806458375,0.32181682799702127,0.2604891983574362,0.34008192537723625,0.9993318485523385,0.5,0.20459075258911663,0.21809331421494327,0.47776726488693194,0.1928830270226144,0.607341902706034,0.0
2021-05-20 03:00:00,0.059274755927475595,0.365066051583141,0.31705137751303036,0.2540617746830922,0.34008192537723625,0.9993318485523385,0.5,0.23388056859012796,0.2123951529710597,0.419471319527587,0.10556981466909438,0.6642743925878687,0.0
2021-05-20 03:10:00,0.07182705718270573,0.35206542252044426,0.3149664929262843,0.2540617746830922,0.34008192537723625,0.9993318485523385,0.5,0.23388056859012796,0.2123951529710597,0.419471319527587,0.10556981466909438,0.6642743925878687,0.0
2021-05-20 03:20:00,0.07810320781032079,0.33906479345774776,0.3149664929262843,0.2483485091947868,0.34008192537723625,0.9993318485523385,0.5,0.23388056859012796,0.2123951529710597,0.419471319527587,0.10556981466909438,0.6642743925878687,0.0
2021-05-20 03:30:00,0.0815899581589958,0.32606416439505126,0.31586001489203275,0.24656311372969109,0.34008192537723625,0.9993318485523385,0.5,0.23388056859012796,0.2123951529710597,0.419471319527587,0.10556981466909438,0.6642743925878687,0.0
2021-05-20 03:40:00,0.100418410041841,0.31306353533235476,0.30781831720029773,0.24299232279950012,0.34008192537723625,0.9993318485523385,0.5,0.23388056859012796,0.2123951529710597,0.419471319527587,0.10556981466909438,0.6642743925878687,0.0
2021-05-20 03:50:00,0.10320781032078104,0.30006290626965804,0.3096053611317944,0.23620782003213714,0.34008192537723625,0.9993318485523385,0.5,0.23388056859012796,0.2123951529710597,0.419471319527587,0.10556981466909438,0.6642743925878687,0.0
2021-05-20 04:00:00,0.1094839609483961,0.28706227720696154,0.310796723752792,0.235493661846099,0.34008192537723625,0.9993318485523385,0.5,0.2258598843381563,0.20326315275267362,0.3883482168729489,0.07399519524338527,0.8958095720849757,0.0
2021-05-20 04:10:00,0.11018131101813111,0.27406164814426504,0.3075204765450483,0.2304945545438315,0.34008192537723625,0.9993318485523385,0.5,0.2258598843381563,0.20326315275267362,0.3883482168729489,0.07399519524338527,0.8958095720849757,0.0
2021-05-20 04:20:00,0.08437935843793584,0.2610610190815683,0.30543559195830206,0.2258525263345832,0.34008192537723625,0.9993318485523385,0.5,0.2258598843381563,0.20326315275267362,0.3883482168729489,0.07399519524338527,0.8958095720849757,0.0
2021-05-20 04:30:00,0.08926080892608089,0.2480603900188718,0.3030528667163066,0.222281735404392,0.34008192537723625,0.9993318485523385,0.5,0.2258598843381563,0.20326315275267362,0.3883482168729489,0.07399519524338527,0.8958095720849757,0.0
2021-05-20 04:40:00,0.099721059972106,0.2350597609561753,0.3030528667163066,0.21906802356722022,0.34008192537723625,0.9993318485523385,0.5,0.2258598843381563,0.20326315275267362,0.3883482168729489,0.07399519524338527,0.8958095720849757,0.0
2021-05-20 04:50:00,0.11018131101813111,0.2220591318934786,0.3030528667163066,0.21371183717193376,0.34008192537723625,0.9993318485523385,0.5,0.2258598843381563,0.20326315275267362,0.3883482168729489,0.07399519524338527,0.8958095720849757,0.0
2021-05-20 05:00:00,0.10669456066945607,0.20905850283078187,0.3030528667163066,0.20835565077664708,0.34008192537723625,0.9993318485523385,0.5,0.20148834826495543,0.19299611789418053,0.4366102483312213,0.1524366816658919,0.026487733553172313,0.0
2021-05-20 05:10:00,0.11087866108786612,0.19605787376808537,0.3021593447505584,0.20264238528834144,0.34008192537723625,0.9993318485523385,0.5,0.20148834826495543,0.19299611789418053,0.4366102483312213,0.1524366816658919,0.026487733553172313,0.0
2021-05-20 05:20:00,0.11785216178521618,0.18305724470538887,0.3024571854058078,0.19978575254418862,0.34008192537723625,0.9993318485523385,0.5,0.20148834826495543,0.19299611789418053,0.4366102483312213,0.1524366816658919,0.026487733553172313,0.0
2021-05-20 05:30:00,0.11645746164574616,0.17005661564269237,0.3024571854058078,0.1937154079628638,0.34008192537723625,0.9993318485523385,0.5,0.20148834826495543,0.19299611789418053,0.4366102483312213,0.1524366816658919,0.026487733553172313,0.0
2021-05-20 05:40:00,0.11018131101813111,0.15705598657999564,0.2982874162323157,0.190501696125692,0.34008192537723625,0.9993318485523385,0.5,0.20148834826495543,0.19299611789418053,0.4366102483312213,0.1524366816658919,0.026487733553172313,0.0
2021-05-20 05:50:00,0.10669456066945607,0.14405535751729914,0.30126582278480996,0.18657382610248163,0.34008192537723625,0.9993318485523385,0.5,0.20148834826495543,0.19299611789418053,0.4366102483312213,0.1524366816658919,0.026487733553172313,0.0
2021-05-20 06:00:00,0.09902370990237098,0.13105472845460264,0.3030528667163066,0.18657382610248163,0.34008192537723625,0.9993318485523385,0.5,0.1844372149770046,0.19657075863416634,0.4615609271482028,0.13945894132658576,0.07748447267062956,0.0
2021-05-20 06:10:00,0.10529986052998605,0.11805409939190592,0.30067014147431115,0.18300303517229088,0.34008192537723625,0.9993318485523385,0.5,0.1844372149770046,0.19657075863416634,0.4615609271482028,0.13945894132658576,0.07748447267062956,0.0
2021-05-20 06:20:00,0.11506276150627615,0.10505347032920942,0.302755026061057,0.18193179789323355,0.34008192537723625,0.9993318485523385,0.5,0.1844372149770046,0.19657075863416634,0.4615609271482028,0.13945894132658576,0.07748447267062956,0.0
2021-05-20 06:30:00,0.12831241283124128,0.0920528412665127,0.30454206999255384,0.17586145331190872,0.34008192537723625,0.9993318485523385,0.5,0.1844372149770046,0.19657075863416634,0.4615609271482028,0.13945894132658576,0.07748447267062956,0.0
2021-05-20 06:40:00,0.16945606694560672,0.0790522122038162,0.30603127326880086,0.17586145331190872,0.34008192537723625,0.9993318485523385,0.5,0.1844372149770046,0.19657075863416634,0.4615609271482028,0.13945894132658576,0.07748447267062956,0.0
2021-05-20 06:50:00,0.1680613668061367,0.0660515831411197,0.3051377513030529,0.17728976968398502,0.27643925612804443,0.9993318485523385,0.5,0.1844372149770046,0.19657075863416634,0.4615609271482028,0.13945894132658576,0.07748447267062956,0.0
2021-05-20 07:00:00,0.1492329149232915,0.053050954078423196,0.29650037230081905,0.18550258882342452,0.19743230686681237,0.9993318485523385,0.5,0.19060136620925117,0.2087544216064612,0.47946150157813844,0.10994584735695007,0.15088507821367633,0.0
2021-05-20 07:10:00,0.1589958158995816,0.04005032501572647,0.2947133283693222,0.18478843063738615,0.19743230686681237,0.9993318485523385,0.5,0.19060136620925117,0.2087544216064612,0.47946150157813844,0.10994584735695007,0.15088507821367633,0.0
2021-05-20 07:20:00,0.16736401673640167,0.02704969595302975,0.2941176470588236,0.1922870915907875,0.19743230686681237,0.9993318485523385,0.5,0.19060136620925117,0.2087544216064612,0.47946150157813844,0.10994584735695007,0.15088507821367633,0.0
2021-05-20 07:30:00,0.15620641562064158,0.01404906689033325,0.29262844378257613,0.19978575254418862,0.19743230686681237,0.9993318485523385,0.5,0.19060136620925117,0.2087544216064612,0.47946150157813844,0.10994584735695007,0.15088507821367633,0.0
2021-05-20 07:40:00,0.12622036262203626,0.00104843782763675,0.2899478778853313,0.20585609712551345,0.19743230686681237,0.9993318485523385,0.5,0.19060136620925117,0.2087544216064612,0.47946150157813844,0.10994584735695007,0.15088507821367633,0.0
2021-05-20 07:50:00,0.09693165969316596,-0.01195219123505975,0.2866716306775874,0.21371183717193376,0.19743230686681237,0.9993318485523385,0.5,0.19060136620925117,0.2087544216064612,0.47946150157813844,0.10994584735695007,0.15088507821367633,0.0
2021-05-20 08:00:00,0.07810320781032079,0.30942895086321376,0.2872673119880862,0.22013926084627755,0.19743230686681237,0.9993318485523385,0.5,0.23568013453302172,0.22198404055091012,0.4529895605345317,0.06461488754214927,0.22946171358638884,0.0
2021-05-20 08:10:00,0.0885634588563459,0.6308100929614873,0.28518242740134014,0.225495447241564,0.19743230686681237,0.9993318485523385,0.5,0.23568013453302172,0.22198404055091012,0.4529895605345317,0.06461488754214927,0.22946171358638884,0.0
2021-05-20 08:20:00,0.0808926080892608,0.9521912350597608,0.28518242740134014,0.23120871272986965,0.19743230686681237,0.9993318485523385,0.5,0.23568013453302172,0.22198404055091012,0.4529895605345317,0.06461488754214927,0.22946171358638884,0.0
2021-05-20 08:30:00,0.09205020920502092,0.4940239043824701,0.28518242740134014,0.23513658275308003,0.19743230686681237,0.9993318485523385,0.5,0.23568013453302172,0.22198404055091012,0.4529895605345317,0.06461488754214927,0.22946171358638884,0.0
2021-05-20 08:40:00,0.0697350069735007,0.03585657370517925,0.2860759493670886,0.23942153186930915,0.19743230686681237,0.9993318485523385,0.5,0.23568013453302172,0.22198404055091012,0.4529895605345317,0.06461488754214927,0.22946171358638884,0.0
2021-05-20 08:50:00,0.08368200836820083,-0.043824701195219196,0.2914370811615785,0.24549187645063397,0.19743230686681237,0.9993318485523385,0.5,0.23568013453302172,0.22198404055091012,0.4529895605345317,0.06461488754214927,0.22946171358638884,0.0
2021-05-20 09:00:00,0.07670850767085077,-0.12350597609561753,0.29798957557706607,0.24727727191572946,0.19743230686681237,0.9993318485523385,0.5,0.20094686085724756,0.23067064742950624,0.44152353473572004,0.02206057950880775,0.45922103742021037,0.0
2021-05-20 09:10:00,0.07670850767085077,-0.17131474103585675,0.30394638868205504,0.2540617746830922,0.19743230686681237,0.9993318485523385,0.5,0.20094686085724756,0.23067064742950624,0.44152353473572004,0.02206057950880775,0.45922103742021037,0.0
2021-05-20 09:20:00,0.07252440725244073,-0.9760956175298806,0.3102010424422932,0.26191751472951275,0.19743230686681237,0.9993318485523385,0.5,0.20094686085724756,0.23067064742950624,0.44152353473572004,0.02206057950880775,0.45922103742021037,0.0
2021-05-20 09:30:00,0.058577405857740586,-0.6653386454183268,0.31675353685778074,0.2690590965898947,0.19743230686681237,0.9993318485523385,0.5,0.20094686085724756,0.23067064742950624,0.44152353473572004,0.02206057950880775,0.45922103742021037,0.0
2021-05-20 09:40:00,0.058577405857740586,-0.4820717131474104,0.32777364110201024,0.27584359935725766,0.19743230686681237,0.9993318485523385,0.5,0.20094686085724756,0.23067064742950624,0.44152353473572004,0.02206057950880775,0.45922103742021037,0.0
2021-05-20 09:50:00,0.07182705718270573,-0.298804780876494,0.3384959046909901,0.276914836636315,0.19743230686681237,0.9993318485523385,0.5,0.20094686085724756,0.23067064742950624,0.44152353473572004,0.02206057950880775,0.45922103742021037,0.0
2021-05-20 10:00:00,0.0502092050209205,-0.11553784860557781,0.3501116902457184,0.27584359935725766,0.19743230686681237,0.9993318485523385,0.5,0.427802401622561,0.23431712580494188,0.23570687524039205,0.1485082052754213,0.6156409597746278,0.0
2021-05-20 10:10:00,0.039051603905160395,0.06772908366533859,0.36321667907669375,0.27584359935725766,0.19743230686681237,0.9993318485523385,0.5,0.427802401622561,0.23431712580494188,0.23570687524039205,0.1485082052754213,0.6156409597746278,0.0
2021-05-20 10:20:00,0.024407252440725242,0.250996015936255,0.37840655249441535,0.2783431530083913,0.19743230686681237,0.9993318485523385,0.5,0.427802401622561,0.23431712580494188,0.23570687524039205,0.1485082052754213,0.6156409597746278,0.0
2021-05-20 10:30:00,0.04602510460251046,0.43426294820717115,0.3921072226358895,0.28262810212462064,0.19743230686681237,0.9993318485523385,0.5,0.427802401622561,0.23431712580494188,0.23570687524039205,0.1485082052754213,0.6156409597746278,0.0
2021-05-20 10:40:00,0.04114365411436541,0.3820274457724657,0.40282948622486936,0.28548473486877346,0.19743230686681237,0.9993318485523385,0.5,0.427802401622561,0.23431712580494188,0.23570687524039205,0.1485082052754213,0.6156409597746278,0.0
2021-05-20 10:50:00,0.043235704323570434,0.3297919433377601,0.41355174981384923,0.28905552579896465,0.19743230686681237,0.9993318485523385,0.5,0.427802401622561,0.23431712580494188,0.23570687524039205,0.1485082052754213,0.6156409597746278,0.0
2021-05-20 11:00:00,0.0808926080892608,0.2775564409030542,0.4227848101265821,0.29369755400821274,0.19743230686681237,0.9993318485523385,0.5,0.4453990913951362,0.22272827845416968,0.2076652289749475,0.32618612964460797,0.656201878362272,0.0
2021-05-20 11:10:00,0.06345885634588563,0.22532093846834877,0.43231571109456435,0.2965541867523658,0.19743230686681237,0.9993318485523385,0.5,0.4453990913951362,0.22272827845416968,0.2076652289749475,0.32618612964460797,0.656201878362272,0.0
2021-05-20 11:20:00,0.08647140864714087,0.17308543603364313,0.44393149664929243,0.3054811640778434,0.19743230686681237,0.9993318485523385,0.5,0.4453990913951362,0.22272827845416968,0.2076652289749475,0.32618612964460797,0.656201878362272,0.0
2021-05-20 11:30:00,0.13598326359832635,0.12084993359893748,0.4528667163067759,0.3154793786823784,0.19743230686681237,0.9993318485523385,0.5,0.4453990913951362,0.22272827845416968,0.2076652289749475,0.32618612964460797,0.656201878362272,0.0
2021-05-20 11:40:00,0.1499302649930265,0.06861443116423183,0.4626954579300073,0.32262096054276035,0.23444268495373705,0.9993318485523385,0.5,0.4453990913951362,0.22272827845416968,0.2076652289749475,0.32618612964460797,0.656201878362272,0.0
2021-05-20 11:50:00,0.2629009762900976,0.0163789287295264,0.47252419955323877,0.33726120335654364,0.31160435015900856,0.9920935412026727,0.5,0.4453990913951362,0.22272827845416968,0.2076652289749475,0.32618612964460797,0.656201878362272,0.0
2021-05-20 12:00:00,0.24198047419804744,-0.03585657370517936,0.4766939687267311,0.3569005534725942,0.36280116737119006,0.13452115812917595,0.5,0.4679547852177772,0.2155445149091835,0.185965810658651,0.46604275327421923,0.6828289643930288,0.06033012960755617
2021-05-20 12:10:00,0.2670850767085077,-0.01195219123505975,0.4847356664184659,0.3583288698446707,0.3297561869364359,0.00011135857461024499,0.5,0.4679547852177772,0.2155445149091835,0.185965810658651,0.46604275327421923,0.6828289643930288,0.13912820435445178
2021-05-20 12:20:00,0.23430962343096234,-0.1394422310756973,0.4924795234549515,0.3811819317978933,0.3518472471241052,0.015812917594654786,0.5,0.4679547852177772,0.2155445149091835,0.185965810658651,0.46604275327421923,0.6828289643930288,0.052884107608974454
2021-05-20 12:30:00,0.298465829846583,0.4581673306772909,0.5026061057334326,0.41331905016961246,0.31916870607635023,0.00011135857461024499,0.5,0.4679547852177772,0.2155445149091835,0.185965810658651,0.46604275327421923,0.6828289643930288,0.12942649788010924
2021-05-20 12:40:00,0.2649930264993026,0.9282868525896413,0.512434847356664,0.41974647384395647,0.3946944811610894,0.00033407572383073496,0.5,0.4679547852177772,0.2155445149091835,0.185965810658651,0.46604275327421923,0.6828289643930288,0.11176577093109225
2021-05-20 12:50:00,0.4372384937238493,-0.649402390438247,0.5172002978406551,0.44724156400642756,0.3696849929983903,0.3308463251670379,0.5,0.4679547852177772,0.2155445149091835,0.185965810658651,0.46604275327421923,0.6828289643930288,0.2502225508094814
2021-05-20 13:00:00,0.2545327754532775,0.07569721115537842,0.5273268801191362,0.4433136939832174,0.39376529557262696,0.00011135857461024499,0.5,0.5616789011357726,0.19673167493757335,0.12072679203257297,0.5389758780042482,0.6875002871632366,0.13272326749852892
2021-05-20 13:10:00,0.44839609483960946,-0.3705179282868527,0.5273268801191362,0.4668809141224781,0.35935925455758994,0.00011135857461024499,0.5,0.5616789011357726,0.19673167493757335,0.12072679203257297,0.5389758780042482,0.6875002871632366,0.3408271346017472
2021-05-20 13:20:00,0.2622036262203626,0.31474103585657365,0.49962769918093786,0.4318871630066061,0.35471332661527794,0.00011135857461024499,0.5,0.5616789011357726,0.19673167493757335,0.12072679203257297,0.5389758780042482,0.6875002871632366,0.11864598578692459
2021-05-20 13:30:00,0.10808926080892609,-0.7609561752988048,0.49635145197319397,0.4226031065881093,0.38927641308188615,0.344097995545657,0.5,0.5616789011357726,0.19673167493757335,0.12072679203257297,0.5389758780042482,0.6875002871632366,0.0006865126665359024
2021-05-20 13:40:00,0.4386331938633194,-0.4900398406374503,0.5115413253909158,0.44259953579717903,0.345879519964403,0.34966592427616927,0.5,0.5616789011357726,0.19673167493757335,0.12072679203257297,0.5389758780042482,0.6875002871632366,0.18983961253526865
2021-05-20 13:50:00,0.3284518828451883,-0.1872509960159363,0.5130305286671628,0.4461703267273702,0.35581264477627567,0.00011135857461024499,0.5,0.5616789011357726,0.19673167493757335,0.12072679203257297,0.5389758780042482,0.6875002871632366,0.1999939647238107
2021-05-20 14:00:00,0.3542538354253836,0.4183266932270917,0.5029039463886817,0.4222460274950901,0.3497533077698237,0.00011135857461024499,0.5,0.5644230599258295,0.17537578267103643,0.10613010596461354,0.5886102275922009,0.6936321587997779,0.2378954991927818
2021-05-20 14:10:00,0.4881450488145049,-0.36254980079681276,0.504393149664929,0.4254597393322621,0.3670544816845742,0.00033407572383073496,0.5,0.5644230599258295,0.17537578267103643,0.10613010596461354,0.5886102275922009,0.6936321587997779,0.4399037373447803
2021-05-20 14:20:00,0.4546722454672245,0.4581673306772909,0.5055845122859268,0.4308159257275488,0.3691745952807842,0.00011135857461024499,0.5,0.5644230599258295,0.17537578267103643,0.10613010596461354,0.5886102275922009,0.6936321587997779,0.39821506706700666
2021-05-20 14:30:00,0.32496513249651326,0.027888446215139417,0.5064780342516753,0.43902874486698806,0.39415790920155475,0.001893095768374165,0.5,0.5644230599258295,0.17537578267103643,0.10613010596461354,0.5886102275922009,0.6936321587997779,0.2161156962445494
2021-05-20 14:40:00,0.4463040446304045,0.1872509960159361,0.5136262099776618,0.4479557221924655,0.38951198125924275,0.02984409799554566,0.5,0.5644230599258295,0.17537578267103643,0.10613010596461354,0.5886102275922009,0.6936321587997779,0.30896842041733935
2021-05-20 14:50:00,0.5327754532775453,-0.0916334661354582,0.5139240506329112,0.4429566148901982,0.39173679182316684,0.000779510022271715,0.5,0.5644230599258295,0.17537578267103643,0.10613010596461354,0.5886102275922009,0.6936321587997779,0.5696470872248292
2021-05-20 15:00:00,0.4874476987447699,0.09960159362549792,0.5142218912881606,0.4497411176575612,0.37702686785933964,0.00011135857461024499,0.5,0.5640077472556244,0.14811196326510773,0.09541963871417072,0.6506048753465059,0.7037147244015234,0.4577078021032938
2021-05-20 15:10:00,0.33891213389121344,0.3306772908366533,0.5148175725986597,0.46152472772719166,0.409325882399131,0.0038975501113585743,0.5,0.5640077472556244,0.14811196326510773,0.09541963871417072,0.6506048753465059,0.7037147244015234,0.21195889976915067
2021-05-20 15:20:00,0.45327754532775455,0.09960159362549792,0.5231571109456439,0.47259417961078376,0.40406485977149886,0.01648106904231626,0.5,0.5640077472556244,0.14811196326510773,0.09541963871417072,0.6506048753465059,0.7037147244015234,0.3616035728835041
2021-05-20 15:30:00,0.5278940027894004,-0.043824701195219196,0.5261355174981384,0.47295125870380295,0.3869599926712123,0.027282850779510027,0.5,0.5640077472556244,0.14811196326510773,0.09541963871417072,0.6506048753465059,0.7037147244015234,0.4542903269610875
2021-05-20 15:40:00,0.5013947001394701,0.027888446215139417,0.5288160833953832,0.48223531512229956,0.38737878054206853,0.01893095768374165,0.5,0.5640077472556244,0.14811196326510773,0.09541963871417072,0.6506048753465059,0.7037147244015234,0.41402749068304234
2021-05-20 15:50:00,0.5481171548117155,0.03585657370517925,0.5300074460163811,0.4861631851455097,0.3815288374710447,0.00022271714922048998,0.5,0.5640077472556244,0.14811196326510773,0.09541963871417072,0.6506048753465059,0.7037147244015234,0.560511187893236
2021-05-20 16:00:00,0.5634588563458857,0.019920318725099362,0.5323901712583765,0.48723442242456705,0.37274737930402696,0.04420935412026726,0.5,0.5966035548389828,0.12997439706672378,0.07646473166068041,0.6735928635768392,0.7150959140243527,0.4808304540036514
2021-05-20 16:10:00,0.46722454672245467,0.1394422310756971,0.535368577810871,0.49080521335475824,0.3949954849432674,0.018708240534521157,0.5,0.5966035548389828,0.12997439706672378,0.07646473166068041,0.6735928635768392,0.7150959140243527,0.39352263982980523
2021-05-20 16:20:00,0.49302649930264997,-0.3227091633466136,0.5380491437081161,0.5033029816104269,0.3940008637499836,0.0006681514476614699,0.5,0.5966035548389828,0.12997439706672378,0.07646473166068041,0.6735928635768392,0.7150959140243527,0.48872912171643257
2021-05-20 16:30:00,0.5251046025104603,0.1633466135458166,0.5425167535368576,0.5058025352615605,0.3994320189501512,0.0089086859688196,0.5,0.5966035548389828,0.12997439706672378,0.07646473166068041,0.6735928635768392,0.7150959140243527,0.5237035472335804
2021-05-20 16:40:00,0.4504881450488145,-0.33067729083665354,0.5443037974683544,0.5108016425638278,0.3977961288296188,0.02160356347438753,0.5,0.5966035548389828,0.12997439706672378,0.07646473166068041,0.6735928635768392,0.7150959140243527,0.3316308825082608
2021-05-20 16:50:00,0.46234309623430964,0.4581673306772909,0.5505584512285924,0.5240135690055348,0.39663137506379975,0.23908685968819599,0.5,0.5966035548389828,0.12997439706672378,0.07646473166068041,0.6735928635768392,0.7150959140243527,0.18542631682182356
2021-05-20 17:00:00,0.49790794979079495,-0.23505976095617542,0.5520476545048398,0.5257989644706302,0.3710460535786732,0.004342984409799555,0.5,0.5981751524152805,0.11439137718494093,0.07251599348023229,0.6904126230330241,0.7212210864473718,0.45834150610317304
2021-05-20 17:10:00,0.504881450488145,0.05976095617529875,0.552941176470588,0.5183003035172289,0.38664590176807,0.0035634743875278397,0.5,0.5981751524152805,0.11439137718494093,0.07251599348023229,0.6904126230330241,0.7212210864473718,0.5125684626642727
2021-05-20 17:20:00,0.41143654114365413,0.11553784860557759,0.5541325390915859,0.5250848062845921,0.3962387614348719,0.00033407572383073496,0.5,0.5981751524152805,0.11439137718494093,0.07251599348023229,0.6904126230330241,0.7212210864473718,0.35872172850310063
2021-05-20 17:30:00,0.5139470013947002,0.027888446215139417,0.5559195830230825,0.5261560435636492,0.3697373414822473,0.00033407572383073496,0.5,0.5981751524152805,0.11439137718494093,0.07251599348023229,0.6904126230330241,0.7212210864473718,0.5026404333328304
2021-05-20 17:40:00,0.5460251046025105,0.1872509960159361,0.5580044676098284,0.5257989644706302,0.38955124262213553,0.0012249443207126948,0.5,0.5981751524152805,0.11439137718494093,0.07251599348023229,0.6904126230330241,0.7212210864473718,0.593426075410776
2021-05-20 17:50:00,0.5404463040446305,0.15537848605577675,0.5624720774385703,0.5347259417961079,0.3633377393307246,0.0066815144766146995,0.5,0.5981751524152805,0.11439137718494093,0.07251599348023229,0.6904126230330241,0.7212210864473718,0.577289255699564
2021-05-20 18:00:00,0.5334728033472803,-0.3784860557768924,0.5660461653015634,0.5368684163542226,0.3931894622501996,0.00011135857461024499,0.5,0.5636413302145971,0.12023608720514067,0.07916663337795922,0.6498736003248856,0.732037466987037,0.4983931077145918
2021-05-20 18:10:00,0.5934449093444909,0.1872509960159361,0.5672375279225612,0.542224602749509,0.3855334964861081,0.0026726057906458797,0.5,0.5636413302145971,0.12023608720514067,0.07916663337795922,0.6498736003248856,0.732037466987037,0.7016159451996922
2021-05-20 18:20:00,0.5781032078103208,-0.17131474103585675,0.5666418466120624,0.5475807891447955,0.37743256860923163,0.0034521158129175947,0.5,0.5636413302145971,0.12023608720514067,0.07916663337795922,0.6498736003248856,0.732037466987037,0.6679843686346697
2021-05-20 18:30:00,0.5,-0.059760956175298974,0.5675353685778106,0.549009105516872,0.3689521142243918,0.00022271714922048998,0.5,0.5636413302145971,0.12023608720514067,0.07916663337795922,0.6498736003248856,0.732037466987037,0.5044057516182084
2021-05-20 18:40:00,0.4735006973500697,0.24302788844621515,0.5678332092330602,0.5575790037493304,0.36651790972503956,0.00033407572383073496,0.5,0.5636413302145971,0.12023608720514067,0.07916663337795922,0.6498736003248856,0.732037466987037,0.3938319477345082
2021-05-20 18:50:00,0.5564853556485356,-0.19521912350597614,0.5699180938198063,0.5654347437957508,0.3655625498946487,0.00111358574610245,0.5,0.5636413302145971,0.12023608720514067,0.07916663337795922,0.6498736003248856,0.732037466987037,0.6287173529278633
2021-05-20 19:00:00,0.601115760111576,0.2589641434262948,0.5708116157855547,0.5618639528655596,0.37410843988430986,0.00022271714922048998,0.5,0.5736326150523159,0.10481111012134836,0.07138899636385863,0.6055719368186113,0.7378798322320979,0.7203931982437346
2021-05-20 19:10:00,0.5794979079497908,-0.3545816733067729,0.5681310498883096,0.5632922692376363,0.372498724005706,0.00022271714922048998,0.5,0.5736326150523159,0.10481111012134836,0.07138899636385863,0.6055719368186113,0.7378798322320979,0.6346394676886401
2021-05-20 19:20:00,0.5627615062761506,-0.05179282868525903,0.5708116157855547,0.5643635065166934,0.354058970567065,0.001893095768374165,0.5,0.5736326150523159,0.10481111012134836,0.07138899636385863,0.6055719368186113,0.7378798322320979,0.6057531270274756
2021-05-20 19:30:00,0.5355648535564853,0.09163346613545809,0.5720029784065523,0.5668630601678271,0.3662430801847902,0.00011135857461024499,0.5,0.5736326150523159,0.10481111012134836,0.07138899636385863,0.6055719368186113,0.7378798322320979,0.5469393605624877
2021-05-20 19:40:00,0.5815899581589958,-0.03585657370517936,0.5714072970960533,0.5722192465631137,0.3649998036931855,0.004231625835189309,0.5,0.5736326150523159,0.10481111012134836,0.07138899636385863,0.6055719368186113,0.7378798322320979,0.6542767475896616
2021-05-20 19:50:00,0.703626220362622,0.09960159362549792,0.5708116157855547,0.5668630601678271,0.3552629856957768,0.0016703786191536749,0.5,0.5736326150523159,0.10481111012134836,0.07138899636385863,0.6055719368186113,0.7378798322320979,0.9327745673461383
2021-05-20 20:00:00,0.5920502092050209,0.25099601593625476,0.5708116157855547,0.5647205856097126,0.3604716598395519,0.00022271714922048998,0.5,0.587312551467986,0.1032134411089441,0.061777246680228166,0.4966458073927873,0.7367006911808587,0.7024005311043047
2021-05-20 20:10:00,0.4783821478382148,-0.043824701195219196,0.5702159344750557,0.5700767720049991,0.3516640274306056,0.00022271714922048998,0.5,0.587312551467986,0.1032134411089441,0.061777246680228166,0.4966458073927873,0.7367006911808587,0.43682574648822364
2021-05-20 20:20:00,0.4504881450488145,-0.01195219123505975,0.5657483246463142,0.5793608284234957,0.357749538678986,0.00022271714922048998,0.5,0.587312551467986,0.1032134411089441,0.061777246680228166,0.4966458073927873,0.7367006911808587,0.4085052129698086
2021-05-20 20:30:00,0.5376569037656904,-0.019920318725099695,0.5621742367833207,0.5786466702374577,0.363455523419403,0.00022271714922048998,0.5,0.587312551467986,0.1032134411089441,0.061777246680228166,0.4966458073927873,0.7367006911808587,0.5339710608506721
2021-05-20 20:40:00,0.45536959553695955,-0.03585657370517936,0.5556217423678329,0.5718621674700946,0.3571737053565586,0.00022271714922048998,0.5,0.587312551467986,0.1032134411089441,0.061777246680228166,0.4966458073927873,0.7367006911808587,0.391297131734991
2021-05-20 20:50:00,0.4490934449093445,0.05179282868525892,0.5481757259865969,0.5654347437957508,0.3571737053565586,0.00022271714922048998,0.5,0.587312551467986,0.1032134411089441,0.061777246680228166,0.4966458073927873,0.7367006911808587,0.37778565716613605
2021-05-20 21:00:00,0.40446304044630405,0.027888446215139417,0.54132539091586,0.555793608284235,0.3571737053565586,0.00022271714922048998,0.5,0.567704603693588,0.10802081567324769,0.0703623092192473,0.38077092887481734,0.7008142330928632,0.28133439956546014
2021-05-20 21:10:00,0.4351464435146444,-0.0916334661354582,0.53596425912137,0.5461524727727192,0.3653662430801848,0.00022271714922048998,0.5,0.567704603693588,0.10802081567324769,0.0703623092192473,0.38077092887481734,0.7008142330928632,0.347895951838496
2021-05-20 21:20:00,0.42329149232914925,-0.15537848605577698,0.5317944899478777,0.5429387609355474,0.36112601588776483,0.00022271714922048998,0.5,0.567704603693588,0.10802081567324769,0.0703623092192473,0.38077092887481734,0.7008142330928632,0.32011859317712027
2021-05-20 21:30:00,0.36959553695955366,-0.15537848605577698,0.5285182427401338,0.5268702017496876,0.3571213568727016,0.00022271714922048998,0.5,0.567704603693588,0.10802081567324769,0.0703623092192473,0.38077092887481734,0.7008142330928632,0.23975134662099976
2021-05-20 21:40:00,0.3451882845188285,-0.26693227091633476,0.5258376768428887,0.5061596143545797,0.3571213568727016,0.00022271714922048998,0.5,0.567704603693588,0.10802081567324769,0.0703623092192473,0.38077092887481734,0.7008142330928632,0.19463011301054667
2021-05-20 21:50:00,0.32496513249651326,-0.33067729083665354,0.5210722263588978,0.4933047670058919,0.3571213568727016,0.00022271714922048998,0.5,0.567704603693588,0.10802081567324769,0.0703623092192473,0.38077092887481734,0.7008142330928632,0.16815033872987611
2021-05-20 22:00:00,0.31450488145048816,-0.5936254980079682,0.5177959791511539,0.4865202642385287,0.3571213568727016,0.00022271714922048998,0.5,0.43347796344701495,0.13633921156758405,0.12280603640300869,0.3726116694626552,0.6823089299198302,0.15831283854127373
2021-05-20 22:10:00,0.3179916317991632,-0.4581673306772909,0.5145197319434103,0.47795036600607044,0.3571213568727016,0.00022271714922048998,0.5,0.43347796344701495,0.13633921156758405,0.12280603640300869,0.3726116694626552,0.6823089299198302,0.15607978635122288
2021-05-20 22:20:00,0.2719665271966527,-0.4103585657370519,0.5139240506329112,0.4722371005177646,0.3571213568727016,0.00022271714922048998,0.5,0.43347796344701495,0.13633921156758405,0.12280603640300869,0.3726116694626552,0.6823089299198302,0.1152435988351917
2021-05-20 22:30:00,0.2099023709902371,-0.15537848605577698,0.5112434847356664,0.46652383502945916,0.3571213568727016,0.00022271714922048998,0.5,0.43347796344701495,0.13633921156758405,0.12280603640300869,0.3726116694626552,0.6823089299198302,0.0742791617001373
2021-05-20 22:40:00,0.19107391910739194,-0.05179282868525903,0.5064780342516753,0.462595965006249,0.3571213568727016,0.00022271714922048998,0.5,0.43347796344701495,0.13633921156758405,0.12280603640300869,0.3726116694626552,0.6823089299198302,0.05864025227454472
2021-05-20 22:50:00,0.12482566248256625,0.5059760956175297,0.5026061057334326,0.45973933226209596,0.3571213568727016,0.00022271714922048998,0.5,0.43347796344701495,0.13633921156758405,0.12280603640300869,0.3726116694626552,0.6823089299198302,0.029022134375424356
2021-05-20 23:00:00,0.10669456066945607,0.1872509960159361,0.49784065524944143,0.4754508123549366,0.3690960725549986,0.00022271714922048998,0.5,0.36455693922700183,0.13192550724554436,0.19536882429484692,0.3151354381253494,0.6896615789323916,0.012772153235662448
2021-05-20 23:10:00,0.19665271966527195,-0.24302788844621515,0.4936708860759491,0.47723620782003207,0.3634293491774745,0.00022271714922048998,0.5,0.36455693922700183,0.13192550724554436,0.19536882429484692,0.3151354381253494,0.6896615789323916,0.06026223275042624
2021-05-20 23:20:00,0.1771269177126918,0.1872509960159361,0.4933730454206997,0.4572397786109621,0.3571737053565586,0.00022271714922048998,0.5,0.36455693922700183,0.13192550724554436,0.19536882429484692,0.3151354381253494,0.6896615789323916,0.051307391704512886
2021-05-20 23:30:00,0.11785216178521618,0.20318725099601576,0.4933730454206997,0.4500981967505804,0.3571737053565586,0.00022271714922048998,0.5,0.36455693922700183,0.13192550724554436,0.19536882429484692,0.3151354381253494,0.6896615789323916,0.017396683615733963
2021-05-20 23:40:00,0.10320781032078104,-0.07569721115537853,0.489501116902457,0.4543831458668095,0.3571737053565586,0.00022271714922048998,0.5,0.36455693922700183,0.13192550724554436,0.19536882429484692,0.3151354381253494,0.6896615789323916,0.0016219804758815274
2021-05-20 23:50:00,0.07252440725244073,0.1394422310756971,0.48652271034996253,0.4572397786109621,0.3571737053565586,0.29988864142538973,0.5,0.36455693922700183,0.13192550724554436,0.19536882429484692,0.3151354381253494,0.6896615789323916,0.0
2021-05-21 00:00:00,0.06903765690376569,0.4581673306772909,0.48652271034996253,0.45831101589001966,0.3571737053565586,0.9995545657015591,0.5,0.3413172735983947,0.13004336119675716,0.20182150734564472,0.2892351968006685,0.7001007700482937,0.0
2021-05-21 00:10:00,0.07182705718270573,0.5033200531208499,0.488905435591958,0.4683092304945544,0.3571737053565586,0.9995545657015591,0.5,0.3413172735983947,0.13004336119675716,0.20182150734564472,0.2892351968006685,0.7001007700482937,0.0
2021-05-21 00:20:00,0.08926080892608089,0.548472775564409,0.4862248696947131,0.46652383502945916,0.3571737053565586,0.9995545657015591,0.5,0.3413172735983947,0.13004336119675716,0.20182150734564472,0.2892351968006685,0.7001007700482937,0.0
2021-05-21 00:30:00,0.07601115760111576,0.593625498007968,0.48235294117647043,0.4575968577039815,0.3571737053565586,0.9995545657015591,0.5,0.3413172735983947,0.13004336119675716,0.20182150734564472,0.2892351968006685,0.7001007700482937,0.0
2021-05-21 00:40:00,0.08437935843793584,0.6387782204515271,0.47848101265822773,0.449384038564542,0.3571737053565586,0.9995545657015591,0.5,0.3413172735983947,0.13004336119675716,0.20182150734564472,0.2892351968006685,0.7001007700482937,0.0
2021-05-21 00:50:00,0.09832635983263598,0.6839309428950862,0.47580044676098265,0.4429566148901982,0.3571737053565586,0.9995545657015591,0.5,0.3413172735983947,0.13004336119675716,0.20182150734564472,0.2892351968006685,0.7001007700482937,0.0
2021-05-21 01:00:00,0.100418410041841,0.7290836653386452,0.47580044676098265,0.4365291912158542,0.3571737053565586,0.9995545657015591,0.5,0.28398351290080837,0.12689399925863337,0.27837158491150343,0.28892429235838557,0.699120823965995,0.0
2021-05-21 01:10:00,0.0885634588563459,0.7742363877822043,0.47431124348473563,0.4304588466345294,0.3571737053565586,0.9995545657015591,0.5,0.28398351290080837,0.12689399925863337,0.27837158491150343,0.28892429235838557,0.699120823965995,0.0
2021-05-21 01:20:00,0.07880055788005579,0.7485613103142981,0.47222635889798936,0.42795929298339574,0.3571737053565586,0.9995545657015591,0.5,0.28398351290080837,0.12689399925863337,0.27837158491150343,0.28892429235838557,0.699120823965995,0.0
2021-05-21 01:30:00,0.09135285913528592,0.7228862328463919,0.47133283693224115,0.4226031065881093,0.3571737053565586,0.9995545657015591,0.5,0.28398351290080837,0.12689399925863337,0.27837158491150343,0.28892429235838557,0.699120823965995,0.0
2021-05-21 01:40:00,0.09274755927475593,0.6972111553784857,0.4698436336559937,0.4161756829137653,0.3571737053565586,0.9995545657015591,0.5,0.28398351290080837,0.12689399925863337,0.27837158491150343,0.28892429235838557,0.699120823965995,0.0
2021-05-21 01:50:00,0.07322175732217574,0.6715360779105799,0.4668652271034994,0.414747366541689,0.3571737053565586,0.9995545657015591,0.5,0.28398351290080837,0.12689399925863337,0.27837158491150343,0.28892429235838557,0.699120823965995,0.0
2021-05-21 02:00:00,0.09065550906555091,0.6458610004426737,0.4623976172747577,0.41439028744867,0.3571737053565586,0.9995545657015591,0.5,0.2851967648837328,0.125606668831373,0.279817265920467,0.29213416894396443,0.6973144615809483,0.0
2021-05-21 02:10:00,0.06206415620641562,0.6201859229747675,0.4612062546537601,0.40724870558828763,0.3571737053565586,0.9995545657015591,0.5,0.2851967648837328,0.125606668831373,0.279817265920467,0.29213416894396443,0.6973144615809483,0.0
2021-05-21 02:20:00,0.04951185495118549,0.5945108455068615,0.4582278481012656,0.40403499375111585,0.3571737053565586,0.9995545657015591,0.5,0.2851967648837328,0.125606668831373,0.279817265920467,0.29213416894396443,0.6973144615809483,0.0
2021-05-21 02:30:00,0.09274755927475593,0.5688357680389553,0.4579300074460164,0.40403499375111585,0.3571737053565586,0.9995545657015591,0.5,0.2851967648837328,0.125606668831373,0.279817265920467,0.29213416894396443,0.6973144615809483,0.0
2021-05-21 02:40:00,0.12133891213389121,0.5431606905710491,0.4606105733432613,0.39760757007677205,0.3571737053565586,0.9995545657015591,0.5,0.2851967648837328,0.125606668831373,0.279817265920467,0.29213416894396443,0.6973144615809483,0.0
2021-05-21 02:50:00,0.09274755927475593,0.5174856131031429,0.45644080416976895,0.3940367791465811,0.3571737053565586,0.9995545657015591,0.5,0.2851967648837328,0.125606668831373,0.279817265920467,0.29213416894396443,0.6973144615809483,0.0
2021-05-21 03:00:00,0.38772663877266383,0.4918105356352367,0.4430379746835442,0.38760935547223707,0.4190757875175041,0.9995545657015591,0.5,0.28597849459496505,0.11978494685451772,0.2718469982526282,0.21067510759772237,0.7444111105397848,0.0
2021-05-21 03:10:00,0.28033472803347276,0.4661354581673305,0.4346984363365598,0.4018925191930012,0.5912892122861892,0.31102449888641426,0.5,0.28597849459496505,0.11978494685451772,0.2718469982526282,0.21067510759772237,0.7444111105397848,0.07800594474704649
2021-05-21 03:20:00,0.37517433751743373,0.17131474103585642,0.4433358153387934,0.4097482592394215,0.5955556137205377,0.00011135857461024499,0.5,0.28597849459496505,0.11978494685451772,0.2718469982526282,0.21067510759772237,0.7444111105397848,0.25264420538044874
2021-05-21 03:30:00,0.3884239888423989,0.2111553784860556,0.43291139240506316,0.38760935547223707,0.5955556137205377,0.00011135857461024499,0.5,0.28597849459496505,0.11978494685451772,0.2718469982526282,0.21067510759772237,0.7444111105397848,0.2758272100426996
2021-05-21 03:40:00,0.41562064156206413,0.2669322709163344,0.3983618763961281,0.3347616497054098,0.6018112575414535,0.00011135857461024499,0.5,0.28597849459496505,0.11978494685451772,0.2718469982526282,0.21067510759772237,0.7444111105397848,0.2981954524193913
2021-05-21 03:50:00,0.43654114365411434,0.14741035856573692,0.3840655249441547,0.30976611319407255,0.6068236248707648,0.00011135857461024499,0.5,0.28597849459496505,0.11978494685451772,0.2718469982526282,0.21067510759772237,0.7444111105397848,0.33089910527030497
2021-05-21 04:00:00,0.4107391910739191,-0.24302788844621515,0.3733432613551748,0.2976254240314231,0.6068236248707648,0.00011135857461024499,0.5,0.19639092889354792,0.12332223202406825,0.3706684258321892,0.2128423526788585,0.9937886708950188,0.30050394556180876
2021-05-21 04:10:00,0.39191073919107394,0.027888446215139417,0.3635145197319434,0.290126763078022,0.6009867689207051,0.00011135857461024499,0.5,0.19639092889354792,0.12332223202406825,0.3706684258321892,0.2128423526788585,0.9937886708950188,0.2609125337598262
2021-05-21 04:20:00,0.46582984658298465,-0.1394422310756973,0.35130305286671604,0.2787002321014105,0.6068236248707648,0.00011135857461024499,0.5,0.19639092889354792,0.12332223202406825,0.3706684258321892,0.2128423526788585,0.9937886708950188,0.4114851305882886
2021-05-21 04:30:00,0.38354253835425384,-0.17131474103585675,0.3373045420699925,0.2708444920549904,0.5994686628888511,0.00011135857461024499,0.5,0.19639092889354792,0.12332223202406825,0.3706684258321892,0.2128423526788585,0.9937886708950188,0.2632285709974803
2021-05-21 04:40:00,0.36262203626220363,-0.11553784860557781,0.32151898734177187,0.2547759328691306,0.592545575898758,0.00011135857461024499,0.5,0.19639092889354792,0.12332223202406825,0.3706684258321892,0.2128423526788585,0.9937886708950188,0.21369404167358208
2021-05-21 04:50:00,0.3158995815899582,0.21912350597609564,0.3104988830975428,0.24084984824138544,0.5948750834303961,0.00011135857461024499,0.5,0.19639092889354792,0.12332223202406825,0.3706684258321892,0.2128423526788585,0.9937886708950188,0.1531677655898728
2021-05-21 05:00:00,0.3186889818688982,-0.06772908366533881,0.30126582278480996,0.22692376361364053,0.5955556137205377,0.00011135857461024499,0.5,0.1786802382611299,0.12440267006123266,0.44135449150897016,0.4207979523862542,0.08647279264256554,0.14648369721019358
2021-05-21 05:10:00,0.27405857740585776,-0.26693227091633476,0.2941176470588236,0.2162113908230674,0.5955556137205377,0.00011135857461024499,0.5,0.1786802382611299,0.12440267006123266,0.44135449150897016,0.4207979523862542,0.08647279264256554,0.11314634035940069
2021-05-21 05:20:00,0.2691771269177127,0.09960159362549792,0.28935219657483224,0.2094268880557042,0.5828611063852063,0.00011135857461024499,0.5,0.1786802382611299,0.12440267006123266,0.44135449150897016,0.4207979523862542,0.08647279264256554,0.12242557750049037
2021-05-21 05:30:00,0.20292887029288703,0.09163346613545809,0.2860759493670886,0.20192822710230307,0.5876248184161966,0.00011135857461024499,0.5,0.1786802382611299,0.12440267006123266,0.44135449150897016,0.4207979523862542,0.08647279264256554,0.07294385684324879
2021-05-21 05:40:00,0.2580195258019526,-0.01195219123505975,0.2771407297096051,0.19942867345116966,0.5817748753451728,0.00011135857461024499,0.5,0.1786802382611299,0.12440267006123266,0.44135449150897016,0.4207979523862542,0.08647279264256554,0.10189809436154322
2021-05-21 05:50:00,0.2496513249651325,0.12350597609561742,0.2711839166046164,0.18550258882342452,0.5903600266977268,0.00011135857461024499,0.5,0.1786802382611299,0.12440267006123266,0.44135449150897016,0.4207979523862542,0.08647279264256554,0.10231301959955943
2021-05-21 06:00:00,0.28870292887029286,-0.08366533864541836,0.2673119880863737,0.17693269059096606,0.5842483412074179,0.00011135857461024499,0.5,0.14843772461221194,0.157939351794648,0.4392521669680404,0.5029516825112249,0.11302750221438823,0.13531843625993936
2021-05-21 06:10:00,0.3584379358437936,0.5139442231075697,0.2667163067758749,0.16907695054454575,0.5837117692478831,0.00011135857461024499,0.5,0.14843772461221194,0.157939351794648,0.4392521669680404,0.5029516825112249,0.11302750221438823,0.23286358766993076
2021-05-21 06:20:00,0.33821478382147835,-0.31474103585657376,0.263440059568131,0.16729155507945004,0.5888419206658728,0.00011135857461024499,0.5,0.14843772461221194,0.157939351794648,0.4392521669680404,0.5029516825112249,0.11302750221438823,0.19828145510508924
2021-05-21 06:30:00,0.3437935843793584,-0.4581673306772909,0.2613551749813847,0.1651490805213356,0.5822460116998861,0.00011135857461024499,0.5,0.14843772461221194,0.157939351794648,0.4392521669680404,0.5029516825112249,0.11302750221438823,0.18899467386876292
2021-05-21 06:40:00,0.31520223152022314,0.3705179282868525,0.2613551749813847,0.1647920014283164,0.5849157843765951,0.00011135857461024499,0.5,0.14843772461221194,0.157939351794648,0.4392521669680404,0.5029516825112249,0.11302750221438823,0.16968179006291775
2021-05-21 06:50:00,0.29288702928870297,-0.17131474103585675,0.2613551749813847,0.1647920014283164,0.5960398371962152,0.00011135857461024499,0.5,0.14843772461221194,0.157939351794648,0.4392521669680404,0.5029516825112249,0.11302750221438823,0.14585753730555095
2021-05-21 07:00:00,0.27475592747559274,-0.11553784860557781,0.2613551749813847,0.1647920014283164,0.5888680949078012,0.00011135857461024499,0.5,0.14382072314167438,0.17436718226932188,0.5153009483033348,0.524880078676072,0.13202125221718605,0.11761998883473905
2021-05-21 07:10:00,0.2712691771269177,0.03585657370517925,0.2568875651526432,0.16264952687020195,0.5822198374579576,0.00011135857461024499,0.5,0.14382072314167438,0.17436718226932188,0.5153009483033348,0.524880078676072,0.13202125221718605,0.11396864674019645
2021-05-21 07:20:00,0.3075313807531381,0.2828685258964143,0.2592702903946389,0.1587216568469918,0.5925324887777937,0.00011135857461024499,0.5,0.14382072314167438,0.17436718226932188,0.5153009483033348,0.524880078676072,0.13202125221718605,0.15955761425532236
2021-05-21 07:30:00,0.301952580195258,0.3545816733067728,0.26165301563663435,0.15443670773076223,0.5960005758333223,0.00011135857461024499,0.5,0.14382072314167438,0.17436718226932188,0.5153009483033348,0.524880078676072,0.13202125221718605,0.17205063596722844
2021-05-21 07:40:00,0.2482566248256625,0.17928286852589648,0.26612062546537585,0.15943581503302973,0.594259988745076,0.00011135857461024499,0.5,0.14382072314167438,0.17436718226932188,0.5153009483033348,0.524880078676072,0.13202125221718605,0.11457971845436576
2021-05-21 07:50:00,0.1394700139470014,0.20318725099601576,0.2562918838421444,0.16764863417246945,0.6292418630825405,0.05412026726057907,0.5,0.14382072314167438,0.17436718226932188,0.5153009483033348,0.524880078676072,0.13202125221718605,0.0
2021-05-21 08:00:00,0.17852161785216178,0.9840637450199201,0.25480268056589694,0.16407784324227825,0.6404706128698747,0.7155902004454344,0.5,0.1741772376504349,0.17303962276620977,0.5435777079539214,0.4967417755993311,0.16213241138713683,0.0
2021-05-21 08:10:00,0.1087866108786611,0.19521912350597592,0.2771407297096051,0.19264417068380646,0.6408108780149454,0.17728285077951003,0.5,0.1741772376504349,0.17303962276620977,0.5435777079539214,0.4967417755993311,0.16213241138713683,0.0
2021-05-21 08:20:00,0.1297071129707113,0.5617529880478087,0.2872673119880862,0.21656846991608636,0.6408108780149454,0.9996659242761693,0.5,0.1741772376504349,0.17303962276620977,0.5435777079539214,0.4967417755993311,0.16213241138713683,0.0
2021-05-21 08:30:00,0.10251046025104603,0.15575792069815964,0.2899478778853313,0.22978039635779313,0.6408108780149454,0.9996659242761693,0.5,0.1741772376504349,0.17303962276620977,0.5435777079539214,0.4967417755993311,0.16213241138713683,0.0
2021-05-21 08:40:00,0.11506276150627615,-0.25023714665148933,0.302755026061057,0.23620782003213714,0.6408108780149454,0.9996659242761693,0.5,0.1741772376504349,0.17303962276620977,0.5435777079539214,0.4967417755993311,0.16213241138713683,0.0
2021-05-21 08:50:00,0.14295676429567641,-0.6562322140011383,0.3075204765450483,0.23620782003213714,0.6408108780149454,0.9996659242761693,0.5,0.1741772376504349,0.17303962276620977,0.5435777079539214,0.4967417755993311,0.16213241138713683,0.0
2021-05-21 09:00:00,0.11506276150627615,-0.5401252134319864,0.31675353685778074,0.23906445277629018,0.6408108780149454,0.9996659242761693,0.5,0.20788860601763104,0.18821173137322142,0.5207757676471048,0.4791326719938169,0.2113284269739173,0.0
2021-05-21 09:10:00,0.1199442119944212,-0.42401821286283436,0.3265822784810126,0.24406356007855767,0.6408108780149454,0.9996659242761693,0.5,0.20788860601763104,0.18821173137322142,0.5207757676471048,0.4791326719938169,0.2113284269739173,0.0
2021-05-21 09:20:00,0.1290097629009763,-0.30791121229368235,0.33551749813849585,0.24906266738082472,0.6408108780149454,0.9996659242761693,0.5,0.20788860601763104,0.18821173137322142,0.5207757676471048,0.4791326719938169,0.2113284269739173,0.0
2021-05-21 09:30:00,0.1415620641562064,-0.19180421172453055,0.34415487714072945,0.25870380289234074,0.6408108780149454,0.9996659242761693,0.5,0.20788860601763104,0.18821173137322142,0.5207757676471048,0.4791326719938169,0.2113284269739173,0.0
2021-05-21 09:40:00,0.2615062761506276,-0.07569721115537853,0.3545793000744599,0.2672737011247992,0.6310478857756083,0.2512249443207127,0.5,0.20788860601763104,0.18821173137322142,0.5207757676471048,0.4791326719938169,0.2113284269739173,0.0680779154156042
2021-05-21 09:50:00,0.28172942817294283,0.29083665338645415,0.37036485480268033,0.27905731119442967,0.6339008781458167,0.00011135857461024499,0.5,0.20788860601763104,0.18821173137322142,0.5207757676471048,0.4791326719938169,0.2113284269739173,0.12987914359430874
2021-05-21 10:00:00,0.36192468619246865,-0.3227091633466136,0.37155621742367817,0.2844134975897161,0.6574969572443757,0.00011135857461024499,0.5,0.35388168258331687,0.1919185533624326,0.37648970136161597,0.4424124606412574,0.29947764243439573,0.2186429681488299
2021-05-21 10:10:00,0.3354253835425383,0.20318725099601576,0.35547282204020836,0.2544188537761116,0.6513721846331025,0.00011135857461024499,0.5,0.35388168258331687,0.1919185533624326,0.37648970136161597,0.4424124606412574,0.29947764243439573,0.19914902605730497
2021-05-21 10:20:00,0.2907949790794979,0.10756972111553775,0.35785554728220403,0.24370648098553827,0.6556254989464868,0.00011135857461024499,0.5,0.35388168258331687,0.1919185533624326,0.37648970136161597,0.4424124606412574,0.29947764243439573,0.14214584244911507
2021-05-21 10:30:00,0.11297071129707113,0.7131474103585655,0.3644080416976916,0.2547759328691306,0.672455536506524,0.3484409799554566,0.5,0.35388168258331687,0.1919185533624326,0.37648970136161597,0.4424124606412574,0.29947764243439573,0.010297689998038536
2021-05-21 10:40:00,0.1324965132496513,0.6573705179282867,0.3804914370811614,0.28619889305481183,0.6740129039012708,0.9993318485523385,0.5,0.35388168258331687,0.1919185533624326,0.37648970136161597,0.4424124606412574,0.29947764243439573,0.0
2021-05-21 10:50:00,0.11924686192468618,0.6015936254980081,0.40074460163812353,0.32047848598464546,0.6740129039012708,0.9993318485523385,0.5,0.35388168258331687,0.1919185533624326,0.37648970136161597,0.4424124606412574,0.29947764243439573,0.0
2021-05-21 11:00:00,0.11506276150627615,0.5458167330677288,0.41653015636634394,0.3404749151937154,0.6740129039012708,0.9993318485523385,0.5,0.3838066081142064,0.18812552621068074,0.3149244878960357,0.36778276448066943,0.41602233706129815,0.0
2021-05-21 11:10:00,0.0794979079497908,0.49003984063745,0.4278481012658226,0.3536868416354222,0.6740129039012708,0.9993318485523385,0.5,0.3838066081142064,0.18812552621068074,0.3149244878960357,0.36778276448066943,0.41602233706129815,0.0
2021-05-21 11:20:00,0.04393305439330544,0.43426294820717115,0.4385703648548025,0.36725584717014814,0.6740129039012708,0.9993318485523385,0.5,0.3838066081142064,0.18812552621068074,0.3149244878960357,0.36778276448066943,0.41602233706129815,0.0
2021-05-21 11:30:00,0.10390516039051603,0.1580345285524567,0.4504839910647802,0.38296732726298877,0.6740129039012708,0.9993318485523385,0.5,0.3838066081142064,0.18812552621068074,0.3149244878960357,0.36778276448066943,0.41602233706129815,0.0
2021-05-21 11:40:00,0.0801952580195258,-0.11819389110225775,0.46299329858525673,0.38832351365827544,0.6740129039012708,0.9993318485523385,0.5,0.3838066081142064,0.18812552621068074,0.3149244878960357,0.36778276448066943,0.41602233706129815,0.0
2021-05-21 11:50:00,0.10529986052998605,-0.3944223107569722,0.4698436336559937,0.3997500446348867,0.6740129039012708,0.9993318485523385,0.5,0.3838066081142064,0.18812552621068074,0.3149244878960357,0.36778276448066943,0.41602233706129815,0.0
2021-05-21 12:00:00,0.10251046025104603,-0.43160690571049143,0.4728220402084884,0.40689162649526867,0.6740129039012708,0.9993318485523385,0.5,0.40546660471886153,0.19928622125417028,0.2744189154932239,0.4719550186132601,0.6330411947632759,0.0
2021-05-21 12:10:00,0.15690376569037656,-0.46879150066401065,0.481459419210722,0.40760578468130704,0.6740129039012708,0.9993318485523385,0.5,0.40546660471886153,0.19928622125417028,0.2744189154932239,0.4719550186132601,0.6330411947632759,0.0
2021-05-21 12:20:00,0.16945606694560672,-0.50597609561753,0.4856291883842141,0.40724870558828763,0.6740129039012708,0.9993318485523385,0.5,0.40546660471886153,0.19928622125417028,0.2744189154932239,0.4719550186132601,0.6330411947632759,0.0
2021-05-21 12:30:00,0.16248256624825663,-0.5431606905710491,0.4853313477289649,0.40403499375111585,0.6740129039012708,0.9993318485523385,0.5,0.40546660471886153,0.19928622125417028,0.2744189154932239,0.4719550186132601,0.6330411947632759,0.0
2021-05-21 12:40:00,0.24546722454672246,-0.5803452855245684,0.48682055100521215,0.40403499375111585,0.58173561398228,0.9993318485523385,0.5,0.40546660471886153,0.19928622125417028,0.2744189154932239,0.4719550186132601,0.6330411947632759,0.0
2021-05-21 12:50:00,0.29218967921896793,-0.6175298804780878,0.48682055100521215,0.42795929298339574,0.3802462996165474,0.479064587973274,0.5,0.40546660471886153,0.19928622125417028,0.2744189154932239,0.4719550186132601,0.6330411947632759,0.0619521100834377
2021-05-21 13:00:00,0.3312412831241283,-0.23505976095617542,0.49099032017870425,0.41831815747187995,0.3993404091034013,0.00011135857461024499,0.5,0.4618802203838739,0.20360509989741563,0.25138630029559106,0.7949931059360601,0.7128968861403385,0.1676297961585467
2021-05-21 13:10:00,0.33054393305439334,0.20318725099601576,0.4972449739389424,0.41688984109980365,0.38565128057478637,0.00011135857461024499,0.5,0.4618802203838739,0.20360509989741563,0.25138630029559106,0.7949931059360601,0.7128968861403385,0.1891983644401527
2021-05-21 13:20:00,0.1903765690376569,-0.15537848605577698,0.4656738644825016,0.3940367791465811,0.3847482692282525,0.04498886414253898,0.5,0.4618802203838739,0.20360509989741563,0.25138630029559106,0.7949931059360601,0.7128968861403385,0.01280232961660908
2021-05-21 13:30:00,0.46582984658298465,0.24302788844621515,0.45524944154877134,0.36582753079807184,0.3914750494038816,0.00011135857461024499,0.5,0.4618802203838739,0.20360509989741563,0.25138630029559106,0.7949931059360601,0.7128968861403385,0.4145178568734252
2021-05-21 13:40:00,0.3807531380753138,-0.02788844621513953,0.44512285927029005,0.3551151580074987,0.3952964887254453,0.00011135857461024499,0.5,0.4618802203838739,0.20360509989741563,0.25138630029559106,0.7949931059360601,0.7128968861403385,0.2793880229944023
2021-05-21 13:50:00,0.36541143654114366,0.3227091633466135,0.43767684288905406,0.35083020889126937,0.38461739801860984,0.00011135857461024499,0.5,0.4618802203838739,0.20360509989741563,0.25138630029559106,0.7949931059360601,0.7128968861403385,0.2712554883292847
2021-05-21 14:00:00,0.5892608089260809,-0.298804780876494,0.43231571109456435,0.35011605070523144,0.4127154467288741,0.00311804008908686,0.5,0.48449288128334667,0.19105937524245076,0.2534772115653974,0.9437762825896441,0.7331150177955095,0.6726617076813978
2021-05-21 14:10:00,0.49581589958159,0.019920318725099362,0.4269545793000742,0.3486877343331549,0.4086977005928466,0.00044543429844097997,0.5,0.48449288128334667,0.19105937524245076,0.2534772115653974,0.9437762825896441,0.7331150177955095,0.461389320578783
2021-05-21 14:20:00,0.5523012552301255,-0.03585657370517936,0.42516753536857754,0.3519014461703267,0.39415790920155475,0.0012249443207126948,0.5,0.48449288128334667,0.19105937524245076,0.2534772115653974,0.9437762825896441,0.7331150177955095,0.623051737405133
2021-05-21 14:30:00,0.5550906555090656,-0.17131474103585675,0.4275502606105732,0.3647562935190145,0.37956576932640584,0.004342984409799555,0.5,0.48449288128334667,0.19105937524245076,0.2534772115653974,0.9437762825896441,0.7331150177955095,0.6003590989332649
2021-05-21 14:40:00,0.6373779637377964,0.1633466135458166,0.42844378257632143,0.36868416354222466,0.37443561790841634,0.00155902004454343,0.5,0.48449288128334667,0.19105937524245076,0.2534772115653974,0.9437762825896441,0.7331150177955095,0.7757517690903329
2021-05-21 14:50:00,0.6157601115760112,0.09960159362549792,0.4346984363365598,0.369755400821282,0.3843556555993247,0.005011135857461025,0.5,0.48449288128334667,0.19105937524245076,0.2534772115653974,0.9437762825896441,0.7331150177955095,0.7420070310967606
2021-05-21 15:00:00,0.5418410041841004,-0.07569721115537853,0.4385703648548025,0.3890376718443136,0.39482535237073196,0.03184855233853007,0.5,0.490909448696778,0.1901973236170524,0.2503397033335755,0.9411517352170906,0.7611583874218179,0.4874994341928573
2021-05-21 15:10:00,0.6408647140864714,0.01195219123505975,0.4433358153387934,0.40546331012319237,0.3801939511326903,0.07516703786191536,0.5,0.490909448696778,0.1901973236170524,0.2503397033335755,0.9385272782526448,0.7611583874218179,0.46842796143458515
2021-05-21 15:20:00,0.7831241283124128,-0.01195219123505975,0.4469099032017869,0.3965363327977147,0.40067529544175573,0.10144766146993318,0.5,0.490909448696778,0.1901973236170524,0.2503397033335755,0.9359028212881991,0.7611583874218179,0.5466828613244413
2021-05-21 15:30:00,0.8284518828451883,0.08366533864541825,0.4460163812360385,0.3929655418675235,0.4019578332962531,0.09153674832962139,0.5,0.490909448696778,0.1901973236170524,0.2503397033335755,0.9332783643237534,0.7611583874218179,0.7800519033752282
2021-05-21 15:40:00,0.7370990237099024,-0.17131474103585675,0.4412509307520476,0.3747545081235495,0.40123804164321897,0.09142538975501115,0.5,0.490909448696778,0.1901973236170524,0.2503397033335755,0.9306538169511998,0.7611583874218179,0.5331336662794032
2021-05-21 15:50:00,0.8800557880055787,0.47410358565737054,0.4379746835443037,0.369755400821282,0.42209891246024783,0.13329621380846327,0.5,0.490909448696778,0.1901973236170524,0.2503397033335755,0.9280293599867541,0.7611583874218179,0.5481992244670096
2021-05-21 16:00:00,0.8668061366806137,-0.3227091633466136,0.4275502606105732,0.35582931619353686,0.45565429061260815,0.133184855233853,0.5,0.4044894592563659,0.2031970621280609,0.30902078318627335,0.9254048126142004,0.7695705247360463,0.479955338956199
2021-05-21 16:10:00,0.7789400278940027,-0.1872509960159363,0.4147431124348473,0.33868951972861994,0.4307756736595516,0.10913140311804011,0.5,0.4044894592563659,0.2031970621280609,0.30902078318627335,0.9227803556497547,0.7695705247360463,0.5270682137091298
2021-05-21 16:20:00,0.6680613668061367,-0.21115537848605592,0.4084884586746089,0.3347616497054098,0.4314431168287289,0.0700445434298441,0.5,0.4044894592563659,0.2031970621280609,0.30902078318627335,0.920155808277201,0.7695705247360463,0.5229491377099145
2021-05-21 16:30:00,0.7914923291492328,-0.01195219123505975,0.40491437081161563,0.33976075700767727,0.4139848974624073,0.10734966592427618,0.5,0.4044894592563659,0.2031970621280609,0.30902078318627335,0.9175313965168094,0.7695705247360463,0.6310635665464641
2021-05-21 16:40:00,0.7175732217573221,0.027888446215139417,0.39955323901712547,0.33404749151937163,0.4132520186884087,0.08385300668151448,0.5,0.4044894592563659,0.2031970621280609,0.30902078318627335,0.9149068943483096,0.7695705247360463,0.5554943645608582
2021-05-21 16:50:00,0.6317991631799164,-0.15537848605577698,0.3924050632911391,0.3347616497054098,0.40939131800395234,0.0655902004454343,0.5,0.4044894592563659,0.2031970621280609,0.30902078318627335,0.9122824373838639,0.7695705247360463,0.46395431295924683
2021-05-21 17:00:00,0.5697350069735007,0.24302788844621515,0.3921072226358895,0.3472594179610784,0.4429990446401696,0.18329621380846325,0.5,0.3669753717451971,0.21410776220018626,0.3601472920682712,0.9096578900113103,0.7733134172060991,0.3829005537365904
2021-05-21 17:10:00,0.6206415620641562,-0.1394422310756973,0.3813849590469096,0.33654704517050527,0.4453809006556648,0.03285077951002228,0.5,0.3669753717451971,0.21410776220018626,0.3601472920682712,0.9070334330468647,0.7733134172060991,0.6315916532130302
2021-05-21 17:20:00,0.6087866108786611,0.08366533864541825,0.3772151898734175,0.33654704517050527,0.4569237413461412,0.03708240534521158,0.5,0.3669753717451971,0.21410776220018626,0.3601472920682712,0.904408885674311,0.7733134172060991,0.5829473271270577
2021-05-21 17:30:00,0.6429567642956765,0.21912350597609564,0.3655994043186892,0.33726120335654364,0.46321864652994993,0.05400890868596882,0.5,0.3669753717451971,0.21410776220018626,0.3601472920682712,0.9017844287098653,0.7733134172060991,0.5618314045596512
2021-05-21 17:40:00,0.8054393305439331,0.003984063745019917,0.34415487714072945,0.3169076950544547,0.4764497258248158,0.07394209354120267,0.5,0.3669753717451971,0.21410776220018626,0.3601472920682712,0.8991598813373116,0.7733134172060991,0.8602230034551956
2021-05-21 17:50:00,0.5955369595536959,0.003984063745019917,0.31347728965003685,0.28905552579896465,0.48762612712829306,0.011581291759465479,0.5,0.3669753717451971,0.21410776220018626,0.3601472920682712,0.8965355147809737,0.7733134172060991,0.6340962928316007
2021-05-21 18:00:00,0.5104602510460251,-0.31474103585657376,0.2917349218168279,0.28048562756650597,0.4772349530826713,0.00022271714922048998,0.5,0.306636897922536,0.2659170648866274,0.4585012827882672,0.89391096740842,0.8209904780328886,0.5074384779033451
2021-05-21 18:10:00,0.4825662482566248,0.2111553784860556,0.2747580044676097,0.26655954293876083,0.4719084948502179,0.00033407572383073496,0.5,0.306636897922536,0.2659170648866274,0.4585012827882672,0.89391096740842,0.8209904780328886,0.462317244292892
2021-05-21 18:20:00,0.5125523012552301,-0.0916334661354582,0.26195085629188375,0.25370469559007325,0.48113491513002055,0.00033407572383073496,0.5,0.306636897922536,0.2659170648866274,0.4585012827882672,0.89391096740842,0.8209904780328886,0.5065709069511294
2021-05-21 18:30:00,0.599721059972106,0.003984063745019917,0.2524199553239015,0.24406356007855767,0.4743296122286058,0.0016703786191536749,0.5,0.306636897922536,0.2659170648866274,0.4585012827882672,0.89391096740842,0.8209904780328886,0.7688489219487907
2021-05-21 18:40:00,0.6785216178521618,-0.0916334661354582,0.23752792256142952,0.2258525263345832,0.4663726426823363,0.004899777282850779,0.5,0.306636897922536,0.2659170648866274,0.4585012827882672,0.89391096740842,0.8209904780328886,0.8987129773526261
2021-05-21 18:50:00,0.601115760111576,0.22709163346613526,0.21518987341772133,0.1987145152651313,0.47214406302757456,0.00033407572383073496,0.5,0.306636897922536,0.2659170648866274,0.4585012827882672,0.89391096740842,0.8209904780328886,0.7561371214750215
2021-05-21 19:00:00,0.6178521617852162,0.09960159362549792,0.20416976917349206,0.184074272451348,0.4824959757103035,0.00022271714922048998,0.5,0.265881957412774,0.288557414075004,0.5171427966344039,0.7065524863953124,0.8519418014954755,0.7831148060413115
2021-05-21 19:10:00,0.599721059972106,0.29083665338645415,0.20029784065524936,0.18264595607927148,0.4824959757103035,0.00022271714922048998,0.5,0.265881957412774,0.288557414075004,0.5171427966344039,0.7065524863953124,0.8519418014954755,0.7474840442385745
2021-05-21 19:20:00,0.5592747559274756,0.08366533864541825,0.19553239017125823,0.18121763970719518,0.49053146798235864,0.0006681514476614699,0.5,0.265881957412774,0.288557414075004,0.5171427966344039,0.7065524863953124,0.8519418014954755,0.6228254145480333
2021-05-21 19:30:00,0.5167364016736402,-0.12350597609561753,0.1904690990320177,0.180860560614176,0.49132978236117836,0.00011135857461024499,0.5,0.265881957412774,0.288557414075004,0.5171427966344039,0.7065524863953124,0.8519418014954755,0.5491950450382486
2021-05-21 19:40:00,0.37796373779637377,-0.2589641434262948,0.18421444527177955,0.17586145331190872,0.49371163837667353,0.00033407572383073496,0.5,0.265881957412774,0.288557414075004,0.5171427966344039,0.7065524863953124,0.8519418014954755,0.2514824147140034
2021-05-21 19:50:00,0.14783821478382148,0.5219123505976095,0.1782576321667908,0.17586145331190872,0.5062752745023622,0.00044543429844097997,0.5,0.265881957412774,0.288557414075004,0.5171427966344039,0.7065524863953124,0.8519418014954755,0.03801469589752101
2021-05-21 20:00:00,0.100418410041841,-0.6733067729083666,0.1752792256142961,0.17764684877700399,0.5128057478635275,0.04075723830734967,0.5,0.2364374164296652,0.33330938745485145,0.543846300267692,0.5681550044232736,0.8699464892727078,0.0
2021-05-21 20:10:00,0.09205020920502092,-0.6165338645418327,0.17915115413253901,0.16157828959114462,0.49786025572234366,0.8502227171492205,0.5,0.2364374164296652,0.33330938745485145,0.543846300267692,0.5681550044232736,0.8699464892727078,0.0
2021-05-21 20:20:00,0.11645746164574616,-0.5597609561752989,0.21072226358897983,0.190501696125692,0.49786025572234366,0.9993318485523385,0.5,0.2364374164296652,0.33330938745485145,0.543846300267692,0.5681550044232736,0.8699464892727078,0.0
2021-05-21 20:30:00,0.1304044630404463,-0.5029880478087649,0.22740134028294823,0.21014104624174257,0.49786025572234366,0.9993318485523385,0.5,0.2364374164296652,0.33330938745485145,0.543846300267692,0.5681550044232736,0.8699464892727078,0.0
2021-05-21 20:40:00,0.10460251046025104,-0.4462151394422311,0.23484735666418444,0.21264059989287643,0.49786025572234366,0.9993318485523385,0.5,0.2364374164296652,0.33330938745485145,0.543846300267692,0.5681550044232736,0.8699464892727078,0.0
2021-05-21 20:50:00,0.07182705718270573,-0.3894422310756973,0.23752792256142952,0.2115693626138191,0.49786025572234366,0.9993318485523385,0.5,0.2364374164296652,0.33330938745485145,0.543846300267692,0.5681550044232736,0.8699464892727078,0.0
2021-05-21 21:00:00,0.13319386331938632,-0.3326693227091634,0.23752792256142952,0.2097839671487236,0.49786025572234366,0.9993318485523385,0.5,0.20062520366230263,0.3554353791734089,0.5399254611944344,0.44556013644859593,0.8674980655274175,0.0
2021-05-21 21:10:00,0.19665271966527195,-0.2758964143426297,0.23454951600893525,0.19835743617211232,0.4632709950138069,0.7280623608017817,0.5,0.20062520366230263,0.3554353791734089,0.5399254611944344,0.44556013644859593,0.8674980655274175,0.0
2021-05-21 21:20:00,0.11715481171548117,-0.21912350597609564,0.2330603127326878,0.1987145152651313,0.4347148970697936,0.3319599109131403,0.5,0.20062520366230263,0.3554353791734089,0.5399254611944344,0.44556013644859593,0.8674980655274175,0.0
2021-05-21 21:30:00,0.11645746164574616,-0.09732498577120097,0.2372300819061801,0.20014283163720759,0.4347148970697936,0.9992204899777284,0.5,0.20062520366230263,0.3554353791734089,0.5399254611944344,0.44556013644859593,0.8674980655274175,0.0
2021-05-21 21:40:00,0.10251046025104603,0.02447353443369371,0.23425167535368563,0.19835743617211232,0.4347148970697936,0.9992204899777284,0.5,0.20062520366230263,0.3554353791734089,0.5399254611944344,0.44556013644859593,0.8674980655274175,0.0
2021-05-21 21:50:00,0.08298465829846582,0.1462720546385885,0.23574087862993265,0.19978575254418862,0.4347148970697936,0.9992204899777284,0.5,0.20062520366230263,0.3554353791734089,0.5399254611944344,0.44556013644859593,0.8674980655274175,0.0
2021-05-21 22:00:00,0.08647140864714087,0.26807057484348307,0.23514519731943406,0.20049991073022677,0.4347148970697936,0.9992204899777284,0.5,0.15628740757441983,0.3831532124353812,0.600282896946912,0.39379112486159684,0.8174698461220554,0.0
2021-05-21 22:10:00,0.09135285913528592,0.38986909504837786,0.23425167535368563,0.20049991073022677,0.4347148970697936,0.9992204899777284,0.5,0.15628740757441983,0.3831532124353812,0.600282896946912,0.39379112486159684,0.8174698461220554,0.0
2021-05-21 22:20:00,0.08228730822873082,0.5116676152532726,0.23127326880119137,0.20049991073022677,0.4347148970697936,0.9992204899777284,0.5,0.15628740757441983,0.3831532124353812,0.600282896946912,0.39379112486159684,0.8174698461220554,0.0
2021-05-21 22:30:00,0.10251046025104603,0.6334661354581672,0.2220402084884585,0.20049991073022677,0.4347148970697936,0.9992204899777284,0.5,0.15628740757441983,0.3831532124353812,0.600282896946912,0.39379112486159684,0.8174698461220554,0.0
2021-05-21 22:40:00,0.0885634588563459,0.7529880478087649,0.2178704393149664,0.20049991073022677,0.4347148970697936,0.9992204899777284,0.5,0.15628740757441983,0.3831532124353812,0.600282896946912,0.39379112486159684,0.8174698461220554,0.0
2021-05-21 22:50:00,0.09135285913528592,0.5896414342629481,0.2098287416232314,0.19407248705588276,0.4347148970697936,0.9992204899777284,0.5,0.15628740757441983,0.3831532124353812,0.600282896946912,0.39379112486159684,0.8174698461220554,0.0
2021-05-21 23:00:00,0.11366806136680613,0.4262948207171313,0.20774385703648535,0.1919300124977683,0.4347148970697936,0.9992204899777284,0.5,0.12869946631721518,0.41349168263856734,0.5969196595750941,0.48219057255000347,0.7798214604216511,0.0
2021-05-21 23:10:00,0.15620641562064158,-0.2270916334661356,0.2139985107967235,0.18657382610248163,0.4347148970697936,0.9992204899777284,0.5,0.12869946631721518,0.41349168263856734,0.5969196595750941,0.48219057255000347,0.7798214604216511,0.0
2021-05-21 23:20:00,0.11715481171548117,-0.2509960159362551,0.21667907669396835,0.1837171933583288,0.4347148970697936,0.9992204899777284,0.5,0.12869946631721518,0.41349168263856734,0.5969196595750941,0.48219057255000347,0.7798214604216511,0.0
2021-05-21 23:30:00,0.099721059972106,-0.9282868525896414,0.21667907669396835,0.1794322442420997,0.4347148970697936,0.9992204899777284,0.5,0.12869946631721518,0.41349168263856734,0.5969196595750941,0.48219057255000347,0.7798214604216511,0.0
2021-05-21 23:40:00,0.09623430962343095,-0.6653386454183265,0.21667907669396835,0.17514729512587035,0.4347148970697936,0.9992204899777284,0.5,0.12869946631721518,0.41349168263856734,0.5969196595750941,0.48219057255000347,0.7798214604216511,0.0
2021-05-21 23:50:00,0.1094839609483961,-0.40239043824701204,0.21548771407297096,0.17229066238171753,0.4347148970697936,0.9992204899777284,0.5,0.12869946631721518,0.41349168263856734,0.5969196595750941,0.48219057255000347,0.7798214604216511,0.0
2021-05-22 00:00:00,0.10146443514644352,-0.3784860557768924,0.21161575577066238,0.1678271737189787,0.4347148970697936,0.9992204899777284,0.5,0.12124875301136684,0.42186507742660306,0.6001563364515659,0.5304814666952622,0.7710548599923547,0.0
2021-05-22 00:10:00,0.09344490934449094,-0.3545816733067729,0.20774385703648535,0.16336368505623988,0.4347148970697936,0.9992204899777284,0.5,0.12124875301136684,0.42186507742660306,0.6001563364515659,0.5304814666952622,0.7710548599923547,0.0
2021-05-22 00:20:00,0.10739191073919108,-0.33067729083665354,0.202084884586746,0.16122121049812543,0.4347148970697936,0.9992204899777284,0.5,0.12124875301136684,0.42186507742660306,0.6001563364515659,0.5304814666952622,0.7710548599923547,0.0
2021-05-22 00:30:00,0.08786610878661089,-0.4422310756972112,0.20029784065524936,0.15479378682378164,0.4347148970697936,0.9992204899777284,0.5,0.12124875301136684,0.42186507742660306,0.6001563364515659,0.5304814666952622,0.7710548599923547,0.0
2021-05-22 00:40:00,0.099721059972106,-0.49203187250996017,0.2014892032762472,0.15407962863774327,0.4347148970697936,0.9992204899777284,0.5,0.12124875301136684,0.42186507742660306,0.6001563364515659,0.5304814666952622,0.7710548599923547,0.0
2021-05-22 00:50:00,0.11087866108786612,-0.5418326693227091,0.19970215934475055,0.1505088377075523,0.4347148970697936,0.9992204899777284,0.5,0.12124875301136684,0.42186507742660306,0.6001563364515659,0.5304814666952622,0.7710548599923547,0.0
2021-05-22 01:00:00,0.1506276150627615,-0.5916334661354582,0.19880863737900212,0.14372433494018932,0.4347148970697936,0.9992204899777284,0.5,0.09765894664939867,0.42777013106058254,0.541271973558748,0.554657091994311,0.776436253547035,0.0
2021-05-22 01:10:00,0.20502092050209206,-0.6414342629482073,0.19642591213700666,0.13836814854490287,0.4185130413160409,0.4744988864142539,0.5,0.09765894664939867,0.42777013106058254,0.541271973558748,0.554657091994311,0.776436253547035,0.014341325044887368
2021-05-22 01:20:00,0.21269177126917713,-0.03585657370517936,0.20833953834698438,0.15586502410283876,0.4148486474460483,0.00011135857461024499,0.5,0.09765894664939867,0.42777013106058254,0.541271973558748,0.554657091994311,0.776436253547035,0.06484149855907781
2021-05-22 01:30:00,0.13807531380753138,-0.3466135458167332,0.22084884586746067,0.18978753793965364,0.4141026815510856,0.00011135857461024499,0.5,0.09765894664939867,0.42777013106058254,0.541271973558748,0.554657091994311,0.776436253547035,0.019041296377325465
2021-05-22 01:40:00,0.14714086471408647,-0.08366533864541836,0.22829486224869666,0.23013747545081253,0.39841122351493896,0.00011135857461024499,0.5,0.09765894664939867,0.42777013106058254,0.541271973558748,0.554657091994311,0.776436253547035,0.035253557040904084
2021-05-22 01:50:00,0.21827057182705717,-0.47410358565737054,0.23603871928518227,0.2558471701481879,0.3972072083862271,0.00011135857461024499,0.5,0.09765894664939867,0.42777013106058254,0.541271973558748,0.554657091994311,0.776436253547035,0.08169500731777239
2021-05-22 02:00:00,0.28033472803347276,-0.1872509960159363,0.23812360387192832,0.25513301196214955,0.3819083639790083,0.00022271714922048998,0.5,0.08952422818449435,0.43596824201812046,0.4147718417354665,0.5544678859060823,0.7941695819126487,0.1303016129275616
2021-05-22 02:10:00,0.22384937238493724,-0.20318725099601598,0.24408041697691707,0.24406356007855767,0.3819083639790083,0.00022271714922048998,0.5,0.08952422818449435,0.43596824201812046,0.4147718417354665,0.5544678859060823,0.7941695819126487,0.07463373417626025
2021-05-22 02:20:00,0.15829846582984658,-0.601593625498008,0.24646314221891252,0.2572754865202642,0.3819083639790083,0.00033407572383073496,0.5,0.08952422818449435,0.43596824201812046,0.4147718417354665,0.5544678859060823,0.7941695819126487,0.04834256227650618
2021-05-22 02:30:00,0.25662482566248257,-0.36254980079681276,0.21876396128071485,0.25191930012497776,0.3819083639790083,0.00033407572383073496,0.5,0.08952422818449435,0.43596824201812046,0.4147718417354665,0.5544678859060823,0.7941695819126487,0.11671469740634006
2021-05-22 02:40:00,0.2691771269177127,-0.059760956175298974,0.1672375279225613,0.16050705231208706,0.3819083639790083,0.00022271714922048998,0.5,0.08952422818449435,0.43596824201812046,0.4147718417354665,0.5544678859060823,0.7941695819126487,0.12222188692910059
2021-05-22 02:50:00,0.2615062761506276,-0.003984063745020028,0.15026061057334306,0.10587395108016429,0.3819083639790083,0.00022271714922048998,0.5,0.08952422818449435,0.43596824201812046,0.4147718417354665,0.5544678859060823,0.7941695819126487,0.11080012674079998
2021-05-22 03:00:00,0.2629009762900976,0.09163346613545809,0.14162323157110923,0.07766470273165504,0.3819083639790083,0.00033407572383073496,0.5,0.08247251788809562,0.4370285655173611,0.2902454449317911,0.5342554898741837,0.8089707888117685,0.11158471264541243
2021-05-22 03:10:00,0.2880055788005579,0.17131474103585642,0.1356664184661205,0.0576682735225853,0.3819083639790083,0.00033407572383073496,0.5,0.08247251788809562,0.4370285655173611,0.2902454449317911,0.5342554898741837,0.8089707888117685,0.1331155604508351
2021-05-22 03:20:00,0.29009762900976294,0.027888446215139417,0.1320923306031272,0.041956793429744677,0.3819083639790083,0.00022271714922048998,0.5,0.08247251788809562,0.4370285655173611,0.2902454449317911,0.5342554898741837,0.8089707888117685,0.13676690254537774
2021-05-22 03:30:00,0.2615062761506276,0.2589641434262948,0.12732688011913607,0.03160149973219073,0.3861224169294997,0.00022271714922048998,0.5,0.08247251788809562,0.4370285655173611,0.2902454449317911,0.5342554898741837,0.8089707888117685,0.11493429093048871
2021-05-22 03:40:00,0.26638772663877264,-0.17928286852589637,0.12375279225614277,0.023388680592751232,0.3957414508382301,0.00022271714922048998,0.5,0.08247251788809562,0.4370285655173611,0.2902454449317911,0.5342554898741837,0.8089707888117685,0.11864598578692459
2021-05-22 03:50:00,0.27405857740585776,-0.5856573705179284,0.11868950111690246,0.019103731476522112,0.3957414508382301,0.00033407572383073496,0.5,0.08247251788809562,0.4370285655173611,0.2902454449317911,0.5342554898741837,0.8089707888117685,0.1318179760701299
2021-05-22 04:00:00,0.2615062761506276,-0.21115537848605592,0.11690245718540582,0.01410462417425462,0.3957414508382301,0.00033407572383073496,0.5,0.023176328111684574,0.44793351857864927,0.2840508286225057,0.5184334923784872,0.8245920092894264,0.11507762873998521
2021-05-22 04:10:00,0.2377963737796374,-0.42629482071713154,0.11481757259865955,0.008748437778968166,0.3957414508382301,0.00044543429844097997,0.5,0.023176328111684574,0.44793351857864927,0.2840508286225057,0.5184334923784872,0.8245920092894264,0.09359204550598248
2021-05-22 04:20:00,0.1882845188284519,-0.47410358565737054,0.11064780342516745,0.008034279592929794,0.38360968970436193,0.00044543429844097997,0.5,0.023176328111684574,0.44793351857864927,0.2840508286225057,0.5184334923784872,0.8245920092894264,0.06028486503613621
2021-05-22 04:30:00,0.16736401673640167,-0.7689243027888446,0.10737155621742356,0.0069630423138726805,0.38188218973707977,0.00022271714922048998,0.5,0.023176328111684574,0.44793351857864927,0.2840508286225057,0.5184334923784872,0.8245920092894264,0.05664106703683027
2021-05-22 04:40:00,0.18479776847977683,-0.6095617529880479,0.10618019359642594,0.001963935011605189,0.38188218973707977,0.00033407572383073496,0.5,0.023176328111684574,0.44793351857864927,0.2840508286225057,0.5184334923784872,0.8245920092894264,0.06753474055856482
2021-05-22 04:50:00,0.16945606694560672,-0.4900398406374503,0.1005212211466866,-0.0005356186395285567,0.38188218973707977,0.00022271714922048998,0.5,0.023176328111684574,0.44793351857864927,0.2840508286225057,0.5184334923784872,0.8245920092894264,0.06076768713128235
2021-05-22 05:00:00,0.22315202231520226,-0.1872509960159363,0.09486224869694704,-0.0030351722906623024,0.38188218973707977,0.00022271714922048998,0.5,0.0038126583646378442,0.45660863143557523,0.2475936703012863,0.5102127644937587,0.8349893095498919,0.0869155212215399
2021-05-22 05:10:00,0.2496513249651325,0.05976095617529875,0.09188384214445255,-0.013747545081235546,0.38188218973707977,0.00033407572383073496,0.5,0.0038126583646378442,0.45660863143557523,0.2475936703012863,0.5102127644937587,0.8349893095498919,0.10524767264661948
2021-05-22 05:20:00,0.2768479776847978,0.4661354581673305,0.09158600148920315,-0.022674522406713193,0.38188218973707977,0.00022271714922048998,0.5,0.0038126583646378442,0.45660863143557523,0.2475936703012863,0.5102127644937587,0.8349893095498919,0.12889841121354317
2021-05-22 05:30:00,0.25523012552301255,-0.019920318725099695,0.09069247952345472,-0.027673629708980574,0.39482535237073196,0.00022271714922048998,0.5,0.0038126583646378442,0.45660863143557523,0.2475936703012863,0.5102127644937587,0.8349893095498919,0.11359898607360021
2021-05-22 05:40:00,0.27266387726638774,-0.2509960159362551,0.08890543559195829,-0.027673629708980574,0.39571527659630157,0.00022271714922048998,0.5,0.0038126583646378442,0.45660863143557523,0.2475936703012863,0.5102127644937587,0.8349893095498919,0.12293857597658314
2021-05-22 05:50:00,0.2907949790794979,-0.2589641434262948,0.08682055100521202,-0.027673629708980574,0.39571527659630157,0.00033407572383073496,0.5,0.0038126583646378442,0.45660863143557523,0.2475936703012863,0.5102127644937587,0.8349893095498919,0.14108966911598292
2021-05-22 06:00:00,0.2196652719665272,0.3227091633466135,0.0856291883842144,-0.031244420639171433,0.39571527659630157,0.00044543429844097997,0.5,0.011434372960249961,0.4803868887694795,0.337665430609404,0.4464333702812526,0.8579058543459975,0.09394661798210541
2021-05-22 06:10:00,0.27475592747559274,0.4501992031872508,0.08294862248696933,-0.02945902517407606,0.41342215126094406,0.00033407572383073496,0.5,0.011434372960249961,0.4803868887694795,0.337665430609404,0.4464333702812526,0.8579058543459975,0.14416011587730285
2021-05-22 06:20:00,0.32496513249651326,0.17928286852589648,0.07877885331347723,-0.03267273701124784,0.4259072646608473,0.00033407572383073496,0.5,0.011434372960249961,0.4803868887694795,0.337665430609404,0.4464333702812526,0.8579058543459975,0.18370626310786548
2021-05-22 06:30:00,0.296373779637378,0.1872509960159361,0.0740134028294861,-0.03731476522049626,0.443116828728848,0.00033407572383073496,0.5,0.011434372960249961,0.4803868887694795,0.337665430609404,0.4464333702812526,0.8579058543459975,0.1542163948277683
2021-05-22 06:40:00,0.23291492329149233,-0.3067729083665339,0.06537602382725227,-0.041242635243706416,0.4548559762337883,0.00033407572383073496,0.5,0.011434372960249961,0.4803868887694795,0.337665430609404,0.4464333702812526,0.8579058543459975,0.0889599710306743
2021-05-22 06:50:00,0.16387726638772665,0.20318725099601576,0.05941921072226353,-0.04302803070880201,0.4548559762337883,0.00022271714922048998,0.5,0.011434372960249961,0.4803868887694795,0.337665430609404,0.4464333702812526,0.8579058543459975,0.04948172065724158
2021-05-22 07:00:00,0.15690376569037656,0.15537848605577675,0.05763216679076688,-0.04445634708087842,0.4548559762337883,0.00033407572383073496,0.5,0.0075746533863558785,0.49965661610254974,0.3253989540624715,0.39685754186154826,0.8705405118618329,0.049338382847745076
2021-05-22 07:10:00,0.17154811715481172,0.5537848605577689,0.05703648548026785,-0.04981253347616499,0.4559683815157503,0.00033407572383073496,0.5,0.0075746533863558785,0.49965661610254974,0.3253989540624715,0.39685754186154826,0.8705405118618329,0.06416252998777856
2021-05-22 07:20:00,0.13598326359832635,0.2749003984063745,0.06001489203276256,-0.05016961256918395,0.4713457486487547,0.00033407572383073496,0.5,0.0075746533863558785,0.49965661610254974,0.3253989540624715,0.39685754186154826,0.8705405118618329,0.02752085942332936
2021-05-22 07:30:00,0.23221757322175732,0.5298804780876492,0.06775874906924773,-0.04695590073201217,0.4752326235751397,0.00022271714922048998,0.5,0.0075746533863558785,0.49965661610254974,0.3253989540624715,0.39685754186154826,0.8705405118618329,0.12454546826199135
2021-05-22 07:40:00,0.34797768479776847,-0.06772908366533881,0.07550260610573334,-0.04909837529012662,0.4877831725798642,0.00022271714922048998,0.5,0.0075746533863558785,0.49965661610254974,0.3253989540624715,0.39685754186154826,0.8705405118618329,0.2394495828115334
2021-05-22 07:50:00,0.4379358437935844,0.019920318725099362,0.08294862248696933,-0.04588466345295483,0.4979649526900577,0.0789532293986637,0.5,0.0075746533863558785,0.49965661610254974,0.3253989540624715,0.39685754186154826,0.8705405118618329,0.1976402070099733
2021-05-22 08:00:00,0.5697350069735007,-0.3705179282868527,0.08860759493670867,-0.041956793429744677,0.5016293465600503,0.1370824053452116,0.5,0.026889494210403875,0.5019439264152752,0.2978833327816919,0.4407314303644476,0.8816112068731916,0.18722935558338488
2021-05-22 08:10:00,0.5641562064156206,-0.17131474103585675,0.09486224869694704,-0.038386002499553595,0.5016293465600503,0.13719376391982183,0.5,0.026889494210403875,0.5019439264152752,0.2978833327816919,0.4407314303644476,0.8816112068731916,0.18685969491678864
2021-05-22 08:20:00,0.6115760111576011,-0.2749003984063746,0.10588235294117632,-0.03302981610426714,0.4967085890774889,0.04398663697104677,0.5,0.026889494210403875,0.5019439264152752,0.2978833327816919,0.4407314303644476,0.8816112068731916,0.5853840698884983
2021-05-22 08:30:00,0.5892608089260809,-0.23505976095617542,0.11511541325390895,-0.020889126941617486,0.4876915627331143,0.00022271714922048998,0.5,0.026889494210403875,0.5019439264152752,0.2978833327816919,0.4407314303644476,0.8816112068731916,0.709967258626673
2021-05-22 08:40:00,0.5718270571827057,-0.019920318725099695,0.12226358897989575,-0.005891805034815012,0.47737891141327815,0.0032293986636971047,0.5,0.026889494210403875,0.5019439264152752,0.2978833327816919,0.4407314303644476,0.8816112068731916,0.6746307165381656
2021-05-22 08:50:00,0.5076708507670851,0.09163346613545809,0.12643335815338785,0.00767720049991083,0.4719084948502179,0.04187082405345211,0.5,0.026889494210403875,0.5019439264152752,0.2978833327816919,0.4407314303644476,0.8816112068731916,0.4248155468714637
2021-05-22 09:00:00,0.5767085076708507,-0.4581673306772909,0.13119880863737876,0.019103731476522112,0.47846514245331173,0.025612472160356347,0.5,0.05635027814808957,0.5121621116816628,0.30847776510904684,0.5832263072357713,0.8808081529279068,0.5941503085534953
2021-05-22 09:10:00,0.6792189679218968,0.10756972111553775,0.14132539091585983,0.025531155150865903,0.47109709335043387,0.001893095768374165,0.5,0.05635027814808957,0.5121621116816628,0.30847776510904684,0.5832263072357713,0.8808081529279068,0.9526457141994961
2021-05-22 09:20:00,0.6471408647140864,-0.02788844621513953,0.14906924795234544,0.034815211569362514,0.4718299721244323,0.0008908685968819599,0.5,0.05635027814808957,0.5121621116816628,0.30847776510904684,0.5832263072357713,0.8808081529279068,0.87425502059538
2021-05-22 09:30:00,0.5892608089260809,0.12350597609561742,0.15770662695457904,0.05195500803427966,0.46715786994019187,0.00033407572383073496,0.5,0.05635027814808957,0.5121621116816628,0.30847776510904684,0.5832263072357713,0.8808081529279068,0.7285483651945622
2021-05-22 09:40:00,0.6290097629009763,-0.19521912350597614,0.1624720774385704,0.06623817175504376,0.47782387352606304,0.00033407572383073496,0.5,0.05635027814808957,0.5121621116816628,0.30847776510904684,0.5832263072357713,0.8808081529279068,0.8219593524148648
2021-05-22 09:50:00,0.5655509065550907,-0.09960159362549814,0.16753536857781093,0.0815925727548652,0.4723141956001099,0.00022271714922048998,0.5,0.05635027814808957,0.5121621116816628,0.30847776510904684,0.5832263072357713,0.8808081529279068,0.6565022556844758
2021-05-22 10:00:00,0.4755927475592748,-0.15537848605577698,0.1720029784065522,0.09480449919657197,0.4607451806677049,0.00022271714922048998,0.5,0.18591108800112588,0.5122914194254717,0.2388848371776401,0.5645252997070048,0.8349023895538334,0.4722528177195709
2021-05-22 10:10:00,0.5104602510460251,-0.059760956175298974,0.17617274758004453,0.11337261203356541,0.4601562602243133,0.00022271714922048998,0.5,0.18591108800112588,0.5122914194254717,0.2388848371776401,0.5645252997070048,0.8349023895538334,0.49889101800021124
2021-05-22 10:20:00,0.44142259414225943,-0.043824701195219196,0.18034251675353663,0.11944295661489024,0.44993521875122694,0.00011135857461024499,0.5,0.18591108800112588,0.5122914194254717,0.2388848371776401,0.5645252997070048,0.8349023895538334,0.3987431537335727
2021-05-22 10:30:00,0.4107391910739191,-0.10756972111553798,0.18540580789277716,0.12729869666131055,0.4463755218489485,0.00033407572383073496,0.5,0.18591108800112588,0.5122914194254717,0.2388848371776401,0.5645252997070048,0.8349023895538334,0.3606379286932119
2021-05-22 10:40:00,0.4839609483960949,-0.043824701195219196,0.19136262099776613,0.13658275307980716,0.44119302194710186,0.00033407572383073496,0.5,0.18591108800112588,0.5122914194254717,0.2388848371776401,0.5645252997070048,0.8349023895538334,0.4757155574331971
2021-05-22 10:50:00,0.49721059972105996,0.2111553784860556,0.19285182427401315,0.1376539903588645,0.43192734030440644,0.00033407572383073496,0.5,0.18591108800112588,0.5122914194254717,0.2388848371776401,0.5645252997070048,0.8349023895538334,0.49966805980958706
2021-05-22 11:00:00,0.34658298465829845,0.15537848605577675,0.19374534623976158,0.1440814140332083,0.42624752980591807,0.00033407572383073496,0.5,0.20378464176947486,0.5106535213372158,0.26270446082629295,0.6398934764154132,0.7615125112553018,0.21908806976779277
2021-05-22 11:10:00,0.4714086471408647,-0.2509960159362551,0.19583023082650763,0.15407962863774327,0.4133174542932301,0.00033407572383073496,0.5,0.20378464176947486,0.5106535213372158,0.26270446082629295,0.6398934764154132,0.7615125112553018,0.45302291896132896
2021-05-22 11:20:00,0.46722454672245467,0.12350597609561742,0.19642591213700666,0.14765220496339948,0.410032586931201,0.00011135857461024499,0.5,0.20378464176947486,0.5106535213372158,0.26270446082629295,0.6398934764154132,0.7615125112553018,0.4385307120117084
2021-05-22 11:30:00,0.402370990237099,-0.4103585657370519,0.19791511541325368,0.15657918228887713,0.4072712044077424,0.00022271714922048998,0.5,0.20378464176947486,0.5106535213372158,0.26270446082629295,0.6398934764154132,0.7615125112553018,0.3390014635544759
2021-05-22 11:40:00,0.3682008368200837,0.29083665338645415,0.2056589724497393,0.16229244777718255,0.39616023870908645,0.00044543429844097997,0.5,0.20378464176947486,0.5106535213372158,0.26270446082629295,0.6398934764154132,0.7615125112553018,0.27710216213769484
2021-05-22 11:50:00,0.46443514644351463,-0.02788844621513953,0.20923306031273237,0.17086234600964123,0.4043135150698198,0.0010022271714922048,0.5,0.20378464176947486,0.5106535213372158,0.26270446082629295,0.6398934764154132,0.7615125112553018,0.45675724610347485
2021-05-22 12:00:00,0.5690376569037657,-0.4342629482071714,0.2163812360387194,0.16871987145152634,0.39999476515161425,0.0014476614699331849,0.5,0.2064636286226873,0.5049639806095859,0.26661794468038214,0.7685060617461951,0.7391850701600319,0.6523152828281304
2021-05-22 12:10:00,0.5432357043235705,0.07569721115537842,0.2178704393149664,0.17157650419567938,0.3693316407323553,0.00011135857461024499,0.5,0.2064636286226873,0.5049639806095859,0.26661794468038214,0.7685060617461951,0.7391850701600319,0.598503251505047
2021-05-22 12:20:00,0.5055788005578801,0.14741035856573692,0.22323157110945635,0.17657561149794687,0.38436874272028904,0.005011135857461025,0.5,0.2064636286226873,0.5049639806095859,0.26661794468038214,0.7685060617461951,0.7391850701600319,0.5327262851366236
2021-05-22 12:30:00,0.47489539748953974,0.019920318725099362,0.23216679076693958,0.19335832886984483,0.40325345827171477,0.009910913140311804,0.5,0.2064636286226873,0.5049639806095859,0.26661794468038214,0.7685060617461951,0.7391850701600319,0.48480619219337023
2021-05-22 12:40:00,0.5655509065550907,-0.019920318725099695,0.23603871928518227,0.1887163006605963,0.3899307691300991,0.0024498886414253897,0.5,0.2064636286226873,0.5049639806095859,0.26661794468038214,0.7685060617461951,0.7391850701600319,0.6738159542526064
2021-05-22 12:50:00,0.695258019525802,-0.06772908366533881,0.24169769173492162,0.1919300124977683,0.3819083639790083,0.022048997772828507,0.5,0.2064636286226873,0.5049639806095859,0.26661794468038214,0.7685060617461951,0.7391850701600319,0.914035034778279
2021-05-22 13:00:00,0.5808926080892608,0.03585657370517925,0.24288905435591945,0.197286198893055,0.3933465077017707,0.0023385300668151447,0.5,0.2896020742953409,0.49261652782846327,0.20684499522354605,0.8956593698072425,0.7392222972135792,0.6990962173906483
2021-05-22 13:10:00,0.5411436541143654,0.06772908366533859,0.24705882352941155,0.20764149259060893,0.38756200023556814,0.0006681514476614699,0.5,0.2896020742953409,0.49261652782846327,0.20684499522354605,0.8956593698072425,0.7392222972135792,0.6338850581649743
2021-05-22 13:20:00,0.5857740585774059,-0.01195219123505975,0.25390915860014873,0.21228352079985724,0.41149834447919803,0.006347438752783964,0.5,0.2896020742953409,0.49261652782846327,0.20684499522354605,0.8956593698072425,0.7392222972135792,0.690737359868431
2021-05-22 13:30:00,0.6324965132496514,0.17928286852589648,0.2640357408786298,0.22371005177646874,0.4138409391318004,0.004231625835189309,0.5,0.2896020742953409,0.49261652782846327,0.20684499522354605,0.8956593698072425,0.7392222972135792,0.7845029195648567
2021-05-22 13:40:00,0.5697350069735007,-0.09960159362549814,0.2673119880863737,0.22799500089269786,0.42217743518603346,0.017706013363028954,0.5,0.2896020742953409,0.49261652782846327,0.20684499522354605,0.8956593698072425,0.7392222972135792,0.5925735926490336
2021-05-22 13:50:00,0.7301255230125524,-0.003984063745020028,0.272970960536113,0.23299410819496535,0.41479629896219133,0.03641425389755011,0.5,0.2896020742953409,0.49261652782846327,0.20684499522354605,0.8956593698072425,0.7392222972135792,0.9081129200175023
2021-05-22 14:00:00,0.6847977684797769,0.25099601593625476,0.27058823529411735,0.22478128905552563,0.3992487992566516,0.06614699331848553,0.5,0.2983311781678679,0.47882082831667333,0.19605831268482368,1.0,0.754577755453204,0.6698175837771776
2021-05-22 14:10:00,0.7552301255230126,-0.298804780876494,0.26999255398361877,0.225495447241564,0.42645692374134614,0.07973273942093542,0.5,0.2983311781678679,0.47882082831667333,0.19605831268482368,1.0,0.754577755453204,0.6490486895906574
2021-05-22 14:20:00,0.6652719665271966,0.346613545816733,0.2673119880863737,0.2258525263345832,0.40628967033542296,0.050445434298440985,0.5,0.2983311781678679,0.47882082831667333,0.19605831268482368,1.0,0.754577755453204,0.6341868219744407
2021-05-22 14:30:00,0.8640167364016736,-0.14741035856573714,0.2685033507073715,0.22049633993929652,0.4358534765936842,0.1086859688195991,0.5,0.2983311781678679,0.47882082831667333,0.19605831268482368,1.0,0.754577755453204,0.7137242180545288
2021-05-22 14:40:00,0.8375174337517434,0.07569721115537842,0.26909903201787033,0.21406891626495272,0.4142859012445852,0.11169265033407572,0.5,0.2983311781678679,0.47882082831667333,0.19605831268482368,1.0,0.754577755453204,0.6182461487393817
2021-05-22 14:50:00,0.9211994421199443,-0.06772908366533881,0.2682055100521219,0.20192822710230307,0.4316394236431928,0.11458797327394209,0.5,0.2983311781678679,0.47882082831667333,0.19605831268482368,1.0,0.754577755453204,0.7745296256619945
2021-05-22 15:00:00,0.7099023709902371,0.1872509960159361,0.2679076693968725,0.19550080342795928,0.43071023805473035,0.047438752783964366,0.5,0.30011446780309536,0.4747778061935531,0.19463913582769107,0.9999056139353446,0.7751729064745381,0.8171386755586404
2021-05-22 15:10:00,0.6359832635983264,-0.06772908366533881,0.2685033507073715,0.2144259953579717,0.44905838164662154,0.02360801781737194,0.5,0.30011446780309536,0.4747778061935531,0.19463913582769107,0.9998113182787972,0.7751729064745381,0.7155272568160901
2021-05-22 15:20:00,0.6485355648535566,0.1633466135458166,0.2676098287416231,0.2258525263345832,0.46577063511798034,0.07984409799554566,0.5,0.30011446780309536,0.4747778061935531,0.19463913582769107,0.9997168418060339,0.7751729064745381,0.5064728337130529
2021-05-22 15:30:00,0.7245467224546723,-0.13147410358565736,0.27326880119136243,0.2340653454740227,0.44930703694494256,0.07962138084632517,0.5,0.30011446780309536,0.4747778061935531,0.19463913582769107,0.9996225461494863,0.7751729064745381,0.6234138539764926
2021-05-22 15:40:00,0.6771269177126918,0.027888446215139417,0.2771407297096051,0.2383502945902518,0.4537173967098978,0.05634743875278396,0.5,0.30011446780309536,0.4747778061935531,0.19463913582769107,0.9995281600848309,0.7751729064745381,0.6982286464384326
2021-05-22 15:50:00,0.7845188284518828,-0.01195219123505975,0.2759493670886075,0.23477950366006062,0.4380521129156797,0.06035634743875278,0.5,0.30011446780309536,0.4747778061935531,0.19463913582769107,0.9994338644282835,0.7751729064745381,0.9373538331547898
2021-05-22 16:00:00,0.8186889818688982,-0.05179282868525903,0.2762472077438567,0.2304945545438315,0.43429610919893735,0.0834075723830735,0.5,0.3253328721712827,0.47039571043111156,0.21083266533993733,0.9993393879555202,0.7918232571935655,0.7815531783273233
2021-05-22 16:10:00,0.701534170153417,0.019920318725099362,0.2759493670886075,0.23299410819496535,0.44034235908442504,0.09086859688195992,0.5,0.3253328721712827,0.47039571043111156,0.21083266533993733,0.9992450922989727,0.7918232571935655,0.5261780104712043
2021-05-22 16:20:00,0.7203626220362622,0.2111553784860556,0.2825018615040953,0.23942153186930915,0.4361413932548978,0.14855233853006683,0.5,0.3253328721712827,0.47039571043111156,0.21083266533993733,0.9991507062343175,0.7918232571935655,0.26217994175958476
2021-05-22 16:30:00,0.8507670850767085,0.14741035856573692,0.2798212956068502,0.22513836814854504,0.44793288924369523,0.16325167037861915,0.5,0.3253328721712827,0.47039571043111156,0.21083266533993733,0.9990563201696621,0.7918232571935655,0.3432714214584245
2021-05-22 16:40:00,0.9379358437935843,-0.2749003984063746,0.2714817572598658,0.2029994643813604,0.43639004855321883,0.16146993318485525,0.5,0.3253328721712827,0.47039571043111156,0.21083266533993733,0.9989619341050066,0.7918232571935655,0.4323671862033586
2021-05-22 16:50:00,0.9365411436541143,-0.20318725099601598,0.27386448250186124,0.18478843063738615,0.432411563780084,0.15200445434298443,0.5,0.3253328721712827,0.47039571043111156,0.21083266533993733,0.998867638448459,0.7918232571935655,0.5353139098027974
2021-05-22 17:00:00,0.9295676429567643,0.17928286852589648,0.2771407297096051,0.18014640242813784,0.4279357684103074,0.12951002227171493,0.5,0.3178007439740138,0.46601936167950714,0.22733752352560513,0.9987732071797498,0.7942138474613023,0.6853131553932736
2021-05-22 17:10:00,0.9623430962343097,-0.21912350597609564,0.2765450483991063,0.17586145331190872,0.4288780411197341,0.133630289532294,0.5,0.3178007439740138,0.46601936167950714,0.22733752352560513,0.9986788663191484,0.7942138474613023,0.771602516710171
2021-05-22 17:20:00,0.9853556485355649,0.06772908366533859,0.27803425167535356,0.17229066238171753,0.4303830600306239,0.13340757238307352,0.5,0.3178007439740138,0.46601936167950714,0.22733752352560513,0.998584480254493,0.7942138474613023,0.8159617967017215
2021-05-22 17:30:00,0.9138772663877267,-0.10756972111553798,0.2789277736411018,0.17229066238171753,0.42539686694324114,0.15289532293986638,0.5,0.3178007439740138,0.46601936167950714,0.22733752352560513,0.9984901845979454,0.7942138474613023,0.7846990660410098
2021-05-22 17:40:00,0.8423988842398884,0.17131474103585642,0.27803425167535356,0.17264774147473672,0.42141838217010635,0.10356347438752785,0.5,0.3178007439740138,0.46601936167950714,0.22733752352560513,0.9983957081251821,0.7942138474613023,0.7102388460551926
2021-05-22 17:50:00,0.8472803347280335,-0.02788844621513953,0.2759493670886075,0.18443135154436718,0.42474251089502824,0.09175946547884188,0.5,0.3178007439740138,0.46601936167950714,0.22733752352560513,0.9983014124686347,0.7942138474613023,0.7937519803249997
2021-05-22 18:00:00,0.7928870292887029,-0.12350597609561753,0.2765450483991063,0.18336011426530985,0.42266165866171107,0.08685968819599109,0.5,0.2832587836194971,0.4727318703359424,0.19505495933895348,0.9982070264039793,0.8019741292645958,0.7288048644326086
2021-05-22 18:10:00,0.7545327754532776,0.06772908366533859,0.2726731198808636,0.1969291198000358,0.4130426247529806,0.08329621380846326,0.5,0.2832587836194971,0.4727318703359424,0.19505495933895348,0.9982070264039793,0.8019741292645958,0.653031971875613
2021-05-22 18:20:00,0.8423988842398884,0.09960159362549792,0.2753536857781087,0.20228530619532248,0.42982031382916075,0.10879732739420936,0.5,0.2832587836194971,0.4727318703359424,0.19505495933895348,0.9982070264039793,0.8019741292645958,0.6690103655868551
2021-05-22 18:30:00,0.8967921896792189,-0.05179282868525903,0.27803425167535356,0.19942867345116966,0.4188663935820759,0.116815144766147,0.5,0.2832587836194971,0.4727318703359424,0.19505495933895348,0.9982070264039793,0.8019741292645958,0.7867887804215641
2021-05-22 18:40:00,0.8884239888423989,-0.03585657370517936,0.2795234549516006,0.1951437243349401,0.4241535904516366,0.10178173719376393,0.5,0.2832587836194971,0.4727318703359424,0.19505495933895348,0.9982070264039793,0.8019741292645958,0.8785023462136187
2021-05-22 18:50:00,0.8995815899581591,-0.06772908366533881,0.28190618019359626,0.19978575254418862,0.418015730719399,0.09599109131403118,0.5,0.2832587836194971,0.4727318703359424,0.19505495933895348,0.9982070264039793,0.8019741292645958,0.9398056641067037
2021-05-22 19:00:00,0.8493723849372384,0.07569721115537842,0.2771407297096051,0.2015711480092841,0.41064768161652115,0.07928730512249443,0.5,0.27435864510411645,0.48688675802498166,0.19479689259744112,0.9752302578198373,0.809874075873484,0.9862546584788087
2021-05-22 19:10:00,0.907252440725244,-0.12350597609561753,0.2762472077438567,0.20192822710230307,0.44241012419677794,0.07104677060133631,0.5,0.27435864510411645,0.48688675802498166,0.19479689259744112,0.9752302578198373,0.809874075873484,0.9841913484315826
2021-05-22 19:20:00,0.8270571827057183,0.20318725099601576,0.2711839166046164,0.20835565077664708,0.42544921542709824,0.05256124721603563,0.5,0.27435864510411645,0.48688675802498166,0.19479689259744112,0.9752302578198373,0.809874075873484,0.9821280383843565
2021-05-22 19:30:00,0.8382147838214784,0.13147410358565725,0.27416232315711087,0.21192644170683805,0.4422399916242426,0.059131403118040084,0.5,0.27435864510411645,0.48688675802498166,0.19479689259744112,0.9752302578198373,0.809874075873484,0.9800647283371305
2021-05-22 19:40:00,0.8354253835425384,-0.3227091633466136,0.2679076693968725,0.22299589359043037,0.43563099553729173,0.048775055679287305,0.5,0.27435864510411645,0.48688675802498166,0.19479689259744112,0.9752302578198373,0.809874075873484,0.9780014182899046
2021-05-22 19:50:00,0.909344490934449,0.03585657370517925,0.2679076693968725,0.22335297268344934,0.4332884008846894,0.07561247216035635,0.5,0.27435864510411645,0.48688675802498166,0.19479689259744112,0.9752302578198373,0.809874075873484,0.9759381082426785
2021-05-22 20:00:00,0.8291492329149234,-0.12350597609561753,0.26612062546537585,0.22478128905552563,0.4263260525317035,0.05133630289532295,0.5,0.25993766974637955,0.5110471915794796,0.19932085964250845,0.9002638547429697,0.8339145571892761,0.9738747227545002
2021-05-22 20:10:00,0.8312412831241283,0.29083665338645415,0.26195085629188375,0.23156579182288883,0.42618209420109665,0.05211581291759465,0.5,0.25993766974637955,0.5110471915794796,0.19932085964250845,0.9002638547429697,0.8339145571892761,0.971811412707274
2021-05-22 20:20:00,0.789400278940028,-0.11553784860557781,0.2592702903946389,0.23335118728798432,0.4330920940702255,0.0356347438752784,0.5,0.25993766974637955,0.5110471915794796,0.19932085964250845,0.9002638547429697,0.8339145571892761,0.9697481781010004
2021-05-22 20:30:00,0.7594142259414226,-0.10756972111553798,0.2527177959791511,0.24156400642742382,0.42979413958723217,0.02405345211581292,0.5,0.25993766974637955,0.5110471915794796,0.19932085964250845,0.9002638547429697,0.8339145571892761,0.9676848680537743
2021-05-22 20:40:00,0.8410041841004184,-0.10756972111553798,0.2524199553239015,0.24442063917157664,0.43307900694926127,0.05278396436525613,0.5,0.25993766974637955,0.5110471915794796,0.19932085964250845,0.9002638547429697,0.8339145571892761,0.9656215580065484
2021-05-22 20:50:00,0.7921896792189679,0.003984063745019917,0.2521221146686521,0.24370648098553827,0.42781798432162904,0.02795100222717149,0.5,0.25993766974637955,0.5110471915794796,0.19932085964250845,0.9002638547429697,0.8339145571892761,0.9635582479593222
2021-05-22 21:00:00,0.7029288702928871,0.08366533864541825,0.24646314221891252,0.24549187645063397,0.42993809791783905,0.017483296213808463,0.5,0.25393641500315356,0.5259894197530509,0.20346184803432402,0.7461471421714927,0.8592907195220997,0.9614949379120963
2021-05-22 21:10:00,0.8312412831241283,0.043824701195219085,0.24616530156366334,0.2479914301017676,0.4330920940702255,0.05334075723830735,0.5,0.25393641500315356,0.5259894197530509,0.20346184803432402,0.7461471421714927,0.8592907195220997,0.960838601626507
2021-05-22 21:20:00,0.795676429567643,-0.10756972111553798,0.2443782576321667,0.24549187645063397,0.43942626061692686,0.03886414253897551,0.5,0.25393641500315356,0.5259894197530509,0.20346184803432402,0.7461471421714927,0.8592907195220997,0.9601822653409177
2021-05-22 21:30:00,0.7663877266387726,0.15537848605577675,0.24259121370067005,0.24406356007855767,0.43970109015717634,0.03006681514476615,0.5,0.25393641500315356,0.5259894197530509,0.20346184803432402,0.7461471421714927,0.8592907195220997,0.9595259290553285
2021-05-22 21:40:00,0.8668061366806137,0.3705179282868525,0.24199553239017124,0.24192108552044278,0.44295978327727686,0.06848552338530067,0.5,0.25393641500315356,0.5259894197530509,0.20346184803432402,0.7461471421714927,0.8592907195220997,0.9588695927697392
2021-05-22 21:50:00,0.8556485355648535,0.13147410358565725,0.23871928518242735,0.23477950366006062,0.4430252188820981,0.06492204899777283,0.5,0.25393641500315356,0.5259894197530509,0.20346184803432402,0.7461471421714927,0.8592907195220997,0.9582132564841499
2021-05-22 22:00:00,0.810320781032078,0.21912350597609564,0.2369322412509307,0.23299410819496535,0.44963421496904904,0.04732739420935412,0.5,0.15107598734316952,0.5487734442123314,0.2827035553734505,0.6427900346622281,0.8736825977783108,0.9575569201985606
2021-05-22 22:10:00,0.7329149232914923,-0.02788844621513953,0.22799702159344726,0.23585074093911795,0.4569237413461412,0.02026726057906459,0.5,0.15107598734316952,0.5487734442123314,0.2827035553734505,0.6427900346622281,0.8736825977783108,0.9569005839129714
2021-05-22 22:20:00,0.7824267782426779,0.06772908366533859,0.22382725241995538,0.23513658275308003,0.46213241548991635,0.029955456570155903,0.5,0.15107598734316952,0.5487734442123314,0.2827035553734505,0.6427900346622281,0.8736825977783108,0.956244247627382
2021-05-22 22:30:00,0.8145048814504882,0.13147410358565725,0.21846612062546522,0.23620782003213714,0.4668568661580139,0.04710467706013364,0.5,0.15107598734316952,0.5487734442123314,0.2827035553734505,0.6427900346622281,0.8736825977783108,0.9555879113417929
2021-05-22 22:40:00,0.8158995815899581,0.21912350597609564,0.21280714817572588,0.23335118728798432,0.4668568661580139,0.048663697104677064,0.5,0.15107598734316952,0.5487734442123314,0.2827035553734505,0.6427900346622281,0.8736825977783108,0.9549314996152511
2021-05-22 22:50:00,0.8152022315202231,0.12350597609561742,0.21042442293373043,0.22835207998571683,0.4725235895355381,0.04944320712694878,0.5,0.15107598734316952,0.5487734442123314,0.2827035553734505,0.6427900346622281,0.8736825977783108,0.954275163329662
2021-05-22 23:00:00,0.8654114365411437,-0.09960159362549814,0.20387192851824265,0.23085163363685046,0.478177225792098,0.06570155902004456,0.5,0.07619439914909587,0.5667931966885724,0.31137166340944594,0.5506443371656492,0.8913246816275606,0.9536188270440726
2021-05-22 23:10:00,0.7824267782426779,-0.03585657370517936,0.20416976917349206,0.23299410819496535,0.478177225792098,0.03285077951002228,0.5,0.07619439914909587,0.5667931966885724,0.31137166340944594,0.5506443371656492,0.8913246816275606,0.9529625661994358
2021-05-22 23:20:00,0.7503486750348675,0.10756972111553775,0.19791511541325368,0.22763792179967868,0.478177225792098,0.01737193763919822,0.5,0.07619439914909587,0.5667931966885724,0.31137166340944594,0.5506443371656492,0.8913246816275606,0.9523062299138464
2021-05-22 23:30:00,0.8389121338912133,0.15537848605577675,0.19285182427401315,0.22299589359043037,0.482927850702124,0.05256124721603563,0.5,0.07619439914909587,0.5667931966885724,0.31137166340944594,0.5506443371656492,0.8913246816275606,0.9516498936282572
2021-05-22 23:40:00,0.7670850767085077,-0.2749003984063746,0.1943410275502604,0.222281735404392,0.48309798327465936,0.03652561247216036,0.5,0.07619439914909587,0.5667931966885724,0.31137166340944594,0.5506443371656492,0.8913246816275606,0.9509935573426679
2021-05-22 23:50:00,0.7782426778242678,-0.13147410358565736,0.18540580789277716,0.22371005177646874,0.48616036958029607,0.02917594654788419,0.5,0.07619439914909587,0.5667931966885724,0.31137166340944594,0.5506443371656492,0.8913246816275606,0.9503372210570786
2021-05-23 00:00:00,0.7517433751743374,0.10756972111553775,0.18391660461653014,0.2208534190323157,0.48673620290272346,0.01492204899777283,0.5,0.0780346892142445,0.560494472812329,0.29964516140077363,0.45881821424890157,0.9095923334728411,0.9496808847714893
2021-05-23 00:10:00,0.690376569037657,0.3227091633466135,0.18272524199553208,0.21514015354401006,0.48673620290272346,0.004677060133630289,0.5,0.0780346892142445,0.560494472812329,0.29964516140077363,0.45881821424890157,0.9095923334728411,0.9490245484859001
2021-05-23 00:20:00,0.6659693165969317,0.01195219123505975,0.17617274758004453,0.22192465631137304,0.48673620290272346,0.00044543429844097997,0.5,0.0780346892142445,0.560494472812329,0.29964516140077363,0.45881821424890157,0.9095923334728411,0.9215640418244639
2021-05-23 00:30:00,0.6722454672245468,0.043824701195219085,0.17736411020104237,0.2258525263345832,0.48673620290272346,0.00044543429844097997,0.5,0.0780346892142445,0.560494472812329,0.29964516140077363,0.45881821424890157,0.9095923334728411,0.9015571012568463
2021-05-23 00:40:00,0.4797768479776848,0.09163346613545809,0.1705137751303052,0.22763792179967868,0.4890002748295402,0.00033407572383073496,0.5,0.0780346892142445,0.560494472812329,0.29964516140077363,0.45881821424890157,0.9095923334728411,0.4480513602003712
2021-05-23 00:50:00,0.44072524407252445,0.3705179282868525,0.16276991809381958,0.22263881449741119,0.48656607033018806,0.00033407572383073496,0.5,0.0780346892142445,0.560494472812329,0.29964516140077363,0.45881821424890157,0.9095923334728411,0.3421548953633991
2021-05-23 01:00:00,0.1792189679218968,-0.13147410358565736,0.15621742367833202,0.2158543117300482,0.48656607033018806,0.00033407572383073496,0.5,0.03166932546378298,0.562655348886662,0.3486778422881225,0.33389331235398967,0.9148576360399021,0.059756778369570135
2021-05-23 01:10:00,0.08716875871687588,-0.02390438247011961,0.15681310498883105,0.23120871272986965,0.48656607033018806,0.8885300668151449,0.5,0.03166932546378298,0.562655348886662,0.3486778422881225,0.33389331235398967,0.9148576360399021,0.0
2021-05-23 01:20:00,0.1617852161785216,0.08366533864541825,0.19225614296351434,0.25013390465988206,0.48656607033018806,0.9993318485523385,0.5,0.03166932546378298,0.562655348886662,0.3486778422881225,0.33389331235398967,0.9148576360399021,0.0
2021-05-23 01:30:00,0.2301255230125523,0.191235059760956,0.202084884586746,0.2483485091947868,0.42894347672455535,0.962694877505568,0.5,0.03166932546378298,0.562655348886662,0.3486778422881225,0.33389331235398967,0.9148576360399021,0.0
2021-05-23 01:40:00,0.19595536959553697,0.298804780876494,0.2068503350707369,0.28084270665952493,0.3413644632317337,0.013363028953229399,0.5,0.03166932546378298,0.562655348886662,0.3486778422881225,0.33389331235398967,0.9148576360399021,0.05495873379905548
2021-05-23 01:50:00,0.1631799163179916,0.08366533864541825,0.1860014892032762,0.2897696839850026,0.37868893222180056,0.00011135857461024499,0.5,0.03166932546378298,0.562655348886662,0.3486778422881225,0.33389331235398967,0.9148576360399021,0.03806750456417762
2021-05-23 02:00:00,0.2301255230125523,0.10756972111553775,0.16128071481757233,0.2340653454740227,0.36836319378100013,0.00011135857461024499,0.5,0.045390019354797806,0.5557531888726381,0.349912758223674,0.16632135998048256,0.8908891499428038,0.08368664846025017
2021-05-23 02:10:00,0.2873082287308229,-0.06772908366533881,0.15055845122859246,0.20014283163720759,0.4051903521744252,0.00011135857461024499,0.5,0.045390019354797806,0.5557531888726381,0.349912758223674,0.16632135998048256,0.8908891499428038,0.15064803778082894
2021-05-23 02:20:00,0.22245467224546722,0.4581673306772909,0.14519731943410275,0.15443670773076223,0.4198217534124668,0.00011135857461024499,0.5,0.045390019354797806,0.5557531888726381,0.349912758223674,0.16632135998048256,0.8908891499428038,0.09351660455361588
2021-05-23 02:30:00,0.2175732217573222,-0.043824701195219196,0.14251675353685767,0.13086948759150152,0.41609192393765293,0.00011135857461024499,0.5,0.045390019354797806,0.5557531888726381,0.349912758223674,0.16632135998048256,0.8908891499428038,0.08330944369841725
2021-05-23 02:40:00,0.15271966527196654,0.17928286852589648,0.13894266567386415,0.11587216568469927,0.42870790854719876,0.00011135857461024499,0.5,0.045390019354797806,0.5557531888726381,0.349912758223674,0.16632135998048256,0.8908891499428038,0.04386136970593117
2021-05-23 02:50:00,0.10320781032078104,-0.6175298804780878,0.13417721518987324,0.11408677021960378,0.41709963225190094,0.015478841870824054,0.5,0.045390019354797806,0.5557531888726381,0.349912758223674,0.16632135998048256,0.8908891499428038,0.0028667561899301417
2021-05-23 03:00:00,0.1506276150627615,0.9123505976095616,0.13507073715562168,0.1040885556150688,0.39532266296737384,0.47037861915367485,0.5,0.00388596845531497,0.5555491699879587,0.42601239202252933,0.06942733824849584,0.9249476219327379,0.0
2021-05-23 03:10:00,0.2105997210599721,0.20318725099601576,0.1553239017125836,0.1183717193358329,0.4168771511955085,0.08596881959910913,0.5,0.00388596845531497,0.5555491699879587,0.42601239202252933,0.06942733824849584,0.9249476219327379,0.04488736665811669
2021-05-23 03:20:00,0.13528591352859135,0.043824701195219085,0.1871928518242738,0.18193179789323355,0.4177932496630066,0.00011135857461024499,0.5,0.00388596845531497,0.5555491699879587,0.42601239202252933,0.06942733824849584,0.9249476219327379,0.028969325708767747
2021-05-23 03:30:00,0.09205020920502092,0.019920318725099362,0.20029784065524936,0.24513479735761456,0.4177932496630066,0.2953229398663697,0.5,0.00388596845531497,0.5555491699879587,0.42601239202252933,0.06942733824849584,0.9249476219327379,0.002391478190020671
2021-05-23 03:40:00,0.07880055788005579,0.33864541832669315,0.19255398361876375,0.2572754865202642,0.4177932496630066,0.9995545657015591,0.5,0.00388596845531497,0.5555491699879587,0.42601239202252933,0.06942733824849584,0.9249476219327379,0.0
2021-05-23 03:50:00,0.06764295676429567,-0.05179282868525903,0.18659717051377522,0.2340653454740227,0.41781942390493515,0.9995545657015591,0.5,0.00388596845531497,0.5555491699879587,0.42601239202252933,0.06942733824849584,0.9249476219327379,0.0
2021-05-23 04:00:00,0.059274755927475595,-0.4422310756972111,0.18212956068503328,0.2147830744509911,0.41785868526782793,0.9995545657015591,0.5,-0.054327246505680216,0.5507245543911479,0.4733048026918073,0.10550034507897829,0.09186465891110518,0.0
2021-05-23 04:10:00,0.08786610878661089,-0.8326693227091634,0.17795979151154118,0.19978575254418862,0.41785868526782793,0.9995545657015591,0.5,-0.054327246505680216,0.5507245543911479,0.4733048026918073,0.10550034507897829,0.09186465891110518,0.0
2021-05-23 04:20:00,0.11366806136680613,0.07569721115537842,0.17736411020104237,0.18835922156757734,0.41785868526782793,0.9995545657015591,0.5,-0.054327246505680216,0.5507245543911479,0.4733048026918073,0.10550034507897829,0.09186465891110518,0.0
2021-05-23 04:30:00,0.1206415620641562,0.02948207171314743,0.1669396872673119,0.17978932333511866,0.41785868526782793,0.9995545657015591,0.5,-0.054327246505680216,0.5507245543911479,0.4733048026918073,0.10550034507897829,0.09186465891110518,0.0
2021-05-23 04:40:00,0.1324965132496513,-0.016733067729083784,0.15621742367833202,0.1694340296375647,0.41785868526782793,0.9995545657015591,0.5,-0.054327246505680216,0.5507245543911479,0.4733048026918073,0.10550034507897829,0.09186465891110518,0.0
2021-05-23 04:50:00,0.12552301255230125,-0.06294820717131477,0.148175725986597,0.16050705231208706,0.41785868526782793,0.9995545657015591,0.5,-0.054327246505680216,0.5507245543911479,0.4733048026918073,0.10550034507897829,0.09186465891110518,0.0
2021-05-23 05:00:00,0.12203626220362622,-0.10916334661354588,0.14519731943410275,0.15229423317264779,0.41785868526782793,0.9995545657015591,0.5,-0.06640306608280977,0.5390207668236575,0.5098563107209801,0.2052426652097788,0.09913509479964135,0.0
2021-05-23 05:10:00,0.11366806136680613,-0.15537848605577698,0.15174981384959052,0.1455097304052848,0.41785868526782793,0.9995545657015591,0.5,-0.06640306608280977,0.5390207668236575,0.5098563107209801,0.2052426652097788,0.09913509479964135,0.0
2021-05-23 05:20:00,0.11366806136680613,-0.20159362549800808,0.14847356664184663,0.1412247812890557,0.41785868526782793,0.9995545657015591,0.5,-0.06640306608280977,0.5390207668236575,0.5098563107209801,0.2052426652097788,0.09913509479964135,0.0
2021-05-23 05:30:00,0.10390516039051603,-0.24780876494023918,0.14519731943410275,0.13479735761471168,0.41785868526782793,0.9995545657015591,0.5,-0.06640306608280977,0.5390207668236575,0.5098563107209801,0.2052426652097788,0.09913509479964135,0.0
2021-05-23 05:40:00,0.16596931659693165,-0.29402390438247017,0.15026061057334306,0.12765577575432951,0.4180680792032561,0.9995545657015591,0.5,-0.06640306608280977,0.5390207668236575,0.5098563107209801,0.2052426652097788,0.09913509479964135,0.0
2021-05-23 05:50:00,0.25523012552301255,-0.34023904382470127,0.13745346239761713,0.12515622210319588,0.5274109748596406,0.57728285077951,0.5,-0.06640306608280977,0.5390207668236575,0.5098563107209801,0.2052426652097788,0.09913509479964135,0.03232644808908068
2021-05-23 06:00:00,0.25592747559274753,-0.38645418326693237,0.14043186895011162,0.13551151580074983,0.5569486068759734,0.00011135857461024499,0.5,-0.014248173001141007,0.5509860433841863,0.4837041948970757,0.2734719645751119,0.09020742759350799,0.11255035683570469
2021-05-23 06:10:00,0.24476987447698745,-0.11553784860557781,0.15026061057334306,0.14800928405641844,0.5569486068759734,0.00011135857461024499,0.5,-0.014248173001141007,0.5509860433841863,0.4837041948970757,0.2734719645751119,0.09020742759350799,0.09767340102901459
2021-05-23 06:20:00,0.21269177126917713,0.3227091633466135,0.16128071481757233,0.1587216568469918,0.5687401028647708,0.00011135857461024499,0.5,-0.014248173001141007,0.5509860433841863,0.4837041948970757,0.2734719645751119,0.09020742759350799,0.07809647388988639
2021-05-23 06:30:00,0.14435146443514643,0.49003984063745,0.17230081906180184,0.17764684877700399,0.583450026828598,0.00011135857461024499,0.5,-0.014248173001141007,0.5509860433841863,0.4837041948970757,0.2734719645751119,0.09020742759350799,0.029814264375273476
2021-05-23 06:40:00,0.18479776847977683,0.6175298804780875,0.14698436336559917,0.18907337975361527,0.5873238146340186,0.00011135857461024499,0.5,-0.014248173001141007,0.5509860433841863,0.4837041948970757,0.2734719645751119,0.09020742759350799,0.07123889131976403
2021-05-23 06:50:00,0.1631799163179916,0.6573705179282865,0.08771407297096023,0.10301731833601147,0.6027535302508802,0.00011135857461024499,0.5,-0.014248173001141007,0.5509860433841863,0.4837041948970757,0.2734719645751119,0.09020742759350799,0.05950782322676041
2021-05-23 07:00:00,0.16666666666666669,0.4262948207171313,0.06865227103499616,0.04731297982503113,0.6202117496172017,0.00011135857461024499,0.5,-0.027895590154568328,0.5645432419462822,0.497726286171034,0.272246148162427,0.076019286122365,0.05818006246510857
2021-05-23 07:10:00,0.14644351464435149,0.20318725099601576,0.05941921072226353,0.019460810569541076,0.6202117496172017,0.00011135857461024499,0.5,-0.027895590154568328,0.5645432419462822,0.497726286171034,0.272246148162427,0.076019286122365,0.05297463675181435
2021-05-23 07:20:00,0.1499302649930265,0.19521912350597592,0.055845122859270235,0.004463488662738824,0.6202117496172017,0.00011135857461024499,0.5,-0.027895590154568328,0.5645432419462822,0.497726286171034,0.272246148162427,0.076019286122365,0.05348763522790712
2021-05-23 07:30:00,0.16945606694560672,0.298804780876494,0.054355919583022994,-0.008748437778968055,0.6202117496172017,0.00011135857461024499,0.5,-0.027895590154568328,0.5645432419462822,0.497726286171034,0.272246148162427,0.076019286122365,0.06276687236899679
2021-05-23 07:40:00,0.19177126917712692,-0.3227091633466136,0.05018615040953067,-0.01981788966256015,0.6202117496172017,0.00011135857461024499,0.5,-0.027895590154568328,0.5645432419462822,0.497726286171034,0.272246148162427,0.076019286122365,0.07341159074792161
2021-05-23 07:50:00,0.1806136680613668,0.24302788844621515,0.04988830975428127,-0.029101946081056984,0.6202117496172017,0.00011135857461024499,0.5,-0.027895590154568328,0.5645432419462822,0.497726286171034,0.272246148162427,0.076019286122365,0.06559590808274364
2021-05-23 08:00:00,0.15202231520223153,0.3227091633466135,0.04988830975428127,-0.031244420639171433,0.6202117496172017,0.00011135857461024499,0.5,-0.01042103939566874,0.5589772619516283,0.45256156286740434,0.21099424821863572,0.061278292673581446,0.04909697180017201
2021-05-23 08:10:00,0.1415620641562064,0.3545816733067728,0.04988830975428127,-0.031244420639171433,0.6202117496172017,0.00011135857461024499,0.5,-0.01042103939566874,0.5589772619516283,0.45256156286740434,0.21099424821863572,0.061278292673581446,0.042835372753745646
2021-05-23 08:20:00,0.19107391910739194,0.4661354581673305,0.053760238272523964,-0.03231565791822877,0.6202117496172017,0.00011135857461024499,0.5,-0.01042103939566874,0.5589772619516283,0.45256156286740434,0.21099424821863572,0.061278292673581446,0.07558429017607918
2021-05-23 08:30:00,0.19177126917712692,0.20318725099601576,0.05852568875651509,-0.036243527941438924,0.6317022418238213,0.00011135857461024499,0.5,-0.01042103939566874,0.5589772619516283,0.45256156286740434,0.21099424821863572,0.061278292673581446,0.07737978484240385
2021-05-23 08:40:00,0.23221757322175732,-0.043824701195219196,0.06448250186150384,-0.03517229066238159,0.6367276962740966,0.00011135857461024499,0.5,-0.01042103939566874,0.5589772619516283,0.45256156286740434,0.21099424821863572,0.061278292673581446,0.10328620788508834
2021-05-23 08:50:00,0.20362622036262204,-0.40239043824701204,0.06835443037974676,-0.031244420639171433,0.6312703668320007,0.00011135857461024499,0.5,-0.01042103939566874,0.5589772619516283,0.45256156286740434,0.21099424821863572,0.061278292673581446,0.07638396427116496
2021-05-23 09:00:00,0.19595536959553697,0.29083665338645415,0.07580044676098274,-0.02803070880199965,0.6201724882543089,0.00011135857461024499,0.5,0.011409925145661193,0.5694282011568729,0.388655614308539,0.1607725081127973,0.9883708983518151,0.07120871493881739
2021-05-23 09:10:00,0.15202231520223153,0.4262948207171313,0.08384214445271776,-0.024459917871808567,0.6321341168156417,0.00011135857461024499,0.5,0.011409925145661193,0.5694282011568729,0.388655614308539,0.1607725081127973,0.9883708983518151,0.04531738008660621
2021-05-23 09:20:00,0.14504881450488147,0.01195219123505975,0.09218168279970218,-0.015890019639349995,0.6365968250644541,0.00011135857461024499,0.5,0.011409925145661193,0.5694282011568729,0.388655614308539,0.1607725081127973,0.9883708983518151,0.03925192751633297
2021-05-23 09:30:00,0.13737796373779637,-0.043824701195219196,0.101712583767684,-0.0026780931976432276,0.6365968250644541,0.00011135857461024499,0.5,0.011409925145661193,0.5694282011568729,0.388655614308539,0.1607725081127973,0.9883708983518151,0.030206557327579705
2021-05-23 09:40:00,0.17364016736401675,0.4661354581673305,0.11124348473566648,0.004106409569719638,0.6520658020442083,0.00011135857461024499,0.5,0.011409925145661193,0.5694282011568729,0.388655614308539,0.1607725081127973,0.9883708983518151,0.05966624922673024
2021-05-23 09:50:00,0.11645746164574616,-0.31474103585657376,0.11898734177215187,0.011605070523120764,0.6530735103584562,0.00011135857461024499,0.5,0.011409925145661193,0.5694282011568729,0.388655614308539,0.1607725081127973,0.9883708983518151,0.01684596466345791
2021-05-23 10:00:00,0.10599721059972106,0.08366533864541825,0.12792256142963487,0.024102838778789604,0.6530735103584562,0.1443207126948775,0.5,0.20082061941356577,0.5775516009735444,0.2547037577687917,0.26160849512495443,0.8159902596964362,0.006284231332136337
2021-05-23 10:10:00,0.09902370990237098,-0.8326693227091634,0.14519731943410275,0.04874129619710765,0.6530735103584562,0.9996659242761693,0.5,0.20082061941356577,0.5775516009735444,0.2547037577687917,0.26160849512495443,0.8159902596964362,0.0
2021-05-23 10:20:00,0.059274755927475595,-0.6600265604249669,0.1672375279225613,0.08087841456882705,0.6530735103584562,0.9996659242761693,0.5,0.20082061941356577,0.5775516009735444,0.2547037577687917,0.26160849512495443,0.8159902596964362,0.0
2021-05-23 10:30:00,0.06555090655509065,-0.4873837981407704,0.1868950111690244,0.10337439742903043,0.6530735103584562,0.9996659242761693,0.5,0.20082061941356577,0.5775516009735444,0.2547037577687917,0.26160849512495443,0.8159902596964362,0.0
2021-05-23 10:40:00,0.039051603905160395,-0.31474103585657376,0.2023827252419954,0.12122835207998572,0.6530735103584562,0.9996659242761693,0.5,0.20082061941356577,0.5775516009735444,0.2547037577687917,0.26160849512495443,0.8159902596964362,0.0
2021-05-23 10:50:00,0.11785216178521618,-0.14209827357237725,0.21548771407297096,0.13515443670773086,0.6530735103584562,0.9996659242761693,0.5,0.20082061941356577,0.5775516009735444,0.2547037577687917,0.26160849512495443,0.8159902596964362,0.0
2021-05-23 11:00:00,0.09623430962343095,0.03054448871181914,0.22799702159344726,0.14622388859132296,0.6530735103584562,0.9996659242761693,0.5,0.22352286671138177,0.5758217507119106,0.24296685700198478,0.48081648684035033,0.7757350443751733,0.0
2021-05-23 11:10:00,0.14853556485355648,0.20318725099601576,0.23842144452717773,0.15657918228887713,0.6530735103584562,0.9996659242761693,0.5,0.22352286671138177,0.5758217507119106,0.24296685700198478,0.48081648684035033,0.7757350443751733,0.0
2021-05-23 11:20:00,0.13528591352859135,0.005976095617529875,0.24527177959791513,0.1647920014283164,0.5536768266349087,0.9996659242761693,0.5,0.22352286671138177,0.5758217507119106,0.24296685700198478,0.48081648684035033,0.7757350443751733,0.0
2021-05-23 11:30:00,0.14644351464435149,-0.19123505976095634,0.2604616530156365,0.17479021603285116,0.5120990433314575,0.9996659242761693,0.5,0.22352286671138177,0.5758217507119106,0.24296685700198478,0.48081648684035033,0.7757350443751733,0.0
2021-05-23 11:40:00,0.24616457461645744,-0.38844621513944233,0.27326880119136243,0.18264595607927148,0.5012890814149795,0.9996659242761693,0.5,0.22352286671138177,0.5758217507119106,0.24296685700198478,0.48081648684035033,0.7757350443751733,0.0
2021-05-23 11:50:00,0.2503486750348675,-0.5856573705179284,0.28488458674609074,0.19764327798607395,0.3911609585007394,0.30779510022271717,0.5,0.22352286671138177,0.5758217507119106,0.24296685700198478,0.48081648684035033,0.7757350443751733,0.04675830227680794
2021-05-23 12:00:00,0.3354253835425383,0.13147410358565725,0.2962025316455694,0.2097839671487236,0.3903102956380626,0.03474387527839644,0.5,0.24813054265810108,0.5800429301709451,0.22546663476023318,0.6353076517131583,0.7680600711888178,0.1337718967364244
2021-05-23 12:10:00,0.2580195258019526,-0.059760956175298974,0.3099032017870438,0.22478128905552563,0.40664302260145796,0.026837416481069045,0.5,0.24813054265810108,0.5800429301709451,0.22546663476023318,0.6353076517131583,0.7680600711888178,0.08073690722271677
2021-05-23 12:20:00,0.301952580195258,-0.7370517928286854,0.32092330603127306,0.2401356900553473,0.3692531180065697,0.00033407572383073496,0.5,0.24813054265810108,0.5800429301709451,0.22546663476023318,0.6353076517131583,0.7680600711888178,0.14465802616292228
2021-05-23 12:30:00,0.3598326359832636,0.20318725099601576,0.31586001489203275,0.24406356007855767,0.36825849681328604,0.00011135857461024499,0.5,0.24813054265810108,0.5800429301709451,0.22546663476023318,0.6353076517131583,0.7680600711888178,0.3137212004164341
2021-05-23 12:40:00,0.40585774058577406,0.346613545816733,0.29769173492181666,0.2097839671487236,0.3756003716742354,0.07616926503340757,0.5,0.24813054265810108,0.5800429301709451,0.22546663476023318,0.6353076517131583,0.7680600711888178,0.3205108861294265
2021-05-23 12:50:00,0.4386331938633194,-0.1394422310756973,0.30186150409530876,0.2158543117300482,0.40119878028032613,0.1344097995545657,0.5,0.24813054265810108,0.5800429301709451,0.22546663476023318,0.6353076517131583,0.7680600711888178,0.2626929402356775
2021-05-23 13:00:00,0.606694560669456,0.08366533864541825,0.3036485480268054,0.2112122835207999,0.38637107222782063,0.05501113585746103,0.5,0.38180348826621624,0.5621409914168387,0.15669825226043008,0.7316892583711472,0.7661702235822098,0.4927501244775714
2021-05-23 13:10:00,0.4679218967921897,-0.019920318725099695,0.30394638868205504,0.20121406891626492,0.396997814450799,0.020935412026726056,0.5,0.38180348826621624,0.5621409914168387,0.15669825226043008,0.7316892583711472,0.7661702235822098,0.38837002278316757
2021-05-23 13:20:00,0.5878661087866108,-0.1394422310756973,0.30871183916604594,0.20871272986966627,0.39017942442841996,0.06993318485523385,0.5,0.38180348826621624,0.5621409914168387,0.15669825226043008,0.7316892583711472,0.7661702235822098,0.38695173287867585
2021-05-23 13:30:00,0.5843793584379359,0.043824701195219085,0.3096053611317944,0.21228352079985724,0.37845336404444385,0.043429844097995544,0.5,0.38180348826621624,0.5621409914168387,0.15669825226043008,0.7316892583711472,0.7661702235822098,0.5134963863783817
2021-05-23 13:40:00,0.48535564853556484,-0.059760956175298974,0.3149664929262843,0.22156757721835385,0.3895905039850283,0.03229398663697105,0.5,0.38180348826621624,0.5621409914168387,0.15669825226043008,0.7316892583711472,0.7661702235822098,0.34897475745733814
2021-05-23 13:50:00,0.6687587168758717,0.10756972111553775,0.32836932241250905,0.23585074093911795,0.37721008755283925,0.04131403118040089,0.5,0.38180348826621624,0.5621409914168387,0.15669825226043008,0.7316892583711472,0.7661702235822098,0.764760022330522
2021-05-23 14:00:00,0.5244072524407252,-0.043824701195219196,0.3331347728965002,0.24227816461346197,0.37266885657824134,0.05278396436525613,0.5,0.3948727629665971,0.5412046309413308,0.14655553184131445,0.7819415654582691,0.7657219717557052,0.36336889116888216
2021-05-23 14:10:00,0.6429567642956765,0.10756972111553775,0.3390915860014889,0.24941974647384413,0.3824972844223999,0.025612472160356347,0.5,0.3948727629665971,0.5412046309413308,0.14655553184131445,0.7819415654582691,0.7657219717557052,0.6961766525340616
2021-05-23 14:20:00,0.5955369595536959,-0.17928286852589637,0.3450483991064779,0.26156043563649356,0.37714465194801794,0.01648106904231626,0.5,0.3948727629665971,0.5412046309413308,0.14655553184131445,0.7819415654582691,0.7657219717557052,0.6601686859694917
2021-05-23 14:30:00,0.7001394700139469,0.1872509960159361,0.35219657483246447,0.2783431530083913,0.3740953527633456,0.07505567928730512,0.5,0.3948727629665971,0.5412046309413308,0.14655553184131445,0.7819415654582691,0.7657219717557052,0.6357333614979556
2021-05-23 14:40:00,0.5251046025104603,-0.03585657370517936,0.35517498138495895,0.2844134975897161,0.3749067542631297,0.020824053452115816,0.5,0.3948727629665971,0.5412046309413308,0.14655553184131445,0.7819415654582691,0.7657219717557052,0.4635620200069406
2021-05-23 14:50:00,0.5634588563458857,-0.02788844621513953,0.364705882352941,0.3026245313336904,0.4024158825300022,0.05077951002227171,0.5,0.3948727629665971,0.5412046309413308,0.14655553184131445,0.7819415654582691,0.7657219717557052,0.41828990449175435
2021-05-23 15:00:00,0.8312412831241283,0.13147410358565725,0.3721518987341772,0.3040528477057669,0.3860308070827499,0.1032293986636971,0.5,0.40205475043050476,0.5124494622234623,0.14220035439474982,0.7927365195626899,0.7689229937454167,0.7384537622402946
2021-05-23 15:10:00,0.7740585774058577,-0.12350597609561753,0.37453462397617265,0.29369755400821274,0.39862061745036714,0.0799554565701559,0.5,0.40205475043050476,0.5124494622234623,0.14220035439474982,0.7927365195626899,0.7689229937454167,0.6927139128204355
2021-05-23 15:20:00,0.6673640167364017,-0.01195219123505975,0.3807892777364108,0.30333868951972875,0.39345120466948474,0.056458797327394214,0.5,0.40205475043050476,0.5124494622234623,0.14220035439474982,0.7927365195626899,0.7689229937454167,0.5732380765574785
2021-05-23 15:30:00,0.6164574616457461,0.019920318725099362,0.38644825018615014,0.3104802713801109,0.37285207627174094,0.05801781737193764,0.5,0.40205475043050476,0.5124494622234623,0.14220035439474982,0.7927365195626899,0.7689229937454167,0.47368619581453597
2021-05-23 15:40:00,0.6875871687587168,-0.059760956175298974,0.39478778853313456,0.3347616497054098,0.3927837615003075,0.08930957683741649,0.5,0.40205475043050476,0.5124494622234623,0.14220035439474982,0.7927365195626899,0.7689229937454167,0.4674924936252395
2021-05-23 15:50:00,0.690376569037657,0.03585657370517925,0.40074460163812353,0.33547580789144793,0.39262671604873645,0.04320712694877506,0.5,0.40205475043050476,0.5124494622234623,0.14220035439474982,0.7927365195626899,0.7689229937454167,0.7352927863361347
2021-05-23 16:00:00,0.693863319386332,0.05976095617529875,0.4040208488458674,0.34011783610069646,0.4126761853659814,0.035523385300668155,0.5,0.47186333371467026,0.49119414264655686,0.11964646251368168,0.7910599916096539,0.7725165536908962,0.8279040994613517
2021-05-23 16:10:00,0.7496513249651325,0.027888446215139417,0.4072970960536113,0.3472594179610784,0.4250696889191347,0.03184855233853007,0.5,0.47186333371467026,0.49119414264655686,0.11964646251368168,0.7910599916096539,0.7725165536908962,0.9480966247717911
2021-05-23 16:20:00,0.6485355648535566,0.01195219123505975,0.4120625465376022,0.3618996607748617,0.4011595189174333,0.01002227171492205,0.5,0.47186333371467026,0.49119414264655686,0.11964646251368168,0.7910599916096539,0.7725165536908962,0.7964075018483034
2021-05-23 16:30:00,0.6283124128312413,0.003984063745019917,0.4129560685033504,0.3743974290305303,0.41903652615461123,0.008017817371937639,0.5,0.47186333371467026,0.49119414264655686,0.11964646251368168,0.7910599916096539,0.7725165536908962,0.7418486050967907
2021-05-23 16:40:00,0.6889818688981869,-0.09960159362549814,0.4159344750558449,0.38510980182110344,0.3866982502519271,0.016369710467706012,0.5,0.47186333371467026,0.49119414264655686,0.11964646251368168,0.7910599916096539,0.7725165536908962,0.8950918116390302
2021-05-23 16:50:00,0.6373779637377964,0.17131474103585642,0.4198064035740878,0.39760757007677205,0.3982018295795108,0.01982182628062361,0.5,0.47186333371467026,0.49119414264655686,0.11964646251368168,0.7910599916096539,0.7725165536908962,0.7721079710910271
2021-05-23 17:00:00,0.6436541143654114,-0.0916334661354582,0.42189128816083366,0.4004642028209249,0.40564840140817426,0.0026726057906458797,0.5,0.46960776433240614,0.47864841799159197,0.11871704180186639,0.7792409396629113,0.7790906559478442,0.8143699926067867
2021-05-23 17:10:00,0.6227336122733612,-0.06772908366533881,0.4224869694713327,0.41331905016961246,0.393817644056484,0.013363028953229399,0.5,0.46960776433240614,0.47864841799159197,0.11871704180186639,0.7792409396629113,0.7790906559478442,0.7366054589073132
2021-05-23 17:20:00,0.6757322175732218,-0.13147410358565736,0.4224869694713327,0.40760578468130704,0.39254819332295093,0.031403118040089086,0.5,0.46960776433240614,0.47864841799159197,0.11871704180186639,0.7792409396629113,0.7790906559478442,0.8128988940356383
2021-05-23 17:30:00,0.7482566248256626,0.13147410358565725,0.42546537602382717,0.40546331012319237,0.41261074976116,0.03685968819599109,0.5,0.46960776433240614,0.47864841799159197,0.11871704180186639,0.7792409396629113,0.7790906559478442,0.9051782669704422
2021-05-23 17:40:00,0.691771269177127,-0.06772908366533881,0.4278481012658226,0.4111765756114978,0.416196620905367,0.01447661469933185,0.5,0.46960776433240614,0.47864841799159197,0.11871704180186639,0.7792409396629113,0.7790906559478442,0.8670881301205546
2021-05-23 17:50:00,0.6666666666666667,-0.20318725099601598,0.4263588979895754,0.42010355293697543,0.390231772912277,0.011024498886414253,0.5,0.46960776433240614,0.47864841799159197,0.11871704180186639,0.7792409396629113,0.7790906559478442,0.8596798285981562
2021-05-23 18:00:00,0.7615062761506276,0.15537848605577675,0.43142218912881614,0.42831637207641493,0.413212757325516,0.03173719376391983,0.5,0.4325741280751967,0.46840724468185985,0.12175322554893711,0.8021604799147479,0.772341781438571,0.9914978046682862
2021-05-23 18:10:00,0.7538354253835425,0.09163346613545809,0.43350707371556196,0.42617389751830026,0.4227009200246038,0.01982182628062361,0.5,0.4325741280751967,0.46840724468185985,0.12175322554893711,0.8021604799147479,0.772341781438571,0.9364409976311541
2021-05-23 18:20:00,0.7224546722454672,-0.2270916334661356,0.4320178704393147,0.43438671665773976,0.4133174542932301,0.026614699331848554,0.5,0.4325741280751967,0.46840724468185985,0.12175322554893711,0.8021604799147479,0.772341781438571,0.8813841905940221
2021-05-23 18:30:00,0.7287308228730822,0.09163346613545809,0.43350707371556196,0.4351008748437779,0.40040046590150635,0.025612472160356347,0.5,0.4325741280751967,0.46840724468185985,0.12175322554893711,0.8021604799147479,0.772341781438571,0.9417671288682348
2021-05-23 18:40:00,0.6478382147838214,-0.14741035856573714,0.42993298585256867,0.44688448491340815,0.3990001439583306,0.0089086859688196,0.5,0.4325741280751967,0.46840724468185985,0.12175322554893711,0.8021604799147479,0.772341781438571,0.8476847171718697
2021-05-23 18:50:00,0.6080892608089261,-0.003984063745020028,0.42933730454206964,0.4558114622388858,0.39159283349256,0.009799554565701559,0.5,0.4325741280751967,0.46840724468185985,0.12175322554893711,0.8021604799147479,0.772341781438571,0.7341687161458726
2021-05-23 19:00:00,0.5627615062761506,0.09163346613545809,0.42814594192107225,0.4490269594715228,0.40342359084425017,0.0022271714922049,0.5,0.4269148425584086,0.4861597611542294,0.11766169466532295,0.778948198209507,0.7892080322291364,0.6923593403443126
2021-05-23 19:10:00,0.5230125523012552,0.043824701195219085,0.4311243484735665,0.4654525977504018,0.41247987855151746,0.00011135857461024499,0.5,0.4269148425584086,0.4861597611542294,0.11766169466532295,0.778948198209507,0.7892080322291364,0.566538919987326
2021-05-23 19:20:00,0.694560669456067,-0.0916334661354582,0.4302308265078181,0.4668809141224781,0.4091295755846671,0.005790645879732739,0.5,0.4269148425584086,0.4861597611542294,0.11766169466532295,0.778948198209507,0.7892080322291364,0.9554973821989529
2021-05-23 19:30:00,0.6290097629009763,0.17928286852589648,0.4278481012658226,0.452597750401714,0.41217887476933956,0.00044543429844097997,0.5,0.4269148425584086,0.4861597611542294,0.11766169466532295,0.778948198209507,0.7892080322291364,0.8095794921315088
2021-05-23 19:40:00,0.5460251046025105,0.1394422310756971,0.42546537602382717,0.4543831458668095,0.42342071167763806,0.00022271714922048998,0.5,0.4269148425584086,0.4861597611542294,0.11766169466532295,0.778948198209507,0.7892080322291364,0.5757728925569957
2021-05-23 19:50:00,0.6875871687587168,-0.17131474103585675,0.4266567386448248,0.46152472772719166,0.42177173443614135,0.005233853006681514,0.5,0.4269148425584086,0.4861597611542294,0.11766169466532295,0.778948198209507,0.7892080322291364,0.9175732154442717
2021-05-23 20:00:00,0.6220362622036262,0.07569721115537842,0.4233804914370811,0.4508123549366183,0.4192590072110037,0.006570155902004454,0.5,0.4208321395706722,0.48771720109078187,0.1103300629239,0.7039835671315542,0.8109686713440097,0.7750652564237972
2021-05-23 20:10:00,0.5564853556485356,0.06772908366533859,0.41772151898734156,0.452597750401714,0.4467943097198047,0.00022271714922048998,0.5,0.4208321395706722,0.48771720109078187,0.1103300629239,0.7039835671315542,0.8109686713440097,0.6229083995956366
2021-05-23 20:20:00,0.6108786610878661,-0.33067729083665354,0.41444527177959767,0.45474022495982847,0.447566449856696,0.0010022271714922048,0.5,0.4208321395706722,0.48771720109078187,0.1103300629239,0.7039835671315542,0.8109686713440097,0.7500037720476184
2021-05-23 20:30:00,0.5132496513249651,0.1633466135458166,0.410573343261355,0.44866988037850386,0.4409051052858881,0.00011135857461024499,0.5,0.4208321395706722,0.48771720109078187,0.1103300629239,0.7039835671315542,0.8109686713440097,0.5404061740875418
2021-05-23 20:40:00,0.5488145048814504,-0.17928286852589637,0.4043186895011168,0.44259953579717903,0.4579183625394249,0.00011135857461024499,0.5,0.4208321395706722,0.48771720109078187,0.1103300629239,0.7039835671315542,0.8109686713440097,0.6178764880727854
2021-05-23 20:50:00,0.5341701534170153,-0.03585657370517936,0.3983618763961281,0.4254597393322621,0.44521076808312937,0.00011135857461024499,0.5,0.4208321395706722,0.48771720109078187,0.1103300629239,0.7039835671315542,0.8109686713440097,0.6039802646468609
2021-05-23 21:00:00,0.5683403068340307,0.33864541832669315,0.39389426656738635,0.41046241742545986,0.44596982109905636,0.00011135857461024499,0.5,0.41608486093262553,0.4987801969500606,0.09493926681399933,0.5154652495429125,0.8479374715855668,0.6584033676841137
2021-05-23 21:10:00,0.5118549511854951,0.17928286852589648,0.3876396128071482,0.39582217461167657,0.4481422831791234,0.00011135857461024499,0.5,0.41608486093262553,0.4987801969500606,0.09493926681399933,0.5154652495429125,0.8479374715855668,0.5274076979947795
2021-05-23 21:20:00,0.44142259414225943,0.21912350597609564,0.3813849590469096,0.38760935547223707,0.45586368454803633,0.00011135857461024499,0.5,0.41608486093262553,0.4987801969500606,0.09493926681399933,0.5154652495429125,0.8479374715855668,0.3980868174479834
2021-05-23 21:30:00,0.5055788005578801,0.019920318725099362,0.37513030528667146,0.38510980182110344,0.4688591956655455,0.00011135857461024499,0.5,0.41608486093262553,0.4987801969500606,0.09493926681399933,0.5154652495429125,0.8479374715855668,0.48606605609789216
2021-05-23 21:40:00,0.4860529986052998,0.12350597609561742,0.36649292628443764,0.37511158721656845,0.4705605213908992,0.00011135857461024499,0.5,0.41608486093262553,0.4987801969500606,0.09493926681399933,0.5154652495429125,0.8479374715855668,0.4462030568673899
2021-05-23 21:50:00,0.5062761506276151,0.5139442231075697,0.356664184661206,0.3583288698446707,0.4705605213908992,0.00011135857461024499,0.5,0.41608486093262553,0.4987801969500606,0.09493926681399933,0.5154652495429125,0.8479374715855668,0.5007091449522459
2021-05-23 22:00:00,0.5453277545327755,0.1872509960159361,0.34832464631422155,0.3426173897518301,0.47757521822774207,0.00011135857461024499,0.5,0.2933314833486367,0.5095156131916881,0.1561789484243155,0.3980453507056688,0.898819115886149,0.56887758951069
2021-05-23 22:10:00,0.5292887029288703,-0.03585657370517936,0.3447505584512285,0.33369041242635245,0.48184161966209055,0.00011135857461024499,0.5,0.2933314833486367,0.5095156131916881,0.1561789484243155,0.3980453507056688,0.898819115886149,0.5058843942845935
2021-05-23 22:20:00,0.5237099023709902,0.07569721115537842,0.33998510796723735,0.32690590965898947,0.48184161966209055,0.00011135857461024499,0.5,0.2933314833486367,0.5095156131916881,0.1561789484243155,0.3980453507056688,0.898819115886149,0.49031338171613076
2021-05-23 22:30:00,0.49790794979079495,0.4501992031872508,0.33670886075949347,0.3186930905195502,0.48184161966209055,0.00011135857461024499,0.5,0.2933314833486367,0.5095156131916881,0.1561789484243155,0.3980453507056688,0.898819115886149,0.45111426286645445
2021-05-23 22:40:00,0.45676429567642957,0.36254980079681287,0.334326135517498,0.3094090341010536,0.48184161966209055,0.00011135857461024499,0.5,0.2933314833486367,0.5095156131916881,0.1561789484243155,0.3980453507056688,0.898819115886149,0.38608416192646017
2021-05-23 22:50:00,0.41841004184100417,0.01195219123505975,0.32836932241250905,0.30333868951972875,0.49121199827250006,0.00011135857461024499,0.5,0.2933314833486367,0.5095156131916881,0.1561789484243155,0.3980453507056688,0.898819115886149,0.2967997948006096
2021-05-23 23:00:00,0.35355648535564854,-0.29083665338645437,0.32181682799702127,0.29369755400821274,0.4930703694494248,0.00011135857461024499,0.5,0.19791363084066793,0.524725077369135,0.18445722984438512,0.3403744887936598,0.9540788878160499,0.18935679044012252
2021-05-23 23:10:00,0.20432357043235705,-0.01195219123505975,0.30483991064780347,0.28048562756650597,0.4930703694494248,0.00011135857461024499,0.5,0.19791363084066793,0.524725077369135,0.18445722984438512,0.3403744887936598,0.9540788878160499,0.11424023416871615
2021-05-23 23:20:00,0.2914923291492329,0.2669322709163344,0.29709605361131786,0.270487412961971,0.5120205206056719,0.00011135857461024499,0.5,0.19791363084066793,0.524725077369135,0.18445722984438512,0.3403744887936598,0.9540788878160499,0.23044193309896344
2021-05-23 23:30:00,0.3138075313807531,-0.03585657370517936,0.295309009679821,0.2590608819853597,0.515305387967701,0.00011135857461024499,0.5,0.19791363084066793,0.524725077369135,0.18445722984438512,0.3403744887936598,0.9540788878160499,0.2123738250071669
2021-05-23 23:40:00,0.36959553695955366,0.15537848605577675,0.29650037230081905,0.2479914301017676,0.5209197628613681,0.00011135857461024499,0.5,0.19791363084066793,0.524725077369135,0.18445722984438512,0.3403744887936598,0.9540788878160499,0.2875205576595199
2021-05-23 23:50:00,0.4072524407252441,0.25099601593625476,0.2991809381980639,0.24049276914836648,0.5249898574812527,0.00011135857461024499,0.5,0.19791363084066793,0.524725077369135,0.18445722984438512,0.3403744887936598,0.9540788878160499,0.30342351041839555
2021-05-24 00:00:00,0.28103207810320785,0.10756972111553775,0.30067014147431115,0.23477950366006062,0.5321615997696667,0.00011135857461024499,0.5,0.18740123733291347,0.5176131514595987,0.18034325286089492,0.3359606474350772,0.006461832007888051,0.14803778082894517
2021-05-24 00:10:00,0.2838214783821479,0.24302788844621515,0.29709605361131786,0.2272808427066595,0.5321615997696667,0.00011135857461024499,0.5,0.18740123733291347,0.5176131514595987,0.18034325286089492,0.3359606474350772,0.006461832007888051,0.14689862244820978
2021-05-24 00:20:00,0.3228730822873082,0.09960159362549792,0.29709605361131786,0.222281735404392,0.5321615997696667,0.00011135857461024499,0.5,0.18740123733291347,0.5176131514595987,0.18034325286089492,0.3359606474350772,0.006461832007888051,0.17894593901353412
2021-05-24 00:30:00,0.30404463040446306,0.043824701195219085,0.29590469099032,0.2158543117300482,0.5321615997696667,0.00011135857461024499,0.5,0.18740123733291347,0.5176131514595987,0.18034325286089492,0.3359606474350772,0.006461832007888051,0.15990464263620865
2021-05-24 00:40:00,0.3633193863319386,0.2828685258964143,0.2911392405063289,0.20906980896268523,0.542487338210467,0.00011135857461024499,0.5,0.18740123733291347,0.5176131514595987,0.18034325286089492,0.3359606474350772,0.006461832007888051,0.23001946376571056
2021-05-24 00:50:00,0.3312412831241283,-0.26693227091633476,0.28488458674609074,0.20264238528834144,0.5572888720210442,0.00011135857461024499,0.5,0.18740123733291347,0.5176131514595987,0.18034325286089492,0.3359606474350772,0.006461832007888051,0.18802902967847068
2021-05-24 01:00:00,0.2894002789400279,-0.4900398406374503,0.280416976917349,0.1951437243349401,0.5569355197550092,0.00011135857461024499,0.5,0.10830165067775144,0.5128402589603097,0.2586575685141836,0.3541841464603088,0.054355769070183316,0.13926399806871162
2021-05-24 01:10:00,0.2705718270571827,0.41035856573705165,0.2789277736411018,0.18943045884663468,0.5434819594037508,0.00011135857461024499,0.5,0.10830165067775144,0.5128402589603097,0.2586575685141836,0.3541841464603088,0.054355769070183316,0.12843822140410702
2021-05-24 01:20:00,0.29776847977684795,0.6414342629482073,0.2762472077438567,0.17907516514908073,0.5434819594037508,0.00011135857461024499,0.5,0.10830165067775144,0.5128402589603097,0.2586575685141836,0.3541841464603088,0.054355769070183316,0.14916185101920726
2021-05-24 01:30:00,0.24616457461645744,0.5298804780876492,0.2723752792256142,0.17229066238171753,0.5434819594037508,0.00011135857461024499,0.5,0.10830165067775144,0.5128402589603097,0.2586575685141836,0.3541841464603088,0.054355769070183316,0.10828794302699277
2021-05-24 01:40:00,0.22036262203626222,0.29083665338645415,0.2688011913626207,0.17193358328869857,0.5520147622724476,0.00011135857461024499,0.5,0.10830165067775144,0.5128402589603097,0.2586575685141836,0.3541841464603088,0.054355769070183316,0.08475036588861898
2021-05-24 01:50:00,0.18549511854951187,0.19521912350597592,0.264929262844378,0.16550615961435455,0.5573543076258654,0.00011135857461024499,0.5,0.10830165067775144,0.5128402589603097,0.2586575685141836,0.3541841464603088,0.054355769070183316,0.0665615522730359
2021-05-24 02:00:00,0.1311018131101813,0.5059760956175297,0.2613551749813847,0.1662203178003927,0.5576029629241863,0.00011135857461024499,0.5,0.08838425293915764,0.5113259216050254,0.2726121946743902,0.36924005277202987,0.08145206847173303,0.02609502542360095
2021-05-24 02:10:00,0.07601115760111576,0.6015936254980081,0.2592702903946389,0.17693269059096606,0.5737393830731177,0.3185968819599109,0.5,0.08838425293915764,0.5113259216050254,0.2726121946743902,0.36924005277202987,0.08145206847173303,0.0
2021-05-24 02:20:00,0.1297071129707113,0.6494023904382469,0.26284437825763196,0.18943045884663468,0.5737917315569748,0.9993318485523385,0.5,0.08838425293915764,0.5113259216050254,0.2726121946743902,0.36924005277202987,0.08145206847173303,0.0
2021-05-24 02:30:00,0.19665271966527195,0.6972111553784861,0.2613551749813847,0.19942867345116966,0.579314496603892,0.9993318485523385,0.5,0.08838425293915764,0.5113259216050254,0.2726121946743902,0.36924005277202987,0.08145206847173303,0.0
2021-05-24 02:40:00,0.23570432357043236,0.7450199203187249,0.2577810871183914,0.2015711480092841,0.6921123921948411,0.37639198218262804,0.5,0.08838425293915764,0.5113259216050254,0.2726121946743902,0.36924005277202987,0.08145206847173303,0.05160915551397921
2021-05-24 02:50:00,0.2280334728033473,0.3306772908366533,0.2726731198808636,0.21514015354401006,0.6891939642198113,0.00011135857461024499,0.5,0.08838425293915764,0.5113259216050254,0.2726121946743902,0.36924005277202987,0.08145206847173303,0.08992561522096655
2021-05-24 03:00:00,0.13807531380753138,-0.03585657370517936,0.28190618019359626,0.24227816461346197,0.6891939642198113,0.00011135857461024499,0.5,0.06894727310143356,0.4988118055096587,0.30200593312558643,0.3800687110190785,0.09440663823331198,0.024978499328575526
2021-05-24 03:10:00,0.15202231520223153,-0.6653386454183268,0.26612062546537585,0.26834493840385654,0.6891939642198113,0.00011135857461024499,0.5,0.06894727310143356,0.4988118055096587,0.30200593312558643,0.3800687110190785,0.09440663823331198,0.03803732818323099
2021-05-24 03:20:00,0.09623430962343095,-0.21115537848605592,0.22948622486969472,0.21228352079985724,0.6891939642198113,0.00011135857461024499,0.5,0.06894727310143356,0.4988118055096587,0.30200593312558643,0.3800687110190785,0.09440663823331198,0.005990011617906665
2021-05-24 03:30:00,0.11785216178521618,-0.21912350597609564,0.21816827997021582,0.18835922156757734,0.6891939642198113,0.00011135857461024499,0.5,0.06894727310143356,0.4988118055096587,0.30200593312558643,0.3800687110190785,0.09440663823331198,0.01580487952079907
2021-05-24 03:40:00,0.12343096234309624,-0.6972111553784861,0.20863737900223356,0.16586323870737374,0.6857651385271754,0.00011135857461024499,0.5,0.06894727310143356,0.4988118055096587,0.30200593312558643,0.3800687110190785,0.09440663823331198,0.020142734281877576
2021-05-24 03:50:00,0.19177126917712692,-0.5697211155378487,0.2023827252419954,0.14765220496339948,0.672717278925809,0.00011135857461024499,0.5,0.06894727310143356,0.4988118055096587,0.30200593312558643,0.3800687110190785,0.09440663823331198,0.07592377446172881
2021-05-24 04:00:00,0.1799163179916318,-0.4581673306772909,0.19880863737900212,0.1283699339403679,0.672717278925809,0.00011135857461024499,0.5,-0.028929736046985233,0.5051392644400837,0.3796565036559878,0.40778340690621895,0.10222168997651422,0.06773843112995459
2021-05-24 04:10:00,0.15481171548117156,-0.3466135458167332,0.19583023082650763,0.11551508659168008,0.672717278925809,0.00011135857461024499,0.5,-0.028929736046985233,0.5051392644400837,0.3796565036559878,0.40778340690621895,0.10222168997651422,0.05097545151409991
2021-05-24 04:20:00,0.24407252440725244,-0.36254980079681276,0.19344750558451218,0.10837350473129792,0.6653884911858241,0.00011135857461024499,0.5,-0.028929736046985233,0.5051392644400837,0.3796565036559878,0.40778340690621895,0.10222168997651422,0.10315041417082849
2021-05-24 04:30:00,0.25174337517433754,-0.33864541832669326,0.19285182427401315,0.094447420103553,0.6576540026959469,0.00011135857461024499,0.5,-0.028929736046985233,0.5051392644400837,0.3796565036559878,0.40778340690621895,0.10222168997651422,0.10726194607480725
2021-05-24 04:40:00,0.23361227336122734,-0.49800796812749004,0.19285182427401315,0.08909123370826633,0.6576540026959469,0.00011135857461024499,0.5,-0.028929736046985233,0.5051392644400837,0.3796565036559878,0.40778340690621895,0.10222168997651422,0.0946331306486413
2021-05-24 04:50:00,0.2608089260808926,-0.29083665338645437,0.1940431868950112,0.0830208891269415,0.6576540026959469,0.00011135857461024499,0.5,-0.028929736046985233,0.5051392644400837,0.3796565036559878,0.40778340690621895,0.10222168997651422,0.11032484874089052
2021-05-24 05:00:00,0.25662482566248257,-0.298804780876494,0.19583023082650763,0.08123549366184624,0.6576540026959469,0.00011135857461024499,0.5,-0.031012236247937586,0.49864801570083517,0.37828462846695554,0.42269432573528876,0.11544338410415667,0.10640946331306488
2021-05-24 05:10:00,0.2412831241283124,-0.601593625498008,0.19583023082650763,0.07945009819675053,0.6575231314863043,0.00011135857461024499,0.5,-0.031012236247937586,0.49864801570083517,0.37828462846695554,0.42269432573528876,0.11544338410415667,0.09773375379090787
2021-05-24 05:20:00,0.20223152022315202,-0.09960159362549814,0.19583023082650763,0.0815925727548652,0.6438470900786536,0.00011135857461024499,0.5,-0.031012236247937586,0.49864801570083517,0.37828462846695554,0.42269432573528876,0.11544338410415667,0.08311329722226414
2021-05-24 05:30:00,0.22384937238493724,0.33864541832669315,0.19583023082650763,0.08052133547580786,0.6437947415947967,0.00011135857461024499,0.5,-0.031012236247937586,0.49864801570083517,0.37828462846695554,0.42269432573528876,0.11544338410415667,0.09601370007694977
2021-05-24 05:40:00,0.19316596931659694,-0.14741035856573714,0.19583023082650763,0.07945009819675053,0.6437947415947967,0.00011135857461024499,0.5,-0.031012236247937586,0.49864801570083517,0.37828462846695554,0.42269432573528876,0.11544338410415667,0.08250976960333148
2021-05-24 05:50:00,0.19525801952580193,-0.42629482071713154,0.19583023082650763,0.07945009819675053,0.6437947415947967,0.00011135857461024499,0.5,-0.031012236247937586,0.49864801570083517,0.37828462846695554,0.42269432573528876,0.11544338410415667,0.07735715255669388
2021-05-24 06:00:00,0.18688981868898188,-0.40239043824701204,0.19583023082650763,0.08194965184788416,0.6437947415947967,0.00011135857461024499,0.5,0.07384927672157793,0.5295324519334386,0.36176746931129916,0.4486883202678697,0.1255572305787636,0.06773088703471793
2021-05-24 06:10:00,0.2099023709902371,-0.24302788844621515,0.19493670886075942,0.08230673094090357,0.6311525827433223,0.00011135857461024499,0.5,0.07384927672157793,0.5295324519334386,0.36176746931129916,0.4486883202678697,0.1255572305787636,0.07511655627140637
2021-05-24 06:20:00,0.18898186889818688,0.346613545816733,0.19285182427401315,0.07945009819675053,0.6273704047846514,0.00011135857461024499,0.5,0.07384927672157793,0.5295324519334386,0.36176746931129916,0.4486883202678697,0.1255572305787636,0.06637294989211945
2021-05-24 06:30:00,0.15690376569037656,0.4262948207171313,0.19285182427401315,0.07945009819675053,0.6273704047846514,0.00011135857461024499,0.5,0.07384927672157793,0.5295324519334386,0.36176746931129916,0.4486883202678697,0.1255572305787636,0.05327640056128069
2021-05-24 06:40:00,0.1924686192468619,0.05179282868525892,0.19285182427401315,0.08266381003392254,0.6273704047846514,0.00011135857461024499,0.5,0.07384927672157793,0.5295324519334386,0.36176746931129916,0.4486883202678697,0.1255572305787636,0.06897566274876654
2021-05-24 06:50:00,0.17224546722454673,-0.26693227091633476,0.19285182427401315,0.0830208891269415,0.6273704047846514,0.00011135857461024499,0.5,0.07384927672157793,0.5295324519334386,0.36176746931129916,0.4486883202678697,0.1255572305787636,0.05854972313170482
2021-05-24 07:00:00,0.14644351464435149,-0.10756972111553798,0.19285182427401315,0.08766291733619003,0.6273704047846514,0.00011135857461024499,0.5,0.08742338378432812,0.5256762076624906,0.3476364447051743,0.4426972100179227,0.13727364402237918,0.05020595379996077
2021-05-24 07:10:00,0.18340306834030684,-0.3227091633466136,0.19493670886075942,0.09016247098732366,0.6165473557472092,0.00011135857461024499,0.5,0.08742338378432812,0.5256762076624906,0.3476364447051743,0.4426972100179227,0.13727364402237918,0.06837967922507054
2021-05-24 07:20:00,0.19804741980474197,-0.003984063745020028,0.19583023082650763,0.09016247098732366,0.6109198937325778,0.00011135857461024499,0.5,0.08742338378432812,0.5256762076624906,0.3476364447051743,0.4426972100179227,0.13727364402237918,0.07959774884198138
2021-05-24 07:30:00,0.2301255230125523,-0.21912350597609564,0.19672375279225607,0.08873415461524736,0.606889060475586,0.00011135857461024499,0.5,0.08742338378432812,0.5256762076624906,0.3476364447051743,0.4426972100179227,0.13727364402237918,0.09944626340962928
2021-05-24 07:40:00,0.2670850767085077,-0.3944223107569722,0.19880863737900212,0.08552044277807536,0.5971129811152844,0.00011135857461024499,0.5,0.08742338378432812,0.5256762076624906,0.3476364447051743,0.4426972100179227,0.13727364402237918,0.1325271210223758
2021-05-24 07:50:00,0.2615062761506276,-0.33864541832669326,0.20029784065524936,0.0830208891269415,0.5971129811152844,0.00011135857461024499,0.5,0.08742338378432812,0.5256762076624906,0.3476364447051743,0.4426972100179227,0.13727364402237918,0.12643903616639257
2021-05-24 08:00:00,0.2719665271966527,-0.5458167330677292,0.202084884586746,0.0830208891269415,0.5971129811152844,0.00011135857461024499,0.5,0.11471004658425987,0.5378656176456226,0.32624391656797364,0.40958863984167204,0.15416025754329865,0.12785732607088432
2021-05-24 08:10:00,0.24407252440725244,-0.36254980079681276,0.2053611317944899,0.08659168005713269,0.5971129811152844,0.00011135857461024499,0.5,0.11471004658425987,0.5378656176456226,0.32624391656797364,0.40958863984167204,0.15416025754329865,0.10758634216998357
2021-05-24 08:20:00,0.2085076708507671,0.11553784860557759,0.21102010424422923,0.09016247098732366,0.5971129811152844,0.00011135857461024499,0.5,0.11471004658425987,0.5378656176456226,0.32624391656797364,0.40958863984167204,0.15416025754329865,0.08115183246073299
2021-05-24 08:30:00,0.1771269177126918,0.33864541832669315,0.21727475800446738,0.0958757364756293,0.5971129811152844,0.00011135857461024499,0.5,0.11471004658425987,0.5378656176456226,0.32624391656797364,0.40958863984167204,0.15416025754329865,0.06404182446399204
2021-05-24 08:40:00,0.17364016736401675,0.6494023904382469,0.2253164556962024,0.10373147652204961,0.6005025454450276,0.00011135857461024499,0.5,0.11471004658425987,0.5378656176456226,0.32624391656797364,0.40958863984167204,0.15416025754329865,0.060367850083739454
2021-05-24 08:50:00,0.1631799163179916,0.3227091633466135,0.23514519731943406,0.11265845384752704,0.6135373179254296,0.00011135857461024499,0.5,0.11471004658425987,0.5378656176456226,0.32624391656797364,0.40958863984167204,0.15416025754329865,0.050862290085550044
2021-05-24 09:00:00,0.17852161785216178,0.10756972111553775,0.2446760982874161,0.1269416175682916,0.6248315033175852,0.00011135857461024499,0.5,0.14443958971697546,0.5404460255109804,0.3151206693452346,0.43818566461712455,0.19636537998047604,0.06574678998747681
2021-05-24 09:10:00,0.21827057182705717,0.3067729083665336,0.25450483991064754,0.135868594893769,0.6345028857101727,0.00044543429844097997,0.5,0.14443958971697546,0.5404460255109804,0.3151206693452346,0.43818566461712455,0.19636537998047604,0.0920153296015209
2021-05-24 09:20:00,0.27615062761506276,0.027888446215139417,0.26612062546537585,0.14372433494018932,0.639423643192734,0.00033407572383073496,0.5,0.14443958971697546,0.5404460255109804,0.3151206693452346,0.43818566461712455,0.19636537998047604,0.14489943721049534
2021-05-24 09:30:00,0.3193863319386332,-0.19521912350597614,0.2726731198808636,0.14908052133547578,0.643925612804439,0.011024498886414253,0.5,0.14443958971697546,0.5404460255109804,0.3151206693452346,0.43818566461712455,0.19636537998047604,0.16440846749249363
2021-05-24 09:40:00,0.3117154811715481,0.027888446215139417,0.2795234549516006,0.15300839135868594,0.6312703668320007,0.000556792873051225,0.5,0.14443958971697546,0.5404460255109804,0.3151206693452346,0.43818566461712455,0.19636537998047604,0.18083950691793535
2021-05-24 09:50:00,0.299163179916318,0.20318725099601576,0.28905435591958284,0.1597928941260489,0.6332988705814607,0.00022271714922048998,0.5,0.14443958971697546,0.5404460255109804,0.3151206693452346,0.43818566461712455,0.19636537998047604,0.1822200763462438
2021-05-24 10:00:00,0.32496513249651326,-0.2828685258964144,0.29739389426656726,0.1697911087305839,0.636243472798419,0.00022271714922048998,0.5,0.3963221881761294,0.5383771016100253,0.1578665907810951,0.5159115039635438,0.2575987868953339,0.1834874843460024
2021-05-24 10:10:00,0.3075313807531381,-0.4422310756972112,0.30603127326880086,0.17978932333511866,0.63013178730811,0.00022271714922048998,0.5,0.3963221881761294,0.5383771016100253,0.1578665907810951,0.5159115039635438,0.2575987868953339,0.16984021606288757
2021-05-24 10:20:00,0.2712691771269177,0.298804780876494,0.31615785554728193,0.19121585431173016,0.6201201397704519,0.00022271714922048998,0.5,0.3963221881761294,0.5383771016100253,0.1578665907810951,0.5159115039635438,0.2575987868953339,0.14819620682891502
2021-05-24 10:30:00,0.33751743375174337,-0.1872509960159363,0.3253909158600148,0.20407070166041774,0.6313096281948933,0.00022271714922048998,0.5,0.3963221881761294,0.5383771016100253,0.1578665907810951,0.5159115039635438,0.2575987868953339,0.20701751738913954
2021-05-24 10:40:00,0.37935843793584384,0.09163346613545809,0.33283693224125077,0.21728262810212473,0.6177121095130282,0.00022271714922048998,0.5,0.3963221881761294,0.5383771016100253,0.1578665907810951,0.5159115039635438,0.2575987868953339,0.2531949243327248
2021-05-24 10:50:00,0.3319386331938633,0.07569721115537842,0.3384959046909901,0.225495447241564,0.6096242687571162,0.00022271714922048998,0.5,0.3963221881761294,0.5383771016100253,0.1578665907810951,0.5159115039635438,0.2575987868953339,0.1903224346304148
2021-05-24 11:00:00,0.43165969316596936,-0.21912350597609564,0.3444527177959791,0.23656489912515632,0.6207875829396291,0.00022271714922048998,0.5,0.4007274642346481,0.5336817937570233,0.15003911581642237,0.5113406508439583,0.2797620343213299,0.3536822728850129
2021-05-24 11:10:00,0.3612273361227336,0.14741035856573692,0.34743112434847334,0.2401356900553473,0.6262449123817251,0.00022271714922048998,0.5,0.4007274642346481,0.5336817937570233,0.15003911581642237,0.5113406508439583,0.2797620343213299,0.26732501471098574
2021-05-24 11:20:00,0.3563458856345886,-0.2509960159362551,0.3545793000744599,0.25013390465988206,0.6229207836568034,0.00022271714922048998,0.5,0.4007274642346481,0.5336817937570233,0.15003911581642237,0.5113406508439583,0.2797620343213299,0.24224844214433364
2021-05-24 11:30:00,0.33333333333333337,0.29083665338645415,0.35964259121370046,0.2597750401713981,0.6095457460313305,0.00022271714922048998,0.5,0.4007274642346481,0.5336817937570233,0.15003911581642237,0.5113406508439583,0.2797620343213299,0.22507808138569943
2021-05-24 11:40:00,0.35495118549511856,0.47410358565737054,0.3682799702159343,0.2715586502410283,0.637408226564238,0.00022271714922048998,0.5,0.4007274642346481,0.5336817937570233,0.15003911581642237,0.5113406508439583,0.2797620343213299,0.2631757623308237
2021-05-24 11:50:00,0.3228730822873082,0.027888446215139417,0.3718540580789278,0.2740582038921622,0.6523929800683148,0.00022271714922048998,0.5,0.4007274642346481,0.5336817937570233,0.15003911581642237,0.5113406508439583,0.2797620343213299,0.21364877710216212
2021-05-24 12:00:00,0.29567642956764295,-0.1633466135458168,0.3795979151154132,0.27905731119442967,0.6335475258797817,0.00022271714922048998,0.5,0.4069078584214716,0.5197223044364057,0.14294031480591668,0.4853653165448495,0.2753540149007542,0.16335983825459813
2021-05-24 12:10:00,0.41631799163179917,0.25099601593625476,0.38615040953090074,0.2879842885199073,0.6559526769705932,0.00022271714922048998,0.5,0.4069078584214716,0.5197223044364057,0.14294031480591668,0.4853653165448495,0.2753540149007542,0.3232871131765167
2021-05-24 12:20:00,0.3270571827057183,-0.3227091633466136,0.39002233804914366,0.30476700589180505,0.6382065409430578,0.4389755011135858,0.5,0.4069078584214716,0.5197223044364057,0.14294031480591668,0.4853653165448495,0.2753540149007542,0.09353923683932586
2021-05-24 12:30:00,0.3179916317991632,0.4661354581673305,0.40610573343261325,0.32690590965898947,0.6287707267278272,0.0378619153674833,0.5,0.4069078584214716,0.5197223044364057,0.14294031480591668,0.4853653165448495,0.2753540149007542,0.12340630988125595
2021-05-24 12:40:00,0.46513249651324967,-0.3545816733067729,0.4037230081906178,0.318336011426531,0.6407716166520527,0.09020044543429843,0.5,0.4069078584214716,0.5197223044364057,0.14294031480591668,0.4853653165448495,0.2753540149007542,0.16907071834874846
2021-05-24 12:50:00,0.296373779637378,0.6812749003984064,0.4040208488458674,0.31297982503124455,0.6581251390506603,0.02048997772828508,0.5,0.4069078584214716,0.5197223044364057,0.14294031480591668,0.4853653165448495,0.2753540149007542,0.1294189537848726
2021-05-24 13:00:00,0.2594142259414226,-0.20318725099601598,0.4072970960536113,0.3058382431708624,0.6764994568844799,0.011581291759465479,0.5,0.5043125878228536,0.5006192404175795,0.10013496827174036,0.4686933653042826,0.26990997568303865,0.09765076874330461
2021-05-24 13:10:00,0.4191073919107392,-0.1394422310756973,0.41355174981384923,0.31905016961256916,0.6279331509861147,0.06570155902004456,0.5,0.5043125878228536,0.5006192404175795,0.10013496827174036,0.4686933653042826,0.26990997568303865,0.1632240445403383
2021-05-24 13:20:00,0.3312412831241283,-0.1633466135458168,0.4180193596425912,0.3279771469380468,0.6208791927863788,0.031291759465478845,0.5,0.5043125878228536,0.5006192404175795,0.10013496827174036,0.4686933653042826,0.26990997568303865,0.14044087692563031
2021-05-24 13:30:00,0.4386331938633194,-0.1394422310756973,0.42486969471332836,0.3301196214961615,0.6302103100338956,0.08474387527839644,0.5,0.5043125878228536,0.5006192404175795,0.10013496827174036,0.4686933653042826,0.26990997568303865,0.1669432834920108
2021-05-24 13:40:00,0.29428172942817293,0.5059760956175297,0.42874162323157106,0.3315479378682378,0.6353928099357422,0.026726057906458798,0.5,0.5043125878228536,0.5006192404175795,0.10013496827174036,0.4686933653042826,0.26990997568303865,0.10337673702792824
2021-05-24 13:50:00,0.4686192468619247,-0.4661354581673308,0.4358897989575574,0.3504731297982504,0.6321602910575702,0.06859688195991091,0.5,0.5043125878228536,0.5006192404175795,0.10013496827174036,0.4686933653042826,0.26990997568303865,0.1630203539689485
2021-05-24 14:00:00,0.3849372384937238,0.33864541832669315,0.4424422933730452,0.35297268344938404,0.6191778670610253,0.06046770601336303,0.5,0.512610136070599,0.46725784251466207,0.09464556530375726,0.44937226664500046,0.2670522232948395,0.13936961540202483
2021-05-24 14:10:00,0.4504881450488145,-0.11553784860557781,0.4430379746835442,0.34975897161221203,0.618562772375705,0.08752783964365257,0.5,0.512610136070599,0.46725784251466207,0.09464556530375726,0.44937226664500046,0.2670522232948395,0.15378638139927878
2021-05-24 14:20:00,0.39539748953974896,-0.14741035856573714,0.4498883097542814,0.34975897161221203,0.6315190221303215,0.07138084632516704,0.5,0.512610136070599,0.46725784251466207,0.09464556530375726,0.44937226664500046,0.2670522232948395,0.15600434539885633
2021-05-24 14:30:00,0.28521617852161785,0.31474103585657365,0.4543559195830229,0.3604713444027854,0.6475507453115389,0.005902004454342985,0.5,0.512610136070599,0.46725784251466207,0.09464556530375726,0.44937226664500046,0.2670522232948395,0.14180635816346546
2021-05-24 14:40:00,0.4107391910739191,-0.21912350597609564,0.4609084139985107,0.3654704517050529,0.6290062949051838,0.0289532293986637,0.5,0.512610136070599,0.46725784251466207,0.09464556530375726,0.44937226664500046,0.2670522232948395,0.24586206376269293
2021-05-24 14:50:00,0.4072524407252441,0.2350597609561753,0.46716306775874883,0.3654704517050529,0.6253157267932629,0.045657015590200446,0.5,0.512610136070599,0.46725784251466207,0.09464556530375726,0.44937226664500046,0.2670522232948395,0.22181148814822638
2021-05-24 15:00:00,0.3926080892608089,-0.05179282868525903,0.47163067758749055,0.37154079628637726,0.6449464082396514,0.013140311804008908,0.5,0.5190267034840303,0.4422640923889473,0.09263124976460128,0.43823851719700724,0.2669640103608526,0.24885706957164627
2021-05-24 15:10:00,0.4595536959553696,0.003984063745019917,0.4772896500372299,0.37368327084449215,0.6393843818298414,0.00512249443207127,0.5,0.5190267034840303,0.4422640923889473,0.09263124976460128,0.43823851719700724,0.2669640103608526,0.41974591487242935
2021-05-24 15:20:00,0.40097629009762903,-0.059760956175298974,0.47877885331347714,0.38510980182110344,0.6498279043593199,0.00011135857461024499,0.5,0.5190267034840303,0.4422640923889473,0.09263124976460128,0.43823851719700724,0.2669640103608526,0.30758030689379423
2021-05-24 15:30:00,0.32566248256624825,-0.1633466135458168,0.4850335070737155,0.39903588644884835,0.5838949889413827,0.00011135857461024499,0.5,0.5190267034840303,0.4422640923889473,0.09263124976460128,0.43823851719700724,0.2669640103608526,0.20887336481735747
2021-05-24 15:40:00,0.43654114365411434,0.17928286852589648,0.49039463886820545,0.4083199428673452,0.5823114473047075,0.00022271714922048998,0.5,0.5190267034840303,0.4422640923889473,0.09263124976460128,0.43823851719700724,0.2669640103608526,0.37313095040511796
2021-05-24 15:50:00,0.46234309623430964,0.2350597609561753,0.4933730454206997,0.42010355293697543,0.6069283218384788,0.00011135857461024499,0.5,0.5190267034840303,0.4422640923889473,0.09263124976460128,0.43823851719700724,0.2669640103608526,0.4515367321997073
2021-05-24 16:00:00,0.39400278940027894,-0.2828685258964144,0.4951600893521966,0.4286734511694341,0.6402088704505896,0.00011135857461024499,0.5,0.5722320521188715,0.41220435221130697,0.06631009071394703,0.4356668947308227,0.2622957191730216,0.2724172789957301
2021-05-24 16:10:00,0.3668061366806137,0.3545816733067728,0.4993298585256887,0.44045706123906436,0.6201463140123804,0.00011135857461024499,0.5,0.5722320521188715,0.41220435221130697,0.06631009071394703,0.4356668947308227,0.2622957191730216,0.24174298776347752
2021-05-24 16:20:00,0.2873082287308229,-0.1633466135458168,0.5032017870439314,0.4458132476343508,0.6635432071298635,0.00011135857461024499,0.5,0.5722320521188715,0.41220435221130697,0.06631009071394703,0.4356668947308227,0.2622957191730216,0.15810914796988398
2021-05-24 16:30:00,0.34449093444909346,-0.21115537848605592,0.5121370067014146,0.45866809498303884,0.6112078103937915,0.00011135857461024499,0.5,0.5722320521188715,0.41220435221130697,0.06631009071394703,0.4356668947308227,0.2622957191730216,0.1629826334927652
2021-05-24 16:40:00,0.37866108786610875,0.21912350597609564,0.5148175725986597,0.462595965006249,0.608053814241405,0.00011135857461024499,0.5,0.5722320521188715,0.41220435221130697,0.06631009071394703,0.4356668947308227,0.2622957191730216,0.2508034461427041
2021-05-24 16:50:00,0.4923291492329149,-0.19521912350597614,0.5145197319434103,0.4575968577039815,0.6100037952650796,0.00011135857461024499,0.5,0.5722320521188715,0.41220435221130697,0.06631009071394703,0.4356668947308227,0.2622957191730216,0.4396698703924438
2021-05-24 17:00:00,0.41562064156206413,-0.07569721115537853,0.5121370067014146,0.45831101589001966,0.5843268639332033,0.00011135857461024499,0.5,0.5740397562155983,0.3920754467582549,0.06721795302475146,0.43638075715086,0.26356358194168805,0.32857552393741424
2021-05-24 17:10:00,0.4665271966527197,0.06772908366533859,0.5154132539091583,0.4654525977504018,0.6070330188061929,0.00011135857461024499,0.5,0.5740397562155983,0.3920754467582549,0.06721795302475146,0.43638075715086,0.26356358194168805,0.42209212849103006
2021-05-24 17:20:00,0.33054393305439334,0.07569721115537842,0.5145197319434103,0.4668809141224781,0.6181308973838846,0.00011135857461024499,0.5,0.5740397562155983,0.3920754467582549,0.06721795302475146,0.43638075715086,0.26356358194168805,0.20814913167463828
2021-05-24 17:30:00,0.41422594142259417,-0.21115537848605592,0.5189873417721518,0.47795036600607044,0.6038659355328421,0.00011135857461024499,0.5,0.5740397562155983,0.3920754467582549,0.06721795302475146,0.43638075715086,0.26356358194168805,0.32001297584380706
2021-05-24 17:40:00,0.3849372384937238,0.31474103585657365,0.5216679076693966,0.4850919478664524,0.5944824698014683,0.00011135857461024499,0.5,0.5740397562155983,0.3920754467582549,0.06721795302475146,0.43638075715086,0.26356358194168805,0.28381640689832066
2021-05-24 17:50:00,0.40027894002789405,-0.2589641434262948,0.5204765450483988,0.4861631851455097,0.6146758974493202,0.00011135857461024499,0.5,0.5740397562155983,0.3920754467582549,0.06721795302475146,0.43638075715086,0.26356358194168805,0.2723267498528902
2021-05-24 18:00:00,0.4107391910739191,0.29083665338645415,0.5225614296351451,0.4861631851455097,0.6155658216748897,0.00011135857461024499,0.5,0.5348645180828775,0.37770791966828254,0.07565908153349218,0.4468543013908589,0.2913073325846332,0.3447802405057561
2021-05-24 18:10:00,0.29009762900976294,-0.4103585657370519,0.5237527922561427,0.4893768969826817,0.6080276399994765,0.00011135857461024499,0.5,0.5348645180828775,0.37770791966828254,0.07565908153349218,0.4468543013908589,0.2913073325846332,0.11915898426301733
2021-05-24 18:20:00,0.36750348675034866,0.3784860557768923,0.5261355174981384,0.49687555793608285,0.6267553100993312,0.00011135857461024499,0.5,0.5348645180828775,0.37770791966828254,0.07565908153349218,0.4468543013908589,0.2913073325846332,0.23887623157354737
2021-05-24 18:30:00,0.4225941422594142,0.15537848605577675,0.5237527922561427,0.4883056597036244,0.6117182081113975,0.00011135857461024499,0.5,0.5348645180828775,0.37770791966828254,0.07565908153349218,0.4468543013908589,0.2913073325846332,0.35601339831314033
2021-05-24 18:40:00,0.41841004184100417,-0.13147410358565736,0.5207743857036482,0.4861631851455097,0.6207221473348078,0.00011135857461024499,0.5,0.5348645180828775,0.37770791966828254,0.07565908153349218,0.4468543013908589,0.2913073325846332,0.3153582690827889
2021-05-24 18:50:00,0.3235704323570432,0.3705179282868525,0.5204765450483988,0.487591501517586,0.6068759733546217,0.00011135857461024499,0.5,0.5348645180828775,0.37770791966828254,0.07565908153349218,0.4468543013908589,0.2913073325846332,0.19076753624937762
2021-05-24 19:00:00,0.3821478382147839,-0.0916334661354582,0.5201787043931496,0.4861631851455097,0.6155396474329613,0.00011135857461024499,0.5,0.5352391066308277,0.3746964859902255,0.0752766101367348,0.4610316488323676,0.29115579542444303,0.24455693528675107
2021-05-24 19:10:00,0.3396094839609484,0.22709163346613526,0.5204765450483988,0.4861631851455097,0.6183664655612412,0.00011135857461024499,0.5,0.5352391066308277,0.3746964859902255,0.0752766101367348,0.4610316488323676,0.29115579542444303,0.21972177376767205
2021-05-24 19:20:00,0.3458856345885635,0.24302788844621515,0.5169024571854057,0.46973754686663094,0.631191844106215,0.00011135857461024499,0.5,0.5352391066308277,0.3746964859902255,0.0752766101367348,0.4610316488323676,0.29115579542444303,0.23183759071774523
2021-05-24 19:30:00,0.29218967921896793,-0.03585657370517936,0.5145197319434103,0.46509551865738263,0.6104880187407572,0.00011135857461024499,0.5,0.5352391066308277,0.3746964859902255,0.0752766101367348,0.4610316488323676,0.29115579542444303,0.15288863406611644
2021-05-24 19:40:00,0.39400278940027894,0.20318725099601576,0.5154132539091583,0.4672379932154971,0.6296475638324325,0.00011135857461024499,0.5,0.5352391066308277,0.3746964859902255,0.0752766101367348,0.4610316488323676,0.29115579542444303,0.29273352746805076
2021-05-24 19:50:00,0.42538354253835425,-0.059760956175298974,0.5118391660461652,0.4708087841456883,0.631793851670571,0.00011135857461024499,0.5,0.5352391066308277,0.3746964859902255,0.0752766101367348,0.4610316488323676,0.29115579542444303,0.33965025574482854
2021-05-24 20:00:00,0.42677824267782427,-0.08366533864541836,0.5073715562174235,0.4643813604713445,0.6317545903076782,0.00011135857461024499,0.5,0.5377470254880974,0.3625587991046153,0.06540489149973806,0.4726143830258508,0.30166524339246253,0.331736499841574
2021-05-24 20:10:00,0.403068340306834,-0.02788844621513953,0.5055845122859268,0.46795215140153545,0.6201201397704519,0.00011135857461024499,0.5,0.5377470254880974,0.3625587991046153,0.06540489149973806,0.4726143830258508,0.30166524339246253,0.2987084508954841
2021-05-24 20:20:00,0.4072524407252441,0.003984063745019917,0.5040953090096798,0.4654525977504018,0.627252620695973,0.00011135857461024499,0.5,0.5377470254880974,0.3625587991046153,0.06540489149973806,0.4726143830258508,0.30166524339246253,0.2909304887064894
2021-05-24 20:30:00,0.3723849372384937,0.09163346613545809,0.4999255398361875,0.4672379932154971,0.6340186622344951,0.00011135857461024499,0.5,0.5377470254880974,0.3625587991046153,0.06540489149973806,0.4726143830258508,0.30166524339246253,0.24726526547671138
2021-05-24 20:40:00,0.3891213389121339,-0.1633466135458168,0.49545793000744576,0.45474022495982847,0.6375390977738807,0.00011135857461024499,0.5,0.5377470254880974,0.3625587991046153,0.06540489149973806,0.4726143830258508,0.30166524339246253,0.28425396442204687
2021-05-24 20:50:00,0.43165969316596936,0.003984063745019917,0.49158600148920306,0.43402963756472057,0.6344636243472798,0.00011135857461024499,0.5,0.5377470254880974,0.3625587991046153,0.06540489149973806,0.4726143830258508,0.30166524339246253,0.345489385458002
2021-05-24 21:00:00,0.44002789400278935,-0.06772908366533881,0.48652271034996253,0.4243885020532048,0.6344636243472798,0.00011135857461024499,0.5,0.5380728184661379,0.3549267687144227,0.05675185659047293,0.41319246071664695,0.3334985055747984,0.3597326372648128
2021-05-24 21:10:00,0.36262203626220363,0.1872509960159361,0.481459419210722,0.4161756829137653,0.6344636243472798,0.00011135857461024499,0.5,0.5380728184661379,0.3549267687144227,0.05675185659047293,0.41319246071664695,0.3334985055747984,0.24983025785717522
2021-05-24 21:20:00,0.40585774058577406,0.1394422310756971,0.47431124348473563,0.41403320835565083,0.6552459724385233,0.00011135857461024499,0.5,0.5380728184661379,0.3549267687144227,0.05675185659047293,0.41319246071664695,0.3334985055747984,0.30494741765620054
2021-05-24 21:30:00,0.4191073919107392,-0.2749003984063746,0.4618019359642589,0.40689162649526867,0.6638834722749342,0.00011135857461024499,0.5,0.5380728184661379,0.3549267687144227,0.05675185659047293,0.41319246071664695,0.3334985055747984,0.31178991203584955
2021-05-24 21:40:00,0.4330543933054393,-0.059760956175298974,0.4543559195830229,0.39760757007677205,0.6529295520278493,0.00011135857461024499,0.5,0.5380728184661379,0.3549267687144227,0.05675185659047293,0.41319246071664695,0.3334985055747984,0.34492357831525267
2021-05-24 21:50:00,0.4344490934449094,0.12350597609561742,0.44869694713328356,0.3858239600071418,0.658059703445839,0.00011135857461024499,0.5,0.5380728184661379,0.3549267687144227,0.05675185659047293,0.41319246071664695,0.3334985055747984,0.3430979072679814
2021-05-24 22:00:00,0.33751743375174337,0.043824701195219085,0.4427401340282946,0.3793965363327978,0.6640797790893982,0.00011135857461024499,0.5,0.4060935760949067,0.3610415882439146,0.12071930999928096,0.41093940025948505,0.3364852594346128,0.22655672405208443
2021-05-24 22:10:00,0.4435146443514645,-0.19521912350597614,0.43737900223380466,0.3743974290305303,0.6640797790893982,0.00011135857461024499,0.5,0.4060935760949067,0.3610415882439146,0.12071930999928096,0.41093940025948505,0.3364852594346128,0.34527060669613896
2021-05-24 22:20:00,0.4735006973500697,-0.4183266932270917,0.4346984363365598,0.36868416354222466,0.6640797790893982,0.00011135857461024499,0.5,0.4060935760949067,0.3610415882439146,0.12071930999928096,0.41093940025948505,0.3364852594346128,0.4209831464912413
2021-05-24 22:30:00,0.5278940027894004,-0.3784860557768924,0.4302308265078181,0.36761292626316733,0.6640797790893982,0.00011135857461024499,0.5,0.4060935760949067,0.3610415882439146,0.12071930999928096,0.41093940025948505,0.3364852594346128,0.5537290462754803
2021-05-24 22:40:00,0.5209205020920502,-0.21115537848605592,0.4266567386448248,0.36511337261203347,0.6640797790893982,0.00011135857461024499,0.5,0.4060935760949067,0.3610415882439146,0.12071930999928096,0.41093940025948505,0.3364852594346128,0.5270908459948398
2021-05-24 22:50:00,0.4393305439330544,-0.11553784860557781,0.42069992553983626,0.36511337261203347,0.6640797790893982,0.00011135857461024499,0.5,0.4060935760949067,0.3610415882439146,0.12071930999928096,0.41093940025948505,0.3364852594346128,0.39750592211476077
2021-05-24 23:00:00,0.5034867503486751,-0.3545816733067729,0.4162323157110943,0.362970898053919,0.6610173927837615,0.00011135857461024499,0.5,0.31107472659638713,0.3510073073242784,0.1523721152481683,0.3846027680387456,0.3316449308096494,0.4771791119091087
2021-05-24 23:10:00,0.4595536959553696,-0.2509960159362551,0.4159344750558449,0.35904302803070887,0.6529295520278493,0.00011135857461024499,0.5,0.31107472659638713,0.3510073073242784,0.1523721152481683,0.3846027680387456,0.3316449308096494,0.38883775668784043
2021-05-24 23:20:00,0.403068340306834,-0.21912350597609564,0.41265822784810124,0.3540439207284414,0.6529295520278493,0.00011135857461024499,0.5,0.31107472659638713,0.3510073073242784,0.1523721152481683,0.3846027680387456,0.3316449308096494,0.3231211430813103
2021-05-24 23:30:00,0.30613668061366806,-0.50597609561753,0.4075949367088605,0.3540439207284414,0.6514245331169596,0.00011135857461024499,0.5,0.31107472659638713,0.3510073073242784,0.1523721152481683,0.3846027680387456,0.3316449308096494,0.1884741312974335
2021-05-24 23:40:00,0.303347280334728,-0.07569721115537853,0.40610573343261325,0.34940189251919307,0.6391357265315203,0.00011135857461024499,0.5,0.31107472659638713,0.3510073073242784,0.1523721152481683,0.3846027680387456,0.3316449308096494,0.19508275872474612
2021-05-24 23:50:00,0.33054393305439334,-0.45019920318725104,0.4043186895011168,0.34333154793786824,0.6391357265315203,0.00011135857461024499,0.5,0.31107472659638713,0.3510073073242784,0.1523721152481683,0.3846027680387456,0.3316449308096494,0.19918674653348822
2021-05-25 00:00:00,0.3284518828451883,-0.2589641434262948,0.403127326880119,0.34011783610069646,0.6297915221630394,0.00011135857461024499,0.5,0.3046826069975448,0.3523952104411702,0.14643848240523785,0.3260454907919471,0.31952939662506813,0.19002067082094845
2021-05-25 00:10:00,0.3158995815899582,-0.4661354581673308,0.39865971705137726,0.3329762542403143,0.6251979427045844,0.00011135857461024499,0.5,0.3046826069975448,0.3523952104411702,0.14643848240523785,0.3260454907919471,0.31952939662506813,0.17060971377702672
2021-05-25 00:20:00,0.299860529986053,-0.33864541832669326,0.39806403574087845,0.32869130512408495,0.6115088141759694,0.00011135857461024499,0.5,0.3046826069975448,0.3523952104411702,0.14643848240523785,0.3260454907919471,0.31952939662506813,0.15809405977941066
2021-05-25 00:30:00,0.2775453277545328,-0.5617529880478087,0.39717051377513,0.32440635600785583,0.6113648558453625,0.00011135857461024499,0.5,0.3046826069975448,0.3523952104411702,0.14643848240523785,0.3260454907919471,0.31952939662506813,0.13719691597386727
2021-05-25 00:40:00,0.2615062761506276,-0.5298804780876495,0.3953834698436334,0.32226388144974116,0.6089829998298675,0.00011135857461024499,0.5,0.3046826069975448,0.3523952104411702,0.14643848240523785,0.3260454907919471,0.31952939662506813,0.12074324426271558
2021-05-25 00:50:00,0.25174337517433754,0.07569721115537842,0.3924050632911391,0.31905016961256916,0.5974794205022836,0.00011135857461024499,0.5,0.3046826069975448,0.3523952104411702,0.14643848240523785,0.3260454907919471,0.31952939662506813,0.11601309654933084
2021-05-25 01:00:00,0.22315202231520226,0.08366533864541825,0.3894266567386446,0.3104802713801109,0.5974794205022836,0.00011135857461024499,0.5,0.2088738896339597,0.34751599824141677,0.19418197091213724,0.2808341228222863,0.26695977031360335,0.0944369841724882
2021-05-25 01:10:00,0.20711297071129708,-0.24302788844621515,0.38644825018615014,0.30655240135690076,0.5962361440106791,0.00011135857461024499,0.5,0.2088738896339597,0.34751599824141677,0.19418197091213724,0.2808341228222863,0.26695977031360335,0.07706293284246421
2021-05-25 01:20:00,0.2189679218967922,0.027888446215139417,0.38376768428890506,0.3058382431708624,0.5836855950059546,0.00011135857461024499,0.5,0.2088738896339597,0.34751599824141677,0.19418197091213724,0.2808341228222863,0.26695977031360335,0.08798678274514538
2021-05-25 01:30:00,0.21269177126917713,-0.14741035856573714,0.3804914370811614,0.2990537404034994,0.5836201594011334,0.00011135857461024499,0.5,0.2088738896339597,0.34751599824141677,0.19418197091213724,0.2808341228222863,0.26695977031360335,0.08325663503176065
2021-05-25 01:40:00,0.21408647140864714,-0.38645418326693237,0.37840655249441535,0.29548294947330844,0.5836070722801692,0.00011135857461024499,0.5,0.2088738896339597,0.34751599824141677,0.19418197091213724,0.2808341228222863,0.26695977031360335,0.08192887427010878
2021-05-25 01:50:00,0.200836820083682,-0.07569721115537853,0.3772151898734175,0.2926263167291556,0.5836070722801692,0.00011135857461024499,0.5,0.2088738896339597,0.34751599824141677,0.19418197091213724,0.2808341228222863,0.26695977031360335,0.07009218884379197
2021-05-25 02:00:00,0.14574616457461645,0.31474103585657365,0.3772151898734175,0.2929833958221746,0.5836070722801692,0.00011135857461024499,0.5,0.19734362654145454,0.339412712962669,0.19581051788732237,0.2866327813329307,0.16454395791959592,0.04390663427735112
2021-05-25 02:10:00,0.14714086471408647,0.394422310756972,0.372747580044676,0.29369755400821274,0.5836070722801692,0.00011135857461024499,0.5,0.19734362654145454,0.339412712962669,0.19581051788732237,0.2866327813329307,0.16454395791959592,0.047309021229083995
2021-05-25 02:20:00,0.13528591352859135,0.7928286852589641,0.37155621742367817,0.29369755400821274,0.5836070722801692,0.00011135857461024499,0.5,0.19734362654145454,0.339412712962669,0.19581051788732237,0.2866327813329307,0.16454395791959592,0.04211113961102645
2021-05-25 02:30:00,0.13807531380753138,0.1633466135458166,0.3676842889054355,0.29369755400821274,0.5977280758006046,0.00011135857461024499,0.5,0.19734362654145454,0.339412712962669,0.19581051788732237,0.2866327813329307,0.16454395791959592,0.038565414849797065
2021-05-25 02:40:00,0.15829846582984658,-0.42629482071713154,0.3638123603871928,0.2908409212640599,0.5940505948096477,0.00011135857461024499,0.5,0.19734362654145454,0.339412712962669,0.19581051788732237,0.2866327813329307,0.16454395791959592,0.04827466541937626
2021-05-25 02:50:00,0.17433751743375175,0.2749003984063745,0.36262099776619494,0.2851276557757545,0.5836070722801692,0.00011135857461024499,0.5,0.19734362654145454,0.339412712962669,0.19581051788732237,0.2866327813329307,0.16454395791959592,0.0588062223697512
2021-05-25 03:00:00,0.2608089260808926,-0.20318725099601598,0.35994043186894986,0.276914836636315,0.5836070722801692,0.00011135857461024499,0.5,0.1871895119208944,0.3335421413937083,0.19936676635524925,0.34746673363467645,0.08616549939319988,0.1094195573124915
2021-05-25 03:10:00,0.3075313807531381,-0.49800796812749004,0.356664184661206,0.26798785931083735,0.5836070722801692,0.00011135857461024499,0.5,0.1871895119208944,0.3335421413937083,0.19936676635524925,0.34746673363467645,0.08616549939319988,0.13925645397347497
2021-05-25 03:20:00,0.24198047419804744,-0.4581673306772909,0.356664184661206,0.2626316729155509,0.5836070722801692,0.00011135857461024499,0.5,0.1871895119208944,0.3335421413937083,0.19936676635524925,0.34746673363467645,0.08616549939319988,0.09525174645804729
2021-05-25 03:30:00,0.22384937238493724,-0.4183266932270917,0.356664184661206,0.26156043563649356,0.5836070722801692,0.00011135857461024499,0.5,0.1871895119208944,0.3335421413937083,0.19936676635524925,0.34746673363467645,0.08616549939319988,0.08428263198394617
2021-05-25 03:40:00,0.197350069735007,-0.07569721115537853,0.356664184661206,0.2597750401713981,0.5836070722801692,0.00011135857461024499,0.5,0.1871895119208944,0.3335421413937083,0.19936676635524925,0.34746673363467645,0.08616549939319988,0.07283069541469891
2021-05-25 03:50:00,0.20013947001394702,-0.0916334661354582,0.356664184661206,0.26156043563649356,0.5836070722801692,0.00011135857461024499,0.5,0.1871895119208944,0.3335421413937083,0.19936676635524925,0.34746673363467645,0.08616549939319988,0.07253647570046926
2021-05-25 04:00:00,0.20013947001394702,-0.3227091633466136,0.356664184661206,0.26156043563649356,0.5836070722801692,0.00011135857461024499,0.5,0.10260977919254177,0.3233641852031724,0.2640147043512589,0.3531556909471859,0.05403402814949724,0.06591276008268329
2021-05-25 04:10:00,0.18549511854951187,-0.6095617529880479,0.356664184661206,0.26013211926441704,0.5787648375233932,0.00011135857461024499,0.5,0.10260977919254177,0.3233641852031724,0.2640147043512589,0.3531556909471859,0.05403402814949724,0.05391764865639664
2021-05-25 04:20:00,0.14783821478382148,0.2749003984063745,0.3542814594192105,0.2594179610783791,0.5670911256232742,0.00011135857461024499,0.5,0.10260977919254177,0.3233641852031724,0.2640147043512589,0.3531556909471859,0.05403402814949724,0.03935754484964618
2021-05-25 04:30:00,0.1290097629009763,0.09960159362549792,0.35100521221146663,0.26477414747366557,0.5670911256232742,0.00011135857461024499,0.5,0.10260977919254177,0.3233641852031724,0.2640147043512589,0.3531556909471859,0.05403402814949724,0.024789896947659068
2021-05-25 04:40:00,0.12133891213389121,-0.14741035856573714,0.3459419210722261,0.2658453847527229,0.5664498566960254,0.00011135857461024499,0.5,0.10260977919254177,0.3233641852031724,0.2640147043512589,0.3531556909471859,0.05403402814949724,0.01776634428233022
2021-05-25 04:50:00,0.10808926080892609,-0.1872509960159363,0.33968726731198795,0.26655954293876083,0.5506798759340932,0.00011135857461024499,0.5,0.10260977919254177,0.3233641852031724,0.2640147043512589,0.3531556909471859,0.05403402814949724,0.008826591426890172
2021-05-25 05:00:00,0.1206415620641562,-0.3944223107569722,0.33670886075949347,0.2715586502410283,0.5429323003232519,0.00011135857461024499,0.5,0.0829285213274662,0.3251658731002519,0.2882468543439608,0.32880752177419564,0.03889340767715492,0.023967590566863317
2021-05-25 05:10:00,0.14783821478382148,0.5298804780876492,0.33283693224125077,0.26513122656668453,0.5341639292771982,0.00011135857461024499,0.5,0.0829285213274662,0.3251658731002519,0.2882468543439608,0.32880752177419564,0.03889340767715492,0.0399686165638155
2021-05-25 05:20:00,0.14365411436541145,0.2589641434262948,0.3298585256887563,0.25549009105516873,0.5341639292771982,0.00011135857461024499,0.5,0.0829285213274662,0.3251658731002519,0.2882468543439608,0.32880752177419564,0.03889340767715492,0.024427780376299474
2021-05-25 05:30:00,0.10529986052998605,0.1872509960159361,0.3298585256887563,0.25513301196214955,0.5341639292771982,0.00011135857461024499,0.5,0.0829285213274662,0.3251658731002519,0.2882468543439608,0.32880752177419564,0.03889340767715492,0.006276687236899679
2021-05-25 05:40:00,0.06694560669456066,0.5219123505976095,0.3298585256887563,0.2626316729155509,0.5343733232126265,0.00011135857461024499,0.5,0.0829285213274662,0.3251658731002519,0.2882468543439608,0.32880752177419564,0.03889340767715492,0.0
2021-05-25 05:50:00,0.0815899581589958,-0.3466135458167332,0.3298585256887563,0.2708444920549904,0.5424219026056458,0.00011135857461024499,0.5,0.0829285213274662,0.3251658731002519,0.2882468543439608,0.32880752177419564,0.03889340767715492,0.0
2021-05-25 06:00:00,0.07112970711297072,-0.649402390438247,0.3268801191362618,0.2740582038921622,0.5341246679143055,0.00011135857461024499,0.5,0.17641653072503272,0.352171077018567,0.26257155962476714,0.2979154690978906,0.037617719758047015,0.0
2021-05-25 06:10:00,0.0801952580195258,-0.4581673306772909,0.3295606850335069,0.276914836636315,0.5341246679143055,0.00011135857461024499,0.5,0.17641653072503272,0.352171077018567,0.26257155962476714,0.2979154690978906,0.037617719758047015,0.0
2021-05-25 06:20:00,0.09274755927475593,-0.5776892430278885,0.3304542069992553,0.2819139439385825,0.5341246679143055,0.00011135857461024499,0.5,0.17641653072503272,0.352171077018567,0.26257155962476714,0.2979154690978906,0.037617719758047015,0.0
2021-05-25 06:30:00,0.07043235704323571,-0.6812749003984064,0.33581533879374503,0.28262810212462064,0.5327636073340226,0.01202672605790646,0.5,0.17641653072503272,0.352171077018567,0.26257155962476714,0.2979154690978906,0.037617719758047015,0.0
2021-05-25 06:40:00,0.06764295676429567,-0.24302788844621515,0.3411764705882352,0.26798785931083735,0.5176479826203034,0.4685968819599109,0.5,0.17641653072503272,0.352171077018567,0.26257155962476714,0.2979154690978906,0.037617719758047015,0.0
2021-05-25 06:50:00,0.11506276150627615,-0.6334661354581674,0.3530900967982129,0.27584359935725766,0.5176479826203034,0.9993318485523385,0.5,0.17641653072503272,0.352171077018567,0.26257155962476714,0.2979154690978906,0.037617719758047015,0.0
2021-05-25 07:00:00,0.10320781032078104,-0.7450199203187251,0.36679076693968726,0.2961971076593466,0.5176479826203034,0.9993318485523385,0.5,0.18200250615114344,0.3520705043289355,0.26510581307065567,0.27752103634072023,0.017035825171218526,0.0
2021-05-25 07:10:00,0.09414225941422595,-0.5970404097894138,0.37513030528667146,0.3040528477057669,0.5176479826203034,0.9993318485523385,0.5,0.18200250615114344,0.3520705043289355,0.26510581307065567,0.27752103634072023,0.017035825171218526,0.0
2021-05-25 07:20:00,0.044630404463040445,-0.4490608992601025,0.3793000744601638,0.3040528477057669,0.5176479826203034,0.9993318485523385,0.5,0.18200250615114344,0.3520705043289355,0.26510581307065567,0.27752103634072023,0.017035825171218526,0.0
2021-05-25 07:30:00,0.0404463040446304,-0.30108138873079127,0.388235294117647,0.2976254240314231,0.5176479826203034,0.9993318485523385,0.5,0.18200250615114344,0.3520705043289355,0.26510581307065567,0.27752103634072023,0.017035825171218526,0.0
2021-05-25 07:40:00,0.026499302649930265,-0.1531018782014799,0.3962769918093818,0.29726834493840393,0.5176479826203034,0.9993318485523385,0.5,0.18200250615114344,0.3520705043289355,0.26510581307065567,0.27752103634072023,0.017035825171218526,0.0
2021-05-25 07:50:00,0.0697350069735007,-0.00512236767216856,0.40193596425912137,0.29726834493840393,0.5176479826203034,0.9993318485523385,0.5,0.18200250615114344,0.3520705043289355,0.26510581307065567,0.27752103634072023,0.017035825171218526,0.0
2021-05-25 08:00:00,0.2175732217573222,0.1428571428571428,0.4078927773641099,0.29726834493840393,0.5094947062595699,0.9778396436525613,0.5,0.18753965265425543,0.36152721065955634,0.27641471617033525,0.21753916237438067,0.9819411252580951,0.0
2021-05-25 08:10:00,0.13737796373779637,0.29083665338645415,0.41861504095308977,0.30833779682199625,0.4531153891455419,0.01714922048997773,0.5,0.18753965265425543,0.36152721065955634,0.27641471617033525,0.21753916237438067,0.9819411252580951,0.016529112663518263
2021-05-25 08:20:00,0.14714086471408647,0.5219123505976095,0.43320923306031256,0.3601142653097662,0.4571985708863907,0.00011135857461024499,0.5,0.18753965265425543,0.36152721065955634,0.27641471617033525,0.21753916237438067,0.9819411252580951,0.03079499675603905
2021-05-25 08:30:00,0.20781032078103207,0.05976095617529875,0.44869694713328356,0.407962863774326,0.4694612032299015,0.00011135857461024499,0.5,0.18753965265425543,0.36152721065955634,0.27641471617033525,0.21753916237438067,0.9819411252580951,0.06135612655974169
2021-05-25 08:40:00,0.20711297071129708,0.06772908366533859,0.4620997766195085,0.4365291912158542,0.4694612032299015,0.00011135857461024499,0.5,0.18753965265425543,0.36152721065955634,0.27641471617033525,0.21753916237438067,0.9819411252580951,0.04275993180137906
2021-05-25 08:50:00,0.10599721059972106,0.043824701195219085,0.46775874906924786,0.4690233886805928,0.4694612032299015,0.1492204899777283,0.5,0.18753965265425543,0.36152721065955634,0.27641471617033525,0.21753916237438067,0.9819411252580951,0.0010788056188421322
2021-05-25 09:00:00,0.10669456066945607,0.006640106241699861,0.4618019359642589,0.45866809498303884,0.4694612032299015,0.9992204899777284,0.5,0.21631646478597477,0.3661679219096157,0.26206607852812425,0.19959342417907314,0.8779749077293793,0.0
2021-05-25 09:10:00,0.1799163179916318,-0.030544488711819473,0.46775874906924786,0.44724156400642756,0.4667914305531926,0.9992204899777284,0.5,0.21631646478597477,0.3661679219096157,0.26206607852812425,0.19959342417907314,0.8779749077293793,0.0
2021-05-25 09:20:00,0.27615062761506276,-0.06772908366533881,0.47967237527922557,0.452597750401714,0.3972857311120127,0.22728285077951002,0.5,0.21631646478597477,0.3661679219096157,0.26206607852812425,0.19959342417907314,0.8779749077293793,0.05815743017939859
2021-05-25 09:30:00,0.25592747559274753,0.027888446215139417,0.49158600148920306,0.47580789144795577,0.38579523890539325,0.00011135857461024499,0.5,0.21631646478597477,0.3661679219096157,0.26206607852812425,0.19959342417907314,0.8779749077293793,0.1123692985500249
2021-05-25 09:40:00,0.23849372384937237,-0.13147410358565736,0.46358897989575576,0.43760042849491154,0.41022889374566496,0.00011135857461024499,0.5,0.21631646478597477,0.3661679219096157,0.26206607852812425,0.19959342417907314,0.8779749077293793,0.08704377084056308
2021-05-25 09:50:00,0.22315202231520226,-0.26693227091633476,0.45256887565152626,0.41189073379753616,0.41542448076847577,0.00011135857461024499,0.5,0.21631646478597477,0.3661679219096157,0.26206607852812425,0.19959342417907314,0.8779749077293793,0.08241924046049158
2021-05-25 10:00:00,0.25871687587168757,0.003984063745019917,0.449590469099032,0.40760578468130704,0.3779953148106948,0.00011135857461024499,0.5,0.45824036437583193,0.3691764820822563,0.12058894508022708,0.33918432029792284,0.762582090752716,0.09839763417173379
2021-05-25 10:10:00,0.2294281729428173,-0.24302788844621515,0.44482501861504087,0.40439207284413503,0.35169020167253406,0.00011135857461024499,0.5,0.45824036437583193,0.3691764820822563,0.12058894508022708,0.33918432029792284,0.762582090752716,0.08545951084086485
2021-05-25 10:20:00,0.2691771269177127,0.17928286852589648,0.4433358153387934,0.4036779146580969,0.3548049364620277,0.00011135857461024499,0.5,0.45824036437583193,0.3691764820822563,0.12058894508022708,0.33918432029792284,0.762582090752716,0.1357409055931922
2021-05-25 10:30:00,0.22873082287308227,-0.03585657370517936,0.4466120625465375,0.39903588644884835,0.3640182696208661,0.00011135857461024499,0.5,0.45824036437583193,0.3691764820822563,0.12058894508022708,0.33918432029792284,0.762582090752716,0.10361060398026466
2021-05-25 10:40:00,0.22384937238493724,0.20318725099601576,0.45197319434102745,0.38796643456525626,0.36613838321707604,0.00011135857461024499,0.5,0.45824036437583193,0.3691764820822563,0.12058894508022708,0.33918432029792284,0.762582090752716,0.08723237322147954
2021-05-25 10:50:00,0.299163179916318,0.14741035856573692,0.45614296351451955,0.404749151937154,0.3883472274934237,0.00011135857461024499,0.5,0.45824036437583193,0.3691764820822563,0.12058894508022708,0.33918432029792284,0.762582090752716,0.16858789625360232
2021-05-25 11:00:00,0.31241283124128316,-0.1872509960159363,0.4609084139985107,0.4061774683092303,0.4062373218515658,0.00011135857461024499,0.5,0.48283990216871775,0.36218236989485875,0.11198879166050035,0.4804976536070038,0.7374678749210604,0.2030417791994206
2021-05-25 11:10:00,0.398884239888424,0.2749003984063745,0.46388682055100494,0.3986788073558294,0.40553061731949586,0.00011135857461024499,0.5,0.48283990216871775,0.36218236989485875,0.11198879166050035,0.4804976536070038,0.7374678749210604,0.2776679692804442
2021-05-25 11:20:00,0.35006973500697347,-0.07569721115537853,0.47133283693224115,0.41010533833244045,0.41852612843700515,0.00011135857461024499,0.5,0.48283990216871775,0.36218236989485875,0.11198879166050035,0.4804976536070038,0.7374678749210604,0.21671922386348205
2021-05-25 11:30:00,0.38354253835425384,-0.2589641434262948,0.4781831720029781,0.4208177111230138,0.40325345827171477,0.00011135857461024499,0.5,0.48283990216871775,0.36218236989485875,0.11198879166050035,0.4804976536070038,0.7374678749210604,0.2543340827134602
2021-05-25 11:40:00,0.44002789400278935,-0.12350597609561753,0.4856291883842141,0.42831637207641493,0.40534739762599625,0.00022271714922048998,0.5,0.48283990216871775,0.36218236989485875,0.11198879166050035,0.4804976536070038,0.7374678749210604,0.36020791526472234
2021-05-25 11:50:00,0.32914923291492326,0.07569721115537842,0.4856291883842141,0.4333154793786824,0.4010548219497193,0.00022271714922048998,0.5,0.48283990216871775,0.36218236989485875,0.11198879166050035,0.4804976536070038,0.7374678749210604,0.2075984127223622
2021-05-25 12:00:00,0.4700139470013947,-0.6334661354581674,0.4957557706626954,0.4461703267273702,0.3865150305584275,0.30155902004454344,0.5,0.5037995839535618,0.3545302249667381,0.10321870731515861,0.6007400302874429,0.7307625023684724,0.14742670911477587
2021-05-25 12:10:00,0.3933054393305439,0.019920318725099362,0.5032017870439314,0.4490269594715228,0.3914357880409889,0.00011135857461024499,0.5,0.5037995839535618,0.3545302249667381,0.10321870731515861,0.6007400302874429,0.7307625023684724,0.27248517585286
2021-05-25 12:20:00,0.2649930264993026,0.13147410358565725,0.504393149664929,0.4543831458668095,0.39660520082187123,0.00011135857461024499,0.5,0.5037995839535618,0.3545302249667381,0.10321870731515861,0.6007400302874429,0.7307625023684724,0.14965221720959007
2021-05-25 12:30:00,0.37935843793584384,-0.0916334661354582,0.5088607594936707,0.4643813604713445,0.3903102956380626,0.00011135857461024499,0.5,0.5037995839535618,0.3545302249667381,0.10321870731515861,0.6007400302874429,0.7307625023684724,0.26287399852135734
2021-05-25 12:40:00,0.42329149232914925,0.12350597609561742,0.5109456440804168,0.4700946259596501,0.4071272460771355,0.00311804008908686,0.5,0.5037995839535618,0.3545302249667381,0.10321870731515861,0.6007400302874429,0.7307625023684724,0.3298353878419361
2021-05-25 12:50:00,0.3633193863319386,-0.0916334661354582,0.512434847356664,0.4708087841456883,0.390127075944563,0.2844097995545657,0.5,0.5037995839535618,0.3545302249667381,0.10321870731515861,0.6007400302874429,0.7307625023684724,0.18238604644145026
2021-05-25 13:00:00,0.402370990237099,0.4581673306772909,0.5323901712583765,0.507587930726656,0.41496643153472673,0.4906458797327395,0.5,0.5970351438168542,0.34067130833575193,0.05580544278609616,0.7116845116814904,0.7343374062727782,0.03914631018301975
2021-05-25 13:10:00,0.4609483960948396,-0.3944223107569722,0.5350707371556216,0.5118728798428851,0.3892502388399576,0.0010022271714922048,0.5,0.5970351438168542,0.34067130833575193,0.05580544278609616,0.7116845116814904,0.7343374062727782,0.43456251791722617
2021-05-25 13:20:00,0.4923291492329149,0.06772908366533859,0.5264333581533878,0.48544902695947156,0.3899831176139561,0.0021158129175946547,0.5,0.5970351438168542,0.34067130833575193,0.05580544278609616,0.7116845116814904,0.7343374062727782,0.5175475655204671
2021-05-25 13:30:00,0.43165969316596936,0.09163346613545809,0.5285182427401338,0.48366363149437586,0.388006962348353,0.0016703786191536749,0.5,0.5970351438168542,0.34067130833575193,0.05580544278609616,0.7116845116814904,0.7343374062727782,0.38010923849902684
2021-05-25 13:40:00,0.5076708507670851,-0.043824701195219196,0.5344750558451226,0.49009105516871987,0.38939419717056445,0.11603563474387528,0.5,0.5970351438168542,0.34067130833575193,0.05580544278609616,0.7116845116814904,0.7343374062727782,0.3847714893552816
2021-05-25 13:50:00,0.5460251046025105,-0.15936254980079678,0.5484735666418465,0.49866095340117833,0.372904424755598,0.9995545657015591,0.5,0.5970351438168542,0.34067130833575193,0.05580544278609616,0.7116845116814904,0.7343374062727782,0.0
2021-05-25 14:00:00,0.45676429567642957,-0.2749003984063746,0.5654504839910646,0.5190144617032673,0.372904424755598,0.9995545657015591,0.5,0.6069693948715622,0.3192177168850042,0.051693621642707036,0.7790929415902668,0.7459042648943041,0.0
2021-05-25 14:10:00,0.5920502092050209,0.11553784860557759,0.5752792256142962,0.5290126763078022,0.372904424755598,0.9995545657015591,0.5,0.6069693948715622,0.3192177168850042,0.051693621642707036,0.7790929415902668,0.7459042648943041,0.0
2021-05-25 14:20:00,0.3458856345885635,0.5059760956175297,0.5862993298585255,0.5282985181217639,0.372904424755598,0.9995545657015591,0.5,0.6069693948715622,0.3192177168850042,0.051693621642707036,0.7790929415902668,0.7459042648943041,0.0
2021-05-25 14:30:00,0.6527196652719665,0.6626826029216466,0.5964259121370066,0.5215140153544011,0.372904424755598,0.9995545657015591,0.5,0.6069693948715622,0.3192177168850042,0.051693621642707036,0.7790929415902668,0.7459042648943041,0.0
2021-05-25 14:40:00,0.6401673640167364,0.6895971668880032,0.596128071481757,0.511158721656847,0.372904424755598,0.9995545657015591,0.5,0.6069693948715622,0.3192177168850042,0.051693621642707036,0.7790929415902668,0.7459042648943041,0.0
2021-05-25 14:50:00,0.605997210599721,0.7165117308543603,0.5973194341027548,0.5090162470987323,0.372904424755598,0.9995545657015591,0.5,0.6069693948715622,0.3192177168850042,0.051693621642707036,0.7790929415902668,0.7459042648943041,0.0
2021-05-25 15:00:00,0.6499302649930265,0.7434262948207169,0.6017870439314965,0.5147295125870381,0.372904424755598,0.9995545657015591,0.5,0.6171886814289664,0.29932443887622967,0.04792115509405359,0.8256527555301781,0.7579726294910549,0.0
2021-05-25 15:10:00,0.5432357043235705,0.5107569721115537,0.6014892032762469,0.5147295125870381,0.372904424755598,0.9995545657015591,0.5,0.6171886814289664,0.29932443887622967,0.04792115509405359,0.8256527555301781,0.7579726294910549,0.0
2021-05-25 15:20:00,0.6101813110181311,0.2780876494023903,0.6038719285182426,0.5150865916800571,0.372904424755598,0.9995545657015591,0.5,0.6171886814289664,0.29932443887622967,0.04792115509405359,0.8256527555301781,0.7579726294910549,0.0
2021-05-25 15:30:00,0.6178521617852162,0.045418326693226874,0.6047654504839908,0.5186573826102483,0.385023098768502,0.9456570155902005,0.5,0.6171886814289664,0.29932443887622967,0.04792115509405359,0.8256527555301781,0.7579726294910549,0.0
2021-05-25 15:40:00,0.6624825662482566,-0.1872509960159363,0.6011913626209975,0.5118728798428851,0.3923126251455942,0.10534521158129177,0.5,0.6171886814289664,0.29932443887622967,0.04792115509405359,0.8256527555301781,0.7579726294910549,0.46016717715044436
2021-05-25 15:50:00,0.6541143654114366,0.49800796812749004,0.5788533134772895,0.4883056597036244,0.41280705657562394,0.05111358574610245,0.5,0.6171886814289664,0.29932443887622967,0.04792115509405359,0.8256527555301781,0.7579726294910549,0.7528780723327851
2021-05-25 16:00:00,0.6701534170153417,-0.4422310756972112,0.5755770662695456,0.4850919478664524,0.4202667155252516,0.0678173719376392,0.5,0.6456886295649122,0.28378164807029854,0.054619984358746,0.8461866066305528,0.7710311161167794,0.5596813374172036
2021-05-25 16:10:00,0.6722454672245468,0.346613545816733,0.5782576321667907,0.49044813426173883,0.4254623025480625,0.03151447661469933,0.5,0.6456886295649122,0.28378164807029854,0.054619984358746,0.8461866066305528,0.7710311161167794,0.8913574844968843
2021-05-25 16:20:00,0.4700139470013947,-0.15537848605577698,0.575874906924795,0.5022317443313695,0.416196620905367,0.02160356347438753,0.5,0.6456886295649122,0.28378164807029854,0.054619984358746,0.8461866066305528,0.7710311161167794,0.4475157294385685
2021-05-25 16:30:00,0.5794979079497908,0.09960159362549792,0.5779597915115411,0.5247277271915729,0.40661684835952944,0.02238307349665924,0.5,0.6456886295649122,0.28378164807029854,0.054619984358746,0.8461866066305528,0.7710311161167794,0.6881723674879672
2021-05-25 16:40:00,0.596931659693166,-0.10756972111553798,0.5800446760982871,0.5297268344938404,0.409574537697452,0.020601336302895325,0.5,0.6456886295649122,0.28378164807029854,0.054619984358746,0.8461866066305528,0.7710311161167794,0.7426105587156933
2021-05-25 16:50:00,0.5153417015341701,0.15537848605577675,0.5800446760982871,0.5400821281913943,0.4381044613995367,0.01224944320712695,0.5,0.6456886295649122,0.28378164807029854,0.054619984358746,0.8461866066305528,0.7710311161167794,0.5649772922733377
2021-05-25 17:00:00,0.5753138075313807,0.15537848605577675,0.5874906924795233,0.5572219246563115,0.4156077004619754,0.025055679287305125,0.5,0.6462260478957036,0.2754398618418609,0.055203329327275175,0.8490407001890834,0.7849631250004184,0.6827934275842299
2021-05-25 17:10:00,0.7301255230125524,-0.24302788844621515,0.5928518242740133,0.5604356364934833,0.4398057871248904,0.05924276169265034,0.5,0.6462260478957036,0.2754398618418609,0.055203329327275175,0.8490407001890834,0.7849631250004184,0.7977050862290086
2021-05-25 17:20:00,0.695258019525802,0.17131474103585642,0.590766939687267,0.5597214783074451,0.4239834578791012,0.08229398663697104,0.5,0.6462260478957036,0.2754398618418609,0.055203329327275175,0.8490407001890834,0.7849631250004184,0.6299923050228586
2021-05-25 17:30:00,0.710599721059972,-0.019920318725099695,0.588682055100521,0.549009105516872,0.4472261847116253,0.07227171492204901,0.5,0.6462260478957036,0.2754398618418609,0.055203329327275175,0.8490407001890834,0.7849631250004184,0.7707952985198485
2021-05-25 17:40:00,0.7133891213389122,-0.15537848605577698,0.5889798957557706,0.5511515800749867,0.4313122456190863,0.0465478841870824,0.5,0.6462260478957036,0.2754398618418609,0.055203329327275175,0.8490407001890834,0.7849631250004184,0.8976492599242573
2021-05-25 17:50:00,0.7231520223152021,0.2669322709163344,0.5865971705137749,0.5550794500981968,0.4191150488803968,0.08140311804008908,0.5,0.6462260478957036,0.2754398618418609,0.055203329327275175,0.8490407001890834,0.7849631250004184,0.6981456613908293
2021-05-25 18:00:00,0.8472803347280335,-0.07569721115537853,0.5880863737900222,0.5536511337261203,0.44912381725144285,0.11848552338530068,0.5,0.5757823217285705,0.2926751473389906,0.08615028716424218,0.8118845951850587,0.8034415890828351,0.7174585451966746
2021-05-25 18:10:00,0.7475592747559275,-0.12350597609561753,0.5857036485480267,0.5529369755400819,0.43013440473230297,0.09220489977728284,0.5,0.5757823217285705,0.2926751473389906,0.08615028716424218,0.8118845951850587,0.8034415890828351,0.7450850219533172
2021-05-25 18:20:00,0.694560669456067,-0.36254980079681276,0.5836187639612807,0.5504374218889485,0.42517438588684875,0.057015590200445436,0.5,0.5757823217285705,0.2926751473389906,0.08615028716424218,0.8118845951850587,0.8034415890828351,0.804758815275284
2021-05-25 18:30:00,0.5411436541143654,0.24302788844621515,0.5800446760982871,0.5679342974468844,0.44065644998756726,0.01002227171492205,0.5,0.5757823217285705,0.2926751473389906,0.08615028716424218,0.8118845951850587,0.8034415890828351,0.6357559937836655
2021-05-25 18:40:00,0.8340306834030684,-0.1394422310756973,0.5854058078927771,0.5775754329584004,0.44043396893117487,0.05579064587973274,0.5,0.5757823217285705,0.2926751473389906,0.08615028716424218,0.8118845951850587,0.8034415890828351,0.72909531209922
2021-05-25 18:50:00,0.6073919107391912,0.019920318725099362,0.58391660461653,0.576861274772362,0.43705749172239605,0.009465478841870824,0.5,0.5757823217285705,0.2926751473389906,0.08615028716424218,0.8118845951850587,0.8034415890828351,0.8224346304147744
2021-05-25 19:00:00,0.7322175732217573,-0.0916334661354582,0.581831720029784,0.586859489376897,0.44774966955019563,0.039198218262806235,0.5,0.5736977536360703,0.279135189809402,0.08939774324121937,0.7886390432961078,0.8084981148243926,0.9960619822864644
2021-05-25 19:10:00,0.7008368200836821,-0.17131474103585675,0.5806403574087862,0.5893590430280307,0.44565573019591415,0.045211581291759464,0.5,0.5736977536360703,0.279135189809402,0.08939774324121937,0.7886390432961078,0.8084981148243926,0.9181390225870212
2021-05-25 19:20:00,0.7559274755927475,-0.14741035856573714,0.5806403574087862,0.5918585966791645,0.44798523772755233,0.03184855233853007,0.5,0.5736977536360703,0.279135189809402,0.08939774324121937,0.7886390432961078,0.8084981148243926,0.9418526789082187
2021-05-25 19:30:00,0.7433751743375174,-0.1394422310756973,0.5821295606850332,0.5954293876093555,0.4360236091662195,0.031069042316258354,0.5,0.5736977536360703,0.279135189809402,0.08939774324121937,0.7886390432961078,0.8084981148243926,0.9655661843475113
2021-05-25 19:40:00,0.6931659693165969,-0.003984063745020028,0.5794489947877883,0.5965006248884128,0.41700802240515106,0.019265033407572383,0.5,0.5736977536360703,0.279135189809402,0.08939774324121937,0.7886390432961078,0.8084981148243926,0.9892798406687086
2021-05-25 19:50:00,0.6478382147838214,0.22709163346613526,0.5782576321667907,0.6057846813069094,0.41956001099318163,0.011915367483296215,0.5,0.5736977536360703,0.279135189809402,0.08939774324121937,0.7886390432961078,0.8084981148243926,0.8950012824961902
2021-05-25 20:00:00,0.5892608089260809,-0.19521912350597614,0.5717051377513027,0.6182824495625783,0.42381332530656585,0.0024498886414253897,0.5,0.5704162098683121,0.28984761800768505,0.09937776113976475,0.7190592818597178,0.8263010639933555,0.773541349185992
2021-05-25 20:10:00,0.6122733612273361,-0.019920318725099695,0.5723008190618017,0.6239957150508837,0.42092107157346453,0.0064587973273942095,0.5,0.5704162098683121,0.28984761800768505,0.09937776113976475,0.7190592818597178,0.8263010639933555,0.8714863376435265
2021-05-25 20:20:00,0.5899581589958159,-0.043824701195219196,0.5705137751303051,0.6264952687020175,0.4154899163732971,0.000779510022271715,0.5,0.5704162098683121,0.28984761800768505,0.09937776113976475,0.7190592818597178,0.8263010639933555,0.8470510131719903
2021-05-25 20:30:00,0.5376569037656904,-0.02788844621513953,0.5654504839910646,0.6311372969112659,0.41263692400308855,0.00111358574610245,0.5,0.5704162098683121,0.28984761800768505,0.09937776113976475,0.7190592818597178,0.8263010639933555,0.7148860087209741
2021-05-25 20:40:00,0.5941422594142259,-0.03585657370517936,0.5642591213700667,0.6289948223531512,0.4200704087107877,0.004342984409799555,0.5,0.5704162098683121,0.28984761800768505,0.09937776113976475,0.7190592818597178,0.8263010639933555,0.8439051254583039
2021-05-25 20:50:00,0.5767085076708507,-0.03585657370517936,0.5633655994043185,0.6207820032137119,0.41952074963028885,0.007906458797327393,0.5,0.5704162098683121,0.28984761800768505,0.09937776113976475,0.7190592818597178,0.8263010639933555,0.7735262609955188
2021-05-25 21:00:00,0.5230125523012552,0.21912350597609564,0.5562174236783319,0.6272094268880557,0.41935061705775345,0.00044543429844097997,0.5,0.56260718432218,0.31578675141591817,0.11552513031102307,0.5878510164652372,0.8577722946638128,0.6816919896796777
2021-05-25 21:10:00,0.3814504881450488,-0.17928286852589637,0.5514519731943408,0.6307802178182469,0.44696444229234006,0.00022271714922048998,0.5,0.56260718432218,0.31578675141591817,0.11552513031102307,0.5878510164652372,0.8577722946638128,0.32402643450970925
2021-05-25 21:20:00,0.4107391910739191,-0.05179282868525903,0.5457930007446015,0.6297089805391896,0.44951643088037063,0.00022271714922048998,0.5,0.56260718432218,0.31578675141591817,0.11552513031102307,0.5878510164652372,0.8577722946638128,0.37691054211868374
2021-05-25 21:30:00,0.3096234309623431,-0.019920318725099695,0.5401340282948621,0.6179253704695589,0.4560207299996074,0.00033407572383073496,0.5,0.56260718432218,0.31578675141591817,0.11552513031102307,0.5878510164652372,0.8577722946638128,0.23151319462256892
2021-05-25 21:40:00,0.2894002789400279,-0.3944223107569722,0.5341772151898732,0.6086413140510623,0.46073209354674066,0.00033407572383073496,0.5,0.56260718432218,0.31578675141591817,0.11552513031102307,0.5878510164652372,0.8577722946638128,0.19332498453460475
2021-05-25 21:50:00,0.3186889818688982,-0.24302788844621515,0.5276247207743856,0.5979289412604893,0.46073209354674066,0.00033407572383073496,0.5,0.56260718432218,0.31578675141591817,0.11552513031102307,0.5878510164652372,0.8577722946638128,0.22563634443321212
2021-05-25 22:00:00,0.3563458856345886,-0.2270916334661356,0.5213700670141472,0.5861453311908589,0.46073209354674066,0.00033407572383073496,0.5,0.44376238858817363,0.34134083509814517,0.18363737653535445,0.4791985795044815,0.9338114878066238,0.2851592558504459
2021-05-25 22:10:00,0.4630404463040446,0.2589641434262948,0.5186895011169024,0.5697196929119801,0.46073209354674066,0.00022271714922048998,0.5,0.44376238858817363,0.34134083509814517,0.18363737653535445,0.4791985795044815,0.9338114878066238,0.4560103806750457
2021-05-25 22:20:00,0.41283124128312415,0.1394422310756971,0.5127326880119134,0.5504374218889485,0.46073209354674066,0.00022271714922048998,0.5,0.44376238858817363,0.34134083509814517,0.18363737653535445,0.4791985795044815,0.9338114878066238,0.3872459525929055
2021-05-25 22:30:00,0.5174337517433751,0.20318725099601576,0.5112434847356664,0.5275843599357259,0.4658753320856945,0.00022271714922048998,0.5,0.44376238858817363,0.34134083509814517,0.18363737653535445,0.4791985795044815,0.9338114878066238,0.5762330823664319
2021-05-25 22:40:00,0.4093444909344491,-0.09960159362549814,0.5094564408041697,0.5290126763078022,0.4627344230542723,0.00022271714922048998,0.5,0.44376238858817363,0.34134083509814517,0.18363737653535445,0.4791985795044815,0.9338114878066238,0.3842886672601355
2021-05-25 22:50:00,0.3821478382147839,0.01195219123505975,0.5055845122859268,0.5158007498660953,0.46064048369999083,0.00022271714922048998,0.5,0.44376238858817363,0.34134083509814517,0.18363737653535445,0.4791985795044815,0.9338114878066238,0.37364394888121066
2021-05-25 23:00:00,0.5467224546722455,0.346613545816733,0.5052866716306774,0.504374218889484,0.4733480781562864,0.00022271714922048998,0.5,0.3594757961632604,0.3693086633314859,0.23358616265154133,0.4494321620164891,0.003132182562131931,0.6813298731083182
2021-05-25 23:10:00,0.3591352859135286,0.1872509960159361,0.4993298585256887,0.5086591680057133,0.49549148682781274,0.00022271714922048998,0.5,0.3594757961632604,0.3693086633314859,0.23358616265154133,0.4494321620164891,0.003132182562131931,0.28829759946889566
2021-05-25 23:20:00,0.3319386331938633,-0.03585657370517936,0.4892032762472076,0.5090162470987323,0.49838374056091406,0.00033407572383073496,0.5,0.3594757961632604,0.3693086633314859,0.23358616265154133,0.4494321620164891,0.003132182562131931,0.2378804110023085
2021-05-25 23:30:00,0.36401673640167365,0.31474103585657365,0.4656738644825016,0.48901981788966253,0.5487037206684902,0.00022271714922048998,0.5,0.3594757961632604,0.3693086633314859,0.23358616265154133,0.4494321620164891,0.003132182562131931,0.26647253194924336
2021-05-25 23:40:00,0.36401673640167365,-0.20318725099601598,0.45673864482501836,0.4786645241921086,0.5435997434924291,0.00022271714922048998,0.5,0.3594757961632604,0.3693086633314859,0.23358616265154133,0.4494321620164891,0.003132182562131931,0.27237201442431014
2021-05-25 23:50:00,0.3235704323570432,-0.12350597609561753,0.45227103499627686,0.45795393679700047,0.5332609179306644,0.00033407572383073496,0.5,0.3594757961632604,0.3693086633314859,0.23358616265154133,0.4494321620164891,0.003132182562131931,0.20578028577032756
2021-05-26 00:00:00,0.22384937238493724,0.5219123505976095,0.4516753536857778,0.43295840028566324,0.5279475468191752,0.00022271714922048998,0.5,0.3497532371674821,0.3772740203501669,0.2650370798156681,0.3782401618325961,0.03930761491692815,0.10954026283627805
2021-05-26 00:10:00,0.2524407252440725,0.21912350597609564,0.44869694713328356,0.4229601856811285,0.5389145541872243,0.00033407572383073496,0.5,0.3497532371674821,0.3772740203501669,0.2650370798156681,0.3782401618325961,0.03930761491692815,0.12434177769060156
2021-05-26 00:20:00,0.22245467224546722,0.12350597609561742,0.4460163812360385,0.4111765756114978,0.5418068079203257,0.00022271714922048998,0.5,0.3497532371674821,0.3772740203501669,0.2650370798156681,0.3782401618325961,0.03930761491692815,0.10173966836157342
2021-05-26 00:30:00,0.19142259414225943,0.29482071713147406,0.4428890543559194,0.40528477057668266,0.5418068079203257,0.00022271714922048998,0.5,0.3497532371674821,0.3772740203501669,0.2650370798156681,0.3782401618325961,0.03930761491692815,0.08019750441329572
2021-05-26 00:40:00,0.1603905160390516,0.4661354581673305,0.43976172747580033,0.39939296554186754,0.5418068079203257,0.00022271714922048998,0.5,0.3497532371674821,0.3772740203501669,0.2650370798156681,0.3782401618325961,0.03930761491692815,0.05865534046501803
2021-05-26 00:50:00,0.11018131101813111,0.5697211155378485,0.43618763961280704,0.4036779146580969,0.5418068079203257,0.00022271714922048998,0.5,0.3497532371674821,0.3772740203501669,0.2650370798156681,0.3782401618325961,0.03930761491692815,0.019350604282028457
2021-05-26 01:00:00,0.10599721059972106,0.3784860557768923,0.43350707371556196,0.41546152472772735,0.5535721296671945,0.00022271714922048998,0.5,0.2600435324523891,0.3878743818371483,0.3368671357013842,0.2628910787885944,0.07204803852881446,0.013277607616518552
2021-05-26 01:10:00,0.10111576011157601,0.2669322709163344,0.42844378257632143,0.414747366541689,0.5582573189723993,0.00022271714922048998,0.5,0.2600435324523891,0.3878743818371483,0.3368671357013842,0.2628910787885944,0.07204803852881446,0.007604447998551534
2021-05-26 01:20:00,0.06903765690376569,0.8087649402390438,0.426061057334326,0.41331905016961246,0.5693551975500909,0.3093541202672606,0.5,0.2600435324523891,0.3878743818371483,0.3368671357013842,0.2628910787885944,0.07204803852881446,0.0
2021-05-26 01:30:00,0.07252440725244073,0.687649402390438,0.4317200297840653,0.4051062310301732,0.5747340042664014,0.9995545657015591,0.5,0.2600435324523891,0.3878743818371483,0.3368671357013842,0.2628910787885944,0.07204803852881446,0.0
2021-05-26 01:40:00,0.09832635983263598,0.5665338645418325,0.4466120625465375,0.4176039992858418,0.5747340042664014,0.9995545657015591,0.5,0.2600435324523891,0.3878743818371483,0.3368671357013842,0.2628910787885944,0.07204803852881446,0.0
2021-05-26 01:50:00,0.17364016736401675,0.445418326693227,0.44929262844378237,0.41403320835565083,0.5747340042664014,0.9995545657015591,0.5,0.2600435324523891,0.3878743818371483,0.3368671357013842,0.2628910787885944,0.07204803852881446,0.0
2021-05-26 02:00:00,0.18688981868898188,0.32430278884462127,0.44482501861504087,0.40403499375111585,0.5785161822250723,0.9995545657015591,0.5,0.2734140856100431,0.3902996204099363,0.3010106958836263,0.16265132420727624,0.15565748216533912,0.0
2021-05-26 02:10:00,0.20432357043235705,0.20318725099601576,0.43946388682055093,0.40867702196036415,0.6773762939890854,0.29510022271714925,0.5,0.2734140856100431,0.3902996204099363,0.3010106958836263,0.16265132420727624,0.15565748216533912,0.040821099325557886
2021-05-26 02:20:00,0.20292887029288703,-0.6175298804780878,0.4498883097542814,0.44724156400642756,0.6703877713941709,0.00033407572383073496,0.5,0.2734140856100431,0.3902996204099363,0.3010106958836263,0.16265132420727624,0.15565748216533912,0.10021576112376843
2021-05-26 02:30:00,0.4337517433751743,-0.31474103585657376,0.4153387937453461,0.4351008748437779,0.6481396657549305,0.010801781737193764,0.5,0.2734140856100431,0.3902996204099363,0.3010106958836263,0.16265132420727624,0.15565748216533912,0.44943192962867967
2021-05-26 02:40:00,0.5327754532775453,-0.03585657370517936,0.3772151898734175,0.35797179075165153,0.6474198741018964,0.004899777282850779,0.5,0.2734140856100431,0.3902996204099363,0.3010106958836263,0.16265132420727624,0.15565748216533912,0.7179941759584774
2021-05-26 02:50:00,0.6241283124128312,0.09960159362549792,0.36738644825018585,0.324763435100875,0.637146484144953,0.0027839643652561247,0.5,0.2734140856100431,0.3902996204099363,0.3010106958836263,0.16265132420727624,0.15565748216533912,0.9447696787724248
2021-05-26 03:00:00,0.5453277545327755,0.2589641434262948,0.37513030528667146,0.31940724870558834,0.6480087945452879,0.00111358574610245,0.5,0.2298661573872256,0.39423057582175075,0.40038021410535746,0.16522099385833006,0.20807442648440536,0.7014726073901958
2021-05-26 03:10:00,0.6359832635983264,0.2350597609561753,0.3778108711839163,0.3211926441706838,0.6532829042938845,0.00022271714922048998,0.5,0.2298661573872256,0.39423057582175075,0.40038021410535746,0.16522099385833006,0.20807442648440536,0.9049594882085791
2021-05-26 03:20:00,0.5711297071129707,-0.2509960159362551,0.3769173492181681,0.32690590965898947,0.6592637185745508,0.0006681514476614699,0.5,0.2298661573872256,0.39423057582175075,0.40038021410535746,0.16522099385833006,0.20807442648440536,0.753987054332574
2021-05-26 03:30:00,0.5934449093444909,-0.4820717131474104,0.37036485480268033,0.3329762542403143,0.6592898928164793,0.0008908685968819599,0.5,0.2298661573872256,0.39423057582175075,0.40038021410535746,0.16522099385833006,0.20807442648440536,0.803853523846885
2021-05-26 03:40:00,0.597629009762901,-0.20318725099601598,0.3655994043186892,0.3329762542403143,0.6592898928164793,0.0006681514476614699,0.5,0.2298661573872256,0.39423057582175075,0.40038021410535746,0.16522099385833006,0.20807442648440536,0.8084780542269566
2021-05-26 03:50:00,0.6269177126917713,-0.043824701195219196,0.3590469099032014,0.3347616497054098,0.6592898928164793,0.0006681514476614699,0.5,0.2298661573872256,0.39423057582175075,0.40038021410535746,0.16522099385833006,0.20807442648440536,0.904876503160976
2021-05-26 04:00:00,0.5718270571827057,-0.09960159362549814,0.35547282204020836,0.3329762542403143,0.6592898928164793,0.00022271714922048998,0.5,0.16025298985432368,0.3964259339610983,0.4648006475636407,0.2361309840312273,0.17647191495917597,0.7768682951853584
2021-05-26 04:10:00,0.4093444909344491,-0.23505976095617542,0.3501116902457184,0.33690412426352423,0.650887961157425,0.00311804008908686,0.5,0.16025298985432368,0.3964259339610983,0.4648006475636407,0.2361309840312273,0.17647191495917597,0.4133636103022164
2021-05-26 04:20:00,0.4295676429567643,-0.059760956175298974,0.3414743112434846,0.3390465988216391,0.6401041734828755,0.00155902004454343,0.5,0.16025298985432368,0.3964259339610983,0.4648006475636407,0.2361309840312273,0.17647191495917597,0.4910074384779034
2021-05-26 04:30:00,0.4121338912133891,-0.14741035856573714,0.34028294862248676,0.33690412426352423,0.6329978667992829,0.00011135857461024499,0.5,0.16025298985432368,0.3964259339610983,0.4648006475636407,0.2361309840312273,0.17647191495917597,0.4171432020157823
2021-05-26 04:40:00,0.39400278940027894,0.40239043824701204,0.33670886075949347,0.3294054633101231,0.626087866930154,0.00011135857461024499,0.5,0.16025298985432368,0.3964259339610983,0.4648006475636407,0.2361309840312273,0.17647191495917597,0.36023809164566895
2021-05-26 04:50:00,0.3263598326359832,0.11553784860557759,0.3352196574832462,0.3211926441706838,0.6367538705160251,0.00011135857461024499,0.5,0.16025298985432368,0.3964259339610983,0.4648006475636407,0.2361309840312273,0.17647191495917597,0.27838465832792675
2021-05-26 05:00:00,0.35495118549511856,0.21912350597609564,0.3310498883097541,0.3119085877521872,0.6399471280313044,0.00011135857461024499,0.5,0.16872967754566615,0.4010723922219949,0.44059297269679243,0.34005221101140204,0.1611208454282645,0.30939088975059226
2021-05-26 05:10:00,0.4511854951185495,0.12350597609561742,0.3262844378257632,0.30191037314765223,0.6538063891324548,0.00011135857461024499,0.5,0.16872967754566615,0.4010723922219949,0.44059297269679243,0.34005221101140204,0.1611208454282645,0.4609291307693469
2021-05-26 05:20:00,0.42398884239888424,-0.3067729083665339,0.31675353685778074,0.29191215854311725,0.6546570519951316,0.00011135857461024499,0.5,0.16872967754566615,0.4010723922219949,0.44059297269679243,0.34005221101140204,0.1611208454282645,0.41033088401707984
2021-05-26 05:30:00,0.3521617852161785,-0.31474103585657376,0.30811615785554713,0.2833422603106588,0.6481396657549305,0.00011135857461024499,0.5,0.16872967754566615,0.4010723922219949,0.44059297269679243,0.34005221101140204,0.1611208454282645,0.2940914646106492
2021-05-26 05:40:00,0.3926080892608089,-0.31474103585657376,0.3021593447505584,0.27620067845027685,0.6382327151849865,0.00011135857461024499,0.5,0.16872967754566615,0.4010723922219949,0.44059297269679243,0.34005221101140204,0.1611208454282645,0.3564509558368665
2021-05-26 05:50:00,0.3765690376569038,-0.23505976095617542,0.295309009679821,0.2687020174968757,0.6265328290429388,0.00011135857461024499,0.5,0.16872967754566615,0.4010723922219949,0.44059297269679243,0.34005221101140204,0.1611208454282645,0.34000482822095146
2021-05-26 06:00:00,0.37935843793584384,-0.3466135458167332,0.2899478778853313,0.2572754865202642,0.6254727722448339,0.00011135857461024499,0.5,0.24188497653443397,0.41653759838164317,0.46283236555134916,0.42138449306792547,0.16034242593797918,0.3394918297448587
2021-05-26 06:10:00,0.37377963737796377,0.13147410358565725,0.2881608339538346,0.25049098375290146,0.6144534163929277,0.00011135857461024499,0.5,0.24188497653443397,0.41653759838164317,0.46283236555134916,0.42138449306792547,0.16034242593797918,0.3453309594580322
2021-05-26 06:20:00,0.35006973500697347,0.06772908366533859,0.28845867460908403,0.2401356900553473,0.6144534163929277,0.00011135857461024499,0.5,0.24188497653443397,0.41653759838164317,0.46283236555134916,0.42138449306792547,0.16034242593797918,0.2907796068017563
2021-05-26 06:30:00,0.36262203626220363,0.2828685258964143,0.2881608339538346,0.23299410819496535,0.6144534163929277,0.00011135857461024499,0.5,0.24188497653443397,0.41653759838164317,0.46283236555134916,0.42138449306792547,0.16034242593797918,0.30649395717971545
2021-05-26 06:40:00,0.3451882845188285,0.3705179282868525,0.2908413998510797,0.22620960542760238,0.6144534163929277,0.00011135857461024499,0.5,0.24188497653443397,0.41653759838164317,0.46283236555134916,0.42138449306792547,0.16034242593797918,0.2769060156615417
2021-05-26 06:50:00,0.3284518828451883,0.05179282868525892,0.2920327624720771,0.222281735404392,0.6144534163929277,0.00011135857461024499,0.5,0.24188497653443397,0.41653759838164317,0.46283236555134916,0.42138449306792547,0.16034242593797918,0.2557448285227153
2021-05-26 07:00:00,0.3312412831241283,-0.2509960159362551,0.29381980640357397,0.2240671308694877,0.6144534163929277,0.00011135857461024499,0.5,0.2547995596058066,0.42229035622846506,0.43774751739160594,0.4338145772527714,0.17951742455336434,0.2665856933777932
2021-05-26 07:10:00,0.33751743375174337,-0.42629482071713154,0.29381980640357397,0.2258525263345832,0.6144534163929277,0.00011135857461024499,0.5,0.2547995596058066,0.42229035622846506,0.43774751739160594,0.4338145772527714,0.17951742455336434,0.2536928346183442
2021-05-26 07:20:00,0.3270571827057183,-0.6892430278884463,0.29381980640357397,0.23120871272986965,0.6144534163929277,0.00011135857461024499,0.5,0.2547995596058066,0.42229035622846506,0.43774751739160594,0.4338145772527714,0.17951742455336434,0.23199601671771503
2021-05-26 07:30:00,0.3284518828451883,-0.6254980079681276,0.29381980640357397,0.22656668452062134,0.6144534163929277,0.00011135857461024499,0.5,0.2547995596058066,0.42229035622846506,0.43774751739160594,0.4338145772527714,0.17951742455336434,0.22040828643420798
2021-05-26 07:40:00,0.3312412831241283,-0.6733067729083666,0.29381980640357397,0.225495447241564,0.6144534163929277,0.00011135857461024499,0.5,0.2547995596058066,0.42229035622846506,0.43774751739160594,0.4338145772527714,0.17951742455336434,0.22052144786275782
2021-05-26 07:50:00,0.3437935843793584,-0.2589641434262948,0.29381980640357397,0.22442420996250667,0.606234704427373,0.00011135857461024499,0.5,0.2547995596058066,0.42229035622846506,0.43774751739160594,0.4338145772527714,0.17951742455336434,0.24985289014288517
2021-05-26 08:00:00,0.3193863319386332,0.41035856573705165,0.29650037230081905,0.2162113908230674,0.603002185549201,0.00011135857461024499,0.5,0.2752543756751915,0.4301551405575188,0.39685325969998064,0.3766434190347885,0.2113659933090487,0.22316942529082487
2021-05-26 08:10:00,0.2615062761506276,-0.4661354581673308,0.29769173492181666,0.2129976789858954,0.6144534163929277,0.00011135857461024499,0.5,0.2752543756751915,0.4301551405575188,0.39685325969998064,0.3766434190347885,0.2113659933090487,0.15491045158954087
2021-05-26 08:20:00,0.2733612273361227,-0.2509960159362551,0.3036485480268054,0.21835386538118184,0.6144534163929277,0.00011135857461024499,0.5,0.2752543756751915,0.4301551405575188,0.39685325969998064,0.3766434190347885,0.2113659933090487,0.15635891787497924
2021-05-26 08:30:00,0.2196652719665272,0.11553784860557759,0.3104988830975428,0.222281735404392,0.6192302155448822,0.00011135857461024499,0.5,0.2752543756751915,0.4301551405575188,0.39685325969998064,0.3766434190347885,0.2113659933090487,0.11530395159708497
2021-05-26 08:40:00,0.27405857740585776,-0.01195219123505975,0.32092330603127306,0.22620960542760238,0.6308777532030729,0.00011135857461024499,0.5,0.2752543756751915,0.4301551405575188,0.39685325969998064,0.3766434190347885,0.2113659933090487,0.14935045340012373
2021-05-26 08:50:00,0.26569037656903766,-0.07569721115537853,0.33224125093075174,0.23513658275308003,0.6456792870136498,0.00011135857461024499,0.5,0.2752543756751915,0.4301551405575188,0.39685325969998064,0.3766434190347885,0.2113659933090487,0.1577243991128144
2021-05-26 09:00:00,0.32566248256624825,-0.02788844621513953,0.34266567386448243,0.24763435100874842,0.6503906505607832,0.00011135857461024499,0.5,0.2676163847719133,0.43201429856296153,0.3686335664050111,0.3830863528448138,0.2853832841172514,0.23355010033646664
2021-05-26 09:10:00,0.3598326359832636,-0.03585657370517936,0.3489203276247206,0.25549009105516873,0.6510580937299604,0.00011135857461024499,0.5,0.2676163847719133,0.43201429856296153,0.3686335664050111,0.3830863528448138,0.2853832841172514,0.2798482128038384
2021-05-26 09:20:00,0.34309623430962344,0.08366533864541825,0.3560685033507074,0.26798785931083735,0.643964874167332,0.00011135857461024499,0.5,0.2676163847719133,0.43201429856296153,0.3686335664050111,0.3830863528448138,0.2853832841172514,0.2602788297599469
2021-05-26 09:30:00,0.3396094839609484,-0.1394422310756973,0.3623231571109453,0.2708444920549904,0.6509664838832104,0.00011135857461024499,0.5,0.2676163847719133,0.43201429856296153,0.3686335664050111,0.3830863528448138,0.2853832841172514,0.24587715195316628
2021-05-26 09:40:00,0.33751743375174337,-0.03585657370517936,0.3676842889054355,0.27977146938046804,0.6494876392142492,0.00011135857461024499,0.5,0.2676163847719133,0.43201429856296153,0.3686335664050111,0.3830863528448138,0.2853832841172514,0.2503734327142146
2021-05-26 09:50:00,0.3451882845188285,-0.1394422310756973,0.3766195085629187,0.2883413676129263,0.655285233801416,0.00011135857461024499,0.5,0.2676163847719133,0.43201429856296153,0.3686335664050111,0.3830863528448138,0.2853832841172514,0.2601128596647404
2021-05-26 10:00:00,0.32496513249651326,0.11553784860557759,0.3834698436336559,0.29369755400821274,0.6525892868827786,0.00011135857461024499,0.5,0.45108279137342344,0.4232357395109876,0.21741228932845202,0.32323182773927267,0.3959391647290481,0.22892556995639513
2021-05-26 10:10:00,0.300557880055788,0.027888446215139417,0.3918093819806401,0.29548294947330844,0.6525892868827786,0.00011135857461024499,0.5,0.45108279137342344,0.4232357395109876,0.21741228932845202,0.32323182773927267,0.3959391647290481,0.1970442234862773
2021-05-26 10:20:00,0.29009762900976294,0.31474103585657365,0.39955323901712547,0.30298161042670957,0.6545130936645247,0.00011135857461024499,0.5,0.45108279137342344,0.4232357395109876,0.21741228932845202,0.32323182773927267,0.3959391647290481,0.18929643767822923
2021-05-26 10:30:00,0.28033472803347276,-0.07569721115537853,0.4081906180193595,0.3136939832172827,0.6643415215086833,0.00011135857461024499,0.5,0.45108279137342344,0.4232357395109876,0.21741228932845202,0.32323182773927267,0.3959391647290481,0.16945546720581803
2021-05-26 10:40:00,0.26778242677824265,-0.11553784860557781,0.4159344750558449,0.3261917514729513,0.6716833963696326,0.00011135857461024499,0.5,0.45108279137342344,0.4232357395109876,0.21741228932845202,0.32323182773927267,0.3959391647290481,0.15036890625707258
2021-05-26 10:50:00,0.2189679218967922,-0.1394422310756973,0.42457185405807873,0.3361899660774863,0.6677441729593907,0.00011135857461024499,0.5,0.45108279137342344,0.4232357395109876,0.21741228932845202,0.32323182773927267,0.3959391647290481,0.10520240807519954
2021-05-26 11:00:00,0.14783821478382148,0.3705179282868525,0.4346984363365598,0.35904302803070887,0.6908691157032364,0.00011135857461024499,0.5,0.4951925857416206,0.41555485952868954,0.14808338840236654,0.3029839284433987,0.5533319099197301,0.045966172276958824
2021-05-26 11:10:00,0.15271966527196654,-0.05179282868525903,0.4427401340282946,0.37046955900732037,0.6766695894570153,0.00011135857461024499,0.5,0.4951925857416206,0.41555485952868954,0.14808338840236654,0.3029839284433987,0.5533319099197301,0.04733919761003063
2021-05-26 11:20:00,0.1415620641562064,0.3784860557768923,0.45554728220402074,0.3936797000535619,0.6918375626545916,0.00011135857461024499,0.5,0.4951925857416206,0.41555485952868954,0.14808338840236654,0.3029839284433987,0.5533319099197301,0.039063325135416514
2021-05-26 11:30:00,0.07810320781032079,-0.952191235059761,0.4650781831720028,0.4083199428673452,0.7088900812710212,0.639086859688196,0.5,0.4951925857416206,0.41555485952868954,0.14808338840236654,0.3029839284433987,0.5533319099197301,0.0009354678093456252
2021-05-26 11:40:00,0.10460251046025104,0.7211155378486056,0.48682055100521215,0.4368862703088734,0.7088900812710212,0.9993318485523385,0.5,0.4951925857416206,0.41555485952868954,0.14808338840236654,0.3029839284433987,0.5533319099197301,0.0
2021-05-26 11:50:00,0.07112970711297072,0.7171314741035852,0.5064780342516753,0.4611676486341725,0.7088900812710212,0.9993318485523385,0.5,0.4951925857416206,0.41555485952868954,0.14808338840236654,0.3029839284433987,0.5533319099197301,0.0
2021-05-26 12:00:00,0.0808926080892608,0.7131474103585655,0.5216679076693966,0.47723620782003207,0.7088900812710212,0.9993318485523385,0.5,0.5164372363229819,0.40395164465082656,0.1387185458173722,0.42471096899027266,0.6601298460187814,0.0
2021-05-26 12:10:00,0.0599721059972106,0.6952191235059759,0.5365599404318686,0.4897339760757007,0.7088900812710212,0.9993318485523385,0.5,0.5164372363229819,0.40395164465082656,0.1387185458173722,0.42471096899027266,0.6601298460187814,0.0
2021-05-26 12:20:00,0.1317991631799163,0.6772908366533861,0.5520476545048398,0.5047312979825032,0.7088900812710212,0.9993318485523385,0.5,0.5164372363229819,0.40395164465082656,0.1387185458173722,0.42471096899027266,0.6601298460187814,0.0
2021-05-26 12:30:00,0.15271966527196654,0.6593625498007967,0.5633655994043185,0.5093733261917515,0.7088900812710212,0.9993318485523385,0.5,0.5164372363229819,0.40395164465082656,0.1387185458173722,0.42471096899027266,0.6601298460187814,0.0
2021-05-26 12:40:00,0.07740585774058578,0.6414342629482073,0.5725986597170512,0.5140153544009998,0.7088900812710212,0.9993318485523385,0.5,0.5164372363229819,0.40395164465082656,0.1387185458173722,0.42471096899027266,0.6601298460187814,0.0
2021-05-26 12:50:00,0.11018131101813111,0.6235059760956174,0.5788533134772895,0.525441885377611,0.7088900812710212,0.9993318485523385,0.5,0.5164372363229819,0.40395164465082656,0.1387185458173722,0.42471096899027266,0.6601298460187814,0.0
2021-05-26 13:00:00,0.23082287308228733,0.6055776892430278,0.5922561429635145,0.5293697554008212,0.6612006124772611,0.9993318485523385,0.5,0.653921039228903,0.39223348955624543,0.09778307353557902,0.5406252383208578,0.7093334725167721,0.0
2021-05-26 13:10:00,0.2601115760111576,0.587649402390438,0.598808637379002,0.5457953936797,0.45477745350800275,0.8069042316258351,0.5,0.653921039228903,0.39223348955624543,0.09778307353557902,0.5406252383208578,0.7093334725167721,0.0
2021-05-26 13:20:00,0.17433751743375175,0.5697211155378485,0.6047654504839908,0.5590073201214067,0.4064205415450655,0.015701559020044543,0.5,0.653921039228903,0.39223348955624543,0.09778307353557902,0.5406252383208578,0.7093334725167721,0.04423103037252742
2021-05-26 13:30:00,0.17224546722454673,0.5697211155378485,0.6104244229337303,0.5743617211212282,0.43071023805473035,0.6140311804008909,0.5,0.653921039228903,0.39223348955624543,0.09778307353557902,0.5406252383208578,0.7093334725167721,0.005439292665630611
2021-05-26 13:40:00,0.14435146443514643,0.1394422310756971,0.6199553239017124,0.5829316193536869,0.4420436848097787,0.327728285077951,0.5,0.653921039228903,0.39223348955624543,0.09778307353557902,0.5406252383208578,0.7093334725167721,0.05449854398961932
2021-05-26 13:50:00,0.19804741980474197,-0.13147410358565736,0.6247207743857035,0.6014997321906803,0.42156234050071323,0.5857461024498887,0.5,0.653921039228903,0.39223348955624543,0.09778307353557902,0.5406252383208578,0.7093334725167721,0.010033646664755497
2021-05-26 14:00:00,0.1680613668061367,-0.40239043824701204,0.635740878629933,0.6082842349580433,0.4292052191438406,0.06570155902004456,0.5,0.6585624551609404,0.36760180111319646,0.09486178338448382,0.5409293802366694,0.7414945921359518,0.03981773465908234
2021-05-26 14:10:00,0.09762900976290097,0.3227091633466135,0.6399106478034249,0.631851455097304,0.4012773030061117,0.9996659242761693,0.5,0.6585624551609404,0.36760180111319646,0.09486178338448382,0.5409293802366694,0.7414945921359518,0.0
2021-05-26 14:20:00,0.15411436541143653,-0.21912350597609564,0.6464631422189129,0.6436350651669345,0.4012773030061117,0.6536748329621381,0.5,0.6585624551609404,0.36760180111319646,0.09486178338448382,0.5409293802366694,0.7414945921359518,0.0
2021-05-26 14:30:00,0.2719665271966527,-0.7609561752988048,0.652122114668652,0.6464916979110873,0.388661318396566,0.5210467706013363,0.5,0.6585624551609404,0.36760180111319646,0.09486178338448382,0.5409293802366694,0.7414945921359518,0.07242331427191936
2021-05-26 14:40:00,0.2510460251046025,-0.4900398406374503,0.6381236038719285,0.6000714158186038,0.3619635916294775,0.00011135857461024499,0.5,0.6585624551609404,0.36760180111319646,0.09486178338448382,0.5409293802366694,0.7414945921359518,0.12141466873877815
2021-05-26 14:50:00,0.19107391910739194,-0.33864541832669326,0.6154877140729709,0.5547223710051776,0.33072463388779105,0.00011135857461024499,0.5,0.6585624551609404,0.36760180111319646,0.09486178338448382,0.5409293802366694,0.7414945921359518,0.09449733693438146
2021-05-26 15:00:00,0.0794979079497908,0.40239043824701204,0.6160833953834697,0.5393679700053562,0.33072463388779105,0.7688195991091314,0.5,0.6643031555691485,0.3424528816949077,0.09063722448522026,0.5136827271241658,0.7578768056458578,0.0
2021-05-26 15:10:00,0.2175732217573222,0.23107569721115517,0.6381236038719285,0.5672201392608462,0.33838059965188255,0.9590200445434299,0.5,0.6643031555691485,0.3424528816949077,0.09063722448522026,0.5136827271241658,0.7578768056458578,0.0
2021-05-26 15:20:00,0.3437935843793584,0.05976095617529875,0.6485480268056589,0.5815033029816103,0.3839368677284684,0.006347438752783964,0.5,0.6643031555691485,0.3424528816949077,0.09063722448522026,0.5136827271241658,0.7578768056458578,0.22400681986209395
2021-05-26 15:30:00,0.20223152022315202,0.06772908366533859,0.629188384214445,0.562221031958579,0.4174791587598644,0.00011135857461024499,0.5,0.6643031555691485,0.3424528816949077,0.09063722448522026,0.5136827271241658,0.7578768056458578,0.08017864417520407
2021-05-26 15:40:00,0.09762900976290097,0.8964143426294817,0.6274013402829486,0.5661489019817889,0.46643807828715755,0.3299554565701559,0.5,0.6643031555691485,0.3424528816949077,0.09063722448522026,0.5136827271241658,0.7578768056458578,0.007589359808078218
2021-05-26 15:50:00,0.26638772663877264,0.1872509960159363,0.6405063291139239,0.5861453311908589,0.4668176047951212,0.9995545657015591,0.5,0.6643031555691485,0.3424528816949077,0.09063722448522026,0.5136827271241658,0.7578768056458578,0.0
2021-05-26 16:00:00,0.16387726638772665,-0.5219123505976095,0.6598659717051376,0.6225673986788074,0.3778251822381595,0.36904231625835193,0.5,0.7182250953314682,0.31231268336556384,0.05977231538621812,0.4871920575691738,0.7607732266869965,0.0
2021-05-26 16:10:00,0.2315202231520223,-0.23505976095617542,0.669694713328369,0.6379217996786288,0.38604389420371416,0.3069042316258352,0.5,0.7182250953314682,0.31231268336556384,0.05977231538621812,0.4871920575691738,0.7607732266869965,0.05713897732244971
2021-05-26 16:20:00,0.17852161785216178,0.41035856573705165,0.658078927773641,0.6172112122835207,0.4426849537370274,0.00011135857461024499,0.5,0.7182250953314682,0.31231268336556384,0.05977231538621812,0.4871920575691738,0.7607732266869965,0.04770885827662689
2021-05-26 16:30:00,0.09902370990237098,-0.9203187250996016,0.6461653015636633,0.600428494911623,0.38774521992906774,0.39755011135857465,0.5,0.7182250953314682,0.31231268336556384,0.05977231538621812,0.4871920575691738,0.7607732266869965,0.015322057425652942
2021-05-26 16:40:00,0.07880055788005579,-0.3266932270916335,0.6583767684288904,0.6057846813069094,0.38197379958382954,0.9995545657015591,0.5,0.7182250953314682,0.31231268336556384,0.05977231538621812,0.4871920575691738,0.7607732266869965,0.0
2021-05-26 16:50:00,0.2412831241283124,0.2669322709163344,0.6786299329858525,0.6214961613997501,0.3991571894099017,0.48374164810690423,0.5,0.7182250953314682,0.31231268336556384,0.05977231538621812,0.4871920575691738,0.7607732266869965,0.02581589389984459
2021-05-26 17:00:00,0.3528591352859135,-0.49800796812749004,0.6813104988830974,0.6268523477950365,0.3902579471542056,0.00011135857461024499,0.5,0.7214170860539728,0.29426132232972474,0.05752339371841457,0.47480462792963857,0.7535372621964228,0.25923774461728805
2021-05-26 17:10:00,0.22315202231520226,-0.23505976095617542,0.6548026805658969,0.5932869130512408,0.35357474709138736,0.00011135857461024499,0.5,0.7214170860539728,0.29426132232972474,0.05752339371841457,0.47480462792963857,0.7535372621964228,0.11492674683525206
2021-05-26 17:20:00,0.12552301255230125,-0.36254980079681276,0.6485480268056589,0.5854311730048205,0.4018531363285391,0.3534521158129176,0.5,0.7214170860539728,0.29426132232972474,0.05752339371841457,0.47480462792963857,0.7535372621964228,0.01964482399625813
2021-05-26 17:30:00,0.1394700139470014,-0.7848605577689244,0.6619508562918837,0.6022138903767185,0.40634201881927995,0.9957683741648108,0.5,0.7214170860539728,0.29426132232972474,0.05752339371841457,0.47480462792963857,0.7535372621964228,0.0
2021-05-26 17:40:00,0.08368200836820083,-0.3413014608233733,0.6786299329858525,0.6175682913765399,0.3927445001374148,0.9993318485523385,0.5,0.7214170860539728,0.29426132232972474,0.05752339371841457,0.47480462792963857,0.7535372621964228,0.0
2021-05-26 17:50:00,0.28103207810320785,0.10225763612217786,0.6887565152643333,0.6186395286555972,0.35873107275130545,0.5046770601336303,0.5,0.7214170860539728,0.29426132232972474,0.05752339371841457,0.47480462792963857,0.7535372621964228,0.03802223999275767
2021-05-26 18:00:00,0.3633193863319386,0.5458167330677288,0.69054355919583,0.6286377432601322,0.3831385533496486,0.00033407572383073496,0.5,0.6814764278707752,0.2650981158424973,0.06530065029014437,0.5109759445366596,0.7571203069136431,0.36564720793035294
2021-05-26 18:10:00,0.35355648535564854,0.05179282868525892,0.6631422189128813,0.6054276022138905,0.4039078143199277,0.00011135857461024499,0.5,0.6814764278707752,0.2650981158424973,0.06530065029014437,0.5109759445366596,0.7571203069136431,0.24546222671515006
2021-05-26 18:20:00,0.24267782426778242,-0.09960159362549814,0.6536113179448992,0.5982860203535083,0.40852756802031115,0.00011135857461024499,0.5,0.6814764278707752,0.2650981158424973,0.06530065029014437,0.5109759445366596,0.7571203069136431,0.12775925283280776
2021-05-26 18:30:00,0.20781032078103207,-0.043824701195219196,0.6553983618763959,0.5997143367255846,0.39303241679862855,0.4695991091314031,0.5,0.6814764278707752,0.2650981158424973,0.06530065029014437,0.5109759445366596,0.7571203069136431,0.021561024186369328
2021-05-26 18:40:00,0.20641562064156208,0.2589641434262948,0.6619508562918837,0.6086413140510623,0.3943280417740901,0.00011135857461024499,0.5,0.6814764278707752,0.2650981158424973,0.06530065029014437,0.5109759445366596,0.7571203069136431,0.07893386846115545
2021-05-26 18:50:00,0.1394700139470014,-0.7290836653386454,0.6503350707371554,0.6039992858418142,0.39121330698459644,0.00011135857461024499,0.5,0.6814764278707752,0.2650981158424973,0.06530065029014437,0.5109759445366596,0.7571203069136431,0.018807429424989062
2021-05-26 19:00:00,0.14435146443514643,0.13147410358565725,0.6533134772896498,0.6097125513301196,0.38273285259975665,0.00011135857461024499,0.5,0.6799617973713095,0.26750323987735736,0.06341682648416593,0.48294991024831824,0.7662288200959876,0.02718137513767974
2021-05-26 19:10:00,0.198744769874477,-0.42629482071713154,0.6545048399106477,0.6114979467952151,0.3715695384172436,0.00011135857461024499,0.5,0.6799617973713095,0.26750323987735736,0.06341682648416593,0.48294991024831824,0.7662288200959876,0.06525642379709401
2021-05-26 19:20:00,0.15550906555090654,-0.09960159362549814,0.6574832464631419,0.6132833422603108,0.36704139456361,0.5734966592427617,0.5,0.6799617973713095,0.26750323987735736,0.06341682648416593,0.48294991024831824,0.7662288200959876,0.0016898773330114522
2021-05-26 19:30:00,0.24337517433751746,0.22709163346613526,0.6699925539836187,0.6164970540974826,0.41323893156744446,0.4311804008908686,0.5,0.6799617973713095,0.26750323987735736,0.06341682648416593,0.48294991024831824,0.7662288200959876,0.07197066855771989
2021-05-26 19:40:00,0.38633193863319387,-0.02788844621513953,0.6688011913626208,0.6175682913765399,0.40180078784468204,0.00011135857461024499,0.5,0.6799617973713095,0.26750323987735736,0.06341682648416593,0.48294991024831824,0.7662288200959876,0.2979842177527649
2021-05-26 19:50:00,0.30264993026499304,0.03585657370517925,0.6548026805658969,0.5929298339582219,0.38719556084856893,0.00011135857461024499,0.5,0.6799617973713095,0.26750323987735736,0.06341682648416593,0.48294991024831824,0.7662288200959876,0.2102765665313759
2021-05-26 20:00:00,0.2635983263598326,-0.29083665338645437,0.650037230081906,0.5861453311908589,0.4188009579772546,0.00011135857461024499,0.5,0.6869402642832105,0.25494602120072235,0.053947869503701514,0.4445661897102613,0.7827657084955245,0.1445146883534258
2021-05-26 20:10:00,0.1792189679218968,-0.09960159362549814,0.6455696202531644,0.586859489376897,0.41645836332465225,0.00011135857461024499,0.5,0.6869402642832105,0.25494602120072235,0.053947869503701514,0.4445661897102613,0.7827657084955245,0.06601083332075984
2021-05-26 20:20:00,0.12203626220362622,-0.059760956175298974,0.6413998510796721,0.5957864667023745,0.41068694297941394,0.00011135857461024499,0.5,0.6869402642832105,0.25494602120072235,0.053947869503701514,0.4445661897102613,0.7827657084955245,0.029640750184830332
2021-05-26 20:30:00,0.1708507670850767,0.05179282868525892,0.6384214445271779,0.5954293876093555,0.431299158498122,0.00011135857461024499,0.5,0.6869402642832105,0.25494602120072235,0.053947869503701514,0.4445661897102613,0.7827657084955245,0.05692774265582328
2021-05-26 20:40:00,0.25592747559274753,0.29083665338645415,0.6363365599404316,0.5922156757721835,0.42607739723338267,0.00011135857461024499,0.5,0.6869402642832105,0.25494602120072235,0.053947869503701514,0.4445661897102613,0.7827657084955245,0.13604266940265855
2021-05-26 20:50:00,0.2608089260808926,0.03585657370517925,0.6333581533879371,0.5790037493304767,0.42607739723338267,0.00011135857461024499,0.5,0.6869402642832105,0.25494602120072235,0.053947869503701514,0.4445661897102613,0.7827657084955245,0.1315841091177935
2021-05-26 21:00:00,0.1290097629009763,0.05976095617529875,0.6300819061801934,0.5715050883770756,0.42607739723338267,0.00044543429844097997,0.5,0.6855397347028556,0.26157232469461694,0.054021168067138435,0.30521808456519717,0.7868316881755959,0.029256001327760763
2021-05-26 21:10:00,0.12831241283124128,-0.7768924302788845,0.6241250930752047,0.5654347437957508,0.37569198152098526,0.13775055679287304,0.5,0.6855397347028556,0.26157232469461694,0.054021168067138435,0.30521808456519717,0.7868316881755959,0.0
2021-05-26 21:20:00,0.10808926080892609,-0.42629482071713154,0.6166790766939687,0.5443670773076237,0.3497533077698237,0.9996659242761693,0.5,0.6855397347028556,0.26157232469461694,0.054021168067138435,0.30521808456519717,0.7868316881755959,0.0
2021-05-26 21:30:00,0.1631799163179916,-0.07569721115537853,0.6244229337304541,0.5607927155865025,0.34955700095535985,0.9996659242761693,0.5,0.6855397347028556,0.26157232469461694,0.054021168067138435,0.30521808456519717,0.7868316881755959,0.0
2021-05-26 21:40:00,0.2594142259414226,0.4581673306772909,0.6279970215934472,0.5643635065166934,0.3453691222467969,0.13652561247216036,0.5,0.6855397347028556,0.26157232469461694,0.054021168067138435,0.30521808456519717,0.7868316881755959,0.0845466753172292
2021-05-26 21:50:00,0.18549511854951187,-0.23505976095617542,0.6202531645569618,0.580074986609534,0.36608603473321905,0.00011135857461024499,0.5,0.6855397347028556,0.26157232469461694,0.054021168067138435,0.30521808456519717,0.7868316881755959,0.06690858065392218
2021-05-26 22:00:00,0.29707112970711297,-0.33864541832669326,0.596723752792256,0.5475807891447955,0.355930428864954,0.00011135857461024499,0.5,0.5295635448063734,0.2809023956414669,0.1279300878809195,0.26639414886811724,0.8139050331356248,0.1799794800609563
2021-05-26 22:10:00,0.24267782426778242,0.5219123505976095,0.5868950111690245,0.522228173540439,0.34678253131093695,0.00011135857461024499,0.5,0.5295635448063734,0.2809023956414669,0.1279300878809195,0.26639414886811724,0.8139050331356248,0.12056218597703577
2021-05-26 22:20:00,0.14435146443514643,0.21912350597609564,0.5782576321667907,0.5168719871451526,0.3586132886626271,0.00011135857461024499,0.5,0.5295635448063734,0.2809023956414669,0.1279300878809195,0.26639414886811724,0.8139050331356248,0.04275993180137906
2021-05-26 22:30:00,0.13807531380753138,0.6573705179282865,0.5767684288905432,0.5108016425638278,0.3689521142243918,0.00011135857461024499,0.5,0.5295635448063734,0.2809023956414669,0.1279300878809195,0.26639414886811724,0.8139050331356248,0.044049972086847626
2021-05-26 22:40:00,0.1317991631799163,-0.08366533864541836,0.5767684288905432,0.525441885377611,0.40238970828807374,0.00011135857461024499,0.5,0.5295635448063734,0.2809023956414669,0.1279300878809195,0.26639414886811724,0.8139050331356248,0.029037222565897674
2021-05-26 22:50:00,0.12273361227336123,-0.2509960159362551,0.5734921816827996,0.5240135690055348,0.40012563636125686,0.00011135857461024499,0.5,0.5295635448063734,0.2809023956414669,0.1279300878809195,0.26639414886811724,0.8139050331356248,0.019607103520074838
2021-05-26 23:00:00,0.10251046025104603,0.36254980079681287,0.5708116157855547,0.5318693090519551,0.4082396513590975,0.00044543429844097997,0.5,0.41789256502935235,0.29535612789397997,0.15258338757807471,0.2575445421847845,0.8698091135757859,0.016159451996922012
2021-05-26 23:10:00,0.0815899581589958,0.394422310756972,0.5651526433358152,0.5104445634708088,0.43988430985067595,0.2641425389755011,0.5,0.41789256502935235,0.29535612789397997,0.15258338757807471,0.2575445421847845,0.8698091135757859,0.0
2021-05-26 23:20:00,0.055788005578800565,0.593625498007968,0.5654504839910646,0.5000892697732549,0.434885029642329,0.9992204899777284,0.5,0.41789256502935235,0.29535612789397997,0.15258338757807471,0.2575445421847845,0.8698091135757859,0.0
2021-05-26 23:30:00,0.05788005578800558,0.38247011952191245,0.5714072970960533,0.5140153544009998,0.434885029642329,0.9992204899777284,0.5,0.41789256502935235,0.29535612789397997,0.15258338757807471,0.2575445421847845,0.8698091135757859,0.0
2021-05-26 23:40:00,0.056485355648535567,0.17131474103585642,0.5678332092330602,0.5118728798428851,0.434885029642329,0.9992204899777284,0.5,0.41789256502935235,0.29535612789397997,0.15258338757807471,0.2575445421847845,0.8698091135757859,0.0
2021-05-26 23:50:00,0.06764295676429567,-0.11553784860557781,0.5603871928518243,0.5029459025174075,0.434885029642329,0.9992204899777284,0.5,0.41789256502935235,0.29535612789397997,0.15258338757807471,0.2575445421847845,0.8698091135757859,0.0
2021-05-27 00:00:00,0.0815899581589958,-0.40239043824701204,0.5559195830230825,0.49080521335475824,0.434885029642329,0.9992204899777284,0.5,0.3999783204918379,0.29824112733364455,0.1479475704759981,0.27797306783944675,0.9334170839410796,0.0
2021-05-27 00:10:00,0.100418410041841,-0.545816733067729,0.5532390171258375,0.4815211569362612,0.434885029642329,0.9992204899777284,0.5,0.3999783204918379,0.29824112733364455,0.1479475704759981,0.27797306783944675,0.9334170839410796,0.0
2021-05-27 00:20:00,0.039051603905160395,-0.6892430278884463,0.5523454951600892,0.47580789144795577,0.434885029642329,0.9992204899777284,0.5,0.3999783204918379,0.29824112733364455,0.1479475704759981,0.27797306783944675,0.9334170839410796,0.0
2021-05-27 00:30:00,0.0202231520223152,-0.8326693227091634,0.5496649292628444,0.4704517050526693,0.434885029642329,0.9992204899777284,0.5,0.3999783204918379,0.29824112733364455,0.1479475704759981,0.27797306783944675,0.9334170839410796,0.0
2021-05-27 00:40:00,0.04602510460251046,-0.7416050085372796,0.5454951600893521,0.4658096768434208,0.434885029642329,0.9992204899777284,0.5,0.3999783204918379,0.29824112733364455,0.1479475704759981,0.27797306783944675,0.9334170839410796,0.0
2021-05-27 00:50:00,0.1499302649930265,-0.6505406943653957,0.5371556217423676,0.459382253169077,0.434885029642329,0.9992204899777284,0.5,0.3999783204918379,0.29824112733364455,0.1479475704759981,0.27797306783944675,0.9334170839410796,0.0
2021-05-27 01:00:00,0.13528591352859135,-0.5594763801935116,0.535368577810871,0.45831101589001966,0.513132925887634,0.9992204899777284,0.5,0.31239387463841073,0.30424100664641834,0.15341161061926256,0.2997137586906563,0.9861922226390231,0.0
2021-05-27 01:10:00,0.12831241283124128,-0.4684120660216279,0.5311988086373787,0.4611676486341725,0.5356427739461596,0.9992204899777284,0.5,0.31239387463841073,0.30424100664641834,0.15341161061926256,0.2997137586906563,0.9861922226390231,0.0
2021-05-27 01:20:00,0.15829846582984658,-0.377347751849744,0.5261355174981384,0.4540260667737903,0.5356427739461596,0.9992204899777284,0.5,0.31239387463841073,0.30424100664641834,0.15341161061926256,0.2997137586906563,0.9861922226390231,0.0
2021-05-27 01:30:00,0.17852161785216178,-0.28628343767786013,0.5261355174981384,0.44866988037850386,0.564709269607779,0.6706013363028953,0.5,0.31239387463841073,0.30424100664641834,0.15341161061926256,0.2997137586906563,0.9861922226390231,0.0
2021-05-27 01:40:00,0.20432357043235705,-0.19521912350597614,0.5332836932241249,0.45688269951794314,0.5852429624007015,0.20345211581291758,0.5,0.31239387463841073,0.30424100664641834,0.15341161061926256,0.2997137586906563,0.9861922226390231,0.013315328092701842
2021-05-27 01:50:00,0.2733612273361227,-0.15537848605577698,0.5443037974683544,0.4672379932154971,0.5852429624007015,0.00011135857461024499,0.5,0.31239387463841073,0.30424100664641834,0.15341161061926256,0.2997137586906563,0.9861922226390231,0.15748298806524133
2021-05-27 02:00:00,0.29776847977684795,-0.2749003984063746,0.5389426656738645,0.46652383502945916,0.5852429624007015,0.00011135857461024499,0.5,0.288844759045608,0.3033329789343311,0.13286125507684493,0.3377544889489339,0.032429651128520524,0.1820767385367473
2021-05-27 02:10:00,0.3577405857740586,-0.2509960159362551,0.5234549516008933,0.43617211212283524,0.582690973812671,0.00011135857461024499,0.5,0.288844759045608,0.3033329789343311,0.13286125507684493,0.3377544889489339,0.032429651128520524,0.2749445509000106
2021-05-27 02:20:00,0.4065550906555091,-0.01195219123505975,0.5100521221146683,0.42046063202999484,0.5732551595974401,0.00011135857461024499,0.5,0.288844759045608,0.3033329789343311,0.13286125507684493,0.3377544889489339,0.032429651128520524,0.37128264707213665
2021-05-27 02:30:00,0.42747559274755925,-0.06772908366533881,0.49873417721518964,0.40867702196036415,0.5732551595974401,0.00011135857461024499,0.5,0.288844759045608,0.3033329789343311,0.13286125507684493,0.3377544889489339,0.032429651128520524,0.40070461849510386
2021-05-27 02:40:00,0.5013947001394701,0.2749003984063745,0.4933730454206997,0.40403499375111585,0.5732551595974401,0.00011135857461024499,0.5,0.288844759045608,0.3033329789343311,0.13286125507684493,0.3377544889489339,0.032429651128520524,0.5552303212275752
2021-05-27 02:50:00,0.4504881450488145,0.38645418326693215,0.4933730454206997,0.40403499375111585,0.575218227742079,0.00011135857461024499,0.5,0.288844759045608,0.3033329789343311,0.13286125507684493,0.3377544889489339,0.032429651128520524,0.4619324954358224
2021-05-27 03:00:00,0.42329149232914925,-0.2828685258964144,0.4933730454206997,0.41010533833244045,0.5843922995380245,0.00011135857461024499,0.5,0.27699694118816387,0.3021720827454632,0.13991922193955356,0.37836177881935323,0.06255176261922166,0.3899241064019192
2021-05-27 03:10:00,0.402370990237099,-0.3227091633466136,0.4886075949367086,0.4158186038207463,0.5843922995380245,0.00011135857461024499,0.5,0.27699694118816387,0.3021720827454632,0.13991922193955356,0.37836177881935323,0.06255176261922166,0.3576052024080752
2021-05-27 03:20:00,0.39400278940027894,-0.4581673306772909,0.4859270290394637,0.41867523656489913,0.5843922995380245,0.00011135857461024499,0.5,0.27699694118816387,0.3021720827454632,0.13991922193955356,0.37836177881935323,0.06255176261922166,0.32677248517585283
2021-05-27 03:30:00,0.3856345885634589,-0.0916334661354582,0.4844378257632167,0.417961078378861,0.5736346861054037,0.00011135857461024499,0.5,0.27699694118816387,0.3021720827454632,0.13991922193955356,0.37836177881935323,0.06255176261922166,0.32437346289059554
2021-05-27 03:40:00,0.37447698744769875,-0.01195219123505975,0.47997021593447475,0.414747366541689,0.5732682467184044,0.00011135857461024499,0.5,0.27699694118816387,0.3021720827454632,0.13991922193955356,0.37836177881935323,0.06255176261922166,0.2986405540383542
2021-05-27 03:50:00,0.33333333333333337,-0.043824701195219196,0.4769918093819807,0.4122478128905551,0.5732682467184044,0.00011135857461024499,0.5,0.27699694118816387,0.3021720827454632,0.13991922193955356,0.37836177881935323,0.06255176261922166,0.23719389833577262
2021-05-27 04:00:00,0.298465829846583,-0.01195219123505975,0.47520476545048385,0.40760578468130704,0.5732682467184044,0.00011135857461024499,0.5,0.2030599124881638,0.29494809012462525,0.19462315724811832,0.40095341790462025,0.08521954732494753,0.18493595063144078
2021-05-27 04:10:00,0.3270571827057183,0.6015936254980081,0.4701414743112433,0.39903588644884835,0.5732682467184044,0.00011135857461024499,0.5,0.2030599124881638,0.29494809012462525,0.19462315724811832,0.40095341790462025,0.08521954732494753,0.2184241893869668
2021-05-27 04:20:00,0.34658298465829845,-0.0916334661354582,0.4662695457930006,0.3965363327977147,0.5868134169164125,0.00011135857461024499,0.5,0.2030599124881638,0.29494809012462525,0.19462315724811832,0.40095341790462025,0.08521954732494753,0.23981924347812966
2021-05-27 04:30:00,0.3319386331938633,0.027888446215139417,0.46358897989575576,0.39582217461167657,0.5871275078195548,0.00011135857461024499,0.5,0.2030599124881638,0.29494809012462525,0.19462315724811832,0.40095341790462025,0.08521954732494753,0.22998928738476396
2021-05-27 04:40:00,0.34658298465829845,0.06772908366533859,0.4615040953090095,0.3890376718443136,0.5871275078195548,0.00011135857461024499,0.5,0.2030599124881638,0.29494809012462525,0.19462315724811832,0.40095341790462025,0.08521954732494753,0.2571404861414971
2021-05-27 04:50:00,0.33054393305439334,0.15537848605577675,0.4606105733432613,0.38510980182110344,0.5871275078195548,0.00011135857461024499,0.5,0.2030599124881638,0.29494809012462525,0.19462315724811832,0.40095341790462025,0.08521954732494753,0.2178508381489808
2021-05-27 05:00:00,0.33891213389121344,-0.043824701195219196,0.45644080416976895,0.38296732726298877,0.5871275078195548,0.00011135857461024499,0.5,0.19414349766511685,0.2885459200533339,0.21193480688808666,0.41712826016385796,0.09857944409627203,0.23087949062268964
2021-05-27 05:10:00,0.3207810320781032,0.043824701195219085,0.4549516008935217,0.379753615425817,0.5871275078195548,0.00011135857461024499,0.5,0.19414349766511685,0.2885459200533339,0.21193480688808666,0.41712826016385796,0.09857944409627203,0.21146098948353126
2021-05-27 05:20:00,0.2698744769874477,0.4501992031872508,0.4498883097542814,0.37225495447241563,0.5915640418264385,0.00011135857461024499,0.5,0.19414349766511685,0.2885459200533339,0.21193480688808666,0.41712826016385796,0.09857944409627203,0.1418742550205954
2021-05-27 05:30:00,0.18898186889818688,0.05179282868525892,0.4224869694713327,0.36404213533297636,0.6067843635078719,0.00011135857461024499,0.5,0.19414349766511685,0.2885459200533339,0.21193480688808666,0.41712826016385796,0.09857944409627203,0.06899075093923986
2021-05-27 05:40:00,0.19456066945606695,0.784860557768924,0.403127326880119,0.3472594179610784,0.6010652916464907,0.00011135857461024499,0.5,0.19414349766511685,0.2885459200533339,0.21193480688808666,0.41712826016385796,0.09857944409627203,0.06590521598744663
2021-05-27 05:50:00,0.19525801952580193,0.7450199203187249,0.3834698436336559,0.3361899660774863,0.6140346285220715,0.00011135857461024499,0.5,0.19414349766511685,0.2885459200533339,0.21193480688808666,0.41712826016385796,0.09857944409627203,0.07796068017562655
2021-05-27 06:00:00,0.18967921896792192,0.11553784860557759,0.35547282204020836,0.31297982503124455,0.6457839839813639,0.00011135857461024499,0.5,0.3046988833052111,0.32668883097178986,0.25832354011263886,0.4609308076288076,0.1369598955310155,0.09627774341023282
2021-05-27 06:10:00,0.25383542538354253,-0.08366533864541836,0.33611317944899466,0.283699339403678,0.6503121278349975,0.00011135857461024499,0.5,0.3046988833052111,0.32668883097178986,0.25832354011263886,0.4609308076288076,0.1369598955310155,0.164068983206844
2021-05-27 06:20:00,0.3723849372384937,-0.21912350597609564,0.33134772896500375,0.26691662203178,0.6471057831987541,0.00011135857461024499,0.5,0.3046988833052111,0.32668883097178986,0.25832354011263886,0.4609308076288076,0.1369598955310155,0.2888181420402251
2021-05-27 06:30:00,0.31241283124128316,-0.059760956175298974,0.3569620253164556,0.2737011247991432,0.6351179803954927,0.00011135857461024499,0.5,0.3046988833052111,0.32668883097178986,0.25832354011263886,0.4609308076288076,0.1369598955310155,0.21478039138766086
2021-05-27 06:40:00,0.34449093444909346,0.3227091633466135,0.3831720029784065,0.2897696839850026,0.624779154833728,0.00011135857461024499,0.5,0.3046988833052111,0.32668883097178986,0.25832354011263886,0.4609308076288076,0.1369598955310155,0.2623383677595546
2021-05-27 06:50:00,0.34797768479776847,0.06772908366533859,0.39806403574087845,0.30048205677557593,0.633508264516889,0.00011135857461024499,0.5,0.3046988833052111,0.32668883097178986,0.25832354011263886,0.4609308076288076,0.1369598955310155,0.26779274861565855
2021-05-27 07:00:00,0.36750348675034866,-0.2509960159362551,0.40580789277736407,0.3136939832172827,0.6345421470730654,0.00011135857461024499,0.5,0.31265446232651795,0.3308094377411971,0.26345976574641466,0.4516381198494312,0.15559363859656364,0.2982935256574679
2021-05-27 07:10:00,0.2622036262203626,0.25099601593625476,0.4117647058823528,0.32404927691483665,0.6247529805917996,0.00011135857461024499,0.5,0.31265446232651795,0.3308094377411971,0.26345976574641466,0.4516381198494312,0.15559363859656364,0.139520497306758
2021-05-27 07:20:00,0.20781032078103207,-0.13147410358565736,0.4111690245718538,0.32547759328691295,0.6239023177291227,0.00011135857461024499,0.5,0.31265446232651795,0.3308094377411971,0.26345976574641466,0.4516381198494312,0.15559363859656364,0.09310922341083634
2021-05-27 07:30:00,0.25313807531380755,0.09163346613545809,0.40967982129560676,0.3311908587752188,0.6016280378479538,0.00011135857461024499,0.5,0.31265446232651795,0.3308094377411971,0.26345976574641466,0.4516381198494312,0.15559363859656364,0.12818172216606064
2021-05-27 07:40:00,0.2608089260808926,-0.09960159362549814,0.41653015636634394,0.3329762542403143,0.6098598369344728,0.00011135857461024499,0.5,0.31265446232651795,0.3308094377411971,0.26345976574641466,0.4516381198494312,0.15559363859656364,0.14215338654435175
2021-05-27 07:50:00,0.3179916317991632,0.17131474103585642,0.4192107222635888,0.3329762542403143,0.6098598369344728,0.00011135857461024499,0.5,0.31265446232651795,0.3308094377411971,0.26345976574641466,0.4516381198494312,0.15559363859656364,0.21232856043574694
2021-05-27 08:00:00,0.3410041841004184,0.40239043824701204,0.42457185405807873,0.3329762542403143,0.6098598369344728,0.00011135857461024499,0.5,0.34400443195853003,0.34192990370883486,0.2460413386143807,0.4330267971637089,0.18289396071336164,0.2366507234787332
2021-05-27 08:10:00,0.27475592747559274,0.17131474103585642,0.4278481012658226,0.3329762542403143,0.6098598369344728,0.00011135857461024499,0.5,0.34400443195853003,0.34192990370883486,0.2460413386143807,0.4330267971637089,0.18289396071336164,0.16446127615915024
2021-05-27 08:20:00,0.2391910739191074,0.043824701195219085,0.4278481012658226,0.3344045706123906,0.6098598369344728,0.00011135857461024499,0.5,0.34400443195853003,0.34192990370883486,0.2460413386143807,0.4330267971637089,0.18289396071336164,0.12342894216696593
2021-05-27 08:30:00,0.2503486750348675,-0.3944223107569722,0.4278481012658226,0.3390465988216391,0.6059598748871236,0.00011135857461024499,0.5,0.34400443195853003,0.34192990370883486,0.2460413386143807,0.4330267971637089,0.18289396071336164,0.1297961585467055
2021-05-27 08:40:00,0.24546722454672246,0.4262948207171313,0.43231571109456435,0.34333154793786824,0.5960005758333223,0.00011135857461024499,0.5,0.34400443195853003,0.34192990370883486,0.2460413386143807,0.4330267971637089,0.18289396071336164,0.12727643073766165
2021-05-27 08:50:00,0.25313807531380755,0.20318725099601576,0.4412509307520476,0.3454740224959829,0.6026880946460588,0.00011135857461024499,0.5,0.34400443195853003,0.34192990370883486,0.2460413386143807,0.4330267971637089,0.18289396071336164,0.13652549149780466
2021-05-27 09:00:00,0.3054393305439331,-0.33864541832669326,0.45465376023827253,0.3561863952865558,0.6098598369344728,0.00011135857461024499,0.5,0.36203264400279767,0.34292988359429577,0.24683113697611977,0.4943580121405674,0.2232117372246036,0.19537697843897583
2021-05-27 09:10:00,0.3319386331938633,-0.26693227091633476,0.4653760238272524,0.3665416889841102,0.6098598369344728,0.00011135857461024499,0.5,0.36203264400279767,0.34292988359429577,0.24683113697611977,0.4943580121405674,0.2232117372246036,0.23133213633688912
2021-05-27 09:20:00,0.3354253835425383,0.03585657370517925,0.47580044676098265,0.37653990358864475,0.6131577914174661,0.00011135857461024499,0.5,0.36203264400279767,0.34292988359429577,0.24683113697611977,0.4943580121405674,0.2232117372246036,0.2537833637611841
2021-05-27 09:30:00,0.3451882845188285,0.027888446215139417,0.48384214445271767,0.3854668809141224,0.6207352344557722,0.00512249443207127,0.5,0.36203264400279767,0.34292988359429577,0.24683113697611977,0.4943580121405674,0.2232117372246036,0.25298368966609835
2021-05-27 09:40:00,0.4588563458856346,-0.07569721115537853,0.489501116902457,0.397964649169791,0.628613681276256,0.03763919821826281,0.5,0.36203264400279767,0.34292988359429577,0.24683113697611977,0.4943580121405674,0.2232117372246036,0.35584742821793386
2021-05-27 09:50:00,0.4588563458856346,-0.06772908366533881,0.4951600893521966,0.4161756829137653,0.6306814463886089,0.04064587973273942,0.5,0.36203264400279767,0.34292988359429577,0.24683113697611977,0.4943580121405674,0.2232117372246036,0.3661602064064457
2021-05-27 10:00:00,0.5383542538354253,-0.17131474103585675,0.49962769918093786,0.42795929298339574,0.6258522987527974,0.04732739420935412,0.5,0.6029549836686596,0.34256494840620927,0.1428930131378164,0.6092814718941624,0.2675964470722614,0.4747348250524315
2021-05-27 10:10:00,0.5481171548117155,0.003984063745019917,0.5023082650781829,0.4308159257275488,0.6259046472366544,0.01648106904231626,0.5,0.6029549836686596,0.34256494840620927,0.1428930131378164,0.6092814718941624,0.2675964470722614,0.6535223380659958
2021-05-27 10:20:00,0.5474198047419805,0.07569721115537842,0.5052866716306774,0.4251026602392429,0.6297260865582182,0.00011135857461024499,0.5,0.6029549836686596,0.34256494840620927,0.1428930131378164,0.6092814718941624,0.2675964470722614,0.6994206134858246
2021-05-27 10:30:00,0.5083682008368201,-0.043824701195219196,0.5121370067014146,0.44188537761114066,0.6305505751789664,0.00011135857461024499,0.5,0.6029549836686596,0.34256494840620927,0.1428930131378164,0.6092814718941624,0.2675964470722614,0.5886883836021546
2021-05-27 10:40:00,0.5209205020920502,0.01195219123505975,0.5222635889798957,0.4608105695411533,0.6414521469421942,0.00011135857461024499,0.5,0.6029549836686596,0.34256494840620927,0.1428930131378164,0.6092814718941624,0.2675964470722614,0.6111546992169229
2021-05-27 10:50:00,0.5313807531380753,-0.10756972111553798,0.5317944899478777,0.4790216032851278,0.6383243250317363,0.00011135857461024499,0.5,0.6029549836686596,0.34256494840620927,0.1428930131378164,0.6092814718941624,0.2675964470722614,0.6659323747302986
2021-05-27 11:00:00,0.5223152022315203,-0.14741035856573714,0.5392405063291137,0.4861631851455097,0.650586957375247,0.00022271714922048998,0.5,0.6168059547271834,0.3360277235802719,0.1345384986754899,0.6876344722851356,0.2841761594210594,0.6382832656879461
2021-05-27 11:10:00,0.5474198047419805,-0.02788844621513953,0.5472822040208485,0.5104445634708088,0.6401696090876967,0.00022271714922048998,0.5,0.6168059547271834,0.3360277235802719,0.1345384986754899,0.6876344722851356,0.2841761594210594,0.6713942996816392
2021-05-27 11:20:00,0.5104602510460251,-0.07569721115537853,0.5568131049888307,0.5265131226566686,0.6414914083050869,0.00022271714922048998,0.5,0.6168059547271834,0.3360277235802719,0.1345384986754899,0.6876344722851356,0.2841761594210594,0.593162032077493
2021-05-27 11:30:00,0.5488145048814504,-0.11553784860557781,0.5645569620253164,0.5397250490983752,0.6566070330188062,0.00033407572383073496,0.5,0.6168059547271834,0.3360277235802719,0.1345384986754899,0.6876344722851356,0.2841761594210594,0.6484753383526715
2021-05-27 11:40:00,0.50697350069735,0.019920318725099362,0.5725986597170512,0.552222817354044,0.6503252149559617,0.00022271714922048998,0.5,0.6168059547271834,0.3360277235802719,0.1345384986754899,0.6876344722851356,0.2841761594210594,0.5624198439881105
2021-05-27 11:50:00,0.47489539748953974,-0.1394422310756973,0.5791511541325389,0.56579182288877,0.6453521089895434,0.00011135857461024499,0.5,0.6168059547271834,0.3360277235802719,0.1345384986754899,0.6876344722851356,0.2841761594210594,0.5514884499901926
2021-05-27 12:00:00,0.46443514644351463,0.08366533864541825,0.58391660461653,0.5743617211212282,0.6504560861656044,0.00011135857461024499,0.5,0.6205272256266459,0.3284129342225865,0.12972742445460733,0.6733239537006793,0.2929594655086968,0.5005884394284593
2021-05-27 12:10:00,0.4504881450488145,-0.01195219123505975,0.5889798957557706,0.5793608284234957,0.6736988129981285,0.00011135857461024499,0.5,0.6205272256266459,0.3284129342225865,0.12972742445460733,0.6733239537006793,0.2929594655086968,0.47786562457564463
2021-05-27 12:20:00,0.4386331938633194,-0.17131474103585675,0.5964259121370066,0.5950723085163365,0.6530211618745992,0.00022271714922048998,0.5,0.6205272256266459,0.3284129342225865,0.12972742445460733,0.6733239537006793,0.2929594655086968,0.42525310439518993
2021-05-27 12:30:00,0.48535564853556484,-0.11553784860557781,0.6032762472077438,0.6011426530976611,0.6386384159348785,0.00022271714922048998,0.5,0.6205272256266459,0.3284129342225865,0.12972742445460733,0.6733239537006793,0.2929594655086968,0.5751090121761697
2021-05-27 12:40:00,0.37308228730822873,0.1394422310756971,0.6071481757259864,0.6082842349580433,0.6240986245435867,0.00033407572383073496,0.5,0.6205272256266459,0.3284129342225865,0.12972742445460733,0.6733239537006793,0.2929594655086968,0.3046758302276808
2021-05-27 12:50:00,0.45536959553695955,-0.059760956175298974,0.6139985107967236,0.6186395286555972,0.6342542304118517,0.0008908685968819599,0.5,0.6205272256266459,0.3284129342225865,0.12972742445460733,0.6733239537006793,0.2929594655086968,0.510818232569368
2021-05-27 13:00:00,0.3716875871687587,-0.059760956175298974,0.6148920327624718,0.6186395286555972,0.653963434584026,0.00011135857461024499,0.5,0.7234527918703844,0.3175597042588244,0.0757760041554452,0.6033573269297424,0.29810528510591344,0.32858306803265086
2021-05-27 13:10:00,0.39400278940027894,-0.08366533864541836,0.622338049143708,0.6264952687020175,0.6452474120218292,0.00011135857461024499,0.5,0.7234527918703844,0.3175597042588244,0.0757760041554452,0.6033573269297424,0.29810528510591344,0.3787437572611917
2021-05-27 13:20:00,0.24616457461645744,0.12350597609561742,0.6282948622486968,0.6397071951437245,0.6617764457996884,0.00011135857461024499,0.5,0.7234527918703844,0.3175597042588244,0.0757760041554452,0.6033573269297424,0.29810528510591344,0.14670247597205668
2021-05-27 13:30:00,0.27615062761506276,-0.5458167330677292,0.6381236038719285,0.6579182288876986,0.627448927510437,0.00011135857461024499,0.5,0.7234527918703844,0.3175597042588244,0.0757760041554452,0.6033573269297424,0.29810528510591344,0.17242784072906137
2021-05-27 13:40:00,0.2719665271966527,0.4422310756972112,0.6396128071481755,0.6511337261203356,0.640483699990839,0.00011135857461024499,0.5,0.7234527918703844,0.3175597042588244,0.0757760041554452,0.6033573269297424,0.29810528510591344,0.16019886235043831
2021-05-27 13:50:00,0.44421199442119946,-0.2509960159362551,0.6419955323901709,0.64542046063203,0.6642106502990407,0.00011135857461024499,0.5,0.7234527918703844,0.3175597042588244,0.0757760041554452,0.6033573269297424,0.29810528510591344,0.43772349382138603
2021-05-27 14:00:00,0.3612273361227336,-0.2749003984063746,0.6419955323901709,0.6389930369576862,0.6420803287484786,0.00011135857461024499,0.5,0.7233387910105418,0.2981405546440173,0.07220073356897934,0.5307142675731239,0.2941595731059186,0.3164295306063944
2021-05-27 14:10:00,0.3103207810320781,-0.2270916334661356,0.6470588235294115,0.6389930369576862,0.6231432647131957,0.00011135857461024499,0.5,0.7233387910105418,0.2981405546440173,0.07220073356897934,0.5307142675731239,0.2941595731059186,0.1990660410097017
2021-05-27 14:20:00,0.3521617852161785,0.05976095617529875,0.6533134772896498,0.6404213533297625,0.6251194199787988,0.00011135857461024499,0.5,0.7233387910105418,0.2981405546440173,0.07220073356897934,0.5307142675731239,0.2941595731059186,0.25090151938078065
2021-05-27 14:30:00,0.4435146443514645,0.33864541832669315,0.6545048399106477,0.6429209069808963,0.6456661998926856,0.00011135857461024499,0.5,0.7233387910105418,0.2981405546440173,0.07220073356897934,0.5307142675731239,0.2941595731059186,0.44339665343935303
2021-05-27 14:40:00,0.397489539748954,-0.17131474103585675,0.6556962025316453,0.6372076414925907,0.6493829422465353,0.00022271714922048998,0.5,0.7233387910105418,0.2981405546440173,0.07220073356897934,0.5307142675731239,0.2941595731059186,0.3503251505047
2021-05-27 14:50:00,0.32566248256624825,0.24302788844621515,0.6568875651526431,0.6382788787716478,0.6610566541466543,0.00044543429844097997,0.5,0.7233387910105418,0.2981405546440173,0.07220073356897934,0.5307142675731239,0.2941595731059186,0.21459178900674442
2021-05-27 15:00:00,0.401673640167364,0.05179282868525892,0.6640357408786297,0.6429209069808963,0.6519741921974586,0.03329621380846325,0.5,0.7258305002663243,0.28042252023666236,0.0714295768834085,0.47710942894695585,0.2879060561004444,0.26595198937791387
2021-05-27 15:10:00,0.303347280334728,-0.01195219123505975,0.6646314221891287,0.6404213533297625,0.6445537946107236,0.009465478841870824,0.5,0.7258305002663243,0.28042252023666236,0.0714295768834085,0.47710942894695585,0.2879060561004444,0.1849812152028607
2021-05-27 15:20:00,0.41562064156206413,-0.19521912350597614,0.6705882352941175,0.6511337261203356,0.6413212757325515,0.0024498886414253897,0.5,0.7258305002663243,0.28042252023666236,0.0714295768834085,0.47710942894695585,0.2879060561004444,0.4290553283944657
2021-05-27 15:30:00,0.2649930264993026,0.5617529880478087,0.6714817572598657,0.6511337261203356,0.6282865032521496,0.00011135857461024499,0.5,0.7258305002663243,0.28042252023666236,0.0714295768834085,0.47710942894695585,0.2879060561004444,0.14875446987642774
2021-05-27 15:40:00,0.38772663877266383,-0.31474103585657376,0.6783320923306031,0.6589894661667561,0.6613707450497965,0.00011135857461024499,0.5,0.7258305002663243,0.28042252023666236,0.0714295768834085,0.47710942894695585,0.2879060561004444,0.26019584471234364
2021-05-27 15:50:00,0.3821478382147839,0.05179282868525892,0.6789277736411017,0.6575611497946796,0.6537278664066691,0.0012249443207126948,0.5,0.7258305002663243,0.28042252023666236,0.0714295768834085,0.47710942894695585,0.2879060561004444,0.33449009460295426
2021-05-27 16:00:00,0.2594142259414226,-0.23505976095617542,0.6786299329858525,0.6507766470273164,0.6558479800028791,0.00022271714922048998,0.5,0.7508209029148265,0.263894117072357,0.06903786251243889,0.44181835280095433,0.28908468809037174,0.17064743425321
2021-05-27 16:10:00,0.3242677824267783,0.3545816733067728,0.6804169769173491,0.6564899125156223,0.65751004436534,0.00022271714922048998,0.5,0.7508209029148265,0.263894117072357,0.06903786251243889,0.44181835280095433,0.28908468809037174,0.22909154005160162
2021-05-27 16:20:00,0.41352859135285913,0.06772908366533859,0.6801191362620995,0.6532762006784503,0.6789598356257606,0.00044543429844097997,0.5,0.7508209029148265,0.263894117072357,0.06903786251243889,0.44181835280095433,0.28908468809037174,0.3743153733572733
2021-05-27 16:30:00,0.4107391910739191,-0.0916334661354582,0.681012658227848,0.6507766470273164,0.6456400256507571,0.00011135857461024499,0.5,0.7508209029148265,0.263894117072357,0.06903786251243889,0.44181835280095433,0.28908468809037174,0.35685079288440935
2021-05-27 16:40:00,0.3096234309623431,0.5139442231075697,0.6842889054355916,0.6543474379575076,0.6540026959469186,0.00011135857461024499,0.5,0.7508209029148265,0.263894117072357,0.06903786251243889,0.44181835280095433,0.28908468809037174,0.1985454984383723
2021-05-27 16:50:00,0.3647140864714087,-0.298804780876494,0.6869694713328367,0.6575611497946796,0.6711206501681696,0.00011135857461024499,0.5,0.7508209029148265,0.263894117072357,0.06903786251243889,0.44181835280095433,0.28908468809037174,0.3294883594610498
2021-05-27 17:00:00,0.39609483960948394,0.14741035856573692,0.6899478778853312,0.6614890198178898,0.6340971849602806,0.08173719376391982,0.5,0.7521481891106832,0.2554144025838568,0.06926485979367089,0.4377369691775798,0.29693763489115743,0.28593629765982165
2021-05-27 17:10:00,0.28103207810320785,-0.09960159362549814,0.6956068503350705,0.6772004999107302,0.6432974309981546,0.43942093541202676,0.5,0.7521481891106832,0.2554144025838568,0.06926485979367089,0.4377369691775798,0.29693763489115743,0.05059070265703035
2021-05-27 17:20:00,0.4065550906555091,0.17131474103585642,0.6982874162323154,0.676486341724692,0.6390964651686276,0.003006681514476615,0.5,0.7521481891106832,0.2554144025838568,0.06926485979367089,0.4377369691775798,0.29693763489115743,0.39638185192449865
2021-05-27 17:30:00,0.4476987447698745,-0.05179282868525903,0.6917349218168278,0.660060703445813,0.6716441350067399,0.00044543429844097997,0.5,0.7521481891106832,0.2554144025838568,0.06926485979367089,0.4377369691775798,0.29693763489115743,0.4067549828749038
2021-05-27 17:40:00,0.303347280334728,0.13147410358565725,0.684586746090841,0.6561328334226031,0.6424075067725851,0.00011135857461024499,0.5,0.7521481891106832,0.2554144025838568,0.06926485979367089,0.4377369691775798,0.29693763489115743,0.20200069405676177
2021-05-27 17:50:00,0.4700139470013947,0.1394422310756971,0.6863737900223379,0.6589894661667561,0.6738689455706639,0.00022271714922048998,0.5,0.7521481891106832,0.2554144025838568,0.06926485979367089,0.4377369691775798,0.29693763489115743,0.48969476590672484
2021-05-27 18:00:00,0.27266387726638774,0.394422310756972,0.681012658227848,0.6575611497946796,0.6960385284841188,0.00011135857461024499,0.5,0.6838297218052161,0.2496932532966288,0.11738232315104691,0.49168454494082503,0.30569439837749085,0.15507642168474736
2021-05-27 18:10:00,0.36959553695955366,-0.5458167330677292,0.6899478778853312,0.6693447598643101,0.6729659342241301,0.37316258351893095,0.5,0.6838297218052161,0.2496932532966288,0.11738232315104691,0.49168454494082503,0.30569439837749085,0.12604674321408635
2021-05-27 18:20:00,0.4511854951185495,-0.05179282868525903,0.6881608339538345,0.6622031780039279,0.6766826765779796,0.00022271714922048998,0.5,0.6838297218052161,0.2496932532966288,0.11738232315104691,0.49168454494082503,0.30569439837749085,0.4389909018211446
2021-05-27 18:30:00,0.3437935843793584,-0.05179282868525903,0.6860759493670885,0.6514908052133548,0.6694193244428158,0.00011135857461024499,0.5,0.6838297218052161,0.2496932532966288,0.11738232315104691,0.49168454494082503,0.30569439837749085,0.24089050500173514
2021-05-27 18:40:00,0.402370990237099,-0.03585657370517936,0.6872673119880861,0.6568469916086412,0.6812108204316132,0.00011135857461024499,0.5,0.6838297218052161,0.2496932532966288,0.11738232315104691,0.49168454494082503,0.30569439837749085,0.3639497865021048
2021-05-27 18:50:00,0.37377963737796377,0.13147410358565725,0.68518242740134,0.6575611497946796,0.6672337752417846,0.00011135857461024499,0.5,0.6838297218052161,0.2496932532966288,0.11738232315104691,0.49168454494082503,0.30569439837749085,0.31142779546448995
2021-05-27 19:00:00,0.44979079497907953,0.15537848605577675,0.6786299329858525,0.6511337261203356,0.6609912185418331,0.00011135857461024499,0.5,0.6767291825858184,0.2462680348383799,0.11836437172415341,0.4894931699356885,0.31573305910830296,0.41255639211189404
2021-05-27 19:10:00,0.38284518828451886,-0.07569721115537853,0.6726731198808635,0.6468487770041065,0.6680713509834971,0.00022271714922048998,0.5,0.6767291825858184,0.2462680348383799,0.11836437172415341,0.4894931699356885,0.31573305910830296,0.3090438613697059
2021-05-27 19:20:00,0.4916317991631799,0.1633466135458166,0.6717795979151151,0.6414925906088198,0.6768789833924436,0.00022271714922048998,0.5,0.6767291825858184,0.2462680348383799,0.11836437172415341,0.4894931699356885,0.31573305910830296,0.5209197760912534
2021-05-27 19:30:00,0.4700139470013947,0.09163346613545809,0.6664184661206252,0.6389930369576862,0.6768658962714793,0.00044543429844097997,0.5,0.6767291825858184,0.2462680348383799,0.11836437172415341,0.4894931699356885,0.31573305910830296,0.501191967047392
2021-05-27 19:40:00,0.47629009762900976,-0.019920318725099695,0.6634400595681309,0.6361364042135333,0.6939445891298374,0.00011135857461024499,0.5,0.6767291825858184,0.2462680348383799,0.11836437172415341,0.4894931699356885,0.31573305910830296,0.5216741856149192
2021-05-27 19:50:00,0.5062761506276151,-0.05179282868525903,0.658078927773641,0.635422246027495,0.6916674300820562,0.00011135857461024499,0.5,0.6767291825858184,0.2462680348383799,0.11836437172415341,0.4894931699356885,0.31573305910830296,0.5601641595123497
2021-05-27 20:00:00,0.5251046025104603,-0.10756972111553798,0.6530156366344004,0.6300660596322085,0.69398385049273,0.00011135857461024499,0.5,0.6753204481454516,0.2535408770513232,0.11625380426519014,0.5025097134349085,0.32888891704780926,0.6196795268343468
2021-05-27 20:10:00,0.45188284518828453,0.11553784860557759,0.6473566641846609,0.6293519014461701,0.6863278847286386,0.00011135857461024499,0.5,0.6753204481454516,0.2535408770513232,0.11625380426519014,0.5025097134349085,0.32888891704780926,0.4838556361935513
2021-05-27 20:20:00,0.4714086471408647,-0.23505976095617542,0.6443782576321666,0.6329226923763613,0.6869560665349229,0.00011135857461024499,0.5,0.6753204481454516,0.2535408770513232,0.11625380426519014,0.5025097134349085,0.32888891704780926,0.5195618389486549
2021-05-27 20:30:00,0.47419804741980476,-0.21115537848605592,0.6393149664929261,0.6339939296554187,0.6847705173338917,0.00011135857461024499,0.5,0.6753204481454516,0.2535408770513232,0.11625380426519014,0.5025097134349085,0.32888891704780926,0.5073856692366884
2021-05-27 20:40:00,0.45397489539748953,-0.12350597609561753,0.6360387192851822,0.6289948223531512,0.6847705173338917,0.00011135857461024499,0.5,0.6753204481454516,0.2535408770513232,0.11625380426519014,0.5025097134349085,0.32888891704780926,0.4815999517177905
2021-05-27 20:50:00,0.37308228730822873,-0.19521912350597614,0.6309754281459417,0.6329226923763613,0.6847705173338917,0.00011135857461024499,0.5,0.6753204481454516,0.2535408770513232,0.11625380426519014,0.5025097134349085,0.32888891704780926,0.2901609909923503
2021-05-27 21:00:00,0.3856345885634589,-0.3067729083665339,0.6279970215934472,0.6336368505623997,0.6847705173338917,0.00011135857461024499,0.5,0.6728287388896688,0.2683135684052338,0.1156036282535273,0.4432647921193658,0.3424385002896916,0.3069692351796249
2021-05-27 21:10:00,0.31659693165969316,-0.4900398406374503,0.6220402084884586,0.6289948223531512,0.6847705173338917,0.00011135857461024499,0.5,0.6728287388896688,0.2683135684052338,0.1156036282535273,0.4432647921193658,0.3424385002896916,0.20636872519878693
2021-05-27 21:20:00,0.3668061366806137,-0.3705179282868527,0.6166790766939687,0.62542403142296,0.6847705173338917,0.00011135857461024499,0.5,0.6728287388896688,0.2683135684052338,0.1156036282535273,0.4432647921193658,0.3424385002896916,0.28073087194652746
2021-05-27 21:30:00,0.299163179916318,-0.553784860557769,0.6137006701414742,0.6179253704695589,0.6847705173338917,0.00011135857461024499,0.5,0.6728287388896688,0.2683135684052338,0.1156036282535273,0.4432647921193658,0.3424385002896916,0.1841513647268283
2021-05-27 21:40:00,0.27475592747559274,-0.553784860557769,0.6092330603127325,0.6107837886091769,0.6834487181165015,0.00011135857461024499,0.5,0.6728287388896688,0.2683135684052338,0.1156036282535273,0.4432647921193658,0.3424385002896916,0.16434811473060035
2021-05-27 21:50:00,0.23291492329149233,-0.21115537848605592,0.6038719285182426,0.6047134440278521,0.670793472144063,0.00011135857461024499,0.5,0.6728287388896688,0.2683135684052338,0.1156036282535273,0.4432647921193658,0.3424385002896916,0.12139203645306819
2021-05-27 22:00:00,0.2775453277545328,-0.4342629482071714,0.5979151154132538,0.5997143367255846,0.670793472144063,0.00011135857461024499,0.5,0.5666460433396714,0.27608927406632616,0.15096701475875454,0.4220707810150511,0.3330186235904601,0.16704135673008735
2021-05-27 22:10:00,0.30474198047419804,-0.36254980079681276,0.5952345495160087,0.5897161221210496,0.670793472144063,0.00011135857461024499,0.5,0.5666460433396714,0.27608927406632616,0.15096701475875454,0.4220707810150511,0.3330186235904601,0.1945848484391267
2021-05-27 22:20:00,0.3089260808926081,-0.3784860557768924,0.5901712583767682,0.5797179075165149,0.670793472144063,0.00011135857461024499,0.5,0.5666460433396714,0.27608927406632616,0.15096701475875454,0.4220707810150511,0.3330186235904601,0.21831102795841695
2021-05-27 22:30:00,0.29776847977684795,-0.33864541832669326,0.5862993298585255,0.5704338510980183,0.670793472144063,0.00011135857461024499,0.5,0.5666460433396714,0.27608927406632616,0.15096701475875454,0.4220707810150511,0.3330186235904601,0.19716492901006386
2021-05-27 22:40:00,0.3437935843793584,-0.5617529880478087,0.583320923306031,0.5682913765399038,0.670793472144063,0.00011135857461024499,0.5,0.5666460433396714,0.27608927406632616,0.15096701475875454,0.4220707810150511,0.3330186235904601,0.2380388370022783
2021-05-27 22:50:00,0.37517433751743373,-0.24302788844621515,0.5800446760982871,0.5665059810748081,0.6624700632107943,0.00011135857461024499,0.5,0.5666460433396714,0.27608927406632616,0.15096701475875454,0.4220707810150511,0.3330186235904601,0.3013111637521312
2021-05-27 23:00:00,0.41422594142259417,-0.3705179282868527,0.5773641102010423,0.549009105516872,0.6596170708405857,0.00011135857461024499,0.5,0.4652106264277205,0.2795748361383548,0.19039111631556277,0.4143200396792795,0.31885593796363887,0.36056248774084526
2021-05-27 23:10:00,0.4435146443514645,-0.24302788844621515,0.5731943410275502,0.5311551508659167,0.6596170708405857,0.00011135857461024499,0.5,0.4652106264277205,0.2795748361383548,0.19039111631556277,0.4143200396792795,0.31885593796363887,0.42888935829925917
2021-05-27 23:20:00,0.44979079497907953,-0.33864541832669326,0.5696202531645567,0.5257989644706302,0.6596170708405857,0.00011135857461024499,0.5,0.4652106264277205,0.2795748361383548,0.19039111631556277,0.4143200396792795,0.31885593796363887,0.43937565067821416
2021-05-27 23:30:00,0.40097629009762903,-0.19521912350597614,0.5657483246463142,0.5257989644706302,0.6538456504953475,0.00011135857461024499,0.5,0.4652106264277205,0.2795748361383548,0.19039111631556277,0.4143200396792795,0.31885593796363887,0.33544819469800985
2021-05-27 23:40:00,0.39051603905160387,0.06772908366533859,0.5621742367833207,0.5275843599357259,0.6483359725693945,0.00011135857461024499,0.5,0.4652106264277205,0.2795748361383548,0.19039111631556277,0.4143200396792795,0.31885593796363887,0.32352852422408984
2021-05-27 23:50:00,0.39051603905160387,0.09960159362549792,0.5574087862993298,0.5147295125870381,0.6483097983274659,0.00011135857461024499,0.5,0.4652106264277205,0.2795748361383548,0.19039111631556277,0.4143200396792795,0.31885593796363887,0.3246978589857718
2021-05-28 00:00:00,0.3277545327754533,-0.21912350597609564,0.5535368577810869,0.5083020889126941,0.6483097983274659,0.00011135857461024499,0.5,0.44298883038386383,0.27949437798665133,0.15895516321802,0.39699057739233407,0.3054333424557472,0.2367563408120464
2021-05-28 00:10:00,0.31311018131101814,-0.059760956175298974,0.5478778853313475,0.5122299589359045,0.6387692871445211,0.00011135857461024499,0.5,0.44298883038386383,0.27949437798665133,0.15895516321802,0.39699057739233407,0.3054333424557472,0.21856752719646336
2021-05-28 00:20:00,0.3263598326359832,0.298804780876494,0.5457930007446015,0.5093733261917515,0.634424362984387,0.00011135857461024499,0.5,0.44298883038386383,0.27949437798665133,0.15895516321802,0.39699057739233407,0.3054333424557472,0.24077734357318528
2021-05-28 00:30:00,0.3319386331938633,0.24302788844621515,0.5419210722263585,0.4958043206570255,0.634424362984387,0.00011135857461024499,0.5,0.44298883038386383,0.27949437798665133,0.15895516321802,0.39699057739233407,0.3054333424557472,0.2466089291911221
2021-05-28 00:40:00,0.3814504881450488,0.043824701195219085,0.5380491437081161,0.4883056597036244,0.634424362984387,0.00011135857461024499,0.5,0.44298883038386383,0.27949437798665133,0.15895516321802,0.39699057739233407,0.3054333424557472,0.3111109434645503
2021-05-28 00:50:00,0.38354253835425384,-0.059760956175298974,0.5362620997766194,0.48544902695947156,0.634424362984387,0.00011135857461024499,0.5,0.44298883038386383,0.27949437798665133,0.15895516321802,0.39699057739233407,0.3054333424557472,0.3169123527015405
2021-05-28 01:00:00,0.36750348675034866,-0.298804780876494,0.5335815338793746,0.4811640778432422,0.634424362984387,0.00011135857461024499,0.5,0.40335758881177264,0.27598295436586173,0.2197095271773446,0.3835329688978767,0.28838195256818944,0.2901081823256937
2021-05-28 01:10:00,0.3612273361227336,-0.33067729083665354,0.5294117647058822,0.48402071058739504,0.6303935297273954,0.00011135857461024499,0.5,0.40335758881177264,0.27598295436586173,0.2197095271773446,0.3835329688978767,0.28838195256818944,0.27254552861475323
2021-05-28 01:20:00,0.36610878661087864,0.22709163346613526,0.5264333581533878,0.4825923942153185,0.62315635183416,0.00011135857461024499,0.5,0.40335758881177264,0.27598295436586173,0.2197095271773446,0.3835329688978767,0.28838195256818944,0.2883051435641324
2021-05-28 01:30:00,0.3493723849372385,0.12350597609561742,0.5252419955323901,0.47116586323870724,0.62315635183416,0.00011135857461024499,0.5,0.40335758881177264,0.27598295436586173,0.2197095271773446,0.3835329688978767,0.28838195256818944,0.2753670202332634
2021-05-28 01:40:00,0.3528591352859135,-0.059760956175298974,0.5210722263588978,0.46938046777361175,0.62315635183416,0.00011135857461024499,0.5,0.40335758881177264,0.27598295436586173,0.2197095271773446,0.3835329688978767,0.28838195256818944,0.2757894895665163
2021-05-28 01:50:00,0.3563458856345886,-0.4342629482071714,0.5204765450483988,0.4683092304945544,0.62315635183416,0.00011135857461024499,0.5,0.40335758881177264,0.27598295436586173,0.2197095271773446,0.3835329688978767,0.28838195256818944,0.26309277728322045
2021-05-28 02:00:00,0.36262203626220363,-0.4183266932270917,0.5154132539091583,0.46973754686663094,0.6222926018505189,0.00011135857461024499,0.5,0.41167958487410705,0.2736755295152125,0.22032115169543512,0.37295404496730084,0.2624559484439664,0.2665630610920832
2021-05-28 02:10:00,0.34309623430962344,0.06772908366533859,0.5136262099776618,0.46795215140153545,0.6118621664420044,0.00011135857461024499,0.5,0.41167958487410705,0.2736755295152125,0.22032115169543512,0.37295404496730084,0.2624559484439664,0.2622101181405314
2021-05-28 02:20:00,0.35704323570432356,0.21912350597609564,0.5112434847356664,0.46045349044813433,0.6118621664420044,0.00011135857461024499,0.5,0.41167958487410705,0.2736755295152125,0.22032115169543512,0.37295404496730084,0.2624559484439664,0.27944837575629555
2021-05-28 02:30:00,0.36262203626220363,0.29083665338645415,0.5064780342516753,0.45474022495982847,0.6118621664420044,0.00011135857461024499,0.5,0.41167958487410705,0.2736755295152125,0.22032115169543512,0.37295404496730084,0.2624559484439664,0.28483485975526956
2021-05-28 02:40:00,0.396792189679219,0.24302788844621515,0.504393149664929,0.4475986430994465,0.6118621664420044,0.00011135857461024499,0.5,0.41167958487410705,0.2736755295152125,0.22032115169543512,0.37295404496730084,0.2624559484439664,0.3507928844093728
2021-05-28 02:50:00,0.41143654114365413,0.31474103585657365,0.5023082650781829,0.4443849312622745,0.6144926777558204,0.00011135857461024499,0.5,0.41167958487410705,0.2736755295152125,0.22032115169543512,0.37295404496730084,0.2624559484439664,0.373327096881271
2021-05-28 03:00:00,0.41562064156206413,-0.4581673306772909,0.49754281459419203,0.44545616854133185,0.6231432647131957,0.00011135857461024499,0.5,0.4052386029991766,0.27578468249201943,0.2231579836402172,0.38044657170607776,0.23901536198406106,0.3821536883081612
2021-05-28 03:10:00,0.4295676429567643,-0.02788844621513953,0.4951600893521966,0.4475986430994465,0.6159584353038174,0.00011135857461024499,0.5,0.4052386029991766,0.27578468249201943,0.2231579836402172,0.38044657170607776,0.23901536198406106,0.41677354134918604
2021-05-28 03:20:00,0.4198047419804742,-0.08366533864541836,0.49158600148920306,0.4465274058203892,0.6185889466176335,0.00011135857461024499,0.5,0.4052386029991766,0.27578468249201943,0.2231579836402172,0.38044657170607776,0.23901536198406106,0.39072378049700496
2021-05-28 03:30:00,0.4072524407252441,0.043824701195219085,0.48741623231571096,0.44117121942510273,0.6117051209904333,0.00011135857461024499,0.5,0.4052386029991766,0.27578468249201943,0.2231579836402172,0.38044657170607776,0.23901536198406106,0.3847262247838617
2021-05-28 03:40:00,0.39051603905160387,-0.12350597609561753,0.4844378257632167,0.43474379575075894,0.6117051209904333,0.00011135857461024499,0.5,0.4052386029991766,0.27578468249201943,0.2231579836402172,0.38044657170607776,0.23901536198406106,0.34035940069707443
2021-05-28 03:50:00,0.398884239888424,-0.36254980079681276,0.47907669396872654,0.43545795393679687,0.6117051209904333,0.00011135857461024499,0.5,0.4052386029991766,0.27578468249201943,0.2231579836402172,0.38044657170607776,0.23901536198406106,0.3576655551699685
2021-05-28 04:00:00,0.4100418410041841,0.17131474103585642,0.47431124348473563,0.4333154793786824,0.600882071952991,0.00011135857461024499,0.5,0.3386627012066814,0.27279911036272336,0.24021017158331368,0.3850261040040224,0.22672933783093185,0.3693890791677354
2021-05-28 04:10:00,0.4295676429567643,0.07569721115537842,0.4668652271034994,0.4243885020532048,0.6004501969611705,0.00011135857461024499,0.5,0.3386627012066814,0.27279911036272336,0.24021017158331368,0.3850261040040224,0.22672933783093185,0.4173091721109887
2021-05-28 04:20:00,0.45258019525801957,0.298804780876494,0.46358897989575576,0.41688984109980365,0.6057766551936239,0.00011135857461024499,0.5,0.3386627012066814,0.27279911036272336,0.24021017158331368,0.3850261040040224,0.22672933783093185,0.4824675226700062
2021-05-28 04:30:00,0.4686192468619247,-0.09960159362549814,0.46358897989575576,0.417961078378861,0.6117443823533262,0.00011135857461024499,0.5,0.3386627012066814,0.27279911036272336,0.24021017158331368,0.3850261040040224,0.22672933783093185,0.5247370882810024
2021-05-28 04:40:00,0.46164574616457466,-0.003984063745020028,0.46358897989575576,0.41867523656489913,0.6117443823533262,0.00011135857461024499,0.5,0.3386627012066814,0.27279911036272336,0.24021017158331368,0.3850261040040224,0.22672933783093185,0.49846100457172177
2021-05-28 04:50:00,0.4330543933054393,-0.15537848605577698,0.46358897989575576,0.42046063202999484,0.6111292876680059,0.00011135857461024499,0.5,0.3386627012066814,0.27279911036272336,0.24021017158331368,0.3850261040040224,0.22672933783093185,0.432955625631818
2021-05-28 05:00:00,0.4177126917712692,0.05179282868525892,0.4618019359642589,0.4240314229601856,0.6005287196869561,0.00011135857461024499,0.5,0.32001555588093344,0.2775576353349215,0.24273415308519108,0.36099287147492776,0.22578140342457897,0.398494198590763
2021-05-28 05:10:00,0.4072524407252441,-0.17928286852589637,0.4588235294117644,0.41867523656489913,0.6005287196869561,0.00011135857461024499,0.5,0.32001555588093344,0.2775576353349215,0.24273415308519108,0.36099287147492776,0.22578140342457897,0.37350815516695085
2021-05-28 05:20:00,0.3926080892608089,-0.29083665338645437,0.4549516008935217,0.41867523656489913,0.6005287196869561,0.00011135857461024499,0.5,0.32001555588093344,0.2775576353349215,0.24273415308519108,0.36099287147492776,0.22578140342457897,0.3580050394556181
2021-05-28 05:30:00,0.3891213389121339,-0.24302788844621515,0.45197319434102745,0.417961078378861,0.6005287196869561,0.00011135857461024499,0.5,0.32001555588093344,0.2775576353349215,0.24273415308519108,0.36099287147492776,0.22578140342457897,0.35669236688443956
2021-05-28 05:40:00,0.3849372384937238,-0.2589641434262948,0.4516753536857778,0.4172469201928226,0.6005287196869561,0.00011135857461024499,0.5,0.32001555588093344,0.2775576353349215,0.24273415308519108,0.36099287147492776,0.22578140342457897,0.34266789383949187
2021-05-28 05:50:00,0.4093444909344491,0.05976095617529875,0.4516753536857778,0.4129619710765935,0.6005287196869561,0.00011135857461024499,0.5,0.32001555588093344,0.2775576353349215,0.24273415308519108,0.36099287147492776,0.22578140342457897,0.3917045128777706
2021-05-28 06:00:00,0.4191073919107392,0.29083665338645415,0.4528667163067759,0.4061774683092303,0.6005287196869561,0.00011135857461024499,0.5,0.39170518670559185,0.29624404106813923,0.21850200309248924,0.35218359584853254,0.23206544827007852,0.4019569383043891
2021-05-28 06:10:00,0.38772663877266383,0.20318725099601576,0.45197319434102745,0.404749151937154,0.6041015037101988,0.00011135857461024499,0.5,0.39170518670559185,0.29624404106813923,0.21850200309248924,0.35218359584853254,0.23206544827007852,0.3433845828869744
2021-05-28 06:20:00,0.44072524407252445,-0.24302788844621515,0.4549516008935217,0.40760578468130704,0.6118359922000759,0.00011135857461024499,0.5,0.39170518670559185,0.29624404106813923,0.21850200309248924,0.35218359584853254,0.23206544827007852,0.46636087933974074
2021-05-28 06:30:00,0.4504881450488145,0.027888446215139417,0.45465376023827253,0.40760578468130704,0.6118359922000759,0.00011135857461024499,0.5,0.39170518670559185,0.29624404106813923,0.21850200309248924,0.35218359584853254,0.23206544827007852,0.5219985817100955
2021-05-28 06:40:00,0.4086471408647141,-0.4820717131474104,0.44839910647803394,0.4111765756114978,0.6030676211540223,0.00011135857461024499,0.5,0.39170518670559185,0.29624404106813923,0.21850200309248924,0.35218359584853254,0.23206544827007852,0.3807429424989061
2021-05-28 06:50:00,0.32914923291492326,0.2111553784860556,0.4430379746835442,0.41367612926263164,0.5935140228501132,0.00011135857461024499,0.5,0.39170518670559185,0.29624404106813923,0.21850200309248924,0.35218359584853254,0.23206544827007852,0.24860811442883657
2021-05-28 07:00:00,0.3242677824267783,0.05976095617529875,0.4454206999255397,0.4083199428673452,0.600581068170813,0.00011135857461024499,0.5,0.37896163827707285,0.3101144517207997,0.21463784993247784,0.3049401157966249,0.20181103057731203,0.22430858367156026
2021-05-28 07:10:00,0.3207810320781032,0.2828685258964143,0.44899478778853297,0.40724870558828763,0.6087866930154037,0.00011135857461024499,0.5,0.37896163827707285,0.3101144517207997,0.21463784993247784,0.3049401157966249,0.20181103057731203,0.21524058119709705
2021-05-28 07:20:00,0.3068340306834031,-0.24302788844621515,0.4516753536857778,0.40760578468130704,0.614518851997749,0.00011135857461024499,0.5,0.37896163827707285,0.3101144517207997,0.21463784993247784,0.3049401157966249,0.20181103057731203,0.2053050077704181
2021-05-28 07:30:00,0.3200836820083682,-0.42629482071713154,0.4516753536857778,0.40760578468130704,0.614518851997749,0.00011135857461024499,0.5,0.37896163827707285,0.3101144517207997,0.21463784993247784,0.3049401157966249,0.20181103057731203,0.22450473014771338
2021-05-28 07:40:00,0.2712691771269177,0.3067729083665336,0.4516753536857778,0.40582038921621133,0.614518851997749,0.00011135857461024499,0.5,0.37896163827707285,0.3101144517207997,0.21463784993247784,0.3049401157966249,0.20181103057731203,0.15616277139882614
2021-05-28 07:50:00,0.2691771269177127,0.17928286852589648,0.4516753536857778,0.39939296554186754,0.6265590032848674,0.00011135857461024499,0.5,0.37896163827707285,0.3101144517207997,0.21463784993247784,0.3049401157966249,0.20181103057731203,0.14573683178176441
2021-05-28 08:00:00,0.2754532775453278,-0.3067729083665339,0.45465376023827253,0.3983217282628102,0.6272787949379017,0.00011135857461024499,0.5,0.37497977968950247,0.3093960753663011,0.21103683607892254,0.18623689194925627,0.19553798862524782,0.1541107774944551
2021-05-28 08:10:00,0.25871687587168757,0.2589641434262948,0.4549516008935217,0.4015354400999822,0.6144795906348562,0.00011135857461024499,0.5,0.37497977968950247,0.3093960753663011,0.21103683607892254,0.18623689194925627,0.19553798862524782,0.13737043016431041
2021-05-28 08:20:00,0.20641562064156208,0.027888446215139417,0.4549516008935217,0.3997500446348867,0.6221748177618405,0.00011135857461024499,0.5,0.37497977968950247,0.3093960753663011,0.21103683607892254,0.18623689194925627,0.19553798862524782,0.09095161217315208
2021-05-28 08:30:00,0.15620641562064158,0.4183266932270917,0.45941921072226344,0.40867702196036415,0.615631257279711,0.00011135857461024499,0.5,0.37497977968950247,0.3093960753663011,0.21103683607892254,0.18623689194925627,0.19553798862524782,0.05870814913167464
2021-05-28 08:40:00,0.1771269177126918,0.22709163346613526,0.4659717051377512,0.41831815747187995,0.6393843818298414,0.00011135857461024499,0.5,0.37497977968950247,0.3093960753663011,0.21103683607892254,0.18623689194925627,0.19553798862524782,0.0701751738913952
2021-05-28 08:50:00,0.20432357043235705,-0.29083665338645437,0.47580044676098265,0.42331726477414744,0.6473282642551464,0.00011135857461024499,0.5,0.37497977968950247,0.3093960753663011,0.21103683607892254,0.18623689194925627,0.19553798862524782,0.09196252093486429
2021-05-28 09:00:00,0.22594142259414227,0.346613545816733,0.48235294117647043,0.4251026602392429,0.6473282642551464,0.00011135857461024499,0.5,0.3439555363293523,0.32586413491682675,0.22498068303862367,0.06560733350589264,0.40003270402156,0.11277667969280446
2021-05-28 09:10:00,0.2315202231520223,0.01195219123505975,0.48682055100521215,0.4190323156579181,0.6473282642551464,0.00011135857461024499,0.5,0.3439555363293523,0.32586413491682675,0.22498068303862367,0.06560733350589264,0.40003270402156,0.10874813283642894
2021-05-28 09:20:00,0.200836820083682,-0.059760956175298974,0.4924795234549515,0.4229601856811285,0.6473282642551464,0.00011135857461024499,0.5,0.3439555363293523,0.32586413491682675,0.22498068303862367,0.06560733350589264,0.40003270402156,0.0884167961736349
2021-05-28 09:30:00,0.19525801952580193,0.05976095617529875,0.49903201787043905,0.42831637207641493,0.6473282642551464,0.00011135857461024499,0.5,0.3439555363293523,0.32586413491682675,0.22498068303862367,0.06560733350589264,0.40003270402156,0.08720974093576957
2021-05-28 09:40:00,0.16666666666666669,0.25099601593625476,0.5067758749069247,0.4397429030530262,0.6569342110429127,0.00011135857461024499,0.5,0.3439555363293523,0.32586413491682675,0.22498068303862367,0.06560733350589264,0.40003270402156,0.05216741856149193
2021-05-28 09:50:00,0.14783821478382148,0.043824701195219085,0.5136262099776618,0.45973933226209596,0.6489379801337504,0.00011135857461024499,0.5,0.3439555363293523,0.32586413491682675,0.22498068303862367,0.06560733350589264,0.40003270402156,0.04532492418184287
2021-05-28 10:00:00,0.11576011157601115,0.3227091633466135,0.5192851824274012,0.47152294233172665,0.664223737420005,0.00011135857461024499,0.5,0.5571026571405795,0.3248440404934379,0.12099018496727626,0.2830433624695454,0.6841003250131124,0.025710276566531375
2021-05-28 10:10:00,0.09483960948396096,0.3784860557768923,0.5267311988086372,0.49366184609891084,0.6862886233657457,0.00044543429844097997,0.5,0.5571026571405795,0.3248440404934379,0.12099018496727626,0.2830433624695454,0.6841003250131124,0.0031232554279765224
2021-05-28 10:20:00,0.09762900976290097,0.19521912350597592,0.5356664184661204,0.511158721656847,0.7168208765753622,0.08285077951002227,0.5,0.5571026571405795,0.3248440404934379,0.12099018496727626,0.2830433624695454,0.6841003250131124,0.0
2021-05-28 10:30:00,0.09205020920502092,0.7290836653386452,0.5451973194341024,0.5047312979825032,0.7284553271125885,0.9996659242761693,0.5,0.5571026571405795,0.3248440404934379,0.12099018496727626,0.2830433624695454,0.6841003250131124,0.0
2021-05-28 10:40:00,0.1387726638772664,0.2669322709163344,0.5666418466120624,0.54186752365649,0.7284553271125885,0.9996659242761693,0.5,0.5571026571405795,0.3248440404934379,0.12099018496727626,0.2830433624695454,0.6841003250131124,0.0
2021-05-28 10:50:00,0.2315202231520223,-0.19521912350597614,0.5836187639612807,0.56579182288877,0.6970724110402953,0.9996659242761693,0.5,0.5571026571405795,0.3248440404934379,0.12099018496727626,0.2830433624695454,0.6841003250131124,0.0
2021-05-28 11:00:00,0.23640167364016737,-0.6573705179282869,0.5970215934475054,0.590430280307088,0.4802842522673437,0.9961024498886415,0.5,0.6007564147163169,0.32476358234173436,0.086691022587244,0.576538186637101,0.7214328315004603,0.0
2021-05-28 11:10:00,0.24476987447698745,0.05976095617529875,0.6092330603127325,0.6132833422603108,0.33855073222441795,0.09086859688195992,0.5,0.6007564147163169,0.32476358234173436,0.086691022587244,0.576538186637101,0.7214328315004603,0.10904989664589528
2021-05-28 11:20:00,0.32147838214783825,-0.06772908366533881,0.6214445271779596,0.6018568112836993,0.3633900878145817,0.00011135857461024499,0.5,0.6007564147163169,0.32476358234173436,0.086691022587244,0.576538186637101,0.7214328315004603,0.22028003681518477
2021-05-28 11:30:00,0.301255230125523,0.08366533864541825,0.6071481757259864,0.5697196929119801,0.36222533404876256,0.00011135857461024499,0.5,0.6007564147163169,0.32476358234173436,0.086691022587244,0.576538186637101,0.7214328315004603,0.18068862501320215
2021-05-28 11:40:00,0.36610878661087864,-0.21115537848605592,0.6095309009679819,0.5647205856097126,0.3755218489484498,0.00011135857461024499,0.5,0.6007564147163169,0.32476358234173436,0.086691022587244,0.576538186637101,0.7214328315004603,0.3026766449899663
2021-05-28 11:50:00,0.35146443514644354,-0.12350597609561753,0.6145941921072224,0.5661489019817889,0.37012995511117514,0.00011135857461024499,0.5,0.6007564147163169,0.32476358234173436,0.086691022587244,0.576538186637101,0.7214328315004603,0.2588680839506918
2021-05-28 12:00:00,0.42538354253835425,0.027888446215139417,0.6244229337304541,0.5736475629351903,0.3717527581107432,0.00011135857461024499,0.5,0.6369513541854626,0.31755683075340374,0.0750948854976256,0.7162518027216241,0.7199428145975103,0.36683917497774493
2021-05-28 12:10:00,0.3758716875871687,-0.05179282868525903,0.6324646314221889,0.5847170148187824,0.37247254976377747,0.00011135857461024499,0.5,0.6369513541854626,0.31755683075340374,0.0750948854976256,0.7162518027216241,0.7199428145975103,0.3093607133696456
2021-05-28 12:20:00,0.4588563458856346,0.20318725099601576,0.6434847356664184,0.5975718621674699,0.3781916216251587,0.00011135857461024499,0.5,0.6369513541854626,0.31755683075340374,0.0750948854976256,0.7162518027216241,0.7199428145975103,0.43586764639316805
2021-05-28 12:30:00,0.4379358437935844,-0.29083665338645437,0.6464631422189129,0.6022138903767185,0.3776419625446598,0.00011135857461024499,0.5,0.6369513541854626,0.31755683075340374,0.0750948854976256,0.7162518027216241,0.7199428145975103,0.417965508396578
2021-05-28 12:40:00,0.45327754532775455,0.13147410358565725,0.6553983618763959,0.6136404213533297,0.37847953828637243,0.0027839643652561247,0.5,0.6369513541854626,0.31755683075340374,0.0750948854976256,0.7162518027216241,0.7199428145975103,0.4653801469589752
2021-05-28 12:50:00,0.396792189679219,-0.17131474103585675,0.6598659717051376,0.6247098732369221,0.36496054233029274,0.006792873051224944,0.5,0.6369513541854626,0.31755683075340374,0.0750948854976256,0.7162518027216241,0.7199428145975103,0.31698024955867043
2021-05-28 13:00:00,0.4804741980474198,-0.0916334661354582,0.6661206254653758,0.6382788787716478,0.3676695763698944,0.00011135857461024499,0.5,0.7352925049270851,0.30520937797228115,0.05943460937508917,0.8007970804434494,0.7210962611124697,0.49121867314452977
2021-05-28 13:10:00,0.50697350069735,-0.20318725099601598,0.669694713328369,0.6411355115158008,0.38018086401172607,0.00011135857461024499,0.5,0.7352925049270851,0.30520937797228115,0.05943460937508917,0.8007970804434494,0.7210962611124697,0.5377883730404213
2021-05-28 13:20:00,0.4100418410041841,0.03585657370517925,0.6780342516753535,0.64542046063203,0.38197379958382954,0.00011135857461024499,0.5,0.7352925049270851,0.30520937797228115,0.05943460937508917,0.8007970804434494,0.7210962611124697,0.3819877182129547
2021-05-28 13:30:00,0.44839609483960946,0.01195219123505975,0.6860759493670885,0.6597036243527941,0.37452722775516617,0.00011135857461024499,0.5,0.7352925049270851,0.30520937797228115,0.05943460937508917,0.8007970804434494,0.7210962611124697,0.4490245484859001
2021-05-28 13:40:00,0.41562064156206413,0.22709163346613526,0.6881608339538345,0.6686306016782717,0.36319378100011773,0.00033407572383073496,0.5,0.7352925049270851,0.30520937797228115,0.05943460937508917,0.8007970804434494,0.7210962611124697,0.4191046667773134
2021-05-28 13:50:00,0.4288702928870293,-0.17928286852589637,0.6938198064035739,0.6807712908409214,0.38927641308188615,0.00011135857461024499,0.5,0.7352925049270851,0.30520937797228115,0.05943460937508917,0.8007970804434494,0.7210962611124697,0.3918855711634504
2021-05-28 14:00:00,0.4295676429567643,0.5219123505976095,0.6973938942665674,0.6854133190501694,0.3548049364620277,0.00011135857461024499,0.5,0.7393394687453201,0.28534196151226754,0.06266836952671828,0.824458102792289,0.7307816671930861,0.4281349487755933
2021-05-28 14:10:00,0.3800557880055788,-0.043824701195219196,0.7018615040953089,0.6886270308873417,0.41991336325921663,0.00011135857461024499,0.5,0.7393394687453201,0.28534196151226754,0.06266836952671828,0.824458102792289,0.7307816671930861,0.2853704905170723
2021-05-28 14:20:00,0.34449093444909346,-0.4661354581673308,0.706031273268801,0.700053561863953,0.39269215165355775,0.00011135857461024499,0.5,0.7393394687453201,0.28534196151226754,0.06266836952671828,0.824458102792289,0.7307816671930861,0.29661873651492976
2021-05-28 14:30:00,0.3933054393305439,-0.2270916334661356,0.7081161578555473,0.7018389573290482,0.3462066979885095,0.00011135857461024499,0.5,0.7393394687453201,0.28534196151226754,0.06266836952671828,0.824458102792289,0.7307816671930861,0.32249498317666764
2021-05-28 14:40:00,0.41631799163179917,0.5617529880478087,0.7143708116157852,0.7057668273522584,0.3605109212024447,0.23140311804008912,0.5,0.7393394687453201,0.28534196151226754,0.06266836952671828,0.824458102792289,0.7307816671930861,0.21149116586447786
2021-05-28 14:50:00,0.396792189679219,0.20318725099601576,0.7158600148920327,0.7004106409569719,0.3942364319273403,0.00011135857461024499,0.5,0.7393394687453201,0.28534196151226754,0.06266836952671828,0.824458102792289,0.7307816671930861,0.38283265687946044
2021-05-28 15:00:00,0.4421199442119944,-0.21115537848605592,0.7170513775130303,0.7011247991430103,0.39822800382143936,0.0021158129175946547,0.5,0.7514804602592935,0.26476766271942964,0.06168987174907239,0.7957841768802505,0.7391888861747691,0.39279086259184937
2021-05-28 15:10:00,0.4386331938633194,-0.4342629482071714,0.7212211466865226,0.7057668273522584,0.3619374173875489,0.000556792873051225,0.5,0.7514804602592935,0.26476766271942964,0.06168987174907239,0.7957841768802505,0.7391888861747691,0.4366824086787272
2021-05-28 15:20:00,0.46582984658298465,-0.1633466135458168,0.7212211466865226,0.7054097482592394,0.3263404483647642,0.00022271714922048998,0.5,0.7514804602592935,0.26476766271942964,0.06168987174907239,0.7957841768802505,0.7391888861747691,0.45462226715150056
2021-05-28 15:30:00,0.394700139470014,0.4820717131474104,0.7259865971705135,0.7114800928405642,0.36732931122482365,0.21859688195991092,0.5,0.7514804602592935,0.26476766271942964,0.06168987174907239,0.7957841768802505,0.7391888861747691,0.18652775472637567
2021-05-28 15:40:00,0.5251046025104603,0.298804780876494,0.7301563663440056,0.7143367255847171,0.374265485335881,0.0024498886414253897,0.5,0.7514804602592935,0.26476766271942964,0.06168987174907239,0.7957841768802505,0.7391888861747691,0.6390603074973219
2021-05-28 15:50:00,0.4351464435146444,-0.1872509960159363,0.7331347728965001,0.7104088555615069,0.4015913939092539,0.00022271714922048998,0.5,0.7514804602592935,0.26476766271942964,0.06168987174907239,0.7957841768802505,0.7391888861747691,0.42213739306245
2021-05-28 16:00:00,0.22733612273361226,-0.06772908366533881,0.7379002233804914,0.7311194429566148,0.3628404287340828,0.00011135857461024499,0.5,0.7777167008591419,0.24553816446221113,0.054419618043468586,0.8059312212793523,0.7427978796810533,0.10249407788523923
2021-05-28 16:10:00,0.394700139470014,0.29083665338645415,0.7358153387937452,0.7454026066773789,0.382353326091793,0.0013363028953229399,0.5,0.7777167008591419,0.24553816446221113,0.054419618043468586,0.8059312212793523,0.7427978796810533,0.33733421850717443
2021-05-28 16:20:00,0.5146443514644351,0.2749003984063745,0.736411020104244,0.7375468666309586,0.3961340644671579,0.2143652561247216,0.5,0.7777167008591419,0.24553816446221113,0.054419618043468586,0.8059312212793523,0.7427978796810533,0.3054905925132399
2021-05-28 16:30:00,0.6269177126917713,0.03585657370517925,0.7322412509307519,0.7236207820032137,0.4253706927013126,0.005902004454342985,0.5,0.7777167008591419,0.24553816446221113,0.054419618043468586,0.8059312212793523,0.7427978796810533,0.8541575508849224
2021-05-28 16:40:00,0.3207810320781032,0.003984063745019917,0.7241995532390171,0.7071951437243349,0.4587428511601732,0.00044543429844097997,0.5,0.7777167008591419,0.24553816446221113,0.054419618043468586,0.8059312212793523,0.7427978796810533,0.22973278814671755
2021-05-28 16:50:00,0.5557880055788006,-0.10756972111553798,0.7221146686522708,0.717907516514908,0.4353823402389708,0.020155902004454343,0.5,0.7777167008591419,0.24553816446221113,0.054419618043468586,0.8059312212793523,0.7427978796810533,0.6384643239736258
2021-05-28 17:00:00,0.25523012552301255,-0.45019920318725104,0.7182427401340281,0.7214783074450992,0.4246116396853857,0.0026726057906458797,0.5,0.780452688142276,0.230446514006903,0.05545784527332692,0.8339867557333039,0.745238077862501,0.14092369902077645
2021-05-28 17:10:00,0.5411436541143654,0.15537848605577675,0.7286671630677586,0.7336189966077487,0.43960948031042646,0.06971046770601336,0.5,0.780452688142276,0.230446514006903,0.05545784527332692,0.8339867557333039,0.745238077862501,0.4148724293495481
2021-05-28 17:20:00,0.5,-0.059760956175298974,0.7331347728965001,0.7354043920728441,0.3867767729777127,0.07238307349665925,0.5,0.780452688142276,0.230446514006903,0.05545784527332692,0.8339867557333039,0.745238077862501,0.27979540413718185
2021-05-28 17:30:00,0.4721059972105997,-0.12350597609561753,0.736411020104244,0.7343331547937868,0.4147046891154415,0.0010022271714922048,0.5,0.780452688142276,0.230446514006903,0.05545784527332692,0.8339867557333039,0.745238077862501,0.49568477752463147
2021-05-28 17:40:00,0.5871687587168759,0.25099601593625476,0.7361131794489946,0.7275486520264238,0.43292196149769013,0.04844097995545657,0.5,0.780452688142276,0.230446514006903,0.05545784527332692,0.8339867557333039,0.745238077862501,0.62583550854746
2021-05-28 17:50:00,0.5767085076708507,-0.36254980079681276,0.7316455696202531,0.724334940189252,0.3989608825954378,0.08641425389755011,0.5,0.780452688142276,0.230446514006903,0.05545784527332692,0.8339867557333039,0.745238077862501,0.36094723659791483
2021-05-28 18:00:00,0.4916317991631799,0.394422310756972,0.7298585256887564,0.7182645956079272,0.40716650744002825,0.07048997772828508,0.5,0.7130299514078837,0.23856416681273737,0.0778803577223524,0.8217456787388494,0.7663006455349535,0.326636691461593
2021-05-28 18:10:00,0.8110181311018132,-0.20318725099601598,0.737006701414743,0.7150508837707554,0.4104513748020573,0.139086859688196,0.5,0.7130299514078837,0.23856416681273737,0.0778803577223524,0.8217456787388494,0.7663006455349535,0.4708194396246059
2021-05-28 18:20:00,0.9686192468619247,0.5617529880478087,0.7358153387937452,0.6971969291198001,0.43365484027168866,0.13775055679287304,0.5,0.7130299514078837,0.23856416681273737,0.0778803577223524,0.8217456787388494,0.7663006455349535,0.853923683932586
2021-05-28 18:30:00,0.8852859135285914,-0.20318725099601598,0.7155621742367833,0.6686306016782717,0.46972294564918665,0.15089086859688197,0.5,0.7130299514078837,0.23856416681273737,0.0778803577223524,0.8217456787388494,0.7663006455349535,0.8209937082245726
2021-05-28 18:40:00,0.8019525801952581,-0.24302788844621515,0.7006701414743111,0.6572040707016604,0.46321864652994993,0.08708240534521158,0.5,0.7130299514078837,0.23856416681273737,0.0778803577223524,0.8217456787388494,0.7663006455349535,0.8763899995473543
2021-05-28 18:50:00,0.8720362622036263,-0.13147410358565736,0.7069247952345492,0.660060703445813,0.4446611090026305,0.15757238307349666,0.5,0.7130299514078837,0.23856416681273737,0.0778803577223524,0.8217456787388494,0.7663006455349535,0.9089955791601914
2021-05-28 19:00:00,0.9421199442119944,0.043824701195219085,0.7084139985107967,0.6529191215854313,0.44836476423551586,0.11224944320712696,0.5,0.7081116714800733,0.24078251299542944,0.07941087737999993,0.8001242181003482,0.7808540673961738,0.9099838556361936
2021-05-28 19:10:00,0.6206415620641562,-0.0916334661354582,0.7051377513030528,0.6661310480271379,0.4456164688330214,0.01447661469933185,0.5,0.7081116714800733,0.24078251299542944,0.07941087737999993,0.8001242181003482,0.7808540673961738,0.7914887517540022
2021-05-28 19:20:00,0.4916317991631799,-0.059760956175298974,0.6997766195085628,0.6986252454918764,0.4432738741804191,0.04810690423162584,0.5,0.7081116714800733,0.24078251299542944,0.07941087737999993,0.8001242181003482,0.7808540673961738,0.3110053261312371
2021-05-28 19:30:00,0.42677824267782427,0.2350597609561753,0.703946388682055,0.7136225673986787,0.44208294617267146,0.007238307349665925,0.5,0.7081116714800733,0.24078251299542944,0.07941087737999993,0.8001242181003482,0.7808540673961738,0.3824931725938108
2021-05-28 19:40:00,0.39051603905160387,-0.14741035856573714,0.6988830975428144,0.7264774147473667,0.45841567313606674,0.00044543429844097997,0.5,0.7081116714800733,0.24078251299542944,0.07941087737999993,0.8001242181003482,0.7808540673961738,0.32284201155755393
2021-05-28 19:50:00,0.5292887029288703,-0.1394422310756973,0.6959046909903199,0.7296911265845385,0.41904961327557555,0.0008908685968819599,0.5,0.7081116714800733,0.24078251299542944,0.07941087737999993,0.8001242181003482,0.7808540673961738,0.6366763734025379
2021-05-28 20:00:00,0.5536959553695956,0.14741035856573692,0.6941176470588233,0.7186216747009462,0.43902055986703487,0.0006681514476614699,0.5,0.7174108130049031,0.25669885950570065,0.07512532088728799,0.741624295757206,0.7838409696395803,0.6934909546298113
2021-05-28 20:10:00,0.7384937238493724,-0.08366533864541836,0.6902457185405806,0.707909301910373,0.4709793092617555,0.028507795100222718,0.5,0.7174108130049031,0.25669885950570065,0.07512532088728799,0.741624295757206,0.7838409696395803,0.7291518928134949
2021-05-28 20:20:00,0.603905160390516,0.07569721115537842,0.6860759493670885,0.7007677200499909,0.46002538901467066,0.03474387527839644,0.5,0.7174108130049031,0.25669885950570065,0.07512532088728799,0.741624295757206,0.7838409696395803,0.7648128309971784
2021-05-28 20:30:00,0.6401673640167364,-0.019920318725099695,0.6801191362620995,0.7071951437243349,0.46011699886142055,0.02917594654788419,0.5,0.7174108130049031,0.25669885950570065,0.07512532088728799,0.741624295757206,0.7838409696395803,0.8344674623172442
2021-05-28 20:40:00,0.6373779637377964,-0.003984063745020028,0.6768428890543556,0.7075522228173541,0.4539137035243617,0.0024498886414253897,0.5,0.7174108130049031,0.25669885950570065,0.07512532088728799,0.741624295757206,0.7838409696395803,0.8907992214493716
2021-05-28 20:50:00,0.5697350069735007,-0.2589641434262948,0.6699925539836187,0.7111230137475453,0.44848254832419415,0.00022271714922048998,0.5,0.7174108130049031,0.25669885950570065,0.07512532088728799,0.741624295757206,0.7838409696395803,0.7643526411877424
2021-05-28 21:00:00,0.5313807531380753,0.4501992031872508,0.6652271034996275,0.7096946973754685,0.4445564120349164,0.00011135857461024499,0.5,0.7309035051762327,0.26391710511570143,0.06814610559533081,0.6245134841592763,0.7603409174826089,0.6494787030191469
2021-05-28 21:10:00,0.49302649930264997,-0.1633466135458168,0.6598659717051376,0.7161221210498123,0.4539137035243617,0.00011135857461024499,0.5,0.7309035051762327,0.26391710511570143,0.06814610559533081,0.6245134841592763,0.7603409174826089,0.5511791420854897
2021-05-28 21:20:00,0.49442119944211993,-0.07569721115537853,0.6559940431868949,0.7200499910730227,0.4539137035243617,0.00011135857461024499,0.5,0.7309035051762327,0.26391710511570143,0.06814610559533081,0.6245134841592763,0.7603409174826089,0.5257630852331879
2021-05-28 21:30:00,0.49581589958159,-0.2270916334661356,0.6509307520476544,0.7161221210498123,0.4539137035243617,0.00011135857461024499,0.5,0.7309035051762327,0.26391710511570143,0.06814610559533081,0.6245134841592763,0.7603409174826089,0.5169817583777178
2021-05-28 21:40:00,0.4581589958158996,-0.40239043824701204,0.6482501861504093,0.7111230137475453,0.4539137035243617,0.00022271714922048998,0.5,0.7309035051762327,0.26391710511570143,0.06814610559533081,0.6245134841592763,0.7603409174826089,0.4247023854429139
2021-05-28 21:50:00,0.4246861924686192,-0.50597609561753,0.6449739389426654,0.7100517764684879,0.4539398777662902,0.00033407572383073496,0.5,0.7309035051762327,0.26391710511570143,0.06814610559533081,0.6245134841592763,0.7603409174826089,0.35714501259863907
2021-05-28 22:00:00,0.3068340306834031,-0.19521912350597614,0.6399106478034249,0.7004106409569719,0.4451584195992723,0.00044543429844097997,0.5,0.5857735732131999,0.2864080320223453,0.14415227738509784,0.5890784873462969,0.7448775093461512,0.20431673129441585
2021-05-28 22:10:00,0.300557880055788,-0.3545816733067729,0.6360387192851822,0.689698268166399,0.442763476462813,0.00044543429844097997,0.5,0.5857735732131999,0.2864080320223453,0.14415227738509784,0.5890784873462969,0.7448775093461512,0.19514311148663943
2021-05-28 22:20:00,0.39121338912133896,-0.3944223107569722,0.629784065524944,0.6821996072129977,0.43580112810982713,0.00033407572383073496,0.5,0.5857735732131999,0.2864080320223453,0.14415227738509784,0.5890784873462969,0.7448775093461512,0.3027747182280429
2021-05-28 22:30:00,0.4595536959553696,-0.19521912350597614,0.6274013402829486,0.6679164434922336,0.4289042153616626,0.00022271714922048998,0.5,0.5857735732131999,0.2864080320223453,0.14415227738509784,0.5890784873462969,0.7448775093461512,0.41360502134978955
2021-05-28 22:40:00,0.4205020920502092,-0.08366533864541836,0.6256142963514517,0.6554186752365649,0.4289042153616626,0.00022271714922048998,0.5,0.5857735732131999,0.2864080320223453,0.14415227738509784,0.5890784873462969,0.7448775093461512,0.3591441978363535
2021-05-28 22:50:00,0.36401673640167365,-0.019920318725099695,0.6211466865227102,0.6457775397250489,0.4289042153616626,0.00022271714922048998,0.5,0.5857735732131999,0.2864080320223453,0.14415227738509784,0.5890784873462969,0.7448775093461512,0.28239811699382894
2021-05-28 23:00:00,0.26429567642956764,0.298804780876494,0.6134028294862248,0.635422246027495,0.43574877962597014,0.00033407572383073496,0.5,0.5446929397846656,0.2968043746246473,0.17714690287572585,0.5225420345974771,0.7509709665825365,0.15188526939964092
2021-05-28 23:10:00,0.2412831241283124,-0.1394422310756973,0.6059568131049888,0.6286377432601322,0.442763476462813,0.00033407572383073496,0.5,0.5446929397846656,0.2968043746246473,0.17714690287572585,0.5225420345974771,0.7509709665825365,0.1479849721622886
2021-05-28 23:20:00,0.23570432357043236,-0.08366533864541836,0.5970215934475054,0.6161399750044634,0.442763476462813,0.00033407572383073496,0.5,0.5446929397846656,0.2968043746246473,0.17714690287572585,0.5225420345974771,0.7509709665825365,0.14576700816271104
2021-05-28 23:30:00,0.2412831241283124,0.03585657370517925,0.5889798957557706,0.6061417603999286,0.442763476462813,0.00033407572383073496,0.5,0.5446929397846656,0.2968043746246473,0.17714690287572585,0.5225420345974771,0.7509709665825365,0.1278799583565943
2021-05-28 23:40:00,0.28451882845188287,0.2669322709163344,0.5821295606850332,0.5925727548652027,0.4508905785816178,0.00033407572383073496,0.5,0.5446929397846656,0.2968043746246473,0.17714690287572585,0.5225420345974771,0.7509709665825365,0.15182491663774764
2021-05-28 23:50:00,0.3319386331938633,-0.3067729083665339,0.5821295606850332,0.5861453311908589,0.45023622253340484,0.00033407572383073496,0.5,0.5446929397846656,0.2968043746246473,0.17714690287572585,0.5225420345974771,0.7509709665825365,0.22191710548153962
2021-05-29 00:00:00,0.3200836820083682,-0.2709163346613548,0.58391660461653,0.5815033029816103,0.447769300231642,0.00033407572383073496,0.5,0.5197025371361634,0.298103199073582,0.17650103854426516,0.45198110108839973,0.785860815444292,0.21900885676780785
2021-05-29 00:10:00,0.30822873082287305,-0.23505976095617542,0.5857036485480267,0.576861274772362,0.4453023779298792,0.00033407572383073496,0.5,0.5197025371361634,0.298103199073582,0.17650103854426516,0.45198110108839973,0.785860815444292,0.21610060805407608
2021-05-29 00:20:00,0.31520223152022314,-0.5856573705179284,0.5854058078927771,0.5747188002142476,0.4453023779298792,0.00033407572383073496,0.5,0.5197025371361634,0.298103199073582,0.17650103854426516,0.45198110108839973,0.785860815444292,0.2042412903420493
2021-05-29 00:30:00,0.2719665271966527,-0.2509960159362551,0.5806403574087862,0.5697196929119801,0.4453023779298792,0.00033407572383073496,0.5,0.5197025371361634,0.298103199073582,0.17650103854426516,0.45198110108839973,0.785860815444292,0.17013443577711726
2021-05-29 00:40:00,0.2873082287308229,-0.3944223107569722,0.5773641102010423,0.5611497946795214,0.4453023779298792,0.00033407572383073496,0.5,0.5197025371361634,0.298103199073582,0.17650103854426516,0.45198110108839973,0.785860815444292,0.17288803053849752
2021-05-29 00:50:00,0.303347280334728,-0.5298804780876495,0.5720029784065523,0.5572219246563115,0.4453023779298792,0.00033407572383073496,0.5,0.5197025371361634,0.298103199073582,0.17650103854426516,0.45198110108839973,0.785860815444292,0.1984172488193491
2021-05-29 01:00:00,0.39539748953974896,-0.1872509960159363,0.5681310498883096,0.5400821281913943,0.4453023779298792,0.00022271714922048998,0.5,0.3907769035191846,0.2992870833057944,0.22487149607820983,0.3682388733850626,0.8360570234154013,0.33623278060262235
2021-05-29 01:10:00,0.5411436541143654,-0.3466135458167332,0.5660461653015634,0.5347259417961079,0.4334977948201175,0.00022271714922048998,0.5,0.3907769035191846,0.2992870833057944,0.22487149607820983,0.3682388733850626,0.8360570234154013,0.5489460898954388
2021-05-29 01:20:00,0.37447698744769875,0.2350597609561753,0.5642591213700667,0.5393679700053562,0.42997735928073183,0.00022271714922048998,0.5,0.3907769035191846,0.2992870833057944,0.22487149607820983,0.3682388733850626,0.8360570234154013,0.31436999260678666
2021-05-29 01:30:00,0.4588563458856346,0.43426294820717115,0.5568131049888307,0.535440099982146,0.44188663935820754,0.00033407572383073496,0.5,0.3907769035191846,0.2992870833057944,0.22487149607820983,0.3682388733850626,0.8360570234154013,0.43453988563151624
2021-05-29 01:40:00,0.4707112970711297,0.4501992031872508,0.5556217423678329,0.5336547045170503,0.4624203321511301,0.00033407572383073496,0.5,0.3907769035191846,0.2992870833057944,0.22487149607820983,0.3682388733850626,0.8360570234154013,0.5079590204746746
2021-05-29 01:50:00,0.5355648535564853,0.19521912350597592,0.5526433358153384,0.5332976254240314,0.47847822957427594,0.00033407572383073496,0.5,0.3907769035191846,0.2992870833057944,0.22487149607820983,0.3682388733850626,0.8360570234154013,0.6142025136925329
2021-05-29 02:00:00,0.5864714086471409,0.4501992031872508,0.5431124348473564,0.517586145331191,0.48084699846880685,0.00033407572383073496,0.5,0.35653622162194076,0.29778423997218445,0.23726123595327508,0.29532078352337876,0.8634299659626574,0.7058330944369842
2021-05-29 02:10:00,0.5516039051603905,-0.29083665338645437,0.5356664184661204,0.5161578289591144,0.4901650285953593,0.00033407572383073496,0.5,0.35653622162194076,0.29778423997218445,0.23726123595327508,0.29532078352337876,0.8634299659626574,0.5295275887562805
2021-05-29 02:20:00,0.5348675034867504,-0.19521912350597614,0.53596425912137,0.5147295125870381,0.4901650285953593,0.00033407572383073496,0.5,0.35653622162194076,0.29778423997218445,0.23726123595327508,0.29532078352337876,0.8634299659626574,0.49032846990660417
2021-05-29 02:30:00,0.5383542538354253,0.01195219123505975,0.5314966492926283,0.511158721656847,0.4901650285953593,0.00033407572383073496,0.5,0.35653622162194076,0.29778423997218445,0.23726123595327508,0.29532078352337876,0.8634299659626574,0.524880426090499
2021-05-29 02:40:00,0.402370990237099,0.2669322709163344,0.5306031273268801,0.5086591680057133,0.4914344793288924,0.00022271714922048998,0.5,0.35653622162194076,0.29778423997218445,0.23726123595327508,0.29532078352337876,0.8634299659626574,0.32999381384190596
2021-05-29 02:50:00,0.31729428172942814,-0.11553784860557781,0.5216679076693966,0.5154436707730763,0.5013414298988366,0.00022271714922048998,0.5,0.35653622162194076,0.29778423997218445,0.23726123595327508,0.29532078352337876,0.8634299659626574,0.22228676614813583
2021-05-29 03:00:00,0.4086471408647141,-0.38645418326693237,0.5186895011169024,0.507587930726656,0.5013545170198008,0.00022271714922048998,0.5,0.3279711349022403,0.3018703646765729,0.2538156784612679,0.2743414916753443,0.8748648762811191,0.3032650844184257
2021-05-29 03:10:00,0.33891213389121344,-0.23505976095617542,0.5145197319434103,0.5015175861453312,0.5013545170198008,0.00022271714922048998,0.5,0.3279711349022403,0.3018703646765729,0.2538156784612679,0.2743414916753443,0.8748648762811191,0.24698613395295502
2021-05-29 03:20:00,0.2782426778242678,0.2828685258964143,0.5145197319434103,0.49223352972683454,0.5013545170198008,0.00022271714922048998,0.5,0.3279711349022403,0.3018703646765729,0.2538156784612679,0.2743414916753443,0.8748648762811191,0.20367548319929993
2021-05-29 03:30:00,0.30613668061366806,0.2589641434262948,0.5112434847356664,0.4861631851455097,0.5013545170198008,0.00022271714922048998,0.5,0.3279711349022403,0.3018703646765729,0.2538156784612679,0.2743414916753443,0.8748648762811191,0.21939737767249573
2021-05-29 03:40:00,0.3451882845188285,-0.26693227091633476,0.5118391660461652,0.48437778968041423,0.5013545170198008,0.00022271714922048998,0.5,0.3279711349022403,0.3018703646765729,0.2538156784612679,0.2743414916753443,0.8748648762811191,0.24893251052401288
2021-05-29 03:50:00,0.41143654114365413,-0.42629482071713154,0.5145197319434103,0.4811640778432422,0.4981743466254858,0.00022271714922048998,0.5,0.3279711349022403,0.3018703646765729,0.2538156784612679,0.2743414916753443,0.8748648762811191,0.28686422137393064
2021-05-29 04:00:00,0.47419804741980476,0.22709163346613526,0.5183916604616527,0.48437778968041423,0.4901126801115023,0.00022271714922048998,0.5,0.3271731288833417,0.3080052987439928,0.2826548587499907,0.27646348749847266,0.8917041607157402,0.3652247385971001
2021-05-29 04:10:00,0.46443514644351463,0.3306772908366533,0.5225614296351451,0.47295125870380295,0.4901126801115023,0.00022271714922048998,0.5,0.3271731288833417,0.3080052987439928,0.2826548587499907,0.27646348749847266,0.8917041607157402,0.40251520135190183
2021-05-29 04:20:00,0.41841004184100417,0.2669322709163344,0.5222635889798957,0.4683092304945544,0.4901126801115023,0.00022271714922048998,0.5,0.3271731288833417,0.3080052987439928,0.2826548587499907,0.27646348749847266,0.8917041607157402,0.2890142885163783
2021-05-29 04:30:00,0.22733612273361226,0.12350597609561742,0.5169024571854057,0.46795215140153545,0.4901126801115023,0.00022271714922048998,0.5,0.3271731288833417,0.3080052987439928,0.2826548587499907,0.27646348749847266,0.8917041607157402,0.12339122169078263
2021-05-29 04:40:00,0.1506276150627615,0.4501992031872508,0.5112434847356664,0.4704517050526693,0.49326667626388865,0.00022271714922048998,0.5,0.3271731288833417,0.3080052987439928,0.2826548587499907,0.27646348749847266,0.8917041607157402,0.07108800941503086
2021-05-29 04:50:00,0.12273361227336123,0.19521912350597592,0.5029039463886817,0.4879485806106054,0.5065893654055045,0.00022271714922048998,0.5,0.3271731288833417,0.3080052987439928,0.2826548587499907,0.27646348749847266,0.8917041607157402,0.0479955338956199
2021-05-29 05:00:00,0.08507670850767085,0.689243027888446,0.47133283693224115,0.47937868237814674,0.5141275470809177,0.000556792873051225,0.5,0.32569925585922044,0.3055369575899324,0.29424871318538437,0.2653784770614524,0.916028466498499,0.00897747333162334
2021-05-29 05:10:00,0.08577405857740586,0.6487894575543978,0.4418466120625464,0.47116586323870724,0.5395296488725445,0.8150334075723831,0.5,0.32569925585922044,0.3055369575899324,0.29424871318538437,0.2653784770614524,0.916028466498499,0.0
2021-05-29 05:20:00,0.09483960948396096,0.6083358872203493,0.4591213700670138,0.4722371005177646,0.5395296488725445,0.9992204899777284,0.5,0.32569925585922044,0.3055369575899324,0.29424871318538437,0.2653784770614524,0.916028466498499,0.0
2021-05-29 05:30:00,0.0801952580195258,0.5678823168863008,0.4760982874162323,0.47652204963399414,0.5395296488725445,0.9992204899777284,0.5,0.32569925585922044,0.3055369575899324,0.29424871318538437,0.2653784770614524,0.916028466498499,0.0
2021-05-29 05:40:00,0.09344490934449094,0.5274287465522525,0.48324646314221864,0.4722371005177646,0.5395296488725445,0.9992204899777284,0.5,0.32569925585922044,0.3055369575899324,0.29424871318538437,0.2653784770614524,0.916028466498499,0.0
2021-05-29 05:50:00,0.08647140864714087,0.4869751762182042,0.4847356664184659,0.4658096768434208,0.5395296488725445,0.9992204899777284,0.5,0.32569925585922044,0.3055369575899324,0.29424871318538437,0.2653784770614524,0.916028466498499,0.0
2021-05-29 06:00:00,0.0808926080892608,0.44652160588415546,0.4811615785554726,0.46295304409926796,0.5395296488725445,0.9992204899777284,0.5,0.31841961054931534,0.3529239354380802,0.2748126733469811,0.2772290995194762,0.9859280712243665,0.0
2021-05-29 06:10:00,0.06694560669456066,0.40606803555010695,0.47580044676098265,0.4575968577039815,0.5395296488725445,0.9992204899777284,0.5,0.31841961054931534,0.3529239354380802,0.2748126733469811,0.2772290995194762,0.9859280712243665,0.0
2021-05-29 06:20:00,0.05439330543933055,0.36561446521605867,0.47550260610573325,0.45545438314586684,0.5395296488725445,0.9992204899777284,0.5,0.31841961054931534,0.3529239354380802,0.2748126733469811,0.2772290995194762,0.9859280712243665,0.0
2021-05-29 06:30:00,0.0404463040446304,0.3251608948820104,0.4692479523454949,0.4497411176575612,0.5395296488725445,0.9992204899777284,0.5,0.31841961054931534,0.3529239354380802,0.2748126733469811,0.2772290995194762,0.9859280712243665,0.0
2021-05-29 06:40:00,0.09832635983263598,0.2847073245479619,0.4615040953090095,0.4450990894483129,0.5395296488725445,0.9992204899777284,0.5,0.31841961054931534,0.3529239354380802,0.2748126733469811,0.2772290995194762,0.9859280712243665,0.0
2021-05-29 06:50:00,0.06415620641562064,0.24425375421391338,0.45673864482501836,0.4415282985181217,0.5395296488725445,0.9992204899777284,0.5,0.31841961054931534,0.3529239354380802,0.2748126733469811,0.2772290995194762,0.9859280712243665,0.0
2021-05-29 07:00:00,0.398884239888424,0.2038001838798651,0.45465376023827253,0.4368862703088734,0.5830966745625629,0.5817371937639199,0.5,0.33104912476490234,0.338562155358945,0.3167925867506886,0.3263296796383434,0.032795326374560965,0.07812665027083303
2021-05-29 07:10:00,0.3270571827057183,0.1633466135458166,0.4704393149664927,0.4475986430994465,0.6188245147949902,0.00011135857461024499,0.5,0.33104912476490234,0.338562155358945,0.3167925867506886,0.3263296796383434,0.032795326374560965,0.21445599529248457
2021-05-29 07:20:00,0.2684797768479777,0.11553784860557759,0.45971705137751284,0.4272451347973576,0.6268076585831883,0.00011135857461024499,0.5,0.33104912476490234,0.338562155358945,0.3167925867506886,0.3263296796383434,0.032795326374560965,0.14013156902092733
2021-05-29 07:30:00,0.24546722454672246,0.003984063745019917,0.4507818317200294,0.39260846277450456,0.6268600070670454,0.00022271714922048998,0.5,0.33104912476490234,0.338562155358945,0.3167925867506886,0.3263296796383434,0.032795326374560965,0.11037765740754711
2021-05-29 07:40:00,0.23291492329149233,-0.2749003984063746,0.4457185405807891,0.37868237814675965,0.6192563897868109,0.00033407572383073496,0.5,0.33104912476490234,0.338562155358945,0.3167925867506886,0.3263296796383434,0.032795326374560965,0.10729212245575388
2021-05-29 07:50:00,0.19456066945606695,-0.3545816733067729,0.4427401340282946,0.3726120335654348,0.6125688709740744,0.00022271714922048998,0.5,0.33104912476490234,0.338562155358945,0.3167925867506886,0.3263296796383434,0.032795326374560965,0.0723478733195528
2021-05-29 08:00:00,0.1311018131101813,-0.4183266932270917,0.4427401340282946,0.3743974290305303,0.5991022235018518,0.00033407572383073496,0.5,0.3670487151889634,0.3539066742910338,0.25831276091213345,0.30390633524594624,0.09017731322686275,0.032386800850973944
2021-05-29 08:10:00,0.11506276150627615,0.346613545816733,0.4463142218912881,0.3836814854490269,0.588959704754551,0.00033407572383073496,0.5,0.3670487151889634,0.3539066742910338,0.25831276091213345,0.30390633524594624,0.09017731322686275,0.022451227424295006
2021-05-29 08:20:00,0.07601115760111576,0.49800796812749004,0.4516753536857778,0.39332262096054293,0.588959704754551,0.0014476614699331849,0.5,0.3670487151889634,0.3539066742910338,0.25831276091213345,0.30390633524594624,0.09017731322686275,0.0
2021-05-29 08:30:00,0.09553695955369597,-0.6334661354581674,0.45554728220402074,0.3854668809141224,0.578045045870359,0.46636971046770603,0.5,0.3670487151889634,0.3539066742910338,0.25831276091213345,0.30390633524594624,0.09017731322686275,0.0
2021-05-29 08:40:00,0.13528591352859135,-0.5458167330677292,0.47520476545048385,0.397964649169791,0.5724961065815132,0.9992204899777284,0.5,0.3670487151889634,0.3539066742910338,0.25831276091213345,0.30390633524594624,0.09017731322686275,0.0
2021-05-29 08:50:00,0.11018131101813111,0.5537848605577689,0.49218168279970187,0.4229601856811285,0.5724961065815132,0.9992204899777284,0.5,0.3670487151889634,0.3539066742910338,0.25831276091213345,0.30390633524594624,0.09017731322686275,0.0
2021-05-29 09:00:00,0.13668061366806136,0.97609561752988,0.5014147431124347,0.4336725584717014,0.5724961065815132,0.9992204899777284,0.5,0.40220944205951303,0.3520388957693374,0.24629839084290434,0.3568844196640457,0.1467027004975414,0.0
2021-05-29 09:10:00,0.1771269177126918,-0.003984063745020028,0.5148175725986597,0.4372433494018926,0.5655337582285273,0.7570155902004455,0.5,0.40220944205951303,0.3520388957693374,0.24629839084290434,0.3568844196640457,0.1467027004975414,0.0
2021-05-29 09:20:00,0.099721059972106,-0.23505976095617542,0.5294117647058822,0.4450990894483129,0.583253720014134,0.24922048997772828,0.5,0.40220944205951303,0.3520388957693374,0.24629839084290434,0.3568844196640457,0.1467027004975414,0.0
2021-05-29 09:30:00,0.08298465829846582,-0.6334661354581674,0.5407297096053609,0.4540260667737903,0.5812906518694951,0.9993318485523385,0.5,0.40220944205951303,0.3520388957693374,0.24629839084290434,0.3568844196640457,0.1467027004975414,0.0
2021-05-29 09:40:00,0.11854951185495119,-0.5099601593625498,0.5490692479523454,0.4654525977504018,0.5812906518694951,0.9993318485523385,0.5,0.40220944205951303,0.3520388957693374,0.24629839084290434,0.3568844196640457,0.1467027004975414,0.0
2021-05-29 09:50:00,0.0815899581589958,-0.38645418326693237,0.5588979895755768,0.47473665416889843,0.5812906518694951,0.9993318485523385,0.5,0.40220944205951303,0.3520388957693374,0.24629839084290434,0.3568844196640457,0.1467027004975414,0.0
2021-05-29 10:00:00,0.0697350069735007,-0.5776892430278885,0.5669396872673118,0.4811640778432422,0.5812906518694951,0.9993318485523385,0.5,0.557355073321764,0.3499699718683822,0.22473098602926847,0.37775078274449303,0.17588328808651252,0.0
2021-05-29 10:10:00,0.08926080892608089,-0.32138114209827373,0.5773641102010423,0.4879485806106054,0.5812906518694951,0.9993318485523385,0.5,0.557355073321764,0.3499699718683822,0.22473098602926847,0.37775078274449303,0.17588328808651252,0.0
2021-05-29 10:20:00,0.11576011157601115,-0.06507304116865864,0.5857036485480267,0.49080521335475824,0.5812906518694951,0.9993318485523385,0.5,0.557355073321764,0.3499699718683822,0.22473098602926847,0.37775078274449303,0.17588328808651252,0.0
2021-05-29 10:30:00,0.07670850767085077,0.191235059760956,0.5922561429635145,0.4993751115872165,0.5812906518694951,0.9993318485523385,0.5,0.557355073321764,0.3499699718683822,0.22473098602926847,0.37775078274449303,0.17588328808651252,0.0
2021-05-29 10:40:00,0.1771269177126918,0.4475431606905711,0.6029784065524944,0.5061596143545797,0.6001622802999569,0.9993318485523385,0.5,0.557355073321764,0.3499699718683822,0.22473098602926847,0.37775078274449303,0.17588328808651252,0.0
2021-05-29 10:50:00,0.09623430962343095,0.7038512616201857,0.6095309009679819,0.5190144617032673,0.660585517791941,0.9993318485523385,0.5,0.557355073321764,0.3499699718683822,0.22473098602926847,0.37775078274449303,0.17588328808651252,0.0
2021-05-29 11:00:00,0.06415620641562064,0.9601593625498008,0.6125093075204764,0.5282985181217639,0.660585517791941,0.9993318485523385,0.5,0.5616382103666071,0.3551853842020405,0.22884711885285974,0.2096387413751576,0.27704547364478976,0.0
2021-05-29 11:10:00,0.100418410041841,0.4183266932270917,0.6157855547282203,0.5350830208891268,0.660585517791941,0.9993318485523385,0.5,0.5616382103666071,0.3551853842020405,0.22884711885285974,0.2096387413751576,0.27704547364478976,0.0
2021-05-29 11:20:00,0.13319386331938632,-0.019920318725099695,0.6208488458674608,0.5404392072844135,0.660585517791941,0.9993318485523385,0.5,0.5616382103666071,0.3551853842020405,0.22884711885285974,0.2096387413751576,0.27704547364478976,0.0
2021-05-29 11:30:00,0.10320781032078104,-0.06972111553784877,0.6285927029039462,0.5497232637029101,0.660585517791941,0.9993318485523385,0.5,0.5616382103666071,0.3551853842020405,0.22884711885285974,0.2096387413751576,0.27704547364478976,0.0
2021-05-29 11:40:00,0.10181311018131102,-0.11952191235059773,0.635740878629933,0.5575790037493304,0.660585517791941,0.9993318485523385,0.5,0.5616382103666071,0.3551853842020405,0.22884711885285974,0.2096387413751576,0.27704547364478976,0.0
2021-05-29 11:50:00,0.055788005578800565,-0.16932270916334657,0.644080416976917,0.5682913765399038,0.660585517791941,0.9993318485523385,0.5,0.5616382103666071,0.3551853842020405,0.22884711885285974,0.2096387413751576,0.27704547364478976,0.0
2021-05-29 12:00:00,0.11576011157601115,-0.21912350597609564,0.6548026805658969,0.580074986609534,0.660585517791941,0.9993318485523385,0.5,0.565994590795948,0.34746714864930717,0.2205109924384543,0.13310530360474065,0.47021647277385004,0.0
2021-05-29 12:10:00,0.10320781032078104,-0.2689243027888446,0.6598659717051376,0.5850740939118015,0.660585517791941,0.9993318485523385,0.5,0.565994590795948,0.34746714864930717,0.2205109924384543,0.13310530360474065,0.47021647277385004,0.0
2021-05-29 12:20:00,0.03486750348675035,-0.31872509960159356,0.6679076693968726,0.5879307266559544,0.660585517791941,0.9993318485523385,0.5,0.565994590795948,0.34746714864930717,0.2205109924384543,0.13310530360474065,0.47021647277385004,0.0
2021-05-29 12:30:00,0.0808926080892608,-0.36852589641434264,0.6783320923306031,0.5982860203535083,0.660585517791941,0.9993318485523385,0.5,0.565994590795948,0.34746714864930717,0.2205109924384543,0.13310530360474065,0.47021647277385004,0.0
2021-05-29 12:40:00,0.07252440725244073,-0.4183266932270917,0.6872673119880861,0.6082842349580433,0.660585517791941,0.9993318485523385,0.5,0.565994590795948,0.34746714864930717,0.2205109924384543,0.13310530360474065,0.47021647277385004,0.0
2021-05-29 12:50:00,0.05090655509065551,-0.18525896414342635,0.6956068503350705,0.6161399750044634,0.660585517791941,0.9993318485523385,0.5,0.565994590795948,0.34746714864930717,0.2205109924384543,0.13310530360474065,0.47021647277385004,0.0
2021-05-29 13:00:00,0.17503486750348674,0.04780876494023878,0.7048399106478034,0.6243527941439027,0.661095915509547,0.9993318485523385,0.5,0.6891144854802325,0.3380822799541404,0.1439978177825612,0.23726400556195598,0.712213400193698,0.0
2021-05-29 13:10:00,0.15341701534170155,0.28087649402390436,0.7087118391660459,0.6236386359578647,0.7534255539123949,0.9993318485523385,0.5,0.6891144854802325,0.3380822799541404,0.1439978177825612,0.23726400556195598,0.712213400193698,0.0
2021-05-29 13:20:00,0.19316596931659694,0.5139442231075697,0.7107967237527921,0.6361364042135333,0.7915352501603173,0.20033407572383072,0.5,0.6891144854802325,0.3380822799541404,0.1439978177825612,0.23726400556195598,0.712213400193698,0.00500927923714109
2021-05-29 13:30:00,0.11366806136680613,-0.38645418326693237,0.7185405807892775,0.6343510087484376,0.8086270301396395,0.007683741648106904,0.5,0.6891144854802325,0.3380822799541404,0.1439978177825612,0.23726400556195598,0.712213400193698,0.005861761998883473
2021-05-29 13:40:00,0.07670850767085077,-0.50199203187251,0.7221146686522708,0.6511337261203356,0.8241614427242151,0.6071269487750557,0.5,0.6891144854802325,0.3380822799541404,0.1439978177825612,0.23726400556195598,0.712213400193698,0.0
2021-05-29 13:50:00,0.1701534170153417,-0.6175298804780878,0.721518987341772,0.660060703445813,0.8331915561895538,0.9993318485523385,0.5,0.6891144854802325,0.3380822799541404,0.1439978177825612,0.23726400556195598,0.712213400193698,0.0
2021-05-29 14:00:00,0.2105997210599721,0.5059760956175297,0.7209233060312732,0.6575611497946796,0.858659093586002,0.27572383073496665,0.5,0.7126391199053572,0.3109448947866,0.13639353567541268,0.42231275831586534,0.7928143967894197,0.006465289617816136
2021-05-29 14:10:00,0.10599721059972106,0.191235059760956,0.7250930752047653,0.6643456525620426,0.8637892450039917,0.6300668151447661,0.5,0.7126391199053572,0.3109448947866,0.13639353567541268,0.42231275831586534,0.7928143967894197,0.0
2021-05-29 14:20:00,0.20920502092050208,-0.12350597609561753,0.7322412509307519,0.680057132654883,0.8666029760113073,0.35746102449888645,0.5,0.7126391199053572,0.3109448947866,0.13639353567541268,0.42231275831586534,0.7928143967894197,0.013617091902168173
2021-05-29 14:30:00,0.2496513249651325,0.31474103585657365,0.7399851079672375,0.6854133190501694,0.8035361400845428,0.7732739420935412,0.5,0.7126391199053572,0.3109448947866,0.13639353567541268,0.42231275831586534,0.7928143967894197,0.0
2021-05-29 14:40:00,0.32217573221757323,0.7529880478087649,0.7420699925539835,0.7104088555615069,0.5782282655638586,0.9932071269487751,0.5,0.7126391199053572,0.3109448947866,0.13639353567541268,0.42231275831586534,0.7928143967894197,0.0
2021-05-29 14:50:00,0.23500697350069735,0.4262948207171313,0.7426656738644823,0.7261203356543473,0.37795605344780203,0.2773942093541203,0.5,0.7126391199053572,0.3109448947866,0.13639353567541268,0.42231275831586534,0.7928143967894197,0.0399686165638155
2021-05-29 15:00:00,0.39609483960948394,0.09960159362549792,0.7334326135517495,0.6768434208177112,0.3619766787504417,0.00011135857461024499,0.5,0.7290631817579944,0.2935199579318817,0.13344041517929553,0.466117376126486,0.806688233191793,0.34026132745899784
2021-05-29 15:10:00,0.29288702928870297,0.3705179282868525,0.7063291139240504,0.6311372969112659,0.379775163261834,0.00011135857461024499,0.5,0.7290631817579944,0.2935199579318817,0.13344041517929553,0.466117376126486,0.806688233191793,0.22384839386212413
2021-05-29 15:20:00,0.21338912133891214,-0.059760956175298974,0.6973938942665674,0.6161399750044634,0.42486029498370653,0.031180400890868595,0.5,0.7290631817579944,0.2935199579318817,0.13344041517929553,0.466117376126486,0.806688233191793,0.03698869894533549
2021-05-29 15:30:00,0.45258019525801957,-0.02788844621513953,0.6988830975428144,0.6122121049812534,0.3979008257973329,0.00011135857461024499,0.5,0.7290631817579944,0.2935199579318817,0.13344041517929553,0.466117376126486,0.806688233191793,0.4689258717202046
2021-05-29 15:40:00,0.48117154811715485,-0.07569721115537853,0.7009679821295605,0.6179253704695589,0.39639580688644305,0.00022271714922048998,0.5,0.7290631817579944,0.2935199579318817,0.13344041517929553,0.466117376126486,0.806688233191793,0.5105391010456116
2021-05-29 15:50:00,0.3186889818688982,-0.003984063745020028,0.7003723008190617,0.6286377432601322,0.38341338288989807,0.00011135857461024499,0.5,0.7290631817579944,0.2935199579318817,0.13344041517929553,0.466117376126486,0.806688233191793,0.24432306833441467
2021-05-29 16:00:00,0.2112970711297071,0.5697211155378485,0.7063291139240504,0.6504195679342974,0.3795395950844773,0.3094654788418708,0.5,0.7523435381557675,0.26642280184019296,0.12207279714039224,0.47314006096927874,0.799602957796385,0.00984504428383904
2021-05-29 16:10:00,0.15341701534170155,-0.33864541832669326,0.7096053611317943,0.6604177825388324,0.38613550405046393,0.2145879732739421,0.5,0.7523435381557675,0.26642280184019296,0.12207279714039224,0.47314006096927874,0.799602957796385,0.05726722694147291
2021-05-29 16:20:00,0.1924686192468619,-0.3266932270916335,0.7256887565152641,0.6664881271201573,0.3902186857913128,0.9982182628062362,0.5,0.7523435381557675,0.26642280184019296,0.12207279714039224,0.47314006096927874,0.799602957796385,0.0
2021-05-29 16:30:00,0.24198047419804744,-0.31474103585657376,0.7459419210722262,0.6961256918407428,0.43098506759497984,0.07939866369710467,0.5,0.7523435381557675,0.26642280184019296,0.12207279714039224,0.47314006096927874,0.799602957796385,0.08410157369826637
2021-05-29 16:40:00,0.3702928870292887,0.33864541832669315,0.7328369322412507,0.6907695054454563,0.45261807854890007,0.00011135857461024499,0.5,0.7523435381557675,0.26642280184019296,0.12207279714039224,0.47314006096927874,0.799602957796385,0.3005567542284654
2021-05-29 16:50:00,0.43165969316596936,-0.20318725099601598,0.7084139985107967,0.6632744152829853,0.4608760518773474,0.00011135857461024499,0.5,0.7523435381557675,0.26642280184019296,0.12207279714039224,0.47314006096927874,0.799602957796385,0.4005311043046607
2021-05-29 17:00:00,0.6394700139470014,0.17131474103585642,0.6941176470588233,0.6414925906088198,0.45528785122560883,0.025167037861915365,0.5,0.7468309061734233,0.251917346490158,0.12718251862233704,0.4628034307678949,0.7960623977468417,0.805045490894277
2021-05-29 17:10:00,0.7168758716875872,-0.08366533864541836,0.6887565152643333,0.6293519014461701,0.4605881352161338,0.018485523385300667,0.5,0.7468309061734233,0.251917346490158,0.12718251862233704,0.4628034307678949,0.7960623977468417,0.798270893371758
2021-05-29 17:20:00,0.590655509065551,0.13147410358565725,0.6878629932985851,0.6368505623995715,0.4654565442148381,0.002561247216035635,0.5,0.7468309061734233,0.251917346490158,0.12718251862233704,0.4628034307678949,0.7960623977468417,0.7914962958492389
2021-05-29 17:30:00,0.4428172942817294,0.13147410358565725,0.6869694713328367,0.6564899125156223,0.48177618405726924,0.00022271714922048998,0.5,0.7468309061734233,0.251917346490158,0.12718251862233704,0.4628034307678949,0.7960623977468417,0.43969250267815385
2021-05-29 17:40:00,0.50697350069735,-0.05179282868525903,0.6881608339538345,0.669701838957329,0.4769993849053147,0.0069042316258351895,0.5,0.7468309061734233,0.251917346490158,0.12718251862233704,0.4628034307678949,0.7960623977468417,0.610558715693227
2021-05-29 17:50:00,0.45397489539748953,0.05179282868525892,0.6899478778853312,0.6839850026780931,0.47480074858331917,0.0027839643652561247,0.5,0.7468309061734233,0.251917346490158,0.12718251862233704,0.4628034307678949,0.7960623977468417,0.46915219457730434
2021-05-29 18:00:00,0.49860529986053004,-0.2589641434262948,0.6899478778853312,0.6954115336547044,0.4737276046642499,0.011469933184855235,0.5,0.6891632810501418,0.26018729508314575,0.1633415369389886,0.4850799885562936,0.8090254845598813,0.4770206859091389
2021-05-29 18:10:00,0.41841004184100417,0.14741035856573692,0.6899478778853312,0.6971969291198001,0.4553794610723587,0.04354120267260579,0.5,0.6891632810501418,0.26018729508314575,0.1633415369389886,0.4850799885562936,0.8090254845598813,0.3035291277517087
2021-05-29 18:20:00,0.29707112970711297,0.043824701195219085,0.6899478778853312,0.6979110873058383,0.44849563544515847,0.013919821826280624,0.5,0.6891632810501418,0.26018729508314575,0.1633415369389886,0.4850799885562936,0.8090254845598813,0.17951174615628349
2021-05-29 18:30:00,0.3437935843793584,-0.043824701195219196,0.6884586746090839,0.6964827709337618,0.45513080577403775,0.00022271714922048998,0.5,0.6891632810501418,0.26018729508314575,0.1633415369389886,0.4850799885562936,0.8090254845598813,0.24467009671530093
2021-05-29 18:40:00,0.1206415620641562,0.36254980079681287,0.6860759493670885,0.6964827709337618,0.44723927183258955,0.2577951002227171,0.5,0.6891632810501418,0.26018729508314575,0.1633415369389886,0.4850799885562936,0.8090254845598813,0.018037931710849917
2021-05-29 18:50:00,0.24755927475592746,0.29083665338645415,0.6938198064035739,0.7061239064452778,0.4614126238368822,0.5430957683741648,0.5,0.6891632810501418,0.26018729508314575,0.1633415369389886,0.4850799885562936,0.8090254845598813,0.03876156132595018
2021-05-29 19:00:00,0.33821478382147835,0.12350597609561742,0.6917349218168278,0.6989823245848956,0.45836332465220975,0.00011135857461024499,0.5,0.6753774485753727,0.2606470559500224,0.16804494596894046,0.5332011505197669,0.8331978294278096,0.24292741071563287
2021-05-29 19:10:00,0.398884239888424,0.1633466135458166,0.6869694713328367,0.6818425281199787,0.4767769038489223,0.00011135857461024499,0.5,0.6753774485753727,0.2606470559500224,0.16804494596894046,0.5332011505197669,0.8331978294278096,0.3320835282224603
2021-05-29 19:20:00,0.3591352859135286,-0.059760956175298974,0.6827997021593446,0.6768434208177112,0.4558113360641793,0.00011135857461024499,0.5,0.6753774485753727,0.2606470559500224,0.16804494596894046,0.5332011505197669,0.8331978294278096,0.2622101181405314
2021-05-29 19:30:00,0.3179916317991632,0.1394422310756971,0.6804169769173491,0.6718443135154437,0.44390205598670346,0.00011135857461024499,0.5,0.6753774485753727,0.2606470559500224,0.16804494596894046,0.5332011505197669,0.8331978294278096,0.2307059764322465
2021-05-29 19:40:00,0.23640167364016737,0.4820717131474104,0.6783320923306031,0.6622031780039279,0.4666998207064428,0.00011135857461024499,0.5,0.6753774485753727,0.2606470559500224,0.16804494596894046,0.5332011505197669,0.8331978294278096,0.11181857959774884
2021-05-29 19:50:00,0.26638772663877264,0.09163346613545809,0.6747580044676096,0.6614890198178898,0.46137336247398936,0.00011135857461024499,0.5,0.6753774485753727,0.2606470559500224,0.16804494596894046,0.5332011505197669,0.8331978294278096,0.1457745522579477
2021-05-29 20:00:00,0.21617852161785217,-0.3705179282868527,0.6720774385703647,0.6614890198178898,0.4793681537998456,0.00011135857461024499,0.5,0.6718678697348397,0.2549402741898852,0.16451761112119284,0.5414935629932551,0.887021601917577,0.08276626884137785
2021-05-29 20:10:00,0.2085076708507671,-0.05179282868525903,0.6679076693968726,0.6614890198178898,0.4522516391619008,0.00011135857461024499,0.5,0.6718678697348397,0.2549402741898852,0.16451761112119284,0.5414935629932551,0.887021601917577,0.07770418093758016
2021-05-29 20:20:00,0.20920502092050208,0.2749003984063745,0.665524944154877,0.660060703445813,0.4735443849707503,0.00011135857461024499,0.5,0.6718678697348397,0.2549402741898852,0.16451761112119284,0.5414935629932551,0.887021601917577,0.07907720627065196
2021-05-29 20:30:00,0.18758716875871687,-0.11553784860557781,0.6634400595681309,0.6575611497946796,0.45942338145031475,0.00011135857461024499,0.5,0.6718678697348397,0.2549402741898852,0.16451761112119284,0.5414935629932551,0.887021601917577,0.07055237865322812
2021-05-29 20:40:00,0.1311018131101813,-0.043824701195219196,0.6628443782576319,0.6514908052133548,0.45496067320150235,0.00011135857461024499,0.5,0.6718678697348397,0.2549402741898852,0.16451761112119284,0.5414935629932551,0.887021601917577,0.031715376374911355
2021-05-29 20:50:00,0.12343096234309624,0.3227091633466135,0.658078927773641,0.6582753079807178,0.47406786980932064,0.00011135857461024499,0.5,0.6718678697348397,0.2549402741898852,0.16451761112119284,0.5414935629932551,0.887021601917577,0.01725334580623746
2021-05-29 21:00:00,0.09344490934449094,0.3227091633466135,0.6559940431868949,0.6625602570969469,0.5140359372341679,0.00044543429844097997,0.5,0.6831049925239048,0.26067004399336685,0.17016819484026305,0.4202827527425328,0.9496943155038653,0.004292590189658554
2021-05-29 21:10:00,0.06485355648535565,-0.059760956175298974,0.6539091586001489,0.6504195679342974,0.5143892895002029,0.4348552338530067,0.5,0.6831049925239048,0.26067004399336685,0.17016819484026305,0.4202827527425328,0.9496943155038653,0.0
2021-05-29 21:20:00,0.1297071129707113,-0.15936254980079678,0.6625465376023827,0.6311372969112659,0.5143892895002029,0.9993318485523385,0.5,0.6831049925239048,0.26067004399336685,0.17016819484026305,0.4202827527425328,0.9496943155038653,0.0
2021-05-29 21:30:00,0.17433751743375175,-0.2589641434262948,0.6682055100521218,0.6393501160507051,0.5143892895002029,0.6234966592427618,0.5,0.6831049925239048,0.26067004399336685,0.17016819484026305,0.4202827527425328,0.9496943155038653,0.0
2021-05-29 21:40:00,0.201534170153417,0.24302788844621515,0.6744601638123602,0.6311372969112659,0.5143892895002029,0.16213808463251672,0.5,0.6831049925239048,0.26067004399336685,0.17016819484026305,0.4202827527425328,0.9496943155038653,0.014130090378260936
2021-05-29 21:50:00,0.15550906555090654,0.4501992031872508,0.6673119880863736,0.6447063024459916,0.5250029446022169,0.00011135857461024499,0.5,0.6831049925239048,0.26067004399336685,0.17016819484026305,0.4202827527425328,0.9496943155038653,0.04589073132459224
2021-05-29 22:00:00,0.11506276150627615,0.5617529880478087,0.6470588235294115,0.6325656132833424,0.5326458232453443,0.00011135857461024499,0.5,0.587165997992811,0.26614119830923066,0.21863249482566674,0.33238806256138437,0.031149187703021244,0.021938228948202243
2021-05-29 22:10:00,0.14435146443514643,0.7051792828685257,0.6375279225614294,0.6289948223531512,0.5568046485453665,0.00011135857461024499,0.5,0.587165997992811,0.26614119830923066,0.21863249482566674,0.33238806256138437,0.031149187703021244,0.03870120856405691
2021-05-29 22:20:00,0.29358437935843795,-0.02788844621513953,0.6139985107967236,0.6086413140510623,0.6094933975474736,0.00011135857461024499,0.5,0.587165997992811,0.26614119830923066,0.21863249482566674,0.33238806256138437,0.031149187703021244,0.16134556482641038
2021-05-29 22:30:00,0.2719665271966527,-0.38645418326693237,0.5925539836187639,0.5740046420282092,0.595372394027038,0.00011135857461024499,0.5,0.587165997992811,0.26614119830923066,0.21863249482566674,0.33238806256138437,0.031149187703021244,0.13401330778399745
2021-05-29 22:40:00,0.15690376569037656,-0.6733067729083666,0.5773641102010423,0.555793608284235,0.5832275457722055,0.00022271714922048998,0.5,0.587165997992811,0.26614119830923066,0.21863249482566674,0.33238806256138437,0.031149187703021244,0.04134918599212397
2021-05-29 22:50:00,0.13528591352859135,-0.3784860557768924,0.5654504839910646,0.5529369755400819,0.5709387391867663,0.00022271714922048998,0.5,0.587165997992811,0.26614119830923066,0.21863249482566674,0.33238806256138437,0.031149187703021244,0.03766012342139807
2021-05-29 23:00:00,0.13598326359832635,0.6015936254980081,0.5618763961280713,0.5457953936797,0.5784900079831438,0.00022271714922048998,0.5,0.44848521941163133,0.26963250739209227,0.2726972869513213,0.3209509035032537,0.08357326054768766,0.03938017713535616
2021-05-29 23:10:00,0.16875871687587168,0.5617529880478087,0.5577066269545792,0.5407962863774327,0.6009082461949196,0.00022271714922048998,0.5,0.44848521941163133,0.26963250739209227,0.2726972869513213,0.3209509035032537,0.08357326054768766,0.05873078141738461
2021-05-29 23:20:00,0.1387726638772664,0.7131474103585655,0.552941176470588,0.525441885377611,0.6129483974820379,0.00022271714922048998,0.5,0.44848521941163133,0.26963250739209227,0.2726972869513213,0.3209509035032537,0.08357326054768766,0.0407833788493746
2021-05-29 23:30:00,0.1589958158995816,0.4422310756972112,0.5466865227103499,0.5186573826102483,0.6235751397050163,0.00022271714922048998,0.5,0.44848521941163133,0.26963250739209227,0.2726972869513213,0.3209509035032537,0.08357326054768766,0.05023613018090741
2021-05-29 23:40:00,0.1387726638772664,-0.2589641434262948,0.5407297096053609,0.507230851633637,0.6366884349112039,0.00022271714922048998,0.5,0.44848521941163133,0.26963250739209227,0.2726972869513213,0.3209509035032537,0.08357326054768766,0.03794679904039108
2021-05-29 23:50:00,0.19456066945606695,-0.4103585657370519,0.5368577810871182,0.5061596143545797,0.6396330371281622,0.00022271714922048998,0.5,0.44848521941163133,0.26963250739209227,0.2726972869513213,0.3209509035032537,0.08357326054768766,0.05787829865564223
2021-05-30 00:00:00,0.18131101813110181,0.5776892430278884,0.535368577810871,0.5100874843777896,0.6368193061208465,0.00033407572383073496,0.5,0.44319238428896046,0.2687129856583349,0.2792788131516899,0.26407153745354217,0.11885221842602377,0.06681050741584563
2021-05-30 00:10:00,0.18340306834030684,0.4183266932270917,0.5294117647058822,0.49080521335475824,0.6553244951643088,0.00033407572383073496,0.5,0.44319238428896046,0.2687129856583349,0.2792788131516899,0.26407153745354217,0.11885221842602377,0.06788931303468775
2021-05-30 00:20:00,0.11924686192468618,-0.4103585657370519,0.5210722263588978,0.4690233886805928,0.6553244951643088,0.00022271714922048998,0.5,0.44319238428896046,0.2687129856583349,0.2792788131516899,0.26407153745354217,0.11885221842602377,0.025114293042835373
2021-05-30 00:30:00,0.25871687587168757,-0.4820717131474104,0.5145197319434103,0.47116586323870724,0.6410202719503737,0.00044543429844097997,0.5,0.44319238428896046,0.2687129856583349,0.2792788131516899,0.26407153745354217,0.11885221842602377,0.12265190035759013
2021-05-30 00:40:00,0.23361227336122734,0.21912350597609564,0.5145197319434103,0.4658096768434208,0.6249492874062634,0.00044543429844097997,0.5,0.44319238428896046,0.2687129856583349,0.2792788131516899,0.26407153745354217,0.11885221842602377,0.10730721064622721
2021-05-30 00:50:00,0.2085076708507671,-0.019920318725099695,0.5145197319434103,0.45331190858775217,0.6161940034811743,0.000556792873051225,0.5,0.44319238428896046,0.2687129856583349,0.2792788131516899,0.26407153745354217,0.11885221842602377,0.08823573788795509
2021-05-30 01:00:00,0.22873082287308227,0.4183266932270917,0.5115413253909158,0.4465274058203892,0.6127782649095026,0.000556792873051225,0.5,0.3929184720416059,0.26242000879292865,0.2942475718582721,0.20294406618866395,0.16064771573098025,0.10214704950435295
2021-05-30 01:10:00,0.18131101813110181,-0.3545816733067729,0.5109456440804168,0.4458132476343508,0.6249492874062634,0.00022271714922048998,0.5,0.3929184720416059,0.26242000879292865,0.2942475718582721,0.20294406618866395,0.16064771573098025,0.06866635484406355
2021-05-30 01:20:00,0.18688981868898188,-0.5458167330677292,0.5070737155621738,0.4433136939832174,0.6240593631806939,0.00033407572383073496,0.5,0.3929184720416059,0.26242000879292865,0.2942475718582721,0.20294406618866395,0.16064771573098025,0.0667048900825324
2021-05-30 01:30:00,0.198744769874477,0.019920318725099362,0.5055845122859268,0.4461703267273702,0.6084726021122614,0.00033407572383073496,0.5,0.3929184720416059,0.26242000879292865,0.2942475718582721,0.20294406618866395,0.16064771573098025,0.08484843912669554
2021-05-30 01:40:00,0.1701534170153417,-0.05179282868525903,0.5055845122859268,0.4368862703088734,0.6084726021122614,0.00033407572383073496,0.5,0.3929184720416059,0.26242000879292865,0.2942475718582721,0.20294406618866395,0.16064771573098025,0.0637400606545257
2021-05-30 01:50:00,0.14086471408647142,-0.50597609561753,0.5029039463886817,0.43760042849491154,0.603054534033058,0.00022271714922048998,0.5,0.3929184720416059,0.26242000879292865,0.2942475718582721,0.20294406618866395,0.16064771573098025,0.040421262278015
2021-05-30 02:00:00,0.15411436541143653,-0.14741035856573714,0.5017125837676841,0.44081414033208355,0.5920613524230804,0.00022271714922048998,0.5,0.36392186305021323,0.26052349521705065,0.31570071714655035,0.16999425264989876,0.16791005304313003,0.052439005990011625
2021-05-30 02:10:00,0.14853556485355648,-0.17928286852589637,0.4972449739389424,0.4365291912158542,0.5920613524230804,0.00022271714922048998,0.5,0.36392186305021323,0.26052349521705065,0.31570071714655035,0.16999425264989876,0.16791005304313003,0.05228057999004179
2021-05-30 02:20:00,0.16945606694560672,0.06772908366533859,0.49635145197319397,0.4308159257275488,0.5920613524230804,0.00022271714922048998,0.5,0.36392186305021323,0.26052349521705065,0.31570071714655035,0.16999425264989876,0.16791005304313003,0.06266879913092023
2021-05-30 02:30:00,0.1317991631799163,0.7290836653386452,0.49545793000744576,0.43117300482056775,0.5920613524230804,0.00033407572383073496,0.5,0.36392186305021323,0.26052349521705065,0.31570071714655035,0.16999425264989876,0.16791005304313003,0.04630565656260845
2021-05-30 02:40:00,0.12203626220362622,0.2828685258964143,0.49009679821295604,0.4365291912158542,0.5920613524230804,0.00033407572383073496,0.5,0.36392186305021323,0.26052349521705065,0.31570071714655035,0.16999425264989876,0.16791005304313003,0.04027038037328184
2021-05-30 02:50:00,0.10599721059972106,0.6414342629482073,0.48741623231571096,0.4415282985181217,0.6034994961458429,0.00044543429844097997,0.5,0.36392186305021323,0.26052349521705065,0.31570071714655035,0.16999425264989876,0.16791005304313003,0.021862787995835662
2021-05-30 03:00:00,0.10599721059972106,0.4661354581673305,0.48741623231571096,0.4461703267273702,0.6084726021122614,0.00044543429844097997,0.5,0.3592233799820761,0.24914154025637436,0.3159291093831419,0.19033729743853448,0.09785271016785847,0.018762164853569113
2021-05-30 03:10:00,0.11087866108786612,-0.36254980079681276,0.4859270290394637,0.4497411176575612,0.5993901401630655,0.00022271714922048998,0.5,0.3592233799820761,0.24914154025637436,0.3159291093831419,0.19033729743853448,0.09785271016785847,0.023741267709763567
2021-05-30 03:20:00,0.10529986052998605,0.08366533864541825,0.48056589724497356,0.4500981967505804,0.5830312389577417,0.00022271714922048998,0.5,0.3592233799820761,0.24914154025637436,0.3159291093831419,0.19033729743853448,0.09785271016785847,0.0251821898999653
2021-05-30 03:30:00,0.11157601115760113,0.003984063745019917,0.4775874906924793,0.45366898768077135,0.5920220910601877,0.00022271714922048998,0.5,0.3592233799820761,0.24914154025637436,0.3159291093831419,0.19033729743853448,0.09785271016785847,0.022926505424204477
2021-05-30 03:40:00,0.17224546722454673,-0.6334661354581674,0.47133283693224115,0.44688448491340815,0.5596183795526822,0.00022271714922048998,0.5,0.3592233799820761,0.24914154025637436,0.3159291093831419,0.19033729743853448,0.09785271016785847,0.052620064275691415
2021-05-30 03:50:00,0.06624825662482565,-0.1633466135458168,0.4665673864482498,0.4429566148901982,0.5243747627959325,0.000556792873051225,0.5,0.3592233799820761,0.24914154025637436,0.3159291093831419,0.19033729743853448,0.09785271016785847,0.0042171492372919716
2021-05-30 04:00:00,0.17433751743375175,0.09960159362549792,0.4707371556217421,0.4265309766113192,0.5243747627959325,0.1992204899777283,0.5,0.2761337965855106,0.24551804992428317,0.3854382131788535,0.2569681181703881,0.02683067971179886,0.0
2021-05-30 04:10:00,0.1317991631799163,0.1394422310756971,0.4778853313477287,0.40903410105338334,0.5452879820968185,0.08964365256124723,0.5,0.2761337965855106,0.24551804992428317,0.3854382131788535,0.2569681181703881,0.02683067971179886,0.0
2021-05-30 04:20:00,0.17573221757322177,0.191235059760956,0.4802680565897244,0.40867702196036415,0.5408776223318632,0.9978841870824053,0.5,0.2761337965855106,0.24551804992428317,0.3854382131788535,0.2569681181703881,0.02683067971179886,0.0
2021-05-30 04:30:00,0.15829846582984658,0.24302788844621515,0.49456440804169755,0.4315300839135867,0.5408776223318632,0.9996659242761693,0.5,0.2761337965855106,0.24551804992428317,0.3854382131788535,0.2569681181703881,0.02683067971179886,0.0
2021-05-30 04:40:00,0.22245467224546722,0.29482071713147406,0.5008190618019359,0.44259953579717903,0.5271230581984269,0.89543429844098,0.5,0.2761337965855106,0.24551804992428317,0.3854382131788535,0.2569681181703881,0.02683067971179886,0.0
2021-05-30 04:50:00,0.2684797768479777,0.346613545816733,0.5058823529411764,0.4433136939832174,0.47856983942102577,0.0021158129175946547,0.5,0.2761337965855106,0.24551804992428317,0.3854382131788535,0.2569681181703881,0.02683067971179886,0.14373010244881332
2021-05-30 05:00:00,0.4560669456066946,-0.17928286852589637,0.5017125837676841,0.4365291912158542,0.48888249074086193,0.00011135857461024499,0.5,0.2749367875571629,0.23704120894119948,0.4023597825746488,0.3002261195197895,0.0015955640415051236,0.4284819771564797
2021-05-30 05:10:00,0.5055788005578801,0.12350597609561742,0.48801191362620977,0.40867702196036415,0.478124877308241,0.000556792873051225,0.5,0.2749367875571629,0.23704120894119948,0.4023597825746488,0.3002261195197895,0.0015955640415051236,0.5489988985620955
2021-05-30 05:20:00,0.5397489539748954,0.01195219123505975,0.48801191362620977,0.4051062310301732,0.46084987763541896,0.000556792873051225,0.5,0.2749367875571629,0.23704120894119948,0.4023597825746488,0.3002261195197895,0.0015955640415051236,0.6568115635891788
2021-05-30 05:30:00,0.4511854951185495,-0.3944223107569722,0.4933730454206997,0.4126048919835743,0.46239415790920163,0.000556792873051225,0.5,0.2749367875571629,0.23704120894119948,0.4023597825746488,0.3002261195197895,0.0015955640415051236,0.4469499222958191
2021-05-30 05:40:00,0.39539748953974896,0.3784860557768923,0.4930752047654503,0.4229601856811285,0.487573778644436,0.00033407572383073496,0.5,0.2749367875571629,0.23704120894119948,0.4023597825746488,0.3002261195197895,0.0015955640415051236,0.4095689303981773
2021-05-30 05:50:00,0.36959553695955366,-0.33067729083665354,0.49903201787043905,0.4543831458668095,0.4969572443758098,0.0027839643652561247,0.5,0.2749367875571629,0.23704120894119948,0.4023597825746488,0.3002261195197895,0.0015955640415051236,0.27081038671032187
2021-05-30 06:00:00,0.46513249651324967,-0.3067729083665339,0.5085629188384213,0.462595965006249,0.4916046119014278,0.000556792873051225,0.5,0.3373028290424027,0.2459548227478195,0.35789951172757994,0.3428063764882626,0.01616126117156897,0.4294777977277185
2021-05-30 06:10:00,0.43165969316596936,-0.19521912350597614,0.5109456440804168,0.4508123549366183,0.48411877870987163,0.00033407572383073496,0.5,0.3373028290424027,0.2459548227478195,0.35789951172757994,0.3428063764882626,0.01616126117156897,0.3672163797395778
2021-05-30 06:20:00,0.3800557880055788,-0.21115537848605592,0.5112434847356664,0.459382253169077,0.45583751030610775,0.00033407572383073496,0.5,0.3373028290424027,0.2459548227478195,0.35789951172757994,0.3428063764882626,0.01616126117156897,0.27702672118532823
2021-05-30 06:30:00,0.2782426778242678,0.2350597609561753,0.5064780342516753,0.4540260667737903,0.44477889309130886,0.00033407572383073496,0.5,0.3373028290424027,0.2459548227478195,0.35789951172757994,0.3428063764882626,0.01616126117156897,0.14886008720974092
2021-05-30 06:40:00,0.34309623430962344,0.5059760956175297,0.49843633655994046,0.45188359221567564,0.473832301631964,0.00022271714922048998,0.5,0.3373028290424027,0.2459548227478195,0.35789951172757994,0.3428063764882626,0.01616126117156897,0.25288561642802176
2021-05-30 06:50:00,0.5376569037656904,0.22709163346613526,0.4999255398361875,0.4450990894483129,0.4892096687649684,0.00011135857461024499,0.5,0.3373028290424027,0.2459548227478195,0.35789951172757994,0.3428063764882626,0.01616126117156897,0.610294672359944
2021-05-30 07:00:00,0.41562064156206413,-0.07569721115537853,0.5032017870439314,0.4429566148901982,0.4892096687649684,0.00044543429844097997,0.5,0.3185335780560685,0.25180240627343575,0.39078063857759193,0.33317782258801,0.031140956859612722,0.3852241350694811
2021-05-30 07:10:00,0.41422594142259417,0.01195219123505975,0.5008190618019359,0.4447420103552937,0.484694612032299,0.00033407572383073496,0.5,0.3185335780560685,0.25180240627343575,0.39078063857759193,0.33317782258801,0.031140956859612722,0.31848152451076545
2021-05-30 07:20:00,0.2719665271966527,0.003984063745019917,0.5026061057334326,0.452954829494733,0.4827184567666959,0.00011135857461024499,0.5,0.3185335780560685,0.25180240627343575,0.39078063857759193,0.33317782258801,0.031140956859612722,0.17586794815697754
2021-05-30 07:30:00,0.14086471408647142,0.38645418326693215,0.49843633655994046,0.45831101589001966,0.47800709321956264,0.00011135857461024499,0.5,0.3185335780560685,0.25180240627343575,0.39078063857759193,0.33317782258801,0.031140956859612722,0.041492523801620475
2021-05-30 07:40:00,0.2775453277545328,0.6015936254980081,0.504988830975428,0.4511694340296377,0.47800709321956264,0.00011135857461024499,0.5,0.3185335780560685,0.25180240627343575,0.39078063857759193,0.33317782258801,0.031140956859612722,0.13296467854610197
2021-05-30 07:50:00,0.14783821478382148,-0.31474103585657376,0.5234549516008933,0.45474022495982847,0.4604049155226342,0.00011135857461024499,0.5,0.3185335780560685,0.25180240627343575,0.39078063857759193,0.33317782258801,0.031140956859612722,0.035630761802737
2021-05-30 08:00:00,0.16736401673640167,-0.17397078353253648,0.5329858525688755,0.4790216032851278,0.43572260538404156,0.5012249443207127,0.5,0.32671715879706076,0.25299778452732247,0.396158445116813,0.2120867217129679,0.0530969535325536,0.0
2021-05-30 08:10:00,0.18967921896792192,-0.03320053120849942,0.5380491437081161,0.5018746652383501,0.3071285547892319,0.5244988864142539,0.5,0.32671715879706076,0.25299778452732247,0.396158445116813,0.2120867217129679,0.0530969535325536,0.017690903329963637
2021-05-30 08:20:00,0.17364016736401675,0.10756972111553775,0.5419210722263585,0.542581681842528,0.3011477405085655,0.00011135857461024499,0.5,0.32671715879706076,0.25299778452732247,0.396158445116813,0.2120867217129679,0.0530969535325536,0.06282722513089005
2021-05-30 08:30:00,0.14504881450488147,0.3306772908366533,0.48801191362620977,0.5093733261917515,0.3081886115873369,0.00011135857461024499,0.5,0.32671715879706076,0.25299778452732247,0.396158445116813,0.2120867217129679,0.0530969535325536,0.04573230532462242
2021-05-30 08:40:00,0.14504881450488147,0.24302788844621515,0.46329113924050613,0.47437957507587925,0.32153747497088114,0.00011135857461024499,0.5,0.32671715879706076,0.25299778452732247,0.396158445116813,0.2120867217129679,0.0530969535325536,0.04901398675256877
2021-05-30 08:50:00,0.1680613668061367,0.5617529880478087,0.4618019359642589,0.46152472772719166,0.3442828912067634,0.00011135857461024499,0.5,0.32671715879706076,0.25299778452732247,0.396158445116813,0.2120867217129679,0.0530969535325536,0.06770071065377128
2021-05-30 09:00:00,0.4546722454672245,0.39043824701195207,0.4763961280714817,0.46152472772719166,0.43290887437672587,0.00022271714922048998,0.5,0.34328784083105224,0.26143726993997085,0.3542727546069352,0.11735631065617944,0.9798407196671348,0.5117763326644236
2021-05-30 09:10:00,0.47629009762900976,0.21912350597609564,0.5020104244229335,0.45545438314586684,0.4886992710473623,0.00022271714922048998,0.5,0.34328784083105224,0.26143726993997085,0.3542727546069352,0.11735631065617944,0.9798407196671348,0.537441344659535
2021-05-30 09:20:00,0.394700139470014,0.17928286852589648,0.5157110945644079,0.45795393679700047,0.5154886076612006,0.00022271714922048998,0.5,0.34328784083105224,0.26143726993997085,0.3542727546069352,0.11735631065617944,0.9798407196671348,0.3269007347948761
2021-05-30 09:30:00,0.4476987447698745,-0.21912350597609564,0.5151154132539089,0.45973933226209596,0.5287065998351023,0.00011135857461024499,0.5,0.34328784083105224,0.26143726993997085,0.3542727546069352,0.11735631065617944,0.9798407196671348,0.4689635921963879
2021-05-30 09:40:00,0.2894002789400279,-0.10756972111553798,0.5225614296351451,0.4622388859132296,0.5232100090301135,0.00011135857461024499,0.5,0.34328784083105224,0.26143726993997085,0.3542727546069352,0.11735631065617944,0.9798407196671348,0.17208835644341175
2021-05-30 09:50:00,0.25313807531380755,-0.31474103585657376,0.5311988086373787,0.47116586323870724,0.5089057858161783,0.00011135857461024499,0.5,0.34328784083105224,0.26143726993997085,0.3542727546069352,0.11735631065617944,0.9798407196671348,0.1324743123557192
2021-05-30 10:00:00,0.1603905160390516,0.09163346613545809,0.527922561429635,0.48437778968041423,0.5170067136930546,0.00011135857461024499,0.5,0.5487887992320786,0.26035395839738995,0.24254507322691346,0.31212878088472484,0.8546739655125483,0.0485915174193159
2021-05-30 10:10:00,0.20362622036262204,0.05179282868525892,0.5243484735666417,0.49366184609891084,0.5009619033908731,0.00011135857461024499,0.5,0.5487887992320786,0.26035395839738995,0.24254507322691346,0.31212878088472484,0.8546739655125483,0.07772681322329013
2021-05-30 10:20:00,0.2635983263598326,-0.02788844621513953,0.5189873417721518,0.4925906088198535,0.4873905589509364,0.00011135857461024499,0.5,0.5487887992320786,0.26035395839738995,0.24254507322691346,0.31212878088472484,0.8546739655125483,0.1373176214976538
2021-05-30 10:30:00,0.394700139470014,-0.15537848605577698,0.5186895011169024,0.4825923942153185,0.48117417649291333,0.00022271714922048998,0.5,0.5487887992320786,0.26035395839738995,0.24254507322691346,0.31212878088472484,0.8546739655125483,0.38326267030794997
2021-05-30 10:40:00,0.4546722454672245,0.003984063745019917,0.5261355174981384,0.47723620782003207,0.4663595555613721,0.00044543429844097997,0.5,0.5487887992320786,0.26035395839738995,0.24254507322691346,0.31212878088472484,0.8546739655125483,0.42351041839552184
2021-05-30 10:50:00,0.5244072524407252,0.05976095617529875,0.5309009679821295,0.47795036600607044,0.4532986088390415,0.0028953229398663697,0.5,0.5487887992320786,0.26035395839738995,0.24254507322691346,0.31212878088472484,0.8546739655125483,0.6220710050243675
2021-05-30 11:00:00,0.5495118549511855,0.06772908366533859,0.5377513030528664,0.47652204963399414,0.44747484000994625,0.08084632516703787,0.5,0.5634947767394218,0.2693767654098909,0.2334882621481273,0.5867655134360247,0.8764497839354423,0.3938923004964015
2021-05-30 11:10:00,0.6073919107391912,0.15537848605577675,0.5386448250186149,0.4736654168898411,0.4437973590189894,0.12605790645879733,0.5,0.5634947767394218,0.2693767654098909,0.2334882621481273,0.5867655134360247,0.8764497839354423,0.27908625918493596
2021-05-30 11:20:00,0.6073919107391912,0.03585657370517925,0.5419210722263585,0.4750937332619174,0.4343877190456871,0.09677060133630289,0.5,0.5634947767394218,0.2693767654098909,0.2334882621481273,0.5867655134360247,0.8764497839354423,0.404785974018136
2021-05-30 11:30:00,0.5488145048814504,-0.09960159362549814,0.5437081161578554,0.48223531512229956,0.4424232113177422,0.015812917594654786,0.5,0.5634947767394218,0.2693767654098909,0.2334882621481273,0.5867655134360247,0.8764497839354423,0.6312748012130905
2021-05-30 11:40:00,0.4372384937238493,0.043824701195219085,0.5404318689501115,0.4918764506338156,0.44094436664878095,0.00044543429844097997,0.5,0.5634947767394218,0.2693767654098909,0.2334882621481273,0.5867655134360247,0.8764497839354423,0.45322660953271876
2021-05-30 11:50:00,0.50697350069735,0.4820717131474104,0.544899478778853,0.5065166934475986,0.45308921490361337,0.00033407572383073496,0.5,0.5634947767394218,0.2693767654098909,0.2334882621481273,0.5867655134360247,0.8764497839354423,0.6025393424566592
2021-05-30 12:00:00,0.5899581589958159,-0.26693227091633476,0.5422189128816082,0.5090162470987323,0.4630485139574146,0.00022271714922048998,0.5,0.5888678727366177,0.27511515572962625,0.221761126068837,0.7240717424231881,0.8742969719829141,0.759260376902998
2021-05-30 12:10:00,0.5509065550906556,-0.23505976095617542,0.5419210722263585,0.5018746652383501,0.4490322074046931,0.00311804008908686,0.5,0.5888678727366177,0.27511515572962625,0.221761126068837,0.7240717424231881,0.8742969719829141,0.682989574060383
2021-05-30 12:20:00,0.5188284518828452,0.07569721115537842,0.54132539091586,0.5129441171219424,0.4509298399445106,0.00155902004454343,0.5,0.5888678727366177,0.27511515572962625,0.221761126068837,0.7240717424231881,0.8742969719829141,0.5889976915068577
2021-05-30 12:30:00,0.5334728033472803,-0.06772908366533881,0.5469843633655993,0.5297268344938404,0.44246247268063504,0.00022271714922048998,0.5,0.5888678727366177,0.27511515572962625,0.221761126068837,0.7240717424231881,0.8742969719829141,0.6488374549240309
2021-05-30 12:40:00,0.6499302649930265,0.027888446215139417,0.5547282204020847,0.5365113372612034,0.43680883642407503,0.022605790645879732,0.5,0.5888678727366177,0.27511515572962625,0.221761126068837,0.7240717424231881,0.8742969719829141,0.8667335576444318
2021-05-30 12:50:00,0.6478382147838214,0.09163346613545809,0.5517498138495904,0.5372254954472415,0.4631662980460928,0.0455456570155902,0.5,0.5888678727366177,0.27511515572962625,0.221761126068837,0.7240717424231881,0.8742969719829141,0.7613651794740257
2021-05-30 13:00:00,0.6408647140864714,-0.0916334661354582,0.5463886820551005,0.5372254954472415,0.47033804033450677,0.036191536748329624,0.5,0.6431725058476301,0.2681698931343341,0.21301031747028143,0.7891764290895099,0.8621371086170154,0.7369373990977263
2021-05-30 13:10:00,0.5718270571827057,0.08366533864541825,0.5460908413998509,0.54186752365649,0.4716729266728612,0.06202672605790646,0.5,0.6431725058476301,0.2681698931343341,0.21301031747028143,0.7891764290895099,0.8621371086170154,0.512251610664333
2021-05-30 13:20:00,0.6994421199442119,0.043824701195219085,0.5454951600893521,0.5404392072844135,0.469134025205795,0.0791759465478842,0.5,0.6431725058476301,0.2681698931343341,0.21301031747028143,0.7891764290895099,0.8621371086170154,0.6707756838722332
2021-05-30 13:30:00,0.9253835425383542,0.07569721115537842,0.5472822040208485,0.5297268344938404,0.46494614649723204,0.15100222717149223,0.5,0.6431725058476301,0.2681698931343341,0.21301031747028143,0.7891764290895099,0.8621371086170154,0.6193174102629871
2021-05-30 13:40:00,0.8612273361227336,0.12350597609561742,0.5419210722263585,0.507230851633637,0.4668568661580139,0.1433184855233853,0.5,0.6431725058476301,0.2681698931343341,0.21301031747028143,0.7891764290895099,0.8621371086170154,0.5746111018905502
2021-05-30 13:50:00,0.9135285913528591,0.07569721115537842,0.5306031273268801,0.49044813426173883,0.4700632107942574,0.15089086859688197,0.5,0.6431725058476301,0.2681698931343341,0.21301031747028143,0.7891764290895099,0.8621371086170154,0.5618540368453612
2021-05-30 14:00:00,0.8444909344490934,0.03585657370517925,0.5231571109456439,0.47723620782003207,0.4751671879703184,0.13630289532293988,0.5,0.6490027593010927,0.26086544236179265,0.2129923098647312,0.8574268206664177,0.824370512322175,0.5540911628468398
2021-05-30 14:10:00,0.7412831241283124,0.027888446215139417,0.5154132539091583,0.4722371005177646,0.4696444229234011,0.1052338530066815,0.5,0.6490027593010927,0.26086544236179265,0.2129923098647312,0.8574268206664177,0.824370512322175,0.5915249634111381
2021-05-30 14:20:00,0.7377963737796374,0.05179282868525892,0.5121370067014146,0.46973754686663094,0.4789362788080251,0.10389755011135858,0.5,0.6490027593010927,0.26086544236179265,0.2129923098647312,0.8574268206664177,0.824370512322175,0.6293736892134526
2021-05-30 14:30:00,0.705020920502092,0.05179282868525892,0.5121370067014146,0.4736654168898411,0.48871235816832653,0.09944320712694878,0.5,0.6490027593010927,0.26086544236179265,0.2129923098647312,0.8574268206664177,0.824370512322175,0.5580970774175054
2021-05-30 14:40:00,0.7154811715481172,-0.1633466135458168,0.5189873417721518,0.4833065524013569,0.4617136276190601,0.09944320712694878,0.5,0.6490027593010927,0.26086544236179265,0.2129923098647312,0.8574268206664177,0.824370512322175,0.5833999728412572
2021-05-30 14:50:00,0.793584379358438,-0.09960159362549814,0.5276247207743856,0.4958043206570255,0.4568321314993915,0.08251670378619154,0.5,0.6490027593010927,0.26086544236179265,0.2129923098647312,0.8574268206664177,0.824370512322175,0.8354331065075367
2021-05-30 15:00:00,0.9776847977684797,0.25099601593625476,0.5386448250186149,0.4947330833779682,0.4328696130138331,0.11414253897550111,0.5,0.6136384118192675,0.24163594410457415,0.23962885564076197,0.8645423455952205,0.8068957381976322,0.8117779169244234
2021-05-30 15:10:00,0.9684200139470014,0.20318725099601576,0.5338793745346238,0.4740224959828603,0.44692518092944733,0.17405345211581294,0.5,0.6136384118192675,0.24163594410457415,0.23962885564076197,0.8645423455952205,0.8068957381976322,0.7881225764594053
2021-05-30 15:20:00,0.9591552301255231,0.2828685258964143,0.5282204020848844,0.45831101589001966,0.4469382680504116,0.16113585746102452,0.5,0.6136384118192675,0.24163594410457415,0.23962885564076197,0.8645423455952205,0.8068957381976322,0.7644673340676253
2021-05-30 15:30:00,0.9498904114365412,0.1872509960159361,0.5297096053611317,0.4611676486341725,0.45441101412100354,0.14699331848552338,0.5,0.6136384118192675,0.24163594410457415,0.23962885564076197,0.8645423455952205,0.8068957381976322,0.740812046411274
2021-05-30 15:40:00,0.9406256624825662,-0.21115537848605592,0.5261355174981384,0.4668809141224781,0.4609545746031331,0.18930957683741648,0.5,0.6136384118192675,0.24163594410457415,0.23962885564076197,0.8645423455952205,0.8068957381976322,0.7171567813872083
2021-05-30 15:50:00,0.9313608786610879,-0.49800796812749004,0.5192851824274012,0.4590251740760578,0.4609545746031331,0.2012249443207127,0.5,0.6136384118192675,0.24163594410457415,0.23962885564076197,0.8645423455952205,0.8068957381976322,0.5922869170300407
2021-05-30 16:00:00,0.9220960251046024,-0.45019920318725104,0.5276247207743856,0.44866988037850386,0.4609545746031331,0.21692650334075725,0.5,0.612938096999456,0.2246908826546604,0.20335938222246064,0.8330481387570087,0.8134577144029443,0.6007212155046245
2021-05-30 16:10:00,0.9128312412831241,-0.298804780876494,0.5270290394638866,0.4475986430994465,0.4680477941657614,0.1427616926503341,0.5,0.612938096999456,0.2246908826546604,0.20335938222246064,0.8330481387570087,0.8134577144029443,0.6313804185464037
2021-05-30 16:20:00,0.8019525801952581,-0.01195219123505975,0.5261355174981384,0.462595965006249,0.46342804046537805,0.1056792873051225,0.5,0.612938096999456,0.2246908826546604,0.20335938222246064,0.8330481387570087,0.8134577144029443,0.7304268449084902
2021-05-30 16:30:00,0.6527196652719665,-0.10756972111553798,0.5285182427401338,0.487591501517586,0.4502231354124406,0.04832962138084632,0.5,0.612938096999456,0.2246908826546604,0.20335938222246064,0.8330481387570087,0.8134577144029443,0.7606862109027265
2021-05-30 16:40:00,0.5676429567642958,-0.298804780876494,0.5368577810871182,0.5147295125870381,0.4325686092316551,0.00111358574610245,0.5,0.612938096999456,0.2246908826546604,0.20335938222246064,0.8330481387570087,0.8134577144029443,0.6796022752991234
2021-05-30 16:50:00,0.7231520223152021,-0.03585657370517936,0.550856291883842,0.5386538118193178,0.4221250867021764,0.02795100222717149,0.5,0.612938096999456,0.2246908826546604,0.20335938222246064,0.8330481387570087,0.8134577144029443,0.8086138479412164
2021-05-30 17:00:00,0.6541143654114366,-0.07569721115537853,0.5565152643335813,0.5536511337261203,0.4201489314365733,0.016369710467706012,0.5,0.6079791263024796,0.2178232047056511,0.19855135154054432,0.7771577560405076,0.8238116819307084,0.9376254205833094
2021-05-30 17:10:00,0.6813110181311018,0.07569721115537842,0.5547282204020847,0.5572219246563115,0.4254753896690267,0.013251670378619154,0.5,0.6079791263024796,0.2178232047056511,0.19855135154054432,0.7771577560405076,0.8238116819307084,0.9644522232448663
2021-05-30 17:20:00,0.596234309623431,-0.15537848605577698,0.5475800446760981,0.5640064274236742,0.4364031356741831,0.000556792873051225,0.5,0.6079791263024796,0.2178232047056511,0.19855135154054432,0.7771577560405076,0.8238116819307084,0.8133439956546011
2021-05-30 17:30:00,0.6094839609483961,-0.08366533864541836,0.544899478778853,0.5761471165863239,0.42840690476502075,0.0016703786191536749,0.5,0.6079791263024796,0.2178232047056511,0.19855135154054432,0.7771577560405076,0.8238116819307084,0.7676644989966354
2021-05-30 17:40:00,0.5899581589958159,-0.19521912350597614,0.544899478778853,0.5797179075165149,0.43714910156914577,0.0022271714922049,0.5,0.6079791263024796,0.2178232047056511,0.19855135154054432,0.7771577560405076,0.8238116819307084,0.7799764624228617
2021-05-30 17:50:00,0.6248256624825663,-0.10756972111553798,0.5443037974683544,0.5861453311908589,0.4369527947546819,0.0010022271714922048,0.5,0.6079791263024796,0.2178232047056511,0.19855135154054432,0.7771577560405076,0.8238116819307084,0.8420719103157959
2021-05-30 18:00:00,0.50697350069735,0.12350597609561742,0.5437081161578554,0.5843599357257632,0.4343353705618301,0.00033407572383073496,0.5,0.5715073228375607,0.25294606142980053,0.17421572122299034,0.7064910992900433,0.8552459400782746,0.5725138434147593
2021-05-30 18:10:00,0.5041841004184101,0.08366533864541825,0.5410275502606106,0.5961435457953936,0.4380259386737512,0.00011135857461024499,0.5,0.5715073228375607,0.25294606142980053,0.17421572122299034,0.7064910992900433,0.8552459400782746,0.5621180801786442
2021-05-30 18:20:00,0.5418410041841004,-0.09960159362549814,0.543410275502606,0.5975718621674699,0.43975343864103333,0.000779510022271715,0.5,0.5715073228375607,0.25294606142980053,0.17421572122299034,0.7064910992900433,0.8552459400782746,0.6745929960619823
2021-05-30 18:30:00,0.5843793584379359,0.043824701195219085,0.5460908413998509,0.5965006248884128,0.4257371320883119,0.0027839643652561247,0.5,0.5715073228375607,0.25294606142980053,0.17421572122299034,0.7064910992900433,0.8552459400782746,0.7721834120433936
2021-05-30 18:40:00,0.6562064156206415,-0.043824701195219196,0.5457930007446015,0.587216568469916,0.4188009579772546,0.014142538975501114,0.5,0.5715073228375607,0.25294606142980053,0.17421572122299034,0.7064910992900433,0.8552459400782746,0.948851034295457
2021-05-30 18:50:00,0.6562064156206415,-0.10756972111553798,0.5416232315711094,0.5786466702374577,0.41382785201083616,0.03864142538975501,0.5,0.5715073228375607,0.25294606142980053,0.17421572122299034,0.7064910992900433,0.8552459400782746,0.8242527573668089
2021-05-30 19:00:00,0.5557880055788006,0.2749003984063745,0.5365599404318686,0.5782895911444383,0.41228357173705354,0.015590200445434297,0.5,0.5664343179276523,0.263101029576992,0.15758569749733597,0.5862089159196924,0.8527564729868278,0.677535193204279
2021-05-30 19:10:00,0.5174337517433751,-0.1872509960159363,0.5341772151898732,0.5793608284234957,0.42181099579903414,0.004677060133630289,0.5,0.5664343179276523,0.263101029576992,0.15758569749733597,0.5862089159196924,0.8527564729868278,0.6212864191197549
2021-05-30 19:20:00,0.4860529986052998,-0.21115537848605592,0.5326880119136261,0.590430280307088,0.4097577573909516,0.005011135857461025,0.5,0.5664343179276523,0.263101029576992,0.15758569749733597,0.5862089159196924,0.8527564729868278,0.5603603059885028
2021-05-30 19:30:00,0.5195258019525802,0.09960159362549792,0.5317944899478777,0.590430280307088,0.4113151247856984,0.00311804008908686,0.5,0.5664343179276523,0.263101029576992,0.15758569749733597,0.5862089159196924,0.8527564729868278,0.6161488902635908
2021-05-30 19:40:00,0.5237099023709902,-0.13147410358565736,0.5294117647058822,0.5879307266559544,0.4107262043423068,0.004899777282850779,0.5,0.5664343179276523,0.263101029576992,0.15758569749733597,0.5862089159196924,0.8527564729868278,0.6199133937866832
2021-05-30 19:50:00,0.48884239888423986,0.08366533864541825,0.5338793745346238,0.580432065702553,0.4039863370457133,0.010801781737193764,0.5,0.5664343179276523,0.263101029576992,0.15758569749733597,0.5862089159196924,0.8527564729868278,0.6130859875975074
2021-05-30 20:00:00,0.44072524407252445,-0.07569721115537853,0.535368577810871,0.5807891447955722,0.3952572273625525,0.0232739420935412,0.5,0.5763034637516955,0.2626470157209484,0.13513515912699636,0.49462830526077833,0.8461189403566124,0.4075772892556996
2021-05-30 20:10:00,0.690376569037657,0.15537848605577675,0.5300074460163811,0.5722192465631137,0.3884650115821021,0.03752783964365256,0.5,0.5763034637516955,0.2626470157209484,0.13513515912699636,0.49462830526077833,0.8461189403566124,0.9148045324924181
2021-05-30 20:20:00,0.5941422594142259,0.01195219123505975,0.5317944899478777,0.5511515800749867,0.40634201881927995,0.025946547884187085,0.5,0.5763034637516955,0.2626470157209484,0.13513515912699636,0.49462830526077833,0.8461189403566124,0.7433800564298324
2021-05-30 20:30:00,0.32914923291492326,0.4661354581673305,0.5270290394638866,0.5600785574004641,0.388661318396566,0.014587973273942095,0.5,0.5763034637516955,0.2626470157209484,0.13513515912699636,0.49462830526077833,0.8461189403566124,0.2128641911975497
2021-05-30 20:40:00,0.6666666666666667,-0.298804780876494,0.5252419955323901,0.5668630601678271,0.37669968983523316,0.08273942093541202,0.5,0.5763034637516955,0.2626470157209484,0.13513515912699636,0.49462830526077833,0.8461189403566124,0.5150504699971333
2021-05-30 20:50:00,0.3186889818688982,-0.553784860557769,0.5216679076693966,0.549009105516872,0.323395846147806,0.3005567928730512,0.5,0.5763034637516955,0.2626470157209484,0.13513515912699636,0.49462830526077833,0.8461189403566124,0.14313411892511732
2021-05-30 21:00:00,0.30404463040446306,0.2749003984063745,0.512434847356664,0.5543652919121587,0.32060828938241875,0.00011135857461024499,0.5,0.590154434810219,0.2692388371498284,0.11507506698639043,0.3957309483472917,0.8362268773351811,0.20796807338895848
2021-05-30 21:10:00,0.50278940027894,-0.15537848605577698,0.5052866716306774,0.5507945009819675,0.3673423983457879,0.00033407572383073496,0.5,0.590154434810219,0.2692388371498284,0.11507506698639043,0.3957309483472917,0.8362268773351811,0.5892843671258506
2021-05-30 21:20:00,0.5,0.003984063745019917,0.496947133283693,0.5332976254240314,0.3767127769561974,0.00033407572383073496,0.5,0.590154434810219,0.2692388371498284,0.11507506698639043,0.3957309483472917,0.8362268773351811,0.617733150263289
2021-05-30 21:30:00,0.48884239888423986,0.17131474103585642,0.49128816083395366,0.5147295125870381,0.3841855230267893,0.00011135857461024499,0.5,0.590154434810219,0.2692388371498284,0.11507506698639043,0.3957309483472917,0.8362268773351811,0.5597567783695702
2021-05-30 21:40:00,0.4860529986052998,0.4183266932270917,0.4853313477289649,0.4918764506338156,0.3841855230267893,0.00011135857461024499,0.5,0.590154434810219,0.2692388371498284,0.11507506698639043,0.3957309483472917,0.8362268773351811,0.5657845104636602
2021-05-30 21:50:00,0.397489539748954,0.298804780876494,0.4811615785554726,0.4861631851455097,0.3841855230267893,0.00011135857461024499,0.5,0.590154434810219,0.2692388371498284,0.11507506698639043,0.3957309483472917,0.8362268773351811,0.35325980355176007
2021-05-30 22:00:00,0.35495118549511856,-0.043824701195219196,0.47848101265822773,0.4861631851455097,0.38919789035610053,0.00011135857461024499,0.5,0.5184404228771509,0.2847270313528169,0.1512664229045583,0.35554064779297395,0.8366590170377127,0.2719193687101106
2021-05-30 22:10:00,0.3633193863319386,-0.17131474103585675,0.47848101265822773,0.5000892697732549,0.38197379958382954,0.00011135857461024499,0.5,0.5184404228771509,0.2847270313528169,0.1512664229045583,0.35554064779297395,0.8366590170377127,0.2968903239434495
2021-05-30 22:20:00,0.35355648535564854,-0.02788844621513953,0.47848101265822773,0.4893768969826817,0.37946107235869186,0.00011135857461024499,0.5,0.5184404228771509,0.2847270313528169,0.1512664229045583,0.35554064779297395,0.8366590170377127,0.2726813223290131
2021-05-30 22:30:00,0.3361227336122734,-0.3705179282868527,0.47848101265822773,0.4833065524013569,0.3841855230267893,0.00011135857461024499,0.5,0.5184404228771509,0.2847270313528169,0.1512664229045583,0.35554064779297395,0.8366590170377127,0.23698266366914617
2021-05-30 22:40:00,0.39121338912133896,-0.12350597609561753,0.4769918093819807,0.4668809141224781,0.3841855230267893,0.00011135857461024499,0.5,0.5184404228771509,0.2847270313528169,0.1512664229045583,0.35554064779297395,0.8366590170377127,0.3351011663171236
2021-05-30 22:50:00,0.39400278940027894,-0.298804780876494,0.47580044676098265,0.4565256204249242,0.3833741215270053,0.00011135857461024499,0.5,0.5184404228771509,0.2847270313528169,0.1512664229045583,0.35554064779297395,0.8366590170377127,0.34364108212502076
2021-05-30 23:00:00,0.38772663877266383,0.07569721115537842,0.47580044676098265,0.4508123549366183,0.3738205232230961,0.00011135857461024499,0.5,0.46736850461089774,0.29848824879959224,0.16426626552823093,0.3379550231730834,0.8496689980675346,0.33891093441163606
2021-05-30 23:10:00,0.3486750348675035,0.09163346613545809,0.47580044676098265,0.44724156400642756,0.37379434898116765,0.00011135857461024499,0.5,0.46736850461089774,0.29848824879959224,0.16426626552823093,0.3379550231730834,0.8496689980675346,0.2738355689002218
2021-05-30 23:20:00,0.3458856345885635,0.08366533864541825,0.47580044676098265,0.44367077307623637,0.37379434898116765,0.00011135857461024499,0.5,0.46736850461089774,0.29848824879959224,0.16426626552823093,0.3379550231730834,0.8496689980675346,0.27827904099461354
2021-05-30 23:30:00,0.4386331938633194,0.05179282868525892,0.47580044676098265,0.44045706123906436,0.36349478478229574,0.00011135857461024499,0.5,0.46736850461089774,0.29848824879959224,0.16426626552823093,0.3379550231730834,0.8496689980675346,0.4271391282043545
2021-05-30 23:40:00,0.4916317991631799,-0.02788844621513953,0.47431124348473563,0.4301017675415104,0.3625786863147976,0.00011135857461024499,0.5,0.46736850461089774,0.29848824879959224,0.16426626552823093,0.3379550231730834,0.8496689980675346,0.5724157701766828
2021-05-30 23:50:00,0.47280334728033474,0.10756972111553775,0.4689501116902457,0.42831637207641493,0.3625786863147976,0.000556792873051225,0.5,0.46736850461089774,0.29848824879959224,0.16426626552823093,0.3379550231730834,0.8496689980675346,0.5539553691325799
2021-05-31 00:00:00,0.4790794979079498,-0.043824701195219196,0.4662695457930006,0.4254597393322621,0.3625786863147976,0.000556792873051225,0.5,0.4426956567273348,0.29526130221518565,0.16847205593720269,0.33897284669271643,0.868392024707482,0.5292560013277607
2021-05-31 00:10:00,0.4546722454672245,-0.01195219123505975,0.46329113924050613,0.4290305302624531,0.3625786863147976,0.000556792873051225,0.5,0.4426956567273348,0.29526130221518565,0.16847205593720269,0.33897284669271643,0.868392024707482,0.465583837530365
2021-05-31 00:20:00,0.43165969316596936,-0.05179282868525903,0.46001489203276225,0.4272451347973576,0.3625786863147976,0.000556792873051225,0.5,0.4426956567273348,0.29526130221518565,0.16847205593720269,0.33897284669271643,0.868392024707482,0.4196025770629329
2021-05-31 00:30:00,0.38284518828451886,0.05976095617529875,0.4543559195830229,0.4254597393322621,0.3625786863147976,0.000556792873051225,0.5,0.4426956567273348,0.29526130221518565,0.16847205593720269,0.33897284669271643,0.868392024707482,0.3373643948881211
2021-05-31 00:40:00,0.4225941422594142,-0.3067729083665339,0.449590469099032,0.4236743438671666,0.3625786863147976,0.000556792873051225,0.5,0.4426956567273348,0.29526130221518565,0.16847205593720269,0.33897284669271643,0.868392024707482,0.38824177316414443
2021-05-31 00:50:00,0.50278940027894,-0.2749003984063746,0.4427401340282946,0.41546152472772735,0.35784114852573584,0.000556792873051225,0.5,0.4426956567273348,0.29526130221518565,0.16847205593720269,0.33897284669271643,0.868392024707482,0.5640795449401753
2021-05-31 01:00:00,0.5181311018131102,-0.08366533864541836,0.43559195830230824,0.4036779146580969,0.35755323186452215,0.000556792873051225,0.5,0.36405207351154334,0.2919711385115828,0.201278869710789,0.3429828259924656,0.892641622130362,0.6392866303544216
2021-05-31 01:10:00,0.394700139470014,-0.19521912350597614,0.4257632166790766,0.40403499375111585,0.3476201070526495,0.000556792873051225,0.5,0.36405207351154334,0.2919711385115828,0.201278869710789,0.3429828259924656,0.892641622130362,0.37353833154789745
2021-05-31 01:20:00,0.4344490934449094,0.06772908366533859,0.41682799702159334,0.3986788073558294,0.34946539110860997,0.000556792873051225,0.5,0.36405207351154334,0.2919711385115828,0.201278869710789,0.3429828259924656,0.892641622130362,0.45221570077100653
2021-05-31 01:30:00,0.43165969316596936,-0.059760956175298974,0.410573343261355,0.38832351365827544,0.3512583266807135,0.000556792873051225,0.5,0.36405207351154334,0.2919711385115828,0.201278869710789,0.3429828259924656,0.892641622130362,0.42777283220423373
2021-05-31 01:40:00,0.42677824267782427,-0.03585657370517936,0.403127326880119,0.3790394572397786,0.3512583266807135,0.000556792873051225,0.5,0.36405207351154334,0.2919711385115828,0.201278869710789,0.3429828259924656,0.892641622130362,0.4147140033495783
2021-05-31 01:50:00,0.4546722454672245,-0.019920318725099695,0.3962769918093818,0.3683270844492055,0.3512583266807135,0.000556792873051225,0.5,0.36405207351154334,0.2919711385115828,0.201278869710789,0.3429828259924656,0.892641622130362,0.4889705327640056
2021-05-31 02:00:00,0.3807531380753138,0.06772908366533859,0.39002233804914366,0.363327977146938,0.34178325110258995,0.000556792873051225,0.5,0.3536862334789639,0.2923561882375931,0.21727482281847688,0.3506536375200361,0.9060420215091348,0.32823603965176457
2021-05-31 02:10:00,0.4804741980474198,0.09960159362549792,0.38644825018615014,0.3554722371005179,0.3512583266807135,0.000556792873051225,0.5,0.3536862334789639,0.2923561882375931,0.21727482281847688,0.3506536375200361,0.9060420215091348,0.5425109766585694
2021-05-31 02:20:00,0.45327754532775455,0.12350597609561742,0.3843633655994041,0.3472594179610784,0.3585609401787701,0.000556792873051225,0.5,0.3536862334789639,0.2923561882375931,0.21727482281847688,0.3506536375200361,0.9060420215091348,0.4553540443894564
2021-05-31 02:30:00,0.2608089260808926,-0.3745019920318726,0.37840655249441535,0.35154436707730774,0.39893470835350936,0.21670378619153677,0.5,0.3536862334789639,0.2923561882375931,0.21727482281847688,0.3506536375200361,0.9060420215091348,0.08929945531632393
2021-05-31 02:40:00,0.23221757322175732,-0.8725099601593626,0.37870439314966475,0.3858239600071418,0.4394916962217482,0.0645879732739421,0.5,0.3536862334789639,0.2923561882375931,0.21727482281847688,0.3506536375200361,0.9060420215091348,0.06082049579793896
2021-05-31 02:50:00,0.22384937238493724,0.394422310756972,0.37513030528667146,0.3772540617746831,0.40221957571553835,0.00011135857461024499,0.5,0.3536862334789639,0.2923561882375931,0.21727482281847688,0.3506536375200361,0.9060420215091348,0.10252425426618586
2021-05-31 03:00:00,0.22733612273361226,-0.05179282868525903,0.36321667907669375,0.3426173897518301,0.42450694271767153,0.00011135857461024499,0.5,0.347872256333168,0.29437913605185934,0.22216896029031305,0.34316922942934924,0.9058011899375414,0.10148316912352702
2021-05-31 03:10:00,0.2545327754532775,-0.23505976095617542,0.36262099776619494,0.32904838421710414,0.3926005418068079,0.00011135857461024499,0.5,0.347872256333168,0.29437913605185934,0.22216896029031305,0.34316922942934924,0.9058011899375414,0.12438704226202152
2021-05-31 03:20:00,0.3437935843793584,-0.2749003984063746,0.36262099776619494,0.3133369041242635,0.38753582599363967,0.00011135857461024499,0.5,0.347872256333168,0.29437913605185934,0.22216896029031305,0.34316922942934924,0.9058011899375414,0.2395250237639
2021-05-31 03:30:00,0.36610878661087864,-0.10756972111553798,0.36321667907669375,0.3058382431708624,0.3805603905196896,0.00011135857461024499,0.5,0.347872256333168,0.29437913605185934,0.22216896029031305,0.34316922942934924,0.9058011899375414,0.2932993346108001
2021-05-31 03:40:00,0.3200836820083682,0.14741035856573692,0.3655994043186892,0.2990537404034994,0.3763594246901625,0.00011135857461024499,0.5,0.347872256333168,0.29437913605185934,0.22216896029031305,0.34316922942934924,0.9058011899375414,0.23612263681216714
2021-05-31 03:50:00,0.33403068340306835,0.10756972111553775,0.3655994043186892,0.29726834493840393,0.3763594246901625,0.00011135857461024499,0.5,0.347872256333168,0.29437913605185934,0.22216896029031305,0.34316922942934924,0.9058011899375414,0.2416600027158743
2021-05-31 04:00:00,0.3200836820083682,0.8087649402390438,0.3644080416976916,0.29476879128727007,0.3899176820091348,0.023719376391982183,0.5,0.22367759169347967,0.30056866672222177,0.28734216238624616,0.32463959046912133,1.0,0.16607571253979508
2021-05-31 04:10:00,0.20711297071129708,0.4422310756972112,0.3581533879374532,0.31905016961256916,0.4668699532789782,0.28084632516703784,0.5,0.22367759169347967,0.30056866672222177,0.28734216238624616,0.32463959046912133,1.0,0.008834135522126833
2021-05-31 04:20:00,0.200836820083682,0.8725099601593624,0.36321667907669375,0.3601142653097662,0.5380508042035832,0.00011135857461024499,0.5,0.22367759169347967,0.30056866672222177,0.28734216238624616,0.32463959046912133,1.0,0.08123481750833624
2021-05-31 04:30:00,0.32147838214783825,0.31474103585657365,0.3411764705882352,0.3154793786823784,0.5797987200795697,0.00011135857461024499,0.5,0.22367759169347967,0.30056866672222177,0.28734216238624616,0.32463959046912133,1.0,0.21608551986360278
2021-05-31 04:40:00,0.39121338912133896,-0.2270916334661356,0.3256887565152642,0.27762899482235315,0.5843399510541676,0.00011135857461024499,0.5,0.22367759169347967,0.30056866672222177,0.28734216238624616,0.32463959046912133,1.0,0.3368966609834483
2021-05-31 04:50:00,0.46373779637377965,0.13147410358565725,0.3099032017870438,0.2558471701481879,0.5850335684652733,0.04710467706013364,0.5,0.22367759169347967,0.30056866672222177,0.28734216238624616,0.32463959046912133,1.0,0.3645005054543809
2021-05-31 05:00:00,0.5495118549511855,0.019920318725099362,0.30186150409530876,0.23727905731119447,0.5955163523576448,0.1301781737193764,0.5,0.2102907622281598,0.32299925001508595,0.30287980925126784,0.4852040284803426,0.12818098843335143,0.21733783967288803
2021-05-31 05:10:00,0.5801952580195259,-0.01195219123505975,0.29292628443782553,0.2212104981253349,0.5955163523576448,0.11124721603563476,0.5,0.2102907622281598,0.32299925001508595,0.30287980925126784,0.4852040284803426,0.12818098843335143,0.3166784857492041
2021-05-31 05:20:00,0.5418410041841004,-0.13147410358565736,0.2830975428145941,0.20407070166041774,0.5895486251979427,0.06503340757238307,0.5,0.2102907622281598,0.32299925001508595,0.30287980925126784,0.4852040284803426,0.12818098843335143,0.45263062600902276
2021-05-31 05:30:00,0.5446304044630405,0.07569721115537842,0.2762472077438567,0.19157293340474912,0.5843792124170604,0.004899777282850779,0.5,0.2102907622281598,0.32299925001508595,0.30287980925126784,0.4852040284803426,0.12818098843335143,0.7046486714848288
2021-05-31 05:40:00,0.5341701534170153,0.31474103585657365,0.27029039463886795,0.18657382610248163,0.5843792124170604,0.00111358574610245,0.5,0.2102907622281598,0.32299925001508595,0.30287980925126784,0.4852040284803426,0.12818098843335143,0.6968857974863075
2021-05-31 05:50:00,0.5697350069735007,0.4422310756972112,0.2679076693968725,0.18657382610248163,0.5870228108518406,0.00044543429844097997,0.5,0.2102907622281598,0.32299925001508595,0.30287980925126784,0.4852040284803426,0.12818098843335143,0.7623081913786081
2021-05-31 06:00:00,0.5425383542538355,-0.31474103585657376,0.26254653760238256,0.1919300124977683,0.5955556137205377,0.00022271714922048998,0.5,0.23682828128528133,0.347139569031656,0.1979010487147579,0.5761598287055082,0.16320575382575603,0.6946150248200733
2021-05-31 06:10:00,0.4916317991631799,-0.07569721115537853,0.2577810871183914,0.20371362256739878,0.5955556137205377,0.002561247216035635,0.5,0.23682828128528133,0.347139569031656,0.1979010487147579,0.5761598287055082,0.16320575382575603,0.5500022632285709
2021-05-31 06:20:00,0.5153417015341701,-0.24302788844621515,0.255398361876396,0.21014104624174257,0.5955556137205377,0.0010022271714922048,0.5,0.23682828128528133,0.347139569031656,0.1979010487147579,0.5761598287055082,0.16320575382575603,0.6134405600736303
2021-05-31 06:30:00,0.5153417015341701,-0.40239043824701204,0.255398361876396,0.21335475807891435,0.5955556137205377,0.000779510022271715,0.5,0.23682828128528133,0.347139569031656,0.1979010487147579,0.5761598287055082,0.16320575382575603,0.6121203434072152
2021-05-31 06:40:00,0.48535564853556484,-0.2509960159362551,0.25480268056589694,0.21906802356722022,0.5955556137205377,0.0016703786191536749,0.5,0.23682828128528133,0.347139569031656,0.1979010487147579,0.5761598287055082,0.16320575382575603,0.5479351811337266
2021-05-31 06:50:00,0.43096234309623427,0.01195219123505975,0.25361131794489955,0.222281735404392,0.5955556137205377,0.000556792873051225,0.5,0.23682828128528133,0.347139569031656,0.1979010487147579,0.5761598287055082,0.16320575382575603,0.4367503055358571
2021-05-31 07:00:00,0.398186889818689,-0.06772908366533881,0.2524199553239015,0.21871094447420125,0.5955556137205377,0.000779510022271715,0.5,0.22611230051934084,0.3525158976687255,0.15542643341491288,0.5635365966389289,0.18408446478001247,0.36449296135914416
2021-05-31 07:10:00,0.3821478382147839,0.043824701195219085,0.2533134772896499,0.2212104981253349,0.5955556137205377,0.0006681514476614699,0.5,0.22611230051934084,0.3525158976687255,0.15542643341491288,0.5635365966389289,0.18408446478001247,0.34234349774431555
2021-05-31 07:20:00,0.31311018131101814,0.2828685258964143,0.2488458674609082,0.2129976789858954,0.6225543442698042,0.00033407572383073496,0.5,0.22611230051934084,0.3525158976687255,0.15542643341491288,0.5635365966389289,0.18408446478001247,0.19939043710487803
2021-05-31 07:30:00,0.25523012552301255,0.027888446215139417,0.23663440059568108,0.20764149259060893,0.6333643061862821,0.00033407572383073496,0.5,0.22611230051934084,0.3525158976687255,0.15542643341491288,0.5635365966389289,0.18408446478001247,0.13460929130769347
2021-05-31 07:40:00,0.2712691771269177,0.33864541832669315,0.22948622486969472,0.1969291198000358,0.6445145332478308,0.00033407572383073496,0.5,0.22611230051934084,0.3525158976687255,0.15542643341491288,0.5635365966389289,0.18408446478001247,0.15346198530410246
2021-05-31 07:50:00,0.33751743375174337,0.4661354581673305,0.2217423678332091,0.17871808605606132,0.6575362186072686,0.00044543429844097997,0.5,0.22611230051934084,0.3525158976687255,0.15542643341491288,0.5635365966389289,0.18408446478001247,0.24605066614360938
2021-05-31 08:00:00,0.4351464435146444,-0.02788844621513953,0.21250930752047625,0.1651490805213356,0.6575362186072686,0.00044543429844097997,0.5,0.2433832640200546,0.36742651728269865,0.13533565225639738,0.5307667313981427,0.2149516244578697,0.44027339801137655
2021-05-31 08:10:00,0.3849372384937238,-0.14741035856573714,0.2163812360387194,0.1647920014283164,0.6540026959469186,0.00044543429844097997,0.5,0.2433832640200546,0.36742651728269865,0.13533565225639738,0.5307667313981427,0.2149516244578697,0.351826425456795
2021-05-31 08:20:00,0.398186889818689,-0.21912350597609564,0.22263588979895732,0.16764863417246945,0.6572875633089477,0.00044543429844097997,0.5,0.2433832640200546,0.36742651728269865,0.13533565225639738,0.5307667313981427,0.2149516244578697,0.3778384658327927
2021-05-31 08:30:00,0.4546722454672245,0.03585657370517925,0.2291883842144451,0.17157650419567938,0.6489379801337504,0.00044543429844097997,0.5,0.2433832640200546,0.36742651728269865,0.13533565225639738,0.5307667313981427,0.2149516244578697,0.5050092792371411
2021-05-31 08:40:00,0.46443514644351463,0.17928286852589648,0.2369322412509307,0.17229066238171753,0.6462158589731845,0.00044543429844097997,0.5,0.2433832640200546,0.36742651728269865,0.13533565225639738,0.5307667313981427,0.2149516244578697,0.530199013232343
2021-05-31 08:50:00,0.5585774058577406,-0.21115537848605592,0.2449739389426655,0.17621853240492769,0.6456007642878644,0.00022271714922048998,0.5,0.2433832640200546,0.36742651728269865,0.13533565225639738,0.5307667313981427,0.2149516244578697,0.7292424219563348
2021-05-31 09:00:00,0.46234309623430964,-0.1394422310756973,0.2518242740134027,0.18336011426530985,0.6391488136524845,0.00044543429844097997,0.5,0.25050825105404106,0.3732396187433003,0.15387575031161405,0.5718394060448264,0.2657759654604745,0.5048055886657513
2021-05-31 09:10:00,0.4170153417015342,-0.003984063745020028,0.26165301563663435,0.20264238528834144,0.6447108400622947,0.00044543429844097997,0.5,0.25050825105404106,0.3732396187433003,0.15387575031161405,0.5718394060448264,0.2657759654604745,0.3747302985952895
2021-05-31 09:20:00,0.44979079497907953,-0.12350597609561753,0.26909903201787033,0.21514015354401006,0.6446454044574734,0.00044543429844097997,0.5,0.25050825105404106,0.3732396187433003,0.15387575031161405,0.5718394060448264,0.2657759654604745,0.4670096715300934
2021-05-31 09:30:00,0.49372384937238495,-0.08366533864541836,0.2771407297096051,0.22049633993929652,0.6399602151522686,0.00044543429844097997,0.5,0.25050825105404106,0.3732396187433003,0.15387575031161405,0.5718394060448264,0.2657759654604745,0.5579688277984821
2021-05-31 09:40:00,0.4776847977684798,0.07569721115537842,0.28875651526433344,0.22656668452062134,0.6544214838177749,0.00044543429844097997,0.5,0.25050825105404106,0.3732396187433003,0.15387575031161405,0.5718394060448264,0.2657759654604745,0.5339257962792523
2021-05-31 09:50:00,0.45188284518828453,0.09960159362549792,0.2988830975428145,0.24084984824138544,0.6477601392469671,0.00044543429844097997,0.5,0.25050825105404106,0.3732396187433003,0.15387575031161405,0.5718394060448264,0.2657759654604745,0.4908942770493535
2021-05-31 10:00:00,0.49790794979079495,-0.1394422310756973,0.3066269545792999,0.26156043563649356,0.6551674497127377,0.00033407572383073496,0.5,0.42016441071928257,0.36736042665808594,0.0987564987482812,0.5530568956067814,0.3179126465187833,0.5569956395129533
2021-05-31 10:10:00,0.47280334728033474,0.05179282868525892,0.31556217423678334,0.2715586502410283,0.650233605109212,0.00011135857461024499,0.5,0.42016441071928257,0.36736042665808594,0.0987564987482812,0.5530568956067814,0.3179126465187833,0.5475806086576037
2021-05-31 10:20:00,0.4476987447698745,0.1394422310756971,0.3253909158600148,0.2737011247991432,0.6475376581905746,0.00011135857461024499,0.5,0.42016441071928257,0.36736042665808594,0.0987564987482812,0.5530568956067814,0.3179126465187833,0.5052356020942409
2021-05-31 10:30:00,0.47698744769874474,0.003984063745019917,0.33551749813849585,0.283699339403678,0.6490165028595358,0.00011135857461024499,0.5,0.42016441071928257,0.36736042665808594,0.0987564987482812,0.5530568956067814,0.3179126465187833,0.5387162967545303
2021-05-31 10:40:00,0.43235704323570434,-0.03585657370517936,0.3420699925539836,0.2929833958221746,0.6457578097394355,0.00011135857461024499,0.5,0.42016441071928257,0.36736042665808594,0.0987564987482812,0.5530568956067814,0.3179126465187833,0.4294249890610619
2021-05-31 10:50:00,0.3800557880055788,0.07569721115537842,0.3495160089352196,0.29726834493840393,0.6546832262370601,0.00011135857461024499,0.5,0.42016441071928257,0.36736042665808594,0.0987564987482812,0.5530568956067814,0.3179126465187833,0.31647479517781435
2021-05-31 11:00:00,0.3814504881450488,-0.15537848605577698,0.35964259121370046,0.3186930905195502,0.6481396657549305,0.00011135857461024499,0.5,0.43066056127246033,0.34869700896821265,0.11807789861895615,0.3559348000210181,0.37915728946159655,0.32516559289044467
2021-05-31 11:10:00,0.3758716875871687,-0.07569721115537853,0.37096053611317936,0.3311908587752188,0.6548795330515239,0.00011135857461024499,0.5,0.43066056127246033,0.34869700896821265,0.11807789861895615,0.3559348000210181,0.37915728946159655,0.3310877076512214
2021-05-31 11:20:00,0.3075313807531381,0.03585657370517925,0.38168279970215924,0.33654704517050527,0.6608603473321905,0.00011135857461024499,0.5,0.43066056127246033,0.34869700896821265,0.11807789861895615,0.3559348000210181,0.37915728946159655,0.19417746729634713
2021-05-31 11:30:00,0.20292887029288703,0.49003984063745,0.3918093819806401,0.3454740224959829,0.6683592676447109,0.00011135857461024499,0.5,0.43066056127246033,0.34869700896821265,0.11807789861895615,0.3559348000210181,0.37915728946159655,0.08432789655536611
2021-05-31 11:40:00,0.18967921896792192,-0.6573705179282869,0.4043186895011168,0.3779682199607215,0.6785017863920116,0.00011135857461024499,0.5,0.43066056127246033,0.34869700896821265,0.11807789861895615,0.3559348000210181,0.37915728946159655,0.06459254341626809
2021-05-31 11:50:00,0.17573221757322177,0.4501992031872508,0.4159344750558449,0.37653990358864475,0.6639619950007198,0.00011135857461024499,0.5,0.43066056127246033,0.34869700896821265,0.11807789861895615,0.3559348000210181,0.37915728946159655,0.07001674789142538
2021-05-31 12:00:00,0.13458856345885634,0.6812749003984064,0.4272524199553238,0.3908230673094091,0.7127507819554776,0.00011135857461024499,0.5,0.44234551599397376,0.3362030074107697,0.13115928272409927,0.2555202413630609,0.5565257661490077,0.027090845994839838
2021-05-31 12:10:00,0.06345885634588563,0.6555998229305002,0.4391660461653015,0.4176039992858418,0.7455209328499823,0.8659242761692652,0.5,0.44234551599397376,0.3362030074107697,0.13115928272409927,0.2555202413630609,0.5565257661490077,0.0
2021-05-31 12:20:00,0.0599721059972106,0.629924745462594,0.46448250186150397,0.4490269594715228,0.7455209328499823,0.9995545657015591,0.5,0.44234551599397376,0.3362030074107697,0.13115928272409927,0.2555202413630609,0.5565257661490077,0.0
2021-05-31 12:30:00,0.09205020920502092,0.6042496679946878,0.48682055100521215,0.4783074450990894,0.7455209328499823,0.9995545657015591,0.5,0.44234551599397376,0.3362030074107697,0.13115928272409927,0.2555202413630609,0.5565257661490077,0.0
2021-05-31 12:40:00,0.18688981868898188,0.5785745905267816,0.5034996276991808,0.4911622924477772,0.7187577704780725,0.9995545657015591,0.5,0.44234551599397376,0.3362030074107697,0.13115928272409927,0.2555202413630609,0.5565257661490077,0.0
2021-05-31 12:50:00,0.1394700139470014,0.5528995130588754,0.5142218912881606,0.5054454561685413,0.6368847417256678,0.9995545657015591,0.5,0.44234551599397376,0.3362030074107697,0.13115928272409927,0.2555202413630609,0.5565257661490077,0.0
2021-05-31 13:00:00,0.12133891213389121,0.5272244355909692,0.5297096053611317,0.5086591680057133,0.6368847417256678,0.9995545657015591,0.5,0.6050232754534937,0.30999663799866095,0.07964307404029924,0.44870229736135214,0.6874424111712831,0.0
2021-05-31 13:10:00,0.19316596931659694,0.5015493581230632,0.5457930007446015,0.5140153544009998,0.6327099501380692,0.9995545657015591,0.5,0.6050232754534937,0.30999663799866095,0.07964307404029924,0.44870229736135214,0.6874424111712831,0.0
2021-05-31 13:20:00,0.22663877266387727,0.475874280655157,0.5559195830230825,0.5218710944474201,0.46375521848948453,0.9995545657015591,0.5,0.6050232754534937,0.30999663799866095,0.07964307404029924,0.44870229736135214,0.6874424111712831,0.0
2021-05-31 13:30:00,0.24686192468619247,0.4501992031872508,0.5633655994043185,0.5457953936797,0.3604847469605162,0.12360801781737193,0.5,0.6050232754534937,0.30999663799866095,0.07964307404029924,0.44870229736135214,0.6874424111712831,0.0713520527483139
2021-05-31 13:40:00,0.2545327754532775,-0.7928286852589642,0.5776619508562917,0.5582931619353688,0.3670675688055385,0.7357461024498886,0.5,0.6050232754534937,0.30999663799866095,0.07964307404029924,0.44870229736135214,0.6874424111712831,0.009196252093486429
2021-05-31 13:50:00,0.31311018131101814,-0.031872509960159334,0.5803425167535365,0.5693626138189607,0.36651790972503956,0.9993318485523385,0.5,0.6050232754534937,0.30999663799866095,0.07964307404029924,0.44870229736135214,0.6874424111712831,0.0
2021-05-31 14:00:00,0.3800557880055788,0.7290836653386452,0.5857036485480267,0.5711480092840564,0.37511614819855776,0.7542316258351893,0.5,0.6182961040589707,0.2874568614999116,0.07105864557189809,0.6167214534406236,0.7353737445111099,0.0
2021-05-31 14:10:00,0.28172942817294283,-0.03585657370517936,0.58927773641102,0.5643635065166934,0.3672377013780738,0.003006681514476615,0.5,0.6182961040589707,0.2874568614999116,0.07105864557189809,0.6167214534406236,0.7353737445111099,0.1712132413959594
2021-05-31 14:20:00,0.37447698744769875,-0.003984063745020028,0.5788533134772895,0.545438314586681,0.4105168104068786,0.00011135857461024499,0.5,0.6182961040589707,0.2874568614999116,0.07105864557189809,0.6167214534406236,0.7353737445111099,0.23257691205093775
2021-05-31 14:30:00,0.4776847977684798,0.2589641434262948,0.5663440059568128,0.5200856989823246,0.3787936291895146,0.00044543429844097997,0.5,0.6182961040589707,0.2874568614999116,0.07105864557189809,0.6167214534406236,0.7353737445111099,0.5440273398011377
2021-05-31 14:40:00,0.5216178521617852,-0.11553784860557781,0.5651526433358152,0.5097304052847706,0.4181989504128987,0.01759465478841871,0.5,0.6182961040589707,0.2874568614999116,0.07105864557189809,0.6167214534406236,0.7353737445111099,0.5283054453279418
2021-05-31 14:50:00,0.6708507670850766,-0.23505976095617542,0.568428890543559,0.5115158007498661,0.3933203334598422,0.09298440979955457,0.5,0.6182961040589707,0.2874568614999116,0.07105864557189809,0.6167214534406236,0.7353737445111099,0.5711408180816875
2021-05-31 15:00:00,0.5264993026499303,-0.003984063745020028,0.5654504839910646,0.507230851633637,0.4170603708890081,0.05033407572383073,0.5,0.6207226747309986,0.2571385058346535,0.07752477091979679,0.7024513938044141,0.75240645723923,0.3966006306863618
2021-05-31 15:10:00,0.689679218967922,0.14741035856573692,0.5728965003723006,0.5100874843777896,0.42335527607281676,0.09465478841870824,0.5,0.6207226747309986,0.2571385058346535,0.07752477091979679,0.7024513938044141,0.75240645723923,0.5356383058979737
2021-05-31 15:20:00,0.4072524407252441,-0.03585657370517936,0.5723008190618017,0.5108016425638278,0.4014343484576828,0.00512249443207127,0.5,0.6207226747309986,0.2571385058346535,0.07752477091979679,0.7024513938044141,0.75240645723923,0.35266382002806407
2021-05-31 15:30:00,0.5230125523012552,0.05179282868525892,0.5785554728220401,0.5261560435636492,0.4010155605868265,0.025946547884187085,0.5,0.6207226747309986,0.2571385058346535,0.07752477091979679,0.7024513938044141,0.75240645723923,0.5310665841845588
2021-05-31 15:40:00,0.4470013947001395,0.14741035856573692,0.5854058078927771,0.5393679700053562,0.4202012799204303,0.016815144766146994,0.5,0.6207226747309986,0.2571385058346535,0.07752477091979679,0.7024513938044141,0.75240645723923,0.4260603225855123
2021-05-31 15:50:00,0.5648535564853556,-0.3067729083665339,0.5860014892032761,0.5436529191215853,0.39489078797555327,0.04643652561247216,0.5,0.6207226747309986,0.2571385058346535,0.07752477091979679,0.7024513938044141,0.75240645723923,0.4899588092400079
2021-05-31 16:00:00,0.5885634588563459,0.1633466135458166,0.5904690990320176,0.5468666309587575,0.39218175393595167,0.019599109131403118,0.5,0.6957996786763359,0.23630846505961003,0.05514347306093913,0.7561141388236969,0.7567988310827449,0.7052446550085248
2021-05-31 16:10:00,0.5446304044630405,0.019920318725099362,0.596723752792256,0.5497232637029101,0.39415790920155475,0.06425389755011135,0.5,0.6957996786763359,0.23630846505961003,0.05514347306093913,0.7561141388236969,0.7567988310827449,0.41217918735006115
2021-05-31 16:20:00,0.3068340306834031,0.019920318725099362,0.596723752792256,0.5654347437957508,0.39351664027430605,0.00011135857461024499,0.5,0.6957996786763359,0.23630846505961003,0.05514347306093913,0.7561141388236969,0.7567988310827449,0.2087752915792809
2021-05-31 16:30:00,0.3584379358437936,0.05179282868525892,0.6011913626209975,0.5861453311908589,0.4202928897671801,0.015033407572383075,0.5,0.6957996786763359,0.23630846505961003,0.05514347306093913,0.7561141388236969,0.7567988310827449,0.21649290100638233
2021-05-31 16:40:00,0.7775453277545328,0.06772908366533859,0.6125093075204764,0.586859489376897,0.38218319351925767,0.12639198218262807,0.5,0.6957996786763359,0.23630846505961003,0.05514347306093913,0.7561141388236969,0.7567988310827449,0.5135416509498016
2021-05-31 16:50:00,0.7391910739191073,-0.003984063745020028,0.6139985107967236,0.5643635065166934,0.3886220570336732,0.11291759465478843,0.5,0.6957996786763359,0.23630846505961003,0.05514347306093913,0.7561141388236969,0.7567988310827449,0.4847382953362403
2021-05-31 17:00:00,0.5878661087866108,-0.059760956175298974,0.6151898734177212,0.5590073201214067,0.39486461373362475,0.030846325167037864,0.5,0.699691984218652,0.21703299071570262,0.057645262091187734,0.7905025352162964,0.7644677833408747,0.6070280791224708
2021-05-31 17:10:00,0.6610878661087867,0.03585657370517925,0.6199553239017124,0.56579182288877,0.4211304655088927,0.0821826280623608,0.5,0.699691984218652,0.21703299071570262,0.057645262091187734,0.7905025352162964,0.7644677833408747,0.5638909425592589
2021-05-31 17:20:00,0.6311018131101813,-0.12350597609561753,0.6235294117647057,0.5693626138189607,0.41575165879258225,0.07293986636971046,0.5,0.699691984218652,0.21703299071570262,0.057645262091187734,0.7905025352162964,0.7644677833408747,0.4823090966700364
2021-05-31 17:30:00,0.6569037656903766,0.01195219123505975,0.6259121370067011,0.576861274772362,0.41610501105861725,0.06302895322939867,0.5,0.699691984218652,0.21703299071570262,0.057645262091187734,0.7905025352162964,0.7644677833408747,0.6256695384522535
2021-05-31 17:40:00,0.7224546722454672,0.043824701195219085,0.6235294117647057,0.5779325120514194,0.40324037115075057,0.09409799554565701,0.5,0.699691984218652,0.21703299071570262,0.057645262091187734,0.7905025352162964,0.7644677833408747,0.5588967515125911
2021-05-31 17:50:00,0.7831241283124128,0.043824701195219085,0.6220402084884586,0.5665059810748081,0.41232283309994633,0.1200445434298441,0.5,0.699691984218652,0.21703299071570262,0.057645262091187734,0.7905025352162964,0.7644677833408747,0.5107201593312914
2021-05-31 18:00:00,0.6317991631799164,0.15537848605577675,0.6172747580044673,0.5704338510980183,0.41628823075211685,0.04810690423162584,0.5,0.6558101915701398,0.19572020103043813,0.050831792858766975,0.8569920932795446,0.77990990676803,0.5865307723644704
2021-05-31 18:10:00,0.6680613668061367,-0.02788844621513953,0.6178704393149663,0.5772183538653812,0.4357356925050059,0.03708240534521158,0.5,0.6558101915701398,0.19572020103043813,0.050831792858766975,0.8569920932795446,0.77990990676803,0.6620924302548395
2021-05-31 18:20:00,0.796373779637378,-0.1633466135458168,0.6214445271779596,0.580432065702553,0.418015730719399,0.08385300668151448,0.5,0.6558101915701398,0.19572020103043813,0.050831792858766975,0.8569920932795446,0.77990990676803,0.6416026675920757
2021-05-31 18:30:00,0.7775453277545328,0.13147410358565725,0.619657483246463,0.5775754329584004,0.42208582533928357,0.07271714922048998,0.5,0.6558101915701398,0.19572020103043813,0.050831792858766975,0.8569920932795446,0.77990990676803,0.7613878117597357
2021-05-31 18:40:00,0.7629009762900976,0.027888446215139417,0.6175725986597167,0.5825745402606679,0.42386567379042284,0.07694877505567929,0.5,0.6558101915701398,0.19572020103043813,0.050831792858766975,0.8569920932795446,0.77990990676803,0.6984926897717157
2021-05-31 18:50:00,0.7287308228730822,-0.059760956175298974,0.6154877140729709,0.5857882520978397,0.425894177539883,0.05400890868596882,0.5,0.6558101915701398,0.19572020103043813,0.050831792858766975,0.8569920932795446,0.77990990676803,0.7211853282435838
2021-05-31 19:00:00,0.7510460251046025,-0.01195219123505975,0.6154877140729709,0.590430280307088,0.43870646896389265,0.06269487750556793,0.5,0.6413729065516471,0.21373995350668332,0.05080440100807083,0.8532267764014148,0.8067620090135914,0.8046607420372074
2021-05-31 19:10:00,0.7454672245467224,0.06772908366533859,0.6145941921072224,0.5997143367255846,0.4258287419350617,0.07082405345211581,0.5,0.6413729065516471,0.21373995350668332,0.05080440100807083,0.8532267764014148,0.8067620090135914,0.7070326055796129
2021-05-31 19:20:00,0.7642956764295677,-0.21912350597609564,0.6125093075204764,0.5979289412604893,0.43040923427255234,0.08652561247216035,0.5,0.6413729065516471,0.21373995350668332,0.05080440100807083,0.8532267764014148,0.8067620090135914,0.6547595696848076
2021-05-31 19:30:00,0.694560669456067,0.06772908366533859,0.6083395383469843,0.6011426530976611,0.4151758254701548,0.01447661469933185,0.5,0.6413729065516471,0.21373995350668332,0.05080440100807083,0.8532267764014148,0.8067620090135914,0.8878117597356548
2021-05-31 19:40:00,0.6771269177126918,0.22709163346613526,0.6062546537602382,0.6057846813069094,0.43900747274607066,0.00155902004454343,0.5,0.6413729065516471,0.21373995350668332,0.05080440100807083,0.8532267764014148,0.8067620090135914,0.8799885329752404
2021-05-31 19:50:00,0.701534170153417,0.06772908366533859,0.6038719285182426,0.6111408677021961,0.4256455222415621,0.01247216035634744,0.5,0.6413729065516471,0.21373995350668332,0.05080440100807083,0.8532267764014148,0.8067620090135914,0.9040919172563635
2021-05-31 20:00:00,0.7440725244072525,-0.08366533864541836,0.6023827252419953,0.6132833422603108,0.4459436468571279,0.011915367483296215,0.5,0.6225548266423144,0.21702437019944898,0.05224932113229287,0.8257490401650996,0.832969039712668,0.9404545317380087
2021-05-31 20:10:00,0.7196652719665272,0.20318725099601576,0.6002978406552493,0.6157828959114444,0.43211055999790604,0.01670378619153675,0.5,0.6225548266423144,0.21702437019944898,0.05224932113229287,0.8257490401650996,0.832969039712668,0.9768169953377491
2021-05-31 20:20:00,0.7803347280334728,0.003984063745019917,0.5979151154132538,0.6168541331905018,0.4470037036552329,0.023942093541202674,0.5,0.6225548266423144,0.21702437019944898,0.05224932113229287,0.8257490401650996,0.832969039712668,0.9712595621407126
2021-05-31 20:30:00,0.7642956764295677,-0.13147410358565736,0.5943410275502605,0.6229244777718264,0.4476842339453744,0.01804008908685969,0.5,0.6225548266423144,0.21702437019944898,0.05224932113229287,0.8257490401650996,0.832969039712668,0.9657020535027235
2021-05-31 20:40:00,0.7168758716875872,-0.1872509960159363,0.5883842144452716,0.6268523477950365,0.442920521914384,0.00601336302895323,0.5,0.6225548266423144,0.21702437019944898,0.05224932113229287,0.8257490401650996,0.832969039712668,0.9601445448647344
2021-05-31 20:50:00,0.6994421199442119,-0.03585657370517936,0.5851079672375277,0.6325656132833424,0.43806520003664395,0.0012249443207126948,0.5,0.6225548266423144,0.21702437019944898,0.05224932113229287,0.8257490401650996,0.832969039712668,0.9663985998159241
2021-05-31 21:00:00,0.5676429567642958,-0.14741035856573714,0.5800446760982871,0.6343510087484376,0.4428550863095627,0.00033407572383073496,0.5,0.6203725339976378,0.22929711183970522,0.051010220330662756,0.6607586732312686,0.8531234864639156,0.6826651779652066
2021-05-31 21:10:00,0.5146443514644351,0.09960159362549792,0.5705137751303051,0.64542046063203,0.4378427189802515,0.00044543429844097997,0.5,0.6203725339976378,0.22929711183970522,0.051010220330662756,0.6607586732312686,0.8531234864639156,0.5586327081793081
2021-05-31 21:20:00,0.5711297071129707,-0.0916334661354582,0.5627699180938197,0.641849669701839,0.4378427189802515,0.00033407572383073496,0.5,0.6203725339976378,0.22929711183970522,0.051010220330662756,0.6607586732312686,0.8531234864639156,0.720317757291368
2021-05-31 21:30:00,0.597629009762901,0.31474103585657365,0.5615785554728219,0.6322085341903232,0.4378427189802515,0.00011135857461024499,0.5,0.6203725339976378,0.22929711183970522,0.051010220330662756,0.6607586732312686,0.8531234864639156,0.7578722633794529
2021-05-31 21:40:00,0.5285913528591353,0.3067729083665336,0.5553239017125835,0.6225673986788074,0.4378427189802515,0.00011135857461024499,0.5,0.6203725339976378,0.22929711183970522,0.051010220330662756,0.6607586732312686,0.8531234864639156,0.6132293254070039
2021-05-31 21:50:00,0.44142259414225943,0.25099601593625476,0.5475800446760981,0.6197107659346546,0.4378427189802515,0.00011135857461024499,0.5,0.6203725339976378,0.22929711183970522,0.051010220330662756,0.6607586732312686,0.8531234864639156,0.42685999668059815
2021-05-31 22:00:00,0.6513249651324965,0.3545816733067728,0.5443037974683544,0.6118550258882343,0.44106215073745925,0.00011135857461024499,0.5,0.48573871923469336,0.25511268451496655,0.1087801407053427,0.5562423348807929,0.866689499715219,0.8161202227016914
2021-05-31 22:10:00,0.7796373779637378,-0.019920318725099695,0.5443037974683544,0.5957864667023745,0.4490714687675858,0.0008908685968819599,0.5,0.48573871923469336,0.25511268451496655,0.1087801407053427,0.5562423348807929,0.866689499715219,0.8643320458077463
2021-05-31 22:20:00,0.7419804741980475,0.10756972111553775,0.5425167535368576,0.586859489376897,0.4490714687675858,0.00044543429844097997,0.5,0.48573871923469336,0.25511268451496655,0.1087801407053427,0.5562423348807929,0.866689499715219,0.9125438689138011
2021-05-31 22:30:00,0.7315202231520224,-0.08366533864541836,0.5383469843633655,0.5879307266559544,0.4490714687675858,0.000556792873051225,0.5,0.48573871923469336,0.25511268451496655,0.1087801407053427,0.5562423348807929,0.866689499715219,0.9607556165789037
2021-05-31 22:40:00,0.5753138075313807,-0.2749003984063746,0.5362620997766194,0.5936439921442598,0.4490714687675858,0.000556792873051225,0.5,0.48573871923469336,0.25511268451496655,0.1087801407053427,0.5562423348807929,0.866689499715219,0.6891757321544427
2021-05-31 22:50:00,0.5718270571827057,-0.5617529880478087,0.5329858525688755,0.6061417603999286,0.4490714687675858,0.000556792873051225,0.5,0.48573871923469336,0.25511268451496655,0.1087801407053427,0.5562423348807929,0.866689499715219,0.7386272764307377
2021-05-31 23:00:00,0.6729428172942817,-0.23505976095617542,0.5314966492926283,0.6097125513301196,0.4490714687675858,0.000556792873051225,0.5,0.4179007031831854,0.2642073291629174,0.1482027204926678,0.4416480781705214,0.8757867343552082,0.8813917346892587
2021-05-31 23:10:00,0.6408647140864714,-0.3227091633466136,0.5303052866716305,0.6011426530976611,0.4490714687675858,0.000556792873051225,0.5,0.4179007031831854,0.2642073291629174,0.1482027204926678,0.4416480781705214,0.8757867343552082,0.8334490094602954
2021-05-31 23:20:00,0.7210599721059973,-0.15537848605577698,0.5294117647058822,0.6000714158186038,0.4490714687675858,0.000556792873051225,0.5,0.4179007031831854,0.2642073291629174,0.1482027204926678,0.4416480781705214,0.8757867343552082,0.9433363006774598
2021-05-31 23:30:00,0.695258019525802,0.027888446215139417,0.5249441548771405,0.5947152294233171,0.4490714687675858,0.000556792873051225,0.5,0.4179007031831854,0.2642073291629174,0.1482027204926678,0.4416480781705214,0.8757867343552082,0.8438296845059372
2021-05-31 23:40:00,0.697350069735007,0.17928286852589648,0.5160089352196573,0.5811462238885914,0.4509691013074034,0.00033407572383073496,0.5,0.4179007031831854,0.2642073291629174,0.1482027204926678,0.4416480781705214,0.8757867343552082,0.8842509467839521
2021-05-31 23:50:00,0.5181311018131102,-0.003984063745020028,0.5112434847356664,0.5822174611676485,0.4589522450956014,0.00011135857461024499,0.5,0.4179007031831854,0.2642073291629174,0.1482027204926678,0.4416480781705214,0.8757867343552082,0.6135763537878903
2021-06-01 00:00:00,0.5331241283124128,-0.1792828685258966,0.5067758749069247,0.5895375111587215,0.4589522450956014,0.00011135857461024499,0.5,0.36858766009066035,0.2651297244020954,0.15468355627890334,0.33475882533423096,0.8852681971919383,0.5847314754741464
2021-06-01 00:10:00,0.5481171548117155,-0.3545816733067729,0.5023082650781829,0.596857703981432,0.4589522450956014,0.00011135857461024499,0.5,0.36858766009066035,0.2651297244020954,0.15468355627890334,0.33475882533423096,0.8852681971919383,0.5558866575131645
2021-06-01 00:20:00,0.6345885634588563,-0.36254980079681276,0.5052866716306774,0.5879307266559544,0.4589522450956014,0.00011135857461024499,0.5,0.36858766009066035,0.2651297244020954,0.15468355627890334,0.33475882533423096,0.8852681971919383,0.7061876669131072
2021-06-01 00:30:00,0.6352859135285913,-0.03585657370517936,0.5034996276991808,0.5761471165863239,0.4538482679195404,0.00011135857461024499,0.5,0.36858766009066035,0.2651297244020954,0.15468355627890334,0.33475882533423096,0.8852681971919383,0.7383858653831646
2021-06-01 00:40:00,0.5781032078103208,-0.31474103585657376,0.4999255398361875,0.5682913765399038,0.4576304458782113,0.00011135857461024499,0.5,0.36858766009066035,0.2651297244020954,0.15468355627890334,0.33475882533423096,0.8852681971919383,0.5944671605534348
2021-06-01 00:50:00,0.5746164574616458,-0.4183266932270917,0.49545793000744576,0.5682913765399038,0.4576304458782113,0.00011135857461024499,0.5,0.36858766009066035,0.2651297244020954,0.15468355627890334,0.33475882533423096,0.8852681971919383,0.5848031745552755
2021-06-01 01:00:00,0.6032078103207811,-0.33067729083665354,0.4933730454206997,0.5625781110515979,0.4576304458782113,0.00011135857461024499,0.5,0.28075079805604863,0.2632303373208009,0.18915886347660665,0.25967178167817156,0.9131327240205284,0.6315765650225569
2021-06-01 01:10:00,0.4818688981868898,-0.31474103585657376,0.4877140729709606,0.5565077664702731,0.4576304458782113,0.00011135857461024499,0.5,0.28075079805604863,0.2632303373208009,0.18915886347660665,0.25967178167817156,0.9131327240205284,0.41636616020640643
2021-06-01 01:20:00,0.40027894002789405,-0.2509960159362551,0.4772896500372299,0.5365113372612034,0.4576304458782113,0.00011135857461024499,0.5,0.28075079805604863,0.2632303373208009,0.18915886347660665,0.25967178167817156,0.9131327240205284,0.28648701661209774
2021-06-01 01:30:00,0.3472803347280335,-0.09960159362549814,0.46835443037974667,0.5136582753079808,0.4576304458782113,0.00011135857461024499,0.5,0.28075079805604863,0.2632303373208009,0.18915886347660665,0.25967178167817156,0.9131327240205284,0.22617951929025154
2021-06-01 01:40:00,0.3284518828451883,0.346613545816733,0.45524944154877134,0.4933047670058919,0.4576304458782113,0.00011135857461024499,0.5,0.28075079805604863,0.2632303373208009,0.18915886347660665,0.25967178167817156,0.9131327240205284,0.1454501561627714
2021-06-01 01:50:00,0.34449093444909346,0.4661354581673305,0.4346984363365598,0.46973754686663094,0.4650639305859104,0.00011135857461024499,0.5,0.28075079805604863,0.2632303373208009,0.18915886347660665,0.25967178167817156,0.9131327240205284,0.13337960378411817
2021-06-01 02:00:00,0.37517433751743373,-0.31474103585657376,0.42189128816083366,0.459382253169077,0.4826922825247674,0.00011135857461024499,0.5,0.25557311781011594,0.26170737944926303,0.20677283798722146,0.22569309674898705,0.962487633425925,0.17622252063310048
2021-06-01 02:10:00,0.33472803347280333,-0.24302788844621515,0.42189128816083366,0.43902874486698806,0.4746306160107838,0.00011135857461024499,0.5,0.25557311781011594,0.26170737944926303,0.20677283798722146,0.22569309674898705,0.962487633425925,0.1447485553057622
2021-06-01 02:20:00,0.25592747559274753,-0.5139442231075697,0.4239761727475799,0.41867523656489913,0.47074374108439887,0.00011135857461024499,0.5,0.25557311781011594,0.26170737944926303,0.20677283798722146,0.22569309674898705,0.962487633425925,0.08717956455482294
2021-06-01 02:30:00,0.21687587168758715,-0.26693227091633476,0.4192107222635888,0.4122478128905551,0.4576827943620683,0.00011135857461024499,0.5,0.25557311781011594,0.26170737944926303,0.20677283798722146,0.22569309674898705,0.962487633425925,0.0779305037946799
2021-06-01 02:40:00,0.2705718270571827,0.17928286852589648,0.41414743112434826,0.40260667737903955,0.4632840821347712,0.00011135857461024499,0.5,0.25557311781011594,0.26170737944926303,0.20677283798722146,0.22569309674898705,0.962487633425925,0.09430119045822835
2021-06-01 02:50:00,0.22036262203626222,0.20318725099601576,0.4129560685033504,0.38760935547223707,0.4576304458782113,0.00011135857461024499,0.5,0.25557311781011594,0.26170737944926303,0.20677283798722146,0.22569309674898705,0.962487633425925,0.08637989045973717
2021-06-01 03:00:00,0.21548117154811713,-0.01195219123505975,0.4129560685033504,0.3776111408677021,0.4576304458782113,0.00011135857461024499,0.5,0.24274812113708677,0.2505122023407589,0.21689970664088792,0.24404880859122252,0.0008924339412316131,0.08772273941186234
2021-06-01 03:10:00,0.2391910739191074,0.13147410358565725,0.4129560685033504,0.37046955900732037,0.4576304458782113,0.00011135857461024499,0.5,0.24274812113708677,0.2505122023407589,0.21689970664088792,0.24404880859122252,0.0008924339412316131,0.10302216455180531
2021-06-01 03:20:00,0.2524407252440725,0.3067729083665336,0.4129560685033504,0.3647562935190145,0.4576304458782113,0.00011135857461024499,0.5,0.24274812113708677,0.2505122023407589,0.21689970664088792,0.24404880859122252,0.0008924339412316131,0.10585120026555216
2021-06-01 03:30:00,0.22454672245467225,0.03585657370517925,0.4129560685033504,0.35797179075165153,0.4576304458782113,0.00011135857461024499,0.5,0.24274812113708677,0.2505122023407589,0.21689970664088792,0.24404880859122252,0.0008924339412316131,0.08033707017517389
2021-06-01 03:40:00,0.16387726638772665,0.3067729083665336,0.4075949367088605,0.35582931619353686,0.46643807828715755,0.00011135857461024499,0.5,0.24274812113708677,0.2505122023407589,0.21689970664088792,0.24404880859122252,0.0008924339412316131,0.04017985123044193
2021-06-01 03:50:00,0.10529986052998605,0.027888446215139417,0.4043186895011168,0.35940010712372805,0.4643703131748047,0.00044543429844097997,0.5,0.24274812113708677,0.2505122023407589,0.21689970664088792,0.24404880859122252,0.0008924339412316131,0.002564992380463811
2021-06-01 04:00:00,0.08228730822873082,0.08366533864541825,0.3962769918093818,0.3654704517050529,0.48631741503186715,0.1548997772828508,0.5,0.15400742373065635,0.25001221239802635,0.25337170221456773,0.2749065423497659,0.9999782912581854,0.0
2021-06-01 04:10:00,0.048117154811715475,-0.01195219123505975,0.3921072226358895,0.35083020889126937,0.49050529374043006,0.9993318485523385,0.5,0.15400742373065635,0.25001221239802635,0.25337170221456773,0.2749065423497659,0.9999782912581854,0.0
2021-06-01 04:20:00,0.02510460251046025,-0.010503440782325346,0.39806403574087845,0.36725584717014814,0.49050529374043006,0.9993318485523385,0.5,0.15400742373065635,0.25001221239802635,0.25337170221456773,0.2749065423497659,0.9999782912581854,0.0
2021-06-01 04:30:00,0.060669456066945605,-0.009054690329590831,0.3989575577066269,0.369755400821282,0.49050529374043006,0.9993318485523385,0.5,0.15400742373065635,0.25001221239802635,0.25337170221456773,0.2749065423497659,0.9999782912581854,0.0
2021-06-01 04:40:00,0.099721059972106,-0.007605939876856205,0.4040208488458674,0.3668987680771292,0.49050529374043006,0.9993318485523385,0.5,0.15400742373065635,0.25001221239802635,0.25337170221456773,0.2749065423497659,0.9999782912581854,0.0
2021-06-01 04:50:00,0.11645746164574616,-0.006157189424121801,0.4069992553983617,0.35797179075165153,0.49050529374043006,0.9993318485523385,0.5,0.15400742373065635,0.25001221239802635,0.25337170221456773,0.2749065423497659,0.9999782912581854,0.0
2021-06-01 05:00:00,0.12203626220362622,-0.004708438971387285,0.41265822784810124,0.3519014461703267,0.49050529374043006,0.9993318485523385,0.5,0.15222413409542934,0.2445295640604924,0.262650818452013,0.2881596657857582,0.9826508992753834,0.0
2021-06-01 05:10:00,0.100418410041841,-0.00325968851865277,0.40908413998510795,0.34511694340296395,0.49050529374043006,0.9993318485523385,0.5,0.15222413409542934,0.2445295640604924,0.262650818452013,0.2881596657857582,0.9826508992753834,0.0
2021-06-01 05:20:00,0.1199442119944212,-0.001810938065918144,0.4043186895011168,0.34297446884484906,0.49050529374043006,0.9993318485523385,0.5,0.15222413409542934,0.2445295640604924,0.262650818452013,0.2881596657857582,0.9826508992753834,0.0
2021-06-01 05:30:00,0.1317991631799163,-0.0003621876131837398,0.4043186895011168,0.33726120335654364,0.49050529374043006,0.9993318485523385,0.5,0.15222413409542934,0.2445295640604924,0.262650818452013,0.2881596657857582,0.9826508992753834,0.0
2021-06-01 05:40:00,0.12622036262203626,0.0010865628395506643,0.4034251675353684,0.3361899660774863,0.49050529374043006,0.9993318485523385,0.5,0.15222413409542934,0.2445295640604924,0.262650818452013,0.2881596657857582,0.9826508992753834,0.0
2021-06-01 05:50:00,0.18340306834030684,0.0025353132922854016,0.3930007446016379,0.33226209605427615,0.49441834290874354,0.9726057906458798,0.5,0.15222413409542934,0.2445295640604924,0.262650818452013,0.2881596657857582,0.9826508992753834,0.0
2021-06-01 06:00:00,0.24058577405857742,0.003984063745019917,0.3804914370811614,0.3279771469380468,0.5195325280391567,0.013251670378619154,0.5,0.22980915695730442,0.2765950110198917,0.22039013857866985,0.3624229921298619,0.0494695957505858,0.09003123255427976
2021-06-01 06:10:00,0.1199442119944212,0.06772908366533859,0.3918093819806401,0.36582753079807184,0.49515122168274206,0.11458797327394209,0.5,0.22980915695730442,0.2765950110198917,0.22039013857866985,0.3624229921298619,0.0494695957505858,0.006525642379709402
2021-06-01 06:20:00,0.07252440725244073,0.3227091633466135,0.3924050632911391,0.3922513836814856,0.49248144900603313,0.9993318485523385,0.5,0.22980915695730442,0.2765950110198917,0.22039013857866985,0.3624229921298619,0.0494695957505858,0.0
2021-06-01 06:30:00,0.099721059972106,0.298804780876494,0.39032017870439306,0.3740403499375111,0.49248144900603313,0.9993318485523385,0.5,0.22980915695730442,0.2765950110198917,0.22039013857866985,0.3624229921298619,0.0494695957505858,0.0
2021-06-01 06:40:00,0.11227336122733612,0.2111553784860556,0.3912137006701413,0.359757186216747,0.49248144900603313,0.9993318485523385,0.5,0.22980915695730442,0.2765950110198917,0.22039013857866985,0.3624229921298619,0.0494695957505858,0.0
2021-06-01 06:50:00,0.09553695955369597,0.12350597609561742,0.39717051377513,0.3540439207284414,0.49248144900603313,0.9993318485523385,0.5,0.22980915695730442,0.2765950110198917,0.22039013857866985,0.3624229921298619,0.0494695957505858,0.0
2021-06-01 07:00:00,0.1304044630404463,0.03585657370517925,0.4078927773641099,0.3533297625424032,0.49248144900603313,0.9993318485523385,0.5,0.23311514853965165,0.2822673107150143,0.2228796266389299,0.36256886561197055,0.07196397561158277,0.0
2021-06-01 07:10:00,0.22733612273361226,-0.05179282868525914,0.4180193596425912,0.34940189251919307,0.551779194095091,0.6804008908685969,0.5,0.23311514853965165,0.2822673107150143,0.2228796266389299,0.36256886561197055,0.07196397561158277,0.009618721426739292
2021-06-01 07:20:00,0.20432357043235705,-0.1394422310756973,0.4192107222635888,0.37189787537939667,0.5975579432280693,0.00011135857461024499,0.5,0.23311514853965165,0.2822673107150143,0.2228796266389299,0.36256886561197055,0.07196397561158277,0.10200371169485645
2021-06-01 07:30:00,0.30474198047419804,0.5378486055776892,0.41682799702159334,0.3861810391001608,0.5929774508905786,0.00011135857461024499,0.5,0.23311514853965165,0.2822673107150143,0.2228796266389299,0.36256886561197055,0.07196397561158277,0.17294838330039078
2021-06-01 07:40:00,0.4609483960948396,0.1633466135458166,0.3539836187639609,0.32726298875200865,0.6085380377170826,0.00011135857461024499,0.5,0.23311514853965165,0.2822673107150143,0.2228796266389299,0.36256886561197055,0.07196397561158277,0.3854655461170542
2021-06-01 07:50:00,0.36959553695955366,-0.17131474103585675,0.32181682799702127,0.27620067845027685,0.6017196476947035,0.00011135857461024499,0.5,0.23311514853965165,0.2822673107150143,0.2228796266389299,0.36256886561197055,0.07196397561158277,0.2397211702400531
2021-06-01 08:00:00,0.23221757322175732,-0.01195219123505975,0.3253909158600148,0.26156043563649356,0.6113386816034341,0.00011135857461024499,0.5,0.2603122582943296,0.29454292586068703,0.21120714744690836,0.2810718328604074,0.102463676661576,0.08307557674608085
2021-06-01 08:10:00,0.21827057182705717,0.2350597609561753,0.32092330603127306,0.25513301196214955,0.6084856892332257,0.00011135857461024499,0.5,0.2603122582943296,0.29454292586068703,0.21120714744690836,0.2810718328604074,0.102463676661576,0.08279644522232449
2021-06-01 08:20:00,0.18758716875871687,-0.33067729083665354,0.32092330603127306,0.24906266738082472,0.6098598369344728,0.00011135857461024499,0.5,0.2603122582943296,0.29454292586068703,0.21120714744690836,0.2810718328604074,0.102463676661576,0.06709718303483864
2021-06-01 08:30:00,0.11506276150627615,-0.17131474103585675,0.3268801191362618,0.25656132833422607,0.6017719961785607,0.00011135857461024499,0.5,0.2603122582943296,0.29454292586068703,0.21120714744690836,0.2810718328604074,0.102463676661576,0.01654420085399158
2021-06-01 08:40:00,0.14435146443514643,0.41035856573705165,0.33670886075949347,0.26691662203178,0.6017719961785607,0.00011135857461024499,0.5,0.2603122582943296,0.29454292586068703,0.21120714744690836,0.2810718328604074,0.102463676661576,0.04486473437240672
2021-06-01 08:50:00,0.14644351464435149,0.346613545816733,0.3447505584512285,0.2654883056597035,0.6017719961785607,0.00011135857461024499,0.5,0.2603122582943296,0.29454292586068703,0.21120714744690836,0.2810718328604074,0.102463676661576,0.04503824856284986
2021-06-01 09:00:00,0.14504881450488147,0.585657370517928,0.3533879374534623,0.2737011247991432,0.6084333407493685,0.00011135857461024499,0.5,0.2785685054113718,0.2969767849497287,0.20590263947112425,0.1755246160595169,0.1747258877323557,0.04133409780165065
2021-06-01 09:10:00,0.13668061366806136,-0.059760956175298974,0.35994043186894986,0.27584359935725766,0.6182748557144915,0.00011135857461024499,0.5,0.2785685054113718,0.2969767849497287,0.20590263947112425,0.1755246160595169,0.1747258877323557,0.0359551578979133
2021-06-01 09:20:00,0.14086471408647142,0.6095617529880477,0.36708860759493644,0.2844134975897161,0.621847639737734,0.00011135857461024499,0.5,0.2785685054113718,0.2969767849497287,0.20590263947112425,0.1755246160595169,0.1747258877323557,0.0370415076119921
2021-06-01 09:30:00,0.14504881450488147,-0.2270916334661356,0.37572598659717027,0.29334047491519377,0.6498409914802842,0.00011135857461024499,0.5,0.2785685054113718,0.2969767849497287,0.20590263947112425,0.1755246160595169,0.1747258877323557,0.036075863421699834
2021-06-01 09:40:00,0.10181311018131102,-0.2589641434262948,0.3843633655994041,0.3054811640778434,0.6387169386606639,0.004342984409799555,0.5,0.2785685054113718,0.2969767849497287,0.20590263947112425,0.1755246160595169,0.1747258877323557,0.0056128068560737515
2021-06-01 09:50:00,0.0808926080892608,0.03585657370517925,0.3962769918093818,0.3101231922870915,0.6387169386606639,0.19521158129175947,0.5,0.2785685054113718,0.2969767849497287,0.20590263947112425,0.1755246160595169,0.1747258877323557,0.0
2021-06-01 10:00:00,0.10111576011157601,0.09960159362549792,0.40997766195085616,0.3133369041242635,0.6387169386606639,0.9995545657015591,0.5,0.508269998595835,0.29670380193502005,0.10938517088900633,0.10313602840422549,0.4479351203447381,0.0
2021-06-01 10:10:00,0.07461645746164575,0.1633466135458166,0.42933730454206964,0.3458311015890019,0.6387169386606639,0.9995545657015591,0.5,0.508269998595835,0.29670380193502005,0.10938517088900633,0.10313602840422549,0.4479351203447381,0.0
2021-06-01 10:20:00,0.10460251046025104,0.3705179282868525,0.4460163812360385,0.36439921442599554,0.6387169386606639,0.9995545657015591,0.5,0.508269998595835,0.29670380193502005,0.10938517088900633,0.10313602840422549,0.4479351203447381,0.0
2021-06-01 10:30:00,0.07391910739191074,0.3124644280022766,0.4609084139985107,0.37689698268166416,0.6387169386606639,0.9995545657015591,0.5,0.508269998595835,0.29670380193502005,0.10938517088900633,0.10313602840422549,0.4479351203447381,0.0
2021-06-01 10:40:00,0.11297071129707113,0.25441092771770046,0.4775874906924793,0.38689519728619914,0.6387169386606639,0.9995545657015591,0.5,0.508269998595835,0.29670380193502005,0.10938517088900633,0.10313602840422549,0.4479351203447381,0.0
2021-06-01 10:50:00,0.13668061366806136,0.19635742743312457,0.4930752047654503,0.3968934118907337,0.6387169386606639,0.9995545657015591,0.5,0.508269998595835,0.29670380193502005,0.10938517088900633,0.10313602840422549,0.4479351203447381,0.0
2021-06-01 11:00:00,0.09205020920502092,0.13830392714854844,0.5061801935964259,0.40439207284413503,0.6387169386606639,0.9995545657015591,0.5,0.5295716829602068,0.28784478473134256,0.1055042782646806,0.22274155229094292,0.61583163213467,0.0
2021-06-01 11:10:00,0.23849372384937237,0.08025042686397255,0.5183916604616527,0.41189073379753616,0.5815654814097446,0.9995545657015591,0.5,0.5295716829602068,0.28784478473134256,0.1055042782646806,0.22274155229094292,0.61583163213467,0.0
2021-06-01 11:20:00,0.17642956764295675,0.022196926579396647,0.5285182427401338,0.44402785216925555,0.37783826935912374,0.4821826280623608,0.5,0.5295716829602068,0.28784478473134256,0.1055042782646806,0.22274155229094292,0.61583163213467,0.006005099808379981
2021-06-01 11:30:00,0.17782426778242677,-0.03585657370517936,0.5431124348473564,0.4708087841456883,0.3654578529269346,0.00011135857461024499,0.5,0.5295716829602068,0.28784478473134256,0.1055042782646806,0.22274155229094292,0.61583163213467,0.04337854761078504
2021-06-01 11:40:00,0.2670850767085077,0.08366533864541825,0.5594936708860758,0.5083020889126941,0.37739330724633885,0.00011135857461024499,0.5,0.5295716829602068,0.28784478473134256,0.1055042782646806,0.22274155229094292,0.61583163213467,0.11381022074022663
2021-06-01 11:50:00,0.2684797768479777,-0.15537848605577698,0.5469843633655993,0.497589716122121,0.3758621140935206,0.00011135857461024499,0.5,0.5295716829602068,0.28784478473134256,0.1055042782646806,0.22274155229094292,0.61583163213467,0.11917407245349065
2021-06-01 12:00:00,0.3563458856345886,-0.07835325365205847,0.5419210722263585,0.4797357614711659,0.39045425396866945,0.40144766146993316,0.5,0.5637227784591072,0.27915243084190927,0.09946336067319025,0.3995442809715314,0.6879947121289555,0.08311329722226414
2021-06-01 12:10:00,0.32914923291492326,-0.0013280212483400833,0.5532390171258375,0.48437778968041423,0.368912852861499,0.7720489977728285,0.5,0.5637227784591072,0.27915243084190927,0.09946336067319025,0.3995442809715314,0.6879947121289555,0.02056520361513044
2021-06-01 12:20:00,0.46443514644351463,0.07569721115537842,0.5672375279225612,0.4958043206570255,0.35240999332556827,0.07449888641425391,0.5,0.5637227784591072,0.27915243084190927,0.09946336067319025,0.3995442809715314,0.6879947121289555,0.22033284548184137
2021-06-01 12:30:00,0.4825662482566248,-0.20318725099601598,0.5577066269545792,0.47937868237814674,0.35751397050162936,0.1022271714922049,0.5,0.5637227784591072,0.27915243084190927,0.09946336067319025,0.3995442809715314,0.6879947121289555,0.16899527739638184
2021-06-01 12:40:00,0.5523012552301255,0.03585657370517925,0.5627699180938197,0.47259417961078376,0.35922838334794727,0.07884187082405346,0.5,0.5637227784591072,0.27915243084190927,0.09946336067319025,0.3995442809715314,0.6879947121289555,0.3039515970849616
2021-06-01 12:50:00,0.44072524407252445,0.15537848605577675,0.5657483246463142,0.4768791287270131,0.36222533404876256,0.03596881959910913,0.5,0.5637227784591072,0.27915243084190927,0.09946336067319025,0.3995442809715314,0.6879947121289555,0.2803612112799312
2021-06-01 13:00:00,0.5376569037656904,0.12350597609561742,0.5734921816827996,0.4861631851455097,0.36884741725667775,0.03585746102449889,0.5,0.6921273034060509,0.2703623777682652,0.0516167722838095,0.6231357007580097,0.7271663137548641,0.4514612912473407
2021-06-01 13:10:00,0.4783821478382148,-0.0916334661354582,0.5785554728220401,0.4990180324941975,0.3688081558937849,0.00044543429844097997,0.5,0.6921273034060509,0.2703623777682652,0.0516167722838095,0.6231357007580097,0.7271663137548641,0.42443834210963083
2021-06-01 13:20:00,0.5411436541143654,0.346613545816733,0.5854058078927771,0.5133011962149614,0.3801023412859405,0.00033407572383073496,0.5,0.6921273034060509,0.2703623777682652,0.0516167722838095,0.6231357007580097,0.7271663137548641,0.5783001644612762
2021-06-01 13:30:00,0.6443514644351465,0.06772908366533859,0.5901712583767682,0.5243706480985537,0.3918676630328094,0.015590200445434297,0.5,0.6921273034060509,0.2703623777682652,0.0516167722838095,0.6231357007580097,0.7271663137548641,0.7384084976688746
2021-06-01 13:40:00,0.6206415620641562,-0.01195219123505975,0.5958302308265075,0.5265131226566686,0.39759982201515487,0.01670378619153675,0.5,0.6921273034060509,0.2703623777682652,0.0516167722838095,0.6231357007580097,0.7271663137548641,0.6847020836791045
2021-06-01 13:50:00,0.4288702928870293,-0.3705179282868527,0.5979151154132538,0.5432958400285663,0.39133109107327474,0.00044543429844097997,0.5,0.6921273034060509,0.2703623777682652,0.0516167722838095,0.6231357007580097,0.7271663137548641,0.3858050304027038
2021-06-01 14:00:00,0.6108786610878661,0.07569721115537842,0.6044676098287414,0.5668630601678271,0.36549711428982734,0.015033407572383075,0.5,0.6955554006489844,0.24619332369751354,0.0514540697632393,0.7391924984707112,0.7488577563767723,0.5979449884575343
2021-06-01 14:10:00,0.6331938633193863,0.2828685258964143,0.6080416976917349,0.5700767720049991,0.38090065566476033,0.044432071269487755,0.5,0.6955554006489844,0.24619332369751354,0.0514540697632393,0.7391924984707112,0.7488577563767723,0.5889373387449643
2021-06-01 14:20:00,0.7175732217573221,-0.059760956175298974,0.6184661206254651,0.5807891447955722,0.3787281935846933,0.024387527839643652,0.5,0.6955554006489844,0.24619332369751354,0.0514540697632393,0.7391924984707112,0.7488577563767723,0.8257842086998506
2021-06-01 14:30:00,0.5746164574616458,0.2589641434262948,0.6187639612807148,0.5865024102838778,0.3689259399824632,0.021714922048997772,0.5,0.6955554006489844,0.24619332369751354,0.0514540697632393,0.7391924984707112,0.7488577563767723,0.5804728638894338
2021-06-01 14:40:00,0.6729428172942817,0.2350597609561753,0.6285927029039462,0.5950723085163365,0.39114787137977514,0.04298440979955456,0.5,0.6955554006489844,0.24619332369751354,0.0514540697632393,0.7391924984707112,0.7488577563767723,0.7291971573849149
2021-06-01 14:50:00,0.6555090655509066,-0.06772908366533881,0.635145197319434,0.5993572576325656,0.4031356741830365,0.025167037861915365,0.5,0.6955554006489844,0.24619332369751354,0.0514540697632393,0.7391924984707112,0.7488577563767723,0.7054257132942047
2021-06-01 15:00:00,0.44072524407252445,0.043824701195219085,0.6390171258376767,0.6200678450276735,0.4066037612385651,0.006570155902004454,0.5,0.6990161172134293,0.23412460094193677,0.04938294149671355,0.7496583218582948,0.7590154971631806,0.34109117793503024
2021-06-01 15:10:00,0.6150627615062761,0.19521912350597592,0.6488458674609083,0.6404213533297625,0.4153459580426902,0.026837416481069045,0.5,0.6990161172134293,0.23412460094193677,0.04938294149671355,0.7496583218582948,0.7590154971631806,0.6143307633115561
2021-06-01 15:20:00,0.7998605299860531,0.14741035856573692,0.6545048399106477,0.6368505623995715,0.42153616625878476,0.037305122494432075,0.5,0.6990161172134293,0.23412460094193677,0.04938294149671355,0.7496583218582948,0.7590154971631806,0.9719585980053411
2021-06-01 15:30:00,0.5467224546722455,-0.01195219123505975,0.6548026805658969,0.645063381539011,0.4080826059075265,0.013919821826280624,0.5,0.6990161172134293,0.23412460094193677,0.04938294149671355,0.7496583218582948,0.7590154971631806,0.5136548123783515
2021-06-01 15:40:00,0.7719665271966527,0.14741035856573692,0.6616530156366343,0.6554186752365649,0.43391658269097383,0.0289532293986637,0.5,0.6990161172134293,0.23412460094193677,0.04938294149671355,0.7496583218582948,0.7590154971631806,0.9572325241033842
2021-06-01 15:50:00,0.5760111576011158,-0.24302788844621515,0.6613551749813849,0.6611319407248706,0.4214314692910706,0.0010022271714922048,0.5,0.6990161172134293,0.23412460094193677,0.04938294149671355,0.7496583218582948,0.7590154971631806,0.6211506254054951
2021-06-01 16:00:00,0.7649930264993027,0.05179282868525892,0.665524944154877,0.6750580253526155,0.40108099619164783,0.03173719376391983,0.5,0.739762919569358,0.20605620001896457,0.037313407283721366,0.7339317410796838,0.767532277420817,0.9525853614376029
2021-06-01 16:10:00,0.5390516039051604,-0.059760956175298974,0.6640357408786297,0.6782717371897875,0.39710251141851305,0.00011135857461024499,0.5,0.739762919569358,0.20605620001896457,0.037313407283721366,0.7339317410796838,0.767532277420817,0.5664861113206693
2021-06-01 16:20:00,0.5237099023709902,-0.06772908366533881,0.6658227848101264,0.6946973754686665,0.41658923453429486,0.01091314031180401,0.5,0.739762919569358,0.20605620001896457,0.037313407283721366,0.7339317410796838,0.767532277420817,0.5565656260844637
2021-06-01 16:30:00,0.8451882845188284,0.08366533864541825,0.6744601638123602,0.6886270308873417,0.43021292745808853,0.04131403118040089,0.5,0.739762919569358,0.20605620001896457,0.037313407283721366,0.7339317410796838,0.767532277420817,0.5980015691718092
2021-06-01 16:40:00,0.602510460251046,0.027888446215139417,0.6676098287416232,0.6836279235850742,0.4345709387391868,0.002561247216035635,0.5,0.739762919569358,0.20605620001896457,0.037313407283721366,0.7339317410796838,0.767532277420817,0.6394375122591548
2021-06-01 16:50:00,0.6813110181311018,-0.2749003984063746,0.6699925539836187,0.6961256918407428,0.42670557903966705,0.01224944320712695,0.5,0.739762919569358,0.20605620001896457,0.037313407283721366,0.7339317410796838,0.767532277420817,0.7466164732863587
2021-06-01 17:00:00,0.6192468619246863,-0.10756972111553798,0.6738644825018612,0.689698268166399,0.41412885579301406,0.02249443207126949,0.5,0.7358543377193758,0.20909349524578674,0.035594061396043424,0.7105220984748809,0.7861775427223725,0.6947357303438598
2021-06-01 17:10:00,0.6422594142259415,0.13147410358565725,0.6717795979151151,0.7014818782360293,0.4098755414796299,0.0032293986636971047,0.5,0.7358543377193758,0.20909349524578674,0.035594061396043424,0.7105220984748809,0.7861775427223725,0.7469106930005884
2021-06-01 17:20:00,0.606694560669456,-0.043824701195219196,0.6747580044676096,0.704695590073201,0.4176754655743283,0.005567928730512249,0.5,0.7358543377193758,0.20909349524578674,0.035594061396043424,0.7105220984748809,0.7861775427223725,0.6321800926414896
2021-06-01 17:30:00,0.7224546722454672,-0.05179282868525903,0.6780342516753535,0.7082663810033922,0.4256193479996336,0.013251670378619154,0.5,0.7358543377193758,0.20909349524578674,0.035594061396043424,0.7105220984748809,0.7861775427223725,0.9253587217285031
2021-06-01 17:40:00,0.7587168758716877,-0.03585657370517936,0.6747580044676096,0.7093376182824496,0.418565389799898,0.037750556792873056,0.5,0.7358543377193758,0.20909349524578674,0.035594061396043424,0.7105220984748809,0.7861775427223725,0.9117944384929915
2021-06-01 17:50:00,0.694560669456067,0.2828685258964143,0.677140729709605,0.6989823245848956,0.4137885906479434,0.01202672605790646,0.5,0.7358543377193758,0.20909349524578674,0.035594061396043424,0.7105220984748809,0.7861775427223725,0.8633085384069888
2021-06-01 18:00:00,0.5104602510460251,0.027888446215139417,0.6732688011913626,0.714693804677736,0.42834146916019944,0.0089086859688196,0.5,0.6684966728625588,0.20745272365211007,0.03067430747124141,0.7693911571226092,0.7966925447938339,0.5231377400908309
2021-06-01 18:10:00,0.6366806136680614,-0.02788844621513953,0.677140729709605,0.7218353865381182,0.42432372302417193,0.0020044543429844097,0.5,0.6684966728625588,0.20745272365211007,0.03067430747124141,0.7693911571226092,0.7966925447938339,0.7528856164280219
2021-06-01 18:20:00,0.5418410041841004,-0.08366533864541836,0.6762472077438568,0.7264774147473667,0.4153197838007617,0.00512249443207127,0.5,0.6684966728625588,0.20745272365211007,0.03067430747124141,0.7693911571226092,0.7966925447938339,0.5473391976100306
2021-06-01 18:30:00,0.6471408647140864,0.21912350597609564,0.6774385703648547,0.7336189966077487,0.4281451623457355,0.042650334075723835,0.5,0.6684966728625588,0.20745272365211007,0.03067430747124141,0.7693911571226092,0.7966925447938339,0.6186912503583446
2021-06-01 18:40:00,0.693863319386332,0.11553784860557759,0.6702903946388681,0.7225495447241563,0.4310112418369083,0.04498886414253898,0.5,0.6684966728625588,0.20745272365211007,0.03067430747124141,0.7693911571226092,0.7966925447938339,0.7503583445237413
2021-06-01 18:50:00,0.887029288702929,-0.019920318725099695,0.669694713328369,0.7043385109801821,0.4384578136655717,0.05835189309576838,0.5,0.6684966728625588,0.20745272365211007,0.03067430747124141,0.7693911571226092,0.7966925447938339,0.8305822532703653
2021-06-01 19:00:00,0.7280334728033473,0.003984063745019917,0.6676098287416232,0.6971969291198001,0.44416379840598863,0.018819599109131405,0.5,0.6528462025673207,0.22283172464921763,0.027640786820766115,0.7165244193302084,0.8199293786299732,0.9108061620169893
2021-06-01 19:10:00,0.605997210599721,-0.1394422310756973,0.6631422189128813,0.704695590073201,0.45236942325057905,0.001893095768374165,0.5,0.6528462025673207,0.22283172464921763,0.027640786820766115,0.7165244193302084,0.8199293786299732,0.6899678621542918
2021-06-01 19:20:00,0.7775453277545328,-0.059760956175298974,0.6586746090841398,0.7100517764684879,0.4364685712790043,0.0200445434298441,0.5,0.6528462025673207,0.22283172464921763,0.027640786820766115,0.7165244193302084,0.8199293786299732,0.7406377778113071
2021-06-01 19:30:00,0.6576011157601116,-0.11553784860557781,0.6536113179448992,0.7064809855382967,0.44810302181623063,0.0008908685968819599,0.5,0.6528462025673207,0.22283172464921763,0.027640786820766115,0.7165244193302084,0.8199293786299732,0.7913076934683224
2021-06-01 19:40:00,0.5516039051603905,0.1394422310756971,0.6482501861504093,0.7071951437243349,0.44496211278480846,0.00011135857461024499,0.5,0.6528462025673207,0.22283172464921763,0.027640786820766115,0.7165244193302084,0.8199293786299732,0.5908082743636556
2021-06-01 19:50:00,0.5599721059972106,-0.10756972111553798,0.645271779597915,0.7164792001428317,0.44628391200219863,0.00033407572383073496,0.5,0.6528462025673207,0.22283172464921763,0.027640786820766115,0.7165244193302084,0.8199293786299732,0.5835055901745704
2021-06-01 20:00:00,0.5202231520223152,0.17928286852589648,0.6411020104244229,0.7136225673986787,0.43593199931946974,0.00011135857461024499,0.5,0.6495972114148945,0.21960190455939035,0.02286217701552344,0.6032391544918966,0.8428653427813486,0.5488932812287822
2021-06-01 20:10:00,0.4679218967921897,0.12350597609561742,0.63723008190618,0.7100517764684879,0.4376202379238591,0.00011135857461024499,0.5,0.6495972114148945,0.21960190455939035,0.02286217701552344,0.6032391544918966,0.8428653427813486,0.44122395401119546
2021-06-01 20:20:00,0.49302649930264997,-0.17928286852589637,0.6318689501116901,0.7075522228173541,0.4554841580400728,0.00011135857461024499,0.5,0.6495972114148945,0.21960190455939035,0.02286217701552344,0.6032391544918966,0.8428653427813486,0.4428761108680236
2021-06-01 20:30:00,0.44839609483960946,0.07569721115537842,0.6288905435591956,0.7004106409569719,0.44456949915588073,0.00011135857461024499,0.5,0.6495972114148945,0.21960190455939035,0.02286217701552344,0.6032391544918966,0.8428653427813486,0.3482429802193823
2021-06-01 20:40:00,0.38702928870292885,-0.13147410358565736,0.6244229337304541,0.689698268166399,0.4413893287615657,0.00011135857461024499,0.5,0.6495972114148945,0.21960190455939035,0.02286217701552344,0.6032391544918966,0.8428653427813486,0.26310786547369375
2021-06-01 20:50:00,0.4867503486750349,0.08366533864541825,0.6184661206254651,0.6864845563292268,0.4590176807004227,0.00011135857461024499,0.5,0.6495972114148945,0.21960190455939035,0.02286217701552344,0.6032391544918966,0.8428653427813486,0.44734975934336196
2021-06-01 21:00:00,0.44142259414225943,-0.05179282868525903,0.614296351451973,0.6782717371897875,0.4688591956655455,0.00011135857461024499,0.5,0.6487910672421631,0.23487745936144996,0.02480015045227623,0.4264189589648605,0.8447870750764466,0.3592271828839568
2021-06-01 21:10:00,0.41562064156206413,-0.15537848605577698,0.6098287416232313,0.6664881271201573,0.4688591956655455,0.00011135857461024499,0.5,0.6487910672421631,0.23487745936144996,0.02480015045227623,0.4264189589648605,0.8447870750764466,0.29459691899150536
2021-06-01 21:20:00,0.39539748953974896,-0.1872509960159363,0.6056589724497392,0.6554186752365649,0.4688591956655455,0.00011135857461024499,0.5,0.6487910672421631,0.23487745936144996,0.02480015045227623,0.4264189589648605,0.8447870750764466,0.255111124522836
2021-06-01 21:30:00,0.3228730822873082,0.03585657370517925,0.6038719285182426,0.6436350651669345,0.4688591956655455,0.00011135857461024499,0.5,0.6487910672421631,0.23487745936144996,0.02480015045227623,0.4264189589648605,0.8447870750764466,0.1626431492071156
2021-06-01 21:40:00,0.35355648535564854,0.49800796812749004,0.5997021593447505,0.6286377432601322,0.4688591956655455,0.00011135857461024499,0.5,0.6487910672421631,0.23487745936144996,0.02480015045227623,0.4264189589648605,0.8447870750764466,0.19351358691552123
2021-06-01 21:50:00,0.3507670850767085,0.003984063745019917,0.596723752792256,0.6179253704695589,0.4796953318239521,0.00011135857461024499,0.5,0.6487910672421631,0.23487745936144996,0.02480015045227623,0.4264189589648605,0.8447870750764466,0.19502240596285286
2021-06-01 22:00:00,0.32566248256624825,0.10756972111553775,0.5931496649292627,0.6079271558650241,0.48008794545287986,0.00011135857461024499,0.5,0.49193545643536174,0.2565379432022936,0.09093473041917013,0.3469126585045548,0.8864302930253806,0.1686407049202589
2021-06-01 22:10:00,0.3884239888423989,0.8645418326693224,0.5851079672375277,0.5947152294233171,0.5061574904136839,0.20345211581291758,0.5,0.49193545643536174,0.2565379432022936,0.09093473041917013,0.3469126585045548,0.8864302930253806,0.1387962641640388
2021-06-01 22:20:00,0.596931659693166,-0.043824701195219196,0.5645569620253164,0.5754329584002855,0.5607962204394655,0.006792873051224944,0.5,0.49193545643536174,0.2565379432022936,0.09093473041917013,0.3469126585045548,0.8864302930253806,0.6487092053050078
2021-06-01 22:30:00,0.6429567642956765,0.2589641434262948,0.5520476545048398,0.5440099982146045,0.5715407467511222,0.00011135857461024499,0.5,0.49193545643536174,0.2565379432022936,0.09093473041917013,0.3469126585045548,0.8864302930253806,0.8166407652730209
2021-06-01 22:40:00,0.5550906555090656,-0.11553784860557781,0.537453462397617,0.5272272808427065,0.5745769588148303,0.00011135857461024499,0.5,0.49193545643536174,0.2565379432022936,0.09093473041917013,0.3469126585045548,0.8864302930253806,0.5889599710306743
2021-06-01 22:50:00,0.5411436541143654,0.12350597609561742,0.5237527922561427,0.5133011962149614,0.5745769588148303,0.00011135857461024499,0.5,0.49193545643536174,0.2565379432022936,0.09093473041917013,0.3469126585045548,0.8864302930253806,0.5759841272236221
2021-06-01 23:00:00,0.5153417015341701,-0.26693227091633476,0.5130305286671628,0.507587930726656,0.5745769588148303,0.00011135857461024499,0.5,0.4145702971393388,0.28357762918561913,0.11655790453356689,0.3781420238314626,0.05464664286925999,0.5024669191423873
2021-06-01 23:10:00,0.4874476987447699,0.19521912350597592,0.5055845122859268,0.5108016425638278,0.5643820915836725,0.00011135857461024499,0.5,0.4145702971393388,0.28357762918561913,0.11655790453356689,0.3781420238314626,0.05464664286925999,0.44114096896359223
2021-06-01 23:20:00,0.5,-0.05179282868525903,0.49843633655994046,0.507230851633637,0.5709910876706232,0.00011135857461024499,0.5,0.4145702971393388,0.28357762918561913,0.11655790453356689,0.3781420238314626,0.05464664286925999,0.4582057123889132
2021-06-01 23:30:00,0.5397489539748954,-0.21115537848605592,0.4927773641102009,0.49794679521513996,0.5745376974519375,0.00011135857461024499,0.5,0.4145702971393388,0.28357762918561913,0.11655790453356689,0.3781420238314626,0.05464664286925999,0.564728337130528
2021-06-01 23:40:00,0.5188284518828452,-0.20318725099601598,0.48682055100521215,0.48044991965720407,0.5745376974519375,0.00011135857461024499,0.5,0.4145702971393388,0.28357762918561913,0.11655790453356689,0.3781420238314626,0.05464664286925999,0.5072347873319553
2021-06-01 23:50:00,0.4755927475592748,-0.4422310756972112,0.481459419210722,0.4754508123549366,0.5745376974519375,0.00011135857461024499,0.5,0.4145702971393388,0.28357762918561913,0.11655790453356689,0.3781420238314626,0.05464664286925999,0.41115319039787557
2021-06-02 00:00:00,0.4874476987447699,-0.29083665338645437,0.4766939687267311,0.47259417961078376,0.5702058604127679,0.00011135857461024499,0.5,0.4123880044946622,0.30360021493820677,0.12495325314369042,0.6265359858596526,0.15390665303429743,0.41928572506299316
2021-06-02 00:10:00,0.42189679218967924,0.21912350597609564,0.4698436336559937,0.46973754686663094,0.5702320346546963,0.00011135857461024499,0.5,0.4123880044946622,0.30360021493820677,0.12495325314369042,0.6265359858596526,0.15390665303429743,0.3224497186052477
2021-06-02 00:20:00,0.402370990237099,0.05976095617529875,0.4623976172747577,0.46009641135511514,0.5836070722801692,0.00011135857461024499,0.5,0.4123880044946622,0.30360021493820677,0.12495325314369042,0.6265359858596526,0.15390665303429743,0.28577787165985186
2021-06-02 00:30:00,0.4372384937238493,-0.33067729083665354,0.4573343261355174,0.44866988037850386,0.5836855950059546,0.00011135857461024499,0.5,0.4123880044946622,0.30360021493820677,0.12495325314369042,0.6265359858596526,0.15390665303429743,0.3296920500324396
2021-06-02 00:40:00,0.4783821478382148,0.2111553784860556,0.4549516008935217,0.44117121942510273,0.5797725458376412,0.00011135857461024499,0.5,0.4123880044946622,0.30360021493820677,0.12495325314369042,0.6265359858596526,0.15390665303429743,0.432027701917709
2021-06-02 00:50:00,0.5013947001394701,0.24302788844621515,0.45197319434102745,0.4290305302624531,0.5939458978419337,0.00011135857461024499,0.5,0.4123880044946622,0.30360021493820677,0.12495325314369042,0.6265359858596526,0.15390665303429743,0.48507777962188997
2021-06-02 01:00:00,0.6401673640167364,0.2350597609561753,0.4507818317200294,0.4158186038207463,0.6077397233382628,0.11982182628062361,0.5,0.36220364529256166,0.3139218463996424,0.14036167641677058,0.663853858091156,0.18405361905453899,0.2999607707047694
2021-06-02 01:10:00,0.8633193863319387,-0.17131474103585675,0.43767684288905406,0.3968934118907337,0.6172017117954222,0.18864142538975504,0.5,0.36220364529256166,0.3139218463996424,0.14036167641677058,0.663853858091156,0.18405361905453899,0.2693543763296468
2021-06-02 01:20:00,0.7468619246861925,0.043824701195219085,0.4227848101265821,0.363327977146938,0.6094410490636165,0.13630289532293988,0.5,0.36220364529256166,0.3139218463996424,0.14036167641677058,0.663853858091156,0.18405361905453899,0.3606379286932119
2021-06-02 01:30:00,0.7705718270571827,-0.03585657370517936,0.41325390915860005,0.3390465988216391,0.6149638141105338,0.13953229398663697,0.5,0.36220364529256166,0.3139218463996424,0.14036167641677058,0.663853858091156,0.18405361905453899,0.36365556678787514
2021-06-02 01:40:00,0.7454672245467224,0.19521912350597592,0.40282948622486936,0.32226388144974116,0.6094410490636165,0.11893095768374165,0.5,0.36220364529256166,0.3139218463996424,0.14036167641677058,0.663853858091156,0.18405361905453899,0.4614421292454396
2021-06-02 01:50:00,0.8235704323570433,-0.02788844621513953,0.3924050632911391,0.3058382431708624,0.6094410490636165,0.10289532293986638,0.5,0.36220364529256166,0.3139218463996424,0.14036167641677058,0.663853858091156,0.18405361905453899,0.7065196071035201
2021-06-02 02:00:00,0.8179916317991632,0.03585657370517925,0.38555472822040193,0.2958400285663274,0.6127782649095026,0.09832962138084633,0.5,0.3489633693024168,0.33545302249667297,0.15335467107776915,0.6802458063807227,0.18899856922677447,0.7560390482369449
2021-06-02 02:10:00,0.7364016736401674,-0.29083665338645437,0.37423678332092325,0.29476879128727007,0.6193872609964534,0.06959910913140312,0.5,0.3489633693024168,0.33545302249667297,0.15335467107776915,0.6802458063807227,0.18899856922677447,0.7612369298550025
2021-06-02 02:20:00,0.7168758716875872,-0.1872509960159363,0.36589724497393883,0.29726834493840393,0.6193872609964534,0.05022271714922049,0.5,0.3489633693024168,0.33545302249667297,0.15335467107776915,0.6802458063807227,0.18899856922677447,0.8138796264164039
2021-06-02 02:30:00,0.5264993026499303,0.09960159362549792,0.35934475055845105,0.3026245313336904,0.6193872609964534,0.0017817371937639199,0.5,0.3489633693024168,0.33545302249667297,0.15335467107776915,0.6802458063807227,0.18899856922677447,0.5582856797984218
2021-06-02 02:40:00,0.4783821478382148,0.2749003984063745,0.35160089352196544,0.3076236386359579,0.6237714465194801,0.00011135857461024499,0.5,0.3489633693024168,0.33545302249667297,0.15335467107776915,0.6802458063807227,0.18899856922677447,0.46267936086425154
2021-06-02 02:50:00,0.5453277545327755,-0.38645418326693237,0.34713328369322394,0.3133369041242635,0.6219261624635197,0.00011135857461024499,0.5,0.3489633693024168,0.33545302249667297,0.15335467107776915,0.6802458063807227,0.18899856922677447,0.6091555139792085
2021-06-02 03:00:00,0.5620641562064157,-0.36254980079681276,0.343261355174981,0.31476522049634004,0.6193479996335606,0.00011135857461024499,0.5,0.3241114486814356,0.33722310183415855,0.14023549636379523,0.7775814988422699,0.18601821753542597,0.6510705071140818
2021-06-02 03:10:00,0.5829846582984658,-0.33067729083665354,0.33968726731198795,0.31155150865916803,0.6166782269568518,0.00011135857461024499,0.5,0.3241114486814356,0.33722310183415855,0.14023549636379523,0.7775814988422699,0.18601821753542597,0.70654223938923
2021-06-02 03:20:00,0.5788005578800558,0.17928286852589648,0.3384959046909901,0.3101231922870915,0.608106162725262,0.04799554565701559,0.5,0.3241114486814356,0.33722310183415855,0.14023549636379523,0.7775814988422699,0.18601821753542597,0.5623670353214539
2021-06-02 03:30:00,0.6729428172942817,0.12350597609561742,0.3370067014147431,0.3054811640778434,0.6102131892005077,0.07616926503340757,0.5,0.3241114486814356,0.33722310183415855,0.14023549636379523,0.7775814988422699,0.18601821753542597,0.5860479502693242
2021-06-02 03:40:00,0.8528591352859136,0.1394422310756971,0.33224125093075174,0.2915550794500983,0.6180785489000274,0.12149220489977729,0.5,0.3241114486814356,0.33722310183415855,0.14023549636379523,0.7775814988422699,0.18601821753542597,0.608438824931726
2021-06-02 03:50:00,0.8291492329149234,-0.2749003984063746,0.3140729709605359,0.27298696661310484,0.6180785489000274,0.09710467706013363,0.5,0.3241114486814356,0.33722310183415855,0.14023549636379523,0.7775814988422699,0.18601821753542597,0.8077990856556573
2021-06-02 04:00:00,0.8270571827057183,-0.05179282868525903,0.30186150409530876,0.25691840742724525,0.6180785489000274,0.09888641425389756,0.5,0.22168260999932277,0.3480361027220731,0.10547295517615307,0.8297775350453482,0.19393665096150364,0.7680417037584683
2021-06-02 04:10:00,0.6771269177126918,0.1872509960159361,0.2902457185405807,0.24513479735761456,0.6180785489000274,0.04298440979955456,0.5,0.22168260999932277,0.3480361027220731,0.10547295517615307,0.8297775350453482,0.19393665096150364,0.7744994492810479
2021-06-02 04:20:00,0.6569037656903766,-0.003984063745020028,0.27833209233060296,0.24370648098553827,0.6237060109146589,0.03463251670378619,0.5,0.22168260999932277,0.3480361027220731,0.10547295517615307,0.8297775350453482,0.19393665096150364,0.7702219472818626
2021-06-02 04:30:00,0.6255230125523014,-0.2509960159362551,0.27029039463886795,0.24692019282271027,0.6279331509861147,0.016592427616926503,0.5,0.22168260999932277,0.3480361027220731,0.10547295517615307,0.8297775350453482,0.19393665096150364,0.7847669628981396
2021-06-02 04:40:00,0.6032078103207811,-0.23505976095617542,0.26165301563663435,0.24692019282271027,0.6279331509861147,0.02182628062360802,0.5,0.22168260999932277,0.3480361027220731,0.10547295517615307,0.8297775350453482,0.19393665096150364,0.6905864779636978
2021-06-02 04:50:00,0.6443514644351465,-0.26693227091633476,0.25390915860014873,0.24584895554365294,0.6276844956877936,0.055233853006681516,0.5,0.22168260999932277,0.3480361027220731,0.10547295517615307,0.8297775350453482,0.19393665096150364,0.6545709673038912
2021-06-02 05:00:00,0.6799163179916318,0.29083665338645415,0.2518242740134027,0.23799321549723285,0.6181178102629203,0.04643652561247216,0.5,0.22001332122393813,0.3438465318226367,0.08909896916603355,0.8243066692115442,0.20929537364015352,0.7851064471837893
2021-06-02 05:10:00,0.7029288702928871,-0.13147410358565736,0.24527177959791513,0.22442420996250667,0.6278677153812933,0.04075723830734967,0.5,0.22001332122393813,0.3438465318226367,0.08909896916603355,0.8243066692115442,0.20929537364015352,0.8346937851743441
2021-06-02 05:20:00,0.7140864714086471,-0.11553784860557781,0.23991064780342497,0.225495447241564,0.6279069767441859,0.055345211581291756,0.5,0.22001332122393813,0.3438465318226367,0.08909896916603355,0.8243066692115442,0.20929537364015352,0.8501365481237836
2021-06-02 05:30:00,0.897489539748954,0.1633466135458166,0.240506329113924,0.21371183717193376,0.6326837758961407,0.10779510022271716,0.5,0.22001332122393813,0.3438465318226367,0.08909896916603355,0.8243066692115442,0.20929537364015352,0.8507325316474796
2021-06-02 05:40:00,0.9407252440725244,-0.4900398406374503,0.23425167535368563,0.20049991073022677,0.6378662757979872,0.11703786191536748,0.5,0.22001332122393813,0.3438465318226367,0.08909896916603355,0.8243066692115442,0.20929537364015352,0.8372135129833879
2021-06-02 05:50:00,0.9121338912133892,-0.23505976095617542,0.2300819061801933,0.18514550973040533,0.6288885108165054,0.10645879732739422,0.5,0.22001332122393813,0.3438465318226367,0.08909896916603355,0.8243066692115442,0.20929537364015352,0.9206210299198817
2021-06-02 06:00:00,0.9149232914923291,0.2350597609561753,0.2330603127326878,0.17014818782360308,0.623967753333944,0.111358574610245,0.5,0.2312423058591706,0.34718554511834493,0.11505160637352567,0.7342418408898065,0.18817830111758035,0.9010441027807534
2021-06-02 06:10:00,0.8417015341701535,0.027888446215139417,0.22740134028294823,0.16550615961435455,0.623967753333944,0.10579064587973275,0.5,0.2312423058591706,0.34718554511834493,0.11505160637352567,0.7342418408898065,0.18817830111758035,0.7759780919474327
2021-06-02 06:20:00,0.8507670850767085,-0.0916334661354582,0.21935964259121343,0.17086234600964123,0.623967753333944,0.11770601336302897,0.5,0.2312423058591706,0.34718554511834493,0.11505160637352567,0.7342418408898065,0.18817830111758035,0.6497502904476666
2021-06-02 06:30:00,0.8493723849372384,-0.03585657370517936,0.21518987341772133,0.16693447598643107,0.623967753333944,0.13830734966592428,0.5,0.2312423058591706,0.34718554511834493,0.11505160637352567,0.7342418408898065,0.18817830111758035,0.5081099023794077
2021-06-02 06:40:00,0.9365411436541143,0.019920318725099362,0.20893521965748318,0.1583645777539724,0.623967753333944,0.16547884187082404,0.5,0.2312423058591706,0.34718554511834493,0.11505160637352567,0.7342418408898065,0.18817830111758035,0.4773828024804985
2021-06-02 06:50:00,0.9173640864714087,0.09960159362549792,0.209530900967982,0.14443849312622747,0.623967753333944,0.16870824053452116,0.5,0.2312423058591706,0.34718554511834493,0.11505160637352567,0.7342418408898065,0.18817830111758035,0.5269701404710533
2021-06-02 07:00:00,0.898186889818689,-0.38645418326693237,0.2014892032762472,0.1344402785216927,0.623967753333944,0.1415367483296214,0.5,0.2139794805122901,0.38516179272256085,0.11745397313087713,0.7090973932656104,0.19568250868646783,0.5554792763703849
2021-06-02 07:10:00,0.9860529986052999,-0.4900398406374503,0.19642591213700666,0.12658453847527218,0.623967753333944,0.14844097995545658,0.5,0.2139794805122901,0.38516179272256085,0.11745397313087713,0.7090973932656104,0.19568250868646783,0.6119770055977187
2021-06-02 07:20:00,0.9358437935843794,-0.649402390438247,0.2014892032762472,0.1169434029637566,0.6235751397050163,0.13819599109131403,0.5,0.2139794805122901,0.38516179272256085,0.11745397313087713,0.7090973932656104,0.19568250868646783,0.6039048236944944
2021-06-02 07:30:00,0.8814504881450489,0.11553784860557759,0.2062546537602381,0.1137296911265846,0.6100692308699008,0.14053452115812917,0.5,0.2139794805122901,0.38516179272256085,0.11745397313087713,0.7090973932656104,0.19568250868646783,0.5617861399882312
2021-06-02 07:40:00,0.8967921896792189,0.20318725099601576,0.2137006701414743,0.11123013747545074,0.6100692308699008,0.13619153674832962,0.5,0.2139794805122901,0.38516179272256085,0.11745397313087713,0.7090973932656104,0.19568250868646783,0.6299998491180953
2021-06-02 07:50:00,0.9205020920502092,0.4183266932270917,0.21906180193596425,0.11123013747545074,0.6115349884178979,0.1344097995545657,0.5,0.2139794805122901,0.38516179272256085,0.11745397313087713,0.7090973932656104,0.19568250868646783,0.6501576715904461
2021-06-02 08:00:00,0.9769874476987448,-0.4422310756972112,0.22025316455696187,0.11301553294054645,0.6239546662129798,0.13385300668151448,0.5,0.2083283331493353,0.4138796058699983,0.1223084177820286,0.7404372373003812,0.21962159037961326,0.7481403805241638
2021-06-02 08:10:00,0.9651324965132496,-0.5378486055776892,0.22501861504095277,0.11730048205677557,0.6239546662129798,0.12928730512249442,0.5,0.2083283331493353,0.4138796058699983,0.1223084177820286,0.7404372373003812,0.21962159037961326,0.7762345911854792
2021-06-02 08:20:00,0.903068340306834,-0.5856573705179284,0.2300819061801933,0.12587038028923425,0.6239546662129798,0.11648106904231627,0.5,0.2083283331493353,0.4138796058699983,0.1223084177820286,0.7404372373003812,0.21962159037961326,0.7602788297599469
2021-06-02 08:30:00,0.9205020920502092,-0.3944223107569722,0.23752792256142952,0.13693983217282635,0.6239546662129798,0.1255011135857461,0.5,0.2083283331493353,0.4138796058699983,0.1223084177820286,0.7404372373003812,0.21962159037961326,0.72758272100427
2021-06-02 08:40:00,0.9239888423988842,-0.13147410358565736,0.2491437081161576,0.14479557221924666,0.6239546662129798,0.1368596881959911,0.5,0.2083283331493353,0.4138796058699983,0.1223084177820286,0.7404372373003812,0.21962159037961326,0.6680371773013263
2021-06-02 08:50:00,0.9390516039051604,0.01195219123505975,0.26105733432613554,0.1533654704517049,0.6239546662129798,0.15634743875278395,0.5,0.2083283331493353,0.4138796058699983,0.1223084177820286,0.7404372373003812,0.21962159037961326,0.6672903118728971
2021-06-02 09:00:00,0.9541143654114366,-0.01195219123505975,0.26612062546537585,0.1551508659168006,0.6239546662129798,0.16169265033407573,0.5,0.21336061393698857,0.42428169548313743,0.12920697929138045,0.9016991738641085,0.2389005005795781,0.74550749128657
2021-06-02 09:10:00,0.9691771269177126,0.21912350597609564,0.27416232315711087,0.15943581503302973,0.6239546662129798,0.15256124721603564,0.5,0.21336061393698857,0.42428169548313743,0.12920697929138045,0.9016991738641085,0.2389005005795781,0.7291594369087315
2021-06-02 09:20:00,0.9842398884239889,0.3067729083665336,0.27862993298585237,0.16193536868416358,0.6239546662129798,0.15801781737193765,0.5,0.21336061393698857,0.42428169548313743,0.12920697929138045,0.9016991738641085,0.2389005005795781,0.6804245816799191
2021-06-02 09:30:00,0.999302649930265,0.1394422310756971,0.2825018615040953,0.1680057132654884,0.623967753333944,0.16146993318485525,0.5,0.21336061393698857,0.42428169548313743,0.12920697929138045,0.9016991738641085,0.2389005005795781,0.5713897732244971
2021-06-02 09:40:00,0.9783821478382148,-0.05179282868525903,0.287862993298585,0.17229066238171753,0.626899268429938,0.16314031180400893,0.5,0.21336061393698857,0.42428169548313743,0.12920697929138045,0.9016991738641085,0.2389005005795781,0.5031760640946331
2021-06-02 09:50:00,0.9490934449093444,0.14741035856573692,0.29292628443782553,0.1744331369398322,0.6283912002198636,0.15801781737193765,0.5,0.21336061393698857,0.42428169548313743,0.12920697929138045,0.9016991738641085,0.2389005005795781,0.5012824961902319
2021-06-02 10:00:00,0.8786610878661087,-0.03585657370517936,0.3000744601638121,0.18157471880021436,0.6249362002852992,0.13184855233853007,0.5,0.39151790910816175,0.43241371581606264,0.09010384428138685,0.9034204538305587,0.2545644816517048,0.5776740045566335
2021-06-02 10:10:00,0.8758716875871688,0.3067729083665336,0.30900967982129557,0.19121585431173016,0.624007014696837,0.13418708240534521,0.5,0.39151790910816175,0.43241371581606264,0.09010384428138685,0.9051418242051168,0.2545644816517048,0.5628498574166001
2021-06-02 10:20:00,0.8737796373779637,0.2589641434262948,0.32151898734177187,0.19942867345116966,0.6312965410739291,0.14888641425389754,0.5,0.39151790910816175,0.43241371581606264,0.09010384428138685,0.906863149375621,0.2545644816517048,0.4667908927682303
2021-06-02 10:30:00,0.8786610878661087,0.20318725099601576,0.3298585256887563,0.20442778075343693,0.6339401395087094,0.14109131403118041,0.5,0.39151790910816175,0.43241371581606264,0.09010384428138685,0.9085845649542329,0.2545644816517048,0.5069179353320157
2021-06-02 10:40:00,0.898186889818689,-0.043824701195219196,0.33224125093075174,0.21335475807891435,0.6339401395087094,0.1462138084632517,0.5,0.39151790910816175,0.43241371581606264,0.09010384428138685,0.910305844920683,0.2545644816517048,0.501787950571088
2021-06-02 10:50:00,0.7754532775453277,0.01195219123505975,0.3414743112434846,0.22442420996250667,0.6381149310963081,0.12171492204899777,0.5,0.39151790910816175,0.43241371581606264,0.09010384428138685,0.9120271248871332,0.2545644816517048,0.48063430752749825
2021-06-02 11:00:00,0.8347280334728034,0.01195219123505975,0.35070737155621723,0.23513658275308003,0.639776995458769,0.1447661469933185,0.5,0.39964445606614296,0.42968963267980087,0.09253626598602992,0.9137484952616914,0.2678361124155105,0.4332951099174676
2021-06-02 11:10:00,0.8040446304044631,-0.0916334661354582,0.35636634400595657,0.24263524370648093,0.6428655560063342,0.13797327394209355,0.5,0.39964445606614296,0.42968963267980087,0.09253626598602992,0.9154697752281415,0.2678361124155105,0.40787150896992924
2021-06-02 11:20:00,0.8403068340306835,0.14741035856573692,0.3644080416976916,0.24620603463667212,0.6414783211841226,0.13864142538975502,0.5,0.39964445606614296,0.42968963267980087,0.09253626598602992,0.9171910551945917,0.2678361124155105,0.45821325648414984
2021-06-02 11:30:00,0.7852161785216178,0.043824701195219085,0.3721518987341772,0.25870380289234074,0.6510580937299604,0.14899777282850782,0.5,0.39964445606614296,0.42968963267980087,0.09253626598602992,0.9189124255691498,0.2678361124155105,0.33897128717352926
2021-06-02 11:40:00,0.7796373779637378,-0.07569721115537853,0.37840655249441535,0.26941617568291365,0.6460980748845062,0.17427616926503342,0.5,0.39964445606614296,0.42968963267980087,0.09253626598602992,0.9206337959437079,0.2678361124155105,0.24781598442898745
2021-06-02 11:50:00,0.7461645746164575,-0.17131474103585675,0.38555472822040193,0.2719157293340475,0.6383897606365575,0.5071269487750557,0.5,0.39964445606614296,0.42968963267980087,0.09253626598602992,0.922355166318266,0.2678361124155105,0.2195482595772289
2021-06-02 12:00:00,0.7880055788005579,0.3705179282868525,0.4111690245718538,0.2911980003570791,0.6399994765151614,0.9992204899777284,0.5,0.4125508676305931,0.42842241679046844,0.09178096106590823,0.9240764462847161,0.2796719346371744,0.0
2021-06-02 12:10:00,0.7601115760111576,0.01195219123505975,0.4352941176470586,0.3144081414033211,0.6399994765151614,0.9992204899777284,0.5,0.4125508676305931,0.42842241679046844,0.09178096106590823,0.9240764462847161,0.2796719346371744,0.0
2021-06-02 12:20:00,0.7273361227336123,-0.4183266932270917,0.449590469099032,0.32226388144974116,0.6399994765151614,0.9992204899777284,0.5,0.4125508676305931,0.42842241679046844,0.09178096106590823,0.9240764462847161,0.2796719346371744,0.0
2021-06-02 12:30:00,0.7078103207810321,-0.6733067729083666,0.45465376023827253,0.32690590965898947,0.6399994765151614,0.9992204899777284,0.5,0.4125508676305931,0.42842241679046844,0.09178096106590823,0.9240764462847161,0.2796719346371744,0.0
2021-06-02 12:40:00,0.6959553695955369,-0.6454183266932272,0.4626954579300073,0.33404749151937163,0.6399994765151614,0.9992204899777284,0.5,0.4125508676305931,0.42842241679046844,0.09178096106590823,0.9240764462847161,0.2796719346371744,0.0
2021-06-02 12:50:00,0.6345885634588563,-0.6175298804780878,0.4650781831720028,0.33833244063560075,0.6399994765151614,0.9992204899777284,0.5,0.4125508676305931,0.42842241679046844,0.09178096106590823,0.9240764462847161,0.2796719346371744,0.0
2021-06-02 13:00:00,0.7119944211994422,0.17131474103585642,0.4728220402084884,0.3444027852169256,0.6399994765151614,0.9992204899777284,0.5,0.5416719503519252,0.42001166643199744,0.07567810365203118,0.819395339157579,0.2853913824157659,0.0
2021-06-02 13:10:00,0.6764295676429567,0.03585657370517925,0.4766939687267311,0.3486877343331549,0.6399994765151614,0.9992204899777284,0.5,0.5416719503519252,0.42001166643199744,0.07567810365203118,0.819395339157579,0.2853913824157659,0.0
2021-06-02 13:20:00,0.6234309623430963,-0.47410358565737054,0.4853313477289649,0.3551151580074987,0.6399994765151614,0.9992204899777284,0.5,0.5416719503519252,0.42001166643199744,0.07567810365203118,0.819395339157579,0.2853913824157659,0.0
2021-06-02 13:30:00,0.6499302649930265,-0.059760956175298974,0.4951600893521966,0.3615425816818427,0.6399994765151614,0.9992204899777284,0.5,0.5416719503519252,0.42001166643199744,0.07567810365203118,0.819395339157579,0.2853913824157659,0.0
2021-06-02 13:40:00,0.6408647140864714,0.043824701195219085,0.49635145197319397,0.36868416354222466,0.6399733022732329,0.9992204899777284,0.5,0.5416719503519252,0.42001166643199744,0.07567810365203118,0.819395339157579,0.2853913824157659,0.0
2021-06-02 13:50:00,0.6464435146443515,-0.043824701195219196,0.5014147431124347,0.37653990358864475,0.6482574498436089,0.22238307349665923,0.5,0.5416719503519252,0.42001166643199744,0.07567810365203118,0.819395339157579,0.2853913824157659,0.36313502421654575
2021-06-02 14:00:00,0.6283124128312413,0.08366533864541825,0.4951600893521966,0.37189787537939667,0.6507570899477824,0.0467706013363029,0.5,0.5549610552650686,0.4072561758815202,0.07450215628395053,0.7075836812741049,0.28690919234354856,0.6202981426437527
2021-06-02 14:10:00,0.6192468619246863,0.019920318725099362,0.49039463886820545,0.3726120335654348,0.643716218869011,0.01247216035634744,0.5,0.5549610552650686,0.4072561758815202,0.07450215628395053,0.7075836812741049,0.28690919234354856,0.7131734991022527
2021-06-02 14:20:00,0.5474198047419805,-0.15537848605577698,0.49456440804169755,0.38796643456525626,0.6535184724712411,0.00022271714922048998,0.5,0.5549610552650686,0.4072561758815202,0.07450215628395053,0.7075836812741049,0.28690919234354856,0.5774325935090604
2021-06-02 14:30:00,0.5223152022315203,0.08366533864541825,0.5008190618019359,0.4115336547045172,0.6433366923610475,0.00011135857461024499,0.5,0.5549610552650686,0.4072561758815202,0.07450215628395053,0.7075836812741049,0.28690919234354856,0.5285921209469349
2021-06-02 14:40:00,0.5083682008368201,0.25099601593625476,0.5067758749069247,0.43295840028566324,0.6525500255198858,0.00022271714922048998,0.5,0.5549610552650686,0.4072561758815202,0.07450215628395053,0.7075836812741049,0.28690919234354856,0.5012900402854686
2021-06-02 14:50:00,0.5244072524407252,0.05976095617529875,0.5154132539091583,0.4443849312622745,0.6503644763188546,0.00022271714922048998,0.5,0.5549610552650686,0.4072561758815202,0.07450215628395053,0.7075836812741049,0.28690919234354856,0.5632421503689062
2021-06-02 15:00:00,0.4909344490934449,-0.13147410358565736,0.5270290394638866,0.45795393679700047,0.6423420711677639,0.00033407572383073496,0.5,0.5643741976497412,0.3889806814230737,0.07357311601450603,0.6119905508476094,0.2843075567041555,0.4893854580020219
2021-06-02 15:10:00,0.4504881450488145,0.03585657370517925,0.5326880119136261,0.4736654168898411,0.6509533967622463,0.00044543429844097997,0.5,0.5643741976497412,0.3889806814230737,0.07357311601450603,0.6119905508476094,0.2843075567041555,0.38920741735443665
2021-06-02 15:20:00,0.46164574616457466,-0.1394422310756973,0.54132539091586,0.4897339760757007,0.6486893248354294,0.00011135857461024499,0.5,0.5643741976497412,0.3889806814230737,0.07357311601450603,0.6119905508476094,0.2843075567041555,0.4236990207764383
2021-06-02 15:30:00,0.4755927475592748,0.08366533864541825,0.5475800446760981,0.507230851633637,0.6568164269542344,0.0020044543429844097,0.5,0.5643741976497412,0.3889806814230737,0.07357311601450603,0.6119905508476094,0.2843075567041555,0.43693136382153686
2021-06-02 15:40:00,0.4923291492329149,-0.06772908366533881,0.550856291883842,0.5079450098196749,0.6722068812082029,0.00033407572383073496,0.5,0.5643741976497412,0.3889806814230737,0.07357311601450603,0.6119905508476094,0.2843075567041555,0.47779772771851475
2021-06-02 15:50:00,0.4776847977684798,0.09960159362549792,0.5544303797468353,0.514372433494019,0.6591590216068366,0.00011135857461024499,0.5,0.5643741976497412,0.3889806814230737,0.07357311601450603,0.6119905508476094,0.2843075567041555,0.4454184709627774
2021-06-02 16:00:00,0.5118549511854951,0.003984063745019917,0.5630677587490691,0.5240135690055348,0.6540026959469186,0.0036748329621380848,0.5,0.6156822557895125,0.37606140106377284,0.0627245481834701,0.5341705604976155,0.28332103839579076,0.5408663638969778
2021-06-02 16:10:00,0.45746164574616455,-0.21115537848605592,0.5639612807148173,0.5290126763078022,0.6480480559081808,0.00011135857461024499,0.5,0.6156822557895125,0.37606140106377284,0.0627245481834701,0.5341705604976155,0.28332103839579076,0.37032454697708106
2021-06-02 16:20:00,0.4923291492329149,0.22709163346613526,0.5657483246463142,0.532226388144974,0.6514637944798524,0.00011135857461024499,0.5,0.6156822557895125,0.37606140106377284,0.0627245481834701,0.5341705604976155,0.28332103839579076,0.44557689696274727
2021-06-02 16:30:00,0.3772663877266388,0.05179282868525892,0.5725986597170512,0.5415104445634709,0.6573399117928046,0.00033407572383073496,0.5,0.6156822557895125,0.37606140106377284,0.0627245481834701,0.5341705604976155,0.28332103839579076,0.24998113976190836
2021-06-02 16:40:00,0.5146443514644351,0.1633466135458166,0.5785554728220401,0.5486520264238528,0.6495661619400348,0.00022271714922048998,0.5,0.6156822557895125,0.37606140106377284,0.0627245481834701,0.5341705604976155,0.28332103839579076,0.5007393213331925
2021-06-02 16:50:00,0.4860529986052998,0.13147410358565725,0.5797468354430377,0.5468666309587575,0.6608603473321905,0.00011135857461024499,0.5,0.6156822557895125,0.37606140106377284,0.0627245481834701,0.5341705604976155,0.28332103839579076,0.4337100351554838
2021-06-02 17:00:00,0.4686192468619247,-0.01195219123505975,0.5800446760982871,0.5475807891447955,0.6631375063799715,0.00022271714922048998,0.5,0.6155112544997483,0.3722884884499448,0.06339501445490787,0.47144287476358593,0.28623102736582984,0.3964950133530486
2021-06-02 17:10:00,0.43584379358437936,-0.15537848605577698,0.5845122859270289,0.5554365291912158,0.6714216539503474,0.00022271714922048998,0.5,0.6155112544997483,0.3722884884499448,0.06339501445490787,0.47144287476358593,0.28623102736582984,0.33630067745975223
2021-06-02 17:20:00,0.4435146443514645,-0.10756972111553798,0.5889798957557706,0.5611497946795214,0.6304720524531808,0.00022271714922048998,0.5,0.6155112544997483,0.3722884884499448,0.06339501445490787,0.47144287476358593,0.28623102736582984,0.3432035246012946
2021-06-02 17:30:00,0.399581589958159,0.1872509960159361,0.5860014892032761,0.5665059810748081,0.629019382026148,0.00022271714922048998,0.5,0.6155112544997483,0.3722884884499448,0.06339501445490787,0.47144287476358593,0.28623102736582984,0.3210389727959926
2021-06-02 17:40:00,0.36959553695955366,0.1633466135458166,0.5836187639612807,0.5693626138189607,0.6471843059245396,0.00022271714922048998,0.5,0.6155112544997483,0.3722884884499448,0.06339501445490787,0.47144287476358593,0.28623102736582984,0.2480196750003772
2021-06-02 17:50:00,0.38702928870292885,0.05976095617529875,0.5848101265822783,0.5679342974468844,0.6901885854130949,0.00022271714922048998,0.5,0.6155112544997483,0.3722884884499448,0.06339501445490787,0.47144287476358593,0.28623102736582984,0.2710668859483682
2021-06-02 18:00:00,0.5571827057182706,-0.21115537848605592,0.5889798957557706,0.562221031958579,0.667914305531926,0.000556792873051225,0.5,0.574862176695996,0.3710327665822825,0.08109560301193687,0.4347948542851904,0.2782662512986819,0.54487982256288
2021-06-02 18:10:00,0.48535564853556484,0.3067729083665336,0.5874906924795233,0.5529369755400819,0.667914305531926,0.00011135857461024499,0.5,0.574862176695996,0.3710327665822825,0.08109560301193687,0.4347948542851904,0.2782662512986819,0.4578888603889736
2021-06-02 18:20:00,0.6004184100418409,-0.13147410358565736,0.5857036485480267,0.5493661846098912,0.6739605554174137,0.0008908685968819599,0.5,0.574862176695996,0.3710327665822825,0.08109560301193687,0.4347948542851904,0.2782662512986819,0.6987190126288154
2021-06-02 18:30:00,0.5341701534170153,-0.15537848605577698,0.5868950111690245,0.5547223710051776,0.6677441729593907,0.00022271714922048998,0.5,0.574862176695996,0.3710327665822825,0.08109560301193687,0.4347948542851904,0.2782662512986819,0.5606168052265492
2021-06-02 18:40:00,0.5550906555090656,0.043824701195219085,0.5860014892032761,0.5575790037493304,0.677860517464763,0.00033407572383073496,0.5,0.574862176695996,0.3710327665822825,0.08109560301193687,0.4347948542851904,0.2782662512986819,0.6428549874013609
2021-06-02 18:50:00,0.5801952580195259,-0.11553784860557781,0.5857036485480267,0.5568648455632923,0.6855557445917473,0.00111358574610245,0.5,0.574862176695996,0.3710327665822825,0.08109560301193687,0.4347948542851904,0.2782662512986819,0.6643103942544171
2021-06-02 19:00:00,0.6199442119944213,0.298804780876494,0.5821295606850332,0.5575790037493304,0.6829121461569669,0.0013363028953229399,0.5,0.571002457122102,0.39777935501297557,0.08195679772525899,0.4541398026033386,0.30752060387244756,0.7860041945169517
2021-06-02 19:10:00,0.697350069735007,-0.13147410358565736,0.5800446760982871,0.5572219246563115,0.6897305361793459,0.010356347438752784,0.5,0.571002457122102,0.39777935501297557,0.08195679772525899,0.4541398026033386,0.30752060387244756,0.8974983780195241
2021-06-02 19:20:00,0.6673640167364017,0.05179282868525892,0.5779597915115411,0.555793608284235,0.6883040399942417,0.0013363028953229399,0.5,0.571002457122102,0.39777935501297557,0.08195679772525899,0.4541398026033386,0.30752060387244756,0.872353908595742
2021-06-02 19:30:00,0.6806136680613668,-0.043824701195219196,0.5740878629932984,0.5579360828423494,0.6908952899451649,0.0028953229398663697,0.5,0.571002457122102,0.39777935501297557,0.08195679772525899,0.4541398026033386,0.30752060387244756,0.9271466722995911
2021-06-02 19:40:00,0.6562064156206415,-0.12350597609561753,0.5693224125093073,0.5654347437957508,0.693421104291267,0.00011135857461024499,0.5,0.571002457122102,0.39777935501297557,0.08195679772525899,0.4541398026033386,0.30752060387244756,0.8328605700318361
2021-06-02 19:50:00,0.6443514644351465,-0.003984063745020028,0.5648548026805658,0.5675772183538654,0.69186373689652,0.0006681514476614699,0.5,0.571002457122102,0.39777935501297557,0.08195679772525899,0.4541398026033386,0.30752060387244756,0.799794800609563
2021-06-02 20:00:00,0.6150627615062761,-0.02788844621513953,0.5600893521965746,0.5700767720049991,0.6889583960424547,0.00033407572383073496,0.5,0.5609216192391291,0.38301241066990216,0.08187639757090084,0.5863071443289339,0.3452265048870854,0.7554053442370657
2021-06-02 20:10:00,0.6178521617852162,-0.043824701195219196,0.5547282204020847,0.5725763256561329,0.6915234717514493,0.00033407572383073496,0.5,0.5609216192391291,0.38301241066990216,0.08187639757090084,0.5863071443289339,0.3452265048870854,0.7481705569051104
2021-06-02 20:20:00,0.590655509065551,0.15537848605577675,0.5481757259865969,0.5693626138189607,0.6888929604376333,0.00011135857461024499,0.5,0.5609216192391291,0.38301241066990216,0.08187639757090084,0.5863071443289339,0.3452265048870854,0.722792220528992
2021-06-02 20:30:00,0.5822873082287308,0.05179282868525892,0.5410275502606106,0.5672201392608462,0.6859221839787465,0.00022271714922048998,0.5,0.5609216192391291,0.38301241066990216,0.08187639757090084,0.5863071443289339,0.3452265048870854,0.6753775819665948
2021-06-02 20:40:00,0.5871687587168759,-0.02788844621513953,0.5320923306031271,0.5636493483306553,0.686812108204316,0.00033407572383073496,0.5,0.5609216192391291,0.38301241066990216,0.08187639757090084,0.5863071443289339,0.3452265048870854,0.6769542978710563
2021-06-02 20:50:00,0.6311018131101813,0.1872509960159361,0.5234549516008933,0.5586502410283878,0.6800984151496512,0.00033407572383073496,0.5,0.5609216192391291,0.38301241066990216,0.08187639757090084,0.5863071443289339,0.3452265048870854,0.7919866620396215
2021-06-02 21:00:00,0.5292887029288703,-0.21115537848605592,0.5154132539091583,0.5393679700053562,0.6800984151496512,0.00011135857461024499,0.5,0.5519075132169953,0.39340587976678765,0.08541134126606403,0.6396053728979445,0.3590884906088709,0.5736077372240748
2021-06-02 21:10:00,0.4874476987447699,-0.2509960159362551,0.5070737155621738,0.5311551508659167,0.6758320137153028,0.00011135857461024499,0.5,0.5519075132169953,0.39340587976678765,0.08541134126606403,0.6396053728979445,0.3590884906088709,0.4852060292409131
2021-06-02 21:20:00,0.5139470013947002,-0.2749003984063746,0.49962769918093786,0.54186752365649,0.6689351009671383,0.00011135857461024499,0.5,0.5519075132169953,0.39340587976678765,0.08541134126606403,0.6396053728979445,0.3590884906088709,0.5287580910421413
2021-06-02 21:30:00,0.5488145048814504,-0.2828685258964144,0.4939687267311985,0.5297268344938404,0.6689351009671383,0.00011135857461024499,0.5,0.5519075132169953,0.39340587976678765,0.08541134126606403,0.6396053728979445,0.3590884906088709,0.6023884605519261
2021-06-02 21:40:00,0.6087866108786611,-0.47410358565737054,0.4883097542814592,0.5122299589359045,0.6687780555155671,0.00011135857461024499,0.5,0.5519075132169953,0.39340587976678765,0.08541134126606403,0.6396053728979445,0.3590884906088709,0.7035170571993301
2021-06-02 21:50:00,0.604602510460251,0.15537848605577675,0.4847356664184659,0.5090162470987323,0.6576670898169111,0.00011135857461024499,0.5,0.5519075132169953,0.39340587976678765,0.08541134126606403,0.6396053728979445,0.3590884906088709,0.7337990554792764
2021-06-02 22:00:00,0.6018131101813111,-0.15537848605577698,0.47907669396872654,0.4911622924477772,0.6576540026959469,0.00011135857461024499,0.5,0.4164187253583207,0.41609795205269035,0.12742993297746755,0.6755453984425059,0.34385427510180305,0.7343271421458425
2021-06-02 22:10:00,0.5299860529986052,-0.4422310756972112,0.47580044676098265,0.4893768969826817,0.6576540026959469,0.00011135857461024499,0.5,0.4164187253583207,0.41609795205269035,0.12742993297746755,0.6755453984425059,0.34385427510180305,0.5502134978951975
2021-06-02 22:20:00,0.49442119944211993,0.06772908366533859,0.4686522710349963,0.4954472415640063,0.6468963892633259,0.00011135857461024499,0.5,0.4164187253583207,0.41609795205269035,0.12742993297746755,0.6755453984425059,0.34385427510180305,0.46772636057757594
2021-06-02 22:30:00,0.4630404463040446,0.027888446215139417,0.4623976172747577,0.48294947330833793,0.6463729044247556,0.00011135857461024499,0.5,0.4164187253583207,0.41609795205269035,0.12742993297746755,0.6755453984425059,0.34385427510180305,0.4417671288682349
2021-06-02 22:40:00,0.47629009762900976,0.06772908366533859,0.458525688756515,0.4708087841456883,0.6463729044247556,0.00011135857461024499,0.5,0.4164187253583207,0.41609795205269035,0.12742993297746755,0.6755453984425059,0.34385427510180305,0.45680251067489475
2021-06-02 22:50:00,0.4330543933054393,-0.4342629482071714,0.45316455696202507,0.46509551865738263,0.6463729044247556,0.00011135857461024499,0.5,0.4164187253583207,0.41609795205269035,0.12742993297746755,0.6755453984425059,0.34385427510180305,0.39638185192449865
2021-06-02 23:00:00,0.44979079497907953,-0.20318725099601598,0.44869694713328356,0.4686663095875736,0.6393320333459842,0.00011135857461024499,0.5,0.32863886375362994,0.4380170513811518,0.14316477580467685,0.6179262951722738,0.3029468858284133,0.41134179277879207
2021-06-02 23:10:00,0.49442119944211993,-0.19521912350597614,0.4460163812360385,0.4565256204249242,0.6351310675164571,0.00011135857461024499,0.5,0.32863886375362994,0.4380170513811518,0.14316477580467685,0.6179262951722738,0.3029468858284133,0.4812755556226142
2021-06-02 23:20:00,0.44490934449093444,-0.3784860557768924,0.44512285927029005,0.4500981967505804,0.6291371661148264,0.00011135857461024499,0.5,0.32863886375362994,0.4380170513811518,0.14316477580467685,0.6179262951722738,0.3029468858284133,0.3841830499268223
2021-06-02 23:30:00,0.3842398884239888,-0.23505976095617542,0.4427401340282946,0.4508123549366183,0.6163117875698526,0.00011135857461024499,0.5,0.32863886375362994,0.4380170513811518,0.14316477580467685,0.6179262951722738,0.3029468858284133,0.27981049232765515
2021-06-02 23:40:00,0.42677824267782427,-0.13147410358565736,0.44095309009679795,0.44117121942510273,0.6126343065788957,0.00011135857461024499,0.5,0.32863886375362994,0.4380170513811518,0.14316477580467685,0.6179262951722738,0.3029468858284133,0.3577334520270984
2021-06-02 23:50:00,0.394700139470014,-0.14741035856573714,0.43678332092330585,0.4315300839135867,0.6062477915483373,0.00011135857461024499,0.5,0.32863886375362994,0.4380170513811518,0.14316477580467685,0.6179262951722738,0.3029468858284133,0.3006623715617786
2021-06-03 00:00:00,0.4783821478382148,-0.17928286852589637,0.4349962769918092,0.4254597393322621,0.6108937194906492,0.00011135857461024499,0.5,0.32812585988433796,0.44180433152206655,0.1517041852592024,0.5773139786110548,0.26103165130082834,0.445229868581861
2021-06-03 00:10:00,0.46234309623430964,-0.2749003984063746,0.4349962769918092,0.417961078378861,0.6126735679417884,0.00011135857461024499,0.5,0.32812585988433796,0.44180433152206655,0.1517041852592024,0.5773139786110548,0.26103165130082834,0.4122772605881377
2021-06-03 00:20:00,0.4372384937238493,0.24302788844621515,0.42933730454206964,0.41046241742545986,0.6205127533993796,0.00011135857461024499,0.5,0.32812585988433796,0.44180433152206655,0.1517041852592024,0.5773139786110548,0.26103165130082834,0.3677520105013806
2021-06-03 00:30:00,0.46373779637377965,0.24302788844621515,0.4266567386448248,0.39939296554186754,0.6274227532685084,0.032739420935412024,0.5,0.32812585988433796,0.44180433152206655,0.1517041852592024,0.5773139786110548,0.26103165130082834,0.3347465938410007
2021-06-03 00:40:00,0.46373779637377965,-0.059760956175298974,0.42189128816083366,0.397964649169791,0.6241771472693722,0.02873051224944321,0.5,0.32812585988433796,0.44180433152206655,0.1517041852592024,0.5773139786110548,0.26103165130082834,0.36347450850219537
2021-06-03 00:50:00,0.4386331938633194,-0.003984063745020028,0.4174236783320924,0.38760935547223707,0.6147805944170341,0.00623608017817372,0.5,0.32812585988433796,0.44180433152206655,0.1517041852592024,0.5773139786110548,0.26103165130082834,0.36046441450276867
2021-06-03 01:00:00,0.41492329149232915,0.17131474103585642,0.4153387937453461,0.38011069451883595,0.6126343065788957,0.00011135857461024499,0.5,0.26174537384310637,0.4408129721528593,0.1705662643742224,0.5723939693787308,0.23228753877169825,0.3173499102252667
2021-06-03 01:10:00,0.38284518828451886,-0.019920318725099695,0.40967982129560676,0.3726120335654348,0.6126343065788957,0.00011135857461024499,0.5,0.26174537384310637,0.4408129721528593,0.1705662643742224,0.5723939693787308,0.23228753877169825,0.2692563030915703
2021-06-03 01:20:00,0.40376569037656906,0.2749003984063745,0.40521221146686504,0.36404213533297636,0.6126343065788957,0.00011135857461024499,0.5,0.26174537384310637,0.4408129721528593,0.1705662643742224,0.5723939693787308,0.23228753877169825,0.30931544879822565
2021-06-03 01:30:00,0.39539748953974896,0.003984063745019917,0.39955323901712547,0.35797179075165153,0.6187067307063119,0.00011135857461024499,0.5,0.26174537384310637,0.4408129721528593,0.1705662643742224,0.5723939693787308,0.23228753877169825,0.28746020489762664
2021-06-03 01:40:00,0.42329149232914925,0.08366533864541825,0.3959791511541324,0.35154436707730774,0.6188768632788473,0.00011135857461024499,0.5,0.26174537384310637,0.4408129721528593,0.1705662643742224,0.5723939693787308,0.23228753877169825,0.3413476771730767
2021-06-03 01:50:00,0.45746164574616455,-0.21912350597609564,0.3879374534623974,0.34654525977504025,0.6150423368363194,0.00011135857461024499,0.5,0.26174537384310637,0.4408129721528593,0.1705662643742224,0.5723939693787308,0.23228753877169825,0.4118925117310681
2021-06-03 02:00:00,0.5264993026499303,0.4661354581673305,0.3795979151154132,0.3297625424031425,0.6133540982319299,0.00011135857461024499,0.5,0.2650513987785432,0.4365486901125565,0.16454779288260807,0.5888171446287688,0.21860047396370197,0.5756521870332091
2021-06-03 02:10:00,0.5244072524407252,-0.2270916334661356,0.37513030528667146,0.325120514193894,0.6194134352383819,0.00011135857461024499,0.5,0.2650513987785432,0.4365486901125565,0.16454779288260807,0.5888171446287688,0.21860047396370197,0.5583158561793684
2021-06-03 02:20:00,0.5634588563458857,0.3545816733067728,0.3655994043186892,0.31905016961256916,0.6126343065788957,0.00011135857461024499,0.5,0.2650513987785432,0.4365486901125565,0.16454779288260807,0.5888171446287688,0.21860047396370197,0.6674185614919204
2021-06-03 02:30:00,0.6143654114365412,0.2828685258964143,0.3608339538346983,0.30833779682199625,0.6126343065788957,0.00011135857461024499,0.5,0.2650513987785432,0.4365486901125565,0.16454779288260807,0.5888171446287688,0.21860047396370197,0.7866529867073042
2021-06-03 02:40:00,0.6415620641562064,0.09960159362549792,0.35487714072970933,0.3044099267987861,0.620630537488058,0.00044543429844097997,0.5,0.2650513987785432,0.4365486901125565,0.16454779288260807,0.5888171446287688,0.21860047396370197,0.8985470072574196
2021-06-03 02:50:00,0.701534170153417,-0.059760956175298974,0.35160089352196544,0.3044099267987861,0.6237714465194801,0.004899777282850779,0.5,0.2650513987785432,0.4365486901125565,0.16454779288260807,0.5888171446287688,0.21860047396370197,0.8846243794981669
2021-06-03 03:00:00,0.6394700139470014,0.15537848605577675,0.3462397617274757,0.3044099267987861,0.6162594390859955,0.00011135857461024499,0.5,0.27233107744153773,0.42839368173628684,0.15824906217785253,0.6122511612594634,0.2178950458628549,0.8707017517389141
2021-06-03 03:10:00,0.5704323570432357,-0.07569721115537853,0.34028294862248676,0.3072665595429387,0.6237976207614087,0.00011135857461024499,0.5,0.27233107744153773,0.42839368173628684,0.15824906217785253,0.6122511612594634,0.2178950458628549,0.7010501380569428
2021-06-03 03:20:00,0.5509065550906556,-0.2589641434262948,0.33253909158600115,0.3169076950544547,0.6237976207614087,0.00011135857461024499,0.5,0.27233107744153773,0.42839368173628684,0.15824906217785253,0.6122511612594634,0.2178950458628549,0.6237835146430889
2021-06-03 03:30:00,0.5627615062761506,-0.2509960159362551,0.32777364110201024,0.3219068023567222,0.618654382222455,0.00022271714922048998,0.5,0.27233107744153773,0.42839368173628684,0.15824906217785253,0.6122511612594634,0.2178950458628549,0.6400334957828507
2021-06-03 03:40:00,0.5627615062761506,-0.09960159362549814,0.32092330603127306,0.3119085877521872,0.6125165224902174,0.00044543429844097997,0.5,0.27233107744153773,0.42839368173628684,0.15824906217785253,0.6122511612594634,0.2178950458628549,0.6805075667275223
2021-06-03 03:50:00,0.602510460251046,-0.3545816733067729,0.3137751303052865,0.3076236386359579,0.6125165224902174,0.00044543429844097997,0.5,0.27233107744153773,0.42839368173628684,0.15824906217785253,0.6122511612594634,0.2178950458628549,0.7608144605217496
2021-06-03 04:00:00,0.6659693165969317,-0.4103585657370519,0.3102010424422932,0.3054811640778434,0.6113517687243983,0.0008908685968819599,0.5,0.1885249362705843,0.42790805932064513,0.18547098194838996,0.63158442885007,0.2207989291537402,0.9244232539191575
2021-06-03 04:10:00,0.7510460251046025,0.003984063745019917,0.311392405063291,0.2958400285663274,0.6026619204041302,0.03975501113585746,0.5,0.1885249362705843,0.42790805932064513,0.18547098194838996,0.63158442885007,0.2207989291537402,0.9749158833381113
2021-06-03 04:20:00,0.7970711297071129,0.10756972111553775,0.3143708116157853,0.2851276557757545,0.6026619204041302,0.07138084632516704,0.5,0.1885249362705843,0.42790805932064513,0.18547098194838996,0.63158442885007,0.2207989291537402,0.93426075410776
2021-06-03 04:30:00,0.7712691771269178,-0.13147410358565736,0.318838421444527,0.28405641849669716,0.6026619204041302,0.05968819599109132,0.5,0.1885249362705843,0.42790805932064513,0.18547098194838996,0.63158442885007,0.2207989291537402,0.915030855349518
2021-06-03 04:40:00,0.6743375174337517,-0.31474103585657376,0.31586001489203275,0.29048384217104095,0.6026619204041302,0.028285077951002227,0.5,0.1885249362705843,0.42790805932064513,0.18547098194838996,0.63158442885007,0.2207989291537402,0.8615054996454276
2021-06-03 04:50:00,0.6555090655509066,-0.17928286852589637,0.3140729709605359,0.3008391358685949,0.6026619204041302,0.01091314031180401,0.5,0.1885249362705843,0.42790805932064513,0.18547098194838996,0.63158442885007,0.2207989291537402,0.8633688911688822
2021-06-03 05:00:00,0.6541143654114366,-0.2270916334661356,0.3146686522710349,0.3044099267987861,0.6026619204041302,0.012694877505567928,0.5,0.18652178306950473,0.4196266167059872,0.1751592183025245,0.6466998056151726,0.22236853051258665,0.8908067655446082
2021-06-03 05:10:00,0.6436541143654114,-0.06772908366533881,0.31198808637378983,0.3054811640778434,0.6026619204041302,0.02806236080178174,0.5,0.18652178306950473,0.4196266167059872,0.1751592183025245,0.6466998056151726,0.22236853051258665,0.7768079424234652
2021-06-03 05:20:00,0.6680613668061367,-0.15537848605577698,0.3096053611317944,0.3058382431708624,0.6026619204041302,0.034966592427616926,0.5,0.18652178306950473,0.4196266167059872,0.1751592183025245,0.6466998056151726,0.22236853051258665,0.8263877363187834
2021-06-03 05:30:00,0.6527196652719665,-0.33067729083665354,0.3069247952345493,0.3076236386359579,0.6026619204041302,0.027282850779510027,0.5,0.18652178306950473,0.4196266167059872,0.1751592183025245,0.6466998056151726,0.22236853051258665,0.8205561507008465
2021-06-03 05:40:00,0.6338912133891214,-0.298804780876494,0.3030528667163066,0.31405106231030167,0.6026619204041302,0.013697104677060134,0.5,0.18652178306950473,0.4196266167059872,0.1751592183025245,0.6466998056151726,0.22236853051258665,0.8164370747016311
2021-06-03 05:50:00,0.6331938633193863,-0.3545816733067729,0.30186150409530876,0.315122299589359,0.6026619204041302,0.010801781737193764,0.5,0.18652178306950473,0.4196266167059872,0.1751592183025245,0.6466998056151726,0.22236853051258665,0.8321212486986436
2021-06-03 06:00:00,0.6576011157601116,-0.42629482071713154,0.3000744601638121,0.31476522049634004,0.6026619204041302,0.004008908685968819,0.5,0.2518762613721528,0.43773544785018537,0.18502599118870108,0.6213850381564897,0.21422065048220687,0.8904220166875386
2021-06-03 06:10:00,0.6659693165969317,0.05976095617529875,0.30126582278480996,0.3069094804499197,0.5946787766159323,0.009242761692650333,0.5,0.2518762613721528,0.43773544785018537,0.18502599118870108,0.6213850381564897,0.21422065048220687,0.9008177799236537
2021-06-03 06:20:00,0.6680613668061367,0.3784860557768923,0.3030528667163066,0.2961971076593466,0.5927157084712934,0.007795100222717149,0.5,0.2518762613721528,0.43773544785018537,0.18502599118870108,0.6213850381564897,0.21422065048220687,0.9080299349698991
2021-06-03 06:30:00,0.6555090655509066,0.29083665338645415,0.303350707371556,0.29369755400821274,0.5939720720838623,0.016035634743875277,0.5,0.2518762613721528,0.43773544785018537,0.18502599118870108,0.6213850381564897,0.21422065048220687,0.8807429424989062
2021-06-03 06:40:00,0.6624825662482566,-0.1872509960159363,0.3030528667163066,0.29976789858953756,0.6025833976783448,0.027060133630289536,0.5,0.2518762613721528,0.43773544785018537,0.18502599118870108,0.6213850381564897,0.21422065048220687,0.8694117114534454
2021-06-03 06:50:00,0.694560669456067,-0.14741035856573714,0.3030528667163066,0.3076236386359579,0.6025833976783448,0.016258351893095768,0.5,0.2518762613721528,0.43773544785018537,0.18502599118870108,0.6213850381564897,0.21422065048220687,0.9464142915340163
2021-06-03 07:00:00,0.6813110181311018,-0.17928286852589637,0.30394638868205504,0.3076236386359579,0.6025833976783448,0.0089086859688196,0.5,0.253309410274019,0.44219512825891394,0.17379025983833482,0.6199138722205655,0.20358909087621407,0.9382063159165323
2021-06-03 07:10:00,0.6722454672245468,-0.043824701195219196,0.3057334326135517,0.3076236386359579,0.6025833976783448,0.0006681514476614699,0.5,0.253309410274019,0.44219512825891394,0.17379025983833482,0.6199138722205655,0.20358909087621407,0.9504051179142086
2021-06-03 07:20:00,0.6820083682008368,-0.08366533864541836,0.30603127326880086,0.3094090341010536,0.6026619204041302,0.0006681514476614699,0.5,0.253309410274019,0.44219512825891394,0.17379025983833482,0.6199138722205655,0.20358909087621407,0.9619098631501124
2021-06-03 07:30:00,0.6617852161785216,-0.13147410358565736,0.30603127326880086,0.3154793786823784,0.6026619204041302,0.00022271714922048998,0.5,0.253309410274019,0.44219512825891394,0.17379025983833482,0.6199138722205655,0.20358909087621407,0.9033148754469877
2021-06-03 07:40:00,0.6436541143654114,-0.10756972111553798,0.3104988830975428,0.3229780396357793,0.6026619204041302,0.0006681514476614699,0.5,0.253309410274019,0.44219512825891394,0.17379025983833482,0.6199138722205655,0.20358909087621407,0.859755269550523
2021-06-03 07:50:00,0.6255230125523014,0.05179282868525892,0.3137751303052865,0.32690590965898947,0.6026619204041302,0.00044543429844097997,0.5,0.253309410274019,0.44219512825891394,0.17379025983833482,0.6199138722205655,0.20358909087621407,0.8180515110822758
2021-06-03 08:00:00,0.5955369595536959,0.21912350597609564,0.3206254653760239,0.33190501696125696,0.6068236248707648,0.00022271714922048998,0.5,0.2470557059965186,0.44344222961032254,0.18784760543865198,0.5992668392099018,0.2106063146108651,0.7327881467175642
2021-06-03 08:10:00,0.6290097629009763,-0.06772908366533881,0.32836932241250905,0.34333154793786824,0.6091269581604744,0.00022271714922048998,0.5,0.2470557059965186,0.44344222961032254,0.18784760543865198,0.5992668392099018,0.2106063146108651,0.8125895861309352
2021-06-03 08:20:00,0.6032078103207811,0.027888446215139417,0.3376023827252417,0.3519014461703267,0.613406446715787,0.00022271714922048998,0.5,0.2470557059965186,0.44344222961032254,0.18784760543865198,0.5992668392099018,0.2106063146108651,0.7918885888015451
2021-06-03 08:30:00,0.5892608089260809,0.2111553784860556,0.34683544303797453,0.3547580789144795,0.6153040792556045,0.0006681514476614699,0.5,0.2470557059965186,0.44344222961032254,0.18784760543865198,0.5992668392099018,0.2106063146108651,0.7504186972856346
2021-06-03 08:40:00,0.6443514644351465,0.1633466135458166,0.3575577066269544,0.35940010712372805,0.6153040792556045,0.004788418708240535,0.5,0.2470557059965186,0.44344222961032254,0.18784760543865198,0.5992668392099018,0.2106063146108651,0.8495556527905608
2021-06-03 08:50:00,0.6262203626220363,-0.003984063745020028,0.36679076693968726,0.3665416889841102,0.6181178102629203,0.00378619153674833,0.5,0.2470557059965186,0.44344222961032254,0.18784760543865198,0.5992668392099018,0.2106063146108651,0.7901232705161669
2021-06-03 09:00:00,0.6589958158995816,0.24302788844621515,0.3772151898734175,0.3772540617746831,0.6145973747235346,0.001893095768374165,0.5,0.24420571785354195,0.45542474720336285,0.20126885139502512,0.7059625734912162,0.238795306616202,0.9075622010652262
2021-06-03 09:10:00,0.604602510460251,-0.02788844621513953,0.38644825018615014,0.3951080164256384,0.6214942874716991,0.003006681514476615,0.5,0.24420571785354195,0.45542474720336285,0.20126885139502512,0.7059625734912162,0.238795306616202,0.7434026887155424
2021-06-03 09:20:00,0.6331938633193863,-0.13147410358565736,0.3983618763961281,0.4051062310301732,0.6232872230438026,0.005011135857461025,0.5,0.24420571785354195,0.45542474720336285,0.20126885139502512,0.7059625734912162,0.238795306616202,0.8193943600344011
2021-06-03 09:30:00,0.7489539748953975,-0.07569721115537853,0.4150409530900967,0.41546152472772735,0.6297260865582182,0.0089086859688196,0.5,0.24420571785354195,0.45542474720336285,0.20126885139502512,0.7059625734912162,0.238795306616202,0.8774763492614331
2021-06-03 09:40:00,0.7078103207810321,-0.08366533864541836,0.4269545793000742,0.4286734511694341,0.6258784729947259,0.006570155902004454,0.5,0.24420571785354195,0.45542474720336285,0.20126885139502512,0.7059625734912162,0.238795306616202,0.935558338488465
2021-06-03 09:50:00,0.6687587168758717,0.05976095617529875,0.4382725241995531,0.44402785216925555,0.6273834919056157,0.00111358574610245,0.5,0.24420571785354195,0.45542474720336285,0.20126885139502512,0.7059625734912162,0.238795306616202,0.8729800685003848
2021-06-03 10:00:00,0.6115760111576011,-0.019920318725099695,0.4460163812360385,0.4643813604713445,0.640483699990839,0.00111358574610245,0.5,0.49952455170946264,0.45695057858031723,0.10282127185181719,0.7332792657649158,0.2685247075926884,0.7557976371893719
2021-06-03 10:10:00,0.596234309623431,-0.0916334661354582,0.45197319434102745,0.4736654168898411,0.6418316734501578,0.0010022271714922048,0.5,0.49952455170946264,0.45695057858031723,0.10282127185181719,0.7332792657649158,0.2685247075926884,0.696629298248261
2021-06-03 10:20:00,0.5899581589958159,-0.11553784860557781,0.4573343261355174,0.4879485806106054,0.6329193440734973,0.00044543429844097997,0.5,0.49952455170946264,0.45695057858031723,0.10282127185181719,0.7332792657649158,0.2685247075926884,0.7088205561507009
2021-06-03 10:30:00,0.5362622036262203,-0.2270916334661356,0.46835443037974667,0.487591501517586,0.6348824122181361,0.00022271714922048998,0.5,0.49952455170946264,0.45695057858031723,0.10282127185181719,0.7332792657649158,0.2685247075926884,0.5812197293178629
2021-06-03 10:40:00,0.5397489539748954,0.17928286852589648,0.47877885331347714,0.5136582753079808,0.6462551203360773,0.00011135857461024499,0.5,0.49952455170946264,0.45695057858031723,0.10282127185181719,0.7332792657649158,0.2685247075926884,0.5862139203645307
2021-06-03 10:50:00,0.5599721059972106,-0.019920318725099695,0.4856291883842141,0.5247277271915729,0.6555731504626298,0.00022271714922048998,0.5,0.49952455170946264,0.45695057858031723,0.10282127185181719,0.7332792657649158,0.2685247075926884,0.6206451710246391
2021-06-03 11:00:00,0.49023709902370993,-0.08366533864541836,0.4939687267311985,0.5336547045170503,0.650940309641282,0.00022271714922048998,0.5,0.5201504357747906,0.44949095851520177,0.0977214418715127,0.722182393784138,0.2935627945833368,0.45643285000829853
2021-06-03 11:10:00,0.5223152022315203,-0.1633466135458168,0.5034996276991808,0.5407962863774327,0.6474722225857533,0.00022271714922048998,0.5,0.5201504357747906,0.44949095851520177,0.0977214418715127,0.722182393784138,0.2935627945833368,0.5351253074218809
2021-06-03 11:20:00,0.46513249651324967,0.08366533864541825,0.5118391660461652,0.5465095518657381,0.6425122037402993,0.00011135857461024499,0.5,0.5201504357747906,0.44949095851520177,0.0977214418715127,0.722182393784138,0.2935627945833368,0.4338307406792703
2021-06-03 11:30:00,0.4463040446304045,-0.15537848605577698,0.5201787043931496,0.552222817354044,0.6395806886443052,0.00011135857461024499,0.5,0.5201504357747906,0.44949095851520177,0.0977214418715127,0.722182393784138,0.2935627945833368,0.3739608008811503
2021-06-03 11:40:00,0.45188284518828453,0.20318725099601576,0.5273268801191362,0.5575790037493304,0.6363219955242047,0.00011135857461024499,0.5,0.5201504357747906,0.44949095851520177,0.0977214418715127,0.722182393784138,0.2935627945833368,0.3686573019297796
2021-06-03 11:50:00,0.42677824267782427,0.07569721115537842,0.5377513030528664,0.5636493483306553,0.6603237753726559,0.00011135857461024499,0.5,0.5201504357747906,0.44949095851520177,0.0977214418715127,0.722182393784138,0.2935627945833368,0.33309443698417246
2021-06-03 12:00:00,0.37308228730822873,0.06772908366533859,0.5440059568131048,0.5672201392608462,0.6376437947415948,0.00011135857461024499,0.5,0.5346121019016932,0.43964058194231703,0.09553503956664064,0.6317719895107349,0.31299682482370883,0.2517464580472864
2021-06-03 12:10:00,0.41143654114365413,0.03585657370517925,0.5481757259865969,0.5640064274236742,0.6374867492900237,0.00011135857461024499,0.5,0.5346121019016932,0.43964058194231703,0.09553503956664064,0.6317719895107349,0.31299682482370883,0.3367985877453717
2021-06-03 12:20:00,0.3075313807531381,0.05976095617529875,0.5544303797468353,0.5579360828423494,0.6406669196843385,0.00011135857461024499,0.5,0.5346121019016932,0.43964058194231703,0.09553503956664064,0.6317719895107349,0.31299682482370883,0.16760716387283672
2021-06-03 12:30:00,0.296373779637378,0.027888446215139417,0.5615785554728219,0.5665059810748081,0.6653099684600384,0.00011135857461024499,0.5,0.5346121019016932,0.43964058194231703,0.09553503956664064,0.6317719895107349,0.31299682482370883,0.15002187787618632
2021-06-03 12:40:00,0.2705718270571827,-0.17131474103585675,0.5672375279225612,0.5779325120514194,0.66245697608983,0.00011135857461024499,0.5,0.5346121019016932,0.43964058194231703,0.09553503956664064,0.6317719895107349,0.31299682482370883,0.11711453445388295
2021-06-03 12:50:00,0.32217573221757323,-0.06772908366533881,0.5746835443037972,0.5793608284234957,0.646948737747183,0.00011135857461024499,0.5,0.5346121019016932,0.43964058194231703,0.09553503956664064,0.6317719895107349,0.31299682482370883,0.14900342501923744
2021-06-03 13:00:00,0.16457461645746163,0.12350597609561742,0.5800446760982871,0.5832886984467058,0.6409024878616953,0.00011135857461024499,0.5,0.6602806062124129,0.4184398589683542,0.054516630848017465,0.4767629398734005,0.33014066769250283,0.041650949801590294
2021-06-03 13:10:00,0.3410041841004184,-0.07569721115537853,0.5868950111690245,0.5886448848419923,0.6345683213149939,0.00011135857461024499,0.5,0.6602806062124129,0.4184398589683542,0.054516630848017465,0.4767629398734005,0.33014066769250283,0.2167267679587187
2021-06-03 13:20:00,0.18758716875871687,-0.553784860557769,0.5883842144452716,0.5847170148187824,0.6180785489000274,0.00011135857461024499,0.5,0.6602806062124129,0.4184398589683542,0.054516630848017465,0.4767629398734005,0.33014066769250283,0.06299319522609653
2021-06-03 13:30:00,0.198744769874477,0.9282868525896413,0.5979151154132538,0.6007855740046419,0.6673253850885343,0.3879732739420936,0.5,0.6602806062124129,0.4184398589683542,0.054516630848017465,0.4767629398734005,0.33014066769250283,0.011836685426316822
2021-06-03 13:40:00,0.3263598326359832,-0.31474103585657376,0.6208488458674608,0.6268523477950365,0.667351559330463,0.14454342984409801,0.5,0.6602806062124129,0.4184398589683542,0.054516630848017465,0.4767629398734005,0.33014066769250283,0.09610422921978967
2021-06-03 13:50:00,0.2594142259414226,-0.6175298804780878,0.6131049888309752,0.6143545795393681,0.6391619007734488,0.00011135857461024499,0.5,0.6602806062124129,0.4184398589683542,0.054516630848017465,0.4767629398734005,0.33014066769250283,0.10762406264616685
2021-06-03 14:00:00,0.18340306834030684,0.01195219123505975,0.6101265822784807,0.5979289412604893,0.5963670152203218,0.00011135857461024499,0.5,0.6594989098542701,0.399144270086523,0.05545264589425959,0.3001700393704545,0.34942769758711806,0.049391191514401675
2021-06-03 14:10:00,0.299860529986053,0.10756972111553775,0.6160833953834697,0.6014997321906803,0.6292287759615761,0.00011135857461024499,0.5,0.6594989098542701,0.399144270086523,0.05545264589425959,0.3001700393704545,0.34942769758711806,0.1537486609230955
2021-06-03 14:20:00,0.27266387726638774,-0.40239043824701204,0.6139985107967236,0.5932869130512408,0.6120192118935754,0.00011135857461024499,0.5,0.6594989098542701,0.399144270086523,0.05545264589425959,0.3001700393704545,0.34942769758711806,0.11322932540700395
2021-06-03 14:30:00,0.10251046025104603,-0.14741035856573714,0.6190618019359642,0.5950723085163365,0.5732682467184044,0.6582405345211582,0.5,0.6594989098542701,0.399144270086523,0.05545264589425959,0.3001700393704545,0.34942769758711806,0.0
2021-06-03 14:40:00,0.1324965132496513,0.10756972111553775,0.645271779597915,0.6168541331905018,0.5732682467184044,0.9995545657015591,0.5,0.6594989098542701,0.399144270086523,0.05545264589425959,0.3001700393704545,0.34942769758711806,0.0
2021-06-03 14:50:00,0.2510460251046025,0.36254980079681287,0.6622486969471331,0.6382788787716478,0.5893654055044432,0.820935412026726,0.5,0.6594989098542701,0.399144270086523,0.05545264589425959,0.3001700393704545,0.34942769758711806,0.0010033646664755497
2021-06-03 15:00:00,0.13668061366806136,0.6175298804780875,0.6747580044676096,0.6675593643992144,0.6452212377799008,0.033073496659242765,0.5,0.6562173327334224,0.3726792851867922,0.056171935603280786,0.1720488944326361,0.3581921570134617,0.0034174751422061953
2021-06-03 15:10:00,0.2789400278940028,-0.5936254980079682,0.669694713328369,0.6650598107480805,0.6677441729593907,0.3022271714922049,0.5,0.6562173327334224,0.3726792851867922,0.056171935603280786,0.1720488944326361,0.3581921570134617,0.05834603256031504
2021-06-03 15:20:00,0.25313807531380755,-0.02788844621513953,0.6640357408786297,0.6379217996786288,0.6061038332177304,0.2909799554565701,0.5,0.6562173327334224,0.3726792851867922,0.056171935603280786,0.1720488944326361,0.3581921570134617,0.027415242090016147
2021-06-03 15:30:00,0.16596931659693165,0.5378486055776892,0.6690990320178702,0.6525620424924121,0.6902801952598449,0.5451002227171493,0.5,0.6562173327334224,0.3726792851867922,0.056171935603280786,0.1720488944326361,0.3581921570134617,0.0
2021-06-03 15:40:00,0.1290097629009763,0.19521912350597592,0.6869694713328367,0.6843420817711123,0.6720890971195246,0.9995545657015591,0.5,0.6562173327334224,0.3726792851867922,0.056171935603280786,0.1720488944326361,0.3581921570134617,0.0
2021-06-03 15:50:00,0.15481171548117156,-0.14741035856573714,0.698585256887565,0.679700053561864,0.6722984910549529,0.9995545657015591,0.5,0.6562173327334224,0.3726792851867922,0.056171935603280786,0.1720488944326361,0.3581921570134617,0.0
2021-06-03 16:00:00,0.20223152022315202,-0.4900398406374503,0.7084139985107967,0.683270844492055,0.687662771066993,0.7548997772828508,0.5,0.6980309003032796,0.36014792805891815,0.04473862784835618,0.11529483402048428,0.3798138093301647,0.0
2021-06-03 16:10:00,0.15202231520223153,-0.4900398406374503,0.7164556962025315,0.7043385109801821,0.6848883014225701,0.6312917594654789,0.5,0.6980309003032796,0.36014792805891815,0.04473862784835618,0.11529483402048428,0.3798138093301647,0.0
2021-06-03 16:20:00,0.11018131101813111,-0.011952191235059972,0.7212211466865226,0.7093376182824496,0.6841946840114642,0.9995545657015591,0.5,0.6980309003032796,0.36014792805891815,0.04473862784835618,0.11529483402048428,0.3798138093301647,0.0
2021-06-03 16:30:00,0.19804741980474197,0.4661354581673305,0.7283693224125092,0.7011247991430103,0.7051079033123503,0.6692650334075724,0.5,0.6980309003032796,0.36014792805891815,0.04473862784835618,0.11529483402048428,0.3798138093301647,0.0015691718092249198
2021-06-03 16:40:00,0.08786610878661089,-0.6334661354581674,0.7313477289650034,0.7025531155150866,0.761160042402272,0.5762806236080178,0.5,0.6980309003032796,0.36014792805891815,0.04473862784835618,0.11529483402048428,0.3798138093301647,0.0014258339997284125
2021-06-03 16:50:00,0.1290097629009763,-0.5298804780876495,0.7334326135517495,0.7021960364220676,0.761160042402272,0.9993318485523385,0.5,0.6980309003032796,0.36014792805891815,0.04473862784835618,0.11529483402048428,0.3798138093301647,0.0
2021-06-03 17:00:00,0.16945606694560672,-0.42629482071713154,0.7393894266567385,0.6961256918407428,0.7610815196764863,0.9993318485523385,0.5,0.6973875525602997,0.3480246087003988,0.044952690088981666,0.08251613590755554,0.41482543082618123,0.0
2021-06-03 17:10:00,0.12552301255230125,-0.3227091633466136,0.7450483991064778,0.686841635422246,0.720302050751855,0.9936525612472161,0.5,0.6973875525602997,0.3480246087003988,0.044952690088981666,0.08251613590755554,0.41482543082618123,0.0
2021-06-03 17:20:00,0.11715481171548117,-0.21912350597609564,0.7450483991064778,0.6836279235850742,0.7175799295912892,0.9993318485523385,0.5,0.6973875525602997,0.3480246087003988,0.044952690088981666,0.08251613590755554,0.41482543082618123,0.0
2021-06-03 17:30:00,0.12622036262203626,-0.07569721115537853,0.7489203276247205,0.6789858953758257,0.7175799295912892,0.9993318485523385,0.5,0.6973875525602997,0.3480246087003988,0.044952690088981666,0.08251613590755554,0.41482543082618123,0.0
2021-06-03 17:40:00,0.11366806136680613,0.06772908366533859,0.7489203276247205,0.6754151044456349,0.7175799295912892,0.9993318485523385,0.5,0.6973875525602997,0.3480246087003988,0.044952690088981666,0.08251613590755554,0.41482543082618123,0.0
2021-06-03 17:50:00,0.17154811715481172,-0.26693227091633476,0.7524944154877138,0.6704159971433674,0.7128947402860845,0.997772828507795,0.5,0.6973875525602997,0.3480246087003988,0.044952690088981666,0.08251613590755554,0.41482543082618123,0.0
2021-06-03 18:00:00,0.18967921896792192,-0.8247011952191236,0.7554728220402083,0.6686306016782717,0.6960385284841188,0.9793986636971047,0.5,0.6525123381416256,0.31893036634320476,0.07667093142564312,0.06341538892967621,0.4067959097738296,0.0
2021-06-03 18:10:00,0.22663877266387727,-0.17928286852589637,0.7569620253164555,0.6714872344224245,0.6927798353640183,0.043763919821826286,0.5,0.6525123381416256,0.31893036634320476,0.07667093142564312,0.06341538892967621,0.4067959097738296,0.025582026947508184
2021-06-03 18:20:00,0.2649930264993026,0.29083665338645415,0.751898734177215,0.680414211747902,0.7065343994974546,0.00011135857461024499,0.5,0.6525123381416256,0.31893036634320476,0.07667093142564312,0.06341538892967621,0.4067959097738296,0.12557900930941354
2021-06-03 18:30:00,0.2622036262203626,-0.3466135458167332,0.7161578555472821,0.6357793251205142,0.714740024342045,0.00011135857461024499,0.5,0.6525123381416256,0.31893036634320476,0.07667093142564312,0.06341538892967621,0.4067959097738296,0.09706232931484528
2021-06-03 18:40:00,0.19804741980474197,-0.0916334661354582,0.6982874162323154,0.6193536868416356,0.6746672599494836,0.00011135857461024499,0.5,0.6525123381416256,0.31893036634320476,0.07667093142564312,0.06341538892967621,0.4067959097738296,0.06562608446369027
2021-06-03 18:50:00,0.3075313807531381,0.06772908366533859,0.6869694713328367,0.6132833422603108,0.7069662744892752,0.00011135857461024499,0.5,0.6525123381416256,0.31893036634320476,0.07667093142564312,0.06341538892967621,0.4067959097738296,0.1763130497759404
2021-06-03 19:00:00,0.31241283124128316,-0.12350597609561753,0.681012658227848,0.6007855740046419,0.7195037363730352,0.00033407572383073496,0.5,0.6582611767036672,0.32993589209412444,0.07655426243193729,0.12106091848984957,0.4898880695910466,0.1687312340630988
2021-06-03 19:10:00,0.3235704323570432,0.09163346613545809,0.6780342516753535,0.5950723085163365,0.719791653034249,0.00011135857461024499,0.5,0.6582611767036672,0.32993589209412444,0.07655426243193729,0.12106091848984957,0.4898880695910466,0.18353274891742233
2021-06-03 19:20:00,0.2615062761506276,-0.17131474103585675,0.6741623231571108,0.590073201214069,0.7279711036369109,0.00011135857461024499,0.5,0.6582611767036672,0.32993589209412444,0.07655426243193729,0.12106091848984957,0.4898880695910466,0.12940386559439926
2021-06-03 19:30:00,0.20292887029288703,0.01195219123505975,0.6726731198808635,0.5893590430280307,0.7308895316119407,0.00011135857461024499,0.5,0.6582611767036672,0.32993589209412444,0.07655426243193729,0.12106091848984957,0.4898880695910466,0.07620290598548517
2021-06-03 19:40:00,0.23849372384937237,-0.11553784860557781,0.6720774385703647,0.5957864667023745,0.7432830351650941,0.00011135857461024499,0.5,0.6582611767036672,0.32993589209412444,0.07655426243193729,0.12106091848984957,0.4898880695910466,0.08484089503145888
2021-06-03 19:50:00,0.15481171548117156,-0.05179282868525903,0.6720774385703647,0.5975718621674699,0.7459266335998744,0.00011135857461024499,0.5,0.6582611767036672,0.32993589209412444,0.07655426243193729,0.12106091848984957,0.4898880695910466,0.03800715180228435
2021-06-03 20:00:00,0.18479776847977683,-0.23505976095617542,0.6714817572598657,0.600428494911623,0.7187446833571083,0.00011135857461024499,0.5,0.6708337238424225,0.3183671592812802,0.071692589375741,0.1948472426158227,0.4998740483113706,0.05454380856103928
2021-06-03 20:10:00,0.17224546722454673,0.2749003984063745,0.6652271034996275,0.5947152294233171,0.707869285835809,0.00011135857461024499,0.5,0.6708337238424225,0.3183671592812802,0.071692589375741,0.1948472426158227,0.4998740483113706,0.05344991475172382
2021-06-03 20:20:00,0.16736401673640167,0.019920318725099362,0.6577810871183913,0.590073201214069,0.707869285835809,0.00011135857461024499,0.5,0.6708337238424225,0.3183671592812802,0.071692589375741,0.1948472426158227,0.4998740483113706,0.049217677323958535
2021-06-03 20:30:00,0.2510460251046025,-0.3944223107569722,0.6497393894266565,0.5840028566327442,0.707869285835809,0.00011135857461024499,0.5,0.6708337238424225,0.3183671592812802,0.071692589375741,0.1948472426158227,0.4998740483113706,0.09974048312385897
2021-06-03 20:40:00,0.2670850767085077,-0.33067729083665354,0.6390171258376767,0.5747188002142476,0.6958160474277264,0.00011135857461024499,0.5,0.6708337238424225,0.3183671592812802,0.071692589375741,0.1948472426158227,0.4998740483113706,0.11644310997782036
2021-06-03 20:50:00,0.301255230125523,0.2589641434262948,0.6274013402829486,0.5597214783074451,0.69398385049273,0.00011135857461024499,0.5,0.6708337238424225,0.3183671592812802,0.071692589375741,0.1948472426158227,0.4998740483113706,0.14432608597250932
2021-06-03 21:00:00,0.23709902370990238,-0.1872509960159363,0.614296351451973,0.5332976254240314,0.69398385049273,0.00011135857461024499,0.5,0.6919237161478649,0.31906542109785085,0.06815308037212844,0.27625526858515104,0.46420895992529887,0.0947462920771912
2021-06-03 21:10:00,0.2280334728033473,0.10756972111553775,0.6026805658972447,0.5297268344938404,0.6850191726322127,0.00011135857461024499,0.5,0.6919237161478649,0.31906542109785085,0.06815308037212844,0.27625526858515104,0.46420895992529887,0.08780572445946558
2021-06-03 21:20:00,0.20013947001394702,0.40239043824701204,0.5943410275502605,0.5329405463310124,0.6900053657195954,0.00011135857461024499,0.5,0.6919237161478649,0.31906542109785085,0.06815308037212844,0.27625526858515104,0.46420895992529887,0.07177452208156676
2021-06-03 21:30:00,0.27615062761506276,-0.1394422310756973,0.5871928518242739,0.5282985181217639,0.6883302142361702,0.00011135857461024499,0.5,0.6919237161478649,0.31906542109785085,0.06815308037212844,0.27625526858515104,0.46420895992529887,0.11787648807278543
2021-06-03 21:40:00,0.29009762900976294,-0.3067729083665339,0.5806403574087862,0.5122299589359045,0.6806088128672574,0.00011135857461024499,0.5,0.6919237161478649,0.31906542109785085,0.06815308037212844,0.27625526858515104,0.46420895992529887,0.1311163752131207
2021-06-03 21:50:00,0.26429567642956764,0.06772908366533859,0.5714072970960533,0.5061596143545797,0.6689874494509953,0.00011135857461024499,0.5,0.6919237161478649,0.31906542109785085,0.06815308037212844,0.27625526858515104,0.46420895992529887,0.12674834407109556
2021-06-03 22:00:00,0.27266387726638774,-0.17928286852589637,0.5630677587490691,0.48866273879664335,0.6689743623300309,0.00011135857461024499,0.5,0.5180821106368672,0.3346053383983654,0.1346314534280838,0.3742025809375028,0.4317089808094558,0.13694796083105754
2021-06-03 22:10:00,0.32984658298465835,-0.4422310756972112,0.5565152643335813,0.48080699875022326,0.668621010063996,0.00011135857461024499,0.5,0.5180821106368672,0.3346053383983654,0.1346314534280838,0.3742025809375028,0.4317089808094558,0.18096021244172186
2021-06-03 22:20:00,0.3723849372384937,0.06772908366533859,0.5532390171258375,0.4833065524013569,0.6599049875017995,0.00011135857461024499,0.5,0.5180821106368672,0.3346053383983654,0.1346314534280838,0.3742025809375028,0.4317089808094558,0.2361829895740604
2021-06-03 22:30:00,0.37517433751743373,-0.33864541832669326,0.5505584512285924,0.4786645241921086,0.6663569381371791,0.00011135857461024499,0.5,0.5180821106368672,0.3346053383983654,0.1346314534280838,0.3742025809375028,0.4317089808094558,0.25452268509437664
2021-06-03 22:40:00,0.36192468619246865,-0.24302788844621515,0.5460908413998509,0.47437957507587925,0.6663569381371791,0.00011135857461024499,0.5,0.5180821106368672,0.3346053383983654,0.1346314534280838,0.3742025809375028,0.4317089808094558,0.24529625661994356
2021-06-03 22:50:00,0.38702928870292885,-0.298804780876494,0.5416232315711094,0.4690233886805928,0.6608734344531547,0.00011135857461024499,0.5,0.5180821106368672,0.3346053383983654,0.1346314534280838,0.3742025809375028,0.4317089808094558,0.2548697134752629
2021-06-03 23:00:00,0.3563458856345886,-0.298804780876494,0.5347728965003722,0.46616675593643975,0.6527463323343498,0.00011135857461024499,0.5,0.4498125056074882,0.33342432767156954,0.16675816305683924,0.41218375033429094,0.41310285070775205,0.2173981924347813
2021-06-03 23:10:00,0.3633193863319386,0.2669322709163344,0.5294117647058822,0.46473843956436345,0.6439125256834749,0.00011135857461024499,0.5,0.4498125056074882,0.33342432767156954,0.16675816305683924,0.41218375033429094,0.41310285070775205,0.23606228405027388
2021-06-03 23:20:00,0.3584379358437936,0.10756972111553775,0.5264333581533878,0.45366898768077135,0.6439125256834749,0.00011135857461024499,0.5,0.4498125056074882,0.33342432767156954,0.16675816305683924,0.41218375033429094,0.41310285070775205,0.23835568900221796
2021-06-03 23:30:00,0.397489539748954,0.25099601593625476,0.5195830230826506,0.4475986430994465,0.6489118058918218,0.00011135857461024499,0.5,0.4498125056074882,0.33342432767156954,0.16675816305683924,0.41218375033429094,0.41310285070775205,0.27592528328077615
2021-06-03 23:40:00,0.41492329149232915,0.01195219123505975,0.5145197319434103,0.4447420103552937,0.6551805368337019,0.00011135857461024499,0.5,0.4498125056074882,0.33342432767156954,0.16675816305683924,0.41218375033429094,0.41310285070775205,0.30310665841845585
2021-06-03 23:50:00,0.3772663877266388,0.12350597609561742,0.5136262099776618,0.4386716657739689,0.6551805368337019,0.00011135857461024499,0.5,0.4498125056074882,0.33342432767156954,0.16675816305683924,0.41218375033429094,0.41310285070775205,0.2412224451921481
2021-06-04 00:00:00,0.33891213389121344,-0.1633466135458168,0.5112434847356664,0.43617211212283524,0.6551805368337019,0.00011135857461024499,0.5,0.39435975909730536,0.33238411871025686,0.16773323685314812,0.33400397187806835,0.3977699070384381,0.18257464882236674
2021-06-04 00:10:00,0.28591352859135283,-0.49800796812749004,0.5073715562174235,0.43295840028566324,0.6551805368337019,0.00011135857461024499,0.5,0.39435975909730536,0.33238411871025686,0.16773323685314812,0.33400397187806835,0.3977699070384381,0.14958432035246014
2021-06-04 00:20:00,0.2398884239888424,-0.3784860557768924,0.5052866716306774,0.43760042849491154,0.6484668437790371,0.00011135857461024499,0.5,0.39435975909730536,0.33238411871025686,0.16773323685314812,0.33400397187806835,0.3977699070384381,0.11227876940718501
2021-06-04 00:30:00,0.2670850767085077,-0.2270916334661356,0.4999255398361875,0.43760042849491154,0.6336260486055673,0.00011135857461024499,0.5,0.39435975909730536,0.33238411871025686,0.16773323685314812,0.33400397187806835,0.3977699070384381,0.1183366778822216
2021-06-04 00:40:00,0.28033472803347276,-0.08366533864541836,0.49545793000744576,0.42831637207641493,0.6275274502362225,0.00011135857461024499,0.5,0.39435975909730536,0.33238411871025686,0.16773323685314812,0.33400397187806835,0.3977699070384381,0.13952804140199465
2021-06-04 00:50:00,0.3235704323570432,-0.3784860557768924,0.4933730454206997,0.42010355293697543,0.6275274502362225,0.00011135857461024499,0.5,0.39435975909730536,0.33238411871025686,0.16773323685314812,0.33400397187806835,0.3977699070384381,0.18038686120373584
2021-06-04 01:00:00,0.3368200836820084,0.394422310756972,0.4883097542814592,0.41367612926263164,0.62880998809072,0.00011135857461024499,0.5,0.3235088584138004,0.3229417799067269,0.20291730818761441,0.23027573004503285,0.32541149032647726,0.21078202091223197
2021-06-04 01:10:00,0.34658298465829845,-0.2749003984063746,0.48741623231571096,0.4126048919835743,0.6362565599193832,0.00011135857461024499,0.5,0.3235088584138004,0.3229417799067269,0.20291730818761441,0.23027573004503285,0.32541149032647726,0.19707439986722394
2021-06-04 01:20:00,0.3598326359832636,0.09163346613545809,0.4850335070737155,0.407962863774326,0.6275667115991153,0.00011135857461024499,0.5,0.3235088584138004,0.3229417799067269,0.20291730818761441,0.23027573004503285,0.32541149032647726,0.21781311767279754
2021-06-04 01:30:00,0.36401673640167365,0.1872509960159361,0.48056589724497356,0.4001071237279059,0.6275667115991153,0.00011135857461024499,0.5,0.3235088584138004,0.3229417799067269,0.20291730818761441,0.23027573004503285,0.32541149032647726,0.220672329767491
2021-06-04 01:40:00,0.3486750348675035,-0.10756972111553798,0.4775874906924793,0.3968934118907337,0.6275667115991153,0.00011135857461024499,0.5,0.3235088584138004,0.3229417799067269,0.20291730818761441,0.23027573004503285,0.32541149032647726,0.20278527996137424
2021-06-04 01:50:00,0.31729428172942814,-0.3705179282868527,0.47550260610573325,0.3940367791465811,0.6275667115991153,0.00011135857461024499,0.5,0.3235088584138004,0.3229417799067269,0.20291730818761441,0.23027573004503285,0.32541149032647726,0.1677203253013866
2021-06-04 02:00:00,0.303347280334728,-0.4581673306772909,0.47163067758749055,0.3940367791465811,0.6275667115991153,0.00011135857461024499,0.5,0.3356335736201075,0.31954817000807606,0.19716438547080442,0.24185799411635497,0.20460425027443552,0.15795072196991417
2021-06-04 02:10:00,0.29009762900976294,-0.05179282868525903,0.4692479523454949,0.39760757007677205,0.6172409731583148,0.00011135857461024499,0.5,0.3356335736201075,0.31954817000807606,0.19716438547080442,0.24185799411635497,0.20460425027443552,0.14508049549617516
2021-06-04 02:20:00,0.2907949790794979,0.01195219123505975,0.4647803425167534,0.3918943045884662,0.6137859732237505,0.00011135857461024499,0.5,0.3356335736201075,0.31954817000807606,0.19716438547080442,0.24185799411635497,0.20460425027443552,0.1489732486382908
2021-06-04 02:30:00,0.24337517433751746,0.5059760956175297,0.46299329858525673,0.38475272272808425,0.6137859732237505,0.00011135857461024499,0.5,0.3356335736201075,0.31954817000807606,0.19716438547080442,0.24185799411635497,0.20460425027443552,0.1083558398841227
2021-06-04 02:40:00,0.25174337517433754,0.2111553784860556,0.4609084139985107,0.3840385645420461,0.6234180942534452,0.00011135857461024499,0.5,0.3356335736201075,0.31954817000807606,0.19716438547080442,0.24185799411635497,0.20460425027443552,0.10939692502678153
2021-06-04 02:50:00,0.24267782426778242,-0.06772908366533881,0.458525688756515,0.38296732726298877,0.6275928858410438,0.00011135857461024499,0.5,0.3356335736201075,0.31954817000807606,0.19716438547080442,0.24185799411635497,0.20460425027443552,0.10369358902786788
2021-06-04 03:00:00,0.21617852161785217,0.3784860557768923,0.4549516008935217,0.3793965363327978,0.6275928858410438,0.00011135857461024499,0.5,0.34328784083105224,0.3063961357099142,0.18910078260800095,0.29528011795644205,0.1383662574326762,0.08505967379332197
2021-06-04 03:10:00,0.22663877266387727,0.2111553784860556,0.45256887565152626,0.3758257454026068,0.6275928858410438,0.00011135857461024499,0.5,0.34328784083105224,0.3063961357099142,0.18910078260800095,0.29528011795644205,0.1383662574326762,0.08613847941216411
2021-06-04 03:20:00,0.22384937238493724,0.08366533864541825,0.449590469099032,0.37082663810033933,0.6275928858410438,0.00011135857461024499,0.5,0.34328784083105224,0.3063961357099142,0.18910078260800095,0.29528011795644205,0.1383662574326762,0.0870965795072197
2021-06-04 03:30:00,0.2196652719665272,0.027888446215139417,0.44512285927029005,0.36725584717014814,0.6275928858410438,0.00011135857461024499,0.5,0.34328784083105224,0.3063961357099142,0.18910078260800095,0.29528011795644205,0.1383662574326762,0.08296241531753097
2021-06-04 03:40:00,0.18967921896792192,0.12350597609561742,0.442144452717796,0.36511337261203347,0.6275928858410438,0.00011135857461024499,0.5,0.34328784083105224,0.3063961357099142,0.18910078260800095,0.29528011795644205,0.1383662574326762,0.06400410398780874
2021-06-04 03:50:00,0.17433751743375175,0.31474103585657365,0.43767684288905406,0.3618996607748617,0.6275928858410438,0.00011135857461024499,0.5,0.34328784083105224,0.3063961357099142,0.18910078260800095,0.29528011795644205,0.1383662574326762,0.053683781704060234
2021-06-04 04:00:00,0.18758716875871687,0.25099601593625476,0.434102755026061,0.35797179075165153,0.6275928858410438,0.00011135857461024499,0.5,0.2722252147355282,0.3074593327145713,0.1949701206902696,0.300609540305425,0.09719316927604545,0.06175596360728458
2021-06-04 04:10:00,0.18758716875871687,-0.08366533864541836,0.42903946388682024,0.3547580789144795,0.6275928858410438,0.00011135857461024499,0.5,0.2722252147355282,0.3074593327145713,0.1949701206902696,0.300609540305425,0.09719316927604545,0.06404182446399204
2021-06-04 04:20:00,0.15202231520223153,-0.02788844621513953,0.426061057334326,0.3551151580074987,0.6203295337058801,0.00011135857461024499,0.5,0.2722252147355282,0.3074593327145713,0.1949701206902696,0.300609540305425,0.09719316927604545,0.04527211551518626
2021-06-04 04:30:00,0.19665271966527195,0.12350597609561742,0.42040208488458664,0.3533297625424032,0.6111685490308987,0.00011135857461024499,0.5,0.2722252147355282,0.3074593327145713,0.1949701206902696,0.300609540305425,0.09719316927604545,0.07076361331985455
2021-06-04 04:40:00,0.22175732217573224,0.01195219123505975,0.41653015636634394,0.35440099982146056,0.594312337228933,0.00011135857461024499,0.5,0.2722252147355282,0.3074593327145713,0.1949701206902696,0.300609540305425,0.09719316927604545,0.08103112693694645
2021-06-04 04:50:00,0.20711297071129708,-0.003984063745020028,0.4162323157110943,0.3668987680771292,0.5939458978419337,0.00011135857461024499,0.5,0.2722252147355282,0.3074593327145713,0.1949701206902696,0.300609540305425,0.09719316927604545,0.07615009731882855
2021-06-04 05:00:00,0.16457461645746163,-0.17928286852589637,0.4162323157110943,0.3536868416354222,0.5968512386959993,0.00011135857461024499,0.5,0.26795838735144106,0.2993876559954259,0.20670511924522267,0.27333402892487746,0.07820297047606861,0.04742218265763387
2021-06-04 05:10:00,0.13668061366806136,0.31474103585657365,0.4162323157110943,0.3472594179610784,0.5968512386959993,0.00011135857461024499,0.5,0.26795838735144106,0.2993876559954259,0.20670511924522267,0.27333402892487746,0.07820297047606861,0.036739743802525766
2021-06-04 05:20:00,0.11924686192468618,0.09163346613545809,0.4162323157110943,0.3511872879842888,0.5968512386959993,0.00011135857461024499,0.5,0.26795838735144106,0.2993876559954259,0.20670511924522267,0.27333402892487746,0.07820297047606861,0.022828432186127918
2021-06-04 05:30:00,0.11297071129707113,0.49800796812749004,0.4156366344005955,0.3540439207284414,0.5968512386959993,0.00011135857461024499,0.5,0.26795838735144106,0.2993876559954259,0.20670511924522267,0.27333402892487746,0.07820297047606861,0.017389139520497306
2021-06-04 05:40:00,0.10181311018131102,0.784860557768924,0.4129560685033504,0.3554722371005179,0.5968512386959993,0.00011135857461024499,0.5,0.26795838735144106,0.2993876559954259,0.20670511924522267,0.27333402892487746,0.07820297047606861,0.00783831495088794
2021-06-04 05:50:00,0.10599721059972106,0.7768924302788842,0.4114668652271034,0.359757186216747,0.5968512386959993,0.00011135857461024499,0.5,0.26795838735144106,0.2993876559954259,0.20670511924522267,0.27333402892487746,0.07820297047606861,0.008954841045913363
2021-06-04 06:00:00,0.09693165969316596,0.5697211155378485,0.4069992553983617,0.36511337261203347,0.5968512386959993,0.00011135857461024499,0.5,0.3807367564053772,0.3084219570296012,0.1822665158593109,0.3003176667698566,0.07078531694595352,0.007815682665177966
2021-06-04 06:10:00,0.09414225941422595,0.36254980079681287,0.40521221146686504,0.36082842349580435,0.5968512386959993,0.00011135857461024499,0.5,0.3807367564053772,0.3084219570296012,0.1822665158593109,0.3003176667698566,0.07078531694595352,0.006352128189266262
2021-06-04 06:20:00,0.10181311018131102,0.15537848605577675,0.4040208488458674,0.36404213533297636,0.6087343445315465,0.00011135857461024499,0.5,0.3807367564053772,0.3084219570296012,0.1822665158593109,0.3003176667698566,0.07078531694595352,0.005650527332257043
2021-06-04 06:30:00,0.1087866108786611,-0.31474103585657376,0.40134028294862234,0.36511337261203347,0.6133017497480729,0.00011135857461024499,0.5,0.3807367564053772,0.3084219570296012,0.1822665158593109,0.3003176667698566,0.07078531694595352,0.00540157218944732
2021-06-04 06:40:00,0.11297071129707113,-0.4900398406374503,0.40134028294862234,0.3615425816818427,0.6133017497480729,0.00011135857461024499,0.5,0.3807367564053772,0.3084219570296012,0.1822665158593109,0.3003176667698566,0.07078531694595352,0.006125805332166513
2021-06-04 06:50:00,0.10181311018131102,-0.6972111553784861,0.40282948622486936,0.3583288698446707,0.6133017497480729,0.00011135857461024499,0.5,0.3807367564053772,0.3084219570296012,0.1822665158593109,0.3003176667698566,0.07078531694595352,0.0040436350468488315
2021-06-04 07:00:00,0.10251046025104603,-0.03585657370517936,0.4043186895011168,0.36439921442599554,0.6133017497480729,0.00011135857461024499,0.5,0.37002894714635937,0.3286112060964288,0.19406289245008312,0.27098520819982,0.04940029839012269,0.0036588861897792597
2021-06-04 07:10:00,0.09902370990237098,-0.12350597609561753,0.4043186895011168,0.36511337261203347,0.6133017497480729,0.00011135857461024499,0.5,0.37002894714635937,0.3286112060964288,0.19406289245008312,0.27098520819982,0.04940029839012269,0.005718424189386967
2021-06-04 07:20:00,0.10320781032078104,-0.3705179282868527,0.4043186895011168,0.3661846098910908,0.6133017497480729,0.00011135857461024499,0.5,0.37002894714635937,0.3286112060964288,0.19406289245008312,0.27098520819982,0.04940029839012269,0.0018105828567979842
2021-06-04 07:30:00,0.08298465829846582,-0.2509960159362551,0.40521221146686504,0.37154079628637726,0.6031461438798079,0.000779510022271715,0.5,0.37002894714635937,0.3286112060964288,0.19406289245008312,0.27098520819982,0.04940029839012269,0.0
2021-06-04 07:40:00,0.06764295676429567,0.3227091633466135,0.4084884586746089,0.3615425816818427,0.5968119773331064,0.1874164810690423,0.5,0.37002894714635937,0.3286112060964288,0.19406289245008312,0.27098520819982,0.04940029839012269,0.0
2021-06-04 07:50:00,0.09344490934449094,0.47410358565737054,0.4162323157110943,0.35297268344938404,0.5968119773331064,0.9995545657015591,0.5,0.37002894714635937,0.3286112060964288,0.19406289245008312,0.27098520819982,0.04940029839012269,0.0
2021-06-04 08:00:00,0.09483960948396096,0.4422310756972112,0.4266567386448248,0.37511158721656845,0.5968119773331064,0.9995545657015591,0.5,0.3930650255167809,0.3279100707744375,0.1850332195937459,0.16640271823678848,0.008322601987892036,0.0
2021-06-04 08:10:00,0.09693165969316596,0.4661354581673305,0.4344005956813102,0.3843956436350653,0.5968119773331064,0.9995545657015591,0.5,0.3930650255167809,0.3279100707744375,0.1850332195937459,0.16640271823678848,0.008322601987892036,0.0
2021-06-04 08:20:00,0.08368200836820083,0.5776892430278884,0.43976172747580033,0.3836814854490269,0.5968119773331064,0.9995545657015591,0.5,0.3930650255167809,0.3279100707744375,0.1850332195937459,0.16640271823678848,0.008322601987892036,0.0
2021-06-04 08:30:00,0.07391910739191074,0.8645418326693224,0.4463142218912881,0.38296732726298877,0.5968119773331064,0.9995545657015591,0.5,0.3930650255167809,0.3279100707744375,0.1850332195937459,0.16640271823678848,0.008322601987892036,0.0
2021-06-04 08:40:00,0.06624825662482565,0.6750774679061531,0.4540580789277735,0.38296732726298877,0.5968119773331064,0.9995545657015591,0.5,0.3930650255167809,0.3279100707744375,0.1850332195937459,0.16640271823678848,0.008322601987892036,0.0
2021-06-04 08:50:00,0.05788005578800558,0.48561310314298356,0.46388682055100494,0.3858239600071418,0.5968119773331064,0.9995545657015591,0.5,0.3930650255167809,0.3279100707744375,0.1850332195937459,0.16640271823678848,0.008322601987892036,0.0
2021-06-04 09:00:00,0.06624825662482565,0.29614873837981404,0.4766939687267311,0.39260846277450456,0.5968119773331064,0.9995545657015591,0.5,0.35254625823362695,0.3352691181499215,0.19084967618647614,0.0956598293697366,0.8151974664487548,0.0
2021-06-04 09:10:00,0.04393305439330544,0.10668437361664451,0.48741623231571096,0.3968934118907337,0.5968119773331064,0.9995545657015591,0.5,0.35254625823362695,0.3352691181499215,0.19084967618647614,0.0956598293697366,0.8151974664487548,0.0
2021-06-04 09:20:00,0.03207810320781032,-0.08277999114652501,0.49873417721518964,0.404749151937154,0.5968119773331064,0.9995545657015591,0.5,0.35254625823362695,0.3352691181499215,0.19084967618647614,0.0956598293697366,0.8151974664487548,0.0
2021-06-04 09:30:00,0.03486750348675035,-0.27224435590969454,0.5115413253909158,0.40867702196036415,0.5968119773331064,0.9995545657015591,0.5,0.35254625823362695,0.3352691181499215,0.19084967618647614,0.0956598293697366,0.8151974664487548,0.0
2021-06-04 09:40:00,0.03626220362622037,-0.46170872067286417,0.5255398361876396,0.4165327620067847,0.5968119773331064,0.9995545657015591,0.5,0.35254625823362695,0.3352691181499215,0.19084967618647614,0.0956598293697366,0.8151974664487548,0.0
2021-06-04 09:50:00,0.039051603905160395,-0.6511730854360336,0.537453462397617,0.4251026602392429,0.5968119773331064,0.9995545657015591,0.5,0.35254625823362695,0.3352691181499215,0.19084967618647614,0.0956598293697366,0.8151974664487548,0.0
2021-06-04 10:00:00,0.05230125523012552,-0.8406374501992032,0.5478778853313475,0.43474379575075894,0.5968119773331064,0.9995545657015591,0.5,0.6119202607677947,0.33117437292927937,0.1049839599155773,0.2882697466979463,0.7028291605650293,0.0
2021-06-04 10:10:00,0.07391910739191074,-0.4422310756972112,0.558302308265078,0.44545616854133185,0.5968119773331064,0.9995545657015591,0.5,0.6119202607677947,0.33117437292927937,0.1049839599155773,0.2882697466979463,0.7028291605650293,0.0
2021-06-04 10:20:00,0.04741980474198048,-0.043824701195219196,0.568428890543559,0.4540260667737903,0.5968119773331064,0.9995545657015591,0.5,0.6119202607677947,0.33117437292927937,0.1049839599155773,0.2882697466979463,0.7028291605650293,0.0
2021-06-04 10:30:00,0.08577405857740586,-0.12031872509960173,0.5797468354430377,0.46152472772719166,0.5968119773331064,0.9995545657015591,0.5,0.6119202607677947,0.33117437292927937,0.1049839599155773,0.2882697466979463,0.7028291605650293,0.0
2021-06-04 10:40:00,0.10251046025104603,-0.19681274900398427,0.591362620997766,0.4704517050526693,0.5968119773331064,0.9995545657015591,0.5,0.6119202607677947,0.33117437292927937,0.1049839599155773,0.2882697466979463,0.7028291605650293,0.0
2021-06-04 10:50:00,0.10251046025104603,-0.2733067729083667,0.5994043186895008,0.47759328691305103,0.5968119773331064,0.9995545657015591,0.5,0.6119202607677947,0.33117437292927937,0.1049839599155773,0.2882697466979463,0.7028291605650293,0.0
2021-06-04 11:00:00,0.14853556485355648,-0.349800796812749,0.6119136262099774,0.48402071058739504,0.5968119773331064,0.9995545657015591,0.5,0.6401271353064797,0.3220912223029987,0.09488879479280919,0.4397455118660952,0.7057439831166858,0.0
2021-06-04 11:10:00,0.18270571827057183,-0.42629482071713154,0.619657483246463,0.48866273879664335,0.5823245344256718,0.9995545657015591,0.5,0.6401271353064797,0.3220912223029987,0.09488879479280919,0.4397455118660952,0.7057439831166858,0.0
2021-06-04 11:20:00,0.22663877266387727,-0.20318725099601598,0.6274013402829486,0.507587930726656,0.4043135150698198,0.6590200445434299,0.5,0.6401271353064797,0.3220912223029987,0.09488879479280919,0.4397455118660952,0.7057439831166858,0.026728729423480244
2021-06-04 11:30:00,0.22315202231520226,0.019920318725099362,0.644676098287416,0.5390108909123372,0.36620381882189745,0.00011135857461024499,0.5,0.6401271353064797,0.3220912223029987,0.09488879479280919,0.4397455118660952,0.7057439831166858,0.0807519954131901
2021-06-04 11:40:00,0.2880055788005579,0.003984063745019917,0.6604616530156364,0.5765041956793431,0.3634031749355459,0.00011135857461024499,0.5,0.6401271353064797,0.3220912223029987,0.09488879479280919,0.4397455118660952,0.7057439831166858,0.10681684445584441
2021-06-04 11:50:00,0.36541143654114366,-0.0916334661354582,0.6726731198808635,0.6036422067487948,0.36261794767769046,0.00011135857461024499,0.5,0.6401271353064797,0.3220912223029987,0.09488879479280919,0.4397455118660952,0.7057439831166858,0.22547037433800565
2021-06-04 12:00:00,0.30613668061366806,-0.11553784860557781,0.6661206254653758,0.5925727548652027,0.37328395126356156,0.00011135857461024499,0.5,0.667731319518261,0.3135942667819912,0.08861441239978357,0.5675290819697979,0.7111152007246911,0.17250328168142795
2021-06-04 12:10:00,0.4177126917712692,0.03585657370517925,0.6667163067758748,0.587216568469916,0.3692007695227127,0.00011135857461024499,0.5,0.667731319518261,0.3135942667819912,0.08861441239978357,0.5675290819697979,0.7111152007246911,0.2860192827074249
2021-06-04 12:20:00,0.5174337517433751,0.22709163346613526,0.6708860759493669,0.5911444384931261,0.3852063184620016,0.07071269487750556,0.5,0.667731319518261,0.3135942667819912,0.08861441239978357,0.5675290819697979,0.7111152007246911,0.27111969461502483
2021-06-04 12:30:00,0.2503486750348675,-0.33864541832669326,0.6729709605361132,0.5954293876093555,0.40142126133671857,0.00957683741648107,0.5,0.667731319518261,0.3135942667819912,0.08861441239978357,0.5675290819697979,0.7111152007246911,0.09466330702958795
2021-06-04 12:40:00,0.3898186889818689,0.4501992031872508,0.6804169769173491,0.6139975004463487,0.3920116213634163,0.01202672605790646,0.5,0.667731319518261,0.3135942667819912,0.08861441239978357,0.5675290819697979,0.7111152007246911,0.22921978967062479
2021-06-04 12:50:00,0.30264993026499304,-0.15537848605577698,0.6825018615040952,0.6261381896089984,0.39326798497598514,0.20456570155902007,0.5,0.667731319518261,0.3135942667819912,0.08861441239978357,0.5675290819697979,0.7111152007246911,0.03999124884952548
2021-06-04 13:00:00,0.22873082287308227,-0.3705179282868527,0.6920327624720772,0.6482770933761828,0.41041211343916456,0.00011135857461024499,0.5,0.7899065546492039,0.2912872442220988,0.042625270478673864,0.6774658655522978,0.7159786796908617,0.0870965795072197
2021-06-04 13:10:00,0.17224546722454673,0.7609561752988048,0.7003723008190617,0.6547045170505266,0.416798628469723,0.45389755011135857,0.5,0.7899065546492039,0.2912872442220988,0.042625270478673864,0.6774658655522978,0.7159786796908617,0.05642983237020384
2021-06-04 13:20:00,0.4288702928870293,-0.6892430278884463,0.7155621742367833,0.6775575790037494,0.3975736477732264,0.16603563474387528,0.5,0.7899065546492039,0.2912872442220988,0.042625270478673864,0.6774658655522978,0.7159786796908617,0.24316882176320592
2021-06-04 13:30:00,0.35355648535564854,0.06772908366533859,0.7119880863737897,0.6654168898410999,0.3481959403750769,0.014142538975501114,0.5,0.7899065546492039,0.2912872442220988,0.042625270478673864,0.6774658655522978,0.7159786796908617,0.1840834678696984
2021-06-04 13:40:00,0.5913528591352859,0.05179282868525892,0.7113924050632909,0.6547045170505266,0.3944850872256612,0.06592427616926504,0.5,0.7899065546492039,0.2912872442220988,0.042625270478673864,0.6774658655522978,0.7159786796908617,0.3759524420236281
2021-06-04 13:50:00,0.301952580195258,-0.07569721115537853,0.7122859270290394,0.6522049633993929,0.4014605226996113,0.02472160356347439,0.5,0.7899065546492039,0.2912872442220988,0.042625270478673864,0.6774658655522978,0.7159786796908617,0.13920364530681836
2021-06-04 14:00:00,0.18619246861924685,-0.4422310756972112,0.7167535368577809,0.6743438671665776,0.356938137179202,0.00044543429844097997,0.5,0.7993848356176305,0.2712847730074391,0.044416139532058425,0.7029921879834842,0.7302537886741572,0.04400470751542768
2021-06-04 14:10:00,0.5397489539748954,0.40239043824701204,0.7259865971705135,0.6889841099803606,0.35942469016241113,0.0017817371937639199,0.5,0.7993848356176305,0.2712847730074391,0.044416139532058425,0.7029921879834842,0.7302537886741572,0.5547852196086124
2021-06-04 14:20:00,0.38284518828451886,-0.08366533864541836,0.7298585256887564,0.6846991608641315,0.3862663752601065,0.00033407572383073496,0.5,0.7993848356176305,0.2712847730074391,0.044416139532058425,0.7029921879834842,0.7302537886741572,0.3293601098420266
2021-06-04 14:30:00,0.3235704323570432,-0.10756972111553798,0.7328369322412507,0.6964827709337618,0.3655363756527202,0.023719376391982183,0.5,0.7993848356176305,0.2712847730074391,0.044416139532058425,0.7029921879834842,0.7302537886741572,0.1643933793020203
2021-06-04 14:40:00,0.499302649930265,0.1633466135458166,0.7381980640357406,0.7014818782360293,0.3799845571972622,0.08719376391982182,0.5,0.7993848356176305,0.2712847730074391,0.044416139532058425,0.7029921879834842,0.7302537886741572,0.2170360758634217
2021-06-04 14:50:00,0.6457461645746164,0.09960159362549792,0.7405807892777363,0.6918407427245135,0.395636753870516,0.1076837416481069,0.5,0.7993848356176305,0.2712847730074391,0.044416139532058425,0.7029921879834842,0.7302537886741572,0.32449416841438206
2021-06-04 15:00:00,0.42398884239888424,-0.3944223107569722,0.7405807892777363,0.6882699517943225,0.3878368297758176,0.026169265033407576,0.5,0.8069251019687327,0.24637435453884435,0.04633331545254191,0.6877433598102994,0.7476075532006633,0.26145570861686557
2021-06-04 15:10:00,0.35495118549511856,-0.3705179282868527,0.7405807892777363,0.6986252454918764,0.34487181165015507,0.005233853006681514,0.5,0.8069251019687327,0.24637435453884435,0.04633331545254191,0.6877433598102994,0.7476075532006633,0.25198786909485943
2021-06-04 15:20:00,0.4797768479776848,0.2828685258964143,0.7453462397617274,0.7100517764684879,0.34673018282707985,0.000556792873051225,0.5,0.8069251019687327,0.24637435453884435,0.04633331545254191,0.6877433598102994,0.7476075532006633,0.4704045143865896
2021-06-04 15:30:00,0.42329149232914925,0.15537848605577675,0.7507073715562174,0.7143367255847171,0.34038292915941426,0.00033407572383073496,0.5,0.8069251019687327,0.24637435453884435,0.04633331545254191,0.6877433598102994,0.7476075532006633,0.3610603980264647
2021-06-04 15:40:00,0.5041841004184101,-0.12350597609561753,0.7539836187639612,0.7214783074450992,0.35803745534019976,0.01492204899777283,0.5,0.8069251019687327,0.24637435453884435,0.04633331545254191,0.6877433598102994,0.7476075532006633,0.4828296392413658
2021-06-04 15:50:00,0.197350069735007,0.2589641434262948,0.7504095309009677,0.7236207820032137,0.36256559919383335,0.00044543429844097997,0.5,0.8069251019687327,0.24637435453884435,0.04633331545254191,0.6877433598102994,0.7476075532006633,0.0506359672284503
2021-06-04 16:00:00,0.5690376569037657,0.2589641434262948,0.7605361131794488,0.7507587930726658,0.39131800395231053,0.0089086859688196,0.5,0.839260321863984,0.23060168329947286,0.048282194903923714,0.651460199332986,0.7656342042503663,0.5522277713233852
2021-06-04 16:10:00,0.3089260808926081,0.22709163346613526,0.7587490692479522,0.7479021603285128,0.40498095823899705,0.2076837416481069,0.5,0.839260321863984,0.23060168329947286,0.048282194903923714,0.651460199332986,0.7656342042503663,0.17472878977624215
2021-06-04 16:20:00,0.4456066945606694,0.6733067729083664,0.7575577066269543,0.7536154258168184,0.3927837615003075,0.3094654788418708,0.5,0.839260321863984,0.23060168329947286,0.048282194903923714,0.651460199332986,0.7656342042503663,0.25345896766600784
2021-06-04 16:30:00,0.4100418410041841,0.09960159362549792,0.7667907669396872,0.7589716122121051,0.42737302220884427,0.012694877505567928,0.5,0.839260321863984,0.23060168329947286,0.048282194903923714,0.651460199332986,0.7656342042503663,0.28193038308915613
2021-06-04 16:40:00,0.612970711297071,-0.07569721115537853,0.7718540580789277,0.7600428494911624,0.4173744617921504,0.06692650334075724,0.5,0.839260321863984,0.23060168329947286,0.048282194903923714,0.651460199332986,0.7656342042503663,0.4151666490637778
2021-06-04 16:50:00,0.5516039051603905,0.08366533864541825,0.7679821295606848,0.7443313693983218,0.40854065514127547,0.04587973273942094,0.5,0.839260321863984,0.23060168329947286,0.048282194903923714,0.651460199332986,0.7656342042503663,0.42121701344357776
2021-06-04 17:00:00,0.22663877266387727,-0.9282868525896414,0.767386448250186,0.7464738439564362,0.3618850689036918,0.00044543429844097997,0.5,0.852899534157399,0.2057257468958969,0.045080645539687304,0.6279702110426858,0.7784977359543996,0.06902092732018648
2021-06-04 17:10:00,0.35495118549511856,0.5776892430278884,0.775428145941921,0.769326905909659,0.34491107301304785,0.03942093541202673,0.5,0.852899534157399,0.2057257468958969,0.045080645539687304,0.6279702110426858,0.7784977359543996,0.18757638396427115
2021-06-04 17:20:00,0.6150627615062761,-0.06772908366533881,0.7801935964259119,0.762899482235315,0.37437018230359503,0.0020044543429844097,0.5,0.852899534157399,0.2057257468958969,0.045080645539687304,0.6279702110426858,0.7784977359543996,0.6947206421533866
2021-06-04 17:30:00,0.5278940027894004,-0.03585657370517936,0.7810871183916601,0.7529012676307802,0.37681747392391146,0.00011135857461024499,0.5,0.852899534157399,0.2057257468958969,0.045080645539687304,0.6279702110426858,0.7784977359543996,0.5050092792371411
2021-06-04 17:40:00,0.4881450488145049,0.4501992031872508,0.7787043931496647,0.7571862167470096,0.4103205035924147,0.00011135857461024499,0.5,0.852899534157399,0.2057257468958969,0.045080645539687304,0.6279702110426858,0.7784977359543996,0.43086591125126367
2021-06-04 17:50:00,0.37447698744769875,-0.11553784860557781,0.7804914370811615,0.7675415104445635,0.43378571148133127,0.00011135857461024499,0.5,0.852899534157399,0.2057257468958969,0.045080645539687304,0.6279702110426858,0.7784977359543996,0.24844968842886672
2021-06-04 18:00:00,0.3312412831241283,-0.6414342629482073,0.7793000744601637,0.7853954650955188,0.3676041407650731,0.00011135857461024499,0.5,0.7811937270843428,0.19418000212639291,0.09866608027815918,0.6221525668293809,0.7661366427636715,0.16271104606424552
2021-06-04 18:10:00,0.36541143654114366,-0.08366533864541836,0.7793000744601637,0.7832529905374039,0.35591734174398976,0.00011135857461024499,0.5,0.7811937270843428,0.19418000212639291,0.09866608027815918,0.6221525668293809,0.7661366427636715,0.2582117476651025
2021-06-04 18:20:00,0.15481171548117156,-0.6254980079681276,0.7772151898734176,0.7800392787002322,0.3272827210741909,0.00044543429844097997,0.5,0.7811937270843428,0.19418000212639291,0.09866608027815918,0.6221525668293809,0.7661366427636715,0.02752840351856602
2021-06-04 18:30:00,0.09344490934449094,-0.652058432934927,0.7852568875651524,0.7807534368862703,0.30055882006517387,0.644988864142539,0.5,0.7811937270843428,0.19418000212639291,0.09866608027815918,0.6221525668293809,0.7661366427636715,0.0
2021-06-04 18:40:00,0.28172942817294283,-0.6786188579017265,0.8117647058823527,0.7861096232815568,0.40361989765871403,0.8200445434298441,0.5,0.7811937270843428,0.19418000212639291,0.09866608027815918,0.6221525668293809,0.7661366427636715,0.0
2021-06-04 18:50:00,0.3354253835425383,-0.7051792828685259,0.8141474311243482,0.8150330298161044,0.4483516771145516,0.0033407572383073497,0.5,0.7811937270843428,0.19418000212639291,0.09866608027815918,0.6221525668293809,0.7661366427636715,0.23182250252727193
2021-06-04 19:00:00,0.5850767085076709,-0.11553784860557781,0.7950856291883839,0.7968219960721301,0.41174699977751894,0.00011135857461024499,0.5,0.7843694081460919,0.19919139557537596,0.09913148811174659,0.6040247557455585,0.7743394097180278,0.6542541153039516
2021-06-04 19:10:00,0.5013947001394701,0.05976095617529875,0.782874162323157,0.7736118550258884,0.4219418670086767,0.00011135857461024499,0.5,0.7843694081460919,0.19919139557537596,0.09913148811174659,0.6040247557455585,0.7743394097180278,0.4704724112437195
2021-06-04 19:20:00,0.5488145048814504,-0.1394422310756973,0.7781087118391659,0.7668273522585252,0.38586067451021455,0.00011135857461024499,0.5,0.7843694081460919,0.19919139557537596,0.09913148811174659,0.6040247557455585,0.7743394097180278,0.5545966172276959
2021-06-04 19:30:00,0.5034867503486751,0.019920318725099362,0.7721518987341771,0.7603999285841814,0.355930428864954,0.00011135857461024499,0.5,0.7843694081460919,0.19919139557537596,0.09913148811174659,0.6040247557455585,0.7743394097180278,0.4996001629524571
2021-06-04 19:40:00,0.399581589958159,-0.019920318725099695,0.7709605361131793,0.7611140867702197,0.3497271335278952,0.00011135857461024499,0.5,0.7843694081460919,0.19919139557537596,0.09913148811174659,0.6040247557455585,0.7743394097180278,0.2575101468080933
2021-06-04 19:50:00,0.3591352859135286,0.17131474103585642,0.774832464631422,0.7646848777004107,0.3353443875881745,0.00011135857461024499,0.5,0.7843694081460919,0.19919139557537596,0.09913148811174659,0.6040247557455585,0.7743394097180278,0.24098103414457506
2021-06-04 20:00:00,0.4839609483960949,-0.2749003984063746,0.7757259865971702,0.7653990358864489,0.3312873800892542,0.00011135857461024499,0.5,0.7937988268384306,0.19017720907912863,0.09665848588755367,0.5244855648155962,0.7887635116664409,0.4190820344916034
2021-06-04 20:10:00,0.37377963737796377,-0.043824701195219196,0.7736411020104241,0.7600428494911624,0.29552027849393414,0.00011135857461024499,0.5,0.7937988268384306,0.19017720907912863,0.09665848588755367,0.5244855648155962,0.7887635116664409,0.2409357695731551
2021-06-04 20:20:00,0.3591352859135286,0.5458167330677288,0.7691734921816826,0.7579003749330475,0.3274790278886548,0.00011135857461024499,0.5,0.7937988268384306,0.19017720907912863,0.09665848588755367,0.5244855648155962,0.7887635116664409,0.2214267392911568
2021-06-04 20:30:00,0.4121338912133891,-0.02788844621513953,0.7617274758004466,0.7579003749330475,0.3621598984439413,0.00011135857461024499,0.5,0.7937988268384306,0.19017720907912863,0.09665848588755367,0.5244855648155962,0.7887635116664409,0.2889162152783017
2021-06-04 20:40:00,0.500697350069735,0.24302788844621515,0.7545793000744598,0.7500446348866274,0.35848241745298454,0.00011135857461024499,0.5,0.7937988268384306,0.19017720907912863,0.09665848588755367,0.5244855648155962,0.7887635116664409,0.4580850068651267
2021-06-04 20:50:00,0.396792189679219,-0.1394422310756973,0.7486224869694713,0.7400464202820924,0.3812932692936881,0.00011135857461024499,0.5,0.7937988268384306,0.19017720907912863,0.09665848588755367,0.5244855648155962,0.7887635116664409,0.2557372844274786
2021-06-04 21:00:00,0.2649930264993026,-0.17928286852589637,0.7420699925539835,0.7400464202820924,0.37531245501302163,0.00011135857461024499,0.5,0.7981389643131949,0.19586100279592136,0.08952252833883517,0.3090516957280404,0.7808745040404521,0.12945667426105587
2021-06-04 21:10:00,0.4121338912133891,-0.1633466135458168,0.734921816827997,0.737903945723978,0.3573830992919868,0.00022271714922048998,0.5,0.7981389643131949,0.19586100279592136,0.08952252833883517,0.3090516957280404,0.7808745040404521,0.3085987597507431
2021-06-04 21:20:00,0.5564853556485356,0.003984063745019917,0.7292628443782574,0.7268344938403857,0.34907277747968224,0.00011135857461024499,0.5,0.7981389643131949,0.19586100279592136,0.08952252833883517,0.3090516957280404,0.7808745040404521,0.5726722694147292
2021-06-04 21:30:00,0.4225941422594142,-0.2828685258964144,0.7239017125837675,0.7239778610962329,0.35659787203413124,0.00011135857461024499,0.5,0.7981389643131949,0.19586100279592136,0.08952252833883517,0.3090516957280404,0.7808745040404521,0.3046682861324442
2021-06-04 21:40:00,0.5341701534170153,-0.12350597609561753,0.7167535368577809,0.7154079628637744,0.35659787203413124,0.00011135857461024499,0.5,0.7981389643131949,0.19586100279592136,0.08952252833883517,0.3090516957280404,0.7808745040404521,0.5473467417052673
2021-06-04 21:50:00,0.43235704323570434,-0.059760956175298974,0.7104988830975427,0.7111230137475453,0.3644763188546152,0.00011135857461024499,0.5,0.7981389643131949,0.19586100279592136,0.08952252833883517,0.3090516957280404,0.7808745040404521,0.35880471355070387
2021-06-04 22:00:00,0.40376569037656906,-0.059760956175298974,0.7075204765450482,0.7129084092126405,0.3743963565455236,0.00011135857461024499,0.5,0.6574224799156032,0.21176872878993894,0.13853923064661128,0.20767158751844228,0.7657100152059254,0.2869472064215339
2021-06-04 22:10:00,0.35704323570432356,0.15537848605577675,0.7048399106478034,0.7111230137475453,0.3727866406669197,0.00011135857461024499,0.5,0.6574224799156032,0.21176872878993894,0.13853923064661128,0.20767158751844228,0.7657100152059254,0.22977050862290085
2021-06-04 22:20:00,0.39400278940027894,-0.17928286852589637,0.7015636634400593,0.7082663810033922,0.3735326065618825,0.00011135857461024499,0.5,0.6574224799156032,0.21176872878993894,0.13853923064661128,0.20767158751844228,0.7657100152059254,0.27771323385186414
2021-06-04 22:30:00,0.3179916317991632,0.1633466135458166,0.697989575577066,0.7050526691662204,0.3743440080616665,0.00011135857461024499,0.5,0.6574224799156032,0.21176872878993894,0.13853923064661128,0.20767158751844228,0.7657100152059254,0.17576233082366433
2021-06-04 22:40:00,0.20013947001394702,0.31474103585657365,0.6935219657483245,0.6975540082128191,0.38919789035610053,0.00011135857461024499,0.5,0.6574224799156032,0.21176872878993894,0.13853923064661128,0.20767158751844228,0.7657100152059254,0.07255156389094257
2021-06-04 22:50:00,0.17642956764295675,0.13147410358565725,0.6866716306775873,0.6996964827709338,0.3940793864757692,0.00011135857461024499,0.5,0.6574224799156032,0.21176872878993894,0.13853923064661128,0.20767158751844228,0.7657100152059254,0.054332573894412844
2021-06-04 23:00:00,0.2545327754532775,0.01195219123505975,0.6801191362620995,0.6925549009105516,0.3940793864757692,0.00011135857461024499,0.5,0.6052919679423445,0.2173835583766983,0.1628895714025021,0.16174331037550765,0.7631935817585344,0.10691491769392097
2021-06-04 23:10:00,0.301255230125523,0.14741035856573692,0.6780342516753535,0.6782717371897875,0.3940793864757692,0.00011135857461024499,0.5,0.6052919679423445,0.2173835583766983,0.1628895714025021,0.16174331037550765,0.7631935817585344,0.1408935226398298
2021-06-04 23:20:00,0.3542538354253836,0.3067729083665336,0.6729709605361132,0.6639885734690234,0.3946944811610894,0.00011135857461024499,0.5,0.6052919679423445,0.2173835583766983,0.1628895714025021,0.16174331037550765,0.7631935817585344,0.20086907977126303
2021-06-04 23:30:00,0.3598326359832636,0.003984063745019917,0.6667163067758748,0.6554186752365649,0.4021410529897527,0.00011135857461024499,0.5,0.6052919679423445,0.2173835583766983,0.1628895714025021,0.16174331037550765,0.7631935817585344,0.22504790500475277
2021-06-04 23:40:00,0.39400278940027894,0.12350597609561742,0.6670141474311242,0.6493483306552401,0.39852900760361726,0.00011135857461024499,0.5,0.6052919679423445,0.2173835583766983,0.1628895714025021,0.16174331037550765,0.7631935817585344,0.2639829805211461
2021-06-04 23:50:00,0.41143654114365413,-0.3466135458167332,0.6690990320178702,0.6493483306552401,0.4025991022235018,0.00011135857461024499,0.5,0.6052919679423445,0.2173835583766983,0.1628895714025021,0.16174331037550765,0.7631935817585344,0.2827904099461352
2021-06-05 00:00:00,0.28521617852161785,-0.003984063745020028,0.6699925539836187,0.6507766470273164,0.40915574982659564,0.00011135857461024499,0.5,0.4852420250261571,0.22157025577071823,0.17947178620356177,0.14421655047467566,0.7846926986826239,0.14019946587805726
2021-06-05 00:10:00,0.3410041841004184,0.5219123505976095,0.6682055100521218,0.6468487770041065,0.4113543861485912,0.00011135857461024499,0.5,0.4852420250261571,0.22157025577071823,0.17947178620356177,0.14421655047467566,0.7846926986826239,0.1774672963471491
2021-06-05 00:20:00,0.32914923291492326,-0.05179282868525903,0.6661206254653758,0.6404213533297625,0.4171650678567222,0.00011135857461024499,0.5,0.4852420250261571,0.22157025577071823,0.17947178620356177,0.14421655047467566,0.7846926986826239,0.17960981939436005
2021-06-05 00:30:00,0.2601115760111576,0.2111553784860556,0.6673119880863736,0.6389930369576862,0.41758385572757856,0.00011135857461024499,0.5,0.4852420250261571,0.22157025577071823,0.17947178620356177,0.14421655047467566,0.7846926986826239,0.10140018407592377
2021-06-05 00:40:00,0.2301255230125523,-0.2270916334661356,0.6652271034996275,0.6361364042135333,0.43102432895787257,0.00011135857461024499,0.5,0.4852420250261571,0.22157025577071823,0.17947178620356177,0.14421655047467566,0.7846926986826239,0.07145767008162711
2021-06-05 00:50:00,0.12482566248256625,0.4820717131474104,0.6598659717051376,0.6382788787716478,0.43102432895787257,0.00011135857461024499,0.5,0.4852420250261571,0.22157025577071823,0.17947178620356177,0.14421655047467566,0.7846926986826239,0.027422786185252804
2021-06-05 01:00:00,0.13668061366806136,0.33864541832669315,0.6530156366344004,0.645063381539011,0.44666343851016216,0.00011135857461024499,0.5,0.4454072295489695,0.21839790578925,0.18576113266317143,0.11989783626324164,0.8291724690613826,0.026917331804396698
2021-06-05 01:10:00,0.13389121338912133,0.15537848605577675,0.6479523454951599,0.6468487770041065,0.44742249152608915,0.00011135857461024499,0.5,0.4454072295489695,0.21839790578925,0.18576113266317143,0.11989783626324164,0.8291724690613826,0.025680100185584743
2021-06-05 01:20:00,0.1297071129707113,-0.3067729083665339,0.6479523454951599,0.6404213533297625,0.44742249152608915,0.00011135857461024499,0.5,0.4454072295489695,0.21839790578925,0.18576113266317143,0.11989783626324164,0.8291724690613826,0.019305339710608507
2021-06-05 01:30:00,0.09483960948396096,0.019920318725099362,0.6485480268056589,0.6464916979110873,0.4342437607150803,0.00044543429844097997,0.5,0.4454072295489695,0.21839790578925,0.18576113266317143,0.11989783626324164,0.8291724690613826,0.0
2021-06-05 01:40:00,0.07322175732217574,0.8247011952191232,0.6485480268056589,0.6407784324227817,0.430945806232087,0.709576837416481,0.5,0.4454072295489695,0.21839790578925,0.18576113266317143,0.11989783626324164,0.8291724690613826,0.0
2021-06-05 01:50:00,0.07740585774058578,0.48605577689243007,0.6497393894266565,0.6272094268880557,0.430945806232087,0.9993318485523385,0.5,0.4454072295489695,0.21839790578925,0.18576113266317143,0.11989783626324164,0.8291724690613826,0.0
2021-06-05 02:00:00,0.0599721059972106,0.14741035856573692,0.6485480268056589,0.6257811105159794,0.430945806232087,0.9993318485523385,0.5,0.3975761642813094,0.2158433594726531,0.19921877427301588,0.13874650735465338,0.8416935795067995,0.0
2021-06-05 02:10:00,0.06345885634588563,-0.06879150066401063,0.6458674609084138,0.6164970540974826,0.430945806232087,0.9993318485523385,0.5,0.3975761642813094,0.2158433594726531,0.19921877427301588,0.13874650735465338,0.8416935795067995,0.0
2021-06-05 02:20:00,0.04602510460251046,-0.2849933598937584,0.645271779597915,0.6086413140510623,0.430945806232087,0.9993318485523385,0.5,0.3975761642813094,0.2158433594726531,0.19921877427301588,0.13874650735465338,0.8416935795067995,0.0
2021-06-05 02:30:00,0.0404463040446304,-0.501195219123506,0.6434847356664184,0.6000714158186038,0.430945806232087,0.9993318485523385,0.5,0.3975761642813094,0.2158433594726531,0.19921877427301588,0.13874650735465338,0.8416935795067995,0.0
2021-06-05 02:40:00,0.04184100418410042,-0.7173970783532537,0.6360387192851822,0.5925727548652027,0.430945806232087,0.9993318485523385,0.5,0.3975761642813094,0.2158433594726531,0.19921877427301588,0.13874650735465338,0.8416935795067995,0.0
2021-06-05 02:50:00,0.04741980474198048,-0.6159362549800798,0.627699180938198,0.5836457775397252,0.430945806232087,0.9993318485523385,0.5,0.3975761642813094,0.2158433594726531,0.19921877427301588,0.13874650735465338,0.8416935795067995,0.0
2021-06-05 03:00:00,0.09274755927475593,-0.5144754316069058,0.6148920327624718,0.576861274772362,0.430945806232087,0.9993318485523385,0.5,0.3814370712251891,0.21421408190065072,0.22213674950292034,0.1529492052296193,0.819322381924188,0.0
2021-06-05 03:10:00,0.09483960948396096,-0.4130146082337317,0.6107222635889797,0.5682913765399038,0.430945806232087,0.9993318485523385,0.5,0.3814370712251891,0.21421408190065072,0.22213674950292034,0.1529492052296193,0.819322381924188,0.0
2021-06-05 03:20:00,0.09205020920502092,-0.31155378486055774,0.6002978406552493,0.5600785574004641,0.430945806232087,0.9993318485523385,0.5,0.3814370712251891,0.21421408190065072,0.22213674950292034,0.1529492052296193,0.819322381924188,0.0
2021-06-05 03:30:00,0.11018131101813111,-0.21009296148738377,0.5946388682055099,0.5497232637029101,0.430945806232087,0.9993318485523385,0.5,0.3814370712251891,0.21421408190065072,0.22213674950292034,0.1529492052296193,0.819322381924188,0.0
2021-06-05 03:40:00,0.09762900976290097,-0.1086321381142098,0.5857036485480267,0.5443670773076237,0.430945806232087,0.9993318485523385,0.5,0.3814370712251891,0.21421408190065072,0.22213674950292034,0.1529492052296193,0.819322381924188,0.0
2021-06-05 03:50:00,0.07531380753138076,-0.007171314741035828,0.5794489947877883,0.5372254954472415,0.430945806232087,0.9993318485523385,0.5,0.3814370712251891,0.21421408190065072,0.22213674950292034,0.1529492052296193,0.819322381924188,0.0
2021-06-05 04:00:00,0.11436541143654114,0.09428950863213803,0.5725986597170512,0.532226388144974,0.430945806232087,0.9993318485523385,0.5,0.3979669624307465,0.21691805049898452,0.22897025536686885,0.18845082377731578,0.7948522203500087,0.0
2021-06-05 04:10:00,0.18619246861924685,0.195750332005312,0.5577066269545792,0.5232994108194964,0.430945806232087,0.9993318485523385,0.5,0.3979669624307465,0.21691805049898452,0.22897025536686885,0.18845082377731578,0.7948522203500087,0.0
2021-06-05 04:20:00,0.11297071129707113,0.29721115537848597,0.552941176470588,0.5150865916800571,0.430945806232087,0.9993318485523385,0.5,0.3979669624307465,0.21691805049898452,0.22897025536686885,0.18845082377731578,0.7948522203500087,0.0
2021-06-05 04:30:00,0.09274755927475593,0.39867197875165994,0.552941176470588,0.5147295125870381,0.430945806232087,0.9993318485523385,0.5,0.3979669624307465,0.21691805049898452,0.22897025536686885,0.18845082377731578,0.7948522203500087,0.0
2021-06-05 04:40:00,0.06555090655509065,0.5001328021248339,0.552941176470588,0.5147295125870381,0.430945806232087,0.9993318485523385,0.5,0.3979669624307465,0.21691805049898452,0.22897025536686885,0.18845082377731578,0.7948522203500087,0.0
2021-06-05 04:50:00,0.03695955369595537,0.6015936254980081,0.552941176470588,0.5129441171219424,0.430945806232087,0.9993318485523385,0.5,0.3979669624307465,0.21691805049898452,0.22897025536686885,0.18845082377731578,0.7948522203500087,0.0
2021-06-05 05:00:00,0.022315202231520222,0.03585657370517925,0.552941176470588,0.5079450098196749,0.430945806232087,0.9993318485523385,0.5,0.37967822940455065,0.20817684701744585,0.21840930196814254,0.19993046560535216,0.7920679892529521,0.0
2021-06-05 05:10:00,0.027894002789400282,0.024900398406374258,0.5499627699180936,0.5047312979825032,0.430945806232087,0.9993318485523385,0.5,0.37967822940455065,0.20817684701744585,0.21840930196814254,0.19993046560535216,0.7920679892529521,0.0
2021-06-05 05:20:00,0.029288702928870293,0.013944223107569709,0.5469843633655993,0.4993751115872165,0.430945806232087,0.9993318485523385,0.5,0.37967822940455065,0.20817684701744585,0.21840930196814254,0.19993046560535216,0.7920679892529521,0.0
2021-06-05 05:30:00,0.01882845188284519,0.0029880478087649376,0.5422189128816082,0.4929476879128727,0.430945806232087,0.9993318485523385,0.5,0.37967822940455065,0.20817684701744585,0.21840930196814254,0.19993046560535216,0.7920679892529521,0.0
2021-06-05 05:40:00,0.03486750348675035,-0.007968127490039945,0.5371556217423676,0.487591501517586,0.430945806232087,0.9993318485523385,0.5,0.37967822940455065,0.20817684701744585,0.21840930196814254,0.19993046560535216,0.7920679892529521,0.0
2021-06-05 05:50:00,0.05788005578800558,-0.018924302788844716,0.5347728965003722,0.48366363149437586,0.430945806232087,0.9993318485523385,0.5,0.37967822940455065,0.20817684701744585,0.21840930196814254,0.19993046560535216,0.7920679892529521,0.0
2021-06-05 06:00:00,0.03556485355648536,-0.029880478087649487,0.527922561429635,0.4783074450990894,0.430945806232087,0.9993318485523385,0.5,0.49897899522483824,0.2229236768225913,0.14659687324560586,0.31890859338643496,0.01882494393793494,0.0
2021-06-05 06:10:00,0.010460251046025104,-0.04083665338645426,0.5237527922561427,0.4750937332619174,0.430945806232087,0.9993318485523385,0.5,0.49897899522483824,0.2229236768225913,0.14659687324560586,0.31890859338643496,0.01882494393793494,0.0
2021-06-05 06:20:00,0.03277545327754532,-0.05179282868525903,0.5204765450483988,0.4686663095875736,0.430945806232087,0.9993318485523385,0.5,0.49897899522483824,0.2229236768225913,0.14659687324560586,0.31890859338643496,0.01882494393793494,0.0
2021-06-05 06:30:00,0.060669456066945605,-0.0627490039840638,0.5204765450483988,0.46652383502945916,0.430945806232087,0.9993318485523385,0.5,0.49897899522483824,0.2229236768225913,0.14659687324560586,0.31890859338643496,0.01882494393793494,0.0
2021-06-05 06:40:00,0.0801952580195258,-0.07370517928286857,0.5264333581533878,0.46509551865738263,0.430945806232087,0.9993318485523385,0.5,0.49897899522483824,0.2229236768225913,0.14659687324560586,0.31890859338643496,0.01882494393793494,0.0
2021-06-05 06:50:00,0.11227336122733612,-0.08466135458167345,0.5341772151898732,0.46509551865738263,0.430945806232087,0.9993318485523385,0.5,0.49897899522483824,0.2229236768225913,0.14659687324560586,0.31890859338643496,0.01882494393793494,0.0
2021-06-05 07:00:00,0.11506276150627615,-0.09561752988047811,0.5451973194341024,0.46509551865738263,0.430945806232087,0.9993318485523385,0.5,0.48935419413432535,0.2207570537374253,0.1357528707230193,0.257882424406467,0.077849996754359,0.0
2021-06-05 07:10:00,0.0899581589958159,-0.106573705179283,0.5451973194341024,0.46509551865738263,0.430945806232087,0.9993318485523385,0.5,0.48935419413432535,0.2207570537374253,0.1357528707230193,0.257882424406467,0.077849996754359,0.0
2021-06-05 07:20:00,0.4923291492329149,-0.11752988047808777,0.5419210722263585,0.46652383502945916,0.35589116750206123,0.9993318485523385,0.5,0.48935419413432535,0.2207570537374253,0.1357528707230193,0.257882424406467,0.077849996754359,0.0
2021-06-05 07:30:00,0.3800557880055788,-0.12848605577689243,0.5451973194341024,0.4861631851455097,0.158314902304642,0.5594654788418708,0.5,0.48935419413432535,0.2207570537374253,0.1357528707230193,0.257882424406467,0.077849996754359,0.0793789700801183
2021-06-05 07:40:00,0.2545327754532775,-0.1394422310756973,0.5559195830230825,0.5097304052847706,0.1279658687885252,0.00011135857461024499,0.5,0.48935419413432535,0.2207570537374253,0.1357528707230193,0.257882424406467,0.077849996754359,0.104199043408724
2021-06-05 07:50:00,0.08577405857740586,0.689243027888446,0.5764705882352941,0.5361542581681842,0.1279658687885252,0.4948775055679287,0.5,0.48935419413432535,0.2207570537374253,0.1357528707230193,0.257882424406467,0.077849996754359,0.0
2021-06-05 08:00:00,0.100418410041841,0.45418326693227073,0.5800446760982871,0.5407962863774327,0.1279658687885252,0.9995545657015591,0.5,0.47354076064388795,0.2424951222245518,0.13291248798277663,0.1013920107986366,0.16383898552865706,0.0
2021-06-05 08:10:00,0.14574616457461645,0.21912350597609542,0.5860014892032761,0.5293697554008212,0.1279658687885252,0.9995545657015591,0.5,0.47354076064388795,0.2424951222245518,0.13291248798277663,0.1013920107986366,0.16383898552865706,0.0
2021-06-05 08:20:00,0.2210599721059972,-0.01593625498007989,0.590766939687267,0.5257989644706302,0.1492062661135177,0.9462138084632516,0.5,0.47354076064388795,0.2424951222245518,0.13291248798277663,0.1013920107986366,0.16383898552865706,0.0
2021-06-05 08:30:00,0.21408647140864714,-0.2509960159362551,0.5979151154132538,0.545438314586681,0.2090274960411459,0.008129175946547884,0.5,0.47354076064388795,0.2424951222245518,0.13291248798277663,0.1013920107986366,0.16383898552865706,0.07035623217707501
2021-06-05 08:40:00,0.198744769874477,0.33864541832669315,0.6125093075204764,0.586859489376897,0.22009920037690908,0.00011135857461024499,0.5,0.47354076064388795,0.2424951222245518,0.13291248798277663,0.1013920107986366,0.16383898552865706,0.044683676086726916
2021-06-05 08:50:00,0.1317991631799163,0.14741035856573692,0.6279970215934472,0.6300660596322085,0.22625014723011083,0.00044543429844097997,0.5,0.47354076064388795,0.2424951222245518,0.13291248798277663,0.1013920107986366,0.16383898552865706,0.010878585331261221
2021-06-05 09:00:00,0.09832635983263598,-0.03585657370517936,0.6119136262099774,0.6272094268880557,0.2375181583803379,0.18608017817371938,0.5,0.4484526334432095,0.2586442226736799,0.11991099677549727,0.11790998799062631,0.5164243354158236,0.0
2021-06-05 09:10:00,0.16527196652719667,0.20318725099601576,0.6065524944154874,0.590073201214069,0.2411302037664734,0.9995545657015591,0.5,0.4484526334432095,0.2586442226736799,0.11991099677549727,0.11790998799062631,0.5164243354158236,0.0
2021-06-05 09:20:00,0.19177126917712692,0.0,0.6262099776619507,0.6143545795393681,0.26315582834932144,0.712249443207127,0.5,0.4484526334432095,0.2586442226736799,0.11991099677549727,0.11790998799062631,0.5164243354158236,0.0
2021-06-05 09:30:00,0.17224546722454673,-0.20318725099601598,0.6393149664929261,0.6286377432601322,0.29541558152622005,0.3261692650334076,0.5,0.4484526334432095,0.2586442226736799,0.11991099677549727,0.11790998799062631,0.5164243354158236,0.0
2021-06-05 09:40:00,0.17642956764295675,-0.12350597609561753,0.6497393894266565,0.642206748794858,0.297889047388465,0.03819599109131403,0.5,0.4484526334432095,0.2586442226736799,0.11991099677549727,0.11790998799062631,0.5164243354158236,0.01611418742550206
2021-06-05 09:50:00,0.12831241283124128,0.8565737051792826,0.6330603127326879,0.6364934833065523,0.32639279684862127,0.4187082405345212,0.5,0.4484526334432095,0.2586442226736799,0.11991099677549727,0.11790998799062631,0.5164243354158236,0.0
2021-06-05 10:00:00,0.15620641562064158,0.3227091633466135,0.6381236038719285,0.6325656132833424,0.3454999934564395,0.9992204899777284,0.5,0.6344189208074249,0.25754079659317103,0.06954207546784584,0.3608087101591202,0.6484769582584932,0.0
2021-06-05 10:10:00,0.4288702928870293,-0.21115537848605592,0.6485480268056589,0.634708087841457,0.34987109185850207,0.08407572383073497,0.5,0.6344189208074249,0.25754079659317103,0.06954207546784584,0.3608087101591202,0.6484769582584932,0.28969325708767746
2021-06-05 10:20:00,0.40794979079497906,0.003984063745019917,0.6247207743857035,0.5886448848419923,0.33598565651542317,0.00011135857461024499,0.5,0.6344189208074249,0.25754079659317103,0.06954207546784584,0.3608087101591202,0.6484769582584932,0.29147366356352883
2021-06-05 10:30:00,0.3410041841004184,0.19521912350597592,0.6116157855547282,0.5679342974468844,0.31123791077200924,0.00011135857461024499,0.5,0.6344189208074249,0.25754079659317103,0.06954207546784584,0.3608087101591202,0.6484769582584932,0.19430571691537035
2021-06-05 10:40:00,0.3396094839609484,-0.15537848605577698,0.6086373790022337,0.5647205856097126,0.326785410477549,0.00011135857461024499,0.5,0.6344189208074249,0.25754079659317103,0.06954207546784584,0.3608087101591202,0.6484769582584932,0.17964753987054333
2021-06-05 10:50:00,0.3772663877266388,0.08366533864541825,0.6062546537602382,0.5647205856097126,0.3244428158249467,0.00011135857461024499,0.5,0.6344189208074249,0.25754079659317103,0.06954207546784584,0.3608087101591202,0.6484769582584932,0.2425954705252199
2021-06-05 11:00:00,0.32566248256624825,0.3067729083665336,0.6065524944154874,0.5665059810748081,0.311983876666972,0.025055679287305125,0.5,0.6624547273501669,0.24926222748392962,0.11106469714187599,0.6222010255752193,0.7151391620061258,0.13538633311706927
2021-06-05 11:10:00,0.4630404463040446,0.07569721115537842,0.6101265822784807,0.5682913765399038,0.33910039130491687,0.04799554565701559,0.5,0.6624547273501669,0.24926222748392962,0.11106469714187599,0.6222010255752193,0.7151391620061258,0.2887653333735685
2021-06-05 11:20:00,0.5913528591352859,0.05179282868525892,0.6071481757259864,0.5643635065166934,0.35250160317231816,0.06692650334075724,0.5,0.6624547273501669,0.24926222748392962,0.11106469714187599,0.6222010255752193,0.7151391620061258,0.4160191318255202
2021-06-05 11:30:00,0.6080892608089261,-0.13147410358565736,0.604169769173492,0.5540082128191393,0.35620525840520345,0.07115812917594655,0.5,0.6624547273501669,0.24926222748392962,0.11106469714187599,0.6222010255752193,0.7151391620061258,0.4207870000150882
2021-06-05 11:40:00,0.6401673640167364,-0.14741035856573714,0.6017870439314965,0.549009105516872,0.3624085537422623,0.07271714922048998,0.5,0.6624547273501669,0.24926222748392962,0.11106469714187599,0.6222010255752193,0.7151391620061258,0.47217737676720434
2021-06-05 11:50:00,0.6352859135285913,0.1872509960159361,0.6032762472077438,0.5479378682378149,0.36459410294329353,0.05378619153674833,0.5,0.6624547273501669,0.24926222748392962,0.11106469714187599,0.6222010255752193,0.7151391620061258,0.5652866001780407
2021-06-05 12:00:00,0.703626220362622,-0.14741035856573714,0.6128071481757258,0.5607927155865025,0.3740560914004529,0.07516703786191536,0.5,0.6987799773399108,0.2374463732051377,0.14443076120050874,0.7990702403783629,0.7240977491295286,0.5682966941774673
2021-06-05 12:10:00,0.7287308228730822,0.12350597609561742,0.6259121370067011,0.5675772183538654,0.3600136106058029,0.08708240534521158,0.5,0.6987799773399108,0.2374463732051377,0.14443076120050874,0.7990702403783629,0.7240977491295286,0.5784812227469559
2021-06-05 12:20:00,0.7133891213389122,0.05179282868525892,0.6369322412509306,0.5772183538653812,0.3690960725549986,0.09933184855233854,0.5,0.6987799773399108,0.2374463732051377,0.14443076120050874,0.7990702403783629,0.7240977491295286,0.4604915732456206
2021-06-05 12:30:00,0.7364016736401674,-0.20318725099601598,0.6419955323901709,0.5879307266559544,0.3770661292222324,0.10011135857461025,0.5,0.6987799773399108,0.2374463732051377,0.14443076120050874,0.7990702403783629,0.7240977491295286,0.4922974787633719
2021-06-05 12:40:00,0.806136680613668,-0.05179282868525903,0.6503350707371554,0.5918585966791645,0.3738859588279174,0.1339643652561247,0.5,0.6987799773399108,0.2374463732051377,0.14443076120050874,0.7990702403783629,0.7240977491295286,0.4037599770659505
2021-06-05 12:50:00,0.8200836820083682,-0.06772908366533881,0.6562918838421443,0.5907873594001072,0.3729698603604193,0.1423162583518931,0.5,0.6987799773399108,0.2374463732051377,0.14443076120050874,0.7990702403783629,0.7240977491295286,0.39117642621120446
2021-06-05 13:00:00,0.8110181311018132,0.1633466135458166,0.665524944154877,0.5975718621674699,0.37833557995576556,0.13051224944320713,0.5,0.7734987023980537,0.22404434393561165,0.1296850685373272,0.9959894059251172,0.7183028719134903,0.4706308372436894
2021-06-05 13:10:00,0.8605299860529986,-0.0916334661354582,0.6774385703648547,0.6039992858418142,0.3723547656750991,0.13552338530066815,0.5,0.7734987023980537,0.22404434393561165,0.1296850685373272,0.9959894059251172,0.7183028719134903,0.5136321800926416
2021-06-05 13:20:00,0.8633193863319387,0.027888446215139417,0.6813104988830974,0.6079271558650241,0.3798144246247268,0.13697104677060135,0.5,0.7734987023980537,0.22404434393561165,0.1296850685373272,0.9959894059251172,0.7183028719134903,0.4657196312446249
2021-06-05 13:30:00,0.9065550906555091,-0.10756972111553798,0.6875651526433355,0.6079271558650241,0.3882163562837811,0.14977728285077951,0.5,0.7734987023980537,0.22404434393561165,0.1296850685373272,0.9959894059251172,0.7183028719134903,0.44307980143941345
2021-06-05 13:40:00,0.9651324965132496,0.19521912350597592,0.6914370811615784,0.6089983931440812,0.3700514323853895,0.15846325167037864,0.5,0.7734987023980537,0.22404434393561165,0.1296850685373272,0.9959894059251172,0.7183028719134903,0.5140018407592378
2021-06-05 13:50:00,0.9121338912133892,0.10756972111553775,0.6962025316455693,0.6111408677021961,0.37228933007027787,0.15824053452115813,0.5,0.7734987023980537,0.22404434393561165,0.1296850685373272,0.9959894059251172,0.7183028719134903,0.4708571601007891
2021-06-05 14:00:00,0.902370990237099,0.03585657370517925,0.6973938942665674,0.6111408677021961,0.3806781746083679,0.1566815144766147,0.5,0.7802002719610917,0.1977402753392879,0.11468841072355447,0.9945451364012954,0.71001564440722,0.43350634458409404
2021-06-05 14:10:00,0.9309623430962343,-0.15537848605577698,0.6976917349218166,0.6154258168184252,0.3735326065618825,0.16893095768374164,0.5,0.7802002719610917,0.1977402753392879,0.11468841072355447,0.9931008668774738,0.71001564440722,0.4106024714455995
2021-06-05 14:20:00,0.8465829846582985,0.06772908366533859,0.6908413998510794,0.6075700767720049,0.374265485335881,0.1425389755011136,0.5,0.7802002719610917,0.1977402753392879,0.11468841072355447,0.991656597353652,0.71001564440722,0.45918644476967874
2021-06-05 14:30:00,0.8207810320781032,0.043824701195219085,0.692628443782576,0.6129262631672916,0.38179057989032994,0.12494432071269489,0.5,0.7802002719610917,0.1977402753392879,0.11468841072355447,0.9902123278298304,0.71001564440722,0.5147411620924303
2021-06-05 14:40:00,0.9351464435146444,-0.01195219123505975,0.6973938942665674,0.6193536868416356,0.3881247464370314,0.14610244988864143,0.5,0.7802002719610917,0.1977402753392879,0.11468841072355447,0.9887681487141166,0.71001564440722,0.49103761485885
2021-06-05 14:50:00,0.9156206415620642,-0.15537848605577698,0.6976917349218166,0.6182824495625783,0.3810707882372957,0.13329621380846327,0.5,0.7802002719610917,0.1977402753392879,0.11468841072355447,0.9873238791902947,0.71001564440722,0.5412360245635741
2021-06-05 15:00:00,0.8347280334728034,-0.09960159362549814,0.698585256887565,0.6222103195857882,0.3774849170930887,0.12472160356347438,0.5,0.7684338356419786,0.17821480602401632,0.10953443111247564,0.9858796096664731,0.7217599042270721,0.5118517736167901
2021-06-05 15:10:00,0.8110181311018132,-0.12350597609561753,0.7057334326135516,0.634708087841457,0.38197379958382954,0.11302895322939867,0.5,0.7684338356419786,0.17821480602401632,0.10953443111247564,0.9844353401426513,0.7217599042270721,0.5412284804683374
2021-06-05 15:20:00,0.8089260808926081,-0.11553784860557781,0.7096053611317943,0.6436350651669345,0.3873918676630328,0.11169265033407572,0.5,0.7684338356419786,0.17821480602401632,0.10953443111247564,0.9829910706188297,0.7217599042270721,0.5400968661828387
2021-06-05 15:30:00,0.8563458856345886,0.3067729083665336,0.7161578555472821,0.6525620424924121,0.39770451898286896,0.11536748329621381,0.5,0.7684338356419786,0.17821480602401632,0.10953443111247564,0.9815468010950079,0.7217599042270721,0.5668331397015556
2021-06-05 15:40:00,0.7538354253835425,-0.08366533864541836,0.7152643335815336,0.6575611497946796,0.4022326628365026,0.09821826280623609,0.5,0.7684338356419786,0.17821480602401632,0.10953443111247564,0.9801025315711862,0.7217599042270721,0.5481388717051164
2021-06-05 15:50:00,0.691771269177127,0.15537848605577675,0.7212211466865226,0.6657739689341189,0.39774378034576174,0.0678173719376392,0.5,0.7684338356419786,0.17821480602401632,0.10953443111247564,0.9786582620473645,0.7217599042270721,0.5814460521749627
2021-06-05 16:00:00,0.6213389121338913,-0.17131474103585675,0.7265822784810125,0.6861274772362078,0.39873840153904544,0.05200445434298441,0.5,0.710310240432416,0.16147088995336134,0.16889307882753243,0.9772140829316507,0.7757909271920224,0.5202257193294808
2021-06-05 16:10:00,0.7029288702928871,-0.08366533864541836,0.734921816827997,0.704695590073201,0.3894072842915287,0.04498886414253898,0.5,0.710310240432416,0.16147088995336134,0.16889307882753243,0.975769813407829,0.7757909271920224,0.7035472335802768
2021-06-05 16:20:00,0.701534170153417,0.2669322709163344,0.739091586001489,0.7186216747009462,0.3821701063982934,0.07516703786191536,0.5,0.710310240432416,0.16147088995336134,0.16889307882753243,0.9743255438840073,0.7757909271920224,0.5451514099913998
2021-06-05 16:30:00,0.8284518828451883,0.09163346613545809,0.7441548771407294,0.7193358328869845,0.40329271963460755,0.10902004454342984,0.5,0.710310240432416,0.16147088995336134,0.16889307882753243,0.9728812743601856,0.7757909271920224,0.5796128370324547
2021-06-05 16:40:00,0.703626220362622,-0.02788844621513953,0.7346239761727476,0.7111230137475453,0.4429074347934198,0.06180400890868597,0.5,0.710310240432416,0.16147088995336134,0.16889307882753243,0.971437004836364,0.7757909271920224,0.6221615341672074
2021-06-05 16:50:00,0.9065550906555091,-0.24302788844621515,0.7280714817572596,0.7107659346545259,0.4150187800185837,0.09220489977728284,0.5,0.710310240432416,0.16147088995336134,0.16889307882753243,0.9699927353125422,0.7757909271920224,0.8237925675573728
2021-06-05 17:00:00,0.6562064156206415,-0.019920318725099695,0.7206254653760236,0.7071951437243349,0.41530669667979747,0.03652561247216036,0.5,0.7086979520869527,0.17323502113463138,0.18530802579957256,0.9685484657887206,0.8227874700218845,0.6843022466315616
2021-06-05 17:10:00,0.9184100418410042,0.25099601593625476,0.7191362620997765,0.7082663810033922,0.4439413173495963,0.08830734966592428,0.5,0.7086979520869527,0.17323502113463138,0.18530802579957256,0.9671041962648987,0.8227874700218845,0.932427538965252
2021-06-05 17:20:00,0.9086471408647141,-0.019920318725099695,0.7096053611317943,0.6954115336547044,0.4555495936448941,0.1688195991091314,0.5,0.7086979520869527,0.17323502113463138,0.18530802579957256,0.9656599267410771,0.8227874700218845,0.6821597235843505
2021-06-05 17:30:00,0.898884239888424,0.08366533864541825,0.7006701414743111,0.6732726298875202,0.4555495936448941,0.18596881959910913,0.5,0.7086979520869527,0.17323502113463138,0.18530802579957256,0.9642157476253633,0.8227874700218845,0.693121293963215
2021-06-05 17:40:00,0.8891213389121339,0.05179282868525892,0.6923306031273266,0.6514908052133548,0.4579314496603892,0.1985523385300668,0.5,0.7086979520869527,0.17323502113463138,0.18530802579957256,0.9627714781015415,0.8227874700218845,0.6732501471098571
2021-06-05 17:50:00,0.8793585076708508,0.15537848605577675,0.6789277736411017,0.6247098732369221,0.45031474525919046,0.1870824053452116,0.5,0.7086979520869527,0.17323502113463138,0.18530802579957256,0.9613272085777199,0.8227874700218845,0.6448466285438388
2021-06-05 18:00:00,0.8695955369595537,-0.1394422310756973,0.6616530156366343,0.6114979467952151,0.4530368664197563,0.17260579064587975,0.5,0.5916852749111723,0.20835500435336016,0.32873340462823364,0.9598829390538981,0.8190209187050562,0.7801726088990149
2021-06-05 18:10:00,0.8598326359832636,-0.5378486055776892,0.650037230081906,0.5950723085163365,0.4530368664197563,0.17383073496659243,0.5,0.5916852749111723,0.20835500435336016,0.32873340462823364,0.9584386695300764,0.8190209187050562,0.7715497080435144
2021-06-05 18:20:00,0.8500698047419806,-0.4820717131474104,0.6399106478034249,0.5782895911444383,0.4530368664197563,0.1526726057906459,0.5,0.5916852749111723,0.20835500435336016,0.32873340462823364,0.9569944000062547,0.8190209187050562,0.7588077311887986
2021-06-05 18:30:00,0.8403068340306835,-0.23505976095617542,0.6324646314221889,0.5718621674700946,0.4530368664197563,0.16391982182628065,0.5,0.5916852749111723,0.20835500435336016,0.32873340462823364,0.955550130482433,0.8190209187050562,0.7231769693860616
2021-06-05 18:40:00,0.8305440027894002,-0.3067729083665339,0.6232315711094563,0.5654347437957508,0.45023622253340484,0.1548997772828508,0.5,0.5916852749111723,0.20835500435336016,0.32873340462823364,0.9541058609586112,0.8190209187050562,0.6912579024397604
2021-06-05 18:50:00,0.8207810320781032,-0.2973107569721116,0.6169769173492181,0.5625781110515979,0.44994830587219115,0.7082405345211582,0.5,0.5916852749111723,0.20835500435336016,0.32873340462823364,0.9526615914347896,0.8190209187050562,0.26651779652066326
2021-06-05 19:00:00,0.990934449093445,-0.2878486055776893,0.6336559940431867,0.5647205856097126,0.4530368664197563,0.9992204899777284,0.5,0.5099148395566304,0.24445772642504254,0.39484579212349874,0.9512174123190758,0.8029300769406632,0.0
2021-06-05 19:10:00,0.9883774755927476,-0.27838645418326713,0.6202531645569618,0.5329405463310124,0.4530368664197563,0.9992204899777284,0.5,0.5099148395566304,0.24445772642504254,0.39484579212349874,0.9497731427952539,0.8029300769406632,0.0
2021-06-05 19:20:00,0.9858205020920502,-0.2689243027888446,0.596128071481757,0.487591501517586,0.4530368664197563,0.9992204899777284,0.5,0.5099148395566304,0.24445772642504254,0.39484579212349874,0.9483288732714323,0.8029300769406632,0.0
2021-06-05 19:30:00,0.9832635983263598,-0.2594621513944224,0.5630677587490691,0.4643813604713445,0.4530368664197563,0.9992204899777284,0.5,0.5099148395566304,0.24445772642504254,0.39484579212349874,0.9468846037476107,0.8029300769406632,0.0
2021-06-05 19:40:00,0.9807066596931661,-0.2500000000000001,0.5544303797468353,0.44688448491340815,0.4530368664197563,0.9992204899777284,0.5,0.5099148395566304,0.24445772642504254,0.39484579212349874,0.9454403342237889,0.8029300769406632,0.0
2021-06-05 19:50:00,0.9781497210599721,-0.2405378486055777,0.5505584512285924,0.439385823960007,0.4530368664197563,0.9992204899777284,0.5,0.5099148395566304,0.24445772642504254,0.39484579212349874,0.9439960646999673,0.8029300769406632,0.0
2021-06-05 20:00:00,0.9755927475592748,-0.2310756972111555,0.5422189128816082,0.42617389751830026,0.4530368664197563,0.9992204899777284,0.5,0.4806250235556193,0.27423011606088343,0.4551985357534034,0.9425517951761455,0.795138164979536,0.0
2021-06-05 20:10:00,0.9730358437935844,-0.2216135458167331,0.5338793745346238,0.4254597393322621,0.4530368664197563,0.9992204899777284,0.5,0.4806250235556193,0.27423011606088343,0.4551985357534034,0.9411075256523238,0.795138164979536,0.0
2021-06-05 20:20:00,0.970478870292887,-0.2121513944223109,0.5210722263588978,0.4272451347973576,0.4530368664197563,0.9992204899777284,0.5,0.4806250235556193,0.27423011606088343,0.4551985357534034,0.9396633465366101,0.795138164979536,0.0
2021-06-05 20:30:00,0.9679218967921898,-0.2026892430278885,0.5169024571854057,0.4229601856811285,0.4530368664197563,0.9992204899777284,0.5,0.4806250235556193,0.27423011606088343,0.4551985357534034,0.9382190770127883,0.795138164979536,0.0
2021-06-05 20:40:00,0.9839610181311018,-0.19322709163346619,0.5073715562174235,0.41867523656489913,0.4530368664197563,0.9992204899777284,0.5,0.4806250235556193,0.27423011606088343,0.4551985357534034,0.9367748074889666,0.795138164979536,0.0
2021-06-05 20:50:00,1.0,-0.183764940239044,0.5023082650781829,0.41439028744867,0.4530368664197563,0.9992204899777284,0.5,0.4806250235556193,0.27423011606088343,0.4551985357534034,0.9353305379651449,0.795138164979536,0.0
2021-06-05 21:00:00,0.9205020920502092,-0.17430278884462147,0.49903201787043905,0.40724870558828763,0.4530368664197563,0.9992204899777284,0.5,0.4772945508055939,0.27892542391388536,0.4753680684826703,0.9338862684413232,0.7694648642257581,0.0
2021-06-05 21:10:00,0.7461645746164575,-0.16484063745019928,0.4802680565897244,0.4158186038207463,0.38523249270393006,0.479064587973274,0.5,0.4772945508055939,0.27892542391388536,0.4753680684826703,0.9338862684413232,0.7694648642257581,0.5003394842856497
2021-06-05 21:20:00,0.7489539748953975,-0.15537848605577698,0.43291139240506316,0.42010355293697543,0.3640182696208661,0.009242761692650333,0.5,0.4772945508055939,0.27892542391388536,0.4753680684826703,0.9338862684413232,0.7694648642257581,0.6802661556799493
2021-06-05 21:30:00,0.6506276150627616,-0.09960159362549814,0.4156366344005955,0.4033208355650777,0.36367800447579535,0.00022271714922048998,0.5,0.4772945508055939,0.27892542391388536,0.4753680684826703,0.9338862684413232,0.7694648642257581,0.860192827074249
2021-06-05 21:40:00,0.5864714086471409,0.17131474103585642,0.4072970960536113,0.3983217282628102,0.3674209210715735,0.00022271714922048998,0.5,0.4772945508055939,0.27892542391388536,0.4753680684826703,0.9338862684413232,0.7694648642257581,0.7289557463373417
2021-06-05 21:50:00,0.5550906555090656,0.22709163346613526,0.4043186895011168,0.4033208355650777,0.37721008755283925,0.00022271714922048998,0.5,0.4772945508055939,0.27892542391388536,0.4753680684826703,0.9338862684413232,0.7694648642257581,0.6071487846462573
2021-06-05 22:00:00,0.5732217573221757,-0.043824701195219196,0.4034251675353684,0.404749151937154,0.38622711389721376,0.00022271714922048998,0.5,0.4361977077755723,0.2953877364535781,0.5269234627306606,0.8289309535229028,0.7325718752176319,0.6490185132097107
2021-06-05 22:10:00,0.48117154811715485,-0.21912350597609564,0.3989575577066269,0.40724870558828763,0.3844472654460745,0.00011135857461024499,0.5,0.4361977077755723,0.2953877364535781,0.5269234627306606,0.8289309535229028,0.7325718752176319,0.4463162182959398
2021-06-05 22:20:00,0.45327754532775455,-0.09960159362549814,0.39806403574087845,0.4126048919835743,0.3739513944327387,0.00011135857461024499,0.5,0.4361977077755723,0.2953877364535781,0.5269234627306606,0.8289309535229028,0.7325718752176319,0.4041749023039667
2021-06-05 22:30:00,0.4818688981868898,0.13147410358565725,0.39806403574087845,0.4122478128905551,0.3685987619583567,0.00022271714922048998,0.5,0.4361977077755723,0.2953877364535781,0.5269234627306606,0.8289309535229028,0.7325718752176319,0.44221223048719766
2021-06-05 22:40:00,0.4895397489539749,-0.17928286852589637,0.39806403574087845,0.41510444563470794,0.36814071272460774,0.00011135857461024499,0.5,0.4361977077755723,0.2953877364535781,0.5269234627306606,0.8289309535229028,0.7325718752176319,0.44446037086772183
2021-06-05 22:50:00,0.502092050209205,-0.05179282868525903,0.39806403574087845,0.40117836100696325,0.3638219628064022,0.00011135857461024499,0.5,0.4361977077755723,0.2953877364535781,0.5269234627306606,0.8289309535229028,0.7325718752176319,0.47210947991007435
2021-06-05 23:00:00,0.4302649930264993,-0.1394422310756973,0.3968726731198806,0.3954650955186574,0.3638219628064022,0.00011135857461024499,0.5,0.4139595687178703,0.3033933225481108,0.5563377450698791,0.7816606222629466,0.6973305311905212,0.34655310288637087
2021-06-05 23:10:00,0.39191073919107394,-0.14741035856573714,0.39419210722263576,0.39760757007677205,0.35627069401002476,0.00011135857461024499,0.5,0.4139595687178703,0.3033933225481108,0.5563377450698791,0.7816606222629466,0.6973305311905212,0.2604221675694434
2021-06-05 23:20:00,0.3326359832635983,0.3067729083665336,0.39002233804914366,0.38689519728619914,0.3525408645352109,0.00011135857461024499,0.5,0.4139595687178703,0.3033933225481108,0.5563377450698791,0.7816606222629466,0.6973305311905212,0.1746835252048222
2021-06-05 23:30:00,0.2796373779637378,0.08366533864541825,0.3894266567386446,0.372969112658454,0.3640313567418303,0.00011135857461024499,0.5,0.4139595687178703,0.3033933225481108,0.5563377450698791,0.7816606222629466,0.6973305311905212,0.12525461321423723
2021-06-05 23:40:00,0.4177126917712692,-0.19521912350597614,0.3876396128071482,0.369755400821282,0.35886194396094806,0.00011135857461024499,0.5,0.4139595687178703,0.3033933225481108,0.5563377450698791,0.7816606222629466,0.6973305311905212,0.2973656019433589
2021-06-05 23:50:00,0.4330543933054393,0.01195219123505975,0.3846612062546535,0.36225673986788065,0.36367800447579535,0.00011135857461024499,0.5,0.4139595687178703,0.3033933225481108,0.5563377450698791,0.7816606222629466,0.6973305311905212,0.3355538120313231
2021-06-06 00:00:00,0.4776847977684798,-0.10756972111553798,0.3804914370811614,0.3519014461703267,0.3636910915967596,0.00011135857461024499,0.5,0.42374726629740334,0.30876965118517613,0.5505479194431034,0.7373997056909062,0.6797483159525857,0.40971981230291055
2021-06-06 00:10:00,0.45188284518828453,0.12350597609561742,0.3804914370811614,0.34475986430994454,0.3674209210715735,0.00011135857461024499,0.5,0.42374726629740334,0.30876965118517613,0.5505479194431034,0.7373997056909062,0.6797483159525857,0.3741644914525401
2021-06-06 00:20:00,0.45536959553695955,0.027888446215139417,0.3828741623231571,0.34475986430994454,0.37520775804530765,0.00011135857461024499,0.5,0.42374726629740334,0.30876965118517613,0.5505479194431034,0.7373997056909062,0.6797483159525857,0.37423238830967004
2021-06-06 00:30:00,0.38772663877266383,0.1633466135458166,0.38644825018615014,0.34333154793786824,0.37385978458598895,0.00011135857461024499,0.5,0.42374726629740334,0.30876965118517613,0.5505479194431034,0.7373997056909062,0.6797483159525857,0.28404272975542044
2021-06-06 00:40:00,0.38772663877266383,0.003984063745019917,0.388235294117647,0.34333154793786824,0.37385978458598895,0.00011135857461024499,0.5,0.42374726629740334,0.30876965118517613,0.5505479194431034,0.7373997056909062,0.6797483159525857,0.2702747559485191
2021-06-06 00:50:00,0.4602510460251046,0.14741035856573692,0.3894266567386446,0.34297446884484906,0.38385834500268284,0.00011135857461024499,0.5,0.42374726629740334,0.30876965118517613,0.5505479194431034,0.7373997056909062,0.6797483159525857,0.37480573954765606
2021-06-06 01:00:00,0.4435146443514645,-0.05179282868525903,0.38644825018615014,0.3404749151937154,0.41569931030872515,0.00011135857461024499,0.5,0.3667392318716787,0.3023329990488702,0.6411449438511446,0.6910823120515378,0.6810457101126611,0.360170194788539
2021-06-06 01:10:00,0.6806136680613668,0.20318725099601576,0.3846612062546535,0.33547580789144793,0.43442698040857997,0.0026726057906458797,0.5,0.3667392318716787,0.3023329990488702,0.6411449438511446,0.6910823120515378,0.6810457101126611,0.9155815743017941
2021-06-06 01:20:00,0.6555090655509066,0.03585657370517925,0.3804914370811614,0.3233351187287985,0.4409051052858881,0.00011135857461024499,0.5,0.3667392318716787,0.3023329990488702,0.6411449438511446,0.6910823120515378,0.6810457101126611,0.8247129471762452
2021-06-06 01:30:00,0.4916317991631799,0.10756972111553775,0.3769173492181681,0.3261917514729513,0.4337333629974742,0.00011135857461024499,0.5,0.3667392318716787,0.3023329990488702,0.6411449438511446,0.6910823120515378,0.6810457101126611,0.47306758000513005
2021-06-06 01:40:00,0.4100418410041841,0.09960159362549792,0.3739389426656736,0.3344045706123906,0.4267841017654526,0.00011135857461024499,0.5,0.3667392318716787,0.3023329990488702,0.6411449438511446,0.6910823120515378,0.6810457101126611,0.2859664740407683
2021-06-06 01:50:00,0.3103207810320781,0.43426294820717115,0.37155621742367817,0.3361899660774863,0.43392966981193815,0.00011135857461024499,0.5,0.3667392318716787,0.3023329990488702,0.6411449438511446,0.6910823120515378,0.6810457101126611,0.14889780768592423
2021-06-06 02:00:00,0.3577405857740586,-0.2589641434262948,0.3685778108711839,0.3344045706123906,0.447618798340553,0.00011135857461024499,0.5,0.3625537860259227,0.29532164582896536,0.6565474068604158,0.6378657129631568,0.6930492027367522,0.2010199616759962
2021-06-06 02:10:00,0.3138075313807531,-0.29083665338645437,0.3676842889054355,0.33083377968219985,0.44763188546151733,0.00011135857461024499,0.5,0.3625537860259227,0.29532164582896536,0.6565474068604158,0.6378657129631568,0.6930492027367522,0.15484255473241096
2021-06-06 02:20:00,0.199442119944212,-0.19521912350597614,0.3655994043186892,0.3233351187287985,0.44763188546151733,0.00011135857461024499,0.5,0.3625537860259227,0.29532164582896536,0.6565474068604158,0.6378657129631568,0.6930492027367522,0.06388339846402222
2021-06-06 02:30:00,0.10808926080892609,-0.3227091633466136,0.3641102010424422,0.324763435100875,0.44487050293805863,0.000556792873051225,0.5,0.3625537860259227,0.29532164582896536,0.6565474068604158,0.6378657129631568,0.6930492027367522,0.005235602094240838
2021-06-06 02:40:00,0.08437935843793584,-0.46414342629482075,0.36262099776619494,0.3215497232637028,0.42942770020023296,0.2826280623608018,0.5,0.3625537860259227,0.29532164582896536,0.6565474068604158,0.6378657129631568,0.6930492027367522,0.0
2021-06-06 02:50:00,0.07880055788005579,-0.6055776892430278,0.37513030528667146,0.31726477414747367,0.4256455222415621,0.9992204899777284,0.5,0.3625537860259227,0.29532164582896536,0.6565474068604158,0.6378657129631568,0.6930492027367522,0.0
2021-06-06 03:00:00,0.08507670850767085,-0.7470119521912351,0.39478778853313456,0.34368862703088743,0.4256455222415621,0.9992204899777284,0.5,0.3461459671278617,0.27539388575517204,0.6986887546434577,0.5588186676093995,0.6956131239352936,0.0
2021-06-06 03:10:00,0.08716875871687588,-0.656374501992032,0.40282948622486936,0.3540439207284414,0.4256455222415621,0.9992204899777284,0.5,0.3461459671278617,0.27539388575517204,0.6986887546434577,0.5588186676093995,0.6956131239352936,0.0
2021-06-06 03:20:00,0.08926080892608089,-0.5657370517928286,0.40521221146686504,0.3540439207284414,0.4256455222415621,0.9992204899777284,0.5,0.3461459671278617,0.27539388575517204,0.6986887546434577,0.5588186676093995,0.6956131239352936,0.0
2021-06-06 03:30:00,0.08786610878661089,-0.4750996015936255,0.4046165301563662,0.3486877343331549,0.4256455222415621,0.9992204899777284,0.5,0.3461459671278617,0.27539388575517204,0.6986887546434577,0.5588186676093995,0.6956131239352936,0.0
2021-06-06 03:40:00,0.08926080892608089,-0.3844621513944224,0.4025316455696202,0.34333154793786824,0.4256455222415621,0.9992204899777284,0.5,0.3461459671278617,0.27539388575517204,0.6986887546434577,0.5588186676093995,0.6956131239352936,0.0
2021-06-06 03:50:00,0.09065550906555091,-0.2938247011952191,0.3962769918093818,0.33726120335654364,0.4256455222415621,0.9992204899777284,0.5,0.3461459671278617,0.27539388575517204,0.6986887546434577,0.5588186676093995,0.6956131239352936,0.0
2021-06-06 04:00:00,0.100418410041841,-0.20318725099601598,0.3915115413253907,0.3347616497054098,0.4256455222415621,0.9992204899777284,0.5,0.2944307344717185,0.2694974526374462,0.7894000385768565,0.4529617849573044,0.6985528351947338,0.0
2021-06-06 04:10:00,0.06485355648535565,-0.21576850492765787,0.3921072226358895,0.3329762542403143,0.4256455222415621,0.9992204899777284,0.5,0.2944307344717185,0.2694974526374462,0.7894000385768565,0.4529617849573044,0.6985528351947338,0.0
2021-06-06 04:20:00,0.07043235704323571,-0.22834975885929965,0.39061801935964247,0.3279771469380468,0.4256455222415621,0.9992204899777284,0.5,0.2944307344717185,0.2694974526374462,0.7894000385768565,0.4529617849573044,0.6985528351947338,0.0
2021-06-06 04:30:00,0.06485355648535565,-0.24093101279094153,0.388235294117647,0.32547759328691295,0.4256455222415621,0.9992204899777284,0.5,0.2944307344717185,0.2694974526374462,0.7894000385768565,0.4529617849573044,0.6985528351947338,0.0
2021-06-06 04:40:00,0.09065550906555091,-0.2535122667225834,0.3879374534623974,0.3233351187287985,0.4256455222415621,0.9992204899777284,0.5,0.2944307344717185,0.2694974526374462,0.7894000385768565,0.4529617849573044,0.6985528351947338,0.0
2021-06-06 04:50:00,0.08507670850767085,-0.2660935206542253,0.3918093819806401,0.32226388144974116,0.4256455222415621,0.9992204899777284,0.5,0.2944307344717185,0.2694974526374462,0.7894000385768565,0.4529617849573044,0.6985528351947338,0.0
2021-06-06 05:00:00,0.07322175732217574,-0.2786747745858671,0.3894266567386446,0.32226388144974116,0.4256455222415621,0.9992204899777284,0.5,0.2873057807908219,0.2563741533934659,0.7948409985496269,0.3519314114723354,0.7174236677310624,0.0
2021-06-06 05:10:00,0.045327754532775454,-0.29125602851750887,0.38644825018615014,0.3215497232637028,0.4256455222415621,0.9992204899777284,0.5,0.2873057807908219,0.2563741533934659,0.7948409985496269,0.3519314114723354,0.7174236677310624,0.0
2021-06-06 05:20:00,0.07531380753138076,-0.30383728244915087,0.3793000744601638,0.3158364577753974,0.4256455222415621,0.9992204899777284,0.5,0.2873057807908219,0.2563741533934659,0.7948409985496269,0.3519314114723354,0.7174236677310624,0.0
2021-06-06 05:30:00,0.04741980474198048,-0.31641853638079276,0.3793000744601638,0.3144081414033211,0.4256455222415621,0.9992204899777284,0.5,0.2873057807908219,0.2563741533934659,0.7948409985496269,0.3519314114723354,0.7174236677310624,0.0
2021-06-06 05:40:00,0.024407252440725242,-0.32899979031243454,0.37840655249441535,0.3094090341010536,0.4256455222415621,0.9992204899777284,0.5,0.2873057807908219,0.2563741533934659,0.7948409985496269,0.3519314114723354,0.7174236677310624,0.0
2021-06-06 05:50:00,0.03138075313807531,-0.3415810442440763,0.37513030528667146,0.3076236386359579,0.4256455222415621,0.9992204899777284,0.5,0.2873057807908219,0.2563741533934659,0.7948409985496269,0.3519314114723354,0.7174236677310624,0.0
2021-06-06 06:00:00,0.0404463040446304,-0.3541622981757183,0.37066269545792974,0.3076236386359579,0.4256455222415621,0.9992204899777284,0.5,0.26630537488372275,0.2844310602947638,0.6710642000305115,0.3511525817859558,0.8995441539623861,0.0
2021-06-06 06:10:00,0.07880055788005579,-0.3667435521073601,0.3688756515264331,0.3076236386359579,0.4256455222415621,0.9992204899777284,0.5,0.26630537488372275,0.2844310602947638,0.6710642000305115,0.3511525817859558,0.8995441539623861,0.0
2021-06-06 06:20:00,0.08507670850767085,-0.37932480603900187,0.37155621742367817,0.3044099267987861,0.4256455222415621,0.9992204899777284,0.5,0.26630537488372275,0.2844310602947638,0.6710642000305115,0.3511525817859558,0.8995441539623861,0.0
2021-06-06 06:30:00,0.0801952580195258,-0.39190605997064376,0.37155621742367817,0.3044099267987861,0.4256455222415621,0.9992204899777284,0.5,0.26630537488372275,0.2844310602947638,0.6710642000305115,0.3511525817859558,0.8995441539623861,0.0
2021-06-06 06:40:00,0.08298465829846582,-0.40448731390228565,0.37036485480268033,0.3044099267987861,0.4256455222415621,0.9992204899777284,0.5,0.26630537488372275,0.2844310602947638,0.6710642000305115,0.3511525817859558,0.8995441539623861,0.0
2021-06-06 06:50:00,0.10599721059972106,-0.41706856783392743,0.37036485480268033,0.30298161042670957,0.4256455222415621,0.9992204899777284,0.5,0.26630537488372275,0.2844310602947638,0.6710642000305115,0.3511525817859558,0.8995441539623861,0.0
2021-06-06 07:00:00,0.14783821478382148,-0.4296498217655693,0.37542814594192087,0.29726834493840393,0.4256455222415621,0.9992204899777284,0.5,0.279944653883317,0.2819540986244539,0.6316838493463429,0.3773640439812973,0.8982303511890255,0.0
2021-06-06 07:10:00,0.22733612273361226,-0.4422310756972112,0.3766195085629187,0.2961971076593466,0.4080040831817408,0.48585746102449895,0.5,0.279944653883317,0.2819540986244539,0.6316838493463429,0.3773640439812973,0.8982303511890255,0.021289436757849632
2021-06-06 07:20:00,0.1882845188284519,0.5219123505976095,0.3843633655994041,0.3133369041242635,0.4027823219170015,0.00011135857461024499,0.5,0.279944653883317,0.2819540986244539,0.6316838493463429,0.3773640439812973,0.8982303511890255,0.05942483817915717
2021-06-06 07:30:00,0.2894002789400279,-0.06772908366533881,0.3950856291883842,0.3490448134261739,0.4225831359359254,0.00011135857461024499,0.5,0.279944653883317,0.2819540986244539,0.6316838493463429,0.3773640439812973,0.8982303511890255,0.12590340540458983
2021-06-06 07:40:00,0.24058577405857742,-0.5458167330677292,0.40193596425912137,0.3586859489376897,0.4183036473806127,0.00011135857461024499,0.5,0.279944653883317,0.2819540986244539,0.6316838493463429,0.3773640439812973,0.8982303511890255,0.08669674245967682
2021-06-06 07:50:00,0.21199442119944212,0.36254980079681287,0.4114668652271034,0.37868237814675965,0.40054442423211317,0.00011135857461024499,0.5,0.279944653883317,0.2819540986244539,0.6316838493463429,0.3773640439812973,0.8982303511890255,0.06477360170194789
2021-06-06 08:00:00,0.2712691771269177,0.043824701195219085,0.4078927773641099,0.38939475093733256,0.4041826438601772,0.00011135857461024499,0.5,0.3083713252816751,0.2768593735183509,0.586955747070245,0.3677839307452615,0.8853876798839108,0.11319914902605732
2021-06-06 08:10:00,0.25313807531380755,0.5298804780876492,0.37542814594192087,0.3440457061239066,0.42800120401512876,0.00011135857461024499,0.5,0.3083713252816751,0.2768593735183509,0.586955747070245,0.3677839307452615,0.8853876798839108,0.11661662416826352
2021-06-06 08:20:00,0.3528591352859135,0.394422310756972,0.3638123603871928,0.31619353686841634,0.4836476423551583,0.00011135857461024499,0.5,0.3083713252816751,0.2768593735183509,0.586955747070245,0.3677839307452615,0.8853876798839108,0.21152134224542452
2021-06-06 08:30:00,0.22036262203626222,0.38645418326693215,0.34921816827997,0.2929833958221746,0.508840350211357,0.00022271714922048998,0.5,0.3083713252816751,0.2768593735183509,0.586955747070245,0.3677839307452615,0.8853876798839108,0.12695957873772198
2021-06-06 08:40:00,0.07112970711297072,0.08366533864541825,0.34385703648548005,0.29726834493840393,0.5595922053107537,0.8619153674832963,0.5,0.3083713252816751,0.2768593735183509,0.586955747070245,0.3677839307452615,0.8853876798839108,0.0
2021-06-06 08:50:00,0.21269177126917713,0.12350597609561742,0.36321667907669375,0.3154793786823784,0.5562288152229391,0.9993318485523385,0.5,0.3083713252816751,0.2768593735183509,0.586955747070245,0.3677839307452615,0.8853876798839108,0.0
2021-06-06 09:00:00,0.200836820083682,0.1633466135458166,0.3769173492181681,0.3315479378682378,0.4916046119014278,0.12616926503340758,0.5,0.34810025805285316,0.28625860974060846,0.5560833559379509,0.40418096927529507,0.845270688324594,0.024231633900146356
2021-06-06 09:10:00,0.14435146443514643,0.2350597609561753,0.3962769918093818,0.3661846098910908,0.5105678501786391,0.00011135857461024499,0.5,0.34810025805285316,0.28625860974060846,0.5560833559379509,0.40418096927529507,0.845270688324594,0.024065663804939873
2021-06-06 09:20:00,0.05718270571827057,-0.4661354581673308,0.3968726731198806,0.3826102481699696,0.5105678501786391,0.8428730512249443,0.5,0.34810025805285316,0.28625860974060846,0.5560833559379509,0.40418096927529507,0.845270688324594,0.0
2021-06-06 09:30:00,0.11018131101813111,-0.3167330677290837,0.41236038719285184,0.3872522763792181,0.5105678501786391,0.9993318485523385,0.5,0.34810025805285316,0.28625860974060846,0.5560833559379509,0.40418096927529507,0.845270688324594,0.0
2021-06-06 09:40:00,0.2294281729428173,-0.16733067729083673,0.43231571109456435,0.4001071237279059,0.48782243394275693,0.9993318485523385,0.5,0.34810025805285316,0.28625860974060846,0.5560833559379509,0.40418096927529507,0.845270688324594,0.0
2021-06-06 09:50:00,0.19804741980474197,-0.017928286852589737,0.4430379746835442,0.414747366541689,0.3319940846213242,0.3991091314031181,0.5,0.34810025805285316,0.28625860974060846,0.5560833559379509,0.40418096927529507,0.845270688324594,0.014318692759177392
2021-06-06 10:00:00,0.18688981868898188,0.13147410358565725,0.4558451228592699,0.4322442420996251,0.33254374370182305,0.00011135857461024499,0.5,0.43773668603035865,0.28367245486441345,0.41422413153566706,0.33841907895016166,0.8325009447762534,0.055516996846568196
2021-06-06 10:10:00,0.11366806136680613,0.1872509960159361,0.4618019359642589,0.4636672022853061,0.33585478530578056,0.016369710467706012,0.5,0.43773668603035865,0.28367245486441345,0.41422413153566706,0.33841907895016166,0.8325009447762534,0.006155981713113146
2021-06-06 10:20:00,0.09693165969316596,0.2589641434262948,0.44065524944154855,0.43260132119264405,0.3643977961288296,0.28919821826280623,0.5,0.43773668603035865,0.28367245486441345,0.41422413153566706,0.33841907895016166,0.8325009447762534,0.0
2021-06-06 10:30:00,0.13528591352859135,0.3545816733067728,0.44929262844378237,0.43260132119264405,0.36291895145986836,0.9993318485523385,0.5,0.43773668603035865,0.28367245486441345,0.41422413153566706,0.33841907895016166,0.8325009447762534,0.0
2021-06-06 10:40:00,0.17294281729428174,0.4501992031872508,0.4689501116902457,0.4668809141224781,0.36291895145986836,0.9993318485523385,0.5,0.43773668603035865,0.28367245486441345,0.41422413153566706,0.33841907895016166,0.8325009447762534,0.0
2021-06-06 10:50:00,0.300557880055788,0.5458167330677288,0.48324646314221864,0.48294947330833793,0.38192145109997255,0.4271714922048998,0.5,0.43773668603035865,0.28367245486441345,0.41422413153566706,0.33841907895016166,0.8325009447762534,0.0927395627442401
2021-06-06 11:00:00,0.2775453277545328,0.17928286852589648,0.49813849590469084,0.47116586323870724,0.38805931083221,0.00011135857461024499,0.5,0.46864692853066625,0.2772760318039592,0.3876703953823427,0.3588759113834098,0.8138626332188758,0.1274046803566848
2021-06-06 11:10:00,0.3417015341701534,0.1394422310756971,0.48294862248696924,0.42974468844849145,0.3992095378937588,0.00011135857461024499,0.5,0.46864692853066625,0.2772760318039592,0.3876703953823427,0.3588759113834098,0.8138626332188758,0.19217073796339604
2021-06-06 11:20:00,0.44002789400278935,-0.059760956175298974,0.47848101265822773,0.41331905016961246,0.3959246705317297,0.00011135857461024499,0.5,0.46864692853066625,0.2772760318039592,0.3876703953823427,0.3588759113834098,0.8138626332188758,0.33632330974546226
2021-06-06 11:30:00,0.4665271966527197,0.29083665338645415,0.48324646314221864,0.41010533833244045,0.39680150763633515,0.00044543429844097997,0.5,0.46864692853066625,0.2772760318039592,0.3876703953823427,0.3588759113834098,0.8138626332188758,0.4181390225870211
2021-06-06 11:40:00,0.5550906555090656,0.11553784860557759,0.48741623231571096,0.41688984109980365,0.4282367721924854,0.06302895322939867,0.5,0.46864692853066625,0.2772760318039592,0.3876703953823427,0.3588759113834098,0.8138626332188758,0.35938560888392657
2021-06-06 11:50:00,0.4546722454672245,-0.2828685258964144,0.4918838421444527,0.42117479021603277,0.4208425488476791,0.015256124721603564,0.5,0.46864692853066625,0.2772760318039592,0.3876703953823427,0.3588759113834098,0.8138626332188758,0.27402417128113826
2021-06-06 12:00:00,0.5627615062761506,0.24302788844621515,0.49754281459419203,0.4322442420996251,0.4322676054494772,0.0014476614699331849,0.5,0.5162744065401403,0.2648366268494588,0.35254212226225745,0.38978857710831766,0.7785147808943247,0.5660485537969432
2021-06-06 12:10:00,0.6345885634588563,0.2589641434262948,0.49784065524944143,0.4315300839135867,0.4526573399117928,0.00033407572383073496,0.5,0.5162744065401403,0.2648366268494588,0.35254212226225745,0.38978857710831766,0.7785147808943247,0.7059537999607707
2021-06-06 12:20:00,0.6262203626220363,-0.05179282868525903,0.49486224869694695,0.43260132119264405,0.464082396513591,0.0017817371937639199,0.5,0.5162744065401403,0.2648366268494588,0.35254212226225745,0.38978857710831766,0.7785147808943247,0.734689258717202
2021-06-06 12:30:00,0.5362622036262203,0.07569721115537842,0.49128816083395366,0.4397429030530262,0.4493462983078353,0.00011135857461024499,0.5,0.5162744065401403,0.2648366268494588,0.35254212226225745,0.38978857710831766,0.7785147808943247,0.5206104681865504
2021-06-06 12:40:00,0.6457461645746164,0.08366533864541825,0.4859270290394637,0.43617211212283524,0.4539137035243617,0.00623608017817372,0.5,0.5162744065401403,0.2648366268494588,0.35254212226225745,0.38978857710831766,0.7785147808943247,0.7930126589918072
2021-06-06 12:50:00,0.8277545327754532,-0.043824701195219196,0.4856291883842141,0.42617389751830026,0.44873120362251506,0.09331848552338531,0.5,0.5162744065401403,0.2648366268494588,0.35254212226225745,0.38978857710831766,0.7785147808943247,0.7615160613787588
2021-06-06 13:00:00,0.8758716875871688,-0.03585657370517936,0.4939687267311985,0.4318871630066061,0.4389158628993208,0.13051224944320713,0.5,0.6501264915918528,0.25143747108535347,0.23458824785617555,0.5422637496645187,0.7582711247604738,0.49827994628604194
2021-06-06 13:10:00,0.6541143654114366,-0.003984063745020028,0.4957557706626954,0.43402963756472057,0.455143892895002,0.06759465478841871,0.5,0.6501264915918528,0.25143747108535347,0.23458824785617555,0.5422637496645187,0.7582711247604738,0.5619294777977277
2021-06-06 13:20:00,0.6631799163179917,-0.05179282868525903,0.49426656738644814,0.44545616854133185,0.43536925311800656,0.03017817371937639,0.5,0.6501264915918528,0.25143747108535347,0.23458824785617555,0.5422637496645187,0.7582711247604738,0.7243764805286903
2021-06-06 13:30:00,0.6589958158995816,0.003984063745019917,0.5002233804914369,0.45795393679700047,0.428472340369842,0.015033407572383075,0.5,0.6501264915918528,0.25143747108535347,0.23458824785617555,0.5422637496645187,0.7582711247604738,0.7803989317561145
2021-06-06 13:40:00,0.798465829846583,-0.19521912350597614,0.5079672375279223,0.47116586323870724,0.4278048972006648,0.04220489977728285,0.5,0.6501264915918528,0.25143747108535347,0.23458824785617555,0.5422637496645187,0.7582711247604738,0.9270712313472245
2021-06-06 13:50:00,0.7350069735006973,0.05976095617529875,0.5192851824274012,0.48402071058739504,0.4041172082553559,0.049220489977728286,0.5,0.6501264915918528,0.25143747108535347,0.23458824785617555,0.5422637496645187,0.7582711247604738,0.8032650844184257
2021-06-06 14:00:00,0.5920502092050209,-0.08366533864541836,0.5267311988086372,0.5025888234243885,0.4010024734658622,0.03697104677060133,0.5,0.610210247870155,0.22888332705951334,0.2677662465695195,0.7634523389222758,0.7706668163366204,0.5599227484647766
2021-06-06 14:10:00,0.5111576011157601,0.05976095617529875,0.535368577810871,0.5236564899125158,0.3892109774770648,0.004231625835189309,0.5,0.610210247870155,0.22888332705951334,0.2677662465695195,0.7634523389222758,0.7706668163366204,0.5188828703773556
2021-06-06 14:20:00,0.6171548117154811,-0.08366533864541836,0.5454951600893521,0.545438314586681,0.41569931030872515,0.006792873051224944,0.5,0.610210247870155,0.22888332705951334,0.2677662465695195,0.7634523389222758,0.7706668163366204,0.7232901308146115
2021-06-06 14:30:00,0.6834030683403068,-0.08366533864541836,0.5550260610573343,0.5586502410283878,0.4127154467288741,0.02293986636971047,0.5,0.610210247870155,0.22888332705951334,0.2677662465695195,0.7634523389222758,0.7706668163366204,0.7776377928994975
2021-06-06 14:40:00,0.7635983263598326,-0.09960159362549814,0.5609828741623228,0.5615068737725406,0.40420881810210574,0.06547884187082405,0.5,0.610210247870155,0.22888332705951334,0.2677662465695195,0.7634523389222758,0.7706668163366204,0.7602712856647103
2021-06-06 14:50:00,0.7252440725244073,0.07569721115537842,0.5633655994043185,0.5640064274236742,0.3960817159833008,0.07349665924276169,0.5,0.610210247870155,0.22888332705951334,0.2677662465695195,0.7634523389222758,0.7706668163366204,0.6351373779742595
2021-06-06 15:00:00,0.793584379358438,0.01195219123505975,0.5702159344750557,0.5611497946795214,0.4189972647917184,0.08942093541202673,0.5,0.6040461299909978,0.2171364369107506,0.2836577048393665,0.8522889730980906,0.7746624966501745,0.6796173634895967
2021-06-06 15:10:00,0.8835425383542539,0.003984063745019917,0.575874906924795,0.5604356364934833,0.4047323029406761,0.0965478841870824,0.5,0.6040461299909978,0.2171364369107506,0.2836577048393665,0.8522889730980906,0.7746624966501745,0.7835523635650378
2021-06-06 15:20:00,0.9574616457461647,-0.06772908366533881,0.5746835443037972,0.5500803427959293,0.41098794676159195,0.116815144766147,0.5,0.6040461299909978,0.2171364369107506,0.2836577048393665,0.8522889730980906,0.7746624966501745,0.8247657558429018
2021-06-06 15:30:00,0.9198047419804741,-0.09960159362549814,0.5752792256142962,0.5386538118193178,0.40852756802031115,0.1192650334075724,0.5,0.6040461299909978,0.2171364369107506,0.2836577048393665,0.8522889730980906,0.7746624966501745,0.6812167116797683
2021-06-06 15:40:00,0.8863319386331939,0.01195219123505975,0.5770662695457927,0.5411533654704517,0.40729737864967086,0.11915367483296213,0.5,0.6040461299909978,0.2171364369107506,0.2836577048393665,0.8522889730980906,0.7746624966501745,0.7099295381504896
2021-06-06 15:50:00,0.9330543933054394,-0.15537848605577698,0.5815338793745346,0.5479378682378149,0.4014343484576828,0.12227171492204901,0.5,0.6040461299909978,0.2171364369107506,0.2836577048393665,0.8522889730980906,0.7746624966501745,0.7457036377627232
2021-06-06 16:00:00,0.8528591352859136,-0.1872509960159363,0.5827252419955322,0.54186752365649,0.4013819999738258,0.08819599109131403,0.5,0.5918155520786812,0.20288385003750053,0.27005067619192913,0.8218436811278211,0.769487675285381,0.8346409765076874
2021-06-06 16:10:00,0.8493723849372384,0.11553784860557759,0.5854058078927771,0.5504374218889485,0.41344832550287264,0.09643652561247217,0.5,0.5918155520786812,0.20288385003750053,0.27005067619192913,0.8218436811278211,0.769487675285381,0.7436365556678788
2021-06-06 16:20:00,0.8695955369595537,-0.01195219123505975,0.5901712583767682,0.5647205856097126,0.41280705657562394,0.10256124721603564,0.5,0.5918155520786812,0.20288385003750053,0.27005067619192913,0.8218436811278211,0.769487675285381,0.7314905623368589
2021-06-06 16:30:00,0.8354253835425384,-0.043824701195219196,0.5964259121370066,0.5697196929119801,0.4165630602923663,0.05278396436525613,0.5,0.5918155520786812,0.20288385003750053,0.27005067619192913,0.8218436811278211,0.769487675285381,0.8016242437044526
2021-06-06 16:40:00,0.7147838214783822,0.2111553784860556,0.5955323901712581,0.5725763256561329,0.4254230411851697,0.008574610244988864,0.5,0.5918155520786812,0.20288385003750053,0.27005067619192913,0.8218436811278211,0.769487675285381,0.8717579250720461
2021-06-06 16:50:00,0.7071129707112971,-0.03585657370517936,0.5973194341027548,0.5979289412604893,0.40310949994110795,0.017706013363028954,0.5,0.5918155520786812,0.20288385003750053,0.27005067619192913,0.8218436811278211,0.769487675285381,0.8894337402115364
2021-06-06 17:00:00,0.7663877266387726,-0.05179282868525903,0.5994043186895008,0.6111408677021961,0.42979413958723217,0.03407572383073497,0.5,0.6168629551571045,0.21530888746490595,0.24396818132187748,0.8146477381870345,0.78755375830212,0.9423329360109841
2021-06-06 17:10:00,0.6659693165969317,-0.01195219123505975,0.5958302308265075,0.6157828959114444,0.4174791587598644,0.013251670378619154,0.5,0.6168629551571045,0.21530888746490595,0.24396818132187748,0.8074516144300321,0.78755375830212,0.7819605594701028
2021-06-06 17:20:00,0.6687587168758717,0.2749003984063745,0.5999999999999999,0.6293519014461701,0.41785868526782793,0.011024498886414253,0.5,0.6168629551571045,0.21530888746490595,0.24396818132187748,0.8002555810811377,0.78755375830212,0.782639528041402
2021-06-06 17:30:00,0.7559274755927475,-0.2509960159362551,0.6005956813104989,0.6325656132833424,0.42191569276674823,0.016258351893095768,0.5,0.6168629551571045,0.21530888746490595,0.24396818132187748,0.7930595477322432,0.78755375830212,0.9381459631546388
2021-06-06 17:40:00,0.7245467224546723,0.11553784860557759,0.6026805658972447,0.635422246027495,0.42993809791783905,0.02861915367483296,0.5,0.6168629551571045,0.21530888746490595,0.24396818132187748,0.7858635143833488,0.78755375830212,0.878804110023085
2021-06-06 17:50:00,0.7524407252440725,-0.043824701195219196,0.5991064780342514,0.635422246027495,0.44074805983431703,0.013919821826280624,0.5,0.6168629551571045,0.21530888746490595,0.24396818132187748,0.7786674810344544,0.78755375830212,0.900591457066554
2021-06-06 18:00:00,0.7824267782426779,-0.059760956175298974,0.5999999999999999,0.6386359578646672,0.4301998403371243,0.03485523385300668,0.5,0.4795420487402038,0.2570839092317109,0.2858891261581142,0.7714714476855599,0.8210380508128391,0.8391372572687358
2021-06-06 18:10:00,0.6931659693165969,0.003984063745019917,0.5994043186895008,0.6397071951437245,0.42737302220884427,0.034966592427616926,0.5,0.4795420487402038,0.2570839092317109,0.2858891261581142,0.7714714476855599,0.8210380508128391,0.7776830574709175
2021-06-06 18:20:00,0.705718270571827,0.01195219123505975,0.598808637379002,0.6479200142831638,0.42530525709649136,0.022605790645879732,0.5,0.4795420487402038,0.2570839092317109,0.2858891261581142,0.7714714476855599,0.8210380508128391,0.828492538889811
2021-06-06 18:30:00,0.7112970711297071,-0.12350597609561753,0.596128071481757,0.6497054097482591,0.425894177539883,0.02951002227171492,0.5,0.4795420487402038,0.2570839092317109,0.2858891261581142,0.7714714476855599,0.8210380508128391,0.8234681714621965
2021-06-06 18:40:00,0.7601115760111576,0.08366533864541825,0.5943410275502605,0.6475629351901446,0.44623156351834165,0.02951002227171492,0.5,0.4795420487402038,0.2570839092317109,0.2858891261581142,0.7714714476855599,0.8210380508128391,0.9719284216243945
2021-06-06 18:50:00,0.8751743375174338,-0.019920318725099695,0.5922561429635145,0.6411355115158008,0.4359058250775412,0.09187082405345212,0.5,0.4795420487402038,0.2570839092317109,0.2858891261581142,0.7714714476855599,0.8210380508128391,0.8381489807927336
2021-06-06 19:00:00,0.6673640167364017,-0.11553784860557781,0.5848101265822783,0.6247098732369221,0.4252921699755271,0.044097995545657014,0.5,0.5188068399181782,0.2552506127750291,0.2538021093500434,0.6238449523645438,0.860023559129667,0.6285061182612369
2021-06-06 19:10:00,0.7364016736401674,-0.019920318725099695,0.5788533134772895,0.6311372969112659,0.4418735522372433,0.03608017817371938,0.5,0.5188068399181782,0.2552506127750291,0.2538021093500434,0.6238449523645438,0.860023559129667,0.8851637823075879
2021-06-06 19:20:00,0.7092050209205021,-0.13147410358565736,0.5785554728220401,0.6279235850740938,0.43574877962597014,0.03997772828507795,0.5,0.5188068399181782,0.2552506127750291,0.2538021093500434,0.6238449523645438,0.860023559129667,0.8174932480347631
2021-06-06 19:30:00,0.8242677824267782,0.003984063745019917,0.5720029784065523,0.6268523477950365,0.43988430985067595,0.06380846325167039,0.5,0.5188068399181782,0.2552506127750291,0.2538021093500434,0.6238449523645438,0.860023559129667,0.9925313457157084
2021-06-06 19:40:00,0.806136680613668,-0.20318725099601598,0.5702159344750557,0.6143545795393681,0.4401198780280326,0.047438752783964366,0.5,0.5188068399181782,0.2552506127750291,0.2538021093500434,0.6238449523645438,0.860023559129667,0.9646408256257828
2021-06-06 19:50:00,0.7482566248256626,-0.06772908366533881,0.5639612807148173,0.6107837886091769,0.4432346128175263,0.06391982182628063,0.5,0.5188068399181782,0.2552506127750291,0.2538021093500434,0.6238449523645438,0.860023559129667,0.7583022768079424
2021-06-06 20:00:00,0.8821478382147838,-0.019920318725099695,0.5621742367833207,0.6107837886091769,0.4311813744094437,0.10311804008908686,0.5,0.5292947522582543,0.27930760013447914,0.27316738690748166,0.5172772088415939,0.8084064462755165,0.733233248336527
2021-06-06 20:10:00,0.6087866108786611,-0.0916334661354582,0.5535368577810869,0.596857703981432,0.4191804844852181,0.0071269487750556795,0.5,0.5292947522582543,0.27930760013447914,0.27316738690748166,0.5172772088415939,0.8084064462755165,0.6707605956817599
2021-06-06 20:20:00,0.6150627615062761,-0.059760956175298974,0.5454951600893521,0.6036422067487948,0.42843307900694927,0.00033407572383073496,0.5,0.5292947522582543,0.27930760013447914,0.27316738690748166,0.5172772088415939,0.8084064462755165,0.7272130603376737
2021-06-06 20:30:00,0.5871687587168759,0.027888446215139417,0.5419210722263585,0.6054276022138905,0.4309327191111227,0.00011135857461024499,0.5,0.5292947522582543,0.27930760013447914,0.27316738690748166,0.5172772088415939,0.8084064462755165,0.6939058798678275
2021-06-06 20:40:00,0.596234309623431,-0.14741035856573714,0.53596425912137,0.6057846813069094,0.4367303136982896,0.00011135857461024499,0.5,0.5292947522582543,0.27930760013447914,0.27316738690748166,0.5172772088415939,0.8084064462755165,0.6931590144393983
2021-06-06 20:50:00,0.5648535564853556,-0.11553784860557781,0.5303052866716305,0.6007855740046419,0.43930847652824856,0.00022271714922048998,0.5,0.5292947522582543,0.27930760013447914,0.27316738690748166,0.5172772088415939,0.8084064462755165,0.6593690118744059
2021-06-06 21:00:00,0.6080892608089261,-0.0916334661354582,0.5252419955323901,0.6007855740046419,0.440290010600568,0.00011135857461024499,0.5,0.5300683771687429,0.2925285985626744,0.31282051477149936,0.4185257886958916,0.7879788595095455,0.7448813313819274
2021-06-06 21:10:00,0.5871687587168759,0.17928286852589648,0.5174981384959045,0.5893590430280307,0.440290010600568,0.00011135857461024499,0.5,0.5300683771687429,0.2925285985626744,0.31282051477149936,0.4185257886958916,0.7879788595095455,0.6975345896766602
2021-06-06 21:20:00,0.5425383542538355,0.17928286852589648,0.512434847356664,0.576861274772362,0.440290010600568,0.00022271714922048998,0.5,0.5300683771687429,0.2925285985626744,0.31282051477149936,0.4185257886958916,0.7879788595095455,0.6104983629313336
2021-06-06 21:30:00,0.5578800557880056,-0.4900398406374503,0.5055845122859268,0.576861274772362,0.4396225674313908,0.00011135857461024499,0.5,0.5300683771687429,0.2925285985626744,0.31282051477149936,0.4185257886958916,0.7879788595095455,0.6039048236944944
2021-06-06 21:40:00,0.5223152022315203,0.07569721115537842,0.5020104244229335,0.5740046420282092,0.42900891232937666,0.00011135857461024499,0.5,0.5300683771687429,0.2925285985626744,0.31282051477149936,0.4185257886958916,0.7879788595095455,0.49013232343045104
2021-06-06 21:50:00,0.5495118549511855,-0.08366533864541836,0.49784065524944143,0.5654347437957508,0.42900891232937666,0.00011135857461024499,0.5,0.5300683771687429,0.2925285985626744,0.31282051477149936,0.4185257886958916,0.7879788595095455,0.5479502693242
2021-06-06 22:00:00,0.5697350069735007,-0.13147410358565736,0.4951600893521966,0.5568648455632923,0.42900891232937666,0.00011135857461024499,0.5,0.4391372489638028,0.3078386354297486,0.3525139695268198,0.31825126315627217,0.8107314015343694,0.5997027626476756
2021-06-06 22:10:00,0.5739191073919108,-0.26693227091633476,0.49218168279970187,0.5479378682378149,0.42900891232937666,0.00011135857461024499,0.5,0.4391372489638028,0.3078386354297486,0.3525139695268198,0.31825126315627217,0.8107314015343694,0.5890127796973309
2021-06-06 22:20:00,0.6004184100418409,0.003984063745019917,0.4883097542814592,0.5272272808427065,0.42900891232937666,0.00011135857461024499,0.5,0.4391372489638028,0.3078386354297486,0.3525139695268198,0.31825126315627217,0.8107314015343694,0.6657513164446188
2021-06-06 22:30:00,0.44490934449093444,0.2111553784860556,0.4856291883842141,0.5250848062845921,0.43819607124628657,0.00011135857461024499,0.5,0.4391372489638028,0.3078386354297486,0.3525139695268198,0.31825126315627217,0.8107314015343694,0.38744964316429537
2021-06-06 22:40:00,0.3898186889818689,0.1633466135458166,0.47937453462397617,0.5329405463310124,0.45149258614597376,0.00011135857461024499,0.5,0.4391372489638028,0.3078386354297486,0.3525139695268198,0.31825126315627217,0.8107314015343694,0.27460506661436096
2021-06-06 22:50:00,0.3612273361227336,0.2111553784860556,0.4737155621742366,0.5115158007498661,0.4549214118386096,0.00011135857461024499,0.5,0.4391372489638028,0.3078386354297486,0.3525139695268198,0.31825126315627217,0.8107314015343694,0.23929870090680025
2021-06-06 23:00:00,0.37099023709902373,0.07569721115537842,0.4668652271034994,0.5058025352615605,0.4627082488123438,0.00011135857461024499,0.5,0.3540852364884133,0.3166947791280054,0.40719051298468834,0.27944725340617504,0.850217652512326,0.234734523288622
2021-06-06 23:10:00,0.35495118549511856,0.12350597609561742,0.4591213700670138,0.4833065524013569,0.4627082488123438,0.00011135857461024499,0.5,0.3540852364884133,0.3166947791280054,0.40719051298468834,0.27944725340617504,0.850217652512326,0.19796460310514963
2021-06-06 23:20:00,0.3326359832635983,0.043824701195219085,0.45256887565152626,0.4636672022853061,0.4627082488123438,0.00011135857461024499,0.5,0.3540852364884133,0.3166947791280054,0.40719051298468834,0.27944725340617504,0.850217652512326,0.17241275253858804
2021-06-06 23:30:00,0.3821478382147839,0.08366533864541825,0.44720774385703654,0.4500981967505804,0.4627082488123438,0.00011135857461024499,0.5,0.3540852364884133,0.3166947791280054,0.40719051298468834,0.27944725340617504,0.850217652512326,0.2309247551941096
2021-06-06 23:40:00,0.37935843793584384,0.20318725099601576,0.44452717795979146,0.43795750758793073,0.4627082488123438,0.00011135857461024499,0.5,0.3540852364884133,0.3166947791280054,0.40719051298468834,0.27944725340617504,0.850217652512326,0.24130543023975137
2021-06-06 23:50:00,0.46722454672245467,0.3705179282868525,0.4391660461653015,0.42331726477414744,0.4627082488123438,0.00011135857461024499,0.5,0.3540852364884133,0.3166947791280054,0.40719051298468834,0.27944725340617504,0.850217652512326,0.3809768094512425
2021-06-07 00:00:00,0.5836820083682008,0.4581673306772909,0.4346984363365598,0.40903410105338334,0.4627082488123438,0.00011135857461024499,0.5,0.3564303922690206,0.3171976425761544,0.38465957445999066,0.27546377272285355,0.9078322295336805,0.6004194516951582
2021-06-07 00:10:00,0.5697350069735007,-0.08366533864541836,0.43678332092330585,0.40689162649526867,0.4733349910353221,0.00011135857461024499,0.5,0.3564303922690206,0.3171976425761544,0.38465957445999066,0.27546377272285355,0.9078322295336805,0.5606318934170225
2021-06-07 00:20:00,0.5557880055788006,0.24302788844621515,0.43678332092330585,0.40760578468130704,0.47396317284160655,0.00011135857461024499,0.5,0.3564303922690206,0.3171976425761544,0.38465957445999066,0.27546377272285355,0.9078322295336805,0.5399610724685788
2021-06-07 00:30:00,0.5181311018131102,-0.059760956175298974,0.4349962769918092,0.40760578468130704,0.47396317284160655,0.00011135857461024499,0.5,0.3564303922690206,0.3171976425761544,0.38465957445999066,0.27546377272285355,0.9078322295336805,0.46302638924513784
2021-06-07 00:40:00,0.4288702928870293,0.06772908366533859,0.4308265078183171,0.4126048919835743,0.4638468283362343,0.00011135857461024499,0.5,0.3564303922690206,0.3171976425761544,0.38465957445999066,0.27546377272285355,0.9078322295336805,0.3284095538422077
2021-06-07 00:50:00,0.4456066945606694,0.43426294820717115,0.4227848101265821,0.40439207284413503,0.4627082488123438,0.00011135857461024499,0.5,0.3564303922690206,0.3171976425761544,0.38465957445999066,0.27546377272285355,0.9078322295336805,0.3267272206044329
2021-06-07 01:00:00,0.4086471408647141,0.12350597609561742,0.4192107222635888,0.39617925370469576,0.46694847600476375,0.00011135857461024499,0.5,0.3190709963868599,0.31838727381920395,0.41257681607019014,0.3223728241428007,0.9553576684493517,0.2753896525189734
2021-06-07 01:10:00,0.33472803347280333,0.1394422310756971,0.4192107222635888,0.39260846277450456,0.4627082488123438,0.00011135857461024499,0.5,0.3190709963868599,0.31838727381920395,0.41257681607019014,0.3223728241428007,0.9553576684493517,0.18679934215489538
2021-06-07 01:20:00,0.32566248256624825,0.11553784860557759,0.4180193596425912,0.3826102481699696,0.4627082488123438,0.00011135857461024499,0.5,0.3190709963868599,0.31838727381920395,0.41257681607019014,0.3223728241428007,0.9553576684493517,0.17277486910994766
2021-06-07 01:30:00,0.3075313807531381,0.21912350597609564,0.4150409530900967,0.37154079628637726,0.46859745324626034,0.00011135857461024499,0.5,0.3190709963868599,0.31838727381920395,0.41257681607019014,0.3223728241428007,0.9553576684493517,0.1512138449235783
2021-06-07 01:40:00,0.31659693165969316,-0.05179282868525903,0.41265822784810124,0.36225673986788065,0.4766067712763869,0.00011135857461024499,0.5,0.3190709963868599,0.31838727381920395,0.41257681607019014,0.3223728241428007,0.9553576684493517,0.1592256740649094
2021-06-07 01:50:00,0.26569037656903766,0.3306772908366533,0.4075949367088605,0.3547580789144795,0.4766067712763869,0.00011135857461024499,0.5,0.3190709963868599,0.31838727381920395,0.41257681607019014,0.3223728241428007,0.9553576684493517,0.11525114293042836
2021-06-07 02:00:00,0.28172942817294283,0.6254980079681274,0.4043186895011168,0.34368862703088743,0.4766067712763869,0.00011135857461024499,0.5,0.30885174318254505,0.3120569413833625,0.4533563069799635,0.37060237638684423,0.9751582456198996,0.12637868340449931
2021-06-07 02:10:00,0.3361227336122734,0.689243027888446,0.4004467609828739,0.33404749151937163,0.4766067712763869,0.00011135857461024499,0.5,0.30885174318254505,0.3120569413833625,0.4533563069799635,0.37060237638684423,0.9751582456198996,0.1727296045385277
2021-06-07 02:20:00,0.36262203626220363,0.4183266932270917,0.39746835443037964,0.32583467237993236,0.48080773710591407,0.00011135857461024499,0.5,0.30885174318254505,0.3120569413833625,0.4533563069799635,0.37060237638684423,0.9751582456198996,0.19916411424777827
2021-06-07 02:30:00,0.3563458856345886,-0.14741035856573714,0.39329858525688755,0.32547759328691295,0.488228134692649,0.00011135857461024499,0.5,0.30885174318254505,0.3120569413833625,0.4533563069799635,0.37060237638684423,0.9751582456198996,0.19793442672420297
2021-06-07 02:40:00,0.3096234309623431,0.22709163346613526,0.3885331347728964,0.31726477414747367,0.488228134692649,0.00011135857461024499,0.5,0.30885174318254505,0.3120569413833625,0.4533563069799635,0.37060237638684423,0.9751582456198996,0.1350921134028396
2021-06-07 02:50:00,0.2377963737796374,0.298804780876494,0.37900223380491416,0.30619532226388135,0.488228134692649,0.00011135857461024499,0.5,0.30885174318254505,0.3120569413833625,0.4533563069799635,0.37060237638684423,0.9751582456198996,0.10276566531375893
2021-06-07 03:00:00,0.18270571827057183,0.38645418326693215,0.36649292628443764,0.3044099267987861,0.49512504744081354,0.00011135857461024499,0.5,0.2919146107544368,0.30373239618743214,0.5061629761854489,0.4071170629876978,0.0005026446942514696,0.0768818745567844
2021-06-07 03:10:00,0.19386331938633192,0.31474103585657365,0.3655994043186892,0.3044099267987861,0.5036709374304746,0.00011135857461024499,0.5,0.2919146107544368,0.30373239618743214,0.5061629761854489,0.4071170629876978,0.0005026446942514696,0.07905457398494199
2021-06-07 03:20:00,0.3228730822873082,0.027888446215139417,0.3650037230081904,0.30119621496161386,0.5248720733925745,0.00011135857461024499,0.5,0.2919146107544368,0.30373239618743214,0.5061629761854489,0.4071170629876978,0.0005026446942514696,0.1760716387283673
2021-06-07 03:30:00,0.3054393305439331,0.5139442231075697,0.36262099776619494,0.29334047491519377,0.5374618837601917,0.00011135857461024499,0.5,0.2919146107544368,0.30373239618743214,0.5061629761854489,0.4071170629876978,0.0005026446942514696,0.15743017939858472
2021-06-07 03:40:00,0.3800557880055788,-0.019920318725099695,0.35130305286671604,0.2879842885199073,0.590072110036513,0.00011135857461024499,0.5,0.2919146107544368,0.30373239618743214,0.5061629761854489,0.4071170629876978,0.0005026446942514696,0.2454546826199134
2021-06-07 03:50:00,0.4595536959553696,0.03585657370517925,0.33670886075949347,0.2690590965898947,0.5938281137532554,0.00011135857461024499,0.5,0.2919146107544368,0.30373239618743214,0.5061629761854489,0.4071170629876978,0.0005026446942514696,0.3859408241169637
2021-06-07 04:00:00,0.41283124128312415,0.1633466135458166,0.32092330603127306,0.25227637921799695,0.6046119014278049,0.00011135857461024499,0.5,0.2005356172639592,0.29568083400621464,0.5433048039599486,0.43639630734542006,0.03677914794924243,0.2965206632768532
2021-06-07 04:10:00,0.4225941422594142,0.3545816733067728,0.3075204765450483,0.2369219782181753,0.6050045150567326,0.00011135857461024499,0.5,0.2005356172639592,0.29568083400621464,0.5433048039599486,0.43639630734542006,0.03677914794924243,0.31238589555954555
2021-06-07 04:20:00,0.3521617852161785,0.1394422310756971,0.3021593447505584,0.22799500089269786,0.6103309732891862,0.00011135857461024499,0.5,0.2005356172639592,0.29568083400621464,0.5433048039599486,0.43639630734542006,0.03677914794924243,0.21317349910225267
2021-06-07 04:30:00,0.39539748953974896,-0.08366533864541836,0.29769173492181666,0.225495447241564,0.609362526337831,0.00011135857461024499,0.5,0.2005356172639592,0.29568083400621464,0.5433048039599486,0.43639630734542006,0.03677914794924243,0.2774039259471611
2021-06-07 04:40:00,0.37377963737796377,-0.019920318725099695,0.2944154877140728,0.22013926084627755,0.6049914279357683,0.00011135857461024499,0.5,0.2005356172639592,0.29568083400621464,0.5433048039599486,0.43639630734542006,0.03677914794924243,0.2395929206210299
2021-06-07 04:50:00,0.29288702928870297,0.17928286852589648,0.29381980640357397,0.21514015354401006,0.5977935114054259,0.00011135857461024499,0.5,0.2005356172639592,0.29568083400621464,0.5433048039599486,0.43639630734542006,0.03677914794924243,0.1398826138781176
2021-06-07 05:00:00,0.25313807531380755,-0.08366533864541836,0.29381980640357397,0.2129976789858954,0.6174896284566359,0.00011135857461024499,0.5,0.18013780162449544,0.29196251799532913,0.5261311280864498,0.41981452915168005,0.07515184814746854,0.10771459178900675
2021-06-07 05:10:00,0.296373779637378,0.019920318725099362,0.2911392405063289,0.2097839671487236,0.6076088521286201,0.00011135857461024499,0.5,0.18013780162449544,0.29196251799532913,0.5261311280864498,0.41981452915168005,0.07515184814746854,0.14392624892496644
2021-06-07 05:20:00,0.3458856345885635,-0.15537848605577698,0.2881608339538346,0.20121406891626492,0.6058159165565167,0.00011135857461024499,0.5,0.18013780162449544,0.29196251799532913,0.5261311280864498,0.41981452915168005,0.07515184814746854,0.20770403005567542
2021-06-07 05:30:00,0.44002789400278935,-0.17131474103585675,0.2860759493670886,0.197286198893055,0.5936972425436128,0.00011135857461024499,0.5,0.18013780162449544,0.29196251799532913,0.5261311280864498,0.41981452915168005,0.07515184814746854,0.3374700122214343
2021-06-07 05:40:00,0.4344490934449094,-0.2589641434262948,0.2833953834698437,0.1919300124977683,0.5936972425436128,0.00011135857461024499,0.5,0.18013780162449544,0.29196251799532913,0.5261311280864498,0.41981452915168005,0.07515184814746854,0.3398539463162183
2021-06-07 05:50:00,0.39191073919107394,-0.33864541832669326,0.2789277736411018,0.1887163006605963,0.5921006137859733,0.00011135857461024499,0.5,0.18013780162449544,0.29196251799532913,0.5261311280864498,0.41981452915168005,0.07515184814746854,0.26836609985364457
2021-06-07 06:00:00,0.3772663877266388,0.25099601593625476,0.2762472077438567,0.18764506338153897,0.5824684927562787,0.00011135857461024499,0.5,0.23181231015838377,0.3281140896591169,0.38138574104530604,0.4106715843214308,0.1228391221557671,0.251754002142523
2021-06-07 06:10:00,0.4281729428172943,0.31474103585657365,0.2720774385703646,0.18157471880021436,0.5824684927562787,0.00011135857461024499,0.5,0.23181231015838377,0.3281140896591169,0.38138574104530604,0.4106715843214308,0.1228391221557671,0.3301975044132957
2021-06-07 06:20:00,0.40376569037656906,0.1394422310756971,0.2679076693968725,0.17586145331190872,0.5824684927562787,0.00011135857461024499,0.5,0.23181231015838377,0.3281140896591169,0.38138574104530604,0.4106715843214308,0.1228391221557671,0.3071502934653047
2021-06-07 06:30:00,0.39400278940027894,0.05976095617529875,0.26582278481012644,0.17550437421888954,0.5824684927562787,0.00011135857461024499,0.5,0.23181231015838377,0.3281140896591169,0.38138574104530604,0.4106715843214308,0.1228391221557671,0.2954192253723011
2021-06-07 06:40:00,0.3821478382147839,-0.003984063745020028,0.2613551749813847,0.1730048205677559,0.5824684927562787,0.00011135857461024499,0.5,0.23181231015838377,0.3281140896591169,0.38138574104530604,0.4106715843214308,0.1228391221557671,0.26721185328243585
2021-06-07 06:50:00,0.3933054393305439,-0.019920318725099695,0.25867460908413986,0.17371897875379383,0.5824684927562787,0.00011135857461024499,0.5,0.23181231015838377,0.3281140896591169,0.38138574104530604,0.4106715843214308,0.1228391221557671,0.2794181993753489
2021-06-07 07:00:00,0.3688981868898187,0.49003984063745,0.2571854058078924,0.17229066238171753,0.5824684927562787,0.00011135857461024499,0.5,0.22288772382841437,0.3396799489665447,0.3813882773277779,0.3854259881061079,0.1848038212096078,0.21886174691069302
2021-06-07 07:10:00,0.33333333333333337,0.08366533864541825,0.25897244973938927,0.17229066238171753,0.5906610304799048,0.00011135857461024499,0.5,0.22288772382841437,0.3396799489665447,0.3813882773277779,0.3854259881061079,0.1848038212096078,0.1782066176803416
2021-06-07 07:20:00,0.3186889818688982,-0.3227091633466136,0.2595681310498881,0.1712194251026602,0.593710329664577,0.00011135857461024499,0.5,0.22288772382841437,0.3396799489665447,0.3813882773277779,0.3854259881061079,0.1848038212096078,0.17582268358555758
2021-06-07 07:30:00,0.27266387726638774,0.33864541832669315,0.2613551749813847,0.1697911087305839,0.593710329664577,0.00011135857461024499,0.5,0.22288772382841437,0.3396799489665447,0.3813882773277779,0.3854259881061079,0.1848038212096078,0.1273216953090816
2021-06-07 07:40:00,0.3263598326359832,-0.298804780876494,0.26195085629188375,0.16693447598643107,0.593710329664577,0.00011135857461024499,0.5,0.22288772382841437,0.3396799489665447,0.3813882773277779,0.3854259881061079,0.1848038212096078,0.17475896615718878
2021-06-07 07:50:00,0.22594142259414227,0.1633466135458166,0.2670141474311243,0.17264774147473672,0.593710329664577,0.00011135857461024499,0.5,0.22288772382841437,0.3396799489665447,0.3813882773277779,0.3854259881061079,0.1848038212096078,0.08848469303076482
2021-06-07 08:00:00,0.17154811715481172,-0.15537848605577698,0.27326880119136243,0.17907516514908073,0.593710329664577,0.00011135857461024499,0.5,0.24098114116261504,0.35176591275462876,0.3340609927745117,0.46040185691187346,0.21843307921019492,0.05462679360864251
2021-06-07 08:10:00,0.1199442119944212,0.11553784860557759,0.280416976917349,0.19264417068380646,0.5989320909293164,0.00011135857461024499,0.5,0.24098114116261504,0.35176591275462876,0.3340609927745117,0.46040185691187346,0.21843307921019492,0.02260210932902817
2021-06-07 08:20:00,0.11924686192468618,0.8486055776892429,0.28935219657483224,0.21371183717193376,0.6426954234337988,0.00011135857461024499,0.5,0.24098114116261504,0.35176591275462876,0.3340609927745117,0.46040185691187346,0.21843307921019492,0.020799070567466844
2021-06-07 08:30:00,0.23291492329149233,0.5537848605577689,0.2962025316455694,0.2258525263345832,0.6832916726649304,0.00011135857461024499,0.5,0.24098114116261504,0.35176591275462876,0.3340609927745117,0.46040185691187346,0.21843307921019492,0.10240354874239933
2021-06-07 08:40:00,0.37796373779637377,0.003984063745019917,0.3003723008190615,0.21942510266023918,0.67923466516601,0.00011135857461024499,0.5,0.24098114116261504,0.35176591275462876,0.3340609927745117,0.46040185691187346,0.21843307921019492,0.23876307014499754
2021-06-07 08:50:00,0.398186889818689,-0.01195219123505975,0.3030528667163066,0.22442420996250667,0.6701783774587429,0.00011135857461024499,0.5,0.24098114116261504,0.35176591275462876,0.3340609927745117,0.46040185691187346,0.21843307921019492,0.277871659851834
2021-06-07 09:00:00,0.4428172942817294,-0.1394422310756973,0.30454206999255384,0.222281735404392,0.6562275065108427,0.00011135857461024499,0.5,0.26363452618434313,0.3584899154327342,0.3001148809145632,0.5363789503086602,0.22530622803440206,0.3777932012613727
2021-06-07 09:10:00,0.4707112970711297,0.19521912350597592,0.3096053611317944,0.22513836814854504,0.6599573359856564,0.00022271714922048998,0.5,0.26363452618434313,0.3584899154327342,0.3001148809145632,0.5363789503086602,0.22530622803440206,0.41075335335033275
2021-06-07 09:20:00,0.5669456066945607,-0.2589641434262948,0.31556217423678334,0.23263702910194617,0.664027430605541,0.00011135857461024499,0.5,0.26363452618434313,0.3584899154327342,0.3001148809145632,0.5363789503086602,0.22530622803440206,0.633296618736515
2021-06-07 09:30:00,0.5550906555090656,0.09163346613545809,0.3241995532390167,0.2369219782181753,0.6565154231720564,0.00022271714922048998,0.5,0.26363452618434313,0.3584899154327342,0.3001148809145632,0.5363789503086602,0.22530622803440206,0.6174992833109525
2021-06-07 09:40:00,0.5104602510460251,-0.059760956175298974,0.3289650037230081,0.24692019282271027,0.6499587755689625,0.0017817371937639199,0.5,0.26363452618434313,0.3584899154327342,0.3001148809145632,0.5363789503086602,0.22530622803440206,0.5176984474252003
2021-06-07 09:50:00,0.5627615062761506,-0.02788844621513953,0.3370067014147431,0.2626316729155509,0.6551151012288807,0.00022271714922048998,0.5,0.26363452618434313,0.3584899154327342,0.3001148809145632,0.5363789503086602,0.22530622803440206,0.5945124251248548
2021-06-07 10:00:00,0.5132496513249651,-0.09960159362549814,0.34683544303797453,0.28048562756650597,0.6489772414966432,0.00011135857461024499,0.5,0.39514959360928104,0.3536078297275642,0.20618682992209683,0.5706720565555252,0.25844790838851267,0.5245409418048493
2021-06-07 10:10:00,0.5237099023709902,-0.01195219123505975,0.35547282204020836,0.2897696839850026,0.6529295520278493,0.00011135857461024499,0.5,0.39514959360928104,0.3536078297275642,0.20618682992209683,0.5706720565555252,0.25844790838851267,0.5272040074233898
2021-06-07 10:20:00,0.5237099023709902,-0.03585657370517936,0.35934475055845105,0.29976789858953756,0.6591721087278011,0.00011135857461024499,0.5,0.39514959360928104,0.3536078297275642,0.20618682992209683,0.5706720565555252,0.25844790838851267,0.5204746744722906
2021-06-07 10:30:00,0.5041841004184101,0.019920318725099362,0.36262099776619494,0.315122299589359,0.6480742301501093,0.00011135857461024499,0.5,0.39514959360928104,0.3536078297275642,0.20618682992209683,0.5706720565555252,0.25844790838851267,0.43639573305973417
2021-06-07 10:40:00,0.45188284518828453,-0.21912350597609564,0.3641102010424422,0.3297625424031425,0.6474198741018964,0.00011135857461024499,0.5,0.39514959360928104,0.3536078297275642,0.20618682992209683,0.5706720565555252,0.25844790838851267,0.3821612324033979
2021-06-07 10:50:00,0.46443514644351463,0.13147410358565725,0.372747580044676,0.33511872879842897,0.6447893627880803,0.00011135857461024499,0.5,0.39514959360928104,0.3536078297275642,0.20618682992209683,0.5706720565555252,0.25844790838851267,0.38683102735488933
2021-06-07 11:00:00,0.4665271966527197,0.043824701195219085,0.3840655249441547,0.3408319942867344,0.6472759157712895,0.00033407572383073496,0.5,0.4107024394116112,0.3422201277560508,0.2176869687201551,0.5652604080324004,0.2943789287923455,0.40397121173257694
2021-06-07 11:10:00,0.4428172942817294,0.17131474103585642,0.3894266567386446,0.3358328869844669,0.6570519951315911,0.00033407572383073496,0.5,0.4107024394116112,0.3422201277560508,0.2176869687201551,0.5652604080324004,0.2943789287923455,0.3710035155483803
2021-06-07 11:20:00,0.43235704323570434,-0.06772908366533881,0.3983618763961281,0.34226031065881113,0.6606771276386908,0.00044543429844097997,0.5,0.4107024394116112,0.3422201277560508,0.2176869687201551,0.5652604080324004,0.2943789287923455,0.3528976869804004
2021-06-07 11:30:00,0.39121338912133896,-0.019920318725099695,0.4046165301563662,0.359757186216747,0.6473936998599679,0.00044543429844097997,0.5,0.4107024394116112,0.3422201277560508,0.2176869687201551,0.5652604080324004,0.2943789287923455,0.28179458937489626
2021-06-07 11:40:00,0.3807531380753138,-0.02788844621513953,0.41027550260610535,0.362970898053919,0.6448155370300088,0.00044543429844097997,0.5,0.4107024394116112,0.3422201277560508,0.2176869687201551,0.5652604080324004,0.2943789287923455,0.27708707394722154
2021-06-07 11:50:00,0.38354253835425384,0.298804780876494,0.4192107222635888,0.37653990358864475,0.6497493816335345,0.00044543429844097997,0.5,0.4107024394116112,0.3422201277560508,0.2176869687201551,0.5652604080324004,0.2943789287923455,0.28133439956546014
2021-06-07 12:00:00,0.3521617852161785,-0.2828685258964144,0.42814594192107225,0.38475272272808425,0.6554946277368442,0.00022271714922048998,0.5,0.41507512950170833,0.3316255132799065,0.22404974055732527,0.5080269224648261,0.3100038380194125,0.20751542767475897
2021-06-07 12:10:00,0.27615062761506276,-0.21912350597609564,0.43708116157855526,0.3840385645420461,0.6274751017523655,0.00011135857461024499,0.5,0.41507512950170833,0.3316255132799065,0.22404974055732527,0.5080269224648261,0.3100038380194125,0.14456749702008237
2021-06-07 12:20:00,0.3437935843793584,0.24302788844621515,0.44869694713328356,0.4015354400999822,0.6515684914475665,0.00011135857461024499,0.5,0.41507512950170833,0.3316255132799065,0.22404974055732527,0.5080269224648261,0.3100038380194125,0.2140863346258883
2021-06-07 12:30:00,0.29707112970711297,0.17928286852589648,0.45524944154877134,0.4029637564720585,0.6518171467458874,0.00011135857461024499,0.5,0.41507512950170833,0.3316255132799065,0.22404974055732527,0.5080269224648261,0.3100038380194125,0.16784103082517313
2021-06-07 12:40:00,0.33751743375174337,0.3067729083665336,0.46358897989575576,0.40260667737903955,0.6521312376490295,0.00011135857461024499,0.5,0.41507512950170833,0.3316255132799065,0.22404974055732527,0.5080269224648261,0.3100038380194125,0.19715738491482715
2021-06-07 12:50:00,0.40585774058577406,-0.01195219123505975,0.4659717051377512,0.407962863774326,0.6728743243773802,0.00033407572383073496,0.5,0.41507512950170833,0.3316255132799065,0.22404974055732527,0.5080269224648261,0.3100038380194125,0.29181314784917844
2021-06-07 13:00:00,0.4100418410041841,0.08366533864541825,0.47133283693224115,0.41546152472772735,0.6743269948044129,0.00011135857461024499,0.5,0.5280082568908318,0.32689284985646927,0.2007544933097307,0.403003982281691,0.3135277774394147,0.29296739442038716
2021-06-07 13:10:00,0.40794979079497906,-0.043824701195219196,0.47520476545048385,0.4172469201928226,0.6702961615474212,0.00011135857461024499,0.5,0.5280082568908318,0.32689284985646927,0.2007544933097307,0.403003982281691,0.3135277774394147,0.3054755043227666
2021-06-07 13:20:00,0.33821478382147835,0.21912350597609564,0.4772896500372299,0.42153186930905173,0.6729397599822016,0.00011135857461024499,0.5,0.5280082568908318,0.32689284985646927,0.2007544933097307,0.403003982281691,0.3135277774394147,0.1912050937731038
2021-06-07 13:30:00,0.2831241283124128,0.1872509960159361,0.48384214445271767,0.4176039992858418,0.6865372786640668,0.00011135857461024499,0.5,0.5280082568908318,0.32689284985646927,0.2007544933097307,0.403003982281691,0.3135277774394147,0.1442581891153794
2021-06-07 13:40:00,0.31241283124128316,-0.03585657370517936,0.49069247952345485,0.42795929298339574,0.6724162751436311,0.00011135857461024499,0.5,0.5280082568908318,0.32689284985646927,0.2007544933097307,0.403003982281691,0.3135277774394147,0.15200597492342743
2021-06-07 13:50:00,0.2601115760111576,0.019920318725099362,0.5008190618019359,0.4479557221924655,0.6968106686210102,0.00011135857461024499,0.5,0.5280082568908318,0.32689284985646927,0.2007544933097307,0.403003982281691,0.3135277774394147,0.11079258264556333
2021-06-07 14:00:00,0.21338912133891214,-0.003984063745020028,0.5061801935964259,0.46009641135511514,0.6855164832288545,0.00011135857461024499,0.5,0.5337001283760414,0.3056720123445784,0.20512780517596918,0.29077291214482337,0.3553823589233252,0.06505273322570425
2021-06-07 14:10:00,0.11087866108786612,0.5697211155378485,0.5160089352196573,0.47152294233172665,0.7109971077462669,0.005679287305122495,0.5,0.5337001283760414,0.3056720123445784,0.20512780517596918,0.29077291214482337,0.3553823589233252,0.00291956485658675
2021-06-07 14:20:00,0.12343096234309624,0.7729083665338645,0.5314966492926283,0.46473843956436345,0.7763018413579197,0.7915367483296214,0.5,0.5337001283760414,0.3056720123445784,0.20512780517596918,0.29077291214482337,0.3553823589233252,0.0
2021-06-07 14:30:00,0.09344490934449094,0.7699867197875163,0.5550260610573343,0.49723263702910203,0.7783041708654513,0.9993318485523385,0.5,0.5337001283760414,0.3056720123445784,0.20512780517596918,0.29077291214482337,0.3553823589233252,0.0
2021-06-07 14:40:00,0.19525801952580193,0.7670650730411686,0.5746835443037972,0.5240135690055348,0.7473007813011215,0.8989977728285079,0.5,0.5337001283760414,0.3056720123445784,0.20512780517596918,0.29077291214482337,0.3553823589233252,0.0
2021-06-07 14:50:00,0.18549511854951187,0.7641434262948206,0.5901712583767682,0.545438314586681,0.6800722409077227,0.9651447661469934,0.5,0.5337001283760414,0.3056720123445784,0.20512780517596918,0.29077291214482337,0.3553823589233252,0.0
2021-06-07 15:00:00,0.1324965132496513,0.7612217795484726,0.5999999999999999,0.5593643992144262,0.758437921241706,0.7733853006681515,0.5,0.5393023801098185,0.2962354205518856,0.2040756283925156,0.12441404672240786,0.4468247097952956,0.0
2021-06-07 15:10:00,0.1199442119944212,0.7583001328021246,0.6053611317944898,0.5711480092840564,0.7629398908534112,0.9993318485523385,0.5,0.5393023801098185,0.2962354205518856,0.2040756283925156,0.12441404672240786,0.4468247097952956,0.0
2021-06-07 15:20:00,0.2510460251046025,0.644090305444887,0.6134028294862248,0.5754329584002855,0.7405347397625996,0.9487750556792873,0.5,0.5393023801098185,0.2962354205518856,0.2040756283925156,0.12441404672240786,0.4468247097952956,0.0
2021-06-07 15:30:00,0.2733612273361227,0.5298804780876492,0.6250186150409529,0.5779325120514194,0.7143081493502245,0.0073496659242761695,0.5,0.5393023801098185,0.2962354205518856,0.2040756283925156,0.12441404672240786,0.4468247097952956,0.10424430798014395
2021-06-07 15:40:00,0.21338912133891214,0.1872509960159361,0.6321667907669395,0.597214783074451,0.7245684521862035,0.1022271714922049,0.5,0.5393023801098185,0.2962354205518856,0.2040756283925156,0.12441404672240786,0.4468247097952956,0.03799206361181104
2021-06-07 15:50:00,0.1708507670850767,-0.2509960159362551,0.6268056589724496,0.6164970540974826,0.8011281098271191,0.13552338530066815,0.5,0.5393023801098185,0.2962354205518856,0.2040756283925156,0.12441404672240786,0.4468247097952956,0.010124175807595396
2021-06-07 16:00:00,0.25662482566248257,0.07569721115537842,0.6256142963514517,0.6222103195857882,0.7828061404771564,0.00011135857461024499,0.5,0.6157555325271,0.28855166706416685,0.202634005435507,0.19643960062039686,0.6899422237112611,0.1182989574060383
2021-06-07 16:10:00,0.21548117154811713,0.36254980079681287,0.604169769173492,0.5765041956793431,0.8092944733088168,0.00011135857461024499,0.5,0.6157555325271,0.28855166706416685,0.202634005435507,0.19643960062039686,0.6899422237112611,0.07535796731897944
2021-06-07 16:20:00,0.27615062761506276,0.5378486055776892,0.5970215934475054,0.5582931619353688,0.843360249178783,0.00011135857461024499,0.5,0.6157555325271,0.28855166706416685,0.202634005435507,0.19643960062039686,0.6899422237112611,0.14022209816376724
2021-06-07 16:30:00,0.19177126917712692,0.5458167330677288,0.5931496649292627,0.5472237100517765,0.8979204564787793,0.00011135857461024499,0.5,0.6157555325271,0.28855166706416685,0.202634005435507,0.19643960062039686,0.6899422237112611,0.06284231332136336
2021-06-07 16:40:00,0.12691771269177127,-0.17928286852589637,0.5949367088607593,0.5575790037493304,0.907146876758582,0.564142538975501,0.5,0.6157555325271,0.28855166706416685,0.202634005435507,0.19643960062039686,0.6899422237112611,0.0024820073328605703
2021-06-07 16:50:00,0.03556485355648536,0.095617529880478,0.6137006701414742,0.580074986609534,0.9062176911701195,0.9993318485523385,0.5,0.6157555325271,0.28855166706416685,0.202634005435507,0.19643960062039686,0.6899422237112611,0.0
2021-06-07 17:00:00,0.0885634588563459,0.3705179282868525,0.6375279225614294,0.6054276022138905,0.9062176911701195,0.9993318485523385,0.5,0.6193302499513877,0.2771381035438925,0.19810458538312514,0.2979438843662059,0.7103149452272632,0.0
2021-06-07 17:10:00,0.24476987447698745,0.645418326693227,0.652122114668652,0.6168541331905018,0.8761042258313594,0.9750556792873052,0.5,0.6193302499513877,0.2771381035438925,0.19810458538312514,0.2979438843662059,0.7103149452272632,0.0
2021-06-07 17:20:00,0.19386331938633192,0.9203187250996017,0.6598659717051376,0.6268523477950365,0.83087513577888,0.04120267260579065,0.5,0.6193302499513877,0.2771381035438925,0.19810458538312514,0.2979438843662059,0.7103149452272632,0.031564494470178193
2021-06-07 17:30:00,0.18200836820083682,0.12350597609561742,0.660163812360387,0.6343510087484376,0.8669563282773423,0.034409799554565704,0.5,0.6193302499513877,0.2771381035438925,0.19810458538312514,0.2979438843662059,0.7103149452272632,0.020889599710306746
2021-06-07 17:40:00,0.19316596931659694,-0.22443559096945553,0.6458674609084138,0.6300660596322085,0.8026593029799375,0.9993318485523385,0.5,0.6193302499513877,0.2771381035438925,0.19810458538312514,0.2979438843662059,0.7103149452272632,0.0
2021-06-07 17:50:00,0.37099023709902373,-0.5723771580345285,0.6595681310498882,0.6414925906088198,0.6134195338367513,0.9993318485523385,0.5,0.6193302499513877,0.2771381035438925,0.19810458538312514,0.2979438843662059,0.7103149452272632,0.0
2021-06-07 18:00:00,0.22873082287308227,-0.9203187250996016,0.6649292628443781,0.6643456525620426,0.430540105482195,0.37138084632516705,0.5,0.5950238524619416,0.2652504116296507,0.22165980158408596,0.2778383055137999,0.8057171062077048,0.022662462090921435
2021-06-07 18:10:00,0.24686192468619247,0.47410358565737054,0.6628443782576319,0.6507766470273164,0.4963944981743466,0.00011135857461024499,0.5,0.5950238524619416,0.2652504116296507,0.22165980158408596,0.2778383055137999,0.8057171062077048,0.09963486579054574
2021-06-07 18:20:00,0.33821478382147835,-0.21115537848605592,0.6211466865227102,0.6064988394929476,0.4837392522019081,0.00011135857461024499,0.5,0.5950238524619416,0.2652504116296507,0.22165980158408596,0.2778383055137999,0.8057171062077048,0.1770825474900795
2021-06-07 18:30:00,0.14225941422594143,0.29083665338645415,0.6011913626209975,0.5697196929119801,0.5165879258221984,0.00011135857461024499,0.5,0.5950238524619416,0.2652504116296507,0.22165980158408596,0.2778383055137999,0.8057171062077048,0.034401074279161704
2021-06-07 18:40:00,0.12343096234309624,-0.3067729083665339,0.5925539836187639,0.5640064274236742,0.5291515619478872,0.00011135857461024499,0.5,0.5950238524619416,0.2652504116296507,0.22165980158408596,0.2778383055137999,0.8057171062077048,0.013564283235511565
2021-06-07 18:50:00,0.12691771269177127,0.4501992031872508,0.5877885331347725,0.5640064274236742,0.5301069217782781,0.00011135857461024499,0.5,0.5950238524619416,0.2652504116296507,0.22165980158408596,0.2778383055137999,0.8057171062077048,0.015397498378019524
2021-06-07 19:00:00,0.13389121338912133,0.31474103585657365,0.5836187639612807,0.5632922692376363,0.5495412964102027,0.00011135857461024499,0.5,0.5991929886469418,0.2656239673339908,0.21662832441639826,0.3397771443430936,0.8050244618812696,0.024095840185886508
2021-06-07 19:10:00,0.0899581589958159,0.6334661354581672,0.5800446760982871,0.552579896447063,0.5686092316551282,0.00378619153674833,0.5,0.5991929886469418,0.2656239673339908,0.21662832441639826,0.3397771443430936,0.8050244618812696,0.0
2021-06-07 19:20:00,0.07461645746164575,0.9203187250996017,0.581831720029784,0.5250848062845921,0.5910405569878683,0.7755011135857461,0.5,0.5991929886469418,0.2656239673339908,0.21662832441639826,0.3397771443430936,0.8050244618812696,0.0
2021-06-07 19:30:00,0.05299860529986053,0.7083665338645415,0.5976172747580044,0.5415104445634709,0.5910405569878683,0.9996659242761693,0.5,0.5991929886469418,0.2656239673339908,0.21662832441639826,0.3397771443430936,0.8050244618812696,0.0
2021-06-07 19:40:00,0.16457461645746163,0.49641434262948203,0.6125093075204764,0.5579360828423494,0.5910405569878683,0.9996659242761693,0.5,0.5991929886469418,0.2656239673339908,0.21662832441639826,0.3397771443430936,0.8050244618812696,0.0
2021-06-07 19:50:00,0.16527196652719667,0.2844621513944221,0.6259121370067011,0.5672201392608462,0.526115349884179,0.9996659242761693,0.5,0.5991929886469418,0.2656239673339908,0.21662832441639826,0.3397771443430936,0.8050244618812696,0.0
2021-06-07 20:00:00,0.2175732217573222,0.0725099601593624,0.6285927029039462,0.5707909301910372,0.4878355210637212,0.9996659242761693,0.5,0.6041764071585067,0.27024456404612646,0.20369987814430868,0.29948756664548265,0.8176015401723356,0.0
2021-06-07 20:10:00,0.3528591352859135,-0.1394422310756973,0.6318689501116901,0.5732904838421709,0.3892502388399576,0.2257238307349666,0.5,0.6041764071585067,0.27024456404612646,0.20369987814430868,0.29948756664548265,0.8176015401723356,0.17229204701480152
2021-06-07 20:20:00,0.3103207810320781,-0.01195219123505975,0.6190618019359642,0.5586502410283878,0.40965306042323746,0.00011135857461024499,0.5,0.6041764071585067,0.27024456404612646,0.20369987814430868,0.29948756664548265,0.8176015401723356,0.1504217149237292
2021-06-07 20:30:00,0.3765690376569038,0.2111553784860556,0.6071481757259864,0.532226388144974,0.45049796495269007,0.00011135857461024499,0.5,0.6041764071585067,0.27024456404612646,0.20369987814430868,0.29948756664548265,0.8176015401723356,0.23179232614632528
2021-06-07 20:40:00,0.48117154811715485,-0.03585657370517936,0.6017870439314965,0.5279414390287449,0.45246103309732894,0.00011135857461024499,0.5,0.6041764071585067,0.27024456404612646,0.20369987814430868,0.29948756664548265,0.8176015401723356,0.44644446791496295
2021-06-07 20:50:00,0.5599721059972106,0.05976095617529875,0.5955323901712581,0.5257989644706302,0.45452879820968184,0.00011135857461024499,0.5,0.6041764071585067,0.27024456404612646,0.20369987814430868,0.29948756664548265,0.8176015401723356,0.6111924196931062
2021-06-07 21:00:00,0.5376569037656904,0.10756972111553775,0.588682055100521,0.5207998571683627,0.46016934734527754,0.00011135857461024499,0.5,0.6301195074549157,0.2631326381365901,0.16190118212321591,0.10734476992920922,0.8004174597858813,0.5951687614104441
2021-06-07 21:10:00,0.5376569037656904,0.3227091633466135,0.5824274013402826,0.517586145331191,0.4685451047624033,0.00011135857461024499,0.5,0.6301195074549157,0.2631326381365901,0.16190118212321591,0.10734476992920922,0.8004174597858813,0.5520391689424687
2021-06-07 21:20:00,0.5760111576011158,0.05179282868525892,0.5767684288905432,0.522228173540439,0.47448665768017695,0.00011135857461024499,0.5,0.6301195074549157,0.2631326381365901,0.16190118212321591,0.10734476992920922,0.8004174597858813,0.6283929568326871
2021-06-07 21:30:00,0.5013947001394701,-0.10756972111553798,0.5705137751303051,0.5218710944474201,0.4807684757430213,0.00011135857461024499,0.5,0.6301195074549157,0.2631326381365901,0.16190118212321591,0.10734476992920922,0.8004174597858813,0.4753081762904175
2021-06-07 21:40:00,0.4714086471408647,0.043824701195219085,0.5639612807148173,0.5186573826102483,0.4826922825247674,0.00011135857461024499,0.5,0.6301195074549157,0.2631326381365901,0.16190118212321591,0.10734476992920922,0.8004174597858813,0.4187350061107171
2021-06-07 21:50:00,0.4107391910739191,0.3306772908366533,0.5600893521965746,0.5150865916800571,0.4826922825247674,0.00011135857461024499,0.5,0.6301195074549157,0.2631326381365901,0.16190118212321591,0.10734476992920922,0.8004174597858813,0.2863210465168912
2021-06-07 22:00:00,0.25732217573221755,0.29083665338645415,0.5559195830230825,0.5200856989823246,0.49197105128842705,0.00011135857461024499,0.5,0.48639830993224953,0.27175028088515285,0.27232483387032774,0.0763601755136501,0.2501996676985023,0.1280082079756175
2021-06-07 22:10:00,0.3842398884239888,0.6573705179282865,0.5526433358153384,0.5197286198893054,0.5109081153237099,0.0006681514476614699,0.5,0.48639830993224953,0.27175028088515285,0.27232483387032774,0.0763601755136501,0.2501996676985023,0.3723161881195588
2021-06-07 22:20:00,0.7099023709902371,0.01195219123505975,0.5329858525688755,0.5068737725406176,0.5858973184489145,0.005902004454342985,0.5,0.48639830993224953,0.27175028088515285,0.27232483387032774,0.0763601755136501,0.2501996676985023,0.9469876427720023
2021-06-07 22:30:00,0.6778242677824269,0.043824701195219085,0.5136262099776618,0.4868773433315481,0.5923361819633299,0.1633630289532294,0.5,0.48639830993224953,0.27175028088515285,0.27232483387032774,0.0763601755136501,0.2501996676985023,0.4623700529595486
2021-06-07 22:40:00,0.6192468619246863,-0.7529880478087649,0.5172002978406551,0.4847348687734334,0.583908076062347,0.9993318485523385,0.5,0.48639830993224953,0.27175028088515285,0.27232483387032774,0.0763601755136501,0.2501996676985023,0.0
2021-06-07 22:50:00,0.6269177126917713,-0.3545816733067729,0.5314966492926283,0.4897339760757007,0.5810943450550313,0.9814031180400891,0.5,0.48639830993224953,0.27175028088515285,0.27232483387032774,0.0763601755136501,0.2501996676985023,0.0
2021-06-07 23:00:00,0.7099023709902371,0.043824701195219085,0.5183916604616527,0.4736654168898411,0.5823245344256718,0.09053452115812918,0.5,0.4108571643937091,0.29548830914320534,0.29636156329857233,0.2658758120630514,0.23678616665986957,0.5651130859875976
2021-06-07 23:10:00,0.6436541143654114,-0.1633466135458168,0.48711839166046156,0.4400999821460454,0.5772074701286464,0.0017817371937639199,0.5,0.4108571643937091,0.29548830914320534,0.29636156329857233,0.2658758120630514,0.23678616665986957,0.808621392036453
2021-06-07 23:20:00,0.5348675034867504,0.33864541832669315,0.4802680565897244,0.4301017675415104,0.5788695344911073,0.00011135857461024499,0.5,0.4108571643937091,0.29548830914320534,0.29636156329857233,0.2658758120630514,0.23678616665986957,0.5564222882749672
2021-06-07 23:30:00,0.5411436541143654,-0.11553784860557781,0.47580044676098265,0.43545795393679687,0.586028189658557,0.00011135857461024499,0.5,0.4108571643937091,0.29548830914320534,0.29636156329857233,0.2658758120630514,0.23678616665986957,0.5722045355100563
2021-06-07 23:40:00,0.5181311018131102,0.03585657370517925,0.47580044676098265,0.4365291912158542,0.586028189658557,0.00011135857461024499,0.5,0.4108571643937091,0.29548830914320534,0.29636156329857233,0.2658758120630514,0.23678616665986957,0.5220363021862788
2021-06-07 23:50:00,0.43584379358437936,-0.21115537848605592,0.47550260610573325,0.4450990894483129,0.586028189658557,0.00011135857461024499,0.5,0.4108571643937091,0.29548830914320534,0.29636156329857233,0.2658758120630514,0.23678616665986957,0.35210555698055135
2021-06-08 00:00:00,0.4351464435146444,-0.12749003984063756,0.47326877140729695,0.4443849312622745,0.586028189658557,0.00011135857461024499,0.5,0.38505247941864207,0.31009433718287177,0.3193457355009925,0.47442946140425496,0.2318533003027419,0.3510418395521825
2021-06-08 00:10:00,0.4344490934449094,-0.043824701195219196,0.47103499627699175,0.44367077307623637,0.586028189658557,0.00011135857461024499,0.5,0.38505247941864207,0.31009433718287177,0.3193457355009925,0.47442946140425496,0.2318533003027419,0.34997812212381374
2021-06-08 00:20:00,0.4602510460251046,0.2111553784860556,0.4692479523454949,0.4429566148901982,0.5872976403920901,0.00011135857461024499,0.5,0.38505247941864207,0.31009433718287177,0.3193457355009925,0.47442946140425496,0.2318533003027419,0.40219080525672557
2021-06-08 00:30:00,0.4790794979079498,-0.298804780876494,0.4656738644825016,0.43902874486698806,0.597296200808784,0.00011135857461024499,0.5,0.38505247941864207,0.31009433718287177,0.3193457355009925,0.47442946140425496,0.2318533003027419,0.4238499026811715
2021-06-08 00:40:00,0.394700139470014,0.06772908366533859,0.46358897989575576,0.4415282985181217,0.5914200834958317,0.00011135857461024499,0.5,0.38505247941864207,0.31009433718287177,0.3193457355009925,0.47442946140425496,0.2318533003027419,0.2792597733753791
2021-06-08 00:50:00,0.40027894002789405,-0.019920318725099695,0.4618019359642589,0.4433136939832174,0.5900328486736203,0.00011135857461024499,0.5,0.38505247941864207,0.31009433718287177,0.3193457355009925,0.47442946140425496,0.2318533003027419,0.2768003983282285
2021-06-08 01:00:00,0.4560669456066946,-0.1633466135458168,0.45524944154877134,0.4358150330298163,0.5961576212848935,0.00011135857461024499,0.5,0.32477914417973563,0.31624363877738243,0.3280469597772231,0.6012181535661116,0.20440022200174932,0.3680311420251369
2021-06-08 01:10:00,0.398884239888424,-0.20318725099601598,0.44810126582278453,0.4251026602392429,0.5891690986899792,0.00011135857461024499,0.5,0.32477914417973563,0.31624363877738243,0.3280469597772231,0.6012181535661116,0.20440022200174932,0.2891274499449281
2021-06-08 01:20:00,0.396792189679219,-0.2749003984063746,0.44363365599404303,0.41546152472772735,0.5837248563688474,0.00011135857461024499,0.5,0.32477914417973563,0.31624363877738243,0.3280469597772231,0.6012181535661116,0.20440022200174932,0.26237608823573794
2021-06-08 01:30:00,0.41841004184100417,0.12350597609561742,0.43678332092330585,0.41403320835565083,0.5938804622371124,0.00011135857461024499,0.5,0.32477914417973563,0.31624363877738243,0.3280469597772231,0.6012181535661116,0.20440022200174932,0.30638833984640224
2021-06-08 01:40:00,0.43165969316596936,0.2589641434262948,0.4320178704393147,0.39939296554186754,0.6038921097747707,0.00011135857461024499,0.5,0.32477914417973563,0.31624363877738243,0.3280469597772231,0.6012181535661116,0.20440022200174932,0.3217254854625285
2021-06-08 01:50:00,0.31659693165969316,-0.12350597609561753,0.4266567386448248,0.38653811819317974,0.6033686249362002,0.00011135857461024499,0.5,0.32477914417973563,0.31624363877738243,0.3280469597772231,0.6012181535661116,0.20440022200174932,0.16549481720657241
2021-06-08 02:00:00,0.3200836820083682,0.33864541832669315,0.42129560685033485,0.38475272272808425,0.5866171101019487,0.00011135857461024499,0.5,0.32345999613771204,0.3174074084716669,0.3312666435611334,0.6265449000990923,0.18333161256067892,0.16543446444467916
2021-06-08 02:10:00,0.25174337517433754,0.298804780876494,0.41772151898734156,0.36904124263524385,0.6012615984609546,0.00011135857461024499,0.5,0.32345999613771204,0.3174074084716669,0.3312666435611334,0.6265449000990923,0.18333161256067892,0.10583611207507883
2021-06-08 02:20:00,0.33472803347280333,-0.3466135458167332,0.41444527177959767,0.3604713444027854,0.6108806323696849,0.00011135857461024499,0.5,0.32345999613771204,0.3174074084716669,0.3312666435611334,0.6265449000990923,0.18333161256067892,0.1890323943449462
2021-06-08 02:30:00,0.45258019525801957,0.1872509960159361,0.40997766195085616,0.35440099982146056,0.6066273180563008,0.00011135857461024499,0.5,0.32345999613771204,0.3174074084716669,0.3312666435611334,0.6265449000990923,0.18333161256067892,0.3812031323083423
2021-06-08 02:40:00,0.38284518828451886,0.06772908366533859,0.40491437081161563,0.3404749151937154,0.6098598369344728,0.00011135857461024499,0.5,0.32345999613771204,0.3174074084716669,0.3312666435611334,0.6265449000990923,0.18333161256067892,0.23612263681216714
2021-06-08 02:50:00,0.3284518828451883,0.10756972111553775,0.3992553983618763,0.33868951972861994,0.5931083221002212,0.00011135857461024499,0.5,0.32345999613771204,0.3174074084716669,0.3312666435611334,0.6265449000990923,0.18333161256067892,0.17988140682287973
2021-06-08 03:00:00,0.38284518828451886,-0.09960159362549814,0.39359642591213695,0.33404749151937163,0.6084333407493685,0.00011135857461024499,0.5,0.31466572032834095,0.3155310094337168,0.3337546098519103,0.6171698505334121,0.18106118327021092,0.24938515623821236
2021-06-08 03:10:00,0.4372384937238493,-0.15537848605577698,0.3879374534623974,0.32547759328691295,0.5967858030911779,0.00011135857461024499,0.5,0.31466572032834095,0.3155310094337168,0.3337546098519103,0.6171698505334121,0.18106118327021092,0.33579522307889614
2021-06-08 03:20:00,0.48465829846582986,0.3067729083665336,0.38376768428890506,0.3136939832172827,0.5929120152857572,0.00011135857461024499,0.5,0.31466572032834095,0.3155310094337168,0.3337546098519103,0.6171698505334121,0.18106118327021092,0.4410957043921723
2021-06-08 03:30:00,0.5829846582984658,0.25099601593625476,0.37900223380491416,0.30476700589180505,0.6021776969284527,0.00011135857461024499,0.5,0.31466572032834095,0.3155310094337168,0.3337546098519103,0.6171698505334121,0.18106118327021092,0.6576112376842645
2021-06-08 03:40:00,0.5829846582984658,-0.2270916334661356,0.37453462397617265,0.30476700589180505,0.5987226969938884,0.00011135857461024499,0.5,0.31466572032834095,0.3155310094337168,0.3337546098519103,0.6171698505334121,0.18106118327021092,0.6552725681609005
2021-06-08 03:50:00,0.6206415620641562,0.17131474103585642,0.3697691734921815,0.3036957686127477,0.5909227728991898,0.00033407572383073496,0.5,0.31466572032834095,0.3155310094337168,0.3337546098519103,0.6171698505334121,0.18106118327021092,0.790764518611283
2021-06-08 04:00:00,0.6422594142259415,0.17131474103585642,0.3638123603871928,0.29726834493840393,0.5909227728991898,0.00044543429844097997,0.5,0.24522355408520302,0.3138442617533554,0.3491196626947215,0.6056414154495382,0.18917891725654937,0.8246903148905352
2021-06-08 04:10:00,0.693863319386332,0.07569721115537842,0.3620253164556959,0.29548294947330844,0.5909227728991898,0.000556792873051225,0.5,0.24522355408520302,0.3138442617533554,0.3491196626947215,0.6056414154495382,0.18917891725654937,0.9463916592483064
2021-06-08 04:20:00,0.6666666666666667,-0.13147410358565736,0.35547282204020836,0.29691126584538474,0.5909227728991898,0.00033407572383073496,0.5,0.24522355408520302,0.3138442617533554,0.3491196626947215,0.6056414154495382,0.18917891725654937,0.9040843731611269
2021-06-08 04:30:00,0.6178521617852162,-0.1633466135458168,0.35160089352196544,0.3040528477057669,0.5909227728991898,0.00011135857461024499,0.5,0.24522355408520302,0.3138442617533554,0.3491196626947215,0.6056414154495382,0.18917891725654937,0.7668044721396563
2021-06-08 04:40:00,0.5836820083682008,-0.15537848605577698,0.3453462397617275,0.3133369041242635,0.5909227728991898,0.00022271714922048998,0.5,0.24522355408520302,0.3138442617533554,0.3491196626947215,0.6056414154495382,0.18917891725654937,0.6984926897717157
2021-06-08 04:50:00,0.6422594142259415,0.019920318725099362,0.3447505584512285,0.315122299589359,0.5985656515423172,0.001893095768374165,0.5,0.24522355408520302,0.3138442617533554,0.3491196626947215,0.6056414154495382,0.18917891725654937,0.8416343527920696
2021-06-08 05:00:00,0.6429567642956765,-0.05179282868525903,0.34296351451973184,0.315122299589359,0.6021776969284527,0.05634743875278396,0.5,0.24323671054487916,0.309100104308248,0.3047952097740211,0.5968282070704489,0.19773163135193259,0.6345715708315102
2021-06-08 05:10:00,0.6394700139470014,-0.31474103585657376,0.3390915860014889,0.3186930905195502,0.6021776969284527,0.07338530066815145,0.5,0.24323671054487916,0.309100104308248,0.3047952097740211,0.5968282070704489,0.19773163135193259,0.5469469046577244
2021-06-08 05:20:00,0.7154811715481172,-0.05179282868525903,0.3376023827252417,0.31297982503124455,0.6021776969284527,0.09476614699331849,0.5,0.24323671054487916,0.309100104308248,0.3047952097740211,0.5968282070704489,0.19773163135193259,0.5667878751301356
2021-06-08 05:30:00,0.6889818688981869,-0.03585657370517936,0.3376023827252417,0.30191037314765223,0.6021776969284527,0.05779510022271715,0.5,0.24323671054487916,0.309100104308248,0.3047952097740211,0.5968282070704489,0.19773163135193259,0.7423842358585935
2021-06-08 05:40:00,0.6527196652719665,-0.29083665338645437,0.3307520476545047,0.2979825031244421,0.6021776969284527,0.05,0.5,0.24323671054487916,0.309100104308248,0.3047952097740211,0.5968282070704489,0.19773163135193259,0.7020006940567618
2021-06-08 05:50:00,0.6910739191073919,-0.33864541832669326,0.32747580044676083,0.29726834493840393,0.6021776969284527,0.06325167037861915,0.5,0.24323671054487916,0.309100104308248,0.3047952097740211,0.5968282070704489,0.19773163135193259,0.6957994477722287
2021-06-08 06:00:00,0.6652719665271966,-0.3466135458167332,0.3224125093075203,0.2961971076593466,0.6021776969284527,0.05200445434298441,0.5,0.28111721509707577,0.3352375095903234,0.21239095729065177,0.6278166709530265,0.18927917176911596,0.7349608461457218
2021-06-08 06:10:00,0.7224546722454672,-0.13147410358565736,0.32092330603127306,0.29369755400821274,0.6021776969284527,0.07550111358574611,0.5,0.28111721509707577,0.3352375095903234,0.21239095729065177,0.6278166709530265,0.18927917176911596,0.7166513270063521
2021-06-08 06:20:00,0.7280334728033473,0.03585657370517925,0.32092330603127306,0.28727013033386894,0.6021776969284527,0.07973273942093542,0.5,0.28111721509707577,0.3352375095903234,0.21239095729065177,0.6278166709530265,0.18927917176911596,0.683540293012659
2021-06-08 06:30:00,0.697350069735007,-0.06772908366533881,0.31586001489203275,0.2865559721478308,0.6021776969284527,0.07216035634743875,0.5,0.28111721509707577,0.3352375095903234,0.21239095729065177,0.6278166709530265,0.18927917176911596,0.6865126665359024
2021-06-08 06:40:00,0.6659693165969317,-0.1633466135458168,0.31288160833953826,0.2865559721478308,0.6021776969284527,0.06536748329621381,0.5,0.28111721509707577,0.3352375095903234,0.21239095729065177,0.6278166709530265,0.18927917176911596,0.6356277441646423
2021-06-08 06:50:00,0.6959553695955369,-0.11553784860557781,0.31198808637378983,0.2865559721478308,0.6021776969284527,0.06881959910913141,0.5,0.28111721509707577,0.3352375095903234,0.21239095729065177,0.6278166709530265,0.18927917176911596,0.6613832853025937
2021-06-08 07:00:00,0.7154811715481172,-0.23505976095617542,0.31198808637378983,0.2865559721478308,0.6021776969284527,0.07048997772828508,0.5,0.2947239081282478,0.3256716100538216,0.20128952209717083,0.6544010846751079,0.18699051074785827,0.7116571359596844
2021-06-08 07:10:00,0.6785216178521618,-0.12350597609561753,0.31198808637378983,0.2865559721478308,0.6021776969284527,0.03953229398663697,0.5,0.2947239081282478,0.3256716100538216,0.20128952209717083,0.6544010846751079,0.18699051074785827,0.81440771308297
2021-06-08 07:20:00,0.7475592747559275,-0.15537848605577698,0.3149664929262843,0.2858418139617924,0.6021776969284527,0.03574610244988864,0.5,0.2947239081282478,0.3256716100538216,0.20128952209717083,0.6544010846751079,0.18699051074785827,0.9711740121007287
2021-06-08 07:30:00,0.5557880055788006,-0.043824701195219196,0.32092330603127306,0.28727013033386894,0.5954901781157163,0.004899777282850779,0.5,0.2947239081282478,0.3256716100538216,0.20128952209717083,0.6544010846751079,0.18699051074785827,0.6435565882583701
2021-06-08 07:40:00,0.5097629009762901,0.09163346613545809,0.3227103499627697,0.3026245313336904,0.59224457211658,0.00044543429844097997,0.5,0.2947239081282478,0.3256716100538216,0.20128952209717083,0.6544010846751079,0.18699051074785827,0.5722271677957662
2021-06-08 07:50:00,0.8396094839609484,0.17928286852589648,0.33611317944899466,0.3058382431708624,0.5995733598565651,0.05601336302895323,0.5,0.2947239081282478,0.3256716100538216,0.20128952209717083,0.6544010846751079,0.18699051074785827,0.6470268946995187
2021-06-08 08:00:00,0.8842398884239888,0.2350597609561753,0.3524944154877139,0.2979825031244421,0.6034078862990931,0.07249443207126949,0.5,0.30503274773090583,0.32788133572026007,0.21945856202675348,0.6611580962520037,0.20056636066425265,0.7218265763386997
2021-06-08 08:10:00,0.8549511854951185,0.09163346613545809,0.3602382725241995,0.3044099267987861,0.6034078862990931,0.055233853006681516,0.5,0.30503274773090583,0.32788133572026007,0.21945856202675348,0.6611580962520037,0.20056636066425265,0.7966262806101665
2021-06-08 08:20:00,0.7852161785216178,0.2749003984063745,0.37125837676842877,0.31297982503124455,0.606234704427373,0.03028953229398664,0.5,0.30503274773090583,0.32788133572026007,0.21945856202675348,0.6611580962520037,0.20056636066425265,0.8714259848816331
2021-06-08 08:30:00,0.8744769874476986,-0.3067729083665339,0.37453462397617265,0.33404749151937163,0.613458795199644,0.08841870824053452,0.5,0.30503274773090583,0.32788133572026007,0.21945856202675348,0.6611580962520037,0.20056636066425265,0.9462256891530999
2021-06-08 08:40:00,0.8535564853556485,-0.10756972111553798,0.37900223380491416,0.34333154793786824,0.613458795199644,0.08619153674832962,0.5,0.30503274773090583,0.32788133572026007,0.21945856202675348,0.6611580962520037,0.20056636066425265,0.9372783922024233
2021-06-08 08:50:00,0.8668061366806137,0.17928286852589648,0.38585256887565134,0.34654525977504025,0.613458795199644,0.09376391982182629,0.5,0.30503274773090583,0.32788133572026007,0.21945856202675348,0.6611580962520037,0.20056636066425265,0.9090031232554281
2021-06-08 09:00:00,0.902370990237099,0.2828685258964143,0.3950856291883842,0.35154436707730774,0.6134849694415725,0.1148106904231626,0.5,0.3112457278861511,0.34312528196271735,0.25625596264157374,0.8100710989485429,0.23881669747256845,0.8136155830831209
2021-06-08 09:10:00,0.896094839609484,0.06772908366533859,0.4043186895011168,0.3540439207284414,0.6215728101974847,0.11692650334075724,0.5,0.3112457278861511,0.34312528196271735,0.25625596264157374,0.8100710989485429,0.23881669747256845,0.7513541650949802
2021-06-08 09:20:00,0.8856345885634588,-0.47410358565737054,0.40610573343261325,0.36368505623995717,0.6267160487364385,0.10601336302895323,0.5,0.3112457278861511,0.34312528196271735,0.25625596264157374,0.8100710989485429,0.23881669747256845,0.7901157264209303
2021-06-08 09:30:00,0.9553695955369595,0.05976095617529875,0.4117647058823528,0.3665416889841102,0.6244519768096216,0.12371937639198217,0.5,0.3112457278861511,0.34312528196271735,0.25625596264157374,0.8100710989485429,0.23881669747256845,0.8135703185117009
2021-06-08 09:40:00,0.9260808926080892,-0.14741035856573714,0.4150409530900967,0.3679700053561865,0.627200272212116,0.12739420935412027,0.5,0.3112457278861511,0.34312528196271735,0.25625596264157374,0.8100710989485429,0.23881669747256845,0.716855017577742
2021-06-08 09:50:00,0.9414225941422594,0.10756972111553775,0.42189128816083366,0.36868416354222466,0.627200272212116,0.1275055679287305,0.5,0.3112457278861511,0.34312528196271735,0.25625596264157374,0.8100710989485429,0.23881669747256845,0.7909531209921995
2021-06-08 10:00:00,0.9518828451882846,-0.1394422310756973,0.4278481012658226,0.3726120335654348,0.6305636622999307,0.13229398663697106,0.5,0.4582973648057531,0.3437775676926033,0.2098418665923029,0.8397202571205794,0.2674271019359218,0.7004994191046667
2021-06-08 10:10:00,0.9965132496513249,-0.003984063745020028,0.4352941176470586,0.3776111408677021,0.6333381319443536,0.1380846325167038,0.5,0.4582973648057531,0.3437775676926033,0.2098418665923029,0.8397202571205794,0.2674271019359218,0.7321393545272116
2021-06-08 10:20:00,0.9100418410041842,0.06772908366533859,0.4382725241995531,0.3779682199607215,0.6276452343249009,0.11124721603563476,0.5,0.4582973648057531,0.3437775676926033,0.2098418665923029,0.8397202571205794,0.2674271019359218,0.836858940507265
2021-06-08 10:30:00,0.8340306834030684,0.05179282868525892,0.4379746835443037,0.3904659882163899,0.6281425449215428,0.05679287305122494,0.5,0.4582973648057531,0.3437775676926033,0.2098418665923029,0.8397202571205794,0.2674271019359218,0.7060317681850415
2021-06-08 10:40:00,0.8054393305439331,-0.21912350597609564,0.43708116157855526,0.3972504909837531,0.6256559919383335,0.03518930957683742,0.5,0.4582973648057531,0.3437775676926033,0.2098418665923029,0.8397202571205794,0.2674271019359218,0.5752045732305325
2021-06-08 10:50:00,0.4686192468619247,0.346613545816733,0.4346984363365598,0.4161756829137653,0.6247006321079426,0.00011135857461024499,0.5,0.4582973648057531,0.3437775676926033,0.2098418665923029,0.8397202571205794,0.2674271019359218,0.4443773858201186
2021-06-08 11:00:00,0.42398884239888424,0.17131474103585642,0.434102755026061,0.4372433494018926,0.6459279423119708,0.00011135857461024499,0.5,0.41821015314738075,0.369055794854701,0.25442463988276287,0.6988416692799929,0.29154939373936295,0.34425215383919006
2021-06-08 11:10:00,0.4679218967921897,-0.2749003984063746,0.434102755026061,0.4672379932154971,0.6607556503644763,0.00011135857461024499,0.5,0.41821015314738075,0.369055794854701,0.25442463988276287,0.6988416692799929,0.29154939373936295,0.40074988306652387
2021-06-08 11:20:00,0.25313807531380755,0.12350597609561742,0.434102755026061,0.4740224959828603,0.6420410673855859,0.00011135857461024499,0.5,0.41821015314738075,0.369055794854701,0.25442463988276287,0.6988416692799929,0.29154939373936295,0.11732576912050939
2021-06-08 11:30:00,0.29288702928870297,0.38645418326693215,0.434102755026061,0.4786645241921086,0.6565285102930206,0.00011135857461024499,0.5,0.41821015314738075,0.369055794854701,0.25442463988276287,0.6988416692799929,0.29154939373936295,0.15213422454245062
2021-06-08 11:40:00,0.41841004184100417,-0.05179282868525903,0.434102755026061,0.4618818068202106,0.6678357828061404,0.00011135857461024499,0.5,0.41821015314738075,0.369055794854701,0.25442463988276287,0.6988416692799929,0.29154939373936295,0.30848559832219324
2021-06-08 11:50:00,0.3716875871687587,-0.1394422310756973,0.434102755026061,0.44402785216925555,0.6698773736765649,0.00011135857461024499,0.5,0.41821015314738075,0.369055794854701,0.25442463988276287,0.6988416692799929,0.29154939373936295,0.2614255322359189
2021-06-08 12:00:00,0.28172942817294283,0.5617529880478087,0.4349962769918092,0.45795393679700047,0.6962479224195469,0.00011135857461024499,0.5,0.38153476242427575,0.38948929188205983,0.2789483355456057,0.6778284472690607,0.2947419778711042,0.130822155498891
2021-06-08 12:10:00,0.3417015341701534,0.7370517928286848,0.43320923306031256,0.46295304409926796,0.7805028071874468,0.00011135857461024499,0.5,0.38153476242427575,0.38948929188205983,0.2789483355456057,0.6778284472690607,0.2947419778711042,0.22478386167146974
2021-06-08 12:20:00,0.48326359832635984,0.4980079681274898,0.4349962769918092,0.4608105695411533,0.7407179594560993,0.6996659242761692,0.5,0.38153476242427575,0.38948929188205983,0.2789483355456057,0.6778284472690607,0.2947419778711042,0.005507189522760535
2021-06-08 12:30:00,0.5146443514644351,0.2589641434262946,0.45941921072226344,0.48866273879664335,0.5155409561450577,0.6742761692650334,0.5,0.38153476242427575,0.38948929188205983,0.2789483355456057,0.6778284472690607,0.2947419778711042,0.03254522685094377
2021-06-08 12:40:00,0.44839609483960946,0.019920318725099362,0.44810126582278453,0.4800928405641849,0.47160749106803995,0.00011135857461024499,0.5,0.38153476242427575,0.38948929188205983,0.2789483355456057,0.6778284472690607,0.2947419778711042,0.3871177029738823
2021-06-08 12:50:00,0.394700139470014,-0.09960159362549814,0.41444527177959767,0.4333154793786824,0.48691942259622306,0.00011135857461024499,0.5,0.38153476242427575,0.38948929188205983,0.2789483355456057,0.6778284472690607,0.2947419778711042,0.3218537350815517
2021-06-08 13:00:00,0.2831241283124128,0.5219123505976095,0.4069992553983617,0.41510444563470794,0.5152137781209511,0.00011135857461024499,0.5,0.450187094155438,0.39364725422189817,0.2794695415935742,0.6904957984922989,0.29511329475023346,0.15115349216168505
2021-06-08 13:10:00,0.26638772663877264,-0.21115537848605592,0.4043186895011168,0.3986788073558294,0.5444634934760701,0.00011135857461024499,0.5,0.450187094155438,0.39364725422189817,0.2794695415935742,0.6904957984922989,0.29511329475023346,0.11942302759630039
2021-06-08 13:20:00,0.22036262203626222,-0.4103585657370519,0.4114668652271034,0.38653811819317974,0.5400793079530435,0.00011135857461024499,0.5,0.450187094155438,0.39364725422189817,0.2794695415935742,0.6904957984922989,0.29511329475023346,0.0879264299832521
2021-06-08 13:30:00,0.16736401673640167,0.5697211155378485,0.4236783320923303,0.3940367791465811,0.5486644593055974,0.00011135857461024499,0.5,0.450187094155438,0.39364725422189817,0.2794695415935742,0.6904957984922989,0.29511329475023346,0.05139792084735278
2021-06-08 13:40:00,0.28521617852161785,0.33864541832669315,0.43320923306031256,0.4083199428673452,0.5716454437188362,0.00011135857461024499,0.5,0.450187094155438,0.39364725422189817,0.2794695415935742,0.6904957984922989,0.29511329475023346,0.1583581031126937
2021-06-08 13:50:00,0.3312412831241283,0.05976095617529875,0.42903946388682024,0.3968934118907337,0.603054534033058,0.00011135857461024499,0.5,0.450187094155438,0.39364725422189817,0.2794695415935742,0.6904957984922989,0.29511329475023346,0.18866273367834996
2021-06-08 14:00:00,0.28033472803347276,0.25099601593625476,0.4278481012658226,0.38975183003035174,0.6066796665401579,0.00011135857461024499,0.5,0.4632156447335638,0.3862709658139069,0.2806202529510598,0.5705554300963246,0.2791986671154301,0.1415272266397091
2021-06-08 14:10:00,0.2907949790794979,-0.11553784860557781,0.4317200297840653,0.3843956436350653,0.6151208595621049,0.00011135857461024499,0.5,0.4632156447335638,0.3862709658139069,0.2806202529510598,0.5705554300963246,0.2791986671154301,0.15775457549376104
2021-06-08 14:20:00,0.3417015341701534,0.1633466135458166,0.43976172747580033,0.3951080164256384,0.6385860674510215,0.00011135857461024499,0.5,0.4632156447335638,0.3862709658139069,0.2806202529510598,0.5705554300963246,0.2791986671154301,0.20039380177135357
2021-06-08 14:30:00,0.35495118549511856,-0.12350597609561753,0.44929262844378237,0.3983217282628102,0.6371988326288099,0.00011135857461024499,0.5,0.4632156447335638,0.3862709658139069,0.2806202529510598,0.5705554300963246,0.2791986671154301,0.23167162062253874
2021-06-08 14:40:00,0.38284518828451886,-0.05179282868525903,0.4591213700670138,0.4061774683092303,0.6477732263679313,0.00011135857461024499,0.5,0.4632156447335638,0.3862709658139069,0.2806202529510598,0.5705554300963246,0.2791986671154301,0.24802721909561384
2021-06-08 14:50:00,0.3354253835425383,0.1872509960159361,0.4668652271034994,0.4193893947509373,0.6374867492900237,0.00011135857461024499,0.5,0.4632156447335638,0.3862709658139069,0.2806202529510598,0.5705554300963246,0.2791986671154301,0.19218582615386937
2021-06-08 15:00:00,0.2601115760111576,-0.2589641434262948,0.47431124348473563,0.4229601856811285,0.6387038515396998,0.00011135857461024499,0.5,0.47470518370381387,0.38725945167769765,0.2713342887509405,0.5430915624637627,0.2628606130071138,0.12649184483304918
2021-06-08 15:10:00,0.24686192468619247,0.3067729083665336,0.48265078183171983,0.4286734511694341,0.6669327714596066,0.00011135857461024499,0.5,0.47470518370381387,0.38725945167769765,0.2713342887509405,0.5430915624637627,0.2628606130071138,0.08707394722150973
2021-06-08 15:20:00,0.3361227336122734,-0.0916334661354582,0.49158600148920306,0.45188359221567564,0.6484930180209655,0.00011135857461024499,0.5,0.47470518370381387,0.38725945167769765,0.2713342887509405,0.5430915624637627,0.2628606130071138,0.19606349110551172
2021-06-08 15:30:00,0.1792189679218968,0.003984063745019917,0.4957557706626954,0.44866988037850386,0.6780306500372983,0.00011135857461024499,0.5,0.47470518370381387,0.38725945167769765,0.2713342887509405,0.5430915624637627,0.2628606130071138,0.04586809903888227
2021-06-08 15:40:00,0.14644351464435149,0.24302788844621515,0.5037974683544302,0.46652383502945916,0.6793524492546885,0.09855233853006681,0.5,0.47470518370381387,0.38725945167769765,0.2713342887509405,0.5430915624637627,0.2628606130071138,0.02696259637581665
2021-06-08 15:50:00,0.1882845188284519,0.06374501992031867,0.5192851824274012,0.46973754686663094,0.6896781876954888,0.9995545657015591,0.5,0.47470518370381387,0.38725945167769765,0.2713342887509405,0.5430915624637627,0.2628606130071138,0.0
2021-06-08 16:00:00,0.2789400278940028,-0.11553784860557781,0.5440059568131048,0.4943760042849492,0.6639489078797556,0.22015590200445434,0.5,0.5290749553985812,0.36684319568284607,0.255042605107033,0.5856223029115348,0.27310050356275517,0.049391191514401675
2021-06-08 16:10:00,0.15202231520223153,0.4661354581673305,0.5586001489203274,0.5432958400285663,0.6360471659839552,0.00011135857461024499,0.5,0.5290749553985812,0.36684319568284607,0.255042605107033,0.5856223029115348,0.27310050356275517,0.02383179685260347
2021-06-08 16:20:00,0.09065550906555091,0.3645418326693226,0.5437081161578554,0.5465095518657381,0.6611613511143684,0.4162583518930958,0.5,0.5290749553985812,0.36684319568284607,0.255042605107033,0.5856223029115348,0.27310050356275517,0.0
2021-06-08 16:30:00,0.16108786610878661,0.26294820717131473,0.5535368577810869,0.5279414390287449,0.6552067110756304,0.9992204899777284,0.5,0.5290749553985812,0.36684319568284607,0.255042605107033,0.5856223029115348,0.27310050356275517,0.0
2021-06-08 16:40:00,0.09274755927475593,0.16135458167330663,0.5749813849590466,0.545438314586681,0.6552067110756304,0.9992204899777284,0.5,0.5290749553985812,0.36684319568284607,0.255042605107033,0.5856223029115348,0.27310050356275517,0.0
2021-06-08 16:50:00,0.12343096234309624,0.05976095617529875,0.58927773641102,0.5529369755400819,0.6552067110756304,0.9992204899777284,0.5,0.5290749553985812,0.36684319568284607,0.255042605107033,0.5856223029115348,0.27310050356275517,0.0
2021-06-08 17:00:00,0.17852161785216178,-0.04183266932270935,0.5997021593447505,0.5636493483306553,0.6552067110756304,0.9992204899777284,0.5,0.530288240734595,0.3601737896076791,0.2526574850704903,0.5480554105876111,0.2834345004374094,0.0
2021-06-08 17:10:00,0.11924686192468618,-0.14342629482071723,0.6038719285182426,0.5668630601678271,0.6552067110756304,0.9992204899777284,0.5,0.530288240734595,0.3601737896076791,0.2526574850704903,0.5480554105876111,0.2834345004374094,0.0
2021-06-08 17:20:00,0.055090655509065556,-0.245019920318725,0.6032762472077438,0.5597214783074451,0.6552067110756304,0.9992204899777284,0.5,0.530288240734595,0.3601737896076791,0.2526574850704903,0.5480554105876111,0.2834345004374094,0.0
2021-06-08 17:30:00,0.1596931659693166,-0.3466135458167332,0.5994043186895008,0.552222817354044,0.6552067110756304,0.9992204899777284,0.5,0.530288240734595,0.3601737896076791,0.2526574850704903,0.5480554105876111,0.2834345004374094,0.0
2021-06-08 17:40:00,0.030683403068340307,-0.45418326693227096,0.5976172747580044,0.5504374218889485,0.6552067110756304,0.9992204899777284,0.5,0.530288240734595,0.3601737896076791,0.2526574850704903,0.5480554105876111,0.2834345004374094,0.0
2021-06-08 17:50:00,0.056485355648535567,-0.5617529880478087,0.6032762472077438,0.5511515800749867,0.6552067110756304,0.9992204899777284,0.5,0.530288240734595,0.3601737896076791,0.2526574850704903,0.5480554105876111,0.2834345004374094,0.0
2021-06-08 18:00:00,0.13737796373779637,-0.33864541832669326,0.6104244229337303,0.5543652919121587,0.6552067110756304,0.9992204899777284,0.5,0.48091819721214857,0.34655912093722413,0.33220976019829673,0.4665886103073321,0.3489441904860347,0.0
2021-06-08 18:10:00,0.10739191073919108,-0.11553784860557759,0.6125093075204764,0.5504374218889485,0.6552067110756304,0.9992204899777284,0.5,0.48091819721214857,0.34655912093722413,0.33220976019829673,0.4665886103073321,0.3489441904860347,0.0
2021-06-08 18:20:00,0.1387726638772664,0.10756972111553775,0.6125093075204764,0.5504374218889485,0.6552067110756304,0.9992204899777284,0.5,0.48091819721214857,0.34655912093722413,0.33220976019829673,0.4665886103073321,0.3489441904860347,0.0
2021-06-08 18:30:00,0.1506276150627615,-0.8007968127490039,0.6125093075204764,0.5504374218889485,0.6552067110756304,0.8356347438752785,0.5,0.48091819721214857,0.34655912093722413,0.33220976019829673,0.4665886103073321,0.3489441904860347,0.0
2021-06-08 18:40:00,0.19595536959553697,-0.452855245683931,0.6077438570364853,0.5504374218889485,0.6834356309955373,0.667260579064588,0.5,0.48091819721214857,0.34655912093722413,0.33220976019829673,0.4665886103073321,0.3489441904860347,0.0
2021-06-08 18:50:00,0.1680613668061367,-0.10491367861885803,0.6139985107967236,0.5504374218889485,0.7093088691418775,0.8359688195991091,0.5,0.48091819721214857,0.34655912093722413,0.33220976019829673,0.4665886103073321,0.3489441904860347,0.0
2021-06-08 19:00:00,0.30613668061366806,0.24302788844621515,0.6178704393149663,0.5515086591680056,0.6361649500726335,0.16915367483296215,0.5,0.4746644929346482,0.3480590907654176,0.33299321785385616,0.47041944594126267,0.3627428094672169,0.09768094512425124
2021-06-08 19:10:00,0.3158995815899582,-0.24302788844621515,0.6199553239017124,0.5547223710051776,0.6838805931083222,0.00011135857461024499,0.5,0.4746644929346482,0.3480590907654176,0.33299321785385616,0.47041944594126267,0.3627428094672169,0.15618540368453612
2021-06-08 19:20:00,0.301952580195258,0.01195219123505975,0.5776619508562917,0.517586145331191,0.6899530172357383,0.00011135857461024499,0.5,0.4746644929346482,0.3480590907654176,0.33299321785385616,0.47041944594126267,0.3627428094672169,0.15159859378064788
2021-06-08 19:30:00,0.23361227336122734,-0.12350597609561753,0.5547282204020847,0.47652204963399414,0.6843517294630354,0.00011135857461024499,0.5,0.4746644929346482,0.3480590907654176,0.33299321785385616,0.47041944594126267,0.3627428094672169,0.09762059236235798
2021-06-08 19:40:00,0.2775453277545328,0.3067729083665336,0.544899478778853,0.4572397786109621,0.6858567483739253,0.00011135857461024499,0.5,0.4746644929346482,0.3480590907654176,0.33299321785385616,0.47041944594126267,0.3627428094672169,0.1292378954991928
2021-06-08 19:50:00,0.29497907949790797,-0.3784860557768924,0.5380491437081161,0.4558114622388858,0.6862231877609245,0.00011135857461024499,0.5,0.4746644929346482,0.3480590907654176,0.33299321785385616,0.47041944594126267,0.3627428094672169,0.1381701042593962
2021-06-08 20:00:00,0.4609483960948396,-0.07569721115537853,0.5320923306031271,0.4447420103552937,0.6769444189972648,0.00011135857461024499,0.5,0.47424104211061,0.3500762915688467,0.35082163504746716,0.4403127865799713,0.33548703910712446,0.37503960649999246
2021-06-08 20:10:00,0.39121338912133896,0.09960159362549792,0.5210722263588978,0.43260132119264405,0.6948999489602282,0.00011135857461024499,0.5,0.47424104211061,0.3500762915688467,0.35082163504746716,0.4403127865799713,0.33548703910712446,0.27546509347133996
2021-06-08 20:20:00,0.36262203626220363,-0.1394422310756973,0.5157110945644079,0.42688805570433863,0.6987999110075774,0.00011135857461024499,0.5,0.47424104211061,0.3500762915688467,0.35082163504746716,0.4403127865799713,0.33548703910712446,0.20924302548395374
2021-06-08 20:30:00,0.34239888423988846,-0.09960159362549814,0.5109456440804168,0.439385823960007,0.683370195390716,0.00011135857461024499,0.5,0.47424104211061,0.3500762915688467,0.35082163504746716,0.4403127865799713,0.33548703910712446,0.19842479291458576
2021-06-08 20:40:00,0.3591352859135286,-0.059760956175298974,0.504393149664929,0.43902874486698806,0.6951224300166206,0.00011135857461024499,0.5,0.47424104211061,0.3500762915688467,0.35082163504746716,0.4403127865799713,0.33548703910712446,0.21814505786321048
2021-06-08 20:50:00,0.3493723849372385,0.06772908366533859,0.4972449739389424,0.4176039992858418,0.6849668241483555,0.00011135857461024499,0.5,0.47424104211061,0.3500762915688467,0.35082163504746716,0.4403127865799713,0.33548703910712446,0.19796460310514963
2021-06-08 21:00:00,0.3849372384937238,0.3784860557768923,0.488905435591958,0.40439207284413503,0.6796534530368664,0.00011135857461024499,0.5,0.4794280478803612,0.35107914495972825,0.35736942869095994,0.40707760888940697,0.2956360854347608,0.2465410323339922
2021-06-08 21:10:00,0.3437935843793584,-0.09960159362549814,0.48324646314221864,0.40082128191394384,0.6797581500045804,0.00011135857461024499,0.5,0.4794280478803612,0.35107914495972825,0.35736942869095994,0.40707760888940697,0.2956360854347608,0.19963939224768773
2021-06-08 21:20:00,0.32566248256624825,-0.21912350597609564,0.47580044676098265,0.3929655418675235,0.671199172893955,0.00011135857461024499,0.5,0.4794280478803612,0.35107914495972825,0.35736942869095994,0.40707760888940697,0.2956360854347608,0.18575825701223653
2021-06-08 21:30:00,0.40027894002789405,-0.298804780876494,0.46805658972449726,0.3861810391001608,0.6673122979675701,0.00011135857461024499,0.5,0.4794280478803612,0.35107914495972825,0.35736942869095994,0.40707760888940697,0.2956360854347608,0.28154563423208656
2021-06-08 21:40:00,0.4825662482566248,-0.13147410358565736,0.4606105733432613,0.3836814854490269,0.662299930638259,0.00011135857461024499,0.5,0.4794280478803612,0.35107914495972825,0.35736942869095994,0.40707760888940697,0.2956360854347608,0.4028999502089714
2021-06-08 21:50:00,0.4330543933054393,0.14741035856573692,0.45465376023827253,0.37368327084449215,0.6561620709060214,0.00011135857461024499,0.5,0.4794280478803612,0.35107914495972825,0.35736942869095994,0.40707760888940697,0.2956360854347608,0.31931137498679785
2021-06-08 22:00:00,0.34239888423988846,0.11553784860557759,0.44839910647803394,0.3661846098910908,0.6561620709060214,0.00011135857461024499,0.5,0.36318079075505727,0.35425436844661295,0.43867630403280333,0.45040061366839385,0.27965368151024883,0.18828552891651706
2021-06-08 22:10:00,0.39609483960948394,-0.02788844621513953,0.4418466120625464,0.36261381896089984,0.6561620709060214,0.00011135857461024499,0.5,0.36318079075505727,0.35425436844661295,0.43867630403280333,0.45040061366839385,0.27965368151024883,0.2507732697617575
2021-06-08 22:20:00,0.36401673640167365,0.3067729083665336,0.4346984363365598,0.3551151580074987,0.6561620709060214,0.00011135857461024499,0.5,0.36318079075505727,0.35425436844661295,0.43867630403280333,0.45040061366839385,0.27965368151024883,0.2068440031986964
2021-06-08 22:30:00,0.42677824267782427,0.4581673306772909,0.4275502606105732,0.34511694340296395,0.6561620709060214,0.00011135857461024499,0.5,0.36318079075505727,0.35425436844661295,0.43867630403280333,0.45040061366839385,0.27965368151024883,0.29414427327730586
2021-06-08 22:40:00,0.4435146443514645,0.298804780876494,0.42427401340282933,0.3390465988216391,0.6561620709060214,0.00011135857461024499,0.5,0.36318079075505727,0.35425436844661295,0.43867630403280333,0.45040061366839385,0.27965368151024883,0.35774099612233506
2021-06-08 22:50:00,0.4665271966527197,-0.14741035856573714,0.4198064035740878,0.3329762542403143,0.6561620709060214,0.00011135857461024499,0.5,0.36318079075505727,0.35425436844661295,0.43867630403280333,0.45040061366839385,0.27965368151024883,0.37587700107126154
2021-06-08 23:00:00,0.47629009762900976,-0.09960159362549814,0.41682799702159334,0.3329762542403143,0.6560704610592716,0.00011135857461024499,0.5,0.2965560600395636,0.3650644958291068,0.49436241472859815,0.46131148000796274,0.27145589679897386,0.4261583958235889
2021-06-08 23:10:00,0.5,0.07569721115537842,0.4129560685033504,0.3301196214961615,0.6560704610592716,0.00011135857461024499,0.5,0.2965560600395636,0.3650644958291068,0.49436241472859815,0.46131148000796274,0.27145589679897386,0.4816301280987371
2021-06-08 23:20:00,0.5404463040446305,-0.003984063745020028,0.4064035740878629,0.32547759328691295,0.6560704610592716,0.00011135857461024499,0.5,0.2965560600395636,0.3650644958291068,0.49436241472859815,0.46131148000796274,0.27145589679897386,0.5714199496054438
2021-06-08 23:30:00,0.5216178521617852,-0.3227091633466136,0.40163812360387197,0.32547759328691295,0.6560704610592716,0.00011135857461024499,0.5,0.2965560600395636,0.3650644958291068,0.49436241472859815,0.46131148000796274,0.27145589679897386,0.5318436259939345
2021-06-08 23:40:00,0.5404463040446305,-0.33067729083665354,0.3959791511541324,0.32547759328691295,0.6560704610592716,0.00011135857461024499,0.5,0.2965560600395636,0.3650644958291068,0.49436241472859815,0.46131148000796274,0.27145589679897386,0.5529897249422877
2021-06-08 23:50:00,0.4909344490934449,0.17131474103585642,0.3891288160833952,0.32404927691483665,0.6461765976102917,0.00011135857461024499,0.5,0.2965560600395636,0.3650644958291068,0.49436241472859815,0.46131148000796274,0.27145589679897386,0.4702838088628031
2021-06-09 00:00:00,0.4588563458856346,0.17131474103585642,0.3828741623231571,0.32226388144974116,0.6447501014251874,0.00011135857461024499,0.5,0.3012951671706874,0.35697845158287056,0.5095418116944688,0.4823644002190771,0.26346356056364156,0.4348114730600359
2021-06-09 00:10:00,0.40585774058577406,-0.14741035856573714,0.37840655249441535,0.32226388144974116,0.6447370143042231,0.00011135857461024499,0.5,0.3012951671706874,0.35697845158287056,0.5095418116944688,0.4823644002190771,0.26346356056364156,0.33307180469846254
2021-06-09 00:20:00,0.4198047419804742,-0.20318725099601598,0.3739389426656736,0.32226388144974116,0.6447370143042231,0.00011135857461024499,0.5,0.3012951671706874,0.35697845158287056,0.5095418116944688,0.4823644002190771,0.26346356056364156,0.3503251505047
2021-06-09 00:30:00,0.45397489539748953,0.06772908366533859,0.37155621742367817,0.31619353686841634,0.6341887948070304,0.00011135857461024499,0.5,0.3012951671706874,0.35697845158287056,0.5095418116944688,0.4823644002190771,0.26346356056364156,0.39396019735353144
2021-06-09 00:40:00,0.4330543933054393,0.21912350597609564,0.3676842889054355,0.30655240135690076,0.6334559160330319,0.00011135857461024499,0.5,0.3012951671706874,0.35697845158287056,0.5095418116944688,0.4823644002190771,0.26346356056364156,0.38259878992712404
2021-06-09 00:50:00,0.4860529986052998,-0.003984063745020028,0.3655994043186892,0.3022674522406714,0.6334559160330319,0.00011135857461024499,0.5,0.3012951671706874,0.35697845158287056,0.5095418116944688,0.4823644002190771,0.26346356056364156,0.4500882659142689
2021-06-09 01:00:00,0.4735006973500697,0.043824701195219085,0.3655994043186892,0.2976254240314231,0.6334559160330319,0.00011135857461024499,0.5,0.26515722813146314,0.3447804210834849,0.5739524804652354,0.4818386770715952,0.2627913951180127,0.43183909953679256
2021-06-09 01:10:00,0.48326359832635984,-0.14741035856573714,0.3655994043186892,0.29726834493840393,0.6334559160330319,0.00011135857461024499,0.5,0.26515722813146314,0.3447804210834849,0.5739524804652354,0.4818386770715952,0.2627913951180127,0.436863466964407
2021-06-09 01:20:00,0.4504881450488145,-0.019920318725099695,0.36530156366344,0.29726834493840393,0.6280640221957571,0.00011135857461024499,0.5,0.26515722813146314,0.3447804210834849,0.5739524804652354,0.4818386770715952,0.2627913951180127,0.3800790621180802
2021-06-09 01:30:00,0.45397489539748953,0.05179282868525892,0.36262099776619494,0.29726834493840393,0.6221748177618405,0.00011135857461024499,0.5,0.26515722813146314,0.3447804210834849,0.5739524804652354,0.4818386770715952,0.2627913951180127,0.3845602546886552
2021-06-09 01:40:00,0.4588563458856346,-0.2749003984063746,0.3605361131794489,0.29726834493840393,0.6221748177618405,0.00011135857461024499,0.5,0.26515722813146314,0.3447804210834849,0.5739524804652354,0.4818386770715952,0.2627913951180127,0.38973550402100277
2021-06-09 01:50:00,0.4435146443514645,-0.1633466135458168,0.356664184661206,0.2944117121942511,0.6147282459331772,0.00011135857461024499,0.5,0.26515722813146314,0.3447804210834849,0.5739524804652354,0.4818386770715952,0.2627913951180127,0.37153914631018303
2021-06-09 02:00:00,0.41631799163179917,0.346613545816733,0.3539836187639609,0.28727013033386894,0.6109984164583633,0.00011135857461024499,0.5,0.26278765788935643,0.3387575537273666,0.5840529717811944,0.46250765160206486,0.25373189603713914,0.3111260316550236
2021-06-09 02:10:00,0.41422594142259417,0.21912350597609564,0.34921816827997,0.28262810212462064,0.6157490413683894,0.00011135857461024499,0.5,0.26278765788935643,0.3387575537273666,0.5840529717811944,0.46250765160206486,0.25373189603713914,0.31028863708375454
2021-06-09 02:20:00,0.4379358437935844,-0.33067729083665354,0.34772896500372297,0.27977146938046804,0.6221617306408763,0.00011135857461024499,0.5,0.26278765788935643,0.3387575537273666,0.5840529717811944,0.46250765160206486,0.25373189603713914,0.3568960574558293
2021-06-09 02:30:00,0.40585774058577406,0.25099601593625476,0.34743112434847334,0.27977146938046804,0.6111423747889702,0.00011135857461024499,0.5,0.26278765788935643,0.3387575537273666,0.5840529717811944,0.46250765160206486,0.25373189603713914,0.30038324003802225
2021-06-09 02:40:00,0.41631799163179917,0.12350597609561742,0.3447505584512285,0.2719157293340475,0.6109984164583633,0.00011135857461024499,0.5,0.26278765788935643,0.3387575537273666,0.5840529717811944,0.46250765160206486,0.25373189603713914,0.3210540609864659
2021-06-09 02:50:00,0.42747559274755925,0.12350597609561742,0.3447505584512285,0.26513122656668453,0.6109984164583633,0.00011135857461024499,0.5,0.26278765788935643,0.3387575537273666,0.5840529717811944,0.46250765160206486,0.25373189603713914,0.3469076753624938
2021-06-09 03:00:00,0.44002789400278935,0.25099601593625476,0.3411764705882352,0.2622745938225317,0.6109984164583633,0.00011135857461024499,0.5,0.259685253565195,0.3312347165430591,0.5964153198055636,0.47136234826187273,0.2319581977768058,0.36682408678727163
2021-06-09 03:10:00,0.42189679218967924,0.20318725099601576,0.3384959046909901,0.26156043563649356,0.6109984164583633,0.00011135857461024499,0.5,0.259685253565195,0.3312347165430591,0.5964153198055636,0.47136234826187273,0.2319581977768058,0.3439051254583038
2021-06-09 03:20:00,0.4588563458856346,-0.12350597609561753,0.3384959046909901,0.2608462774504554,0.6109984164583633,0.00011135857461024499,0.5,0.259685253565195,0.3312347165430591,0.5964153198055636,0.47136234826187273,0.2319581977768058,0.4053216047799387
2021-06-09 03:30:00,0.43165969316596936,-0.4422310756972112,0.33551749813849585,0.2590608819853597,0.6109984164583633,0.00011135857461024499,0.5,0.259685253565195,0.3312347165430591,0.5964153198055636,0.47136234826187273,0.2319581977768058,0.33977850536385173
2021-06-09 03:40:00,0.40794979079497906,-0.4183266932270917,0.3310498883097541,0.26156043563649356,0.6109984164583633,0.00011135857461024499,0.5,0.259685253565195,0.3312347165430591,0.5964153198055636,0.47136234826187273,0.2319581977768058,0.2860041945169516
2021-06-09 03:50:00,0.41841004184100417,0.1872509960159361,0.3298585256887563,0.2597750401713981,0.6005156325659918,0.00011135857461024499,0.5,0.259685253565195,0.3312347165430591,0.5964153198055636,0.47136234826187273,0.2319581977768058,0.31346470117838765
2021-06-09 04:00:00,0.4072524407252441,0.41035856573705165,0.32866716306775867,0.25049098375290146,0.5997565795500648,0.00011135857461024499,0.5,0.18806893283121373,0.3210395193200159,0.6565087285527199,0.49073125472861634,0.21303695177614201,0.29790877680039834
2021-06-09 04:10:00,0.4281729428172943,0.10756972111553775,0.3268801191362618,0.24692019282271027,0.6058290036774809,0.00011135857461024499,0.5,0.18806893283121373,0.3210395193200159,0.6565087285527199,0.49073125472861634,0.21303695177614201,0.3280474372708481
2021-06-09 04:20:00,0.44490934449093444,-0.23505976095617542,0.3268801191362618,0.24763435100874842,0.6053840415646963,0.00011135857461024499,0.5,0.18806893283121373,0.3210395193200159,0.6565087285527199,0.49073125472861634,0.21303695177614201,0.3506495465998763
2021-06-09 04:30:00,0.44072524407252445,0.2669322709163344,0.32509307520476516,0.24620603463667212,0.5997696666710289,0.00011135857461024499,0.5,0.18806893283121373,0.3210395193200159,0.6565087285527199,0.49073125472861634,0.21303695177614201,0.35172835221871845
2021-06-09 04:40:00,0.4560669456066946,0.17928286852589648,0.32092330603127306,0.24263524370648093,0.6100954051118295,0.00011135857461024499,0.5,0.18806893283121373,0.3210395193200159,0.6565087285527199,0.49073125472861634,0.21303695177614201,0.4074641278271497
2021-06-09 04:50:00,0.44979079497907953,0.11553784860557759,0.32092330603127306,0.23870737368327077,0.6110376778212561,0.00011135857461024499,0.5,0.18806893283121373,0.3210395193200159,0.6565087285527199,0.49073125472861634,0.21303695177614201,0.3865066312597131
2021-06-09 05:00:00,0.4337517433751743,-0.003984063745020028,0.3185405807892776,0.23870737368327077,0.6110376778212561,0.00011135857461024499,0.5,0.19702607177651554,0.321579738338596,0.6620555783186908,0.49540974774147645,0.19576289869298844,0.3620713067881769
2021-06-09 05:10:00,0.4302649930264993,-0.019920318725099695,0.31734921816827977,0.2383502945902518,0.6110376778212561,0.00011135857461024499,0.5,0.19702607177651554,0.321579738338596,0.6620555783186908,0.49540974774147645,0.19576289869298844,0.35235451212336105
2021-06-09 05:20:00,0.4211994421199442,-0.13147410358565736,0.3149664929262843,0.24227816461346197,0.6039444582586277,0.00011135857461024499,0.5,0.19702607177651554,0.321579738338596,0.6620555783186908,0.49540974774147645,0.19576289869298844,0.3225025272719043
2021-06-09 05:30:00,0.43235704323570434,0.29083665338645415,0.31198808637378983,0.235493661846099,0.5997696666710289,0.00011135857461024499,0.5,0.19702607177651554,0.321579738338596,0.6620555783186908,0.49540974774147645,0.19576289869298844,0.33826968631652005
2021-06-09 05:40:00,0.42747559274755925,-0.02788844621513953,0.3096053611317944,0.23299410819496535,0.5997696666710289,0.00011135857461024499,0.5,0.19702607177651554,0.321579738338596,0.6620555783186908,0.49540974774147645,0.19576289869298844,0.3428942166965916
2021-06-09 05:50:00,0.4351464435146444,0.07569721115537842,0.30603127326880086,0.23085163363685046,0.5997696666710289,0.00011135857461024499,0.5,0.19702607177651554,0.321579738338596,0.6620555783186908,0.49540974774147645,0.19576289869298844,0.3528825987899271
2021-06-09 06:00:00,0.41352859135285913,0.027888446215139417,0.30543559195830206,0.2258525263345832,0.5997696666710289,0.00011135857461024499,0.5,0.2668102405991817,0.32931234141842014,0.5960790087497941,0.5104966459525883,0.18318446355345816,0.3242904778429923
2021-06-09 06:10:00,0.405160390516039,0.05179282868525892,0.3030528667163066,0.22478128905552563,0.5997696666710289,0.00011135857461024499,0.5,0.2668102405991817,0.32931234141842014,0.5960790087497941,0.5104966459525883,0.18318446355345816,0.30582253270365284
2021-06-09 06:20:00,0.42677824267782427,0.07569721115537842,0.3015636634400596,0.222281735404392,0.5997696666710289,0.00011135857461024499,0.5,0.2668102405991817,0.32931234141842014,0.5960790087497941,0.5104966459525883,0.18318446355345816,0.3358253994598428
2021-06-09 06:30:00,0.4225941422594142,-0.23505976095617542,0.3030528667163066,0.222281735404392,0.5997696666710289,0.00011135857461024499,0.5,0.2668102405991817,0.32931234141842014,0.5960790087497941,0.5104966459525883,0.18318446355345816,0.3324456447938199
2021-06-09 06:40:00,0.44072524407252445,-0.29083665338645437,0.3030528667163066,0.22263881449741119,0.5997696666710289,0.00011135857461024499,0.5,0.2668102405991817,0.32931234141842014,0.5960790087497941,0.5104966459525883,0.18318446355345816,0.3598231664076527
2021-06-09 06:50:00,0.4560669456066946,-0.4342629482071714,0.3030528667163066,0.222281735404392,0.5997696666710289,0.00011135857461024499,0.5,0.2668102405991817,0.32931234141842014,0.5960790087497941,0.5104966459525883,0.18318446355345816,0.36943434373915535
2021-06-09 07:00:00,0.4435146443514645,-0.4103585657370519,0.2988830975428145,0.2240671308694877,0.5985394773003887,0.00011135857461024499,0.5,0.26432666949723216,0.3329588197938558,0.585192143053433,0.5128812050027014,0.18610802073026927,0.36378381640689833
2021-06-09 07:10:00,0.4595536959553696,0.3227091633466135,0.29739389426656726,0.21942510266023918,0.5885147426417663,0.00011135857461024499,0.5,0.26432666949723216,0.3329588197938558,0.585192143053433,0.5128812050027014,0.18610802073026927,0.38878494802118385
2021-06-09 07:20:00,0.46582984658298465,0.41035856573705165,0.29739389426656726,0.21406891626495272,0.5901375456413345,0.00011135857461024499,0.5,0.26432666949723216,0.3329588197938558,0.585192143053433,0.5128812050027014,0.18610802073026927,0.40742640735096636
2021-06-09 07:30:00,0.4630404463040446,-0.29083665338645437,0.29709605361131786,0.21371183717193376,0.5997565795500648,0.00011135857461024499,0.5,0.26432666949723216,0.3329588197938558,0.585192143053433,0.5128812050027014,0.18610802073026927,0.4082411696365255
2021-06-09 07:40:00,0.44421199442119946,-0.06772908366533881,0.29709605361131786,0.22049633993929652,0.5997565795500648,0.00011135857461024499,0.5,0.26432666949723216,0.3329588197938558,0.585192143053433,0.5128812050027014,0.18610802073026927,0.364983327549527
2021-06-09 07:50:00,0.4065550906555091,0.01195219123505975,0.3003723008190615,0.222281735404392,0.5997696666710289,0.00011135857461024499,0.5,0.26432666949723216,0.3329588197938558,0.585192143053433,0.5128812050027014,0.18610802073026927,0.30826681956033014
2021-06-09 08:00:00,0.3702928870292887,-0.20318725099601598,0.3036485480268054,0.22371005177646874,0.5997696666710289,0.00011135857461024499,0.5,0.27905706146607523,0.32704801914903914,0.5436368033355158,0.5103560613447921,0.21156154148723633,0.25932827376012796
2021-06-09 08:10:00,0.38772663877266383,-0.10756972111553798,0.3099032017870438,0.2272808427066595,0.5997696666710289,0.00011135857461024499,0.5,0.27905706146607523,0.32704801914903914,0.5436368033355158,0.5103560613447921,0.21156154148723633,0.2712781206149946
2021-06-09 08:20:00,0.3765690376569038,-0.03585657370517936,0.3206254653760239,0.23442242456704165,0.5997696666710289,0.00011135857461024499,0.5,0.27905706146607523,0.32704801914903914,0.5436368033355158,0.5103560613447921,0.21156154148723633,0.249106024714456
2021-06-09 08:30:00,0.401673640167364,0.05976095617529875,0.33253909158600115,0.2397786109623281,0.5997696666710289,0.00011135857461024499,0.5,0.27905706146607523,0.32704801914903914,0.5436368033355158,0.5103560613447921,0.21156154148723633,0.2926505424204475
2021-06-09 08:40:00,0.4288702928870293,0.09960159362549792,0.343261355174981,0.24692019282271027,0.5997696666710289,0.00011135857461024499,0.5,0.27905706146607523,0.32704801914903914,0.5436368033355158,0.5103560613447921,0.21156154148723633,0.3404272975542043
2021-06-09 08:50:00,0.4490934449093445,0.4262948207171313,0.3539836187639609,0.25549009105516873,0.5998220151548861,0.00011135857461024499,0.5,0.27905706146607523,0.32704801914903914,0.5436368033355158,0.5103560613447921,0.21156154148723633,0.37125247069119005
2021-06-09 09:00:00,0.4609483960948396,0.17928286852589648,0.3638123603871928,0.26691662203178,0.6110638520631846,0.00011135857461024499,0.5,0.26926122573270894,0.3413322145818915,0.5392776946511199,0.5640987542538974,0.24722752045273236,0.3812936614511822
2021-06-09 09:10:00,0.39051603905160387,-0.09960159362549814,0.3766195085629187,0.28048562756650597,0.6136158406512151,0.00011135857461024499,0.5,0.26926122573270894,0.3413322145818915,0.5392776946511199,0.5640987542538974,0.24722752045273236,0.28206617680341595
2021-06-09 09:20:00,0.402370990237099,0.043824701195219085,0.3885331347728964,0.2961971076593466,0.6212587192943425,0.00011135857461024499,0.5,0.26926122573270894,0.3413322145818915,0.5392776946511199,0.5640987542538974,0.24722752045273236,0.3002851667999457
2021-06-09 09:30:00,0.34309623430962344,-0.10756972111553798,0.4001489203276245,0.3058382431708624,0.6221748177618405,0.00011135857461024499,0.5,0.26926122573270894,0.3413322145818915,0.5392776946511199,0.5640987542538974,0.24722752045273236,0.20026555215233036
2021-06-09 09:40:00,0.3228730822873082,-0.01195219123505975,0.41414743112434826,0.31976432779860753,0.6256036434544764,0.00011135857461024499,0.5,0.26926122573270894,0.3413322145818915,0.5392776946511199,0.5640987542538974,0.24722752045273236,0.18145812272734133
2021-06-09 09:50:00,0.29009762900976294,0.12350597609561742,0.4257632166790766,0.3344045706123906,0.634267317532816,0.00011135857461024499,0.5,0.26926122573270894,0.3413322145818915,0.5392776946511199,0.5640987542538974,0.24722752045273236,0.13817764835463284
2021-06-09 10:00:00,0.28661087866108786,-0.20318725099601598,0.4391660461653015,0.34940189251919307,0.6309693630498227,0.00011135857461024499,0.5,0.4966664587657419,0.3299560066320524,0.37000607566466137,0.5563353648238297,0.2802100952498424,0.13945260044962807
2021-06-09 10:10:00,0.28103207810320785,0.12350597609561742,0.4507818317200294,0.36725584717014814,0.6380494954914868,0.00011135857461024499,0.5,0.4966664587657419,0.3299560066320524,0.37000607566466137,0.5563353648238297,0.2802100952498424,0.12370052959548562
2021-06-09 10:20:00,0.2629009762900976,-0.15537848605577698,0.4626954579300073,0.3726120335654348,0.6266767873735457,0.00011135857461024499,0.5,0.4966664587657419,0.3299560066320524,0.37000607566466137,0.5563353648238297,0.2802100952498424,0.11443638064486926
2021-06-09 10:30:00,0.24476987447698745,0.12350597609561742,0.4778853313477287,0.38510980182110344,0.6275928858410438,0.00011135857461024499,0.5,0.4966664587657419,0.3299560066320524,0.37000607566466137,0.5563353648238297,0.2802100952498424,0.0892843671258506
2021-06-09 10:40:00,0.18270571827057183,-0.043824701195219196,0.49158600148920306,0.417961078378861,0.6352881129680282,0.00011135857461024499,0.5,0.4966664587657419,0.3299560066320524,0.37000607566466137,0.5563353648238297,0.2802100952498424,0.04542299741991943
2021-06-09 10:50:00,0.15481171548117156,0.3705179282868525,0.5046909903201784,0.4372433494018926,0.6376307076206306,0.00022271714922048998,0.5,0.4966664587657419,0.3299560066320524,0.37000607566466137,0.5563353648238297,0.2802100952498424,0.042948534182295516
2021-06-09 11:00:00,0.11645746164574616,-0.08366533864541836,0.5160089352196573,0.4622388859132296,0.6630458965332217,0.0071269487750556795,0.5,0.522731698075827,0.3202004557379578,0.3261909082643116,0.5097711660906847,0.3073856451052704,0.010569277426558233
2021-06-09 11:10:00,0.1415620641562064,-0.12616201859229748,0.5306031273268801,0.4768791287270131,0.6694454986847443,0.9868596881959911,0.5,0.522731698075827,0.3202004557379578,0.3261909082643116,0.5097711660906847,0.3073856451052704,0.0
2021-06-09 11:20:00,0.1792189679218968,-0.1686586985391767,0.5440059568131048,0.4958043206570255,0.6698119380717437,0.9855233853006682,0.5,0.522731698075827,0.3202004557379578,0.3261909082643116,0.5097711660906847,0.3073856451052704,0.0
2021-06-09 11:30:00,0.16527196652719667,-0.21115537848605592,0.5588979895755768,0.5129441171219424,0.6657156692099305,0.08073496659242763,0.5,0.522731698075827,0.3202004557379578,0.3261909082643116,0.5097711660906847,0.3073856451052704,0.0
2021-06-09 11:40:00,0.14086471408647142,0.6972111553784857,0.5731943410275502,0.5218710944474201,0.6648650063472537,0.9909799554565701,0.5,0.522731698075827,0.3202004557379578,0.3261909082643116,0.5097711660906847,0.3073856451052704,0.0
2021-06-09 11:50:00,0.10320781032078104,0.21912350597609564,0.581831720029784,0.5361542581681842,0.6648650063472537,0.9993318485523385,0.5,0.522731698075827,0.3202004557379578,0.3261909082643116,0.5097711660906847,0.3073856451052704,0.0
2021-06-09 12:00:00,0.13737796373779637,0.5378486055776892,0.5910647803425166,0.5479378682378149,0.6648650063472537,0.9993318485523385,0.5,0.5467042311395784,0.31904243305450636,0.2767935099575084,0.41357031236283537,0.3244017160855853,0.0
2021-06-09 12:10:00,0.11227336122733612,-0.9601593625498008,0.604169769173492,0.5565077664702731,0.6648650063472537,0.9993318485523385,0.5,0.5467042311395784,0.31904243305450636,0.2767935099575084,0.41357031236283537,0.3244017160855853,0.0
2021-06-09 12:20:00,0.14714086471408647,-0.40239043824701204,0.6122114668652268,0.5640064274236742,0.6648650063472537,0.9993318485523385,0.5,0.5467042311395784,0.31904243305450636,0.2767935099575084,0.41357031236283537,0.3244017160855853,0.0
2021-06-09 12:30:00,0.12273361227336123,0.15537848605577675,0.6190618019359642,0.5686484556329228,0.6648650063472537,0.9993318485523385,0.5,0.5467042311395784,0.31904243305450636,0.2767935099575084,0.41357031236283537,0.3244017160855853,0.0
2021-06-09 12:40:00,0.20920502092050208,0.7131474103585655,0.6300819061801934,0.5772183538653812,0.6676787373545694,0.47271714922049,0.5,0.5467042311395784,0.31904243305450636,0.2767935099575084,0.41357031236283537,0.3244017160855853,0.0047376918086213925
2021-06-09 12:50:00,0.1317991631799163,0.09960159362549792,0.638719285182427,0.5947152294233171,0.6728874114983444,0.8197104677060134,0.5,0.5467042311395784,0.31904243305450636,0.2767935099575084,0.41357031236283537,0.3244017160855853,0.0
2021-06-09 13:00:00,0.20013947001394702,0.014608233731739695,0.64259121370067,0.6007855740046419,0.6011045530093835,0.6875278396436526,0.5,0.6731381555007747,0.29895088317188956,0.15740866498079972,0.33024218091614677,0.3127536191146427,0.0
2021-06-09 13:10:00,0.058577405857740586,-0.07038512616201864,0.6455696202531644,0.6164970540974826,0.5801782465875333,0.9992204899777284,0.5,0.6731381555007747,0.29895088317188956,0.15740866498079972,0.33024218091614677,0.3127536191146427,0.0
2021-06-09 13:20:00,0.06764295676429567,-0.15537848605577698,0.652122114668652,0.6236386359578647,0.5801782465875333,0.9992204899777284,0.5,0.6731381555007747,0.29895088317188956,0.15740866498079972,0.33024218091614677,0.3127536191146427,0.0
2021-06-09 13:30:00,0.07531380753138076,-0.2403718459495352,0.6583767684288904,0.6264952687020175,0.5801782465875333,0.9992204899777284,0.5,0.6731381555007747,0.29895088317188956,0.15740866498079972,0.33024218091614677,0.3127536191146427,0.0
2021-06-09 13:40:00,0.10669456066945607,-0.32536520584329354,0.6685033507073712,0.6329226923763613,0.5801782465875333,0.9992204899777284,0.5,0.6731381555007747,0.29895088317188956,0.15740866498079972,0.33024218091614677,0.3127536191146427,0.0
2021-06-09 13:50:00,0.1680613668061367,-0.4103585657370519,0.684586746090841,0.642206748794858,0.6321079425737132,0.6875278396436526,0.5,0.6731381555007747,0.29895088317188956,0.15740866498079972,0.33024218091614677,0.3127536191146427,0.0
2021-06-09 14:00:00,0.12622036262203626,0.4501992031872508,0.6875651526433355,0.6479200142831638,0.6464121657876485,0.9993318485523385,0.5,0.6738221273067413,0.27494849241538205,0.1440358620196392,0.2720569691966306,0.3228153029213338,0.0
2021-06-09 14:10:00,0.07252440725244073,0.2483399734395748,0.691139240506329,0.6507766470273164,0.6464121657876485,0.9993318485523385,0.5,0.6738221273067413,0.27494849241538205,0.1440358620196392,0.2720569691966306,0.3228153029213338,0.0
2021-06-09 14:20:00,0.08647140864714087,0.04648074369189903,0.698585256887565,0.6511337261203356,0.6464121657876485,0.9993318485523385,0.5,0.6738221273067413,0.27494849241538205,0.1440358620196392,0.2720569691966306,0.3228153029213338,0.0
2021-06-09 14:30:00,0.056485355648535567,-0.15537848605577698,0.6959046909903199,0.6572040707016604,0.6464121657876485,0.9993318485523385,0.5,0.6738221273067413,0.27494849241538205,0.1440358620196392,0.2720569691966306,0.3228153029213338,0.0
2021-06-09 14:40:00,0.07252440725244073,-0.07569721115537853,0.7024571854058077,0.6607748616318514,0.6464121657876485,0.9993318485523385,0.5,0.6738221273067413,0.27494849241538205,0.1440358620196392,0.2720569691966306,0.3228153029213338,0.0
2021-06-09 14:50:00,0.20502092050209206,0.003984063745019917,0.7143708116157852,0.6668452062131762,0.6468440407794689,0.9341870824053452,0.5,0.6738221273067413,0.27494849241538205,0.1440358620196392,0.2720569691966306,0.3228153029213338,0.0
2021-06-09 15:00:00,0.14225941422594143,0.08366533864541825,0.7209233060312732,0.6618460989109087,0.6218999882215912,0.0069042316258351895,0.5,0.6770548755045906,0.25441729620381237,0.1378152488150171,0.20388636277495106,0.32593131306129164,0.004232237427765288
2021-06-09 15:10:00,0.13389121338912133,-0.8406374501992032,0.7268801191362619,0.6750580253526155,0.6211016738427714,0.05178173719376392,0.5,0.6770548755045906,0.25441729620381237,0.1378152488150171,0.20388636277495106,0.32593131306129164,0.0
2021-06-09 15:20:00,0.07740585774058578,-0.6812749003984064,0.7250930752047653,0.6807712908409214,0.5824161442724215,0.9975501113585746,0.5,0.6770548755045906,0.25441729620381237,0.1378152488150171,0.20388636277495106,0.32593131306129164,0.0
2021-06-09 15:30:00,0.09344490934449094,-0.6836653386454183,0.7274758004467607,0.6882699517943225,0.5824161442724215,0.9992204899777284,0.5,0.6770548755045906,0.25441729620381237,0.1378152488150171,0.20388636277495106,0.32593131306129164,0.0
2021-06-09 15:40:00,0.06624825662482565,-0.6860557768924304,0.731049888309754,0.6904124263524369,0.5824161442724215,0.9992204899777284,0.5,0.6770548755045906,0.25441729620381237,0.1378152488150171,0.20388636277495106,0.32593131306129164,0.0
2021-06-09 15:50:00,0.11087866108786612,-0.6884462151394423,0.7346239761727476,0.6943402963756471,0.5824161442724215,0.9992204899777284,0.5,0.6770548755045906,0.25441729620381237,0.1378152488150171,0.20388636277495106,0.32593131306129164,0.0
2021-06-09 16:00:00,0.10181311018131102,-0.6908366533864543,0.7379002233804914,0.690055347259418,0.5824161442724215,0.9992204899777284,0.5,0.7281756560469317,0.23711304657664933,0.1177077281921873,0.18754527808689309,0.32542374392131296,0.0
2021-06-09 16:10:00,0.09623430962343095,-0.6932270916334662,0.7408786299329855,0.6964827709337618,0.5824161442724215,0.9992204899777284,0.5,0.7281756560469317,0.23711304657664933,0.1177077281921873,0.18754527808689309,0.32542374392131296,0.0
2021-06-09 16:20:00,0.11018131101813111,-0.6956175298804781,0.7477289650037229,0.6971969291198001,0.5824161442724215,0.9992204899777284,0.5,0.7281756560469317,0.23711304657664933,0.1177077281921873,0.18754527808689309,0.32542374392131296,0.0
2021-06-09 16:30:00,0.1701534170153417,-0.6980079681274901,0.7495160089352195,0.700053561863953,0.5205140621114761,0.9992204899777284,0.5,0.7281756560469317,0.23711304657664933,0.1177077281921873,0.18754527808689309,0.32542374392131296,0.0
2021-06-09 16:40:00,0.12133891213389121,-0.700398406374502,0.7447505584512284,0.714693804677736,0.46154349504652475,0.9992204899777284,0.5,0.7281756560469317,0.23711304657664933,0.1177077281921873,0.18754527808689309,0.32542374392131296,0.0
2021-06-09 16:50:00,0.06276150627615062,-0.702788844621514,0.7441548771407294,0.7093376182824496,0.46154349504652475,0.9992204899777284,0.5,0.7281756560469317,0.23711304657664933,0.1177077281921873,0.18754527808689309,0.32542374392131296,0.0
2021-06-09 17:00:00,0.0885634588563459,-0.7051792828685259,0.7411764705882351,0.7032672737011247,0.46154349504652475,0.9992204899777284,0.5,0.7318643409779726,0.2193950121692944,0.11268779110974661,0.18025701038631142,0.3309068761023523,0.0
2021-06-09 17:10:00,0.11087866108786612,-0.6150398406374503,0.7417721518987339,0.6986252454918764,0.46154349504652475,0.9992204899777284,0.5,0.7318643409779726,0.2193950121692944,0.11268779110974661,0.18025701038631142,0.3309068761023523,0.0
2021-06-09 17:20:00,0.08716875871687588,-0.5249003984063746,0.7379002233804914,0.690055347259418,0.46154349504652475,0.9992204899777284,0.5,0.7318643409779726,0.2193950121692944,0.11268779110974661,0.18025701038631142,0.3309068761023523,0.0
2021-06-09 17:30:00,0.08298465829846582,-0.43476095617529886,0.7396872673119879,0.6829137653990358,0.46154349504652475,0.9992204899777284,0.5,0.7318643409779726,0.2193950121692944,0.11268779110974661,0.18025701038631142,0.3309068761023523,0.0
2021-06-09 17:40:00,0.06903765690376569,-0.34462151394422313,0.737006701414743,0.6772004999107302,0.46154349504652475,0.9992204899777284,0.5,0.7318643409779726,0.2193950121692944,0.11268779110974661,0.18025701038631142,0.3309068761023523,0.0
2021-06-09 17:50:00,0.07043235704323571,-0.2544820717131475,0.7316455696202531,0.6711301553294053,0.46154349504652475,0.9992204899777284,0.5,0.7318643409779726,0.2193950121692944,0.11268779110974661,0.18025701038631142,0.3309068761023523,0.0
2021-06-09 18:00:00,0.09902370990237098,-0.16434262948207168,0.7316455696202531,0.6654168898410999,0.46154349504652475,0.9992204899777284,0.5,0.662047619539974,0.20243558319229404,0.168223753883207,0.24962906823559483,0.29982235335742885,0.0
2021-06-09 18:10:00,0.09483960948396096,-0.07420318725099606,0.7334326135517495,0.6618460989109087,0.46154349504652475,0.9992204899777284,0.5,0.662047619539974,0.20243558319229404,0.168223753883207,0.24962906823559483,0.29982235335742885,0.0
2021-06-09 18:20:00,0.04393305439330544,0.015936254980079667,0.7379002233804914,0.6618460989109087,0.46154349504652475,0.9992204899777284,0.5,0.662047619539974,0.20243558319229404,0.168223753883207,0.24962906823559483,0.29982235335742885,0.0
2021-06-09 18:30:00,0.02301255230125523,0.1060756972111554,0.7379002233804914,0.6686306016782717,0.46154349504652475,0.9992204899777284,0.5,0.662047619539974,0.20243558319229404,0.168223753883207,0.24962906823559483,0.29982235335742885,0.0
2021-06-09 18:40:00,0.11854951185495119,0.1962151394422309,0.7393894266567385,0.6707730762363864,0.46154349504652475,0.9992204899777284,0.5,0.662047619539974,0.20243558319229404,0.168223753883207,0.24962906823559483,0.29982235335742885,0.0
2021-06-09 18:50:00,0.0815899581589958,0.28635458167330685,0.7379002233804914,0.6614890198178898,0.46154349504652475,0.9992204899777284,0.5,0.662047619539974,0.20243558319229404,0.168223753883207,0.24962906823559483,0.29982235335742885,0.0
2021-06-09 19:00:00,0.05788005578800558,0.37649402390438236,0.7325390915860015,0.6543474379575076,0.46154349504652475,0.9992204899777284,0.5,0.6712652794672045,0.22492651009893377,0.16496589904809514,0.27273474069999126,0.3792243238333449,0.0
2021-06-09 19:10:00,0.20502092050209206,0.4666334661354581,0.7316455696202531,0.6475629351901446,0.4657837222389446,0.9992204899777284,0.5,0.6712652794672045,0.22492651009893377,0.16496589904809514,0.27273474069999126,0.3792243238333449,0.0
2021-06-09 19:20:00,0.1087866108786611,0.5567729083665338,0.7286671630677586,0.6468487770041065,0.5835416366753478,0.9992204899777284,0.5,0.6712652794672045,0.22492651009893377,0.16496589904809514,0.27273474069999126,0.3792243238333449,0.0
2021-06-09 19:30:00,0.201534170153417,0.6469123505976093,0.7230081906180192,0.6489912515622211,0.6150292497153552,0.9992204899777284,0.5,0.6712652794672045,0.22492651009893377,0.16496589904809514,0.27273474069999126,0.3792243238333449,0.0
2021-06-09 19:40:00,0.10390516039051603,0.7370517928286848,0.7191362620997765,0.6504195679342974,0.7296593422413002,0.792761692650334,0.5,0.6712652794672045,0.22492651009893377,0.16496589904809514,0.27273474069999126,0.3792243238333449,0.0
2021-06-09 19:50:00,0.11785216178521618,0.49136786188578996,0.7140729709605358,0.6447063024459916,0.7339388307966132,0.9993318485523385,0.5,0.6712652794672045,0.22492651009893377,0.16496589904809514,0.27273474069999126,0.3792243238333449,0.0
2021-06-09 20:00:00,0.09414225941422595,0.24568393094289487,0.7125837676842888,0.631851455097304,0.7339388307966132,0.9993318485523385,0.5,0.6847090760093562,0.21279744372958145,0.15684243991895566,0.28447714465284984,0.4346691712275742,0.0
2021-06-09 20:10:00,0.10739191073919108,-1.1102230246251565e-16,0.7075204765450482,0.6211390823067309,0.7339388307966132,0.9993318485523385,0.5,0.6847090760093562,0.21279744372958145,0.15684243991895566,0.28447714465284984,0.4346691712275742,0.0
2021-06-09 20:20:00,0.12133891213389121,-0.2456839309428951,0.7048399106478034,0.6107837886091769,0.7339388307966132,0.9993318485523385,0.5,0.6847090760093562,0.21279744372958145,0.15684243991895566,0.28447714465284984,0.4346691712275742,0.0
2021-06-09 20:30:00,0.13458856345885634,-0.4913678618857904,0.6997766195085628,0.6014997321906803,0.7339388307966132,0.9993318485523385,0.5,0.6847090760093562,0.21279744372958145,0.15684243991895566,0.28447714465284984,0.4346691712275742,0.0
2021-06-09 20:40:00,0.23291492329149233,-0.7370517928286854,0.6959046909903199,0.5936439921442598,0.7069793616102394,0.4887527839643653,0.5,0.6847090760093562,0.21279744372958145,0.15684243991895566,0.28447714465284984,0.4346691712275742,0.022926505424204477
2021-06-09 20:50:00,0.16387726638772665,0.20318725099601576,0.6953090096798211,0.6011426530976611,0.7085629032469146,0.00011135857461024499,0.5,0.6847090760093562,0.21279744372958145,0.15684243991895566,0.28447714465284984,0.4346691712275742,0.04291835780134889
2021-06-09 21:00:00,0.1492329149232915,0.019920318725099362,0.697989575577066,0.6279235850740938,0.7102773160932326,0.00011135857461024499,0.5,0.7066378318090414,0.22096681963293774,0.144285685843118,0.2514324116415926,0.4468731728767984,0.02976145570861687
2021-06-09 21:10:00,0.11854951185495119,-0.06772908366533881,0.7006701414743111,0.6593465452597751,0.7102773160932326,0.00011135857461024499,0.5,0.7066378318090414,0.22096681963293774,0.144285685843118,0.2514324116415926,0.4468731728767984,0.0073630369509784695
2021-06-09 21:20:00,0.10808926080892609,0.1394422310756971,0.7003723008190617,0.696839850026781,0.7102773160932326,0.00011135857461024499,0.5,0.7066378318090414,0.22096681963293774,0.144285685843118,0.2514324116415926,0.4468731728767984,0.0003998370475428882
2021-06-09 21:30:00,0.08368200836820083,0.2350597609561753,0.6962025316455693,0.7171933583288699,0.7127769561974061,0.02383073496659243,0.5,0.7066378318090414,0.22096681963293774,0.144285685843118,0.2514324116415926,0.4468731728767984,0.0
2021-06-09 21:40:00,0.0808926080892608,0.2549800796812749,0.6896500372300818,0.6754151044456349,0.726714740024342,0.9328507795100223,0.5,0.7066378318090414,0.22096681963293774,0.144285685843118,0.2514324116415926,0.4468731728767984,0.0
2021-06-09 21:50:00,0.14574616457461645,0.2749003984063745,0.683097542814594,0.6564899125156223,0.726714740024342,0.9995545657015591,0.5,0.7066378318090414,0.22096681963293774,0.144285685843118,0.2514324116415926,0.4468731728767984,0.0
2021-06-09 22:00:00,0.13737796373779637,0.29482071713147406,0.6726731198808635,0.6432779860739153,0.726714740024342,0.9995545657015591,0.5,0.6443613433690556,0.23360162295585976,0.1634022809041898,0.23716526182649944,0.416130159970675,0.0
2021-06-09 22:10:00,0.0885634588563459,0.31474103585657365,0.6720774385703647,0.6322085341903232,0.726714740024342,0.9995545657015591,0.5,0.6443613433690556,0.23360162295585976,0.1634022809041898,0.23716526182649944,0.416130159970675,0.0
2021-06-09 22:20:00,0.06624825662482565,-0.12350597609561753,0.6676098287416232,0.6229244777718264,0.726714740024342,0.9995545657015591,0.5,0.6443613433690556,0.23360162295585976,0.1634022809041898,0.23716526182649944,0.416130159970675,0.0
2021-06-09 22:30:00,0.03417015341701534,-0.5617529880478087,0.6640357408786297,0.6118550258882343,0.726714740024342,0.9995545657015591,0.5,0.6443613433690556,0.23360162295585976,0.1634022809041898,0.23716526182649944,0.416130159970675,0.0
2021-06-09 22:40:00,0.027894002789400282,-0.11288180610889786,0.6616530156366343,0.6043563649348331,0.726714740024342,0.9995545657015591,0.5,0.6443613433690556,0.23360162295585976,0.1634022809041898,0.23716526182649944,0.416130159970675,0.0
2021-06-09 22:50:00,0.058577405857740586,0.3359893758300132,0.6518242740134028,0.5982860203535083,0.726714740024342,0.9995545657015591,0.5,0.6443613433690556,0.23360162295585976,0.1634022809041898,0.23716526182649944,0.416130159970675,0.0
2021-06-09 23:00:00,0.060669456066945605,0.784860557768924,0.650632911392405,0.5918585966791645,0.726714740024342,0.9995545657015591,0.5,0.566466870542985,0.23894634303333115,0.22467556825725818,0.2610776820009973,0.4156140262631416,0.0
2021-06-09 23:10:00,0.055788005578800565,0.05179282868525892,0.6491437081161577,0.5897161221210496,0.726714740024342,0.9995545657015591,0.5,0.566466870542985,0.23894634303333115,0.22467556825725818,0.2610776820009973,0.4156140262631416,0.0
2021-06-09 23:20:00,0.10111576011157601,-0.6812749003984064,0.6485480268056589,0.5861453311908589,0.726714740024342,0.9995545657015591,0.5,0.566466870542985,0.23894634303333115,0.22467556825725818,0.2610776820009973,0.4156140262631416,0.0
2021-06-09 23:30:00,0.07112970711297072,-0.05179282868525903,0.6473566641846609,0.5822174611676485,0.726714740024342,0.9995545657015591,0.5,0.566466870542985,0.23894634303333115,0.22467556825725818,0.2610776820009973,0.4156140262631416,0.0
2021-06-09 23:40:00,0.11854951185495119,-0.07250996015936251,0.6405063291139239,0.5775754329584004,0.726714740024342,0.9995545657015591,0.5,0.566466870542985,0.23894634303333115,0.22467556825725818,0.2610776820009973,0.4156140262631416,0.0
2021-06-09 23:50:00,0.060669456066945605,-0.09322709163346632,0.637825763216679,0.5732904838421709,0.726714740024342,0.9995545657015591,0.5,0.566466870542985,0.23894634303333115,0.22467556825725818,0.2610776820009973,0.4156140262631416,0.0
2021-06-10 00:00:00,0.3403068340306834,-0.1139442231075698,0.6390171258376767,0.5697196929119801,0.6543822224548821,0.9995545657015591,0.5,0.5702126226101258,0.2347883806934928,0.21483276324044076,0.2862403920629907,0.438535955938705,0.0
2021-06-10 00:10:00,0.49721059972105996,-0.1346613545816734,0.644676098287416,0.5875736475629352,0.42620826844302523,0.7094654788418708,0.5,0.5702126226101258,0.2347883806934928,0.21483276324044076,0.2862403920629907,0.438535955938705,0.07197066855771989
2021-06-10 00:20:00,0.4665271966527197,-0.15537848605577698,0.643186895011169,0.5893590430280307,0.4100980225360223,0.00011135857461024499,0.5,0.5702126226101258,0.2347883806934928,0.21483276324044076,0.2862403920629907,0.438535955938705,0.3760278829759947
2021-06-10 00:30:00,0.2615062761506276,-0.17928286852589637,0.6312732688011911,0.5693626138189607,0.39660520082187123,0.00011135857461024499,0.5,0.5702126226101258,0.2347883806934928,0.21483276324044076,0.2862403920629907,0.438535955938705,0.11070959759796008
2021-06-10 00:40:00,0.21338912133891214,-0.11553784860557781,0.6279970215934472,0.5647205856097126,0.3792516784232637,0.00011135857461024499,0.5,0.5702126226101258,0.2347883806934928,0.21483276324044076,0.2862403920629907,0.438535955938705,0.0779305037946799
2021-06-10 00:50:00,0.2775453277545328,-0.043824701195219196,0.622338049143708,0.5575790037493304,0.38101843975343863,0.00011135857461024499,0.5,0.5702126226101258,0.2347883806934928,0.21483276324044076,0.2862403920629907,0.438535955938705,0.12324033978604947
2021-06-10 01:00:00,0.099721059972106,0.25099601593625476,0.6214445271779596,0.5547223710051776,0.3865804661632487,0.11703786191536748,0.5,0.514784257208353,0.2304005379202141,0.2720233966985465,0.31773567475768666,0.45969795145483566,0.007287595998611887
2021-06-10 01:10:00,0.10739191073919108,0.28605577689243034,0.6238272524199551,0.5515086591680056,0.3935035531533418,0.9993318485523385,0.5,0.514784257208353,0.2304005379202141,0.2720233966985465,0.31773567475768666,0.45969795145483566,0.0
2021-06-10 01:20:00,0.10251046025104603,0.32111553784860547,0.6324646314221889,0.5572219246563115,0.3935035531533418,0.9993318485523385,0.5,0.514784257208353,0.2304005379202141,0.2720233966985465,0.31773567475768666,0.45969795145483566,0.0
2021-06-10 01:30:00,0.15411436541143653,0.3561752988047808,0.6381236038719285,0.5572219246563115,0.3935035531533418,0.9993318485523385,0.5,0.514784257208353,0.2304005379202141,0.2720233966985465,0.31773567475768666,0.45969795145483566,0.0
2021-06-10 01:40:00,0.19177126917712692,0.3912350597609562,0.6396128071481755,0.5500803427959293,0.38579523890539325,0.9993318485523385,0.5,0.514784257208353,0.2304005379202141,0.2720233966985465,0.31773567475768666,0.45969795145483566,0.0
2021-06-10 01:50:00,0.34309623430962344,0.4262948207171313,0.6390171258376767,0.5604356364934833,0.3370849746764209,0.05779510022271715,0.5,0.514784257208353,0.2304005379202141,0.2720233966985465,0.31773567475768666,0.45969795145483566,0.1661134330159784
2021-06-10 02:00:00,0.5767085076708507,0.003984063745019917,0.6211466865227102,0.5543652919121587,0.36086427346847966,0.00111358574610245,0.5,0.530939659925229,0.2246104245029569,0.26026366938949275,0.3865313537966276,0.5950251598148875,0.6433528976869803
2021-06-10 02:10:00,0.7740585774058577,0.003984063745019917,0.6145941921072224,0.5318693090519551,0.3531166978576383,0.01915367483296214,0.5,0.530939659925229,0.2246104245029569,0.26026366938949275,0.3865313537966276,0.5950251598148875,0.6322970261176577
2021-06-10 02:20:00,0.8716875871687587,0.07569721115537842,0.6116157855547282,0.5279414390287449,0.3632984779678319,0.04855233853006682,0.5,0.530939659925229,0.2246104245029569,0.26026366938949275,0.3865313537966276,0.5950251598148875,0.6212411545483351
2021-06-10 02:30:00,0.7691771269177127,-0.23505976095617542,0.6053611317944898,0.5279414390287449,0.3649998036931855,0.014142538975501114,0.5,0.530939659925229,0.2246104245029569,0.26026366938949275,0.3865313537966276,0.5950251598148875,0.6101852452585361
2021-06-10 02:40:00,0.5543933054393305,-0.1394422310756973,0.5976172747580044,0.5429387609355474,0.3657850309510411,0.00022271714922048998,0.5,0.530939659925229,0.2246104245029569,0.26026366938949275,0.3865313537966276,0.5950251598148875,0.5991294114096897
2021-06-10 02:50:00,0.500697350069735,0.05976095617529875,0.5865971705137749,0.5540082128191393,0.37656881862559055,0.00022271714922048998,0.5,0.530939659925229,0.2246104245029569,0.26026366938949275,0.3865313537966276,0.5950251598148875,0.48722030266910094
2021-06-10 03:00:00,0.5334728033472803,0.06772908366533859,0.5779597915115411,0.5697196929119801,0.3828375495674706,0.00022271714922048998,0.5,0.5497170824184858,0.21325720459645806,0.2386317161869479,0.776694233671266,0.690401033002553,0.5233565188526941
2021-06-10 03:10:00,0.4170153417015342,-0.3067729083665339,0.5725986597170512,0.5740046420282092,0.37620237923859134,0.00022271714922048998,0.5,0.5497170824184858,0.21325720459645806,0.2386317161869479,0.776694233671266,0.690401033002553,0.32272885012900404
2021-06-10 03:20:00,0.4225941422594142,0.05179282868525892,0.5648548026805658,0.5775754329584004,0.3688866786195705,0.00022271714922048998,0.5,0.5497170824184858,0.21325720459645806,0.2386317161869479,0.776694233671266,0.690401033002553,0.3258521055569806
2021-06-10 03:30:00,0.46513249651324967,0.11553784860557759,0.5588979895755768,0.5732904838421709,0.36816688696653627,0.00022271714922048998,0.5,0.5497170824184858,0.21325720459645806,0.2386317161869479,0.776694233671266,0.690401033002553,0.4409825429636224
2021-06-10 03:40:00,0.40794979079497906,-0.17928286852589637,0.5538346984363365,0.5665059810748081,0.3712554475141014,0.00022271714922048998,0.5,0.5497170824184858,0.21325720459645806,0.2386317161869479,0.776694233671266,0.690401033002553,0.2937519803249996
2021-06-10 03:50:00,0.398884239888424,-0.23505976095617542,0.5526433358153384,0.5654347437957508,0.3612699742183717,0.00022271714922048998,0.5,0.5497170824184858,0.21325720459645806,0.2386317161869479,0.776694233671266,0.690401033002553,0.27482384537622406
2021-06-10 04:00:00,0.37099023709902373,0.22709163346613526,0.5475800446760981,0.5593643992144262,0.3540982319299577,0.00022271714922048998,0.5,0.5144585642895809,0.22171393104161796,0.2548734350661596,0.8351427138010088,0.7085251612352297,0.2324562065271512
2021-06-10 04:10:00,0.41841004184100417,0.25099601593625476,0.5460908413998509,0.5372254954472415,0.3540982319299577,0.00022271714922048998,0.5,0.5144585642895809,0.22171393104161796,0.2548734350661596,0.8351427138010088,0.7085251612352297,0.31129954584546676
2021-06-10 04:20:00,0.3403068340306834,0.003984063745019917,0.5443037974683544,0.5304409926798785,0.3367577966523144,0.00022271714922048998,0.5,0.5144585642895809,0.22171393104161796,0.2548734350661596,0.8351427138010088,0.7085251612352297,0.19129562291594368
2021-06-10 04:30:00,0.25592747559274753,0.11553784860557759,0.5422189128816082,0.5197286198893054,0.33165381947625344,0.00022271714922048998,0.5,0.5144585642895809,0.22171393104161796,0.2548734350661596,0.8351427138010088,0.7085251612352297,0.10396517645638759
2021-06-10 04:40:00,0.24895397489539747,0.07569721115537842,0.5386448250186149,0.5058025352615605,0.33165381947625344,0.00022271714922048998,0.5,0.5144585642895809,0.22171393104161796,0.2548734350661596,0.8351427138010088,0.7085251612352297,0.10190563845677988
2021-06-10 04:50:00,0.22036262203626222,0.2749003984063745,0.53596425912137,0.5022317443313695,0.33165381947625344,0.00022271714922048998,0.5,0.5144585642895809,0.22171393104161796,0.2548734350661596,0.8351427138010088,0.7085251612352297,0.08026162922280732
2021-06-10 05:00:00,0.22384937238493724,0.4820717131474104,0.5314966492926283,0.500803427959293,0.34370705788433603,0.00022271714922048998,0.5,0.4652269027353868,0.22525408971658498,0.2736383745625071,0.5799232741358045,0.7343260432573666,0.08263801922235467
2021-06-10 05:10:00,0.22594142259414227,-0.5378486055776892,0.5273268801191362,0.507587930726656,0.34833989870568377,0.00022271714922048998,0.5,0.4652269027353868,0.22525408971658498,0.2736383745625071,0.5799232741358045,0.7343260432573666,0.08172518369871902
2021-06-10 05:20:00,0.34449093444909346,0.07569721115537842,0.5249441548771405,0.5000892697732549,0.33480781562863987,0.00022271714922048998,0.5,0.4652269027353868,0.22525408971658498,0.2736383745625071,0.5799232741358045,0.7343260432573666,0.18965101015435218
2021-06-10 05:30:00,0.28661087866108786,0.41035856573705165,0.5174981384959045,0.4847348687734334,0.3522136865111044,0.00022271714922048998,0.5,0.4652269027353868,0.22525408971658498,0.2736383745625071,0.5799232741358045,0.7343260432573666,0.1416931967349156
2021-06-10 05:40:00,0.23291492329149233,-0.019920318725099695,0.5145197319434103,0.4800928405641849,0.3644763188546152,0.00022271714922048998,0.5,0.4652269027353868,0.22525408971658498,0.2736383745625071,0.5799232741358045,0.7343260432573666,0.0908384507446022
2021-06-10 05:50:00,0.17294281729428174,0.09163346613545809,0.5112434847356664,0.47795036600607044,0.3671591786522883,0.00022271714922048998,0.5,0.4652269027353868,0.22525408971658498,0.2736383745625071,0.5799232741358045,0.7343260432573666,0.0503643797999306
2021-06-10 06:00:00,0.29009762900976294,-0.45019920318725104,0.5067758749069247,0.4847348687734334,0.3446231563518342,0.00022271714922048998,0.5,0.4662122197048051,0.24113020715100444,0.2694271311462209,0.337238529877106,0.7769906743893962,0.12488495254764095
2021-06-10 06:10:00,0.29567642956764295,0.8804780876494025,0.49903201787043905,0.4768791287270131,0.3880331365902815,0.00022271714922048998,0.5,0.4662122197048051,0.24113020715100444,0.2694271311462209,0.337238529877106,0.7769906743893962,0.15583837530364983
2021-06-10 06:20:00,0.3270571827057183,0.41035856573705165,0.49635145197319397,0.4643813604713445,0.43447932889243696,0.00022271714922048998,0.5,0.4662122197048051,0.24113020715100444,0.2694271311462209,0.337238529877106,0.7769906743893962,0.19857567481931895
2021-06-10 06:30:00,0.2698744769874477,0.19521912350597592,0.4939687267311985,0.45545438314586684,0.4841449529518001,0.00022271714922048998,0.5,0.4662122197048051,0.24113020715100444,0.2694271311462209,0.337238529877106,0.7769906743893962,0.116163978454064
2021-06-10 06:40:00,0.15271966527196654,0.5139442231075697,0.4933730454206997,0.4447420103552937,0.5011712973263013,0.00022271714922048998,0.5,0.4662122197048051,0.24113020715100444,0.2694271311462209,0.337238529877106,0.7769906743893962,0.0405117914208549
2021-06-10 06:50:00,0.11645746164574616,0.22709163346613526,0.49039463886820545,0.4565256204249242,0.5289552551334232,0.00022271714922048998,0.5,0.4662122197048051,0.24113020715100444,0.2694271311462209,0.337238529877106,0.7769906743893962,0.013383224949831766
2021-06-10 07:00:00,0.11157601115760113,0.49003984063745,0.49069247952345485,0.4622388859132296,0.5450655010404262,0.00022271714922048998,0.5,0.44070881318701094,0.28194547810820025,0.30713036504586805,0.32021480068867114,0.8336231004149632,0.009324501712509618
2021-06-10 07:10:00,0.11645746164574616,0.1394422310756971,0.48741623231571096,0.4718800214247456,0.5618170158746777,0.00022271714922048998,0.5,0.44070881318701094,0.28194547810820025,0.30713036504586805,0.32021480068867114,0.8336231004149632,0.008849223712600149
2021-06-10 07:20:00,0.09553695955369597,0.25099601593625476,0.4850335070737155,0.4611676486341725,0.5618170158746777,0.2511135857461025,0.5,0.44070881318701094,0.28194547810820025,0.30713036504586805,0.32021480068867114,0.8336231004149632,0.004111531903978756
2021-06-10 07:30:00,0.11157601115760113,-0.36254980079681276,0.4927773641102009,0.4654525977504018,0.5618170158746777,0.9995545657015591,0.5,0.44070881318701094,0.28194547810820025,0.30713036504586805,0.32021480068867114,0.8336231004149632,0.0
2021-06-10 07:40:00,0.07112970711297072,-0.32536520584329354,0.5088607594936707,0.4768791287270131,0.5618170158746777,0.9995545657015591,0.5,0.44070881318701094,0.28194547810820025,0.30713036504586805,0.32021480068867114,0.8336231004149632,0.0
2021-06-10 07:50:00,0.08228730822873082,-0.2881806108897742,0.5204765450483988,0.48366363149437586,0.5618170158746777,0.9995545657015591,0.5,0.44070881318701094,0.28194547810820025,0.30713036504586805,0.32021480068867114,0.8336231004149632,0.0
2021-06-10 08:00:00,0.45536959553695955,-0.2509960159362551,0.5306031273268801,0.4893768969826817,0.45494758608053815,0.9979955456570156,0.5,0.4317598457486316,0.28295120500449833,0.3476209733820959,0.35521837905152703,0.93291379736275,0.0
2021-06-10 08:10:00,0.35355648535564854,0.07569721115537842,0.535368577810871,0.5047312979825032,0.35438614859117146,0.03541202672605791,0.5,0.4317598457486316,0.28295120500449833,0.3476209733820959,0.35521837905152703,0.93291379736275,0.16590219834935196
2021-06-10 08:20:00,0.4302649930264993,0.22709163346613526,0.5180938198064033,0.4929476879128727,0.3631152582743323,0.00011135857461024499,0.5,0.4317598457486316,0.28295120500449833,0.3476209733820959,0.35521837905152703,0.93291379736275,0.3436184498393108
2021-06-10 08:30:00,0.41631799163179917,-0.07569721115537853,0.49545793000744576,0.45045527584359935,0.37167423538495764,0.00011135857461024499,0.5,0.4317598457486316,0.28295120500449833,0.3476209733820959,0.35521837905152703,0.93291379736275,0.33285302593659943
2021-06-10 08:40:00,0.3933054393305439,-0.0916334661354582,0.49009679821295604,0.4322442420996251,0.37167423538495764,0.00011135857461024499,0.5,0.4317598457486316,0.28295120500449833,0.3476209733820959,0.35521837905152703,0.93291379736275,0.27910134737540926
2021-06-10 08:50:00,0.396792189679219,-0.23505976095617542,0.49069247952345485,0.42938760935547227,0.37167423538495764,0.00011135857461024499,0.5,0.4317598457486316,0.28295120500449833,0.3476209733820959,0.35521837905152703,0.93291379736275,0.28239811699382894
2021-06-10 09:00:00,0.37308228730822873,-0.11553784860557781,0.49456440804169755,0.4318871630066061,0.37167423538495764,0.00011135857461024499,0.5,0.44385194163342745,0.28175007973977445,0.3469417569361302,0.21125579887481202,0.9162822724646242,0.2535193204279011
2021-06-10 09:10:00,0.3716875871687587,-0.003984063745020028,0.5011169024571853,0.4397429030530262,0.3712554475141014,0.00011135857461024499,0.5,0.44385194163342745,0.28175007973977445,0.3469417569361302,0.21125579887481202,0.9162822724646242,0.2270546343377039
2021-06-10 09:20:00,0.398186889818689,-0.03585657370517936,0.510349962769918,0.4561685413319052,0.3575008833806651,0.00011135857461024499,0.5,0.44385194163342745,0.28175007973977445,0.3469417569361302,0.21125579887481202,0.9162822724646242,0.27543491709039336
2021-06-10 09:30:00,0.4225941422594142,0.05179282868525892,0.5174981384959045,0.4575968577039815,0.3531559592205311,0.00011135857461024499,0.5,0.44385194163342745,0.28175007973977445,0.3469417569361302,0.21125579887481202,0.9162822724646242,0.30660711860826534
2021-06-10 09:40:00,0.3647140864714087,-0.05179282868525903,0.5210722263588978,0.46973754686663094,0.35051236078575077,0.00011135857461024499,0.5,0.44385194163342745,0.28175007973977445,0.3469417569361302,0.21125579887481202,0.9162822724646242,0.22892556995639513
2021-06-10 09:50:00,0.47489539748953974,-0.13147410358565736,0.5252419955323901,0.48366363149437586,0.3561136485584536,0.00011135857461024499,0.5,0.44385194163342745,0.28175007973977445,0.3469417569361302,0.21125579887481202,0.9162822724646242,0.4220242316339001
2021-06-10 10:00:00,0.44839609483960946,-0.01195219123505975,0.5261355174981384,0.4786645241921086,0.3506563191163576,0.00011135857461024499,0.5,0.5398967988705308,0.269615266359585,0.3016589696834352,0.36242828100417446,0.7116016546572236,0.3678576278346938
2021-06-10 10:10:00,0.4909344490934449,-0.01195219123505975,0.5273268801191362,0.48294947330833793,0.35388883799452964,0.00011135857461024499,0.5,0.5398967988705308,0.269615266359585,0.3016589696834352,0.36242828100417446,0.7116016546572236,0.4690692095297011
2021-06-10 10:20:00,0.4818688981868898,-0.07569721115537853,0.5306031273268801,0.49080521335475824,0.3553022470586696,0.0006681514476614699,0.5,0.5398967988705308,0.269615266359585,0.3016589696834352,0.36242828100417446,0.7116016546572236,0.4281047723946467
2021-06-10 10:30:00,0.5753138075313807,-0.02788844621513953,0.537453462397617,0.5061596143545797,0.3629974741856539,0.000556792873051225,0.5,0.5398967988705308,0.269615266359585,0.3016589696834352,0.36242828100417446,0.7116016546572236,0.64068983206844
2021-06-10 10:40:00,0.6394700139470014,0.09960159362549792,0.542814594192107,0.5118728798428851,0.3702608263208177,0.02962138084632517,0.5,0.5398967988705308,0.269615266359585,0.3016589696834352,0.36242828100417446,0.7116016546572236,0.6674185614919204
2021-06-10 10:50:00,0.5878661087866108,-0.019920318725099695,0.544899478778853,0.5172290662381716,0.36490819384643575,0.059465478841870825,0.5,0.5398967988705308,0.269615266359585,0.3016589696834352,0.36242828100417446,0.7116016546572236,0.43552061801228176
2021-06-10 11:00:00,0.6450488145048815,-0.15537848605577698,0.5475800446760981,0.5197286198893054,0.36995982253863974,0.0633630289532294,0.5,0.5664099034661529,0.2695779107891497,0.2987558139520138,0.6144482048529659,0.696962245893769,0.48395370943162785
2021-06-10 11:10:00,0.5829846582984658,0.1394422310756971,0.5535368577810869,0.5247277271915729,0.3775241784559815,0.048886414253897545,0.5,0.5664099034661529,0.2695779107891497,0.2987558139520138,0.6144482048529659,0.696962245893769,0.48204505333675335
2021-06-10 11:20:00,0.6827057182705718,-0.09960159362549814,0.5588979895755768,0.5286555972147831,0.3795526822054416,0.03596881959910913,0.5,0.5664099034661529,0.2695779107891497,0.2987558139520138,0.6144482048529659,0.696962245893769,0.6820541062510374
2021-06-10 11:30:00,0.6861924686192469,-0.01195219123505975,0.5633655994043185,0.5329405463310124,0.37884597767337164,0.0071269487750556795,0.5,0.5664099034661529,0.2695779107891497,0.2987558139520138,0.6144482048529659,0.696962245893769,0.8222535721290947
2021-06-10 11:40:00,0.5788005578800558,0.14741035856573692,0.5657483246463142,0.5415104445634709,0.376032246666056,0.00111358574610245,0.5,0.5664099034661529,0.2695779107891497,0.2987558139520138,0.6144482048529659,0.696962245893769,0.6200869079771264
2021-06-10 11:50:00,0.599721059972106,0.01195219123505975,0.5743857036485478,0.5565077664702731,0.3830862048657916,0.00022271714922048998,0.5,0.5664099034661529,0.2695779107891497,0.2987558139520138,0.6144482048529659,0.696962245893769,0.6299470404514387
2021-06-10 12:00:00,0.5041841004184101,-0.09960159362549814,0.5791511541325389,0.5686484556329228,0.407860124851134,0.00011135857461024499,0.5,0.5848615996875481,0.264899843968655,0.28391742016448557,0.7457043232589621,0.7218725182036665,0.4823845376224029
2021-06-10 12:10:00,0.5739191073919108,0.03585657370517925,0.5883842144452716,0.5847170148187824,0.373205428537776,0.00022271714922048998,0.5,0.5848615996875481,0.264899843968655,0.28391742016448557,0.7457043232589621,0.7218725182036665,0.6219427554053443
2021-06-10 12:20:00,0.5174337517433751,-0.05179282868525903,0.5919583023082648,0.5893590430280307,0.3951263561529099,0.0008908685968819599,0.5,0.5848615996875481,0.264899843968655,0.28391742016448557,0.7457043232589621,0.7218725182036665,0.5145072951400939
2021-06-10 12:30:00,0.45327754532775455,-0.33067729083665354,0.5985107967237526,0.6022138903767185,0.3770923034641609,0.00011135857461024499,0.5,0.5848615996875481,0.264899843968655,0.28391742016448557,0.7457043232589621,0.7218725182036665,0.3496009173619808
2021-06-10 12:40:00,0.48535564853556484,0.1872509960159361,0.6083395383469843,0.6164970540974826,0.37864967085890777,0.00011135857461024499,0.5,0.5848615996875481,0.264899843968655,0.28391742016448557,0.7457043232589621,0.7218725182036665,0.44167659972539497
2021-06-10 12:50:00,0.599023709902371,-0.3705179282868527,0.6184661206254651,0.6268523477950365,0.3965659394589784,0.00033407572383073496,0.5,0.5848615996875481,0.264899843968655,0.28391742016448557,0.7457043232589621,0.7218725182036665,0.6030598850279886
2021-06-10 13:00:00,0.5718270571827057,0.22709163346613526,0.619657483246463,0.6268523477950365,0.3717527581107432,0.03819599109131403,0.5,0.6909302610246135,0.2598913240250927,0.20733754127958243,0.7712351208914897,0.7478767076987933,0.4395039002972374
2021-06-10 13:10:00,0.5083682008368201,-0.17131474103585675,0.6220402084884586,0.6243527941439027,0.39263980316970065,0.021269487750556794,0.5,0.6909302610246135,0.2598913240250927,0.20733754127958243,0.7712351208914897,0.7478767076987933,0.40784133258898264
2021-06-10 13:20:00,0.4470013947001395,0.1872509960159361,0.6175725986597167,0.6225673986788074,0.396749159152478,0.0089086859688196,0.5,0.6909302610246135,0.2598913240250927,0.20733754127958243,0.7712351208914897,0.7478767076987933,0.3243810069858322
2021-06-10 13:30:00,0.5683403068340307,-0.07569721115537853,0.6241250930752047,0.6222103195857882,0.421549253379749,0.0017817371937639199,0.5,0.6909302610246135,0.2598913240250927,0.20733754127958243,0.7712351208914897,0.7478767076987933,0.6075938862652203
2021-06-10 13:40:00,0.5453277545327755,0.05976095617529875,0.6205510052122112,0.6211390823067309,0.429375351716376,0.013808463251670379,0.5,0.6909302610246135,0.2598913240250927,0.20733754127958243,0.7712351208914897,0.7478767076987933,0.48618676162167873
2021-06-10 13:50:00,0.5251046025104603,-0.05179282868525903,0.6160833953834697,0.6186395286555972,0.41770163981625685,0.00378619153674833,0.5,0.6909302610246135,0.2598913240250927,0.20733754127958243,0.7712351208914897,0.7478767076987933,0.4884877106688595
2021-06-10 14:00:00,0.4881450488145049,-0.08366533864541836,0.6220402084884586,0.6182824495625783,0.3817774927693657,0.0021158129175946547,0.5,0.6895948366749236,0.23706707048996042,0.21233870987173134,0.7380824677218234,0.7591619462110974,0.40891259411258807
2021-06-10 14:10:00,0.3270571827057183,0.08366533864541825,0.6312732688011911,0.6325656132833424,0.3747366216905943,0.0012249443207126948,0.5,0.6895948366749236,0.23706707048996042,0.21233870987173134,0.7380824677218234,0.7591619462110974,0.19819092596224933
2021-06-10 14:20:00,0.5571827057182706,0.3067729083665336,0.6384214445271779,0.64542046063203,0.4045621703681407,0.007015590200445435,0.5,0.6895948366749236,0.23706707048996042,0.21233870987173134,0.7380824677218234,0.7591619462110974,0.5907026570303424
2021-06-10 14:30:00,0.6603905160390516,-0.043824701195219196,0.6393149664929261,0.6339939296554187,0.4187616966143618,0.023942093541202674,0.5,0.6895948366749236,0.23706707048996042,0.21233870987173134,0.7380824677218234,0.7591619462110974,0.6808621392036454
2021-06-10 14:40:00,0.5278940027894004,-0.01195219123505975,0.6408041697691733,0.6325656132833424,0.41983484053343106,0.032405345211581296,0.5,0.6895948366749236,0.23706707048996042,0.21233870987173134,0.7380824677218234,0.7591619462110974,0.41914238725349673
2021-06-10 14:50:00,0.6673640167364017,-0.11553784860557781,0.6411020104244229,0.6364934833065523,0.4029001060056798,0.07115812917594655,0.5,0.6895948366749236,0.23706707048996042,0.21233870987173134,0.7380824677218234,0.7591619462110974,0.5132549753308087
2021-06-10 15:00:00,0.5557880055788006,0.20318725099601576,0.6467609828741621,0.6397071951437245,0.39014016306552723,0.026503340757238307,0.5,0.6858247034993727,0.2214754300919239,0.2175985792760106,0.6907428205655345,0.759206635792263,0.4908490124779335
2021-06-10 15:10:00,0.4121338912133891,-0.019920318725099695,0.6524199553239014,0.6504195679342974,0.40492860975513995,0.00155902004454343,0.5,0.6858247034993727,0.2214754300919239,0.2175985792760106,0.6907428205655345,0.759206635792263,0.31115620803597027
2021-06-10 15:20:00,0.5955369595536959,0.24302788844621515,0.6577810871183913,0.6611319407248706,0.40465378021489057,0.00033407572383073496,0.5,0.6858247034993727,0.2214754300919239,0.2175985792760106,0.6907428205655345,0.759206635792263,0.6727597809194743
2021-06-10 15:30:00,0.4686192468619247,-0.33067729083665354,0.6634400595681309,0.6675593643992144,0.42886495399876984,0.0012249443207126948,0.5,0.6858247034993727,0.2214754300919239,0.2175985792760106,0.6907428205655345,0.759206635792263,0.38972041583052947
2021-06-10 15:40:00,0.4839609483960949,0.5776892430278884,0.665524944154877,0.6786288162828067,0.3833741215270053,0.1749443207126949,0.5,0.6858247034993727,0.2214754300919239,0.2175985792760106,0.6907428205655345,0.759206635792263,0.3151244021304525
2021-06-10 15:50:00,0.4379358437935844,-0.31474103585657376,0.6762472077438568,0.6964827709337618,0.3998508068210074,0.05601336302895323,0.5,0.6858247034993727,0.2214754300919239,0.2175985792760106,0.6907428205655345,0.759206635792263,0.33803581936418364
2021-06-10 16:00:00,0.41283124128312415,0.1872509960159361,0.6777364110201041,0.6957686127477234,0.3978746515554043,0.20211581291759464,0.5,0.7099845475136437,0.20049884054056427,0.20200488056836063,0.6603869512547963,0.7521412882576933,0.159587790636269
2021-06-10 16:10:00,0.48884239888423986,0.07569721115537842,0.6795234549516007,0.6918407427245135,0.40922118543141695,0.00011135857461024499,0.5,0.7099845475136437,0.20049884054056427,0.20200488056836063,0.6603869512547963,0.7521412882576933,0.38148226383209866
2021-06-10 16:20:00,0.5160390516039052,-0.059760956175298974,0.683097542814594,0.6882699517943225,0.39510018191098134,0.00022271714922048998,0.5,0.7099845475136437,0.20049884054056427,0.20200488056836063,0.6603869512547963,0.7521412882576933,0.4765906724806494
2021-06-10 16:30:00,0.44002789400278935,-0.23505976095617542,0.6813104988830974,0.6829137653990358,0.40905105285888155,0.00022271714922048998,0.5,0.7099845475136437,0.20049884054056427,0.20200488056836063,0.6603869512547963,0.7521412882576933,0.3209937082245726
2021-06-10 16:40:00,0.3856345885634589,0.298804780876494,0.6795234549516007,0.6821996072129977,0.4149271701718339,0.00824053452115813,0.5,0.7099845475136437,0.20049884054056427,0.20200488056836063,0.6603869512547963,0.7521412882576933,0.2818851185177362
2021-06-10 16:50:00,0.5292887029288703,0.043824701195219085,0.683097542814594,0.6907695054454563,0.4108178141890565,0.01648106904231626,0.5,0.7099845475136437,0.20049884054056427,0.20200488056836063,0.6603869512547963,0.7521412882576933,0.4836670338126349
2021-06-10 17:00:00,0.44072524407252445,0.1872509960159361,0.6786299329858525,0.6818425281199787,0.39127874258941775,0.011247216035634744,0.5,0.714902794088365,0.18847034686083924,0.19469759713866758,0.6551832413798585,0.7565803020652064,0.35330506812317997
2021-06-10 17:10:00,0.4246861924686192,0.20318725099601576,0.6732688011913626,0.6768434208177112,0.42657470783002455,0.008351893095768375,0.5,0.714902794088365,0.18847034686083924,0.19469759713866758,0.6551832413798585,0.7565803020652064,0.3140606847020837
2021-06-10 17:20:00,0.3772663877266388,-0.2749003984063746,0.6762472077438568,0.683270844492055,0.4324639122639411,0.010133630289532295,0.5,0.714902794088365,0.18847034686083924,0.19469759713866758,0.6551832413798585,0.7565803020652064,0.2450171250961872
2021-06-10 17:30:00,0.5725244072524408,0.11553784860557759,0.6822040208488456,0.6861274772362078,0.4256978707254191,0.02416481069042316,0.5,0.714902794088365,0.18847034686083924,0.19469759713866758,0.6551832413798585,0.7565803020652064,0.5370565958024655
2021-06-10 17:40:00,0.37935843793584384,-0.3227091633466136,0.6795234549516007,0.680057132654883,0.4010548219497193,0.0008908685968819599,0.5,0.714902794088365,0.18847034686083924,0.19469759713866758,0.6551832413798585,0.7565803020652064,0.23324833652700033
2021-06-10 17:50:00,0.49442119944211993,0.5378486055776892,0.6783320923306031,0.6786288162828067,0.4025467537396448,0.01447661469933185,0.5,0.714902794088365,0.18847034686083924,0.19469759713866758,0.6551832413798585,0.7565803020652064,0.42969657648958165
2021-06-10 18:00:00,0.5230125523012552,-0.21912350597609564,0.6783320923306031,0.6761292626316728,0.44319535145463346,0.01247216035634744,0.5,0.6867611248396133,0.19130649670839844,0.16887938290218435,0.6293871501954871,0.7402498160758284,0.4818262745748902
2021-06-10 18:10:00,0.4428172942817294,0.10756972111553775,0.6738644825018612,0.6754151044456349,0.39282302286320026,0.004677060133630289,0.5,0.6867611248396133,0.19130649670839844,0.16887938290218435,0.6293871501954871,0.7402498160758284,0.35503266593237476
2021-06-10 18:20:00,0.4386331938633194,0.07569721115537842,0.6688011913626208,0.6732726298875202,0.40483699990839017,0.0034521158129175947,0.5,0.6867611248396133,0.19130649670839844,0.16887938290218435,0.6293871501954871,0.7402498160758284,0.33258898260331643
2021-06-10 18:30:00,0.397489539748954,-0.02788844621513953,0.6699925539836187,0.6714872344224245,0.42272709426653227,0.008017817371937639,0.5,0.6867611248396133,0.19130649670839844,0.16887938290218435,0.6293871501954871,0.7402498160758284,0.2517313698568131
2021-06-10 18:40:00,0.49442119944211993,-0.11553784860557781,0.6723752792256141,0.6782717371897875,0.40424807946499847,0.004008908685968819,0.5,0.6867611248396133,0.19130649670839844,0.16887938290218435,0.6293871501954871,0.7402498160758284,0.49157324562065274
2021-06-10 18:50:00,0.5418410041841004,0.03585657370517925,0.6714817572598657,0.6672022853061954,0.4091426627056314,0.006347438752783964,0.5,0.6867611248396133,0.19130649670839844,0.16887938290218435,0.6293871501954871,0.7402498160758284,0.5444498091343906
2021-06-10 19:00:00,0.47629009762900976,0.01195219123505975,0.6664184661206252,0.6657739689341189,0.4108963369148421,0.000556792873051225,0.5,0.6801410035210858,0.1918869448028345,0.16540670494170545,0.6298716201233309,0.7385011601808794,0.40721517268433993
2021-06-10 19:10:00,0.33821478382147835,-0.12350597609561753,0.6661206254653758,0.670058918050348,0.4227532685084608,0.00044543429844097997,0.5,0.6801410035210858,0.1918869448028345,0.16540670494170545,0.6298716201233309,0.7385011601808794,0.2009294325331563
2021-06-10 19:20:00,0.49790794979079495,0.03585657370517925,0.6661206254653758,0.6722013926084627,0.3961471515881222,0.00155902004454343,0.5,0.6801410035210858,0.1918869448028345,0.16540670494170545,0.6298716201233309,0.7385011601808794,0.461411952864493
2021-06-10 19:30:00,0.35495118549511856,-0.1633466135458168,0.6661206254653758,0.6672022853061954,0.3759406368193061,0.00044543429844097997,0.5,0.6801410035210858,0.1918869448028345,0.16540670494170545,0.6298716201233309,0.7385011601808794,0.22511580186188268
2021-06-10 19:40:00,0.41492329149232915,0.3784860557768923,0.6664184661206252,0.6654168898410999,0.3988954469906165,0.0006681514476614699,0.5,0.6801410035210858,0.1918869448028345,0.16540670494170545,0.6298716201233309,0.7385011601808794,0.3222007634624379
2021-06-10 19:50:00,0.4351464435146444,-0.003984063745020028,0.6646314221891287,0.6589894661667561,0.4007145568046485,0.00044543429844097997,0.5,0.6801410035210858,0.1918869448028345,0.16540670494170545,0.6298716201233309,0.7385011601808794,0.33880531707832284
2021-06-10 20:00:00,0.402370990237099,-0.06772908366533881,0.6634400595681309,0.6572040707016604,0.39689311748308487,0.0013363028953229399,0.5,0.6777877095866449,0.1860997048909938,0.1597179501714337,0.575386685689116,0.7369327033763693,0.2920168384205682
2021-06-10 20:10:00,0.5188284518828452,0.09163346613545809,0.6595681310498882,0.6518478843063737,0.4320843857559775,0.0010022271714922048,0.5,0.6777877095866449,0.1860997048909938,0.1597179501714337,0.575386685689116,0.7369327033763693,0.48267121324139595
2021-06-10 20:20:00,0.4372384937238493,0.07569721115537842,0.652717795979151,0.648634172469202,0.43933465077017714,0.00044543429844097997,0.5,0.6777877095866449,0.1860997048909938,0.1597179501714337,0.575386685689116,0.7369327033763693,0.32920168384205684
2021-06-10 20:30:00,0.39191073919107394,0.01195219123505975,0.6479523454951599,0.645063381539011,0.4590176807004227,0.00022271714922048998,0.5,0.6777877095866449,0.1860997048909938,0.1597179501714337,0.575386685689116,0.7369327033763693,0.2584833350936222
2021-06-10 20:40:00,0.33403068340306835,-0.2270916334661356,0.6449739389426654,0.6404213533297625,0.4644619230215544,0.00022271714922048998,0.5,0.6777877095866449,0.1860997048909938,0.1597179501714337,0.575386685689116,0.7369327033763693,0.17241275253858804
2021-06-10 20:50:00,0.40446304044630405,0.043824701195219085,0.6402084884586745,0.6389930369576862,0.4504848778317258,0.00044543429844097997,0.5,0.6777877095866449,0.1860997048909938,0.1597179501714337,0.575386685689116,0.7369327033763693,0.26097288652171946
2021-06-10 21:00:00,0.4121338912133891,0.12350597609561742,0.6369322412509306,0.6322085341903232,0.4368219235450393,0.00033407572383073496,0.5,0.6855641491643549,0.19804199340817816,0.1554540788938562,0.47938506430866223,0.7298520920607229,0.2807610483274741
2021-06-10 21:10:00,0.44839609483960946,-0.059760956175298974,0.6309754281459417,0.6211390823067309,0.44799832484851665,0.00033407572383073496,0.5,0.6855641491643549,0.19804199340817816,0.1554540788938562,0.47938506430866223,0.7298520920607229,0.35179624907584833
2021-06-10 21:20:00,0.42398884239888424,-0.07569721115537853,0.627699180938198,0.6107837886091769,0.44799832484851665,0.00033407572383073496,0.5,0.6855641491643549,0.19804199340817816,0.1554540788938562,0.47938506430866223,0.7298520920607229,0.29555501908656095
2021-06-10 21:30:00,0.3898186889818689,0.1633466135458166,0.6247207743857035,0.6054276022138905,0.44799832484851665,0.00022271714922048998,0.5,0.6855641491643549,0.19804199340817816,0.1554540788938562,0.47938506430866223,0.7298520920607229,0.24705403081008498
2021-06-10 21:40:00,0.3682008368200837,0.21912350597609564,0.6214445271779596,0.5982860203535083,0.44799832484851665,0.00022271714922048998,0.5,0.6855641491643549,0.19804199340817816,0.1554540788938562,0.47938506430866223,0.7298520920607229,0.20527483138947147
2021-06-10 21:50:00,0.3800557880055788,0.17131474103585642,0.6172747580044673,0.5936439921442598,0.4500268285979767,0.00033407572383073496,0.5,0.6855641491643549,0.19804199340817816,0.1554540788938562,0.47938506430866223,0.7298520920607229,0.23686195814535965
2021-06-10 22:00:00,0.39051603905160387,-0.21912350597609564,0.6119136262099774,0.590073201214069,0.47069139260054177,0.00022271714922048998,0.5,0.55416304924617,0.20720560218616238,0.2414833853841904,0.38247555566779096,0.7285304874781601,0.24537924166754682
2021-06-10 22:10:00,0.40097629009762903,0.43426294820717115,0.6059568131049888,0.5832886984467058,0.47109709335043387,0.00011135857461024499,0.5,0.55416304924617,0.20720560218616238,0.2414833853841904,0.38247555566779096,0.7285304874781601,0.25263666128521206
2021-06-10 22:20:00,0.405160390516039,-0.21115537848605592,0.6020848845867459,0.5754329584002855,0.47701247202627894,0.00044543429844097997,0.5,0.55416304924617,0.20720560218616238,0.2414833853841904,0.38247555566779096,0.7285304874781601,0.25532990328469907
2021-06-10 22:30:00,0.40097629009762903,0.2828685258964143,0.5979151154132538,0.5722192465631137,0.4753634947847823,0.004342984409799555,0.5,0.55416304924617,0.20720560218616238,0.2414833853841904,0.38247555566779096,0.7285304874781601,0.24964919957149542
2021-06-10 22:40:00,0.3842398884239888,0.21912350597609564,0.5934475055845121,0.5611497946795214,0.4819463166298046,0.00512249443207127,0.5,0.55416304924617,0.20720560218616238,0.2414833853841904,0.38247555566779096,0.7285304874781601,0.22592302005220516
2021-06-10 22:50:00,0.36262203626220363,0.15537848605577675,0.5889798957557706,0.5450812354936618,0.4881757862087919,0.007015590200445435,0.5,0.55416304924617,0.20720560218616238,0.2414833853841904,0.38247555566779096,0.7285304874781601,0.19362674834407112
2021-06-10 23:00:00,0.3542538354253836,-0.21115537848605592,0.5880863737900222,0.5440099982146045,0.49316197929617467,0.025278396436525612,0.5,0.4575482210629429,0.21786918079234002,0.2751757421828287,0.2964401805522458,0.7576512384110848,0.1644461879686769
2021-06-10 23:10:00,0.3716875871687587,-0.2509960159362551,0.5851079672375277,0.5297268344938404,0.49316197929617467,0.024610244988864143,0.5,0.4575482210629429,0.21786918079234002,0.2751757421828287,0.2964401805522458,0.7576512384110848,0.18354783710789566
2021-06-10 23:20:00,0.37866108786610875,-0.4103585657370519,0.5800446760982871,0.5232994108194964,0.49316197929617467,0.00378619153674833,0.5,0.4575482210629429,0.21786918079234002,0.2751757421828287,0.2964401805522458,0.7576512384110848,0.217073796339605
2021-06-10 23:30:00,0.3647140864714087,-0.2270916334661356,0.5776619508562917,0.5186573826102483,0.49316197929617467,0.02383073496659243,0.5,0.4575482210629429,0.21786918079234002,0.2751757421828287,0.2964401805522458,0.7576512384110848,0.1742157913001494
2021-06-10 23:40:00,0.37866108786610875,-0.17131474103585675,0.5764705882352941,0.5165149080521336,0.49316197929617467,0.04220489977728285,0.5,0.4575482210629429,0.21786918079234002,0.2751757421828287,0.2964401805522458,0.7576512384110848,0.1690933506344584
2021-06-10 23:50:00,0.3096234309623431,-0.15537848605577698,0.5705137751303051,0.5108016425638278,0.49316197929617467,0.010133630289532295,0.5,0.4575482210629429,0.21786918079234002,0.2751757421828287,0.2964401805522458,0.7576512384110848,0.13833607435460266
2021-06-11 00:00:00,0.15132496513249652,0.47410358565737054,0.5603871928518243,0.507587930726656,0.49321432778003166,0.00022271714922048998,0.5,0.44622151187553416,0.20448439255532128,0.2662830285799722,0.2267234689139976,0.8295376169065659,0.0781643707470163
2021-06-11 00:10:00,0.2280334728033473,0.4581673306772909,0.5547282204020847,0.5147295125870381,0.5002551988588031,0.005679287305122495,0.5,0.44622151187553416,0.20448439255532128,0.2662830285799722,0.2267234689139976,0.8295376169065659,0.1556874933989167
2021-06-11 00:20:00,0.23570432357043236,0.2111553784860556,0.5511541325390914,0.5100874843777896,0.507073588881182,0.002561247216035635,0.5,0.44622151187553416,0.20448439255532128,0.2662830285799722,0.2267234689139976,0.8295376169065659,0.14671756416252998
2021-06-11 00:30:00,0.27266387726638774,-0.019920318725099695,0.5454951600893521,0.49509016247098736,0.507073588881182,0.02427616926503341,0.5,0.44622151187553416,0.20448439255532128,0.2662830285799722,0.2267234689139976,0.8295376169065659,0.16787120720611978
2021-06-11 00:40:00,0.2670850767085077,0.17131474103585642,0.5443037974683544,0.4879485806106054,0.507073588881182,0.026614699331848554,0.5,0.44622151187553416,0.20448439255532128,0.2662830285799722,0.2267234689139976,0.8295376169065659,0.16517796520663278
2021-06-11 00:50:00,0.3117154811715481,0.2669322709163344,0.5392405063291137,0.48294947330833793,0.507073588881182,0.05601336302895323,0.5,0.44622151187553416,0.20448439255532128,0.2662830285799722,0.2267234689139976,0.8295376169065659,0.16918387977729832
2021-06-11 01:00:00,0.299163179916318,0.11553784860557759,0.5380491437081161,0.4818782360292806,0.5152530394838439,0.030957683741648107,0.5,0.41805542816528307,0.19871439367598787,0.26560926514132105,0.24164133108575472,0.9445722397822239,0.1541635861611117
2021-06-11 01:10:00,0.3591352859135286,-0.33067729083665354,0.5398361876396125,0.4786645241921086,0.520867414377511,0.06247216035634744,0.5,0.41805542816528307,0.19871439367598787,0.26560926514132105,0.24164133108575472,0.9445722397822239,0.16868596949167886
2021-06-11 01:20:00,0.24476987447698745,-0.13147410358565736,0.5386448250186149,0.47259417961078376,0.520867414377511,0.0071269487750556795,0.5,0.41805542816528307,0.19871439367598787,0.26560926514132105,0.24164133108575472,0.9445722397822239,0.1392866303544216
2021-06-11 01:30:00,0.3933054393305439,0.05976095617529875,0.53596425912137,0.4683092304945544,0.520867414377511,0.061358574610244986,0.5,0.41805542816528307,0.19871439367598787,0.26560926514132105,0.24164133108575472,0.9445722397822239,0.16926686482490155
2021-06-11 01:40:00,0.4107391910739191,0.17928286852589648,0.5380491437081161,0.4668809141224781,0.520867414377511,0.04821826280623608,0.5,0.41805542816528307,0.19871439367598787,0.26560926514132105,0.24164133108575472,0.9445722397822239,0.20748525129381232
2021-06-11 01:50:00,0.3668061366806137,0.05976095617529875,0.5317944899478777,0.4675950723085165,0.5343340618497336,0.0013363028953229399,0.5,0.41805542816528307,0.19871439367598787,0.26560926514132105,0.24164133108575472,0.9445722397822239,0.21298489672133622
2021-06-11 02:00:00,0.301255230125523,0.21912350597609564,0.5228592702903945,0.45973933226209596,0.5518577168208767,0.00033407572383073496,0.5,0.4099125715465459,0.19436390647314442,0.2685502114815732,0.3490132818509739,0.018929511300187326,0.14331517721079712
2021-06-11 02:10:00,0.2629009762900976,0.394422310756972,0.5213700670141472,0.4479557221924655,0.5555613720537619,0.00011135857461024499,0.5,0.4099125715465459,0.19436390647314442,0.2685502114815732,0.3490132818509739,0.018929511300187326,0.11113961102644959
2021-06-11 02:20:00,0.2510460251046025,0.3784860557768923,0.5213700670141472,0.45224067130869505,0.5740403868552957,0.00011135857461024499,0.5,0.4099125715465459,0.19436390647314442,0.2685502114815732,0.3490132818509739,0.018929511300187326,0.09967258626672904
2021-06-11 02:30:00,0.24198047419804744,0.11553784860557759,0.5204765450483988,0.4511694340296377,0.5807933412728533,0.00033407572383073496,0.5,0.4099125715465459,0.19436390647314442,0.2685502114815732,0.3490132818509739,0.018929511300187326,0.09915204369539962
2021-06-11 02:40:00,0.19456066945606695,0.4501992031872508,0.5166046165301563,0.44688448491340815,0.5807933412728533,0.00033407572383073496,0.5,0.4099125715465459,0.19436390647314442,0.2685502114815732,0.3490132818509739,0.018929511300187326,0.0650602773209409
2021-06-11 02:50:00,0.22384937238493724,0.22709163346613526,0.5085629188384213,0.4450990894483129,0.5927157084712934,0.00022271714922048998,0.5,0.4099125715465459,0.19436390647314442,0.2685502114815732,0.3490132818509739,0.018929511300187326,0.07849631093742927
2021-06-11 03:00:00,0.20013947001394702,-0.13147410358565736,0.5037974683544302,0.44224245670416007,0.5886194396094803,0.00011135857461024499,0.5,0.40725799915483285,0.1937231147649328,0.28579896131623933,0.39405426670047233,0.06393403080459098,0.06699156570152541
2021-06-11 03:10:00,0.22873082287308227,-0.26693227091633476,0.5055845122859268,0.43902874486698806,0.5834107654657051,0.00011135857461024499,0.5,0.40725799915483285,0.1937231147649328,0.28579896131623933,0.39405426670047233,0.06393403080459098,0.08547459903133817
2021-06-11 03:20:00,0.2824267782426778,-0.29083665338645437,0.5064780342516753,0.43402963756472057,0.5834107654657051,0.00022271714922048998,0.5,0.40725799915483285,0.1937231147649328,0.28579896131623933,0.39405426670047233,0.06393403080459098,0.12945667426105587
2021-06-11 03:30:00,0.303347280334728,0.09163346613545809,0.5055845122859268,0.4272451347973576,0.5834107654657051,0.00044543429844097997,0.5,0.40725799915483285,0.1937231147649328,0.28579896131623933,0.39405426670047233,0.06393403080459098,0.1557553902560466
2021-06-11 03:40:00,0.31241283124128316,-0.2589641434262948,0.5032017870439314,0.4236743438671666,0.5834107654657051,0.00044543429844097997,0.5,0.40725799915483285,0.1937231147649328,0.28579896131623933,0.39405426670047233,0.06393403080459098,0.15724912111290493
2021-06-11 03:50:00,0.3158995815899582,-0.3784860557768924,0.5023082650781829,0.4208177111230138,0.5834107654657051,0.0006681514476614699,0.5,0.40725799915483285,0.1937231147649328,0.28579896131623933,0.39405426670047233,0.06393403080459098,0.15901443939828297
2021-06-11 04:00:00,0.2824267782426778,0.25099601593625476,0.49754281459419203,0.41867523656489913,0.5834107654657051,0.00033407572383073496,0.5,0.3501685498376872,0.1933955351472816,0.3352455635029967,0.41907179038197706,0.10601951132919993,0.13401330778399745
2021-06-11 04:10:00,0.23361227336122734,0.5776892430278884,0.49426656738644814,0.41867523656489913,0.5834107654657051,0.00011135857461024499,0.5,0.3501685498376872,0.1933955351472816,0.3352455635029967,0.41907179038197706,0.10601951132919993,0.08988035064954661
2021-06-11 04:20:00,0.18340306834030684,0.4262948207171313,0.4933730454206997,0.4222460274950901,0.5955817879624662,0.00011135857461024499,0.5,0.3501685498376872,0.1933955351472816,0.3352455635029967,0.41907179038197706,0.10601951132919993,0.0666143609396925
2021-06-11 04:30:00,0.21269177126917713,-0.14741035856573714,0.489501116902457,0.42046063202999484,0.5966941932444282,0.00011135857461024499,0.5,0.3501685498376872,0.1933955351472816,0.3352455635029967,0.41907179038197706,0.10601951132919993,0.07744013760429712
2021-06-11 04:40:00,0.2398884239888424,0.019920318725099362,0.489501116902457,0.4193893947509373,0.5834107654657051,0.00022271714922048998,0.5,0.3501685498376872,0.1933955351472816,0.3352455635029967,0.41907179038197706,0.10601951132919993,0.1015208895997103
2021-06-11 04:50:00,0.33403068340306835,-0.2589641434262948,0.49069247952345485,0.4158186038207463,0.5834107654657051,0.008463251670378619,0.5,0.3501685498376872,0.1933955351472816,0.3352455635029967,0.41907179038197706,0.10601951132919993,0.1741026298715995
2021-06-11 05:00:00,0.3716875871687587,-0.5298804780876495,0.4933730454206997,0.414747366541689,0.5834107654657051,0.0035634743875278397,0.5,0.3723577932662112,0.18856804604505006,0.3548384724122849,0.41731109248047926,0.14052739025910696,0.20000150881904735
2021-06-11 05:10:00,0.3688981868898187,0.15537848605577675,0.4933730454206997,0.41510444563470794,0.5766447239271832,0.004342984409799555,0.5,0.3723577932662112,0.18856804604505006,0.3548384724122849,0.41731109248047926,0.14052739025910696,0.2121399580548305
2021-06-11 05:20:00,0.3800557880055788,-0.3944223107569722,0.49009679821295604,0.414747366541689,0.583450026828598,0.005902004454342985,0.5,0.3723577932662112,0.18856804604505006,0.3548384724122849,0.41731109248047926,0.14052739025910696,0.21846190986315012
2021-06-11 05:30:00,0.3716875871687587,-0.09960159362549814,0.48741623231571096,0.4111765756114978,0.583450026828598,0.0022271714922049,0.5,0.3723577932662112,0.18856804604505006,0.3548384724122849,0.41731109248047926,0.14052739025910696,0.23488540519335518
2021-06-11 05:40:00,0.35355648535564854,0.05179282868525892,0.48741623231571096,0.40867702196036415,0.583450026828598,0.0013363028953229399,0.5,0.3723577932662112,0.18856804604505006,0.3548384724122849,0.41731109248047926,0.14052739025910696,0.23428942166965916
2021-06-11 05:50:00,0.3926080892608089,0.09960159362549792,0.4850335070737155,0.407962863774326,0.583450026828598,0.005567928730512249,0.5,0.3723577932662112,0.18856804604505006,0.3548384724122849,0.41731109248047926,0.14052739025910696,0.2703124764247024
2021-06-11 06:00:00,0.405160390516039,0.298804780876494,0.4802680565897244,0.4061774683092303,0.5873761631178758,0.005679287305122495,0.5,0.43568467055319093,0.2142830460306841,0.30604623110326895,0.49334647198443393,0.11411931007406098,0.2702898441389924
2021-06-11 06:10:00,0.3849372384937238,-0.059760956175298974,0.47848101265822773,0.40403499375111585,0.5946918637368964,0.0064587973273942095,0.5,0.43568467055319093,0.2142830460306841,0.30604623110326895,0.49334647198443393,0.11411931007406098,0.26663850204444983
2021-06-11 06:20:00,0.3849372384937238,-0.2589641434262948,0.4760982874162323,0.40582038921621133,0.5946918637368964,0.008017817371937639,0.5,0.43568467055319093,0.2142830460306841,0.30604623110326895,0.49334647198443393,0.11411931007406098,0.2361980777645337
2021-06-11 06:30:00,0.36610878661087864,-0.03585657370517936,0.474013402829486,0.4051062310301732,0.5946918637368964,0.020824053452115816,0.5,0.43568467055319093,0.2142830460306841,0.30604623110326895,0.49334647198443393,0.11411931007406098,0.19368710110596438
2021-06-11 06:40:00,0.37866108786610875,-0.043824701195219196,0.4707371556217421,0.40082128191394384,0.5946918637368964,0.031959910913140314,0.5,0.43568467055319093,0.2142830460306841,0.30604623110326895,0.49334647198443393,0.11411931007406098,0.20365285091358992
2021-06-11 06:50:00,0.3507670850767085,-0.21912350597609564,0.4698436336559937,0.39760757007677205,0.590072110036513,0.025946547884187085,0.5,0.43568467055319093,0.2142830460306841,0.30604623110326895,0.49334647198443393,0.11411931007406098,0.1626431492071156
2021-06-11 07:00:00,0.33472803347280333,0.13147410358565725,0.46746090841399823,0.3951080164256384,0.5835285495543835,0.00155902004454343,0.5,0.4337874134112105,0.2004930935297271,0.33130253195811027,0.4762719243985443,0.1258041250372389,0.17812363263273837
2021-06-11 07:10:00,0.3856345885634589,0.41035856573705165,0.46388682055100494,0.3915372254954472,0.5835285495543835,0.0038975501113585743,0.5,0.4337874134112105,0.2004930935297271,0.33130253195811027,0.4762719243985443,0.1258041250372389,0.2418636932872641
2021-06-11 07:20:00,0.37866108786610875,0.06772908366533859,0.4618019359642589,0.38832351365827544,0.5835285495543835,0.01737193763919822,0.5,0.4337874134112105,0.2004930935297271,0.33130253195811027,0.4762719243985443,0.1258041250372389,0.23098510795600286
2021-06-11 07:30:00,0.4456066945606694,-0.1872509960159363,0.46329113924050613,0.3890376718443136,0.5771812958867178,0.08652561247216035,0.5,0.4337874134112105,0.2004930935297271,0.33130253195811027,0.4762719243985443,0.1258041250372389,0.1718016808244187
2021-06-11 07:40:00,0.5285913528591353,0.019920318725099362,0.46358897989575576,0.38832351365827544,0.5722736255251207,0.12216035634743877,0.5,0.4337874134112105,0.2004930935297271,0.33130253195811027,0.4762719243985443,0.1258041250372389,0.16918387977729832
2021-06-11 07:50:00,0.5369595536959554,0.3227091633466135,0.46418466120625435,0.3822531690769506,0.5771943830076821,0.128173719376392,0.5,0.4337874134112105,0.2004930935297271,0.33130253195811027,0.4762719243985443,0.1258041250372389,0.16925177663442822
2021-06-11 08:00:00,0.5439330543933054,0.21912350597609564,0.4695457930007445,0.3761828244956258,0.5908573372943686,0.13006681514476615,0.5,0.428144404202089,0.21326869861813239,0.35555332362698033,0.4128209828420659,0.16022568834245962,0.1690933506344584
2021-06-11 08:10:00,0.5550906555090656,0.20318725099601576,0.4766939687267311,0.37511158721656845,0.6011176401303477,0.10378619153674834,0.5,0.428144404202089,0.21326869861813239,0.35555332362698033,0.4128209828420659,0.16022568834245962,0.2776000724233143
2021-06-11 08:20:00,0.5146443514644351,0.3306772908366533,0.48354430379746827,0.3804677736118549,0.6184842496499195,0.004120267260579065,0.5,0.428144404202089,0.21326869861813239,0.35555332362698033,0.4128209828420659,0.16022568834245962,0.4816904808606304
2021-06-11 08:30:00,0.4379358437935844,-0.13147410358565736,0.48711839166046156,0.3954650955186574,0.6334166546701391,0.0012249443207126948,0.5,0.428144404202089,0.21326869861813239,0.35555332362698033,0.4128209828420659,0.16022568834245962,0.3439805664106704
2021-06-11 08:40:00,0.4776847977684798,0.07569721115537842,0.49218168279970187,0.40439207284413503,0.6275274502362225,0.00022271714922048998,0.5,0.428144404202089,0.21326869861813239,0.35555332362698033,0.4128209828420659,0.16022568834245962,0.4117793503025183
2021-06-11 08:50:00,0.38284518828451886,-0.08366533864541836,0.496947133283693,0.4165327620067847,0.6210493253589142,0.00022271714922048998,0.5,0.428144404202089,0.21326869861813239,0.35555332362698033,0.4128209828420659,0.16022568834245962,0.2464278709054423
2021-06-11 09:00:00,0.37447698744769875,-0.03585657370517936,0.5076693968726729,0.4333154793786824,0.6129091361191452,0.00033407572383073496,0.5,0.3961104627641103,0.21980017643323263,0.38887703176833294,0.4733224683677929,0.20064060275509132,0.23268252938425096
2021-06-11 09:10:00,0.46513249651324967,-0.019920318725099695,0.5169024571854057,0.44688448491340815,0.6042978105246627,0.00033407572383073496,0.5,0.3961104627641103,0.21980017643323263,0.38887703176833294,0.4733224683677929,0.20064060275509132,0.39495601792477025
2021-06-11 09:20:00,0.5076708507670851,-0.09960159362549814,0.527922561429635,0.46152472772719166,0.6193610867545248,0.00022271714922048998,0.5,0.3961104627641103,0.21980017643323263,0.38887703176833294,0.4733224683677929,0.20064060275509132,0.46362991686407046
2021-06-11 09:30:00,0.4560669456066946,-0.11553784860557781,0.5368577810871182,0.47259417961078376,0.6130138330868592,0.00022271714922048998,0.5,0.3961104627641103,0.21980017643323263,0.38887703176833294,0.4733224683677929,0.20064060275509132,0.38752508411666187
2021-06-11 09:40:00,0.38772663877266383,-0.08366533864541836,0.5463886820551005,0.4883056597036244,0.6176597610291712,0.00033407572383073496,0.5,0.3961104627641103,0.21980017643323263,0.38887703176833294,0.4733224683677929,0.20064060275509132,0.25459812604674326
2021-06-11 09:50:00,0.3772663877266388,0.05179282868525892,0.552941176470588,0.5086591680057133,0.6088390414992606,0.00033407572383073496,0.5,0.3961104627641103,0.21980017643323263,0.38887703176833294,0.4733224683677929,0.20064060275509132,0.23719389833577262
2021-06-11 10:00:00,0.3926080892608089,0.15537848605577675,0.5532390171258375,0.514372433494019,0.612241692949968,0.00022271714922048998,0.5,0.5763197400593618,0.21561347903921269,0.2743052900384843,0.48818354520697327,0.26122792055658406,0.24706157490532163
2021-06-11 10:10:00,0.35564853556485354,0.08366533864541825,0.5553239017125835,0.5147295125870381,0.6194657837222389,0.00022271714922048998,0.5,0.5763197400593618,0.21561347903921269,0.2743052900384843,0.48818354520697327,0.26122792055658406,0.20650451891304678
2021-06-11 10:20:00,0.34797768479776847,-0.3227091633466136,0.5639612807148173,0.5236564899125158,0.6081585112091191,0.00022271714922048998,0.5,0.5763197400593618,0.21561347903921269,0.2743052900384843,0.48818354520697327,0.26122792055658406,0.1855621105360834
2021-06-11 10:30:00,0.41422594142259417,0.07569721115537842,0.568428890543559,0.5279414390287449,0.6033162764523432,0.00022271714922048998,0.5,0.5763197400593618,0.21561347903921269,0.2743052900384843,0.48818354520697327,0.26122792055658406,0.3009943117521916
2021-06-11 10:40:00,0.4295676429567643,-0.06772908366533881,0.5711094564408041,0.5272272808427065,0.6055934355001243,0.00022271714922048998,0.5,0.5763197400593618,0.21561347903921269,0.2743052900384843,0.48818354520697327,0.26122792055658406,0.3227137619385307
2021-06-11 10:50:00,0.3451882845188285,0.027888446215139417,0.5752792256142962,0.5329405463310124,0.6106188899503998,0.00022271714922048998,0.5,0.5763197400593618,0.21561347903921269,0.2743052900384843,0.48818354520697327,0.26122792055658406,0.19576927139128206
2021-06-11 11:00:00,0.25871687587168757,0.15537848605577675,0.5782576321667907,0.5404392072844135,0.6165342686262449,0.00022271714922048998,0.5,0.5616137625520181,0.21474568040298136,0.27437795453130326,0.3874249927392389,0.2973574359700535,0.12760837092807462
2021-06-11 11:10:00,0.22663877266387727,-0.24302788844621515,0.5830230826507816,0.5443670773076237,0.6019683029930246,0.00022271714922048998,0.5,0.5616137625520181,0.21474568040298136,0.27437795453130326,0.3874249927392389,0.2973574359700535,0.08271346017472125
2021-06-11 11:20:00,0.28103207810320785,-0.12350597609561753,0.5943410275502605,0.5597214783074451,0.6034209734200574,0.00022271714922048998,0.5,0.5616137625520181,0.21474568040298136,0.27437795453130326,0.3874249927392389,0.2973574359700535,0.11442129245439593
2021-06-11 11:30:00,0.3821478382147839,0.11553784860557759,0.6029784065524944,0.5700767720049991,0.6110245907002918,0.00022271714922048998,0.5,0.5616137625520181,0.21474568040298136,0.27437795453130326,0.3874249927392389,0.2973574359700535,0.2662235768064336
2021-06-11 11:40:00,0.32984658298465835,-0.2509960159362551,0.6047654504839908,0.5682913765399038,0.6013532083077043,0.00022271714922048998,0.5,0.5616137625520181,0.21474568040298136,0.27437795453130326,0.3874249927392389,0.2973574359700535,0.17945139339439023
2021-06-11 11:50:00,0.300557880055788,0.2828685258964143,0.6113179448994788,0.5704338510980183,0.6125819580950387,0.00022271714922048998,0.5,0.5616137625520181,0.21474568040298136,0.27437795453130326,0.3874249927392389,0.2973574359700535,0.14073509663986
2021-06-11 12:00:00,0.3186889818688982,-0.7051792828685259,0.6154877140729709,0.5715050883770756,0.5809896480873173,0.00022271714922048998,0.5,0.5802608745246767,0.20858488478680054,0.25949149819093315,0.28848515305584665,0.34245490918084853,0.1693875703486881
2021-06-11 12:10:00,0.3110181311018131,0.6015936254980081,0.6169769173492181,0.5754329584002855,0.5754014474355785,0.00011135857461024499,0.5,0.5802608745246767,0.20858488478680054,0.25949149819093315,0.28848515305584665,0.34245490918084853,0.1676147079680734
2021-06-11 12:20:00,0.39051603905160387,0.03585657370517925,0.621742367833209,0.5790037493304767,0.6035780188716284,0.00022271714922048998,0.5,0.5802608745246767,0.20858488478680054,0.25949149819093315,0.28848515305584665,0.34245490918084853,0.2616292228073087
2021-06-11 12:30:00,0.3326359832635983,-0.06772908366533881,0.6274013402829486,0.5847170148187824,0.619164779940061,0.00022271714922048998,0.5,0.5802608745246767,0.20858488478680054,0.25949149819093315,0.28848515305584665,0.34245490918084853,0.17103972720551625
2021-06-11 12:40:00,0.2719665271966527,-0.05179282868525903,0.629188384214445,0.5907873594001072,0.6240724503016581,0.00022271714922048998,0.5,0.5802608745246767,0.20858488478680054,0.25949149819093315,0.28848515305584665,0.34245490918084853,0.11482112950193883
2021-06-11 12:50:00,0.23500697350069735,-0.01195219123505975,0.629784065524944,0.6000714158186038,0.6142440224574995,0.00044543429844097997,0.5,0.5802608745246767,0.20858488478680054,0.25949149819093315,0.28848515305584665,0.34245490918084853,0.09623247883881286
2021-06-11 13:00:00,0.3368200836820084,-0.14741035856573714,0.6416976917349215,0.6097125513301196,0.6124903482482889,0.006570155902004454,0.5,0.7100659290519751,0.20112239121626857,0.16601465185021172,0.18556748319587704,0.4372622634176766,0.19054875748751454
2021-06-11 13:10:00,0.29497907949790797,0.346613545816733,0.6524199553239014,0.6089983931440812,0.6288492494536126,0.00011135857461024499,0.5,0.7100659290519751,0.20112239121626857,0.16601465185021172,0.18556748319587704,0.4372622634176766,0.15610996273216954
2021-06-11 13:20:00,0.2789400278940028,0.3067729083665336,0.6622486969471331,0.625066952329941,0.6345159728311369,0.4749443207126949,0.5,0.7100659290519751,0.20112239121626857,0.16601465185021172,0.18556748319587704,0.4372622634176766,0.058021636465138735
2021-06-11 13:30:00,0.20223152022315202,0.14741035856573692,0.6816083395383468,0.6507766470273164,0.6878198165185642,0.27884187082405343,0.5,0.7100659290519751,0.20112239121626857,0.16601465185021172,0.18556748319587704,0.4372622634176766,0.0351253074218809
2021-06-11 13:40:00,0.1290097629009763,-0.17928286852589637,0.69054355919583,0.6582753079807178,0.7023334336679273,0.4377505567928731,0.5,0.7100659290519751,0.20112239121626857,0.16601465185021172,0.18556748319587704,0.4372622634176766,0.0
2021-06-11 13:50:00,0.060669456066945605,-0.06507304116865886,0.7042442293373044,0.6604177825388324,0.7103820130609468,0.9993318485523385,0.5,0.7100659290519751,0.20112239121626857,0.16601465185021172,0.18556748319587704,0.4372622634176766,0.0
2021-06-11 14:00:00,0.19665271966527195,0.049136786188578974,0.7247952345495157,0.6857703981431889,0.700239494313646,0.9993318485523385,0.5,0.7270600619100047,0.1804475197337992,0.1709089161361715,0.17818147528983666,0.5957884425115523,0.0
2021-06-11 14:10:00,0.1324965132496513,0.1633466135458166,0.7381980640357406,0.6979110873058383,0.6280116737119001,0.16993318485523384,0.5,0.7270600619100047,0.1804475197337992,0.1709089161361715,0.17818147528983666,0.5957884425115523,0.0
2021-06-11 14:20:00,0.05090655509065551,-0.11155378486055789,0.7450483991064778,0.7050526691662204,0.6596694193244429,0.8929844097995546,0.5,0.7270600619100047,0.1804475197337992,0.1709089161361715,0.17818147528983666,0.5957884425115523,0.0
2021-06-11 14:30:00,0.03347280334728033,-0.38645418326693237,0.7596425912137004,0.7207641492590608,0.6602714268887987,0.9993318485523385,0.5,0.7270600619100047,0.1804475197337992,0.1709089161361715,0.17818147528983666,0.5957884425115523,0.0
2021-06-11 14:40:00,0.07252440725244073,-0.49322709163346623,0.776917349218168,0.7339760757007676,0.6602714268887987,0.9993318485523385,0.5,0.7270600619100047,0.1804475197337992,0.1709089161361715,0.17818147528983666,0.5957884425115523,0.0
2021-06-11 14:50:00,0.09205020920502092,-0.6000000000000001,0.7867460908413997,0.7418318157471882,0.6602714268887987,0.9993318485523385,0.5,0.7270600619100047,0.1804475197337992,0.1709089161361715,0.17818147528983666,0.5957884425115523,0.0
2021-06-11 15:00:00,0.07810320781032079,-0.706772908366534,0.7941921072226359,0.7468309230494556,0.6602714268887987,0.9993318485523385,0.5,0.7143653757575736,0.16501392213374905,0.1854041509052563,0.28344980115945423,0.6737182888115956,0.0
2021-06-11 15:10:00,0.11715481171548117,-0.29455511288180625,0.8001489203276244,0.7496875557936082,0.6602714268887987,0.9993318485523385,0.5,0.7143653757575736,0.16501392213374905,0.1854041509052563,0.28344980115945423,0.6737182888115956,0.0
2021-06-11 15:20:00,0.22524407252440726,0.11766268260292145,0.8061057334326134,0.7489733976075701,0.6052400832340894,0.592316258351893,0.5,0.7143653757575736,0.16501392213374905,0.1854041509052563,0.28344980115945423,0.6737182888115956,0.0022255080948141892
2021-06-11 15:30:00,0.16527196652719667,0.5298804780876492,0.8072970960536112,0.7561149794679523,0.5903338524557983,0.6409799554565702,0.5,0.7143653757575736,0.16501392213374905,0.1854041509052563,0.28344980115945423,0.6737182888115956,0.0
2021-06-11 15:40:00,0.12412831241283125,0.12749003984063734,0.8046165301563661,0.7582574540260667,0.5690411066469488,0.2084632516703786,0.5,0.7143653757575736,0.16501392213374905,0.1854041509052563,0.28344980115945423,0.6737182888115956,0.0
2021-06-11 15:50:00,0.0502092050209205,-0.2749003984063746,0.7882352941176469,0.7464738439564362,0.5470416563060292,0.9992204899777284,0.5,0.7143653757575736,0.16501392213374905,0.1854041509052563,0.28344980115945423,0.6737182888115956,0.0
2021-06-11 16:00:00,0.24198047419804744,-0.1394422310756973,0.7989575577066268,0.7571862167470096,0.5646176597610293,0.9992204899777284,0.5,0.7309686437599872,0.14555741694851082,0.18605635594289663,0.34465531270307814,0.702949576072954,0.0
2021-06-11 16:10:00,0.2412831241283124,-0.003984063745020028,0.8031273268801189,0.7743260132119265,0.7228671264608499,0.428619153674833,0.5,0.7309686437599872,0.14555741694851082,0.18605635594289663,0.34465531270307814,0.702949576072954,0.02525008675709522
2021-06-11 16:20:00,0.14365411436541145,0.13147410358565725,0.792405063291139,0.7568291376539902,0.7184960280587873,0.011692650334075724,0.5,0.7309686437599872,0.14555741694851082,0.18605635594289663,0.34465531270307814,0.702949576072954,0.01415272266397091
2021-06-11 16:30:00,0.15341701534170155,0.10438247011952173,0.7566641846612061,0.707909301910373,0.7177893235267174,0.38841870824053454,0.5,0.7309686437599872,0.14555741694851082,0.18605635594289663,0.34465531270307814,0.702949576072954,0.004473648475338352
2021-06-11 16:40:00,0.200836820083682,0.07729083665338643,0.7664929262844375,0.7029101946081058,0.731766368716546,0.6149220489977728,0.5,0.7309686437599872,0.14555741694851082,0.18605635594289663,0.34465531270307814,0.702949576072954,0.0034325633326795116
2021-06-11 16:50:00,0.12552301255230125,0.05019920318725091,0.7813849590469095,0.7229066238171755,0.7559906296213895,0.7075723830734967,0.5,0.7309686437599872,0.14555741694851082,0.18605635594289663,0.34465531270307814,0.702949576072954,0.0
2021-06-11 17:00:00,0.12343096234309624,0.023107569721115384,0.7891288160833951,0.7289769683985003,0.7559906296213895,0.9995545657015591,0.5,0.7449499253391092,0.1344455714971267,0.17884113956693234,0.34187144816276993,0.7352600279388354,0.0
2021-06-11 17:10:00,0.09832635983263598,-0.003984063745020028,0.7983618763961278,0.7289769683985003,0.7559906296213895,0.9995545657015591,0.5,0.7449499253391092,0.1344455714971267,0.17884113956693234,0.34187144816276993,0.7352600279388354,0.0
2021-06-11 17:20:00,0.22454672245467225,0.38247011952191245,0.805212211466865,0.7289769683985003,0.7540275614767507,0.8782850779510023,0.5,0.7449499253391092,0.1344455714971267,0.17884113956693234,0.34187144816276993,0.7352600279388354,0.0
2021-06-11 17:30:00,0.1415620641562064,0.7689243027888444,0.8120625465376021,0.7257632565613283,0.7605711219588802,0.17405345211581294,0.5,0.7449499253391092,0.1344455714971267,0.17884113956693234,0.34187144816276993,0.7352600279388354,0.016778067806327988
2021-06-11 17:40:00,0.0299860529986053,0.3406374501992031,0.8067014147431122,0.7211212283520798,0.7743780345761736,0.9993318485523385,0.5,0.7449499253391092,0.1344455714971267,0.17884113956693234,0.34187144816276993,0.7352600279388354,0.0
2021-06-11 17:50:00,0.05160390516039052,-0.08764940239043839,0.8168279970215933,0.7254061774683094,0.7743780345761736,0.9993318485523385,0.5,0.7449499253391092,0.1344455714971267,0.17884113956693234,0.34187144816276993,0.7352600279388354,0.0
2021-06-11 18:00:00,0.07391910739191074,-0.5159362549800798,0.8239761727475801,0.72504909837529,0.7743780345761736,0.9993318485523385,0.5,0.734730638781705,0.10698922722818867,0.17164925698970918,0.4629472429451433,0.736770905518576,0.0
2021-06-11 18:10:00,0.1589958158995816,-0.9442231075697212,0.8209977661950856,0.7164792001428317,0.7743780345761736,0.9993318485523385,0.5,0.734730638781705,0.10698922722818867,0.17164925698970918,0.4629472429451433,0.736770905518576,0.0
2021-06-11 18:20:00,0.10808926080892609,-0.6135458167330679,0.8141474311243482,0.7086234600964114,0.7743780345761736,0.9993318485523385,0.5,0.734730638781705,0.10698922722818867,0.17164925698970918,0.4629472429451433,0.736770905518576,0.0
2021-06-11 18:30:00,0.10529986052998605,-0.2828685258964144,0.8061057334326134,0.7018389573290482,0.7743780345761736,0.9993318485523385,0.5,0.734730638781705,0.10698922722818867,0.17164925698970918,0.4629472429451433,0.736770905518576,0.0
2021-06-11 18:40:00,0.1311018131101813,-0.25327262379055226,0.8007446016381234,0.700053561863953,0.7743780345761736,0.9993318485523385,0.5,0.734730638781705,0.10698922722818867,0.17164925698970918,0.4629472429451433,0.736770905518576,0.0
2021-06-11 18:50:00,0.11297071129707113,-0.22367672168468988,0.7980640357408784,0.6961256918407428,0.7743780345761736,0.9993318485523385,0.5,0.734730638781705,0.10698922722818867,0.17164925698970918,0.4629472429451433,0.736770905518576,0.0
2021-06-11 19:00:00,0.07880055788005579,-0.1940808195788276,0.7974683544303796,0.689698268166399,0.7743780345761736,0.9993318485523385,0.5,0.7365302047245985,0.12713537371374808,0.16920821192466176,0.5528912679530948,0.7404744507725208,0.0
2021-06-11 19:10:00,0.0801952580195258,-0.16448491747296534,0.7974683544303796,0.686841635422246,0.7743780345761736,0.9993318485523385,0.5,0.7365302047245985,0.12713537371374808,0.16920821192466176,0.5528912679530948,0.7404744507725208,0.0
2021-06-11 19:20:00,0.027894002789400282,-0.13488901536710307,0.7974683544303796,0.6846991608641315,0.7743780345761736,0.9993318485523385,0.5,0.7365302047245985,0.12713537371374808,0.16920821192466176,0.5528912679530948,0.7404744507725208,0.0
2021-06-11 19:30:00,0.14086471408647142,-0.10529311326124091,0.792405063291139,0.6775575790037494,0.7743780345761736,0.9993318485523385,0.5,0.7365302047245985,0.12713537371374808,0.16920821192466176,0.5528912679530948,0.7404744507725208,0.0
2021-06-11 19:40:00,0.14714086471408647,-0.07569721115537853,0.7846612062546536,0.6714872344224245,0.7743780345761736,0.9993318485523385,0.5,0.7365302047245985,0.12713537371374808,0.16920821192466176,0.5528912679530948,0.7404744507725208,0.0
2021-06-11 19:50:00,0.17573221757322177,-0.04610130904951626,0.7772151898734176,0.6614890198178898,0.7743256860923164,0.9993318485523385,0.5,0.7365302047245985,0.12713537371374808,0.16920821192466176,0.5528912679530948,0.7404744507725208,0.0
2021-06-11 20:00:00,0.14853556485355648,-0.0165054069436541,0.7670886075949366,0.6618460989109087,0.6515292300846737,0.9993318485523385,0.5,0.7457967602810063,0.12760088159146185,0.1482728487030149,0.572950702507225,0.7562440709588,0.0
2021-06-11 20:10:00,0.0801952580195258,0.013090495162208171,0.7635145197319433,0.6736297089805392,0.5861852351101281,0.9993318485523385,0.5,0.7457967602810063,0.12760088159146185,0.1482728487030149,0.572950702507225,0.7562440709588,0.0
2021-06-11 20:20:00,0.1680613668061367,0.04268639726807044,0.7593447505584512,0.6639885734690234,0.5799950268940337,0.9993318485523385,0.5,0.7457967602810063,0.12760088159146185,0.1482728487030149,0.572950702507225,0.7562440709588,0.0
2021-06-11 20:30:00,0.16387726638772665,0.07228229937393271,0.7587490692479522,0.6604177825388324,0.5153708235725223,0.9993318485523385,0.5,0.7457967602810063,0.12760088159146185,0.1482728487030149,0.572950702507225,0.7562440709588,0.0
2021-06-11 20:40:00,0.2698744769874477,0.10187820147979498,0.7563663440059567,0.6607748616318514,0.39269215165355775,0.8750556792873051,0.5,0.7457967602810063,0.12760088159146185,0.1482728487030149,0.572950702507225,0.7562440709588,0.0
2021-06-11 20:50:00,0.30264993026499304,0.13147410358565725,0.7477289650037229,0.6650598107480805,0.33144442554082526,0.00512249443207127,0.5,0.7457967602810063,0.12760088159146185,0.1482728487030149,0.572950702507225,0.7562440709588,0.13280625254613215
2021-06-11 21:00:00,0.24546722454672246,0.13147410358565725,0.7447505584512284,0.6661310480271379,0.3560482129536323,0.00011135857461024499,0.5,0.7595337304796874,0.13829032174640044,0.1453529535072792,0.5445779260026261,0.7526740853870396,0.09045370188753263
2021-06-11 21:10:00,0.25313807531380755,0.1633466135458166,0.7173492181682797,0.6429209069808963,0.34501576998076194,0.00011135857461024499,0.5,0.7595337304796874,0.13829032174640044,0.1453529535072792,0.5445779260026261,0.7526740853870396,0.09873711845738341
2021-06-11 21:20:00,0.2210599721059972,-0.2589641434262948,0.7051377513030528,0.6229244777718264,0.3620028529923702,0.00011135857461024499,0.5,0.7595337304796874,0.13829032174640044,0.1453529535072792,0.5445779260026261,0.7526740853870396,0.07292876865277548
2021-06-11 21:30:00,0.1708507670850767,-0.12350597609561753,0.6991809381980638,0.6114979467952151,0.3620028529923702,0.00011135857461024499,0.5,0.7595337304796874,0.13829032174640044,0.1453529535072792,0.5445779260026261,0.7526740853870396,0.043491709039334914
2021-06-11 21:40:00,0.1199442119944212,0.13147410358565725,0.6959046909903199,0.6197107659346546,0.3620028529923702,0.00011135857461024499,0.5,0.7595337304796874,0.13829032174640044,0.1453529535072792,0.5445779260026261,0.7526740853870396,0.01210072875959986
2021-06-11 21:50:00,0.11366806136680613,-0.601593625498008,0.6908413998510794,0.6225673986788074,0.33861616782923926,0.027728285077951005,0.5,0.7595337304796874,0.13829032174640044,0.1453529535072792,0.5445779260026261,0.7526740853870396,0.0
2021-06-11 22:00:00,0.18549511854951187,-0.2828685258964144,0.6875651526433355,0.6000714158186038,0.2929944641478321,0.8587973273942094,0.5,0.6561928849188337,0.15515492504461068,0.20548504056213152,0.4717990375046873,0.7322727016629167,0.0
2021-06-11 22:10:00,0.1311018131101813,0.03585657370517925,0.6947133283693223,0.6079271558650241,0.32525421732473075,0.10311804008908686,0.5,0.6561928849188337,0.15515492504461068,0.20548504056213152,0.4717990375046873,0.7322727016629167,0.0
2021-06-11 22:20:00,0.14225941422594143,-0.009054690329590831,0.6941176470588233,0.6082842349580433,0.3253981756553376,0.9991091314031181,0.5,0.6561928849188337,0.15515492504461068,0.20548504056213152,0.4717990375046873,0.7322727016629167,0.0
2021-06-11 22:30:00,0.15690376569037656,-0.0539659543643608,0.6973938942665674,0.6111408677021961,0.3253981756553376,0.9993318485523385,0.5,0.6561928849188337,0.15515492504461068,0.20548504056213152,0.4717990375046873,0.7322727016629167,0.0
2021-06-11 22:40:00,0.0815899581589958,-0.09887721839913088,0.692628443782576,0.6097125513301196,0.3253981756553376,0.9993318485523385,0.5,0.6561928849188337,0.15515492504461068,0.20548504056213152,0.4717990375046873,0.7322727016629167,0.0
2021-06-11 22:50:00,0.09344490934449094,-0.14378848243390074,0.6893521965748324,0.6047134440278521,0.3253981756553376,0.9993318485523385,0.5,0.6561928849188337,0.15515492504461068,0.20548504056213152,0.4717990375046873,0.7322727016629167,0.0
2021-06-11 23:00:00,0.09483960948396096,-0.18869974646867083,0.6825018615040952,0.5990001785395467,0.3253981756553376,0.9993318485523385,0.5,0.5581449411868296,0.16145652242627473,0.24733053099483018,0.4210367834849134,0.7088797513377538,0.0
2021-06-11 23:10:00,0.08228730822873082,-0.2336110105034409,0.681012658227848,0.5918585966791645,0.3253981756553376,0.9993318485523385,0.5,0.5581449411868296,0.16145652242627473,0.24733053099483018,0.4210367834849134,0.7088797513377538,0.0
2021-06-11 23:20:00,0.056485355648535567,-0.2785222745382109,0.6792256142963511,0.586859489376897,0.3253981756553376,0.9993318485523385,0.5,0.5581449411868296,0.16145652242627473,0.24733053099483018,0.4210367834849134,0.7088797513377538,0.0
2021-06-11 23:30:00,0.05090655509065551,-0.32343353857298074,0.6732688011913626,0.5832886984467058,0.3253981756553376,0.9993318485523385,0.5,0.5581449411868296,0.16145652242627473,0.24733053099483018,0.4210367834849134,0.7088797513377538,0.0
2021-06-11 23:40:00,0.048117154811715475,-0.3683448026077508,0.6658227848101264,0.5782895911444383,0.3253981756553376,0.9993318485523385,0.5,0.5581449411868296,0.16145652242627473,0.24733053099483018,0.4210367834849134,0.7088797513377538,0.0
2021-06-11 23:50:00,0.06694560669456066,-0.4132560666425208,0.6565897244973937,0.5750758793072666,0.3253981756553376,0.9993318485523385,0.5,0.5581449411868296,0.16145652242627473,0.24733053099483018,0.4210367834849134,0.7088797513377538,0.0
2021-06-12 00:00:00,0.03207810320781032,-0.4581673306772909,0.652122114668652,0.5693626138189607,0.3253981756553376,0.9993318485523385,0.5,0.5416475025373364,0.16758283597743676,0.24316671606076784,0.4385345947095934,0.6980379733068649,0.0
2021-06-12 00:10:00,0.2684797768479777,-0.42629482071713154,0.6551005212211465,0.5682913765399038,0.29562497546164823,0.9993318485523385,0.5,0.5416475025373364,0.16758283597743676,0.24316671606076784,0.4385345947095934,0.6980379733068649,0.0
2021-06-12 00:20:00,0.3138075313807531,-0.3944223107569722,0.6524199553239014,0.5761471165863239,0.16351048932745288,0.26224944320712695,0.5,0.5416475025373364,0.16758283597743676,0.24316671606076784,0.4385345947095934,0.6980379733068649,0.11156208035970246
2021-06-12 00:30:00,0.37866108786610875,0.08366533864541825,0.6345495160089349,0.5697196929119801,0.16309170145659657,0.00011135857461024499,0.5,0.5416475025373364,0.16758283597743676,0.24316671606076784,0.4385345947095934,0.6980379733068649,0.25687644280821403
2021-06-12 00:40:00,0.4372384937238493,0.027888446215139417,0.604169769173492,0.5261560435636492,0.16309170145659657,0.00011135857461024499,0.5,0.5416475025373364,0.16758283597743676,0.24316671606076784,0.4385345947095934,0.6980379733068649,0.3200431522247537
2021-06-12 00:50:00,0.4330543933054393,-0.2749003984063746,0.5940431868950109,0.5054454561685413,0.16309170145659657,0.00011135857461024499,0.5,0.5416475025373364,0.16758283597743676,0.24316671606076784,0.4385345947095934,0.6980379733068649,0.3276098797471219
2021-06-12 01:00:00,0.43654114365411434,-0.36254980079681276,0.5871928518242739,0.5065166934475986,0.1501616259439086,0.00011135857461024499,0.5,0.5432435145751331,0.16624378245265034,0.21380252530036878,0.42995434090214935,0.7063028560225523,0.3320910723176969
2021-06-12 01:10:00,0.4470013947001395,-0.23505976095617542,0.5815338793745346,0.5086591680057133,0.13412990276269124,0.00011135857461024499,0.5,0.5432435145751331,0.16624378245265034,0.21380252530036878,0.42995434090214935,0.7063028560225523,0.36188270440726045
2021-06-12 01:20:00,0.405160390516039,0.24302788844621515,0.5717051377513027,0.49794679521513996,0.12934001648977242,0.00011135857461024499,0.5,0.5432435145751331,0.16624378245265034,0.21380252530036878,0.42995434090214935,0.7063028560225523,0.27203253013866047
2021-06-12 01:30:00,0.39051603905160387,0.12350597609561742,0.5627699180938197,0.4883056597036244,0.13992749734985802,0.00011135857461024499,0.5,0.5432435145751331,0.16624378245265034,0.21380252530036878,0.42995434090214935,0.7063028560225523,0.2627155725213875
2021-06-12 01:40:00,0.4372384937238493,-0.15537848605577698,0.5565152643335813,0.48580610605249075,0.14059494051903523,0.00011135857461024499,0.5,0.5432435145751331,0.16624378245265034,0.21380252530036878,0.42995434090214935,0.7063028560225523,0.3426377174585452
2021-06-12 01:50:00,0.46443514644351463,-0.3545816733067729,0.5523454951600892,0.4797357614711659,0.14060802763999947,0.00011135857461024499,0.5,0.5432435145751331,0.16624378245265034,0.21380252530036878,0.42995434090214935,0.7063028560225523,0.3788870950706882
2021-06-12 02:00:00,0.4281729428172943,-0.19521912350597614,0.5472822040208485,0.4790216032851278,0.14060802763999947,0.00011135857461024499,0.5,0.5247755086929824,0.1545945914881026,0.2194925482118765,0.3887524369060226,0.7258804946264562,0.32201970517675815
2021-06-12 02:10:00,0.38702928870292885,0.31474103585657365,0.5454951600893521,0.47652204963399414,0.14060802763999947,0.00011135857461024499,0.5,0.5247755086929824,0.1545945914881026,0.2194925482118765,0.3887524369060226,0.7258804946264562,0.24551503538180666
2021-06-12 02:20:00,0.41492329149232915,-0.003984063745020028,0.5425167535368576,0.4722371005177646,0.14060802763999947,0.00011135857461024499,0.5,0.5247755086929824,0.1545945914881026,0.2194925482118765,0.3887524369060226,0.7258804946264562,0.2924770282300044
2021-06-12 02:30:00,0.40585774058577406,-0.02788844621513953,0.5380491437081161,0.4683092304945544,0.14060802763999947,0.00011135857461024499,0.5,0.5247755086929824,0.1545945914881026,0.2194925482118765,0.3887524369060226,0.7258804946264562,0.2881919821355825
2021-06-12 02:40:00,0.36262203626220363,-0.01195219123505975,0.5362620997766194,0.4668809141224781,0.14060802763999947,0.00011135857461024499,0.5,0.5247755086929824,0.1545945914881026,0.2194925482118765,0.3887524369060226,0.7258804946264562,0.22209061967198274
2021-06-12 02:50:00,0.3354253835425383,-0.043824701195219196,0.535368577810871,0.46509551865738263,0.14060802763999947,0.00011135857461024499,0.5,0.5247755086929824,0.1545945914881026,0.2194925482118765,0.3887524369060226,0.7258804946264562,0.18347994025076575
2021-06-12 03:00:00,0.35355648535564854,0.2749003984063745,0.5350707371556216,0.462595965006249,0.14060802763999947,0.00011135857461024499,0.5,0.5009984247335839,0.1600370107497848,0.2314596166130053,0.3621761056687882,0.7305928179505488,0.20694207643677295
2021-06-12 03:10:00,0.33054393305439334,0.09163346613545809,0.5320923306031271,0.4575968577039815,0.14060802763999947,0.00011135857461024499,0.5,0.5009984247335839,0.1600370107497848,0.2314596166130053,0.3621761056687882,0.7305928179505488,0.18106582977503508
2021-06-12 03:20:00,0.3158995815899582,-0.11553784860557781,0.5320923306031271,0.4575968577039815,0.14060802763999947,0.00011135857461024499,0.5,0.5009984247335839,0.1600370107497848,0.2314596166130053,0.3621761056687882,0.7305928179505488,0.16376721939737768
2021-06-12 03:30:00,0.299163179916318,-0.05179282868525903,0.5306031273268801,0.4561685413319052,0.14060802763999947,0.00011135857461024499,0.5,0.5009984247335839,0.1600370107497848,0.2314596166130053,0.3621761056687882,0.7305928179505488,0.14663457911492675
2021-06-12 03:40:00,0.2838214783821479,0.33864541832669315,0.5294117647058822,0.4511694340296377,0.14060802763999947,0.00011135857461024499,0.5,0.5009984247335839,0.1600370107497848,0.2314596166130053,0.3621761056687882,0.7305928179505488,0.13132006578451047
2021-06-12 03:50:00,0.2622036262203626,0.5458167330677288,0.5270290394638866,0.4475986430994465,0.14399759196974257,0.00011135857461024499,0.5,0.5009984247335839,0.1600370107497848,0.2314596166130053,0.3621761056687882,0.7305928179505488,0.11026449597899723
2021-06-12 04:00:00,0.2175732217573222,0.2589641434262948,0.5240506329113923,0.4475986430994465,0.15444111449922132,0.00011135857461024499,0.5,0.46227108523949,0.16260305108805184,0.2930137972498329,0.33945895300731327,0.7224500893872345,0.07963546931816468
2021-06-12 04:10:00,0.16387726638772665,0.6015936254980081,0.5174981384959045,0.4475986430994465,0.15551425841829059,0.00011135857461024499,0.5,0.46227108523949,0.16260305108805184,0.2930137972498329,0.33945895300731327,0.7224500893872345,0.05561507008464475
2021-06-12 04:20:00,0.16945606694560672,0.20318725099601576,0.5142218912881606,0.45688269951794314,0.17094397403515202,0.00011135857461024499,0.5,0.46227108523949,0.16260305108805184,0.2930137972498329,0.33945895300731327,0.7224500893872345,0.05427976522775624
2021-06-12 04:30:00,0.17782426778242677,0.38645418326693215,0.5112434847356664,0.4511694340296377,0.17094397403515202,0.00011135857461024499,0.5,0.46227108523949,0.16260305108805184,0.2930137972498329,0.33945895300731327,0.7224500893872345,0.05521523303710186
2021-06-12 04:40:00,0.1792189679218968,0.5298804780876492,0.5076693968726729,0.4479557221924655,0.17094397403515202,0.00011135857461024499,0.5,0.46227108523949,0.16260305108805184,0.2930137972498329,0.33945895300731327,0.7224500893872345,0.056935286751059945
2021-06-12 04:50:00,0.2315202231520223,0.41035856573705165,0.5034996276991808,0.4415282985181217,0.17094397403515202,0.00011135857461024499,0.5,0.46227108523949,0.16260305108805184,0.2930137972498329,0.33945895300731327,0.7224500893872345,0.09091389169696878
2021-06-12 05:00:00,0.1708507670850767,0.17928286852589648,0.49873417721518964,0.4336725584717014,0.17094397403515202,0.00011135857461024499,0.5,0.4537699497335588,0.16645354834816695,0.2957357355986394,0.36894851374646065,0.6790387961880814,0.06005099808379981
2021-06-12 05:10:00,0.22594142259414227,0.47410358565737054,0.4936708860759491,0.4290305302624531,0.17958147387156298,0.00011135857461024499,0.5,0.4537699497335588,0.16645354834816695,0.2957357355986394,0.36894851374646065,0.6790387961880814,0.08678727160251672
2021-06-12 05:20:00,0.18270571827057183,0.346613545816733,0.48652271034996253,0.4251026602392429,0.19893732577770218,0.00011135857461024499,0.5,0.4537699497335588,0.16645354834816695,0.2957357355986394,0.36894851374646065,0.6790387961880814,0.061401391131161644
2021-06-12 05:30:00,0.09902370990237098,0.12350597609561742,0.47937453462397617,0.42117479021603277,0.20130609467223304,0.00011135857461024499,0.5,0.4537699497335588,0.16645354834816695,0.2957357355986394,0.36894851374646065,0.6790387961880814,0.007611992093788192
2021-06-12 05:40:00,0.07461645746164575,0.043824701195219085,0.4802680565897244,0.4383145866809499,0.2329507531638115,0.3532293986636971,0.5,0.4537699497335588,0.16645354834816695,0.2957357355986394,0.36894851374646065,0.6790387961880814,0.0
2021-06-12 05:50:00,0.08786610878661089,0.14741035856573692,0.4897989575577064,0.4372433494018926,0.23309471149441835,0.9993318485523385,0.5,0.4537699497335588,0.16645354834816695,0.2957357355986394,0.36894851374646065,0.6790387961880814,0.0
2021-06-12 06:00:00,0.08926080892608089,0.25099601593625476,0.5029039463886817,0.45474022495982847,0.23309471149441835,0.9993318485523385,0.5,0.473548898797721,0.17976937245515232,0.293393225107624,0.4415241015321479,0.6758791568261101,0.0
2021-06-12 06:10:00,0.05718270571827057,0.4422310756972112,0.5061801935964259,0.4575968577039815,0.23309471149441835,0.9993318485523385,0.5,0.473548898797721,0.17976937245515232,0.293393225107624,0.4415241015321479,0.6758791568261101,0.0
2021-06-12 06:20:00,0.07112970711297072,0.3525896414342631,0.5082650781831719,0.4561685413319052,0.23309471149441835,0.9993318485523385,0.5,0.473548898797721,0.17976937245515232,0.293393225107624,0.4415241015321479,0.6758791568261101,0.0
2021-06-12 06:30:00,0.08577405857740586,0.26294820717131473,0.5076693968726729,0.4543831458668095,0.23309471149441835,0.9993318485523385,0.5,0.473548898797721,0.17976937245515232,0.293393225107624,0.4415241015321479,0.6758791568261101,0.0
2021-06-12 06:40:00,0.20432357043235705,0.17330677290836638,0.5005212211466863,0.45224067130869505,0.23835573412205047,0.9834075723830735,0.5,0.473548898797721,0.17976937245515232,0.293393225107624,0.4415241015321479,0.6758791568261101,0.0
2021-06-12 06:50:00,0.30613668061366806,0.08366533864541825,0.5067758749069247,0.45973933226209596,0.30379133894334587,0.015256124721603564,0.5,0.473548898797721,0.17976937245515232,0.293393225107624,0.4415241015321479,0.6758791568261101,0.12861173559455014
2021-06-12 07:00:00,0.2377963737796374,0.20318725099601576,0.4960536113179448,0.45866809498303884,0.31232414181204277,0.00011135857461024499,0.5,0.4506023734725535,0.20878603016605932,0.3261647845548514,0.7875891339389786,0.694734598038162,0.1118261236929855
2021-06-12 07:10:00,0.22663877266387727,-0.059760956175298974,0.4659717051377512,0.4176039992858418,0.3039352972739527,0.00011135857461024499,0.5,0.4506023734725535,0.20878603016605932,0.3261647845548514,0.7875891339389786,0.694734598038162,0.0848559832219322
2021-06-12 07:20:00,0.31520223152022314,-0.06772908366533881,0.4537602382725241,0.3915372254954472,0.29075656646294384,0.00011135857461024499,0.5,0.4506023734725535,0.20878603016605932,0.3261647845548514,0.7875891339389786,0.694734598038162,0.16675468111109434
2021-06-12 07:30:00,0.398884239888424,0.33864541832669315,0.44780342516753513,0.3779682199607215,0.31041342215126094,0.00011135857461024499,0.5,0.4506023734725535,0.20878603016605932,0.3261647845548514,0.7875891339389786,0.694734598038162,0.2996363746095931
2021-06-12 07:40:00,0.24686192468619247,0.15537848605577675,0.4457185405807891,0.37082663810033933,0.33580243682192357,0.00011135857461024499,0.5,0.4506023734725535,0.20878603016605932,0.3261647845548514,0.7875891339389786,0.694734598038162,0.10133983131403052
2021-06-12 07:50:00,0.11366806136680613,0.20318725099601576,0.4427401340282946,0.37368327084449215,0.35399353496224367,0.012360801781737195,0.5,0.4506023734725535,0.20878603016605932,0.3261647845548514,0.7875891339389786,0.694734598038162,0.01184422952155348
2021-06-12 08:00:00,0.09902370990237098,0.3306772908366533,0.4412509307520476,0.37189787537939667,0.3938699925403411,0.40723830734966593,0.5,0.4055154336418605,0.24945475234693476,0.39501711800447326,0.8515563057916086,0.7198988035795129,0.0
2021-06-12 08:10:00,0.1924686192468619,0.7290836653386452,0.44869694713328356,0.3804677736118549,0.40498095823899705,0.8592427616926503,0.5,0.4055154336418605,0.24945475234693476,0.39501711800447326,0.8515563057916086,0.7198988035795129,0.0
2021-06-12 08:20:00,0.21548117154811713,-0.40239043824701204,0.4626954579300073,0.40260667737903955,0.4370967530852888,0.0410913140311804,0.5,0.4055154336418605,0.24945475234693476,0.39501711800447326,0.8515563057916086,0.7198988035795129,0.036377627231166165
2021-06-12 08:30:00,0.2210599721059972,0.4422310756972112,0.4817572598659716,0.4240314229601856,0.4504063551059402,0.00011135857461024499,0.5,0.4055154336418605,0.24945475234693476,0.39501711800447326,0.8515563057916086,0.7198988035795129,0.07349457579552485
2021-06-12 08:40:00,0.2496513249651325,0.019920318725099362,0.4588235294117644,0.3997500446348867,0.4491761657352999,0.00011135857461024499,0.5,0.4055154336418605,0.24945475234693476,0.39501711800447326,0.8515563057916086,0.7198988035795129,0.09290553283944657
2021-06-12 08:50:00,0.18270571827057183,0.7928286852589641,0.4543559195830229,0.39903588644884835,0.5265864862388923,0.00011135857461024499,0.5,0.4055154336418605,0.24945475234693476,0.39501711800447326,0.8515563057916086,0.7198988035795129,0.03956877951627261
2021-06-12 09:00:00,0.10390516039051603,-0.2749003984063746,0.44422933730454184,0.3951080164256384,0.5309706717619191,0.007683741648106904,0.5,0.38404278134081427,0.27710936848971507,0.48174998925250306,0.7327129493769833,0.7501504439426865,0.00152390723780497
2021-06-12 09:10:00,0.12203626220362622,-0.6095617529880479,0.44363365599404303,0.36904124263524385,0.4912381725144286,0.605456570155902,0.5,0.38404278134081427,0.27710936848971507,0.48174998925250306,0.7327129493769833,0.7501504439426865,0.0
2021-06-12 09:20:00,0.7203626220362622,-0.9442231075697212,0.4537602382725241,0.37332619175147297,0.44001518106031856,0.471826280623608,0.5,0.38404278134081427,0.27710936848971507,0.48174998925250306,0.7327129493769833,0.7501504439426865,0.14456749702008237
2021-06-12 09:30:00,0.8786610878661087,0.38645418326693215,0.4344005956813102,0.34297446884484906,0.4341390637473662,0.18028953229398667,0.5,0.38404278134081427,0.27710936848971507,0.48174998925250306,0.7327129493769833,0.7501504439426865,0.31111848755978694
2021-06-12 09:40:00,0.8549511854951185,-0.10756972111553798,0.40104244229337294,0.29334047491519377,0.43892895002028504,0.13184855233853007,0.5,0.38404278134081427,0.27710936848971507,0.48174998925250306,0.7327129493769833,0.7501504439426865,0.5298067202800368
2021-06-12 09:50:00,0.896094839609484,0.14741035856573692,0.3766195085629187,0.27120157114800936,0.43650783264189713,0.11024498886414255,0.5,0.38404278134081427,0.27710936848971507,0.48174998925250306,0.7327129493769833,0.7501504439426865,0.7847216983267198
2021-06-12 10:00:00,0.6778242677824269,-0.36254980079681276,0.35785554728220403,0.2562042492412069,0.44773658242923137,0.009465478841870824,0.5,0.3600458004624738,0.3014220978313665,0.565593273880336,0.6056402853481894,0.7806044167263698,0.9269505258234381
2021-06-12 10:10:00,0.6652719665271966,-0.01195219123505975,0.3459419210722261,0.24620603463667212,0.44773658242923137,0.00033407572383073496,0.5,0.3600458004624738,0.3014220978313665,0.565593273880336,0.6056402853481894,0.7806044167263698,0.941208865820722
2021-06-12 10:20:00,0.46722454672245467,-0.043824701195219196,0.3340282948622486,0.24442063917157664,0.44773658242923137,0.0008908685968819599,0.5,0.3600458004624738,0.3014220978313665,0.565593273880336,0.6056402853481894,0.7806044167263698,0.4394435475353441
2021-06-12 10:30:00,0.4470013947001395,-0.19521912350597614,0.32002978406552485,0.25013390465988206,0.44773658242923137,0.0028953229398663697,0.5,0.3600458004624738,0.3014220978313665,0.565593273880336,0.6056402853481894,0.7806044167263698,0.3747604749762361
2021-06-12 10:40:00,0.2615062761506276,0.3705179282868525,0.31198808637378983,0.24692019282271027,0.4605619609742053,0.0013363028953229399,0.5,0.3600458004624738,0.3014220978313665,0.565593273880336,0.6056402853481894,0.7806044167263698,0.11832158969174827
2021-06-12 10:50:00,0.100418410041841,-0.2270916334661356,0.3140729709605359,0.2594179610783791,0.48248288858933924,0.41380846325167037,0.5,0.3600458004624738,0.3014220978313665,0.565593273880336,0.6056402853481894,0.7806044167263698,0.004481192570575011
2021-06-12 11:00:00,0.09902370990237098,-0.11439954467842928,0.3381980640357407,0.28119978575254434,0.4892489301278612,0.9993318485523385,0.5,0.3636612420090166,0.3076087549963082,0.5645744492113873,0.44077278303300454,0.7935246798680201,0.0
2021-06-12 11:10:00,0.08577405857740586,-0.0017074558907228532,0.3617274758004465,0.30048205677557593,0.4892489301278612,0.9993318485523385,0.5,0.3636612420090166,0.3076087549963082,0.5645744492113873,0.44077278303300454,0.7935246798680201,0.0
2021-06-12 11:20:00,0.04184100418410042,0.11098463289698346,0.37096053611317936,0.30655240135690076,0.4892489301278612,0.9993318485523385,0.5,0.3636612420090166,0.3076087549963082,0.5645744492113873,0.44077278303300454,0.7935246798680201,0.0
2021-06-12 11:30:00,0.055090655509065556,0.22367672168468977,0.3763216679076691,0.31476522049634004,0.4892489301278612,0.9993318485523385,0.5,0.3636612420090166,0.3076087549963082,0.5645744492113873,0.44077278303300454,0.7935246798680201,0.0
2021-06-12 11:40:00,0.11785216178521618,0.3363688104723961,0.3843633655994041,0.3219068023567222,0.4892489301278612,0.9993318485523385,0.5,0.3636612420090166,0.3076087549963082,0.5645744492113873,0.44077278303300454,0.7935246798680201,0.0
2021-06-12 11:50:00,0.198744769874477,0.4490608992601022,0.3915115413253907,0.32726298875200865,0.4978079072384866,0.9993318485523385,0.5,0.3636612420090166,0.3076087549963082,0.5645744492113873,0.44077278303300454,0.7935246798680201,0.0
2021-06-12 12:00:00,0.15550906555090654,0.5617529880478087,0.3965748324646312,0.3454740224959829,0.6293989085341116,0.3971046770601336,0.5,0.3788801900325627,0.30944492495840653,0.5411922074750078,0.3094701225330578,0.7245485445953623,0.0
2021-06-12 12:10:00,0.19595536959553697,-0.06772908366533881,0.4087862993298583,0.36368505623995717,0.6305767494208949,0.34832962138084633,0.5,0.3788801900325627,0.30944492495840653,0.5411922074750078,0.3094701225330578,0.7245485445953623,0.0114972011406672
2021-06-12 12:20:00,0.17364016736401675,0.6175298804780875,0.4239761727475799,0.39439385823960005,0.6303150070016097,0.00011135857461024499,0.5,0.3788801900325627,0.30944492495840653,0.5411922074750078,0.3094701225330578,0.7245485445953623,0.03567602637415695
2021-06-12 12:30:00,0.11506276150627615,0.3227091633466135,0.41325390915860005,0.3965363327977147,0.6369109159675962,0.3811804008908686,0.5,0.3788801900325627,0.30944492495840653,0.5411922074750078,0.3094701225330578,0.7245485445953623,0.0
2021-06-12 12:40:00,0.11645746164574616,0.6254980079681274,0.4263588979895754,0.4004642028209249,0.6287445524858987,0.9993318485523385,0.5,0.3788801900325627,0.30944492495840653,0.5411922074750078,0.3094701225330578,0.7245485445953623,0.0
2021-06-12 12:50:00,0.11645746164574616,0.32802124833997315,0.4469099032017869,0.4286734511694341,0.6287445524858987,0.9993318485523385,0.5,0.3788801900325627,0.30944492495840653,0.5411922074750078,0.3094701225330578,0.7245485445953623,0.0
2021-06-12 13:00:00,0.100418410041841,0.030544488711819362,0.4626954579300073,0.44402785216925555,0.6287445524858987,0.9993318485523385,0.5,0.4633784745164051,0.2884166123095208,0.4553881228681753,0.3815117148293895,0.696273078022615,0.0
2021-06-12 13:10:00,0.09762900976290097,-0.26693227091633476,0.47937453462397617,0.4565256204249242,0.6287445524858987,0.9993318485523385,0.5,0.4633784745164051,0.2884166123095208,0.4553881228681753,0.3815117148293895,0.696273078022615,0.0
2021-06-12 13:20:00,0.042538354253835425,-0.02788844621513953,0.49128816083395366,0.4668809141224781,0.6287445524858987,0.9993318485523385,0.5,0.4633784745164051,0.2884166123095208,0.4553881228681753,0.3815117148293895,0.696273078022615,0.0
2021-06-12 13:30:00,0.09205020920502092,-0.03585657370517936,0.5061801935964259,0.47937868237814674,0.6287445524858987,0.9993318485523385,0.5,0.4633784745164051,0.2884166123095208,0.4553881228681753,0.3815117148293895,0.696273078022615,0.0
2021-06-12 13:40:00,0.1206415620641562,-0.08764940239043839,0.5195830230826506,0.4861631851455097,0.6287445524858987,0.9993318485523385,0.5,0.4633784745164051,0.2884166123095208,0.4553881228681753,0.3815117148293895,0.696273078022615,0.0
2021-06-12 13:50:00,0.1290097629009763,-0.1394422310756973,0.527922561429635,0.4911622924477772,0.6287445524858987,0.9993318485523385,0.5,0.4633784745164051,0.2884166123095208,0.4553881228681753,0.3815117148293895,0.696273078022615,0.0
2021-06-12 14:00:00,0.07740585774058578,-0.19123505976095634,0.537453462397617,0.4993751115872165,0.6287445524858987,0.9993318485523385,0.5,0.501845259675481,0.2604832661411989,0.4176317538507426,0.5177779160656178,0.7331718334283108,0.0
2021-06-12 14:10:00,0.12203626220362622,-0.24302788844621515,0.5451973194341024,0.5090162470987323,0.6287445524858987,0.9993318485523385,0.5,0.501845259675481,0.2604832661411989,0.4176317538507426,0.5177779160656178,0.7331718334283108,0.0
2021-06-12 14:20:00,0.21827057182705717,-0.5816733067729084,0.552941176470588,0.5086591680057133,0.7086545130936646,0.9308463251670379,0.5,0.501845259675481,0.2604832661411989,0.4176317538507426,0.5177779160656178,0.7331718334283108,0.0
2021-06-12 14:30:00,0.10390516039051603,-0.6201859229747677,0.5574087862993298,0.5257989644706302,0.8063498710918585,0.938195991091314,0.5,0.501845259675481,0.2604832661411989,0.4176317538507426,0.5177779160656178,0.7331718334283108,0.0
2021-06-12 14:40:00,0.12133891213389121,-0.6586985391766269,0.5633655994043185,0.5382967327262989,0.8063498710918585,0.9995545657015591,0.5,0.501845259675481,0.2604832661411989,0.4176317538507426,0.5177779160656178,0.7331718334283108,0.0
2021-06-12 14:50:00,0.10739191073919108,-0.6972111553784861,0.5678332092330602,0.5450812354936618,0.8063498710918585,0.9995545657015591,0.5,0.501845259675481,0.2604832661411989,0.4176317538507426,0.5177779160656178,0.7331718334283108,0.0
2021-06-12 15:00:00,0.1701534170153417,-0.5697211155378485,0.5767684288905432,0.5500803427959293,0.8063498710918585,0.9995545657015591,0.5,0.5294902347156967,0.2465094092934904,0.38744948517904315,0.5876427975519156,0.7618334783027598,0.0
2021-06-12 15:10:00,0.09832635983263598,-0.4422310756972112,0.5797468354430377,0.549009105516872,0.8143199277590922,0.5746102449888641,0.5,0.5294902347156967,0.2465094092934904,0.38744948517904315,0.5876427975519156,0.7618334783027598,0.0
2021-06-12 15:20:00,0.15411436541143653,-0.02788844621513953,0.5842144452717795,0.5493661846098912,0.8208504011202575,0.9995545657015591,0.5,0.5294902347156967,0.2465094092934904,0.38744948517904315,0.5876427975519156,0.7618334783027598,0.0
2021-06-12 15:30:00,0.05090655509065551,-0.31474103585657376,0.5901712583767682,0.5554365291912158,0.8208504011202575,0.9995545657015591,0.5,0.5294902347156967,0.2465094092934904,0.38744948517904315,0.5876427975519156,0.7618334783027598,0.0
2021-06-12 15:40:00,0.14714086471408647,-0.601593625498008,0.5976172747580044,0.562221031958579,0.8208504011202575,0.9995545657015591,0.5,0.5294902347156967,0.2465094092934904,0.38744948517904315,0.5876427975519156,0.7618334783027598,0.0
2021-06-12 15:50:00,0.2629009762900976,-0.3705179282868527,0.6035740878629932,0.5629351901446169,0.8209158367250788,0.6242761692650335,0.5,0.5294902347156967,0.2465094092934904,0.38744948517904315,0.5876427975519156,0.7618334783027598,0.022715270757578045
2021-06-12 16:00:00,0.14644351464435149,-0.7450199203187251,0.6050632911392404,0.5361542581681842,0.8040334506811846,0.183630289532294,0.5,0.6195338038564842,0.23151833152781376,0.3072822883659328,0.6138240724800268,0.7710636790905654,0.026502406566380497
2021-06-12 16:10:00,0.11157601115760113,-0.8884462151394422,0.6071481757259864,0.5461524727727192,0.7906060645718549,0.9995545657015591,0.5,0.6195338038564842,0.23151833152781376,0.3072822883659328,0.6138240724800268,0.7710636790905654,0.0
2021-06-12 16:20:00,0.2510460251046025,0.13147410358565725,0.6125093075204764,0.5475807891447955,0.790815458507283,0.3546770601336303,0.5,0.6195338038564842,0.23151833152781376,0.3072822883659328,0.6138240724800268,0.7710636790905654,0.03628709808832627
2021-06-12 16:30:00,0.2635983263598326,0.6733067729083664,0.6211466865227102,0.545438314586681,0.7964036591590216,0.00022271714922048998,0.5,0.6195338038564842,0.23151833152781376,0.3072822883659328,0.6138240724800268,0.7710636790905654,0.10736756340812047
2021-06-12 16:40:00,0.298465829846583,0.20318725099601576,0.6119136262099774,0.5432958400285663,0.8516182225072306,0.00022271714922048998,0.5,0.6195338038564842,0.23151833152781376,0.3072822883659328,0.6138240724800268,0.7710636790905654,0.14106703683027297
2021-06-12 16:50:00,0.1924686192468619,-0.2828685258964144,0.5848101265822783,0.5150865916800571,0.8585151352553951,0.00044543429844097997,0.5,0.6195338038564842,0.23151833152781376,0.3072822883659328,0.6138240724800268,0.7710636790905654,0.04048161503990826
2021-06-12 17:00:00,0.20432357043235705,0.5378486055776892,0.5800446760982871,0.5097304052847706,0.843399510541676,0.03864142538975501,0.5,0.6246312232278917,0.22365354719876424,0.29819263242913596,0.6165864470130853,0.7875965819735091,0.04246571208714939
2021-06-12 17:10:00,0.17642956764295675,0.25099601593625476,0.5806403574087862,0.5018746652383501,0.881744774966955,0.02416481069042316,0.5,0.6246312232278917,0.22365354719876424,0.29819263242913596,0.6165864470130853,0.7875965819735091,0.009286781236326327
2021-06-12 17:20:00,0.15132496513249652,-0.601593625498008,0.5821295606850332,0.507587930726656,0.8418421431469291,0.4662583518930958,0.5,0.6246312232278917,0.22365354719876424,0.29819263242913596,0.6165864470130853,0.7875965819735091,0.006042820284563272
2021-06-12 17:30:00,0.17782426778242677,0.17928286852589648,0.5997021593447505,0.522228173540439,0.8137571815576291,0.31291759465478847,0.5,0.6246312232278917,0.22365354719876424,0.29819263242913596,0.6165864470130853,0.7875965819735091,0.0
2021-06-12 17:40:00,0.15760111576011157,0.7290836653386452,0.6163812360387191,0.5465095518657381,0.832589548625198,0.9981069042316258,0.5,0.6246312232278917,0.22365354719876424,0.29819263242913596,0.6165864470130853,0.7875965819735091,0.0
2021-06-12 17:50:00,0.1394700139470014,0.5577689243027886,0.627103499627699,0.5511515800749867,0.832589548625198,0.9995545657015591,0.5,0.6246312232278917,0.22365354719876424,0.29819263242913596,0.6165864470130853,0.7875965819735091,0.0
2021-06-12 18:00:00,0.2705718270571827,0.38645418326693215,0.6348473566641846,0.5565077664702731,0.8427582416144273,0.6953229398663697,0.5,0.5801631499725004,0.20478611062421154,0.3591724719002095,0.5085827786346736,0.8070902690868113,0.03658131780255594
2021-06-12 18:10:00,0.15481171548117156,0.19521912350597592,0.6411020104244229,0.5572219246563115,0.9046472366544084,0.00011135857461024499,0.5,0.5801631499725004,0.20478611062421154,0.3591724719002095,0.5085827786346736,0.8070902690868113,0.018090740377506527
2021-06-12 18:20:00,0.1806136680613668,-0.7370517928286854,0.6363365599404316,0.5850740939118015,0.8876339794008716,0.03162583518930957,0.5,0.5801631499725004,0.20478611062421154,0.3591724719002095,0.5085827786346736,0.8070902690868113,0.010373130950405119
2021-06-12 18:30:00,0.1290097629009763,-0.07171314741035861,0.6175725986597167,0.5629351901446169,0.828401669916635,0.8462138084632517,0.5,0.5801631499725004,0.20478611062421154,0.3591724719002095,0.5085827786346736,0.8070902690868113,0.0
2021-06-12 18:40:00,0.2719665271966527,0.593625498007968,0.636634400595681,0.5629351901446169,0.8170420489196583,0.21380846325167038,0.5,0.5801631499725004,0.20478611062421154,0.3591724719002095,0.5085827786346736,0.8070902690868113,0.05864779636978137
2021-06-12 18:50:00,0.33821478382147835,0.4581673306772909,0.636634400595681,0.5647205856097126,0.8633835442540996,0.00011135857461024499,0.5,0.5801631499725004,0.20478611062421154,0.3591724719002095,0.5085827786346736,0.8070902690868113,0.20839054272221136
2021-06-12 19:00:00,0.299163179916318,-0.11553784860557781,0.6092330603127325,0.5340117836100697,0.8870581460784442,0.00022271714922048998,0.5,0.5754158713344537,0.2141652323085453,0.3634396403450004,0.47978563551236786,0.8150000526386626,0.14819620682891502
2021-06-12 19:10:00,0.11436541143654114,-0.043824701195219196,0.5982129560685032,0.5261560435636492,0.8786038659355329,0.02360801781737194,0.5,0.5754158713344537,0.2141652323085453,0.3634396403450004,0.47978563551236786,0.8150000526386626,0.007589359808078218
2021-06-12 19:20:00,0.08298465829846582,0.2111553784860556,0.5952345495160087,0.5083020889126941,0.8684875214301606,0.5427616926503341,0.5,0.5754158713344537,0.2141652323085453,0.3634396403450004,0.47978563551236786,0.8150000526386626,0.0
2021-06-12 19:30:00,0.06834030683403068,0.4661354581673305,0.6053611317944898,0.5118728798428851,0.8684875214301606,0.9993318485523385,0.5,0.5754158713344537,0.2141652323085453,0.3634396403450004,0.47978563551236786,0.8150000526386626,0.0
2021-06-12 19:40:00,0.038354253835425386,0.7211155378486056,0.6116157855547282,0.5250848062845921,0.8684875214301606,0.9993318485523385,0.5,0.5754158713344537,0.2141652323085453,0.3634396403450004,0.47978563551236786,0.8150000526386626,0.0
2021-06-12 19:50:00,0.05439330543933055,0.5776892430278884,0.6131049888309752,0.5290126763078022,0.8684875214301606,0.9993318485523385,0.5,0.5754158713344537,0.2141652323085453,0.3634396403450004,0.47978563551236786,0.8150000526386626,0.0
2021-06-12 20:00:00,0.12273361227336123,0.43426294820717115,0.6154877140729709,0.5261560435636492,0.8684875214301606,0.9993318485523385,0.5,0.5746015890078888,0.22927987080719792,0.35703971196961737,0.38635957839160345,0.8456046297665838,0.0
2021-06-12 20:10:00,0.1297071129707113,0.29083665338645415,0.6154877140729709,0.5193715407962862,0.8684875214301606,0.9993318485523385,0.5,0.5746015890078888,0.22927987080719792,0.35703971196961737,0.38635957839160345,0.8456046297665838,0.0
2021-06-12 20:20:00,0.16875871687587168,0.14741035856573692,0.6154877140729709,0.5122299589359045,0.8684875214301606,0.9993318485523385,0.5,0.5746015890078888,0.22927987080719792,0.35703971196961737,0.38635957839160345,0.8456046297665838,0.0
2021-06-12 20:30:00,0.25174337517433754,0.003984063745019917,0.6145941921072224,0.5108016425638278,0.7978955909489472,0.5125835189309577,0.5,0.5746015890078888,0.22927987080719792,0.35703971196961737,0.38635957839160345,0.8456046297665838,0.025378336376118412
2021-06-12 20:40:00,0.14644351464435149,-0.1394422310756973,0.6187639612807148,0.5343688627030887,0.7794820117522346,0.00011135857461024499,0.5,0.5746015890078888,0.22927987080719792,0.35703971196961737,0.38635957839160345,0.8456046297665838,0.016348054377838466
2021-06-12 20:50:00,0.14574616457461645,0.3784860557768923,0.6202531645569618,0.5715050883770756,0.8096478255748517,0.00011135857461024499,0.5,0.5746015890078888,0.22927987080719792,0.35703971196961737,0.38635957839160345,0.8456046297665838,0.03114202513692533
2021-06-12 21:00:00,0.11018131101813111,-0.3784860557768924,0.5922561429635145,0.5586502410283878,0.8130635641465234,0.00011135857461024499,0.5,0.5745201741164683,0.2317855675316894,0.3532166465856502,0.226400666764714,0.8947059877365113,0.0023990222852573293
2021-06-12 21:10:00,0.13598326359832635,-0.2589641434262948,0.5782576321667907,0.5361542581681842,0.7895329206527856,0.00022271714922048998,0.5,0.5745201741164683,0.2317855675316894,0.3532166465856502,0.226400666764714,0.8947059877365113,0.020293616186610738
2021-06-12 21:20:00,0.21687587168758715,-0.38645418326693237,0.5702159344750557,0.5190144617032673,0.7756474853097068,0.00022271714922048998,0.5,0.5745201741164683,0.2317855675316894,0.3532166465856502,0.226400666764714,0.8947059877365113,0.0672480649395718
2021-06-12 21:30:00,0.29707112970711297,-0.26693227091633476,0.5636634400595679,0.49651847884306366,0.7653217468689062,0.00033407572383073496,0.5,0.5745201741164683,0.2317855675316894,0.3532166465856502,0.226400666764714,0.8947059877365113,0.1292907041658494
2021-06-12 21:40:00,0.3319386331938633,0.2350597609561753,0.5586001489203274,0.4790216032851278,0.7779639057203807,0.00044543429844097997,0.5,0.5745201741164683,0.2317855675316894,0.3532166465856502,0.226400666764714,0.8947059877365113,0.17874224844214434
2021-06-12 21:50:00,0.2796373779637378,0.41035856573705165,0.5550260610573343,0.4640242813783253,0.7792071822119851,0.00044543429844097997,0.5,0.5745201741164683,0.2317855675316894,0.3532166465856502,0.226400666764714,0.8947059877365113,0.1226745326433001
2021-06-12 22:00:00,0.20571827057182707,0.09163346613545809,0.5523454951600892,0.4590251740760578,0.7927916137728861,0.00033407572383073496,0.5,0.4863331713484951,0.2561241584221018,0.4215057985123943,0.1678196935528329,0.06331139908087718,0.06518852693996409
2021-06-12 22:10:00,0.12482566248256625,0.47410358565737054,0.5475800446760981,0.4654525977504018,0.7986415568439099,0.00033407572383073496,0.5,0.4863331713484951,0.2561241584221018,0.4215057985123943,0.1678196935528329,0.06331139908087718,0.02469182370958251
2021-06-12 22:20:00,0.08926080892608089,0.5378486055776892,0.5469843633655993,0.48080699875022326,0.8179581473871562,0.011581291759465479,0.5,0.4863331713484951,0.2561241584221018,0.4215057985123943,0.1678196935528329,0.06331139908087718,0.0
2021-06-12 22:30:00,0.22036262203626222,0.3731739707835324,0.5499627699180936,0.46795215140153545,0.8270275222153879,0.9311804008908687,0.5,0.4863331713484951,0.2561241584221018,0.4215057985123943,0.1678196935528329,0.06331139908087718,0.0
2021-06-12 22:40:00,0.22873082287308227,0.20849933598937564,0.5630677587490691,0.49651847884306366,0.6420803287484786,0.8162583518930958,0.5,0.4863331713484951,0.2561241584221018,0.4215057985123943,0.1678196935528329,0.06331139908087718,0.0
2021-06-12 22:50:00,0.5704323570432357,0.043824701195219085,0.5550260610573343,0.5090162470987323,0.5909358600201541,0.013363028953229399,0.5,0.4863331713484951,0.2561241584221018,0.4215057985123943,0.1678196935528329,0.06331139908087718,0.6430511338775141
2021-06-12 23:00:00,0.6143654114365412,0.14741035856573692,0.5189873417721518,0.459382253169077,0.5965633220347856,0.04977728285077951,0.5,0.40264103103738424,0.2565178286643657,0.5370929409298545,0.41385626416733584,0.18955006463382254,0.5690888241773164
2021-06-12 23:10:00,0.6136680613668062,-0.3227091633466136,0.49962769918093786,0.4322442420996251,0.6046642499116619,0.01737193763919822,0.5,0.40264103103738424,0.2565178286643657,0.5370929409298545,0.41385626416733584,0.18955006463382254,0.6698024955867043
2021-06-12 23:20:00,0.5753138075313807,-0.21115537848605592,0.4886075949367086,0.4254597393322621,0.6046642499116619,0.017483296213808463,0.5,0.40264103103738424,0.2565178286643657,0.5370929409298545,0.41385626416733584,0.18955006463382254,0.6081823256936796
2021-06-12 23:30:00,0.5718270571827057,-0.3705179282868527,0.48056589724497356,0.42474558114622396,0.6046511627906976,0.007906458797327393,0.5,0.40264103103738424,0.2565178286643657,0.5370929409298545,0.41385626416733584,0.18955006463382254,0.5965040662673327
2021-06-12 23:40:00,0.5418410041841004,0.03585657370517925,0.47580044676098265,0.42331726477414744,0.5935401970920416,0.006124721603563475,0.5,0.40264103103738424,0.2565178286643657,0.5370929409298545,0.41385626416733584,0.18955006463382254,0.5451136895152164
2021-06-12 23:50:00,0.5062761506276151,-0.05179282868525903,0.4701414743112433,0.41867523656489913,0.5934224130033634,0.009799554565701559,0.5,0.40264103103738424,0.2565178286643657,0.5370929409298545,0.41385626416733584,0.18955006463382254,0.4405072649637129
2021-06-13 00:00:00,0.5327754532775453,0.17928286852589648,0.4626954579300073,0.4165327620067847,0.5951106516077528,0.008574610244988864,0.5,0.39243805414073574,0.26614407181464717,0.5615541172297658,0.5676166783855494,0.23001055892917213,0.5225643888528448
2021-06-13 00:10:00,0.5578800557880056,-0.03585657370517936,0.45614296351451955,0.4126048919835743,0.6046511627906976,0.007906458797327393,0.5,0.39243805414073574,0.26614407181464717,0.5615541172297658,0.5676166783855494,0.23001055892917213,0.5913514492206949
2021-06-13 00:20:00,0.6457461645746164,0.2749003984063745,0.45256887565152626,0.4061774683092303,0.6046511627906976,0.025723830734966594,0.5,0.39243805414073574,0.26614407181464717,0.5615541172297658,0.5676166783855494,0.23001055892917213,0.7239540111954373
2021-06-13 00:30:00,0.6338912133891214,0.14741035856573692,0.44780342516753513,0.40403499375111585,0.6046511627906976,0.022828507795100223,0.5,0.39243805414073574,0.26614407181464717,0.5615541172297658,0.5676166783855494,0.23001055892917213,0.7027098390090077
2021-06-13 00:40:00,0.5132496513249651,-0.13147410358565736,0.44393149664929243,0.40582038921621133,0.6046511627906976,0.0008908685968819599,0.5,0.39243805414073574,0.26614407181464717,0.5615541172297658,0.5676166783855494,0.23001055892917213,0.49410806162016996
2021-06-13 00:50:00,0.6311018131101813,0.2350597609561753,0.441548771407297,0.40724870558828763,0.6046511627906976,0.00022271714922048998,0.5,0.39243805414073574,0.26614407181464717,0.5615541172297658,0.5676166783855494,0.23001055892917213,0.771579884424461
2021-06-13 01:00:00,0.6094839609483961,0.2749003984063745,0.43648548026805645,0.40403499375111585,0.6046511627906976,0.00033407572383073496,0.5,0.32253985110513783,0.2721698126761819,0.62997667761453,0.5166580941186436,0.23837658645897836,0.7122078549119604
2021-06-13 01:10:00,0.5808926080892608,0.17131474103585642,0.43142218912881614,0.4029637564720585,0.6046511627906976,0.000556792873051225,0.5,0.32253985110513783,0.2721698126761819,0.62997667761453,0.5166580941186436,0.23837658645897836,0.6610362569217074
2021-06-13 01:20:00,0.5585774058577406,0.38645418326693215,0.426061057334326,0.40403499375111585,0.6046511627906976,0.0006681514476614699,0.5,0.32253985110513783,0.2721698126761819,0.62997667761453,0.5166580941186436,0.23837658645897836,0.6088990147411621
2021-06-13 01:30:00,0.5955369595536959,0.12350597609561742,0.42159344750558425,0.397964649169791,0.6046511627906976,0.00022271714922048998,0.5,0.32253985110513783,0.2721698126761819,0.62997667761453,0.5166580941186436,0.23837658645897836,0.6916501953920666
2021-06-13 01:40:00,0.5306834030683404,-0.17928286852589637,0.41712583767684275,0.3968934118907337,0.6046511627906976,0.0013363028953229399,0.5,0.32253985110513783,0.2721698126761819,0.62997667761453,0.5166580941186436,0.23837658645897836,0.5380448722784676
2021-06-13 01:50:00,0.5,-0.1394422310756973,0.4117647058823528,0.39939296554186754,0.6007512007433484,0.000779510022271715,0.5,0.32253985110513783,0.2721698126761819,0.62997667761453,0.5166580941186436,0.23837658645897836,0.49649953981019057
2021-06-13 02:00:00,0.5278940027894004,-0.24302788844621515,0.40551005212211444,0.3965363327977147,0.6046511627906976,0.00044543429844097997,0.5,0.3096904399706093,0.250627142557477,0.6583529863521373,0.44163337781217565,0.22546796225953145,0.5267060971377703
2021-06-13 02:10:00,0.5648535564853556,-0.02788844621513953,0.39955323901712547,0.39118014640242826,0.5956341364463231,0.000556792873051225,0.5,0.3096904399706093,0.250627142557477,0.6583529863521373,0.44163337781217565,0.22546796225953145,0.6133726632165004
2021-06-13 02:20:00,0.603905160390516,-0.003984063745020028,0.39806403574087845,0.37832529905374046,0.5933962387614348,0.00022271714922048998,0.5,0.3096904399706093,0.250627142557477,0.6583529863521373,0.44163337781217565,0.22546796225953145,0.7084508954841047
2021-06-13 02:30:00,0.504881450488145,-0.21912350597609564,0.3959791511541324,0.3772540617746831,0.5933962387614348,0.00033407572383073496,0.5,0.3096904399706093,0.250627142557477,0.6583529863521373,0.44163337781217565,0.22546796225953145,0.4753232644808908
2021-06-13 02:40:00,0.4923291492329149,-0.02788844621513953,0.3921072226358895,0.38011069451883595,0.5933962387614348,0.00044543429844097997,0.5,0.3096904399706093,0.250627142557477,0.6583529863521373,0.44163337781217565,0.22546796225953145,0.4384552710593419
2021-06-13 02:50:00,0.4860529986052998,0.11553784860557759,0.3876396128071482,0.37368327084449215,0.5933962387614348,0.00033407572383073496,0.5,0.3096904399706093,0.250627142557477,0.6583529863521373,0.44163337781217565,0.22546796225953145,0.4414201004873486
2021-06-13 03:00:00,0.5446304044630405,-0.01195219123505975,0.38644825018615014,0.363327977146938,0.5933962387614348,0.00022271714922048998,0.5,0.29942235784329596,0.24112733364558794,0.6775251259993429,0.40661745874259037,0.2061921258784716,0.5451438658961631
2021-06-13 03:10:00,0.49442119944211993,-0.29083665338645437,0.38585256887565134,0.35797179075165153,0.5933962387614348,0.00033407572383073496,0.5,0.29942235784329596,0.24112733364558794,0.6775251259993429,0.40661745874259037,0.2061921258784716,0.44346455029648296
2021-06-13 03:20:00,0.43654114365411434,-0.33864541832669326,0.3807892777364108,0.36439921442599554,0.5933962387614348,0.00033407572383073496,0.5,0.29942235784329596,0.24112733364558794,0.6775251259993429,0.40661745874259037,0.2061921258784716,0.34653047060066083
2021-06-13 03:30:00,0.49442119944211993,-0.1394422310756973,0.3804914370811614,0.3586859489376897,0.5933962387614348,0.00044543429844097997,0.5,0.29942235784329596,0.24112733364558794,0.6775251259993429,0.40661745874259037,0.2061921258784716,0.4366974968692005
2021-06-13 03:40:00,0.47489539748953974,-0.15537848605577698,0.3798957557706626,0.35440099982146056,0.5881744774966956,0.00033407572383073496,0.5,0.29942235784329596,0.24112733364558794,0.6775251259993429,0.40661745874259037,0.2061921258784716,0.4085203011602819
2021-06-13 03:50:00,0.46373779637377965,0.08366533864541825,0.3804914370811614,0.34833065524013573,0.5821413147321721,0.00033407572383073496,0.5,0.29942235784329596,0.24112733364558794,0.6775251259993429,0.40661745874259037,0.2061921258784716,0.39606499992455907
2021-06-13 04:00:00,0.49790794979079495,-0.08366533864541836,0.3804914370811614,0.3440457061239066,0.5821282276112079,0.00033407572383073496,0.5,0.2948786331103457,0.23880554126784792,0.6421399274648576,0.3847823185410499,0.19820241858914006,0.4491226217239767
2021-06-13 04:10:00,0.4776847977684798,0.03585657370517925,0.3804914370811614,0.33868951972861994,0.5821282276112079,0.00033407572383073496,0.5,0.2948786331103457,0.23880554126784792,0.6421399274648576,0.3847823185410499,0.19820241858914006,0.39825278754318993
2021-06-13 04:20:00,0.43584379358437936,0.019920318725099362,0.3804914370811614,0.3361899660774863,0.5821282276112079,0.00033407572383073496,0.5,0.2948786331103457,0.23880554126784792,0.6421399274648576,0.3847823185410499,0.19820241858914006,0.33848846507838315
2021-06-13 04:30:00,0.4100418410041841,0.03585657370517925,0.3804914370811614,0.33976075700767727,0.5821282276112079,0.00022271714922048998,0.5,0.2948786331103457,0.23880554126784792,0.6421399274648576,0.3847823185410499,0.19820241858914006,0.28626069375499796
2021-06-13 04:40:00,0.3772663877266388,0.394422310756972,0.3804914370811614,0.3361899660774863,0.5821282276112079,0.00022271714922048998,0.5,0.2948786331103457,0.23880554126784792,0.6421399274648576,0.3847823185410499,0.19820241858914006,0.2409206813826818
2021-06-13 04:50:00,0.41143654114365413,-0.23505976095617542,0.3804914370811614,0.3297625424031425,0.592846579680936,0.00022271714922048998,0.5,0.2948786331103457,0.23880554126784792,0.6421399274648576,0.3847823185410499,0.19820241858914006,0.27378276023356524
2021-06-13 05:00:00,0.3723849372384937,0.05976095617529875,0.3804914370811614,0.3279771469380468,0.5933962387614348,0.00022271714922048998,0.5,0.2941783516436234,0.23942334493271505,0.6421375179965093,0.3976262729622746,0.18405020567617805,0.22991384643239737
2021-06-13 05:10:00,0.3493723849372385,0.07569721115537842,0.3804914370811614,0.32226388144974116,0.5933962387614348,0.00022271714922048998,0.5,0.2941783516436234,0.23942334493271505,0.6421375179965093,0.3976262729622746,0.18405020567617805,0.20597643224648066
2021-06-13 05:20:00,0.3563458856345886,0.33864541832669315,0.3807892777364108,0.3158364577753974,0.5933962387614348,0.00022271714922048998,0.5,0.2941783516436234,0.23942334493271505,0.6421375179965093,0.3976262729622746,0.18405020567617805,0.2073494575795525
2021-06-13 05:30:00,0.35564853556485354,0.1394422310756971,0.3804914370811614,0.3090519550080342,0.599664969703315,0.00022271714922048998,0.5,0.2941783516436234,0.23942334493271505,0.6421375179965093,0.3976262729622746,0.18405020567617805,0.19804004405751618
2021-06-13 05:40:00,0.3277545327754533,-0.24302788844621515,0.3804914370811614,0.3076236386359579,0.6046511627906976,0.00022271714922048998,0.5,0.2941783516436234,0.23942334493271505,0.6421375179965093,0.3976262729622746,0.18405020567617805,0.17145465244353245
2021-06-13 05:50:00,0.3277545327754533,-0.3944223107569722,0.3804914370811614,0.3072665595429387,0.6046511627906976,0.00022271714922048998,0.5,0.2941783516436234,0.23942334493271505,0.6421375179965093,0.3976262729622746,0.18405020567617805,0.17161307844350226
2021-06-13 06:00:00,0.3096234309623431,-0.5776892430278885,0.3798957557706626,0.3054811640778434,0.6046511627906976,0.00022271714922048998,0.5,0.30721504037558245,0.26088555689971643,0.6798118382759772,0.39298372621311844,0.1267530556143362,0.15818458892225057
2021-06-13 06:10:00,0.3103207810320781,-0.47410358565737054,0.3772151898734175,0.3044099267987861,0.6046511627906976,0.00022271714922048998,0.5,0.30721504037558245,0.26088555689971643,0.6798118382759772,0.39298372621311844,0.1267530556143362,0.1567512108272855
2021-06-13 06:20:00,0.29497907949790797,-0.4900398406374503,0.3772151898734175,0.3022674522406714,0.6046511627906976,0.00022271714922048998,0.5,0.30721504037558245,0.26088555689971643,0.6798118382759772,0.39298372621311844,0.1267530556143362,0.1411801982588228
2021-06-13 06:30:00,0.3103207810320781,-0.553784860557769,0.3772151898734175,0.2979825031244421,0.6046511627906976,0.00022271714922048998,0.5,0.30721504037558245,0.26088555689971643,0.6798118382759772,0.39298372621311844,0.1267530556143362,0.15389199873259202
2021-06-13 06:40:00,0.3110181311018131,-0.08366533864541836,0.3772151898734175,0.2965541867523658,0.5960136629542866,0.00033407572383073496,0.5,0.30721504037558245,0.26088555689971643,0.6798118382759772,0.39298372621311844,0.1267530556143362,0.15340917663744588
2021-06-13 06:50:00,0.3158995815899582,0.5697211155378485,0.3772151898734175,0.290126763078022,0.5907788145685829,0.00033407572383073496,0.5,0.30721504037558245,0.26088555689971643,0.6798118382759772,0.39298372621311844,0.1267530556143362,0.1679240158727764
2021-06-13 07:00:00,0.299163179916318,0.49003984063745,0.3772151898734175,0.2858418139617924,0.5907788145685829,0.000556792873051225,0.5,0.31246715137599823,0.28535345553394187,0.6573401219469975,0.402552059272694,0.1367604677054267,0.14356413235360685
2021-06-13 07:10:00,0.2782426778242678,0.21912350597609564,0.3772151898734175,0.28619889305481183,0.5981599507924252,0.00022271714922048998,0.5,0.31246715137599823,0.28535345553394187,0.6573401219469975,0.402552059272694,0.1367604677054267,0.11989830559620986
2021-06-13 07:20:00,0.22663877266387727,-0.50597609561753,0.3793000744601638,0.29048384217104095,0.6046249885487691,0.00033407572383073496,0.5,0.31246715137599823,0.28535345553394187,0.6573401219469975,0.402552059272694,0.1367604677054267,0.08567074550749129
2021-06-13 07:30:00,0.21687587168758715,-0.3944223107569722,0.3804914370811614,0.29548294947330844,0.5961576212848935,0.00033407572383073496,0.5,0.31246715137599823,0.28535345553394187,0.6573401219469975,0.402552059272694,0.1367604677054267,0.07292122455753881
2021-06-13 07:40:00,0.2189679218967922,-0.8167330677290838,0.3828741623231571,0.3086948759150152,0.5357082095509809,0.00033407572383073496,0.5,0.31246715137599823,0.28535345553394187,0.6573401219469975,0.402552059272694,0.1367604677054267,0.07258928436712585
2021-06-13 07:50:00,0.23430962343096234,0.6573705179282865,0.38674609084139977,0.31405106231030167,0.544607451806677,0.0024498886414253897,0.5,0.31246715137599823,0.28535345553394187,0.6573401219469975,0.402552059272694,0.1367604677054267,0.09276219502995006
2021-06-13 08:00:00,0.1701534170153417,0.1394422310756971,0.3924050632911391,0.3165506159614355,0.5783722238944655,0.00033407572383073496,0.5,0.31836257676630453,0.2888706261655644,0.6524245528882742,0.35405662582410535,0.16770842030405259,0.050998083799809885
2021-06-13 08:10:00,0.24686192468619247,0.40239043824701204,0.3983618763961281,0.31976432779860753,0.5916687387941527,0.0013363028953229399,0.5,0.31836257676630453,0.2888706261655644,0.6524245528882742,0.35405662582410535,0.16770842030405259,0.10487046788478657
2021-06-13 08:20:00,0.303347280334728,0.09163346613545809,0.4046165301563662,0.31905016961256916,0.6161416549973171,0.00033407572383073496,0.5,0.31836257676630453,0.2888706261655644,0.6524245528882742,0.35405662582410535,0.16770842030405259,0.1606515080646378
2021-06-13 08:30:00,0.33333333333333337,0.06772908366533859,0.4069992553983617,0.31619353686841634,0.6263103479865465,0.00033407572383073496,0.5,0.31836257676630453,0.2888706261655644,0.6524245528882742,0.35405662582410535,0.16770842030405259,0.1854791254884802
2021-06-13 08:40:00,0.3472803347280335,0.1633466135458166,0.4114668652271034,0.3186930905195502,0.6335737001217102,0.00033407572383073496,0.5,0.31836257676630453,0.2888706261655644,0.6524245528882742,0.35405662582410535,0.16770842030405259,0.20320774929462712
2021-06-13 08:50:00,0.29776847977684795,0.22709163346613526,0.4147431124348473,0.32083556507766486,0.6378793629189514,0.00033407572383073496,0.5,0.31836257676630453,0.2888706261655644,0.6524245528882742,0.35405662582410535,0.16770842030405259,0.15497080435143412
2021-06-13 09:00:00,0.3207810320781032,-0.21912350597609564,0.41861504095308977,0.325120514193894,0.6338223554200312,0.00033407572383073496,0.5,0.31227987377856814,0.28391957633036113,0.663587746559945,0.35685403349897804,0.23916469450863453,0.16550990539704571
2021-06-13 09:10:00,0.3193863319386332,-0.2589641434262948,0.4257632166790766,0.33976075700767727,0.613759798981822,0.00033407572383073496,0.5,0.31227987377856814,0.28391957633036113,0.663587746559945,0.35685403349897804,0.23916469450863453,0.15677384311299547
2021-06-13 09:20:00,0.36192468619246865,0.29083665338645415,0.43231571109456435,0.34011783610069646,0.5980029053408541,0.00022271714922048998,0.5,0.31227987377856814,0.28391957633036113,0.663587746559945,0.35685403349897804,0.23916469450863453,0.21086500595983523
2021-06-13 09:30:00,0.3723849372384937,0.003984063745019917,0.43648548026805645,0.3454740224959829,0.6139561057962859,0.00022271714922048998,0.5,0.31227987377856814,0.28391957633036113,0.663587746559945,0.35685403349897804,0.23916469450863453,0.23256936795570105
2021-06-13 09:40:00,0.29707112970711297,0.14741035856573692,0.44035740878629914,0.363327977146938,0.6168745337713156,0.00033407572383073496,0.5,0.31227987377856814,0.28391957633036113,0.663587746559945,0.35685403349897804,0.23916469450863453,0.1306410972132112
2021-06-13 09:50:00,0.2594142259414226,0.15537848605577675,0.44363365599404303,0.372969112658454,0.6231432647131957,0.00033407572383073496,0.5,0.31227987377856814,0.28391957633036113,0.663587746559945,0.35685403349897804,0.23916469450863453,0.11839703064411486
2021-06-13 10:00:00,0.2649930264993026,0.01195219123505975,0.44839910647803394,0.3665416889841102,0.6183795526822055,0.00044543429844097997,0.5,0.43973166772451533,0.29923823371368896,0.5558558514002245,0.34776574036995883,0.34156101363344804,0.11206753474055858
2021-06-13 10:10:00,0.299860529986053,0.09163346613545809,0.4528667163067759,0.3826102481699696,0.6335213516378533,0.00033407572383073496,0.5,0.43973166772451533,0.29923823371368896,0.5558558514002245,0.34776574036995883,0.34156101363344804,0.1309353169274409
2021-06-13 10:20:00,0.2880055788005579,0.019920318725099362,0.4549516008935217,0.3904659882163899,0.6516731884152805,0.00033407572383073496,0.5,0.43973166772451533,0.29923823371368896,0.5558558514002245,0.34776574036995883,0.34156101363344804,0.13085233187983764
2021-06-13 10:30:00,0.26429567642956764,0.1633466135458166,0.46001489203276225,0.38332440635600795,0.652301370221565,0.00033407572383073496,0.5,0.43973166772451533,0.29923823371368896,0.5558558514002245,0.34776574036995883,0.34156101363344804,0.1182989574060383
2021-06-13 10:40:00,0.24616457461645744,0.2350597609561753,0.46835443037974667,0.38939475093733256,0.6508225255526036,0.00033407572383073496,0.5,0.43973166772451533,0.29923823371368896,0.5558558514002245,0.34776574036995883,0.34156101363344804,0.11157716855017578
2021-06-13 10:50:00,0.26638772663877264,0.027888446215139417,0.47580044676098265,0.3968934118907337,0.6574969572443757,0.00044543429844097997,0.5,0.43973166772451533,0.29923823371368896,0.5558558514002245,0.34776574036995883,0.34156101363344804,0.11655627140637023
2021-06-13 11:00:00,0.28103207810320785,0.06772908366533859,0.4802680565897244,0.39903588644884835,0.6477601392469671,0.00033407572383073496,0.5,0.4604470714820077,0.28389084127617953,0.5134251137871427,0.2695703393926898,0.3906500332576118,0.12342894216696593
2021-06-13 11:10:00,0.27405857740585776,-0.13147410358565736,0.4856291883842141,0.41046241742545986,0.6667888131289997,0.00044543429844097997,0.5,0.4604470714820077,0.28389084127617953,0.5134251137871427,0.2695703393926898,0.3906500332576118,0.13092777283220425
2021-06-13 11:20:00,0.2315202231520223,-0.2749003984063746,0.48801191362620977,0.41367612926263164,0.6676263888707124,0.00044543429844097997,0.5,0.4604470714820077,0.28389084127617953,0.5134251137871427,0.2695703393926898,0.3906500332576118,0.09345625179172262
2021-06-13 11:30:00,0.2412831241283124,0.15537848605577675,0.4933730454206997,0.42974468844849145,0.6772454227794428,0.00044543429844097997,0.5,0.4604470714820077,0.28389084127617953,0.5134251137871427,0.2695703393926898,0.3906500332576118,0.08535389350755164
2021-06-13 11:40:00,0.20641562064156208,-0.01195219123505975,0.4960536113179448,0.4372433494018926,0.709740744133698,0.00033407572383073496,0.5,0.4604470714820077,0.28389084127617953,0.5134251137871427,0.2695703393926898,0.3906500332576118,0.07645940522353153
2021-06-13 11:50:00,0.17573221757322177,0.01195219123505975,0.5017125837676841,0.4304588466345294,0.71085314941566,0.00022271714922048998,0.5,0.4604470714820077,0.28389084127617953,0.5134251137871427,0.2695703393926898,0.3906500332576118,0.056656155227303585
2021-06-13 12:00:00,0.20641562064156208,-0.2749003984063746,0.5052866716306774,0.44724156400642756,0.6836188506890369,0.00022271714922048998,0.5,0.48259562414136625,0.2698968698905473,0.4747761001537368,0.17346779544137897,0.4779802310324247,0.05741810884620607
2021-06-13 12:10:00,0.16945606694560672,0.2828685258964143,0.5115413253909158,0.4611676486341725,0.6909214641870935,0.3541202672605791,0.5,0.48259562414136625,0.2698968698905473,0.4747761001537368,0.17346779544137897,0.4779802310324247,0.022677550281394752
2021-06-13 12:20:00,0.2545327754532775,-0.1633466135458168,0.5303052866716305,0.48402071058739504,0.6855950059546401,0.12227171492204901,0.5,0.48259562414136625,0.2698968698905473,0.4747761001537368,0.17346779544137897,0.4779802310324247,0.050190865609487455
2021-06-13 12:30:00,0.2210599721059972,-0.15537848605577698,0.5443037974683544,0.522228173540439,0.6858698354948896,0.00111358574610245,0.5,0.48259562414136625,0.2698968698905473,0.4747761001537368,0.17346779544137897,0.4779802310324247,0.07022798255805182
2021-06-13 12:40:00,0.2301255230125523,0.05179282868525892,0.5326880119136261,0.507230851633637,0.6895473164858462,0.00044543429844097997,0.5,0.48259562414136625,0.2698968698905473,0.4747761001537368,0.17346779544137897,0.4779802310324247,0.08507476198379528
2021-06-13 12:50:00,0.15620641562064158,0.49003984063745,0.5306031273268801,0.49973219068023567,0.6804517674156862,0.00033407572383073496,0.5,0.48259562414136625,0.2698968698905473,0.4747761001537368,0.17346779544137897,0.4779802310324247,0.035427071231347224
2021-06-13 13:00:00,0.15341701534170155,0.027888446215139417,0.5371556217423676,0.507230851633637,0.6986690397979348,0.00044543429844097997,0.5,0.6056095560603729,0.2631987287612028,0.3346514393339621,0.18443957876405592,0.6544650092373746,0.02596677580457776
2021-06-13 13:10:00,0.1680613668061367,-0.1633466135458168,0.5389426656738645,0.511158721656847,0.7184829409378231,0.05367483296213809,0.5,0.6056095560603729,0.2631987287612028,0.3346514393339621,0.18443957876405592,0.6544650092373746,0.0
2021-06-13 13:20:00,0.2615062761506276,-0.3545816733067729,0.5416232315711094,0.49009105516871987,0.707764588868095,0.007683741648106904,0.5,0.6056095560603729,0.2631987287612028,0.3346514393339621,0.18443957876405592,0.6544650092373746,0.11336511912126379
2021-06-13 13:30:00,0.13598326359832635,-0.50597609561753,0.543410275502606,0.4911622924477772,0.6965489262017249,0.493652561247216,0.5,0.6056095560603729,0.2631987287612028,0.3346514393339621,0.18443957876405592,0.6544650092373746,0.0
2021-06-13 13:40:00,0.25174337517433754,-0.31474103585657376,0.5597915115413252,0.5125870380289235,0.7017183389826073,0.43195991091314034,0.5,0.6056095560603729,0.2631987287612028,0.3346514393339621,0.18443957876405592,0.6544650092373746,0.03970457323053247
2021-06-13 13:50:00,0.2545327754532775,-0.12350597609561753,0.5830230826507816,0.5529369755400819,0.7281019748465535,0.00033407572383073496,0.5,0.6056095560603729,0.2631987287612028,0.3346514393339621,0.18443957876405592,0.6544650092373746,0.09049142236371592
2021-06-13 14:00:00,0.2782426778242678,-0.3784860557768924,0.5648548026805658,0.5429387609355474,0.7063773540458834,0.00022271714922048998,0.5,0.6217568206234159,0.23244072676699182,0.3056756802341293,0.28958552821880995,0.7348203412356292,0.14528418606756494
2021-06-13 14:10:00,0.25662482566248257,0.08366533864541825,0.5606850335070734,0.5232994108194964,0.7145306304066169,0.00022271714922048998,0.5,0.6217568206234159,0.23244072676699182,0.3056756802341293,0.28958552821880995,0.7348203412356292,0.09633809617212608
2021-06-13 14:20:00,0.18619246861924685,0.12350597609561742,0.5627699180938197,0.525441885377611,0.6849668241483555,0.00022271714922048998,0.5,0.6217568206234159,0.23244072676699182,0.3056756802341293,0.28958552821880995,0.7348203412356292,0.05160161141874255
2021-06-13 14:30:00,0.12622036262203626,0.7290836653386452,0.5720029784065523,0.5300839135868596,0.7098977895852692,0.8718262806236081,0.5,0.6217568206234159,0.23244072676699182,0.3056756802341293,0.28958552821880995,0.7348203412356292,0.0
2021-06-13 14:40:00,0.17364016736401675,-0.059760956175298974,0.5931496649292627,0.5493661846098912,0.7290965960398372,0.7902004454342983,0.5,0.6217568206234159,0.23244072676699182,0.3056756802341293,0.28958552821880995,0.7348203412356292,0.0
2021-06-13 14:50:00,0.17294281729428174,-0.07569721115537853,0.6113179448994788,0.5722192465631137,0.7429035086571305,0.9265033407572384,0.5,0.6217568206234159,0.23244072676699182,0.3056756802341293,0.28958552821880995,0.7348203412356292,0.0
2021-06-13 15:00:00,0.22454672245467225,-0.0916334661354582,0.6256142963514517,0.5832886984467058,0.7415947965607046,0.0232739420935412,0.5,0.6340606419202306,0.21899272141077686,0.2952838968762765,0.35442551802680017,0.7677019618387405,0.036309730374036245
2021-06-13 15:10:00,0.19316596931659694,-0.4342629482071714,0.6345495160089349,0.6064988394929476,0.733781785345042,0.04665924276169266,0.5,0.6340606419202306,0.21899272141077686,0.2952838968762765,0.35442551802680017,0.7677019618387405,0.011301054664514086
2021-06-13 15:20:00,0.1903765690376569,0.3227091633466135,0.6160833953834697,0.5754329584002855,0.7172920129300755,0.00011135857461024499,0.5,0.6340606419202306,0.21899272141077686,0.2952838968762765,0.35442551802680017,0.7677019618387405,0.06103927455980204
2021-06-13 15:30:00,0.1617852161785216,0.4661354581673305,0.6119136262099774,0.5593643992144262,0.719844001518106,0.00011135857461024499,0.5,0.6340606419202306,0.21899272141077686,0.2952838968762765,0.35442551802680017,0.7677019618387405,0.04334082713460175
2021-06-13 15:40:00,0.09483960948396096,0.22709163346613526,0.619657483246463,0.562221031958579,0.7516064440983629,0.5589086859688196,0.5,0.6340606419202306,0.21899272141077686,0.2952838968762765,0.35442551802680017,0.7677019618387405,0.001101437904552107
2021-06-13 15:50:00,0.1394700139470014,0.4475431606905709,0.6402084884586745,0.576861274772362,0.755506406145712,0.9995545657015591,0.5,0.6340606419202306,0.21899272141077686,0.2952838968762765,0.35442551802680017,0.7677019618387405,0.0
2021-06-13 16:00:00,0.06485355648535565,0.6679946879150065,0.6556962025316453,0.5943581503302982,0.755506406145712,0.9995545657015591,0.5,0.6874207155371697,0.18863988368049991,0.24075953036671982,0.3481215053153855,0.773945853917508,0.0
2021-06-13 16:10:00,0.21687587168758715,0.8884462151394421,0.6699925539836187,0.6039992858418142,0.7449058381646622,0.9995545657015591,0.5,0.6874207155371697,0.18863988368049991,0.24075953036671982,0.3481215053153855,0.773945853917508,0.0
2021-06-13 16:20:00,0.17364016736401675,0.4641434262948205,0.6822040208488456,0.6189966077486162,0.5760950648466844,0.8998886414253898,0.5,0.6874207155371697,0.18863988368049991,0.24075953036671982,0.3481215053153855,0.773945853917508,0.0
2021-06-13 16:30:00,0.18688981868898188,0.03984063745019917,0.6822040208488456,0.6507766470273164,0.530159270262135,0.9993318485523385,0.5,0.6874207155371697,0.18863988368049991,0.24075953036671982,0.3481215053153855,0.773945853917508,0.0
2021-06-13 16:40:00,0.06694560669456066,-0.3844621513944222,0.6887565152643333,0.6707730762363864,0.4520815065893654,0.9993318485523385,0.5,0.6874207155371697,0.18863988368049991,0.24075953036671982,0.3481215053153855,0.773945853917508,0.0
2021-06-13 16:50:00,0.08716875871687588,-0.45498007968127485,0.6988830975428144,0.6871987145152652,0.446506393058591,0.9993318485523385,0.5,0.6874207155371697,0.18863988368049991,0.24075953036671982,0.3481215053153855,0.773945853917508,0.0
2021-06-13 17:00:00,0.17154811715481172,-0.5254980079681275,0.7078183172002976,0.6882699517943225,0.4310505031998011,0.9993318485523385,0.5,0.6914269218800602,0.17400512058665607,0.23495271164738268,0.3218637360871738,0.7703200700019547,0.0
2021-06-13 17:10:00,0.05160390516039052,-0.59601593625498,0.7090096798212953,0.689698268166399,0.3943280417740901,0.9993318485523385,0.5,0.6914269218800602,0.17400512058665607,0.23495271164738268,0.3218637360871738,0.7703200700019547,0.0
2021-06-13 17:20:00,0.13458856345885634,-0.6665338645418326,0.7164556962025315,0.6850562399571505,0.3943280417740901,0.9993318485523385,0.5,0.6914269218800602,0.17400512058665607,0.23495271164738268,0.3218637360871738,0.7703200700019547,0.0
2021-06-13 17:30:00,0.07670850767085077,-0.7370517928286853,0.7194341027550257,0.6722013926084627,0.3943280417740901,0.9993318485523385,0.5,0.6914269218800602,0.17400512058665607,0.23495271164738268,0.3218637360871738,0.7703200700019547,0.0
2021-06-13 17:40:00,0.06694560669456066,-0.7191235059760956,0.7167535368577809,0.6625602570969469,0.3943280417740901,0.9993318485523385,0.5,0.6914269218800602,0.17400512058665607,0.23495271164738268,0.3218637360871738,0.7703200700019547,0.0
2021-06-13 17:50:00,0.10460251046025104,-0.701195219123506,0.721518987341772,0.6582753079807178,0.3943280417740901,0.9993318485523385,0.5,0.6914269218800602,0.17400512058665607,0.23495271164738268,0.3218637360871738,0.7703200700019547,0.0
2021-06-13 18:00:00,0.11297071129707113,-0.6832669322709164,0.7230081906180192,0.6500624888412785,0.3943280417740901,0.9993318485523385,0.5,0.6500694911619316,0.14358331872634578,0.2831085996842075,0.37626167983996,0.6666501853435689,0.0
2021-06-13 18:10:00,0.14644351464435149,-0.6653386454183268,0.7206254653760236,0.641849669701839,0.3943280417740901,0.9993318485523385,0.5,0.6500694911619316,0.14358331872634578,0.2831085996842075,0.37626167983996,0.6666501853435689,0.0
2021-06-13 18:20:00,0.0808926080892608,-0.6474103585657371,0.7152643335815336,0.6361364042135333,0.3943280417740901,0.9993318485523385,0.5,0.6500694911619316,0.14358331872634578,0.2831085996842075,0.37626167983996,0.6666501853435689,0.0
2021-06-13 18:30:00,0.2112970711297071,-0.6294820717131474,0.7188384214445271,0.6322085341903232,0.35025061836646554,0.8160356347438753,0.5,0.6500694911619316,0.14358331872634578,0.2831085996842075,0.37626167983996,0.6666501853435689,0.0
2021-06-13 18:40:00,0.05788005578800558,-0.6115537848605578,0.7221146686522708,0.6389930369576862,0.282328460561961,0.9132516703786192,0.5,0.6500694911619316,0.14358331872634578,0.2831085996842075,0.37626167983996,0.6666501853435689,0.0
2021-06-13 18:50:00,0.12552301255230125,-0.5936254980079682,0.7271779597915116,0.6375647205856096,0.282328460561961,0.9993318485523385,0.5,0.6500694911619316,0.14358331872634578,0.2831085996842075,0.37626167983996,0.6666501853435689,0.0
2021-06-13 19:00:00,0.11366806136680613,-0.20053120849933603,0.7292628443782574,0.6361364042135333,0.282328460561961,0.9993318485523385,0.5,0.6506394954611445,0.164775421184055,0.27702963785563917,0.43947503792966847,0.6711407996841539,0.0
2021-06-13 19:10:00,0.14714086471408647,0.1925630810092962,0.7304542069992552,0.6293519014461701,0.282328460561961,0.9993318485523385,0.5,0.6506394954611445,0.164775421184055,0.27702963785563917,0.43947503792966847,0.6711407996841539,0.0
2021-06-13 19:20:00,0.21687587168758715,0.585657370517928,0.729560685033507,0.6257811105159794,0.3027836306290979,0.4128062360801782,0.5,0.6506394954611445,0.164775421184055,0.27702963785563917,0.43947503792966847,0.6711407996841539,0.009332045807746277
2021-06-13 19:30:00,0.2691771269177127,-0.21115537848605592,0.7352196574832464,0.6379217996786288,0.2950360550182565,0.03396436525612472,0.5,0.6506394954611445,0.164775421184055,0.27702963785563917,0.43947503792966847,0.6711407996841539,0.0666520814158758
2021-06-13 19:40:00,0.2503486750348675,-0.26693227091633476,0.7367088607594934,0.6475629351901446,0.29587363075996914,0.00022271714922048998,0.5,0.6506394954611445,0.164775421184055,0.27702963785563917,0.43947503792966847,0.6711407996841539,0.09390889750592211
2021-06-13 19:50:00,0.17364016736401675,0.11553784860557759,0.7271779597915116,0.6564899125156223,0.26706887751763486,0.00044543429844097997,0.5,0.6506394954611445,0.164775421184055,0.27702963785563917,0.43947503792966847,0.6711407996841539,0.04731656532432065
2021-06-13 20:00:00,0.2594142259414226,0.3545816733067728,0.692628443782576,0.6236386359578647,0.28912067634241145,0.0023385300668151447,0.5,0.6508756353346632,0.15905714540224766,0.2694840706877143,0.4260827312115526,0.710769895989418,0.10901217616971197
2021-06-13 20:10:00,0.20571827057182707,-0.1633466135458168,0.6711839166046163,0.5943581503302982,0.2703275706377354,0.00033407572383073496,0.5,0.6508756353346632,0.15905714540224766,0.2694840706877143,0.4260827312115526,0.710769895989418,0.06388339846402222
2021-06-13 20:20:00,0.24686192468619247,0.4262948207171313,0.658078927773641,0.5861453311908589,0.2803523052963579,0.0024498886414253897,0.5,0.6508756353346632,0.15905714540224766,0.2694840706877143,0.4260827312115526,0.710769895989418,0.0976356805528313
2021-06-13 20:30:00,0.14853556485355648,-0.4820717131474104,0.6485480268056589,0.5775754329584004,0.2879166612136996,0.00044543429844097997,0.5,0.6508756353346632,0.15905714540224766,0.2694840706877143,0.4260827312115526,0.710769895989418,0.03788644627849782
2021-06-13 20:40:00,0.2719665271966527,-0.14741035856573714,0.6422933730454206,0.5729334047491519,0.2940283467040086,0.00033407572383073496,0.5,0.6508756353346632,0.15905714540224766,0.2694840706877143,0.4260827312115526,0.710769895989418,0.10953271874104138
2021-06-13 20:50:00,0.2412831241283124,0.1633466135458166,0.6348473566641846,0.5650776647027316,0.2892253733101255,0.00022271714922048998,0.5,0.6508756353346632,0.15905714540224766,0.2694840706877143,0.4260827312115526,0.710769895989418,0.09297342969657649
2021-06-13 21:00:00,0.18549511854951187,-0.043824701195219196,0.6288905435591956,0.5647205856097126,0.29930245645260495,0.00033407572383073496,0.5,0.6646533296555992,0.1711977057932743,0.24774749583320493,0.368063056737615,0.7601539341498478,0.05537365903707169
2021-06-13 21:10:00,0.18131101813110181,0.15537848605577675,0.6241250930752047,0.5629351901446169,0.2963055057517897,0.00033407572383073496,0.5,0.6646533296555992,0.1711977057932743,0.24774749583320493,0.368063056737615,0.7601539341498478,0.050379467990403916
2021-06-13 21:20:00,0.13598326359832635,-0.043824701195219196,0.6169769173492181,0.5575790037493304,0.3031762442580257,0.00033407572383073496,0.5,0.6646533296555992,0.1711977057932743,0.24774749583320493,0.368063056737615,0.7601539341498478,0.023975134662099974
2021-06-13 21:30:00,0.10669456066945607,0.41035856573705165,0.6128071481757258,0.5722192465631137,0.29626624438889687,0.00033407572383073496,0.5,0.6646533296555992,0.1711977057932743,0.24774749583320493,0.368063056737615,0.7601539341498478,0.005959835236960032
2021-06-13 21:40:00,0.09902370990237098,-1.0,0.6083395383469843,0.5636493483306553,0.29626624438889687,0.40723830734966593,0.5,0.6646533296555992,0.1711977057932743,0.24774749583320493,0.368063056737615,0.7601539341498478,0.0
2021-06-13 21:50:00,0.15760111576011157,-0.5803452855245684,0.6157855547282203,0.5450812354936618,0.29626624438889687,0.9992204899777284,0.5,0.6646533296555992,0.1711977057932743,0.24774749583320493,0.368063056737615,0.7601539341498478,0.0
2021-06-13 22:00:00,0.21408647140864714,-0.16069057104913687,0.6241250930752047,0.5504374218889485,0.2722644645404458,0.9654788418708241,0.5,0.5587881888705408,0.17579818796748195,0.30507039642221856,0.26276744570103094,0.7701170592961489,0.0
2021-06-13 22:10:00,0.2594142259414226,0.2589641434262948,0.6244229337304541,0.5672201392608462,0.2051275339937967,0.010690423162583519,0.5,0.5587881888705408,0.17579818796748195,0.30507039642221856,0.26276744570103094,0.7701170592961489,0.0923925343633538
2021-06-13 22:20:00,0.29497907949790797,0.298804780876494,0.6020848845867459,0.5629351901446169,0.2074046930415778,0.00033407572383073496,0.5,0.5587881888705408,0.17579818796748195,0.30507039642221856,0.26276744570103094,0.7701170592961489,0.1290719254039863
2021-06-13 22:30:00,0.299860529986053,0.5139442231075697,0.5770662695457927,0.5100874843777896,0.2074046930415778,0.00033407572383073496,0.5,0.5587881888705408,0.17579818796748195,0.30507039642221856,0.26276744570103094,0.7701170592961489,0.1292378954991928
2021-06-13 22:40:00,0.2649930264993026,0.29083665338645415,0.5645569620253164,0.4868773433315481,0.214589522450956,0.00033407572383073496,0.5,0.5587881888705408,0.17579818796748195,0.30507039642221856,0.26276744570103094,0.7701170592961489,0.10598699397981201
2021-06-13 22:50:00,0.2210599721059972,-0.2749003984063746,0.5571109456440804,0.4811640778432422,0.2188559238853045,0.00022271714922048998,0.5,0.5587881888705408,0.17579818796748195,0.30507039642221856,0.26276744570103094,0.7701170592961489,0.07372089865262459
2021-06-13 23:00:00,0.25313807531380755,-0.043824701195219196,0.5496649292628444,0.48044991965720407,0.20745704152543482,0.00044543429844097997,0.5,0.48735917908707926,0.17663150453870285,0.35617623460207065,0.21214845236904717,0.78138627071328,0.11037765740754711
2021-06-13 23:10:00,0.2733612273361227,-0.42629482071713154,0.543410275502606,0.46938046777361175,0.20287654918794415,0.00033407572383073496,0.5,0.48735917908707926,0.17663150453870285,0.35617623460207065,0.21214845236904717,0.78138627071328,0.11993602607239313
2021-06-13 23:20:00,0.3263598326359832,-0.059760956175298974,0.5386448250186149,0.46509551865738263,0.1935192576984989,0.00022271714922048998,0.5,0.48735917908707926,0.17663150453870285,0.35617623460207065,0.21214845236904717,0.78138627071328,0.16545709673038914
2021-06-13 23:30:00,0.3507670850767085,0.019920318725099362,0.5380491437081161,0.45474022495982847,0.1935192576984989,0.00022271714922048998,0.5,0.48735917908707926,0.17663150453870285,0.35617623460207065,0.21214845236904717,0.78138627071328,0.2019252531043952
2021-06-13 23:40:00,0.41352859135285913,0.03585657370517925,0.5326880119136261,0.4483128012854847,0.1935192576984989,0.00033407572383073496,0.5,0.48735917908707926,0.17663150453870285,0.35617623460207065,0.21214845236904717,0.78138627071328,0.28956500746865427
2021-06-13 23:50:00,0.4595536959553696,-0.15537848605577698,0.5270290394638866,0.4433136939832174,0.1935192576984989,0.00044543429844097997,0.5,0.48735917908707926,0.17663150453870285,0.35617623460207065,0.21214845236904717,0.78138627071328,0.36880818383451275
2021-06-14 00:00:00,0.4121338912133891,-0.3067729083665339,0.5261355174981384,0.4461703267273702,0.1935192576984989,0.00033407572383073496,0.5,0.48012832934708327,0.1679707592088677,0.36095902927339185,0.16945858461054703,0.7973429592611201,0.2839899210887638
2021-06-14 00:10:00,0.402370990237099,-0.03585657370517936,0.5255398361876396,0.44724156400642756,0.1935192576984989,0.00033407572383073496,0.5,0.48012832934708327,0.1679707592088677,0.36095902927339185,0.16945858461054703,0.7973429592611201,0.29043257842087
2021-06-14 00:20:00,0.46373779637377965,-0.19521912350597614,0.5180938198064033,0.4461703267273702,0.18972399261886377,0.00044543429844097997,0.5,0.48012832934708327,0.1679707592088677,0.36095902927339185,0.16945858461054703,0.7973429592611201,0.3522941593614678
2021-06-14 00:30:00,0.49372384937238495,0.25099601593625476,0.5106478034251674,0.44117121942510273,0.1822643336692361,0.0006681514476614699,0.5,0.48012832934708327,0.1679707592088677,0.36095902927339185,0.16945858461054703,0.7973429592611201,0.42414412239540117
2021-06-14 00:40:00,0.5160390516039052,0.36254980079681287,0.5055845122859268,0.4318871630066061,0.1822643336692361,0.0006681514476614699,0.5,0.48012832934708327,0.1679707592088677,0.36095902927339185,0.16945858461054703,0.7973429592611201,0.4904340872399173
2021-06-14 00:50:00,0.5146443514644351,-0.06772908366533881,0.5026061057334326,0.4333154793786824,0.18753844341783252,0.0008908685968819599,0.5,0.48012832934708327,0.1679707592088677,0.36095902927339185,0.16945858461054703,0.7973429592611201,0.47266019886235044
2021-06-14 01:00:00,0.4560669456066946,-0.31474103585657376,0.49813849590469084,0.4365291912158542,0.1822643336692361,0.00044543429844097997,0.5,0.4350250465025449,0.16696790581798612,0.3659428243306085,0.13136253363104086,0.8560560322407936,0.37793653907086927
2021-06-14 01:10:00,0.47419804741980476,-0.24302788844621515,0.49635145197319397,0.4365291912158542,0.1822643336692361,0.0006681514476614699,0.5,0.4350250465025449,0.16696790581798612,0.3659428243306085,0.13136253363104086,0.8560560322407936,0.4187199179202438
2021-06-14 01:20:00,0.4295676429567643,-0.33864541832669326,0.49635145197319397,0.43902874486698806,0.17895329206527857,0.00044543429844097997,0.5,0.4350250465025449,0.16696790581798612,0.3659428243306085,0.13136253363104086,0.8560560322407936,0.33706263107865475
2021-06-14 01:30:00,0.5118549511854951,-0.40239043824701204,0.4933730454206997,0.4397429030530262,0.17099632251900904,0.000779510022271715,0.5,0.4350250465025449,0.16696790581798612,0.3659428243306085,0.13136253363104086,0.8560560322407936,0.46110264495979003
2021-06-14 01:40:00,0.4246861924686192,-0.03585657370517936,0.4886075949367086,0.4365291912158542,0.16174372799727788,0.00033407572383073496,0.5,0.4350250465025449,0.16696790581798612,0.3659428243306085,0.13136253363104086,0.8560560322407936,0.30471355070386413
2021-06-14 01:50:00,0.4386331938633194,0.06772908366533859,0.48652271034996253,0.42938760935547227,0.15976757273167477,0.00044543429844097997,0.5,0.4350250465025449,0.16696790581798612,0.3659428243306085,0.13136253363104086,0.8560560322407936,0.3281455105089247
2021-06-14 02:00:00,0.3716875871687587,-0.3227091633466136,0.481459419210722,0.42760221389037656,0.15391762966065098,0.00022271714922048998,0.5,0.42781871128331694,0.1546894171668969,0.39042061328071054,0.15909170385625732,0.9911682733452599,0.23296920500324397
2021-06-14 02:10:00,0.36262203626220363,0.01195219123505975,0.47550260610573325,0.43474379575075894,0.16211016738427714,0.00022271714922048998,0.5,0.42781871128331694,0.1546894171668969,0.39042061328071054,0.15909170385625732,0.9911682733452599,0.22006125805332166
2021-06-14 02:20:00,0.3884239888423989,-0.03585657370517936,0.4731198808637376,0.42046063202999484,0.16322257266623916,0.00022271714922048998,0.5,0.42781871128331694,0.1546894171668969,0.39042061328071054,0.15909170385625732,0.9911682733452599,0.25436425909440685
2021-06-14 02:30:00,0.397489539748954,-0.20318725099601598,0.47103499627699175,0.4172469201928226,0.15537030008768374,0.00022271714922048998,0.5,0.42781871128331694,0.1546894171668969,0.39042061328071054,0.15909170385625732,0.9911682733452599,0.27003334490094605
2021-06-14 02:40:00,0.394700139470014,-0.07569721115537853,0.4653760238272524,0.4111765756114978,0.15200690999986913,0.00033407572383073496,0.5,0.42781871128331694,0.1546894171668969,0.39042061328071054,0.15909170385625732,0.9911682733452599,0.262330823664318
2021-06-14 02:50:00,0.39051603905160387,0.21912350597609564,0.46031273268801187,0.4033208355650777,0.15437567889440004,0.00022271714922048998,0.5,0.42781871128331694,0.1546894171668969,0.39042061328071054,0.15909170385625732,0.9911682733452599,0.25453777328484994
2021-06-14 03:00:00,0.39539748953974896,-0.33067729083665354,0.4558451228592699,0.3997500446348867,0.16005548939288847,0.00033407572383073496,0.5,0.4302126959869228,0.1568071906599575,0.4024588244051752,0.25253333829401414,0.06699639416284058,0.2692789353772802
2021-06-14 03:10:00,0.41283124128312415,0.19521912350597592,0.45316455696202507,0.39760757007677205,0.15209851984661896,0.000779510022271715,0.5,0.4302126959869228,0.1568071906599575,0.4024588244051752,0.25253333829401414,0.06699639416284058,0.3038308915611751
2021-06-14 03:20:00,0.4337517433751743,-0.10756972111553798,0.4516753536857778,0.3915372254954472,0.15209851984661896,0.0044543429844098,0.5,0.4302126959869228,0.1568071906599575,0.4024588244051752,0.25253333829401414,0.06699639416284058,0.31730464565384675
2021-06-14 03:30:00,0.45676429567642957,-0.3545816733067729,0.44780342516753513,0.3872522763792181,0.1501354517019801,0.002561247216035635,0.5,0.4302126959869228,0.1568071906599575,0.4024588244051752,0.25253333829401414,0.06699639416284058,0.3558247959322239
2021-06-14 03:40:00,0.5195258019525802,0.019920318725099362,0.44393149664929243,0.3826102481699696,0.14086977005928467,0.0017817371937639199,0.5,0.4302126959869228,0.1568071906599575,0.4024588244051752,0.25253333829401414,0.06699639416284058,0.48803506495466
2021-06-14 03:50:00,0.5829846582984658,0.11553784860557759,0.4427401340282946,0.3758257454026068,0.1408305086963919,0.0010022271714922048,0.5,0.4302126959869228,0.1568071906599575,0.4024588244051752,0.25253333829401414,0.06699639416284058,0.6179217526442055
2021-06-14 04:00:00,0.5892608089260809,0.17928286852589648,0.4430379746835442,0.37546866630958764,0.1408305086963919,0.0006681514476614699,0.5,0.3565280834681075,0.1527095719338989,0.4650872474829616,0.34510079865479215,0.10222297235531069,0.6710472713007529
2021-06-14 04:10:00,0.7161785216178521,0.05976095617529875,0.4469099032017869,0.37689698268166416,0.1408305086963919,0.0026726057906458797,0.5,0.3565280834681075,0.1527095719338989,0.4650872474829616,0.34510079865479215,0.10222297235531069,0.9401451483923534
2021-06-14 04:20:00,0.7587168758716877,-0.23505976095617542,0.4516753536857778,0.3840385645420461,0.1408305086963919,0.04855233853006682,0.5,0.3565280834681075,0.1527095719338989,0.4650872474829616,0.34510079865479215,0.10222297235531069,0.8606002082170285
2021-06-14 04:30:00,0.7670850767085077,-0.24302788844621515,0.44810126582278453,0.3915372254954472,0.1408305086963919,0.09465478841870824,0.5,0.3565280834681075,0.1527095719338989,0.4650872474829616,0.34510079865479215,0.10222297235531069,0.5915475956968481
2021-06-14 04:40:00,0.7803347280334728,0.03585657370517925,0.4501861504095308,0.3936797000535619,0.1408305086963919,0.10434298440979956,0.5,0.3565280834681075,0.1527095719338989,0.4650872474829616,0.34510079865479215,0.10222297235531069,0.5520844335138887
2021-06-14 04:50:00,0.7433751743375174,0.13147410358565725,0.4516753536857778,0.3936797000535619,0.1408305086963919,0.08819599109131403,0.5,0.3565280834681075,0.1527095719338989,0.4650872474829616,0.34510079865479215,0.10222297235531069,0.5930413265537064
2021-06-14 05:00:00,0.7231520223152021,-0.05179282868525903,0.449590469099032,0.39475093733261923,0.1408305086963919,0.0690423162583519,0.5,0.3600702482770628,0.15583881933409469,0.4681539934338183,0.45065089947432485,0.10958115463092169,0.6705569051103701
2021-06-14 05:10:00,0.7308228730822873,-0.21912350597609564,0.44452717795979146,0.3983217282628102,0.1408305086963919,0.06859688195991091,0.5,0.3600702482770628,0.15583881933409469,0.4681539934338183,0.45065089947432485,0.10958115463092169,0.690495948820858
2021-06-14 05:20:00,0.7475592747559275,-0.24302788844621515,0.44095309009679795,0.3986788073558294,0.1408305086963919,0.0631403118040089,0.5,0.3600702482770628,0.15583881933409469,0.4681539934338183,0.45065089947432485,0.10958115463092169,0.7395627442400834
2021-06-14 05:30:00,0.7377963737796374,-0.1872509960159363,0.43678332092330585,0.4004642028209249,0.13437855806101218,0.06692650334075724,0.5,0.3600702482770628,0.15583881933409469,0.4681539934338183,0.45065089947432485,0.10958115463092169,0.696342622629268
2021-06-14 05:40:00,0.7196652719665272,-0.09960159362549814,0.4346984363365598,0.3986788073558294,0.13093664524741203,0.06625835189309577,0.5,0.3600702482770628,0.15583881933409469,0.4681539934338183,0.45065089947432485,0.10958115463092169,0.688376058059357
2021-06-14 05:50:00,0.7343096234309623,-0.0916334661354582,0.43261355174981353,0.40403499375111585,0.13093664524741203,0.07171492204899778,0.5,0.3600702482770628,0.15583881933409469,0.4681539934338183,0.45065089947432485,0.10958115463092169,0.6954146989151591
2021-06-14 06:00:00,0.7280334728033473,0.2589641434262948,0.434102755026061,0.397964649169791,0.13093664524741203,0.07550111358574611,0.5,0.3818360408815489,0.17168332820891605,0.44020733094694514,0.5765906233396874,0.12074045493138338,0.6587805724459466
2021-06-14 06:10:00,0.802649930264993,0.25099601593625476,0.4344005956813102,0.39475093733261923,0.13488895577861826,0.08886414253897551,0.5,0.3818360408815489,0.17168332820891605,0.44020733094694514,0.5765906233396874,0.12074045493138338,0.6830272945365663
2021-06-14 06:20:00,0.7838214783821479,-0.4661354581673308,0.4311243484735665,0.3954650955186574,0.1408305086963919,0.08418708240534521,0.5,0.3818360408815489,0.17168332820891605,0.44020733094694514,0.5765906233396874,0.12074045493138338,0.6520889599710307
2021-06-14 06:30:00,0.7119944211994422,-0.4581673306772909,0.42457185405807873,0.4001071237279059,0.1408305086963919,0.05111358574610245,0.5,0.3818360408815489,0.17168332820891605,0.44020733094694514,0.5765906233396874,0.12074045493138338,0.7231467930051149
2021-06-14 06:40:00,0.7517433751743374,-0.1633466135458168,0.4257632166790766,0.40403499375111585,0.1408305086963919,0.06492204899777283,0.5,0.3818360408815489,0.17168332820891605,0.44020733094694514,0.5765906233396874,0.12074045493138338,0.761025695188376
2021-06-14 06:50:00,0.7496513249651325,-0.21115537848605592,0.426061057334326,0.404749151937154,0.1408305086963919,0.05189309576837417,0.5,0.3818360408815489,0.17168332820891605,0.44020733094694514,0.5765906233396874,0.12074045493138338,0.8597326372648127
2021-06-14 07:00:00,0.7364016736401674,-0.019920318725099695,0.42874162323157106,0.40760578468130704,0.1408305086963919,0.009354120267260579,0.5,0.38559806925635587,0.18150496972761915,0.37759805680182135,0.6793107514838791,0.12120080113212768,0.9883594610498363
2021-06-14 07:10:00,0.7064156206415622,0.03585657370517925,0.4338049143708116,0.4093911801464025,0.1408305086963919,0.0026726057906458797,0.5,0.38559806925635587,0.18150496972761915,0.37759805680182135,0.6793107514838791,0.12120080113212768,0.9635997404831239
2021-06-14 07:20:00,0.6541143654114366,0.2111553784860556,0.434102755026061,0.4176039992858418,0.1408305086963919,0.0012249443207126948,0.5,0.38559806925635587,0.18150496972761915,0.37759805680182135,0.6793107514838791,0.12120080113212768,0.8433845828869744
2021-06-14 07:30:00,0.6799163179916318,0.24302788844621515,0.434102755026061,0.4251026602392429,0.144926777558205,0.0014476614699331849,0.5,0.38559806925635587,0.18150496972761915,0.37759805680182135,0.6793107514838791,0.12120080113212768,0.9133711543974532
2021-06-14 07:40:00,0.6959553695955369,-0.08366533864541836,0.434102755026061,0.42831637207641493,0.15072437214537177,0.00311804008908686,0.5,0.38559806925635587,0.18150496972761915,0.37759805680182135,0.6793107514838791,0.12120080113212768,0.9378291111546994
2021-06-14 07:50:00,0.705020920502092,0.01195219123505975,0.43559195830230824,0.43545795393679687,0.15503003494261297,0.010801781737193764,0.5,0.38559806925635587,0.18150496972761915,0.37759805680182135,0.6793107514838791,0.12120080113212768,0.93719540715482
2021-06-14 08:00:00,0.6645746164574616,0.33864541832669315,0.43708116157855526,0.4397429030530262,0.15175825470154822,0.009910913140311804,0.5,0.3818279027277156,0.1728241098598602,0.34559980988026595,0.7219463382143916,0.13613421086496777,0.8728367306908883
2021-06-14 08:10:00,0.705718270571827,-0.3067729083665339,0.44035740878629914,0.4483128012854847,0.16069675832013716,0.010467706013363028,0.5,0.3818279027277156,0.1728241098598602,0.34559980988026595,0.7219463382143916,0.13613421086496777,0.9223335395386031
2021-06-14 08:20:00,0.7322175732217573,-0.23505976095617542,0.44512285927029005,0.4565256204249242,0.16069675832013716,0.006347438752783964,0.5,0.3818279027277156,0.1728241098598602,0.34559980988026595,0.7219463382143916,0.13613421086496777,0.9416841438206316
2021-06-14 08:30:00,0.701534170153417,0.17131474103585642,0.45316455696202507,0.46009641135511514,0.16069675832013716,0.004231625835189309,0.5,0.3818279027277156,0.1728241098598602,0.34559980988026595,0.7219463382143916,0.13613421086496777,0.9610347481026601
2021-06-14 08:40:00,0.6861924686192469,0.019920318725099362,0.4612062546537601,0.4683092304945544,0.16069675832013716,0.004342984409799555,0.5,0.3818279027277156,0.1728241098598602,0.34559980988026595,0.7219463382143916,0.13613421086496777,0.9012477933521433
2021-06-14 08:50:00,0.7398884239888424,-0.08366533864541836,0.4665673864482498,0.47759328691305103,0.16069675832013716,0.005902004454342985,0.5,0.3818279027277156,0.1728241098598602,0.34559980988026595,0.7219463382143916,0.13613421086496777,0.8972129848967213
2021-06-14 09:00:00,0.7712691771269178,0.07569721115537842,0.474013402829486,0.4825923942153185,0.16648126578633968,0.017706013363028954,0.5,0.386909045791457,0.16920349303318546,0.35874460104720574,0.743286268004869,0.16483293413150008,0.8931781764412995
2021-06-14 09:10:00,0.7322175732217573,-0.29083665338645437,0.47967237527922557,0.4911622924477772,0.17059062176911705,0.011247216035634744,0.5,0.386909045791457,0.16920349303318546,0.35874460104720574,0.743286268004869,0.16483293413150008,0.8891432925449251
2021-06-14 09:20:00,0.7308228730822873,-0.05179282868525903,0.48801191362620977,0.5050883770755221,0.17059062176911705,0.004788418708240535,0.5,0.386909045791457,0.16920349303318546,0.35874460104720574,0.743286268004869,0.16483293413150008,0.8851084840895032
2021-06-14 09:30:00,0.7587168758716877,0.11553784860557759,0.49813849590469084,0.5225852526334585,0.17791940950910212,0.014142538975501114,0.5,0.386909045791457,0.16920349303318546,0.35874460104720574,0.743286268004869,0.16483293413150008,0.8810736756340812
2021-06-14 09:40:00,0.691771269177127,0.09960159362549792,0.5067758749069247,0.54186752365649,0.1839918336365183,0.0034521158129175947,0.5,0.386909045791457,0.16920349303318546,0.35874460104720574,0.743286268004869,0.16483293413150008,0.8770387917377069
2021-06-14 09:50:00,0.7719665271966527,-0.08366533864541836,0.5142218912881606,0.555793608284235,0.18948842444150713,0.016258351893095768,0.5,0.386909045791457,0.16920349303318546,0.35874460104720574,0.743286268004869,0.16483293413150008,0.8385110973640931
2021-06-14 10:00:00,0.7663877266387726,-0.019920318725099695,0.5201787043931496,0.5615068737725406,0.18834984491761658,0.06325167037861915,0.5,0.5340258212948137,0.1756257776424048,0.22908882657242857,0.7104792902357867,0.19620124994386604,0.7999834029904794
2021-06-14 10:10:00,0.8340306834030684,0.10756972111553775,0.5288160833953832,0.5618639528655596,0.18496028058787348,0.0757238307349666,0.5,0.5340258212948137,0.1756257776424048,0.22908882657242857,0.7104792902357867,0.19620124994386604,0.8635952140259819
2021-06-14 10:20:00,0.8270571827057183,-0.15537848605577698,0.5332836932241249,0.5604356364934833,0.18997264791718468,0.07338530066815145,0.5,0.5340258212948137,0.1756257776424048,0.22908882657242857,0.7104792902357867,0.19620124994386604,0.863549949454562
2021-06-14 10:30:00,0.7670850767085077,0.10756972111553775,0.53596425912137,0.5665059810748081,0.18646529949876328,0.04955456570155902,0.5,0.5340258212948137,0.1756257776424048,0.22908882657242857,0.7104792902357867,0.19620124994386604,0.8525582026947508
2021-06-14 10:40:00,0.7273361227336123,-0.13147410358565736,0.542814594192107,0.5743617211212282,0.1998534242452003,0.038084632516703784,0.5,0.5340258212948137,0.1756257776424048,0.22908882657242857,0.7104792902357867,0.19620124994386604,0.8382545981260469
2021-06-14 10:50:00,0.6708507670850766,-0.12350597609561753,0.5481757259865969,0.5911444384931261,0.19613668189135072,0.008574610244988864,0.5,0.5340258212948137,0.1756257776424048,0.22908882657242857,0.7104792902357867,0.19620124994386604,0.8442747861249
2021-06-14 11:00:00,0.694560669456067,-0.059760956175298974,0.5556217423678329,0.6022138903767185,0.18493410634594495,0.010356347438752784,0.5,0.5494809425449674,0.1772320671710627,0.27226954291244104,0.6518833454412362,0.2252911759917095,0.8766766751663473
2021-06-14 11:10:00,0.693863319386332,0.20318725099601576,0.5600893521965746,0.6100696304231386,0.1889518524819725,0.006124721603563475,0.5,0.5494809425449674,0.1772320671710627,0.27226954291244104,0.6518833454412362,0.2252911759917095,0.8540293012658992
2021-06-14 11:20:00,0.7322175732217573,-0.003984063745020028,0.5693224125093073,0.6154258168184252,0.19677795081859942,0.008351893095768375,0.5,0.5494809425449674,0.1772320671710627,0.27226954291244104,0.6518833454412362,0.2252911759917095,0.9250946783952201
2021-06-14 11:30:00,0.7029288702928871,-0.11553784860557781,0.5734921816827996,0.6179253704695589,0.20688120820300743,0.0010022271714922048,0.5,0.5494809425449674,0.1772320671710627,0.27226954291244104,0.6518833454412362,0.2252911759917095,0.8559756778369572
2021-06-14 11:40:00,0.599721059972106,0.09960159362549792,0.5752792256142962,0.6264952687020175,0.19104579183625398,0.00044543429844097997,0.5,0.5494809425449674,0.1772320671710627,0.27226954291244104,0.6518833454412362,0.2252911759917095,0.6565550643511323
2021-06-14 11:50:00,0.6820083682008368,-0.01195219123505975,0.5830230826507816,0.6407784324227817,0.20566410595333134,0.032628062360801784,0.5,0.5494809425449674,0.1772320671710627,0.27226954291244104,0.6518833454412362,0.2252911759917095,0.7445267589058044
2021-06-14 12:00:00,0.6548117154811716,0.05179282868525892,0.5842144452717795,0.6407784324227817,0.20061247726112735,0.05189309576837417,0.5,0.5528927968333244,0.17993316226397582,0.2834128267667078,0.5729032924954383,0.2539650108283301,0.5651432623685442
2021-06-14 12:10:00,0.696652719665272,-0.13147410358565736,0.5854058078927771,0.6382788787716478,0.1939118713274267,0.06503340757238307,0.5,0.5528927968333244,0.17993316226397582,0.2834128267667078,0.5729032924954383,0.2539650108283301,0.6373402537833638
2021-06-14 12:20:00,0.605997210599721,0.019920318725099362,0.5857036485480267,0.6364934833065523,0.19236759105364412,0.06514476614699331,0.5,0.5528927968333244,0.17993316226397582,0.2834128267667078,0.5729032924954383,0.2539650108283301,0.45297765438990906
2021-06-14 12:30:00,0.6799163179916318,-0.003984063745020028,0.5874906924795233,0.6375647205856096,0.2103362081375718,0.09677060133630289,0.5,0.5528927968333244,0.17993316226397582,0.2834128267667078,0.5729032924954383,0.2539650108283301,0.42857250629931953
2021-06-14 12:40:00,0.6666666666666667,0.05976095617529875,0.5860014892032761,0.6247098732369221,0.19425213647249742,0.09510022271714921,0.5,0.5528927968333244,0.17993316226397582,0.2834128267667078,0.5729032924954383,0.2539650108283301,0.40726043725575994
2021-06-14 12:50:00,0.5836820083682008,-0.12350597609561753,0.5877885331347725,0.6093554722371006,0.20486579157451154,0.07605790645879733,0.5,0.5528927968333244,0.17993316226397582,0.2834128267667078,0.5729032924954383,0.2539650108283301,0.34907283069541467
2021-06-14 13:00:00,0.6150627615062761,0.05976095617529875,0.5889798957557706,0.6061417603999286,0.21328081035453011,0.0834075723830735,0.5,0.6347283707716203,0.1799360357693965,0.23671289168285767,0.5138077072925372,0.2758433097955433,0.36078126650270836
2021-06-14 13:10:00,0.604602510460251,-0.10756972111553798,0.58927773641102,0.5990001785395467,0.20923688997657405,0.07271714922048998,0.5,0.6347283707716203,0.1799360357693965,0.23671289168285767,0.5138077072925372,0.2758433097955433,0.3830212592603769
2021-06-14 13:20:00,0.5774058577405857,-0.02788844621513953,0.5946388682055099,0.5965006248884128,0.2084647498396828,0.08953229398663697,0.5,0.6347283707716203,0.1799360357693965,0.23671289168285767,0.5138077072925372,0.2758433097955433,0.3038686120373584
2021-06-14 13:30:00,0.6680613668061367,0.07569721115537842,0.6023827252419953,0.597214783074451,0.21605527999895302,0.10857461024498886,0.5,0.6347283707716203,0.1799360357693965,0.23671289168285767,0.5138077072925372,0.2758433097955433,0.3429998340299048
2021-06-14 13:40:00,0.6227336122733612,-0.08366533864541836,0.6062546537602382,0.5907873594001072,0.21397442776563583,0.08173719376391982,0.5,0.6347283707716203,0.1799360357693965,0.23671289168285767,0.5138077072925372,0.2758433097955433,0.36888362478687936
2021-06-14 13:50:00,0.6241283124128312,0.09163346613545809,0.6071481757259864,0.5861453311908589,0.21337242020127994,0.09665924276169265,0.5,0.6347283707716203,0.1799360357693965,0.23671289168285767,0.5138077072925372,0.2758433097955433,0.3223969099385911
2021-06-14 14:00:00,0.44002789400278935,0.09163346613545809,0.6086373790022337,0.5865024102838778,0.19755009095549073,0.00824053452115813,0.5,0.6286293581231281,0.1551003284416681,0.2468193432626256,0.3902364588748913,0.2801736737469193,0.3291036106039803
2021-06-14 14:10:00,0.509065550906555,-0.12350597609561753,0.6125093075204764,0.5954293876093555,0.20262789388962324,0.00033407572383073496,0.5,0.6286293581231281,0.1551003284416681,0.2468193432626256,0.3902364588748913,0.2801736737469193,0.44842102086696745
2021-06-14 14:20:00,0.45746164574616455,0.019920318725099362,0.6125093075204764,0.597214783074451,0.19533836751253095,0.000556792873051225,0.5,0.6286293581231281,0.1551003284416681,0.2468193432626256,0.3902364588748913,0.2801736737469193,0.3890188149735202
2021-06-14 14:30:00,0.43165969316596936,-0.05179282868525903,0.6151898734177212,0.5997143367255846,0.20169870830116082,0.00022271714922048998,0.5,0.6286293581231281,0.1551003284416681,0.2468193432626256,0.3902364588748913,0.2801736737469193,0.31605232584456144
2021-06-14 14:40:00,0.48535564853556484,-0.12350597609561753,0.6166790766939687,0.6014997321906803,0.2021829317768384,0.00022271714922048998,0.5,0.6286293581231281,0.1551003284416681,0.2468193432626256,0.3902364588748913,0.2801736737469193,0.3834588167841031
2021-06-14 14:50:00,0.39121338912133896,-0.11553784860557781,0.6199553239017124,0.6036422067487948,0.1996047689468794,0.00022271714922048998,0.5,0.6286293581231281,0.1551003284416681,0.2468193432626256,0.3902364588748913,0.2801736737469193,0.256303091570228
2021-06-14 15:00:00,0.34449093444909346,0.10756972111553775,0.6253164556962023,0.6157828959114444,0.19558702281085186,0.00033407572383073496,0.5,0.6243624973859516,0.1400977566543213,0.25132619040100784,0.26308202975330575,0.26382219981542293,0.18200129758438072
2021-06-14 15:10:00,0.4679218967921897,-0.0916334661354582,0.6303797468354431,0.6193536868416356,0.18318043213673424,0.00022271714922048998,0.5,0.6243624973859516,0.1400977566543213,0.25132619040100784,0.26308202975330575,0.26382219981542293,0.3918855711634504
2021-06-14 15:20:00,0.35355648535564854,-0.043824701195219196,0.6303797468354431,0.6182824495625783,0.16324874690816768,0.00033407572383073496,0.5,0.6243624973859516,0.1400977566543213,0.25132619040100784,0.26308202975330575,0.26382219981542293,0.2094995247220001
2021-06-14 15:30:00,0.34797768479776847,0.298804780876494,0.6348473566641846,0.6197107659346546,0.18774783735326067,0.00033407572383073496,0.5,0.6243624973859516,0.1400977566543213,0.25132619040100784,0.26308202975330575,0.26382219981542293,0.1933551609155514
2021-06-14 15:40:00,0.35495118549511856,0.019920318725099362,0.635740878629933,0.6236386359578647,0.18083783748413187,0.00033407572383073496,0.5,0.6243624973859516,0.1400977566543213,0.25132619040100784,0.26308202975330575,0.26382219981542293,0.18813464701178387
2021-06-14 15:50:00,0.31659693165969316,0.346613545816733,0.6336559940431867,0.6125691840742724,0.18797031840965306,0.00022271714922048998,0.5,0.6243624973859516,0.1400977566543213,0.25132619040100784,0.26308202975330575,0.26382219981542293,0.15199843082819078
2021-06-14 16:00:00,0.30474198047419804,-0.6812749003984064,0.6309754281459417,0.6111408677021961,0.15806624700632108,0.00022271714922048998,0.5,0.6026618433652198,0.1224946624636845,0.26188600247262184,0.20431847736750555,0.23982996984274937,0.11385548531164656
2021-06-14 16:10:00,0.2377963737796374,0.1394422310756971,0.6244229337304541,0.6154258168184252,0.11188179712345082,0.00044543429844097997,0.5,0.6026618433652198,0.1224946624636845,0.26188600247262184,0.20431847736750555,0.23982996984274937,0.08103867103218311
2021-06-14 16:20:00,0.16387726638772665,0.2111553784860556,0.6148920327624718,0.6111408677021961,0.1280967399981678,0.00033407572383073496,0.5,0.6026618433652198,0.1224946624636845,0.26188600247262184,0.20431847736750555,0.23982996984274937,0.03520074837424748
2021-06-14 16:30:00,0.4393305439330544,-0.298804780876494,0.6119136262099774,0.6125691840742724,0.129418539215558,0.00022271714922048998,0.5,0.6026618433652198,0.1224946624636845,0.26188600247262184,0.20431847736750555,0.23982996984274937,0.2918508683253618
2021-06-14 16:40:00,0.5592747559274756,0.19521912350597592,0.6005956813104989,0.5936439921442598,0.09988090719922525,0.000556792873051225,0.5,0.6026618433652198,0.1224946624636845,0.26188600247262184,0.20431847736750555,0.23982996984274937,0.5510886129426498
2021-06-14 16:50:00,0.5355648535564853,-0.07569721115537853,0.5991064780342514,0.5772183538653812,0.1287380089254165,0.00033407572383073496,0.5,0.6026618433652198,0.1224946624636845,0.26188600247262184,0.20431847736750555,0.23982996984274937,0.46112527724549995
2021-06-14 17:00:00,0.5355648535564853,0.1633466135458166,0.5946388682055099,0.5707909301910372,0.09438431639423643,0.00033407572383073496,0.5,0.5947062643439129,0.11705511670742297,0.267388467295335,0.14284804294528042,0.2008100329202309,0.5381203132308342
2021-06-14 17:10:00,0.5592747559274756,0.027888446215139417,0.5910647803425166,0.56579182288877,0.10279933517425503,0.0023385300668151447,0.5,0.5947062643439129,0.11705511670742297,0.267388467295335,0.14284804294528042,0.2008100329202309,0.5672933295109918
2021-06-14 17:20:00,0.696652719665272,0.043824701195219085,0.590766939687267,0.56579182288877,0.1142898273808745,0.007683741648106904,0.5,0.5947062643439129,0.11705511670742297,0.267388467295335,0.14284804294528042,0.2008100329202309,0.8703094587866078
2021-06-14 17:30:00,0.45327754532775455,-0.2749003984063746,0.5934475055845121,0.5700767720049991,0.1094606797450629,0.019710467706013365,0.5,0.5947062643439129,0.11705511670742297,0.267388467295335,0.14284804294528042,0.2008100329202309,0.32318149584320355
2021-06-14 17:40:00,0.5836820083682008,0.3784860557768923,0.5889798957557706,0.5815033029816103,0.10710499797149625,0.02951002227171492,0.5,0.5947062643439129,0.11705511670742297,0.267388467295335,0.14284804294528042,0.2008100329202309,0.5589495601792477
2021-06-14 17:50:00,0.5676429567642958,-0.19521912350597614,0.5851079672375277,0.5715050883770756,0.11006268730941882,0.02026726057906459,0.5,0.5947062643439129,0.11705511670742297,0.267388467295335,0.14284804294528042,0.2008100329202309,0.5333147245650829
2021-06-14 18:00:00,0.5258019525801952,-0.05179282868525903,0.5800446760982871,0.5736475629351903,0.10050908900550969,0.013363028953229399,0.5,0.5231877015151976,0.1541003485562072,0.2939897587450069,0.3652154454404212,0.9265445711656407,0.4633507853403142
2021-06-14 18:10:00,0.5739191073919108,0.05179282868525892,0.5806403574087862,0.5750758793072666,0.1143814372276243,0.025389755011135856,0.5,0.5231877015151976,0.1541003485562072,0.2939897587450069,0.3652154454404212,0.9265445711656407,0.5490894277049354
2021-06-14 18:20:00,0.4735006973500697,-0.09960159362549814,0.5857036485480267,0.5707909301910372,0.12350316053971287,0.0024498886414253897,0.5,0.5231877015151976,0.1541003485562072,0.2939897587450069,0.3652154454404212,0.9265445711656407,0.4132429047784299
2021-06-14 18:30:00,0.5223152022315203,0.12350597609561742,0.5860014892032761,0.5775754329584004,0.11545458114669353,0.0023385300668151447,0.5,0.5231877015151976,0.1541003485562072,0.2939897587450069,0.3652154454404212,0.9265445711656407,0.4476590672480649
2021-06-14 18:40:00,0.5460251046025105,-0.08366533864541836,0.5857036485480267,0.5786466702374577,0.12622528170027877,0.00111358574610245,0.5,0.5231877015151976,0.1541003485562072,0.2939897587450069,0.3652154454404212,0.9265445711656407,0.5414925238016205
2021-06-14 18:50:00,0.4177126917712692,-0.01195219123505975,0.5857036485480267,0.5797179075165149,0.11599115310622816,0.005011135857461025,0.5,0.5231877015151976,0.1541003485562072,0.2939897587450069,0.3652154454404212,0.9265445711656407,0.299153552514447
2021-06-14 19:00:00,0.50697350069735,-0.07569721115537853,0.5857036485480267,0.5843599357257632,0.11453848267919542,0.0024498886414253897,0.5,0.5226665594920725,0.17617174367182206,0.30236760700607457,0.5733414463496009,0.9332752139441244,0.4603180590551775
2021-06-14 19:10:00,0.4504881450488145,0.05179282868525892,0.5836187639612807,0.5861453311908589,0.10947376686602715,0.004342984409799555,0.5,0.5226665594920725,0.17617174367182206,0.30236760700607457,0.5733414463496009,0.9332752139441244,0.3455497382198953
2021-06-14 19:20:00,0.3207810320781032,0.3545816733067728,0.5800446760982871,0.5861453311908589,0.09747287694180158,0.00512249443207127,0.5,0.5226665594920725,0.17617174367182206,0.30236760700607457,0.5733414463496009,0.9332752139441244,0.16535147939707592
2021-06-14 19:30:00,0.28521617852161785,0.2350597609561753,0.5791511541325389,0.5818603820746295,0.17378387928439626,0.0024498886414253897,0.5,0.5226665594920725,0.17617174367182206,0.30236760700607457,0.5733414463496009,0.9332752139441244,0.15150052054257132
2021-06-14 19:40:00,0.18549511854951187,-0.7928286852589642,0.5770662695457927,0.590430280307088,0.12422295219274714,0.04855233853006682,0.5,0.5226665594920725,0.17617174367182206,0.30236760700607457,0.5733414463496009,0.9332752139441244,0.030945878660772218
2021-06-14 19:50:00,0.20292887029288703,-0.06772908366533881,0.5842144452717795,0.6000714158186038,0.11171166455091545,0.9987750556792873,0.5,0.5226665594920725,0.17617174367182206,0.30236760700607457,0.5733414463496009,0.9332752139441244,0.0
2021-06-14 20:00:00,0.48117154811715485,0.6573705179282865,0.6026805658972447,0.6075700767720049,0.22130321550562093,0.3591314031180401,0.5,0.5187253916736678,0.15876404784961107,0.32264734120874405,0.5083313265641505,0.9439338671713893,0.1291624545468262
2021-06-14 20:10:00,0.29707112970711297,-0.15537848605577698,0.5845122859270289,0.5811462238885914,0.23211317742209892,0.00033407572383073496,0.5,0.5187253916736678,0.15876404784961107,0.32264734120874405,0.5083313265641505,0.9439338671713893,0.1384039712117326
2021-06-14 20:20:00,0.25383542538354253,0.346613545816733,0.5693224125093073,0.5550794500981968,0.22049181400583687,0.00044543429844097997,0.5,0.5187253916736678,0.15876404784961107,0.32264734120874405,0.5083313265641505,0.9439338671713893,0.10075139188557118
2021-06-14 20:30:00,0.301255230125523,-0.20318725099601598,0.5633655994043185,0.54186752365649,0.21829317768384135,0.00033407572383073496,0.5,0.5187253916736678,0.15876404784961107,0.32264734120874405,0.5083313265641505,0.9439338671713893,0.1297961585467055
2021-06-14 20:40:00,0.3898186889818689,-0.21115537848605592,0.5550260610573343,0.532226388144974,0.19185719333603798,0.00033407572383073496,0.5,0.5187253916736678,0.15876404784961107,0.32264734120874405,0.5083313265641505,0.9439338671713893,0.24887970185735625
2021-06-14 20:50:00,0.2831241283124128,-0.15537848605577698,0.5496649292628444,0.5136582753079808,0.1821727238224863,0.00022271714922048998,0.5,0.5187253916736678,0.15876404784961107,0.32264734120874405,0.5083313265641505,0.9439338671713893,0.1262881542616594
2021-06-14 21:00:00,0.299163179916318,-0.043824701195219196,0.5410275502606106,0.5033029816104269,0.1822643336692361,0.00022271714922048998,0.5,0.5136849727321817,0.17812285385064267,0.3524813782970563,0.35991507121650884,0.9299039990309206,0.13384733768879098
2021-06-14 21:10:00,0.15760111576011157,0.19521912350597592,0.5347728965003722,0.5083020889126941,0.19454005313371112,0.037973273942093544,0.5,0.5136849727321817,0.17812285385064267,0.3524813782970563,0.35991507121650884,0.9299039990309206,0.03962158818292923
2021-06-14 21:20:00,0.14086471408647142,-0.059760956175298974,0.5329858525688755,0.5154436707730763,0.2129928936933164,0.9993318485523385,0.5,0.5136849727321817,0.17812285385064267,0.3524813782970563,0.35991507121650884,0.9299039990309206,0.0
2021-06-14 21:30:00,0.21687587168758715,-0.31474103585657376,0.5514519731943408,0.5243706480985537,0.20079569695462696,0.172271714922049,0.5,0.5136849727321817,0.17812285385064267,0.3524813782970563,0.35991507121650884,0.9299039990309206,0.04446489732486383
2021-06-14 21:40:00,0.1087866108786611,-0.21115537848605592,0.5499627699180936,0.5404392072844135,0.19166088652157415,0.0014476614699331849,0.5,0.5136849727321817,0.17812285385064267,0.3524813782970563,0.35991507121650884,0.9299039990309206,0.004730147713384734
2021-06-14 21:50:00,0.10460251046025104,-0.23505976095617542,0.5282204020848844,0.5204427780753438,0.1486958683959116,0.1710467706013363,0.5,0.5136849727321817,0.17812285385064267,0.3524813782970563,0.35991507121650884,0.9299039990309206,0.0
2021-06-14 22:00:00,0.18549511854951187,-0.19521912350597614,0.5323901712583765,0.49651847884306366,0.14518851997749016,0.9995545657015591,0.5,0.49543686376897234,0.20040976187260712,0.34713235856389096,0.24304661663344676,0.8413378442941951,0.0
2021-06-14 22:10:00,0.405160390516039,-0.15537848605577698,0.5472822040208485,0.5122299589359045,0.09613799060344716,0.26915367483296215,0.5,0.49543686376897234,0.20040976187260712,0.34713235856389096,0.24304661663344676,0.8413378442941951,0.22310152843369496
2021-06-14 22:20:00,0.5704323570432357,0.2111553784860556,0.5177959791511539,0.4847348687734334,0.1178364371621887,0.012694877505567928,0.5,0.49543686376897234,0.20040976187260712,0.34713235856389096,0.24304661663344676,0.8413378442941951,0.571020112557901
2021-06-14 22:30:00,0.4281729428172943,-0.019920318725099695,0.4853313477289649,0.44367077307623637,0.11960319849236369,0.005233853006681514,0.5,0.49543686376897234,0.20040976187260712,0.34713235856389096,0.24304661663344676,0.8413378442941951,0.3156675769874919
2021-06-14 22:40:00,0.2768479776847978,0.043824701195219085,0.47133283693224115,0.417961078378861,0.12168405072568088,0.00033407572383073496,0.5,0.49543686376897234,0.20040976187260712,0.34713235856389096,0.24304661663344676,0.8413378442941951,0.11901564645352082
2021-06-14 22:50:00,0.2482566248256625,0.40239043824701204,0.4653760238272524,0.40867702196036415,0.1342476868513696,0.00033407572383073496,0.5,0.49543686376897234,0.20040976187260712,0.34713235856389096,0.24304661663344676,0.8413378442941951,0.09703215293389865
2021-06-14 23:00:00,0.25871687587168757,-0.17928286852589637,0.4620997766195085,0.40582038921621133,0.13918153145489526,0.00033407572383073496,0.5,0.43061169899637197,0.21386926125049222,0.387978680516798,0.24027969457256043,0.7664687185737569,0.09826938455271059
2021-06-14 23:10:00,0.24546722454672246,0.593625498007968,0.4609084139985107,0.39903588644884835,0.13572653152033085,0.0027839643652561247,0.5,0.43061169899637197,0.21386926125049222,0.387978680516798,0.24027969457256043,0.7664687185737569,0.09626265521975949
2021-06-14 23:20:00,0.21408647140864714,0.09163346613545809,0.45524944154877134,0.39439385823960005,0.14261035714753112,0.00033407572383073496,0.5,0.43061169899637197,0.21386926125049222,0.387978680516798,0.24027969457256043,0.7664687185737569,0.06589767189220996
2021-06-14 23:30:00,0.22524407252440726,-0.3944223107569722,0.4466120625465375,0.4065345474022497,0.14957270550051693,0.00033407572383073496,0.5,0.43061169899637197,0.21386926125049222,0.387978680516798,0.24027969457256043,0.7664687185737569,0.07731943208051058
2021-06-14 23:40:00,0.17782426778242677,0.394422310756972,0.4427401340282946,0.39332262096054293,0.15181060318540524,0.00033407572383073496,0.5,0.43061169899637197,0.21386926125049222,0.387978680516798,0.24027969457256043,0.7664687185737569,0.05526049760852181
2021-06-14 23:50:00,0.22036262203626222,0.2005312084993358,0.44452717795979146,0.4093911801464025,0.21953645417544593,0.7673719376391982,0.5,0.43061169899637197,0.21386926125049222,0.387978680516798,0.24027969457256043,0.7664687185737569,0.0
2021-06-15 00:00:00,0.2663877405857741,0.006640106241699861,0.4346984363365598,0.40635600785574,0.2730693224797477,0.38385300668151445,0.5,0.4095217400440192,0.22110762139842097,0.3726150226293463,0.28986005243847096,0.7348430675443243,0.07612746503311858
2021-06-15 00:10:00,0.31241283124128316,-0.1872509960159363,0.42486969471332836,0.4033208355650777,0.3266021907840494,0.00033407572383073496,0.5,0.4095217400440192,0.22110762139842097,0.3726150226293463,0.28986005243847096,0.7348430675443243,0.15225493006623717
2021-06-15 00:20:00,0.2524407252440725,0.38645418326693215,0.40223380491437055,0.3540439207284414,0.3190640091086362,0.00033407572383073496,0.5,0.4095217400440192,0.22110762139842097,0.3726150226293463,0.28986005243847096,0.7348430675443243,0.09930292560013278
2021-06-15 00:30:00,0.18549511854951187,-0.2270916334661356,0.3909158600148921,0.3344045706123906,0.3190640091086362,0.00044543429844097997,0.5,0.4095217400440192,0.22110762139842097,0.3726150226293463,0.28986005243847096,0.7348430675443243,0.05428730932299289
2021-06-15 00:40:00,0.1903765690376569,0.298804780876494,0.3834698436336559,0.3276200678450276,0.3190640091086362,0.00044543429844097997,0.5,0.4095217400440192,0.22110762139842097,0.3726150226293463,0.28986005243847096,0.7348430675443243,0.056573170179700344
2021-06-15 00:50:00,0.2099023709902371,-0.11553784860557781,0.3781087118391657,0.32440635600785583,0.31076677441729594,0.00033407572383073496,0.5,0.4095217400440192,0.22110762139842097,0.3726150226293463,0.28986005243847096,0.7348430675443243,0.06749702008238152
2021-06-15 01:00:00,0.22663877266387727,-0.3545816733067729,0.37513030528667146,0.31297982503124455,0.31229796757011424,0.00033407572383073496,0.5,0.33529970919441277,0.21991799015537142,0.4051808895681054,0.3140197297472849,0.718295409385872,0.08416192646015963
2021-06-15 01:10:00,0.15690376569037656,0.1872509960159361,0.37066269545792974,0.30655240135690076,0.30913088429676355,0.00033407572383073496,0.5,0.33529970919441277,0.21991799015537142,0.4051808895681054,0.3140197297472849,0.718295409385872,0.041190759992154144
2021-06-15 01:20:00,0.14714086471408647,-0.4900398406374503,0.3655994043186892,0.3054811640778434,0.3107536872963317,0.00011135857461024499,0.5,0.33529970919441277,0.21991799015537142,0.4051808895681054,0.3140197297472849,0.718295409385872,0.034363353802978405
2021-06-15 01:30:00,0.1617852161785216,-0.4103585657370519,0.3635145197319434,0.3044099267987861,0.30273128214524087,0.00022271714922048998,0.5,0.33529970919441277,0.21991799015537142,0.4051808895681054,0.3140197297472849,0.718295409385872,0.03953105904008932
2021-06-15 01:40:00,0.1499302649930265,-0.3545816733067729,0.36262099776619494,0.29833958221746126,0.30273128214524087,0.00022271714922048998,0.5,0.33529970919441277,0.21991799015537142,0.4051808895681054,0.3140197297472849,0.718295409385872,0.03775065256423797
2021-06-15 01:50:00,0.12552301255230125,0.14741035856573692,0.3602382725241995,0.29726834493840393,0.30273128214524087,0.00022271714922048998,0.5,0.33529970919441277,0.21991799015537142,0.4051808895681054,0.3140197297472849,0.718295409385872,0.01833215142507959
2021-06-15 02:00:00,0.12412831241283125,-0.003984063745020028,0.35487714072970933,0.29833958221746126,0.30273128214524087,0.00011135857461024499,0.5,0.32978701050588954,0.2146422342079334,0.3620323840154856,0.29948827182872434,0.7211772449312306,0.017298610377657408
2021-06-15 02:10:00,0.13807531380753138,0.043824701195219085,0.3489203276247206,0.29691126584538474,0.2805747863527503,0.00011135857461024499,0.5,0.32978701050588954,0.2146422342079334,0.3620323840154856,0.29948827182872434,0.7211772449312306,0.026751361709190218
2021-06-15 02:20:00,0.17154811715481172,0.4820717131474104,0.3450483991064779,0.29191215854311725,0.28675190744788054,0.00022271714922048998,0.5,0.32978701050588954,0.2146422342079334,0.3620323840154856,0.29948827182872434,0.7211772449312306,0.05255971151379815
2021-06-15 02:30:00,0.21548117154811713,-0.01195219123505975,0.34296351451973184,0.2829851812176398,0.2946827027522216,0.00044543429844097997,0.5,0.32978701050588954,0.2146422342079334,0.3620323840154856,0.29948827182872434,0.7211772449312306,0.07001674789142538
2021-06-15 02:40:00,0.12761506276150628,0.40239043824701204,0.3384959046909901,0.27584359935725766,0.30024472916203165,0.00011135857461024499,0.5,0.32978701050588954,0.2146422342079334,0.3620323840154856,0.29948827182872434,0.7211772449312306,0.02496341113810221
2021-06-15 02:50:00,0.07391910739191074,0.06386574912471321,0.33581533879374503,0.2819139439385825,0.30024472916203165,0.48062360801781734,0.5,0.32978701050588954,0.2146422342079334,0.3620323840154856,0.29948827182872434,0.7211772449312306,0.0
2021-06-15 03:00:00,0.08716875871687588,-0.2746589399975854,0.35487714072970933,0.2911980003570791,0.30024472916203165,0.9993318485523385,0.5,0.3132326047795646,0.2101796802937883,0.37877387735577844,0.2638440435316146,0.7806439334443338,0.0
2021-06-15 03:10:00,0.09902370990237098,-0.6131836291198841,0.3739389426656736,0.3054811640778434,0.30024472916203165,0.9993318485523385,0.5,0.3132326047795646,0.2101796802937883,0.37877387735577844,0.2638440435316146,0.7806439334443338,0.0
2021-06-15 03:20:00,0.11018131101813111,-0.4596160811300254,0.37870439314966475,0.3076236386359579,0.30024472916203165,0.9993318485523385,0.5,0.3132326047795646,0.2101796802937883,0.37877387735577844,0.2638440435316146,0.7806439334443338,0.0
2021-06-15 03:30:00,0.10390516039051603,-0.30604853314016667,0.3781087118391657,0.3026245313336904,0.30024472916203165,0.9993318485523385,0.5,0.3132326047795646,0.2101796802937883,0.37877387735577844,0.2638440435316146,0.7806439334443338,0.0
2021-06-15 03:40:00,0.08647140864714087,-0.15248098515030784,0.37751303052866714,0.2965541867523658,0.30024472916203165,0.9993318485523385,0.5,0.3132326047795646,0.2101796802937883,0.37877387735577844,0.2638440435316146,0.7806439334443338,0.0
2021-06-15 03:50:00,0.09135285913528592,0.0010865628395506643,0.372747580044676,0.29369755400821274,0.30024472916203165,0.9993318485523385,0.5,0.3132326047795646,0.2101796802937883,0.37877387735577844,0.2638440435316146,0.7806439334443338,0.0
2021-06-15 04:00:00,0.13668061366806136,0.1546541108294095,0.36589724497393883,0.29369755400821274,0.30024472916203165,0.9993318485523385,0.5,0.2551497003391676,0.22225127655478158,0.44698377045527665,0.2952333227197891,0.8831256459370133,0.0
2021-06-15 04:10:00,0.17154811715481172,0.30822165881926833,0.3655994043186892,0.29369755400821274,0.30024472916203165,0.9993318485523385,0.5,0.2551497003391676,0.22225127655478158,0.44698377045527665,0.2952333227197891,0.8831256459370133,0.0
2021-06-15 04:20:00,0.1771269177126918,0.46178920680912694,0.36321667907669375,0.29369755400821274,0.2930206383897606,0.9993318485523385,0.5,0.2551497003391676,0.22225127655478158,0.44698377045527665,0.2952333227197891,0.8831256459370133,0.0
2021-06-15 04:30:00,0.13389121338912133,0.6153567547989858,0.36262099776619494,0.30048205677557593,0.19484105691588907,0.9993318485523385,0.5,0.2551497003391676,0.22225127655478158,0.44698377045527665,0.2952333227197891,0.8831256459370133,0.0
2021-06-15 04:40:00,0.13737796373779637,0.7689243027888444,0.356664184661206,0.2990537404034994,0.19006425776393454,0.9993318485523385,0.5,0.2551497003391676,0.22225127655478158,0.44698377045527665,0.2952333227197891,0.8831256459370133,0.0
2021-06-15 04:50:00,0.11715481171548117,0.6573705179282865,0.34772896500372297,0.2961971076593466,0.19006425776393454,0.9993318485523385,0.5,0.2551497003391676,0.22225127655478158,0.44698377045527665,0.2952333227197891,0.8831256459370133,0.0
2021-06-15 05:00:00,0.2768479776847978,0.5458167330677288,0.35040953090096805,0.29405463310123214,0.17013257253536795,0.8521158129175946,0.5,0.23995513342403152,0.23988310579959585,0.4940363756168398,0.3316377747146711,0.9419671907644699,0.004752779999094708
2021-06-15 05:10:00,0.3486750348675035,0.43426294820717115,0.35547282204020836,0.2911980003570791,0.16351048932745288,0.00011135857461024499,0.5,0.23995513342403152,0.23988310579959585,0.4940363756168398,0.3316377747146711,0.9419671907644699,0.20317757291368047
2021-06-15 05:20:00,0.16527196652719667,0.6414342629482073,0.36679076693968726,0.30155329405463327,0.20425069688919134,0.00011135857461024499,0.5,0.23995513342403152,0.23988310579959585,0.4940363756168398,0.3316377747146711,0.9419671907644699,0.0297916320895635
2021-06-15 05:30:00,0.19525801952580193,-0.059760956175298974,0.3772151898734175,0.3361899660774863,0.23079137820470877,0.00011135857461024499,0.5,0.23995513342403152,0.23988310579959585,0.4940363756168398,0.3316377747146711,0.9419671907644699,0.05455889675151259
2021-06-15 05:40:00,0.21408647140864714,0.027888446215139417,0.3608339538346983,0.3454740224959829,0.22728402978628734,0.00011135857461024499,0.5,0.23995513342403152,0.23988310579959585,0.4940363756168398,0.3316377747146711,0.9419671907644699,0.07001674789142538
2021-06-15 05:50:00,0.15271966527196654,-0.00512236767216856,0.32032762472077425,0.2979825031244421,0.2245095601418644,0.7089086859688196,0.5,0.23995513342403152,0.23988310579959585,0.4940363756168398,0.3316377747146711,0.9419671907644699,0.0
2021-06-15 06:00:00,0.048117154811715475,-0.038133181559476426,0.3352196574832462,0.30191037314765223,0.2634830063734279,0.9993318485523385,0.5,0.20959861891527076,0.2838017626082223,0.5012873535756573,0.38694031487274705,0.977538236186321,0.0
2021-06-15 06:10:00,0.03486750348675035,-0.0711439954467844,0.3420699925539836,0.31405106231030167,0.2634830063734279,0.9993318485523385,0.5,0.20959861891527076,0.2838017626082223,0.5012873535756573,0.38694031487274705,0.977538236186321,0.0
2021-06-15 06:20:00,0.039051603905160395,-0.10415480933409227,0.3390915860014889,0.3144081414033211,0.2634830063734279,0.9993318485523385,0.5,0.20959861891527076,0.2838017626082223,0.5012873535756573,0.38694031487274705,0.977538236186321,0.0
2021-06-15 06:30:00,0.13458856345885634,-0.13716562322140013,0.3376023827252417,0.3069094804499197,0.2634830063734279,0.9993318485523385,0.5,0.20959861891527076,0.2838017626082223,0.5012873535756573,0.38694031487274705,0.977538236186321,0.0
2021-06-15 06:40:00,0.17642956764295675,-0.170176437108708,0.32836932241250905,0.29833958221746126,0.28362408553742263,0.5819599109131403,0.5,0.20959861891527076,0.2838017626082223,0.5012873535756573,0.38694031487274705,0.977538236186321,0.0
2021-06-15 06:50:00,0.10460251046025104,-0.20318725099601598,0.3384959046909901,0.2994108194965186,0.30209001321799217,0.44665924276169267,0.5,0.20959861891527076,0.2838017626082223,0.5012873535756573,0.38694031487274705,0.977538236186321,0.0
2021-06-15 07:00:00,0.16945606694560672,-0.5338645418326694,0.34236783320923303,0.3044099267987861,0.3077567365955164,0.9995545657015591,0.5,0.20113006937776134,0.32518024062734274,0.540518951292851,0.28851864925982634,0.9897734017243386,0.0
2021-06-15 07:10:00,0.16457461645746163,-0.8645418326693228,0.34385703648548005,0.2986966613104802,0.3077567365955164,0.9995545657015591,0.5,0.20113006937776134,0.32518024062734274,0.540518951292851,0.28851864925982634,0.9897734017243386,0.0
2021-06-15 07:20:00,0.10181311018131102,-0.7370517928286854,0.34683544303797453,0.2958400285663274,0.3077567365955164,0.9995545657015591,0.5,0.20113006937776134,0.32518024062734274,0.540518951292851,0.28851864925982634,0.9897734017243386,0.0
2021-06-15 07:30:00,0.13737796373779637,-0.6095617529880479,0.3459419210722261,0.29048384217104095,0.3077567365955164,0.9995545657015591,0.5,0.20113006937776134,0.32518024062734274,0.540518951292851,0.28851864925982634,0.9897734017243386,0.0
2021-06-15 07:40:00,0.15620641562064158,-0.4820717131474105,0.34415487714072945,0.2844134975897161,0.3077567365955164,0.9995545657015591,0.5,0.20113006937776134,0.32518024062734274,0.540518951292851,0.28851864925982634,0.9897734017243386,0.0
2021-06-15 07:50:00,0.14853556485355648,-0.35458167330677315,0.3381980640357407,0.27798607391537233,0.3077567365955164,0.9995545657015591,0.5,0.20113006937776134,0.32518024062734274,0.540518951292851,0.28851864925982634,0.9897734017243386,0.0
2021-06-15 08:00:00,0.4344490934449094,-0.2270916334661356,0.33194341027550256,0.2751294411712195,0.3213935166402743,0.6868596881959911,0.5,0.19745762740129735,0.3249877157643376,0.6005292967890538,0.1775487360650247,0.9527131874645617,0.253873892904024
2021-06-15 08:10:00,0.7119944211994422,-0.09960159362549814,0.3057334326135517,0.24513479735761456,0.3657326824671841,0.007795100222717149,0.5,0.19745762740129735,0.3249877157643376,0.6005292967890538,0.1775487360650247,0.9527131874645617,0.5309270184226805
2021-06-15 08:20:00,0.6213389121338913,-0.1394422310756973,0.264929262844378,0.197286198893055,0.36765648924893013,0.0010022271714922048,0.5,0.19745762740129735,0.3249877157643376,0.6005292967890538,0.1775487360650247,0.9527131874645617,0.8079801439413371
2021-06-15 08:30:00,0.5502092050209205,0.07569721115537842,0.25033507073715544,0.17836100696304236,0.3676695763698944,0.0017817371937639199,0.5,0.19745762740129735,0.3249877157643376,0.6005292967890538,0.1775487360650247,0.9527131874645617,0.6291247340706428
2021-06-15 08:40:00,0.5474198047419805,0.09960159362549792,0.24259121370067005,0.17586145331190872,0.3684286293858214,0.0014476614699331849,0.5,0.19745762740129735,0.3249877157643376,0.6005292967890538,0.1775487360650247,0.9527131874645617,0.6795117461562835
2021-06-15 08:50:00,0.5571827057182706,-0.14741035856573714,0.23752792256142952,0.17586145331190872,0.37094135661095917,0.0026726057906458797,0.5,0.19745762740129735,0.3249877157643376,0.6005292967890538,0.1775487360650247,0.9527131874645617,0.6269972992139053
2021-06-15 09:00:00,0.7238493723849373,-0.1633466135458168,0.23752792256142952,0.1744331369398322,0.3629058643389041,0.005567928730512249,0.5,0.18191295310588962,0.3344128135353603,0.6883367909204131,0.12526448867106096,0.7491113075343697,0.7397966111924197
2021-06-15 09:10:00,0.7482566248256626,-0.003984063745020028,0.23514519731943406,0.1694340296375647,0.3642930991611156,0.02071269487750557,0.5,0.18191295310588962,0.3344128135353603,0.6883367909204131,0.12526448867106096,0.7491113075343697,0.8525959231709342
2021-06-15 09:20:00,0.693863319386332,0.12350597609561742,0.23365599404318682,0.17229066238171753,0.3697635157241759,0.011581291759465479,0.5,0.18191295310588962,0.3344128135353603,0.6883367909204131,0.12526448867106096,0.7491113075343697,0.9653952351494486
2021-06-15 09:30:00,0.7831241283124128,-0.08366533864541836,0.22978406552494413,0.17479021603285116,0.36817997408750053,0.03407572383073497,0.5,0.18191295310588962,0.3344128135353603,0.6883367909204131,0.12526448867106096,0.7491113075343697,0.9432533910708089
2021-06-15 09:40:00,0.8124128312412832,-0.07569721115537853,0.2285927029039463,0.17586145331190872,0.3615709780005496,0.038084632516703784,0.5,0.18191295310588962,0.3344128135353603,0.6883367909204131,0.12526448867106096,0.7491113075343697,0.9211113961102645
2021-06-15 09:50:00,0.7698744769874476,-0.043824701195219196,0.22620997766195083,0.1780039278700234,0.36832393241810735,0.030846325167037864,0.5,0.18191295310588962,0.3344128135353603,0.6883367909204131,0.12526448867106096,0.7491113075343697,0.8989694765906724
2021-06-15 10:00:00,0.7510460251046025,0.03585657370517925,0.2211466865227103,0.18550258882342452,0.3743963565455236,0.021269487750556794,0.5,0.19438777569246835,0.33959374380400403,0.7218045599061678,0.40124867270342446,0.6798808155534901,0.8768275570710805
2021-06-15 10:10:00,0.7357043235704324,-0.14741035856573714,0.21995532390171224,0.190501696125692,0.3765819057465548,0.017037861915367485,0.5,0.19438777569246835,0.33959374380400403,0.7218045599061678,0.40124867270342446,0.6798808155534901,0.8546856375514885
2021-06-15 10:20:00,0.7817294281729429,-0.07569721115537853,0.2175725986597168,0.19478664524192113,0.3748544057792726,0.027060133630289536,0.5,0.19438777569246835,0.33959374380400403,0.7218045599061678,0.40124867270342446,0.6798808155534901,0.8325437934728488
2021-06-15 10:30:00,0.796373779637378,-0.03585657370517936,0.2101265822784808,0.1937154079628638,0.3699336482967112,0.035523385300668155,0.5,0.19438777569246835,0.33959374380400403,0.7218045599061678,0.40124867270342446,0.6798808155534901,0.8104017985123044
2021-06-15 10:40:00,0.6087866108786611,-0.17928286852589637,0.202084884586746,0.197286198893055,0.3726950308201698,0.00044543429844097997,0.5,0.19438777569246835,0.33959374380400403,0.7218045599061678,0.40124867270342446,0.6798808155534901,0.7882598789927123
2021-06-15 10:50:00,0.6736401673640168,0.01195219123505975,0.1952345495160086,0.20442778075343693,0.3624216408632265,0.00111358574610245,0.5,0.19438777569246835,0.33959374380400403,0.7218045599061678,0.40124867270342446,0.6798808155534901,0.9384779033450519
2021-06-15 11:00:00,0.5592747559274756,-0.043824701195219196,0.18927773641102008,0.2029994643813604,0.36668804229757496,0.000556792873051225,0.5,0.1894450813031585,0.3478550718807381,0.7521694409158415,0.5522785089201305,0.70913610122108,0.6870181209167584
2021-06-15 11:10:00,0.5543933054393305,0.06772908366533859,0.1824274013402829,0.2097839671487236,0.36668804229757496,0.000556792873051225,0.5,0.1894450813031585,0.3478550718807381,0.7521694409158415,0.5522785089201305,0.70913610122108,0.6664001086349715
2021-06-15 11:20:00,0.5620641562064157,0.17928286852589648,0.17676842889054334,0.2029994643813604,0.37142558008663673,0.000779510022271715,0.5,0.1894450813031585,0.3478550718807381,0.7521694409158415,0.5522785089201305,0.70913610122108,0.6891757321544427
2021-06-15 11:30:00,0.500697350069735,-0.08366533864541836,0.17498138495904692,0.19264417068380646,0.3762416406014841,0.00033407572383073496,0.5,0.1894450813031585,0.3478550718807381,0.7521694409158415,0.5522785089201305,0.70913610122108,0.5300783077085565
2021-06-15 11:40:00,0.4630404463040446,-0.02788844621513953,0.1720029784065522,0.19121585431173016,0.3724202012799205,0.00022271714922048998,0.5,0.1894450813031585,0.3478550718807381,0.7521694409158415,0.5522785089201305,0.70913610122108,0.4535057410564751
2021-06-15 11:50:00,0.44072524407252445,0.10756972111553775,0.17230081906180184,0.18657382610248163,0.36921385664367695,0.00022271714922048998,0.5,0.1894450813031585,0.3478550718807381,0.7521694409158415,0.5522785089201305,0.70913610122108,0.38408497668874575
2021-06-15 12:00:00,0.4825662482566248,-0.06772908366533881,0.16991809381980638,0.18585966791644348,0.37680438680294726,0.000556792873051225,0.5,0.19820677114410779,0.34942113233354427,0.7136644881268376,0.6414422848344083,0.7310116442548363,0.477194200099582
2021-06-15 12:10:00,0.5041841004184101,0.03585657370517925,0.17349218168279945,0.17657561149794687,0.3714517543285653,0.00033407572383073496,0.5,0.19820677114410779,0.34942113233354427,0.7136644881268376,0.6414422848344083,0.7310116442548363,0.5223908746624017
2021-06-15 12:20:00,0.4630404463040446,0.06772908366533859,0.17498138495904692,0.16836279235850737,0.370679614191674,0.00022271714922048998,0.5,0.19820677114410779,0.34942113233354427,0.7136644881268376,0.6414422848344083,0.7310116442548363,0.4680583007679889
2021-06-15 12:30:00,0.44002789400278935,-0.059760956175298974,0.17498138495904692,0.16122121049812543,0.37912080721362107,0.00033407572383073496,0.5,0.19820677114410779,0.34942113233354427,0.7136644881268376,0.6414422848344083,0.7310116442548363,0.3891244323068334
2021-06-15 12:40:00,0.41562064156206413,-0.02788844621513953,0.17498138495904692,0.15622210319585794,0.373912133069846,0.00033407572383073496,0.5,0.19820677114410779,0.34942113233354427,0.7136644881268376,0.6414422848344083,0.7310116442548363,0.332928466888966
2021-06-15 12:50:00,0.43584379358437936,-0.07569721115537853,0.17706626954579274,0.15586502410283876,0.37438326942455935,0.00022271714922048998,0.5,0.19820677114410779,0.34942113233354427,0.7136644881268376,0.6414422848344083,0.7310116442548363,0.3705282375484708
2021-06-15 13:00:00,0.4595536959553696,-0.09960159362549814,0.17974683544303782,0.1533654704517049,0.36795749303110803,0.00022271714922048998,0.5,0.26992081643026533,0.3511337415626708,0.6017591401596616,0.6954360320183619,0.7326618476364594,0.4032771549708043
2021-06-15 13:10:00,0.4839609483960949,-0.17131474103585675,0.18391660461653014,0.14908052133547578,0.3624870764680478,0.00022271714922048998,0.5,0.26992081643026533,0.3511337415626708,0.6017591401596616,0.6954360320183619,0.7326618476364594,0.46031051495994085
2021-06-15 13:20:00,0.5341701534170153,-0.043824701195219196,0.18510796723752776,0.14372433494018932,0.36336391357265313,0.00022271714922048998,0.5,0.26992081643026533,0.3511337415626708,0.6017591401596616,0.6954360320183619,0.7326618476364594,0.550598246752267
2021-06-15 13:30:00,0.5167364016736402,-0.07569721115537853,0.19344750558451218,0.14872344224245682,0.36255251207286904,0.0006681514476614699,0.5,0.26992081643026533,0.3511337415626708,0.6017591401596616,0.6954360320183619,0.7326618476364594,0.5214403186625829
2021-06-15 13:40:00,0.5146443514644351,-0.05179282868525903,0.20059568131049876,0.15943581503302973,0.3534962243656018,0.0008908685968819599,0.5,0.26992081643026533,0.3511337415626708,0.6017591401596616,0.6954360320183619,0.7326618476364594,0.5280112256137122
2021-06-15 13:50:00,0.5139470013947002,0.03585657370517925,0.21161578555472804,0.1665773968934119,0.3544254099540642,0.0027839643652561247,0.5,0.26992081643026533,0.3511337415626708,0.6017591401596616,0.6954360320183619,0.7326618476364594,0.5041492523801621
2021-06-15 14:00:00,0.6248256624825663,-0.0916334661354582,0.22233804914370792,0.17193358328869857,0.359516300009161,0.004565701559020045,0.5,0.30796418411839266,0.34067418184116843,0.47710909958548264,0.7036178120902038,0.7293271814915068,0.773322570424129
2021-06-15 14:10:00,0.5836820083682008,0.003984063745019917,0.23603871928518227,0.17514729512587035,0.36437162188690114,0.0010022271714922048,0.5,0.30796418411839266,0.34067418184116843,0.47710909958548264,0.7036178120902038,0.7293271814915068,0.6916577394873034
2021-06-15 14:20:00,0.6206415620641562,-0.02788844621513953,0.25152643335815306,0.19621496161399765,0.36845480362774996,0.01247216035634744,0.5,0.30796418411839266,0.34067418184116843,0.47710909958548264,0.7036178120902038,0.7293271814915068,0.7643073766163224
2021-06-15 14:30:00,0.6248256624825663,0.09163346613545809,0.27386448250186124,0.22192465631137304,0.3775372655769457,0.0232739420935412,0.5,0.30796418411839266,0.34067418184116843,0.47710909958548264,0.7036178120902038,0.7293271814915068,0.6953920666294492
2021-06-15 14:40:00,0.6157601115760112,-0.1394422310756973,0.28905435591958284,0.24513479735761456,0.3773671330044104,0.030957683741648107,0.5,0.30796418411839266,0.34067418184116843,0.47710909958548264,0.7036178120902038,0.7293271814915068,0.6217692412149011
2021-06-15 14:50:00,0.5536959553695956,-0.01195219123505975,0.2982874162323157,0.26156043563649356,0.37151718993338656,0.025278396436525612,0.5,0.30796418411839266,0.34067418184116843,0.47710909958548264,0.7036178120902038,0.7293271814915068,0.5310288637083754
2021-06-15 15:00:00,0.5788005578800558,0.24302788844621515,0.30454206999255384,0.27120157114800936,0.3789506746410857,0.02962138084632517,0.5,0.30572489104379486,0.32920889522337216,0.46099153173326884,0.6824686886114651,0.7436133144865016,0.5564298323702039
2021-06-15 15:10:00,0.5955369595536959,0.09163346613545809,0.31258376768428886,0.270130333868952,0.3699205611757469,0.0073496659242761695,0.5,0.30572489104379486,0.32920889522337216,0.46099153173326884,0.6824686886114651,0.7436133144865016,0.6722392383481449
2021-06-15 15:20:00,0.6115760111576011,-0.05179282868525903,0.32151898734177187,0.28084270665952493,0.37807383753648033,0.022605790645879732,0.5,0.30572489104379486,0.32920889522337216,0.46099153173326884,0.6824686886114651,0.7436133144865016,0.6435037795917136
2021-06-15 15:30:00,0.5781032078103208,0.06772908366533859,0.33134772896500375,0.2908409212640599,0.3635471332661528,0.021380846325167038,0.5,0.30572489104379486,0.32920889522337216,0.46099153173326884,0.6824686886114651,0.7436133144865016,0.6144590129305793
2021-06-15 15:40:00,0.6750348675034867,0.05179282868525892,0.33968726731198795,0.3086948759150152,0.3830207692609703,0.02873051224944321,0.5,0.30572489104379486,0.32920889522337216,0.46099153173326884,0.6824686886114651,0.7436133144865016,0.7221207960529294
2021-06-15 15:50:00,0.6645746164574616,-0.10756972111553798,0.3459419210722261,0.30833779682199625,0.40500713248092557,0.061358574610244986,0.5,0.30572489104379486,0.32920889522337216,0.46099153173326884,0.6824686886114651,0.7436133144865016,0.5861912880788207
2021-06-15 16:00:00,0.6290097629009763,0.019920318725099362,0.34802680565897237,0.3054811640778434,0.38595228435696427,0.04487750556792874,0.5,0.40501056792640155,0.3148413681333998,0.3580396413341505,0.6366018076146104,0.7518162506648423,0.6125277245499947
2021-06-15 16:10:00,0.6317991631799164,-0.003984063745020028,0.349813849590469,0.31405106231030167,0.3852586669458586,0.05634743875278396,0.5,0.40501056792640155,0.3148413681333998,0.3580396413341505,0.6366018076146104,0.7518162506648423,0.5661918916064397
2021-06-15 16:20:00,0.596234309623431,-0.15537848605577698,0.3536857781087117,0.32583467237993236,0.38576906466346467,0.02861915367483296,0.5,0.40501056792640155,0.3148413681333998,0.3580396413341505,0.6366018076146104,0.7518162506648423,0.5815893899844592
2021-06-15 16:30:00,0.6255230125523014,0.043824701195219085,0.3590469099032014,0.33047670058918044,0.36629542866864717,0.050890868596881966,0.5,0.40501056792640155,0.3148413681333998,0.3580396413341505,0.6366018076146104,0.7518162506648423,0.6126182536928346
2021-06-15 16:40:00,0.6596931659693167,-0.09960159362549814,0.36530156366344,0.3315479378682378,0.3691222467969272,0.05133630289532295,0.5,0.40501056792640155,0.3148413681333998,0.3580396413341505,0.6366018076146104,0.7518162506648423,0.6500595983523696
2021-06-15 16:50:00,0.6569037656903766,0.14741035856573692,0.3739389426656736,0.33690412426352423,0.3834002957689338,0.06369710467706013,0.5,0.40501056792640155,0.3148413681333998,0.3580396413341505,0.6366018076146104,0.7518162506648423,0.5956063189341703
2021-06-15 17:00:00,0.7287308228730822,-0.1394422310756973,0.38227848101265804,0.34511694340296395,0.3632853908468676,0.08608017817371938,0.5,0.4259051111274912,0.3114994813322709,0.303261139320913,0.6299764302428279,0.7453211818438222,0.5890806765544608
2021-06-15 17:10:00,0.7580195258019525,-0.06772908366533881,0.3888309754281456,0.34154615247277276,0.3640182696208661,0.08786191536748329,0.5,0.4259051111274912,0.3114994813322709,0.303261139320913,0.6299764302428279,0.7453211818438222,0.6156962445493912
2021-06-15 17:20:00,0.7210599721059973,0.1633466135458166,0.38972449739389403,0.3426173897518301,0.3392966981193807,0.0643652561247216,0.5,0.4259051111274912,0.3114994813322709,0.303261139320913,0.6299764302428279,0.7453211818438222,0.696101211581695
2021-06-15 17:30:00,0.6638772663877266,-0.1633466135458168,0.39448994787788516,0.34511694340296395,0.3578673227676644,0.05,0.5,0.4259051111274912,0.3114994813322709,0.303261139320913,0.6299764302428279,0.7453211818438222,0.6233082366431795
2021-06-15 17:40:00,0.7154811715481172,-0.059760956175298974,0.39478778853313456,0.3444027852169256,0.3465600502545445,0.06792873051224944,0.5,0.4259051111274912,0.3114994813322709,0.303261139320913,0.6299764302428279,0.7453211818438222,0.7429802193822895
2021-06-15 17:50:00,0.7133891213389122,-0.043824701195219196,0.3962769918093818,0.3490448134261739,0.3451073798275117,0.0489977728285078,0.5,0.4259051111274912,0.3114994813322709,0.303261139320913,0.6299764302428279,0.7453211818438222,0.7647675664257586
2021-06-15 18:00:00,0.794979079497908,0.09163346613545809,0.39806403574087845,0.3561863952865558,0.3543338001073144,0.07683741648106905,0.5,0.4380623789491307,0.2797731080121971,0.29578595399158236,0.7163692699762284,0.7512035723124154,0.7641338624258793
2021-06-15 18:10:00,0.7873082287308228,-0.07569721115537853,0.39806403574087845,0.35083020889126937,0.35299891376896,0.07928730512249443,0.5,0.4380623789491307,0.2797731080121971,0.29578595399158236,0.7163692699762284,0.7512035723124154,0.7796897868038686
2021-06-15 18:20:00,0.8242677824267782,0.08366533864541825,0.403127326880119,0.3533297625424032,0.35030296685032264,0.0824053452115813,0.5,0.4380623789491307,0.2797731080121971,0.29578595399158236,0.7163692699762284,0.7512035723124154,0.8173649984157401
2021-06-15 18:30:00,0.8828451882845189,0.11553784860557759,0.40521221146686504,0.3519014461703267,0.35407205768802924,0.10935412026726059,0.5,0.4380623789491307,0.2797731080121971,0.29578595399158236,0.7163692699762284,0.7512035723124154,0.7162816663397559
2021-06-15 18:40:00,0.9218967921896792,-0.01195219123505975,0.4037230081906178,0.3411890733797538,0.35942469016241113,0.12249443207126949,0.5,0.4380623789491307,0.2797731080121971,0.29578595399158236,0.7163692699762284,0.7512035723124154,0.7422107216681504
2021-06-15 18:50:00,0.9114365411436541,-0.003984063745020028,0.4001489203276245,0.3329762542403143,0.35226603499496145,0.12405345211581292,0.5,0.4380623789491307,0.2797731080121971,0.29578595399158236,0.7163692699762284,0.7512035723124154,0.6935814837726512
2021-06-15 19:00:00,0.8912133891213389,-0.06772908366533881,0.3953834698436334,0.3311908587752188,0.351179803954928,0.11614699331848552,0.5,0.43605925910114074,0.3027582778507322,0.2669467737028596,0.7735421097850184,0.7509516322560666,0.7097560239600464
2021-06-15 19:10:00,0.9316596931659693,-0.3067729083665339,0.3918093819806401,0.3265488305659703,0.35723914096137993,0.12238307349665925,0.5,0.43605925910114074,0.3027582778507322,0.2669467737028596,0.7735421097850184,0.7509516322560666,0.7304343890037268
2021-06-15 19:20:00,0.8514644351464435,-0.01195219123505975,0.39002233804914366,0.3233351187287985,0.3505908835115363,0.09175946547884188,0.5,0.43605925910114074,0.3027582778507322,0.2669467737028596,0.7735421097850184,0.7509516322560666,0.8544593146943886
2021-06-15 19:30:00,0.8535564853556485,0.3067729083665336,0.39478778853313456,0.32547759328691295,0.34345840258601507,0.09610244988864143,0.5,0.43605925910114074,0.3027582778507322,0.2669467737028596,0.7735421097850184,0.7509516322560666,0.8548063430752749
2021-06-15 19:40:00,0.8417015341701535,-0.01195219123505975,0.39806403574087845,0.3315479378682378,0.35468715237334936,0.06937639198218264,0.5,0.43605925910114074,0.3027582778507322,0.2669467737028596,0.7735421097850184,0.7509516322560666,0.9477118759147216
2021-06-15 19:50:00,0.7796373779637378,-0.17928286852589637,0.3962769918093818,0.3390465988216391,0.34642917904490195,0.06325167037861915,0.5,0.43605925910114074,0.3027582778507322,0.2669467737028596,0.7735421097850184,0.7509516322560666,0.9059025001131614
2021-06-15 20:00:00,0.7433751743375174,-0.059760956175298974,0.3953834698436334,0.34833065524013573,0.34334061849733677,0.0601336302895323,0.5,0.426019111987334,0.3113127034801029,0.2533949091991853,0.7266676304255352,0.7570332176936005,0.8362026042216758
2021-06-15 20:10:00,0.8019525801952581,-0.003984063745020028,0.39776619508562905,0.3554722371005179,0.3514938948580702,0.06291759465478843,0.5,0.426019111987334,0.3113127034801029,0.2533949091991853,0.7266676304255352,0.7570332176936005,0.9249513405857236
2021-06-15 20:20:00,0.7538354253835425,0.2111553784860556,0.39776619508562905,0.35761471165863257,0.34997578882621616,0.025946547884187085,0.5,0.426019111987334,0.3113127034801029,0.2533949091991853,0.7266676304255352,0.7570332176936005,0.9151912428142492
2021-06-15 20:30:00,0.7629009762900976,-0.08366533864541836,0.3909158600148921,0.362970898053919,0.3593199931946971,0.022828507795100223,0.5,0.426019111987334,0.3113127034801029,0.2533949091991853,0.7266676304255352,0.7570332176936005,0.9054309941608703
2021-06-15 20:40:00,0.7761506276150628,-0.12350597609561753,0.39002233804914366,0.36761292626316733,0.359869652275196,0.02494432071269488,0.5,0.426019111987334,0.3113127034801029,0.2533949091991853,0.7266676304255352,0.7570332176936005,0.895670896389396
2021-06-15 20:50:00,0.6631799163179917,-0.03585657370517936,0.3885331347728964,0.37546866630958764,0.35367944405910146,0.0022271714922049,0.5,0.426019111987334,0.3113127034801029,0.2533949091991853,0.7266676304255352,0.7570332176936005,0.885910647736017
2021-06-15 21:00:00,0.7705718270571827,0.01195219123505975,0.3834698436336559,0.3922513836814856,0.361636413605371,0.02494432071269488,0.5,0.3986835869113139,0.31637582002660786,0.2567518058648235,0.5478937066458078,0.7749799022135512,0.7852121399580548
2021-06-15 21:10:00,0.7608089260808927,0.1394422310756971,0.3834698436336559,0.3854668809141224,0.3604193113556948,0.015367483296213808,0.5,0.3986835869113139,0.31637582002660786,0.2567518058648235,0.5478937066458078,0.7749799022135512,0.6845135114745688
2021-06-15 21:20:00,0.5334728033472803,-0.003984063745020028,0.37453462397617265,0.38796643456525626,0.36838936802292865,0.003006681514476615,0.5,0.3986835869113139,0.31637582002660786,0.2567518058648235,0.5478937066458078,0.7749799022135512,0.5838148980792733
2021-06-15 21:30:00,0.6352859135285913,0.05976095617529875,0.3655994043186892,0.39582217461167657,0.36231694389551244,0.0073496659242761695,0.5,0.3986835869113139,0.31637582002660786,0.2567518058648235,0.5478937066458078,0.7749799022135512,0.7927787920394707
2021-06-15 21:40:00,0.5871687587168759,0.3067729083665336,0.364705882352941,0.3936797000535619,0.3588750310819123,0.000779510022271715,0.5,0.3986835869113139,0.31637582002660786,0.2567518058648235,0.5478937066458078,0.7749799022135512,0.7052974636751814
2021-06-15 21:50:00,0.41841004184100417,-0.07569721115537853,0.3602382725241995,0.3965363327977147,0.3696849929983903,0.00033407572383073496,0.5,0.3986835869113139,0.31637582002660786,0.2567518058648235,0.5478937066458078,0.7749799022135512,0.3615507642168475
2021-06-15 22:00:00,0.33821478382147835,0.019920318725099362,0.35547282204020836,0.3965363327977147,0.3696849929983903,0.00022271714922048998,0.5,0.2955300523009794,0.3477085231044219,0.28694092249919695,0.47693301560599605,0.8036941229514241,0.20238544291383134
2021-06-15 22:10:00,0.25871687587168757,-0.043824701195219196,0.3527922561429635,0.38975183003035174,0.3696849929983903,0.00044543429844097997,0.5,0.2955300523009794,0.3477085231044219,0.28694092249919695,0.47693301560599605,0.8036941229514241,0.1304449507370581
2021-06-15 22:20:00,0.23849372384937237,0.5378486055776892,0.3489203276247206,0.3836814854490269,0.37166114826399343,0.0006681514476614699,0.5,0.2955300523009794,0.3477085231044219,0.28694092249919695,0.47693301560599605,0.8036941229514241,0.10673385940824116
2021-06-15 22:30:00,0.21617852161785217,0.3067729083665336,0.34772896500372297,0.3793965363327978,0.39455052283048253,0.00044543429844097997,0.5,0.2955300523009794,0.3477085231044219,0.28694092249919695,0.47693301560599605,0.8036941229514241,0.09304132655370642
2021-06-15 22:40:00,0.4246861924686192,0.21912350597609564,0.3459419210722261,0.36582753079807184,0.4149926057766552,0.0012249443207126948,0.5,0.2955300523009794,0.3477085231044219,0.28694092249919695,0.47693301560599605,0.8036941229514241,0.35737887955097547
2021-06-15 22:50:00,0.5767085076708507,-0.059760956175298974,0.34058078927773616,0.34297446884484906,0.4225177003311042,0.00044543429844097997,0.5,0.2955300523009794,0.3477085231044219,0.28694092249919695,0.47693301560599605,0.8036941229514241,0.6739517479668664
2021-06-15 23:00:00,0.7294281729428174,0.13147410358565725,0.3414743112434846,0.3279771469380468,0.42254387457303266,0.016369710467706012,0.5,0.23821256791105938,0.3644064630883879,0.3194362807852381,0.4220571565131894,0.8305107790244147,0.7953739608008812
2021-06-15 23:10:00,0.6834030683403068,0.17131474103585642,0.34385703648548005,0.31262274593822537,0.42881260551491274,0.0071269487750556795,0.5,0.23821256791105938,0.3644064630883879,0.3194362807852381,0.4220571565131894,0.8305107790244147,0.916796173634896
2021-06-15 23:20:00,0.5453277545327755,0.21912350597609564,0.33670886075949347,0.3158364577753974,0.4372668856578241,0.0033407572383073497,0.5,0.23821256791105938,0.3644064630883879,0.3194362807852381,0.4220571565131894,0.8305107790244147,0.6707681397769966
2021-06-15 23:30:00,0.6959553695955369,0.1872509960159361,0.33581533879374503,0.3211926441706838,0.44371883629320386,0.0013363028953229399,0.5,0.23821256791105938,0.3644064630883879,0.3194362807852381,0.4220571565131894,0.8305107790244147,0.9466330702958794
2021-06-15 23:40:00,0.6889818688981869,0.4581673306772909,0.3352196574832462,0.3101231922870915,0.44371883629320386,0.00044543429844097997,0.5,0.23821256791105938,0.3644064630883879,0.3194362807852381,0.4220571565131894,0.8305107790244147,0.9228918025861158
2021-06-15 23:50:00,0.6715481171548118,0.09960159362549792,0.3298585256887563,0.31119442956614884,0.4507858816139038,0.00033407572383073496,0.5,0.23821256791105938,0.3644064630883879,0.3194362807852381,0.4220571565131894,0.8305107790244147,0.8651643858352067
2021-06-16 00:00:00,0.5788005578800558,-0.01195219123505975,0.3262844378257632,0.3201214068916265,0.45363887398411223,0.0017817371937639199,0.5,0.2280014528605776,0.37370225311559757,0.32661611602071994,0.3891430993811016,0.8525829725541669,0.6713188587292727
2021-06-16 00:10:00,0.6269177126917713,0.14741035856573692,0.3206254653760239,0.32226388144974116,0.46143879807881066,0.0044543429844098,0.5,0.2280014528605776,0.37370225311559757,0.32661611602071994,0.3891430993811016,0.8525829725541669,0.7829111154699216
2021-06-16 00:20:00,0.6701534170153417,0.2111553784860556,0.3221146686522709,0.32047848598464546,0.46833571082697517,0.00011135857461024499,0.5,0.2280014528605776,0.37370225311559757,0.32661611602071994,0.3891430993811016,0.8525829725541669,0.8549572249800081
2021-06-16 00:30:00,0.6178521617852162,-0.08366533864541836,0.3185405807892776,0.32226388144974116,0.47480074858331917,0.00011135857461024499,0.5,0.2280014528605776,0.37370225311559757,0.32661611602071994,0.3891430993811016,0.8525829725541669,0.6995488631048479
2021-06-16 00:40:00,0.6185495118549511,0.1633466135458166,0.3104988830975428,0.32404927691483665,0.47480074858331917,0.00011135857461024499,0.5,0.2280014528605776,0.37370225311559757,0.32661611602071994,0.3891430993811016,0.8525829725541669,0.691333343392127
2021-06-16 00:50:00,0.6227336122733612,0.3227091633466135,0.31198808637378983,0.3186930905195502,0.47792857049377707,0.00011135857461024499,0.5,0.2280014528605776,0.37370225311559757,0.32661611602071994,0.3891430993811016,0.8525829725541669,0.7207553148150943
2021-06-16 01:00:00,0.5725244072524408,0.24302788844621515,0.3075204765450483,0.315122299589359,0.48468152491133476,0.00011135857461024499,0.5,0.1819943679973104,0.3756619838106718,0.36882175856442356,0.3597691073262923,0.8843297179325643,0.5846522926505424
2021-06-16 01:10:00,0.4707112970711297,0.31474103585657365,0.3021593447505584,0.31297982503124455,0.48468152491133476,0.00033407572383073496,0.5,0.1819943679973104,0.3756619838106718,0.36882175856442356,0.3597691073262923,0.8843297179325643,0.3984791104002897
2021-06-16 01:20:00,0.37377963737796377,-0.2270916334661356,0.29709605361131786,0.3090519550080342,0.4950465247150279,0.00033407572383073496,0.5,0.1819943679973104,0.3756619838106718,0.36882175856442356,0.3597691073262923,0.8843297179325643,0.22133621014831692
2021-06-16 01:30:00,0.40446304044630405,-0.29083665338645437,0.2917349218168279,0.3036957686127477,0.4958971875777048,0.00022271714922048998,0.5,0.1819943679973104,0.3756619838106718,0.36882175856442356,0.3597691073262923,0.8843297179325643,0.290123270516167
2021-06-16 01:40:00,0.23849372384937237,0.2749003984063745,0.286373790022338,0.2915550794500983,0.4978733428433079,0.00022271714922048998,0.5,0.1819943679973104,0.3756619838106718,0.36882175856442356,0.3597691073262923,0.8843297179325643,0.14624983025785718
2021-06-16 01:50:00,0.3765690376569038,0.1394422310756971,0.2813104988830972,0.28119978575254434,0.5211684181596891,0.00033407572383073496,0.5,0.1819943679973104,0.3756619838106718,0.36882175856442356,0.3597691073262923,0.8843297179325643,0.2556316670941654
2021-06-16 02:00:00,0.35495118549511856,0.2828685258964143,0.28488458674609074,0.26834493840385654,0.5236549711428983,0.00033407572383073496,0.5,0.1639579844461201,0.3692052171364379,0.41372334256159715,0.3182902019283479,0.9334067384925484,0.22070250614843764
2021-06-16 02:10:00,0.303347280334728,0.17928286852589648,0.28518242740134014,0.25227637921799695,0.5236549711428983,0.00044543429844097997,0.5,0.1639579844461201,0.3692052171364379,0.41372334256159715,0.3182902019283479,0.9334067384925484,0.14533699473422154
2021-06-16 02:20:00,0.19456066945606695,0.41035856573705165,0.28488458674609074,0.23906445277629018,0.5236549711428983,0.00033407572383073496,0.5,0.1639579844461201,0.3692052171364379,0.41372334256159715,0.3182902019283479,0.9334067384925484,0.06450955836866486
2021-06-16 02:30:00,0.14644351464435149,0.346613545816733,0.2801191362620996,0.23799321549723285,0.5236549711428983,0.00033407572383073496,0.5,0.1639579844461201,0.3692052171364379,0.41372334256159715,0.3182902019283479,0.9334067384925484,0.04324275389652519
2021-06-16 02:40:00,0.11227336122733612,0.2828685258964143,0.27833209233060296,0.2369219782181753,0.5236549711428983,0.00033407572383073496,0.5,0.1639579844461201,0.3692052171364379,0.41372334256159715,0.3182902019283479,0.9334067384925484,0.023545121233610456
2021-06-16 02:50:00,0.11645746164574616,0.043824701195219085,0.2717795979151154,0.2383502945902518,0.5236549711428983,0.00022271714922048998,0.5,0.1639579844461201,0.3692052171364379,0.41372334256159715,0.3182902019283479,0.9334067384925484,0.022639829805211464
2021-06-16 03:00:00,0.1387726638772664,0.36254980079681287,0.2673119880863737,0.23299410819496535,0.5236549711428983,0.00033407572383073496,0.5,0.1327627397962059,0.36461910248931684,0.505355043404036,0.29489906586323367,0.9895535158583357,0.036309730374036245
2021-06-16 03:10:00,0.08437935843793584,0.21912350597609564,0.2673119880863737,0.2287091590787358,0.5236549711428983,0.012138084632516704,0.5,0.1327627397962059,0.36461910248931684,0.505355043404036,0.29489906586323367,0.9895535158583357,0.0
2021-06-16 03:20:00,0.13528591352859135,0.14741035856573692,0.26582278481012644,0.2158543117300482,0.5236549711428983,0.49309576837416486,0.5,0.1327627397962059,0.36461910248931684,0.505355043404036,0.29489906586323367,0.9895535158583357,0.0
2021-06-16 03:30:00,0.13528591352859135,-0.8007968127490039,0.27803425167535356,0.2240671308694877,0.5236549711428983,0.9993318485523385,0.5,0.1327627397962059,0.36461910248931684,0.505355043404036,0.29489906586323367,0.9895535158583357,0.0
2021-06-16 03:40:00,0.13528591352859135,-0.6175298804780878,0.28518242740134014,0.24584895554365294,0.5236549711428983,0.9993318485523385,0.5,0.1327627397962059,0.36461910248931684,0.505355043404036,0.29489906586323367,0.9895535158583357,0.0
2021-06-16 03:50:00,0.11854951185495119,-0.547410358565737,0.28160833953834685,0.24870558828780576,0.5236549711428983,0.9993318485523385,0.5,0.1327627397962059,0.36461910248931684,0.505355043404036,0.29489906586323367,0.9895535158583357,0.0
2021-06-16 04:00:00,0.11087866108786612,-0.47729083665338645,0.27743857036485475,0.24442063917157664,0.5236549711428983,0.9993318485523385,0.5,0.053638738679544495,0.3672541069576173,0.6165399603350784,0.3128397050412552,0.048629977198351895,0.0
2021-06-16 04:10:00,0.1206415620641562,-0.40717131474103585,0.2762472077438567,0.23585074093911795,0.5236549711428983,0.9993318485523385,0.5,0.053638738679544495,0.3672541069576173,0.6165399603350784,0.3128397050412552,0.048629977198351895,0.0
2021-06-16 04:20:00,0.21687587168758715,-0.33705179282868525,0.270886075949367,0.22763792179967868,0.5603250840847521,0.9384187082405345,0.5,0.053638738679544495,0.3672541069576173,0.6165399603350784,0.3128397050412552,0.048629977198351895,0.0
2021-06-16 04:30:00,0.1311018131101813,-0.26693227091633476,0.2720774385703646,0.23442242456704165,0.6200154428027378,0.11948775055679288,0.5,0.053638738679544495,0.3672541069576173,0.6165399603350784,0.3128397050412552,0.048629977198351895,0.0
2021-06-16 04:40:00,0.1589958158995816,0.3266932270916332,0.26641846612062525,0.23299410819496535,0.6161023936344243,0.9992204899777284,0.5,0.053638738679544495,0.3672541069576173,0.6165399603350784,0.3128397050412552,0.048629977198351895,0.0
2021-06-16 04:50:00,0.19665271966527195,0.9203187250996017,0.25480268056589694,0.23227995000892698,0.6440433968931175,0.6357461024498887,0.5,0.053638738679544495,0.3672541069576173,0.6165399603350784,0.3128397050412552,0.048629977198351895,0.013700076949771415
2021-06-16 05:00:00,0.12552301255230125,0.3784860557768923,0.2753536857781087,0.24941974647384413,0.6635039457669707,0.00011135857461024499,0.5,0.032385883238171376,0.37281433994143826,0.6741538993377386,0.33294728191284595,0.08894130346929,0.021817523424415713
2021-06-16 05:10:00,0.14435146443514643,0.29083665338645415,0.2911392405063289,0.29405463310123214,0.6758189265943385,0.00011135857461024499,0.5,0.032385883238171376,0.37281433994143826,0.6741538993377386,0.33294728191284595,0.08894130346929,0.02817719570891863
2021-06-16 05:20:00,0.10111576011157601,0.019920318725099362,0.29709605361131786,0.3301196214961615,0.6758189265943385,0.00011135857461024499,0.5,0.032385883238171376,0.37281433994143826,0.6741538993377386,0.33294728191284595,0.08894130346929,0.003809768094512425
2021-06-16 05:30:00,0.10181311018131102,0.06772908366533859,0.29798957557706607,0.37368327084449215,0.6758189265943385,0.00011135857461024499,0.5,0.032385883238171376,0.37281433994143826,0.6741538993377386,0.33294728191284595,0.08894130346929,0.0018860238091645669
2021-06-16 05:40:00,0.07601115760111576,-0.08366533864541836,0.2825018615040953,0.3929655418675235,0.6758189265943385,0.00044543429844097997,0.5,0.032385883238171376,0.37281433994143826,0.6741538993377386,0.33294728191284595,0.08894130346929,0.0
2021-06-16 05:50:00,0.08298465829846582,-0.1633466135458168,0.24318689501116886,0.31155150865916803,0.6614623548965464,0.7478841870824053,0.5,0.032385883238171376,0.37281433994143826,0.6741538993377386,0.33294728191284595,0.08894130346929,0.0
2021-06-16 06:00:00,0.12203626220362622,-0.29083665338645437,0.2527177959791511,0.30833779682199625,0.6593422413003364,0.9993318485523385,0.5,0.09844064300754152,0.4078136359326118,0.6582478574436784,0.3808964876550792,0.11427471604464842,0.0
2021-06-16 06:10:00,0.13668061366806136,-0.17131474103585675,0.25897244973938927,0.3090519550080342,0.6593422413003364,0.9993318485523385,0.5,0.09844064300754152,0.4078136359326118,0.6582478574436784,0.3808964876550792,0.11427471604464842,0.0
2021-06-16 06:20:00,0.1806136680613668,0.4183266932270917,0.2568875651526432,0.30119621496161386,0.6593422413003364,0.9993318485523385,0.5,0.09844064300754152,0.4078136359326118,0.6582478574436784,0.3808964876550792,0.11427471604464842,0.0
2021-06-16 06:30:00,0.14783821478382148,0.49800796812749004,0.2577810871183914,0.2908409212640599,0.6593422413003364,0.9993318485523385,0.5,0.09844064300754152,0.4078136359326118,0.6582478574436784,0.3808964876550792,0.11427471604464842,0.0
2021-06-16 06:40:00,0.14644351464435149,-0.553784860557769,0.2604616530156365,0.28227102303160145,0.6593422413003364,0.9993318485523385,0.5,0.09844064300754152,0.4078136359326118,0.6582478574436784,0.3808964876550792,0.11427471604464842,0.0
2021-06-16 06:50:00,0.1596931659693166,-0.5192563081009296,0.2670141474311243,0.27441528298518114,0.6593422413003364,0.9993318485523385,0.5,0.09844064300754152,0.4078136359326118,0.6582478574436784,0.3808964876550792,0.11427471604464842,0.0
2021-06-16 07:00:00,0.15550906555090654,-0.48472775564409043,0.26641846612062525,0.2672737011247992,0.6593422413003364,0.9993318485523385,0.5,0.11137150238658022,0.4081297215285887,0.64806798048635,0.37655702504687216,0.13221963052062657,0.0
2021-06-16 07:10:00,0.1680613668061367,-0.45019920318725104,0.2655249441548768,0.2622745938225317,0.6593422413003364,0.9993318485523385,0.5,0.11137150238658022,0.4081297215285887,0.64806798048635,0.37655702504687216,0.13221963052062657,0.0
2021-06-16 07:20:00,0.17433751743375175,-0.7609561752988048,0.2646314221891286,0.25870380289234074,0.6593422413003364,0.8912026726057907,0.5,0.11137150238658022,0.4081297215285887,0.64806798048635,0.37655702504687216,0.13221963052062657,0.0
2021-06-16 07:30:00,0.11645746164574616,-0.6812749003984064,0.26284437825763196,0.25513301196214955,0.651594665689495,0.16414253897550113,0.5,0.11137150238658022,0.4081297215285887,0.64806798048635,0.37655702504687216,0.13221963052062657,0.0
2021-06-16 07:40:00,0.1792189679218968,-0.605577689243028,0.2679076693968725,0.25691840742724525,0.6383243250317363,0.9992204899777284,0.5,0.11137150238658022,0.4081297215285887,0.64806798048635,0.37655702504687216,0.13221963052062657,0.0
2021-06-16 07:50:00,0.15481171548117156,-0.5298804780876495,0.2714817572598658,0.2597750401713981,0.607648113491513,0.3475501113585746,0.5,0.11137150238658022,0.4081297215285887,0.64806798048635,0.37655702504687216,0.13221963052062657,0.0
2021-06-16 08:00:00,0.16945606694560672,0.36254980079681287,0.2750558451228593,0.25656132833422607,0.5989451780502807,0.7080178173719377,0.5,0.14875527937715094,0.4130577833204517,0.5714996416866938,0.37422970336987504,0.1455702524838322,0.0
2021-06-16 08:10:00,0.15411436541143653,0.27224435590969454,0.2688011913626207,0.2547759328691306,0.5989451780502807,0.9993318485523385,0.5,0.14875527937715094,0.4130577833204517,0.5714996416866938,0.37422970336987504,0.1455702524838322,0.0
2021-06-16 08:20:00,0.17224546722454673,0.1819389110225762,0.2673119880863737,0.24584895554365294,0.5989451780502807,0.9993318485523385,0.5,0.14875527937715094,0.4130577833204517,0.5714996416866938,0.37422970336987504,0.1455702524838322,0.0
2021-06-16 08:30:00,0.1708507670850767,0.09163346613545809,0.2747580044676097,0.24049276914836648,0.6246351965031213,0.3265033407572383,0.5,0.14875527937715094,0.4130577833204517,0.5714996416866938,0.37422970336987504,0.1455702524838322,0.01362463599740483
2021-06-16 08:40:00,0.14295676429567641,-0.40239043824701204,0.2991809381980639,0.2576325656132834,0.6214681132297706,0.00033407572383073496,0.5,0.14875527937715094,0.4130577833204517,0.5714996416866938,0.37422970336987504,0.1455702524838322,0.022315433710035155
2021-06-16 08:50:00,0.15620641562064158,0.49800796812749004,0.3221146686522709,0.2929833958221746,0.6176728481501355,0.00033407572383073496,0.5,0.14875527937715094,0.4130577833204517,0.5714996416866938,0.37422970336987504,0.1455702524838322,0.01609909923502874
2021-06-16 09:00:00,0.11157601115760113,-0.01195219123505975,0.33611317944899466,0.33047670058918044,0.6239808404549083,0.02305122494432071,0.5,0.198784913597154,0.4143307462206212,0.43474506620141107,0.44311567298618315,0.17560143484277058,0.0
2021-06-16 09:10:00,0.198744769874477,-0.3944223107569722,0.341772151898734,0.32869130512408495,0.6143356323042494,0.48919821826280624,0.5,0.198784913597154,0.4143307462206212,0.43474506620141107,0.44311567298618315,0.17560143484277058,0.0
2021-06-16 09:20:00,0.21827057182705717,-0.09960159362549814,0.3495160089352196,0.32726298875200865,0.6063917498789442,0.0064587973273942095,0.5,0.198784913597154,0.4143307462206212,0.43474506620141107,0.44311567298618315,0.17560143484277058,0.07250629931952261
2021-06-16 09:30:00,0.28661087866108786,-0.24302788844621515,0.34772896500372297,0.3133369041242635,0.6073340225883709,0.0021158129175946547,0.5,0.198784913597154,0.4143307462206212,0.43474506620141107,0.44311567298618315,0.17560143484277058,0.12358736816693573
2021-06-16 09:40:00,0.3277545327754533,-0.21115537848605592,0.3349218168279968,0.26834493840385654,0.584209079844525,0.007461024498886415,0.5,0.198784913597154,0.4143307462206212,0.43474506620141107,0.44311567298618315,0.17560143484277058,0.18258219291760341
2021-06-16 09:50:00,0.300557880055788,0.019920318725099362,0.33611317944899466,0.25013390465988206,0.5684129248406643,0.0020044543429844097,0.5,0.198784913597154,0.4143307462206212,0.43474506620141107,0.44311567298618315,0.17560143484277058,0.15530274454184712
2021-06-16 10:00:00,0.2838214783821479,0.3705179282868525,0.3420699925539836,0.24263524370648093,0.6054102158066247,0.0034521158129175947,0.5,0.39946528326945674,0.40899752016482416,0.262521721674195,0.4755846962070965,0.21745489261273676,0.15462377597054786
2021-06-16 10:10:00,0.3096234309623431,-0.47410358565737054,0.3447505584512285,0.2401356900553473,0.5958958788656084,0.0023385300668151447,0.5,0.39946528326945674,0.40899752016482416,0.262521721674195,0.4755846962070965,0.21745489261273676,0.17395174796686635
2021-06-16 10:20:00,0.23291492329149233,0.08366533864541825,0.34683544303797453,0.24156400642742382,0.6166127913520304,0.000556792873051225,0.5,0.39946528326945674,0.40899752016482416,0.262521721674195,0.4755846962070965,0.21745489261273676,0.10042699579039487
2021-06-16 10:30:00,0.2377963737796374,0.33864541832669315,0.3530900967982129,0.24620603463667212,0.6292418630825405,0.00033407572383073496,0.5,0.39946528326945674,0.40899752016482416,0.262521721674195,0.4755846962070965,0.21745489261273676,0.10782775321755662
2021-06-16 10:40:00,0.25523012552301255,-0.5617529880478087,0.3569620253164556,0.26298875200856986,0.5991938333486017,0.000556792873051225,0.5,0.39946528326945674,0.40899752016482416,0.262521721674195,0.4755846962070965,0.21745489261273676,0.08765484255473241
2021-06-16 10:50:00,0.2601115760111576,0.38645418326693215,0.3638123603871928,0.2672737011247992,0.5781890042009658,0.0013363028953229399,0.5,0.39946528326945674,0.40899752016482416,0.262521721674195,0.4755846962070965,0.21745489261273676,0.11405917588303635
2021-06-16 11:00:00,0.3521617852161785,-0.21115537848605592,0.37483246463142206,0.276914836636315,0.6086034733219039,0.000556792873051225,0.5,0.4185765701884081,0.40794869068725786,0.22629993036636475,0.4655526509212529,0.26353858708684047,0.20955987748389335
2021-06-16 11:10:00,0.2796373779637378,0.3067729083665336,0.3781087118391657,0.27441528298518114,0.5961052728010365,0.00044543429844097997,0.5,0.4185765701884081,0.40794869068725786,0.22629993036636475,0.4655526509212529,0.26353858708684047,0.1475625028290357
2021-06-16 11:20:00,0.3242677824267783,-0.4661354581673308,0.38168279970215924,0.27977146938046804,0.6117443823533262,0.00033407572383073496,0.5,0.4185765701884081,0.40794869068725786,0.22629993036636475,0.4655526509212529,0.26353858708684047,0.1718016808244187
2021-06-16 11:30:00,0.2635983263598326,0.4422310756972112,0.3879374534623974,0.28727013033386894,0.6054625642904817,0.00033407572383073496,0.5,0.4185765701884081,0.40794869068725786,0.22629993036636475,0.4655526509212529,0.26353858708684047,0.12314981064320957
2021-06-16 11:40:00,0.3493723849372385,-0.40239043824701204,0.39478778853313456,0.29048384217104095,0.6141916739736426,0.00033407572383073496,0.5,0.4185765701884081,0.40794869068725786,0.22629993036636475,0.4655526509212529,0.26353858708684047,0.22384084976688745
2021-06-16 11:50:00,0.3319386331938633,0.3067729083665336,0.40104244229337294,0.2965541867523658,0.5966156705186426,0.00044543429844097997,0.5,0.4185765701884081,0.40794869068725786,0.22629993036636475,0.4655526509212529,0.26353858708684047,0.24457202347722437
2021-06-16 12:00:00,0.2594142259414226,0.25099601593625476,0.40580789277736407,0.3090519550080342,0.6156050830377825,0.0008908685968819599,0.5,0.43459355758394236,0.40092871695109517,0.20856180482875214,0.49479090424284994,0.2532320861919628,0.14149705025876247
2021-06-16 12:10:00,0.21548117154811713,0.2828685258964143,0.41325390915860005,0.3215497232637028,0.631793851670571,0.00033407572383073496,0.5,0.43459355758394236,0.40092871695109517,0.20856180482875214,0.49479090424284994,0.2532320861919628,0.06981305732003562
2021-06-16 12:20:00,0.3228730822873082,-0.24302788844621515,0.41682799702159334,0.3390465988216391,0.6448547983929015,0.00033407572383073496,0.5,0.43459355758394236,0.40092871695109517,0.20856180482875214,0.49479090424284994,0.2532320861919628,0.20035608129517027
2021-06-16 12:30:00,0.3800557880055788,-0.553784860557769,0.4221891288160833,0.33654704517050527,0.5942207273821831,0.0022271714922049,0.5,0.43459355758394236,0.40092871695109517,0.20856180482875214,0.49479090424284994,0.2532320861919628,0.2623157354738446
2021-06-16 12:40:00,0.3800557880055788,0.20318725099601576,0.42933730454206964,0.34940189251919307,0.5742890421536166,0.004120267260579065,0.5,0.43459355758394236,0.40092871695109517,0.20856180482875214,0.49479090424284994,0.2532320861919628,0.2691355975677837
2021-06-16 12:50:00,0.4121338912133891,0.4422310756972112,0.4346984363365598,0.3540439207284414,0.6085511248380469,0.00033407572383073496,0.5,0.43459355758394236,0.40092871695109517,0.20856180482875214,0.49479090424284994,0.2532320861919628,0.31519229898758244
2021-06-16 13:00:00,0.2880055788005579,-0.2749003984063746,0.4388682055100521,0.3586859489376897,0.6189815602465614,0.000556792873051225,0.5,0.5217056903372428,0.3929145103403088,0.12924629166969437,0.5265208954264844,0.24854863737011904,0.15927093863632935
2021-06-16 13:10:00,0.3647140864714087,0.24302788844621515,0.4454206999255397,0.36261381896089984,0.6121108217403254,0.00033407572383073496,0.5,0.5217056903372428,0.3929145103403088,0.12924629166969437,0.5265208954264844,0.24854863737011904,0.2549828749038128
2021-06-16 13:20:00,0.30404463040446306,-0.12350597609561753,0.4507818317200294,0.3654704517050529,0.6336783970894243,0.000556792873051225,0.5,0.5217056903372428,0.3929145103403088,0.12924629166969437,0.5265208954264844,0.24854863737011904,0.15780738416041765
2021-06-16 13:30:00,0.5055788005578801,0.03585657370517925,0.457036485480268,0.37832529905374046,0.6154742118281399,0.0010022271714922048,0.5,0.5217056903372428,0.3929145103403088,0.12924629166969437,0.5265208954264844,0.24854863737011904,0.49263696304902155
2021-06-16 13:40:00,0.36610878661087864,-0.043824701195219196,0.458525688756515,0.3826102481699696,0.6211540223266283,0.0010022271714922048,0.5,0.5217056903372428,0.3929145103403088,0.12924629166969437,0.5265208954264844,0.24854863737011904,0.2651900357590114
2021-06-16 13:50:00,0.5111576011157601,-0.07569721115537853,0.46388682055100494,0.38939475093733256,0.653008074753635,0.000556792873051225,0.5,0.5217056903372428,0.3929145103403088,0.12924629166969437,0.5265208954264844,0.24854863737011904,0.45319643315177216
2021-06-16 14:00:00,0.39539748953974896,0.31474103585657365,0.4734177215189872,0.404749151937154,0.6240462760597296,0.000556792873051225,0.5,0.5333825402580126,0.3694322240644576,0.12513269512857492,0.5583306265612934,0.2525300925877408,0.29937233127631
2021-06-16 14:10:00,0.38772663877266383,-0.2828685258964144,0.4778853313477287,0.41546152472772735,0.6241902343903365,0.00033407572383073496,0.5,0.5333825402580126,0.3694322240644576,0.12513269512857492,0.5583306265612934,0.2525300925877408,0.29215263213482806
2021-06-16 14:20:00,0.3591352859135286,0.17928286852589648,0.48235294117647043,0.4226031065881093,0.6541073929146328,0.000556792873051225,0.5,0.5333825402580126,0.3694322240644576,0.12513269512857492,0.5583306265612934,0.2525300925877408,0.25522428595138585
2021-06-16 14:30:00,0.3682008368200837,0.2749003984063745,0.49009679821295604,0.42617389751830026,0.6440695711350459,0.00044543429844097997,0.5,0.5333825402580126,0.3694322240644576,0.12513269512857492,0.5583306265612934,0.2525300925877408,0.2731641444241592
2021-06-16 14:40:00,0.41562064156206413,-0.21115537848605592,0.4936708860759491,0.4351008748437779,0.6190339087304184,0.0008908685968819599,0.5,0.5333825402580126,0.3694322240644576,0.12513269512857492,0.5583306265612934,0.2525300925877408,0.31287626174992833
2021-06-16 14:50:00,0.298465829846583,0.2589641434262948,0.49813849590469084,0.44081414033208355,0.636243472798419,0.000556792873051225,0.5,0.5333825402580126,0.3694322240644576,0.12513269512857492,0.5583306265612934,0.2525300925877408,0.1790892768230306
2021-06-16 15:00:00,0.43096234309623427,-0.2589641434262948,0.5058823529411764,0.45331190858775217,0.6246090222611927,0.0034521158129175947,0.5,0.5402632159115581,0.34932343314933345,0.12363945882326384,0.6022805663645645,0.2617613109424268,0.390059900116179
2021-06-16 15:10:00,0.28451882845188287,0.09163346613545809,0.510349962769918,0.45366898768077135,0.637408226564238,0.0008908685968819599,0.5,0.5402632159115581,0.34932343314933345,0.12363945882326384,0.6022805663645645,0.2617613109424268,0.16922914434871825
2021-06-16 15:20:00,0.4476987447698745,-0.5856573705179284,0.5139240506329112,0.459382253169077,0.6339401395087094,0.2837416481069042,0.5,0.5402632159115581,0.34932343314933345,0.12363945882326384,0.6022805663645645,0.2617613109424268,0.18170707787015106
2021-06-16 15:30:00,0.37517433751743373,0.25099601593625476,0.5246463142218911,0.4686663095875736,0.6096242687571162,0.0044543429844098,0.5,0.5402632159115581,0.34932343314933345,0.12363945882326384,0.6022805663645645,0.2617613109424268,0.2419165019539207
2021-06-16 15:40:00,0.31729428172942814,0.019920318725099362,0.5228592702903945,0.4700946259596501,0.601837431783382,0.00044543429844097997,0.5,0.5402632159115581,0.34932343314933345,0.12363945882326384,0.6022805663645645,0.2617613109424268,0.2376616322404454
2021-06-16 15:50:00,0.5244072524407252,-0.2749003984063746,0.5291139240506326,0.47723620782003207,0.5923885304471869,0.00022271714922048998,0.5,0.5402632159115581,0.34932343314933345,0.12363945882326384,0.6022805663645645,0.2617613109424268,0.5165291126635182
2021-06-16 16:00:00,0.40585774058577406,0.2589641434262948,0.5294117647058822,0.4783074450990894,0.6171231890696365,0.0006681514476614699,0.5,0.6041275448824186,0.32555092282626635,0.08660453535495338,0.6497174926449618,0.26931504167409726,0.31765921812996967
2021-06-16 16:10:00,0.46722454672245467,-0.12350597609561753,0.5306031273268801,0.48223531512229956,0.6295297797437541,0.0006681514476614699,0.5,0.6041275448824186,0.32555092282626635,0.08660453535495338,0.6497174926449618,0.26931504167409726,0.3739306245002037
2021-06-16 16:20:00,0.36610878661087864,-0.2509960159362551,0.5335815338793746,0.4797357614711659,0.6238499692452658,0.00033407572383073496,0.5,0.6041275448824186,0.32555092282626635,0.08660453535495338,0.6497174926449618,0.26931504167409726,0.2571782066176803
2021-06-16 16:30:00,0.31241283124128316,-0.06772908366533881,0.5392405063291137,0.4918764506338156,0.6320686812108205,0.00033407572383073496,0.5,0.6041275448824186,0.32555092282626635,0.08660453535495338,0.6497174926449618,0.26931504167409726,0.15498589254190745
2021-06-16 16:40:00,0.46722454672245467,0.19521912350597592,0.5451973194341024,0.5029459025174075,0.6242949313580505,0.000779510022271715,0.5,0.6041275448824186,0.32555092282626635,0.08660453535495338,0.6497174926449618,0.26931504167409726,0.41733934849193544
2021-06-16 16:50:00,0.3235704323570432,0.10756972111553775,0.5454951600893521,0.5015175861453312,0.6539503474630617,0.00033407572383073496,0.5,0.6041275448824186,0.32555092282626635,0.08660453535495338,0.6497174926449618,0.26931504167409726,0.1810809179655084
2021-06-16 17:00:00,0.5788005578800558,-0.24302788844621515,0.5469843633655993,0.5040171397964648,0.638913245475128,0.00044543429844097997,0.5,0.6011961084949318,0.313769550612489,0.08874249466461279,0.6897510164993572,0.27130849353896896,0.6018679179805966
2021-06-16 17:10:00,0.3493723849372385,0.07569721115537842,0.5520476545048398,0.5058025352615605,0.6296606509533967,0.00033407572383073496,0.5,0.6011961084949318,0.313769550612489,0.08874249466461279,0.6897510164993572,0.27130849353896896,0.25262157309473876
2021-06-16 17:20:00,0.3207810320781032,0.17928286852589648,0.5568131049888307,0.522228173540439,0.6360209917420266,0.00022271714922048998,0.5,0.6011961084949318,0.313769550612489,0.08874249466461279,0.6897510164993572,0.27130849353896896,0.20077100653318647
2021-06-16 17:30:00,0.45188284518828453,-0.02788844621513953,0.5618763961280713,0.5290126763078022,0.6406014840795173,0.000556792873051225,0.5,0.6011961084949318,0.313769550612489,0.08874249466461279,0.6897510164993572,0.27130849353896896,0.4033978604945909
2021-06-16 17:40:00,0.43654114365411434,-0.0916334661354582,0.5600893521965746,0.5215140153544011,0.6358246849275628,0.0044543429844098,0.5,0.6011961084949318,0.313769550612489,0.08874249466461279,0.6897510164993572,0.27130849353896896,0.3547309021229084
2021-06-16 17:50:00,0.3821478382147839,-0.05179282868525903,0.5594936708860758,0.5240135690055348,0.5921267880279018,0.00022271714922048998,0.5,0.6011961084949318,0.313769550612489,0.08874249466461279,0.6897510164993572,0.27130849353896896,0.2816663397558731
2021-06-16 18:00:00,0.4923291492329149,0.7928286852589641,0.5559195830230825,0.5315122299589359,0.6362958212822761,0.004231625835189309,0.5,0.5441636596077077,0.2844540483381083,0.1214374583811898,0.6637013305723054,0.26967667027172754,0.517132640282451
2021-06-16 18:10:00,0.5557880055788006,-0.21912350597609564,0.5514519731943408,0.5186573826102483,0.6675871275078196,0.000556792873051225,0.5,0.5441636596077077,0.2844540483381083,0.1214374583811898,0.6637013305723054,0.26967667027172754,0.557772681322329
2021-06-16 18:20:00,0.45258019525801957,0.43426294820717115,0.552941176470588,0.5118728798428851,0.6546439648741673,0.00033407572383073496,0.5,0.5441636596077077,0.2844540483381083,0.1214374583811898,0.6637013305723054,0.26967667027172754,0.384432005069632
2021-06-16 18:30:00,0.4916317991631799,-0.5776892430278885,0.5547282204020847,0.5225852526334585,0.6298438706468964,0.00022271714922048998,0.5,0.5441636596077077,0.2844540483381083,0.1214374583811898,0.6637013305723054,0.26967667027172754,0.42232599544336646
2021-06-16 18:40:00,0.5327754532775453,0.5139442231075697,0.5556217423678329,0.5272272808427065,0.6280771093167213,0.17115812917594656,0.5,0.5441636596077077,0.2844540483381083,0.1214374583811898,0.6637013305723054,0.26967667027172754,0.37235390859574213
2021-06-16 18:50:00,0.41492329149232915,-0.31474103585657376,0.5493670886075948,0.5261560435636492,0.6651005745246104,0.00011135857461024499,0.5,0.5441636596077077,0.2844540483381083,0.1214374583811898,0.6637013305723054,0.26967667027172754,0.2886597160402553
2021-06-16 19:00:00,0.46164574616457466,0.3545816733067728,0.5469843633655993,0.5293697554008212,0.6422635484419782,0.00044543429844097997,0.5,0.5365744976274278,0.3269215849106467,0.12151963393327826,0.6271205556445715,0.2658527092319859,0.4356941322027249
2021-06-16 19:10:00,0.49442119944211993,-0.29083665338645437,0.5431124348473564,0.5207998571683627,0.6566593815026632,0.00044543429844097997,0.5,0.5365744976274278,0.3269215849106467,0.12151963393327826,0.6271205556445715,0.2658527092319859,0.45686286343678806
2021-06-16 19:20:00,0.5076708507670851,0.25099601593625476,0.5440059568131048,0.5257989644706302,0.6651005745246104,0.00033407572383073496,0.5,0.5365744976274278,0.3269215849106467,0.12151963393327826,0.6271205556445715,0.2658527092319859,0.5381504896117809
2021-06-16 19:30:00,0.4874476987447699,-0.40239043824701204,0.5419210722263585,0.5232994108194964,0.6520396278022798,0.00022271714922048998,0.5,0.5365744976274278,0.3269215849106467,0.12151963393327826,0.6271205556445715,0.2658527092319859,0.4229823317289557
2021-06-16 19:40:00,0.397489539748954,0.12350597609561742,0.5451973194341024,0.5282985181217639,0.6624438889688659,0.00033407572383073496,0.5,0.5365744976274278,0.3269215849106467,0.12151963393327826,0.6271205556445715,0.2658527092319859,0.2967771625148996
2021-06-16 19:50:00,0.6380753138075315,0.21912350597609564,0.5404318689501115,0.5265131226566686,0.6657025820889662,0.000556792873051225,0.5,0.5365744976274278,0.3269215849106467,0.12151963393327826,0.6271205556445715,0.2658527092319859,0.7815305460416133
2021-06-16 20:00:00,0.6729428172942817,0.17131474103585642,0.5326880119136261,0.5090162470987323,0.6724162751436311,0.008463251670378619,0.5,0.527739531048891,0.31931254256379854,0.11701633759035664,0.6171815131793322,0.27399829987582086,0.8560511187893236
2021-06-16 20:10:00,0.6338912133891214,0.043824701195219085,0.5225614296351451,0.4943760042849492,0.6839329415921791,0.004120267260579065,0.5,0.527739531048891,0.31931254256379854,0.11701633759035664,0.6171815131793322,0.27399829987582086,0.7764382817568689
2021-06-16 20:20:00,0.7273361227336123,-0.2828685258964144,0.5151154132539089,0.4815211569362612,0.6846789074871419,0.0034521158129175947,0.5,0.527739531048891,0.31931254256379854,0.11701633759035664,0.6171815131793322,0.27399829987582086,0.9999396472381068
2021-06-16 20:30:00,0.6408647140864714,-0.3227091633466136,0.5130305286671628,0.4811640778432422,0.6846789074871419,0.0028953229398663697,0.5,0.527739531048891,0.31931254256379854,0.11701633759035664,0.6171815131793322,0.27399829987582086,0.8098963441314483
2021-06-16 20:40:00,0.6931659693165969,-0.08366533864541836,0.5130305286671628,0.4861631851455097,0.6812893431573989,0.0017817371937639199,0.5,0.527739531048891,0.31931254256379854,0.11701633759035664,0.6171815131793322,0.27399829987582086,0.9261961162997723
2021-06-16 20:50:00,0.6213389121338913,-0.043824701195219196,0.5055845122859268,0.4947330833779682,0.6800722409077227,0.000556792873051225,0.5,0.527739531048891,0.31931254256379854,0.11701633759035664,0.6171815131793322,0.27399829987582086,0.773194320805106
2021-06-16 21:00:00,0.599023709902371,-0.20318725099601598,0.4993298585256887,0.49651847884306366,0.6813024302783631,0.00033407572383073496,0.5,0.5290179549686596,0.32752502104842723,0.10441684715486808,0.5713978528458064,0.2933333051867628,0.7055237865322812
2021-06-16 21:10:00,0.598326359832636,0.05179282868525892,0.49456440804169755,0.5068737725406176,0.6682807449189253,0.00033407572383073496,0.5,0.5290179549686596,0.32752502104842723,0.10441684715486808,0.5713978528458064,0.2933333051867628,0.7006804773903466
2021-06-16 21:20:00,0.49372384937238495,0.1394422310756971,0.48741623231571096,0.4954472415640063,0.66669720328225,0.00022271714922048998,0.5,0.5290179549686596,0.32752502104842723,0.10441684715486808,0.5713978528458064,0.2933333051867628,0.4700046773390467
2021-06-16 21:30:00,0.45746164574616455,-0.4900398406374503,0.4808637379002232,0.5004463488662738,0.6736988129981285,0.00022271714922048998,0.5,0.5290179549686596,0.32752502104842723,0.10441684715486808,0.5713978528458064,0.2933333051867628,0.4124055102071608
2021-06-16 21:40:00,0.5418410041841004,-0.06772908366533881,0.4766939687267311,0.497589716122121,0.6624700632107943,0.00033407572383073496,0.5,0.5290179549686596,0.32752502104842723,0.10441684715486808,0.5713978528458064,0.2933333051867628,0.5500173514190444
2021-06-16 21:50:00,0.597629009762901,0.03585657370517925,0.47580044676098265,0.4754508123549366,0.6624438889688659,0.00011135857461024499,0.5,0.5290179549686596,0.32752502104842723,0.10441684715486808,0.5713978528458064,0.2933333051867628,0.6789610272040074
2021-06-16 22:00:00,0.4693165969316597,-0.298804780876494,0.47133283693224115,0.4733083377968219,0.6560704610592716,0.00022271714922048998,0.5,0.44320866059662656,0.3291830336746112,0.16035455707187207,0.5333487869599798,0.3102337092119705,0.3962083377340556
2021-06-16 22:10:00,0.5271966527196652,-0.06772908366533881,0.46775874906924786,0.46938046777361175,0.6476030937953959,0.00022271714922048998,0.5,0.44320866059662656,0.3291830336746112,0.16035455707187207,0.5333487869599798,0.3102337092119705,0.5460642455150354
2021-06-16 22:20:00,0.4198047419804742,-0.23505976095617542,0.46358897989575576,0.47152294233172665,0.6500503854157125,0.00022271714922048998,0.5,0.44320866059662656,0.3291830336746112,0.16035455707187207,0.5333487869599798,0.3102337092119705,0.36960031383436187
2021-06-16 22:30:00,0.4225941422594142,-0.2749003984063746,0.4626954579300073,0.4690233886805928,0.6399994765151614,0.00022271714922048998,0.5,0.44320866059662656,0.3291830336746112,0.16035455707187207,0.5333487869599798,0.3102337092119705,0.32436591879535887
2021-06-16 22:40:00,0.3898186889818689,-0.17131474103585675,0.46358897989575576,0.4633101231922869,0.6299485676146105,0.00011135857461024499,0.5,0.44320866059662656,0.3291830336746112,0.16035455707187207,0.5333487869599798,0.3102337092119705,0.2602637415694736
2021-06-16 22:50:00,0.3507670850767085,-0.09960159362549814,0.4609084139985107,0.45366898768077135,0.6222664276085904,0.00022271714922048998,0.5,0.44320866059662656,0.3291830336746112,0.16035455707187207,0.5333487869599798,0.3102337092119705,0.20120856405691265
2021-06-16 23:00:00,0.4372384937238493,0.06772908366533859,0.4537602382725241,0.45188359221567564,0.6517386240201019,0.00022271714922048998,0.5,0.38647749016667543,0.3484355199751742,0.199594144078852,0.48362582838546675,0.30278839520191697,0.33753036498332756
2021-06-16 23:10:00,0.4783821478382148,-0.33864541832669326,0.4516753536857778,0.4475986430994465,0.6373427909594168,0.00022271714922048998,0.5,0.38647749016667543,0.3484355199751742,0.199594144078852,0.48362582838546675,0.30278839520191697,0.42384235858593483
2021-06-16 23:20:00,0.4797768479776848,0.2350597609561753,0.4516753536857778,0.4290305302624531,0.6266244388896888,0.00022271714922048998,0.5,0.38647749016667543,0.3484355199751742,0.199594144078852,0.48362582838546675,0.30278839520191697,0.4418425698206014
2021-06-16 23:30:00,0.4735006973500697,0.03585657370517925,0.4498883097542814,0.41546152472772735,0.6266244388896888,0.00022271714922048998,0.5,0.38647749016667543,0.3484355199751742,0.199594144078852,0.48362582838546675,0.30278839520191697,0.4280066991565702
2021-06-16 23:40:00,0.4839609483960949,-0.1633466135458168,0.4460163812360385,0.41189073379753616,0.6266244388896888,0.00033407572383073496,0.5,0.38647749016667543,0.3484355199751742,0.199594144078852,0.48362582838546675,0.30278839520191697,0.45300028667561903
2021-06-16 23:50:00,0.49372384937238495,-0.019920318725099695,0.4427401340282946,0.40724870558828763,0.6266244388896888,0.00022271714922048998,0.5,0.38647749016667543,0.3484355199751742,0.199594144078852,0.48362582838546675,0.30278839520191697,0.4630490215308478
2021-06-17 00:00:00,0.45536959553695955,-0.1394422310756973,0.43767684288905406,0.40403499375111585,0.6266244388896888,0.00022271714922048998,0.5,0.38018306176691996,0.3468234834356791,0.20881670121717463,0.45447708813150894,0.2810640078102387,0.4028395974470782
2021-06-17 00:10:00,0.46722454672245467,-0.21912350597609564,0.434102755026061,0.3997500446348867,0.6255774692125479,0.00022271714922048998,0.5,0.38018306176691996,0.3468234834356791,0.20881670121717463,0.45447708813150894,0.2810640078102387,0.3901579733542556
2021-06-17 00:20:00,0.4337517433751743,0.05976095617529875,0.43261355174981353,0.3965363327977147,0.6153433406184974,0.00022271714922048998,0.5,0.38018306176691996,0.3468234834356791,0.20881670121717463,0.45447708813150894,0.2810640078102387,0.3417173378396729
2021-06-17 00:30:00,0.40794979079497906,-0.17131474103585675,0.42814594192107225,0.39582217461167657,0.6153433406184974,0.00022271714922048998,0.5,0.38018306176691996,0.3468234834356791,0.20881670121717463,0.45447708813150894,0.2810640078102387,0.30368755375167855
2021-06-17 00:40:00,0.44072524407252445,0.22709163346613526,0.426061057334326,0.3904659882163899,0.6153433406184974,0.00022271714922048998,0.5,0.38018306176691996,0.3468234834356791,0.20881670121717463,0.45447708813150894,0.2810640078102387,0.3522413506948112
2021-06-17 00:50:00,0.4246861924686192,0.09163346613545809,0.42516753536857754,0.38296732726298877,0.6153433406184974,0.00022271714922048998,0.5,0.38018306176691996,0.3468234834356791,0.20881670121717463,0.45447708813150894,0.2810640078102387,0.31537335727326227
2021-06-17 01:00:00,0.4065550906555091,-0.0916334661354582,0.4209977661950852,0.37653990358864475,0.6225281700278756,0.00033407572383073496,0.5,0.3231831321419387,0.34317987856565996,0.24002578384760903,0.4619452318035833,0.25947256517024103,0.2897309775638608
2021-06-17 01:10:00,0.394700139470014,0.2589641434262948,0.4192107222635888,0.372969112658454,0.6161154807553886,0.00044543429844097997,0.5,0.3231831321419387,0.34317987856565996,0.24002578384760903,0.4619452318035833,0.25947256517024103,0.2711800473769181
2021-06-17 01:20:00,0.396792189679219,-0.17928286852589637,0.41772151898734156,0.3668987680771292,0.6265851775267959,0.00044543429844097997,0.5,0.3231831321419387,0.34317987856565996,0.24002578384760903,0.4619452318035833,0.25947256517024103,0.2802178734704347
2021-06-17 01:30:00,0.398186889818689,-0.2749003984063746,0.4162323157110943,0.36511337261203347,0.622750651084268,0.00044543429844097997,0.5,0.3231831321419387,0.34317987856565996,0.24002578384760903,0.4619452318035833,0.25947256517024103,0.2780828945184604
2021-06-17 01:40:00,0.36541143654114366,0.11553784860557759,0.4162323157110943,0.3583288698446707,0.6153040792556045,0.00044543429844097997,0.5,0.3231831321419387,0.34317987856565996,0.24002578384760903,0.4619452318035833,0.25947256517024103,0.23059281500369663
2021-06-17 01:50:00,0.3668061366806137,0.07569721115537842,0.4147431124348473,0.3486877343331549,0.6153040792556045,0.00044543429844097997,0.5,0.3231831321419387,0.34317987856565996,0.24002578384760903,0.4619452318035833,0.25947256517024103,0.23305973414608386
2021-06-17 02:00:00,0.33751743375174337,0.08366533864541825,0.4129560685033504,0.34511694340296395,0.6153040792556045,0.00044543429844097997,0.5,0.31058617054168414,0.3409730264046422,0.2556532151121348,0.46737252092937615,0.23139731085544285,0.19145404891591353
2021-06-17 02:10:00,0.3528591352859135,0.043824701195219085,0.4129560685033504,0.3379753615425818,0.6153040792556045,0.00044543429844097997,0.5,0.31058617054168414,0.3409730264046422,0.2556532151121348,0.46737252092937615,0.23139731085544285,0.21210223757864718
2021-06-17 02:20:00,0.32914923291492326,0.2828685258964143,0.4117647058823528,0.3344045706123906,0.6200808784075592,0.00044543429844097997,0.5,0.31058617054168414,0.3409730264046422,0.2556532151121348,0.46737252092937615,0.23139731085544285,0.18015299425139944
2021-06-17 02:30:00,0.33821478382147835,-0.298804780876494,0.4072970960536113,0.3333333333333335,0.620630537488058,0.00044543429844097997,0.5,0.31058617054168414,0.3409730264046422,0.2556532151121348,0.46737252092937615,0.23139731085544285,0.19232161986812923
2021-06-17 02:40:00,0.3410041841004184,-0.4581673306772909,0.4046165301563662,0.3315479378682378,0.6116527725065762,0.00044543429844097997,0.5,0.31058617054168414,0.3409730264046422,0.2556532151121348,0.46737252092937615,0.23139731085544285,0.192502678153809
2021-06-17 02:50:00,0.31241283124128316,-0.553784860557769,0.3962769918093818,0.32726298875200865,0.6015102537592755,0.00044543429844097997,0.5,0.31058617054168414,0.3409730264046422,0.2556532151121348,0.46737252092937615,0.23139731085544285,0.1636389697783545
2021-06-17 03:00:00,0.3437935843793584,0.08366533864541825,0.39448994787788516,0.3229780396357793,0.5888157464239442,0.00044543429844097997,0.5,0.2925904777596595,0.3399184499162387,0.2726501120973446,0.474772379357548,0.20019470450353935,0.19278935377280204
2021-06-17 03:10:00,0.33054393305439334,0.19521912350597592,0.38972449739389403,0.30976611319407255,0.5876248184161966,0.00044543429844097997,0.5,0.2925904777596595,0.3399184499162387,0.2726501120973446,0.474772379357548,0.20019470450353935,0.19072227167795766
2021-06-17 03:20:00,0.36052998605299863,-0.21115537848605592,0.3873417721518986,0.30655240135690076,0.5823768829095287,0.00044543429844097997,0.5,0.2925904777596595,0.3399184499162387,0.2726501120973446,0.474772379357548,0.20019470450353935,0.22516861052853934
2021-06-17 03:30:00,0.4428172942817294,0.003984063745019917,0.3834698436336559,0.3044099267987861,0.5737917315569748,0.00022271714922048998,0.5,0.2925904777596595,0.3399184499162387,0.2726501120973446,0.474772379357548,0.20019470450353935,0.3545272115515186
2021-06-17 03:40:00,0.45746164574616455,-0.01195219123505975,0.3795979151154132,0.29691126584538474,0.5737917315569748,0.00022271714922048998,0.5,0.2925904777596595,0.3399184499162387,0.2726501120973446,0.474772379357548,0.20019470450353935,0.37542435535706203
2021-06-17 03:50:00,0.45536959553695955,0.2111553784860556,0.3772151898734175,0.29369755400821274,0.5752574891049719,0.00022271714922048998,0.5,0.2925904777596595,0.3399184499162387,0.2726501120973446,0.474772379357548,0.20019470450353935,0.3885661692593207
2021-06-17 04:00:00,0.4302649930264993,-0.07569721115537853,0.3772151898734175,0.29476879128727007,0.5850335684652733,0.00022271714922048998,0.5,0.21310002624888136,0.33807653294330325,0.34146275272628174,0.49985773624241575,0.1841505663358086,0.33740211536430437
2021-06-17 04:10:00,0.4225941422594142,-0.20318725099601598,0.3772151898734175,0.29726834493840393,0.5850335684652733,0.00022271714922048998,0.5,0.21310002624888136,0.33807653294330325,0.34146275272628174,0.49985773624241575,0.1841505663358086,0.333237774793669
2021-06-17 04:20:00,0.4456066945606694,-0.07569721115537853,0.3772151898734175,0.29726834493840393,0.5850335684652733,0.00022271714922048998,0.5,0.21310002624888136,0.33807653294330325,0.34146275272628174,0.49985773624241575,0.1841505663358086,0.3617091902168173
2021-06-17 04:30:00,0.44839609483960946,-0.21912350597609564,0.3772151898734175,0.29726834493840393,0.5850335684652733,0.00022271714922048998,0.5,0.21310002624888136,0.33807653294330325,0.34146275272628174,0.49985773624241575,0.1841505663358086,0.3845300783077086
2021-06-17 04:40:00,0.4665271966527197,-0.2749003984063746,0.3772151898734175,0.2979825031244421,0.5850466555862375,0.00022271714922048998,0.5,0.21310002624888136,0.33807653294330325,0.34146275272628174,0.49985773624241575,0.1841505663358086,0.4139294174449658
2021-06-17 04:50:00,0.45536959553695955,-0.21115537848605592,0.3772151898734175,0.3026245313336904,0.5850466555862375,0.00022271714922048998,0.5,0.21310002624888136,0.33807653294330325,0.34146275272628174,0.49985773624241575,0.1841505663358086,0.39485040059145704
2021-06-17 05:00:00,0.4546722454672245,-0.2509960159362551,0.3772151898734175,0.3044099267987861,0.5850466555862375,0.00022271714922048998,0.5,0.21415861995588714,0.33684954612981843,0.3480617792757062,0.5088824543899544,0.1750969397995688,0.38421322630776894
2021-06-17 05:10:00,0.40376569037656906,-0.03585657370517936,0.3766195085629187,0.3044099267987861,0.5850466555862375,0.00011135857461024499,0.5,0.21415861995588714,0.33684954612981843,0.3480617792757062,0.5088824543899544,0.1750969397995688,0.3040798467039848
2021-06-17 05:20:00,0.4170153417015342,0.03585657370517925,0.3724497393894264,0.3044099267987861,0.5850466555862375,0.00033407572383073496,0.5,0.21415861995588714,0.33684954612981843,0.3480617792757062,0.5088824543899544,0.1750969397995688,0.32825867193747454
2021-06-17 05:30:00,0.42747559274755925,0.25099601593625476,0.37155621742367817,0.3001249776825565,0.5850466555862375,0.00033407572383073496,0.5,0.21415861995588714,0.33684954612981843,0.3480617792757062,0.5088824543899544,0.1750969397995688,0.33249090936523984
2021-06-17 05:40:00,0.41422594142259417,0.1394422310756971,0.37066269545792974,0.29726834493840393,0.5911059925926895,0.00022271714922048998,0.5,0.21415861995588714,0.33684954612981843,0.3480617792757062,0.5088824543899544,0.1750969397995688,0.3067051918463419
2021-06-17 05:50:00,0.3800557880055788,-0.09960159362549814,0.36649292628443764,0.2979825031244421,0.5879127350774104,0.00011135857461024499,0.5,0.21415861995588714,0.33684954612981843,0.3480617792757062,0.5088824543899544,0.1750969397995688,0.24815546871463706
2021-06-17 06:00:00,0.39400278940027894,0.17131474103585642,0.3655994043186892,0.29548294947330844,0.5851251783120232,0.00011135857461024499,0.5,0.2878431991216128,0.36867361863410725,0.3112227836283474,0.5133783320656522,0.1786428422141697,0.27171567813872083
2021-06-17 06:10:00,0.3891213389121339,-0.1394422310756973,0.3655994043186892,0.29369755400821274,0.5962754053735718,0.00011135857461024499,0.5,0.2878431991216128,0.36867361863410725,0.3112227836283474,0.5133783320656522,0.1786428422141697,0.2779772771851472
2021-06-17 06:20:00,0.4093444909344491,-0.09960159362549814,0.3655994043186892,0.29369755400821274,0.5963146667364646,0.00022271714922048998,0.5,0.2878431991216128,0.36867361863410725,0.3112227836283474,0.5133783320656522,0.1786428422141697,0.3164446187968677
2021-06-17 06:30:00,0.39121338912133896,-0.05179282868525903,0.3655994043186892,0.29226923763613644,0.5963146667364646,0.00022271714922048998,0.5,0.2878431991216128,0.36867361863410725,0.3112227836283474,0.5133783320656522,0.1786428422141697,0.28686422137393064
2021-06-17 06:40:00,0.4121338912133891,-0.019920318725099695,0.36262099776619494,0.2897696839850026,0.5881875646176599,0.00033407572383073496,0.5,0.2878431991216128,0.36867361863410725,0.3112227836283474,0.5133783320656522,0.1786428422141697,0.29252229280142433
2021-06-17 06:50:00,0.43096234309623427,0.05976095617529875,0.36262099776619494,0.2865559721478308,0.5850335684652733,0.00022271714922048998,0.5,0.2878431991216128,0.36867361863410725,0.3112227836283474,0.5133783320656522,0.1786428422141697,0.3500535630761803
2021-06-17 07:00:00,0.4839609483960949,-0.33067729083665354,0.3614296351451971,0.2865559721478308,0.5850335684652733,0.00022271714922048998,0.5,0.29503332473935395,0.39520469415845066,0.3093109339010548,0.487549784370542,0.186280842599762,0.43023220725138434
2021-06-17 07:10:00,0.4665271966527197,-0.3067729083665339,0.3620253164556959,0.2847705766827351,0.5850335684652733,0.00022271714922048998,0.5,0.29503332473935395,0.39520469415845066,0.3093109339010548,0.487549784370542,0.186280842599762,0.39548410459133637
2021-06-17 07:20:00,0.4721059972105997,-0.2828685258964144,0.36262099776619494,0.2858418139617924,0.5850335684652733,0.00022271714922048998,0.5,0.29503332473935395,0.39520469415845066,0.3093109339010548,0.487549784370542,0.186280842599762,0.40915400516016115
2021-06-17 07:30:00,0.4776847977684798,-0.2749003984063746,0.36262099776619494,0.28691305124084976,0.5850335684652733,0.00022271714922048998,0.5,0.29503332473935395,0.39520469415845066,0.3093109339010548,0.487549784370542,0.186280842599762,0.42066629449130166
2021-06-17 07:40:00,0.4330543933054393,-0.02788844621513953,0.3655994043186892,0.2929833958221746,0.5850335684652733,0.00022271714922048998,0.5,0.29503332473935395,0.39520469415845066,0.3093109339010548,0.487549784370542,0.186280842599762,0.3447576082200462
2021-06-17 07:50:00,0.42329149232914925,0.21912350597609564,0.3682799702159343,0.29369755400821274,0.5850335684652733,0.00022271714922048998,0.5,0.29503332473935395,0.39520469415845066,0.3093109339010548,0.487549784370542,0.186280842599762,0.3161051345112181
2021-06-17 08:00:00,0.401673640167364,0.14741035856573692,0.37572598659717027,0.2944117121942511,0.5914855191006531,0.00022271714922048998,0.5,0.30816773802348907,0.3855468424485711,0.30688028759414204,0.48560638976458476,0.1821350453292742,0.2825489988985621
2021-06-17 08:10:00,0.45188284518828453,0.19521912350597592,0.3831720029784065,0.3026245313336904,0.5962754053735718,0.00022271714922048998,0.5,0.30816773802348907,0.3855468424485711,0.30688028759414204,0.48560638976458476,0.1821350453292742,0.3733874496431643
2021-06-17 08:20:00,0.5034867503486751,0.09163346613545809,0.39389426656738635,0.30798071772897706,0.6044025074923768,0.00022271714922048998,0.5,0.30816773802348907,0.3855468424485711,0.30688028759414204,0.48560638976458476,0.1821350453292742,0.4929010063823046
2021-06-17 08:30:00,0.5174337517433751,-0.059760956175298974,0.40223380491437055,0.31726477414747367,0.6066665794191937,0.00022271714922048998,0.5,0.30816773802348907,0.3855468424485711,0.30688028759414204,0.48560638976458476,0.1821350453292742,0.5317832732320413
2021-06-17 08:40:00,0.49860529986053004,0.09960159362549792,0.4064035740878629,0.325120514193894,0.6124118255225034,0.00033407572383073496,0.5,0.30816773802348907,0.3855468424485711,0.30688028759414204,0.48560638976458476,0.1821350453292742,0.49118095266834655
2021-06-17 08:50:00,0.5808926080892608,0.10756972111553775,0.4111690245718538,0.3358328869844669,0.6118359922000759,0.0006681514476614699,0.5,0.30816773802348907,0.3855468424485711,0.30688028759414204,0.48560638976458476,0.1821350453292742,0.6666264314920711
2021-06-17 09:00:00,0.5585774058577406,-0.059760956175298974,0.4162323157110943,0.3458311015890019,0.6192433026658465,0.0036748329621380848,0.5,0.3293635596818514,0.3867249796699505,0.3098491330415848,0.6158557686849773,0.21451579600592888,0.60484029150384
2021-06-17 09:10:00,0.6004184100418409,-0.019920318725099695,0.4239761727475799,0.36261381896089984,0.6207352344557722,0.05979955456570156,0.5,0.3293635596818514,0.3867249796699505,0.3098491330415848,0.6158557686849773,0.21451579600592888,0.48077010124175806
2021-06-17 09:20:00,0.6101813110181311,-0.12350597609561753,0.42874162323157106,0.372969112658454,0.6208006700605934,0.06291759465478843,0.5,0.3293635596818514,0.3867249796699505,0.3098491330415848,0.6158557686849773,0.21451579600592888,0.4660892919112211
2021-06-17 09:30:00,0.6596931659693167,-0.17928286852589637,0.434102755026061,0.3743974290305303,0.6226852154794466,0.08630289532293987,0.5,0.3293635596818514,0.3867249796699505,0.3098491330415848,0.6158557686849773,0.21451579600592888,0.4432382274393832
2021-06-17 09:40:00,0.6576011157601116,0.003984063745019917,0.44095309009679795,0.36868416354222466,0.6257737760270118,0.08028953229398664,0.5,0.3293635596818514,0.3867249796699505,0.3098491330415848,0.6158557686849773,0.21451579600592888,0.48740136095478076
2021-06-17 09:50:00,0.6715481171548118,0.12350597609561742,0.4504839910647802,0.38510980182110344,0.6274358403894728,0.06158129175946549,0.5,0.3293635596818514,0.3867249796699505,0.3098491330415848,0.6158557686849773,0.21451579600592888,0.5881829292212984
2021-06-17 10:00:00,0.6624825662482566,-0.06772908366533881,0.4573343261355174,0.397964649169791,0.6348693250971719,0.04799554565701559,0.5,0.5277558073565576,0.38063602168921956,0.18214299890293104,0.6796243772102101,0.24550659394995172,0.6492976447334671
2021-06-17 10:10:00,0.6499302649930265,-0.0916334661354582,0.46299329858525673,0.4097482592394215,0.6278284540184005,0.06258351893095769,0.5,0.5277558073565576,0.38063602168921956,0.18214299890293104,0.6796243772102101,0.24550659394995172,0.545475806086576
2021-06-17 10:20:00,0.7001394700139469,-0.043824701195219196,0.47103499627699175,0.41546152472772735,0.6259962570834042,0.06848552338530067,0.5,0.5277558073565576,0.38063602168921956,0.18214299890293104,0.6796243772102101,0.24550659394995172,0.6229913846432397
2021-06-17 10:30:00,0.7629009762900976,0.20318725099601576,0.47580044676098265,0.4158186038207463,0.6402219575715539,0.057015590200445436,0.5,0.5277558073565576,0.38063602168921956,0.18214299890293104,0.6796243772102101,0.24550659394995172,0.7746578752810175
2021-06-17 10:40:00,0.802649930264993,-0.13147410358565736,0.47937453462397617,0.4190323156579181,0.6296475638324325,0.05734966592427618,0.5,0.5277558073565576,0.38063602168921956,0.18214299890293104,0.6796243772102101,0.24550659394995172,0.8942619611629978
2021-06-17 10:50:00,0.6931659693165969,0.1633466135458166,0.4844378257632167,0.43438671665773976,0.623915404850087,0.05489977728285078,0.5,0.5277558073565576,0.38063602168921956,0.18214299890293104,0.6796243772102101,0.24550659394995172,0.6510327866378985
2021-06-17 11:00:00,0.7252440725244073,0.06772908366533859,0.49069247952345485,0.4383145866809499,0.6264150449542605,0.04465478841870824,0.5,0.5354996609658453,0.3771504596171909,0.16997543737240126,0.778951181677068,0.2583689385852486,0.8371154397453114
2021-06-17 11:10:00,0.695258019525802,0.043824701195219085,0.4951600893521966,0.44545616854133185,0.6275143631152583,0.03507795100222717,0.5,0.5354996609658453,0.3771504596171909,0.16997543737240126,0.778951181677068,0.2583689385852486,0.7871735292786337
2021-06-17 11:20:00,0.6652719665271966,0.10756972111553775,0.5026061057334326,0.4672379932154971,0.6192694769077751,0.027171492204899776,0.5,0.5354996609658453,0.3771504596171909,0.16997543737240126,0.778951181677068,0.2583689385852486,0.7764835463282889
2021-06-17 11:30:00,0.7099023709902371,-0.12350597609561753,0.5061801935964259,0.47759328691305103,0.6133802724738585,0.023942093541202674,0.5,0.5354996609658453,0.3771504596171909,0.16997543737240126,0.778951181677068,0.2583689385852486,0.8700755918342713
2021-06-17 11:40:00,0.7175732217573221,0.06772908366533859,0.5145197319434103,0.4897339760757007,0.6158537383361035,0.025278396436525612,0.5,0.5354996609658453,0.3771504596171909,0.16997543737240126,0.778951181677068,0.2583689385852486,0.8645231377400909
2021-06-17 11:50:00,0.6234309623430963,-0.019920318725099695,0.5237527922561427,0.5104445634708088,0.6391880750153773,0.019933184855233856,0.5,0.5354996609658453,0.3771504596171909,0.16997543737240126,0.778951181677068,0.2583689385852486,0.6710095508245697
2021-06-17 12:00:00,0.7099023709902371,0.003984063745019917,0.5285182427401338,0.5240135690055348,0.6458494195861852,0.03986636971046771,0.5,0.5414602249399059,0.3658719508515626,0.16918500494004418,0.8493124669614531,0.2605002324160823,0.7421352807157838
2021-06-17 12:10:00,0.6771269177126918,-0.19521912350597614,0.5276247207743856,0.5225852526334585,0.654735574720917,0.03474387527839644,0.5,0.5414602249399059,0.3658719508515626,0.16918500494004418,0.8493124669614531,0.2605002324160823,0.6675468111109435
2021-06-17 12:20:00,0.6401673640167364,0.25099601593625476,0.5294117647058822,0.5265131226566686,0.6429571658530839,0.0489977728285078,0.5,0.5414602249399059,0.3658719508515626,0.16918500494004418,0.8493124669614531,0.2605002324160823,0.5723931378909728
2021-06-17 12:30:00,0.6610878661087867,0.01195219123505975,0.5341772151898732,0.5297268344938404,0.6375129235319522,0.05489977728285078,0.5,0.5414602249399059,0.3658719508515626,0.16918500494004418,0.8493124669614531,0.2605002324160823,0.544661043801017
2021-06-17 12:40:00,0.6576011157601116,-0.2749003984063746,0.535368577810871,0.5347259417961079,0.6595385481148003,0.05400890868596882,0.5,0.5414602249399059,0.3658719508515626,0.16918500494004418,0.8493124669614531,0.2605002324160823,0.546735669991098
2021-06-17 12:50:00,0.6785216178521618,0.1872509960159361,0.5401340282948621,0.5297268344938404,0.6478779233356453,0.06102449888641426,0.5,0.5414602249399059,0.3658719508515626,0.16918500494004418,0.8493124669614531,0.2605002324160823,0.5972509316957617
2021-06-17 13:00:00,0.6861924686192469,-0.08366533864541836,0.5446016381236036,0.5297268344938404,0.6487547604402508,0.08040089086859688,0.5,0.6019859763599973,0.34296723916473104,0.10918049289352674,0.8595697188440943,0.2586761256875503,0.46560646981607495
2021-06-17 13:10:00,0.6380753138075315,-0.20318725099601598,0.5475800446760981,0.5365113372612034,0.6374605750480952,0.04933184855233853,0.5,0.6019859763599973,0.34296723916473104,0.10918049289352674,0.8595697188440943,0.2586761256875503,0.5282677248517585
2021-06-17 13:20:00,0.6352859135285913,0.06772908366533859,0.5511541325390914,0.5390108909123372,0.6160500451505674,0.037416481069042315,0.5,0.6019859763599973,0.34296723916473104,0.10918049289352674,0.8595697188440943,0.2586761256875503,0.6465817704482701
2021-06-17 13:30:00,0.5320781032078103,-0.02788844621513953,0.548771407297096,0.5436529191215853,0.6364528667338473,0.012917594654788419,0.5,0.6019859763599973,0.34296723916473104,0.10918049289352674,0.8595697188440943,0.2586761256875503,0.45818308010320324
2021-06-17 13:40:00,0.5878661087866108,0.019920318725099362,0.5484735666418465,0.5465095518657381,0.6431272984256193,0.015367483296213808,0.5,0.6019859763599973,0.34296723916473104,0.10918049289352674,0.8595697188440943,0.2586761256875503,0.6031353259803552
2021-06-17 13:50:00,0.5495118549511855,0.05179282868525892,0.5472822040208485,0.542581681842528,0.6637656881862559,0.008574610244988864,0.5,0.6019859763599973,0.34296723916473104,0.10918049289352674,0.8595697188440943,0.2586761256875503,0.5411077749445509
2021-06-17 14:00:00,0.5341701534170153,0.05976095617529875,0.5481757259865969,0.5479378682378149,0.6431796469094764,0.013474387527839644,0.5,0.6082315424836644,0.3283669581359018,0.1055533553305112,0.824122959936276,0.2579887175791087,0.5481841362765364
2021-06-17 14:10:00,0.5390516039051604,0.21912350597609564,0.5469843633655993,0.5497232637029101,0.6533352527777414,0.01893095768374165,0.5,0.6082315424836644,0.3283669581359018,0.1055533553305112,0.824122959936276,0.2579887175791087,0.5118517736167901
2021-06-17 14:20:00,0.4735006973500697,0.019920318725099362,0.5499627699180936,0.552222817354044,0.656855688317127,0.025612472160356347,0.5,0.6082315424836644,0.3283669581359018,0.1055533553305112,0.824122959936276,0.2579887175791087,0.35283733421850716
2021-06-17 14:30:00,0.509065550906555,-0.01195219123505975,0.5556217423678329,0.5611497946795214,0.6333381319443536,0.04354120267260579,0.5,0.6082315424836644,0.3283669581359018,0.1055533553305112,0.824122959936276,0.2579887175791087,0.3600344010742792
2021-06-17 14:40:00,0.5620641562064157,0.027888446215139417,0.5532390171258375,0.5536511337261203,0.6563191163575924,0.013028953229398663,0.5,0.6082315424836644,0.3283669581359018,0.1055533553305112,0.824122959936276,0.2579887175791087,0.5354270712313473
2021-06-17 14:50:00,0.5655509065550907,0.1872509960159361,0.5547282204020847,0.5497232637029101,0.6410987946761592,0.004120267260579065,0.5,0.6082315424836644,0.3283669581359018,0.1055533553305112,0.824122959936276,0.2579887175791087,0.6114866394073358
2021-06-17 15:00:00,0.5195258019525802,-0.05179282868525903,0.5550260610573343,0.5500803427959293,0.654526180785489,0.0028953229398663697,0.5,0.6170258182930355,0.30386457743666173,0.10537683007046933,0.8050926860785106,0.25805007030421534,0.5059900116179067
2021-06-17 15:10:00,0.6276150627615062,-0.02788844621513953,0.552941176470588,0.5486520264238528,0.6585308398005524,0.014253897550111359,0.5,0.6170258182930355,0.30386457743666173,0.10537683007046933,0.8050926860785106,0.25805007030421534,0.6801454501561628
2021-06-17 15:20:00,0.6276150627615062,-0.01195219123505975,0.552941176470588,0.5400821281913943,0.6640012563636125,0.007461024498886415,0.5,0.6170258182930355,0.30386457743666173,0.10537683007046933,0.8050926860785106,0.25805007030421534,0.7336029090031232
2021-06-17 15:30:00,0.5711297071129707,0.15537848605577675,0.5499627699180936,0.5400821281913943,0.6726387562000236,0.0008908685968819599,0.5,0.6170258182930355,0.30386457743666173,0.10537683007046933,0.8050926860785106,0.25805007030421534,0.6129049293118276
2021-06-17 15:40:00,0.5460251046025105,0.09960159362549792,0.544899478778853,0.542224602749509,0.6787373545693682,0.00111358574610245,0.5,0.6170258182930355,0.30386457743666173,0.10537683007046933,0.8050926860785106,0.25805007030421534,0.6019886235043832
2021-06-17 15:50:00,0.5788005578800558,0.11553784860557759,0.5383469843633655,0.5415104445634709,0.6867204983575663,0.0023385300668151447,0.5,0.6170258182930355,0.30386457743666173,0.10537683007046933,0.8050926860785106,0.25805007030421534,0.6477360170194789
2021-06-17 16:00:00,0.5850767085076709,-0.09960159362549814,0.5380491437081161,0.5407962863774327,0.6827420135844317,0.00155902004454343,0.5,0.6363569354247496,0.2850747255083961,0.09856564349227329,0.8017048230508943,0.25908799824765977,0.653296015208896
2021-06-17 16:10:00,0.5606694560669455,-0.003984063745020028,0.5362620997766194,0.5436529191215853,0.6842862938582142,0.00111358574610245,0.5,0.6363569354247496,0.2850747255083961,0.09856564349227329,0.8017048230508943,0.25908799824765977,0.5882055615070085
2021-06-17 16:20:00,0.5516039051603905,-0.10756972111553798,0.5347728965003722,0.5468666309587575,0.6813547787622201,0.00378619153674833,0.5,0.6363569354247496,0.2850747255083961,0.09856564349227329,0.8017048230508943,0.25908799824765977,0.549715587609578
2021-06-17 16:30:00,0.5599721059972106,0.12350597609561742,0.535368577810871,0.5504374218889485,0.675190744788054,0.00957683741648107,0.5,0.6363569354247496,0.2850747255083961,0.09856564349227329,0.8017048230508943,0.25908799824765977,0.5823966081747817
2021-06-17 16:40:00,0.6032078103207811,-0.12350597609561753,0.5326880119136261,0.5465095518657381,0.6729790213450944,0.006347438752783964,0.5,0.6363569354247496,0.2850747255083961,0.09856564349227329,0.8017048230508943,0.25908799824765977,0.6786743515850144
2021-06-17 16:50:00,0.5258019525801952,-0.0916334661354582,0.5317944899478777,0.5461524727727192,0.6781746083679052,0.0024498886414253897,0.5,0.6363569354247496,0.2850747255083961,0.09856564349227329,0.8017048230508943,0.25908799824765977,0.49631848152451075
2021-06-17 17:00:00,0.5341701534170153,0.03585657370517925,0.5300074460163811,0.5486520264238528,0.6772977712632997,0.00033407572383073496,0.5,0.6321796610859165,0.2688595344346511,0.10409448565269391,0.7806131539247309,0.2599715483465291,0.5440876925630309
2021-06-17 17:10:00,0.5550906555090656,-0.043824701195219196,0.5294117647058822,0.549009105516872,0.6665270707097145,0.00044543429844097997,0.5,0.6321796610859165,0.2688595344346511,0.10409448565269391,0.7806131539247309,0.2599715483465291,0.5881452087451152
2021-06-17 17:20:00,0.5767085076708507,0.019920318725099362,0.5294117647058822,0.545438314586681,0.6625354988156156,0.00022271714922048998,0.5,0.6321796610859165,0.2688595344346511,0.10409448565269391,0.7806131539247309,0.2599715483465291,0.6213618600721216
2021-06-17 17:30:00,0.46722454672245467,-0.02788844621513953,0.5270290394638866,0.5440099982146045,0.6735548546675216,0.00033407572383073496,0.5,0.6321796610859165,0.2688595344346511,0.10409448565269391,0.7806131539247309,0.2599715483465291,0.405449854398962
2021-06-17 17:40:00,0.502092050209205,-0.14741035856573714,0.5261355174981384,0.5486520264238528,0.657104343615448,0.00022271714922048998,0.5,0.6321796610859165,0.2688595344346511,0.10409448565269391,0.7806131539247309,0.2599715483465291,0.4569760248653379
2021-06-17 17:50:00,0.5139470013947002,0.043824701195219085,0.5261355174981384,0.5450812354936618,0.6603630367355485,0.00022271714922048998,0.5,0.6321796610859165,0.2688595344346511,0.10409448565269391,0.7806131539247309,0.2599715483465291,0.48338035819364183
2021-06-17 18:00:00,0.46234309623430964,0.09960159362549792,0.5249441548771405,0.5372254954472415,0.6629673738074361,0.00022271714922048998,0.5,0.581075190204331,0.2662733795584561,0.13210239936126264,0.6265867590530534,0.26879420137240256,0.40197957059009914
2021-06-17 18:10:00,0.44490934449093444,-0.1872509960159363,0.5231571109456439,0.5297268344938404,0.666396199500072,0.00033407572383073496,0.5,0.581075190204331,0.2662733795584561,0.13210239936126264,0.6265867590530534,0.26879420137240256,0.35280715783756056
2021-06-17 18:20:00,0.44002789400278935,0.01195219123505975,0.5210722263588978,0.5361542581681842,0.6596563322034785,0.00022271714922048998,0.5,0.581075190204331,0.2662733795584561,0.13210239936126264,0.6265867590530534,0.26879420137240256,0.32294008479563047
2021-06-17 18:30:00,0.40794979079497906,0.20318725099601576,0.5204765450483988,0.5336547045170503,0.6615670518642603,0.00022271714922048998,0.5,0.581075190204331,0.2662733795584561,0.13210239936126264,0.6265867590530534,0.26879420137240256,0.30157520708541424
2021-06-17 18:40:00,0.47629009762900976,-0.03585657370517936,0.5204765450483988,0.5290126763078022,0.6607687374854405,0.00022271714922048998,0.5,0.581075190204331,0.2662733795584561,0.13210239936126264,0.6265867590530534,0.26879420137240256,0.39353772802027853
2021-06-17 18:50:00,0.3814504881450488,-0.0916334661354582,0.5204765450483988,0.5290126763078022,0.6480218816662522,0.00022271714922048998,0.5,0.581075190204331,0.2662733795584561,0.13210239936126264,0.6265867590530534,0.26879420137240256,0.24298021938228948
2021-06-17 19:00:00,0.41562064156206413,-0.003984063745020028,0.5204765450483988,0.5268702017496876,0.6480218816662522,0.00022271714922048998,0.5,0.5777854415765604,0.3110512144870644,0.13179449466917809,0.5556395388213199,0.2799156916440807,0.29165472184920865
2021-06-17 19:10:00,0.4170153417015342,-0.08366533864541836,0.5219657483246463,0.5186573826102483,0.6515815785685307,0.00022271714922048998,0.5,0.5777854415765604,0.3110512144870644,0.13179449466917809,0.5556395388213199,0.2799156916440807,0.31522247536852904
2021-06-17 19:20:00,0.4205020920502092,-0.1872509960159363,0.5204765450483988,0.5061596143545797,0.6494483778513565,0.00033407572383073496,0.5,0.5777854415765604,0.3110512144870644,0.13179449466917809,0.5556395388213199,0.2799156916440807,0.32226111622433123
2021-06-17 19:30:00,0.4428172942817294,-0.02788844621513953,0.5204765450483988,0.4990180324941975,0.6515815785685307,0.00022271714922048998,0.5,0.5777854415765604,0.3110512144870644,0.13179449466917809,0.5556395388213199,0.2799156916440807,0.3722935558338489
2021-06-17 19:40:00,0.500697350069735,-0.0916334661354582,0.5204765450483988,0.4883056597036244,0.6515815785685307,0.00022271714922048998,0.5,0.5777854415765604,0.3110512144870644,0.13179449466917809,0.5556395388213199,0.2799156916440807,0.4529625661994357
2021-06-17 19:50:00,0.47629009762900976,-0.03585657370517936,0.5204765450483988,0.4897339760757007,0.6573006504299119,0.00022271714922048998,0.5,0.5777854415765604,0.3110512144870644,0.13179449466917809,0.5556395388213199,0.2799156916440807,0.40434841649440983
2021-06-17 20:00:00,0.42398884239888424,-0.12350597609561753,0.5195830230826506,0.4918764506338156,0.6515815785685307,0.00022271714922048998,0.5,0.575538043701219,0.2869252629975852,0.12330441590873036,0.568020142648708,0.29619419502653094,0.3088703471792628
2021-06-17 20:10:00,0.3856345885634589,-0.23505976095617542,0.5180938198064033,0.4847348687734334,0.6515815785685307,0.00022271714922048998,0.5,0.575538043701219,0.2869252629975852,0.12330441590873036,0.568020142648708,0.29619419502653094,0.2654314468065845
2021-06-17 20:20:00,0.3207810320781032,0.15537848605577675,0.5166046165301563,0.48437778968041423,0.6414521469421942,0.00022271714922048998,0.5,0.575538043701219,0.2869252629975852,0.12330441590873036,0.568020142648708,0.29619419502653094,0.18715391463101833
2021-06-17 20:30:00,0.33821478382147835,0.05976095617529875,0.5145197319434103,0.47759328691305103,0.6466869953278978,0.00022271714922048998,0.5,0.575538043701219,0.2869252629975852,0.12330441590873036,0.568020142648708,0.29619419502653094,0.19145404891591353
2021-06-17 20:40:00,0.3598326359832636,-0.4103585657370519,0.5145197319434103,0.47616497054097473,0.6516077528104592,0.00033407572383073496,0.5,0.575538043701219,0.2869252629975852,0.12330441590873036,0.568020142648708,0.29619419502653094,0.22361452690978773
2021-06-17 20:50:00,0.4330543933054393,-0.23505976095617542,0.5142218912881606,0.46938046777361175,0.6516077528104592,0.00033407572383073496,0.5,0.575538043701219,0.2869252629975852,0.12330441590873036,0.568020142648708,0.29619419502653094,0.32701389622342597
2021-06-17 21:00:00,0.33472803347280333,-0.1872509960159363,0.5112434847356664,0.46652383502945916,0.6464514271505412,0.00022271714922048998,0.5,0.5714421509007168,0.2897240572747091,0.12198960707531503,0.48514453994533946,0.31012304534033686,0.1964256076768713
2021-06-17 21:10:00,0.3319386331938633,-0.06772908366533881,0.5112434847356664,0.46295304409926796,0.6404575257489105,0.00022271714922048998,0.5,0.5714421509007168,0.2897240572747091,0.12198960707531503,0.48514453994533946,0.31012304534033686,0.20058994824750667
2021-06-17 21:20:00,0.3891213389121339,-0.14741035856573714,0.5112434847356664,0.4590251740760578,0.634162620565102,0.00033407572383073496,0.5,0.5714421509007168,0.2897240572747091,0.12198960707531503,0.48514453994533946,0.31012304534033686,0.239215715859197
2021-06-17 21:30:00,0.37377963737796377,0.05976095617529875,0.5067758749069247,0.4508123549366183,0.6292026017196477,0.00033407572383073496,0.5,0.5714421509007168,0.2897240572747091,0.12198960707531503,0.48514453994533946,0.31012304534033686,0.22415015767159047
2021-06-17 21:40:00,0.35564853556485354,-0.26693227091633476,0.5055845122859268,0.4483128012854847,0.6245959351402285,0.00033407572383073496,0.5,0.5714421509007168,0.2897240572747091,0.12198960707531503,0.48514453994533946,0.31012304534033686,0.20415830529444604
2021-06-17 21:50:00,0.37099023709902373,-0.26693227091633476,0.5055845122859268,0.44724156400642756,0.617908416327492,0.00022271714922048998,0.5,0.5714421509007168,0.2897240572747091,0.12198960707531503,0.48514453994533946,0.31012304534033686,0.22360698281455105
2021-06-17 22:00:00,0.3528591352859135,-0.3466135458167332,0.5055845122859268,0.4483128012854847,0.6075565036447632,0.00033407572383073496,0.5,0.4707640492384988,0.29274411146902396,0.19057131918518883,0.4152726879939221,0.3144088472537472,0.2018875326282119
2021-06-17 22:10:00,0.35564853556485354,-0.08366533864541836,0.5046909903201784,0.449384038564542,0.6000575833322427,0.00033407572383073496,0.5,0.4707640492384988,0.29274411146902396,0.19057131918518883,0.4152726879939221,0.3144088472537472,0.20748525129381232
2021-06-17 22:20:00,0.3403068340306834,-0.38645418326693237,0.5023082650781829,0.4458132476343508,0.6066273180563008,0.00033407572383073496,0.5,0.4707640492384988,0.29274411146902396,0.19057131918518883,0.4152726879939221,0.3144088472537472,0.18269535434615325
2021-06-17 22:30:00,0.34239888423988846,-0.5856573705179284,0.5023082650781829,0.4433136939832174,0.6066273180563008,0.00022271714922048998,0.5,0.4707640492384988,0.29274411146902396,0.19057131918518883,0.4152726879939221,0.3144088472537472,0.1745024669191424
2021-06-17 22:40:00,0.3207810320781032,0.03585657370517925,0.5023082650781829,0.44081414033208355,0.5933308031566136,0.00022271714922048998,0.5,0.4707640492384988,0.29274411146902396,0.19057131918518883,0.4152726879939221,0.3144088472537472,0.16015359777901836
2021-06-17 22:50:00,0.3263598326359832,-0.15537848605577698,0.5011169024571853,0.43117300482056775,0.5927287955922577,0.00033407572383073496,0.5,0.4707640492384988,0.29274411146902396,0.19057131918518883,0.4152726879939221,0.3144088472537472,0.1717186957768155
2021-06-17 23:00:00,0.34239888423988846,-0.08366533864541836,0.49962769918093786,0.42938760935547227,0.5927287955922577,0.00033407572383073496,0.5,0.4087888726088751,0.30341343708603463,0.21673928677454238,0.3793320657558485,0.30323244921770026,0.19509784691521947
2021-06-17 23:10:00,0.3312412831241283,-0.11553784860557781,0.4972449739389424,0.4265309766113192,0.5927287955922577,0.00033407572383073496,0.5,0.4087888726088751,0.30341343708603463,0.21673928677454238,0.3793320657558485,0.30323244921770026,0.18587896253602304
2021-06-17 23:20:00,0.35146443514644354,-0.1633466135458168,0.49635145197319397,0.4254597393322621,0.5927287955922577,0.00033407572383073496,0.5,0.4087888726088751,0.30341343708603463,0.21673928677454238,0.3793320657558485,0.30323244921770026,0.19460748072483666
2021-06-17 23:30:00,0.3458856345885635,0.06772908366533859,0.49635145197319397,0.42046063202999484,0.5927287955922577,0.00033407572383073496,0.5,0.4087888726088751,0.30341343708603463,0.21673928677454238,0.3793320657558485,0.30323244921770026,0.19465274529625662
2021-06-17 23:40:00,0.34658298465829845,0.24302788844621515,0.49545793000744576,0.4165327620067847,0.5934355001243277,0.00022271714922048998,0.5,0.4087888726088751,0.30341343708603463,0.21673928677454238,0.3793320657558485,0.30323244921770026,0.19077508034461427
2021-06-17 23:50:00,0.3647140864714087,-0.17131474103585675,0.4933730454206997,0.414747366541689,0.6040098938634489,0.00022271714922048998,0.5,0.4087888726088751,0.30341343708603463,0.21673928677454238,0.3793320657558485,0.30323244921770026,0.20823966081747813
2021-06-18 00:00:00,0.39051603905160387,-0.13147410358565736,0.4930752047654503,0.414747366541689,0.6040098938634489,0.00022271714922048998,0.5,0.39663974294106885,0.2933446741013838,0.22336304207806756,0.3748221024969387,0.272739108099645,0.2517841785234697
2021-06-18 00:10:00,0.36750348675034866,-0.14741035856573714,0.4886075949367086,0.41510444563470794,0.611286333119577,0.00033407572383073496,0.5,0.39663974294106885,0.2933446741013838,0.22336304207806756,0.3748221024969387,0.272739108099645,0.21855243900599
2021-06-18 00:20:00,0.39051603905160387,0.21912350597609564,0.4877140729709606,0.41403320835565083,0.6040491552263418,0.00033407572383073496,0.5,0.39663974294106885,0.2933446741013838,0.22336304207806756,0.3748221024969387,0.272739108099645,0.25063747604749764
2021-06-18 00:30:00,0.3403068340306834,0.3067729083665336,0.48741623231571096,0.4115336547045172,0.6040491552263418,0.00033407572383073496,0.5,0.39663974294106885,0.2933446741013838,0.22336304207806756,0.3748221024969387,0.272739108099645,0.19193687101105963
2021-06-18 00:40:00,0.37099023709902373,-0.298804780876494,0.48682055100521215,0.40760578468130704,0.6040491552263418,0.00033407572383073496,0.5,0.39663974294106885,0.2933446741013838,0.22336304207806756,0.3748221024969387,0.272739108099645,0.22249045671952564
2021-06-18 00:50:00,0.3312412831241283,0.2111553784860556,0.4847356664184659,0.40903410105338334,0.5937626781484342,0.00044543429844097997,0.5,0.39663974294106885,0.2933446741013838,0.22336304207806756,0.3748221024969387,0.272739108099645,0.17125850596737932
2021-06-18 01:00:00,0.2782426778242678,0.06772908366533859,0.4808637379002232,0.40439207284413503,0.5927680569551504,0.00022271714922048998,0.5,0.3774470744837859,0.2928331901369811,0.2355768907637089,0.3736893341089122,0.23314687844808019,0.12758573864236464
2021-06-18 01:10:00,0.28661087866108786,-0.3067729083665339,0.47848101265822773,0.404749151937154,0.5866563714648414,0.00022271714922048998,0.5,0.3774470744837859,0.2928331901369811,0.2355768907637089,0.3736893341089122,0.23314687844808019,0.12910210178493292
2021-06-18 01:20:00,0.29707112970711297,-0.29083665338645437,0.4766939687267311,0.40403499375111585,0.5789742314588213,0.00033407572383073496,0.5,0.3774470744837859,0.2928331901369811,0.2355768907637089,0.3736893341089122,0.23314687844808019,0.13583897883126878
2021-06-18 01:30:00,0.299860529986053,-0.14741035856573714,0.47580044676098265,0.4022495982860206,0.5789742314588213,0.00022271714922048998,0.5,0.3774470744837859,0.2928331901369811,0.2355768907637089,0.3736893341089122,0.23314687844808019,0.13508456930760293
2021-06-18 01:40:00,0.29428172942817293,-0.33067729083665354,0.47580044676098265,0.3968934118907337,0.5789742314588213,0.00022271714922048998,0.5,0.3774470744837859,0.2928331901369811,0.2355768907637089,0.3736893341089122,0.23314687844808019,0.13202166664151968
2021-06-18 01:50:00,0.30474198047419804,0.14741035856573692,0.47580044676098265,0.3972504909837531,0.5662797241234901,0.00044543429844097997,0.5,0.3774470744837859,0.2928331901369811,0.2355768907637089,0.3736893341089122,0.23314687844808019,0.144001689877333
2021-06-18 02:00:00,0.32217573221757323,0.6812749003984064,0.47580044676098265,0.39118014640242826,0.5651280574786354,0.00044543429844097997,0.5,0.38035406305668396,0.28598275322048333,0.2386109186706786,0.3961124705626612,0.19279929517438096,0.15912005673159618
2021-06-18 02:10:00,0.33472803347280333,-0.3545816733067729,0.47431124348473563,0.38939475093733256,0.5782544398057872,0.000556792873051225,0.5,0.38035406305668396,0.28598275322048333,0.2386109186706786,0.3961124705626612,0.19279929517438096,0.16898018920590854
2021-06-18 02:20:00,0.3354253835425383,-0.1633466135458168,0.4698436336559937,0.3922513836814856,0.5789742314588213,0.00022271714922048998,0.5,0.38035406305668396,0.28598275322048333,0.2386109186706786,0.3961124705626612,0.19279929517438096,0.17859891063264785
2021-06-18 02:30:00,0.3186889818688982,0.13147410358565725,0.4698436336559937,0.3858239600071418,0.5789742314588213,0.00044543429844097997,0.5,0.38035406305668396,0.28598275322048333,0.2386109186706786,0.3961124705626612,0.19279929517438096,0.171552725681609
2021-06-18 02:40:00,0.3396094839609484,0.1633466135458166,0.4698436336559937,0.38296732726298877,0.5789742314588213,0.00022271714922048998,0.5,0.38035406305668396,0.28598275322048333,0.2386109186706786,0.3961124705626612,0.19279929517438096,0.18521508215519714
2021-06-18 02:50:00,0.33821478382147835,0.3067729083665336,0.46746090841399823,0.3811819317978933,0.5789742314588213,0.00044543429844097997,0.5,0.38035406305668396,0.28598275322048333,0.2386109186706786,0.3961124705626612,0.19279929517438096,0.19294777977277186
2021-06-18 03:00:00,0.38633193863319387,-0.20318725099601598,0.4653760238272524,0.38189608998393165,0.5789742314588213,0.00022271714922048998,0.5,0.3733512150363729,0.2825805228055747,0.240911960943279,0.4086132629287016,0.16310323076703684,0.24486624319145403
2021-06-18 03:10:00,0.394700139470014,-0.4342629482071714,0.46358897989575576,0.3861810391001608,0.5789742314588213,0.00022271714922048998,0.5,0.3733512150363729,0.2825805228055747,0.240911960943279,0.4086132629287016,0.16310323076703684,0.2524329707138223
2021-06-18 03:20:00,0.37866108786610875,-0.12350597609561753,0.46358897989575576,0.3861810391001608,0.5789742314588213,0.00022271714922048998,0.5,0.3733512150363729,0.2825805228055747,0.240911960943279,0.4086132629287016,0.16310323076703684,0.22633040119498468
2021-06-18 03:30:00,0.37377963737796377,0.05179282868525892,0.46358897989575576,0.3840385645420461,0.5789742314588213,0.00022271714922048998,0.5,0.3733512150363729,0.2825805228055747,0.240911960943279,0.4086132629287016,0.16310323076703684,0.22915943690873153
2021-06-18 03:40:00,0.38354253835425384,-0.003984063745020028,0.46358897989575576,0.38296732726298877,0.5789742314588213,0.00022271714922048998,0.5,0.3733512150363729,0.2825805228055747,0.240911960943279,0.4086132629287016,0.16310323076703684,0.24472290538195754
2021-06-18 03:50:00,0.38354253835425384,-0.09960159362549814,0.4620997766195085,0.38296732726298877,0.5789742314588213,0.00022271714922048998,0.5,0.3733512150363729,0.2825805228055747,0.240911960943279,0.4086132629287016,0.16310323076703684,0.2481328364289271
2021-06-18 04:00:00,0.3758716875871687,-0.2828685258964144,0.4609084139985107,0.3854668809141224,0.5789742314588213,0.00022271714922048998,0.5,0.2921181980126226,0.2868706663946426,0.29955563062951673,0.4228995521402387,0.14008225504377927,0.2330899105270305
2021-06-18 04:10:00,0.39051603905160387,-0.08366533864541836,0.4609084139985107,0.3861810391001608,0.5723521482509063,0.00022271714922048998,0.5,0.2921181980126226,0.2868706663946426,0.29955563062951673,0.4228995521402387,0.14008225504377927,0.25119573909501036
2021-06-18 04:20:00,0.41143654114365413,0.2350597609561753,0.4609084139985107,0.3840385645420461,0.5677454816714872,0.00033407572383073496,0.5,0.2921181980126226,0.2868706663946426,0.29955563062951673,0.4228995521402387,0.14008225504377927,0.29043257842087
2021-06-18 04:30:00,0.4086471408647141,0.298804780876494,0.4609084139985107,0.38296732726298877,0.571174307364123,0.00033407572383073496,0.5,0.2921181980126226,0.2868706663946426,0.29955563062951673,0.4228995521402387,0.14008225504377927,0.2807082396608175
2021-06-18 04:40:00,0.38702928870292885,0.08366533864541825,0.4623976172747577,0.38296732726298877,0.5789742314588213,0.00033407572383073496,0.5,0.2921181980126226,0.2868706663946426,0.29955563062951673,0.4228995521402387,0.14008225504377927,0.24828371833366025
2021-06-18 04:50:00,0.3598326359832636,0.09960159362549792,0.4609084139985107,0.38296732726298877,0.5849943071023805,0.00022271714922048998,0.5,0.2921181980126226,0.2868706663946426,0.29955563062951673,0.4228995521402387,0.14008225504377927,0.2166437829111155
2021-06-18 05:00:00,0.399581589958159,-0.26693227091633476,0.4606105733432613,0.3840385645420461,0.5843530381751318,0.00111358574610245,0.5,0.2908886363689427,0.2837414189944468,0.2986897437936217,0.43429820638521155,0.12528748254626537,0.28095719480362724
2021-06-18 05:10:00,0.40027894002789405,-0.07569721115537853,0.4576321667907668,0.38296732726298877,0.5790265799426785,0.00033407572383073496,0.5,0.2908886363689427,0.2837414189944468,0.2986897437936217,0.43429820638521155,0.12528748254626537,0.2754801816618133
2021-06-18 05:20:00,0.3814504881450488,0.24302788844621515,0.4576321667907668,0.3826102481699696,0.5790265799426785,0.00022271714922048998,0.5,0.2908886363689427,0.2837414189944468,0.2986897437936217,0.43429820638521155,0.12528748254626537,0.2603165502361302
2021-06-18 05:30:00,0.35146443514644354,0.47410358565737054,0.4549516008935217,0.37689698268166416,0.5790265799426785,0.00033407572383073496,0.5,0.2908886363689427,0.2837414189944468,0.2986897437936217,0.43429820638521155,0.12528748254626537,0.2349910225266684
2021-06-18 05:40:00,0.3682008368200837,0.11553784860557759,0.4549516008935217,0.3758257454026068,0.5790265799426785,0.00033407572383073496,0.5,0.2908886363689427,0.2837414189944468,0.2986897437936217,0.43429820638521155,0.12528748254626537,0.23608491633598383
2021-06-18 05:50:00,0.398186889818689,-0.29083665338645437,0.4549516008935217,0.3822531690769506,0.5790265799426785,0.00022271714922048998,0.5,0.2908886363689427,0.2837414189944468,0.2986897437936217,0.43429820638521155,0.12528748254626537,0.25943389109344117
2021-06-18 06:00:00,0.405160390516039,-0.17131474103585675,0.45346239761727447,0.3854668809141224,0.5722736255251207,0.00022271714922048998,0.5,0.3571876741656641,0.29443947966563905,0.29712054582827824,0.4486881484924647,0.11883627608177891,0.26968631652005975
2021-06-18 06:10:00,0.399581589958159,0.10756972111553775,0.4528667163067759,0.38296732726298877,0.5679025271230582,0.00022271714922048998,0.5,0.3571876741656641,0.29443947966563905,0.29712054582827824,0.4486881484924647,0.11883627608177891,0.26237608823573794
2021-06-18 06:20:00,0.3584379358437936,0.05179282868525892,0.4549516008935217,0.3826102481699696,0.5679025271230582,0.00022271714922048998,0.5,0.3571876741656641,0.29443947966563905,0.29712054582827824,0.4486881484924647,0.11883627608177891,0.20765122138901881
2021-06-18 06:30:00,0.3458856345885635,0.3227091633466135,0.4549516008935217,0.37653990358864475,0.5679025271230582,0.00022271714922048998,0.5,0.3571876741656641,0.29443947966563905,0.29712054582827824,0.4486881484924647,0.11883627608177891,0.19485643586764642
2021-06-18 06:40:00,0.32496513249651326,0.49003984063745,0.4549516008935217,0.37011247991430096,0.5679025271230582,0.00033407572383073496,0.5,0.3571876741656641,0.29443947966563905,0.29712054582827824,0.4486881484924647,0.11883627608177891,0.16609834482550506
2021-06-18 06:50:00,0.34797768479776847,0.5298804780876492,0.45227103499627686,0.3683270844492055,0.5708602164609808,0.00033407572383073496,0.5,0.3571876741656641,0.29443947966563905,0.29712054582827824,0.4486881484924647,0.11883627608177891,0.18057546358465232
2021-06-18 07:00:00,0.3068340306834031,-0.06772908366533881,0.45316455696202507,0.3683270844492055,0.5817617882242085,0.00033407572383073496,0.5,0.34789667079466735,0.31085294261322216,0.28309033845041004,0.39862235333195584,0.10526721012983462,0.15435973263726482
2021-06-18 07:10:00,0.31659693165969316,0.09163346613545809,0.4549516008935217,0.3683270844492055,0.5817617882242085,0.00044543429844097997,0.5,0.34789667079466735,0.31085294261322216,0.28309033845041004,0.39862235333195584,0.10526721012983462,0.1585391613983735
2021-06-18 07:20:00,0.2796373779637378,0.13147410358565725,0.4549516008935217,0.3683270844492055,0.5817617882242085,0.00033407572383073496,0.5,0.34789667079466735,0.31085294261322216,0.28309033845041004,0.39862235333195584,0.10526721012983462,0.12766872368996784
2021-06-18 07:30:00,0.25174337517433754,0.09163346613545809,0.4549516008935217,0.37189787537939667,0.5817617882242085,0.00022271714922048998,0.5,0.34789667079466735,0.31085294261322216,0.28309033845041004,0.39862235333195584,0.10526721012983462,0.1150248200733286
2021-06-18 07:40:00,0.25732217573221755,0.17131474103585642,0.4579300074460164,0.37546866630958764,0.5817617882242085,0.00022271714922048998,0.5,0.34789667079466735,0.31085294261322216,0.28309033845041004,0.39862235333195584,0.10526721012983462,0.11494183502572537
2021-06-18 07:50:00,0.2831241283124128,-0.06772908366533881,0.4609084139985107,0.3758257454026068,0.5817617882242085,0.00022271714922048998,0.5,0.34789667079466735,0.31085294261322216,0.28309033845041004,0.39862235333195584,0.10526721012983462,0.12996967273714863
2021-06-18 08:00:00,0.3193863319386332,-0.5378486055776892,0.4609084139985107,0.3758257454026068,0.5817617882242085,0.00022271714922048998,0.5,0.37672234520247483,0.3284675308255291,0.24238934548314092,0.3614226264158658,0.10297186045418694,0.14413748359159287
2021-06-18 08:10:00,0.33054393305439334,-0.601593625498008,0.4609084139985107,0.3793965363327978,0.5817617882242085,0.00022271714922048998,0.5,0.37672234520247483,0.3284675308255291,0.24238934548314092,0.3614226264158658,0.10297186045418694,0.1612097711121505
2021-06-18 08:20:00,0.3319386331938633,-0.49800796812749004,0.46358897989575576,0.38296732726298877,0.5817617882242085,0.00033407572383073496,0.5,0.37672234520247483,0.3284675308255291,0.24238934548314092,0.3614226264158658,0.10297186045418694,0.1625526200642757
2021-06-18 08:30:00,0.28451882845188287,-0.3545816733067729,0.46358897989575576,0.38296732726298877,0.5817617882242085,0.00022271714922048998,0.5,0.37672234520247483,0.3284675308255291,0.24238934548314092,0.3614226264158658,0.10297186045418694,0.12379860283356217
2021-06-18 08:40:00,0.23221757322175732,-0.07569721115537853,0.4686522710349963,0.3836814854490269,0.5817617882242085,0.00033407572383073496,0.5,0.37672234520247483,0.3284675308255291,0.24238934548314092,0.3614226264158658,0.10297186045418694,0.09126846417309173
2021-06-18 08:50:00,0.2719665271966527,0.22709163346613526,0.4760982874162323,0.38689519728619914,0.5817617882242085,0.00033407572383073496,0.5,0.37672234520247483,0.3284675308255291,0.24238934548314092,0.3614226264158658,0.10297186045418694,0.11676750607299667
2021-06-18 09:00:00,0.2398884239888424,0.2111553784860556,0.4847356664184659,0.3951080164256384,0.5930821478582927,0.00033407572383073496,0.5,0.40213609861574673,0.3188700227294292,0.23729230541355548,0.3637728303849743,0.13211270874980593,0.09405977941065528
2021-06-18 09:10:00,0.3242677824267783,0.3306772908366533,0.4933730454206997,0.4033208355650777,0.5955556137205377,0.00044543429844097997,0.5,0.40213609861574673,0.3188700227294292,0.23729230541355548,0.3637728303849743,0.13211270874980593,0.1668376661586976
2021-06-18 09:20:00,0.30613668061366806,0.19521912350597592,0.49843633655994046,0.404749151937154,0.6081715983300834,0.0014476614699331849,0.5,0.40213609861574673,0.3188700227294292,0.23729230541355548,0.3637728303849743,0.13211270874980593,0.1441148513058829
2021-06-18 09:30:00,0.2670850767085077,-0.059760956175298974,0.504393149664929,0.4122478128905551,0.6212063708104854,0.00022271714922048998,0.5,0.40213609861574673,0.3188700227294292,0.23729230541355548,0.3637728303849743,0.13211270874980593,0.11848001569171811
2021-06-18 09:40:00,0.24755927475592746,-0.01195219123505975,0.5082650781831719,0.4193893947509373,0.6201594011333447,0.00033407572383073496,0.5,0.40213609861574673,0.3188700227294292,0.23729230541355548,0.3637728303849743,0.13211270874980593,0.10002715874285198
2021-06-18 09:50:00,0.2315202231520223,0.043824701195219085,0.5154132539091583,0.4433136939832174,0.6089044771040818,0.00033407572383073496,0.5,0.40213609861574673,0.3188700227294292,0.23729230541355548,0.3637728303849743,0.13211270874980593,0.09058195150655582
2021-06-18 10:00:00,0.2315202231520223,-0.298804780876494,0.5228592702903945,0.46152472772719166,0.6202379238591303,0.00044543429844097997,0.5,0.556565205456699,0.3149160792742661,0.1739874558005224,0.3247640643520883,0.18534293575649213,0.08281907750803447
2021-06-18 10:10:00,0.22733612273361226,0.3784860557768923,0.5335815338793746,0.46473843956436345,0.6277237570506864,0.00033407572383073496,0.5,0.556565205456699,0.3149160792742661,0.1739874558005224,0.3247640643520883,0.18534293575649213,0.09168338941110793
2021-06-18 10:20:00,0.22873082287308227,0.09163346613545809,0.5377513030528664,0.47616497054097473,0.6257999502689404,0.00033407572383073496,0.5,0.556565205456699,0.3149160792742661,0.1739874558005224,0.3247640643520883,0.18534293575649213,0.09419557312491512
2021-06-18 10:30:00,0.32914923291492326,0.6254980079681274,0.5416232315711094,0.4704517050526693,0.6452474120218292,0.00033407572383073496,0.5,0.556565205456699,0.3149160792742661,0.1739874558005224,0.3247640643520883,0.18534293575649213,0.1822577968224271
2021-06-18 10:40:00,0.2622036262203626,-0.2509960159362551,0.5454951600893521,0.49009105516871987,0.6471319574406826,0.00033407572383073496,0.5,0.556565205456699,0.3149160792742661,0.1739874558005224,0.3247640643520883,0.18534293575649213,0.09531209921994056
2021-06-18 10:50:00,0.301255230125523,-0.3067729083665339,0.5532390171258375,0.507230851633637,0.6456923741346141,0.00033407572383073496,0.5,0.556565205456699,0.3149160792742661,0.1739874558005224,0.3247640643520883,0.18534293575649213,0.14250041492523802
2021-06-18 11:00:00,0.35704323570432356,0.1633466135458166,0.5609828741623228,0.5086591680057133,0.6466739082069335,0.00033407572383073496,0.5,0.5695041696364813,0.32260557977282206,0.16719693992447207,0.28953130143568706,0.2309762162828745,0.2183789248155469
2021-06-18 11:10:00,0.3368200836820084,0.01195219123505975,0.5651526433358152,0.5122299589359045,0.6520396278022798,0.00033407572383073496,0.5,0.5695041696364813,0.32260557977282206,0.16719693992447207,0.28953130143568706,0.2309762162828745,0.203011602818474
2021-06-18 11:20:00,0.42189679218967924,-0.15537848605577698,0.5639612807148173,0.5168719871451526,0.6543560482129536,0.00033407572383073496,0.5,0.5695041696364813,0.32260557977282206,0.16719693992447207,0.28953130143568706,0.2309762162828745,0.30027007860947236
2021-06-18 11:30:00,0.23082287308228733,-0.01195219123505975,0.5624720774385703,0.517586145331191,0.665336142701967,0.00033407572383073496,0.5,0.5695041696364813,0.32260557977282206,0.16719693992447207,0.28953130143568706,0.2309762162828745,0.08925419074490397
2021-06-18 11:40:00,0.4288702928870293,0.043824701195219085,0.5669396872673118,0.5215140153544011,0.6657156692099305,0.00022271714922048998,0.5,0.5695041696364813,0.32260557977282206,0.16719693992447207,0.28953130143568706,0.2309762162828745,0.3132383783212879
2021-06-18 11:50:00,0.3884239888423989,0.05179282868525892,0.5708116157855547,0.5243706480985537,0.6536624308018479,0.0006681514476614699,0.5,0.5695041696364813,0.32260557977282206,0.16719693992447207,0.28953130143568706,0.2309762162828745,0.26655551699684654
2021-06-18 12:00:00,0.35564853556485354,0.05179282868525892,0.5714072970960533,0.5275843599357259,0.6655717108793238,0.00044543429844097997,0.5,0.5772561613996023,0.3122523397517883,0.15923428110404886,0.3287017533287547,0.2942087144727177,0.20768894186520212
2021-06-18 12:10:00,0.3451882845188285,-0.01195219123505975,0.5773641102010423,0.5315122299589359,0.6639750821216841,0.0006681514476614699,0.5,0.5772561613996023,0.3122523397517883,0.15923428110404886,0.3287017533287547,0.2942087144727177,0.19451695158199675
2021-06-18 12:20:00,0.300557880055788,-0.003984063745020028,0.5809381980640356,0.5361542581681842,0.651293661907317,0.000779510022271715,0.5,0.5772561613996023,0.3122523397517883,0.15923428110404886,0.3287017533287547,0.2942087144727177,0.13027143654661497
2021-06-18 12:30:00,0.3486750348675035,-0.09960159362549814,0.5874906924795233,0.5500803427959293,0.6530604232374919,0.0017817371937639199,0.5,0.5772561613996023,0.3122523397517883,0.15923428110404886,0.3287017533287547,0.2942087144727177,0.19114474101121054
2021-06-18 12:40:00,0.3891213389121339,-0.01195219123505975,0.5919583023082648,0.552579896447063,0.665846540419573,0.00378619153674833,0.5,0.5772561613996023,0.3122523397517883,0.15923428110404886,0.3287017533287547,0.2942087144727177,0.2914585753730555
2021-06-18 12:50:00,0.3856345885634589,0.2111553784860556,0.596723752792256,0.5543652919121587,0.6595647223567288,0.0034521158129175947,0.5,0.5772561613996023,0.3122523397517883,0.15923428110404886,0.3287017533287547,0.2942087144727177,0.2738431129954585
2021-06-18 13:00:00,0.37447698744769875,0.08366533864541825,0.6026805658972447,0.5618639528655596,0.6778997788276557,0.0020044543429844097,0.5,0.6613310617655856,0.2980371084489693,0.11316917752290674,0.37443364597969275,0.33736838550097004,0.24472290538195754
2021-06-18 13:10:00,0.27615062761506276,0.31474103585657365,0.604169769173492,0.5679342974468844,0.6775987750454777,0.0016703786191536749,0.5,0.6613310617655856,0.2980371084489693,0.11316917752290674,0.37443364597969275,0.33736838550097004,0.11030976055041719
2021-06-18 13:20:00,0.21687587168758715,-0.2749003984063746,0.6053611317944898,0.5843599357257632,0.6556385860674511,0.0017817371937639199,0.5,0.6613310617655856,0.2980371084489693,0.11316917752290674,0.37443364597969275,0.33736838550097004,0.067376314558595
2021-06-18 13:30:00,0.301255230125523,-0.24302788844621515,0.6095309009679819,0.5886448848419923,0.6289408593003626,0.00111358574610245,0.5,0.6613310617655856,0.2980371084489693,0.11316917752290674,0.37443364597969275,0.33736838550097004,0.14920711559062722
2021-06-18 13:40:00,0.2831241283124128,0.49003984063745,0.6157855547282203,0.590073201214069,0.6308123175982515,0.30645879732739423,0.5,0.6613310617655856,0.2980371084489693,0.11316917752290674,0.37443364597969275,0.33736838550097004,0.02683434675679346
2021-06-18 13:50:00,0.28591352859135283,-0.2589641434262948,0.6405063291139239,0.6172112122835207,0.6840638128018218,0.24409799554565703,0.5,0.6613310617655856,0.2980371084489693,0.11316917752290674,0.37443364597969275,0.33736838550097004,0.04343890037267831
2021-06-18 14:00:00,0.24546722454672246,0.5298804780876492,0.6461653015636633,0.634708087841457,0.6801245893915798,0.2447661469933185,0.5,0.6650848852803808,0.2723795785716943,0.11262007236774778,0.3749804070938847,0.354741950900858,0.004375575237261795
2021-06-18 14:10:00,0.29567642956764295,-0.19521912350597614,0.6545048399106477,0.6439921442599537,0.7001478844668961,0.017928730512249445,0.5,0.6650848852803808,0.2723795785716943,0.11262007236774778,0.3749804070938847,0.354741950900858,0.1547067610181511
2021-06-18 14:20:00,0.29218967921896793,-0.05179282868525903,0.644080416976917,0.6118550258882343,0.6953710853149416,0.002561247216035635,0.5,0.6650848852803808,0.2723795785716943,0.11262007236774778,0.3749804070938847,0.354741950900858,0.1526245907328334
2021-06-18 14:30:00,0.35006973500697347,0.4183266932270917,0.643186895011169,0.5975718621674699,0.7070317100940964,0.0035634743875278397,0.5,0.6650848852803808,0.2723795785716943,0.11262007236774778,0.3749804070938847,0.354741950900858,0.2141844078639649
2021-06-18 14:40:00,0.31729428172942814,-0.06772908366533881,0.6396128071481755,0.5954293876093555,0.6925704414285901,0.0012249443207126948,0.5,0.6650848852803808,0.2723795785716943,0.11262007236774778,0.3749804070938847,0.354741950900858,0.1392866303544216
2021-06-18 14:50:00,0.28661087866108786,0.33864541832669315,0.6455696202531644,0.6129262631672916,0.7204329219614977,0.000556792873051225,0.5,0.6650848852803808,0.2723795785716943,0.11262007236774778,0.3749804070938847,0.354741950900858,0.11010606997902742
2021-06-18 15:00:00,0.3472803347280335,-0.4581673306772909,0.6479523454951599,0.6218532404927692,0.6987083011608276,0.5543429844097996,0.5,0.6699868555474358,0.2547621168539709,0.11180744746376192,0.34873575608213037,0.35332802088025894,0.00048282209514612914
2021-06-18 15:10:00,0.28172942817294283,0.19521912350597592,0.6741623231571108,0.648634172469202,0.7145175432856526,0.2076837416481069,0.5,0.6699868555474358,0.2547621168539709,0.11180744746376192,0.34873575608213037,0.35332802088025894,0.09789217979087768
2021-06-18 15:20:00,0.34449093444909346,-0.043824701195219196,0.6702903946388681,0.6407784324227817,0.6978052898142938,0.00111358574610245,0.5,0.6699868555474358,0.2547621168539709,0.11180744746376192,0.34873575608213037,0.35332802088025894,0.20343407215172687
2021-06-18 15:30:00,0.299860529986053,0.47410358565737054,0.6583767684288904,0.625066952329941,0.7190326000183219,0.000556792873051225,0.5,0.6699868555474358,0.2547621168539709,0.11180744746376192,0.34873575608213037,0.35332802088025894,0.16660379920636118
2021-06-18 15:40:00,0.2796373779637378,-0.05179282868525903,0.6565897244973937,0.6229244777718264,0.7352868042559317,0.0014476614699331849,0.5,0.6699868555474358,0.2547621168539709,0.11180744746376192,0.34873575608213037,0.35332802088025894,0.10535328997993271
2021-06-18 15:50:00,0.48535564853556484,-0.0916334661354582,0.6553983618763959,0.6189966077486162,0.7199879598487129,0.007238307349665925,0.5,0.6699868555474358,0.2547621168539709,0.11180744746376192,0.34873575608213037,0.35332802088025894,0.3829910828794303
2021-06-18 16:00:00,0.47280334728033474,-0.24302788844621515,0.650632911392405,0.6118550258882343,0.7080525055293085,0.004677060133630289,0.5,0.7164906679723289,0.2363027180487729,0.10119995328167689,0.3197546867050977,0.34117148586392126,0.41986662039621586
2021-06-18 16:10:00,0.401673640167364,0.019920318725099362,0.6408041697691733,0.6036422067487948,0.6953710853149416,0.000556792873051225,0.5,0.7164906679723289,0.2363027180487729,0.10119995328167689,0.3197546867050977,0.34117148586392126,0.26615567994930367
2021-06-18 16:20:00,0.35146443514644354,-0.03585657370517936,0.6360387192851822,0.600428494911623,0.7059193048121344,0.00033407572383073496,0.5,0.7164906679723289,0.2363027180487729,0.10119995328167689,0.3197546867050977,0.34117148586392126,0.2072212079605293
2021-06-18 16:30:00,0.42189679218967924,-0.02788844621513953,0.6375279225614294,0.6022138903767185,0.6932509717187316,0.00044543429844097997,0.5,0.7164906679723289,0.2363027180487729,0.10119995328167689,0.3197546867050977,0.34117148586392126,0.3232041281289135
2021-06-18 16:40:00,0.41352859135285913,-0.02788844621513953,0.6348473566641846,0.600428494911623,0.6846658203661776,0.00022271714922048998,0.5,0.7164906679723289,0.2363027180487729,0.10119995328167689,0.3197546867050977,0.34117148586392126,0.27956908128008207
2021-06-18 16:50:00,0.3068340306834031,-0.3466135458167332,0.6348473566641846,0.6032851276557758,0.6959076572744761,0.00033407572383073496,0.5,0.7164906679723289,0.2363027180487729,0.10119995328167689,0.3197546867050977,0.34117148586392126,0.15460868778007453
2021-06-18 17:00:00,0.301255230125523,0.09960159362549792,0.6363365599404316,0.6022138903767185,0.6739998167803065,0.00044543429844097997,0.5,0.7182576479468004,0.22129439925058894,0.10071057757873035,0.3254655318205315,0.3311655790048872,0.17361980777645336
2021-06-18 17:10:00,0.21687587168758715,-0.1394422310756973,0.6384214445271779,0.5993572576325656,0.6908167672193795,0.00033407572383073496,0.5,0.7182576479468004,0.22129439925058894,0.10071057757873035,0.3254655318205315,0.3311655790048872,0.07360773722407471
2021-06-18 17:20:00,0.3103207810320781,0.043824701195219085,0.6437825763216678,0.6172112122835207,0.6734108963369149,0.00033407572383073496,0.5,0.7182576479468004,0.22129439925058894,0.10071057757873035,0.3254655318205315,0.3311655790048872,0.1673204882538437
2021-06-18 17:30:00,0.18340306834030684,0.4262948207171313,0.6503350707371554,0.6239957150508837,0.6946251194199787,0.043318485523385304,0.5,0.7182576479468004,0.22129439925058894,0.10071057757873035,0.3254655318205315,0.3311655790048872,0.023922325995443368
2021-06-18 17:40:00,0.3507670850767085,0.1633466135458166,0.6545048399106477,0.6207820032137119,0.6924395702189475,0.00033407572383073496,0.5,0.7182576479468004,0.22129439925058894,0.10071057757873035,0.3254655318205315,0.3311655790048872,0.2216756944339665
2021-06-18 17:50:00,0.3486750348675035,-0.3705179282868527,0.6571854058078928,0.6125691840742724,0.6995066155396474,0.00033407572383073496,0.5,0.7182576479468004,0.22129439925058894,0.10071057757873035,0.3254655318205315,0.3311655790048872,0.1899603180590552
2021-06-18 18:00:00,0.37517433751743373,-0.03585657370517936,0.6568875651526431,0.6093554722371006,0.6742353849576632,0.00033407572383073496,0.5,0.6860120144498922,0.2103635846405398,0.12014192529456069,0.332572910978812,0.3559173181738883,0.2452509920485236
2021-06-18 18:10:00,0.41352859135285913,0.09960159362549792,0.6545048399106477,0.6068559185859668,0.6862624491238173,0.00033407572383073496,0.5,0.6860120144498922,0.2103635846405398,0.12014192529456069,0.332572910978812,0.3559173181738883,0.2803612112799312
2021-06-18 18:20:00,0.399581589958159,-0.11553784860557781,0.6545048399106477,0.600428494911623,0.6958160474277264,0.00022271714922048998,0.5,0.6860120144498922,0.2103635846405398,0.12014192529456069,0.332572910978812,0.3559173181738883,0.2558881663322118
2021-06-18 18:30:00,0.3772663877266388,0.10756972111553775,0.6482501861504093,0.5975718621674699,0.6805695515043645,0.00033407572383073496,0.5,0.6860120144498922,0.2103635846405398,0.12014192529456069,0.332572910978812,0.3559173181738883,0.24861565852407322
2021-06-18 18:40:00,0.41143654114365413,-0.3784860557768924,0.6470588235294115,0.6000714158186038,0.6749420894897331,0.00033407572383073496,0.5,0.6860120144498922,0.2103635846405398,0.12014192529456069,0.332572910978812,0.3559173181738883,0.2804668286132444
2021-06-18 18:50:00,0.33472803347280333,0.585657370517928,0.6443782576321666,0.6039992858418142,0.6662784154113937,0.00022271714922048998,0.5,0.6860120144498922,0.2103635846405398,0.12014192529456069,0.332572910978812,0.3559173181738883,0.21248698643571678
2021-06-18 19:00:00,0.38633193863319387,-0.23505976095617542,0.6413998510796721,0.6057846813069094,0.6862755362447814,0.00022271714922048998,0.5,0.6842938633984195,0.20488093630300586,0.11717460161660109,0.4046602588185557,0.37378810726522377,0.2257645940522353
2021-06-18 19:10:00,0.3451882845188285,-0.059760956175298974,0.6422933730454206,0.6018568112836993,0.6867074112366021,0.00033407572383073496,0.5,0.6842938633984195,0.20488093630300586,0.11717460161660109,0.4046602588185557,0.37378810726522377,0.192502678153809
2021-06-18 19:20:00,0.3933054393305439,-0.01195219123505975,0.6416976917349215,0.6014997321906803,0.6786588318435828,0.00022271714922048998,0.5,0.6842938633984195,0.20488093630300586,0.11717460161660109,0.4046602588185557,0.37378810726522377,0.23337658614602352
2021-06-18 19:30:00,0.39121338912133896,0.09163346613545809,0.63723008190618,0.5979289412604893,0.6825195325280391,0.00022271714922048998,0.5,0.6842938633984195,0.20488093630300586,0.11717460161660109,0.4046602588185557,0.37378810726522377,0.26102569518837604
2021-06-18 19:40:00,0.4546722454672245,0.043824701195219085,0.6330603127326879,0.590430280307088,0.6713562183455262,0.00022271714922048998,0.5,0.6842938633984195,0.20488093630300586,0.11717460161660109,0.4046602588185557,0.37378810726522377,0.3598307105028894
2021-06-18 19:50:00,0.43165969316596936,0.019920318725099362,0.627699180938198,0.5861453311908589,0.6835141537213228,0.00022271714922048998,0.5,0.6842938633984195,0.20488093630300586,0.11717460161660109,0.4046602588185557,0.37378810726522377,0.29613591441978365
2021-06-18 20:00:00,0.40097629009762903,-0.059760956175298974,0.6274013402829486,0.587216568469916,0.6831869756972163,0.00022271714922048998,0.5,0.6770467039976678,0.20238673360018447,0.11302156588304416,0.45055364747264887,0.3939140187958068,0.24832143880984356
2021-06-18 20:10:00,0.3884239888423989,-0.02788844621513953,0.6244229337304541,0.5865024102838778,0.685647354438497,0.00022271714922048998,0.5,0.6770467039976678,0.20238673360018447,0.11302156588304416,0.45055364747264887,0.3939140187958068,0.23791058738325516
2021-06-18 20:20:00,0.34449093444909346,-0.019920318725099695,0.6211466865227102,0.5840028566327442,0.6850322597531769,0.00033407572383073496,0.5,0.6770467039976678,0.20238673360018447,0.11302156588304416,0.45055364747264887,0.3939140187958068,0.18062072815607225
2021-06-18 20:30:00,0.4191073919107392,-0.10756972111553798,0.6151898734177212,0.5793608284234957,0.6792739265289028,0.00022271714922048998,0.5,0.6770467039976678,0.20238673360018447,0.11302156588304416,0.45055364747264887,0.3939140187958068,0.282926203660395
2021-06-18 20:40:00,0.38354253835425384,0.08366533864541825,0.6092330603127325,0.5740046420282092,0.6825980552538248,0.00033407572383073496,0.5,0.6770467039976678,0.20238673360018447,0.11302156588304416,0.45055364747264887,0.3939140187958068,0.2425954705252199
2021-06-18 20:50:00,0.33891213389121344,-0.12350597609561753,0.6035740878629932,0.5661489019817889,0.689586577848739,0.00022271714922048998,0.5,0.6770467039976678,0.20238673360018447,0.11302156588304416,0.45055364747264887,0.3939140187958068,0.18217481177482384
2021-06-18 21:00:00,0.3723849372384937,-0.08366533864541836,0.5982129560685032,0.5643635065166934,0.6821792673829684,0.00033407572383073496,0.5,0.6800107263535768,0.20280913889663,0.10043019155146556,0.44788500806586873,0.4197240169612104,0.21610060805407608
2021-06-18 21:10:00,0.3472803347280335,0.2828685258964143,0.5928518242740133,0.549009105516872,0.6784232636662261,0.00033407572383073496,0.5,0.6800107263535768,0.20280913889663,0.10043019155146556,0.44788500806586873,0.4197240169612104,0.18405329148875177
2021-06-18 21:20:00,0.32566248256624825,0.09163346613545809,0.5880863737900222,0.5297268344938404,0.6784232636662261,0.00022271714922048998,0.5,0.6800107263535768,0.20280913889663,0.10043019155146556,0.44788500806586873,0.4197240169612104,0.15872776377928996
2021-06-18 21:30:00,0.2601115760111576,0.019920318725099362,0.58391660461653,0.5232994108194964,0.6784232636662261,0.00022271714922048998,0.5,0.6800107263535768,0.20280913889663,0.10043019155146556,0.44788500806586873,0.4197240169612104,0.1014680809330537
2021-06-18 21:40:00,0.22454672245467225,0.08366533864541825,0.5791511541325389,0.5186573826102483,0.6784232636662261,0.00033407572383073496,0.5,0.6800107263535768,0.20280913889663,0.10043019155146556,0.44788500806586873,0.4197240169612104,0.07922054408014848
2021-06-18 21:50:00,0.2524407252440725,-0.3227091633466136,0.5761727475800447,0.5186573826102483,0.6771014644488359,0.00022271714922048998,0.5,0.6800107263535768,0.20280913889663,0.10043019155146556,0.44788500806586873,0.4197240169612104,0.10100789112361754
2021-06-18 22:00:00,0.3110181311018131,-0.2749003984063746,0.5725986597170512,0.525441885377611,0.66457708968604,0.00022271714922048998,0.5,0.5750820402618484,0.21883755211820283,0.1797823539922418,0.427476851357918,0.4266966358656239,0.1474719736861958
2021-06-18 22:10:00,0.3179916317991632,-0.5378486055776892,0.5681310498883096,0.5108016425638278,0.66457708968604,0.00033407572383073496,0.5,0.5750820402618484,0.21883755211820283,0.1797823539922418,0.427476851357918,0.4266966358656239,0.1523530033043137
2021-06-18 22:20:00,0.3326359832635983,-0.553784860557769,0.5648548026805658,0.5018746652383501,0.66457708968604,0.00022271714922048998,0.5,0.5750820402618484,0.21883755211820283,0.1797823539922418,0.427476851357918,0.4266966358656239,0.16858035215836567
2021-06-18 22:30:00,0.3472803347280335,-0.5378486055776892,0.5618763961280713,0.49866095340117833,0.6596825064454072,0.00044543429844097997,0.5,0.5750820402618484,0.21883755211820283,0.1797823539922418,0.427476851357918,0.4266966358656239,0.18098284472743184
2021-06-18 22:40:00,0.3319386331938633,0.027888446215139417,0.5609828741623228,0.4961613997500447,0.652916464906885,0.00022271714922048998,0.5,0.5750820402618484,0.21883755211820283,0.1797823539922418,0.427476851357918,0.4266966358656239,0.16478567225432655
2021-06-18 22:50:00,0.3228730822873082,-0.003984063745020028,0.5562174236783319,0.48294947330833793,0.652916464906885,0.00033407572383073496,0.5,0.5750820402618484,0.21883755211820283,0.1797823539922418,0.427476851357918,0.4266966358656239,0.15356005854217905
2021-06-18 23:00:00,0.3417015341701534,-0.1394422310756973,0.5538346984363365,0.47795036600607044,0.652916464906885,0.00044543429844097997,0.5,0.45929078657591504,0.23060168329947286,0.22175136138132032,0.3602115646063914,0.40424640484708435,0.17411017396683615
2021-06-18 23:10:00,0.3417015341701534,-0.19521912350597614,0.548771407297096,0.4754508123549366,0.652916464906885,0.00033407572383073496,0.5,0.45929078657591504,0.23060168329947286,0.22175136138132032,0.3602115646063914,0.40424640484708435,0.1785008373945713
2021-06-18 23:20:00,0.3437935843793584,-0.3705179282868527,0.5451973194341024,0.47259417961078376,0.652916464906885,0.00022271714922048998,0.5,0.45929078657591504,0.23060168329947286,0.22175136138132032,0.3602115646063914,0.40424640484708435,0.1837741599649954
2021-06-18 23:30:00,0.2907949790794979,-0.3705179282868527,0.5419210722263585,0.4686663095875736,0.652916464906885,0.00022271714922048998,0.5,0.45929078657591504,0.23060168329947286,0.22175136138132032,0.3602115646063914,0.40424640484708435,0.1360124930217119
2021-06-18 23:40:00,0.2412831241283124,-0.4103585657370519,0.5380491437081161,0.46938046777361175,0.6486893248354294,0.00022271714922048998,0.5,0.45929078657591504,0.23060168329947286,0.22175136138132032,0.3602115646063914,0.40424640484708435,0.10146053683781706
2021-06-18 23:50:00,0.22245467224546722,0.49800796812749004,0.5356664184661204,0.47295125870380295,0.6390179424428419,0.00033407572383073496,0.5,0.45929078657591504,0.23060168329947286,0.22175136138132032,0.3602115646063914,0.40424640484708435,0.08974455693528675
2021-06-19 00:00:00,0.2099023709902371,0.4501992031872508,0.5311988086373787,0.4683092304945544,0.6390179424428419,0.00033407572383073496,0.5,0.4477197993611548,0.233644725537128,0.23913199790452344,0.265025252583858,0.33736654126520144,0.07888105979449885
2021-06-19 00:10:00,0.22663877266387727,0.09960159362549792,0.5294117647058822,0.4672379932154971,0.6390179424428419,0.00033407572383073496,0.5,0.4477197993611548,0.233644725537128,0.23913199790452344,0.265025252583858,0.33736654126520144,0.09132127283974834
2021-06-19 00:20:00,0.2315202231520223,-0.4661354581673308,0.5273268801191362,0.46509551865738263,0.6376176204996663,0.00033407572383073496,0.5,0.4477197993611548,0.233644725537128,0.23913199790452344,0.265025252583858,0.33736654126520144,0.08377717760309006
2021-06-19 00:30:00,0.13598326359832635,-0.2749003984063746,0.5261355174981384,0.4708087841456883,0.6251455942207275,0.00022271714922048998,0.5,0.4477197993611548,0.233644725537128,0.23913199790452344,0.265025252583858,0.33736654126520144,0.028207372089865262
2021-06-19 00:40:00,0.10599721059972106,-0.29083665338645437,0.5246463142218911,0.4740224959828603,0.6251194199787988,0.00011135857461024499,0.5,0.4477197993611548,0.233644725537128,0.23913199790452344,0.265025252583858,0.33736654126520144,0.0030327262851366234
2021-06-19 00:50:00,0.11297071129707113,-0.42629482071713154,0.5204765450483988,0.4918764506338156,0.6115219012969336,0.00011135857461024499,0.5,0.4477197993611548,0.233644725537128,0.23913199790452344,0.265025252583858,0.33736654126520144,0.014122546283024276
2021-06-19 01:00:00,0.1297071129707113,-0.15537848605577698,0.5195830230826506,0.48544902695947156,0.6086427346847968,0.00033407572383073496,0.5,0.4191139885191997,0.23338898355492665,0.2666738697088868,0.24535970807425916,0.23154418393587164,0.02625345142357077
2021-06-19 01:10:00,0.13807531380753138,-0.26693227091633476,0.5148175725986597,0.47795036600607044,0.6086427346847968,0.00044543429844097997,0.5,0.4191139885191997,0.23338898355492665,0.2666738697088868,0.24535970807425916,0.23154418393587164,0.034966881421911074
2021-06-19 01:20:00,0.13458856345885634,-0.2509960159362551,0.5133283693224122,0.47152294233172665,0.6086427346847968,0.00044543429844097997,0.5,0.4191139885191997,0.23338898355492665,0.2666738697088868,0.24535970807425916,0.23154418393587164,0.03187380237488118
2021-06-19 01:30:00,0.14016736401673638,-0.5219123505976095,0.5112434847356664,0.4722371005177646,0.6002669772676709,0.00033407572383073496,0.5,0.4191139885191997,0.23338898355492665,0.2666738697088868,0.24535970807425916,0.23154418393587164,0.03253013866047045
2021-06-19 01:40:00,0.17782426778242677,-0.4581673306772909,0.5112434847356664,0.4815211569362612,0.5789480572168928,0.00033407572383073496,0.5,0.4191139885191997,0.23338898355492665,0.2666738697088868,0.24535970807425916,0.23154418393587164,0.04993436637144107
2021-06-19 01:50:00,0.2280334728033473,-0.4342629482071714,0.5112434847356664,0.4675950723085165,0.5671696483490597,0.00022271714922048998,0.5,0.4191139885191997,0.23338898355492665,0.2666738697088868,0.24535970807425916,0.23154418393587164,0.08213256484149857
2021-06-19 02:00:00,0.2280334728033473,-0.13147410358565736,0.5133283693224122,0.45366898768077135,0.5611495727055005,0.00033407572383073496,0.5,0.4205389992672326,0.24334567982828,0.2801566205152027,0.27241350261097447,0.15806311391663644,0.07862456055645246
2021-06-19 02:10:00,0.20223152022315202,0.10756972111553775,0.5145197319434103,0.4461703267273702,0.5611495727055005,0.00033407572383073496,0.5,0.4205389992672326,0.24334567982828,0.2801566205152027,0.27241350261097447,0.15806311391663644,0.06358163465455588
2021-06-19 02:20:00,0.20013947001394702,0.043824701195219085,0.5145197319434103,0.4443849312622745,0.5611495727055005,0.00044543429844097997,0.5,0.4205389992672326,0.24334567982828,0.2801566205152027,0.27241350261097447,0.15806311391663644,0.06075259894080903
2021-06-19 02:30:00,0.22454672245467225,0.003984063745019917,0.5136262099776618,0.4443849312622745,0.5480624517412414,0.00033407572383073496,0.5,0.4205389992672326,0.24334567982828,0.2801566205152027,0.27241350261097447,0.15806311391663644,0.08197413884152874
2021-06-19 02:40:00,0.22036262203626222,0.5617529880478087,0.5145197319434103,0.4433136939832174,0.5473033987253144,0.00033407572383073496,0.5,0.4205389992672326,0.24334567982828,0.2801566205152027,0.27241350261097447,0.15806311391663644,0.08138569941306939
2021-06-19 02:50:00,0.24895397489539747,0.38645418326693215,0.512434847356664,0.43438671665773976,0.5473033987253144,0.00022271714922048998,0.5,0.4205389992672326,0.24334567982828,0.2801566205152027,0.27241350261097447,0.15806311391663644,0.0988276476002233
2021-06-19 03:00:00,0.2105997210599721,0.593625498007968,0.5145197319434103,0.42938760935547227,0.5473033987253144,0.00033407572383073496,0.5,0.4039764553870744,0.23768200064941106,0.300250572026808,0.29414024349113393,0.1301549150737612,0.07386423646212109
2021-06-19 03:10:00,0.19177126917712692,0.7928286852589641,0.5115413253909158,0.4368862703088734,0.5473033987253144,0.00044543429844097997,0.5,0.4039764553870744,0.23768200064941106,0.300250572026808,0.29414024349113393,0.1301549150737612,0.06188421322630777
2021-06-19 03:20:00,0.20362622036262204,0.6334661354581672,0.5112434847356664,0.4383145866809499,0.5507583986598789,0.00044543429844097997,0.5,0.4039764553870744,0.23768200064941106,0.300250572026808,0.29414024349113393,0.1301549150737612,0.06553555532085037
2021-06-19 03:30:00,0.22524407252440726,-0.15537848605577698,0.5112434847356664,0.4368862703088734,0.5638193453822095,0.00033407572383073496,0.5,0.4039764553870744,0.23768200064941106,0.300250572026808,0.29414024349113393,0.1301549150737612,0.08019373236567738
2021-06-19 03:40:00,0.24895397489539747,-0.21912350597609564,0.5112434847356664,0.42938760935547227,0.5638193453822095,0.00022271714922048998,0.5,0.4039764553870744,0.23768200064941106,0.300250572026808,0.29414024349113393,0.1301549150737612,0.09555351026751362
2021-06-19 03:50:00,0.2670850767085077,-0.6175298804780878,0.5106478034251674,0.42617389751830026,0.5638193453822095,0.00022271714922048998,0.5,0.4039764553870744,0.23768200064941106,0.300250572026808,0.29414024349113393,0.1301549150737612,0.10369358902786788
2021-06-19 04:00:00,0.3096234309623431,-0.6653386454183268,0.5088607594936707,0.42617389751830026,0.5638193453822095,0.00022271714922048998,0.5,0.3278571340423977,0.23086891930334852,0.37294664156254276,0.2997024395955463,0.12938393671495818,0.13411138102207404
2021-06-19 04:10:00,0.3096234309623431,-0.5378486055776892,0.5112434847356664,0.4254597393322621,0.5638193453822095,0.00033407572383073496,0.5,0.3278571340423977,0.23086891930334852,0.37294664156254276,0.2997024395955463,0.12938393671495818,0.1373553419738371
2021-06-19 04:20:00,0.28521617852161785,-0.1633466135458168,0.5112434847356664,0.4254597393322621,0.5638193453822095,0.00022271714922048998,0.5,0.3278571340423977,0.23086891930334852,0.37294664156254276,0.2997024395955463,0.12938393671495818,0.12389667607163872
2021-06-19 04:30:00,0.2733612273361227,-0.06772908366533881,0.5112434847356664,0.4254597393322621,0.5638193453822095,0.00022271714922048998,0.5,0.3278571340423977,0.23086891930334852,0.37294664156254276,0.2997024395955463,0.12938393671495818,0.11476077674004558
2021-06-19 04:40:00,0.23849372384937237,-0.26693227091633476,0.5112434847356664,0.4254597393322621,0.5638193453822095,0.00033407572383073496,0.5,0.3278571340423977,0.23086891930334852,0.37294664156254276,0.2997024395955463,0.12938393671495818,0.08629690541213393
2021-06-19 04:50:00,0.2210599721059972,-0.50597609561753,0.5112434847356664,0.4265309766113192,0.5638193453822095,0.00033407572383073496,0.5,0.3278571340423977,0.23086891930334852,0.37294664156254276,0.2997024395955463,0.12938393671495818,0.07369826636691462
2021-06-19 05:00:00,0.18619246861924685,-0.4820717131474104,0.5112434847356664,0.42938760935547227,0.5638193453822095,0.00033407572383073496,0.5,0.31384329984794324,0.22000994232874507,0.37570992131564074,0.28955742033806153,0.13474898528901755,0.05436275027535948
2021-06-19 05:10:00,0.20571827057182707,-0.6095617529880479,0.5133283693224122,0.42974468844849145,0.5616992317859995,0.00022271714922048998,0.5,0.31384329984794324,0.22000994232874507,0.37570992131564074,0.28955742033806153,0.13474898528901755,0.06324969446414291
2021-06-19 05:20:00,0.16527196652719667,0.5298804780876492,0.5145197319434103,0.43902874486698806,0.549750690345631,0.00022271714922048998,0.5,0.31384329984794324,0.22000994232874507,0.37570992131564074,0.28955742033806153,0.13474898528901755,0.05049262941895379
2021-06-19 05:30:00,0.16527196652719667,0.5378486055776892,0.5121370067014146,0.4461703267273702,0.549750690345631,0.00022271714922048998,0.5,0.31384329984794324,0.22000994232874507,0.37570992131564074,0.28955742033806153,0.13474898528901755,0.052031624847232075
2021-06-19 05:40:00,0.20292887029288703,0.24302788844621515,0.5145197319434103,0.44367077307623637,0.549750690345631,0.00022271714922048998,0.5,0.31384329984794324,0.22000994232874507,0.37570992131564074,0.28955742033806153,0.13474898528901755,0.0719103157958266
2021-06-19 05:50:00,0.199442119944212,0.15537848605577675,0.5130305286671628,0.4372433494018926,0.549750690345631,0.00022271714922048998,0.5,0.31384329984794324,0.22000994232874507,0.37570992131564074,0.28955742033806153,0.13474898528901755,0.06745929960619823
2021-06-19 06:00:00,0.1806136680613668,0.20318725099601576,0.5142218912881606,0.4365291912158542,0.549750690345631,0.00022271714922048998,0.5,0.40109381456949667,0.24765593795527172,0.28975746418420417,0.30148616444212817,0.15953921304997035,0.051639331894925845
2021-06-19 06:10:00,0.11366806136680613,0.4581673306772909,0.512434847356664,0.44688448491340815,0.549750690345631,0.00044543429844097997,0.5,0.40109381456949667,0.24765593795527172,0.28975746418420417,0.30148616444212817,0.15953921304997035,0.014069737616367668
2021-06-19 06:20:00,0.0815899581589958,0.043824701195219085,0.5112434847356664,0.45545438314586684,0.549750690345631,0.011024498886414253,0.5,0.40109381456949667,0.24765593795527172,0.28975746418420417,0.30148616444212817,0.15953921304997035,0.0
2021-06-19 06:30:00,0.09065550906555091,0.25099601593625476,0.512434847356664,0.4351008748437779,0.549750690345631,0.7612472160356347,0.5,0.40109381456949667,0.24765593795527172,0.28975746418420417,0.30148616444212817,0.15953921304997035,0.0
2021-06-19 06:40:00,0.12273361227336123,0.24302788844621515,0.5198808637379002,0.452954829494733,0.549750690345631,0.9992204899777284,0.5,0.40109381456949667,0.24765593795527172,0.28975746418420417,0.30148616444212817,0.15953921304997035,0.0
2021-06-19 06:50:00,0.11576011157601115,0.2350597609561753,0.5204765450483988,0.4672379932154971,0.549750690345631,0.9992204899777284,0.5,0.40109381456949667,0.24765593795527172,0.28975746418420417,0.30148616444212817,0.15953921304997035,0.0
2021-06-19 07:00:00,0.1087866108786611,0.22709163346613526,0.5219657483246463,0.4672379932154971,0.549750690345631,0.9992204899777284,0.5,0.4088458396857073,0.2595177683207526,0.25820674430480944,0.24371678481493236,0.16357676337856913,0.0
2021-06-19 07:10:00,0.08228730822873082,0.21912350597609564,0.5282204020848844,0.46509551865738263,0.549750690345631,0.9992204899777284,0.5,0.4088458396857073,0.2595177683207526,0.25820674430480944,0.24371678481493236,0.16357676337856913,0.0
2021-06-19 07:20:00,0.099721059972106,0.2111553784860556,0.5294117647058822,0.4640242813783253,0.549750690345631,0.9992204899777284,0.5,0.4088458396857073,0.2595177683207526,0.25820674430480944,0.24371678481493236,0.16357676337856913,0.0
2021-06-19 07:30:00,0.11157601115760113,0.20318725099601576,0.5317944899478777,0.4643813604713445,0.549750690345631,0.9992204899777284,0.5,0.4088458396857073,0.2595177683207526,0.25820674430480944,0.24371678481493236,0.16357676337856913,0.0
2021-06-19 07:40:00,0.10669456066945607,0.19521912350597592,0.5350707371556216,0.46509551865738263,0.549750690345631,0.9992204899777284,0.5,0.4088458396857073,0.2595177683207526,0.25820674430480944,0.24371678481493236,0.16357676337856913,0.0
2021-06-19 07:50:00,0.09693165969316596,0.1872509960159361,0.535368577810871,0.46509551865738263,0.549750690345631,0.9992204899777284,0.5,0.4088458396857073,0.2595177683207526,0.25820674430480944,0.24371678481493236,0.16357676337856913,0.0
2021-06-19 08:00:00,0.07740585774058578,0.17928286852589648,0.5347728965003722,0.46509551865738263,0.549750690345631,0.9992204899777284,0.5,0.4166955560010044,0.2484806340102348,0.2658594694071706,0.22413060054245473,0.16715504870596795,0.0
2021-06-19 08:10:00,0.09274755927475593,0.17131474103585642,0.5401340282948621,0.46509551865738263,0.549750690345631,0.9992204899777284,0.5,0.4166955560010044,0.2484806340102348,0.2658594694071706,0.22413060054245473,0.16715504870596795,0.0
2021-06-19 08:20:00,0.07322175732217574,0.1633466135458166,0.5443037974683544,0.46509551865738263,0.549750690345631,0.9992204899777284,0.5,0.4166955560010044,0.2484806340102348,0.2658594694071706,0.22413060054245473,0.16715504870596795,0.0
2021-06-19 08:30:00,0.11576011157601115,0.15537848605577675,0.5454951600893521,0.4658096768434208,0.549750690345631,0.9992204899777284,0.5,0.4166955560010044,0.2484806340102348,0.2658594694071706,0.22413060054245473,0.16715504870596795,0.0
2021-06-19 08:40:00,0.12482566248256625,0.14741035856573692,0.5469843633655993,0.4672379932154971,0.549750690345631,0.9992204899777284,0.5,0.4166955560010044,0.2484806340102348,0.2658594694071706,0.22413060054245473,0.16715504870596795,0.0
2021-06-19 08:50:00,0.07252440725244073,0.1394422310756971,0.5454951600893521,0.46616675593643975,0.549750690345631,0.9992204899777284,0.5,0.4166955560010044,0.2484806340102348,0.2658594694071706,0.22413060054245473,0.16715504870596795,0.0
2021-06-19 09:00:00,0.10251046025104603,0.13147410358565725,0.5466865227103499,0.4683092304945544,0.549750690345631,0.9992204899777284,0.5,0.4207262768646627,0.2653998339113876,0.27190305009525645,0.13980641584851727,0.2400630632378044,0.0
2021-06-19 09:10:00,0.12622036262203626,0.12350597609561742,0.5481757259865969,0.4704517050526693,0.549750690345631,0.9992204899777284,0.5,0.4207262768646627,0.2653998339113876,0.27190305009525645,0.13980641584851727,0.2400630632378044,0.0
2021-06-19 09:20:00,0.13319386331938632,0.11553784860557759,0.552941176470588,0.4683092304945544,0.549750690345631,0.9992204899777284,0.5,0.4207262768646627,0.2653998339113876,0.27190305009525645,0.13980641584851727,0.2400630632378044,0.0
2021-06-19 09:30:00,0.20641562064156208,0.10756972111553775,0.5541325390915859,0.4733083377968219,0.6277630184135793,0.8543429844097996,0.5,0.4207262768646627,0.2653998339113876,0.27190305009525645,0.13980641584851727,0.2400630632378044,0.0
2021-06-19 09:40:00,0.14086471408647142,0.09960159362549792,0.5553239017125835,0.48866273879664335,0.6975566345159728,0.20378619153674835,0.5,0.4207262768646627,0.2653998339113876,0.27190305009525645,0.13980641584851727,0.2400630632378044,0.0
2021-06-19 09:50:00,0.18200836820083682,-0.5219123505976095,0.5618763961280713,0.49509016247098736,0.7085367290049861,0.9993318485523385,0.5,0.4207262768646627,0.2653998339113876,0.27190305009525645,0.13980641584851727,0.2400630632378044,0.0
2021-06-19 10:00:00,0.18967921896792192,0.11553784860557759,0.5651526433358152,0.5040171397964648,0.7085367290049861,0.1720489977728285,0.5,0.5213718259115483,0.27374449364524167,0.2537190460990898,0.12145416663681464,0.5167777384496113,0.0
2021-06-19 10:10:00,0.22663877266387727,0.09163346613545809,0.5734921816827996,0.5047312979825032,0.7085367290049861,0.0700445434298441,0.5,0.5213718259115483,0.27374449364524167,0.2537190460990898,0.12145416663681464,0.5167777384496113,0.055441555894201605
2021-06-19 10:20:00,0.25662482566248257,-0.4900398406374503,0.5862993298585255,0.5129441171219424,0.7085367290049861,0.00022271714922048998,0.5,0.5213718259115483,0.27374449364524167,0.2537190460990898,0.12145416663681464,0.5167777384496113,0.0994236311239193
2021-06-19 10:30:00,0.2412831241283124,0.12350597609561742,0.5743857036485478,0.5122299589359045,0.6964311421130465,0.00033407572383073496,0.5,0.5213718259115483,0.27374449364524167,0.2537190460990898,0.12145416663681464,0.5167777384496113,0.09067248064939572
2021-06-19 10:40:00,0.21408647140864714,0.027888446215139417,0.542814594192107,0.4704517050526693,0.7072934525133816,0.00044543429844097997,0.5,0.5213718259115483,0.27374449364524167,0.2537190460990898,0.12145416663681464,0.5167777384496113,0.07151802284352038
2021-06-19 10:50:00,0.18967921896792192,0.3306772908366533,0.5341772151898732,0.45188359221567564,0.7005535852167881,0.00033407572383073496,0.5,0.5213718259115483,0.27374449364524167,0.2537190460990898,0.12145416663681464,0.5167777384496113,0.06156736122636812
2021-06-19 11:00:00,0.20502092050209206,-0.33864541832669326,0.5294117647058822,0.4465274058203892,0.7081702896179869,0.00033407572383073496,0.5,0.5249302670281697,0.2718910826506361,0.26039720466163646,0.19974720837062374,0.5994626469942081,0.06400410398780874
2021-06-19 11:10:00,0.21548117154811713,0.10756972111553775,0.5294117647058822,0.44188537761114066,0.6973734148224732,0.00044543429844097997,0.5,0.5249302670281697,0.2718910826506361,0.26039720466163646,0.19974720837062374,0.5994626469942081,0.07353229627170814
2021-06-19 11:20:00,0.2210599721059972,-0.043824701195219196,0.5297096053611317,0.4365291912158542,0.6973734148224732,0.00033407572383073496,0.5,0.5249302670281697,0.2718910826506361,0.26039720466163646,0.19974720837062374,0.5994626469942081,0.07565218703320911
2021-06-19 11:30:00,0.25662482566248257,-0.1394422310756973,0.5338793745346238,0.4365291912158542,0.6973734148224732,0.00033407572383073496,0.5,0.5249302670281697,0.2718910826506361,0.26039720466163646,0.19974720837062374,0.5994626469942081,0.1012870226473739
2021-06-19 11:40:00,0.22175732217573224,-0.03585657370517936,0.53596425912137,0.43902874486698806,0.689272486945597,0.00044543429844097997,0.5,0.5249302670281697,0.2718910826506361,0.26039720466163646,0.19974720837062374,0.5994626469942081,0.08223063807957512
2021-06-19 11:50:00,0.17642956764295675,0.08366533864541825,0.5392405063291137,0.4475986430994465,0.694638206540943,0.00044543429844097997,0.5,0.5249302670281697,0.2718910826506361,0.26039720466163646,0.19974720837062374,0.5994626469942081,0.04386891380116783
2021-06-19 12:00:00,0.15550906555090654,-0.33864541832669326,0.5451973194341024,0.45831101589001966,0.6973734148224732,0.00033407572383073496,0.5,0.551549200976712,0.27863232636125296,0.24238490698881512,0.30953765738966466,0.6435562818635372,0.033209107231769695
2021-06-19 12:10:00,0.1771269177126918,0.3705179282868525,0.5517498138495904,0.47437957507587925,0.7100679221578046,0.00033407572383073496,0.5,0.551549200976712,0.27863232636125296,0.24238490698881512,0.30953765738966466,0.6435562818635372,0.04884047256212562
2021-06-19 12:20:00,0.12691771269177127,0.09960159362549792,0.5594936708860758,0.48580610605249075,0.7172658386881471,0.00033407572383073496,0.5,0.551549200976712,0.27863232636125296,0.24238490698881512,0.30953765738966466,0.6435562818635372,0.015970849616005554
2021-06-19 12:30:00,0.12622036262203626,0.9043824701195218,0.5663440059568128,0.5065166934475986,0.7205376189292119,0.5454342984409799,0.5,0.551549200976712,0.27863232636125296,0.24238490698881512,0.30953765738966466,0.6435562818635372,0.0
2021-06-19 12:40:00,0.23640167364016737,0.7459052678176183,0.5860014892032761,0.5204427780753438,0.6329193440734973,0.9995545657015591,0.5,0.551549200976712,0.27863232636125296,0.24238490698881512,0.30953765738966466,0.6435562818635372,0.0
2021-06-19 12:50:00,0.13737796373779637,0.5874280655157149,0.5997021593447505,0.5654347437957508,0.46553506694062374,0.9995545657015591,0.5,0.551549200976712,0.27863232636125296,0.24238490698881512,0.30953765738966466,0.6435562818635372,0.0
2021-06-19 13:00:00,0.08437935843793584,0.42895086321381126,0.6092330603127325,0.5765041956793431,0.4612294041433825,0.9995545657015591,0.5,0.6166430915912524,0.2652331705971434,0.16010726953086513,0.4323885159218822,0.6825777026219761,0.0
2021-06-19 13:10:00,0.06206415620641562,0.27047366091190805,0.6172747580044673,0.5857882520978397,0.4612294041433825,0.9995545657015591,0.5,0.6166430915912524,0.2652331705971434,0.16010726953086513,0.4323885159218822,0.6825777026219761,0.0
2021-06-19 13:20:00,0.056485355648535567,0.11199645861000462,0.6265078183172001,0.5922156757721835,0.4612294041433825,0.9995545657015591,0.5,0.6166430915912524,0.2652331705971434,0.16010726953086513,0.4323885159218822,0.6825777026219761,0.0
2021-06-19 13:30:00,0.12622036262203626,-0.04648074369189892,0.6369322412509306,0.597214783074451,0.4612294041433825,0.9995545657015591,0.5,0.6166430915912524,0.2652331705971434,0.16010726953086513,0.4323885159218822,0.6825777026219761,0.0
2021-06-19 13:40:00,0.08507670850767085,-0.20495794599380246,0.644676098287416,0.6000714158186038,0.4612294041433825,0.9995545657015591,0.5,0.6166430915912524,0.2652331705971434,0.16010726953086513,0.4323885159218822,0.6825777026219761,0.0
2021-06-19 13:50:00,0.09623430962343095,-0.363435148295706,0.650632911392405,0.600428494911623,0.4612294041433825,0.9995545657015591,0.5,0.6166430915912524,0.2652331705971434,0.16010726953086513,0.4323885159218822,0.6825777026219761,0.0
2021-06-19 14:00:00,0.04951185495118549,-0.5219123505976095,0.6548026805658969,0.6050705231208713,0.4612294041433825,0.9995545657015591,0.5,0.6635865977947601,0.25091449309927644,0.14865405195853634,0.5033615024643694,0.7098428225377273,0.0
2021-06-19 14:10:00,0.0697350069735007,-0.11288180610889786,0.6565897244973937,0.6089983931440812,0.4612294041433825,0.9995545657015591,0.5,0.6635865977947601,0.25091449309927644,0.14865405195853634,0.5033615024643694,0.7098428225377273,0.0
2021-06-19 14:20:00,0.11924686192468618,0.29614873837981404,0.6613551749813849,0.6111408677021961,0.4612294041433825,0.9995545657015591,0.5,0.6635865977947601,0.25091449309927644,0.14865405195853634,0.5033615024643694,0.7098428225377273,0.0
2021-06-19 14:30:00,0.03556485355648536,0.7051792828685257,0.6643335815338791,0.6118550258882343,0.4612294041433825,0.9995545657015591,0.5,0.6635865977947601,0.25091449309927644,0.14865405195853634,0.5033615024643694,0.7098428225377273,0.0
2021-06-19 14:40:00,0.060669456066945605,0.6120134845234446,0.6688011913626208,0.6189966077486162,0.4612294041433825,0.9995545657015591,0.5,0.6635865977947601,0.25091449309927644,0.14865405195853634,0.5033615024643694,0.7098428225377273,0.0
2021-06-19 14:50:00,0.07391910739191074,0.5188476861783633,0.6720774385703647,0.6257811105159794,0.4612294041433825,0.9995545657015591,0.5,0.6635865977947601,0.25091449309927644,0.14865405195853634,0.5033615024643694,0.7098428225377273,0.0
2021-06-19 15:00:00,0.055090655509065556,0.4256818878332822,0.6759493670886074,0.6257811105159794,0.4612294041433825,0.9995545657015591,0.5,0.6609401635568801,0.21943236773972968,0.15535668564693658,0.462627279610448,0.7057894357340757,0.0
2021-06-19 15:10:00,0.0502092050209205,0.3325160894882011,0.6780342516753535,0.6257811105159794,0.4612294041433825,0.9995545657015591,0.5,0.6609401635568801,0.21943236773972968,0.15535668564693658,0.462627279610448,0.7057894357340757,0.0
2021-06-19 15:20:00,0.06624825662482565,0.2393502911431198,0.6801191362620995,0.6257811105159794,0.4612294041433825,0.9995545657015591,0.5,0.6609401635568801,0.21943236773972968,0.15535668564693658,0.462627279610448,0.7057894357340757,0.0
2021-06-19 15:30:00,0.1094839609483961,0.1461844927980387,0.681012658227848,0.6257811105159794,0.4612294041433825,0.9995545657015591,0.5,0.6609401635568801,0.21943236773972968,0.15535668564693658,0.462627279610448,0.7057894357340757,0.0
2021-06-19 15:40:00,0.14853556485355648,0.05301869445295737,0.681012658227848,0.6179253704695589,0.4612294041433825,0.9995545657015591,0.5,0.6609401635568801,0.21943236773972968,0.15535668564693658,0.462627279610448,0.7057894357340757,0.0
2021-06-19 15:50:00,0.028591352859135284,-0.04014710389212384,0.6792256142963511,0.6086413140510623,0.4612294041433825,0.9995545657015591,0.5,0.6609401635568801,0.21943236773972968,0.15535668564693658,0.462627279610448,0.7057894357340757,0.0
2021-06-19 16:00:00,0.17852161785216178,-0.13331290223720504,0.6783320923306031,0.6082842349580433,0.476659119760244,0.9995545657015591,0.5,0.6715096575538242,0.20042125589427726,0.14739732399372676,0.4157036996075601,0.6859253856758607,0.0
2021-06-19 16:10:00,0.10529986052998605,-0.22647870058228636,0.6747580044676096,0.6093554722371006,0.5341639292771982,0.9995545657015591,0.5,0.6715096575538242,0.20042125589427726,0.14739732399372676,0.4157036996075601,0.6859253856758607,0.0
2021-06-19 16:20:00,0.14086471408647142,-0.31964449892736746,0.6720774385703647,0.610426709516158,0.5341639292771982,0.9995545657015591,0.5,0.6715096575538242,0.20042125589427726,0.14739732399372676,0.4157036996075601,0.6859253856758607,0.0
2021-06-19 16:30:00,0.08926080892608089,-0.41281029727244867,0.6708860759493669,0.6079271558650241,0.5341639292771982,0.9995545657015591,0.5,0.6715096575538242,0.20042125589427726,0.14739732399372676,0.4157036996075601,0.6859253856758607,0.0
2021-06-19 16:40:00,0.06276150627615062,-0.50597609561753,0.6711839166046163,0.6079271558650241,0.5341639292771982,0.9995545657015591,0.5,0.6715096575538242,0.20042125589427726,0.14739732399372676,0.4157036996075601,0.6859253856758607,0.0
2021-06-19 16:50:00,0.06834030683403068,-0.3067729083665339,0.6720774385703647,0.6068559185859668,0.5341639292771982,0.9995545657015591,0.5,0.6715096575538242,0.20042125589427726,0.14739732399372676,0.4157036996075601,0.6859253856758607,0.0
2021-06-19 17:00:00,0.20013947001394702,-0.21381142098273576,0.6750558451228592,0.6079271558650241,0.5769195534674327,0.9995545657015591,0.5,0.6478139217796675,0.17796481105265213,0.15712307957446764,0.39871273431743093,0.6687760734545529,0.0
2021-06-19 17:10:00,0.24267782426778242,-0.1208499335989377,0.6774385703648547,0.6161399750044634,0.632906256952533,0.9995545657015591,0.5,0.6478139217796675,0.17796481105265213,0.15712307957446764,0.39871273431743093,0.6687760734545529,0.0
2021-06-19 17:20:00,0.20641562064156208,-0.02788844621513953,0.675651526433358,0.62542403142296,0.522882831006007,0.5552338530066815,0.5,0.6478139217796675,0.17796481105265213,0.15712307957446764,0.39871273431743093,0.6687760734545529,0.0
2021-06-19 17:30:00,0.13668061366806136,0.7928286852589641,0.6720774385703647,0.6329226923763613,0.5471856146366361,0.41191536748329627,0.5,0.6478139217796675,0.17796481105265213,0.15712307957446764,0.39871273431743093,0.6687760734545529,0.003802223999275767
2021-06-19 17:40:00,0.11785216178521618,0.6414342629482073,0.677140729709605,0.6361364042135333,0.5520147622724476,0.9992204899777284,0.5,0.6478139217796675,0.17796481105265213,0.15712307957446764,0.39871273431743093,0.6687760734545529,0.0
2021-06-19 17:50:00,0.03207810320781032,0.5458167330677288,0.6783320923306031,0.6339939296554187,0.5520147622724476,0.9992204899777284,0.5,0.6478139217796675,0.17796481105265213,0.15712307957446764,0.39871273431743093,0.6687760734545529,0.0
2021-06-19 18:00:00,0.14504881450488147,0.4501992031872508,0.6801191362620995,0.6329226923763613,0.5520147622724476,0.9992204899777284,0.5,0.6506801862303104,0.23219647880646063,0.16200948138476462,0.6904933574733855,0.6611379458036326,0.0
2021-06-19 18:10:00,0.15620641562064158,0.3545816733067728,0.6789277736411017,0.6229244777718264,0.5520147622724476,0.9992204899777284,0.5,0.6506801862303104,0.23219647880646063,0.16200948138476462,0.6904933574733855,0.6611379458036326,0.0
2021-06-19 18:20:00,0.11506276150627615,0.2589641434262948,0.675651526433358,0.6157828959114444,0.6362565599193832,0.9992204899777284,0.5,0.6506801862303104,0.23219647880646063,0.16200948138476462,0.6904933574733855,0.6611379458036326,0.0
2021-06-19 18:30:00,0.0801952580195258,0.1633466135458166,0.6714817572598657,0.6172112122835207,0.6571697792202693,0.9992204899777284,0.5,0.6506801862303104,0.23219647880646063,0.16200948138476462,0.6904933574733855,0.6611379458036326,0.0
2021-06-19 18:40:00,0.06903765690376569,0.06772908366533859,0.6708860759493669,0.6097125513301196,0.6571697792202693,0.9992204899777284,0.5,0.6506801862303104,0.23219647880646063,0.16200948138476462,0.6904933574733855,0.6611379458036326,0.0
2021-06-19 18:50:00,0.07810320781032079,-0.02788844621513953,0.6679076693968726,0.6036422067487948,0.6571697792202693,0.9992204899777284,0.5,0.6506801862303104,0.23219647880646063,0.16200948138476462,0.6904933574733855,0.6611379458036326,0.0
2021-06-19 19:00:00,0.07182705718270573,-0.12350597609561753,0.6705882352941175,0.5979289412604893,0.6571697792202693,0.9992204899777284,0.5,0.6337837779244573,0.2353343467229101,0.16856818104288637,0.706604651873575,0.6715802746489757,0.0
2021-06-19 19:10:00,0.04951185495118549,-0.21912350597609564,0.665524944154877,0.590073201214069,0.6571697792202693,0.9992204899777284,0.5,0.6337837779244573,0.2353343467229101,0.16856818104288637,0.706604651873575,0.6715802746489757,0.0
2021-06-19 19:20:00,0.15760111576011157,-0.31474103585657376,0.6634400595681309,0.5825745402606679,0.6571697792202693,0.9992204899777284,0.5,0.6337837779244573,0.2353343467229101,0.16856818104288637,0.706604651873575,0.6715802746489757,0.0
2021-06-19 19:30:00,0.17433751743375175,-0.41035856573705176,0.6604616530156364,0.5718621674700946,0.6938660664040518,0.9952115812917596,0.5,0.6337837779244573,0.2353343467229101,0.16856818104288637,0.706604651873575,0.6715802746489757,0.0
2021-06-19 19:40:00,0.15829846582984658,-0.50597609561753,0.6556962025316453,0.5772183538653812,0.7858554396618288,0.9993318485523385,0.5,0.6337837779244573,0.2353343467229101,0.16856818104288637,0.706604651873575,0.6715802746489757,0.0
2021-06-19 19:50:00,0.3765690376569038,-0.11553784860557781,0.652717795979151,0.5711480092840564,0.779704492808627,0.1989977728285078,0.5,0.6337837779244573,0.2353343467229101,0.16856818104288637,0.706604651873575,0.6715802746489757,0.14686844606726315
2021-06-19 20:00:00,0.5641562064156206,0.22709163346613526,0.6461653015636633,0.5479378682378149,0.8204447003703654,0.0036748329621380848,0.5,0.6093959655435903,0.2155617559416908,0.17122988268298614,0.6471159089318167,0.6604373724026672,0.6189779259773376
2021-06-19 20:10:00,0.5334728033472803,0.003984063745019917,0.6080416976917349,0.5179432244242099,0.8411485257358234,0.000779510022271715,0.5,0.6093959655435903,0.2155617559416908,0.17122988268298614,0.6471159089318167,0.6604373724026672,0.5542722211325196
2021-06-19 20:20:00,0.5529986052998606,0.13147410358565725,0.5928518242740133,0.49723263702910203,0.843399510541676,0.0006681514476614699,0.5,0.6093959655435903,0.2155617559416908,0.17122988268298614,0.6471159089318167,0.6604373724026672,0.5607752312265191
2021-06-19 20:30:00,0.40446304044630405,0.10756972111553775,0.5860014892032761,0.49009105516871987,0.8472340369842039,0.00033407572383073496,0.5,0.6093959655435903,0.2155617559416908,0.17122988268298614,0.6471159089318167,0.6604373724026672,0.28804110023084933
2021-06-19 20:40:00,0.3800557880055788,0.15537848605577675,0.5809381980640356,0.4918764506338156,0.8516967452330161,0.00033407572383073496,0.5,0.6093959655435903,0.2155617559416908,0.17122988268298614,0.6471159089318167,0.6604373724026672,0.2380388370022783
2021-06-19 20:50:00,0.4330543933054393,-0.0916334661354582,0.5791511541325389,0.5025888234243885,0.8573634686105404,0.00044543429844097997,0.5,0.6093959655435903,0.2155617559416908,0.17122988268298614,0.6471159089318167,0.6604373724026672,0.32683283793774615
2021-06-19 21:00:00,0.5104602510460251,0.027888446215139417,0.5705137751303051,0.4918764506338156,0.8584366125296097,0.00111358574610245,0.5,0.5877848645681125,0.2312482220185216,0.16674700341396304,0.5886370516778171,0.6437397884631452,0.47852950495647056
2021-06-19 21:10:00,0.4909344490934449,0.019920318725099362,0.5636634400595679,0.49509016247098736,0.8512386959992672,0.00033407572383073496,0.5,0.5877848645681125,0.2312482220185216,0.16674700341396304,0.5886370516778171,0.6437397884631452,0.43306878706036783
2021-06-19 21:20:00,0.44490934449093444,0.06772908366533859,0.5565152643335813,0.4961613997500447,0.8559500595464004,0.0006681514476614699,0.5,0.5877848645681125,0.2312482220185216,0.16674700341396304,0.5886370516778171,0.6437397884631452,0.35999668059809586
2021-06-19 21:30:00,0.2914923291492329,-0.21912350597609564,0.552941176470588,0.49401892519193,0.8374056091400452,0.00044543429844097997,0.5,0.5877848645681125,0.2312482220185216,0.16674700341396304,0.5886370516778171,0.6437397884631452,0.13520527483138947
2021-06-19 21:40:00,0.3403068340306834,-0.4661354581673308,0.548771407297096,0.49009105516871987,0.8259805525382471,0.00022271714922048998,0.5,0.5877848645681125,0.2312482220185216,0.16674700341396304,0.5886370516778171,0.6437397884631452,0.17342366130030026
2021-06-19 21:50:00,0.3807531380753138,0.10756972111553775,0.5422189128816082,0.497589716122121,0.8028032613105444,0.00033407572383073496,0.5,0.5877848645681125,0.2312482220185216,0.16674700341396304,0.5886370516778171,0.6437397884631452,0.23161126786064548
2021-06-19 22:00:00,0.37099023709902373,0.41035856573705165,0.5356664184661204,0.48866273879664335,0.8277080525055294,0.00033407572383073496,0.5,0.5496682201423975,0.2508254144313193,0.1789988963366824,0.541128223829201,0.6397014537021861,0.22978559681337415
2021-06-19 22:10:00,0.22733612273361226,0.38645418326693215,0.5347728965003722,0.4733083377968219,0.8380599651882582,0.00044543429844097997,0.5,0.5496682201423975,0.2508254144313193,0.1789988963366824,0.541128223829201,0.6397014537021861,0.09335817855364606
2021-06-19 22:20:00,0.2175732217573222,0.4262948207171313,0.5306031273268801,0.4658096768434208,0.8390938477444346,0.00044543429844097997,0.5,0.5496682201423975,0.2508254144313193,0.1789988963366824,0.541128223829201,0.6397014537021861,0.08633462588831721
2021-06-19 22:30:00,0.3235704323570432,0.09163346613545809,0.5294117647058822,0.4658096768434208,0.851840703563623,0.00022271714922048998,0.5,0.5496682201423975,0.2508254144313193,0.1789988963366824,0.541128223829201,0.6397014537021861,0.1586447787316867
2021-06-19 22:40:00,0.35146443514644354,0.14741035856573692,0.5294117647058822,0.45509730405284765,0.851840703563623,0.00022271714922048998,0.5,0.5496682201423975,0.2508254144313193,0.1789988963366824,0.541128223829201,0.6397014537021861,0.19014137634473496
2021-06-19 22:50:00,0.2601115760111576,0.1394422310756971,0.5294117647058822,0.44866988037850386,0.851840703563623,0.00033407572383073496,0.5,0.5496682201423975,0.2508254144313193,0.1789988963366824,0.541128223829201,0.6397014537021861,0.10142281636163375
2021-06-19 23:00:00,0.18758716875871687,0.6494023904382469,0.5276247207743856,0.45045527584359935,0.851840703563623,0.00033407572383073496,0.5,0.5124472729346683,0.2538598361527208,0.19381738030680648,0.42700902556274,0.6385644583149116,0.05514733617997193
2021-06-19 23:10:00,0.17433751743375175,0.548472775564409,0.5261355174981384,0.45545438314586684,0.851840703563623,0.00033407572383073496,0.5,0.5124472729346683,0.2538598361527208,0.19381738030680648,0.42700902556274,0.6385644583149116,0.047671137800443596
2021-06-19 23:20:00,0.14086471408647142,0.4475431606905709,0.5261355174981384,0.46009641135511514,0.8523772755231577,0.00022271714922048998,0.5,0.5124472729346683,0.2538598361527208,0.19381738030680648,0.42700902556274,0.6385644583149116,0.03252259456523379
2021-06-19 23:30:00,0.14086471408647142,0.346613545816733,0.5219657483246463,0.46473843956436345,0.8683828244624466,0.00022271714922048998,0.5,0.5124472729346683,0.2538598361527208,0.19381738030680648,0.42700902556274,0.6385644583149116,0.029678470661013628
2021-06-19 23:40:00,0.1324965132496513,0.5537848605577689,0.5204765450483988,0.46473843956436345,0.8683828244624466,0.00022271714922048998,0.5,0.5124472729346683,0.2538598361527208,0.19381738030680648,0.42700902556274,0.6385644583149116,0.02939179504202061
2021-06-19 23:50:00,0.15132496513249652,0.36254980079681287,0.5204765450483988,0.46509551865738263,0.868513695672089,0.00033407572383073496,0.5,0.5124472729346683,0.2538598361527208,0.19381738030680648,0.42700902556274,0.6385644583149116,0.03958386770674593
2021-06-20 00:00:00,0.14086471408647142,-0.10756972111553798,0.5163067758749067,0.47259417961078376,0.878407559121069,0.00022271714922048998,0.5,0.5123576865363251,0.2552736008183736,0.18593892606444923,0.35061003368959237,0.6540097617080357,0.03382772304117568
2021-06-20 00:10:00,0.15271966527196654,0.593625498007968,0.5145197319434103,0.47473665416889843,0.8768240174843936,0.00022271714922048998,0.5,0.5123576865363251,0.2552736008183736,0.18593892606444923,0.35061003368959237,0.6540097617080357,0.04068530561129804
2021-06-20 00:20:00,0.23640167364016737,0.14741035856573692,0.5127326880119134,0.4643813604713445,0.8848333355145201,0.00033407572383073496,0.5,0.5123576865363251,0.2552736008183736,0.18593892606444923,0.35061003368959237,0.6540097617080357,0.08679481569775337
2021-06-20 00:30:00,0.20571827057182707,0.24302788844621515,0.5112434847356664,0.44866988037850386,0.8848333355145201,0.00044543429844097997,0.5,0.5123576865363251,0.2552736008183736,0.18593892606444923,0.35061003368959237,0.6540097617080357,0.0701751738913952
2021-06-20 00:40:00,0.2280334728033473,0.5139442231075697,0.5112434847356664,0.44224245670416007,0.8848333355145201,0.00044543429844097997,0.5,0.5123576865363251,0.2552736008183736,0.18593892606444923,0.35061003368959237,0.6540097617080357,0.0752749822713762
2021-06-20 00:50:00,0.20432357043235705,0.24302788844621515,0.5073715562174235,0.43438671665773976,0.8848333355145201,0.00044543429844097997,0.5,0.5123576865363251,0.2552736008183736,0.18593892606444923,0.35061003368959237,0.6540097617080357,0.06639558217782941
2021-06-20 01:00:00,0.13737796373779637,-0.21912350597609564,0.504988830975428,0.43474379575075894,0.884519244611378,0.00011135857461024499,0.5,0.4689726214494385,0.246745036737768,0.23733948026753215,0.31728494513571404,0.6647797993287587,0.02487288199526231
2021-06-20 01:10:00,0.21687587168758715,0.05179282868525892,0.5023082650781829,0.44224245670416007,0.8684351729463036,0.00033407572383073496,0.5,0.4689726214494385,0.246745036737768,0.23733948026753215,0.31728494513571404,0.6647797993287587,0.07585587760459889
2021-06-20 01:20:00,0.2482566248256625,-0.01195219123505975,0.5023082650781829,0.4308159257275488,0.868408998704375,0.00033407572383073496,0.5,0.4689726214494385,0.246745036737768,0.23733948026753215,0.31728494513571404,0.6647797993287587,0.0927395627442401
2021-06-20 01:30:00,0.25662482566248257,0.1394422310756971,0.5023082650781829,0.4254597393322621,0.868408998704375,0.00033407572383073496,0.5,0.4689726214494385,0.246745036737768,0.23733948026753215,0.31728494513571404,0.6647797993287587,0.09878992712404001
2021-06-20 01:40:00,0.28033472803347276,-0.003984063745020028,0.5023082650781829,0.4193893947509373,0.868408998704375,0.00022271714922048998,0.5,0.4689726214494385,0.246745036737768,0.23733948026753215,0.31728494513571404,0.6647797993287587,0.12686150549964542
2021-06-20 01:50:00,0.2914923291492329,-0.26693227091633476,0.5017125837676841,0.41867523656489913,0.8645221237779901,0.00022271714922048998,0.5,0.4689726214494385,0.246745036737768,0.23733948026753215,0.31728494513571404,0.6647797993287587,0.1297961585467055
2021-06-20 02:00:00,0.299163179916318,0.3067729083665336,0.49754281459419203,0.4193893947509373,0.8630825404719216,0.00033407572383073496,0.5,0.45754008290910986,0.24624792030045192,0.24866436194678448,0.30480411487989967,0.695476214507412,0.14524646559138163
2021-06-20 02:10:00,0.37308228730822873,-0.23505976095617542,0.49635145197319397,0.4190323156579181,0.8613550405046395,0.00033407572383073496,0.5,0.45754008290910986,0.24624792030045192,0.24866436194678448,0.30480411487989967,0.695476214507412,0.21704361995865837
2021-06-20 02:20:00,0.2712691771269177,0.003984063745019917,0.4957557706626954,0.42046063202999484,0.8525735823376216,0.00033407572383073496,0.5,0.45754008290910986,0.24624792030045192,0.24866436194678448,0.30480411487989967,0.695476214507412,0.1183366778822216
2021-06-20 02:30:00,0.18688981868898188,0.3784860557768923,0.4933730454206997,0.4251026602392429,0.8666553244951644,0.00022271714922048998,0.5,0.45754008290910986,0.24624792030045192,0.24866436194678448,0.30480411487989967,0.695476214507412,0.06229913846432397
2021-06-20 02:40:00,0.23640167364016737,-0.553784860557769,0.4933730454206997,0.4240314229601856,0.8710002486552985,0.00033407572383073496,0.5,0.45754008290910986,0.24624792030045192,0.24866436194678448,0.30480411487989967,0.695476214507412,0.0801711000799674
2021-06-20 02:50:00,0.25523012552301255,0.13147410358565725,0.4933730454206997,0.4236743438671666,0.8651503055842745,0.00022271714922048998,0.5,0.45754008290910986,0.24624792030045192,0.24866436194678448,0.30480411487989967,0.695476214507412,0.09934819017155273
2021-06-20 03:00:00,0.2398884239888424,-0.23505976095617542,0.4933730454206997,0.42010355293697543,0.8710002486552985,0.00033407572383073496,0.5,0.44960895170239157,0.2383658949388951,0.2663584829835103,0.3105862648700401,0.7309245547569218,0.09110249407788525
2021-06-20 03:10:00,0.23640167364016737,-0.3466135458167332,0.4933730454206997,0.41688984109980365,0.8638285063668845,0.00022271714922048998,0.5,0.44960895170239157,0.2383658949388951,0.2663584829835103,0.3105862648700401,0.7309245547569218,0.08456930760293918
2021-06-20 03:20:00,0.24616457461645744,-0.553784860557769,0.49099032017870425,0.414747366541689,0.8570493777073981,0.00022271714922048998,0.5,0.44960895170239157,0.2383658949388951,0.2663584829835103,0.3105862648700401,0.7309245547569218,0.09922748464776619
2021-06-20 03:30:00,0.2510460251046025,-0.26693227091633476,0.48741623231571096,0.4115336547045172,0.8570493777073981,0.00022271714922048998,0.5,0.44960895170239157,0.2383658949388951,0.2663584829835103,0.3105862648700401,0.7309245547569218,0.09650406626733256
2021-06-20 03:40:00,0.33054393305439334,0.019920318725099362,0.4862248696947131,0.4061774683092303,0.8570493777073981,0.00022271714922048998,0.5,0.44960895170239157,0.2383658949388951,0.2663584829835103,0.3105862648700401,0.7309245547569218,0.16603044796837516
2021-06-20 03:50:00,0.31659693165969316,-0.298804780876494,0.48652271034996253,0.4036779146580969,0.8570493777073981,0.00033407572383073496,0.5,0.44960895170239157,0.2383658949388951,0.2663584829835103,0.3105862648700401,0.7309245547569218,0.1439187048297298
2021-06-20 04:00:00,0.2377963737796374,-0.4661354581673308,0.48235294117647043,0.4004642028209249,0.8550339610789023,0.00033407572383073496,0.5,0.41660600295575057,0.2452306993824837,0.28603838638158346,0.3027848949938404,0.7723649317797779,0.08978227741147005
2021-06-20 04:10:00,0.22175732217573224,-0.11553784860557781,0.47848101265822773,0.40403499375111585,0.8434125976626402,0.00033407572383073496,0.5,0.41660600295575057,0.2452306993824837,0.28603838638158346,0.3027848949938404,0.7723649317797779,0.0887789127449945
2021-06-20 04:20:00,0.2608089260808926,-0.5298804780876495,0.4769918093819807,0.4036779146580969,0.8429152870659984,0.00022271714922048998,0.5,0.41660600295575057,0.2452306993824837,0.28603838638158346,0.3027848949938404,0.7723649317797779,0.10787301778897658
2021-06-20 04:30:00,0.29288702928870297,0.17928286852589648,0.47580044676098265,0.4001071237279059,0.8295925979243826,0.00022271714922048998,0.5,0.41660600295575057,0.2452306993824837,0.28603838638158346,0.3027848949938404,0.7723649317797779,0.1333041628317516
2021-06-20 04:40:00,0.28451882845188287,0.09163346613545809,0.4707371556217421,0.39010890912337093,0.8295925979243826,0.00022271714922048998,0.5,0.41660600295575057,0.2452306993824837,0.28603838638158346,0.3027848949938404,0.7723649317797779,0.12479442340480106
2021-06-20 04:50:00,0.22454672245467225,0.25099601593625476,0.46299329858525673,0.38689519728619914,0.8340683932941593,0.00022271714922048998,0.5,0.41660600295575057,0.2452306993824837,0.28603838638158346,0.3027848949938404,0.7723649317797779,0.08996333569714984
2021-06-20 05:00:00,0.2412831241283124,-0.47410358565737054,0.4549516008935217,0.38653811819317974,0.8405465181714674,0.00022271714922048998,0.5,0.39523918000762426,0.2422307597260968,0.31268342870389504,0.25280816086043123,0.7985490663904318,0.09313939979178297
2021-06-20 05:10:00,0.29288702928870297,-0.019920318725099695,0.4543559195830229,0.3804677736118549,0.829566423682454,0.00022271714922048998,0.5,0.39523918000762426,0.2422307597260968,0.31268342870389504,0.25280816086043123,0.7985490663904318,0.12468880607148786
2021-06-20 05:20:00,0.2594142259414226,0.1633466135458166,0.4549516008935217,0.3747545081235495,0.829566423682454,0.00022271714922048998,0.5,0.39523918000762426,0.2422307597260968,0.31268342870389504,0.25280816086043123,0.7985490663904318,0.10529293721803944
2021-06-20 05:30:00,0.1799163179916318,-0.1394422310756973,0.45197319434102745,0.3790394572397786,0.8385965371477928,0.00044543429844097997,0.5,0.39523918000762426,0.2422307597260968,0.31268342870389504,0.25280816086043123,0.7985490663904318,0.0542495888468096
2021-06-20 05:40:00,0.21408647140864714,0.43426294820717115,0.4513775130305284,0.38296732726298877,0.8269489994896022,0.00033407572383073496,0.5,0.39523918000762426,0.2422307597260968,0.31268342870389504,0.25280816086043123,0.7985490663904318,0.07940160236582827
2021-06-20 05:50:00,0.20920502092050208,-0.01195219123505975,0.44869694713328356,0.3822531690769506,0.8422347567758569,0.00033407572383073496,0.5,0.39523918000762426,0.2422307597260968,0.31268342870389504,0.25280816086043123,0.7985490663904318,0.07725907931861732
2021-06-20 06:00:00,0.2622036262203626,0.2589641434262948,0.4475055845122857,0.3740403499375111,0.8434125976626402,0.00022271714922048998,0.5,0.39867548211057,0.2663854462697577,0.27695342256735955,0.1989764702099018,0.7377787507727712,0.11613380207311737
2021-06-20 06:10:00,0.200836820083682,0.01195219123505975,0.4460163812360385,0.3683270844492055,0.8434125976626402,0.00033407572383073496,0.5,0.39867548211057,0.2663854462697577,0.27695342256735955,0.1989764702099018,0.7377787507727712,0.07730434389003726
2021-06-20 06:20:00,0.1882845188284519,0.07569721115537842,0.44363365599404303,0.3683270844492055,0.8434125976626402,0.00033407572383073496,0.5,0.39867548211057,0.2663854462697577,0.27695342256735955,0.1989764702099018,0.7377787507727712,0.07551639331894926
2021-06-20 06:30:00,0.200836820083682,-0.3784860557768924,0.4427401340282946,0.3683270844492055,0.8427713287353915,0.00044543429844097997,0.5,0.39867548211057,0.2663854462697577,0.27695342256735955,0.1989764702099018,0.7377787507727712,0.0663804939873561
2021-06-20 06:40:00,0.1631799163179916,0.2350597609561753,0.4388682055100521,0.36868416354222466,0.8269751737315307,0.00022271714922048998,0.5,0.39867548211057,0.2663854462697577,0.27695342256735955,0.1989764702099018,0.7377787507727712,0.042752387706142404
2021-06-20 06:50:00,0.11576011157601115,-0.02788844621513953,0.4358897989575574,0.37046955900732037,0.8269751737315307,0.00022271714922048998,0.5,0.39867548211057,0.2663854462697577,0.27695342256735955,0.1989764702099018,0.7377787507727712,0.013262519426045234
2021-06-20 07:00:00,0.12691771269177127,-0.33864541832669326,0.434102755026061,0.3758257454026068,0.8269751737315307,0.00022271714922048998,0.5,0.41597086007278294,0.2707876565701272,0.2674200440121097,0.22511939401863867,0.650870813243127,0.021674185614919204
2021-06-20 07:10:00,0.14295676429567641,-0.01195219123505975,0.434102755026061,0.37546866630958764,0.8269751737315307,0.00033407572383073496,0.5,0.41597086007278294,0.2707876565701272,0.2674200440121097,0.22511939401863867,0.650870813243127,0.035208292469484134
2021-06-20 07:20:00,0.14714086471408647,0.17131474103585642,0.434102755026061,0.37046955900732037,0.8269751737315307,0.00022271714922048998,0.5,0.41597086007278294,0.2707876565701272,0.2674200440121097,0.22511939401863867,0.650870813243127,0.03935754484964618
2021-06-20 07:30:00,0.16387726638772665,0.31474103585657365,0.434102755026061,0.3683270844492055,0.8269751737315307,0.00033407572383073496,0.5,0.41597086007278294,0.2707876565701272,0.2674200440121097,0.22511939401863867,0.650870813243127,0.04333328303936509
2021-06-20 07:40:00,0.13598326359832635,0.5697211155378485,0.434102755026061,0.36904124263524385,0.8310190941094868,0.00022271714922048998,0.5,0.41597086007278294,0.2707876565701272,0.2674200440121097,0.22511939401863867,0.650870813243127,0.03109676056550538
2021-06-20 07:50:00,0.1903765690376569,0.49800796812749004,0.434102755026061,0.37011247991430096,0.8495766316368062,0.00033407572383073496,0.5,0.41597086007278294,0.2707876565701272,0.2674200440121097,0.22511939401863867,0.650870813243127,0.059643616941020265
2021-06-20 08:00:00,0.1680613668061367,0.6414342629482073,0.434102755026061,0.36725584717014814,0.8598761958356782,0.00033407572383073496,0.5,0.4235111264238849,0.28295120500449833,0.2600116897259129,0.22814668238948765,0.6506068316081984,0.050379467990403916
2021-06-20 08:10:00,0.15760111576011157,0.49800796812749004,0.434102755026061,0.36511337261203347,0.8598761958356782,0.00033407572383073496,0.5,0.4235111264238849,0.28295120500449833,0.2600116897259129,0.22814668238948765,0.6506068316081984,0.04457805875341371
2021-06-20 08:20:00,0.14504881450488147,0.5458167330677288,0.4349962769918092,0.36582753079807184,0.8598761958356782,0.00033407572383073496,0.5,0.4235111264238849,0.28295120500449833,0.2600116897259129,0.22814668238948765,0.6506068316081984,0.03707922808817538
2021-06-20 08:30:00,0.0899581589958159,0.298804780876494,0.4400595681310495,0.3743974290305303,0.8688801350590885,0.025946547884187085,0.5,0.4235111264238849,0.28295120500449833,0.2600116897259129,0.22814668238948765,0.6506068316081984,0.0
2021-06-20 08:40:00,0.11854951185495119,0.4183266932270917,0.44363365599404303,0.3654704517050529,0.8762612712829305,0.6526726057906459,0.5,0.4235111264238849,0.28295120500449833,0.2600116897259129,0.22814668238948765,0.6506068316081984,0.0
2021-06-20 08:50:00,0.2294281729428173,-0.2509960159362551,0.4582278481012656,0.38689519728619914,0.8666814987370928,0.5289532293986637,0.5,0.4235111264238849,0.28295120500449833,0.2600116897259129,0.22814668238948765,0.6506068316081984,0.025936599423631128
2021-06-20 09:00:00,0.22594142259414227,0.07569721115537842,0.48056589724497356,0.42117479021603277,0.8543926921516536,0.00044543429844097997,0.5,0.4019977500005836,0.28843385334203225,0.28680497775870495,0.27803238459904484,0.6872736598471836,0.07823981169938289
2021-06-20 09:10:00,0.23430962343096234,0.24302788844621515,0.4856291883842141,0.4351008748437779,0.8578084307233252,0.00033407572383073496,0.5,0.4019977500005836,0.28843385334203225,0.28680497775870495,0.27803238459904484,0.6872736598471836,0.08476545407909229
2021-06-20 09:20:00,0.19316596931659694,-0.4183266932270917,0.47103499627699175,0.4036779146580969,0.8518799649265159,0.00033407572383073496,0.5,0.4019977500005836,0.28843385334203225,0.28680497775870495,0.27803238459904484,0.6872736598471836,0.06108453913122199
2021-06-20 09:30:00,0.30474198047419804,-0.17131474103585675,0.4704393149664927,0.3965363327977147,0.8337412152700527,0.00022271714922048998,0.5,0.4019977500005836,0.28843385334203225,0.28680497775870495,0.27803238459904484,0.6872736598471836,0.13812483968797623
2021-06-20 09:40:00,0.3235704323570432,-0.003984063745020028,0.4737155621742366,0.38832351365827544,0.8301291698839173,0.00022271714922048998,0.5,0.4019977500005836,0.28843385334203225,0.28680497775870495,0.27803238459904484,0.6872736598471836,0.16089291911221087
2021-06-20 09:50:00,0.3765690376569038,0.01195219123505975,0.47580044676098265,0.3843956436350653,0.8301291698839173,0.00022271714922048998,0.5,0.4019977500005836,0.28843385334203225,0.28680497775870495,0.27803238459904484,0.6872736598471836,0.21674940024442868
2021-06-20 10:00:00,0.36750348675034866,-0.11553784860557781,0.4763961280714817,0.3861810391001608,0.8301291698839173,0.00022271714922048998,0.5,0.5598141966091246,0.28755168717870594,0.20584874346859708,0.4633710580733919,0.7251173814316476,0.21579884424460977
2021-06-20 10:10:00,0.28521617852161785,0.36254980079681287,0.481459419210722,0.39118014640242826,0.8404025598408605,0.00022271714922048998,0.5,0.5598141966091246,0.28755168717870594,0.20584874346859708,0.4633710580733919,0.7251173814316476,0.13143322721306033
2021-06-20 10:20:00,0.2608089260808926,0.20318725099601576,0.4892032762472076,0.3986788073558294,0.8516313096281949,0.00022271714922048998,0.5,0.5598141966091246,0.28755168717870594,0.20584874346859708,0.4633710580733919,0.7251173814316476,0.10412360245635742
2021-06-20 10:30:00,0.2580195258019526,-0.13147410358565736,0.49754281459419203,0.4122478128905551,0.8448783552106373,0.00033407572383073496,0.5,0.5598141966091246,0.28755168717870594,0.20584874346859708,0.4633710580733919,0.7251173814316476,0.09774884198138117
2021-06-20 10:40:00,0.24058577405857742,0.1872509960159361,0.5073715562174235,0.4286734511694341,0.8366465561241182,0.00033407572383073496,0.5,0.5598141966091246,0.28755168717870594,0.20584874346859708,0.4633710580733919,0.7251173814316476,0.09361467779169244
2021-06-20 10:50:00,0.20362622036262204,-0.3067729083665339,0.5189873417721518,0.4483128012854847,0.843150855243355,0.00044543429844097997,0.5,0.5598141966091246,0.28755168717870594,0.20584874346859708,0.4633710580733919,0.7251173814316476,0.058587443607888104
2021-06-20 11:00:00,0.17154811715481172,0.2669322709163344,0.5294117647058822,0.47616497054097473,0.8322623706010915,0.00033407572383073496,0.5,0.5812136055256729,0.2780777398155779,0.20393067984924845,0.6241604133754654,0.7216325349749694,0.044721396562910215
2021-06-20 11:10:00,0.15411436541143653,-0.12350597609561753,0.5416232315711094,0.5029459025174075,0.8514088285718026,0.00022271714922048998,0.5,0.5812136055256729,0.2780777398155779,0.20393067984924845,0.6241604133754654,0.7216325349749694,0.028335621708888457
2021-06-20 11:20:00,0.21827057182705717,0.21912350597609564,0.550260610573343,0.5172290662381716,0.8518537906845872,0.000556792873051225,0.5,0.5812136055256729,0.2780777398155779,0.20393067984924845,0.6241604133754654,0.7216325349749694,0.07679134541394451
2021-06-20 11:30:00,0.17852161785216178,0.09163346613545809,0.5606850335070734,0.5090162470987323,0.8566960254413631,0.00044543429844097997,0.5,0.5812136055256729,0.2780777398155779,0.20393067984924845,0.6241604133754654,0.7216325349749694,0.045807746276989005
2021-06-20 11:40:00,0.20711297071129708,0.06772908366533859,0.5702159344750557,0.5393679700053562,0.8917825967465418,0.00022271714922048998,0.5,0.5812136055256729,0.2780777398155779,0.20393067984924845,0.6241604133754654,0.7216325349749694,0.05003243960951763
2021-06-20 11:50:00,0.16248256624825663,-0.23505976095617542,0.5773641102010423,0.5543652919121587,0.8555443587965084,0.01091314031180401,0.5,0.5812136055256729,0.2780777398155779,0.20393067984924845,0.6241604133754654,0.7216325349749694,0.020052205139037674
2021-06-20 12:00:00,0.23361227336122734,0.07569721115537842,0.5857036485480267,0.5629351901446169,0.8639593775765271,0.025946547884187085,0.5,0.6141025534124711,0.27170430479846813,0.1836213979557817,0.6555951497602958,0.7135387357621981,0.05348009113267046
2021-06-20 12:10:00,0.2105997210599721,0.043824701195219085,0.591362620997766,0.5668630601678271,0.8725576160500451,0.00033407572383073496,0.5,0.6141025534124711,0.27170430479846813,0.1836213979557817,0.6555951497602958,0.7135387357621981,0.05403081008494652
2021-06-20 12:20:00,0.14783821478382148,-0.06772908366533881,0.5997021593447505,0.580074986609534,0.8787216500242112,0.004008908685968819,0.5,0.6141025534124711,0.27170430479846813,0.1836213979557817,0.6555951497602958,0.7135387357621981,0.01812846085368982
2021-06-20 12:30:00,0.1708507670850767,-0.1633466135458168,0.6089352196574831,0.580432065702553,0.8805407598382432,0.10278396436525614,0.5,0.6141025534124711,0.27170430479846813,0.1836213979557817,0.6555951497602958,0.7135387357621981,0.0
2021-06-20 12:40:00,0.1324965132496513,-0.4661354581673308,0.614296351451973,0.5757900374933047,0.8375103061077595,0.21247216035634742,0.5,0.6141025534124711,0.27170430479846813,0.1836213979557817,0.6555951497602958,0.7135387357621981,0.0
2021-06-20 12:50:00,0.2398884239888424,-0.21115537848605592,0.627699180938198,0.5815033029816103,0.830273128214524,0.433630289532294,0.5,0.6141025534124711,0.27170430479846813,0.1836213979557817,0.6555951497602958,0.7135387357621981,0.02448058904295608
2021-06-20 13:00:00,0.303347280334728,0.006640106241699861,0.6533134772896498,0.631851455097304,0.7238486605331693,0.9909799554565701,0.5,0.7152285203602267,0.2548052194352433,0.13756732720339224,0.630424854458049,0.7131798630980247,0.0
2021-06-20 13:10:00,0.2733612273361227,0.2244355909694553,0.6658227848101264,0.6789858953758257,0.47931580531598855,0.9925389755011136,0.5,0.7152285203602267,0.2548052194352433,0.13756732720339224,0.630424854458049,0.7131798630980247,0.0
2021-06-20 13:20:00,0.2510460251046025,0.4422310756972112,0.6753536857781086,0.6946973754686665,0.38969520095274235,0.06971046770601336,0.5,0.7152285203602267,0.2548052194352433,0.13756732720339224,0.630424854458049,0.7131798630980247,0.08798678274514538
2021-06-20 13:30:00,0.14714086471408647,-0.19123505976095634,0.6729709605361132,0.6568469916086412,0.42864247294237734,0.25734966592427616,0.5,0.7152285203602267,0.2548052194352433,0.13756732720339224,0.630424854458049,0.7131798630980247,0.03321665132700635
2021-06-20 13:40:00,0.298465829846583,-0.8247011952191236,0.677140729709605,0.6518478843063737,0.4232505791051026,0.38374164810690425,0.5,0.7152285203602267,0.2548052194352433,0.13756732720339224,0.630424854458049,0.7131798630980247,0.0760143036045687
2021-06-20 13:50:00,0.37308228730822873,0.043824701195219085,0.6744601638123602,0.6414925906088198,0.3723285914331706,0.02238307349665924,0.5,0.7152285203602267,0.2548052194352433,0.13756732720339224,0.630424854458049,0.7131798630980247,0.20108031443788948
2021-06-20 14:00:00,0.20502092050209206,0.5776892430278884,0.660163812360387,0.6204249241206927,0.41946840114643175,0.00033407572383073496,0.5,0.715619385215843,0.23940610390020775,0.14017056753251547,0.6103790715282129,0.7198813348849474,0.05276340208518792
2021-06-20 14:10:00,0.28661087866108786,-0.14741035856573714,0.658078927773641,0.6207820032137119,0.4075460339479917,0.0010022271714922048,0.5,0.715619385215843,0.23940610390020775,0.14017056753251547,0.6103790715282129,0.7198813348849474,0.1253300541666038
2021-06-20 14:20:00,0.17433751743375175,-0.5298804780876495,0.6583767684288904,0.6239957150508837,0.3803117352213687,0.011135857461024499,0.5,0.715619385215843,0.23940610390020775,0.14017056753251547,0.6103790715282129,0.7198813348849474,0.03652096504066267
2021-06-20 14:30:00,0.299860529986053,-0.10756972111553798,0.6637379002233803,0.6275665059810749,0.34296109198937325,0.015812917594654786,0.5,0.715619385215843,0.23940610390020775,0.14017056753251547,0.6103790715282129,0.7198813348849474,0.12183713807203103
2021-06-20 14:40:00,0.3842398884239888,0.25099601593625476,0.665524944154877,0.6218532404927692,0.3823795003337216,0.0038975501113585743,0.5,0.715619385215843,0.23940610390020775,0.14017056753251547,0.6103790715282129,0.7198813348849474,0.26357559937836655
2021-06-20 14:50:00,0.21687587168758715,0.05179282868525892,0.6646314221891287,0.6168541331905018,0.4051903521744252,0.000556792873051225,0.5,0.715619385215843,0.23940610390020775,0.14017056753251547,0.6103790715282129,0.7198813348849474,0.06471324894005462
2021-06-20 15:00:00,0.3898186889818689,-0.29083665338645437,0.6661206254653758,0.6264952687020175,0.3465993116174373,0.003006681514476615,0.5,0.7151307958080502,0.2152485438511304,0.14125356014800222,0.5880288492134913,0.7251757236926415,0.25602396004647165
2021-06-20 15:10:00,0.2894002789400279,0.36254980079681287,0.6670141474311242,0.6197107659346546,0.34266008820719535,0.005456570155902005,0.5,0.7151307958080502,0.2152485438511304,0.14125356014800222,0.5880288492134913,0.7251757236926415,0.14084825806840984
2021-06-20 15:20:00,0.19595536959553697,-0.07569721115537853,0.6726731198808635,0.6275665059810749,0.3566633076389525,0.010356347438752784,0.5,0.7151307958080502,0.2152485438511304,0.14125356014800222,0.5880288492134913,0.7251757236926415,0.04124356865881075
2021-06-20 15:30:00,0.4721059972105997,0.298804780876494,0.6765450483991062,0.6322085341903232,0.38353116697857637,0.00022271714922048998,0.5,0.7151307958080502,0.2152485438511304,0.14125356014800222,0.5880288492134913,0.7251757236926415,0.38351916954599635
2021-06-20 15:40:00,0.4435146443514645,-0.12350597609561753,0.6735666418466117,0.6289948223531512,0.3855334964861081,0.00022271714922048998,0.5,0.7151307958080502,0.2152485438511304,0.14125356014800222,0.5880288492134913,0.7251757236926415,0.34625133907690453
2021-06-20 15:50:00,0.1297071129707113,0.1872509960159361,0.6693968726731196,0.631851455097304,0.39856826896651004,0.0032293986636971047,0.5,0.7151307958080502,0.2152485438511304,0.14125356014800222,0.5880288492134913,0.7251757236926415,0.011617906664453732
2021-06-20 16:00:00,0.13598326359832635,0.0,0.6759493670886074,0.6168541331905018,0.4191804844852181,0.44276169265033405,0.5,0.7335661823686896,0.19712247167442076,0.13257643055525437,0.5727033459239901,0.7390761874472466,0.0
2021-06-20 16:10:00,0.46164574616457466,-0.1872509960159363,0.6923306031273266,0.628280664167113,0.40008637499836414,0.16770601336302896,0.5,0.7335661823686896,0.19712247167442076,0.13257643055525437,0.5727033459239901,0.7390761874472466,0.2851441676599726
2021-06-20 16:20:00,0.300557880055788,-0.03585657370517936,0.6875651526433355,0.6382788787716478,0.37807383753648033,0.00022271714922048998,0.5,0.7335661823686896,0.19712247167442076,0.13257643055525437,0.5727033459239901,0.7390761874472466,0.15546871463705358
2021-06-20 16:30:00,0.3075313807531381,-0.08366533864541836,0.6854802680565895,0.6397071951437245,0.37948724660062033,0.00022271714922048998,0.5,0.7335661823686896,0.19712247167442076,0.13257643055525437,0.5727033459239901,0.7390761874472466,0.1449220694962053
2021-06-20 16:40:00,0.300557880055788,0.03585657370517925,0.6869694713328367,0.6382788787716478,0.35670256900184527,0.00033407572383073496,0.5,0.7335661823686896,0.19712247167442076,0.13257643055525437,0.5727033459239901,0.7390761874472466,0.13251957692713912
2021-06-20 16:50:00,0.3410041841004184,0.09960159362549792,0.6869694713328367,0.6386359578646672,0.35833845912237766,0.00033407572383073496,0.5,0.7335661823686896,0.19712247167442076,0.13257643055525437,0.5727033459239901,0.7390761874472466,0.1986511157716855
2021-06-20 17:00:00,0.24546722454672246,0.2111553784860556,0.683097542814594,0.6357793251205142,0.36713300441035973,0.00044543429844097997,0.5,0.745878175172427,0.19170304045608302,0.13289156365238372,0.5529000827436159,0.7504488544611773,0.11089819997887654
2021-06-20 17:10:00,0.2112970711297071,-0.0916334661354582,0.6878629932985851,0.6475629351901446,0.4049940453599613,0.00033407572383073496,0.5,0.745878175172427,0.19170304045608302,0.13289156365238372,0.5529000827436159,0.7504488544611773,0.06904355960589646
2021-06-20 17:20:00,0.2635983263598326,-0.21912350597609564,0.691139240506329,0.6589894661667561,0.35483111070395623,0.00033407572383073496,0.5,0.745878175172427,0.19170304045608302,0.13289156365238372,0.5529000827436159,0.7504488544611773,0.1218069616910844
2021-06-20 17:30:00,0.19665271966527195,0.31474103585657365,0.6932241250930751,0.6607748616318514,0.3781261860203374,0.00033407572383073496,0.5,0.745878175172427,0.19170304045608302,0.13289156365238372,0.5529000827436159,0.7504488544611773,0.06888513360592664
2021-06-20 17:40:00,0.16248256624825663,0.17131474103585642,0.6970960536113178,0.6750580253526155,0.35415058041381475,0.4433184855233853,0.5,0.745878175172427,0.19170304045608302,0.13289156365238372,0.5529000827436159,0.7504488544611773,0.010938938093154488
2021-06-20 17:50:00,0.4065550906555091,0.4501992031872508,0.7104988830975427,0.6857703981431889,0.36244781510515506,0.07538975501113586,0.5,0.745878175172427,0.19170304045608302,0.13289156365238372,0.5529000827436159,0.7504488544611773,0.21398826138781174
2021-06-20 18:00:00,0.29707112970711297,-0.08366533864541836,0.6988830975428144,0.6664881271201573,0.36459410294329353,0.00033407572383073496,0.5,0.7076719777014586,0.16051688615458937,0.1502450619531379,0.6426730736930282,0.722681423297449,0.13452630626009024
2021-06-20 18:10:00,0.2196652719665272,-0.50597609561753,0.69054355919583,0.6547045170505266,0.3707843111593881,0.02861915367483296,0.5,0.7076719777014586,0.16051688615458937,0.1502450619531379,0.6426730736930282,0.722681423297449,0.05212969808530862
2021-06-20 18:20:00,0.1492329149232915,-0.7848605577689244,0.6899478778853312,0.6500624888412785,0.344060410150371,0.13652561247216036,0.5,0.7076719777014586,0.16051688615458937,0.1502450619531379,0.6426730736930282,0.722681423297449,0.027852799613742325
2021-06-20 18:30:00,0.22384937238493724,-0.08366533864541836,0.6988830975428144,0.6547045170505266,0.3288662627108663,0.7601336302895324,0.5,0.7076719777014586,0.16051688615458937,0.1502450619531379,0.6426730736930282,0.722681423297449,0.0
2021-06-20 18:40:00,0.2775453277545328,-0.09960159362549814,0.7179448994787787,0.6829137653990358,0.40257292798157335,0.004565701559020045,0.5,0.7076719777014586,0.16051688615458937,0.1502450619531379,0.6426730736930282,0.722681423297449,0.11946829216772034
2021-06-20 18:50:00,0.24895397489539747,-0.03585657370517936,0.7009679821295605,0.6750580253526155,0.39809713261179674,0.00033407572383073496,0.5,0.7076719777014586,0.16051688615458937,0.1502450619531379,0.6426730736930282,0.722681423297449,0.10529293721803944
2021-06-20 19:00:00,0.3368200836820084,0.09960159362549792,0.6896500372300818,0.6547045170505266,0.41028124222952195,0.00033407572383073496,0.5,0.7039181208335739,0.17800791363392038,0.15314847131280646,0.6783609510246357,0.7300938561703966,0.195791903676992
2021-06-20 19:10:00,0.16875871687587168,-0.4342629482071714,0.6839910647803424,0.6497054097482591,0.3758228527306278,0.02149220489977728,0.5,0.7039181208335739,0.17800791363392038,0.15314847131280646,0.6783609510246357,0.7300938561703966,0.02412601656683314
2021-06-20 19:20:00,0.197350069735007,0.298804780876494,0.6819061801935962,0.6432779860739153,0.35670256900184527,0.03507795100222717,0.5,0.7039181208335739,0.17800791363392038,0.15314847131280646,0.6783609510246357,0.7300938561703966,0.03956877951627261
2021-06-20 19:30:00,0.16527196652719667,0.09163346613545809,0.6827997021593446,0.6397071951437245,0.3883995759772807,0.00044543429844097997,0.5,0.7039181208335739,0.17800791363392038,0.15314847131280646,0.6783609510246357,0.7300938561703966,0.04056460008751151
2021-06-20 19:40:00,0.2503486750348675,0.09960159362549792,0.681012658227848,0.6304231387252275,0.3648427582416144,0.057015590200445436,0.5,0.7039181208335739,0.17800791363392038,0.15314847131280646,0.6783609510246357,0.7300938561703966,0.04556633522941594
2021-06-20 19:50:00,0.24895397489539747,0.019920318725099362,0.681012658227848,0.6182824495625783,0.36058944392823017,0.00033407572383073496,0.5,0.7039181208335739,0.17800791363392038,0.15314847131280646,0.6783609510246357,0.7300938561703966,0.09635318436259939
2021-06-20 20:00:00,0.2112970711297071,-0.2589641434262948,0.6786299329858525,0.6182824495625783,0.37447487927130907,0.00044543429844097997,0.5,0.7127938115343655,0.1832290729784158,0.1413526019785286,0.6120147440572855,0.7387767593618754,0.07051465817704483
2021-06-20 20:10:00,0.20641562064156208,0.346613545816733,0.675651526433358,0.6139975004463487,0.38078287157608204,0.000556792873051225,0.5,0.7127938115343655,0.1832290729784158,0.1413526019785286,0.6120147440572855,0.7387767593618754,0.07584078941412557
2021-06-20 20:20:00,0.1387726638772664,0.17131474103585642,0.6717795979151151,0.6222103195857882,0.380481867793904,0.00022271714922048998,0.5,0.7127938115343655,0.1832290729784158,0.1413526019785286,0.6120147440572855,0.7387767593618754,0.02226262504337855
2021-06-20 20:30:00,0.17503486750348674,-0.01195219123505975,0.6667163067758748,0.6289948223531512,0.3948122652497677,0.00033407572383073496,0.5,0.7127938115343655,0.1832290729784158,0.1413526019785286,0.6120147440572855,0.7387767593618754,0.04093426075410776
2021-06-20 20:40:00,0.10808926080892609,0.15537848605577675,0.6643335815338791,0.6275665059810749,0.38750965175171115,0.02026726057906459,0.5,0.7127938115343655,0.1832290729784158,0.1413526019785286,0.6120147440572855,0.7387767593618754,0.007853403141361256
2021-06-20 20:50:00,0.1415620641562064,-0.23505976095617542,0.6628443782576319,0.5986430994465273,0.38750965175171115,0.48084632516703785,0.5,0.7127938115343655,0.1832290729784158,0.1413526019785286,0.6120147440572855,0.7387767593618754,0.0
2021-06-20 21:00:00,0.12412831241283125,-0.29614873837981426,0.6688011913626208,0.5932869130512408,0.38750965175171115,0.9992204899777284,0.5,0.7239739338935094,0.19442425008692413,0.12552239493037715,0.4272725923197227,0.7316915687173956,0.0
2021-06-20 21:10:00,0.16387726638772665,-0.35723771580345287,0.6798212956068501,0.600428494911623,0.38750965175171115,0.9992204899777284,0.5,0.7239739338935094,0.19442425008692413,0.12552239493037715,0.4272725923197227,0.7316915687173956,0.0
2021-06-20 21:20:00,0.1415620641562064,-0.4183266932270917,0.6795234549516007,0.6039992858418142,0.3309209407022549,0.3541202672605791,0.5,0.7239739338935094,0.19442425008692413,0.12552239493037715,0.4272725923197227,0.7316915687173956,0.0
2021-06-20 21:30:00,0.14853556485355648,-0.1447543160690571,0.677140729709605,0.6079271558650241,0.340422190522307,0.6871937639198219,0.5,0.7239739338935094,0.19442425008692413,0.12552239493037715,0.4272725923197227,0.7316915687173956,0.0
2021-06-20 21:40:00,0.15271966527196654,0.12881806108897753,0.6685033507073712,0.6075700767720049,0.34362853515855046,0.9993318485523385,0.5,0.7239739338935094,0.19442425008692413,0.12552239493037715,0.4272725923197227,0.7316915687173956,0.0
2021-06-20 21:50:00,0.2377963737796374,0.40239043824701204,0.6643335815338791,0.6025709694697374,0.3563492167358103,0.4728285077951003,0.5,0.7239739338935094,0.19442425008692413,0.12552239493037715,0.4272725923197227,0.7316915687173956,0.02970864704196026
2021-06-20 22:00:00,0.24755927475592746,0.13147410358565725,0.6690990320178702,0.6225673986788074,0.35551164099409766,0.00011135857461024499,0.5,0.6044044088781921,0.2194984583643424,0.19911465987754576,0.3535818476454293,0.715542893475449,0.0891033088401708
2021-06-20 22:10:00,0.2601115760111576,0.09960159362549792,0.650037230081906,0.5950723085163365,0.35551164099409766,0.00011135857461024499,0.5,0.6044044088781921,0.2194984583643424,0.19911465987754576,0.3535818476454293,0.715542893475449,0.10155106598065695
2021-06-20 22:20:00,0.23291492329149233,0.36254980079681287,0.64259121370067,0.5743617211212282,0.35551164099409766,0.00011135857461024499,0.5,0.6044044088781921,0.2194984583643424,0.19911465987754576,0.3535818476454293,0.715542893475449,0.07825489988985622
2021-06-20 22:30:00,0.14295676429567641,0.11553784860557759,0.63723008190618,0.5575790037493304,0.35551164099409766,0.00011135857461024499,0.5,0.6044044088781921,0.2194984583643424,0.19911465987754576,0.3535818476454293,0.715542893475449,0.030538497517992664
2021-06-20 22:40:00,0.14086471408647142,0.21912350597609564,0.6309754281459417,0.5590073201214067,0.35551164099409766,0.00011135857461024499,0.5,0.6044044088781921,0.2194984583643424,0.19911465987754576,0.3535818476454293,0.715542893475449,0.029278633613470738
2021-06-20 22:50:00,0.10808926080892609,0.41035856573705165,0.627699180938198,0.5597214783074451,0.35551164099409766,0.00033407572383073496,0.5,0.6044044088781921,0.2194984583643424,0.19911465987754576,0.3535818476454293,0.715542893475449,0.00805709371275103
2021-06-20 23:00:00,0.07740585774058578,0.6653386454183265,0.6229337304542069,0.5579360828423494,0.35551164099409766,0.0010022271714922048,0.5,0.5231388392391092,0.2316792478312208,0.2445124675403399,0.324890020928025,0.7164196384916042,0.0
2021-06-20 23:10:00,0.09135285913528592,0.6547144754316068,0.6211466865227102,0.5357971790751652,0.35551164099409766,0.9716035634743876,0.5,0.5231388392391092,0.2316792478312208,0.2445124675403399,0.324890020928025,0.7164196384916042,0.0
2021-06-20 23:20:00,0.10181311018131102,0.644090305444887,0.6274013402829486,0.552222817354044,0.35551164099409766,0.9993318485523385,0.5,0.5231388392391092,0.2316792478312208,0.2445124675403399,0.324890020928025,0.7164196384916042,0.0
2021-06-20 23:30:00,0.10808926080892609,0.6334661354581672,0.6274013402829486,0.5640064274236742,0.35551164099409766,0.9993318485523385,0.5,0.5231388392391092,0.2316792478312208,0.2445124675403399,0.324890020928025,0.7164196384916042,0.0
2021-06-20 23:40:00,0.11715481171548117,-0.043824701195219196,0.6288905435591956,0.5604356364934833,0.35551164099409766,0.9993318485523385,0.5,0.5231388392391092,0.2316792478312208,0.2445124675403399,0.324890020928025,0.7164196384916042,0.0
2021-06-20 23:50:00,0.11436541143654114,-0.01195219123505975,0.6303797468354431,0.5518657382610248,0.35551164099409766,0.9993318485523385,0.5,0.5231388392391092,0.2316792478312208,0.2445124675403399,0.324890020928025,0.7164196384916042,0.0
2021-06-21 00:00:00,0.11087866108786612,0.689243027888446,0.629188384214445,0.5465095518657381,0.35551164099409766,0.9993318485523385,0.5,0.5123739961970808,0.2383314128738805,0.2478393092586865,0.291476956244342,0.7715160011845913,0.0
2021-06-21 00:10:00,0.10111576011157601,-0.07569721115537853,0.6256142963514517,0.5400821281913943,0.35551164099409766,0.9993318485523385,0.5,0.5123739961970808,0.2383314128738805,0.2478393092586865,0.291476956244342,0.7715160011845913,0.0
2021-06-21 00:20:00,0.0801952580195258,-0.01195219123505975,0.6190618019359642,0.5393679700053562,0.35551164099409766,0.9993318485523385,0.5,0.5123739961970808,0.2383314128738805,0.2478393092586865,0.291476956244342,0.7715160011845913,0.0
2021-06-21 00:30:00,0.07531380753138076,-0.9681274900398407,0.6154877140729709,0.5365113372612034,0.35551164099409766,0.9993318485523385,0.5,0.5123739961970808,0.2383314128738805,0.2478393092586865,0.291476956244342,0.7715160011845913,0.0
2021-06-21 00:40:00,0.19804741980474197,-0.5617529880478087,0.6101265822784807,0.5307980717728977,0.36459410294329353,0.9993318485523385,0.5,0.5123739961970808,0.2383314128738805,0.2478393092586865,0.291476956244342,0.7715160011845913,0.0
2021-06-21 00:50:00,0.18340306834030684,-0.15537848605577698,0.6050632911392404,0.5386538118193178,0.4650508434649462,0.2111358574610245,0.5,0.5123739961970808,0.2383314128738805,0.2478393092586865,0.291476956244342,0.7715160011845913,0.04375575237261795
2021-06-21 01:00:00,0.18479776847977683,-0.15537848605577698,0.6160833953834697,0.5707909301910372,0.46912093808483074,0.00011135857461024499,0.5,0.4410182297981171,0.2475295037168793,0.28515588689549765,0.2739695979234669,0.8737696022474252,0.05089246646649667
2021-06-21 01:10:00,0.14644351464435149,0.6812749003984064,0.6199553239017124,0.590430280307088,0.46912093808483074,0.00011135857461024499,0.5,0.4410182297981171,0.2475295037168793,0.28515588689549765,0.2739695979234669,0.8737696022474252,0.02913529580397423
2021-06-21 01:20:00,0.11227336122733612,0.4661354581673305,0.5943410275502605,0.5711480092840564,0.46912093808483074,0.00011135857461024499,0.5,0.4410182297981171,0.2475295037168793,0.28515588689549765,0.2739695979234669,0.8737696022474252,0.0074233897128717355
2021-06-21 01:30:00,0.10251046025104603,-0.21912350597609564,0.5871928518242739,0.555793608284235,0.4613210139901323,0.00011135857461024499,0.5,0.4410182297981171,0.2475295037168793,0.28515588689549765,0.2739695979234669,0.8737696022474252,0.00013579371425984882
2021-06-21 01:40:00,0.10808926080892609,0.6972111553784857,0.583320923306031,0.5554365291912158,0.4632971692557354,0.027282850779510027,0.5,0.4410182297981171,0.2475295037168793,0.28515588689549765,0.2739695979234669,0.8737696022474252,0.0
2021-06-21 01:50:00,0.15760111576011157,-0.7290836653386454,0.568428890543559,0.5225852526334585,0.5133684940649906,0.8404231625835189,0.5,0.4410182297981171,0.2475295037168793,0.28515588689549765,0.2739695979234669,0.8737696022474252,0.0
2021-06-21 02:00:00,0.1087866108786611,-0.21115537848605592,0.5824274013402826,0.5347259417961079,0.5148735129758805,0.9995545657015591,0.5,0.4260679742634219,0.24749789515728118,0.2881451494168389,0.33001464179016526,0.9692343032995817,0.0
2021-06-21 02:10:00,0.09902370990237098,-0.059760956175298974,0.5857036485480267,0.5397250490983752,0.5148735129758805,0.9995545657015591,0.5,0.4260679742634219,0.24749789515728118,0.2881451494168389,0.33001464179016526,0.9692343032995817,0.0
2021-06-21 02:20:00,0.08437935843793584,-0.29083665338645437,0.588682055100521,0.5379396536332799,0.5148735129758805,0.9995545657015591,0.5,0.4260679742634219,0.24749789515728118,0.2881451494168389,0.33001464179016526,0.9692343032995817,0.0
2021-06-21 02:30:00,0.08368200836820083,-0.2164674634794158,0.5857036485480267,0.5300839135868596,0.5148735129758805,0.9995545657015591,0.5,0.4260679742634219,0.24749789515728118,0.2881451494168389,0.33001464179016526,0.9692343032995817,0.0
2021-06-21 02:40:00,0.11157601115760113,-0.14209827357237725,0.5806403574087862,0.5204427780753438,0.5148735129758805,0.9995545657015591,0.5,0.4260679742634219,0.24749789515728118,0.2881451494168389,0.33001464179016526,0.9692343032995817,0.0
2021-06-21 02:50:00,0.14714086471408647,-0.06772908366533881,0.5800446760982871,0.5140153544009998,0.5148735129758805,0.9995545657015591,0.5,0.4260679742634219,0.24749789515728118,0.2881451494168389,0.33001464179016526,0.9692343032995817,0.0
2021-06-21 03:00:00,0.1499302649930265,0.006640106241699861,0.5770662695457927,0.507230851633637,0.5148735129758805,0.9995545657015591,0.5,0.41939078580879396,0.24637435453884435,0.2986902510501161,0.3471303883508283,0.029134244392157033,0.0
2021-06-21 03:10:00,0.19177126917712692,0.08100929614873831,0.5693224125093073,0.5040171397964648,0.5394380390257948,0.8611358574610245,0.5,0.41939078580879396,0.24637435453884435,0.2986902510501161,0.3471303883508283,0.029134244392157033,0.0
2021-06-21 03:20:00,0.1603905160390516,0.15537848605577675,0.5696202531645567,0.511158721656847,0.596026750075251,0.20590200445434298,0.5,0.41939078580879396,0.24637435453884435,0.2986902510501161,0.3471303883508283,0.029134244392157033,0.0
2021-06-21 03:30:00,0.1589958158995816,0.10756972111553775,0.5755770662695456,0.5161578289591144,0.6017196476947035,0.0700445434298441,0.5,0.41939078580879396,0.24637435453884435,0.2986902510501161,0.3471303883508283,0.029134244392157033,0.02398267875733663
2021-06-21 03:40:00,0.15690376569037656,-0.09960159362549814,0.5794489947877883,0.5368684163542226,0.6017196476947035,0.00011135857461024499,0.5,0.41939078580879396,0.24637435453884435,0.2986902510501161,0.3471303883508283,0.029134244392157033,0.03959895589721925
2021-06-21 03:50:00,0.14504881450488147,0.08366533864541825,0.5574087862993298,0.535440099982146,0.6017196476947035,0.00011135857461024499,0.5,0.41939078580879396,0.24637435453884435,0.2986902510501161,0.3471303883508283,0.029134244392157033,0.03104395189884877
2021-06-21 04:00:00,0.17364016736401675,0.4262948207171313,0.5404318689501115,0.49651847884306366,0.601994477234953,0.00011135857461024499,0.5,0.3296648381391243,0.25091161959385994,0.39388974044572883,0.31820000175908864,0.0765563071823907,0.05219759494243855
2021-06-21 04:10:00,0.16875871687587168,0.4422310756972112,0.5380491437081161,0.48544902695947156,0.6182094201096701,0.00011135857461024499,0.5,0.3296648381391243,0.25091161959385994,0.39388974044572883,0.31820000175908864,0.0765563071823907,0.04826712132413959
2021-06-21 04:20:00,0.21269177126917713,-0.01195219123505975,0.5380491437081161,0.47616497054097473,0.6329716925573543,0.00011135857461024499,0.5,0.3296648381391243,0.25091161959385994,0.39388974044572883,0.31820000175908864,0.0765563071823907,0.0699413069390588
2021-06-21 04:30:00,0.18619246861924685,-0.5298804780876495,0.537453462397617,0.4590251740760578,0.6346337569198153,0.00022271714922048998,0.5,0.3296648381391243,0.25091161959385994,0.39388974044572883,0.31820000175908864,0.0765563071823907,0.05471732275148242
2021-06-21 04:40:00,0.2412831241283124,-0.10756972111553798,0.5380491437081161,0.45474022495982847,0.6346337569198153,0.00022271714922048998,0.5,0.3296648381391243,0.25091161959385994,0.39388974044572883,0.31820000175908864,0.0765563071823907,0.08883926550688777
2021-06-21 04:50:00,0.29567642956764295,-0.20318725099601598,0.5341772151898732,0.44724156400642756,0.629019382026148,0.00033407572383073496,0.5,0.3296648381391243,0.25091161959385994,0.39388974044572883,0.31820000175908864,0.0765563071823907,0.1365028592120947
2021-06-21 05:00:00,0.28451882845188287,0.3784860557768923,0.5294117647058822,0.4415282985181217,0.6238237950033372,0.00022271714922048998,0.5,0.3255364260763791,0.25677069714115053,0.40810649139940275,0.3272728079792233,0.09815665367152715,0.12315735473844622
2021-06-21 05:10:00,0.3054393305439331,-0.298804780876494,0.5270290394638866,0.43902874486698806,0.6345944955569224,0.00022271714922048998,0.5,0.3255364260763791,0.25677069714115053,0.40810649139940275,0.3272728079792233,0.09815665367152715,0.1410594927350363
2021-06-21 05:20:00,0.27475592747559274,-0.4820717131474104,0.527922561429635,0.43474379575075894,0.6246482836240854,0.00033407572383073496,0.5,0.3255364260763791,0.25677069714115053,0.40810649139940275,0.3272728079792233,0.09815665367152715,0.10894427931258205
2021-06-21 05:30:00,0.20292887029288703,0.4262948207171313,0.5273268801191362,0.4429566148901982,0.6068236248707648,0.00044543429844097997,0.5,0.3255364260763791,0.25677069714115053,0.40810649139940275,0.3272728079792233,0.09815665367152715,0.06921707379633961
2021-06-21 05:40:00,0.18479776847977683,0.19521912350597592,0.5243484735666417,0.44188537761114066,0.6207875829396291,0.00033407572383073496,0.5,0.3255364260763791,0.25677069714115053,0.40810649139940275,0.3272728079792233,0.09815665367152715,0.05807444513179535
2021-06-21 05:50:00,0.2085076708507671,-0.3545816733067729,0.5174981384959045,0.4397429030530262,0.6233133972857311,0.00022271714922048998,0.5,0.3255364260763791,0.25677069714115053,0.40810649139940275,0.3272728079792233,0.09815665367152715,0.06521870332091073
2021-06-21 06:00:00,0.20920502092050208,0.20318725099601576,0.5172002978406551,0.43402963756472057,0.6233133972857311,0.00022271714922048998,0.5,0.3534826795738675,0.26576764260489055,0.4318261855186641,0.3843433238914836,0.12295624126939877,0.06910391236778973
2021-06-21 06:10:00,0.15341701534170155,0.2350597609561753,0.5148175725986597,0.43545795393679687,0.6233133972857311,0.00033407572383073496,0.5,0.3534826795738675,0.26576764260489055,0.4318261855186641,0.3843433238914836,0.12295624126939877,0.037720476183291336
2021-06-21 06:20:00,0.1394700139470014,0.19521912350597592,0.5115413253909158,0.44545616854133185,0.6357461622017772,0.00022271714922048998,0.5,0.3534826795738675,0.26576764260489055,0.4318261855186641,0.3843433238914836,0.12295624126939877,0.03363157656502256
2021-06-21 06:30:00,0.16527196652719667,-0.5936254980079682,0.5064780342516753,0.44259953579717903,0.639829343942626,0.00044543429844097997,0.5,0.3534826795738675,0.26576764260489055,0.4318261855186641,0.3843433238914836,0.12295624126939877,0.04420839808681745
2021-06-21 06:40:00,0.16736401673640167,0.4262948207171313,0.5029039463886817,0.4433136939832174,0.624164060148408,0.00033407572383073496,0.5,0.3534826795738675,0.26576764260489055,0.4318261855186641,0.3843433238914836,0.12295624126939877,0.05073404046652685
2021-06-21 06:50:00,0.16596931659693165,0.5219123505976095,0.5008190618019359,0.44545616854133185,0.6359162947743126,0.00033407572383073496,0.5,0.3534826795738675,0.26576764260489055,0.4318261855186641,0.3843433238914836,0.12295624126939877,0.05225794770433182
2021-06-21 07:00:00,0.2315202231520223,0.4820717131474104,0.49545793000744576,0.4333154793786824,0.6443444006752954,0.00033407572383073496,0.5,0.36126722395232114,0.2901464625711546,0.4194912293449911,0.40146758689591155,0.10323709306838774,0.08383753036498333
2021-06-21 07:10:00,0.22454672245467225,-0.2270916334661356,0.4897989575577064,0.4229601856811285,0.6549973171402024,0.00033407572383073496,0.5,0.36126722395232114,0.2901464625711546,0.4194912293449911,0.40146758689591155,0.10323709306838774,0.07879053065165895
2021-06-21 07:20:00,0.18688981868898188,-0.3705179282868527,0.4847356664184659,0.4193893947509373,0.643768567352868,0.00033407572383073496,0.5,0.36126722395232114,0.2901464625711546,0.4194912293449911,0.40146758689591155,0.10323709306838774,0.05743319703667939
2021-06-21 07:30:00,0.20362622036262204,-0.3705179282868527,0.48354430379746827,0.4158186038207463,0.6411118817971234,0.00033407572383073496,0.5,0.36126722395232114,0.2901464625711546,0.4194912293449911,0.40146758689591155,0.10323709306838774,0.06836459103459723
2021-06-21 07:40:00,0.19525801952580193,-0.5219123505976095,0.47848101265822773,0.414747366541689,0.6379709727657012,0.00033407572383073496,0.5,0.36126722395232114,0.2901464625711546,0.4194912293449911,0.40146758689591155,0.10323709306838774,0.05746337341762603
2021-06-21 07:50:00,0.2615062761506276,-0.5378486055776892,0.48235294117647043,0.42117479021603277,0.6103047990472577,0.00044543429844097997,0.5,0.36126722395232114,0.2901464625711546,0.4194912293449911,0.40146758689591155,0.10323709306838774,0.10511187893235965
2021-06-21 08:00:00,0.27266387726638774,-0.2509960159362551,0.4844378257632167,0.4176039992858418,0.5970213712685347,0.00033407572383073496,0.5,0.3844091983818414,0.2987037617059418,0.4037014760022659,0.45121732435198675,0.11303708462669514,0.1112301401692895
2021-06-21 08:10:00,0.17573221757322177,-0.10756972111553798,0.47967237527922557,0.40760578468130704,0.5970213712685347,0.00011135857461024499,0.5,0.3844091983818414,0.2987037617059418,0.4037014760022659,0.45121732435198675,0.11303708462669514,0.046486714848288244
2021-06-21 08:20:00,0.0808926080892608,0.6334661354581672,0.47877885331347714,0.41439028744867,0.5970213712685347,0.0022271714922049,0.5,0.3844091983818414,0.2987037617059418,0.4037014760022659,0.45121732435198675,0.11303708462669514,0.0
2021-06-21 08:30:00,0.09414225941422595,0.08366533864541825,0.4847356664184659,0.4036779146580969,0.5970213712685347,0.627728285077951,0.5,0.3844091983818414,0.2987037617059418,0.4037014760022659,0.45121732435198675,0.11303708462669514,0.0
2021-06-21 08:40:00,0.14016736401673638,-0.2828685258964144,0.504393149664929,0.4229601856811285,0.5970213712685347,0.9995545657015591,0.5,0.3844091983818414,0.2987037617059418,0.4037014760022659,0.45121732435198675,0.11303708462669514,0.0
2021-06-21 08:50:00,0.14016736401673638,-0.9920318725099602,0.5210722263588978,0.4465274058203892,0.5970213712685347,0.9995545657015591,0.5,0.3844091983818414,0.2987037617059418,0.4037014760022659,0.45121732435198675,0.11303708462669514,0.0
2021-06-21 09:00:00,0.298465829846583,-0.3545816733067729,0.535368577810871,0.45545438314586684,0.5839473374252399,0.3261692650334076,0.5,0.4175424242959911,0.3021031186154298,0.36380587953393784,0.5977444932440911,0.1264436635985459,0.08229099084146839
2021-06-21 09:10:00,0.3598326359832636,-0.3466135458167332,0.5454951600893521,0.4640242813783253,0.5768148564997186,0.00022271714922048998,0.5,0.4175424242959911,0.3021031186154298,0.36380587953393784,0.5977444932440911,0.1264436635985459,0.20305686738989395
2021-06-21 09:20:00,0.3096234309623431,0.2350597609561753,0.5446016381236036,0.4561685413319052,0.5855832275457723,0.00022271714922048998,0.5,0.4175424242959911,0.3021031186154298,0.36380587953393784,0.5977444932440911,0.1264436635985459,0.1422816361633749
2021-06-21 09:30:00,0.35006973500697347,0.11553784860557759,0.5496649292628444,0.4558114622388858,0.5945217311643611,0.00022271714922048998,0.5,0.4175424242959911,0.3021031186154298,0.36380587953393784,0.5977444932440911,0.1264436635985459,0.1891983644401527
2021-06-21 09:40:00,0.402370990237099,-0.059760956175298974,0.5556217423678329,0.45509730405284765,0.5945217311643611,0.00022271714922048998,0.5,0.4175424242959911,0.3021031186154298,0.36380587953393784,0.5977444932440911,0.1264436635985459,0.2610785038550327
2021-06-21 09:50:00,0.35564853556485354,0.06772908366533859,0.5606850335070734,0.46009641135511514,0.6002800643886352,0.00022271714922048998,0.5,0.4175424242959911,0.3021031186154298,0.36380587953393784,0.5977444932440911,0.1264436635985459,0.21177784148347092
2021-06-21 10:00:00,0.32566248256624825,0.1394422310756971,0.5672375279225612,0.47437957507587925,0.6105141929826857,0.00022271714922048998,0.5,0.6158451189254435,0.29917501659449275,0.25390318020654723,0.5915305631713954,0.16319949976301015,0.16793155996801304
2021-06-21 10:10:00,0.3277545327754533,-0.38645418326693237,0.5734921816827996,0.4925906088198535,0.618863776157883,0.00022271714922048998,0.5,0.6158451189254435,0.29917501659449275,0.25390318020654723,0.5915305631713954,0.16319949976301015,0.1725862667290312
2021-06-21 10:20:00,0.27405857740585776,0.06772908366533859,0.5803425167535365,0.5000892697732549,0.6218345526167698,0.00033407572383073496,0.5,0.6158451189254435,0.29917501659449275,0.25390318020654723,0.5915305631713954,0.16319949976301015,0.12784223788041102
2021-06-21 10:30:00,0.32496513249651326,0.2669322709163344,0.5851079672375277,0.517586145331191,0.6374867492900237,0.00033407572383073496,0.5,0.6158451189254435,0.29917501659449275,0.25390318020654723,0.5915305631713954,0.16319949976301015,0.17517389139520498
2021-06-21 10:40:00,0.2824267782426778,0.08366533864541825,0.588682055100521,0.5290126763078022,0.6349216735810289,0.00044543429844097997,0.5,0.6158451189254435,0.29917501659449275,0.25390318020654723,0.5915305631713954,0.16319949976301015,0.12396457292876865
2021-06-21 10:50:00,0.32147838214783825,-0.4422310756972112,0.5949367088607593,0.5386538118193178,0.6283388517360066,0.000556792873051225,0.5,0.6158451189254435,0.29917501659449275,0.25390318020654723,0.5915305631713954,0.16319949976301015,0.1364123300692548
2021-06-21 11:00:00,0.36959553695955366,0.12350597609561742,0.6032762472077438,0.5472237100517765,0.6703485100312783,0.0017817371937639199,0.5,0.6252745376177822,0.29009761297904924,0.2386996885571939,0.46405070102458623,0.2458019726081938,0.2137694826259487
2021-06-21 11:10:00,0.31450488145048816,-0.15537848605577698,0.6101265822784807,0.5532940546331013,0.6760021462878381,0.000556792873051225,0.5,0.6252745376177822,0.29009761297904924,0.2386996885571939,0.46405070102458623,0.2458019726081938,0.15240581197097033
2021-06-21 11:20:00,0.29707112970711297,0.22709163346613526,0.6154877140729709,0.5636493483306553,0.6583214458651241,0.00022271714922048998,0.5,0.6252745376177822,0.29009761297904924,0.2386996885571939,0.46405070102458623,0.2458019726081938,0.15124402130452494
2021-06-21 11:30:00,0.2914923291492329,-0.42629482071713154,0.621742367833209,0.5697196929119801,0.6673122979675701,0.00033407572383073496,0.5,0.6252745376177822,0.29009761297904924,0.2386996885571939,0.46405070102458623,0.2458019726081938,0.1336134707364546
2021-06-21 11:40:00,0.2608089260808926,0.4501992031872508,0.6294862248696946,0.5790037493304767,0.6431011241836908,0.00033407572383073496,0.5,0.6252745376177822,0.29009761297904924,0.2386996885571939,0.46405070102458623,0.2458019726081938,0.11154699216922916
2021-06-21 11:50:00,0.23640167364016737,-0.06772908366533881,0.6399106478034249,0.5932869130512408,0.6424467681354779,0.00033407572383073496,0.5,0.6252745376177822,0.29009761297904924,0.2386996885571939,0.46405070102458623,0.2458019726081938,0.08413929417444967
2021-06-21 12:00:00,0.2398884239888424,-0.19521912350597614,0.6494415487714069,0.6050705231208713,0.6481658399968591,0.00044543429844097997,0.5,0.6291668098070089,0.28585057197125374,0.23423063202764244,0.3848239062706873,0.31958822655123803,0.09338081083935604
2021-06-21 12:10:00,0.29358437935843795,0.19521912350597592,0.6565897244973937,0.615068737725406,0.6167698368036015,0.00033407572383073496,0.5,0.6291668098070089,0.28585057197125374,0.23423063202764244,0.3848239062706873,0.31958822655123803,0.1346394676886401
2021-06-21 12:20:00,0.2629009762900976,0.8406374501992031,0.6625465376023827,0.6157828959114444,0.6800198924238657,0.00044543429844097997,0.5,0.6291668098070089,0.28585057197125374,0.23423063202764244,0.3848239062706873,0.31958822655123803,0.11234666626431491
2021-06-21 12:30:00,0.18131101813110181,-0.6254980079681276,0.6664184661206252,0.6304231387252275,0.6821792673829684,0.00033407572383073496,0.5,0.6291668098070089,0.28585057197125374,0.23423063202764244,0.3848239062706873,0.31958822655123803,0.03419738370777193
2021-06-21 12:40:00,0.14016736401673638,-0.403718459495352,0.6804169769173491,0.655061596143546,0.6621952336705448,0.7680400890868597,0.5,0.6291668098070089,0.28585057197125374,0.23423063202764244,0.3848239062706873,0.31958822655123803,0.0
2021-06-21 12:50:00,0.09274755927475593,-0.18193891102257653,0.7030528667163065,0.6686306016782717,0.6650220517988248,0.9993318485523385,0.5,0.6291668098070089,0.28585057197125374,0.23423063202764244,0.3848239062706873,0.31958822655123803,0.0
2021-06-21 13:00:00,0.10251046025104603,0.03984063745019917,0.7224125093075202,0.6846991608641315,0.6650220517988248,0.9993318485523385,0.5,0.74417633378171,0.2772156881901795,0.15032634980636117,0.3198116799763226,0.3512504688633217,0.0
2021-06-21 13:10:00,0.14504881450488147,0.26162018592297476,0.7399851079672375,0.6946973754686665,0.6650220517988248,0.9993318485523385,0.5,0.74417633378171,0.2772156881901795,0.15032634980636117,0.3198116799763226,0.3512504688633217,0.0
2021-06-21 13:20:00,0.3612273361227336,0.48339973439575035,0.7495160089352195,0.6996964827709338,0.741817277617097,0.716815144766147,0.5,0.74417633378171,0.2772156881901795,0.15032634980636117,0.3198116799763226,0.3512504688633217,0.019697632662914737
2021-06-21 13:30:00,0.08507670850767085,0.7051792828685257,0.7575577066269543,0.7207641492590608,0.8331392077056968,0.434966592427617,0.5,0.74417633378171,0.2772156881901795,0.15032634980636117,0.3198116799763226,0.3512504688633217,0.0
2021-06-21 13:40:00,0.11227336122733612,0.6281540504648073,0.7641102010424421,0.7400464202820924,0.8368690371805106,0.9993318485523385,0.5,0.74417633378171,0.2772156881901795,0.15032634980636117,0.3198116799763226,0.3512504688633217,0.0
2021-06-21 13:50:00,0.16736401673640167,0.5511288180610889,0.7724497393894265,0.7507587930726658,0.8368690371805106,0.9993318485523385,0.5,0.74417633378171,0.2772156881901795,0.15032634980636117,0.3198116799763226,0.3512504688633217,0.0
2021-06-21 14:00:00,0.18340306834030684,0.47410358565737054,0.7790022338049141,0.7586145331190859,0.8659093586002017,0.27895322939866374,0.5,0.7441926100893761,0.2528541092564227,0.1496414267248338,0.2520573938507461,0.3487941585579009,0.0074761983795283435
2021-06-21 14:10:00,0.19386331938633192,-0.24701195219123517,0.7855547282204018,0.7807534368862703,0.8685791312769104,0.991759465478842,0.5,0.7441926100893761,0.2528541092564227,0.1496414267248338,0.2520573938507461,0.3487941585579009,0.0
2021-06-21 14:20:00,0.2705718270571827,-0.9681274900398407,0.7906180193596424,0.7953936797000536,0.7180379788250382,0.7403118040089087,0.5,0.7441926100893761,0.2528541092564227,0.1496414267248338,0.2520573938507461,0.3487941585579009,0.0016747891425381357
2021-06-21 14:30:00,0.13319386331938632,-0.553784860557769,0.7956813104988829,0.7946795215140154,0.6545392679064532,0.2900890868596882,0.5,0.7441926100893761,0.2528541092564227,0.1496414267248338,0.2520573938507461,0.3487941585579009,0.0114972011406672
2021-06-21 14:40:00,0.12343096234309624,-0.4143426294820718,0.7930007446016378,0.7814675950723087,0.6498148172383557,0.9992204899777284,0.5,0.7441926100893761,0.2528541092564227,0.1496414267248338,0.2520573938507461,0.3487941585579009,0.0
2021-06-21 14:50:00,0.08437935843793584,-0.2749003984063746,0.8037230081906177,0.7811105159792893,0.6498148172383557,0.9992204899777284,0.5,0.7441926100893761,0.2528541092564227,0.1496414267248338,0.2520573938507461,0.3487941585579009,0.0
2021-06-21 15:00:00,0.12343096234309624,-0.3227091633466136,0.8135517498138494,0.7857525441885378,0.6498148172383557,0.9992204899777284,0.5,0.7462527637203771,0.22934021442097346,0.14972372909104584,0.22302300177166964,0.3372401895799789,0.0
2021-06-21 15:10:00,0.11436541143654114,-0.3705179282868527,0.8221891288160832,0.782895911444385,0.6498148172383557,0.9992204899777284,0.5,0.7462527637203771,0.22934021442097346,0.14972372909104584,0.22302300177166964,0.3372401895799789,0.0
2021-06-21 15:20:00,0.31450488145048816,-0.4183266932270917,0.8290394638868204,0.7807534368862703,0.6867074112366021,0.7777282850779511,0.5,0.7462527637203771,0.22934021442097346,0.14972372909104584,0.22302300177166964,0.3372401895799789,0.020829246948413475
2021-06-21 15:30:00,0.2914923291492329,-0.4661354581673308,0.8162323157110942,0.7650419567934299,0.6634123359202209,0.00011135857461024499,0.5,0.7462527637203771,0.22934021442097346,0.14972372909104584,0.22302300177166964,0.3372401895799789,0.14259848816331458
2021-06-21 15:40:00,0.14644351464435149,0.7290836653386452,0.7831720029784064,0.7236207820032137,0.6493044195207496,0.2479955456570156,0.5,0.7462527637203771,0.22934021442097346,0.14972372909104584,0.22302300177166964,0.3372401895799789,0.024088296090649847
2021-06-21 15:50:00,0.21199442119944212,0.17928286852589626,0.7909158600148918,0.7318336011426532,0.6989700435801128,0.9995545657015591,0.5,0.7462527637203771,0.22934021442097346,0.14972372909104584,0.22302300177166964,0.3372401895799789,0.0
2021-06-21 16:00:00,0.1311018131101813,-0.3705179282868527,0.8108711839166043,0.7571862167470096,0.7816675609532658,0.8097995545657015,0.5,0.7933184089375607,0.20501024404681475,0.12216270835401989,0.23039188638207236,0.3531105730622647,0.0
2021-06-21 16:10:00,0.17573221757322177,-0.856573705179283,0.820699925539836,0.7682556686306017,0.749957466856866,0.350890868596882,0.5,0.7933184089375607,0.20501024404681475,0.12216270835401989,0.23039188638207236,0.3531105730622647,0.0
2021-06-21 16:20:00,0.10111576011157601,-0.6892430278884463,0.8174236783320921,0.7575432958400286,0.7294630354268364,0.6893095768374164,0.5,0.7933184089375607,0.20501024404681475,0.12216270835401989,0.23039188638207236,0.3531105730622647,0.0
2021-06-21 16:30:00,0.1492329149232915,-0.5219123505976097,0.8198064035740877,0.7532583467237994,0.7294630354268364,0.9992204899777284,0.5,0.7933184089375607,0.20501024404681475,0.12216270835401989,0.23039188638207236,0.3531105730622647,0.0
2021-06-21 16:40:00,0.19386331938633192,-0.3545816733067729,0.8278481012658225,0.7589716122121051,0.7086021646098075,0.4692650334075724,0.5,0.7933184089375607,0.20501024404681475,0.12216270835401989,0.23039188638207236,0.3531105730622647,0.0
2021-06-21 16:50:00,0.16457461645746163,0.0717131474103585,0.8326135517498137,0.7671844313515443,0.7113766342542305,0.9992204899777284,0.5,0.7933184089375607,0.20501024404681475,0.12216270835401989,0.23039188638207236,0.3531105730622647,0.0
2021-06-21 17:00:00,0.19316596931659694,0.49800796812749004,0.8332092330603125,0.7707552222817353,0.7491198911151535,0.49576837416481073,0.5,0.8035294572818632,0.1979701557727283,0.11921288502511618,0.2229599330755934,0.36088226011749774,0.0
2021-06-21 17:10:00,0.12622036262203626,-0.4103585657370519,0.830826507818317,0.7757543295840028,0.805263640051825,0.01447661469933185,0.5,0.8035294572818632,0.1979701557727283,0.11921288502511618,0.2229599330755934,0.36088226011749774,0.0005959835236960031
2021-06-21 17:20:00,0.16457461645746163,-0.35856573705179284,0.8108711839166043,0.7468309230494556,0.805263640051825,0.8693763919821825,0.5,0.8035294572818632,0.1979701557727283,0.11921288502511618,0.2229599330755934,0.36088226011749774,0.0
2021-06-21 17:30:00,0.11645746164574616,-0.3067729083665339,0.8215934475055842,0.7389751830030351,0.805263640051825,0.9995545657015591,0.5,0.8035294572818632,0.1979701557727283,0.11921288502511618,0.2229599330755934,0.36088226011749774,0.0
2021-06-21 17:40:00,0.1297071129707113,-0.254980079681275,0.8260610573343259,0.7400464202820924,0.805263640051825,0.9995545657015591,0.5,0.8035294572818632,0.1979701557727283,0.11921288502511618,0.2229599330755934,0.36088226011749774,0.0
2021-06-21 17:50:00,0.1771269177126918,-0.20318725099601598,0.832315711094564,0.7425459739332261,0.7273298347096622,0.9944320712694877,0.5,0.8035294572818632,0.1979701557727283,0.11921288502511618,0.2229599330755934,0.36088226011749774,0.0
2021-06-21 18:00:00,0.07810320781032079,-0.15139442231075717,0.8326135517498137,0.7603999285841814,0.6247529805917996,0.9995545657015591,0.5,0.7358136469502101,0.16025539716155085,0.149104115283169,0.16871823261489283,0.3893748991371911,0.0
2021-06-21 18:10:00,0.060669456066945605,-0.09960159362549803,0.8290394638868204,0.7607570076772003,0.6247529805917996,0.9995545657015591,0.5,0.7358136469502101,0.16025539716155085,0.149104115283169,0.16871823261489283,0.3893748991371911,0.0
2021-06-21 18:20:00,0.06834030683403068,-0.04780876494023911,0.8299329858525686,0.7571862167470096,0.6247529805917996,0.9995545657015591,0.5,0.7358136469502101,0.16025539716155085,0.149104115283169,0.16871823261489283,0.3893748991371911,0.0
2021-06-21 18:30:00,0.08507670850767085,0.003984063745019917,0.8278481012658225,0.7514729512587037,0.6247529805917996,0.9995545657015591,0.5,0.7358136469502101,0.16025539716155085,0.149104115283169,0.16871823261489283,0.3893748991371911,0.0
2021-06-21 18:40:00,0.05718270571827057,0.055776892430278835,0.8269545793000741,0.7482592394215319,0.6247529805917996,0.9995545657015591,0.5,0.7358136469502101,0.16025539716155085,0.149104115283169,0.16871823261489283,0.3893748991371911,0.0
2021-06-21 18:50:00,0.06694560669456066,0.10756972111553775,0.8230826507818316,0.7457596857703983,0.6247529805917996,0.9995545657015591,0.5,0.7358136469502101,0.16025539716155085,0.149104115283169,0.16871823261489283,0.3893748991371911,0.0
2021-06-21 19:00:00,0.06415620641562064,0.1593625498007969,0.8239761727475801,0.7389751830030351,0.6247529805917996,0.9995545657015591,0.5,0.7388346363829508,0.18582672187628518,0.14782265856425872,0.049011180422995335,0.5591967047063019,0.0
2021-06-21 19:10:00,0.048117154811715475,0.2111553784860556,0.8215934475055842,0.731476522049634,0.6247529805917996,0.9995545657015591,0.5,0.7388346363829508,0.18582672187628518,0.14782265856425872,0.049011180422995335,0.5591967047063019,0.0
2021-06-21 19:20:00,0.055090655509065556,0.20407259849490922,0.8180193596425911,0.7229066238171755,0.6247529805917996,0.9995545657015591,0.5,0.7388346363829508,0.18582672187628518,0.14782265856425872,0.049011180422995335,0.5591967047063019,0.0
2021-06-21 19:30:00,0.14504881450488147,0.19698981850376263,0.8126582278481012,0.7168362792358507,0.6247529805917996,0.9995545657015591,0.5,0.7388346363829508,0.18582672187628518,0.14782265856425872,0.049011180422995335,0.5591967047063019,0.0
2021-06-21 19:40:00,0.07112970711297072,0.18990703851261626,0.8093819806403573,0.7082663810033922,0.6247529805917996,0.9995545657015591,0.5,0.7388346363829508,0.18582672187628518,0.14782265856425872,0.049011180422995335,0.5591967047063019,0.0
2021-06-21 19:50:00,0.12761506276150628,0.18282425852146966,0.8037230081906177,0.6989823245848956,0.6247529805917996,0.9995545657015591,0.5,0.7388346363829508,0.18582672187628518,0.14782265856425872,0.049011180422995335,0.5591967047063019,0.0
2021-06-21 20:00:00,0.09693165969316596,0.17574147853032307,0.7995532390171258,0.6918407427245135,0.6247529805917996,0.9995545657015591,0.5,0.7543874488321916,0.2011827348300483,0.12975595763241585,0.2408115835530016,0.7658249188469364,0.0
2021-06-21 20:10:00,0.15341701534170155,0.16865869853917648,0.7927029039463884,0.6854133190501694,0.6247529805917996,0.9995545657015591,0.5,0.7543874488321916,0.2011827348300483,0.12975595763241585,0.2408115835530016,0.7658249188469364,0.0
2021-06-21 20:20:00,0.3410041841004184,0.1615759185480301,0.7891288160833951,0.6811283699339403,0.5309183232780621,0.9995545657015591,0.5,0.7543874488321916,0.2011827348300483,0.12975595763241585,0.2408115835530016,0.7658249188469364,0.0
2021-06-21 20:30:00,0.300557880055788,0.1544931385568835,0.7837676842889052,0.6986252454918764,0.3420973420057321,0.3655902004454343,0.5,0.7543874488321916,0.2011827348300483,0.12975595763241585,0.2408115835530016,0.7658249188469364,0.06847775246314709
2021-06-21 20:40:00,0.2622036262203626,0.14741035856573692,0.7810871183916601,0.6982681663988572,0.3283427778722959,0.00033407572383073496,0.5,0.7543874488321916,0.2011827348300483,0.12975595763241585,0.2408115835530016,0.7658249188469364,0.10825022255080949
2021-06-21 20:50:00,0.394700139470014,-0.21115537848605592,0.7563663440059567,0.6889841099803606,0.3439164518197642,0.00033407572383073496,0.5,0.7543874488321916,0.2011827348300483,0.12975595763241585,0.2408115835530016,0.7658249188469364,0.24265582328711316
2021-06-21 21:00:00,0.4191073919107392,0.10756972111553775,0.736411020104244,0.6618460989109087,0.33834133828898977,0.00022271714922048998,0.5,0.7888479609421981,0.20877453614438918,0.11145274836007148,0.2911030463916583,0.7709337659212618,0.3005793865141754
2021-06-21 21:10:00,0.33891213389121344,0.06772908366533859,0.728965003723008,0.648634172469202,0.33687558074099283,0.00022271714922048998,0.5,0.7888479609421981,0.20877453614438918,0.11145274836007148,0.2911030463916583,0.7709337659212618,0.17519652368091496
2021-06-21 21:20:00,0.4093444909344491,0.03585657370517925,0.723603871928518,0.6468487770041065,0.3294551831542579,0.00033407572383073496,0.5,0.7888479609421981,0.20877453614438918,0.11145274836007148,0.2911030463916583,0.7709337659212618,0.2679059100442084
2021-06-21 21:30:00,0.397489539748954,0.06772908366533859,0.7197319434102754,0.6468487770041065,0.3322820012825379,0.00022271714922048998,0.5,0.7888479609421981,0.20877453614438918,0.11145274836007148,0.2911030463916583,0.7709337659212618,0.24248230909667007
2021-06-21 21:40:00,0.31450488145048816,-0.3705179282868527,0.7185405807892775,0.6479200142831638,0.3300048422347568,0.00033407572383073496,0.5,0.7888479609421981,0.20877453614438918,0.11145274836007148,0.2911030463916583,0.7709337659212618,0.14944098254296362
2021-06-21 21:50:00,0.301952580195258,0.05179282868525892,0.7164556962025315,0.6507766470273164,0.3263535354857285,0.00033407572383073496,0.5,0.7888479609421981,0.20877453614438918,0.11145274836007148,0.2911030463916583,0.7709337659212618,0.1253451423570771
2021-06-21 22:00:00,0.25662482566248257,-0.21115537848605592,0.7140729709605358,0.6511337261203356,0.3138291607229326,0.00033407572383073496,0.5,0.7219219517694313,0.22511041444568525,0.18041274700062407,0.34901401415664796,0.7547144525869576,0.09847307512410038
2021-06-21 22:10:00,0.298465829846583,0.05976095617529875,0.7099032017870437,0.6597036243527941,0.3089607517242282,0.00022271714922048998,0.5,0.7219219517694313,0.22511041444568525,0.18041274700062407,0.34901401415664796,0.7547144525869576,0.1478718107337387
2021-06-21 22:20:00,0.2112970711297071,-0.31474103585657376,0.7051377513030528,0.655061596143546,0.3264582324534425,0.00033407572383073496,0.5,0.7219219517694313,0.22511041444568525,0.18041274700062407,0.34901401415664796,0.7547144525869576,0.07097484798648099
2021-06-21 22:30:00,0.26638772663877264,0.2350597609561753,0.6991809381980638,0.6582753079807178,0.3264582324534425,0.00033407572383073496,0.5,0.7219219517694313,0.22511041444568525,0.18041274700062407,0.34901401415664796,0.7547144525869576,0.14254567949665797
2021-06-21 22:40:00,0.32984658298465835,-0.15537848605577698,0.6976917349218166,0.6532762006784503,0.32732198243708366,0.00022271714922048998,0.5,0.7219219517694313,0.22511041444568525,0.18041274700062407,0.34901401415664796,0.7547144525869576,0.15870513149357998
2021-06-21 22:50:00,0.1492329149232915,-0.302788844621514,0.6914370811615784,0.6525620424924121,0.3244035544620539,0.22516703786191536,0.5,0.7219219517694313,0.22511041444568525,0.18041274700062407,0.34901401415664796,0.7547144525869576,0.015918040949348945
2021-06-21 23:00:00,0.28870292887029286,-0.45019920318725104,0.6970960536113178,0.6636314943760042,0.3153210925128581,0.10233853006681515,0.5,0.669156296913205,0.23428551724534377,0.2016803632260854,0.39777022075168483,0.7647254897947933,0.09502542360094754
2021-06-21 23:10:00,0.24546722454672246,0.1633466135458166,0.6953090096798211,0.6714872344224245,0.3456832131499391,0.00011135857461024499,0.5,0.669156296913205,0.23428551724534377,0.2016803632260854,0.39777022075168483,0.7647254897947933,0.07744768169953377
2021-06-21 23:20:00,0.11506276150627615,-0.1633466135458168,0.6887565152643333,0.6632744152829853,0.33479472850767555,0.3097995545657016,0.5,0.669156296913205,0.23428551724534377,0.2016803632260854,0.39777022075168483,0.7647254897947933,0.018037931710849917
2021-06-21 23:30:00,0.29497907949790797,-0.33067729083665354,0.692628443782576,0.6625602570969469,0.3240763764379474,0.3898663697104677,0.5,0.669156296913205,0.23428551724534377,0.2016803632260854,0.39777022075168483,0.7647254897947933,0.08383753036498333
2021-06-21 23:40:00,0.2301255230125523,0.20318725099601576,0.6917349218168278,0.6654168898410999,0.3024695397259557,0.00033407572383073496,0.5,0.669156296913205,0.23428551724534377,0.2016803632260854,0.39777022075168483,0.7647254897947933,0.050190865609487455
2021-06-21 23:50:00,0.3193863319386332,-0.5298804780876495,0.691139240506329,0.6679164434922336,0.2225595791181898,0.394988864142539,0.5,0.669156296913205,0.23428551724534377,0.2016803632260854,0.39777022075168483,0.7647254897947933,0.06472079303529128
2021-06-22 00:00:00,0.2597629009762901,-0.4568393094289509,0.6906924199553237,0.6589894661667561,0.20608289382418762,0.6971046993318486,0.5,0.6458514927008432,0.23928829017807315,0.2172006365561748,0.38215312419174985,0.8015619174229022,0.03236039651764564
2021-06-22 00:10:00,0.20013947001394702,-0.3837981407702524,0.6902457185405806,0.6500624888412785,0.18960620853018542,0.9992204899777284,0.5,0.6458514927008432,0.23928829017807315,0.2172006365561748,0.38215312419174985,0.8015619174229022,0.0
2021-06-22 00:20:00,0.09553695955369597,-0.31075697211155395,0.6994787788533132,0.6664881271201573,0.33429741791103373,0.9951002227171493,0.5,0.6458514927008432,0.23928829017807315,0.2172006365561748,0.38215312419174985,0.8015619174229022,0.0
2021-06-22 00:30:00,0.16875871687587168,-0.23771580345285526,0.7048399106478034,0.6725584717014819,0.3440342359084425,0.9995545657015591,0.5,0.6458514927008432,0.23928829017807315,0.2172006365561748,0.38215312419174985,0.8015619174229022,0.0
2021-06-22 00:40:00,0.23221757322175732,-0.16467463479415678,0.7075204765450482,0.6672022853061954,0.2407899386214027,0.7170378619153676,0.5,0.6458514927008432,0.23928829017807315,0.2172006365561748,0.38215312419174985,0.8015619174229022,0.015578556663699322
2021-06-22 00:50:00,0.14295676429567641,-0.0916334661354582,0.7027550260610573,0.6850562399571505,0.18739448508722564,0.02182628062360802,0.5,0.6458514927008432,0.23928829017807315,0.2172006365561748,0.38215312419174985,0.8015619174229022,0.003960649999245591
2021-06-22 01:00:00,0.15550906555090654,-0.6972111553784861,0.6705882352941175,0.6525620424924121,0.159374959102747,0.5355233853006682,0.5,0.600316720937702,0.2444979555008943,0.22658805205516874,0.3094885296238277,0.9050576655998589,0.0
2021-06-22 01:10:00,0.22733612273361226,-0.31474103585657376,0.6774385703648547,0.642206748794858,0.13636780044757957,0.19677060133630292,0.5,0.600316720937702,0.2444979555008943,0.22658805205516874,0.3094885296238277,0.9050576655998589,0.048108695324169774
2021-06-22 01:20:00,0.2601115760111576,0.3784860557768923,0.6628443782576319,0.6397071951437245,0.13191817931973146,0.00022271714922048998,0.5,0.600316720937702,0.2444979555008943,0.22658805205516874,0.3094885296238277,0.9050576655998589,0.10245635740905594
2021-06-22 01:30:00,0.29288702928870297,0.13147410358565725,0.6419955323901709,0.6018568112836993,0.14961196686340972,0.00044543429844097997,0.5,0.600316720937702,0.2444979555008943,0.22658805205516874,0.3094885296238277,0.9050576655998589,0.12805347254703744
2021-06-22 01:40:00,0.31450488145048816,0.1872509960159361,0.627699180938198,0.5765041956793431,0.16027797044928088,0.00022271714922048998,0.5,0.600316720937702,0.2444979555008943,0.22658805205516874,0.3094885296238277,0.9050576655998589,0.14186671092535874
2021-06-22 01:50:00,0.37099023709902373,-0.24302788844621515,0.6169769173492181,0.5672201392608462,0.15589378492625408,0.00033407572383073496,0.5,0.600316720937702,0.2444979555008943,0.22658805205516874,0.3094885296238277,0.9050576655998589,0.2074173544366824
2021-06-22 02:00:00,0.2482566248256625,-0.26693227091633476,0.6101265822784807,0.5568648455632923,0.1490492206619466,0.00044543429844097997,0.5,0.5798863193298163,0.24906108210467084,0.2526496225948275,0.3593035959786767,0.0627905268239145,0.09290553283944657
2021-06-22 02:10:00,0.15829846582984658,0.7051792828685257,0.6125093075204764,0.5643635065166934,0.17545903076782138,0.059576837416481065,0.5,0.5798863193298163,0.24906108210467084,0.2526496225948275,0.3593035959786767,0.0627905268239145,0.0
2021-06-22 02:20:00,0.20432357043235705,-0.5219123505976095,0.6113179448994788,0.5554365291912158,0.18887332975618695,0.0021158129175946547,0.5,0.5798863193298163,0.24906108210467084,0.2526496225948275,0.3593035959786767,0.0627905268239145,0.06097892179790878
2021-06-22 02:30:00,0.2112970711297071,0.4581673306772909,0.6008935219657481,0.5540082128191393,0.18329821622541256,0.00033407572383073496,0.5,0.5798863193298163,0.24906108210467084,0.2526496225948275,0.3593035959786767,0.0627905268239145,0.07345685531934155
2021-06-22 02:40:00,0.24058577405857742,-0.40239043824701204,0.5928518242740133,0.5482949473308338,0.19201423878760912,0.00033407572383073496,0.5,0.5798863193298163,0.24906108210467084,0.2526496225948275,0.3593035959786767,0.0627905268239145,0.07911492674683526
2021-06-22 02:50:00,0.27266387726638774,-0.31474103585657376,0.5871928518242739,0.5382967327262989,0.1702110952611535,0.00022271714922048998,0.5,0.5798863193298163,0.24906108210467084,0.2526496225948275,0.3593035959786767,0.0627905268239145,0.10674140350347784
2021-06-22 03:00:00,0.22454672245467225,-0.4900398406374503,0.5782576321667907,0.5286555972147831,0.14556804648545368,0.00033407572383073496,0.5,0.5701800699947934,0.24661860249937556,0.26925479075225756,0.4746402027037873,0.13955992006916013,0.07676871312823454
2021-06-22 03:10:00,0.2698744769874477,-0.3784860557768924,0.568428890543559,0.5225852526334585,0.12526992186988783,0.00044543429844097997,0.5,0.5701800699947934,0.24661860249937556,0.26925479075225756,0.4746402027037873,0.13955992006916013,0.09787709160040438
2021-06-22 03:20:00,0.2831241283124128,-0.10756972111553798,0.5627699180938197,0.5108016425638278,0.11305963801023415,0.00033407572383073496,0.5,0.5701800699947934,0.24661860249937556,0.26925479075225756,0.4746402027037873,0.13955992006916013,0.11811035502512184
2021-06-22 03:30:00,0.2608089260808926,-0.4422310756972112,0.5618763961280713,0.49794679521513996,0.10409496014971667,0.00022271714922048998,0.5,0.5701800699947934,0.24661860249937556,0.26925479075225756,0.4746402027037873,0.13955992006916013,0.09654178674351585
2021-06-22 03:40:00,0.25313807531380755,0.20318725099601576,0.5586001489203274,0.49366184609891084,0.10701338812474645,0.00022271714922048998,0.5,0.5701800699947934,0.24661860249937556,0.26925479075225756,0.4746402027037873,0.13955992006916013,0.0955761425532236
2021-06-22 03:50:00,0.2705718270571827,0.4661354581673305,0.5559195830230825,0.4865202642385287,0.11315124785698395,0.00022271714922048998,0.5,0.5701800699947934,0.24661860249937556,0.26925479075225756,0.4746402027037873,0.13955992006916013,0.10618314045596512
2021-06-22 04:00:00,0.35146443514644354,0.2828685258964143,0.5556217423678329,0.47795036600607044,0.11589954325947835,0.00033407572383073496,0.5,0.5177482795642616,0.23736591505343418,0.2664515645502277,0.5063574463442069,0.181179478893447,0.1829744858699096
2021-06-22 04:10:00,0.40097629009762903,0.09163346613545809,0.5559195830230825,0.48080699875022326,0.1269843347162058,0.00022271714922048998,0.5,0.5177482795642616,0.23736591505343418,0.2664515645502277,0.5063574463442069,0.181179478893447,0.2523575297614557
2021-06-22 04:20:00,0.3926080892608089,0.14741035856573692,0.5571109456440804,0.47795036600607044,0.13166952402141055,0.00033407572383073496,0.5,0.5177482795642616,0.23736591505343418,0.2664515645502277,0.5063574463442069,0.181179478893447,0.2340102901459028
2021-06-22 04:30:00,0.3542538354253836,-0.2749003984063746,0.5591958302308264,0.4818782360292806,0.13237622855348052,0.00022271714922048998,0.5,0.5177482795642616,0.23736591505343418,0.2664515645502277,0.5063574463442069,0.181179478893447,0.18018317063234607
2021-06-22 04:40:00,0.33054393305439334,0.05976095617529875,0.5565152643335813,0.48044991965720407,0.126945073353313,0.00033407572383073496,0.5,0.5177482795642616,0.23736591505343418,0.2664515645502277,0.5063574463442069,0.181179478893447,0.15266231120901672
2021-06-22 04:50:00,0.3368200836820084,0.09960159362549792,0.5559195830230825,0.4754508123549366,0.126945073353313,0.00033407572383073496,0.5,0.5177482795642616,0.23736591505343418,0.2664515645502277,0.5063574463442069,0.181179478893447,0.16882930730117537
2021-06-22 05:00:00,0.3521617852161785,-0.09960159362549814,0.552941176470588,0.4790216032851278,0.126945073353313,0.00022271714922048998,0.5,0.5226502498313168,0.23993195539170123,0.26246503576094876,0.4984040642753716,0.21796712555460496,0.18025861158471265
2021-06-22 05:10:00,0.2873082287308229,0.09163346613545809,0.5511541325390914,0.47616497054097473,0.126945073353313,0.00033407572383073496,0.5,0.5226502498313168,0.23993195539170123,0.26246503576094876,0.4984040642753716,0.21796712555460496,0.11497955550190865
2021-06-22 05:20:00,0.11297071129707113,0.09163346613545809,0.5404318689501115,0.4850919478664524,0.10134666474722227,0.00011135857461024499,0.5,0.5226502498313168,0.23993195539170123,0.26246503576094876,0.4984040642753716,0.21796712555460496,0.0036211657135959683
2021-06-22 05:30:00,0.10669456066945607,0.97609561752988,0.5350707371556216,0.49151937154079617,0.13982280038214392,0.2267260579064588,0.5,0.5226502498313168,0.23993195539170123,0.26246503576094876,0.4984040642753716,0.21796712555460496,0.0
2021-06-22 05:40:00,0.09414225941422595,0.7191235059760954,0.5386448250186149,0.4768791287270131,0.15200690999986913,0.9993318485523385,0.5,0.5226502498313168,0.23993195539170123,0.26246503576094876,0.4984040642753716,0.21796712555460496,0.0
2021-06-22 05:50:00,0.11715481171548117,0.4621513944223108,0.5472822040208485,0.4929476879128727,0.15200690999986913,0.9993318485523385,0.5,0.5226502498313168,0.23993195539170123,0.26246503576094876,0.4984040642753716,0.21796712555460496,0.0
2021-06-22 06:00:00,0.33751743375174337,0.20517928286852594,0.550856291883842,0.4961613997500447,0.17604795121121306,0.9494432071269489,0.5,0.4959010053621762,0.2429721241239399,0.3173188653636008,0.5194202426314324,0.20036659355707975,0.0
2021-06-22 06:10:00,0.3486750348675035,-0.05179282868525903,0.5538346984363365,0.5050883770755221,0.20461713627619063,0.00957683741648107,0.5,0.4959010053621762,0.2429721241239399,0.3173188653636008,0.5194202426314324,0.20036659355707975,0.1753700378713581
2021-06-22 06:20:00,0.3354253835425383,-0.1633466135458168,0.5240506329113923,0.4868773433315481,0.1977463977699546,0.00022271714922048998,0.5,0.4959010053621762,0.2429721241239399,0.3173188653636008,0.5194202426314324,0.20036659355707975,0.17088130120554643
2021-06-22 06:30:00,0.4714086471408647,-0.003984063745020028,0.5002233804914369,0.44402785216925555,0.19783800761670442,0.00022271714922048998,0.5,0.4959010053621762,0.2429721241239399,0.3173188653636008,0.5194202426314324,0.20036659355707975,0.4127600826832838
2021-06-22 06:40:00,0.49860529986053004,-0.2270916334661356,0.49128816083395366,0.4229601856811285,0.19121592440878932,0.00033407572383073496,0.5,0.4959010053621762,0.2429721241239399,0.3173188653636008,0.5194202426314324,0.20036659355707975,0.4383949182974486
2021-06-22 06:50:00,0.47629009762900976,-0.24302788844621515,0.48741623231571096,0.42010355293697543,0.1805760950648467,0.00022271714922048998,0.5,0.4959010053621762,0.2429721241239399,0.3173188653636008,0.5194202426314324,0.20036659355707975,0.433528976869804
2021-06-22 07:00:00,0.36401673640167365,-0.2509960159362551,0.4847356664184659,0.4222460274950901,0.17042048919658165,0.00022271714922048998,0.5,0.5099148395566304,0.24245201964328356,0.29606748134595945,0.5250753601891521,0.23438113927994436,0.25157294385684326
2021-06-22 07:10:00,0.48535564853556484,-0.38645418326693237,0.4877140729709606,0.4254597393322621,0.16862755362447818,0.00022271714922048998,0.5,0.5099148395566304,0.24245201964328356,0.29606748134595945,0.5250753601891521,0.23438113927994436,0.4340721517268434
2021-06-22 07:20:00,0.47419804741980476,-0.3227091633466136,0.4930752047654503,0.42831637207641493,0.15923100077214014,0.00022271714922048998,0.5,0.5099148395566304,0.24245201964328356,0.29606748134595945,0.5250753601891521,0.23438113927994436,0.3772726586900433
2021-06-22 07:30:00,0.398186889818689,-0.33864541832669326,0.4933730454206997,0.43438671665773976,0.1474133305414142,0.00022271714922048998,0.5,0.5099148395566304,0.24245201964328356,0.29606748134595945,0.5250753601891521,0.23438113927994436,0.25225945652337917
2021-06-22 07:40:00,0.36959553695955366,-0.2828685258964144,0.49218168279970187,0.4386716657739689,0.13041316040884166,0.00033407572383073496,0.5,0.5099148395566304,0.24245201964328356,0.29606748134595945,0.5250753601891521,0.23438113927994436,0.20791526472230187
2021-06-22 07:50:00,0.3277545327754533,-0.11553784860557781,0.4883097542814592,0.43295840028566324,0.12553166428917303,0.00022271714922048998,0.5,0.5099148395566304,0.24245201964328356,0.29606748134595945,0.5250753601891521,0.23438113927994436,0.17138675558640254
2021-06-22 08:00:00,0.4246861924686192,-0.11553784860557781,0.4930752047654503,0.42688805570433863,0.12553166428917303,0.00022271714922048998,0.5,0.5146051511178453,0.2527391690397046,0.294498283380616,0.515848851144764,0.2456689217094493,0.30011165260950257
2021-06-22 08:10:00,0.4260808926080893,0.019920318725099362,0.4933730454206997,0.4254597393322621,0.12553166428917303,0.00033407572383073496,0.5,0.5146051511178453,0.2527391690397046,0.294498283380616,0.515848851144764,0.2456689217094493,0.322419542224301
2021-06-22 08:20:00,0.4065550906555091,0.09960159362549792,0.496947133283693,0.4254597393322621,0.12553166428917303,0.00033407572383073496,0.5,0.5146051511178453,0.2527391690397046,0.294498283380616,0.515848851144764,0.2456689217094493,0.27663442823302203
2021-06-22 08:30:00,0.3507670850767085,-0.01195219123505975,0.5014147431124347,0.43402963756472057,0.1317480467471961,0.00033407572383073496,0.5,0.5146051511178453,0.2527391690397046,0.294498283380616,0.515848851144764,0.2456689217094493,0.19301567662990177
2021-06-22 08:40:00,0.3598326359832636,-0.05179282868525903,0.5026061057334326,0.44081414033208355,0.12333302796717752,0.00022271714922048998,0.5,0.5146051511178453,0.2527391690397046,0.294498283380616,0.515848851144764,0.2456689217094493,0.20198560586628847
2021-06-22 08:50:00,0.36052998605299863,0.043824701195219085,0.5055845122859268,0.4479557221924655,0.13754564133436287,0.00022271714922048998,0.5,0.5146051511178453,0.2527391690397046,0.294498283380616,0.515848851144764,0.2456689217094493,0.2031473965327338
2021-06-22 09:00:00,0.36052998605299863,-0.043824701195219196,0.5070737155621738,0.44259953579717903,0.14035937234167856,0.00022271714922048998,0.5,0.5138885599903673,0.2521012508369095,0.33131698876819987,0.6260862236044346,0.26420557966926783,0.20581046215127421
2021-06-22 09:10:00,0.40585774058577406,-0.1872509960159363,0.5118391660461652,0.4458132476343508,0.13542552773815292,0.00022271714922048998,0.5,0.5138885599903673,0.2521012508369095,0.33131698876819987,0.6260862236044346,0.26420557966926783,0.2574271617604901
2021-06-22 09:20:00,0.42747559274755925,-0.21115537848605592,0.5198808637379002,0.4447420103552937,0.1332399785371216,0.00022271714922048998,0.5,0.5138885599903673,0.2521012508369095,0.33131698876819987,0.6260862236044346,0.26420557966926783,0.3071427493700681
2021-06-22 09:30:00,0.4337517433751743,0.13147410358565725,0.5317944899478777,0.45688269951794314,0.1358050542461164,0.00022271714922048998,0.5,0.5138885599903673,0.2521012508369095,0.33131698876819987,0.6260862236044346,0.26420557966926783,0.3193717277486911
2021-06-22 09:40:00,0.4923291492329149,0.25099601593625476,0.5422189128816082,0.4740224959828603,0.14390598212299277,0.00033407572383073496,0.5,0.5138885599903673,0.2521012508369095,0.33131698876819987,0.6260862236044346,0.26420557966926783,0.414125563921119
2021-06-22 09:50:00,0.5334728033472803,-0.21115537848605592,0.5496649292628444,0.48723442242456705,0.1466150161625944,0.000556792873051225,0.5,0.5138885599903673,0.2521012508369095,0.33131698876819987,0.6260862236044346,0.26420557966926783,0.5008524827617424
2021-06-22 10:00:00,0.5488145048814504,0.01195219123505975,0.5544303797468353,0.4993751115872165,0.1473478949365929,0.00033407572383073496,0.5,0.6272939337734385,0.24942314378733665,0.2789414875829317,0.6471362959601498,0.2889519553549472,0.5359249815169667
2021-06-22 10:10:00,0.5125523012552301,0.07569721115537842,0.5594936708860758,0.5090162470987323,0.1587075159335698,0.00033407572383073496,0.5,0.6272939337734385,0.24942314378733665,0.2789414875829317,0.6471362959601498,0.2889519553549472,0.44884349020022035
2021-06-22 10:20:00,0.4700139470013947,0.17131474103585642,0.5657483246463142,0.5200856989823246,0.1530407925560456,0.00033407572383073496,0.5,0.6272939337734385,0.24942314378733665,0.2789414875829317,0.6471362959601498,0.2889519553549472,0.37936237307059767
2021-06-22 10:30:00,0.45536959553695955,-0.17131474103585675,0.5708116157855547,0.5300839135868596,0.1686144665035139,0.00022271714922048998,0.5,0.6272939337734385,0.24942314378733665,0.2789414875829317,0.6471362959601498,0.2889519553549472,0.33611961917407246
2021-06-22 10:40:00,0.45746164574616455,-0.07569721115537853,0.5749813849590466,0.5365113372612034,0.1542186334428289,0.00033407572383073496,0.5,0.6272939337734385,0.24942314378733665,0.2789414875829317,0.6471362959601498,0.2889519553549472,0.3638215368830816
2021-06-22 10:50:00,0.47489539748953974,0.05179282868525892,0.5803425167535365,0.5432958400285663,0.16878459907604926,0.00022271714922048998,0.5,0.6272939337734385,0.24942314378733665,0.2789414875829317,0.6471362959601498,0.2889519553549472,0.38628030840261324
2021-06-22 11:00:00,0.4776847977684798,0.043824701195219085,0.5851079672375277,0.5497232637029101,0.15612935310361076,0.00033407572383073496,0.5,0.6312839305148417,0.24196639722764182,0.26392694897773233,0.611850544851704,0.3056642734517136,0.3894412843067731
2021-06-22 11:10:00,0.44979079497907953,-0.019920318725099695,0.5877885331347725,0.5568648455632923,0.16217560298909844,0.00022271714922048998,0.5,0.6312839305148417,0.24196639722764182,0.26392694897773233,0.611850544851704,0.3056642734517136,0.3482957888860389
2021-06-22 11:20:00,0.49372384937238495,0.01195219123505975,0.596128071481757,0.5650776647027316,0.17108793236575887,0.00033407572383073496,0.5,0.6312839305148417,0.24196639722764182,0.26392694897773233,0.611850544851704,0.3056642734517136,0.42396306410972134
2021-06-22 11:30:00,0.5041841004184101,-0.03585657370517936,0.5997021593447505,0.5693626138189607,0.1824999018465928,0.00022271714922048998,0.5,0.6312839305148417,0.24196639722764182,0.26392694897773233,0.611850544851704,0.3056642734517136,0.4365692472501773
2021-06-22 11:40:00,0.48326359832635984,-0.08366533864541836,0.6089352196574831,0.5775754329584004,0.18355995864469776,0.000556792873051225,0.5,0.6312839305148417,0.24196639722764182,0.26392694897773233,0.611850544851704,0.3056642734517136,0.39279086259184937
2021-06-22 11:50:00,0.45746164574616455,0.019920318725099362,0.6172747580044673,0.5879307266559544,0.18829749643375954,0.00033407572383073496,0.5,0.6312839305148417,0.24196639722764182,0.26392694897773233,0.611850544851704,0.3056642734517136,0.3605247672646619
2021-06-22 12:00:00,0.5153417015341701,0.043824701195219085,0.6303797468354431,0.5990001785395467,0.1887293714255801,0.0013363028953229399,0.5,0.6325948736968532,0.23314760909981613,0.2490808195286649,0.5248271899329461,0.31595370828840214,0.4805664106703683
2021-06-22 12:10:00,0.5118549511854951,-0.14741035856573714,0.635145197319434,0.6025709694697374,0.1857193336038005,0.00044543429844097997,0.5,0.6325948736968532,0.23314760909981613,0.2490808195286649,0.5248271899329461,0.31595370828840214,0.4799176184800157
2021-06-22 12:20:00,0.4860529986052998,0.1872509960159361,0.6408041697691733,0.6147116586323871,0.17786706102524505,0.00044543429844097997,0.5,0.6325948736968532,0.23314760909981613,0.2490808195286649,0.5248271899329461,0.31595370828840214,0.4104742218265764
2021-06-22 12:30:00,0.45327754532775455,0.12350597609561742,0.6464631422189129,0.6218532404927692,0.1987410189632383,0.000556792873051225,0.5,0.6325948736968532,0.23314760909981613,0.2490808195286649,0.5248271899329461,0.31595370828840214,0.36965312250101845
2021-06-22 12:40:00,0.49442119944211993,-0.1633466135458168,0.6491437081161577,0.6279235850740938,0.18848071612725917,0.00033407572383073496,0.5,0.6325948736968532,0.23314760909981613,0.2490808195286649,0.5248271899329461,0.31595370828840214,0.4343663714410731
2021-06-22 12:50:00,0.40376569037656906,-0.11553784860557781,0.6565897244973937,0.634708087841457,0.18081166324220335,0.00022271714922048998,0.5,0.6325948736968532,0.23314760909981613,0.2490808195286649,0.5248271899329461,0.31595370828840214,0.27520105013805696
2021-06-22 13:00:00,0.405160390516039,0.2589641434262948,0.6637379002233803,0.6504195679342974,0.1753019853162503,0.00022271714922048998,0.5,0.7221499534891167,0.22827127040547918,0.22723860850920233,0.41043028508142576,0.3291955320118786,0.2824433815652489
2021-06-22 13:10:00,0.3758716875871687,-0.1633466135458168,0.669694713328369,0.6586323870737367,0.17636204211435527,0.00033407572383073496,0.5,0.7221499534891167,0.22827127040547918,0.22723860850920233,0.41043028508142576,0.3291955320118786,0.2194426422439157
2021-06-22 13:20:00,0.38354253835425384,0.17131474103585642,0.6792256142963511,0.670058918050348,0.18162306474198742,0.00044543429844097997,0.5,0.7221499534891167,0.22827127040547918,0.22723860850920233,0.41043028508142576,0.3291955320118786,0.2339574814792462
2021-06-22 13:30:00,0.405160390516039,-0.10756972111553798,0.6804169769173491,0.6739867880735582,0.2404889348392247,0.00022271714922048998,0.5,0.7221499534891167,0.22827127040547918,0.22723860850920233,0.41043028508142576,0.3291955320118786,0.27630248804260904
2021-06-22 13:40:00,0.35146443514644354,0.019920318725099362,0.6774385703648547,0.6679164434922336,0.22580518511732606,0.00022271714922048998,0.5,0.7221499534891167,0.22827127040547918,0.22723860850920233,0.41043028508142576,0.3291955320118786,0.22418787814777374
2021-06-22 13:50:00,0.29567642956764295,0.12350597609561742,0.6729709605361132,0.6625602570969469,0.21274423839499548,0.00033407572383073496,0.5,0.7221499534891167,0.22827127040547918,0.22723860850920233,0.41043028508142576,0.3291955320118786,0.14799251625752524
2021-06-22 14:00:00,0.35564853556485354,0.05976095617529875,0.6753536857781086,0.6639885734690234,0.22625014723011083,0.00022271714922048998,0.5,0.7164255293885744,0.21072277281778912,0.2217178824526917,0.31010581810299825,0.3320100786548327,0.1899603180590552
2021-06-22 14:10:00,0.27615062761506276,-0.21912350597609564,0.6720774385703647,0.6589894661667561,0.1995655075839866,0.00033407572383073496,0.5,0.7164255293885744,0.21072277281778912,0.2217178824526917,0.31010581810299825,0.3320100786548327,0.11522096654948172
2021-06-22 14:20:00,0.3068340306834031,0.394422310756972,0.6741623231571108,0.6639885734690234,0.20663255290468652,0.00033407572383073496,0.5,0.7164255293885744,0.21072277281778912,0.2217178824526917,0.31010581810299825,0.3320100786548327,0.1659323747302986
2021-06-22 14:30:00,0.29707112970711297,0.21912350597609564,0.6774385703648547,0.6614890198178898,0.2195757155383387,0.00033407572383073496,0.5,0.7164255293885744,0.21072277281778912,0.2217178824526917,0.31010581810299825,0.3320100786548327,0.1492674683525205
2021-06-22 14:40:00,0.38354253835425384,0.03585657370517925,0.6726731198808635,0.6586323870737367,0.2263941055607177,0.00033407572383073496,0.5,0.7164255293885744,0.21072277281778912,0.2217178824526917,0.31010581810299825,0.3320100786548327,0.2659972539493338
2021-06-22 14:50:00,0.4421199442119944,0.06772908366533859,0.6670141474311242,0.6504195679342974,0.21712842391802226,0.00022271714922048998,0.5,0.7164255293885744,0.21072277281778912,0.2217178824526917,0.31010581810299825,0.3320100786548327,0.3222460280338579
2021-06-22 15:00:00,0.4198047419804742,-0.11553784860557781,0.6634400595681309,0.6443492233529726,0.20617450367093745,0.0006681514476614699,0.5,0.7178260923220185,0.1955449171999403,0.21505544884147057,0.2234159877351218,0.31976728108734065,0.30052657784751874
2021-06-22 15:10:00,0.4170153417015342,-0.1633466135458168,0.6631422189128813,0.6404213533297625,0.20784965515436257,0.00033407572383073496,0.5,0.7178260923220185,0.1955449171999403,0.21505544884147057,0.2234159877351218,0.31976728108734065,0.3035140395612354
2021-06-22 15:20:00,0.3486750348675035,0.3067729083665336,0.6622486969471331,0.6436350651669345,0.2159113216683462,0.00033407572383073496,0.5,0.7178260923220185,0.1955449171999403,0.21505544884147057,0.2234159877351218,0.31976728108734065,0.19521100834376934
2021-06-22 15:30:00,0.3668061366806137,-0.01195219123505975,0.6631422189128813,0.6475629351901446,0.20996976875057255,0.00022271714922048998,0.5,0.7178260923220185,0.1955449171999403,0.21505544884147057,0.2234159877351218,0.31976728108734065,0.21424476062585815
2021-06-22 15:40:00,0.39539748953974896,-0.08366533864541836,0.6598659717051376,0.6500624888412785,0.22625014723011083,0.00022271714922048998,0.5,0.7178260923220185,0.1955449171999403,0.21505544884147057,0.2234159877351218,0.31976728108734065,0.24445886204867454
2021-06-22 15:50:00,0.402370990237099,-0.1394422310756973,0.6571854058078928,0.6464916979110873,0.21461569669288455,0.00022271714922048998,0.5,0.7178260923220185,0.1955449171999403,0.21505544884147057,0.2234159877351218,0.31976728108734065,0.25040360909516124
2021-06-22 16:00:00,0.3361227336122734,0.29083665338645415,0.6548026805658969,0.6400642742367435,0.2425436128306134,0.00022271714922048998,0.5,0.7279232065126575,0.19637536026574054,0.18768553698869975,0.07907612548329818,0.3440613560751302,0.18511700891712057
2021-06-22 16:10:00,0.3326359832635983,0.1872509960159361,0.6503350707371554,0.6375647205856096,0.2520448626506655,0.00022271714922048998,0.5,0.7279232065126575,0.19637536026574054,0.18768553698869975,0.07907612548329818,0.3440613560751302,0.17589812453792417
2021-06-22 16:20:00,0.31729428172942814,-0.0916334661354582,0.6485480268056589,0.6361364042135333,0.2609964533902187,0.00022271714922048998,0.5,0.7279232065126575,0.19637536026574054,0.18768553698869975,0.07907612548329818,0.3440613560751302,0.16595500701600857
2021-06-22 16:30:00,0.2503486750348675,0.10756972111553775,0.6485480268056589,0.634708087841457,0.26116658596275405,0.00022271714922048998,0.5,0.7279232065126575,0.19637536026574054,0.18768553698869975,0.07907612548329818,0.3440613560751302,0.10975149750290447
2021-06-22 16:40:00,0.32217573221757323,0.15537848605577675,0.645271779597915,0.6307802178182469,0.2696077789847011,0.00022271714922048998,0.5,0.7279232065126575,0.19637536026574054,0.18768553698869975,0.07907612548329818,0.3440613560751302,0.15319039787558278
2021-06-22 16:50:00,0.37447698744769875,0.11553784860557759,0.63723008190618,0.6200678450276735,0.2806271348366073,0.00022271714922048998,0.5,0.7279232065126575,0.19637536026574054,0.18768553698869975,0.07907612548329818,0.3440613560751302,0.22302608748132838
2021-06-22 17:00:00,0.31450488145048816,0.17131474103585642,0.629784065524944,0.6111408677021961,0.27501275994294017,0.00033407572383073496,0.5,0.7238192089114117,0.1943322979135463,0.18879389242890515,0.1115693599955091,0.7585911589919795,0.15415604206587505
2021-06-22 17:10:00,0.48465829846582986,0.25099601593625476,0.6232315711094563,0.6036422067487948,0.2958474565180406,0.00033407572383073496,0.5,0.7238192089114117,0.1943322979135463,0.18879389242890515,0.1115693599955091,0.7585911589919795,0.42669402658539163
2021-06-22 17:20:00,0.47489539748953974,-0.043824701195219196,0.6122114668652268,0.5947152294233171,0.30610775935401974,0.00022271714922048998,0.5,0.7238192089114117,0.1943322979135463,0.18879389242890515,0.1115693599955091,0.7585911589919795,0.37809496507083906
2021-06-22 17:30:00,0.46722454672245467,-0.15537848605577698,0.6053611317944898,0.590073201214069,0.31193152818311504,0.0022271714922049,0.5,0.7238192089114117,0.1943322979135463,0.18879389242890515,0.1115693599955091,0.7585911589919795,0.36952487288199526
2021-06-22 17:40:00,0.5223152022315203,-0.13147410358565736,0.5997021593447505,0.5882878057489733,0.3088953161194069,0.005790645879732739,0.5,0.7238192089114117,0.1943322979135463,0.18879389242890515,0.1115693599955091,0.7585911589919795,0.47639452600449633
2021-06-22 17:50:00,0.6582984658298465,0.10756972111553775,0.5883842144452716,0.5750758793072666,0.3257122665584798,0.00311804008908686,0.5,0.7238192089114117,0.1943322979135463,0.18879389242890515,0.1115693599955091,0.7585911589919795,0.7872716025167101
2021-06-22 18:00:00,0.6122733612273361,0.06772908366533859,0.5746835443037972,0.5647205856097126,0.3179123424637814,0.00022271714922048998,0.5,0.6309582375960694,0.2351360748490678,0.28309617190009534,0.4449762176020541,0.7384107634516678,0.7182280429108137
2021-06-22 18:10:00,0.5955369595536959,-0.059760956175298974,0.5633655994043185,0.5579360828423494,0.3219431757207732,0.00033407572383073496,0.5,0.6309582375960694,0.2351360748490678,0.28309617190009534,0.4449762176020541,0.7384107634516678,0.695505228057999
2021-06-22 18:20:00,0.4504881450488145,0.003984063745019917,0.5517498138495904,0.5457953936797,0.3219431757207732,0.00022271714922048998,0.5,0.6309582375960694,0.2351360748490678,0.28309617190009534,0.4449762176020541,0.7384107634516678,0.36020791526472234
2021-06-22 18:30:00,0.4177126917712692,-0.03585657370517936,0.5451973194341024,0.5568648455632923,0.301474918532672,0.00044543429844097997,0.5,0.6309582375960694,0.2351360748490678,0.28309617190009534,0.4449762176020541,0.7384107634516678,0.2690073479487605
2021-06-22 18:40:00,0.3284518828451883,-0.3784860557768924,0.5386448250186149,0.5582931619353688,0.27672717278925807,0.0006681514476614699,0.5,0.6309582375960694,0.2351360748490678,0.28309617190009534,0.4449762176020541,0.7384107634516678,0.18239359053668694
2021-06-22 18:50:00,0.1799163179916318,0.2350597609561753,0.535368577810871,0.5632922692376363,0.2684691994608106,0.00033407572383073496,0.5,0.6309582375960694,0.2351360748490678,0.28309617190009534,0.4449762176020541,0.7384107634516678,0.04970049941910466
2021-06-22 19:00:00,0.2580195258019526,-0.05179282868525903,0.5320923306031271,0.562221031958579,0.2767795212731151,0.00044543429844097997,0.5,0.6216020956413182,0.2500897970443134,0.2978137118278392,0.7088036844454514,0.751195431499501,0.10160387464731356
2021-06-22 19:10:00,0.41143654114365413,0.24302788844621515,0.5264333581533878,0.542224602749509,0.2824985931344964,0.00033407572383073496,0.5,0.6216020956413182,0.2500897970443134,0.2978137118278392,0.7088036844454514,0.751195431499501,0.28638139927878453
2021-06-22 19:20:00,0.5313807531380753,0.21912350597609564,0.5151154132539089,0.5186573826102483,0.28045700226407194,0.0008908685968819599,0.5,0.6216020956413182,0.2500897970443134,0.2978137118278392,0.7088036844454514,0.751195431499501,0.518784797139279
2021-06-22 19:30:00,0.5857740585774059,0.3784860557768923,0.5014147431124347,0.49366184609891084,0.3036866419756318,0.0034521158129175947,0.5,0.6216020956413182,0.2500897970443134,0.2978137118278392,0.7088036844454514,0.751195431499501,0.6652307738732893
2021-06-22 19:40:00,0.4700139470013947,0.2749003984063745,0.48711839166046156,0.4815211569362612,0.3264189710905498,0.002561247216035635,0.5,0.6216020956413182,0.2500897970443134,0.2978137118278392,0.7088036844454514,0.751195431499501,0.3890640795449402
2021-06-22 19:50:00,0.3591352859135286,-0.06772908366533881,0.4802680565897244,0.4815211569362612,0.3437986677310858,0.00022271714922048998,0.5,0.6216020956413182,0.2500897970443134,0.2978137118278392,0.7088036844454514,0.751195431499501,0.20495797938953184
2021-06-22 20:00:00,0.4679218967921897,0.13147410358565725,0.4734177215189872,0.47759328691305103,0.31783381973799585,0.0006681514476614699,0.5,0.5811077428196634,0.2815489343605157,0.34496599289054664,0.790002759195784,0.7571878923053597,0.384718680688625
2021-06-22 20:10:00,0.49860529986053004,0.19521912350597592,0.4579300074460164,0.4515265131226567,0.33471620578189004,0.00044543429844097997,0.5,0.5811077428196634,0.2815489343605157,0.34496599289054664,0.790002759195784,0.7571878923053597,0.478144756099401
2021-06-22 20:20:00,0.35146443514644354,-0.06772908366533881,0.4388682055100521,0.4333154793786824,0.3388517360065959,0.00033407572383073496,0.5,0.5811077428196634,0.2815489343605157,0.34496599289054664,0.790002759195784,0.7571878923053597,0.21370912986405538
2021-06-22 20:30:00,0.2768479776847978,-0.06772908366533881,0.4275502606105732,0.41974647384395647,0.345172815432333,0.00033407572383073496,0.5,0.5811077428196634,0.2815489343605157,0.34496599289054664,0.790002759195784,0.7571878923053597,0.12112799311978514
2021-06-22 20:40:00,0.3186889818688982,-0.298804780876494,0.42516753536857754,0.4022495982860206,0.3328840088468938,0.00022271714922048998,0.5,0.5811077428196634,0.2815489343605157,0.34496599289054664,0.790002759195784,0.7571878923053597,0.16259034054045898
2021-06-22 20:50:00,0.31241283124128316,-0.38645418326693237,0.41861504095308977,0.38510980182110344,0.32719111122744104,0.00033407572383073496,0.5,0.5811077428196634,0.2815489343605157,0.34496599289054664,0.790002759195784,0.7571878923053597,0.15312250101845287
2021-06-22 21:00:00,0.41143654114365413,0.1633466135458166,0.4084884586746089,0.37189787537939667,0.3178207326170316,0.00033407572383073496,0.5,0.5640729191924683,0.2914222989767449,0.37939234983654296,0.7287928538181158,0.7400426503515731,0.2839974651840005
2021-06-22 21:10:00,0.35564853556485354,-0.17131474103585675,0.39478778853313456,0.3554722371005179,0.3199801075761343,0.0006681514476614699,0.5,0.5640729191924683,0.2914222989767449,0.37939234983654296,0.7287928538181158,0.7400426503515731,0.19165019539206662
2021-06-22 21:20:00,0.2524407252440725,0.2111553784860556,0.38376768428890506,0.33833244063560075,0.3174150318671396,0.000779510022271715,0.5,0.5640729191924683,0.2914222989767449,0.37939234983654296,0.7287928538181158,0.7400426503515731,0.09800534121942756
2021-06-22 21:30:00,0.14504881450488147,0.593625498007968,0.3772151898734175,0.3279771469380468,0.32558139534883723,0.00033407572383073496,0.5,0.5640729191924683,0.2914222989767449,0.37939234983654296,0.7287928538181158,0.7400426503515731,0.03172292047014801
2021-06-22 21:40:00,0.1680613668061367,0.4183266932270917,0.37036485480268033,0.33083377968219985,0.35038148957610815,0.00044543429844097997,0.5,0.5640729191924683,0.2914222989767449,0.37939234983654296,0.7287928538181158,0.7400426503515731,0.040707937897008016
2021-06-22 21:50:00,0.1290097629009763,0.14741035856573692,0.3641102010424422,0.32547759328691295,0.35038148957610815,0.00044543429844097997,0.5,0.5640729191924683,0.2914222989767449,0.37939234983654296,0.7287928538181158,0.7400426503515731,0.01785687342517012
2021-06-22 22:00:00,0.10181311018131102,0.593625498007968,0.35964259121370046,0.32583467237993236,0.35378414102681555,0.000779510022271715,0.5,0.4672626419048882,0.32235558480145365,0.45636966418478747,0.7090408520349251,0.7157243652191683,0.004186972856345338
2021-06-22 22:10:00,0.0815899581589958,0.7290836653386452,0.356664184661206,0.3215497232637028,0.3785842352540864,0.07683741648106905,0.5,0.4672626419048882,0.32235558480145365,0.45636966418478747,0.7090408520349251,0.7157243652191683,0.0
2021-06-22 22:20:00,0.08437935843793584,0.5617529880478087,0.3614296351451971,0.3094090341010536,0.39516561751580276,0.9996659242761693,0.5,0.4672626419048882,0.32235558480145365,0.45636966418478747,0.7090408520349251,0.7157243652191683,0.0
2021-06-22 22:30:00,0.07252440725244073,0.5458167330677288,0.3801935964259122,0.33369041242635245,0.39516561751580276,0.9996659242761693,0.5,0.4672626419048882,0.32235558480145365,0.45636966418478747,0.7090408520349251,0.7157243652191683,0.0
2021-06-22 22:40:00,0.060669456066945605,0.13147410358565725,0.38674609084139977,0.3472594179610784,0.39516561751580276,0.9996659242761693,0.5,0.4672626419048882,0.32235558480145365,0.45636966418478747,0.7090408520349251,0.7157243652191683,0.0
2021-06-22 22:50:00,0.0502092050209205,-0.2828685258964144,0.39329858525688755,0.3536868416354222,0.39516561751580276,0.9996659242761693,0.5,0.4672626419048882,0.32235558480145365,0.45636966418478747,0.7090408520349251,0.7157243652191683,0.0
2021-06-22 23:00:00,0.02370990237099024,-0.2913678618857902,0.3983618763961281,0.3540439207284414,0.39516561751580276,0.9996659242761693,0.5,0.47199361088217917,0.34381779676845503,0.4934600054251082,0.6440755294669427,0.7086061025395904,0.0
2021-06-22 23:10:00,0.017433751743375175,-0.29986719787516614,0.3992553983618763,0.3540439207284414,0.39516561751580276,0.9996659242761693,0.5,0.47199361088217917,0.34381779676845503,0.4934600054251082,0.6440755294669427,0.7086061025395904,0.0
2021-06-22 23:20:00,0.029288702928870293,-0.30836653386454194,0.4034251675353684,0.3540439207284414,0.39516561751580276,0.9996659242761693,0.5,0.47199361088217917,0.34381779676845503,0.4934600054251082,0.6440755294669427,0.7086061025395904,0.0
2021-06-22 23:30:00,0.014644351464435146,-0.3168658698539176,0.4043186895011168,0.35761471165863257,0.39516561751580276,0.9996659242761693,0.5,0.47199361088217917,0.34381779676845503,0.4934600054251082,0.6440755294669427,0.7086061025395904,0.0
2021-06-22 23:40:00,0.01882845188284519,-0.32536520584329365,0.3998510796723751,0.35797179075165153,0.39516561751580276,0.9996659242761693,0.5,0.47199361088217917,0.34381779676845503,0.4934600054251082,0.6440755294669427,0.7086061025395904,0.0
2021-06-22 23:50:00,0.05160390516039052,-0.33386454183266945,0.4037230081906178,0.3611855025888233,0.39516561751580276,0.9996659242761693,0.5,0.47199361088217917,0.34381779676845503,0.4934600054251082,0.6440755294669427,0.7086061025395904,0.0
2021-06-23 00:00:00,0.09065550906555091,-0.34236387782204514,0.4043186895011168,0.35940010712372805,0.39516561751580276,0.9996659242761693,0.5,0.4353182535121636,0.34417411144028787,0.5005572846661308,0.5116629015037837,0.7103299972699558,0.0
2021-06-23 00:10:00,0.10390516039051603,-0.35086321381142105,0.40491437081161563,0.35797179075165153,0.39516561751580276,0.9996659242761693,0.5,0.4353182535121636,0.34417411144028787,0.5005572846661308,0.5116629015037837,0.7103299972699558,0.0
2021-06-23 00:20:00,0.11715481171548117,-0.35936254980079696,0.4069992553983617,0.3554722371005179,0.39516561751580276,0.9996659242761693,0.5,0.4353182535121636,0.34417411144028787,0.5005572846661308,0.5116629015037837,0.7103299972699558,0.0
2021-06-23 00:30:00,0.11157601115760113,-0.36786188579017276,0.4069992553983617,0.3540439207284414,0.39516561751580276,0.9996659242761693,0.5,0.4353182535121636,0.34417411144028787,0.5005572846661308,0.5116629015037837,0.7103299972699558,0.0
2021-06-23 00:40:00,0.12343096234309624,-0.37636122177954856,0.4069992553983617,0.35011605070523144,0.39516561751580276,0.9996659242761693,0.5,0.4353182535121636,0.34417411144028787,0.5005572846661308,0.5116629015037837,0.7103299972699558,0.0
2021-06-23 00:50:00,0.14504881450488147,-0.38486055776892436,0.4084884586746089,0.34511694340296395,0.39516561751580276,0.9996659242761693,0.5,0.4353182535121636,0.34417411144028787,0.5005572846661308,0.5116629015037837,0.7103299972699558,0.0
2021-06-23 01:00:00,0.13737796373779637,-0.39335989375830016,0.4120625465376022,0.34333154793786824,0.39516561751580276,0.9996659242761693,0.5,0.3981706163951111,0.3438982549201586,0.5435498088467308,0.39962114594487436,0.6934122304193748,0.0
2021-06-23 01:10:00,0.048117154811715475,-0.40185922974767607,0.40610573343261325,0.34333154793786824,0.39516561751580276,0.9996659242761693,0.5,0.3981706163951111,0.3438982549201586,0.5435498088467308,0.39962114594487436,0.6934122304193748,0.0
2021-06-23 01:20:00,0.045327754532775454,-0.4103585657370519,0.4069992553983617,0.34333154793786824,0.39516561751580276,0.9996659242761693,0.5,0.3981706163951111,0.3438982549201586,0.5435498088467308,0.39962114594487436,0.6934122304193748,0.0
2021-06-23 01:30:00,0.0599721059972106,-0.4188579017264277,0.4069992553983617,0.34333154793786824,0.39516561751580276,0.9996659242761693,0.5,0.3981706163951111,0.3438982549201586,0.5435498088467308,0.39962114594487436,0.6934122304193748,0.0
2021-06-23 01:40:00,0.09414225941422595,-0.4273572377158035,0.4069992553983617,0.34297446884484906,0.39516561751580276,0.9996659242761693,0.5,0.3981706163951111,0.3438982549201586,0.5435498088467308,0.39962114594487436,0.6934122304193748,0.0
2021-06-23 01:50:00,0.16945606694560672,-0.4358565737051793,0.4064035740878629,0.33654704517050527,0.39516561751580276,0.9996659242761693,0.5,0.3981706163951111,0.3438982549201586,0.5435498088467308,0.39962114594487436,0.6934122304193748,0.0
2021-06-23 02:00:00,0.14365411436541145,-0.4443559096945552,0.4069992553983617,0.3329762542403143,0.39516561751580276,0.9996659242761693,0.5,0.4022013039056802,0.3335277738666175,0.5959960723129641,0.34391402046310166,0.6720507862372632,0.0
2021-06-23 02:10:00,0.09205020920502092,-0.452855245683931,0.4064035740878629,0.3329762542403143,0.39516561751580276,0.9996659242761693,0.5,0.4022013039056802,0.3335277738666175,0.5959960723129641,0.34391402046310166,0.6720507862372632,0.0
2021-06-23 02:20:00,0.05369595536959554,-0.4613545816733068,0.3998510796723751,0.3329762542403143,0.39516561751580276,0.9996659242761693,0.5,0.4022013039056802,0.3335277738666175,0.5959960723129641,0.34391402046310166,0.6720507862372632,0.0
2021-06-23 02:30:00,0.03556485355648536,-0.4698539176626827,0.39746835443037964,0.3329762542403143,0.39516561751580276,0.9996659242761693,0.5,0.4022013039056802,0.3335277738666175,0.5959960723129641,0.34391402046310166,0.6720507862372632,0.0
2021-06-23 02:40:00,0.04741980474198048,-0.4783532536520585,0.3965748324646312,0.3329762542403143,0.39516561751580276,0.9996659242761693,0.5,0.4022013039056802,0.3335277738666175,0.5959960723129641,0.34391402046310166,0.6720507862372632,0.0
2021-06-23 02:50:00,0.02510460251046025,-0.4868525896414343,0.3953834698436334,0.3294054633101231,0.39516561751580276,0.9996659242761693,0.5,0.4022013039056802,0.3335277738666175,0.5959960723129641,0.34391402046310166,0.6720507862372632,0.0
2021-06-23 03:00:00,0.0502092050209205,-0.4953519256308101,0.3912137006701413,0.32583467237993236,0.39516561751580276,0.9996659242761693,0.5,0.3995793174823885,0.3293180884292573,0.6166046355381111,0.2605468055913647,0.6478097111454098,0.0
2021-06-23 03:10:00,0.08577405857740586,-0.503851261620186,0.39359642591213695,0.32547759328691295,0.39516561751580276,0.9996659242761693,0.5,0.3995793174823885,0.3293180884292573,0.6166046355381111,0.2605468055913647,0.6478097111454098,0.0
2021-06-23 03:20:00,0.10460251046025104,-0.5123505976095619,0.3921072226358895,0.3229780396357793,0.39516561751580276,0.9996659242761693,0.5,0.3995793174823885,0.3293180884292573,0.6166046355381111,0.2605468055913647,0.6478097111454098,0.0
2021-06-23 03:30:00,0.10251046025104603,-0.5208499335989376,0.39448994787788516,0.32226388144974116,0.39516561751580276,0.9996659242761693,0.5,0.3995793174823885,0.3293180884292573,0.6166046355381111,0.2605468055913647,0.6478097111454098,0.0
2021-06-23 03:40:00,0.10739191073919108,-0.5293492695883135,0.3953834698436334,0.3179789323335118,0.39516561751580276,0.9996659242761693,0.5,0.3995793174823885,0.3293180884292573,0.6166046355381111,0.2605468055913647,0.6478097111454098,0.0
2021-06-23 03:50:00,0.11366806136680613,-0.5378486055776892,0.3930007446016379,0.315122299589359,0.39516561751580276,0.9996659242761693,0.5,0.3995793174823885,0.3293180884292573,0.6166046355381111,0.2605468055913647,0.6478097111454098,0.0
2021-06-23 04:00:00,0.18200836820083682,-0.29083665338645415,0.38644825018615014,0.30976611319407255,0.3976914318619047,0.9996659242761693,0.5,0.36002138600097444,0.3303180683147182,0.6825093014989303,0.2054323142977363,0.6040183878381089,0.0
2021-06-23 04:10:00,0.1297071129707113,-0.043824701195219196,0.3879374534623974,0.3069094804499197,0.4557589875803222,0.19031180400890868,0.5,0.36002138600097444,0.3303180683147182,0.6825093014989303,0.2054323142977363,0.6040183878381089,0.0
2021-06-23 04:20:00,0.13319386331938632,0.14276228419654702,0.39389426656738635,0.3076236386359579,0.4520553323474369,0.8634743875278398,0.5,0.36002138600097444,0.3303180683147182,0.6825093014989303,0.2054323142977363,0.6040183878381089,0.0
2021-06-23 04:30:00,0.12482566248256625,0.32934926958831334,0.3894266567386446,0.31405106231030167,0.4520553323474369,0.9993318485523385,0.5,0.36002138600097444,0.3303180683147182,0.6825093014989303,0.2054323142977363,0.6040183878381089,0.0
2021-06-23 04:40:00,0.1304044630404463,0.5159362549800794,0.3840655249441547,0.315122299589359,0.4520553323474369,0.9993318485523385,0.5,0.36002138600097444,0.3303180683147182,0.6825093014989303,0.2054323142977363,0.6040183878381089,0.0
2021-06-23 04:50:00,0.12412831241283125,0.19920318725099606,0.3846612062546535,0.30976611319407255,0.4520553323474369,0.9993318485523385,0.5,0.36002138600097444,0.3303180683147182,0.6825093014989303,0.2054323142977363,0.6040183878381089,0.0
2021-06-23 05:00:00,0.198744769874477,-0.11752988047808777,0.38525688756515253,0.3076236386359579,0.4810171310413422,0.6276169265033408,0.5,0.36608777932795533,0.31798210955526574,0.668789408281495,0.12045327655579272,0.6503057924215787,0.0036664302850159185
2021-06-23 05:10:00,0.100418410041841,-0.4342629482071714,0.3927029039463885,0.3122656668452062,0.5051628692204002,0.01492204899777283,0.5,0.36608777932795533,0.31798210955526574,0.668789408281495,0.12045327655579272,0.6503057924215787,0.0
2021-06-23 05:20:00,0.10320781032078104,-0.3784860557768924,0.39717051377513,0.32226388144974116,0.49539987698106297,0.7356347438752785,0.5,0.36608777932795533,0.31798210955526574,0.668789408281495,0.12045327655579272,0.6503057924215787,0.0
2021-06-23 05:30:00,0.09832635983263598,-0.3227091633466136,0.39448994787788516,0.32226388144974116,0.49539987698106297,0.9995545657015591,0.5,0.36608777932795533,0.31798210955526574,0.668789408281495,0.12045327655579272,0.6503057924215787,0.0
2021-06-23 05:40:00,0.11436541143654114,-0.26693227091633476,0.3894266567386446,0.318336011426531,0.49539987698106297,0.9995545657015591,0.5,0.36608777932795533,0.31798210955526574,0.668789408281495,0.12045327655579272,0.6503057924215787,0.0
2021-06-23 05:50:00,0.1311018131101813,-0.21115537848605592,0.3879374534623974,0.315122299589359,0.49539987698106297,0.9995545657015591,0.5,0.36608777932795533,0.31798210955526574,0.668789408281495,0.12045327655579272,0.6503057924215787,0.0
2021-06-23 06:00:00,0.12482566248256625,-0.15537848605577698,0.38644825018615014,0.3090519550080342,0.49539987698106297,0.9995545657015591,0.5,0.3351205697508157,0.3440649182344027,0.7202547645017341,0.22627350776094216,0.9714704732083433,0.0
2021-06-23 06:10:00,0.10529986052998605,-0.09960159362549814,0.38644825018615014,0.3076236386359579,0.49539987698106297,0.9995545657015591,0.5,0.3351205697508157,0.3440649182344027,0.7202547645017341,0.22627350776094216,0.9714704732083433,0.0
2021-06-23 06:20:00,0.11157601115760113,-0.043824701195219196,0.38644825018615014,0.3076236386359579,0.49539987698106297,0.9995545657015591,0.5,0.3351205697508157,0.3440649182344027,0.7202547645017341,0.22627350776094216,0.9714704732083433,0.0
2021-06-23 06:30:00,0.11366806136680613,0.01195219123505975,0.38644825018615014,0.305124084984824,0.49539987698106297,0.9995545657015591,0.5,0.3351205697508157,0.3440649182344027,0.7202547645017341,0.22627350776094216,0.9714704732083433,0.0
2021-06-23 06:40:00,0.1087866108786611,0.06772908366533836,0.38644825018615014,0.3044099267987861,0.49539987698106297,0.9995545657015591,0.5,0.3351205697508157,0.3440649182344027,0.7202547645017341,0.22627350776094216,0.9714704732083433,0.0
2021-06-23 06:50:00,0.13389121338912133,0.12350597609561742,0.38644825018615014,0.3040528477057669,0.49539987698106297,0.9995545657015591,0.5,0.3351205697508157,0.3440649182344027,0.7202547645017341,0.22627350776094216,0.9714704732083433,0.0
2021-06-23 07:00:00,0.14086471408647142,0.17928286852589626,0.38644825018615014,0.29976789858953756,0.49539987698106297,0.9995545657015591,0.5,0.33482742944737587,0.33886387342783525,0.7165737309361914,0.2106889671606646,0.9616287811368474,0.0
2021-06-23 07:10:00,0.1317991631799163,0.2350597609561751,0.38644825018615014,0.29726834493840393,0.49539987698106297,0.9995545657015591,0.5,0.33482742944737587,0.33886387342783525,0.7165737309361914,0.2106889671606646,0.9616287811368474,0.0
2021-06-23 07:20:00,0.18270571827057183,0.29083665338645415,0.3888309754281456,0.29726834493840393,0.49539987698106297,0.9995545657015591,0.5,0.33482742944737587,0.33886387342783525,0.7165737309361914,0.2106889671606646,0.9616287811368474,0.0
2021-06-23 07:30:00,0.16945606694560672,0.346613545816733,0.3894266567386446,0.29726834493840393,0.49539987698106297,0.9995545657015591,0.5,0.33482742944737587,0.33886387342783525,0.7165737309361914,0.2106889671606646,0.9616287811368474,0.0
2021-06-23 07:40:00,0.17642956764295675,0.40239043824701204,0.39448994787788516,0.29833958221746126,0.5069165434296109,0.30334075723830733,0.5,0.33482742944737587,0.33886387342783525,0.7165737309361914,0.2106889671606646,0.9616287811368474,0.0
2021-06-23 07:50:00,0.23570432357043236,0.4581673306772909,0.40521221146686504,0.30333868951972875,0.5124654827184568,0.13028953229398663,0.5,0.33482742944737587,0.33886387342783525,0.7165737309361914,0.2106889671606646,0.9616287811368474,0.04107005446836761
2021-06-23 08:00:00,0.18898186889818688,-0.003984063745020028,0.4180193596425912,0.3026245313336904,0.5256442135294657,0.00022271714922048998,0.5,0.35847416953308686,0.3527141695425678,0.6633807859102407,0.2042510329190066,0.9882653225924549,0.04653952351494485
2021-06-23 08:10:00,0.08437935843793584,0.05179282868525892,0.42486969471332836,0.32690590965898947,0.5256573006504298,0.03006681514476615,0.5,0.35847416953308686,0.3527141695425678,0.6633807859102407,0.2042510329190066,0.9882653225924549,0.0
2021-06-23 08:20:00,0.11506276150627615,-0.19521912350597614,0.4266567386448248,0.3315479378682378,0.5256573006504298,0.8455456570155903,0.5,0.35847416953308686,0.3527141695425678,0.6633807859102407,0.2042510329190066,0.9882653225924549,0.0
2021-06-23 08:30:00,0.07810320781032079,0.2350597609561753,0.434102755026061,0.33833244063560075,0.5256573006504298,0.9993318485523385,0.5,0.35847416953308686,0.3527141695425678,0.6633807859102407,0.2042510329190066,0.9882653225924549,0.0
2021-06-23 08:40:00,0.038354253835425386,0.3652058432934926,0.4457185405807891,0.3458311015890019,0.5256573006504298,0.9993318485523385,0.5,0.35847416953308686,0.3527141695425678,0.6633807859102407,0.2042510329190066,0.9882653225924549,0.0
2021-06-23 08:50:00,0.029288702928870293,0.4953519256308099,0.4558451228592699,0.35297268344938404,0.5256573006504298,0.9993318485523385,0.5,0.35847416953308686,0.3527141695425678,0.6633807859102407,0.2042510329190066,0.9882653225924549,0.0
2021-06-23 09:00:00,0.03417015341701534,0.6254980079681274,0.4701414743112433,0.35797179075165153,0.5256573006504298,0.9993318485523385,0.5,0.3890913384361334,0.3459959138752954,0.5501307009764814,0.1123708911577843,0.958576582888269,0.0
2021-06-23 09:10:00,0.039051603905160395,0.48705179282868527,0.4847356664184659,0.36582753079807184,0.5256573006504298,0.9993318485523385,0.5,0.3890913384361334,0.3459959138752954,0.5501307009764814,0.1123708911577843,0.958576582888269,0.0
2021-06-23 09:20:00,0.03138075313807531,0.34860557768924294,0.49486224869694695,0.37368327084449215,0.5256573006504298,0.9993318485523385,0.5,0.3890913384361334,0.3459959138752954,0.5501307009764814,0.1123708911577843,0.958576582888269,0.0
2021-06-23 09:30:00,0.03486750348675035,0.21015936254980083,0.5067758749069247,0.3843956436350653,0.5256573006504298,0.9993318485523385,0.5,0.3890913384361334,0.3459959138752954,0.5501307009764814,0.1123708911577843,0.958576582888269,0.0
2021-06-23 09:40:00,0.03626220362622037,0.0717131474103585,0.5189873417721518,0.39475093733261923,0.5256573006504298,0.9993318485523385,0.5,0.3890913384361334,0.3459959138752954,0.5501307009764814,0.1123708911577843,0.958576582888269,0.0
2021-06-23 09:50:00,0.05788005578800558,-0.06673306772908383,0.5311988086373787,0.40439207284413503,0.5256573006504298,0.9993318485523385,0.5,0.3890913384361334,0.3459959138752954,0.5501307009764814,0.1123708911577843,0.958576582888269,0.0
2021-06-23 10:00:00,0.03556485355648536,-0.20517928286852583,0.5380491437081161,0.4115336547045172,0.5256573006504298,0.9993318485523385,0.5,0.5259888273820861,0.34656199444264063,0.42212845585923736,0.06975415723001377,0.7587231923238436,0.0
2021-06-23 10:10:00,0.06485355648535565,-0.34362549800796816,0.5481757259865969,0.4190323156579181,0.5256573006504298,0.9993318485523385,0.5,0.5259888273820861,0.34656199444264063,0.42212845585923736,0.06975415723001377,0.7587231923238436,0.0
2021-06-23 10:20:00,0.06903765690376569,-0.4820717131474104,0.5547282204020847,0.42760221389037656,0.5256573006504298,0.9993318485523385,0.5,0.5259888273820861,0.34656199444264063,0.42212845585923736,0.06975415723001377,0.7587231923238436,0.0
2021-06-23 10:30:00,0.048117154811715475,-0.5492316448491747,0.5618763961280713,0.4383145866809499,0.5256573006504298,0.9993318485523385,0.5,0.5259888273820861,0.34656199444264063,0.42212845585923736,0.06975415723001377,0.7587231923238436,0.0
2021-06-23 10:40:00,0.07112970711297072,-0.6163915765509391,0.5690245718540579,0.4490269594715228,0.5256573006504298,0.9993318485523385,0.5,0.5259888273820861,0.34656199444264063,0.42212845585923736,0.06975415723001377,0.7587231923238436,0.0
2021-06-23 10:50:00,0.05369595536959554,-0.6835515082527035,0.5770662695457927,0.4572397786109621,0.5256573006504298,0.9993318485523385,0.5,0.5259888273820861,0.34656199444264063,0.42212845585923736,0.06975415723001377,0.7587231923238436,0.0
2021-06-23 11:00:00,0.055090655509065556,-0.7507114399544679,0.5845122859270289,0.4654525977504018,0.5256573006504298,0.9993318485523385,0.5,0.5386265131045955,0.3376943567227095,0.40558796290483984,0.10812289443234716,0.7063932949882918,0.0
2021-06-23 11:10:00,0.09483960948396096,-0.6835515082527035,0.590766939687267,0.4740224959828603,0.5256573006504298,0.9993318485523385,0.5,0.5386265131045955,0.3376943567227095,0.40558796290483984,0.10812289443234716,0.7063932949882918,0.0
2021-06-23 11:20:00,0.04951185495118549,-0.6163915765509391,0.5946388682055099,0.48402071058739504,0.5256573006504298,0.9993318485523385,0.5,0.5386265131045955,0.3376943567227095,0.40558796290483984,0.10812289443234716,0.7063932949882918,0.0
2021-06-23 11:30:00,0.03626220362622037,-0.5492316448491747,0.598808637379002,0.49509016247098736,0.5256573006504298,0.9993318485523385,0.5,0.5386265131045955,0.3376943567227095,0.40558796290483984,0.10812289443234716,0.7063932949882918,0.0
2021-06-23 11:40:00,0.06415620641562064,-0.4820717131474104,0.6056589724497392,0.507587930726656,0.5256573006504298,0.9993318485523385,0.5,0.5386265131045955,0.3376943567227095,0.40558796290483984,0.10812289443234716,0.7063932949882918,0.0
2021-06-23 11:50:00,0.07461645746164575,-0.49269588313413015,0.6134028294862248,0.5147295125870381,0.5256573006504298,0.9993318485523385,0.5,0.5386265131045955,0.3376943567227095,0.40558796290483984,0.10812289443234716,0.7063932949882918,0.0
2021-06-23 12:00:00,0.0815899581589958,-0.5033200531208499,0.6166790766939687,0.5190144617032673,0.5256573006504298,0.9993318485523385,0.5,0.5528357964034027,0.33199906898424664,0.3854577425538869,0.1517201612474821,0.7103389858700226,0.0
2021-06-23 12:10:00,0.07461645746164575,-0.5139442231075697,0.6202531645569618,0.525441885377611,0.5256573006504298,0.9993318485523385,0.5,0.5528357964034027,0.33199906898424664,0.3854577425538869,0.1517201612474821,0.7103389858700226,0.0
2021-06-23 12:20:00,0.10599721059972106,-0.5245683930942896,0.6178704393149663,0.5257989644706302,0.5256573006504298,0.9993318485523385,0.5,0.5528357964034027,0.33199906898424664,0.3854577425538869,0.1517201612474821,0.7103389858700226,0.0
2021-06-23 12:30:00,0.07182705718270573,-0.5351925630810093,0.6181682799702157,0.5257989644706302,0.5256573006504298,0.9993318485523385,0.5,0.5528357964034027,0.33199906898424664,0.3854577425538869,0.1517201612474821,0.7103389858700226,0.0
2021-06-23 12:40:00,0.05369595536959554,-0.5458167330677292,0.6268056589724496,0.5282985181217639,0.5256573006504298,0.9993318485523385,0.5,0.5528357964034027,0.33199906898424664,0.3854577425538869,0.1517201612474821,0.7103389858700226,0.0
2021-06-23 12:50:00,0.06834030683403068,-0.3067729083665339,0.6315711094564407,0.5365113372612034,0.5256573006504298,0.9993318485523385,0.5,0.5528357964034027,0.33199906898424664,0.3854577425538869,0.1517201612474821,0.7103389858700226,0.0
2021-06-23 13:00:00,0.09832635983263598,-0.28685258964143434,0.6390171258376767,0.5440099982146045,0.5256573006504298,0.9993318485523385,0.5,0.6359986565375557,0.32527506630613706,0.3017807112420847,0.21191857167307085,0.7227506197904142,0.0
2021-06-23 13:10:00,0.08437935843793584,-0.26693227091633476,0.6455696202531644,0.5468666309587575,0.5256573006504298,0.9993318485523385,0.5,0.6359986565375557,0.32527506630613706,0.3017807112420847,0.21191857167307085,0.7227506197904142,0.0
2021-06-23 13:20:00,0.09553695955369597,-0.24701195219123517,0.6476545048399105,0.5532940546331013,0.5256573006504298,0.9993318485523385,0.5,0.6359986565375557,0.32527506630613706,0.3017807112420847,0.21191857167307085,0.7227506197904142,0.0
2021-06-23 13:30:00,0.12343096234309624,-0.2270916334661356,0.6497393894266565,0.5629351901446169,0.5256573006504298,0.9993318485523385,0.5,0.6359986565375557,0.32527506630613706,0.3017807112420847,0.21191857167307085,0.7227506197904142,0.0
2021-06-23 13:40:00,0.09832635983263598,-0.207171314741036,0.652122114668652,0.56579182288877,0.5256573006504298,0.9993318485523385,0.5,0.6359986565375557,0.32527506630613706,0.3017807112420847,0.21191857167307085,0.7227506197904142,0.0
2021-06-23 13:50:00,0.16387726638772665,-0.1872509960159363,0.6586746090841398,0.5686484556329228,0.5256573006504298,0.9993318485523385,0.5,0.6359986565375557,0.32527506630613706,0.3017807112420847,0.21191857167307085,0.7227506197904142,0.0
2021-06-23 14:00:00,0.2412831241283124,-0.16733067729083673,0.6634400595681309,0.5725763256561329,0.6442920521914385,0.7804008908685969,0.5,0.6343293677621711,0.3115943070110652,0.2902366947572632,0.27805222013791975,0.7074681320998355,0.0
2021-06-23 14:10:00,0.12482566248256625,-0.14741035856573714,0.6658227848101264,0.5643635065166934,0.7128554789231918,0.11982182628062361,0.5,0.6343293677621711,0.3115943070110652,0.2902366947572632,0.27805222013791975,0.7074681320998355,0.005899482475066766
2021-06-23 14:20:00,0.08298465829846582,-0.952191235059761,0.6690990320178702,0.5604356364934833,0.7052256874010286,0.9992204899777284,0.5,0.6343293677621711,0.3115943070110652,0.2902366947572632,0.27805222013791975,0.7074681320998355,0.0
2021-06-23 14:30:00,0.11785216178521618,-0.6733067729083666,0.6676098287416232,0.5736475629351903,0.7052256874010286,0.9992204899777284,0.5,0.6343293677621711,0.3115943070110652,0.2902366947572632,0.27805222013791975,0.7074681320998355,0.0
2021-06-23 14:40:00,0.19665271966527195,-0.3944223107569722,0.6679076693968726,0.5754329584002855,0.6732407637643796,0.6532293986636971,0.5,0.6343293677621711,0.3115943070110652,0.2902366947572632,0.27805222013791975,0.7074681320998355,0.0
2021-06-23 14:50:00,0.32566248256624825,-0.11553784860557781,0.6705882352941175,0.5668630601678271,0.6648650063472537,0.1311804008908686,0.5,0.6343293677621711,0.3115943070110652,0.2902366947572632,0.27805222013791975,0.7074681320998355,0.11983795283431659
2021-06-23 15:00:00,0.200836820083682,0.5617529880478087,0.6744601638123602,0.54186752365649,0.6798759340932589,0.009910913140311804,0.5,0.622041789419933,0.29913191401322453,0.2982146980866412,0.2976568747868429,0.7014453129558075,0.03514793970759087
2021-06-23 15:10:00,0.18549511854951187,-0.6095617529880479,0.6711839166046163,0.5640064274236742,0.7311512740312259,0.44599109131403114,0.5,0.622041789419933,0.29913191401322453,0.2982146980866412,0.2976568747868429,0.7014453129558075,0.0
2021-06-23 15:20:00,0.2754532775453278,0.38645418326693215,0.6664184661206252,0.5925727548652027,0.7509782622920784,0.4434298440979956,0.5,0.622041789419933,0.29913191401322453,0.2982146980866412,0.2976568747868429,0.7014453129558075,0.04169621437301025
2021-06-23 15:30:00,0.16875871687587168,0.19521912350597592,0.6726731198808635,0.5807891447955722,0.7141772781405819,0.022271714922048998,0.5,0.622041789419933,0.29913191401322453,0.2982146980866412,0.2976568747868429,0.7014453129558075,0.015872776377928995
2021-06-23 15:40:00,0.15132496513249652,-0.2828685258964144,0.6720774385703647,0.5897161221210496,0.7621154022326628,0.5947661469933184,0.5,0.622041789419933,0.29913191401322453,0.2982146980866412,0.2976568747868429,0.7014453129558075,0.0
2021-06-23 15:50:00,0.25592747559274753,-0.45019920318725104,0.6747580044676096,0.5915015175861453,0.7281543233304105,0.05579064587973274,0.5,0.622041789419933,0.29913191401322453,0.2982146980866412,0.2976568747868429,0.7014453129558075,0.08015601188949409
2021-06-23 16:00:00,0.25523012552301255,-0.23505976095617542,0.6768428890543556,0.5704338510980183,0.7179987174621455,0.00033407572383073496,0.5,0.5910664416889604,0.2909682851207012,0.3299878499388185,0.31714588842494157,0.7187781745689952,0.0944369841724882
2021-06-23 16:10:00,0.15760111576011157,0.22709163346613526,0.6780342516753535,0.5765041956793431,0.6918244755336274,0.000556792873051225,0.5,0.5910664416889604,0.2909682851207012,0.3299878499388185,0.31714588842494157,0.7187781745689952,0.026411877423540595
2021-06-23 16:20:00,0.11924686192468618,-0.08366533864541836,0.6676098287416232,0.590430280307088,0.7231812173639921,0.11414253897550111,0.5,0.5910664416889604,0.2909682851207012,0.3299878499388185,0.31714588842494157,0.7187781745689952,0.0
2021-06-23 16:30:00,0.09135285913528592,-0.4103585657370519,0.6661206254653758,0.590073201214069,0.7187839447200011,0.9992204899777284,0.5,0.5910664416889604,0.2909682851207012,0.3299878499388185,0.31714588842494157,0.7187781745689952,0.0
2021-06-23 16:40:00,0.22454672245467225,-0.10358565737051795,0.6574832464631419,0.5882878057489733,0.7281543233304105,0.8045657015590201,0.5,0.5910664416889604,0.2909682851207012,0.3299878499388185,0.31714588842494157,0.7187781745689952,0.0035608129517027023
2021-06-23 16:50:00,0.2503486750348675,0.20318725099601576,0.6562918838421443,0.5847170148187824,0.7587258379029197,0.00011135857461024499,0.5,0.5910664416889604,0.2909682851207012,0.3299878499388185,0.31714588842494157,0.7187781745689952,0.09184935950631441
2021-06-23 17:00:00,0.2301255230125523,-0.14741035856573714,0.6205510052122112,0.5497232637029101,0.7495125047440814,0.00011135857461024499,0.5,0.5950157143081085,0.2968762122600972,0.33126385365041433,0.4026963506129142,0.7467813491920434,0.09170602169681791
2021-06-23 17:10:00,0.19177126917712692,0.8486055776892429,0.6017870439314965,0.5250848062845921,0.8027770870686157,0.00011135857461024499,0.5,0.5950157143081085,0.2968762122600972,0.33126385365041433,0.4026963506129142,0.7467813491920434,0.06903601551065981
2021-06-23 17:20:00,0.16875871687587168,-0.17131474103585675,0.5940431868950109,0.5186573826102483,0.8327596811977334,0.00011135857461024499,0.5,0.5950157143081085,0.2968762122600972,0.33126385365041433,0.4026963506129142,0.7467813491920434,0.04527965961042293
2021-06-23 17:30:00,0.1297071129707113,-0.3505976095617531,0.5910647803425166,0.5172290662381716,0.8285194540053135,0.7167037861915367,0.5,0.5950157143081085,0.2968762122600972,0.33126385365041433,0.4026963506129142,0.7467813491920434,0.0
2021-06-23 17:40:00,0.17573221757322177,-0.5298804780876495,0.6077438570364853,0.5257989644706302,0.8190051170642971,0.4979955456570156,0.5,0.5950157143081085,0.2968762122600972,0.33126385365041433,0.4026963506129142,0.7467813491920434,0.0
2021-06-23 17:50:00,0.1603905160390516,-0.6852589641434264,0.6169769173492181,0.5357971790751652,0.7730431482378192,0.550890868596882,0.5,0.5950157143081085,0.2968762122600972,0.33126385365041433,0.4026963506129142,0.7467813491920434,0.0
2021-06-23 18:00:00,0.14086471408647142,-0.8406374501992032,0.6211466865227102,0.5461524727727192,0.7678606483359726,0.9993318485523385,0.5,0.5440170727794431,0.31702810575649376,0.39472138746825375,0.6125243474391275,0.8125480671314191,0.0
2021-06-23 18:10:00,0.09693165969316596,-0.649402390438247,0.6214445271779596,0.5482949473308338,0.7678606483359726,0.9993318485523385,0.5,0.5440170727794431,0.31702810575649376,0.39472138746825375,0.6125243474391275,0.8125480671314191,0.0
2021-06-23 18:20:00,0.07740585774058578,-0.4581673306772909,0.6259121370067011,0.5468666309587575,0.7678606483359726,0.9993318485523385,0.5,0.5440170727794431,0.31702810575649376,0.39472138746825375,0.6125243474391275,0.8125480671314191,0.0
2021-06-23 18:30:00,0.6847977684797769,-0.26693227091633476,0.6208488458674608,0.542224602749509,0.694232505791051,0.9993318485523385,0.5,0.5440170727794431,0.31702810575649376,0.39472138746825375,0.6125243474391275,0.8125480671314191,0.0
2021-06-23 18:40:00,0.7998605299860531,-0.07569721115537853,0.6074460163812359,0.5475807891447955,0.4837523393228723,0.5237193763919822,0.5,0.5440170727794431,0.31702810575649376,0.39472138746825375,0.6125243474391275,0.8125480671314191,0.3771821295472034
2021-06-23 18:50:00,0.7426778242677825,0.11553784860557759,0.5597915115413252,0.49794679521513996,0.47230110847914564,0.0038975501113585743,0.5,0.5440170727794431,0.31702810575649376,0.39472138746825375,0.6125243474391275,0.8125480671314191,0.9986797833335848
2021-06-23 19:00:00,0.5913528591352859,-0.003984063745020028,0.5198808637379002,0.45331190858775217,0.4698538168588292,0.00044543429844097997,0.5,0.49595800579209737,0.33232377509647715,0.4718701545115963,0.743412296907292,0.8756446948563968,0.6772560616805227
2021-06-23 19:10:00,0.7364016736401674,0.019920318725099362,0.5029039463886817,0.4336725584717014,0.4682441009802254,0.006347438752783964,0.5,0.49595800579209737,0.33232377509647715,0.4718701545115963,0.743412296907292,0.8756446948563968,0.9960091736198078
2021-06-23 19:20:00,0.6652719665271966,0.17928286852589648,0.4960536113179448,0.4254597393322621,0.4682441009802254,0.00011135857461024499,0.5,0.49595800579209737,0.33232377509647715,0.4718701545115963,0.743412296907292,0.8756446948563968,0.8474734825052431
2021-06-23 19:30:00,0.5034867503486751,-0.4581673306772909,0.4883097542814592,0.4286734511694341,0.45667508604782037,0.00022271714922048998,0.5,0.49595800579209737,0.33232377509647715,0.4718701545115963,0.743412296907292,0.8756446948563968,0.4214056158244942
2021-06-23 19:40:00,0.37866108786610875,-0.1394422310756973,0.4862248696947131,0.4429566148901982,0.4452762036879507,0.00022271714922048998,0.5,0.49595800579209737,0.33232377509647715,0.4718701545115963,0.743412296907292,0.8756446948563968,0.2483440710955535
2021-06-23 19:50:00,0.31659693165969316,-0.03585657370517936,0.4847356664184659,0.45045527584359935,0.44396749159152477,0.00022271714922048998,0.5,0.49595800579209737,0.33232377509647715,0.4718701545115963,0.743412296907292,0.8756446948563968,0.1633673823498348
2021-06-23 20:00:00,0.3814504881450488,-0.12350597609561753,0.4841399851079671,0.45045527584359935,0.4332491395217966,0.00022271714922048998,0.5,0.47621160934326756,0.3463148729766929,0.5121356677784461,0.7523235528794068,0.9349386462509355,0.23622825414548035
2021-06-23 20:10:00,0.29707112970711297,-0.1872509960159363,0.48265078183171983,0.4433136939832174,0.42495190483045636,0.00033407572383073496,0.5,0.47621160934326756,0.3463148729766929,0.5121356677784461,0.7523235528794068,0.9349386462509355,0.12617499283310954
2021-06-23 20:20:00,0.1792189679218968,0.13147410358565725,0.4847356664184659,0.44045706123906436,0.4117077384146262,0.00033407572383073496,0.5,0.47621160934326756,0.3463148729766929,0.5121356677784461,0.7523235528794068,0.9349386462509355,0.05400817779923654
2021-06-23 20:30:00,0.26429567642956764,0.09163346613545809,0.4847356664184659,0.4540260667737903,0.41563387470390395,0.00022271714922048998,0.5,0.47621160934326756,0.3463148729766929,0.5121356677784461,0.7523235528794068,0.9349386462509355,0.11378758845451666
2021-06-23 20:40:00,0.21408647140864714,0.6414342629482073,0.4862248696947131,0.4415282985181217,0.4234337987986023,0.00022271714922048998,0.5,0.47621160934326756,0.3463148729766929,0.5121356677784461,0.7523235528794068,0.9349386462509355,0.0807519954131901
2021-06-23 20:50:00,0.18688981868898188,-0.8167330677290838,0.48652271034996253,0.4497411176575612,0.425894177539883,0.00033407572383073496,0.5,0.47621160934326756,0.3463148729766929,0.5121356677784461,0.7523235528794068,0.9349386462509355,0.03795434313562775
2021-06-23 21:00:00,0.0899581589958159,-0.3944223107569722,0.47997021593447475,0.4608105695411533,0.38668516313096285,0.5120267260579064,0.5,0.47762848193746743,0.3548922866494081,0.5026873815001274,0.6547133814022527,0.9671461935399853,0.0
2021-06-23 21:10:00,0.061366806136680614,-0.4613545816733068,0.4883097542814592,0.4543831458668095,0.38385834500268284,0.9993318485523385,0.5,0.47762848193746743,0.3548922866494081,0.5026873815001274,0.6547133814022527,0.9671461935399853,0.0
2021-06-23 21:20:00,0.05439330543933055,-0.5282868525896415,0.49843633655994046,0.4572397786109621,0.38385834500268284,0.9993318485523385,0.5,0.47762848193746743,0.3548922866494081,0.5026873815001274,0.6547133814022527,0.9671461935399853,0.0
2021-06-23 21:30:00,0.03765690376569038,-0.595219123505976,0.5046909903201784,0.4575968577039815,0.38385834500268284,0.9993318485523385,0.5,0.47762848193746743,0.3548922866494081,0.5026873815001274,0.6547133814022527,0.9671461935399853,0.0
2021-06-23 21:40:00,0.03138075313807531,-0.6621513944223107,0.5091586001489203,0.4575968577039815,0.38385834500268284,0.9993318485523385,0.5,0.47762848193746743,0.3548922866494081,0.5026873815001274,0.6547133814022527,0.9671461935399853,0.0
2021-06-23 21:50:00,0.04114365411436541,-0.7290836653386454,0.5070737155621738,0.45474022495982847,0.38385834500268284,0.9993318485523385,0.5,0.47762848193746743,0.3548922866494081,0.5026873815001274,0.6547133814022527,0.9671461935399853,0.0
2021-06-23 22:00:00,0.03417015341701534,0.49003984063745,0.5037974683544302,0.4490269594715228,0.38385834500268284,0.9993318485523385,0.5,0.43179243171705384,0.36750984893981864,0.5474813003063703,0.4623117914770941,0.9924800409848598,0.0
2021-06-23 22:10:00,0.03207810320781032,0.43426294820717115,0.5023082650781829,0.4465274058203892,0.38385834500268284,0.9993318485523385,0.5,0.43179243171705384,0.36750984893981864,0.5474813003063703,0.4623117914770941,0.9924800409848598,0.0
2021-06-23 22:20:00,0.028591352859135284,0.3784860557768921,0.5014147431124347,0.44188537761114066,0.38385834500268284,0.9993318485523385,0.5,0.43179243171705384,0.36750984893981864,0.5474813003063703,0.4623117914770941,0.9924800409848598,0.0
2021-06-23 22:30:00,0.042538354253835425,0.3227091633466135,0.4951600893521966,0.4365291912158542,0.38385834500268284,0.9993318485523385,0.5,0.43179243171705384,0.36750984893981864,0.5474813003063703,0.4623117914770941,0.9924800409848598,0.0
2021-06-23 22:40:00,0.03486750348675035,0.2669322709163344,0.49486224869694695,0.44081414033208355,0.38385834500268284,0.9993318485523385,0.5,0.43179243171705384,0.36750984893981864,0.5474813003063703,0.4623117914770941,0.9924800409848598,0.0
2021-06-23 22:50:00,0.044630404463040445,0.21984788120246268,0.4939687267311985,0.4433136939832174,0.38385834500268284,0.9993318485523385,0.5,0.43179243171705384,0.36750984893981864,0.5474813003063703,0.4623117914770941,0.9924800409848598,0.0
2021-06-23 23:00:00,0.0502092050209205,0.17276349148859116,0.4957557706626954,0.4433136939832174,0.38385834500268284,0.9993318485523385,0.5,0.39143646086365136,0.37274824931682554,0.6052385392686909,0.2527430851043595,0.012890657280573448,0.0
2021-06-23 23:10:00,0.06345885634588563,0.1256791017747192,0.49635145197319397,0.4433136939832174,0.38385834500268284,0.9993318485523385,0.5,0.39143646086365136,0.37274824931682554,0.6052385392686909,0.2527430851043595,0.012890657280573448,0.0
2021-06-23 23:20:00,0.08577405857740586,0.07859471206084745,0.49635145197319397,0.4433136939832174,0.38385834500268284,0.9993318485523385,0.5,0.39143646086365136,0.37274824931682554,0.6052385392686909,0.2527430851043595,0.012890657280573448,0.0
2021-06-23 23:30:00,0.09902370990237098,0.031510322346975705,0.49635145197319397,0.44259953579717903,0.38385834500268284,0.9993318485523385,0.5,0.39143646086365136,0.37274824931682554,0.6052385392686909,0.2527430851043595,0.012890657280573448,0.0
2021-06-23 23:40:00,0.11297071129707113,-0.01557406736689615,0.49843633655994046,0.4365291912158542,0.38385834500268284,0.9993318485523385,0.5,0.39143646086365136,0.37274824931682554,0.6052385392686909,0.2527430851043595,0.012890657280573448,0.0
2021-06-23 23:50:00,0.11715481171548117,-0.062658457080768,0.49545793000744576,0.4365291912158542,0.38385834500268284,0.9993318485523385,0.5,0.39143646086365136,0.37274824931682554,0.6052385392686909,0.2527430851043595,0.012890657280573448,0.0
2021-06-24 00:00:00,0.1394700139470014,-0.10974284679463975,0.4957557706626954,0.43260132119264405,0.38385834500268284,0.9993318485523385,0.5,0.3981298922728562,0.37170229334467575,0.6036960990834256,0.10465535473923199,0.01635435296220281,0.0
2021-06-24 00:10:00,0.1297071129707113,-0.1568272365085115,0.49635145197319397,0.42938760935547227,0.38385834500268284,0.9993318485523385,0.5,0.3981298922728562,0.37170229334467575,0.6036960990834256,0.10465535473923199,0.01635435296220281,0.0
2021-06-24 00:20:00,0.199442119944212,-0.20391162622238324,0.4957557706626954,0.42617389751830026,0.3585609401787701,0.6546770601336303,0.5,0.3981298922728562,0.37170229334467575,0.6036960990834256,0.10465535473923199,0.01635435296220281,0.0
2021-06-24 00:30:00,0.1492329149232915,-0.2509960159362551,0.4933730454206997,0.4254597393322621,0.34779023962518485,0.4240534521158129,0.5,0.3981298922728562,0.37170229334467575,0.6036960990834256,0.10465535473923199,0.01635435296220281,0.0
2021-06-24 00:40:00,0.17573221757322177,-0.17928286852589637,0.48741623231571096,0.4254597393322621,0.34779023962518485,0.9995545657015591,0.5,0.3981298922728562,0.37170229334467575,0.6036960990834256,0.10465535473923199,0.01635435296220281,0.0
2021-06-24 00:50:00,0.14435146443514643,-0.10756972111553798,0.47937453462397617,0.4254597393322621,0.38091374278572454,0.255902004454343,0.5,0.3981298922728562,0.37170229334467575,0.6036960990834256,0.10465535473923199,0.01635435296220281,0.0
2021-06-24 01:00:00,0.1701534170153417,0.689243027888446,0.4811615785554726,0.42688805570433863,0.3607203151378728,0.8080178173719377,0.5,0.3615359497942614,0.3659552825086868,0.6316303337861866,0.0683719718579732,0.7527387028290433,0.0
2021-06-24 01:10:00,0.1290097629009763,0.6111553784860555,0.46835443037974667,0.42938760935547227,0.3597387810655534,0.994988864142539,0.5,0.3615359497942614,0.3659552825086868,0.6316303337861866,0.0683719718579732,0.7527387028290433,0.0
2021-06-24 01:20:00,0.10181311018131102,0.5330677290836652,0.4659717051377512,0.4258168184252813,0.3597387810655534,0.994988864142539,0.5,0.3615359497942614,0.3659552825086868,0.6316303337861866,0.0683719718579732,0.7527387028290433,0.0
2021-06-24 01:30:00,0.10181311018131102,0.45498007968127463,0.46299329858525673,0.4229601856811285,0.3597387810655534,0.994988864142539,0.5,0.3615359497942614,0.3659552825086868,0.6316303337861866,0.0683719718579732,0.7527387028290433,0.0
2021-06-24 01:40:00,0.07810320781032079,0.3768924302788845,0.4576321667907668,0.41867523656489913,0.3597387810655534,0.994988864142539,0.5,0.3615359497942614,0.3659552825086868,0.6316303337861866,0.0683719718579732,0.7527387028290433,0.0
2021-06-24 01:50:00,0.04184100418410042,0.29880478087649376,0.4609084139985107,0.4172469201928226,0.3597387810655534,0.994988864142539,0.5,0.3615359497942614,0.3659552825086868,0.6316303337861866,0.0683719718579732,0.7527387028290433,0.0
2021-06-24 02:00:00,0.03138075313807531,0.22071713147410343,0.46358897989575576,0.414747366541689,0.3597387810655534,0.994988864142539,0.5,0.347017249884348,0.36113066691187173,0.691895195228441,0.23356441537827471,0.6925357824482756,0.0
2021-06-24 02:10:00,0.042538354253835425,0.1426294820717131,0.4609084139985107,0.414747366541689,0.3597387810655534,0.994988864142539,0.5,0.347017249884348,0.36113066691187173,0.691895195228441,0.23356441537827471,0.6925357824482756,0.0
2021-06-24 02:20:00,0.03556485355648536,0.06454183266932256,0.46001489203276225,0.4108194965184788,0.3597387810655534,0.994988864142539,0.5,0.347017249884348,0.36113066691187173,0.691895195228441,0.23356441537827471,0.6925357824482756,0.0
2021-06-24 02:30:00,0.05299860529986053,-0.013545816733067872,0.45673864482501836,0.40760578468130704,0.3597387810655534,0.994988864142539,0.5,0.347017249884348,0.36113066691187173,0.691895195228441,0.23356441537827471,0.6925357824482756,0.0
2021-06-24 02:40:00,0.06415620641562064,-0.09163346613545831,0.4582278481012656,0.404749151937154,0.3597387810655534,0.994988864142539,0.5,0.347017249884348,0.36113066691187173,0.691895195228441,0.23356441537827471,0.6925357824482756,0.0
2021-06-24 02:50:00,0.0697350069735007,-0.16972111553784863,0.45673864482501836,0.40082128191394384,0.3597387810655534,0.994988864142539,0.5,0.347017249884348,0.36113066691187173,0.691895195228441,0.23356441537827471,0.6925357824482756,0.0
2021-06-24 03:00:00,0.12552301255230125,-0.24780876494023918,0.4609084139985107,0.39617925370469576,0.3597387810655534,0.994988864142539,0.5,0.3427422509933382,0.36338924217041557,0.7060674344247337,0.2804157412213229,0.725355244775656,0.0
2021-06-24 03:10:00,0.12691771269177127,-0.3258964143426296,0.45644080416976895,0.3904659882163899,0.3597387810655534,0.994988864142539,0.5,0.3427422509933382,0.36338924217041557,0.7060674344247337,0.2804157412213229,0.725355244775656,0.0
2021-06-24 03:20:00,0.1903765690376569,-0.40398406374501994,0.45316455696202507,0.38475272272808425,0.3770661292222324,0.9608017817371938,0.5,0.3427422509933382,0.36338924217041557,0.7060674344247337,0.2804157412213229,0.725355244775656,0.0
2021-06-24 03:30:00,0.11715481171548117,-0.4820717131474104,0.44869694713328356,0.38510980182110344,0.4312468100142649,0.09276169265033408,0.5,0.3427422509933382,0.36338924217041557,0.7060674344247337,0.2804157412213229,0.725355244775656,0.0
2021-06-24 03:40:00,0.15341701534170155,0.17928286852589648,0.4543559195830229,0.38296732726298877,0.4271112797895591,0.9991091314031181,0.5,0.3427422509933382,0.36338924217041557,0.7060674344247337,0.2804157412213229,0.725355244775656,0.0
2021-06-24 03:50:00,0.21617852161785217,0.20318725099601576,0.45227103499627686,0.38296732726298877,0.4271112797895591,0.40913140311804014,0.5,0.3427422509933382,0.36338924217041557,0.7060674344247337,0.2804157412213229,0.725355244775656,0.01649893628257163
2021-06-24 04:00:00,0.22036262203626222,0.20318725099601576,0.4659717051377512,0.38332440635600795,0.4271112797895591,0.00011135857461024499,0.5,0.3040230496530778,0.36169962098463765,0.7478861670773543,0.28702156331936507,0.7824871413648157,0.052099521704362
2021-06-24 04:10:00,0.16875871687587168,0.5458167330677288,0.4778853313477287,0.39760757007677205,0.435644082658256,0.00011135857461024499,0.5,0.3040230496530778,0.36169962098463765,0.7478861670773543,0.28702156331936507,0.7824871413648157,0.023665826757396986
2021-06-24 04:20:00,0.099721059972106,0.5192563081009296,0.4778853313477287,0.4265309766113192,0.45471201790318155,0.3562360801781737,0.5,0.3040230496530778,0.36169962098463765,0.7478861670773543,0.28702156331936507,0.7824871413648157,0.0
2021-06-24 04:30:00,0.07043235704323571,0.49269588313413015,0.4620997766195085,0.4251026602392429,0.4600777374985277,0.9995545657015591,0.5,0.3040230496530778,0.36169962098463765,0.7478861670773543,0.28702156331936507,0.7824871413648157,0.0
2021-06-24 04:40:00,0.09274755927475593,0.4661354581673305,0.45197319434102745,0.4108194965184788,0.4600777374985277,0.9995545657015591,0.5,0.3040230496530778,0.36169962098463765,0.7478861670773543,0.28702156331936507,0.7824871413648157,0.0
2021-06-24 04:50:00,0.0808926080892608,-0.24302788844621515,0.44452717795979146,0.4004642028209249,0.4600777374985277,0.9995545657015591,0.5,0.3040230496530778,0.36169962098463765,0.7478861670773543,0.28702156331936507,0.7824871413648157,0.0
2021-06-24 05:00:00,0.07670850767085077,-0.4183266932270917,0.44393149664929243,0.39118014640242826,0.4600777374985277,0.9995545657015591,0.5,0.3027609020409756,0.3575330381285457,0.7709929685372892,0.2681147055697041,0.8586127454423729,0.0
2021-06-24 05:10:00,0.07531380753138076,0.298804780876494,0.4349962769918092,0.3840385645420461,0.4600777374985277,0.9995545657015591,0.5,0.3027609020409756,0.3575330381285457,0.7709929685372892,0.2681147055697041,0.8586127454423729,0.0
2021-06-24 05:20:00,0.08507670850767085,-0.9442231075697212,0.434102755026061,0.37868237814675965,0.4600777374985277,0.9995545657015591,0.5,0.3027609020409756,0.3575330381285457,0.7709929685372892,0.2681147055697041,0.8586127454423729,0.0
2021-06-24 05:30:00,0.0815899581589958,-0.16733067729083673,0.4349962769918092,0.3726120335654348,0.4600777374985277,0.9995545657015591,0.5,0.3027609020409756,0.3575330381285457,0.7709929685372892,0.2681147055697041,0.8586127454423729,0.0
2021-06-24 05:40:00,0.08716875871687588,0.6095617529880477,0.4308265078183171,0.3683270844492055,0.4600777374985277,0.9995545657015591,0.5,0.3027609020409756,0.3575330381285457,0.7709929685372892,0.2681147055697041,0.8586127454423729,0.0
2021-06-24 05:50:00,0.09762900976290097,0.607464877332774,0.42516753536857754,0.3654704517050529,0.4600777374985277,0.9995545657015591,0.5,0.3027609020409756,0.3575330381285457,0.7709929685372892,0.2681147055697041,0.8586127454423729,0.0
2021-06-24 06:00:00,0.10390516039051603,0.6053680016775005,0.42516753536857754,0.36511337261203347,0.4600777374985277,0.9995545657015591,0.5,0.30595289276348003,0.3897938834563666,0.7244430545616499,0.3268757446101045,0.9883005145122417,0.0
2021-06-24 06:10:00,0.09274755927475593,0.6032711260222268,0.4230826507818317,0.3601142653097662,0.4600777374985277,0.9995545657015591,0.5,0.30595289276348003,0.3897938834563666,0.7244430545616499,0.3268757446101045,0.9883005145122417,0.0
2021-06-24 06:20:00,0.07601115760111576,0.601174250366953,0.4192107222635888,0.3569005534725942,0.4600777374985277,0.9995545657015591,0.5,0.30595289276348003,0.3897938834563666,0.7244430545616499,0.3268757446101045,0.9883005145122417,0.0
2021-06-24 06:30:00,0.0794979079497908,0.5990773747116795,0.4189128816083394,0.3540439207284414,0.4600777374985277,0.9995545657015591,0.5,0.30595289276348003,0.3897938834563666,0.7244430545616499,0.3268757446101045,0.9883005145122417,0.0
2021-06-24 06:40:00,0.09274755927475593,0.5969804990564058,0.42040208488458664,0.3511872879842888,0.4600777374985277,0.9995545657015591,0.5,0.30595289276348003,0.3897938834563666,0.7244430545616499,0.3268757446101045,0.9883005145122417,0.0
2021-06-24 06:50:00,0.07670850767085077,0.5948836234011321,0.42903946388682024,0.3472594179610784,0.4600777374985277,0.9995545657015591,0.5,0.30595289276348003,0.3897938834563666,0.7244430545616499,0.3268757446101045,0.9883005145122417,0.0
2021-06-24 07:00:00,0.0599721059972106,0.5927867477458586,0.44065524944154855,0.3472594179610784,0.4600777374985277,0.9995545657015591,0.5,0.30621344709849785,0.38837149827446016,0.7299587080532168,0.3505518199089107,0.02327488477985595,0.0
2021-06-24 07:10:00,0.06903765690376569,0.5906898720905849,0.45227103499627686,0.35297268344938404,0.4600777374985277,0.9995545657015591,0.5,0.30621344709849785,0.38837149827446016,0.7299587080532168,0.3505518199089107,0.02327488477985595,0.0
2021-06-24 07:20:00,0.07810320781032079,0.5885929964353112,0.4656738644825016,0.35440099982146056,0.4600777374985277,0.9995545657015591,0.5,0.30621344709849785,0.38837149827446016,0.7299587080532168,0.3505518199089107,0.02327488477985595,0.0
2021-06-24 07:30:00,0.06485355648535565,0.5864961207800374,0.4802680565897244,0.35797179075165153,0.4600777374985277,0.9995545657015591,0.5,0.30621344709849785,0.38837149827446016,0.7299587080532168,0.3505518199089107,0.02327488477985595,0.0
2021-06-24 07:40:00,0.06764295676429567,0.5843992451247642,0.48711839166046156,0.36368505623995717,0.4600777374985277,0.9995545657015591,0.5,0.30621344709849785,0.38837149827446016,0.7299587080532168,0.3505518199089107,0.02327488477985595,0.0
2021-06-24 07:50:00,0.05090655509065551,0.5823023694694904,0.4859270290394637,0.36511337261203347,0.4600777374985277,0.9995545657015591,0.5,0.30621344709849785,0.38837149827446016,0.7299587080532168,0.3505518199089107,0.02327488477985595,0.0
2021-06-24 08:00:00,0.05439330543933055,0.5802054938142167,0.4918838421444527,0.3654704517050529,0.4600777374985277,0.9995545657015591,0.5,0.33765300312885316,0.380555563537516,0.6858131898609066,0.3102901421534,0.03254194972051382,0.0
2021-06-24 08:10:00,0.0697350069735007,0.578108618158943,0.504988830975428,0.3693983217282628,0.4600777374985277,0.9995545657015591,0.5,0.33765300312885316,0.380555563537516,0.6858131898609066,0.3102901421534,0.03254194972051382,0.0
2021-06-24 08:20:00,0.05788005578800558,0.5760117425036693,0.5082650781831719,0.37689698268166416,0.4600777374985277,0.9995545657015591,0.5,0.33765300312885316,0.380555563537516,0.6858131898609066,0.3102901421534,0.03254194972051382,0.0
2021-06-24 08:30:00,0.0801952580195258,0.5739148668483955,0.5145197319434103,0.3840385645420461,0.4600777374985277,0.9995545657015591,0.5,0.33765300312885316,0.380555563537516,0.6858131898609066,0.3102901421534,0.03254194972051382,0.0
2021-06-24 08:40:00,0.07252440725244073,0.5718179911931223,0.5228592702903945,0.38939475093733256,0.4600777374985277,0.9995545657015591,0.5,0.33765300312885316,0.380555563537516,0.6858131898609066,0.3102901421534,0.03254194972051382,0.0
2021-06-24 08:50:00,0.059274755927475595,0.5697211155378485,0.527922561429635,0.3951080164256384,0.4600777374985277,0.9995545657015591,0.5,0.33765300312885316,0.380555563537516,0.6858131898609066,0.3102901421534,0.03254194972051382,0.0
2021-06-24 09:00:00,0.05718270571827057,-0.5856573705179284,0.5338793745346238,0.40117836100696325,0.4600777374985277,0.9995545657015591,0.5,0.35583594015521847,0.3897622748967685,0.6548685146781642,0.18231121821013083,0.024317582950125736,0.0
2021-06-24 09:10:00,0.06345885634588563,0.12350597609561742,0.54132539091586,0.407962863774326,0.4600777374985277,0.9995545657015591,0.5,0.35583594015521847,0.3897622748967685,0.6548685146781642,0.18231121821013083,0.024317582950125736,0.0
2021-06-24 09:20:00,0.05369595536959554,-0.38645418326693237,0.5463886820551005,0.41546152472772735,0.4600777374985277,0.9995545657015591,0.5,0.35583594015521847,0.3897622748967685,0.6548685146781642,0.18231121821013083,0.024317582950125736,0.0
2021-06-24 09:30:00,0.04602510460251046,-0.31474103585657376,0.5532390171258375,0.4222460274950901,0.4600777374985277,0.9995545657015591,0.5,0.35583594015521847,0.3897622748967685,0.6548685146781642,0.18231121821013083,0.024317582950125736,0.0
2021-06-24 09:40:00,0.08437935843793584,-0.24302788844621515,0.5565152643335813,0.42831637207641493,0.4600777374985277,0.9995545657015591,0.5,0.35583594015521847,0.3897622748967685,0.6548685146781642,0.18231121821013083,0.024317582950125736,0.0
2021-06-24 09:50:00,0.0599721059972106,-0.17131474103585675,0.5630677587490691,0.4358150330298163,0.4600777374985277,0.9995545657015591,0.5,0.35583594015521847,0.3897622748967685,0.6548685146781642,0.18231121821013083,0.024317582950125736,0.0
2021-06-24 10:00:00,0.08507670850767085,-0.09960159362549814,0.5714072970960533,0.4443849312622745,0.4600777374985277,0.9995545657015591,0.5,0.5276662209582144,0.3839692879740948,0.45537987995014184,0.05961805582829296,0.7042783461380792,0.0
2021-06-24 10:10:00,0.0397489539748954,-0.02788844621513953,0.5779597915115411,0.45224067130869505,0.4600777374985277,0.9995545657015591,0.5,0.5276662209582144,0.3839692879740948,0.45537987995014184,0.05961805582829296,0.7042783461380792,0.0
2021-06-24 10:20:00,0.059274755927475595,0.043824701195219085,0.5862993298585255,0.46045349044813433,0.4600777374985277,0.9995545657015591,0.5,0.5276662209582144,0.3839692879740948,0.45537987995014184,0.05961805582829296,0.7042783461380792,0.0
2021-06-24 10:30:00,0.13668061366806136,-0.0643141718838931,0.5934475055845121,0.4690233886805928,0.4600777374985277,0.9995545657015591,0.5,0.5276662209582144,0.3839692879740948,0.45537987995014184,0.05961805582829296,0.7042783461380792,0.0
2021-06-24 10:40:00,0.08647140864714087,-0.17245304496300518,0.5964259121370066,0.4754508123549366,0.4600777374985277,0.9995545657015591,0.5,0.5276662209582144,0.3839692879740948,0.45537987995014184,0.05961805582829296,0.7042783461380792,0.0
2021-06-24 10:50:00,0.07531380753138076,-0.28059191804211725,0.598808637379002,0.4797357614711659,0.4600777374985277,0.9995545657015591,0.5,0.5276662209582144,0.3839692879740948,0.45537987995014184,0.05961805582829296,0.7042783461380792,0.0
2021-06-24 11:00:00,0.17503486750348674,-0.38873079112122944,0.6053611317944898,0.4879485806106054,0.4522385520409365,0.9995545657015591,0.5,0.5465332298498145,0.36955578479743356,0.4219426731681732,0.20552389771104657,0.6156091173226662,0.0
2021-06-24 11:10:00,0.07043235704323571,-0.4968696642003416,0.6074460163812359,0.4933047670058919,0.4138540262527647,0.9995545657015591,0.5,0.5465332298498145,0.36955578479743356,0.4219426731681732,0.20552389771104657,0.6156091173226662,0.0
2021-06-24 11:20:00,0.19595536959553697,-0.6050085372794536,0.6119136262099774,0.5079450098196749,0.4137624164060148,0.9995545657015591,0.5,0.5465332298498145,0.36955578479743356,0.4219426731681732,0.20552389771104657,0.6156091173226662,0.0
2021-06-24 11:30:00,0.18479776847977683,-0.7131474103585658,0.614296351451973,0.5154436707730763,0.3283689521142244,0.4036748329621381,0.5,0.5465332298498145,0.36955578479743356,0.4219426731681732,0.20552389771104657,0.6156091173226662,0.006480377808289452
2021-06-24 11:40:00,0.05439330543933055,-0.5836653386454184,0.6208488458674608,0.5150865916800571,0.33500412244310374,0.7883073496659244,0.5,0.5465332298498145,0.36955578479743356,0.4219426731681732,0.20552389771104657,0.6156091173226662,0.0
2021-06-24 11:50:00,0.0801952580195258,-0.45418326693227096,0.6262099776619507,0.5429387609355474,0.335776262579995,0.9995545657015591,0.5,0.5465332298498145,0.36955578479743356,0.4219426731681732,0.20552389771104657,0.6156091173226662,0.0
2021-06-24 12:00:00,0.19525801952580193,-0.32470119521912355,0.6339538346984361,0.5640064274236742,0.3176113386816034,0.9629175946547884,0.5,0.5568909317285606,0.36288350521685003,0.3899119618309778,0.298200128066448,0.6365631838004455,0.0
2021-06-24 12:10:00,0.16248256624825663,-0.19521912350597614,0.6363365599404316,0.5729334047491519,0.287785790004057,0.06703786191536748,0.5,0.5568909317285606,0.36288350521685003,0.3899119618309778,0.298200128066448,0.6365631838004455,0.0
2021-06-24 12:20:00,0.20223152022315202,0.17928286852589648,0.6393149664929261,0.5740046420282092,0.3116828728847941,0.5167037861915368,0.5,0.5568909317285606,0.36288350521685003,0.3899119618309778,0.298200128066448,0.6365631838004455,0.017457036377627234
2021-06-24 12:30:00,0.21478382147838215,-0.6812749003984064,0.6464631422189129,0.5550794500981968,0.33644370574917226,0.00011135857461024499,0.5,0.5568909317285606,0.36288350521685003,0.3899119618309778,0.298200128066448,0.6365631838004455,0.052446550085248275
2021-06-24 12:40:00,0.22245467224546722,0.346613545816733,0.6539091586001489,0.5615068737725406,0.3003494261297457,0.00011135857461024499,0.5,0.5568909317285606,0.36288350521685003,0.3899119618309778,0.298200128066448,0.6365631838004455,0.0773345202709839
2021-06-24 12:50:00,0.1792189679218968,-0.6095617529880479,0.6607594936708858,0.5682913765399038,0.372197720223528,0.18997772828507795,0.5,0.5568909317285606,0.36288350521685003,0.3899119618309778,0.298200128066448,0.6365631838004455,0.035962701993149965
2021-06-24 13:00:00,0.1492329149232915,-0.3545816733067729,0.6637379002233803,0.5954293876093555,0.30031016476685296,0.8194877505567929,0.5,0.64953207283114,0.3604209110736268,0.2964708770731097,0.33820385340847714,0.6880770102817806,0.0
2021-06-24 13:10:00,0.25662482566248257,0.4581673306772909,0.6652271034996275,0.6125691840742724,0.32783238015468974,0.31915367483296214,0.5,0.64953207283114,0.3604209110736268,0.2964708770731097,0.33820385340847714,0.6880770102817806,0.05250690284714154
2021-06-24 13:20:00,0.14574616457461645,0.7529880478087649,0.6711839166046163,0.6089983931440812,0.3697373414822473,0.2121380846325167,0.5,0.64953207283114,0.3604209110736268,0.2964708770731097,0.33820385340847714,0.6880770102817806,0.02634398056641067
2021-06-24 13:30:00,0.36052998605299863,0.11553784860557759,0.6783320923306031,0.6304231387252275,0.406747719569172,0.44064587973273944,0.5,0.64953207283114,0.3604209110736268,0.2964708770731097,0.33820385340847714,0.6880770102817806,0.06644839084448602
2021-06-24 13:40:00,0.2210599721059972,0.3306772908366533,0.6899478778853312,0.6189966077486162,0.41174699977751894,0.009020044543429844,0.5,0.64953207283114,0.3604209110736268,0.2964708770731097,0.33820385340847714,0.6880770102817806,0.04644899437210496
2021-06-24 13:50:00,0.303347280334728,-0.17928286852589637,0.6827997021593446,0.6204249241206927,0.38960359110599263,0.030734966592427616,0.5,0.64953207283114,0.3604209110736268,0.2964708770731097,0.33820385340847714,0.6880770102817806,0.11848001569171811
2021-06-24 14:00:00,0.33333333333333337,0.11553784860557759,0.6610573343261352,0.5893590430280307,0.4086060907460968,0.004565701559020045,0.5,0.6575934812053672,0.3357231320059651,0.282803484902842,0.3581812335638704,0.7374925516125879,0.15835055901745704
2021-06-24 14:10:00,0.2880055788005579,-0.19521912350597614,0.6539091586001489,0.5797179075165149,0.3756396330371281,0.0017817371937639199,0.5,0.6575934812053672,0.3357231320059651,0.282803484902842,0.3581812335638704,0.7374925516125879,0.1308598759750743
2021-06-24 14:20:00,0.36262203626220363,0.3306772908366533,0.6437825763216678,0.5747188002142476,0.3308685922183979,0.00022271714922048998,0.5,0.6575934812053672,0.3357231320059651,0.282803484902842,0.3581812335638704,0.7374925516125879,0.25370792280881754
2021-06-24 14:30:00,0.200836820083682,-0.14741035856573714,0.635740878629933,0.5665059810748081,0.3680098415149652,0.00044543429844097997,0.5,0.6575934812053672,0.3357231320059651,0.282803484902842,0.3581812335638704,0.7374925516125879,0.10890655883639877
2021-06-24 14:40:00,0.3068340306834031,0.38645418326693215,0.6354430379746834,0.5650776647027316,0.38045569355197556,0.2532293986636971,0.5,0.6575934812053672,0.3357231320059651,0.282803484902842,0.3581812335638704,0.7374925516125879,0.11181857959774884
2021-06-24 14:50:00,0.3688981868898187,-0.33067729083665354,0.6399106478034249,0.5679342974468844,0.36144010679090705,0.000556792873051225,0.5,0.6575934812053672,0.3357231320059651,0.282803484902842,0.3581812335638704,0.7374925516125879,0.23353501214599334
2021-06-24 15:00:00,0.18200836820083682,-0.019920318725099695,0.6494415487714069,0.5822174611676485,0.34161311853005455,0.00022271714922048998,0.5,0.6647103300855204,0.3105627185660062,0.2745854224375019,0.36069714655396246,0.7565564731608313,0.05818760656034522
2021-06-24 15:10:00,0.3410041841004184,0.5378486055776892,0.6607594936708858,0.5979289412604893,0.3971810341442986,0.00033407572383073496,0.5,0.6647103300855204,0.3105627185660062,0.2745854224375019,0.36069714655396246,0.7565564731608313,0.20210631139007498
2021-06-24 15:20:00,0.18619246861924685,-0.043824701195219196,0.6640357408786297,0.6054276022138905,0.44281582494667,0.06982182628062361,0.5,0.6647103300855204,0.3105627185660062,0.2745854224375019,0.36069714655396246,0.7565564731608313,0.02421654570967304
2021-06-24 15:30:00,0.3319386331938633,-0.4183266932270917,0.6717795979151151,0.62542403142296,0.33712423603931374,0.24621380846325167,0.5,0.6647103300855204,0.3105627185660062,0.2745854224375019,0.36069714655396246,0.7565564731608313,0.19332498453460475
2021-06-24 15:40:00,0.4260808926080893,0.1394422310756971,0.6768428890543556,0.6247098732369221,0.3405923230948424,0.139086859688196,0.5,0.6647103300855204,0.3105627185660062,0.2745854224375019,0.36069714655396246,0.7565564731608313,0.22530440424279916
2021-06-24 15:50:00,0.23291492329149233,0.09960159362549792,0.6735666418466117,0.6139975004463487,0.3770661292222324,0.004008908685968819,0.5,0.6647103300855204,0.3105627185660062,0.2745854224375019,0.36069714655396246,0.7565564731608313,0.12199556407200085
2021-06-24 16:00:00,0.2796373779637378,-0.2828685258964144,0.6798212956068501,0.62542403142296,0.367093743047467,0.019487750556792874,0.5,0.7142433034500768,0.2844626688543619,0.2338135403751441,0.35272354019138824,0.7614647689734954,0.1517570197806177
2021-06-24 16:10:00,0.41143654114365413,0.7051792828685257,0.6783320923306031,0.6214961613997501,0.3548441978249205,0.12438752783964366,0.5,0.7142433034500768,0.2844626688543619,0.2338135403751441,0.35272354019138824,0.7614647689734954,0.28357499585074764
2021-06-24 16:20:00,0.1903765690376569,-0.17131474103585675,0.683097542814594,0.631851455097304,0.43230686681237,0.16169265033407573,0.5,0.7142433034500768,0.2844626688543619,0.2338135403751441,0.35272354019138824,0.7614647689734954,0.02073117371033692
2021-06-24 16:30:00,0.21478382147838215,0.05976095617529875,0.6884586746090839,0.6382788787716478,0.41551609061522554,0.005902004454342985,0.5,0.7142433034500768,0.2844626688543619,0.2338135403751441,0.35272354019138824,0.7614647689734954,0.06303091570227982
2021-06-24 16:40:00,0.299163179916318,-0.17928286852589637,0.6893521965748324,0.6475629351901446,0.3378178534504194,0.01002227171492205,0.5,0.7142433034500768,0.2844626688543619,0.2338135403751441,0.35272354019138824,0.7614647689734954,0.16720732682529385
2021-06-24 16:50:00,0.1882845188284519,0.31474103585657365,0.6848845867460907,0.6411355115158008,0.3418617738283755,0.00044543429844097997,0.5,0.7142433034500768,0.2844626688543619,0.2338135403751441,0.35272354019138824,0.7614647689734954,0.05959080827436365
2021-06-24 17:00:00,0.32914923291492326,0.2669322709163344,0.6950111690245717,0.6468487770041065,0.414979518655691,0.0027839643652561247,0.5,0.7185100974810745,0.263687224682261,0.2281233906495128,0.3277052661225878,0.7563937424870855,0.1683917497774492
2021-06-24 17:10:00,0.2280334728033473,-0.649402390438247,0.6959046909903199,0.6497054097482591,0.3695017733048907,0.00022271714922048998,0.5,0.7185100974810745,0.263687224682261,0.2281233906495128,0.3277052661225878,0.7563937424870855,0.07987688036573773
2021-06-24 17:20:00,0.1492329149232915,-0.9920318725099602,0.6962025316455693,0.6525620424924121,0.3087644449097643,0.31247216035634745,0.5,0.7185100974810745,0.263687224682261,0.2281233906495128,0.3277052661225878,0.7563937424870855,0.020044661043801017
2021-06-24 17:30:00,0.34239888423988846,0.7290836653386452,0.7128816083395382,0.6622031780039279,0.3317061679601105,0.5570155902004454,0.5,0.7185100974810745,0.263687224682261,0.2281233906495128,0.3277052661225878,0.7563937424870855,0.03947070627819606
2021-06-24 17:40:00,0.3856345885634589,0.2350597609561753,0.7230081906180192,0.6814854490269593,0.38264124275300676,0.007015590200445435,0.5,0.7185100974810745,0.263687224682261,0.2281233906495128,0.3277052661225878,0.7563937424870855,0.2599770659504806
2021-06-24 17:50:00,0.2510460251046025,-0.059760956175298974,0.7096053611317943,0.6629173361899661,0.39406629935480497,0.0044543429844098,0.5,0.7185100974810745,0.263687224682261,0.2281233906495128,0.3277052661225878,0.7563937424870855,0.09939345474297268
2021-06-24 18:00:00,0.17503486750348674,-0.059760956175298974,0.706031273268801,0.6643456525620426,0.3574747091387365,0.020824053452115816,0.5,0.6771037377806788,0.2316620067987135,0.25610150303903706,0.37111473721597743,0.722662004220051,0.012228978378623053
2021-06-24 18:10:00,0.2733612273361227,-0.6653386454183268,0.7084139985107967,0.6736297089805392,0.37518158380337907,0.5331848552338531,0.5,0.6771037377806788,0.2316620067987135,0.25610150303903706,0.37111473721597743,0.722662004220051,0.031036407803612113
2021-06-24 18:20:00,0.22594142259414227,-0.14741035856573714,0.7173492181682797,0.6747009462595965,0.37497218986795094,0.00033407572383073496,0.5,0.6771037377806788,0.2316620067987135,0.25610150303903706,0.37111473721597743,0.722662004220051,0.0784208699850627
2021-06-24 18:30:00,0.24755927475592746,-0.23505976095617542,0.7125837676842888,0.6654168898410999,0.31975762651974193,0.00033407572383073496,0.5,0.6771037377806788,0.2316620067987135,0.25610150303903706,0.37111473721597743,0.722662004220051,0.0971302261719752
2021-06-24 18:40:00,0.25383542538354253,0.22709163346613526,0.7212211466865226,0.6679164434922336,0.332844747484001,0.0010022271714922048,0.5,0.6771037377806788,0.2316620067987135,0.25610150303903706,0.37111473721597743,0.722662004220051,0.10505907026570303
2021-06-24 18:50:00,0.47698744769874474,0.3306772908366533,0.7209233060312732,0.6607748616318514,0.3841331745429323,0.025389755011135856,0.5,0.6771037377806788,0.2316620067987135,0.25610150303903706,0.37111473721597743,0.722662004220051,0.32474312355719176
2021-06-24 19:00:00,0.2733612273361227,-0.15537848605577698,0.7096053611317943,0.6561328334226031,0.39109552289591815,0.005345211581291759,0.5,0.6757764515848221,0.2323976241857194,0.25606383924432985,0.3226878602356151,0.7367433456282635,0.10110596436169411
2021-06-24 19:10:00,0.4700139470013947,-0.10756972111553798,0.7078183172002976,0.6625602570969469,0.34484563740822655,0.04977728285077951,0.5,0.6757764515848221,0.2323976241857194,0.25606383924432985,0.3226878602356151,0.7367433456282635,0.2697391251867164
2021-06-24 19:20:00,0.22733612273361226,-0.33067729083665354,0.7054355919583022,0.6579182288876986,0.33411419821753413,0.000556792873051225,0.5,0.6757764515848221,0.2323976241857194,0.25606383924432985,0.3226878602356151,0.7367433456282635,0.0811669206512063
2021-06-24 19:30:00,0.2796373779637378,0.3067729083665336,0.7078183172002976,0.6657739689341189,0.3641491408305087,0.0014476614699331849,0.5,0.6757764515848221,0.2323976241857194,0.25606383924432985,0.3226878602356151,0.7367433456282635,0.12334595711936268
2021-06-24 19:40:00,0.3117154811715481,-0.17928286852589637,0.7042442293373044,0.6611319407248706,0.3477509782622921,0.00033407572383073496,0.5,0.6757764515848221,0.2323976241857194,0.25606383924432985,0.3226878602356151,0.7367433456282635,0.16534393530183925
2021-06-24 19:50:00,0.2196652719665272,-0.38645418326693237,0.7012658227848099,0.6536332797714692,0.32317336509141353,0.00033407572383073496,0.5,0.6757764515848221,0.2323976241857194,0.25606383924432985,0.3226878602356151,0.7367433456282635,0.087730283507099
2021-06-24 20:00:00,0.3723849372384937,0.3705179282868525,0.6973938942665674,0.6507766470273164,0.3088691418774784,0.00033407572383073496,0.5,0.684407864258262,0.21853870755473323,0.24217426872952666,0.2886608702543756,0.7441221976826728,0.2411545483350182
2021-06-24 20:10:00,0.4260808926080893,-0.003984063745020028,0.6893521965748324,0.6404213533297625,0.30651346010391173,0.00022271714922048998,0.5,0.684407864258262,0.21853870755473323,0.24217426872952666,0.2886608702543756,0.7441221976826728,0.29932706670489007
2021-06-24 20:20:00,0.3577405857740586,0.2669322709163344,0.6869694713328367,0.6368505623995715,0.322440486317415,0.00022271714922048998,0.5,0.684407864258262,0.21853870755473323,0.24217426872952666,0.2886608702543756,0.7441221976826728,0.22190956138630294
2021-06-24 20:30:00,0.3417015341701534,-0.1872509960159363,0.6878629932985851,0.6361364042135333,0.3189069636570651,0.00022271714922048998,0.5,0.684407864258262,0.21853870755473323,0.24217426872952666,0.2886608702543756,0.7441221976826728,0.18062827225130892
2021-06-24 20:40:00,0.3117154811715481,-0.11553784860557781,0.6833953834698434,0.6361364042135333,0.3217599560272736,0.00033407572383073496,0.5,0.684407864258262,0.21853870755473323,0.24217426872952666,0.2886608702543756,0.7441221976826728,0.15452570273247132
2021-06-24 20:50:00,0.33821478382147835,0.12350597609561742,0.677140729709605,0.6307802178182469,0.3165120205206057,0.00022271714922048998,0.5,0.684407864258262,0.21853870755473323,0.24217426872952666,0.2886608702543756,0.7441221976826728,0.1883157052974637
2021-06-24 21:00:00,0.3110181311018131,-0.19521912350597614,0.6699925539836187,0.6272094268880557,0.3103087251835469,0.00022271714922048998,0.5,0.7060841038174945,0.2311045467476219,0.2217443866045227,0.2784463994883963,0.7279884474959628,0.15472939330386107
2021-06-24 21:10:00,0.33751743375174337,-0.3067729083665339,0.6643335815338791,0.6239957150508837,0.3015010927746005,0.00022271714922048998,0.5,0.7060841038174945,0.2311045467476219,0.2217443866045227,0.2784463994883963,0.7279884474959628,0.174555275585799
2021-06-24 21:20:00,0.29358437935843795,0.5537848605577689,0.6598659717051376,0.6136404213533297,0.2938582141314732,0.00022271714922048998,0.5,0.7060841038174945,0.2311045467476219,0.2217443866045227,0.2784463994883963,0.7279884474959628,0.13419436606967727
2021-06-24 21:30:00,0.2789400278940028,-0.02788844621513953,0.6562918838421443,0.6079271558650241,0.3042886495399877,0.00044543429844097997,0.5,0.7060841038174945,0.2311045467476219,0.2217443866045227,0.2784463994883963,0.7279884474959628,0.11938530712011709
2021-06-24 21:40:00,0.24616457461645744,-0.40239043824701204,0.6539091586001489,0.6079271558650241,0.30771747523262355,0.00022271714922048998,0.5,0.7060841038174945,0.2311045467476219,0.2217443866045227,0.2784463994883963,0.7279884474959628,0.09286781236326327
2021-06-24 21:50:00,0.24755927475592746,-0.01195219123505975,0.6491437081161577,0.607212997678986,0.30771747523262355,0.00033407572383073496,0.5,0.7060841038174945,0.2311045467476219,0.2217443866045227,0.2784463994883963,0.7279884474959628,0.09270184226805679
2021-06-24 22:00:00,0.21199442119944212,-0.24302788844621515,0.6470588235294115,0.6007855740046419,0.30771747523262355,0.00033407572383073496,0.5,0.5816532993042878,0.24437439476792253,0.2918701874832685,0.19699609868781046,0.6992754988556261,0.07159346379588696
2021-06-24 22:10:00,0.16248256624825663,-0.0916334661354582,0.645271779597915,0.6029280485627568,0.30771747523262355,0.00022271714922048998,0.5,0.5816532993042878,0.24437439476792253,0.2918701874832685,0.19699609868781046,0.6992754988556261,0.04524193913423963
2021-06-24 22:20:00,0.12552301255230125,-0.21115537848605592,0.643186895011169,0.6086413140510623,0.30771747523262355,0.00033407572383073496,0.5,0.5816532993042878,0.24437439476792253,0.2918701874832685,0.19699609868781046,0.6992754988556261,0.02113101075787981
2021-06-24 22:30:00,0.10390516039051603,-0.47410358565737054,0.6396128071481755,0.6147116586323871,0.30771747523262355,0.00033407572383073496,0.5,0.5816532993042878,0.24437439476792253,0.2918701874832685,0.19699609868781046,0.6992754988556261,0.0015088190473316536
2021-06-24 22:40:00,0.10320781032078104,-0.5458167330677292,0.6396128071481755,0.6279235850740938,0.30771747523262355,0.00033407572383073496,0.5,0.5816532993042878,0.24437439476792253,0.2918701874832685,0.19699609868781046,0.6992754988556261,0.0
2021-06-24 22:50:00,0.09553695955369597,-0.7450199203187251,0.636634400595681,0.6304231387252275,0.3070892934263391,0.0006681514476614699,0.5,0.5816532993042878,0.24437439476792253,0.2918701874832685,0.19699609868781046,0.6992754988556261,0.0
2021-06-24 23:00:00,0.0815899581589958,0.6972111553784857,0.6363365599404316,0.5950723085163365,0.2912407899386214,0.48285077951002225,0.5,0.5318353571432146,0.2525811262417141,0.3727509673698383,0.16902769956826008,0.6961965037529596,0.0
2021-06-24 23:10:00,0.08926080892608089,0.4374501992031872,0.6390171258376767,0.5850740939118015,0.2912407899386214,0.9992204899777284,0.5,0.5318353571432146,0.2525811262417141,0.3727509673698383,0.16902769956826008,0.6961965037529596,0.0
2021-06-24 23:20:00,0.059274755927475595,0.17768924302788847,0.6396128071481755,0.5936439921442598,0.2912407899386214,0.9992204899777284,0.5,0.5318353571432146,0.2525811262417141,0.3727509673698383,0.16902769956826008,0.6961965037529596,0.0
2021-06-24 23:30:00,0.1499302649930265,-0.08207171314741035,0.6416976917349215,0.5943581503302982,0.2912407899386214,0.9992204899777284,0.5,0.5318353571432146,0.2525811262417141,0.3727509673698383,0.16902769956826008,0.6961965037529596,0.0
2021-06-24 23:40:00,0.2085076708507671,-0.34183266932270906,0.6455696202531644,0.5922156757721835,0.4025991022235018,0.9229398663697105,0.5,0.5318353571432146,0.2525811262417141,0.3727509673698383,0.16902769956826008,0.6961965037529596,0.0
2021-06-24 23:50:00,0.11018131101813111,-0.601593625498008,0.645271779597915,0.6068559185859668,0.4800748583319156,0.12895322939866372,0.5,0.5318353571432146,0.2525811262417141,0.3727509673698383,0.16902769956826008,0.6961965037529596,0.0
2021-06-25 00:00:00,0.10599721059972106,-0.4410927717700627,0.650632911392405,0.6068559185859668,0.46753739644815534,0.9995545657015591,0.5,0.531110661214993,0.24692894108451946,0.40371732776771513,0.14181907210594244,0.7420606305243803,0.0
2021-06-25 00:10:00,0.11436541143654114,-0.28059191804211725,0.6562918838421443,0.6000714158186038,0.46753739644815534,0.9995545657015591,0.5,0.531110661214993,0.24692894108451946,0.40371732776771513,0.14181907210594244,0.7420606305243803,0.0
2021-06-25 00:20:00,0.08298465829846582,-0.12009106431417194,0.6553983618763959,0.5936439921442598,0.46753739644815534,0.9995545657015591,0.5,0.531110661214993,0.24692894108451946,0.40371732776771513,0.14181907210594244,0.7420606305243803,0.0
2021-06-25 00:30:00,0.06555090655509065,0.04040978941377338,0.6545048399106477,0.5882878057489733,0.46753739644815534,0.9995545657015591,0.5,0.531110661214993,0.24692894108451946,0.40371732776771513,0.14181907210594244,0.7420606305243803,0.0
2021-06-25 00:40:00,0.08926080892608089,0.2009106431417187,0.6488458674609083,0.5825745402606679,0.46753739644815534,0.9995545657015591,0.5,0.531110661214993,0.24692894108451946,0.40371732776771513,0.14181907210594244,0.7420606305243803,0.0
2021-06-25 00:50:00,0.07182705718270573,0.361411496869664,0.6449739389426654,0.5779325120514194,0.46753739644815534,0.9995545657015591,0.5,0.531110661214993,0.24692894108451946,0.40371732776771513,0.14181907210594244,0.7420606305243803,0.0
2021-06-25 01:00:00,0.07810320781032079,0.5219123505976095,0.635740878629933,0.5743617211212282,0.46753739644815534,0.9995545657015591,0.5,0.4761627470671794,0.24666745209148094,0.3712695247780214,0.13518179702715927,0.8904442903763962,0.0
2021-06-25 01:10:00,0.12273361227336123,0.4847277556440901,0.6220402084884586,0.5665059810748081,0.46753739644815534,0.9995545657015591,0.5,0.4761627470671794,0.24666745209148094,0.3712695247780214,0.13518179702715927,0.8904442903763962,0.0
2021-06-25 01:20:00,0.16666666666666669,0.4475431606905709,0.614296351451973,0.5615068737725406,0.46753739644815534,0.9995545657015591,0.5,0.4761627470671794,0.24666745209148094,0.3712695247780214,0.13518179702715927,0.8904442903763962,0.0
2021-06-25 01:30:00,0.20571827057182707,0.41035856573705165,0.6175725986597167,0.5640064274236742,0.5072829828166102,0.18752783964365258,0.5,0.4761627470671794,0.24666745209148094,0.3712695247780214,0.13518179702715927,0.8904442903763962,0.03528373342185072
2021-06-25 01:40:00,0.09344490934449094,-0.06772908366533881,0.6303797468354431,0.6136404213533297,0.5286280771093168,0.004788418708240535,0.5,0.4761627470671794,0.24666745209148094,0.3712695247780214,0.13518179702715927,0.8904442903763962,0.002949741237533383
2021-06-25 01:50:00,0.11576011157601115,-0.20318725099601598,0.6330603127326879,0.6118550258882343,0.532331732342202,0.47672605790645883,0.5,0.4761627470671794,0.24666745209148094,0.3712695247780214,0.13518179702715927,0.8904442903763962,0.0
2021-06-25 02:00:00,0.21199442119944212,0.7928286852589641,0.6312732688011911,0.5947152294233171,0.5382732852599756,0.7969933184855233,0.5,0.4436321114206647,0.22953273928397858,0.3978100722624921,0.21981749189770267,0.011504724242777974,0.009618721426739292
2021-06-25 02:10:00,0.2315202231520223,0.2828685258964143,0.6259121370067011,0.6007855740046419,0.5588855007786836,0.00022271714922048998,0.5,0.4436321114206647,0.22953273928397858,0.3978100722624921,0.21981749189770267,0.011504724242777974,0.09154005160161142
2021-06-25 02:20:00,0.2622036262203626,0.41035856573705165,0.6077438570364853,0.5711480092840564,0.5710565232754446,0.00022271714922048998,0.5,0.4436321114206647,0.22953273928397858,0.3978100722624921,0.21981749189770267,0.011504724242777974,0.10672631531300451
2021-06-25 02:30:00,0.2873082287308229,0.17928286852589648,0.6005956813104989,0.54186752365649,0.5865124131342345,0.00022271714922048998,0.5,0.4436321114206647,0.22953273928397858,0.3978100722624921,0.21981749189770267,0.011504724242777974,0.13825308930699942
2021-06-25 02:40:00,0.33333333333333337,0.2589641434262948,0.591362620997766,0.5172290662381716,0.5865516744971274,0.00022271714922048998,0.5,0.4436321114206647,0.22953273928397858,0.3978100722624921,0.21981749189770267,0.011504724242777974,0.17783695701374533
2021-06-25 02:50:00,0.30474198047419804,0.4262948207171313,0.5830230826507816,0.5079450098196749,0.5966811061234639,0.00022271714922048998,0.5,0.4436321114206647,0.22953273928397858,0.3978100722624921,0.21981749189770267,0.011504724242777974,0.13924136578300164
2021-06-25 03:00:00,0.25313807531380755,0.298804780876494,0.5767684288905432,0.49973219068023567,0.6086427346847968,0.00022271714922048998,0.5,0.4527032178727197,0.22452421934041622,0.381405397234463,0.3217749914884518,0.062294511875211254,0.10995518807429425
2021-06-25 03:10:00,0.24895397489539747,-0.07569721115537853,0.5639612807148173,0.4897339760757007,0.6141916739736426,0.00022271714922048998,0.5,0.4527032178727197,0.22452421934041622,0.381405397234463,0.3217749914884518,0.062294511875211254,0.1106492448360668
2021-06-25 03:20:00,0.2775453277545328,-0.1872509960159363,0.5526433358153384,0.4811640778432422,0.6078836816688696,0.00022271714922048998,0.5,0.4527032178727197,0.22452421934041622,0.381405397234463,0.3217749914884518,0.062294511875211254,0.12619762511881952
2021-06-25 03:30:00,0.3054393305439331,0.49800796812749004,0.5454951600893521,0.4750937332619174,0.6003978484773135,0.00044543429844097997,0.5,0.4527032178727197,0.22452421934041622,0.381405397234463,0.3217749914884518,0.062294511875211254,0.14531436244851156
2021-06-25 03:40:00,0.296373779637378,0.12350597609561742,0.5395383469843631,0.4622388859132296,0.6003978484773135,0.00022271714922048998,0.5,0.4527032178727197,0.22452421934041622,0.381405397234463,0.3217749914884518,0.062294511875211254,0.14201759283009188
2021-06-25 03:50:00,0.29776847977684795,0.09960159362549792,0.5350707371556216,0.45545438314586684,0.6003978484773135,0.00033407572383073496,0.5,0.4527032178727197,0.22452421934041622,0.381405397234463,0.3217749914884518,0.062294511875211254,0.13795132549753308
2021-06-25 04:00:00,0.30474198047419804,0.1394422310756971,0.5294117647058822,0.45045527584359935,0.6003978484773135,0.00033407572383073496,0.5,0.3415452753180799,0.20959061168309862,0.4889856227023659,0.39679743855141136,0.08842069657998725,0.15227756235194714
2021-06-25 04:10:00,0.3368200836820084,0.08366533864541825,0.5261355174981384,0.44724156400642756,0.6003978484773135,0.00022271714922048998,0.5,0.3415452753180799,0.20959061168309862,0.4889856227023659,0.39679743855141136,0.08842069657998725,0.1746080842524556
2021-06-25 04:20:00,0.3542538354253836,0.13147410358565725,0.5249441548771405,0.4450990894483129,0.6003978484773135,0.00033407572383073496,0.5,0.3415452753180799,0.20959061168309862,0.4889856227023659,0.39679743855141136,0.08842069657998725,0.19843988110505908
2021-06-25 04:30:00,0.3758716875871687,0.17131474103585642,0.5207743857036482,0.4433136939832174,0.6003978484773135,0.00033407572383073496,0.5,0.3415452753180799,0.20959061168309862,0.4889856227023659,0.39679743855141136,0.08842069657998725,0.2264209303378246
2021-06-25 04:40:00,0.41841004184100417,0.1633466135458166,0.5201787043931496,0.4433136939832174,0.6003978484773135,0.00022271714922048998,0.5,0.3415452753180799,0.20959061168309862,0.4889856227023659,0.39679743855141136,0.08842069657998725,0.28930096413537126
2021-06-25 04:50:00,0.41283124128312415,0.07569721115537842,0.5172002978406551,0.4433136939832174,0.6003978484773135,0.00022271714922048998,0.5,0.3415452753180799,0.20959061168309862,0.4889856227023659,0.39679743855141136,0.08842069657998725,0.29025906423042686
2021-06-25 05:00:00,0.3926080892608089,-0.33067729083665354,0.5172002978406551,0.44545616854133185,0.5985394773003887,0.00033407572383073496,0.5,0.342856251853181,0.20107641512957966,0.4568092019371619,0.4351099446228695,0.10506582136228118,0.25365511414216096
2021-06-25 05:10:00,0.39051603905160387,-0.05179282868525903,0.5154132539091583,0.4497411176575612,0.5891429244480506,0.00022271714922048998,0.5,0.342856251853181,0.20107641512957966,0.4568092019371619,0.4351099446228695,0.10506582136228118,0.25558640252274545
2021-06-25 05:20:00,0.3647140864714087,0.12350597609561742,0.5136262099776618,0.44724156400642756,0.5926502728664721,0.00022271714922048998,0.5,0.342856251853181,0.20107641512957966,0.4568092019371619,0.4351099446228695,0.10506582136228118,0.22555335938560891
2021-06-25 05:30:00,0.4379358437935844,-0.3784860557768924,0.5091586001489203,0.44724156400642756,0.5966025833976784,0.00022271714922048998,0.5,0.342856251853181,0.20107641512957966,0.4568092019371619,0.4351099446228695,0.10506582136228118,0.31719902832053354
2021-06-25 05:40:00,0.4783821478382148,0.29083665338645415,0.5037974683544302,0.44224245670416007,0.5891429244480506,0.00033407572383073496,0.5,0.342856251853181,0.20107641512957966,0.4568092019371619,0.4351099446228695,0.10506582136228118,0.4033224195422243
2021-06-25 05:50:00,0.45188284518828453,0.3705179282868525,0.49843633655994046,0.43474379575075894,0.5891429244480506,0.00022271714922048998,0.5,0.342856251853181,0.20107641512957966,0.4568092019371619,0.4351099446228695,0.10506582136228118,0.36502859212094696
2021-06-25 06:00:00,0.45676429567642957,0.19521912350597592,0.4939687267311985,0.42974468844849145,0.5891429244480506,0.00022271714922048998,0.5,0.4366536778618535,0.1959903105397303,0.3964328708802688,0.486786956919262,0.14512272173489577,0.36729936478718106
2021-06-25 06:10:00,0.399581589958159,-0.043824701195219196,0.49009679821295604,0.42938760935547227,0.5891429244480506,0.00022271714922048998,0.5,0.4366536778618535,0.1959903105397303,0.3964328708802688,0.486786956919262,0.14512272173489577,0.26867540775834753
2021-06-25 06:20:00,0.398884239888424,-0.17928286852589637,0.4862248696947131,0.43402963756472057,0.5891429244480506,0.00022271714922048998,0.5,0.4366536778618535,0.1959903105397303,0.3964328708802688,0.486786956919262,0.14512272173489577,0.2791315237563559
2021-06-25 06:30:00,0.4504881450488145,0.13147410358565725,0.4847356664184659,0.4358150330298163,0.5891429244480506,0.00022271714922048998,0.5,0.4366536778618535,0.1959903105397303,0.3964328708802688,0.486786956919262,0.14512272173489577,0.3563227062178433
2021-06-25 06:40:00,0.4379358437935844,0.20318725099601576,0.4847356664184659,0.42938760935547227,0.5891429244480506,0.00022271714922048998,0.5,0.4366536778618535,0.1959903105397303,0.3964328708802688,0.486786956919262,0.14512272173489577,0.33533503326946
2021-06-25 06:50:00,0.397489539748954,-0.21912350597609564,0.4847356664184659,0.42938760935547227,0.5891429244480506,0.00022271714922048998,0.5,0.4366536778618535,0.1959903105397303,0.3964328708802688,0.486786956919262,0.14512272173489577,0.2722437648052869
2021-06-25 07:00:00,0.39121338912133896,-0.2749003984063746,0.48235294117647043,0.42938760935547227,0.5891429244480506,0.00022271714922048998,0.5,0.4307012520416258,0.19922300413497407,0.3938147932986852,0.47696604168781465,0.15374373146255976,0.2716326930911176
2021-06-25 07:10:00,0.3933054393305439,-0.2270916334661356,0.47848101265822773,0.42938760935547227,0.5891298373270863,0.00022271714922048998,0.5,0.4307012520416258,0.19922300413497407,0.3938147932986852,0.47696604168781465,0.15374373146255976,0.26945244956772335
2021-06-25 07:20:00,0.3821478382147839,-0.07569721115537853,0.47848101265822773,0.42795929298339574,0.5891298373270863,0.00022271714922048998,0.5,0.4307012520416258,0.19922300413497407,0.3938147932986852,0.47696604168781465,0.15374373146255976,0.24964919957149542
2021-06-25 07:30:00,0.4225941422594142,0.21912350597609564,0.47848101265822773,0.4243885020532048,0.5904778107864052,0.00022271714922048998,0.5,0.4307012520416258,0.19922300413497407,0.3938147932986852,0.47696604168781465,0.15374373146255976,0.29534378441993453
2021-06-25 07:40:00,0.3368200836820084,-0.14741035856573714,0.47848101265822773,0.4193893947509373,0.6002931515095995,0.00022271714922048998,0.5,0.4307012520416258,0.19922300413497407,0.3938147932986852,0.47696604168781465,0.15374373146255976,0.1850792884409373
2021-06-25 07:50:00,0.28451882845188287,0.2589641434262948,0.47848101265822773,0.41831815747187995,0.6002931515095995,0.00022271714922048998,0.5,0.4307012520416258,0.19922300413497407,0.3938147932986852,0.47696604168781465,0.15374373146255976,0.1279176788327776
2021-06-25 08:00:00,0.3193863319386332,0.49003984063745,0.47848101265822773,0.41403320835565083,0.6002931515095995,0.00022271714922048998,0.5,0.43912911080996975,0.1995419632363716,0.3808275052732483,0.4298249940221662,0.16911023483214788,0.14759267920998234
2021-06-25 08:10:00,0.19316596931659694,0.2749003984063745,0.48056589724497356,0.41546152472772735,0.6132755755061444,0.00044543429844097997,0.5,0.43912911080996975,0.1995419632363716,0.3808275052732483,0.4298249940221662,0.16911023483214788,0.06604855379694313
2021-06-25 08:20:00,0.19665271966527195,0.027888446215139417,0.48324646314221864,0.4226031065881093,0.6141524126107497,0.00044543429844097997,0.5,0.43912911080996975,0.1995419632363716,0.3808275052732483,0.4298249940221662,0.16911023483214788,0.06211053608340752
2021-06-25 08:30:00,0.2615062761506276,-0.13147410358565736,0.4850335070737155,0.4240314229601856,0.6141524126107497,0.00033407572383073496,0.5,0.43912911080996975,0.1995419632363716,0.3808275052732483,0.4298249940221662,0.16911023483214788,0.10172458017110009
2021-06-25 08:40:00,0.3507670850767085,0.09960159362549792,0.4924795234549515,0.4254597393322621,0.6141524126107497,0.00022271714922048998,0.5,0.43912911080996975,0.1995419632363716,0.3808275052732483,0.4298249940221662,0.16911023483214788,0.19524872881995264
2021-06-25 08:50:00,0.37308228730822873,-0.26693227091633476,0.5037974683544302,0.42795929298339574,0.6141524126107497,0.00033407572383073496,0.5,0.43912911080996975,0.1995419632363716,0.3808275052732483,0.4298249940221662,0.16911023483214788,0.22741675090906346
2021-06-25 09:00:00,0.39191073919107394,-0.15537848605577698,0.5157110945644079,0.43617211212283524,0.6182094201096701,0.00033407572383073496,0.5,0.4535256383531179,0.208084894844068,0.35994451628464547,0.43464953229254,0.21312139093191984,0.24884952547640962
2021-06-25 09:10:00,0.398884239888424,0.13147410358565725,0.5258376768428887,0.4490269594715228,0.6285875070343275,0.0016703786191536749,0.5,0.4535256383531179,0.208084894844068,0.35994451628464547,0.43464953229254,0.21312139093191984,0.2539267015706806
2021-06-25 09:20:00,0.4086471408647141,0.06772908366533859,0.5347728965003722,0.4558114622388858,0.6254073366400126,0.007015590200445435,0.5,0.4535256383531179,0.208084894844068,0.35994451628464547,0.43464953229254,0.21312139093191984,0.28781477737374955
2021-06-25 09:30:00,0.42189679218967924,-0.11553784860557781,0.5451973194341024,0.4658096768434208,0.6320686812108205,0.0089086859688196,0.5,0.4535256383531179,0.208084894844068,0.35994451628464547,0.43464953229254,0.21312139093191984,0.28401255337447384
2021-06-25 09:40:00,0.3849372384937238,0.07569721115537842,0.5538346984363365,0.48901981788966253,0.6328539084686761,0.0026726057906458797,0.5,0.4535256383531179,0.208084894844068,0.35994451628464547,0.43464953229254,0.21312139093191984,0.23709582509769603
2021-06-25 09:50:00,0.3933054393305439,-0.15537848605577698,0.5615785554728219,0.507587930726656,0.6211801965685568,0.0017817371937639199,0.5,0.4535256383531179,0.208084894844068,0.35994451628464547,0.43464953229254,0.21312139093191984,0.24772545528614753
2021-06-25 10:00:00,0.3800557880055788,0.08366533864541825,0.573790022338049,0.5225852526334585,0.6458886809490779,0.00155902004454343,0.5,0.6668274507933531,0.20286086199415607,0.24236043186296163,0.37817760846273496,0.27649643768188636,0.22333539538603137
2021-06-25 10:10:00,0.3186889818688982,0.08366533864541825,0.5830230826507816,0.5365113372612034,0.630786143356323,0.0006681514476614699,0.5,0.6668274507933531,0.20286086199415607,0.24236043186296163,0.37817760846273496,0.27649643768188636,0.1579959865413341
2021-06-25 10:20:00,0.3200836820083682,-0.2749003984063746,0.5940431868950109,0.5457953936797,0.6338223554200312,0.000556792873051225,0.5,0.6668274507933531,0.20286086199415607,0.24236043186296163,0.37817760846273496,0.27649643768188636,0.1562608446369027
2021-06-25 10:30:00,0.3270571827057183,0.29083665338645415,0.6050632911392404,0.5593643992144262,0.6444883590059023,0.000556792873051225,0.5,0.6668274507933531,0.20286086199415607,0.24236043186296163,0.37817760846273496,0.27649643768188636,0.17494002444286857
2021-06-25 10:40:00,0.3068340306834031,-0.03585657370517936,0.6160833953834697,0.5690055347259417,0.6429048173692269,0.000779510022271715,0.5,0.6668274507933531,0.20286086199415607,0.24236043186296163,0.37817760846273496,0.27649643768188636,0.14904114549542075
2021-06-25 10:50:00,0.3193863319386332,0.5059760956175297,0.6265078183172001,0.5779325120514194,0.6405098742327675,0.0016703786191536749,0.5,0.6668274507933531,0.20286086199415607,0.24236043186296163,0.37817760846273496,0.27649643768188636,0.16317123587368168
2021-06-25 11:00:00,0.33054393305439334,-0.06772908366533881,0.6327624720774385,0.5854311730048205,0.6589888890343013,0.002561247216035635,0.5,0.671460728571557,0.18656233926329108,0.2390135535130873,0.29145350438115075,0.3263564990196453,0.16901036558685517
2021-06-25 11:10:00,0.32147838214783825,0.1633466135458166,0.6405063291139239,0.5918585966791645,0.6702307259425999,0.0024498886414253897,0.5,0.671460728571557,0.18656233926329108,0.2390135535130873,0.29145350438115075,0.3263564990196453,0.15616277139882614
2021-06-25 11:20:00,0.16596931659693165,-0.06772908366533881,0.6473566641846609,0.6039992858418142,0.6595647223567288,0.015033407572383075,0.5,0.671460728571557,0.18656233926329108,0.2390135535130873,0.29145350438115075,0.3263564990196453,0.030772364470329074
2021-06-25 11:30:00,0.20223152022315202,-0.4103585657370519,0.6565897244973937,0.6018568112836993,0.6718927903050608,0.1838530066815145,0.5,0.671460728571557,0.18656233926329108,0.2390135535130873,0.29145350438115075,0.3263564990196453,0.0
2021-06-25 11:40:00,0.22873082287308227,0.15537848605577675,0.6646314221891287,0.6007855740046419,0.6578503095104108,0.005011135857461025,0.5,0.671460728571557,0.18656233926329108,0.2390135535130873,0.29145350438115075,0.3263564990196453,0.07922054408014848
2021-06-25 11:50:00,0.2112970711297071,0.2350597609561753,0.6705882352941175,0.6168541331905018,0.6904110664694874,0.00033407572383073496,0.5,0.671460728571557,0.18656233926329108,0.2390135535130873,0.29145350438115075,0.3263564990196453,0.06735368227288502
2021-06-25 12:00:00,0.12203626220362622,0.2828685258964143,0.6801191362620995,0.6307802178182469,0.7003572784023242,0.5889755011135858,0.5,0.6706871703672475,0.18311413276169772,0.23627081764801142,0.176741048110601,0.36989533125062923,0.002074626190081024
2021-06-25 12:10:00,0.06415620641562064,0.3306772908366533,0.6973938942665674,0.6464916979110873,0.7003572784023242,0.9993318485523385,0.5,0.6706871703672475,0.18311413276169772,0.23627081764801142,0.176741048110601,0.36989533125062923,0.0
2021-06-25 12:20:00,0.2691771269177127,0.3784860557768921,0.7170513775130303,0.669701838957329,0.7011686799021083,0.7426503340757238,0.5,0.6706871703672475,0.18311413276169772,0.23627081764801142,0.176741048110601,0.36989533125062923,0.012115816950073178
2021-06-25 12:30:00,0.15132496513249652,0.4262948207171313,0.7343261355174979,0.6979110873058383,0.739186766303281,0.00022271714922048998,0.5,0.6706871703672475,0.18311413276169772,0.23627081764801142,0.176741048110601,0.36989533125062923,0.011293510569277427
2021-06-25 12:40:00,0.1631799163179916,-0.02390438247011961,0.7319434102755025,0.7143367255847171,0.7447357055921269,0.8498886414253897,0.5,0.6706871703672475,0.18311413276169772,0.23627081764801142,0.176741048110601,0.36989533125062923,0.0
2021-06-25 12:50:00,0.2824267782426778,-0.47410358565737054,0.7429635145197317,0.7182645956079272,0.6591459344858724,0.01514476614699332,0.5,0.6706871703672475,0.18311413276169772,0.23627081764801142,0.176741048110601,0.36989533125062923,0.10818986978891622
2021-06-25 13:00:00,0.14644351464435149,0.20318725099601576,0.731049888309754,0.6979110873058383,0.6431403855465837,0.00044543429844097997,0.5,0.7943932455991429,0.17611714706887951,0.12336909111176293,0.15222420453068777,0.38015860528199774,0.022843520376601235
2021-06-25 13:10:00,0.0599721059972106,0.41035856573705165,0.7355174981384955,0.6918407427245135,0.6294905183808613,0.9608017817371938,0.5,0.7943932455991429,0.17611714706887951,0.12336909111176293,0.15222420453068777,0.38015860528199774,0.0
2021-06-25 13:20:00,0.09483960948396096,0.6175298804780875,0.7578555472822037,0.7089805391894306,0.6294905183808613,0.9995545657015591,0.5,0.7943932455991429,0.17611714706887951,0.12336909111176293,0.15222420453068777,0.38015860528199774,0.0
2021-06-25 13:30:00,0.3270571827057183,0.8247011952191232,0.7763216679076692,0.7289769683985003,0.6694193244428158,0.5580178173719377,0.5,0.7943932455991429,0.17611714706887951,0.12336909111176293,0.15222420453068777,0.38015860528199774,0.01732878675860404
2021-06-25 13:40:00,0.09693165969316596,0.3306772908366533,0.7810871183916601,0.7461167648634173,0.6647079608956825,0.46503340757238304,0.5,0.7943932455991429,0.17611714706887951,0.12336909111176293,0.15222420453068777,0.38015860528199774,0.0
2021-06-25 13:50:00,0.13668061366806136,0.24302788844621515,0.7858525688756515,0.759328691305124,0.6597610291711926,0.9995545657015591,0.5,0.7943932455991429,0.17611714706887951,0.12336909111176293,0.15222420453068777,0.38015860528199774,0.0
2021-06-25 14:00:00,0.08786610878661089,0.15537848605577675,0.797766195085629,0.7771826459560791,0.6597610291711926,0.9995545657015591,0.5,0.7922924011989769,0.14827287956851476,0.1192199866160374,0.09878789565847006,0.4069499911290925,0.0
2021-06-25 14:10:00,0.1882845188284519,0.06772908366533859,0.8114668652271033,0.7907516514908053,0.6597610291711926,0.9995545657015591,0.5,0.7922924011989769,0.14827287956851476,0.1192199866160374,0.09878789565847006,0.4069499911290925,0.0
2021-06-25 14:20:00,0.19804741980474197,0.49003984063745,0.8215934475055842,0.7936082842349581,0.6597741162921569,0.4783964365256125,0.5,0.7922924011989769,0.14827287956851476,0.1192199866160374,0.09878789565847006,0.4069499911290925,0.01136895152164401
2021-06-25 14:30:00,0.13528591352859135,0.26294820717131473,0.8224869694713326,0.789680414211748,0.7016529033777859,0.7097995545657017,0.5,0.7922924011989769,0.14827287956851476,0.1192199866160374,0.09878789565847006,0.4069499911290925,0.0
2021-06-25 14:40:00,0.14016736401673638,0.03585657370517925,0.828741623231571,0.7982503124442064,0.7217416340579236,0.4003340757238308,0.5,0.7922924011989769,0.14827287956851476,0.1192199866160374,0.09878789565847006,0.4069499911290925,0.0
2021-06-25 14:50:00,0.1394700139470014,0.3253652058432934,0.8373790022338048,0.7993215497232637,0.7157346455353286,0.9993318485523385,0.5,0.7922924011989769,0.14827287956851476,0.1192199866160374,0.09878789565847006,0.4069499911290925,0.0
2021-06-25 15:00:00,0.14435146443514643,0.6148738379814076,0.8475055845122859,0.8089626852347795,0.7157346455353286,0.9993318485523385,0.5,0.7924796787964068,0.1317588439313002,0.1162852541678413,0.0387502606834164,0.3452983303260513,0.0
2021-06-25 15:10:00,0.16736401673640167,0.6640991589198761,0.8424422933730453,0.8050348152115694,0.7459528078418028,0.6190423162583519,0.5,0.7924796787964068,0.1317588439313002,0.1162852541678413,0.0387502606834164,0.3452983303260513,0.0
2021-06-25 15:20:00,0.15550906555090654,0.7133244798583442,0.8394638868205508,0.8025352615604355,0.7471568229705147,0.9993318485523385,0.5,0.7924796787964068,0.1317588439313002,0.1162852541678413,0.0387502606834164,0.3452983303260513,0.0
2021-06-25 15:30:00,0.11506276150627615,0.7625498007968128,0.8379746835443036,0.8071772897696841,0.7471568229705147,0.9993318485523385,0.5,0.7924796787964068,0.1317588439313002,0.1162852541678413,0.0387502606834164,0.3452983303260513,0.0
2021-06-25 15:40:00,0.05299860529986053,0.6916334661354582,0.840357408786299,0.8061060524906267,0.7471568229705147,0.9993318485523385,0.5,0.7924796787964068,0.1317588439313002,0.1162852541678413,0.0387502606834164,0.3452983303260513,0.0
2021-06-25 15:50:00,0.10739191073919108,0.6207171314741036,0.8495904690990319,0.807534368862703,0.7471568229705147,0.9993318485523385,0.5,0.7924796787964068,0.1317588439313002,0.1162852541678413,0.0387502606834164,0.3452983303260513,0.0
2021-06-25 16:00:00,0.1708507670850767,0.549800796812749,0.859121370067014,0.8068202106766651,0.7471568229705147,0.9993318485523385,0.5,0.8105242338545195,0.11858094808437737,0.12340814986182966,0.03820057125060932,0.19594097817661071,0.0
2021-06-25 16:10:00,0.058577405857740586,0.4788844621513946,0.8650781831720027,0.8003927870023211,0.7471568229705147,0.9993318485523385,0.5,0.8105242338545195,0.11858094808437737,0.12340814986182966,0.03820057125060932,0.19594097817661071,0.0
2021-06-25 16:20:00,0.10669456066945607,0.40796812749003997,0.8647803425167533,0.8003927870023211,0.7471568229705147,0.9993318485523385,0.5,0.8105242338545195,0.11858094808437737,0.12340814986182966,0.03820057125060932,0.19594097817661071,0.0
2021-06-25 16:30:00,0.08507670850767085,0.33705179282868536,0.8728220402084881,0.8003927870023211,0.7471568229705147,0.9993318485523385,0.5,0.8105242338545195,0.11858094808437737,0.12340814986182966,0.03820057125060932,0.19594097817661071,0.0
2021-06-25 16:40:00,0.2608089260808926,0.26613545816733075,0.876693968726731,0.7993215497232637,0.7364908193846436,0.6051224944320713,0.5,0.8105242338545195,0.11858094808437737,0.12340814986182966,0.03820057125060932,0.19594097817661071,0.024073207900176533
2021-06-25 16:50:00,0.2782426778242678,0.19521912350597592,0.863291139240506,0.7746830923049455,0.7031448351677114,0.00044543429844097997,0.5,0.8105242338545195,0.11858094808437737,0.12340814986182966,0.03820057125060932,0.19594097817661071,0.10558715693226912
2021-06-25 17:00:00,0.13807531380753138,-0.6414342629482073,0.8275502606105731,0.7475450812354936,0.7318318043213674,0.47327394209354123,0.5,0.8127879413906169,0.1096069906639818,0.12336921792588652,0.031094702811812053,0.28191895905577935,0.005537365903707169
2021-06-25 17:10:00,0.17852161785216178,-0.20318725099601598,0.8412509307520475,0.7603999285841814,0.6944418997264792,0.3915367483296214,0.5,0.8127879413906169,0.1096069906639818,0.12336921792588652,0.031094702811812053,0.28191895905577935,0.0
2021-06-25 17:20:00,0.22873082287308227,0.1673306772908365,0.8483991064780338,0.7718264595607927,0.748138357042834,0.6397550111358575,0.5,0.8127879413906169,0.1096069906639818,0.12336921792588652,0.031094702811812053,0.28191895905577935,0.0
2021-06-25 17:30:00,0.15341701534170155,0.5378486055776892,0.8504839910647801,0.7714693804677737,0.7114289827380874,0.04799554565701559,0.5,0.8127879413906169,0.1096069906639818,0.12336921792588652,0.031094702811812053,0.28191895905577935,0.00592211476077674
2021-06-25 17:40:00,0.16596931659693165,-0.17131474103585675,0.8281459419210719,0.7543295840028565,0.7243459711298111,0.09587973273942094,0.5,0.8127879413906169,0.1096069906639818,0.12336921792588652,0.031094702811812053,0.28191895905577935,0.0
2021-06-25 17:50:00,0.1290097629009763,0.06772908366533859,0.8138495904690988,0.7268344938403857,0.7139024486003324,0.31291759465478847,0.5,0.8127879413906169,0.1096069906639818,0.12336921792588652,0.031094702811812053,0.28191895905577935,0.0
2021-06-25 18:00:00,0.21338912133891214,-0.043824701195219196,0.821295606850335,0.7257632565613283,0.6935519755009096,0.8135857461024499,0.5,0.7775050088002127,0.0895413023301259,0.16525364029452835,0.20537333204813749,0.3234646784256037,0.0
2021-06-25 18:10:00,0.4456066945606694,0.2749003984063745,0.8290394638868204,0.7393322620960543,0.6489118058918218,0.06993318485523385,0.5,0.7775050088002127,0.0895413023301259,0.16525364029452835,0.20537333204813749,0.3234646784256037,0.3282662160327112
2021-06-25 18:20:00,0.12203626220362622,0.2111553784860556,0.8019359642591213,0.7111230137475453,0.651804059624923,0.14832962138084632,0.5,0.7775050088002127,0.0895413023301259,0.16525364029452835,0.20537333204813749,0.3234646784256037,0.018822517615462376
2021-06-25 18:30:00,0.08507670850767085,0.23107569721115517,0.8055100521221144,0.7057668273522584,0.651804059624923,0.9996659242761693,0.5,0.7775050088002127,0.0895413023301259,0.16525364029452835,0.20537333204813749,0.3234646784256037,0.0
2021-06-25 18:40:00,0.23291492329149233,0.25099601593625476,0.8180193596425911,0.724334940189252,0.6924264830979833,0.8625835189309576,0.5,0.7775050088002127,0.0895413023301259,0.16525364029452835,0.20537333204813749,0.3234646784256037,0.0
2021-06-25 18:50:00,0.1617852161785216,0.14475431606905698,0.8201042442293371,0.7475450812354936,0.6470665218358614,0.9936525612472161,0.5,0.7775050088002127,0.0895413023301259,0.16525364029452835,0.20537333204813749,0.3234646784256037,0.0
2021-06-25 19:00:00,0.1806136680613668,0.038512616201859196,0.8209977661950856,0.7429030530262453,0.6485846278677154,0.9995545657015591,0.5,0.7808028288756372,0.09788883556940069,0.1584137937244002,0.21599180952592287,0.3209130533362979,0.0
2021-06-25 19:10:00,0.1394700139470014,-0.06772908366533881,0.8177215189873417,0.7421888948402071,0.6874795513734934,0.061247216035634745,0.5,0.7808028288756372,0.09788883556940069,0.1584137937244002,0.21599180952592287,0.3209130533362979,0.0005507189522760535
2021-06-25 19:20:00,0.15760111576011157,0.1394422310756971,0.7956813104988829,0.7275486520264238,0.6757665781104815,0.27728285077951004,0.5,0.7808028288756372,0.09788883556940069,0.1584137937244002,0.21599180952592287,0.3209130533362979,0.0
2021-06-25 19:30:00,0.20571827057182707,0.8804780876494025,0.7906180193596424,0.7032672737011247,0.7078431115938805,0.7894209354120267,0.5,0.7808028288756372,0.09788883556940069,0.1584137937244002,0.21599180952592287,0.3209130533362979,0.0
2021-06-25 19:40:00,0.2649930264993026,-0.09960159362549814,0.7900223380491436,0.7139796464916979,0.6893640967923467,0.004788418708240535,0.5,0.7808028288756372,0.09788883556940069,0.1584137937244002,0.21599180952592287,0.3209130533362979,0.10587383255126213
2021-06-25 19:50:00,0.19386331938633192,0.09960159362549792,0.7685778108711836,0.6904124263524369,0.7055136040622424,0.00022271714922048998,0.5,0.7808028288756372,0.09788883556940069,0.1584137937244002,0.21599180952592287,0.3209130533362979,0.057863210465168916
2021-06-25 20:00:00,0.11506276150627615,-0.01195219123505975,0.7587490692479522,0.6861274772362078,0.7104212744238395,0.03530066815144766,0.5,0.7892144113363149,0.0932481243193371,0.14817241191712902,0.14067547282658857,0.2700470120983764,0.0006563362855892693
2021-06-25 20:10:00,0.11157601115760113,-0.6733067729083666,0.7554728220402083,0.6629173361899661,0.7162712174948633,0.6209354120267261,0.5,0.7892144113363149,0.0932481243193371,0.14817241191712902,0.14067547282658857,0.2700470120983764,0.0
2021-06-25 20:20:00,0.09065550906555091,-0.7211155378486056,0.7661950856291881,0.6672022853061954,0.7162712174948633,0.9993318485523385,0.5,0.7892144113363149,0.0932481243193371,0.14817241191712902,0.14067547282658857,0.2700470120983764,0.0
2021-06-25 20:30:00,0.08926080892608089,0.17928286852589648,0.7736411020104241,0.6754151044456349,0.7162712174948633,0.9993318485523385,0.5,0.7892144113363149,0.0932481243193371,0.14817241191712902,0.14067547282658857,0.2700470120983764,0.0
2021-06-25 20:40:00,0.07182705718270573,0.2934926958831341,0.7781087118391659,0.6754151044456349,0.7162712174948633,0.9993318485523385,0.5,0.7892144113363149,0.0932481243193371,0.14817241191712902,0.14067547282658857,0.2700470120983764,0.0
2021-06-25 20:50:00,0.2768479776847978,0.4077025232403715,0.776917349218168,0.6739867880735582,0.7055397783041709,0.9993318485523385,0.5,0.7892144113363149,0.0932481243193371,0.14817241191712902,0.14067547282658857,0.2700470120983764,0.0
2021-06-25 21:00:00,0.15411436541143653,0.5219123505976095,0.7715562174236781,0.6750580253526155,0.6334297417911033,0.14587973273942093,0.5,0.809148085382575,0.0952480840902631,0.14088770140143556,0.11188353721129835,0.12201050121740249,0.0
2021-06-25 21:10:00,0.1290097629009763,0.41434262948207157,0.7691734921816826,0.6836279235850742,0.6814725628508984,0.8822939866369711,0.5,0.809148085382575,0.0952480840902631,0.14088770140143556,0.11188353721129835,0.12201050121740249,0.0
2021-06-25 21:20:00,0.20292887029288703,0.3067729083665336,0.7700670141474311,0.6850562399571505,0.5649840991480285,0.9963251670378619,0.5,0.809148085382575,0.0952480840902631,0.14088770140143556,0.11188353721129835,0.12201050121740249,0.0
2021-06-25 21:30:00,0.2782426778242678,0.19920318725099584,0.7679821295606848,0.7011247991430103,0.46406930939262675,0.7397550111358575,0.5,0.809148085382575,0.0952480840902631,0.14088770140143556,0.11188353721129835,0.12201050121740249,0.09034808455421942
2021-06-25 21:40:00,0.41422594142259417,0.09163346613545809,0.7533879374534622,0.6761292626316728,0.48326811584719476,0.00011135857461024499,0.5,0.809148085382575,0.0952480840902631,0.14088770140143556,0.11188353721129835,0.12201050121740249,0.31341189251173107
2021-06-25 21:50:00,0.3682008368200837,-0.7609561752988048,0.7367088607594934,0.6593465452597751,0.4798654643964874,0.31625835189309576,0.5,0.809148085382575,0.0952480840902631,0.14088770140143556,0.11188353721129835,0.12201050121740249,0.06237457941669056
2021-06-25 22:00:00,0.43235704323570434,-0.29083665338645437,0.7265822784810125,0.6461346188180683,0.40029576893379226,0.00022271714922048998,0.5,0.7818858370441422,0.12339981667035527,0.14105509604457875,0.11722194612620737,0.022175453226865757,0.35767309926520513
2021-06-25 22:10:00,0.19316596931659694,0.14741035856573692,0.7209233060312732,0.6475629351901446,0.4256586093625263,0.00044543429844097997,0.5,0.7818858370441422,0.12339981667035527,0.14105509604457875,0.11722194612620737,0.022175453226865757,0.04850098827647601
2021-06-25 22:20:00,0.12552301255230125,0.17131474103585642,0.7206254653760236,0.6614890198178898,0.40792556045595535,0.000556792873051225,0.5,0.7818858370441422,0.12339981667035527,0.14105509604457875,0.11722194612620737,0.022175453226865757,0.01855847428217934
2021-06-25 22:30:00,0.07810320781032079,0.3685258964143425,0.7230081906180192,0.6743438671665776,0.4434832681158472,0.6632516703786192,0.5,0.7818858370441422,0.12339981667035527,0.14105509604457875,0.11722194612620737,0.022175453226865757,0.0
2021-06-25 22:40:00,0.08507670850767085,0.5657370517928284,0.7337304542069991,0.6686306016782717,0.4434832681158472,0.9995545657015591,0.5,0.7818858370441422,0.12339981667035527,0.14105509604457875,0.11722194612620737,0.022175453226865757,0.0
2021-06-25 22:50:00,0.19595536959553697,0.7629482071713147,0.7328369322412507,0.6654168898410999,0.4446087605187735,0.9995545657015591,0.5,0.7818858370441422,0.12339981667035527,0.14105509604457875,0.11722194612620737,0.022175453226865757,0.0
2021-06-25 23:00:00,0.4630404463040446,0.9601593625498008,0.731049888309754,0.6650598107480805,0.5264032665453927,0.3433184855233853,0.5,0.7469367688794328,0.12778478593821332,0.15741627382821533,0.15633588391102204,0.047008308759521555,0.16507234787331956
2021-06-25 23:10:00,0.4170153417015342,-0.26693227091633476,0.7045420699925538,0.6543474379575076,0.532986088390415,0.0008908685968819599,0.5,0.7469367688794328,0.12778478593821332,0.15741627382821533,0.15633588391102204,0.047008308759521555,0.2713988261387812
2021-06-25 23:20:00,0.38633193863319387,0.394422310756972,0.689054355919583,0.6336368505623997,0.5307220164635982,0.004231625835189309,0.5,0.7469367688794328,0.12778478593821332,0.15741627382821533,0.15633588391102204,0.047008308759521555,0.2240822608144605
2021-06-25 23:30:00,0.3765690376569038,-0.019920318725099695,0.6848845867460907,0.6257811105159794,0.5622750651084267,0.0021158129175946547,0.5,0.7469367688794328,0.12778478593821332,0.15741627382821533,0.15633588391102204,0.047008308759521555,0.2054483455799146
2021-06-25 23:40:00,0.45188284518828453,-0.29083665338645437,0.677140729709605,0.6207820032137119,0.5646307468819934,0.006792873051224944,0.5,0.7469367688794328,0.12778478593821332,0.15741627382821533,0.15633588391102204,0.047008308759521555,0.30779908565565733
2021-06-25 23:50:00,0.43654114365411434,-0.3466135458167332,0.6702903946388681,0.6182824495625783,0.5629686825195325,0.025723830734966594,0.5,0.7469367688794328,0.12778478593821332,0.15741627382821533,0.15633588391102204,0.047008308759521555,0.2654842554732411
2021-06-26 00:00:00,0.50697350069735,-0.2828685258964144,0.6661206254653758,0.615068737725406,0.5629686825195325,0.05200445434298441,0.5,0.6931206918231232,0.13841675598479286,0.2029027245634012,0.34654701195293386,0.04515268302191391,0.3140380524163737
2021-06-26 00:10:00,0.46513249651324967,-0.29083665338645437,0.6661206254653758,0.6111408677021961,0.5577992697386502,0.01247216035634744,0.5,0.6931206918231232,0.13841675598479286,0.2029027245634012,0.34654701195293386,0.04515268302191391,0.32079756174841956
2021-06-26 00:20:00,0.4225941422594142,-0.298804780876494,0.6661206254653758,0.6168541331905018,0.5472510502414574,0.00044543429844097997,0.5,0.6931206918231232,0.13841675598479286,0.2029027245634012,0.34654701195293386,0.04515268302191391,0.2716477812815909
2021-06-26 00:30:00,0.37796373779637377,-0.2828685258964144,0.6688011913626208,0.6218532404927692,0.5404326602190784,0.00044543429844097997,0.5,0.6931206918231232,0.13841675598479286,0.2029027245634012,0.34654701195293386,0.04515268302191391,0.21545935995896015
2021-06-26 00:40:00,0.3451882845188285,-0.01195219123505975,0.6720774385703647,0.6243527941439027,0.5303294028346704,0.00022271714922048998,0.5,0.6931206918231232,0.13841675598479286,0.2029027245634012,0.34654701195293386,0.04515268302191391,0.17689394510916306
2021-06-26 00:50:00,0.30474198047419804,-0.1394422310756973,0.6673119880863736,0.6229244777718264,0.5292562589156011,0.00033407572383073496,0.5,0.6931206918231232,0.13841675598479286,0.2029027245634012,0.34654701195293386,0.04515268302191391,0.14101422816361633
2021-06-26 01:00:00,0.36262203626220363,0.5537848605577689,0.6661206254653758,0.6182824495625783,0.5558362015940114,0.00022271714922048998,0.5,0.6080524030400674,0.14413790527202086,0.21669807218437456,0.6061549787065065,0.055362867126852296,0.19183879777298307
2021-06-26 01:10:00,0.3765690376569038,-0.21912350597609564,0.6589724497393892,0.6182824495625783,0.574563871693866,0.00033407572383073496,0.5,0.6080524030400674,0.14413790527202086,0.21669807218437456,0.6061549787065065,0.055362867126852296,0.21108378472169834
2021-06-26 01:20:00,0.3207810320781032,0.09163346613545809,0.6571854058078928,0.6154258168184252,0.5692243263404484,0.00033407572383073496,0.5,0.6080524030400674,0.14413790527202086,0.21669807218437456,0.6061549787065065,0.055362867126852296,0.14923729197157384
2021-06-26 01:30:00,0.3103207810320781,0.2589641434262948,0.6571854058078928,0.6086413140510623,0.5692243263404484,0.00022271714922048998,0.5,0.6080524030400674,0.14413790527202086,0.21669807218437456,0.6061549787065065,0.055362867126852296,0.14514839235330507
2021-06-26 01:40:00,0.3138075313807531,-0.01195219123505975,0.6565897244973937,0.6079271558650241,0.5692243263404484,0.00033407572383073496,0.5,0.6080524030400674,0.14413790527202086,0.21669807218437456,0.6061549787065065,0.055362867126852296,0.14294551654420085
2021-06-26 01:50:00,0.31659693165969316,-0.12350597609561753,0.6545048399106477,0.6054276022138905,0.5692243263404484,0.00033407572383073496,0.5,0.6080524030400674,0.14413790527202086,0.21669807218437456,0.6061549787065065,0.055362867126852296,0.14518611282948835
2021-06-26 02:00:00,0.303347280334728,0.10756972111553775,0.6571854058078928,0.600428494911623,0.5692243263404484,0.00033407572383073496,0.5,0.6027351201028075,0.1449999568974192,0.2158139241146821,0.7101269879208929,0.050717026876668056,0.1335003093079047
2021-06-26 02:10:00,0.24546722454672246,-0.45019920318725104,0.6559940431868949,0.6022138903767185,0.5613720537618929,0.00022271714922048998,0.5,0.6027351201028075,0.1449999568974192,0.2158139241146821,0.7101269879208929,0.050717026876668056,0.07698749189009763
2021-06-26 02:20:00,0.22663877266387727,0.05976095617529875,0.6413998510796721,0.6089983931440812,0.5195325280391567,0.00033407572383073496,0.5,0.6027351201028075,0.1449999568974192,0.2158139241146821,0.7101269879208929,0.050717026876668056,0.08669674245967682
2021-06-26 02:30:00,0.2831241283124128,-0.02788844621513953,0.6437825763216678,0.6068559185859668,0.5303948384394916,0.00033407572383073496,0.5,0.6027351201028075,0.1449999568974192,0.2158139241146821,0.7101269879208929,0.050717026876668056,0.12403246978589857
2021-06-26 02:40:00,0.2831241283124128,0.4581673306772909,0.6494415487714069,0.6014997321906803,0.5303948384394916,0.00033407572383073496,0.5,0.6027351201028075,0.1449999568974192,0.2158139241146821,0.7101269879208929,0.050717026876668056,0.11995111426286646
2021-06-26 02:50:00,0.19456066945606695,0.6573705179282865,0.650632911392405,0.6039992858418142,0.531166978576383,0.00011135857461024499,0.5,0.6027351201028075,0.1449999568974192,0.2158139241146821,0.7101269879208929,0.050717026876668056,0.06039048236944943
2021-06-26 03:00:00,0.21269177126917713,0.2669322709163344,0.6503350707371554,0.6111408677021961,0.5468191752496369,0.00011135857461024499,0.5,0.6022465640481043,0.14793380592918923,0.21143198888803927,0.7803178810443051,0.041160524456759946,0.07013745341521191
2021-06-26 03:10:00,0.5202231520223152,0.14741035856573692,0.6509307520476544,0.6064988394929476,0.5533496486108022,0.09888641425389756,0.5,0.6022465640481043,0.14793380592918923,0.21143198888803927,0.7803178810443051,0.041160524456759946,0.1501124070190262
2021-06-26 03:20:00,0.6659693165969317,-0.003984063745020028,0.6181682799702157,0.5847170148187824,0.5359045163654448,0.1678173719376392,0.5,0.6022465640481043,0.14793380592918923,0.21143198888803927,0.7803178810443051,0.041160524456759946,0.17364244006216334
2021-06-26 03:30:00,0.6520223152022315,0.17131474103585642,0.5931496649292627,0.5532940546331013,0.532030728560024,0.5297327394209355,0.5,0.6022465640481043,0.14793380592918923,0.21143198888803927,0.7803178810443051,0.041160524456759946,0.09168338941110793
2021-06-26 03:40:00,0.6087866108786611,0.33864541832669315,0.6062546537602382,0.5375825745402605,0.5345434557851618,0.9995545657015591,0.5,0.6022465640481043,0.14793380592918923,0.21143198888803927,0.7803178810443051,0.041160524456759946,0.0
2021-06-26 03:50:00,0.6729428172942817,0.29083665338645415,0.6193596425912136,0.5386538118193178,0.5345434557851618,0.9995545657015591,0.5,0.6022465640481043,0.14793380592918923,0.21143198888803927,0.7803178810443051,0.041160524456759946,0.0
2021-06-26 04:00:00,0.6708507670850766,0.4581673306772909,0.6110201042442291,0.5290126763078022,0.5345434557851618,0.9995545657015591,0.5,0.5500428086903475,0.1433965408741778,0.22364507668893904,0.7980438371292896,0.047147512853514,0.0
2021-06-26 04:10:00,0.6101813110181311,-0.5776892430278885,0.6107222635889797,0.5204427780753438,0.5345434557851618,0.9995545657015591,0.5,0.5500428086903475,0.1433965408741778,0.22364507668893904,0.7980438371292896,0.047147512853514,0.0
2021-06-26 04:20:00,0.5711297071129707,-0.3466135458167332,0.6089352196574831,0.5118728798428851,0.5353548572849459,0.7173719376391983,0.5,0.5500428086903475,0.1433965408741778,0.22364507668893904,0.7980438371292896,0.047147512853514,0.09646634579114928
2021-06-26 04:30:00,0.5794979079497908,-0.15537848605577698,0.5734921816827996,0.5033029816104269,0.5390715996387954,0.00623608017817372,0.5,0.5500428086903475,0.1433965408741778,0.22364507668893904,0.7980438371292896,0.047147512853514,0.6345866590219835
2021-06-26 04:40:00,0.5892608089260809,0.17928286852589648,0.5404318689501115,0.47437957507587925,0.5389276413081885,0.005345211581291759,0.5,0.5500428086903475,0.1433965408741778,0.22364507668893904,0.7980438371292896,0.047147512853514,0.6660304479683752
2021-06-26 04:50:00,0.5369595536959554,0.05179282868525892,0.5276247207743856,0.4683092304945544,0.5389276413081885,0.012360801781737195,0.5,0.5500428086903475,0.1433965408741778,0.22364507668893904,0.7980438371292896,0.047147512853514,0.5005884394284593
2021-06-26 05:00:00,0.5181311018131102,-0.043824701195219196,0.5186895011169024,0.4683092304945544,0.5389276413081885,0.011247216035634744,0.5,0.5432842386973882,0.1512527046869737,0.22670218476640272,0.7970878617962761,0.07177667411550168,0.4714305113387751
2021-06-26 05:10:00,0.5746164574616458,-0.059760956175298974,0.5142218912881606,0.4683092304945544,0.5389276413081885,0.0028953229398663697,0.5,0.5432842386973882,0.1512527046869737,0.22670218476640272,0.7970878617962761,0.07177667411550168,0.6381927365451062
2021-06-26 05:20:00,0.5523012552301255,-0.05179282868525903,0.5112434847356664,0.46973754686663094,0.5389276413081885,0.0066815144766146995,0.5,0.5432842386973882,0.1512527046869737,0.22670218476640272,0.7970878617962761,0.07177667411550168,0.5426015058014093
2021-06-26 05:30:00,0.5167364016736402,0.03585657370517925,0.5112434847356664,0.4754508123549366,0.5389276413081885,0.01002227171492205,0.5,0.5432842386973882,0.1512527046869737,0.22670218476640272,0.7970878617962761,0.07177667411550168,0.4567949665796581
2021-06-26 05:40:00,0.4602510460251046,-0.10756972111553798,0.5112434847356664,0.4797357614711659,0.5389276413081885,0.003006681514476615,0.5,0.5432842386973882,0.1512527046869737,0.22670218476640272,0.7970878617962761,0.07177667411550168,0.3587820812649939
2021-06-26 05:50:00,0.4456066945606694,-0.07569721115537853,0.5112434847356664,0.4861631851455097,0.5389276413081885,0.00033407572383073496,0.5,0.5432842386973882,0.1512527046869737,0.22670218476640272,0.7970878617962761,0.07177667411550168,0.3410459133636103
2021-06-26 06:00:00,0.4839609483960949,-0.03585657370517936,0.5112434847356664,0.4861631851455097,0.5389276413081885,0.0008908685968819599,0.5,0.5596676431339498,0.1727235371702287,0.2857063870060162,0.8921175417718599,0.09945724919370753,0.3976794363052039
2021-06-26 06:10:00,0.46164574616457466,0.17131474103585642,0.5112434847356664,0.48294947330833793,0.5389276413081885,0.00155902004454343,0.5,0.5596676431339498,0.1727235371702287,0.2857063870060162,0.8921175417718599,0.09945724919370753,0.3473603210766933
2021-06-26 06:20:00,0.46164574616457466,0.05976095617529875,0.5112434847356664,0.4800928405641849,0.54667521691903,0.00033407572383073496,0.5,0.5596676431339498,0.1727235371702287,0.2857063870060162,0.8921175417718599,0.09945724919370753,0.33387902288878496
2021-06-26 06:30:00,0.4198047419804742,-0.07569721115537853,0.5121370067014146,0.48080699875022326,0.5501825653374514,0.00022271714922048998,0.5,0.5596676431339498,0.1727235371702287,0.2857063870060162,0.8921175417718599,0.09945724919370753,0.28119106175596364
2021-06-26 06:40:00,0.3821478382147839,0.20318725099601576,0.512434847356664,0.4818782360292806,0.5539778304170865,0.00022271714922048998,0.5,0.5596676431339498,0.1727235371702287,0.2857063870060162,0.8921175417718599,0.09945724919370753,0.23237322147954795
2021-06-26 06:50:00,0.29218967921896793,-0.33864541832669326,0.5112434847356664,0.4818782360292806,0.5613720537618929,0.00033407572383073496,0.5,0.5596676431339498,0.1727235371702287,0.2857063870060162,0.8921175417718599,0.09945724919370753,0.1376269294023568
2021-06-26 07:00:00,0.056485355648535567,0.7370517928286848,0.5064780342516753,0.4783074450990894,0.5613720537618929,0.5553452115812918,0.5,0.5256305484948915,0.17124368187996322,0.27604517981418436,0.790134755033329,0.11195665089730973,0.0
2021-06-26 07:10:00,0.05718270571827057,0.42895086321381104,0.5166046165301563,0.4893768969826817,0.5613720537618929,0.9993318485523385,0.5,0.5256305484948915,0.17124368187996322,0.27604517981418436,0.790134755033329,0.11195665089730973,0.0
2021-06-26 07:20:00,0.10181311018131102,0.12084993359893748,0.5288160833953832,0.49687555793608285,0.5613720537618929,0.9993318485523385,0.5,0.5256305484948915,0.17124368187996322,0.27604517981418436,0.790134755033329,0.11195665089730973,0.0
2021-06-26 07:30:00,0.03138075313807531,-0.1872509960159363,0.5350707371556216,0.49687555793608285,0.5613720537618929,0.9993318485523385,0.5,0.5256305484948915,0.17124368187996322,0.27604517981418436,0.790134755033329,0.11195665089730973,0.0
2021-06-26 07:40:00,0.04951185495118549,-0.08764940239043839,0.5323901712583765,0.49687555793608285,0.5613720537618929,0.9993318485523385,0.5,0.5256305484948915,0.17124368187996322,0.27604517981418436,0.790134755033329,0.11195665089730973,0.0
2021-06-26 07:50:00,0.07880055788005579,0.01195219123505975,0.535368577810871,0.4993751115872165,0.5613720537618929,0.9993318485523385,0.5,0.5256305484948915,0.17124368187996322,0.27604517981418436,0.790134755033329,0.11195665089730973,0.0
2021-06-26 08:00:00,0.1387726638772664,0.11155378486055767,0.5404318689501115,0.5040171397964648,0.5613720537618929,0.9993318485523385,0.5,0.4930754316806989,0.17690736105882798,0.29647785184990744,0.6944777784010291,0.1175283986487122,0.0
2021-06-26 08:10:00,0.1387726638772664,0.2111553784860556,0.5425167535368576,0.5033029816104269,0.5613720537618929,0.9993318485523385,0.5,0.4930754316806989,0.17690736105882798,0.29647785184990744,0.6944777784010291,0.1175283986487122,0.0
2021-06-26 08:20:00,0.18200836820083682,0.31075697211155373,0.5499627699180936,0.5040171397964648,0.5658347620107053,0.9993318485523385,0.5,0.4930754316806989,0.17690736105882798,0.29647785184990744,0.6944777784010291,0.1175283986487122,0.0
2021-06-26 08:30:00,0.14016736401673638,0.41035856573705165,0.5511541325390914,0.5090162470987323,0.6927405740011255,0.9867483296213809,0.5,0.4930754316806989,0.17690736105882798,0.29647785184990744,0.6944777784010291,0.1175283986487122,0.0
2021-06-26 08:40:00,0.18131101813110181,0.5458167330677288,0.5544303797468353,0.517586145331191,0.7127246077135491,0.9994432071269488,0.5,0.4930754316806989,0.17690736105882798,0.29647785184990744,0.6944777784010291,0.1175283986487122,0.0
2021-06-26 08:50:00,0.15411436541143653,0.6812749003984064,0.5505584512285924,0.517586145331191,0.678671918964547,0.9701559020044545,0.5,0.4930754316806989,0.17690736105882798,0.29647785184990744,0.6944777784010291,0.1175283986487122,0.0
2021-06-26 09:00:00,0.11157601115760113,0.6334661354581672,0.5463886820551005,0.5186573826102483,0.6807658583188285,0.9995545657015591,0.5,0.5034738910347896,0.1778527443413505,0.3129373105793288,0.6774334000007481,0.13384788174465487,0.0
2021-06-26 09:10:00,0.10320781032078104,-0.19521912350597614,0.5478778853313475,0.5232994108194964,0.6807658583188285,0.9995545657015591,0.5,0.5034738910347896,0.1778527443413505,0.3129373105793288,0.6774334000007481,0.13384788174465487,0.0
2021-06-26 09:20:00,0.14853556485355648,-0.08897742363877825,0.5538346984363365,0.5257989644706302,0.6807658583188285,0.9995545657015591,0.5,0.5034738910347896,0.1778527443413505,0.3129373105793288,0.6774334000007481,0.13384788174465487,0.0
2021-06-26 09:30:00,0.201534170153417,0.017264276228419417,0.5594936708860758,0.5243706480985537,0.6602059912839775,0.8384187082405347,0.5,0.5034738910347896,0.1778527443413505,0.3129373105793288,0.6774334000007481,0.13384788174465487,0.0
2021-06-26 09:40:00,0.1596931659693166,0.12350597609561742,0.5687267311988085,0.5461524727727192,0.6232348745599455,0.004008908685968819,0.5,0.5034738910347896,0.1778527443413505,0.3129373105793288,0.6774334000007481,0.13384788174465487,0.02418636932872641
2021-06-26 09:50:00,0.18131101813110181,-0.33067729083665354,0.5842144452717795,0.6025709694697374,0.616285613327924,0.000779510022271715,0.5,0.5034738910347896,0.1778527443413505,0.3129373105793288,0.6774334000007481,0.13384788174465487,0.05276340208518792
2021-06-26 10:00:00,0.4560669456066946,0.15537848605577675,0.5851079672375277,0.6136404213533297,0.6002669772676709,0.0016703786191536749,0.5,0.7094633721374293,0.18719451045524904,0.1923533112499219,0.6363675602070222,0.15171109160217613,0.3527845255518506
2021-06-26 10:10:00,0.43584379358437936,0.31474103585657365,0.5830230826507816,0.5647205856097126,0.608708170289618,0.00022271714922048998,0.5,0.7094633721374293,0.18719451045524904,0.1923533112499219,0.6363675602070222,0.15171109160217613,0.3404197534589677
2021-06-26 10:20:00,0.3277545327754533,-0.12350597609561753,0.5925539836187639,0.5597214783074451,0.607752810459227,0.012917594654788419,0.5,0.7094633721374293,0.18719451045524904,0.1923533112499219,0.6363675602070222,0.15171109160217613,0.14790198711468536
2021-06-26 10:30:00,0.3821478382147839,0.06772908366533859,0.6074460163812359,0.5693626138189607,0.6206043632461296,0.0066815144766146995,0.5,0.7094633721374293,0.18719451045524904,0.1923533112499219,0.6363675602070222,0.15171109160217613,0.21594218205410626
2021-06-26 10:40:00,0.3842398884239888,-0.15537848605577698,0.622338049143708,0.580432065702553,0.6062477915483373,0.00044543429844097997,0.5,0.7094633721374293,0.18719451045524904,0.1923533112499219,0.6363675602070222,0.15171109160217613,0.25350423223742774
2021-06-26 10:50:00,0.397489539748954,0.15537848605577675,0.6303797468354431,0.587216568469916,0.6211147609637356,0.00044543429844097997,0.5,0.7094633721374293,0.18719451045524904,0.1923533112499219,0.6363675602070222,0.15171109160217613,0.28427659670775685
2021-06-26 11:00:00,0.4072524407252441,-0.05179282868525903,0.6390171258376767,0.5897161221210496,0.6272787949379017,0.04420935412026726,0.5,0.7081931197245837,0.18976629780435325,0.1950455750938076,0.628766769759026,0.17667148060922483,0.2039546147230563
2021-06-26 11:10:00,0.42747559274755925,0.12350597609561742,0.6470588235294115,0.5982860203535083,0.6262841737446179,0.0027839643652561247,0.5,0.7081931197245837,0.18976629780435325,0.1950455750938076,0.628766769759026,0.17667148060922483,0.32756461517570196
2021-06-26 11:20:00,0.41492329149232915,0.06772908366533859,0.6497393894266565,0.6029280485627568,0.6234704427373022,0.000779510022271715,0.5,0.7081931197245837,0.18976629780435325,0.1950455750938076,0.628766769759026,0.17667148060922483,0.2989121414668739
2021-06-26 11:30:00,0.46582984658298465,0.17131474103585642,0.6574832464631419,0.6132833422603108,0.6346991925246365,0.00033407572383073496,0.5,0.7081931197245837,0.18976629780435325,0.1950455750938076,0.628766769759026,0.17667148060922483,0.3746020489762663
2021-06-26 11:40:00,0.43096234309623427,-0.09960159362549814,0.6664184661206252,0.625066952329941,0.6334166546701391,0.00044543429844097997,0.5,0.7081931197245837,0.18976629780435325,0.1950455750938076,0.628766769759026,0.17667148060922483,0.3161126786064547
2021-06-26 11:50:00,0.4281729428172943,0.08366533864541825,0.6762472077438568,0.6372076414925907,0.6220832079150908,0.000779510022271715,0.5,0.7081931197245837,0.18976629780435325,0.1950455750938076,0.628766769759026,0.17667148060922483,0.3163314573683178
2021-06-26 12:00:00,0.4435146443514645,-0.08366533864541836,0.68518242740134,0.648634172469202,0.624975461648192,0.00044543429844097997,0.5,0.714422376187495,0.1922806150450984,0.19368942485610086,0.5715804772237795,0.20014634729122865,0.31520738717805574
2021-06-26 12:10:00,0.47280334728033474,0.31474103585657365,0.6899478778853312,0.6604177825388324,0.6416746279985867,0.0006681514476614699,0.5,0.714422376187495,0.1922806150450984,0.19368942485610086,0.5715804772237795,0.20014634729122865,0.3849978122123814
2021-06-26 12:20:00,0.504881450488145,-0.06772908366533881,0.6896500372300818,0.6582753079807178,0.6353142872099568,0.0008908685968819599,0.5,0.714422376187495,0.1922806150450984,0.19368942485610086,0.5715804772237795,0.20014634729122865,0.4585980053412194
2021-06-26 12:30:00,0.46443514644351463,-0.09960159362549814,0.6950111690245717,0.6614890198178898,0.6463467301828271,0.0008908685968819599,0.5,0.714422376187495,0.1922806150450984,0.19368942485610086,0.5715804772237795,0.20014634729122865,0.3875024518309519
2021-06-26 12:40:00,0.5571827057182706,-0.05179282868525903,0.6991809381980638,0.6686306016782717,0.6507832641897109,0.0006681514476614699,0.5,0.714422376187495,0.1922806150450984,0.19368942485610086,0.5715804772237795,0.20014634729122865,0.5554189236084917
2021-06-26 12:50:00,0.4560669456066946,0.08366533864541825,0.7021593447505583,0.6732726298875202,0.6337569198152099,0.000556792873051225,0.5,0.714422376187495,0.1922806150450984,0.19368942485610086,0.5715804772237795,0.20014634729122865,0.3577183638366251
2021-06-26 13:00:00,0.4476987447698745,0.07569721115537842,0.7090096798212953,0.6818425281199787,0.6257476017850833,0.000779510022271715,0.5,0.840978472915457,0.19378058487329186,0.11731840883275588,0.5019802745141916,0.22965851274384877,0.3396577998400652
2021-06-26 13:10:00,0.45746164574616455,-0.21912350597609564,0.7179448994787787,0.6936261381896089,0.6249492874062634,0.000556792873051225,0.5,0.840978472915457,0.19378058487329186,0.11731840883275588,0.5019802745141916,0.22965851274384877,0.3691250358344524
2021-06-26 13:20:00,0.5097629009762901,0.2589641434262948,0.7283693224125092,0.7021960364220676,0.642656162070906,0.0006681514476614699,0.5,0.840978472915457,0.19378058487329186,0.11731840883275588,0.5019802745141916,0.22965851274384877,0.4702385442913832
2021-06-26 13:30:00,0.5041841004184101,0.13147410358565725,0.7343261355174979,0.7111230137475453,0.6491473740691784,0.000556792873051225,0.5,0.840978472915457,0.19378058487329186,0.11731840883275588,0.5019802745141916,0.22965851274384877,0.45407909229446114
2021-06-26 13:40:00,0.5362622036262203,-0.2828685258964144,0.7417721518987339,0.7207641492590608,0.6593160670584077,0.0016703786191536749,0.5,0.840978472915457,0.19378058487329186,0.11731840883275588,0.5019802745141916,0.22965851274384877,0.5391613983734931
2021-06-26 13:50:00,0.402370990237099,0.003984063745019917,0.7492181682799699,0.7325477593286913,0.6387823742654853,0.0010022271714922048,0.5,0.840978472915457,0.19378058487329186,0.11731840883275588,0.5019802745141916,0.22965851274384877,0.27475594851909413
2021-06-26 14:00:00,0.4295676429567643,0.12350597609561742,0.7578555472822037,0.7468309230494556,0.6443574877962597,0.0008908685968819599,0.5,0.8423708976950679,0.16586447973747723,0.1166596094606887,0.4866317171571741,0.2629714886171316,0.31931137498679785
2021-06-26 14:10:00,0.45327754532775455,0.22709163346613526,0.7688756515264332,0.7582574540260667,0.6543953095758464,0.00044543429844097997,0.5,0.8423708976950679,0.16586447973747723,0.1166596094606887,0.4866317171571741,0.2629714886171316,0.370656487167494
2021-06-26 14:20:00,0.3542538354253836,0.027888446215139417,0.7736411020104241,0.7664702731655062,0.6662260669275367,0.00044543429844097997,0.5,0.8423708976950679,0.16586447973747723,0.1166596094606887,0.4866317171571741,0.2629714886171316,0.16917633568206167
2021-06-26 14:30:00,0.21478382147838215,-0.3545816733067729,0.7736411020104241,0.7764684877700412,0.6571174307364123,0.00044543429844097997,0.5,0.8423708976950679,0.16586447973747723,0.1166596094606887,0.4866317171571741,0.2629714886171316,0.05695037494153326
2021-06-26 14:40:00,0.3821478382147839,0.3067729083665336,0.7709605361131793,0.7821817532583466,0.6252895525513342,0.0013363028953229399,0.5,0.8423708976950679,0.16586447973747723,0.1166596094606887,0.4866317171571741,0.2629714886171316,0.2534137030945879
2021-06-26 14:50:00,0.35355648535564854,0.05179282868525892,0.7658972449739387,0.769326905909659,0.6652576199761815,0.0010022271714922048,0.5,0.8423708976950679,0.16586447973747723,0.1166596094606887,0.4866317171571741,0.2629714886171316,0.21732275148241473
2021-06-26 15:00:00,0.25662482566248257,-0.05179282868525903,0.776917349218168,0.7761114086770218,0.6593160670584077,0.00033407572383073496,0.5,0.8428594537497711,0.15304577206780373,0.11873061091309087,0.46876099960980816,0.2764599100318993,0.09966504217149239
2021-06-26 15:10:00,0.21408647140864714,0.17131474103585642,0.7900223380491436,0.7964649169791107,0.6362303856774548,0.01403118040089087,0.5,0.8428594537497711,0.15304577206780373,0.11873061091309087,0.46876099960980816,0.2764599100318993,0.0661466270350197
2021-06-26 15:20:00,0.4602510460251046,0.019920318725099362,0.7995532390171258,0.8050348152115694,0.659525460993836,0.009465478841870824,0.5,0.8428594537497711,0.15304577206780373,0.11873061091309087,0.46876099960980816,0.2764599100318993,0.3372361452690979
2021-06-26 15:30:00,0.2824267782426778,-0.08366533864541836,0.8019359642591213,0.7932512051419389,0.6740783395060921,0.0006681514476614699,0.5,0.8428594537497711,0.15304577206780373,0.11873061091309087,0.46876099960980816,0.2764599100318993,0.1449975104485719
2021-06-26 15:40:00,0.26638772663877264,-0.8645418326693228,0.8147431124348472,0.8086056061417604,0.7253275052021306,0.7959910913140312,0.5,0.8428594537497711,0.15304577206780373,0.11873061091309087,0.46876099960980816,0.2764599100318993,0.0
2021-06-26 15:50:00,0.2649930264993026,-0.10756972111553798,0.8391660461653014,0.8453847527227281,0.6502074308672835,0.6025612472160357,0.5,0.8428594537497711,0.15304577206780373,0.11873061091309087,0.46876099960980816,0.2764599100318993,0.00705372904627548
2021-06-26 16:00:00,0.4456066945606694,-0.17928286852589637,0.8355919583023079,0.8439564363506518,0.6288230752116842,0.02338530066815145,0.5,0.8947293780349226,0.1370518409112455,0.0924094518624366,0.4234997715686364,0.28394527066162106,0.2736167901383587
2021-06-26 16:10:00,0.43654114365411434,0.3784860557768923,0.8201042442293371,0.8118193179789321,0.6608079988483334,0.007906458797327393,0.5,0.8947293780349226,0.1370518409112455,0.0924094518624366,0.4234997715686364,0.28394527066162106,0.2979540413718183
2021-06-26 16:20:00,0.3542538354253836,-0.5617529880478087,0.8084884586746088,0.7961078378860917,0.6583999685909098,0.01024498886414254,0.5,0.8947293780349226,0.1370518409112455,0.0924094518624366,0.4234997715686364,0.28394527066162106,0.16860298444407562
2021-06-26 16:30:00,0.24686192468619247,0.12350597609561742,0.8135517498138494,0.803963577932512,0.62880998809072,0.18942093541202676,0.5,0.8947293780349226,0.1370518409112455,0.0924094518624366,0.4234997715686364,0.28394527066162106,0.051812846085368985
2021-06-26 16:40:00,0.2545327754532775,-0.4900398406374503,0.8221891288160832,0.817889662560257,0.6554030178900943,0.5630289532293987,0.5,0.8947293780349226,0.1370518409112455,0.0924094518624366,0.4234997715686364,0.28394527066162106,0.02237578647192842
2021-06-26 16:50:00,0.24895397489539747,0.346613545816733,0.838272524199553,0.8400285663274416,0.6372642682336314,0.20300668151447662,0.5,0.8947293780349226,0.1370518409112455,0.0924094518624366,0.4234997715686364,0.28394527066162106,0.0323038158033707
2021-06-26 17:00:00,0.50697350069735,0.07569721115537842,0.8335070737155619,0.8228887698625245,0.6546701391160958,0.037416481069042315,0.5,0.8799011948077244,0.1267704385256616,0.09685745724747154,0.38782867398185655,0.2843041647219304,0.35292786336134707
2021-06-26 17:10:00,0.35564853556485354,-0.17131474103585675,0.8290394638868204,0.8036064988394929,0.638965593958985,0.05389755011135858,0.5,0.8799011948077244,0.1267704385256616,0.09685745724747154,0.38782867398185655,0.2843041647219304,0.12351192721456916
2021-06-26 17:20:00,0.303347280334728,0.2669322709163344,0.8299329858525686,0.8121763970719516,0.6702961615474212,0.00868596881959911,0.5,0.8799011948077244,0.1267704385256616,0.09685745724747154,0.38782867398185655,0.2843041647219304,0.12357227997646243
2021-06-26 17:30:00,0.3598326359832636,-0.45019920318725104,0.8299329858525686,0.817532583467238,0.6785933962387614,0.016815144766146994,0.5,0.8799011948077244,0.1267704385256616,0.09685745724747154,0.38782867398185655,0.2843041647219304,0.1650874360637929
2021-06-26 17:40:00,0.2733612273361227,0.09960159362549792,0.8299329858525686,0.8103910016068558,0.6570781693735196,0.01804008908685969,0.5,0.8799011948077244,0.1267704385256616,0.09685745724747154,0.38782867398185655,0.2843041647219304,0.09544034883896375
2021-06-26 17:50:00,0.20641562064156208,0.6494023904382469,0.832315711094564,0.817889662560257,0.6365313894596327,0.3443207126948775,0.5,0.8799011948077244,0.1267704385256616,0.09685745724747154,0.38782867398185655,0.2843041647219304,0.0
2021-06-26 18:00:00,0.33751743375174337,0.2828685258964143,0.8412509307520475,0.8261024816996965,0.70458441847378,0.025055679287305125,0.5,0.823585337047978,0.09064760191605127,0.15263030880380424,0.2948976735783719,0.3181534992086407,0.15509905397045734
2021-06-26 18:10:00,0.2510460251046025,-0.17131474103585675,0.8412509307520475,0.8186038207462953,0.6789860098676893,0.014587973273942095,0.5,0.823585337047978,0.09064760191605127,0.15263030880380424,0.2948976735783719,0.3181534992086407,0.046486714848288244
2021-06-26 18:20:00,0.3688981868898187,-0.3545816733067729,0.8409530900967979,0.8253883235136583,0.6716703092486684,0.005011135857461025,0.5,0.823585337047978,0.09064760191605127,0.15263030880380424,0.2948976735783719,0.3181534992086407,0.20009958205712391
2021-06-26 18:30:00,0.27266387726638774,0.12350597609561742,0.8346984363365599,0.810748080699875,0.6763424114329089,0.0027839643652561247,0.5,0.823585337047978,0.09064760191605127,0.15263030880380424,0.2948976735783719,0.3181534992086407,0.126936946452012
2021-06-26 18:40:00,0.34797768479776847,-0.2509960159362551,0.832315711094564,0.810748080699875,0.6573660860347331,0.03897550111358575,0.5,0.823585337047978,0.09064760191605127,0.15263030880380424,0.2948976735783719,0.3181534992086407,0.13156147683208352
2021-06-26 18:50:00,0.30404463040446306,-0.5458167330677292,0.8290394638868204,0.807534368862703,0.637303529596524,0.01826280623608018,0.5,0.823585337047978,0.09064760191605127,0.15263030880380424,0.2948976735783719,0.3181534992086407,0.11315388445463737
2021-06-26 19:00:00,0.30404463040446306,0.3545816733067728,0.8263588979895755,0.8114622388859132,0.6241509730274436,0.012917594654788419,0.5,0.8221847741145336,0.0973945926375053,0.15657397441930862,0.179258950079067,0.3073017569694608,0.12439458635725817
2021-06-26 19:10:00,0.36610878661087864,-0.01195219123505975,0.8245718540580786,0.8136047134440278,0.6679797411367473,0.03051224944320713,0.5,0.8221847741145336,0.0973945926375053,0.15657397441930862,0.179258950079067,0.3073017569694608,0.1790741886325573
2021-06-26 19:20:00,0.24407252440725244,-0.01195219123505975,0.8224869694713326,0.8046777361185502,0.6507309157058538,0.004565701559020045,0.5,0.8221847741145336,0.0973945926375053,0.15657397441930862,0.179258950079067,0.3073017569694608,0.09052159874466255
2021-06-26 19:30:00,0.11785216178521618,0.21912350597609564,0.8209977661950856,0.8114622388859132,0.6459148551910064,0.00033407572383073496,0.5,0.8221847741145336,0.0973945926375053,0.15657397441930862,0.179258950079067,0.3073017569694608,0.013458665902198349
2021-06-26 19:40:00,0.23709902370990238,0.5059760956175297,0.8209977661950856,0.8228887698625245,0.665741843451859,0.011247216035634744,0.5,0.8221847741145336,0.0973945926375053,0.15657397441930862,0.179258950079067,0.3073017569694608,0.09249060760143035
2021-06-26 19:50:00,0.20641562064156208,-0.08366533864541836,0.8192107222635887,0.8128905552579895,0.6956720890971195,0.0008908685968819599,0.5,0.8221847741145336,0.0973945926375053,0.15657397441930862,0.179258950079067,0.3073017569694608,0.06742912322525159
2021-06-26 20:00:00,0.24267782426778242,0.2111553784860556,0.8209977661950856,0.8103910016068558,0.6935650626218739,0.00044543429844097997,0.5,0.827583538649393,0.09980833718861898,0.1385275637472407,0.15398701798191064,0.2501024022539127,0.0932978257917528
2021-06-26 20:10:00,0.20223152022315202,0.14741035856573692,0.8209977661950856,0.8025352615604355,0.703629058643389,0.00044543429844097997,0.5,0.827583538649393,0.09980833718861898,0.1385275637472407,0.15398701798191064,0.2501024022539127,0.06382304570212895
2021-06-26 20:20:00,0.2796373779637378,-0.0916334661354582,0.8180193596425911,0.7986073915372254,0.6916805172030205,0.0006681514476614699,0.5,0.827583538649393,0.09980833718861898,0.1385275637472407,0.15398701798191064,0.2501024022539127,0.11249000407381145
2021-06-26 20:30:00,0.3193863319386332,0.09960159362549792,0.8087862993298582,0.7882520978396714,0.6899137558728454,0.0008908685968819599,0.5,0.827583538649393,0.09980833718861898,0.1385275637472407,0.15398701798191064,0.2501024022539127,0.14642334444830032
2021-06-26 20:40:00,0.4379358437935844,-0.01195219123505975,0.7971705137751302,0.7782538832351364,0.6817735666330764,0.000556792873051225,0.5,0.827583538649393,0.09980833718861898,0.1385275637472407,0.15398701798191064,0.2501024022539127,0.314671756416253
2021-06-26 20:50:00,0.45188284518828453,-0.10756972111553798,0.7870439314966491,0.7686127477236209,0.6844956877936422,0.00044543429844097997,0.5,0.827583538649393,0.09980833718861898,0.1385275637472407,0.15398701798191064,0.2501024022539127,0.34130995669689335
2021-06-26 21:00:00,0.4560669456066946,-0.12350597609561753,0.7763216679076692,0.7611140867702197,0.6776642106502991,0.00033407572383073496,0.5,0.8540151950005053,0.10430824667319932,0.12686624419809533,0.20193092580902056,0.21981266537603156,0.3424189386966821
2021-06-26 21:10:00,0.44072524407252445,-0.15537848605577698,0.767386448250186,0.7557579003749331,0.6753347031186608,0.00033407572383073496,0.5,0.8540151950005053,0.10430824667319932,0.12686624419809533,0.20193092580902056,0.21981266537603156,0.34976688745718726
2021-06-26 21:20:00,0.4072524407252441,0.05976095617529875,0.7590469099032016,0.7496875557936082,0.6753347031186608,0.00022271714922048998,0.5,0.8540151950005053,0.10430824667319932,0.12686624419809533,0.20193092580902056,0.21981266537603156,0.26734010290145904
2021-06-26 21:30:00,0.45676429567642957,-0.1633466135458168,0.7524944154877138,0.7418318157471882,0.675190744788054,0.00033407572383073496,0.5,0.8540151950005053,0.10430824667319932,0.12686624419809533,0.20193092580902056,0.21981266537603156,0.3656170315494063
2021-06-26 21:40:00,0.47629009762900976,0.09163346613545809,0.744452717795979,0.7375468666309586,0.6640928662103625,0.000556792873051225,0.5,0.8540151950005053,0.10430824667319932,0.12686624419809533,0.20193092580902056,0.21981266537603156,0.4101196493504534
2021-06-26 21:50:00,0.6276150627615062,0.003984063745019917,0.7387937453462394,0.7229066238171755,0.6640797790893982,0.00044543429844097997,0.5,0.8540151950005053,0.10430824667319932,0.12686624419809533,0.20193092580902056,0.21981266537603156,0.7040451438658962
2021-06-26 22:00:00,0.5613668061366807,-0.24302788844621515,0.7328369322412507,0.7186216747009462,0.6640797790893982,0.000779510022271715,0.5,0.7460898338782671,0.1311525342881032,0.1500361990915797,0.33108460366562853,0.22836239068130967,0.5671122712253119
2021-06-26 22:10:00,0.5808926080892608,-0.31474103585657376,0.7271779597915116,0.7221924656311371,0.6640797790893982,0.0014476614699331849,0.5,0.7460898338782671,0.1311525342881032,0.1500361990915797,0.33108460366562853,0.22836239068130967,0.6157339650255744
2021-06-26 22:20:00,0.5599721059972106,-0.12350597609561753,0.7218168279970214,0.7221924656311371,0.6640797790893982,0.007906458797327393,0.5,0.7460898338782671,0.1311525342881032,0.1500361990915797,0.33108460366562853,0.22836239068130967,0.5639588394163888
2021-06-26 22:30:00,0.5627615062761506,-0.12350597609561753,0.7161578555472821,0.7221924656311371,0.6640797790893982,0.01135857461024499,0.5,0.7460898338782671,0.1311525342881032,0.1500361990915797,0.33108460366562853,0.22836239068130967,0.5560224512274243
2021-06-26 22:40:00,0.6436541143654114,-0.02788844621513953,0.7093075204765449,0.7182645956079272,0.6640797790893982,0.0244988864142539,0.5,0.7460898338782671,0.1311525342881032,0.1500361990915797,0.33108460366562853,0.22836239068130967,0.7129396321499163
2021-06-26 22:50:00,0.7175732217573221,-0.09960159362549814,0.7075204765450482,0.7100517764684879,0.6640797790893982,0.034966592427616926,0.5,0.7460898338782671,0.1311525342881032,0.1500361990915797,0.33108460366562853,0.22836239068130967,0.83836021545936
2021-06-26 23:00:00,0.6276150627615062,-0.15537848605577698,0.7012658227848099,0.7093376182824496,0.6640797790893982,0.015812917594654786,0.5,0.7075905294569482,0.13991097880214917,0.1864086455782388,0.4753582871824639,0.26172075553931834,0.7006125805332167
2021-06-26 23:10:00,0.6527196652719665,-0.12350597609561753,0.6941176470588233,0.7111230137475453,0.6640797790893982,0.017260579064587975,0.5,0.7075905294569482,0.13991097880214917,0.1864086455782388,0.4753582871824639,0.26172075553931834,0.776061076995036
2021-06-26 23:20:00,0.6227336122733612,-0.13147410358565736,0.6878629932985851,0.7111230137475453,0.6579811807200534,0.011024498886414253,0.5,0.7075905294569482,0.13991097880214917,0.1864086455782388,0.4753582871824639,0.26172075553931834,0.7088356443411742
2021-06-26 23:30:00,0.6150627615062761,0.11553784860557759,0.681012658227848,0.7111230137475453,0.6542513512452395,0.0034521158129175947,0.5,0.7075905294569482,0.13991097880214917,0.1864086455782388,0.4753582871824639,0.26172075553931834,0.7093788191982136
2021-06-26 23:40:00,0.603905160390516,-0.02788844621513953,0.6762472077438568,0.7107659346545259,0.6542513512452395,0.00155902004454343,0.5,0.7075905294569482,0.13991097880214917,0.1864086455782388,0.4753582871824639,0.26172075553931834,0.6739743802525763
2021-06-26 23:50:00,0.6729428172942817,0.05179282868525892,0.6720774385703647,0.7086234600964114,0.6542513512452395,0.00913140311804009,0.5,0.7075905294569482,0.13991097880214917,0.1864086455782388,0.4753582871824639,0.26172075553931834,0.824675226700062
2021-06-27 00:00:00,0.6771269177126918,-0.019920318725099695,0.6720774385703647,0.7025531155150866,0.6542513512452395,0.004565701559020045,0.5,0.6986415620185691,0.14683612685951752,0.19798563373519462,0.5469436892071053,0.2953994727921527,0.8522111743138646
2021-06-27 00:10:00,0.6471408647140864,-0.06772908366533881,0.6693968726731196,0.7068380646313157,0.6542513512452395,0.000556792873051225,0.5,0.6986415620185691,0.14683612685951752,0.19798563373519462,0.5469436892071053,0.2953994727921527,0.7758875628045929
2021-06-27 00:20:00,0.6241283124128312,-0.01195219123505975,0.665524944154877,0.707909301910373,0.6542513512452395,0.00044543429844097997,0.5,0.6986415620185691,0.14683612685951752,0.19798563373519462,0.5469436892071053,0.2953994727921527,0.7370203841453296
2021-06-27 00:30:00,0.5669456066945607,-0.12350597609561753,0.6610573343261352,0.7111230137475453,0.6542513512452395,0.0013363028953229399,0.5,0.6986415620185691,0.14683612685951752,0.19798563373519462,0.5469436892071053,0.2953994727921527,0.6054664514084827
2021-06-27 00:40:00,0.5425383542538355,-0.2270916334661356,0.6556962025316453,0.7175504374218891,0.6542513512452395,0.0024498886414253897,0.5,0.6986415620185691,0.14683612685951752,0.19798563373519462,0.5469436892071053,0.2953994727921527,0.5713897732244971
2021-06-27 00:50:00,0.5306834030683404,-0.13147410358565736,0.6539091586001489,0.7182645956079272,0.6509795710041747,0.00044543429844097997,0.5,0.6986415620185691,0.14683612685951752,0.19798563373519462,0.5469436892071053,0.2953994727921527,0.527837711423269
2021-06-27 01:00:00,0.49372384937238495,0.3306772908366533,0.6488458674609083,0.7150508837707554,0.6429833400950126,0.0024498886414253897,0.5,0.6196722525309157,0.15617789297341603,0.2603926393531871,0.5194763227807674,0.3111992604186089,0.46790741886325576
2021-06-27 01:10:00,0.5299860529986052,-0.17131474103585675,0.6455696202531644,0.7104088555615069,0.6385468060881286,0.009910913140311804,0.5,0.6196722525309157,0.15617789297341603,0.2603926393531871,0.5194763227807674,0.3111992604186089,0.48501742685999666
2021-06-27 01:20:00,0.4797768479776848,0.2111553784860556,0.645271779597915,0.7032672737011247,0.6404313515069819,0.0017817371937639199,0.5,0.6196722525309157,0.15617789297341603,0.2603926393531871,0.5194763227807674,0.3111992604186089,0.4258792642998325
2021-06-27 01:30:00,0.4463040446304045,0.003984063745019917,0.6422933730454206,0.6975540082128191,0.6431011241836908,0.0006681514476614699,0.5,0.6196722525309157,0.15617789297341603,0.2603926393531871,0.5194763227807674,0.3111992604186089,0.37788373040421264
2021-06-27 01:40:00,0.4916317991631799,-0.24302788844621515,0.637825763216679,0.6964827709337618,0.637303529596524,0.008463251670378619,0.5,0.6196722525309157,0.15617789297341603,0.2603926393531871,0.5194763227807674,0.3111992604186089,0.4055252953513285
2021-06-27 01:50:00,0.5034867503486751,0.003984063745019917,0.6363365599404316,0.6843420817711123,0.6318200259124994,0.009242761692650333,0.5,0.6196722525309157,0.15617789297341603,0.2603926393531871,0.5194763227807674,0.3111992604186089,0.44842856496220407
2021-06-27 02:00:00,0.4714086471408647,-0.2589641434262948,0.635145197319434,0.676486341724692,0.6318200259124994,0.005902004454342985,0.5,0.6068717036724751,0.15617214596258305,0.2737545362997186,0.4637319220361045,0.30337200843197487,0.38104470630837245
2021-06-27 02:10:00,0.46443514644351463,-0.24302788844621515,0.6312732688011911,0.6772004999107302,0.624975461648192,0.008129175946547884,0.5,0.6068717036724751,0.15617214596258305,0.2737545362997186,0.4637319220361045,0.30337200843197487,0.36627336783499553
2021-06-27 02:20:00,0.4456066945606694,-0.06772908366533881,0.6300819061801934,0.6679164434922336,0.620578189004201,0.0022271714922049,0.5,0.6068717036724751,0.15617214596258305,0.2737545362997186,0.4637319220361045,0.30337200843197487,0.3391297131734991
2021-06-27 02:30:00,0.43235704323570434,-0.03585657370517936,0.627103499627699,0.6604177825388324,0.620578189004201,0.000556792873051225,0.5,0.6068717036724751,0.15617214596258305,0.2737545362997186,0.4637319220361045,0.30337200843197487,0.3172895574633734
2021-06-27 02:40:00,0.42329149232914925,0.13147410358565725,0.6226358897989572,0.6522049633993929,0.624216408632265,0.00033407572383073496,0.5,0.6068717036724751,0.15617214596258305,0.2737545362997186,0.4637319220361045,0.30337200843197487,0.301514854323521
2021-06-27 02:50:00,0.41283124128312415,-0.09960159362549814,0.6184661206254651,0.6479200142831638,0.6220308594312337,0.0006681514476614699,0.5,0.6068717036724751,0.15617214596258305,0.2737545362997186,0.4637319220361045,0.30337200843197487,0.29094557689696277
2021-06-27 03:00:00,0.4456066945606694,-0.24302788844621515,0.6154877140729709,0.6411355115158008,0.6185104238918481,0.001893095768374165,0.5,0.5870927546083131,0.15398253483406843,0.28533735790635967,0.4325173113124072,0.27763273338772876,0.33144228012734434
2021-06-27 03:10:00,0.45258019525801957,0.06772908366533859,0.6128071481757258,0.6361364042135333,0.6092840036120455,0.0032293986636971047,0.5,0.5870927546083131,0.15398253483406843,0.28533735790635967,0.4325173113124072,0.27763273338772876,0.3420945426015058
2021-06-27 03:20:00,0.45397489539748953,0.09163346613545809,0.6074460163812359,0.6268523477950365,0.6092840036120455,0.004231625835189309,0.5,0.5870927546083131,0.15398253483406843,0.28533735790635967,0.4325173113124072,0.27763273338772876,0.35732607088431884
2021-06-27 03:30:00,0.4198047419804742,-0.003984063745020028,0.6053611317944898,0.6193536868416356,0.6149769012314981,0.009465478841870824,0.5,0.5870927546083131,0.15398253483406843,0.28533735790635967,0.4325173113124072,0.27763273338772876,0.28260180756521874
2021-06-27 03:40:00,0.41143654114365413,0.2350597609561753,0.6035740878629932,0.6147116586323871,0.6094541361845808,0.006792873051224944,0.5,0.5870927546083131,0.15398253483406843,0.28533735790635967,0.4325173113124072,0.27763273338772876,0.2693015676629902
2021-06-27 03:50:00,0.44072524407252445,-0.2270916334661356,0.6005956813104989,0.6111408677021961,0.6190208216094542,0.008017817371937639,0.5,0.5870927546083131,0.15398253483406843,0.28533735790635967,0.4325173113124072,0.27763273338772876,0.310809179655084
2021-06-27 04:00:00,0.4504881450488145,0.05179282868525892,0.5999999999999999,0.6089983931440812,0.6092840036120455,0.00824053452115813,0.5,0.49498903183652443,0.16041631346495788,0.3720761894181984,0.42780108195530653,0.262687451856037,0.3356971498408196
2021-06-27 04:10:00,0.4490934449093445,-0.5219123505976095,0.596723752792256,0.6025709694697374,0.6092840036120455,0.0069042316258351895,0.5,0.49498903183652443,0.16041631346495788,0.3720761894181984,0.42780108195530653,0.262687451856037,0.3198620939390739
2021-06-27 04:20:00,0.39609483960948394,-0.15537848605577698,0.5910647803425166,0.600428494911623,0.5993770530421013,0.0012249443207126948,0.5,0.49498903183652443,0.16041631346495788,0.3720761894181984,0.42780108195530653,0.262687451856037,0.25514884499901924
2021-06-27 04:30:00,0.36959553695955366,-0.45019920318725104,0.5862993298585255,0.597214783074451,0.5957257462930731,0.00044543429844097997,0.5,0.49498903183652443,0.16041631346495788,0.3720761894181984,0.42780108195530653,0.262687451856037,0.20762104500807219
2021-06-27 04:40:00,0.40376569037656906,-0.2749003984063746,0.581236038719285,0.5922156757721835,0.5867610684325555,0.0010022271714922048,0.5,0.49498903183652443,0.16041631346495788,0.3720761894181984,0.42780108195530653,0.262687451856037,0.26450352309247555
2021-06-27 04:50:00,0.49721059972105996,-0.31474103585657376,0.575874906924795,0.5836457775397252,0.5756631898548639,0.009020044543429844,0.5,0.49498903183652443,0.16041631346495788,0.3720761894181984,0.42780108195530653,0.262687451856037,0.38965251897339953
2021-06-27 05:00:00,0.5390516039051604,-0.12350597609561753,0.5687267311988085,0.5647205856097126,0.5755977542500426,0.06915367483296214,0.5,0.4786463181691285,0.1564968520748136,0.36944657175136775,0.3954133537050236,0.25136668214236213,0.33402990479351813
2021-06-27 05:10:00,0.5285913528591353,0.019920318725099362,0.5651526433358152,0.5386538118193178,0.5755977542500426,0.09053452115812918,0.5,0.4786463181691285,0.1564968520748136,0.36944657175136775,0.3954133537050236,0.25136668214236213,0.23989468443049627
2021-06-27 05:20:00,0.5390516039051604,-0.003984063745020028,0.5642591213700667,0.5290126763078022,0.5755977542500426,0.09387527839643653,0.5,0.4786463181691285,0.1564968520748136,0.36944657175136775,0.3954133537050236,0.25136668214236213,0.23936659776393018
2021-06-27 05:30:00,0.5767085076708507,0.20318725099601576,0.5618763961280713,0.5211569362613819,0.5810812579340671,0.0910913140311804,0.5,0.4786463181691285,0.1564968520748136,0.36944657175136775,0.3954133537050236,0.25136668214236213,0.3026540127042564
2021-06-27 05:40:00,0.5536959553695956,-0.06772908366533881,0.5597915115413252,0.5133011962149614,0.586878852521234,0.07327394209354121,0.5,0.4786463181691285,0.1564968520748136,0.36944657175136775,0.3954133537050236,0.25136668214236213,0.3646061227876941
2021-06-27 05:50:00,0.599023709902371,-0.08366533864541836,0.5565152643335813,0.5079450098196749,0.586878852521234,0.06057906458797328,0.5,0.4786463181691285,0.1564968520748136,0.36944657175136775,0.3954133537050236,0.25136668214236213,0.46525189733995204
2021-06-27 06:00:00,0.6680613668061367,-0.2509960159362551,0.5547282204020847,0.5068737725406176,0.586878852521234,0.01224944320712695,0.5,0.4986451641522327,0.1868870453755258,0.4517707499926765,0.4478470366605476,0.22077518527816492,0.7854610196599122
2021-06-27 06:10:00,0.6150627615062761,-0.19521912350597614,0.5517498138495904,0.5058025352615605,0.586878852521234,0.002561247216035635,0.5,0.4986451641522327,0.1868870453755258,0.4517707499926765,0.4478470366605476,0.22077518527816492,0.7004767868189569
2021-06-27 06:20:00,0.5697350069735007,0.17928286852589648,0.5481757259865969,0.5136582753079808,0.586878852521234,0.004899777282850779,0.5,0.4986451641522327,0.1868870453755258,0.4517707499926765,0.4478470366605476,0.22077518527816492,0.6017623006472833
2021-06-27 06:30:00,0.6087866108786611,0.20318725099601576,0.5517498138495904,0.5197286198893054,0.5927026213503291,0.0020044543429844097,0.5,0.4986451641522327,0.1868870453755258,0.4517707499926765,0.4478470366605476,0.22077518527816492,0.6657814928255654
2021-06-27 06:40:00,0.5453277545327755,-0.14741035856573714,0.5478778853313475,0.5300839135868596,0.5981337765504966,0.005679287305122495,0.5,0.4986451641522327,0.1868870453755258,0.4517707499926765,0.4478470366605476,0.22077518527816492,0.5340691340887487
2021-06-27 06:50:00,0.5013947001394701,-0.33067729083665354,0.5469843633655993,0.5357971790751652,0.5981337765504966,0.0071269487750556795,0.5,0.4986451641522327,0.1868870453755258,0.4517707499926765,0.4478470366605476,0.22077518527816492,0.4436305203916894
2021-06-27 07:00:00,0.4470013947001395,0.01195219123505975,0.5469843633655993,0.5397250490983752,0.5981337765504966,0.0006681514476614699,0.5,0.4896636107454315,0.20044137043220522,0.4526637750510205,0.5398867668138482,0.1694765697460676,0.35164536717111516
2021-06-27 07:10:00,0.4421199442119944,0.1633466135458166,0.5469843633655993,0.5397250490983752,0.5981337765504966,0.005790645879732739,0.5,0.4896636107454315,0.20044137043220522,0.4526637750510205,0.5398867668138482,0.1694765697460676,0.3337055086983418
2021-06-27 07:20:00,0.4790794979079498,0.40239043824701204,0.5469843633655993,0.5343688627030887,0.5981337765504966,0.008574610244988864,0.5,0.4896636107454315,0.20044137043220522,0.4526637750510205,0.5398867668138482,0.1694765697460676,0.37466240173815957
2021-06-27 07:30:00,0.4860529986052998,0.2828685258964143,0.5469843633655993,0.5275843599357259,0.5981337765504966,0.009465478841870824,0.5,0.4896636107454315,0.20044137043220522,0.4526637750510205,0.5398867668138482,0.1694765697460676,0.3894186520210632
2021-06-27 07:40:00,0.4602510460251046,0.20318725099601576,0.5466865227103499,0.5275843599357259,0.5981337765504966,0.006792873051224944,0.5,0.4896636107454315,0.20044137043220522,0.4526637750510205,0.5398867668138482,0.1694765697460676,0.3542707123134723
2021-06-27 07:50:00,0.42398884239888424,0.027888446215139417,0.5443037974683544,0.5257989644706302,0.5981337765504966,0.0020044543429844097,0.5,0.4896636107454315,0.20044137043220522,0.4526637750510205,0.5398867668138482,0.1694765697460676,0.2969582208005794
2021-06-27 08:00:00,0.41352859135285913,0.17928286852589648,0.5443037974683544,0.525441885377611,0.5981337765504966,0.010579064587973273,0.5,0.4980995743145187,0.21816515185039312,0.41620002239537424,0.559006201147632,0.17089635119303637,0.29295230622991386
2021-06-27 08:10:00,0.44072524407252445,0.346613545816733,0.5460908413998509,0.5193715407962862,0.6004109355982777,0.0089086859688196,0.5,0.4980995743145187,0.21816515185039312,0.41620002239537424,0.559006201147632,0.17089635119303637,0.32556542993798754
2021-06-27 08:20:00,0.46234309623430964,-0.23505976095617542,0.5517498138495904,0.5300839135868596,0.6094017877007237,0.0038975501113585743,0.5,0.4980995743145187,0.21816515185039312,0.41620002239537424,0.559006201147632,0.17089635119303637,0.35495722498000815
2021-06-27 08:30:00,0.396792189679219,0.027888446215139417,0.5580044676098284,0.5257989644706302,0.6094017877007237,0.0013363028953229399,0.5,0.4980995743145187,0.21816515185039312,0.41620002239537424,0.559006201147632,0.17089635119303637,0.27628739985213574
2021-06-27 08:40:00,0.35146443514644354,0.10756972111553775,0.5672375279225612,0.5268702017496876,0.6094017877007237,0.0012249443207126948,0.5,0.4980995743145187,0.21816515185039312,0.41620002239537424,0.559006201147632,0.17089635119303637,0.20347933672314683
2021-06-27 08:50:00,0.401673640167364,0.20318725099601576,0.5788533134772895,0.5332976254240314,0.6114172043292196,0.020378619153674834,0.5,0.4980995743145187,0.21816515185039312,0.41620002239537424,0.559006201147632,0.17089635119303637,0.2337009822411998
2021-06-27 09:00:00,0.504881450488145,0.1633466135458166,0.58927773641102,0.5486520264238528,0.620578189004201,0.04131403118040089,0.5,0.5012508742678579,0.247595594341492,0.383724954369108,0.539496809522011,0.22432537025441507,0.3580503040270381
2021-06-27 09:10:00,0.5536959553695956,0.21912350597609564,0.596723752792256,0.5482949473308338,0.6277368441716507,0.009910913140311804,0.5,0.5012508742678579,0.247595594341492,0.383724954369108,0.539496809522011,0.22432537025441507,0.5444573532296272
2021-06-27 09:20:00,0.4755927475592748,-0.10756972111553798,0.6011913626209975,0.5668630601678271,0.6329324311944615,0.00623608017817372,0.5,0.5012508742678579,0.247595594341492,0.383724954369108,0.539496809522011,0.22432537025441507,0.3924664664966731
2021-06-27 09:30:00,0.50278940027894,0.1872509960159361,0.6065524944154874,0.5822174611676485,0.6353142872099568,0.003006681514476615,0.5,0.5012508742678579,0.247595594341492,0.383724954369108,0.539496809522011,0.22432537025441507,0.4503447651523153
2021-06-27 09:40:00,0.44839609483960946,-0.14741035856573714,0.6128071481757258,0.5882878057489733,0.6440564840140818,0.0012249443207126948,0.5,0.5012508742678579,0.247595594341492,0.383724954369108,0.539496809522011,0.22432537025441507,0.34071397317319735
2021-06-27 09:50:00,0.5557880055788006,0.1394422310756971,0.619657483246463,0.5990001785395467,0.6488332831660363,0.009354120267260579,0.5,0.5012508742678579,0.247595594341492,0.383724954369108,0.539496809522011,0.22432537025441507,0.5638909425592589
2021-06-27 10:00:00,0.598326359832636,0.29083665338645415,0.6259121370067011,0.5993572576325656,0.6595908965986572,0.005456570155902005,0.5,0.6156171172057581,0.2486932734111679,0.28848222135734997,0.4562123180690093,0.34065577591102814,0.6724957375861913
2021-06-27 10:10:00,0.3682008368200837,-0.03585657370517936,0.6154877140729709,0.6039992858418142,0.6931724489929459,0.00044543429844097997,0.5,0.6156171172057581,0.2486932734111679,0.28848222135734997,0.4562123180690093,0.34065577591102814,0.2178206617680342
2021-06-27 10:20:00,0.3800557880055788,0.1394422310756971,0.6056589724497392,0.6093554722371006,0.6907644187355224,0.000556792873051225,0.5,0.6156171172057581,0.2486932734111679,0.28848222135734997,0.4562123180690093,0.34065577591102814,0.22500264043333285
2021-06-27 10:30:00,0.3884239888423989,-0.03585657370517936,0.6053611317944898,0.610426709516158,0.6966405360484748,0.00111358574610245,0.5,0.6156171172057581,0.2486932734111679,0.28848222135734997,0.4562123180690093,0.34065577591102814,0.22632285709974803
2021-06-27 10:40:00,0.3528591352859135,-0.07569721115537853,0.6119136262099774,0.6161399750044634,0.6896127520906676,0.00044543429844097997,0.5,0.6156171172057581,0.2486932734111679,0.28848222135734997,0.4562123180690093,0.34065577591102814,0.20863949786502106
2021-06-27 10:50:00,0.39191073919107394,-0.003984063745020028,0.6175725986597167,0.6189966077486162,0.6885788695344911,0.0069042316258351895,0.5,0.6156171172057581,0.2486932734111679,0.28848222135734997,0.4562123180690093,0.34065577591102814,0.24720491271481812
2021-06-27 11:00:00,0.4225941422594142,-0.003984063745020028,0.6193596425912136,0.6161399750044634,0.7031186609257829,0.02416481069042316,0.5,0.5968966951424226,0.2634832057975858,0.2950719904757521,0.43374822674237806,0.5083477506448335,0.25180681080917966
2021-06-27 11:10:00,0.39051603905160387,0.043824701195219085,0.6157855547282203,0.6114979467952151,0.7023203465469631,0.019710467706013365,0.5,0.5968966951424226,0.2634832057975858,0.2950719904757521,0.43374822674237806,0.5083477506448335,0.21604025529218282
2021-06-27 11:20:00,0.42538354253835425,-0.09960159362549814,0.6199553239017124,0.615068737725406,0.6948083391134784,0.01247216035634744,0.5,0.5968966951424226,0.2634832057975858,0.2950719904757521,0.43374822674237806,0.5083477506448335,0.276921103852015
2021-06-27 11:30:00,0.44490934449093444,0.12350597609561742,0.6232315711094563,0.6111408677021961,0.700645195063538,0.010356347438752784,0.5,0.5968966951424226,0.2634832057975858,0.2950719904757521,0.43374822674237806,0.5083477506448335,0.3118125443215595
2021-06-27 11:40:00,0.45327754532775455,-0.003984063745020028,0.6166790766939687,0.6075700767720049,0.7148839826726519,0.0014476614699331849,0.5,0.5968966951424226,0.2634832057975858,0.2950719904757521,0.43374822674237806,0.5083477506448335,0.34693030764820376
2021-06-27 11:50:00,0.4225941422594142,-0.1394422310756973,0.6119136262099774,0.6007855740046419,0.7090602138435564,0.001893095768374165,0.5,0.5968966951424226,0.2634832057975858,0.2950719904757521,0.43374822674237806,0.5083477506448335,0.3033631576565023
2021-06-27 12:00:00,0.44142259414225943,-0.06772908366533881,0.6125093075204764,0.600428494911623,0.6957898731857978,0.0008908685968819599,0.5,0.5905778522811678,0.27565250124278984,0.2872266347196527,0.5464735308827434,0.6127259252067152,0.32589737012840053
2021-06-27 12:10:00,0.4302649930264993,0.09163346613545809,0.6125093075204764,0.6000714158186038,0.691353339178914,0.001893095768374165,0.5,0.5905778522811678,0.27565250124278984,0.2872266347196527,0.5464735308827434,0.6127259252067152,0.32493172593810826
2021-06-27 12:20:00,0.4421199442119944,0.01195219123505975,0.6145941921072224,0.600428494911623,0.6801376765125441,0.009020044543429844,0.5,0.5905778522811678,0.27565250124278984,0.2872266347196527,0.5464735308827434,0.6127259252067152,0.3222988367005145
2021-06-27 12:30:00,0.46373779637377965,-0.07569721115537853,0.6187639612807148,0.600428494911623,0.6735025061836646,0.01893095768374165,0.5,0.5905778522811678,0.27565250124278984,0.2872266347196527,0.5464735308827434,0.6127259252067152,0.354210359551579
2021-06-27 12:40:00,0.4755927475592748,-0.059760956175298974,0.6220402084884586,0.600428494911623,0.6669065972176781,0.02817371937639198,0.5,0.5905778522811678,0.27565250124278984,0.2872266347196527,0.5464735308827434,0.6127259252067152,0.34772998174328956
2021-06-27 12:50:00,0.4435146443514645,-0.2270916334661356,0.6279970215934472,0.6068559185859668,0.6858698354948896,0.004565701559020045,0.5,0.5905778522811678,0.27565250124278984,0.2872266347196527,0.5464735308827434,0.6127259252067152,0.3253391070808878
2021-06-27 13:00:00,0.40097629009762903,0.11553784860557759,0.6330603127326879,0.6147116586323871,0.6726780175629163,0.005011135857461025,0.5,0.6872659905550722,0.27395138603533764,0.23469857614370174,0.6855935544531787,0.6637496940349088,0.24553012357227996
2021-06-27 13:10:00,0.3200836820083682,0.043824701195219085,0.635145197319434,0.6218532404927692,0.6628888510816505,0.011469933184855235,0.5,0.6872659905550722,0.27395138603533764,0.23469857614370174,0.6855935544531787,0.6637496940349088,0.14846779425743473
2021-06-27 13:20:00,0.3633193863319386,-0.14741035856573714,0.6363365599404316,0.625066952329941,0.6693277145960661,0.0044543429844098,0.5,0.6872659905550722,0.27395138603533764,0.23469857614370174,0.6855935544531787,0.6637496940349088,0.1926007513918856
2021-06-27 13:30:00,0.402370990237099,-0.02788844621513953,0.6369322412509306,0.6168541331905018,0.6745887372236982,0.00601336302895323,0.5,0.6872659905550722,0.27395138603533764,0.23469857614370174,0.6855935544531787,0.6637496940349088,0.25061484376178766
2021-06-27 13:40:00,0.3472803347280335,0.14741035856573692,0.6375279225614294,0.6136404213533297,0.6631375063799715,0.00378619153674833,0.5,0.6872659905550722,0.27395138603533764,0.23469857614370174,0.6855935544531787,0.6637496940349088,0.19334007272507805
2021-06-27 13:50:00,0.42677824267782427,-0.059760956175298974,0.6396128071481755,0.6143545795393681,0.6764732826425515,0.006347438752783964,0.5,0.6872659905550722,0.27395138603533764,0.23469857614370174,0.6855935544531787,0.6637496940349088,0.2839748328982905
2021-06-27 14:00:00,0.3647140864714087,0.01195219123505975,0.6419955323901709,0.6114979467952151,0.659983510227585,0.005233853006681514,0.5,0.7043252619968561,0.263790670877309,0.21912453362520873,0.7787214546748751,0.6977254860760337,0.21691537033963515
2021-06-27 14:10:00,0.3235704323570432,0.10756972111553775,0.650037230081906,0.6218532404927692,0.6715656122809542,0.0008908685968819599,0.5,0.7043252619968561,0.263790670877309,0.21912453362520873,0.7787214546748751,0.6977254860760337,0.17461562834769226
2021-06-27 14:20:00,0.28591352859135283,-0.12350597609561753,0.6551005212211465,0.6261381896089984,0.6705971653295991,0.0008908685968819599,0.5,0.7043252619968561,0.263790670877309,0.21912453362520873,0.7787214546748751,0.6977254860760337,0.13652549149780466
2021-06-27 14:30:00,0.3612273361227336,0.05179282868525892,0.6571854058078928,0.6272094268880557,0.6719320516679537,0.00155902004454343,0.5,0.7043252619968561,0.263790670877309,0.21912453362520873,0.7787214546748751,0.6977254860760337,0.19889252681925856
2021-06-27 14:40:00,0.33821478382147835,0.20318725099601576,0.6604616530156364,0.6279235850740938,0.670086767611993,0.0014476614699331849,0.5,0.7043252619968561,0.263790670877309,0.21912453362520873,0.7787214546748751,0.6977254860760337,0.18381942453641534
2021-06-27 14:50:00,0.37796373779637377,-0.2270916334661356,0.6637379002233803,0.6325656132833424,0.6686864456688174,0.0014476614699331849,0.5,0.7043252619968561,0.263790670877309,0.21912453362520873,0.7787214546748751,0.6977254860760337,0.2235994387193144
2021-06-27 15:00:00,0.40794979079497906,-0.19521912350597614,0.6682055100521218,0.6382788787716478,0.6637787753072202,0.0010022271714922048,0.5,0.6997651942500607,0.2596873051404132,0.2151703424374461,0.8136796481675613,0.7237921306140757,0.2637491135688097
2021-06-27 15:10:00,0.3110181311018131,0.2749003984063745,0.6732688011913626,0.6436350651669345,0.67923466516601,0.00111358574610245,0.5,0.6997651942500607,0.2596873051404132,0.2151703424374461,0.8136796481675613,0.7237921306140757,0.1694252908248714
2021-06-27 15:20:00,0.23709902370990238,0.08366533864541825,0.6819061801935962,0.6554186752365649,0.6894295323971679,0.00044543429844097997,0.5,0.6997651942500607,0.2596873051404132,0.2151703424374461,0.8136796481675613,0.7237921306140757,0.09220393198243734
2021-06-27 15:30:00,0.20223152022315202,0.19521912350597592,0.6908413998510794,0.6686306016782717,0.6933294944445171,0.000779510022271715,0.5,0.6997651942500607,0.2596873051404132,0.2151703424374461,0.8136796481675613,0.7237921306140757,0.0639739276068621
2021-06-27 15:40:00,0.2496513249651325,-0.1872509960159363,0.6988830975428144,0.6821996072129977,0.7018230359503213,0.00022271714922048998,0.5,0.6997651942500607,0.2596873051404132,0.2151703424374461,0.8136796481675613,0.7237921306140757,0.09700952064818867
2021-06-27 15:50:00,0.2412831241283124,0.4581673306772909,0.696500372300819,0.6846991608641315,0.686602714268888,0.00011135857461024499,0.5,0.6997651942500607,0.2596873051404132,0.2151703424374461,0.8136796481675613,0.7237921306140757,0.09900870588590312
2021-06-27 16:00:00,0.1311018131101813,-0.21115537848605592,0.697989575577066,0.6854133190501694,0.6981979034432215,0.00044543429844097997,0.5,0.7458944848331828,0.2491674018051353,0.21183830134003218,0.7684989195056704,0.7318622707021996,0.014537471521040481
2021-06-27 16:10:00,0.15620641562064158,0.49003984063745,0.706031273268801,0.6950544545616855,0.6821661802620042,0.9089086859688197,0.5,0.7458944848331828,0.2491674018051353,0.21183830134003218,0.7684989195056704,0.7318622707021996,0.0
2021-06-27 16:20:00,0.13319386331938632,0.7768924302788842,0.7262844378257631,0.7043385109801821,0.691601994477235,0.7677060133630289,0.5,0.7458944848331828,0.2491674018051353,0.21183830134003218,0.7684989195056704,0.7318622707021996,0.0
2021-06-27 16:30:00,0.13807531380753138,0.7609561752988048,0.7379002233804914,0.7125513301196216,0.6959600057583332,0.9993318485523385,0.5,0.7458944848331828,0.2491674018051353,0.21183830134003218,0.7684989195056704,0.7318622707021996,0.0
2021-06-27 16:40:00,0.11506276150627615,0.7450199203187249,0.744452717795979,0.7171933583288699,0.6959600057583332,0.9993318485523385,0.5,0.7458944848331828,0.2491674018051353,0.21183830134003218,0.7684989195056704,0.7318622707021996,0.0
2021-06-27 16:50:00,0.03765690376569038,0.7290836653386452,0.7527922561429634,0.7182645956079272,0.6959600057583332,0.9993318485523385,0.5,0.7458944848331828,0.2491674018051353,0.21183830134003218,0.7684989195056704,0.7318622707021996,0.0
2021-06-27 17:00:00,0.043235704323570434,0.7131474103585655,0.7638123603871927,0.724692019282271,0.6959600057583332,0.9993318485523385,0.5,0.7309849200676533,0.2402336734605915,0.22303560801094965,0.6509746173854151,0.726456878741288,0.0
2021-06-27 17:10:00,0.15620641562064158,0.5219123505976095,0.7760238272524196,0.731476522049634,0.6958683959115834,0.9993318485523385,0.5,0.7309849200676533,0.2402336734605915,0.22303560801094965,0.6509746173854151,0.726456878741288,0.0
2021-06-27 17:20:00,0.6366806136680614,0.3306772908366533,0.7834698436336558,0.735047312979825,0.5746031330567589,0.7520044543429845,0.5,0.7309849200676533,0.2402336734605915,0.22303560801094965,0.6509746173854151,0.726456878741288,0.08273609246043122
2021-06-27 17:30:00,0.2768479776847978,0.1394422310756971,0.7650037230081903,0.7311194429566148,0.5209851984661894,0.00022271714922048998,0.5,0.7309849200676533,0.2402336734605915,0.22303560801094965,0.6509746173854151,0.726456878741288,0.13136533035593043
2021-06-27 17:40:00,0.3598326359832636,0.003984063745019917,0.7298585256887564,0.6996964827709338,0.5346088913899831,0.00033407572383073496,0.5,0.7309849200676533,0.2402336734605915,0.22303560801094965,0.6509746173854151,0.726456878741288,0.2181752342441571
2021-06-27 17:50:00,0.3312412831241283,0.05976095617529875,0.7152643335815336,0.6829137653990358,0.5438091374278572,0.00044543429844097997,0.5,0.7309849200676533,0.2402336734605915,0.22303560801094965,0.6509746173854151,0.726456878741288,0.16371441073072107
2021-06-27 18:00:00,0.32147838214783825,-0.298804780876494,0.7119880863737897,0.6864845563292268,0.5224378688932222,0.00033407572383073496,0.5,0.7385577723871772,0.24338303539871528,0.20338842265676352,0.6082551319307645,0.7384285714278173,0.15463886416102116
2021-06-27 18:10:00,0.33403068340306835,0.1633466135458166,0.7096053611317943,0.6814854490269593,0.530159270262135,0.00044543429844097997,0.5,0.7385577723871772,0.24338303539871528,0.20338842265676352,0.6082551319307645,0.7384285714278173,0.17169606349110553
2021-06-27 18:20:00,0.26778242677824265,0.027888446215139417,0.7069247952345492,0.6761292626316728,0.5302116187459921,0.00044543429844097997,0.5,0.7385577723871772,0.24338303539871528,0.20338842265676352,0.6082551319307645,0.7384285714278173,0.10087209740935771
2021-06-27 18:30:00,0.2629009762900976,0.5219123505976095,0.7078183172002976,0.683270844492055,0.5303424899556347,0.00033407572383073496,0.5,0.7385577723871772,0.24338303539871528,0.20338842265676352,0.6082551319307645,0.7384285714278173,0.11455708616865579
2021-06-27 18:40:00,0.2391910739191074,-0.17928286852589637,0.7066269545792998,0.686841635422246,0.5403017890094358,0.00044543429844097997,0.5,0.7385577723871772,0.24338303539871528,0.20338842265676352,0.6082551319307645,0.7384285714278173,0.08550477541228481
2021-06-27 18:50:00,0.16457461645746163,-0.5856573705179284,0.7081161578555473,0.69326905909659,0.5378544973891194,0.00033407572383073496,0.5,0.7385577723871772,0.24338303539871528,0.20338842265676352,0.6082551319307645,0.7384285714278173,0.028773179232614635
2021-06-27 19:00:00,0.09065550906555091,-0.7768924302788845,0.7122859270290394,0.7064809855382967,0.5186426038135871,0.7733853006681515,0.5,0.7315142002446113,0.2542362653624774,0.2035451649135248,0.5480026755382686,0.7146963375734788,0.0
2021-06-27 19:10:00,0.0815899581589958,-0.6454183266932272,0.7316455696202531,0.7154079628637744,0.5186426038135871,0.9995545657015591,0.5,0.7315142002446113,0.2542362653624774,0.2035451649135248,0.5480026755382686,0.7146963375734788,0.0
2021-06-27 19:20:00,0.09414225941422595,-0.5139442231075697,0.7468354430379744,0.7375468666309586,0.5186426038135871,0.9995545657015591,0.5,0.7315142002446113,0.2542362653624774,0.2035451649135248,0.5480026755382686,0.7146963375734788,0.0
2021-06-27 19:30:00,0.11157601115760113,-0.2270916334661356,0.7510052122114668,0.7468309230494556,0.5186426038135871,0.9995545657015591,0.5,0.7315142002446113,0.2542362653624774,0.2035451649135248,0.5480026755382686,0.7146963375734788,0.0
2021-06-27 19:40:00,0.18270571827057183,0.05976095617529875,0.7513030528667162,0.7418318157471882,0.5569224326340447,0.7638084632516704,0.5,0.7315142002446113,0.2542362653624774,0.2035451649135248,0.5480026755382686,0.7146963375734788,0.0
2021-06-27 19:50:00,0.059274755927475595,0.346613545816733,0.7575577066269543,0.7464738439564362,0.5679025271230582,0.9995545657015591,0.5,0.7315142002446113,0.2542362653624774,0.2035451649135248,0.5480026755382686,0.7146963375734788,0.0
2021-06-27 20:00:00,0.07322175732217574,0.3545816733067728,0.7629188384214443,0.7468309230494556,0.5679025271230582,0.9995545657015591,0.5,0.7367582064442837,0.2582936550126884,0.1919211287167159,0.4536662720565517,0.6885763113435168,0.0
2021-06-27 20:10:00,0.11506276150627615,0.36254980079681287,0.7647058823529411,0.7429030530262453,0.5679025271230582,0.9995545657015591,0.5,0.7367582064442837,0.2582936550126884,0.1919211287167159,0.4536662720565517,0.6885763113435168,0.0
2021-06-27 20:20:00,0.2412831241283124,0.3705179282868525,0.7664929262844375,0.7339760757007676,0.5400531337111149,0.9995545657015591,0.5,0.7367582064442837,0.2582936550126884,0.1919211287167159,0.4536662720565517,0.6885763113435168,0.0
2021-06-27 20:30:00,0.23570432357043236,0.3784860557768923,0.7638123603871927,0.7389751830030351,0.4405124916569604,0.07149220489977728,0.5,0.7367582064442837,0.2582936550126884,0.1919211287167159,0.4536662720565517,0.6885763113435168,0.048523620562185975
2021-06-27 20:40:00,0.21827057182705717,-0.17131474103585675,0.7474311243484735,0.7457596857703983,0.4628652942639149,0.00011135857461024499,0.5,0.7367582064442837,0.2582936550126884,0.1919211287167159,0.4536662720565517,0.6885763113435168,0.06677278693966233
2021-06-27 20:50:00,0.2635983263598326,-0.1633466135458168,0.7149664929262842,0.6996964827709338,0.4539137035243617,0.00011135857461024499,0.5,0.7367582064442837,0.2582936550126884,0.1919211287167159,0.4536662720565517,0.6885763113435168,0.10044208398086817
2021-06-27 21:00:00,0.2085076708507671,-0.23505976095617542,0.7024571854058077,0.670058918050348,0.4539137035243617,0.00033407572383073496,0.5,0.7372793484674087,0.26435675144465426,0.18955477717046496,0.37495568047637196,0.637476731559764,0.06745929960619823
2021-06-27 21:10:00,0.1589958158995816,-0.33864541832669326,0.6962025316455693,0.6589894661667561,0.4495687793642276,0.00011135857461024499,0.5,0.7372793484674087,0.26435675144465426,0.18955477717046496,0.37495568047637196,0.637476731559764,0.03528373342185072
2021-06-27 21:20:00,0.1394700139470014,-0.36254980079681276,0.6902457185405806,0.6568469916086412,0.437410843988431,0.00022271714922048998,0.5,0.7372793484674087,0.26435675144465426,0.18955477717046496,0.37495568047637196,0.637476731559764,0.02804894608989544
2021-06-27 21:30:00,0.1199442119944212,-0.5378486055776892,0.6869694713328367,0.6532762006784503,0.437410843988431,0.00022271714922048998,0.5,0.7372793484674087,0.26435675144465426,0.18955477717046496,0.37495568047637196,0.637476731559764,0.013141813902258704
2021-06-27 21:40:00,0.09344490934449094,-0.4900398406374503,0.6822040208488456,0.6589894661667561,0.437410843988431,0.0321826280623608,0.5,0.7372793484674087,0.26435675144465426,0.18955477717046496,0.37495568047637196,0.637476731559764,0.0
2021-06-27 21:50:00,0.07322175732217574,-0.5637450199203188,0.68518242740134,0.6472058560971254,0.437410843988431,0.9993318485523385,0.5,0.7372793484674087,0.26435675144465426,0.18955477717046496,0.37495568047637196,0.637476731559764,0.0
2021-06-27 22:00:00,0.08507670850767085,-0.6374501992031874,0.696500372300819,0.6461346188180683,0.437410843988431,0.9995545657015591,0.5,0.6104056969745077,0.2798391986368098,0.2392401703519485,0.35996411761504876,0.6045842142102814,0.0
2021-06-27 22:10:00,0.055788005578800565,-0.7111553784860559,0.7012658227848099,0.6414925906088198,0.437410843988431,0.9995545657015591,0.5,0.6104056969745077,0.2798391986368098,0.2392401703519485,0.35996411761504876,0.6045842142102814,0.0
2021-06-27 22:20:00,0.07252440725244073,-0.7848605577689244,0.6994787788533132,0.6389930369576862,0.437410843988431,0.9995545657015591,0.5,0.6104056969745077,0.2798391986368098,0.2392401703519485,0.35996411761504876,0.6045842142102814,0.0
2021-06-27 22:30:00,0.07322175732217574,0.20318725099601576,0.6991809381980638,0.635422246027495,0.437410843988431,0.9995545657015591,0.5,0.6104056969745077,0.2798391986368098,0.2392401703519485,0.35996411761504876,0.6045842142102814,0.0
2021-06-27 22:40:00,0.0815899581589958,0.18415227976980963,0.6947133283693223,0.6293519014461701,0.437410843988431,0.9995545657015591,0.5,0.6104056969745077,0.2798391986368098,0.2392401703519485,0.35996411761504876,0.6045842142102814,0.0
2021-06-27 22:50:00,0.07322175732217574,0.1651173085436033,0.6899478778853312,0.6257811105159794,0.437410843988431,0.9995545657015591,0.5,0.6104056969745077,0.2798391986368098,0.2392401703519485,0.35996411761504876,0.6045842142102814,0.0
2021-06-27 23:00:00,0.07531380753138076,0.14608233731739695,0.6878629932985851,0.6204249241206927,0.437410843988431,0.9995545657015591,0.5,0.5765884659013021,0.29373547083823126,0.26283710839957153,0.280839149513086,0.619797929440407,0.0
2021-06-27 23:10:00,0.06555090655509065,0.1270473660911906,0.6857781087118391,0.6161399750044634,0.437410843988431,0.9995545657015591,0.5,0.5765884659013021,0.29373547083823126,0.26283710839957153,0.280839149513086,0.619797929440407,0.0
2021-06-27 23:20:00,0.055090655509065556,0.10801239486498448,0.684586746090841,0.6111408677021961,0.437410843988431,0.9995545657015591,0.5,0.5765884659013021,0.29373547083823126,0.26283710839957153,0.280839149513086,0.619797929440407,0.0
2021-06-27 23:30:00,0.06555090655509065,0.08897742363877814,0.681012658227848,0.6068559185859668,0.437410843988431,0.9995545657015591,0.5,0.5765884659013021,0.29373547083823126,0.26283710839957153,0.280839149513086,0.619797929440407,0.0
2021-06-27 23:40:00,0.06485355648535565,0.0699424524125718,0.6795234549516007,0.6011426530976611,0.437410843988431,0.9995545657015591,0.5,0.5765884659013021,0.29373547083823126,0.26283710839957153,0.280839149513086,0.619797929440407,0.0
2021-06-27 23:50:00,0.07810320781032079,0.050907481186365455,0.6735666418466117,0.600428494911623,0.437410843988431,0.9995545657015591,0.5,0.5765884659013021,0.29373547083823126,0.26283710839957153,0.280839149513086,0.619797929440407,0.0
2021-06-28 00:00:00,0.07880055788005579,0.031872509960159334,0.6679076693968726,0.597214783074451,0.437410843988431,0.9995545657015591,0.5,0.5689178890296018,0.29343949978017814,0.27262360794551355,0.1367437869482873,0.6976917357556394,0.0
2021-06-28 00:10:00,0.03417015341701534,0.012837538733952991,0.6661206254653758,0.597214783074451,0.437410843988431,0.9995545657015591,0.5,0.5689178890296018,0.29343949978017814,0.27262360794551355,0.1367437869482873,0.6976917357556394,0.0
2021-06-28 00:20:00,0.008368200836820083,-0.006197432492253352,0.6661206254653758,0.5915015175861453,0.437410843988431,0.9995545657015591,0.5,0.5689178890296018,0.29343949978017814,0.27262360794551355,0.1367437869482873,0.6976917357556394,0.0
2021-06-28 00:30:00,0.02092050209205021,-0.025232403718459473,0.6649292628443781,0.5882878057489733,0.437410843988431,0.9995545657015591,0.5,0.5689178890296018,0.29343949978017814,0.27262360794551355,0.1367437869482873,0.6976917357556394,0.0
2021-06-28 00:40:00,0.045327754532775454,-0.04426737494466593,0.6628443782576319,0.5850740939118015,0.437410843988431,0.9995545657015591,0.5,0.5689178890296018,0.29343949978017814,0.27262360794551355,0.1367437869482873,0.6976917357556394,0.0
2021-06-28 00:50:00,0.06834030683403068,-0.06330234617087205,0.6556962025316453,0.5793608284234957,0.437410843988431,0.9995545657015591,0.5,0.5689178890296018,0.29343949978017814,0.27262360794551355,0.1367437869482873,0.6976917357556394,0.0
2021-06-28 01:00:00,0.08368200836820083,-0.0823373173970785,0.6464631422189129,0.5743617211212282,0.437410843988431,0.9995545657015591,0.5,0.4511642396179336,0.29002577534359936,0.3086873888553466,0.1183924508584745,0.9525804758474012,0.0
2021-06-28 01:10:00,0.05439330543933055,-0.10137228862328462,0.6384214445271779,0.5661489019817889,0.437410843988431,0.9995545657015591,0.5,0.4511642396179336,0.29002577534359936,0.3086873888553466,0.1183924508584745,0.9525804758474012,0.0
2021-06-28 01:20:00,0.5195258019525802,-0.12040725984949108,0.629188384214445,0.5579360828423494,0.48461608930651345,0.9552338530066815,0.5,0.4511642396179336,0.29002577534359936,0.3086873888553466,0.1183924508584745,0.9525804758474012,0.0
2021-06-28 01:30:00,0.5641562064156206,-0.1394422310756973,0.6050632911392404,0.5507945009819675,0.5627592885841044,0.29910913140311807,0.5,0.4511642396179336,0.29002577534359936,0.3086873888553466,0.1183924508584745,0.9525804758474012,0.12506601083332075
2021-06-28 01:40:00,0.4344490934449094,-0.3545816733067729,0.598808637379002,0.5411533654704517,0.5591995916818259,0.9993318485523385,0.5,0.4511642396179336,0.29002577534359936,0.3086873888553466,0.1183924508584745,0.9525804758474012,0.0
2021-06-28 01:50:00,0.3884239888423989,0.689243027888446,0.5898734177215188,0.5336547045170503,0.5591995916818259,0.9993318485523385,0.5,0.4511642396179336,0.29002577534359936,0.3086873888553466,0.1183924508584745,0.9525804758474012,0.0
2021-06-28 02:00:00,0.42398884239888424,0.49800796812749004,0.5800446760982871,0.5193715407962862,0.5724306709766918,0.4376391982182628,0.5,0.45072451248622936,0.28240236546966035,0.3353650224074216,0.22927310412833912,0.04494855943916766,0.16109660968360065
2021-06-28 02:10:00,0.4065550906555091,0.12350597609561742,0.5588979895755768,0.4918764506338156,0.5826647995707425,0.00022271714922048998,0.5,0.45072451248622936,0.28240236546966035,0.3353650224074216,0.22927310412833912,0.04494855943916766,0.27685320699488514
2021-06-28 02:20:00,0.38354253835425384,0.027888446215139417,0.5186895011169024,0.45688269951794314,0.5811597806598527,0.00022271714922048998,0.5,0.45072451248622936,0.28240236546966035,0.3353650224074216,0.22927310412833912,0.04494855943916766,0.23452328862199556
2021-06-28 02:30:00,0.4344490934449094,-0.3067729083665339,0.49873417721518964,0.4315300839135867,0.5712659172108727,0.00022271714922048998,0.5,0.45072451248622936,0.28240236546966035,0.3353650224074216,0.22927310412833912,0.04494855943916766,0.2975089397528555
2021-06-28 02:40:00,0.3612273361227336,0.01195219123505975,0.48682055100521215,0.42046063202999484,0.5562680765858318,0.00022271714922048998,0.5,0.45072451248622936,0.28240236546966035,0.3353650224074216,0.22927310412833912,0.04494855943916766,0.2090242467220906
2021-06-28 02:50:00,0.3437935843793584,-0.1394422310756973,0.4808637379002232,0.4122478128905551,0.5661488529138475,0.00033407572383073496,0.5,0.45072451248622936,0.28240236546966035,0.3353650224074216,0.22927310412833912,0.04494855943916766,0.17758045777569895
2021-06-28 03:00:00,0.36192468619246865,-0.24302788844621515,0.4737155621742366,0.4051062310301732,0.5616207090602138,0.00022271714922048998,0.5,0.4422803774102193,0.28757754872746694,0.33291319814186876,0.3696064135477033,0.08094864934850957,0.19248004586809903
2021-06-28 03:10:00,0.3458856345885635,-0.02788844621513953,0.4668652271034994,0.4036779146580969,0.5471201790318149,0.00033407572383073496,0.5,0.4422803774102193,0.28757754872746694,0.33291319814186876,0.3696064135477033,0.08094864934850957,0.18135250539402809
2021-06-28 03:20:00,0.3417015341701534,-0.06772908366533881,0.46358897989575576,0.3968934118907337,0.5565036447631886,0.00033407572383073496,0.5,0.4422803774102193,0.28757754872746694,0.33291319814186876,0.3696064135477033,0.08094864934850957,0.1758528599665042
2021-06-28 03:30:00,0.3312412831241283,0.10756972111553775,0.46001489203276225,0.38939475093733256,0.5665414665427753,0.00022271714922048998,0.5,0.4422803774102193,0.28757754872746694,0.33291319814186876,0.3696064135477033,0.08094864934850957,0.16700363625390408
2021-06-28 03:40:00,0.33333333333333337,-0.298804780876494,0.4537602382725241,0.379753615425817,0.5719726217429427,0.00033407572383073496,0.5,0.4422803774102193,0.28757754872746694,0.33291319814186876,0.3696064135477033,0.08094864934850957,0.16191137196915975
2021-06-28 03:50:00,0.3354253835425383,-0.26693227091633476,0.44929262844378237,0.3743974290305303,0.5719726217429427,0.00033407572383073496,0.5,0.4422803774102193,0.28757754872746694,0.33291319814186876,0.3696064135477033,0.08094864934850957,0.16590219834935196
2021-06-28 04:00:00,0.36052998605299863,0.019920318725099362,0.44393149664929243,0.36761292626316733,0.5719726217429427,0.00033407572383073496,0.5,0.3426689742557507,0.2883821302445062,0.36234624897137896,0.5891140448551369,0.09220961380566231,0.20672329767490985
2021-06-28 04:10:00,0.39051603905160387,-0.2749003984063746,0.4338049143708116,0.36439921442599554,0.5674444778893092,0.005567928730512249,0.5,0.3426689742557507,0.2883821302445062,0.36234624897137896,0.5891140448551369,0.09220961380566231,0.21950299500580894
2021-06-28 04:20:00,0.3542538354253836,0.1633466135458166,0.4275502606105732,0.35297268344938404,0.5607831333185013,0.009799554565701559,0.5,0.3426689742557507,0.2883821302445062,0.36234624897137896,0.5891140448551369,0.09220961380566231,0.18782533910708088
2021-06-28 04:30:00,0.3458856345885635,-0.31474103585657376,0.42516753536857754,0.3472594179610784,0.5588200651738624,0.0034521158129175947,0.5,0.3426689742557507,0.2883821302445062,0.36234624897137896,0.5891140448551369,0.09220961380566231,0.18020580291805605
2021-06-28 04:40:00,0.3542538354253836,0.2589641434262948,0.4275502606105732,0.3490448134261739,0.5569355197550092,0.0089086859688196,0.5,0.3426689742557507,0.2883821302445062,0.36234624897137896,0.5891140448551369,0.09220961380566231,0.19228389939194593
2021-06-28 04:50:00,0.3242677824267783,0.05179282868525892,0.42189128816083366,0.3454740224959829,0.5591995916818259,0.0012249443207126948,0.5,0.3426689742557507,0.2883821302445062,0.36234624897137896,0.5891140448551369,0.09220961380566231,0.1612701238740438
2021-06-28 05:00:00,0.30264993026499304,0.15537848605577675,0.41653015636634394,0.3408319942867344,0.5642904817369228,0.00022271714922048998,0.5,0.305000161762484,0.2848592126020465,0.41179767009483287,0.6978492775611143,0.09534560487999023,0.13548440635514583
2021-06-28 05:10:00,0.40097629009762903,0.06772908366533859,0.4153387937453461,0.3404749151937154,0.5591995916818259,0.00022271714922048998,0.5,0.305000161762484,0.2848592126020465,0.41179767009483287,0.6978492775611143,0.09534560487999023,0.2815230019463766
2021-06-28 05:20:00,0.4086471408647141,-0.1872509960159363,0.41384959046909886,0.3361899660774863,0.5591995916818259,0.00022271714922048998,0.5,0.305000161762484,0.2848592126020465,0.41179767009483287,0.6978492775611143,0.09534560487999023,0.26287399852135734
2021-06-28 05:30:00,0.36192468619246865,-0.2509960159362551,0.4072970960536113,0.3361899660774863,0.5454842889112824,0.00033407572383073496,0.5,0.305000161762484,0.2848592126020465,0.41179767009483287,0.6978492775611143,0.09534560487999023,0.20888090891259412
2021-06-28 05:40:00,0.30613668061366806,0.2111553784860556,0.4040208488458674,0.3311908587752188,0.5479970161364202,0.00033407572383073496,0.5,0.305000161762484,0.2848592126020465,0.41179767009483287,0.6978492775611143,0.09534560487999023,0.1451106718771218
2021-06-28 05:50:00,0.2510460251046025,0.5219123505976095,0.39776619508562905,0.3229780396357793,0.5575244401984008,0.00033407572383073496,0.5,0.305000161762484,0.2848592126020465,0.41179767009483287,0.6978492775611143,0.09534560487999023,0.09900870588590312
2021-06-28 06:00:00,0.09274755927475593,0.01195219123505975,0.3894266567386446,0.32869130512408495,0.5793537579667849,0.23385300668151449,0.5,0.2972237555378634,0.30914320688951624,0.44038322213636905,0.7347870921885964,0.09298475801991857,3.772047618329134e-05
2021-06-28 06:10:00,0.03765690376569038,0.7768924302788842,0.3924050632911391,0.3333333333333335,0.5732158982345473,0.9996659242761693,0.5,0.2972237555378634,0.30914320688951624,0.44038322213636905,0.7347870921885964,0.09298475801991857,0.0
2021-06-28 06:20:00,0.04114365411436541,-0.5298804780876495,0.4034251675353684,0.34940189251919307,0.5732158982345473,0.9996659242761693,0.5,0.2972237555378634,0.30914320688951624,0.44038322213636905,0.7347870921885964,0.09298475801991857,0.0
2021-06-28 06:30:00,0.10739191073919108,-0.5617529880478089,0.40491437081161563,0.3554722371005179,0.5732158982345473,0.9996659242761693,0.5,0.2972237555378634,0.30914320688951624,0.44038322213636905,0.7347870921885964,0.09298475801991857,0.0
2021-06-28 06:40:00,0.12133891213389121,-0.5936254980079682,0.3992553983618763,0.3533297625424032,0.5732158982345473,0.9996659242761693,0.5,0.2972237555378634,0.30914320688951624,0.44038322213636905,0.7347870921885964,0.09298475801991857,0.0
2021-06-28 06:50:00,0.1799163179916318,-0.6254980079681276,0.39419210722263576,0.3472594179610784,0.5732158982345473,0.9996659242761693,0.5,0.2972237555378634,0.30914320688951624,0.44038322213636905,0.7347870921885964,0.09298475801991857,0.0
2021-06-28 07:00:00,0.38702928870292885,-0.6573705179282869,0.39478778853313456,0.33976075700767727,0.5732158982345473,0.9996659242761693,0.5,0.291654056419419,0.3262003350507316,0.4602326760176865,0.604092950581353,0.1097079197895243,0.0
2021-06-28 07:10:00,0.20502092050209206,-0.6892430278884463,0.3924050632911391,0.3301196214961615,0.5732158982345473,0.9996659242761693,0.5,0.291654056419419,0.3262003350507316,0.4602326760176865,0.604092950581353,0.1097079197895243,0.0
2021-06-28 07:20:00,0.13737796373779637,-0.7211155378486057,0.395681310498883,0.3279771469380468,0.5732158982345473,0.9996659242761693,0.5,0.291654056419419,0.3262003350507316,0.4602326760176865,0.604092950581353,0.1097079197895243,0.0
2021-06-28 07:30:00,0.18619246861924685,-0.7529880478087649,0.3989575577066269,0.32583467237993236,0.6016934734527751,0.9953229398663697,0.5,0.291654056419419,0.3262003350507316,0.4602326760176865,0.604092950581353,0.1097079197895243,0.0
2021-06-28 07:40:00,0.197350069735007,-0.7848605577689244,0.39865971705137726,0.34011783610069646,0.6886443051393124,0.7091314031180401,0.5,0.291654056419419,0.3262003350507316,0.4602326760176865,0.604092950581353,0.1097079197895243,0.012115816950073178
2021-06-28 07:50:00,0.20641562064156208,-0.4183266932270917,0.4040208488458674,0.3504731297982504,0.6588318435827302,0.00022271714922048998,0.5,0.291654056419419,0.3262003350507316,0.4602326760176865,0.604092950581353,0.1097079197895243,0.07197066855771989
2021-06-28 08:00:00,0.1290097629009763,0.13147410358565725,0.41236038719285184,0.3904659882163899,0.6530996846003847,0.00022271714922048998,0.5,0.30934029923724804,0.35122569373604445,0.4387577187001502,0.6034248798679709,0.12242040199854348,0.019584471234364863
2021-06-28 08:10:00,0.2105997210599721,0.1633466135458166,0.4084884586746089,0.42046063202999484,0.6530996846003847,0.00033407572383073496,0.5,0.30934029923724804,0.35122569373604445,0.4387577187001502,0.6034248798679709,0.12242040199854348,0.07279297493851562
2021-06-28 08:20:00,0.14853556485355648,-0.42629482071713154,0.37125837676842877,0.36761292626316733,0.6444883590059023,0.00022271714922048998,0.5,0.30934029923724804,0.35122569373604445,0.4387577187001502,0.6034248798679709,0.12242040199854348,0.03222837485100412
2021-06-28 08:30:00,0.11157601115760113,0.03585657370517925,0.3655994043186892,0.34011783610069646,0.6366884349112039,0.2084632516703786,0.5,0.30934029923724804,0.35122569373604445,0.4387577187001502,0.6034248798679709,0.12242040199854348,0.01633296618736515
2021-06-28 08:40:00,0.06415620641562064,-0.09030544488711834,0.3795979151154132,0.3472594179610784,0.6366884349112039,0.9992204899777284,0.5,0.30934029923724804,0.35122569373604445,0.4387577187001502,0.6034248798679709,0.12242040199854348,0.0
2021-06-28 08:50:00,0.0599721059972106,-0.2164674634794158,0.4084884586746089,0.37046955900732037,0.6366884349112039,0.9992204899777284,0.5,0.30934029923724804,0.35122569373604445,0.4387577187001502,0.6034248798679709,0.12242040199854348,0.0
2021-06-28 09:00:00,0.0794979079497908,-0.3426294820717132,0.4221891288160833,0.38296732726298877,0.6366884349112039,0.9992204899777284,0.5,0.34108113372487625,0.36287775820601287,0.4094186371362226,0.5018699495001121,0.13204925725827463,0.0
2021-06-28 09:10:00,0.08786610878661089,-0.46879150066401065,0.43291139240506316,0.3861810391001608,0.6366099121854184,0.9992204899777284,0.5,0.34108113372487625,0.36287775820601287,0.4094186371362226,0.5018699495001121,0.13204925725827463,0.0
2021-06-28 09:20:00,0.12412831241283125,-0.594953519256308,0.4433358153387934,0.3861810391001608,0.6365968250644541,0.9992204899777284,0.5,0.34108113372487625,0.36287775820601287,0.4094186371362226,0.5018699495001121,0.13204925725827463,0.0
2021-06-28 09:30:00,0.10251046025104603,-0.7211155378486056,0.4516753536857778,0.3922513836814856,0.6365968250644541,0.9992204899777284,0.5,0.34108113372487625,0.36287775820601287,0.4094186371362226,0.5018699495001121,0.13204925725827463,0.0
2021-06-28 09:40:00,0.18340306834030684,0.689243027888446,0.4579300074460164,0.3968934118907337,0.6365968250644541,0.9992204899777284,0.5,0.34108113372487625,0.36287775820601287,0.4094186371362226,0.5018699495001121,0.13204925725827463,0.0
2021-06-28 09:50:00,0.2880055788005579,-0.01195219123505975,0.4662695457930006,0.397964649169791,0.646791692295612,0.11069042316258351,0.5,0.34108113372487625,0.36287775820601287,0.4094186371362226,0.5018699495001121,0.13204925725827463,0.10364078036121128
2021-06-28 10:00:00,0.3396094839609484,0.17928286852589648,0.47937453462397617,0.41010533833244045,0.6441088324979387,0.00033407572383073496,0.5,0.49965486223006095,0.3748660228098862,0.27456830253081677,0.30752905141547376,0.1663711067896369,0.18163918101302112
2021-06-28 10:10:00,0.2615062761506276,-0.12350597609561753,0.4582278481012656,0.39939296554186754,0.6489641543756789,0.00033407572383073496,0.5,0.49965486223006095,0.3748660228098862,0.27456830253081677,0.30752905141547376,0.1663711067896369,0.09518384960091737
2021-06-28 10:20:00,0.27405857740585776,-0.2509960159362551,0.45256887565152626,0.3886805927512944,0.6506262187381397,0.00022271714922048998,0.5,0.49965486223006095,0.3748660228098862,0.27456830253081677,0.30752905141547376,0.1663711067896369,0.13365873530787453
2021-06-28 10:30:00,0.3563458856345886,0.2828685258964143,0.45316455696202507,0.37368327084449215,0.6457054612555784,0.00033407572383073496,0.5,0.49965486223006095,0.3748660228098862,0.27456830253081677,0.30752905141547376,0.1663711067896369,0.22043091871991793
2021-06-28 10:40:00,0.24476987447698745,-0.17131474103585675,0.4558451228592699,0.38011069451883595,0.6682283964350683,0.00033407572383073496,0.5,0.49965486223006095,0.3748660228098862,0.27456830253081677,0.30752905141547376,0.1663711067896369,0.10204897626627639
2021-06-28 10:50:00,0.3186889818688982,0.4422310756972112,0.46388682055100494,0.38296732726298877,0.6596694193244429,0.00022271714922048998,0.5,0.49965486223006095,0.3748660228098862,0.27456830253081677,0.30752905141547376,0.1663711067896369,0.1781688972041583
2021-06-28 11:00:00,0.2496513249651325,-0.2589641434262948,0.4704393149664927,0.3854668809141224,0.6714870895551688,0.00022271714922048998,0.5,0.507235852703418,0.3822796667883127,0.2820668216588885,0.15887467919322545,0.29246633348090656,0.10601717036075864
2021-06-28 11:10:00,0.300557880055788,0.12350597609561742,0.4772896500372299,0.40403499375111585,0.6705709910876706,0.00022271714922048998,0.5,0.507235852703418,0.3822796667883127,0.2820668216588885,0.15887467919322545,0.29246633348090656,0.150889448828402
2021-06-28 11:20:00,0.29428172942817293,-0.059760956175298974,0.47907669396872654,0.40724870558828763,0.6498017301173914,0.00022271714922048998,0.5,0.507235852703418,0.3822796667883127,0.2820668216588885,0.15887467919322545,0.29246633348090656,0.14443170330582253
2021-06-28 11:30:00,0.3242677824267783,0.11553784860557759,0.4847356664184659,0.4111765756114978,0.6683854418866394,0.00022271714922048998,0.5,0.507235852703418,0.3822796667883127,0.2820668216588885,0.15887467919322545,0.29246633348090656,0.1567512108272855
2021-06-28 11:40:00,0.24337517433751746,-0.01195219123505975,0.49039463886820545,0.42117479021603277,0.6643022601457905,0.00033407572383073496,0.5,0.507235852703418,0.3822796667883127,0.2820668216588885,0.15887467919322545,0.29246633348090656,0.10283356217088885
2021-06-28 11:50:00,0.3403068340306834,-0.15537848605577698,0.49873417721518964,0.4236743438671666,0.6776642106502991,0.00022271714922048998,0.5,0.507235852703418,0.3822796667883127,0.2820668216588885,0.15887467919322545,0.29246633348090656,0.18492840653620413
2021-06-28 12:00:00,0.22384937238493724,0.019920318725099362,0.5058823529411764,0.4365291912158542,0.6677834343222834,0.00044543429844097997,0.5,0.515305399231478,0.37419362254207644,0.281816617393039,0.19480926216969077,0.5380153751415732,0.08497668874571873
2021-06-28 12:10:00,0.2391910739191074,0.2589641434262948,0.5133283693224122,0.45509730405284765,0.6982895132899714,0.00033407572383073496,0.5,0.515305399231478,0.37419362254207644,0.281816617393039,0.19480926216969077,0.5380153751415732,0.09513104093426075
2021-06-28 12:20:00,0.19595536959553697,-0.059760956175298974,0.5219657483246463,0.46616675593643975,0.6840899870437502,0.00033407572383073496,0.5,0.515305399231478,0.37419362254207644,0.281816617393039,0.19480926216969077,0.5380153751415732,0.053336753323173954
2021-06-28 12:30:00,0.1680613668061367,0.6414342629482073,0.5320923306031271,0.4833065524013569,0.7020716912486422,0.007238307349665925,0.5,0.515305399231478,0.37419362254207644,0.281816617393039,0.19480926216969077,0.5380153751415732,0.035313909802797354
2021-06-28 12:40:00,0.13528591352859135,0.5737051792828685,0.5386448250186149,0.4897339760757007,0.7438196071246287,0.25879732739420935,0.5,0.515305399231478,0.37419362254207644,0.281816617393039,0.19480926216969077,0.5380153751415732,0.0
2021-06-28 12:50:00,0.0801952580195258,0.5059760956175297,0.5556217423678329,0.5029459025174075,0.7099501380691262,0.9992204899777284,0.5,0.515305399231478,0.37419362254207644,0.281816617393039,0.19480926216969077,0.5380153751415732,0.0
2021-06-28 13:00:00,0.09344490934449094,0.4382470119521913,0.5836187639612807,0.5400821281913943,0.7099501380691262,0.9992204899777284,0.5,0.6513234672671111,0.35907611053800736,0.1984250446734454,0.401986936271786,0.646544371453552,0.0
2021-06-28 13:10:00,0.09832635983263598,0.3705179282868525,0.6047654504839908,0.5632922692376363,0.7099501380691262,0.9992204899777284,0.5,0.6513234672671111,0.35907611053800736,0.1984250446734454,0.401986936271786,0.646544371453552,0.0
2021-06-28 13:20:00,0.1317991631799163,0.3027888446215139,0.6208488458674608,0.5761471165863239,0.7099501380691262,0.9992204899777284,0.5,0.6513234672671111,0.35907611053800736,0.1984250446734454,0.401986936271786,0.646544371453552,0.0
2021-06-28 13:30:00,0.14225941422594143,0.2350597609561753,0.6354430379746834,0.5822174611676485,0.6535053853502768,0.9992204899777284,0.5,0.6513234672671111,0.35907611053800736,0.1984250446734454,0.401986936271786,0.646544371453552,0.0
2021-06-28 13:40:00,0.15481171548117156,0.1673306772908365,0.6476545048399105,0.5957864667023745,0.6352488516051353,0.9992204899777284,0.5,0.6513234672671111,0.35907611053800736,0.1984250446734454,0.401986936271786,0.646544371453552,0.0
2021-06-28 13:50:00,0.22733612273361226,0.09960159362549792,0.6598659717051376,0.5982860203535083,0.6298176964049679,0.9984409799554566,0.5,0.6513234672671111,0.35907611053800736,0.1984250446734454,0.401986936271786,0.646544371453552,0.0
2021-06-28 14:00:00,0.20781032078103207,0.031872509960159334,0.6699925539836187,0.6089983931440812,0.4643572260538405,0.8829621380846326,0.5,0.676256802779513,0.34023740901763627,0.1896314997152389,0.6014262097448391,0.7066079654766932,0.0
2021-06-28 14:10:00,0.32914923291492326,-0.03585657370517936,0.6798212956068501,0.6368505623995715,0.3830207692609703,0.4482182628062361,0.5,0.676256802779513,0.34023740901763627,0.1896314997152389,0.6014262097448391,0.7066079654766932,0.10093245017125096
2021-06-28 14:20:00,0.3884239888423989,-0.043824701195219196,0.6881608339538345,0.6268523477950365,0.40466686733585483,0.29988864142538973,0.5,0.676256802779513,0.34023740901763627,0.1896314997152389,0.6014262097448391,0.7066079654766932,0.09589299455316325
2021-06-28 14:30:00,0.5139470013947002,-0.07304116865869859,0.6827997021593446,0.6161399750044634,0.41092251115677064,0.9992204899777284,0.5,0.676256802779513,0.34023740901763627,0.1896314997152389,0.6014262097448391,0.7066079654766932,0.0
2021-06-28 14:40:00,0.42189679218967924,-0.10225763612217809,0.6896500372300818,0.6300660596322085,0.41092251115677064,0.9992204899777284,0.5,0.676256802779513,0.34023740901763627,0.1896314997152389,0.6014262097448391,0.7066079654766932,0.0
2021-06-28 14:50:00,0.5034867503486751,-0.13147410358565736,0.6941176470588233,0.6382788787716478,0.4139194618575859,0.7639198218262806,0.5,0.676256802779513,0.34023740901763627,0.1896314997152389,0.6014262097448391,0.7066079654766932,0.019222354663005266
2021-06-28 15:00:00,0.599023709902371,0.1633466135458166,0.6887565152643333,0.6164970540974826,0.40284775752182284,0.050445434298440985,0.5,0.6814112892870208,0.3210538868471025,0.18900275529046334,0.7422060719315906,0.7459263976686309,0.5026404333328304
2021-06-28 15:10:00,0.45188284518828453,-0.1872509960159363,0.6673119880863736,0.5861453311908589,0.3901009017026345,0.02839643652561247,0.5,0.6814112892870208,0.3210538868471025,0.18900275529046334,0.7422060719315906,0.7459263976686309,0.288931303468775
2021-06-28 15:20:00,0.6471408647140864,-0.21912350597609564,0.6646314221891287,0.5861453311908589,0.3919330986376307,0.031291759465478845,0.5,0.6814112892870208,0.3210538868471025,0.18900275529046334,0.7422060719315906,0.7459263976686309,0.6229913846432397
2021-06-28 15:30:00,0.7252440725244073,0.2111553784860556,0.6673119880863736,0.5861453311908589,0.39962832576461504,0.058797327394209356,0.5,0.6814112892870208,0.3210538868471025,0.18900275529046334,0.7422060719315906,0.7459263976686309,0.657249121112905
2021-06-28 15:40:00,0.5258019525801952,0.043824701195219085,0.6667163067758748,0.5918585966791645,0.4154899163732971,0.018708240534521157,0.5,0.6814112892870208,0.3210538868471025,0.18900275529046334,0.7422060719315906,0.7459263976686309,0.4503598533427886
2021-06-28 15:50:00,0.5523012552301255,-0.23505976095617542,0.669694713328369,0.6022138903767185,0.40647289002892256,0.0044543429844098,0.5,0.6814112892870208,0.3210538868471025,0.18900275529046334,0.7422060719315906,0.7459263976686309,0.5312023778988186
2021-06-28 16:00:00,0.9170153417015342,0.19521912350597592,0.6792256142963511,0.6157828959114444,0.3978484773134758,0.07282850779510022,0.5,0.7682140387823053,0.3020082929366355,0.1518230100930093,0.8148667970324943,0.7635834062952452,0.6486413084478778
2021-06-28 16:10:00,0.6555090655509066,-0.059760956175298974,0.6780342516753535,0.6211390823067309,0.3999555037887215,0.01091314031180401,0.5,0.7682140387823053,0.3020082929366355,0.1518230100930093,0.8148667970324943,0.7635834062952452,0.7660802389969371
2021-06-28 16:20:00,0.5725244072524408,-0.03585657370517936,0.6783320923306031,0.635065166934476,0.39452434858855406,0.008463251670378619,0.5,0.7682140387823053,0.3020082929366355,0.1518230100930093,0.8148667970324943,0.7635834062952452,0.5716689047482535
2021-06-28 16:30:00,0.7231520223152021,-0.01195219123505975,0.683097542814594,0.655061596143546,0.40889400740731047,0.09086859688195992,0.5,0.7682140387823053,0.3020082929366355,0.1518230100930093,0.8148667970324943,0.7635834062952452,0.39081430963984487
2021-06-28 16:40:00,0.804741980474198,-0.0916334661354582,0.6881608339538345,0.6457775397250489,0.40182696208661056,0.10178173719376393,0.5,0.7682140387823053,0.3020082929366355,0.1518230100930093,0.8148667970324943,0.7635834062952452,0.5467809345625179
2021-06-28 16:50:00,0.8465829846582985,0.07569721115537842,0.6881608339538345,0.6414925906088198,0.4040779468924631,0.07037861915367484,0.5,0.7682140387823053,0.3020082929366355,0.1518230100930093,0.8148667970324943,0.7635834062952452,0.845625179172262
2021-06-28 17:00:00,0.5843793584379359,-0.19521912350597614,0.6887565152643333,0.645063381539011,0.40072764392561283,0.028507795100222718,0.5,0.7647940129870259,0.2938417905386957,0.15003328236673708,0.8320971358699301,0.7768654252998538,0.4818111863844169
2021-06-28 17:10:00,0.5564853556485356,0.06772908366533859,0.6899478778853312,0.6661310480271379,0.4085537422622397,0.004008908685968819,0.5,0.7647940129870259,0.2938417905386957,0.15003328236673708,0.8320971358699301,0.7768654252998538,0.5438387374202212
2021-06-28 17:20:00,0.7412831241283124,0.24302788844621515,0.6950111690245717,0.6739867880735582,0.4099017157215585,0.05924276169265034,0.5,0.7647940129870259,0.2938417905386957,0.15003328236673708,0.8320971358699301,0.7768654252998538,0.6316444618796868
2021-06-28 17:30:00,0.8849372384937239,-0.05179282868525903,0.7036485480268053,0.6718443135154437,0.42699349570088074,0.08262806236080178,0.5,0.7647940129870259,0.2938417905386957,0.15003328236673708,0.8320971358699301,0.7768654252998538,0.8336753323173951
2021-06-28 17:40:00,0.8340306834030684,-0.10756972111553798,0.7048399106478034,0.6689876807712907,0.40861917786706103,0.0767260579064588,0.5,0.7647940129870259,0.2938417905386957,0.15003328236673708,0.8320971358699301,0.7768654252998538,0.8529580397422938
2021-06-28 17:50:00,0.9156206415620642,-0.07569721115537853,0.706031273268801,0.6718443135154437,0.43563099553729173,0.11670378619153676,0.5,0.7647940129870259,0.2938417905386957,0.15003328236673708,0.8320971358699301,0.7768654252998538,0.7016762979615855
2021-06-28 18:00:00,0.8242677824267782,0.09960159362549792,0.706031273268801,0.6757721835386539,0.42262239729881823,0.08407572383073497,0.5,0.7078022548689675,0.2707273129563475,0.13161847666563062,0.8060076161305342,0.7894572585885563,0.7331200869079771
2021-06-28 18:10:00,0.7538354253835425,-0.07569721115537853,0.7018615040953089,0.6825566863060168,0.42082946172671476,0.03697104677060133,0.5,0.7078022548689675,0.2707273129563475,0.13161847666563062,0.8060076161305342,0.7894572585885563,0.862976598216576
2021-06-28 18:20:00,0.703626220362622,0.09960159362549792,0.6997766195085628,0.6882699517943225,0.4235254086453521,0.019599109131403118,0.5,0.7078022548689675,0.2707273129563475,0.13161847666563062,0.8060076161305342,0.7894572585885563,0.8500460189809437
2021-06-28 18:30:00,0.6471408647140864,-0.1872509960159363,0.6991809381980638,0.7007677200499909,0.42217743518603346,0.013919821826280624,0.5,0.7078022548689675,0.2707273129563475,0.13161847666563062,0.8060076161305342,0.7894572585885563,0.6966670187244445
2021-06-28 18:40:00,0.7468619246861925,0.2350597609561753,0.7018615040953089,0.7125513301196216,0.4223475677585688,0.030400890868596882,0.5,0.7078022548689675,0.2707273129563475,0.13161847666563062,0.8060076161305342,0.7894572585885563,0.8858804713550704
2021-06-28 18:50:00,0.6799163179916318,-0.019920318725099695,0.6976917349218166,0.7154079628637744,0.4261428328382039,0.021714922048997772,0.5,0.7078022548689675,0.2707273129563475,0.13161847666563062,0.8060076161305342,0.7894572585885563,0.7897536098495707
2021-06-28 19:00:00,0.8054393305439331,-0.15537848605577698,0.6959046909903199,0.7132654883056597,0.415843268639332,0.024610244988864143,0.5,0.6960114040883549,0.28468680227696513,0.12389473565405716,0.7524268893467451,0.8109004076669968,0.7540738114277954
2021-06-28 19:10:00,0.6164574616457461,0.07569721115537842,0.6953090096798211,0.7154079628637744,0.3988954469906165,0.001893095768374165,0.5,0.6960114040883549,0.28468680227696513,0.12389473565405716,0.7524268893467451,0.8109004076669968,0.7183940130060202
2021-06-28 19:20:00,0.6213389121338913,0.2350597609561753,0.6899478778853312,0.7286198893054812,0.41224431037416076,0.0010022271714922048,0.5,0.6960114040883549,0.28468680227696513,0.12389473565405716,0.7524268893467451,0.8109004076669968,0.701291549104516
2021-06-28 19:30:00,0.4776847977684798,0.05179282868525892,0.6878629932985851,0.7321906802356721,0.4310635903207653,0.00033407572383073496,0.5,0.6960114040883549,0.28468680227696513,0.12389473565405716,0.7524268893467451,0.8109004076669968,0.43550552982180846
2021-06-28 19:40:00,0.5334728033472803,-0.043824701195219196,0.6816083395383468,0.7411176575611498,0.44328696130138334,0.00155902004454343,0.5,0.6960114040883549,0.28468680227696513,0.12389473565405716,0.7524268893467451,0.8109004076669968,0.5447440288486203
2021-06-28 19:50:00,0.49372384937238495,-0.12350597609561753,0.6789277736411017,0.7429030530262453,0.44069571135046004,0.0010022271714922048,0.5,0.6960114040883549,0.28468680227696513,0.12389473565405716,0.7524268893467451,0.8109004076669968,0.46399957753066673
2021-06-28 20:00:00,0.5536959553695956,0.03585657370517925,0.675651526433358,0.738261024816997,0.4273206737249872,0.00044543429844097997,0.5,0.6851000075711511,0.2879654719588978,0.11265519987998311,0.6902732137306308,0.838155224092873,0.5540458982754198
2021-06-28 20:10:00,0.5495118549511855,0.05179282868525892,0.6708860759493669,0.7239778610962329,0.4356702569001845,0.00033407572383073496,0.5,0.6851000075711511,0.2879654719588978,0.11265519987998311,0.6902732137306308,0.838155224092873,0.5503643797999306
2021-06-28 20:20:00,0.4707112970711297,0.2669322709163344,0.665524944154877,0.7200499910730227,0.44976508617869154,0.00022271714922048998,0.5,0.6851000075711511,0.2879654719588978,0.11265519987998311,0.6902732137306308,0.838155224092873,0.41490260573049476
2021-06-28 20:30:00,0.5550906555090656,-0.05179282868525903,0.6631422189128813,0.7196929119800035,0.43888968865739225,0.00033407572383073496,0.5,0.6851000075711511,0.2879654719588978,0.11265519987998311,0.6902732137306308,0.838155224092873,0.563445840940296
2021-06-28 20:40:00,0.45327754532775455,0.043824701195219085,0.6577810871183913,0.7096946973754685,0.43648165839996855,0.00022271714922048998,0.5,0.6851000075711511,0.2879654719588978,0.11265519987998311,0.6902732137306308,0.838155224092873,0.3681744798346334
2021-06-28 20:50:00,0.4428172942817294,0.003984063745019917,0.652717795979151,0.7082663810033922,0.4433000484223476,0.00033407572383073496,0.5,0.6851000075711511,0.2879654719588978,0.11265519987998311,0.6902732137306308,0.838155224092873,0.3443954916486866
2021-06-28 21:00:00,0.4100418410041841,0.2111553784860556,0.6470588235294115,0.6996964827709338,0.447919802122731,0.00033407572383073496,0.5,0.6888538644390358,0.29788193915639527,0.09604216924689025,0.5138486621654191,0.8721846945931022,0.29639995775306666
2021-06-28 21:10:00,0.4225941422594142,0.3227091633466135,0.64259121370067,0.6864845563292268,0.4422269045032783,0.00022271714922048998,0.5,0.6888538644390358,0.29788193915639527,0.09604216924689025,0.5138486621654191,0.8721846945931022,0.30627517841785235
2021-06-28 21:20:00,0.3542538354253836,0.14741035856573692,0.63723008190618,0.6757721835386539,0.45917472615199384,0.00033407572383073496,0.5,0.6888538644390358,0.29788193915639527,0.09604216924689025,0.5138486621654191,0.8721846945931022,0.21032937519803252
2021-06-28 21:30:00,0.33891213389121344,-0.26693227091633476,0.6303797468354431,0.6682735225852527,0.4605619609742053,0.00044543429844097997,0.5,0.6888538644390358,0.29788193915639527,0.09604216924689025,0.5138486621654191,0.8721846945931022,0.21031428700755916
2021-06-28 21:40:00,0.41841004184100417,0.1633466135458166,0.6244229337304541,0.6557757543295839,0.4605619609742053,0.00022271714922048998,0.5,0.6888538644390358,0.29788193915639527,0.09604216924689025,0.5138486621654191,0.8721846945931022,0.2990328469906604
2021-06-28 21:50:00,0.38702928870292885,0.15537848605577675,0.6163812360387191,0.641849669701839,0.4605619609742053,0.00022271714922048998,0.5,0.6888538644390358,0.29788193915639527,0.09604216924689025,0.5138486621654191,0.8721846945931022,0.2668195603301296
2021-06-28 22:00:00,0.4246861924686192,0.2350597609561753,0.6110201042442291,0.6314943760042848,0.4633233434976639,0.00022271714922048998,0.5,0.5599770263919661,0.3104334108221973,0.14489832487419724,0.3795627330023636,0.9074007681164451,0.2976145570861687
2021-06-28 22:10:00,0.394700139470014,-0.23505976095617542,0.6053611317944898,0.6236386359578647,0.47179071076153956,0.00022271714922048998,0.5,0.5599770263919661,0.3104334108221973,0.14489832487419724,0.3795627330023636,0.9074007681164451,0.23582087300270077
2021-06-28 22:20:00,0.3765690376569038,0.09163346613545809,0.6017870439314965,0.615068737725406,0.47179071076153956,0.00011135857461024499,0.5,0.5599770263919661,0.3104334108221973,0.14489832487419724,0.3795627330023636,0.9074007681164451,0.21754153024427783
2021-06-28 22:30:00,0.36541143654114366,0.4422310756972112,0.5991064780342514,0.6036422067487948,0.47179071076153956,0.00022271714922048998,0.5,0.5599770263919661,0.3104334108221973,0.14489832487419724,0.3795627330023636,0.9074007681164451,0.20679119453203978
2021-06-28 22:40:00,0.30822873082287305,0.22709163346613526,0.5958302308265075,0.590073201214069,0.4819463166298046,0.00022271714922048998,0.5,0.5599770263919661,0.3104334108221973,0.14489832487419724,0.3795627330023636,0.9074007681164451,0.14379045521070657
2021-06-28 22:50:00,0.28870292887029286,0.33864541832669315,0.58927773641102,0.5793608284234957,0.48304563479080237,0.00011135857461024499,0.5,0.5599770263919661,0.3104334108221973,0.14489832487419724,0.3795627330023636,0.9074007681164451,0.1253451423570771
2021-06-28 23:00:00,0.37517433751743373,0.20318725099601576,0.5842144452717795,0.5690055347259417,0.4856892332255827,0.00022271714922048998,0.5,0.4699334906042678,0.32197915559169704,0.1774179046578447,0.3294289961487623,0.9517110238570081,0.205704844817961
2021-06-28 23:10:00,0.39121338912133896,0.13147410358565725,0.5788533134772895,0.5650776647027316,0.4848123961209774,0.00033407572383073496,0.5,0.4699334906042678,0.32197915559169704,0.1774179046578447,0.3294289961487623,0.9517110238570081,0.24314618947749597
2021-06-28 23:20:00,0.34449093444909346,0.1394422310756971,0.5767684288905432,0.552222817354044,0.49045294525657296,0.00044543429844097997,0.5,0.4699334906042678,0.32197915559169704,0.1774179046578447,0.3294289961487623,0.9517110238570081,0.1648837454924031
2021-06-28 23:30:00,0.20013947001394702,-0.2270916334661356,0.5675353685778106,0.5375825745402605,0.4942482103362081,0.00033407572383073496,0.5,0.4699334906042678,0.32197915559169704,0.1774179046578447,0.3294289961487623,0.9517110238570081,0.07886597160402553
2021-06-28 23:40:00,0.1499302649930265,-0.2828685258964144,0.5618763961280713,0.5290126763078022,0.4942482103362081,0.00033407572383073496,0.5,0.4699334906042678,0.32197915559169704,0.1774179046578447,0.3294289961487623,0.9517110238570081,0.04239781523001947
2021-06-28 23:50:00,0.13458856345885634,-0.0916334661354582,0.5591958302308264,0.5315122299589359,0.4942482103362081,0.00022271714922048998,0.5,0.4699334906042678,0.32197915559169704,0.1774179046578447,0.3294289961487623,0.9517110238570081,0.033035593041326555
2021-06-29 00:00:00,0.1283124058577406,-0.14741035856573714,0.5562174236783319,0.5352615604356366,0.4942482103362081,0.00033407572383073496,0.5,0.45527634201992306,0.318568304660539,0.18170498292003978,0.3350575156411356,0.00470828667907051,0.02534438794755345
2021-06-29 00:10:00,0.12203626220362622,-0.20318725099601598,0.5532390171258375,0.5390108909123372,0.4942482103362081,0.00044543429844097997,0.5,0.45527634201992306,0.318568304660539,0.18170498292003978,0.3350575156411356,0.00470828667907051,0.017653182853780345
2021-06-29 00:20:00,0.1499302649930265,-0.26693227091633476,0.552941176470588,0.5315122299589359,0.4942482103362081,0.00044543429844097997,0.5,0.45527634201992306,0.318568304660539,0.18170498292003978,0.3350575156411356,0.00470828667907051,0.02773209408995579
2021-06-29 00:30:00,0.19386331938633192,0.3306772908366533,0.5484735666418465,0.5268702017496876,0.4985015246495923,0.5993318485523386,0.5,0.45527634201992306,0.318568304660539,0.18170498292003978,0.3350575156411356,0.00470828667907051,0.0
2021-06-29 00:40:00,0.24755927475592746,0.9282868525896413,0.5511541325390914,0.5497232637029101,0.6121108217403254,0.4096881959910913,0.5,0.45527634201992306,0.318568304660539,0.18170498292003978,0.3350575156411356,0.00470828667907051,0.03061393847035925
2021-06-29 00:50:00,0.2280334728033473,0.4820717131474104,0.5591958302308264,0.5843599357257632,0.6345552341940297,0.00022271714922048998,0.5,0.45527634201992306,0.318568304660539,0.18170498292003978,0.3350575156411356,0.00470828667907051,0.09247551941095704
2021-06-29 01:00:00,0.25174337517433754,-0.3466135458167332,0.5073715562174235,0.5361542581681842,0.6495399876981064,0.00033407572383073496,0.5,0.36883193811801185,0.3259589605956211,0.210641936898053,0.3303083958143782,0.07780923989412657,0.09752251912428143
2021-06-29 01:10:00,0.1680613668061367,0.19521912350597592,0.48652271034996253,0.49509016247098736,0.6431665597885122,0.00022271714922048998,0.5,0.36883193811801185,0.3259589605956211,0.210641936898053,0.3303083958143782,0.07780923989412657,0.050190865609487455
2021-06-29 01:20:00,0.29428172942817293,-0.1394422310756973,0.46805658972449726,0.4561685413319052,0.6492913323997853,0.00044543429844097997,0.5,0.36883193811801185,0.3259589605956211,0.210641936898053,0.3303083958143782,0.07780923989412657,0.12923035140395614
2021-06-29 01:30:00,0.3758716875871687,-0.06772908366533881,0.45554728220402074,0.4208177111230138,0.6492913323997853,0.000556792873051225,0.5,0.36883193811801185,0.3259589605956211,0.210641936898053,0.3303083958143782,0.07780923989412657,0.2178357499585075
2021-06-29 01:40:00,0.3563458856345886,-0.10756972111553798,0.44899478778853297,0.4001071237279059,0.64700108623104,0.00044543429844097997,0.5,0.36883193811801185,0.3259589605956211,0.210641936898053,0.3303083958143782,0.07780923989412657,0.24980008147622856
2021-06-29 01:50:00,0.4916317991631799,-0.2749003984063746,0.441548771407297,0.3922513836814856,0.6380364083705226,0.00033407572383073496,0.5,0.36883193811801185,0.3259589605956211,0.210641936898053,0.3303083958143782,0.07780923989412657,0.41221690782624437
2021-06-29 02:00:00,0.4260808926080893,0.2828685258964143,0.4352941176470586,0.3840385645420461,0.6271871850911518,0.00022271714922048998,0.5,0.33880111652802336,0.320973428695399,0.1822078009200872,0.3493771111996259,0.15190202877413436,0.32456960936674867
2021-06-29 02:10:00,0.35355648535564854,0.12350597609561742,0.4305286671630677,0.3758257454026068,0.632147203936606,0.00022271714922048998,0.5,0.33880111652802336,0.320973428695399,0.1822078009200872,0.3493771111996259,0.15190202877413436,0.22391629071925404
2021-06-29 02:20:00,0.3103207810320781,-0.33067729083665354,0.42546537602382717,0.36904124263524385,0.6380364083705226,0.00022271714922048998,0.5,0.33880111652802336,0.320973428695399,0.1822078009200872,0.3493771111996259,0.15190202877413436,0.16325422092128491
2021-06-29 02:30:00,0.3068340306834031,0.08366533864541825,0.42010424422933723,0.3647562935190145,0.6282341547682925,0.00033407572383073496,0.5,0.33880111652802336,0.320973428695399,0.1822078009200872,0.3493771111996259,0.15190202877413436,0.1424476062585814
2021-06-29 02:40:00,0.30264993026499304,-0.2509960159362551,0.41682799702159334,0.3586859489376897,0.6331418251298896,0.00033407572383073496,0.5,0.33880111652802336,0.320973428695399,0.1822078009200872,0.3493771111996259,0.15190202877413436,0.1435188677821869
2021-06-29 02:50:00,0.3396094839609484,0.17928286852589648,0.41384959046909886,0.3504731297982504,0.6303673554854667,0.00022271714922048998,0.5,0.33880111652802336,0.320973428695399,0.1822078009200872,0.3493771111996259,0.15190202877413436,0.18089231558459196
2021-06-29 03:00:00,0.30613668061366806,-0.08366533864541836,0.4081906180193595,0.34333154793786824,0.6273311434217587,0.00022271714922048998,0.5,0.3028585932400625,0.33649035795256915,0.2042138557872323,0.386331126960045,0.19109691856571004,0.14753987054332574
2021-06-29 03:10:00,0.3417015341701534,0.5298804780876492,0.4040208488458674,0.33047670058918044,0.6269123555509023,0.00033407572383073496,0.5,0.3028585932400625,0.33649035795256915,0.2042138557872323,0.386331126960045,0.19109691856571004,0.1845361135838979
2021-06-29 03:20:00,0.3765690376569038,-0.3466135458167332,0.39746835443037964,0.3261917514729513,0.6342018819279946,0.00022271714922048998,0.5,0.3028585932400625,0.33649035795256915,0.2042138557872323,0.386331126960045,0.19109691856571004,0.2296724353848243
2021-06-29 03:30:00,0.3821478382147839,-0.3705179282868527,0.3953834698436334,0.3229780396357793,0.6269254426718666,0.00022271714922048998,0.5,0.3028585932400625,0.33649035795256915,0.2042138557872323,0.386331126960045,0.19109691856571004,0.2500716689047483
2021-06-29 03:40:00,0.42538354253835425,-0.36254980079681276,0.3953834698436334,0.3169076950544547,0.6269254426718666,0.00022271714922048998,0.5,0.3028585932400625,0.33649035795256915,0.2042138557872323,0.386331126960045,0.19109691856571004,0.3246903148905352
2021-06-29 03:50:00,0.4065550906555091,-0.3784860557768924,0.3953834698436334,0.3211926441706838,0.6258915601156901,0.00033407572383073496,0.5,0.3028585932400625,0.33649035795256915,0.2042138557872323,0.386331126960045,0.19109691856571004,0.28724142613576353
2021-06-29 04:00:00,0.3682008368200837,0.346613545816733,0.39359642591213695,0.3169076950544547,0.6157490413683894,0.00033407572383073496,0.5,0.20209904333333428,0.3328582471042243,0.2875706814369613,0.40846648536551383,0.19707977556312586,0.235021198907615
2021-06-29 04:10:00,0.33403068340306835,-0.059760956175298974,0.39002233804914366,0.3136939832172827,0.6266113517687243,0.00022271714922048998,0.5,0.20209904333333428,0.3328582471042243,0.2875706814369613,0.40846648536551383,0.19707977556312586,0.198507777962189
2021-06-29 04:20:00,0.3242677824267783,-0.49800796812749004,0.3918093819806401,0.315122299589359,0.624674457866014,0.00022271714922048998,0.5,0.20209904333333428,0.3328582471042243,0.2875706814369613,0.40846648536551383,0.19707977556312586,0.171552725681609
2021-06-29 04:30:00,0.3242677824267783,0.4262948207171313,0.3921072226358895,0.3133369041242635,0.6130138330868592,0.00022271714922048998,0.5,0.20209904333333428,0.3328582471042243,0.2875706814369613,0.40846648536551383,0.19707977556312586,0.1766676222520633
2021-06-29 04:40:00,0.30822873082287305,0.2828685258964143,0.3894266567386446,0.3054811640778434,0.6130138330868592,0.00022271714922048998,0.5,0.20209904333333428,0.3328582471042243,0.2875706814369613,0.40846648536551383,0.19707977556312586,0.16349563196885797
2021-06-29 04:50:00,0.33403068340306835,0.01195219123505975,0.3894266567386446,0.3022674522406714,0.6130138330868592,0.00022271714922048998,0.5,0.20209904333333428,0.3328582471042243,0.2875706814369613,0.40846648536551383,0.19707977556312586,0.19441133424868356
2021-06-29 05:00:00,0.34797768479776847,0.05179282868525892,0.388235294117647,0.3026245313336904,0.6130138330868592,0.00022271714922048998,0.5,0.20227818277693155,0.33057093679150307,0.3007176284440022,0.39944430768580724,0.18237405350549105,0.20551624243704456
2021-06-29 05:10:00,0.3814504881450488,0.027888446215139417,0.3834698436336559,0.2958400285663274,0.6130138330868592,0.00022271714922048998,0.5,0.20227818277693155,0.33057093679150307,0.3007176284440022,0.39944430768580724,0.18237405350549105,0.2499735956666717
2021-06-29 05:20:00,0.38633193863319387,-0.019920318725099695,0.37870439314966475,0.29334047491519377,0.6130138330868592,0.00022271714922048998,0.5,0.20227818277693155,0.33057093679150307,0.3007176284440022,0.39944430768580724,0.18237405350549105,0.2636359521402598
2021-06-29 05:30:00,0.398884239888424,0.49003984063745,0.37542814594192087,0.28619889305481183,0.6130138330868592,0.00022271714922048998,0.5,0.20227818277693155,0.33057093679150307,0.3007176284440022,0.39944430768580724,0.18237405350549105,0.27080284261508514
2021-06-29 05:40:00,0.39191073919107394,0.3545816733067728,0.37453462397617265,0.28262810212462064,0.6249885487691563,0.00033407572383073496,0.5,0.20227818277693155,0.33057093679150307,0.3007176284440022,0.39944430768580724,0.18237405350549105,0.25916984776015817
2021-06-29 05:50:00,0.40585774058577406,-0.40239043824701204,0.37155621742367817,0.2851276557757545,0.635379722814778,0.00033407572383073496,0.5,0.20227818277693155,0.33057093679150307,0.3007176284440022,0.39944430768580724,0.18237405350549105,0.27670986918538865
2021-06-29 06:00:00,0.3451882845188285,0.03585657370517925,0.36530156366344,0.2847705766827351,0.6257606889060475,0.00022271714922048998,0.5,0.30879480945880267,0.34780909579404923,0.3662336091160079,0.4012478047855885,0.14996455559191568,0.1927968978680387
2021-06-29 06:10:00,0.35564853556485354,-0.29083665338645437,0.36262099776619494,0.28048562756650597,0.6241771472693722,0.00022271714922048998,0.5,0.30879480945880267,0.34780909579404923,0.3662336091160079,0.4012478047855885,0.14996455559191568,0.2002806403428037
2021-06-29 06:20:00,0.3110181311018131,-0.2509960159362551,0.3611317944899479,0.27977146938046804,0.6241771472693722,0.00011135857461024499,0.5,0.30879480945880267,0.34780909579404923,0.3662336091160079,0.4012478047855885,0.14996455559191568,0.1560948745416962
2021-06-29 06:30:00,0.27615062761506276,-0.2509960159362551,0.357259865971705,0.27584359935725766,0.6241771472693722,0.00011135857461024499,0.5,0.30879480945880267,0.34780909579404923,0.3662336091160079,0.4012478047855885,0.14996455559191568,0.1280082079756175
2021-06-29 06:40:00,0.29497907949790797,-0.2509960159362551,0.3581533879374532,0.27584359935725766,0.6241771472693722,0.00011135857461024499,0.5,0.30879480945880267,0.34780909579404923,0.3662336091160079,0.4012478047855885,0.14996455559191568,0.14732109178146266
2021-06-29 06:50:00,0.23849372384937237,0.09960159362549792,0.357259865971705,0.27584359935725766,0.6241771472693722,0.00022271714922048998,0.5,0.30879480945880267,0.34780909579404923,0.3662336091160079,0.4012478047855885,0.14996455559191568,0.10665087436063793
2021-06-29 07:00:00,0.23430962343096234,0.4581673306772909,0.3539836187639609,0.2737011247991432,0.6269123555509023,0.00022271714922048998,0.5,0.31796357375685536,0.36399555181361254,0.34941792951341294,0.3443534219491535,0.13865563655882843,0.09076300979223562
2021-06-29 07:10:00,0.18131101813110181,0.06772908366533859,0.34802680565897237,0.2722728084270667,0.638062582612451,0.00022271714922048998,0.5,0.31796357375685536,0.36399555181361254,0.34941792951341294,0.3443534219491535,0.13865563655882843,0.07114081808168746
2021-06-29 07:20:00,0.13528591352859135,0.2749003984063745,0.34772896500372297,0.280128548473487,0.638062582612451,0.00033407572383073496,0.5,0.31796357375685536,0.36399555181361254,0.34941792951341294,0.3443534219491535,0.13865563655882843,0.04953452932389819
2021-06-29 07:30:00,0.14086471408647142,0.22709163346613526,0.3459419210722261,0.2858418139617924,0.638062582612451,0.00022271714922048998,0.5,0.31796357375685536,0.36399555181361254,0.34941792951341294,0.3443534219491535,0.13865563655882843,0.05248427056143156
2021-06-29 07:40:00,0.2691771269177127,-0.0916334661354582,0.3447505584512285,0.2844134975897161,0.638062582612451,0.00022271714922048998,0.5,0.31796357375685536,0.36399555181361254,0.34941792951341294,0.3443534219491535,0.13865563655882843,0.11165260950254237
2021-06-29 07:50:00,0.34309623430962344,-0.23505976095617542,0.34802680565897237,0.27584359935725766,0.6321341168156417,0.00011135857461024499,0.5,0.31796357375685536,0.36399555181361254,0.34941792951341294,0.3443534219491535,0.13865563655882843,0.18414382063159165
2021-06-29 08:00:00,0.3326359832635983,0.31474103585657365,0.35487714072970933,0.2719157293340475,0.6299616547355747,0.00022271714922048998,0.5,0.3415208275034909,0.3609266480271965,0.3413138729451832,0.28872590080639343,0.16688653025660607,0.17557372844274785
2021-06-29 08:10:00,0.303347280334728,-0.059760956175298974,0.3590469099032014,0.2708444920549904,0.6299354804936462,0.00022271714922048998,0.5,0.3415208275034909,0.3609266480271965,0.3413138729451832,0.28872590080639343,0.16688653025660607,0.14967484949530005
2021-06-29 08:20:00,0.2873082287308229,0.09960159362549792,0.3676842889054355,0.2733440457061238,0.6309693630498227,0.00022271714922048998,0.5,0.3415208275034909,0.3609266480271965,0.3413138729451832,0.28872590080639343,0.16688653025660607,0.13198394616533637
2021-06-29 08:30:00,0.2105997210599721,0.17131474103585642,0.37751303052866714,0.28262810212462064,0.6245304995354073,0.00033407572383073496,0.5,0.3415208275034909,0.3609266480271965,0.3413138729451832,0.28872590080639343,0.16688653025660607,0.07663291941397468
2021-06-29 08:40:00,0.2824267782426778,-0.3545816733067729,0.38555472822040193,0.29226923763613644,0.6381672795801652,0.00033407572383073496,0.5,0.3415208275034909,0.3609266480271965,0.3413138729451832,0.28872590080639343,0.16688653025660607,0.12904929311827634
2021-06-29 08:50:00,0.300557880055788,0.29083665338645415,0.39448994787788516,0.29726834493840393,0.6512282263024958,0.00033407572383073496,0.5,0.3415208275034909,0.3609266480271965,0.3413138729451832,0.28872590080639343,0.16688653025660607,0.14173846130633552
2021-06-29 09:00:00,0.3158995815899582,0.17928286852589648,0.4025316455696202,0.30191037314765223,0.6569996466477339,0.00033407572383073496,0.5,0.35419923734825587,0.3626766128267541,0.3469281878249057,0.30558279087249585,0.2573773960751463,0.15842599996982362
2021-06-29 09:10:00,0.28591352859135283,0.17928286852589648,0.4081906180193595,0.30976611319407255,0.6596432450825143,0.00022271714922048998,0.5,0.35419923734825587,0.3626766128267541,0.3469281878249057,0.30558279087249585,0.2573773960751463,0.13160674140350348
2021-06-29 09:20:00,0.35006973500697347,-0.31474103585657376,0.4147431124348473,0.31762185324049286,0.6582952716231956,0.00022271714922048998,0.5,0.35419923734825587,0.3626766128267541,0.3469281878249057,0.30558279087249585,0.2573773960751463,0.18783288320231753
2021-06-29 09:30:00,0.2698744769874477,0.24302788844621515,0.42010424422933723,0.33083377968219985,0.649278245278821,0.00033407572383073496,0.5,0.35419923734825587,0.3626766128267541,0.3469281878249057,0.30558279087249585,0.2573773960751463,0.11750682740618917
2021-06-29 09:40:00,0.19665271966527195,0.01195219123505975,0.42874162323157106,0.33690412426352423,0.6468047794165762,0.00044543429844097997,0.5,0.35419923734825587,0.3626766128267541,0.3469281878249057,0.30558279087249585,0.2573773960751463,0.066757698749189
2021-06-29 09:50:00,0.22384937238493724,0.05976095617529875,0.43648548026805645,0.3604713444027854,0.6573399117928046,0.00044543429844097997,0.5,0.35419923734825587,0.3626766128267541,0.3469281878249057,0.30558279087249585,0.2573773960751463,0.08120464112738959
2021-06-29 10:00:00,0.15132496513249652,0.3067729083665336,0.44393149664929243,0.37082663810033933,0.6535446467131696,0.00044543429844097997,0.5,0.5247104034623176,0.34701026128784707,0.21510122874008775,0.2478266289106761,0.3435876856391379,0.03732063913574845
2021-06-29 10:10:00,0.22175732217573224,0.01195219123505975,0.45316455696202507,0.3826102481699696,0.6492128096739999,0.00033407572383073496,0.5,0.5247104034623176,0.34701026128784707,0.21510122874008775,0.2478266289106761,0.3435876856391379,0.08969174826863015
2021-06-29 10:20:00,0.2796373779637378,0.043824701195219085,0.4626954579300073,0.39010890912337093,0.6686733585478531,0.00044543429844097997,0.5,0.5247104034623176,0.34701026128784707,0.21510122874008775,0.2478266289106761,0.3435876856391379,0.12794031111848755
2021-06-29 10:30:00,0.26429567642956764,-0.12350597609561753,0.47103499627699175,0.39118014640242826,0.6668935100967138,0.00033407572383073496,0.5,0.5247104034623176,0.34701026128784707,0.21510122874008775,0.2478266289106761,0.3435876856391379,0.1103625692170738
2021-06-29 10:40:00,0.201534170153417,0.09960159362549792,0.47997021593447475,0.4115336547045172,0.6640928662103625,0.00033407572383073496,0.5,0.5247104034623176,0.34701026128784707,0.21510122874008775,0.2478266289106761,0.3435876856391379,0.06495465998762769
2021-06-29 10:50:00,0.200836820083682,0.41035856573705165,0.48741623231571096,0.4208177111230138,0.6640012563636125,0.00044543429844097997,0.5,0.5247104034623176,0.34701026128784707,0.21510122874008775,0.2478266289106761,0.3435876856391379,0.06389848665449553
2021-06-29 11:00:00,0.16387726638772665,-0.33864541832669326,0.4933730454206997,0.4450990894483129,0.6800722409077227,0.0006681514476614699,0.5,0.5310699704458275,0.34241839962989307,0.18833799565458725,0.14266208250812557,0.49359348047689605,0.03282435837470012
2021-06-29 11:10:00,0.15132496513249652,0.03585657370517925,0.504393149664929,0.4640242813783253,0.6431011241836908,0.03173719376391983,0.5,0.5310699704458275,0.34241839962989307,0.18833799565458725,0.14266208250812557,0.49359348047689605,0.0017804064758513512
2021-06-29 11:20:00,0.14225941422594143,0.47410358565737054,0.5219657483246463,0.4675950723085165,0.6963657065082253,0.4969933184855234,0.5,0.5310699704458275,0.34241839962989307,0.18833799565458725,0.14266208250812557,0.49359348047689605,0.0
2021-06-29 11:30:00,0.17154811715481172,0.46396233248822893,0.5386448250186149,0.47759328691305103,0.6926882255172684,0.9993318485523385,0.5,0.5310699704458275,0.34241839962989307,0.18833799565458725,0.14266208250812557,0.49359348047689605,0.0
2021-06-29 11:40:00,0.14295676429567641,0.45382107931908733,0.5553239017125835,0.4925906088198535,0.6926882255172684,0.9993318485523385,0.5,0.5310699704458275,0.34241839962989307,0.18833799565458725,0.14266208250812557,0.49359348047689605,0.0
2021-06-29 11:50:00,0.11506276150627615,0.4436798261499455,0.5693224125093073,0.5029459025174075,0.6926882255172684,0.9993318485523385,0.5,0.5310699704458275,0.34241839962989307,0.18833799565458725,0.14266208250812557,0.49359348047689605,0.0
2021-06-29 12:00:00,0.1415620641562064,0.4335385729808041,0.5836187639612807,0.5079450098196749,0.6926882255172684,0.9993318485523385,0.5,0.5493587701782023,0.3327461803929227,0.15939926627884374,0.2579209563420572,0.6808158603162391,0.0
2021-06-29 12:10:00,0.1596931659693166,0.4233973198116623,0.5973194341027548,0.5136582753079808,0.6758189265943385,0.9993318485523385,0.5,0.5493587701782023,0.3327461803929227,0.15939926627884374,0.2579209563420572,0.6808158603162391,0.0
2021-06-29 12:20:00,0.05369595536959554,0.4132560666425207,0.6047654504839908,0.5183003035172289,0.6210624124798786,0.9993318485523385,0.5,0.5493587701782023,0.3327461803929227,0.15939926627884374,0.2579209563420572,0.6808158603162391,0.0
2021-06-29 12:30:00,0.1589958158995816,0.4031148134733791,0.6193596425912136,0.5232994108194964,0.6210624124798786,0.9993318485523385,0.5,0.5493587701782023,0.3327461803929227,0.15939926627884374,0.2579209563420572,0.6808158603162391,0.0
2021-06-29 12:40:00,0.18688981868898188,0.39297356030423747,0.635740878629933,0.5257989644706302,0.6131708785384303,0.9993318485523385,0.5,0.5493587701782023,0.3327461803929227,0.15939926627884374,0.2579209563420572,0.6808158603162391,0.0
2021-06-29 12:50:00,0.13528591352859135,0.38283230713509564,0.6390171258376767,0.5315122299589359,0.49943071023805474,0.9993318485523385,0.5,0.5493587701782023,0.3327461803929227,0.15939926627884374,0.2579209563420572,0.6808158603162391,0.0
2021-06-29 13:00:00,0.08577405857740586,0.37269105396595426,0.6467609828741621,0.5365113372612034,0.49066233919200114,0.9993318485523385,0.5,0.6820790181384104,0.31650800127583745,0.08405087934815511,0.4453157452513005,0.7361600080471257,0.0
2021-06-29 13:10:00,0.18688981868898188,0.36254980079681287,0.6577810871183913,0.5386538118193178,0.490047244506681,0.9993318485523385,0.5,0.6820790181384104,0.31650800127583745,0.08405087934815511,0.4453157452513005,0.7361600080471257,0.0
2021-06-29 13:20:00,0.2196652719665272,0.2828685258964143,0.6643335815338791,0.5457953936797,0.3650128908141497,0.6324053452115813,0.5,0.6820790181384104,0.31650800127583745,0.08405087934815511,0.4453157452513005,0.7361600080471257,0.005371395808500687
2021-06-29 13:30:00,0.15341701534170155,0.20318725099601576,0.6693968726731196,0.5672201392608462,0.35056470926960775,0.3544543429844098,0.5,0.6820790181384104,0.31650800127583745,0.08405087934815511,0.4453157452513005,0.7361600080471257,0.0039832822849555655
2021-06-29 13:40:00,0.3200836820083682,-0.02788844621513953,0.6735666418466117,0.5915015175861453,0.36680582638625325,0.2232739420935412,0.5,0.6820790181384104,0.31650800127583745,0.08405087934815511,0.4453157452513005,0.7361600080471257,0.1474568854957225
2021-06-29 13:50:00,0.22873082287308227,0.14741035856573692,0.6589724497393892,0.5815033029816103,0.3417963382235542,0.00033407572383073496,0.5,0.6820790181384104,0.31650800127583745,0.08405087934815511,0.4453157452513005,0.7361600080471257,0.10010259969521855
2021-06-29 14:00:00,0.17364016736401675,0.20318725099601576,0.6491437081161577,0.5700767720049991,0.3617018492101922,0.636859688195991,0.5,0.692803137058184,0.2971204602206284,0.08114239742354282,0.5655332597020651,0.7570759566140615,0.0028214916185101925
2021-06-29 14:10:00,0.1589958158995816,0.4661354581673305,0.6693968726731196,0.5997143367255846,0.38918480323513627,0.049220489977728286,0.5,0.692803137058184,0.2971204602206284,0.08114239742354282,0.5655332597020651,0.7570759566140615,0.0
2021-06-29 14:20:00,0.20292887029288703,0.394422310756972,0.6869694713328367,0.6247098732369221,0.395636753870516,0.8108017817371939,0.5,0.692803137058184,0.2971204602206284,0.08114239742354282,0.5655332597020651,0.7570759566140615,0.0
2021-06-29 14:30:00,0.301255230125523,0.3227091633466135,0.6947133283693223,0.6332797714693803,0.3899176820091348,0.20601336302895323,0.5,0.692803137058184,0.2971204602206284,0.08114239742354282,0.5655332597020651,0.7570759566140615,0.05280112256137121
2021-06-29 14:40:00,0.43235704323570434,0.22709163346613526,0.6792256142963511,0.6057846813069094,0.4317964690947638,0.001893095768374165,0.5,0.692803137058184,0.2971204602206284,0.08114239742354282,0.5655332597020651,0.7570759566140615,0.3565414849797064
2021-06-29 14:50:00,0.4351464435146444,-0.019920318725099695,0.6607594936708858,0.5772183538653812,0.43824841973014356,0.00623608017817372,0.5,0.692803137058184,0.2971204602206284,0.08114239742354282,0.5655332597020651,0.7570759566140615,0.3121067640357892
2021-06-29 15:00:00,0.4393305439330544,-0.13147410358565736,0.6562918838421443,0.5782895911444383,0.41105338236641326,0.00033407572383073496,0.5,0.7010355467221749,0.2830546511995463,0.08544938550314199,0.644120100664141,0.7698773303202359,0.3684083467869698
2021-06-29 15:10:00,0.36541143654114366,0.5378486055776892,0.6583767684288904,0.5847170148187824,0.40054442423211317,0.000779510022271715,0.5,0.7010355467221749,0.2830546511995463,0.08544938550314199,0.644120100664141,0.7698773303202359,0.32755707108046533
2021-06-29 15:20:00,0.49581589958159,-0.09960159362549814,0.6604616530156364,0.590430280307088,0.425789480572169,0.000556792873051225,0.5,0.7010355467221749,0.2830546511995463,0.08544938550314199,0.644120100664141,0.7698773303202359,0.45266834648520604
2021-06-29 15:30:00,0.38633193863319387,0.027888446215139417,0.658078927773641,0.5979289412604893,0.39053277669445496,0.00033407572383073496,0.5,0.7010355467221749,0.2830546511995463,0.08544938550314199,0.644120100664141,0.7698773303202359,0.2726511459480665
2021-06-29 15:40:00,0.4602510460251046,0.2111553784860556,0.6652271034996275,0.6064988394929476,0.4229495753229247,0.000779510022271715,0.5,0.7010355467221749,0.2830546511995463,0.08544938550314199,0.644120100664141,0.7698773303202359,0.4008630444950737
2021-06-29 15:50:00,0.4456066945606694,-0.14741035856573714,0.6673119880863736,0.6139975004463487,0.3935035531533418,0.000779510022271715,0.5,0.7010355467221749,0.2830546511995463,0.08544938550314199,0.644120100664141,0.7698773303202359,0.40716990811292003
2021-06-29 16:00:00,0.3410041841004184,-0.05179282868525903,0.6720774385703647,0.6207820032137119,0.3898391592833492,0.000779510022271715,0.5,0.7653884317477384,0.26069590554213196,0.06562770391489149,0.6840709101406119,0.7770378231368344,0.2629418953784873
2021-06-29 16:10:00,0.4302649930264993,-0.02788844621513953,0.6813104988830974,0.6411355115158008,0.3958199735640157,0.0021158129175946547,0.5,0.7653884317477384,0.26069590554213196,0.06562770391489149,0.6840709101406119,0.7770378231368344,0.3156675769874919
2021-06-29 16:20:00,0.5432357043235705,0.19521912350597592,0.6869694713328367,0.64542046063203,0.39998167803065005,0.005233853006681514,0.5,0.7653884317477384,0.26069590554213196,0.06562770391489149,0.6840709101406119,0.7770378231368344,0.5058014092369902
2021-06-29 16:30:00,0.32984658298465835,-0.17131474103585675,0.6854802680565895,0.6475629351901446,0.36085118634751545,0.00044543429844097997,0.5,0.7653884317477384,0.26069590554213196,0.06562770391489149,0.6840709101406119,0.7770378231368344,0.18179760701299094
2021-06-29 16:40:00,0.6415620641562064,0.31474103585657365,0.69054355919583,0.6568469916086412,0.38252345866432846,0.02806236080178174,0.5,0.7653884317477384,0.26069590554213196,0.06562770391489149,0.6840709101406119,0.7770378231368344,0.6459857869245741
2021-06-29 16:50:00,0.5397489539748954,0.11553784860557759,0.692628443782576,0.6493483306552401,0.41079163994712803,0.0036748329621380848,0.5,0.7653884317477384,0.26069590554213196,0.06562770391489149,0.6840709101406119,0.7770378231368344,0.5150429259018966
2021-06-29 17:00:00,0.44979079497907953,-0.3784860557768924,0.6959046909903199,0.6611319407248706,0.39655285233801413,0.005233853006681514,0.5,0.7677905879582669,0.2430181002106288,0.06902974640852891,0.7015172701110818,0.784961937931682,0.33022768079424236
2021-06-29 17:10:00,0.5237099023709902,0.22709163346613526,0.6988830975428144,0.6722013926084627,0.3918022274279881,0.0066815144766146995,0.5,0.7677905879582669,0.2430181002106288,0.06902974640852891,0.7015172701110818,0.784961937931682,0.49742746352429956
2021-06-29 17:20:00,0.597629009762901,-0.2749003984063746,0.7069247952345492,0.672915550794501,0.40534739762599625,0.00913140311804009,0.5,0.7677905879582669,0.2430181002106288,0.06902974640852891,0.7015172701110818,0.784961937931682,0.6272462543567151
2021-06-29 17:30:00,0.5746164574616458,0.19521912350597592,0.7081161578555473,0.6775575790037494,0.4150449542605122,0.001893095768374165,0.5,0.7677905879582669,0.2430181002106288,0.06902974640852891,0.7015172701110818,0.784961937931682,0.6032333992184318
2021-06-29 17:40:00,0.6401673640167364,-0.15537848605577698,0.7096053611317943,0.6893411890733796,0.42268783290363954,0.03329621380846325,0.5,0.7677905879582669,0.2430181002106288,0.06902974640852891,0.7015172701110818,0.784961937931682,0.6151681578828251
2021-06-29 17:50:00,0.7552301255230126,0.01195219123505975,0.7096053611317943,0.6886270308873417,0.41077855282616377,0.07962138084632517,0.5,0.7677905879582669,0.2430181002106288,0.06902974640852891,0.7015172701110818,0.784961937931682,0.6427116495918646
2021-06-29 18:00:00,0.5097629009762901,-0.09960159362549814,0.7075204765450482,0.6857703981431889,0.4151234769862978,0.012138084632516704,0.5,0.7223535407473025,0.19802475237567085,0.06877611816134233,0.7080908436370333,0.8122585607399389,0.4012025287807233
2021-06-29 18:10:00,0.6192468619246863,0.05179282868525892,0.7134772896500372,0.6993394036779146,0.40916883694755984,0.0010022271714922048,0.5,0.7223535407473025,0.19802475237567085,0.06877611816134233,0.7080908436370333,0.8122585607399389,0.6751588032047318
2021-06-29 18:20:00,0.47698744769874474,-0.043824701195219196,0.7107967237527921,0.7039814318871631,0.41613118530054577,0.0012249443207126948,0.5,0.7223535407473025,0.19802475237567085,0.06877611816134233,0.7080908436370333,0.8122585607399389,0.4390512545830379
2021-06-29 18:30:00,0.698744769874477,0.05976095617529875,0.7149664929262842,0.7054097482592394,0.43192734030440644,0.0071269487750556795,0.5,0.7223535407473025,0.19802475237567085,0.06877611816134233,0.7080908436370333,0.8122585607399389,0.8131025846070281
2021-06-29 18:40:00,0.6910739191073919,-0.01195219123505975,0.7122859270290394,0.7068380646313157,0.4360366962871838,0.011469933184855235,0.5,0.7223535407473025,0.19802475237567085,0.06877611816134233,0.7080908436370333,0.8122585607399389,0.8610830303121747
2021-06-29 18:50:00,0.6394700139470014,0.043824701195219085,0.7099032017870437,0.7082663810033922,0.4255800866367408,0.0020044543429844097,0.5,0.7223535407473025,0.19802475237567085,0.06877611816134233,0.7080908436370333,0.8122585607399389,0.7625646906166543
2021-06-29 19:00:00,0.705718270571827,-0.09960159362549814,0.7081161578555473,0.7161221210498123,0.42681027600738114,0.0044543429844098,0.5,0.7144060998798287,0.2085935053030542,0.07044702105380761,0.7054314891429354,0.8325114600045126,0.8955444573532296
2021-06-29 19:10:00,0.6499302649930265,0.07569721115537842,0.7072226358897988,0.7221924656311371,0.4172959390663648,0.005567928730512249,0.5,0.7144060998798287,0.2085935053030542,0.07044702105380761,0.7054314891429354,0.8325114600045126,0.7563408120464112
2021-06-29 19:20:00,0.6750348675034867,-0.003984063745020028,0.7090096798212953,0.7186216747009462,0.42721597675727313,0.004565701559020045,0.5,0.7144060998798287,0.2085935053030542,0.07044702105380761,0.7054314891429354,0.8325114600045126,0.8101830197504414
2021-06-29 19:30:00,0.47280334728033474,0.09960159362549792,0.7066269545792998,0.7289769683985003,0.4293622645954117,0.00022271714922048998,0.5,0.7144060998798287,0.2085935053030542,0.07044702105380761,0.7054314891429354,0.8325114600045126,0.41021772258852995
2021-06-29 19:40:00,0.6380753138075315,-0.01195219123505975,0.7048399106478034,0.7468309230494556,0.4369527947546819,0.017706013363028954,0.5,0.7144060998798287,0.2085935053030542,0.07044702105380761,0.7054314891429354,0.8325114600045126,0.6841287324411184
2021-06-29 19:50:00,0.6359832635983264,-0.05179282868525903,0.7009679821295605,0.7389751830030351,0.44305139312402664,0.005345211581291759,0.5,0.7144060998798287,0.2085935053030542,0.07044702105380761,0.7054314891429354,0.8325114600045126,0.7397588907162365
2021-06-29 20:00:00,0.6520223152022315,-0.10756972111553798,0.6967982129560684,0.737903945723978,0.44201751056785016,0.00111358574610245,0.5,0.711686388904361,0.22984882487995964,0.05980135582052099,0.7075747941570977,0.8545710184213169,0.7721456915672104
2021-06-29 20:10:00,0.7845188284518828,0.07569721115537842,0.6962025316455693,0.731476522049634,0.44396749159152477,0.016258351893095768,0.5,0.711686388904361,0.22984882487995964,0.05980135582052099,0.7075747941570977,0.8545710184213169,0.7696750003772048
2021-06-29 20:20:00,0.6520223152022315,0.05179282868525892,0.6950111690245717,0.72504909837529,0.44210912041460004,0.011135857461024499,0.5,0.711686388904361,0.22984882487995964,0.05980135582052099,0.7075747941570977,0.8545710184213169,0.7672043091871992
2021-06-29 20:30:00,0.7224546722454672,0.06772908366533859,0.689054355919583,0.7343331547937868,0.4447003703655233,0.005456570155902005,0.5,0.711686388904361,0.22984882487995964,0.05980135582052099,0.7075747941570977,0.8545710184213169,0.9518234078187003
2021-06-29 20:40:00,0.6750348675034867,-0.1394422310756973,0.6860759493670885,0.728262810212462,0.4437057491722396,0.0034521158129175947,0.5,0.711686388904361,0.22984882487995964,0.05980135582052099,0.7075747941570977,0.8545710184213169,0.8468246903148906
2021-06-29 20:50:00,0.6868898186889818,0.2669322709163344,0.6786299329858525,0.7336189966077487,0.4432346128175263,0.000556792873051225,0.5,0.711686388904361,0.22984882487995964,0.05980135582052099,0.7075747941570977,0.8545710184213169,0.8933114051631788
2021-06-29 21:00:00,0.7398884239888424,-0.2270916334661356,0.675651526433358,0.7289769683985003,0.4549868474434309,0.000779510022271715,0.5,0.7124843615701699,0.2369550037786588,0.05923994969537345,0.5929130297126516,0.8765504413622569,0.9911055117159799
2021-06-29 21:10:00,0.7489539748953975,0.17928286852589648,0.6708860759493669,0.7236207820032137,0.445799688526521,0.0012249443207126948,0.5,0.7124843615701699,0.2369550037786588,0.05923994969537345,0.5929130297126516,0.8765504413622569,0.9179541168127707
2021-06-29 21:20:00,0.6422594142259415,0.2589641434262948,0.6628443782576319,0.7171933583288699,0.45472510502414576,0.0006681514476614699,0.5,0.7124843615701699,0.2369550037786588,0.05923994969537345,0.5929130297126516,0.8765504413622569,0.844802872791466
2021-06-29 21:30:00,0.6164574616457461,0.09163346613545809,0.6542069992553983,0.7236207820032137,0.45501302168535945,0.00022271714922048998,0.5,0.7124843615701699,0.2369550037786588,0.05923994969537345,0.5929130297126516,0.8765504413622569,0.766238664996907
2021-06-29 21:40:00,0.599023709902371,0.10756972111553775,0.6458674609084138,0.7289769683985003,0.462263286699559,0.000556792873051225,0.5,0.7124843615701699,0.2369550037786588,0.05923994969537345,0.5929130297126516,0.8765504413622569,0.7110837847216984
2021-06-29 21:50:00,0.5641562064156206,-0.2509960159362551,0.6363365599404316,0.7289769683985003,0.4627736844171651,0.00044543429844097997,0.5,0.7124843615701699,0.2369550037786588,0.05923994969537345,0.5929130297126516,0.8765504413622569,0.639920334354301
2021-06-29 22:00:00,0.6331938633193863,-0.17131474103585675,0.6300819061801934,0.7221924656311371,0.46543036997290965,0.00033407572383073496,0.5,0.6222046859089534,0.25894594074257016,0.07395229024404998,0.5028905666302794,0.8894052387190075,0.8075803068937942
2021-06-29 22:10:00,0.6311018131101813,0.10756972111553775,0.6300819061801934,0.7121942510266024,0.45922707463585083,0.00044543429844097997,0.5,0.6222046859089534,0.25894594074257016,0.07395229024404998,0.5028905666302794,0.8894052387190075,0.8385412737450397
2021-06-29 22:20:00,0.6603905160390516,0.346613545816733,0.6244229337304541,0.700053561863953,0.45753883603146145,0.0020044543429844097,0.5,0.6222046859089534,0.25894594074257016,0.07395229024404998,0.5028905666302794,0.8894052387190075,0.8792114911658645
2021-06-29 22:30:00,0.6464435146443515,-0.07569721115537853,0.6163812360387191,0.6918407427245135,0.4618706730706312,0.0010022271714922048,0.5,0.6222046859089534,0.25894594074257016,0.07395229024404998,0.5028905666302794,0.8894052387190075,0.8554400470751543
2021-06-29 22:40:00,0.6052998605299861,-0.3784860557768924,0.6080416976917349,0.6907695054454563,0.46613707450497965,0.00033407572383073496,0.5,0.6222046859089534,0.25894594074257016,0.07395229024404998,0.5028905666302794,0.8894052387190075,0.7733376586146024
2021-06-29 22:50:00,0.5690376569037657,-0.3227091633466136,0.6005956813104989,0.696839850026781,0.46613707450497965,0.00044543429844097997,0.5,0.6222046859089534,0.25894594074257016,0.07395229024404998,0.5028905666302794,0.8894052387190075,0.6790968209182673
2021-06-29 23:00:00,0.6101813110181311,-0.3705179282868527,0.596128071481757,0.6918407427245135,0.46613707450497965,0.00111358574610245,0.5,0.5222756946364564,0.27071869244009383,0.14580073417768716,0.4076415385032906,0.8959040390817085,0.7651598593780649
2021-06-29 23:10:00,0.6722454672245468,-0.06772908366533881,0.5943410275502605,0.6807712908409214,0.45803614662810327,0.0016703786191536749,0.5,0.5222756946364564,0.27071869244009383,0.14580073417768716,0.4076415385032906,0.8959040390817085,0.8649456070733437
2021-06-29 23:20:00,0.7538354253835425,-0.043824701195219196,0.591362620997766,0.6668452062131762,0.45620394969310707,0.0021158129175946547,0.5,0.5222756946364564,0.27071869244009383,0.14580073417768716,0.4076415385032906,0.8959040390817085,0.9931197851441678
2021-06-29 23:30:00,0.6931659693165969,0.2669322709163344,0.5925539836187639,0.6561328334226031,0.4562170368140713,0.00155902004454343,0.5,0.5222756946364564,0.27071869244009383,0.14580073417768716,0.4076415385032906,0.8959040390817085,0.967613199149026
2021-06-29 23:40:00,0.8200836820083682,0.33864541832669315,0.5865971705137749,0.6443492233529726,0.4659800290534085,0.014253897550111359,0.5,0.5222756946364564,0.27071869244009383,0.14580073417768716,0.4076415385032906,0.8959040390817085,0.9703529882161233
2021-06-29 23:50:00,0.8682008368200836,0.36254980079681287,0.5862993298585255,0.6361364042135333,0.4661109002630511,0.03908685968819599,0.5,0.5222756946364564,0.27071869244009383,0.14580073417768716,0.4076415385032906,0.8959040390817085,0.973092701842268
2021-06-30 00:00:00,0.8744769874476986,0.593625498007968,0.5895755770662694,0.635065166934476,0.4661109002630511,0.043318485523385304,0.5,0.516543132382081,0.2598396009275666,0.14524402017511256,0.34486321518802215,0.905852069948789,0.9758324909093653
2021-06-30 00:10:00,0.8814504881450489,0.01195219123505975,0.5916604616530154,0.634708087841457,0.4779809189776341,0.04142538975501114,0.5,0.516543132382081,0.2598396009275666,0.14524402017511256,0.34486321518802215,0.905852069948789,0.9785722799764625
2021-06-30 00:20:00,0.8723849372384938,-0.043824701195219196,0.588682055100521,0.64542046063203,0.4799309000013087,0.0356347438752784,0.5,0.516543132382081,0.2598396009275666,0.14524402017511256,0.34486321518802215,0.905852069948789,0.9813119936026072
2021-06-30 00:30:00,0.806136680613668,0.06772908366533859,0.5857036485480267,0.6507766470273164,0.4799309000013087,0.038530066815144766,0.5,0.516543132382081,0.2598396009275666,0.14524402017511256,0.34486321518802215,0.905852069948789,0.9840517826697045
2021-06-30 00:40:00,0.7252440725244073,0.2350597609561753,0.581236038719285,0.6593465452597751,0.4799309000013087,0.023496659242761692,0.5,0.516543132382081,0.2598396009275666,0.14524402017511256,0.34486321518802215,0.905852069948789,0.8268479261282194
2021-06-30 00:50:00,0.7168758716875872,0.003984063745019917,0.5731943410275502,0.6614890198178898,0.4799309000013087,0.00044543429844097997,0.5,0.516543132382081,0.2598396009275666,0.14524402017511256,0.34486321518802215,0.905852069948789,0.8882417731641445
2021-06-30 01:00:00,0.7085076708507672,-0.0916334661354582,0.5708116157855547,0.6664881271201573,0.4799309000013087,0.00011135857461024499,0.5,0.3777076288188037,0.273652541471868,0.17399874225752224,0.34071225348480205,0.9285363482965997,0.8980113764956168
2021-06-30 01:10:00,0.7085076708507672,-0.019920318725099695,0.5731943410275502,0.6686306016782717,0.4799309000013087,0.00011135857461024499,0.5,0.3777076288188037,0.273652541471868,0.17399874225752224,0.34071225348480205,0.9285363482965997,0.9037524329707138
2021-06-30 01:20:00,0.693863319386332,-0.02788844621513953,0.5711094564408041,0.6686306016782717,0.4799309000013087,0.00011135857461024499,0.5,0.3777076288188037,0.273652541471868,0.17399874225752224,0.34071225348480205,0.9285363482965997,0.856858336979646
2021-06-30 01:30:00,0.6478382147838214,0.19521912350597592,0.5687267311988085,0.6686306016782717,0.4812919605815916,0.00011135857461024499,0.5,0.3777076288188037,0.273652541471868,0.17399874225752224,0.34071225348480205,0.9285363482965997,0.7356549029074944
2021-06-30 01:40:00,0.6799163179916318,-0.1394422310756973,0.5645569620253164,0.6686306016782717,0.4898509376922171,0.00011135857461024499,0.5,0.3777076288188037,0.273652541471868,0.17399874225752224,0.34071225348480205,0.9285363482965997,0.7927410715632874
2021-06-30 01:50:00,0.689679218967922,-0.08366533864541836,0.5618763961280713,0.6647027316550616,0.4898509376922171,0.00011135857461024499,0.5,0.3777076288188037,0.273652541471868,0.17399874225752224,0.34071225348480205,0.9285363482965997,0.819771564796234
2021-06-30 02:00:00,0.6589958158995816,-0.003984063745020028,0.5612807148175725,0.6589894661667561,0.4898509376922171,0.00011135857461024499,0.5,0.3491506802529365,0.2660377521141827,0.18270820945178634,0.3375401313250853,0.9553943019685309,0.7397739789067097
2021-06-30 02:10:00,0.596234309623431,0.043824701195219085,0.5544303797468353,0.6575611497946796,0.4898509376922171,0.00022271714922048998,0.5,0.3491506802529365,0.2660377521141827,0.18270820945178634,0.3375401313250853,0.9553943019685309,0.6246737178810146
2021-06-30 02:20:00,0.48326359832635984,-0.01195219123505975,0.5377513030528664,0.6543474379575076,0.4898509376922171,0.000556792873051225,0.5,0.3491506802529365,0.2660377521141827,0.18270820945178634,0.3375401313250853,0.9553943019685309,0.3591592860268268
2021-06-30 02:30:00,0.44421199442119946,0.19521912350597592,0.5210722263588978,0.635422246027495,0.4898509376922171,0.00022271714922048998,0.5,0.3491506802529365,0.2660377521141827,0.18270820945178634,0.3375401313250853,0.9553943019685309,0.31519984308281906
2021-06-30 02:40:00,0.2705718270571827,-0.03585657370517936,0.5145197319434103,0.6189966077486162,0.4982136079883786,0.00011135857461024499,0.5,0.3491506802529365,0.2660377521141827,0.18270820945178634,0.3375401313250853,0.9553943019685309,0.13819273654510617
2021-06-30 02:50:00,0.198744769874477,-0.17131474103585675,0.5136262099776618,0.6243527941439027,0.5010927746005156,0.00011135857461024499,0.5,0.3491506802529365,0.2660377521141827,0.18270820945178634,0.3375401313250853,0.9553943019685309,0.07287595998611886
2021-06-30 03:00:00,0.2301255230125523,0.47410358565737054,0.5064780342516753,0.6236386359578647,0.51788355079766,0.00011135857461024499,0.5,0.3243882793241195,0.2698192852442644,0.19238235168422474,0.3112204054205246,0.9845162399701921,0.0906951129351057
2021-06-30 03:10:00,0.11227336122733612,0.4661354581673305,0.4892032762472076,0.6054276022138905,0.5614113151247857,0.4315144766146993,0.5,0.3243882793241195,0.2698192852442644,0.19238235168422474,0.3112204054205246,0.9845162399701921,0.00644265733210616
2021-06-30 03:20:00,0.11436541143654114,0.4581673306772909,0.5008190618019359,0.5947152294233171,0.5678632657601653,0.9995545657015591,0.5,0.3243882793241195,0.2698192852442644,0.19238235168422474,0.3112204054205246,0.9845162399701921,0.0
2021-06-30 03:30:00,0.18967921896792192,0.4501992031872508,0.5136262099776618,0.5936439921442598,0.5715538338720865,0.9995545657015591,0.5,0.3243882793241195,0.2698192852442644,0.19238235168422474,0.3112204054205246,0.9845162399701921,0.0
2021-06-30 03:40:00,0.17782426778242677,0.4422310756972112,0.5160089352196573,0.596857703981432,0.6472104801664681,0.22193763919821827,0.5,0.3243882793241195,0.2698192852442644,0.19238235168422474,0.3112204054205246,0.9845162399701921,0.014032017140184379
2021-06-30 03:50:00,0.09762900976290097,0.4183266932270917,0.5014147431124347,0.6400642742367435,0.6764601955215872,0.00011135857461024499,0.5,0.3243882793241195,0.2698192852442644,0.19238235168422474,0.3112204054205246,0.9845162399701921,0.003756959427855818
2021-06-30 04:00:00,0.099721059972106,0.5059760956175297,0.47937453462397617,0.6100696304231386,0.6833571082697517,0.00011135857461024499,0.5,0.2823956390168443,0.2685951719361961,0.22158827841837936,0.29066987402424127,0.009599187155349635,0.003281681427946346
2021-06-30 04:10:00,0.11436541143654114,-0.019920318725099695,0.47848101265822773,0.5890019639350117,0.696457316354975,0.00011135857461024499,0.5,0.2823956390168443,0.2685951719361961,0.22158827841837936,0.29066987402424127,0.009599187155349635,0.010908761712207856
2021-06-30 04:20:00,0.08507670850767085,0.21912350597609564,0.4746090841399848,0.5707909301910372,0.696457316354975,0.00011135857461024499,0.5,0.2823956390168443,0.2685951719361961,0.22158827841837936,0.29066987402424127,0.009599187155349635,0.001124070190262082
2021-06-30 04:30:00,0.09135285913528592,0.5378486055776892,0.4618019359642589,0.5579360828423494,0.696457316354975,0.00011135857461024499,0.5,0.2823956390168443,0.2685951719361961,0.22158827841837936,0.29066987402424127,0.009599187155349635,0.008306048855560752
2021-06-30 04:40:00,0.12622036262203626,0.4422310756972112,0.46746090841399823,0.5468666309587575,0.696457316354975,0.00011135857461024499,0.5,0.2823956390168443,0.2685951719361961,0.22158827841837936,0.29066987402424127,0.009599187155349635,0.025732908852241353
2021-06-30 04:50:00,0.100418410041841,-0.059760956175298974,0.46031273268801187,0.5318693090519551,0.6963395322662967,0.00011135857461024499,0.5,0.2823956390168443,0.2685951719361961,0.22158827841837936,0.29066987402424127,0.009599187155349635,0.009716794664815849
2021-06-30 05:00:00,0.10599721059972106,-0.26693227091633476,0.4466120625465375,0.5211569362613819,0.6704793812409209,0.00011135857461024499,0.5,0.25046756028487516,0.2624487438471061,0.2359040712025796,0.29411799405577793,0.03683050228781504,0.014831691235270155
2021-06-30 05:10:00,0.08507670850767085,0.08366533864541825,0.4385703648548025,0.5108016425638278,0.6636740783395061,0.00011135857461024499,0.5,0.25046756028487516,0.2624487438471061,0.2359040712025796,0.29411799405577793,0.03683050228781504,0.0
2021-06-30 05:20:00,0.07670850767085077,0.12350597609561742,0.44065524944154855,0.4947330833779682,0.6923741346141261,0.20233853006681518,0.5,0.25046756028487516,0.2624487438471061,0.2359040712025796,0.29411799405577793,0.03683050228781504,0.0
2021-06-30 05:30:00,0.0794979079497908,0.2382470119521911,0.4501861504095308,0.4811640778432422,0.7069270131263823,0.9993318485523385,0.5,0.25046756028487516,0.2624487438471061,0.2359040712025796,0.29411799405577793,0.03683050228781504,0.0
2021-06-30 05:40:00,0.06903765690376569,0.3529880478087648,0.4656738644825016,0.4861631851455097,0.7069270131263823,0.9993318485523385,0.5,0.25046756028487516,0.2624487438471061,0.2359040712025796,0.29411799405577793,0.03683050228781504,0.0
2021-06-30 05:50:00,0.10529986052998605,0.4677290836653387,0.4698436336559937,0.4847348687734334,0.7069270131263823,0.9993318485523385,0.5,0.25046756028487516,0.2624487438471061,0.2359040712025796,0.29411799405577793,0.03683050228781504,0.0
2021-06-30 06:00:00,0.1924686192468619,0.5824701195219122,0.4698436336559937,0.47723620782003207,0.6535577338341338,0.9993318485523385,0.5,0.3116121782802679,0.29381592898993475,0.2666564961739545,0.35368041056467003,0.0610718052346225,0.0
2021-06-30 06:10:00,0.201534170153417,0.6972111553784857,0.46805658972449726,0.487591501517586,0.619217128423918,0.37104677060133634,0.5,0.3116121782802679,0.29381592898993475,0.2666564961739545,0.35368041056467003,0.0610718052346225,0.025491497804668285
2021-06-30 06:20:00,0.23500697350069735,-0.7131474103585658,0.48652271034996253,0.532226388144974,0.6080276399994765,0.00044543429844097997,0.5,0.3116121782802679,0.29381592898993475,0.2666564961739545,0.35368041056467003,0.0610718052346225,0.07762873998521358
2021-06-30 06:30:00,0.2712691771269177,0.4501992031872508,0.4811615785554726,0.5325834672379934,0.6034209734200574,0.005233853006681514,0.5,0.3116121782802679,0.29381592898993475,0.2666564961739545,0.35368041056467003,0.0610718052346225,0.12178432940537443
2021-06-30 06:40:00,0.2649930264993026,-0.3545816733067729,0.4749069247952342,0.47437957507587925,0.6102524505634005,0.002561247216035635,0.5,0.3116121782802679,0.29381592898993475,0.2666564961739545,0.35368041056467003,0.0610718052346225,0.10730721064622721
2021-06-30 06:50:00,0.1924686192468619,-0.10756972111553798,0.47520476545048385,0.4465274058203892,0.6030152726701653,0.00033407572383073496,0.5,0.3116121782802679,0.29381592898993475,0.2666564961739545,0.35368041056467003,0.0610718052346225,0.057221962370052955
2021-06-30 07:00:00,0.17852161785216178,-0.03585657370517936,0.46805658972449726,0.4301017675415104,0.6030152726701653,0.00033407572383073496,0.5,0.30013077746385086,0.29834457352869254,0.2687874807068163,0.30321935115638976,0.10332649307111104,0.05359325256122034
2021-06-30 07:10:00,0.20920502092050208,-0.1394422310756973,0.4647803425167534,0.41974647384395647,0.6030152726701653,0.00033407572383073496,0.5,0.30013077746385086,0.29834457352869254,0.2687874807068163,0.30321935115638976,0.10332649307111104,0.07268735760520241
2021-06-30 07:20:00,0.2510460251046025,-0.2828685258964144,0.45465376023827253,0.40760578468130704,0.5997434924291005,0.00033407572383073496,0.5,0.30013077746385086,0.29834457352869254,0.2687874807068163,0.30321935115638976,0.10332649307111104,0.10185282979012326
2021-06-30 07:30:00,0.23709902370990238,0.17928286852589648,0.4582278481012656,0.39903588644884835,0.5891429244480506,0.00033407572383073496,0.5,0.30013077746385086,0.29834457352869254,0.2687874807068163,0.30321935115638976,0.10332649307111104,0.09013684988759299
2021-06-30 07:40:00,0.18688981868898188,0.4422310756972112,0.4609084139985107,0.39760757007677205,0.5920482653021162,0.00033407572383073496,0.5,0.30013077746385086,0.29834457352869254,0.2687874807068163,0.30321935115638976,0.10332649307111104,0.06086576036935891
2021-06-30 07:50:00,0.16596931659693165,0.07569721115537842,0.4623976172747577,0.404749151937154,0.605632696863017,0.00033407572383073496,0.5,0.30013077746385086,0.29834457352869254,0.2687874807068163,0.30321935115638976,0.10332649307111104,0.05039455618087723
2021-06-30 08:00:00,0.16945606694560672,0.09960159362549792,0.46358897989575576,0.40403499375111585,0.605632696863017,0.00033407572383073496,0.5,0.3038846009786462,0.30611165867353124,0.2769622995560111,0.2344639670111432,0.14228630712953114,0.04286554913469228
2021-06-30 08:10:00,0.12412831241283125,0.027888446215139417,0.4659717051377512,0.407962863774326,0.605632696863017,0.00011135857461024499,0.5,0.3038846009786462,0.30611165867353124,0.2769622995560111,0.2344639670111432,0.14228630712953114,0.023356518852694
2021-06-30 08:20:00,0.11227336122733612,0.09960159362549792,0.47133283693224115,0.42153186930905173,0.605632696863017,0.00011135857461024499,0.5,0.3038846009786462,0.30611165867353124,0.2769622995560111,0.2344639670111432,0.14228630712953114,0.012047920092943254
2021-06-30 08:30:00,0.14295676429567641,-0.17131474103585675,0.47133283693224115,0.4272451347973576,0.605632696863017,0.00022271714922048998,0.5,0.3038846009786462,0.30611165867353124,0.2769622995560111,0.2344639670111432,0.14228630712953114,0.029633206089593675
2021-06-30 08:40:00,0.10251046025104603,0.09960159362549792,0.47192851824273996,0.42153186930905173,0.605632696863017,0.00033407572383073496,0.5,0.3038846009786462,0.30611165867353124,0.2769622995560111,0.2344639670111432,0.14228630712953114,0.01067489475987145
2021-06-30 08:50:00,0.10251046025104603,0.33864541832669315,0.4811615785554726,0.4400999821460454,0.6184188140450981,0.00033407572383073496,0.5,0.3038846009786462,0.30611165867353124,0.2769622995560111,0.2344639670111432,0.14228630712953114,0.0055599981894171435
2021-06-30 09:00:00,0.08437935843793584,0.1872509960159361,0.48652271034996253,0.44045706123906436,0.6223318632134116,0.03463251670378619,0.5,0.30693003822597587,0.3040915843646815,0.27517523492633433,0.2101691205401967,0.20535519462533644,0.0
2021-06-30 09:10:00,0.10669456066945607,0.23107569721115517,0.4960536113179448,0.42795929298339574,0.6296868251953253,0.9877505567928732,0.5,0.30693003822597587,0.3040915843646815,0.27517523492633433,0.2101691205401967,0.20535519462533644,0.0
2021-06-30 09:20:00,0.13598326359832635,0.2749003984063745,0.5130305286671628,0.45795393679700047,0.6296868251953253,0.9993318485523385,0.5,0.30693003822597587,0.3040915843646815,0.27517523492633433,0.2101691205401967,0.20535519462533644,0.0
2021-06-30 09:30:00,0.11018131101813111,0.31872509960159356,0.5258376768428887,0.4736654168898411,0.6296868251953253,0.9993318485523385,0.5,0.30693003822597587,0.3040915843646815,0.27517523492633433,0.2101691205401967,0.20535519462533644,0.0
2021-06-30 09:40:00,0.08786610878661089,0.36254980079681287,0.5347728965003722,0.4790216032851278,0.6296868251953253,0.9993318485523385,0.5,0.30693003822597587,0.3040915843646815,0.27517523492633433,0.2101691205401967,0.20535519462533644,0.0
2021-06-30 09:50:00,0.0502092050209205,0.01726427622841964,0.5410275502606106,0.4790216032851278,0.6296868251953253,0.9993318485523385,0.5,0.30693003822597587,0.3040915843646815,0.27517523492633433,0.2101691205401967,0.20535519462533644,0.0
2021-06-30 10:00:00,0.045327754532775454,-0.3280212483399735,0.5469843633655993,0.4790216032851278,0.6296868251953253,0.9993318485523385,0.5,0.5295960974217062,0.30002844770363746,0.16120268993046405,0.17153133513729826,0.3102606755679147,0.0
2021-06-30 10:10:00,0.018131101813110184,-0.6733067729083666,0.5591958302308264,0.4865202642385287,0.6296868251953253,0.9993318485523385,0.5,0.5295960974217062,0.30002844770363746,0.16120268993046405,0.17153133513729826,0.3102606755679147,0.0
2021-06-30 10:20:00,0.02580195258019526,-0.5099601593625498,0.5755770662695456,0.5000892697732549,0.6296868251953253,0.9993318485523385,0.5,0.5295960974217062,0.30002844770363746,0.16120268993046405,0.17153133513729826,0.3102606755679147,0.0
2021-06-30 10:30:00,0.07182705718270573,-0.3466135458167332,0.5883842144452716,0.5115158007498661,0.6296868251953253,0.9993318485523385,0.5,0.5295960974217062,0.30002844770363746,0.16120268993046405,0.17153133513729826,0.3102606755679147,0.0
2021-06-30 10:40:00,0.06834030683403068,-0.34226729445852955,0.5946388682055099,0.5165149080521336,0.6296868251953253,0.9993318485523385,0.5,0.5295960974217062,0.30002844770363746,0.16120268993046405,0.17153133513729826,0.3102606755679147,0.0
2021-06-30 10:50:00,0.04741980474198048,-0.337921043100326,0.5991064780342514,0.5215140153544011,0.6296868251953253,0.9993318485523385,0.5,0.5295960974217062,0.30002844770363746,0.16120268993046405,0.17153133513729826,0.3102606755679147,0.0
2021-06-30 11:00:00,0.06694560669456066,-0.33357479174212246,0.6080416976917349,0.5282985181217639,0.6296868251953253,0.9993318485523385,0.5,0.5699601730758519,0.29314065521670435,0.15010201562172465,0.15546678172889683,0.5146841590596292,0.0
2021-06-30 11:10:00,0.04393305439330544,-0.3292285403839189,0.6190618019359642,0.5375825745402605,0.6296868251953253,0.9993318485523385,0.5,0.5699601730758519,0.29314065521670435,0.15010201562172465,0.15546678172889683,0.5146841590596292,0.0
2021-06-30 11:20:00,0.18131101813110181,-0.32488228902571537,0.6330603127326879,0.5465095518657381,0.6296868251953253,0.9993318485523385,0.5,0.5699601730758519,0.29314065521670435,0.15010201562172465,0.15546678172889683,0.5146841590596292,0.0
2021-06-30 11:30:00,0.14435146443514643,-0.3205360376675118,0.6384214445271779,0.5504374218889485,0.5512818834984492,0.9993318485523385,0.5,0.5699601730758519,0.29314065521670435,0.15010201562172465,0.15546678172889683,0.5146841590596292,0.0
2021-06-30 11:40:00,0.1506276150627615,-0.3161897863093083,0.6443782576321666,0.56579182288877,0.49566161940034814,0.9993318485523385,0.5,0.5699601730758519,0.29314065521670435,0.15010201562172465,0.15546678172889683,0.5146841590596292,0.0
2021-06-30 11:50:00,0.15620641562064158,-0.31184353495110473,0.6524199553239014,0.5718621674700946,0.4671186085772991,0.9993318485523385,0.5,0.5699601730758519,0.29314065521670435,0.15010201562172465,0.15546678172889683,0.5146841590596292,0.0
2021-06-30 12:00:00,0.15550906555090654,-0.30749728359290107,0.6592702903946388,0.5807891447955722,0.4671186085772991,0.9993318485523385,0.5,0.5925810054822471,0.2829368374774075,0.14373708794445342,0.306065081964939,0.6256627664635067,0.0
2021-06-30 12:10:00,0.2601115760111576,-0.3031510322346975,0.6670141474311242,0.5915015175861453,0.36399209537893756,0.644097995545657,0.5,0.5925810054822471,0.2829368374774075,0.14373708794445342,0.306065081964939,0.6256627664635067,0.021749626567285785
2021-06-30 12:20:00,0.21338912133891214,-0.298804780876494,0.677140729709605,0.6054276022138905,0.35833845912237766,0.00011135857461024499,0.5,0.5925810054822471,0.2829368374774075,0.14373708794445342,0.306065081964939,0.6256627664635067,0.04761832913378698
2021-06-30 12:30:00,0.3075313807531381,0.41035856573705165,0.68518242740134,0.635065166934476,0.3331719255081075,0.00011135857461024499,0.5,0.5925810054822471,0.2829368374774075,0.14373708794445342,0.306065081964939,0.6256627664635067,0.1337568085459511
2021-06-30 12:40:00,0.17224546722454673,-0.02788844621513953,0.6661206254653758,0.6232815568648455,0.350473099422858,0.00022271714922048998,0.5,0.5925810054822471,0.2829368374774075,0.14373708794445342,0.306065081964939,0.6256627664635067,0.04518913046758302
2021-06-30 12:50:00,0.25592747559274753,-0.03585657370517936,0.6467609828741621,0.5979289412604893,0.33822355420031147,0.0089086859688196,0.5,0.5925810054822471,0.2829368374774075,0.14373708794445342,0.306065081964939,0.6256627664635067,0.10176984474252003
2021-06-30 13:00:00,0.2789400278940028,0.38645418326693215,0.6437825763216678,0.5940010712372792,0.3922864509036657,0.01759465478841871,0.5,0.7064342445508556,0.2672791064547541,0.10053291099157613,0.424205108504098,0.6705158677368914,0.1065301688368514
2021-06-30 13:10:00,0.27615062761506276,-0.19521912350597614,0.6449739389426654,0.590073201214069,0.35375796678488697,0.01982182628062361,0.5,0.7064342445508556,0.2672791064547541,0.10053291099157613,0.424205108504098,0.6705158677368914,0.08891470645925434
2021-06-30 13:20:00,0.32147838214783825,0.019920318725099362,0.6491437081161577,0.6014997321906803,0.3819868867047938,0.03652561247216036,0.5,0.7064342445508556,0.2672791064547541,0.10053291099157613,0.424205108504098,0.6705158677368914,0.11805754635846524
2021-06-30 13:30:00,0.41352859135285913,0.3227091633466135,0.6530156366344004,0.6011426530976611,0.39394851526612656,0.09097995545657016,0.5,0.7064342445508556,0.2672791064547541,0.10053291099157613,0.424205108504098,0.6705158677368914,0.13237623911764262
2021-06-30 13:40:00,0.19595536959553697,-0.20318725099601598,0.652717795979151,0.5954293876093555,0.39150122364581014,0.000556792873051225,0.5,0.7064342445508556,0.2672791064547541,0.10053291099157613,0.424205108504098,0.6705158677368914,0.052205139037675215
2021-06-30 13:50:00,0.296373779637378,-0.4661354581673308,0.6619508562918837,0.6075700767720049,0.3852586669458586,0.043318485523385304,0.5,0.7064342445508556,0.2672791064547541,0.10053291099157613,0.424205108504098,0.6705158677368914,0.08247959322238484
2021-06-30 14:00:00,0.22663877266387727,0.5697211155378485,0.6682055100521218,0.6132833422603108,0.35916294774312596,0.01759465478841871,0.5,0.7150005186405413,0.2515466642912344,0.10083510904809896,0.5028477131871313,0.7105060838563456,0.05550945275133153
2021-06-30 14:10:00,0.35564853556485354,-0.3227091633466136,0.6732688011913626,0.6243527941439027,0.3626572090405832,0.001893095768374165,0.5,0.7150005186405413,0.2515466642912344,0.10083510904809896,0.5028477131871313,0.7105060838563456,0.2011632994854927
2021-06-30 14:20:00,0.4170153417015342,0.4183266932270917,0.6729709605361132,0.6154258168184252,0.3833872086479696,0.004342984409799555,0.5,0.7150005186405413,0.2515466642912344,0.10083510904809896,0.5028477131871313,0.7105060838563456,0.32353606831932646
2021-06-30 14:30:00,0.23221757322175732,0.08366533864541825,0.6780342516753535,0.6243527941439027,0.4368350106660036,0.00033407572383073496,0.5,0.7150005186405413,0.2515466642912344,0.10083510904809896,0.5028477131871313,0.7105060838563456,0.10165668331397015
2021-06-30 14:40:00,0.32914923291492326,-0.17928286852589637,0.6833953834698434,0.6443492233529726,0.40708798471424273,0.00033407572383073496,0.5,0.7150005186405413,0.2515466642912344,0.10083510904809896,0.5028477131871313,0.7105060838563456,0.16565324320654226
2021-06-30 14:50:00,0.401673640167364,0.2111553784860556,0.6869694713328367,0.655061596143546,0.4243891586289932,0.000556792873051225,0.5,0.7150005186405413,0.2515466642912344,0.10083510904809896,0.5028477131871313,0.7105060838563456,0.2940612882297026
2021-06-30 15:00:00,0.35495118549511856,0.298804780876494,0.6813104988830974,0.6461346188180683,0.40220648859457414,0.005345211581291759,0.5,0.7187950996306811,0.23188326671590023,0.10782129911685376,0.5231335115618401,0.7324798673871719,0.23825007166890474
2021-06-30 15:10:00,0.20571827057182707,0.31872509960159356,0.684586746090841,0.6500624888412785,0.4415332870921726,0.5124721603563475,0.5,0.7187950996306811,0.23188326671590023,0.10782129911685376,0.5231335115618401,0.7324798673871719,0.0
2021-06-30 15:20:00,0.4295676429567643,0.33864541832669315,0.7107967237527921,0.6768434208177112,0.41412885579301406,0.35857461024498893,0.5,0.7187950996306811,0.23188326671590023,0.10782129911685376,0.5231335115618401,0.7324798673871719,0.1189477495963909
2021-06-30 15:30:00,0.2482566248256625,-0.043824701195219196,0.7021593447505583,0.6686306016782717,0.42834146916019944,0.000556792873051225,0.5,0.7187950996306811,0.23188326671590023,0.10782129911685376,0.5231335115618401,0.7324798673871719,0.08628181722166062
2021-06-30 15:40:00,0.2712691771269177,-0.49800796812749004,0.7048399106478034,0.672915550794501,0.3914750494038816,0.1388641425389755,0.5,0.7187950996306811,0.23188326671590023,0.10782129911685376,0.5231335115618401,0.7324798673871719,0.07470917512862682
2021-06-30 15:50:00,0.23709902370990238,0.1872509960159361,0.7057334326135516,0.6718443135154437,0.3666356938137179,0.20155902004454346,0.5,0.7187950996306811,0.23188326671590023,0.10782129911685376,0.5231335115618401,0.7324798673871719,0.0037418712373825007
2021-06-30 16:00:00,0.2622036262203626,0.33864541832669315,0.7072226358897988,0.6632744152829853,0.40329271963460755,0.0069042316258351895,0.5,0.7669599959709468,0.21794676543862704,0.09210395663870036,0.5237627248704436,0.73906762260182,0.1205923623579824
2021-06-30 16:10:00,0.11924686192468618,-0.17131474103585675,0.7110945644080415,0.6672022853061954,0.44226616586617107,0.6191536748329621,0.5,0.7669599959709468,0.21794676543862704,0.09210395663870036,0.5237627248704436,0.73906762260182,0.0023537577138373796
2021-06-30 16:20:00,0.31659693165969316,0.12749003984063734,0.7328369322412507,0.6882699517943225,0.42317205637931715,0.9991091314031181,0.5,0.7669599959709468,0.21794676543862704,0.09210395663870036,0.5237627248704436,0.73906762260182,0.0
2021-06-30 16:30:00,0.49790794979079495,0.4262948207171313,0.7474311243484735,0.704695590073201,0.3884650115821021,0.1046770601336303,0.5,0.7669599959709468,0.21794676543862704,0.09210395663870036,0.5237627248704436,0.73906762260182,0.2297629645276642
2021-06-30 16:40:00,0.3361227336122734,0.11553784860557759,0.728965003723008,0.6772004999107302,0.41940296554161055,0.023496659242761692,0.5,0.7669599959709468,0.21794676543862704,0.09210395663870036,0.5237627248704436,0.73906762260182,0.14831691235270153
2021-06-30 16:50:00,0.37377963737796377,-0.6733067729083666,0.7253909158600147,0.6682735225852527,0.4155291777361898,0.008017817371937639,0.5,0.7669599959709468,0.21794676543862704,0.09210395663870036,0.5237627248704436,0.73906762260182,0.20126891681880593
2021-06-30 17:00:00,0.3765690376569038,0.24302788844621515,0.721518987341772,0.6682735225852527,0.3771577390689822,0.0032293986636971047,0.5,0.7666017504368419,0.19452194927113495,0.09448121419958033,0.516773906904873,0.7414694914119121,0.2669251776634428
2021-06-30 17:10:00,0.23640167364016737,0.08366533864541825,0.7191362620997765,0.6657739689341189,0.38718247372760467,0.03530066815144766,0.5,0.7666017504368419,0.19452194927113495,0.09448121419958033,0.516773906904873,0.7414694914119121,0.06659927274921919
2021-06-30 17:20:00,0.5801952580195259,0.40239043824701204,0.7173492181682797,0.6575611497946796,0.4037245946264281,0.004677060133630289,0.5,0.7666017504368419,0.19452194927113495,0.09448121419958033,0.516773906904873,0.7414694914119121,0.597907267981351
2021-06-30 17:30:00,0.45746164574616455,-0.12350597609561753,0.7140729709605358,0.6561328334226031,0.4527227755166141,0.000556792873051225,0.5,0.7666017504368419,0.19452194927113495,0.09448121419958033,0.516773906904873,0.7414694914119121,0.34557237050560524
2021-06-30 17:40:00,0.604602510460251,0.17928286852589648,0.7173492181682797,0.6643456525620426,0.4451584195992723,0.014142538975501114,0.5,0.7666017504368419,0.19452194927113495,0.09448121419958033,0.516773906904873,0.7414694914119121,0.5401496748494953
2021-06-30 17:50:00,0.47280334728033474,0.15537848605577675,0.7093075204765449,0.6657739689341189,0.42094724581539306,0.00601336302895323,0.5,0.7666017504368419,0.19452194927113495,0.09448121419958033,0.516773906904873,0.7414694914119121,0.4595183849600918
2021-06-30 18:00:00,0.4804741980474198,-0.15537848605577698,0.7057334326135516,0.6754151044456349,0.4254099540642054,0.0012249443207126948,0.5,0.7151877962379716,0.17774929814630255,0.12474223444203116,0.5370815117152091,0.7267655499573819,0.4152798104923277
2021-06-30 18:10:00,0.4211994421199442,0.2669322709163344,0.7048399106478034,0.683270844492055,0.4598290822002068,0.00033407572383073496,0.5,0.7151877962379716,0.17774929814630255,0.12474223444203116,0.5370815117152091,0.7267655499573819,0.2933823196584034
2021-06-30 18:20:00,0.4198047419804742,-0.08366533864541836,0.7042442293373044,0.6879128727013033,0.44613995367159176,0.0014476614699331849,0.5,0.7151877962379716,0.17774929814630255,0.12474223444203116,0.5370815117152091,0.7267655499573819,0.354761078503855
2021-06-30 18:30:00,0.2601115760111576,0.12350597609561742,0.7036485480268053,0.7011247991430103,0.43852324927039305,0.00022271714922048998,0.5,0.7151877962379716,0.17774929814630255,0.12474223444203116,0.5370815117152091,0.7267655499573819,0.12388913197640207
2021-06-30 18:40:00,0.4755927475592748,0.11553784860557759,0.7051377513030528,0.707909301910373,0.4703642145764353,0.00044543429844097997,0.5,0.7151877962379716,0.17774929814630255,0.12474223444203116,0.5370815117152091,0.7267655499573819,0.3952426935437633
2021-06-30 18:50:00,0.5195258019525802,-0.24302788844621515,0.7048399106478034,0.6996964827709338,0.4571331352815694,0.00033407572383073496,0.5,0.7151877962379716,0.17774929814630255,0.12474223444203116,0.5370815117152091,0.7267655499573819,0.4591185479125489
2021-06-30 19:00:00,0.45258019525801957,0.07569721115537842,0.7018615040953089,0.6971969291198001,0.4863305021528314,0.00022271714922048998,0.5,0.7224186459779676,0.18496179674546614,0.1184688665619943,0.5355787933496252,0.732788538603266,0.3061016642274092
2021-06-30 19:10:00,0.405160390516039,0.17928286852589648,0.7006701414743111,0.6989823245848956,0.46730182827079875,0.00022271714922048998,0.5,0.7224186459779676,0.18496179674546614,0.1184688665619943,0.5355787933496252,0.732788538603266,0.26777011632994857
2021-06-30 19:20:00,0.37866108786610875,-0.1633466135458168,0.6962025316455693,0.6971969291198001,0.46023478295009884,0.00022271714922048998,0.5,0.7224186459779676,0.18496179674546614,0.1184688665619943,0.5355787933496252,0.732788538603266,0.25247823528524227
2021-06-30 19:30:00,0.4246861924686192,0.019920318725099362,0.6959046909903199,0.6886270308873417,0.4549214118386096,0.00022271714922048998,0.5,0.7224186459779676,0.18496179674546614,0.1184688665619943,0.5355787933496252,0.732788538603266,0.2990177588001871
2021-06-30 19:40:00,0.2580195258019526,-0.6414342629482073,0.6959046909903199,0.6886270308873417,0.42649618510423887,0.00033407572383073496,0.5,0.7224186459779676,0.18496179674546614,0.1184688665619943,0.5355787933496252,0.732788538603266,0.09952170436199585
2021-06-30 19:50:00,0.26429567642956764,0.2669322709163344,0.6959046909903199,0.6950544545616855,0.4011071704335763,0.000556792873051225,0.5,0.7224186459779676,0.18496179674546614,0.1184688665619943,0.5355787933496252,0.732788538603266,0.11364425064502014
2021-06-30 20:00:00,0.2594142259414226,0.5298804780876492,0.6953090096798211,0.6904124263524369,0.4640562222716625,0.00033407572383073496,0.5,0.7383216325136588,0.1754418732956533,0.0921426349463963,0.5407910377499494,0.753307878669041,0.10290145902801878
2021-06-30 20:10:00,0.28591352859135283,-0.14741035856573714,0.6902457185405806,0.689698268166399,0.47757521822774207,0.00033407572383073496,0.5,0.7383216325136588,0.1754418732956533,0.0921426349463963,0.5407910377499494,0.753307878669041,0.12700484330914194
2021-06-30 20:20:00,0.36610878661087864,0.15537848605577675,0.6893521965748324,0.6850562399571505,0.4808731727107354,0.00033407572383073496,0.5,0.7383216325136588,0.1754418732956533,0.0921426349463963,0.5407910377499494,0.753307878669041,0.2142523047210948
2021-06-30 20:30:00,0.3633193863319386,0.11553784860557759,0.6863737900223379,0.6689876807712907,0.4818547067830548,0.00022271714922048998,0.5,0.7383216325136588,0.1754418732956533,0.0921426349463963,0.5407910377499494,0.753307878669041,0.20485990615145527
2021-06-30 20:40:00,0.29288702928870297,-0.019920318725099695,0.6819061801935962,0.6639885734690234,0.46418709348130505,0.00033407572383073496,0.5,0.7383216325136588,0.1754418732956533,0.0921426349463963,0.5407910377499494,0.753307878669041,0.13186324064154986
2021-06-30 20:50:00,0.3800557880055788,-0.01195219123505975,0.6786299329858525,0.6607748616318514,0.46264281320752243,0.00022271714922048998,0.5,0.7383216325136588,0.1754418732956533,0.0921426349463963,0.5407910377499494,0.753307878669041,0.23487031700288183
2021-06-30 21:00:00,0.509065550906555,0.1394422310756971,0.6717795979151151,0.6518478843063737,0.46124249126434674,0.0014476614699331849,0.5,0.7565534651692019,0.17663150453870285,0.09301866691217883,0.4495434996013772,0.7774809021001375,0.45450156162771405
2021-06-30 21:10:00,0.5160390516039052,-0.003984063745020028,0.6646314221891287,0.6429209069808963,0.48290167646019555,0.0038975501113585743,0.5,0.7565534651692019,0.17663150453870285,0.09301866691217883,0.4495434996013772,0.7774809021001375,0.46544804381610516
2021-06-30 21:20:00,0.4609483960948396,-0.043824701195219196,0.6586746090841398,0.6397071951437245,0.47758830534870633,0.0012249443207126948,0.5,0.7565534651692019,0.17663150453870285,0.09301866691217883,0.4495434996013772,0.7774809021001375,0.35727326221766226
2021-06-30 21:30:00,0.44002789400278935,-0.3545816733067729,0.6551005212211465,0.6397071951437245,0.47758830534870633,0.00022271714922048998,0.5,0.7565534651692019,0.17663150453870285,0.09301866691217883,0.4495434996013772,0.7774809021001375,0.31754605670141983
2021-06-30 21:40:00,0.4428172942817294,0.298804780876494,0.650632911392405,0.6379217996786288,0.47945976364659537,0.00033407572383073496,0.5,0.7565534651692019,0.17663150453870285,0.09301866691217883,0.4495434996013772,0.7774809021001375,0.3176214976537864
2021-06-30 21:50:00,0.45746164574616455,0.13147410358565725,0.645271779597915,0.6286377432601322,0.4888170551360406,0.00033407572383073496,0.5,0.7565534651692019,0.17663150453870285,0.09301866691217883,0.4495434996013772,0.7774809021001375,0.331449824222581
2021-06-30 22:00:00,0.4588563458856346,0.07569721115537842,0.6428890543559194,0.6247098732369221,0.4888170551360406,0.00022271714922048998,0.5,0.676826873784905,0.20207926852046124,0.1020568363147968,0.36816614910306183,0.8300284378738036,0.33751527679285426
2021-06-30 22:10:00,0.4595536959553696,-0.06772908366533881,0.638719285182427,0.6182824495625783,0.4888170551360406,0.00022271714922048998,0.5,0.676826873784905,0.20207926852046124,0.1020568363147968,0.36816614910306183,0.8300284378738036,0.33803581936418364
2021-06-30 22:20:00,0.4700139470013947,-0.23505976095617542,0.635740878629933,0.6143545795393681,0.4888170551360406,0.00022271714922048998,0.5,0.676826873784905,0.20207926852046124,0.1020568363147968,0.36816614910306183,0.8300284378738036,0.34932178583822443
2021-06-30 22:30:00,0.4581589958158996,-0.45019920318725104,0.6300819061801934,0.6111408677021961,0.4888170551360406,0.00044543429844097997,0.5,0.676826873784905,0.20207926852046124,0.1020568363147968,0.36816614910306183,0.8300284378738036,0.31928874270108787
2021-06-30 22:40:00,0.4783821478382148,-0.21115537848605592,0.6274013402829486,0.6100696304231386,0.4888170551360406,0.0017817371937639199,0.5,0.676826873784905,0.20207926852046124,0.1020568363147968,0.36816614910306183,0.8300284378738036,0.37770267211853287
2021-06-30 22:50:00,0.46443514644351463,0.019920318725099362,0.6244229337304541,0.6036422067487948,0.4888170551360406,0.0014476614699331849,0.5,0.676826873784905,0.20207926852046124,0.1020568363147968,0.36816614910306183,0.8300284378738036,0.35378034612308945
2021-06-30 23:00:00,0.5369595536959554,-0.01195219123505975,0.6163812360387191,0.597214783074451,0.4888170551360406,0.004788418708240535,0.5,0.6144282796843328,0.2020706480042076,0.14011527657462877,0.3860617288801023,0.9109740609195023,0.5145676479019872
2021-06-30 23:10:00,0.5013947001394701,0.20318725099601576,0.6119136262099774,0.590430280307088,0.4888170551360406,0.004899777282850779,0.5,0.6144282796843328,0.2020706480042076,0.14011527657462877,0.3860617288801023,0.9109740609195023,0.4151817372542511
2021-06-30 23:20:00,0.5264993026499303,0.298804780876494,0.6053611317944898,0.586859489376897,0.4888170551360406,0.002561247216035635,0.5,0.6144282796843328,0.2020706480042076,0.14011527657462877,0.3860617288801023,0.9109740609195023,0.452713611056626
2021-06-30 23:30:00,0.5550906555090656,0.13147410358565725,0.6035740878629932,0.5707909301910372,0.4888170551360406,0.008797327394209355,0.5,0.6144282796843328,0.2020706480042076,0.14011527657462877,0.3860617288801023,0.9109740609195023,0.5279357846613455
2021-06-30 23:40:00,0.5244072524407252,0.38645418326693215,0.598808637379002,0.5629351901446169,0.4888170551360406,0.00913140311804009,0.5,0.6144282796843328,0.2020706480042076,0.14011527657462877,0.3860617288801023,0.9109740609195023,0.45948820857914513
2021-06-30 23:50:00,0.40585774058577406,-0.019920318725099695,0.596723752792256,0.5718621674700946,0.4998625852298753,0.0020044543429844097,0.5,0.6144282796843328,0.2020706480042076,0.14011527657462877,0.3860617288801023,0.9109740609195023,0.30589042956078283
2021-07-01 00:00:00,0.422594170153417,-0.15139442231075717,0.5935964259121367,0.5790037493304767,0.49994765151614295,0.0014476614699331849,0.5,0.6227258279320784,0.20727743982161223,0.1322562248931813,0.4476470900890994,0.946166475318198,0.3297033661752946
2021-07-01 00:10:00,0.4393305439330544,-0.2828685258964144,0.5904690990320176,0.5861453311908589,0.5000327178024107,0.0008908685968819599,0.5,0.6227258279320784,0.20727743982161223,0.1322562248931813,0.4476470900890994,0.946166475318198,0.35351630278980645
2021-07-01 00:20:00,0.40376569037656906,0.05976095617529875,0.5889798957557706,0.5825745402606679,0.5000327178024107,0.004008908685968819,0.5,0.6227258279320784,0.20727743982161223,0.1322562248931813,0.4476470900890994,0.946166475318198,0.3653228118351766
2021-07-01 00:30:00,0.45397489539748953,-0.043824701195219196,0.5874906924795233,0.5793608284234957,0.5000327178024107,0.0008908685968819599,0.5,0.6227258279320784,0.20727743982161223,0.1322562248931813,0.4476470900890994,0.946166475318198,0.4509558368664846
2021-07-01 00:40:00,0.398884239888424,-0.2828685258964144,0.583320923306031,0.5793608284234957,0.5000327178024107,0.0006681514476614699,0.5,0.6227258279320784,0.20727743982161223,0.1322562248931813,0.4476470900890994,0.946166475318198,0.2977729830861385
2021-07-01 00:50:00,0.3368200836820084,-0.06772908366533881,0.5797468354430377,0.5790037493304767,0.48388321053251493,0.00044543429844097997,0.5,0.6227258279320784,0.20727743982161223,0.1322562248931813,0.4476470900890994,0.946166475318198,0.17764081053759223
2021-07-01 01:00:00,0.45746164574616455,0.20318725099601576,0.5767684288905432,0.5711480092840564,0.4896677179987174,0.001893095768374165,0.5,0.5751471788456028,0.20562230070084891,0.17823116363244856,0.4356351072400824,0.9813597380597898,0.36397996288305146
2021-07-01 01:10:00,0.3682008368200837,0.13147410358565725,0.5767684288905432,0.5668630601678271,0.4968656345290599,0.0016703786191536749,0.5,0.5751471788456028,0.20562230070084891,0.17823116363244856,0.4356351072400824,0.9813597380597898,0.2968148829910829
2021-07-01 01:20:00,0.5,-0.02788844621513953,0.5767684288905432,0.5640064274236742,0.5217311643611522,0.0034521158129175947,0.5,0.5751471788456028,0.20562230070084891,0.17823116363244856,0.4356351072400824,0.9813597380597898,0.49997736771429
2021-07-01 01:30:00,0.5941422594142259,0.09163346613545809,0.5740878629932984,0.5565077664702731,0.5060527934459699,0.005790645879732739,0.5,0.5751471788456028,0.20562230070084891,0.17823116363244856,0.4356351072400824,0.9813597380597898,0.6626582373975889
2021-07-01 01:40:00,0.6359832635983264,0.17131474103585642,0.5717051377513027,0.5504374218889485,0.5340330580675557,0.01937639198218263,0.5,0.5751471788456028,0.20562230070084891,0.17823116363244856,0.4356351072400824,0.9813597380597898,0.7030945878660773
2021-07-01 01:50:00,0.5481171548117155,0.043824701195219085,0.5705137751303051,0.5515086591680056,0.5487298949104186,0.011581291759465479,0.5,0.5751471788456028,0.20562230070084891,0.17823116363244856,0.4356351072400824,0.9813597380597898,0.5180756521870332
2021-07-01 02:00:00,0.45746164574616455,0.08366533864541825,0.5648548026805658,0.5443670773076237,0.5511902736516993,0.00022271714922048998,0.5,0.5789580361434088,0.19399609777964144,0.18284263242279525,0.345466924369385,3.452030341595831e-05,0.3569941306939059
2021-07-01 02:10:00,0.5683403068340307,-0.14741035856573714,0.5577066269545792,0.5582931619353688,0.539752129928937,0.000556792873051225,0.5,0.5789580361434088,0.19399609777964144,0.18284263242279525,0.345466924369385,3.452030341595831e-05,0.6105888920741736
2021-07-01 02:20:00,0.5355648535564853,0.06772908366533859,0.548771407297096,0.5475807891447955,0.544607451806677,0.00044543429844097997,0.5,0.5789580361434088,0.19399609777964144,0.18284263242279525,0.345466924369385,3.452030341595831e-05,0.5729514009384855
2021-07-01 02:30:00,0.35564853556485354,0.09163346613545809,0.5365599404318686,0.5432958400285663,0.5348837209302326,0.00022271714922048998,0.5,0.5789580361434088,0.19399609777964144,0.18284263242279525,0.345466924369385,3.452030341595831e-05,0.2094844365315268
2021-07-01 02:40:00,0.3270571827057183,0.003984063745019917,0.5320923306031271,0.5482949473308338,0.5474473570559213,0.00033407572383073496,0.5,0.5789580361434088,0.19399609777964144,0.18284263242279525,0.345466924369385,3.452030341595831e-05,0.1826048252033134
2021-07-01 02:50:00,0.18688981868898188,-0.09960159362549814,0.5386448250186149,0.5582931619353688,0.5501040426116659,0.00044543429844097997,0.5,0.5789580361434088,0.19399609777964144,0.18284263242279525,0.345466924369385,3.452030341595831e-05,0.04029301265899181
2021-07-01 03:00:00,0.25871687587168757,0.027888446215139417,0.5350707371556216,0.5650776647027316,0.547591315386528,0.00022271714922048998,0.5,0.5782984454458524,0.20478611062421154,0.18460268564414667,0.24281360781693684,0.9432753118911886,0.10023084931424175
2021-07-01 03:10:00,0.09483960948396096,0.40239043824701204,0.5297096053611317,0.5575790037493304,0.5529701221028386,0.46770601336302897,0.5,0.5782984454458524,0.20478611062421154,0.18460268564414667,0.24281360781693684,0.9432753118911886,0.004496280761048328
2021-07-01 03:20:00,0.1206415620641562,0.4533864541832666,0.5463886820551005,0.5547223710051776,0.5573935689887581,0.9993318485523385,0.5,0.5782984454458524,0.20478611062421154,0.18460268564414667,0.24281360781693684,0.9432753118911886,0.0
2021-07-01 03:30:00,0.09832635983263598,0.5043824701195216,0.5591958302308264,0.5618639528655596,0.5573935689887581,0.9993318485523385,0.5,0.5782984454458524,0.20478611062421154,0.18460268564414667,0.24281360781693684,0.9432753118911886,0.0
2021-07-01 03:40:00,0.08228730822873082,0.5553784860557767,0.5639612807148173,0.5540082128191393,0.5573935689887581,0.9993318485523385,0.5,0.5782984454458524,0.20478611062421154,0.18460268564414667,0.24281360781693684,0.9432753118911886,0.0
2021-07-01 03:50:00,0.039051603905160395,0.6063745019920317,0.5651526433358152,0.545438314586681,0.5573935689887581,0.9993318485523385,0.5,0.5782984454458524,0.20478611062421154,0.18460268564414667,0.24281360781693684,0.9432753118911886,0.0
2021-07-01 04:00:00,0.12133891213389121,0.6573705179282865,0.5630677587490691,0.5397250490983752,0.5573935689887581,0.9993318485523385,0.5,0.5309233836175629,0.21563934058797782,0.24617842468198506,0.2999683208000914,0.9065765144906578,0.0
2021-07-01 04:10:00,0.18131101813110181,-0.08366533864541847,0.5606850335070734,0.5436529191215853,0.4552747641046446,0.9993318485523385,0.5,0.5309233836175629,0.21563934058797782,0.24617842468198506,0.2999683208000914,0.9065765144906578,0.0
2021-07-01 04:20:00,0.12691771269177127,0.10402833111996435,0.5627699180938197,0.5647205856097126,0.32792399000143957,0.9993318485523385,0.5,0.5309233836175629,0.21563934058797782,0.24617842468198506,0.2999683208000914,0.9065765144906578,0.0
2021-07-01 04:30:00,0.13668061366806136,0.29172200088534717,0.5594936708860758,0.5561506873772541,0.32792399000143957,0.9993318485523385,0.5,0.5309233836175629,0.21563934058797782,0.24617842468198506,0.2999683208000914,0.9065765144906578,0.0
2021-07-01 04:40:00,0.1603905160390516,0.4794156706507302,0.552941176470588,0.54186752365649,0.32792399000143957,0.9993318485523385,0.5,0.5309233836175629,0.21563934058797782,0.24617842468198506,0.2999683208000914,0.9065765144906578,0.0
2021-07-01 04:50:00,0.29288702928870297,0.038512616201858973,0.5535368577810869,0.5329405463310124,0.39482535237073196,0.579064587973274,0.5,0.5309233836175629,0.21563934058797782,0.24617842468198506,0.2999683208000914,0.9065765144906578,0.06413235360683193
2021-07-01 05:00:00,0.4337517433751743,-0.40239043824701204,0.543410275502606,0.5432958400285663,0.39296698119380713,0.00011135857461024499,0.5,0.5396525208431795,0.21998982779082127,0.256825865313002,0.3370913183550003,0.9741304725048663,0.32164250041492526
2021-07-01 05:10:00,0.13668061366806136,-0.601593625498008,0.5237527922561427,0.5154436707730763,0.4661763358678725,0.556347438752784,0.5,0.5396525208431795,0.21998982779082127,0.256825865313002,0.3370913183550003,0.9741304725048663,0.014831691235270155
2021-07-01 05:20:00,0.1882845188284519,-0.8007968127490039,0.5347728965003722,0.5325834672379934,0.5657300650429912,0.8508908685968819,0.5,0.5396525208431795,0.21998982779082127,0.256825865313002,0.3370913183550003,0.9741304725048663,0.0
2021-07-01 05:30:00,0.15620641562064158,0.1633466135458166,0.5431124348473564,0.542224602749509,0.601484079517347,0.20200445434298442,0.5,0.5396525208431795,0.21998982779082127,0.256825865313002,0.3370913183550003,0.9741304725048663,0.026494862471143833
2021-07-01 05:40:00,0.0815899581589958,-0.302788844621514,0.542814594192107,0.5457953936797,0.6035125832668071,0.9993318485523385,0.5,0.5396525208431795,0.21998982779082127,0.256825865313002,0.3370913183550003,0.9741304725048663,0.0
2021-07-01 05:50:00,0.2907949790794979,-0.7689243027888446,0.550856291883842,0.5347259417961079,0.5857533601183076,0.4861915367483296,0.5,0.5396525208431795,0.21998982779082127,0.256825865313002,0.3370913183550003,0.9741304725048663,0.049293118276325126
2021-07-01 06:00:00,0.3110181311018131,-0.13147410358565736,0.5341772151898732,0.5190144617032673,0.5980421667037469,0.00022271714922048998,0.5,0.4480780782483489,0.2541701747378647,0.37046209925310286,0.3962699072417713,0.07477788120407453,0.1452313774009083
2021-07-01 06:10:00,0.2705718270571827,-0.3466135458167332,0.4993298585256887,0.4722371005177646,0.5727971103636912,0.000556792873051225,0.5,0.4480780782483489,0.2541701747378647,0.37046209925310286,0.3962699072417713,0.07477788120407453,0.09584018588650664
2021-07-01 06:20:00,0.33054393305439334,-0.3067729083665339,0.4760982874162323,0.44188537761114066,0.5324887777937731,0.00022271714922048998,0.5,0.4480780782483489,0.2541701747378647,0.37046209925310286,0.3962699072417713,0.07477788120407453,0.15936146777916926
2021-07-01 06:30:00,0.16945606694560672,0.394422310756972,0.458525688756515,0.4158186038207463,0.5435735692505006,0.00022271714922048998,0.5,0.4480780782483489,0.2541701747378647,0.37046209925310286,0.3962699072417713,0.07477788120407453,0.05052280579990042
2021-07-01 06:40:00,0.1792189679218968,0.784860557768924,0.45346239761727447,0.4165327620067847,0.5798118072005339,0.00022271714922048998,0.5,0.4480780782483489,0.2541701747378647,0.37046209925310286,0.3962699072417713,0.07477788120407453,0.05716160960815969
2021-07-01 06:50:00,0.22175732217573224,-0.50597609561753,0.45256887565152626,0.4093911801464025,0.5806624700632108,0.00022271714922048998,0.5,0.4480780782483489,0.2541701747378647,0.37046209925310286,0.3962699072417713,0.07477788120407453,0.0698507777962189
2021-07-01 07:00:00,0.17294281729428174,0.09163346613545809,0.4516753536857778,0.3983217282628102,0.5660703301880619,0.00022271714922048998,0.5,0.43733768302090925,0.25584542839655594,0.40574140799438774,0.24502772046121216,0.1284153750442069,0.04937610332392837
2021-07-01 07:10:00,0.21478382147838215,-0.38645418326693237,0.44780342516753513,0.39760757007677205,0.5817748753451728,0.00033407572383073496,0.5,0.43733768302090925,0.25584542839655594,0.40574140799438774,0.24502772046121216,0.1284153750442069,0.06770071065377128
2021-07-01 07:20:00,0.18131101813110181,-0.26693227091633476,0.4501861504095308,0.3872522763792181,0.5720118831058356,0.00022271714922048998,0.5,0.43733768302090925,0.25584542839655594,0.40574140799438774,0.24502772046121216,0.1284153750442069,0.05190337522820888
2021-07-01 07:30:00,0.2719665271966527,-0.2749003984063746,0.4498883097542814,0.3890376718443136,0.5486775464265616,0.002561247216035635,0.5,0.43733768302090925,0.25584542839655594,0.40574140799438774,0.24502772046121216,0.1284153750442069,0.10309006140893523
2021-07-01 07:40:00,0.3542538354253836,-0.3784860557768924,0.4516753536857778,0.3936797000535619,0.5519100653047336,0.0010022271714922048,0.5,0.43733768302090925,0.25584542839655594,0.40574140799438774,0.24502772046121216,0.1284153750442069,0.1799794800609563
2021-07-01 07:50:00,0.3716875871687587,-0.2509960159362551,0.4528667163067759,0.3858239600071418,0.5371085314941566,0.0069042316258351895,0.5,0.43733768302090925,0.25584542839655594,0.40574140799438774,0.24502772046121216,0.1284153750442069,0.208111411198455
2021-07-01 08:00:00,0.3842398884239888,0.17928286852589648,0.43618763961280704,0.3843956436350653,0.5138134561777754,0.005567928730512249,0.5,0.42351926457771816,0.25916145364891974,0.4153734479377932,0.1298794428656837,0.20808076529807928,0.27204007423389714
2021-07-01 08:10:00,0.4121338912133891,0.29083665338645415,0.4257632166790766,0.36404213533297636,0.535969951970266,0.015478841870824054,0.5,0.42351926457771816,0.25916145364891974,0.4153734479377932,0.1298794428656837,0.20808076529807928,0.27287746880516617
2021-07-01 08:20:00,0.34309623430962344,0.08366533864541825,0.43142218912881614,0.3551151580074987,0.545811466935389,0.000556792873051225,0.5,0.42351926457771816,0.25916145364891974,0.4153734479377932,0.1298794428656837,0.20808076529807928,0.20040888996182687
2021-07-01 08:30:00,0.28033472803347276,-0.15537848605577698,0.4388682055100521,0.35725763256561316,0.5528654251351246,0.00044543429844097997,0.5,0.42351926457771816,0.25916145364891974,0.4153734479377932,0.1298794428656837,0.20808076529807928,0.12210872550055073
2021-07-01 08:40:00,0.31520223152022314,-0.08366533864541836,0.4457185405807891,0.3647562935190145,0.5605868265040373,0.00033407572383073496,0.5,0.42351926457771816,0.25916145364891974,0.4153734479377932,0.1298794428656837,0.20808076529807928,0.14484662854383873
2021-07-01 08:50:00,0.14853556485355648,-0.42629482071713154,0.4528667163067759,0.37653990358864475,0.5353417701639817,0.00022271714922048998,0.5,0.42351926457771816,0.25916145364891974,0.4153734479377932,0.1298794428656837,0.20808076529807928,0.029897249422876717
2021-07-01 09:00:00,0.1199442119944212,0.40239043824701204,0.4573343261355174,0.4001071237279059,0.532881391422701,0.00011135857461024499,0.5,0.43193084703839557,0.2726784231351681,0.4032192018902406,0.058695696942042686,0.12645583244245356,0.017841785234696803
2021-07-01 09:10:00,0.11645746164574616,0.6175298804780875,0.4659717051377512,0.41010533833244045,0.5406027927916138,0.00022271714922048998,0.5,0.43193084703839557,0.2726784231351681,0.4032192018902406,0.058695696942042686,0.12645583244245356,0.016061378758845453
2021-07-01 09:20:00,0.09135285913528592,0.2589641434262948,0.4778853313477287,0.4318871630066061,0.5677585687924513,0.004231625835189309,0.5,0.43193084703839557,0.2726784231351681,0.4032192018902406,0.058695696942042686,0.12645583244245356,0.0
2021-07-01 09:30:00,0.06485355648535565,0.23904382470119523,0.48384214445271767,0.4286734511694341,0.5719202732590857,0.9820712694877506,0.5,0.43193084703839557,0.2726784231351681,0.4032192018902406,0.058695696942042686,0.12645583244245356,0.0
2021-07-01 09:40:00,0.1394700139470014,0.21912350597609564,0.5032017870439314,0.4465274058203892,0.5719202732590857,0.9993318485523385,0.5,0.43193084703839557,0.2726784231351681,0.4032192018902406,0.058695696942042686,0.12645583244245356,0.0
2021-07-01 09:50:00,0.18619246861924685,0.19920318725099606,0.5109456440804168,0.4558114622388858,0.509141353993535,0.634075723830735,0.5,0.43193084703839557,0.2726784231351681,0.4032192018902406,0.058695696942042686,0.12645583244245356,0.0
2021-07-01 10:00:00,0.10529986052998605,0.17928286852589648,0.5204765450483988,0.4686663095875736,0.5138788917825967,0.3820712694877506,0.5,0.508326999025756,0.2868735399000591,0.31220774892629655,0.224517619570785,0.8739577729267947,0.0
2021-07-01 10:10:00,0.10251046025104603,0.11752988047808755,0.5317944899478777,0.4790216032851278,0.5246757665781104,0.9993318485523385,0.5,0.508326999025756,0.2868735399000591,0.31220774892629655,0.224517619570785,0.8739577729267947,0.0
2021-07-01 10:20:00,0.11785216178521618,0.055776892430278835,0.5380491437081161,0.4847348687734334,0.5246757665781104,0.9993318485523385,0.5,0.508326999025756,0.2868735399000591,0.31220774892629655,0.224517619570785,0.8739577729267947,0.0
2021-07-01 10:30:00,0.4881450488145049,-0.005976095617529986,0.5401340282948621,0.48544902695947156,0.4773396500503854,0.5883073496659242,0.5,0.508326999025756,0.2868735399000591,0.31220774892629655,0.224517619570785,0.8739577729267947,0.14856586749551126
2021-07-01 10:40:00,0.5481171548117155,-0.06772908366533881,0.5249441548771405,0.4654525977504018,0.4399235712135687,0.000556792873051225,0.5,0.508326999025756,0.2868735399000591,0.31220774892629655,0.224517619570785,0.8739577729267947,0.5345444120886582
2021-07-01 10:50:00,0.5404463040446305,-0.15537848605577698,0.49426656738644814,0.4286734511694341,0.42645692374134614,0.00044543429844097997,0.5,0.508326999025756,0.2868735399000591,0.31220774892629655,0.224517619570785,0.8739577729267947,0.5373055509452752
2021-07-01 11:00:00,0.5815899581589958,0.043824701195219085,0.48384214445271767,0.41331905016961246,0.4436403135674183,0.00033407572383073496,0.5,0.5000864512079322,0.2884941969558078,0.3090926867943508,0.4123616734906529,0.8573518575361486,0.6301431869275917
2021-07-01 11:10:00,0.4456066945606694,0.027888446215139417,0.47877885331347714,0.4176039992858418,0.43624609022261196,0.0024498886414253897,0.5,0.5000864512079322,0.2884941969558078,0.3090926867943508,0.4123616734906529,0.8573518575361486,0.35258837907569746
2021-07-01 11:20:00,0.5362622036262203,0.003984063745019917,0.48056589724497356,0.42938760935547227,0.43729305989975265,0.0036748329621380848,0.5,0.5000864512079322,0.2884941969558078,0.3090926867943508,0.4123616734906529,0.8573518575361486,0.5210480257102765
2021-07-01 11:30:00,0.6813110181311018,-0.3466135458167332,0.47163067758749055,0.4236743438671666,0.45502610880632366,0.00824053452115813,0.5,0.5000864512079322,0.2884941969558078,0.3090926867943508,0.4123616734906529,0.8573518575361486,0.8492086244096746
2021-07-01 11:40:00,0.4714086471408647,-0.4422310756972112,0.44899478778853297,0.40260667737903955,0.41278088233369536,0.0006681514476614699,0.5,0.5000864512079322,0.2884941969558078,0.3090926867943508,0.4123616734906529,0.8573518575361486,0.43232192163193867
2021-07-01 11:50:00,0.2691771269177127,0.1872509960159361,0.43737900223380466,0.40117836100696325,0.379722814777977,0.00011135857461024499,0.5,0.5000864512079322,0.2884941969558078,0.3090926867943508,0.4123616734906529,0.8573518575361486,0.12514145178568734
2021-07-01 12:00:00,0.29497907949790797,0.38645418326693215,0.43737900223380466,0.3936797000535619,0.38863514415463746,0.00033407572383073496,0.5,0.528741090972886,0.27902599660351685,0.29056146572778563,0.38969699369500743,0.7668398873471658,0.1463554475911704
2021-07-01 12:10:00,0.8249651324965133,0.3306772908366533,0.43350707371556196,0.3908230673094091,0.44047323029406765,0.061358574610244986,0.5,0.528741090972886,0.27902599660351685,0.29056146572778563,0.38969699369500743,0.7668398873471658,0.9463388505816498
2021-07-01 12:20:00,0.8158995815899581,-0.19521912350597614,0.4195085629188382,0.36868416354222466,0.45643951787046366,0.03374164810690423,0.5,0.528741090972886,0.27902599660351685,0.29056146572778563,0.38969699369500743,0.7668398873471658,0.7132602561974742
2021-07-01 12:30:00,0.6199442119944213,-0.06772908366533881,0.4263588979895754,0.37225495447241563,0.4349112038842576,0.07260579064587973,0.5,0.528741090972886,0.27902599660351685,0.29056146572778563,0.38969699369500743,0.7668398873471658,0.48018166181329874
2021-07-01 12:40:00,0.7182705718270572,-0.05179282868525903,0.43261355174981353,0.38510980182110344,0.42699349570088074,0.12494432071269489,0.5,0.528741090972886,0.27902599660351685,0.29056146572778563,0.38969699369500743,0.7668398873471658,0.34308281907750804
2021-07-01 12:50:00,0.7224546722454672,-0.043824701195219196,0.42159344750558425,0.3776111408677021,0.3908992160814542,0.09476614699331849,0.5,0.528741090972886,0.27902599660351685,0.29056146572778563,0.38969699369500743,0.7668398873471658,0.5194788539010516
2021-07-01 13:00:00,0.5341701534170153,-0.09960159362549814,0.39478778853313456,0.35654347437957523,0.3796835534150842,0.014365256124721604,0.5,0.5547493632061389,0.2759398517845893,0.29868416397218356,0.7427784456627529,0.6986334797319105,0.484723207145767
2021-07-01 13:10:00,0.5160390516039052,0.003984063745019917,0.3736411020104242,0.3440457061239066,0.3597126068236249,0.00022271714922048998,0.5,0.5547493632061389,0.2759398517845893,0.29868416397218356,0.7427784456627529,0.6986334797319105,0.5270908459948398
2021-07-01 13:20:00,0.33333333333333337,-0.01195219123505975,0.36649292628443764,0.3376182824495626,0.34491107301304785,0.00022271714922048998,0.5,0.5547493632061389,0.2759398517845893,0.29868416397218356,0.7427784456627529,0.6986334797319105,0.19638788720068803
2021-07-01 13:30:00,0.20641562064156208,-0.4661354581673308,0.3676842889054355,0.33726120335654364,0.3438641033359071,0.00033407572383073496,0.5,0.5547493632061389,0.2759398517845893,0.29868416397218356,0.7427784456627529,0.6986334797319105,0.07845104636600932
2021-07-01 13:40:00,0.15202231520223153,0.10756972111553775,0.3804914370811614,0.35725763256561316,0.3307377210087553,0.00022271714922048998,0.5,0.5547493632061389,0.2759398517845893,0.29868416397218356,0.7427784456627529,0.6986334797319105,0.04295607827753217
2021-07-01 13:50:00,0.3884239888423989,-0.043824701195219196,0.41027550260610535,0.3822531690769506,0.32223109238198694,0.00033407572383073496,0.5,0.5547493632061389,0.2759398517845893,0.29868416397218356,0.7427784456627529,0.6986334797319105,0.2719570891862939
2021-07-01 14:00:00,0.39051603905160387,0.01195219123505975,0.42189128816083366,0.39760757007677205,0.331732342202039,0.00033407572383073496,0.5,0.5636820543368521,0.24402670061234336,0.3035142603116051,0.8494097460855617,0.6963829360657524,0.2686904959488209
2021-07-01 14:10:00,0.44979079497907953,-0.02788844621513953,0.4317200297840653,0.4051062310301732,0.3175982515606392,0.000556792873051225,0.5,0.5636820543368521,0.24402670061234336,0.3035142603116051,0.8494097460855617,0.6963829360657524,0.3972871433528977
2021-07-01 14:20:00,0.4714086471408647,0.06772908366533859,0.44035740878629914,0.4061774683092303,0.31300467210218424,0.061358574610244986,0.5,0.5636820543368521,0.24402670061234336,0.3035142603116051,0.8494097460855617,0.6963829360657524,0.24944550900010562
2021-07-01 14:30:00,0.49023709902370993,-0.17131474103585675,0.4540580789277735,0.4161756829137653,0.3206868121082043,0.036748329621380846,0.5,0.5636820543368521,0.24402670061234336,0.3035142603116051,0.8494097460855617,0.6963829360657524,0.3422605126967123
2021-07-01 14:40:00,0.5536959553695956,0.13147410358565725,0.46835443037974667,0.42188894840207114,0.32724345971129815,0.028841870824053453,0.5,0.5636820543368521,0.24402670061234336,0.3035142603116051,0.8494097460855617,0.6963829360657524,0.5052356020942409
2021-07-01 14:50:00,0.5320781032078103,0.05179282868525892,0.48235294117647043,0.43545795393679687,0.3257777021633011,0.041536748329621384,0.5,0.5636820543368521,0.24402670061234336,0.3035142603116051,0.8494097460855617,0.6963829360657524,0.42244670096715303
2021-07-01 15:00:00,0.6527196652719665,-0.12191235059760963,0.4936708860759491,0.43902874486698806,0.35721296671945135,0.5175946547884187,0.5,0.5831515867899084,0.22150991215693852,0.29617654149224976,0.847476097473637,0.7342291170943611,0.31556950374941534
2021-07-01 15:10:00,0.5718270571827057,-0.2956175298804782,0.5148175725986597,0.4458132476343508,0.35990891363808875,0.9992204899777284,0.5,0.5831515867899084,0.22150991215693852,0.29617654149224976,0.847476097473637,0.7342291170943611,0.0
2021-07-01 15:20:00,0.6136680613668062,-0.46932270916334673,0.5362620997766194,0.45331190858775217,0.35990891363808875,0.9992204899777284,0.5,0.5831515867899084,0.22150991215693852,0.29617654149224976,0.847476097473637,0.7342291170943611,0.0
2021-07-01 15:30:00,0.5132496513249651,-0.6430278884462153,0.550260610573343,0.4543831458668095,0.35990891363808875,0.9992204899777284,0.5,0.5831515867899084,0.22150991215693852,0.29617654149224976,0.847476097473637,0.7342291170943611,0.0
2021-07-01 15:40:00,0.6032078103207811,-0.8167330677290838,0.5520476545048398,0.4475986430994465,0.35990891363808875,0.9992204899777284,0.5,0.5831515867899084,0.22150991215693852,0.29617654149224976,0.847476097473637,0.7342291170943611,0.0
2021-07-01 15:50:00,0.5195258019525802,0.027888446215139417,0.552941176470588,0.4400999821460454,0.35990891363808875,0.9992204899777284,0.5,0.5831515867899084,0.22150991215693852,0.29617654149224976,0.847476097473637,0.7342291170943611,0.0
2021-07-01 16:00:00,0.0,0.003984063745019917,0.5556217423678329,0.4342893411890736,0.35098349714046406,0.0,0.5,0.6428874703449343,0.2033148758501997,0.19946504730103404,0.81321395600373,0.7820367696536223,0.0
2021-07-01 16:10:00,0.0,0.003984063745019917,0.5583023678332089,0.42847866452419225,0.3596471712188036,0.0,0.5,0.6428874703449343,0.2033148758501997,0.19946504730103404,0.81321395600373,0.7820367696536223,0.0
2021-07-01 16:20:00,0.0,0.003984063745019917,0.5609829337304539,0.42266802356722,0.3457486487547604,0.0,0.5,0.6428874703449343,0.2033148758501997,0.19946504730103404,0.81321395600373,0.7820367696536223,0.0
2021-07-01 16:30:00,0.0,0.003984063745019917,0.563663499627699,0.41685734690233867,0.34684796691575814,0.0,0.5,0.6428874703449343,0.2033148758501997,0.19946504730103404,0.81321395600373,0.7820367696536223,0.0
2021-07-01 16:40:00,0.0,0.003984063745019917,0.5663440655249439,0.41104670594536685,0.34684796691575814,0.0,0.5,0.6428874703449343,0.2033148758501997,0.19946504730103404,0.81321395600373,0.7820367696536223,0.0
2021-07-01 16:50:00,0.0,0.003984063745019917,0.5690245718540579,0.40523606498839504,0.3477771525042206,0.0,0.5,0.6428874703449343,0.2033148758501997,0.19946504730103404,0.81321395600373,0.7820367696536223,0.0
2021-07-01 17:00:00,0.0,0.003984063745019917,0.5717051377513027,0.399425424031423,0.3492952585360746,0.0,0.5,0.6598653268952976,0.19371736775409565,0.18585890635246186,0.7805355837681461,0.801023354173858,0.0
2021-07-01 17:10:00,0.0,0.003984063745019917,0.5743857036485478,0.3936147473665419,0.3485885540040047,0.0,0.5,0.6598653268952976,0.19371736775409565,0.18585890635246186,0.7805355837681461,0.801023354173858,0.0
2021-07-01 17:20:00,0.0,0.003984063745019917,0.5770662695457927,0.38780410640956986,0.34992344034235906,0.0,0.5,0.6598653268952976,0.19371736775409565,0.18585890635246186,0.7805355837681461,0.801023354173858,0.0
2021-07-01 17:30:00,0.5425383542538355,0.21513944223107573,0.5797468354430377,0.38199342974468853,0.35983039091230323,0.7476614699331848,0.5,0.6598653268952976,0.19371736775409565,0.18585890635246186,0.7805355837681461,0.801023354173858,0.0
2021-07-01 17:40:00,0.6436541143654114,0.4262948207171313,0.5824274013402826,0.3761828244956258,0.3598958265171245,0.9992204899777284,0.5,0.6598653268952976,0.19371736775409565,0.18585890635246186,0.7805355837681461,0.801023354173858,0.0
2021-07-01 17:50:00,0.6164574616457461,0.6374501992031871,-0.5785554728220403,-1.0,0.3598958265171245,0.8721603563474387,0.5,0.6598653268952976,0.19371736775409565,0.18585890635246186,0.7805355837681461,0.801023354173858,0.0
2021-07-01 18:00:00,0.7656903765690377,0.4601593625498006,0.5964259121370066,0.3936797000535619,0.35990891363808875,0.9995545657015591,0.5,0.6158939812015316,0.17187872657733766,0.22765506609108274,0.8373079879853924,0.7873991681634169,0.0
2021-07-01 18:10:00,0.7266387726638772,0.2828685258964143,0.6002978406552493,0.4029637564720585,0.3775765269398385,0.9934298440979955,0.5,0.6158939812015316,0.17187872657733766,0.22765506609108274,0.8373079879853924,0.7873991681634169,0.0
2021-07-01 18:20:00,0.6311018131101813,-0.21115537848605592,0.6047654504839908,0.4240314229601856,0.38692073130831944,0.9995545657015591,0.5,0.6158939812015316,0.17187872657733766,0.22765506609108274,0.8373079879853924,0.7873991681634169,0.0
2021-07-01 18:30:00,0.7384937238493724,-0.003984063745020028,0.6065524944154874,0.42938760935547227,0.376490295899805,0.9995545657015591,0.5,0.6158939812015316,0.17187872657733766,0.22765506609108274,0.8373079879853924,0.7873991681634169,0.0
2021-07-01 18:40:00,0.6324965132496514,-0.05179282868525903,0.6071481757259864,0.4322442420996251,0.38877910248524433,0.9995545657015591,0.5,0.6158939812015316,0.17187872657733766,0.22765506609108274,0.8373079879853924,0.7873991681634169,0.0
2021-07-01 18:50:00,0.705718270571827,-0.003984063745020028,0.6119136262099774,0.4429566148901982,0.39096465168627553,0.9978841870824053,0.5,0.6158939812015316,0.17187872657733766,0.22765506609108274,0.8373079879853924,0.7873991681634169,0.0
2021-07-01 19:00:00,0.7698744769874476,-0.01195219123505975,0.6074460163812359,0.4465274058203892,0.3759406368193061,0.8087973273942093,0.5,0.6182798277513046,0.1939213866387751,0.2187146703777552,0.7891903519381277,0.7932080373408678,0.038693664468820256
2021-07-01 19:10:00,0.7803347280334728,-0.043824701195219196,0.6071481757259864,0.452954829494733,0.3741215270052741,0.11893095768374165,0.5,0.6182798277513046,0.1939213866387751,0.2187146703777552,0.7891903519381277,0.7932080373408678,0.49883820933355466
2021-07-01 19:20:00,0.8640167364016736,-0.01195219123505975,0.5985107967237526,0.45045527584359935,0.3606025310491945,0.11380846325167039,0.5,0.6182798277513046,0.1939213866387751,0.2187146703777552,0.7891903519381277,0.7932080373408678,0.6632994854927049
2021-07-01 19:30:00,0.7259414225941423,0.027888446215139417,0.5991064780342514,0.4497411176575612,0.36154480375862114,0.06893095768374166,0.5,0.6182798277513046,0.1939213866387751,0.2187146703777552,0.7891903519381277,0.7932080373408678,0.6363972418787815
2021-07-01 19:40:00,0.7608089260808927,0.2350597609561753,0.6089352196574831,0.48294947330833793,0.4111580793341273,0.05545657015590201,0.5,0.6182798277513046,0.1939213866387751,0.2187146703777552,0.7891903519381277,0.7932080373408678,0.8133892602260212
2021-07-01 19:50:00,0.7601115760111576,0.027888446215139417,0.6139985107967236,0.5079450098196749,0.4194945753883603,0.031180400890868595,0.5,0.6182798277513046,0.1939213866387751,0.2187146703777552,0.7891903519381277,0.7932080373408678,0.9698537954343135
2021-07-01 20:00:00,0.7649930264993027,0.05179282868525892,0.6181682799702157,0.5229423317264774,0.41463925351062025,0.02149220489977728,0.5,0.5971410065228637,0.18707957023853092,0.23212526394774652,0.7319504473948918,0.8227349791872604,0.958152979163209
2021-07-01 20:10:00,0.7161785216178521,0.03585657370517925,0.6163812360387191,0.54186752365649,0.4218240829199985,0.008797327394209355,0.5,0.5971410065228637,0.18707957023853092,0.23212526394774652,0.7319504473948918,0.8227349791872604,0.9464520120101996
2021-07-01 20:20:00,0.6820083682008368,0.19521912350597592,0.6178704393149663,0.56579182288877,0.4170341966470796,0.009354120267260579,0.5,0.5971410065228637,0.18707957023853092,0.23212526394774652,0.7319504473948918,0.8227349791872604,0.8876231573547384
2021-07-01 20:30:00,0.6757322175732218,-0.08366533864541836,0.6157855547282203,0.5865024102838778,0.4108309013100208,0.020935412026726056,0.5,0.5971410065228637,0.18707957023853092,0.23212526394774652,0.7319504473948918,0.8227349791872604,0.8785777871659851
2021-07-01 20:40:00,0.7615062761506276,0.019920318725099362,0.6154877140729709,0.596857703981432,0.4223868291214616,0.026169265033407576,0.5,0.5971410065228637,0.18707957023853092,0.23212526394774652,0.7319504473948918,0.8227349791872604,0.8033656472079304
2021-07-01 20:50:00,0.7594142259414226,-0.11553784860557781,0.6154877140729709,0.6047134440278521,0.4326078705945479,0.009242761692650333,0.5,0.5971410065228637,0.18707957023853092,0.23212526394774652,0.7319504473948918,0.8227349791872604,0.7281535525144469
2021-07-01 21:00:00,0.5627615062761506,0.05179282868525892,0.6125093075204764,0.6136404213533297,0.43733232126264543,0.00111358574610245,0.5,0.5985985698862293,0.21299284209800307,0.23760946753666232,0.5468478023678588,0.8665173561310225,0.6529414427327731
2021-07-01 21:10:00,0.7008368200836821,-0.1872509960159363,0.6065524944154874,0.6336368505623997,0.42840690476502075,0.0008908685968819599,0.5,0.5985985698862293,0.21299284209800307,0.23760946753666232,0.5468478023678588,0.8665173561310225,0.9316504971558761
2021-07-01 21:20:00,0.6513249651324965,0.1872509960159361,0.6059568131049888,0.6275665059810749,0.42640457525748915,0.00011135857461024499,0.5,0.5985985698862293,0.21299284209800307,0.23760946753666232,0.5468478023678588,0.8665173561310225,0.8157656502255685
2021-07-01 21:30:00,0.5808926080892608,0.10756972111553775,0.6026805658972447,0.6332797714693803,0.43128607137715774,0.00011135857461024499,0.5,0.5985985698862293,0.21299284209800307,0.23760946753666232,0.5468478023678588,0.8665173561310225,0.6556422288274968
2021-07-01 21:40:00,0.3451882845188285,0.09163346613545809,0.5958302308265075,0.6429209069808963,0.4418604651162791,0.00033407572383073496,0.5,0.5985985698862293,0.21299284209800307,0.23760946753666232,0.5468478023678588,0.8665173561310225,0.22003108167237506
2021-07-01 21:50:00,0.298465829846583,0.4581673306772909,0.5883842144452716,0.6468487770041065,0.44979126042062006,0.00033407572383073496,0.5,0.5985985698862293,0.21299284209800307,0.23760946753666232,0.5468478023678588,0.8665173561310225,0.14836972101935814
2021-07-01 22:00:00,0.29707112970711297,0.4661354581673305,0.5851079672375277,0.6475629351901446,0.45503919592728803,0.00022271714922048998,0.5,0.4715131929813092,0.2393141517268341,0.3693079639142803,0.4020783840729344,0.9101118169260713,0.14334535359174375
2021-07-01 22:10:00,0.32217573221757323,0.6812749003984064,0.5806403574087862,0.6386359578646672,0.48499561581447703,0.00022271714922048998,0.5,0.4715131929813092,0.2393141517268341,0.3693079639142803,0.4020783840729344,0.9101118169260713,0.16237156177859588
2021-07-01 22:20:00,0.2545327754532775,-0.07569721115537853,0.5609828741623228,0.6357793251205142,0.5806493829422467,0.0006681514476614699,0.5,0.4715131929813092,0.2393141517268341,0.3693079639142803,0.4020783840729344,0.9101118169260713,0.0998611886476455
2021-07-01 22:30:00,0.18410041841004185,-0.01195219123505975,0.5451973194341024,0.6114979467952151,0.575113530774365,0.00033407572383073496,0.5,0.4715131929813092,0.2393141517268341,0.3693079639142803,0.4020783840729344,0.9101118169260713,0.05024367427614406
2021-07-01 22:40:00,0.11576011157601115,-0.019920318725099695,0.5380491437081161,0.6122121049812534,0.5681642695423433,0.00044543429844097997,0.5,0.4715131929813092,0.2393141517268341,0.3693079639142803,0.4020783840729344,0.9101118169260713,0.013104093426075412
2021-07-01 22:50:00,0.14225941422594143,0.4661354581673305,0.5329858525688755,0.6118550258882343,0.575113530774365,0.00022271714922048998,0.5,0.4715131929813092,0.2393141517268341,0.3693079639142803,0.4020783840729344,0.9101118169260713,0.031602214946361486
2021-07-01 23:00:00,0.1324965132496513,0.6812749003984064,0.5276247207743856,0.5918585966791645,0.575113530774365,0.00033407572383073496,0.5,0.37615234090326144,0.25676495013031336,0.45834872539758453,0.3364390600196911,0.9545833617409878,0.03084780542269566
2021-07-01 23:10:00,0.13319386331938632,0.31474103585657365,0.5231571109456439,0.5832886984467058,0.5886717880933374,0.00033407572383073496,0.5,0.37615234090326144,0.25676495013031336,0.45834872539758453,0.3364390600196911,0.9545833617409878,0.02792069647087225
2021-07-01 23:20:00,0.13807531380753138,0.17928286852589648,0.5204765450483988,0.5707909301910372,0.5915771289474028,0.00033407572383073496,0.5,0.37615234090326144,0.25676495013031336,0.45834872539758453,0.3364390600196911,0.9545833617409878,0.02829790123270516
2021-07-01 23:30:00,0.14086471408647142,0.17131474103585642,0.5198808637379002,0.552579896447063,0.5915771289474028,0.00022271714922048998,0.5,0.37615234090326144,0.25676495013031336,0.45834872539758453,0.3364390600196911,0.9545833617409878,0.034182295517298615
2021-07-01 23:40:00,0.1206415620641562,0.03585657370517925,0.5148175725986597,0.5461524727727192,0.5915771289474028,0.00022271714922048998,0.5,0.37615234090326144,0.25676495013031336,0.45834872539758453,0.3364390600196911,0.9545833617409878,0.014914676282873395
2021-07-01 23:50:00,0.1206415620641562,0.3067729083665336,0.5112434847356664,0.5390108909123372,0.5915771289474028,0.00022271714922048998,0.5,0.37615234090326144,0.25676495013031336,0.45834872539758453,0.3364390600196911,0.9545833617409878,0.019410957043921723
2021-07-02 00:00:00,0.1094839609483961,0.5458167330677288,0.5073715562174235,0.5290126763078022,0.5965109735509284,0.00022271714922048998,0.5,0.36604708855878965,0.26378205036105534,0.4642189511787183,0.292685830177605,0.9945550065701962,0.012432668950012826
2021-07-02 00:10:00,0.11157601115760113,0.3306772908366533,0.5046909903201784,0.5329405463310124,0.6079752915156196,0.00022271714922048998,0.5,0.36604708855878965,0.26378205036105534,0.4642189511787183,0.292685830177605,0.9945550065701962,0.015306969235179624
2021-07-02 00:20:00,0.13319386331938632,0.07569721115537842,0.5023082650781829,0.5140153544009998,0.6079752915156196,0.00022271714922048998,0.5,0.36604708855878965,0.26378205036105534,0.4642189511787183,0.292685830177605,0.9945550065701962,0.02313774009083091
2021-07-02 00:30:00,0.11506276150627615,0.38645418326693215,0.5023082650781829,0.4990180324941975,0.6079752915156196,0.00022271714922048998,0.5,0.36604708855878965,0.26378205036105534,0.4642189511787183,0.292685830177605,0.9945550065701962,0.020369057138977322
2021-07-02 00:40:00,0.11436541143654114,0.4581673306772909,0.49962769918093786,0.5040171397964648,0.6207614086977007,0.00033407572383073496,0.5,0.36604708855878965,0.26378205036105534,0.4642189511787183,0.292685830177605,0.9945550065701962,0.014477118759147216
2021-07-02 00:50:00,0.09483960948396096,0.7370517928286848,0.49545793000744576,0.49794679521513996,0.6260747798091898,0.00033407572383073496,0.5,0.36604708855878965,0.26378205036105534,0.4642189511787183,0.292685830177605,0.9945550065701962,0.0051526170466375965
2021-07-02 01:00:00,0.0899581589958159,0.4581673306772909,0.4936708860759491,0.49151937154079617,0.6521574118909582,0.03697104677060133,0.5,0.28967535103292863,0.2663107351288913,0.5600630367645558,0.24473407492672872,0.040346587102954835,0.0
2021-07-02 01:10:00,0.1199442119944212,-0.003984063745020028,0.49456440804169755,0.4618818068202106,0.6572090405831622,0.9655902004454343,0.5,0.28967535103292863,0.2663107351288913,0.5600630367645558,0.24473407492672872,0.040346587102954835,0.0
2021-07-02 01:20:00,0.11645746164574616,-0.7848605577689244,0.5088607594936707,0.4733083377968219,0.6572090405831622,0.9993318485523385,0.5,0.28967535103292863,0.2663107351288913,0.5600630367645558,0.24473407492672872,0.040346587102954835,0.0
2021-07-02 01:30:00,0.14714086471408647,0.5617529880478087,0.5088607594936707,0.4790216032851278,0.6572090405831622,0.9993318485523385,0.5,0.28967535103292863,0.2663107351288913,0.5600630367645558,0.24473407492672872,0.040346587102954835,0.0
2021-07-02 01:40:00,0.15271966527196654,0.8087649402390438,0.5026061057334326,0.4768791287270131,0.6572090405831622,0.9993318485523385,0.5,0.28967535103292863,0.2663107351288913,0.5600630367645558,0.24473407492672872,0.040346587102954835,0.0
2021-07-02 01:50:00,0.14016736401673638,0.3266932270916332,0.49486224869694695,0.4690233886805928,0.6572090405831622,0.9993318485523385,0.5,0.28967535103292863,0.2663107351288913,0.5600630367645558,0.24473407492672872,0.040346587102954835,0.0
2021-07-02 02:00:00,0.16945606694560672,-0.15537848605577698,0.4936708860759491,0.462595965006249,0.6572090405831622,0.9993318485523385,0.5,0.27089796189276094,0.2621355317565457,0.6032057088674903,0.21767831853407182,0.0817502086208699,0.0
2021-07-02 02:10:00,0.16527196652719667,0.15537848605577675,0.49069247952345485,0.45688269951794314,0.6572090405831622,0.9993318485523385,0.5,0.27089796189276094,0.2621355317565457,0.6032057088674903,0.21767831853407182,0.0817502086208699,0.0
2021-07-02 02:20:00,0.1290097629009763,0.4661354581673305,0.48652271034996253,0.452597750401714,0.6572090405831622,0.9993318485523385,0.5,0.27089796189276094,0.2621355317565457,0.6032057088674903,0.21767831853407182,0.0817502086208699,0.0
2021-07-02 02:30:00,0.1304044630404463,0.7768924302788842,0.48354430379746827,0.44724156400642756,0.6572090405831622,0.9993318485523385,0.5,0.27089796189276094,0.2621355317565457,0.6032057088674903,0.21767831853407182,0.0817502086208699,0.0
2021-07-02 02:40:00,0.1199442119944212,-0.36254980079681276,0.4847356664184659,0.4443849312622745,0.6572090405831622,0.9993318485523385,0.5,0.27089796189276094,0.2621355317565457,0.6032057088674903,0.21767831853407182,0.0817502086208699,0.0
2021-07-02 02:50:00,0.11924686192468618,0.3784860557768923,0.481459419210722,0.44117121942510273,0.6572090405831622,0.9993318485523385,0.5,0.27089796189276094,0.2621355317565457,0.6032057088674903,0.21767831853407182,0.0817502086208699,0.0
2021-07-02 03:00:00,0.12343096234309624,0.07569721115537842,0.47580044676098265,0.4351008748437779,0.6572090405831622,0.9993318485523385,0.5,0.2783975041216078,0.26014993951271054,0.6151346062174176,0.19866203985141043,0.11505999396905173,0.0
2021-07-02 03:10:00,0.11854951185495119,0.01195219123505975,0.47580044676098265,0.42831637207641493,0.6572090405831622,0.9993318485523385,0.5,0.2783975041216078,0.26014993951271054,0.6151346062174176,0.19866203985141043,0.11505999396905173,0.0
2021-07-02 03:20:00,0.11924686192468618,0.8725099601593624,0.47163067758749055,0.4251026602392429,0.6572090405831622,0.9993318485523385,0.5,0.2783975041216078,0.26014993951271054,0.6151346062174176,0.19866203985141043,0.11505999396905173,0.0
2021-07-02 03:30:00,0.1094839609483961,0.6693227091633465,0.4612062546537601,0.41867523656489913,0.6572090405831622,0.9993318485523385,0.5,0.2783975041216078,0.26014993951271054,0.6151346062174176,0.19866203985141043,0.11505999396905173,0.0
2021-07-02 03:40:00,0.10529986052998605,0.4661354581673305,0.45554728220402074,0.41510444563470794,0.6572090405831622,0.9993318485523385,0.5,0.2783975041216078,0.26014993951271054,0.6151346062174176,0.19866203985141043,0.11505999396905173,0.0
2021-07-02 03:50:00,0.10460251046025104,0.3784860557768923,0.4573343261355174,0.41010533833244045,0.6572090405831622,0.9993318485523385,0.5,0.2783975041216078,0.26014993951271054,0.6151346062174176,0.19866203985141043,0.11505999396905173,0.0
2021-07-02 04:00:00,0.10739191073919108,0.29083665338645415,0.4549516008935217,0.40582038921621133,0.6572090405831622,0.9993318485523385,0.5,0.23298487137214274,0.25484257500567437,0.6329025330740745,0.12790640344114362,0.17890135421871256,0.0
2021-07-02 04:10:00,0.10669456066945607,0.20318725099601576,0.4507818317200294,0.4029637564720585,0.6572090405831622,0.9993318485523385,0.5,0.23298487137214274,0.25484257500567437,0.6329025330740745,0.12790640344114362,0.17890135421871256,0.0
2021-07-02 04:20:00,0.11576011157601115,0.15006640106241687,0.4469099032017869,0.3965363327977147,0.6572090405831622,0.9993318485523385,0.5,0.23298487137214274,0.25484257500567437,0.6329025330740745,0.12790640344114362,0.17890135421871256,0.0
2021-07-02 04:30:00,0.11157601115760113,0.09694555112881797,0.4460163812360385,0.3936797000535619,0.6572090405831622,0.9993318485523385,0.5,0.23298487137214274,0.25484257500567437,0.6329025330740745,0.12790640344114362,0.17890135421871256,0.0
2021-07-02 04:40:00,0.11227336122733612,0.043824701195219085,0.44512285927029005,0.38760935547223707,0.6572090405831622,0.9993318485523385,0.5,0.23298487137214274,0.25484257500567437,0.6329025330740745,0.12790640344114362,0.17890135421871256,0.0
2021-07-02 04:50:00,0.13389121338912133,-0.20318725099601598,0.4427401340282946,0.3861810391001608,0.6572090405831622,0.9993318485523385,0.5,0.23298487137214274,0.25484257500567437,0.6329025330740745,0.12790640344114362,0.17890135421871256,0.0
2021-07-02 05:00:00,0.12622036262203626,-0.045816733067729154,0.441548771407297,0.3804677736118549,0.6572090405831622,0.9993318485523385,0.5,0.23874184808801746,0.2458858586177861,0.6243075790334153,0.052608820095632586,0.21667732118747574,0.0
2021-07-02 05:10:00,0.11854951185495119,0.11155378486055767,0.43678332092330585,0.372969112658454,0.6572090405831622,0.9993318485523385,0.5,0.23874184808801746,0.2458858586177861,0.6243075790334153,0.052608820095632586,0.21667732118747574,0.0
2021-07-02 05:20:00,0.1882845188284519,0.2689243027888446,0.434102755026061,0.3679700053561865,0.6558741542448077,0.9993318485523385,0.5,0.23874184808801746,0.2458858586177861,0.6243075790334153,0.052608820095632586,0.21667732118747574,0.0
2021-07-02 05:30:00,0.12831241283124128,0.4262948207171313,0.4278481012658226,0.36511337261203347,0.608001465757548,0.19276169265033408,0.5,0.23874184808801746,0.2458858586177861,0.6243075790334153,0.052608820095632586,0.21667732118747574,0.0
2021-07-02 05:40:00,0.14714086471408647,0.47410358565737054,0.43142218912881614,0.3668987680771292,0.6122286058290037,0.8685968819599109,0.5,0.23874184808801746,0.2458858586177861,0.6243075790334153,0.052608820095632586,0.21667732118747574,0.0
2021-07-02 05:50:00,0.14435146443514643,0.5219123505976095,0.4278481012658226,0.3683270844492055,0.6122286058290037,0.9993318485523385,0.5,0.23874184808801746,0.2458858586177861,0.6243075790334153,0.052608820095632586,0.21667732118747574,0.0
2021-07-02 06:00:00,0.12622036262203626,0.5697211155378485,0.4278481012658226,0.3683270844492055,0.6122286058290037,0.9993318485523385,0.5,0.4453095383498824,0.2362969710379399,0.3505888043165499,0.20445431554963653,0.13369298427963566,0.0
2021-07-02 06:10:00,0.12552301255230125,0.6175298804780873,0.426061057334326,0.36511337261203347,0.6122286058290037,0.9993318485523385,0.5,0.4453095383498824,0.2362969710379399,0.3505888043165499,0.20445431554963653,0.13369298427963566,0.0
2021-07-02 06:20:00,0.11715481171548117,0.6653386454183265,0.4233804914370811,0.3611855025888233,0.6122286058290037,0.9993318485523385,0.5,0.4453095383498824,0.2362969710379399,0.3505888043165499,0.20445431554963653,0.13369298427963566,0.0
2021-07-02 06:30:00,0.10251046025104603,0.7131474103585655,0.4195085629188382,0.35582931619353686,0.6122286058290037,0.9993318485523385,0.5,0.4453095383498824,0.2362969710379399,0.3505888043165499,0.20445431554963653,0.13369298427963566,0.0
2021-07-02 06:40:00,0.11436541143654114,0.7609561752988048,0.4233804914370811,0.3540439207284414,0.6122286058290037,0.9993318485523385,0.5,0.4453095383498824,0.2362969710379399,0.3505888043165499,0.20445431554963653,0.13369298427963566,0.0
2021-07-02 06:50:00,0.11436541143654114,0.5617529880478087,0.42486969471332836,0.3540439207284414,0.6122286058290037,0.9993318485523385,0.5,0.4453095383498824,0.2362969710379399,0.3505888043165499,0.20445431554963653,0.13369298427963566,0.0
2021-07-02 07:00:00,0.12831241283124128,0.36254980079681287,0.42516753536857754,0.35154436707730774,0.6122286058290037,0.9993318485523385,0.5,0.3958498750760031,0.23337174252241935,0.4102548494671968,0.2595607514808504,0.1085356266132709,0.0
2021-07-02 07:10:00,0.1324965132496513,0.1633466135458166,0.4305286671630677,0.34797357614711655,0.6122286058290037,0.9993318485523385,0.5,0.3958498750760031,0.23337174252241935,0.4102548494671968,0.2595607514808504,0.1085356266132709,0.0
2021-07-02 07:20:00,0.11297071129707113,0.2828685258964143,0.434102755026061,0.3472594179610784,0.6122286058290037,0.9993318485523385,0.5,0.3958498750760031,0.23337174252241935,0.4102548494671968,0.2595607514808504,0.1085356266132709,0.0
2021-07-02 07:30:00,0.10320781032078104,0.2695883134130146,0.43350707371556196,0.3472594179610784,0.6122286058290037,0.9993318485523385,0.5,0.3958498750760031,0.23337174252241935,0.4102548494671968,0.2595607514808504,0.1085356266132709,0.0
2021-07-02 07:40:00,0.09483960948396096,0.25630810092961465,0.4275502606105732,0.3472594179610784,0.6122286058290037,0.9993318485523385,0.5,0.3958498750760031,0.23337174252241935,0.4102548494671968,0.2595607514808504,0.1085356266132709,0.0
2021-07-02 07:50:00,0.0885634588563459,0.24302788844621515,0.4269545793000742,0.3458311015890019,0.6122286058290037,0.9993318485523385,0.5,0.3958498750760031,0.23337174252241935,0.4102548494671968,0.2595607514808504,0.1085356266132709,0.0
2021-07-02 08:00:00,0.09483960948396096,0.22974767596281542,0.4278481012658226,0.3472594179610784,0.6122286058290037,0.9993318485523385,0.5,0.3846371667484374,0.2475467447493866,0.437996960772714,0.17613204101411478,0.09117821557388385,0.0
2021-07-02 08:10:00,0.0808926080892608,0.21646746347941548,0.42903946388682024,0.3472594179610784,0.6122286058290037,0.9993318485523385,0.5,0.3846371667484374,0.2475467447493866,0.437996960772714,0.17613204101411478,0.09117821557388385,0.0
2021-07-02 08:20:00,0.0885634588563459,0.20318725099601576,0.43559195830230824,0.3472594179610784,0.6122286058290037,0.9993318485523385,0.5,0.3846371667484374,0.2475467447493866,0.437996960772714,0.17613204101411478,0.09117821557388385,0.0
2021-07-02 08:30:00,0.08228730822873082,0.25725668753557196,0.44035740878629914,0.3472594179610784,0.6122286058290037,0.9993318485523385,0.5,0.3846371667484374,0.2475467447493866,0.437996960772714,0.17613204101411478,0.09117821557388385,0.0
2021-07-02 08:40:00,0.09065550906555091,0.31132612407512794,0.4454206999255397,0.3472594179610784,0.6122286058290037,0.9993318485523385,0.5,0.3846371667484374,0.2475467447493866,0.437996960772714,0.17613204101411478,0.09117821557388385,0.0
2021-07-02 08:50:00,0.09553695955369597,0.36539556061468415,0.45256887565152626,0.34797357614711655,0.6122286058290037,0.9993318485523385,0.5,0.3846371667484374,0.2475467447493866,0.437996960772714,0.17613204101411478,0.09117821557388385,0.0
2021-07-02 09:00:00,0.08786610878661089,0.4194649971542399,0.46001489203276225,0.3540439207284414,0.6122286058290037,0.9993318485523385,0.5,0.3617965041292792,0.2400325280813327,0.4091471280976094,0.03846685838755888,0.05227349489825853,0.0
2021-07-02 09:10:00,0.08647140864714087,0.47353443369379633,0.4701414743112433,0.35761471165863257,0.6122286058290037,0.9993318485523385,0.5,0.3617965041292792,0.2400325280813327,0.4091471280976094,0.03846685838755888,0.05227349489825853,0.0
2021-07-02 09:20:00,0.08647140864714087,0.5276038702333521,0.48265078183171983,0.36404213533297636,0.6122286058290037,0.9993318485523385,0.5,0.3617965041292792,0.2400325280813327,0.4091471280976094,0.03846685838755888,0.05227349489825853,0.0
2021-07-02 09:30:00,0.0794979079497908,0.5816733067729083,0.4933730454206997,0.36868416354222466,0.6122286058290037,0.9993318485523385,0.5,0.3617965041292792,0.2400325280813327,0.4091471280976094,0.03846685838755888,0.05227349489825853,0.0
2021-07-02 09:40:00,0.08437935843793584,0.6357427433124643,0.504988830975428,0.3761828244956258,0.6122286058290037,0.9993318485523385,0.5,0.3617965041292792,0.2400325280813327,0.4091471280976094,0.03846685838755888,0.05227349489825853,0.0
2021-07-02 09:50:00,0.11157601115760113,0.6898121798520203,0.5172002978406551,0.3836814854490269,0.6122286058290037,0.9993318485523385,0.5,0.3617965041292792,0.2400325280813327,0.4091471280976094,0.03846685838755888,0.05227349489825853,0.0
2021-07-02 10:00:00,0.09553695955369597,0.7438816163915765,0.5291139240506326,0.38975183003035174,0.6122286058290037,0.9993318485523385,0.5,0.5644963366634168,0.23837451545514873,0.2650265542434098,0.14898073229221045,0.6765576396892771,0.0
2021-07-02 10:10:00,0.11785216178521618,0.6277746158224247,0.5401340282948621,0.3986788073558294,0.6122286058290037,0.9993318485523385,0.5,0.5644963366634168,0.23837451545514873,0.2650265542434098,0.14898073229221045,0.6765576396892771,0.0
2021-07-02 10:20:00,0.15620641562064158,0.5116676152532726,0.5505584512285924,0.4061774683092303,0.6122286058290037,0.9993318485523385,0.5,0.5644963366634168,0.23837451545514873,0.2650265542434098,0.14898073229221045,0.6765576396892771,0.0
2021-07-02 10:30:00,0.17224546722454673,0.3955606146841204,0.5606850335070734,0.41046241742545986,0.6750991349413042,0.9993318485523385,0.5,0.5644963366634168,0.23837451545514873,0.2650265542434098,0.14898073229221045,0.6765576396892771,0.0
2021-07-02 10:40:00,0.18200836820083682,0.2794536141149686,0.5717051377513027,0.4286734511694341,0.7814058185339807,0.9897550111358574,0.5,0.5644963366634168,0.23837451545514873,0.2650265542434098,0.14898073229221045,0.6765576396892771,0.0
2021-07-02 10:50:00,0.17224546722454673,0.1633466135458166,0.581831720029784,0.46009641135511514,0.7989556477470521,0.6903118040089087,0.5,0.5644963366634168,0.23837451545514873,0.2650265542434098,0.14898073229221045,0.6765576396892771,0.0
2021-07-02 11:00:00,0.1799163179916318,-0.14741035856573714,0.5925539836187639,0.48080699875022326,0.7999633560613001,0.3398663697104677,0.5,0.588973735442627,0.22700692802156328,0.2532057025267841,0.33411652997241315,0.6848391007979775,0.0
2021-07-02 11:10:00,0.28661087866108786,0.2111553784860556,0.6032762472077438,0.4958043206570255,0.8234678253131094,0.024832962138084634,0.5,0.588973735442627,0.22700692802156328,0.2532057025267841,0.33411652997241315,0.6848391007979775,0.08871855998310123
2021-07-02 11:20:00,0.22594142259414227,-0.19521912350597614,0.6175725986597167,0.5065166934475986,0.8256272002722121,0.0008908685968819599,0.5,0.588973735442627,0.22700692802156328,0.2532057025267841,0.33411652997241315,0.6848391007979775,0.07008464474855532
2021-07-02 11:30:00,0.3451882845188285,0.3227091633466135,0.6294862248696946,0.5307980717728977,0.8210859692976141,0.03652561247216036,0.5,0.588973735442627,0.22700692802156328,0.2532057025267841,0.33411652997241315,0.6848391007979775,0.1409312431160131
2021-07-02 11:40:00,0.20013947001394702,-0.17131474103585675,0.6411020104244229,0.5518657382610248,0.8454541885330645,0.0022271714922049,0.5,0.588973735442627,0.22700692802156328,0.2532057025267841,0.33411652997241315,0.6848391007979775,0.043167312944158605
2021-07-02 11:50:00,0.296373779637378,0.003984063745019917,0.6509307520476544,0.5879307266559544,0.8399837719700044,0.24365256124721604,0.5,0.588973735442627,0.22700692802156328,0.2532057025267841,0.33411652997241315,0.6848391007979775,0.07584078941412557
2021-07-02 12:00:00,0.30474198047419804,-0.0916334661354582,0.660163812360387,0.6014997321906803,0.8367119917289396,0.038084632516703784,0.5,0.6177098234520915,0.21914789070334673,0.2346383394349949,0.47835757616229396,0.7058666460524993,0.10176984474252003
2021-07-02 12:10:00,0.199442119944212,0.2669322709163344,0.6592702903946388,0.6111408677021961,0.855020873957938,0.0013363028953229399,0.5,0.6177098234520915,0.21914789070334673,0.2346383394349949,0.47835757616229396,0.7058666460524993,0.06186158094059779
2021-07-02 12:20:00,0.3284518828451883,-0.0916334661354582,0.6443782576321666,0.5907873594001072,0.8602557223436417,0.00044543429844097997,0.5,0.6177098234520915,0.21914789070334673,0.2346383394349949,0.47835757616229396,0.7058666460524993,0.2114459012930579
2021-07-02 12:30:00,0.24198047419804744,0.40239043824701204,0.6396128071481755,0.5761471165863239,0.8724136577194382,0.000556792873051225,0.5,0.6177098234520915,0.21914789070334673,0.2346383394349949,0.47835757616229396,0.7058666460524993,0.10473467417052675
2021-07-02 12:40:00,0.31311018131101814,-0.2509960159362551,0.6390171258376767,0.5743617211212282,0.8699009304943006,0.00033407572383073496,0.5,0.6177098234520915,0.21914789070334673,0.2346383394349949,0.47835757616229396,0.7058666460524993,0.18962837786864223
2021-07-02 12:50:00,0.21687587168758715,0.5617529880478087,0.643186895011169,0.5840028566327442,0.9267644710840063,0.00022271714922048998,0.5,0.6177098234520915,0.21914789070334673,0.2346383394349949,0.47835757616229396,0.7058666460524993,0.06982814551050893
2021-07-02 13:00:00,0.2754532775453278,-0.298804780876494,0.6470588235294115,0.5950723085163365,0.9103663085157896,0.04510022271714922,0.5,0.7143327897891516,0.2151853267319342,0.14905364326197884,0.509818811163552,0.7229751697361786,0.0662371561778596
2021-07-02 13:10:00,0.18479776847977683,0.043824701195219085,0.650632911392405,0.5986430994465273,0.8609362526337832,0.43340757238307354,0.5,0.7143327897891516,0.2151853267319342,0.14905364326197884,0.509818811163552,0.7229751697361786,0.0
2021-07-02 13:20:00,0.2580195258019526,0.38645418326693215,0.6723752792256141,0.6325656132833424,0.871288165316512,0.13697104677060135,0.5,0.7143327897891516,0.2151853267319342,0.14905364326197884,0.509818811163552,0.7229751697361786,0.05498891018000211
2021-07-02 13:30:00,0.30404463040446306,0.22709163346613526,0.6676098287416232,0.62542403142296,0.859313449634215,0.017260579064587975,0.5,0.7143327897891516,0.2151853267319342,0.14905364326197884,0.509818811163552,0.7229751697361786,0.17767098691853886
2021-07-02 13:40:00,0.2112970711297071,0.41035856573705165,0.6676098287416232,0.6139975004463487,0.8805014984753505,0.00044543429844097997,0.5,0.7143327897891516,0.2151853267319342,0.14905364326197884,0.509818811163552,0.7229751697361786,0.07030342351041839
2021-07-02 13:50:00,0.2733612273361227,-0.14741035856573714,0.6699925539836187,0.6211390823067309,0.8821504757168471,0.00033407572383073496,0.5,0.7143327897891516,0.2151853267319342,0.14905364326197884,0.509818811163552,0.7229751697361786,0.1268464173091721
2021-07-02 14:00:00,0.28103207810320785,0.07569721115537842,0.6688011913626208,0.6193536868416356,0.9181924068524165,0.00044543429844097997,0.5,0.7213438093163849,0.1914789070334798,0.1480154160321205,0.49036374576997255,0.7306397971961309,0.13006020187998854
2021-07-02 14:10:00,0.24755927475592746,-0.29083665338645437,0.6753536857781086,0.6325656132833424,0.8695868395911583,0.2505567928730512,0.5,0.7213438093163849,0.1914789070334798,0.1480154160321205,0.49036374576997255,0.7306397971961309,0.0003319401904129638
2021-07-02 14:20:00,0.5467224546722455,0.7211155378486056,0.6857781087118391,0.6425638278878771,0.8738270667835784,0.0006681514476614699,0.5,0.7213438093163849,0.1914789070334798,0.1480154160321205,0.49036374576997255,0.7306397971961309,0.5507793050379468
2021-07-02 14:30:00,0.31729428172942814,-0.649402390438247,0.6777364110201041,0.6268523477950365,0.8687623509704101,0.00033407572383073496,0.5,0.7213438093163849,0.1914789070334798,0.1480154160321205,0.49036374576997255,0.7306397971961309,0.1713942996816392
2021-07-02 14:40:00,0.16945606694560672,0.003984063745019917,0.6842889054355916,0.6404213533297625,0.8536859876195836,0.5349665924276169,0.5,0.7213438093163849,0.1914789070334798,0.1480154160321205,0.49036374576997255,0.7306397971961309,0.009807323807655748
2021-07-02 14:50:00,0.3277545327754533,0.003984063745019917,0.7006701414743111,0.6554186752365649,0.8854353430788762,0.000779510022271715,0.5,0.7213438093163849,0.1914789070334798,0.1480154160321205,0.49036374576997255,0.7306397971961309,0.18989242120192526
2021-07-02 15:00:00,0.2099023709902371,-0.23505976095617542,0.6982874162323154,0.6532762006784503,0.8653073510358457,0.033184855233853006,0.5,0.7238273804183346,0.17289594749531004,0.14597231368690886,0.4844955905467797,0.7245649957230472,0.03032726285136624
2021-07-02 15:10:00,0.36262203626220363,0.20318725099601576,0.6991809381980638,0.6522049633993929,0.8346965751004436,0.006792873051224944,0.5,0.7238273804183346,0.17289594749531004,0.14597231368690886,0.4844955905467797,0.7245649957230472,0.20461849510388222
2021-07-02 15:20:00,0.24686192468619247,0.05976095617529875,0.7030528667163065,0.6511337261203356,0.8534765936841554,0.0008908685968819599,0.5,0.7238273804183346,0.17289594749531004,0.14597231368690886,0.4844955905467797,0.7245649957230472,0.10291654721849208
2021-07-02 15:30:00,0.30474198047419804,-0.17397078353253648,0.7048399106478034,0.6536332797714692,0.9259007211003651,0.00044543429844097997,0.5,0.7238273804183346,0.17289594749531004,0.14597231368690886,0.4844955905467797,0.7245649957230472,0.16331457368317817
2021-07-02 15:40:00,0.1324965132496513,-0.4077025232403718,0.7057334326135516,0.6639885734690234,0.9160722932562065,0.14832962138084632,0.5,0.7238273804183346,0.17289594749531004,0.14597231368690886,0.4844955905467797,0.7245649957230472,0.0
2021-07-02 15:50:00,0.296373779637378,-0.6414342629482073,0.7176470588235293,0.6850562399571505,0.8516836581120519,0.40478841870824056,0.5,0.7238273804183346,0.17289594749531004,0.14597231368690886,0.4844955905467797,0.7245649957230472,0.09068756883986903
2021-07-02 16:00:00,0.3158995815899582,0.394422310756972,0.7155621742367833,0.6786288162828067,0.9009043200586303,0.00022271714922048998,0.5,0.7733277344613789,0.1530026694865313,0.13558255935503355,0.456452378717936,0.7223276384676772,0.14849797063838135
2021-07-02 16:10:00,0.3284518828451883,-0.1394422310756973,0.7087118391660459,0.6622031780039279,0.8633835442540996,0.00044543429844097997,0.5,0.7733277344613789,0.1530026694865313,0.13558255935503355,0.456452378717936,0.7223276384676772,0.20679873862727643
2021-07-02 16:20:00,0.2691771269177127,0.027888446215139417,0.7084139985107967,0.6636314943760042,0.8811689416445276,0.0044543429844098,0.5,0.7733277344613789,0.1530026694865313,0.13558255935503355,0.456452378717936,0.7223276384676772,0.13725726873576052
2021-07-02 16:30:00,0.509065550906555,0.45816733067729043,0.7233060312732686,0.6704159971433674,0.8590909685778226,0.9828507795100223,0.5,0.7733277344613789,0.1530026694865313,0.13558255935503355,0.456452378717936,0.7223276384676772,0.0
2021-07-02 16:40:00,0.2099023709902371,0.3067729083665336,0.7426656738644823,0.683270844492055,0.8590909685778226,0.9995545657015591,0.5,0.7733277344613789,0.1530026694865313,0.13558255935503355,0.456452378717936,0.7223276384676772,0.0
2021-07-02 16:50:00,0.26429567642956764,0.15537848605577675,0.7530900967982128,0.6829137653990358,0.8590909685778226,0.9968819599109131,0.5,0.7733277344613789,0.1530026694865313,0.13558255935503355,0.456452378717936,0.7223276384676772,0.0
2021-07-02 17:00:00,0.0,0.003984063745019917,0.7568343112434845,0.6677633636850562,0.8239913101516797,0.0,0.5,0.7760474120837575,0.1300807167671924,0.13285478755654168,0.41292910189831245,0.7188351599815246,0.0
2021-07-02 17:10:00,0.0,0.003984063745019917,0.7605787043931496,0.6526129976789861,0.8257580714818548,0.0,0.5,0.7760474120837575,0.1300807167671924,0.13285478755654168,0.41292910189831245,0.7188351599815246,0.0
2021-07-02 17:20:00,0.0,0.003984063745019917,0.7643229486224867,0.6374625959650064,0.8580309117797176,0.0,0.5,0.7760474120837575,0.1300807167671924,0.13285478755654168,0.41292910189831245,0.7188351599815246,0.0
2021-07-02 17:30:00,0.0,0.003984063745019917,0.7680671928518241,0.6223124442063916,0.8580701731426102,0.0,0.5,0.7760474120837575,0.1300807167671924,0.13285478755654168,0.41292910189831245,0.7188351599815246,0.0
2021-07-02 17:40:00,0.0,0.003984063745019917,0.7718114668652267,0.6071620782003213,0.8034314431168287,0.0,0.5,0.7760474120837575,0.1300807167671924,0.13285478755654168,0.41292910189831245,0.7188351599815246,0.0
2021-07-02 17:50:00,0.2754532775453278,-0.20318725099601598,0.7755558302308263,0.5920117121942512,0.8588030519166089,0.7722717149220489,0.5,0.7760474120837575,0.1300807167671924,0.13285478755654168,0.41292910189831245,0.7188351599815246,0.0
2021-07-02 18:00:00,0.18479776847977683,-0.3022196926579398,0.7793000744601637,0.576861274772362,0.8590909685778226,0.9996659242761693,0.5,0.753451027491951,0.10599212084814426,0.14310999210328454,0.4640938799369228,0.6970790574032126,0.0
2021-07-02 18:10:00,0.4211994421199442,-0.4012521343198635,0.7766195085629186,0.5732904838421709,0.8590909685778226,0.9996659242761693,0.5,0.753451027491951,0.10599212084814426,0.14310999210328454,0.4640938799369228,0.6970790574032126,0.0
2021-07-02 18:20:00,0.42677824267782427,-0.5002845759817872,0.7697691734921817,0.56579182288877,0.8590909685778226,0.9996659242761693,0.5,0.753451027491951,0.10599212084814426,0.14310999210328454,0.4640938799369228,0.6970790574032126,0.0
2021-07-02 18:30:00,0.14086471408647142,-0.599317017643711,0.7638123603871927,0.5586502410283878,0.8590909685778226,0.9936525612472161,0.5,0.753451027491951,0.10599212084814426,0.14310999210328454,0.4640938799369228,0.6970790574032126,0.0
2021-07-02 18:40:00,0.4456066945606694,-0.6983494593056347,0.7703648548026802,0.5582931619353688,0.8590909685778226,0.7977728285077952,0.5,0.753451027491951,0.10599212084814426,0.14310999210328454,0.4640938799369228,0.6970790574032126,0.0
2021-07-02 18:50:00,0.3584379358437936,-0.7020489470688674,0.7703648548026802,0.5715050883770756,0.8590909685778226,0.9134743875278397,0.5,0.753451027491951,0.10599212084814426,0.14310999210328454,0.4640938799369228,0.6970790574032126,0.0
2021-07-02 19:00:00,0.22594142259414227,-0.7057484348321004,0.767386448250186,0.5782895911444383,0.8590909685778226,0.9995545657015591,0.5,0.7602095974849101,0.10635418253081005,0.13682001157305695,0.5024080133543234,0.6886407167692644,0.0
2021-07-02 19:10:00,0.42189679218967924,-0.7094479225953331,0.7664929262844375,0.5793608284234957,0.8590909685778226,0.9995545657015591,0.5,0.7602095974849101,0.10635418253081005,0.13682001157305695,0.5024080133543234,0.6886407167692644,0.0
2021-07-02 19:20:00,0.27475592747559274,-0.7131474103585658,0.7578555472822037,0.5793608284234957,0.8198819541689024,0.9937639198218262,0.5,0.7602095974849101,0.10635418253081005,0.13682001157305695,0.5024080133543234,0.6886407167692644,0.0
2021-07-02 19:30:00,0.24337517433751746,0.1872509960159361,0.7593447505584512,0.587216568469916,0.8174477496695501,0.3192650334075724,0.5,0.7602095974849101,0.10635418253081005,0.13682001157305695,0.5024080133543234,0.6886407167692644,0.05762179941759585
2021-07-02 19:40:00,0.26778242677824265,-0.6573705179282869,0.7688756515264332,0.6325656132833424,0.8027378257057229,0.00044543429844097997,0.5,0.7602095974849101,0.10635418253081005,0.13682001157305695,0.5024080133543234,0.6886407167692644,0.09946889569533926
2021-07-02 19:50:00,0.2796373779637378,0.5617529880478087,0.7608339538346982,0.6504195679342974,0.812540079307953,0.00033407572383073496,0.5,0.7602095974849101,0.10635418253081005,0.13682001157305695,0.5024080133543234,0.6886407167692644,0.14364711740121008
2021-07-02 20:00:00,0.3263598326359832,-0.1394422310756973,0.7426656738644823,0.635065166934476,0.816531651202052,0.00022271714922048998,0.5,0.7657630202956884,0.09667046927216952,0.11906844373834341,0.5610897916065213,0.6823824089744446,0.16800700092037962
2021-07-02 20:10:00,0.23709902370990238,-0.1872509960159363,0.729560685033507,0.6236386359578647,0.8002774469644423,0.00033407572383073496,0.5,0.7657630202956884,0.09667046927216952,0.11906844373834341,0.5610897916065213,0.6823824089744446,0.10391236778973098
2021-07-02 20:20:00,0.303347280334728,0.06772908366533859,0.7206254653760236,0.6222103195857882,0.8122259884048108,0.00022271714922048998,0.5,0.7657630202956884,0.09667046927216952,0.11906844373834341,0.5610897916065213,0.6823824089744446,0.15819213301748722
2021-07-02 20:30:00,0.2698744769874477,-0.2589641434262948,0.7185405807892775,0.6225673986788074,0.8111004960018845,0.00022271714922048998,0.5,0.7657630202956884,0.09667046927216952,0.11906844373834341,0.5610897916065213,0.6823824089744446,0.1153190397875583
2021-07-02 20:40:00,0.299163179916318,0.05179282868525892,0.7087118391660459,0.6247098732369221,0.8006569734724057,0.00022271714922048998,0.5,0.7657630202956884,0.09667046927216952,0.11906844373834341,0.5610897916065213,0.6823824089744446,0.1495767762572235
2021-07-02 20:50:00,0.3521617852161785,0.043824701195219085,0.7048399106478034,0.6239957150508837,0.8003428825692636,0.00022271714922048998,0.5,0.7657630202956884,0.09667046927216952,0.11906844373834341,0.5610897916065213,0.6823824089744446,0.2088431884364108
2021-07-02 21:00:00,0.2831241283124128,-0.07569721115537853,0.7045420699925538,0.6200678450276735,0.7968878826346991,0.00022271714922048998,0.5,0.7588171393522096,0.09980546368320249,0.11555759472666294,0.5176949847082343,0.6611091138157839,0.13128988940356384
2021-07-02 21:10:00,0.30264993026499304,0.3545816733067728,0.6988830975428144,0.6168541331905018,0.7968878826346991,0.00022271714922048998,0.5,0.7588171393522096,0.09980546368320249,0.11555759472666294,0.5176949847082343,0.6611091138157839,0.14048614149705027
2021-07-02 21:20:00,0.29776847977684795,-0.03585657370517936,0.6920327624720772,0.6111408677021961,0.7968878826346991,0.00022271714922048998,0.5,0.7588171393522096,0.09980546368320249,0.11555759472666294,0.5176949847082343,0.6611091138157839,0.13565037645035233
2021-07-02 21:30:00,0.32566248256624825,0.41035856573705165,0.68518242740134,0.6089983931440812,0.8017824658753321,0.00022271714922048998,0.5,0.7588171393522096,0.09980546368320249,0.11555759472666294,0.5176949847082343,0.6611091138157839,0.1691537033963517
2021-07-02 21:40:00,0.31659693165969316,-0.043824701195219196,0.681012658227848,0.6107837886091769,0.8107994922197065,0.00022271714922048998,0.5,0.7588171393522096,0.09980546368320249,0.11555759472666294,0.5176949847082343,0.6611091138157839,0.16968179006291775
2021-07-02 21:50:00,0.301952580195258,0.05976095617529875,0.681012658227848,0.6111408677021961,0.8107994922197065,0.00022271714922048998,0.5,0.7588171393522096,0.09980546368320249,0.11555759472666294,0.5176949847082343,0.6611091138157839,0.16521568568281605
2021-07-02 22:00:00,0.24755927475592746,0.2589641434262948,0.6789277736411017,0.6111408677021961,0.8171598330083365,0.00022271714922048998,0.5,0.6902055650963919,0.11550342378170345,0.13897483716115425,0.40669871754997755,0.6565415436874316,0.10307497321846192
2021-07-02 22:10:00,0.23849372384937237,-0.42629482071713154,0.675651526433358,0.6154258168184252,0.8246587533208569,0.00022271714922048998,0.5,0.6902055650963919,0.11550342378170345,0.13897483716115425,0.40669871754997755,0.6565415436874316,0.09193988864915431
2021-07-02 22:20:00,0.2782426778242678,-0.1633466135458168,0.6720774385703647,0.6139975004463487,0.8246587533208569,0.00022271714922048998,0.5,0.6902055650963919,0.11550342378170345,0.13897483716115425,0.40669871754997755,0.6565415436874316,0.12062253873892903
2021-07-02 22:30:00,0.2545327754532775,-0.06772908366533881,0.6720774385703647,0.6111408677021961,0.8246587533208569,0.00022271714922048998,0.5,0.6902055650963919,0.11550342378170345,0.13897483716115425,0.40669871754997755,0.6565415436874316,0.10548908369419256
2021-07-02 22:40:00,0.22036262203626222,0.09163346613545809,0.6711839166046163,0.6111408677021961,0.8246587533208569,0.00022271714922048998,0.5,0.6902055650963919,0.11550342378170345,0.13897483716115425,0.40669871754997755,0.6565415436874316,0.0788886038897355
2021-07-02 22:50:00,0.18270571827057183,0.6254980079681274,0.6667163067758748,0.6111408677021961,0.8246587533208569,0.00022271714922048998,0.5,0.6902055650963919,0.11550342378170345,0.13897483716115425,0.40669871754997755,0.6565415436874316,0.0564901851320971
2021-07-02 23:00:00,0.1324965132496513,0.6812749003984064,0.6643335815338791,0.6193536868416356,0.8298805145855963,0.00022271714922048998,0.5,0.5321122544920776,0.12856637941190815,0.2023442351630963,0.2824955797437341,0.7010984396336858,0.029293721803944052
2021-07-02 23:10:00,0.16457461645746163,0.5139442231075697,0.6616530156366343,0.62542403142296,0.8485165748387012,0.00022271714922048998,0.5,0.5321122544920776,0.12856637941190815,0.2023442351630963,0.2824955797437341,0.7010984396336858,0.0470374338005643
2021-07-02 23:20:00,0.11924686192468618,-0.3227091633466136,0.6571854058078928,0.6218532404927692,0.8524688853699075,0.00022271714922048998,0.5,0.5321122544920776,0.12856637941190815,0.2023442351630963,0.2824955797437341,0.7010984396336858,0.01340585723554174
2021-07-02 23:30:00,0.07740585774058578,0.21912350597609564,0.6571854058078928,0.6293519014461701,0.8410961772519664,0.02405345211581292,0.5,0.5321122544920776,0.12856637941190815,0.2023442351630963,0.2824955797437341,0.7010984396336858,0.0
2021-07-02 23:40:00,0.10390516039051603,0.7131474103585655,0.6556962025316453,0.5897161221210496,0.8425226734370705,0.6577951002227171,0.5,0.5321122544920776,0.12856637941190815,0.2023442351630963,0.2824955797437341,0.7010984396336858,0.0
2021-07-02 23:50:00,0.11506276150627615,0.549800796812749,0.6571854058078928,0.5925727548652027,0.8431901166062478,0.9995545657015591,0.5,0.5321122544920776,0.12856637941190815,0.2023442351630963,0.2824955797437341,0.7010984396336858,0.0
2021-07-03 00:00:00,0.08577405857740586,0.38645418326693215,0.6568875651526431,0.5990001785395467,0.8431901166062478,0.9995545657015591,0.5,0.49116186487796276,0.13025312709226958,0.2371025914846599,0.16408337959571964,0.8267834051439664,0.0
2021-07-03 00:10:00,0.0502092050209205,0.3614507487292209,0.660163812360387,0.5986430994465273,0.8431901166062478,0.9995545657015591,0.5,0.49116186487796276,0.13025312709226958,0.2371025914846599,0.16408337959571964,0.8267834051439664,0.0
2021-07-03 00:20:00,0.09483960948396096,0.33644731419150964,0.6533134772896498,0.5897161221210496,0.8431901166062478,0.9995545657015591,0.5,0.49116186487796276,0.13025312709226958,0.2371025914846599,0.16408337959571964,0.8267834051439664,0.0
2021-07-03 00:30:00,0.1596931659693166,0.3114438796537984,0.644080416976917,0.5793608284234957,0.8431901166062478,0.9995545657015591,0.5,0.49116186487796276,0.13025312709226958,0.2371025914846599,0.16408337959571964,0.8267834051439664,0.0
2021-07-03 00:40:00,0.18967921896792192,0.28644044511608735,0.637825763216679,0.5747188002142476,0.725445289290809,0.9995545657015591,0.5,0.49116186487796276,0.13025312709226958,0.2371025914846599,0.16408337959571964,0.8267834051439664,0.0
2021-07-03 00:50:00,0.0885634588563459,0.2614370105783761,0.6396128071481755,0.5943581503302982,0.6139953671591786,0.9995545657015591,0.5,0.49116186487796276,0.13025312709226958,0.2371025914846599,0.16408337959571964,0.8267834051439664,0.0
2021-07-03 01:00:00,0.08786610878661089,0.23643357604066484,0.6384214445271779,0.5840028566327442,0.6139953671591786,0.9995545657015591,0.5,0.4060935760949067,0.12550322263632505,0.25701874959498744,0.2070437755355113,0.9461542642377623,0.0
2021-07-03 01:10:00,0.04602510460251046,0.21143014150295358,0.6330603127326879,0.5740046420282092,0.6139953671591786,0.9995545657015591,0.5,0.4060935760949067,0.12550322263632505,0.25701874959498744,0.2070437755355113,0.9461542642377623,0.0
2021-07-03 01:20:00,0.03138075313807531,0.18642670696524233,0.627103499627699,0.5661489019817889,0.6139953671591786,0.9995545657015591,0.5,0.4060935760949067,0.12550322263632505,0.25701874959498744,0.2070437755355113,0.9461542642377623,0.0
2021-07-03 01:30:00,0.02510460251046025,0.16142327242753107,0.6208488458674608,0.5575790037493304,0.6139953671591786,0.9995545657015591,0.5,0.4060935760949067,0.12550322263632505,0.25701874959498744,0.2070437755355113,0.9461542642377623,0.0
2021-07-03 01:40:00,0.01882845188284519,0.13641983788981982,0.6145941921072224,0.549009105516872,0.6139953671591786,0.9995545657015591,0.5,0.4060935760949067,0.12550322263632505,0.25701874959498744,0.2070437755355113,0.9461542642377623,0.0
2021-07-03 01:50:00,0.06415620641562064,0.11141640335210856,0.6119136262099774,0.5440099982146045,0.6139953671591786,0.9995545657015591,0.5,0.4060935760949067,0.12550322263632505,0.25701874959498744,0.2070437755355113,0.9461542642377623,0.0
2021-07-03 02:00:00,0.099721059972106,0.08641296881439753,0.6125093075204764,0.5368684163542226,0.6139953671591786,0.9995545657015591,0.5,0.3977553037249062,0.12007517090173365,0.3131009007987641,0.28529343945914637,0.00871162041823482,0.0
2021-07-03 02:10:00,0.04672245467224547,0.06140953427668627,0.6125093075204764,0.5304409926798785,0.6139953671591786,0.9995545657015591,0.5,0.3977553037249062,0.12007517090173365,0.3131009007987641,0.28529343945914637,0.00871162041823482,0.0
2021-07-03 02:20:00,0.019525801952580198,0.03640609973897502,0.6122114668652268,0.5282985181217639,0.6139953671591786,0.9995545657015591,0.5,0.3977553037249062,0.12007517090173365,0.3131009007987641,0.28529343945914637,0.00871162041823482,0.0
2021-07-03 02:30:00,0.030683403068340307,0.011402665201263984,0.6068503350707368,0.5257989644706302,0.6139953671591786,0.9995545657015591,0.5,0.3977553037249062,0.12007517090173365,0.3131009007987641,0.28529343945914637,0.00871162041823482,0.0
2021-07-03 02:40:00,0.0404463040446304,-0.013600769336447271,0.6065524944154874,0.5200856989823246,0.6139953671591786,0.9995545657015591,0.5,0.3977553037249062,0.12007517090173365,0.3131009007987641,0.28529343945914637,0.00871162041823482,0.0
2021-07-03 02:50:00,0.028591352859135284,-0.03860420387415853,0.604169769173492,0.517586145331191,0.6139953671591786,0.9995545657015591,0.5,0.3977553037249062,0.12007517090173365,0.3131009007987641,0.28529343945914637,0.00871162041823482,0.0
2021-07-03 03:00:00,0.02370990237099024,-0.06360763841186978,0.5991064780342514,0.5147295125870381,0.6139953671591786,0.9995545657015591,0.5,0.3880083969738073,0.1168855798877623,0.3308300225336016,0.29448604546306917,0.05280261883902187,0.0
2021-07-03 03:10:00,0.05299860529986053,-0.08861107294958104,0.5949367088607593,0.5122299589359045,0.6139953671591786,0.9995545657015591,0.5,0.3880083969738073,0.1168855798877623,0.3308300225336016,0.29448604546306917,0.05280261883902187,0.0
2021-07-03 03:20:00,0.09135285913528592,-0.1136145074872923,0.5949367088607593,0.5083020889126941,0.6139953671591786,0.9995545657015591,0.5,0.3880083969738073,0.1168855798877623,0.3308300225336016,0.29448604546306917,0.05280261883902187,0.0
2021-07-03 03:30:00,0.08716875871687588,-0.13861794202500355,0.596128071481757,0.5058025352615605,0.6139953671591786,0.9995545657015591,0.5,0.3880083969738073,0.1168855798877623,0.3308300225336016,0.29448604546306917,0.05280261883902187,0.0
2021-07-03 03:40:00,0.03207810320781032,-0.1636213765627148,0.5904690990320176,0.5036600607034458,0.6139953671591786,0.9995545657015591,0.5,0.3880083969738073,0.1168855798877623,0.3308300225336016,0.29448604546306917,0.05280261883902187,0.0
2021-07-03 03:50:00,0.027196652719665274,-0.18862481110042584,0.5830230826507816,0.49723263702910203,0.6139953671591786,0.9995545657015591,0.5,0.3880083969738073,0.1168855798877623,0.3308300225336016,0.29448604546306917,0.05280261883902187,0.0
2021-07-03 04:00:00,0.013249651324965132,-0.2136282456381371,0.575874906924795,0.49044813426173883,0.6139953671591786,0.9995545657015591,0.5,0.3154311737319071,0.11220463956184697,0.4723618128687676,0.2730466667538936,0.07179911421614454,0.0
2021-07-03 04:10:00,0.010460251046025104,-0.23863168017584835,0.5681310498883096,0.4865202642385287,0.6139953671591786,0.9995545657015591,0.5,0.3154311737319071,0.11220463956184697,0.4723618128687676,0.2730466667538936,0.07179911421614454,0.0
2021-07-03 04:20:00,0.015341701534170154,-0.2636351147135595,0.5633655994043185,0.4797357614711659,0.6139953671591786,0.9995545657015591,0.5,0.3154311737319071,0.11220463956184697,0.4723618128687676,0.2730466667538936,0.07179911421614454,0.0
2021-07-03 04:30:00,0.019525801952580198,-0.28863854925127075,0.5577066269545792,0.47616497054097473,0.6139953671591786,0.9995545657015591,0.5,0.3154311737319071,0.11220463956184697,0.4723618128687676,0.2730466667538936,0.07179911421614454,0.0
2021-07-03 04:40:00,0.026499302649930265,-0.313641983788982,0.5538346984363365,0.46973754686663094,0.6139953671591786,0.9995545657015591,0.5,0.3154311737319071,0.11220463956184697,0.4723618128687676,0.2730466667538936,0.07179911421614454,0.0
2021-07-03 04:50:00,0.024407252440725242,-0.33864541832669326,0.5520476545048398,0.4658096768434208,0.6139953671591786,0.9995545657015591,0.5,0.3154311737319071,0.11220463956184697,0.4723618128687676,0.2730466667538936,0.07179911421614454,0.0
2021-07-03 05:00:00,0.015341701534170154,-0.24302788844621515,0.5466865227103499,0.46152472772719166,0.6139953671591786,0.9995545657015591,0.5,0.28347864718534943,0.1114431606260801,0.5293159379863719,0.21226014254555603,0.08594239132469983,0.0
2021-07-03 05:10:00,0.02510460251046025,-0.14741035856573714,0.542814594192107,0.4572397786109621,0.6139953671591786,0.9995545657015591,0.5,0.28347864718534943,0.1114431606260801,0.5293159379863719,0.21226014254555603,0.08594239132469983,0.0
2021-07-03 05:20:00,0.03556485355648536,-0.03927148548662496,0.5380491437081161,0.452597750401714,0.6139953671591786,0.9995545657015591,0.5,0.28347864718534943,0.1114431606260801,0.5293159379863719,0.21226014254555603,0.08594239132469983,0.0
2021-07-03 05:30:00,0.03347280334728033,0.06886738759248723,0.5362620997766194,0.44724156400642756,0.6139953671591786,0.9995545657015591,0.5,0.28347864718534943,0.1114431606260801,0.5293159379863719,0.21226014254555603,0.08594239132469983,0.0
2021-07-03 05:40:00,0.06415620641562064,0.1770062606715992,0.535368577810871,0.4450990894483129,0.6139953671591786,0.9995545657015591,0.5,0.28347864718534943,0.1114431606260801,0.5293159379863719,0.21226014254555603,0.08594239132469983,0.0
2021-07-03 05:50:00,0.10390516039051603,0.2851451337507114,0.5350707371556216,0.43617211212283524,0.6139953671591786,0.9995545657015591,0.5,0.28347864718534943,0.1114431606260801,0.5293159379863719,0.21226014254555603,0.08594239132469983,0.0
2021-07-03 06:00:00,0.07740585774058578,0.39328400682982356,0.5306031273268801,0.42938760935547227,0.6139953671591786,0.9995545657015591,0.5,0.4175587006036574,0.138609280847798,0.4236806607320193,0.3263919165798269,0.07406508588566933,0.0
2021-07-03 06:10:00,0.09623430962343095,0.5014228799089355,0.5234549516008933,0.4272451347973576,0.6139953671591786,0.9995545657015591,0.5,0.4175587006036574,0.138609280847798,0.4236806607320193,0.3263919165798269,0.07406508588566933,0.0
2021-07-03 06:20:00,0.11785216178521618,0.6095617529880477,0.5145197319434103,0.4254597393322621,0.6139953671591786,0.9995545657015591,0.5,0.4175587006036574,0.138609280847798,0.4236806607320193,0.3263919165798269,0.07406508588566933,0.0
2021-07-03 06:30:00,0.18131101813110181,-0.7211155378486056,0.5169024571854057,0.4208177111230138,0.6139953671591786,0.9995545657015591,0.5,0.4175587006036574,0.138609280847798,0.4236806607320193,0.3263919165798269,0.07406508588566933,0.0
2021-07-03 06:40:00,0.198744769874477,-0.03585657370517936,0.5166046165301563,0.4208177111230138,0.6139953671591786,0.10300668151447662,0.5,0.4175587006036574,0.138609280847798,0.4236806607320193,0.3263919165798269,0.07406508588566933,0.04950435294295156
2021-07-03 06:50:00,0.11854951185495119,0.2669322709163344,0.5246463142218911,0.45688269951794314,0.624870764680478,0.1765033407572383,0.5,0.4175587006036574,0.138609280847798,0.4236806607320193,0.3263919165798269,0.07406508588566933,0.019539206662944914
2021-07-03 07:00:00,0.0808926080892608,0.14741035856573692,0.5285182427401338,0.4868773433315481,0.6303804426064311,0.9993318485523385,0.5,0.45683980144238756,0.1396063872278424,0.36970400442226214,0.3266003615134184,0.06887160875757414,0.0
2021-07-03 07:10:00,0.15829846582984658,0.12350597609561742,0.5237527922561427,0.47723620782003207,0.6303804426064311,0.9993318485523385,0.5,0.45683980144238756,0.1396063872278424,0.36970400442226214,0.3266003615134184,0.06887160875757414,0.0
2021-07-03 07:20:00,0.13807531380753138,0.09960159362549792,0.5252419955323901,0.4690233886805928,0.6303804426064311,0.9993318485523385,0.5,0.45683980144238756,0.1396063872278424,0.36970400442226214,0.3266003615134184,0.06887160875757414,0.0
2021-07-03 07:30:00,0.2210599721059972,-0.6573705179282869,0.5276247207743856,0.46509551865738263,0.5942861629870045,0.4811804008908686,0.5,0.45683980144238756,0.1396063872278424,0.36970400442226214,0.3266003615134184,0.06887160875757414,0.025853614376027886
2021-07-03 07:40:00,0.22733612273361226,0.346613545816733,0.5288160833953832,0.47580789144795577,0.5905955948750834,0.00022271714922048998,0.5,0.45683980144238756,0.1396063872278424,0.36970400442226214,0.3266003615134184,0.06887160875757414,0.08679481569775337
2021-07-03 07:50:00,0.20502092050209206,0.10756972111553775,0.5407297096053609,0.48901981788966253,0.6026880946460588,0.00011135857461024499,0.5,0.45683980144238756,0.1396063872278424,0.36970400442226214,0.3266003615134184,0.06887160875757414,0.057606711227122534
2021-07-03 08:00:00,0.1799163179916318,0.3227091633466135,0.5520476545048398,0.5247277271915729,0.6157097800054966,0.00011135857461024499,0.5,0.431645844888789,0.14174714876424746,0.3687768663646715,0.2756094653887464,0.09734204581283884,0.03242452132715723
2021-07-03 08:10:00,0.1506276150627615,-0.33067729083665354,0.5612807148175725,0.5604356364934833,0.6172540602792791,0.00022271714922048998,0.5,0.431645844888789,0.14174714876424746,0.3687768663646715,0.2756094653887464,0.09734204581283884,0.02736243342335954
2021-07-03 08:20:00,0.12203626220362622,0.3067729083665336,0.5633655994043185,0.6111408677021961,0.5911059925926895,0.00022271714922048998,0.5,0.431645844888789,0.14174714876424746,0.3687768663646715,0.2756094653887464,0.09734204581283884,0.005212969808530863
2021-07-03 08:30:00,0.10460251046025104,0.06772908366533859,0.5621742367833207,0.6632744152829853,0.6046249885487691,0.00033407572383073496,0.5,0.431645844888789,0.14174714876424746,0.3687768663646715,0.2756094653887464,0.09734204581283884,0.0037116948564358677
2021-07-03 08:40:00,0.09762900976290097,0.1872509960159361,0.5294117647058822,0.6286377432601322,0.6046249885487691,0.00044543429844097997,0.5,0.431645844888789,0.14174714876424746,0.3687768663646715,0.2756094653887464,0.09734204581283884,0.004141708284925389
2021-07-03 08:50:00,0.11785216178521618,0.784860557768924,0.5204765450483988,0.5772183538653812,0.6165866171101019,0.00044543429844097997,0.5,0.431645844888789,0.14174714876424746,0.3687768663646715,0.2756094653887464,0.09734204581283884,0.022443683329058346
2021-07-03 09:00:00,0.12552301255230125,0.49800796812749004,0.5249441548771405,0.5482949473308338,0.6416746279985867,0.00033407572383073496,0.5,0.4040253176631625,0.14846827793693637,0.3406989512598793,0.3067276649061712,0.15082784910749483,0.028388430375545063
2021-07-03 09:10:00,0.18898186889818688,0.346613545816733,0.5303052866716305,0.5365113372612034,0.6587925822198374,0.00033407572383073496,0.5,0.4040253176631625,0.14846827793693637,0.3406989512598793,0.3067276649061712,0.15082784910749483,0.059794498845753434
2021-07-03 09:20:00,0.22454672245467225,0.05179282868525892,0.5377513030528664,0.5257989644706302,0.6618418814045098,0.00033407572383073496,0.5,0.4040253176631625,0.14846827793693637,0.3406989512598793,0.3067276649061712,0.15082784910749483,0.0849842328409554
2021-07-03 09:30:00,0.21408647140864714,0.17131474103585642,0.5454951600893521,0.5190144617032673,0.6825195325280391,0.000556792873051225,0.5,0.4040253176631625,0.14846827793693637,0.3406989512598793,0.3067276649061712,0.15082784910749483,0.0858668919836444
2021-07-03 09:40:00,0.19177126917712692,0.10756972111553775,0.5520476545048398,0.5232994108194964,0.6796534530368664,0.00033407572383073496,0.5,0.4040253176631625,0.14846827793693637,0.3406989512598793,0.3067276649061712,0.15082784910749483,0.06020187998853298
2021-07-03 09:50:00,0.1792189679218968,0.40239043824701204,0.5609828741623228,0.5154436707730763,0.6795356689481881,0.00044543429844097997,0.5,0.4040253176631625,0.14846827793693637,0.3406989512598793,0.3067276649061712,0.15082784910749483,0.05731249151289286
2021-07-03 10:00:00,0.16596931659693165,0.5537848605577689,0.5672375279225612,0.5183003035172289,0.6832916726649304,0.00044543429844097997,0.5,0.5895518778956734,0.15070386515213574,0.1907308513526692,0.21403209625648834,0.24684710854860042,0.0422469333252863
2021-07-03 10:10:00,0.11576011157601115,-0.01195219123505975,0.5767684288905432,0.5497232637029101,0.7229456491866354,0.000779510022271715,0.5,0.5895518778956734,0.15070386515213574,0.1907308513526692,0.21403209625648834,0.24684710854860042,0.0031911522851064476
2021-07-03 10:20:00,0.08926080892608089,0.031872509960159334,0.5901712583767682,0.5761471165863239,0.7229456491866354,0.9563474387527839,0.5,0.5895518778956734,0.15070386515213574,0.1907308513526692,0.21403209625648834,0.24684710854860042,0.0
2021-07-03 10:30:00,0.0808926080892608,0.07569721115537842,0.6145941921072224,0.596857703981432,0.7229456491866354,0.9993318485523385,0.5,0.5895518778956734,0.15070386515213574,0.1907308513526692,0.21403209625648834,0.24684710854860042,0.0
2021-07-03 10:40:00,0.11436541143654114,0.1195219123505975,0.6321667907669395,0.6125691840742724,0.7229456491866354,0.9993318485523385,0.5,0.5895518778956734,0.15070386515213574,0.1907308513526692,0.21403209625648834,0.24684710854860042,0.0
2021-07-03 10:50:00,0.099721059972106,0.1633466135458166,0.644080416976917,0.6247098732369221,0.7229456491866354,0.9993318485523385,0.5,0.5895518778956734,0.15070386515213574,0.1907308513526692,0.21403209625648834,0.24684710854860042,0.0
2021-07-03 11:00:00,0.1506276150627615,0.08025042686397255,0.6568875651526431,0.6397071951437245,0.7229456491866354,0.9993318485523385,0.5,0.6248347771329883,0.15170671854301732,0.17717936729136574,0.25858732738301077,0.4764425568764679,0.0
2021-07-03 11:10:00,0.13598326359832635,-0.002845759817871385,0.6676098287416232,0.6475629351901446,0.7229456491866354,0.9993318485523385,0.5,0.6248347771329883,0.15170671854301732,0.17717936729136574,0.25858732738301077,0.4764425568764679,0.0
2021-07-03 11:20:00,0.06206415620641562,-0.08594194649971543,0.6780342516753535,0.6586323870737367,0.7229456491866354,0.9993318485523385,0.5,0.6248347771329883,0.15170671854301732,0.17717936729136574,0.25858732738301077,0.4764425568764679,0.0
2021-07-03 11:30:00,0.06624825662482565,-0.1690381331815597,0.689054355919583,0.672915550794501,0.7229456491866354,0.9993318485523385,0.5,0.6248347771329883,0.15170671854301732,0.17717936729136574,0.25858732738301077,0.4764425568764679,0.0
2021-07-03 11:40:00,0.11366806136680613,-0.2521343198634035,0.7012658227848099,0.6864845563292268,0.7229456491866354,0.9993318485523385,0.5,0.6248347771329883,0.15170671854301732,0.17717936729136574,0.25858732738301077,0.4764425568764679,0.0
2021-07-03 11:50:00,0.08716875871687588,-0.33523050654524766,0.7099032017870437,0.6946973754686665,0.7229456491866354,0.9993318485523385,0.5,0.6248347771329883,0.15170671854301732,0.17717936729136574,0.25858732738301077,0.4764425568764679,0.0
2021-07-03 12:00:00,0.09762900976290097,-0.4183266932270917,0.7212211466865226,0.6996964827709338,0.7229456491866354,0.9993318485523385,0.5,0.6548656320760664,0.14402871206613574,0.18381352135302553,0.4430442415401255,0.6001865827526369,0.0
2021-07-03 12:10:00,0.17294281729428174,-0.3274900398406375,0.7265822784810125,0.6971969291198001,0.7229456491866354,0.9993318485523385,0.5,0.6548656320760664,0.14402871206613574,0.18381352135302553,0.4430442415401255,0.6001865827526369,0.0
2021-07-03 12:20:00,0.18200836820083682,-0.23665338645418332,0.7340282948622485,0.6954115336547044,0.7137977516326183,0.9993318485523385,0.5,0.6548656320760664,0.14402871206613574,0.18381352135302553,0.4430442415401255,0.6001865827526369,0.0
2021-07-03 12:30:00,0.11924686192468618,-0.14581673306772913,0.7447505584512284,0.7054097482592394,0.5633089476646034,0.9993318485523385,0.5,0.6548656320760664,0.14402871206613574,0.18381352135302553,0.4430442415401255,0.6001865827526369,0.0
2021-07-03 12:40:00,0.23221757322175732,-0.05498007968127505,0.7501116902457183,0.7218353865381182,0.44374501053513243,0.9746102449888642,0.5,0.6548656320760664,0.14402871206613574,0.18381352135302553,0.4430442415401255,0.6001865827526369,0.0
2021-07-03 12:50:00,0.30264993026499304,0.03585657370517925,0.7578555472822037,0.7261203356543473,0.3615317166376569,0.047438752783964366,0.5,0.6548656320760664,0.14402871206613574,0.18381352135302553,0.4430442415401255,0.6001865827526369,0.09734900493383829
2021-07-03 13:00:00,0.40794979079497906,0.09960159362549792,0.7596425912137004,0.7039814318871631,0.3653662430801848,0.07583518930957683,0.5,0.7678801743566104,0.13416109446074373,0.1484186849451472,0.6893721432415495,0.683754893290383,0.135039304736183
2021-07-03 13:10:00,0.3437935843793584,0.25630810092961465,0.7355174981384955,0.6757721835386539,0.36939707633717656,0.928619153674833,0.5,0.7678801743566104,0.13416109446074373,0.1484186849451472,0.6893721432415495,0.683754893290383,0.00788357952230789
2021-07-03 13:20:00,0.5550906555090656,0.4130146082337318,0.7379002233804914,0.6793429744688448,0.36939707633717656,0.9993318485523385,0.5,0.7678801743566104,0.13416109446074373,0.1484186849451472,0.6893721432415495,0.683754893290383,0.0
2021-07-03 13:30:00,0.3800557880055788,0.5697211155378485,0.7405807892777363,0.6793429744688448,0.36939707633717656,0.9993318485523385,0.5,0.7678801743566104,0.13416109446074373,0.1484186849451472,0.6893721432415495,0.683754893290383,0.0
2021-07-03 13:40:00,0.45397489539748953,-0.9920318725099602,0.7420699925539835,0.6739867880735582,0.36939707633717656,0.9993318485523385,0.5,0.7678801743566104,0.13416109446074373,0.1484186849451472,0.6893721432415495,0.683754893290383,0.0
2021-07-03 13:50:00,0.296373779637378,-0.1872509960159363,0.7498138495904689,0.6757721835386539,0.3712030990302443,0.33028953229398667,0.5,0.7678801743566104,0.13416109446074373,0.1484186849451472,0.6893721432415495,0.683754893290383,0.030236733708526337
2021-07-03 14:00:00,0.5369595536959554,0.12350597609561742,0.7548771407297095,0.6996964827709338,0.37230241719124213,0.054565701559020054,0.5,0.7677742782975114,0.11714994238621729,0.15985427535429647,0.911425549337117,0.7362368365695652,0.3681518475489235
2021-07-03 14:10:00,0.50697350069735,0.17928286852589648,0.7298585256887564,0.6668452062131762,0.3843556555993247,0.01202672605790646,0.5,0.7677742782975114,0.11714994238621729,0.15985427535429647,0.911425549337117,0.7362368365695652,0.4369539961072469
2021-07-03 14:20:00,0.48884239888423986,0.027888446215139417,0.7158600148920327,0.6507766470273164,0.38449961392993154,0.003006681514476615,0.5,0.7677742782975114,0.11714994238621729,0.15985427535429647,0.911425549337117,0.7362368365695652,0.4576851698175837
2021-07-03 14:30:00,0.41492329149232915,0.3705179282868525,0.7113924050632909,0.6461346188180683,0.3922602766617372,0.0566815144766147,0.5,0.7677742782975114,0.11714994238621729,0.15985427535429647,0.911425549337117,0.7362368365695652,0.3106884741312974
2021-07-03 14:40:00,0.691771269177127,0.25099601593625476,0.7093075204765449,0.6586323870737367,0.4524479459763647,0.19042316258351896,0.5,0.7677742782975114,0.11714994238621729,0.15985427535429647,0.911425549337117,0.7362368365695652,0.6358238906407955
2021-07-03 14:50:00,0.6248256624825663,-0.059760956175298974,0.6997766195085628,0.6497054097482591,0.4483124157516588,0.004342984409799555,0.5,0.7677742782975114,0.11714994238621729,0.15985427535429647,0.911425549337117,0.7362368365695652,0.7082094844365315
2021-07-03 15:00:00,0.690376569037657,-0.15537848605577698,0.6997766195085628,0.6511337261203356,0.4472130975906611,0.004120267260579065,0.5,0.7445346126689041,0.11399195993183986,0.18017497051888665,0.967235830470012,0.7676889026932806,0.9339967107744768
2021-07-03 15:10:00,0.6185495118549511,-0.20318725099601598,0.7009679821295605,0.6604177825388324,0.4295193100469828,0.00033407572383073496,0.5,0.7445346126689041,0.11399195993183986,0.18017497051888665,0.967235830470012,0.7676889026932806,0.7223169425290825
2021-07-03 15:20:00,0.7322175732217573,-0.3784860557768924,0.7116902457185403,0.6825566863060168,0.4308149350224444,0.01247216035634744,0.5,0.7445346126689041,0.11399195993183986,0.18017497051888665,0.967235830470012,0.7676889026932806,0.974259547052522
2021-07-03 15:30:00,0.5564853556485356,-0.21115537848605592,0.721518987341772,0.6996964827709338,0.4221905223069977,0.005233853006681514,0.5,0.7445346126689041,0.11399195993183986,0.18017497051888665,0.967235830470012,0.7676889026932806,0.5908459948398389
2021-07-03 15:40:00,0.6311018131101813,0.03585657370517925,0.7268801191362619,0.7214783074450992,0.4176754655743283,0.003006681514476615,0.5,0.7445346126689041,0.11399195993183986,0.18017497051888665,0.967235830470012,0.7676889026932806,0.6888890565354497
2021-07-03 15:50:00,0.9128312412831241,0.17928286852589648,0.7331347728965001,0.7236207820032137,0.4138409391318004,0.07104677060133631,0.5,0.7445346126689041,0.11399195993183986,0.18017497051888665,0.967235830470012,0.7676889026932806,0.7060745432050335
2021-07-03 16:00:00,0.8835425383542539,-0.42629482071713154,0.737006701414743,0.7136225673986787,0.4156862231877609,0.05412026726057907,0.5,0.7703881599200593,0.1017249653024208,0.17111866669659484,0.9925510951732885,0.7863116959389254,0.7232599544336649
2021-07-03 16:10:00,0.8633193863319387,-0.043824701195219196,0.7408786299329855,0.7232637029101947,0.39406629935480497,0.04164810690423163,0.5,0.7703881599200593,0.1017249653024208,0.17111866669659484,0.9925510951732885,0.7863116959389254,0.7404454033827723
2021-07-03 16:20:00,0.6206415620641562,-0.0916334661354582,0.7432613551749814,0.7396893411890735,0.394930049338446,0.002561247216035635,0.5,0.7703881599200593,0.1017249653024208,0.17111866669659484,0.9925510951732885,0.7863116959389254,0.7576308523318799
2021-07-03 16:30:00,0.810320781032078,-0.1633466135458168,0.74385703648548,0.7621853240492771,0.40482391278742597,0.03574610244988864,0.5,0.7703881599200593,0.1017249653024208,0.17111866669659484,0.9925510951732885,0.7863116959389254,0.7276732501471098
2021-07-03 16:40:00,0.6331938633193863,-0.03585657370517936,0.737006701414743,0.759328691305124,0.42417976469356505,0.010133630289532295,0.5,0.7703881599200593,0.1017249653024208,0.17111866669659484,0.9925510951732885,0.7863116959389254,0.6977156479623399
2021-07-03 16:50:00,0.697350069735007,-0.043824701195219196,0.7387937453462394,0.7768255668630601,0.4032796325136433,0.025278396436525612,0.5,0.7703881599200593,0.1017249653024208,0.17111866669659484,0.9925510951732885,0.7863116959389254,0.8623806146928799
2021-07-03 17:00:00,0.8291492329149234,-0.01195219123505975,0.746537602382725,0.7753972504909838,0.4128855793014095,0.07037861915367484,0.5,0.7689712873258592,0.09686012062975816,0.17836190899387325,0.9564082842426906,0.8101668894962611,0.8967892330672783
2021-07-03 17:10:00,0.7245467224546723,-0.07569721115537853,0.7486224869694713,0.7800392787002322,0.41554226485715406,0.07973273942093542,0.5,0.7689712873258592,0.09686012062975816,0.17836190899387325,0.9564082842426906,0.8101668894962611,0.6218522262625044
2021-07-03 17:20:00,0.8291492329149234,0.08366533864541825,0.7471332836932238,0.7836100696304231,0.4066822839643507,0.11971046770601337,0.5,0.7689712873258592,0.09686012062975816,0.17836190899387325,0.9564082842426906,0.8101668894962611,0.5598322193219367
2021-07-03 17:30:00,0.696652719665272,-0.043824701195219196,0.7477289650037229,0.7764684877700412,0.41456073078483463,0.07338530066815145,0.5,0.7689712873258592,0.09686012062975816,0.17836190899387325,0.9564082842426906,0.8101668894962611,0.5681382681774975
2021-07-03 17:40:00,0.8235704323570433,0.08366533864541825,0.7548771407297095,0.7782538832351364,0.4213791208072136,0.1267260579064588,0.5,0.7689712873258592,0.09686012062975816,0.17836190899387325,0.9564082842426906,0.8101668894962611,0.5372904627548019
2021-07-03 17:50:00,0.789400278940028,-0.2509960159362551,0.7501116902457183,0.7689698268166398,0.413618458075408,0.12082405345211582,0.5,0.7689712873258592,0.09686012062975816,0.17836190899387325,0.9564082842426906,0.8101668894962611,0.4352113101075788
2021-07-03 18:00:00,0.9184100418410042,0.3705179282868525,0.7521965748324644,0.7575432958400286,0.4093651437620238,0.1688195991091314,0.5,0.7262050888142741,0.0892137227124747,0.20253432953436265,0.7381730566459467,0.8503418843128598,0.4310394254417068
2021-07-03 18:10:00,0.9239888423988842,-0.043824701195219196,0.7495160089352195,0.7479021603285128,0.43320987815890377,0.15534521158129175,0.5,0.7262050888142741,0.0892137227124747,0.20253432953436265,0.7381730566459467,0.8503418843128598,0.467681096006156
2021-07-03 18:20:00,0.7510460251046025,-0.11553784860557781,0.746537602382725,0.7386181039100161,0.43391658269097383,0.1275055679287305,0.5,0.7262050888142741,0.0892137227124747,0.20253432953436265,0.7381730566459467,0.8503418843128598,0.37152405811970973
2021-07-03 18:30:00,0.8444909344490934,-0.059760956175298974,0.7450483991064778,0.7336189966077487,0.4241535904516366,0.166815144766147,0.5,0.7262050888142741,0.0892137227124747,0.20253432953436265,0.7381730566459467,0.8503418843128598,0.31388717051164056
2021-07-03 18:40:00,0.6736401673640168,0.11553784860557759,0.7408786299329855,0.735047312979825,0.4181204276871131,0.09721603563474389,0.5,0.7262050888142741,0.0892137227124747,0.20253432953436265,0.7381730566459467,0.8503418843128598,0.38717805573577563
2021-07-03 18:50:00,0.7873082287308228,-0.07569721115537853,0.7456440804169768,0.7257632565613283,0.429021999450341,0.11180400890868596,0.5,0.7262050888142741,0.0892137227124747,0.20253432953436265,0.7381730566459467,0.8503418843128598,0.4581151832460733
2021-07-03 19:00:00,0.9205020920502092,-0.0916334661354582,0.7405807892777363,0.7175504374218891,0.43374645011843843,0.15167037861915367,0.5,0.7214740864838938,0.12679630007442255,0.20779546707987784,0.6438876523779001,0.8830890124178341,0.4809813359083845
2021-07-03 19:10:00,0.8165969316596933,0.3067729083665336,0.7387937453462394,0.7043385109801821,0.4305139312402665,0.14844097995545658,0.5,0.7214740864838938,0.12679630007442255,0.20779546707987784,0.6438876523779001,0.8830890124178341,0.4009309413522037
2021-07-03 19:20:00,0.8019525801952581,-0.07569721115537853,0.7346239761727476,0.7004106409569719,0.4266139691929173,0.1267260579064588,0.5,0.7214740864838938,0.12679630007442255,0.20779546707987784,0.6438876523779001,0.8830890124178341,0.4442868566772787
2021-07-03 19:30:00,0.7789400278940027,0.027888446215139417,0.731049888309754,0.6975540082128191,0.4243760715080289,0.0979955456570156,0.5,0.7214740864838938,0.12679630007442255,0.20779546707987784,0.6438876523779001,0.8830890124178341,0.581529037222566
2021-07-03 19:40:00,0.8124128312412832,0.1633466135458166,0.7253909158600147,0.6975540082128191,0.42984648807108927,0.1178173719376392,0.5,0.7214740864838938,0.12679630007442255,0.20779546707987784,0.6438876523779001,0.8830890124178341,0.5330733135175099
2021-07-03 19:50:00,0.694560669456067,-0.1394422310756973,0.7206254653760236,0.6979110873058383,0.44006752954417555,0.07204899777282851,0.5,0.7214740864838938,0.12679630007442255,0.20779546707987784,0.6438876523779001,0.8830890124178341,0.5610468186550388
2021-07-03 20:00:00,0.7629009762900976,0.20318725099601576,0.7197319434102754,0.7011247991430103,0.4308803706272657,0.09175946547884188,0.5,0.7256106367004722,0.12272166939170841,0.19416066613937355,0.5103236500381072,0.8902529822454579,0.5496476907524481
2021-07-03 20:10:00,0.7357043235704324,0.346613545816733,0.7164556962025315,0.6993394036779146,0.4345185902553297,0.07850779510022272,0.5,0.7256106367004722,0.12272166939170841,0.19416066613937355,0.5103236500381072,0.8902529822454579,0.6661360653016883
2021-07-03 20:20:00,0.7336122733612274,-0.2828685258964144,0.7096053611317943,0.7025531155150866,0.4440591014382746,0.07227171492204901,0.5,0.7256106367004722,0.12272166939170841,0.19416066613937355,0.5103236500381072,0.8902529822454579,0.678795057108801
2021-07-03 20:30:00,0.6994421199442119,-0.06772908366533881,0.7036485480268053,0.7071951437243349,0.4501053513237623,0.0665924276169265,0.5,0.7256106367004722,0.12272166939170841,0.19416066613937355,0.5103236500381072,0.8902529822454579,0.6355673914027491
2021-07-03 20:40:00,0.6743375174337517,-0.003984063745020028,0.6991809381980638,0.7104088555615069,0.4345185902553297,0.08195991091314032,0.5,0.7256106367004722,0.12272166939170841,0.19416066613937355,0.5103236500381072,0.8902529822454579,0.5288712524706912
2021-07-03 20:50:00,0.6708507670850766,0.05179282868525892,0.6970960536113178,0.7082663810033922,0.44577351428459255,0.07249443207126949,0.5,0.7256106367004722,0.12272166939170841,0.19416066613937355,0.5103236500381072,0.8902529822454579,0.5485387087526593
2021-07-03 21:00:00,0.6785216178521618,0.3227091633466135,0.6908413998510794,0.7057668273522584,0.4470167907761972,0.03507795100222717,0.5,0.7196582442333344,0.14306034074027293,0.21720177788328715,0.35674369040327697,0.906767822621596,0.7358435052884108
2021-07-03 21:10:00,0.5767085076708507,-0.02788844621513953,0.6860759493670885,0.7029101946081058,0.4515318475088665,0.0044543429844098,0.5,0.7196582442333344,0.14306034074027293,0.21720177788328715,0.35674369040327697,0.906767822621596,0.6241003666430285
2021-07-03 21:20:00,0.5899581589958159,0.24302788844621515,0.6804169769173491,0.7068380646313157,0.4538351807985761,0.0006681514476614699,0.5,0.7196582442333344,0.14306034074027293,0.21720177788328715,0.35674369040327697,0.906767822621596,0.6689500128249619
2021-07-03 21:30:00,0.5536959553695956,0.2111553784860556,0.6747580044676096,0.7104088555615069,0.4644750101425187,0.00022271714922048998,0.5,0.7196582442333344,0.14306034074027293,0.21720177788328715,0.35674369040327697,0.906767822621596,0.5526049760852181
2021-07-03 21:40:00,0.4707112970711297,-0.1872509960159363,0.6670141474311242,0.7143367255847171,0.4599861276517779,0.00033407572383073496,0.5,0.7196582442333344,0.14306034074027293,0.21720177788328715,0.35674369040327697,0.906767822621596,0.3873364817357454
2021-07-03 21:50:00,0.50278940027894,0.2828685258964143,0.6604616530156364,0.7132654883056597,0.4607190064257764,0.00022271714922048998,0.5,0.7196582442333344,0.14306034074027293,0.21720177788328715,0.35674369040327697,0.906767822621596,0.4523288621995564
2021-07-03 22:00:00,0.5467224546722455,0.3067729083665336,0.6562918838421443,0.7025531155150866,0.4725366766565024,0.00022271714922048998,0.5,0.5943806381313197,0.15512331648501257,0.2766135607161295,0.2491918817481867,0.9782847284737165,0.539825278754319
2021-07-03 22:10:00,0.5753138075313807,0.3545816733067728,0.650037230081906,0.6954115336547044,0.4806637787753072,0.00011135857461024499,0.5,0.5943806381313197,0.15512331648501257,0.2766135607161295,0.2491918817481867,0.9782847284737165,0.5966624922673024
2021-07-03 22:20:00,0.5788005578800558,0.11553784860557759,0.6467609828741621,0.6893411890733796,0.4892489301278612,0.00011135857461024499,0.5,0.5943806381313197,0.15512331648501257,0.2766135607161295,0.2491918817481867,0.9782847284737165,0.5546645140848259
2021-07-03 22:30:00,0.47419804741980476,0.15537848605577675,0.6381236038719285,0.6836279235850742,0.4892489301278612,0.00033407572383073496,0.5,0.5943806381313197,0.15512331648501257,0.2766135607161295,0.2491918817481867,0.9782847284737165,0.33531240098375004
2021-07-03 22:40:00,0.25732217573221755,0.3705179282868525,0.6354430379746834,0.680057132654883,0.4959626231825261,0.00044543429844097997,0.5,0.5943806381313197,0.15512331648501257,0.2766135607161295,0.2491918817481867,0.9782847284737165,0.12388158788116542
2021-07-03 22:50:00,0.3577405857740586,0.7928286852589641,0.6199553239017124,0.686841635422246,0.5838295533365615,0.00033407572383073496,0.5,0.5943806381313197,0.15512331648501257,0.2766135607161295,0.2491918817481867,0.9782847284737165,0.20298142643752737
2021-07-03 23:00:00,0.4093444909344491,0.1633466135458166,0.5934475055845121,0.6632744152829853,0.6103702346520788,0.00022271714922048998,0.5,0.5151507076024697,0.16465473395649974,0.3249836378077034,0.3612401376500546,0.0949789623618825,0.2913680462302156
2021-07-03 23:10:00,0.40794979079497906,-0.26693227091633476,0.5797468354430377,0.6364934833065523,0.6195312193270602,0.00022271714922048998,0.5,0.5151507076024697,0.16465473395649974,0.3249836378077034,0.3612401376500546,0.0949789623618825,0.29436305203916896
2021-07-03 23:20:00,0.3521617852161785,0.043824701195219085,0.5714072970960533,0.6204249241206927,0.615173208045962,0.000556792873051225,0.5,0.5151507076024697,0.16465473395649974,0.3249836378077034,0.3612401376500546,0.0949789623618825,0.19557312491512893
2021-07-03 23:30:00,0.3507670850767085,0.1394422310756971,0.5642591213700667,0.607212997678986,0.6112208975147557,0.0008908685968819599,0.5,0.5151507076024697,0.16465473395649974,0.3249836378077034,0.3612401376500546,0.0949789623618825,0.19628226986737482
2021-07-03 23:40:00,0.4093444909344491,0.043824701195219085,0.5553239017125835,0.5890019639350117,0.62668987449451,0.0016703786191536749,0.5,0.5151507076024697,0.16465473395649974,0.3249836378077034,0.3612401376500546,0.0949789623618825,0.27860343708978985
2021-07-03 23:50:00,0.3856345885634589,-0.01195219123505975,0.5451973194341024,0.5732904838421709,0.62810328355865,0.004120267260579065,0.5,0.5151507076024697,0.16465473395649974,0.3249836378077034,0.3612401376500546,0.0949789623618825,0.25019991852377144
2021-07-04 00:00:00,0.3884239888423989,-0.1872509960159363,0.5350707371556216,0.5629351901446169,0.6196097420528458,0.002561247216035635,0.5,0.4645917932055086,0.16925808963612804,0.3822423704501787,0.560397572887517,0.14193093231677487,0.2576534846175898
2021-07-04 00:10:00,0.509065550906555,-0.003984063745020028,0.5258376768428887,0.5450812354936618,0.6201724882543089,0.00044543429844097997,0.5,0.4645917932055086,0.16925808963612804,0.3822423704501787,0.560397572887517,0.14193093231677487,0.4790047829563801
2021-07-04 00:20:00,0.4755927475592748,-0.2828685258964144,0.5163067758749067,0.5172290662381716,0.6201724882543089,0.00033407572383073496,0.5,0.4645917932055086,0.16925808963612804,0.3822423704501787,0.560397572887517,0.14193093231677487,0.4271164959186445
2021-07-04 00:30:00,0.4665271966527197,-0.01195219123505975,0.5079672375279223,0.5093733261917515,0.6150815981992122,0.00033407572383073496,0.5,0.4645917932055086,0.16925808963612804,0.3822423704501787,0.560397572887517,0.14193093231677487,0.4062721607797577
2021-07-04 00:40:00,0.5432357043235705,-0.0916334661354582,0.5020104244229335,0.5033029816104269,0.6089175642250461,0.00033407572383073496,0.5,0.4645917932055086,0.16925808963612804,0.3822423704501787,0.560397572887517,0.14193093231677487,0.573072106462272
2021-07-04 00:50:00,0.48535564853556484,-0.08366533864541836,0.4960536113179448,0.48402071058739504,0.6089044771040818,0.00033407572383073496,0.5,0.4645917932055086,0.16925808963612804,0.3822423704501787,0.560397572887517,0.14193093231677487,0.4376933174404393
2021-07-04 01:00:00,0.49581589958159,0.05976095617529875,0.4877140729709606,0.47473665416889843,0.6185104238918481,0.00044543429844097997,0.5,0.35838464984092244,0.17234136094963495,0.4708498080731647,0.6225093533864269,0.15525988777469393,0.45642530591306185
2021-07-04 01:10:00,0.3898186889818689,0.13147410358565725,0.4778853313477287,0.487591501517586,0.6233003101647668,0.004342984409799555,0.5,0.35838464984092244,0.17234136094963495,0.4708498080731647,0.6225093533864269,0.15525988777469393,0.2592302005220514
2021-07-04 01:20:00,0.45676429567642957,-0.2749003984063746,0.46805658972449726,0.48402071058739504,0.6165080943843164,0.0016703786191536749,0.5,0.35838464984092244,0.17234136094963495,0.4708498080731647,0.6225093533864269,0.15525988777469393,0.3743983584048765
2021-07-04 01:30:00,0.4211994421199442,0.3306772908366533,0.4626954579300073,0.46295304409926796,0.6139168444333931,0.0027839643652561247,0.5,0.35838464984092244,0.17234136094963495,0.4708498080731647,0.6225093533864269,0.15525988777469393,0.32493172593810826
2021-07-04 01:40:00,0.28451882845188287,0.2669322709163344,0.46001489203276225,0.452597750401714,0.6281948934053997,0.00044543429844097997,0.5,0.35838464984092244,0.17234136094963495,0.4708498080731647,0.6225093533864269,0.15525988777469393,0.13408120464112738
2021-07-04 01:50:00,0.3933054393305439,-0.2509960159362551,0.45346239761727447,0.45045527584359935,0.6189684731255971,0.00022271714922048998,0.5,0.35838464984092244,0.17234136094963495,0.4708498080731647,0.6225093533864269,0.15525988777469393,0.2645714199496054
2021-07-04 02:00:00,0.3096234309623431,0.6175298804780875,0.44452717795979146,0.43760042849491154,0.6458494195861852,0.00033407572383073496,0.5,0.3458935509466774,0.1696747479217364,0.46418445773710093,0.5826268110722369,0.15115433858099844,0.16576640463509212
2021-07-04 02:10:00,0.25871687587168757,-0.07569721115537853,0.43618763961280704,0.4229601856811285,0.6596170708405857,0.00022271714922048998,0.5,0.3458935509466774,0.1696747479217364,0.46418445773710093,0.5826268110722369,0.15115433858099844,0.1133802073117371
2021-07-04 02:20:00,0.401673640167364,0.22709163346613526,0.43142218912881614,0.41010533833244045,0.6539110861001688,0.00033407572383073496,0.5,0.3458935509466774,0.1696747479217364,0.46418445773710093,0.5826268110722369,0.15115433858099844,0.281756868898713
2021-07-04 02:30:00,0.4951185495118549,-0.26693227091633476,0.4233804914370811,0.3908230673094091,0.6529295520278493,0.00033407572383073496,0.5,0.3458935509466774,0.1696747479217364,0.46418445773710093,0.5826268110722369,0.15115433858099844,0.519516574377235
2021-07-04 02:40:00,0.41562064156206413,-0.2589641434262948,0.41772151898734156,0.3965363327977147,0.6219915980683409,0.00022271714922048998,0.5,0.3458935509466774,0.1696747479217364,0.46418445773710093,0.5826268110722369,0.15115433858099844,0.32322676041462345
2021-07-04 02:50:00,0.4198047419804742,0.4183266932270917,0.4162323157110943,0.38832351365827544,0.6325005562026409,0.00033407572383073496,0.5,0.3458935509466774,0.1696747479217364,0.46418445773710093,0.5826268110722369,0.15115433858099844,0.3304540036513421
2021-07-04 03:00:00,0.4225941422594142,-0.1872509960159363,0.41355174981384923,0.37832529905374046,0.6380494954914868,0.00022271714922048998,0.5,0.3435565333199031,0.17650507030031043,0.4429202654929766,0.5476525249363431,0.14742366802838522,0.37046788478657755
2021-07-04 03:10:00,0.30613668061366806,0.12350597609561742,0.4117647058823528,0.379753615425817,0.623051654866446,0.00022271714922048998,0.5,0.3435565333199031,0.17650507030031043,0.4429202654929766,0.5476525249363431,0.14742366802838522,0.15158350559017458
2021-07-04 03:20:00,0.4860529986052998,0.2589641434262948,0.4067014147431123,0.37154079628637726,0.6521574118909582,0.00033407572383073496,0.5,0.3435565333199031,0.17650507030031043,0.4429202654929766,0.5476525249363431,0.14742366802838522,0.4551805301990133
2021-07-04 03:30:00,0.38702928870292885,-0.29083665338645437,0.40074460163812353,0.3647562935190145,0.6306814463886089,0.00022271714922048998,0.5,0.3435565333199031,0.17650507030031043,0.4429202654929766,0.5476525249363431,0.14742366802838522,0.2876638954690164
2021-07-04 03:40:00,0.34239888423988846,0.298804780876494,0.39329858525688755,0.36368505623995717,0.6178298936017066,0.00022271714922048998,0.5,0.3435565333199031,0.17650507030031043,0.4429202654929766,0.5476525249363431,0.14742366802838522,0.19751950148618677
2021-07-04 03:50:00,0.3368200836820084,-0.2589641434262948,0.39002233804914366,0.35440099982146056,0.6209969768750573,0.00022271714922048998,0.5,0.3435565333199031,0.17650507030031043,0.4429202654929766,0.5476525249363431,0.14742366802838522,0.19389833577259077
2021-07-04 04:00:00,0.3591352859135286,0.027888446215139417,0.3879374534623974,0.34297446884484906,0.6217298556490558,0.00033407572383073496,0.5,0.2846512083991082,0.18041016416336392,0.47703504013730424,0.5138935045869413,0.14446358375733082,0.22762044148045327
2021-07-04 04:10:00,0.2719665271966527,-0.3067729083665339,0.3840655249441547,0.3361899660774863,0.6159846095457461,0.00022271714922048998,0.5,0.2846512083991082,0.18041016416336392,0.47703504013730424,0.5138935045869413,0.14446358375733082,0.12597130226171974
2021-07-04 04:20:00,0.33333333333333337,0.1633466135458166,0.3795979151154132,0.3265488305659703,0.623915404850087,0.00022271714922048998,0.5,0.2846512083991082,0.18041016416336392,0.47703504013730424,0.5138935045869413,0.14446358375733082,0.18817991158320382
2021-07-04 04:30:00,0.3270571827057183,-0.1872509960159363,0.3769173492181681,0.3186930905195502,0.6296868251953253,0.00022271714922048998,0.5,0.2846512083991082,0.18041016416336392,0.47703504013730424,0.5138935045869413,0.14446358375733082,0.18053019901323236
2021-07-04 04:40:00,0.2796373779637378,-0.12350597609561753,0.37155621742367817,0.31119442956614884,0.6179869390532777,0.00022271714922048998,0.5,0.2846512083991082,0.18041016416336392,0.47703504013730424,0.5138935045869413,0.14446358375733082,0.13190850521296982
2021-07-04 04:50:00,0.3326359832635983,0.4183266932270917,0.36619508562918823,0.30119621496161386,0.6251848555836202,0.00022271714922048998,0.5,0.2846512083991082,0.18041016416336392,0.47703504013730424,0.5138935045869413,0.14446358375733082,0.18192585663201413
2021-07-04 05:00:00,0.3458856345885635,-0.14741035856573714,0.3655994043186892,0.29476879128727007,0.6255382078496552,0.00022271714922048998,0.5,0.26810494082661607,0.18401353995753134,0.4853581046969796,0.5027729456818918,0.1409228856054556,0.19301567662990177
2021-07-04 05:10:00,0.36750348675034866,-0.2589641434262948,0.3638123603871928,0.2951258703802895,0.6093363520959024,0.00022271714922048998,0.5,0.26810494082661607,0.18401353995753134,0.4853581046969796,0.5027729456818918,0.1409228856054556,0.22215851652911267
2021-07-04 05:20:00,0.39121338912133896,0.09960159362549792,0.3638123603871928,0.29191215854311725,0.6046642499116619,0.00022271714922048998,0.5,0.26810494082661607,0.18401353995753134,0.4853581046969796,0.5027729456818918,0.1409228856054556,0.27498227137619385
2021-07-04 05:30:00,0.3403068340306834,-0.15537848605577698,0.3641102010424422,0.28727013033386894,0.6046642499116619,0.00022271714922048998,0.5,0.26810494082661607,0.18401353995753134,0.4853581046969796,0.5027729456818918,0.1409228856054556,0.1940643058677973
2021-07-04 05:40:00,0.29288702928870297,0.17928286852589648,0.3605361131794489,0.2847705766827351,0.6046642499116619,0.00022271714922048998,0.5,0.26810494082661607,0.18401353995753134,0.4853581046969796,0.5027729456818918,0.1409228856054556,0.1480528690194185
2021-07-04 05:50:00,0.301255230125523,-0.3944223107569722,0.356664184661206,0.2847705766827351,0.5995995340984936,0.00022271714922048998,0.5,0.26810494082661607,0.18401353995753134,0.4853581046969796,0.5027729456818918,0.1409228856054556,0.1451785687342517
2021-07-04 06:00:00,0.3856345885634589,0.09960159362549792,0.3605361131794489,0.28405641849669716,0.5907788145685829,0.00022271714922048998,0.5,0.3538735444294836,0.21910766162749498,0.41670537667789354,0.4955035009493765,0.1246718468032577,0.25958477299817434
2021-07-04 06:10:00,0.3507670850767085,0.01195219123505975,0.35785554728220403,0.27798607391537233,0.5907788145685829,0.00022271714922048998,0.5,0.3538735444294836,0.21910766162749498,0.41670537667789354,0.4955035009493765,0.1246718468032577,0.201223652247386
2021-07-04 06:20:00,0.401673640167364,-0.1633466135458168,0.3545793000744599,0.27584359935725766,0.5907788145685829,0.00022271714922048998,0.5,0.3538735444294836,0.21910766162749498,0.41670537667789354,0.4955035009493765,0.1246718468032577,0.27176848680537746
2021-07-04 06:30:00,0.35564853556485354,0.20318725099601576,0.35964259121370046,0.2765577575432958,0.5831621101673843,0.00022271714922048998,0.5,0.3538735444294836,0.21910766162749498,0.41670537667789354,0.4955035009493765,0.1246718468032577,0.23785777871659855
2021-07-04 06:40:00,0.4379358437935844,-0.09960159362549814,0.3602382725241995,0.2754865202642385,0.582939629110992,0.00022271714922048998,0.5,0.3538735444294836,0.21910766162749498,0.41670537667789354,0.4955035009493765,0.1246718468032577,0.35330506812317997
2021-07-04 06:50:00,0.3849372384937238,0.05976095617529875,0.36679076693968726,0.28762720942688813,0.5777047807252883,0.00022271714922048998,0.5,0.3538735444294836,0.21910766162749498,0.41670537667789354,0.4955035009493765,0.1246718468032577,0.2659595334731506
2021-07-04 07:00:00,0.4302649930264993,0.01195219123505975,0.37096053611317936,0.2951258703802895,0.5838688146994543,0.00022271714922048998,0.5,0.35135738735911204,0.2423342059211448,0.39697804479759646,0.4342202745961954,0.13060193731712938,0.34683977850536385
2021-07-04 07:10:00,0.4735006973500697,-0.17131474103585675,0.3804914370811614,0.30048205677557593,0.5833976783447409,0.00022271714922048998,0.5,0.35135738735911204,0.2423342059211448,0.39697804479759646,0.4342202745961954,0.13060193731712938,0.44126921858261536
2021-07-04 07:20:00,0.4839609483960949,-0.3067729083665339,0.39032017870439306,0.3054811640778434,0.5813168261114238,0.00022271714922048998,0.5,0.35135738735911204,0.2423342059211448,0.39697804479759646,0.4342202745961954,0.13060193731712938,0.4287007559183427
2021-07-04 07:30:00,0.3849372384937238,0.13147410358565725,0.39478778853313456,0.3136939832172827,0.5812906518694951,0.00022271714922048998,0.5,0.35135738735911204,0.2423342059211448,0.39697804479759646,0.4342202745961954,0.13060193731712938,0.2714742670911478
2021-07-04 07:40:00,0.35355648535564854,0.2111553784860556,0.3894266567386446,0.315122299589359,0.5865255002551988,0.00033407572383073496,0.5,0.35135738735911204,0.2423342059211448,0.39697804479759646,0.4342202745961954,0.13060193731712938,0.20401496748494954
2021-07-04 07:50:00,0.3207810320781032,0.06772908366533859,0.39478778853313456,0.32047848598464546,0.5826255382078497,0.00033407572383073496,0.5,0.35135738735911204,0.2423342059211448,0.39697804479759646,0.4342202745961954,0.13060193731712938,0.16845964663457913
2021-07-04 08:00:00,0.3235704323570432,0.09163346613545809,0.40104244229337294,0.32226388144974116,0.5813168261114238,0.00033407572383073496,0.5,0.3636855897643372,0.24097503785843458,0.38804779421415636,0.37039504347298,0.15753294573329082,0.17866680748977776
2021-07-04 08:10:00,0.2705718270571827,0.043824701195219085,0.4064035740878629,0.3236921978218177,0.5813168261114238,0.00022271714922048998,0.5,0.3636855897643372,0.24097503785843458,0.38804779421415636,0.37039504347298,0.15753294573329082,0.1229989287384764
2021-07-04 08:20:00,0.23500697350069735,0.47410358565737054,0.4150409530900967,0.33083377968219985,0.5813168261114238,0.00022271714922048998,0.5,0.3636855897643372,0.24097503785843458,0.38804779421415636,0.37039504347298,0.15753294573329082,0.09193988864915431
2021-07-04 08:30:00,0.23570432357043236,0.22709163346613526,0.42457185405807873,0.33868951972861994,0.5909227728991898,0.00022271714922048998,0.5,0.3636855897643372,0.24097503785843458,0.38804779421415636,0.37039504347298,0.15753294573329082,0.09958205712388914
2021-07-04 08:40:00,0.2580195258019526,0.05179282868525892,0.43559195830230824,0.3461881806820213,0.595215348575467,0.000556792873051225,0.5,0.3636855897643372,0.24097503785843458,0.38804779421415636,0.37039504347298,0.15753294573329082,0.11792175264420539
2021-07-04 08:50:00,0.2824267782426778,0.29083665338645415,0.4466120625465375,0.35440099982146056,0.595215348575467,0.00044543429844097997,0.5,0.3636855897643372,0.24097503785843458,0.38804779421415636,0.37039504347298,0.15753294573329082,0.1456689349246345
2021-07-04 09:00:00,0.25662482566248257,0.11553784860557759,0.4588235294117644,0.36404213533297636,0.6086950831686537,0.00044543429844097997,0.5,0.38546775873575756,0.25987983000341836,0.38378176709647777,0.42264975453809045,0.199432269594027,0.12297629645276642
2021-07-04 09:10:00,0.2398884239888424,0.2828685258964143,0.4698436336559937,0.3779682199607215,0.6130138330868592,0.00022271714922048998,0.5,0.38546775873575756,0.25987983000341836,0.38378176709647777,0.42264975453809045,0.199432269594027,0.09878992712404001
2021-07-04 09:20:00,0.2712691771269177,-0.14741035856573714,0.47967237527922557,0.38975183003035174,0.6228553480519822,0.00044543429844097997,0.5,0.38546775873575756,0.25987983000341836,0.38378176709647777,0.42264975453809045,0.199432269594027,0.12519426045234394
2021-07-04 09:30:00,0.28661087866108786,-0.03585657370517936,0.48801191362620977,0.39617925370469576,0.6165735299891377,0.00044543429844097997,0.5,0.38546775873575756,0.25987983000341836,0.38378176709647777,0.42264975453809045,0.199432269594027,0.13891696968782533
2021-07-04 09:40:00,0.25592747559274753,0.31474103585657365,0.49635145197319397,0.41510444563470794,0.6136943633770008,0.00033407572383073496,0.5,0.38546775873575756,0.25987983000341836,0.38378176709647777,0.42264975453809045,0.199432269594027,0.11311616397845406
2021-07-04 09:50:00,0.25662482566248257,0.25099601593625476,0.5040953090096798,0.4236743438671666,0.6296606509533967,0.00033407572383073496,0.5,0.38546775873575756,0.25987983000341836,0.38378176709647777,0.42264975453809045,0.199432269594027,0.11046064245515035
2021-07-04 10:00:00,0.28870292887029286,0.08366533864541825,0.5115413253909158,0.4386716657739689,0.6485061051419297,0.00111358574610245,0.5,0.5575342127653613,0.2584689388431863,0.30081032956834886,0.48764242555871473,0.24688810938035688,0.14953151168580353
2021-07-04 10:10:00,0.26638772663877264,-0.29083665338645437,0.5180938198064033,0.439385823960007,0.6400518249990185,0.00033407572383073496,0.5,0.5575342127653613,0.2584689388431863,0.30081032956834886,0.48764242555871473,0.24688810938035688,0.10345217798029482
2021-07-04 10:20:00,0.25174337517433754,0.17928286852589648,0.5246463142218911,0.4643813604713445,0.6225543442698042,0.000779510022271715,0.5,0.5575342127653613,0.2584689388431863,0.30081032956834886,0.48764242555871473,0.24688810938035688,0.10757125397951024
2021-07-04 10:30:00,0.2482566248256625,0.043824701195219085,0.5309009679821295,0.4690233886805928,0.6549711428982739,0.000556792873051225,0.5,0.5575342127653613,0.2584689388431863,0.30081032956834886,0.48764242555871473,0.24688810938035688,0.10167931559968013
2021-07-04 10:40:00,0.22175732217573224,-0.3545816733067729,0.5368577810871182,0.48366363149437586,0.6336260486055673,0.0010022271714922048,0.5,0.5575342127653613,0.2584689388431863,0.30081032956834886,0.48764242555871473,0.24688810938035688,0.08637989045973717
2021-07-04 10:50:00,0.14225941422594143,0.3227091633466135,0.5425167535368576,0.49080521335475824,0.6459148551910064,0.00011135857461024499,0.5,0.5575342127653613,0.2584689388431863,0.30081032956834886,0.48764242555871473,0.24688810938035688,0.03564584999321031
2021-07-04 11:00:00,0.2545327754532775,-0.21115537848605592,0.550260610573343,0.4925906088198535,0.6414652340631584,0.0071269487750556795,0.5,0.562770047458111,0.24989439867588759,0.3094680566001869,0.47487020093030385,0.2717656278184763,0.11103399369313639
2021-07-04 11:10:00,0.24407252440725244,0.15537848605577675,0.5559195830230825,0.500803427959293,0.6599573359856564,0.0022271714922049,0.5,0.562770047458111,0.24989439867588759,0.3094680566001869,0.47487020093030385,0.2717656278184763,0.09974048312385897
2021-07-04 11:20:00,0.19525801952580193,0.17928286852589648,0.5627699180938197,0.5061596143545797,0.670793472144063,0.019710467706013365,0.5,0.562770047458111,0.24989439867588759,0.3094680566001869,0.47487020093030385,0.2717656278184763,0.05848182627457489
2021-07-04 11:30:00,0.21478382147838215,0.21912350597609564,0.5672375279225612,0.5118728798428851,0.6890107445263116,0.00044543429844097997,0.5,0.562770047458111,0.24989439867588759,0.3094680566001869,0.47487020093030385,0.2717656278184763,0.08081989227032002
2021-07-04 11:40:00,0.1087866108786611,0.11553784860557759,0.573790022338049,0.5279414390287449,0.6800591537867584,0.002561247216035635,0.5,0.562770047458111,0.24989439867588759,0.3094680566001869,0.47487020093030385,0.2717656278184763,0.004458560284865036
2021-07-04 11:50:00,0.0697350069735007,0.8326693227091633,0.5845122859270289,0.5307980717728977,0.686249362002853,0.7544543429844098,0.5,0.562770047458111,0.24989439867588759,0.3094680566001869,0.47487020093030385,0.2717656278184763,0.0
2021-07-04 12:00:00,0.12203626220362622,0.49269588313413015,0.6065524944154874,0.5468666309587575,0.686249362002853,0.9992204899777284,0.5,0.570497591406643,0.252362739829948,0.305340890947843,0.3962425407075077,0.2888664983544172,0.0
2021-07-04 12:10:00,0.1324965132496513,0.1527224435590968,0.6268056589724496,0.5718621674700946,0.686249362002853,0.9992204899777284,0.5,0.570497591406643,0.252362739829948,0.305340890947843,0.3962425407075077,0.2888664983544172,0.0
2021-07-04 12:20:00,0.28521617852161785,-0.1872509960159363,0.6408041697691733,0.5854311730048205,0.6698773736765649,0.29510022271714925,0.5,0.570497591406643,0.252362739829948,0.305340890947843,0.3962425407075077,0.2888664983544172,0.04076074656366462
2021-07-04 12:30:00,0.09135285913528592,0.41035856573705165,0.6533134772896498,0.6197107659346546,0.6714870895551688,0.6168151447661471,0.5,0.570497591406643,0.252362739829948,0.305340890947843,0.3962425407075077,0.2888664983544172,0.0
2021-07-04 12:40:00,0.10529986052998605,0.41567065073041154,0.6595681310498882,0.6297089805391896,0.6696418054992083,0.9993318485523385,0.5,0.570497591406643,0.252362739829948,0.305340890947843,0.3962425407075077,0.2888664983544172,0.0
2021-07-04 12:50:00,0.22594142259414227,0.42098273572377143,0.6732688011913626,0.6361364042135333,0.6532959914148487,0.6906458797327395,0.5,0.570497591406643,0.252362739829948,0.305340890947843,0.3962425407075077,0.2888664983544172,0.0
2021-07-04 13:00:00,0.12412831241283125,0.4262948207171313,0.6825018615040952,0.6432779860739153,0.6861184907932104,0.024832962138084634,0.5,0.7000909872281014,0.2353630817770917,0.2146269439178488,0.30835831978525496,0.30290548236028064,0.0
2021-07-04 13:10:00,0.05299860529986053,0.4262948207171313,0.6899478778853312,0.6511337261203356,0.7028307442645692,0.9934298440979955,0.5,0.7000909872281014,0.2353630817770917,0.2146269439178488,0.30835831978525496,0.30290548236028064,0.0
2021-07-04 13:20:00,0.099721059972106,0.4262948207171313,0.6970960536113178,0.6625602570969469,0.7028307442645692,0.9992204899777284,0.5,0.7000909872281014,0.2353630817770917,0.2146269439178488,0.30835831978525496,0.30290548236028064,0.0
2021-07-04 13:30:00,0.08786610878661089,0.4262948207171313,0.7051377513030528,0.6722013926084627,0.7028307442645692,0.9992204899777284,0.5,0.7000909872281014,0.2353630817770917,0.2146269439178488,0.30835831978525496,0.30290548236028064,0.0
2021-07-04 13:40:00,0.14016736401673638,0.4262948207171313,0.7146686522710348,0.6754151044456349,0.7028307442645692,0.9992204899777284,0.5,0.7000909872281014,0.2353630817770917,0.2146269439178488,0.30835831978525496,0.30290548236028064,0.0
2021-07-04 13:50:00,0.14295676429567641,0.4262948207171313,0.7250930752047653,0.6754151044456349,0.7028307442645692,0.9992204899777284,0.5,0.7000909872281014,0.2353630817770917,0.2146269439178488,0.30835831978525496,0.30290548236028064,0.0
2021-07-04 14:00:00,0.11576011157601115,0.4262948207171313,0.7283693224125092,0.6754151044456349,0.7028307442645692,0.9992204899777284,0.5,0.7047160934993828,0.22060763145568843,0.20458301170101237,0.19423092150340676,0.33239710502155856,0.0
2021-07-04 14:10:00,0.055788005578800565,0.4262948207171313,0.7316455696202531,0.6786288162828067,0.7028307442645692,0.9992204899777284,0.5,0.7047160934993828,0.22060763145568843,0.20458301170101237,0.19423092150340676,0.33239710502155856,0.0
2021-07-04 14:20:00,0.039051603905160395,0.4262948207171313,0.739091586001489,0.683270844492055,0.7028307442645692,0.9992204899777284,0.5,0.7047160934993828,0.22060763145568843,0.20458301170101237,0.19423092150340676,0.33239710502155856,0.0
2021-07-04 14:30:00,0.04114365411436541,0.4262948207171313,0.7480268056589723,0.689698268166399,0.7028307442645692,0.9992204899777284,0.5,0.7047160934993828,0.22060763145568843,0.20458301170101237,0.19423092150340676,0.33239710502155856,0.0
2021-07-04 14:40:00,0.05788005578800558,0.4262948207171313,0.7575577066269543,0.6964827709337618,0.7028307442645692,0.9992204899777284,0.5,0.7047160934993828,0.22060763145568843,0.20458301170101237,0.19423092150340676,0.33239710502155856,0.0
2021-07-04 14:50:00,0.044630404463040445,0.4262948207171313,0.767386448250186,0.6989823245848956,0.7028307442645692,0.9992204899777284,0.5,0.7047160934993828,0.22060763145568843,0.20458301170101237,0.19423092150340676,0.33239710502155856,0.0
2021-07-04 15:00:00,0.09693165969316596,0.4262948207171313,0.7757259865971702,0.7021960364220676,0.7028307442645692,0.9992204899777284,0.5,0.7080058087740637,0.20779754430226857,0.19412236827404836,0.09520070083453935,0.40837670492410344,0.0
2021-07-04 15:10:00,0.14435146443514643,0.3306772908366533,0.7816827997021591,0.704695590073201,0.7028307442645692,0.9992204899777284,0.5,0.7080058087740637,0.20779754430226857,0.19412236827404836,0.09520070083453935,0.40837670492410344,0.0
2021-07-04 15:20:00,0.18131101813110181,0.2350597609561753,0.7879374534623975,0.7004106409569719,0.701862297313214,0.9992204899777284,0.5,0.7080058087740637,0.20779754430226857,0.19412236827404836,0.09520070083453935,0.40837670492410344,0.0
2021-07-04 15:30:00,0.1806136680613668,0.1394422310756971,0.7894266567386445,0.7075522228173541,0.5794846291764274,0.9992204899777284,0.5,0.7080058087740637,0.20779754430226857,0.19412236827404836,0.09520070083453935,0.40837670492410344,0.0
2021-07-04 15:40:00,0.0808926080892608,0.08499335989375822,0.7885331347728963,0.7371897875379396,0.45645260499142787,0.9992204899777284,0.5,0.7080058087740637,0.20779754430226857,0.19412236827404836,0.09520070083453935,0.40837670492410344,0.0
2021-07-04 15:50:00,0.11297071129707113,0.030544488711819362,0.7930007446016378,0.7521871094447421,0.4563086466608211,0.9992204899777284,0.5,0.7080058087740637,0.20779754430226857,0.19412236827404836,0.09520070083453935,0.40837670492410344,0.0
2021-07-04 16:00:00,0.1087866108786611,-0.02390438247011961,0.7995532390171258,0.7579003749330475,0.4563086466608211,0.9992204899777284,0.5,0.7824069790672672,0.19230935009928002,0.13364775627137057,0.07381337368941042,0.6103707811115493,0.0
2021-07-04 16:10:00,0.1324965132496513,-0.07835325365205847,0.797766195085629,0.7607570076772003,0.4563086466608211,0.9992204899777284,0.5,0.7824069790672672,0.19230935009928002,0.13364775627137057,0.07381337368941042,0.6103707811115493,0.0
2021-07-04 16:20:00,0.16108786610878661,-0.13280212483399745,0.8001489203276244,0.7611140867702197,0.4563086466608211,0.9992204899777284,0.5,0.7824069790672672,0.19230935009928002,0.13364775627137057,0.07381337368941042,0.6103707811115493,0.0
2021-07-04 16:30:00,0.07252440725244073,-0.1872509960159363,0.7992553983618762,0.7611140867702197,0.4563086466608211,0.9992204899777284,0.5,0.7824069790672672,0.19230935009928002,0.13364775627137057,0.07381337368941042,0.6103707811115493,0.0
2021-07-04 16:40:00,0.12412831241283125,-0.24169986719787517,0.8010424422933728,0.7668273522585252,0.4563086466608211,0.9992204899777284,0.5,0.7824069790672672,0.19230935009928002,0.13364775627137057,0.07381337368941042,0.6103707811115493,0.0
2021-07-04 16:50:00,0.10390516039051603,-0.29614873837981404,0.8049143708116158,0.7686127477236209,0.4563086466608211,0.9992204899777284,0.5,0.7824069790672672,0.19230935009928002,0.13364775627137057,0.07381337368941042,0.6103707811115493,0.0
2021-07-04 17:00:00,0.1603905160390516,-0.350597609561753,0.8040208488458673,0.7686127477236209,0.4563086466608211,0.9992204899777284,0.5,0.7886769596524341,0.18490145313169062,0.12675299918572652,0.11097011697467686,0.6968153725354682,0.0
2021-07-04 17:10:00,0.2196652719665272,-0.4050464807436919,0.8105733432613551,0.7718264595607927,0.38455196241378864,0.550890868596882,0.5,0.7886769596524341,0.18490145313169062,0.12675299918572652,0.11097011697467686,0.6968153725354682,0.0
2021-07-04 17:20:00,0.0808926080892608,-0.45949535192563074,0.8061057334326134,0.7746830923049455,0.3836882124301475,0.9806236080178174,0.5,0.7886769596524341,0.18490145313169062,0.12675299918572652,0.11097011697467686,0.6968153725354682,0.0
2021-07-04 17:30:00,0.1603905160390516,-0.5139442231075697,0.8064035740878628,0.7618282449562577,0.3812670950517596,0.9971046770601337,0.5,0.7886769596524341,0.18490145313169062,0.12675299918572652,0.11097011697467686,0.6968153725354682,0.0
2021-07-04 17:40:00,0.15341701534170155,-0.3326693227091634,0.8067014147431122,0.7518300303517227,0.3738074361021319,0.7726057906458798,0.5,0.7886769596524341,0.18490145313169062,0.12675299918572652,0.11097011697467686,0.6968153725354682,0.0
2021-07-04 17:50:00,0.0808926080892608,-0.15139442231075717,0.8043186895011167,0.7411176575611498,0.37919932993940664,0.9995545657015591,0.5,0.7886769596524341,0.18490145313169062,0.12675299918572652,0.11097011697467686,0.6968153725354682,0.0
2021-07-04 18:00:00,0.0397489539748954,0.029880478087649154,0.8061057334326134,0.7289769683985003,0.37919932993940664,0.9995545657015591,0.5,0.750886041498581,0.17259710293183628,0.15551177932009116,0.20519527327961373,0.7270892307017687,0.0
2021-07-04 18:10:00,0.14574616457461645,0.2111553784860556,0.8081906180193594,0.7204070701660419,0.37919932993940664,0.9995545657015591,0.5,0.750886041498581,0.17259710293183628,0.15551177932009116,0.20519527327961373,0.7270892307017687,0.0
2021-07-04 18:20:00,0.05439330543933055,0.05976095617529875,0.80789277736411,0.7129084092126405,0.37919932993940664,0.9995545657015591,0.5,0.750886041498581,0.17259710293183628,0.15551177932009116,0.20519527327961373,0.7270892307017687,0.0
2021-07-04 18:30:00,0.19107391910739194,-0.09163346613545831,0.8099776619508561,0.7054097482592394,0.3777859208752667,0.9995545657015591,0.5,0.750886041498581,0.17259710293183628,0.15551177932009116,0.20519527327961373,0.7270892307017687,0.0
2021-07-04 18:40:00,0.1589958158995816,-0.24302788844621515,0.8120625465376021,0.7029101946081058,0.3053879677009855,0.294097995545657,0.5,0.750886041498581,0.17259710293183628,0.15551177932009116,0.20519527327961373,0.7270892307017687,0.0
2021-07-04 18:50:00,0.08368200836820083,-0.09960159362549814,0.8150409530900966,0.7007677200499909,0.29133239978537123,0.7657015590200447,0.5,0.750886041498581,0.17259710293183628,0.15551177932009116,0.20519527327961373,0.7270892307017687,0.0
2021-07-04 19:00:00,0.24616457461645744,0.0239043824701195,0.8284437825763216,0.7011247991430103,0.333957152765963,0.8363028953229398,0.5,0.7579052325327367,0.17097644587608757,0.15075992729492668,0.19491115210730248,0.734294243319805,0.0
2021-07-04 19:10:00,0.27405857740585776,0.14741035856573692,0.830230826507818,0.7086234600964114,0.38478753059114523,0.0034521158129175947,0.5,0.7579052325327367,0.17097644587608757,0.15075992729492668,0.19491115210730248,0.734294243319805,0.11878177950118442
2021-07-04 19:20:00,0.14714086471408647,-0.13147410358565736,0.830826507818317,0.7143367255847171,0.46003847613563487,0.321826280623608,0.5,0.7579052325327367,0.17097644587608757,0.15075992729492668,0.19491115210730248,0.734294243319805,0.009852588379075699
2021-07-04 19:30:00,0.10739191073919108,-0.3545816733067729,0.8236783320923304,0.7264774147473667,0.4798131159126304,0.9993318485523385,0.5,0.7579052325327367,0.17097644587608757,0.15075992729492668,0.19491115210730248,0.734294243319805,0.0
2021-07-04 19:40:00,0.13737796373779637,-0.5776892430278886,0.8209977661950856,0.7289769683985003,0.4798131159126304,0.9993318485523385,0.5,0.7579052325327367,0.17097644587608757,0.15075992729492668,0.19491115210730248,0.734294243319805,0.0
2021-07-04 19:50:00,0.11018131101813111,-0.8007968127490039,0.8174236783320921,0.727905731119443,0.4798131159126304,0.9993318485523385,0.5,0.7579052325327367,0.17097644587608757,0.15075992729492668,0.19491115210730248,0.734294243319805,0.0
2021-07-04 20:00:00,0.04951185495118549,-0.24701195219123517,0.8096798212956067,0.7204070701660419,0.4798131159126304,0.9993318485523385,0.5,0.7724727280125594,0.1700339360989857,0.12781912552277538,0.1466746113165177,0.7096845861640151,0.0
2021-07-04 20:10:00,0.16596931659693165,0.3067729083665336,0.8019359642591213,0.7143367255847171,0.4798131159126304,0.9993318485523385,0.5,0.7724727280125594,0.1700339360989857,0.12781912552277538,0.1466746113165177,0.7096845861640151,0.0
2021-07-04 20:20:00,0.15411436541143653,0.2714854866249288,0.799851079672375,0.7089805391894306,0.4798131159126304,0.9993318485523385,0.5,0.7724727280125594,0.1700339360989857,0.12781912552277538,0.1466746113165177,0.7096845861640151,0.0
2021-07-04 20:30:00,0.1394700139470014,0.23619806488332373,0.7956813104988829,0.696839850026781,0.4798131159126304,0.9993318485523385,0.5,0.7724727280125594,0.1700339360989857,0.12781912552277538,0.1466746113165177,0.7096845861640151,0.0
2021-07-04 20:40:00,0.1094839609483961,0.2009106431417187,0.790320178704393,0.6882699517943225,0.4798131159126304,0.9993318485523385,0.5,0.7724727280125594,0.1700339360989857,0.12781912552277538,0.1466746113165177,0.7096845861640151,0.0
2021-07-04 20:50:00,0.08298465829846582,0.16562322140011365,0.7852568875651524,0.6818425281199787,0.4798131159126304,0.9993318485523385,0.5,0.7724727280125594,0.1700339360989857,0.12781912552277538,0.1466746113165177,0.7096845861640151,0.0
2021-07-04 21:00:00,0.0404463040446304,0.1303357996585086,0.7795979151154131,0.6707730762363864,0.4798131159126304,0.9993318485523385,0.5,0.7950446647897769,0.18159692190099697,0.11650908109598347,0.12489719669187613,0.5618452134442133,0.0
2021-07-04 21:10:00,0.4260808926080893,0.09504837791690379,0.7644080416976917,0.6575611497946796,0.4987763541898418,0.9993318485523385,0.5,0.7950446647897769,0.18159692190099697,0.11650908109598347,0.12489719669187613,0.5618452134442133,0.0
2021-07-04 21:20:00,0.7336122733612274,0.05976095617529875,0.7453462397617274,0.6497054097482591,0.60001832196935,0.2224944320712695,0.5,0.7950446647897769,0.18159692190099697,0.11650908109598347,0.12489719669187613,0.5618452134442133,0.571480302367337
2021-07-04 21:30:00,0.6875871687587168,-0.1633466135458168,0.7221146686522708,0.6275665059810749,0.5936056326968631,0.7590200445434299,0.5,0.7950446647897769,0.18159692190099697,0.11650908109598347,0.12489719669187613,0.5618452134442133,0.04564177618178252
2021-07-04 21:40:00,0.6394700139470014,0.36254980079681287,0.7247952345495157,0.6214961613997501,0.5919043069715093,0.9995545657015591,0.5,0.7950446647897769,0.18159692190099697,0.11650908109598347,0.12489719669187613,0.5618452134442133,0.0
2021-07-04 21:50:00,0.6464435146443515,0.7290836653386452,0.7122859270290394,0.6118550258882343,0.5919043069715093,0.9995545657015591,0.5,0.7950446647897769,0.18159692190099697,0.11650908109598347,0.12489719669187613,0.5618452134442133,0.0
2021-07-04 22:00:00,0.6080892608089261,-0.05179282868525903,0.7000744601638123,0.6018568112836993,0.6017327348156678,0.29298440979955453,0.5,0.6412426293841382,0.20636079159327134,0.21425550534984403,0.1951359337859928,0.30242354412391775,0.1590295275887563
2021-07-04 22:10:00,0.5781032078103208,0.3067729083665336,0.6741623231571108,0.5747188002142476,0.6023478295009881,0.09153674832962139,0.5,0.6412426293841382,0.20636079159327134,0.21425550534984403,0.1951359337859928,0.30242354412391775,0.3184136276536355
2021-07-04 22:20:00,0.5258019525801952,0.3227091633466135,0.6545048399106477,0.5461524727727192,0.6023478295009881,0.03930957683741648,0.5,0.6412426293841382,0.20636079159327134,0.21425550534984403,0.1951359337859928,0.30242354412391775,0.40877680039832825
2021-07-04 22:30:00,0.46582984658298465,0.10756972111553775,0.644080416976917,0.5432958400285663,0.609467223305545,0.004899777282850779,0.5,0.6412426293841382,0.20636079159327134,0.21425550534984403,0.1951359337859928,0.30242354412391775,0.4054196780180153
2021-07-04 22:40:00,0.49302649930264997,-0.08366533864541836,0.6360387192851822,0.5440099982146045,0.6134980565625368,0.0064587973273942095,0.5,0.6412426293841382,0.20636079159327134,0.21425550534984403,0.1951359337859928,0.30242354412391775,0.45787377219850023
2021-07-04 22:50:00,0.5418410041841004,-0.47410358565737054,0.629188384214445,0.5440099982146045,0.6134980565625368,0.005456570155902005,0.5,0.6412426293841382,0.20636079159327134,0.21425550534984403,0.1951359337859928,0.30242354412391775,0.5491497804668286
2021-07-04 23:00:00,0.49581589958159,-0.20318725099601598,0.622338049143708,0.5468666309587575,0.6134980565625368,0.009242761692650333,0.5,0.5494646328842119,0.23057582175071192,0.23716942252779355,0.5417426373305402,0.22606660641401785,0.4327670232509015
2021-07-04 23:10:00,0.6157601115760112,-0.05179282868525903,0.6148920327624718,0.5468666309587575,0.6126343065788957,0.055233853006681516,0.5,0.5494646328842119,0.23057582175071192,0.23716942252779355,0.5417426373305402,0.22606660641401785,0.4952245877151954
2021-07-04 23:20:00,0.8312412831241283,0.2828685258964143,0.6062546537602382,0.5382967327262989,0.6048605567261259,0.1349665924276169,0.5,0.5494646328842119,0.23057582175071192,0.23716942252779355,0.5417426373305402,0.22606660641401785,0.46639105572068745
2021-07-04 23:30:00,0.8256624825662483,-0.1633466135458168,0.5904690990320176,0.5197286198893054,0.6123202156757535,0.12048997772828508,0.5,0.5494646328842119,0.23057582175071192,0.23716942252779355,0.5417426373305402,0.22606660641401785,0.5634986496069527
2021-07-04 23:40:00,0.8214783821478382,-0.1633466135458168,0.5803425167535365,0.5061596143545797,0.6123202156757535,0.11670378619153676,0.5,0.5494646328842119,0.23057582175071192,0.23716942252779355,0.5417426373305402,0.22606660641401785,0.5635740905593192
2021-07-04 23:50:00,0.7887029288702929,-0.3784860557768924,0.5717051377513027,0.5004463488662738,0.6123202156757535,0.10233853006681515,0.5,0.5494646328842119,0.23057582175071192,0.23716942252779355,0.5417426373305402,0.22606660641401785,0.5968058300767989
2021-07-05 00:00:00,0.6889818688981869,-0.02788844621513953,0.5642591213700667,0.500803427959293,0.6031461438798079,0.08830734966592428,0.5,0.5270555258898355,0.2520322867068761,0.24298664000526535,0.7540309099972393,0.221763081553258,0.5628574015118367
2021-07-05 00:10:00,0.7266387726638772,-0.02788844621513953,0.558302308265078,0.49687555793608285,0.6023870908638808,0.11057906458797327,0.5,0.5270555258898355,0.2520322867068761,0.24298664000526535,0.7540309099972393,0.221763081553258,0.46829971181556196
2021-07-05 00:20:00,0.7405857740585774,-0.0916334661354582,0.5517498138495904,0.49044813426173883,0.6023870908638808,0.11837416481069044,0.5,0.5270555258898355,0.2520322867068761,0.24298664000526535,0.7540309099972393,0.221763081553258,0.4544638411515307
2021-07-05 00:30:00,0.7029288702928871,0.019920318725099362,0.5451973194341024,0.4833065524013569,0.6023870908638808,0.09198218262806236,0.5,0.5270555258898355,0.2520322867068761,0.24298664000526535,0.7540309099972393,0.221763081553258,0.5401723071352053
2021-07-05 00:40:00,0.6276150627615062,-0.17928286852589637,0.5371556217423676,0.48044991965720407,0.6023870908638808,0.06948775055679288,0.5,0.5270555258898355,0.2520322867068761,0.24298664000526535,0.7540309099972393,0.221763081553258,0.538324003802224
2021-07-05 00:50:00,0.694560669456067,-0.019920318725099695,0.5309009679821295,0.48294947330833793,0.6023870908638808,0.08853006681514478,0.5,0.5270555258898355,0.2520322867068761,0.24298664000526535,0.7540309099972393,0.221763081553258,0.5423072860871796
2021-07-05 01:00:00,0.6534170153417015,-0.09960159362549814,0.5282204020848844,0.4790216032851278,0.6023870908638808,0.09832962138084633,0.5,0.4905104456873288,0.2627274738726519,0.21962823932412132,0.7753131594148717,0.2224685307723691,0.43561114715512167
2021-07-05 01:10:00,0.5857740585774059,-0.05179282868525903,0.5231571109456439,0.4754508123549366,0.6023870908638808,0.07561247216035635,0.5,0.4905104456873288,0.2627274738726519,0.21962823932412132,0.7753131594148717,0.2224685307723691,0.42000241411047573
2021-07-05 01:20:00,0.5655509065550907,0.1872509960159361,0.5148175725986597,0.46973754686663094,0.6023870908638808,0.06759465478841871,0.5,0.4905104456873288,0.2627274738726519,0.21962823932412132,0.7753131594148717,0.2224685307723691,0.409621739064834
2021-07-05 01:30:00,0.5871687587168759,0.05179282868525892,0.5112434847356664,0.46509551865738263,0.6023870908638808,0.0678173719376392,0.5,0.4905104456873288,0.2627274738726519,0.21962823932412132,0.7753131594148717,0.2224685307723691,0.44876050515261706
2021-07-05 01:40:00,0.5955369595536959,-0.003984063745020028,0.5067758749069247,0.4590251740760578,0.6023870908638808,0.07193763919821826,0.5,0.4905104456873288,0.2627274738726519,0.21962823932412132,0.7753131594148717,0.2224685307723691,0.45393575448496465
2021-07-05 01:50:00,0.5788005578800558,-0.14741035856573714,0.5037974683544302,0.4575968577039815,0.6022693067752025,0.057015590200445436,0.5,0.4905104456873288,0.2627274738726519,0.21962823932412132,0.7753131594148717,0.2224685307723691,0.4843158260029875
2021-07-05 02:00:00,0.6304044630404463,0.019920318725099362,0.5023082650781829,0.4590251740760578,0.5912368638023321,0.015478841870824054,0.5,0.4835320454816068,0.2576729778424006,0.24358482222625494,0.7214108057872017,0.2214773486621149,0.7053427282466014
2021-07-05 02:10:00,0.6506276150627616,0.13147410358565725,0.5023082650781829,0.4572397786109621,0.5939982463257908,0.0006681514476614699,0.5,0.4835320454816068,0.2576729778424006,0.24358482222625494,0.7214108057872017,0.2214773486621149,0.830454003651342
2021-07-05 02:20:00,0.5655509065550907,-0.10756972111553798,0.4972449739389424,0.462595965006249,0.6010652916464907,0.0013363028953229399,0.5,0.4835320454816068,0.2576729778424006,0.24358482222625494,0.7214108057872017,0.2214773486621149,0.6699156570152541
2021-07-05 02:30:00,0.5376569037656904,-0.059760956175298974,0.4933730454206997,0.46938046777361175,0.6010652916464907,0.002561247216035635,0.5,0.4835320454816068,0.2576729778424006,0.24358482222625494,0.7214108057872017,0.2214773486621149,0.617137166739593
2021-07-05 02:40:00,0.5815899581589958,0.09163346613545809,0.49039463886820545,0.4754508123549366,0.6011569014932405,0.00022271714922048998,0.5,0.4835320454816068,0.2576729778424006,0.24358482222625494,0.7214108057872017,0.2214773486621149,0.6569926218748585
2021-07-05 02:50:00,0.5781032078103208,0.24302788844621515,0.48711839166046156,0.48044991965720407,0.6155134731910328,0.0033407572383073497,0.5,0.4835320454816068,0.2576729778424006,0.24358482222625494,0.7214108057872017,0.2214773486621149,0.6473060035909893
2021-07-05 03:00:00,0.5160390516039052,0.11553784860557759,0.48265078183171983,0.4825923942153185,0.627802279776472,0.00033407572383073496,0.5,0.4812520616378435,0.2630320654469586,0.26987643358611196,0.7004175097232523,0.22266605072952525,0.517110007996741
2021-07-05 03:10:00,0.5941422594142259,-0.20318725099601598,0.47252419955323877,0.4797357614711659,0.6347646281294578,0.0022271714922049,0.5,0.4812520616378435,0.2630320654469586,0.26987643358611196,0.7004175097232523,0.22266605072952525,0.6812846085368982
2021-07-05 03:20:00,0.6596931659693167,-0.13147410358565736,0.46388682055100494,0.47152294233172665,0.6251063328578346,0.0010022271714922048,0.5,0.4812520616378435,0.2630320654469586,0.26987643358611196,0.7004175097232523,0.22266605072952525,0.8550779305037948
2021-07-05 03:30:00,0.693863319386332,-0.19521912350597614,0.4618019359642589,0.45688269951794314,0.6234835298582664,0.0010022271714922048,0.5,0.4812520616378435,0.2630320654469586,0.26987643358611196,0.7004175097232523,0.22266605072952525,0.9605368378170407
2021-07-05 03:40:00,0.6548117154811716,-0.3067729083665339,0.4558451228592699,0.4543831458668095,0.6171231890696365,0.0017817371937639199,0.5,0.4812520616378435,0.2630320654469586,0.26987643358611196,0.7004175097232523,0.22266605072952525,0.8788644627849782
2021-07-05 03:50:00,0.7119944211994422,-0.2828685258964144,0.45227103499627686,0.4543831458668095,0.6135373179254296,0.0071269487750556795,0.5,0.4812520616378435,0.2630320654469586,0.26987643358611196,0.7004175097232523,0.22266605072952525,0.8713128234530834
2021-07-05 04:00:00,0.7559274755927475,-0.06772908366533881,0.4528667163067759,0.45509730405284765,0.6071769771367997,0.013474387527839644,0.5,0.3633029297687329,0.26794863321714735,0.3813648167149132,0.6987291111856481,0.22420484859942633,0.8637611841211884
2021-07-05 04:10:00,0.7280334728033473,0.22709163346613526,0.4549516008935217,0.4483128012854847,0.6036827158393424,0.013697104677060134,0.5,0.3633029297687329,0.26794863321714735,0.3813648167149132,0.6987291111856481,0.22420484859942633,0.8562096202302458
2021-07-05 04:20:00,0.7182705718270572,0.3705179282868525,0.45465376023827253,0.44724156400642756,0.6036827158393424,0.05111358574610245,0.5,0.3633029297687329,0.26794863321714735,0.3813648167149132,0.6987291111856481,0.22420484859942633,0.8486579054573986
2021-07-05 04:30:00,0.7099023709902371,-0.298804780876494,0.44929262844378237,0.45366898768077135,0.6126997421837169,0.025835189309576838,0.5,0.3633029297687329,0.26794863321714735,0.3813648167149132,0.6987291111856481,0.22420484859942633,0.9229068907765892
2021-07-05 04:40:00,0.693863319386332,0.21912350597609564,0.4460163812360385,0.4643813604713445,0.6037219772022353,0.047438752783964366,0.5,0.3633029297687329,0.26794863321714735,0.3813648167149132,0.6987291111856481,0.22420484859942633,0.7903646815637402
2021-07-05 04:50:00,0.6569037656903766,-0.10756972111553798,0.44393149664929243,0.4590251740760578,0.6037219772022353,0.04187082405345211,0.5,0.3633029297687329,0.26794863321714735,0.3813648167149132,0.6987291111856481,0.22420484859942633,0.7337236145269098
2021-07-05 05:00:00,0.6101813110181311,-0.2589641434262948,0.43737900223380466,0.46509551865738263,0.6037219772022353,0.03351893095768374,0.5,0.34656127979806683,0.2577074599074152,0.41163205084942006,0.7029619464713891,0.22428964815505226,0.7011255790093094
2021-07-05 05:10:00,0.598326359832636,-0.1633466135458168,0.43350707371556196,0.46509551865738263,0.6037219772022353,0.024610244988864143,0.5,0.34656127979806683,0.2577074599074152,0.41163205084942006,0.7029619464713891,0.22428964815505226,0.7010350498664696
2021-07-05 05:20:00,0.6241283124128312,-0.3466135458167332,0.42933730454206964,0.4654525977504018,0.6037219772022353,0.015812917594654786,0.5,0.34656127979806683,0.2577074599074152,0.41163205084942006,0.7029619464713891,0.22428964815505226,0.7731867767098692
2021-07-05 05:30:00,0.6108786610878661,-0.21912350597609564,0.4272524199553238,0.4643813604713445,0.6037219772022353,0.025946547884187085,0.5,0.34656127979806683,0.2577074599074152,0.41163205084942006,0.7029619464713891,0.22428964815505226,0.7484798648098133
2021-07-05 05:40:00,0.6408647140864714,-0.043824701195219196,0.42516753536857754,0.4590251740760578,0.6037219772022353,0.01804008908685969,0.5,0.34656127979806683,0.2577074599074152,0.41163205084942006,0.7029619464713891,0.22428964815505226,0.8194999773677143
2021-07-05 05:50:00,0.6541143654114366,-0.059760956175298974,0.426061057334326,0.4500981967505804,0.6037219772022353,0.004008908685968819,0.5,0.34656127979806683,0.2577074599074152,0.41163205084942006,0.7029619464713891,0.22428964815505226,0.8793925494515443
2021-07-05 06:00:00,0.6276150627615062,-0.07569721115537853,0.42516753536857754,0.4511694340296377,0.6037219772022353,0.0023385300668151447,0.5,0.45077334140922787,0.27345139609260927,0.3835248416820778,0.7032291024302557,0.19587318076863805,0.8456930760293918
2021-07-05 06:10:00,0.6750348675034867,-0.0916334661354582,0.4272524199553238,0.4483128012854847,0.6037219772022353,0.003006681514476615,0.5,0.45077334140922787,0.27345139609260927,0.3835248416820778,0.7032291024302557,0.19587318076863805,0.9335893296316973
2021-07-05 06:20:00,0.6143654114365412,-0.09960159362549814,0.42546537602382717,0.45045527584359935,0.6037219772022353,0.0012249443207126948,0.5,0.45077334140922787,0.27345139609260927,0.3835248416820778,0.7032291024302557,0.19587318076863805,0.8126725711785386
2021-07-05 06:30:00,0.5899581589958159,-0.03585657370517936,0.42516753536857754,0.4543831458668095,0.6037219772022353,0.0013363028953229399,0.5,0.45077334140922787,0.27345139609260927,0.3835248416820778,0.7032291024302557,0.19587318076863805,0.7129848967213362
2021-07-05 06:40:00,0.5620641562064157,-0.12350597609561753,0.4227848101265821,0.45973933226209596,0.6037219772022353,0.0006681514476614699,0.5,0.45077334140922787,0.27345139609260927,0.3835248416820778,0.7032291024302557,0.19587318076863805,0.671597990253029
2021-07-05 06:50:00,0.596931659693166,0.03585657370517925,0.42516753536857754,0.46152472772719166,0.6037219772022353,0.0021158129175946547,0.5,0.45077334140922787,0.27345139609260927,0.3835248416820778,0.7032291024302557,0.19587318076863805,0.7289406581468685
2021-07-05 07:00:00,0.6122733612273361,0.3067729083665336,0.4257632166790766,0.4561685413319052,0.6052008218711966,0.015590200445434297,0.5,0.44494308795576565,0.2843506021430603,0.38135644698275595,0.666121175906935,0.19639257947094035,0.7279297493851562
2021-07-05 07:10:00,0.5641562064156206,-0.15537848605577698,0.4278481012658226,0.46616675593643975,0.6149769012314981,0.026837416481069045,0.5,0.44494308795576565,0.2843506021430603,0.38135644698275595,0.666121175906935,0.19639257947094035,0.6295547474991324
2021-07-05 07:20:00,0.5383542538354253,-0.2509960159362551,0.4266567386448248,0.4686663095875736,0.6149769012314981,0.03964365256124722,0.5,0.44494308795576565,0.2843506021430603,0.38135644698275595,0.666121175906935,0.19639257947094035,0.5302065573275797
2021-07-05 07:30:00,0.5648535564853556,-0.4581673306772909,0.4269545793000742,0.4740224959828603,0.6149769012314981,0.03819599109131403,0.5,0.44494308795576565,0.2843506021430603,0.38135644698275595,0.666121175906935,0.19639257947094035,0.5322208307557675
2021-07-05 07:40:00,0.5355648535564853,-0.4422310756972112,0.4278481012658226,0.4736654168898411,0.6150030754734267,0.023942093541202674,0.5,0.44494308795576565,0.2843506021430603,0.38135644698275595,0.666121175906935,0.19639257947094035,0.4981290643813087
2021-07-05 07:50:00,0.46513249651324967,-0.019920318725099695,0.43142218912881614,0.4683092304945544,0.6150030754734267,0.013140311804008908,0.5,0.44494308795576565,0.2843506021430603,0.38135644698275595,0.666121175906935,0.19639257947094035,0.404476666113433
2021-07-05 08:00:00,0.4490934449093445,-0.09960159362549814,0.4358897989575574,0.4683092304945544,0.6150030754734267,0.018485523385300667,0.5,0.4388522801672856,0.28885051162764064,0.39037610152332936,0.6474426438337942,0.21461848856650415,0.3761485884997812
2021-07-05 08:10:00,0.5160390516039052,0.05976095617529875,0.4433358153387934,0.4668809141224781,0.6150030754734267,0.02917594654788419,0.5,0.4388522801672856,0.28885051162764064,0.39037610152332936,0.6474426438337942,0.21461848856650415,0.4669417746729635
2021-07-05 08:20:00,0.5355648535564853,-0.059760956175298974,0.4507818317200294,0.46616675593643975,0.618104723141956,0.03151447661469933,0.5,0.4388522801672856,0.28885051162764064,0.39037610152332936,0.6474426438337942,0.21461848856650415,0.47980445705146585
2021-07-05 08:30:00,0.5648535564853556,0.1633466135458166,0.45971705137751284,0.4718800214247456,0.6290324691471123,0.03930957683741648,0.5,0.4388522801672856,0.28885051162764064,0.39037610152332936,0.6474426438337942,0.21461848856650415,0.5278301673280323
2021-07-05 08:40:00,0.599023709902371,-0.10756972111553798,0.46835443037974667,0.47723620782003207,0.6366884349112039,0.055122494432071276,0.5,0.4388522801672856,0.28885051162764064,0.39037610152332936,0.6474426438337942,0.21461848856650415,0.5364606122787694
2021-07-05 08:50:00,0.6171548117154811,0.12350597609561742,0.4760982874162323,0.4686663095875736,0.6375390977738807,0.04476614699331848,0.5,0.4388522801672856,0.28885051162764064,0.39037610152332936,0.6474426438337942,0.21461848856650415,0.6186686180726346
2021-07-05 09:00:00,0.5836820083682008,0.003984063745019917,0.481459419210722,0.4708087841456883,0.6375390977738807,0.04175946547884187,0.5,0.42659725444038,0.3051921369397739,0.39390812849364987,0.772380953251109,0.24410114346810738,0.5608431280836489
2021-07-05 09:10:00,0.6087866108786611,0.2828685258964143,0.4877140729709606,0.4754508123549366,0.6375390977738807,0.06391982182628063,0.5,0.42659725444038,0.3051921369397739,0.39390812849364987,0.772380953251109,0.24410114346810738,0.5228208880908912
2021-07-05 09:20:00,0.6032078103207811,-0.13147410358565736,0.4933730454206997,0.47723620782003207,0.6375390977738807,0.06380846325167039,0.5,0.42659725444038,0.3051921369397739,0.39390812849364987,0.772380953251109,0.24410114346810738,0.5081400787603543
2021-07-05 09:30:00,0.6959553695955369,-0.059760956175298974,0.4993298585256887,0.4811640778432422,0.6400910863619113,0.061915367483296214,0.5,0.42659725444038,0.3051921369397739,0.39390812849364987,0.772380953251109,0.24410114346810738,0.680801786441752
2021-07-05 09:40:00,0.6450488145048815,-0.12350597609561753,0.5067758749069247,0.4929476879128727,0.632605253170355,0.02951002227171492,0.5,0.42659725444038,0.3051921369397739,0.39390812849364987,0.772380953251109,0.24410114346810738,0.7321695309081582
2021-07-05 09:50:00,0.6220362622036262,0.06772908366533859,0.5160089352196573,0.5093733261917515,0.6406276583214459,0.006792873051224944,0.5,0.42659725444038,0.3051921369397739,0.39390812849364987,0.772380953251109,0.24410114346810738,0.7458469755722196
2021-07-05 10:00:00,0.6157601115760112,-0.03585657370517936,0.5270290394638866,0.5257989644706302,0.6353666356938137,0.002561247216035635,0.5,0.6248511201468334,0.29897961822607116,0.25918803199317436,0.8402141566140778,0.264413106071243,0.7748540217571707
2021-07-05 10:10:00,0.5920502092050209,0.07569721115537842,0.53596425912137,0.5361542581681842,0.6429440787321197,0.00111358574610245,0.5,0.6248511201468334,0.29897961822607116,0.25918803199317436,0.8402141566140778,0.264413106071243,0.665547625873229
2021-07-05 10:20:00,0.6206415620641562,-0.059760956175298974,0.543410275502606,0.5554365291912158,0.6483097983274659,0.0013363028953229399,0.5,0.6248511201468334,0.29897961822607116,0.25918803199317436,0.8402141566140778,0.264413106071243,0.7436214674774055
2021-07-05 10:30:00,0.6394700139470014,-0.1394422310756973,0.5493670886075948,0.5654347437957508,0.6398816924264832,0.0014476614699331849,0.5,0.6248511201468334,0.29897961822607116,0.25918803199317436,0.8402141566140778,0.264413106071243,0.7772681322329013
2021-07-05 10:40:00,0.5739191073919108,-0.03585657370517936,0.5574087862993298,0.5747188002142476,0.6336391357265314,0.005456570155902005,0.5,0.6248511201468334,0.29897961822607116,0.25918803199317436,0.8402141566140778,0.264413106071243,0.6508517283522187
2021-07-05 10:50:00,0.5815899581589958,-0.03585657370517936,0.5651526433358152,0.5879307266559544,0.638363586394629,0.004231625835189309,0.5,0.6248511201468334,0.29897961822607116,0.25918803199317436,0.8402141566140778,0.264413106071243,0.609080073026842
2021-07-05 11:00:00,0.5285913528591353,0.05179282868525892,0.5752792256142962,0.5986430994465273,0.6451165408121868,0.0010022271714922048,0.5,0.6369269397239632,0.3009996925349209,0.24541360870259388,0.8485277245848164,0.27310552776449276,0.5275963003756959
2021-07-05 11:10:00,0.502092050209205,-0.10756972111553798,0.5851079672375277,0.6125691840742724,0.6385206318462001,0.0006681514476614699,0.5,0.6369269397239632,0.3009996925349209,0.24541360870259388,0.8485277245848164,0.27310552776449276,0.4969521855243901
2021-07-05 11:20:00,0.5648535564853556,0.12350597609561742,0.5922561429635145,0.6189966077486162,0.6366622606692753,0.00111358574610245,0.5,0.6369269397239632,0.3009996925349209,0.24541360870259388,0.8485277245848164,0.27310552776449276,0.6008796415045944
2021-07-05 11:30:00,0.49860529986053004,-0.019920318725099695,0.5994043186895008,0.6236386359578647,0.6414259727002657,0.00111358574610245,0.5,0.6369269397239632,0.3009996925349209,0.24541360870259388,0.8485277245848164,0.27310552776449276,0.45199692200914343
2021-07-05 11:40:00,0.5278940027894004,0.06772908366533859,0.6080416976917349,0.6329226923763613,0.6447501014251874,0.0012249443207126948,0.5,0.6369269397239632,0.3009996925349209,0.24541360870259388,0.8485277245848164,0.27310552776449276,0.5136397241878782
2021-07-05 11:50:00,0.5571827057182706,-0.03585657370517936,0.6178704393149663,0.6393501160507051,0.6405229613537319,0.000779510022271715,0.5,0.6369269397239632,0.3009996925349209,0.24541360870259388,0.8485277245848164,0.27310552776449276,0.5945426015058014
2021-07-05 12:00:00,0.5655509065550907,-0.043824701195219196,0.6312732688011911,0.6468487770041065,0.6433497794820118,0.0006681514476614699,0.5,0.6484979269387232,0.29099127316404566,0.23525757280050097,0.792097424647892,0.2806886415039803,0.5804804079846705
2021-07-05 12:10:00,0.5041841004184101,-0.02788844621513953,0.638719285182427,0.6586323870737367,0.63366530996846,0.000556792873051225,0.5,0.6484979269387232,0.29099127316404566,0.23525757280050097,0.792097424647892,0.2806886415039803,0.5068274061891758
2021-07-05 12:20:00,0.6080892608089261,-0.09960159362549814,0.645271779597915,0.6614890198178898,0.6337176584523171,0.0035634743875278397,0.5,0.6484979269387232,0.29099127316404566,0.23525757280050097,0.792097424647892,0.2806886415039803,0.6779727507280052
2021-07-05 12:30:00,0.5209205020920502,0.05976095617529875,0.6497393894266565,0.6618460989109087,0.6126997421837169,0.0010022271714922048,0.5,0.6484979269387232,0.29099127316404566,0.23525757280050097,0.792097424647892,0.2806886415039803,0.5124100366643028
2021-07-05 12:40:00,0.49442119944211993,0.2111553784860556,0.6562918838421443,0.6711301553294053,0.6075172422818704,0.00044543429844097997,0.5,0.6484979269387232,0.29099127316404566,0.23525757280050097,0.792097424647892,0.2806886415039803,0.45669689334158153
2021-07-05 12:50:00,0.3368200836820084,0.17928286852589648,0.6628443782576319,0.6818425281199787,0.6347384538875293,0.0010022271714922048,0.5,0.6484979269387232,0.29099127316404566,0.23525757280050097,0.792097424647892,0.2806886415039803,0.2406792703351087
2021-07-05 13:00:00,0.32496513249651326,-0.13147410358565736,0.6711839166046163,0.7032672737011247,0.6284958971875777,0.00033407572383073496,0.5,0.7635155890672571,0.2830747657374701,0.1695353923635325,0.6838186172746854,0.2872410986517777,0.18652775472637567
2021-07-05 13:10:00,0.3242677824267783,0.24302788844621515,0.681012658227848,0.7143367255847171,0.6356545523550274,0.00033407572383073496,0.5,0.7635155890672571,0.2830747657374701,0.1695353923635325,0.6838186172746854,0.2872410986517777,0.1880592060594173
2021-07-05 13:20:00,0.2608089260808926,0.08366533864541825,0.6893521965748324,0.7164792001428317,0.636243472798419,0.00044543429844097997,0.5,0.7635155890672571,0.2830747657374701,0.1695353923635325,0.6838186172746854,0.2872410986517777,0.12222943102433727
2021-07-05 13:30:00,0.41283124128312415,0.1633466135458166,0.696500372300819,0.7175504374218891,0.6410726204342307,0.000556792873051225,0.5,0.7635155890672571,0.2830747657374701,0.1695353923635325,0.6838186172746854,0.2872410986517777,0.3249241818428716
2021-07-05 13:40:00,0.398186889818689,0.1394422310756971,0.6991809381980638,0.7111230137475453,0.6506654801010326,0.000556792873051225,0.5,0.7635155890672571,0.2830747657374701,0.1695353923635325,0.6838186172746854,0.2872410986517777,0.2888030538497518
2021-07-05 13:50:00,0.33403068340306835,-0.3784860557768924,0.6991809381980638,0.7100517764684879,0.6493829422465353,0.00044543429844097997,0.5,0.7635155890672571,0.2830747657374701,0.1695353923635325,0.6838186172746854,0.2872410986517777,0.19794197081943962
2021-07-05 14:00:00,0.28661087866108786,0.2749003984063745,0.6997766195085628,0.7118371719335832,0.5922576592375443,0.00022271714922048998,0.5,0.7721795877091195,0.2641728470979028,0.16126533610751909,0.5455617199104427,0.2883338921230629,0.16274122244519215
2021-07-05 14:10:00,0.22245467224546722,-0.13147410358565736,0.7048399106478034,0.7175504374218891,0.6020468257188101,0.00044543429844097997,0.5,0.7721795877091195,0.2641728470979028,0.16126533610751909,0.5455617199104427,0.2883338921230629,0.09129109645880171
2021-07-05 14:20:00,0.2775453277545328,0.2589641434262948,0.7152643335815336,0.7332619175147295,0.6284828100666134,0.00022271714922048998,0.5,0.7721795877091195,0.2641728470979028,0.16126533610751909,0.5455617199104427,0.2883338921230629,0.12753292997570803
2021-07-05 14:30:00,0.29358437935843795,-0.2509960159362551,0.7230081906180192,0.7361185502588823,0.593199931946971,0.00044543429844097997,0.5,0.7721795877091195,0.2641728470979028,0.16126533610751909,0.5455617199104427,0.2883338921230629,0.1425758558776046
2021-07-05 14:40:00,0.2914923291492329,-0.12350597609561753,0.7298585256887564,0.7361185502588823,0.6051353862663752,0.00033407572383073496,0.5,0.7721795877091195,0.2641728470979028,0.16126533610751909,0.5455617199104427,0.2883338921230629,0.15720385654148497
2021-07-05 14:50:00,0.2210599721059972,0.17928286852589648,0.7346239761727476,0.7404034993751114,0.5950321288819672,0.1915367483296214,0.5,0.7721795877091195,0.2641728470979028,0.16126533610751909,0.5455617199104427,0.2883338921230629,0.040187395325678596
2021-07-05 15:00:00,0.2105997210599721,0.15537848605577675,0.7426656738644823,0.7414747366541687,0.6319378100011779,0.000556792873051225,0.5,0.7744351570913834,0.2519547020605891,0.15530202875966784,0.4071921378805041,0.27891817072015257,0.053374473799357246
2021-07-05 15:10:00,0.2503486750348675,0.25099601593625476,0.7486224869694713,0.7532583467237994,0.6337307455732814,0.04420935412026726,0.5,0.7744351570913834,0.2519547020605891,0.15530202875966784,0.4071921378805041,0.27891817072015257,0.08657603693589029
2021-07-05 15:20:00,0.3933054393305439,0.11553784860557759,0.7480268056589723,0.7368327084449207,0.6818782636007904,0.00022271714922048998,0.5,0.7744351570913834,0.2519547020605891,0.15530202875966784,0.4071921378805041,0.27891817072015257,0.3128687176546917
2021-07-05 15:30:00,0.3326359832635983,-0.3784860557768924,0.7474311243484735,0.7321906802356721,0.6400387378780543,0.00033407572383073496,0.5,0.7744351570913834,0.2519547020605891,0.15530202875966784,0.4071921378805041,0.27891817072015257,0.17306908882417732
2021-07-05 15:40:00,0.2894002789400279,-0.45019920318725104,0.7527922561429634,0.7389751830030351,0.601183075735169,0.00044543429844097997,0.5,0.7744351570913834,0.2519547020605891,0.15530202875966784,0.4071921378805041,0.27891817072015257,0.1493957179715437
2021-07-05 15:50:00,0.30404463040446306,0.6334661354581672,0.7554728220402083,0.7418318157471882,0.6253942495190483,0.00033407572383073496,0.5,0.7744351570913834,0.2519547020605891,0.15530202875966784,0.4071921378805041,0.27891817072015257,0.16308825082607845
2021-07-05 16:00:00,0.21687587168758715,-0.23505976095617542,0.7605361131794488,0.7439742903053026,0.6226459541165539,0.024832962138084634,0.5,0.8197989275647608,0.2356274442755467,0.12553038422016355,0.3428463820760117,0.2674854864334436,0.05335184151364727
2021-07-05 16:10:00,0.2503486750348675,-0.17131474103585675,0.7647058823529411,0.7454026066773789,0.6087997801363678,0.00022271714922048998,0.5,0.8197989275647608,0.2356274442755467,0.12553038422016355,0.3428463820760117,0.2674854864334436,0.11983040873907992
2021-07-05 16:20:00,0.21617852161785217,-0.8167330677290838,0.7700670141474311,0.7575432958400286,0.6058290036774809,0.46514476614699335,0.5,0.8197989275647608,0.2356274442755467,0.12553038422016355,0.3428463820760117,0.2674854864334436,0.021576112376842645
2021-07-05 16:30:00,0.27615062761506276,0.20318725099601576,0.7807892777364109,0.7675415104445635,0.605370954443732,0.00011135857461024499,0.5,0.8197989275647608,0.2356274442755467,0.12553038422016355,0.3428463820760117,0.2674854864334436,0.13191604930820647
2021-07-05 16:40:00,0.17224546722454673,0.33864541832669315,0.7736411020104241,0.7564720585609712,0.6356283781130989,0.00033407572383073496,0.5,0.8197989275647608,0.2356274442755467,0.12553038422016355,0.3428463820760117,0.2674854864334436,0.05059070265703035
2021-07-05 16:50:00,0.2754532775453278,-0.01195219123505975,0.7745346239761726,0.7600428494911624,0.6181439845048489,0.00033407572383073496,0.5,0.8197989275647608,0.2356274442755467,0.12553038422016355,0.3428463820760117,0.2674854864334436,0.17224678244338157
2021-07-05 17:00:00,0.24058577405857742,-0.019920318725099695,0.7703648548026802,0.7471880021424746,0.6358508591694914,0.00033407572383073496,0.5,0.8187647816723438,0.23060743031031003,0.12651002332492176,0.3349376435308611,0.27571437167872,0.11328967816889719
2021-07-05 17:10:00,0.10390516039051603,-0.10756972111553798,0.7733432613551747,0.7482592394215319,0.6445407074897593,0.77728285077951,0.5,0.8187647816723438,0.23060743031031003,0.12651002332492176,0.3349376435308611,0.27571437167872,0.0
2021-07-05 17:20:00,0.24058577405857742,-0.19521912350597614,0.7909158600148918,0.7600428494911624,0.5980552538247111,0.3532293986636971,0.5,0.8187647816723438,0.23060743031031003,0.12651002332492176,0.3349376435308611,0.27571437167872,0.040602320563694796
2021-07-05 17:30:00,0.2112970711297071,0.17928286852589648,0.7846612062546536,0.7689698268166398,0.5839996859090969,0.0006681514476614699,0.5,0.8187647816723438,0.23060743031031003,0.12651002332492176,0.3349376435308611,0.27571437167872,0.07553902560465924
2021-07-05 17:40:00,0.2315202231520223,0.6812749003984064,0.7709605361131793,0.7525441885377611,0.6151470338040333,0.02861915367483296,0.5,0.8187647816723438,0.23060743031031003,0.12651002332492176,0.3349376435308611,0.27571437167872,0.06075259894080903
2021-07-05 17:50:00,0.21408647140864714,0.019920318725099362,0.7655994043186893,0.7454026066773789,0.6530735103584562,0.00033407572383073496,0.5,0.8187647816723438,0.23060743031031003,0.12651002332492176,0.3349376435308611,0.27571437167872,0.07337387027173832
2021-07-05 18:00:00,0.2280334728033473,-0.4103585657370519,0.7638123603871927,0.7418318157471882,0.6164295716585309,0.00044543429844097997,0.5,0.7734905642442207,0.2162169151769932,0.15410376210583476,0.2988819769754753,0.28676049614561516,0.07676116903299787
2021-07-05 18:10:00,0.17503486750348674,-0.043824701195219196,0.7578555472822037,0.7371897875379396,0.5962754053735718,0.00044543429844097997,0.5,0.7734905642442207,0.2162169151769932,0.15410376210583476,0.2988819769754753,0.28676049614561516,0.04826712132413959
2021-07-05 18:20:00,0.09762900976290097,0.24302788844621515,0.7572598659717049,0.7389751830030351,0.6106319770713641,0.5643652561247217,0.5,0.7734905642442207,0.2162169151769932,0.15410376210583476,0.2988819769754753,0.28676049614561516,0.0
2021-07-05 18:30:00,0.3207810320781032,0.5298804780876492,0.7700670141474311,0.7404034993751114,0.6559657640915575,0.2036748329621381,0.5,0.7734905642442207,0.2162169151769932,0.15410376210583476,0.2988819769754753,0.28676049614561516,0.08455421941246587
2021-07-05 18:40:00,0.2775453277545328,0.07569721115537842,0.7629188384214443,0.7361185502588823,0.6532436429309916,0.00033407572383073496,0.5,0.7734905642442207,0.2162169151769932,0.15410376210583476,0.2988819769754753,0.28676049614561516,0.1251640840713973
2021-07-05 18:50:00,0.2622036262203626,-0.21115537848605592,0.7587490692479522,0.7218353865381182,0.649278245278821,0.00033407572383073496,0.5,0.7734905642442207,0.2162169151769932,0.15410376210583476,0.2988819769754753,0.28676049614561516,0.10878585331261222
2021-07-05 19:00:00,0.2691771269177127,0.019920318725099362,0.7587490692479522,0.7232637029101947,0.6342804046537802,0.00033407572383073496,0.5,0.7694843579013302,0.2267569330501991,0.15875822088407962,0.3025790176505136,0.3009090414274321,0.13038459797516486
2021-07-05 19:10:00,0.25871687587168757,0.2589641434262948,0.7563663440059567,0.7214783074450992,0.6553114080433445,0.00022271714922048998,0.5,0.7694843579013302,0.2267569330501991,0.15875822088407962,0.3025790176505136,0.3009090414274321,0.10670368302729454
2021-07-05 19:20:00,0.25592747559274753,0.08366533864541825,0.7554728220402083,0.724334940189252,0.6821138317781471,0.00022271714922048998,0.5,0.7694843579013302,0.2267569330501991,0.15875822088407962,0.3025790176505136,0.3009090414274321,0.0959533473150565
2021-07-05 19:30:00,0.3772663877266388,0.06772908366533859,0.7554728220402083,0.7254061774683094,0.6583737943489812,0.00022271714922048998,0.5,0.7694843579013302,0.2267569330501991,0.15875822088407962,0.3025790176505136,0.3009090414274321,0.2408829609064985
2021-07-05 19:40:00,0.36052998605299863,0.07569721115537842,0.7542814594192104,0.7168362792358507,0.6654670139116096,0.00022271714922048998,0.5,0.7694843579013302,0.2267569330501991,0.15875822088407962,0.3025790176505136,0.3009090414274321,0.20246842796143458
2021-07-05 19:50:00,0.28661087866108786,-0.043824701195219196,0.7554728220402083,0.7139796464916979,0.6665663320726074,0.00033407572383073496,0.5,0.7694843579013302,0.2267569330501991,0.15875822088407962,0.3025790176505136,0.3009090414274321,0.13721200416434057
2021-07-05 20:00:00,0.41352859135285913,0.22709163346613526,0.7524944154877138,0.7171933583288699,0.6756487940218031,0.00033407572383073496,0.5,0.7695657060865719,0.21337501831859684,0.15415689722362036,0.3152509525648227,0.29520519671150136,0.32789655536611495
2021-07-05 20:10:00,0.50278940027894,0.027888446215139417,0.7429635145197317,0.7054097482592394,0.6980539451126146,0.00033407572383073496,0.5,0.7695657060865719,0.21337501831859684,0.15415689722362036,0.3152509525648227,0.29520519671150136,0.4617137166739593
2021-07-05 20:20:00,0.5306834030683404,-0.02788844621513953,0.7387937453462394,0.6982681663988572,0.6992448731203622,0.00022271714922048998,0.5,0.7695657060865719,0.21337501831859684,0.15415689722362036,0.3152509525648227,0.29520519671150136,0.5288410760897446
2021-07-05 20:30:00,0.5550906555090656,-0.10756972111553798,0.7319434102755025,0.6982681663988572,0.7016136420148932,0.00022271714922048998,0.5,0.7695657060865719,0.21337501831859684,0.15415689722362036,0.3152509525648227,0.29520519671150136,0.5677308870347179
2021-07-05 20:40:00,0.5174337517433751,-0.043824701195219196,0.7233060312732686,0.7004106409569719,0.7007891533941448,0.00022271714922048998,0.5,0.7695657060865719,0.21337501831859684,0.15415689722362036,0.3152509525648227,0.29520519671150136,0.49424385533442977
2021-07-05 20:50:00,0.4476987447698745,-0.23505976095617542,0.7167535368577809,0.6996964827709338,0.7026475245710696,0.00022271714922048998,0.5,0.7695657060865719,0.21337501831859684,0.15415689722362036,0.3152509525648227,0.29520519671150136,0.35378034612308945
2021-07-05 21:00:00,0.4177126917712692,-0.26693227091633476,0.7084139985107967,0.700053561863953,0.7026475245710696,0.00033407572383073496,0.5,0.7725215902886475,0.23129994511604768,0.15295228986360762,0.3505825225023561,0.31300562280365557,0.29095312099219944
2021-07-05 21:10:00,0.4421199442119944,-0.2828685258964144,0.7015636634400593,0.6971969291198001,0.6910785096386647,0.00022271714922048998,0.5,0.7725215902886475,0.23129994511604768,0.15295228986360762,0.3505825225023561,0.31300562280365557,0.34860509679074186
2021-07-05 21:20:00,0.5202231520223152,0.22709163346613526,0.6962025316455693,0.6911265845384753,0.680190024996401,0.00022271714922048998,0.5,0.7725215902886475,0.23129994511604768,0.15295228986360762,0.3505825225023561,0.31300562280365557,0.4719208775291579
2021-07-05 21:30:00,0.40446304044630405,-0.17131474103585675,0.6908413998510794,0.6814854490269593,0.680190024996401,0.00022271714922048998,0.5,0.7725215902886475,0.23129994511604768,0.15295228986360762,0.3505825225023561,0.31300562280365557,0.29104365013503936
2021-07-05 21:40:00,0.3856345885634589,0.06772908366533859,0.6863737900223379,0.6839850026780931,0.669275366112209,0.00022271714922048998,0.5,0.7725215902886475,0.23129994511604768,0.15295228986360762,0.3505825225023561,0.31300562280365557,0.26773239585376524
2021-07-05 21:50:00,0.3891213389121339,0.09163346613545809,0.681012658227848,0.6772004999107302,0.6689351009671383,0.00022271714922048998,0.5,0.7725215902886475,0.23129994511604768,0.15295228986360762,0.3505825225023561,0.31300562280365557,0.26471475775910197
2021-07-05 22:00:00,0.397489539748954,-0.298804780876494,0.6795234549516007,0.6761292626316728,0.6689351009671383,0.00022271714922048998,0.5,0.6785368533294556,0.23963598433364813,0.21120879603051504,0.37291233066631224,0.3332439579685847,0.2584456146174389
2021-07-05 22:10:00,0.41562064156206413,-0.3784860557768924,0.6780342516753535,0.6754151044456349,0.6674039078143199,0.00033407572383073496,0.5,0.6785368533294556,0.23963598433364813,0.21120879603051504,0.37291233066631224,0.3332439579685847,0.2947930654676585
2021-07-05 22:20:00,0.3110181311018131,-0.3705179282868527,0.6726731198808635,0.6693447598643101,0.6576670898169111,0.00044543429844097997,0.5,0.6785368533294556,0.23963598433364813,0.21120879603051504,0.37291233066631224,0.3332439579685847,0.17029286177708708
2021-07-05 22:30:00,0.2705718270571827,-0.3784860557768924,0.665524944154877,0.660060703445813,0.6576670898169111,0.00011135857461024499,0.5,0.6785368533294556,0.23963598433364813,0.21120879603051504,0.37291233066631224,0.3332439579685847,0.14311148663940734
2021-07-05 22:40:00,0.3417015341701534,-0.45019920318725104,0.6565897244973937,0.6497054097482591,0.6495138134561778,0.00022271714922048998,0.5,0.6785368533294556,0.23963598433364813,0.21120879603051504,0.37291233066631224,0.3332439579685847,0.18754620758332452
2021-07-05 22:50:00,0.4121338912133891,0.01195219123505975,0.6509307520476544,0.6429209069808963,0.6329193440734973,0.00033407572383073496,0.5,0.6785368533294556,0.23963598433364813,0.21120879603051504,0.37291233066631224,0.3332439579685847,0.29024397603995356
2021-07-05 23:00:00,0.46722454672245467,0.25099601593625476,0.6485480268056589,0.6286377432601322,0.6326314274122835,0.00022271714922048998,0.5,0.5739176172019225,0.25332536414497364,0.2560903433961609,0.4392425896434275,0.31821519093745954,0.40500475277999914
2021-07-05 23:10:00,0.4560669456066946,-0.12350597609561753,0.645271779597915,0.6257811105159794,0.6275405373571867,0.00022271714922048998,0.5,0.5739176172019225,0.25332536414497364,0.2560903433961609,0.4392425896434275,0.31821519093745954,0.3598382545981261
2021-07-05 23:20:00,0.4560669456066946,0.027888446215139417,0.6443782576321666,0.6257811105159794,0.621337242020128,0.00022271714922048998,0.5,0.5739176172019225,0.25332536414497364,0.2560903433961609,0.4392425896434275,0.31821519093745954,0.3829382742127737
2021-07-05 23:30:00,0.42538354253835425,0.05179282868525892,0.6399106478034249,0.6193536868416356,0.621337242020128,0.00033407572383073496,0.5,0.5739176172019225,0.25332536414497364,0.2560903433961609,0.4392425896434275,0.31821519093745954,0.33003153431808924
2021-07-05 23:40:00,0.4735006973500697,-0.019920318725099695,0.6381236038719285,0.6214961613997501,0.6115088141759694,0.00022271714922048998,0.5,0.5739176172019225,0.25332536414497364,0.2560903433961609,0.4392425896434275,0.31821519093745954,0.4217903646815638
2021-07-05 23:50:00,0.48884239888423986,-0.1872509960159363,0.6360387192851822,0.6129262631672916,0.6093756134587952,0.00022271714922048998,0.5,0.5739176172019225,0.25332536414497364,0.2560903433961609,0.4392425896434275,0.31821519093745954,0.48027219095613866
2021-07-06 00:00:00,0.4281729428172943,-0.06772908366533881,0.6312732688011911,0.6182824495625783,0.5988143068406382,0.00033407572383073496,0.5,0.5639181942103704,0.24878522558454155,0.26450382642595827,0.5252178433672142,0.284588201483025,0.3263500158426
2021-07-06 00:10:00,0.44072524407252445,-0.08366533864541836,0.627103499627699,0.6189966077486162,0.5988143068406382,0.00033407572383073496,0.5,0.5639181942103704,0.24878522558454155,0.26450382642595827,0.5252178433672142,0.284588201483025,0.345512017743712
2021-07-06 00:20:00,0.41143654114365413,0.19521912350597592,0.6205510052122112,0.6107837886091769,0.6082632081768331,0.00022271714922048998,0.5,0.5639181942103704,0.24878522558454155,0.26450382642595827,0.5252178433672142,0.284588201483025,0.2804517404227711
2021-07-06 00:30:00,0.40376569037656906,0.01195219123505975,0.6145941921072224,0.6068559185859668,0.6162463519650312,0.00033407572383073496,0.5,0.5639181942103704,0.24878522558454155,0.26450382642595827,0.5252178433672142,0.284588201483025,0.28933114051631786
2021-07-06 00:40:00,0.4295676429567643,-0.31474103585657376,0.6125093075204764,0.6036422067487948,0.61891612464174,0.00033407572383073496,0.5,0.5639181942103704,0.24878522558454155,0.26450382642595827,0.5252178433672142,0.284588201483025,0.31410594927350366
2021-07-06 00:50:00,0.5446304044630405,0.1394422310756971,0.6065524944154874,0.5940010712372792,0.6167567496826373,0.0016703786191536749,0.5,0.5639181942103704,0.24878522558454155,0.26450382642595827,0.5252178433672142,0.284588201483025,0.5694811171296227
2021-07-06 01:00:00,0.6108786610878661,-0.3466135458167332,0.6005956813104989,0.5861453311908589,0.6190469958513826,0.00033407572383073496,0.5,0.5239449834118408,0.25297192297856147,0.27827076768324677,0.6032922059696166,0.25429168064069374,0.7079378970080118
2021-07-06 01:10:00,0.6199442119944213,-0.02788844621513953,0.5937453462397615,0.580432065702553,0.6098860111764013,0.00044543429844097997,0.5,0.5239449834118408,0.25297192297856147,0.27827076768324677,0.6032922059696166,0.25429168064069374,0.7776830574709175
2021-07-06 01:20:00,0.6645746164574616,-0.10756972111553798,0.5883842144452716,0.5793608284234957,0.6072685869835495,0.00022271714922048998,0.5,0.5239449834118408,0.25297192297856147,0.27827076768324677,0.6032922059696166,0.25429168064069374,0.8420643662205592
2021-07-06 01:30:00,0.6304044630404463,0.03585657370517925,0.58391660461653,0.5793608284234957,0.604467943097198,0.00011135857461024499,0.5,0.5239449834118408,0.25297192297856147,0.27827076768324677,0.6032922059696166,0.25429168064069374,0.7445493911915144
2021-07-06 01:40:00,0.592747559274756,0.36254980079681287,0.5782576321667907,0.5793608284234957,0.5999267121226001,0.00011135857461024499,0.5,0.5239449834118408,0.25297192297856147,0.27827076768324677,0.6032922059696166,0.25429168064069374,0.664068983206844
2021-07-06 01:50:00,0.6269177126917713,0.3705179282868525,0.5728965003723006,0.580074986609534,0.6034340605410217,0.00011135857461024499,0.5,0.5239449834118408,0.25297192297856147,0.27827076768324677,0.6032922059696166,0.25429168064069374,0.7308040496703231
2021-07-06 02:00:00,0.6220362622036262,-0.298804780876494,0.5693224125093073,0.5854311730048205,0.6111685490308987,0.00022271714922048998,0.5,0.5165756849974132,0.2524690595304125,0.28793590611291,0.6493713199997841,0.24350285999134097,0.7139882613878118
2021-07-06 02:10:00,0.6171548117154811,-0.17928286852589637,0.5651526433358152,0.590073201214069,0.6080145528785122,0.00044543429844097997,0.5,0.5165756849974132,0.2524690595304125,0.28793590611291,0.6493713199997841,0.24350285999134097,0.7292499660515714
2021-07-06 02:20:00,0.6143654114365412,-0.02788844621513953,0.5621742367833207,0.5893590430280307,0.6050830377825183,0.00033407572383073496,0.5,0.5165756849974132,0.2524690595304125,0.28793590611291,0.6493713199997841,0.24350285999134097,0.7408527845255518
2021-07-06 02:30:00,0.5585774058577406,-0.01195219123505975,0.5571109456440804,0.5893590430280307,0.602701181767023,0.00022271714922048998,0.5,0.5165756849974132,0.2524690595304125,0.28793590611291,0.6493713199997841,0.24350285999134097,0.6045762481705569
2021-07-06 02:40:00,0.5857740585774059,0.09163346613545809,0.5535368577810869,0.5882878057489733,0.602701181767023,0.00044543429844097997,0.5,0.5165756849974132,0.2524690595304125,0.28793590611291,0.6493713199997841,0.24350285999134097,0.653959895589722
2021-07-06 02:50:00,0.5899581589958159,0.25099601593625476,0.5478778853313475,0.5847170148187824,0.602701181767023,0.00044543429844097997,0.5,0.5165756849974132,0.2524690595304125,0.28793590611291,0.6493713199997841,0.24350285999134097,0.6939209680583008
2021-07-06 03:00:00,0.5697350069735007,0.394422310756972,0.5454951600893521,0.5793608284234957,0.602701181767023,0.00033407572383073496,0.5,0.5100939790002277,0.250201863755615,0.2987650713830361,0.6534242250691678,0.24516256103434295,0.6451785687342517
2021-07-06 03:10:00,0.5306834030683404,0.38645418326693215,0.54132539091586,0.5793608284234957,0.6049783408148042,0.00022271714922048998,0.5,0.5100939790002277,0.250201863755615,0.2987650713830361,0.6534242250691678,0.24516256103434295,0.5803144378894639
2021-07-06 03:20:00,0.5299860529986052,0.05179282868525892,0.5380491437081161,0.5793608284234957,0.6139822800382143,0.000556792873051225,0.5,0.5100939790002277,0.250201863755615,0.2987650713830361,0.6534242250691678,0.24516256103434295,0.5691793533201563
2021-07-06 03:30:00,0.5313807531380753,-0.003984063745020028,0.5365599404318686,0.5793608284234957,0.6139822800382143,0.00033407572383073496,0.5,0.5100939790002277,0.250201863755615,0.2987650713830361,0.6534242250691678,0.24516256103434295,0.5567014197987236
2021-07-06 03:40:00,0.5390516039051604,0.019920318725099362,0.535368577810871,0.5779325120514194,0.6139822800382143,0.000556792873051225,0.5,0.5100939790002277,0.250201863755615,0.2987650713830361,0.6534242250691678,0.24516256103434295,0.5758860539855455
2021-07-06 03:50:00,0.5376569037656904,-0.12350597609561753,0.5335815338793746,0.5779325120514194,0.6139822800382143,0.00033407572383073496,0.5,0.5100939790002277,0.250201863755615,0.2987650713830361,0.6534242250691678,0.24516256103434295,0.5476711378004436
2021-07-06 04:00:00,0.5139470013947002,0.08366533864541825,0.5294117647058822,0.5754329584002855,0.6139822800382143,0.00033407572383073496,0.5,0.4244719955787144,0.2533311111558108,0.3593481094613862,0.6262483615051558,0.24763850243341765,0.5397498378019524
2021-07-06 04:10:00,0.504881450488145,0.17131474103585642,0.527922561429635,0.5697196929119801,0.6139822800382143,0.00033407572383073496,0.5,0.4244719955787144,0.2533311111558108,0.3593481094613862,0.6262483615051558,0.24763850243341765,0.5120780964738899
2021-07-06 04:20:00,0.48465829846582986,0.2589641434262948,0.5261355174981384,0.5665059810748081,0.6139822800382143,0.00044543429844097997,0.5,0.4244719955787144,0.2533311111558108,0.3593481094613862,0.6262483615051558,0.24763850243341765,0.4598729574362147
2021-07-06 04:30:00,0.4630404463040446,0.2749003984063745,0.5243484735666417,0.5607927155865025,0.6139822800382143,0.00033407572383073496,0.5,0.4244719955787144,0.2533311111558108,0.3593481094613862,0.6262483615051558,0.24763850243341765,0.4004933838284775
2021-07-06 04:40:00,0.4191073919107392,0.2828685258964143,0.5198808637379002,0.5575790037493304,0.6139822800382143,0.00033407572383073496,0.5,0.4244719955787144,0.2533311111558108,0.3593481094613862,0.6262483615051558,0.24763850243341765,0.3222460280338579
2021-07-06 04:50:00,0.41492329149232915,0.2111553784860556,0.5148175725986597,0.5515086591680056,0.6139822800382143,0.00022271714922048998,0.5,0.4244719955787144,0.2533311111558108,0.3593481094613862,0.6262483615051558,0.24763850243341765,0.3103867103218311
2021-07-06 05:00:00,0.4191073919107392,0.05976095617529875,0.5115413253909158,0.5325834672379934,0.6139822800382143,0.00022271714922048998,0.5,0.42007482432093934,0.25218458249402953,0.36971960255946407,0.6044507858724508,0.24209861825224085,0.3280549813660848
2021-07-06 05:10:00,0.44490934449093444,0.09960159362549792,0.5079672375279223,0.5158007498660953,0.6139822800382143,0.00033407572383073496,0.5,0.42007482432093934,0.25218458249402953,0.36971960255946407,0.6044507858724508,0.24209861825224085,0.37479065135718276
2021-07-06 05:20:00,0.49302649930264997,-0.06772908366533881,0.5055845122859268,0.5050883770755221,0.6139822800382143,0.000556792873051225,0.5,0.42007482432093934,0.25218458249402953,0.36971960255946407,0.6044507858724508,0.24209861825224085,0.4608612339122169
2021-07-06 05:30:00,0.50697350069735,-0.2589641434262948,0.5017125837676841,0.49830387430815937,0.6106450641923283,0.00044543429844097997,0.5,0.42007482432093934,0.25218458249402953,0.36971960255946407,0.6044507858724508,0.24209861825224085,0.48650361362161837
2021-07-06 05:40:00,0.47698744769874474,-0.05179282868525903,0.49635145197319397,0.5018746652383501,0.6027273560089516,0.00033407572383073496,0.5,0.42007482432093934,0.25218458249402953,0.36971960255946407,0.6044507858724508,0.24209861825224085,0.4475006412480951
2021-07-06 05:50:00,0.47419804741980476,-0.40239043824701204,0.4930752047654503,0.49009105516871987,0.6027142688879873,0.00033407572383073496,0.5,0.42007482432093934,0.25218458249402953,0.36971960255946407,0.6044507858724508,0.24209861825224085,0.44087692563030917
2021-07-06 06:00:00,0.4581589958158996,-0.13147410358565736,0.4883097542814592,0.4933047670058919,0.5938019395113269,0.00033407572383073496,0.5,0.4812846142531759,0.2701727264106766,0.3945822723746718,0.6361237295399959,0.22125517313169524,0.39022587021138555
2021-07-06 06:10:00,0.4686192468619247,-0.09960159362549814,0.4856291883842141,0.4825923942153185,0.5915378675845101,0.00033407572383073496,0.5,0.4812846142531759,0.2701727264106766,0.3945822723746718,0.6361237295399959,0.22125517313169524,0.4146234742067384
2021-07-06 06:20:00,0.4818688981868898,0.05179282868525892,0.4847356664184659,0.47437957507587925,0.5914593448587246,0.00022271714922048998,0.5,0.4812846142531759,0.2701727264106766,0.3945822723746718,0.6361237295399959,0.22125517313169524,0.45298519848514573
2021-07-06 06:30:00,0.45676429567642957,-0.003984063745020028,0.4847356664184659,0.4722371005177646,0.5992723560743871,0.00022271714922048998,0.5,0.4812846142531759,0.2701727264106766,0.3945822723746718,0.6361237295399959,0.22125517313169524,0.3987280655430994
2021-07-06 06:40:00,0.4721059972105997,-0.31474103585657376,0.4847356664184659,0.47295125870380295,0.602701181767023,0.00022271714922048998,0.5,0.4812846142531759,0.2701727264106766,0.3945822723746718,0.6361237295399959,0.22125517313169524,0.4300360607752312
2021-07-06 06:50:00,0.509065550906555,-0.24302788844621515,0.4853313477289649,0.4683092304945544,0.602701181767023,0.00022271714922048998,0.5,0.4812846142531759,0.2701727264106766,0.3945822723746718,0.6361237295399959,0.22125517313169524,0.4870166120977111
2021-07-06 07:00:00,0.4700139470013947,-0.15537848605577698,0.48741623231571096,0.4683092304945544,0.602701181767023,0.00022271714922048998,0.5,0.47798676082466174,0.2770001752838299,0.39414476364827494,0.5960760116126589,0.2246598415981091,0.42447606258581405
2021-07-06 07:10:00,0.4916317991631799,-0.19521912350597614,0.48741623231571096,0.4700946259596501,0.602701181767023,0.00022271714922048998,0.5,0.47798676082466174,0.2770001752838299,0.39414476364827494,0.5960760116126589,0.2246598415981091,0.47791843324230127
2021-07-06 07:20:00,0.500697350069735,-0.05179282868525903,0.4877140729709606,0.4704517050526693,0.602701181767023,0.00022271714922048998,0.5,0.47798676082466174,0.2770001752838299,0.39414476364827494,0.5960760116126589,0.2246598415981091,0.4722905381957542
2021-07-06 07:30:00,0.46164574616457466,-0.043824701195219196,0.49069247952345485,0.4686663095875736,0.602701181767023,0.00022271714922048998,0.5,0.47798676082466174,0.2770001752838299,0.39414476364827494,0.5960760116126589,0.2246598415981091,0.40274152420900167
2021-07-06 07:40:00,0.4065550906555091,-0.21912350597609564,0.49128816083395366,0.4750937332619174,0.602701181767023,0.00022271714922048998,0.5,0.47798676082466174,0.2770001752838299,0.39414476364827494,0.5960760116126589,0.2246598415981091,0.2959246797531572
2021-07-06 07:50:00,0.4121338912133891,-0.3705179282868527,0.49456440804169755,0.47723620782003207,0.602701181767023,0.00022271714922048998,0.5,0.47798676082466174,0.2770001752838299,0.39414476364827494,0.5960760116126589,0.2246598415981091,0.329948549270486
2021-07-06 08:00:00,0.401673640167364,-0.24302788844621515,0.49784065524944143,0.4811640778432422,0.5995864469775294,0.00022271714922048998,0.5,0.4694856253187303,0.29330444502553205,0.4065956279309122,0.5565474170409266,0.22697135619338973,0.2906438130874964
2021-07-06 08:10:00,0.4191073919107392,-0.02788844621513953,0.5037974683544302,0.49223352972683454,0.6026619204041302,0.00022271714922048998,0.5,0.4694856253187303,0.29330444502553205,0.4065956279309122,0.5565474170409266,0.22697135619338973,0.32763251203283195
2021-07-06 08:20:00,0.45327754532775455,-0.1394422310756973,0.5091586001489203,0.487591501517586,0.6199238329559881,0.00022271714922048998,0.5,0.4694856253187303,0.29330444502553205,0.4065956279309122,0.5565474170409266,0.22697135619338973,0.3643571676448844
2021-07-06 08:30:00,0.48326359832635984,-0.01195219123505975,0.5166046165301563,0.49366184609891084,0.6198976587140594,0.00022271714922048998,0.5,0.4694856253187303,0.29330444502553205,0.4065956279309122,0.5565474170409266,0.22697135619338973,0.4303830891561175
2021-07-06 08:40:00,0.4790794979079498,-0.043824701195219196,0.5276247207743856,0.49009105516871987,0.6230254806245175,0.00033407572383073496,0.5,0.4694856253187303,0.29330444502553205,0.4065956279309122,0.5565474170409266,0.22697135619338973,0.4370822457262701
2021-07-06 08:50:00,0.45536959553695955,0.09960159362549792,0.5389426656738645,0.4943760042849492,0.6230254806245175,0.00022271714922048998,0.5,0.4694856253187303,0.29330444502553205,0.4065956279309122,0.5565474170409266,0.22697135619338973,0.3885510810688474
2021-07-06 09:00:00,0.4330543933054393,0.003984063745019917,0.5490692479523454,0.5040171397964648,0.6230254806245175,0.00022271714922048998,0.5,0.45089551377599313,0.2934481202964318,0.4115440418476463,0.6312255357841098,0.24186344720902525,0.3612037358359612
2021-07-06 09:10:00,0.5104602510460251,0.003984063745019917,0.5571109456440804,0.5179432244242099,0.6261402154140111,0.00022271714922048998,0.5,0.45089551377599313,0.2934481202964318,0.4115440418476463,0.6312255357841098,0.24186344720902525,0.4741162092430255
2021-07-06 09:20:00,0.49302649930264997,-0.01195219123505975,0.5645569620253164,0.5361542581681842,0.6324220334768554,0.00033407572383073496,0.5,0.45089551377599313,0.2934481202964318,0.4115440418476463,0.6312255357841098,0.24186344720902525,0.43696154020248357
2021-07-06 09:30:00,0.44142259414225943,-0.019920318725099695,0.573790022338049,0.5504374218889485,0.6294119956550759,0.00033407572383073496,0.5,0.45089551377599313,0.2934481202964318,0.4115440418476463,0.6312255357841098,0.24186344720902525,0.33917497774491906
2021-07-06 09:40:00,0.5299860529986052,-0.1394422310756973,0.5827252419955322,0.5636493483306553,0.627252620695973,0.00033407572383073496,0.5,0.45089551377599313,0.2934481202964318,0.4115440418476463,0.6312255357841098,0.24186344720902525,0.4909395416207734
2021-07-06 09:50:00,0.46234309623430964,-0.043824701195219196,0.590766939687267,0.5682913765399038,0.6334428289120676,0.00033407572383073496,0.5,0.45089551377599313,0.2934481202964318,0.4115440418476463,0.6312255357841098,0.24186344720902525,0.4169621437301025
2021-07-06 10:00:00,0.4874476987447699,-0.23505976095617542,0.5979151154132538,0.5807891447955722,0.6314666736464645,0.00022271714922048998,0.5,0.6909627802868565,0.2759369782791728,0.24975851420514747,0.6333505964420962,0.2599961188909926,0.43453234153627956
2021-07-06 10:10:00,0.49442119944211993,-0.07569721115537853,0.6050632911392404,0.5882878057489733,0.6360733402258837,0.00022271714922048998,0.5,0.6909627802868565,0.2759369782791728,0.24975851420514747,0.6333505964420962,0.2599961188909926,0.47545151409991404
2021-07-06 10:20:00,0.49372384937238495,-0.003984063745020028,0.6125093075204764,0.5982860203535083,0.6378662757979872,0.00022271714922048998,0.5,0.6909627802868565,0.2759369782791728,0.24975851420514747,0.6333505964420962,0.2599961188909926,0.4190443140154202
2021-07-06 10:30:00,0.5132496513249651,-0.10756972111553798,0.622338049143708,0.6054276022138905,0.6322649880252843,0.000556792873051225,0.5,0.6909627802868565,0.2759369782791728,0.24975851420514747,0.6333505964420962,0.2599961188909926,0.5041341641896887
2021-07-06 10:40:00,0.5202231520223152,-0.03585657370517936,0.629784065524944,0.6136404213533297,0.6206174503670938,0.00033407572383073496,0.5,0.6909627802868565,0.2759369782791728,0.24975851420514747,0.6333505964420962,0.2599961188909926,0.5183321514250796
2021-07-06 10:50:00,0.4951185495118549,0.09163346613545809,0.635740878629933,0.6189966077486162,0.6331941736137467,0.00022271714922048998,0.5,0.6909627802868565,0.2759369782791728,0.24975851420514747,0.6333505964420962,0.2599961188909926,0.4480513602003712
2021-07-06 11:00:00,0.49372384937238495,0.05179282868525892,0.64259121370067,0.6286377432601322,0.652759419455314,0.00022271714922048998,0.5,0.7086246753493652,0.26952618769162784,0.22511320379777866,0.5986606709280038,0.273910065545698,0.42885918191831257
2021-07-06 11:10:00,0.4435146443514645,-0.12350597609561753,0.6509307520476544,0.641849669701839,0.645836332465221,0.00022271714922048998,0.5,0.7086246753493652,0.26952618769162784,0.22511320379777866,0.5986606709280038,0.273910065545698,0.35590023688459044
2021-07-06 11:20:00,0.41143654114365413,0.003984063745019917,0.6571854058078928,0.6489912515622211,0.6439517870463676,0.00022271714922048998,0.5,0.7086246753493652,0.26952618769162784,0.22511320379777866,0.5986606709280038,0.273910065545698,0.30450231603723765
2021-07-06 11:30:00,0.4100418410041841,-0.09960159362549814,0.6649292628443781,0.6564899125156223,0.6371072227820602,0.00022271714922048998,0.5,0.7086246753493652,0.26952618769162784,0.22511320379777866,0.5986606709280038,0.273910065545698,0.3073539840366945
2021-07-06 11:40:00,0.38633193863319387,-0.10756972111553798,0.6714817572598657,0.6636314943760042,0.6573399117928046,0.00033407572383073496,0.5,0.7086246753493652,0.26952618769162784,0.22511320379777866,0.5986606709280038,0.273910065545698,0.2481252923336904
2021-07-06 11:50:00,0.4211994421199442,0.1633466135458166,0.6789277736411017,0.6761292626316728,0.6423289840467996,0.00022271714922048998,0.5,0.7086246753493652,0.26952618769162784,0.22511320379777866,0.5986606709280038,0.273910065545698,0.32624439850928677
2021-07-06 12:00:00,0.2315202231520223,0.2350597609561753,0.6839910647803424,0.6754151044456349,0.6365313894596327,0.00033407572383073496,0.5,0.7189579294135224,0.2698250322550974,0.2149718783340226,0.5294172999795159,0.2742588684102603,0.09992908550477542
2021-07-06 12:10:00,0.32147838214783825,-0.20318725099601598,0.6947133283693223,0.6904124263524369,0.6098336626925442,0.00033407572383073496,0.5,0.7189579294135224,0.2698250322550974,0.2149718783340226,0.5294172999795159,0.2742588684102603,0.24276898471566308
2021-07-06 12:20:00,0.31520223152022314,0.14741035856573692,0.7006701414743111,0.6961256918407428,0.6354713326615279,0.00022271714922048998,0.5,0.7189579294135224,0.2698250322550974,0.2149718783340226,0.5294172999795159,0.2742588684102603,0.17399701253828628
2021-07-06 12:30:00,0.3207810320781032,0.2350597609561753,0.703946388682055,0.7011247991430103,0.6324220334768554,0.00033407572383073496,0.5,0.7189579294135224,0.2698250322550974,0.2149718783340226,0.5294172999795159,0.2742588684102603,0.15882583701736652
2021-07-06 12:40:00,0.31450488145048816,-0.059760956175298974,0.7116902457185403,0.7032672737011247,0.6402219575715539,0.00033407572383073496,0.5,0.7189579294135224,0.2698250322550974,0.2149718783340226,0.5294172999795159,0.2742588684102603,0.13882644054498544
2021-07-06 12:50:00,0.38702928870292885,0.2749003984063745,0.7197319434102754,0.7111230137475453,0.6419756317807644,0.00022271714922048998,0.5,0.7189579294135224,0.2698250322550974,0.2149718783340226,0.5294172999795159,0.2742588684102603,0.2408301522398419
2021-07-06 13:00:00,0.3096234309623431,-0.29083665338645437,0.7233060312732686,0.7082663810033922,0.635680726596956,0.00033407572383073496,0.5,0.8187240575500889,0.2512823017927794,0.15762602438863865,0.47947770549683505,0.27591670382135774,0.1318179760701299
2021-07-06 13:10:00,0.300557880055788,-0.07569721115537853,0.729560685033507,0.7136225673986787,0.6038004999280209,0.00022271714922048998,0.5,0.8187240575500889,0.2512823017927794,0.15762602438863865,0.47947770549683505,0.27591670382135774,0.1711378004435928
2021-07-06 13:20:00,0.1792189679218968,0.17131474103585642,0.7358153387937452,0.7221924656311371,0.5897056706495138,0.0289532293986637,0.5,0.8187240575500889,0.2512823017927794,0.15762602438863865,0.47947770549683505,0.27591670382135774,0.017004390663427734
2021-07-06 13:30:00,0.24407252440725244,0.41035856573705165,0.7459419210722262,0.7296911265845385,0.649173548311107,0.008129175946547884,0.5,0.8187240575500889,0.2512823017927794,0.15762602438863865,0.47947770549683505,0.27591670382135774,0.08967666007815683
2021-07-06 13:40:00,0.23291492329149233,-0.07569721115537853,0.7507073715562174,0.7357614711658633,0.6780044757953698,0.00033407572383073496,0.5,0.8187240575500889,0.2512823017927794,0.15762602438863865,0.47947770549683505,0.27591670382135774,0.10280338578994222
2021-07-06 13:50:00,0.2712691771269177,0.17131474103585642,0.7599404318689498,0.7454026066773789,0.6552067110756304,0.6410913140311805,0.5,0.8187240575500889,0.2512823017927794,0.15762602438863865,0.47947770549683505,0.27591670382135774,0.0
2021-07-06 14:00:00,0.20362622036262204,0.4183266932270917,0.7807892777364109,0.7775397250490985,0.5943777728337543,0.00601336302895323,0.5,0.8196767885510852,0.24498070441111955,0.15274900682348755,0.4239769726846044,0.27305579286332554,0.06949620532009597
2021-07-06 14:10:00,0.27266387726638774,-0.50597609561753,0.774832464631422,0.7682556686306017,0.6223711245763045,0.00022271714922048998,0.5,0.8196767885510852,0.24498070441111955,0.15274900682348755,0.4239769726846044,0.27305579286332554,0.11780859121565551
2021-07-06 14:20:00,0.26569037656903766,-0.33067729083665354,0.7718540580789277,0.7529012676307802,0.583554723796312,0.00033407572383073496,0.5,0.8196767885510852,0.24498070441111955,0.15274900682348755,0.4239769726846044,0.27305579286332554,0.13046003892753144
2021-07-06 14:30:00,0.24267782426778242,0.2828685258964143,0.7706626954579296,0.7511158721656848,0.5663320726073471,0.00022271714922048998,0.5,0.8196767885510852,0.24498070441111955,0.15274900682348755,0.4239769726846044,0.27305579286332554,0.1102343195980506
2021-07-06 14:40:00,0.24686192468619247,0.13147410358565725,0.776917349218168,0.7564720585609712,0.5852953108845586,0.00022271714922048998,0.5,0.8196767885510852,0.24498070441111955,0.15274900682348755,0.4239769726846044,0.27305579286332554,0.11992093788191983
2021-07-06 14:50:00,0.3054393305439331,0.3784860557768923,0.7819806403574086,0.7639707195143723,0.634777715250422,0.00022271714922048998,0.5,0.8196767885510852,0.24498070441111955,0.15274900682348755,0.4239769726846044,0.27305579286332554,0.1437527347345233
2021-07-06 15:00:00,0.11227336122733612,0.2828685258964143,0.78644825018615,0.7671844313515443,0.6478255748517884,0.15178173719376392,0.5,0.8197500652886724,0.2223317347064851,0.15022286948150906,0.3980311204694842,0.2665411563034437,0.015480483425622766
2021-07-06 15:10:00,0.2294281729428173,-0.05976095617529875,0.8019359642591213,0.7689698268166398,0.6680320896206045,0.8712694877505568,0.5,0.8197500652886724,0.2223317347064851,0.15022286948150906,0.3980311204694842,0.2665411563034437,0.01280232961660908
2021-07-06 15:20:00,0.3270571827057183,-0.40239043824701204,0.8156366344005956,0.7850383860024994,0.6314666736464645,0.00022271714922048998,0.5,0.8197500652886724,0.2223317347064851,0.15022286948150906,0.3980311204694842,0.2665411563034437,0.1708511248245998
2021-07-06 15:30:00,0.3800557880055788,-0.15537848605577698,0.7995532390171258,0.7653990358864489,0.5882137388595883,0.00011135857461024499,0.5,0.8197500652886724,0.2223317347064851,0.15022286948150906,0.3980311204694842,0.2665411563034437,0.26380192223546634
2021-07-06 15:40:00,0.2712691771269177,0.15537848605577675,0.7947877885331345,0.7650419567934299,0.559906296213896,0.00022271714922048998,0.5,0.8197500652886724,0.2223317347064851,0.15022286948150906,0.3980311204694842,0.2665411563034437,0.13833607435460266
2021-07-06 15:50:00,0.22384937238493724,0.14741035856573692,0.7980640357408784,0.7757543295840028,0.5427490806297522,0.00022271714922048998,0.5,0.8197500652886724,0.2223317347064851,0.15022286948150906,0.3980311204694842,0.2665411563034437,0.06798738627276431
2021-07-06 16:00:00,0.2622036262203626,0.019920318725099362,0.8001489203276244,0.7903945723977861,0.6232872230438026,0.00011135857461024499,0.5,0.857891157528976,0.21421120839523422,0.1306234930519176,0.39871333101094314,0.2629457518443238,0.11024186369328727
2021-07-06 16:10:00,0.12412831241283125,-0.15537848605577698,0.8037230081906177,0.789680414211748,0.6226590412375181,0.01447661469933185,0.5,0.857891157528976,0.21421120839523422,0.1306234930519176,0.39871333101094314,0.2629457518443238,0.0
2021-07-06 16:20:00,0.3110181311018131,-0.059760956175298974,0.8144452717795978,0.7718264595607927,0.6110115035793275,0.4506681514476615,0.5,0.857891157528976,0.21421120839523422,0.1306234930519176,0.39871333101094314,0.2629457518443238,0.0962249347435762
2021-07-06 16:30:00,0.2196652719665272,0.6334661354581672,0.8168279970215933,0.7886091769326906,0.6238499692452658,0.2534521158129176,0.5,0.857891157528976,0.21421120839523422,0.1306234930519176,0.39871333101094314,0.2629457518443238,0.03118728970834528
2021-07-06 16:40:00,0.21338912133891214,0.4940239043824701,0.8138495904690988,0.7875379396536333,0.6558741542448077,0.31792873051224946,0.5,0.857891157528976,0.21421120839523422,0.1306234930519176,0.39871333101094314,0.2629457518443238,0.005582630475127118
2021-07-06 16:50:00,0.15690376569037656,0.3545816733067728,0.82933730454207,0.8025352615604355,0.5659787203413121,0.3190423162583519,0.5,0.857891157528976,0.21421120839523422,0.1306234930519176,0.39871333101094314,0.2629457518443238,0.0
2021-07-06 17:00:00,0.15731331938633192,0.3541821969061978,0.8290554281459417,0.8022699517943224,0.5660652000366438,0.31875918708240536,0.5,0.8537871599277305,0.20049884054056427,0.13046687760927986,0.4250972285904965,0.2683742730281785,0.0006236542314830183
2021-07-06 17:10:00,0.15772285216178522,0.353782720505623,0.8287736708860758,0.8020046420282092,0.5661516273834919,0.31847605790645883,0.5,0.8537871599277305,0.20049884054056427,0.13046687760927986,0.4250972285904965,0.2683742730281785,0.0012473084931424175
2021-07-06 17:20:00,0.15813240585774058,0.35338324410504796,0.8284917349218166,0.801739332262096,0.5662381070788237,0.31819292873051225,0.5,0.8537871599277305,0.20049884054056427,0.13046687760927986,0.4250972285904965,0.2683742730281785,0.0018709626265521976
2021-07-06 17:30:00,0.15854193863319388,0.35298376770447315,0.828209888309754,0.801473915372255,0.5663245605999137,0.3179097772828508,0.5,0.8537871599277305,0.20049884054056427,0.13046687760927986,0.4250972285904965,0.2683742730281785,0.0024946169108438824
2021-07-06 17:40:00,0.15895148535564854,0.3525842913038979,0.827928131049888,0.8012087127298697,0.5664109879467616,0.3176266481069043,0.5,0.8537871599277305,0.20049884054056427,0.13046687760927986,0.4250972285904965,0.2683742730281785,0.0031182712705765197
2021-07-06 17:50:00,0.1593610390516039,0.3521848149033233,0.82764625465376,0.8009434029637565,0.5664974545549724,0.3173435189309577,0.5,0.8537871599277305,0.20049884054056427,0.13046687760927986,0.4250972285904965,0.2683742730281785,0.003741925253104395
2021-07-06 18:00:00,0.1597705718270572,0.35178533850274807,0.8273644676098284,0.8006780931976434,0.5665839211631833,0.31706038975501116,0.5,0.8178609129474357,0.18478363940955184,0.13489294415093317,0.40876551018241775,0.3027133472825821,0.0043655795373960795
2021-07-06 18:10:00,0.16018012552301256,0.35138586210217304,0.8270825912137005,0.8004126763078021,0.5666703485100313,0.31677726057906463,0.5,0.8178609129474357,0.18478363940955184,0.13489294415093317,0.40876551018241775,0.3027133472825821,0.004989233821687765
2021-07-06 18:20:00,0.1605896792189679,0.350986385701598,0.8268007148175724,0.8001473308337796,0.5667568151182422,0.31649413140311805,0.5,0.8178609129474357,0.18478363940955184,0.13489294415093317,0.40876551018241775,0.3027133472825821,0.005612888332302307
2021-07-06 18:30:00,0.16099921199442122,0.3505869093010232,0.8265189277736409,0.7998819853597574,0.566843281726453,0.31621097995545655,0.5,0.8178609129474357,0.18478363940955184,0.13489294415093317,0.40876551018241775,0.3027133472825821,0.0062365428429168495
2021-07-06 18:40:00,0.16140876569037657,0.3501874329004482,0.8262370811615782,0.7996166398857347,0.5669297614217848,0.31592785077951,0.5,0.8178609129474357,0.18478363940955184,0.13489294415093317,0.40876551018241775,0.3027133472825821,0.006860196599121867
2021-07-06 18:50:00,0.16181829846582985,0.3497879564998734,0.8259551749813847,0.7993512944117123,0.5670161756815119,0.3156447216035635,0.5,0.8178609129474357,0.18478363940955184,0.13489294415093317,0.40876551018241775,0.3027133472825821,0.007483850355326885
2021-07-06 19:00:00,0.1622278521617852,0.34938848009929835,0.8256733879374534,0.7990859489376896,0.5671026422897226,0.3153615924276169,0.5,0.8149620625283709,0.20139250072556072,0.1340829823435428,0.4302803796616961,0.32381146699679747,0.008107504865941428
2021-07-06 19:10:00,0.1626373988842399,0.34898900369872354,0.8253915115413253,0.7988207462953043,0.5671891219850546,0.3150784632516704,0.5,0.8149620625283709,0.20139250072556072,0.1340829823435428,0.4302803796616961,0.32381146699679747,0.008731159376555971
2021-07-06 19:20:00,0.1630469316596932,0.3485895272981485,0.8251097542814592,0.7985554008212821,0.5672755493319025,0.31479533407572385,0.5,0.8149620625283709,0.20139250072556072,0.1340829823435428,0.4302803796616961,0.32381146699679747,0.009354813132760988
2021-07-06 19:30:00,0.16345648535564852,0.34819005089757327,0.8248278481012656,0.7982900553472594,0.5673620290272343,0.3145122048997773,0.5,0.8149620625283709,0.20139250072556072,0.1340829823435428,0.4302803796616961,0.32381146699679747,0.00997846764337553
2021-07-06 19:40:00,0.16386603905160388,0.3477905744969987,0.8245459419210721,0.7980246384574183,0.5674484825483243,0.3142290645879733,0.5,0.8149620625283709,0.20139250072556072,0.1340829823435428,0.4302803796616961,0.32381146699679747,0.010602121399580548
2021-07-06 19:50:00,0.16427557182705718,0.34739109809642343,0.8242641846612062,0.7977593286913052,0.5675349098951721,0.31394593541202676,0.5,0.8149620625283709,0.20139250072556072,0.1340829823435428,0.4302803796616961,0.32381146699679747,0.011225776664604614
2021-07-06 20:00:00,0.16468512552301254,0.3469916216958484,0.8239823082650781,0.797494018925192,0.5676213765033831,0.3136628062360802,0.5,0.813830225436867,0.19652190904206093,0.12631561727345322,0.4860738720089527,0.34518571634945694,0.011849430420809633
2021-07-06 20:10:00,0.16509465829846584,0.3465921452952736,0.8237003723008187,0.7972287091590788,0.567707843111594,0.31337967706013364,0.5,0.813830225436867,0.19652190904206093,0.12631561727345322,0.4860738720089527,0.34518571634945694,0.012473084931424175
2021-07-06 20:20:00,0.1655042119944212,0.3461926688946986,0.823418615040953,0.7969633279771469,0.5677942704584419,0.3130965478841871,0.5,0.813830225436867,0.19652190904206093,0.12631561727345322,0.4860738720089527,0.34518571634945694,0.01309673793321967
2021-07-06 20:30:00,0.16591375871687586,0.34579319249412377,0.8231367684288904,0.7966979467952151,0.5678807370666528,0.31281341870824053,0.5,0.813830225436867,0.19652190904206093,0.12631561727345322,0.4860738720089527,0.34518571634945694,0.013720393198243735
2021-07-06 20:40:00,0.16632329149232916,0.34539371609354874,0.8228550111690245,0.7964326013211926,0.5679672036748635,0.312530289532294,0.5,0.813830225436867,0.19652190904206093,0.12631561727345322,0.4860738720089527,0.34518571634945694,0.014344047708858276
2021-07-06 20:50:00,0.16673284518828452,0.3449942396929737,0.8225731049888307,0.7961674700946262,0.5680536310217116,0.3122471380846325,0.5,0.813830225436867,0.19652190904206093,0.12631561727345322,0.4860738720089527,0.34518571634945694,0.01496770071065377
2021-07-06 21:00:00,0.1671423779637378,0.3445947632923989,0.8222912881608337,0.7959020532047847,0.5681400976299223,0.311964008908686,0.5,0.812975218988047,0.19690695876807118,0.1217249459993758,0.488912297842383,0.3593068923610815,0.015591355221268314
2021-07-06 21:10:00,0.16755193165969318,0.3441952868918239,0.8220094713328367,0.7956367077307624,0.5682265642381332,0.31168087973273945,0.5,0.812975218988047,0.19690695876807118,0.1217249459993758,0.488912297842383,0.3593068923610815,0.01621501048629238
2021-07-06 21:20:00,0.16796148535564853,0.3437958104912491,0.821727565152643,0.79537136225674,0.5683129915849813,0.31139775055679286,0.5,0.812975218988047,0.19690695876807118,0.1217249459993758,0.488912297842383,0.3593068923610815,0.016838663488087876
2021-07-06 21:30:00,0.16837101813110184,0.34339633409067405,0.8214457185405806,0.7951060167827173,0.5683994451060711,0.31111462138084633,0.5,0.812975218988047,0.19690695876807118,0.1217249459993758,0.488912297842383,0.3593068923610815,0.017462317998702417
2021-07-06 21:40:00,0.1687805718270572,0.3429968576900988,0.8211639612807144,0.7948406713086951,0.5684859248014029,0.3108314922048998,0.5,0.812975218988047,0.19690695876807118,0.1217249459993758,0.488912297842383,0.3593068923610815,0.01808597250931696
2021-07-06 21:50:00,0.16919011854951185,0.3425973812895242,0.8208820551005209,0.7945753258346724,0.5685723521482509,0.3105483407572383,0.5,0.812975218988047,0.19690695876807118,0.1217249459993758,0.488912297842383,0.3593068923610815,0.018709626265521976
2021-07-06 22:00:00,0.16959965132496516,0.34219790488894897,0.8206002680565896,0.7943099446527404,0.5686588318435828,0.3102652115812918,0.5,0.7264819194569583,0.2171479309324249,0.20223733085690715,0.45814547847715137,0.34253610501586523,0.01933328077613652
2021-07-06 22:10:00,0.1700092050209205,0.34179842848837394,0.8203183916604615,0.7940446348866272,0.5687452853646727,0.3099820824053452,0.5,0.7264819194569583,0.2171479309324249,0.20223733085690715,0.45814547847715137,0.34253610501586523,0.01995693528675106
2021-07-06 22:20:00,0.17041873779637376,0.34139895208779913,0.8200365152643334,0.793779432244242,0.5688317519728835,0.30969895322939867,0.5,0.7264819194569583,0.2171479309324249,0.20223733085690715,0.45814547847715137,0.34253610501586523,0.020580590551775125
2021-07-06 22:30:00,0.17082829149232914,0.3409994756872241,0.8197547282204019,0.7935140153544009,0.5689181793197315,0.3094158351893096,0.5,0.7264819194569583,0.2171479309324249,0.20223733085690715,0.45814547847715137,0.34253610501586523,0.02120424355357062
2021-07-06 22:40:00,0.1712378451882845,0.3405999992866493,0.8194728220402083,0.7932487055882878,0.5690046459279423,0.30913270601336307,0.5,0.7264819194569583,0.2171479309324249,0.20223733085690715,0.45814547847715137,0.34253610501586523,0.021827898064185162
2021-07-06 22:50:00,0.1716473779637378,0.3402005228860743,0.8191909754281457,0.7929833958221746,0.5690910994490322,0.3088495768374165,0.5,0.7264819194569583,0.2171479309324249,0.20223733085690715,0.45814547847715137,0.34253610501586523,0.022451552574799704
2021-07-06 23:00:00,0.17205693165969316,0.33980104648549925,0.8189091883842143,0.7927180860560614,0.5691775398830011,0.308566425389755,0.5,0.5779971669885795,0.22753852652388976,0.3058434553196433,0.41838927245295127,0.30682382536795516,0.023075206331004725
2021-07-06 23:10:00,0.17246647838214782,0.33940157008492444,0.8186272524199552,0.7924527048741297,0.569264006491212,0.30828329621380846,0.5,0.5779971669885795,0.22753852652388976,0.3058434553196433,0.41838927245295127,0.30682382536795516,0.023698860841619266
2021-07-06 23:20:00,0.17287601115760112,0.3390020936843494,0.8183454355919582,0.7921873594001072,0.5693504861865439,0.3080001670378619,0.5,0.5779971669885795,0.22753852652388976,0.3058434553196433,0.41838927245295127,0.30682382536795516,0.024322515352233808
2021-07-06 23:30:00,0.17328556485355648,0.33860261728377417,0.8180636485480266,0.7919220139260845,0.5694369135333918,0.3077170378619154,0.5,0.5779971669885795,0.22753852652388976,0.3058434553196433,0.41838927245295127,0.30682382536795516,0.02494616986284835
2021-07-06 23:40:00,0.17369509762900975,0.3382031408831996,0.8177817721518985,0.7916566684520623,0.5695233670544817,0.3074339086859688,0.5,0.5779971669885795,0.22753852652388976,0.3058434553196433,0.41838927245295127,0.30682382536795516,0.02556982512787241
2021-07-06 23:50:00,0.17410465132496514,0.33780366448262433,0.8174999851079672,0.7913914301017675,0.5696098467498135,0.3071507795100223,0.5,0.5779971669885795,0.22753852652388976,0.3058434553196433,0.41838927245295127,0.30682382536795516,0.02619347586643934
2021-07-07 00:00:00,0.1745142050209205,0.3374041880820495,0.8172181682799702,0.791126084627745,0.5696962740966615,0.3068676280623608,0.5,0.5322262553519201,0.23670788231271112,0.31535109060780364,0.3882607252887355,0.2580001231089202,0.026817131131463404
2021-07-07 00:10:00,0.1749237377963738,0.3370047116814745,0.8169362323157108,0.7908607391537223,0.5697827537919933,0.30658449888641426,0.5,0.5322262553519201,0.23670788231271112,0.31535109060780364,0.3882607252887355,0.2580001231089202,0.02744078639648747
2021-07-07 00:20:00,0.17533329149232915,0.3366052352808995,0.8166544452717794,0.7905953936797001,0.5698692073130832,0.30630136971046773,0.5,0.5322262553519201,0.23670788231271112,0.31535109060780364,0.3882607252887355,0.2580001231089202,0.028064441661511532
2021-07-07 00:30:00,0.17574281729428173,0.33620575888032467,0.8163725986597168,0.7903300482056776,0.5699556346599313,0.30601824053452115,0.5,0.5322262553519201,0.23670788231271112,0.31535109060780364,0.3882607252887355,0.2580001231089202,0.028688095417716553
2021-07-07 00:40:00,0.17615237099023712,0.33580628247974964,0.8160906924795233,0.790064702731655,0.570042101268142,0.3057351113585746,0.5,0.5322262553519201,0.23670788231271112,0.31535109060780364,0.3882607252887355,0.2580001231089202,0.029311749928331098
2021-07-07 00:50:00,0.17656192468619247,0.33540680607917484,0.8158089054355917,0.7897993215497232,0.5701285678763529,0.30545198218262803,0.5,0.5322262553519201,0.23670788231271112,0.31535109060780364,0.3882607252887355,0.2580001231089202,0.02993540217571707
2021-07-07 01:00:00,0.17697145746164575,0.3350073296785998,0.8155270290394636,0.78953401178361,0.5702149952232008,0.3051688530066815,0.5,0.4622140848095688,0.23376253925926677,0.32076795589709134,0.4384950411623839,0.21185047574048435,0.030559055177512562
2021-07-07 01:10:00,0.17738101115760113,0.3346078532780248,0.8152452717795977,0.7892687020174969,0.5703014618314117,0.30488570155902006,0.5,0.4622140848095688,0.23376253925926677,0.32076795589709134,0.4384950411623839,0.21185047574048435,0.031182710442536628
2021-07-07 01:20:00,0.1777905648535565,0.33420837687744975,0.814963365599404,0.7890033208355649,0.5703879284396225,0.30460258351893094,0.5,0.4622140848095688,0.23376253925926677,0.32076795589709134,0.4384950411623839,0.21185047574048435,0.031806365707560694
2021-07-07 01:30:00,0.17820009762900976,0.33380890047687495,0.8146814594192104,0.7887380824852706,0.5704743557864705,0.3043194543429844,0.5,0.4622140848095688,0.23376253925926677,0.32076795589709134,0.4384950411623839,0.21185047574048435,0.03243002097258476
2021-07-07 01:40:00,0.17860965132496512,0.3334094240762997,0.8143997021593445,0.7884727727191574,0.5705608223946814,0.3040363251670379,0.5,0.4622140848095688,0.23376253925926677,0.32076795589709134,0.4384950411623839,0.21185047574048435,0.033053676237608826
2021-07-07 01:50:00,0.1790191771269177,0.3330099476757249,0.8141178555472819,0.7882074629530442,0.5706472890028922,0.3037531959910913,0.5,0.4622140848095688,0.23376253925926677,0.32076795589709134,0.4384950411623839,0.21185047574048435,0.03367732697617575
2021-07-07 02:00:00,0.17942873082287308,0.33261047127514987,0.8138359493670884,0.7879420817711122,0.5707337556111032,0.30347006681514477,0.5,0.46817464878362935,0.23945782699773382,0.32049822225620844,0.5037681581337372,0.18918568010273543,0.03430098148679029
2021-07-07 02:10:00,0.17983828451882844,0.33221099487457506,0.8135541325390914,0.78767673629709,0.5708201698708301,0.30318693763919824,0.5,0.46817464878362935,0.23945782699773382,0.32049822225620844,0.5037681581337372,0.18918568010273543,0.034924636751814356
2021-07-07 02:20:00,0.18024782426778244,0.33181151847400003,0.8132723157110944,0.7874113908230673,0.570906649566162,0.30290378619153674,0.5,0.46817464878362935,0.23945782699773382,0.32049822225620844,0.5037681581337372,0.18918568010273543,0.03554828975360985
2021-07-07 02:30:00,0.1806573709902371,0.33141204207342523,0.8129905286671628,0.7871460453490449,0.5709931161743728,0.3026206570155902,0.5,0.46817464878362935,0.23945782699773382,0.32049822225620844,0.5037681581337372,0.18918568010273543,0.03617194501863392
2021-07-07 02:40:00,0.18106692468619245,0.3310125656728502,0.8127086522710347,0.7868806998750222,0.5710795566083418,0.3023375278396436,0.5,0.46817464878362935,0.23945782699773382,0.32049822225620844,0.5037681581337372,0.18918568010273543,0.036795600283657984
2021-07-07 02:50:00,0.18147645746164576,0.3306130892722752,0.8124268056589723,0.7866153544009999,0.5711660101294317,0.3020543986636971,0.5,0.46817464878362935,0.23945782699773382,0.32049822225620844,0.5037681581337372,0.18918568010273543,0.03741925253104395
2021-07-07 03:00:00,0.1818860111576011,0.33021361287170037,0.8121450483991064,0.7863501160507052,0.5712524767376425,0.30177126948775057,0.5,0.48231062199175967,0.2337912743134484,0.3213595437836541,0.5565161358355907,0.1920450010777831,0.03804290704165849
2021-07-07 03:10:00,0.1822955369595537,0.3298141364711251,0.8118631124348472,0.7860847705766827,0.5713389040844905,0.301488140311804,0.5,0.48231062199175967,0.2337912743134484,0.3213595437836541,0.5565161358355907,0.1920450010777831,0.03866656155227304
2021-07-07 03:20:00,0.18270509065550908,0.32941466007055054,0.8115812360387191,0.7858194251026605,0.5714253706927013,0.30120498886414254,0.5,0.48231062199175967,0.2337912743134484,0.3213595437836541,0.5565161358355907,0.1920450010777831,0.03929021606288758
2021-07-07 03:30:00,0.18311464435146443,0.3290151836699753,0.8112994787788532,0.7855540796286378,0.5715118242137912,0.300921859688196,0.5,0.48231062199175967,0.2337912743134484,0.3213595437836541,0.5565161358355907,0.1920450010777831,0.039913871327911646
2021-07-07 03:40:00,0.18352418410041843,0.32861570726940026,0.8110175725986597,0.7852886984467058,0.5715982777348811,0.30063873051224943,0.5,0.48231062199175967,0.2337912743134484,0.3213595437836541,0.5565161358355907,0.1920450010777831,0.04053752432970714
2021-07-07 03:50:00,0.1839337308228731,0.32821623086882545,0.8107357855547281,0.7850233886805926,0.5716847443430919,0.3003556013363029,0.5,0.48231062199175967,0.2337912743134484,0.3213595437836541,0.5565161358355907,0.1920450010777831,0.0411611795947312
2021-07-07 04:00:00,0.18434328451882845,0.3278167544682504,0.8104539091586,0.7847580789144795,0.5717712109513029,0.3000724721603564,0.5,0.45232866267785954,0.24274799070133665,0.3298279373289674,0.5678528334042146,0.20442909622612615,0.041784831842117176
2021-07-07 04:10:00,0.18475281729428175,0.3274172780676754,0.8101720327624717,0.7844927691483663,0.5718576382981507,0.2997893429844098,0.5,0.45232866267785954,0.24274799070133665,0.3298279373289674,0.5678528334042146,0.20442909622612615,0.04240848710714124
2021-07-07 04:20:00,0.1851623709902371,0.3270178016671006,0.8098902457185402,0.7842273522585252,0.5719440918192407,0.29950621380846326,0.5,0.45232866267785954,0.24274799070133665,0.3298279373289674,0.5678528334042146,0.20442909622612615,0.04303214161775578
2021-07-07 04:30:00,0.1855718967921897,0.32661832526652557,0.8096083395383467,0.78396214961614,0.5720305715145725,0.2992230734966593,0.5,0.45232866267785954,0.24274799070133665,0.3298279373289674,0.5678528334042146,0.20442909622612615,0.043655796128370325
2021-07-07 04:40:00,0.18598145048814507,0.32621884886595076,0.8093264929262842,0.7836968398500268,0.5721169988614204,0.2989399443207127,0.5,0.45232866267785954,0.24274799070133665,0.3298279373289674,0.5678528334042146,0.20442909622612615,0.04427945063898487
2021-07-07 04:50:00,0.18639100418410043,0.32581937246537573,0.8090447058823527,0.783431458668095,0.5722034785567524,0.29865681514476616,0.5,0.45232866267785954,0.24274799070133665,0.3298279373289674,0.5678528334042146,0.20442909622612615,0.04490310590400893
2021-07-07 05:00:00,0.1868005439330544,0.3254198960648007,0.8087628294862246,0.7831661131940726,0.5722899320778422,0.2983736859688196,0.5,0.4332907525557639,0.245512302913446,0.3301154249471534,0.5717513123844814,0.20859579668780429,0.04552675739698538
2021-07-07 05:10:00,0.18721009065550906,0.3250204196642259,0.8084809530900965,0.7829007677200499,0.5723763594246902,0.29809055679287305,0.5,0.4332907525557639,0.245512302913446,0.3301154249471534,0.5717513123844814,0.20859579668780429,0.04615041190759992
2021-07-07 05:20:00,0.18761963040446306,0.32462094326365065,0.8081991660461652,0.7826354222460277,0.572462826032901,0.29780742761692647,0.5,0.4332907525557639,0.245512302913446,0.3301154249471534,0.5717513123844814,0.20859579668780429,0.046774066418214466
2021-07-07 05:30:00,0.18802917712691772,0.32422146686307607,0.8079172896500371,0.782370076772005,0.5725492926411119,0.29752429844097994,0.5,0.4332907525557639,0.245512302913446,0.3301154249471534,0.5717513123844814,0.20859579668780429,0.04739772168323853
2021-07-07 05:40:00,0.18843873082287307,0.3238219904625008,0.8076355323901709,0.7821047312979825,0.5726357461622017,0.2972411469933185,0.5,0.4332907525557639,0.245512302913446,0.3301154249471534,0.5717513123844814,0.20859579668780429,0.04802137619385307
2021-07-07 05:50:00,0.18884825662482566,0.3234225140619258,0.8073536857781085,0.7818393144081415,0.5727221865961707,0.29695801781737197,0.5,0.4332907525557639,0.245512302913446,0.3301154249471534,0.5717513123844814,0.20859579668780429,0.048645030704467615
2021-07-07 06:00:00,0.18925781032078104,0.323023037661351,0.8070717498138493,0.7815740046420283,0.5728086532043815,0.2966748886414254,0.5,0.5019429842276573,0.26208955566985676,0.3067576583366273,0.5616631598268703,0.19771621918726381,0.04926868295185358
2021-07-07 06:10:00,0.1896673640167364,0.32262356126077596,0.8067899925539834,0.781308801999643,0.5728951328997134,0.29639175946547885,0.5,0.5019429842276573,0.26208955566985676,0.3067576583366273,0.5616631598268703,0.19771621918726381,0.04989233821687765
2021-07-07 06:20:00,0.1900769037656904,0.32222408486020093,0.8065081161578553,0.7810434565256203,0.5729815471594404,0.29610863028953227,0.5,0.5019429842276573,0.26208955566985676,0.3067576583366273,0.5616631598268703,0.19771621918726381,0.05051599348190172
2021-07-07 06:30:00,0.19048645048814505,0.3218246084596261,0.8062262099776618,0.7807780753436886,0.5730680137676514,0.29582550111358574,0.5,0.5019429842276573,0.26208955566985676,0.3067576583366273,0.5616631598268703,0.19771621918726381,0.05113964874692578
2021-07-07 06:40:00,0.19089599023709905,0.3214251320590511,0.8059444527177959,0.7805127655775754,0.5731544803758621,0.2955423496659243,0.5,0.5019429842276573,0.26208955566985676,0.3067576583366273,0.5616631598268703,0.19771621918726381,0.05176330401194985
2021-07-07 06:50:00,0.1913055369595537,0.3210256556584763,0.8056625465376022,0.7802474558114623,0.573240894635589,0.29525922048997777,0.5,0.5019429842276573,0.26208955566985676,0.3067576583366273,0.5616631598268703,0.19771621918726381,0.05238695173287868
2021-07-07 07:00:00,0.19171509065550907,0.32062617925790127,0.8053807892777363,0.7799821460453491,0.573327374330921,0.2949760913140312,0.5,0.5002411428369404,0.27508929418086525,0.3104541632252484,0.5361909104850235,0.2012133192387779,0.05301061076995036
2021-07-07 07:10:00,0.19212461645746165,0.320226702857326,0.8050989128816082,0.779716729155508,0.5734138409391318,0.29469296213808466,0.5,0.5002411428369404,0.27508929418086525,0.3104541632252484,0.5361909104850235,0.2012133192387779,0.05363426226292681
2021-07-07 07:20:00,0.19253417015341703,0.31982722645675143,0.804816976917349,0.7794513836814854,0.5735002813731007,0.29440984409799553,0.5,0.5002411428369404,0.27508929418086525,0.3104541632252484,0.5361909104850235,0.2012133192387779,0.05425791752795088
2021-07-07 07:30:00,0.1929437238493724,0.3194277500561762,0.8045352196574831,0.7791860382074629,0.5735867348941907,0.294126714922049,0.5,0.5002411428369404,0.27508929418086525,0.3104541632252484,0.5361909104850235,0.2012133192387779,0.05488157279297494
2021-07-07 07:40:00,0.19335326359832636,0.31902827365560116,0.8042533730454204,0.7789208355650776,0.5736732015024014,0.2938435857461024,0.5,0.5002411428369404,0.27508929418086525,0.3104541632252484,0.5361909104850235,0.2012133192387779,0.055505223531541865
2021-07-07 07:50:00,0.19376281032078105,0.31862879725502635,0.8039714966492923,0.7786554900910554,0.5737596288492495,0.293560434298441,0.5,0.5002411428369404,0.27508929418086525,0.3104541632252484,0.5361909104850235,0.2012133192387779,0.056128883323023064
2021-07-07 08:00:00,0.19417235006973502,0.3182293208544513,0.8036897096053608,0.7783901446170327,0.5738461085445812,0.29327730512249445,0.5,0.49576259004083423,0.281830537891478,0.3247973478601448,0.49902760899560944,0.20738867199161226,0.0567525310439519
2021-07-07 08:10:00,0.19458189679218968,0.3178298444538765,0.8034078332092327,0.7781247991430102,0.5739325751527922,0.2929941759465479,0.5,0.49576259004083423,0.281830537891478,0.3247973478601448,0.49902760899560944,0.20738867199161226,0.057376190835433105
2021-07-07 08:20:00,0.19499145048814504,0.3174303680533015,0.8031260461653014,0.7778594536689876,0.5740190024996401,0.29271104677060134,0.5,0.49576259004083423,0.281830537891478,0.3247973478601448,0.49902760899560944,0.20738867199161226,0.05799984157400004
2021-07-07 08:30:00,0.19540097629009762,0.31703089165272647,0.8028441697691733,0.7775941081949653,0.574105469107851,0.2924279175946548,0.5,0.49576259004083423,0.281830537891478,0.3247973478601448,0.49902760899560944,0.20738867199161226,0.058623499856662195
2021-07-07 08:40:00,0.195810529986053,0.31663141525215166,0.8025623231571106,0.7773286913051243,0.5741919357160619,0.2921447884187082,0.5,0.49576259004083423,0.281830537891478,0.3247973478601448,0.49902760899560944,0.20738867199161226,0.05924715210404816
2021-07-07 08:50:00,0.19622006973500697,0.31623193885157663,0.8022805658972447,0.7770633815390111,0.5742783630629097,0.2918616369710468,0.5,0.49576259004083423,0.281830537891478,0.3247973478601448,0.49902760899560944,0.20738867199161226,0.059870803597024604
2021-07-07 09:00:00,0.19662962343096235,0.3158324624510018,0.8019986299329855,0.7767980717728975,0.5743648165839996,0.29157850779510025,0.5,0.482677039032787,0.2828104032390151,0.33952110167994476,0.5623222982191913,0.22807415610949386,0.060494462634096295
2021-07-07 09:10:00,0.19703917015341701,0.3154329860504268,0.8017167535368577,0.7765328691305122,0.5744512962793316,0.2912953786191537,0.5,0.482677039032787,0.2828104032390151,0.33952110167994476,0.5623222982191913,0.22807415610949386,0.061118110355025124
2021-07-07 09:20:00,0.197448709902371,0.31503350964985155,0.8014349962769916,0.7762674522406712,0.5745377628875423,0.29101224944320714,0.5,0.482677039032787,0.2828104032390151,0.33952110167994476,0.5623222982191913,0.22807415610949386,0.06174177316414443
2021-07-07 09:30:00,0.19785825662482567,0.31463403324927675,0.801153090096798,0.776002142474558,0.5746242033215113,0.2907291202672606,0.5,0.482677039032787,0.2828104032390151,0.33952110167994476,0.5623222982191913,0.22807415610949386,0.062365420885073256
2021-07-07 09:40:00,0.19826781032078103,0.3142345568487017,0.8008713328369321,0.7757368327084448,0.5747106568426011,0.290445991091314,0.5,0.482677039032787,0.2828104032390151,0.33952110167994476,0.5623222982191913,0.22807415610949386,0.06298907615009731
2021-07-07 09:50:00,0.1986773361227336,0.3138350804481267,0.8005894266567384,0.7754715229423317,0.574797123450812,0.2901628619153675,0.5,0.482677039032787,0.2828104032390151,0.33952110167994476,0.5623222982191913,0.22807415610949386,0.06361273141512139
2021-07-07 10:00:00,0.199086889818689,0.3134356040475519,0.8003075502606105,0.7752061060524906,0.57488355079766,0.2898797216035635,0.5,0.7444206118090615,0.2811064145261464,0.21486801756679969,0.5649924022373195,0.25008974602270084,0.06423638366250736
2021-07-07 10:10:00,0.19949642956764294,0.31303612764697686,0.8000257930007444,0.774940760578468,0.5749700174058708,0.28959659242761693,0.5,0.7444206118090615,0.2811064145261464,0.21486801756679969,0.5649924022373195,0.25008974602270084,0.06486004194516952
2021-07-07 10:20:00,0.19990598326359835,0.31263665124640205,0.7997438570364854,0.7746754151044457,0.5750564709269608,0.2893134632516704,0.5,0.7444206118090615,0.2811064145261464,0.21486801756679969,0.5649924022373195,0.25008974602270084,0.06548369268373644
2021-07-07 10:30:00,0.200315529986053,0.312237174845827,0.7994620104244228,0.7744100696304232,0.5751429113609297,0.2890303340757238,0.5,0.7444206118090615,0.2811064145261464,0.21486801756679969,0.5649924022373195,0.25008974602270084,0.06610735247521765
2021-07-07 10:40:00,0.20072506973500698,0.3118376984452522,0.7991802531645569,0.7741447241564006,0.5752293779691406,0.2887472048997773,0.5,0.7444206118090615,0.2811064145261464,0.21486801756679969,0.5649924022373195,0.25008974602270084,0.06673100019614649
2021-07-07 10:50:00,0.20113461645746167,0.3114382220446772,0.7988983767684288,0.7738795215140153,0.5753158576644724,0.28846407572383076,0.5,0.7444206118090615,0.2811064145261464,0.21486801756679969,0.5649924022373195,0.25008974602270084,0.06735465546117055
2021-07-07 11:00:00,0.20154417015341702,0.31103874564410217,0.7986165301563661,0.773614176039993,0.5754022719241993,0.2881809465478842,0.5,0.7664551636085775,0.2726554350918236,0.2012500829047333,0.5362535452221817,0.27581019552391717,0.0679783107261946
2021-07-07 11:10:00,0.2019537029288703,0.3106392692435269,0.7983347133283691,0.7733488305659704,0.5754887385324103,0.28789779510022273,0.5,0.7664551636085775,0.2726554350918236,0.2012500829047333,0.5362535452221817,0.27581019552391717,0.06860196599121868
2021-07-07 11:20:00,0.202363249651325,0.3102397928429521,0.798052836932241,0.7730834850919479,0.5755752051406211,0.2876146659242762,0.5,0.7664551636085775,0.2726554350918236,0.2012500829047333,0.5362535452221817,0.27581019552391717,0.06922562125624274
2021-07-07 11:30:00,0.20277278940027893,0.3098403164423771,0.7977710498883097,0.7728181396179252,0.5756616194003481,0.2873315367483296,0.5,0.7664551636085775,0.2726554350918236,0.2012500829047333,0.5362535452221817,0.27581019552391717,0.06984927274921919
2021-07-07 11:40:00,0.2031823430962343,0.3094408400418023,0.7974892032762468,0.7725527584359935,0.5757480990956799,0.2870484075723831,0.5,0.7664551636085775,0.2726554350918236,0.2012500829047333,0.5362535452221817,0.27581019552391717,0.07047293178629087
2021-07-07 11:50:00,0.20359188981868898,0.30904136364122725,0.7972072970960533,0.7722874486698803,0.5758345657038908,0.28676527839643656,0.5,0.7664551636085775,0.2726554350918236,0.2012500829047333,0.5362535452221817,0.27581019552391717,0.0710965795072197
2021-07-07 12:00:00,0.20400142956764297,0.30864188724065245,0.7969255100521218,0.7720221389037671,0.5759210061378597,0.28648214922049,0.5,0.7689712873258592,0.2717589014014107,0.19100476985963072,0.5333503238978141,0.2922439248159667,0.07172023477224376
2021-07-07 12:10:00,0.20441097629009763,0.3082424108400774,0.7966436336559939,0.7717567577218356,0.5760074727460706,0.2861989977728285,0.5,0.7689712873258592,0.2717589014014107,0.19100476985963072,0.5333503238978141,0.2922439248159667,0.07234389003726784
2021-07-07 12:20:00,0.2048205160390516,0.3078429344395024,0.7963617572598658,0.7714915193715408,0.5760939393542815,0.28591586859688195,0.5,0.7689712873258592,0.2717589014014107,0.19100476985963072,0.5333503238978141,0.2922439248159667,0.0729675453022919
2021-07-07 12:30:00,0.2052300627615063,0.3074434580389276,0.7960799702159342,0.7712262096054276,0.5761803667011294,0.2856327394209354,0.5,0.7689712873258592,0.2717589014014107,0.19100476985963072,0.5333503238978141,0.2922439248159667,0.07359120056731597
2021-07-07 12:40:00,0.20563960948396096,0.30704398163835256,0.7957980640357407,0.7709608998393145,0.5762668333093403,0.2853496102449889,0.5,0.7689712873258592,0.2717589014014107,0.19100476985963072,0.5333503238978141,0.2922439248159667,0.07421485281470194
2021-07-07 12:50:00,0.20604914923291492,0.30664450523777775,0.7955163067758746,0.7706954829494734,0.5763532999175511,0.28506648106904237,0.5,0.7689712873258592,0.2717589014014107,0.19100476985963072,0.5333503238978141,0.2922439248159667,0.07483850355326886
2021-07-07 13:00:00,0.2064587029288703,0.3062450288372025,0.7952344303797467,0.7704301374754507,0.576439779612883,0.2847833518930958,0.5,0.8744617061506097,0.2651728269833637,0.12377793984622773,0.5165675594393851,0.2864498320322885,0.07546216183593102
2021-07-07 13:10:00,0.20686824965132497,0.3058455524366277,0.7949525539836186,0.7701647920014283,0.5765261938726101,0.28450022271714925,0.5,0.8744617061506097,0.2651728269833637,0.12377793984622773,0.5165675594393851,0.2864498320322885,0.07608581408331698
2021-07-07 13:20:00,0.20727778940027897,0.30544607603605267,0.7946707371556216,0.7698994465274056,0.5766126604808208,0.2842170824053452,0.5,0.8744617061506097,0.2651728269833637,0.12377793984622773,0.5165675594393851,0.2864498320322885,0.07670946934834105
2021-07-07 13:30:00,0.20768733612273363,0.30504659963547764,0.794388890543559,0.7696341010533834,0.5766991270890317,0.2839339532293987,0.5,0.8744617061506097,0.2651728269833637,0.12377793984622773,0.5165675594393851,0.2864498320322885,0.07733312461336513
2021-07-07 13:40:00,0.20809687587168757,0.3046471232349026,0.7941070141474309,0.7693687555793609,0.5767855413487587,0.28365082405345216,0.5,0.8744617061506097,0.2651728269833637,0.12377793984622773,0.5165675594393851,0.2864498320322885,0.07795677987838918
2021-07-07 13:50:00,0.2085064225941423,0.3042476468343278,0.7938252271034996,0.7691035529369756,0.5768720210440905,0.28336769487750557,0.5,0.8744617061506097,0.2651728269833637,0.12377793984622773,0.5165675594393851,0.2864498320322885,0.07858043514341326
2021-07-07 14:00:00,0.20891596931659695,0.3038481704337528,0.7935434102755023,0.768838207462953,0.5769584876523013,0.28308456570155904,0.5,0.8767093041444882,0.25120759065191306,0.1245884089101125,0.5075885787536367,0.2821308313741959,0.07920408286434208
2021-07-07 14:10:00,0.2093255090655509,0.303448694033178,0.7932615934475054,0.7685728619889307,0.5770449280862703,0.28280143652561246,0.5,0.8767093041444882,0.25120759065191306,0.1245884089101125,0.5075885787536367,0.2821308313741959,0.07982774190141377
2021-07-07 14:20:00,0.20973506276150627,0.30304921763260295,0.7929797170513775,0.768307516514908,0.5771313816073601,0.282518285077951,0.5,0.8767093041444882,0.25120759065191306,0.1245884089101125,0.5075885787536367,0.2821308313741959,0.08045139339439021
2021-07-07 14:30:00,0.21014460948396096,0.3026497412320279,0.7926978406552494,0.768042135332976,0.5772178482155711,0.28223515590200443,0.5,0.8767093041444882,0.25120759065191306,0.1245884089101125,0.5075885787536367,0.2821308313741959,0.08107504865941428
2021-07-07 14:40:00,0.21055414923291493,0.3022502648314531,0.7924160833953833,0.7677768255668629,0.577304275562419,0.2819520267260579,0.5,0.8767093041444882,0.25120759065191306,0.1245884089101125,0.5075885787536367,0.2821308313741959,0.08169870392443834
2021-07-07 14:50:00,0.2109636959553696,0.30185078843087787,0.7921341772151897,0.7675115158007497,0.5773907421706298,0.2816688975501114,0.5,0.8767093041444882,0.25120759065191306,0.1245884089101125,0.5075885787536367,0.2821308313741959,0.0823223591894624
2021-07-07 15:00:00,0.21137323570432356,0.3014513120303033,0.791852271034996,0.767246134618818,0.5774771956917198,0.28138576837416485,0.5,0.8809518171263444,0.24453818457674606,0.122501302064014,0.4885858341647291,0.27517031740315423,0.08294601445448647
2021-07-07 15:10:00,0.21178278242677825,0.30105183562972804,0.7915705137751301,0.7669807891447955,0.5775636361256886,0.28110263919821826,0.5,0.8809518171263444,0.24453818457674606,0.122501302064014,0.4885858341647291,0.27517031740315423,0.0835696621754153
2021-07-07 15:20:00,0.21219232914923292,0.300652359229153,0.791288637379002,0.7667155865024102,0.5776501027338996,0.28081951002227173,0.5,0.8809518171263444,0.24453818457674606,0.122501302064014,0.4885858341647291,0.27517031740315423,0.08419332196689652
2021-07-07 15:30:00,0.21260186889818689,0.3002528828285782,0.7910068503350705,0.7664502767362971,0.5777365824292313,0.28053635857461023,0.5,0.8809518171263444,0.24453818457674606,0.122501302064014,0.4885858341647291,0.27517031740315423,0.08481697270546344
2021-07-07 15:40:00,0.21301142259414227,0.2998534064280032,0.7907249441548769,0.7661848955543653,0.5778229966889584,0.2802532293986637,0.5,0.8809518171263444,0.24453818457674606,0.122501302064014,0.4885858341647291,0.27517031740315423,0.0854406309881256
2021-07-07 15:50:00,0.21342095536959554,0.29945393002742815,0.7904430975428143,0.7659195500803428,0.5779094632971693,0.2799701002227171,0.5,0.8809518171263444,0.24453818457674606,0.122501302064014,0.4885858341647291,0.27517031740315423,0.08606428323551156
2021-07-07 16:00:00,0.21383050906555093,0.29905445362685334,0.7901613104988829,0.7656542046063202,0.5779959299053801,0.2796869710467706,0.5,0.9222521807083728,0.22339205820572572,0.10378899042895767,0.4720681372378739,0.26805266965408053,0.08668793472848801
2021-07-07 16:10:00,0.2142400557880056,0.2986549772262783,0.7898793745346238,0.7653888591322979,0.578082396513591,0.2794038530066815,0.5,0.9222521807083728,0.22339205820572572,0.10378899042895767,0.4720681372378739,0.26805266965408053,0.0873115937655597
2021-07-07 16:20:00,0.21464959553695953,0.2982555008257035,0.7895975577066268,0.765123477950366,0.5781688500346808,0.27912071269487754,0.5,0.9222521807083728,0.22339205820572572,0.10378899042895767,0.4720681372378739,0.26805266965408053,0.08793524148648853
2021-07-07 16:30:00,0.21505914225941425,0.2978560244251285,0.7893157706626952,0.7648581324763437,0.5782553035557708,0.2788375946547884,0.5,0.9222521807083728,0.22339205820572572,0.10378899042895767,0.4720681372378739,0.26805266965408053,0.08855890429560782
2021-07-07 16:40:00,0.2154686889818689,0.29745654802455346,0.7890338942665671,0.7645927512944117,0.5783417701639817,0.2785544432071269,0.5,0.9222521807083728,0.22339205820572572,0.10378899042895767,0.4720681372378739,0.26805266965408053,0.08918255201653666
2021-07-07 16:50:00,0.21587822873082285,0.29705707162397865,0.7887521072226358,0.7643274415282986,0.5784281975108295,0.2782713140311804,0.5,0.9222521807083728,0.22339205820572572,0.10378899042895767,0.4720681372378739,0.26805266965408053,0.08980621105360834
2021-07-07 17:00:00,0.21628778242677826,0.2966575952234034,0.7884702903946386,0.7640622388859133,0.5785146641190405,0.27798818485523386,0.5,0.9251673407881935,0.20907625421327528,0.1037523411472392,0.4733786841292897,0.26461632851543304,0.09042986254658479
2021-07-07 17:10:00,0.2166973152022315,0.2962581188228284,0.7881883544303796,0.7637968934118906,0.5786011176401303,0.2777050556792873,0.5,0.9251673407881935,0.20907625421327528,0.1037523411472392,0.4733786841292897,0.26461632851543304,0.09105351479397077
2021-07-07 17:20:00,0.2171068688981869,0.29585864242225357,0.787906567386448,0.7635315122299589,0.5786875580740993,0.2774219265033408,0.5,0.9251673407881935,0.20907625421327528,0.1037523411472392,0.4733786841292897,0.26461632851543304,0.09167717307663292
2021-07-07 17:30:00,0.21751641562064158,0.29545916602167854,0.7876247207743856,0.7632662024638457,0.5787740246823102,0.2771387973273942,0.5,0.9251673407881935,0.20907625421327528,0.1037523411472392,0.4733786841292897,0.26461632851543304,0.09230082381519984
2021-07-07 17:40:00,0.21792595536959553,0.29505968962110374,0.7873428145941921,0.7630008926977325,0.5788605043776419,0.27685564587973277,0.5,0.9251673407881935,0.20907625421327528,0.1037523411472392,0.4733786841292897,0.26461632851543304,0.09292448360668105
2021-07-07 17:50:00,0.21833550209205022,0.2946602132205287,0.7870610275502605,0.7627355115158005,0.578946918637369,0.2765725167037862,0.5,0.9251673407881935,0.20907625421327528,0.1037523411472392,0.4733786841292897,0.26461632851543304,0.09354813132760988
2021-07-07 18:00:00,0.2187450488145049,0.2942607368199537,0.7867791511541324,0.7624701660417783,0.5790333852455798,0.27628938752783966,0.5,0.8819776914525703,0.1958724968175915,0.12319713116017043,0.41867156272908157,0.251372830058044,0.09417179111909109
2021-07-07 18:10:00,0.21915458856345885,0.2938612604193789,0.7864972747580043,0.7622048205677558,0.5791198518537907,0.2760062583518931,0.5,0.8819776914525703,0.1958724968175915,0.12319713116017043,0.41867156272908157,0.251372830058044,0.09479544185765802
2021-07-07 18:20:00,0.21956414225941423,0.29346178401880385,0.7862155174981384,0.7619394750937332,0.5792062661135178,0.27572312917594655,0.5,0.8819776914525703,0.1958724968175915,0.12319713116017043,0.41867156272908157,0.251372830058044,0.09541909712268208
2021-07-07 18:30:00,0.2199736750348675,0.29306230761822905,0.785933581533879,0.7616742724513479,0.5792927458088495,0.27544,0.5,0.8819776914525703,0.1958724968175915,0.12319713116017043,0.41867156272908157,0.251372830058044,0.09604275238770614
2021-07-07 18:40:00,0.2203832287308229,0.292662831217654,0.7856518242740134,0.7614089269773257,0.5793792124170605,0.2751568708240535,0.5,0.8819776914525703,0.1958724968175915,0.12319713116017043,0.41867156272908157,0.251372830058044,0.09666641519682545
2021-07-07 18:50:00,0.22079278242677824,0.29226335481707877,0.7853699776619505,0.761143581503303,0.5794656528510292,0.274873719376392,0.5,0.8819776914525703,0.1958724968175915,0.12319713116017043,0.41867156272908157,0.251372830058044,0.09729006291775429
2021-07-07 19:00:00,0.22120231520223152,0.29186387841650396,0.785088071481757,0.7608782360292805,0.5795521063721192,0.27459060133630286,0.5,0.87866356171639,0.1969874169197747,0.12311165844086856,0.410014859825591,0.25944424196583243,0.09791371063868311
2021-07-07 19:10:00,0.2216118619246862,0.29146440201592894,0.78480625465376,0.7606128905552578,0.5796385729803301,0.2743074610244989,0.5,0.87866356171639,0.1969874169197747,0.12311165844086856,0.410014859825591,0.25944424196583243,0.09853736590370717
2021-07-07 19:20:00,0.22202140864714087,0.2910649256153539,0.784524437825763,0.7603475450812356,0.579725000327178,0.2740243429844098,0.5,0.87866356171639,0.1969874169197747,0.12311165844086856,0.410014859825591,0.25944424196583243,0.09916102116873124
2021-07-07 19:30:00,0.22243094839609484,0.2906654492147791,0.7842425316455695,0.7600821281913945,0.579811466935389,0.27374120267260577,0.5,0.87866356171639,0.1969874169197747,0.12311165844086856,0.410014859825591,0.25944424196583243,0.09978468397785054
2021-07-07 19:40:00,0.22284050209205022,0.2902659728142041,0.7839607743857033,0.7598168184252814,0.5798979204564788,0.27345808463251675,0.5,0.87866356171639,0.1969874169197747,0.12311165844086856,0.410014859825591,0.25944424196583243,0.10040833169877937
2021-07-07 19:50:00,0.22325003486750347,0.28986649641362927,0.7836789277736409,0.7595515086591682,0.5799844001518106,0.27317493318485525,0.5,0.87866356171639,0.1969874169197747,0.12311165844086856,0.410014859825591,0.25944424196583243,0.10103198696380344
2021-07-07 20:00:00,0.22365958856345886,0.28946702001305424,0.7833971705137748,0.7592862703088734,0.5800708274986586,0.27289180400890867,0.5,0.8823033843713426,0.184789386420389,0.11404546311693643,0.44597332862416544,0.2902693835229248,0.10165563468473228
2021-07-07 20:10:00,0.2240691422594142,0.28906754361247944,0.7831152345495158,0.7590208891269414,0.5801573071939904,0.27260867483296214,0.5,0.8823033843713426,0.184789386420389,0.11404546311693643,0.44597332862416544,0.2902693835229248,0.10227929749385156
2021-07-07 20:20:00,0.2244786750348675,0.2886680672119044,0.7828333581533877,0.7587555793608283,0.5802437607150802,0.2723255456570156,0.5,0.8823033843713426,0.184789386420389,0.11404546311693643,0.44597332862416544,0.2902693835229248,0.10290295275887563
2021-07-07 20:30:00,0.2248882217573222,0.2882685908113294,0.7825516008935218,0.7584902695947151,0.5803301880619283,0.272042416481069,0.5,0.8823033843713426,0.184789386420389,0.11404546311693643,0.44597332862416544,0.2902693835229248,0.10352660047980446
2021-07-07 20:40:00,0.22529776150627615,0.28786911441075413,0.7822696947133281,0.7582249598286019,0.58041666775726,0.2717592873051225,0.5,0.8823033843713426,0.184789386420389,0.11404546311693643,0.44597332862416544,0.2902693835229248,0.10415025574482853
2021-07-07 20:50:00,0.2257073082287308,0.28746963801017955,0.7819877885331346,0.7579595429387609,0.580503134365471,0.27147616926503343,0.5,0.8823033843713426,0.184789386420389,0.11404546311693643,0.44597332862416544,0.2902693835229248,0.10477390346575736
2021-07-07 21:00:00,0.2261168619246862,0.2870701616096043,0.7817060312732687,0.7576941974647387,0.58058957479944,0.27119300668151447,0.5,0.8809518171263444,0.18520604470599736,0.12084409509689677,0.425475640766954,0.3278298102642544,0.10539757381897188
2021-07-07 21:10:00,0.22652639470013947,0.2866706852090295,0.7814241548771406,0.757428851990716,0.5806760283205298,0.27090987750556794,0.5,0.8809518171263444,0.18520604470599736,0.12084409509689677,0.425475640766954,0.3278298102642544,0.10602122153990072
2021-07-07 21:20:00,0.22693594839609485,0.28627120880845447,0.781142367833209,0.7571635065166935,0.5807624949287407,0.2706267483296214,0.5,0.8809518171263444,0.18520604470599736,0.12084409509689677,0.425475640766954,0.3278298102642544,0.10664487680492479
2021-07-07 21:30:00,0.2273455020920502,0.28587173240787966,0.7808604616530155,0.7568981610426708,0.5808489222755887,0.27034361915367483,0.5,0.8809518171263444,0.18520604470599736,0.12084409509689677,0.425475640766954,0.3278298102642544,0.10726852452585361
2021-07-07 21:40:00,0.2277550348675035,0.28547225600730464,0.780578615040953,0.7566329584002855,0.5809353888837995,0.2700604899777283,0.5,0.8809518171263444,0.18520604470599736,0.12084409509689677,0.425475640766954,0.3278298102642544,0.10789217979087769
2021-07-07 21:50:00,0.22816458158995817,0.2850727796067296,0.7802968279970215,0.7563676129262633,0.5810218424048894,0.2697773608017817,0.5,0.8809518171263444,0.18520604470599736,0.12084409509689677,0.425475640766954,0.3278298102642544,0.108515842599997
2021-07-07 22:00:00,0.22857412133891214,0.2846733032061548,0.7800149516008934,0.7561022674522406,0.5811082828388583,0.2694942427616927,0.5,0.7531334393739224,0.19794429422396737,0.1447517277473234,0.3955453133793253,0.33481122714861455,0.1091394903209258
2021-07-07 22:10:00,0.2289836680613668,0.2842738268055798,0.7797330752047651,0.7558369219782182,0.5811947494470692,0.2692110913140312,0.5,0.7531334393739224,0.19794429422396737,0.1447517277473234,0.3955453133793253,0.33481122714861455,0.10976314558594988
2021-07-07 22:20:00,0.22939322175732219,0.28387435040500497,0.7794513179448994,0.7555715050883771,0.581281229142401,0.2689279510022272,0.5,0.7531334393739224,0.19794429422396737,0.1447517277473234,0.3955453133793253,0.33481122714861455,0.11038679330687871
2021-07-07 22:30:00,0.22980275453277546,0.2834748740044297,0.7791694117647057,0.755306195322264,0.581367643402128,0.2686448329621381,0.5,0.7531334393739224,0.19794429422396737,0.1447517277473234,0.3955453133793253,0.33481122714861455,0.11101044857190277
2021-07-07 22:40:00,0.23021230822873084,0.2830753976038549,0.7788876545048398,0.7550408855561508,0.5814541100103388,0.2683616926503341,0.5,0.7531334393739224,0.19794429422396737,0.1447517277473234,0.3955453133793253,0.33481122714861455,0.11163411138102208
2021-07-07 22:50:00,0.2306218619246862,0.2826759212032799,0.7786058078927771,0.7547755757900374,0.5815405766185496,0.268078574610245,0.5,0.7531334393739224,0.19794429422396737,0.1447517277473234,0.3955453133793253,0.33481122714861455,0.11225775910195092
2021-07-07 23:00:00,0.23103139470013948,0.28227644480270486,0.7783238719285179,0.7545101946081059,0.5816269908782767,0.267795434298441,0.5,0.6702393384347995,0.20868833098184852,0.181890131540486,0.35401847360256844,0.3124505022798623,0.11288141436697496
2021-07-07 23:10:00,0.23144094839609483,0.28187696840212983,0.778042114668652,0.7542449562578111,0.5817134705736084,0.267512293986637,0.5,0.6702393384347995,0.20868833098184852,0.181890131540486,0.35401847360256844,0.3124505022798623,0.1135050620879038
2021-07-07 23:20:00,0.2318504811715481,0.28147749200155503,0.7777602382725239,0.7539796464916979,0.5817999371818194,0.2672291648106904,0.5,0.6702393384347995,0.20868833098184852,0.181890131540486,0.35401847360256844,0.3124505022798623,0.11412873244111833
2021-07-07 23:30:00,0.23226002789400277,0.28107801560098,0.7774783320923304,0.7537143367255847,0.5818864037900302,0.2669460356347439,0.5,0.6702393384347995,0.20868833098184852,0.181890131540486,0.35401847360256844,0.3124505022798623,0.11475238016204717
2021-07-07 23:40:00,0.23266958158995815,0.2806785392004052,0.7771965748324643,0.7534489198357437,0.5819728311368783,0.26666291759465477,0.5,0.6702393384347995,0.20868833098184852,0.181890131540486,0.35401847360256844,0.3124505022798623,0.11537603542707124
2021-07-07 23:50:00,0.23307911436541143,0.28027906279983017,0.7769146686522708,0.7531835743617212,0.5820592977450891,0.2663797772828508,0.5,0.6702393384347995,0.20868833098184852,0.181890131540486,0.35401847360256844,0.3124505022798623,0.11599968314800008
2021-07-08 00:00:00,0.2334886680613668,0.27987958639925514,0.7766327922561427,0.7529182288876985,0.5821457643532999,0.2660966592427617,0.5,0.6626094856853542,0.22401273537601354,0.1849310074101297,0.32956625373818743,0.25958674801155585,0.11662333841302412
2021-07-08 00:10:00,0.23389820083682009,0.27948010999868034,0.7763510349962768,0.7526528834136763,0.582232191700148,0.26581351893095767,0.5,0.6626094856853542,0.22401273537601354,0.1849310074101297,0.32956625373818743,0.25958674801155585,0.11724700122214343
2021-07-08 00:20:00,0.23430775453277547,0.2790806335981053,0.7760690990320178,0.7523875379396536,0.5823186452212378,0.2655303674832962,0.5,0.6626094856853542,0.22401273537601354,0.1849310074101297,0.32956625373818743,0.25958674801155585,0.11787064894307225
2021-07-08 00:30:00,0.23471730822873083,0.2786811571975305,0.7757873417721517,0.7521221924656312,0.5824051249165696,0.2652472383073497,0.5,0.6626094856853542,0.22401273537601354,0.1849310074101297,0.32956625373818743,0.25958674801155585,0.11849430420809633
2021-07-08 00:40:00,0.23512684797768482,0.27828168079695526,0.7755054951600893,0.7518569898232459,0.5824915522634175,0.2649641091314031,0.5,0.6626094856853542,0.22401273537601354,0.1849310074101297,0.32956625373818743,0.25958674801155585,0.11911795192902516
2021-07-08 00:50:00,0.23553638772663876,0.27788220439638023,0.7752236187639612,0.7515916443492232,0.5825780319587494,0.26468099109131404,0.5,0.6626094856853542,0.22401273537601354,0.1849310074101297,0.32956625373818743,0.25958674801155585,0.11974160719404921
2021-07-08 01:00:00,0.23594594142259415,0.2774827279958054,0.7749418317200296,0.751326298875201,0.5826644985669603,0.26439786191536746,0.5,0.5765640180867133,0.22398112681641544,0.23771802042645815,0.3629479468084266,0.23077121295770797,0.12036527000316852
2021-07-08 01:10:00,0.23635547419804742,0.2770832515952304,0.7746599553239015,0.7510608819853599,0.5827509128266872,0.26411473273942093,0.5,0.5765640180867133,0.22398112681641544,0.23771802042645815,0.3629479468084266,0.23077121295770797,0.12098892526819259
2021-07-08 01:20:00,0.2367650278940028,0.27668377519465537,0.7743780789277734,0.7507955722192468,0.5828373925220192,0.2638315812917595,0.5,0.5765640180867133,0.22398112681641544,0.23771802042645815,0.3629479468084266,0.23077121295770797,0.12161257298912141
2021-07-08 01:30:00,0.23717456066945608,0.27628429879408056,0.7740962918838421,0.7505302624531336,0.5829238591302299,0.26354844097995545,0.5,0.5765640180867133,0.22398112681641544,0.23771802042645815,0.3629479468084266,0.23077121295770797,0.12223622071005025
2021-07-08 01:40:00,0.23758411436541146,0.27588482239350554,0.7738144452717794,0.75026495268702,0.5830102995641989,0.2632653229398664,0.5,0.5765640180867133,0.22398112681641544,0.23771802042645815,0.3629479468084266,0.23077121295770797,0.12285987597507432
2021-07-08 01:50:00,0.23799366806136682,0.27548534599293073,0.7735326880119135,0.7499995715050884,0.5830967530852887,0.2629821826280624,0.5,0.5765640180867133,0.22398112681641544,0.23771802042645815,0.3629479468084266,0.23077121295770797,0.1234835387841936
2021-07-08 02:00:00,0.2384032078103208,0.2750858695923557,0.7732507520476541,0.7497342260310658,0.5831832196934996,0.26269906458797326,0.5,0.5585520489970224,0.21929156597424646,0.2457221474652964,0.3965123546647467,0.21404630226239368,0.12410719404921768
2021-07-08 02:10:00,0.23881275453277545,0.2746863931917807,0.772968875651526,0.7494688805570435,0.5832696470403477,0.2624159242761693,0.5,0.5585520489970224,0.21929156597424646,0.2457221474652964,0.3965123546647467,0.21404630226239368,0.12473084177014651
2021-07-08 02:20:00,0.23922230125523014,0.27428691679120565,0.7726871183916602,0.7492037136225673,0.5833561136485584,0.26213280623608015,0.5,0.5585520489970224,0.21929156597424646,0.2457221474652964,0.3965123546647467,0.21404630226239368,0.12535449703517057
2021-07-08 02:30:00,0.2396318340306834,0.27388744039063084,0.7724052122114666,0.7489382967327263,0.5834425671696484,0.26184966592427616,0.5,0.5585520489970224,0.21929156597424646,0.2457221474652964,0.3965123546647467,0.21404630226239368,0.1259781447560994
2021-07-08 02:40:00,0.24004138772663877,0.2734879639900558,0.7721233060312731,0.7486729512587036,0.5835290076036173,0.2615665256124722,0.5,0.5585520489970224,0.21929156597424646,0.2457221474652964,0.3965123546647467,0.21404630226239368,0.12660181510931393
2021-07-08 02:50:00,0.24045092050209205,0.2730884875894808,0.771841548771407,0.7484076057846814,0.5836154742118281,0.26128340757238305,0.5,0.5585520489970224,0.21929156597424646,0.2457221474652964,0.3965123546647467,0.21404630226239368,0.12722546283024277
2021-07-08 03:00:00,0.24086047419804743,0.27268901118890576,0.7715596723752789,0.7481422603106589,0.5837019539071601,0.26100026726057907,0.5,0.5572736250772539,0.22401273537601354,0.24413278605430155,0.4444976874868999,0.1904117150928852,0.12784911809526683
2021-07-08 03:10:00,0.2412700278940028,0.27228953478833096,0.771277915115413,0.7478769148366362,0.5837884074282499,0.26071714922049,0.5,0.5572736250772539,0.22401273537601354,0.24413278605430155,0.4444976874868999,0.1904117150928852,0.12847276581619568
2021-07-08 03:20:00,0.24167956764295678,0.27189005838775593,0.770995979151154,0.747611569362614,0.5838748347750978,0.26043400890868595,0.5,0.5572736250772539,0.22401273537601354,0.24413278605430155,0.4444976874868999,0.1904117150928852,0.12909642862531498
2021-07-08 03:30:00,0.24208911436541145,0.2714905819871811,0.7707141325390914,0.747346188180682,0.5839613013833087,0.2601508908685969,0.5,0.5572736250772539,0.22401273537601354,0.24413278605430155,0.4444976874868999,0.1904117150928852,0.12972008389033904
2021-07-08 03:40:00,0.24249864714086472,0.2710911055866061,0.7704323752792255,0.7470808784145688,0.5840477679915196,0.25986773942093544,0.5,0.5572736250772539,0.22401273537601354,0.24413278605430155,0.4444976874868999,0.1904117150928852,0.1303437316112679
2021-07-08 03:50:00,0.24290819386331938,0.27069162918603107,0.7701504988830974,0.7468156757721836,0.5841341953383676,0.25958461024498886,0.5,0.5572736250772539,0.22401273537601354,0.24413278605430155,0.4444976874868999,0.1904117150928852,0.13096738687629192
2021-07-08 04:00:00,0.24331774755927477,0.27029215278545626,0.7698686522710347,0.7465502588823425,0.5842206619465784,0.2593014810690423,0.5,0.5050616982125746,0.22007890645877845,0.2610057856407607,0.48077234056125906,0.18240746454430126,0.13159103459722077
2021-07-08 04:10:00,0.24372728033472804,0.26989267638488124,0.7695868354430377,0.7462849491162293,0.5843071285547892,0.2590183518930958,0.5,0.5050616982125746,0.22007890645877845,0.2610057856407607,0.48077234056125906,0.18240746454430126,0.13221469740634006
2021-07-08 04:20:00,0.24413683403068343,0.2694931999843062,0.7693049590469097,0.746019639350116,0.5843935559016372,0.2587352227171492,0.5,0.5050616982125746,0.22007890645877845,0.2610057856407607,0.48077234056125906,0.18240746454430126,0.13283835267136412
2021-07-08 04:30:00,0.24454638772663878,0.2690937235837312,0.7690231720029783,0.7457543295840028,0.5844800225098481,0.2584520935412027,0.5,0.5050616982125746,0.22007890645877845,0.2610057856407607,0.48077234056125906,0.18240746454430126,0.1334620079363882
2021-07-08 04:40:00,0.24495592747559275,0.2686942471831564,0.7687413253909157,0.7454889484020712,0.5845664891180589,0.25816893095768373,0.5,0.5050616982125746,0.22007890645877845,0.2610057856407607,0.48077234056125906,0.18240746454430126,0.134085655657317
2021-07-08 04:50:00,0.24536547419804744,0.26829477078258135,0.7684594192107221,0.7452236029280486,0.5846529164649069,0.25788581291759466,0.5,0.5050616982125746,0.22007890645877845,0.2610057856407607,0.48077234056125906,0.18240746454430126,0.1347093109223411
2021-07-08 05:00:00,0.2457750069735007,0.2678952943820063,0.7681776321667906,0.7449582574540261,0.5847393699859967,0.2576026726057906,0.5,0.48767673385201826,0.22635464229167737,0.29078148823222,0.46820682503076777,0.17092164281506803,0.1353329737314604
2021-07-08 05:10:00,0.24618456066945607,0.2674958179814313,0.7678957557706625,0.7446929119800034,0.5848258758555706,0.2573195545657016,0.5,0.48767673385201826,0.22635464229167737,0.29078148823222,0.46820682503076777,0.17092164281506803,0.1359566214523892
2021-07-08 05:20:00,0.24659410739191076,0.2670963415808565,0.7676138793745346,0.7444276736297091,0.5849122901152974,0.257036425389755,0.5,0.48767673385201826,0.22635464229167737,0.29078148823222,0.46820682503076777,0.17092164281506803,0.1365802767174133
2021-07-08 05:30:00,0.247003640167364,0.26669686518028146,0.7673320923306031,0.7441623281556864,0.5849987567235084,0.2567532962138085,0.5,0.48767673385201826,0.22635464229167737,0.29078148823222,0.46820682503076777,0.17092164281506803,0.13720393198243735
2021-07-08 05:40:00,0.2474131938633194,0.26629738877970666,0.7670501861504093,0.7438969826816639,0.5850852233317193,0.2564701670378619,0.5,0.48767673385201826,0.22635464229167737,0.29078148823222,0.46820682503076777,0.17092164281506803,0.13782757970336618
2021-07-08 05:50:00,0.24782274755927475,0.26589791237913163,0.7667683395383467,0.7436316372076417,0.5851716375914462,0.25618701559020046,0.5,0.48767673385201826,0.22635464229167737,0.29078148823222,0.46820682503076777,0.17092164281506803,0.13845124251248547
2021-07-08 06:00:00,0.24823228730822874,0.2654984359785566,0.7664865524944151,0.743366291733619,0.5852581172867781,0.2559038975501114,0.5,0.5674033252363149,0.2683365564485783,0.3126503302176371,0.5664271246649462,0.15441565321453654,0.13907489023341432
2021-07-08 06:10:00,0.2486418340306834,0.2650989595779816,0.7662046760982872,0.7431009462595966,0.5853445838949889,0.25562075723830735,0.5,0.5674033252363149,0.2683365564485783,0.3126503302176371,0.5664271246649462,0.15441565321453654,0.13969854549843838
2021-07-08 06:20:00,0.24905136680613668,0.26469948317740677,0.7659228592702902,0.7428355650776648,0.5854310243289579,0.2553376391982183,0.5,0.5674033252363149,0.2683365564485783,0.3126503302176371,0.5664271246649462,0.15441565321453654,0.14032220076346244
2021-07-08 06:30:00,0.24946092050209207,0.26430000677683174,0.7656410126582276,0.7425702553115516,0.5855174778500478,0.2550544988864143,0.5,0.5674033252363149,0.2683365564485783,0.3126503302176371,0.5664271246649462,0.15441565321453654,0.14094586357258174
2021-07-08 06:40:00,0.24987046722454673,0.2639005303762567,0.7653591362620995,0.7423049455454385,0.5856039444582586,0.25477138084632517,0.5,0.5674033252363149,0.2683365564485783,0.3126503302176371,0.5664271246649462,0.15441565321453654,0.14156951129351056
2021-07-08 06:50:00,0.25028,0.2635010539756817,0.7650773790022336,0.7420396357793253,0.5856904110664696,0.25448825167037864,0.5,0.5674033252363149,0.2683365564485783,0.3126503302176371,0.5664271246649462,0.15441565321453654,0.14219316655853464
2021-07-08 07:00:00,0.25068955369595536,0.2631015775751069,0.764795532390171,0.7417743260132121,0.5857768384133174,0.2542051002227172,0.5,0.567110184932875,0.28535920254477487,0.29199192904191806,0.625722159194702,0.1268990278340807,0.14281681427946347
2021-07-08 07:10:00,0.2510990934449093,0.26270210117453185,0.764513596425912,0.7415090162470985,0.5858632919344073,0.2539219710467706,0.5,0.567110184932875,0.28535920254477487,0.29199192904191806,0.625722159194702,0.1268990278340807,0.14344046954448753
2021-07-08 07:20:00,0.25150864714086474,0.2623026247739568,0.7642318391660459,0.7412437064809854,0.5859497716297393,0.2536388418708241,0.5,0.567110184932875,0.28535920254477487,0.29199192904191806,0.625722159194702,0.1268990278340807,0.14406413235360685
2021-07-08 07:30:00,0.2519181938633194,0.261903148373382,0.763949962769918,0.7409783252990538,0.5860361989765871,0.2533557126948775,0.5,0.567110184932875,0.28535920254477487,0.29199192904191806,0.625722159194702,0.1268990278340807,0.14468778007453567
2021-07-08 07:40:00,0.2523277266387727,0.261503671972807,0.7636682055100519,0.7407129798250311,0.586122678671919,0.25307258351893097,0.5,0.567110184932875,0.28535920254477487,0.29199192904191806,0.625722159194702,0.1268990278340807,0.14531143533955973
2021-07-08 07:50:00,0.25273728033472803,0.2611041955722322,0.7633862993298584,0.7404476343510089,0.5862091321930089,0.25278945434298444,0.5,0.567110184932875,0.28535920254477487,0.29199192904191806,0.625722159194702,0.1268990278340807,0.1459350906045838
2021-07-08 08:00:00,0.2531468270571827,0.26070471917165694,0.7631043931496648,0.7401822888769862,0.5862955595398568,0.25250630289532294,0.5,0.5876790018621028,0.2741956339958688,0.2833291294451362,0.6531390778968276,0.11548935634199063,0.14655873832551264
2021-07-08 08:10:00,0.25355635983263597,0.26030524277108213,0.7628226358897987,0.7399169434029638,0.5863820261480677,0.2522231737193764,0.5,0.5876790018621028,0.2741956339958688,0.2833291294451362,0.6531390778968276,0.11548935634199063,0.14718240113463193
2021-07-08 08:20:00,0.2539659135285914,0.2599057663705071,0.7625407594936708,0.7396515979289411,0.5864684927562785,0.25194004454342983,0.5,0.5876790018621028,0.2741956339958688,0.2833291294451362,0.6531390778968276,0.11548935634199063,0.147806056399656
2021-07-08 08:30:00,0.25437545327754535,0.2595062899699323,0.7622588235294117,0.7393863952865558,0.5865549201031266,0.2516569153674833,0.5,0.5876790018621028,0.2741956339958688,0.2833291294451362,0.6531390778968276,0.11548935634199063,0.14842970412058482
2021-07-08 08:40:00,0.2547850069735007,0.25910681356935705,0.7619770662695458,0.7391210141046243,0.5866413867113374,0.2513737861915368,0.5,0.5876790018621028,0.2741956339958688,0.2833291294451362,0.6531390778968276,0.11548935634199063,0.14905335938560887
2021-07-08 08:50:00,0.2551945536959554,0.25870733716878225,0.7616952196574831,0.7388556686306016,0.5867278533195482,0.25109065701559025,0.5,0.5876790018621028,0.2741956339958688,0.2833291294451362,0.6531390778968276,0.11548935634199063,0.14967700710653772
2021-07-08 09:00:00,0.25560408647140864,0.2583078607682072,0.7614134326135515,0.7385903231565794,0.5868142806663962,0.25080752783964366,0.5,0.6060900073143323,0.2750691796429373,0.29161681286432906,0.6971991980612057,0.1257032450350362,0.15030066991565702
2021-07-08 09:10:00,0.25601364016736405,0.2579083843676324,0.7611315562174237,0.7383249419746474,0.5869007472746071,0.2505243875278397,0.5,0.6060900073143323,0.2750691796429373,0.29161681286432906,0.6971991980612057,0.1257032450350362,0.15092432518068108
2021-07-08 09:20:00,0.2564231868898187,0.2575089079670574,0.7608496798212954,0.7380596322085342,0.5869872138828178,0.25024124721603563,0.5,0.6060900073143323,0.2750691796429373,0.29161681286432906,0.6971991980612057,0.1257032450350362,0.15154797290160993
2021-07-08 09:30:00,0.25683272663877266,0.25710943156648236,0.7605678927773638,0.737794322442421,0.5870736543167868,0.24995812917594656,0.5,0.6060900073143323,0.2750691796429373,0.29161681286432906,0.6971991980612057,0.1257032450350362,0.15217162816663396
2021-07-08 09:40:00,0.25724227336122735,0.25670995516590756,0.7602860163812357,0.7375290126763079,0.5871601209249978,0.249675,0.5,0.6060900073143323,0.2750691796429373,0.29161681286432906,0.6971991980612057,0.1257032450350362,0.15279529097575328
2021-07-08 09:50:00,0.2576518131101813,0.25631047876533253,0.7600041697691733,0.7372635957864666,0.5872466006203295,0.24939187082405345,0.5,0.6060900073143323,0.2750691796429373,0.29161681286432906,0.6971991980612057,0.1257032450350362,0.15341894624077737
2021-07-08 10:00:00,0.25806136680613667,0.2559110023647575,0.7597224125093072,0.7369983931440813,0.5873330148800565,0.24910874164810692,0.5,0.8419963091471181,0.27137097816997974,0.18625114243673593,0.63045116321745,0.16166364872455796,0.15404259396170616
2021-07-08 10:10:00,0.25847091352859136,0.2555115259641825,0.7594404765450482,0.7367330833779682,0.5874194814882674,0.24882559020044545,0.5,0.8419963091471181,0.27137097816997974,0.18625114243673593,0.63045116321745,0.16166364872455796,0.15466624922673025
2021-07-08 10:20:00,0.2588804463040446,0.25511204956360767,0.7591587192851821,0.7364677021960366,0.5875059480964783,0.24854246102449892,0.5,0.8419963091471181,0.27137097816997974,0.18625114243673593,0.63045116321745,0.16166364872455796,0.15528989694765907
2021-07-08 10:30:00,0.25929,0.25471257316303264,0.7588768428890542,0.736202356722014,0.587592414704689,0.24825933184855234,0.5,0.8419963091471181,0.27137097816997974,0.18625114243673593,0.63045116321745,0.16166364872455796,0.15591355975677837
2021-07-08 10:40:00,0.25969953277545327,0.2543130967624576,0.7585949367088605,0.7359370112479915,0.5876788420515371,0.2479762026726058,0.5,0.8419963091471181,0.27137097816997974,0.18625114243673593,0.63045116321745,0.16166364872455796,0.15653721502180246
2021-07-08 10:50:00,0.2601090864714086,0.2539136203618826,0.7583131794489946,0.7356716657739688,0.587765308659748,0.24769307349665923,0.5,0.8419963091471181,0.27137097816997974,0.18625114243673593,0.63045116321745,0.16166364872455796,0.15716086274273128
2021-07-08 11:00:00,0.2605186331938633,0.2535141439613078,0.758031273268801,0.7354063202999466,0.5878517752679587,0.2474099443207127,0.5,0.8480871502886875,0.26353205538969116,0.18099444338554652,0.5553582791976197,0.21005322922083253,0.15778451800775534
2021-07-08 11:10:00,0.2609281729428173,0.25311466756073275,0.757749396872673,0.7351409748259239,0.5879382026148068,0.24712681514476614,0.5,0.8480871502886875,0.26353205538969116,0.18099444338554652,0.5553582791976197,0.21005322922083253,0.15840816572868416
2021-07-08 11:20:00,0.2613377266387727,0.25271519116015795,0.757467639612807,0.7348755579360828,0.5880246692230175,0.2468436636971047,0.5,0.8480871502886875,0.26353205538969116,0.18099444338554652,0.5553582791976197,0.21005322922083253,0.15903182853780348
2021-07-08 11:30:00,0.26174727336122733,0.2523157147595829,0.7571857036485479,0.7346104267095162,0.5881111358312285,0.24656053452115814,0.5,0.8480871502886875,0.26353205538969116,0.18099444338554652,0.5553582791976197,0.21005322922083253,0.15965548380282754
2021-07-08 11:40:00,0.26215680613668063,0.2519162383590081,0.7569038570364854,0.7343450812354935,0.5881975631780764,0.24627740534521161,0.5,0.8480871502886875,0.26353205538969116,0.18099444338554652,0.5553582791976197,0.21005322922083253,0.16027913152375636
2021-07-08 11:50:00,0.262566359832636,0.25151676195843287,0.7566220997766193,0.7340797357614712,0.5882840166991663,0.24599427616926503,0.5,0.8480871502886875,0.26353205538969116,0.18099444338554652,0.5553582791976197,0.21005322922083253,0.16090278678878042
2021-07-08 12:00:00,0.2629758926080893,0.25111728555785806,0.7563401935964258,0.7338143188716302,0.5883704963944982,0.2457111469933185,0.5,0.8411820268205532,0.2538253540877062,0.17941040816774265,0.5741260621548867,0.24515393283412423,0.16152644205380448
2021-07-08 12:10:00,0.2633854463040446,0.25071780915728303,0.7560583767684288,0.733549009105517,0.5884569237413461,0.24542801781737192,0.5,0.8411820268205532,0.2538253540877062,0.17941040816774265,0.5741260621548867,0.24515393283412423,0.1621501048629238
2021-07-08 12:20:00,0.26379499302649934,0.25031833275670823,0.7557765599404318,0.7332836993394038,0.588543403436678,0.2451448886414254,0.5,0.8411820268205532,0.2538253540877062,0.17941040816774265,0.5741260621548867,0.24515393283412423,0.16277375258385263
2021-07-08 12:30:00,0.26420453277545325,0.24991885635613298,0.7554946537602383,0.7330183895732907,0.5886298569577678,0.2448617483296214,0.5,0.8411820268205532,0.2538253540877062,0.17941040816774265,0.5741260621548867,0.24515393283412423,0.16339740784887669
2021-07-08 12:40:00,0.26461408647140866,0.24951937995555817,0.7552128965003722,0.7327529726834492,0.5887162843046159,0.24457861915367482,0.5,0.8411820268205532,0.2538253540877062,0.17941040816774265,0.5741260621548867,0.24515393283412423,0.1640210555698055
2021-07-08 12:50:00,0.265023640167364,0.24911990355498315,0.7549310498883097,0.732487627209427,0.5888027509128267,0.2442954899777283,0.5,0.8411820268205532,0.2538253540877062,0.17941040816774265,0.5741260621548867,0.24515393283412423,0.1646447183789248
2021-07-08 13:00:00,0.2654331659693166,0.24872042715440834,0.7546491139240503,0.7322222817354045,0.5888892175210375,0.24401236080178176,0.5,0.9300042058245834,0.24086297114713295,0.12709349510757453,0.594214825099222,0.2591338323831618,0.1652683736439489
2021-07-08 13:10:00,0.26584271966527195,0.2483209507538333,0.7543673566641844,0.7319571505088376,0.5889756448678856,0.24372923162583518,0.5,0.9300042058245834,0.24086297114713295,0.12709349510757453,0.594214825099222,0.2591338323831618,0.1658920213648777
2021-07-08 13:20:00,0.26625225244072526,0.2479214743532583,0.7540854802680563,0.7316917336189965,0.5890621114760963,0.24344610244988865,0.5,0.9300042058245834,0.24086297114713295,0.12709349510757453,0.594214825099222,0.2591338323831618,0.16651567662990177
2021-07-08 13:30:00,0.2666618061366806,0.24752199795268348,0.7538037230081904,0.7314263881449743,0.5891485780843072,0.24316295100222718,0.5,0.9300042058245834,0.24086297114713295,0.12709349510757453,0.594214825099222,0.2591338323831618,0.16713933189492586
2021-07-08 13:40:00,0.2670713528591353,0.24712252155210845,0.7535218168279967,0.7311610426709516,0.589235057779639,0.24287982182628062,0.5,0.9300042058245834,0.24086297114713295,0.12709349510757453,0.594214825099222,0.2591338323831618,0.16776299470404515
2021-07-08 13:50:00,0.26748089260808927,0.24672304515153343,0.7532399106478032,0.7308956971969292,0.589321485126487,0.2425966926503341,0.5,0.9300042058245834,0.24086297114713295,0.12709349510757453,0.594214825099222,0.2591338323831618,0.16838664242497398
2021-07-08 14:00:00,0.2678904463040446,0.2463235687509584,0.7529581533879373,0.7306303517229065,0.589407938647577,0.24231356347438754,0.5,0.9270890457447627,0.2197053507544383,0.1278372599424492,0.5557786768993895,0.26012300075579126,0.1690102901459028
2021-07-08 14:10:00,0.2683,0.2459240923503836,0.7526762769918092,0.7303650062488842,0.5894944183429087,0.24203043429844098,0.5,0.9270890457447627,0.2197053507544383,0.1278372599424492,0.5557786768993895,0.26012300075579126,0.16963394541092688
2021-07-08 14:20:00,0.26870952580195256,0.24552461594980857,0.75239434102755,0.7300996250669523,0.5895808456897568,0.24174730512249445,0.5,0.9270890457447627,0.2197053507544383,0.1278372599424492,0.5557786768993895,0.26012300075579126,0.17025760067595094
2021-07-08 14:30:00,0.269119079497908,0.24512513954923354,0.7521125837676841,0.7298343153008391,0.5896673253850885,0.24146417594654787,0.5,0.9270890457447627,0.2197053507544383,0.1278372599424492,0.5557786768993895,0.26012300075579126,0.17088126348507024
2021-07-08 14:40:00,0.2695286122733612,0.2447256631486585,0.7518307371556217,0.7295691126584538,0.5897537789061784,0.2411810244988864,0.5,0.9270890457447627,0.2197053507544383,0.1278372599424492,0.5557786768993895,0.26012300075579126,0.1715049112059991
2021-07-08 14:50:00,0.2699381659693166,0.2443261867480837,0.7515489798957555,0.7293036957686128,0.5898402062530265,0.24089789532293987,0.5,0.9270890457447627,0.2197053507544383,0.1278372599424492,0.5557786768993895,0.26012300075579126,0.17212856647102312
2021-07-08 15:00:00,0.27034771269177127,0.24392671034750868,0.751267073715562,0.7290383860024996,0.5899266728612372,0.24061476614699334,0.5,0.9280254670850032,0.19467424505828831,0.12766948485693527,0.5189810762064611,0.2544651810733546,0.17275221419195197
2021-07-08 15:10:00,0.27075725244072524,0.24352723394693387,0.7509851973194339,0.7287730762363864,0.590013139469448,0.24033163697104676,0.5,0.9280254670850032,0.19467424505828831,0.12766948485693527,0.5189810762064611,0.2544651810733546,0.17337586945697603
2021-07-08 15:20:00,0.27116680613668065,0.24312775754635885,0.750703440059568,0.7285077664702733,0.590099566816296,0.24004850779510023,0.5,0.9280254670850032,0.19467424505828831,0.12766948485693527,0.5189810762064611,0.2544651810733546,0.17399953226609532
2021-07-08 15:30:00,0.27157633193863323,0.24272828114578382,0.7504215338793745,0.728242349580432,0.5901860334245069,0.23976537861915367,0.5,0.9280254670850032,0.19467424505828831,0.12766948485693527,0.5189810762064611,0.2544651810733546,0.1746231875311194
2021-07-08 15:40:00,0.2719858856345886,0.2423288047452088,0.7501396872673118,0.7279770041064095,0.5902725000327179,0.23948223830734966,0.5,0.9280254670850032,0.19467424505828831,0.12766948485693527,0.5189810762064611,0.2544651810733546,0.17524683525204823
2021-07-08 15:50:00,0.27239543933054394,0.241929328344634,0.7498579300074459,0.7277116586323868,0.5903589273795657,0.23919910913140313,0.5,0.9280254670850032,0.19467424505828831,0.12766948485693527,0.5189810762064611,0.2544651810733546,0.1758704905170723
2021-07-08 16:00:00,0.2728049721059972,0.24152985194405896,0.7495759940431868,0.7274463131583646,0.5904453939877765,0.23891597995545658,0.5,0.9432443817554597,0.1825423051835153,0.10396919329858371,0.47989867276968456,0.24532067042059907,0.1764941533261916
2021-07-08 16:10:00,0.2732145258019526,0.24113037554348393,0.7492942367833209,0.7271811105159793,0.5905318605959875,0.23863285077951005,0.5,0.9432443817554597,0.1825423051835153,0.10396919329858371,0.47989867276968456,0.24532067042059907,0.1771178010471204
2021-07-08 16:20:00,0.2736240725244073,0.2407308991429089,0.7490123603871928,0.7269157650419569,0.5906182879428354,0.23834972160356346,0.5,0.9432443817554597,0.1825423051835153,0.10396919329858371,0.47989867276968456,0.24532067042059907,0.1777414563121445
2021-07-08 16:30:00,0.2740336122733612,0.2403314227423341,0.748730454206999,0.7266504195679342,0.5907047414639253,0.23806659242761694,0.5,0.9432443817554597,0.1825423051835153,0.10396919329858371,0.47989867276968456,0.24532067042059907,0.17836510403307332
2021-07-08 16:40:00,0.2744431659693166,0.23993194634175907,0.7484486969471331,0.726385074093912,0.5907912211592572,0.2377834632516704,0.5,0.9432443817554597,0.1825423051835153,0.10396919329858371,0.47989867276968456,0.24532067042059907,0.1789887592980974
2021-07-08 16:50:00,0.27485269874476986,0.23953246994118405,0.7481667907669394,0.7261197286198893,0.5908776485061052,0.23750031180400893,0.5,0.9432443817554597,0.1825423051835153,0.10396919329858371,0.47989867276968456,0.24532067042059907,0.17961242210721667
2021-07-08 17:00:00,0.27526224546722455,0.23913299354060924,0.7478849143708113,0.7258543831458668,0.590964128201437,0.23721718262806235,0.5,0.9527715583530643,0.16165192079469634,0.09956075392010989,0.4261650025897484,0.22505066258343623,0.18023607737224076
2021-07-08 17:10:00,0.2756717991631799,0.2387335171400342,0.7476031571109454,0.725589001963935,0.5910505817225269,0.23693405345211582,0.5,0.9527715583530643,0.16165192079469634,0.09956075392010989,0.4261650025897484,0.22505066258343623,0.18085972509316958
2021-07-08 17:20:00,0.2760813319386332,0.2383340407394594,0.7473212211466862,0.7253236921978219,0.5911370483307377,0.23665092427616927,0.5,0.9527715583530643,0.16165192079469634,0.09956075392010989,0.4261650025897484,0.22505066258343623,0.18148338035819364
2021-07-08 17:30:00,0.27649088563458857,0.23793456433888438,0.7470393745346238,0.7250583824317087,0.5912234756775857,0.2363677951002227,0.5,0.9527715583530643,0.16165192079469634,0.09956075392010989,0.4261650025897484,0.22505066258343623,0.1821070280791225
2021-07-08 17:40:00,0.27690043235704326,0.23753508793830935,0.7467576172747579,0.7247930012497767,0.5913099422857965,0.23608466592427618,0.5,0.9527715583530643,0.16165192079469634,0.09956075392010989,0.4261650025897484,0.22505066258343623,0.18273069088824176
2021-07-08 17:50:00,0.2773099721059972,0.23713561153773433,0.7464757408786298,0.7245277628994824,0.5913964219811284,0.23580153674832963,0.5,0.9527715583530643,0.16165192079469634,0.09956075392010989,0.4261650025897484,0.22505066258343623,0.18335434615326585
2021-07-08 18:00:00,0.2777195258019526,0.23673613513715952,0.7461939538346982,0.7242624531333692,0.5914828493279762,0.23551838530066815,0.5,0.8988577567445784,0.14946538431698078,0.14783381820713493,0.38005704837315846,0.23600240480452667,0.1839780014182899
2021-07-08 18:10:00,0.27812905857740583,0.2363366587365845,0.7459120774385701,0.7239971433672556,0.5915693159361872,0.23523525612472163,0.5,0.8988577567445784,0.14946538431698078,0.14783381820713493,0.38005704837315846,0.23600240480452667,0.18460164913921873
2021-07-08 18:20:00,0.2785386052998605,0.23593718233600947,0.745630201042442,0.7237317621853241,0.5916557825443981,0.23495212694877504,0.5,0.8988577567445784,0.14946538431698078,0.14783381820713493,0.38005704837315846,0.23600240480452667,0.18522529686014758
2021-07-08 18:30:00,0.2789481380753138,0.23553770593543444,0.7453484139985107,0.7234664167113014,0.591742209891246,0.234669008908686,0.5,0.8988577567445784,0.14946538431698078,0.14783381820713493,0.38005704837315846,0.23600240480452667,0.18584895966926687
2021-07-08 18:40:00,0.2793577126917713,0.23513822953485963,0.745066567386448,0.7232010712372792,0.591828663412336,0.23438587973273942,0.5,0.8988577567445784,0.14946538431698078,0.14783381820713493,0.38005704837315846,0.23600240480452667,0.18647261493429093
2021-07-08 18:50:00,0.27976724546722453,0.2347387531342846,0.7447846612062545,0.7229357257632565,0.5919151431076677,0.2341027505567929,0.5,0.8988577567445784,0.14946538431698078,0.14783381820713493,0.38005704837315846,0.23600240480452667,0.187096270199315
2021-07-08 19:00:00,0.28017677824267784,0.23433927673370958,0.744502874162323,0.722670344581325,0.5920015704545157,0.23381959910913142,0.5,0.9065527814308674,0.14091383219303075,0.13936047891100148,0.29342151711489123,0.21068816761291406,0.18771991792024384
2021-07-08 19:10:00,0.2805863319386332,0.23393980033313477,0.7442209977661949,0.7224049991073023,0.5920880501498474,0.2335364699331849,0.5,0.9065527814308674,0.14091383219303075,0.13936047891100148,0.29342151711489123,0.21068816761291406,0.18834358072936314
2021-07-08 19:20:00,0.28099588563458855,0.23354032393255975,0.743939240506329,0.722139796464917,0.5921745036709374,0.2332533407572383,0.5,0.9065527814308674,0.14091383219303075,0.13936047891100148,0.29342151711489123,0.21068816761291406,0.1889672359943872
2021-07-08 19:30:00,0.28140541841004185,0.23314084753198472,0.7436573343261355,0.7218744509908945,0.5922609310177854,0.23297021158129178,0.5,0.9065527814308674,0.14091383219303075,0.13936047891100148,0.29342151711489123,0.21068816761291406,0.18959088371531604
2021-07-08 19:40:00,0.28181495118549515,0.2327413711314097,0.7433754281459419,0.7216091055168719,0.5923473976259962,0.23268708240534522,0.5,0.9065527814308674,0.14091383219303075,0.13936047891100148,0.29342151711489123,0.21068816761291406,0.19021453898034008
2021-07-08 19:50:00,0.2822245188284519,0.23234189473083489,0.7430936708860758,0.7213437600428496,0.5924338642342072,0.23240395322939866,0.5,0.9065527814308674,0.14091383219303075,0.13936047891100148,0.29342151711489123,0.21068816761291406,0.19083818670126892
2021-07-08 20:00:00,0.2826340516039052,0.23194241833025986,0.7428117944899477,0.7210783788609176,0.592520291581055,0.2321208240534521,0.5,0.9296784795527215,0.15732442163519733,0.11697195264709902,0.28297651471455865,0.17818731903591087,0.19146184951038822
2021-07-08 20:10:00,0.28304358437935845,0.23154294192968483,0.7425299180938194,0.7208130690948045,0.5926067581892659,0.23183767260579066,0.5,0.9296784795527215,0.15732442163519733,0.11697195264709902,0.28297651471455865,0.17818731903591087,0.19208550477541228
2021-07-08 20:20:00,0.2834531520223152,0.2311434655291098,0.7422481012658224,0.7205477593286913,0.5926932247974769,0.2315545434298441,0.5,0.9296784795527215,0.15732442163519733,0.11697195264709902,0.28297651471455865,0.17818731903591087,0.19270916004043637
2021-07-08 20:30:00,0.2838626917712692,0.230743989128535,0.74196625465376,0.7202823781467595,0.5927796521443247,0.23127141425389758,0.5,0.9296784795527215,0.15732442163519733,0.11697195264709902,0.28297651471455865,0.17818731903591087,0.1933328303936509
2021-07-08 20:40:00,0.28427222454672246,0.23034451272795997,0.7416844973938941,0.7200170326727371,0.5928661187525357,0.230988285077951,0.5,0.9296784795527215,0.15732442163519733,0.11697195264709902,0.28297651471455865,0.17818731903591087,0.19395646302638928
2021-07-08 20:50:00,0.2846817991631799,0.22994503632738517,0.741402620997766,0.7197518300303518,0.5929525853607465,0.23070515590200447,0.5,0.9296784795527215,0.15732442163519733,0.11697195264709902,0.28297651471455865,0.17818731903591087,0.19458012583550857
2021-07-08 21:00:00,0.2850913249651325,0.22954555992681014,0.7411207743857033,0.7194865202642384,0.5930390519689573,0.23042202672605788,0.5,0.9508335437357394,0.1606921699850872,0.10897949250763135,0.24477017488421618,0.13026213388963784,0.19520376601234216
2021-07-08 21:10:00,0.2855008647140864,0.22914608352623533,0.7408389575577063,0.7192211390823069,0.5931254662286845,0.23013887527839647,0.5,0.9508335437357394,0.1606921699850872,0.10897949250763135,0.24477017488421618,0.13026213388963784,0.19582743636555666
2021-07-08 21:20:00,0.2859104323570433,0.2287466071256603,0.7405570811615783,0.7189557936082842,0.5932119459240162,0.22985575723830737,0.5,0.9508335437357394,0.1606921699850872,0.10897949250763135,0.24477017488421618,0.13026213388963784,0.19645109163058075
2021-07-08 21:30:00,0.2863199651324965,0.22834713072508528,0.7402752047654502,0.7186904481342618,0.5932984125322269,0.22957262806236078,0.5,0.9508335437357394,0.1606921699850872,0.10897949250763135,0.24477017488421618,0.13026213388963784,0.19707473180741433
2021-07-08 21:40:00,0.28672949790794977,0.22794765432451025,0.7399934475055843,0.7184251026602391,0.5933848529661959,0.22928949888641426,0.5,0.9508335437357394,0.1606921699850872,0.10897949250763135,0.24477017488421618,0.13026213388963784,0.19769839461653363
2021-07-08 21:50:00,0.2871390516039052,0.22754817792393545,0.7397115413253907,0.7181597571862168,0.5934713064872859,0.22900636971046773,0.5,0.9508335437357394,0.1606921699850872,0.10897949250763135,0.24477017488421618,0.13026213388963784,0.19832204233746248
2021-07-08 22:00:00,0.2875486052998605,0.22714870152336042,0.7394297542814592,0.7178944117121941,0.5935577861826177,0.22872324053452117,0.5,0.8330066175864836,0.18238713589094546,0.15220294520729483,0.29890540171623414,0.08157328980815397,0.19894569760248657
2021-07-08 22:10:00,0.2879581380753138,0.2267492251227854,0.7391478778853311,0.7176289948223531,0.5936442135294656,0.22844011135857462,0.5,0.8330066175864836,0.18238713589094546,0.15220294520729483,0.29890540171623414,0.08157328980815397,0.19956936041160583
2021-07-08 22:20:00,0.2883676708507671,0.22634974872221036,0.738866001489203,0.7173636850562399,0.5937306801376766,0.22815695991091314,0.5,0.8330066175864836,0.18238713589094546,0.15220294520729483,0.29890540171623414,0.08157328980815397,0.20019300058843945
2021-07-08 22:30:00,0.2887772384937239,0.22595027232163556,0.7385842144452717,0.7170984824138547,0.5938171467458874,0.2278738307349666,0.5,0.8330066175864836,0.18238713589094546,0.15220294520729483,0.29890540171623414,0.08157328980815397,0.20081666339755874
2021-07-08 22:40:00,0.28918677126917713,0.22555079592106053,0.7383023082650781,0.7168331369398322,0.5939035740927354,0.22759070155902006,0.5,0.8330066175864836,0.18238713589094546,0.15220294520729483,0.29890540171623414,0.08157328980815397,0.20144030357439233
2021-07-08 22:50:00,0.2895963040446304,0.2251513195204855,0.7380204616530155,0.7165677557579004,0.5939900407009462,0.22730757238307353,0.5,0.8330066175864836,0.18238713589094546,0.15220294520729483,0.29890540171623414,0.08157328980815397,0.20206396638351162
2021-07-08 23:00:00,0.29000587866108785,0.2247518431199107,0.7377386746090839,0.7163024459917873,0.5940765073091571,0.22702444320712695,0.5,0.7513257352771958,0.18761691575169456,0.18721137898058438,0.4482395886650818,0.06934159544585147,0.20268762919263095
2021-07-08 23:10:00,0.29041541143654115,0.22435236671933567,0.7374567982129558,0.7160371362256741,0.5941629346560051,0.22674131403118042,0.5,0.7513257352771958,0.18761691575169456,0.18721137898058438,0.4482395886650818,0.06934159544585147,0.20331126936946456
2021-07-08 23:20:00,0.2908249442119944,0.22395289031876087,0.737174921816828,0.715771826459561,0.5942493881770949,0.22645818485523384,0.5,0.7513257352771958,0.18761691575169456,0.18721137898058438,0.4482395886650818,0.06934159544585147,0.2039349246344886
2021-07-08 23:30:00,0.29123451882845186,0.22355341391818562,0.7368931347728964,0.7155064095697199,0.5943358678724266,0.22617503340757236,0.5,0.7513257352771958,0.18761691575169456,0.18721137898058438,0.4482395886650818,0.06934159544585147,0.20455859498770312
2021-07-08 23:40:00,0.29164404463040444,0.2231539375176108,0.7366112583767683,0.7152410640956972,0.5944222952192747,0.22589190423162583,0.5,0.7513257352771958,0.18761691575169456,0.18721137898058438,0.4482395886650818,0.06934159544585147,0.20518223516453674
2021-07-08 23:50:00,0.2920535843793584,0.22275446111703578,0.7363295011169024,0.7149757186216747,0.5945087749146065,0.2256087750556793,0.5,0.7513257352771958,0.18761691575169456,0.18721137898058438,0.4482395886650818,0.06934159544585147,0.20580590551775127
2021-07-09 00:00:00,0.2924631520223152,0.22235498471646076,0.7360476545048398,0.7147105159792895,0.5945952284356965,0.22532564587973275,0.5,0.7306510556419585,0.19140419589260926,0.18755250897305037,0.6417566428664134,0.08586686657719278,0.20642953060639438
2021-07-09 00:10:00,0.29287268479776846,0.22195550831588573,0.7357657185405806,0.7144451705052668,0.5946816557825444,0.22504251670378622,0.5,0.7306510556419585,0.19140419589260926,0.18755250897305037,0.6417566428664134,0.08586686657719278,0.2070532009596089
2021-07-09 00:20:00,0.29328221757322176,0.22155603191531092,0.7354839612807145,0.7141798250312446,0.5947681223907552,0.22475938752783964,0.5,0.7306510556419585,0.19140419589260926,0.18755250897305037,0.6417566428664134,0.08586686657719278,0.20767687131282345
2021-07-09 00:30:00,0.29369175034867506,0.2211565555147359,0.7352020848845864,0.7139144795572219,0.5948545889989661,0.22447624721603562,0.5,0.7306510556419585,0.19140419589260926,0.18755250897305037,0.6417566428664134,0.08586686657719278,0.20830051148965706
2021-07-09 00:40:00,0.29410132496513247,0.2207570791141611,0.7349201787043929,0.7136491340831994,0.5949410425200561,0.2241931180400891,0.5,0.7306510556419585,0.19140419589260926,0.18755250897305037,0.6417566428664134,0.08586686657719278,0.20892417429877633
2021-07-09 00:50:00,0.2945108577405858,0.22035760271358606,0.734638421444527,0.7133837886091767,0.595027482954025,0.22390998886414254,0.5,0.7306510556419585,0.19140419589260926,0.18755250897305037,0.6417566428664134,0.08586686657719278,0.20954780693151473
2021-07-09 01:00:00,0.2949203905160391,0.21995812631301104,0.7343565152643334,0.7131183717193357,0.5951139495622358,0.223626859688196,0.5,0.6851488364941498,0.19825463280911126,0.2288140203666019,0.7766075322957828,0.09275516275415253,0.21017147728472926
2021-07-09 01:10:00,0.2953299581589958,0.21955864991243623,0.7340747580044673,0.7128530619532225,0.5952004292575676,0.22334373051224943,0.5,0.6851488364941498,0.19825463280911126,0.2288140203666019,0.7766075322957828,0.09275516275415253,0.21079514763794377
2021-07-09 01:20:00,0.2957394909344491,0.2191591735118612,0.7337928816083392,0.7125877521871093,0.5952868435172947,0.2230606013363029,0.5,0.6851488364941498,0.19825463280911126,0.2288140203666019,0.7766075322957828,0.09275516275415253,0.21141878027068214
2021-07-09 01:30:00,0.29614902370990237,0.21875969711128618,0.7335109456440803,0.712322513836815,0.5953733101255054,0.22277747216035637,0.5,0.6851488364941498,0.19825463280911126,0.2288140203666019,0.7766075322957828,0.09275516275415253,0.21204244307980144
2021-07-09 01:40:00,0.29655859832635983,0.21836022071071115,0.7332291883842144,0.712057132654883,0.5954597767337163,0.2224943207126949,0.5,0.6851488364941498,0.19825463280911126,0.2288140203666019,0.7766075322957828,0.09275516275415253,0.21266608325663505
2021-07-09 01:50:00,0.29696813110181314,0.21796074431013635,0.7329473417721517,0.7117918228887699,0.5955461909934434,0.22221119153674831,0.5,0.6851488364941498,0.19825463280911126,0.2288140203666019,0.7766075322957828,0.09275516275415253,0.21328975360984959
2021-07-09 02:00:00,0.2973776638772664,0.21756126790956132,0.7326654355919582,0.7115265131226567,0.5956326706887751,0.2219280623608018,0.5,0.6813217028886775,0.19279497251492175,0.2827578318183484,0.7579209900642816,0.09107187650042749,0.21391340887487362
2021-07-09 02:10:00,0.29778723849372385,0.2171617915089863,0.7323836783320921,0.7112612033565435,0.5957191372969861,0.22164493318485523,0.5,0.6813217028886775,0.19279497251492175,0.2827578318183484,0.7579209900642816,0.09107187650042749,0.21453704905170723
2021-07-09 02:20:00,0.29819676429567643,0.21676231510841126,0.7321018019359642,0.7109957864667023,0.5958055777309549,0.2213618040089087,0.5,0.6813217028886775,0.19279497251492175,0.2827578318183484,0.7579209900642816,0.09107187650042749,0.21516071186082655
2021-07-09 02:30:00,0.29860630404463046,0.21636283870783646,0.7318200148920326,0.7107304409926798,0.5958920443391659,0.22107867483296215,0.5,0.6813217028886775,0.19279497251492175,0.2827578318183484,0.7579209900642816,0.09107187650042749,0.21578435958175538
2021-07-09 02:40:00,0.299015829846583,0.21596336230726143,0.7315381384959045,0.7104650955186576,0.5959785109473767,0.22079552338530067,0.5,0.6813217028886775,0.19279497251492175,0.2827578318183484,0.7579209900642816,0.09107187650042749,0.21640801484677943
2021-07-09 02:50:00,0.29942540446304045,0.21556388590668663,0.7312562918838421,0.7101997500446349,0.5960649382942247,0.22051239420935412,0.5,0.6813217028886775,0.19279497251492175,0.2827578318183484,0.7579209900642816,0.09107187650042749,0.21703167765589873
2021-07-09 03:00:00,0.29983493723849375,0.2151644095061116,0.730974534623976,0.7099344045706124,0.5961514049024356,0.2202292650334076,0.5,0.6562010230726665,0.19719430930987064,0.3157539790784596,0.6792768755658461,0.08539804556151594,0.21765531783273231
2021-07-09 03:10:00,0.30024447698744766,0.21476493310553657,0.730692598659717,0.7096692019282271,0.5962378715106463,0.219946135857461,0.5,0.6562010230726665,0.19719430930987064,0.3157539790784596,0.6792768755658461,0.08539804556151594,0.2182789806418516
2021-07-09 03:20:00,0.30065404463040446,0.21436545670496154,0.7304107222635887,0.7094038564542045,0.5963242988574944,0.21966301781737196,0.5,0.6562010230726665,0.19719430930987064,0.3157539790784596,0.6792768755658461,0.08539804556151594,0.21890262081868522
2021-07-09 03:30:00,0.30106357740585776,0.21396598030438674,0.7301289650037228,0.7091385109801822,0.5964107654657052,0.21937988864142538,0.5,0.6562010230726665,0.19719430930987064,0.3157539790784596,0.6792768755658461,0.08539804556151594,0.21952629117189976
2021-07-09 03:40:00,0.301473110181311,0.2135665039038117,0.7298470588235291,0.7088731655061595,0.596497232073916,0.21909675946547885,0.5,0.6562010230726665,0.19719430930987064,0.3157539790784596,0.6792768755658461,0.08539804556151594,0.22014995398101905
2021-07-09 03:50:00,0.3018826778242678,0.21316702750323668,0.7295653015636634,0.7086077486163185,0.5965836594207641,0.21881360801781738,0.5,0.6562010230726665,0.19719430930987064,0.3157539790784596,0.6792768755658461,0.08539804556151594,0.22077359415785264
2021-07-09 04:00:00,0.3022922105997211,0.21276755110266166,0.7292833953834696,0.7083424388502053,0.5966701129418539,0.21853047884187085,0.5,0.6130439597054655,0.20644412325039552,0.3404879325582201,0.5816077941655795,0.08541192637417011,0.22139725696697193
2021-07-09 04:10:00,0.3027017433751743,0.21236807470208685,0.7290015189873416,0.7080771290840921,0.5967565926371857,0.21824734966592427,0.5,0.6130439597054655,0.20644412325039552,0.3404879325582201,0.5816077941655795,0.08541192637417011,0.22202089714380555
2021-07-09 04:20:00,0.3031113179916318,0.21196859830151182,0.7287197617274754,0.707811819317979,0.5968430592453966,0.21796422048997774,0.5,0.6130439597054655,0.20644412325039552,0.3404879325582201,0.5816077941655795,0.08541192637417011,0.22264455995292487
2021-07-09 04:30:00,0.3035208507670851,0.2115691219009368,0.7284378257632165,0.707546438136047,0.5969294996793656,0.21768109131403118,0.5,0.6130439597054655,0.20644412325039552,0.3404879325582201,0.5816077941655795,0.08541192637417011,0.22326822276204417
2021-07-09 04:40:00,0.3039303835425383,0.211169645500362,0.7281559791511538,0.7072811997857527,0.5970159532004555,0.21739796213808465,0.5,0.6130439597054655,0.20644412325039552,0.3404879325582201,0.5816077941655795,0.08541192637417011,0.22389186293887775
2021-07-09 04:50:00,0.3043399581589958,0.21077016909978696,0.7278742218912879,0.7070158900196395,0.5971024198086663,0.21711483296213807,0.5,0.6130439597054655,0.20644412325039552,0.3404879325582201,0.5816077941655795,0.08541192637417011,0.22451551820390184
2021-07-09 05:00:00,0.3047494909344491,0.21037069269921216,0.7275923157110944,0.7067505802535263,0.5971888471555143,0.21683168151447663,0.5,0.6101043851641454,0.22191794992629324,0.34112212999031016,0.32875628749944447,0.08963374661647307,0.22513916592483063
2021-07-09 05:10:00,0.3051590237099024,0.20997121629863713,0.7273104393149663,0.7064851633636848,0.5972753137637251,0.21654855233853007,0.5,0.6101043851641454,0.22191794992629324,0.34112212999031016,0.32875628749944447,0.08963374661647307,0.22576282873394993
2021-07-09 05:20:00,0.30556854951185497,0.2095717398980621,0.7270286820551004,0.7062198178896626,0.597361767284815,0.21626542316258354,0.5,0.6101043851641454,0.22191794992629324,0.34112212999031016,0.32875628749944447,0.08963374661647307,0.22638649154306922
2021-07-09 05:30:00,0.3059781241283124,0.20917226349748708,0.7267467758749067,0.7059544724156401,0.5974482077187839,0.21598229398663696,0.5,0.6101043851641454,0.22191794992629324,0.34112212999031016,0.32875628749944447,0.08963374661647307,0.2270101241758076
2021-07-09 05:40:00,0.3063876569037657,0.20877278709691227,0.7264650186150408,0.7056891269416175,0.5975346743269948,0.21569916481069043,0.5,0.6101043851641454,0.22191794992629324,0.34112212999031016,0.32875628749944447,0.08963374661647307,0.22763379452902216
2021-07-09 05:50:00,0.30679719665271965,0.20837331069633724,0.7261831720029783,0.7054237814675952,0.5976211540223267,0.2154160356347439,0.5,0.6101043851641454,0.22191794992629324,0.34112212999031016,0.32875628749944447,0.08963374661647307,0.22825746488223667
2021-07-09 06:00:00,0.3072067642956764,0.20797383429576222,0.7259012360387191,0.7051584359935725,0.5977075682820536,0.21513288418708243,0.5,0.576026599755922,0.2685319548169999,0.4096301630943763,0.1229014467506297,0.901105232990206,0.22888109751497504
2021-07-09 06:10:00,0.3076162970711297,0.2075743578951872,0.7256194787788532,0.7048932333511873,0.5977940348902645,0.21484976614699333,0.5,0.576026599755922,0.2685319548169999,0.4096301630943763,0.1229014467506297,0.901105232990206,0.22950476032409434
2021-07-09 06:20:00,0.308025829846583,0.20717488149461238,0.7253376023827252,0.7046278878771648,0.5978805014984753,0.2145666369710468,0.5,0.576026599755922,0.2685319548169999,0.4096301630943763,0.1229014467506297,0.901105232990206,0.23012840050092792
2021-07-09 06:30:00,0.30843539748953974,0.20677540509403736,0.7250556962025316,0.7043625424031421,0.5979669157582024,0.21428350779510022,0.5,0.576026599755922,0.2685319548169999,0.4096301630943763,0.1229014467506297,0.901105232990206,0.23075207085414248
2021-07-09 06:40:00,0.30884493026499305,0.20637592869346255,0.7247739389426655,0.7040971255133011,0.5980534216277761,0.2140003786191537,0.5,0.576026599755922,0.2685319548169999,0.4096301630943763,0.1229014467506297,0.901105232990206,0.23137572611916654
2021-07-09 06:50:00,0.3092544630404463,0.20597645229288752,0.724492032762472,0.7038318157471879,0.598139875148866,0.21371724944320714,0.5,0.576026599755922,0.2685319548169999,0.4096301630943763,0.1229014467506297,0.901105232990206,0.23199936629600015
2021-07-09 07:00:00,0.30966403765690376,0.2055769758923125,0.7242102755026061,0.7035665059810747,0.5982263024957138,0.2134341202672606,0.5,0.5773131618295235,0.2903447344449969,0.4079863984243599,0.20957662196421437,0.7756901002633516,0.23262303664921466
2021-07-09 07:10:00,0.31007357043235706,0.20517749949173747,0.723928399106478,0.7033011962149616,0.5983127691039248,0.2131509688195991,0.5,0.5773131618295235,0.2903447344449969,0.4079863984243599,0.20957662196421437,0.7756901002633516,0.23324667682604824
2021-07-09 07:20:00,0.3104831032078103,0.20477802309116266,0.7236464631422186,0.7030358150330298,0.5983992357121357,0.21286783964365258,0.5,0.5773131618295235,0.2903447344449969,0.4079863984243599,0.20957662196421437,0.7756901002633516,0.2338703471792628
2021-07-09 07:30:00,0.31089264295676433,0.20437854669058764,0.7233647058823527,0.7027704695590073,0.5984856892332255,0.21258471046770602,0.5,0.5773131618295235,0.2903447344449969,0.4079863984243599,0.20957662196421437,0.7756901002633516,0.23449400244428686
2021-07-09 07:40:00,0.3113022105997211,0.2039790702900126,0.72308285927029,0.7025052669166221,0.5985721296671945,0.2123015812917595,0.5,0.5773131618295235,0.2903447344449969,0.4079863984243599,0.20957662196421437,0.7756901002633516,0.23511764262112048
2021-07-09 07:50:00,0.3117117433751744,0.20357959388943758,0.7228009828741622,0.7022399571505089,0.5986585962754053,0.2120184521158129,0.5,0.5773131618295235,0.2903447344449969,0.4079863984243599,0.20957662196421437,0.7756901002633516,0.23574130543023977
2021-07-09 08:00:00,0.31212126917712696,0.20318011748886278,0.7225191958302306,0.7019745402606676,0.5987450759707372,0.21173532293986638,0.5,0.5774190245355331,0.30591626030510966,0.3971392255486835,0.19077366121216066,0.8167957725301219,0.23636495315116857
2021-07-09 08:10:00,0.31253084379358437,0.20278064108828775,0.7222373194341025,0.7017091947866452,0.5988314902304642,0.21145219376391983,0.5,0.5774190245355331,0.30591626030510966,0.3971392255486835,0.19077366121216066,0.8167957725301219,0.23698860841619265
2021-07-09 08:20:00,0.31294037656903767,0.20238116468771272,0.7219555621742366,0.7014438493126229,0.598917956838675,0.21116904231625838,0.5,0.5774190245355331,0.30591626030510966,0.3971392255486835,0.19077366121216066,0.8167957725301219,0.23761227122531195
2021-07-09 08:30:00,0.313349930264993,0.20198168828713792,0.7216736559940429,0.7011785038386003,0.599004423446886,0.2108859131403118,0.5,0.5774190245355331,0.30591626030510966,0.3971392255486835,0.19077366121216066,0.8167957725301219,0.23823591140214553
2021-07-09 08:40:00,0.3137594839609484,0.2015822118865629,0.7213918093819804,0.7009131583645778,0.5990908377066129,0.21060278396436527,0.5,0.5774190245355331,0.30591626030510966,0.3971392255486835,0.19077366121216066,0.8167957725301219,0.23885957421126486
2021-07-09 08:50:00,0.3141690167364017,0.20118273548598808,0.7211100521221145,0.7006478128905551,0.5991773174019448,0.21031965478841871,0.5,0.5774190245355331,0.30591626030510966,0.3971392255486835,0.19077366121216066,0.8167957725301219,0.23948321438809841
2021-07-09 09:00:00,0.314578549511855,0.20078325908541284,0.7208281161578554,0.7003824317086234,0.5992637840101557,0.21003652561247219,0.5,0.5775818876714642,0.3140023045513459,0.39166871788511587,0.1538130547006751,0.8425626922156085,0.24010687719721777
2021-07-09 09:10:00,0.31498811715481173,0.20038378268483803,0.7205462397617273,0.7001171219425102,0.5993502244441246,0.2097533964365256,0.5,0.5775818876714642,0.3140023045513459,0.39166871788511587,0.1538130547006751,0.8425626922156085,0.24073054000633703
2021-07-09 09:20:00,0.3153976569037657,0.199984306284263,0.7202644825018614,0.6998519193001249,0.5994366779652145,0.2094702561247216,0.5,0.5775818876714642,0.3140023045513459,0.39166871788511587,0.1538130547006751,0.8425626922156085,0.24135418018317065
2021-07-09 09:30:00,0.3158071827057183,0.1995848298836882,0.7199825763216678,0.6995865738261025,0.5995231445734253,0.20918712694877506,0.5,0.5775818876714642,0.3140023045513459,0.39166871788511587,0.1538130547006751,0.8425626922156085,0.2419778354481947
2021-07-09 09:40:00,0.31621673640167364,0.19918535348311295,0.7197008190618017,0.6993211926441707,0.5996095719202733,0.2089039977728285,0.5,0.5775818876714642,0.3140023045513459,0.39166871788511587,0.1538130547006751,0.8425626922156085,0.24260148316912353
2021-07-09 09:50:00,0.31662629009762905,0.19878587708253814,0.7194189128816082,0.6990558828780575,0.5996960385284841,0.20862086859688198,0.5,0.5775818876714642,0.3140023045513459,0.39166871788511587,0.1538130547006751,0.8425626922156085,0.24322514597824282
2021-07-09 10:00:00,0.31703582287308224,0.19838640068196312,0.7191370364854801,0.6987905731119444,0.599782492049574,0.20833773942093545,0.5,0.6569827527838987,0.30479559319208926,0.3243698574495118,0.18297547370135933,0.7837603251024037,0.24384880878736215
2021-07-09 10:10:00,0.31744536262203626,0.1979869242813883,0.7188552792256142,0.6985251919300124,0.599868932483543,0.20805461024498886,0.5,0.6569827527838987,0.30479559319208926,0.3243698574495118,0.18297547370135933,0.7837603251024037,0.2444724414201005
2021-07-09 10:20:00,0.31785493026499306,0.19758744788081328,0.718573343261355,0.6982598464559902,0.5999553990917538,0.20777148106904234,0.5,0.6569827527838987,0.30479559319208926,0.3243698574495118,0.18297547370135933,0.7837603251024037,0.24509611177331503
2021-07-09 10:30:00,0.3182644630404463,0.19718797148023826,0.7182914966492926,0.6979945009819675,0.6000418787870857,0.20748832962138086,0.5,0.6569827527838987,0.30479559319208926,0.3243698574495118,0.18297547370135933,0.7837603251024037,0.24571975195014864
2021-07-09 10:40:00,0.3186739888423989,0.19678849507966345,0.7180097393894265,0.697729155507945,0.6001282930468126,0.20720520044543428,0.5,0.6569827527838987,0.30479559319208926,0.3243698574495118,0.18297547370135933,0.7837603251024037,0.24634342230336315
2021-07-09 10:50:00,0.31908356345885636,0.19638901867908842,0.7177278629932984,0.6974639528655597,0.6002147596550235,0.20692207126948775,0.5,0.6569827527838987,0.30479559319208926,0.3243698574495118,0.18297547370135933,0.7837603251024037,0.24696708511248247
2021-07-09 11:00:00,0.3194930962343096,0.1959895422785134,0.7174460163812357,0.697198607391537,0.6003012393503553,0.20663894209354122,0.5,0.672983430518677,0.30957423270221546,0.3131371696381118,0.3145207805221189,0.7228425428699462,0.24759071774522082
2021-07-09 11:10:00,0.319902649930265,0.19559006587793837,0.7171641995532387,0.6969332619175148,0.6003877059585662,0.20635581291759467,0.5,0.672983430518677,0.30957423270221546,0.3131371696381118,0.3145207805221189,0.7228425428699462,0.24821438809843535
2021-07-09 11:20:00,0.3203122036262203,0.19519058947736356,0.7168823231571106,0.6966678807355828,0.6004741463925352,0.20607268374164814,0.5,0.672983430518677,0.30957423270221546,0.3131371696381118,0.3145207805221189,0.7228425428699462,0.24883802827526896
2021-07-09 11:30:00,0.3207217364016736,0.19479111307678854,0.7166005361131791,0.6964025352615606,0.600560599913625,0.20578953229398664,0.5,0.672983430518677,0.30957423270221546,0.3131371696381118,0.3145207805221189,0.7228425428699462,0.24946169108438826
2021-07-09 11:40:00,0.3211312691771269,0.1943916366762135,0.7163186895011167,0.6961371897875379,0.6006470665218359,0.20550640311804008,0.5,0.672983430518677,0.30957423270221546,0.3131371696381118,0.3145207805221189,0.7228425428699462,0.25008535389350756
2021-07-09 11:50:00,0.32154083682008366,0.19399216027563848,0.7160367833209231,0.6958718086056059,0.6007334938686838,0.20522327394209355,0.5,0.672983430518677,0.30957423270221546,0.3131371696381118,0.3145207805221189,0.7228425428699462,0.25070899407034114
2021-07-09 12:00:00,0.32195037656903763,0.19359268387506368,0.7157549962769916,0.6956064988394928,0.6008199604768947,0.20494014476614703,0.5,0.686777434500369,0.30199105190412817,0.304335001319501,0.45086529326141667,0.7124884058403259,0.2513326644235557
2021-07-09 12:10:00,0.3223599023709902,0.19319320747448865,0.7154731198808635,0.6953411890733796,0.6009064139979845,0.20465701559020044,0.5,0.686777434500369,0.30199105190412817,0.304335001319501,0.45086529326141667,0.7124884058403259,0.2519562970562941
2021-07-09 12:20:00,0.3227694560669456,0.19279373107391384,0.7151912434847354,0.6950759507230853,0.6009928544319535,0.20437389755011134,0.5,0.686777434500369,0.30199105190412817,0.304335001319501,0.45086529326141667,0.7124884058403259,0.2525799598654134
2021-07-09 12:30:00,0.323179009762901,0.19239425467333882,0.7149094564408041,0.6948105695411533,0.6010793210401644,0.20409075723830736,0.5,0.686777434500369,0.30199105190412817,0.304335001319501,0.45086529326141667,0.7124884058403259,0.25320362267453267
2021-07-09 12:40:00,0.32358854253835423,0.191994778272764,0.7146275502606103,0.6945452597750401,0.6011658007354962,0.20380761692650334,0.5,0.686777434500369,0.30199105190412817,0.304335001319501,0.45086529326141667,0.7124884058403259,0.25382727039546144
2021-07-09 12:50:00,0.32399808228730825,0.19159530187218876,0.7143457930007444,0.694279950008927,0.6012522149952232,0.20352448775055682,0.5,0.686777434500369,0.30199105190412817,0.304335001319501,0.45086529326141667,0.7124884058403259,0.25445092566048555
2021-07-09 13:00:00,0.324407649930265,0.19119582547161396,0.7140639166046163,0.6940145688269952,0.6013386816034342,0.20324135857461023,0.5,0.72442993733288,0.3039708971371262,0.2762545499322369,0.5138952223409915,0.7138618229722166,0.25507458846960485
2021-07-09 13:10:00,0.3248171827057183,0.19079634907103893,0.7137820402084882,0.6937492233529727,0.6014251482116449,0.2029582293986637,0.5,0.72442993733288,0.3039708971371262,0.2762545499322369,0.5138952223409915,0.7138618229722166,0.25569822864643843
2021-07-09 13:20:00,0.3252267085076709,0.19039687267046412,0.7135002233804912,0.69348387787895,0.6015115624713719,0.20267510022271715,0.5,0.72442993733288,0.3039708971371262,0.2762545499322369,0.5138952223409915,0.7138618229722166,0.2563218914555578
2021-07-09 13:30:00,0.3256362831241283,0.18999739626988887,0.7132183767684288,0.6932185324049278,0.6015980421667038,0.20239197104677062,0.5,0.72442993733288,0.3039708971371262,0.2762545499322369,0.5138952223409915,0.7138618229722166,0.25694553163239137
2021-07-09 13:40:00,0.3260458158995816,0.18959791986931407,0.7129365003723007,0.6929531869309051,0.6016845087749146,0.2021088418708241,0.5,0.72442993733288,0.3039708971371262,0.2762545499322369,0.5138952223409915,0.7138618229722166,0.25756919444151066
2021-07-09 13:50:00,0.326455369595537,0.18919844346873904,0.7126547431124348,0.6926878414568827,0.6017709492088835,0.2018256904231626,0.5,0.72442993733288,0.3039708971371262,0.2762545499322369,0.5138952223409915,0.7138618229722166,0.25819285725062996
2021-07-09 14:00:00,0.3268649232914923,0.18879896706816424,0.7123728965003722,0.6924226388144974,0.6018574027299735,0.20154256124721603,0.5,0.7231270655985227,0.2985572129296256,0.28282555056034725,0.5384750170864407,0.7131706199673019,0.25881649742746354
2021-07-09 14:10:00,0.3272744560669456,0.1883994906675892,0.7120910796723752,0.6921572933404747,0.6019438693381842,0.2012594320712695,0.5,0.7231270655985227,0.2985572129296256,0.28282555056034725,0.5384750170864407,0.7131706199673019,0.2594401677806781
2021-07-09 14:20:00,0.3276839888423989,0.18800001426701418,0.7118092032762471,0.6918919478664525,0.6020302966850323,0.20097630289532292,0.5,0.7231270655985227,0.2985572129296256,0.28282555056034725,0.5384750170864407,0.7131706199673019,0.26006380795751166
2021-07-09 14:30:00,0.3280935146443515,0.18760053786643938,0.711527326880119,0.6916266023924298,0.6021167632932432,0.2006931737193764,0.5,0.7231270655985227,0.2985572129296256,0.28282555056034725,0.5384750170864407,0.7131706199673019,0.26068747076663096
2021-07-09 14:40:00,0.3285030962343096,0.18720106146586435,0.7112455696202531,0.6913611855025887,0.602203216814333,0.20041004454342987,0.5,0.7231270655985227,0.2985572129296256,0.28282555056034725,0.5384750170864407,0.7131706199673019,0.26131113357575025
2021-07-09 14:50:00,0.3289126220362622,0.18680158506528932,0.7109636634400593,0.6910958757364756,0.6022896965096649,0.2001268930957684,0.5,0.7231270655985227,0.2985572129296256,0.28282555056034725,0.5384750170864407,0.7131706199673019,0.26193477375258384
2021-07-09 15:00:00,0.32932217573221756,0.1864021086647143,0.7106817572598658,0.6908305659703624,0.6023761238565127,0.1998437639198218,0.5,0.7172235020543836,0.2909136885177587,0.2782281581377194,0.5849717261670327,0.7028612147553752,0.26255842901760795
2021-07-09 15:10:00,0.32973172942817297,0.1860026322641395,0.7103999999999997,0.6905652562042492,0.6024626035518447,0.19956064587973277,0.5,0.7172235020543836,0.2909136885177587,0.2782281581377194,0.5849717261670327,0.7028612147553752,0.2631820767385367
2021-07-09 15:20:00,0.3301412622036262,0.18560315586356446,0.7101181236038716,0.6902998393144082,0.6025490701600554,0.19927750556792873,0.5,0.7172235020543836,0.2909136885177587,0.2782281581377194,0.5849717261670327,0.7028612147553752,0.26380573954765607
2021-07-09 15:30:00,0.3305508019525802,0.18520367946298943,0.7098363365599403,0.6900346366720229,0.6026354844197824,0.19899438752783966,0.5,0.7172235020543836,0.2909136885177587,0.2782281581377194,0.5849717261670327,0.7028612147553752,0.26442940235677537
2021-07-09 15:40:00,0.330960369595537,0.1848042030624144,0.7095544303797465,0.6897693269059098,0.6027219641151144,0.19871124721603567,0.5,0.7172235020543836,0.2909136885177587,0.2782281581377194,0.5849717261670327,0.7028612147553752,0.2650530349895137
2021-07-09 15:50:00,0.3313699023709903,0.1844047266618396,0.7092725837676841,0.6895040171397966,0.6028084307233251,0.19842812917594657,0.5,0.7172235020543836,0.2909136885177587,0.2782281581377194,0.5849717261670327,0.7028612147553752,0.26567670534272825
2021-07-09 16:00:00,0.33177942817294287,0.18400525026126457,0.7089907967237525,0.6892386002499555,0.6028948711572941,0.1981449777282851,0.5,0.7017276566819746,0.2934912228777,0.3049415532726477,0.6144907237861148,0.6957563930172413,0.26630034551956183
2021-07-09 16:10:00,0.3321890027894003,0.18360577386068977,0.7087089203276244,0.6889732547759329,0.602981324678384,0.19786184855233854,0.5,0.7017276566819746,0.2934912228777,0.3049415532726477,0.6144907237861148,0.6957563930172413,0.26692400832868113
2021-07-09 16:20:00,0.3325985355648536,0.18320629746011474,0.7084270439314966,0.6887079093019104,0.6030677912865948,0.197578719376392,0.5,0.7017276566819746,0.2934912228777,0.3049415532726477,0.6144907237861148,0.6957563930172413,0.2675476711378005
2021-07-09 16:30:00,0.33300808926080894,0.18280682105953971,0.708145256887565,0.6884425638278877,0.6031542186334429,0.19729559020044546,0.5,0.7017276566819746,0.2934912228777,0.3049415532726477,0.6144907237861148,0.6957563930172413,0.268171311314634
2021-07-09 16:40:00,0.3334176429567643,0.1824073446589647,0.7078633804914369,0.6881772183538655,0.6032406852416536,0.19701247216035636,0.5,0.7017276566819746,0.2934912228777,0.3049415532726477,0.6144907237861148,0.6957563930172413,0.2687949816678486
2021-07-09 16:50:00,0.3338271757322176,0.18200786825838988,0.707581623231571,0.6879118728798428,0.6033271387627436,0.19672933184855235,0.5,0.7017276566819746,0.2934912228777,0.3049415532726477,0.6144907237861148,0.6957563930172413,0.26941861430058694
2021-07-09 17:00:00,0.33423670850767084,0.18160839185781485,0.7072997766195084,0.6876466702374575,0.6034135791967125,0.19644618040089087,0.5,0.7118899428094574,0.2983848026045443,0.30294461126842404,0.6457219967240995,0.6877112689022291,0.27004227710970624
2021-07-09 17:10:00,0.3346462343096234,0.18120891545723983,0.7070178406552494,0.687381324763435,0.6035000458049234,0.19616305122494435,0.5,0.7118899428094574,0.2983848026045443,0.30294461126842404,0.6457219967240995,0.6877112689022291,0.27066593991882554
2021-07-09 17:20:00,0.33505581589958155,0.1808094390566648,0.7067360833953833,0.6871159792894126,0.6035865255002552,0.19587992204899776,0.5,0.7118899428094574,0.2983848026045443,0.30294461126842404,0.6457219967240995,0.6877112689022291,0.2712895876397544
2021-07-09 17:30:00,0.33546534170153414,0.18040996265609,0.7064542069992552,0.6868505623995713,0.6036729397599822,0.19559679287305123,0.5,0.7118899428094574,0.2983848026045443,0.30294461126842404,0.6457219967240995,0.6877112689022291,0.2719132579929689
2021-07-09 17:40:00,0.33587489539748955,0.18001048625551497,0.7061723008190617,0.6865852526334582,0.6037594063681931,0.19531366369710468,0.5,0.7118899428094574,0.2983848026045443,0.30294461126842404,0.6457219967240995,0.6877112689022291,0.272536883081612
2021-07-09 17:50:00,0.3362844490934449,0.17961100985493994,0.7058905435591958,0.686319942867345,0.6038458729764039,0.19503053452115815,0.5,0.7118899428094574,0.2983848026045443,0.30294461126842404,0.6457219967240995,0.6877112689022291,0.2731605534348266
2021-07-09 18:00:00,0.3366939888423989,0.17921153345436514,0.705608637379002,0.6860546331012318,0.6039322872361309,0.19474740534521157,0.5,0.574015341754099,0.27863519986666946,0.46492251593641387,0.5423917946677481,0.665049377859401,0.27378421624394583
2021-07-09 18:10:00,0.3371035216178522,0.1788120570537901,0.705326760982874,0.6857892162113908,0.6040187669314627,0.19446425389755015,0.5,0.574015341754099,0.27863519986666946,0.46492251593641387,0.5423917946677481,0.665049377859401,0.2744078639648747
2021-07-09 18:20:00,0.3375130892608089,0.1784125806532153,0.705045003723008,0.6855238707373683,0.6041052335396736,0.19418113585746102,0.5,0.574015341754099,0.27863519986666946,0.46492251593641387,0.5423917946677481,0.665049377859401,0.27503151922989877
2021-07-09 18:30:00,0.3379226220362622,0.17801310425264028,0.7047630677587489,0.6852585252633459,0.6041917001478844,0.19389799554565704,0.5,0.574015341754099,0.27863519986666946,0.46492251593641387,0.5423917946677481,0.665049377859401,0.27565515940673235
2021-07-09 18:40:00,0.3383321478382148,0.17761362785206525,0.7044813104988827,0.6849933940367792,0.6042781274947324,0.19361487750556794,0.5,0.574015341754099,0.27863519986666946,0.46492251593641387,0.5423917946677481,0.665049377859401,0.27627882221585165
2021-07-09 18:50:00,0.3387417224546722,0.17721415145149022,0.7041994638868203,0.6847279771469381,0.6043645941029432,0.19333173719376393,0.5,0.574015341754099,0.27863519986666946,0.46492251593641387,0.5423917946677481,0.665049377859401,0.27690248502497095
2021-07-09 19:00:00,0.3391512552301255,0.17681467505091542,0.7039175577066268,0.6844626316729154,0.6044510607111542,0.19304861915367483,0.5,0.5485201400963169,0.2995456987934164,0.5104226625969478,0.5684082646559548,0.7017934161389376,0.2775261252018046
2021-07-09 19:10:00,0.3395608089260809,0.1764151986503404,0.7036358004467607,0.6841972861988932,0.6045374880580021,0.19276547884187084,0.5,0.5485201400963169,0.2995456987934164,0.5104226625969478,0.5684082646559548,0.7017934161389376,0.2781497880109238
2021-07-09 19:20:00,0.3399703277545328,0.17601572224976536,0.7033539240506326,0.6839319407248705,0.6046239415790919,0.19248233853006683,0.5,0.5485201400963169,0.2995456987934164,0.5104226625969478,0.5684082646559548,0.7017934161389376,0.2787734508200431
2021-07-09 19:30:00,0.34037989539748953,0.17561624584919033,0.703072017870439,0.683666595250848,0.6047104474486658,0.19219922048997773,0.5,0.5485201400963169,0.2995456987934164,0.5104226625969478,0.5684082646559548,0.7017934161389376,0.27939709099687676
2021-07-09 19:40:00,0.3407894351464435,0.17521676944861553,0.7027902606105731,0.6834012497768254,0.6047968617083929,0.19191608017817371,0.5,0.5485201400963169,0.2995456987934164,0.5104226625969478,0.5684082646559548,0.7017934161389376,0.2800207462619008
2021-07-09 19:50:00,0.3411989539748954,0.1748172930480405,0.7025084139985105,0.6831358685948938,0.6048833283166036,0.19163296213808462,0.5,0.5485201400963169,0.2995456987934164,0.5104226625969478,0.5684082646559548,0.7017934161389376,0.28064439398282964
2021-07-09 20:00:00,0.34160853556485354,0.17441781664746547,0.7022266567386446,0.6828705588287804,0.6049697949248145,0.19134982182628063,0.5,0.5373236747233279,0.30424100664641834,0.5399021273956932,0.6061564523586654,0.7578245690640177,0.28126805679194894
2021-07-09 20:10:00,0.3420180613668061,0.17401834024689067,0.7019447207743856,0.6826053561863952,0.6050562091845415,0.19106670378619153,0.5,0.5373236747233279,0.30424100664641834,0.5399021273956932,0.6061564523586654,0.7578245690640177,0.28189171960106824
2021-07-09 20:20:00,0.34242761506276154,0.17361886384631564,0.7016628443782575,0.6823399392965541,0.6051426888798733,0.19078354120267263,0.5,0.5373236747233279,0.30424100664641834,0.5399021273956932,0.6061564523586654,0.7578245690640177,0.28251535223380664
2021-07-09 20:30:00,0.3428371687587169,0.1732193874457406,0.7013810871183914,0.682074629530441,0.6052291554880841,0.19050041202672605,0.5,0.5373236747233279,0.30424100664641834,0.5399021273956932,0.6061564523586654,0.7578245690640177,0.2831390225870211
2021-07-09 20:40:00,0.3432467224546722,0.1728199110451656,0.7010991809381979,0.6818093197643278,0.6053155959220531,0.19021728285077952,0.5,0.5373236747233279,0.30424100664641834,0.5399021273956932,0.6061564523586654,0.7578245690640177,0.28376266276385476
2021-07-09 20:50:00,0.34365624128312416,0.17242043464459078,0.7008172747580044,0.6815440099982146,0.6054020494431429,0.189934153674833,0.5,0.5373236747233279,0.30424100664641834,0.5399021273956932,0.6061564523586654,0.7578245690640177,0.284386325572974
2021-07-09 21:00:00,0.3440658089260809,0.17202095824401575,0.7005355174981385,0.6812786288162826,0.6054885160513539,0.1896510356347439,0.5,0.530687310450223,0.30145945340179753,0.5593460297097593,0.5518725041891397,0.7661391019299443,0.28500998838209335
2021-07-09 21:10:00,0.3444753417015342,0.17162148184344073,0.7002536411020104,0.6810132833422604,0.6055749433982018,0.1893679064587973,0.5,0.530687310450223,0.30145945340179753,0.5593460297097593,0.5518725041891397,0.7661391019299443,0.28563362855892693
2021-07-09 21:20:00,0.3448848675034868,0.1712220054428657,0.6999718838421443,0.6807479378682377,0.6056614100064126,0.18908477728285078,0.5,0.530687310450223,0.30145945340179753,0.5593460297097593,0.5518725041891397,0.7661391019299443,0.28625729891214147
2021-07-09 21:30:00,0.3452944211994421,0.1708225290422909,0.6996899478778853,0.6804825923942153,0.6057478635275027,0.1888016258351893,0.5,0.530687310450223,0.30145945340179753,0.5593460297097593,0.5518725041891397,0.7661391019299443,0.28688093908897505
2021-07-09 21:40:00,0.3457039748953975,0.17042305264171587,0.6994081012658226,0.6802173540439209,0.6058343039614714,0.1885184855233853,0.5,0.530687310450223,0.30145945340179753,0.5593460297097593,0.5518725041891397,0.7661391019299443,0.2875046018980944
2021-07-09 21:50:00,0.34611352859135286,0.17002357624114106,0.6991263440059567,0.6799520085698982,0.6059207705696824,0.1882353674832962,0.5,0.530687310450223,0.30145945340179753,0.5593460297097593,0.5518725041891397,0.7661391019299443,0.2881282647072137
2021-07-09 22:00:00,0.3465230474198047,0.16962409984056603,0.698844437825763,0.6796866630958758,0.6060072502650142,0.1879522271714922,0.5,0.48134968613075135,0.3204475772039055,0.6168204731764668,0.47125047726914804,0.7494349882787563,0.2887519048840473
2021-07-09 22:10:00,0.3469326150627615,0.16922462343999123,0.698562620997766,0.6794213176218531,0.606093703786104,0.1876691091314031,0.5,0.48134968613075135,0.3204475772039055,0.6168204731764668,0.47125047726914804,0.7494349882787563,0.28937557523726176
2021-07-09 22:20:00,0.34734215481171554,0.1688251470394162,0.6982808041697688,0.6791559721478309,0.6061801311329521,0.18738597995545658,0.5,0.48134968613075135,0.3204475772039055,0.6168204731764668,0.47125047726914804,0.7494349882787563,0.28999920787000016
2021-07-09 22:30:00,0.3477516736401674,0.16842567063884117,0.6979988979895753,0.6788906266738082,0.6062665977411629,0.1871028285077951,0.5,0.48134968613075135,0.3204475772039055,0.6168204731764668,0.47125047726914804,0.7494349882787563,0.29062287067911946
2021-07-09 22:40:00,0.34816125523012553,0.16802619423826615,0.6977171407297094,0.6786252454918766,0.6063530643493737,0.186819710467706,0.5,0.48134968613075135,0.3204475772039055,0.6168204731764668,0.47125047726914804,0.7494349882787563,0.29124653348823876
2021-07-09 22:50:00,0.3485707810320781,0.16762671783769134,0.6974352941176467,0.6783599357257633,0.6064394916962218,0.186536570155902,0.5,0.48134968613075135,0.3204475772039055,0.6168204731764668,0.47125047726914804,0.7494349882787563,0.2918701812091676
2021-07-09 23:00:00,0.34898033472803347,0.16722724143711631,0.6971533581533877,0.6780946259596499,0.6065259583044326,0.18625345211581293,0.5,0.44809438790910483,0.32829224699503123,0.6821401455851502,0.4191162802118783,0.7121268194792237,0.2924938364741917
2021-07-09 23:10:00,0.3493898884239889,0.1668277650365413,0.6968716008935216,0.6778292447777183,0.6066124249126436,0.1859703118040089,0.5,0.44809438790910483,0.32829224699503123,0.6821401455851502,0.4191162802118783,0.7121268194792237,0.2931174766510253
2021-07-09 23:20:00,0.3497994421199442,0.16642828863596626,0.6965897244973938,0.6775640064274235,0.6066988522594914,0.18568719376391984,0.5,0.44809438790910483,0.32829224699503123,0.6821401455851502,0.4191162802118783,0.7121268194792237,0.2937411394601446
2021-07-09 23:30:00,0.3502089609483961,0.16602881223539145,0.6963078183172,0.6772986966613104,0.6067853188677023,0.18540405345211583,0.5,0.44809438790910483,0.32829224699503123,0.6821401455851502,0.4191162802118783,0.7121268194792237,0.29436480226926387
2021-07-09 23:40:00,0.3506185285913529,0.16562933583481643,0.6960260610573341,0.6770333868951972,0.6068717854759131,0.18512090200445436,0.5,0.44809438790910483,0.32829224699503123,0.6821401455851502,0.4191162802118783,0.7121268194792237,0.29498844244609745
2021-07-09 23:50:00,0.35102806136680614,0.1652298594342414,0.6957441548771406,0.6767680057132655,0.6069582259098821,0.18483778396436526,0.5,0.44809438790910483,0.32829224699503123,0.6821401455851502,0.4191162802118783,0.7121268194792237,0.29561210525521675
2021-07-10 00:00:00,0.3514375871687587,0.1648303830336666,0.6954622784810125,0.676502660239243,0.607044692518093,0.18455465478841873,0.5,0.4362953989746592,0.3210567603525232,0.7271993595379502,0.4183540132908674,0.6879053332444962,0.29623574543205033
2021-07-10 00:10:00,0.3518471408647141,0.16443090663309157,0.6951805212211466,0.6762373147652203,0.6071311722134247,0.18427152561247215,0.5,0.4362953989746592,0.3210567603525232,0.7271993595379502,0.4183540132908674,0.6879053332444962,0.29685940824116963
2021-07-10 00:20:00,0.35225669456066944,0.16403143023251654,0.6948985852568874,0.6759719692911981,0.6072175864731518,0.18398839643652562,0.5,0.4362953989746592,0.3210567603525232,0.7271993595379502,0.4183540132908674,0.6879053332444962,0.2974830635061937
2021-07-10 00:30:00,0.35266624825662485,0.1636319538319415,0.6946168279970215,0.6757066238171754,0.6073040530813626,0.18370526726057906,0.5,0.4362953989746592,0.3210567603525232,0.7271993595379502,0.4183540132908674,0.6879053332444962,0.29810671122712257
2021-07-10 00:40:00,0.3530757670850767,0.1632324774313667,0.6943349813849589,0.6754412783431529,0.6073905196895735,0.18342213808463254,0.5,0.4362953989746592,0.3210567603525232,0.7271993595379502,0.4183540132908674,0.6879053332444962,0.29873037403624186
2021-07-10 00:50:00,0.35348533472803345,0.16283300103079168,0.6940531049888308,0.6751760399928586,0.6074769339493006,0.18313897550111358,0.5,0.4362953989746592,0.3210567603525232,0.7271993595379502,0.4183540132908674,0.6879053332444962,0.2993540217571707
2021-07-10 01:00:00,0.3538948744769875,0.16243352463021665,0.6937713179448994,0.6749106945188359,0.6075634136446323,0.18285585746102453,0.5,0.40271424106879294,0.32214294540052474,0.7931881032627119,0.4130975683665873,0.6786306126552529,0.29997768456629
2021-07-10 01:10:00,0.35430439330543934,0.16203404822964163,0.6934894415487713,0.6746453490448134,0.6076498802528433,0.18257272828507795,0.5,0.40271424106879294,0.32214294540052474,0.7931881032627119,0.4130975683665873,0.6786306126552529,0.30060133983131404
2021-07-10 01:20:00,0.35471397489539747,0.16163457182906682,0.693207565152643,0.6743800035707908,0.607736320686812,0.18228959910913142,0.5,0.40271424106879294,0.32214294540052474,0.7931881032627119,0.4130975683665873,0.6786306126552529,0.30122498755224286
2021-07-10 01:30:00,0.35512350069735005,0.1612350954284918,0.6929257781087117,0.674114622388859,0.607822774207902,0.18200646993318484,0.5,0.40271424106879294,0.32214294540052474,0.7931881032627119,0.4130975683665873,0.6786306126552529,0.30184865036136216
2021-07-10 01:40:00,0.35553305439330546,0.160835619027917,0.692643931496649,0.6738493126227458,0.6079092408161129,0.1817233407572383,0.5,0.40271424106879294,0.32214294540052474,0.7931881032627119,0.4130975683665873,0.6786306126552529,0.30247231317048145
2021-07-10 01:50:00,0.3559426080892608,0.16043614262734196,0.6923621742367831,0.6735840028566327,0.6079957074243237,0.18144020044543432,0.5,0.40271424106879294,0.32214294540052474,0.7931881032627119,0.4130975683665873,0.6786306126552529,0.30309594580321986
2021-07-10 02:00:00,0.35635216178521617,0.16003666622676693,0.692080238272524,0.6733186930905195,0.6080821347711718,0.1811570601336303,0.5,0.3896613427353468,0.3216257144252849,0.8524851193137023,0.39032664096252895,0.6876409700914555,0.30371961615643434
2021-07-10 02:10:00,0.3567616806136681,0.15963718982619213,0.6917983618763959,0.6730532762006785,0.6081685882922616,0.1808739420935412,0.5,0.3896613427353468,0.3216257144252849,0.8524851193137023,0.39032664096252895,0.6876409700914555,0.3043432563332679
2021-07-10 02:20:00,0.35717119944211995,0.1592377134256171,0.69151660461653,0.6727880735582932,0.6082550679875934,0.1805908017817372,0.5,0.3896613427353468,0.3216257144252849,0.8524851193137023,0.39032664096252895,0.6876409700914555,0.30496691914238727
2021-07-10 02:30:00,0.35758078103207813,0.15883823702504207,0.6912346984363362,0.67252276379218,0.6083414953344414,0.1803076837416481,0.5,0.3896613427353468,0.3216257144252849,0.8524851193137023,0.39032664096252895,0.6876409700914555,0.30559058195150657
2021-07-10 02:40:00,0.3579903068340307,0.15843876062446705,0.6909527922561427,0.672257382610248,0.6084279750297732,0.1800245434298441,0.5,0.3896613427353468,0.3216257144252849,0.8524851193137023,0.39032664096252895,0.6876409700914555,0.30621422212834015
2021-07-10 02:50:00,0.358399860529986,0.15803928422389224,0.6906710349962768,0.6719920371362258,0.608514428550863,0.17974142538975502,0.5,0.3896613427353468,0.3216257144252849,0.8524851193137023,0.39032664096252895,0.6876409700914555,0.30683789248155474
2021-07-10 03:00:00,0.3588094142259414,0.1576398078233172,0.6903891586001487,0.6717266916622031,0.6086008558977111,0.17945827394209354,0.5,0.3942538630382064,0.32396762134094875,0.8681556673802499,0.3709583763933515,0.7070106371426081,0.30746152511429303
2021-07-10 03:10:00,0.35921896792189684,0.15724033142274219,0.6901074013402828,0.6714613461881807,0.6086873225059218,0.17917514476614702,0.5,0.3942538630382064,0.32396762134094875,0.8681556673802499,0.3709583763933515,0.7070106371426081,0.30808518792341233
2021-07-10 03:20:00,0.3596284867503487,0.15684085502216716,0.6898254653760236,0.6711960007141582,0.6087737891141328,0.17889201559020043,0.5,0.3942538630382064,0.32396762134094875,0.8681556673802499,0.3709583763933515,0.7070106371426081,0.3087088507325317
2021-07-10 03:30:00,0.36003805439330544,0.15644137862159235,0.6895436187639612,0.6709306552401357,0.6088602164609808,0.1786088864142539,0.5,0.3942538630382064,0.32396762134094875,0.8681556673802499,0.3709583763933515,0.7070106371426081,0.3093324984534605
2021-07-10 03:40:00,0.36044759414225946,0.15604190222101733,0.6892618615040951,0.6706652383502947,0.6089466830691915,0.17832575723830738,0.5,0.3942538630382064,0.32396762134094875,0.8681556673802499,0.3709583763933515,0.7070106371426081,0.30995615371848456
2021-07-10 03:50:00,0.3608571129707113,0.15564242582044252,0.688979985107967,0.6704000714158185,0.6090331627645235,0.17804261692650336,0.5,0.3942538630382064,0.32396762134094875,0.8681556673802499,0.3709583763933515,0.7070106371426081,0.31057979389531815
2021-07-10 04:00:00,0.36126669456066945,0.1552429494198675,0.6886981384959046,0.6701347259417962,0.6091195901113715,0.1777594877505568,0.5,0.3594757961632604,0.3213211228509782,0.9595752081939172,0.3852723304859083,0.712521732128208,0.31120345670443744
2021-07-10 04:10:00,0.36167622036262204,0.15484347301929247,0.6884163216679076,0.6698693804677736,0.6092060567195823,0.17747635857461025,0.5,0.3594757961632604,0.3213211228509782,0.9595752081939172,0.3852723304859083,0.712521732128208,0.31182711951355674
2021-07-10 04:20:00,0.3620857740585774,0.15444399661871744,0.6881344452717795,0.6696039992858418,0.6092925102406722,0.17719321826280623,0.5,0.3594757961632604,0.3213211228509782,0.9595752081939172,0.3852723304859083,0.712521732128208,0.3124507747785808
2021-07-10 04:30:00,0.36249529986053,0.15404452021814263,0.6878526582278479,0.6693386895197286,0.6093789506746411,0.1769100890868597,0.5,0.3594757961632604,0.3213211228509782,0.9595752081939172,0.3852723304859083,0.712521732128208,0.3130744300436049
2021-07-10 04:40:00,0.3629048814504881,0.1536450438175676,0.6875708116157855,0.6690733797536152,0.609465417282852,0.17662695991091315,0.5,0.3594757961632604,0.3213211228509782,0.9595752081939172,0.3852723304859083,0.712521732128208,0.3136980702204385
2021-07-10 04:50:00,0.36331440027894,0.15324556741699258,0.687288905435592,0.6688080699875021,0.6095518969781838,0.17634381959910914,0.5,0.3594757961632604,0.3213211228509782,0.9595752081939172,0.3852723304859083,0.712521732128208,0.3143217330295578
2021-07-10 05:00:00,0.36372393305439327,0.15284609101641755,0.6870071183916604,0.668542653097661,0.6096383504992737,0.17606069042316258,0.5,0.3593862097649174,0.3074047361116288,0.9674648220791505,0.3898476136027813,0.6983671236816372,0.3149453958386771
2021-07-10 05:10:00,0.3641335006973501,0.15244661461584275,0.6867252419955323,0.6682773076236388,0.6097247778461216,0.17577756124721602,0.5,0.3593862097649174,0.3074047361116288,0.9674648220791505,0.3898476136027813,0.6983671236816372,0.3155690360155107
2021-07-10 05:20:00,0.3645430264993027,0.15204713821526772,0.686443365599404,0.6680119621496161,0.6098112444543324,0.1754944320712695,0.5,0.3593862097649174,0.3074047361116288,0.9674648220791505,0.3898476136027813,0.6983671236816372,0.31619269882462997
2021-07-10 05:30:00,0.364952580195258,0.1516476618146927,0.6861615785554724,0.6677467595072308,0.6098977110625434,0.17521129175946548,0.5,0.3593862097649174,0.3074047361116288,0.9674648220791505,0.3898476136027813,0.6983671236816372,0.31681633900146355
2021-07-10 05:40:00,0.3653621338912134,0.15124818541411789,0.6858796723752789,0.6674814140332084,0.6099841384093913,0.17492816815144768,0.5,0.3593862097649174,0.3074047361116288,0.9674648220791505,0.3898476136027813,0.6983671236816372,0.31744000181058285
2021-07-10 05:50:00,0.36577168758716877,0.15084870901354286,0.6855978257632165,0.6672160685591857,0.6100706050176022,0.17464504454342986,0.5,0.3593862097649174,0.3074047361116288,0.9674648220791505,0.3898476136027813,0.6983671236816372,0.31806365707560696
2021-07-10 06:00:00,0.36618121338912135,0.15044923261296805,0.6853160387192849,0.6669507230851635,0.610157071625813,0.17436190423162584,0.5,0.3138514380017763,0.3354357814641657,0.9664405444028875,0.28396871657641065,0.6571490916910567,0.3186873047965358
2021-07-10 06:10:00,0.3665907810320781,0.1500497562123928,0.6850341623231568,0.6666853776111408,0.6102434989726611,0.1740787750556793,0.5,0.3138514380017763,0.3354357814641657,0.9654162667266245,0.28396871657641065,0.6571490916910567,0.3193109676056551
2021-07-10 06:20:00,0.3670003138075314,0.149650279811818,0.6847523454951598,0.6664200321371183,0.6103299655808719,0.17379564587973276,0.5,0.3138514380017763,0.3354357814641657,0.9643920524574231,0.28396871657641065,0.6571490916910567,0.31993460778248867
2021-07-10 06:30:00,0.36740983263598326,0.14925080341124297,0.6844704988830974,0.6661546152472773,0.6104164321890827,0.17351250556792872,0.5,0.3138514380017763,0.3354357814641657,0.9633677747811601,0.28396871657641065,0.6571490916910567,0.3205582630475127
2021-07-10 06:40:00,0.3678194142259414,0.14885132701066817,0.6841886224869693,0.6658893054811641,0.6105028595359308,0.1732293763919822,0.5,0.3138514380017763,0.3354357814641657,0.9623434971048971,0.28396871657641065,0.6571490916910567,0.32118193340072726
2021-07-10 06:50:00,0.36822894002789397,0.14845185061009292,0.6839068652271032,0.6656239957150509,0.6105893130570206,0.17294624721603563,0.5,0.3138514380017763,0.3354357814641657,0.9613192067472216,0.28396871657641065,0.6571490916910567,0.32180557357756084
2021-07-10 07:00:00,0.3686384937238494,0.1480523742095181,0.6836250186150408,0.6653587573647561,0.6106757927523524,0.1726631180400891,0.5,0.3059935835326457,0.3234015407736035,0.9602950051594327,0.26196905170010015,0.6775198628242264,0.32242923638668014
2021-07-10 07:10:00,0.36904801952580196,0.14765289780894308,0.6833430826507816,0.6650933761828244,0.6107622200992003,0.1723799777282851,0.5,0.3059935835326457,0.3234015407736035,0.9592707274831695,0.26196905170010015,0.6775198628242264,0.3230528690194185
2021-07-10 07:20:00,0.3694576011157601,0.14725342140836828,0.6830613253909157,0.6648280664167112,0.6108486997945322,0.17209684855233853,0.5,0.3059935835326457,0.3234015407736035,0.9582464498069065,0.26196905170010015,0.6775198628242264,0.323676539372633
2021-07-10 07:30:00,0.369867119944212,0.14685394500779325,0.6827794489947876,0.664562756650598,0.610935153315622,0.17181371937639198,0.5,0.3059935835326457,0.3234015407736035,0.9572221721306434,0.26196905170010015,0.6775198628242264,0.3243002097258476
2021-07-10 07:40:00,0.37027665271966526,0.14645446860721845,0.6824976917349217,0.6642974468844849,0.61102158066247,0.171530579064588,0.5,0.3059935835326457,0.3234015407736035,0.9561979578614421,0.26196905170010015,0.6775198628242264,0.32492384235858596
2021-07-10 07:50:00,0.37068622036262205,0.14605499220664342,0.6822157855547282,0.6640320299946438,0.6111080472706809,0.17124744988864143,0.5,0.3059935835326457,0.3234015407736035,0.9551736801851791,0.26196905170010015,0.6775198628242264,0.3255475127118005
2021-07-10 08:00:00,0.37109574616457464,0.1456555158060684,0.6819338793745344,0.6637666845206214,0.6111945138788918,0.17096432071269488,0.5,0.2905629100970808,0.32648481208711455,0.9541494025089161,0.30004618026262125,0.6848050111959991,0.3261711755209198
2021-07-10 08:10:00,0.37150529986053,0.14525603940549336,0.6816521221146685,0.6635013390465987,0.6112809673999817,0.1706811804008909,0.5,0.2905629100970808,0.32648481208711455,0.9531251121512406,0.30004618026262125,0.6848050111959991,0.32679481569775337
2021-07-10 08:20:00,0.37191485355648535,0.14485656300491856,0.6813702457185404,0.6632359935725765,0.6113674209210717,0.17039805122494434,0.5,0.2905629100970808,0.32648481208711455,0.9521008344749776,0.30004618026262125,0.6848050111959991,0.3274184860509679
2021-07-10 08:30:00,0.37232440725244076,0.14445708660434353,0.6810883097542813,0.6629707909301912,0.6114538875292824,0.17011492204899778,0.5,0.2905629100970808,0.32648481208711455,0.9510766328871887,0.30004618026262125,0.6848050111959991,0.32804211868370625
2021-07-10 08:40:00,0.37273393305439334,0.1440576102037685,0.6808065524944154,0.6627054454561685,0.6115403541374932,0.16983179844097995,0.5,0.2905629100970808,0.32648481208711455,0.9500523552109255,0.30004618026262125,0.6848050111959991,0.3286657814928256
2021-07-10 08:50:00,0.37314351464435147,0.14365813380319348,0.6805247058823527,0.662440099982146,0.6116267814843412,0.16954866369710467,0.5,0.2905629100970808,0.32648481208711455,0.9490280775346625,0.30004618026262125,0.6848050111959991,0.3292894443019449
2021-07-10 09:00:00,0.3735530334728034,0.14325865740261867,0.6802429188384214,0.6621747545081236,0.6117132350054312,0.16926553452115814,0.5,0.2827620560578714,0.3241543991931209,0.9480037998583994,0.31945011987117905,0.6914567478038827,0.3299130920228737
2021-07-10 09:10:00,0.37396255230125525,0.14285918100204364,0.679961042442293,0.6619094090341011,0.611799714700763,0.16898240534521158,0.5,0.2827620560578714,0.3241543991931209,0.9469795855891981,0.31945011987117905,0.6914567478038827,0.3305367472878978
2021-07-10 09:20:00,0.3743721059972106,0.14245970460146862,0.679679166046165,0.6616439921442601,0.6118861420476109,0.16869926503340757,0.5,0.2827620560578714,0.3241543991931209,0.9459552952315227,0.31945011987117905,0.6914567478038827,0.33116038746473137
2021-07-10 09:30:00,0.37478165969316596,0.1420602282008938,0.6793973790022336,0.6613786823781469,0.6119726217429429,0.168416135857461,0.5,0.2827620560578714,0.3241543991931209,0.9449310175552597,0.31945011987117905,0.6914567478038827,0.33178405027385066
2021-07-10 09:40:00,0.3751912133891213,0.14166075180031878,0.6791155026061055,0.6611133726120337,0.6120590752640327,0.16813300668151449,0.5,0.2827620560578714,0.3241543991931209,0.9439067398789966,0.31945011987117905,0.6914567478038827,0.33240771308296996
2021-07-10 09:50:00,0.3756007391910739,0.14126127539974398,0.6788336559940429,0.6608480628459203,0.6121455026108806,0.16784986636971047,0.5,0.2827620560578714,0.3241543991931209,0.9428825382912077,0.31945011987117905,0.6914567478038827,0.33303135325980354
2021-07-10 10:00:00,0.376010320781032,0.14086179899916873,0.678551898734177,0.6605826816639886,0.6122319692190915,0.16756673719376391,0.5,0.3174994321636515,0.32132399635639464,0.9418582606149445,0.34132249013155586,0.7153184285584845,0.3336550160689229
2021-07-10 10:10:00,0.376419839609484,0.14046232259859392,0.6782699627699178,0.660317443313694,0.6123184358273024,0.1672836080178174,0.5,0.3174994321636515,0.32132399635639464,0.9408339829386815,0.34132249013155586,0.7153184285584845,0.3342786562457565
2021-07-10 10:20:00,0.3768293793584379,0.1400628461980189,0.6779882055100519,0.6600521335475806,0.6124048631741504,0.16700047884187083,0.5,0.3174994321636515,0.32132399635639464,0.9398097052624185,0.34132249013155586,0.7153184285584845,0.3349023190548758
2021-07-10 10:30:00,0.3772389470013947,0.1396633697974441,0.6777063291139238,0.6597868237814675,0.6124913297823612,0.16671733853006682,0.5,0.3174994321636515,0.32132399635639464,0.9387854909932171,0.34132249013155586,0.7153184285584845,0.33552597431989983
2021-07-10 10:40:00,0.3776484658298466,0.13926389339686884,0.6774244229337303,0.6595214068916264,0.612577796390572,0.1664342093541203,0.5,0.3174994321636515,0.32132399635639464,0.9377612006355417,0.34132249013155586,0.7153184285584845,0.33614962204082866
2021-07-10 10:50:00,0.3780580195258019,0.13886441699629404,0.6771426656738644,0.6592560614176042,0.61266422373742,0.16615108017817373,0.5,0.3174994321636515,0.32132399635639464,0.9367369229592787,0.34132249013155586,0.7153184285584845,0.33677328484994795
2021-07-10 11:00:00,0.37846757322175734,0.138464940595719,0.6768607594936706,0.6589907159435815,0.6127506903456309,0.16586793986636972,0.5,0.30990216538262816,0.32452220788662384,0.9357126452830156,0.3452288074947783,0.7397980030431147,0.33739692502678154
2021-07-10 11:10:00,0.3788771269177127,0.1380654641951442,0.6765788830975428,0.658725370469559,0.6128371569538417,0.1655848106904232,0.5,0.30990216538262816,0.32452220788662384,0.9346883676067524,0.3452288074947783,0.7397980030431147,0.3380205802918056
2021-07-10 11:20:00,0.3792866527196653,0.13766598779456918,0.6762971258376766,0.6584600249955364,0.6129235843006897,0.16530168151447663,0.5,0.30990216538262816,0.32452220788662384,0.9336641660189635,0.3452288074947783,0.7397980030431147,0.3386442506450202
2021-07-10 11:30:00,0.3796962343096234,0.13726651139399415,0.6760151898734177,0.6581946795215141,0.6130100378217795,0.16501854677060135,0.5,0.30990216538262816,0.32452220788662384,0.9326398883427005,0.3452288074947783,0.7397980030431147,0.33926789836594895
2021-07-10 11:40:00,0.3801057531380753,0.13686703499341935,0.675733343261355,0.6579294768791288,0.6130965175171114,0.16473542316258352,0.5,0.30990216538262816,0.32452220788662384,0.9316156106664375,0.3452288074947783,0.7397980030431147,0.33989156117506825
2021-07-10 11:50:00,0.38051527196652724,0.13646755859284432,0.6754515860014891,0.6576641314051062,0.6131829448639594,0.16445229398663697,0.5,0.30990216538262816,0.32452220788662384,0.9305913329901744,0.3452288074947783,0.7397980030431147,0.3405152013519019
2021-07-10 12:00:00,0.3809248256624826,0.1360680821922693,0.6751696798212956,0.6573987859310837,0.6132694245592912,0.16416915367483298,0.5,0.3130371556752114,0.3154218162278358,0.9295671060395607,0.33223002014795133,0.7564691294101326,0.34113885661692595
2021-07-10 12:10:00,0.38133437935843795,0.13566860579169426,0.6748879225614295,0.6571334404570612,0.6133558780803812,0.16388602449888642,0.5,0.3130371556752114,0.3154218162278358,0.9285428283632976,0.33223002014795133,0.7564691294101326,0.3417625269701405
2021-07-10 12:20:00,0.3817439330543933,0.13526912939111946,0.6746060461653014,0.6568680592751295,0.6134423577757129,0.16360289532293987,0.5,0.3130371556752114,0.3154218162278358,0.9275185506870346,0.33223002014795133,0.7564691294101326,0.34238616714697406
2021-07-10 12:30:00,0.3821534588563459,0.13486965299054443,0.6743241697691733,0.6566027495090163,0.6135287851225609,0.1633197661469933,0.5,0.3130371556752114,0.3154218162278358,0.9264942603293591,0.33223002014795133,0.7564691294101326,0.34300982995609336
2021-07-10 12:40:00,0.38256304044630407,0.1344701765899694,0.6740423827252418,0.6563374397429029,0.6136152517307717,0.16303662583518932,0.5,0.3130371556752114,0.3154218162278358,0.9254700714229825,0.33223002014795133,0.7564691294101326,0.34363346258883176
2021-07-10 12:50:00,0.38297255927475593,0.13407070018939438,0.6737605361131791,0.6560720585609714,0.6137017183389826,0.16275349665924277,0.5,0.3130371556752114,0.3154218162278358,0.9244457937467195,0.33223002014795133,0.7564691294101326,0.34425713294204624
2021-07-10 13:00:00,0.3833820990237099,0.13367122378881957,0.6734786299329856,0.6558067130869487,0.6137881456858306,0.1624703674832962,0.5,0.4009636041081668,0.3082265586611754,0.9234215160704564,0.33275639423381015,0.7520132407202942,0.34488080329526083
2021-07-10 13:10:00,0.38379166666666664,0.13327174738824454,0.673196842889054,0.6555415104445634,0.6138746122940414,0.1621872271714922,0.5,0.4009636041081668,0.3082265586611754,0.9234215160704564,0.33275639423381015,0.7520132407202942,0.3455044359279991
2021-07-10 13:20:00,0.38420118549511856,0.13287227098766974,0.6729149664929261,0.6552762006784503,0.6139610789022524,0.16190409799554567,0.5,0.4009636041081668,0.3082265586611754,0.9234215160704564,0.33275639423381015,0.7520132407202942,0.3461280987371185
2021-07-10 13:30:00,0.3846107391910739,0.1324727945870947,0.67263320923306,0.6550108194965185,0.6140475062491002,0.16162096881959911,0.5,0.4009636041081668,0.3082265586611754,0.9234215160704564,0.33275639423381015,0.7520132407202942,0.34675173891395206
2021-07-10 13:40:00,0.38502029288702927,0.1320733181865199,0.6723513030528665,0.654745474022496,0.6141339597701901,0.1613378285077951,0.5,0.4009636041081668,0.3082265586611754,0.9234215160704564,0.33275639423381015,0.7520132407202942,0.3473754092671666
2021-07-10 13:50:00,0.3854298465829847,0.13167384178594466,0.672069396872673,0.6544801285484734,0.6142204394655221,0.16105469933184854,0.5,0.4009636041081668,0.3082265586611754,0.9234215160704564,0.33275639423381015,0.7520132407202942,0.34799906453219065
2021-07-10 14:00:00,0.38583937238493726,0.13127436538536985,0.6717876396128069,0.6542147473665418,0.6143068668123699,0.16077157015590202,0.5,0.41550671847957954,0.2926607798118998,0.8821669794537025,0.3710511351120645,0.7530905369981107,0.34862270470902423
2021-07-10 14:10:00,0.3862489051603905,0.13087488898479482,0.671505763216679,0.6539494018925192,0.6143933465077018,0.16048844097995546,0.5,0.41550671847957954,0.2926607798118998,0.8821669794537025,0.3710511351120645,0.7530905369981107,0.34924636751814353
2021-07-10 14:20:00,0.3866584728033473,0.13047541258422002,0.6712238272524198,0.6536840564184967,0.6144798000287917,0.16020530066815145,0.5,0.41550671847957954,0.2926607798118998,0.8821669794537025,0.3710511351120645,0.7530905369981107,0.3498700303272629
2021-07-10 14:30:00,0.38706799163179917,0.13007593618364477,0.6709420699925539,0.6534186752365649,0.6145662273756396,0.15992217706013365,0.5,0.41550671847957954,0.2926607798118998,0.8821669794537025,0.3710511351120645,0.7530905369981107,0.35049367050409647
2021-07-10 14:40:00,0.3874775453277546,0.12967645978306996,0.6706602233804912,0.6531533654704518,0.6146526939838505,0.15963905345211582,0.5,0.41550671847957954,0.2926607798118998,0.8821669794537025,0.3710511351120645,0.7530905369981107,0.35111733331321576
2021-07-10 14:50:00,0.3878870990237099,0.12927698338249494,0.6703784661206253,0.6528881628280665,0.6147391605920614,0.1593559131403118,0.5,0.41550671847957954,0.2926607798118998,0.8821669794537025,0.3710511351120645,0.7530905369981107,0.35174097349004935
2021-07-10 15:00:00,0.3882966527196653,0.12887750698192013,0.6700965599404318,0.6526228173540438,0.6148255879389094,0.15907278396436528,0.5,0.4228922598485838,0.27494561890996555,0.8577434669484983,0.41063530354772754,0.75361994186736,0.3523646438432639
2021-07-10 15:10:00,0.3887061785216179,0.1284780305813451,0.6698147431124346,0.6523574361721123,0.6149120545471202,0.15878965478841872,0.5,0.4228922598485838,0.27494561890996555,0.8577434669484983,0.41063530354772754,0.75361994186736,0.3529883066523832
2021-07-10 15:20:00,0.38911576011157606,0.12807855418077008,0.6695329262844376,0.6520921264059989,0.614998521155331,0.1585065144766147,0.5,0.4228922598485838,0.27494561890996555,0.8577434669484983,0.41063530354772754,0.75361994186736,0.3536119468292168
2021-07-10 15:30:00,0.3895252789400279,0.12767907778019527,0.6692510201042441,0.6518268166398857,0.615084948502179,0.15822338530066815,0.5,0.4228922598485838,0.27494561890996555,0.8577434669484983,0.41063530354772754,0.75361994186736,0.3542356096383361
2021-07-10 15:40:00,0.3899348186889819,0.12727960137962024,0.6689691734921817,0.651561435457954,0.6151714151103899,0.15794025612472162,0.5,0.4228922598485838,0.27494561890996555,0.8577434669484983,0.41063530354772754,0.75361994186736,0.3548592498151697
2021-07-10 15:50:00,0.39034438633193863,0.12688012497904522,0.6686874162323155,0.6512960899839313,0.6152578817186006,0.15765712694877507,0.5,0.4228922598485838,0.27494561890996555,0.8577434669484983,0.41063530354772754,0.75361994186736,0.355482912624289
2021-07-10 16:00:00,0.39075390516039055,0.1264806485784702,0.6684054802680564,0.651030744509909,0.6153443483268116,0.15737398663697105,0.5,0.4907221710993477,0.25978213081920754,0.7569079774580287,0.42179051588053795,0.7519180104094653,0.35610656788931305
2021-07-10 16:10:00,0.39116345885634585,0.12608117217789538,0.6681237230081905,0.6507653990358864,0.6154307625865386,0.1570908574610245,0.5,0.4907221710993477,0.25978213081920754,0.7569079774580287,0.42179051588053795,0.7519180104094653,0.3567302156102419
2021-07-10 16:20:00,0.39157299163179915,0.12568169577732036,0.6678418466120624,0.6505001963935011,0.6155172422818704,0.15680772828507797,0.5,0.4907221710993477,0.25978213081920754,0.7569079774580287,0.42179051588053795,0.7519180104094653,0.35735387841936117
2021-07-10 16:30:00,0.39198256624825667,0.12528221937674533,0.6675599702159343,0.6502348509194786,0.6156037219772023,0.15652458797327395,0.5,0.4907221710993477,0.25978213081920754,0.7569079774580287,0.42179051588053795,0.7519180104094653,0.3579775185961948
2021-07-10 16:40:00,0.3923920920502092,0.1248827429761703,0.6672781831720027,0.6499695054454562,0.6156901493240502,0.1562414587973274,0.5,0.4907221710993477,0.25978213081920754,0.7569079774580287,0.42179051588053795,0.7519180104094653,0.3586011738612188
2021-07-10 16:50:00,0.39280162482566244,0.1244832665755955,0.6669962769918092,0.6497041599714337,0.6157766159322611,0.15595832962138084,0.5,0.4907221710993477,0.25978213081920754,0.7569079774580287,0.42179051588053795,0.7519180104094653,0.35922484421443335
2021-07-10 17:00:00,0.3932111924686193,0.12408379017502047,0.6667144303797465,0.649438814497411,0.6158630825404718,0.15567518930957686,0.5,0.5011530830095026,0.25000933889260984,0.7342693737424003,0.4319098953986201,0.7394013945419537,0.359848484391267
2021-07-10 17:10:00,0.39362071129707116,0.12368431377444566,0.6664326433358152,0.6491734690233886,0.6159495098873199,0.1553920601336303,0.5,0.5011530830095026,0.25000933889260984,0.7342693737424003,0.4319098953986201,0.7394013945419537,0.3604721472003863
2021-07-10 17:20:00,0.3940302649930265,0.12328483737387064,0.666150707371556,0.6489080521335475,0.6160359764955308,0.15510893095768374,0.5,0.5011530830095026,0.25000933889260984,0.7342693737424003,0.4319098953986201,0.7394013945419537,0.36109577983312463
2021-07-10 17:30:00,0.39443981868898187,0.12288536097329561,0.665868890543559,0.6486427423674344,0.6161224431037415,0.1548258017817372,0.5,0.5011530830095026,0.25000933889260984,0.7342693737424003,0.4319098953986201,0.7394013945419537,0.36171945018633916
2021-07-10 17:40:00,0.3948493723849372,0.12248588457272058,0.6655871034996275,0.6483774326013212,0.6162088704505896,0.15454267260579063,0.5,0.5011530830095026,0.25000933889260984,0.7342693737424003,0.4319098953986201,0.7394013945419537,0.3623431205395537
2021-07-10 17:50:00,0.3952588981868898,0.12208640817214578,0.6653052271034994,0.6481121942510266,0.6162953370588004,0.1542595434298441,0.5,0.5011530830095026,0.25000933889260984,0.7342693737424003,0.4319098953986201,0.7394013945419537,0.3629667531722921
2021-07-10 18:00:00,0.395668479776848,0.12168693177157075,0.665023440059568,0.6478468130690949,0.6163818036670113,0.15397641425389758,0.5,0.5226013875552284,0.25142310355826264,0.7085742960199262,0.46676773589152915,0.7143013401735665,0.36359041598141134
2021-07-10 18:10:00,0.39607799860529985,0.12128745537099572,0.6647416232315708,0.6475815033029815,0.6164682310138592,0.15369327394209353,0.5,0.5226013875552284,0.25142310355826264,0.7085742960199262,0.46676773589152915,0.7143013401735665,0.364214056158245
2021-07-10 18:20:00,0.3964875383542538,0.1208879789704207,0.6644596872673119,0.6473161935368683,0.6165546845349491,0.15341014476614698,0.5,0.5226013875552284,0.25142310355826264,0.7085742960199262,0.46676773589152915,0.7143013401735665,0.3648377265114595
2021-07-10 18:30:00,0.39689710599721056,0.12048850256984589,0.6641779002233803,0.6470508837707551,0.616641164230281,0.15312701559020045,0.5,0.5226013875552284,0.25142310355826264,0.7085742960199262,0.46676773589152915,0.7143013401735665,0.365461396864674
2021-07-10 18:40:00,0.39730662482566254,0.12008902616927086,0.6638960536113179,0.6467854668809141,0.6167275915771289,0.15284387527839643,0.5,0.5226013875552284,0.25142310355826264,0.7085742960199262,0.46676773589152915,0.7143013401735665,0.3660850294974124
2021-07-10 18:50:00,0.39771617852161784,0.11968954976869584,0.6636141474311241,0.6465201214068916,0.6168140712724608,0.15256074610244988,0.5,0.5226013875552284,0.25142310355826264,0.7085742960199262,0.46676773589152915,0.7143013401735665,0.3667086923065317
2021-07-10 19:00:00,0.39812571129707114,0.11929007336812103,0.6633323603871928,0.6462547759328692,0.6169005247935506,0.15227761692650335,0.5,0.5093774879320183,0.28418968583965326,0.6977141881036432,0.4044437675633604,0.7467972065074883,0.3673323324833653
2021-07-10 19:10:00,0.3985352859135286,0.118890596967546,0.6630504839910647,0.6459894304588467,0.6169869521403987,0.15199447661469934,0.5,0.5093774879320183,0.28418968583965326,0.6977141881036432,0.4044437675633604,0.7467972065074883,0.3679560028365798
2021-07-10 19:20:00,0.3989448117154812,0.1184911205669712,0.6627687267311988,0.645724084984824,0.6170734187486095,0.15171134743875278,0.5,0.5093774879320183,0.28418968583965326,0.6977141881036432,0.4044437675633604,0.7467972065074883,0.36857965810160387
2021-07-10 19:30:00,0.39935434449093443,0.11809164416639617,0.662486820551005,0.6454588823424388,0.6171598853568203,0.15142821826280625,0.5,0.5093774879320183,0.28418968583965326,0.6977141881036432,0.4044437675633604,0.7467972065074883,0.36920329827843745
2021-07-10 19:40:00,0.39976391213389123,0.11769216776582114,0.6622049143708113,0.6451935368684163,0.6172463388779102,0.1511450890868597,0.5,0.5093774879320183,0.28418968583965326,0.6977141881036432,0.4044437675633604,0.7467972065074883,0.3698269610875568
2021-07-10 19:50:00,0.4001734449093445,0.11729269136524612,0.6619231571109456,0.6449281913943938,0.6173327793118791,0.15086194877505568,0.5,0.5093774879320183,0.28418968583965326,0.6977141881036432,0.4044437675633604,0.7467972065074883,0.3704506088084856
2021-07-10 20:00:00,0.4005829846582985,0.11689321496467131,0.6616412807148173,0.6446628459203714,0.61741924592009,0.15057881959910915,0.5,0.49950013724796327,0.2682446042752004,0.7304697689712979,0.2505345054362881,0.7581459601439878,0.3710742640735097
2021-07-10 20:10:00,0.4009925383542538,0.11649373856409628,0.6613594043186892,0.6443974290305303,0.6175057256154218,0.1502956904231626,0.5,0.49950013724796327,0.2682446042752004,0.7304697689712979,0.2505345054362881,0.7581459601439878,0.371697926882629
2021-07-10 20:20:00,0.4014020920502092,0.11609426216352126,0.6610775874906922,0.6441321192644172,0.6175921398751488,0.1500125556792873,0.5,0.49950013724796327,0.2682446042752004,0.7304697689712979,0.2505345054362881,0.7581459601439878,0.37232156705946257
2021-07-10 20:30:00,0.4018116178521618,0.11569478576294623,0.6607957408786298,0.643866809498304,0.6176786064833598,0.14972943207126949,0.5,0.49950013724796327,0.2682446042752004,0.7304697689712979,0.2505345054362881,0.7581459601439878,0.37294522986858186
2021-07-10 20:40:00,0.40222119944212,0.11529530936237142,0.6605139836187637,0.6436014997321908,0.6177650730915706,0.14944630289532293,0.5,0.49950013724796327,0.2682446042752004,0.7304697689712979,0.2505345054362881,0.7581459601439878,0.3735688851336059
2021-07-10 20:50:00,0.40263072524407256,0.1148958329617964,0.6602321072226356,0.6433361185502589,0.6178514873512976,0.14916316258351894,0.5,0.49950013724796327,0.2682446042752004,0.7304697689712979,0.2505345054362881,0.7581459601439878,0.37419253285453474
2021-07-10 21:00:00,0.4030402580195258,0.11449635656122137,0.6599502606105732,0.6430708801999643,0.6179379932208713,0.1488800334075724,0.5,0.48554330348343,0.27091409080851964,0.836171877268784,0.09065107553869055,0.6855582452113167,0.3748161956636541
2021-07-10 21:10:00,0.4034497907949791,0.11409688016064656,0.6596684437825762,0.6428055704338511,0.6180244467419612,0.14859690423162583,0.5,0.48554330348343,0.27091409080851964,0.836171877268784,0.09065107553869055,0.6855582452113167,0.3754398358404877
2021-07-10 21:20:00,0.40385934449093447,0.11369740376007154,0.6593865673864481,0.642540260667738,0.6181108740888093,0.14831377505567928,0.5,0.48554330348343,0.27091409080851964,0.836171877268784,0.09065107553869055,0.6855582452113167,0.3760634911055117
2021-07-10 21:30:00,0.4042688981868898,0.11329792735949651,0.65910469099032,0.6422748437778967,0.61819734069702,0.1480306347438753,0.5,0.48554330348343,0.27091409080851964,0.836171877268784,0.09065107553869055,0.6855582452113167,0.37668716145872627
2021-07-10 21:40:00,0.40467843096234307,0.11289845095892148,0.6588229337304541,0.6420094983038744,0.6182838073052309,0.14774750556792873,0.5,0.48554330348343,0.27091409080851964,0.836171877268784,0.09065107553869055,0.6855582452113167,0.37731080163555986
2021-07-10 21:50:00,0.4050880055788006,0.11249897455834668,0.6585410275502603,0.6417441528298518,0.6183702346520789,0.14746437639198218,0.5,0.48554330348343,0.27091409080851964,0.836171877268784,0.09065107553869055,0.6855582452113167,0.37793446444467915
2021-07-10 22:00:00,0.4054975313807532,0.11209949815777165,0.658259240506329,0.6414788073558293,0.6184567012602897,0.1471812360801782,0.5,0.42719170655418237,0.2741697724471079,0.9582101809675589,0.17089591983249225,0.5884376166164954,0.3785580970774175
2021-07-10 22:10:00,0.40590706415620637,0.11170002175719662,0.6579773641102009,0.6412134618818068,0.6185431678685007,0.14689810690423163,0.5,0.42719170655418237,0.2741697724471079,0.9582101809675589,0.17089591983249225,0.5884376166164954,0.3791817674306321
2021-07-10 22:20:00,0.4063166317991632,0.1113005453566216,0.6576954877140728,0.6409481164077844,0.6186295952153485,0.14661497772828508,0.5,0.42719170655418237,0.2741697724471079,0.9582101809675589,0.17089591983249225,0.5884376166164954,0.37980543778384657
2021-07-10 22:30:00,0.4067261715481172,0.11090106895604679,0.6574137006701413,0.6406829137653991,0.6187160618235593,0.14633183741648106,0.5,0.42719170655418237,0.2741697724471079,0.9582101809675589,0.17089591983249225,0.5884376166164954,0.38042907796068015
2021-07-10 22:40:00,0.40713570432357044,0.11050159255547176,0.6571317944899477,0.6404175682913764,0.6188025284317703,0.1460487082405345,0.5,0.42719170655418237,0.2741697724471079,0.9582101809675589,0.17089591983249225,0.5884376166164954,0.38105274076979945
2021-07-10 22:50:00,0.4075452580195258,0.11010211615489696,0.6568499478778853,0.640152222817354,0.6188889557786182,0.14576557906458798,0.5,0.42719170655418237,0.2741697724471079,0.9582101809675589,0.17089591983249225,0.5884376166164954,0.38167637340253785
2021-07-10 23:00:00,0.40795481171548115,0.10970263975432193,0.6565681608339538,0.6398868059275129,0.6189754092997081,0.14548244988864142,0.5,0.37611978828792925,0.2719715408023396,0.9582101809675589,0.13681708984217864,0.5493096447683441,0.3823000437557524
2021-07-10 23:10:00,0.40836433751743373,0.10930316335374712,0.6562862844378257,0.6396214961613997,0.61906188899504,0.1451993095768374,0.5,0.37611978828792925,0.2719715408023396,0.9582101809675589,0.13681708984217864,0.5493096447683441,0.3829237141089669
2021-07-10 23:20:00,0.40877391910739197,0.1089036869531721,0.6560044080416974,0.6393561863952866,0.6191483556032508,0.1449161859688196,0.5,0.37611978828792925,0.2719715408023396,0.9582101809675589,0.13681708984217864,0.5493096447683441,0.38354734674170526
2021-07-10 23:30:00,0.40918344490934455,0.10850421055259707,0.655722620997766,0.6390908766291734,0.6192347960372198,0.14463306236080178,0.5,0.37611978828792925,0.2719715408023396,0.9582101809675589,0.13681708984217864,0.5493096447683441,0.38417100955082456
2021-07-10 23:40:00,0.40959297768479774,0.10810473415202204,0.6554407446016379,0.6388254954472417,0.6193212495583097,0.1443499220489978,0.5,0.37611978828792925,0.2719715408023396,0.9582101809675589,0.13681708984217864,0.5493096447683441,0.38479464972765814
2021-07-10 23:50:00,0.41000251046025105,0.10770525775144724,0.6551589873417718,0.638560149973219,0.6194077161665205,0.14406679287305124,0.5,0.37611978828792925,0.2719715408023396,0.9582101809675589,0.13681708984217864,0.5493096447683441,0.38541832008087273
2021-07-11 00:00:00,0.41041206415620646,0.10730578135087221,0.6548771407297094,0.6382948044991965,0.6194941435133685,0.14378366369710469,0.5,0.37054191766256217,0.26618142738508244,0.9582101809675589,0.05841008868835222,0.5994826598838463,0.3860419753458968
2021-07-11 00:10:00,0.41082161785216176,0.10690630495029718,0.6545952047654502,0.6380296375647205,0.6195806101215793,0.14350052338530067,0.5,0.37054191766256217,0.26618142738508244,0.9582101809675589,0.05841008868835222,0.5994826598838463,0.3866656607873018
2021-07-11 00:20:00,0.41123115062761506,0.10650682854972215,0.6543134475055843,0.6377642206748795,0.6196670636426692,0.14321739420935414,0.5,0.37054191766256217,0.26618142738508244,0.9582101809675589,0.05841008868835222,0.5994826598838463,0.3872892783318497
2021-07-11 00:30:00,0.4116407252440725,0.10610735214914735,0.6540315711094562,0.637498875200857,0.6197535040766381,0.1429342650334076,0.5,0.37054191766256217,0.26618142738508244,0.9582101809675589,0.05841008868835222,0.5994826598838463,0.38791292605277855
2021-07-11 00:40:00,0.4120502510460251,0.10570787574857232,0.6537496649292627,0.6372335297268346,0.6198399706848491,0.14265112472160357,0.5,0.37054191766256217,0.26618142738508244,0.9582101809675589,0.05841008868835222,0.5994826598838463,0.38853659640599303
2021-07-11 00:50:00,0.41245978382147835,0.1053083993479973,0.6534679076693966,0.6369681842528121,0.6199264503801809,0.14236799554565702,0.5,0.37054191766256217,0.26618142738508244,0.9582101809675589,0.05841008868835222,0.5994826598838463,0.38916026675920756
2021-07-11 01:00:00,0.41286935146443515,0.10490892294742249,0.653186001489203,0.6367028387787894,0.6200128646399078,0.14208486636971046,0.5,0.3440451227276957,0.2578482616728984,0.9582101809675589,0.08152193331427551,0.9119168649770536,0.38978388430375543
2021-07-11 01:10:00,0.4132788912133891,0.10450944654684746,0.6529042442293371,0.636437493304767,0.6200993312481188,0.14180173719376393,0.5,0.3440451227276957,0.2578482616728984,0.9582101809675589,0.08152193331427551,0.9119168649770536,0.3904075320246843
2021-07-11 01:20:00,0.4136884239888424,0.10410997014627243,0.652622367833209,0.6361721121228352,0.6201858109434505,0.14151859688195992,0.5,0.3440451227276957,0.2578482616728984,0.9582101809675589,0.08152193331427551,0.9119168649770536,0.39103120237789885
2021-07-11 01:30:00,0.4140979776847977,0.10371049374569741,0.6523404318689501,0.635906802356722,0.6202722382902985,0.14123546770601336,0.5,0.3440451227276957,0.2578482616728984,0.9582101809675589,0.08152193331427551,0.9119168649770536,0.3916548727311133
2021-07-11 01:40:00,0.41450753138075314,0.1033110173451226,0.652058674609084,0.6356415997143368,0.6203587179856302,0.1409523385300668,0.5,0.3440451227276957,0.2578482616728984,0.9582101809675589,0.08152193331427551,0.9119168649770536,0.39227849027566125
2021-07-11 01:50:00,0.4149170571827057,0.10291154094454757,0.6517768279970215,0.6353761828244957,0.6204451715067202,0.14066919821826282,0.5,0.3440451227276957,0.2578482616728984,0.9582101809675589,0.08152193331427551,0.9119168649770536,0.3929021832611615
2021-07-11 02:00:00,0.4153265969316597,0.10251206454397255,0.6514949516008934,0.6351108730583825,0.6205315988535682,0.14038606904231626,0.5,0.352725397677224,0.25103230682141525,0.9582101809675589,0.1789122349852419,0.9634901363150626,0.3935258083498046
2021-07-11 02:10:00,0.4157361645746165,0.10211258814339752,0.6512131645569619,0.6348455632922694,0.620618065461779,0.1401029398663697,0.5,0.352725397677224,0.25103230682141525,0.9582101809675589,0.1789122349852419,0.9634901363150626,0.3941494787030192
2021-07-11 02:20:00,0.41614569735006973,0.10171311174282271,0.6509312881608338,0.6345802535261562,0.62070453206999,0.13981981069042315,0.5,0.352725397677224,0.25103230682141525,0.9582101809675589,0.1789122349852419,0.9634901363150626,0.3947731490562337
2021-07-11 02:30:00,0.41655523012552303,0.10131363534224769,0.6506495011169022,0.6343148723442242,0.6207909855910799,0.13953668151447662,0.5,0.352725397677224,0.25103230682141525,0.9582101809675589,0.1789122349852419,0.9634901363150626,0.39539678923306726
2021-07-11 02:40:00,0.4169647838214784,0.10091415894167288,0.6503676247207744,0.6340495268702018,0.6208774260250487,0.13925355233853007,0.5,0.352725397677224,0.25103230682141525,0.9582101809675589,0.1789122349852419,0.9634901363150626,0.3960204143217104
2021-07-11 02:50:00,0.41737433751743375,0.10051468254109786,0.6500857781087117,0.6337841813961793,0.6209638926332597,0.13897042316258354,0.5,0.352725397677224,0.25103230682141525,0.9582101809675589,0.1789122349852419,0.9634901363150626,0.39664408467492496
2021-07-11 03:00:00,0.41778387029288705,0.10011520614052283,0.6498040208488458,0.6335188359221566,0.6210503723285914,0.1386872828507795,0.5,0.35388168258331687,0.24550080889177586,0.9582101809675589,0.23241866438595263,0.992529563869771,0.3972677550281395
2021-07-11 03:10:00,0.4181934449093445,0.09971572973994802,0.6495220848845864,0.6332535975718621,0.6211367865883185,0.13840415367483297,0.5,0.35388168258331687,0.24550080889177586,0.9582101809675589,0.23241866438595263,0.992529563869771,0.39789139520497313
2021-07-11 03:20:00,0.4186029707112971,0.099316253339373,0.6492402084884583,0.6329882520978398,0.6212232531965293,0.1381210244988864,0.5,0.35388168258331687,0.24550080889177586,0.9582101809675589,0.23241866438595263,0.992529563869771,0.39851502029361624
2021-07-11 03:30:00,0.41901250348675034,0.09891677693879797,0.6489584512285924,0.6327229066238171,0.6213097198047401,0.1378378841870824,0.5,0.35388168258331687,0.24550080889177586,0.9582101809675589,0.23241866438595263,0.992529563869771,0.39913872082321167
2021-07-11 03:40:00,0.41942207112970714,0.09851730053822294,0.6486765450483989,0.6324575611497947,0.6213961340644673,0.13755475501113587,0.5,0.35388168258331687,0.24550080889177586,0.9582101809675589,0.23241866438595263,0.992529563869771,0.39976236100004525
2021-07-11 03:50:00,0.4198316108786611,0.09811782413764814,0.6483947877885328,0.6321922156757722,0.621482613759799,0.13727162583518931,0.5,0.35388168258331687,0.24550080889177586,0.9582101809675589,0.23241866438595263,0.992529563869771,0.4003860011768789
2021-07-11 04:00:00,0.4202411436541144,0.09771834773707311,0.6481128816083392,0.6319268702017498,0.6215690803680097,0.1369884855233853,0.5,0.3236961360112307,0.23415908300695135,0.9582101809675589,0.22265336822249,0.023661550746733744,0.4010097017064743
2021-07-11 04:10:00,0.4206506764295676,0.09731887133649808,0.6478310052122112,0.6316614890198178,0.6216555208019787,0.13670535634743877,0.5,0.3236961360112307,0.23415908300695135,0.9582101809675589,0.22265336822249,0.023661550746733744,0.4016333267951175
2021-07-11 04:20:00,0.4210602510460251,0.09691939493592305,0.6475492479523453,0.6313961792537046,0.6217419743230687,0.13642222717149222,0.5,0.3236961360112307,0.23415908300695135,0.9582101809675589,0.22265336822249,0.023661550746733744,0.4022569669719511
2021-07-11 04:30:00,0.4214697768479777,0.09651991853534825,0.6472673119880861,0.6311308694875915,0.6218284409312796,0.13613909799554566,0.5,0.3236961360112307,0.23415908300695135,0.9582101809675589,0.22265336822249,0.023661550746733744,0.40288060714878465
2021-07-11 04:40:00,0.4218793165969316,0.09612044213477322,0.6469854653760236,0.6308656311372969,0.6219148682781275,0.13585595768374167,0.5,0.3236961360112307,0.23415908300695135,0.9582101809675589,0.22265336822249,0.023661550746733744,0.40350430767838014
2021-07-11 04:50:00,0.4222888842398885,0.09572096573419842,0.6467037081161577,0.6306002499553651,0.6220013348863382,0.13557282850779512,0.5,0.3236961360112307,0.23415908300695135,0.9582101809675589,0.22265336822249,0.023661550746733744,0.40412793276702325
2021-07-11 05:00:00,0.42269841701534167,0.09532148933362339,0.6464218317200296,0.630334940189252,0.6220877884074283,0.13528969933184856,0.5,0.323451857983879,0.22702991606490774,0.9582101809675589,0.22707708214645606,0.04700641672978696,0.4047515729438569
2021-07-11 05:10:00,0.42310794979079497,0.09492201293304836,0.646139985107967,0.6300696304231386,0.6221742288413972,0.13500656458797328,0.5,0.323451857983879,0.22702991606490774,0.9582101809675589,0.22707708214645606,0.04700641672978696,0.40537524329707136
2021-07-11 05:20:00,0.4235175034867504,0.09452253653247333,0.64585816827997,0.629804249241207,0.622260695449608,0.13472344097995545,0.5,0.323451857983879,0.22702991606490774,0.9582101809675589,0.22707708214645606,0.04700641672978696,0.40599891365028595
2021-07-11 05:30:00,0.4239270571827057,0.09412306013189853,0.6455762918838419,0.6295389037671844,0.6223471751449399,0.13444031180400892,0.5,0.323451857983879,0.22702991606490774,0.9582101809675589,0.22707708214645606,0.04700641672978696,0.4066225462830243
2021-07-11 05:40:00,0.424336589958159,0.0937235837313235,0.6452945048399106,0.6292735582931619,0.6224336024917879,0.1341571714922049,0.5,0.323451857983879,0.22702991606490774,0.9582101809675589,0.22707708214645606,0.04700641672978696,0.40724623172442936
2021-07-11 05:50:00,0.42474616457461645,0.09332410733074847,0.6450126582278479,0.6290082128191394,0.6225200560128777,0.13387404231625835,0.5,0.323451857983879,0.22702991606490774,0.9582101809675589,0.22707708214645606,0.04700641672978696,0.4078698492689772
2021-07-11 06:00:00,0.42515569037656903,0.09292463093017345,0.6447307520476544,0.628742867345117,0.6226065357082095,0.1335909131403118,0.5,0.3751996432553548,0.22709600668952043,0.9582101809675589,0.2787557941152772,0.009995124595883573,0.40849351962219177
2021-07-11 06:10:00,0.4255652231520223,0.09252515452959864,0.6444489650037228,0.6284775218710943,0.6226930023164204,0.1333077728285078,0.5,0.3751996432553548,0.22709600668952043,0.9582101809675589,0.2787557941152772,0.009995124595883573,0.40911718997540625
2021-07-11 06:20:00,0.42597479079497913,0.09212567812902361,0.6441670886075948,0.6282122835207997,0.6227794427503893,0.13302464365256125,0.5,0.3751996432553548,0.22709600668952043,0.9582101809675589,0.2787557941152772,0.009995124595883573,0.4097408376963351
2021-07-11 06:30:00,0.42638433054393304,0.09172620172844859,0.6438852122114667,0.6279469380467775,0.6228658962714793,0.1327415144766147,0.5,0.3751996432553548,0.22709600668952043,0.9582101809675589,0.2787557941152772,0.009995124595883573,0.410364455240883
2021-07-11 06:40:00,0.42679386331938635,0.09132672532787378,0.6436034251675353,0.6276815925727548,0.6229523628796901,0.13245838530066814,0.5,0.3751996432553548,0.22709600668952043,0.9582101809675589,0.2787557941152772,0.009995124595883573,0.41098812559409753
2021-07-11 06:50:00,0.4272033960948396,0.09092724892729875,0.6433215189873416,0.6274162470987323,0.623038790226538,0.13217524498886415,0.5,0.3751996432553548,0.22709600668952043,0.9582101809675589,0.2787557941152772,0.009995124595883573,0.411611795947312
2021-07-11 07:00:00,0.42761297071129706,0.09052777252672395,0.6430397617274757,0.6271508659168006,0.623125256834749,0.1318921158129176,0.5,0.3778216296786461,0.23291485516095925,0.9582101809675589,0.22237887112526136,0.04285746839200731,0.4122354663005266
2021-07-11 07:10:00,0.42802250348675036,0.0901282961261487,0.6427578853313474,0.6268855561506874,0.6232117103558389,0.13160898663697104,0.5,0.3778216296786461,0.23291485516095925,0.9582101809675589,0.22237887112526136,0.04285746839200731,0.41285906121278876
2021-07-11 07:20:00,0.4284320362622036,0.0897288197255739,0.6424759493670884,0.6266202463845743,0.6232981507898078,0.13132584632516703,0.5,0.3778216296786461,0.23291485516095925,0.9582101809675589,0.22237887112526136,0.04285746839200731,0.4134827692864795
2021-07-11 07:30:00,0.4288416039051604,0.08932934332499887,0.6421941921072223,0.6263549366184611,0.6233846173980186,0.1310427171492205,0.5,0.3778216296786461,0.23291485516095925,0.9582101809675589,0.22237887112526136,0.04285746839200731,0.4141064019192178
2021-07-11 07:40:00,0.42925113668061365,0.08892986692442406,0.6419123454951599,0.62608951972862,0.6234710970933504,0.13075958797327394,0.5,0.3778216296786461,0.23291485516095925,0.9582101809675589,0.22237887112526136,0.04285746839200731,0.4147300722724324
2021-07-11 07:50:00,0.42966066945606696,0.08853039052384881,0.6416304690990318,0.6258243170862348,0.6235575113530775,0.13047644766146993,0.5,0.3778216296786461,0.23291485516095925,0.9582101809675589,0.22237887112526136,0.04285746839200731,0.4153537426256469
2021-07-11 08:00:00,0.4300702370990237,0.088130914123274,0.6413486820551002,0.6255590073201214,0.6236439779612883,0.13019331848552337,0.5,0.39252760718598956,0.250808173398812,0.9582101809675589,0.1287977279361925,0.10851142674991558,0.41597737525838524
2021-07-11 08:10:00,0.43047977684797767,0.08773143772269898,0.6410668652271032,0.6252936261381896,0.6237304445694991,0.12991019487750557,0.5,0.39252760718598956,0.250808173398812,0.9582101809675589,0.1287977279361925,0.10851142674991558,0.41660100789112364
2021-07-11 08:20:00,0.43088930962343097,0.08733196132212417,0.6407850483991062,0.6250282806641672,0.6238168588292262,0.12962707126948775,0.5,0.39252760718598956,0.250808173398812,0.9582101809675589,0.1287977279361925,0.10851142674991558,0.4172246782443382
2021-07-11 08:30:00,0.43129888423988844,0.08693248492154915,0.6405031422189127,0.6247629351901447,0.6239033385245579,0.12934393095768376,0.5,0.39252760718598956,0.250808173398812,0.9582101809675589,0.1287977279361925,0.10851142674991558,0.41784834859755265
2021-07-11 08:40:00,0.431708410041841,0.08653300852097434,0.6402212956068503,0.624497589716122,0.6239898051327689,0.1290608017817372,0.5,0.39252760718598956,0.250808173398812,0.9582101809675589,0.1287977279361925,0.10851142674991558,0.4184719812302911
2021-07-11 08:50:00,0.432117949790795,0.08613353212039931,0.6399395383469841,0.6242322442420996,0.6240762455667377,0.12877767260579065,0.5,0.39252760718598956,0.250808173398812,0.9582101809675589,0.1287977279361925,0.10851142674991558,0.41909561386302946
2021-07-11 09:00:00,0.43252747559274757,0.08573405571982429,0.6396576321667906,0.6239668987680771,0.6241626990878276,0.12849453229398664,0.5,0.3897916199028557,0.25278801863181,0.9007159544975707,0.09115527251567966,0.2684770078252819,0.4197193143926249
2021-07-11 09:10:00,0.43293705020920503,0.08533457931924926,0.6393757259865971,0.623701481878236,0.6242491656960386,0.1282114031180401,0.5,0.3897916199028557,0.25278801863181,0.9007159544975707,0.09115527251567966,0.2684770078252819,0.4203429545694585
2021-07-11 09:20:00,0.43334658298465834,0.08493510291867445,0.639093968726731,0.6234363506516694,0.6243355930428864,0.12792827394209355,0.5,0.3897916199028557,0.25278801863181,0.9007159544975707,0.09115527251567966,0.2684770078252819,0.4209665947462921
2021-07-11 09:30:00,0.4337561157601116,0.08453562651809943,0.6388120923306031,0.6231710051776469,0.6244220596510974,0.12764513363028954,0.5,0.3897916199028557,0.25278801863181,0.9007159544975707,0.09115527251567966,0.2684770078252819,0.42159029527588754
2021-07-11 09:40:00,0.43416569037656905,0.0841361501175244,0.6385303052866715,0.6229056597036242,0.6245085393464291,0.12736200445434298,0.5,0.3897916199028557,0.25278801863181,0.9007159544975707,0.09115527251567966,0.2684770078252819,0.42221392036453065
2021-07-11 09:50:00,0.43457522315202235,0.08373667371694937,0.638248399106478,0.6226402428137832,0.6245950190417611,0.12707887527839645,0.5,0.3897916199028557,0.25278801863181,0.9007159544975707,0.09115527251567966,0.2684770078252819,0.4228375605413643
2021-07-11 10:00:00,0.43498475592747554,0.08333719731637457,0.6379665524944154,0.62237493304767,0.624681433301488,0.1267957461024499,0.5,0.5821093027436584,0.24346924056125177,0.6311011384484319,0.13119923850653842,0.46514938956750546,0.42346120071819787
2021-07-11 10:10:00,0.4353943235704324,0.08293772091579954,0.6376847654504838,0.6221096232815568,0.6247678999096988,0.12651260579064588,0.5,0.5821093027436584,0.24346924056125177,0.6311011384484319,0.13119923850653842,0.46514938956750546,0.4240849012477933
2021-07-11 10:20:00,0.43580385634588564,0.08253824451522451,0.6374028294862246,0.6218443135154437,0.6248543665179098,0.12622947661469933,0.5,0.5821093027436584,0.24346924056125177,0.6311011384484319,0.13119923850653842,0.46514938956750546,0.42470852633643646
2021-07-11 10:30:00,0.43621338912133895,0.08213876811464971,0.6371210126582276,0.6215788966256026,0.6249407807776367,0.1259463474387528,0.5,0.5821093027436584,0.24346924056125177,0.6311011384484319,0.13119923850653842,0.46514938956750546,0.4253321665132701
2021-07-11 10:40:00,0.4366229567642957,0.08173929171407468,0.6368392256142961,0.6213135511515802,0.6250272604729685,0.12566320712694878,0.5,0.5821093027436584,0.24346924056125177,0.6311011384484319,0.13119923850653842,0.46514938956750546,0.4259558368664846
2021-07-11 10:50:00,0.43703249651324966,0.08133981531349987,0.636557349218168,0.6210482056775577,0.6251137270811794,0.12538007795100223,0.5,0.5821093027436584,0.24346924056125177,0.6311011384484319,0.13119923850653842,0.46514938956750546,0.42657950721969917
2021-07-11 11:00:00,0.4374420292887029,0.08094033891292463,0.6362755026061055,0.6207830030351724,0.6252001675151484,0.12509694877505567,0.5,0.5839659024695629,0.24137445511153563,0.6269891904909191,0.18019734103509252,0.5666689636761637,0.4272031323083423
2021-07-11 11:10:00,0.4378515620641562,0.08054086251234982,0.6359937453462394,0.6205176575611497,0.6252866210362383,0.12481381959910913,0.5,0.5839659024695629,0.24137445511153563,0.6269891904909191,0.18019734103509252,0.5666689636761637,0.42782681774974723
2021-07-11 11:20:00,0.438261129707113,0.08014138611177479,0.6357118093819805,0.6202523120871273,0.6253730876444491,0.12453069042316257,0.5,0.5839659024695629,0.24137445511153563,0.6269891904909191,0.18019734103509252,0.5666689636761637,0.42845044283839034
2021-07-11 11:30:00,0.4386706694560669,0.07974190971119999,0.6354300223380489,0.6199869666131048,0.6254595149912971,0.12424756124721605,0.5,0.5839659024695629,0.24137445511153563,0.6269891904909191,0.18019734103509252,0.5666689636761637,0.42907411319160493
2021-07-11 11:40:00,0.4390801952580195,0.07934243331062474,0.6351481757259865,0.6197216211390824,0.6255459815995079,0.1239644320712695,0.5,0.5839659024695629,0.24137445511153563,0.6269891904909191,0.18019734103509252,0.5666689636761637,0.4296977382802481
2021-07-11 11:50:00,0.439489769874477,0.07894295691004993,0.6348662695457927,0.6194562756650597,0.6256324351205979,0.12368129175946548,0.5,0.5839659024695629,0.24137445511153563,0.6269891904909191,0.18019734103509252,0.5666689636761637,0.4303214237216531
2021-07-11 12:00:00,0.43989930264993027,0.0785434805094749,0.6345844825018614,0.6191908587752186,0.6257188755545668,0.12339816258351895,0.5,0.5890795981486365,0.23744924671055417,0.6148944202673318,0.19784946081834898,0.6257130526625141,0.4309450488102962
2021-07-11 12:10:00,0.4403088354253835,0.0781440041089001,0.6343026061057333,0.6189255490091055,0.6258053421627776,0.12311503340757239,0.5,0.5890795981486365,0.23744924671055417,0.6148944202673318,0.19784946081834898,0.6257130526625141,0.43156871916351075
2021-07-11 12:20:00,0.440718410041841,0.07774452770832507,0.6340207297096052,0.6186602392429923,0.6258918218581095,0.12283189309576836,0.5,0.5890795981486365,0.23744924671055417,0.6148944202673318,0.19784946081834898,0.6257130526625141,0.43219238951672523
2021-07-11 12:30:00,0.4411279428172943,0.07734505130775005,0.6337389426656737,0.618395036600607,0.6259782361178364,0.12254876391982183,0.5,0.5890795981486365,0.23744924671055417,0.6148944202673318,0.19784946081834898,0.6257130526625141,0.4328160372376541
2021-07-11 12:40:00,0.44153747559274753,0.07694557490717524,0.6334570364854801,0.618129619710766,0.6260647027260473,0.12226563474387529,0.5,0.5890795981486365,0.23744924671055417,0.6148944202673318,0.19784946081834898,0.6257130526625141,0.433439654782202
2021-07-11 12:50:00,0.44194704323570433,0.07654609850660021,0.6331752792256142,0.6178643099446528,0.6261511693342581,0.12198249443207126,0.5,0.5890795981486365,0.23744924671055417,0.6148944202673318,0.19784946081834898,0.6257130526625141,0.4340633628558927
2021-07-11 13:00:00,0.4423565760111576,0.07614662210602519,0.6328934326135516,0.6175990001785396,0.6262375835939852,0.12169936525612474,0.5,0.6855967017796873,0.22605867123362428,0.4965007544806283,0.2104439883106678,0.6769813840482383,0.4346869954886311
2021-07-11 13:10:00,0.4427661087866109,0.07574714570545016,0.632611526433358,0.6173336904124265,0.6263240632893169,0.12141623608017818,0.5,0.6855967017796873,0.22605867123362428,0.4965007544806283,0.2104439883106678,0.6769813840482383,0.43531064320955987
2021-07-11 13:20:00,0.44317568340306834,0.07534766930487535,0.6323297096053611,0.6170682735225854,0.6264105298975279,0.12113309576837417,0.5,0.6855967017796873,0.22605867123362428,0.4965007544806283,0.2104439883106678,0.6769813840482383,0.4359343361950601
2021-07-11 13:30:00,0.4435852161785216,0.07494819290430033,0.6320478927773641,0.6168029280485627,0.6264969965057388,0.12084996659242762,0.5,0.6855967017796873,0.22605867123362428,0.4965007544806283,0.2104439883106678,0.6769813840482383,0.4365579688277985
2021-07-11 13:40:00,0.4439947489539749,0.0745487165037253,0.6317659865971705,0.6165375825745403,0.6265834238525867,0.12056683741648108,0.5,0.6855967017796873,0.22605867123362428,0.4965007544806283,0.2104439883106678,0.6769813840482383,0.43718160146053686
2021-07-11 13:50:00,0.4444042817294282,0.07414924010315027,0.6314842293373044,0.6162722371005178,0.6266699035479185,0.12028370824053453,0.5,0.6855967017796873,0.22605867123362428,0.4965007544806283,0.2104439883106678,0.6769813840482383,0.4378052491814656
2021-07-11 14:00:00,0.44481384937238494,0.07374976370257547,0.631202382725242,0.6160070344581325,0.6267563570690083,0.12000057349665924,0.5,0.6879825483294606,0.2086940779926857,0.48128382053417407,0.2171715810892505,0.7375245210520057,0.4384289421669659
2021-07-11 14:10:00,0.4452233891213389,0.07335028730200044,0.6309206254653759,0.6157416889841101,0.6268427975029773,0.11971744988864143,0.5,0.6879825483294606,0.2086940779926857,0.48128382053417407,0.2171715810892505,0.7375245210520057,0.43905257479970433
2021-07-11 14:20:00,0.4456329149232915,0.07295081090142563,0.6306386895011167,0.6154763435100874,0.6269292641111881,0.11943432071269487,0.5,0.6879825483294606,0.2086940779926857,0.48128382053417407,0.2171715810892505,0.7375245210520057,0.4396762074324426
2021-07-11 14:30:00,0.44604248953974895,0.0725513345008506,0.6303568131049886,0.6152109980360649,0.62701574380652,0.11915118040089087,0.5,0.6879825483294606,0.2086940779926857,0.48128382053417407,0.2171715810892505,0.7375245210520057,0.44029990041794287
2021-07-11 14:40:00,0.44645202231520226,0.07215185810027558,0.6300750558451227,0.6149456525620425,0.627102158066247,0.11886805122494432,0.5,0.6879825483294606,0.2086940779926857,0.48128382053417407,0.2171715810892505,0.7375245210520057,0.44092354813887175
2021-07-11 14:50:00,0.4468615550906555,0.07175238169970055,0.6297931496649289,0.61468030708802,0.6271886246744578,0.11858492204899777,0.5,0.6879825483294606,0.2086940779926857,0.48128382053417407,0.2171715810892505,0.7375245210520057,0.4415471807716101
2021-07-11 15:00:00,0.44727112970711297,0.07135290529912575,0.6295112434847354,0.6144149259060883,0.6272750912826688,0.11830178173719377,0.5,0.6857432886079522,0.19504780076262843,0.4725186819396525,0.1934645138910536,0.7733900762266825,0.44217088884530076
2021-07-11 15:10:00,0.44768066248256627,0.07095342889855072,0.6292294862248695,0.6141496161399751,0.6273615055423957,0.11801865256124722,0.5,0.6857432886079522,0.19504780076262843,0.4725186819396525,0.1934645138910536,0.7733900762266825,0.4427945063898487
2021-07-11 15:20:00,0.4480901952580195,0.07055395249797591,0.6289476098287414,0.6138843063738617,0.6274479852377276,0.11773552338530066,0.5,0.6857432886079522,0.19504780076262843,0.4725186819396525,0.1934645138910536,0.7733900762266825,0.4434181541107775
2021-07-11 15:30:00,0.4484997629009763,0.07015447609740066,0.6286658227848099,0.61361892519193,0.6275344518459385,0.11745239420935412,0.5,0.6857432886079522,0.19504780076262843,0.4725186819396525,0.1934645138910536,0.7733900762266825,0.44404178674351585
2021-07-11 15:40:00,0.44890929567642956,0.06975499969682586,0.6283839166046163,0.6133536868416354,0.6276208922799074,0.1171692538975501,0.5,0.6857432886079522,0.19504780076262843,0.4725186819396525,0.1934645138910536,0.7733900762266825,0.44466549481720663
2021-07-11 15:50:00,0.44931882845188287,0.06935552329625083,0.6281020699925539,0.6130883770755222,0.6277073458009973,0.11688612472160356,0.5,0.6857432886079522,0.19504780076262843,0.4725186819396525,0.1934645138910536,0.7733900762266825,0.44528911990584974
2021-07-11 16:00:00,0.4497283821478382,0.06895604689567603,0.6278202829486224,0.612823067309409,0.6277938124092081,0.116602995545657,0.5,0.7372304861913206,0.179151568790281,0.4214241302168002,0.16765008794239852,0.7904787568004517,0.44591276008268327
2021-07-11 16:10:00,0.4501379358437936,0.068556570495101,0.6275384065524943,0.6125576861274773,0.6278802397560561,0.116319855233853,0.5,0.7372304861913206,0.179151568790281,0.4214241302168002,0.16765008794239852,0.7904787568004517,0.4465364304358978
2021-07-11 16:20:00,0.4505474686192469,0.06815709409452597,0.6272565301563662,0.6122923406534546,0.6279667063642669,0.11603672605790645,0.5,0.7372304861913206,0.179151568790281,0.4214241302168002,0.16765008794239852,0.7904787568004517,0.4471601007891124
2021-07-11 16:30:00,0.4509570013947002,0.06775761769395117,0.6269747431124346,0.6120269951794322,0.6280531598853568,0.11575359688195991,0.5,0.7372304861913206,0.179151568790281,0.4214241302168002,0.16765008794239852,0.7904787568004517,0.4477837258777555
2021-07-11 16:40:00,0.45136656903765693,0.06735814129337614,0.6266928667163068,0.6117616139975004,0.6281396003193258,0.11547045657015591,0.5,0.7372304861913206,0.179151568790281,0.4214241302168002,0.16765008794239852,0.7904787568004517,0.44840741131916056
2021-07-11 16:50:00,0.4517761087866109,0.06695866489280111,0.6264111094564406,0.6114962685234779,0.6282260669275366,0.11518733296213808,0.5,0.7372304861913206,0.179151568790281,0.4214241302168002,0.16765008794239852,0.7904787568004517,0.4490310364078037
2021-07-11 17:00:00,0.4521856345885635,0.06655918849222608,0.6261292628443782,0.6112309230494555,0.6283125466228685,0.11490420378619154,0.5,0.7416439004036723,0.17738436295821608,0.41580043109193177,0.15977270292907028,0.7929060653382956,0.44965470676101815
2021-07-11 17:10:00,0.45259520920502094,0.06615971209165128,0.625847326880119,0.6109657204070702,0.6283990001439583,0.11462108017817373,0.5,0.7416439004036723,0.17738436295821608,0.41580043109193177,0.15977270292907028,0.7929060653382956,0.45027833184966126
2021-07-11 17:20:00,0.45300474198047425,0.06576023569107625,0.6255655696202531,0.6107003749330477,0.6284854274908063,0.11433793986636973,0.5,0.7416439004036723,0.17738436295821608,0.41580043109193177,0.15977270292907028,0.7929060653382956,0.4509020172910663
2021-07-11 17:30:00,0.45341428172942816,0.06536075929050122,0.625283693224125,0.6104350294590251,0.6285718940990173,0.11405481069042317,0.5,0.7416439004036723,0.17738436295821608,0.41580043109193177,0.15977270292907028,0.7929060653382956,0.45152564237970944
2021-07-11 17:40:00,0.45382384937238496,0.0649612828899262,0.6250017870439313,0.6101696839850026,0.628658360707228,0.11377168151447661,0.5,0.7416439004036723,0.17738436295821608,0.41580043109193177,0.15977270292907028,0.7929060653382956,0.4521493127329239
2021-07-11 17:50:00,0.4542333821478382,0.06456180648935139,0.6247200297840654,0.6099043028030708,0.6287447880540761,0.11348854120267261,0.5,0.7416439004036723,0.17738436295821608,0.41580043109193177,0.15977270292907028,0.7929060653382956,0.45277298308613845
2021-07-11 18:00:00,0.45464291492329145,0.06416233008877636,0.6244381236038716,0.6096389930369577,0.6288312546622868,0.11320541202672606,0.5,0.7232329283045322,0.1366754117014889,0.3985980952265008,0.2458117395729857,0.6823952135892485,0.4533966232629721
2021-07-11 18:10:00,0.4550524825662483,0.06376285368820156,0.6241562472077435,0.6093736832708445,0.6289177343576187,0.11292228285077952,0.5,0.7232329283045322,0.1366754117014889,0.3985980952265008,0.2458117395729857,0.6823952135892485,0.4540202483516152
2021-07-11 18:20:00,0.4554620153417015,0.06336337728762653,0.6238744899478776,0.6091083020889128,0.6290041617044666,0.11263914253897551,0.5,0.7232329283045322,0.1366754117014889,0.3985980952265008,0.2458117395729857,0.6823952135892485,0.4546439488812107
2021-07-11 18:30:00,0.4558715481171548,0.0629639008870515,0.6235925539836185,0.6088429566148903,0.6290906283126775,0.11235601336302896,0.5,0.7232329283045322,0.1366754117014889,0.3985980952265008,0.2458117395729857,0.6823952135892485,0.4552675890580443
2021-07-11 18:40:00,0.4562811018131102,0.06256442448647648,0.6233107967237526,0.608577753972505,0.6291770818337673,0.1120728841870824,0.5,0.7232329283045322,0.1366754117014889,0.3985980952265008,0.2458117395729857,0.6823952135892485,0.45589122923487785
2021-07-11 18:50:00,0.4566906555090655,0.06216494808590167,0.6230289501116901,0.6083124442063919,0.6292635222677363,0.1117897438752784,0.5,0.7232329283045322,0.1366754117014889,0.3985980952265008,0.2458117395729857,0.6823952135892485,0.45651492976447333
2021-07-11 19:00:00,0.4571001882845188,0.061765471685326645,0.622747073715562,0.6080470630244599,0.6293499888759472,0.11150661469933186,0.5,0.7170525341177092,0.13737080001264304,0.3914859787330179,0.3188038103893702,0.7080077129157599,0.45713855485311644
2021-07-11 19:10:00,0.4575097210599721,0.06136599528475162,0.6224652866716305,0.6077817175504374,0.629436468571279,0.1112234855233853,0.5,0.7170525341177092,0.13737080001264304,0.3914859787330179,0.3188038103893702,0.7080077129157599,0.4577621950299501
2021-07-11 19:20:00,0.4579192956764296,0.06096651888417659,0.6221834102755024,0.607516372076415,0.629522882831006,0.11094035634743875,0.5,0.7170525341177092,0.13737080001264304,0.3914859787330179,0.3188038103893702,0.7080077129157599,0.4583858352067836
2021-07-11 19:30:00,0.45832882845188283,0.060567042483601785,0.6219015338793743,0.6072510266023923,0.629609349439217,0.11065721603563475,0.5,0.7170525341177092,0.13737080001264304,0.3914859787330179,0.3188038103893702,0.7080077129157599,0.4590095357363792
2021-07-11 19:40:00,0.4587383542538354,0.06016756608302676,0.621619746835443,0.6069856811283698,0.6296958160474277,0.11037408685968819,0.5,0.7170525341177092,0.13737080001264304,0.3914859787330179,0.3188038103893702,0.7080077129157599,0.4596331683691175
2021-07-11 19:50:00,0.4591479288702929,0.05976808968245173,0.6213379002233803,0.6067203356543476,0.6297822303071547,0.11009096325167038,0.5,0.7170525341177092,0.13737080001264304,0.3914859787330179,0.3188038103893702,0.7080077129157599,0.46025680100185584
2021-07-11 20:00:00,0.4595574616457462,0.059368613281876925,0.6210561429635144,0.6064549187645063,0.6298687100024866,0.1098078285077951,0.5,0.7243810750567918,0.1479251854129356,0.39216430748011843,0.31964680270993173,0.7315549563345699,0.4608804713550704
2021-07-11 20:10:00,0.45996701534170154,0.0589691368813019,0.6207742069992552,0.6061896089983931,0.6299551766106974,0.10952469933184855,0.5,0.7243810750567918,0.1479251854129356,0.39216430748011843,0.31964680270993173,0.7315549563345699,0.46150414170828497
2021-07-11 20:20:00,0.4603765690376569,0.05856966048072709,0.6204923306031271,0.6059244063560079,0.6300416170446663,0.10924157015590201,0.5,0.7243810750567918,0.1479251854129356,0.39216430748011843,0.31964680270993173,0.7315549563345699,0.4621277743410233
2021-07-11 20:30:00,0.4607861018131102,0.058170184080152065,0.6202105733432612,0.6056590608819854,0.6301280705657563,0.108958429844098,0.5,0.7243810750567918,0.1479251854129356,0.39216430748011843,0.31964680270993173,0.7315549563345699,0.4627514597824283
2021-07-11 20:40:00,0.46119563458856344,0.05777070767957704,0.6199286671630677,0.6053936797000536,0.630214537173967,0.10867530066815147,0.5,0.7243810750567918,0.1479251854129356,0.39216430748011843,0.31964680270993173,0.7315549563345699,0.46337507732697625
2021-07-11 20:50:00,0.461605160390516,0.05737123127900201,0.6196467609828742,0.6051283699339403,0.6303010037821779,0.10839217149220491,0.5,0.7243810750567918,0.1479251854129356,0.39216430748011843,0.31964680270993173,0.7315549563345699,0.4639987476801907
2021-07-11 21:00:00,0.4620147350069735,0.056971754878427205,0.6193650037230081,0.6048630601678271,0.630387431129026,0.10810904231625836,0.5,0.698405388791961,0.15229004014286984,0.6091442874612408,0.2762823367726585,0.6774678804951705,0.4646223803129291
2021-07-11 21:10:00,0.4624242677824268,0.05657227847785218,0.61908312732688,0.6045977504017139,0.6304738846501158,0.10782590200445435,0.5,0.698405388791961,0.15229004014286984,0.6091442874612408,0.2762823367726585,0.6774678804951705,0.46524608838661985
2021-07-11 21:20:00,0.46283382147838215,0.05617280207727715,0.6188013700670141,0.6043323335118729,0.6305603643454477,0.1075427728285078,0.5,0.698405388791961,0.15229004014286984,0.6091442874612408,0.2762823367726585,0.6774678804951705,0.46586970593116767
2021-07-11 21:30:00,0.4632433751743375,0.055773325676702123,0.6185194341027547,0.6040669880378504,0.6306467916922955,0.10725964365256126,0.5,0.698405388791961,0.15229004014286984,0.6091442874612408,0.2762823367726585,0.6774678804951705,0.4664933536520965
2021-07-11 21:40:00,0.4636529079497908,0.05537384927612732,0.6182375874906922,0.603801642563828,0.6307332713876275,0.10697650334075726,0.5,0.698405388791961,0.15229004014286984,0.6091442874612408,0.2762823367726585,0.6774678804951705,0.4671170240053111
2021-07-11 21:50:00,0.4640624476987448,0.05497437287555229,0.6179558302308261,0.6035364399214427,0.6308197249087174,0.1066933741648107,0.5,0.698405388791961,0.15229004014286984,0.6091442874612408,0.2762823367726585,0.6774678804951705,0.4677406943585256
2021-07-11 22:00:00,0.46447201534170157,0.054574896474977264,0.6176739538346983,0.60327109444742,0.6309061522555652,0.10641024498886414,0.5,0.482155897009662,0.1638731404828049,0.8102945676507063,0.24737759896113215,0.6109048500605601,0.4683643119030735
2021-07-11 22:10:00,0.4648815481171548,0.05417542007440246,0.6173921072226356,0.6030057489733975,0.6309926188637762,0.10612710467706014,0.5,0.482155897009662,0.1638731404828049,0.8102945676507063,0.24737759896113215,0.6109048500605601,0.46898799734447844
2021-07-11 22:20:00,0.4652910739191074,0.05377594367382743,0.6171102903946386,0.6027404034993751,0.6310790985591079,0.1058439755011136,0.5,0.482155897009662,0.1638731404828049,0.8102945676507063,0.24737759896113215,0.6109048500605601,0.4696116299772169
2021-07-11 22:30:00,0.46570064853556487,0.053376467273252404,0.6168284139985105,0.6024750580253526,0.6311655389930769,0.10556084632516705,0.5,0.482155897009662,0.1638731404828049,0.8102945676507063,0.24737759896113215,0.6109048500605601,0.47023530033043137
2021-07-11 22:40:00,0.46611018131101817,0.052976990872677376,0.616546626954579,0.6022097125513302,0.6312519925141667,0.10527771714922049,0.5,0.482155897009662,0.1638731404828049,0.8102945676507063,0.24737759896113215,0.6109048500605601,0.4708589178749793
2021-07-11 22:50:00,0.46651973500697347,0.05257751447210257,0.6162647803425165,0.6019442956614889,0.6313384591223776,0.10499458797327395,0.5,0.482155897009662,0.1638731404828049,0.8102945676507063,0.24737759896113215,0.6109048500605601,0.47148261086047955
2021-07-11 23:00:00,0.4669292538354254,0.052178038071527544,0.615982874162323,0.6016789858953757,0.6314248864692257,0.10471145879732739,0.5,0.4691110701238699,0.16652251247819613,0.7868939378664057,0.1806645430143259,0.5755886278938427,0.47210623594912265
2021-07-11 23:10:00,0.4673388214783822,0.051778561670952516,0.6157010871183914,0.6014136761292626,0.6315113530774364,0.10442832962138084,0.5,0.4691110701238699,0.16652251247819613,0.7868939378664057,0.1806645430143259,0.5755886278938427,0.47272990630233713
2021-07-11 23:20:00,0.4677483542538354,0.05137908527037749,0.6154192107222634,0.601148437778968,0.6315978065985264,0.10414518930957684,0.5,0.4691110701238699,0.16652251247819613,0.7868939378664057,0.1806645430143259,0.5755886278938427,0.4733535766555517
2021-07-11 23:30:00,0.46815788005578796,0.050979608869802684,0.6151373343261353,0.6008830565970362,0.6316842470324953,0.1038620601336303,0.5,0.4691110701238699,0.16652251247819613,0.7868939378664057,0.1806645430143259,0.5755886278938427,0.4739772168323853
2021-07-11 23:40:00,0.4685674616457462,0.05058013246922766,0.6148555472822039,0.6006177468309231,0.6317707136407062,0.10357893095768374,0.5,0.4691110701238699,0.16652251247819613,0.7868939378664057,0.1806645430143259,0.5755886278938427,0.4746008419210284
2021-07-11 23:50:00,0.4689769874476988,0.05018065606865285,0.6145736411020104,0.6003524370648099,0.631857193336038,0.10329579064587974,0.5,0.4691110701238699,0.16652251247819613,0.7868939378664057,0.1806645430143259,0.5755886278938427,0.4752245424506239
2021-07-12 00:00:00,0.46938654114365413,0.049781179668077824,0.6142917944899478,0.6000871272986967,0.6319436468571279,0.10301266146993318,0.5,0.4883119100880753,0.17379822819656016,0.7285845502099598,0.0759934386402478,0.6448145830602888,0.47584818262745754
2021-07-12 00:10:00,0.4697960948396095,0.04938170326750302,0.6140100074460162,0.5998217104088557,0.632030074203976,0.10272953229398664,0.5,0.4883119100880753,0.17379822819656016,0.7285845502099598,0.0759934386402478,0.6448145830602888,0.47647182280429107
2021-07-12 00:20:00,0.47020562761506274,0.04898222686692799,0.6137281310498881,0.599556364934833,0.6321165408121867,0.1024464031180401,0.5,0.4883119100880753,0.17379822819656016,0.7285845502099598,0.0759934386402478,0.6448145830602888,0.4770954478929342
2021-07-12 00:30:00,0.4706151673640167,0.048582750466352964,0.6134463142218911,0.5992910194608105,0.6322030074203976,0.10216326280623608,0.5,0.4883119100880753,0.17379822819656016,0.7285845502099598,0.0759934386402478,0.6448145830602888,0.4777191484225297
2021-07-12 00:40:00,0.47102473500697356,0.04818327406577794,0.6131644676098287,0.5990256739867881,0.6322894347672455,0.10188013363028953,0.5,0.4883119100880753,0.17379822819656016,0.7285845502099598,0.0759934386402478,0.6448145830602888,0.4783427885993633
2021-07-12 00:50:00,0.47143426778242675,0.04778379766520313,0.6128825912137006,0.5987604713444028,0.6323759013754564,0.101597004454343,0.5,0.4883119100880753,0.17379822819656016,0.7285845502099598,0.0759934386402478,0.6448145830602888,0.47896642877619683
2021-07-12 01:00:00,0.47184379358437933,0.047384321264628104,0.6126008339538347,0.5984951258703803,0.6324623679836672,0.10131386414253897,0.5,0.46376937272511065,0.16008586034189018,0.6993554164911877,0.08953260971333496,0.9347737106637012,0.47959012930579237
2021-07-12 01:10:00,0.4722533682008368,0.04698484486405308,0.612318987341772,0.5982297803963577,0.6325487953305152,0.10103073496659243,0.5,0.46376937272511065,0.16008586034189018,0.6993554164911877,0.08953260971333496,0.9347737106637012,0.48021375439443553
2021-07-12 01:20:00,0.4726629009762901,0.04658536846347805,0.6120370513775129,0.5979644349223352,0.6326352619387261,0.10074760579064589,0.5,0.46376937272511065,0.16008586034189018,0.6993554164911877,0.08953260971333496,0.9347737106637012,0.48083739457126906
2021-07-12 01:30:00,0.47307245467224546,0.046185892062903244,0.6117552941176467,0.597699089448313,0.632721728546937,0.10046446547884187,0.5,0.46376937272511065,0.16008586034189018,0.6993554164911877,0.08953260971333496,0.9347737106637012,0.48146106492448365
2021-07-12 01:40:00,0.4734819735006974,0.04578641566232822,0.6114734177215186,0.5974336725584717,0.6328081558937849,0.10018134187082406,0.5,0.46376937272511065,0.16008586034189018,0.6993554164911877,0.08953260971333496,0.9347737106637012,0.4820847352776982
2021-07-12 01:50:00,0.4738915411436541,0.04538693926175319,0.6111916604616527,0.5971683627923585,0.6328946094148747,0.09989821826280625,0.5,0.46376937272511065,0.16008586034189018,0.6993554164911877,0.08953260971333496,0.9347737106637012,0.4827083603663413
2021-07-12 02:00:00,0.47430107391910736,0.044987462861178384,0.6109097542814592,0.5969030530262454,0.6329810891102067,0.09961507795100223,0.5,0.432997545546145,0.16067780245799637,0.7780277284153803,0.1700409936416869,0.026015088742345246,0.4833320458077463
2021-07-12 02:10:00,0.47471059972105994,0.04458798646060336,0.6106278481012657,0.5966377432601322,0.6330675164570545,0.09933194877505569,0.5,0.432997545546145,0.16067780245799637,0.7780277284153803,0.1700409936416869,0.026015088742345246,0.4839556708963894
2021-07-12 02:20:00,0.47512018131101813,0.04418851006002833,0.6103460908413996,0.5963723620782002,0.6331539961523864,0.09904881959910913,0.5,0.432997545546145,0.16067780245799637,0.7780277284153803,0.1700409936416869,0.026015088742345246,0.48457934124960395
2021-07-12 02:30:00,0.4755297071129707,0.0437890336594533,0.6100642144452715,0.5961071237279056,0.6332404496734764,0.09876569042316258,0.5,0.432997545546145,0.16067780245799637,0.7780277284153803,0.1700409936416869,0.026015088742345246,0.48520296633824705
2021-07-12 02:40:00,0.4759392608089261,0.0433895572588785,0.6097822784810125,0.5958418139617925,0.6333268770203243,0.09848255011135858,0.5,0.432997545546145,0.16067780245799637,0.7780277284153803,0.1700409936416869,0.026015088742345246,0.4858266593237473
2021-07-12 02:50:00,0.4763488145048814,0.04299008085830347,0.6095005212211464,0.5955765041956793,0.6334133567156561,0.09819942093541204,0.5,0.432997545546145,0.16067780245799637,0.7780277284153803,0.1700409936416869,0.026015088742345246,0.48645027686829523
2021-07-12 03:00:00,0.4767583472803347,0.04259060445772844,0.609218674609084,0.5953110873058383,0.6334998233238669,0.09791629175946548,0.5,0.42333205368646665,0.15065501556003033,0.7924029970235457,0.21278591993790266,0.0775836407040858,0.4870739472215097
2021-07-12 03:10:00,0.4771678870292887,0.042191128057153415,0.6089368875651524,0.5950457418318158,0.6335862637578359,0.09763315144766148,0.5,0.42333205368646665,0.15065501556003033,0.7924029970235457,0.21278591993790266,0.0775836407040858,0.4876976175747243
2021-07-12 03:20:00,0.4775774546722455,0.04179165165657861,0.6086549516008934,0.5947803963577933,0.6336727172789257,0.09735002227171492,0.5,0.42333205368646665,0.15065501556003033,0.7924029970235457,0.21278591993790266,0.0775836407040858,0.48832126529565306
2021-07-12 03:30:00,0.47798698744769874,0.04139217525600358,0.6083731347728965,0.5945150508837707,0.6337591838871367,0.09706689309576838,0.5,0.42333205368646665,0.15065501556003033,0.7924029970235457,0.21278591993790266,0.0775836407040858,0.488944882840201
2021-07-12 03:40:00,0.4783965132496513,0.04099269885542878,0.6080913477289649,0.5942497054097482,0.6338456504953476,0.09678375278396437,0.5,0.42333205368646665,0.15065501556003033,0.7924029970235457,0.21278591993790266,0.0775836407040858,0.48956859091389177
2021-07-12 03:50:00,0.4788060669456067,0.04059322245485375,0.6078094713328368,0.5939843599357257,0.6339320778421954,0.09650062360801782,0.5,0.42333205368646665,0.15065501556003033,0.7924029970235457,0.21278591993790266,0.0775836407040858,0.49019222354663006
2021-07-12 04:00:00,0.4792156206415621,0.04019374605427872,0.6075276247207744,0.5937191572933405,0.6340185313632855,0.09621749443207127,0.5,0.3753299204228635,0.1510170772427003,0.8516837808667163,0.29031777964799566,0.10608359859162753,0.49081587126755893
2021-07-12 04:10:00,0.4796251743375174,0.03979426965370392,0.6072458674609083,0.593453811819318,0.6341050110586172,0.09593436525612471,0.5,0.3753299204228635,0.1510170772427003,0.8516837808667163,0.29031777964799566,0.10608359859162753,0.49143948881210675
2021-07-12 04:20:00,0.48003469316596936,0.03939479325312889,0.6069639314966493,0.5931884663452953,0.6341914384054652,0.09565122494432071,0.5,0.3753299204228635,0.1510170772427003,0.8516837808667163,0.29031777964799566,0.10608359859162753,0.4920631968857975
2021-07-12 04:30:00,0.4804442608089261,0.03899531685255386,0.6066821444527177,0.5929230494554543,0.634277918100797,0.09536809576837417,0.5,0.3753299204228635,0.1510170772427003,0.8516837808667163,0.29031777964799566,0.10608359859162753,0.4926868295185359
2021-07-12 04:40:00,0.48085379358437935,0.038595840451978836,0.6064002978406551,0.5926577396893411,0.6343643716218869,0.09508497216035636,0.5,0.3753299204228635,0.1510170772427003,0.8516837808667163,0.29031777964799566,0.10608359859162753,0.49331049987175035
2021-07-12 04:50:00,0.48126331938633193,0.03819636405140403,0.6061183916604613,0.5923924299232279,0.6344507989687349,0.09480183741648106,0.5,0.3753299204228635,0.1510170772427003,0.8516837808667163,0.29031777964799566,0.10608359859162753,0.49393417022496494
2021-07-12 05:00:00,0.4816729009762901,0.037796887650829,0.6058366344005957,0.5921271201571148,0.6345372655769457,0.09451870824053453,0.5,0.3707210571061592,0.1489395328254873,0.8709942747227623,0.35339713484016355,0.11205016368195428,0.4945578028577033
2021-07-12 05:10:00,0.4820824267782427,0.037397411250253976,0.6055547282204019,0.591861738975183,0.6346237321851566,0.09423557906458799,0.5,0.3707210571061592,0.1489395328254873,0.8709942747227623,0.35339713484016355,0.11205016368195428,0.49518143549044163
2021-07-12 05:20:00,0.48249198047419806,0.03699793484967895,0.6052728518242738,0.5915963935011606,0.6347101595320046,0.09395243875278396,0.5,0.3707210571061592,0.1489395328254873,0.8709942747227623,0.35339713484016355,0.11205016368195428,0.4958051284759419
2021-07-12 05:30:00,0.4829015341701534,0.03659845844910414,0.6049910945644077,0.5913311908587753,0.6347966261402154,0.09366930957683743,0.5,0.3707210571061592,0.1489395328254873,0.8709942747227623,0.35339713484016355,0.11205016368195428,0.4964287761968707
2021-07-12 05:40:00,0.48331107391910744,0.036198982048529116,0.6047091586001487,0.5910658810926621,0.6348830927484264,0.09338618040089088,0.5,0.3707210571061592,0.1489395328254873,0.8709942747227623,0.35339713484016355,0.11205016368195428,0.49705240882960905
2021-07-12 05:50:00,0.48372060669456063,0.03579950564795431,0.6044273119880861,0.5908004642028211,0.6349695200952742,0.09310305122494433,0.5,0.3707210571061592,0.1489395328254873,0.8709942747227623,0.35339713484016355,0.11205016368195428,0.4976760414623474
2021-07-12 06:00:00,0.48413012552301254,0.03540002924737928,0.6041455547282202,0.5905351187287984,0.6350559867034851,0.09281991091314032,0.5,0.4631667157512964,0.14556603746476446,0.7589510798032403,0.5650102487978205,0.10971222346943758,0.49829974199194293
2021-07-12 06:10:00,0.4845397071129707,0.035000552846804256,0.6038636485480267,0.5902697732547759,0.6351424533116959,0.09253678173719378,0.5,0.4631667157512964,0.14556603746476446,0.7589510798032403,0.5650102487978205,0.10971222346943758,0.4989233821687765
2021-07-12 06:20:00,0.48494923291492326,0.03460107644622923,0.6035818317200297,0.5900044277807535,0.6352288806585439,0.09225365256124722,0.5,0.4631667157512964,0.14556603746476446,0.7589510798032403,0.5650102487978205,0.10971222346943758,0.49954702234561016
2021-07-12 06:30:00,0.48535878661087867,0.03420160004565442,0.6033000148920327,0.589739082306731,0.6353153341796337,0.09197051224944322,0.5,0.4631667157512964,0.14556603746476446,0.7589510798032403,0.5650102487978205,0.10971222346943758,0.5001707228752056
2021-07-12 06:40:00,0.4857683403068341,0.033802123645079396,0.6030181087118389,0.5894737368327083,0.6354018400492075,0.09168738307349666,0.5,0.4631667157512964,0.14556603746476446,0.7589510798032403,0.5650102487978205,0.10971222346943758,0.5007943479638487
2021-07-12 06:50:00,0.4861778940027894,0.03340264724450437,0.602736351451973,0.5892083556507768,0.6354882412218137,0.09140425389755012,0.5,0.4631667157512964,0.14556603746476446,0.7589510798032403,0.5650102487978205,0.10971222346943758,0.5014179881406823
2021-07-12 07:00:00,0.4865874128312413,0.03300317084392934,0.6024545048399106,0.5889430458846634,0.6355747209171454,0.09112111358574611,0.5,0.4586963678152025,0.14717232699342236,0.694522530241047,0.5726309290295563,0.12107244599054058,0.5020416584938968
2021-07-12 07:10:00,0.48699698047419804,0.032603694443354536,0.6021725688756514,0.5886778432422781,0.6356611875253563,0.09083798440979957,0.5,0.4586963678152025,0.14717232699342236,0.694522530241047,0.5726309290295563,0.12107244599054058,0.5026653288471113
2021-07-12 07:20:00,0.48740651324965134,0.03220421804277951,0.6018908116157855,0.5884124977682557,0.6357476541335673,0.09055485523385301,0.5,0.4586963678152025,0.14717232699342236,0.694522530241047,0.5726309290295563,0.12107244599054058,0.5032889539357545
2021-07-12 07:30:00,0.48781603905160387,0.03180474164220448,0.6016089352196574,0.5881471165863239,0.6358340814804151,0.09027172605790647,0.5,0.4586963678152025,0.14717232699342236,0.694522530241047,0.5726309290295563,0.12107244599054058,0.5039125941125882
2021-07-12 07:40:00,0.48822562064156205,0.031405265241629676,0.6013271779597913,0.5878818068202107,0.6359205480886261,0.08998859688195991,0.5,0.4586963678152025,0.14717232699342236,0.694522530241047,0.5726309290295563,0.12107244599054058,0.5045362644658027
2021-07-12 07:50:00,0.48863514644351463,0.03100578884105465,0.6010452717795978,0.5876164970540976,0.6360070146968368,0.08970546770601336,0.5,0.4586963678152025,0.14717232699342236,0.694522530241047,0.5726309290295563,0.12107244599054058,0.5051599348190171
2021-07-12 08:00:00,0.48904470013947005,0.030606312440479844,0.6007633655994042,0.5873511158721656,0.6360934420436848,0.08942233853006681,0.5,0.4624013624069989,0.15696523345794802,0.6546968083548189,0.4869720494385809,0.1480568786130222,0.5057835599076602
2021-07-12 08:10:00,0.48945425383542535,0.030206836039904594,0.6004816083395383,0.5870857703981431,0.6361799086518957,0.0891391982182628,0.5,0.4624013624069989,0.15696523345794802,0.6546968083548189,0.4869720494385809,0.1480568786130222,0.5064072453490653
2021-07-12 08:20:00,0.48986379358437937,0.02980735963932979,0.6001997319434103,0.5868204249241207,0.6362663752601065,0.08885606570155903,0.5,0.4624013624069989,0.15696523345794802,0.6546968083548189,0.4869720494385809,0.1480568786130222,0.5070308704377084
2021-07-12 08:30:00,0.4902733263598326,0.02940788323875476,0.5999177959791508,0.5865550794500982,0.6363528026069546,0.08857293207126948,0.5,0.4624013624069989,0.15696523345794802,0.6546968083548189,0.4869720494385809,0.1480568786130222,0.5076545407909229
2021-07-12 08:40:00,0.49068284518828453,0.029008406838179734,0.599636038719285,0.5862898768077129,0.6364392561280444,0.08828980400890869,0.5,0.4624013624069989,0.15696523345794802,0.6546968083548189,0.4869720494385809,0.1480568786130222,0.5082782111441375
2021-07-12 08:50:00,0.49109242677824266,0.028608930437604707,0.5993541921072223,0.5860245313336903,0.6365257358233762,0.08800667037861916,0.5,0.4624013624069989,0.15696523345794802,0.6546968083548189,0.4869720494385809,0.1480568786130222,0.5089018513209711
2021-07-12 09:00:00,0.49150195258019524,0.028209454037029902,0.5990724348473564,0.5857591501517587,0.6366121631702242,0.0877235412026726,0.5,0.4664076021029788,0.16673515187912924,0.629484638814988,0.432238474625999,0.19235146738038855,0.5095254764096142
2021-07-12 09:10:00,0.49191150627615066,0.027809977636454875,0.5987905286671629,0.585493804677736,0.636698642865556,0.08744040645879733,0.5,0.4664076021029788,0.16673515187912924,0.629484638814988,0.432238474625999,0.19235146738038855,0.5101491769392097
2021-07-12 09:20:00,0.492321059972106,0.02741050123588007,0.5985086522710348,0.5852284592037136,0.6367850963866458,0.08715727171492206,0.5,0.4664076021029788,0.16673515187912924,0.629484638814988,0.432238474625999,0.19235146738038855,0.5107728171160433
2021-07-12 09:30:00,0.49273061366806137,0.027011024835305042,0.5982268950111689,0.5849631137296911,0.6368715237334939,0.0868741425389755,0.5,0.4664076021029788,0.16673515187912924,0.629484638814988,0.432238474625999,0.19235146738038855,0.5113964572928769
2021-07-12 09:40:00,0.4931401324965133,0.026611548434730237,0.5979449888309751,0.5846977325477594,0.6369579903417046,0.08659101002227172,0.5,0.4664076021029788,0.16673515187912924,0.629484638814988,0.432238474625999,0.19235146738038855,0.51202008238152
2021-07-12 09:50:00,0.49354970013947,0.02621207203415521,0.5976631422189127,0.584432422781646,0.6370444569499156,0.08630788195991092,0.5,0.4664076021029788,0.16673515187912924,0.629484638814988,0.432238474625999,0.19235146738038855,0.5126437904552107
2021-07-12 10:00:00,0.493959239888424,0.025812595633580182,0.5973813849590468,0.5841671130155328,0.6371308842967636,0.08602474721603563,0.5,0.6501264915918528,0.16407141235664718,0.463789685370355,0.4343238822878573,0.25082063524743564,0.513267423087949
2021-07-12 10:10:00,0.4943687587168759,0.025413119233005155,0.5970994489947876,0.5839018746652385,0.6372173509049743,0.08574161469933185,0.5,0.6501264915918528,0.16407141235664718,0.463789685370355,0.4343238822878573,0.25082063524743564,0.513891070808878
2021-07-12 10:20:00,0.49477834030683404,0.02501364283243035,0.5968176917349217,0.5836364934833065,0.6373038175131853,0.08545848552338531,0.5,0.6501264915918528,0.16407141235664718,0.463789685370355,0.4343238822878573,0.25082063524743564,0.5145147637943782
2021-07-12 10:30:00,0.4951878661087866,0.024614166431855322,0.5965358153387936,0.5833711837171933,0.6373902448600332,0.08517535077951002,0.5,0.6501264915918528,0.16407141235664718,0.463789685370355,0.4343238822878573,0.25082063524743564,0.5151383964271165
2021-07-12 10:40:00,0.495597419804742,0.024214690031280295,0.5962539091586001,0.5831058739510802,0.6374767114682441,0.08489222160356348,0.5,0.6501264915918528,0.16407141235664718,0.463789685370355,0.4343238822878573,0.25082063524743564,0.5157620290598548
2021-07-12 10:50:00,0.49600694560669456,0.023815213630705268,0.595972151898734,0.5828404927691484,0.637563178076455,0.08460908685968821,0.5,0.6501264915918528,0.16407141235664718,0.463789685370355,0.4343238822878573,0.25082063524743564,0.5163856994130694
2021-07-12 11:00:00,0.4964165271966527,0.023415737230130462,0.5956902457185405,0.5825751472951259,0.6376496577717867,0.08432595434298441,0.5,0.6676987335498394,0.16124388302534162,0.45142733734598584,0.4431860737798108,0.32440839390297144,0.517009369766284
2021-07-12 11:10:00,0.49682604602510455,0.023016260829555435,0.5954083693224124,0.5823098018211033,0.6377360589443929,0.08404282516703786,0.5,0.6676987335498394,0.16124388302534162,0.45142733734598584,0.4431860737798108,0.32440839390297144,0.5176330023990223
2021-07-12 11:20:00,0.4972355648535565,0.022616784428980408,0.5951266120625465,0.5820444563470808,0.6378225648139666,0.08375969153674834,0.5,0.6676987335498394,0.16124388302534162,0.45142733734598584,0.4431860737798108,0.32440839390297144,0.5182566350317607
2021-07-12 11:30:00,0.49764514644351465,0.022217308028405602,0.5948446760982873,0.5817791108730583,0.6379090183350565,0.08347655902004454,0.5,0.6676987335498394,0.16124388302534162,0.45142733734598584,0.4431860737798108,0.32440839390297144,0.5188803280172609
2021-07-12 11:40:00,0.49805467224546723,0.021817831627830575,0.5945628294862246,0.5815137653990359,0.6379954456819044,0.083193429844098,0.5,0.6676987335498394,0.16124388302534162,0.45142733734598584,0.4431860737798108,0.32440839390297144,0.5195039757381897
2021-07-12 11:50:00,0.4984642259414226,0.02141835522725577,0.5942810722263587,0.5812485627566506,0.6380819122901152,0.08291029398663698,0.5,0.6676987335498394,0.16124388302534162,0.45142733734598584,0.4431860737798108,0.32440839390297144,0.5201276083709281
2021-07-12 12:00:00,0.498873779637378,0.021018878826680742,0.5939991958302306,0.5809832172826281,0.6381683788983262,0.08262716592427617,0.5,0.6763790084993677,0.1576893568232838,0.4314695842031197,0.3714704750389717,0.3936307450709365,0.5207513164446188
2021-07-12 12:10:00,0.4992833333333333,0.020619402426105715,0.5937174087862993,0.5807178718086057,0.6382548062451741,0.08234403118040089,0.5,0.6763790084993677,0.1576893568232838,0.4314695842031197,0.3714704750389717,0.3936307450709365,0.5213749339891667
2021-07-12 12:20:00,0.4996928521617852,0.020219926025530688,0.593435532390171,0.5804525263345832,0.638341272853385,0.08206089755011137,0.5,0.6763790084993677,0.1576893568232838,0.4314695842031197,0.3714704750389717,0.3936307450709365,0.5219985817100955
2021-07-12 12:30:00,0.500102419804742,0.01982044962495566,0.5931536559940429,0.5801871094447419,0.6384277394615958,0.08177776948775056,0.5,0.6763790084993677,0.1576893568232838,0.4314695842031197,0.3714704750389717,0.3936307450709365,0.52262225206331
2021-07-12 12:40:00,0.500511959553696,0.019420973224380633,0.5928718689501113,0.5799217996786288,0.6385141668084439,0.08149463251670379,0.5,0.6763790084993677,0.1576893568232838,0.4314695842031197,0.3714704750389717,0.3936307450709365,0.5232459224165246
2021-07-12 12:50:00,0.5009214783821478,0.019021496823805828,0.5925900223380489,0.5796564899125156,0.6386006334166547,0.08121150668151447,0.5,0.6763790084993677,0.1576893568232838,0.4314695842031197,0.3714704750389717,0.3936307450709365,0.5238695399610724
2021-07-12 13:00:00,0.501331059972106,0.0186220204232308,0.5923081161578554,0.5793911801464025,0.6386871000248655,0.08092837416481069,0.5,0.7740035681135122,0.150134911079374,0.33919696478004024,0.2829919112153353,0.48120470013052763,0.5244931876820014
2021-07-12 13:10:00,0.5017405857740586,0.018222544022655995,0.5920263291139238,0.5791257632565614,0.6387735273717136,0.08064523830734967,0.5,0.7740035681135122,0.150134911079374,0.33919696478004024,0.2829919112153353,0.48120470013052763,0.5251168580352159
2021-07-12 13:20:00,0.502150139470014,0.017823067622080968,0.5917444527177957,0.5788605606141761,0.6388599808928034,0.08036210913140313,0.5,0.7740035681135122,0.150134911079374,0.33919696478004024,0.2829919112153353,0.48120470013052763,0.5257405283884303
2021-07-12 13:30:00,0.5025596652719666,0.01742359122150594,0.5914626954579298,0.578595250848063,0.6389464605881352,0.08007897550111359,0.5,0.7740035681135122,0.150134911079374,0.33919696478004024,0.2829919112153353,0.48120470013052763,0.5263641534770734
2021-07-12 13:40:00,0.5029692468619247,0.017024114820931135,0.5911807892777363,0.578329869666131,0.6390328879349831,0.07979584632516704,0.5,0.7740035681135122,0.150134911079374,0.33919696478004024,0.2829919112153353,0.48120470013052763,0.5269878389184786
2021-07-12 13:50:00,0.5033787656903765,0.016624638420356108,0.5908988830975426,0.5780645241921085,0.639119367630315,0.07951271269487752,0.5,0.7740035681135122,0.150134911079374,0.33919696478004024,0.2829919112153353,0.48120470013052763,0.5276114640071217
2021-07-12 14:00:00,0.5037882845188285,0.01622516201978108,0.5906171258376767,0.5777991787180861,0.6392058211514048,0.0792295768374165,0.5,0.7906475268850917,0.1330864034344123,0.29389198505571645,0.25880722702387404,0.611321047418847,0.5282351343603362
2021-07-12 14:10:00,0.5041978661087866,0.015825685619206054,0.5903352494415486,0.5775338332440636,0.6392922484982528,0.07894644766146994,0.5,0.7906475268850917,0.1330864034344123,0.29389198505571645,0.25880722702387404,0.611321047418847,0.5288588047135507
2021-07-12 14:20:00,0.5046073919107392,0.015426209218631248,0.5900533730454205,0.5772684877700409,0.6393787151064637,0.07866331848552338,0.5,0.7906475268850917,0.1330864034344123,0.29389198505571645,0.25880722702387404,0.611321047418847,0.5294824448903843
2021-07-12 14:30:00,0.5050169456066945,0.015026732818056221,0.5897715562174235,0.5770031422960187,0.6394651817146746,0.07838018930957684,0.5,0.7906475268850917,0.1330864034344123,0.29389198505571645,0.25880722702387404,0.611321047418847,0.5301060699790274
2021-07-12 14:40:00,0.5054264993026499,0.014627256417481194,0.5894897096053611,0.5767377254061774,0.6395516352357645,0.07809705345211582,0.5,0.7906475268850917,0.1330864034344123,0.29389198505571645,0.25880722702387404,0.611321047418847,0.5307297705086229
2021-07-12 14:50:00,0.5058360529986052,0.014227780016906166,0.589207952345495,0.5764725941796107,0.6396380756697335,0.07781391982182628,0.5,0.7906475268850917,0.1330864034344123,0.29389198505571645,0.25880722702387404,0.611321047418847,0.5313534106854565
2021-07-12 15:00:00,0.5062455718270572,0.013828303616331361,0.5889260759493671,0.5762072487055883,0.6397245422779443,0.07753079064587974,0.5,0.7957205317949998,0.12019298462387243,0.27739841332704845,0.33687175322413626,0.7029258747117788,0.5319770508622902
2021-07-12 15:10:00,0.506655139470014,0.013428827215756334,0.5886442293373044,0.5759419032315658,0.639811021973276,0.07724765701559021,0.5,0.7957205317949998,0.12019298462387243,0.27739841332704845,0.33687175322413626,0.7029258747117788,0.5326006759509333
2021-07-12 15:20:00,0.5070646792189679,0.013029350815181528,0.5883624125093074,0.5756764863417245,0.6398974362330031,0.07696452783964365,0.5,0.7957205317949998,0.12019298462387243,0.27739841332704845,0.33687175322413626,0.7029258747117788,0.5332243764805287
2021-07-12 15:30:00,0.5074741980474199,0.012629874414606501,0.5880805361131793,0.5754111765756114,0.639983902841214,0.07668139198218263,0.5,0.7957205317949998,0.12019298462387243,0.27739841332704845,0.33687175322413626,0.7029258747117788,0.5338480166573623
2021-07-12 15:40:00,0.5078837517433752,0.012230398014031474,0.587798659717051,0.5751458668094982,0.6400703825365458,0.0763982605790646,0.5,0.7957205317949998,0.12019298462387243,0.27739841332704845,0.33687175322413626,0.7029258747117788,0.534471656834196
2021-07-12 15:50:00,0.5082933054393306,0.011830921613456669,0.5875169024571854,0.574880557043385,0.6401568098833937,0.07611513363028953,0.5,0.7957205317949998,0.12019298462387243,0.27739841332704845,0.33687175322413626,0.7029258747117788,0.5350953573637913
2021-07-12 16:00:00,0.5087028591352859,0.011431445212881641,0.5872349962769916,0.574615140153544,0.6402432895787257,0.07583199777282851,0.5,0.8580784351264064,0.10637429706873802,0.212133651433881,0.46108721365548755,0.7540151937979285,0.5357189824524345
2021-07-12 16:10:00,0.5091123849372385,0.011031968812306614,0.58695320923306,0.5743497946795215,0.6403297430998155,0.07554886859688197,0.5,0.8580784351264064,0.10637429706873802,0.212133651433881,0.46108721365548755,0.7540151937979285,0.536342622629268
2021-07-12 16:20:00,0.5095219665271966,0.010632492411731587,0.586671332836932,0.5740844492054991,0.6404161704466634,0.07526573496659243,0.5,0.8580784351264064,0.10637429706873802,0.212133651433881,0.46108721365548755,0.7540151937979285,0.5369662929824827
2021-07-12 16:30:00,0.5099314853556485,0.01023301601115656,0.5863894564408039,0.5738193179789324,0.6405026370548743,0.07498260022271715,0.5,0.8580784351264064,0.10637429706873802,0.212133651433881,0.46108721365548755,0.7540151937979285,0.5375899633356972
2021-07-12 16:40:00,0.5103410041841004,0.009833539610581754,0.5861076693968725,0.5735539010890913,0.6405891036630852,0.07469947216035636,0.5,0.8580784351264064,0.10637429706873802,0.212133651433881,0.46108721365548755,0.7540151937979285,0.5382135959684354
2021-07-12 16:50:00,0.5107505857740585,0.009434063210006727,0.5858257632166788,0.5732885556150686,0.6406755310099332,0.07441633630289532,0.5,0.8580784351264064,0.10637429706873802,0.212133651433881,0.46108721365548755,0.7540151937979285,0.5388372286011739
2021-07-12 17:00:00,0.5111601115760112,0.009034586809431921,0.5855439166046164,0.5730232101410462,0.640761997618144,0.07413320712694878,0.5,0.8637296158424506,0.10585131908266102,0.21753441132947235,0.6879893060270509,0.8132641163297175,0.5394608989543884
2021-07-12 17:10:00,0.5115696652719666,0.008635110408856894,0.5852621295606848,0.5727578646670237,0.6408484642263549,0.07385007572383073,0.5,0.8637296158424506,0.10585131908266102,0.21753441132947235,0.6879893060270509,0.8132641163297175,0.540084569307603
2021-07-12 17:20:00,0.5119792189679219,0.008235634008281867,0.5849802531645567,0.5724925191930013,0.6409348915732028,0.07356694097995546,0.5,0.8637296158424506,0.10585131908266102,0.21753441132947235,0.6879893060270509,0.8132641163297175,0.5407082019403413
2021-07-12 17:30:00,0.5123887726638773,0.007836157607707062,0.5846983767684286,0.5722271737189786,0.6410213581814137,0.07328381291759466,0.5,0.8637296158424506,0.10585131908266102,0.21753441132947235,0.6879893060270509,0.8132641163297175,0.5413318873817463
2021-07-12 17:40:00,0.5127982914923291,0.007436681207132034,0.5844165897244973,0.571961792537047,0.6411078247896245,0.07300067928730512,0.5,0.8637296158424506,0.10585131908266102,0.21753441132947235,0.6879893060270509,0.8132641163297175,0.5419555049262942
2021-07-12 17:50:00,0.5132078312412831,0.007037204806557007,0.5841347133283692,0.5716964827709339,0.6411942913978355,0.07271754454342985,0.5,0.8637296158424506,0.10585131908266102,0.21753441132947235,0.6879893060270509,0.8132641163297175,0.5425791752795088
2021-07-12 18:00:00,0.5136173988842399,0.00663772840598198,0.5838529560685033,0.5714312801285486,0.6412807056575625,0.0724344153674833,0.5,0.7539803076689091,0.08944072964049443,0.2711231432351577,0.7279884024739552,0.9128567855579482,0.5432028456327233
2021-07-12 18:10:00,0.5140269177126918,0.006238252005407174,0.5835711094564406,0.5711658632387073,0.6413671853528942,0.07215128062360802,0.5,0.7539803076689091,0.08944072964049443,0.2711231432351577,0.7279884024739552,0.9128567855579482,0.5438265159859378
2021-07-12 18:20:00,0.5144364714086471,0.005838775604832147,0.5832891734921817,0.5709005534725942,0.6414536519611052,0.07186815144766147,0.5,0.7539803076689091,0.08944072964049443,0.2711231432351577,0.7279884024739552,0.9128567855579482,0.5444501108982
2021-07-12 18:30:00,0.5148460251046025,0.00543929920425712,0.5830074162323156,0.570635243706481,0.641540092395074,0.07158501893095769,0.5,0.7539803076689091,0.08944072964049443,0.2711231432351577,0.7279884024739552,0.9128567855579482,0.5450737812514146
2021-07-12 18:40:00,0.515255578800558,0.0050398228036820925,0.5827255398361875,0.5703699339403678,0.641626545916164,0.07130188530066815,0.5,0.7539803076689091,0.08944072964049443,0.2711231432351577,0.7279884024739552,0.9128567855579482,0.545697451604629
2021-07-12 18:50:00,0.5156651046025105,0.004640346403107287,0.5824436336559939,0.5701045527584359,0.6417130125243747,0.07101875612472161,0.5,0.7539803076689091,0.08944072964049443,0.2711231432351577,0.7279884024739552,0.9128567855579482,0.5463211219578435
2021-07-12 19:00:00,0.5160746861924687,0.00424087000253226,0.582161876396128,0.5698392072844136,0.6417994398712228,0.07073562360801781,0.5,0.7579703044103123,0.07619674316895891,0.27452937059487365,0.6778844641327202,0.9545193378333521,0.5469447395023914
2021-07-12 19:10:00,0.5164842050209205,0.0038413936019574546,0.5818799702159343,0.5695738618103909,0.6418859064794337,0.07045249443207127,0.5,0.7579703044103123,0.07619674316895891,0.27452937059487365,0.6778844641327202,0.9545193378333521,0.5475684249437965
2021-07-12 19:20:00,0.5168937377963738,0.0034419172013824273,0.5815982129560684,0.5693084806284592,0.6419723600005235,0.070169359688196,0.5,0.7579703044103123,0.07619674316895891,0.27452937059487365,0.6778844641327202,0.9545193378333521,0.5481920575765349
2021-07-12 19:30:00,0.5173033054393306,0.0030424408008074,0.5813163365599403,0.5690432779860739,0.6420588004344925,0.06988622494432072,0.5,0.7579703044103123,0.07619674316895891,0.27452937059487365,0.6778844641327202,0.9545193378333521,0.5488157279297494
2021-07-12 19:40:00,0.5177128312412831,0.0026429644002325947,0.5810344005956811,0.5687779325120514,0.6421452801298242,0.06960309576837417,0.5,0.7579703044103123,0.07619674316895891,0.27452937059487365,0.6778844641327202,0.9545193378333521,0.549439398282964
2021-07-12 19:50:00,0.5181223849372385,0.0022434879996575674,0.580752643335815,0.568512587038029,0.6422317467380351,0.06931996325167038,0.5,0.7579703044103123,0.07619674316895891,0.27452937059487365,0.6778844641327202,0.9545193378333521,0.5500630309157023
2021-07-12 20:00:00,0.5185319386331939,0.00184401159908254,0.5804707967237526,0.5682472415640063,0.642318174084883,0.06903683407572384,0.5,0.7689631491720259,0.09925087713752738,0.2636898065666129,0.497895916464067,0.9776802756851324,0.5506866635484406
2021-07-12 20:10:00,0.5189414923291492,0.0014445351985075128,0.580188890543559,0.5679818960899841,0.6424046276059729,0.0687537004454343,0.5,0.7689631491720259,0.09925087713752738,0.2636898065666129,0.497895916464067,0.9776802756851324,0.5513103339016552
2021-07-12 20:20:00,0.5193510181311017,0.0010450587979324855,0.5799071332836929,0.5677165506159614,0.6424911073013049,0.06847056792873052,0.5,0.7689631491720259,0.09925087713752738,0.2636898065666129,0.497895916464067,0.9776802756851324,0.5519340042548697
2021-07-12 20:30:00,0.519760550906555,0.0006455823973576802,0.5796252568875648,0.5674511694340296,0.6425775346481527,0.06818743875278396,0.5,0.7689631491720259,0.09925087713752738,0.2636898065666129,0.497895916464067,0.9776802756851324,0.5525576444317033
2021-07-12 20:40:00,0.5201701185495119,0.0002461059967826529,0.5793434698436335,0.5671858596679165,0.6426640143434846,0.06790430400890869,0.5,0.7689631491720259,0.09925087713752738,0.2636898065666129,0.497895916464067,0.9776802756851324,0.5531812695203465
2021-07-12 20:50:00,0.5205796373779638,-0.0001533704037922634,0.5790615934475054,0.5669205499018031,0.6427504678645745,0.06762117483296214,0.5,0.7689631491720259,0.09925087713752738,0.2636898065666129,0.497895916464067,0.9776802756851324,0.5538049700499419
2021-07-12 21:00:00,0.5209891910739191,-0.0005528468043671797,0.5787797468354428,0.5666552401356899,0.6428368952114224,0.06733804008908686,0.5,0.7559834608699885,0.11819302485294644,0.35898491381141495,0.2411020648037083,0.995161155210957,0.5544286102267755
2021-07-12 21:10:00,0.5213987447698745,-0.000952323204942207,0.5784979895755769,0.5663899303695767,0.6429233618196334,0.06705490645879733,0.5,0.7559834608699885,0.11819302485294644,0.35898491381141495,0.2411020648037083,0.995161155210957,0.5550522504036092
2021-07-12 21:20:00,0.5218082984658299,-0.0013517996055171233,0.5782160536113177,0.5661246206034636,0.6430098284278442,0.06677177839643653,0.5,0.7559834608699885,0.11819302485294644,0.35898491381141495,0.2411020648037083,0.995161155210957,0.5556759509332045
2021-07-12 21:30:00,0.5222178242677824,-0.0017512760060920396,0.5779341772151898,0.5658593108373504,0.6430962819489341,0.06648864142538975,0.5,0.7559834608699885,0.11819302485294644,0.35898491381141495,0.2411020648037083,0.995161155210957,0.5562995760218477
2021-07-12 21:40:00,0.5226274058577406,-0.002150752406667067,0.5776524199553237,0.5655939296554187,0.643182722382903,0.06620551559020045,0.5,0.7559834608699885,0.11819302485294644,0.35898491381141495,0.2411020648037083,0.995161155210957,0.5569232161986813
2021-07-12 21:50:00,0.5230369246861925,-0.0025502288072420942,0.5773705137751302,0.5653285841813962,0.6432691889911138,0.06592238307349667,0.5,0.7559834608699885,0.11819302485294644,0.35898491381141495,0.2411020648037083,0.995161155210957,0.5575468865518959
2021-07-12 22:00:00,0.5234464574616458,-0.0029497052078170105,0.5770887565152643,0.5650632387073735,0.6433556686864457,0.06563924721603563,0.5,0.6620557576938073,0.13505762815115666,0.38811386437254847,0.21249814188962243,0.09406652747950435,0.5581705569051103
2021-07-12 22:10:00,0.5238560320781032,-0.003349181608392038,0.5768068503350705,0.5647978932333513,0.6434420829461727,0.06535611915367484,0.5,0.6620557576938073,0.13505762815115666,0.38811386437254847,0.21249814188962243,0.09406652747950435,0.5587941819937535
2021-07-12 22:20:00,0.5242655509065551,-0.003748658008966954,0.5765249739389426,0.5645325477593288,0.6435285495543834,0.06507298440979956,0.5,0.6620557576938073,0.13505762815115666,0.38811386437254847,0.21249814188962243,0.09406652747950435,0.5594178221705871
2021-07-12 22:30:00,0.5246751046025104,-0.004148134409541981,0.5762432166790765,0.5642672022853061,0.6436150161625944,0.06478985523385301,0.5,0.6620557576938073,0.13505762815115666,0.38811386437254847,0.21249814188962243,0.09406652747950435,0.5600414925238016
2021-07-12 22:40:00,0.5250846304044631,-0.004547610810116898,0.5759612807148176,0.5640019639350116,0.6437014304223214,0.06450672160356348,0.5,0.6620557576938073,0.13505762815115666,0.38811386437254847,0.21249814188962243,0.09406652747950435,0.5606651628770162
2021-07-12 22:50:00,0.5254942119944211,-0.004947087210691814,0.5756794341027549,0.5637366184609891,0.6437879101176532,0.06422358574610246,0.5,0.6620557576938073,0.13505762815115666,0.38811386437254847,0.21249814188962243,0.09406652747950435,0.5612887879656593
2021-07-12 23:00:00,0.5259037377963738,-0.00534656361126673,0.575397676842889,0.5634712729869666,0.6438743767258641,0.0639404565701559,0.5,0.5899101567828677,0.1434109084012686,0.4439045967203078,0.31056940375791536,0.14226396233894834,0.5619124734070643
2021-07-12 23:10:00,0.5263132705718271,-0.005746040011841647,0.5751157706626953,0.563205927512944,0.643960817159833,0.06365732739420935,0.5,0.5899101567828677,0.1434109084012686,0.4439045967203078,0.31056940375791536,0.14226396233894834,0.5625360984957074
2021-07-12 23:20:00,0.5267228382147838,-0.006145516412416563,0.5748338942665672,0.5629405463310124,0.6440472706809229,0.06337419821826282,0.5,0.5899101567828677,0.1434109084012686,0.4439045967203078,0.31056940375791536,0.14226396233894834,0.5631597688489219
2021-07-12 23:30:00,0.5271323570432357,-0.00654499281299159,0.574552137006701,0.5626752365648993,0.6441337372891337,0.06309106236080178,0.5,0.5899101567828677,0.1434109084012686,0.4439045967203078,0.31056940375791536,0.14226396233894834,0.5637834392021365
2021-07-12 23:40:00,0.5275419107391911,-0.0069444692135666175,0.5742702308265075,0.5624099267987859,0.6442201646359818,0.06280792873051225,0.5,0.5899101567828677,0.1434109084012686,0.4439045967203078,0.31056940375791536,0.14226396233894834,0.5644070869230654
2021-07-12 23:50:00,0.5279514644351464,-0.007343945614141534,0.5739884735666416,0.5621446170326727,0.6443066443313136,0.0625247995545657,0.5,0.5899101567828677,0.1434109084012686,0.4439045967203078,0.31056940375791536,0.14226396233894834,0.5650307044676133
2021-07-13 00:00:00,0.5283610181311018,-0.00774342201471645,0.573706626954579,0.5618792001428317,0.6443931109395243,0.06224166592427617,0.5,0.5566140343796975,0.1450861620599599,0.5294157407016398,0.3409430111394251,0.14932575867069706,0.5656543748208278
2021-07-13 00:10:00,0.5287705439330544,-0.008142898415291588,0.57342469099032,0.5616139975004464,0.6444795382863724,0.06195853006681514,0.5,0.5566140343796975,0.1450861620599599,0.5294157407016398,0.3409430111394251,0.14932575867069706,0.5662780451740422
2021-07-13 00:20:00,0.5291801255230125,-0.008542374815866505,0.5731429337304539,0.5613486877343332,0.6445660048945832,0.0616754008908686,0.5,0.5566140343796975,0.1450861620599599,0.5294157407016398,0.3409430111394251,0.14932575867069706,0.5669016928949712
2021-07-13 00:30:00,0.5295896443514645,-0.008941851216441421,0.572861057334326,0.5610833065524012,0.6446524715027941,0.06139226948775056,0.5,0.5566140343796975,0.1450861620599599,0.5294157407016398,0.3409430111394251,0.14932575867069706,0.567525310439519
2021-07-13 00:40:00,0.5299991841004185,-0.009341327617016337,0.5725791511541323,0.560817961078379,0.6447388988496421,0.0611091425389755,0.5,0.5566140343796975,0.1450861620599599,0.5294157407016398,0.3409430111394251,0.14932575867069706,0.5681490185132098
2021-07-13 00:50:00,0.5304087168758718,-0.009740804017591365,0.5722973938942664,0.5605526156043563,0.6448253523707319,0.06082600668151447,0.5,0.5566140343796975,0.1450861620599599,0.5294157407016398,0.3409430111394251,0.14932575867069706,0.568772651145948
2021-07-13 01:00:00,0.5308182705718271,-0.010140280418166281,0.5720154877140728,0.5602872701303339,0.6449118320660638,0.060542873051224945,0.5,0.4812113375155882,0.14355458367216833,0.591736132273218,0.35462805027013444,0.13060382406729795,0.5693962988668769
2021-07-13 01:10:00,0.5312278242677825,-0.010539756818741197,0.5717337304542067,0.5600219246563114,0.6449982986742746,0.060259743875278396,0.5,0.4812113375155882,0.14355458367216833,0.591736132273218,0.35462805027013444,0.13060382406729795,0.5700199918523772
2021-07-13 01:20:00,0.531637350069735,-0.010939233219316113,0.5714518540580789,0.5597565791822889,0.6450847391082436,0.05997660913140312,0.5,0.4812113375155882,0.14355458367216833,0.591736132273218,0.35462805027013444,0.13060382406729795,0.5706436244851155
2021-07-13 01:30:00,0.5320469316596932,-0.011338709619891252,0.5711699180938197,0.5594911622924479,0.6451711926293334,0.05969348106904232,0.5,0.4812113375155882,0.14355458367216833,0.591736132273218,0.35462805027013444,0.13060382406729795,0.5712672571178539
2021-07-13 01:40:00,0.5324564574616457,-0.011738186020466168,0.5708881608339538,0.5592259953579717,0.6452576592375443,0.05941034521158129,0.5,0.4812113375155882,0.14355458367216833,0.591736132273218,0.35462805027013444,0.13060382406729795,0.5718909274710684
2021-07-13 01:50:00,0.532865990237099,-0.012137662421041084,0.5706063142218911,0.5589606498839492,0.6453440865843924,0.059127212694877515,0.5,0.4812113375155882,0.14355458367216833,0.591736132273218,0.35462805027013444,0.13060382406729795,0.5725145978242829
2021-07-13 02:00:00,0.5332755578800558,-0.012537138821616112,0.570324437825763,0.5586953044099268,0.6454305531926031,0.05884408463251671,0.5,0.4710653610488611,0.14294827402897134,0.6111473165433969,0.3681457530339179,0.1216876896563041,0.5731382304570214
2021-07-13 02:10:00,0.5336850767085077,-0.012936615222191139,0.5700426507818317,0.558429923227995,0.645517006713693,0.058560949888641425,0.5,0.4710653610488611,0.14294827402897134,0.6111473165433969,0.3681457530339179,0.1216876896563041,0.5737618630897596
2021-07-13 02:20:00,0.534094630404463,-0.013336091622766055,0.5697607743857036,0.5581646134618816,0.6456034471476619,0.05827782182628062,0.5,0.4710653610488611,0.14294827402897134,0.6111473165433969,0.3681457530339179,0.1216876896563041,0.5743855560752599
2021-07-13 02:30:00,0.5345041841004184,-0.013735568023340972,0.5694790171258375,0.5578993036957685,0.6456899137558728,0.057994688195991094,0.5,0.4710653610488611,0.14294827402897134,0.6111473165433969,0.3681457530339179,0.1216876896563041,0.5750092037961888
2021-07-13 02:40:00,0.5349137377963739,-0.014135044423915888,0.569197110945644,0.5576339939296553,0.6457763934512046,0.057711553452115816,0.5,0.4710653610488611,0.14294827402897134,0.6111473165433969,0.3681457530339179,0.1216876896563041,0.5756328364289272
2021-07-13 02:50:00,0.5353232635983264,-0.014534520824490804,0.5689152643335813,0.5573685770398142,0.6458628077109316,0.05742842427616927,0.5,0.4710653610488611,0.14294827402897134,0.6111473165433969,0.3681457530339179,0.1216876896563041,0.5762565445026178
2021-07-13 03:00:00,0.5357328451882845,-0.01493399722506572,0.5686335070737154,0.5571032315657918,0.6459492743191426,0.05714528953229399,0.5,0.46749878177840665,0.1288048803616022,0.619376031395119,0.3336412183859005,0.11094527555855752,0.5768801620471657
2021-07-13 03:10:00,0.5361423640167364,-0.015333473625640748,0.5683515711094562,0.5568378860917693,0.6460357409273534,0.05686216035634744,0.5,0.46749878177840665,0.1288048803616022,0.619376031395119,0.3336412183859005,0.11094527555855752,0.5775038097680946
2021-07-13 03:20:00,0.5365519037656904,-0.015732950026215664,0.5680696947133281,0.556572683449384,0.6461221551870804,0.05657902783964365,0.5,0.46749878177840665,0.1288048803616022,0.619376031395119,0.3336412183859005,0.11094527555855752,0.5781274801213091
2021-07-13 03:30:00,0.5369614365411437,-0.01613242642679069,0.5677879374534622,0.5563073379753616,0.6462086348824123,0.05629589420935412,0.5,0.46749878177840665,0.1288048803616022,0.619376031395119,0.3336412183859005,0.11094527555855752,0.5787511504745235
2021-07-13 03:40:00,0.537370990237099,-0.016531902827365608,0.5675060312732685,0.5560419925013389,0.6462951014906231,0.056012765033407574,0.5,0.46749878177840665,0.1288048803616022,0.619376031395119,0.3336412183859005,0.11094527555855752,0.5793747755631666
2021-07-13 03:50:00,0.5377805439330544,-0.016931379227940635,0.5672242740134026,0.5557766470273167,0.6463815419245921,0.05572963251670379,0.5,0.46749878177840665,0.1288048803616022,0.619376031395119,0.3336412183859005,0.11094527555855752,0.5799984157400003
2021-07-13 04:00:00,0.5381900697350069,-0.017330855628515662,0.5669423678332091,0.555511301553294,0.6464679954456819,0.05544650334075724,0.5,0.39975845692598555,0.13016404842431242,0.676392929503902,0.30698279658668604,0.07128611796018018,0.5806220860932149
2021-07-13 04:10:00,0.5385996513249651,-0.01773033202909058,0.566660491437081,0.5552459560792715,0.6465544751410137,0.055163368596881965,0.5,0.39975845692598555,0.13016404842431242,0.676392929503902,0.30698279658668604,0.07128611796018018,0.5812457564464294
2021-07-13 04:20:00,0.5390091771269176,-0.018129808429665495,0.5663787341772151,0.5549805391894305,0.6466409024878617,0.05488023385300669,0.5,0.39975845692598555,0.13016404842431242,0.676392929503902,0.30698279658668604,0.07128611796018018,0.5818693815350725
2021-07-13 04:30:00,0.539418709902371,-0.018529284830240522,0.5660967982129559,0.5547152294233173,0.6467273690960725,0.05459710467706014,0.5,0.39975845692598555,0.13016404842431242,0.676392929503902,0.30698279658668604,0.07128611796018018,0.5824930669764775
2021-07-13 04:40:00,0.5398282775453277,-0.01892876123081544,0.5658149516008935,0.5544499196572041,0.6468138357042835,0.05431397216035635,0.5,0.39975845692598555,0.13016404842431242,0.676392929503902,0.30698279658668604,0.07128611796018018,0.5831166920651206
2021-07-13 04:50:00,0.5402377963737797,-0.019328237631390355,0.5655331943410273,0.5541846813069093,0.6469003153996152,0.0540308429844098,0.5,0.39975845692598555,0.13016404842431242,0.676392929503902,0.30698279658668604,0.07128611796018018,0.5837403624183352
2021-07-13 05:00:00,0.540647350069735,-0.01972771403196527,0.5652513179448992,0.5539193001249778,0.6469867296593421,0.05374770935412027,0.5,0.38613548758714744,0.1333478924274508,0.6996379583585536,0.2995732825725897,0.04749871653125101,0.5843640327715497
2021-07-13 05:10:00,0.5410569037656904,-0.020127190432540187,0.5649694713328368,0.5536539903588644,0.6470731962675531,0.05346457683741648,0.5,0.38613548758714744,0.1333478924274508,0.6996379583585536,0.2995732825725897,0.04749871653125101,0.5849876729483834
2021-07-13 05:20:00,0.5414664574616458,-0.020526666833115326,0.5646876545048398,0.5533886805927513,0.647159662875764,0.053181447661469934,0.5,0.38613548758714744,0.1333478924274508,0.6996379583585536,0.2995732825725897,0.04749871653125101,0.5856112980370265
2021-07-13 05:30:00,0.5418759832635983,-0.020926143233690242,0.5644057781087117,0.5531233708266381,0.6472460771354909,0.052898312917594656,0.5,0.38613548758714744,0.1333478924274508,0.6996379583585536,0.2995732825725897,0.04749871653125101,0.586234968390241
2021-07-13 05:40:00,0.5422855160390516,-0.02132561963426516,0.5641239910647802,0.552857953936797,0.6473325568308228,0.052615183741648114,0.5,0.38613548758714744,0.1333478924274508,0.6996379583585536,0.2995732825725897,0.04749871653125101,0.5868586387434555
2021-07-13 05:50:00,0.5426950836820084,-0.021725096034840297,0.5638421444527177,0.5525926084627746,0.6474190234390336,0.05233204899777283,0.5,0.38613548758714744,0.1333478924274508,0.6996379583585536,0.2995732825725897,0.04749871653125101,0.5874822789202891
2021-07-13 06:00:00,0.5431046234309623,-0.022124572435415213,0.5635602382725242,0.5523272629887519,0.6475054638730026,0.0520489153674833,0.5,0.3716574784463995,0.159738166186311,0.836102636757302,0.36769355880059723,0.0998709765487177,0.5881059040089323
2021-07-13 06:10:00,0.5435141562064156,-0.02252404883599013,0.5632784512285927,0.5520619175147297,0.6475919173940925,0.0517657873051225,0.5,0.3716574784463995,0.159738166186311,0.836102636757302,0.36769355880059723,0.0998709765487177,0.5887296045385277
2021-07-13 06:20:00,0.5439237099023709,-0.022923525236565045,0.5629965748324643,0.5517967148723442,0.6476783840023033,0.05148265256124722,0.5,0.3716574784463995,0.159738166186311,0.836102636757302,0.36769355880059723,0.0998709765487177,0.5893532447153613
2021-07-13 06:30:00,0.5443332635983263,-0.023323001637139962,0.5627146984363363,0.5515313693983217,0.6477648113491513,0.05119952115812918,0.5,0.3716574784463995,0.159738166186311,0.836102636757302,0.36769355880059723,0.0998709765487177,0.5899768848921949
2021-07-13 06:40:00,0.5447427963737796,-0.02372247803771499,0.5624329113924047,0.5512660239242992,0.6478512779573621,0.05091639198218263,0.5,0.3716574784463995,0.159738166186311,0.836102636757302,0.36769355880059723,0.0998709765487177,0.5906005854217904
2021-07-13 06:50:00,0.5451523709902371,-0.024121954438289905,0.5621510052122112,0.5510006784502766,0.647937731478452,0.0506332561247216,0.5,0.3716574784463995,0.159738166186311,0.836102636757302,0.36769355880059723,0.0998709765487177,0.5912242180545287
2021-07-13 07:00:00,0.5455618967921897,-0.02452143083886482,0.5618692479523453,0.5507353329762543,0.6480241719124209,0.050350128062360805,0.5,0.374165497362938,0.1695138316183294,0.8236704141508331,0.40496065783869983,0.15871684589647972,0.5918478506872671
2021-07-13 07:10:00,0.545971429567643,-0.024920907239439738,0.5615873715562172,0.5504699160864133,0.6481106385206318,0.05006699331848553,0.5,0.374165497362938,0.1695138316183294,0.8236704141508331,0.40496065783869983,0.15871684589647972,0.5924714984081959
2021-07-13 07:20:00,0.5463809972105997,-0.025320383640014876,0.5613054951600891,0.5502046063203001,0.6481971182159637,0.049783859688196,0.5,0.374165497362938,0.1695138316183294,0.8236704141508331,0.40496065783869983,0.15871684589647972,0.5930951913936962
2021-07-13 07:30:00,0.5467905160390516,-0.025719860040589793,0.5610236783320921,0.5499392965541867,0.6482835324756906,0.049500730512249444,0.5,0.374165497362938,0.1695138316183294,0.8236704141508331,0.40496065783869983,0.15871684589647972,0.5937188240264345
2021-07-13 07:40:00,0.547200069735007,-0.02611933644116471,0.5607418317200297,0.5496739867880736,0.6483699990839016,0.04921759465478842,0.5,0.374165497362938,0.1695138316183294,0.8236704141508331,0.40496065783869983,0.15871684589647972,0.5943424566591728
2021-07-13 07:50:00,0.5476096234309623,-0.026518812841739736,0.5604599553239016,0.5494086056061418,0.6484564656921123,0.04893446770601337,0.5,0.374165497362938,0.1695138316183294,0.8236704141508331,0.40496065783869983,0.15871684589647972,0.5949661270123874
2021-07-13 08:00:00,0.5480191771269177,-0.026918289242314763,0.5601781980640355,0.549143367255847,0.6485428799518393,0.04865133630289533,0.5,0.4036833150836343,0.19399322427422497,0.7452793759527704,0.45718641118684744,0.176370526451405,0.595589797365602
2021-07-13 08:10:00,0.5484287029288704,-0.02731776564288968,0.559896351451973,0.5488780574897338,0.6486293596471713,0.0483682004454343,0.5,0.4036833150836343,0.19399322427422497,0.7452793759527704,0.45718641118684744,0.176370526451405,0.5962134299983404
2021-07-13 08:20:00,0.5488382357043236,-0.027717242043464596,0.559614534623976,0.5486127477236207,0.648715839342503,0.04808507126948775,0.5,0.4036833150836343,0.19399322427422497,0.7452793759527704,0.45718641118684744,0.176370526451405,0.596837138072031
2021-07-13 08:30:00,0.5492478103207811,-0.028116718444039512,0.559332658227848,0.5483473308337796,0.648802305950714,0.047801937639198225,0.5,0.4036833150836343,0.19399322427422497,0.7452793759527704,0.45718641118684744,0.176370526451405,0.5974607329842931
2021-07-13 08:40:00,0.5496573430962344,-0.02851619484461443,0.5590507818317199,0.5480819853597572,0.6488887332975618,0.047518808463251676,0.5,0.4036833150836343,0.19399322427422497,0.7452793759527704,0.45718641118684744,0.176370526451405,0.5980844033375078
2021-07-13 08:50:00,0.5500668758716876,-0.028915671245189345,0.558769024571854,0.5478166398857347,0.6489751999057728,0.047235674832962135,0.5,0.4036833150836343,0.19399322427422497,0.7452793759527704,0.45718641118684744,0.176370526451405,0.5987080359702461
2021-07-13 09:00:00,0.550476429567643,-0.029315147645764372,0.5584871183916604,0.5475512944117122,0.6490616534268627,0.04695253897550112,0.5,0.43152370587511313,0.21445832986118193,0.6779857148962337,0.4838503930846982,0.2219078133528622,0.5993317440439369
2021-07-13 09:10:00,0.5508859832635983,-0.0297146240463394,0.5582052122114667,0.5472859489376896,0.6491480938608315,0.04666940979955457,0.5,0.43152370587511313,0.21445832986118193,0.6779857148962337,0.4838503930846982,0.2219078133528622,0.5999553615884847
2021-07-13 09:20:00,0.5512955160390516,-0.030114100446914316,0.5579234549516008,0.5470206034636673,0.6492345604690425,0.046386280623608014,0.5,0.43152370587511313,0.21445832986118193,0.6779857148962337,0.4838503930846982,0.2219078133528622,0.6005790093094135
2021-07-13 09:30:00,0.551705090655509,-0.030513576847489232,0.5576415785554727,0.546755400821282,0.6493210401643742,0.046103151447661465,0.5,0.43152370587511313,0.21445832986118193,0.6779857148962337,0.4838503930846982,0.2219078133528622,0.6012026796626281
2021-07-13 09:40:00,0.5521146164574616,-0.03091305324806437,0.5573597915115411,0.5464900553472594,0.6494074544241013,0.04582001559020045,0.5,0.43152370587511313,0.21445832986118193,0.6779857148962337,0.4838503930846982,0.2219078133528622,0.6018263500158426
2021-07-13 09:50:00,0.5525241492329149,-0.03131252964863929,0.5570778853313476,0.5462247098732369,0.6494939210323121,0.045536881959910916,0.5,0.43152370587511313,0.21445832986118193,0.6779857148962337,0.4838503930846982,0.2219078133528622,0.6024499675603905
2021-07-13 10:00:00,0.5529337168758717,-0.0317120060492142,0.556796038719285,0.5459593643992144,0.649580387640523,0.04525375278396436,0.5,0.5384636499686646,0.2023666190622607,0.5598078867478861,0.48973790468379397,0.2996967013536386,0.6030736530017955
2021-07-13 10:10:00,0.553343249651325,-0.03211148244978912,0.5565142516753536,0.5456939832172827,0.6496668019002501,0.04497061804008908,0.5,0.5384636499686646,0.2023666190622607,0.5598078867478861,0.48973790468379397,0.2996967013536386,0.603697285634534
2021-07-13 10:20:00,0.5537527894002789,-0.03251095885036415,0.5562323752792253,0.5454286734511695,0.6497532815955818,0.044687489977728284,0.5,0.5384636499686646,0.2023666190622607,0.5598078867478861,0.48973790468379397,0.2996967013536386,0.6043209559877484
2021-07-13 10:30:00,0.5541623221757322,-0.03291043525093906,0.5559504988830972,0.5451633636850564,0.6498397482037926,0.04440435634743876,0.5,0.5384636499686646,0.2023666190622607,0.5598078867478861,0.48973790468379397,0.2996967013536386,0.6049446263409629
2021-07-13 10:40:00,0.5545718967921897,-0.03330991165151398,0.5556687118391659,0.5448979825031246,0.6499261886377615,0.04412122494432072,0.5,0.5384636499686646,0.2023666190622607,0.5598078867478861,0.48973790468379397,0.2996967013536386,0.6055682665177966
2021-07-13 10:50:00,0.5549814225941423,-0.033709388052088896,0.5553868354430378,0.5446326370291019,0.6500126421588515,0.043838093541202675,0.5,0.5384636499686646,0.2023666190622607,0.5598078867478861,0.48973790468379397,0.2996967013536386,0.6061918916064397
2021-07-13 11:00:00,0.5553909623430963,-0.03410886445266381,0.5551049888309751,0.5443674343867166,0.6500991087670625,0.043554958797327396,0.5,0.5370875348498094,0.19781785998557494,0.5508832159858841,0.41466355432608476,0.35652058389373614,0.6068155619596541
2021-07-13 11:10:00,0.555800529986053,-0.03450834085323895,0.5548232315711092,0.5441021246206035,0.6501855361139103,0.04327182739420936,0.5,0.5370875348498094,0.19781785998557494,0.5508832159858841,0.41466355432608476,0.35652058389373614,0.6074392323128687
2021-07-13 11:20:00,0.5562100627615063,-0.034907817253813866,0.5545412956068501,0.5438367434386715,0.650272002722121,0.04298869710467706,0.5,0.5370875348498094,0.19781785998557494,0.5508832159858841,0.41466355432608476,0.35652058389373614,0.6080628724897024
2021-07-13 11:30:00,0.5566195955369596,-0.03530729365438878,0.5542595383469842,0.5435713979646493,0.6503584562432111,0.042705564587973276,0.5,0.5370875348498094,0.19781785998557494,0.5508832159858841,0.41466355432608476,0.35652058389373614,0.6086864975783455
2021-07-13 11:40:00,0.5570291492329149,-0.03570677005496392,0.5539776619508561,0.5433060167827173,0.65044489667718,0.04242243095768374,0.5,0.5370875348498094,0.19781785998557494,0.5508832159858841,0.41466355432608476,0.35652058389373614,0.609310198107941
2021-07-13 11:50:00,0.5574387029288703,-0.03610624645553884,0.5536957557706625,0.543040671308695,0.6505313632853909,0.04213929844097996,0.5,0.5370875348498094,0.19781785998557494,0.5508832159858841,0.41466355432608476,0.35652058389373614,0.6099338382847745
2021-07-13 12:00:00,0.5578482357043236,-0.036505722856113754,0.5534139985107966,0.5427753258346724,0.6506178429807227,0.04185616926503341,0.5,0.5387079613491057,0.1837233159103112,0.518575542602761,0.338844114587867,0.3828753357382658,0.6105574784616081
2021-07-13 12:10:00,0.558257810320781,-0.03690519925668867,0.5531320923306029,0.5425099803606499,0.6507042965018125,0.04157303674832962,0.5,0.5387079613491057,0.1837233159103112,0.518575542602761,0.338844114587867,0.3828753357382658,0.6111811789912036
2021-07-13 12:20:00,0.5586673640167364,-0.037304675657263586,0.552850215934475,0.5422445991787181,0.6507907238486605,0.04128990534521158,0.5,0.5387079613491057,0.1837233159103112,0.518575542602761,0.338844114587867,0.3828753357382658,0.6118048040798467
2021-07-13 12:30:00,0.5590768479776849,-0.0377041520578385,0.5525684586746089,0.541979289412605,0.6508771904568714,0.041006770601336305,0.5,0.5387079613491057,0.1837233159103112,0.518575542602761,0.338844114587867,0.3828753357382658,0.6124284442566803
2021-07-13 12:40:00,0.5594864016736402,-0.03810362845841353,0.55228652271035,0.5417140867702197,0.6509636701522032,0.040723641425389756,0.5,0.5387079613491057,0.1837233159103112,0.518575542602761,0.338844114587867,0.3828753357382658,0.6130520844335139
2021-07-13 12:50:00,0.5598959553695955,-0.038503104858988446,0.5520047654504838,0.5414487412961972,0.6510501105861721,0.040440508908685974,0.5,0.5387079613491057,0.1837233159103112,0.518575542602761,0.338844114587867,0.3828753357382658,0.6136757849631095
2021-07-13 13:00:00,0.560305509065551,-0.03890258125956336,0.5517229188384214,0.5411833601142653,0.6511365641072621,0.04015737750556793,0.5,0.6242729443406978,0.16750237782573324,0.4280563820666061,0.26709942251790336,0.4290561469954952,0.6142994100517526
2021-07-13 13:10:00,0.5607150627615063,-0.03930205766013839,0.5514410126582279,0.5409180503481521,0.6512230307154729,0.03987424610244989,0.5,0.6242729443406978,0.16750237782573324,0.4280563820666061,0.26709942251790336,0.4290561469954952,0.6149230502285861
2021-07-13 13:20:00,0.5611246164574616,-0.03970153406071342,0.5511592553983617,0.5406527405820389,0.6513094580623208,0.03959111247216036,0.5,0.6242729443406978,0.16750237782573324,0.4280563820666061,0.26709942251790336,0.4290561469954952,0.6155467205818006
2021-07-13 13:30:00,0.561534170153417,-0.040101010461288444,0.5508773790022337,0.5403873594001072,0.6513959246705318,0.03930798106904232,0.5,0.6242729443406978,0.16750237782573324,0.4280563820666061,0.26709942251790336,0.4290561469954952,0.6161703909350152
2021-07-13 13:40:00,0.5619436541143654,-0.04050048686186336,0.5505954728220399,0.5401220139260845,0.6514823781916217,0.039024849665924274,0.5,0.6242729443406978,0.16750237782573324,0.4280563820666061,0.26709942251790336,0.4290561469954952,0.6167940160236584
2021-07-13 13:50:00,0.5623532078103208,-0.04089996326243828,0.550313715562174,0.5398566684520623,0.6515688186255906,0.038741718262806236,0.5,0.6242729443406978,0.16750237782573324,0.4280563820666061,0.26709942251790336,0.4290561469954952,0.6174177090091586
2021-07-13 14:00:00,0.5627627615062761,-0.041299439663013304,0.5500318689501114,0.5395913229780396,0.6516552852338015,0.03845858574610245,0.5,0.6467716377334174,0.15341932777214384,0.37746667736977874,0.16643361068726045,0.49678606460863733,0.6180413265537065
2021-07-13 14:10:00,0.563172350069735,-0.04169891606358822,0.5497501116902457,0.5393261203356543,0.6517417649291332,0.038175453229398665,0.5,0.6467716377334174,0.15341932777214384,0.37746667736977874,0.16643361068726045,0.49678606460863733,0.618664996906921
2021-07-13 14:20:00,0.5635818688981868,-0.04209839246416314,0.5494681757259863,0.5390607748616318,0.6518281791888603,0.03789232182628063,0.5,0.6467716377334174,0.15341932777214384,0.37746667736977874,0.16643361068726045,0.49678606460863733,0.6192886295396594
2021-07-13 14:30:00,0.5639914225941424,-0.04249786886473805,0.5491862993298584,0.5387954293876094,0.6519146457970711,0.03760919042316259,0.5,0.6467716377334174,0.15341932777214384,0.37746667736977874,0.16643361068726045,0.49678606460863733,0.6199123149810644
2021-07-13 14:40:00,0.5644009762900977,-0.04289734526531297,0.5489045420699923,0.5385300839135869,0.6520011124052819,0.0373260579064588,0.5,0.6467716377334174,0.15341932777214384,0.37746667736977874,0.16643361068726045,0.49678606460863733,0.6205359325256122
2021-07-13 14:50:00,0.5648104602510461,-0.043296821665887886,0.5486226358897988,0.5382647384395645,0.652087526665009,0.037042924276169266,0.5,0.6467716377334174,0.15341932777214384,0.37746667736977874,0.16643361068726045,0.49678606460863733,0.6211596028788268
2021-07-13 15:00:00,0.5652200139470014,-0.043696298066463024,0.5483407297096052,0.5379993929655418,0.6521740063603407,0.03675979287305123,0.5,0.6687654654106783,0.13841675598479286,0.33967340544238034,0.1333869248608724,0.5870987131190952,0.6217832732320413
2021-07-13 15:10:00,0.5656296373779638,-0.04409577446703794,0.5480589724497391,0.5377339760757007,0.6522604729685517,0.03647666146993319,0.5,0.6687654654106783,0.13841675598479286,0.33967340544238034,0.1333869248608724,0.5870987131190952,0.6224069209529701
2021-07-13 15:20:00,0.5660391910739191,-0.04449525086761286,0.5477770960536112,0.5374686663095876,0.6523469395767625,0.036193530066815145,0.5,0.6687654654106783,0.13841675598479286,0.33967340544238034,0.1333869248608724,0.5870987131190952,0.623030538497518
2021-07-13 15:30:00,0.5664486750348675,-0.044894727268187995,0.5474953387937451,0.5372033565434744,0.6524333669236104,0.03591039977728285,0.5,0.6687654654106783,0.13841675598479286,0.33967340544238034,0.1333869248608724,0.5870987131190952,0.6236542465712087
2021-07-13 15:40:00,0.5668582287308229,-0.04529420366876291,0.5472134028294862,0.5369381181931796,0.6525198335318214,0.035627265033407574,0.5,0.6687654654106783,0.13841675598479286,0.33967340544238034,0.1333869248608724,0.5870987131190952,0.6242778792039471
2021-07-13 15:50:00,0.5672677824267782,-0.04569368006933783,0.5469315562174235,0.5366727370112481,0.6526063001400322,0.03534413363028953,0.5,0.6687654654106783,0.13841675598479286,0.33967340544238034,0.1333869248608724,0.5870987131190952,0.6249015495571616
2021-07-13 16:00:00,0.5676772663877266,-0.046093156469912744,0.5466497989575576,0.5364074272451349,0.6526927274868802,0.03506100222717149,0.5,0.7042601234131016,0.13131919760234737,0.30118493848944344,0.16200473446033287,0.6319947656070689,0.6255252199103761
2021-07-13 16:10:00,0.5680868200836819,-0.04649263287048766,0.5463678927773641,0.5361421174790217,0.65277918100797,0.03477787082405345,0.5,0.7042601234131016,0.13131919760234737,0.30118493848944344,0.16200473446033287,0.6319947656070689,0.6261488525431146
2021-07-13 16:20:00,0.5684964435146443,-0.04689210927106269,0.5460860759493669,0.5358767362970898,0.6528656607033019,0.034494739420935415,0.5,0.7042601234131016,0.13131919760234737,0.30118493848944344,0.16200473446033287,0.6319947656070689,0.6267724851758529
2021-07-13 16:30:00,0.5689059972105996,-0.047291585671637604,0.5458042591213699,0.5356113908230673,0.6529520880501499,0.03421160579064588,0.5,0.7042601234131016,0.13131919760234737,0.30118493848944344,0.16200473446033287,0.6319947656070689,0.6273961555290674
2021-07-13 16:40:00,0.5693154811715481,-0.04769106207221252,0.5455223529411763,0.5353460453490448,0.6530385677454816,0.03392847438752784,0.5,0.7042601234131016,0.13131919760234737,0.30118493848944344,0.16200473446033287,0.6319947656070689,0.628019825882282
2021-07-13 16:50:00,0.5697250348675035,-0.048090538472787436,0.5452405956813104,0.5350806998750222,0.6531250343536926,0.033645342984409805,0.5,0.7042601234131016,0.13131919760234737,0.30118493848944344,0.16200473446033287,0.6319947656070689,0.6286434585150203
2021-07-13 17:00:00,0.5701345885634589,-0.048490014873362575,0.5449587490692478,0.5348153544009999,0.6532114486134195,0.03336221158129176,0.5,0.7129403983626299,0.11658386181887205,0.2942650722073279,0.1940116275968664,0.6371392286336931,0.6292670911477587
2021-07-13 17:10:00,0.5705441073919107,-0.04888949127393749,0.5446768131049886,0.5345501517586146,0.6532979283087513,0.033079080178173716,0.5,0.7129403983626299,0.11658386181887205,0.2942650722073279,0.1940116275968664,0.6371392286336931,0.6298907841332589
2021-07-13 17:20:00,0.5709536959553696,-0.04928896767451241,0.5443950558451227,0.534284806284592,0.6533843949169622,0.03279594654788419,0.5,0.7129403983626299,0.11658386181887205,0.2942650722073279,0.1940116275968664,0.6371392286336931,0.6305144318541878
2021-07-13 17:30:00,0.5713632496513249,-0.049688444075087435,0.5441131794489946,0.5340194608105695,0.6534708353509312,0.032512815144766144,0.5,0.7129403983626299,0.11658386181887205,0.2942650722073279,0.1940116275968664,0.6371392286336931,0.6311380644869261
2021-07-13 17:40:00,0.5717728033472804,-0.05008792047566246,0.5438312732688009,0.533754115336547,0.6535572888720211,0.032229683741648106,0.5,0.7129403983626299,0.11658386181887205,0.2942650722073279,0.1940116275968664,0.6371392286336931,0.6317617725606168
2021-07-13 17:50:00,0.5721822873082288,-0.05048739687623738,0.543549516008935,0.5334887698625246,0.6536437554802319,0.03194655233853007,0.5,0.7129403983626299,0.11658386181887205,0.2942650722073279,0.1940116275968664,0.6371392286336931,0.6323853976492599
2021-07-13 18:00:00,0.5725918410041841,-0.050886873276812294,0.5432676098287414,0.5332233529726835,0.65373018282708,0.031663418708240534,0.5,0.6553053258546813,0.11796027091408956,0.36092605760125757,0.2062869692642179,0.695803880768392,0.6330090378260935
2021-07-13 18:10:00,0.5730013947001394,-0.05128634967738721,0.5429857334326134,0.5329580432065704,0.6538166494352907,0.031380287305122496,0.5,0.6553053258546813,0.11796027091408956,0.36092605760125757,0.2062869692642179,0.695803880768392,0.6336326780029271
2021-07-13 18:20:00,0.5734109483960949,-0.05168582607796213,0.5427039761727475,0.5326927334404572,0.6539031029563807,0.031097155902004455,0.5,0.6553053258546813,0.11796027091408956,0.36092605760125757,0.2062869692642179,0.695803880768392,0.6342563785325226
2021-07-13 18:30:00,0.5738205020920503,-0.052085302478537154,0.5424220402084883,0.532427423674344,0.6539895433903496,0.030814024498886417,0.5,0.6553053258546813,0.11796027091408956,0.36092605760125757,0.2062869692642179,0.695803880768392,0.6348800036211657
2021-07-13 18:40:00,0.5742300557880056,-0.05248477887911207,0.5421402829486224,0.5321620067845028,0.6540760099985604,0.030530893095768372,0.5,0.6553053258546813,0.11796027091408956,0.36092605760125757,0.2062869692642179,0.695803880768392,0.6355036437979993
2021-07-13 18:50:00,0.574639609483961,-0.0528842552796871,0.5418584363365597,0.5318968041421175,0.6541624896938923,0.030247759465478842,0.5,0.6553053258546813,0.11796027091408956,0.36092605760125757,0.2062869692642179,0.695803880768392,0.6361273141512139
2021-07-13 19:00:00,0.5750490934449094,-0.053283731680262014,0.5415765599404316,0.5316314943760041,0.6542489432149822,0.0299646280623608,0.5,0.6609564732176356,0.13958052567908147,0.3554778692234423,0.2596468290403891,0.6654243623696753,0.6367509845044285
2021-07-13 19:10:00,0.5754586471408647,-0.05368320808083704,0.5412947728965003,0.5313661846098909,0.6543353705618301,0.029681496659242763,0.5,0.6609564732176356,0.13958052567908147,0.3554778692234423,0.2596468290403891,0.6654243623696753,0.6373746095930716
2021-07-13 19:20:00,0.57586820083682,-0.05408268448141207,0.5410128965003722,0.5311007677200499,0.6544218371700409,0.02939836525612472,0.5,0.6609564732176356,0.13958052567908147,0.3554778692234423,0.2596468290403891,0.6654243623696753,0.6379982950344766
2021-07-13 19:30:00,0.576277789400279,-0.054482160881986985,0.5407310201042441,0.5308354222460276,0.6545083037782519,0.029115233853006683,0.5,0.6609564732176356,0.13958052567908147,0.3554778692234423,0.2596468290403891,0.6654243623696753,0.6386219201231197
2021-07-13 19:40:00,0.5766873082287308,-0.0548816372825619,0.5404492330603126,0.530570076772005,0.6545947311250997,0.028832099109131405,0.5,0.6609564732176356,0.13958052567908147,0.3554778692234423,0.2596468290403891,0.6654243623696753,0.6392455904763342
2021-07-13 19:50:00,0.5770968619246862,-0.05528111368313693,0.5401673864482501,0.5303047312979825,0.6546811977333107,0.028548967706013364,0.5,0.6609564732176356,0.13958052567908147,0.3554778692234423,0.2596468290403891,0.6654243623696753,0.6398692155649773
2021-07-13 20:00:00,0.5775064156206415,-0.055680590083711845,0.539885629188384,0.5300393858239598,0.6547676643415216,0.028265836302895322,0.5,0.6638797380982002,0.1457413212952623,0.3766525306963097,0.37872747961583897,0.6152159855546583,0.6404929010063823
2021-07-13 20:10:00,0.57791589958159,-0.05608006648428676,0.539603693224125,0.5297740403499376,0.6548540916883695,0.02798270601336303,0.5,0.6638797380982002,0.1457413212952623,0.3766525306963097,0.37872747961583897,0.6152159855546583,0.6411165260950255
2021-07-13 20:20:00,0.5783254532775453,-0.05647954288486168,0.539321816827997,0.5295088377075523,0.6549405582965804,0.027699574610244988,0.5,0.6638797380982002,0.1457413212952623,0.3766525306963097,0.37872747961583897,0.6152159855546583,0.64174019644824
2021-07-13 20:30:00,0.5787350767085077,-0.056879019285436594,0.5390400595681308,0.5292434922335298,0.6550270249047911,0.027416439866369713,0.5,0.6638797380982002,0.1457413212952623,0.3766525306963097,0.37872747961583897,0.6152159855546583,0.6423638668014545
2021-07-13 20:40:00,0.579144630404463,-0.05727849568601151,0.5387581533879373,0.5289781467595072,0.6551134522516392,0.02713330846325167,0.5,0.6638797380982002,0.1457413212952623,0.3766525306963097,0.37872747961583897,0.6152159855546583,0.6429875069782881
2021-07-13 20:50:00,0.5795541143654114,-0.05767797208658665,0.5384762472077436,0.5287127298696661,0.6551999057727291,0.026850178173719378,0.5,0.6638797380982002,0.1457413212952623,0.3766525306963097,0.37872747961583897,0.6152159855546583,0.6436111320669312
2021-07-13 21:00:00,0.5799636680613669,-0.058077448487161565,0.5381944899478777,0.528447420103553,0.6552864116423028,0.02656704565701559,0.5,0.6587904568806255,0.1557554876769705,0.3932646736305375,0.5125943400763111,0.600944819851428,0.6442348401406219
2021-07-13 21:10:00,0.5803732217573222,-0.05847692488773648,0.5379126135517496,0.5281821103374398,0.6553728259020298,0.026283912026726062,0.5,0.6587904568806255,0.1557554876769705,0.3932646736305375,0.5125943400763111,0.600944819851428,0.6448584727733603
2021-07-13 21:20:00,0.5807827057182706,-0.05887640128831162,0.5376308562918837,0.5279168005713266,0.6554592925102406,0.026000779510022273,0.5,0.6587904568806255,0.1557554876769705,0.3932646736305375,0.5125943400763111,0.600944819851428,0.6454821204942892
2021-07-13 21:30:00,0.5811922594142259,-0.059275877688886536,0.5373489203276245,0.5276514193893949,0.6555457591184516,0.025717650334075727,0.5,0.6587904568806255,0.1557554876769705,0.3932646736305375,0.5125943400763111,0.600944819851428,0.646105738038837
2021-07-13 21:40:00,0.5816018828451883,-0.05967535408946145,0.5370670737155618,0.5273860739153722,0.6556321733781785,0.025434517817371938,0.5,0.6587904568806255,0.1557554876769705,0.3932646736305375,0.5125943400763111,0.600944819851428,0.6467294461125278
2021-07-13 21:50:00,0.5820114365411436,-0.06007483049003637,0.5367853164556959,0.5271208712729869,0.6557186530735104,0.0251513864142539,0.5,0.6587904568806255,0.1557554876769705,0.3932646736305375,0.5125943400763111,0.600944819851428,0.647353078745266
2021-07-13 22:00:00,0.582420920502092,-0.060474306890611285,0.5365034400595678,0.5268555615068737,0.6558051196817213,0.02486825167037862,0.5,0.599453576335049,0.17587002560293183,0.4411229289192888,0.567997332683083,0.6003340071309058,0.647976726466195
2021-07-13 22:10:00,0.5828304741980475,-0.06087378329118631,0.5362215934475054,0.5265901446170327,0.6558915601156902,0.024585122494432073,0.5,0.599453576335049,0.17587002560293183,0.4411229289192888,0.567997332683083,0.6003340071309058,0.6486004194516952
2021-07-13 22:20:00,0.5832400278940028,-0.06127325969176123,0.5359397766195084,0.5263247991430102,0.6559780136367801,0.024301989977728287,0.5,0.599453576335049,0.17587002560293183,0.4411229289192888,0.567997332683083,0.6003340071309058,0.6492240520844336
2021-07-13 22:30:00,0.5836495467224547,-0.061672736092336145,0.5356579002233803,0.5260594536689875,0.6560644802449909,0.024018858574610242,0.5,0.599453576335049,0.17587002560293183,0.4411229289192888,0.567997332683083,0.6003340071309058,0.6498476847171719
2021-07-13 22:40:00,0.5840591352859136,-0.06207221249291117,0.5353761131794488,0.5257941081949653,0.6561509468532017,0.023735727171492204,0.5,0.599453576335049,0.17587002560293183,0.4411229289192888,0.567997332683083,0.6003340071309058,0.6504713550703864
2021-07-13 22:50:00,0.5844686889818689,-0.0624716888934862,0.5350942665673863,0.5255287627209426,0.6562373742000497,0.02345259354120267,0.5,0.599453576335049,0.17587002560293183,0.4411229289192888,0.567997332683083,0.6003340071309058,0.651095025423601
2021-07-13 23:00:00,0.5848782426778243,-0.06287116529406112,0.5348123603871926,0.5252634172469202,0.6563238277211396,0.023169462138084632,0.5,0.5655141728950781,0.18982664141813296,0.4894842558363347,0.47774748416851276,0.606348049413251,0.6517186580563393
2021-07-13 23:10:00,0.5852877266387727,-0.06327064169463614,0.5345305733432613,0.5249980360649884,0.6564103074164716,0.022886330734966594,0.5,0.5655141728950781,0.18982664141813296,0.4894842558363347,0.47774748416851276,0.606348049413251,0.65234236613003
2021-07-13 23:20:00,0.585697280334728,-0.06367011809521106,0.5342486969471332,0.5247327262988752,0.6564967347633194,0.022603199331848553,0.5,0.5655141728950781,0.18982664141813296,0.4894842558363347,0.47774748416851276,0.606348049413251,0.6529659836745779
2021-07-13 23:30:00,0.5861068340306834,-0.06406959449578609,0.5339668205510051,0.52446752365649,0.6565832144586513,0.022320066815144764,0.5,0.5655141728950781,0.18982664141813296,0.4894842558363347,0.47774748416851276,0.606348049413251,0.6535896313955067
2021-07-13 23:40:00,0.5865163877266388,-0.064469070896361,0.5336850335070735,0.5242021067666489,0.6566696679797411,0.022036935412026726,0.5,0.5655141728950781,0.18982664141813296,0.4894842558363347,0.47774748416851276,0.606348049413251,0.6542132640282451
2021-07-13 23:50:00,0.5869259414225941,-0.06486854729693592,0.53340312732688,0.5239367970005357,0.6567560953265891,0.021753801781737196,0.5,0.5655141728950781,0.18982664141813296,0.4894842558363347,0.47774748416851276,0.606348049413251,0.6548369721019358
2021-07-14 00:00:00,0.5873354951185494,-0.06526802369751084,0.5331212807148176,0.5236714872344226,0.6568425619348001,0.021470671492204902,0.5,0.5559544770352305,0.1947432091883217,0.5114567049607276,0.33425124709400605,0.5785493270954012,0.6554605896464838
2021-07-14 00:10:00,0.587745048814505,-0.06566750009808575,0.532839493670886,0.5234061774683092,0.6569290285430108,0.02118753786191537,0.5,0.5559544770352305,0.1947432091883217,0.5114567049607276,0.33425124709400605,0.5785493270954012,0.6560842373674125
2021-07-14 00:20:00,0.5881545327754533,-0.06606697649866067,0.5325576172747579,0.5231407962863774,0.6570154558898589,0.020904406458797327,0.5,0.5559544770352305,0.1947432091883217,0.5114567049607276,0.33425124709400605,0.5785493270954012,0.6567079077206271
2021-07-14 00:30:00,0.5885640864714087,-0.0664664528992357,0.5322758004467609,0.5228754508123548,0.6571019224980696,0.020621275055679286,0.5,0.5559544770352305,0.1947432091883217,0.5114567049607276,0.33425124709400605,0.5785493270954012,0.6573315780738416
2021-07-14 00:40:00,0.588973640167364,-0.06686592929981072,0.5319939538346983,0.5226101053383325,0.6571883891062805,0.0203381425389755,0.5,0.5559544770352305,0.1947432091883217,0.5114567049607276,0.33425124709400605,0.5785493270954012,0.6579552031624848
2021-07-14 00:50:00,0.5893832635983264,-0.06726540570038564,0.5317120774385702,0.5223447598643101,0.6572748164531286,0.020055011135857462,0.5,0.5559544770352305,0.1947432091883217,0.5114567049607276,0.33425124709400605,0.5785493270954012,0.6585788886038898
2021-07-14 01:00:00,0.5897927475592747,-0.06766488210096056,0.5314303201787041,0.5220795215140153,0.6573612830613393,0.019771878619153676,0.5,0.5045650040040384,0.19109385730746953,0.5456132014517174,0.14197029774803924,0.5982771462889028,0.6592025136925329
2021-07-14 01:10:00,0.5902023012552302,-0.0680643585015357,0.5311484735666416,0.521814176039993,0.6574477496695501,0.019488747216035635,0.5,0.5045650040040384,0.19109385730746953,0.5456132014517174,0.14197029774803924,0.5982771462889028,0.6598261840457474
2021-07-14 01:20:00,0.5906118549511855,-0.06846383490211061,0.5308665376023824,0.5215488305659703,0.6575341770163982,0.01920561469933185,0.5,0.5045650040040384,0.19109385730746953,0.5456132014517174,0.14197029774803924,0.5982771462889028,0.6604498091343906
2021-07-14 01:30:00,0.5910213389121339,-0.06886331130268553,0.5305847803425165,0.5212834850919479,0.65762065671173,0.018922483296213807,0.5,0.5045650040040384,0.19109385730746953,0.5456132014517174,0.14197029774803924,0.5982771462889028,0.6610734945757956
2021-07-14 01:40:00,0.5914308926080892,-0.06926278770326044,0.5303029039463885,0.5210181396179252,0.6577071364070618,0.01863935189309577,0.5,0.5045650040040384,0.19109385730746953,0.5456132014517174,0.14197029774803924,0.5982771462889028,0.6616971196644387
2021-07-14 01:50:00,0.5918404463040446,-0.06966226410383547,0.5300211466865226,0.520752794143903,0.6577935506667888,0.018356219376391984,0.5,0.5045650040040384,0.19109385730746953,0.5456132014517174,0.14197029774803924,0.5982771462889028,0.6623207900176532
2021-07-14 02:00:00,0.5922500697350069,-0.07006174050441039,0.5297392405063288,0.520487412961971,0.6578800172749998,0.018073087973273942,0.5,0.5062179831186673,0.19626329355443892,0.5568614874003194,0.08754327874774998,0.7199361153839882,0.6629444603708677
2021-07-14 02:10:00,0.5926595536959554,-0.0704612169049853,0.5294573343261353,0.5202221031958578,0.6579664838832106,0.017789955456570156,0.5,0.5062179831186673,0.19626329355443892,0.5568614874003194,0.08754327874774998,0.7199361153839882,0.6635681005477013
2021-07-14 02:20:00,0.5930691073919108,-0.07086069330556022,0.5291755770662694,0.5199567934297447,0.6580529504914214,0.017506824053452115,0.5,0.5062179831186673,0.19626329355443892,0.5568614874003194,0.08754327874774998,0.7199361153839882,0.6641917256363444
2021-07-14 02:30:00,0.5934786610878661,-0.07126016970613536,0.5288937006701413,0.5196915550794501,0.6581393778382694,0.01722369153674833,0.5,0.5062179831186673,0.19626329355443892,0.5568614874003194,0.08754327874774998,0.7199361153839882,0.6648154261659399
2021-07-14 02:40:00,0.5938881450488145,-0.07165964610671027,0.5286117647058821,0.5194261738975183,0.6582258444464802,0.01694056013363029,0.5,0.5062179831186673,0.19626329355443892,0.5568614874003194,0.08754327874774998,0.7199361153839882,0.6654390663427735
2021-07-14 02:50:00,0.5942976987447698,-0.07205912250728519,0.5283300074460162,0.5191608641314052,0.658312311054691,0.01665742873051225,0.5,0.5062179831186673,0.19626329355443892,0.5568614874003194,0.08754327874774998,0.7199361153839882,0.6660627065196071
2021-07-14 03:00:00,0.5947073221757322,-0.07245859890786022,0.5280481608339538,0.518895554365292,0.6583987384015391,0.016374296213808464,0.5,0.499834001673658,0.19761958811173264,0.5717403348932739,0.06364763379767431,0.7195413725147318,0.6666863316082502
2021-07-14 03:10:00,0.5951168758716875,-0.07285807530843524,0.5277663737900222,0.5186301731833602,0.6584852050097498,0.016091164810690423,0.5,0.499834001673658,0.19761958811173264,0.5717403348932739,0.06364763379767431,0.7195413725147318,0.6673100321378458
2021-07-14 03:20:00,0.5955263598326359,-0.07325755170901016,0.5274844973938941,0.5183648277093376,0.6585716716179607,0.015808032293986637,0.5,0.499834001673658,0.19761958811173264,0.5717403348932739,0.06364763379767431,0.7195413725147318,0.6679336723146793
2021-07-14 03:30:00,0.5959359135285914,-0.07365702810958508,0.527202620997766,0.5180994822353151,0.6586580989648088,0.015524900890868599,0.5,0.499834001673658,0.19761958811173264,0.5717403348932739,0.06364763379767431,0.7195413725147318,0.668557312491513
2021-07-14 03:40:00,0.5963454672245467,-0.07405650451015999,0.5269208339538345,0.5178341367612926,0.6587445524858986,0.015241769487750557,0.5,0.499834001673658,0.19761958811173264,0.5717403348932739,0.06364763379767431,0.7195413725147318,0.6691810130211084
2021-07-14 03:50:00,0.5967549860529986,-0.07445598091073491,0.5266389575577066,0.5175687912872702,0.6588310321812305,0.01495863697104677,0.5,0.499834001673658,0.19761958811173264,0.5717403348932739,0.06364763379767431,0.7195413725147318,0.6698046381097515
2021-07-14 04:00:00,0.5971645048814505,-0.07485545731130983,0.526357110945644,0.5173034458132477,0.6589174595280783,0.014675505567928732,0.5,0.4226480151743215,0.2080360452519626,0.7292291464001847,0.05422694621912251,0.5619827586429912,0.6704282782865851
2021-07-14 04:10:00,0.5975741283124129,-0.07525493371188485,0.5260753536857781,0.5170382074629529,0.6590039392234103,0.014392371937639198,0.5,0.4226480151743215,0.2080360452519626,0.7292291464001847,0.05422694621912251,0.5619827586429912,0.6710519486397997
2021-07-14 04:20:00,0.5979836820083683,-0.07565441011245977,0.5257934177215187,0.5167728619889307,0.6590903927445002,0.014109241648106903,0.5,0.4226480151743215,0.2080360452519626,0.7292291464001847,0.05422694621912251,0.5619827586429912,0.6716756189930142
2021-07-14 04:30:00,0.5983931659693167,-0.0760538865130348,0.525511660461653,0.516507516514908,0.659176820091348,0.013826108017817373,0.5,0.4226480151743215,0.2080360452519626,0.7292291464001847,0.05422694621912251,0.5619827586429912,0.6722992516257525
2021-07-14 04:40:00,0.598802719665272,-0.07645336291360971,0.5252297840655247,0.5162421710408855,0.659263286699559,0.013542976614699331,0.5,0.4226480151743215,0.2080360452519626,0.7292291464001847,0.05422694621912251,0.5619827586429912,0.6729229370671576
2021-07-14 04:50:00,0.5992122733612273,-0.07685283931418474,0.5249478778853311,0.5159767898589538,0.6593497533077698,0.013259845211581292,0.5,0.4226480151743215,0.2080360452519626,0.7292291464001847,0.05422694621912251,0.5619827586429912,0.6735465546117054
2021-07-14 05:00:00,0.5996218270571827,-0.07725231571475977,0.524666120625465,0.5157114800928406,0.6594361806546178,0.012976712694877506,0.5,0.41166330856644096,0.20344418359400862,0.7051401695530195,0.088756645963976,0.34880560660211235,0.67417022496492
2021-07-14 05:10:00,0.6000313807531381,-0.07765179211533468,0.5243842144452715,0.5154461703267275,0.6595226472628286,0.012693581291759468,0.5,0.41166330856644096,0.20344418359400862,0.7051401695530195,0.088756645963976,0.34880560660211235,0.6747938575976583
2021-07-14 05:20:00,0.6004409344490934,-0.0780512685159096,0.5241023380491434,0.5151808605606143,0.6596091138710395,0.012410448775055679,0.5,0.41166330856644096,0.20344418359400862,0.7051401695530195,0.088756645963976,0.34880560660211235,0.6754175430390633
2021-07-14 05:30:00,0.6008504881450488,-0.07845074491648463,0.5238205807892775,0.5149154436707732,0.6596955412178875,0.012127317371937639,0.5,0.41166330856644096,0.20344418359400862,0.7051401695530195,0.088756645963976,0.34880560660211235,0.6760411605836112
2021-07-14 05:40:00,0.6012599721059972,-0.07885022131705954,0.5235386448250183,0.514650241028388,0.6597820209132192,0.011844184855233853,0.5,0.41166330856644096,0.20344418359400862,0.7051401695530195,0.088756645963976,0.34880560660211235,0.6766648309368257
2021-07-14 05:50:00,0.6016695258019525,-0.07924969771763446,0.5232567982129559,0.5143849312622746,0.6598684744343092,0.011561053452115813,0.5,0.41166330856644096,0.20344418359400862,0.7051401695530195,0.088756645963976,0.34880560660211235,0.6772885012900404
2021-07-14 06:00:00,0.602079079497908,-0.07964917411820938,0.52297504095309,0.5141195500803428,0.659954954129641,0.011277922048997772,0.5,0.3974540252676333,0.2779627995988597,0.7898740697708482,0.3204655475759525,0.11276451702807602,0.6779121716432548
2021-07-14 06:10:00,0.6024887029288702,-0.08004865051878429,0.5226931347728963,0.5138542046063201,0.660041381476489,0.010994789532293988,0.5,0.3974540252676333,0.2779627995988597,0.7898740697708482,0.3204655475759525,0.11276451702807602,0.6785357891878028
2021-07-14 06:20:00,0.6028981868898187,-0.08044812691935943,0.5224113775130304,0.5135888591322979,0.6601278611718208,0.010711658129175947,0.5,0.3974540252676333,0.2779627995988597,0.7898740697708482,0.3204655475759525,0.11276451702807602,0.6791594746292078
2021-07-14 06:30:00,0.6033077405857741,-0.08084760331993435,0.5221295011169023,0.5133235136582752,0.6602143146929107,0.010428526169265035,0.5,0.3974540252676333,0.2779627995988597,0.7898740697708482,0.3204655475759525,0.11276451702807602,0.6797831072619461
2021-07-14 06:40:00,0.6037172942817295,-0.08124707972050926,0.5218475949367087,0.5130581681842528,0.6603007420397587,0.010145394209354121,0.5,0.3974540252676333,0.2779627995988597,0.7898740697708482,0.3204655475759525,0.11276451702807602,0.6804067776151606
2021-07-14 06:50:00,0.6041267782426778,-0.0816465561210844,0.5215658376768428,0.5127928227102305,0.6603872086479695,0.009862262138084632,0.5,0.3974540252676333,0.2779627995988597,0.7898740697708482,0.3204655475759525,0.11276451702807602,0.6810303951597085
2021-07-14 07:00:00,0.6045363319386332,-0.08204603252165932,0.5212839910647802,0.512527405820389,0.6604736752561804,0.009579130289532294,0.5,0.41265673033660266,0.260069481361007,0.765428111165768,0.38040868166805375,0.13705041924768313,0.6816540806011135
2021-07-14 07:10:00,0.6049458856345886,-0.08244550892223423,0.5210020848845867,0.5122622745938226,0.6605601026030283,0.009295998106904232,0.5,0.41265673033660266,0.260069481361007,0.765428111165768,0.38040868166805375,0.13705041924768313,0.6822777132338519
2021-07-14 07:20:00,0.6053555090655509,-0.08284498532280915,0.5207202978406551,0.5119969291198001,0.6606465692112392,0.009012866815144767,0.5,0.41265673033660266,0.260069481361007,0.765428111165768,0.38040868166805375,0.13705041924768313,0.6829013835870664
2021-07-14 07:30:00,0.6057649930264992,-0.08324446172338407,0.520438421444527,0.5117315479378683,0.66073303581945,0.008729734966592429,0.5,0.41265673033660266,0.260069481361007,0.765428111165768,0.38040868166805375,0.13705041924768313,0.683525053940281
2021-07-14 07:40:00,0.6061745467224547,-0.0836439381239591,0.5201566641846611,0.5114661667559364,0.660819463166298,0.008446602449888643,0.5,0.41265673033660266,0.260069481361007,0.765428111165768,0.38040868166805375,0.13705041924768313,0.6841486941171145
2021-07-14 07:50:00,0.60658410041841,-0.08404341452453401,0.5198747580044676,0.5112008569898232,0.6609059297745089,0.008163471046770602,0.5,0.41265673033660266,0.260069481361007,0.765428111165768,0.38040868166805375,0.13705041924768313,0.6847723192057577
2021-07-14 08:00:00,0.606993619246862,-0.08444289092510893,0.5195928518242738,0.51093554722371,0.6609923963827198,0.007880338530066816,0.5,0.4222245643502833,0.27208360751364125,0.6736061891379391,0.3813901611283079,0.18888252075355508,0.6853960197353532
2021-07-14 08:10:00,0.6074031380753138,-0.08484236732568384,0.5193110945644077,0.5106702374575969,0.6610788237295677,0.007597206681514477,0.5,0.4222245643502833,0.27208360751364125,0.6736061891379391,0.3813901611283079,0.18888252075355508,0.6860196599121867
2021-07-14 08:20:00,0.6078127615062762,-0.08524184372625898,0.5190292181682796,0.5104048205677558,0.6611652772506575,0.007314074610244989,0.5,0.4222245643502833,0.27208360751364125,0.6736061891379391,0.3813901611283079,0.18888252075355508,0.6866433000890204
2021-07-14 08:30:00,0.6082223152022316,-0.0856413201268339,0.5187472822040207,0.5101394750937331,0.6612517569459895,0.007030943207126949,0.5,0.4222245643502833,0.27208360751364125,0.6736061891379391,0.3813901611283079,0.18888252075355508,0.6872669251776635
2021-07-14 08:40:00,0.6086317991631799,-0.08604079652740881,0.5184655249441545,0.5098741296197109,0.6613381842928373,0.006747811247216036,0.5,0.4222245643502833,0.27208360751364125,0.6736061891379391,0.3813901611283079,0.18888252075355508,0.687890625707259
2021-07-14 08:50:00,0.6090413528591353,-0.08644027292798384,0.5181836783320921,0.5096089269773256,0.6614246639881692,0.006464679287305123,0.5,0.4222245643502833,0.27208360751364125,0.6736061891379391,0.3813901611283079,0.18888252075355508,0.6885142658840925
2021-07-14 09:00:00,0.6094509065550906,-0.08683974932855887,0.5179019210722262,0.509343581503303,0.6615111175092592,0.0061815472160356355,0.5,0.4174121471284824,0.2756237661886124,0.6714433742600554,0.43832447722600565,0.2695333372792439,0.6891379060609262
2021-07-14 09:10:00,0.6098604253835426,-0.08723922572913378,0.5176200148920325,0.5090782360292805,0.6615975448561071,0.005898415367483297,0.5,0.4174121471284824,0.2756237661886124,0.6714433742600554,0.43832447722600565,0.2695333372792439,0.6897616065905217
2021-07-14 09:20:00,0.6102699442119943,-0.0876387021297087,0.5173381980640355,0.5088128905552578,0.661684011464318,0.005615283184855234,0.5,0.4174121471284824,0.2756237661886124,0.6714433742600554,0.43832447722600565,0.2695333372792439,0.6903852316791648
2021-07-14 09:30:00,0.6106795676429567,-0.08803817853028362,0.5170563812360385,0.5085475450812356,0.6617704780725288,0.00533215144766147,0.5,0.4174121471284824,0.2756237661886124,0.6714433742600554,0.43832447722600565,0.2695333372792439,0.6910088718559982
2021-07-14 09:40:00,0.6110891213389121,-0.08843765493085853,0.516774475055845,0.5082821996072131,0.6618569315936187,0.005049019487750557,0.5,0.4174121471284824,0.2756237661886124,0.6714433742600554,0.43832447722600565,0.2695333372792439,0.6916325422092129
2021-07-14 09:50:00,0.6114986052998606,-0.08883713133143345,0.5164926284437825,0.5080167827173718,0.6619433720275877,0.004765887861915368,0.5,0.4174121471284824,0.2756237661886124,0.6714433742600554,0.43832447722600565,0.2695333372792439,0.6922562125624274
2021-07-14 10:00:00,0.611908158995816,-0.08923660773200848,0.5162108711839164,0.5077514729512587,0.6620298517229195,0.00448275579064588,0.5,0.535621799979521,0.2738278253023659,0.5528305736677828,0.46870789388722334,0.33453827803188324,0.6928798376510705
2021-07-14 10:10:00,0.6123177126917713,-0.0896360841325835,0.5159289352196574,0.5074861631851455,0.6621163183311304,0.0041996238307349665,0.5,0.535621799979521,0.2738278253023659,0.5528305736677828,0.46870789388722334,0.33453827803188324,0.6935034778279041
2021-07-14 10:20:00,0.6127272663877267,-0.09003556053315842,0.5156471779597913,0.5072209605427602,0.6622027456779782,0.003916492204899777,0.5,0.535621799979521,0.2738278253023659,0.5528305736677828,0.46870789388722334,0.33453827803188324,0.6941271481811186
2021-07-14 10:30:00,0.613136820083682,-0.09043503693373334,0.5153653015636632,0.5069555436529192,0.6622891991990683,0.0036333601336302895,0.5,0.535621799979521,0.2738278253023659,0.5528305736677828,0.46870789388722334,0.33453827803188324,0.6947508185343332
2021-07-14 10:40:00,0.6135463737796374,-0.09083451333430848,0.5150833953834697,0.506690233886806,0.6623756788944,0.0033502280623608017,0.5,0.535621799979521,0.2738278253023659,0.5528305736677828,0.46870789388722334,0.33453827803188324,0.6953744436229763
2021-07-14 10:50:00,0.6139559274755928,-0.09123398973488339,0.5148016381236038,0.5064249241206928,0.662462106241248,0.0030670964365256126,0.5,0.535621799979521,0.2738278253023659,0.5528305736677828,0.46870789388722334,0.33453827803188324,0.6959981290643813
2021-07-14 11:00:00,0.6143654114365412,-0.0916334661354582,0.5145197319434103,0.5061596143545797,0.6625485859365798,0.0027839643652561247,0.5,0.542372231818647,0.262126911240292,0.5207833764945203,0.4337719769523254,0.36585432530714135,0.6966217541530244
2021-07-14 11:10:00,0.698744769874477,-0.01195219123505975,0.5136262099776618,0.5118728798428851,0.6620120139770452,0.006124721603563475,0.5,0.542372231818647,0.262126911240292,0.5207833764945203,0.4337719769523254,0.36585432530714135,0.9349774431552423
2021-07-14 11:20:00,0.6569037656903766,-0.11553784860557781,0.5133283693224122,0.507230851633637,0.6583476201070526,0.0014476614699331849,0.5,0.542372231818647,0.262126911240292,0.5207833764945203,0.4337719769523254,0.36585432530714135,0.8245243447953288
2021-07-14 11:30:00,0.6478382147838214,-0.06772908366533881,0.5160089352196573,0.5136582753079808,0.6563191163575924,0.0016703786191536749,0.5,0.542372231818647,0.262126911240292,0.5207833764945203,0.4337719769523254,0.36585432530714135,0.7928014243251807
2021-07-14 11:40:00,0.6548117154811716,-0.02788844621513953,0.5201787043931496,0.5236564899125158,0.6597610291711926,0.0012249443207126948,0.5,0.542372231818647,0.262126911240292,0.5207833764945203,0.4337719769523254,0.36585432530714135,0.8073917045128778
2021-07-14 11:50:00,0.6311018131101813,0.17928286852589648,0.5243484735666417,0.5268702017496876,0.662561673057544,0.00111358574610245,0.5,0.542372231818647,0.262126911240292,0.5207833764945203,0.4337719769523254,0.36585432530714135,0.7495813027143655
2021-07-14 12:00:00,0.5683403068340307,-0.1872509960159363,0.5282204020848844,0.5440099982146045,0.6500765596576409,0.0008908685968819599,0.5,0.5600096123603879,0.253052381130265,0.48971772063787,0.35918687911136826,0.3810503598264455,0.6267106235949123
2021-07-14 12:10:00,0.5516039051603905,-0.003984063745020028,0.5294117647058822,0.5532940546331013,0.6371203099030245,0.0006681514476614699,0.5,0.5600096123603879,0.253052381130265,0.48971772063787,0.35918687911136826,0.3810503598264455,0.5862440967454774
2021-07-14 12:20:00,0.5599721059972106,0.07569721115537842,0.535368577810871,0.5590073201214067,0.6571305178573765,0.0013363028953229399,0.5,0.5600096123603879,0.253052381130265,0.48971772063787,0.35918687911136826,0.3810503598264455,0.6117884032168023
2021-07-14 12:30:00,0.5320781032078103,-0.12350597609561753,0.5437081161578554,0.5693626138189607,0.6633992487992566,0.00022271714922048998,0.5,0.5600096123603879,0.253052381130265,0.48971772063787,0.35918687911136826,0.3810503598264455,0.5303046305656564
2021-07-14 12:40:00,0.5181311018131102,-0.019920318725099695,0.550260610573343,0.5786466702374577,0.6480349687872164,0.00033407572383073496,0.5,0.5600096123603879,0.253052381130265,0.48971772063787,0.35918687911136826,0.3810503598264455,0.4873787286690707
2021-07-14 12:50:00,0.4476987447698745,-0.059760956175298974,0.5523454951600892,0.5797179075165149,0.6516339270523877,0.00022271714922048998,0.5,0.5600096123603879,0.253052381130265,0.48971772063787,0.35918687911136826,0.3810503598264455,0.3871101588786457
2021-07-14 13:00:00,0.4302649930264993,0.2111553784860556,0.5594936708860758,0.5893590430280307,0.6472104801664681,0.00022271714922048998,0.5,0.6828607812027321,0.2379205015991051,0.35192555199334685,0.26976524119171674,0.38090119680372814,0.3127781885118518
2021-07-14 13:10:00,0.4288702928870293,-0.02788844621513953,0.5690245718540579,0.5950723085163365,0.659826464776014,0.00022271714922048998,0.5,0.6828607812027321,0.2379205015991051,0.35192555199334685,0.26976524119171674,0.38090119680372814,0.30615447289406583
2021-07-14 13:20:00,0.3682008368200837,0.05976095617529875,0.5767684288905432,0.6022138903767185,0.6625224116946513,0.00022271714922048998,0.5,0.6828607812027321,0.2379205015991051,0.35192555199334685,0.26976524119171674,0.38090119680372814,0.24983025785717522
2021-07-14 13:30:00,0.3682008368200837,0.027888446215139417,0.58391660461653,0.6079271558650241,0.6718273547002395,0.00022271714922048998,0.5,0.6828607812027321,0.2379205015991051,0.35192555199334685,0.26976524119171674,0.38090119680372814,0.24090559319220844
2021-07-14 13:40:00,0.3403068340306834,-0.17131474103585675,0.5901712583767682,0.6114979467952151,0.6592898928164793,0.00022271714922048998,0.5,0.6828607812027321,0.2379205015991051,0.35192555199334685,0.26976524119171674,0.38090119680372814,0.19630490215308477
2021-07-14 13:50:00,0.4093444909344491,0.06772908366533859,0.5949367088607593,0.610426709516158,0.6637787753072202,0.00033407572383073496,0.5,0.6828607812027321,0.2379205015991051,0.35192555199334685,0.26976524119171674,0.38090119680372814,0.2858005039455618
2021-07-14 14:00:00,0.3807531380753138,-0.13147410358565736,0.6011913626209975,0.6100696304231386,0.6496708589077488,0.00022271714922048998,0.5,0.6916224043375025,0.22409606703313353,0.33071487530937893,0.17601833473679956,0.3313542373494327,0.2607465636646197
2021-07-14 14:10:00,0.3758716875871687,-0.0916334661354582,0.6074460163812359,0.6100696304231386,0.6616717488319744,0.00022271714922048998,0.5,0.6916224043375025,0.22409606703313353,0.33071487530937893,0.17601833473679956,0.3313542373494327,0.25735926490336014
2021-07-14 14:20:00,0.35564853556485354,-0.3227091633466136,0.6148920327624718,0.6154258168184252,0.6438340029576893,0.1423162583518931,0.5,0.6916224043375025,0.22409606703313353,0.33071487530937893,0.17601833473679956,0.3313542373494327,0.1078126650270833
2021-07-14 14:30:00,0.33751743375174337,0.3545816733067728,0.6184661206254651,0.6179253704695589,0.6472104801664681,0.000556792873051225,0.5,0.6916224043375025,0.22409606703313353,0.33071487530937893,0.17601833473679956,0.3313542373494327,0.19629735805784812
2021-07-14 14:40:00,0.3807531380753138,-0.298804780876494,0.6265078183172001,0.6172112122835207,0.6303542683645025,0.00033407572383073496,0.5,0.6916224043375025,0.22409606703313353,0.33071487530937893,0.17601833473679956,0.3313542373494327,0.23081159376555968
2021-07-14 14:50:00,0.3472803347280335,0.05976095617529875,0.6315711094564407,0.6197107659346546,0.6390179424428419,0.00033407572383073496,0.5,0.6916224043375025,0.22409606703313353,0.33071487530937893,0.17601833473679956,0.3313542373494327,0.20103504986646953
2021-07-14 15:00:00,0.30822873082287305,-0.2749003984063746,0.637825763216679,0.625066952329941,0.6295821282276113,0.00044543429844097997,0.5,0.6964511312200592,0.2122629717218343,0.31873347691228404,0.1498630159764686,0.27653932498593947,0.19274408920138209
2021-07-14 15:10:00,0.2754532775453278,-0.10756972111553798,0.645271779597915,0.635422246027495,0.6231170904712672,0.00033407572383073496,0.5,0.6964511312200592,0.2122629717218343,0.31873347691228404,0.1498630159764686,0.27653932498593947,0.11683540293012659
2021-07-14 15:20:00,0.2635983263598326,0.6414342629482073,0.6530156366344004,0.6414925906088198,0.6234966169792306,0.00033407572383073496,0.5,0.6964511312200592,0.2122629717218343,0.31873347691228404,0.1498630159764686,0.27653932498593947,0.12160327111969461
2021-07-14 15:30:00,0.301952580195258,0.1394422310756971,0.6598659717051376,0.6461346188180683,0.6242556699951578,0.00033407572383073496,0.5,0.6964511312200592,0.2122629717218343,0.31873347691228404,0.1498630159764686,0.27653932498593947,0.15311495692321622
2021-07-14 15:40:00,0.29288702928870297,0.05179282868525892,0.6634400595681309,0.6489912515622211,0.6550496656240593,0.00033407572383073496,0.5,0.6964511312200592,0.2122629717218343,0.31873347691228404,0.1498630159764686,0.27653932498593947,0.1555366114941835
2021-07-14 15:50:00,0.394700139470014,0.06772908366533859,0.6682055100521218,0.648634172469202,0.631950897122142,0.00022271714922048998,0.5,0.6964511312200592,0.2122629717218343,0.31873347691228404,0.1498630159764686,0.27653932498593947,0.31008494651236473
2021-07-14 16:00:00,0.3354253835425383,0.019920318725099362,0.6667163067758748,0.6475629351901446,0.6492520710368926,0.00033407572383073496,0.5,0.7619684393055486,0.20005632070619078,0.25080194081407314,0.16255385522614121,0.2929412971326993,0.20590853538935075
2021-07-14 16:10:00,0.28591352859135283,-0.019920318725099695,0.6723752792256141,0.6500624888412785,0.6265066548010103,0.00022271714922048998,0.5,0.7619684393055486,0.20005632070619078,0.25080194081407314,0.16255385522614121,0.2929412971326993,0.1492297478763372
2021-07-14 16:20:00,0.3075313807531381,0.05179282868525892,0.6798212956068501,0.6647027316550616,0.6428393817644057,0.00033407572383073496,0.5,0.7619684393055486,0.20005632070619078,0.25080194081407314,0.16255385522614121,0.2929412971326993,0.15665313758920893
2021-07-14 16:30:00,0.4198047419804742,0.17131474103585642,0.681012658227848,0.6643456525620426,0.6277891926555078,0.00011135857461024499,0.5,0.7619684393055486,0.20005632070619078,0.25080194081407314,0.16255385522614121,0.2929412971326993,0.31554687146370536
2021-07-14 16:40:00,0.33054393305439334,-0.019920318725099695,0.683693224125093,0.6672022853061954,0.6288623365745769,0.00022271714922048998,0.5,0.7619684393055486,0.20005632070619078,0.25080194081407314,0.16255385522614121,0.2929412971326993,0.16329948549270487
2021-07-14 16:50:00,0.28451882845188287,0.06772908366533859,0.6869694713328367,0.6772004999107302,0.6199107458350238,0.00022271714922048998,0.5,0.7619684393055486,0.20005632070619078,0.25080194081407314,0.16255385522614121,0.2929412971326993,0.1471702098767295
2021-07-14 17:00:00,0.2105997210599721,0.07569721115537842,0.6893521965748324,0.689698268166399,0.6745102144979126,0.021714922048997772,0.5,0.7649649475706111,0.19984942831609903,0.2495950507998357,0.19918170565566254,0.31306447384808944,0.011436848378773934
2021-07-14 17:10:00,0.4198047419804742,0.05976095617529875,0.6935219657483245,0.6911265845384753,0.6473282642551464,0.00022271714922048998,0.5,0.7649649475706111,0.19984942831609903,0.2495950507998357,0.19918170565566254,0.31306447384808944,0.34485568145812273
2021-07-14 17:20:00,0.25313807531380755,0.3784860557768923,0.6947133283693223,0.6761292626316728,0.6883433013571345,0.00033407572383073496,0.5,0.7649649475706111,0.19984942831609903,0.2495950507998357,0.19918170565566254,0.31306447384808944,0.10293917950420206
2021-07-14 17:30:00,0.35564853556485354,-0.4183266932270917,0.7003723008190617,0.6811283699339403,0.674431691772127,0.00022271714922048998,0.5,0.7649649475706111,0.19984942831609903,0.2495950507998357,0.19918170565566254,0.31306447384808944,0.2435007619536189
2021-07-14 17:40:00,0.3068340306834031,0.027888446215139417,0.7006701414743111,0.6754151044456349,0.6891416157359543,0.00022271714922048998,0.5,0.7649649475706111,0.19984942831609903,0.2495950507998357,0.19918170565566254,0.31306447384808944,0.14318692759177393
2021-07-14 17:50:00,0.30613668061366806,-0.08366533864541836,0.7045420699925538,0.6814854490269593,0.6605200821871197,0.00033407572383073496,0.5,0.7649649475706111,0.19984942831609903,0.2495950507998357,0.19918170565566254,0.31306447384808944,0.12006427569141634
2021-07-14 18:00:00,0.28661087866108786,0.2350597609561753,0.7048399106478034,0.6864845563292268,0.656044286817343,0.00022271714922048998,0.5,0.7446730613433357,0.18342734485225812,0.2636038265908166,0.29677264732826475,0.36450783201679493,0.13555984730751242
2021-07-14 18:10:00,0.3668061366806137,-0.4422310756972112,0.7066269545792998,0.6861274772362078,0.6688042297574955,0.00044543429844097997,0.5,0.7446730613433357,0.18342734485225812,0.2636038265908166,0.29677264732826475,0.36450783201679493,0.19036015510659807
2021-07-14 18:20:00,0.4330543933054393,0.14741035856573692,0.7024571854058077,0.680057132654883,0.6702961615474212,0.00022271714922048998,0.5,0.7446730613433357,0.18342734485225812,0.2636038265908166,0.29677264732826475,0.36450783201679493,0.325158048795208
2021-07-14 18:30:00,0.36192468619246865,0.17131474103585642,0.7006701414743111,0.6757721835386539,0.6696156312572796,0.00022271714922048998,0.5,0.7446730613433357,0.18342734485225812,0.2636038265908166,0.29677264732826475,0.36450783201679493,0.24824599785747697
2021-07-14 18:40:00,0.3410041841004184,-0.2509960159362551,0.6959046909903199,0.6714872344224245,0.6756095326589103,0.00033407572383073496,0.5,0.7446730613433357,0.18342734485225812,0.2636038265908166,0.29677264732826475,0.36450783201679493,0.20341143986601687
2021-07-14 18:50:00,0.496513249651325,0.15537848605577675,0.69054355919583,0.6682735225852527,0.662862676839722,0.00022271714922048998,0.5,0.7446730613433357,0.18342734485225812,0.2636038265908166,0.29677264732826475,0.36450783201679493,0.4221977458243433
2021-07-14 19:00:00,0.5125523012552301,0.1633466135458166,0.683693224125093,0.6575611497946796,0.692164740678698,0.00022271714922048998,0.5,0.7510081805122564,0.19424609275100982,0.2653678110499994,0.3444937805366799,0.3808298379116744,0.42059839763417173
2021-07-14 19:10:00,0.49860529986053004,-0.003984063745020028,0.6747580044676096,0.6489912515622211,0.6897174490583816,0.00022271714922048998,0.5,0.7510081805122564,0.19424609275100982,0.2653678110499994,0.3444937805366799,0.3808298379116744,0.43886265220212145
2021-07-14 19:20:00,0.4630404463040446,-0.07569721115537853,0.6664184661206252,0.6468487770041065,0.701404248079465,0.00022271714922048998,0.5,0.7510081805122564,0.19424609275100982,0.2653678110499994,0.3444937805366799,0.3808298379116744,0.37211249754816905
2021-07-14 19:30:00,0.4435146443514645,0.05179282868525892,0.6634400595681309,0.6468487770041065,0.6968630171048671,0.00022271714922048998,0.5,0.7510081805122564,0.19424609275100982,0.2653678110499994,0.3444937805366799,0.3808298379116744,0.32518068108091797
2021-07-14 19:40:00,0.41492329149232915,-0.043824701195219196,0.6586746090841398,0.6443492233529726,0.6932247974768031,0.00022271714922048998,0.5,0.7510081805122564,0.19424609275100982,0.2653678110499994,0.3444937805366799,0.3808298379116744,0.29756929251474873
2021-07-14 19:50:00,0.39609483960948394,0.027888446215139417,0.6571854058078928,0.641849669701839,0.6914580361466282,0.00044543429844097997,0.5,0.7510081805122564,0.19424609275100982,0.2653678110499994,0.3444937805366799,0.3808298379116744,0.25014710985711486
2021-07-14 20:00:00,0.4330543933054393,0.06772908366533859,0.6551005212211465,0.6407784324227817,0.6921516535577338,0.00033407572383073496,0.5,0.737425901942584,0.19819716270075222,0.28954264105883704,0.3616805517069151,0.37036775070734923,0.3019976764186671
2021-07-14 20:10:00,0.4700139470013947,0.05179282868525892,0.6497393894266565,0.6379217996786288,0.6955150436455485,0.00033407572383073496,0.5,0.737425901942584,0.19819716270075222,0.28954264105883704,0.3616805517069151,0.37036775070734923,0.36431944716870107
2021-07-14 20:20:00,0.4470013947001395,-0.02788844621513953,0.6485480268056589,0.6289948223531512,0.6940231118556229,0.00033407572383073496,0.5,0.737425901942584,0.19819716270075222,0.28954264105883704,0.3616805517069151,0.37036775070734923,0.33356217088884527
2021-07-14 20:30:00,0.44421199442119946,0.05179282868525892,0.644676098287416,0.6272094268880557,0.6966405360484748,0.00022271714922048998,0.5,0.737425901942584,0.19819716270075222,0.28954264105883704,0.3616805517069151,0.37036775070734923,0.3157128415589118
2021-07-14 20:40:00,0.4344490934449094,0.003984063745019917,0.637825763216679,0.6229244777718264,0.7039824109094239,0.00022271714922048998,0.5,0.737425901942584,0.19819716270075222,0.28954264105883704,0.3616805517069151,0.37036775070734923,0.3073313517509845
2021-07-14 20:50:00,0.43165969316596936,-0.08366533864541836,0.6315711094564407,0.615068737725406,0.6980146837497219,0.00022271714922048998,0.5,0.737425901942584,0.19819716270075222,0.28954264105883704,0.3616805517069151,0.37036775070734923,0.3085082306079032
2021-07-14 21:00:00,0.4093444909344491,-0.14741035856573714,0.627699180938198,0.6089983931440812,0.6921123921948411,0.00033407572383073496,0.5,0.7204399405914768,0.22032602792472614,0.340036474278228,0.43294199435849173,0.3452166893402584,0.27262096956711984
2021-07-14 21:10:00,0.49023709902370993,0.17928286852589648,0.6199553239017124,0.6050705231208713,0.6813940401251128,0.00022271714922048998,0.5,0.7204399405914768,0.22032602792472614,0.340036474278228,0.43294199435849173,0.3452166893402584,0.42157913001493735
2021-07-14 21:20:00,0.4379358437935844,0.05976095617529875,0.6137006701414742,0.5922156757721835,0.6813809530041486,0.00022271714922048998,0.5,0.7204399405914768,0.22032602792472614,0.340036474278228,0.43294199435849173,0.3452166893402584,0.32316640765273025
2021-07-14 21:30:00,0.3842398884239888,0.05976095617529875,0.6077438570364853,0.5932869130512408,0.6770098546020862,0.00022271714922048998,0.5,0.7204399405914768,0.22032602792472614,0.340036474278228,0.43294199435849173,0.3452166893402584,0.2517464580472864
2021-07-14 21:40:00,0.36052998605299863,-0.17131474103585675,0.6032762472077438,0.590073201214069,0.6768135477876221,0.00022271714922048998,0.5,0.7204399405914768,0.22032602792472614,0.340036474278228,0.43294199435849173,0.3452166893402584,0.2504488736665812
2021-07-14 21:50:00,0.3933054393305439,-0.21115537848605592,0.5982129560685032,0.586859489376897,0.6700998547329573,0.00044543429844097997,0.5,0.7204399405914768,0.22032602792472614,0.340036474278228,0.43294199435849173,0.3452166893402584,0.2500943011904582
2021-07-14 22:00:00,0.4602510460251046,-0.3944223107569722,0.5955323901712581,0.5850740939118015,0.6700998547329573,0.00033407572383073496,0.5,0.5721669135351171,0.23233728057194386,0.49823354266540715,0.525972208619594,0.34145359336044734,0.36132444135974773
2021-07-14 22:10:00,0.4393305439330544,-0.01195219123505975,0.5919583023082648,0.5757900374933047,0.6600620329533706,0.00033407572383073496,0.5,0.5721669135351171,0.23233728057194386,0.49823354266540715,0.525972208619594,0.34145359336044734,0.33304917241275256
2021-07-14 22:20:00,0.4456066945606694,0.09960159362549792,0.5889798957557706,0.5650776647027316,0.6588187564617659,0.00033407572383073496,0.5,0.5721669135351171,0.23233728057194386,0.49823354266540715,0.525972208619594,0.34145359336044734,0.33611961917407246
2021-07-14 22:30:00,0.401673640167364,-0.05179282868525903,0.5868950111690245,0.5472237100517765,0.6588187564617659,0.00044543429844097997,0.5,0.5721669135351171,0.23233728057194386,0.49823354266540715,0.525972208619594,0.34145359336044734,0.24639015042925905
2021-07-14 22:40:00,0.33891213389121344,-0.19521912350597614,0.5857036485480267,0.5450812354936618,0.6538063891324548,0.00044543429844097997,0.5,0.5721669135351171,0.23233728057194386,0.49823354266540715,0.525972208619594,0.34145359336044734,0.179964391870483
2021-07-14 22:50:00,0.3807531380753138,0.2669322709163344,0.5830230826507816,0.5532940546331013,0.6475507453115389,0.00033407572383073496,0.5,0.5721669135351171,0.23233728057194386,0.49823354266540715,0.525972208619594,0.34145359336044734,0.2435611147155122
2021-07-14 23:00:00,0.2824267782426778,0.11553784860557759,0.5800446760982871,0.5343688627030887,0.6475507453115389,0.00022271714922048998,0.5,0.5196618130139083,0.2513713804607366,0.5941655104388949,0.5454632564401207,0.3474056260285256,0.1603422001599348
2021-07-14 23:10:00,0.2670850767085077,-0.26693227091633476,0.5785554728220401,0.5265131226566686,0.6475507453115389,0.00022271714922048998,0.5,0.5196618130139083,0.2513713804607366,0.5941655104388949,0.5454632564401207,0.3474056260285256,0.1254733919761003
2021-07-14 23:20:00,0.27475592747559274,-0.13147410358565736,0.5767684288905432,0.5250848062845921,0.6475507453115389,0.00033407572383073496,0.5,0.5196618130139083,0.2513713804607366,0.5941655104388949,0.5454632564401207,0.3474056260285256,0.15025574482852272
2021-07-14 23:30:00,0.32217573221757323,0.13147410358565725,0.5761727475800447,0.5183003035172289,0.6475507453115389,0.00033407572383073496,0.5,0.5196618130139083,0.2513713804607366,0.5941655104388949,0.5454632564401207,0.3474056260285256,0.19425290824871375
2021-07-14 23:40:00,0.33333333333333337,0.15537848605577675,0.5728965003723006,0.5125870380289235,0.6475507453115389,0.00033407572383073496,0.5,0.5196618130139083,0.2513713804607366,0.5941655104388949,0.5454632564401207,0.3474056260285256,0.19388324758211747
2021-07-14 23:50:00,0.33472803347280333,0.13147410358565725,0.5708116157855547,0.507587930726656,0.6475507453115389,0.00022271714922048998,0.5,0.5196618130139083,0.2513713804607366,0.5941655104388949,0.5454632564401207,0.3474056260285256,0.1853659640599303
2021-07-15 00:00:00,0.3204323779637378,-0.08366533864541836,0.5690245718540579,0.5058025352615605,0.6475507453115389,0.00022271714922048998,0.5,0.5221209696543585,0.24745191907059227,0.5844940313030519,0.47015358281833913,0.34457623908126317,0.17260889901474116
2021-07-15 00:10:00,0.30613668061366806,-0.298804780876494,0.5672375279225612,0.5040171397964648,0.6475507453115389,0.00022271714922048998,0.5,0.5221209696543585,0.24745191907059227,0.5844940313030519,0.47015358281833913,0.34457623908126317,0.15985183396955202
2021-07-15 00:20:00,0.36541143654114366,-0.21115537848605592,0.5651526433358152,0.5086591680057133,0.63931894622502,0.00022271714922048998,0.5,0.5221209696543585,0.24745191907059227,0.5844940313030519,0.47015358281833913,0.34457623908126317,0.22179639995775308
2021-07-15 00:30:00,0.38354253835425384,0.15537848605577675,0.5651526433358152,0.507230851633637,0.6337438326942456,0.00011135857461024499,0.5,0.5221209696543585,0.24745191907059227,0.5844940313030519,0.47015358281833913,0.34457623908126317,0.23726179519290252
2021-07-15 00:40:00,0.3688981868898187,-0.20318725099601598,0.5651526433358152,0.5015175861453312,0.6337438326942456,0.00011135857461024499,0.5,0.5221209696543585,0.24745191907059227,0.5844940313030519,0.47015358281833913,0.34457623908126317,0.20759086862712556
2021-07-15 00:50:00,0.3284518828451883,-0.2270916334661356,0.5642591213700667,0.5040171397964648,0.6243865412048004,0.00011135857461024499,0.5,0.5221209696543585,0.24745191907059227,0.5844940313030519,0.47015358281833913,0.34457623908126317,0.16087783092173755
2021-07-15 01:00:00,0.32147838214783825,-0.3067729083665339,0.5618763961280713,0.49830387430815937,0.6224889086649827,0.00011135857461024499,0.5,0.5030667165184177,0.25932811696316393,0.6215588829045303,0.35138661221408507,0.3187718166933092,0.15383164597069873
2021-07-15 01:10:00,0.3284518828451883,-0.0916334661354582,0.5618763961280713,0.49151937154079617,0.6224889086649827,0.00011135857461024499,0.5,0.5030667165184177,0.25932811696316393,0.6215588829045303,0.35138661221408507,0.3187718166933092,0.1639105572068742
2021-07-15 01:20:00,0.35006973500697347,-0.23505976095617542,0.5586001489203274,0.49009105516871987,0.6224889086649827,0.00011135857461024499,0.5,0.5030667165184177,0.25932811696316393,0.6215588829045303,0.35138661221408507,0.3187718166933092,0.18281605986993982
2021-07-15 01:30:00,0.3179916317991632,-0.5776892430278885,0.5559195830230825,0.49009105516871987,0.6224889086649827,0.00011135857461024499,0.5,0.5030667165184177,0.25932811696316393,0.6215588829045303,0.35138661221408507,0.3187718166933092,0.1481056776860751
2021-07-15 01:40:00,0.27615062761506276,-0.5697211155378487,0.5556217423678329,0.4897339760757007,0.6210754996008429,0.00022271714922048998,0.5,0.5030667165184177,0.25932811696316393,0.6215588829045303,0.35138661221408507,0.3187718166933092,0.11151681578828251
2021-07-15 01:50:00,0.22315202231520226,0.40239043824701204,0.552941176470588,0.4954472415640063,0.6086034733219039,0.00033407572383073496,0.5,0.5030667165184177,0.25932811696316393,0.6215588829045303,0.35138661221408507,0.3187718166933092,0.08205712388913197
2021-07-15 02:00:00,0.2622036262203626,0.38645418326693215,0.552941176470588,0.487591501517586,0.6086034733219039,0.00022271714922048998,0.5,0.49605566363809506,0.2615148545862579,0.6325583595426423,0.2984730430217883,0.2833931394836767,0.10874058874119226
2021-07-15 02:10:00,0.28451882845188287,0.027888446215139417,0.5514519731943408,0.4800928405641849,0.6086034733219039,0.00033407572383073496,0.5,0.49605566363809506,0.2615148545862579,0.6325583595426423,0.2984730430217883,0.2833931394836767,0.12781206149946436
2021-07-15 02:20:00,0.2796373779637378,-0.298804780876494,0.5469843633655993,0.47795036600607044,0.6086034733219039,0.00033407572383073496,0.5,0.49605566363809506,0.2615148545862579,0.6325583595426423,0.2984730430217883,0.2833931394836767,0.12045656864372255
2021-07-15 02:30:00,0.2635983263598326,0.05179282868525892,0.5469843633655993,0.4754508123549366,0.6086034733219039,0.00022271714922048998,0.5,0.49605566363809506,0.2615148545862579,0.6325583595426423,0.2984730430217883,0.2833931394836767,0.12608446369026963
2021-07-15 02:40:00,0.27405857740585776,0.5458167330677288,0.5460908413998509,0.4704517050526693,0.6086034733219039,0.00044543429844097997,0.5,0.49605566363809506,0.2615148545862579,0.6325583595426423,0.2984730430217883,0.2833931394836767,0.1336134707364546
2021-07-15 02:50:00,0.2796373779637378,0.5139442231075697,0.5443037974683544,0.46616675593643975,0.6086034733219039,0.00044543429844097997,0.5,0.49605566363809506,0.2615148545862579,0.6325583595426423,0.2984730430217883,0.2833931394836767,0.14401677806780633
2021-07-15 03:00:00,0.2698744769874477,0.5298804780876492,0.5398361876396125,0.462595965006249,0.6104094960149716,0.00044543429844097997,0.5,0.49093389651136676,0.25646035855600663,0.6411263021749763,0.32255897443698217,0.2530007947961483,0.12475670292861778
2021-07-15 03:10:00,0.28661087866108786,-0.33067729083665354,0.5380491437081161,0.46473843956436345,0.6224889086649827,0.00044543429844097997,0.5,0.49093389651136676,0.25646035855600663,0.6411263021749763,0.32255897443698217,0.2530007947961483,0.14424310092490608
2021-07-15 03:20:00,0.3193863319386332,-0.0916334661354582,0.5362620997766194,0.459382253169077,0.6224889086649827,0.00044543429844097997,0.5,0.49093389651136676,0.25646035855600663,0.6411263021749763,0.32255897443698217,0.2530007947961483,0.18456628996484453
2021-07-15 03:30:00,0.3702928870292887,0.05976095617529875,0.5338793745346238,0.45474022495982847,0.6316629804609284,0.00044543429844097997,0.5,0.49093389651136676,0.25646035855600663,0.6411263021749763,0.32255897443698217,0.2530007947961483,0.2298308613847941
2021-07-15 03:40:00,0.3849372384937238,-0.15537848605577698,0.527922561429635,0.459382253169077,0.634424362984387,0.00044543429844097997,0.5,0.49093389651136676,0.25646035855600663,0.6411263021749763,0.32255897443698217,0.2530007947961483,0.2437723493821386
2021-07-15 03:50:00,0.394700139470014,-0.07569721115537853,0.5222635889798957,0.4658096768434208,0.6321733781785345,0.00022271714922048998,0.5,0.49093389651136676,0.25646035855600663,0.6411263021749763,0.32255897443698217,0.2530007947961483,0.2563181797607013
2021-07-15 04:00:00,0.4191073919107392,-0.3545816733067729,0.5154132539091583,0.4543831458668095,0.6370548742982031,0.00022271714922048998,0.5,0.46540607553207347,0.2568741433361985,0.6624669633356275,0.36155950429123773,0.23537115543972617,0.28367306908882417
2021-07-15 04:10:00,0.3849372384937238,-0.13147410358565736,0.5118391660461652,0.452597750401714,0.6321864652994988,0.00022271714922048998,0.5,0.46540607553207347,0.2568741433361985,0.6624669633356275,0.36155950429123773,0.23537115543972617,0.24146385623972116
2021-07-15 04:20:00,0.394700139470014,0.3705179282868525,0.5064780342516753,0.4475986430994465,0.6259308214785829,0.00022271714922048998,0.5,0.46540607553207347,0.2568741433361985,0.6624669633356275,0.36155950429123773,0.23537115543972617,0.2571404861414971
2021-07-15 04:30:00,0.4072524407252441,-0.07569721115537853,0.5029039463886817,0.4429566148901982,0.6296344767114682,0.00022271714922048998,0.5,0.46540607553207347,0.2568741433361985,0.6624669633356275,0.36155950429123773,0.23537115543972617,0.2840653620411304
2021-07-15 04:40:00,0.33821478382147835,-0.08366533864541836,0.5011169024571853,0.43402963756472057,0.6259569957205113,0.00022271714922048998,0.5,0.46540607553207347,0.2568741433361985,0.6624669633356275,0.36155950429123773,0.23537115543972617,0.19227635529670928
2021-07-15 04:50:00,0.3633193863319386,-0.21115537848605592,0.4972449739389424,0.43402963756472057,0.6185889466176335,0.00022271714922048998,0.5,0.46540607553207347,0.2568741433361985,0.6624669633356275,0.36155950429123773,0.23537115543972617,0.2056294038655944
2021-07-15 05:00:00,0.3584379358437936,0.12350597609561742,0.49545793000744576,0.4286734511694341,0.6201332268914161,0.00022271714922048998,0.5,0.4547633715037207,0.2514805736666217,0.6736501936388261,0.3706122037481738,0.22486675306958015,0.22149463614828677
2021-07-15 05:10:00,0.396792189679219,-0.1872509960159363,0.4933730454206997,0.42938760935547227,0.6204211435526299,0.00033407572383073496,0.5,0.4547633715037207,0.2514805736666217,0.6736501936388261,0.3706122037481738,0.22486675306958015,0.25698960423676387
2021-07-15 05:20:00,0.3598326359832636,-0.043824701195219196,0.4933730454206997,0.4258168184252813,0.6148067686589627,0.00022271714922048998,0.5,0.4547633715037207,0.2514805736666217,0.6736501936388261,0.3706122037481738,0.22486675306958015,0.21844682167267682
2021-07-15 05:30:00,0.38633193863319387,-0.06772908366533881,0.4933730454206997,0.4254597393322621,0.6148067686589627,0.00022271714922048998,0.5,0.4547633715037207,0.2514805736666217,0.6736501936388261,0.3706122037481738,0.22486675306958015,0.23752583852618558
2021-07-15 05:40:00,0.38284518828451886,0.043824701195219085,0.4933730454206997,0.42153186930905173,0.6148067686589627,0.00033407572383073496,0.5,0.4547633715037207,0.2514805736666217,0.6736501936388261,0.3706122037481738,0.22486675306958015,0.24467764081053758
2021-07-15 05:50:00,0.3688981868898187,-0.2589641434262948,0.4933730454206997,0.4236743438671666,0.6110638520631846,0.00022271714922048998,0.5,0.4547633715037207,0.2514805736666217,0.6736501936388261,0.3706122037481738,0.22486675306958015,0.22227922205289918
2021-07-15 06:00:00,0.3668061366806137,-0.17928286852589637,0.49128816083395366,0.4251026602392429,0.6036434544764497,0.00022271714922048998,0.5,0.4408309522006868,0.2612648596148937,0.5765399958430331,0.42899806722237976,0.21088148975934903,0.2139505409116285
2021-07-15 06:10:00,0.3598326359832636,-0.2589641434262948,0.48741623231571096,0.42188894840207114,0.6036434544764497,0.00022271714922048998,0.5,0.4408309522006868,0.2612648596148937,0.5765399958430331,0.42899806722237976,0.21088148975934903,0.2132942046260392
2021-07-15 06:20:00,0.37935843793584384,-0.05179282868525903,0.48741623231571096,0.4190323156579181,0.6036434544764497,0.00022271714922048998,0.5,0.4408309522006868,0.2612648596148937,0.5765399958430331,0.42899806722237976,0.21088148975934903,0.2306531677655899
2021-07-15 06:30:00,0.3598326359832636,0.027888446215139417,0.48741623231571096,0.417961078378861,0.6036434544764497,0.00022271714922048998,0.5,0.4408309522006868,0.2612648596148937,0.5765399958430331,0.42899806722237976,0.21088148975934903,0.20479955338956202
2021-07-15 06:40:00,0.34797768479776847,0.13147410358565725,0.48741623231571096,0.414747366541689,0.6036434544764497,0.00022271714922048998,0.5,0.4408309522006868,0.2612648596148937,0.5765399958430331,0.42899806722237976,0.21088148975934903,0.19430571691537035
2021-07-15 06:50:00,0.3647140864714087,-0.003984063745020028,0.48741623231571096,0.414747366541689,0.6036434544764497,0.00033407572383073496,0.5,0.4408309522006868,0.2612648596148937,0.5765399958430331,0.42899806722237976,0.21088148975934903,0.21138554853116465
2021-07-15 07:00:00,0.3417015341701534,-0.2509960159362551,0.48741623231571096,0.414747366541689,0.6036434544764497,0.00033407572383073496,0.5,0.4369305418576268,0.257037933145022,0.5651607109047592,0.44168468441341313,0.1955930236549446,0.18974908339242877
2021-07-15 07:10:00,0.3528591352859135,-0.15537848605577698,0.48741623231571096,0.414747366541689,0.6036434544764497,0.00033407572383073496,0.5,0.4369305418576268,0.257037933145022,0.5651607109047592,0.44168468441341313,0.1955930236549446,0.20012221434283387
2021-07-15 07:20:00,0.34449093444909346,-0.09960159362549814,0.48741623231571096,0.414747366541689,0.6036434544764497,0.00033407572383073496,0.5,0.4369305418576268,0.257037933145022,0.5651607109047592,0.44168468441341313,0.1955930236549446,0.18848167539267016
2021-07-15 07:30:00,0.3647140864714087,-0.01195219123505975,0.49009679821295604,0.414747366541689,0.6036434544764497,0.00033407572383073496,0.5,0.4369305418576268,0.257037933145022,0.5651607109047592,0.44168468441341313,0.1955930236549446,0.21204188481675393
2021-07-15 07:40:00,0.3772663877266388,0.019920318725099362,0.49158600148920306,0.414747366541689,0.6036434544764497,0.00033407572383073496,0.5,0.4369305418576268,0.257037933145022,0.5651607109047592,0.44168468441341313,0.1955930236549446,0.22527422786185256
2021-07-15 07:50:00,0.37935843793584384,0.027888446215139417,0.4933730454206997,0.414747366541689,0.6036434544764497,0.00033407572383073496,0.5,0.4369305418576268,0.257037933145022,0.5651607109047592,0.44168468441341313,0.1955930236549446,0.2251912428142493
2021-07-15 08:00:00,0.3200836820083682,0.21912350597609564,0.49456440804169755,0.414747366541689,0.6134849694415725,0.00033407572383073496,0.5,0.451880797392322,0.29333605358513015,0.5571485945761346,0.35118627688777293,0.25366806302749567,0.16157943177874678
2021-07-15 08:10:00,0.29428172942817293,0.10756972111553775,0.496947133283693,0.4161756829137653,0.6148198557799269,0.00033407572383073496,0.5,0.451880797392322,0.29333605358513015,0.5571485945761346,0.35118627688777293,0.25366806302749567,0.13472999683148001
2021-07-15 08:20:00,0.25732217573221755,0.027888446215139417,0.5020104244229335,0.42188894840207114,0.6239808404549083,0.00033407572383073496,0.5,0.451880797392322,0.29333605358513015,0.5571485945761346,0.35118627688777293,0.25366806302749567,0.10593418531315539
2021-07-15 08:30:00,0.3089260808926081,-0.19521912350597614,0.5052866716306774,0.4272451347973576,0.6232872230438026,0.00022271714922048998,0.5,0.451880797392322,0.29333605358513015,0.5571485945761346,0.35118627688777293,0.25366806302749567,0.139829805211461
2021-07-15 08:40:00,0.299163179916318,0.24302788844621515,0.5079672375279223,0.43260132119264405,0.6306421850257162,0.00022271714922048998,0.5,0.451880797392322,0.29333605358513015,0.5571485945761346,0.35118627688777293,0.25366806302749567,0.14134616835402933
2021-07-15 08:50:00,0.2796373779637378,-0.019920318725099695,0.5112434847356664,0.43117300482056775,0.6472235672874324,0.00044543429844097997,0.5,0.451880797392322,0.29333605358513015,0.5571485945761346,0.35118627688777293,0.25366806302749567,0.12073570016747891
2021-07-15 09:00:00,0.13458856345885634,-0.50597609561753,0.5112434847356664,0.44224245670416007,0.6406014840795173,0.0008908685968819599,0.5,0.46661118936116486,0.3053530532431809,0.5527920221742104,0.34810293549002125,0.30810103713653647,0.021644009233972573
2021-07-15 09:10:00,0.06624825662482565,-0.7848605577689244,0.5133283693224122,0.452597750401714,0.605724306709767,0.8388641425389755,0.5,0.46661118936116486,0.3053530532431809,0.5527920221742104,0.34810293549002125,0.30810103713653647,0.0
2021-07-15 09:20:00,0.17224546722454673,0.03984063745019917,0.5282204020848844,0.45973933226209596,0.6048474696051614,0.9993318485523385,0.5,0.46661118936116486,0.3053530532431809,0.5527920221742104,0.34810293549002125,0.30810103713653647,0.0
2021-07-15 09:30:00,0.20711297071129708,0.8645418326693224,0.5368577810871182,0.47759328691305103,0.7022418238211776,0.4486636971046771,0.5,0.46661118936116486,0.3053530532431809,0.5527920221742104,0.34810293549002125,0.30810103713653647,0.011436848378773934
2021-07-15 09:40:00,0.12552301255230125,0.10756972111553775,0.5511541325390914,0.5304409926798785,0.7359804216670375,0.00044543429844097997,0.5,0.46661118936116486,0.3053530532431809,0.5527920221742104,0.34810293549002125,0.30810103713653647,0.0023839340947840125
2021-07-15 09:50:00,0.0794979079497908,0.1394422310756971,0.5603871928518243,0.5829316193536869,0.7279580165159466,0.8214922048997773,0.5,0.46661118936116486,0.3053530532431809,0.5527920221742104,0.34810293549002125,0.30810103713653647,0.0
2021-07-15 10:00:00,0.09274755927475593,0.17131474103585642,0.5618763961280713,0.5654347437957508,0.7268456112339846,0.9995545657015591,0.5,0.5614102086469217,0.31647639271623934,0.49474615426659146,0.3250721028573506,0.4550345149668862,0.0
2021-07-15 10:10:00,0.0697350069735007,0.20318725099601576,0.5618763961280713,0.5511515800749867,0.7268456112339846,0.9995545657015591,0.5,0.5614102086469217,0.31647639271623934,0.49474615426659146,0.3250721028573506,0.4550345149668862,0.0
2021-07-15 10:20:00,0.09832635983263598,0.2350597609561753,0.5618763961280713,0.5432958400285663,0.7268456112339846,0.9995545657015591,0.5,0.5614102086469217,0.31647639271623934,0.49474615426659146,0.3250721028573506,0.4550345149668862,0.0
2021-07-15 10:30:00,0.0815899581589958,0.2669322709163344,0.5630677587490691,0.5397250490983752,0.7268456112339846,0.9995545657015591,0.5,0.5614102086469217,0.31647639271623934,0.49474615426659146,0.3250721028573506,0.4550345149668862,0.0
2021-07-15 10:40:00,0.05160390516039052,0.298804780876494,0.5654504839910646,0.5397250490983752,0.7268456112339846,0.9995545657015591,0.5,0.5614102086469217,0.31647639271623934,0.49474615426659146,0.3250721028573506,0.4550345149668862,0.0
2021-07-15 10:50:00,0.0404463040446304,0.3306772908366533,0.5705137751303051,0.5457953936797,0.7268456112339846,0.9995545657015591,0.5,0.5614102086469217,0.31647639271623934,0.49474615426659146,0.3250721028573506,0.4550345149668862,0.0
2021-07-15 11:00:00,0.07182705718270573,0.2970340858787073,0.5731943410275502,0.5486520264238528,0.7268456112339846,0.9995545657015591,0.5,0.5758067361900698,0.3214446835839499,0.4806072671848039,0.3420182890116333,0.5765972364621341,0.0
2021-07-15 11:10:00,0.10390516039051603,0.26339088092076124,0.5809381980640356,0.5572219246563115,0.7268456112339846,0.9995545657015591,0.5,0.5758067361900698,0.3214446835839499,0.4806072671848039,0.3420182890116333,0.5765972364621341,0.0
2021-07-15 11:20:00,0.12273361227336123,0.22974767596281542,0.5895755770662694,0.5690055347259417,0.7268456112339846,0.9995545657015591,0.5,0.5758067361900698,0.3214446835839499,0.4806072671848039,0.3420182890116333,0.5765972364621341,0.0
2021-07-15 11:30:00,0.17782426778242677,0.19610447100486916,0.596723752792256,0.5693626138189607,0.7268456112339846,0.9995545657015591,0.5,0.5758067361900698,0.3214446835839499,0.4806072671848039,0.3420182890116333,0.5765972364621341,0.0
2021-07-15 11:40:00,0.23709902370990238,0.16246126604692335,0.6020848845867459,0.5690055347259417,0.6528510293020638,0.9995545657015591,0.5,0.5758067361900698,0.3214446835839499,0.4806072671848039,0.3420182890116333,0.5765972364621341,0.0
2021-07-15 11:50:00,0.25662482566248257,0.1288180610889773,0.6098287416232313,0.5754329584002855,0.624779154833728,0.9995545657015591,0.5,0.5758067361900698,0.3214446835839499,0.4806072671848039,0.3420182890116333,0.5765972364621341,0.0
2021-07-15 12:00:00,0.2796373779637378,0.09517485613103127,0.6169769173492181,0.5725763256561329,0.624779154833728,0.9995545657015591,0.5,0.6033702629857751,0.3171344254569582,0.42602875104447285,0.36736519655267724,0.6233177135640879,0.0
2021-07-15 12:10:00,0.28591352859135283,0.06153165117308523,0.6157855547282203,0.5661489019817889,0.624779154833728,0.9995545657015591,0.5,0.6033702629857751,0.3171344254569582,0.42602875104447285,0.36736519655267724,0.6233177135640879,0.0
2021-07-15 12:20:00,0.303347280334728,0.027888446215139195,0.6137006701414742,0.5582931619353688,0.624779154833728,0.9995545657015591,0.5,0.6033702629857751,0.3171344254569582,0.42602875104447285,0.36736519655267724,0.6233177135640879,0.0
2021-07-15 12:30:00,0.2510460251046025,-0.0057547587428066205,0.6139985107967236,0.555793608284235,0.624779154833728,0.9995545657015591,0.5,0.6033702629857751,0.3171344254569582,0.42602875104447285,0.36736519655267724,0.6233177135640879,0.0
2021-07-15 12:40:00,0.2524407252440725,-0.03939796370075277,0.6145941921072224,0.5504374218889485,0.624779154833728,0.9995545657015591,0.5,0.6033702629857751,0.3171344254569582,0.42602875104447285,0.36736519655267724,0.6233177135640879,0.0
2021-07-15 12:50:00,0.30613668061366806,-0.07304116865869859,0.6190618019359642,0.5504374218889485,0.6149769012314981,0.9995545657015591,0.5,0.6033702629857751,0.3171344254569582,0.42602875104447285,0.36736519655267724,0.6233177135640879,0.0
2021-07-15 13:00:00,0.2719665271966527,-0.10668437361664462,0.622338049143708,0.5611497946795214,0.42794885553127165,0.9934298440979955,0.5,0.7246661439125774,0.31258279287485596,0.3126193875714804,0.3727548126199051,0.64795497312459,0.0
2021-07-15 13:10:00,0.2838214783821479,-0.14032757857459066,0.6274013402829486,0.5847170148187824,0.32827734226747457,0.9993318485523385,0.5,0.7246661439125774,0.31258279287485596,0.3126193875714804,0.3727548126199051,0.64795497312459,0.0
2021-07-15 13:20:00,0.2649930264993026,-0.17397078353253648,0.6294862248696946,0.5861453311908589,0.32827734226747457,0.9993318485523385,0.5,0.7246661439125774,0.31258279287485596,0.3126193875714804,0.3727548126199051,0.64795497312459,0.0
2021-07-15 13:30:00,0.25523012552301255,-0.20761398849048274,0.6360387192851822,0.5897161221210496,0.32827734226747457,0.9993318485523385,0.5,0.7246661439125774,0.31258279287485596,0.3126193875714804,0.3727548126199051,0.64795497312459,0.0
2021-07-15 13:40:00,0.20292887029288703,-0.24125719344842855,0.638719285182427,0.5922156757721835,0.32827734226747457,0.9993318485523385,0.5,0.7246661439125774,0.31258279287485596,0.3126193875714804,0.3727548126199051,0.64795497312459,0.0
2021-07-15 13:50:00,0.23500697350069735,-0.2749003984063746,0.650037230081906,0.6043563649348331,0.35137611076939185,0.9978841870824053,0.5,0.7246661439125774,0.31258279287485596,0.3126193875714804,0.3727548126199051,0.64795497312459,0.0
2021-07-15 14:00:00,0.18479776847977683,-0.08964143426294824,0.6613551749813849,0.6211390823067309,0.35277643271256753,0.9995545657015591,0.5,0.7326541421368591,0.3012870430767204,0.30558107689792874,0.33890309683746583,0.6523087205516933,0.0
2021-07-15 14:10:00,0.2580195258019526,0.095617529880478,0.6688011913626208,0.6289948223531512,0.35277643271256753,0.9995545657015591,0.5,0.7326541421368591,0.3012870430767204,0.30558107689792874,0.33890309683746583,0.6523087205516933,0.0
2021-07-15 14:20:00,0.2398884239888424,0.28087649402390436,0.6783320923306031,0.6322085341903232,0.35277643271256753,0.9995545657015591,0.5,0.7326541421368591,0.3012870430767204,0.30558107689792874,0.33890309683746583,0.6523087205516933,0.0
2021-07-15 14:30:00,0.21617852161785217,0.4661354581673305,0.6854802680565895,0.6329226923763613,0.36575885670911257,0.3276169265033408,0.5,0.7326541421368591,0.3012870430767204,0.30558107689792874,0.33890309683746583,0.6523087205516933,0.04834256227650618
2021-07-15 14:40:00,0.2622036262203626,-0.21912350597609564,0.6950111690245717,0.6211390823067309,0.37794296632683777,0.00033407572383073496,0.5,0.7326541421368591,0.3012870430767204,0.30558107689792874,0.33890309683746583,0.6523087205516933,0.10651508064637807
2021-07-15 14:50:00,0.2698744769874477,0.09163346613545809,0.6962025316455693,0.6289948223531512,0.3430134404732303,0.00033407572383073496,0.5,0.7326541421368591,0.3012870430767204,0.30558107689792874,0.33890309683746583,0.6523087205516933,0.13759675302141014
2021-07-15 15:00:00,0.35564853556485354,-0.059760956175298974,0.6825018615040952,0.6239957150508837,0.3440473230294067,0.02817371937639198,0.5,0.7423523200242277,0.28958038200380937,0.2953460357968372,0.297462533518085,0.6558529271141176,0.18029633206089596
2021-07-15 15:10:00,0.37447698744769875,-0.20318725099601598,0.6416976917349215,0.5754329584002855,0.3315360353875751,0.018151447661469932,0.5,0.7423523200242277,0.28958038200380937,0.2953460357968372,0.297462533518085,0.6558529271141176,0.2515050469997133
2021-07-15 15:20:00,0.3933054393305439,-0.1394422310756973,0.6211466865227102,0.5518657382610248,0.34692648964154377,0.0089086859688196,0.5,0.7423523200242277,0.28958038200380937,0.2953460357968372,0.297462533518085,0.6558529271141176,0.2920168384205682
2021-07-15 15:30:00,0.3158995815899582,0.019920318725099362,0.6178704393149663,0.5493661846098912,0.3172841606574969,0.02873051224944321,0.5,0.7423523200242277,0.28958038200380937,0.2953460357968372,0.297462533518085,0.6558529271141176,0.15527256816090046
2021-07-15 15:40:00,0.2377963737796374,0.22709163346613526,0.6294862248696946,0.555793608284235,0.33222965279868083,0.00033407572383073496,0.5,0.7423523200242277,0.28958038200380937,0.2953460357968372,0.297462533518085,0.6558529271141176,0.10576821521794891
2021-07-15 15:50:00,0.17573221757322177,0.5537848605577689,0.6422933730454206,0.5772183538653812,0.3321642171938595,0.00022271714922048998,0.5,0.7423523200242277,0.28958038200380937,0.2953460357968372,0.297462533518085,0.6558529271141176,0.06282722513089005
2021-07-15 16:00:00,0.17433751743375175,-0.4661354581673308,0.6503350707371554,0.5925727548652027,0.3164073235528916,0.00022271714922048998,0.5,0.7783192911267773,0.26863540101204786,0.25834027957695316,0.27102913749945223,0.6519660447624208,0.04016476303996862
2021-07-15 16:10:00,0.13458856345885634,0.3545816733067728,0.6553983618763959,0.6093554722371006,0.284252267343707,0.00022271714922048998,0.5,0.7783192911267773,0.26863540101204786,0.25834027957695316,0.27102913749945223,0.6519660447624208,0.02279071170994463
2021-07-15 16:20:00,0.1199442119944212,-0.38645418326693237,0.6667163067758748,0.6261381896089984,0.3085027024904791,0.6796213808463252,0.5,0.7783192911267773,0.26863540101204786,0.25834027957695316,0.27102913749945223,0.6519660447624208,0.0
2021-07-15 16:30:00,0.16387726638772665,-0.40239043824701204,0.6929262844378254,0.6379217996786288,0.3085027024904791,0.9995545657015591,0.5,0.7783192911267773,0.26863540101204786,0.25834027957695316,0.27102913749945223,0.6519660447624208,0.0
2021-07-15 16:40:00,0.11436541143654114,-0.4183266932270917,0.7093075204765449,0.6497054097482591,0.3085027024904791,0.9995545657015591,0.5,0.7783192911267773,0.26863540101204786,0.25834027957695316,0.27102913749945223,0.6519660447624208,0.0
2021-07-15 16:50:00,0.201534170153417,-0.4342629482071714,0.7230081906180192,0.6536332797714692,0.32156364921280967,0.9243875278396437,0.5,0.7783192911267773,0.26863540101204786,0.25834027957695316,0.27102913749945223,0.6519660447624208,0.0
2021-07-15 17:00:00,0.1415620641562064,-0.45019920318725104,0.7328369322412507,0.6747009462595965,0.3594116030414469,0.01224944320712695,0.5,0.7781645661446797,0.27021870249736546,0.2564905687702213,0.2793569176247539,0.6323669094329584,0.0017125096187214268
2021-07-15 17:10:00,0.13528591352859135,-0.31474103585657376,0.7396872673119879,0.7043385109801821,0.29080891494680083,0.205456570155902,0.5,0.7781645661446797,0.27021870249736546,0.2564905687702213,0.2793569176247539,0.6323669094329584,0.0
2021-07-15 17:20:00,0.22733612273361226,0.3545816733067728,0.7334326135517495,0.6861274772362078,0.2979152216303935,0.2638084632516704,0.5,0.7781645661446797,0.27021870249736546,0.2564905687702213,0.2793569176247539,0.6323669094329584,0.05540383541801832
2021-07-15 17:30:00,0.19456066945606695,0.3306772908366533,0.7170513775130303,0.670058918050348,0.3291541793720799,0.00011135857461024499,0.5,0.7781645661446797,0.27021870249736546,0.2564905687702213,0.2793569176247539,0.6323669094329584,0.07876035427071232
2021-07-15 17:40:00,0.23570432357043236,-0.019920318725099695,0.698585256887565,0.642206748794858,0.32863069453350957,0.00011135857461024499,0.5,0.7781645661446797,0.27021870249736546,0.2564905687702213,0.2793569176247539,0.6323669094329584,0.10120403759977066
2021-07-15 17:50:00,0.16108786610878661,-0.21115537848605592,0.6970960536113178,0.6375647205856096,0.31112012668333094,0.00011135857461024499,0.5,0.7781645661446797,0.27021870249736546,0.2564905687702213,0.2793569176247539,0.6323669094329584,0.045249483229476285
2021-07-15 18:00:00,0.150976290097629,-0.18476095617529886,0.697542814594192,0.6325656132833424,0.35755323186452215,0.4293986636971047,0.5,0.7689387347105268,0.2557189941581635,0.2818952421496668,0.4762888668779662,0.6699619556779705,0.022624741614738143
2021-07-15 18:10:00,0.14086471408647142,-0.15836653386454191,0.697989575577066,0.6275665059810749,0.4039863370457133,0.8586859688195991,0.5,0.7689387347105268,0.2557189941581635,0.2818952421496668,0.4762888668779662,0.6699619556779705,0.0
2021-07-15 18:20:00,0.09274755927475593,-0.13197211155378497,0.7152643335815336,0.642206748794858,0.4039994241666776,0.9995545657015591,0.5,0.7689387347105268,0.2557189941581635,0.2818952421496668,0.4762888668779662,0.6699619556779705,0.0
2021-07-15 18:30:00,0.16596931659693165,-0.10557768924302802,0.7277736411020101,0.6539903588644886,0.4039994241666776,0.9995545657015591,0.5,0.7689387347105268,0.2557189941581635,0.2818952421496668,0.4762888668779662,0.6699619556779705,0.0
2021-07-15 18:40:00,0.05160390516039052,-0.07918326693227096,0.7358153387937452,0.6575611497946796,0.4039994241666776,0.9995545657015591,0.5,0.7689387347105268,0.2557189941581635,0.2818952421496668,0.4762888668779662,0.6699619556779705,0.0
2021-07-15 18:50:00,0.1206415620641562,-0.05278884462151401,0.7405807892777363,0.6575611497946796,0.4039994241666776,0.9995545657015591,0.5,0.7689387347105268,0.2557189941581635,0.2818952421496668,0.4762888668779662,0.6699619556779705,0.0
2021-07-15 19:00:00,0.06555090655509065,-0.02639442231075706,0.746537602382725,0.6575611497946796,0.4039994241666776,0.9995545657015591,0.5,0.7576608877992064,0.28181904386980783,0.28123035569966714,0.4627192336970007,0.7189704155158858,0.0
2021-07-15 19:10:00,0.11366806136680613,0.0,0.7492181682799699,0.6554186752365649,0.4039994241666776,0.9995545657015591,0.5,0.7576608877992064,0.28181904386980783,0.28123035569966714,0.4627192336970007,0.7189704155158858,0.0
2021-07-15 19:20:00,0.13668061366806136,0.026394422310756838,0.7495160089352195,0.6500624888412785,0.4039994241666776,0.9995545657015591,0.5,0.7576608877992064,0.28181904386980783,0.28123035569966714,0.4627192336970007,0.7189704155158858,0.0
2021-07-15 19:30:00,0.11645746164574616,0.0527888446215139,0.7471332836932238,0.6443492233529726,0.4039994241666776,0.9995545657015591,0.5,0.7576608877992064,0.28181904386980783,0.28123035569966714,0.4627192336970007,0.7189704155158858,0.0
2021-07-15 19:40:00,0.12343096234309624,0.07918326693227073,0.746537602382725,0.6386359578646672,0.4039994241666776,0.9995545657015591,0.5,0.7576608877992064,0.28181904386980783,0.28123035569966714,0.4627192336970007,0.7189704155158858,0.0
2021-07-15 19:50:00,0.17503486750348674,0.1055776892430278,0.7423678332092329,0.6397071951437245,0.40211487874782426,0.9995545657015591,0.5,0.7576608877992064,0.28181904386980783,0.28123035569966714,0.4627192336970007,0.7189704155158858,0.0
2021-07-15 20:00:00,0.1206415620641562,0.13197211155378485,0.73849590469099,0.6357793251205142,0.3703524361675675,0.9995545657015591,0.5,0.7549249005160723,0.27152902096797027,0.26902513037443015,0.36519599865641034,0.7491270803767585,0.0
2021-07-15 20:10:00,0.15132496513249652,0.15836653386454191,0.7358153387937452,0.6289948223531512,0.37033934904660326,0.9995545657015591,0.5,0.7549249005160723,0.27152902096797027,0.26902513037443015,0.36519599865641034,0.7491270803767585,0.0
2021-07-15 20:20:00,0.18200836820083682,0.18476095617529875,0.731049888309754,0.6286377432601322,0.36569342110429126,0.9995545657015591,0.5,0.7549249005160723,0.27152902096797027,0.26902513037443015,0.36519599865641034,0.7491270803767585,0.0
2021-07-15 20:30:00,0.2189679218967922,0.2111553784860556,0.7298585256887564,0.6297089805391896,0.2915679679627279,0.16792873051224944,0.5,0.7549249005160723,0.27152902096797027,0.26902513037443015,0.36519599865641034,0.7491270803767585,0.0398780874209756
2021-07-15 20:40:00,0.1903765690376569,0.2350597609561753,0.7325390915860015,0.6625602570969469,0.31971836515684915,0.00022271714922048998,0.5,0.7549249005160723,0.27152902096797027,0.26902513037443015,0.36519599865641034,0.7491270803767585,0.06128822970261177
2021-07-15 20:50:00,0.21478382147838215,-0.2509960159362551,0.7164556962025315,0.6722013926084627,0.3170747667220688,0.00022271714922048998,0.5,0.7549249005160723,0.27152902096797027,0.26902513037443015,0.36519599865641034,0.7491270803767585,0.08196659474629209
2021-07-15 21:00:00,0.22663877266387727,-0.2270916334661356,0.6884586746090839,0.631851455097304,0.3010953920247085,0.00022271714922048998,0.5,0.752408743445701,0.28199720120572214,0.24089522147896464,0.2665504825683108,0.7772952753379689,0.09068002474463238
2021-07-15 21:10:00,0.13668061366806136,0.31474103585657365,0.6783320923306031,0.6164970540974826,0.29292902854301084,0.00022271714922048998,0.5,0.752408743445701,0.28199720120572214,0.24089522147896464,0.2665504825683108,0.7772952753379689,0.032605579612837034
2021-07-15 21:20:00,0.14574616457461645,0.19521912350597592,0.6708860759493669,0.6111408677021961,0.29292902854301084,0.00022271714922048998,0.5,0.752408743445701,0.28199720120572214,0.24089522147896464,0.2665504825683108,0.7772952753379689,0.0386861203735836
2021-07-15 21:30:00,0.19595536959553697,-0.3466135458167332,0.665524944154877,0.610426709516158,0.28656868775438094,0.00022271714922048998,0.5,0.752408743445701,0.28199720120572214,0.24089522147896464,0.2665504825683108,0.7772952753379689,0.061989830559620984
2021-07-15 21:40:00,0.11227336122733612,0.10756972111553775,0.6616530156366343,0.607212997678986,0.2604467943097198,0.00033407572383073496,0.5,0.752408743445701,0.28199720120572214,0.24089522147896464,0.2665504825683108,0.7772952753379689,0.02120645171024639
2021-07-15 21:50:00,0.11436541143654114,-0.07569721115537853,0.6568875651526431,0.6114979467952151,0.2496760937561346,0.00033407572383073496,0.5,0.752408743445701,0.28199720120572214,0.24089522147896464,0.2665504825683108,0.7772952753379689,0.014688353425773647
2021-07-15 22:00:00,0.06206415620641562,0.5776892430278884,0.6545048399106477,0.6139975004463487,0.25790789284265353,0.4329621380846326,0.5,0.6803038666570163,0.3026806932044452,0.29522606963591796,0.21624409335103864,0.844146158548411,0.0
2021-07-15 22:10:00,0.0697350069735007,-0.043824701195219196,0.6607594936708858,0.6000714158186038,0.26528902906649565,0.9995545657015591,0.5,0.6803038666570163,0.3026806932044452,0.29522606963591796,0.21624409335103864,0.844146158548411,0.0
2021-07-15 22:20:00,0.08926080892608089,0.5537848605577689,0.6661206254653758,0.607212997678986,0.26528902906649565,0.9995545657015591,0.5,0.6803038666570163,0.3026806932044452,0.29522606963591796,0.21624409335103864,0.844146158548411,0.0
2021-07-15 22:30:00,0.1087866108786611,0.7290836653386452,0.6661206254653758,0.6054276022138905,0.26528902906649565,0.9995545657015591,0.5,0.6803038666570163,0.3026806932044452,0.29522606963591796,0.21624409335103864,0.844146158548411,0.0
2021-07-15 22:40:00,0.1617852161785216,0.07569721115537842,0.6676098287416232,0.5986430994465273,0.26528902906649565,0.9995545657015591,0.5,0.6803038666570163,0.3026806932044452,0.29522606963591796,0.21624409335103864,0.844146158548411,0.0
2021-07-15 22:50:00,0.16945606694560672,0.019920318725099362,0.6729709605361132,0.5936439921442598,0.26528902906649565,0.9995545657015591,0.5,0.6803038666570163,0.3026806932044452,0.29522606963591796,0.21624409335103864,0.844146158548411,0.0
2021-07-15 23:00:00,0.11227336122733612,0.07569721115537842,0.6720774385703647,0.5875736475629352,0.26528902906649565,0.9995545657015591,0.5,0.5992581272306963,0.3206458490777478,0.4061021941760107,0.1801444884552098,0.9006881028159668,0.0
2021-07-15 23:10:00,0.12482566248256625,-0.13147410358565736,0.6676098287416232,0.5822174611676485,0.26528902906649565,0.9995545657015591,0.5,0.5992581272306963,0.3206458490777478,0.4061021941760107,0.1801444884552098,0.9006881028159668,0.0
2021-07-15 23:20:00,0.10390516039051603,0.07569721115537842,0.6661206254653758,0.576861274772362,0.26528902906649565,0.9995545657015591,0.5,0.5992581272306963,0.3206458490777478,0.4061021941760107,0.1801444884552098,0.9006881028159668,0.0
2021-07-15 23:30:00,0.0899581589958159,-0.02788844621513953,0.6643335815338791,0.5750758793072666,0.26528902906649565,0.9995545657015591,0.5,0.5992581272306963,0.3206458490777478,0.4061021941760107,0.1801444884552098,0.9006881028159668,0.0
2021-07-15 23:40:00,0.07182705718270573,0.47410358565737054,0.6577810871183913,0.5715050883770756,0.26528902906649565,0.9995545657015591,0.5,0.5992581272306963,0.3206458490777478,0.4061021941760107,0.1801444884552098,0.9006881028159668,0.0
2021-07-15 23:50:00,0.06345885634588563,0.40239043824701204,0.6518242740134028,0.5682913765399038,0.26528902906649565,0.9995545657015591,0.5,0.5992581272306963,0.3206458490777478,0.4061021941760107,0.1801444884552098,0.9006881028159668,0.0
2021-07-16 00:00:00,0.09693165969316596,0.42673749446657805,0.6428890543559194,0.5672201392608462,0.26528902906649565,0.9995545657015591,0.5,0.570351037931468,0.31709132287569,0.43228893025565607,0.15265800975486016,0.9640381124745577,0.0
2021-07-16 00:10:00,0.11436541143654114,0.45108455068614406,0.6396128071481755,0.5593643992144262,0.26528902906649565,0.9995545657015591,0.5,0.570351037931468,0.31709132287569,0.43228893025565607,0.15265800975486016,0.9640381124745577,0.0
2021-07-16 00:20:00,0.13389121338912133,0.4754316069057103,0.636634400595681,0.5507945009819675,0.26528902906649565,0.9995545657015591,0.5,0.570351037931468,0.31709132287569,0.43228893025565607,0.15265800975486016,0.9640381124745577,0.0
2021-07-16 00:30:00,0.09205020920502092,0.49977866312527675,0.6285927029039462,0.5500803427959293,0.26528902906649565,0.9995545657015591,0.5,0.570351037931468,0.31709132287569,0.43228893025565607,0.15265800975486016,0.9640381124745577,0.0
2021-07-16 00:40:00,0.05718270571827057,0.5241257193448428,0.6303797468354431,0.5468666309587575,0.26528902906649565,0.9995545657015591,0.5,0.570351037931468,0.31709132287569,0.43228893025565607,0.15265800975486016,0.9640381124745577,0.0
2021-07-16 00:50:00,0.038354253835425386,0.548472775564409,0.6282948622486968,0.5461524727727192,0.26528902906649565,0.9995545657015591,0.5,0.570351037931468,0.31709132287569,0.43228893025565607,0.15265800975486016,0.9640381124745577,0.0
2021-07-16 01:00:00,0.056485355648535567,0.572819831783975,0.6241250930752047,0.5397250490983752,0.26528902906649565,0.9995545657015591,0.5,0.4939630240979407,0.31814589936409343,0.49170185441561076,0.15914763031180887,0.0363069377300595,0.0
2021-07-16 01:10:00,0.055090655509065556,0.5971668880035412,0.619657483246463,0.5386538118193178,0.26528902906649565,0.9995545657015591,0.5,0.4939630240979407,0.31814589936409343,0.49170185441561076,0.15914763031180887,0.0363069377300595,0.0
2021-07-16 01:20:00,0.08647140864714087,0.6215139442231077,0.6139985107967236,0.5361542581681842,0.26528902906649565,0.9995545657015591,0.5,0.4939630240979407,0.31814589936409343,0.49170185441561076,0.15914763031180887,0.0363069377300595,0.0
2021-07-16 01:30:00,0.07252440725244073,0.6458610004426737,0.6119136262099774,0.5297268344938404,0.26528902906649565,0.9995545657015591,0.5,0.4939630240979407,0.31814589936409343,0.49170185441561076,0.15914763031180887,0.0363069377300595,0.0
2021-07-16 01:40:00,0.08577405857740586,0.6702080566622397,0.6056589724497392,0.5268702017496876,0.26528902906649565,0.9995545657015591,0.5,0.4939630240979407,0.31814589936409343,0.49170185441561076,0.15914763031180887,0.0363069377300595,0.0
2021-07-16 01:50:00,0.07182705718270573,0.6945551128818059,0.6053611317944898,0.5200856989823246,0.26528902906649565,0.9995545657015591,0.5,0.4939630240979407,0.31814589936409343,0.49170185441561076,0.15914763031180887,0.0363069377300595,0.0
2021-07-16 02:00:00,0.06624825662482565,0.7189021691013722,0.6065524944154874,0.5186573826102483,0.26528902906649565,0.9995545657015591,0.5,0.47738420391011593,0.32021482326504863,0.5179370334904687,0.20239235071015868,0.06461422563650435,0.0
2021-07-16 02:10:00,0.13807531380753138,0.7432492253209386,0.6047654504839908,0.5161578289591144,0.26528902906649565,0.9995545657015591,0.5,0.47738420391011593,0.32021482326504863,0.5179370334904687,0.20239235071015868,0.06461422563650435,0.0
2021-07-16 02:20:00,0.1492329149232915,0.7675962815405046,0.6029784065524944,0.5079450098196749,0.26528902906649565,0.9995545657015591,0.5,0.47738420391011593,0.32021482326504863,0.5179370334904687,0.20239235071015868,0.06461422563650435,0.0
2021-07-16 02:30:00,0.201534170153417,0.7021912350597606,0.5982129560685032,0.5036600607034458,0.26528902906649565,0.9995545657015591,0.5,0.47738420391011593,0.32021482326504863,0.5179370334904687,0.20239235071015868,0.06461422563650435,0.0
2021-07-16 02:40:00,0.2524407252440725,0.6367861885790169,0.5964259121370066,0.49866095340117833,0.20664564002565075,0.9933184855233853,0.5,0.47738420391011593,0.32021482326504863,0.5179370334904687,0.20239235071015868,0.06461422563650435,0.0
2021-07-16 02:50:00,0.23500697350069735,0.5713811420982733,0.5895755770662694,0.511158721656847,0.15118242137912083,0.9978841870824053,0.5,0.47738420391011593,0.32021482326504863,0.5179370334904687,0.20239235071015868,0.06461422563650435,0.0
2021-07-16 03:00:00,0.21827057182705717,0.5059760956175297,0.5889798957557706,0.5079450098196749,0.15174516758058396,0.9995545657015591,0.5,0.4762279190040233,0.3220596137434006,0.5303408497332529,0.2578177464460701,0.07751395626807264,0.0
2021-07-16 03:10:00,0.2112970711297071,0.24103585657370497,0.5931496649292627,0.5047312979825032,0.15174516758058396,0.9995545657015591,0.5,0.4762279190040233,0.3220596137434006,0.5303408497332529,0.2578177464460701,0.07751395626807264,0.0
2021-07-16 03:20:00,0.21408647140864714,-0.02390438247011961,0.5949367088607593,0.5022317443313695,0.15174516758058396,0.9995545657015591,0.5,0.4762279190040233,0.3220596137434006,0.5303408497332529,0.2578177464460701,0.07751395626807264,0.0
2021-07-16 03:30:00,0.16596931659693165,-0.2888446215139445,0.5949367088607593,0.49687555793608285,0.15174516758058396,0.9995545657015591,0.5,0.4762279190040233,0.3220596137434006,0.5303408497332529,0.2578177464460701,0.07751395626807264,0.0
2021-07-16 03:40:00,0.15829846582984658,-0.553784860557769,0.591362620997766,0.4911622924477772,0.15174516758058396,0.9995545657015591,0.5,0.4762279190040233,0.3220596137434006,0.5303408497332529,0.2578177464460701,0.07751395626807264,0.0
2021-07-16 03:50:00,0.22733612273361226,-0.5936254980079682,0.5889798957557706,0.48866273879664335,0.15174516758058396,0.9995545657015591,0.5,0.4762279190040233,0.3220596137434006,0.5303408497332529,0.2578177464460701,0.07751395626807264,0.0
2021-07-16 04:00:00,0.2196652719665272,0.5697211155378485,0.5865971705137749,0.48402071058739504,0.15174516758058396,0.9995545657015591,0.5,0.4124775908930054,0.32769168436267143,0.6082863899151323,0.302139001389328,0.08978280349212649,0.0
2021-07-16 04:10:00,0.22315202231520226,0.5059760956175297,0.5800446760982871,0.4790216032851278,0.15174516758058396,0.9995545657015591,0.5,0.4124775908930054,0.32769168436267143,0.6082863899151323,0.302139001389328,0.08978280349212649,0.0
2021-07-16 04:20:00,0.24546722454672246,0.5568203376968317,0.5776619508562917,0.47616497054097473,0.15174516758058396,0.9995545657015591,0.5,0.4124775908930054,0.32769168436267143,0.6082863899151323,0.302139001389328,0.08978280349212649,0.0
2021-07-16 04:30:00,0.22036262203626222,0.6076645797761335,0.5749813849590466,0.4736654168898411,0.15174516758058396,0.9995545657015591,0.5,0.4124775908930054,0.32769168436267143,0.6082863899151323,0.302139001389328,0.08978280349212649,0.0
2021-07-16 04:40:00,0.16387726638772665,0.6585088218554351,0.5636634400595679,0.4654525977504018,0.15174516758058396,0.9995545657015591,0.5,0.4124775908930054,0.32769168436267143,0.6082863899151323,0.302139001389328,0.08978280349212649,0.0
2021-07-16 04:50:00,0.1304044630404463,0.5036994877632326,0.5541325390915859,0.4561685413319052,0.15174516758058396,0.9995545657015591,0.5,0.4124775908930054,0.32769168436267143,0.6082863899151323,0.302139001389328,0.08978280349212649,0.0
2021-07-16 05:00:00,0.1415620641562064,0.34889015367103005,0.5556217423678329,0.4543831458668095,0.15174516758058396,0.9995545657015591,0.5,0.4019488877244952,0.3285307479447253,0.6309243595601428,0.329685474910085,0.09961116076924244,0.0
2021-07-16 05:10:00,0.15411436541143653,0.1940808195788275,0.5603871928518243,0.4543831458668095,0.15174516758058396,0.9995545657015591,0.5,0.4019488877244952,0.3285307479447253,0.6309243595601428,0.329685474910085,0.09961116076924244,0.0
2021-07-16 05:20:00,0.2789400278940028,0.03927148548662496,0.5505584512285924,0.44866988037850386,0.15171899333865543,0.9995545657015591,0.5,0.4019488877244952,0.3285307479447253,0.6309243595601428,0.329685474910085,0.09961116076924244,0.0
2021-07-16 05:30:00,0.2691771269177127,-0.11553784860557781,0.5407297096053609,0.4447420103552937,0.10727513054403162,0.2962138084632517,0.5,0.4019488877244952,0.3285307479447253,0.6309243595601428,0.329685474910085,0.09961116076924244,0.061371214750215
2021-07-16 05:40:00,0.2398884239888424,0.49800796812749004,0.5478778853313475,0.46045349044813433,0.1273376869822408,0.000556792873051225,0.5,0.4019488877244952,0.3285307479447253,0.6309243595601428,0.329685474910085,0.09961116076924244,0.0842222792220529
2021-07-16 05:50:00,0.2670850767085077,-0.1633466135458168,0.5541325390915859,0.48080699875022326,0.1239088612896049,0.000556792873051225,0.5,0.4019488877244952,0.3285307479447253,0.6309243595601428,0.329685474910085,0.09961116076924244,0.12955474749913243
2021-07-16 06:00:00,0.2503486750348675,0.1394422310756971,0.5597915115413252,0.497589716122121,0.1246810014264962,0.00033407572383073496,0.5,0.46444520637724396,0.35384345717183757,0.6067770482161248,0.3345120835261299,0.11916895626323627,0.09524420236281063
2021-07-16 06:10:00,0.2503486750348675,0.29083665338645415,0.5666418466120624,0.5133011962149614,0.129065186949523,0.00022271714922048998,0.5,0.46444520637724396,0.35384345717183757,0.6067770482161248,0.3345120835261299,0.11916895626323627,0.09721321121957845
2021-07-16 06:20:00,0.25383542538354253,-0.09960159362549814,0.5490692479523454,0.5065166934475986,0.14170734580099723,0.00022271714922048998,0.5,0.46444520637724396,0.35384345717183757,0.6067770482161248,0.3345120835261299,0.11916895626323627,0.0991369555049263
2021-07-16 06:30:00,0.24686192468619247,-0.02788844621513953,0.5249441548771405,0.4572397786109621,0.1429113609297091,0.00033407572383073496,0.5,0.46444520637724396,0.35384345717183757,0.6067770482161248,0.3345120835261299,0.11916895626323627,0.11004571721713416
2021-07-16 06:40:00,0.26778242677824265,0.19521912350597592,0.5163067758749067,0.4318871630066061,0.1479237282590203,0.00044543429844097997,0.5,0.46444520637724396,0.35384345717183757,0.6067770482161248,0.3345120835261299,0.11916895626323627,0.11554536264465802
2021-07-16 06:50:00,0.2482566248256625,0.17928286852589648,0.5136262099776618,0.4236743438671666,0.15675753490989516,0.00044543429844097997,0.5,0.46444520637724396,0.35384345717183757,0.6067770482161248,0.3345120835261299,0.11916895626323627,0.10265250388520905
2021-07-16 07:00:00,0.22454672245467225,0.3067729083665336,0.5115413253909158,0.4165327620067847,0.15677062203085942,0.00033407572383073496,0.5,0.45480406227288617,0.36001287330427206,0.6154894321352317,0.3529069511199001,0.13702175703956235,0.09090634760173212
2021-07-16 07:10:00,0.25662482566248257,0.4501992031872508,0.5112434847356664,0.4172469201928226,0.15679679627278795,0.00033407572383073496,0.5,0.45480406227288617,0.36001287330427206,0.6154894321352317,0.3529069511199001,0.13702175703956235,0.10625858140833169
2021-07-16 07:20:00,0.2789400278940028,0.3545816733067728,0.5136262099776618,0.41510444563470794,0.15679679627278795,0.00033407572383073496,0.5,0.45480406227288617,0.36001287330427206,0.6154894321352317,0.3529069511199001,0.13702175703956235,0.11860826531074128
2021-07-16 07:30:00,0.26429567642956764,0.2749003984063745,0.5172002978406551,0.4165327620067847,0.15679679627278795,0.00033407572383073496,0.5,0.45480406227288617,0.36001287330427206,0.6154894321352317,0.3529069511199001,0.13702175703956235,0.1141421609306396
2021-07-16 07:40:00,0.28591352859135283,0.6653386454183265,0.5219657483246463,0.41867523656489913,0.15679679627278795,0.00044543429844097997,0.5,0.45480406227288617,0.36001287330427206,0.6154894321352317,0.3529069511199001,0.13702175703956235,0.12761591502331127
2021-07-16 07:50:00,0.2545327754532775,0.3067729083665336,0.5261355174981384,0.42474558114622396,0.16331418251298896,0.00033407572383073496,0.5,0.45480406227288617,0.36001287330427206,0.6154894321352317,0.3529069511199001,0.13702175703956235,0.0932223848393862
2021-07-16 08:00:00,0.27615062761506276,-0.4103585657370519,0.5261355174981384,0.42938760935547227,0.17062988313200977,0.00044543429844097997,0.5,0.4758126063338184,0.36591505343283504,0.5588131567624203,0.34420839830325917,0.1590398800329662,0.10794845874134315
2021-07-16 08:10:00,0.28033472803347276,0.2669322709163344,0.5261355174981384,0.42938760935547227,0.17062988313200977,0.00033407572383073496,0.5,0.4758126063338184,0.36591505343283504,0.5588131567624203,0.34420839830325917,0.1590398800329662,0.12142221283401482
2021-07-16 08:20:00,0.301255230125523,0.4183266932270917,0.5282204020848844,0.42938760935547227,0.17062988313200977,0.00033407572383073496,0.5,0.4758126063338184,0.36591505343283504,0.5588131567624203,0.34420839830325917,0.1590398800329662,0.135635288259879
2021-07-16 08:30:00,0.27475592747559274,0.38645418326693215,0.5326880119136261,0.4336725584717014,0.17281543233304106,0.00033407572383073496,0.5,0.4758126063338184,0.36591505343283504,0.5588131567624203,0.34420839830325917,0.1590398800329662,0.1178463116918388
2021-07-16 08:40:00,0.2629009762900976,0.20318725099601576,0.5392405063291137,0.4450990894483129,0.1844760571121959,0.00044543429844097997,0.5,0.4758126063338184,0.36591505343283504,0.5588131567624203,0.34420839830325917,0.1590398800329662,0.11441374835915928
2021-07-16 08:50:00,0.3472803347280335,0.03585657370517925,0.5454951600893521,0.4572397786109621,0.192563897868108,0.00033407572383073496,0.5,0.4758126063338184,0.36591505343283504,0.5588131567624203,0.34420839830325917,0.1590398800329662,0.18929643767822923
2021-07-16 09:00:00,0.36052998605299863,-0.11553784860557781,0.5517498138495904,0.47795036600607044,0.19631990158485038,0.00022271714922048998,0.5,0.49148759114982443,0.3823026548316572,0.4975505217957336,0.36407904264645685,0.19785880998391528,0.20634609291307693
2021-07-16 09:10:00,0.3933054393305439,0.06772908366533859,0.5591958302308264,0.49366184609891084,0.206658727146615,0.000556792873051225,0.5,0.49148759114982443,0.3823026548316572,0.4975505217957336,0.36407904264645685,0.19785880998391528,0.259901624998114
2021-07-16 09:20:00,0.40794979079497906,-0.2509960159362551,0.5642591213700667,0.5040171397964648,0.20565101883236708,0.00033407572383073496,0.5,0.49148759114982443,0.3823026548316572,0.4975505217957336,0.36407904264645685,0.19785880998391528,0.2731490562336859
2021-07-16 09:30:00,0.4504881450488145,-0.02788844621513953,0.5702159344750557,0.5058025352615605,0.1982567954875607,0.00044543429844097997,0.5,0.49148759114982443,0.3823026548316572,0.4975505217957336,0.36407904264645685,0.19785880998391528,0.33273986450804954
2021-07-16 09:40:00,0.4177126917712692,0.14741035856573692,0.5764705882352941,0.5172290662381716,0.20447317794558376,0.00044543429844097997,0.5,0.49148759114982443,0.3823026548316572,0.4975505217957336,0.36407904264645685,0.19785880998391528,0.2743636555667879
2021-07-16 09:50:00,0.39051603905160387,0.05179282868525892,0.5830230826507816,0.5236564899125158,0.20350473099422858,0.000556792873051225,0.5,0.49148759114982443,0.3823026548316572,0.4975505217957336,0.36407904264645685,0.19785880998391528,0.23835568900221796
2021-07-16 10:00:00,0.38354253835425384,-0.02788844621513953,0.5901712583767682,0.5372254954472415,0.2106895604036068,0.00033407572383073496,0.5,0.6943828394352254,0.37526256655757073,0.3354455493759034,0.32678210893274473,0.2525214218731221,0.240452947478009
2021-07-16 10:10:00,0.3598326359832636,0.17928286852589648,0.598808637379002,0.5450812354936618,0.20230071586551676,0.00033407572383073496,0.5,0.6943828394352254,0.37526256655757073,0.3354455493759034,0.32678210893274473,0.2525214218731221,0.2025438689138012
2021-07-16 10:20:00,0.3270571827057183,-0.4103585657370519,0.6065524944154874,0.552579896447063,0.1961235947703865,0.00044543429844097997,0.5,0.6943828394352254,0.37526256655757073,0.3354455493759034,0.32678210893274473,0.2525214218731221,0.1542767475896616
2021-07-16 10:30:00,0.34658298465829845,-0.12350597609561753,0.6160833953834697,0.5668630601678271,0.19389878420646242,0.00033407572383073496,0.5,0.6943828394352254,0.37526256655757073,0.3354455493759034,0.32678210893274473,0.2525214218731221,0.18240867872716024
2021-07-16 10:40:00,0.27405857740585776,0.33864541832669315,0.6265078183172001,0.5790037493304767,0.19919906819698735,0.00044543429844097997,0.5,0.6943828394352254,0.37526256655757073,0.3354455493759034,0.32678210893274473,0.2525214218731221,0.12278769407184996
2021-07-16 10:50:00,0.24337517433751746,-0.20318725099601598,0.6381236038719285,0.5929298339582219,0.20130609467223304,0.00033407572383073496,0.5,0.6943828394352254,0.37526256655757073,0.3354455493759034,0.32678210893274473,0.2525214218731221,0.102101784932933
2021-07-16 11:00:00,0.20013947001394702,0.01195219123505975,0.6488458674609083,0.610426709516158,0.21719385952284356,0.0014476614699331849,0.5,0.6992115329646926,0.37091495286014375,0.33199747335540153,0.27045534436099594,0.2753559441653228,0.05542646770372829
2021-07-16 11:10:00,0.18549511854951187,-0.6812749003984064,0.6571854058078928,0.6314943760042848,0.19041761002996951,0.00033407572383073496,0.5,0.6992115329646926,0.37091495286014375,0.33199747335540153,0.27045534436099594,0.2753559441653228,0.04306169561084539
2021-07-16 11:20:00,0.1324965132496513,0.47410358565737054,0.6664184661206252,0.642206748794858,0.17070840585779534,0.07416481069042316,0.5,0.6992115329646926,0.37091495286014375,0.33199747335540153,0.27045534436099594,0.2753559441653228,0.016747891425381353
2021-07-16 11:30:00,0.1806136680613668,0.3492695883134129,0.683693224125093,0.6497054097482591,0.17458219366321603,0.9992204899777284,0.5,0.6992115329646926,0.37091495286014375,0.33199747335540153,0.27045534436099594,0.2753559441653228,0.0
2021-07-16 11:40:00,0.11924686192468618,0.22443559096945553,0.7006701414743111,0.6543474379575076,0.17458219366321603,0.9992204899777284,0.5,0.6992115329646926,0.37091495286014375,0.33199747335540153,0.27045534436099594,0.2753559441653228,0.0
2021-07-16 11:50:00,0.22594142259414227,0.09960159362549792,0.7158600148920327,0.6657739689341189,0.17458219366321603,0.9992204899777284,0.5,0.6992115329646926,0.37091495286014375,0.33199747335540153,0.27045534436099594,0.2753559441653228,0.0
2021-07-16 12:00:00,0.10808926080892609,0.4581673306772909,0.7262844378257631,0.6750580253526155,0.20082187119655548,0.5978841870824053,0.5,0.6997408131416507,0.35407908461611515,0.33143353094778216,0.23168745265000787,0.2546689973297847,0.0
2021-07-16 12:10:00,0.059274755927475595,0.1580345285524567,0.7358153387937452,0.6829137653990358,0.20816374605750482,0.9995545657015591,0.5,0.6997408131416507,0.35407908461611515,0.33143353094778216,0.23168745265000787,0.2546689973297847,0.0
2021-07-16 12:20:00,0.2112970711297071,-0.14209827357237725,0.7462397617274754,0.6918407427245135,0.20606980670322336,0.9995545657015591,0.5,0.6997408131416507,0.35407908461611515,0.33143353094778216,0.23168745265000787,0.2546689973297847,0.0
2021-07-16 12:30:00,0.17852161785216178,-0.4422310756972112,0.7602382725241994,0.7050526691662204,0.1399536715917865,0.1344097995545657,0.5,0.6997408131416507,0.35407908461611515,0.33143353094778216,0.23168745265000787,0.2546689973297847,0.01594067323505892
2021-07-16 12:40:00,0.11924686192468618,-0.38247011952191234,0.7718540580789277,0.7475450812354936,0.12349007341874862,0.8309576837416481,0.5,0.6997408131416507,0.35407908461611515,0.33143353094778216,0.23168745265000787,0.2546689973297847,0.0
2021-07-16 12:50:00,0.0801952580195258,-0.3227091633466136,0.7757259865971702,0.7468309230494556,0.12349007341874862,0.9993318485523385,0.5,0.6997408131416507,0.35407908461611515,0.33143353094778216,0.23168745265000787,0.2546689973297847,0.0
2021-07-16 13:00:00,0.06345885634588563,-0.5298804780876495,0.7852568875651524,0.7468309230494556,0.12349007341874862,0.9993318485523385,0.5,0.8241146172249361,0.35387219222601923,0.21630837238257236,0.2213147857768121,0.23754287768621216,0.0
2021-07-16 13:10:00,0.10808926080892609,-0.7370517928286854,0.7968726731198807,0.7507587930726658,0.12349007341874862,0.9993318485523385,0.5,0.8241146172249361,0.35387219222601923,0.21630837238257236,0.2213147857768121,0.23754287768621216,0.0
2021-07-16 13:20:00,0.15481171548117156,-0.23904382470119534,0.8055100521221144,0.7575432958400286,0.12349007341874862,0.9993318485523385,0.5,0.8241146172249361,0.35387219222601923,0.21630837238257236,0.2213147857768121,0.23754287768621216,0.0
2021-07-16 13:30:00,0.0502092050209205,0.2589641434262948,0.8096798212956067,0.7603999285841814,0.12349007341874862,0.9993318485523385,0.5,0.8241146172249361,0.35387219222601923,0.21630837238257236,0.2213147857768121,0.23754287768621216,0.0
2021-07-16 13:40:00,0.17573221757322177,0.13147410358565725,0.8201042442293371,0.7678985895375825,0.1236863802332125,0.9993318485523385,0.5,0.8241146172249361,0.35387219222601923,0.21630837238257236,0.2213147857768121,0.23754287768621216,0.0
2021-07-16 13:50:00,0.19595536959553697,0.003984063745019917,0.8281459419210719,0.7736118550258884,0.19385952284356964,0.6702672605790646,0.5,0.8241146172249361,0.35387219222601923,0.21630837238257236,0.2213147857768121,0.23754287768621216,0.0
2021-07-16 14:00:00,0.18619246861924685,-0.12350597609561753,0.8332092330603125,0.79289412604892,0.19766787504416905,0.004677060133630289,0.5,0.8283814779621128,0.3389558256012089,0.20570810660553213,0.19882196275348796,0.24882251930280258,0.024027943328756584
2021-07-16 14:10:00,0.08298465829846582,0.17131474103585642,0.8415487714072969,0.8139617925370468,0.15226865241915433,0.39933184855233855,0.5,0.8283814779621128,0.3389558256012089,0.20570810660553213,0.19882196275348796,0.24882251930280258,0.0
2021-07-16 14:20:00,0.0808926080892608,0.03585657370517925,0.8427401340282947,0.8186038207462953,0.14992605776655193,0.9993318485523385,0.5,0.8283814779621128,0.3389558256012089,0.20570810660553213,0.19882196275348796,0.24882251930280258,0.0
2021-07-16 14:30:00,0.10181311018131102,-0.09960159362549803,0.8492926284437823,0.8218175325834671,0.14992605776655193,0.9993318485523385,0.5,0.8283814779621128,0.3389558256012089,0.20570810660553213,0.19882196275348796,0.24882251930280258,0.0
2021-07-16 14:40:00,0.13807531380753138,-0.23505976095617542,0.8534623976172746,0.8250312444206391,0.14992605776655193,0.9993318485523385,0.5,0.8283814779621128,0.3389558256012089,0.20570810660553213,0.19882196275348796,0.24882251930280258,0.0
2021-07-16 14:50:00,0.09274755927475593,-0.3705179282868526,0.8623976172747578,0.8282449562578109,0.14992605776655193,0.9993318485523385,0.5,0.8283814779621128,0.3389558256012089,0.20570810660553213,0.19882196275348796,0.24882251930280258,0.0
2021-07-16 15:00:00,0.14783821478382148,-0.50597609561753,0.8662695457930005,0.8293161935368685,0.14992605776655193,0.9993318485523385,0.5,0.8319561286802215,0.3241486521822837,0.1976622577200317,0.1805572014678074,0.26492389741371875,0.0
2021-07-16 15:10:00,0.09902370990237098,-0.6414342629482073,0.8704393149664926,0.8325299053740405,0.16642891730248263,0.9993318485523385,0.5,0.8319561286802215,0.3241486521822837,0.1976622577200317,0.1805572014678074,0.26492389741371875,0.0
2021-07-16 15:20:00,0.12273361227336123,0.17131474103585642,0.8731198808637377,0.8339582217461168,0.17378387928439626,0.9993318485523385,0.5,0.8319561286802215,0.3241486521822837,0.1976622577200317,0.1805572014678074,0.26492389741371875,0.0
2021-07-16 15:30:00,0.19107391910739194,0.28605577689243034,0.8802680565897243,0.8361006963042314,0.20697281804975723,0.5759465478841871,0.5,0.8319561286802215,0.3241486521822837,0.1976622577200317,0.1805572014678074,0.26492389741371875,0.0
2021-07-16 15:40:00,0.13807531380753138,0.4007968127490038,0.8805658972449737,0.8496697018389574,0.18119118975016688,0.9992204899777284,0.5,0.8319561286802215,0.3241486521822837,0.1976622577200317,0.1805572014678074,0.26492389741371875,0.0
2021-07-16 15:50:00,0.11924686192468618,0.5155378486055775,0.8817572598659715,0.8471701481878235,0.18119118975016688,0.9992204899777284,0.5,0.8319561286802215,0.3241486521822837,0.1976622577200317,0.1805572014678074,0.26492389741371875,0.0
2021-07-16 16:00:00,0.08786610878661089,0.6302788844621514,0.8850335070737154,0.8453847527227281,0.18119118975016688,0.9992204899777284,0.5,0.8918549420773569,0.3050053590876059,0.1474154584134006,0.17829675466822945,0.29302972208294226,0.0
2021-07-16 16:10:00,0.06834030683403068,0.7450199203187249,0.8895011169024569,0.8432422781646134,0.18119118975016688,0.9992204899777284,0.5,0.8918549420773569,0.3050053590876059,0.1474154584134006,0.17829675466822945,0.29302972208294226,0.0
2021-07-16 16:20:00,0.11715481171548117,0.6852589641434261,0.8948622486969469,0.8450276736297091,0.18119118975016688,0.9992204899777284,0.5,0.8918549420773569,0.3050053590876059,0.1474154584134006,0.17829675466822945,0.29302972208294226,0.0
2021-07-16 16:30:00,0.11366806136680613,0.6254980079681274,0.8984363365599404,0.8407427245134798,0.18119118975016688,0.9992204899777284,0.5,0.8918549420773569,0.3050053590876059,0.1474154584134006,0.17829675466822945,0.29302972208294226,0.0
2021-07-16 16:40:00,0.0794979079497908,0.5657370517928284,0.8993298585256886,0.8396714872344224,0.18119118975016688,0.9992204899777284,0.5,0.8918549420773569,0.3050053590876059,0.1474154584134006,0.17829675466822945,0.29302972208294226,0.0
2021-07-16 16:50:00,0.07601115760111576,0.5059760956175297,0.9043931496649291,0.8396714872344224,0.18119118975016688,0.9992204899777284,0.5,0.8918549420773569,0.3050053590876059,0.1474154584134006,0.17829675466822945,0.29302972208294226,0.0
2021-07-16 17:00:00,0.17503486750348674,0.5357237715803451,0.9067758749069246,0.8396714872344224,0.18119118975016688,0.9992204899777284,0.5,0.8952749678726366,0.2885804021183485,0.14184730387466604,0.19318742208112802,0.30825982480808883,0.0
2021-07-16 17:10:00,0.1394700139470014,0.5654714475431608,0.9076693968726728,0.8378860917693269,0.18119118975016688,0.9992204899777284,0.5,0.8952749678726366,0.2885804021183485,0.14184730387466604,0.19318742208112802,0.30825982480808883,0.0
2021-07-16 17:20:00,0.13319386331938632,0.595219123505976,0.9073715562174234,0.8325299053740405,0.18119118975016688,0.9992204899777284,0.5,0.8952749678726366,0.2885804021183485,0.14184730387466604,0.19318742208112802,0.30825982480808883,0.0
2021-07-16 17:30:00,0.058577405857740586,0.3577689243027886,0.9058823529411764,0.8300303517229066,0.18119118975016688,0.9992204899777284,0.5,0.8952749678726366,0.2885804021183485,0.14184730387466604,0.19318742208112802,0.30825982480808883,0.0
2021-07-16 17:40:00,0.09832635983263598,0.12031872509960162,0.9088607594936708,0.8325299053740405,0.18119118975016688,0.9992204899777284,0.5,0.8952749678726366,0.2885804021183485,0.14184730387466604,0.19318742208112802,0.30825982480808883,0.0
2021-07-16 17:50:00,0.056485355648535567,-0.11713147410358571,0.9133283693224126,0.8325299053740405,0.18119118975016688,0.9992204899777284,0.5,0.8952749678726366,0.2885804021183485,0.14184730387466604,0.19318742208112802,0.30825982480808883,0.0
2021-07-16 18:00:00,0.1506276150627615,-0.3545816733067729,0.9157110945644076,0.8325299053740405,0.18125662535498815,0.9992204899777284,0.5,0.8711069857045322,0.26081371926426655,0.17257170292472684,0.23126598813256485,0.37656110205645316,0.0
2021-07-16 18:10:00,0.41841004184100417,0.08366533864541825,0.9163067758749068,0.827530798071773,0.21011372708117942,0.2194877505567929,0.5,0.8711069857045322,0.26081371926426655,0.17257170292472684,0.23126598813256485,0.37656110205645316,0.15071593463795888
2021-07-16 18:20:00,0.25662482566248257,0.11553784860557759,0.8993298585256886,0.8096768434208177,0.18827132219183104,0.0010022271714922048,0.5,0.8711069857045322,0.26081371926426655,0.17257170292472684,0.23126598813256485,0.37656110205645316,0.09784691521945772
2021-07-16 18:30:00,0.21827057182705717,-0.02788844621513953,0.8734177215189871,0.7893233351187288,0.2164740678698093,0.0006681514476614699,0.5,0.8711069857045322,0.26081371926426655,0.17257170292472684,0.23126598813256485,0.37656110205645316,0.07652730208066147
2021-07-16 18:40:00,0.3089260808926081,0.4262948207171313,0.8635889798957557,0.7768255668630601,0.22423473060161495,0.0023385300668151447,0.5,0.8711069857045322,0.26081371926426655,0.17257170292472684,0.23126598813256485,0.37656110205645316,0.14661194682921677
2021-07-16 18:50:00,0.41631799163179917,-0.21912350597609564,0.8573343261355173,0.7678985895375825,0.23088298805145857,0.00033407572383073496,0.5,0.8711069857045322,0.26081371926426655,0.17257170292472684,0.23126598813256485,0.37656110205645316,0.25655959080827434
2021-07-16 19:00:00,0.39609483960948394,-0.13147410358565736,0.8501861504095307,0.7621853240492771,0.21279658687885256,0.000556792873051225,0.5,0.8735742804988154,0.26581074518615877,0.17137128043079267,0.2202635293388749,0.3992425822342791,0.2588529957602185
2021-07-16 19:10:00,0.24895397489539747,0.05976095617529875,0.8460163812360384,0.7639707195143723,0.20951171951682349,0.00044543429844097997,0.5,0.8735742804988154,0.26581074518615877,0.17137128043079267,0.2202635293388749,0.3992425822342791,0.10133983131403052
2021-07-16 19:20:00,0.28172942817294283,0.21912350597609564,0.8421444527177959,0.7718264595607927,0.2300715865516745,0.00033407572383073496,0.5,0.8735742804988154,0.26581074518615877,0.17137128043079267,0.2202635293388749,0.3992425822342791,0.12244820978620034
2021-07-16 19:30:00,0.28521617852161785,0.3784860557768923,0.8421444527177959,0.7721835386538116,0.22416929499679367,0.00033407572383073496,0.5,0.8735742804988154,0.26581074518615877,0.17137128043079267,0.2202635293388749,0.3992425822342791,0.130822155498891
2021-07-16 19:40:00,0.37517433751743373,-0.2509960159362551,0.8409530900967979,0.7732547759328692,0.22040020415908704,0.0012249443207126948,0.5,0.8735742804988154,0.26581074518615877,0.17137128043079267,0.2202635293388749,0.3992425822342791,0.2175943389109344
2021-07-16 19:50:00,0.3263598326359832,0.24302788844621515,0.836783320923306,0.7718264595607927,0.22562196542382643,0.00044543429844097997,0.5,0.8735742804988154,0.26581074518615877,0.17137128043079267,0.2202635293388749,0.3992425822342791,0.158086515684174
2021-07-16 20:00:00,0.3284518828451883,0.1633466135458166,0.8326135517498137,0.77289769683985,0.22207535564251218,0.00044543429844097997,0.5,0.8772059316468455,0.2609832560839314,0.15833149135818814,0.18624416076113204,0.418000122230845,0.1748268630143187
2021-07-16 20:10:00,0.3326359832635983,-0.4342629482071714,0.8299329858525686,0.7761114086770218,0.22303071547290312,0.00033407572383073496,0.5,0.8772059316468455,0.2609832560839314,0.15833149135818814,0.18624416076113204,0.418000122230845,0.16140591758830364
2021-07-16 20:20:00,0.31520223152022314,-0.059760956175298974,0.823380491437081,0.7732547759328692,0.21668346180523745,0.00033407572383073496,0.5,0.8772059316468455,0.2609832560839314,0.15833149135818814,0.18624416076113204,0.418000122230845,0.1446957466391056
2021-07-16 20:30:00,0.30613668061366806,-0.14741035856573714,0.8186150409530899,0.7714693804677737,0.22207535564251218,0.00044543429844097997,0.5,0.8772059316468455,0.2609832560839314,0.15833149135818814,0.18624416076113204,0.418000122230845,0.1444392474010592
2021-07-16 20:40:00,0.301952580195258,-0.5298804780876495,0.8138495904690988,0.7686127477236209,0.22424781772257923,0.000556792873051225,0.5,0.8772059316468455,0.2609832560839314,0.15833149135818814,0.18624416076113204,0.418000122230845,0.12867208835644342
2021-07-16 20:50:00,0.3103207810320781,-0.24302788844621515,0.8093819806403573,0.7646848777004107,0.21495596183795526,0.00033407572383073496,0.5,0.8772059316468455,0.2609832560839314,0.15833149135818814,0.18624416076113204,0.418000122230845,0.13325135416509498
2021-07-16 21:00:00,0.2894002789400279,-0.33067729083665354,0.8016381236038719,0.7621853240492771,0.2119720982581042,0.00044543429844097997,0.5,0.89482703588092,0.26290850471398686,0.14703247976014885,0.2064765189032567,0.3958919734672098,0.12437195407154822
2021-07-16 21:10:00,0.3193863319386332,-0.42629482071713154,0.7971705137751302,0.7607570076772003,0.2119720982581042,0.00111358574610245,0.5,0.89482703588092,0.26290850471398686,0.14703247976014885,0.2064765189032567,0.3958919734672098,0.1455180530199013
2021-07-16 21:20:00,0.24755927475592746,-0.298804780876494,0.7921072226358896,0.7575432958400286,0.2119720982581042,0.00022271714922048998,0.5,0.89482703588092,0.26290850471398686,0.14703247976014885,0.2064765189032567,0.3958919734672098,0.09040089322087602
2021-07-16 21:30:00,0.19386331938633192,-0.2828685258964144,0.7891288160833951,0.7525441885377611,0.2119720982581042,0.00033407572383073496,0.5,0.89482703588092,0.26290850471398686,0.14703247976014885,0.2064765189032567,0.3958919734672098,0.05747846160809934
2021-07-16 21:40:00,0.19177126917712692,-0.5219123505976095,0.7834698436336558,0.7568291376539902,0.2119720982581042,0.00022271714922048998,0.5,0.89482703588092,0.26290850471398686,0.14703247976014885,0.2064765189032567,0.3958919734672098,0.05694283084629661
2021-07-16 21:50:00,0.12133891213389121,-0.298804780876494,0.7807892777364109,0.7596857703981432,0.2119720982581042,0.00033407572383073496,0.5,0.89482703588092,0.26290850471398686,0.14703247976014885,0.2064765189032567,0.3958919734672098,0.01476379437814023
2021-07-16 22:00:00,0.11506276150627615,-0.2749003984063746,0.7793000744601637,0.7678985895375825,0.1998010757613433,0.00022271714922048998,0.5,0.7683524541036473,0.27429333318007965,0.2184647197401528,0.26583842831043164,0.36458639918368285,0.009543280474372709
2021-07-16 22:10:00,0.10529986052998605,0.20318725099601576,0.7766195085629186,0.7736118550258884,0.19552158720603055,0.00022271714922048998,0.5,0.7683524541036473,0.27429333318007965,0.2184647197401528,0.26583842831043164,0.36458639918368285,0.0036966066659625514
2021-07-16 22:20:00,0.2196652719665272,-0.3545816733067729,0.7730454206999253,0.7703981431887164,0.19552158720603055,0.00022271714922048998,0.5,0.7683524541036473,0.27429333318007965,0.2184647197401528,0.26583842831043164,0.36458639918368285,0.07539568779516273
2021-07-16 22:30:00,0.11785216178521618,0.3227091633466135,0.7655994043186893,0.7579003749330475,0.19552158720603055,0.00022271714922048998,0.5,0.7683524541036473,0.27429333318007965,0.2184647197401528,0.26583842831043164,0.36458639918368285,0.02103293751980325
2021-07-16 22:40:00,0.12691771269177127,0.027888446215139417,0.7563663440059567,0.7557579003749331,0.19552158720603055,0.00033407572383073496,0.5,0.7683524541036473,0.27429333318007965,0.2184647197401528,0.26583842831043164,0.36458639918368285,0.022383330567165082
2021-07-16 22:50:00,0.1087866108786611,-0.17131474103585675,0.7501116902457183,0.7536154258168184,0.19552158720603055,0.00022271714922048998,0.5,0.7683524541036473,0.27429333318007965,0.2184647197401528,0.26583842831043164,0.36458639918368285,0.004103987808742098
2021-07-16 23:00:00,0.0885634588563459,-0.2749003984063746,0.7495160089352195,0.7586145331190859,0.16930808391461963,0.014699331848552339,0.5,0.6758578664762427,0.2865948098745133,0.25014085878778125,0.3135169431367792,0.3591064258503484,0.0
2021-07-16 23:10:00,0.10181311018131102,-0.11553784860557781,0.7486224869694713,0.7239778610962329,0.16260747798091899,0.4809576837416481,0.5,0.6758578664762427,0.2865948098745133,0.25014085878778125,0.3135169431367792,0.3591064258503484,0.0
2021-07-16 23:20:00,0.11785216178521618,-0.649402390438247,0.7545793000744598,0.7111230137475453,0.16260747798091899,0.9992204899777284,0.5,0.6758578664762427,0.2865948098745133,0.25014085878778125,0.3135169431367792,0.3591064258503484,0.0
2021-07-16 23:30:00,0.1589958158995816,-0.5418326693227091,0.7587490692479522,0.7182645956079272,0.16260747798091899,0.9992204899777284,0.5,0.6758578664762427,0.2865948098745133,0.25014085878778125,0.3135169431367792,0.3591064258503484,0.0
2021-07-16 23:40:00,0.2196652719665272,-0.4342629482071714,0.7587490692479522,0.7139796464916979,0.14912774338773213,0.5403118040089088,0.5,0.6758578664762427,0.2865948098745133,0.25014085878778125,0.3135169431367792,0.3591064258503484,0.01867917980596587
2021-07-16 23:50:00,0.2210599721059972,0.17131474103585642,0.7614296351451972,0.7411176575611498,0.15196764863697634,0.00044543429844097997,0.5,0.6758578664762427,0.2865948098745133,0.25014085878778125,0.3135169431367792,0.3591064258503484,0.08182325693679557
2021-07-17 00:00:00,0.17503486750348674,0.346613545816733,0.7408786299329855,0.7196929119800035,0.15196764863697634,0.00011135857461024499,0.5,0.6619824476031302,0.2847097903203096,0.3035500218944585,0.3089443360999003,0.36309744236201297,0.052959548561341045
2021-07-17 00:10:00,0.1806136680613668,0.3227091633466135,0.7319434102755025,0.7029101946081058,0.15196764863697634,0.00011135857461024499,0.5,0.6619824476031302,0.2847097903203096,0.3035500218944585,0.3089443360999003,0.36309744236201297,0.05404589827541983
2021-07-17 00:20:00,0.18340306834030684,0.01195219123505975,0.7274758004467607,0.6939832172826281,0.15196764863697634,0.00011135857461024499,0.5,0.6619824476031302,0.2847097903203096,0.3035500218944585,0.3089443360999003,0.36309744236201297,0.05633930322736395
2021-07-17 00:30:00,0.18549511854951187,-0.09960159362549814,0.7218168279970214,0.6875557936082841,0.15196764863697634,0.00011135857461024499,0.5,0.6619824476031302,0.2847097903203096,0.3035500218944585,0.3089443360999003,0.36309744236201297,0.06046592332181602
2021-07-17 00:40:00,0.17224546722454673,0.3545816733067728,0.7176470588235293,0.6854133190501694,0.15196764863697634,0.00022271714922048998,0.5,0.6619824476031302,0.2847097903203096,0.3035500218944585,0.3089443360999003,0.36309744236201297,0.06051873198847262
2021-07-17 00:50:00,0.1701534170153417,0.5776892430278884,0.7134772896500372,0.6814854490269593,0.15196764863697634,0.00022271714922048998,0.5,0.6619824476031302,0.2847097903203096,0.3035500218944585,0.3089443360999003,0.36309744236201297,0.051254583037856266
2021-07-17 01:00:00,0.15690376569037656,0.5537848605577689,0.7084139985107967,0.6793429744688448,0.15196764863697634,0.00022271714922048998,0.5,0.5612880696332458,0.287629271824993,0.36274165540874287,0.27534097138988284,0.3636391430626262,0.04761832913378698
2021-07-17 01:10:00,0.12343096234309624,0.4661354581673305,0.7045420699925538,0.680414211747902,0.15196764863697634,0.00011135857461024499,0.5,0.5612880696332458,0.287629271824993,0.36274165540874287,0.27534097138988284,0.3636391430626262,0.02748313894714607
2021-07-17 01:20:00,0.10739191073919108,-0.059760956175298974,0.6982874162323154,0.6864845563292268,0.15196764863697634,0.00011135857461024499,0.5,0.5612880696332458,0.287629271824993,0.36274165540874287,0.27534097138988284,0.3636391430626262,0.007355492855741811
2021-07-17 01:30:00,0.10669456066945607,-0.553784860557769,0.6932241250930751,0.6882699517943225,0.14017615264817895,0.00011135857461024499,0.5,0.5612880696332458,0.287629271824993,0.36274165540874287,0.27534097138988284,0.3636391430626262,0.004481192570575011
2021-07-17 01:40:00,0.12482566248256625,0.019920318725099362,0.6896500372300818,0.690055347259418,0.11901427804897201,0.00011135857461024499,0.5,0.5612880696332458,0.287629271824993,0.36274165540874287,0.27534097138988284,0.3636391430626262,0.025506585995141606
2021-07-17 01:50:00,0.14644351464435149,0.2669322709163344,0.6869694713328367,0.6843420817711123,0.11901427804897201,0.00011135857461024499,0.5,0.5612880696332458,0.287629271824993,0.36274165540874287,0.27534097138988284,0.3636391430626262,0.03977247008766239
2021-07-17 02:00:00,0.18898186889818688,0.19521912350597592,0.6869694713328367,0.6757721835386539,0.11901427804897201,0.00033407572383073496,0.5,0.5564104804746011,0.28450002442479716,0.33514297087700967,0.21226393968608814,0.3360931241152213,0.06870407532024685
2021-07-17 02:10:00,0.18898186889818688,0.3784860557768923,0.6869694713328367,0.6632744152829853,0.11901427804897201,0.00044543429844097997,0.5,0.5564104804746011,0.28450002442479716,0.33514297087700967,0.21226393968608814,0.3360931241152213,0.064969748178101
2021-07-17 02:20:00,0.20641562064156208,0.3705179282868525,0.683693224125093,0.6589894661667561,0.11901427804897201,0.00044543429844097997,0.5,0.5564104804746011,0.28450002442479716,0.33514297087700967,0.21226393968608814,0.3360931241152213,0.07532024684279615
2021-07-17 02:30:00,0.2301255230125523,0.03585657370517925,0.6801191362620995,0.6500624888412785,0.11901427804897201,0.00033407572383073496,0.5,0.5564104804746011,0.28450002442479716,0.33514297087700967,0.21226393968608814,0.3360931241152213,0.08616865579311074
2021-07-17 02:40:00,0.21827057182705717,-0.08366533864541836,0.6777364110201041,0.6436350651669345,0.11901427804897201,0.00033407572383073496,0.5,0.5564104804746011,0.28450002442479716,0.33514297087700967,0.21226393968608814,0.3360931241152213,0.07839069360411606
2021-07-17 02:50:00,0.18479776847977683,-0.2589641434262948,0.6726731198808635,0.6397071951437245,0.11901427804897201,0.00033407572383073496,0.5,0.5564104804746011,0.28450002442479716,0.33514297087700967,0.21226393968608814,0.3360931241152213,0.06338548817840277
2021-07-17 03:00:00,0.22175732217573224,-0.4183266932270917,0.6667163067758748,0.6372076414925907,0.11745691065422517,0.00033407572383073496,0.5,0.5447906643368421,0.28688216041631276,0.3913055222351446,0.21796441499154498,0.23212993844675417,0.07565973112844578
2021-07-17 03:10:00,0.22175732217573224,0.5298804780876492,0.6652271034996275,0.6307802178182469,0.10515501694782166,0.00044543429844097997,0.5,0.5447906643368421,0.28688216041631276,0.3913055222351446,0.21796441499154498,0.23212993844675417,0.08642515503115712
2021-07-17 03:20:00,0.25662482566248257,0.31474103585657365,0.6613551749813849,0.625066952329941,0.10515501694782166,0.00044543429844097997,0.5,0.5447906643368421,0.28688216041631276,0.3913055222351446,0.21796441499154498,0.23212993844675417,0.10242618102810931
2021-07-17 03:30:00,0.2733612273361227,-0.003984063745020028,0.6571854058078928,0.6179253704695589,0.10515501694782166,0.00033407572383073496,0.5,0.5447906643368421,0.28688216041631276,0.3913055222351446,0.21796441499154498,0.23212993844675417,0.1145042775019992
2021-07-17 03:40:00,0.3075313807531381,-0.4342629482071714,0.6553983618763959,0.6118550258882343,0.10515501694782166,0.00022271714922048998,0.5,0.5447906643368421,0.28688216041631276,0.3913055222351446,0.21796441499154498,0.23212993844675417,0.14164793216349564
2021-07-17 03:50:00,0.3186889818688982,-0.003984063745020028,0.6539091586001489,0.610426709516158,0.10515501694782166,0.00022271714922048998,0.5,0.5447906643368421,0.28688216041631276,0.3913055222351446,0.21796441499154498,0.23212993844675417,0.1600555245409418
2021-07-17 04:00:00,0.29707112970711297,0.2589641434262948,0.6494415487714069,0.6022138903767185,0.11494418342908745,0.00033407572383073496,0.5,0.4815859260635382,0.28650860471197265,0.4514653815830639,0.3161911155197632,0.17589933629994944,0.13933189492584155
2021-07-17 04:10:00,0.28103207810320785,0.17131474103585642,0.6482501861504093,0.600428494911623,0.11901427804897201,0.00022271714922048998,0.5,0.4815859260635382,0.28650860471197265,0.4514653815830639,0.3161911155197632,0.17589933629994944,0.1259260376902998
2021-07-17 04:20:00,0.2629009762900976,0.33864541832669315,0.645271779597915,0.5986430994465273,0.11901427804897201,0.00033407572383073496,0.5,0.4815859260635382,0.28650860471197265,0.4514653815830639,0.3161911155197632,0.17589933629994944,0.11033993693136382
2021-07-17 04:30:00,0.23570432357043236,0.49003984063745,0.6428890543559194,0.597214783074451,0.11901427804897201,0.00044543429844097997,0.5,0.4815859260635382,0.28650860471197265,0.4514653815830639,0.3161911155197632,0.17589933629994944,0.09619475836262957
2021-07-17 04:40:00,0.26429567642956764,0.2749003984063745,0.6396128071481755,0.597214783074451,0.11901427804897201,0.00033407572383073496,0.5,0.4815859260635382,0.28650860471197265,0.4514653815830639,0.3161911155197632,0.17589933629994944,0.11292001750230096
2021-07-17 04:50:00,0.2649930264993026,0.49003984063745,0.6396128071481755,0.5947152294233171,0.12470717566842471,0.00033407572383073496,0.5,0.4815859260635382,0.28650860471197265,0.4514653815830639,0.3161911155197632,0.17589933629994944,0.11022677550281396
2021-07-17 05:00:00,0.27266387726638774,0.1633466135458166,0.6396128071481755,0.590430280307088,0.13288662627108663,0.00033407572383073496,0.5,0.4825141758968561,0.2888390176059663,0.4532987333678522,0.3588879899066262,0.18145052041961754,0.1192570575010939
2021-07-17 05:10:00,0.2684797768479777,0.043824701195219085,0.6396128071481755,0.590073201214069,0.13288662627108663,0.00033407572383073496,0.5,0.4825141758968561,0.2888390176059663,0.4532987333678522,0.3588879899066262,0.18145052041961754,0.11512289331140516
2021-07-17 05:20:00,0.29009762900976294,-0.26693227091633476,0.6390171258376767,0.590073201214069,0.13288662627108663,0.00033407572383073496,0.5,0.4825141758968561,0.2888390176059663,0.4532987333678522,0.3588879899066262,0.18145052041961754,0.12809119302322072
2021-07-17 05:30:00,0.2698744769874477,-0.4581673306772909,0.6393149664929261,0.590073201214069,0.1324154899163733,0.00033407572383073496,0.5,0.4825141758968561,0.2888390176059663,0.4532987333678522,0.3588879899066262,0.18145052041961754,0.11789912035849541
2021-07-17 05:40:00,0.2907949790794979,0.4183266932270917,0.6363365599404316,0.5882878057489733,0.11909280077475756,0.00022271714922048998,0.5,0.4825141758968561,0.2888390176059663,0.4532987333678522,0.3588879899066262,0.18145052041961754,0.14085580216364652
2021-07-17 05:50:00,0.30822873082287305,0.4183266932270917,0.6339538346984361,0.5854311730048205,0.11909280077475756,0.00022271714922048998,0.5,0.4825141758968561,0.2888390176059663,0.4532987333678522,0.3588879899066262,0.18145052041961754,0.16183593101679317
2021-07-17 06:00:00,0.31729428172942814,0.6095617529880477,0.6303797468354431,0.5779325120514194,0.11909280077475756,0.00022271714922048998,0.5,0.5594803321834299,0.30611165867353124,0.3958395075959758,0.4262866014948839,0.17330760095831138,0.16572868415890885
2021-07-17 06:10:00,0.3284518828451883,-0.31474103585657376,0.6303797468354431,0.5786466702374577,0.13263797097276572,0.00022271714922048998,0.5,0.5594803321834299,0.30611165867353124,0.3958395075959758,0.4262866014948839,0.17330760095831138,0.16811261825369284
2021-07-17 06:20:00,0.33333333333333337,-0.3466135458167332,0.6303797468354431,0.5793608284234957,0.13297823611783646,0.00022271714922048998,0.5,0.5594803321834299,0.30611165867353124,0.3958395075959758,0.4262866014948839,0.17330760095831138,0.17586794815697754
2021-07-17 06:30:00,0.3117154811715481,0.05976095617529875,0.6303797468354431,0.5782895911444383,0.13297823611783646,0.00022271714922048998,0.5,0.5594803321834299,0.30611165867353124,0.3958395075959758,0.4262866014948839,0.17330760095831138,0.15570258158939
2021-07-17 06:40:00,0.33751743375174337,0.027888446215139417,0.6303797468354431,0.5772183538653812,0.13297823611783646,0.00022271714922048998,0.5,0.5594803321834299,0.30611165867353124,0.3958395075959758,0.4262866014948839,0.17330760095831138,0.18660319567874226
2021-07-17 06:50:00,0.3591352859135286,0.12350597609561742,0.6303797468354431,0.5636493483306553,0.13297823611783646,0.00033407572383073496,0.5,0.5594803321834299,0.30611165867353124,0.3958395075959758,0.4262866014948839,0.17330760095831138,0.20963531843625993
2021-07-17 07:00:00,0.35564853556485354,0.19521912350597592,0.6303797468354431,0.5575790037493304,0.13297823611783646,0.00033407572383073496,0.5,0.5575667653806937,0.30865471096845803,0.38309950711154583,0.41566713856872234,0.18657223574141082,0.21769995624424762
2021-07-17 07:10:00,0.36401673640167365,0.06772908366533859,0.6300819061801934,0.5575790037493304,0.13297823611783646,0.00033407572383073496,0.5,0.5575667653806937,0.30865471096845803,0.38309950711154583,0.41566713856872234,0.18657223574141082,0.22602863738551837
2021-07-17 07:20:00,0.35564853556485354,0.5219123505976095,0.6274013402829486,0.5575790037493304,0.13297823611783646,0.00022271714922048998,0.5,0.5575667653806937,0.30865471096845803,0.38309950711154583,0.41566713856872234,0.18657223574141082,0.21201925253104398
2021-07-17 07:30:00,0.3723849372384937,0.3784860557768923,0.6274013402829486,0.5597214783074451,0.13729698603604193,0.00022271714922048998,0.5,0.5575667653806937,0.30865471096845803,0.38309950711154583,0.41566713856872234,0.18657223574141082,0.2288350408135552
2021-07-17 07:40:00,0.36610878661087864,-0.3784860557768924,0.6274013402829486,0.580074986609534,0.14419389878420646,0.00022271714922048998,0.5,0.5575667653806937,0.30865471096845803,0.38309950711154583,0.41566713856872234,0.18657223574141082,0.22580231452841862
2021-07-17 07:50:00,0.38633193863319387,-0.15537848605577698,0.629188384214445,0.5886448848419923,0.1398097132611797,0.00022271714922048998,0.5,0.5575667653806937,0.30865471096845803,0.38309950711154583,0.41566713856872234,0.18657223574141082,0.23664317938349655
2021-07-17 08:00:00,0.36192468619246865,-0.298804780876494,0.6288905435591956,0.590430280307088,0.14419389878420646,0.00022271714922048998,0.5,0.5581367696799069,0.3171344254569582,0.3741395820231849,0.38378659980380025,0.20463547779589303,0.2127359415785265
2021-07-17 08:10:00,0.3110181311018131,-0.20318725099601598,0.6303797468354431,0.5940010712372792,0.14419389878420646,0.00022271714922048998,0.5,0.5581367696799069,0.3171344254569582,0.3741395820231849,0.38378659980380025,0.20463547779589303,0.15938410006487924
2021-07-17 08:20:00,0.3075313807531381,-0.11553784860557781,0.6312732688011911,0.597214783074451,0.14419389878420646,0.00033407572383073496,0.5,0.5581367696799069,0.3171344254569582,0.3741395820231849,0.38378659980380025,0.20463547779589303,0.15133455044736485
2021-07-17 08:30:00,0.28870292887029286,0.09163346613545809,0.63723008190618,0.5979289412604893,0.14419389878420646,0.00033407572383073496,0.5,0.5581367696799069,0.3171344254569582,0.3741395820231849,0.38378659980380025,0.20463547779589303,0.1323611509271693
2021-07-17 08:40:00,0.2691771269177127,0.43426294820717115,0.6437825763216678,0.6050705231208713,0.14419389878420646,0.00033407572383073496,0.5,0.5581367696799069,0.3171344254569582,0.3741395820231849,0.38378659980380025,0.20463547779589303,0.12308191378607965
2021-07-17 08:50:00,0.296373779637378,0.3067729083665336,0.6515264333581532,0.6086413140510623,0.15546190993443354,0.00044543429844097997,0.5,0.5581367696799069,0.3171344254569582,0.3741395820231849,0.38378659980380025,0.20463547779589303,0.1452690978770916
2021-07-17 09:00:00,0.3563458856345886,0.31474103585657365,0.6604616530156364,0.6132833422603108,0.17327348156679012,0.0013363028953229399,0.5,0.5329102271578863,0.32042171565514455,0.37337261020369267,0.39678236751982315,0.2438592520931057,0.20950706881723674
2021-07-17 09:10:00,0.42329149232914925,-0.11553784860557781,0.6661206254653758,0.62542403142296,0.17941134129902764,0.0010022271714922048,0.5,0.5329102271578863,0.32042171565514455,0.37337261020369267,0.39678236751982315,0.2438592520931057,0.29345776061076995
2021-07-17 09:20:00,0.3926080892608089,-0.12350597609561753,0.6717795979151151,0.6314943760042848,0.18058918218581096,0.00044543429844097997,0.5,0.5329102271578863,0.32042171565514455,0.37337261020369267,0.39678236751982315,0.2438592520931057,0.26088235737887955
2021-07-17 09:30:00,0.3933054393305439,-0.09960159362549814,0.6792256142963511,0.6386359578646672,0.18206802685477222,0.00033407572383073496,0.5,0.5329102271578863,0.32042171565514455,0.37337261020369267,0.39678236751982315,0.2438592520931057,0.2572762798557569
2021-07-17 09:40:00,0.40027894002789405,0.10756972111553775,0.6827997021593446,0.6464916979110873,0.17435971260682365,0.00033407572383073496,0.5,0.5329102271578863,0.32042171565514455,0.37337261020369267,0.39678236751982315,0.2438592520931057,0.26042971166468004
2021-07-17 09:50:00,0.3898186889818689,0.043824701195219085,0.6896500372300818,0.6543474379575076,0.180288178403633,0.00033407572383073496,0.5,0.5329102271578863,0.32042171565514455,0.37337261020369267,0.39678236751982315,0.2438592520931057,0.24620909214357925
2021-07-17 10:00:00,0.4260808926080893,-0.1872509960159363,0.6947133283693223,0.6589894661667561,0.18164923898391594,0.00022271714922048998,0.5,0.767220583659054,0.30971503446769866,0.28625447764818646,0.3355381251427717,0.2972779573833493,0.28626069375499796
2021-07-17 10:10:00,0.3633193863319386,0.19521912350597592,0.6988830975428144,0.6657739689341189,0.17536742092107158,0.00022271714922048998,0.5,0.767220583659054,0.30971503446769866,0.28625447764818646,0.3355381251427717,0.2972779573833493,0.21351298338790228
2021-07-17 10:20:00,0.3591352859135286,0.06772908366533859,0.7081161578555473,0.6779146580967683,0.1836123071285548,0.00033407572383073496,0.5,0.767220583659054,0.30971503446769866,0.28625447764818646,0.3355381251427717,0.2972779573833493,0.20840563091268466
2021-07-17 10:30:00,0.3410041841004184,-0.38645418326693237,0.7188384214445271,0.690055347259418,0.1915300153119315,0.00033407572383073496,0.5,0.767220583659054,0.30971503446769866,0.28625447764818646,0.3355381251427717,0.2972779573833493,0.1912428142492871
2021-07-17 10:40:00,0.3103207810320781,0.22709163346613526,0.7256887565152641,0.700053561863953,0.18998573503814897,0.00033407572383073496,0.5,0.767220583659054,0.30971503446769866,0.28625447764818646,0.3355381251427717,0.2972779573833493,0.1591502331125428
2021-07-17 10:50:00,0.30404463040446306,0.10756972111553775,0.7325390915860015,0.7075522228173541,0.19444844328696131,0.00033407572383073496,0.5,0.767220583659054,0.30971503446769866,0.28625447764818646,0.3355381251427717,0.2972779573833493,0.1475096941623791
2021-07-17 11:00:00,0.32566248256624825,0.019920318725099362,0.7393894266567385,0.7136225673986787,0.2002983863579851,0.00033407572383073496,0.5,0.7771711443745175,0.3095023950667656,0.26897351702612765,0.26059394437882766,0.3609902528066026,0.16074958130271438
2021-07-17 11:10:00,0.33054393305439334,0.07569721115537842,0.7477289650037229,0.7204070701660419,0.20001046969677141,0.00033407572383073496,0.5,0.7771711443745175,0.3095023950667656,0.26897351702612765,0.26059394437882766,0.3609902528066026,0.17445720234772244
2021-07-17 11:20:00,0.3242677824267783,-0.03585657370517936,0.7545793000744598,0.7254061774683094,0.2073392574367565,0.00044543429844097997,0.5,0.7771711443745175,0.3095023950667656,0.26897351702612765,0.26059394437882766,0.3609902528066026,0.1563287414940326
2021-07-17 11:30:00,0.3068340306834031,0.07569721115537842,0.7632166790766937,0.7371897875379396,0.21506065880566935,0.00033407572383073496,0.5,0.7771711443745175,0.3095023950667656,0.26897351702612765,0.26059394437882766,0.3609902528066026,0.1597688489219488
2021-07-17 11:40:00,0.298465829846583,-0.45019920318725104,0.7715562174236781,0.7475450812354936,0.2088050149847535,0.00033407572383073496,0.5,0.7771711443745175,0.3095023950667656,0.26897351702612765,0.26059394437882766,0.3609902528066026,0.14311148663940734
2021-07-17 11:50:00,0.2831241283124128,-0.17131474103585675,0.7781087118391659,0.7543295840028565,0.20442082946172674,0.00044543429844097997,0.5,0.7771711443745175,0.3095023950667656,0.26897351702612765,0.26059394437882766,0.3609902528066026,0.12621271330929282
2021-07-17 12:00:00,0.2684797768479777,0.09960159362549792,0.7867460908413997,0.7621853240492771,0.21381738231406472,0.00033407572383073496,0.5,0.7898821068346149,0.2920515966632863,0.2640193964738319,0.2205324844190888,0.4156012638848658,0.12087149388173876
2021-07-17 12:10:00,0.28661087866108786,-0.31474103585657376,0.7941921072226359,0.7718264595607927,0.21858109434505504,0.0016703786191536749,0.5,0.7898821068346149,0.2920515966632863,0.2640193964738319,0.2205324844190888,0.4156012638848658,0.12349683902409583
2021-07-17 12:20:00,0.27615062761506276,0.3545816733067728,0.8028294862248695,0.7853954650955188,0.21334624595935142,0.000556792873051225,0.5,0.7898821068346149,0.2920515966632863,0.2640193964738319,0.2205324844190888,0.4156012638848658,0.12471898245243447
2021-07-17 12:30:00,0.2824267782426778,-0.24302788844621515,0.8117647058823527,0.7957507587930728,0.22958736307599692,0.0008908685968819599,0.5,0.7898821068346149,0.2920515966632863,0.2640193964738319,0.2205324844190888,0.4156012638848658,0.10734493112241049
2021-07-17 12:40:00,0.3486750348675035,-0.2270916334661356,0.8162323157110942,0.807534368862703,0.21142243917760534,0.0028953229398663697,0.5,0.7898821068346149,0.2920515966632863,0.2640193964738319,0.2205324844190888,0.4156012638848658,0.17208081234817507
2021-07-17 12:50:00,0.2733612273361227,0.019920318725099362,0.8239761727475801,0.8089626852347795,0.22439177605318605,0.004899777282850779,0.5,0.7898821068346149,0.2920515966632863,0.2640193964738319,0.2205324844190888,0.4156012638848658,0.12611464007121626
2021-07-17 13:00:00,0.23640167364016737,0.31474103585657365,0.830826507818317,0.8161042670951617,0.2446506393058591,0.002561247216035635,0.5,0.8988822379122565,0.28897981937144956,0.17532826152927433,0.1819540519390316,0.43017745456918094,0.09648143398162258
2021-07-17 13:10:00,0.2789400278940028,-0.7529880478087649,0.838272524199553,0.8332440635600784,0.2432110559997906,0.4160356347438753,0.5,0.8988822379122565,0.28897981937144956,0.17532826152927433,0.1819540519390316,0.43017745456918094,0.009626265521975949
2021-07-17 13:20:00,0.2789400278940028,0.10756972111553775,0.8540580789277734,0.8596679164434922,0.22884139718103416,0.026503340757238307,0.5,0.8988822379122565,0.28897981937144956,0.17532826152927433,0.1819540519390316,0.43017745456918094,0.07587096579507219
2021-07-17 13:30:00,0.29707112970711297,0.14741035856573692,0.8531645569620252,0.8539546509551867,0.15132637970972768,0.02817371937639198,0.5,0.8988822379122565,0.28897981937144956,0.17532826152927433,0.1819540519390316,0.43017745456918094,0.1531526773993995
2021-07-17 13:40:00,0.28870292887029286,0.2350597609561753,0.8623976172747578,0.8571683627923585,0.23372289330070278,0.25456570155902003,0.5,0.8988822379122565,0.28897981937144956,0.17532826152927433,0.1819540519390316,0.43017745456918094,0.08960121912579025
2021-07-17 13:50:00,0.18619246861924685,0.4661354581673305,0.8668652271034996,0.8546688091412247,0.20019368939027102,0.00033407572383073496,0.5,0.8988822379122565,0.28897981937144956,0.17532826152927433,0.1819540519390316,0.43017745456918094,0.05157897913303258
2021-07-17 14:00:00,0.19525801952580193,-0.003984063745020028,0.8716306775874905,0.8610962328155687,0.2732459986127652,0.010133630289532295,0.5,0.9043053168493471,0.2608510748347018,0.16931942791105312,0.17503947711167467,0.39460645138385786,0.04601898094361544
2021-07-17 14:10:00,0.18619246861924685,-0.12350597609561753,0.8731198808637377,0.862524549187645,0.25790789284265353,0.013140311804008908,0.5,0.9043053168493471,0.2608510748347018,0.16931942791105312,0.17503947711167467,0.39460645138385786,0.04133409780165065
2021-07-17 14:20:00,0.19665271966527195,0.6334661354581672,0.8784810126582276,0.8671665773968935,0.26166389655939587,0.000556792873051225,0.5,0.9043053168493471,0.2608510748347018,0.16931942791105312,0.17503947711167467,0.39460645138385786,0.06136367065497835
2021-07-17 14:30:00,0.08647140864714087,0.6334661354581672,0.886224869694713,0.8718086056061418,0.31765060004449625,0.6709354120267261,0.5,0.9043053168493471,0.2608510748347018,0.16931942791105312,0.17503947711167467,0.39460645138385786,0.0
2021-07-17 14:40:00,0.24616457461645744,0.6334661354581672,0.906478034251675,0.8818068202106766,0.31232414181204277,0.9993318485523385,0.5,0.9043053168493471,0.2608510748347018,0.16931942791105312,0.17503947711167467,0.39460645138385786,0.0
2021-07-17 14:50:00,0.19316596931659694,0.6334661354581672,0.9216679076693965,0.9089448312801287,0.26204342306735945,0.11792873051224945,0.5,0.9043053168493471,0.2608510748347018,0.16931942791105312,0.17503947711167467,0.39460645138385786,0.019999396472381067
2021-07-17 15:00:00,0.15481171548117156,0.6812749003984064,0.9130305286671625,0.9057311194429567,0.3285129104448313,0.00011135857461024499,0.5,0.9090689385012387,0.24370774151094582,0.16334229782373016,0.15441070653880817,0.3677431553468692,0.031496597613048266
2021-07-17 15:10:00,0.15202231520223153,-0.8884462151394422,0.9079672375279224,0.8950187466523836,0.30046721021842404,0.516369710467706,0.5,0.9090689385012387,0.24370774151094582,0.16334229782373016,0.15441070653880817,0.3677431553468692,0.0
2021-07-17 15:20:00,0.18410041841004185,-0.7250996015936254,0.9216679076693965,0.896804142117479,0.2913585740272997,0.9988864142538976,0.5,0.9090689385012387,0.24370774151094582,0.16334229782373016,0.15441070653880817,0.3677431553468692,0.0
2021-07-17 15:30:00,0.16666666666666669,-0.5617529880478087,0.9368577810871184,0.9160864131405106,0.3564277394615959,0.9920935412026727,0.5,0.9090689385012387,0.24370774151094582,0.16334229782373016,0.15441070653880817,0.3677431553468692,0.0
2021-07-17 15:40:00,0.14783821478382148,0.5697211155378485,0.9481757259865968,0.9282271023031603,0.3052047480074858,0.11325167037861916,0.5,0.9090689385012387,0.24370774151094582,0.16334229782373016,0.15441070653880817,0.3677431553468692,0.0
2021-07-17 15:50:00,0.12761506276150628,-0.8007968127490039,0.9353685778108707,0.9035886448848418,0.3172710735365327,0.9066815144766147,0.5,0.9090689385012387,0.24370774151094582,0.16334229782373016,0.15441070653880817,0.3677431553468692,0.0
2021-07-17 16:00:00,0.07810320781032079,-0.6922310756972111,0.9487714072970961,0.9100160685591858,0.31683919854471215,0.9993318485523385,0.5,0.9545792958028805,0.2323775096477956,0.13393600477429815,0.11039370200109126,0.3689256033515336,0.0
2021-07-17 16:10:00,0.06903765690376569,-0.5836653386454184,0.9586001489203271,0.9193001249776827,0.31683919854471215,0.9993318485523385,0.5,0.9545792958028805,0.2323775096477956,0.13393600477429815,0.11039370200109126,0.3689256033515336,0.0
2021-07-17 16:20:00,0.1304044630404463,-0.4750996015936255,0.9696202531645566,0.9217996786288163,0.31683919854471215,0.9993318485523385,0.5,0.9545792958028805,0.2323775096477956,0.13393600477429815,0.11039370200109126,0.3689256033515336,0.0
2021-07-17 16:30:00,0.09065550906555091,-0.3665338645418327,0.976470588235294,0.9189430458846632,0.31683919854471215,0.9993318485523385,0.5,0.9545792958028805,0.2323775096477956,0.13393600477429815,0.11039370200109126,0.3689256033515336,0.0
2021-07-17 16:40:00,0.05369595536959554,-0.25796812749003983,0.9803425167535369,0.9185859667916443,0.31683919854471215,0.9993318485523385,0.5,0.9545792958028805,0.2323775096477956,0.13393600477429815,0.11039370200109126,0.3689256033515336,0.0
2021-07-17 16:50:00,0.07601115760111576,-0.149402390438247,0.9883842144452712,0.9185859667916443,0.31683919854471215,0.9993318485523385,0.5,0.9545792958028805,0.2323775096477956,0.13393600477429815,0.11039370200109126,0.3689256033515336,0.0
2021-07-17 17:00:00,0.19386331938633192,-0.04083665338645426,0.9979151154132537,0.917514729512587,0.3266283650259779,0.9993318485523385,0.5,0.9644809608891667,0.22436042953158852,0.12872533924997312,0.08452542898336651,0.3701314984645892,0.0
2021-07-17 17:10:00,0.22245467224546722,0.06772908366533859,1.0,0.9235850740939118,0.4167201057439374,0.08518930957683743,0.5,0.9644809608891667,0.22436042953158852,0.12872533924997312,0.08452542898336651,0.3701314984645892,0.033367533231739514
2021-07-17 17:20:00,0.1792189679218968,-0.17928286852589637,0.9728965003723009,0.92037136225674,0.3992749734985801,0.01714922048997773,0.5,0.9644809608891667,0.22436042953158852,0.12872533924997312,0.08452542898336651,0.3701314984645892,0.03242452132715723
2021-07-17 17:30:00,0.17503486750348674,0.22709163346613526,0.9565152643335812,0.90037493304767,0.3817513185274372,0.4296213808463252,0.5,0.9644809608891667,0.22436042953158852,0.12872533924997312,0.08452542898336651,0.3701314984645892,0.0
2021-07-17 17:40:00,0.100418410041841,0.22898880667804966,0.9615785554728218,0.897161221210498,0.38510162149428745,0.9992204899777284,0.5,0.9644809608891667,0.22436042953158852,0.12872533924997312,0.08452542898336651,0.3701314984645892,0.0
2021-07-17 17:50:00,0.042538354253835425,0.23088597988996384,0.9752792256142959,0.907159435815033,0.38510162149428745,0.9992204899777284,0.5,0.9644809608891667,0.22436042953158852,0.12872533924997312,0.08452542898336651,0.3701314984645892,0.0
2021-07-17 18:00:00,0.044630404463040445,0.23278315310187825,0.9821295606850333,0.9075165149080522,0.38510162149428745,0.9992204899777284,0.5,0.8976445047616537,0.17930673808285505,0.1627013792430896,0.06197866486654047,0.06857015609757428,0.0
2021-07-17 18:10:00,0.07601115760111576,0.23468032631379243,0.9886820551005209,0.9075165149080522,0.38510162149428745,0.9992204899777284,0.5,0.8976445047616537,0.17930673808285505,0.1627013792430896,0.06197866486654047,0.06857015609757428,0.0
2021-07-17 18:20:00,0.15550906555090654,0.2365774995257066,0.9907669396872671,0.9021603285127655,0.38510162149428745,0.9992204899777284,0.5,0.8976445047616537,0.17930673808285505,0.1627013792430896,0.06197866486654047,0.06857015609757428,0.0
2021-07-17 18:30:00,0.10181311018131102,0.2384746727376208,0.9901712583767681,0.8939475093733262,0.38510162149428745,0.9992204899777284,0.5,0.8976445047616537,0.17930673808285505,0.1627013792430896,0.06197866486654047,0.06857015609757428,0.0
2021-07-17 18:40:00,0.03347280334728033,0.2403718459495352,0.9883842144452712,0.8868059275129441,0.38510162149428745,0.9992204899777284,0.5,0.8976445047616537,0.17930673808285505,0.1627013792430896,0.06197866486654047,0.06857015609757428,0.0
2021-07-17 18:50:00,0.03277545327754532,0.24226901916144938,0.9877885331347731,0.8818068202106766,0.38510162149428745,0.9992204899777284,0.5,0.8976445047616537,0.17930673808285505,0.1627013792430896,0.06197866486654047,0.06857015609757428,0.0
2021-07-17 19:00:00,0.08577405857740586,0.24416619237336357,0.9877885331347731,0.8782360292804858,0.38510162149428745,0.9992204899777284,0.5,0.9109580574893861,0.1883841416982986,0.15318905183235632,0.14870878470362484,0.9576726175412574,0.0
2021-07-17 19:10:00,0.12482566248256625,0.24606336558527775,0.9877885331347731,0.8707373683270845,0.38510162149428745,0.9992204899777284,0.5,0.9109580574893861,0.1883841416982986,0.15318905183235632,0.14870878470362484,0.9576726175412574,0.0
2021-07-17 19:20:00,0.11227336122733612,0.24796053879719215,0.9845122859270288,0.8650241028387788,0.38510162149428745,0.9992204899777284,0.5,0.9109580574893861,0.1883841416982986,0.15318905183235632,0.14870878470362484,0.9576726175412574,0.0
2021-07-17 19:30:00,0.08228730822873082,0.24985771200910634,0.9776619508562918,0.8585966791644348,0.38510162149428745,0.9992204899777284,0.5,0.9109580574893861,0.1883841416982986,0.15318905183235632,0.14870878470362484,0.9576726175412574,0.0
2021-07-17 19:40:00,0.07043235704323571,0.2517548852210205,0.9740878629932985,0.8514550973040529,0.38510162149428745,0.9992204899777284,0.5,0.9109580574893861,0.1883841416982986,0.15318905183235632,0.14870878470362484,0.9576726175412574,0.0
2021-07-17 19:50:00,0.04184100418410042,0.2536520584329347,0.969024571854058,0.8475272272808425,0.38510162149428745,0.9992204899777284,0.5,0.9109580574893861,0.1883841416982986,0.15318905183235632,0.14870878470362484,0.9576726175412574,0.0
2021-07-17 20:00:00,0.056485355648535567,0.2555492316448491,0.9669396872673115,0.842171040885556,0.38510162149428745,0.9992204899777284,0.5,0.9439040058061057,0.1851342070705475,0.12820070922066762,0.21639378205530102,0.982104449466209,0.0
2021-07-17 20:10:00,0.03347280334728033,0.2574464048567633,0.9645569620253165,0.8353865381181933,0.38510162149428745,0.9992204899777284,0.5,0.9439040058061057,0.1851342070705475,0.12820070922066762,0.21639378205530102,0.982104449466209,0.0
2021-07-17 20:20:00,0.10390516039051603,0.25934357806867747,0.9621742367833206,0.8303874308159258,0.38510162149428745,0.9992204899777284,0.5,0.9439040058061057,0.1851342070705475,0.12820070922066762,0.21639378205530102,0.982104449466209,0.0
2021-07-17 20:30:00,0.10390516039051603,0.26124075128059165,0.9568131049888304,0.8244956257811105,0.38510162149428745,0.9992204899777284,0.5,0.9439040058061057,0.1851342070705475,0.12820070922066762,0.21639378205530102,0.982104449466209,0.0
2021-07-17 20:40:00,0.10390516039051603,0.26313792449250606,0.9514519731943407,0.8186038207462953,0.38510162149428745,0.9992204899777284,0.5,0.9439040058061057,0.1851342070705475,0.12820070922066762,0.21639378205530102,0.982104449466209,0.0
2021-07-17 20:50:00,0.3542538354253836,0.26503509770442046,0.9475800446760982,0.8132476343510089,0.317689861407389,0.9969933184855234,0.5,0.9439040058061057,0.1851342070705475,0.12820070922066762,0.21639378205530102,0.982104449466209,0.0
2021-07-17 21:00:00,0.31729428172942814,0.2669322709163344,0.9362620997766191,0.8282449562578109,0.21269188991113847,0.036302895322939864,0.5,0.9724610210781517,0.1850681164459348,0.10930400984990661,0.2503456971437341,0.06676220900910917,0.12225206331004723
2021-07-17 21:10:00,0.2635983263598326,-0.15537848605577698,0.9032017870439313,0.8196750580253527,0.22381594273075867,0.00033407572383073496,0.5,0.9724610210781517,0.1850681164459348,0.10930400984990661,0.2503456971437341,0.06676220900910917,0.11006080540760746
2021-07-17 21:20:00,0.2301255230125523,-0.10756972111553798,0.8805658972449737,0.8014640242813782,0.22381594273075867,0.00033407572383073496,0.5,0.9724610210781517,0.1850681164459348,0.10930400984990661,0.2503456971437341,0.06676220900910917,0.08481826274574891
2021-07-17 21:30:00,0.31241283124128316,-0.06772908366533881,0.8683544303797466,0.7936082842349581,0.21503448456374083,0.00022271714922048998,0.5,0.9724610210781517,0.1850681164459348,0.10930400984990661,0.2503456971437341,0.06676220900910917,0.14040315644944704
2021-07-17 21:40:00,0.26638772663877264,0.09960159362549792,0.8620997766195082,0.789680414211748,0.22241562078758295,0.00033407572383073496,0.5,0.9724610210781517,0.1850681164459348,0.10930400984990661,0.2503456971437341,0.06676220900910917,0.11014379045521071
2021-07-17 21:50:00,0.23361227336122734,-0.19521912350597614,0.8543559195830228,0.7875379396536333,0.22386829121461568,0.00033407572383073496,0.5,0.9724610210781517,0.1850681164459348,0.10930400984990661,0.2503456971437341,0.06676220900910917,0.09012176169711966
2021-07-17 22:00:00,0.23082287308228733,-0.5458167330677292,0.8489947877885329,0.789680414211748,0.22004685189305206,0.00033407572383073496,0.5,0.833307929396846,0.2021338651234038,0.1950985833974696,0.3657782630345776,0.12140836977063095,0.08270591607948459
2021-07-17 22:10:00,0.23361227336122734,-0.02788844621513953,0.844229337304542,0.7889662560257098,0.21007446571828664,0.00044543429844097997,0.5,0.833307929396846,0.2021338651234038,0.1950985833974696,0.3657782630345776,0.12140836977063095,0.08462966036483245
2021-07-17 22:20:00,0.3228730822873082,-0.02788844621513953,0.8415487714072969,0.7864667023745762,0.21007446571828664,0.00022271714922048998,0.5,0.833307929396846,0.2021338651234038,0.1950985833974696,0.3657782630345776,0.12140836977063095,0.14766057606711228
2021-07-17 22:30:00,0.36541143654114366,-0.3067729083665339,0.8370811615785554,0.7861096232815568,0.21007446571828664,0.00022271714922048998,0.5,0.833307929396846,0.2021338651234038,0.1950985833974696,0.3657782630345776,0.12140836977063095,0.221245681005477
2021-07-17 22:40:00,0.34309623430962344,-0.26693227091633476,0.8311243484735664,0.7800392787002322,0.21007446571828664,0.00022271714922048998,0.5,0.833307929396846,0.2021338651234038,0.1950985833974696,0.3657782630345776,0.12140836977063095,0.1731294415860706
2021-07-17 22:50:00,0.30404463040446306,0.06772908366533859,0.82933730454207,0.7789680414211748,0.19891115153577366,0.00022271714922048998,0.5,0.833307929396846,0.2021338651234038,0.1950985833974696,0.3657782630345776,0.12140836977063095,0.15100261025695189
2021-07-17 23:00:00,0.301255230125523,0.3306772908366533,0.8260610573343259,0.7789680414211748,0.19618903037520774,0.00022271714922048998,0.5,0.761431020974757,0.21000726996870697,0.22780775029588907,0.506103869683148,0.13072414426516266,0.15426165939918826
2021-07-17 23:10:00,0.3075313807531381,0.2828685258964143,0.822784810126582,0.7786109623281556,0.19618903037520774,0.00033407572383073496,0.5,0.761431020974757,0.21000726996870697,0.22780775029588907,0.506103869683148,0.13072414426516266,0.157777207779471
2021-07-17 23:20:00,0.298465829846583,-0.4103585657370519,0.8189128816083393,0.7732547759328692,0.18790488280483178,0.0008908685968819599,0.5,0.761431020974757,0.21000726996870697,0.22780775029588907,0.506103869683148,0.13072414426516266,0.11095855274076981
2021-07-17 23:30:00,0.6171548117154811,-0.7450199203187251,0.8016381236038719,0.7771826459560791,0.11894884244415073,0.2817371937639198,0.5,0.761431020974757,0.21000726996870697,0.22780775029588907,0.506103869683148,0.13072414426516266,0.45208745115198334
2021-07-17 23:40:00,0.6555090655509066,0.13147410358565725,0.7837676842889052,0.7539725049098376,0.11643611521901297,0.008351893095768375,0.5,0.761431020974757,0.21000726996870697,0.22780775029588907,0.506103869683148,0.13072414426516266,0.780828945184604
2021-07-17 23:50:00,0.5488145048814504,0.2589641434262948,0.7718540580789277,0.7454026066773789,0.11999581212129143,0.004565701559020045,0.5,0.761431020974757,0.21000726996870697,0.22780775029588907,0.506103869683148,0.13072414426516266,0.5619445659882011
2021-07-18 00:00:00,0.695258019525802,-0.19521912350597614,0.7548771407297095,0.737903945723978,0.1306618157071626,0.003006681514476615,0.5,0.7540128936373311,0.20903889864284417,0.24106591328932125,0.5804283571122512,0.12826020193026763,0.8661602064064458
2021-07-18 00:10:00,0.7482566248256626,-0.08366533864541836,0.7456440804169768,0.7311194429566148,0.13067490282812685,0.0665924276169265,0.5,0.7540128936373311,0.20903889864284417,0.24106591328932125,0.5804283571122512,0.12826020193026763,0.7502150067142448
2021-07-18 00:20:00,0.7705718270571827,-0.0916334661354582,0.734921816827997,0.7257632565613283,0.13067490282812685,0.1158129175946548,0.5,0.7540128936373311,0.20903889864284417,0.24106591328932125,0.5804283571122512,0.12826020193026763,0.5732079001765318
2021-07-18 00:30:00,0.7768479776847979,-0.3944223107569722,0.7280714817572596,0.7257632565613283,0.13067490282812685,0.4462138084632517,0.5,0.7540128936373311,0.20903889864284417,0.24106591328932125,0.5804283571122512,0.12826020193026763,0.1125126363595214
2021-07-18 00:40:00,0.7615062761506276,-0.8884462151394422,0.7459419210722262,0.7136225673986787,0.13067490282812685,0.9996659242761693,0.5,0.7540128936373311,0.20903889864284417,0.24106591328932125,0.5804283571122512,0.12826020193026763,0.0
2021-07-18 00:50:00,0.7210599721059973,-0.5697211155378487,0.7632166790766937,0.7100517764684879,0.13067490282812685,0.9996659242761693,0.5,0.7540128936373311,0.20903889864284417,0.24106591328932125,0.5804283571122512,0.12826020193026763,0.0
2021-07-18 01:00:00,0.7517433751743374,-0.3784860557768924,0.7557706626954577,0.7007677200499909,0.13067490282812685,0.9996659242761693,0.5,0.6907349119795292,0.21298134807633293,0.25352983942668855,0.6167727781234825,0.1351221997553193,0.0
2021-07-18 01:10:00,0.7510460251046025,-0.6095617529880479,0.7530900967982128,0.690055347259418,0.13067490282812685,0.9996659242761693,0.5,0.6907349119795292,0.21298134807633293,0.25352983942668855,0.6167727781234825,0.1351221997553193,0.0
2021-07-18 01:20:00,0.7747559274755927,-0.6812749003984064,0.7581533879374533,0.6825566863060168,0.13067490282812685,0.9996659242761693,0.5,0.6907349119795292,0.21298134807633293,0.25352983942668855,0.6167727781234825,0.1351221997553193,0.0
2021-07-18 01:30:00,0.7224546722454672,-0.5378486055776892,0.7542814594192104,0.6761292626316728,0.1290259255866302,0.9869710467706013,0.5,0.6907349119795292,0.21298134807633293,0.25352983942668855,0.6167727781234825,0.1351221997553193,0.0
2021-07-18 01:40:00,0.7287308228730822,-0.01195219123505975,0.7271779597915116,0.6736297089805392,0.1280705657562393,0.1234966592427617,0.5,0.6907349119795292,0.21298134807633293,0.25352983942668855,0.6167727781234825,0.1351221997553193,0.3872459525929055
2021-07-18 01:50:00,0.7524407252440725,-0.003984063745020028,0.7021593447505583,0.6647027316550616,0.12924840664302262,0.11057906458797327,0.5,0.6907349119795292,0.21298134807633293,0.25352983942668855,0.6167727781234825,0.1351221997553193,0.48107940914646113
2021-07-18 02:00:00,0.7656903765690377,-0.003984063745020028,0.6962025316455693,0.6539903588644886,0.12924840664302262,0.11804008908685969,0.5,0.6835202718410203,0.20907338070785877,0.2611901733764654,0.6405366396950669,0.1409265637957327,0.4615477465787528
2021-07-18 02:10:00,0.8361227336122734,0.13147410358565725,0.6896500372300818,0.6443492233529726,0.12924840664302262,0.1360801781737194,0.5,0.6835202718410203,0.20907338070785877,0.2611901733764654,0.6405366396950669,0.1409265637957327,0.46616473286358767
2021-07-18 02:20:00,0.8319386331938633,0.15537848605577675,0.6854802680565895,0.6336368505623997,0.12924840664302262,0.1344097995545657,0.5,0.6835202718410203,0.20907338070785877,0.2611901733764654,0.6405366396950669,0.1409265637957327,0.4539734749611479
2021-07-18 02:30:00,0.8326359832635983,0.17131474103585642,0.681012658227848,0.6243527941439027,0.13358024368219237,0.13830734966592428,0.5,0.6835202718410203,0.20907338070785877,0.2611901733764654,0.6405366396950669,0.1409265637957327,0.44006970743998675
2021-07-18 02:40:00,0.7817294281729429,-0.21912350597609564,0.6753536857781086,0.6200678450276735,0.13914227009200247,0.09888641425389756,0.5,0.6835202718410203,0.20907338070785877,0.2611901733764654,0.6405366396950669,0.1409265637957327,0.5897445569352868
2021-07-18 02:50:00,0.8158995815899581,-0.24302788844621515,0.6667163067758748,0.62542403142296,0.13914227009200247,0.09142538975501115,0.5,0.6835202718410203,0.20907338070785877,0.2611901733764654,0.6405366396950669,0.1409265637957327,0.7408150640493686
2021-07-18 03:00:00,0.8521617852161786,-0.003984063745020028,0.6705882352941175,0.6268523477950365,0.13914227009200247,0.10144766146993318,0.5,0.6584891784233526,0.20920556195708837,0.28341219269608986,0.6746369506518193,0.13568812143755188,0.7506148437617877
2021-07-18 03:10:00,0.8305439330543933,0.10756972111553775,0.6750558451228592,0.6307802178182469,0.13914227009200247,0.09710467706013363,0.5,0.6584891784233526,0.20920556195708837,0.28341219269608986,0.6746369506518193,0.13568812143755188,0.7680643360441782
2021-07-18 03:20:00,0.8835425383542539,0.1872509960159361,0.6759493670886074,0.6361364042135333,0.13914227009200247,0.1046770601336303,0.5,0.6584891784233526,0.20920556195708837,0.28341219269608986,0.6746369506518193,0.13568812143755188,0.8020504850853238
2021-07-18 03:30:00,0.900278940027894,0.3545816733067728,0.6801191362620995,0.6368505623995715,0.13914227009200247,0.1079064587973274,0.5,0.6584891784233526,0.20920556195708837,0.28341219269608986,0.6746369506518193,0.13568812143755188,0.809330536988699
2021-07-18 03:40:00,0.8675034867503486,0.5697211155378485,0.6816083395383468,0.6397071951437245,0.14017615264817895,0.10111358574610245,0.5,0.6584891784233526,0.20920556195708837,0.28341219269608986,0.6746369506518193,0.13568812143755188,0.7867057953739608
2021-07-18 03:50:00,0.8647140864714087,-0.4103585657370519,0.6750558451228592,0.6457775397250489,0.15298844407218856,0.08296213808463253,0.5,0.6584891784233526,0.20920556195708837,0.28341219269608986,0.6746369506518193,0.13568812143755188,0.8357197821265295
2021-07-18 04:00:00,0.7921896792189679,-0.2270916334661356,0.669694713328369,0.6539903588644886,0.148211644920234,0.06002227171492205,0.5,0.5807738783939687,0.2118721749849869,0.3348244137985434,0.724526133573531,0.13246037734129187,0.8711166769769302
2021-07-18 04:10:00,0.7642956764295677,-0.14741035856573714,0.6720774385703647,0.6632744152829853,0.15123476986297785,0.05133630289532295,0.5,0.5807738783939687,0.2118721749849869,0.3348244137985434,0.724526133573531,0.13246037734129187,0.9185841242059839
2021-07-18 04:20:00,0.6910739191073919,-0.33864541832669326,0.6670141474311242,0.6772004999107302,0.15174516758058396,0.01714922048997773,0.5,0.5807738783939687,0.2118721749849869,0.3348244137985434,0.724526133573531,0.13246037734129187,0.881851924498695
2021-07-18 04:30:00,0.7587168758716877,-0.17928286852589637,0.6637379002233803,0.6871987145152652,0.14685058433995107,0.019933184855233856,0.5,0.5807738783939687,0.2118721749849869,0.3348244137985434,0.724526133573531,0.13246037734129187,0.9963637460959308
2021-07-18 04:40:00,0.7580195258019525,0.2828685258964143,0.6682055100521218,0.6864845563292268,0.14181204276871132,0.011469933184855235,0.5,0.5807738783939687,0.2118721749849869,0.3348244137985434,0.724526133573531,0.13246037734129187,0.9911104908188361
2021-07-18 04:50:00,0.7280334728033473,0.25099601593625476,0.6690990320178702,0.6875557936082841,0.14181204276871132,0.0020044543429844097,0.5,0.5807738783939687,0.2118721749849869,0.3348244137985434,0.724526133573531,0.13246037734129187,0.9858573109826939
2021-07-18 05:00:00,0.7301255230125524,0.4422310756972112,0.6661206254653758,0.6939832172826281,0.14181204276871132,0.012360801781737195,0.5,0.5724111915624688,0.21356466967618548,0.351267259877774,0.7161144728057127,0.13094415739649368,0.9806041311465515
2021-07-18 05:10:00,0.7921896792189679,-0.043824701195219196,0.6685033507073712,0.6986252454918764,0.14979518655690935,0.01893095768374165,0.5,0.5724111915624688,0.21356466967618548,0.351267259877774,0.7161144728057127,0.13094415739649368,0.908671183065015
2021-07-18 05:20:00,0.7914923291492328,-0.2509960159362551,0.6688011913626208,0.7068380646313157,0.15174516758058396,0.023162583518930958,0.5,0.5724111915624688,0.21356466967618548,0.351267259877774,0.7161144728057127,0.13094415739649368,0.8367382349834785
2021-07-18 05:30:00,0.6234309623430963,0.003984063745019917,0.6574832464631419,0.7189787537939654,0.15174516758058396,0.0012249443207126948,0.5,0.5724111915624688,0.21356466967618548,0.351267259877774,0.7161144728057127,0.13094415739649368,0.7648052869019418
2021-07-18 05:40:00,0.6520223152022315,-0.05179282868525903,0.6512285927029038,0.7229066238171755,0.15174516758058396,0.00311804008908686,0.5,0.5724111915624688,0.21356466967618548,0.351267259877774,0.7161144728057127,0.13094415739649368,0.7923940431824011
2021-07-18 05:50:00,0.6262203626220363,-0.019920318725099695,0.6390171258376767,0.7225495447241563,0.15174516758058396,0.00033407572383073496,0.5,0.5724111915624688,0.21356466967618548,0.351267259877774,0.7161144728057127,0.13094415739649368,0.7248366703381264
2021-07-18 06:00:00,0.6241283124128312,-0.059760956175298974,0.6396128071481755,0.72504909837529,0.15174516758058396,0.00044543429844097997,0.5,0.5626397702906021,0.22335757614071114,0.3570359075459095,0.7273777861131482,0.1449655876789919,0.7594791556648611
2021-07-18 06:10:00,0.6631799163179917,-0.05179282868525903,0.6416976917349215,0.7225495447241563,0.15174516758058396,0.00022271714922048998,0.5,0.5626397702906021,0.22335757614071114,0.3570359075459095,0.7273777861131482,0.1449655876789919,0.8038837002278316
2021-07-18 06:20:00,0.5760111576011158,0.003984063745019917,0.6342516753536855,0.7186216747009462,0.15174516758058396,0.00022271714922048998,0.5,0.5626397702906021,0.22335757614071114,0.3570359075459095,0.7273777861131482,0.1449655876789919,0.6123994749309716
2021-07-18 06:30:00,0.5125523012552301,-0.20318725099601598,0.627699180938198,0.7239778610962329,0.14582978890473886,0.00033407572383073496,0.5,0.5626397702906021,0.22335757614071114,0.3570359075459095,0.7273777861131482,0.1449655876789919,0.4931876820012976
2021-07-18 06:40:00,0.5411436541143654,0.3227091633466135,0.6247207743857035,0.7186216747009462,0.14047715643035688,0.00022271714922048998,0.5,0.5626397702906021,0.22335757614071114,0.3570359075459095,0.7273777861131482,0.1449655876789919,0.5556829669417748
2021-07-18 06:50:00,0.5543933054393305,0.346613545816733,0.6268056589724496,0.7096946973754685,0.14047715643035688,0.00022271714922048998,0.5,0.5626397702906021,0.22335757614071114,0.3570359075459095,0.7273777861131482,0.1449655876789919,0.587066403126273
2021-07-18 07:00:00,0.5613668061366807,0.38645418326693215,0.6235294117647057,0.6996964827709338,0.14047715643035688,0.00011135857461024499,0.5,0.5534871822409473,0.23935150729726518,0.36581207896918383,0.6671006211847612,0.14508217689091937,0.5784435022707727
2021-07-18 07:10:00,0.504881450488145,0.41035856573705165,0.6202531645569618,0.6918407427245135,0.14047715643035688,0.000556792873051225,0.5,0.5534871822409473,0.23935150729726518,0.36581207896918383,0.6671006211847612,0.14508217689091937,0.4845874134315072
2021-07-18 07:20:00,0.5041841004184101,-0.11553784860557781,0.6157855547282203,0.6918407427245135,0.15061967517765767,0.000556792873051225,0.5,0.5534871822409473,0.23935150729726518,0.36581207896918383,0.6671006211847612,0.14508217689091937,0.4527437874375726
2021-07-18 07:30:00,0.5132496513249651,-0.17928286852589637,0.6154877140729709,0.6939832172826281,0.1516928190967269,0.00044543429844097997,0.5,0.5534871822409473,0.23935150729726518,0.36581207896918383,0.6671006211847612,0.14508217689091937,0.4737918131478492
2021-07-18 07:40:00,0.5132496513249651,0.12350597609561742,0.6172747580044673,0.6875557936082841,0.1516928190967269,0.00033407572383073496,0.5,0.5534871822409473,0.23935150729726518,0.36581207896918383,0.6671006211847612,0.14508217689091937,0.5002414110475731
2021-07-18 07:50:00,0.45397489539748953,0.3545816733067728,0.6154877140729709,0.6814854490269593,0.15378675845100837,0.00033407572383073496,0.5,0.5534871822409473,0.23935150729726518,0.36581207896918383,0.6671006211847612,0.14508217689091937,0.3617469106930006
2021-07-18 08:00:00,0.5146443514644351,0.043824701195219085,0.6199553239017124,0.6779146580967683,0.1629215688840612,0.00044543429844097997,0.5,0.5442043503768732,0.24761570887941997,0.3749623520570583,0.5970487124456353,0.14513291879983492,0.4842856496220409
2021-07-18 08:10:00,0.45536959553695955,0.17928286852589648,0.621742367833209,0.6754151044456349,0.16942586800329795,0.00044543429844097997,0.5,0.5442043503768732,0.24761570887941997,0.3749623520570583,0.5970487124456353,0.14513291879983492,0.3645306818353275
2021-07-18 08:20:00,0.4211994421199442,0.05976095617529875,0.627103499627699,0.6779146580967683,0.17413723155043123,0.00033407572383073496,0.5,0.5442043503768732,0.24761570887941997,0.3749623520570583,0.5970487124456353,0.14513291879983492,0.312883805845165
2021-07-18 08:30:00,0.500697350069735,0.24302788844621515,0.6345495160089349,0.6772004999107302,0.17828584889610136,0.00044543429844097997,0.5,0.5442043503768732,0.24761570887941997,0.3749623520570583,0.5970487124456353,0.14513291879983492,0.44218205410625105
2021-07-18 08:40:00,0.50278940027894,0.10756972111553775,0.6428890543559194,0.6754151044456349,0.18536598133776552,0.000556792873051225,0.5,0.5442043503768732,0.24761570887941997,0.3749623520570583,0.5970487124456353,0.14513291879983492,0.47268283114806037
2021-07-18 08:50:00,0.4714086471408647,0.043824701195219085,0.6470588235294115,0.680057132654883,0.18536598133776552,0.0013363028953229399,0.5,0.5442043503768732,0.24761570887941997,0.3749623520570583,0.5970487124456353,0.14513291879983492,0.4057968827798482
2021-07-18 09:00:00,0.4721059972105997,-0.17928286852589637,0.6494415487714069,0.6811283699339403,0.18681865176479825,0.0022271714922049,0.5,0.552648485452883,0.2574545914306304,0.3706689330886836,0.5764594411751136,0.16792372684122225,0.4018136004948927
2021-07-18 09:10:00,0.603905160390516,0.2589641434262948,0.6571854058078928,0.6814854490269593,0.19020821609454136,0.015478841870824054,0.5,0.552648485452883,0.2574545914306304,0.3706689330886836,0.5764594411751136,0.16792372684122225,0.6324215036890626
2021-07-18 09:20:00,0.606694560669456,-0.1394422310756973,0.6634400595681309,0.6793429744688448,0.19667325385088535,0.021380846325167038,0.5,0.552648485452883,0.2574545914306304,0.3706689330886836,0.5764594411751136,0.16792372684122225,0.629562291594369
2021-07-18 09:30:00,0.5808926080892608,0.003984063745019917,0.6738644825018612,0.6861274772362078,0.19807357579406104,0.03162583518930957,0.5,0.552648485452883,0.2574545914306304,0.3706689330886836,0.5764594411751136,0.16792372684122225,0.5497457639905247
2021-07-18 09:40:00,0.6248256624825663,0.01195219123505975,0.6842889054355916,0.6950544545616855,0.200494693172449,0.023719376391982183,0.5,0.552648485452883,0.2574545914306304,0.3706689330886836,0.5764594411751136,0.16792372684122225,0.6743817613953559
2021-07-18 09:50:00,0.704323570432357,-0.21115537848605592,0.6896500372300818,0.6982681663988572,0.1984531023020246,0.013140311804008908,0.5,0.552648485452883,0.2574545914306304,0.3706689330886836,0.5764594411751136,0.16792372684122225,0.8676388490728306
2021-07-18 10:00:00,0.6834030683403068,0.07569721115537842,0.6944154877140729,0.7021960364220676,0.19187028045700227,0.01135857461024499,0.5,0.7439890228311903,0.25837123965897124,0.25253092457514414,0.5592036976593557,0.21900829709668235,0.8455874586960785
2021-07-18 10:10:00,0.6429567642956765,-0.0916334661354582,0.6994787788533132,0.7139796464916979,0.19607124628652944,0.005790645879732739,0.5,0.7439890228311903,0.25837123965897124,0.25253092457514414,0.5592036976593557,0.21900829709668235,0.7525913967137922
2021-07-18 10:20:00,0.6150627615062761,-0.019920318725099695,0.7063291139240504,0.7296911265845385,0.19813901139888238,0.0036748329621380848,0.5,0.7439890228311903,0.25837123965897124,0.25253092457514414,0.5592036976593557,0.21900829709668235,0.6312823453083272
2021-07-18 10:30:00,0.6338912133891214,-0.14741035856573714,0.7102010424422933,0.7389751830030351,0.19490649252071038,0.008017817371937639,0.5,0.7439890228311903,0.25837123965897124,0.25253092457514414,0.5592036976593557,0.21900829709668235,0.6975270455814234
2021-07-18 10:40:00,0.6562064156206415,0.1394422310756971,0.7185405807892775,0.7464738439564362,0.18489484498305217,0.03518930957683742,0.5,0.7439890228311903,0.25837123965897124,0.25253092457514414,0.5592036976593557,0.21900829709668235,0.7001901111999638
2021-07-18 10:50:00,0.6847977684797769,0.11553784860557759,0.7259865971705135,0.7489733976075701,0.2105717763149285,0.05367483296213809,0.5,0.7439890228311903,0.25837123965897124,0.25253092457514414,0.5592036976593557,0.21900829709668235,0.6123240339786049
2021-07-18 11:00:00,0.6666666666666667,-0.059760956175298974,0.7319434102755025,0.7554008212819139,0.20991742026671553,0.06057906458797328,0.5,0.7572456084820909,0.25611266440042746,0.2446652785592698,0.5414451042474167,0.2709889041803676,0.5783454290326961
2021-07-18 11:10:00,0.6785216178521618,0.11553784860557759,0.7387937453462394,0.7603999285841814,0.20894897331536036,0.028841870824053453,0.5,0.7572456084820909,0.25611266440042746,0.2446652785592698,0.5414451042474167,0.2709889041803676,0.7304645653846734
2021-07-18 11:20:00,0.694560669456067,0.07569721115537842,0.7429635145197317,0.7611140867702197,0.21051942783107144,0.03819599109131403,0.5,0.7572456084820909,0.25611266440042746,0.2446652785592698,0.5414451042474167,0.2709889041803676,0.7057802857703276
2021-07-18 11:30:00,0.6478382147838214,0.003984063745019917,0.7501116902457183,0.7707552222817353,0.2129667194513879,0.053563474387527836,0.5,0.7572456084820909,0.25611266440042746,0.2446652785592698,0.5414451042474167,0.2709889041803676,0.5325603150414171
2021-07-18 11:40:00,0.696652719665272,-0.003984063745020028,0.7569620253164555,0.7789680414211748,0.18227742079020037,0.08207126948775056,0.5,0.7572456084820909,0.25611266440042746,0.2446652785592698,0.5414451042474167,0.2709889041803676,0.513398313140305
2021-07-18 11:50:00,0.6122733612273361,-0.06772908366533881,0.7614296351451972,0.7846813069094805,0.19370247739199856,0.0665924276169265,0.5,0.7572456084820909,0.25611266440042746,0.2446652785592698,0.5414451042474167,0.2709889041803676,0.4537546961992849
2021-07-18 12:00:00,0.5606694560669455,0.043824701195219085,0.7632166790766937,0.7868237814675951,0.1803274397665258,0.031959910913140314,0.5,0.7661945759204702,0.24742318401641483,0.23937193022636197,0.5345954243599158,0.2989273766104841,0.44691220181963576
2021-07-18 12:10:00,0.5432357043235705,0.09163346613545809,0.7691734921816826,0.7936082842349581,0.1963722500687074,0.01180400890868597,0.5,0.7661945759204702,0.24742318401641483,0.23937193022636197,0.5345954243599158,0.2989273766104841,0.4881105059070266
2021-07-18 12:20:00,0.5355648535564853,-0.17928286852589637,0.7778108711839165,0.8046777361185502,0.20537618929211762,0.00378619153674833,0.5,0.7661945759204702,0.24742318401641483,0.23937193022636197,0.5345954243599158,0.2989273766104841,0.5454003651342095
2021-07-18 12:30:00,0.5146443514644351,-0.1394422310756973,0.7816827997021591,0.8118193179789321,0.19065317820732616,0.005345211581291759,0.5,0.7661945759204702,0.24742318401641483,0.23937193022636197,0.5345954243599158,0.2989273766104841,0.4456447938198772
2021-07-18 12:40:00,0.44979079497907953,0.10756972111553775,0.7861504095309009,0.8207462953044098,0.1821988980644148,0.0034521158129175947,0.5,0.7661945759204702,0.24742318401641483,0.23937193022636197,0.5345954243599158,0.2989273766104841,0.3335093622221887
2021-07-18 12:50:00,0.4609483960948396,0.2749003984063745,0.7906180193596424,0.8268166398857346,0.1894622501995786,0.0023385300668151447,0.5,0.7661945759204702,0.24742318401641483,0.23937193022636197,0.5345954243599158,0.2989273766104841,0.3426452615537819
2021-07-18 13:00:00,0.4281729428172943,-0.12350597609561753,0.7930007446016378,0.8296732726298874,0.20374029917158526,0.0010022271714922048,0.5,0.9009993586200893,0.23325392880028475,0.18464630970266274,0.557154778709849,0.3027403136385263,0.31081672375032066
2021-07-18 13:10:00,0.4630404463040446,-0.01195219123505975,0.7995532390171258,0.8357436172112123,0.19658164400413553,0.0014476614699331849,0.5,0.9009993586200893,0.23325392880028475,0.18464630970266274,0.557154778709849,0.3027403136385263,0.3411288984112136
2021-07-18 13:20:00,0.394700139470014,-0.02788844621513953,0.8028294862248695,0.8396714872344224,0.19270785619871483,0.0034521158129175947,0.5,0.9009993586200893,0.23325392880028475,0.18464630970266274,0.557154778709849,0.3027403136385263,0.2757442249950963
2021-07-18 13:30:00,0.35146443514644354,-0.26693227091633476,0.8114668652271033,0.8460989109087662,0.1921189357553232,0.00033407572383073496,0.5,0.9009993586200893,0.23325392880028475,0.18464630970266274,0.557154778709849,0.3027403136385263,0.19103157958266065
2021-07-18 13:40:00,0.3800557880055788,0.24302788844621515,0.8201042442293371,0.8496697018389574,0.17459528078418027,0.00044543429844097997,0.5,0.9009993586200893,0.23325392880028475,0.18464630970266274,0.557154778709849,0.3027403136385263,0.25971302261719753
2021-07-18 13:50:00,0.36262203626220363,-0.01195219123505975,0.8257632166790765,0.8500267809319764,0.18103414429859577,0.00044543429844097997,0.5,0.9009993586200893,0.23325392880028475,0.18464630970266274,0.557154778709849,0.3027403136385263,0.22481403805241637
2021-07-18 14:00:00,0.46443514644351463,0.019920318725099362,0.8358897989575576,0.8518121763970721,0.19686956066534925,0.0006681514476614699,0.5,0.9074485120019424,0.2014614648555899,0.17961102811126725,0.5908009697405822,0.3043979159151036,0.3632632738355689
2021-07-18 14:10:00,0.46722454672245467,0.003984063745019917,0.8460163812360384,0.8518121763970721,0.20744395440447058,0.000556792873051225,0.5,0.9074485120019424,0.2014614648555899,0.17961102811126725,0.5908009697405822,0.3043979159151036,0.3453913122199255
2021-07-18 14:20:00,0.43235704323570434,-0.07569721115537853,0.8513775130305283,0.8575254418853775,0.19734069702006257,0.00111358574610245,0.5,0.9074485120019424,0.2014614648555899,0.17961102811126725,0.5908009697405822,0.3043979159151036,0.33921269822110234
2021-07-18 14:30:00,0.4665271966527197,-0.14741035856573714,0.8623976172747578,0.862167470094626,0.18446296999123166,0.00044543429844097997,0.5,0.9074485120019424,0.2014614648555899,0.17961102811126725,0.5908009697405822,0.3043979159151036,0.34839386212411544
2021-07-18 14:40:00,0.5062761506276151,0.4183266932270917,0.8665673864482502,0.8682378146759508,0.19752391671356218,0.0014476614699331849,0.5,0.9074485120019424,0.2014614648555899,0.17961102811126725,0.5908009697405822,0.3043979159151036,0.4081657286841589
2021-07-18 14:50:00,0.4783821478382148,0.03585657370517925,0.8728220402084881,0.8685948937689698,0.19828296972948922,0.00044543429844097997,0.5,0.9074485120019424,0.2014614648555899,0.17961102811126725,0.5908009697405822,0.3043979159151036,0.38153507249875523
2021-07-18 15:00:00,0.44839609483960946,-0.2749003984063746,0.8811615785554725,0.8771647920014285,0.1898548638285064,0.0013363028953229399,0.5,0.9138976653837956,0.17871479596674886,0.1739727453621856,0.5968261638472103,0.3062171468254901,0.36213165955007015
2021-07-18 15:10:00,0.44839609483960946,-0.05179282868525903,0.8835443037974682,0.8860917693269059,0.17377079216343197,0.00044543429844097997,0.5,0.9138976653837956,0.17871479596674886,0.1739727453621856,0.5968261638472103,0.3062171468254901,0.3367608672691884
2021-07-18 15:20:00,0.3682008368200837,0.01195219123505975,0.8895011169024569,0.8975183003035174,0.15834107654657054,0.0008908685968819599,0.5,0.9138976653837956,0.17871479596674886,0.1739727453621856,0.5968261638472103,0.3062171468254901,0.23919308357348704
2021-07-18 15:30:00,0.4330543933054393,0.2749003984063745,0.8948622486969469,0.910373147652205,0.20885736346861053,0.000556792873051225,0.5,0.9138976653837956,0.17871479596674886,0.1739727453621856,0.5968261638472103,0.3062171468254901,0.2940914646106492
2021-07-18 15:40:00,0.3200836820083682,0.11553784860557759,0.8972449739389423,0.9125156222103195,0.19571789402049444,0.0008908685968819599,0.5,0.9138976653837956,0.17871479596674886,0.1739727453621856,0.5968261638472103,0.3062171468254901,0.18513964120283055
2021-07-18 15:50:00,0.4504881450488145,0.05179282868525892,0.9043931496649291,0.9164434922335298,0.22071429506222925,0.000556792873051225,0.5,0.9138976653837956,0.17871479596674886,0.1739727453621856,0.5968261638472103,0.3062171468254901,0.3436184498393108
2021-07-18 16:00:00,0.39191073919107394,-0.12350597609561753,0.9055845122859267,0.9150151758614533,0.19423904935153316,0.000556792873051225,0.5,0.9475764477825699,0.15545089610266377,0.15930821373810372,0.5770099361441621,0.3106822575277873,0.261093592045506
2021-07-18 16:10:00,0.31311018131101814,0.41035856573705165,0.9109456440804167,0.9214425995357971,0.17447749669550194,0.00044543429844097997,0.5,0.9475764477825699,0.15545089610266377,0.15930821373810372,0.5770099361441621,0.3106822575277873,0.162877016159452
2021-07-18 16:20:00,0.3228730822873082,0.019920318725099362,0.9124348473566644,0.9300124977682556,0.21856800722409078,0.00044543429844097997,0.5,0.9475764477825699,0.15545089610266377,0.15930821373810372,0.5770099361441621,0.3106822575277873,0.1941925554868205
2021-07-18 16:30:00,0.2601115760111576,-0.03266932270916345,0.9216679076693965,0.9392965541867522,0.23533260917930662,0.8973273942093541,0.5,0.9475764477825699,0.15545089610266377,0.15930821373810372,0.5770099361441621,0.3106822575277873,0.0036513420945426013
2021-07-18 16:40:00,0.2691771269177127,-0.08525896414342626,0.9428145941921067,0.9464381360471343,0.23704702202562458,0.9995545657015591,0.5,0.9475764477825699,0.15545089610266377,0.15930821373810372,0.5770099361441621,0.3106822575277873,0.0
2021-07-18 16:50:00,0.3089260808926081,-0.1378486055776893,0.9544303797468354,0.9467952151401535,0.23704702202562458,0.9995545657015591,0.5,0.9475764477825699,0.15545089610266377,0.15930821373810372,0.5770099361441621,0.3106822575277873,0.0
2021-07-18 17:00:00,0.25313807531380755,-0.19043824701195222,0.9588979895755767,0.9403677914658095,0.23274135922838335,0.9934298440979955,0.5,0.9508417152426618,0.13874433560244406,0.1569246154710441,0.5357100659223069,0.3092667161280678,0.0
2021-07-18 17:10:00,0.32914923291492326,-0.24302788844621515,0.9541325390915858,0.9353686841635422,0.17980395492795542,0.22973273942093542,0.5,0.9508417152426618,0.13874433560244406,0.1569246154710441,0.5357100659223069,0.3092667161280678,0.10459133636103021
2021-07-18 17:20:00,0.20432357043235705,0.10756972111553775,0.9288160833953831,0.92037136225674,0.17301173914750495,0.006347438752783964,0.5,0.9508417152426618,0.13874433560244406,0.1569246154710441,0.5357100659223069,0.3092667161280678,0.08220800579386514
2021-07-18 17:30:00,0.12412831241283125,0.027888446215139417,0.9234549516008934,0.9082306730940903,0.1802620041617045,0.3239420935412027,0.5,0.9508417152426618,0.13874433560244406,0.1569246154710441,0.5357100659223069,0.3092667161280678,0.0
2021-07-18 17:40:00,0.20711297071129708,0.29083665338645415,0.9303052866716306,0.90037493304767,0.18001334886338355,0.4455456570155902,0.5,0.9508417152426618,0.13874433560244406,0.1569246154710441,0.5357100659223069,0.3092667161280678,0.012259154759569684
2021-07-18 17:50:00,0.12482566248256625,0.9203187250996017,0.9282204020848848,0.9146580967684341,0.20192118935755327,0.2646993318485523,0.5,0.9508417152426618,0.13874433560244406,0.1569246154710441,0.5357100659223069,0.3092667161280678,0.014492206949620534
2021-07-18 18:00:00,0.20292887029288703,0.36653386454183257,0.9434102755026059,0.9143010176754152,0.19938228789048695,0.9115812917594655,0.5,0.9243937492307941,0.1174918895309593,0.17777869083946768,0.3975011662225522,0.32524990448493996,0.0
2021-07-18 18:10:00,0.22175732217573224,-0.1872509960159363,0.9588979895755767,0.9264417068380646,0.15236026226590413,0.8071269487750558,0.5,0.9243937492307941,0.1174918895309593,0.17777869083946768,0.3975011662225522,0.32524990448493996,0.0
2021-07-18 18:20:00,0.15202231520223153,-0.1394422310756972,0.9654504839910649,0.935011605070523,0.15222939105626154,0.9993318485523385,0.5,0.9243937492307941,0.1174918895309593,0.17777869083946768,0.3975011662225522,0.32524990448493996,0.0
2021-07-18 18:30:00,0.32496513249651326,-0.0916334661354582,0.9624720774385702,0.935011605070523,0.19906819698734476,0.7541202672605791,0.5,0.9243937492307941,0.1174918895309593,0.17777869083946768,0.3975011662225522,0.32524990448493996,0.005145072951400939
2021-07-18 18:40:00,0.24476987447698745,-0.043824701195219196,0.9407297096053608,0.9225138368148544,0.24907408619177865,0.00033407572383073496,0.5,0.9243937492307941,0.1174918895309593,0.17777869083946768,0.3975011662225522,0.32524990448493996,0.0905668633160825
2021-07-18 18:50:00,0.33751743375174337,0.3067729083665336,0.9309009679821294,0.8978753793965364,0.240907722710081,0.00033407572383073496,0.5,0.9243937492307941,0.1174918895309593,0.17777869083946768,0.3975011662225522,0.32524990448493996,0.17235239977669478
2021-07-18 19:00:00,0.2691771269177127,0.3067729083665336,0.9291139240506325,0.8835922156757723,0.2521888209812723,0.00044543429844097997,0.5,0.9299064812724067,0.10720761363995475,0.1656895004373185,0.17939345022120093,0.37813464669536484,0.12379860283356217
2021-07-18 19:10:00,0.2789400278940028,-0.11553784860557781,0.9294117647058822,0.8828780574897339,0.2636138775830705,0.00044543429844097997,0.5,0.9299064812724067,0.10720761363995475,0.1656895004373185,0.17939345022120093,0.37813464669536484,0.1237759705478522
2021-07-18 19:20:00,0.2112970711297071,0.3705179282868525,0.9169024571854056,0.8828780574897339,0.25682166180262006,0.00044543429844097997,0.5,0.9299064812724067,0.10720761363995475,0.1656895004373185,0.17939345022120093,0.37813464669536484,0.0790696621754153
2021-07-18 19:30:00,0.19107391910739194,0.06772908366533859,0.9034996276991807,0.8803785038386003,0.2746201463140124,0.00022271714922048998,0.5,0.9299064812724067,0.10720761363995475,0.1656895004373185,0.17939345022120093,0.37813464669536484,0.05396291322781659
2021-07-18 19:40:00,0.17782426778242677,-0.4661354581673308,0.8936708860759492,0.8800214247455811,0.2799858659093586,0.00022271714922048998,0.5,0.9299064812724067,0.10720761363995475,0.1656895004373185,0.17939345022120093,0.37813464669536484,0.05564524646559139
2021-07-18 19:50:00,0.20013947001394702,-0.03585657370517936,0.8895011169024569,0.8789501874665238,0.2799858659093586,0.00022271714922048998,0.5,0.9299064812724067,0.10720761363995475,0.1656895004373185,0.17939345022120093,0.37813464669536484,0.06874179579643014
2021-07-18 20:00:00,0.21269177126917713,-0.019920318725099695,0.8957557706626953,0.875736475629352,0.2953239716794703,0.00022271714922048998,0.5,0.9376665778362716,0.10931676661676169,0.1498816126749195,0.1144099465827184,0.5208080171485839,0.06887004541545333
2021-07-18 20:10:00,0.13737796373779637,0.07569721115537842,0.9058823529411764,0.8768077129084091,0.29647563832432505,0.00033407572383073496,0.5,0.9376665778362716,0.10931676661676169,0.1498816126749195,0.1144099465827184,0.5208080171485839,0.026841890852030117
2021-07-18 20:20:00,0.11924686192468618,-0.2270916334661356,0.9076693968726728,0.8828780574897339,0.29647563832432505,0.00033407572383073496,0.5,0.9376665778362716,0.10931676661676169,0.1498816126749195,0.1144099465827184,0.5208080171485839,0.012206346092913076
2021-07-18 20:30:00,0.08298465829846582,0.5458167330677288,0.9085629188384212,0.8896625602570971,0.3119969637879363,0.019599109131403118,0.5,0.9376665778362716,0.10931676661676169,0.1498816126749195,0.1144099465827184,0.5208080171485839,0.00043001342848952124
2021-07-18 20:40:00,0.07880055788005579,-0.5298804780876495,0.9029039463886819,0.8496697018389574,0.3249008650586957,0.6826280623608018,0.5,0.9376665778362716,0.10931676661676169,0.1498816126749195,0.1144099465827184,0.5208080171485839,0.0
2021-07-18 20:50:00,0.09902370990237098,-0.47310756972111556,0.90915860014892,0.8500267809319764,0.3292196149769012,0.9992204899777284,0.5,0.9376665778362716,0.10931676661676169,0.1498816126749195,0.1144099465827184,0.5208080171485839,0.0
2021-07-18 21:00:00,0.08716875871687588,-0.41633466135458175,0.9112434847356663,0.8546688091412247,0.3292196149769012,0.9992204899777284,0.5,0.9630070878650454,0.10865298686520564,0.12792171814876235,0.24863475986482858,0.5778029620733337,0.0
2021-07-18 21:10:00,0.11157601115760113,-0.3595617529880478,0.8999255398361874,0.8493126227459382,0.3292196149769012,0.9992204899777284,0.5,0.9630070878650454,0.10865298686520564,0.12792171814876235,0.24863475986482858,0.5778029620733337,0.0
2021-07-18 21:20:00,0.11715481171548117,-0.302788844621514,0.8883097542814593,0.842171040885556,0.3292196149769012,0.9992204899777284,0.5,0.9630070878650454,0.10865298686520564,0.12792171814876235,0.24863475986482858,0.5778029620733337,0.0
2021-07-18 21:30:00,0.12831241283124128,-0.2460159362549802,0.8814594192107221,0.8314586680949831,0.3292196149769012,0.9992204899777284,0.5,0.9630070878650454,0.10865298686520564,0.12792171814876235,0.24863475986482858,0.5778029620733337,0.0
2021-07-18 21:40:00,0.16875871687587168,-0.18924302788844616,0.8805658972449737,0.824317086234601,0.3292196149769012,0.9992204899777284,0.5,0.9630070878650454,0.10865298686520564,0.12792171814876235,0.24863475986482858,0.5778029620733337,0.0
2021-07-18 21:50:00,0.17154811715481172,-0.13247011952191245,0.878183172002978,0.8189608998393143,0.37713156482705373,0.615033407572383,0.5,0.9630070878650454,0.10865298686520564,0.12792171814876235,0.24863475986482858,0.5778029620733337,0.0
2021-07-18 22:00:00,0.13528591352859135,-0.07569721115537853,0.8737155621742365,0.8161042670951617,0.4013819999738258,0.44476614699331846,0.5,0.809465640147514,0.11874761139862156,0.1724797626851217,0.2903298943344553,0.6717924012201765,0.0
2021-07-18 22:10:00,0.2398884239888424,0.6095617529880477,0.8683544303797466,0.8025352615604355,0.41068694297941394,0.7158129175946548,0.5,0.809465640147514,0.11874761139862156,0.1724797626851217,0.2903298943344553,0.6717924012201765,0.010222249045671953
2021-07-18 22:20:00,0.16736401673640167,0.003984063745019917,0.8653760238272521,0.8246741653276202,0.42004423446885925,0.00022271714922048998,0.5,0.809465640147514,0.11874761139862156,0.1724797626851217,0.2903298943344553,0.6717924012201765,0.044834557991460085
2021-07-18 22:30:00,0.11366806136680613,0.4581673306772909,0.8507818317200297,0.8200321371183716,0.4199918859850022,0.00022271714922048998,0.5,0.809465640147514,0.11874761139862156,0.1724797626851217,0.2903298943344553,0.6717924012201765,0.00897747333162334
2021-07-18 22:40:00,0.201534170153417,0.3545816733067728,0.8430379746835439,0.8211033743974292,0.4199918859850022,0.00022271714922048998,0.5,0.809465640147514,0.11874761139862156,0.1724797626851217,0.2903298943344553,0.6717924012201765,0.09556859845798694
2021-07-18 22:50:00,0.8410041841004184,0.12350597609561742,0.8084884586746088,0.7911087305838242,0.4575519231524257,0.05378619153674833,0.5,0.809465640147514,0.11874761139862156,0.1724797626851217,0.2903298943344553,0.6717924012201765,0.9742897234334686
2021-07-18 23:00:00,0.8326359832635983,0.1633466135458166,0.767386448250186,0.7468309230494556,0.4605096124903482,0.06993318485523385,0.5,0.7429629817395169,0.1302014039947477,0.19921154586797105,0.6020681163517928,0.8218480582244301,0.9666701872444438
2021-07-18 23:10:00,0.8437935843793585,0.22709163346613526,0.7405807892777363,0.7182645956079272,0.4605096124903482,0.045211581291759464,0.5,0.7429629817395169,0.1302014039947477,0.19921154586797105,0.6020681163517928,0.8218480582244301,0.9650821551971274
2021-07-18 23:20:00,0.7440725244072525,0.40239043824701204,0.729560685033507,0.707909301910373,0.4705866956328278,0.00601336302895323,0.5,0.7429629817395169,0.1302014039947477,0.19921154586797105,0.6020681163517928,0.8218480582244301,0.9634941231498108
2021-07-18 23:30:00,0.40097629009762903,0.3067729083665336,0.7274758004467607,0.7254061774683094,0.5007001609715879,0.000556792873051225,0.5,0.7429629817395169,0.1302014039947477,0.19921154586797105,0.6020681163517928,0.8218480582244301,0.32437346289059554
2021-07-18 23:40:00,0.693863319386332,0.25099601593625476,0.7346239761727476,0.7500446348866274,0.5369383989216212,0.01492204899777283,0.5,0.7429629817395169,0.1302014039947477,0.19921154586797105,0.6020681163517928,0.8218480582244301,0.8345730796505575
2021-07-18 23:50:00,0.9407252440725244,-0.3466135458167332,0.7301563663440056,0.7443313693983218,0.5047179071076153,0.08652561247216035,0.5,0.7429629817395169,0.1302014039947477,0.19921154586797105,0.6020681163517928,0.8218480582244301,0.9891742233353955
2021-07-19 00:00:00,0.892608089260809,-0.21115537848605592,0.7048399106478034,0.7086234600964114,0.5196633992487993,0.0579064587973274,0.5,0.7560404612999099,0.15102569775895394,0.1718308548146948,0.7155581917177581,0.929488140954218,0.9921352807157838
2021-07-19 00:10:00,0.7496513249651325,-0.03585657370517936,0.6842889054355916,0.7050526691662204,0.514899687217809,0.018819599109131405,0.5,0.7560404612999099,0.15102569775895394,0.1718308548146948,0.7155581917177581,0.929488140954218,0.9950963380961722
2021-07-19 00:20:00,0.599721059972106,-0.3545816733067729,0.6717795979151151,0.704695590073201,0.5141798955647747,0.011247216035634744,0.5,0.7560404612999099,0.15102569775895394,0.1718308548146948,0.7155581917177581,0.929488140954218,0.7336632617650165
2021-07-19 00:30:00,0.7594142259414226,0.20318725099601576,0.6559940431868949,0.707909301910373,0.504142073785188,0.03886414253897551,0.5,0.7560404612999099,0.15102569775895394,0.1718308548146948,0.7155581917177581,0.929488140954218,0.9826334927652127
2021-07-19 00:40:00,0.798465829846583,-0.3067729083665339,0.6381236038719285,0.6986252454918764,0.5060789676878984,0.036302895322939864,0.5,0.7560404612999099,0.15102569775895394,0.1718308548146948,0.7155581917177581,0.929488140954218,0.9699311224104893
2021-07-19 00:50:00,0.7629009762900976,-0.13147410358565736,0.6303797468354431,0.6825566863060168,0.5045216002931515,0.03641425389755011,0.5,0.7560404612999099,0.15102569775895394,0.1718308548146948,0.7155581917177581,0.929488140954218,0.957228752055766
2021-07-19 01:00:00,0.8200836820083682,0.298804780876494,0.629188384214445,0.680057132654883,0.5242569787072542,0.03184855233853007,0.5,0.6158939812015316,0.1837060748778039,0.2537696449344035,0.5382007188870496,0.9665177426230416,0.9445264571419949
2021-07-19 01:10:00,0.7133891213389122,-0.06772908366533881,0.635145197319434,0.6839850026780931,0.5397128685660442,0.006570155902004454,0.5,0.6158939812015316,0.1837060748778039,0.2537696449344035,0.5382007188870496,0.9665177426230416,0.9318240113463193
2021-07-19 01:20:00,0.5495118549511855,0.14741035856573692,0.6363365599404316,0.7029101946081058,0.5469238722173508,0.0012249443207126948,0.5,0.6158939812015316,0.1837060748778039,0.2537696449344035,0.5382007188870496,0.9665177426230416,0.585655657317018
2021-07-19 01:30:00,0.42398884239888424,-0.36254980079681276,0.6396128071481755,0.7218353865381182,0.5485074138540262,0.08273942093541202,0.5,0.6158939812015316,0.1837060748778039,0.2537696449344035,0.5382007188870496,0.9665177426230416,0.33754545317380086
2021-07-19 01:40:00,0.42189679218967924,0.0717131474103585,0.6482501861504093,0.7418318157471882,0.49533444137624166,0.9993318485523385,0.5,0.6158939812015316,0.1837060748778039,0.2537696449344035,0.5382007188870496,0.9665177426230416,0.0
2021-07-19 01:50:00,0.20571827057182707,0.5059760956175297,0.6768428890543556,0.7389751830030351,0.5295441755768149,0.9995545657015591,0.5,0.6158939812015316,0.1837060748778039,0.2537696449344035,0.5382007188870496,0.9665177426230416,0.0
2021-07-19 02:00:00,0.45397489539748953,0.6693227091633465,0.6819061801935962,0.7411176575611498,0.6186412951014907,0.9923162583518931,0.5,0.5423152313887258,0.21189803653374784,0.292286898693396,0.3611516281124132,0.9516665888064985,0.0
2021-07-19 02:10:00,0.5557880055788006,0.8326693227091633,0.6664184661206252,0.7404034993751114,0.7960241326510581,0.36648106904231625,0.5,0.5423152313887258,0.21189803653374784,0.292286898693396,0.3611516281124132,0.9516665888064985,0.24481343452479745
2021-07-19 02:20:00,0.4302649930264993,-0.043824701195219196,0.6250186150409529,0.727905731119443,0.7964036591590216,0.00022271714922048998,0.5,0.5423152313887258,0.21189803653374784,0.292286898693396,0.3611516281124132,0.9516665888064985,0.3476998053623429
2021-07-19 02:30:00,0.4951185495118549,-0.14741035856573714,0.596723752792256,0.700053561863953,0.7832249283480127,0.00033407572383073496,0.5,0.5423152313887258,0.21189803653374784,0.292286898693396,0.3611516281124132,0.9516665888064985,0.44344191801077293
2021-07-19 02:40:00,0.5488145048814504,0.05976095617529875,0.5797468354430377,0.6672022853061954,0.7814581670178378,0.00044543429844097997,0.5,0.5423152313887258,0.21189803653374784,0.292286898693396,0.3611516281124132,0.9516665888064985,0.5880471355070387
2021-07-19 02:50:00,0.5369595536959554,-0.1394422310756973,0.5657483246463142,0.6443492233529726,0.7965607046105927,0.000556792873051225,0.5,0.5423152313887258,0.21189803653374784,0.292286898693396,0.3611516281124132,0.9516665888064985,0.5789414125563921
2021-07-19 03:00:00,0.5230125523012552,0.17131474103585642,0.5547282204020847,0.6300660596322085,0.807383753648035,0.00033407572383073496,0.5,0.5221046933466924,0.2258259172947674,0.31873208195692454,0.3270489665448552,0.994872412133573,0.5516091555139792
2021-07-19 03:10:00,0.6108786610878661,0.003984063745019917,0.5466865227103499,0.6157828959114444,0.8251560639174987,0.0006681514476614699,0.5,0.5221046933466924,0.2258259172947674,0.31873208195692454,0.3270489665448552,0.994872412133573,0.7349608461457218
2021-07-19 03:20:00,0.5725244072524408,-0.4900398406374503,0.5380491437081161,0.6039992858418142,0.831882844093128,0.00033407572383073496,0.5,0.5221046933466924,0.2258259172947674,0.31873208195692454,0.3270489665448552,0.994872412133573,0.6109283763598231
2021-07-19 03:30:00,0.50697350069735,-0.33864541832669326,0.5306031273268801,0.5997143367255846,0.831882844093128,0.00033407572383073496,0.5,0.5221046933466924,0.2258259172947674,0.31873208195692454,0.3270489665448552,0.994872412133573,0.5135190186640917
2021-07-19 03:40:00,0.4302649930264993,-0.08366533864541836,0.5264333581533878,0.5982860203535083,0.8246718404418212,0.00022271714922048998,0.5,0.5221046933466924,0.2258259172947674,0.31873208195692454,0.3270489665448552,0.994872412133573,0.3351690631742535
2021-07-19 03:50:00,0.45536959553695955,0.20318725099601576,0.5210722263588978,0.5940010712372792,0.8207326170315792,0.00033407572383073496,0.5,0.5221046933466924,0.2258259172947674,0.31873208195692454,0.3270489665448552,0.994872412133573,0.3782835674517555
2021-07-19 04:00:00,0.42329149232914925,-0.1633466135458168,0.5189873417721518,0.5825745402606679,0.8207326170315792,0.00022271714922048998,0.5,0.46079721221536873,0.23893197550624035,0.3936333222878232,0.18672955285167642,0.037178207836263036,0.3288621995564072
2021-07-19 04:10:00,0.4421199442119944,-0.26693227091633476,0.5145197319434103,0.5790037493304767,0.8173037913389433,0.00033407572383073496,0.5,0.46079721221536873,0.23893197550624035,0.3936333222878232,0.18672955285167642,0.037178207836263036,0.3646362991686407
2021-07-19 04:20:00,0.42747559274755925,0.01195219123505975,0.5139240506329112,0.5704338510980183,0.8205363102171154,0.00022271714922048998,0.5,0.46079721221536873,0.23893197550624035,0.3936333222878232,0.18672955285167642,0.037178207836263036,0.32797199631848156
2021-07-19 04:30:00,0.4372384937238493,0.11553784860557759,0.5112434847356664,0.5590073201214067,0.8301029956419886,0.00022271714922048998,0.5,0.46079721221536873,0.23893197550624035,0.3936333222878232,0.18672955285167642,0.037178207836263036,0.3286735971754908
2021-07-19 04:40:00,0.396792189679219,-0.003984063745020028,0.5115413253909158,0.542581681842528,0.8318566698511994,0.00022271714922048998,0.5,0.46079721221536873,0.23893197550624035,0.3936333222878232,0.18672955285167642,0.037178207836263036,0.26049006442657335
2021-07-19 04:50:00,0.3075313807531381,0.05179282868525892,0.5145197319434103,0.5275843599357259,0.8318566698511994,0.00022271714922048998,0.5,0.46079721221536873,0.23893197550624035,0.3936333222878232,0.18672955285167642,0.037178207836263036,0.1584486322555336
2021-07-19 05:00:00,0.2210599721059972,0.4183266932270917,0.5139240506329112,0.514372433494019,0.8318566698511994,0.00033407572383073496,0.5,0.458598643263026,0.24284568988554747,0.40209119026087825,0.10114426546053777,0.12774935751425992,0.09071774522081567
2021-07-19 05:10:00,0.2398884239888424,-0.17131474103585675,0.5115413253909158,0.5068737725406176,0.8318566698511994,0.00033407572383073496,0.5,0.458598643263026,0.24284568988554747,0.40209119026087825,0.10114426546053777,0.12774935751425992,0.09025001131614285
2021-07-19 05:20:00,0.1199442119944212,0.38645418326693215,0.5112434847356664,0.5061596143545797,0.8318566698511994,0.00011135857461024499,0.5,0.458598643263026,0.24284568988554747,0.40209119026087825,0.10114426546053777,0.12774935751425992,0.02056520361513044
2021-07-19 05:30:00,0.1206415620641562,0.4661354581673305,0.5112434847356664,0.5183003035172289,0.8387404954783997,0.00011135857461024499,0.5,0.458598643263026,0.24284568988554747,0.40209119026087825,0.10114426546053777,0.12774935751425992,0.021583656472079302
2021-07-19 05:40:00,0.12343096234309624,0.08366533864541825,0.5112434847356664,0.5368684163542226,0.8463964612424912,0.00033407572383073496,0.5,0.458598643263026,0.24284568988554747,0.40209119026087825,0.10114426546053777,0.12774935751425992,0.017849329329933463
2021-07-19 05:50:00,0.1199442119944212,-0.4581673306772909,0.5100521221146683,0.5372254954472415,0.8319613668189135,0.00033407572383073496,0.5,0.458598643263026,0.24284568988554747,0.40209119026087825,0.10114426546053777,0.12774935751425992,0.015563468473226006
2021-07-19 06:00:00,0.08577405857740586,0.593625498007968,0.5094564408041697,0.5240135690055348,0.8366727303660468,0.4632516703786192,0.5,0.45412822862075286,0.2792328889936128,0.4317480680185306,0.0696530646919138,0.1435874217164118,0.0
2021-07-19 06:10:00,0.1290097629009763,0.46879150066401065,0.5204765450483988,0.517586145331191,0.8411223514938949,0.9996659242761693,0.5,0.45412822862075286,0.2792328889936128,0.4317480680185306,0.0696530646919138,0.1435874217164118,0.0
2021-07-19 06:20:00,0.12552301255230125,0.34395750332005304,0.5309009679821295,0.5250848062845921,0.8411223514938949,0.9996659242761693,0.5,0.45412822862075286,0.2792328889936128,0.4317480680185306,0.0696530646919138,0.1435874217164118,0.0
2021-07-19 06:30:00,0.12691771269177127,0.21912350597609564,0.5335815338793746,0.5215140153544011,0.8411223514938949,0.9996659242761693,0.5,0.45412822862075286,0.2792328889936128,0.4317480680185306,0.0696530646919138,0.1435874217164118,0.0
2021-07-19 06:40:00,0.10320781032078104,0.16846898121798515,0.5454951600893521,0.5197286198893054,0.8411223514938949,0.9996659242761693,0.5,0.45412822862075286,0.2792328889936128,0.4317480680185306,0.0696530646919138,0.1435874217164118,0.0
2021-07-19 06:50:00,0.1311018131101813,0.11781445645987465,0.5472822040208485,0.5165149080521336,0.8411223514938949,0.9996659242761693,0.5,0.45412822862075286,0.2792328889936128,0.4317480680185306,0.0696530646919138,0.1435874217164118,0.0
2021-07-19 07:00:00,0.12203626220362622,0.06715993170176437,0.5460908413998509,0.5108016425638278,0.8411223514938949,0.9996659242761693,0.5,0.43628726082082636,0.28301442212369454,0.4625437366060508,0.25242449597290434,0.08005538957200534,0.0
2021-07-19 07:10:00,0.08716875871687588,0.016505406943653878,0.5386448250186149,0.5018746652383501,0.8411223514938949,0.9996659242761693,0.5,0.43628726082082636,0.28301442212369454,0.4625437366060508,0.25242449597290434,0.08005538957200534,0.0
2021-07-19 07:20:00,0.0794979079497908,-0.03414911781445662,0.5338793745346238,0.4865202642385287,0.8411223514938949,0.9996659242761693,0.5,0.43628726082082636,0.28301442212369454,0.4625437366060508,0.25242449597290434,0.08005538957200534,0.0
2021-07-19 07:30:00,0.0885634588563459,-0.08480364257256712,0.527922561429635,0.47937868237814674,0.8411223514938949,0.9996659242761693,0.5,0.43628726082082636,0.28301442212369454,0.4625437366060508,0.25242449597290434,0.08005538957200534,0.0
2021-07-19 07:40:00,0.09135285913528592,-0.1354581673306774,0.5249441548771405,0.4818782360292806,0.8411223514938949,0.9996659242761693,0.5,0.43628726082082636,0.28301442212369454,0.4625437366060508,0.25242449597290434,0.08005538957200534,0.0
2021-07-19 07:50:00,0.10599721059972106,-0.18611269208878778,0.5219657483246463,0.4847348687734334,0.8411223514938949,0.9996659242761693,0.5,0.43628726082082636,0.28301442212369454,0.4625437366060508,0.25242449597290434,0.08005538957200534,0.0
2021-07-19 08:00:00,0.11297071129707113,-0.23676721684689828,0.5204765450483988,0.4861631851455097,0.8411223514938949,0.9996659242761693,0.5,0.44894125620409153,0.2679084041412956,0.45263143744950424,0.22897081557873972,0.13938674835895132,0.0
2021-07-19 08:10:00,0.11436541143654114,-0.28742174160500855,0.5204765450483988,0.4861631851455097,0.8411223514938949,0.9996659242761693,0.5,0.44894125620409153,0.2679084041412956,0.45263143744950424,0.22897081557873972,0.13938674835895132,0.0
2021-07-19 08:20:00,0.11576011157601115,-0.33807626636311905,0.5166046165301563,0.4893768969826817,0.8411223514938949,0.9996659242761693,0.5,0.44894125620409153,0.2679084041412956,0.45263143744950424,0.22897081557873972,0.13938674835895132,0.0
2021-07-19 08:30:00,0.17154811715481172,-0.38873079112122955,0.5163067758749067,0.4897339760757007,0.8405988666553246,0.9996659242761693,0.5,0.44894125620409153,0.2679084041412956,0.45263143744950424,0.22897081557873972,0.13938674835895132,0.0
2021-07-19 08:40:00,0.2831241283124128,-0.43938531587933993,0.5192851824274012,0.48866273879664335,0.7097538312546623,0.6748329621380846,0.5,0.44894125620409153,0.2679084041412956,0.45263143744950424,0.22897081557873972,0.13938674835895132,0.014069737616367668
2021-07-19 08:50:00,0.09065550906555091,-0.4900398406374503,0.5255398361876396,0.5140153544009998,0.6506262187381397,0.46425389755011137,0.5,0.44894125620409153,0.2679084041412956,0.45263143744950424,0.22897081557873972,0.13938674835895132,0.006171069903586463
2021-07-19 09:00:00,0.2510460251046025,-0.1978751660026561,0.535368577810871,0.5247277271915729,0.6052793445969821,0.9993318485523385,0.5,0.4680524764168641,0.27173591335806624,0.4398641719285017,0.2502034309451309,0.261283400737057,0.0
2021-07-19 09:10:00,0.18131101813110181,0.09428950863213803,0.5306031273268801,0.5272272808427065,0.5007525094554449,0.6738307349665924,0.5,0.4680524764168641,0.27173591335806624,0.4398641719285017,0.2502034309451309,0.261283400737057,0.0
2021-07-19 09:20:00,0.14225941422594143,0.38645418326693215,0.5392405063291137,0.5415104445634709,0.5368991375587284,0.014810690423162584,0.5,0.4680524764168641,0.27173591335806624,0.4398641719285017,0.2502034309451309,0.261283400737057,0.008343769331744045
2021-07-19 09:30:00,0.08437935843793584,0.38999557326250534,0.5577066269545792,0.5615068737725406,0.5768017693787544,0.3820712694877506,0.5,0.4680524764168641,0.27173591335806624,0.4398641719285017,0.2502034309451309,0.261283400737057,0.0
2021-07-19 09:40:00,0.08507670850767085,0.3935369632580785,0.5725986597170512,0.5568648455632923,0.5834107654657051,0.9995545657015591,0.5,0.4680524764168641,0.27173591335806624,0.4398641719285017,0.2502034309451309,0.261283400737057,0.0
2021-07-19 09:50:00,0.10808926080892609,0.39707835325365193,0.5851079672375277,0.5575790037493304,0.5834107654657051,0.9995545657015591,0.5,0.4680524764168641,0.27173591335806624,0.4398641719285017,0.2502034309451309,0.261283400737057,0.0
2021-07-19 10:00:00,0.15829846582984658,0.4006197432492251,0.5955323901712581,0.5575790037493304,0.5834107654657051,0.9995545657015591,0.5,0.597377146396382,0.2587447953633114,0.3463935394798364,0.26999811439606475,0.3136578603884463,0.0
2021-07-19 10:10:00,0.1701534170153417,0.4041611332447983,0.6056589724497392,0.5575790037493304,0.5834107654657051,0.9995545657015591,0.5,0.597377146396382,0.2587447953633114,0.3463935394798364,0.26999811439606475,0.3136578603884463,0.0
2021-07-19 10:20:00,0.17642956764295675,0.4077025232403715,0.6137006701414742,0.5575790037493304,0.6115611626598264,0.9934298440979955,0.5,0.597377146396382,0.2587447953633114,0.3463935394798364,0.26999811439606475,0.3136578603884463,0.0
2021-07-19 10:30:00,0.15341701534170155,0.4112439132359449,0.6199553239017124,0.5707909301910372,0.7019539071599639,0.9957683741648108,0.5,0.597377146396382,0.2587447953633114,0.3463935394798364,0.26999811439606475,0.3136578603884463,0.0
2021-07-19 10:40:00,0.23500697350069735,0.4147853032315183,0.6259121370067011,0.5807891447955722,0.6414259727002657,0.4959910913140312,0.5,0.597377146396382,0.2587447953633114,0.3463935394798364,0.26999811439606475,0.3136578603884463,0.030893069994115608
2021-07-19 10:50:00,0.2545327754532775,0.4183266932270917,0.638719285182427,0.5940010712372792,0.6290979047519337,0.00044543429844097997,0.5,0.597377146396382,0.2587447953633114,0.3463935394798364,0.26999811439606475,0.3136578603884463,0.10456870407532026
2021-07-19 11:00:00,0.28451882845188287,0.2589641434262948,0.6348473566641846,0.5947152294233171,0.6165866171101019,0.00033407572383073496,0.5,0.6082641284520864,0.2524403244762308,0.3356069837552376,0.3306131796277558,0.3002622523547629,0.12221434283386394
2021-07-19 11:10:00,0.27475592747559274,-0.043824701195219196,0.6101265822784807,0.5529369755400819,0.6110245907002918,0.00033407572383073496,0.5,0.6082641284520864,0.2524403244762308,0.3356069837552376,0.3306131796277558,0.3002622523547629,0.11449673340676254
2021-07-19 11:20:00,0.2391910739191074,-0.17131474103585675,0.6092330603127325,0.5472237100517765,0.6078313331850127,0.000556792873051225,0.5,0.6082641284520864,0.2524403244762308,0.3356069837552376,0.3306131796277558,0.3002622523547629,0.0940748676011286
2021-07-19 11:30:00,0.20432357043235705,0.12350597609561742,0.6187639612807148,0.5529369755400819,0.6107497611600424,0.00022271714922048998,0.5,0.6082641284520864,0.2524403244762308,0.3356069837552376,0.3306131796277558,0.3002622523547629,0.06860600208217028
2021-07-19 11:40:00,0.198744769874477,0.5458167330677288,0.6288905435591956,0.5661489019817889,0.6046511627906976,0.00044543429844097997,0.5,0.6082641284520864,0.2524403244762308,0.3356069837552376,0.3306131796277558,0.3002622523547629,0.06274424008328681
2021-07-19 11:50:00,0.21827057182705717,0.2350597609561753,0.6413998510796721,0.5807891447955722,0.6355367682663491,0.00033407572383073496,0.5,0.6082641284520864,0.2524403244762308,0.3356069837552376,0.3306131796277558,0.3002622523547629,0.07772681322329013
2021-07-19 12:00:00,0.24686192468619247,0.019920318725099362,0.6479523454951599,0.5875736475629352,0.658465404195731,0.0006681514476614699,0.5,0.6272694526057601,0.23069076196743002,0.321682919798817,0.41099220763531374,0.2864207246733916,0.1041613229325407
2021-07-19 12:10:00,0.2629009762900976,-0.23505976095617542,0.6509307520476544,0.5965006248884128,0.6435329991755114,0.0017817371937639199,0.5,0.6272694526057601,0.23069076196743002,0.321682919798817,0.41099220763531374,0.2864207246733916,0.11491165864477873
2021-07-19 12:20:00,0.35355648535564854,-0.3466135458167332,0.6574832464631419,0.600428494911623,0.6162070906021384,0.001893095768374165,0.5,0.6272694526057601,0.23069076196743002,0.321682919798817,0.41099220763531374,0.2864207246733916,0.2116495918644477
2021-07-19 12:30:00,0.3158995815899582,0.33864541832669315,0.6613551749813849,0.6039992858418142,0.6243341927209434,0.0026726057906458797,0.5,0.6272694526057601,0.23069076196743002,0.321682919798817,0.41099220763531374,0.2864207246733916,0.18645985786924574
2021-07-19 12:40:00,0.2482566248256625,0.21912350597609564,0.6646314221891287,0.6111408677021961,0.6409679234665165,0.000556792873051225,0.5,0.6272694526057601,0.23069076196743002,0.321682919798817,0.41099220763531374,0.2864207246733916,0.09509332045807746
2021-07-19 12:50:00,0.38633193863319387,-0.49800796812749004,0.6673119880863736,0.625066952329941,0.6498409914802842,0.000779510022271715,0.5,0.6272694526057601,0.23069076196743002,0.321682919798817,0.41099220763531374,0.2864207246733916,0.2259682846236251
2021-07-19 13:00:00,0.3242677824267783,0.019920318725099362,0.6735666418466117,0.6257811105159794,0.6577325254217326,0.0010022271714922048,0.5,0.7369943463178021,0.2157226722450978,0.25574249225514445,0.4724987058517832,0.2815534933251479,0.18929643767822923
2021-07-19 13:10:00,0.3584379358437936,-0.33864541832669326,0.6726731198808635,0.6279235850740938,0.6285482456714347,0.004677060133630289,0.5,0.7369943463178021,0.2157226722450978,0.25574249225514445,0.4724987058517832,0.2815534933251479,0.23101528433694948
2021-07-19 13:20:00,0.38354253835425384,0.4581673306772909,0.6661206254653758,0.628280664167113,0.6496315975448561,0.005233853006681514,0.5,0.7369943463178021,0.2157226722450978,0.25574249225514445,0.4724987058517832,0.2815534933251479,0.21531602214946363
2021-07-19 13:30:00,0.3110181311018131,0.14741035856573692,0.6670141474311242,0.6300660596322085,0.6607818246064048,0.00033407572383073496,0.5,0.7369943463178021,0.2157226722450978,0.25574249225514445,0.4724987058517832,0.2815534933251479,0.13913574844968843
2021-07-19 13:40:00,0.3591352859135286,-0.33067729083665354,0.6807148175725986,0.6500624888412785,0.6634777715250423,0.0006681514476614699,0.5,0.7369943463178021,0.2157226722450978,0.25574249225514445,0.4724987058517832,0.2815534933251479,0.21292454395944296
2021-07-19 13:50:00,0.3933054393305439,0.1872509960159361,0.6923306031273266,0.6529191215854313,0.656044286817343,0.0014476614699331849,0.5,0.7369943463178021,0.2157226722450978,0.25574249225514445,0.4724987058517832,0.2815534933251479,0.28331849661270125
2021-07-19 14:00:00,0.3368200836820084,0.25099601593625476,0.6917349218168278,0.6532762006784503,0.6523144573425292,0.00155902004454343,0.5,0.7529461617764921,0.19399609777964144,0.25095804900021645,0.5409399037404298,0.2835988213720114,0.1852754349170904
2021-07-19 14:10:00,0.4393305439330544,0.06772908366533859,0.6950111690245717,0.6597036243527941,0.6702569001845283,0.00033407572383073496,0.5,0.7529461617764921,0.19399609777964144,0.25095804900021645,0.5409399037404298,0.2835988213720114,0.38444709326010534
2021-07-19 14:20:00,0.44839609483960946,-0.07569721115537853,0.6959046909903199,0.6539903588644886,0.660088207195299,0.0012249443207126948,0.5,0.7529461617764921,0.19399609777964144,0.25095804900021645,0.5409399037404298,0.2835988213720114,0.3218612791767883
2021-07-19 14:30:00,0.45327754532775455,0.1394422310756971,0.6967982129560684,0.6593465452597751,0.668869665362317,0.001893095768374165,0.5,0.7529461617764921,0.19399609777964144,0.25095804900021645,0.5409399037404298,0.2835988213720114,0.3654586055494365
2021-07-19 14:40:00,0.499302649930265,-0.059760956175298974,0.6920327624720772,0.6607748616318514,0.6648257449843609,0.00623608017817372,0.5,0.7529461617764921,0.19399609777964144,0.25095804900021645,0.5409399037404298,0.2835988213720114,0.4244006216334475
2021-07-19 14:50:00,0.6617852161785216,-0.10756972111553798,0.6887565152643333,0.660060703445813,0.6639619950007198,0.010356347438752784,0.5,0.7529461617764921,0.19399609777964144,0.25095804900021645,0.5409399037404298,0.2835988213720114,0.7941669055630158
2021-07-19 15:00:00,0.7161785216178521,-0.11553784860557781,0.6869694713328367,0.6525620424924121,0.6471188703197184,0.01648106904231626,0.5,0.762799031292869,0.16447370311516893,0.2510705331278437,0.6245281664360005,0.2884879945965898,0.8947447832581439
2021-07-19 15:10:00,0.6297071129707112,0.24302788844621515,0.6869694713328367,0.6572040707016604,0.6444621847639739,0.00044543429844097997,0.5,0.762799031292869,0.16447370311516893,0.2510705331278437,0.6245281664360005,0.2884879945965898,0.7023628106281213
2021-07-19 15:20:00,0.597629009762901,-0.01195219123505975,0.6884586746090839,0.6679164434922336,0.6467786051746477,0.00111358574610245,0.5,0.762799031292869,0.16447370311516893,0.2510705331278437,0.6245281664360005,0.2884879945965898,0.6393168067353683
2021-07-19 15:30:00,0.5550906555090656,0.09960159362549792,0.6991809381980638,0.6850562399571505,0.6510188323670676,0.00033407572383073496,0.5,0.762799031292869,0.16447370311516893,0.2510705331278437,0.6245281664360005,0.2884879945965898,0.5650527332257043
2021-07-19 15:40:00,0.5808926080892608,-0.17131474103585675,0.7048399106478034,0.700053561863953,0.6397115598539478,0.0016703786191536749,0.5,0.762799031292869,0.16447370311516893,0.2510705331278437,0.6245281664360005,0.2884879945965898,0.5991067791239797
2021-07-19 15:50:00,0.6555090655509066,0.06772908366533859,0.7048399106478034,0.6993394036779146,0.6387169386606639,0.0033407572383073497,0.5,0.762799031292869,0.16447370311516893,0.2510705331278437,0.6245281664360005,0.2884879945965898,0.7079303529127752
2021-07-19 16:00:00,0.6645746164574616,-0.2270916334661356,0.7087118391660459,0.7032672737011247,0.6388870712331994,0.00111358574610245,0.5,0.8284059257767018,0.1501837606714794,0.21740607543639595,0.6896542527014639,0.28517179359481887,0.7571631184272071
2021-07-19 16:10:00,0.6757322175732218,0.06772908366533859,0.7140729709605358,0.7107659346545259,0.6259177343576187,0.0017817371937639199,0.5,0.8284059257767018,0.1501837606714794,0.21740607543639595,0.6896542527014639,0.28517179359481887,0.8185117008917121
2021-07-19 16:20:00,0.6227336122733612,-0.043824701195219196,0.7119880863737897,0.7132654883056597,0.6377746659512374,0.0020044543429844097,0.5,0.8284059257767018,0.1501837606714794,0.21740607543639595,0.6896542527014639,0.28517179359481887,0.7181375137679737
2021-07-19 16:30:00,0.6548117154811716,0.01195219123505975,0.7191362620997765,0.7293340474915195,0.6280378479538286,0.0016703786191536749,0.5,0.8284059257767018,0.1501837606714794,0.21740607543639595,0.6896542527014639,0.28517179359481887,0.7920545588967516
2021-07-19 16:40:00,0.7454672245467224,-0.003984063745020028,0.7313477289650034,0.7414747366541687,0.639776995458769,0.006124721603563475,0.5,0.8284059257767018,0.1501837606714794,0.21740607543639595,0.6896542527014639,0.28517179359481887,0.9415558942016083
2021-07-19 16:50:00,0.6799163179916318,0.019920318725099362,0.7376023827252418,0.749330476700589,0.6285613327923989,0.003006681514476615,0.5,0.8284059257767018,0.1501837606714794,0.21740607543639595,0.6896542527014639,0.28517179359481887,0.8270138962234259
2021-07-19 17:00:00,0.7008368200836821,-0.08366533864541836,0.7367088607594934,0.7589716122121051,0.6115480755388621,0.0021158129175946547,0.5,0.8307917723264746,0.13187953115885545,0.22018317792896558,0.735240850482184,0.29150042159654815,0.8600042246933326
2021-07-19 17:10:00,0.592747559274756,0.13147410358565725,0.7301563663440056,0.7596857703981432,0.6315059350093573,0.0008908685968819599,0.5,0.8307917723264746,0.13187953115885545,0.22018317792896558,0.735240850482184,0.29150042159654815,0.6510101543521886
2021-07-19 17:20:00,0.6171548117154811,0.03585657370517925,0.7298585256887564,0.7678985895375825,0.6268730941880095,0.000779510022271715,0.5,0.8307917723264746,0.13187953115885545,0.22018317792896558,0.735240850482184,0.29150042159654815,0.6759132127283975
2021-07-19 17:30:00,0.6450488145048815,-0.08366533864541836,0.7352196574832464,0.7746830923049455,0.6228553480519822,0.0014476614699331849,0.5,0.8307917723264746,0.13187953115885545,0.22018317792896558,0.735240850482184,0.29150042159654815,0.73959292062103
2021-07-19 17:40:00,0.7496513249651325,0.15537848605577675,0.7432613551749814,0.7778968041421175,0.6173587572469933,0.0044543429844098,0.5,0.8307917723264746,0.13187953115885545,0.22018317792896558,0.735240850482184,0.29150042159654815,0.9702083679104365
2021-07-19 17:50:00,0.7622036262203626,0.14741035856573692,0.7483246463142217,0.7789680414211748,0.6312180183481436,0.007906458797327393,0.5,0.8307917723264746,0.13187953115885545,0.22018317792896558,0.735240850482184,0.29150042159654815,0.9626869804004405
2021-07-19 18:00:00,0.7845188284518828,0.027888446215139417,0.7498138495904689,0.7857525441885378,0.6258130373899047,0.021158129175946547,0.5,0.7845811335581108,0.14145117770619436,0.2564912028408393,0.7958601196908927,0.2621635588537013,0.9551654420085398
2021-07-19 18:10:00,0.7754532775453277,-0.12350597609561753,0.7492181682799699,0.7871808605606141,0.6143094580623208,0.02249443207126949,0.5,0.7845811335581108,0.14145117770619436,0.2564912028408393,0.7958601196908927,0.2621635588537013,0.956840231151078
2021-07-19 18:20:00,0.7419804741980475,0.043824701195219085,0.7516008935219654,0.797536154258168,0.6076219392495844,0.007683741648106904,0.5,0.7845811335581108,0.14145117770619436,0.2564912028408393,0.7958601196908927,0.2621635588537013,0.970329073434223
2021-07-19 18:30:00,0.7266387726638772,-0.019920318725099695,0.751898734177215,0.8068202106766651,0.6088913899831175,0.009799554565701559,0.5,0.7845811335581108,0.14145117770619436,0.2564912028408393,0.7958601196908927,0.2621635588537013,0.9294099008705886
2021-07-19 18:40:00,0.7545327754532776,0.14741035856573692,0.7557706626954577,0.8146759507230852,0.625433510881941,0.0089086859688196,0.5,0.7845811335581108,0.14145117770619436,0.2564912028408393,0.7958601196908927,0.2621635588537013,0.9870317002881844
2021-07-19 18:50:00,0.6471408647140864,-0.09960159362549814,0.7587490692479522,0.8218175325834671,0.6325005562026409,0.0033407572383073497,0.5,0.7845811335581108,0.14145117770619436,0.2564912028408393,0.7958601196908927,0.2621635588537013,0.7903571374685034
2021-07-19 19:00:00,0.6708507670850766,0.003984063745019917,0.7587490692479522,0.8336011426530978,0.6186936435853476,0.005011135857461025,0.5,0.775794995902573,0.13135080616194547,0.2534182429979265,0.8286380312532826,0.26472546603674624,0.8320231754605671
2021-07-19 19:10:00,0.7308228730822873,0.05179282868525892,0.7593447505584512,0.8314586680949831,0.6197013518995955,0.00378619153674833,0.5,0.775794995902573,0.13135080616194547,0.2534182429979265,0.8286380312532826,0.26472546603674624,0.901851320971076
2021-07-19 19:20:00,0.7419804741980475,-0.043824701195219196,0.7581533879374533,0.8296732726298874,0.6290848176309695,0.004677060133630289,0.5,0.775794995902573,0.13135080616194547,0.2534182429979265,0.8286380312532826,0.26472546603674624,0.9007423389712872
2021-07-19 19:30:00,0.6596931659693167,0.043824701195219085,0.7587490692479522,0.8343153008391357,0.6320948554527489,0.00824053452115813,0.5,0.775794995902573,0.13135080616194547,0.2534182429979265,0.8286380312532826,0.26472546603674624,0.7804517404227711
2021-07-19 19:40:00,0.7029288702928871,-0.01195219123505975,0.7560685033507073,0.8378860917693269,0.6450511052073654,0.012917594654788419,0.5,0.775794995902573,0.13135080616194547,0.2534182429979265,0.8286380312532826,0.26472546603674624,0.8345957119362675
2021-07-19 19:50:00,0.8312412831241283,-0.13147410358565736,0.7554728220402083,0.8303874308159258,0.6360602531049194,0.03028953229398664,0.5,0.775794995902573,0.13135080616194547,0.2534182429979265,0.8286380312532826,0.26472546603674624,0.902801876970895
2021-07-19 20:00:00,0.7531380753138076,-0.08366533864541836,0.7554728220402083,0.8218175325834671,0.6363481697661332,0.01648106904231626,0.5,0.7725297284424806,0.1299686500558908,0.24570236446201582,0.8975812653651393,0.2697939694463473,0.9710080420055223
2021-07-19 20:10:00,0.8654114365411437,0.027888446215139417,0.7548771407297095,0.8250312444206391,0.6383504992736647,0.03875278396436526,0.5,0.7725297284424806,0.1299686500558908,0.24570236446201582,0.8975812653651393,0.2697939694463473,0.9160946482188391
2021-07-19 20:20:00,0.6785216178521618,-0.02788844621513953,0.7504095309009677,0.8221746116764865,0.6394759916765911,0.0006681514476614699,0.5,0.7725297284424806,0.1299686500558908,0.24570236446201582,0.8975812653651393,0.2697939694463473,0.8611811035502512
2021-07-19 20:30:00,0.7629009762900976,-0.1633466135458168,0.746537602382725,0.8336011426530978,0.6365968250644541,0.01714922048997773,0.5,0.7725297284424806,0.1299686500558908,0.24570236446201582,0.8975812653651393,0.2697939694463473,0.999094708571601
2021-07-19 20:40:00,0.7642956764295677,-0.043824701195219196,0.746537602382725,0.8300303517229066,0.6365706508225255,0.0073496659242761695,0.5,0.7725297284424806,0.1299686500558908,0.24570236446201582,0.8975812653651393,0.2697939694463473,0.9932819831917559
2021-07-19 20:50:00,0.7475592747559275,-0.2589641434262948,0.7414743112434845,0.8293161935368685,0.6340579235973878,0.00512249443207127,0.5,0.7725297284424806,0.1299686500558908,0.24570236446201582,0.8975812653651393,0.2697939694463473,0.9874692578119106
2021-07-19 21:00:00,0.6652719665271966,-0.003984063745020028,0.73849590469099,0.8353865381181933,0.6270170525186164,0.000556792873051225,0.5,0.7715851355953176,0.10768461553934283,0.2466297561478536,0.8657275054817795,0.26665391866363014,0.8310726194607481
2021-07-19 21:10:00,0.605997210599721,-0.059760956175298974,0.7325390915860015,0.8435993572576326,0.6365968250644541,0.00044543429844097997,0.5,0.7715851355953176,0.10768461553934283,0.2466297561478536,0.8657275054817795,0.26665391866363014,0.6530470600660863
2021-07-19 21:20:00,0.5383542538354253,-0.10756972111553798,0.7271779597915116,0.8471701481878235,0.6365968250644541,0.00022271714922048998,0.5,0.7715851355953176,0.10768461553934283,0.2466297561478536,0.8657275054817795,0.26665391866363014,0.5180077553299033
2021-07-19 21:30:00,0.5655509065550907,0.027888446215139417,0.7209233060312732,0.8428851990715944,0.6365968250644541,0.00044543429844097997,0.5,0.7715851355953176,0.10768461553934283,0.2466297561478536,0.8657275054817795,0.26665391866363014,0.5851351147456886
2021-07-19 21:40:00,0.5460251046025105,-0.3227091633466136,0.7137751303052866,0.8343153008391357,0.635432071298635,0.00033407572383073496,0.5,0.7715851355953176,0.10768461553934283,0.2466297561478536,0.8657275054817795,0.26665391866363014,0.5175173891395205
2021-07-19 21:50:00,0.4909344490934449,0.03585657370517925,0.7084139985107967,0.8264595607927157,0.6254073366400126,0.00033407572383073496,0.5,0.7715851355953176,0.10768461553934283,0.2466297561478536,0.8657275054817795,0.26665391866363014,0.43589782277411465
2021-07-19 22:00:00,0.45676429567642957,-0.2828685258964144,0.7066269545792998,0.8207462953044098,0.6147413330541415,0.00022271714922048998,0.5,0.702077830768425,0.11367012732502582,0.29020220131564584,0.7467687883214644,0.25120439661939264,0.35305611298037026
2021-07-19 22:10:00,0.47419804741980476,0.08366533864541825,0.7033507073715559,0.8193179789323335,0.598657261389067,0.00022271714922048998,0.5,0.702077830768425,0.11367012732502582,0.29020220131564584,0.7467687883214644,0.25120439661939264,0.3996409010667351
2021-07-19 22:20:00,0.4421199442119944,-0.02788844621513953,0.6982874162323154,0.7993215497232637,0.6128306133933595,0.00033407572383073496,0.5,0.702077830768425,0.11367012732502582,0.29020220131564584,0.7467687883214644,0.25120439661939264,0.3404046652684944
2021-07-19 22:30:00,0.4700139470013947,0.019920318725099362,0.6953090096798211,0.7864667023745762,0.6141916739736426,0.00033407572383073496,0.5,0.702077830768425,0.11367012732502582,0.29020220131564584,0.7467687883214644,0.25120439661939264,0.38301371516514027
2021-07-19 22:40:00,0.4511854951185495,-0.15537848605577698,0.6902457185405806,0.7736118550258884,0.6141916739736426,0.00033407572383073496,0.5,0.702077830768425,0.11367012732502582,0.29020220131564584,0.7467687883214644,0.25120439661939264,0.33836775955459664
2021-07-19 22:50:00,0.45746164574616455,-0.09960159362549814,0.6866716306775873,0.7661131940724872,0.608956825587939,0.00033407572383073496,0.5,0.702077830768425,0.11367012732502582,0.29020220131564584,0.7467687883214644,0.25120439661939264,0.34127223622071007
2021-07-19 23:00:00,0.48535564853556484,-0.01195219123505975,0.6816083395383468,0.7561149794679523,0.604520291581055,0.00033407572383073496,0.5,0.6391010608617171,0.1318191875450799,0.33037082859207034,0.634696185516137,0.23107975690847402,0.39111607344931126
2021-07-19 23:10:00,0.4909344490934449,-0.06772908366533881,0.6789277736411017,0.7464738439564362,0.5945217311643611,0.00033407572383073496,0.5,0.6391010608617171,0.1318191875450799,0.33037082859207034,0.634696185516137,0.23107975690847402,0.4238800790621181
2021-07-19 23:20:00,0.5913528591352859,-0.15537848605577698,0.6768428890543556,0.7293340474915195,0.5995733598565651,0.00044543429844097997,0.5,0.6391010608617171,0.1318191875450799,0.33037082859207034,0.634696185516137,0.23107975690847402,0.6077598563604267
2021-07-19 23:30:00,0.5920502092050209,-0.07569721115537853,0.6720774385703647,0.7200499910730227,0.5952284356964312,0.00022271714922048998,0.5,0.6391010608617171,0.1318191875450799,0.33037082859207034,0.634696185516137,0.23107975690847402,0.6777464278709054
2021-07-19 23:40:00,0.612970711297071,0.2669322709163344,0.6714817572598657,0.7093376182824496,0.5925717501406865,0.00044543429844097997,0.5,0.6391010608617171,0.1318191875450799,0.33037082859207034,0.634696185516137,0.23107975690847402,0.7165758860539856
2021-07-19 23:50:00,0.6080892608089261,-0.12350597609561753,0.665524944154877,0.7068380646313157,0.6028844014605227,0.000556792873051225,0.5,0.6391010608617171,0.1318191875450799,0.33037082859207034,0.634696185516137,0.23107975690847402,0.7016989302472955
2021-07-20 00:00:00,0.5878661087866108,-0.09960159362549814,0.6634400595681309,0.7096946973754685,0.5993377916792085,0.00022271714922048998,0.5,0.6370898028598939,0.13025887410310674,0.3350980786772577,0.6187729671028274,0.2080861501775369,0.6401692894971107
2021-07-20 00:10:00,0.6492329149232915,-0.31474103585657376,0.6634400595681309,0.7075522228173541,0.6028320529766656,0.00111358574610245,0.5,0.6370898028598939,0.13025887410310674,0.3350980786772577,0.6187729671028274,0.2080861501775369,0.7671892209967259
2021-07-20 00:20:00,0.6401673640167364,0.09960159362549792,0.6634400595681309,0.7064809855382967,0.5957388334140373,0.00044543429844097997,0.5,0.6370898028598939,0.13025887410310674,0.3350980786772577,0.6187729671028274,0.2080861501775369,0.7879581151832461
2021-07-20 00:30:00,0.6513249651324965,-0.12350597609561753,0.6622486969471331,0.7068380646313157,0.6017196476947035,0.0013363028953229399,0.5,0.6370898028598939,0.13025887410310674,0.3350980786772577,0.6187729671028274,0.2080861501775369,0.8247431235571918
2021-07-20 00:40:00,0.6666666666666667,-0.003984063745020028,0.6628443782576319,0.7014818782360293,0.6017196476947035,0.00111358574610245,0.5,0.6370898028598939,0.13025887410310674,0.3350980786772577,0.6187729671028274,0.2080861501775369,0.8528071578375606
2021-07-20 00:50:00,0.6694560669456067,-0.003984063745020028,0.6589724497393892,0.7007677200499909,0.6017196476947035,0.0008908685968819599,0.5,0.6370898028598939,0.13025887410310674,0.3350980786772577,0.6187729671028274,0.2080861501775369,0.8306652383179685
2021-07-20 01:00:00,0.6373779637377964,-0.03585657370517936,0.6571854058078928,0.7068380646313157,0.6017196476947035,0.000556792873051225,0.5,0.5865390266167658,0.12183950322838209,0.3845189375969256,0.6758510953777734,0.20302481197262612,0.7517690903329964
2021-07-20 01:10:00,0.6541143654114366,0.20318725099601576,0.6571854058078928,0.7075522228173541,0.6017196476947035,0.00022271714922048998,0.5,0.5865390266167658,0.12183950322838209,0.3845189375969256,0.6758510953777734,0.20302481197262612,0.7961811789912036
2021-07-20 01:20:00,0.6485355648535566,0.3227091633466135,0.6551005212211465,0.7075522228173541,0.6017196476947035,0.00033407572383073496,0.5,0.5865390266167658,0.12183950322838209,0.3845189375969256,0.6758510953777734,0.20302481197262612,0.7813193113749869
2021-07-20 01:30:00,0.6750348675034867,0.1633466135458166,0.6551005212211465,0.7025531155150866,0.6017196476947035,0.00044543429844097997,0.5,0.5865390266167658,0.12183950322838209,0.3845189375969256,0.6758510953777734,0.20302481197262612,0.8496763583143474
2021-07-20 01:40:00,0.6297071129707112,0.22709163346613526,0.6542069992553983,0.7050526691662204,0.6017196476947035,0.00022271714922048998,0.5,0.5865390266167658,0.12183950322838209,0.3845189375969256,0.6758510953777734,0.20302481197262612,0.7538210842373675
2021-07-20 01:50:00,0.6457461645746164,0.29083665338645415,0.6524199553239014,0.7064809855382967,0.6017196476947035,0.00033407572383073496,0.5,0.5865390266167658,0.12183950322838209,0.3845189375969256,0.6758510953777734,0.20302481197262612,0.8046909184181542
2021-07-20 02:00:00,0.6652719665271966,0.3306772908366533,0.6542069992553983,0.7064809855382967,0.6017196476947035,0.00033407572383073496,0.5,0.5723786723002255,0.11952058435606273,0.4045740839867114,0.6660767764851416,0.20302858575083516,0.8407290613636708
2021-07-20 02:10:00,0.6610878661087867,-0.01195219123505975,0.6530156366344004,0.7029101946081058,0.6089175642250461,0.00033407572383073496,0.5,0.5723786723002255,0.11952058435606273,0.4045740839867114,0.6660767764851416,0.20302858575083516,0.8150414170828492
2021-07-20 02:20:00,0.694560669456067,-0.29083665338645437,0.6515264333581532,0.7107659346545259,0.6115742497807908,0.00044543429844097997,0.5,0.5723786723002255,0.11952058435606273,0.4045740839867114,0.6660767764851416,0.20302858575083516,0.8873138494500356
2021-07-20 02:30:00,0.6352859135285913,-0.1633466135458168,0.650037230081906,0.7139796464916979,0.6115742497807908,0.00022271714922048998,0.5,0.5723786723002255,0.11952058435606273,0.4045740839867114,0.6660767764851416,0.20302858575083516,0.7740317153763749
2021-07-20 02:40:00,0.6520223152022315,-0.12350597609561753,0.6485480268056589,0.7182645956079272,0.6115742497807908,0.000779510022271715,0.5,0.5723786723002255,0.11952058435606273,0.4045740839867114,0.6660767764851416,0.20302858575083516,0.8072785430843279
2021-07-20 02:50:00,0.694560669456067,-0.11553784860557781,0.6470588235294115,0.7132654883056597,0.6115742497807908,0.0006681514476614699,0.5,0.5723786723002255,0.11952058435606273,0.4045740839867114,0.6660767764851416,0.20302858575083516,0.8974153929719209
2021-07-20 03:00:00,0.6471408647140864,-0.3784860557768924,0.6443782576321666,0.7129084092126405,0.6058420907984453,0.00022271714922048998,0.5,0.5670939086252091,0.11642007201004435,0.42009346961793564,0.6540997996555064,0.1937133517171397,0.7588077311887986
2021-07-20 03:10:00,0.6192468619246863,-0.26693227091633476,0.6369322412509306,0.7211212283520798,0.5917603486409024,0.000779510022271715,0.5,0.5670939086252091,0.11642007201004435,0.42009346961793564,0.6540997996555064,0.1937133517171397,0.7091977609125338
2021-07-20 03:20:00,0.7252440725244073,0.15537848605577675,0.6318689501116901,0.7068380646313157,0.5917603486409024,0.00111358574610245,0.5,0.5670939086252091,0.11642007201004435,0.42009346961793564,0.6540997996555064,0.1937133517171397,0.9869939798120011
2021-07-20 03:30:00,0.7601115760111576,-0.08366533864541836,0.6303797468354431,0.6911265845384753,0.5917603486409024,0.0066815144766146995,0.5,0.5670939086252091,0.11642007201004435,0.42009346961793564,0.6540997996555064,0.1937133517171397,0.9814981064320957
2021-07-20 03:40:00,0.7245467224546723,0.003984063745019917,0.6285927029039462,0.6864845563292268,0.5917603486409024,0.0006681514476614699,0.5,0.5670939086252091,0.11642007201004435,0.42009346961793564,0.6540997996555064,0.1937133517171397,0.9760022330521901
2021-07-20 03:50:00,0.6854951185495118,-0.059760956175298974,0.6250186150409529,0.6904124263524369,0.5917603486409024,0.0006681514476614699,0.5,0.5670939086252091,0.11642007201004435,0.42009346961793564,0.6540997996555064,0.1937133517171397,0.902930126589918
2021-07-20 04:00:00,0.6603905160390516,0.2749003984063745,0.6205510052122112,0.6946973754686665,0.5923623562052583,0.000556792873051225,0.5,0.5298648232636463,0.1162649027174745,0.4542036789538139,0.6362065795300822,0.19085833442200528,0.846439941457821
2021-07-20 04:10:00,0.6283124128312413,-0.09960159362549814,0.6145941921072224,0.6975540082128191,0.5947703864626821,0.000779510022271715,0.5,0.5298648232636463,0.1162649027174745,0.4542036789538139,0.6362065795300822,0.19085833442200528,0.7630022481403805
2021-07-20 04:20:00,0.6764295676429567,0.01195219123505975,0.6154877140729709,0.6975540082128191,0.5917080001570454,0.000779510022271715,0.5,0.5298648232636463,0.1162649027174745,0.4542036789538139,0.6362065795300822,0.19085833442200528,0.8857295894503372
2021-07-20 04:30:00,0.6673640167364017,-0.07569721115537853,0.6154877140729709,0.6929119800035708,0.5916425645522242,0.000556792873051225,0.5,0.5298648232636463,0.1162649027174745,0.4542036789538139,0.6362065795300822,0.19085833442200528,0.8658584425969794
2021-07-20 04:40:00,0.6736401673640168,0.019920318725099362,0.6151898734177212,0.6904124263524369,0.5916163903102957,0.00111358574610245,0.5,0.5298648232636463,0.1162649027174745,0.4542036789538139,0.6362065795300822,0.19085833442200528,0.8790078005944748
2021-07-20 04:50:00,0.6241283124128312,-0.17928286852589637,0.6125093075204764,0.6950544545616855,0.5916163903102957,0.0006681514476614699,0.5,0.5298648232636463,0.1162649027174745,0.4542036789538139,0.6362065795300822,0.19085833442200528,0.7414714003349578
2021-07-20 05:00:00,0.6178521617852162,-0.15537848605577698,0.6098287416232313,0.6986252454918764,0.5916163903102957,0.0006681514476614699,0.5,0.5197921235345067,0.11666719347599205,0.4593740175868363,0.6056282610698377,0.18727126139591996,0.7469333252862984
2021-07-20 05:10:00,0.6834030683403068,-0.33067729083665354,0.6074460163812359,0.6986252454918764,0.5916163903102957,0.004899777282850779,0.5,0.5197921235345067,0.11666719347599205,0.4593740175868363,0.6056282610698377,0.18727126139591996,0.869132579929689
2021-07-20 05:20:00,0.6645746164574616,-0.4103585657370519,0.6053611317944898,0.6936261381896089,0.5916163903102957,0.00033407572383073496,0.5,0.5197921235345067,0.11666719347599205,0.4593740175868363,0.6056282610698377,0.18727126139591996,0.8392051541258658
2021-07-20 05:30:00,0.6408647140864714,-0.2749003984063746,0.6038719285182426,0.690055347259418,0.5916163903102957,0.00022271714922048998,0.5,0.5197921235345067,0.11666719347599205,0.4593740175868363,0.6056282610698377,0.18727126139591996,0.8203449160342201
2021-07-20 05:40:00,0.6464435146443515,-0.08366533864541836,0.6038719285182426,0.6893411890733796,0.5916163903102957,0.0006681514476614699,0.5,0.5197921235345067,0.11666719347599205,0.4593740175868363,0.6056282610698377,0.18727126139591996,0.8105526804170377
2021-07-20 05:50:00,0.6541143654114366,-0.10756972111553798,0.6029784065524944,0.6864845563292268,0.5916163903102957,0.00044543429844097997,0.5,0.5197921235345067,0.11666719347599205,0.4593740175868363,0.6056282610698377,0.18727126139591996,0.8169274408920137
2021-07-20 06:00:00,0.6206415620641562,0.05179282868525892,0.5999999999999999,0.6818425281199787,0.5916163903102957,0.00044543429844097997,0.5,0.5317783900663824,0.15792785777297366,0.44893696158686064,0.6102538834211935,0.15619752952817575,0.7244368332905835
2021-07-20 06:10:00,0.5195258019525802,0.25099601593625476,0.5958302308265075,0.6793429744688448,0.5962754053735718,0.00022271714922048998,0.5,0.5317783900663824,0.15792785777297366,0.44893696158686064,0.6102538834211935,0.15619752952817575,0.4889856209544789
2021-07-20 06:20:00,0.37517433751743373,0.19521912350597592,0.588682055100521,0.6829137653990358,0.6198060488673097,0.00033407572383073496,0.5,0.5317783900663824,0.15792785777297366,0.44893696158686064,0.6102538834211935,0.15619752952817575,0.25063747604749764
2021-07-20 06:30:00,0.2754532775453278,0.09163346613545809,0.5809381980640356,0.6889841099803606,0.63366530996846,0.00033407572383073496,0.5,0.5317783900663824,0.15792785777297366,0.44893696158686064,0.6102538834211935,0.15619752952817575,0.11588484693030766
2021-07-20 06:40:00,0.3054393305439331,-0.31474103585657376,0.5767684288905432,0.6846991608641315,0.6489510672547146,0.00033407572383073496,0.5,0.5317783900663824,0.15792785777297366,0.44893696158686064,0.6102538834211935,0.15619752952817575,0.14269656140139114
2021-07-20 06:50:00,0.26638772663877264,0.019920318725099362,0.5708116157855547,0.6750580253526155,0.645836332465221,0.00022271714922048998,0.5,0.5317783900663824,0.15792785777297366,0.44893696158686064,0.6102538834211935,0.15619752952817575,0.10704316731294415
2021-07-20 07:00:00,0.23361227336122734,-0.0916334661354582,0.5627699180938197,0.6607748616318514,0.6496446846658204,0.00033407572383073496,0.5,0.5330242280177291,0.16429267227383393,0.42786831672131725,0.4349285317135424,0.16983732916040956,0.09247551941095704
2021-07-20 07:10:00,0.2670850767085077,0.40239043824701204,0.5594936708860758,0.648634172469202,0.6478779233356453,0.00033407572383073496,0.5,0.5330242280177291,0.16429267227383393,0.42786831672131725,0.4349285317135424,0.16983732916040956,0.11313125216892739
2021-07-20 07:20:00,0.3507670850767085,0.2111553784860556,0.5547282204020847,0.6236386359578647,0.6543429610919894,0.00022271714922048998,0.5,0.5330242280177291,0.16429267227383393,0.42786831672131725,0.4349285317135424,0.16983732916040956,0.18939451091630582
2021-07-20 07:30:00,0.3807531380753138,0.25099601593625476,0.5520476545048398,0.5993572576325656,0.6543429610919894,0.00033407572383073496,0.5,0.5330242280177291,0.16429267227383393,0.42786831672131725,0.4349285317135424,0.16983732916040956,0.21479547957813422
2021-07-20 07:40:00,0.405160390516039,-0.07569721115537853,0.5505584512285924,0.5861453311908589,0.6543429610919894,0.00022271714922048998,0.5,0.5330242280177291,0.16429267227383393,0.42786831672131725,0.4349285317135424,0.16983732916040956,0.27311887985273925
2021-07-20 07:50:00,0.40794979079497906,-0.19521912350597614,0.5532390171258375,0.5793608284234957,0.6543429610919894,0.00022271714922048998,0.5,0.5330242280177291,0.16429267227383393,0.42786831672131725,0.4349285317135424,0.16983732916040956,0.2758573864236462
2021-07-20 08:00:00,0.4783821478382148,0.17928286852589648,0.5559195830230825,0.5750758793072666,0.6543429610919894,0.00022271714922048998,0.5,0.5336268182853643,0.18272046251943383,0.4121455212358493,0.29145745521546634,0.19268761373586699,0.3996710774476817
2021-07-20 08:10:00,0.4867503486750349,0.13147410358565725,0.5603871928518243,0.5675772183538654,0.6543429610919894,0.00033407572383073496,0.5,0.5336268182853643,0.18272046251943383,0.4121455212358493,0.29145745521546634,0.19268761373586699,0.4304962505846674
2021-07-20 08:20:00,0.5320781032078103,0.17928286852589648,0.5651526433358152,0.5682913765399038,0.6589627147923728,0.00033407572383073496,0.5,0.5336268182853643,0.18272046251943383,0.4121455212358493,0.29145745521546634,0.19268761373586699,0.4946436923819726
2021-07-20 08:30:00,0.5223152022315203,-0.26693227091633476,0.5672375279225612,0.5740046420282092,0.6586486238892305,0.00022271714922048998,0.5,0.5336268182853643,0.18272046251943383,0.4121455212358493,0.29145745521546634,0.19268761373586699,0.48567376314558597
2021-07-20 08:40:00,0.49790794979079495,-0.06772908366533881,0.5717051377513027,0.5761471165863239,0.6543822224548821,0.00033407572383073496,0.5,0.5336268182853643,0.18272046251943383,0.4121455212358493,0.29145745521546634,0.19268761373586699,0.4580623745794167
2021-07-20 08:50:00,0.4630404463040446,-0.24302788844621515,0.575874906924795,0.5815033029816103,0.6537933020114906,0.00033407572383073496,0.5,0.5336268182853643,0.18272046251943383,0.4121455212358493,0.29145745521546634,0.19268761373586699,0.38975813630671274
2021-07-20 09:00:00,0.4511854951185495,0.06772908366533859,0.5785554728220401,0.5861453311908589,0.6478386619727525,0.00022271714922048998,0.5,0.5363383577539094,0.19008525690575082,0.35891960453776445,0.29418900058372843,0.2217685086692437,0.3499479457428671
2021-07-20 09:10:00,0.4679218967921897,0.05179282868525892,0.581236038719285,0.5861453311908589,0.6497493816335345,0.00022271714922048998,0.5,0.5363383577539094,0.19008525690575082,0.35891960453776445,0.29418900058372843,0.2217685086692437,0.3919232916396337
2021-07-20 09:20:00,0.46234309623430964,0.11553784860557759,0.5871928518242739,0.5886448848419923,0.6482051013597518,0.00022271714922048998,0.5,0.5363383577539094,0.19008525690575082,0.35891960453776445,0.29418900058372843,0.2217685086692437,0.38203298278437464
2021-07-20 09:30:00,0.5160390516039052,0.01195219123505975,0.5910647803425166,0.5893590430280307,0.654526180785489,0.00022271714922048998,0.5,0.5363383577539094,0.19008525690575082,0.35891960453776445,0.29418900058372843,0.2217685086692437,0.4736484753383527
2021-07-20 09:40:00,0.5055788005578801,0.2828685258964143,0.5955323901712581,0.5865024102838778,0.654526180785489,0.00022271714922048998,0.5,0.5363383577539094,0.19008525690575082,0.35891960453776445,0.29418900058372843,0.2217685086692437,0.46105738038837
2021-07-20 09:50:00,0.5139470013947002,0.1633466135458166,0.5994043186895008,0.5922156757721835,0.654526180785489,0.00033407572383073496,0.5,0.5363383577539094,0.19008525690575082,0.35891960453776445,0.29418900058372843,0.2217685086692437,0.47456885495722495
2021-07-20 10:00:00,0.5258019525801952,0.3306772908366533,0.6038719285182426,0.597214783074451,0.654526180785489,0.00033407572383073496,0.5,0.6776330179576366,0.1933294445226689,0.29527501988762495,0.3043229900520485,0.2626800740793468,0.5086379890459738
2021-07-20 10:10:00,0.5258019525801952,0.2589641434262948,0.6071481757259864,0.5979289412604893,0.6590281503971942,0.00033407572383073496,0.5,0.6776330179576366,0.1933294445226689,0.29527501988762495,0.3043229900520485,0.2626800740793468,0.4994945456191439
2021-07-20 10:20:00,0.4818688981868898,0.19521912350597592,0.6125093075204764,0.6068559185859668,0.6683069191608537,0.00033407572383073496,0.5,0.6776330179576366,0.1933294445226689,0.29527501988762495,0.3043229900520485,0.2626800740793468,0.4142010048734855
2021-07-20 10:30:00,0.5202231520223152,0.01195219123505975,0.6154877140729709,0.6111408677021961,0.6669065972176781,0.00033407572383073496,0.5,0.6776330179576366,0.1933294445226689,0.29527501988762495,0.3043229900520485,0.2626800740793468,0.5239449582811534
2021-07-20 10:40:00,0.509065550906555,-0.043824701195219196,0.6199553239017124,0.6175682913765399,0.6724031880226669,0.00022271714922048998,0.5,0.6776330179576366,0.1933294445226689,0.29527501988762495,0.3043229900520485,0.2626800740793468,0.4621663623881588
2021-07-20 10:50:00,0.5083682008368201,-0.07569721115537853,0.6256142963514517,0.6257811105159794,0.6768004606666579,0.00033407572383073496,0.5,0.6776330179576366,0.1933294445226689,0.29527501988762495,0.3043229900520485,0.2626800740793468,0.4523741267709764
2021-07-20 11:00:00,0.5592747559274756,-0.1394422310756973,0.6342516753536855,0.6311372969112659,0.6773501197471569,0.0006681514476614699,0.5,0.7022000364882799,0.20041263537802362,0.2866808267317071,0.28842912715137636,0.32732317421809987,0.5822909908414684
2021-07-20 11:10:00,0.5536959553695956,-0.05179282868525903,0.64259121370067,0.6389930369576862,0.6795618431901166,0.00022271714922048998,0.5,0.7022000364882799,0.20041263537802362,0.2866808267317071,0.28842912715137636,0.32732317421809987,0.5720611977005597
2021-07-20 11:20:00,0.5432357043235705,0.027888446215139417,0.6449739389426654,0.6443492233529726,0.6770098546020862,0.00033407572383073496,0.5,0.7022000364882799,0.20041263537802362,0.2866808267317071,0.28842912715137636,0.32732317421809987,0.5162650693302353
2021-07-20 11:30:00,0.5467224546722455,-0.019920318725099695,0.6458674609084138,0.6500624888412785,0.6755048356911962,0.00044543429844097997,0.5,0.7022000364882799,0.20041263537802362,0.2866808267317071,0.28842912715137636,0.32732317421809987,0.5318511700891713
2021-07-20 11:40:00,0.5543933054393305,0.1633466135458166,0.6473566641846609,0.6507766470273164,0.6834618052374658,0.0020044543429844097,0.5,0.7022000364882799,0.20041263537802362,0.2866808267317071,0.28842912715137636,0.32732317421809987,0.5285694886612249
2021-07-20 11:50:00,0.48535564853556484,0.19521912350597592,0.6491437081161577,0.6579182288876986,0.6880815589378493,0.0016703786191536749,0.5,0.7022000364882799,0.20041263537802362,0.2866808267317071,0.28842912715137636,0.32732317421809987,0.3985470072574196
2021-07-20 12:00:00,0.4588563458856346,-0.4103585657370519,0.6491437081161577,0.6661310480271379,0.6927405740011255,0.00111358574610245,0.5,0.7046347119610517,0.1890680359877826,0.2912586897793016,0.2810964961922446,0.39078779047264584,0.34143066222067986
2021-07-20 12:10:00,0.47629009762900976,0.20318725099601576,0.6485480268056589,0.6725584717014819,0.6922301762835195,0.0012249443207126948,0.5,0.7046347119610517,0.1890680359877826,0.2912586897793016,0.2810964961922446,0.39078779047264584,0.39159889554445737
2021-07-20 12:20:00,0.4700139470013947,-0.08366533864541836,0.6512285927029038,0.6718443135154437,0.6866550627527451,0.0010022271714922048,0.5,0.7046347119610517,0.1890680359877826,0.2912586897793016,0.2810964961922446,0.39078779047264584,0.39819243478129673
2021-07-20 12:30:00,0.49372384937238495,0.10756972111553775,0.6509307520476544,0.6714872344224245,0.7014304223213935,0.00155902004454343,0.5,0.7046347119610517,0.1890680359877826,0.2912586897793016,0.2810964961922446,0.39078779047264584,0.41393696154020254
2021-07-20 12:40:00,0.4205020920502092,0.14741035856573692,0.6461653015636633,0.6672022853061954,0.7040740207561739,0.0006681514476614699,0.5,0.7046347119610517,0.1890680359877826,0.2912586897793016,0.2810964961922446,0.39078779047264584,0.3087270093697663
2021-07-20 12:50:00,0.4302649930264993,0.03585657370517925,0.6411020104244229,0.6622031780039279,0.7144259334389027,0.000556792873051225,0.5,0.7046347119610517,0.1890680359877826,0.2912586897793016,0.2810964961922446,0.39078779047264584,0.28772424823090964
2021-07-20 13:00:00,0.3800557880055788,-0.11553784860557781,0.6345495160089349,0.6575611497946796,0.7233513499365275,0.0008908685968819599,0.5,0.6878604426688739,0.18216300246834222,0.34876952889948043,0.23683564290587963,0.48771910327801743,0.2560994009988382
2021-07-20 13:10:00,0.3284518828451883,0.08366533864541825,0.6306775874906922,0.6514908052133548,0.7167292667286124,0.000556792873051225,0.5,0.6878604426688739,0.18216300246834222,0.34876952889948043,0.23683564290587963,0.48771910327801743,0.19088824177316416
2021-07-20 13:20:00,0.3068340306834031,-0.019920318725099695,0.6333581533879371,0.6507766470273164,0.728481501354517,0.00044543429844097997,0.5,0.6878604426688739,0.18216300246834222,0.34876952889948043,0.23683564290587963,0.48771910327801743,0.1682484119679527
2021-07-20 13:30:00,0.28661087866108786,0.06772908366533859,0.6381236038719285,0.6507766470273164,0.7176977136799675,0.00033407572383073496,0.5,0.6878604426688739,0.18216300246834222,0.34876952889948043,0.23683564290587963,0.48771910327801743,0.14717775397196614
2021-07-20 13:40:00,0.2880055788005579,-0.03585657370517936,0.6434847356664184,0.6507766470273164,0.7216892855740666,0.00044543429844097997,0.5,0.6878604426688739,0.18216300246834222,0.34876952889948043,0.23683564290587963,0.48771910327801743,0.1478567225432654
2021-07-20 13:50:00,0.30264993026499304,-0.21115537848605592,0.6479523454951599,0.6557757543295839,0.718836293203858,0.000556792873051225,0.5,0.6878604426688739,0.18216300246834222,0.34876952889948043,0.23683564290587963,0.48771910327801743,0.13919610121158169
2021-07-20 14:00:00,0.3591352859135286,0.4661354581673305,0.6536113179448992,0.6614890198178898,0.7227362552512073,0.0006681514476614699,0.5,0.691019847422957,0.16343349415385208,0.3388439142599566,0.28865022017926406,0.5948824417529079,0.20774175053185873
2021-07-20 14:10:00,0.3758716875871687,-0.059760956175298974,0.6497393894266565,0.6589894661667561,0.7393699859967806,0.0006681514476614699,0.5,0.691019847422957,0.16343349415385208,0.3388439142599566,0.28865022017926406,0.5948824417529079,0.23097001976552956
2021-07-20 14:20:00,0.35704323570432356,-0.23505976095617542,0.6559940431868949,0.6525620424924121,0.7449843608904477,0.000556792873051225,0.5,0.691019847422957,0.16343349415385208,0.3388439142599566,0.28865022017926406,0.5948824417529079,0.2194426422439157
2021-07-20 14:30:00,0.2824267782426778,0.31474103585657365,0.6571854058078928,0.6575611497946796,0.7217416340579236,0.0027839643652561247,0.5,0.691019847422957,0.16343349415385208,0.3388439142599566,0.28865022017926406,0.5948824417529079,0.12797048749943418
2021-07-20 14:40:00,0.3319386331938633,0.043824701195219085,0.6565897244973937,0.6543474379575076,0.7232990014526705,0.011915367483296215,0.5,0.691019847422957,0.16343349415385208,0.3388439142599566,0.28865022017926406,0.5948824417529079,0.14959940854293347
2021-07-20 14:50:00,0.28521617852161785,0.11553784860557759,0.6545048399106477,0.6507766470273164,0.7414770124720264,0.0006681514476614699,0.5,0.691019847422957,0.16343349415385208,0.3388439142599566,0.28865022017926406,0.5948824417529079,0.12261417988140683
2021-07-20 15:00:00,0.2629009762900976,0.01195219123505975,0.6571854058078928,0.6507766470273164,0.7449189252856264,0.005345211581291759,0.5,0.7084943981818563,0.1681661575772893,0.3200716195444406,0.4000597518395766,0.6178025060744388,0.11608853750169743
2021-07-20 15:10:00,0.31520223152022314,-0.06772908366533881,0.6598659717051376,0.6507766470273164,0.7344754027561476,0.0021158129175946547,0.5,0.7084943981818563,0.1681661575772893,0.3200716195444406,0.4000597518395766,0.6178025060744388,0.14495978997238862
2021-07-20 15:20:00,0.401673640167364,0.027888446215139417,0.6661206254653758,0.6529191215854313,0.7363730352959652,0.03997772828507795,0.5,0.7084943981818563,0.1681661575772893,0.3200716195444406,0.4000597518395766,0.6178025060744388,0.20510131719902833
2021-07-20 15:30:00,0.49581589958159,0.25099601593625476,0.6699925539836187,0.6479200142831638,0.7444347018099489,0.08819599109131403,0.5,0.7084943981818563,0.1681661575772893,0.3200716195444406,0.4000597518395766,0.6178025060744388,0.19263847186806887
2021-07-20 15:40:00,0.29288702928870297,0.22709163346613526,0.675651526433358,0.6468487770041065,0.7553231864522123,0.03374164810690423,0.5,0.7084943981818563,0.1681661575772893,0.3200716195444406,0.4000597518395766,0.6178025060744388,0.09651915445780587
2021-07-20 15:50:00,0.496513249651325,0.24302788844621515,0.68518242740134,0.6572040707016604,0.8011804583109762,0.07048997772828508,0.5,0.7084943981818563,0.1681661575772893,0.3200716195444406,0.4000597518395766,0.6178025060744388,0.23488540519335518
2021-07-20 16:00:00,0.903068340306834,0.07569721115537842,0.6947133283693223,0.6514908052133548,0.8176309693630498,0.1690423162583519,0.5,0.700042124952013,0.14796254098337083,0.3330591611981247,0.5284184712033542,0.6045869701437382,0.3967213362101483
2021-07-20 16:10:00,0.9476987447698745,-0.19521912350597614,0.6908413998510794,0.6325656132833424,0.822787295022968,0.16403118040089087,0.5,0.700042124952013,0.14796254098337083,0.3330591611981247,0.5284184712033542,0.6045869701437382,0.44372859362976597
2021-07-20 16:20:00,0.9390981171548117,0.1633466135458166,0.689054355919583,0.6132833422603108,0.8202483935559016,0.17661469933184856,0.5,0.700042124952013,0.14796254098337083,0.3330591611981247,0.5284184712033542,0.6045869701437382,0.46523680914947874
2021-07-20 16:30:00,0.930497419804742,0.12350597609561742,0.6774385703648547,0.5979289412604893,0.8223423329101831,0.19020044543429843,0.5,0.700042124952013,0.14796254098337083,0.3330591611981247,0.5284184712033542,0.6045869701437382,0.5043453988563151
2021-07-20 16:40:00,0.9218967921896792,0.13147410358565725,0.660163812360387,0.576861274772362,0.8223423329101831,0.1700445434298441,0.5,0.700042124952013,0.14796254098337083,0.3330591611981247,0.5284184712033542,0.6045869701437382,0.5424883443728594
2021-07-20 16:50:00,0.9132960948396095,0.09163346613545809,0.6551005212211465,0.56579182288877,0.8266610828283886,0.15200445434298443,0.5,0.700042124952013,0.14796254098337083,0.3330591611981247,0.5284184712033542,0.6045869701437382,0.6696968782533911
2021-07-20 17:00:00,0.9046954672245467,0.29083665338645415,0.6542069992553983,0.5647205856097126,0.8276949653845651,0.15712694877505567,0.5,0.7113036622025779,0.1590197898318124,0.3185068600734229,0.7210371942812741,0.6282040883408094,0.7975466602290388
2021-07-20 17:10:00,0.896094839609484,0.12350597609561742,0.6434847356664184,0.5561506873772541,0.8361361584065121,0.1601336302895323,0.5,0.7113036622025779,0.1590197898318124,0.3185068600734229,0.7210371942812741,0.6282040883408094,0.9403865594399263
2021-07-20 17:20:00,0.8874941422594143,-0.29083665338645437,0.629784065524944,0.545438314586681,0.8361361584065121,0.1350779510022272,0.5,0.7113036622025779,0.1590197898318124,0.3185068600734229,0.7210371942812741,0.6282040883408094,0.9474716719223863
2021-07-20 17:30:00,0.8788935146443514,-0.24302788844621515,0.6259121370067011,0.5465095518657381,0.8361361584065121,0.1599109131403118,0.5,0.7113036622025779,0.1590197898318124,0.3185068600734229,0.7210371942812741,0.6282040883408094,0.9545568598457987
2021-07-20 17:40:00,0.8702928870292888,-0.4342629482071714,0.6193596425912136,0.5415104445634709,0.8361361584065121,0.1868596881959911,0.5,0.7113036622025779,0.1590197898318124,0.3185068600734229,0.7210371942812741,0.6282040883408094,0.9616421232101634
2021-07-20 17:50:00,0.8616922594142259,-0.50597609561753,0.6062546537602382,0.5311551508659167,0.8340945675360878,0.17516703786191537,0.5,0.7113036622025779,0.1590197898318124,0.3185068600734229,0.7210371942812741,0.6282040883408094,0.9687272356926234
2021-07-20 18:00:00,0.8530915620641563,-0.08366533864541836,0.5997021593447505,0.5307980717728977,0.8178796246613708,0.16247216035634746,0.5,0.5909687171367839,0.1710023074248485,0.4174776746905767,0.6327216181945733,0.6696117326101517,0.9758123481750833
2021-07-20 18:10:00,0.8444909344490934,-0.2749003984063746,0.5997021593447505,0.542581681842528,0.8134430906544869,0.05434298440979955,0.5,0.5909687171367839,0.1710023074248485,0.4174776746905767,0.6327216181945733,0.6696117326101517,0.9828975360984956
2021-07-20 18:20:00,0.6729428172942817,0.1394422310756971,0.6059568131049888,0.5854311730048205,0.8127232990014527,0.04398663697104677,0.5,0.5909687171367839,0.1710023074248485,0.4174776746905767,0.6327216181945733,0.6696117326101517,0.7018120916758454
2021-07-20 18:30:00,0.3319386331938633,0.4422310756972112,0.6184661206254651,0.6329226923763613,0.8492887149755926,0.0006681514476614699,0.5,0.5909687171367839,0.1710023074248485,0.4174776746905767,0.6327216181945733,0.6696117326101517,0.2335576444317033
2021-07-20 18:40:00,0.5592747559274756,0.593625498007968,0.6300819061801934,0.6836279235850742,0.9898051327688422,0.0016703786191536749,0.5,0.5909687171367839,0.1710023074248485,0.4174776746905767,0.6327216181945733,0.6696117326101517,0.6196418063581635
2021-07-20 18:50:00,0.691771269177127,0.33864541832669315,0.6300819061801934,0.6793429744688448,0.9904823912787427,0.016592427616926503,0.5,0.5909687171367839,0.1710023074248485,0.4174776746905767,0.6327216181945733,0.6696117326101517,0.8260557961283703
2021-07-20 19:00:00,0.7615062761506276,0.19521912350597592,0.6303797468354431,0.6568469916086412,0.991159649788643,0.02149220489977728,0.5,0.5573957640909297,0.17786136485760415,0.45586874839659397,0.6056723802264965,0.7142234090554468,0.9953905578104019
2021-07-20 19:10:00,0.7196652719665272,-0.043824701195219196,0.6259121370067011,0.6564899125156223,0.9918369082985434,0.004120267260579065,0.5,0.5573957640909297,0.17786136485760415,0.45586874839659397,0.6056723802264965,0.7142234090554468,0.9450638984866545
2021-07-20 19:20:00,0.8075313807531381,0.06772908366533859,0.6134028294862248,0.6525620424924121,0.9925141668084437,0.021158129175946547,0.5,0.5573957640909297,0.17786136485760415,0.45586874839659397,0.6056723802264965,0.7142234090554468,0.9118019825882283
2021-07-20 19:30:00,0.6889818688981869,0.25099601593625476,0.6029784065524944,0.6411355115158008,0.9931914253183443,0.0017817371937639199,0.5,0.5573957640909297,0.17786136485760415,0.45586874839659397,0.6056723802264965,0.7142234090554468,0.8785400666898019
2021-07-20 19:40:00,0.6359832635983264,-0.0916334661354582,0.5904690990320176,0.6493483306552401,0.9938686445668817,0.00022271714922048998,0.5,0.5573957640909297,0.17786136485760415,0.45586874839659397,0.6056723802264965,0.7142234090554468,0.7404076829065891
2021-07-20 19:50:00,0.4804741980474198,-0.059760956175298974,0.5824274013402826,0.6518478843063737,0.994545942338145,0.0006681514476614699,0.5,0.5573957640909297,0.17786136485760415,0.45586874839659397,0.6056723802264965,0.7142234090554468,0.4542073419134844
2021-07-20 20:00:00,0.35006973500697347,-0.5139442231075697,0.5880863737900222,0.6818425281199787,0.9952232008480455,0.7806236080178174,0.5,0.5478767923533374,0.20079768510403387,0.46765624799871464,0.5497558695668102,0.739136479813201,0.0
2021-07-20 20:10:00,0.5641562064156206,-0.3705179282868527,0.581831720029784,0.6836279235850742,0.8564473701430422,0.15300668151447663,0.5,0.5478767923533374,0.20079768510403387,0.46765624799871464,0.5497558695668102,0.739136479813201,0.4770433181948489
2021-07-20 20:20:00,0.5767085076708507,-0.043824701195219196,0.527922561429635,0.6343510087484376,0.8440015181060317,0.000556792873051225,0.5,0.5478767923533374,0.20079768510403387,0.46765624799871464,0.5497558695668102,0.739136479813201,0.6631712358736817
2021-07-20 20:30:00,0.6317991631799164,-0.17928286852589637,0.504988830975428,0.6011426530976611,0.8397874651555405,0.00868596881959911,0.5,0.5478767923533374,0.20079768510403387,0.46765624799871464,0.5497558695668102,0.739136479813201,0.7724097349004934
2021-07-20 20:40:00,0.7461645746164575,-0.08366533864541836,0.49158600148920306,0.5729334047491519,0.8364240750677259,0.014365256124721604,0.5,0.5478767923533374,0.20079768510403387,0.46765624799871464,0.5497558695668102,0.739136479813201,0.8741946678334868
2021-07-20 20:50:00,0.7238493723849373,-0.17928286852589637,0.4775874906924793,0.542224602749509,0.8364240750677259,0.011581291759465479,0.5,0.5478767923533374,0.20079768510403387,0.46765624799871464,0.5497558695668102,0.739136479813201,0.9759796007664802
2021-07-20 21:00:00,0.6429567642956765,0.10756972111553775,0.4626954579300073,0.5186573826102483,0.8364240750677259,0.0016703786191536749,0.5,0.539701349766178,0.21599565525980646,0.4824467060475246,0.43911270935560764,0.74217095511443,0.8197413884152873
2021-07-20 21:10:00,0.599721059972106,0.11553784860557759,0.4528667163067759,0.5083020889126941,0.8364109879467616,0.0020044543429844097,0.5,0.539701349766178,0.21599565525980646,0.4824467060475246,0.43911270935560764,0.74217095511443,0.6949469650104863
2021-07-20 21:20:00,0.5320781032078103,-0.3466135458167332,0.4457185405807891,0.5093733261917515,0.8364109879467616,0.00111358574610245,0.5,0.539701349766178,0.21599565525980646,0.4824467060475246,0.43911270935560764,0.74217095511443,0.5617484195120479
2021-07-20 21:30:00,0.4602510460251046,-0.12350597609561753,0.43708116157855526,0.5108016425638278,0.820313829160723,0.000556792873051225,0.5,0.539701349766178,0.21599565525980646,0.4824467060475246,0.43911270935560764,0.74217095511443,0.3845602546886552
2021-07-20 21:40:00,0.4435146443514645,0.01195219123505975,0.4266567386448248,0.5054454561685413,0.823402389708288,0.00044543429844097997,0.5,0.539701349766178,0.21599565525980646,0.4824467060475246,0.43911270935560764,0.74217095511443,0.3430300104108514
2021-07-20 21:50:00,0.44142259414225943,0.1394422310756971,0.41861504095308977,0.4897339760757007,0.8139927497349858,0.00044543429844097997,0.5,0.539701349766178,0.21599565525980646,0.4824467060475246,0.43911270935560764,0.74217095511443,0.34739049745763995
2021-07-20 22:00:00,0.41841004184100417,0.1394422310756971,0.4129560685033504,0.4704517050526693,0.812540079307953,0.000779510022271715,0.5,0.4885154639931719,0.22427709787446853,0.5692582020521822,0.34379399465904376,0.679913463556076,0.3034612308945788
2021-07-20 22:10:00,0.36192468619246865,-0.06772908366533881,0.4078927773641099,0.46616675593643975,0.807841802881784,0.000556792873051225,0.5,0.4885154639931719,0.22427709787446853,0.5692582020521822,0.34379399465904376,0.679913463556076,0.21446353938772122
2021-07-20 22:20:00,0.36750348675034866,0.1872509960159361,0.40580789277736407,0.4450990894483129,0.8027116514637945,0.000556792873051225,0.5,0.4885154639931719,0.22427709787446853,0.5692582020521822,0.34379399465904376,0.679913463556076,0.22022722814852816
2021-07-20 22:30:00,0.32147838214783825,0.13147410358565725,0.4043186895011168,0.4272451347973576,0.8064153066966798,0.000556792873051225,0.5,0.4885154639931719,0.22427709787446853,0.5692582020521822,0.34379399465904376,0.679913463556076,0.1807188013941488
2021-07-20 22:40:00,0.298465829846583,0.17928286852589648,0.40223380491437055,0.4190323156579181,0.8067686589627149,0.00033407572383073496,0.5,0.4885154639931719,0.22427709787446853,0.5692582020521822,0.34379399465904376,0.679913463556076,0.14628755073404046
2021-07-20 22:50:00,0.37935843793584384,0.17928286852589648,0.3968726731198806,0.40582038921621133,0.8105508369213856,0.00033407572383073496,0.5,0.4885154639931719,0.22427709787446853,0.5692582020521822,0.34379399465904376,0.679913463556076,0.2514824147140034
2021-07-20 23:00:00,0.4177126917712692,0.14741035856573692,0.3888309754281456,0.3936797000535619,0.816479302718195,0.00022271714922048998,0.5,0.42694739517374125,0.23373093069966866,0.6410876238672804,0.43349659385563927,0.6659218825504349,0.3221026902243614
2021-07-20 23:10:00,0.37377963737796377,0.05179282868525892,0.37870439314966475,0.3711837171933583,0.8202353064349374,0.00033407572383073496,0.5,0.42694739517374125,0.23373093069966866,0.6410876238672804,0.43349659385563927,0.6659218825504349,0.24342532100125233
2021-07-20 23:20:00,0.36750348675034866,-0.08366533864541836,0.3688756515264331,0.36082842349580435,0.8209289238460431,0.00033407572383073496,0.5,0.42694739517374125,0.23373093069966866,0.6410876238672804,0.43349659385563927,0.6659218825504349,0.2157007710065332
2021-07-20 23:30:00,0.35495118549511856,0.08366533864541825,0.3617274758004465,0.3569005534725942,0.8158903822748035,0.00022271714922048998,0.5,0.42694739517374125,0.23373093069966866,0.6410876238672804,0.43349659385563927,0.6659218825504349,0.2196915973867254
2021-07-20 23:40:00,0.31659693165969316,-0.17928286852589637,0.35547282204020836,0.3522585252633459,0.8168195678632657,0.00033407572383073496,0.5,0.42694739517374125,0.23373093069966866,0.6410876238672804,0.43349659385563927,0.6659218825504349,0.16382757215927093
2021-07-20 23:50:00,0.24407252440725244,-0.03585657370517936,0.3533879374534623,0.3358328869844669,0.810210571776315,0.00044543429844097997,0.5,0.42694739517374125,0.23373093069966866,0.6410876238672804,0.43349659385563927,0.6659218825504349,0.10244126921858261
2021-07-21 00:00:00,0.2189679218967922,0.11553784860557759,0.3486224869694712,0.3186930905195502,0.8151444163798406,0.00033407572383073496,0.5,0.38841547143091093,0.24204398187392887,0.7428082759404314,0.42762626883785665,0.6763509402340621,0.08489370369811548
2021-07-21 00:10:00,0.2315202231520223,0.12350597609561742,0.34772896500372297,0.30833779682199625,0.8195155147819032,0.00033407572383073496,0.5,0.38841547143091093,0.24204398187392887,0.7428082759404314,0.42762626883785665,0.6763509402340621,0.08770010712615237
2021-07-21 00:20:00,0.16527196652719667,-0.49800796812749004,0.3450483991064779,0.3094090341010536,0.8121736399209538,0.00022271714922048998,0.5,0.38841547143091093,0.24204398187392887,0.7428082759404314,0.42762626883785665,0.6763509402340621,0.03888981094497337
2021-07-21 00:30:00,0.197350069735007,-0.07569721115537853,0.3447505584512285,0.3072665595429387,0.796168090981665,0.00033407572383073496,0.5,0.38841547143091093,0.24204398187392887,0.7428082759404314,0.42762626883785665,0.6763509402340621,0.06091102494077885
2021-07-21 00:40:00,0.22663877266387727,-0.2749003984063746,0.3447505584512285,0.3026245313336904,0.7915352501603173,0.00033407572383073496,0.5,0.38841547143091093,0.24204398187392887,0.7428082759404314,0.42762626883785665,0.6763509402340621,0.08088024503221329
2021-07-21 00:50:00,0.2796373779637378,0.4820717131474104,0.34415487714072945,0.2929833958221746,0.7923466516601013,0.00044543429844097997,0.5,0.38841547143091093,0.24204398187392887,0.7428082759404314,0.42762626883785665,0.6763509402340621,0.12385141150021878
2021-07-21 01:00:00,0.26638772663877264,-0.019920318725099695,0.3390915860014889,0.28048562756650597,0.7890748714190365,0.00033407572383073496,0.5,0.37210534373193727,0.2359578973986144,0.7886921621389587,0.3911215000064406,0.6932865572973205,0.11003817312189751
2021-07-21 01:10:00,0.23221757322175732,-0.10756972111553798,0.33670886075949347,0.2754865202642385,0.7859601366295429,0.00033407572383073496,0.5,0.37210534373193727,0.2359578973986144,0.7886921621389587,0.3911215000064406,0.6932865572973205,0.07621045008072182
2021-07-21 01:20:00,0.19665271966527195,0.2749003984063745,0.3349218168279968,0.2708444920549904,0.7817853450419442,0.00033407572383073496,0.5,0.37210534373193727,0.2359578973986144,0.7886921621389587,0.3911215000064406,0.6932865572973205,0.0639588394163888
2021-07-21 01:30:00,0.16875871687587168,-0.3545816733067729,0.3298585256887563,0.2658453847527229,0.7817853450419442,0.00022271714922048998,0.5,0.37210534373193727,0.2359578973986144,0.7886921621389587,0.3911215000064406,0.6932865572973205,0.046094421895982014
2021-07-21 01:40:00,0.1603905160390516,-0.14741035856573714,0.3268801191362618,0.26477414747366557,0.7817853450419442,0.00022271714922048998,0.5,0.37210534373193727,0.2359578973986144,0.7886921621389587,0.3911215000064406,0.6932865572973205,0.04170375846824691
2021-07-21 01:50:00,0.15271966527196654,0.24302788844621515,0.32479523454951575,0.26370291019460823,0.7817853450419442,0.00033407572383073496,0.5,0.37210534373193727,0.2359578973986144,0.7886921621389587,0.3911215000064406,0.6932865572973205,0.03942544170677611
2021-07-21 02:00:00,0.1924686192468619,0.3306772908366533,0.32151898734177187,0.2612033565434744,0.7817853450419442,0.00022271714922048998,0.5,0.36864466052058154,0.22674831253394126,0.7993545668365596,0.32405853755960007,0.6827529414212136,0.06333267951174616
2021-07-21 02:10:00,0.2608089260808926,0.4183266932270917,0.32092330603127306,0.2512051419389394,0.7930271819502428,0.00033407572383073496,0.5,0.36864466052058154,0.22674831253394126,0.7993545668365596,0.32405853755960007,0.6827529414212136,0.11092083226458652
2021-07-21 02:20:00,0.2838214783821479,0.12350597609561742,0.32002978406552485,0.24120692733440463,0.8075538862205704,0.00033407572383073496,0.5,0.36864466052058154,0.22674831253394126,0.7993545668365596,0.32405853755960007,0.6827529414212136,0.12638622749973596
2021-07-21 02:30:00,0.2503486750348675,0.1633466135458166,0.31734921816827977,0.23477950366006062,0.8094907801232806,0.00044543429844097997,0.5,0.36864466052058154,0.22674831253394126,0.7993545668365596,0.32405853755960007,0.6827529414212136,0.10101543521885421
2021-07-21 02:40:00,0.2503486750348675,0.4501992031872508,0.3149664929262843,0.22978039635779313,0.8094907801232806,0.00044543429844097997,0.5,0.36864466052058154,0.22674831253394126,0.7993545668365596,0.32405853755960007,0.6827529414212136,0.09921994055252954
2021-07-21 02:50:00,0.2210599721059972,0.14741035856573692,0.3149664929262843,0.2258525263345832,0.8230228632003246,0.00033407572383073496,0.5,0.36864466052058154,0.22674831253394126,0.7993545668365596,0.32405853755960007,0.6827529414212136,0.08077462769890006
2021-07-21 03:00:00,0.2112970711297071,0.2350597609561753,0.31288160833953826,0.2258525263345832,0.8233369541034667,0.00033407572383073496,0.5,0.35686194789380243,0.22165071392242175,0.8364364115305996,0.30860352465552154,0.6873458668042616,0.07071834874843459
2021-07-21 03:10:00,0.15620641562064158,-0.05179282868525903,0.31198808637378983,0.2258525263345832,0.8233369541034667,0.00011135857461024499,0.5,0.35686194789380243,0.22165071392242175,0.8364364115305996,0.30860352465552154,0.6873458668042616,0.03693589027867888
2021-07-21 03:20:00,0.11785216178521618,0.4501992031872508,0.31198808637378983,0.2340653454740227,0.8233369541034667,0.00011135857461024499,0.5,0.35686194789380243,0.22165071392242175,0.8364364115305996,0.30860352465552154,0.6873458668042616,0.016974214282481102
2021-07-21 03:30:00,0.12133891213389121,0.31474103585657365,0.31198808637378983,0.2447777182645956,0.8233369541034667,0.00011135857461024499,0.5,0.35686194789380243,0.22165071392242175,0.8364364115305996,0.30860352465552154,0.6873458668042616,0.018762164853569113
2021-07-21 03:40:00,0.11854951185495119,-0.3784860557768924,0.31198808637378983,0.2479914301017676,0.8233369541034667,0.00011135857461024499,0.5,0.35686194789380243,0.22165071392242175,0.8364364115305996,0.30860352465552154,0.6873458668042616,0.01210827285483652
2021-07-21 03:50:00,0.14435146443514643,-0.13147410358565736,0.31198808637378983,0.24692019282271027,0.8233369541034667,0.00011135857461024499,0.5,0.35686194789380243,0.22165071392242175,0.8364364115305996,0.30860352465552154,0.6873458668042616,0.03376737027928241
2021-07-21 04:00:00,0.19525801952580193,0.3545816733067728,0.310796723752792,0.23942153186930915,0.8233369541034667,0.00033407572383073496,0.5,0.316766598081597,0.229762619717419,0.8983426281745223,0.25715489228051414,0.7066875924469895,0.059356941322027255
2021-07-21 04:10:00,0.16945606694560672,0.6733067729083664,0.30841399851079654,0.23227995000892698,0.8233369541034667,0.00044543429844097997,0.5,0.316766598081597,0.229762619717419,0.8983426281745223,0.25715489228051414,0.7066875924469895,0.0455361588484693
2021-07-21 04:20:00,0.14086471408647142,0.8007968127490039,0.30603127326880086,0.23013747545081253,0.8236117836437162,0.00033407572383073496,0.5,0.316766598081597,0.229762619717419,0.8983426281745223,0.25715489228051414,0.7066875924469895,0.029120207613500915
2021-07-21 04:30:00,0.1087866108786611,0.2669322709163344,0.30603127326880086,0.23335118728798432,0.8396958553087907,0.00033407572383073496,0.5,0.316766598081597,0.229762619717419,0.8983426281745223,0.25715489228051414,0.7066875924469895,0.008373945712690676
2021-07-21 04:40:00,0.0801952580195258,0.3784860557768923,0.30603127326880086,0.225495447241564,0.8397351166716833,0.18864142538975504,0.5,0.316766598081597,0.229762619717419,0.8983426281745223,0.25715489228051414,0.7066875924469895,0.0
2021-07-21 04:50:00,0.11715481171548117,-0.7529880478087649,0.3137751303052865,0.21656846991608636,0.8397351166716833,0.9993318485523385,0.5,0.316766598081597,0.229762619717419,0.8983426281745223,0.25715489228051414,0.7066875924469895,0.0
2021-07-21 05:00:00,0.11715481171548117,-0.8247011952191236,0.3301563663440057,0.24406356007855767,0.8397351166716833,0.9993318485523385,0.5,0.31469016814292994,0.2262167140316148,0.9036988763127323,0.19767508165981706,0.6957206075630864,0.0
2021-07-21 05:10:00,0.11366806136680613,-0.3705179282868527,0.3376023827252417,0.2597750401713981,0.8397351166716833,0.9993318485523385,0.5,0.31469016814292994,0.2262167140316148,0.9036988763127323,0.19767508165981706,0.6957206075630864,0.0
2021-07-21 05:20:00,0.12133891213389121,0.394422310756972,0.33670886075949347,0.26477414747366557,0.8397351166716833,0.9993318485523385,0.5,0.31469016814292994,0.2262167140316148,0.9036988763127323,0.19767508165981706,0.6957206075630864,0.0
2021-07-21 05:30:00,0.13737796373779637,0.7768924302788842,0.33581533879374503,0.26477414747366557,0.8397351166716833,0.9993318485523385,0.5,0.31469016814292994,0.2262167140316148,0.9036988763127323,0.19767508165981706,0.6957206075630864,0.0
2021-07-21 05:40:00,0.14435146443514643,0.36254980079681287,0.33581533879374503,0.26513122656668453,0.8397351166716833,0.9993318485523385,0.5,0.31469016814292994,0.2262167140316148,0.9036988763127323,0.19767508165981706,0.6957206075630864,0.0
2021-07-21 05:50:00,0.15620641562064158,0.3650398406374502,0.33581533879374503,0.26477414747366557,0.8397351166716833,0.9993318485523385,0.5,0.31469016814292994,0.2262167140316148,0.9036988763127323,0.19767508165981706,0.6957206075630864,0.0
2021-07-21 06:00:00,0.11854951185495119,0.36752988047808777,0.33581533879374503,0.26477414747366557,0.8397351166716833,0.9993318485523385,0.5,0.31248342768366455,0.24507840359533034,0.9154385669902583,0.18509006510045015,0.6881526942498836,0.0
2021-07-21 06:10:00,0.12273361227336123,0.3700199203187251,0.3349218168279968,0.26477414747366557,0.8397351166716833,0.9993318485523385,0.5,0.31248342768366455,0.24507840359533034,0.9154385669902583,0.18509006510045015,0.6881526942498836,0.0
2021-07-21 06:20:00,0.13319386331938632,0.37250996015936266,0.33283693224125077,0.26477414747366557,0.8397351166716833,0.9993318485523385,0.5,0.31248342768366455,0.24507840359533034,0.9154385669902583,0.18509006510045015,0.6881526942498836,0.0
2021-07-21 06:30:00,0.12761506276150628,0.375,0.33551749813849585,0.26477414747366557,0.8397351166716833,0.9993318485523385,0.5,0.31248342768366455,0.24507840359533034,0.9154385669902583,0.18509006510045015,0.6881526942498836,0.0
2021-07-21 06:40:00,0.12343096234309624,0.37749003984063756,0.33611317944899466,0.26477414747366557,0.8397351166716833,0.9993318485523385,0.5,0.31248342768366455,0.24507840359533034,0.9154385669902583,0.18509006510045015,0.6881526942498836,0.0
2021-07-21 06:50:00,0.11297071129707113,0.3799800796812749,0.3381980640357407,0.26477414747366557,0.8397351166716833,0.9993318485523385,0.5,0.31248342768366455,0.24507840359533034,0.9154385669902583,0.18509006510045015,0.6881526942498836,0.0
2021-07-21 07:00:00,0.10739191073919108,0.38247011952191245,0.3384959046909901,0.2658453847527229,0.8397351166716833,0.9993318485523385,0.5,0.3161477315062955,0.24988003114879676,0.9196264766078034,0.20024306067925302,0.644539747193389,0.0
2021-07-21 07:10:00,0.1199442119944212,0.3849601593625498,0.33968726731198795,0.27120157114800936,0.8397351166716833,0.9993318485523385,0.5,0.3161477315062955,0.24988003114879676,0.9196264766078034,0.20024306067925302,0.644539747193389,0.0
2021-07-21 07:20:00,0.10529986052998605,0.38745019920318735,0.341772151898734,0.2719157293340475,0.8397351166716833,0.9993318485523385,0.5,0.3161477315062955,0.24988003114879676,0.9196264766078034,0.20024306067925302,0.644539747193389,0.0
2021-07-21 07:30:00,0.11436541143654114,0.3899402390438247,0.3456440804169767,0.2719157293340475,0.8397351166716833,0.9993318485523385,0.5,0.3161477315062955,0.24988003114879676,0.9196264766078034,0.20024306067925302,0.644539747193389,0.0
2021-07-21 07:40:00,0.11576011157601115,0.39243027888446225,0.34772896500372297,0.27262988752008566,0.8397351166716833,0.9993318485523385,0.5,0.3161477315062955,0.24988003114879676,0.9196264766078034,0.20024306067925302,0.644539747193389,0.0
2021-07-21 07:50:00,0.10808926080892609,0.3949203187250996,0.35219657483246447,0.2737011247991432,0.8397351166716833,0.9993318485523385,0.5,0.3161477315062955,0.24988003114879676,0.9196264766078034,0.20024306067925302,0.644539747193389,0.0
2021-07-21 08:00:00,0.09762900976290097,0.39741035856573714,0.35487714072970933,0.27584359935725766,0.8397351166716833,0.9993318485523385,0.5,0.3101464434099799,0.25771608042366884,0.9208631679410851,0.21530433723258374,0.7280037963058393,0.0
2021-07-21 08:10:00,0.09483960948396096,0.3999003984063745,0.356664184661206,0.27798607391537233,0.8397351166716833,0.9993318485523385,0.5,0.3101464434099799,0.25771608042366884,0.9208631679410851,0.21530433723258374,0.7280037963058393,0.0
2021-07-21 08:20:00,0.09693165969316596,0.40239043824701204,0.3605361131794489,0.2844134975897161,0.8397351166716833,0.9993318485523385,0.5,0.3101464434099799,0.25771608042366884,0.9208631679410851,0.21530433723258374,0.7280037963058393,0.0
2021-07-21 08:30:00,0.09065550906555091,0.3067729083665336,0.3644080416976916,0.2865559721478308,0.8397351166716833,0.9993318485523385,0.5,0.3101464434099799,0.25771608042366884,0.9208631679410851,0.21530433723258374,0.7280037963058393,0.0
2021-07-21 08:40:00,0.09483960948396096,-0.6892430278884463,0.3679821295606849,0.2894126048919836,0.8397351166716833,0.9993318485523385,0.5,0.3101464434099799,0.25771608042366884,0.9208631679410851,0.21530433723258374,0.7280037963058393,0.0
2021-07-21 08:50:00,0.10460251046025104,0.5458167330677288,0.3718540580789278,0.29369755400821274,0.8397351166716833,0.9993318485523385,0.5,0.3101464434099799,0.25771608042366884,0.9208631679410851,0.21530433723258374,0.7280037963058393,0.0
2021-07-21 09:00:00,0.10739191073919108,0.7529880478087649,0.3772151898734175,0.29691126584538474,0.8397351166716833,0.9993318485523385,0.5,0.316563010823411,0.25360696767593593,0.8941567475829545,0.22367844247237714,0.8619083189018735,0.0
2021-07-21 09:10:00,0.14853556485355648,0.38645418326693215,0.3810871183916602,0.2976254240314231,0.8397351166716833,0.9993318485523385,0.5,0.316563010823411,0.25360696767593593,0.8941567475829545,0.22367844247237714,0.8619083189018735,0.0
2021-07-21 09:20:00,0.1317991631799163,0.7529880478087649,0.3876396128071482,0.3054811640778434,0.8397351166716833,0.9993318485523385,0.5,0.316563010823411,0.25360696767593593,0.8941567475829545,0.22367844247237714,0.8619083189018735,0.0
2021-07-21 09:30:00,0.1499302649930265,0.7317397078353254,0.39389426656738635,0.31297982503124455,0.8397351166716833,0.9993318485523385,0.5,0.316563010823411,0.25360696767593593,0.8941567475829545,0.22367844247237714,0.8619083189018735,0.0
2021-07-21 09:40:00,0.12133891213389121,0.7104913678618858,0.4001489203276245,0.31976432779860753,0.8397351166716833,0.9993318485523385,0.5,0.316563010823411,0.25360696767593593,0.8941567475829545,0.22367844247237714,0.8619083189018735,0.0
2021-07-21 09:50:00,0.1206415620641562,0.689243027888446,0.4081906180193595,0.324763435100875,0.8397351166716833,0.9993318485523385,0.5,0.316563010823411,0.25360696767593593,0.8941567475829545,0.22367844247237714,0.8619083189018735,0.0
2021-07-21 10:00:00,0.1394700139470014,0.21646746347941548,0.4156366344005955,0.3333333333333335,0.8397351166716833,0.9993318485523385,0.5,0.4777913450733984,0.2410526225047216,0.6765537298126183,0.2225592624229691,0.904536825298164,0.0
2021-07-21 10:10:00,0.14644351464435149,-0.25630810092961487,0.42546537602382717,0.3426173897518301,0.8397351166716833,0.9993318485523385,0.5,0.4777913450733984,0.2410526225047216,0.6765537298126183,0.2225592624229691,0.904536825298164,0.0
2021-07-21 10:20:00,0.14435146443514643,-0.7290836653386454,0.4388682055100521,0.35797179075165153,0.8397351166716833,0.9993318485523385,0.5,0.4777913450733984,0.2410526225047216,0.6765537298126183,0.2225592624229691,0.904536825298164,0.0
2021-07-21 10:30:00,0.12343096234309624,-0.7848605577689244,0.45197319434102745,0.37868237814675965,0.8397351166716833,0.9993318485523385,0.5,0.4777913450733984,0.2410526225047216,0.6765537298126183,0.2225592624229691,0.904536825298164,0.0
2021-07-21 10:40:00,0.10320781032078104,0.4820717131474104,0.4626954579300073,0.39582217461167657,0.8397351166716833,0.9993318485523385,0.5,0.4777913450733984,0.2410526225047216,0.6765537298126183,0.2225592624229691,0.904536825298164,0.0
2021-07-21 10:50:00,0.10808926080892609,-0.15537848605577698,0.474013402829486,0.4061774683092303,0.8397351166716833,0.9993318485523385,0.5,0.4777913450733984,0.2410526225047216,0.6765537298126183,0.2225592624229691,0.904536825298164,0.0
2021-07-21 11:00:00,0.06415620641562064,0.784860557768924,0.482055100521221,0.41189073379753616,0.8397351166716833,0.9993318485523385,0.5,0.48734286942632354,0.22612763536365763,0.6355405204730623,0.1604788354558815,0.9411937318432583,0.0
2021-07-21 11:10:00,0.11506276150627615,0.47808764940239046,0.4892032762472076,0.41867523656489913,0.8397351166716833,0.9993318485523385,0.5,0.48734286942632354,0.22612763536365763,0.6355405204730623,0.1604788354558815,0.9411937318432583,0.0
2021-07-21 11:20:00,0.0899581589958159,0.17131474103585642,0.496947133283693,0.4243885020532048,0.8397351166716833,0.9993318485523385,0.5,0.48734286942632354,0.22612763536365763,0.6355405204730623,0.1604788354558815,0.9411937318432583,0.0
2021-07-21 11:30:00,0.10669456066945607,-0.1354581673306774,0.5076693968726729,0.44117121942510273,0.8397351166716833,0.9993318485523385,0.5,0.48734286942632354,0.22612763536365763,0.6355405204730623,0.1604788354558815,0.9411937318432583,0.0
2021-07-21 11:40:00,0.07182705718270573,-0.4422310756972112,0.5231571109456439,0.4633101231922869,0.8397351166716833,0.9993318485523385,0.5,0.48734286942632354,0.22612763536365763,0.6355405204730623,0.1604788354558815,0.9411937318432583,0.0
2021-07-21 11:50:00,0.048117154811715475,-0.4422310756972112,0.53596425912137,0.4833065524013569,0.8397351166716833,0.9993318485523385,0.5,0.48734286942632354,0.22612763536365763,0.6355405204730623,0.1604788354558815,0.9411937318432583,0.0
2021-07-21 12:00:00,0.0808926080892608,-0.38929994308480365,0.5478778853313475,0.500803427959293,0.8397351166716833,0.9993318485523385,0.5,0.5047442101538142,0.22384894556718585,0.5960305657545815,0.05040866646321817,0.9665012912174846,0.0
2021-07-21 12:10:00,0.0697350069735007,-0.3363688104723961,0.5639612807148173,0.5197286198893054,0.8397351166716833,0.9993318485523385,0.5,0.5047442101538142,0.22384894556718585,0.5960305657545815,0.05040866646321817,0.9665012912174846,0.0
2021-07-21 12:20:00,0.10739191073919108,-0.28343767785998863,0.5767684288905432,0.5365113372612034,0.8397351166716833,0.9993318485523385,0.5,0.5047442101538142,0.22384894556718585,0.5960305657545815,0.05040866646321817,0.9665012912174846,0.0
2021-07-21 12:30:00,0.11087866108786612,-0.23050654524758107,0.583320923306031,0.5468666309587575,0.8397351166716833,0.9993318485523385,0.5,0.5047442101538142,0.22384894556718585,0.5960305657545815,0.05040866646321817,0.9665012912174846,0.0
2021-07-21 12:40:00,0.10390516039051603,-0.1775754126351735,0.5940431868950109,0.5579360828423494,0.8397351166716833,0.9993318485523385,0.5,0.5047442101538142,0.22384894556718585,0.5960305657545815,0.05040866646321817,0.9665012912174846,0.0
2021-07-21 12:50:00,0.1290097629009763,-0.12464428002276617,0.6035740878629932,0.5707909301910372,0.8397351166716833,0.9993318485523385,0.5,0.5047442101538142,0.22384894556718585,0.5960305657545815,0.05040866646321817,0.9665012912174846,0.0
2021-07-21 13:00:00,0.0599721059972106,-0.07171314741035861,0.6137006701414742,0.580074986609534,0.8397351166716833,0.9993318485523385,0.5,0.6295739176172019,0.2037890042441671,0.4339243251935152,0.06191759418964897,0.20421588845538113,0.0
2021-07-21 13:10:00,0.14295676429567641,-0.018782014797951052,0.6238272524199551,0.5907873594001072,0.8397351166716833,0.9993318485523385,0.5,0.6295739176172019,0.2037890042441671,0.4339243251935152,0.06191759418964897,0.20421588845538113,0.0
2021-07-21 13:20:00,0.15620641562064158,0.0341491178144564,0.6315711094564407,0.597214783074451,0.8397351166716833,0.9993318485523385,0.5,0.6295739176172019,0.2037890042441671,0.4339243251935152,0.06191759418964897,0.20421588845538113,0.0
2021-07-21 13:30:00,0.07391910739191074,0.08708025042686396,0.6390171258376767,0.5990001785395467,0.8397351166716833,0.9993318485523385,0.5,0.6295739176172019,0.2037890042441671,0.4339243251935152,0.06191759418964897,0.20421588845538113,0.0
2021-07-21 13:40:00,0.044630404463040445,0.1400113830392713,0.6428890543559194,0.6043563649348331,0.8397351166716833,0.9993318485523385,0.5,0.6295739176172019,0.2037890042441671,0.4339243251935152,0.06191759418964897,0.20421588845538113,0.0
2021-07-21 13:50:00,0.1792189679218968,0.19294251565167886,0.6509307520476544,0.610426709516158,0.8392508931960058,0.9993318485523385,0.5,0.6295739176172019,0.2037890042441671,0.4339243251935152,0.06191759418964897,0.20421588845538113,0.0
2021-07-21 14:00:00,0.2580195258019526,0.24587364826408642,0.6604616530156364,0.6064988394929476,0.7551923152425697,0.39420935412026725,0.5,0.6455746287050697,0.18449916237316888,0.4102065332861078,0.14420936303009704,0.27590489565517007,0.03603814294551655
2021-07-21 14:10:00,0.26778242677824265,0.298804780876494,0.6664184661206252,0.5654347437957508,0.7090733009645209,0.00022271714922048998,0.5,0.6455746287050697,0.18449916237316888,0.4102065332861078,0.14420936303009704,0.27590489565517007,0.09117039093501517
2021-07-21 14:20:00,0.17642956764295675,-0.20318725099601598,0.6741623231571108,0.5611497946795214,0.7309680543377262,0.00022271714922048998,0.5,0.6455746287050697,0.18449916237316888,0.4102065332861078,0.14420936303009704,0.27590489565517007,0.03154186218446822
2021-07-21 14:30:00,0.0885634588563459,-0.21912350597609564,0.6801191362620995,0.5840028566327442,0.724594626428132,0.6704899777282851,0.5,0.6455746287050697,0.18449916237316888,0.4102065332861078,0.14420936303009704,0.27590489565517007,0.0
2021-07-21 14:40:00,0.1094839609483961,-0.18193891102257653,0.6863737900223379,0.6018568112836993,0.724594626428132,0.9993318485523385,0.5,0.6455746287050697,0.18449916237316888,0.4102065332861078,0.14420936303009704,0.27590489565517007,0.0
2021-07-21 14:50:00,0.0885634588563459,-0.1447543160690572,0.689054355919583,0.6079271558650241,0.724594626428132,0.9993318485523385,0.5,0.6455746287050697,0.18449916237316888,0.4102065332861078,0.14420936303009704,0.27590489565517007,0.0
2021-07-21 15:00:00,0.14504881450488147,-0.10756972111553798,0.6917349218168278,0.6079271558650241,0.724594626428132,0.9993318485523385,0.5,0.6675277322600754,0.16089906237518312,0.38014232856347374,0.23741292579730114,0.2926537833605797,0.0
2021-07-21 15:10:00,0.2705718270571827,-0.07038512616201864,0.7048399106478034,0.6107837886091769,0.6341757076860662,0.9993318485523385,0.5,0.6675277322600754,0.16089906237518312,0.38014232856347374,0.23741292579730114,0.2926537833605797,0.0
2021-07-21 15:20:00,0.29288702928870297,-0.03320053120849942,0.7093075204765449,0.6414925906088198,0.3819083639790083,0.9948775055679288,0.5,0.6675277322600754,0.16089906237518312,0.38014232856347374,0.23741292579730114,0.2926537833605797,0.0
2021-07-21 15:30:00,0.3089260808926081,0.003984063745019917,0.7116902457185403,0.6504195679342974,0.27594194553140255,0.03028953229398664,0.5,0.6675277322600754,0.16089906237518312,0.38014232856347374,0.23741292579730114,0.2926537833605797,0.10033646664755497
2021-07-21 15:40:00,0.24616457461645744,0.4581673306772909,0.7167535368577809,0.6275665059810749,0.27310204028215834,0.00022271714922048998,0.5,0.6675277322600754,0.16089906237518312,0.38014232856347374,0.23741292579730114,0.2926537833605797,0.08343769331744044
2021-07-21 15:50:00,0.17294281729428174,0.09960159362549792,0.7227103499627696,0.6429209069808963,0.268992684299381,0.00022271714922048998,0.5,0.6675277322600754,0.16089906237518312,0.38014232856347374,0.23741292579730114,0.2926537833605797,0.021749626567285785
2021-07-21 16:00:00,0.15690376569037656,-0.3466135458167332,0.7268801191362619,0.6732726298875202,0.30478596013662956,0.6700445434298441,0.5,0.7528891613465709,0.1440373325823894,0.30987094507084284,0.3365119831995293,0.2867949247513057,0.002406566380493987
2021-07-21 16:10:00,0.19456066945606695,-0.4382470119521914,0.7239017125837675,0.670058918050348,0.28277342267474576,0.5683741648106905,0.5,0.7528891613465709,0.1440373325823894,0.30987094507084284,0.3365119831995293,0.2867949247513057,0.0
2021-07-21 16:20:00,0.24686192468619247,-0.5298804780876495,0.7304542069992552,0.6604177825388324,0.23912787425894177,0.1066815144766147,0.5,0.7528891613465709,0.1440373325823894,0.30987094507084284,0.3365119831995293,0.2867949247513057,0.027460506661436093
2021-07-21 16:30:00,0.23640167364016737,0.36254980079681287,0.7402829486224869,0.6654168898410999,0.23762285534805197,0.00033407572383073496,0.5,0.7528891613465709,0.1440373325823894,0.30987094507084284,0.3365119831995293,0.2867949247513057,0.06705946255865534
2021-07-21 16:40:00,0.23430962343096234,0.05179282868525892,0.7456440804169768,0.6857703981431889,0.2447422491526089,0.00033407572383073496,0.5,0.7528891613465709,0.1440373325823894,0.30987094507084284,0.3365119831995293,0.2867949247513057,0.062336858940507264
2021-07-21 16:50:00,0.15341701534170155,0.1394422310756971,0.7355174981384955,0.6857703981431889,0.2501864914737407,0.00022271714922048998,0.5,0.7528891613465709,0.1440373325823894,0.30987094507084284,0.3365119831995293,0.2867949247513057,0.03009339589902983
2021-07-21 17:00:00,0.15202231520223153,0.07569721115537842,0.7087118391660459,0.6532762006784503,0.25509416183533784,0.00022271714922048998,0.5,0.7617240945720181,0.12441416408290698,0.3058587998285981,0.4392566842674503,0.278938967764279,0.03550251218371381
2021-07-21 17:10:00,0.17503486750348674,-0.6653386454183268,0.7081161578555473,0.6439921442599537,0.244140241588253,0.043875278396436526,0.5,0.7617240945720181,0.12441416408290698,0.3058587998285981,0.4392566842674503,0.278938967764279,0.0031458877136864975
2021-07-21 17:20:00,0.2391910739191074,0.003984063745019917,0.7179448994787787,0.6311372969112659,0.23743963565455237,0.03363028953229399,0.5,0.7617240945720181,0.12441416408290698,0.3058587998285981,0.4392566842674503,0.278938967764279,0.0642304268449085
2021-07-21 17:30:00,0.2294281729428173,-0.3784860557768924,0.721518987341772,0.6300660596322085,0.2086872308960752,0.00022271714922048998,0.5,0.7617240945720181,0.12441416408290698,0.3058587998285981,0.4392566842674503,0.278938967764279,0.06698402160628876
2021-07-21 17:40:00,0.2545327754532775,0.027888446215139417,0.7253909158600147,0.6411355115158008,0.20067791286594863,0.00033407572383073496,0.5,0.7617240945720181,0.12441416408290698,0.3058587998285981,0.4392566842674503,0.278938967764279,0.07503357122380312
2021-07-21 17:50:00,0.198744769874477,0.4661354581673305,0.7286671630677586,0.6518478843063737,0.2146026095719203,0.000556792873051225,0.5,0.7617240945720181,0.12441416408290698,0.3058587998285981,0.4392566842674503,0.278938967764279,0.06193702189296437
2021-07-21 18:00:00,0.3368200836820084,0.003984063745019917,0.7316455696202531,0.6568469916086412,0.2428577037337556,0.00044543429844097997,0.5,0.7751679911734384,0.10640877913375262,0.2642269911941541,0.604522931542561,0.28066413431430887,0.18959820148769557
2021-07-21 18:10:00,0.3410041841004184,-0.17928286852589637,0.7316455696202531,0.6472058560971254,0.21919618903037522,0.00044543429844097997,0.5,0.7751679911734384,0.10640877913375262,0.2642269911941541,0.604522931542561,0.28066413431430887,0.18563000739321334
2021-07-21 18:20:00,0.38702928870292885,0.11553784860557759,0.7316455696202531,0.6511337261203356,0.21474656790252714,0.00044543429844097997,0.5,0.7751679911734384,0.10640877913375262,0.2642269911941541,0.604522931542561,0.28066413431430887,0.2438100698583219
2021-07-21 18:30:00,0.2789400278940028,0.09163346613545809,0.7247952345495157,0.6507766470273164,0.21448482548324196,0.00044543429844097997,0.5,0.7751679911734384,0.10640877913375262,0.2642269911941541,0.604522931542561,0.28066413431430887,0.12803838435656412
2021-07-21 18:40:00,0.33821478382147835,-0.21912350597609564,0.7212211466865226,0.6522049633993929,0.20409365143762026,0.00033407572383073496,0.5,0.7751679911734384,0.10640877913375262,0.2642269911941541,0.604522931542561,0.28066413431430887,0.18529806720280037
2021-07-21 18:50:00,0.3410041841004184,0.17131474103585642,0.7155621742367833,0.6507766470273164,0.20709060213843558,0.00044543429844097997,0.5,0.7751679911734384,0.10640877913375262,0.2642269911941541,0.604522931542561,0.28066413431430887,0.19682544472441418
2021-07-21 19:00:00,0.398884239888424,-0.20318725099601598,0.7081161578555473,0.6500624888412785,0.2135687270157438,0.00022271714922048998,0.5,0.7603805987746741,0.11931943897680396,0.28002346568542974,0.7516558890025102,0.3036305840691817,0.24737842690526127
2021-07-21 19:10:00,0.38772663877266383,-0.19521912350597614,0.7030528667163065,0.6489912515622211,0.21893444661109004,0.00033407572383073496,0.5,0.7603805987746741,0.11931943897680396,0.28002346568542974,0.7516558890025102,0.3036305840691817,0.24087541681126184
2021-07-21 19:20:00,0.399581589958159,0.17928286852589648,0.6973938942665674,0.6468487770041065,0.20777113242857706,0.00033407572383073496,0.5,0.7603805987746741,0.11931943897680396,0.28002346568542974,0.7516558890025102,0.3036305840691817,0.2664498996635334
2021-07-21 19:30:00,0.3723849372384937,-0.17928286852589637,0.6959046909903199,0.6461346188180683,0.21131774220989125,0.00033407572383073496,0.5,0.7603805987746741,0.11931943897680396,0.28002346568542974,0.7516558890025102,0.3036305840691817,0.21802435233942394
2021-07-21 19:40:00,0.32914923291492326,0.12350597609561742,0.6959046909903199,0.648634172469202,0.20067791286594863,0.00033407572383073496,0.5,0.7603805987746741,0.11931943897680396,0.28002346568542974,0.7516558890025102,0.3036305840691817,0.16666415196825443
2021-07-21 19:50:00,0.35495118549511856,0.13147410358565725,0.6988830975428144,0.648634172469202,0.20351781811519287,0.00044543429844097997,0.5,0.7603805987746741,0.11931943897680396,0.28002346568542974,0.7516558890025102,0.3036305840691817,0.20448270138962235
2021-07-21 20:00:00,0.4330543933054393,0.027888446215139417,0.6953090096798211,0.6493483306552401,0.2040020415908704,0.00033407572383073496,0.5,0.7360497868237286,0.12499173867192237,0.30033490341899755,0.8044404819880663,0.3147771325504995,0.31575056203509516
2021-07-21 20:10:00,0.41562064156206413,-0.02788844621513953,0.69054355919583,0.6468487770041065,0.20444700370365523,0.00033407572383073496,0.5,0.7360497868237286,0.12499173867192237,0.30033490341899755,0.8044404819880663,0.3147771325504995,0.2918357801348884
2021-07-21 20:20:00,0.43654114365411434,0.1633466135458166,0.689054355919583,0.6457775397250489,0.2021305832929814,0.00033407572383073496,0.5,0.7360497868237286,0.12499173867192237,0.30033490341899755,0.8044404819880663,0.3147771325504995,0.3123029105119423
2021-07-21 20:30:00,0.46513249651324967,-0.20318725099601598,0.683097542814594,0.6397071951437245,0.1996963787936292,0.0006681514476614699,0.5,0.7360497868237286,0.12499173867192237,0.30033490341899755,0.8044404819880663,0.3147771325504995,0.3787211249754817
2021-07-21 20:40:00,0.4874476987447699,0.15537848605577675,0.6786299329858525,0.6386359578646672,0.19206658727146617,0.000556792873051225,0.5,0.7360497868237286,0.12499173867192237,0.30033490341899755,0.8044404819880663,0.3147771325504995,0.4227107443004361
2021-07-21 20:50:00,0.4721059972105997,0.03585657370517925,0.6720774385703647,0.6361364042135333,0.20630537488058004,0.000556792873051225,0.5,0.7360497868237286,0.12499173867192237,0.30033490341899755,0.8044404819880663,0.3147771325504995,0.4108816029693559
2021-07-21 21:00:00,0.45258019525801957,0.06772908366533859,0.6649292628443781,0.6361364042135333,0.2066979885095078,0.000556792873051225,0.5,0.7098786848076342,0.12431933840411266,0.32008354007205836,0.7232998379978742,0.3213488392738388,0.36586598669221604
2021-07-21 21:10:00,0.39539748953974896,-0.019920318725099695,0.660163812360387,0.6375647205856096,0.20245776131708787,0.00033407572383073496,0.5,0.7098786848076342,0.12431933840411266,0.32008354007205836,0.7232998379978742,0.3213488392738388,0.2576610287128265
2021-07-21 21:20:00,0.39051603905160387,-0.06772908366533881,0.6559940431868949,0.6361364042135333,0.2037141249296567,0.00033407572383073496,0.5,0.7098786848076342,0.12431933840411266,0.32008354007205836,0.7232998379978742,0.3213488392738388,0.25889826033163843
2021-07-21 21:30:00,0.39609483960948394,-0.15537848605577698,0.652717795979151,0.634708087841457,0.19542997735928075,0.00022271714922048998,0.5,0.7098786848076342,0.12431933840411266,0.32008354007205836,0.7232998379978742,0.3213488392738388,0.24169017909682092
2021-07-21 21:40:00,0.39121338912133896,-0.0916334661354582,0.6473566641846609,0.628280664167113,0.1888209812723299,0.00022271714922048998,0.5,0.7098786848076342,0.12431933840411266,0.32008354007205836,0.7232998379978742,0.3213488392738388,0.23392730509829956
2021-07-21 21:50:00,0.32496513249651326,0.05976095617529875,0.643186895011169,0.6175682913765399,0.18421431469291072,0.00022271714922048998,0.5,0.7098786848076342,0.12431933840411266,0.32008354007205836,0.7232998379978742,0.3213488392738388,0.1581770448270139
2021-07-21 22:00:00,0.4330543933054393,-0.059760956175298974,0.638719285182427,0.6100696304231386,0.18679247752286976,0.00022271714922048998,0.5,0.6226851038098233,0.12482507535767819,0.3868556146382558,0.6038451419575788,0.312813678623949,0.2889463916592483
2021-07-21 22:10:00,0.4351464435146444,-0.043824701195219196,0.635740878629933,0.6064988394929476,0.18421431469291072,0.00033407572383073496,0.5,0.6226851038098233,0.12482507535767819,0.3868556146382558,0.6038451419575788,0.312813678623949,0.2968827798482128
2021-07-21 22:20:00,0.4476987447698745,-0.003984063745020028,0.6306775874906922,0.600428494911623,0.18421431469291072,0.00033407572383073496,0.5,0.6226851038098233,0.12482507535767819,0.3868556146382558,0.6038451419575788,0.312813678623949,0.31624847232071457
2021-07-21 22:30:00,0.500697350069735,0.08366533864541825,0.6303797468354431,0.5947152294233171,0.18421431469291072,0.0017817371937639199,0.5,0.6226851038098233,0.12482507535767819,0.3868556146382558,0.6038451419575788,0.312813678623949,0.41167373296920506
2021-07-21 22:40:00,0.44072524407252445,-0.17928286852589637,0.6303797468354431,0.5922156757721835,0.1792542958474565,0.004788418708240535,0.5,0.6226851038098233,0.12482507535767819,0.3868556146382558,0.6038451419575788,0.312813678623949,0.3316233384130241
2021-07-21 22:50:00,0.40446304044630405,-0.17928286852589637,0.627699180938198,0.5986430994465273,0.1696352619387261,0.005567928730512249,0.5,0.6226851038098233,0.12482507535767819,0.3868556146382558,0.6038451419575788,0.312813678623949,0.2696335078534032
2021-07-21 23:00:00,0.44002789400278935,-0.08366533864541836,0.6279970215934472,0.600428494911623,0.1673711900119093,0.007795100222717149,0.5,0.5822151654496679,0.12860373498234343,0.42045260721595196,0.5591935990737025,0.2915826775128451,0.32954116812770645
2021-07-21 23:10:00,0.4546722454672245,-0.2509960159362551,0.6274013402829486,0.600428494911623,0.1726714740024342,0.006792873051224944,0.5,0.5822151654496679,0.12860373498234343,0.42045260721595196,0.5591935990737025,0.2915826775128451,0.34999321031428704
2021-07-21 23:20:00,0.5097629009762901,-0.2749003984063746,0.629784065524944,0.600428494911623,0.160081663634817,0.007238307349665925,0.5,0.5822151654496679,0.12860373498234343,0.42045260721595196,0.5591935990737025,0.2915826775128451,0.45880924000784584
2021-07-21 23:30:00,0.5132496513249651,0.09960159362549792,0.6336559940431867,0.6022138903767185,0.15027941003258694,0.008574610244988864,0.5,0.5822151654496679,0.12860373498234343,0.42045260721595196,0.5591935990737025,0.2915826775128451,0.46455029648294277
2021-07-21 23:40:00,0.5460251046025105,0.2350597609561753,0.6336559940431867,0.600428494911623,0.15027941003258694,0.00155902004454343,0.5,0.5822151654496679,0.12860373498234343,0.42045260721595196,0.5591935990737025,0.2915826775128451,0.5450156162771399
2021-07-21 23:50:00,0.6352859135285913,-0.06772908366533881,0.635740878629933,0.600428494911623,0.15027941003258694,0.00155902004454343,0.5,0.5822151654496679,0.12860373498234343,0.42045260721595196,0.5591935990737025,0.2915826775128451,0.7622780149976613
2021-07-22 00:00:00,0.653068340306834,0.019920318725099362,0.6360387192851822,0.6039992858418142,0.14741987410189633,0.0020601336302895324,0.5,0.5755055244389757,0.1191154200921245,0.42916625927629465,0.5166456810854279,0.26601940430406074,0.7985424808002777
2021-07-22 00:10:00,0.6708507670850766,0.10756972111553775,0.6363365599404316,0.6075700767720049,0.14456033817120573,0.002561247216035635,0.5,0.5755055244389757,0.1191154200921245,0.42916625927629465,0.5166456810854279,0.26601940430406074,0.8348069466028939
2021-07-22 00:20:00,0.5711297071129707,-0.059760956175298974,0.6339538346984361,0.6186395286555972,0.15027941003258694,0.0023385300668151447,0.5,0.5755055244389757,0.1191154200921245,0.42916625927629465,0.5166456810854279,0.26601940430406074,0.6065905215987446
2021-07-22 00:30:00,0.5446304044630405,-0.2589641434262948,0.6294862248696946,0.6325656132833424,0.15027941003258694,0.004788418708240535,0.5,0.5755055244389757,0.1191154200921245,0.42916625927629465,0.5166456810854279,0.26601940430406074,0.5488631048478356
2021-07-22 00:40:00,0.5781032078103208,-0.2589641434262948,0.6274013402829486,0.6393501160507051,0.15027941003258694,0.0033407572383073497,0.5,0.5755055244389757,0.1191154200921245,0.42916625927629465,0.5166456810854279,0.26601940430406074,0.6124900040738115
2021-07-22 00:50:00,0.5732217573221757,-0.38645418326693237,0.6250186150409529,0.6407784324227817,0.14983444791980213,0.005345211581291759,0.5,0.5755055244389757,0.1191154200921245,0.42916625927629465,0.5166456810854279,0.26601940430406074,0.5751844531285363
2021-07-22 01:00:00,0.5934449093444909,-0.02788844621513953,0.6211466865227102,0.6393501160507051,0.14695528130766514,0.0036748329621380848,0.5,0.5276336683428815,0.1175407391230647,0.5174216608921856,0.5337450185745057,0.2499813718154838,0.634443321212487
2021-07-22 01:10:00,0.6248256624825663,-0.02788844621513953,0.6187639612807148,0.6361364042135333,0.14182512988967558,0.02149220489977728,0.5,0.5276336683428815,0.1175407391230647,0.5174216608921856,0.5337450185745057,0.2499813718154838,0.6712585059673793
2021-07-22 01:20:00,0.7210599721059973,0.20318725099601576,0.6187639612807148,0.628280664167113,0.13893287615657432,0.10657015590200446,0.5,0.5276336683428815,0.1175407391230647,0.5174216608921856,0.5337450185745057,0.2499813718154838,0.45840185886506635
2021-07-22 01:30:00,0.690376569037657,0.019920318725099362,0.6193596425912136,0.6182824495625783,0.13891978903561006,0.10445434298440981,0.5,0.5276336683428815,0.1175407391230647,0.5174216608921856,0.5337450185745057,0.2499813718154838,0.4203569865865987
2021-07-22 01:40:00,0.6234309623430963,-0.0916334661354582,0.6139985107967236,0.6168541331905018,0.13891978903561006,0.0601336302895323,0.5,0.5276336683428815,0.1175407391230647,0.5174216608921856,0.5337450185745057,0.2499813718154838,0.5042850460944219
2021-07-22 01:50:00,0.612970711297071,-0.059760956175298974,0.6089352196574831,0.615068737725406,0.13891978903561006,0.00022271714922048998,0.5,0.5276336683428815,0.1175407391230647,0.5174216608921856,0.5337450185745057,0.2499813718154838,0.6777690601566154
2021-07-22 02:00:00,0.5195258019525802,-0.33067729083665354,0.6047654504839908,0.6189966077486162,0.13761107693918415,0.00022271714922048998,0.5,0.5215754131697341,0.11543445965167426,0.5305366507400809,0.5475155566528632,0.23962242232251013,0.4776770221947282
2021-07-22 02:10:00,0.42398884239888424,0.12350597609561742,0.598808637379002,0.6275665059810749,0.12770412636924006,0.00044543429844097997,0.5,0.5215754131697341,0.11543445965167426,0.5305366507400809,0.5475155566528632,0.23962242232251013,0.2999532266095327
2021-07-22 02:20:00,0.397489539748954,0.027888446215139417,0.5949367088607593,0.6257811105159794,0.12770412636924006,0.00033407572383073496,0.5,0.5215754131697341,0.11543445965167426,0.5305366507400809,0.5475155566528632,0.23962242232251013,0.2570725892843671
2021-07-22 02:30:00,0.3856345885634589,-0.2828685258964144,0.5898734177215188,0.6257811105159794,0.12664406957113505,0.00033407572383073496,0.5,0.5215754131697341,0.11543445965167426,0.5305366507400809,0.5475155566528632,0.23962242232251013,0.24298776347752613
2021-07-22 02:40:00,0.44072524407252445,-0.10756972111553798,0.5880863737900222,0.6207820032137119,0.11643611521901297,0.000556792873051225,0.5,0.5215754131697341,0.11543445965167426,0.5305366507400809,0.5475155566528632,0.23962242232251013,0.329971181556196
2021-07-22 02:50:00,0.602510460251046,-0.0916334661354582,0.5868950111690245,0.6057846813069094,0.11643611521901297,0.002561247216035635,0.5,0.5215754131697341,0.11543445965167426,0.5305366507400809,0.5475155566528632,0.23962242232251013,0.6619113719691597
2021-07-22 03:00:00,0.5655509065550907,-0.12350597609561753,0.5862993298585255,0.5965006248884128,0.11643611521901297,0.00623608017817372,0.5,0.5119668550337984,0.10947480941475222,0.5501811729976717,0.5406207992827596,0.22851687467294876,0.5880848559832219
2021-07-22 03:10:00,0.7119944211994422,0.12350597609561742,0.5862993298585255,0.5865024102838778,0.12053238408082607,0.05979955456570156,0.5,0.5119668550337984,0.10947480941475222,0.5501811729976717,0.5406207992827596,0.22851687467294876,0.7025966775804579
2021-07-22 03:20:00,0.8465829846582985,-0.20318725099601598,0.5857036485480267,0.5765041956793431,0.11990420227454163,0.11837416481069044,0.5,0.5119668550337984,0.10947480941475222,0.5501811729976717,0.5406207992827596,0.22851687467294876,0.5714727582721004
2021-07-22 03:30:00,0.8549511854951185,-0.003984063745020028,0.5857036485480267,0.5604356364934833,0.11634450537226317,0.1081291759465479,0.5,0.5119668550337984,0.10947480941475222,0.5501811729976717,0.5406207992827596,0.22851687467294876,0.7171341491014983
2021-07-22 03:40:00,0.8912133891213389,0.2589641434262948,0.5857036485480267,0.5411533654704517,0.11634450537226317,0.08273942093541202,0.5,0.5119668550337984,0.10947480941475222,0.5501811729976717,0.5406207992827596,0.22851687467294876,0.748116669432835
2021-07-22 03:50:00,0.8821478382147838,0.33864541832669315,0.5868950111690245,0.5307980717728977,0.11634450537226317,0.06158129175946549,0.5,0.5119668550337984,0.10947480941475222,0.5501811729976717,0.5406207992827596,0.22851687467294876,0.779099235028743
2021-07-22 04:00:00,0.9783821478382148,0.4183266932270917,0.5895755770662694,0.5290126763078022,0.11633141825129892,0.09432071269487752,0.5,0.46784078435793464,0.11038571063225597,0.6170144987855646,0.5198142411656931,0.211806591709943,0.810081702551413
2021-07-22 04:10:00,0.9184100418410042,0.6015936254980081,0.5925539836187639,0.5318693090519551,0.11630524400937038,0.07305122494432072,0.5,0.46784078435793464,0.11038571063225597,0.6170144987855646,0.5198142411656931,0.211806591709943,0.8410642455150353
2021-07-22 04:20:00,0.8403068340306835,0.6095617529880477,0.5889798957557706,0.5386538118193178,0.11630524400937038,0.03986636971046771,0.5,0.46784078435793464,0.11038571063225597,0.6170144987855646,0.5198142411656931,0.211806591709943,0.8720467884786578
2021-07-22 04:30:00,0.7852161785216178,-0.12350597609561753,0.5824274013402826,0.5615068737725406,0.12364711887031973,0.015367483296213808,0.5,0.46784078435793464,0.11038571063225597,0.6170144987855646,0.5198142411656931,0.211806591709943,0.9030291805603754
2021-07-22 04:40:00,0.710599721059972,-0.21912350597609564,0.5761727475800447,0.5929298339582219,0.12024446741961237,0.0032293986636971047,0.5,0.46784078435793464,0.11038571063225597,0.6170144987855646,0.5198142411656931,0.211806591709943,0.9340117989649501
2021-07-22 04:50:00,0.704323570432357,-0.2509960159362551,0.5711094564408041,0.6086413140510623,0.12024446741961237,0.001893095768374165,0.5,0.46784078435793464,0.11038571063225597,0.6170144987855646,0.5198142411656931,0.211806591709943,0.9171658343014922
2021-07-22 05:00:00,0.696652719665272,-0.21912350597609564,0.5672375279225612,0.6200678450276735,0.12024446741961237,0.0021158129175946547,0.5,0.4716109175334857,0.1065265928558914,0.6164002111708787,0.5054475791462262,0.19710786563301436,0.9304358978227741
2021-07-22 05:10:00,0.7350069735006973,-0.02788844621513953,0.5687267311988085,0.6218532404927692,0.12024446741961237,0.004788418708240535,0.5,0.4716109175334857,0.1065265928558914,0.6164002111708787,0.5054475791462262,0.19710786563301436,0.9414653650587685
2021-07-22 05:20:00,0.7126917712691772,0.07569721115537842,0.5705137751303051,0.6182824495625783,0.12024446741961237,0.0033407572383073497,0.5,0.4716109175334857,0.1065265928558914,0.6164002111708787,0.5054475791462262,0.19710786563301436,0.9524948322947628
2021-07-22 05:30:00,0.6324965132496514,0.31474103585657365,0.5648548026805658,0.625066952329941,0.12028372878250515,0.0010022271714922048,0.5,0.4716109175334857,0.1065265928558914,0.6164002111708787,0.5054475791462262,0.19710786563301436,0.7550960363323627
2021-07-22 05:40:00,0.6352859135285913,-0.33067729083665354,0.5603871928518243,0.634708087841457,0.12835848241745298,0.000779510022271715,0.5,0.4716109175334857,0.1065265928558914,0.6164002111708787,0.5054475791462262,0.19710786563301436,0.7392911568115637
2021-07-22 05:50:00,0.6861924686192469,0.14741035856573692,0.5615785554728219,0.6343510087484376,0.11953776288754238,0.00033407572383073496,0.5,0.4716109175334857,0.1065265928558914,0.6164002111708787,0.5054475791462262,0.19710786563301436,0.8795509754515142
2021-07-22 06:00:00,0.7133891213389122,-0.17131474103585675,0.5612807148175725,0.6257811105159794,0.12865948619963094,0.004788418708240535,0.5,0.48590975387754676,0.12479346679808008,0.6173191063104357,0.5291831701024678,0.1765042556354458,0.9312657482988066
2021-07-22 06:10:00,0.6436541143654114,-0.15537848605577698,0.5553239017125835,0.6268523477950365,0.12952323618327205,0.000556792873051225,0.5,0.48590975387754676,0.12479346679808008,0.6173191063104357,0.5291831701024678,0.1765042556354458,0.7916848982301553
2021-07-22 06:20:00,0.6387726638772664,-0.2509960159362551,0.5526433358153384,0.6332797714693803,0.12831922105456023,0.0016703786191536749,0.5,0.48590975387754676,0.12479346679808008,0.6173191063104357,0.5291831701024678,0.1765042556354458,0.7743259350906047
2021-07-22 06:30:00,0.7552301255230126,0.15537848605577675,0.5547282204020847,0.6275665059810749,0.1196293727342922,0.00757238307349666,0.5,0.48590975387754676,0.12479346679808008,0.6173191063104357,0.5291831701024678,0.1765042556354458,0.8638327775849843
2021-07-22 06:40:00,0.7029288702928871,0.2350597609561753,0.5559195830230825,0.6118550258882343,0.12228605829003678,0.0017817371937639199,0.5,0.48590975387754676,0.12479346679808008,0.6173191063104357,0.5291831701024678,0.1765042556354458,0.9533397709612687
2021-07-22 06:50:00,0.6924686192468619,-0.12350597609561753,0.550856291883842,0.6172112122835207,0.12660480820824227,0.0027839643652561247,0.5,0.48590975387754676,0.12479346679808008,0.6173191063104357,0.5291831701024678,0.1765042556354458,0.9289421669659157
2021-07-22 07:00:00,0.6994421199442119,0.1394422310756971,0.5526433358153384,0.6147116586323871,0.12504744081349545,0.0024498886414253897,0.5,0.4890284678624637,0.12285097713551732,0.6040628455288575,0.5591674711305173,0.17413827842657253,0.9210057787769512
2021-07-22 07:10:00,0.7210599721059973,-0.3067729083665339,0.5481757259865969,0.6222103195857882,0.12701050895813432,0.0021158129175946547,0.5,0.4890284678624637,0.12285097713551732,0.6040628455288575,0.5591674711305173,0.17413827842657253,0.9810944973369344
2021-07-22 07:20:00,0.7203626220362622,0.2589641434262948,0.5523454951600892,0.6189966077486162,0.11957702425043515,0.004120267260579065,0.5,0.4890284678624637,0.12285097713551732,0.6040628455288575,0.5591674711305173,0.17413827842657253,0.9650557508637989
2021-07-22 07:30:00,0.7419804741980475,0.298804780876494,0.5541325390915859,0.6114979467952151,0.12028372878250515,0.00824053452115813,0.5,0.4890284678624637,0.12285097713551732,0.6040628455288575,0.5591674711305173,0.17413827842657253,0.8996937097333917
2021-07-22 07:40:00,0.6596931659693167,-0.2589641434262948,0.5526433358153384,0.615068737725406,0.129470887699415,0.00155902004454343,0.5,0.4890284678624637,0.12285097713551732,0.6040628455288575,0.5591674711305173,0.17413827842657253,0.8343316686029845
2021-07-22 07:50:00,0.596931659693166,-0.2270916334661356,0.5469843633655993,0.6307802178182469,0.129470887699415,0.00155902004454343,0.5,0.4890284678624637,0.12285097713551732,0.6040628455288575,0.5591674711305173,0.17413827842657253,0.6954750516770524
2021-07-22 08:00:00,0.6157601115760112,-0.3784860557768924,0.5469843633655993,0.6404213533297625,0.129470887699415,0.00155902004454343,0.5,0.49701659949910315,0.13139390874321372,0.6090843043807813,0.5548167346312541,0.20956287452263506,0.6681503387298762
2021-07-22 08:10:00,0.6199442119944213,-0.0916334661354582,0.5493670886075948,0.6464916979110873,0.12270484616089307,0.0016703786191536749,0.5,0.49701659949910315,0.13139390874321372,0.6090843043807813,0.5548167346312541,0.20956287452263506,0.7068666354844064
2021-07-22 08:20:00,0.5857740585774059,0.15537848605577675,0.5591958302308264,0.6386359578646672,0.12347698629778436,0.0021158129175946547,0.5,0.49701659949910315,0.13139390874321372,0.6090843043807813,0.5548167346312541,0.20956287452263506,0.6520135190186641
2021-07-22 08:30:00,0.5941422594142259,-0.14741035856573714,0.5627699180938197,0.6436350651669345,0.12532227035374488,0.0017817371937639199,0.5,0.49701659949910315,0.13139390874321372,0.6090843043807813,0.5548167346312541,0.20956287452263506,0.6593086591125127
2021-07-22 08:40:00,0.6234309623430963,0.07569721115537842,0.5708116157855547,0.6464916979110873,0.129470887699415,0.00868596881959911,0.5,0.49701659949910315,0.13139390874321372,0.6090843043807813,0.5548167346312541,0.20956287452263506,0.7248064939571798
2021-07-22 08:50:00,0.702231520223152,0.003984063745019917,0.5797468354430377,0.6411355115158008,0.1349805656253681,0.031291759465478845,0.5,0.49701659949910315,0.13139390874321372,0.6090843043807813,0.5548167346312541,0.20956287452263506,0.8390995367925524
2021-07-22 09:00:00,0.701534170153417,0.17928286852589648,0.5874906924795233,0.6389930369576862,0.1381738231406473,0.06035634743875278,0.5,0.5106721548063633,0.12722445238170524,0.620937240070676,0.6875763398717512,0.23033472733873492,0.6917180922491966
2021-07-22 09:10:00,0.7789400278940027,-0.08366533864541836,0.5934475055845121,0.6397071951437245,0.14060802763999947,0.07060133630289532,0.5,0.5106721548063633,0.12722445238170524,0.620937240070676,0.6875763398717512,0.23033472733873492,0.7998098888000362
2021-07-22 09:20:00,0.7391910739191073,0.1394422310756971,0.5982129560685032,0.6368505623995715,0.14060802763999947,0.05033407572383073,0.5,0.5106721548063633,0.12722445238170524,0.620937240070676,0.6875763398717512,0.23033472733873492,0.8082215549889101
2021-07-22 09:30:00,0.7085076708507672,-0.003984063745020028,0.6065524944154874,0.645063381539011,0.13376346337569198,0.0658129175946548,0.5,0.5106721548063633,0.12722445238170524,0.620937240070676,0.6875763398717512,0.23033472733873492,0.6616775050168234
2021-07-22 09:40:00,0.7824267782426779,0.01195219123505975,0.6113179448994788,0.6497054097482591,0.12826687257070318,0.07416481069042316,0.5,0.5106721548063633,0.12722445238170524,0.620937240070676,0.6875763398717512,0.23033472733873492,0.7767098691853885
2021-07-22 09:50:00,0.7859135285913529,0.003984063745019917,0.6160833953834697,0.6407784324227817,0.13087120964259072,0.0678173719376392,0.5,0.5106721548063633,0.12722445238170524,0.620937240070676,0.6875763398717512,0.23033472733873492,0.8153733572732622
2021-07-22 10:00:00,0.7859135285913529,-0.019920318725099695,0.6268056589724496,0.6457775397250489,0.14370967530852888,0.09721603563474389,0.5,0.6858491513139617,0.12328487645363298,0.44022445085363027,0.8357985342157696,0.25391201093239396,0.6212109781673885
2021-07-22 10:10:00,0.8668061366806137,0.027888446215139417,0.636634400595681,0.6493483306552401,0.1581578568530709,0.12071269487750556,0.5,0.6858491513139617,0.12328487645363298,0.44022445085363027,0.8357985342157696,0.25391201093239396,0.5816572868415891
2021-07-22 10:20:00,0.9400278940027894,-0.03585657370517936,0.6396128071481755,0.6414925906088198,0.16179607648113492,0.1301781737193764,0.5,0.6858491513139617,0.12328487645363298,0.44022445085363027,0.8357985342157696,0.25391201093239396,0.6445524088296091
2021-07-22 10:30:00,0.9198047419804741,0.15537848605577675,0.643186895011169,0.6379217996786288,0.15491225085393465,0.12338530066815145,0.5,0.6858491513139617,0.12328487645363298,0.44022445085363027,0.8357985342157696,0.25391201093239396,0.6792477028230005
2021-07-22 10:40:00,0.9602510460251046,-0.21912350597609564,0.6464631422189129,0.6314943760042848,0.16806480742301502,0.12327394209354121,0.5,0.6858491513139617,0.12328487645363298,0.44022445085363027,0.8357985342157696,0.25391201093239396,0.6819183125367775
2021-07-22 10:50:00,0.9211994421199443,-0.06772908366533881,0.6512285927029038,0.6289948223531512,0.15821020533692795,0.12182628062360802,0.5,0.6858491513139617,0.12328487645363298,0.44022445085363027,0.8357985342157696,0.25391201093239396,0.6694856435867647
2021-07-22 11:00:00,0.9274755927475593,-0.13147410358565736,0.6545048399106477,0.635065166934476,0.14890526233133972,0.09832962138084633,0.5,0.6504847704790471,0.1184602608568221,0.4787138055054323,0.9143123706307101,0.2624531925105096,0.8872233203071955
2021-07-22 11:10:00,0.8221757322175731,-0.2509960159362551,0.6610573343261352,0.641849669701839,0.15226865241915433,0.050890868596881966,0.5,0.6504847704790471,0.1184602608568221,0.4787138055054323,0.9143123706307101,0.2624531925105096,0.9469876427720023
2021-07-22 11:20:00,0.8884239888423989,-0.2270916334661356,0.6640357408786297,0.6497054097482591,0.1563649212809674,0.06280623608017817,0.5,0.6504847704790471,0.1184602608568221,0.4787138055054323,0.9143123706307101,0.2624531925105096,0.9536830272945366
2021-07-22 11:30:00,0.8800557880055787,-0.13147410358565736,0.6685033507073712,0.6586323870737367,0.1658007354961982,0.06280623608017817,0.5,0.6504847704790471,0.1184602608568221,0.4787138055054323,0.9143123706307101,0.2624531925105096,0.9603784118170708
2021-07-22 11:40:00,0.8500697350069735,0.1633466135458166,0.6774385703648547,0.6693447598643101,0.15964978864299645,0.057683741648106905,0.5,0.6504847704790471,0.1184602608568221,0.4787138055054323,0.9143123706307101,0.2624531925105096,0.9227522368242377
2021-07-22 11:50:00,0.8417015341701535,0.17131474103585642,0.6872673119880861,0.6857703981431889,0.16777689076180133,0.07015590200445435,0.5,0.6504847704790471,0.1184602608568221,0.4787138055054323,0.9143123706307101,0.2624531925105096,0.8851260618314045
2021-07-22 12:00:00,0.8647140864714087,-0.11553784860557781,0.692628443782576,0.6982681663988572,0.1737969664053605,0.0566815144766147,0.5,0.6227991046696659,0.12144870649153468,0.5128625663348829,0.9205627351708926,0.26293934939798586,0.8994271768486806
2021-07-22 12:10:00,0.8688981868898188,0.3784860557768923,0.6959046909903199,0.7007677200499909,0.17026344374501057,0.06726057906458797,0.5,0.6227991046696659,0.12144870649153468,0.5128625663348829,0.9205627351708926,0.26293934939798586,0.9137282164250041
2021-07-22 12:20:00,0.804741980474198,0.06772908366533859,0.6953090096798211,0.7104088555615069,0.18081166324220335,0.04510022271714922,0.5,0.6227991046696659,0.12144870649153468,0.5128625663348829,0.9205627351708926,0.26293934939798586,0.9280293314422803
2021-07-22 12:30:00,0.7426778242677825,-0.24302788844621515,0.6967982129560684,0.728262810212462,0.16585308398005524,0.05812917594654788,0.5,0.6227991046696659,0.12144870649153468,0.5128625663348829,0.9205627351708926,0.26293934939798586,0.6921481056776861
2021-07-22 12:40:00,0.6882845188284519,-0.2589641434262948,0.7021593447505583,0.7461167648634173,0.16527725065762783,0.04164810690423163,0.5,0.6227991046696659,0.12144870649153468,0.5128625663348829,0.9205627351708926,0.26293934939798586,0.6981532054860661
2021-07-22 12:50:00,0.8179916317991632,0.17928286852589648,0.7072226358897988,0.7504017139796464,0.17309026187329052,0.044543429844097995,0.5,0.6227991046696659,0.12144870649153468,0.5128625663348829,0.9205627351708926,0.26293934939798586,0.8902032379256756
2021-07-22 13:00:00,0.7580195258019525,0.03585657370517925,0.7176470588235293,0.744688448491341,0.16805172030205073,0.04643652561247216,0.5,0.7377923523367007,0.10890585534199049,0.4262850423882549,0.9335967816798035,0.2627386708709966,0.8251052401285515
2021-07-22 13:10:00,0.7252440725244073,-0.17928286852589637,0.7241995532390171,0.7568291376539902,0.16773762939890854,0.05757238307349666,0.5,0.7377923523367007,0.10890585534199049,0.4262850423882549,0.9335967816798035,0.2627386708709966,0.6194079394058271
2021-07-22 13:20:00,0.793584379358438,0.09960159362549792,0.729560685033507,0.7561149794679523,0.17778853829945954,0.07494432071269488,0.5,0.7377923523367007,0.10890585534199049,0.4262850423882549,0.9335967816798035,0.2627386708709966,0.7487514522383331
2021-07-22 13:30:00,0.8117154811715481,-0.17928286852589637,0.7355174981384955,0.7611140867702197,0.18401800787844683,0.08184855233853007,0.5,0.7377923523367007,0.10890585534199049,0.4262850423882549,0.9335967816798035,0.2627386708709966,0.715881829292213
2021-07-22 13:40:00,0.810320781032078,0.09163346613545809,0.736411020104244,0.7596857703981432,0.17252751567182736,0.07683741648106905,0.5,0.7377923523367007,0.10890585534199049,0.4262850423882549,0.9335967816798035,0.2627386708709966,0.753723010999291
2021-07-22 13:50:00,0.7384937238493724,-0.06772908366533881,0.7381980640357406,0.7636136404213534,0.16534268626244913,0.06102449888641426,0.5,0.7377923523367007,0.10890585534199049,0.4262850423882549,0.9335967816798035,0.2627386708709966,0.6651025242542662
2021-07-22 14:00:00,0.7210599721059973,-0.003984063745020028,0.744452717795979,0.7718264595607927,0.1627252620695973,0.060801781737193764,0.5,0.7117026652120271,0.09032576930923722,0.45175210831650825,0.9573736620189266,0.2636837643150927,0.6382983538784194
2021-07-22 14:10:00,0.7092050209205021,0.09163346613545809,0.7474311243484735,0.779325120514194,0.15338105770111632,0.03697104677060133,0.5,0.7117026652120271,0.09032576930923722,0.45175210831650825,0.9573736620189266,0.2636837643150927,0.7537380991897642
2021-07-22 14:20:00,0.6596931659693167,0.019920318725099362,0.7521965748324644,0.7893233351187288,0.1515095994032273,0.005456570155902005,0.5,0.7117026652120271,0.09032576930923722,0.45175210831650825,0.9573736620189266,0.2636837643150927,0.7281258958613094
2021-07-22 14:30:00,0.7308228730822873,-0.07569721115537853,0.7530900967982128,0.7936082842349581,0.1497166638311238,0.006570155902004454,0.5,0.7117026652120271,0.09032576930923722,0.45175210831650825,0.9573736620189266,0.2636837643150927,0.8743681820239299
2021-07-22 14:40:00,0.8291492329149234,-0.08366533864541836,0.7569620253164555,0.7878950187466525,0.15076363350826452,0.02917594654788419,0.5,0.7117026652120271,0.09032576930923722,0.45175210831650825,0.9573736620189266,0.2636837643150927,0.9018236341415574
2021-07-22 14:50:00,0.797768479776848,0.1633466135458166,0.7655994043186893,0.789680414211748,0.15017471306487284,0.021714922048997772,0.5,0.7117026652120271,0.09032576930923722,0.45175210831650825,0.9573736620189266,0.2636837643150927,0.9292790862591849
2021-07-22 15:00:00,0.7552301255230126,-0.03585657370517936,0.7679821295606848,0.7996786288162827,0.14797607674287735,0.015478841870824054,0.5,0.7309441959453982,0.07068248627182684,0.4348784746594312,0.9733216522538028,0.26503576947235286,0.9567346138177649
2021-07-22 15:10:00,0.7447698744769874,0.19521912350597592,0.7709605361131793,0.8053918943045884,0.15826255382078497,0.018374164810690423,0.5,0.7309441959453982,0.07068248627182684,0.4348784746594312,0.9733216522538028,0.26503576947235286,0.8842660349744256
2021-07-22 15:20:00,0.6959553695955369,0.09163346613545809,0.7810871183916601,0.8214604534904482,0.15974139848974625,0.07093541202672606,0.5,0.7309441959453982,0.07068248627182684,0.4348784746594312,0.9733216522538028,0.26503576947235286,0.541613229325407
2021-07-22 15:30:00,0.705020920502092,0.09163346613545809,0.7870439314966491,0.8364577753972506,0.16955673921294054,0.0834075723830735,0.5,0.7309441959453982,0.07068248627182684,0.4348784746594312,0.9733216522538028,0.26503576947235286,0.4861943057169154
2021-07-22 15:40:00,0.7301255230125524,-0.45019920318725104,0.7885331347728963,0.8386002499553651,0.14915391762966065,0.07616926503340757,0.5,0.7309441959453982,0.07068248627182684,0.4348784746594312,0.9733216522538028,0.26503576947235286,0.5094602954267694
2021-07-22 15:50:00,0.6457461645746164,0.24302788844621515,0.7935964259121369,0.8325299053740405,0.14670662600934423,0.0712694877505568,0.5,0.7309441959453982,0.07068248627182684,0.4348784746594312,0.9733216522538028,0.26503576947235286,0.4244986948715241
2021-07-22 16:00:00,0.7517433751743374,0.1633466135458166,0.8010424422933728,0.8296732726298874,0.16030414469120938,0.10100222717149221,0.5,0.7783518437421098,0.059507423701246516,0.413248804111111,0.9662164790533554,0.26233587193975383,0.4587262549602426
2021-07-22 16:10:00,0.789400278940028,0.08366533864541825,0.8084884586746088,0.8250312444206391,0.14419389878420646,0.10924276169265035,0.5,0.7783518437421098,0.059507423701246516,0.413248804111111,0.9662164790533554,0.26233587193975383,0.5027686829518536
2021-07-22 16:20:00,0.705718270571827,0.15537848605577675,0.8162323157110942,0.8257454026066773,0.16286922040020416,0.07449888641425391,0.5,0.7783518437421098,0.059507423701246516,0.413248804111111,0.9662164790533554,0.26233587193975383,0.5274378743757261
2021-07-22 16:30:00,0.705718270571827,-0.043824701195219196,0.8162323157110942,0.8246741653276202,0.17100940963997333,0.07082405345211581,0.5,0.7783518437421098,0.059507423701246516,0.413248804111111,0.9662164790533554,0.26233587193975383,0.5169666701872444
2021-07-22 16:40:00,0.7559274755927475,0.003984063745019917,0.8201042442293371,0.8257454026066773,0.16423028098048711,0.08897550111358575,0.5,0.7783518437421098,0.059507423701246516,0.413248804111111,0.9662164790533554,0.26233587193975383,0.5843505288410762
2021-07-22 16:50:00,0.7531380753138076,-0.1633466135458168,0.8209977661950856,0.8264595607927157,0.17072149297875963,0.0635857461024499,0.5,0.7783518437421098,0.059507423701246516,0.413248804111111,0.9662164790533554,0.26233587193975383,0.6564343588273458
2021-07-22 17:00:00,0.7245467224546723,0.298804780876494,0.8236783320923304,0.8300303517229066,0.17316878459907603,0.06146993318485523,0.5,0.7687921478822619,0.05638392331188786,0.42576104642956736,0.9569034494496998,0.2662916754133676,0.6696893341581545
2021-07-22 17:10:00,0.7196652719665272,-0.13147410358565736,0.8296351451973192,0.8428851990715944,0.1508945047179071,0.05189309576837417,0.5,0.7687921478822619,0.05638392331188786,0.42576104642956736,0.9569034494496998,0.2662916754133676,0.6954297871056325
2021-07-22 17:20:00,0.8284518828451883,-0.11553784860557781,0.8332092330603125,0.8475272272808425,0.1614819855779927,0.09320712694877505,0.5,0.7687921478822619,0.05638392331188786,0.42576104642956736,0.9569034494496998,0.2662916754133676,0.6459178900674443
2021-07-22 17:30:00,0.8263598326359832,0.2589641434262948,0.836187639612807,0.8428851990715944,0.1634319666016673,0.10489977728285078,0.5,0.7687921478822619,0.05638392331188786,0.42576104642956736,0.9569034494496998,0.2662916754133676,0.5959684355055298
2021-07-22 17:40:00,0.796373779637378,0.05179282868525892,0.8355919583023079,0.8382431708623459,0.15750350080485795,0.09610244988864143,0.5,0.7687921478822619,0.05638392331188786,0.42576104642956736,0.9569034494496998,0.2662916754133676,0.5525219910376149
2021-07-22 17:50:00,0.8207810320781032,-0.15537848605577698,0.8391660461653014,0.8393144081414032,0.16721414456033817,0.09688195991091314,0.5,0.7687921478822619,0.05638392331188786,0.42576104642956736,0.9569034494496998,0.2662916754133676,0.6383964271164959
2021-07-22 18:00:00,0.7419804741980475,0.1872509960159361,0.8406552494415485,0.8432422781646134,0.15258274332229654,0.026280623608017816,0.5,0.8158007926695245,0.04266293494096426,0.3794920257376873,0.9544504966659545,0.2543883311547792,0.8857145012598638
2021-07-22 18:10:00,0.8863319386331939,-0.298804780876494,0.8445271779597914,0.8514550973040529,0.17425501563910956,0.04075723830734967,0.5,0.8158007926695245,0.04266293494096426,0.3794920257376873,0.9519975438822091,0.2543883311547792,0.9013892451378307
2021-07-22 18:20:00,0.8688981868898188,0.05976095617529875,0.8454206999255398,0.8528834136761294,0.16583999685909098,0.05133630289532295,0.5,0.8158007926695245,0.04266293494096426,0.3794920257376873,0.9495445006903561,0.2543883311547792,0.9170639890157973
2021-07-22 18:30:00,0.8577405857740587,-0.2589641434262948,0.845718540580789,0.8600249955365113,0.16544738323016323,0.034409799554565704,0.5,0.8158007926695245,0.04266293494096426,0.3794920257376873,0.9470915479066109,0.2543883311547792,0.9327388083347163
2021-07-22 18:40:00,0.7782426778242678,0.05179282868525892,0.8483991064780338,0.872165684699161,0.15184986454829802,0.017260579064587975,0.5,0.8158007926695245,0.04266293494096426,0.3794920257376873,0.9446385951228656,0.2543883311547792,0.9484134767717308
2021-07-22 18:50:00,0.9804741980474199,-0.2749003984063746,0.8513775130305283,0.8814497411176576,0.15331562209629504,0.07561247216035635,0.5,0.8158007926695245,0.04266293494096426,0.3794920257376873,0.9421856423391203,0.2543883311547792,0.881830574709175
2021-07-22 19:00:00,0.8800557880055787,-0.043824701195219196,0.8483991064780338,0.8753793965363328,0.1331876300532646,0.04476614699331848,0.5,0.8094005015637595,0.06493834894125858,0.3790035377336059,0.939732689555375,0.24738183466464345,0.8152475972056671
2021-07-22 19:10:00,0.9379358437935843,-0.2828685258964144,0.8489947877885329,0.8860917693269059,0.14314692910706575,0.06158129175946549,0.5,0.8094005015637595,0.06493834894125858,0.3790035377336059,0.9372796463635218,0.24738183466464345,0.7486646951431115
2021-07-22 19:20:00,0.9295676429567643,-0.33864541832669326,0.8475055845122859,0.8925191930012499,0.13758490269725565,0.05812917594654788,0.5,0.8094005015637595,0.06493834894125858,0.3790035377336059,0.9348266935797765,0.24738183466464345,0.6820817553600798
2021-07-22 19:30:00,0.9205020920502092,-0.01195219123505975,0.8513775130305283,0.8982324584895554,0.14541100103388258,0.05489977728285078,0.5,0.8094005015637595,0.06493834894125858,0.3790035377336059,0.9323737407960313,0.24738183466464345,0.615498853297524
2021-07-22 19:40:00,0.7684797768479776,0.4183266932270917,0.8531645569620252,0.9060881985359757,0.16360209917420268,0.3850779510022272,0.5,0.8094005015637595,0.06493834894125858,0.3790035377336059,0.9299207880122861,0.24738183466464345,0.5489159135144922
2021-07-22 19:50:00,0.6248256624825663,0.01195219123505975,0.8677587490692478,0.9160864131405106,0.205899674130688,0.9995545657015591,0.5,0.8094005015637595,0.06493834894125858,0.3790035377336059,0.9274677448204329,0.24738183466464345,0.0
2021-07-22 20:00:00,0.5850767085076709,-0.059760956175298974,0.886224869694713,0.920728441349759,0.205899674130688,0.9995545657015591,0.5,0.8058746797686493,0.06358492788938135,0.3705109226906863,0.9250147920366877,0.25386630378434805,0.0
2021-07-22 20:10:00,0.5941422594142259,-0.33864541832669326,0.876693968726731,0.9057311194429567,0.20338694690555023,0.25679287305122495,0.5,0.8058746797686493,0.06358492788938135,0.3705109226906863,0.9225618392529424,0.25386630378434805,0.4308885435369736
2021-07-22 20:20:00,0.6220362622036262,0.17131474103585642,0.836783320923306,0.8771647920014285,0.1985970606326314,0.00044543429844097997,0.5,0.8058746797686493,0.06358492788938135,0.3705109226906863,0.9201088864691972,0.25386630378434805,0.7034868808183835
2021-07-22 20:30:00,0.601115760111576,-0.059760956175298974,0.823380491437081,0.87252276379218,0.20355707947808563,0.00033407572383073496,0.5,0.8058746797686493,0.06358492788938135,0.3705109226906863,0.9176559336854518,0.25386630378434805,0.6678410308251732
2021-07-22 20:40:00,0.5634588563458857,-0.03585657370517936,0.8156366344005956,0.8793072665595429,0.19808666291502533,0.00033407572383073496,0.5,0.8058746797686493,0.06358492788938135,0.3705109226906863,0.9152028904935986,0.25386630378434805,0.5588288546554612
2021-07-22 20:50:00,0.5160390516039052,0.1633466135458166,0.8105733432613551,0.8807355829316195,0.1959272879559226,0.00033407572383073496,0.5,0.8058746797686493,0.06358492788938135,0.3705109226906863,0.9127499377098534,0.25386630378434805,0.46560646981607495
2021-07-22 21:00:00,0.5711297071129707,-0.09960159362549814,0.8049143708116158,0.8807355829316195,0.1959272879559226,0.00022271714922048998,0.5,0.808122077643991,0.051220234075751464,0.3644173772379047,0.9102969849261081,0.2533008589302877,0.5893824403639272
2021-07-22 21:10:00,0.6115760111576011,0.003984063745019917,0.7992553983618762,0.8768077129084091,0.1946447501014252,0.00022271714922048998,0.5,0.808122077643991,0.051220234075751464,0.3644173772379047,0.9102969849261081,0.2533008589302877,0.6678485749204098
2021-07-22 21:20:00,0.601115760111576,-0.14741035856573714,0.7944899478778851,0.8689519728619888,0.18473779953148106,0.0006681514476614699,0.5,0.808122077643991,0.051220234075751464,0.3644173772379047,0.9102969849261081,0.2533008589302877,0.6572868415890882
2021-07-22 21:30:00,0.6262203626220363,-0.23505976095617542,0.7912137006701414,0.8639528655597213,0.1755506406145712,0.000779510022271715,0.5,0.808122077643991,0.051220234075751464,0.3644173772379047,0.9102969849261081,0.2533008589302877,0.6643179383496538
2021-07-22 21:40:00,0.5564853556485356,-0.17131474103585675,0.7885331347728963,0.8618103910016068,0.16505476960123544,0.00033407572383073496,0.5,0.808122077643991,0.051220234075751464,0.3644173772379047,0.9102969849261081,0.2533008589302877,0.545302291896133
2021-07-22 21:50:00,0.5251046025104603,-0.2270916334661356,0.7846612062546536,0.8678807355829314,0.16229338707777677,0.00022271714922048998,0.5,0.808122077643991,0.051220234075751464,0.3644173772379047,0.9102969849261081,0.2533008589302877,0.4732788146717564
2021-07-22 22:00:00,0.5397489539748954,-0.3067729083665339,0.7825763216679076,0.8682378146759508,0.15715014853882295,0.00022271714922048998,0.5,0.7387287736769412,0.05493855008663698,0.3905698735041799,0.8693997020087648,0.2474522185042169,0.500331940190413
2021-07-22 22:10:00,0.5355648535564853,0.05179282868525892,0.7810871183916601,0.8632387073736834,0.144625773776027,0.00022271714922048998,0.5,0.7387287736769412,0.05493855008663698,0.3905698735041799,0.8693997020087648,0.2474522185042169,0.5017426859996681
2021-07-22 22:20:00,0.5843793584379359,0.29083665338645415,0.7793000744601637,0.8518121763970721,0.1398097132611797,0.00033407572383073496,0.5,0.7387287736769412,0.05493855008663698,0.3905698735041799,0.8693997020087648,0.2474522185042169,0.6331910014032017
2021-07-22 22:30:00,0.7001394700139469,-0.17928286852589637,0.782278481012658,0.8410998036064987,0.1398097132611797,0.00044543429844097997,0.5,0.7387287736769412,0.05493855008663698,0.3905698735041799,0.8693997020087648,0.2474522185042169,0.8864387344025831
2021-07-22 22:40:00,0.7566248256624826,0.05179282868525892,0.7819806403574086,0.8314586680949831,0.13979662614021543,0.0066815144766146995,0.5,0.7387287736769412,0.05493855008663698,0.3905698735041799,0.8693997020087648,0.2474522185042169,0.901783424113946
2021-07-22 22:50:00,0.8647140864714087,0.1394422310756971,0.7846612062546536,0.8211033743974292,0.13975736477732265,0.048775055679287305,0.5,0.7387287736769412,0.05493855008663698,0.3905698735041799,0.8693997020087648,0.2474522185042169,0.9171281892662614
2021-07-22 23:00:00,0.7887029288702929,0.2669322709163344,0.784363365599404,0.8182467416532764,0.13974427765635838,0.04855233853006682,0.5,0.6963208206994609,0.053122494662462466,0.4101733079857264,0.9208619860080662,0.24411939659503298,0.9324728035366718
2021-07-22 23:10:00,0.8486750348675035,0.09163346613545809,0.7801935964259119,0.8182467416532764,0.14607844420305977,0.08652561247216035,0.5,0.6963208206994609,0.053122494662462466,0.4101733079857264,0.9208619860080662,0.24411939659503298,0.8313970155559244
2021-07-22 23:20:00,0.8430962343096234,-0.2749003984063746,0.7727475800446759,0.8214604534904482,0.14970357671015955,0.07160356347438752,0.5,0.6963208206994609,0.053122494662462466,0.4101733079857264,0.9208619860080662,0.24411939659503298,0.9606349110551171
2021-07-22 23:30:00,0.8633193863319387,-0.06772908366533881,0.7712583767684287,0.8189608998393143,0.14970357671015955,0.08296213808463253,0.5,0.6963208206994609,0.053122494662462466,0.4101733079857264,0.9208619860080662,0.24411939659503298,0.9057440741131916
2021-07-22 23:40:00,0.8172942817294282,0.019920318725099362,0.7682799702159342,0.8182467416532764,0.14970357671015955,0.08106904231625836,0.5,0.6963208206994609,0.053122494662462466,0.4101733079857264,0.9208619860080662,0.24411939659503298,0.831736499841574
2021-07-22 23:50:00,0.7635983263598326,-0.01195219123505975,0.7599404318689498,0.8196750580253527,0.143513368494065,0.05779510022271715,0.5,0.6963208206994609,0.053122494662462466,0.4101733079857264,0.9208619860080662,0.24411939659503298,0.8366326176501653
2021-07-23 00:00:00,0.8486750348675035,-0.1394422310756973,0.7516008935219654,0.8164613461881807,0.13975736477732265,0.05590200445434298,0.5,0.6947981187523411,0.06247000778719815,0.4144778865969772,0.9202019164122338,0.23618071770054094,1.0
2021-07-23 00:10:00,0.8758716875871688,0.06772908366533859,0.7471332836932238,0.8053918943045884,0.13975736477732265,0.07472160356347439,0.5,0.6947981187523411,0.06247000778719815,0.4144778865969772,0.9202019164122338,0.23618071770054094,0.9794272522896329
2021-07-23 00:20:00,0.8340306834030684,0.05976095617529875,0.74385703648548,0.7950366006070344,0.13975736477732265,0.055233853006681516,0.5,0.6947981187523411,0.06247000778719815,0.4144778865969772,0.9202019164122338,0.23618071770054094,0.9588545045792658
2021-07-23 00:30:00,0.8124128312412832,0.043824701195219085,0.7352196574832464,0.7968219960721301,0.13975736477732265,0.06447661469933186,0.5,0.6947981187523411,0.06247000778719815,0.4144778865969772,0.9202019164122338,0.23618071770054094,0.9382817568688987
2021-07-23 00:40:00,0.7775453277545328,0.2669322709163344,0.7292628443782574,0.7968219960721301,0.14115768672049836,0.07538975501113586,0.5,0.6947981187523411,0.06247000778719815,0.4144778865969772,0.9202019164122338,0.23618071770054094,0.7845557282315132
2021-07-23 00:50:00,0.8179916317991632,-0.10756972111553798,0.7212211466865226,0.7968219960721301,0.1496512282263025,0.08986636971046771,0.5,0.6947981187523411,0.06247000778719815,0.4144778865969772,0.9202019164122338,0.23618071770054094,0.7222339574814793
2021-07-23 01:00:00,0.8333333333333333,-0.21912350597609564,0.7119880863737897,0.79289412604892,0.14719084948502179,0.09766146993318485,0.5,0.6427490550235924,0.06799575870600452,0.47475048370077094,0.8917034726376436,0.22297796526638045,0.7118155619596541
2021-07-23 01:10:00,0.8179916317991632,0.027888446215139417,0.7081161578555473,0.7803963577932513,0.1397050162934656,0.08162583518930958,0.5,0.6427490550235924,0.06799575870600452,0.47475048370077094,0.8917034726376436,0.22297796526638045,0.8138192736545107
2021-07-23 01:20:00,0.8458856345885635,-0.14741035856573714,0.7051377513030528,0.7689698268166398,0.13963958068864432,0.054788418708240534,0.5,0.6427490550235924,0.06799575870600452,0.47475048370077094,0.8917034726376436,0.22297796526638045,0.8386229762964529
2021-07-23 01:30:00,0.8354253835425384,-0.29083665338645437,0.703946388682055,0.7650419567934299,0.13963958068864432,0.027728285077951005,0.5,0.6427490550235924,0.06799575870600452,0.47475048370077094,0.8917034726376436,0.22297796526638045,0.8634267543793472
2021-07-23 01:40:00,0.8131101813110182,0.01195219123505975,0.7024571854058077,0.7643277986073915,0.1313554331182683,0.019042316258351892,0.5,0.6427490550235924,0.06799575870600452,0.47475048370077094,0.8917034726376436,0.22297796526638045,0.8882304570212894
2021-07-23 01:50:00,0.7789400278940027,0.03585657370517925,0.7021593447505583,0.7653990358864489,0.12971954299773594,0.008797327394209355,0.5,0.6427490550235924,0.06799575870600452,0.47475048370077094,0.8917034726376436,0.22297796526638045,0.9130341596632316
2021-07-23 02:00:00,0.7998605299860531,0.09163346613545809,0.7018615040953089,0.7686127477236209,0.12969336875580742,0.01714922048997773,0.5,0.6299566443189848,0.0695417046208827,0.49343832020997375,0.8745130941839029,0.2170358968065931,0.937837937746126
2021-07-23 02:10:00,0.7308228730822873,0.043824701195219085,0.7000744601638123,0.7736118550258884,0.12969336875580742,0.002561247216035635,0.5,0.6299566443189848,0.0695417046208827,0.49343832020997375,0.8745130941839029,0.2170358968065931,0.9626416403880683
2021-07-23 02:20:00,0.6582984658298465,-0.09960159362549814,0.6959046909903199,0.7864667023745762,0.12669641805499207,0.0021158129175946547,0.5,0.6299566443189848,0.0695417046208827,0.49343832020997375,0.8745130941839029,0.2170358968065931,0.8217330295577652
2021-07-23 02:30:00,0.7001394700139469,0.25099601593625476,0.6956068503350705,0.7903945723977861,0.11976024394393478,0.001893095768374165,0.5,0.6299566443189848,0.0695417046208827,0.49343832020997375,0.8745130941839029,0.2170358968065931,0.9165019539206662
2021-07-23 02:40:00,0.7273361227336123,0.2669322709163344,0.6917349218168278,0.7843242278164613,0.11972098258104202,0.007795100222717149,0.5,0.6299566443189848,0.0695417046208827,0.49343832020997375,0.8745130941839029,0.2170358968065931,0.9510991746759812
2021-07-23 02:50:00,0.6875871687587168,0.003984063745019917,0.6872673119880861,0.7775397250490985,0.12530918323278062,0.0064587973273942095,0.5,0.6299566443189848,0.0695417046208827,0.49343832020997375,0.8745130941839029,0.2170358968065931,0.8359159286026827
2021-07-23 03:00:00,0.693863319386332,0.21912350597609564,0.6804169769173491,0.7771826459560791,0.12139613406446716,0.02238307349665924,0.5,0.6299485061651517,0.07306749576876309,0.4961541714808479,0.8469435937180618,0.2182681011085607,0.8249241818428716
2021-07-23 03:10:00,0.7301255230125524,-0.1394422310756973,0.6738644825018612,0.7753972504909838,0.1243930847652825,0.02984409799554566,0.5,0.6299485061651517,0.07306749576876309,0.4961541714808479,0.8469435937180618,0.2182681011085607,0.8689741539297191
2021-07-23 03:20:00,0.693863319386332,-0.02788844621513953,0.6705882352941175,0.7686127477236209,0.1295624975461648,0.00512249443207127,0.5,0.6299485061651517,0.07306749576876309,0.4961541714808479,0.8469435937180618,0.2182681011085607,0.8795283431658041
2021-07-23 03:30:00,0.690376569037657,-0.019920318725099695,0.6661206254653758,0.762899482235315,0.1295624975461648,0.024832962138084634,0.5,0.6299485061651517,0.07306749576876309,0.4961541714808479,0.8469435937180618,0.2182681011085607,0.8200884167961736
2021-07-23 03:40:00,0.7287308228730822,0.027888446215139417,0.6658227848101264,0.7596857703981432,0.1295624975461648,0.021937639198218263,0.5,0.6299485061651517,0.07306749576876309,0.4961541714808479,0.8469435937180618,0.2182681011085607,0.9315901443939828
2021-07-23 03:50:00,0.7384937238493724,0.3067729083665336,0.6634400595681309,0.7521871094447421,0.1295624975461648,0.03474387527839644,0.5,0.6299485061651517,0.07306749576876309,0.4961541714808479,0.8469435937180618,0.2182681011085607,0.9006216334475007
2021-07-23 04:00:00,0.7217573221757322,0.2589641434262948,0.6616530156366343,0.7450455275843599,0.1295624975461648,0.009910913140311804,0.5,0.5982728436143676,0.07575134982916892,0.5161842086741621,0.803825254813756,0.21861965990657983,0.926709114775865
2021-07-23 04:10:00,0.697350069735007,0.2828685258964143,0.6571854058078928,0.7468309230494556,0.1295624975461648,0.0012249443207126948,0.5,0.5982728436143676,0.07575134982916892,0.5161842086741621,0.803825254813756,0.21861965990657983,0.9029376706851548
2021-07-23 04:20:00,0.702231520223152,0.38645418326693215,0.6562918838421443,0.7404034993751114,0.1295624975461648,0.0006681514476614699,0.5,0.5982728436143676,0.07575134982916892,0.5161842086741621,0.803825254813756,0.21861965990657983,0.9153326191589842
2021-07-23 04:30:00,0.6666666666666667,0.29083665338645415,0.6536113179448992,0.737903945723978,0.1295624975461648,0.0006681514476614699,0.5,0.5982728436143676,0.07575134982916892,0.5161842086741621,0.803825254813756,0.21861965990657983,0.8242829337477555
2021-07-23 04:40:00,0.6464435146443515,0.24302788844621515,0.6488458674609083,0.7400464202820924,0.1295624975461648,0.000556792873051225,0.5,0.5982728436143676,0.07575134982916892,0.5161842086741621,0.803825254813756,0.21861965990657983,0.7571706625224437
2021-07-23 04:50:00,0.606694560669456,0.3306772908366533,0.6461653015636633,0.7404034993751114,0.1295624975461648,0.00044543429844097997,0.5,0.5982728436143676,0.07575134982916892,0.5161842086741621,0.803825254813756,0.21861965990657983,0.6883911462498303
2021-07-23 05:00:00,0.6576011157601116,0.2350597609561753,0.645271779597915,0.7400464202820924,0.1295624975461648,0.000779510022271715,0.5,0.6050151372996604,0.08610458985020268,0.5088767984303455,0.7664529388196706,0.2130348104953174,0.7956530923246375
2021-07-23 05:10:00,0.6610878661087867,0.13147410358565725,0.645271779597915,0.7364756293519013,0.1295624975461648,0.0008908685968819599,0.5,0.6050151372996604,0.08610458985020268,0.5088767984303455,0.7664529388196706,0.2130348104953174,0.8021032937519804
2021-07-23 05:20:00,0.6450488145048815,0.22709163346613526,0.64259121370067,0.7304052847705769,0.1295624975461648,0.0023385300668151447,0.5,0.6050151372996604,0.08610458985020268,0.5088767984303455,0.7664529388196706,0.2130348104953174,0.7762572234711892
2021-07-23 05:30:00,0.6450488145048815,0.10756972111553775,0.6396128071481755,0.7289769683985003,0.1295624975461648,0.0010022271714922048,0.5,0.6050151372996604,0.08610458985020268,0.5088767984303455,0.7664529388196706,0.2130348104953174,0.7872414261357635
2021-07-23 05:40:00,0.6032078103207811,-0.019920318725099695,0.63723008190618,0.7286198893054812,0.1295624975461648,0.0008908685968819599,0.5,0.6050151372996604,0.08610458985020268,0.5088767984303455,0.7664529388196706,0.2130348104953174,0.6990886732954117
2021-07-23 05:50:00,0.5390516039051604,-0.11553784860557781,0.6315711094564407,0.7325477593286913,0.1295624975461648,0.0026726057906458797,0.5,0.6050151372996604,0.08610458985020268,0.5088767984303455,0.7664529388196706,0.2130348104953174,0.5715180228435204
2021-07-23 06:00:00,0.5495118549511855,-0.17928286852589637,0.6279970215934472,0.7361185502588823,0.1295624975461648,0.0017817371937639199,0.5,0.5784694467356164,0.13623576537253607,0.5404020286708979,0.6630158020532863,0.2284270292415774,0.5606017170360759
2021-07-23 06:10:00,0.5299860529986052,-0.0916334661354582,0.6241250930752047,0.7325477593286913,0.1295624975461648,0.005679287305122495,0.5,0.5784694467356164,0.13623576537253607,0.5404020286708979,0.6630158020532863,0.2284270292415774,0.5206557327579703
2021-07-23 06:20:00,0.5662482566248256,0.01195219123505975,0.6214445271779596,0.7236207820032137,0.1295624975461648,0.0014476614699331849,0.5,0.5784694467356164,0.13623576537253607,0.5404020286708979,0.6630158020532863,0.2284270292415774,0.6101136140742641
2021-07-23 06:30:00,0.601115760111576,0.21912350597609564,0.6214445271779596,0.7104088555615069,0.1295624975461648,0.002561247216035635,0.5,0.5784694467356164,0.13623576537253607,0.5404020286708979,0.6630158020532863,0.2284270292415774,0.6692819530153749
2021-07-23 06:40:00,0.5948396094839609,0.1872509960159361,0.6214445271779596,0.6989823245848956,0.1295624975461648,0.01447661469933185,0.5,0.5784694467356164,0.13623576537253607,0.5404020286708979,0.6630158020532863,0.2284270292415774,0.6269294023567753
2021-07-23 06:50:00,0.5495118549511855,-0.1394422310756973,0.6190618019359642,0.6975540082128191,0.1295624975461648,0.027394209354120267,0.5,0.5784694467356164,0.13623576537253607,0.5404020286708979,0.6630158020532863,0.2284270292415774,0.5211159225674065
2021-07-23 07:00:00,0.6032078103207811,-0.3466135458167332,0.6148920327624718,0.7004106409569719,0.125832668071351,0.02806236080178174,0.5,0.5792348667860929,0.13204044746226248,0.5447601228423052,0.6399302453928992,0.21741338299754015,0.584818262745749
2021-07-23 07:10:00,0.6652719665271966,0.019920318725099362,0.6154877140729709,0.6875557936082841,0.1183468348797948,0.012360801781737195,0.5,0.5792348667860929,0.13204044746226248,0.5447601228423052,0.6399302453928992,0.21741338299754015,0.8295638004134164
2021-07-23 07:20:00,0.6959553695955369,0.05976095617529875,0.6145941921072224,0.6714872344224245,0.11830757351690202,0.0022271714922049,0.5,0.5792348667860929,0.13204044746226248,0.5447601228423052,0.6399302453928992,0.21741338299754015,0.8958085006865127
2021-07-23 07:30:00,0.695258019525802,0.17928286852589648,0.6128071481757258,0.6622031780039279,0.11829448639593777,0.002561247216035635,0.5,0.5792348667860929,0.13204044746226248,0.5447601228423052,0.6399302453928992,0.21741338299754015,0.9152647223018544
2021-07-23 07:40:00,0.6861924686192469,0.12350597609561742,0.6148920327624718,0.6586323870737367,0.12350316053971287,0.0014476614699331849,0.5,0.5792348667860929,0.13204044746226248,0.5447601228423052,0.6399302453928992,0.21741338299754015,0.8997012538286283
2021-07-23 07:50:00,0.6206415620641562,0.03585657370517925,0.6137006701414742,0.6679164434922336,0.12827995969166744,0.0006681514476614699,0.5,0.5792348667860929,0.13204044746226248,0.5447601228423052,0.6399302453928992,0.21741338299754015,0.7669930745205727
2021-07-23 08:00:00,0.6617852161785216,0.1633466135458166,0.6169769173492181,0.676486341724692,0.13355406944026385,0.0026726057906458797,0.5,0.5832737258035843,0.14630452835718685,0.5439092000729943,0.6132895074195915,0.21102183340598382,0.818179760701299
2021-07-23 08:10:00,0.6701534170153417,-0.38645418326693237,0.622338049143708,0.6839850026780931,0.13902448600332415,0.0017817371937639199,0.5,0.5832737258035843,0.14630452835718685,0.5439092000729943,0.6132895074195915,0.21102183340598382,0.8158260029874618
2021-07-23 08:20:00,0.6673640167364017,-0.003984063745020028,0.6274013402829486,0.6886270308873417,0.12965410739291464,0.001893095768374165,0.5,0.5832737258035843,0.14630452835718685,0.5439092000729943,0.6132895074195915,0.21102183340598382,0.8658810748826893
2021-07-23 08:30:00,0.6304044630404463,0.05179282868525892,0.6318689501116901,0.690055347259418,0.13333158838387144,0.0021158129175946547,0.5,0.5832737258035843,0.14630452835718685,0.5439092000729943,0.6132895074195915,0.21102183340598382,0.7576233082366431
2021-07-23 08:40:00,0.5467224546722455,0.01195219123505975,0.6354430379746834,0.7029101946081058,0.13958723220478728,0.0024498886414253897,0.5,0.5832737258035843,0.14630452835718685,0.5439092000729943,0.6132895074195915,0.21102183340598382,0.5741584561763509
2021-07-23 08:50:00,0.7245467224546723,-0.01195219123505975,0.6449739389426654,0.7086234600964114,0.14808077371059142,0.0073496659242761695,0.5,0.5832737258035843,0.14630452835718685,0.5439092000729943,0.6132895074195915,0.21102183340598382,0.9299832521085747
2021-07-23 09:00:00,0.7782426778242678,-0.01195219123505975,0.6556962025316453,0.7021960364220676,0.15017471306487284,0.04242761692650334,0.5,0.5924181423463164,0.14845391040984973,0.5384918275272121,0.6985080814434359,0.23323437058237087,0.9259169847760158
2021-07-23 09:10:00,0.6910739191073919,0.027888446215139417,0.6643335815338791,0.7111230137475453,0.15336797058015209,0.03363028953229399,0.5,0.5924181423463164,0.14845391040984973,0.5384918275272121,0.6985080814434359,0.23323437058237087,0.7615160613787588
2021-07-23 09:20:00,0.7119944211994422,0.11553784860557759,0.6714817572598657,0.7225495447241563,0.15379984557197263,0.0334075723830735,0.5,0.5924181423463164,0.14845391040984973,0.5384918275272121,0.6985080814434359,0.23323437058237087,0.8128687176546917
2021-07-23 09:30:00,0.697350069735007,0.10756972111553775,0.6795234549516007,0.7271915729334046,0.1602387090863881,0.03864142538975501,0.5,0.5924181423463164,0.14845391040984973,0.5384918275272121,0.6985080814434359,0.23323437058237087,0.7435233942393289
2021-07-23 09:40:00,0.7629009762900976,0.1394422310756971,0.6842889054355916,0.7339760757007676,0.16917721270497704,0.05634743875278396,0.5,0.5924181423463164,0.14845391040984973,0.5384918275272121,0.6985080814434359,0.23323437058237087,0.8327549526985228
2021-07-23 09:50:00,0.7133891213389122,0.027888446215139417,0.6899478778853312,0.735047312979825,0.17412414442946697,0.03708240534521158,0.5,0.5924181423463164,0.14845391040984973,0.5384918275272121,0.6985080814434359,0.23323437058237087,0.7434630414774357
2021-07-23 10:00:00,0.6924686192468619,-0.10756972111553798,0.6899478778853312,0.737903945723978,0.1733781785345042,0.030734966592427616,0.5,0.7386147728170986,0.15963471999126305,0.4447137976429566,0.7373943716125396,0.2765140758783078,0.7661028712826471
2021-07-23 10:10:00,0.6492329149232915,-0.02788844621513953,0.6899478778853312,0.7432601321192644,0.17757914436403135,0.03184855233853007,0.5,0.7386147728170986,0.15963471999126305,0.4447137976429566,0.7373943716125396,0.2765140758783078,0.7054181691989679
2021-07-23 10:20:00,0.6415620641562064,-0.03585657370517936,0.6944154877140729,0.7511158721656848,0.1821465495805578,0.0017817371937639199,0.5,0.7386147728170986,0.15963471999126305,0.4447137976429566,0.7373943716125396,0.2765140758783078,0.7106839476741554
2021-07-23 10:30:00,0.6569037656903766,0.15537848605577675,0.6959046909903199,0.7543295840028565,0.1821727238224863,0.0022271714922049,0.5,0.7386147728170986,0.15963471999126305,0.4447137976429566,0.7373943716125396,0.2765140758783078,0.7745522579477044
2021-07-23 10:40:00,0.5732217573221757,-0.01195219123505975,0.7018615040953089,0.759328691305124,0.18375626545916163,0.0008908685968819599,0.5,0.7386147728170986,0.15963471999126305,0.4447137976429566,0.7373943716125396,0.2765140758783078,0.5889750592211477
2021-07-23 10:50:00,0.6290097629009763,-0.12350597609561753,0.7069247952345492,0.7707552222817353,0.18231668215309313,0.00044543429844097997,0.5,0.7386147728170986,0.15963471999126305,0.4447137976429566,0.7373943716125396,0.2765140758783078,0.6860072121550463
2021-07-23 11:00:00,0.5843793584379359,0.09960159362549792,0.7099032017870437,0.7703981431887164,0.18476397377340958,0.00033407572383073496,0.5,0.7421813187344637,0.16152548655630392,0.4402922964097527,0.7220072732791212,0.2984037592570684,0.6024714455995293
2021-07-23 11:10:00,0.5704323570432357,-0.13147410358565736,0.7131794489947876,0.7814675950723087,0.18431901166062478,0.00044543429844097997,0.5,0.7421813187344637,0.16152548655630392,0.4402922964097527,0.7220072732791212,0.2984037592570684,0.5573275797033662
2021-07-23 11:20:00,0.5306834030683404,0.05976095617529875,0.7185405807892775,0.7871808605606141,0.17730431482378195,0.00033407572383073496,0.5,0.7421813187344637,0.16152548655630392,0.4402922964097527,0.7220072732791212,0.2984037592570684,0.46382606334022364
2021-07-23 11:30:00,0.46234309623430964,0.019920318725099362,0.7259865971705135,0.7907516514908053,0.18831058355472383,0.00044543429844097997,0.5,0.7421813187344637,0.16152548655630392,0.4402922964097527,0.7220072732791212,0.2984037592570684,0.33535766555516994
2021-07-23 11:40:00,0.4916317991631799,-0.2509960159362551,0.7396872673119879,0.8018211033743976,0.18586329193440737,0.0008908685968819599,0.5,0.7421813187344637,0.16152548655630392,0.4402922964097527,0.7220072732791212,0.2984037592570684,0.4005311043046607
2021-07-23 11:50:00,0.5237099023709902,0.03585657370517925,0.7530900967982128,0.810748080699875,0.19210584863435895,0.00033407572383073496,0.5,0.7421813187344637,0.16152548655630392,0.4402922964097527,0.7220072732791212,0.2984037592570684,0.4435249030583762
2021-07-23 12:00:00,0.4804741980474198,-0.019920318725099695,0.7572598659717049,0.8114622388859132,0.18318043213673424,0.00022271714922048998,0.5,0.7433457751474788,0.1596778225725355,0.43534806735909715,0.6799723580175459,0.30648585589497207,0.37030945878660776
2021-07-23 12:10:00,0.42538354253835425,0.019920318725099362,0.7599404318689498,0.8146759507230852,0.1888209812723299,0.00022271714922048998,0.5,0.7433457751474788,0.1596778225725355,0.43534806735909715,0.6799723580175459,0.30648585589497207,0.29314845270606693
2021-07-23 12:20:00,0.398186889818689,-0.06772908366533881,0.7638123603871927,0.817532583467238,0.20425069688919134,0.00022271714922048998,0.5,0.7433457751474788,0.1596778225725355,0.43534806735909715,0.6799723580175459,0.30648585589497207,0.2461411952864493
2021-07-23 12:30:00,0.39609483960948394,-0.14741035856573714,0.7712583767684287,0.8218175325834671,0.18662234495033436,0.00022271714922048998,0.5,0.7433457751474788,0.1596778225725355,0.43534806735909715,0.6799723580175459,0.30648585589497207,0.22805799900417945
2021-07-23 12:40:00,0.42747559274755925,0.003984063745019917,0.7795979151154131,0.8246741653276202,0.17502715577600084,0.00022271714922048998,0.5,0.7433457751474788,0.1596778225725355,0.43534806735909715,0.6799723580175459,0.30648585589497207,0.28966308070673086
2021-07-23 12:50:00,0.37308228730822873,0.36254980079681287,0.7950856291883839,0.8339582217461168,0.18494719346690924,0.20211581291759464,0.5,0.7433457751474788,0.1596778225725355,0.43534806735909715,0.6799723580175459,0.30648585589497207,0.1548350106371743
2021-07-23 13:00:00,0.49023709902370993,-0.0916334661354582,0.8126582278481012,0.8471701481878235,0.25849681328604524,0.4136971046770601,0.5,0.8560263862961492,0.1519365989764577,0.35151467423290456,0.6497134875657815,0.3145870537248256,0.20496552348476849
2021-07-23 13:10:00,0.4588563458856346,0.08366533864541825,0.8162323157110942,0.8368148544902696,0.2594521731164361,0.0006681514476614699,0.5,0.8560263862961492,0.1519365989764577,0.35151467423290456,0.6497134875657815,0.3145870537248256,0.3502949741237533
2021-07-23 13:20:00,0.4609483960948396,-0.1394422310756973,0.823380491437081,0.8407427245134798,0.24636505215217705,0.00022271714922048998,0.5,0.8560263862961492,0.1519365989764577,0.35151467423290456,0.6497134875657815,0.3145870537248256,0.33469378517434406
2021-07-23 13:30:00,0.5376569037656904,-0.11553784860557781,0.8290394638868204,0.8453847527227281,0.25985787386632814,0.000556792873051225,0.5,0.8560263862961492,0.1519365989764577,0.35151467423290456,0.6497134875657815,0.3145870537248256,0.4908339242874602
2021-07-23 13:40:00,0.4679218967921897,-0.01195219123505975,0.8332092330603125,0.8482413854668809,0.24162751436311525,0.000556792873051225,0.5,0.8560263862961492,0.1519365989764577,0.35151467423290456,0.6497134875657815,0.3145870537248256,0.3780723327851291
2021-07-23 13:50:00,0.5076708507670851,0.07569721115537842,0.8385703648548024,0.8496697018389574,0.24109094240358064,0.0010022271714922048,0.5,0.8560263862961492,0.1519365989764577,0.35151467423290456,0.6497134875657815,0.3145870537248256,0.4438568432487892
2021-07-23 14:00:00,0.44839609483960946,0.12350597609561742,0.8466120625465374,0.8560971255133012,0.23997853712161862,0.00033407572383073496,0.5,0.8692341430240511,0.12509805837238683,0.33322795079662737,0.6235022513907098,0.3253831037672765,0.35259592317093413
2021-07-23 14:10:00,0.5278940027894004,0.003984063745019917,0.8531645569620252,0.8668094983038743,0.2619649003415739,0.00111358574610245,0.5,0.8692341430240511,0.12509805837238683,0.33322795079662737,0.6235022513907098,0.3253831037672765,0.4746518400048282
2021-07-23 14:20:00,0.5397489539748954,-0.02788844621513953,0.8567386448250183,0.8682378146759508,0.2454882150475717,0.000556792873051225,0.5,0.8692341430240511,0.12509805837238683,0.33322795079662737,0.6235022513907098,0.3253831037672765,0.4871599499072076
2021-07-23 14:30:00,0.45676429567642957,-0.2828685258964144,0.8603127326880118,0.8735940010712373,0.2371124576304459,0.22783964365256126,0.5,0.8692341430240511,0.12509805837238683,0.33322795079662737,0.6235022513907098,0.3253831037672765,0.20146506329495906
2021-07-23 14:40:00,0.4546722454672245,0.05976095617529875,0.8620997766195082,0.8703802892340653,0.24153590451636545,0.00033407572383073496,0.5,0.8692341430240511,0.12509805837238683,0.33322795079662737,0.6235022513907098,0.3253831037672765,0.3523167916471778
2021-07-23 14:50:00,0.4246861924686192,-0.059760956175298974,0.8668652271034996,0.8753793965363328,0.23664132127573254,0.00033407572383073496,0.5,0.8692341430240511,0.12509805837238683,0.33322795079662737,0.6235022513907098,0.3253831037672765,0.30451740422771095
2021-07-23 15:00:00,0.4393305439330544,0.5298804780876492,0.8716306775874905,0.8821638993036958,0.2572797110363691,0.00033407572383073496,0.5,0.9004700450900416,0.11256957474993344,0.3134141316840396,0.5697569185648536,0.33434417117521614,0.31797607012990936
2021-07-23 15:10:00,0.5264993026499303,0.003984063745019917,0.8755026061057332,0.8832351365827529,0.27424061980604886,0.00044543429844097997,0.5,0.9004700450900416,0.11256957474993344,0.3134141316840396,0.5697569185648536,0.33434417117521614,0.4732637264812831
2021-07-23 15:20:00,0.45397489539748953,-0.05179282868525903,0.8784810126582276,0.8864488484199251,0.2759550326523668,0.0010022271714922048,0.5,0.9004700450900416,0.11256957474993344,0.3134141316840396,0.5697569185648536,0.33434417117521614,0.33793020203087043
2021-07-23 15:30:00,0.5167364016736402,-0.03585657370517936,0.8808637379002231,0.8914479557221926,0.28723613092355815,0.00033407572383073496,0.5,0.9004700450900416,0.11256957474993344,0.3134141316840396,0.5697569185648536,0.33434417117521614,0.4103987808742098
2021-07-23 15:40:00,0.44072524407252445,-0.03585657370517936,0.8769918093819804,0.8957329048384217,0.27612516522490216,0.000556792873051225,0.5,0.9004700450900416,0.11256957474993344,0.3134141316840396,0.5697569185648536,0.33434417117521614,0.34389758136306714
2021-07-23 15:50:00,0.4205020920502092,0.03585657370517925,0.869247952345495,0.8932333511872879,0.284252267343707,0.00033407572383073496,0.5,0.9004700450900416,0.11256957474993344,0.3134141316840396,0.5697569185648536,0.33434417117521614,0.28895393575448497
2021-07-23 16:00:00,0.598326359832636,0.3306772908366533,0.8656738644825017,0.8850205320478486,0.2757979872007957,0.000779510022271715,0.5,0.9452720161242176,0.09781987143936731,0.28804040095075084,0.5405235472810835,0.32974709077371883,0.6266729031187289
2021-07-23 16:10:00,0.43165969316596936,-0.08366533864541836,0.8635889798957557,0.8768077129084091,0.28418683173888576,0.00022271714922048998,0.5,0.9452720161242176,0.09781987143936731,0.28804040095075084,0.5405235472810835,0.32974709077371883,0.28171160432729303
2021-07-23 16:20:00,0.3542538354253836,0.1633466135458166,0.8662695457930005,0.8846634529548296,0.27024904791194987,0.00033407572383073496,0.5,0.9452720161242176,0.09781987143936731,0.28804040095075084,0.5405235472810835,0.32974709077371883,0.19553540443894565
2021-07-23 16:30:00,0.28661087866108786,-0.05179282868525903,0.8716306775874905,0.90037493304767,0.27472484328172647,0.00033407572383073496,0.5,0.9452720161242176,0.09781987143936731,0.28804040095075084,0.5405235472810835,0.32974709077371883,0.10187546207583324
2021-07-23 16:40:00,0.2880055788005579,0.01195219123505975,0.8713328369322411,0.9150151758614533,0.276923479603722,0.00022271714922048998,0.5,0.9452720161242176,0.09781987143936731,0.28804040095075084,0.5405235472810835,0.32974709077371883,0.145812272734131
2021-07-23 16:50:00,0.2398884239888424,-0.17928286852589637,0.8719285182427401,0.9096589894661666,0.2552904686498017,0.00022271714922048998,0.5,0.9452720161242176,0.09781987143936731,0.28804040095075084,0.5405235472810835,0.32974709077371883,0.09208322645865082
2021-07-23 17:00:00,0.19804741980474197,0.2589641434262948,0.8793745346239761,0.9193001249776827,0.2604729685516483,0.00033407572383073496,0.5,0.9667773210998647,0.08583160683549404,0.27825225282120214,0.5296208990385234,0.3152767728938198,0.05969642560767687
2021-07-23 17:10:00,0.11854951185495119,0.01195219123505975,0.890096798212956,0.9193001249776827,0.29434243760715084,0.04420935412026726,0.5,0.9667773210998647,0.08583160683549404,0.27825225282120214,0.5296208990385234,0.3152767728938198,0.0
2021-07-23 17:20:00,0.22663877266387727,0.05179282868525892,0.9052866716306773,0.9000178539546511,0.2951800133488634,0.9841870824053451,0.5,0.9667773210998647,0.08583160683549404,0.27825225282120214,0.5296208990385234,0.3152767728938198,0.0
2021-07-23 17:30:00,0.2398884239888424,0.09163346613545809,0.9273268801191363,0.9221567577218355,0.29381895276858044,0.7929844097995545,0.5,0.9667773210998647,0.08583160683549404,0.27825225282120214,0.5296208990385234,0.3152767728938198,0.007016008570092189
2021-07-23 17:40:00,0.28591352859135283,0.20318725099601576,0.9273268801191363,0.9232279950008928,0.27282721074190885,0.00022271714922048998,0.5,0.9667773210998647,0.08583160683549404,0.27825225282120214,0.5296208990385234,0.3152767728938198,0.16028184739804158
2021-07-23 17:50:00,0.21478382147838215,-0.03585657370517936,0.9237527922561428,0.9178718086056061,0.3100208085223332,0.018485523385300667,0.5,0.9667773210998647,0.08583160683549404,0.27825225282120214,0.5296208990385234,0.3152767728938198,0.049889101800021124
2021-07-23 18:00:00,0.08507670850767085,0.41035856573705165,0.9270290394638863,0.9217996786288163,0.2821190666265328,0.6846325167037862,0.5,0.9170245175225458,0.0836879717936725,0.3157719866840098,0.4425775277646748,0.3352612595782237,0.0
2021-07-23 18:10:00,0.3521617852161785,-0.09960159362549814,0.9428145941921067,0.9267987859310838,0.2900367748099096,0.2316258351893096,0.5,0.9170245175225458,0.0836879717936725,0.3157719866840098,0.4425775277646748,0.3352612595782237,0.11510780512093186
2021-07-23 18:20:00,0.37866108786610875,0.027888446215139417,0.937453462397617,0.9132297803963578,0.26714740024342043,0.00044543429844097997,0.5,0.9170245175225458,0.0836879717936725,0.3157719866840098,0.4425775277646748,0.3352612595782237,0.21755661843475113
2021-07-23 18:30:00,0.1882845188284519,-0.20318725099601598,0.9329858525688757,0.9050169612569186,0.23719098035623143,0.00044543429844097997,0.5,0.9170245175225458,0.0836879717936725,0.3157719866840098,0.4425775277646748,0.3352612595782237,0.04038354180183171
2021-07-23 18:40:00,0.17642956764295675,0.9840637450199201,0.931198808637379,0.9160864131405106,0.26333904804282104,0.059354120267260585,0.5,0.9170245175225458,0.0836879717936725,0.3157719866840098,0.4425775277646748,0.3352612595782237,0.0013730253330718049
2021-07-23 18:50:00,0.13737796373779637,-0.02788844621513953,0.9255398361876397,0.9093019103731477,0.29023308162437345,0.053563474387527836,0.5,0.9170245175225458,0.0836879717936725,0.3157719866840098,0.4425775277646748,0.3352612595782237,0.0
2021-07-23 19:00:00,0.2796373779637378,-0.31474103585657376,0.9198808637379003,0.8853776111408678,0.2748818887332976,0.3937639198218263,0.5,0.9227325652561533,0.07428298856057358,0.30797862471858367,0.38183079216462734,0.38379091890921696,0.06650119951114264
2021-07-23 19:10:00,0.2503486750348675,0.24302788844621515,0.9118391660461651,0.8800214247455811,0.28549554383531167,0.00033407572383073496,0.5,0.9227325652561533,0.07428298856057358,0.30797862471858367,0.38183079216462734,0.38379091890921696,0.0967681096006156
2021-07-23 19:20:00,0.22663877266387727,-0.29083665338645437,0.9076693968726728,0.8789501874665238,0.29340016489772414,0.00022271714922048998,0.5,0.9227325652561533,0.07428298856057358,0.30797862471858367,0.38183079216462734,0.38379091890921696,0.07184996303393335
2021-07-23 19:30:00,0.14295676429567641,-0.01195219123505975,0.9046909903201785,0.8843063738618102,0.28908141497951867,0.00033407572383073496,0.5,0.9227325652561533,0.07428298856057358,0.30797862471858367,0.38183079216462734,0.38379091890921696,0.023069843233700982
2021-07-23 19:40:00,0.19665271966527195,-0.05179282868525903,0.9043931496649291,0.8946616675593644,0.2962531572679326,0.00033407572383073496,0.5,0.9227325652561533,0.07428298856057358,0.30797862471858367,0.38183079216462734,0.38379091890921696,0.0476334173242603
2021-07-23 19:50:00,0.18340306834030684,0.40239043824701204,0.9017125837676843,0.8935904302803073,0.27925298713536006,0.00033407572383073496,0.5,0.9227325652561533,0.07428298856057358,0.30797862471858367,0.38183079216462734,0.38379091890921696,0.05341219427554053
2021-07-23 20:00:00,0.1394700139470014,0.49800796812749004,0.8954579300074459,0.8814497411176576,0.31975762651974193,0.16224944320712695,0.5,0.9296296506297228,0.06650728289948121,0.295739920464718,0.33163187106522474,0.44506702250800784,0.0
2021-07-23 20:10:00,0.21478382147838215,0.49800796812749004,0.8951600893521963,0.8596679164434922,0.3475808456897567,0.9994432071269488,0.5,0.9296296506297228,0.06650728289948121,0.295739920464718,0.33163187106522474,0.44506702250800784,0.0
2021-07-23 20:20:00,0.2907949790794979,0.49800796812749004,0.8990320178704392,0.8768077129084091,0.38944654565442155,0.9995545657015591,0.5,0.9296296506297228,0.06650728289948121,0.295739920464718,0.33163187106522474,0.44506702250800784,0.0
2021-07-23 20:30:00,0.2873082287308229,0.3266932270916332,0.8933730454206998,0.8753793965363328,0.3989216212325451,0.8064587973273942,0.5,0.9296296506297228,0.06650728289948121,0.295739920464718,0.33163187106522474,0.44506702250800784,0.010048734855228813
2021-07-23 20:40:00,0.35355648535564854,0.15537848605577675,0.8784810126582276,0.8664524192108551,0.4284985146117706,0.00022271714922048998,0.5,0.9296296506297228,0.06650728289948121,0.295739920464718,0.33163187106522474,0.44506702250800784,0.17434404091917258
2021-07-23 20:50:00,0.23430962343096234,0.12350597609561742,0.8585256887565151,0.8343153008391357,0.42568478360445483,0.00033407572383073496,0.5,0.9296296506297228,0.06650728289948121,0.295739920464718,0.33163187106522474,0.44506702250800784,0.07765891636616021
2021-07-23 21:00:00,0.2377963737796374,-0.21115537848605592,0.8495904690990319,0.8250312444206391,0.42843307900694927,0.00033407572383073496,0.5,0.9333101640538413,0.06947561399627,0.28593807640982116,0.2247226922819515,0.5402493826512462,0.07842841408029935
2021-07-23 21:10:00,0.1771269177126918,-0.01195219123505975,0.8460163812360384,0.8218175325834671,0.4397403515200691,0.00033407572383073496,0.5,0.9333101640538413,0.06947561399627,0.28593807640982116,0.2247226922819515,0.5402493826512462,0.047588152752840354
2021-07-23 21:20:00,0.201534170153417,-0.2509960159362551,0.8418466120625463,0.8218175325834671,0.44231851435002817,0.00022271714922048998,0.5,0.9333101640538413,0.06947561399627,0.28593807640982116,0.2247226922819515,0.5402493826512462,0.05713143322721306
2021-07-23 21:30:00,0.15271966527196654,0.2749003984063745,0.838868205510052,0.8225316907695055,0.44231851435002817,0.00011135857461024499,0.5,0.9333101640538413,0.06947561399627,0.28593807640982116,0.2247226922819515,0.5402493826512462,0.03511021923140758
2021-07-23 21:40:00,0.20781032078103207,0.3067729083665336,0.8355919583023079,0.8239600071415818,0.4492154270981927,0.00022271714922048998,0.5,0.9333101640538413,0.06947561399627,0.28593807640982116,0.2247226922819515,0.5402493826512462,0.06149192027400154
2021-07-23 21:50:00,0.15760111576011157,0.298804780876494,0.8332092330603125,0.8221746116764865,0.45712004816060514,0.00022271714922048998,0.5,0.9333101640538413,0.06947561399627,0.28593807640982116,0.2247226922819515,0.5402493826512462,0.036528509135899334
2021-07-23 22:00:00,0.1924686192468619,0.10756972111553775,0.830826507818317,0.8257454026066773,0.47413330541414195,0.00033407572383073496,0.5,0.865284870404903,0.09235159062892416,0.2941064277387127,0.15953262419852202,0.7246425875595829,0.05440047075154277
2021-07-23 22:10:00,0.18200836820083682,0.21912350597609564,0.8299329858525686,0.8182467416532764,0.47786313488895577,0.00033407572383073496,0.5,0.865284870404903,0.09235159062892416,0.2941064277387127,0.15953262419852202,0.7246425875595829,0.04871976703833909
2021-07-23 22:20:00,0.13528591352859135,0.5617529880478087,0.828741623231571,0.817532583467238,0.48859457407964824,0.00033407572383073496,0.5,0.865284870404903,0.09235159062892416,0.2941064277387127,0.15953262419852202,0.7246425875595829,0.02264737390044812
2021-07-23 22:30:00,0.1415620641562064,0.2350597609561753,0.8242740134028292,0.8228887698625245,0.5081205585583227,0.00022271714922048998,0.5,0.865284870404903,0.09235159062892416,0.2941064277387127,0.15953262419852202,0.7246425875595829,0.028539312280278225
2021-07-23 22:40:00,0.08228730822873082,0.5219123505976095,0.8239761727475801,0.824317086234601,0.5120205206056719,0.0811804008908686,0.5,0.865284870404903,0.09235159062892416,0.2941064277387127,0.15953262419852202,0.7246425875595829,0.0
2021-07-23 22:50:00,0.14435146443514643,0.14741035856573692,0.8281459419210719,0.8000357079093019,0.520056012877727,0.9993318485523385,0.5,0.865284870404903,0.09235159062892416,0.2941064277387127,0.15953262419852202,0.7246425875595829,0.0
2021-07-23 23:00:00,0.14714086471408647,-0.2270916334661356,0.8406552494415485,0.8061060524906267,0.520056012877727,0.9993318485523385,0.5,0.8383727627998319,0.11137419649604673,0.2948505730159582,0.08894397156356028,0.8464603443262205,0.0
2021-07-23 23:10:00,0.1631799163179916,-0.601593625498008,0.8483991064780338,0.807534368862703,0.520056012877727,0.9993318485523385,0.5,0.8383727627998319,0.11137419649604673,0.2948505730159582,0.08894397156356028,0.8464603443262205,0.0
2021-07-23 23:20:00,0.11715481171548117,-0.47410358565737054,0.8483991064780338,0.8057489733976075,0.520056012877727,0.9993318485523385,0.5,0.8383727627998319,0.11137419649604673,0.2948505730159582,0.08894397156356028,0.8464603443262205,0.0
2021-07-23 23:30:00,0.10320781032078104,-0.35617529880478094,0.8495904690990319,0.8003927870023211,0.520056012877727,0.9993318485523385,0.5,0.8383727627998319,0.11137419649604673,0.2948505730159582,0.08894397156356028,0.8464603443262205,0.0
2021-07-23 23:40:00,0.1603905160390516,-0.23824701195219133,0.8504839910647801,0.797536154258168,0.520056012877727,0.9993318485523385,0.5,0.8383727627998319,0.11137419649604673,0.2948505730159582,0.08894397156356028,0.8464603443262205,0.0
2021-07-23 23:50:00,0.16875871687587168,-0.12031872509960173,0.8510796723752789,0.7918228887698626,0.5244925468846108,0.9993318485523385,0.5,0.8383727627998319,0.11137419649604673,0.2948505730159582,0.08894397156356028,0.8464603443262205,0.0
2021-07-24 00:00:00,0.18479776847977683,-0.0023904382470120167,0.8489947877885329,0.797536154258168,0.6386384159348785,0.9501113585746102,0.5,0.8312396376120121,0.12314694819357042,0.29896772035253816,0.03658192799274217,0.7919180631940105,0.0
2021-07-24 00:10:00,0.28591352859135283,0.11553784860557759,0.8451228592702902,0.8114622388859132,0.6703092486683855,0.01135857461024499,0.5,0.8312396376120121,0.12314694819357042,0.29896772035253816,0.03658192799274217,0.7919180631940105,0.1022451227424295
2021-07-24 00:20:00,0.14016736401673638,0.003984063745019917,0.8326135517498137,0.8036064988394929,0.6884610854458129,0.025278396436525612,0.5,0.8312396376120121,0.12314694819357042,0.29896772035253816,0.03658192799274217,0.7919180631940105,0.015616277139882614
2021-07-24 00:30:00,0.10251046025104603,0.10756972111553775,0.8260610573343259,0.7714693804677737,0.6895211422439178,0.4797327394209354,0.5,0.8312396376120121,0.12314694819357042,0.29896772035253816,0.03658192799274217,0.7919180631940105,0.0
2021-07-24 00:40:00,0.11785216178521618,0.08897742363877814,0.8335070737155619,0.7675415104445635,0.6895211422439178,0.9995545657015591,0.5,0.8312396376120121,0.12314694819357042,0.29896772035253816,0.03658192799274217,0.7919180631940105,0.0
2021-07-24 00:50:00,0.1087866108786611,0.07038512616201853,0.8397617274758002,0.7786109623281556,0.6895211422439178,0.9995545657015591,0.5,0.8312396376120121,0.12314694819357042,0.29896772035253816,0.03658192799274217,0.7919180631940105,0.0
2021-07-24 01:00:00,0.08647140864714087,0.05179282868525892,0.8421444527177959,0.7789680414211748,0.6895211422439178,0.9995545657015591,0.5,0.7737511519323279,0.12976463117121134,0.34537116401542717,0.018052601844567657,0.5012948262069556,0.0
2021-07-24 01:10:00,0.0808926080892608,-0.2934926958831341,0.8412509307520475,0.7764684877700412,0.6895211422439178,0.9995545657015591,0.5,0.7737511519323279,0.12976463117121134,0.34537116401542717,0.018052601844567657,0.5012948262069556,0.0
2021-07-24 01:20:00,0.09483960948396096,-0.6387782204515273,0.8344005956813103,0.7718264595607927,0.6895211422439178,0.9995545657015591,0.5,0.7737511519323279,0.12976463117121134,0.34537116401542717,0.018052601844567657,0.5012948262069556,0.0
2021-07-24 01:30:00,0.1506276150627615,-0.9840637450199203,0.836187639612807,0.7700410640956972,0.6895211422439178,0.9995545657015591,0.5,0.7737511519323279,0.12976463117121134,0.34537116401542717,0.018052601844567657,0.5012948262069556,0.0
2021-07-24 01:40:00,0.19107391910739194,-0.26294820717131473,0.838868205510052,0.7639707195143723,0.6830953658504666,0.9256124721603565,0.5,0.7737511519323279,0.12976463117121134,0.34537116401542717,0.018052601844567657,0.5012948262069556,0.0
2021-07-24 01:50:00,0.09693165969316596,0.4581673306772909,0.8335070737155619,0.7611140867702197,0.6775333394406565,0.1026726057906459,0.5,0.7737511519323279,0.12976463117121134,0.34537116401542717,0.018052601844567657,0.5012948262069556,0.0
2021-07-24 02:00:00,0.13737796373779637,0.42416998671978745,0.831422189128816,0.762899482235315,0.693774456557302,0.9995545657015591,0.5,0.7537278914877246,0.1331007709615031,0.35216865466827524,0.12390429868759321,0.23132321714819623,0.0
2021-07-24 02:10:00,0.17294281729428174,0.390172642762284,0.8296351451973192,0.7603999285841814,0.664119040452291,0.9995545657015591,0.5,0.7537278914877246,0.1331007709615031,0.35216865466827524,0.12390429868759321,0.23132321714819623,0.0
2021-07-24 02:20:00,0.1206415620641562,0.3561752988047808,0.823380491437081,0.7678985895375825,0.608956825587939,0.9995545657015591,0.5,0.7537278914877246,0.1331007709615031,0.35216865466827524,0.12390429868759321,0.23132321714819623,0.0
2021-07-24 02:30:00,0.08368200836820083,0.3221779548472774,0.8251675353685777,0.7618282449562577,0.608956825587939,0.9995545657015591,0.5,0.7537278914877246,0.1331007709615031,0.35216865466827524,0.12390429868759321,0.23132321714819623,0.0
2021-07-24 02:40:00,0.048814504881450484,0.2881806108897742,0.8230826507818316,0.7539725049098376,0.608956825587939,0.9995545657015591,0.5,0.7537278914877246,0.1331007709615031,0.35216865466827524,0.12390429868759321,0.23132321714819623,0.0
2021-07-24 02:50:00,0.030683403068340307,0.2541832669322708,0.8156366344005956,0.7475450812354936,0.608956825587939,0.9995545657015591,0.5,0.7537278914877246,0.1331007709615031,0.35216865466827524,0.12390429868759321,0.23132321714819623,0.0
2021-07-24 03:00:00,0.0502092050209205,0.22018592297476736,0.8123603871928518,0.7400464202820924,0.608956825587939,0.9995545657015591,0.5,0.7331346267439078,0.12694572235615945,0.3657947054342516,0.21670738970001044,0.2160884289471523,0.0
2021-07-24 03:10:00,0.024407252440725242,0.18618857901726416,0.8081906180193594,0.7357614711658633,0.608956825587939,0.9995545657015591,0.5,0.7331346267439078,0.12694572235615945,0.3657947054342516,0.21670738970001044,0.2160884289471523,0.0
2021-07-24 03:20:00,0.06485355648535565,0.15219123505976073,0.8025316455696201,0.7296911265845385,0.608956825587939,0.9995545657015591,0.5,0.7331346267439078,0.12694572235615945,0.3657947054342516,0.21670738970001044,0.2160884289471523,0.0
2021-07-24 03:30:00,0.07601115760111576,0.11819389110225753,0.7968726731198807,0.7229066238171755,0.608956825587939,0.9995545657015591,0.5,0.7331346267439078,0.12694572235615945,0.3657947054342516,0.21670738970001044,0.2160884289471523,0.0
2021-07-24 03:40:00,0.07601115760111576,0.08419654714475411,0.7891288160833951,0.7186216747009462,0.608956825587939,0.9995545657015591,0.5,0.7331346267439078,0.12694572235615945,0.3657947054342516,0.21670738970001044,0.2160884289471523,0.0
2021-07-24 03:50:00,0.08228730822873082,0.05019920318725091,0.7885331347728963,0.7121942510266024,0.608956825587939,0.9995545657015591,0.5,0.7331346267439078,0.12694572235615945,0.3657947054342516,0.21670738970001044,0.2160884289471523,0.0
2021-07-24 04:00:00,0.18967921896792192,0.016201859229747706,0.7873417721518985,0.707909301910373,0.6071508028948712,0.9995545657015591,0.5,0.676655872495141,0.13343697109540795,0.43954789750426004,0.18541802051188444,0.21392546244408492,0.0
2021-07-24 04:10:00,0.2510460251046025,-0.017795484727755717,0.7825763216679076,0.7125513301196216,0.45113923387993876,0.9566815144766146,0.5,0.676655872495141,0.13343697109540795,0.43954789750426004,0.18541802051188444,0.21392546244408492,0.0
2021-07-24 04:20:00,0.19665271966527195,-0.05179282868525903,0.7760238272524196,0.7321906802356721,0.3620813757181558,0.015924276169265034,0.5,0.676655872495141,0.13343697109540795,0.43954789750426004,0.18541802051188444,0.21392546244408492,0.05170722875205577
2021-07-24 04:30:00,0.11018131101813111,0.10756972111553775,0.7644080416976917,0.7461167648634173,0.35620525840520345,0.001893095768374165,0.5,0.676655872495141,0.13343697109540795,0.43954789750426004,0.18541802051188444,0.21392546244408492,0.01005627895046547
2021-07-24 04:40:00,0.09065550906555091,0.22709163346613526,0.7307520476545046,0.7043385109801821,0.3637041787177238,0.3633630289532294,0.5,0.676655872495141,0.13343697109540795,0.43954789750426004,0.18541802051188444,0.21392546244408492,0.0
2021-07-24 04:50:00,0.08298465829846582,0.6653386454183265,0.7292628443782574,0.6825566863060168,0.36774809909567996,0.9993318485523385,0.5,0.676655872495141,0.13343697109540795,0.43954789750426004,0.18541802051188444,0.21392546244408492,0.0
2021-07-24 05:00:00,0.030683403068340307,0.09960159362549792,0.7334326135517495,0.6893411890733796,0.36774809909567996,0.9993318485523385,0.5,0.656469748914607,0.13327030778116378,0.4497404558739478,0.13819785671100615,0.21401191589323124,0.0
2021-07-24 05:10:00,0.02301255230125523,-0.3665338645418327,0.7367088607594934,0.6871987145152652,0.36774809909567996,0.9993318485523385,0.5,0.656469748914607,0.13327030778116378,0.4497404558739478,0.13819785671100615,0.21401191589323124,0.0
2021-07-24 05:20:00,0.03207810320781032,-0.8326693227091634,0.7358153387937452,0.6839850026780931,0.36774809909567996,0.9993318485523385,0.5,0.656469748914607,0.13327030778116378,0.4497404558739478,0.13819785671100615,0.21401191589323124,0.0
2021-07-24 05:30:00,0.024407252440725242,-0.5904382470119522,0.7379002233804914,0.6779146580967683,0.36774809909567996,0.9993318485523385,0.5,0.656469748914607,0.13327030778116378,0.4497404558739478,0.13819785671100615,0.21401191589323124,0.0
2021-07-24 05:40:00,0.100418410041841,-0.3482071713147411,0.7393894266567385,0.6750580253526155,0.36774809909567996,0.9993318485523385,0.5,0.656469748914607,0.13327030778116378,0.4497404558739478,0.13819785671100615,0.21401191589323124,0.0
2021-07-24 05:50:00,0.14086471408647142,-0.10597609561752985,0.7423678332092329,0.6682735225852527,0.36774809909567996,0.9993318485523385,0.5,0.656469748914607,0.13327030778116378,0.4497404558739478,0.13819785671100615,0.21401191589323124,0.0
2021-07-24 06:00:00,0.24895397489539747,0.1362549800796813,0.7399851079672375,0.6618460989109087,0.32058211514049023,0.9993318485523385,0.5,0.6079628499948135,0.19807647547319276,0.5338173321174395,0.2115623275646723,0.13185203434617446,0.0
2021-07-24 06:10:00,0.2377963737796374,0.3784860557768923,0.7328369322412507,0.6743438671665776,0.20549397338079597,0.09086859688195992,0.5,0.6079628499948135,0.19807647547319276,0.5338173321174395,0.2115623275646723,0.13185203434617446,0.07040149674849495
2021-07-24 06:20:00,0.34309623430962344,-0.14741035856573714,0.7134772896500372,0.670058918050348,0.20203897344623156,0.00011135857461024499,0.5,0.6079628499948135,0.19807647547319276,0.5338173321174395,0.2115623275646723,0.13185203434617446,0.16861807263454895
2021-07-24 06:30:00,0.3207810320781032,0.05976095617529875,0.6783320923306031,0.6293519014461701,0.1825915116933426,0.00011135857461024499,0.5,0.6079628499948135,0.19807647547319276,0.5338173321174395,0.2115623275646723,0.13185203434617446,0.14799251625752524
2021-07-24 06:40:00,0.3186889818688982,0.003984063745019917,0.6613551749813849,0.6039992858418142,0.1806677049115965,0.00011135857461024499,0.5,0.6079628499948135,0.19807647547319276,0.5338173321174395,0.2115623275646723,0.13185203434617446,0.1433378094965071
2021-07-24 06:50:00,0.3075313807531381,0.22709163346613526,0.6491437081161577,0.5897161221210496,0.1806677049115965,0.00011135857461024499,0.5,0.6079628499948135,0.19807647547319276,0.5338173321174395,0.2115623275646723,0.13185203434617446,0.14233444483003152
2021-07-24 07:00:00,0.18758716875871687,0.5697211155378485,0.6399106478034249,0.5765041956793431,0.1893052047480075,0.00022271714922048998,0.5,0.5926461440660016,0.205840687112615,0.5537859912749347,0.198347871676432,0.1272923821774766,0.055109615703788646
2021-07-24 07:10:00,0.15271966527196654,0.4820717131474104,0.6348473566641846,0.5886448848419923,0.20838622711389723,0.00033407572383073496,0.5,0.5926461440660016,0.205840687112615,0.5537859912749347,0.198347871676432,0.1272923821774766,0.03294506389848666
2021-07-24 07:20:00,0.17782426778242677,0.6494023904382469,0.6312732688011911,0.5943581503302982,0.2233448063760453,0.00044543429844097997,0.5,0.5926461440660016,0.205840687112615,0.5537859912749347,0.198347871676432,0.1272923821774766,0.04605670141979872
2021-07-24 07:30:00,0.20223152022315202,0.6733067729083664,0.6363365599404316,0.6007855740046419,0.29023308162437345,0.00033407572383073496,0.5,0.5926461440660016,0.205840687112615,0.5537859912749347,0.198347871676432,0.1272923821774766,0.06211053608340752
2021-07-24 07:40:00,0.19386331938633192,0.24302788844621515,0.6381236038719285,0.6000714158186038,0.31160435015900856,0.00033407572383073496,0.5,0.5926461440660016,0.205840687112615,0.5537859912749347,0.198347871676432,0.1272923821774766,0.054181691989679676
2021-07-24 07:50:00,0.100418410041841,0.09960159362549792,0.63723008190618,0.6029280485627568,0.31160435015900856,0.00022271714922048998,0.5,0.5926461440660016,0.205840687112615,0.5537859912749347,0.198347871676432,0.1272923821774766,0.0018332151425079592
2021-07-24 08:00:00,0.06415620641562064,-1.0,0.6393149664929261,0.6000714158186038,0.31160435015900856,0.8365256124721604,0.5,0.614981940969701,0.216231282704084,0.5181628894445884,0.22630528621087162,0.1532070869189521,0.0
2021-07-24 08:10:00,0.1087866108786611,-0.14342629482071723,0.6595681310498882,0.6025709694697374,0.31160435015900856,0.9995545657015591,0.5,0.614981940969701,0.216231282704084,0.5181628894445884,0.22630528621087162,0.1532070869189521,0.0
2021-07-24 08:20:00,0.20711297071129708,0.7131474103585655,0.6640357408786297,0.6111408677021961,0.3298347096622214,0.7074610244988865,0.5,0.614981940969701,0.216231282704084,0.5181628894445884,0.22630528621087162,0.1532070869189521,0.004820676856224633
2021-07-24 08:30:00,0.2280334728033473,-0.3784860557768924,0.6720774385703647,0.6372076414925907,0.34389027757783563,0.00022271714922048998,0.5,0.614981940969701,0.216231282704084,0.5181628894445884,0.22630528621087162,0.1532070869189521,0.07104274484361091
2021-07-24 08:40:00,0.200836820083682,-0.13147410358565736,0.6488458674609083,0.6286377432601322,0.324560599913625,0.00033407572383073496,0.5,0.614981940969701,0.216231282704084,0.5181628894445884,0.22630528621087162,0.1532070869189521,0.051314935799749536
2021-07-24 08:50:00,0.2789400278940028,0.40239043824701204,0.6363365599404316,0.6022138903767185,0.32792399000143957,0.00033407572383073496,0.5,0.614981940969701,0.216231282704084,0.5181628894445884,0.22630528621087162,0.1532070869189521,0.11330476635937052
2021-07-24 09:00:00,0.30613668061366806,0.2589641434262948,0.6306775874906922,0.5886448848419923,0.35204355393856906,0.00033407572383073496,0.5,0.5874835861108398,0.2217742746553935,0.5680589208853605,0.07677755991318325,0.4488595651282999,0.14438643873440257
2021-07-24 09:10:00,0.31520223152022314,-0.3067729083665339,0.6282948622486968,0.5861453311908589,0.3347292929028543,0.00022271714922048998,0.5,0.5874835861108398,0.2217742746553935,0.5680589208853605,0.07677755991318325,0.4488595651282999,0.1382380011165261
2021-07-24 09:20:00,0.33054393305439334,-0.09960159362549814,0.6274013402829486,0.580074986609534,0.33024041041211344,0.00022271714922048998,0.5,0.5874835861108398,0.2217742746553935,0.5680589208853605,0.07677755991318325,0.4488595651282999,0.16617378577787167
2021-07-24 09:30:00,0.2719665271966527,0.3545816733067728,0.6274013402829486,0.5825745402606679,0.316224103859392,0.00022271714922048998,0.5,0.5874835861108398,0.2217742746553935,0.5680589208853605,0.07677755991318325,0.4488595651282999,0.12097711121505199
2021-07-24 09:40:00,0.2754532775453278,0.11553784860557759,0.6247207743857035,0.5797179075165149,0.32927196346075827,0.00033407572383073496,0.5,0.5874835861108398,0.2217742746553935,0.5680589208853605,0.07677755991318325,0.4488595651282999,0.10826531074128279
2021-07-24 09:50:00,0.198744769874477,-0.298804780876494,0.6268056589724496,0.5886448848419923,0.3028228919919907,0.00033407572383073496,0.5,0.5874835861108398,0.2217742746553935,0.5680589208853605,0.07677755991318325,0.4488595651282999,0.0564373764654405
2021-07-24 10:00:00,0.1603905160390516,-0.1394422310756973,0.6274013402829486,0.600428494911623,0.3037782518223816,0.00033407572383073496,0.5,0.5552542289215978,0.22610464732031318,0.6519250320554401,0.37628332354099303,0.5934927855095884,0.03060639437512259
2021-07-24 10:10:00,0.20292887029288703,0.4422310756972112,0.6274013402829486,0.6097125513301196,0.3014094829278507,0.00044543429844097997,0.5,0.5552542289215978,0.22610464732031318,0.6519250320554401,0.37628332354099303,0.5934927855095884,0.06390603074973218
2021-07-24 10:20:00,0.29428172942817293,0.17928286852589648,0.6294862248696946,0.6050705231208713,0.3229247097930926,0.00033407572383073496,0.5,0.5552542289215978,0.22610464732031318,0.6519250320554401,0.37628332354099303,0.5934927855095884,0.13383979359355433
2021-07-24 10:30:00,0.3068340306834031,0.2828685258964143,0.629784065524944,0.5940010712372792,0.3336168876208923,0.00022271714922048998,0.5,0.5552542289215978,0.22610464732031318,0.6519250320554401,0.37628332354099303,0.5934927855095884,0.14196478416343528
2021-07-24 10:40:00,0.3396094839609484,0.22709163346613526,0.6262099776619507,0.5890019639350117,0.35918912198505454,0.00033407572383073496,0.5,0.5552542289215978,0.22610464732031318,0.6519250320554401,0.37628332354099303,0.5934927855095884,0.18414382063159165
2021-07-24 10:50:00,0.3458856345885635,-0.06772908366533881,0.6178704393149663,0.5861453311908589,0.38084830718090323,0.00033407572383073496,0.5,0.5552542289215978,0.22610464732031318,0.6519250320554401,0.37628332354099303,0.5934927855095884,0.18148829910828795
2021-07-24 11:00:00,0.4121338912133891,-0.01195219123505975,0.6137006701414742,0.5815033029816103,0.37738022012537464,0.00033407572383073496,0.5,0.5725414687299777,0.2287712603482117,0.6129762298338596,0.560236248659767,0.6543322976202142,0.24912865700016598
2021-07-24 11:10:00,0.48535564853556484,0.03585657370517925,0.6125093075204764,0.5843599357257632,0.38210467079347216,0.00033407572383073496,0.5,0.5725414687299777,0.2287712603482117,0.6129762298338596,0.560236248659767,0.6543322976202142,0.37304042126227804
2021-07-24 11:20:00,0.5299860529986052,0.05976095617529875,0.6125093075204764,0.5818603820746295,0.38919789035610053,0.00044543429844097997,0.5,0.5725414687299777,0.2287712603482117,0.6129762298338596,0.560236248659767,0.6543322976202142,0.510554189236085
2021-07-24 11:30:00,0.597629009762901,0.003984063745019917,0.6125093075204764,0.5807891447955722,0.3937391213306985,0.00044543429844097997,0.5,0.5725414687299777,0.2287712603482117,0.6129762298338596,0.560236248659767,0.6543322976202142,0.6320669312129397
2021-07-24 11:40:00,0.6199442119944213,-0.1633466135458168,0.6128071481757258,0.5861453311908589,0.3940532122338407,0.00033407572383073496,0.5,0.5725414687299777,0.2287712603482117,0.6129762298338596,0.560236248659767,0.6543322976202142,0.6981607495813028
2021-07-24 11:50:00,0.5481171548117155,0.24302788844621515,0.6154877140729709,0.5907873594001072,0.3937914698145555,0.00022271714922048998,0.5,0.5725414687299777,0.2287712603482117,0.6129762298338596,0.560236248659767,0.6543322976202142,0.5526426965614014
2021-07-24 12:00:00,0.5585774058577406,-0.1394422310756973,0.6154877140729709,0.6011426530976611,0.4027430605541087,0.00033407572383073496,0.5,0.6070182571476503,0.22464490656797148,0.5829468989952137,0.6938157379084443,0.6909937834941415,0.5326433000890203
2021-07-24 12:10:00,0.5864714086471409,-0.06772908366533881,0.6178704393149663,0.6082842349580433,0.39262671604873645,0.00022271714922048998,0.5,0.6070182571476503,0.22464490656797148,0.5829468989952137,0.6938157379084443,0.6909937834941415,0.6342622629268072
2021-07-24 12:20:00,0.5299860529986052,0.11553784860557759,0.6253164556962023,0.6147116586323871,0.40011254924029266,0.00044543429844097997,0.5,0.6070182571476503,0.22464490656797148,0.5829468989952137,0.6938157379084443,0.6909937834941415,0.5165819213301749
2021-07-24 12:30:00,0.5599721059972106,-0.36254980079681276,0.629188384214445,0.6275665059810749,0.40161756815118244,0.000779510022271715,0.5,0.6070182571476503,0.22464490656797148,0.5829468989952137,0.6938157379084443,0.6909937834941415,0.567466843701435
2021-07-24 12:40:00,0.6199442119944213,0.05179282868525892,0.6369322412509306,0.6361364042135333,0.3915404850087029,0.00044543429844097997,0.5,0.6070182571476503,0.22464490656797148,0.5829468989952137,0.6938157379084443,0.6909937834941415,0.746654193762542
2021-07-24 12:50:00,0.7029288702928871,0.1872509960159361,0.6470588235294115,0.6386359578646672,0.3915404850087029,0.0028953229398663697,0.5,0.6070182571476503,0.22464490656797148,0.5829468989952137,0.6938157379084443,0.6909937834941415,0.9266789383949182
2021-07-24 13:00:00,0.7468619246861925,0.17928286852589648,0.6568875651526431,0.641849669701839,0.40683932941592177,0.00957683741648107,0.5,0.7344374984782651,0.21891513676448984,0.4796792414283481,0.796499847462446,0.7129058750182772,0.9402884862018499
2021-07-24 13:10:00,0.6436541143654114,0.01195219123505975,0.6589724497393892,0.6604177825388324,0.4080956930284907,0.0024498886414253897,0.5,0.7344374984782651,0.21891513676448984,0.4796792414283481,0.796499847462446,0.7129058750182772,0.7856722543265386
2021-07-24 13:20:00,0.7405857740585774,-0.13147410358565736,0.6649292628443781,0.6722013926084627,0.4227401813874965,0.005790645879732739,0.5,0.7344374984782651,0.21891513676448984,0.4796792414283481,0.796499847462446,0.7129058750182772,0.9663835116254508
2021-07-24 13:30:00,0.6722454672245468,0.03585657370517925,0.6670141474311242,0.6829137653990358,0.42830220779730666,0.004231625835189309,0.5,0.7344374984782651,0.21891513676448984,0.4796792414283481,0.796499847462446,0.7129058750182772,0.8295562563181798
2021-07-24 13:40:00,0.7649930264993027,-0.17131474103585675,0.6661206254653758,0.6939832172826281,0.4272290638782375,0.0036748329621380848,0.5,0.7344374984782651,0.21891513676448984,0.4796792414283481,0.796499847462446,0.7129058750182772,0.8313178779968918
2021-07-24 13:50:00,0.7189679218967923,-0.14741035856573714,0.6631422189128813,0.6989823245848956,0.42708510554763063,0.02494432071269488,0.5,0.7344374984782651,0.21891513676448984,0.4796792414283481,0.796499847462446,0.7129058750182772,0.8330793487936992
2021-07-24 14:00:00,0.8995815899581591,0.33864541832669315,0.6553983618763959,0.690055347259418,0.4137624164060148,0.06146993318485523,0.5,0.7491353378317755,0.19512825891433194,0.48974676107217285,0.8335982720936255,0.7254057855053195,0.831381927365451
2021-07-24 14:10:00,0.8417015341701535,0.08366533864541825,0.6330603127326879,0.6622031780039279,0.43669105233539673,0.03585746102449889,0.5,0.7491353378317755,0.19512825891433194,0.48974676107217285,0.8335982720936255,0.7254057855053195,0.829684505937203
2021-07-24 14:20:00,0.8221757322175731,-0.3227091633466136,0.6116157855547282,0.6554186752365649,0.4405124916569604,0.030734966592427616,0.5,0.7491353378317755,0.19512825891433194,0.48974676107217285,0.8335982720936255,0.7254057855053195,0.8279870845089549
2021-07-24 14:30:00,0.6638772663877266,-0.06772908366533881,0.5970215934475054,0.6582753079807178,0.43340618497336775,0.000779510022271715,0.5,0.7491353378317755,0.19512825891433194,0.48974676107217285,0.8335982720936255,0.7254057855053195,0.8262896630807067
2021-07-24 14:40:00,0.6157601115760112,0.043824701195219085,0.6017870439314965,0.6707730762363864,0.4280535524989858,0.0014476614699331849,0.5,0.7491353378317755,0.19512825891433194,0.48974676107217285,0.8335982720936255,0.7254057855053195,0.7030719555803673
2021-07-24 14:50:00,0.6513249651324965,0.019920318725099362,0.6038719285182426,0.6793429744688448,0.4206724162751436,0.0006681514476614699,0.5,0.7491353378317755,0.19512825891433194,0.48974676107217285,0.8335982720936255,0.7254057855053195,0.7707123134722453
2021-07-24 15:00:00,0.5348675034867504,0.17928286852589648,0.6050632911392404,0.6850562399571505,0.4206724162751436,0.00033407572383073496,0.5,0.7654780181460819,0.1830365481154107,0.4560914339976238,0.8469579686072192,0.7366746576408666,0.5342275600887185
2021-07-24 15:10:00,0.5174337517433751,-0.07569721115537853,0.6148920327624718,0.6986252454918764,0.4206724162751436,0.00033407572383073496,0.5,0.7654780181460819,0.1830365481154107,0.4560914339976238,0.8469579686072192,0.7366746576408666,0.4774582434328651
2021-07-24 15:20:00,0.49790794979079495,-0.21912350597609564,0.6282948622486968,0.7104088555615069,0.41250605279344604,0.00033407572383073496,0.5,0.7654780181460819,0.1830365481154107,0.4560914339976238,0.8469579686072192,0.7366746576408666,0.4307980143941337
2021-07-24 15:30:00,0.4867503486750349,0.09163346613545809,0.6375279225614294,0.7171933583288699,0.3980578712489039,0.00033407572383073496,0.5,0.7654780181460819,0.1830365481154107,0.4560914339976238,0.8469579686072192,0.7366746576408666,0.4325105240128551
2021-07-24 15:40:00,0.5125523012552301,0.03585657370517925,0.6413998510796721,0.717907516514908,0.40758529531088455,0.00033407572383073496,0.5,0.7654780181460819,0.1830365481154107,0.4560914339976238,0.8469579686072192,0.7366746576408666,0.44494319296286794
2021-07-24 15:50:00,0.49372384937238495,-0.02788844621513953,0.6443782576321666,0.7121942510266024,0.40770307939956285,0.00044543429844097997,0.5,0.7654780181460819,0.1830365481154107,0.4560914339976238,0.8469579686072192,0.7366746576408666,0.4367503055358571
2021-07-24 16:00:00,0.50278940027894,-0.019920318725099695,0.6428890543559194,0.7086234600964114,0.4073628142544921,0.0006681514476614699,0.5,0.7861771122428185,0.17982684256351136,0.4130902864566194,0.8175760568021572,0.7357396553925176,0.44454335591532507
2021-07-24 16:10:00,0.5502092050209205,0.17928286852589648,0.6428890543559194,0.7082663810033922,0.41119734069702013,0.0024498886414253897,0.5,0.7861771122428185,0.17982684256351136,0.4130902864566194,0.8175760568021572,0.7357396553925176,0.5635665464640826
2021-07-24 16:20:00,0.602510460251046,-0.2270916334661356,0.6384214445271779,0.6921978218175326,0.41990027613825237,0.00044543429844097997,0.5,0.7861771122428185,0.17982684256351136,0.4130902864566194,0.8175760568021572,0.7357396553925176,0.644839084448602
2021-07-24 16:30:00,0.5264993026499303,-0.08366533864541836,0.6363365599404316,0.6864845563292268,0.4065121513918153,0.0012249443207126948,0.5,0.7861771122428185,0.17982684256351136,0.4130902864566194,0.8175760568021572,0.7357396553925176,0.512915491045159
2021-07-24 16:40:00,0.598326359832636,-0.06772908366533881,0.6363365599404316,0.6818425281199787,0.4143513368494065,0.0044543429844098,0.5,0.7861771122428185,0.17982684256351136,0.4130902864566194,0.8175760568021572,0.7357396553925176,0.6554083618751603
2021-07-24 16:50:00,0.45676429567642957,-0.17131474103585675,0.637825763216679,0.6864845563292268,0.4055044430775674,0.00033407572383073496,0.5,0.7861771122428185,0.17982684256351136,0.4130902864566194,0.8175760568021572,0.7357396553925176,0.3803883700227832
2021-07-24 17:00:00,0.41841004184100417,-0.03585657370517936,0.6411020104244229,0.6996964827709338,0.39283610998416457,0.00033407572383073496,0.5,0.8056792306642966,0.1733930639326219,0.40036258694217797,0.7855739372137213,0.7396588464652163,0.2885842750878887
2021-07-24 17:10:00,0.4372384937238493,-0.11553784860557781,0.6470588235294115,0.7004106409569719,0.3901009017026345,0.00022271714922048998,0.5,0.8056792306642966,0.1733930639326219,0.40036258694217797,0.7855739372137213,0.7396588464652163,0.3145510508924665
2021-07-24 17:20:00,0.44421199442119946,-0.06772908366533881,0.6515264333581532,0.7004106409569719,0.37571815576291373,0.00033407572383073496,0.5,0.8056792306642966,0.1733930639326219,0.40036258694217797,0.7855739372137213,0.7396588464652163,0.3274665419376254
2021-07-24 17:30:00,0.44142259414225943,0.22709163346613526,0.6559940431868949,0.6996964827709338,0.37714465194801794,0.00022271714922048998,0.5,0.8056792306642966,0.1733930639326219,0.40036258694217797,0.7855739372137213,0.7396588464652163,0.3350332694599937
2021-07-24 17:40:00,0.45397489539748953,-0.15537848605577698,0.6589724497393892,0.696839850026781,0.37901611024590703,0.00033407572383073496,0.5,0.8056792306642966,0.1733930639326219,0.40036258694217797,0.7855739372137213,0.7396588464652163,0.3392051541258657
2021-07-24 17:50:00,0.4379358437935844,-0.05179282868525903,0.6616530156366343,0.6904124263524369,0.3801285155278691,0.00033407572383073496,0.5,0.8056792306642966,0.1733930639326219,0.40036258694217797,0.7855739372137213,0.7396588464652163,0.32011859317712027
2021-07-24 18:00:00,0.5104602510460251,-0.019920318725099695,0.6619508562918837,0.689698268166399,0.37406917852141713,0.000556792873051225,0.5,0.7773095596958597,0.21147275773188584,0.3628050624705395,0.7188645066320419,0.7618457744119955,0.43699171658343017
2021-07-24 18:10:00,0.5216178521617852,0.003984063745019917,0.6625465376023827,0.6886270308873417,0.3742785724568452,0.003006681514476615,0.5,0.7773095596958597,0.21147275773188584,0.3628050624705395,0.7188645066320419,0.7618457744119955,0.4780014182899045
2021-07-24 18:20:00,0.5662482566248256,-0.1633466135458168,0.6658227848101264,0.6864845563292268,0.37675203831909015,0.004677060133630289,0.5,0.7773095596958597,0.21147275773188584,0.3628050624705395,0.7188645066320419,0.7618457744119955,0.5542345006563363
2021-07-24 18:30:00,0.5390516039051604,-0.03585657370517936,0.6664184661206252,0.6871987145152652,0.367499443797359,0.005790645879732739,0.5,0.7773095596958597,0.21147275773188584,0.3628050624705395,0.7188645066320419,0.7618457744119955,0.5209801288531467
2021-07-24 18:40:00,0.509065550906555,-0.059760956175298974,0.6711839166046163,0.6889841099803606,0.3638481370483307,0.0023385300668151447,0.5,0.7773095596958597,0.21147275773188584,0.3628050624705395,0.7188645066320419,0.7618457744119955,0.44878313743832704
2021-07-24 18:50:00,0.5523012552301255,-0.11553784860557781,0.6750558451228592,0.6957686127477234,0.36324612948397483,0.0014476614699331849,0.5,0.7773095596958597,0.21147275773188584,0.3628050624705395,0.7188645066320419,0.7618457744119955,0.5522805799900419
2021-07-24 19:00:00,0.5606694560669455,0.11553784860557759,0.6819061801935962,0.6971969291198001,0.36701522032168143,0.0017817371937639199,0.5,0.772757730162166,0.2016396221915084,0.36028437813587555,0.6070366747380632,0.761699749118719,0.587752915792809
2021-07-24 19:10:00,0.5523012552301255,0.01195219123505975,0.6872673119880861,0.6989823245848956,0.3646464514271505,0.004120267260579065,0.5,0.772757730162166,0.2016396221915084,0.36028437813587555,0.6070366747380632,0.761699749118719,0.5800579386514175
2021-07-24 19:20:00,0.5711297071129707,0.03585657370517925,0.6914370811615784,0.7007677200499909,0.368860504377642,0.0032293986636971047,0.5,0.772757730162166,0.2016396221915084,0.36028437813587555,0.6070366747380632,0.761699749118719,0.597069873410082
2021-07-24 19:30:00,0.49721059972105996,0.08366533864541825,0.6938198064035739,0.7086234600964114,0.3647380612739004,0.0008908685968819599,0.5,0.772757730162166,0.2016396221915084,0.36028437813587555,0.6070366747380632,0.761699749118719,0.44687448134345253
2021-07-24 19:40:00,0.5892608089260809,0.10756972111553775,0.6941176470588233,0.7111230137475453,0.37142558008663673,0.0008908685968819599,0.5,0.772757730162166,0.2016396221915084,0.36028437813587555,0.6070366747380632,0.761699749118719,0.6444920560677158
2021-07-24 19:50:00,0.5362622036262203,-0.19521912350597614,0.6887565152643333,0.7082663810033922,0.3836882124301475,0.000779510022271715,0.5,0.772757730162166,0.2016396221915084,0.36028437813587555,0.6070366747380632,0.761699749118719,0.5268268026615568
2021-07-24 20:00:00,0.5829846582984658,-0.1872509960159363,0.6822040208488456,0.7104088555615069,0.38410700030100375,0.001893095768374165,0.5,0.7708359918525072,0.20522288344774786,0.3489281733680956,0.530909422514853,0.7563242067125363,0.6193475866439339
2021-07-24 20:10:00,0.5516039051603905,-0.06772908366533881,0.681012658227848,0.707909301910373,0.3755480231903784,0.00044543429844097997,0.5,0.7708359918525072,0.20522288344774786,0.3489281733680956,0.530909422514853,0.7563242067125363,0.5606243493217858
2021-07-24 20:20:00,0.5320781032078103,0.09163346613545809,0.681012658227848,0.7114800928405642,0.367093743047467,0.000556792873051225,0.5,0.7708359918525072,0.20522288344774786,0.3489281733680956,0.530909422514853,0.7563242067125363,0.5515412586568493
2021-07-24 20:30:00,0.5390516039051604,0.08366533864541825,0.6804169769173491,0.7121942510266024,0.3670675688055385,0.00033407572383073496,0.5,0.7708359918525072,0.20522288344774786,0.3489281733680956,0.530909422514853,0.7563242067125363,0.5267890821853735
2021-07-24 20:40:00,0.5788005578800558,0.06772908366533859,0.6783320923306031,0.7096946973754685,0.36702830744264575,0.00044543429844097997,0.5,0.7708359918525072,0.20522288344774786,0.3489281733680956,0.530909422514853,0.7563242067125363,0.6342848952125172
2021-07-24 20:50:00,0.5627615062761506,0.11553784860557759,0.6783320923306031,0.7075522228173541,0.36701522032168143,0.0006681514476614699,0.5,0.7708359918525072,0.20522288344774786,0.3489281733680956,0.530909422514853,0.7563242067125363,0.6091027053125518
2021-07-24 21:00:00,0.5871687587168759,0.1394422310756971,0.6783320923306031,0.7075522228173541,0.36701522032168143,0.00033407572383073496,0.5,0.758010995179478,0.21289514291379225,0.33786186568685006,0.4146884617598133,0.7383177380543274,0.6708511248245999
2021-07-24 21:10:00,0.5502092050209205,0.019920318725099362,0.6780342516753535,0.707909301910373,0.3733886482312756,0.0006681514476614699,0.5,0.758010995179478,0.21289514291379225,0.33786186568685006,0.4146884617598133,0.7383177380543274,0.5833169877936539
2021-07-24 21:20:00,0.5306834030683404,-0.09960159362549814,0.6732688011913626,0.7143367255847171,0.3782832314719085,0.0006681514476614699,0.5,0.758010995179478,0.21289514291379225,0.33786186568685006,0.4146884617598133,0.7383177380543274,0.5589118397030645
2021-07-24 21:30:00,0.5899581589958159,0.2828685258964143,0.6720774385703647,0.7132654883056597,0.3785973223750507,0.000556792873051225,0.5,0.758010995179478,0.21289514291379225,0.33786186568685006,0.4146884617598133,0.7383177380543274,0.653650587685019
2021-07-24 21:40:00,0.5453277545327755,-0.19521912350597614,0.6702903946388681,0.7111230137475453,0.38957741686406405,0.00033407572383073496,0.5,0.758010995179478,0.21289514291379225,0.33786186568685006,0.4146884617598133,0.7383177380543274,0.5453701887532628
2021-07-24 21:50:00,0.509065550906555,-0.2270916334661356,0.6661206254653758,0.7171933583288699,0.38957741686406405,0.00033407572383073496,0.5,0.758010995179478,0.21289514291379225,0.33786186568685006,0.4146884617598133,0.7383177380543274,0.4682469031489053
2021-07-24 22:00:00,0.4818688981868898,-0.059760956175298974,0.6634400595681309,0.7150508837707554,0.38957741686406405,0.00022271714922048998,0.5,0.6701253042218673,0.2350671107190386,0.43523013022415535,0.3273249011309996,0.720949642284825,0.4117114534453883
2021-07-24 22:10:00,0.36541143654114366,0.22709163346613526,0.6592702903946388,0.7114800928405642,0.3917106175812383,0.00022271714922048998,0.5,0.6701253042218673,0.2350671107190386,0.43523013022415535,0.3273249011309996,0.720949642284825,0.21885420281545637
2021-07-24 22:20:00,0.30404463040446306,0.003984063745019917,0.6571854058078928,0.7075522228173541,0.40080616665139834,0.00022271714922048998,0.5,0.6701253042218673,0.2350671107190386,0.43523013022415535,0.3273249011309996,0.720949642284825,0.15032364168565263
2021-07-24 22:30:00,0.29009762900976294,-0.03585657370517936,0.6571854058078928,0.7025531155150866,0.40080616665139834,0.00022271714922048998,0.5,0.6701253042218673,0.2350671107190386,0.43523013022415535,0.3273249011309996,0.720949642284825,0.13922627759252834
2021-07-24 22:40:00,0.2629009762900976,-0.19521912350597614,0.6571854058078928,0.6986252454918764,0.40080616665139834,0.00033407572383073496,0.5,0.6701253042218673,0.2350671107190386,0.43523013022415535,0.3273249011309996,0.720949642284825,0.11299545845466753
2021-07-24 22:50:00,0.4100418410041841,0.2350597609561753,0.6568875651526431,0.69326905909659,0.40892018164923905,0.00022271714922048998,0.5,0.6701253042218673,0.2350671107190386,0.43523013022415535,0.3273249011309996,0.720949642284825,0.30334052537079226
2021-07-24 23:00:00,0.5334728033472803,0.10756972111553775,0.6571854058078928,0.6793429744688448,0.4146130792686917,0.00022271714922048998,0.5,0.6423744998287317,0.24614160059998746,0.46041084986133507,0.25595808782965673,0.7260907133292243,0.5254386891380117
2021-07-24 23:10:00,0.5536959553695956,0.31474103585657365,0.6571854058078928,0.669701838957329,0.4146130792686917,0.00022271714922048998,0.5,0.6423744998287317,0.24614160059998746,0.46041084986133507,0.25595808782965673,0.7260907133292243,0.5466828613244413
2021-07-24 23:20:00,0.4951185495118549,0.3067729083665336,0.6571854058078928,0.6672022853061954,0.4153459580426902,0.00033407572383073496,0.5,0.6423744998287317,0.24614160059998746,0.46041084986133507,0.25595808782965673,0.7260907133292243,0.4505484557237051
2021-07-24 23:30:00,0.44839609483960946,-0.33067729083665354,0.6545048399106477,0.6722013926084627,0.42584182905602597,0.00022271714922048998,0.5,0.6423744998287317,0.24614160059998746,0.46041084986133507,0.25595808782965673,0.7260907133292243,0.3314800006035276
2021-07-24 23:40:00,0.4344490934449094,-0.3944223107569722,0.6545048399106477,0.6754151044456349,0.42588109041891875,0.00033407572383073496,0.5,0.6423744998287317,0.24614160059998746,0.46041084986133507,0.25595808782965673,0.7260907133292243,0.30296332060895936
2021-07-24 23:50:00,0.37866108786610875,0.08366533864541825,0.6515264333581532,0.6732726298875202,0.41928518145293214,0.00022271714922048998,0.5,0.6423744998287317,0.24614160059998746,0.46041084986133507,0.25595808782965673,0.7260907133292243,0.23022315433710036
2021-07-25 00:00:00,0.3451882845188285,-0.24302788844621515,0.6485480268056589,0.6664881271201573,0.42588109041891875,0.00022271714922048998,0.5,0.6432865067074729,0.24768179950403266,0.4586842755686124,0.14964058490858387,0.797985995951716,0.18264254567949667
2021-07-25 00:10:00,0.3200836820083682,-0.29083665338645437,0.6464631422189129,0.6582753079807178,0.42588109041891875,0.00033407572383073496,0.5,0.6432865067074729,0.24768179950403266,0.4586842755686124,0.14964058490858387,0.797985995951716,0.15880320473165654
2021-07-25 00:20:00,0.3486750348675035,-0.2509960159362551,0.645271779597915,0.6518478843063737,0.42588109041891875,0.00033407572383073496,0.5,0.6432865067074729,0.24768179950403266,0.4586842755686124,0.14964058490858387,0.797985995951716,0.18200129758438072
2021-07-25 00:30:00,0.3207810320781032,-0.13147410358565736,0.643186895011169,0.6461346188180683,0.42588109041891875,0.00033407572383073496,0.5,0.6432865067074729,0.24768179950403266,0.4586842755686124,0.14964058490858387,0.797985995951716,0.15394480739924862
2021-07-25 00:40:00,0.2880055788005579,0.2828685258964143,0.6411020104244229,0.6368505623995715,0.42588109041891875,0.00033407572383073496,0.5,0.6432865067074729,0.24768179950403266,0.4586842755686124,0.14964058490858387,0.797985995951716,0.12662009445207237
2021-07-25 00:50:00,0.2294281729428173,0.4820717131474104,0.6396128071481755,0.635422246027495,0.4432476999384905,0.00033407572383073496,0.5,0.6432865067074729,0.24768179950403266,0.4586842755686124,0.14964058490858387,0.797985995951716,0.08386770674592997
2021-07-25 01:00:00,0.31450488145048816,0.6573705179282865,0.6324646314221889,0.6372076414925907,0.5478792320477418,0.00033407572383073496,0.5,0.5965546925628946,0.2629027577031497,0.5126644826738302,0.1324911251644821,0.9075194877721933,0.14215338654435175
2021-07-25 01:10:00,0.24407252440725244,0.17131474103585642,0.6274013402829486,0.62542403142296,0.5625629817696405,0.00033407572383073496,0.5,0.5965546925628946,0.2629027577031497,0.5126644826738302,0.1324911251644821,0.9075194877721933,0.07879053065165895
2021-07-25 01:20:00,0.17154811715481172,-0.02788844621513953,0.6274013402829486,0.6189966077486162,0.5627854628260328,0.00022271714922048998,0.5,0.5965546925628946,0.2629027577031497,0.5126644826738302,0.1324911251644821,0.9075194877721933,0.03683781704060232
2021-07-25 01:30:00,0.100418410041841,0.43426294820717115,0.6274013402829486,0.6311372969112659,0.5646307468819934,0.00033407572383073496,0.5,0.5965546925628946,0.2629027577031497,0.5126644826738302,0.1324911251644821,0.9075194877721933,0.004103987808742098
2021-07-25 01:40:00,0.08577405857740586,0.33333333333333326,0.6300819061801934,0.6164970540974826,0.5663844210912041,0.8966592427616926,0.5,0.5965546925628946,0.2629027577031497,0.5126644826738302,0.1324911251644821,0.9075194877721933,0.0
2021-07-25 01:50:00,0.18549511854951187,0.23240371845949537,0.6393149664929261,0.6172112122835207,0.6057635680726597,0.810022271714922,0.5,0.5965546925628946,0.2629027577031497,0.5126644826738302,0.1324911251644821,0.9075194877721933,0.0
2021-07-25 02:00:00,0.09274755927475593,0.13147410358565725,0.6470588235294115,0.6286377432601322,0.6493175066417138,0.9993318485523385,0.5,0.5914816876529863,0.2638280264477443,0.523979219223195,0.14337250942006238,0.9600521837972948,0.0
2021-07-25 02:10:00,0.15271966527196654,0.030544488711819362,0.6503350707371554,0.6236386359578647,0.6493175066417138,0.9993318485523385,0.5,0.5914816876529863,0.2638280264477443,0.523979219223195,0.14337250942006238,0.9600521837972948,0.0
2021-07-25 02:20:00,0.17224546722454673,-0.07038512616201864,0.6533134772896498,0.6132833422603108,0.6493175066417138,0.9993318485523385,0.5,0.5914816876529863,0.2638280264477443,0.523979219223195,0.14337250942006238,0.9600521837972948,0.0
2021-07-25 02:30:00,0.22175732217573224,-0.17131474103585675,0.650037230081906,0.615068737725406,0.6165342686262449,0.20456570155902007,0.5,0.5914816876529863,0.2638280264477443,0.523979219223195,0.14337250942006238,0.9600521837972948,0.04972313170481464
2021-07-25 02:40:00,0.22733612273361226,0.019920318725099362,0.6467609828741621,0.6543474379575076,0.6214681132297706,0.00033407572383073496,0.5,0.5914816876529863,0.2638280264477443,0.523979219223195,0.14337250942006238,0.9600521837972948,0.07206874179579643
2021-07-25 02:50:00,0.16666666666666669,-0.01195219123505975,0.6169769173492181,0.6182824495625783,0.6214681132297706,0.00022271714922048998,0.5,0.5914816876529863,0.2638280264477443,0.523979219223195,0.14337250942006238,0.9600521837972948,0.03624183351690632
2021-07-25 03:00:00,0.13528591352859135,0.5139442231075697,0.6050632911392404,0.6011426530976611,0.628155632042507,0.00022271714922048998,0.5,0.5601073369125644,0.2611384253765013,0.5992397239662335,0.12792307469624176,0.9694111954365956,0.0270983900900765
2021-07-25 03:10:00,0.24686192468619247,0.33864541832669315,0.5982129560685032,0.5897161221210496,0.6378401015560586,0.00022271714922048998,0.5,0.5601073369125644,0.2611384253765013,0.5992397239662335,0.12792307469624176,0.9694111954365956,0.0843128083648928
2021-07-25 03:20:00,0.16666666666666669,0.3067729083665336,0.596128071481757,0.5757900374933047,0.6378401015560586,0.00022271714922048998,0.5,0.5601073369125644,0.2611384253765013,0.5992397239662335,0.12792307469624176,0.9694111954365956,0.04167358208730027
2021-07-25 03:30:00,0.20432357043235705,-0.1633466135458168,0.5857036485480267,0.5707909301910372,0.623457355616338,0.00033407572383073496,0.5,0.5601073369125644,0.2611384253765013,0.5992397239662335,0.12792307469624176,0.9694111954365956,0.05171477284729242
2021-07-25 03:40:00,0.17154811715481172,-0.2749003984063746,0.5800446760982871,0.5679342974468844,0.6353535485728494,0.00033407572383073496,0.5,0.5601073369125644,0.2611384253765013,0.5992397239662335,0.12792307469624176,0.9694111954365956,0.04150761199209379
2021-07-25 03:50:00,0.1492329149232915,0.2749003984063745,0.5800446760982871,0.5661489019817889,0.6296868251953253,0.00033407572383073496,0.5,0.5601073369125644,0.2611384253765013,0.5992397239662335,0.12792307469624176,0.9694111954365956,0.03925192751633297
2021-07-25 04:00:00,0.15341701534170155,-0.09960159362549814,0.5782576321667907,0.5661489019817889,0.6296868251953253,0.00044543429844097997,0.5,0.4915527297335789,0.26133957075576003,0.7209926958869234,0.0905088816665737,0.9407335237448459,0.041039878087420975
2021-07-25 04:10:00,0.1771269177126918,-0.043824701195219196,0.5791511541325389,0.5547223710051776,0.6296868251953253,0.00044543429844097997,0.5,0.4915527297335789,0.26133957075576003,0.7209926958869234,0.0905088816665737,0.9407335237448459,0.05557734960846146
2021-07-25 04:20:00,0.22175732217573224,-0.02788844621513953,0.5728965003723006,0.5393679700053562,0.6150946853201764,0.00033407572383073496,0.5,0.4915527297335789,0.26133957075576003,0.7209926958869234,0.0905088816665737,0.9407335237448459,0.0809858623655265
2021-07-25 04:30:00,0.2377963737796374,-0.003984063745020028,0.5711094564408041,0.5311551508659167,0.6077004619753701,0.00022271714922048998,0.5,0.4915527297335789,0.26133957075576003,0.7209926958869234,0.0905088816665737,0.9407335237448459,0.09193234455391765
2021-07-25 04:40:00,0.25871687587168757,0.5059760956175297,0.5776619508562917,0.5293697554008212,0.6133017497480729,0.00022271714922048998,0.5,0.4915527297335789,0.26133957075576003,0.7209926958869234,0.0905088816665737,0.9407335237448459,0.0977111215051979
2021-07-25 04:50:00,0.21478382147838215,-0.059760956175298974,0.5800446760982871,0.5250848062845921,0.6198060488673097,0.00033407572383073496,0.5,0.4915527297335789,0.26133957075576003,0.7209926958869234,0.0905088816665737,0.9407335237448459,0.07355492855741812
2021-07-25 05:00:00,0.21478382147838215,-0.14741035856573714,0.5800446760982871,0.5307980717728977,0.6053971286856604,0.00022271714922048998,0.5,0.46853292767082366,0.259747648754193,0.7926043778518118,0.09878966765738503,0.9806552213787593,0.07297403322419543
2021-07-25 05:10:00,0.18758716875871687,0.6414342629482073,0.5800446760982871,0.522228173540439,0.599416314404994,0.00022271714922048998,0.5,0.46853292767082366,0.259747648754193,0.7926043778518118,0.09878966765738503,0.9806552213787593,0.058429017607918285
2021-07-25 05:20:00,0.16457461645746163,0.593625498007968,0.5773641102010423,0.5204427780753438,0.605933700645195,0.00022271714922048998,0.5,0.46853292767082366,0.259747648754193,0.7926043778518118,0.09878966765738503,0.9806552213787593,0.04930820646679844
2021-07-25 05:30:00,0.1603905160390516,0.24302788844621515,0.5743857036485478,0.532226388144974,0.6158275640941749,0.00022271714922048998,0.5,0.46853292767082366,0.259747648754193,0.7926043778518118,0.09878966765738503,0.9806552213787593,0.04633583294355508
2021-07-25 05:40:00,0.1603905160390516,0.3227091633466135,0.5672375279225612,0.5172290662381716,0.6158275640941749,0.00022271714922048998,0.5,0.46853292767082366,0.259747648754193,0.7926043778518118,0.09878966765738503,0.9806552213787593,0.03963667637340254
2021-07-25 05:50:00,0.08437935843793584,0.21912350597609564,0.5621742367833207,0.525441885377611,0.6362958212822761,0.000556792873051225,0.5,0.46853292767082366,0.259747648754193,0.7926043778518118,0.09878966765738503,0.9806552213787593,0.0
2021-07-25 06:00:00,0.07391910739191074,-0.3705179282868527,0.5642591213700667,0.542581681842528,0.6483752339322874,0.8233853006681514,0.5,0.5400596620064619,0.2948676319729217,0.6650476307507511,0.20241916575496402,0.08002857159965318,0.0
2021-07-25 06:10:00,0.11227336122733612,-0.2657939669891862,0.581236038719285,0.56579182288877,0.6483752339322874,0.9995545657015591,0.5,0.5400596620064619,0.2948676319729217,0.6650476307507511,0.20241916575496402,0.08002857159965318,0.0
2021-07-25 06:20:00,0.11087866108786612,-0.16107000569151975,0.583320923306031,0.5786466702374577,0.6483752339322874,0.9995545657015591,0.5,0.5400596620064619,0.2948676319729217,0.6650476307507511,0.20241916575496402,0.08002857159965318,0.0
2021-07-25 06:30:00,0.10669456066945607,-0.05634604439385327,0.5782576321667907,0.5793608284234957,0.6483752339322874,0.9995545657015591,0.5,0.5400596620064619,0.2948676319729217,0.6650476307507511,0.20241916575496402,0.08002857159965318,0.0
2021-07-25 06:40:00,0.10390516039051603,0.04837791690381321,0.5711094564408041,0.5775754329584004,0.6483752339322874,0.9995545657015591,0.5,0.5400596620064619,0.2948676319729217,0.6650476307507511,0.20241916575496402,0.08002857159965318,0.0
2021-07-25 06:50:00,0.1206415620641562,0.1531018782014797,0.5615785554728219,0.5715050883770756,0.6483752339322874,0.9995545657015591,0.5,0.5400596620064619,0.2948676319729217,0.6650476307507511,0.20241916575496402,0.08002857159965318,0.0
2021-07-25 07:00:00,0.17364016736401675,0.25782583949914617,0.5541325390915859,0.5661489019817889,0.6483752339322874,0.9995545657015591,0.5,0.48481860755520856,0.2880717916593623,0.7846599802651861,0.296271542308566,0.08330547873672003,0.0
2021-07-25 07:10:00,0.14016736401673638,0.36254980079681287,0.5612807148175725,0.5647205856097126,0.6483752339322874,0.9995545657015591,0.5,0.48481860755520856,0.2880717916593623,0.7846599802651861,0.296271542308566,0.08330547873672003,0.0
2021-07-25 07:20:00,0.11854951185495119,0.25099601593625476,0.5693224125093073,0.5582931619353688,0.6483752339322874,0.9995545657015591,0.5,0.48481860755520856,0.2880717916593623,0.7846599802651861,0.296271542308566,0.08330547873672003,0.0
2021-07-25 07:30:00,0.1206415620641562,0.1394422310756973,0.5600893521965746,0.5550794500981968,0.6483752339322874,0.9995545657015591,0.5,0.48481860755520856,0.2880717916593623,0.7846599802651861,0.296271542308566,0.08330547873672003,0.0
2021-07-25 07:40:00,0.23570432357043236,0.027888446215139417,0.5544303797468353,0.5500803427959293,0.6590412375181585,0.7231625835189309,0.5,0.48481860755520856,0.2880717916593623,0.7846599802651861,0.296271542308566,0.08330547873672003,0.012817417807082395
2021-07-25 07:50:00,0.2085076708507671,-0.08366533864541836,0.5627699180938197,0.5404392072844135,0.6867728468414234,0.00033407572383073496,0.5,0.48481860755520856,0.2880717916593623,0.7846599802651861,0.296271542308566,0.08330547873672003,0.04898381037162214
2021-07-25 08:00:00,0.13737796373779637,-0.49800796812749004,0.5764705882352941,0.56579182288877,0.6890238316472759,0.000556792873051225,0.5,0.4960313158827745,0.2992669687678706,0.75418984353293,0.23225031544821817,0.08444407994567713,0.004413295713445086
2021-07-25 08:10:00,0.08298465829846582,-0.6035856573705181,0.5848101265822783,0.5997143367255846,0.674627998586591,0.7841870824053453,0.5,0.4960313158827745,0.2992669687678706,0.75418984353293,0.23225031544821817,0.08444407994567713,0.0
2021-07-25 08:20:00,0.0808926080892608,-0.7091633466135459,0.5862993298585255,0.5875736475629352,0.6725733205952023,0.9995545657015591,0.5,0.4960313158827745,0.2992669687678706,0.75418984353293,0.23225031544821817,0.08444407994567713,0.0
2021-07-25 08:30:00,0.0885634588563459,-0.3227091633466136,0.5889798957557706,0.5775754329584004,0.6725733205952023,0.9995545657015591,0.5,0.4960313158827745,0.2992669687678706,0.75418984353293,0.23225031544821817,0.08444407994567713,0.0
2021-07-25 08:40:00,0.11854951185495119,0.06374501992031867,0.5889798957557706,0.5693626138189607,0.6725733205952023,0.9995545657015591,0.5,0.4960313158827745,0.2992669687678706,0.75418984353293,0.23225031544821817,0.08444407994567713,0.0
2021-07-25 08:50:00,0.1506276150627615,0.4501992031872508,0.5889798957557706,0.5650776647027316,0.6725733205952023,0.9995545657015591,0.5,0.4960313158827745,0.2992669687678706,0.75418984353293,0.23225031544821817,0.08444407994567713,0.0
2021-07-25 09:00:00,0.17433751743375175,0.4183266932270917,0.5919583023082648,0.5647205856097126,0.6725733205952023,0.9995545657015591,0.5,0.5286678142352987,0.2979394092647543,0.6687197873276421,0.18914149651767487,0.16672352393394035,0.0
2021-07-25 09:10:00,0.17364016736401675,0.3784860557768923,0.5999999999999999,0.5647205856097126,0.6928321838478753,0.2851893095768374,0.5,0.5286678142352987,0.2979394092647543,0.6687197873276421,0.18914149651767487,0.16672352393394035,0.0
2021-07-25 09:20:00,0.1708507670850767,-0.3227091633466136,0.6151898734177212,0.5682913765399038,0.7055528654251351,0.7878619153674833,0.5,0.5286678142352987,0.2979394092647543,0.6687197873276421,0.18914149651767487,0.16672352393394035,0.0
2021-07-25 09:30:00,0.21338912133891214,0.31474103585657365,0.6244229337304541,0.5850740939118015,0.71438667207601,0.7265033407572383,0.5,0.5286678142352987,0.2979394092647543,0.6687197873276421,0.18914149651767487,0.16672352393394035,0.009098178855409872
2021-07-25 09:40:00,0.27266387726638774,0.22709163346613526,0.6411020104244229,0.6022138903767185,0.7281543233304105,0.00011135857461024499,0.5,0.5286678142352987,0.2979394092647543,0.6687197873276421,0.18914149651767487,0.16672352393394035,0.10388219140878434
2021-07-25 09:50:00,0.1708507670850767,-0.6175298804780878,0.6318689501116901,0.5918585966791645,0.7338733951917917,0.00033407572383073496,0.5,0.5286678142352987,0.2979394092647543,0.6687197873276421,0.18914149651767487,0.16672352393394035,0.03922175113538633
2021-07-25 10:00:00,0.12552301255230125,0.36254980079681287,0.6330603127326879,0.5925727548652027,0.7126460849877635,0.00022271714922048998,0.5,0.6673893169387333,0.2904568011562985,0.47919303607849134,0.1275321500376499,0.2982933074016908,0.016974214282481102
2021-07-25 10:10:00,0.15271966527196654,-0.24302788844621515,0.6402084884586745,0.6011426530976611,0.7058407820863488,0.00022271714922048998,0.5,0.6673893169387333,0.2904568011562985,0.47919303607849134,0.1275321500376499,0.2982933074016908,0.02234561009098179
2021-07-25 10:20:00,0.1324965132496513,0.2669322709163344,0.650037230081906,0.6143545795393681,0.6970854981612594,0.00022271714922048998,0.5,0.6673893169387333,0.2904568011562985,0.47919303607849134,0.1275321500376499,0.2982933074016908,0.018400048282209515
2021-07-25 10:30:00,0.09762900976290097,-0.31474103585657376,0.6583767684288904,0.6186395286555972,0.6772323356584785,0.10679287305122495,0.5,0.6673893169387333,0.2904568011562985,0.47919303607849134,0.1275321500376499,0.2982933074016908,0.0
2021-07-25 10:40:00,0.058577405857740586,0.1394422310756973,0.6726731198808635,0.6054276022138905,0.6799151954561515,0.9993318485523385,0.5,0.6673893169387333,0.2904568011562985,0.47919303607849134,0.1275321500376499,0.2982933074016908,0.0
2021-07-25 10:50:00,0.100418410041841,0.593625498007968,0.6923306031273266,0.6311372969112659,0.6799151954561515,0.9993318485523385,0.5,0.6673893169387333,0.2904568011562985,0.47919303607849134,0.1275321500376499,0.2982933074016908,0.0
2021-07-25 11:00:00,0.11087866108786612,0.652058432934927,0.706031273268801,0.6468487770041065,0.6799151954561515,0.9993318485523385,0.5,0.6880965825423924,0.28795972494806066,0.39972927720895307,0.11394076466592183,0.49422354277296016,0.0
2021-07-25 11:10:00,0.10808926080892609,0.7104913678618858,0.7185405807892775,0.6568469916086412,0.6799151954561515,0.9993318485523385,0.5,0.6880965825423924,0.28795972494806066,0.39972927720895307,0.11394076466592183,0.49422354277296016,0.0
2021-07-25 11:20:00,0.05718270571827057,0.7689243027888448,0.728965003723008,0.6672022853061954,0.6799151954561515,0.9993318485523385,0.5,0.6880965825423924,0.28795972494806066,0.39972927720895307,0.11394076466592183,0.49422354277296016,0.0
2021-07-25 11:30:00,0.09832635983263598,0.7370517928286853,0.7381980640357406,0.6775575790037494,0.6799151954561515,0.9993318485523385,0.5,0.6880965825423924,0.28795972494806066,0.39972927720895307,0.11394076466592183,0.49422354277296016,0.0
2021-07-25 11:40:00,0.10599721059972106,0.7051792828685257,0.7483246463142217,0.6836279235850742,0.6799151954561515,0.9993318485523385,0.5,0.6880965825423924,0.28795972494806066,0.39972927720895307,0.11394076466592183,0.49422354277296016,0.0
2021-07-25 11:50:00,0.09065550906555091,0.6733067729083664,0.7563663440059567,0.6918407427245135,0.6799151954561515,0.9993318485523385,0.5,0.6880965825423924,0.28795972494806066,0.39972927720895307,0.11394076466592183,0.49422354277296016,0.0
2021-07-25 12:00:00,0.15829846582984658,0.6414342629482073,0.7664929262844375,0.6996964827709338,0.6799151954561515,0.9993318485523385,0.5,0.746391179041719,0.27194567925357865,0.35381191208179713,0.17239322275241248,0.6481193999283842,0.0
2021-07-25 12:10:00,0.061366806136680614,0.33864541832669315,0.7727475800446759,0.707909301910373,0.6799151954561515,0.9993318485523385,0.5,0.746391179041719,0.27194567925357865,0.35381191208179713,0.17239322275241248,0.6481193999283842,0.0
2021-07-25 12:20:00,0.11506276150627615,0.12483399734395739,0.7804914370811615,0.714693804677736,0.6799151954561515,0.9993318485523385,0.5,0.746391179041719,0.27194567925357865,0.35381191208179713,0.17239322275241248,0.6481193999283842,0.0
2021-07-25 12:30:00,0.10251046025104603,-0.08897742363877825,0.7885331347728963,0.7204070701660419,0.6799151954561515,0.9993318485523385,0.5,0.746391179041719,0.27194567925357865,0.35381191208179713,0.17239322275241248,0.6481193999283842,0.0
2021-07-25 12:40:00,0.060669456066945605,-0.302788844621514,0.7947877885331345,0.7268344938403857,0.6799151954561515,0.9993318485523385,0.5,0.746391179041719,0.27194567925357865,0.35381191208179713,0.17239322275241248,0.6481193999283842,0.0
2021-07-25 12:50:00,0.09274755927475593,-0.5166002656042498,0.8058078927773638,0.737903945723978,0.6799151954561515,0.9993318485523385,0.5,0.746391179041719,0.27194567925357865,0.35381191208179713,0.17239322275241248,0.6481193999283842,0.0
2021-07-25 13:00:00,0.060669456066945605,-0.7304116865869856,0.8144452717795978,0.7457596857703983,0.6799151954561515,0.9993318485523385,0.5,0.8487874317554098,0.26152922211334867,0.2175431615040003,0.3069948208650377,0.7181649874331282,0.0
2021-07-25 13:10:00,0.05160390516039052,-0.7313821636530802,0.820699925539836,0.7457596857703983,0.6799151954561515,0.9993318485523385,0.5,0.8487874317554098,0.26152922211334867,0.2175431615040003,0.3069948208650377,0.7181649874331282,0.0
2021-07-25 13:20:00,0.1087866108786611,-0.7323526407191747,0.8266567386448249,0.7432601321192644,0.6799151954561515,0.9993318485523385,0.5,0.8487874317554098,0.26152922211334867,0.2175431615040003,0.3069948208650377,0.7181649874331282,0.0
2021-07-25 13:30:00,0.099721059972106,-0.7333231177852693,0.836187639612807,0.7471880021424746,0.6799151954561515,0.9993318485523385,0.5,0.8487874317554098,0.26152922211334867,0.2175431615040003,0.3069948208650377,0.7181649874331282,0.0
2021-07-25 13:40:00,0.04602510460251046,-0.7342935948513638,0.838868205510052,0.7539725049098376,0.6799151954561515,0.9993318485523385,0.5,0.8487874317554098,0.26152922211334867,0.2175431615040003,0.3069948208650377,0.7181649874331282,0.0
2021-07-25 13:50:00,0.18967921896792192,-0.7352640719174585,0.8460163812360384,0.7579003749330475,0.6849537370273914,0.9993318485523385,0.5,0.8487874317554098,0.26152922211334867,0.2175431615040003,0.3069948208650377,0.7181649874331282,0.0
2021-07-25 14:00:00,0.1297071129707113,-0.7362345489835531,0.8507818317200297,0.7678985895375825,0.7933805342162777,0.7230512249443208,0.5,0.8572152905237536,0.23706707048996042,0.21072297112302912,0.4539060976443978,0.7647141265015098,0.0
2021-07-25 14:10:00,0.06624825662482565,-0.7372050260496475,0.853760238272524,0.7850383860024994,0.8036015756893641,0.9995545657015591,0.5,0.8572152905237536,0.23706707048996042,0.21072297112302912,0.4539060976443978,0.7647141265015098,0.0
2021-07-25 14:20:00,0.07112970711297072,-0.7381755031157422,0.859121370067014,0.789680414211748,0.8036015756893641,0.9995545657015591,0.5,0.8572152905237536,0.23706707048996042,0.21072297112302912,0.4539060976443978,0.7647141265015098,0.0
2021-07-25 14:30:00,0.08298465829846582,-0.7391459801818367,0.8573343261355173,0.7853954650955188,0.8036015756893641,0.9995545657015591,0.5,0.8572152905237536,0.23706707048996042,0.21072297112302912,0.4539060976443978,0.7647141265015098,0.0
2021-07-25 14:40:00,0.17642956764295675,-0.7401164572479313,0.8606105733432612,0.7743260132119265,0.8018740757220819,0.9995545657015591,0.5,0.8572152905237536,0.23706707048996042,0.21072297112302912,0.4539060976443978,0.7647141265015098,0.0
2021-07-25 14:50:00,0.09414225941422595,-0.7149862090101134,0.8597170513775128,0.7753972504909838,0.7640130347724804,0.9995545657015591,0.5,0.8572152905237536,0.23706707048996042,0.21072297112302912,0.4539060976443978,0.7647141265015098,0.0
2021-07-25 15:00:00,0.07531380753138076,-0.6898559607722954,0.8603127326880118,0.779325120514194,0.7638036408370522,0.9995545657015591,0.5,0.8554808631646145,0.22598396009275792,0.21194457157560337,0.5652634819080693,0.8019817610161981,0.0
2021-07-25 15:10:00,0.14504881450488147,-0.6647257125344775,0.8695457930007444,0.7857525441885378,0.7638036408370522,0.9995545657015591,0.5,0.8554808631646145,0.22598396009275792,0.21194457157560337,0.5652634819080693,0.8019817610161981,0.0
2021-07-25 15:20:00,0.18619246861924685,-0.6395954642966595,0.8817572598659715,0.7864667023745762,0.7610422583135935,0.9995545657015591,0.5,0.8554808631646145,0.22598396009275792,0.21194457157560337,0.5652634819080693,0.8019817610161981,0.0
2021-07-25 15:30:00,0.11297071129707113,-0.6144652160588415,0.8838421444527176,0.7953936797000536,0.61264739369986,0.9995545657015591,0.5,0.8554808631646145,0.22598396009275792,0.21194457157560337,0.5652634819080693,0.8019817610161981,0.0
2021-07-25 15:40:00,0.15341701534170155,-0.5893349678210237,0.8829486224869694,0.8168184252811996,0.5563073379487247,0.9995545657015591,0.5,0.8554808631646145,0.22598396009275792,0.21194457157560337,0.5652634819080693,0.8019817610161981,0.0
2021-07-25 15:50:00,0.12622036262203626,-0.5642047195832056,0.8832464631422186,0.8096768434208177,0.5563073379487247,0.9995545657015591,0.5,0.8554808631646145,0.22598396009275792,0.21194457157560337,0.5652634819080693,0.8019817610161981,0.0
2021-07-25 16:00:00,0.33891213389121344,-0.5390744713453877,0.8799702159344749,0.8025352615604355,0.476659119760244,0.69543429844098,0.5,0.8405957462136737,0.2142198289114879,0.21160242707014865,0.6029955769675723,0.8037287213368427,0.0067293329510991744
2021-07-25 16:10:00,0.5627615062761506,-0.5139442231075697,0.8725241995532387,0.7821817532583466,0.44365340068838255,0.1759465478841871,0.5,0.8405957462136737,0.2142198289114879,0.21160242707014865,0.6029955769675723,0.8037287213368427,0.3880682589737013
2021-07-25 16:20:00,0.47489539748953974,-0.31474103585657376,0.8263588979895755,0.7268344938403857,0.3380926829906689,0.0010022271714922048,0.5,0.8405957462136737,0.2142198289114879,0.21160242707014865,0.6029955769675723,0.8037287213368427,0.40266608325663505
2021-07-25 16:30:00,0.8389121338912133,-0.36254980079681276,0.7912137006701414,0.7039814318871631,0.40697020062556444,0.5791759465478842,0.5,0.8405957462136737,0.2142198289114879,0.21160242707014865,0.6029955769675723,0.8037287213368427,0.014454486473437242
2021-07-25 16:40:00,0.8626220362622036,-0.4103585657370519,0.7417721518987339,0.6747009462595965,0.5379461072358691,0.23440979955456573,0.5,0.8405957462136737,0.2142198289114879,0.21160242707014865,0.6029955769675723,0.8037287213368427,0.445090340540459
2021-07-25 16:50:00,0.8863319386331939,-0.12350597609561753,0.6959046909903199,0.6057846813069094,0.5277381528837471,0.17572383073496659,0.5,0.8405957462136737,0.2142198289114879,0.21160242707014865,0.6029955769675723,0.8037287213368427,0.8757261191665283
2021-07-25 17:00:00,0.9100418410041842,-0.01195219123505975,0.6765450483991062,0.5818603820746295,0.5276727172789258,0.1878619153674833,0.5,0.8417846170881884,0.19486676992129343,0.2074099521441542,0.6578417008336882,0.7912779947309992,0.8045098601324744
2021-07-25 17:10:00,0.9337517433751744,-0.15537848605577698,0.6652271034996275,0.5661489019817889,0.5244401984007538,0.07082405345211581,0.5,0.8417846170881884,0.19486676992129343,0.2074099521441542,0.6578417008336882,0.7912779947309992,0.8078014243251808
2021-07-25 17:20:00,0.9553695955369595,-0.601593625498008,0.6589724497393892,0.5825745402606679,0.5018780018583712,0.06893095768374166,0.5,0.8417846170881884,0.19486676992129343,0.2074099521441542,0.6578417008336882,0.7912779947309992,0.8110928376359823
2021-07-25 17:30:00,0.9611226638772664,0.003984063745019917,0.6470588235294115,0.5772183538653812,0.48133122194448447,0.18697104677060133,0.5,0.8417846170881884,0.19486676992129343,0.2074099521441542,0.6578417008336882,0.7912779947309992,0.8143843263877364
2021-07-25 17:40:00,0.9668758716875872,-0.08366533864541836,0.6104244229337303,0.5450812354936618,0.47613563492167366,0.16391982182628065,0.5,0.8417846170881884,0.19486676992129343,0.2074099521441542,0.6578417008336882,0.7912779947309992,0.8176758151394904
2021-07-25 17:50:00,0.972629009762901,0.5458167330677288,0.5857036485480267,0.5165149080521336,0.48850296423289835,0.11458797327394209,0.5,0.8417846170881884,0.19486676992129343,0.2074099521441542,0.6578417008336882,0.7912779947309992,0.8209673793321968
2021-07-25 18:00:00,0.9783821478382148,-0.4900398406374503,0.558302308265078,0.5058025352615605,0.5099134941304262,0.0856347438752784,0.5,0.7892144113363149,0.24807259624088007,0.2230692137537019,0.6192166539331939,0.7627149718717325,0.8242587926429983
2021-07-25 18:10:00,0.9121338912133892,-0.298804780876494,0.5431124348473564,0.4911622924477772,0.49880252843177025,0.12238307349665925,0.5,0.7892144113363149,0.24807259624088007,0.2230692137537019,0.6192166539331939,0.7627149718717325,0.8275502813947524
2021-07-25 18:20:00,0.8458855648535565,-0.12350597609561753,0.5398361876396125,0.4658096768434208,0.5108688539608172,0.15356347438752785,0.5,0.7892144113363149,0.24807259624088007,0.2230692137537019,0.6192166539331939,0.7627149718717325,0.8308418455874588
2021-07-25 18:30:00,0.7796373082287309,-0.05179282868525903,0.5422189128816082,0.4640242813783253,0.5127403122587062,0.10089086859688197,0.5,0.7892144113363149,0.24807259624088007,0.2230692137537019,0.6192166539331939,0.7627149718717325,0.8341332588982603
2021-07-25 18:40:00,0.7133891213389122,-0.12350597609561753,0.5550260610573343,0.504374218889484,0.5186818651764799,0.01670378619153675,0.5,0.7892144113363149,0.24807259624088007,0.2230692137537019,0.6192166539331939,0.7627149718717325,0.8374247476500143
2021-07-25 18:50:00,0.36959553695955366,0.043824701195219085,0.5776619508562917,0.5807891447955722,0.5155671303869862,0.00011135857461024499,0.5,0.7892144113363149,0.24807259624088007,0.2230692137537019,0.6192166539331939,0.7627149718717325,0.25122591547595696
2021-07-25 19:00:00,0.24895397489539747,0.06772908366533859,0.5925539836187639,0.6429209069808963,0.5489916373297038,0.0012249443207126948,0.5,0.785761832925703,0.2845115184464673,0.2536730125722254,0.5803922209915205,0.7235574049995079,0.08880154503070446
2021-07-25 19:10:00,0.28103207810320785,-0.40239043824701204,0.596723752792256,0.6757721835386539,0.5249898574812527,0.00033407572383073496,0.5,0.785761832925703,0.2845115184464673,0.2536730125722254,0.5803922209915205,0.7235574049995079,0.11346319235934035
2021-07-25 19:20:00,0.31659693165969316,0.019920318725099362,0.6038719285182426,0.6846991608641315,0.5114446872832445,0.000779510022271715,0.5,0.785761832925703,0.2845115184464673,0.2536730125722254,0.5803922209915205,0.7235574049995079,0.16062887577892782
2021-07-25 19:30:00,0.2894002789400279,-0.40239043824701204,0.6074460163812359,0.680057132654883,0.4861996309431888,0.00022271714922048998,0.5,0.785761832925703,0.2845115184464673,0.2536730125722254,0.5803922209915205,0.7235574049995079,0.11796701721562533
2021-07-25 19:40:00,0.33751743375174337,0.05976095617529875,0.6137006701414742,0.6732726298875202,0.4645142715054115,0.00033407572383073496,0.5,0.785761832925703,0.2845115184464673,0.2536730125722254,0.5803922209915205,0.7235574049995079,0.18082441872746202
2021-07-25 19:50:00,0.3542538354253836,-0.3227091633466136,0.6154877140729709,0.6625602570969469,0.4432084385755977,0.00022271714922048998,0.5,0.785761832925703,0.2845115184464673,0.2536730125722254,0.5803922209915205,0.7235574049995079,0.19349095462981128
2021-07-25 20:00:00,0.4776847977684798,-0.3545816733067729,0.6131049888309752,0.6561328334226031,0.38728717069531876,0.0006681514476614699,0.5,0.7544281062482676,0.2885315525262431,0.23371995155193223,0.6806794940743549,0.6502754765978094,0.42031172201517875
2021-07-25 20:10:00,0.3326359832635983,-0.1872509960159363,0.596128071481757,0.6375647205856096,0.356938137179202,0.0006681514476614699,0.5,0.7544281062482676,0.2885315525262431,0.23371995155193223,0.6806794940743549,0.6502754765978094,0.16758453158712674
2021-07-25 20:20:00,0.4421199442119944,-0.003984063745020028,0.5809381980640356,0.615068737725406,0.3234089332687702,0.00311804008908686,0.5,0.7544281062482676,0.2885315525262431,0.23371995155193223,0.6806794940743549,0.6502754765978094,0.3375831736499842
2021-07-25 20:30:00,0.26569037656903766,-0.13147410358565736,0.5773641102010423,0.5836457775397252,0.3123503160539713,0.00033407572383073496,0.5,0.7544281062482676,0.2885315525262431,0.23371995155193223,0.6806794940743549,0.6502754765978094,0.1265748298806524
2021-07-25 20:40:00,0.33054393305439334,0.05179282868525892,0.5648548026805658,0.5765041956793431,0.3146274751017524,0.00022271714922048998,0.5,0.7544281062482676,0.2885315525262431,0.23371995155193223,0.6806794940743549,0.6502754765978094,0.1719525627291519
2021-07-25 20:50:00,0.28661087866108786,-0.003984063745020028,0.5580044676098284,0.5686484556329228,0.318749918205494,0.00033407572383073496,0.5,0.7544281062482676,0.2885315525262431,0.23371995155193223,0.6806794940743549,0.6502754765978094,0.13000739321333193
2021-07-25 21:00:00,0.28451882845188287,0.09960159362549792,0.5481757259865969,0.5597214783074451,0.31914253183442176,0.00044543429844097997,0.5,0.7525471921201323,0.27777889525210825,0.28942470392389535,0.8893726612076813,0.596663703413915,0.15139490320925814
2021-07-25 21:10:00,0.12761506276150628,-0.10756972111553798,0.5407297096053609,0.5586502410283878,0.32970383845257883,0.00044543429844097997,0.5,0.7525471921201323,0.27777889525210825,0.28942470392389535,0.8893726612076813,0.596663703413915,0.018437768758392807
2021-07-25 21:20:00,0.09623430962343095,-0.3466135458167332,0.5350707371556216,0.5647205856097126,0.3214720393660599,0.18240534521158128,0.5,0.7525471921201323,0.27777889525210825,0.28942470392389535,0.8893726612076813,0.596663703413915,0.001803038761561326
2021-07-25 21:30:00,0.048814504881450484,-0.32071713147410374,0.5410275502606106,0.5550794500981968,0.3172841606574969,0.9995545657015591,0.5,0.7525471921201323,0.27777889525210825,0.28942470392389535,0.8893726612076813,0.596663703413915,0.0
2021-07-25 21:40:00,0.026499302649930265,-0.2948207171314742,0.5574087862993298,0.5615068737725406,0.3172841606574969,0.9995545657015591,0.5,0.7525471921201323,0.27777889525210825,0.28942470392389535,0.8893726612076813,0.596663703413915,0.0
2021-07-25 21:50:00,0.0041841004184100415,-0.2689243027888447,0.5618763961280713,0.5590073201214067,0.3172841606574969,0.9995545657015591,0.5,0.7525471921201323,0.27777889525210825,0.28942470392389535,0.8893726612076813,0.596663703413915,0.0
2021-07-25 22:00:00,0.02301255230125523,-0.24302788844621515,0.5618763961280713,0.5575790037493304,0.3172841606574969,0.9995545657015591,0.5,0.6149738361689574,0.2927929610611294,0.3728188129259607,0.7495976580178889,0.5993803488413831,0.0
2021-07-25 22:10:00,0.07252440725244073,-0.2171314741035858,0.5663440059568128,0.5561506873772541,0.3172841606574969,0.9995545657015591,0.5,0.6149738361689574,0.2927929610611294,0.3728188129259607,0.7495976580178889,0.5993803488413831,0.0
2021-07-25 22:20:00,0.11018131101813111,-0.19123505976095634,0.5633655994043185,0.5504374218889485,0.3172841606574969,0.9995545657015591,0.5,0.6149738361689574,0.2927929610611294,0.3728188129259607,0.7495976580178889,0.5993803488413831,0.0
2021-07-25 22:30:00,0.30822873082287305,-0.16533864541832677,0.5559195830230825,0.5479378682378149,0.2702883092748426,0.9995545657015591,0.5,0.6149738361689574,0.2927929610611294,0.3728188129259607,0.7495976580178889,0.5993803488413831,0.0
2021-07-25 22:40:00,0.3821478382147839,-0.1394422310756973,0.5603871928518243,0.5600785574004641,0.09560141864391254,0.9936525612472161,0.5,0.6149738361689574,0.2927929610611294,0.3728188129259607,0.7495976580178889,0.5993803488413831,0.0
2021-07-25 22:50:00,0.27266387726638774,-0.1422137536809286,0.5532390171258375,0.5568648455632923,0.08396696810668622,0.9993318485523385,0.5,0.6149738361689574,0.2927929610611294,0.3728188129259607,0.7495976580178889,0.5993803488413831,0.0
2021-07-25 23:00:00,0.29428172942817293,-0.14498527628615976,0.5484735666418465,0.54186752365649,0.08396696810668622,0.9993318485523385,0.5,0.5738687549258346,0.294988319200477,0.5142846599168581,0.45064815106784445,0.6325531297294951,0.0
2021-07-25 23:10:00,0.40027894002789405,-0.14775679889139104,0.5425167535368576,0.5282985181217639,0.08396696810668622,0.9993318485523385,0.5,0.5738687549258346,0.294988319200477,0.5142846599168581,0.45064815106784445,0.6325531297294951,0.0
2021-07-25 23:20:00,0.30474198047419804,-0.15052832149662232,0.5404318689501115,0.5161578289591144,0.08396696810668622,0.9993318485523385,0.5,0.5738687549258346,0.294988319200477,0.5142846599168581,0.45064815106784445,0.6325531297294951,0.0
2021-07-25 23:30:00,0.25523012552301255,-0.1532998441018535,0.5466865227103499,0.5122299589359045,0.08396696810668622,0.9993318485523385,0.5,0.5738687549258346,0.294988319200477,0.5142846599168581,0.45064815106784445,0.6325531297294951,0.0
2021-07-25 23:40:00,0.19595536959553697,-0.15607136670708477,0.548771407297096,0.5061596143545797,0.08396696810668622,0.9993318485523385,0.5,0.5738687549258346,0.294988319200477,0.5142846599168581,0.45064815106784445,0.6325531297294951,0.0
2021-07-25 23:50:00,0.12273361227336123,-0.15884288931231594,0.5556217423678329,0.507230851633637,0.08396696810668622,0.9993318485523385,0.5,0.5738687549258346,0.294988319200477,0.5142846599168581,0.45064815106784445,0.6325531297294951,0.0
2021-07-26 00:00:00,0.100418410041841,-0.16161441191754733,0.5559195830230825,0.507230851633637,0.08396696810668622,0.9993318485523385,0.5,0.5648057532745228,0.2879396104101369,0.521176373463536,0.26935998684802154,0.6927482483010604,0.0
2021-07-26 00:10:00,0.11297071129707113,-0.1643859345227786,0.5580044676098284,0.5040171397964648,0.08396696810668622,0.9993318485523385,0.5,0.5648057532745228,0.2879396104101369,0.521176373463536,0.26935998684802154,0.6927482483010604,0.0
2021-07-26 00:20:00,0.11785216178521618,-0.16715745712800978,0.5618763961280713,0.5040171397964648,0.08396696810668622,0.9993318485523385,0.5,0.5648057532745228,0.2879396104101369,0.521176373463536,0.26935998684802154,0.6927482483010604,0.0
2021-07-26 00:30:00,0.12412831241283125,-0.16992897973324106,0.5618763961280713,0.49866095340117833,0.08396696810668622,0.9993318485523385,0.5,0.5648057532745228,0.2879396104101369,0.521176373463536,0.26935998684802154,0.6927482483010604,0.0
2021-07-26 00:40:00,0.10599721059972106,-0.17270050233847223,0.5621742367833207,0.49687555793608285,0.08396696810668622,0.9993318485523385,0.5,0.5648057532745228,0.2879396104101369,0.521176373463536,0.26935998684802154,0.6927482483010604,0.0
2021-07-26 00:50:00,0.11924686192468618,-0.1754720249437035,0.5597915115413252,0.49687555793608285,0.08396696810668622,0.9993318485523385,0.5,0.5648057532745228,0.2879396104101369,0.521176373463536,0.26935998684802154,0.6927482483010604,0.0
2021-07-26 01:00:00,0.15690376569037656,-0.1782435475489348,0.5538346984363365,0.4918764506338156,0.08396696810668622,0.9993318485523385,0.5,0.4640217889062954,0.2778363653604673,0.5960445153081767,0.19658918987574053,0.7871987864036117,0.0
2021-07-26 01:10:00,0.20432357043235705,-0.18101507015416596,0.5475800446760981,0.4879485806106054,0.08396696810668622,0.9993318485523385,0.5,0.4640217889062954,0.2778363653604673,0.5960445153081767,0.19658918987574053,0.7871987864036117,0.0
2021-07-26 01:20:00,0.3054393305439331,-0.18378659275939724,0.537453462397617,0.48044991965720407,0.08396696810668622,0.9993318485523385,0.5,0.4640217889062954,0.2778363653604673,0.5960445153081767,0.19658918987574053,0.7871987864036117,0.0
2021-07-26 01:30:00,0.22733612273361226,-0.18655811536462863,0.5303052866716305,0.4754508123549366,0.08396696810668622,0.9993318485523385,0.5,0.4640217889062954,0.2778363653604673,0.5960445153081767,0.19658918987574053,0.7871987864036117,0.0
2021-07-26 01:40:00,0.27615062761506276,-0.1893296379698598,0.5261355174981384,0.46973754686663094,0.08396696810668622,0.9993318485523385,0.5,0.4640217889062954,0.2778363653604673,0.5960445153081767,0.19658918987574053,0.7871987864036117,0.0
2021-07-26 01:50:00,0.30404463040446306,-0.19210116057509108,0.5201787043931496,0.4640242813783253,0.08396696810668622,0.9993318485523385,0.5,0.4640217889062954,0.2778363653604673,0.5960445153081767,0.19658918987574053,0.7871987864036117,0.0
2021-07-26 02:00:00,0.3396094839609484,-0.19487268318032225,0.5151154132539089,0.45688269951794314,0.08396696810668622,0.9993318485523385,0.5,0.46471393221918444,0.27374449364524167,0.6330156512723197,0.19835842230262482,0.8709034547935275,0.0
2021-07-26 02:10:00,0.37447698744769875,-0.19764420578555353,0.5151154132539089,0.4513480449919658,0.10388556621428853,0.8453229398663697,0.5,0.46471393221918444,0.27374449364524167,0.6330156512723197,0.19835842230262482,0.8709034547935275,0.04850853237171266
2021-07-26 02:20:00,0.4093444909344491,-0.2004157283907847,0.5151154132539089,0.4458132476343508,0.12380416432189084,0.6913140311804009,0.5,0.46471393221918444,0.27374449364524167,0.6330156512723197,0.19835842230262482,0.8709034547935275,0.09701706474342532
2021-07-26 02:30:00,0.6032078103207811,-0.20318725099601598,0.5231571109456439,0.4543831458668095,0.13672115271361454,0.00011135857461024499,0.5,0.46471393221918444,0.27374449364524167,0.6330156512723197,0.19835842230262482,0.8709034547935275,0.7304494771942002
2021-07-26 02:40:00,0.5634588563458857,0.08366533864541825,0.5067758749069247,0.4365291912158542,0.13765033830207693,0.00022271714922048998,0.5,0.46471393221918444,0.27374449364524167,0.6330156512723197,0.19835842230262482,0.8709034547935275,0.5709823920817176
2021-07-26 02:50:00,0.5118549511854951,-0.1633466135458168,0.49962769918093786,0.4265309766113192,0.13566109591550957,0.00044543429844097997,0.5,0.46471393221918444,0.27374449364524167,0.6330156512723197,0.19835842230262482,0.8709034547935275,0.46262655219759496
2021-07-26 03:00:00,0.5244072524407252,0.05976095617529875,0.49784065524944143,0.42831637207641493,0.13585740272997343,0.00044543429844097997,0.5,0.4614812173744247,0.2640349188378402,0.6494908349530667,0.21912862731950175,0.9389209284153174,0.4966127012387404
2021-07-26 03:10:00,0.5425383542538355,-0.12350597609561753,0.49754281459419203,0.4315300839135867,0.13958723220478728,0.00033407572383073496,0.5,0.4614812173744247,0.2640349188378402,0.6494908349530667,0.21912862731950175,0.9389209284153174,0.5343105451363218
2021-07-26 03:20:00,0.4951185495118549,-0.003984063745020028,0.4897989575577064,0.4318871630066061,0.13958723220478728,0.00033407572383073496,0.5,0.4614812173744247,0.2640349188378402,0.6494908349530667,0.21912862731950175,0.9389209284153174,0.44651990886732956
2021-07-26 03:30:00,0.5808926080892608,-0.1394422310756973,0.4847356664184659,0.42938760935547227,0.13958723220478728,0.00022271714922048998,0.5,0.4614812173744247,0.2640349188378402,0.6494908349530667,0.21912862731950175,0.9389209284153174,0.5967077568387223
2021-07-26 03:40:00,0.4679218967921897,-0.45019920318725104,0.4847356664184659,0.4333154793786824,0.13958723220478728,0.00033407572383073496,0.5,0.4614812173744247,0.2640349188378402,0.6494908349530667,0.21912862731950175,0.9389209284153174,0.3727160251671017
2021-07-26 03:50:00,0.4302649930264993,0.2350597609561753,0.4847356664184659,0.4429566148901982,0.12943162633652222,0.00022271714922048998,0.5,0.4614812173744247,0.2640349188378402,0.6494908349530667,0.21912862731950175,0.9389209284153174,0.31706323460627367
2021-07-26 04:00:00,0.3591352859135286,0.07569721115537842,0.48652271034996253,0.4433136939832174,0.13924696705971654,0.00022271714922048998,0.5,0.39338261363480975,0.25570462663107274,0.7466655811377687,0.234099929723843,0.9852997050583508,0.2277939556708964
2021-07-26 04:10:00,0.31729428172942814,-0.21115537848605592,0.48801191362620977,0.43795750758793073,0.13953488372093023,0.00022271714922048998,0.5,0.39338261363480975,0.25570462663107274,0.7466655811377687,0.234099929723843,0.9852997050583508,0.1730917211098873
2021-07-26 04:20:00,0.31520223152022314,-0.38645418326693237,0.48741623231571096,0.43795750758793073,0.13164334977948203,0.00022271714922048998,0.5,0.39338261363480975,0.25570462663107274,0.7466655811377687,0.234099929723843,0.9852997050583508,0.16495918644476967
2021-07-26 04:30:00,0.3054393305439331,-0.3944223107569722,0.48741623231571096,0.43760042849491154,0.12037533862925497,0.00022271714922048998,0.5,0.39338261363480975,0.25570462663107274,0.7466655811377687,0.234099929723843,0.9852997050583508,0.14813585406702176
2021-07-26 04:40:00,0.24198047419804744,0.346613545816733,0.49009679821295604,0.44045706123906436,0.12424912643467563,0.00022271714922048998,0.5,0.39338261363480975,0.25570462663107274,0.7466655811377687,0.234099929723843,0.9852997050583508,0.09384854474402886
2021-07-26 04:50:00,0.2105997210599721,0.1872509960159361,0.4933730454206997,0.42974468844849145,0.1257017968617084,0.00022271714922048998,0.5,0.39338261363480975,0.25570462663107274,0.7466655811377687,0.234099929723843,0.9852997050583508,0.08508230607903194
2021-07-26 05:00:00,0.12831241283124128,-0.12350597609561753,0.4933730454206997,0.43260132119264405,0.1257017968617084,0.00033407572383073496,0.5,0.39422944857670705,0.25601496521621664,0.7517092324613214,0.24230317268050208,0.003989887240282375,0.02381670866213015
2021-07-26 05:10:00,0.07461645746164575,0.6015936254980081,0.4933730454206997,0.4515265131226567,0.14017615264817895,0.0006681514476614699,0.5,0.39422944857670705,0.25601496521621664,0.7517092324613214,0.24230317268050208,0.003989887240282375,0.0
2021-07-26 05:20:00,0.08437935843793584,-0.8486055776892429,0.4939687267311985,0.4433136939832174,0.1585766447239272,0.41180400890868596,0.5,0.39422944857670705,0.25601496521621664,0.7517092324613214,0.24230317268050208,0.003989887240282375,0.0
2021-07-26 05:30:00,0.10251046025104603,-0.2749003984063746,0.4999255398361875,0.43617211212283524,0.1585766447239272,0.9995545657015591,0.5,0.39422944857670705,0.25601496521621664,0.7517092324613214,0.24230317268050208,0.003989887240282375,0.0
2021-07-26 05:40:00,0.14853556485355648,-0.5378486055776892,0.49962769918093786,0.45224067130869505,0.1585766447239272,0.9995545657015591,0.5,0.39422944857670705,0.25601496521621664,0.7517092324613214,0.24230317268050208,0.003989887240282375,0.0
2021-07-26 05:50:00,0.18200836820083682,-0.5378486055776892,0.5011169024571853,0.45509730405284765,0.12165787648375234,0.5,0.5,0.39422944857670705,0.25601496521621664,0.7517092324613214,0.24230317268050208,0.003989887240282375,0.0
2021-07-26 06:00:00,0.1290097629009763,-0.5378486055776892,0.4930752047654503,0.4608105695411533,0.11603041446912095,0.9919821826280624,0.5,0.43090483929981205,0.2676526621590942,0.6457713767080754,0.3025066007560797,0.016744169440628683,0.0
2021-07-26 06:10:00,0.10181311018131102,-0.5378486055776892,0.4856291883842141,0.462595965006249,0.11603041446912095,0.9993318485523385,0.5,0.43090483929981205,0.2676526621590942,0.6457713767080754,0.3025066007560797,0.016744169440628683,0.0
2021-07-26 06:20:00,0.09344490934449094,-0.5378486055776892,0.47877885331347714,0.45509730405284765,0.11603041446912095,0.9993318485523385,0.5,0.43090483929981205,0.2676526621590942,0.6457713767080754,0.3025066007560797,0.016744169440628683,0.0
2021-07-26 06:30:00,0.0808926080892608,-0.5378486055776892,0.47133283693224115,0.4465274058203892,0.11603041446912095,0.9993318485523385,0.5,0.43090483929981205,0.2676526621590942,0.6457713767080754,0.3025066007560797,0.016744169440628683,0.0
2021-07-26 06:40:00,0.13668061366806136,-0.5378486055776892,0.4689501116902457,0.4358150330298163,0.11603041446912095,0.9993318485523385,0.5,0.43090483929981205,0.2676526621590942,0.6457713767080754,0.3025066007560797,0.016744169440628683,0.0
2021-07-26 06:50:00,0.11924686192468618,-0.5378486055776892,0.46805658972449726,0.4254597393322621,0.11603041446912095,0.9993318485523385,0.5,0.43090483929981205,0.2676526621590942,0.6457713767080754,0.3025066007560797,0.016744169440628683,0.0
2021-07-26 07:00:00,0.1087866108786611,-0.5378486055776892,0.4573343261355174,0.41867523656489913,0.11603041446912095,0.9993318485523385,0.5,0.4302859727245103,0.2909855261532085,0.6458535522601637,0.26879231433847056,0.035272499857619134,0.0
2021-07-26 07:10:00,0.13389121338912133,-0.5378486055776892,0.45614296351451955,0.417961078378861,0.11603041446912095,0.9993318485523385,0.5,0.4302859727245103,0.2909855261532085,0.6458535522601637,0.26879231433847056,0.035272499857619134,0.0
2021-07-26 07:20:00,0.15132496513249652,-0.5378486055776892,0.4615040953090095,0.41189073379753616,0.11603041446912095,0.9993318485523385,0.5,0.4302859727245103,0.2909855261532085,0.6458535522601637,0.26879231433847056,0.035272499857619134,0.0
2021-07-26 07:30:00,0.16736401673640167,-0.5378486055776892,0.4647803425167534,0.40689162649526867,0.11603041446912095,0.9993318485523385,0.5,0.4302859727245103,0.2909855261532085,0.6458535522601637,0.26879231433847056,0.035272499857619134,0.0
2021-07-26 07:40:00,0.1311018131101813,-0.5378486055776892,0.4737155621742366,0.40403499375111585,0.11603041446912095,0.9993318485523385,0.5,0.4302859727245103,0.2909855261532085,0.6458535522601637,0.26879231433847056,0.035272499857619134,0.0
2021-07-26 07:50:00,0.11018131101813111,-0.5378486055776892,0.48265078183171983,0.40546331012319237,0.11603041446912095,0.9993318485523385,0.5,0.4302859727245103,0.2909855261532085,0.6458535522601637,0.26879231433847056,0.035272499857619134,0.0
2021-07-26 08:00:00,0.09693165969316596,-0.5378486055776892,0.49426656738644814,0.407962863774326,0.11603041446912095,0.9993318485523385,0.5,0.4364664002644232,0.2879568514426442,0.614812625157614,0.15350897607053915,0.03373270553910177,0.0
2021-07-26 08:10:00,0.06206415620641562,-0.5378486055776892,0.5032017870439314,0.41403320835565083,0.11603041446912095,0.9993318485523385,0.5,0.4364664002644232,0.2879568514426442,0.614812625157614,0.15350897607053915,0.03373270553910177,0.0
2021-07-26 08:20:00,0.061366806136680614,-0.5378486055776892,0.510349962769918,0.417961078378861,0.11603041446912095,0.9993318485523385,0.5,0.4364664002644232,0.2879568514426442,0.614812625157614,0.15350897607053915,0.03373270553910177,0.0
2021-07-26 08:30:00,0.08716875871687588,-0.5378486055776892,0.5192851824274012,0.4193893947509373,0.11603041446912095,0.9993318485523385,0.5,0.4364664002644232,0.2879568514426442,0.614812625157614,0.15350897607053915,0.03373270553910177,0.0
2021-07-26 08:40:00,0.099721059972106,-0.5378486055776892,0.5282204020848844,0.4254597393322621,0.11603041446912095,0.9993318485523385,0.5,0.4364664002644232,0.2879568514426442,0.614812625157614,0.15350897607053915,0.03373270553910177,0.0
2021-07-26 08:50:00,0.14086471408647142,-0.5378486055776892,0.5401340282948621,0.4272451347973576,0.11603041446912095,0.9993318485523385,0.5,0.4364664002644232,0.2879568514426442,0.614812625157614,0.15350897607053915,0.03373270553910177,0.0
2021-07-26 09:00:00,0.18479776847977683,-0.5378486055776892,0.5517498138495904,0.4322442420996251,0.1854968525474081,0.994988864142539,0.5,0.4481351120313597,0.2932009988304841,0.5182940152483839,0.024571536326424278,0.8103471738933723,0.0
2021-07-26 09:10:00,0.0599721059972106,-0.5378486055776892,0.5562174236783319,0.45688269951794314,0.23859130229940714,0.9995545657015591,0.5,0.4481351120313597,0.2932009988304841,0.5182940152483839,0.024571536326424278,0.8103471738933723,0.0
2021-07-26 09:20:00,0.043235704323570434,-0.5378486055776892,0.5624720774385703,0.48294947330833793,0.23859130229940714,0.9995545657015591,0.5,0.4481351120313597,0.2932009988304841,0.5182940152483839,0.024571536326424278,0.8103471738933723,0.0
2021-07-26 09:30:00,0.042538354253835425,-0.5378486055776892,0.5714072970960533,0.5125870380289235,0.23859130229940714,0.9995545657015591,0.5,0.4481351120313597,0.2932009988304841,0.5182940152483839,0.024571536326424278,0.8103471738933723,0.0
2021-07-26 09:40:00,0.045327754532775454,-0.6593625498007968,0.5809381980640356,0.5375825745402605,0.23859130229940714,0.9995545657015591,0.5,0.4481351120313597,0.2932009988304841,0.5182940152483839,0.024571536326424278,0.8103471738933723,0.0
2021-07-26 09:50:00,0.03138075313807531,-0.5527888446215141,0.5898734177215188,0.5590073201214067,0.23859130229940714,0.9995545657015591,0.5,0.4481351120313597,0.2932009988304841,0.5182940152483839,0.024571536326424278,0.8103471738933723,0.0
2021-07-26 10:00:00,0.044630404463040445,-0.4462151394422311,0.6002978406552493,0.5765041956793431,0.23859130229940714,0.9995545657015591,0.5,0.6562661950095103,0.29370386227863315,0.3459526067721025,0.20801970393793995,0.6698114360846606,0.0
2021-07-26 10:10:00,0.08926080892608089,-0.33964143426294824,0.6098287416232313,0.5915015175861453,0.23859130229940714,0.9995545657015591,0.5,0.6562661950095103,0.29370386227863315,0.3459526067721025,0.20801970393793995,0.6698114360846606,0.0
2021-07-26 10:20:00,0.12761506276150628,-0.23306772908366558,0.6190618019359642,0.597214783074451,0.23859130229940714,0.9995545657015591,0.5,0.6562661950095103,0.29370386227863315,0.3459526067721025,0.20801970393793995,0.6698114360846606,0.0
2021-07-26 10:30:00,0.22663877266387727,-0.12649402390438258,0.6268056589724496,0.5965006248884128,0.25658609362526336,0.9995545657015591,0.5,0.6562661950095103,0.29370386227863315,0.3459526067721025,0.20801970393793995,0.6698114360846606,0.0
2021-07-26 10:40:00,0.2391910739191074,-0.019920318725099695,0.6327624720774385,0.5932869130512408,0.3548441978249205,0.20066815144766148,0.5,0.6562661950095103,0.29370386227863315,0.3459526067721025,0.20801970393793995,0.6698114360846606,0.04597371637219548
2021-07-26 10:50:00,0.198744769874477,0.20318725099601576,0.6455696202531644,0.5993572576325656,0.3617018492101922,0.00011135857461024499,0.5,0.6562661950095103,0.29370386227863315,0.3459526067721025,0.20801970393793995,0.6698114360846606,0.05415151560873305
2021-07-26 11:00:00,0.20292887029288703,0.15537848605577675,0.658078927773641,0.628280664167113,0.37311381869102617,0.00044543429844097997,0.5,0.6806784218518769,0.2846638142336207,0.3196054508261116,0.3742039913039862,0.6888587370033629,0.06126559741690179
2021-07-26 11:10:00,0.26429567642956764,-0.17928286852589637,0.6705882352941175,0.655061596143546,0.3857559775425004,0.00044543429844097997,0.5,0.6806784218518769,0.2846638142336207,0.3196054508261116,0.3742039913039862,0.6888587370033629,0.09867676569549015
2021-07-26 11:20:00,0.2768479776847978,0.09163346613545809,0.6768428890543556,0.6668452062131762,0.38391069348653994,0.00044543429844097997,0.5,0.6806784218518769,0.2846638142336207,0.3196054508261116,0.3742039913039862,0.6888587370033629,0.12702747559485192
2021-07-26 11:30:00,0.3117154811715481,0.09163346613545809,0.6565897244973937,0.628280664167113,0.41530669667979747,0.00033407572383073496,0.5,0.6806784218518769,0.2846638142336207,0.3196054508261116,0.3742039913039862,0.6888587370033629,0.17328032349080374
2021-07-26 11:40:00,0.2315202231520223,0.003984063745019917,0.6512285927029038,0.6022138903767185,0.42656162070906023,0.000556792873051225,0.5,0.6806784218518769,0.2846638142336207,0.3196054508261116,0.3742039913039862,0.6888587370033629,0.07152556693875704
2021-07-26 11:50:00,0.3103207810320781,0.09163346613545809,0.6542069992553983,0.6057846813069094,0.4012773030061117,0.000556792873051225,0.5,0.6806784218518769,0.2846638142336207,0.3196054508261116,0.3742039913039862,0.6888587370033629,0.17176396034823543
2021-07-26 12:00:00,0.2601115760111576,0.15537848605577675,0.6545048399106477,0.5997143367255846,0.42001806022693067,0.00033407572383073496,0.5,0.7134289210642435,0.27560365165068446,0.2823809402430292,0.4963242257529605,0.716704141799611,0.14735881225764597
2021-07-26 12:10:00,0.2594142259414226,-0.15537848605577698,0.6607594936708858,0.6089983931440812,0.42199421549253385,0.1443207126948775,0.5,0.7134289210642435,0.27560365165068446,0.2823809402430292,0.4963242257529605,0.716704141799611,0.09006895303046306
2021-07-26 12:20:00,0.28870292887029286,-0.13147410358565736,0.669694713328369,0.6125691840742724,0.4148879088089411,0.00033407572383073496,0.5,0.7134289210642435,0.27560365165068446,0.2823809402430292,0.4963242257529605,0.716704141799611,0.15039153854278256
2021-07-26 12:30:00,0.23082287308228733,0.03585657370517925,0.6804169769173491,0.6261381896089984,0.4182512988967557,0.000556792873051225,0.5,0.7134289210642435,0.27560365165068446,0.2823809402430292,0.4963242257529605,0.716704141799611,0.09502542360094754
2021-07-26 12:40:00,0.2838214783821479,0.11553784860557759,0.6950111690245717,0.6407784324227817,0.4402376621167109,0.0006681514476614699,0.5,0.7134289210642435,0.27560365165068446,0.2823809402430292,0.4963242257529605,0.716704141799611,0.1308975964512576
2021-07-26 12:50:00,0.504881450488145,0.1394422310756971,0.7015636634400593,0.6472058560971254,0.42650927222520313,0.000779510022271715,0.5,0.7134289210642435,0.27560365165068446,0.2823809402430292,0.4963242257529605,0.716704141799611,0.4815245107654239
2021-07-26 13:00:00,0.45258019525801957,-0.1872509960159363,0.7012658227848099,0.6493483306552401,0.43386423420711673,0.0010022271714922048,0.5,0.7866657016506109,0.2617935846118037,0.20173755639582597,0.6001467542017327,0.7301538945614388,0.3854655461170542
2021-07-26 13:10:00,0.5550906555090656,0.31474103585657365,0.6970960536113178,0.6475629351901446,0.41247987855151746,0.00601336302895323,0.5,0.7866657016506109,0.2617935846118037,0.20173755639582597,0.6001467542017327,0.7301538945614388,0.5663201412254628
2021-07-26 13:20:00,0.6736401673640168,-0.10756972111553798,0.6950111690245717,0.6464916979110873,0.4330004842234757,0.017706013363028954,0.5,0.7866657016506109,0.2617935846118037,0.20173755639582597,0.6001467542017327,0.7301538945614388,0.8175309685109465
2021-07-26 13:30:00,0.5746164574616458,-0.2509960159362551,0.6917349218168278,0.6482770933761828,0.4218240829199985,0.013474387527839644,0.5,0.7866657016506109,0.2617935846118037,0.20173755639582597,0.6001467542017327,0.7301538945614388,0.5782926203660395
2021-07-26 13:40:00,0.702231520223152,0.019920318725099362,0.6988830975428144,0.6582753079807178,0.41821203753386293,0.026391982182628063,0.5,0.7866657016506109,0.2617935846118037,0.20173755639582597,0.6001467542017327,0.7301538945614388,0.7553223591894624
2021-07-26 13:50:00,0.6645746164574616,-0.24302788844621515,0.7027550260610573,0.6647027316550616,0.4153459580426902,0.021380846325167038,0.5,0.7866657016506109,0.2617935846118037,0.20173755639582597,0.6001467542017327,0.7301538945614388,0.7705689756627487
2021-07-26 14:00:00,0.6680613668061367,0.027888446215139417,0.7033507073715559,0.6768434208177112,0.40338432948135744,0.01982182628062361,0.5,0.7926669563938373,0.23657570106348572,0.1936250032813155,0.7180995636310369,0.74961094787769,0.767098691853886
2021-07-26 14:10:00,0.810320781032078,0.027888446215139417,0.7072226358897988,0.683270844492055,0.39583306068498,0.050556792873051225,0.5,0.7926669563938373,0.23657570106348572,0.1936250032813155,0.7180995636310369,0.74961094787769,0.9966428776196871
2021-07-26 14:20:00,0.7754532775453277,-0.19521912350597614,0.7102010424422933,0.6879128727013033,0.38528484118778705,0.06380846325167039,0.5,0.7926669563938373,0.23657570106348572,0.1936250032813155,0.7180995636310369,0.74961094787769,0.728842584908792
2021-07-26 14:30:00,0.5746164574616458,0.346613545816733,0.7021593447505583,0.6961256918407428,0.3779953148106948,0.0028953229398663697,0.5,0.7926669563938373,0.23657570106348572,0.1936250032813155,0.7180995636310369,0.74961094787769,0.6293057923563227
2021-07-26 14:40:00,0.705718270571827,-0.11553784860557781,0.697989575577066,0.7032672737011247,0.40740207561738495,0.028507795100222718,0.5,0.7926669563938373,0.23657570106348572,0.1936250032813155,0.7180995636310369,0.74961094787769,0.8716598518339697
2021-07-26 14:50:00,0.5948396094839609,0.3545816733067728,0.6994787788533132,0.700053561863953,0.39312402664537827,0.29387527839643657,0.5,0.7926669563938373,0.23657570106348572,0.1936250032813155,0.7180995636310369,0.74961094787769,0.4472215097243387
2021-07-26 15:00:00,0.30822873082287305,-0.3784860557768924,0.703946388682055,0.7189787537939654,0.40820038999620467,0.015924276169265034,0.5,0.8004759485868795,0.208691204487265,0.1907179163120627,0.7576334922811359,0.7685151917307005,0.15300933958990298
2021-07-26 15:10:00,0.4065550906555091,0.027888446215139417,0.7018615040953089,0.7289769683985003,0.3925351062019866,0.00044543429844097997,0.5,0.8004759485868795,0.208691204487265,0.1907179163120627,0.7576334922811359,0.7685151917307005,0.28649456070733437
2021-07-26 15:20:00,0.509065550906555,0.08366533864541825,0.7015636634400593,0.7289769683985003,0.39394851526612656,0.0013363028953229399,0.5,0.8004759485868795,0.208691204487265,0.1907179163120627,0.7576334922811359,0.7685151917307005,0.48983055962098465
2021-07-26 15:30:00,0.6290097629009763,0.12350597609561742,0.7063291139240504,0.727905731119443,0.4203190640091086,0.005233853006681514,0.5,0.8004759485868795,0.208691204487265,0.1907179163120627,0.7576334922811359,0.7685151917307005,0.7421805452872037
2021-07-26 15:40:00,0.604602510460251,-0.10756972111553798,0.7048399106478034,0.7196929119800035,0.4089987043750245,0.0026726057906458797,0.5,0.8004759485868795,0.208691204487265,0.1907179163120627,0.7576334922811359,0.7685151917307005,0.6790741886325573
2021-07-26 15:50:00,0.48884239888423986,0.17131474103585642,0.7110945644080415,0.724334940189252,0.4061326248838518,0.0034521158129175947,0.5,0.8004759485868795,0.208691204487265,0.1907179163120627,0.7576334922811359,0.7685151917307005,0.46508592724474557
2021-07-26 16:00:00,0.5313807531380753,-0.003984063745020028,0.7203276247207742,0.7414747366541687,0.40420881810210574,0.004565701559020045,0.5,0.8272333312098532,0.19761958811173264,0.14715067052333783,0.7716865285742718,0.7797967837301235,0.5141451785687342
2021-07-26 16:10:00,0.4860529986052998,0.15537848605577675,0.7274758004467607,0.7504017139796464,0.4002172462080067,0.009688195991091315,0.5,0.8272333312098532,0.19761958811173264,0.14715067052333783,0.7716865285742718,0.7797967837301235,0.3881210676403579
2021-07-26 16:20:00,0.5529986052998606,-0.059760956175298974,0.7292628443782574,0.7589716122121051,0.3992487992566516,0.00512249443207127,0.5,0.8272333312098532,0.19761958811173264,0.14715067052333783,0.7716865285742718,0.7797967837301235,0.5993255578858427
2021-07-26 16:30:00,0.4721059972105997,-0.003984063745020028,0.728965003723008,0.7582574540260667,0.4128463179385167,0.0027839643652561247,0.5,0.8272333312098532,0.19761958811173264,0.14715067052333783,0.7716865285742718,0.7797967837301235,0.40927471068394766
2021-07-26 16:40:00,0.5341701534170153,0.09960159362549792,0.7355174981384955,0.7621853240492771,0.3963827197654788,0.005902004454342985,0.5,0.8272333312098532,0.19761958811173264,0.14715067052333783,0.7716865285742718,0.7797967837301235,0.5603074973218463
2021-07-26 16:50:00,0.5306834030683404,-0.21115537848605592,0.7379002233804914,0.7611140867702197,0.42135294656528516,0.005902004454342985,0.5,0.8272333312098532,0.19761958811173264,0.14715067052333783,0.7716865285742718,0.7797967837301235,0.5285619445659883
2021-07-26 17:00:00,0.5899581589958159,-0.15537848605577698,0.7381980640357406,0.762899482235315,0.39113478425881093,0.005790645879732739,0.5,0.8194162008629777,0.184789386420389,0.14399325247411185,0.7559507261686542,0.789574451893984,0.598216575886054
2021-07-26 17:10:00,0.5627615062761506,-0.059760956175298974,0.7405807892777363,0.7661131940724872,0.40356754917485704,0.026503340757238307,0.5,0.8194162008629777,0.184789386420389,0.14399325247411185,0.7559507261686542,0.789574451893984,0.536272009897853
2021-07-26 17:20:00,0.7064156206415622,0.15537848605577675,0.7405807892777363,0.7703981431887164,0.39659211370090697,0.07082405345211581,0.5,0.8194162008629777,0.184789386420389,0.14399325247411185,0.7559507261686542,0.789574451893984,0.6086198832174058
2021-07-26 17:30:00,0.8549511854951185,-0.11553784860557781,0.7405807892777363,0.7607570076772003,0.39528340160448106,0.11302895322939867,0.5,0.8194162008629777,0.184789386420389,0.14399325247411185,0.7559507261686542,0.789574451893984,0.6615266231120902
2021-07-26 17:40:00,0.8765690376569037,-0.09960159362549814,0.739091586001489,0.7443313693983218,0.3975212992893693,0.11536748329621381,0.5,0.8194162008629777,0.184789386420389,0.14399325247411185,0.7559507261686542,0.789574451893984,0.6213618600721216
2021-07-26 17:50:00,0.8403068340306835,0.1633466135458166,0.7379002233804914,0.7357614711658633,0.3910693486539897,0.08429844097995547,0.5,0.8194162008629777,0.184789386420389,0.14399325247411185,0.7559507261686542,0.789574451893984,0.8622071005024369
2021-07-26 18:00:00,0.809623430962343,-0.05179282868525903,0.7379002233804914,0.7307623638635958,0.3990001439583306,0.053452115812917596,0.5,0.7690527355703694,0.1839388288166608,0.17929881173898055,0.7725619502831397,0.7687830741312942,0.9676660078156828
2021-07-26 18:10:00,0.7001394700139469,0.10756972111553775,0.7381980640357406,0.7439742903053026,0.3983719621520461,0.015924276169265034,0.5,0.7690527355703694,0.1839388288166608,0.17929881173898055,0.7725619502831397,0.7687830741312942,0.8806373251655929
2021-07-26 18:20:00,0.601115760111576,-0.15537848605577698,0.73849590469099,0.7575432958400286,0.41096177251966337,0.0010022271714922048,0.5,0.7690527355703694,0.1839388288166608,0.17929881173898055,0.7725619502831397,0.7687830741312942,0.6938606152964075
2021-07-26 18:30:00,0.704323570432357,-0.13147410358565736,0.7355174981384955,0.7682556686306017,0.39457669707241105,0.004120267260579065,0.5,0.7690527355703694,0.1839388288166608,0.17929881173898055,0.7725619502831397,0.7687830741312942,0.9205380448722785
2021-07-26 18:40:00,0.691771269177127,-0.1394422310756973,0.7322412509307519,0.7700410640956972,0.39855518184554584,0.002561247216035635,0.5,0.7690527355703694,0.1839388288166608,0.17929881173898055,0.7725619502831397,0.7687830741312942,0.897679436305204
2021-07-26 18:50:00,0.6638772663877266,0.01195219123505975,0.7316455696202531,0.7753972504909838,0.38673751161481984,0.0013363028953229399,0.5,0.7690527355703694,0.1839388288166608,0.17929881173898055,0.7725619502831397,0.7687830741312942,0.851207809647389
2021-07-26 19:00:00,0.5836820083682008,0.03585657370517925,0.7301563663440056,0.7814675950723087,0.3971810341442986,0.000779510022271715,0.5,0.7573351615273447,0.20117411431379048,0.16616835056800683,0.7290492512121414,0.7617847184540729,0.6720732682529384
2021-07-26 19:10:00,0.5592747559274756,-0.24302788844621515,0.728965003723008,0.7907516514908053,0.398816924264831,0.00044543429844097997,0.5,0.7573351615273447,0.20117411431379048,0.16616835056800683,0.7290492512121414,0.7617847184540729,0.5983523696003138
2021-07-26 19:20:00,0.5334728033472803,-0.043824701195219196,0.7316455696202531,0.8000357079093019,0.3946290455562681,0.0006681514476614699,0.5,0.7573351615273447,0.20117411431379048,0.16616835056800683,0.7290492512121414,0.7617847184540729,0.5353139098027974
2021-07-26 19:30:00,0.5160390516039052,0.14741035856573692,0.734921816827997,0.8003927870023211,0.3883995759772807,0.00111358574610245,0.5,0.7573351615273447,0.20117411431379048,0.16616835056800683,0.7290492512121414,0.7617847184540729,0.5042548697134752
2021-07-26 19:40:00,0.49790794979079495,-0.059760956175298974,0.7379002233804914,0.8068202106766651,0.38787609113871035,0.0006681514476614699,0.5,0.7573351615273447,0.20117411431379048,0.16616835056800683,0.7290492512121414,0.7617847184540729,0.4552333388656698
2021-07-26 19:50:00,0.5599721059972106,-0.1872509960159363,0.7352196574832464,0.8018211033743976,0.39466830691916094,0.0010022271714922048,0.5,0.7573351615273447,0.20117411431379048,0.16616835056800683,0.7290492512121414,0.7617847184540729,0.5707636133198546
2021-07-26 20:00:00,0.5529986052998606,0.17131474103585642,0.7322412509307519,0.7893233351187288,0.3950740076690529,0.000556792873051225,0.5,0.7567325712597095,0.18922320528035247,0.1746859479932743,0.701741753443016,0.7592910963441767,0.5891108529354074
2021-07-26 20:10:00,0.5174337517433751,0.003984063745019917,0.7292628443782574,0.7864667023745762,0.3889492350577797,0.000556792873051225,0.5,0.7567325712597095,0.18922320528035247,0.1746859479932743,0.701741753443016,0.7592910963441767,0.47791843324230127
2021-07-26 20:20:00,0.5076708507670851,-0.1394422310756973,0.7253909158600147,0.7843242278164613,0.38478753059114523,0.00033407572383073496,0.5,0.7567325712597095,0.18922320528035247,0.1746859479932743,0.701741753443016,0.7592910963441767,0.46916728276777764
2021-07-26 20:30:00,0.4504881450488145,0.1633466135458166,0.7224125093075202,0.779682199607213,0.36633469003153996,0.00033407572383073496,0.5,0.7567325712597095,0.18922320528035247,0.1746859479932743,0.701741753443016,0.7592910963441767,0.36646197021591204
2021-07-26 20:40:00,0.47698744769874474,-0.07569721115537853,0.7197319434102754,0.7775397250490985,0.3806258261245109,0.00022271714922048998,0.5,0.7567325712597095,0.18922320528035247,0.1746859479932743,0.701741753443016,0.7592910963441767,0.41340133077839974
2021-07-26 20:50:00,0.47698744769874474,-0.11553784860557781,0.7152643335815336,0.7743260132119265,0.363455523419403,0.00033407572383073496,0.5,0.7567325712597095,0.18922320528035247,0.1746859479932743,0.701741753443016,0.7592910963441767,0.42842162439458636
2021-07-26 21:00:00,0.45397489539748953,-0.15537848605577698,0.7096053611317943,0.7636136404213534,0.3639004855321878,0.00033407572383073496,0.5,0.7623104418850766,0.20448439255532128,0.14617749893888285,0.5966894306248111,0.7511884780331949,0.3794830785943842
2021-07-26 21:10:00,0.3856345885634589,-0.3067729083665339,0.706031273268801,0.7579003749330475,0.3639004855321878,0.00022271714922048998,0.5,0.7623104418850766,0.20448439255532128,0.14617749893888285,0.5966894306248111,0.7511884780331949,0.2599770659504806
2021-07-26 21:20:00,0.3842398884239888,0.12350597609561742,0.7012658227848099,0.7525441885377611,0.3639004855321878,0.00022271714922048998,0.5,0.7623104418850766,0.20448439255532128,0.14617749893888285,0.5966894306248111,0.7511884780331949,0.2614179881406823
2021-07-26 21:30:00,0.3591352859135286,0.019920318725099362,0.696500372300819,0.7407605784681308,0.36998599678056826,0.00022271714922048998,0.5,0.7623104418850766,0.20448439255532128,0.14617749893888285,0.5966894306248111,0.7511884780331949,0.226654797290161
2021-07-26 21:40:00,0.32984658298465835,-0.02788844621513953,0.6920327624720772,0.7325477593286913,0.375129235319522,0.00022271714922048998,0.5,0.7623104418850766,0.20448439255532128,0.14617749893888285,0.5966894306248111,0.7511884780331949,0.18537350815516696
2021-07-26 21:50:00,0.35564853556485354,-0.2270916334661356,0.6875651526433355,0.7239778610962329,0.3752731936501289,0.00022271714922048998,0.5,0.7623104418850766,0.20448439255532128,0.14617749893888285,0.5966894306248111,0.7511884780331949,0.23721653062148257
2021-07-26 22:00:00,0.4191073919107392,0.2828685258964143,0.681012658227848,0.7118371719335832,0.3869076441873552,0.00033407572383073496,0.5,0.6878848571303735,0.2099411793440943,0.18161849568774915,0.5137747716188265,0.7628820276215272,0.3261840457473935
2021-07-26 22:10:00,0.3668061366806137,-0.11553784860557781,0.6717795979151151,0.6986252454918764,0.41563387470390395,0.00022271714922048998,0.5,0.6878848571303735,0.2099411793440943,0.18161849568774915,0.5137747716188265,0.7628820276215272,0.22225658976718923
2021-07-26 22:20:00,0.300557880055788,0.6733067729083664,0.6661206254653758,0.6914836636314943,0.43216290848176314,0.00033407572383073496,0.5,0.6878848571303735,0.2099411793440943,0.18161849568774915,0.5137747716188265,0.7628820276215272,0.1516136819711212
2021-07-26 22:30:00,0.2880055788005579,-0.059760956175298974,0.6661206254653758,0.6850562399571505,0.4858724529190823,0.00033407572383073496,0.5,0.6878848571303735,0.2099411793440943,0.18161849568774915,0.5137747716188265,0.7628820276215272,0.1301054664514085
2021-07-26 22:40:00,0.2210599721059972,0.2749003984063745,0.6616530156366343,0.6750580253526155,0.4811872636138776,0.00033407572383073496,0.5,0.6878848571303735,0.2099411793440943,0.18161849568774915,0.5137747716188265,0.7628820276215272,0.07295140093848546
2021-07-26 22:50:00,0.11087866108786612,0.07569721115537842,0.6533134772896498,0.6689876807712907,0.4877308240960071,0.010467706013363028,0.5,0.6878848571303735,0.2099411793440943,0.18161849568774915,0.5137747716188265,0.7628820276215272,0.010614541997978183
2021-07-26 23:00:00,0.07740585774058578,0.15936254980079667,0.652122114668652,0.6689876807712907,0.4877308240960071,0.9910913140311804,0.5,0.5921738643189649,0.21608186042234712,0.18703295150868862,0.3997249977384276,0.8213369701147702,0.0
2021-07-26 23:10:00,0.09344490934449094,0.24302788844621515,0.6592702903946388,0.6664881271201573,0.4877308240960071,0.9995545657015591,0.5,0.5921738643189649,0.21608186042234712,0.18703295150868862,0.3997249977384276,0.8213369701147702,0.0
2021-07-26 23:20:00,0.05439330543933055,0.3266932270916332,0.6637379002233803,0.660060703445813,0.4877308240960071,0.9995545657015591,0.5,0.5921738643189649,0.21608186042234712,0.18703295150868862,0.3997249977384276,0.8213369701147702,0.0
2021-07-26 23:30:00,0.05090655509065551,0.41035856573705165,0.6646314221891287,0.6532762006784503,0.4877308240960071,0.9995545657015591,0.5,0.5921738643189649,0.21608186042234712,0.18703295150868862,0.3997249977384276,0.8213369701147702,0.0
2021-07-26 23:40:00,0.07740585774058578,0.38695219123505975,0.6592702903946388,0.6443492233529726,0.4877308240960071,0.9995545657015591,0.5,0.5921738643189649,0.21608186042234712,0.18703295150868862,0.3997249977384276,0.8213369701147702,0.0
2021-07-26 23:50:00,0.11645746164574616,0.3635458167330674,0.6518242740134028,0.635065166934476,0.4877308240960071,0.9995545657015591,0.5,0.5921738643189649,0.21608186042234712,0.18703295150868862,0.3997249977384276,0.8213369701147702,0.0
2021-07-27 00:00:00,0.12133891213389121,0.34013944223107573,0.6512285927029038,0.6239957150508837,0.4877308240960071,0.9995545657015591,0.5,0.5753263182891999,0.214147991276038,0.20061550503027245,0.33316776920641067,0.912177030597245,0.0
2021-07-27 00:10:00,0.11436541143654114,0.3167330677290834,0.6559940431868949,0.6118550258882343,0.4877308240960071,0.9995545657015591,0.5,0.5753263182891999,0.214147991276038,0.20061550503027245,0.33316776920641067,0.912177030597245,0.0
2021-07-27 00:20:00,0.100418410041841,0.2933266932270915,0.6545048399106477,0.6061417603999286,0.4877308240960071,0.9995545657015591,0.5,0.5753263182891999,0.214147991276038,0.20061550503027245,0.33316776920641067,0.912177030597245,0.0
2021-07-27 00:30:00,0.0815899581589958,0.2699203187250996,0.6539091586001489,0.600428494911623,0.4877308240960071,0.9995545657015591,0.5,0.5753263182891999,0.214147991276038,0.20061550503027245,0.33316776920641067,0.912177030597245,0.0
2021-07-27 00:40:00,0.04184100418410042,0.24651394422310746,0.6467609828741621,0.600428494911623,0.4877308240960071,0.9995545657015591,0.5,0.5753263182891999,0.214147991276038,0.20061550503027245,0.33316776920641067,0.912177030597245,0.0
2021-07-27 00:50:00,0.10320781032078104,0.22310756972111534,0.64259121370067,0.596857703981432,0.4877308240960071,0.9995545657015591,0.5,0.5753263182891999,0.214147991276038,0.20061550503027245,0.33316776920641067,0.912177030597245,0.0
2021-07-27 01:00:00,0.15760111576011157,0.19970119521912322,0.6381236038719285,0.5890019639350117,0.4877308240960071,0.9995545657015591,0.5,0.5462726421617072,0.22574833264848035,0.1864752229931253,0.29294732658891653,0.9785347184251048,0.0
2021-07-27 01:10:00,0.11645746164574616,0.17629482071713132,0.636634400595681,0.5861453311908589,0.4877308240960071,0.9995545657015591,0.5,0.5462726421617072,0.22574833264848035,0.1864752229931253,0.29294732658891653,0.9785347184251048,0.0
2021-07-27 01:20:00,0.13319386331938632,0.15288844621513942,0.6363365599404316,0.5807891447955722,0.4877308240960071,0.9995545657015591,0.5,0.5462726421617072,0.22574833264848035,0.1864752229931253,0.29294732658891653,0.9785347184251048,0.0
2021-07-27 01:30:00,0.12622036262203626,0.1294820717131473,0.6300819061801934,0.5757900374933047,0.4877308240960071,0.9995545657015591,0.5,0.5462726421617072,0.22574833264848035,0.1864752229931253,0.29294732658891653,0.9785347184251048,0.0
2021-07-27 01:40:00,0.11645746164574616,0.1060756972111554,0.6303797468354431,0.5693626138189607,0.4877308240960071,0.9995545657015591,0.5,0.5462726421617072,0.22574833264848035,0.1864752229931253,0.29294732658891653,0.9785347184251048,0.0
2021-07-27 01:50:00,0.15132496513249652,0.08266932270916327,0.6324646314221889,0.5675772183538654,0.4877308240960071,0.9995545657015591,0.5,0.5462726421617072,0.22574833264848035,0.1864752229931253,0.29294732658891653,0.9785347184251048,0.0
2021-07-27 02:00:00,0.2112970711297071,0.05926294820717115,0.6303797468354431,0.5618639528655596,0.47828192275981213,0.9493318485523385,0.5,0.5390255828202235,0.2195588019781221,0.2231234901985998,0.2240235030978276,0.031427837083811194,0.0
2021-07-27 02:10:00,0.17852161785216178,0.03585657370517925,0.627699180938198,0.580432065702553,0.42771328735391506,0.009799554565701559,0.5,0.5390255828202235,0.2195588019781221,0.2231234901985998,0.2240235030978276,0.031427837083811194,0.04480438161051345
2021-07-27 02:20:00,0.2210599721059972,0.21912350597609564,0.6318689501116901,0.6404213533297625,0.4451191582363796,0.00011135857461024499,0.5,0.5390255828202235,0.2195588019781221,0.2231234901985998,0.2240235030978276,0.031427837083811194,0.08552740769799479
2021-07-27 02:30:00,0.18758716875871687,0.17928286852589648,0.6166790766939687,0.6264952687020175,0.4615173208045962,0.00011135857461024499,0.5,0.5390255828202235,0.2195588019781221,0.2231234901985998,0.2240235030978276,0.031427837083811194,0.06561099627321695
2021-07-27 02:40:00,0.09483960948396096,-0.4422310756972112,0.6080416976917349,0.6000714158186038,0.46891154414940256,0.00044543429844097997,0.5,0.5390255828202235,0.2195588019781221,0.2231234901985998,0.2240235030978276,0.031427837083811194,0.003500460189809436
2021-07-27 02:50:00,0.07601115760111576,0.7928286852589641,0.6035740878629932,0.5790037493304767,0.46891154414940256,0.5638084632516704,0.5,0.5390255828202235,0.2195588019781221,0.2231234901985998,0.2240235030978276,0.031427837083811194,0.0
2021-07-27 03:00:00,0.07880055788005579,0.7752149297546653,0.5976172747580044,0.5693626138189607,0.46891154414940256,0.9992204899777284,0.5,0.5332848157058365,0.21914214369251375,0.2543352359256296,0.16823556180839647,0.058152461707230624,0.0
2021-07-27 03:10:00,0.07391910739191074,0.7576011742503668,0.5976172747580044,0.5754329584002855,0.46891154414940256,0.9992204899777284,0.5,0.5332848157058365,0.21914214369251375,0.2543352359256296,0.16823556180839647,0.058152461707230624,0.0
2021-07-27 03:20:00,0.09902370990237098,0.7399874187460684,0.590766939687267,0.5707909301910372,0.46891154414940256,0.9992204899777284,0.5,0.5332848157058365,0.21914214369251375,0.2543352359256296,0.16823556180839647,0.058152461707230624,0.0
2021-07-27 03:30:00,0.1206415620641562,0.7223736632417697,0.5862993298585255,0.5625781110515979,0.46891154414940256,0.9992204899777284,0.5,0.5332848157058365,0.21914214369251375,0.2543352359256296,0.16823556180839647,0.058152461707230624,0.0
2021-07-27 03:40:00,0.1290097629009763,0.7047599077374711,0.5782576321667907,0.5529369755400819,0.46891154414940256,0.9992204899777284,0.5,0.5332848157058365,0.21914214369251375,0.2543352359256296,0.16823556180839647,0.058152461707230624,0.0
2021-07-27 03:50:00,0.11297071129707113,0.6871461522331725,0.5723008190618017,0.5468666309587575,0.46891154414940256,0.9992204899777284,0.5,0.5332848157058365,0.21914214369251375,0.2543352359256296,0.16823556180839647,0.058152461707230624,0.0
2021-07-27 04:00:00,0.11854951185495119,0.669532396728874,0.5696202531645567,0.5390108909123372,0.46891154414940256,0.9992204899777284,0.5,0.42667056453105734,0.21350432606240574,0.39164728629822854,0.1569552336950529,0.06194820013218971,0.0
2021-07-27 04:10:00,0.11924686192468618,0.6519186412245752,0.5687267311988085,0.5329405463310124,0.46891154414940256,0.9992204899777284,0.5,0.42667056453105734,0.21350432606240574,0.39164728629822854,0.1569552336950529,0.06194820013218971,0.0
2021-07-27 04:20:00,0.11227336122733612,0.6343048857202767,0.5651526433358152,0.5279414390287449,0.46891154414940256,0.9992204899777284,0.5,0.42667056453105734,0.21350432606240574,0.39164728629822854,0.1569552336950529,0.06194820013218971,0.0
2021-07-27 04:30:00,0.09832635983263598,0.6166911302159781,0.5624720774385703,0.5215140153544011,0.46891154414940256,0.9992204899777284,0.5,0.42667056453105734,0.21350432606240574,0.39164728629822854,0.1569552336950529,0.06194820013218971,0.0
2021-07-27 04:40:00,0.11227336122733612,0.5990773747116795,0.5621742367833207,0.5172290662381716,0.46891154414940256,0.9992204899777284,0.5,0.42667056453105734,0.21350432606240574,0.39164728629822854,0.1569552336950529,0.06194820013218971,0.0
2021-07-27 04:50:00,0.100418410041841,0.581463619207381,0.5639612807148173,0.5140153544009998,0.46891154414940256,0.9992204899777284,0.5,0.42667056453105734,0.21350432606240574,0.39164728629822854,0.1569552336950529,0.06194820013218971,0.0
2021-07-27 05:00:00,0.0815899581589958,0.5638498637030822,0.5648548026805658,0.5079450098196749,0.46891154414940256,0.9992204899777284,0.5,0.409342567247333,0.21726287114914303,0.3531726420847634,0.1494548324100772,0.02415196907759522,0.0
2021-07-27 05:10:00,0.08368200836820083,0.5462361081987837,0.5618763961280713,0.5079450098196749,0.46891154414940256,0.9992204899777284,0.5,0.409342567247333,0.21726287114914303,0.3531726420847634,0.1494548324100772,0.02415196907759522,0.0
2021-07-27 05:20:00,0.07182705718270573,0.5286223526944849,0.5618763961280713,0.5079450098196749,0.46891154414940256,0.9992204899777284,0.5,0.409342567247333,0.21726287114914303,0.3531726420847634,0.1494548324100772,0.02415196907759522,0.0
2021-07-27 05:30:00,0.04602510460251046,0.5110085971901865,0.5618763961280713,0.5079450098196749,0.46891154414940256,0.9992204899777284,0.5,0.409342567247333,0.21726287114914303,0.3531726420847634,0.1494548324100772,0.02415196907759522,0.0
2021-07-27 05:40:00,0.038354253835425386,0.493394841685888,0.5600893521965746,0.5079450098196749,0.46891154414940256,0.9992204899777284,0.5,0.409342567247333,0.21726287114914303,0.3531726420847634,0.1494548324100772,0.02415196907759522,0.0
2021-07-27 05:50:00,0.35146443514644354,0.4757810861815892,0.5538346984363365,0.5079450098196749,0.5398699140176152,0.7339643652561247,0.5,0.409342567247333,0.21726287114914303,0.3531726420847634,0.1494548324100772,0.02415196907759522,0.015653997616065906
2021-07-27 06:00:00,0.26429567642956764,0.4581673306772909,0.5618763961280713,0.5193715407962862,0.6236536624308018,0.00022271714922048998,0.5,0.4312631181870059,0.25086277000175455,0.4011848497195569,0.3412538342144109,0.058472988883478356,0.10395763236115094
2021-07-27 06:10:00,0.0808926080892608,0.1394422310756971,0.5705137751303051,0.5450812354936618,0.6482181884807162,0.6266146993318487,0.5,0.4312631181870059,0.25086277000175455,0.4011848497195569,0.3412538342144109,0.058472988883478356,0.0
2021-07-27 06:20:00,0.07182705718270573,-0.12495472654835205,0.5669396872673118,0.5415104445634709,0.6482181884807162,0.9995545657015591,0.5,0.4312631181870059,0.25086277000175455,0.4011848497195569,0.3412538342144109,0.058472988883478356,0.0
2021-07-27 06:30:00,0.1290097629009763,-0.3893516841724013,0.5663440059568128,0.5290126763078022,0.6482181884807162,0.9995545657015591,0.5,0.4312631181870059,0.25086277000175455,0.4011848497195569,0.3412538342144109,0.058472988883478356,0.0
2021-07-27 06:40:00,0.17782426778242677,-0.6537486417964505,0.5702159344750557,0.5165149080521336,0.6482181884807162,0.9995545657015591,0.5,0.4312631181870059,0.25086277000175455,0.4011848497195569,0.3412538342144109,0.058472988883478356,0.0
2021-07-27 06:50:00,0.11924686192468618,-0.5045273451647954,0.5708116157855547,0.5061596143545797,0.6482181884807162,0.9995545657015591,0.5,0.4312631181870059,0.25086277000175455,0.4011848497195569,0.3412538342144109,0.058472988883478356,0.0
2021-07-27 07:00:00,0.12831241283124128,-0.3553060485331403,0.5675353685778106,0.5022317443313695,0.6482181884807162,0.9995545657015591,0.5,0.4173144225763059,0.27137097816997974,0.4161413074561506,0.35452390012982504,0.06456674288704793,0.0
2021-07-27 07:10:00,0.13319386331938632,-0.20608475190148512,0.5621742367833207,0.4947330833779682,0.6482181884807162,0.9995545657015591,0.5,0.4173144225763059,0.27137097816997974,0.4161413074561506,0.35452390012982504,0.06456674288704793,0.0
2021-07-27 07:20:00,0.12203626220362622,-0.05686345526982983,0.5627699180938197,0.49009105516871987,0.6482181884807162,0.9995545657015591,0.5,0.4173144225763059,0.27137097816997974,0.4161413074561506,0.35452390012982504,0.06456674288704793,0.0
2021-07-27 07:30:00,0.1094839609483961,0.09235784136182534,0.5651526433358152,0.49044813426173883,0.6482181884807162,0.9995545657015591,0.5,0.4173144225763059,0.27137097816997974,0.4161413074561506,0.35452390012982504,0.06456674288704793,0.0
2021-07-27 07:40:00,0.0794979079497908,0.24157913799348063,0.5678332092330602,0.49651847884306366,0.6482181884807162,0.9995545657015591,0.5,0.4173144225763059,0.27137097816997974,0.4161413074561506,0.35452390012982504,0.06456674288704793,0.0
2021-07-27 07:50:00,0.06903765690376569,0.3908004346251357,0.5702159344750557,0.5033029816104269,0.6482181884807162,0.9995545657015591,0.5,0.4173144225763059,0.27137097816997974,0.4161413074561506,0.35452390012982504,0.06456674288704793,0.0
2021-07-27 08:00:00,0.08647140864714087,0.540021731256791,0.5630677587490691,0.5068737725406176,0.6482181884807162,0.9995545657015591,0.5,0.4132918732195705,0.25962121451580056,0.4242648933994137,0.25168257991698334,0.11693354939069889,0.0
2021-07-27 08:10:00,0.10669456066945607,0.689243027888446,0.5603871928518243,0.5079450098196749,0.6482181884807162,0.9995545657015591,0.5,0.4132918732195705,0.25962121451580056,0.4242648933994137,0.25168257991698334,0.11693354939069889,0.0
2021-07-27 08:20:00,0.08437935843793584,0.2111553784860556,0.5553239017125835,0.5058025352615605,0.6482181884807162,0.9995545657015591,0.5,0.4132918732195705,0.25962121451580056,0.4242648933994137,0.25168257991698334,0.11693354939069889,0.0
2021-07-27 08:30:00,0.08228730822873082,0.3067729083665336,0.5553239017125835,0.5040171397964648,0.6482181884807162,0.9995545657015591,0.5,0.4132918732195705,0.25962121451580056,0.4242648933994137,0.25168257991698334,0.11693354939069889,0.0
2021-07-27 08:40:00,0.06834030683403068,0.21646746347941548,0.5565152643335813,0.5050883770755221,0.6482181884807162,0.9995545657015591,0.5,0.4132918732195705,0.25962121451580056,0.4242648933994137,0.25168257991698334,0.11693354939069889,0.0
2021-07-27 08:50:00,0.0801952580195258,0.12616201859229736,0.5621742367833207,0.5086591680057133,0.6482181884807162,0.9995545657015591,0.5,0.4132918732195705,0.25962121451580056,0.4242648933994137,0.25168257991698334,0.11693354939069889,0.0
2021-07-27 09:00:00,0.09065550906555091,0.03585657370517925,0.5681310498883096,0.5147295125870381,0.6482181884807162,0.9995545657015591,0.5,0.46708350246129116,0.2664084343131021,0.39984062000946796,0.21199976719478256,0.2713756974125734,0.0
2021-07-27 09:10:00,0.09553695955369597,-0.054448871181938974,0.5723008190618017,0.517586145331191,0.6482181884807162,0.9995545657015591,0.5,0.46708350246129116,0.2664084343131021,0.39984062000946796,0.21199976719478256,0.2713756974125734,0.0
2021-07-27 09:20:00,0.09483960948396096,-0.1447543160690572,0.5749813849590466,0.5129441171219424,0.6482181884807162,0.9995545657015591,0.5,0.46708350246129116,0.2664084343131021,0.39984062000946796,0.21199976719478256,0.2713756974125734,0.0
2021-07-27 09:30:00,0.07391910739191074,-0.23505976095617542,0.5800446760982871,0.5100874843777896,0.6482181884807162,0.9995545657015591,0.5,0.46708350246129116,0.2664084343131021,0.39984062000946796,0.21199976719478256,0.2713756974125734,0.0
2021-07-27 09:40:00,0.06555090655509065,-0.32536520584329365,0.5883842144452716,0.5154436707730763,0.6482181884807162,0.9995545657015591,0.5,0.46708350246129116,0.2664084343131021,0.39984062000946796,0.21199976719478256,0.2713756974125734,0.0
2021-07-27 09:50:00,0.05090655509065551,-0.41567065073041176,0.5964259121370066,0.5186573826102483,0.6482181884807162,0.9995545657015591,0.5,0.46708350246129116,0.2664084343131021,0.39984062000946796,0.21199976719478256,0.2713756974125734,0.0
2021-07-27 10:00:00,0.07670850767085077,-0.50597609561753,0.6080416976917349,0.5247277271915729,0.6482181884807162,0.9995545657015591,0.5,0.6565593353129504,0.2557908317936134,0.19401698573734233,0.3069528443805363,0.45036242916045394,0.0
2021-07-27 10:10:00,0.07461645746164575,-0.2749003984063746,0.619657483246463,0.5307980717728977,0.6482181884807162,0.9995545657015591,0.5,0.6565593353129504,0.2557908317936134,0.19401698573734233,0.3069528443805363,0.45036242916045394,0.0
2021-07-27 10:20:00,0.058577405857740586,-0.315353968740423,0.6285927029039462,0.5379396536332799,0.6482181884807162,0.9995545657015591,0.5,0.6565593353129504,0.2557908317936134,0.19401698573734233,0.3069528443805363,0.45036242916045394,0.0
2021-07-27 10:30:00,0.05439330543933055,-0.3558075390744714,0.6333581533879371,0.542581681842528,0.6482181884807162,0.9995545657015591,0.5,0.6565593353129504,0.2557908317936134,0.19401698573734233,0.3069528443805363,0.45036242916045394,0.0
2021-07-27 10:40:00,0.07531380753138076,-0.3962611094085198,0.6413998510796721,0.549009105516872,0.6482181884807162,0.9995545657015591,0.5,0.6565593353129504,0.2557908317936134,0.19401698573734233,0.3069528443805363,0.45036242916045394,0.0
2021-07-27 10:50:00,0.07252440725244073,-0.4367146797425683,0.6476545048399105,0.5507945009819675,0.6482181884807162,0.9995545657015591,0.5,0.6565593353129504,0.2557908317936134,0.19401698573734233,0.3069528443805363,0.45036242916045394,0.0
2021-07-27 11:00:00,0.08228730822873082,-0.4771682500766167,0.6559940431868949,0.5593643992144262,0.6482181884807162,0.9995545657015591,0.5,0.6706301699373263,0.25128804880361655,0.20083831744542588,0.39363517087545646,0.5494468931999379,0.0
2021-07-27 11:10:00,0.10320781032078104,-0.5176218204106651,0.6625465376023827,0.5647205856097126,0.6482181884807162,0.9995545657015591,0.5,0.6706301699373263,0.25128804880361655,0.20083831744542588,0.39363517087545646,0.5494468931999379,0.0
2021-07-27 11:20:00,0.09274755927475593,-0.5580753907447136,0.6652271034996275,0.5650776647027316,0.6482181884807162,0.9995545657015591,0.5,0.6706301699373263,0.25128804880361655,0.20083831744542588,0.39363517087545646,0.5494468931999379,0.0
2021-07-27 11:30:00,0.19595536959553697,-0.5985289610787619,0.6777364110201041,0.5711480092840564,0.6433497794820118,0.9995545657015591,0.5,0.6706301699373263,0.25128804880361655,0.20083831744542588,0.39363517087545646,0.5494468931999379,0.0
2021-07-27 11:40:00,0.07810320781032079,-0.6389825314128104,0.6798212956068501,0.580074986609534,0.5356296868251953,0.9995545657015591,0.5,0.6706301699373263,0.25128804880361655,0.20083831744542588,0.39363517087545646,0.5494468931999379,0.0
2021-07-27 11:50:00,0.0808926080892608,-0.6794361017468588,0.6860759493670885,0.5897161221210496,0.5251730771747523,0.9995545657015591,0.5,0.6706301699373263,0.25128804880361655,0.20083831744542588,0.39363517087545646,0.5494468931999379,0.0
2021-07-27 12:00:00,0.11506276150627615,-0.7198896720809072,0.6941176470588233,0.5975718621674699,0.5251730771747523,0.9995545657015591,0.5,0.6890248323757107,0.2335441528475007,0.20652149239425957,0.38935330727279716,0.6247773296144689,0.0
2021-07-27 12:10:00,0.08228730822873082,-0.639288997854735,0.6970960536113178,0.600428494911623,0.5251730771747523,0.9995545657015591,0.5,0.6890248323757107,0.2335441528475007,0.20652149239425957,0.38935330727279716,0.6247773296144689,0.0
2021-07-27 12:20:00,0.12552301255230125,-0.5586883236285627,0.7018615040953089,0.6057846813069094,0.5251730771747523,0.9995545657015591,0.5,0.6890248323757107,0.2335441528475007,0.20652149239425957,0.38935330727279716,0.6247773296144689,0.0
2021-07-27 12:30:00,0.09205020920502092,-0.47808764940239046,0.7116902457185403,0.6100696304231386,0.5251730771747523,0.9995545657015591,0.5,0.6890248323757107,0.2335441528475007,0.20652149239425957,0.38935330727279716,0.6247773296144689,0.0
2021-07-27 12:40:00,0.2524407252440725,-0.15537848605577698,0.7250930752047653,0.6179253704695589,0.5039326798497599,0.9995545657015591,0.5,0.6890248323757107,0.2335441528475007,0.20652149239425957,0.38935330727279716,0.6247773296144689,0.0
2021-07-27 12:50:00,0.28033472803347276,0.1673306772908365,0.7361131794489946,0.6286377432601322,0.34233291018308887,0.41714922048997777,0.5,0.6890248323757107,0.2335441528475007,0.20652149239425957,0.38935330727279716,0.6247773296144689,0.038324003802224
2021-07-27 13:00:00,0.33054393305439334,0.49003984063745,0.7420699925539835,0.6311372969112659,0.32564683095365854,0.00011135857461024499,0.5,0.7794022659421931,0.23331139890864383,0.1602725083339072,0.4509013841780933,0.7067326635462673,0.17239012025287806
2021-07-27 13:10:00,0.22663877266387727,0.10756972111553775,0.7498138495904689,0.64542046063203,0.34673018282707985,0.00022271714922048998,0.5,0.7794022659421931,0.23331139890864383,0.1602725083339072,0.4509013841780933,0.7067326635462673,0.07611992093788193
2021-07-27 13:20:00,0.23640167364016737,-0.1394422310756973,0.7572598659717049,0.6768434208177112,0.3467694441899727,0.00033407572383073496,0.5,0.7794022659421931,0.23331139890864383,0.1602725083339072,0.4509013841780933,0.7067326635462673,0.06938304389154609
2021-07-27 13:30:00,0.37099023709902373,0.06772908366533859,0.7527922561429634,0.6957686127477234,0.3441651071180851,0.00022271714922048998,0.5,0.7794022659421931,0.23331139890864383,0.1602725083339072,0.4509013841780933,0.7067326635462673,0.23736741252621574
2021-07-27 13:40:00,0.34449093444909346,-0.05179282868525903,0.7256887565152641,0.6618460989109087,0.35124523955974923,0.13028953229398663,0.5,0.7794022659421931,0.23331139890864383,0.1602725083339072,0.4509013841780933,0.7067326635462673,0.14240234168716145
2021-07-27 13:50:00,0.26778242677824265,0.2589641434262948,0.7230081906180192,0.6586323870737367,0.37192289068327855,0.00044543429844097997,0.5,0.7794022659421931,0.23331139890864383,0.1602725083339072,0.4509013841780933,0.7067326635462673,0.1322027249271995
2021-07-27 14:00:00,0.24267782426778242,-0.7609561752988048,0.723603871928518,0.6643456525620426,0.3214589522450956,0.000556792873051225,0.5,0.7829037066288929,0.20477749010795787,0.16379451698846384,0.5179371247436428,0.7531856822801397,0.0902424672209062
2021-07-27 14:10:00,0.19525801952580193,0.7051792828685257,0.7340282948622485,0.6789858953758257,0.3661776445799689,0.0006681514476614699,0.5,0.7829037066288929,0.20477749010795787,0.16379451698846384,0.5179371247436428,0.7531856822801397,0.034144575041115316
2021-07-27 14:20:00,0.4198047419804742,0.027888446215139417,0.7361131794489946,0.69326905909659,0.3807174359712606,0.000556792873051225,0.5,0.7829037066288929,0.20477749010795787,0.16379451698846384,0.5179371247436428,0.7531856822801397,0.3295336240324698
2021-07-27 14:30:00,0.2698744769874477,-0.12350597609561753,0.7259865971705135,0.680057132654883,0.3882948790095667,0.000556792873051225,0.5,0.7829037066288929,0.20477749010795787,0.16379451698846384,0.5179371247436428,0.7531856822801397,0.12160327111969461
2021-07-27 14:40:00,0.1792189679218968,0.19521912350597592,0.7301563663440056,0.6882699517943225,0.3955582311447305,0.05111358574610245,0.5,0.7829037066288929,0.20477749010795787,0.16379451698846384,0.5179371247436428,0.7531856822801397,0.0
2021-07-27 14:50:00,0.21269177126917713,0.003984063745019917,0.7396872673119879,0.6882699517943225,0.37605842090798447,0.00378619153674833,0.5,0.7829037066288929,0.20477749010795787,0.16379451698846384,0.5179371247436428,0.7531856822801397,0.05913816256016416
2021-07-27 15:00:00,0.2705718270571827,-0.07569721115537853,0.7483246463142217,0.7057668273522584,0.38730025781628297,0.00044543429844097997,0.5,0.7971862333121986,0.1954127359507149,0.16349105079070508,0.5356411749440814,0.7719996991836666,0.11070205350272343
2021-07-27 15:10:00,0.3493723849372385,0.4581673306772909,0.7507073715562174,0.714693804677736,0.40174843936082505,0.355011135857461,0.5,0.7971862333121986,0.1954127359507149,0.16349105079070508,0.5356411749440814,0.7719996991836666,0.04090408437316113
2021-07-27 15:20:00,0.4755927475592748,-0.08366533864541836,0.7647058823529411,0.7421888948402071,0.4143120754865138,0.5528953229398663,0.5,0.7971862333121986,0.1954127359507149,0.16349105079070508,0.5356411749440814,0.7719996991836666,0.1393243508306049
2021-07-27 15:30:00,0.4511854951185495,0.08366533864541825,0.7605361131794488,0.7239778610962329,0.4406041015037102,0.0010022271714922048,0.5,0.7971862333121986,0.1954127359507149,0.16349105079070508,0.5356411749440814,0.7719996991836666,0.392821038972796
2021-07-27 15:40:00,0.5774058577405857,-0.03585657370517936,0.7393894266567385,0.6911265845384753,0.4426195181322061,0.0017817371937639199,0.5,0.7971862333121986,0.1954127359507149,0.16349105079070508,0.5356411749440814,0.7719996991836666,0.6029768999803854
2021-07-27 15:50:00,0.9623430962343097,-0.003984063745020028,0.728965003723008,0.6722013926084627,0.42870790854719876,0.08184855233853007,0.5,0.7971862333121986,0.1954127359507149,0.16349105079070508,0.5356411749440814,0.7719996991836666,0.5975351177633267
2021-07-27 16:00:00,0.8500697350069735,-0.21912350597609564,0.7203276247207742,0.6614890198178898,0.42620826844302523,0.03763919821826281,0.5,0.8307103907881432,0.17766309298376187,0.14045881603544305,0.48458798763306116,0.7594640879933975,0.5920932601053156
2021-07-27 16:10:00,0.5648535564853556,0.05179282868525892,0.7209233060312732,0.6722013926084627,0.41473086335736997,0.00022271714922048998,0.5,0.8307103907881432,0.17766309298376187,0.14045881603544305,0.48458798763306116,0.7594640879933975,0.5866514778882569
2021-07-27 16:20:00,0.41562064156206413,-0.003984063745020028,0.7319434102755025,0.7161221210498123,0.4190627003965398,0.00044543429844097997,0.5,0.8307103907881432,0.17766309298376187,0.14045881603544305,0.48458798763306116,0.7594640879933975,0.3101151228933114
2021-07-27 16:30:00,0.45188284518828453,-0.043824701195219196,0.7426656738644823,0.7443313693983218,0.43017366609519575,0.0008908685968819599,0.5,0.8307103907881432,0.17766309298376187,0.14045881603544305,0.48458798763306116,0.7594640879933975,0.3789549919278181
2021-07-27 16:40:00,0.4107391910739191,-0.043824701195219196,0.7492181682799699,0.7600428494911624,0.3990786666841161,0.0012249443207126948,0.5,0.8307103907881432,0.17766309298376187,0.14045881603544305,0.48458798763306116,0.7594640879933975,0.3016355598473075
2021-07-27 16:50:00,0.5676429567642958,0.01195219123505975,0.7516008935219654,0.7596857703981432,0.4093127952781667,0.0014476614699331849,0.5,0.8307103907881432,0.17766309298376187,0.14045881603544305,0.48458798763306116,0.7594640879933975,0.6083030312174661
2021-07-27 17:00:00,0.38633193863319387,-0.36254980079681276,0.7563663440059567,0.7707552222817353,0.4214838177749277,0.00111358574610245,0.5,0.8372245826944824,0.15581008427991308,0.13090451314980034,0.49458676273519486,0.7438867087540091,0.32226111622433123
2021-07-27 17:10:00,0.5216178521617852,0.4661354581673305,0.7611317944899476,0.7771826459560791,0.3854418866393582,0.001893095768374165,0.5,0.8372245826944824,0.15581008427991308,0.13090451314980034,0.49458676273519486,0.7438867087540091,0.4982271376193853
2021-07-27 17:20:00,0.9497907949790795,0.3705179282868525,0.7501116902457183,0.7579003749330475,0.4714635327374331,0.08051224944320713,0.5,0.8372245826944824,0.15581008427991308,0.13090451314980034,0.49458676273519486,0.7438867087540091,0.6582411696365255
2021-07-27 17:30:00,0.6680613668061367,-0.03585657370517936,0.7313477289650034,0.7332619175147295,0.4760309379539595,0.004565701559020045,0.5,0.8372245826944824,0.15581008427991308,0.13090451314980034,0.49458676273519486,0.7438867087540091,0.8182552016536658
2021-07-27 17:40:00,0.6582984658298465,-0.6334661354581674,0.7250930752047653,0.7400464202820924,0.42989883655494626,0.005902004454342985,0.5,0.8372245826944824,0.15581008427991308,0.13090451314980034,0.49458676273519486,0.7438867087540091,0.7111894020550116
2021-07-27 17:50:00,0.0,0.003984063745019917,0.7317448101265822,0.7377850383860025,0.3623300310164767,0.0,0.5,0.8372245826944824,0.15581008427991308,0.13090451314980034,0.49458676273519486,0.7438867087540091,0.0
2021-07-27 18:00:00,0.0,0.003984063745019917,0.7383966344005954,0.7355234779503661,0.3642407506772586,0.0,0.5,0.7828385680451384,0.16166341481636648,0.16345085071352602,0.4645747064180179,0.7129652348461513,0.0
2021-07-27 18:10:00,0.0,0.003984063745019917,0.7450484586746089,0.7332619175147295,0.36502597793511404,0.0,0.5,0.7828385680451384,0.16166341481636648,0.16345085071352602,0.4645747064180179,0.7129652348461513,0.0
2021-07-27 18:20:00,0.0,0.003984063745019917,0.7517001935964256,0.7310004284949116,0.3731792542958474,0.0,0.5,0.7828385680451384,0.16166341481636648,0.16345085071352602,0.4645747064180179,0.7129652348461513,0.0
2021-07-27 18:30:00,0.0061018131101813105,-0.00876494023904395,0.7583518987341771,0.7287390108909124,0.3736144010679091,0.12494432071269489,0.5,0.7828385680451384,0.16166341481636648,0.16345085071352602,0.4645747064180179,0.7129652348461513,0.0
2021-07-27 18:40:00,0.012203626220362621,-0.021513944223107706,0.7650037230081903,0.7264774147473667,0.3740495609270917,0.24988864142538977,0.5,0.7828385680451384,0.16166341481636648,0.16345085071352602,0.4645747064180179,0.7129652348461513,0.0
2021-07-27 18:50:00,0.018305439330543936,-0.03426294820717146,0.7716555770662694,0.7242158543117301,0.3744846946120323,0.3748329621380846,0.5,0.7828385680451384,0.16166341481636648,0.16345085071352602,0.4645747064180179,0.7129652348461513,0.0
2021-07-27 19:00:00,0.024407252440725242,-0.04701195219123522,0.7783072822040207,0.7219544009998213,0.37491984138409395,0.49977728285077955,0.5,0.7839052665528878,0.1540342579315945,0.16027720045648014,0.48193116456598456,0.7325439760457355,0.0
2021-07-27 19:10:00,0.030509065550906555,-0.059760956175298974,0.784959046909903,0.7196929119800035,0.3753550012432765,0.6247216258351894,0.5,0.7839052665528878,0.1540342579315945,0.16027720045648014,0.48193116456598456,0.7325439760457355,0.0
2021-07-27 19:20:00,0.03661087866108787,-0.07250996015936251,0.791610841399851,0.7174313872522764,0.3757901349282171,0.7496659242761692,0.5,0.7839052665528878,0.1540342579315945,0.16027720045648014,0.48193116456598456,0.7325439760457355,0.0
2021-07-27 19:30:00,0.04271269177126918,-0.08525896414342626,0.7982626954579297,0.7151697911087307,0.3762252817002788,0.8746102449888642,0.5,0.7839052665528878,0.1540342579315945,0.16027720045648014,0.48193116456598456,0.7325439760457355,0.0
2021-07-27 19:40:00,0.048814504881450484,-0.09800796812749002,0.8049143708116158,0.7129084092126405,0.3766604284723404,0.9995545657015591,0.5,0.7839052665528878,0.1540342579315945,0.16027720045648014,0.48193116456598456,0.7325439760457355,0.0
2021-07-27 19:50:00,0.2496513249651325,-0.11075697211155378,0.8055100521221144,0.7211212283520798,0.4268364502493096,0.9973273942093541,0.5,0.7839052665528878,0.1540342579315945,0.16027720045648014,0.48193116456598456,0.7325439760457355,0.0
2021-07-27 20:00:00,0.08368200836820083,-0.12350597609561753,0.799851079672375,0.7307623638635958,0.5091020926306422,0.978619153674833,0.5,0.7893935507799117,0.14304022620234497,0.1349034697231914,0.45917378029649086,0.7649254475220864,0.0
2021-07-27 20:10:00,0.05160390516039052,-0.16600265604249675,0.7956813104988829,0.7332619175147295,0.49873709282694906,0.9996659242761693,0.5,0.7893935507799117,0.14304022620234497,0.1349034697231914,0.45917378029649086,0.7649254475220864,0.0
2021-07-27 20:20:00,0.32147838214783825,-0.20849933598937587,0.7900223380491436,0.727905731119443,0.504246770752902,0.6242761692650335,0.5,0.7893935507799117,0.14304022620234497,0.1349034697231914,0.45917378029649086,0.7649254475220864,0.06023205636947961
2021-07-27 20:30:00,0.3089260808926081,-0.2509960159362551,0.7584512285927028,0.7343331547937868,0.49153917629660654,0.00011135857461024499,0.5,0.7893935507799117,0.14304022620234497,0.1349034697231914,0.45917378029649086,0.7649254475220864,0.18962083377340555
2021-07-27 20:40:00,0.06694560669456066,-0.2217795484727757,0.7468354430379744,0.7457596857703983,0.5137741948148827,0.5028953229398664,0.5,0.7893935507799117,0.14304022620234497,0.1349034697231914,0.45917378029649086,0.7649254475220864,0.0
2021-07-27 20:50:00,0.06694560669456066,-0.1925630810092962,0.7629188384214443,0.7439742903053026,0.5174385886848752,0.9993318485523385,0.5,0.7893935507799117,0.14304022620234497,0.1349034697231914,0.45917378029649086,0.7649254475220864,0.0
2021-07-27 21:00:00,0.10529986052998605,-0.1633466135458168,0.7703648548026802,0.7454026066773789,0.5174385886848752,0.9993318485523385,0.5,0.7838075420007118,0.1494136612194589,0.1349741051900329,0.3479106555261237,0.7654562942686001,0.0
2021-07-27 21:10:00,0.10111576011157601,-0.1341301460823373,0.7795979151154131,0.7357614711658633,0.5174385886848752,0.9993318485523385,0.5,0.7838075420007118,0.1494136612194589,0.1349741051900329,0.3479106555261237,0.7654562942686001,0.0
2021-07-27 21:20:00,0.09414225941422595,-0.10491367861885803,0.7825763216679076,0.7218353865381182,0.5174385886848752,0.9993318485523385,0.5,0.7838075420007118,0.1494136612194589,0.1349741051900329,0.3479106555261237,0.7654562942686001,0.0
2021-07-27 21:30:00,0.11715481171548117,-0.07569721115537853,0.7834698436336558,0.7107659346545259,0.5174385886848752,0.9993318485523385,0.5,0.7838075420007118,0.1494136612194589,0.1349741051900329,0.3479106555261237,0.7654562942686001,0.0
2021-07-27 21:40:00,0.1324965132496513,-0.04648074369189914,0.7810871183916601,0.7014818782360293,0.5174385886848752,0.9993318485523385,0.5,0.7838075420007118,0.1494136612194589,0.1349741051900329,0.3479106555261237,0.7654562942686001,0.0
2021-07-27 21:50:00,0.2315202231520223,-0.01726427622841975,0.7784065524944153,0.6914836636314943,0.47202627893889626,0.9993318485523385,0.5,0.7838075420007118,0.1494136612194589,0.1349741051900329,0.3479106555261237,0.7654562942686001,0.0
2021-07-27 22:00:00,0.12482566248256625,0.01195219123505975,0.7688756515264332,0.6936261381896089,0.3287615657431522,0.26893095768374164,0.5,0.6664203096300709,0.16279844945647765,0.20422285959000744,0.29693743418654767,0.7398072461738375,0.0
2021-07-27 22:10:00,0.11854951185495119,-0.11952191235059761,0.7426656738644823,0.6886270308873417,0.3311172475167188,0.790423162583519,0.5,0.6664203096300709,0.16279844945647765,0.20422285959000744,0.29693743418654767,0.7398072461738375,0.0
2021-07-27 22:20:00,0.12831241283124128,-0.250996015936255,0.7462397617274754,0.6775575790037494,0.3311172475167188,0.9993318485523385,0.5,0.6664203096300709,0.16279844945647765,0.20422285959000744,0.29693743418654767,0.7398072461738375,0.0
2021-07-27 22:30:00,0.21338912133891214,-0.38247011952191234,0.7459419210722262,0.6718443135154437,0.3737550876182749,0.7971046770601337,0.5,0.6664203096300709,0.16279844945647765,0.20422285959000744,0.29693743418654767,0.7398072461738375,0.006367216379739578
2021-07-27 22:40:00,0.14644351464435149,-0.5139442231075697,0.7414743112434845,0.6907695054454563,0.42682336312834535,0.00011135857461024499,0.5,0.6664203096300709,0.16279844945647765,0.20422285959000744,0.29693743418654767,0.7398072461738375,0.0254160568523017
2021-07-27 22:50:00,0.11785216178521618,0.21912350597609564,0.7173492181682797,0.6918407427245135,0.4139587232204787,0.00011135857461024499,0.5,0.6664203096300709,0.16279844945647765,0.20422285959000744,0.29693743418654767,0.7398072461738375,0.015963305520768894
2021-07-27 23:00:00,0.0885634588563459,0.01195219123505975,0.7030528667163065,0.686841635422246,0.43569643114211304,0.00044543429844097997,0.5,0.6039565435926546,0.17136724261293498,0.22601396451766187,0.2817490076702559,0.7465428072848668,0.00022632285709974802
2021-07-27 23:10:00,0.10181311018131102,0.7450199203187249,0.696500372300819,0.6722013926084627,0.450288571017262,0.3528953229398664,0.5,0.6039565435926546,0.17136724261293498,0.22601396451766187,0.2817490076702559,0.7465428072848668,0.0
2021-07-27 23:20:00,0.2705718270571827,0.49800796812749004,0.7000744601638123,0.6604177825388324,0.46188376019159544,0.42795100222717153,0.5,0.6039565435926546,0.17136724261293498,0.22601396451766187,0.2817490076702559,0.7465428072848668,0.03888226684973671
2021-07-27 23:30:00,0.2629009762900976,0.07569721115537842,0.7012658227848099,0.6689876807712907,0.4838439491696222,0.00011135857461024499,0.5,0.6039565435926546,0.17136724261293498,0.22601396451766187,0.2817490076702559,0.7465428072848668,0.10059296588560135
2021-07-27 23:40:00,0.19316596931659694,0.33864541832669315,0.6768428890543556,0.634708087841457,0.4838439491696222,0.00011135857461024499,0.5,0.6039565435926546,0.17136724261293498,0.22601396451766187,0.2817490076702559,0.7465428072848668,0.06326478265461623
2021-07-27 23:50:00,0.14783821478382148,0.49003984063745,0.6622486969471331,0.6286377432601322,0.4888432293779691,0.00011135857461024499,0.5,0.6039565435926546,0.17136724261293498,0.22601396451766187,0.2817490076702559,0.7465428072848668,0.04091917256363445
2021-07-28 00:00:00,0.15550906555090654,-0.01195219123505975,0.6545048399106477,0.6257811105159794,0.5003337215845886,0.00011135857461024499,0.5,0.5979389791886727,0.16491622294953823,0.2243936604605103,0.20795062310268786,0.8099048582441654,0.046743214086334625
2021-07-28 00:10:00,0.1806136680613668,0.2111553784860556,0.6530156366344004,0.6257811105159794,0.5079242517438589,0.00022271714922048998,0.5,0.5979389791886727,0.16491622294953823,0.2243936604605103,0.20795062310268786,0.8099048582441654,0.07891123617544547
2021-07-28 00:20:00,0.1317991631799163,-0.3466135458167332,0.6485480268056589,0.6236386359578647,0.516823493999555,0.00033407572383073496,0.5,0.5979389791886727,0.16491622294953823,0.2243936604605103,0.20795062310268786,0.8099048582441654,0.05176003741871237
2021-07-28 00:30:00,0.1771269177126918,0.027888446215139417,0.6443782576321666,0.6200678450276735,0.516823493999555,0.00033407572383073496,0.5,0.5979389791886727,0.16491622294953823,0.2243936604605103,0.20795062310268786,0.8099048582441654,0.08223818217481178
2021-07-28 00:40:00,0.2622036262203626,0.40239043824701204,0.644676098287416,0.6111408677021961,0.5168365811205193,0.00022271714922048998,0.5,0.5979389791886727,0.16491622294953823,0.2243936604605103,0.20795062310268786,0.8099048582441654,0.11876669131071112
2021-07-28 00:50:00,0.1617852161785216,0.7450199203187249,0.6464631422189129,0.6093554722371006,0.5168365811205193,0.00033407572383073496,0.5,0.5979389791886727,0.16491622294953823,0.2243936604605103,0.20795062310268786,0.8099048582441654,0.0475806086576037
2021-07-28 01:00:00,0.16736401673640167,0.8167330677290834,0.6485480268056589,0.6172112122835207,0.5168365811205193,0.00022271714922048998,0.5,0.5266158321112204,0.17611714706887951,0.25040070092702393,0.15814829525024293,0.9363191866288603,0.04717322751482415
2021-07-28 01:10:00,0.24267782426778242,0.49800796812749004,0.6485480268056589,0.6129262631672916,0.5168365811205193,0.00022271714922048998,0.5,0.5266158321112204,0.17611714706887951,0.25040070092702393,0.15814829525024293,0.9363191866288603,0.09593071502934652
2021-07-28 01:20:00,0.27266387726638774,0.5219123505976095,0.6461653015636633,0.5986430994465273,0.5168496682414836,0.00022271714922048998,0.5,0.5266158321112204,0.17611714706887951,0.25040070092702393,0.15814829525024293,0.9363191866288603,0.11363670654978349
2021-07-28 01:30:00,0.26778242677824265,-0.03585657370517936,0.645271779597915,0.5947152294233171,0.5305387967700985,0.00022271714922048998,0.5,0.5266158321112204,0.17611714706887951,0.25040070092702393,0.15814829525024293,0.9363191866288603,0.11227122531194833
2021-07-28 01:40:00,0.41841004184100417,0.20318725099601576,0.6416976917349215,0.590430280307088,0.5409561450576488,0.00155902004454343,0.5,0.5266158321112204,0.17611714706887951,0.25040070092702393,0.15814829525024293,0.9363191866288603,0.35872172850310063
2021-07-28 01:50:00,0.5432357043235705,-0.01195219123505975,0.6205510052122112,0.5793608284234957,0.5679025271230582,0.00033407572383073496,0.5,0.5266158321112204,0.17611714706887951,0.25040070092702393,0.15814829525024293,0.9363191866288603,0.5416056852301703
2021-07-28 02:00:00,0.5097629009762901,0.29083665338645415,0.6020848845867459,0.5661489019817889,0.5690934551308058,0.00022271714922048998,0.5,0.4953228629091295,0.17307697833664085,0.23559629332461868,0.21430653006804143,0.04196639518944663,0.48824629962128646
2021-07-28 02:10:00,0.4337517433751743,0.05976095617529875,0.5877885331347725,0.5611497946795214,0.5791443640313567,0.00033407572383073496,0.5,0.4953228629091295,0.17307697833664085,0.23559629332461868,0.21430653006804143,0.04196639518944663,0.34823543612414565
2021-07-28 02:20:00,0.4260808926080893,-0.0916334661354582,0.5797468354430377,0.5493661846098912,0.5791443640313567,0.00022271714922048998,0.5,0.4953228629091295,0.17307697833664085,0.23559629332461868,0.21430653006804143,0.04196639518944663,0.31025091660757126
2021-07-28 02:30:00,0.4428172942817294,-0.07569721115537853,0.5734921816827996,0.5397250490983752,0.5791443640313567,0.00022271714922048998,0.5,0.4953228629091295,0.17307697833664085,0.23559629332461868,0.21430653006804143,0.04196639518944663,0.34189085203011604
2021-07-28 02:40:00,0.399581589958159,-0.003984063745020028,0.5660461653015634,0.5315122299589359,0.5791443640313567,0.00022271714922048998,0.5,0.4953228629091295,0.17307697833664085,0.23559629332461868,0.21430653006804143,0.04196639518944663,0.28136457594640674
2021-07-28 02:50:00,0.36750348675034866,0.03585657370517925,0.5630677587490691,0.5275843599357259,0.5791443640313567,0.00022271714922048998,0.5,0.4953228629091295,0.17307697833664085,0.23559629332461868,0.21430653006804143,0.04196639518944663,0.23501365481237835
2021-07-28 03:00:00,0.3472803347280335,0.2828685258964143,0.5618763961280713,0.5225852526334585,0.5822590988208504,0.00022271714922048998,0.5,0.4863168950408292,0.17272066366481223,0.25466089459501723,0.26928050908036005,0.09595807121616093,0.19826636691461594
2021-07-28 03:10:00,0.3096234309623431,0.14741035856573692,0.5648548026805658,0.5293697554008212,0.5982122992762823,0.00022271714922048998,0.5,0.4863168950408292,0.17272066366481223,0.25466089459501723,0.26928050908036005,0.09595807121616093,0.14336044178221707
2021-07-28 03:20:00,0.2629009762900976,-0.33864541832669326,0.5651526433358152,0.5247277271915729,0.6042192877988772,0.00022271714922048998,0.5,0.4863168950408292,0.17272066366481223,0.25466089459501723,0.26928050908036005,0.09595807121616093,0.10774476816995338
2021-07-28 03:30:00,0.18270571827057183,-0.4581673306772909,0.5624720774385703,0.5150865916800571,0.6042192877988772,0.00033407572383073496,0.5,0.4863168950408292,0.17272066366481223,0.25466089459501723,0.26928050908036005,0.09595807121616093,0.057885842750878894
2021-07-28 03:40:00,0.1499302649930265,-0.6653386454183268,0.5568131049888307,0.5154436707730763,0.5996257083404223,0.00033407572383073496,0.5,0.4863168950408292,0.17272066366481223,0.25466089459501723,0.26928050908036005,0.09595807121616093,0.044072604372557604
2021-07-28 03:50:00,0.17433751743375175,-0.50597609561753,0.5538346984363365,0.5279414390287449,0.5779534360236092,0.00033407572383073496,0.5,0.4863168950408292,0.17272066366481223,0.25466089459501723,0.26928050908036005,0.09595807121616093,0.05526804170375847
2021-07-28 04:00:00,0.15829846582984658,-0.21912350597609564,0.552941176470588,0.5193715407962862,0.5713051785737655,0.00033407572383073496,0.5,0.3829434968646428,0.17702230127555027,0.3306371382516162,0.29717564146926223,0.13071881245923705,0.04847081189552937
2021-07-28 04:10:00,0.19525801952580193,-0.6573705179282869,0.552941176470588,0.5054454561685413,0.5713051785737655,0.00033407572383073496,0.5,0.3829434968646428,0.17702230127555027,0.3306371382516162,0.29717564146926223,0.13071881245923705,0.05627140637023402
2021-07-28 04:20:00,0.1492329149232915,0.03585657370517925,0.552941176470588,0.4990180324941975,0.5713051785737655,0.00022271714922048998,0.5,0.3829434968646428,0.17702230127555027,0.3306371382516162,0.29717564146926223,0.13071881245923705,0.045249483229476285
2021-07-28 04:30:00,0.1311018131101813,0.6414342629482073,0.5559195830230825,0.5136582753079808,0.5847325646830953,0.00022271714922048998,0.5,0.3829434968646428,0.17702230127555027,0.3306371382516162,0.29717564146926223,0.13071881245923705,0.04021002761138857
2021-07-28 04:40:00,0.1290097629009763,0.1872509960159361,0.5594936708860758,0.5275843599357259,0.6042978105246627,0.00022271714922048998,0.5,0.3829434968646428,0.17702230127555027,0.3306371382516162,0.29717564146926223,0.13071881245923705,0.03469529399339138
2021-07-28 04:50:00,0.11157601115760113,0.3067729083665336,0.5591958302308264,0.5161578289591144,0.6042978105246627,0.00033407572383073496,0.5,0.3829434968646428,0.17702230127555027,0.3306371382516162,0.29717564146926223,0.13071881245923705,0.022579477043318197
2021-07-28 05:00:00,0.10181311018131102,0.07569721115537842,0.5550260610573343,0.522228173540439,0.613759798981822,0.00033407572383073496,0.5,0.38197448955598023,0.17677805331501908,0.3383386867915608,0.30332469468372353,0.15374321211998757,0.00896992923638668
2021-07-28 05:10:00,0.09902370990237098,0.019920318725099362,0.5481757259865969,0.5415104445634709,0.6043370718875554,0.00033407572383073496,0.5,0.38197448955598023,0.17677805331501908,0.3383386867915608,0.30332469468372353,0.15374321211998757,0.00648792190352611
2021-07-28 05:20:00,0.11506276150627615,0.3784860557768923,0.5469843633655993,0.54186752365649,0.6043370718875554,0.00033407572383073496,0.5,0.38197448955598023,0.17677805331501908,0.3383386867915608,0.30332469468372353,0.15374321211998757,0.024133560662069797
2021-07-28 05:30:00,0.13598326359832635,0.3705179282868525,0.544899478778853,0.5279414390287449,0.6160762193924958,0.00033407572383073496,0.5,0.38197448955598023,0.17677805331501908,0.3383386867915608,0.30332469468372353,0.15374321211998757,0.03848997389743049
2021-07-28 05:40:00,0.14295676429567641,0.1394422310756971,0.5440059568131048,0.5179432244242099,0.6208137571815576,0.00033407572383073496,0.5,0.38197448955598023,0.17677805331501908,0.3383386867915608,0.30332469468372353,0.15374321211998757,0.03554777675513376
2021-07-28 05:50:00,0.14504881450488147,0.13147410358565725,0.5386448250186149,0.4993751115872165,0.6208137571815576,0.00044543429844097997,0.5,0.38197448955598023,0.17677805331501908,0.3383386867915608,0.30332469468372353,0.15374321211998757,0.03928964799251626
2021-07-28 06:00:00,0.17364016736401675,-0.6175298804780878,0.5347728965003722,0.487591501517586,0.6208137571815576,0.00044543429844097997,0.5,0.4286492365644583,0.20136951268221626,0.4169361783828333,0.36552669343351424,0.15286762277304464,0.04708269837198425
2021-07-28 06:10:00,0.18270571827057183,-0.4900398406374503,0.5311988086373787,0.4783074450990894,0.6208137571815576,0.00044543429844097997,0.5,0.4286492365644583,0.20136951268221626,0.4169361783828333,0.36552669343351424,0.15286762277304464,0.0560224512274243
2021-07-28 06:20:00,0.200836820083682,-0.40239043824701204,0.5294117647058822,0.4700946259596501,0.6208137571815576,0.00033407572383073496,0.5,0.4286492365644583,0.20136951268221626,0.4169361783828333,0.36552669343351424,0.15286762277304464,0.06850792884409374
2021-07-28 06:30:00,0.24895397489539747,0.3705179282868525,0.5291139240506326,0.4622388859132296,0.6208137571815576,0.00022271714922048998,0.5,0.4286492365644583,0.20136951268221626,0.4169361783828333,0.36552669343351424,0.15286762277304464,0.10002715874285198
2021-07-28 06:40:00,0.26429567642956764,0.09163346613545809,0.5261355174981384,0.45509730405284765,0.6208137571815576,0.00022271714922048998,0.5,0.4286492365644583,0.20136951268221626,0.4169361783828333,0.36552669343351424,0.15286762277304464,0.11718997540624954
2021-07-28 06:50:00,0.25313807531380755,0.05976095617529875,0.5261355174981384,0.4483128012854847,0.6208137571815576,0.00022271714922048998,0.5,0.4286492365644583,0.20136951268221626,0.4169361783828333,0.36552669343351424,0.15286762277304464,0.10659052159874466
2021-07-28 07:00:00,0.20920502092050208,0.08366533864541825,0.5261355174981384,0.44724156400642756,0.6208137571815576,0.00044543429844097997,0.5,0.4233482632879544,0.20813661794159408,0.43051847827617,0.37107771509578935,0.13362111660414172,0.07148030236733709
2021-07-28 07:10:00,0.19525801952580193,-0.8167330677290838,0.5207743857036482,0.44724156400642756,0.6204734920364869,0.00022271714922048998,0.5,0.4233482632879544,0.20813661794159408,0.43051847827617,0.37107771509578935,0.13362111660414172,0.06064698160749581
2021-07-28 07:20:00,0.2099023709902371,-0.17131474103585675,0.5204765450483988,0.4565256204249242,0.6043501590085196,0.00022271714922048998,0.5,0.4233482632879544,0.20813661794159408,0.43051847827617,0.37107771509578935,0.13362111660414172,0.0714048614149705
2021-07-28 07:30:00,0.1792189679218968,-0.649402390438247,0.5189873417721518,0.45331190858775217,0.6043370718875554,0.00011135857461024499,0.5,0.4233482632879544,0.20813661794159408,0.43051847827617,0.37107771509578935,0.13362111660414172,0.05415905970396971
2021-07-28 07:40:00,0.14295676429567641,-0.29083665338645437,0.5166046165301563,0.45474022495982847,0.6043370718875554,0.00011135857461024499,0.5,0.4233482632879544,0.20813661794159408,0.43051847827617,0.37107771509578935,0.13362111660414172,0.039002972373523244
2021-07-28 07:50:00,0.18758716875871687,0.11553784860557759,0.5177959791511539,0.4543831458668095,0.6043370718875554,0.00033407572383073496,0.5,0.4233482632879544,0.20813661794159408,0.43051847827617,0.37107771509578935,0.13362111660414172,0.06315162122606635
2021-07-28 08:00:00,0.17364016736401675,-0.12350597609561753,0.5204765450483988,0.4543831458668095,0.6043370718875554,0.00011135857461024499,0.5,0.44013070408705435,0.21082909251825357,0.41231963702754293,0.30607532520356495,0.1279812955179746,0.05375167856119016
2021-07-28 08:10:00,0.1596931659693166,-0.05179282868525903,0.5204765450483988,0.45545438314586684,0.6043370718875554,0.00011135857461024499,0.5,0.44013070408705435,0.21082909251825357,0.41231963702754293,0.30607532520356495,0.1279812955179746,0.049775940371471254
2021-07-28 08:20:00,0.15271966527196654,0.09960159362549792,0.5231571109456439,0.4575968577039815,0.6043370718875554,0.00033407572383073496,0.5,0.44013070408705435,0.21082909251825357,0.41231963702754293,0.30607532520356495,0.1279812955179746,0.03965930865911251
2021-07-28 08:30:00,0.12691771269177127,0.003984063745019917,0.5261355174981384,0.4608105695411533,0.6043370718875554,0.00033407572383073496,0.5,0.44013070408705435,0.21082909251825357,0.41231963702754293,0.30607532520356495,0.1279812955179746,0.02216455180530199
2021-07-28 08:40:00,0.11854951185495119,0.4501992031872508,0.5309009679821295,0.4722371005177646,0.6042978105246627,0.00022271714922048998,0.5,0.44013070408705435,0.21082909251825357,0.41231963702754293,0.30607532520356495,0.1279812955179746,0.019637279901021473
2021-07-28 08:50:00,0.1311018131101813,0.027888446215139417,0.5368577810871182,0.48580610605249075,0.6199630943188809,0.00033407572383073496,0.5,0.44013070408705435,0.21082909251825357,0.41231963702754293,0.30607532520356495,0.1279812955179746,0.0304781447560994
2021-07-28 09:00:00,0.1206415620641562,-0.3944223107569722,0.543410275502606,0.4925906088198535,0.6155527345539255,0.00033407572383073496,0.5,0.4396013905570064,0.21397558095095667,0.38217528577879784,0.22801847465166408,0.17563470805712078,0.018339695520316248
2021-07-28 09:10:00,0.08577405857740586,0.3067729083665336,0.5520476545048398,0.522228173540439,0.6162332648440669,0.1212694877505568,0.5,0.4396013905570064,0.21397558095095667,0.38217528577879784,0.22801847465166408,0.17563470805712078,0.0004752779999094709
2021-07-28 09:20:00,0.01882845188284519,0.1673306772908365,0.5648548026805658,0.5318693090519551,0.6208137571815576,0.9995545657015591,0.5,0.4396013905570064,0.21397558095095667,0.38217528577879784,0.22801847465166408,0.17563470805712078,0.0
2021-07-28 09:30:00,0.03626220362622037,0.027888446215139195,0.5845122859270289,0.5390108909123372,0.6208137571815576,0.9995545657015591,0.5,0.4396013905570064,0.21397558095095667,0.38217528577879784,0.22801847465166408,0.17563470805712078,0.0
2021-07-28 09:40:00,0.05299860529986053,-0.11155378486055789,0.5991064780342514,0.5486520264238528,0.6208137571815576,0.9995545657015591,0.5,0.4396013905570064,0.21397558095095667,0.38217528577879784,0.22801847465166408,0.17563470805712078,0.0
2021-07-28 09:50:00,0.04951185495118549,-0.2509960159362551,0.6122114668652268,0.5515086591680056,0.6208137571815576,0.9995545657015591,0.5,0.4396013905570064,0.21397558095095667,0.38217528577879784,0.22801847465166408,0.17563470805712078,0.0
2021-07-28 10:00:00,0.055788005578800565,-0.3904382470119523,0.6262099776619507,0.5575790037493304,0.6208137571815576,0.9995545657015591,0.5,0.6879499957141277,0.2134497294594632,0.195920085290107,0.09874919194747488,0.2899363323824872,0.0
2021-07-28 10:10:00,0.06415620641562064,-0.5298804780876495,0.6375279225614294,0.5650776647027316,0.6208137571815576,0.9995545657015591,0.5,0.6879499957141277,0.2134497294594632,0.195920085290107,0.09874919194747488,0.2899363323824872,0.0
2021-07-28 10:20:00,0.044630404463040445,-0.3904382470119523,0.6485480268056589,0.5700767720049991,0.6208137571815576,0.9995545657015591,0.5,0.6879499957141277,0.2134497294594632,0.195920085290107,0.09874919194747488,0.2899363323824872,0.0
2021-07-28 10:30:00,0.042538354253835425,-0.2509960159362551,0.6610573343261352,0.5772183538653812,0.6208137571815576,0.9995545657015591,0.5,0.6879499957141277,0.2134497294594632,0.195920085290107,0.09874919194747488,0.2899363323824872,0.0
2021-07-28 10:40:00,0.05090655509065551,0.12350597609561742,0.6738644825018612,0.5861453311908589,0.6208137571815576,0.9995545657015591,0.5,0.6879499957141277,0.2134497294594632,0.195920085290107,0.09874919194747488,0.2899363323824872,0.0
2021-07-28 10:50:00,0.05369595536959554,0.49800796812749004,0.6878629932985851,0.5954293876093555,0.6208137571815576,0.9995545657015591,0.5,0.6879499957141277,0.2134497294594632,0.195920085290107,0.09874919194747488,0.2899363323824872,0.0
2021-07-28 11:00:00,0.06345885634588563,0.4830091399109442,0.6994787788533132,0.6050705231208713,0.6208137571815576,0.9995545657015591,0.5,0.6941792855301288,0.20651596088584537,0.20232419853156858,0.09092851994023698,0.559423501524211,0.0
2021-07-28 11:10:00,0.09902370990237098,0.4680103116943988,0.7149664929262842,0.6139975004463487,0.6208137571815576,0.9995545657015591,0.5,0.6941792855301288,0.20651596088584537,0.20232419853156858,0.09092851994023698,0.559423501524211,0.0
2021-07-28 11:20:00,0.08298465829846582,0.45301148347785314,0.7247952345495157,0.6229244777718264,0.6208137571815576,0.9995545657015591,0.5,0.6941792855301288,0.20651596088584537,0.20232419853156858,0.09092851994023698,0.559423501524211,0.0
2021-07-28 11:30:00,0.14016736401673638,0.4380126552613077,0.7376023827252418,0.6314943760042848,0.6208137571815576,0.9995545657015591,0.5,0.6941792855301288,0.20651596088584537,0.20232419853156858,0.09092851994023698,0.559423501524211,0.0
2021-07-28 11:40:00,0.1792189679218968,0.4230138270447621,0.7483246463142217,0.6372076414925907,0.706861577521561,0.9962138084632516,0.5,0.6941792855301288,0.20651596088584537,0.20232419853156858,0.09092851994023698,0.559423501524211,0.0
2021-07-28 11:50:00,0.09693165969316596,0.40801499882821646,0.7498138495904689,0.6611319407248706,0.7896507047414639,0.9995545657015591,0.5,0.6941792855301288,0.20651596088584537,0.20232419853156858,0.09092851994023698,0.559423501524211,0.0
2021-07-28 12:00:00,0.03486750348675035,0.39301617061167105,0.7557706626954577,0.6836279235850742,0.7896507047414639,0.9995545657015591,0.5,0.7109616596230499,0.1984988807696383,0.19769205903907613,0.17441160184306814,0.6441338105327054,0.0
2021-07-28 12:10:00,0.1499302649930265,0.3780173423951252,0.769471332836932,0.7039814318871631,0.7896507047414639,0.9995545657015591,0.5,0.7109616596230499,0.1984988807696383,0.19769205903907613,0.17441160184306814,0.6441338105327054,0.0
2021-07-28 12:20:00,0.10111576011157601,0.3630185141785798,0.776917349218168,0.7164792001428317,0.7896507047414639,0.9995545657015591,0.5,0.7109616596230499,0.1984988807696383,0.19769205903907613,0.17441160184306814,0.6441338105327054,0.0
2021-07-28 12:30:00,0.048814504881450484,0.34801968596203414,0.7807892777364109,0.7289769683985003,0.7896507047414639,0.9995545657015591,0.5,0.7109616596230499,0.1984988807696383,0.19769205903907613,0.17441160184306814,0.6441338105327054,0.0
2021-07-28 12:40:00,0.11645746164574616,0.33302085774548873,0.7861504095309009,0.7443313693983218,0.7896507047414639,0.9995545657015591,0.5,0.7109616596230499,0.1984988807696383,0.19769205903907613,0.17441160184306814,0.6441338105327054,0.0
2021-07-28 12:50:00,0.17154811715481172,0.3180220295289429,0.7947877885331345,0.7504017139796464,0.7880148146209315,0.9995545657015591,0.5,0.7109616596230499,0.1984988807696383,0.19769205903907613,0.17441160184306814,0.6441338105327054,0.0
2021-07-28 13:00:00,0.16108786610878661,0.30302320131239724,0.8025316455696201,0.7589716122121051,0.6505607831333186,0.9995545657015591,0.5,0.8331206184463262,0.185395696063586,0.11620878525131453,0.20767904618734465,0.6794574952270409,0.0
2021-07-28 13:10:00,0.09414225941422595,0.2880243730958518,0.8043186895011167,0.7689698268166398,0.6000837575741712,0.9995545657015591,0.5,0.8331206184463262,0.185395696063586,0.11620878525131453,0.20767904618734465,0.6794574952270409,0.0
2021-07-28 13:20:00,0.06694560669456066,0.2730255448793062,0.8096798212956067,0.7600428494911624,0.6000837575741712,0.9995545657015591,0.5,0.8331206184463262,0.185395696063586,0.11620878525131453,0.20767904618734465,0.6794574952270409,0.0
2021-07-28 13:30:00,0.060669456066945605,0.2580267166627608,0.8186150409530899,0.7579003749330475,0.6000837575741712,0.9995545657015591,0.5,0.8331206184463262,0.185395696063586,0.11620878525131453,0.20767904618734465,0.6794574952270409,0.0
2021-07-28 13:40:00,0.059274755927475595,0.24302788844621515,0.8281459419210719,0.7600428494911624,0.6000837575741712,0.9995545657015591,0.5,0.8331206184463262,0.185395696063586,0.11620878525131453,0.20767904618734465,0.6794574952270409,0.0
2021-07-28 13:50:00,0.18410041841004185,0.2400398406374502,0.8311243484735664,0.7611140867702197,0.6000837575741712,0.9995545657015591,0.5,0.8331206184463262,0.185395696063586,0.11620878525131453,0.20767904618734465,0.6794574952270409,0.0
2021-07-28 14:00:00,0.09553695955369597,0.23705179282868505,0.8355919583023079,0.7586145331190859,0.6000837575741712,0.9995545657015591,0.5,0.8396756011810993,0.16645929535899992,0.11692959672981883,0.17278596461397328,0.687258947086075,0.0
2021-07-28 14:10:00,0.07810320781032079,0.23406374501992033,0.8409530900967979,0.7579003749330475,0.6000837575741712,0.9995545657015591,0.5,0.8396756011810993,0.16645929535899992,0.11692959672981883,0.17278596461397328,0.687258947086075,0.0
2021-07-28 14:20:00,0.058577405857740586,0.23107569721115517,0.8472077438570362,0.7611140867702197,0.6000837575741712,0.9995545657015591,0.5,0.8396756011810993,0.16645929535899992,0.11692959672981883,0.17278596461397328,0.687258947086075,0.0
2021-07-28 14:30:00,0.09065550906555091,0.22808764940239024,0.8567386448250183,0.7671844313515443,0.6000837575741712,0.9995545657015591,0.5,0.8396756011810993,0.16645929535899992,0.11692959672981883,0.17278596461397328,0.687258947086075,0.0
2021-07-28 14:40:00,0.21199442119944212,0.22509960159362552,0.8638868205510051,0.7718264595607927,0.5778356519349308,0.9995545657015591,0.5,0.8396756011810993,0.16645929535899992,0.11692959672981883,0.17278596461397328,0.687258947086075,0.0
2021-07-28 14:50:00,0.17782426778242677,0.22211155378486058,0.869247952345495,0.7893233351187288,0.4195730981141459,0.48674832962138087,0.5,0.8396756011810993,0.16645929535899992,0.11692959672981883,0.17278596461397328,0.687258947086075,0.0
2021-07-28 15:00:00,0.21548117154811713,0.21912350597609564,0.8725241995532387,0.7993215497232637,0.40965306042323746,0.5002227171492205,0.5,0.845970029580855,0.1471004893579725,0.11579093271407459,0.1583911404688932,0.6798339213367077,0.011768788569186898
2021-07-28 15:10:00,0.1394700139470014,0.15139442231075684,0.8784810126582276,0.8025352615604355,0.42368245409692323,0.6616926503340758,0.5,0.845970029580855,0.1471004893579725,0.11579093271407459,0.1583911404688932,0.6798339213367077,0.0
2021-07-28 15:20:00,0.2210599721059972,0.08366533864541825,0.8790766939687265,0.8146759507230852,0.4518459384120087,0.12505567928730513,0.5,0.845970029580855,0.1471004893579725,0.11579093271407459,0.1583911404688932,0.6798339213367077,0.030719555803672464
2021-07-28 15:30:00,0.04184100418410042,-0.8007968127490039,0.8823529411764703,0.8261024816996965,0.4608629647563832,0.8893095768374165,0.5,0.845970029580855,0.1471004893579725,0.11579093271407459,0.1583911404688932,0.6798339213367077,0.0
2021-07-28 15:40:00,0.05369595536959554,-0.7498007968127489,0.8844378257632164,0.8435993572576326,0.4613864495949536,0.9993318485523385,0.5,0.845970029580855,0.1471004893579725,0.11579093271407459,0.1583911404688932,0.6798339213367077,0.0
2021-07-28 15:50:00,0.06903765690376569,-0.6988047808764941,0.8897989575577063,0.855740046420282,0.4613864495949536,0.9993318485523385,0.5,0.845970029580855,0.1471004893579725,0.11579093271407459,0.1583911404688932,0.6798339213367077,0.0
2021-07-28 16:00:00,0.11715481171548117,-0.6478087649402391,0.8966492926284435,0.8653811819317978,0.4613864495949536,0.9993318485523385,0.5,0.8894121618038417,0.1370173588462309,0.1015076043455142,0.16717802200695972,0.6343802255260041,0.0
2021-07-28 16:10:00,0.10320781032078104,-0.5968127490039841,0.9034996276991807,0.8682378146759508,0.4613864495949536,0.9993318485523385,0.5,0.8894121618038417,0.1370173588462309,0.1015076043455142,0.16717802200695972,0.6343802255260041,0.0
2021-07-28 16:20:00,0.14853556485355648,-0.5458167330677292,0.9061801935964258,0.8714515265131226,0.4613864495949536,0.9993318485523385,0.5,0.8894121618038417,0.1370173588462309,0.1015076043455142,0.16717802200695972,0.6343802255260041,0.0
2021-07-28 16:30:00,0.08716875871687588,-0.49482071713147413,0.9061801935964258,0.8718086056061418,0.4613864495949536,0.9993318485523385,0.5,0.8894121618038417,0.1370173588462309,0.1015076043455142,0.16717802200695972,0.6343802255260041,0.0
2021-07-28 16:40:00,0.048814504881450484,-0.4438247011952192,0.9076693968726728,0.8789501874665238,0.4613864495949536,0.9993318485523385,0.5,0.8894121618038417,0.1370173588462309,0.1015076043455142,0.16717802200695972,0.6343802255260041,0.0
2021-07-28 16:50:00,0.10460251046025104,-0.3928286852589642,0.9124348473566644,0.8853776111408678,0.4613864495949536,0.9993318485523385,0.5,0.8894121618038417,0.1370173588462309,0.1015076043455142,0.16717802200695972,0.6343802255260041,0.0
2021-07-28 17:00:00,0.1311018131101813,-0.3418326693227094,0.9163067758749068,0.8882342438850204,0.4613864495949536,0.9993318485523385,0.5,0.8962439418282095,0.12116135594973523,0.0996722235347484,0.17953098807576057,0.5930691259015552,0.0
2021-07-28 17:10:00,0.1499302649930265,-0.29083665338645437,0.9163067758749068,0.8850205320478486,0.44213529465652857,0.8630289532293987,0.5,0.8962439418282095,0.12116135594973523,0.0996722235347484,0.17953098807576057,0.5930691259015552,0.0
2021-07-28 17:20:00,0.16875871687587168,-0.19920318725099617,0.9163067758749068,0.882520978396715,0.39202470848438054,0.6543429844097995,0.5,0.8962439418282095,0.12116135594973523,0.0996722235347484,0.17953098807576057,0.5930691259015552,0.0
2021-07-28 17:30:00,0.03695955369595537,-0.10756972111553798,0.9154132539091584,0.8743081592572755,0.3690044627082488,0.9995545657015591,0.5,0.8962439418282095,0.12116135594973523,0.0996722235347484,0.17953098807576057,0.5930691259015552,0.0
2021-07-28 17:40:00,0.045327754532775454,-0.015936254980079778,0.9148175725986594,0.8603820746295305,0.3690044627082488,0.9995545657015591,0.5,0.8962439418282095,0.12116135594973523,0.0996722235347484,0.17953098807576057,0.5930691259015552,0.0
2021-07-28 17:50:00,0.11018131101813111,0.07569721115537842,0.915115413253909,0.8468130690948046,0.3690044627082488,0.9995545657015591,0.5,0.8962439418282095,0.12116135594973523,0.0996722235347484,0.17953098807576057,0.5930691259015552,0.0
2021-07-28 18:00:00,0.06764295676429567,0.1673306772908365,0.9186895011169023,0.8325299053740405,0.3690044627082488,0.9995545657015591,0.5,0.8392765981716503,0.10667888864304477,0.17183909773272835,0.23115131448849505,0.5402644346939387,0.0
2021-07-28 18:10:00,0.09832635983263598,0.2589641434262946,0.9163067758749068,0.8214604534904482,0.3690044627082488,0.9995545657015591,0.5,0.8392765981716503,0.10667888864304477,0.17183909773272835,0.23115131448849505,0.5402644346939387,0.0
2021-07-28 18:20:00,0.20223152022315202,0.3505976095617529,0.9136262099776618,0.8100339225138369,0.3477509782622921,0.9988864142538976,0.5,0.8392765981716503,0.10667888864304477,0.17183909773272835,0.23115131448849505,0.5402644346939387,0.0
2021-07-28 18:30:00,0.11715481171548117,0.4422310756972112,0.9133283693224126,0.8103910016068558,0.2696077789847011,0.6583518930957684,0.5,0.8392765981716503,0.10667888864304477,0.17183909773272835,0.23115131448849505,0.5402644346939387,0.0
2021-07-28 18:40:00,0.055090655509065556,0.29561752988047796,0.9133283693224126,0.8103910016068558,0.2854301082304904,0.9995545657015591,0.5,0.8392765981716503,0.10667888864304477,0.17183909773272835,0.23115131448849505,0.5402644346939387,0.0
2021-07-28 18:50:00,0.055788005578800565,0.14900398406374493,0.9160089352196572,0.8046777361185502,0.2854301082304904,0.9995545657015591,0.5,0.8392765981716503,0.10667888864304477,0.17183909773272835,0.23115131448849505,0.5402644346939387,0.0
2021-07-28 19:00:00,0.08507670850767085,0.0023904382470119057,0.9216679076693965,0.7989644706302446,0.2854301082304904,0.9995545657015591,0.5,0.8475415938040631,0.10865873387604279,0.16348876813648042,0.20941230522809257,0.5527923713403338,0.0
2021-07-28 19:10:00,0.200836820083682,-0.14422310756972112,0.922561429635145,0.7950366006070344,0.2834801272068158,0.9995545657015591,0.5,0.8475415938040631,0.10865873387604279,0.16348876813648042,0.20941230522809257,0.5527923713403338,0.0
2021-07-28 19:20:00,0.3277545327754533,-0.29083665338645437,0.9243484735666416,0.7918228887698626,0.19426522359346166,0.3567928730512249,0.5,0.8475415938040631,0.10865873387604279,0.16348876813648042,0.20941230522809257,0.5527923713403338,0.07224980008147623
2021-07-28 19:30:00,0.2768479776847978,0.1394422310756971,0.922561429635145,0.79289412604892,0.19731452277813405,0.00033407572383073496,0.5,0.8475415938040631,0.10865873387604279,0.16348876813648042,0.20941230522809257,0.5527923713403338,0.11275404740709448
2021-07-28 19:40:00,0.09832635983263598,0.01195219123505975,0.9189873417721519,0.8100339225138369,0.2038188218973708,0.494097995545657,0.5,0.8475415938040631,0.10865873387604279,0.16348876813648042,0.20941230522809257,0.5527923713403338,0.0
2021-07-28 19:50:00,0.1297071129707113,0.36254980079681287,0.90915860014892,0.8014640242813782,0.2038188218973708,0.9995545657015591,0.5,0.8475415938040631,0.10865873387604279,0.16348876813648042,0.20941230522809257,0.5527923713403338,0.0
2021-07-28 20:00:00,0.2112970711297071,0.7131474103585655,0.9043931496649291,0.7900374933047669,0.24865529832092237,0.53184855233853,0.5,0.8732729353353634,0.09488027539676014,0.12346065090899729,0.17719119912068307,0.5253799120751136,0.0
2021-07-28 20:10:00,0.3403068340306834,-0.3067729083665339,0.8975428145941919,0.7903945723977861,0.2436036696287184,0.00913140311804009,0.5,0.8732729353353634,0.09488027539676014,0.12346065090899729,0.17719119912068307,0.5253799120751136,0.17791239796611194
2021-07-28 20:20:00,0.42189679218967924,-0.10756972111553798,0.8594192107222633,0.7607570076772003,0.23974296894426195,0.00022271714922048998,0.5,0.8732729353353634,0.09488027539676014,0.12346065090899729,0.17719119912068307,0.5253799120751136,0.28599665042171496
2021-07-28 20:30:00,0.3179916317991632,-0.1872509960159363,0.836783320923306,0.7396893411890735,0.23992618863776158,0.00033407572383073496,0.5,0.8732729353353634,0.09488027539676014,0.12346065090899729,0.17719119912068307,0.5253799120751136,0.15162877016159454
2021-07-28 20:40:00,0.3054393305439331,0.08366533864541825,0.8239761727475801,0.7264774147473667,0.23459973040530813,0.00022271714922048998,0.5,0.8732729353353634,0.09488027539676014,0.12346065090899729,0.17719119912068307,0.5253799120751136,0.1405842147351268
2021-07-28 20:50:00,0.2705718270571827,0.3545816733067728,0.8120625465376021,0.7189787537939654,0.23459973040530813,0.00044543429844097997,0.5,0.8732729353353634,0.09488027539676014,0.12346065090899729,0.17719119912068307,0.5253799120751136,0.10388219140878434
2021-07-28 21:00:00,0.23570432357043236,0.31474103585657365,0.7992553983618762,0.7154079628637744,0.23459973040530813,0.00033407572383073496,0.5,0.8876369436162685,0.10005833215998317,0.12222586178756935,0.22469125738283208,0.4655013932384288,0.08067655446082352
2021-07-28 21:10:00,0.23291492329149233,-0.059760956175298974,0.7894266567386445,0.7111230137475453,0.23459973040530813,0.00033407572383073496,0.5,0.8876369436162685,0.10005833215998317,0.12222586178756935,0.22469125738283208,0.4655013932384288,0.08379226579356337
2021-07-28 21:20:00,0.23221757322175732,0.03585657370517925,0.7813849590469095,0.7111230137475453,0.23459973040530813,0.00022271714922048998,0.5,0.8876369436162685,0.10005833215998317,0.12222586178756935,0.22469125738283208,0.4655013932384288,0.0811141119845497
2021-07-28 21:30:00,0.197350069735007,0.22709163346613526,0.7757259865971702,0.7111230137475453,0.23459973040530813,0.00011135857461024499,0.5,0.8876369436162685,0.10005833215998317,0.12222586178756935,0.22469125738283208,0.4655013932384288,0.0591683389411108
2021-07-28 21:40:00,0.1596931659693166,-0.3227091633466136,0.7715562174236781,0.7125513301196216,0.23459973040530813,0.00011135857461024499,0.5,0.8876369436162685,0.10005833215998317,0.12222586178756935,0.22469125738283208,0.4655013932384288,0.03480091132670459
2021-07-28 21:50:00,0.11087866108786612,0.2749003984063745,0.7658972449739387,0.7214783074450992,0.21854183298216226,0.00011135857461024499,0.5,0.8876369436162685,0.10005833215998317,0.12222586178756935,0.22469125738283208,0.4655013932384288,0.013911311616397847
2021-07-28 22:00:00,0.10181311018131102,0.027888446215139417,0.7632166790766937,0.7332619175147295,0.21813613223227024,0.00011135857461024499,0.5,0.825792044154154,0.10304677779469992,0.17268811829018546,0.3055699890844161,0.4367947622935021,0.0028139475232735337
2021-07-28 22:10:00,0.1387726638772664,-0.29083665338645437,0.7578555472822037,0.735047312979825,0.21114760963735588,0.00011135857461024499,0.5,0.825792044154154,0.10304677779469992,0.17268811829018546,0.3055699890844161,0.4367947622935021,0.025898878947447832
2021-07-28 22:20:00,0.1387726638772664,0.003984063745019917,0.7548771407297095,0.7311194429566148,0.2016856211801966,0.00011135857461024499,0.5,0.825792044154154,0.10304677779469992,0.17268811829018546,0.3055699890844161,0.4367947622935021,0.036852905231075636
2021-07-28 22:30:00,0.1199442119944212,0.20318725099601576,0.7507073715562174,0.7289769683985003,0.2016856211801966,0.00011135857461024499,0.5,0.825792044154154,0.10304677779469992,0.17268811829018546,0.3055699890844161,0.4367947622935021,0.021455406853056115
2021-07-28 22:40:00,0.100418410041841,0.03585657370517925,0.7477289650037229,0.7311194429566148,0.2016856211801966,0.00011135857461024499,0.5,0.825792044154154,0.10304677779469992,0.17268811829018546,0.3055699890844161,0.4367947622935021,0.005876850189356791
2021-07-28 22:50:00,0.09344490934449094,0.06772908366533859,0.746537602382725,0.7368327084449207,0.2016856211801966,0.00033407572383073496,0.5,0.825792044154154,0.10304677779469992,0.17268811829018546,0.3055699890844161,0.4367947622935021,0.0010561733331321574
2021-07-28 23:00:00,0.1094839609483961,-0.33864541832669326,0.7426656738644823,0.7400464202820924,0.19812592427791811,0.00033407572383073496,0.5,0.6852710088609151,0.1138856402313754,0.22306490207349972,0.3615419560774929,0.42277222941532366,0.00953573637913605
2021-07-28 23:10:00,0.11715481171548117,0.3067729083665336,0.7405807892777363,0.7393322620960543,0.18523511012812294,0.00033407572383073496,0.5,0.6852710088609151,0.1138856402313754,0.22306490207349972,0.3615419560774929,0.42277222941532366,0.014545015616277142
2021-07-28 23:20:00,0.10739191073919108,-0.4900398406374503,0.7396872673119879,0.7357614711658633,0.18523511012812294,0.00033407572383073496,0.5,0.6852710088609151,0.1138856402313754,0.22306490207349972,0.3615419560774929,0.42277222941532366,0.004964014665721141
2021-07-28 23:30:00,0.09762900976290097,-0.6414342629482073,0.7379002233804914,0.738261024816997,0.18170158746777296,0.00033407572383073496,0.5,0.6852710088609151,0.1138856402313754,0.22306490207349972,0.3615419560774929,0.42277222941532366,0.0009807323807655749
2021-07-28 23:40:00,0.1311018131101813,-0.49800796812749004,0.734921816827997,0.7393322620960543,0.1574904136838937,0.00033407572383073496,0.5,0.6852710088609151,0.1138856402313754,0.22306490207349972,0.3615419560774929,0.42277222941532366,0.024095840185886508
2021-07-28 23:50:00,0.18967921896792192,-0.649402390438247,0.7307520476545046,0.7289769683985003,0.15226865241915433,0.00033407572383073496,0.5,0.6852710088609151,0.1138856402313754,0.22306490207349972,0.3615419560774929,0.42277222941532366,0.061295773797848424
2021-07-29 00:00:00,0.3294979079497908,-0.1832669322709164,0.7234549516008935,0.7100517050526691,0.14925207103689261,0.00033407572383073496,0.5,0.6395652024549208,0.1080840327924439,0.22555223429365867,0.3347264049867353,0.3667808899753918,0.229955338956199
2021-07-29 00:10:00,0.4693165969316597,0.2828685258964143,0.7161578555472821,0.6911265845384753,0.14623548965463087,0.00033407572383073496,0.5,0.6395652024549208,0.1080840327924439,0.22555223429365867,0.3347264049867353,0.3667808899753918,0.39861490411454953
2021-07-29 00:20:00,0.39191073919107394,-0.1633466135458168,0.7185405807892775,0.689698268166399,0.14611770556595255,0.00022271714922048998,0.5,0.6395652024549208,0.1080840327924439,0.22555223429365867,0.3347264049867353,0.3667808899753918,0.2572762798557569
2021-07-29 00:30:00,0.4588563458856346,0.2669322709163344,0.7119880863737897,0.6889841099803606,0.1468636714609153,0.00033407572383073496,0.5,0.6395652024549208,0.1080840327924439,0.22555223429365867,0.3347264049867353,0.3667808899753918,0.36706549783484466
2021-07-29 00:40:00,0.4881450488145049,0.2589641434262948,0.7075204765450482,0.6811283699339403,0.15832798942560627,0.00044543429844097997,0.5,0.6395652024549208,0.1080840327924439,0.22555223429365867,0.3347264049867353,0.3667808899753918,0.43450216515533296
2021-07-29 00:50:00,0.5181311018131102,0.25099601593625476,0.7027550260610573,0.6793429744688448,0.16101084922327938,0.000779510022271715,0.5,0.6395652024549208,0.1080840327924439,0.22555223429365867,0.3347264049867353,0.3667808899753918,0.5085474599031339
2021-07-29 01:00:00,0.5620641562064157,0.09960159362549792,0.698585256887565,0.6757721835386539,0.16101084922327938,0.000556792873051225,0.5,0.5926950063420899,0.1225262710232826,0.2253389329377747,0.3946719710569393,0.251405520297158,0.6210072875959985
2021-07-29 01:10:00,0.5641562064156206,0.12350597609561742,0.6929262844378254,0.6779146580967683,0.16101084922327938,0.00033407572383073496,0.5,0.5926950063420899,0.1225262710232826,0.2253389329377747,0.3946719710569393,0.251405520297158,0.6066885948368212
2021-07-29 01:20:00,0.4665271966527197,-0.17928286852589637,0.6857781087118391,0.6786288162828067,0.16101084922327938,0.00033407572383073496,0.5,0.5926950063420899,0.1225262710232826,0.2253389329377747,0.3946719710569393,0.251405520297158,0.43505288410760895
2021-07-29 01:30:00,0.47629009762900976,-0.02788844621513953,0.6750558451228592,0.683270844492055,0.14212613367185353,0.00033407572383073496,0.5,0.5926950063420899,0.1225262710232826,0.2253389329377747,0.3946719710569393,0.251405520297158,0.40480106220860934
2021-07-29 01:40:00,0.4825662482566248,0.12350597609561742,0.6670141474311242,0.6768434208177112,0.13691745952807843,0.00033407572383073496,0.5,0.5926950063420899,0.1225262710232826,0.2253389329377747,0.3946719710569393,0.251405520297158,0.4201457519199722
2021-07-29 01:50:00,0.47629009762900976,0.3306772908366533,0.6637379002233803,0.6714872344224245,0.13691745952807843,0.00033407572383073496,0.5,0.5926950063420899,0.1225262710232826,0.2253389329377747,0.3946719710569393,0.251405520297158,0.40873153582690824
2021-07-29 02:00:00,0.4776847977684798,0.2111553784860556,0.658078927773641,0.6625602570969469,0.14141942913978353,0.00033407572383073496,0.5,0.5901788492717186,0.12223892048148316,0.2352400724514451,0.5354107246770252,0.19568838095322968,0.4220393198243734
2021-07-29 02:10:00,0.5076708507670851,-0.21115537848605592,0.6551005212211465,0.6629173361899661,0.1481462093154127,0.00757238307349666,0.5,0.5901788492717186,0.12223892048148316,0.2352400724514451,0.5354107246770252,0.19568838095322968,0.4808757185750713
2021-07-29 02:20:00,0.5474198047419805,-0.043824701195219196,0.6551005212211465,0.6614890198178898,0.1481462093154127,0.004677060133630289,0.5,0.5901788492717186,0.12223892048148316,0.2352400724514451,0.5354107246770252,0.19568838095322968,0.5667501546539524
2021-07-29 02:30:00,0.5641562064156206,0.027888446215139417,0.6545048399106477,0.6593465452597751,0.1481462093154127,0.0044543429844098,0.5,0.5901788492717186,0.12223892048148316,0.2352400724514451,0.5354107246770252,0.19568838095322968,0.6074731807414337
2021-07-29 02:40:00,0.5460251046025105,-0.043824701195219196,0.6545048399106477,0.6622031780039279,0.1481462093154127,0.002561247216035635,0.5,0.5901788492717186,0.12223892048148316,0.2352400724514451,0.5354107246770252,0.19568838095322968,0.5809707741750533
2021-07-29 02:50:00,0.5362622036262203,0.027888446215139417,0.6494415487714069,0.6632744152829853,0.1481462093154127,0.000556792873051225,0.5,0.5901788492717186,0.12223892048148316,0.2352400724514451,0.5354107246770252,0.19568838095322968,0.5466451408482581
2021-07-29 03:00:00,0.5146443514644351,0.06772908366533859,0.6479523454951599,0.6679164434922336,0.1481462093154127,0.006124721603563475,0.5,0.5868240287663724,0.12509518486697033,0.2643910886700838,0.6128414267551805,0.1851563764562432,0.4910677912397966
2021-07-29 03:10:00,0.5397489539748954,0.07569721115537842,0.645271779597915,0.6625602570969469,0.15671827354700238,0.00155902004454343,0.5,0.5868240287663724,0.12509518486697033,0.2643910886700838,0.6128414267551805,0.1851563764562432,0.5754635846522926
2021-07-29 03:20:00,0.5683403068340307,-0.15537848605577698,0.6422933730454206,0.6682735225852527,0.159374959102747,0.00033407572383073496,0.5,0.5868240287663724,0.12509518486697033,0.2643910886700838,0.6128414267551805,0.1851563764562432,0.6379890459737163
2021-07-29 03:30:00,0.5836820083682008,-0.2270916334661356,0.6396128071481755,0.6686306016782717,0.159374959102747,0.0016703786191536749,0.5,0.5868240287663724,0.12509518486697033,0.2643910886700838,0.6128414267551805,0.1851563764562432,0.671907298157732
2021-07-29 03:40:00,0.5599721059972106,-0.31474103585657376,0.637825763216679,0.6718443135154437,0.159374959102747,0.0014476614699331849,0.5,0.5868240287663724,0.12509518486697033,0.2643910886700838,0.6128414267551805,0.1851563764562432,0.5916758453158713
2021-07-29 03:50:00,0.5327754532775453,-0.2589641434262948,0.6336559940431867,0.6754151044456349,0.159374959102747,0.00033407572383073496,0.5,0.5868240287663724,0.12509518486697033,0.2643910886700838,0.6128414267551805,0.1851563764562432,0.5449326312295367
2021-07-29 04:00:00,0.5118549511854951,-0.21912350597609564,0.6303797468354431,0.6754151044456349,0.159374959102747,0.0006681514476614699,0.5,0.5090924190762327,0.13512946578660653,0.3226705481933616,0.5981889395025642,0.1879298800309127,0.5089322087602034
2021-07-29 04:10:00,0.50697350069735,-0.1633466135458168,0.6282948622486968,0.6754151044456349,0.159374959102747,0.00044543429844097997,0.5,0.5090924190762327,0.13512946578660653,0.3226705481933616,0.5981889395025642,0.1879298800309127,0.50004526457142
2021-07-29 04:20:00,0.5132496513249651,-0.4900398406374503,0.6274013402829486,0.6754151044456349,0.1572941068694298,0.00044543429844097997,0.5,0.5090924190762327,0.13512946578660653,0.3226705481933616,0.5981889395025642,0.1879298800309127,0.4709175128626824
2021-07-29 04:30:00,0.5055788005578801,0.05179282868525892,0.6232315711094563,0.6693447598643101,0.1481462093154127,0.00033407572383073496,0.5,0.5090924190762327,0.13512946578660653,0.3226705481933616,0.5981889395025642,0.1879298800309127,0.48178855409870697
2021-07-29 04:40:00,0.5481171548117155,0.3227091633466135,0.6214445271779596,0.6579182288876986,0.1481462093154127,0.00022271714922048998,0.5,0.5090924190762327,0.13512946578660653,0.3226705481933616,0.5981889395025642,0.1879298800309127,0.5779455919851533
2021-07-29 04:50:00,0.5502092050209205,0.2828685258964143,0.6202531645569618,0.6489912515622211,0.15187603879022654,0.00033407572383073496,0.5,0.5090924190762327,0.13512946578660653,0.3226705481933616,0.5981889395025642,0.1879298800309127,0.5914268901730616
2021-07-29 05:00:00,0.5641562064156206,-0.2270916334661356,0.6157855547282203,0.6514908052133548,0.159374959102747,0.00022271714922048998,0.5,0.51039529081059,0.1264256178755031,0.3442281883194808,0.5528900474436381,0.19250419188718704,0.6334399565460115
2021-07-29 05:10:00,0.5620641562064157,-0.1872509960159363,0.6154877140729709,0.6575611497946796,0.159374959102747,0.00022271714922048998,0.5,0.51039529081059,0.1264256178755031,0.3442281883194808,0.5528900474436381,0.19250419188718704,0.6414216093063959
2021-07-29 05:20:00,0.5739191073919108,-0.043824701195219196,0.6154877140729709,0.6575611497946796,0.159374959102747,0.00033407572383073496,0.5,0.51039529081059,0.1264256178755031,0.3442281883194808,0.5528900474436381,0.19250419188718704,0.6485884997812212
2021-07-29 05:30:00,0.5655509065550907,-0.043824701195219196,0.614296351451973,0.6575611497946796,0.159374959102747,0.00022271714922048998,0.5,0.51039529081059,0.1264256178755031,0.3442281883194808,0.5528900474436381,0.19250419188718704,0.636585844259698
2021-07-29 05:40:00,0.5418410041841004,0.05976095617529875,0.6125093075204764,0.6575611497946796,0.159374959102747,0.00022271714922048998,0.5,0.51039529081059,0.1264256178755031,0.3442281883194808,0.5528900474436381,0.19250419188718704,0.5768592422710744
2021-07-29 05:50:00,0.5592747559274756,0.05179282868525892,0.6125093075204764,0.6575611497946796,0.159374959102747,0.000779510022271715,0.5,0.51039529081059,0.1264256178755031,0.3442281883194808,0.5528900474436381,0.19250419188718704,0.6093818368363082
2021-07-29 06:00:00,0.5634588563458857,-0.17928286852589637,0.6107222635889797,0.6575611497946796,0.159374959102747,0.00033407572383073496,0.5,0.5509955063382541,0.16789604806799716,0.31742348701556533,0.5297640783590165,0.18877700862685892,0.6307165381655778
2021-07-29 06:10:00,0.5167364016736402,-0.02788844621513953,0.6068503350707368,0.6575611497946796,0.159374959102747,0.00044543429844097997,0.5,0.5509955063382541,0.16789604806799716,0.31742348701556533,0.5297640783590165,0.18877700862685892,0.5207236296151003
2021-07-29 06:20:00,0.5111576011157601,0.06772908366533859,0.6038719285182426,0.6543474379575076,0.159374959102747,0.00033407572383073496,0.5,0.5509955063382541,0.16789604806799716,0.31742348701556533,0.5297640783590165,0.18877700862685892,0.5088341355221269
2021-07-29 06:30:00,0.5362622036262203,0.05179282868525892,0.5997021593447505,0.6504195679342974,0.159374959102747,0.00022271714922048998,0.5,0.5509955063382541,0.16789604806799716,0.31742348701556533,0.5297640783590165,0.18877700862685892,0.5707937897008012
2021-07-29 06:40:00,0.49023709902370993,0.3306772908366533,0.5973194341027548,0.6461346188180683,0.1613249401264216,0.00033407572383073496,0.5,0.5509955063382541,0.16789604806799716,0.31742348701556533,0.5297640783590165,0.18877700862685892,0.4766057606711227
2021-07-29 06:50:00,0.44421199442119946,0.1633466135458166,0.5931496649292627,0.6400642742367435,0.17638821635628377,0.00033407572383073496,0.5,0.5509955063382541,0.16789604806799716,0.31742348701556533,0.5297640783590165,0.18877700862685892,0.33352445041266204
2021-07-29 07:00:00,0.36192468619246865,-0.07569721115537853,0.5827252419955322,0.6372076414925907,0.17962073523445576,0.00022271714922048998,0.5,0.5331137810629829,0.17440453783975715,0.30972346024510383,0.5288305513591964,0.1980562449122715,0.21621376948262597
2021-07-29 07:10:00,0.2105997210599721,0.25099601593625476,0.5574087862993298,0.6279235850740938,0.1968172121814922,0.00044543429844097997,0.5,0.5331137810629829,0.17440453783975715,0.30972346024510383,0.5288305513591964,0.1980562449122715,0.07369826636691462
2021-07-29 07:20:00,0.2280334728033473,0.08366533864541825,0.542814594192107,0.6225673986788074,0.21237779900799622,0.00033407572383073496,0.5,0.5331137810629829,0.17440453783975715,0.30972346024510383,0.5288305513591964,0.1980562449122715,0.0922491965538573
2021-07-29 07:30:00,0.30264993026499304,-0.4422310756972112,0.5317944899478777,0.6043563649348331,0.22190522306997684,0.00022271714922048998,0.5,0.5331137810629829,0.17440453783975715,0.30972346024510383,0.5288305513591964,0.1980562449122715,0.1446353938772123
2021-07-29 07:40:00,0.2684797768479777,-0.2509960159362551,0.5320923306031271,0.590073201214069,0.2040020415908704,0.00033407572383073496,0.5,0.5331137810629829,0.17440453783975715,0.30972346024510383,0.5288305513591964,0.1980562449122715,0.12576761169033
2021-07-29 07:50:00,0.2831241283124128,0.07569721115537842,0.5401340282948621,0.5825745402606679,0.19689573490727777,0.00022271714922048998,0.5,0.5331137810629829,0.17440453783975715,0.30972346024510383,0.5288305513591964,0.1980562449122715,0.13023371607043166
2021-07-29 08:00:00,0.34797768479776847,-0.15537848605577698,0.5490692479523454,0.5750758793072666,0.19689573490727777,0.00022271714922048998,0.5,0.5503603301021971,0.16981842319263613,0.30823707190246674,0.5203143788186372,0.2174580514604417,0.1893190699639392
2021-07-29 08:10:00,0.4072524407252441,-0.059760956175298974,0.5574087862993298,0.5679342974468844,0.19689573490727777,0.00022271714922048998,0.5,0.5503603301021971,0.16981842319263613,0.30823707190246674,0.5203143788186372,0.2174580514604417,0.2696561401391131
2021-07-29 08:20:00,0.4581589958158996,-0.26693227091633476,0.5642591213700667,0.5625781110515979,0.19689573490727777,0.00033407572383073496,0.5,0.5503603301021971,0.16981842319263613,0.30823707190246674,0.5203143788186372,0.2174580514604417,0.3830816120222702
2021-07-29 08:30:00,0.5264993026499303,-0.2749003984063746,0.5699180938198063,0.5500803427959293,0.19689573490727777,0.000779510022271715,0.5,0.5503603301021971,0.16981842319263613,0.30823707190246674,0.5203143788186372,0.2174580514604417,0.5091434434268298
2021-07-29 08:40:00,0.5181311018131102,-0.17131474103585675,0.5794489947877883,0.5590073201214067,0.18668778055515567,0.00033407572383073496,0.5,0.5503603301021971,0.16981842319263613,0.30823707190246674,0.5203143788186372,0.2174580514604417,0.4971030674291232
2021-07-29 08:50:00,0.500697350069735,-0.23505976095617542,0.5865971705137749,0.576861274772362,0.18128279959691668,0.00033407572383073496,0.5,0.5503603301021971,0.16981842319263613,0.30823707190246674,0.5203143788186372,0.2174580514604417,0.4719133334339213
2021-07-29 09:00:00,0.5097629009762901,0.06772908366533859,0.5973194341027548,0.5882878057489733,0.17445132245357345,0.0008908685968819599,0.5,0.5549285026497361,0.16910866735439115,0.30952106490384895,0.6003577757663995,0.2460630924404734,0.5029044766661135
2021-07-29 09:10:00,0.5599721059972106,0.2828685258964143,0.6107222635889797,0.5957864667023745,0.17445132245357345,0.0014476614699331849,0.5,0.5549285026497361,0.16910866735439115,0.30952106490384895,0.6003577757663995,0.2460630924404734,0.6160960815969341
2021-07-29 09:20:00,0.5495118549511855,-0.09960159362549814,0.621742367833209,0.6064988394929476,0.17962073523445576,0.004565701559020045,0.5,0.5549285026497361,0.16910866735439115,0.30952106490384895,0.6003577757663995,0.2460630924404734,0.549715587609578
2021-07-29 09:30:00,0.5571827057182706,0.1633466135458166,0.6330603127326879,0.6218532404927692,0.1783381973799584,0.008017817371937639,0.5,0.5549285026497361,0.16910866735439115,0.30952106490384895,0.6003577757663995,0.2460630924404734,0.6016114187425502
2021-07-29 09:40:00,0.5383542538354253,-0.09960159362549814,0.6458674609084138,0.6361364042135333,0.19107196607818247,0.011692650334075724,0.5,0.5549285026497361,0.16910866735439115,0.30952106490384895,0.6003577757663995,0.2460630924404734,0.5490366190382787
2021-07-29 09:50:00,0.6136680613668062,-0.02788844621513953,0.6577810871183913,0.6497054097482591,0.18687100024865533,0.026837416481069045,0.5,0.5549285026497361,0.16910866735439115,0.30952106490384895,0.6003577757663995,0.2460630924404734,0.6420704014967485
2021-07-29 10:00:00,0.6659693165969317,0.09163346613545809,0.6682055100521218,0.6575611497946796,0.19281255316642892,0.03897550111358575,0.5,0.7771955588360169,0.1596749490671148,0.19601342048507164,0.6911272087179247,0.2734036626340636,0.6814128581559213
2021-07-29 10:10:00,0.6485355648535566,0.10756972111553775,0.6798212956068501,0.6668452062131762,0.2021829317768384,0.032628062360801784,0.5,0.7771955588360169,0.1596749490671148,0.19601342048507164,0.6911272087179247,0.2734036626340636,0.705440801484678
2021-07-29 10:20:00,0.6443514644351465,0.14741035856573692,0.6908413998510794,0.6818425281199787,0.2031775529701221,0.02928730512249443,0.5,0.7771955588360169,0.1596749490671148,0.19601342048507164,0.6911272087179247,0.2734036626340636,0.7103293751980325
2021-07-29 10:30:00,0.7656903765690377,0.003984063745019917,0.7006701414743111,0.6961256918407428,0.2041721741634058,0.0589086859688196,0.5,0.7771955588360169,0.1596749490671148,0.19601342048507164,0.6911272087179247,0.2734036626340636,0.8377265114594807
2021-07-29 10:40:00,0.703626220362622,0.01195219123505975,0.7116902457185403,0.7054097482592394,0.20067791286594863,0.04420935412026726,0.5,0.7771955588360169,0.1596749490671148,0.19601342048507164,0.6911272087179247,0.2734036626340636,0.752417882523349
2021-07-29 10:50:00,0.7099023709902371,-0.06772908366533881,0.7221146686522708,0.7218353865381182,0.1995131591001296,0.02427616926503341,0.5,0.7771955588360169,0.1596749490671148,0.19601342048507164,0.6911272087179247,0.2734036626340636,0.8635952140259819
2021-07-29 11:00:00,0.6673640167364017,0.06772908366533859,0.7292628443782574,0.7336189966077487,0.19536454175445944,0.03697104677060133,0.5,0.7838726805844662,0.15609168781087537,0.19602838455165567,0.7180574334527521,0.2851141507373854,0.7094693483410535
2021-07-29 11:10:00,0.7085076708507672,0.09163346613545809,0.7393894266567385,0.7475450812354936,0.19566554553663743,0.04487750556792874,0.5,0.7838726805844662,0.15609168781087537,0.19602838455165567,0.7180574334527521,0.2851141507373854,0.7123210163405104
2021-07-29 11:20:00,0.703626220362622,-0.17928286852589637,0.7456440804169768,0.7557579003749331,0.20248393555901636,0.03652561247216036,0.5,0.7838726805844662,0.15609168781087537,0.19602838455165567,0.7180574334527521,0.2851141507373854,0.7599619777600073
2021-07-29 11:30:00,0.701534170153417,0.043824701195219085,0.7495160089352195,0.7621853240492771,0.20309903024433654,0.04142538975501114,0.5,0.7838726805844662,0.15609168781087537,0.19602838455165567,0.7180574334527521,0.2851141507373854,0.7386800850973942
2021-07-29 11:40:00,0.7266387726638772,0.11553784860557759,0.7569620253164555,0.7703981431887164,0.21746868906309302,0.04120267260579065,0.5,0.7838726805844662,0.15609168781087537,0.19602838455165567,0.7180574334527521,0.2851141507373854,0.7957285332770041
2021-07-29 11:50:00,0.7008368200836821,-0.019920318725099695,0.7635145197319433,0.7800392787002322,0.21388281791888603,0.027505567928730514,0.5,0.7838726805844662,0.15609168781087537,0.19602838455165567,0.7180574334527521,0.2851141507373854,0.7956002836579809
2021-07-29 12:00:00,0.6394700139470014,0.13147410358565725,0.7715562174236781,0.7921799678628816,0.20054704165630605,0.016926503340757237,0.5,0.7914373947501567,0.14900562345010418,0.19112410194993204,0.7051692604259499,0.2909629820614482,0.6761998883473905
2021-07-29 12:10:00,0.6171548117154811,0.06772908366533859,0.7778108711839165,0.8032494197464739,0.21089895433903497,0.022048997772828507,0.5,0.7914373947501567,0.14900562345010418,0.19112410194993204,0.7051692604259499,0.2909629820614482,0.6148211295019389
2021-07-29 12:20:00,0.6841004184100419,0.019920318725099362,0.7855547282204018,0.8146759507230852,0.2093154127023596,0.03374164810690423,0.5,0.7914373947501567,0.14900562345010418,0.19112410194993204,0.7051692604259499,0.2909629820614482,0.7315509150987523
2021-07-29 12:30:00,0.6471408647140864,0.019920318725099362,0.7906180193596424,0.8200321371183716,0.22047872688487258,0.02149220489977728,0.5,0.7914373947501567,0.14900562345010418,0.19112410194993204,0.7051692604259499,0.2909629820614482,0.7005748600570334
2021-07-29 12:40:00,0.6331938633193863,-0.10756972111553798,0.7938942665673863,0.8232458489555436,0.20243158707515935,0.01759465478841871,0.5,0.7914373947501567,0.14900562345010418,0.19112410194993204,0.7051692604259499,0.2909629820614482,0.6766449899663534
2021-07-29 12:50:00,0.6101813110181311,0.2111553784860556,0.799851079672375,0.8325299053740405,0.20281111358312284,0.007015590200445435,0.5,0.7914373947501567,0.14900562345010418,0.19112410194993204,0.7051692604259499,0.2909629820614482,0.6610211687312341
2021-07-29 13:00:00,0.5557880055788006,-0.20318725099601598,0.805212211466865,0.8403856454204606,0.2104801664681787,0.005902004454342985,0.5,0.9227325652561533,0.1442672130158298,0.11378460646470505,0.647713506525085,0.2898647825924415,0.5067745975225192
2021-07-29 13:10:00,0.5774058577405857,-0.06772908366533881,0.8135517498138494,0.8471701481878235,0.2057688029210454,0.007461024498886415,0.5,0.9227325652561533,0.1442672130158298,0.11378460646470505,0.647713506525085,0.2898647825924415,0.602101784932933
2021-07-29 13:20:00,0.5871687587168759,-0.08366533864541836,0.8156366344005956,0.8482413854668809,0.1893052047480075,0.004788418708240535,0.5,0.9227325652561533,0.1442672130158298,0.11378460646470505,0.647713506525085,0.2898647825924415,0.6286192796897868
2021-07-29 13:30:00,0.4714086471408647,-0.003984063745020028,0.823380491437081,0.8582396000714159,0.1917001478844669,0.00111358574610245,0.5,0.9227325652561533,0.1442672130158298,0.11378460646470505,0.647713506525085,0.2898647825924415,0.44161624696350166
2021-07-29 13:40:00,0.6227336122733612,0.06772908366533859,0.830230826507818,0.872165684699161,0.20965567784743036,0.010356347438752784,0.5,0.9227325652561533,0.1442672130158298,0.11378460646470505,0.647713506525085,0.2898647825924415,0.6669659157777208
2021-07-29 13:50:00,0.5955369595536959,0.043824701195219085,0.8344005956813103,0.8689519728619888,0.20444700370365523,0.004231625835189309,0.5,0.9227325652561533,0.1442672130158298,0.11378460646470505,0.647713506525085,0.2898647825924415,0.6385623972117025
2021-07-29 14:00:00,0.5244072524407252,-0.06772908366533881,0.8385703648548024,0.872165684699161,0.20678959835625763,0.002561247216035635,0.5,0.9290107507013321,0.1184458933297313,0.11105417156961772,0.6003405349402214,0.2898726688746999,0.4795479578134194
2021-07-29 14:10:00,0.5285913528591353,0.17131474103585642,0.8427401340282947,0.8821638993036958,0.21954954129641022,0.004008908685968819,0.5,0.9290107507013321,0.1184458933297313,0.11105417156961772,0.6003405349402214,0.2898726688746999,0.5288259878992713
2021-07-29 14:20:00,0.599721059972106,-0.07569721115537853,0.8483991064780338,0.8864488484199251,0.2294303176244258,0.006347438752783964,0.5,0.9290107507013321,0.1184458933297313,0.11105417156961772,0.6003405349402214,0.2898726688746999,0.6571284155891184
2021-07-29 14:30:00,0.5955369595536959,-0.08366533864541836,0.8481012658227847,0.8828780574897339,0.23465207888916517,0.00957683741648107,0.5,0.9290107507013321,0.1184458933297313,0.11105417156961772,0.6003405349402214,0.2898726688746999,0.5812046411273896
2021-07-29 14:40:00,0.42677824267782427,0.24302788844621515,0.8507818317200297,0.8910908766291734,0.2074963028883276,0.00311804008908686,0.5,0.9290107507013321,0.1184458933297313,0.11105417156961772,0.6003405349402214,0.2898726688746999,0.36847624364409975
2021-07-29 14:50:00,0.34309623430962344,0.2749003984063745,0.8558451228592701,0.9046598821638991,0.23728259020298126,0.00111358574610245,0.5,0.9290107507013321,0.1184458933297313,0.11105417156961772,0.6003405349402214,0.2898726688746999,0.22355417414789444
2021-07-29 15:00:00,0.3702928870292887,-0.1633466135458168,0.8659717051377511,0.9285841813961793,0.20084804543848397,0.0008908685968819599,0.5,0.9285628854157943,0.10031120063676802,0.1073376300494689,0.5504029203951039,0.2946344728471755,0.21695309081581846
2021-07-29 15:10:00,0.4511854951185495,0.09960159362549792,0.8716306775874905,0.9317978932333513,0.22420855635968642,0.00111358574610245,0.5,0.9285628854157943,0.10031120063676802,0.1073376300494689,0.5504029203951039,0.2946344728471755,0.31403050832113705
2021-07-29 15:20:00,0.398884239888424,-0.08366533864541836,0.874609084139985,0.9232279950008928,0.20461713627619063,0.0006681514476614699,0.5,0.9285628854157943,0.10031120063676802,0.1073376300494689,0.5504029203951039,0.2946344728471755,0.27121022375786474
2021-07-29 15:30:00,0.20292887029288703,-0.02788844621513953,0.878183172002978,0.9246563113729691,0.2144979126042062,0.00033407572383073496,0.5,0.9285628854157943,0.10031120063676802,0.1073376300494689,0.5504029203951039,0.2946344728471755,0.07409810341445751
2021-07-29 15:40:00,0.398884239888424,-0.4581673306772909,0.8865227103499624,0.9378682378146759,0.19459240161756813,0.00033407572383073496,0.5,0.9285628854157943,0.10031120063676802,0.1073376300494689,0.5504029203951039,0.2946344728471755,0.2543567149991702
2021-07-29 15:50:00,0.34239888423988846,0.06772908366533859,0.8892032762472075,0.9303695768612747,0.17345670126028978,0.00022271714922048998,0.5,0.9285628854157943,0.10031120063676802,0.1073376300494689,0.5504029203951039,0.2946344728471755,0.19584471234364864
2021-07-29 16:00:00,0.3856345885634589,-0.043824701195219196,0.8895011169024569,0.9253704695590075,0.17399327321982438,0.00033407572383073496,0.5,0.9699611069623573,0.0971158626119595,0.08369605343034107,0.4927797125967729,0.2952040729975571,0.2014047105330658
2021-07-29 16:10:00,0.3493723849372385,0.8486055776892429,0.8892032762472075,0.9325120514193894,0.1909018335056471,0.37004454342984405,0.5,0.9699611069623573,0.0971158626119595,0.08369605343034107,0.4927797125967729,0.2952040729975571,0.04915732456206527
2021-07-29 16:20:00,0.30822873082287305,-0.2589641434262948,0.8948622486969469,0.9421531869309052,0.17439897396971643,0.0020044543429844097,0.5,0.9699611069623573,0.0971158626119595,0.08369605343034107,0.4927797125967729,0.2952040729975571,0.13637460959307152
2021-07-29 16:30:00,0.199442119944212,0.043824701195219085,0.8939687267311986,0.9317978932333513,0.19562628417374464,0.017706013363028954,0.5,0.9699611069623573,0.0971158626119595,0.08369605343034107,0.4927797125967729,0.2952040729975571,0.05696546313200659
2021-07-29 16:40:00,0.298465829846583,0.09960159362549792,0.9005212211466862,0.9321549723263702,0.22051798824776536,0.00111358574610245,0.5,0.9699611069623573,0.0971158626119595,0.08369605343034107,0.4927797125967729,0.2952040729975571,0.19005084720189508
2021-07-29 16:50:00,0.41283124128312415,-0.23505976095617542,0.9023082650781828,0.9214425995357971,0.1957048068995302,0.0026726057906458797,0.5,0.9699611069623573,0.0971158626119595,0.08369605343034107,0.4927797125967729,0.2952040729975571,0.2856571661360653
2021-07-29 17:00:00,0.41841004184100417,0.10756972111553775,0.8984363365599404,0.9196572040707016,0.19622829173810052,0.02271714922048998,0.5,0.9690165474682837,0.08758157163505167,0.08222488278253522,0.4664767393146074,0.28956989132150357,0.23897430481162393
2021-07-29 17:10:00,0.22594142259414227,0.346613545816733,0.8984363365599404,0.9128727013033389,0.17767075421078118,0.0021158129175946547,0.5,0.9690165474682837,0.08758157163505167,0.08222488278253522,0.4664767393146074,0.28956989132150357,0.08749641655476259
2021-07-29 17:20:00,0.20502092050209206,0.36254980079681287,0.906478034251675,0.9153722549544725,0.19548232584313777,0.8129175946547884,0.5,0.9690165474682837,0.08758157163505167,0.08222488278253522,0.4664767393146074,0.28956989132150357,0.0
2021-07-29 17:30:00,0.3926080892608089,0.3784860557768923,0.9192851824274011,0.9239421531869307,0.20114904922066196,0.14164810690423163,0.5,0.9690165474682837,0.08758157163505167,0.08222488278253522,0.4664767393146074,0.28956989132150357,0.23797094014514839
2021-07-29 17:40:00,0.29358437935843795,0.21912350597609564,0.9088607594936708,0.9160864131405106,0.19779874625381164,0.00044543429844097997,0.5,0.9690165474682837,0.08758157163505167,0.08222488278253522,0.4664767393146074,0.28956989132150357,0.1428625314965976
2021-07-29 17:50:00,0.34658298465829845,0.09960159362549792,0.9076693968726728,0.917514729512587,0.22365889727918756,0.00033407572383073496,0.5,0.9690165474682837,0.08758157163505167,0.08222488278253522,0.4664767393146074,0.28956989132150357,0.2157686678636631
2021-07-29 18:00:00,0.36052998605299863,-0.4183266932270917,0.9076693968726728,0.9064452776289948,0.2052714923244036,0.00044543429844097997,0.5,0.905412772832441,0.0819696155537088,0.1101463092588133,0.5112091974550609,0.2898036207653268,0.2069496205320096
2021-07-29 18:10:00,0.3493723849372385,0.298804780876494,0.9043931496649291,0.9075165149080522,0.1925377236261795,0.00033407572383073496,0.5,0.905412772832441,0.0819696155537088,0.1101463092588133,0.5112091974550609,0.2898036207653268,0.18983961253526865
2021-07-29 18:20:00,0.397489539748954,-0.15537848605577698,0.9008190618019358,0.9057311194429567,0.20350473099422858,0.00022271714922048998,0.5,0.905412772832441,0.0819696155537088,0.1101463092588133,0.5112091974550609,0.2898036207653268,0.27723041175671803
2021-07-29 18:30:00,0.3758716875871687,0.12350597609561742,0.8993298585256886,0.9046598821638991,0.2034654696313358,0.00033407572383073496,0.5,0.905412772832441,0.0819696155537088,0.1101463092588133,0.5112091974550609,0.2898036207653268,0.22384084976688745
2021-07-29 18:40:00,0.40794979079497906,0.09163346613545809,0.8969471332836929,0.9064452776289948,0.18299721244323464,0.00033407572383073496,0.5,0.905412772832441,0.0819696155537088,0.1101463092588133,0.5112091974550609,0.2898036207653268,0.28417097937444363
2021-07-29 18:50:00,0.3563458856345886,0.298804780876494,0.8939687267311986,0.9075165149080522,0.1889125911190797,0.00033407572383073496,0.5,0.905412772832441,0.0819696155537088,0.1101463092588133,0.5112091974550609,0.2898036207653268,0.22421805452872037
2021-07-29 19:00:00,0.3563458856345886,-0.08366533864541836,0.8939687267311986,0.9143010176754152,0.20105743937391213,0.00033407572383073496,0.5,0.9042075922971706,0.07961046760553768,0.10652335656187636,0.5595090962478672,0.29207761126200404,0.21362614481645217
2021-07-29 19:10:00,0.4693165969316597,0.15537848605577675,0.8924795234549514,0.9064452776289948,0.22507230634332756,0.000556792873051225,0.5,0.9042075922971706,0.07961046760553768,0.10652335656187636,0.5595090962478672,0.29207761126200404,0.3565565731701797
2021-07-29 19:20:00,0.3849372384937238,-0.11553784860557781,0.8897989575577063,0.8953758257454025,0.2157150148538823,0.00022271714922048998,0.5,0.9042075922971706,0.07961046760553768,0.10652335656187636,0.5595090962478672,0.29207761126200404,0.24567346138177648
2021-07-29 19:30:00,0.4721059972105997,-0.01195219123505975,0.8924795234549514,0.8953758257454025,0.20964259072646607,0.00033407572383073496,0.5,0.9042075922971706,0.07961046760553768,0.10652335656187636,0.5595090962478672,0.29207761126200404,0.3732818323098511
2021-07-29 19:40:00,0.46164574616457466,0.22709163346613526,0.8880119136262099,0.8843063738618102,0.2032822499378362,0.00022271714922048998,0.5,0.9042075922971706,0.07961046760553768,0.10652335656187636,0.5595090962478672,0.29207761126200404,0.37172020459586286
2021-07-29 19:50:00,0.405160390516039,0.027888446215139417,0.8829486224869694,0.8771647920014285,0.2135687270157438,0.00022271714922048998,0.5,0.9042075922971706,0.07961046760553768,0.10652335656187636,0.5595090962478672,0.29207761126200404,0.2654314468065845
2021-07-29 20:00:00,0.45676429567642957,0.06772908366533859,0.8805658972449737,0.8768077129084091,0.21249558309667457,0.00033407572383073496,0.5,0.9106567456790238,0.07533469154356057,0.08766761815303598,0.5831813111204658,0.28768519518196106,0.35974772545528616
2021-07-29 20:10:00,0.496513249651325,0.13147410358565725,0.8752047654504838,0.8678807355829314,0.21011372708117942,0.00022271714922048998,0.5,0.9106567456790238,0.07533469154356057,0.08766761815303598,0.5831813111204658,0.28768519518196106,0.44597673401029014
2021-07-29 20:20:00,0.40794979079497906,-0.059760956175298974,0.8677587490692478,0.8610962328155687,0.21326772323356585,0.00022271714922048998,0.5,0.9106567456790238,0.07533469154356057,0.08766761815303598,0.5831813111204658,0.28768519518196106,0.276989000709145
2021-07-29 20:30:00,0.4337517433751743,0.11553784860557759,0.8618019359642588,0.8593108373504732,0.20067791286594863,0.00022271714922048998,0.5,0.9106567456790238,0.07533469154356057,0.08766761815303598,0.5831813111204658,0.28768519518196106,0.3247732999381384
2021-07-29 20:40:00,0.35146443514644354,0.043824701195219085,0.8522710349962768,0.8543117300482057,0.19828296972948922,0.00022271714922048998,0.5,0.9106567456790238,0.07533469154356057,0.08766761815303598,0.5831813111204658,0.28768519518196106,0.20611222596074052
2021-07-29 20:50:00,0.37447698744769875,-0.2509960159362551,0.8448250186150408,0.8535975718621673,0.19218437136014446,0.00022271714922048998,0.5,0.9106567456790238,0.07533469154356057,0.08766761815303598,0.5831813111204658,0.28768519518196106,0.22686603195678745
2021-07-29 21:00:00,0.37377963737796377,-0.4183266932270917,0.8379746835443036,0.8482413854668809,0.18744683357108272,0.00033407572383073496,0.5,0.9179120432336085,0.07753579669374534,0.08699791276633977,0.4935180123283776,0.28320147067501833,0.20593116767506076
2021-07-29 21:10:00,0.3312412831241283,0.01195219123505975,0.8332092330603125,0.8407427245134798,0.17695096255774692,0.00022271714922048998,0.5,0.9179120432336085,0.07753579669374534,0.08699791276633977,0.4935180123283776,0.28320147067501833,0.16729031187289709
2021-07-29 21:20:00,0.30822873082287305,-0.1633466135458168,0.831422189128816,0.8332440635600784,0.15976757273167477,0.00033407572383073496,0.5,0.9179120432336085,0.07753579669374534,0.08699791276633977,0.4935180123283776,0.28320147067501833,0.13685743168821762
2021-07-29 21:30:00,0.33821478382147835,-0.23505976095617542,0.8251675353685777,0.831101589001964,0.15474211828139928,0.00022271714922048998,0.5,0.9179120432336085,0.07753579669374534,0.08699791276633977,0.4935180123283776,0.28320147067501833,0.18366099853644552
2021-07-29 21:40:00,0.37796373779637377,-0.12350597609561753,0.823380491437081,0.8236029280485628,0.15551425841829059,0.00022271714922048998,0.5,0.9179120432336085,0.07753579669374534,0.08699791276633977,0.4935180123283776,0.28320147067501833,0.22523650738566925
2021-07-29 21:50:00,0.40446304044630405,-0.11553784860557781,0.8209977661950856,0.8207462953044098,0.14866969415398307,0.00033407572383073496,0.5,0.9179120432336085,0.07753579669374534,0.08699791276633977,0.4935180123283776,0.28320147067501833,0.2584908791888589
2021-07-29 22:00:00,0.5320781032078103,0.08366533864541825,0.8189128816083393,0.8118193179789321,0.14873512975880437,0.00022271714922048998,0.5,0.80710424141233,0.08769651185177396,0.14696235154980178,0.47507014750175197,0.2606049601104182,0.5205501154246571
2021-07-29 22:10:00,0.5292887029288703,-0.2589641434262948,0.8144452717795978,0.8050348152115694,0.15987226969938884,0.00033407572383073496,0.5,0.80710424141233,0.08769651185177396,0.14696235154980178,0.47507014750175197,0.2606049601104182,0.5076119920937883
2021-07-29 22:20:00,0.47629009762900976,-0.21115537848605592,0.8108711839166043,0.807534368862703,0.1481200350734842,0.00022271714922048998,0.5,0.80710424141233,0.08769651185177396,0.14696235154980178,0.47507014750175197,0.2606049601104182,0.39104063249694465
2021-07-29 22:30:00,0.5013947001394701,-0.07569721115537853,0.8013402829486223,0.8050348152115694,0.13745403148761304,0.00022271714922048998,0.5,0.80710424141233,0.08769651185177396,0.14696235154980178,0.47507014750175197,0.2606049601104182,0.4457202347722438
2021-07-29 22:40:00,0.5453277545327755,-0.019920318725099695,0.7983618763961278,0.7996786288162827,0.13745403148761304,0.00033407572383073496,0.5,0.80710424141233,0.08769651185177396,0.14696235154980178,0.47507014750175197,0.2606049601104182,0.5425486971347526
2021-07-29 22:50:00,0.502092050209205,0.1872509960159361,0.7935964259121369,0.7968219960721301,0.13745403148761304,0.00022271714922048998,0.5,0.80710424141233,0.08769651185177396,0.14696235154980178,0.47507014750175197,0.2606049601104182,0.4756250282903572
2021-07-29 23:00:00,0.509065550906555,-0.01195219123505975,0.7891288160833951,0.7968219960721301,0.13745403148761304,0.00033407572383073496,0.5,0.7010110989075862,0.09568773041921591,0.21135057422069234,0.5272104380654947,0.22633508234897973,0.47021591200567314
2021-07-29 23:10:00,0.5432357043235705,-0.10756972111553798,0.7885331347728963,0.7968219960721301,0.13745403148761304,0.00044543429844097997,0.5,0.7010110989075862,0.09568773041921591,0.21135057422069234,0.5272104380654947,0.22633508234897973,0.5397422937067158
2021-07-29 23:20:00,0.5237099023709902,-0.40239043824701204,0.7837676842889052,0.7982503124442064,0.13745403148761304,0.00022271714922048998,0.5,0.7010110989075862,0.09568773041921591,0.21135057422069234,0.5272104380654947,0.22633508234897973,0.48336527000316853
2021-07-29 23:30:00,0.5934449093444909,-0.2749003984063746,0.7825763216679076,0.8003927870023211,0.13745403148761304,0.00022271714922048998,0.5,0.7010110989075862,0.09568773041921591,0.21135057422069234,0.5272104380654947,0.22633508234897973,0.6341038369268374
2021-07-29 23:40:00,0.5794979079497908,-0.42629482071713154,0.7795979151154131,0.8003927870023211,0.13745403148761304,0.00022271714922048998,0.5,0.7010110989075862,0.09568773041921591,0.21135057422069234,0.5272104380654947,0.22633508234897973,0.6204942891199059
2021-07-29 23:50:00,0.6324965132496514,-0.40239043824701204,0.774832464631422,0.8003927870023211,0.13745403148761304,0.0008908685968819599,0.5,0.7010110989075862,0.09568773041921591,0.21135057422069234,0.5272104380654947,0.22633508234897973,0.7488797018573562
2021-07-30 00:00:00,0.6596931659693167,-0.3944223107569722,0.7736411020104241,0.7996786288162827,0.13745403148761304,0.0008908685968819599,0.5,0.6886503438870291,0.08684308074262927,0.21772209623239044,0.6419553779692155,0.19937269774989683,0.8044947719420011
2021-07-30 00:10:00,0.7126917712691772,-0.1394422310756973,0.7736411020104241,0.8003927870023211,0.13745403148761304,0.0038975501113585743,0.5,0.6886503438870291,0.08684308074262927,0.21772209623239044,0.6419553779692155,0.19937269774989683,0.9517328786758604
2021-07-30 00:20:00,0.7168758716875872,-0.059760956175298974,0.7736411020104241,0.7982503124442064,0.13745403148761304,0.00824053452115813,0.5,0.6886503438870291,0.08684308074262927,0.21772209623239044,0.6419553779692155,0.19937269774989683,0.89820752297177
2021-07-30 00:30:00,0.7789400278940027,-0.08366533864541836,0.7664929262844375,0.797536154258168,0.11881797123450813,0.02383073496659243,0.5,0.6886503438870291,0.08684308074262927,0.21772209623239044,0.6419553779692155,0.19937269774989683,0.8798791435943089
2021-07-30 00:40:00,0.6792189679218968,-0.3705179282868527,0.7516008935219654,0.79289412604892,0.12015285757286255,0.00868596881959911,0.5,0.6886503438870291,0.08684308074262927,0.21772209623239044,0.6419553779692155,0.19937269774989683,0.8615507642168475
2021-07-30 00:50:00,0.7629009762900976,0.019920318725099362,0.7399851079672375,0.7946795215140154,0.11599115310622816,0.03407572383073497,0.5,0.6886503438870291,0.08684308074262927,0.21772209623239044,0.6419553779692155,0.19937269774989683,0.9688428866726014
2021-07-30 01:00:00,0.7775453277545328,-0.11553784860557781,0.7337304542069991,0.7864667023745762,0.12015285757286255,0.048663697104677064,0.5,0.5934767027002326,0.09226825897179998,0.24135961479956333,0.7436298188149173,0.187957122035777,0.9257208382998626
2021-07-30 01:10:00,0.7343096234309623,-0.1633466135458168,0.7262844378257631,0.7864667023745762,0.12015285757286255,0.035523385300668155,0.5,0.5934767027002326,0.09226825897179998,0.24135961479956333,0.7436298188149173,0.187957122035777,0.8861369705931167
2021-07-30 01:20:00,0.7635983263598326,-0.07569721115537853,0.721518987341772,0.7864667023745762,0.12015285757286255,0.043763919821826286,0.5,0.5934767027002326,0.09226825897179998,0.24135961479956333,0.7436298188149173,0.187957122035777,0.923857446776408
2021-07-30 01:30:00,0.7998605299860531,-0.059760956175298974,0.7197319434102754,0.7807534368862703,0.12015285757286255,0.0289532293986637,0.5,0.5934767027002326,0.09226825897179998,0.24135961479956333,0.7436298188149173,0.187957122035777,0.9303622674532644
2021-07-30 01:40:00,0.8368200836820083,0.05976095617529875,0.7197319434102754,0.77289769683985,0.12015285757286255,0.04086859688195991,0.5,0.5934767027002326,0.09226825897179998,0.24135961479956333,0.7436298188149173,0.187957122035777,0.9368672390120253
2021-07-30 01:50:00,0.8661087866108786,0.3067729083665336,0.7227103499627696,0.7678985895375825,0.12015285757286255,0.059131403118040084,0.5,0.5934767027002326,0.09226825897179998,0.24135961479956333,0.7436298188149173,0.187957122035777,0.9433721351298339
2021-07-30 02:00:00,0.7391910739191073,0.14741035856573692,0.721518987341772,0.7703981431887164,0.12558401277303008,0.04142538975501114,0.5,0.5999584086974183,0.09618484685652778,0.24476457401804338,0.7996382745203455,0.18012308580682096,0.9498770312476424
2021-07-30 02:10:00,0.7510460251046025,-0.19521912350597614,0.7125837676842888,0.7914658096768434,0.13009906950569947,0.05244988864142539,0.5,0.5999584086974183,0.09618484685652778,0.24476457401804338,0.7996382745203455,0.18012308580682096,0.8825535253557041
2021-07-30 02:20:00,0.7866108786610878,-0.3545816733067729,0.7072226358897988,0.7971790751651491,0.1291306225543443,0.02271714922048998,0.5,0.5999584086974183,0.09618484685652778,0.24476457401804338,0.7996382745203455,0.18012308580682096,0.8823347465938409
2021-07-30 02:30:00,0.7754532775453277,0.07569721115537842,0.7093075204765449,0.7893233351187288,0.12019211893575532,0.01135857461024499,0.5,0.5999584086974183,0.09618484685652778,0.24476457401804338,0.7996382745203455,0.18012308580682096,0.8821159678319779
2021-07-30 02:40:00,0.7817294281729429,0.01195219123505975,0.7069247952345492,0.7811105159792893,0.12019211893575532,0.012694877505567928,0.5,0.5999584086974183,0.09618484685652778,0.24476457401804338,0.7996382745203455,0.18012308580682096,0.8818971890701148
2021-07-30 02:50:00,0.6617852161785216,-0.1872509960159363,0.697989575577066,0.7907516514908053,0.12019211893575532,0.00011135857461024499,0.5,0.5999584086974183,0.09618484685652778,0.24476457401804338,0.7996382745203455,0.18012308580682096,0.8816784103082518
2021-07-30 03:00:00,0.7531380753138076,-0.3466135458167332,0.6887565152643333,0.7957507587930728,0.12019211893575532,0.012806236080178173,0.5,0.6045021334303686,0.09143206889516677,0.24234496053988325,0.8075922894459362,0.18270513286696002,0.8818274061891758
2021-07-30 03:10:00,0.8193863319386332,0.2669322709163344,0.6970960536113178,0.7864667023745762,0.11108348274463102,0.03396436525612472,0.5,0.6045021334303686,0.09143206889516677,0.24234496053988325,0.8075922894459362,0.18270513286696002,0.8819764020700998
2021-07-30 03:20:00,0.8368200836820083,-0.12350597609561753,0.6994787788533132,0.7818246741653276,0.12017903181479107,0.03429844097995546,0.5,0.6045021334303686,0.09143206889516677,0.24234496053988325,0.8075922894459362,0.18270513286696002,0.8821253979510237
2021-07-30 03:30:00,0.8891213389121339,-0.17131474103585675,0.7015636634400593,0.7864667023745762,0.12019211893575532,0.06625835189309577,0.5,0.6045021334303686,0.09143206889516677,0.24234496053988325,0.8075922894459362,0.18270513286696002,0.8822743938319477
2021-07-30 03:40:00,0.8605299860529986,0.29083665338645415,0.7051377513030528,0.7864667023745762,0.12019211893575532,0.04988864142538976,0.5,0.6045021334303686,0.09143206889516677,0.24234496053988325,0.8075922894459362,0.18270513286696002,0.8824233897128717
2021-07-30 03:50:00,0.8249651324965133,-0.06772908366533881,0.7048399106478034,0.7893233351187288,0.1276779521273115,0.03574610244988864,0.5,0.6045021334303686,0.09143206889516677,0.24234496053988325,0.8075922894459362,0.18270513286696002,0.8825723855937958
2021-07-30 04:00:00,0.7559274755927475,0.19521912350597592,0.7045420699925538,0.7903945723977861,0.1241967779508186,0.03285077951002228,0.5,0.5384229258464095,0.09289468315292496,0.2738367118518071,0.7903258777734453,0.18863176776594265,0.8827213814747198
2021-07-30 04:10:00,0.7817294281729429,-0.043824701195219196,0.697989575577066,0.7936082842349581,0.13163026265851777,0.05857461024498886,0.5,0.5384229258464095,0.09289468315292496,0.2738367118518071,0.7903258777734453,0.18863176776594265,0.8828703773556438
2021-07-30 04:20:00,0.8040446304044631,-0.298804780876494,0.6959046909903199,0.8053918943045884,0.13407755427883422,0.0811804008908686,0.5,0.5384229258464095,0.09289468315292496,0.2738367118518071,0.7903258777734453,0.18863176776594265,0.781998279946286
2021-07-30 04:30:00,0.7907949790794979,-0.45019920318725104,0.6902457185405806,0.807534368862703,0.13407755427883422,0.0957683741648107,0.5,0.5384229258464095,0.09289468315292496,0.2738367118518071,0.7903258777734453,0.18863176776594265,0.6449597899723886
2021-07-30 04:40:00,0.8214783821478382,-0.059760956175298974,0.6887565152643333,0.7978932333511874,0.125832668071351,0.10824053452115814,0.5,0.5384229258464095,0.09289468315292496,0.2738367118518071,0.7903258777734453,0.18863176776594265,0.5989634413144832
2021-07-30 04:50:00,0.8214783821478382,0.33864541832669315,0.6899478778853312,0.7764684877700412,0.12423603931371138,0.10779510022271716,0.5,0.5384229258464095,0.09289468315292496,0.2738367118518071,0.7903258777734453,0.18863176776594265,0.6549632602561974
2021-07-30 05:00:00,0.8347280334728034,0.31474103585657365,0.6884586746090839,0.7582574540260667,0.12687963774849173,0.11714922048997772,0.5,0.5494564947303784,0.08953268181387225,0.2382675060239879,0.772374082234908,0.1919984883791129,0.601241758075954
2021-07-30 05:10:00,0.8410041841004184,-0.26693227091633476,0.6807148175725986,0.7507587930726658,0.13407755427883422,0.10434298440979956,0.5,0.5494564947303784,0.08953268181387225,0.2382675060239879,0.772374082234908,0.1919984883791129,0.6518324607329843
2021-07-30 05:20:00,0.8340306834030684,-0.3545816733067729,0.677140729709605,0.7468309230494556,0.13407755427883422,0.10167037861915369,0.5,0.5494564947303784,0.08953268181387225,0.2382675060239879,0.772374082234908,0.1919984883791129,0.6744119377763025
2021-07-30 05:30:00,0.903068340306834,-0.4661354581673308,0.6720774385703647,0.7386181039100161,0.13407755427883422,0.11748329621380847,0.5,0.5494564947303784,0.08953268181387225,0.2382675060239879,0.772374082234908,0.1919984883791129,0.611637521312069
2021-07-30 05:40:00,0.9281729428172943,-0.6254980079681276,0.6667163067758748,0.7204070701660419,0.13402520579497718,0.11837416481069044,0.5,0.5494564947303784,0.08953268181387225,0.2382675060239879,0.772374082234908,0.1919984883791129,0.6201321725485462
2021-07-30 05:50:00,0.8912133891213389,0.08366533864541825,0.6676098287416232,0.7011247991430103,0.1203360772663622,0.12494432071269489,0.5,0.5494564947303784,0.08953268181387225,0.2382675060239879,0.772374082234908,0.1919984883791129,0.6195814535962701
2021-07-30 06:00:00,0.898884239888424,0.06772908366533859,0.6661206254653758,0.6957686127477234,0.12019211893575532,0.1265033407572383,0.5,0.574674899098566,0.11004951049835111,0.2485294317192812,0.7786861051046834,0.1726590946373297,0.6379136050213499
2021-07-30 06:10:00,0.907252440725244,0.2669322709163344,0.6637379002233803,0.6871987145152652,0.12019211893575532,0.127728285077951,0.5,0.574674899098566,0.11004951049835111,0.2485294317192812,0.7786861051046834,0.1726590946373297,0.631508668165427
2021-07-30 06:20:00,0.907252440725244,0.2589641434262948,0.6628443782576319,0.6775575790037494,0.12019211893575532,0.127728285077951,0.5,0.574674899098566,0.11004951049835111,0.2485294317192812,0.7786861051046834,0.1726590946373297,0.6413914329254493
2021-07-30 06:30:00,0.8828451882845189,0.3306772908366533,0.6583767684288904,0.6686306016782717,0.12019211893575532,0.11837416481069044,0.5,0.574674899098566,0.11004951049835111,0.2485294317192812,0.7786861051046834,0.1726590946373297,0.6587579401602366
2021-07-30 06:40:00,0.9323570432357042,0.36254980079681287,0.6574832464631419,0.660060703445813,0.12019211893575532,0.12394209354120268,0.5,0.574674899098566,0.11004951049835111,0.2485294317192812,0.7786861051046834,0.1726590946373297,0.7143277456734614
2021-07-30 06:50:00,0.9386331938633194,0.4501992031872508,0.6628443782576319,0.6529191215854313,0.12019211893575532,0.11848552338530068,0.5,0.574674899098566,0.11004951049835111,0.2485294317192812,0.7786861051046834,0.1726590946373297,0.7887049806116753
2021-07-30 07:00:00,0.8040446304044631,0.33864541832669315,0.6553983618763959,0.6507766470273164,0.12019211893575532,0.08062360801781737,0.5,0.5708070413708388,0.11569882215012925,0.2549882018480115,0.7771677913404853,0.17489170306201027,0.790191167373297
2021-07-30 07:10:00,0.8054393305439331,0.24302788844621515,0.6473566641846609,0.6529191215854313,0.12019211893575532,0.07650334075723832,0.5,0.5708070413708388,0.11569882215012925,0.2549882018480115,0.7771677913404853,0.17489170306201027,0.8378321287927939
2021-07-30 07:20:00,0.8849372384937239,0.13147410358565725,0.6470588235294115,0.6575611497946796,0.12019211893575532,0.10178173719376393,0.5,0.5708070413708388,0.11569882215012925,0.2549882018480115,0.7771677913404853,0.17489170306201027,0.8432940537441345
2021-07-30 07:30:00,0.8444909344490934,0.08366533864541825,0.6536113179448992,0.6614890198178898,0.12019211893575532,0.09387527839643653,0.5,0.5708070413708388,0.11569882215012925,0.2549882018480115,0.7771677913404853,0.17489170306201027,0.8323023069843234
2021-07-30 07:40:00,0.8403068340306835,0.12350597609561742,0.6559940431868949,0.6679164434922336,0.12019211893575532,0.0920935412026726,0.5,0.5708070413708388,0.11569882215012925,0.2549882018480115,0.7771677913404853,0.17489170306201027,0.8164295306063944
2021-07-30 07:50:00,0.789400278940028,-0.003984063745020028,0.6571854058078928,0.6747009462595965,0.12019211893575532,0.08329621380846326,0.5,0.5708070413708388,0.11569882215012925,0.2549882018480115,0.7771677913404853,0.17489170306201027,0.7827753217556618
2021-07-30 08:00:00,0.7852161785216178,-0.059760956175298974,0.6571854058078928,0.683270844492055,0.12019211893575532,0.08162583518930958,0.5,0.5688690267535135,0.12029930432433689,0.24886168472309567,0.7893864471241788,0.1861838316858284,0.7845632723267499
2021-07-30 08:10:00,0.8256624825662483,0.10756972111553775,0.6628443782576319,0.6886270308873417,0.12019211893575532,0.08596881959910913,0.5,0.5688690267535135,0.12029930432433689,0.24886168472309567,0.7893864471241788,0.1861838316858284,0.8648777102162138
2021-07-30 08:20:00,0.8584379358437936,0.2749003984063745,0.6750558451228592,0.6871987145152652,0.12019211893575532,0.0824053452115813,0.5,0.5688690267535135,0.12029930432433689,0.24886168472309567,0.7893864471241788,0.1861838316858284,0.9567421579130015
2021-07-30 08:30:00,0.801255230125523,0.4183266932270917,0.68518242740134,0.6911265845384753,0.12017903181479107,0.05,0.5,0.5688690267535135,0.12029930432433689,0.24886168472309567,0.7893864471241788,0.1861838316858284,0.9393982829639241
2021-07-30 08:40:00,0.810320781032078,0.06772908366533859,0.69054355919583,0.7054097482592394,0.1295624975461648,0.06937639198218264,0.5,0.5688690267535135,0.12029930432433689,0.24886168472309567,0.7893864471241788,0.1861838316858284,0.9220544080148468
2021-07-30 08:50:00,0.8389121338912133,0.19521912350597592,0.6982874162323154,0.7196929119800035,0.13013833086859222,0.05712694877505568,0.5,0.5688690267535135,0.12029930432433689,0.24886168472309567,0.7893864471241788,0.1861838316858284,0.8997615311495694
2021-07-30 09:00:00,0.9065550906555091,0.585657370517928,0.7096053611317943,0.728262810212462,0.13013833086859222,0.07093541202672606,0.5,0.5658561754746061,0.12321878582902028,0.26403423372629226,0.8141027581125683,0.19824702314150572,0.8774688051661964
2021-07-30 09:10:00,0.8828451882845189,0.394422310756972,0.7191362620997765,0.7321906802356721,0.13013833086859222,0.06625835189309577,0.5,0.5658561754746061,0.12321878582902028,0.26403423372629226,0.8141027581125683,0.19824702314150572,0.8551760791828236
2021-07-30 09:20:00,0.897489539748954,0.1872509960159361,0.7253909158600147,0.7479021603285128,0.13987514886600097,0.10489977728285078,0.5,0.5658561754746061,0.12321878582902028,0.26403423372629226,0.8141027581125683,0.19824702314150572,0.8328832023175461
2021-07-30 09:30:00,0.8891213389121339,-0.1633466135458168,0.7268801191362619,0.7603999285841814,0.1440237662116711,0.11291759465478843,0.5,0.5658561754746061,0.12321878582902028,0.26403423372629226,0.8141027581125683,0.19824702314150572,0.7201668753866349
2021-07-30 09:40:00,0.9651324965132496,-0.1633466135458168,0.729560685033507,0.7703981431887164,0.14404994045359962,0.12204899777282852,0.5,0.5658561754746061,0.12321878582902028,0.26403423372629226,0.8141027581125683,0.19824702314150572,0.8175460567014199
2021-07-30 09:50:00,0.9184100418410042,0.07569721115537842,0.7358153387937452,0.769683985002678,0.14406302757456388,0.11703786191536748,0.5,0.5658561754746061,0.12321878582902028,0.26403423372629226,0.8141027581125683,0.19824702314150572,0.789595183849601
2021-07-30 10:00:00,0.9560669456066946,0.07569721115537842,0.7483246463142217,0.7682556686306017,0.1499129706455877,0.13853006681514476,0.5,0.823756338337742,0.11725913559209825,0.14668437499088527,0.9057222442578826,0.2376430049334507,0.6222067987386273
2021-07-30 10:10:00,0.9267782426778243,0.03585657370517925,0.7536857781087116,0.7686127477236209,0.15165355773383415,0.1349665924276169,0.5,0.823756338337742,0.11725913559209825,0.14668437499088527,0.9057222442578826,0.2376430049334507,0.5792054558896752
2021-07-30 10:20:00,0.8793584379358438,-0.33067729083665354,0.7557706626954577,0.7718264595607927,0.15792228867571426,0.11291759465478843,0.5,0.823756338337742,0.11725913559209825,0.14668437499088527,0.9057222442578826,0.2376430049334507,0.6856752719646333
2021-07-30 10:30:00,0.8403068340306835,0.21912350597609564,0.7608339538346982,0.77289769683985,0.15797463715957127,0.09621380846325168,0.5,0.823756338337742,0.11725913559209825,0.14668437499088527,0.9057222442578826,0.2376430049334507,0.7523198092852724
2021-07-30 10:40:00,0.8507670850767085,0.027888446215139417,0.7647058823529411,0.7768255668630601,0.16758058394733744,0.09398663697104677,0.5,0.823756338337742,0.11725913559209825,0.14668437499088527,0.9057222442578826,0.2376430049334507,0.6995714953905577
2021-07-30 10:50:00,0.8242677824267782,-0.14741035856573714,0.7655994043186893,0.7811105159792893,0.15483372812814908,0.10489977728285078,0.5,0.823756338337742,0.11725913559209825,0.14668437499088527,0.9057222442578826,0.2376430049334507,0.6312597130226172
2021-07-30 11:00:00,0.7928870292887029,0.11553784860557759,0.7703648548026802,0.7918228887698626,0.16016018636060253,0.08853006681514478,0.5,0.826940157553324,0.11236842937067466,0.1535660702217992,0.9344868495021526,0.26589756831500755,0.7106009626265521
2021-07-30 11:10:00,0.8396094839609484,-0.11553784860557781,0.7733432613551747,0.7921799678628816,0.15813168261114238,0.08296213808463253,0.5,0.826940157553324,0.11236842937067466,0.1535660702217992,0.9344868495021526,0.26589756831500755,0.793767068515473
2021-07-30 11:20:00,0.7594142259414226,0.14741035856573692,0.7790022338049141,0.7986073915372254,0.14558113360641795,0.07149220489977728,0.5,0.826940157553324,0.11236842937067466,0.1535660702217992,0.9344868495021526,0.26589756831500755,0.73056263862275
2021-07-30 11:30:00,0.8228730822873083,0.10756972111553775,0.7882352941176469,0.807891447955722,0.16115480755388623,0.07761692650334076,0.5,0.826940157553324,0.11236842937067466,0.1535660702217992,0.9344868495021526,0.26589756831500755,0.7452811684294702
2021-07-30 11:40:00,0.7796373779637378,0.027888446215139417,0.7941921072226359,0.8150330298161044,0.15720249702268,0.07550111358574611,0.5,0.826940157553324,0.11236842937067466,0.1535660702217992,0.9344868495021526,0.26589756831500755,0.7649637129019117
2021-07-30 11:50:00,0.892608089260809,0.14741035856573692,0.8025316455696201,0.8186038207462953,0.16250278101320492,0.10612472160356347,0.5,0.826940157553324,0.11236842937067466,0.1535660702217992,0.9344868495021526,0.26589756831500755,0.8004134164189689
2021-07-30 12:00:00,0.907252440725244,-0.2509960159362551,0.8072970960536112,0.8182467416532764,0.16833963696326446,0.11648106904231627,0.5,0.8294970053928608,0.1002163749579737,0.15466795814170134,0.9637274082305011,0.27963869310022027,0.6310107578798074
2021-07-30 12:10:00,0.8556485355648535,-0.02788844621513953,0.8111690245718537,0.8196750580253527,0.16646817866537542,0.10356347438752785,0.5,0.8294970053928608,0.1002163749579737,0.15466795814170134,0.9637274082305011,0.27963869310022027,0.6501425833999729
2021-07-30 12:20:00,0.7189679218967923,-0.02788844621513953,0.8156366344005956,0.8218175325834671,0.1634712279645601,0.06002227171492205,0.5,0.8294970053928608,0.1002163749579737,0.15466795814170134,0.9637274082305011,0.27963869310022027,0.6911221087255006
2021-07-30 12:30:00,0.8661087866108786,0.05976095617529875,0.8183172002978405,0.8328869844670594,0.17556372773553547,0.07538975501113586,0.5,0.8294970053928608,0.1002163749579737,0.15466795814170134,0.9637274082305011,0.27963869310022027,0.8520074837424747
2021-07-30 12:40:00,0.8542538354253836,-0.17131474103585675,0.8224869694713326,0.8318157471880021,0.16576147413330541,0.08964365256124723,0.5,0.8294970053928608,0.1002163749579737,0.15466795814170134,0.9637274082305011,0.27963869310022027,0.7322298836700515
2021-07-30 12:50:00,0.7566248256624826,-0.05179282868525903,0.8290394638868204,0.8386002499553651,0.1657745612542697,0.0556792873051225,0.5,0.8294970053928608,0.1002163749579737,0.15466795814170134,0.9637274082305011,0.27963869310022027,0.7405283884303756
2021-07-30 13:00:00,0.8249651324965133,0.09960159362549792,0.8364854802680564,0.8500267809319764,0.16203164465849157,0.10289532293986638,0.5,0.9546118484182131,0.10099796843166853,0.10902818913109118,0.9525578933350197,0.285739845998744,0.6112075078835795
2021-07-30 13:10:00,0.8793584379358438,0.11553784860557759,0.8424422933730453,0.8500267809319764,0.17237047022025626,0.11636971046770601,0.5,0.9546118484182131,0.10099796843166853,0.10902818913109118,0.9525578933350197,0.285739845998744,0.5944068077915415
2021-07-30 13:20:00,0.801255230125523,0.05976095617529875,0.8475055845122859,0.855382967327263,0.18056300794388241,0.10189309576837417,0.5,0.9546118484182131,0.10099796843166853,0.10902818913109118,0.9525578933350197,0.285739845998744,0.5942332936010984
2021-07-30 13:30:00,0.8444909344490934,-0.07569721115537853,0.8528667163067758,0.8603820746295305,0.18608577299079976,0.1133630289532294,0.5,0.9546118484182131,0.10099796843166853,0.10902818913109118,0.9525578933350197,0.285739845998744,0.549142236371592
2021-07-30 13:40:00,0.8270571827057183,0.2111553784860556,0.8594192107222633,0.8610962328155687,0.16805172030205073,0.1101336302895323,0.5,0.9546118484182131,0.10099796843166853,0.10902818913109118,0.9525578933350197,0.285739845998744,0.5837998098888001
2021-07-30 13:50:00,0.8249651324965133,-0.07569721115537853,0.8659717051377511,0.865738261024817,0.17835128450092264,0.09220489977728284,0.5,0.9546118484182131,0.10099796843166853,0.10902818913109118,0.9525578933350197,0.285739845998744,0.6685275434917091
2021-07-30 14:00:00,0.8382147838214784,-0.1872509960159363,0.870737155621742,0.8682378146759508,0.17273690960725552,0.08574610244988864,0.5,0.9565498630355378,0.07211636547540759,0.10710441887618084,0.9132359716979639,0.28608824594905824,0.6994206134858246
2021-07-30 14:10:00,0.7866108786610878,0.06772908366533859,0.8722263588979895,0.8768077129084091,0.17933281857324207,0.0920935412026726,0.5,0.9565498630355378,0.07211636547540759,0.10710441887618084,0.9132359716979639,0.28608824594905824,0.6340736605458908
2021-07-30 14:20:00,0.7071129707112971,0.01195219123505975,0.8758004467609826,0.8828780574897339,0.18507806467655183,0.06870824053452115,0.5,0.9565498630355378,0.07211636547540759,0.10710441887618084,0.9132359716979639,0.28608824594905824,0.5936599423631124
2021-07-30 14:30:00,0.8145048814504882,0.05179282868525892,0.8829486224869694,0.8900196393501161,0.18327204198348407,0.09053452115812918,0.5,0.9565498630355378,0.07211636547540759,0.10710441887618084,0.9132359716979639,0.28608824594905824,0.6994281575810614
2021-07-30 14:40:00,0.810320781032078,0.09163346613545809,0.8835443037974682,0.8918050348152116,0.17943751554095616,0.0791759465478842,0.5,0.9565498630355378,0.07211636547540759,0.10710441887618084,0.9132359716979639,0.28608824594905824,0.7111441374835916
2021-07-30 14:50:00,0.7740585774058577,-0.08366533864541836,0.8883097542814593,0.8950187466523836,0.17394092473596734,0.07483296213808463,0.5,0.9565498630355378,0.07211636547540759,0.10710441887618084,0.9132359716979639,0.28608824594905824,0.7061801228178705
2021-07-30 15:00:00,0.7587168758716877,0.019920318725099362,0.8927773641102008,0.9075165149080522,0.18566698511994348,0.06247216035634744,0.5,0.9568348651851446,0.06240391716258544,0.10482899305654629,0.8703047775770264,0.2845627825956653,0.7278618525280263
2021-07-30 15:10:00,0.7454672245467224,0.06772908366533859,0.8960536113179447,0.9121585431173005,0.17662378453364044,0.05846325167037862,0.5,0.9568348651851446,0.06240391716258544,0.10482899305654629,0.8703047775770264,0.2845627825956653,0.7470163103339017
2021-07-30 15:20:00,0.6596931659693167,-0.043824701195219196,0.9008190618019358,0.9221567577218355,0.1785606784363508,0.0378619153674833,0.5,0.9568348651851446,0.06240391716258544,0.10482899305654629,0.8703047775770264,0.2845627825956653,0.6542842916848982
2021-07-30 15:30:00,0.6345885634588563,-0.003984063745020028,0.9061801935964258,0.9335832886984468,0.1717815497768646,0.02694877505567929,0.5,0.9568348651851446,0.06240391716258544,0.10482899305654629,0.8703047775770264,0.2845627825956653,0.6422363715919549
2021-07-30 15:40:00,0.6478382147838214,-0.12350597609561753,0.9076693968726728,0.9425102660239244,0.15427098192668595,0.015256124721603564,0.5,0.9568348651851446,0.06240391716258544,0.10482899305654629,0.8703047775770264,0.2845627825956653,0.6693121293963216
2021-07-30 15:50:00,0.6241283124128312,0.11553784860557759,0.9097542814594193,0.9510801642563829,0.16073601968302995,0.014142538975501114,0.5,0.9568348651851446,0.06240391716258544,0.10482899305654629,0.8703047775770264,0.2845627825956653,0.654487982256288
2021-07-30 16:00:00,0.5488145048814504,-0.19521912350597614,0.9133283693224126,0.958578825209784,0.16044810302181625,0.005345211581291759,0.5,1.0,0.041806630326403076,0.09005540128617423,0.8380105493919413,0.28390670815574526,0.5297840879943269
2021-07-30 16:10:00,0.6645746164574616,0.24302788844621515,0.9163067758749068,0.9675058025352616,0.18314117077384146,0.00957683741648107,0.5,1.0,0.041806630326403076,0.09005540128617423,0.8380105493919413,0.28390670815574526,0.8105753127027476
2021-07-30 16:20:00,0.5543933054393305,0.22709163346613526,0.9210722263588977,0.9742903053026246,0.19176558348928818,0.01091314031180401,0.5,1.0,0.041806630326403076,0.09005540128617423,0.8380105493919413,0.28390670815574526,0.5391915747544397
2021-07-30 16:30:00,0.6666666666666667,-0.21115537848605592,0.9252419955323901,0.9750044634886625,0.19465783722238947,0.008463251670378619,0.5,1.0,0.041806630326403076,0.09005540128617423,0.8380105493919413,0.28390670815574526,0.7309851079560029
2021-07-30 16:40:00,0.5474198047419805,0.29083665338645415,0.9249441548771404,0.9771469380467774,0.20389734462315637,0.0034521158129175947,0.5,1.0,0.041806630326403076,0.09005540128617423,0.8380105493919413,0.28390670815574526,0.5430315192298988
2021-07-30 16:50:00,0.43096234309623427,-0.02788844621513953,0.928518242740134,0.9892876272094271,0.18027509128266872,0.0022271714922049,0.5,1.0,0.041806630326403076,0.09005540128617423,0.8380105493919413,0.28390670815574526,0.35565128174178073
2021-07-30 17:00:00,0.6359832635983264,-0.19521912350597614,0.9338793745346241,1.0,0.18485558362015939,0.0027839643652561247,0.5,0.9975572197264844,0.027809785435350166,0.09122652971755833,0.8198386101106494,0.28179551168760575,0.6786441752040678
2021-07-30 17:10:00,0.599721059972106,0.09163346613545809,0.9341772151898733,0.9967862881628282,0.15001766761330176,0.00378619153674833,0.5,0.9975572197264844,0.027809785435350166,0.09122652971755833,0.8198386101106494,0.28179551168760575,0.6656683313970155
2021-07-30 17:20:00,0.6206415620641562,-0.13147410358565736,0.9344750558451222,0.9978575254418853,0.1702765308659748,0.007238307349665925,0.5,0.9975572197264844,0.027809785435350166,0.09122652971755833,0.8198386101106494,0.28179551168760575,0.6437753670202333
2021-07-30 17:30:00,0.6422594142259415,-0.20141655599822939,0.9404318689501117,0.993215497232637,0.1845022313541244,0.27093541202672605,0.5,0.9975572197264844,0.027809785435350166,0.09122652971755833,0.8198386101106494,0.28179551168760575,0.17964753987054333
2021-07-30 17:40:00,0.5585774058577406,-0.2713590084108013,0.9645569620253165,0.9950008926977325,0.1859810760230857,0.9992204899777284,0.5,0.9975572197264844,0.027809785435350166,0.09122652971755833,0.8198386101106494,0.28179551168760575,0.0
2021-07-30 17:50:00,0.5285913528591353,-0.3413014608233733,0.9731943410275501,0.9985716836279237,0.1859810760230857,0.9992204899777284,0.5,0.9975572197264844,0.027809785435350166,0.09122652971755833,0.8198386101106494,0.28179551168760575,0.0
2021-07-30 18:00:00,0.5808926080892608,-0.4112439132359452,0.9767684288905436,0.9935725763256562,0.1859810760230857,0.9992204899777284,0.5,0.9261525910514325,0.016608861316008885,0.11491832472962911,0.7450027563416001,0.2683467553743942,0.0
2021-07-30 18:10:00,0.5648535564853556,-0.48118636564851713,0.98391660461653,0.9846455990001786,0.1859810760230857,0.9992204899777284,0.5,0.9261525910514325,0.016608861316008885,0.11491832472962911,0.7450027563416001,0.2683467553743942,0.0
2021-07-30 18:20:00,0.5564853556485356,-0.551128818061089,0.9892777364110197,0.9782181753258348,0.1859810760230857,0.9992204899777284,0.5,0.9261525910514325,0.016608861316008885,0.11491832472962911,0.7450027563416001,0.2683467553743942,0.0
2021-07-30 18:30:00,0.7210599721059973,-0.621071270473661,0.9868950111690247,0.9682199607212998,0.1859810760230857,0.9992204899777284,0.5,0.9261525910514325,0.016608861316008885,0.11491832472962911,0.7450027563416001,0.2683467553743942,0.0
2021-07-30 18:40:00,0.693863319386332,-0.6910137228862328,0.9877885331347731,0.9610783788609178,0.1859810760230857,0.9992204899777284,0.5,0.9261525910514325,0.016608861316008885,0.11491832472962911,0.7450027563416001,0.2683467553743942,0.0
2021-07-30 18:50:00,0.6666666666666667,-0.7609561752988048,0.9871928518242739,0.9607212997678984,0.1822119851853791,0.5906458797327394,0.5,0.9261525910514325,0.016608861316008885,0.11491832472962911,0.7450027563416001,0.2683467553743942,0.18111109434645503
2021-07-30 19:00:00,0.6576011157601116,0.12350597609561742,0.952941176470588,0.9739332262096054,0.17298556490557643,0.024832962138084634,0.5,0.9201839222766284,0.009948075757095524,0.11295004271733752,0.7652778594371434,0.26141100312367993,0.752131206904356
2021-07-30 19:10:00,0.7203626220362622,-0.13147410358565736,0.937453462397617,0.9614354579539368,0.1830626480480559,0.014810690423162584,0.5,0.9201839222766284,0.009948075757095524,0.11295004271733752,0.7652778594371434,0.26141100312367993,0.8701812091675846
2021-07-30 19:20:00,0.597629009762901,0.05179282868525892,0.931198808637379,0.9596500624888411,0.17314261035714754,0.004008908685968819,0.5,0.9201839222766284,0.009948075757095524,0.11295004271733752,0.7652778594371434,0.26141100312367993,0.6401542013066372
2021-07-30 19:30:00,0.6841004184100419,0.15537848605577675,0.9264333581533879,0.9657204070701659,0.17204329219614978,0.02806236080178174,0.5,0.9201839222766284,0.009948075757095524,0.11295004271733752,0.7652778594371434,0.26141100312367993,0.7556844757608221
2021-07-30 19:40:00,0.7364016736401674,-0.15537848605577698,0.9252419955323901,0.9610783788609178,0.17948986402481318,0.038418708240534526,0.5,0.9201839222766284,0.009948075757095524,0.11295004271733752,0.7652778594371434,0.26141100312367993,0.8348823875552606
2021-07-30 19:50:00,0.697350069735007,0.11553784860557759,0.9219657483246462,0.965006248884128,0.17098323539804477,0.0410913140311804,0.5,0.9201839222766284,0.009948075757095524,0.11295004271733752,0.7652778594371434,0.26141100312367993,0.712969808530863
2021-07-30 20:00:00,0.6813110181311018,-0.01195219123505975,0.9169024571854056,0.9671487234422425,0.1772781405818534,0.04053452115812918,0.5,0.9224801824280582,0.0016838741749449278,0.09158871085454079,0.7897599230179446,0.25831803745573706,0.7564162529987779
2021-07-30 20:10:00,0.8200836820083682,-0.23505976095617542,0.9163067758749068,0.9667916443492233,0.1678161521246941,0.04120267260579065,0.5,0.9224801824280582,0.0016838741749449278,0.09158871085454079,0.7897599230179446,0.25831803745573706,0.9808229099084146
2021-07-30 20:20:00,0.799163179916318,0.06772908366533859,0.9148175725986594,0.9592929833958221,0.15353810315268746,0.031403118040089086,0.5,0.9224801824280582,0.0016838741749449278,0.09158871085454079,0.7897599230179446,0.25831803745573706,0.98152948986828
2021-07-30 20:30:00,0.9135285913528591,0.03585657370517925,0.9133283693224126,0.9564363506516693,0.16093232649749384,0.05902004454342984,0.5,0.9224801824280582,0.0016838741749449278,0.09158871085454079,0.7897599230179446,0.25831803745573706,0.9822362207100503
2021-07-30 20:40:00,0.7608089260808927,0.21912350597609564,0.9109456440804167,0.951794322442421,0.18467236392665978,0.012806236080178173,0.5,0.9224801824280582,0.0016838741749449278,0.09158871085454079,0.7897599230179446,0.25831803745573706,0.9829428006699157
2021-07-30 20:50:00,0.7754532775453277,-0.12350597609561753,0.9008190618019358,0.965006248884128,0.18036670112941858,0.01180400890868597,0.5,0.9224801824280582,0.0016838741749449278,0.09158871085454079,0.7897599230179446,0.25831803745573706,0.818647494605972
2021-07-30 21:00:00,0.8919107391910739,-0.36254980079681276,0.8939687267311986,0.9625066952329941,0.17662378453364044,0.05233853006681515,0.5,0.9149887783530444,0.008172249408776948,0.08629815243235196,0.7432387133401097,0.24735690372033178,0.6543521885420281
2021-07-30 21:10:00,0.810320781032078,0.03585657370517925,0.8897989575577063,0.9610783788609178,0.16501550823834266,0.02694877505567929,0.5,0.9149887783530444,0.008172249408776948,0.08629815243235196,0.7432387133401097,0.24735690372033178,0.49005688247808443
2021-07-30 21:20:00,0.7531380753138076,-0.49800796812749004,0.8892032762472075,0.9600071415818605,0.17278925809111254,0.16024498886414254,0.5,0.9149887783530444,0.008172249408776948,0.08629815243235196,0.7432387133401097,0.24735690372033178,0.32576157641414066
2021-07-30 21:30:00,0.793584379358438,-0.7051792828685259,0.9142218912881606,0.9571505088377075,0.17281543233304106,1.0,0.5,0.9149887783530444,0.008172249408776948,0.08629815243235196,0.7432387133401097,0.24735690372033178,0.0
2021-07-30 21:40:00,0.8528591352859136,-0.5458167330677292,0.9437081161578551,0.9467952151401535,0.17281543233304106,1.0,0.5,0.9149887783530444,0.008172249408776948,0.08629815243235196,0.7432387133401097,0.24735690372033178,0.0
2021-07-30 21:50:00,0.8347280334728034,-0.6334661354581674,0.9451973194341026,0.9310837350473129,0.17281543233304106,1.0,0.5,0.9149887783530444,0.008172249408776948,0.08629815243235196,0.7432387133401097,0.24735690372033178,0.0
2021-07-30 22:00:00,0.8898186889818689,-0.6440903054448871,0.9294117647058822,0.9178718086056061,0.17281543233304106,1.0,0.5,0.8133334978752413,0.0277551888324076,0.11400513622563377,0.804730872830665,0.21868805084892068,0.0
2021-07-30 22:10:00,0.8891213389121339,-0.654714475431607,0.9255398361876397,0.9078735940010714,0.17281543233304106,1.0,0.5,0.8133334978752413,0.0277551888324076,0.11400513622563377,0.804730872830665,0.21868805084892068,0.0
2021-07-30 22:20:00,0.8291492329149234,-0.6653386454183268,0.9195830230826503,0.8993036957686127,0.17281543233304106,1.0,0.5,0.8133334978752413,0.0277551888324076,0.11400513622563377,0.804730872830665,0.21868805084892068,0.0
2021-07-30 22:30:00,0.8249651324965133,-0.6759628154050465,0.9121370067014143,0.8910908766291734,0.17281543233304106,1.0,0.5,0.8133334978752413,0.0277551888324076,0.11400513622563377,0.804730872830665,0.21868805084892068,0.0
2021-07-30 22:40:00,0.8605299860529986,-0.6865869853917663,0.9046909903201785,0.8785931083735048,0.17281543233304106,1.0,0.5,0.8133334978752413,0.0277551888324076,0.11400513622563377,0.804730872830665,0.21868805084892068,0.0
2021-07-30 22:50:00,0.8695955369595537,-0.6972111553784861,0.8963514519731943,0.8685948937689698,0.17281543233304106,1.0,0.5,0.8133334978752413,0.0277551888324076,0.11400513622563377,0.804730872830665,0.21868805084892068,0.0
2021-07-30 23:00:00,0.896094839609484,-0.7078353253652059,0.8892032762472075,0.858953758257454,0.17281543233304106,1.0,0.5,0.7364162038647557,0.035168832810834175,0.13996500183817073,0.9106226349307909,0.1998650664635909,0.0
2021-07-30 23:10:00,0.9107391910739191,-0.7184594953519257,0.8820551005212209,0.8496697018389574,0.17281543233304106,1.0,0.5,0.7364162038647557,0.035168832810834175,0.13996500183817073,0.9106226349307909,0.1998650664635909,0.0
2021-07-30 23:20:00,0.9518828451882846,-0.7290836653386454,0.8716306775874905,0.8396714872344224,0.17281543233304106,1.0,0.5,0.7364162038647557,0.035168832810834175,0.13996500183817073,0.9106226349307909,0.1998650664635909,0.0
2021-07-30 23:30:00,0.9288702928870293,-0.7397078353253652,0.8475055845122859,0.8307445099089448,0.17281543233304106,1.0,0.5,0.7364162038647557,0.035168832810834175,0.13996500183817073,0.9106226349307909,0.1998650664635909,0.0
2021-07-30 23:40:00,0.8793584379358438,-0.750332005312085,0.845718540580789,0.8221746116764865,0.17281543233304106,1.0,0.5,0.7364162038647557,0.035168832810834175,0.13996500183817073,0.9106226349307909,0.1998650664635909,0.0
2021-07-30 23:50:00,0.9253835425383542,-0.750332005312085,0.8492926284437823,0.8136047134440278,0.17281543233304106,1.0,0.5,0.7364162038647557,0.035168832810834175,0.13996500183817073,0.9106226349307909,0.1998650664635909,0.0
2021-07-31 00:00:00,0.9853556485355649,-0.750332005312085,0.8475055845122859,0.803963577932512,0.17281543233304106,1.0,0.5,0.7293400791068576,0.039924484277615864,0.1363628466575031,0.9854059615891458,0.19742548321264716,0.0
2021-07-31 00:10:00,0.9776847977684797,-0.750332005312085,0.838272524199553,0.7957507587930728,0.17281543233304106,1.0,0.5,0.7293400791068576,0.039924484277615864,0.1363628466575031,0.9854059615891458,0.19742548321264716,0.0
2021-07-31 00:20:00,0.9741980474198048,-0.750332005312085,0.8358897989575576,0.7878950187466525,0.17281543233304106,1.0,0.5,0.7293400791068576,0.039924484277615864,0.1363628466575031,0.9854059615891458,0.19742548321264716,0.0
2021-07-31 00:30:00,0.9764295676429569,-0.750332005312085,0.8278481012658225,0.779325120514194,0.17281543233304106,1.0,0.5,0.7293400791068576,0.039924484277615864,0.1363628466575031,0.9854059615891458,0.19742548321264716,0.0
2021-07-31 00:40:00,0.9786610878661088,-0.750332005312085,0.8195085629188381,0.7682556686306017,0.17281543233304106,1.0,0.5,0.7293400791068576,0.039924484277615864,0.1363628466575031,0.9854059615891458,0.19742548321264716,0.0
2021-07-31 00:50:00,0.9808926080892608,-0.750332005312085,0.8049143708116158,0.7568291376539902,0.17281543233304106,1.0,0.5,0.7293400791068576,0.039924484277615864,0.1363628466575031,0.9854059615891458,0.19742548321264716,0.0
2021-07-31 01:00:00,0.9831241980474198,-0.750332005312085,0.7947877885331345,0.7479021603285128,0.17281543233304106,1.0,0.5,0.6687084316276672,0.053705816262315006,0.14832217939709272,0.9854505327863442,0.20197242579872923,0.0
2021-07-31 01:10:00,0.9853556485355649,-0.750332005312085,0.7867460908413997,0.738261024816997,0.17281543233304106,1.0,0.5,0.6687084316276672,0.053705816262315006,0.14832217939709272,0.9854951943916505,0.20197242579872923,0.0
2021-07-31 01:20:00,0.987587168758717,-0.750332005312085,0.7784065524944153,0.731476522049634,0.17281543233304106,1.0,0.5,0.6687084316276672,0.053705816262315006,0.14832217939709272,0.9855397655888489,0.20197242579872923,0.0
2021-07-31 01:30:00,0.989818688981869,-0.750332005312085,0.7712583767684287,0.7207641492590608,0.17281543233304106,1.0,0.5,0.6687084316276672,0.053705816262315006,0.14832217939709272,0.9855844271941552,0.20197242579872923,0.0
2021-07-31 01:40:00,0.992050209205021,-0.750332005312085,0.7507073715562174,0.7125513301196216,0.17281543233304106,1.0,0.5,0.6687084316276672,0.053705816262315006,0.14832217939709272,0.9856289983913537,0.20197242579872923,0.0
2021-07-31 01:50:00,0.994281729428173,-0.750332005312085,0.7355174981384955,0.7043385109801821,0.17281543233304106,1.0,0.5,0.6687084316276672,0.053705816262315006,0.14832217939709272,0.985673569588552,0.20197242579872923,0.0
2021-07-31 02:00:00,0.9944198570432358,-0.750332005312085,0.7265822784810125,0.6961256918407428,0.17281543233304106,1.0,0.5,0.6740501623795159,0.055723017065748295,0.14362257479084864,0.9857182311938583,0.1966093701219024,0.0
2021-07-31 02:10:00,0.9945579846582985,-0.750332005312085,0.7250930752047653,0.6886270308873417,0.17281543233304106,1.0,0.5,0.6740501623795159,0.055723017065748295,0.14362257479084864,0.9857628023910565,0.1966093701219024,0.0
2021-07-31 02:20:00,0.9946961122733612,-0.750332005312085,0.7155621742367833,0.680414211747902,0.17281543233304106,1.0,0.5,0.6740501623795159,0.055723017065748295,0.14362257479084864,0.985807463996363,0.1966093701219024,0.0
2021-07-31 02:30:00,0.994834239888424,-0.750332005312085,0.7102010424422933,0.6714872344224245,0.17281543233304106,1.0,0.5,0.6740501623795159,0.055723017065748295,0.14362257479084864,0.9858520351935612,0.1966093701219024,0.0
2021-07-31 02:40:00,0.9949723675034868,-0.750332005312085,0.7027550260610573,0.6597036243527941,0.17281543233304106,1.0,0.5,0.6740501623795159,0.055723017065748295,0.14362257479084864,0.9858966063907597,0.1966093701219024,0.0
2021-07-31 02:50:00,0.9951104951185495,-0.750332005312085,0.6857781087118391,0.6493483306552401,0.17281543233304106,1.0,0.5,0.6740501623795159,0.055723017065748295,0.14362257479084864,0.985941267996066,0.1966093701219024,0.0
2021-07-31 03:00:00,0.9952486227336123,-0.750332005312085,0.6732688011913626,0.6357793251205142,0.17281543233304106,1.0,0.5,0.6736267449085676,0.0625073633576334,0.13873845563477635,0.9859858391932643,0.19236978413997813,0.0
2021-07-31 03:10:00,0.9953867503486751,-0.750332005312085,0.6619508562918837,0.6218532404927692,0.17281543233304106,1.0,0.5,0.6736267449085676,0.0625073633576334,0.13873845563477635,0.9860305007985707,0.19236978413997813,0.0
2021-07-31 03:20:00,0.9952258716875872,-0.750332005312085,0.6559940431868949,0.6097125513301196,0.17281543233304106,1.0,0.5,0.6736267449085676,0.0625073633576334,0.13873845563477635,0.986075071995769,0.19236978413997813,0.0
2021-07-31 03:30:00,0.9950649232914923,-0.750332005312085,0.6485480268056589,0.6011426530976611,0.17281543233304106,1.0,0.5,0.6736267449085676,0.0625073633576334,0.13873845563477635,0.9861196431929673,0.19236978413997813,0.0
2021-07-31 03:40:00,0.9949039748953975,-0.750332005312085,0.6434847356664184,0.590073201214069,0.17281543233304106,1.0,0.5,0.6736267449085676,0.0625073633576334,0.13873845563477635,0.9861643047982735,0.19236978413997813,0.0
2021-07-31 03:50:00,0.9947430264993026,-0.750332005312085,0.63723008190618,0.580432065702553,0.17281543233304106,1.0,0.5,0.6736267449085676,0.0625073633576334,0.13873845563477635,0.986208875995472,0.19236978413997813,0.0
2021-07-31 04:00:00,0.9945821478382149,-0.750332005312085,0.6309754281459417,0.5718621674700946,0.17281543233304106,1.0,0.5,0.5822803040334223,0.07111063857910953,0.19005239579144503,0.9862535376007783,0.19045536571103452,0.0
2021-07-31 04:10:00,0.9944211994421199,-0.750332005312085,0.627103499627699,0.5629351901446169,0.17281543233304106,1.0,0.5,0.5822803040334223,0.07111063857910953,0.19005239579144503,0.9862981087979767,0.19045536571103452,0.0
2021-07-31 04:20:00,0.9942602510460251,-0.750332005312085,0.621742367833209,0.5543652919121587,0.17281543233304106,1.0,0.5,0.5822803040334223,0.07111063857910953,0.19005239579144503,0.9863426799951751,0.19045536571103452,0.0
2021-07-31 04:30:00,0.9940993026499302,-0.750332005312085,0.6181682799702157,0.5475807891447955,0.17281543233304106,1.0,0.5,0.5822803040334223,0.07111063857910953,0.19005239579144503,0.9863873416004814,0.19045536571103452,0.0
2021-07-31 04:40:00,0.9939384239888424,-0.750332005312085,0.6148920327624718,0.5432958400285663,0.17281543233304106,1.0,0.5,0.5822803040334223,0.07111063857910953,0.19005239579144503,0.9864319127976798,0.19045536571103452,0.0
2021-07-31 04:50:00,0.9937775453277545,-0.750332005312085,0.6107222635889797,0.5397250490983752,0.17281543233304106,1.0,0.5,0.5822803040334223,0.07111063857910953,0.19005239579144503,0.9864765291989321,0.19045536571103452,0.0
2021-07-31 05:00:00,0.9936165969316597,-0.750332005312085,0.6074460163812359,0.5379396536332799,0.17281543233304106,1.0,0.5,0.5890632884878808,0.07862485524716341,0.19425133823774277,0.9865211908042384,0.1909033204924831,0.0
2021-07-31 05:10:00,0.9934556485355649,-0.750332005312085,0.6044676098287414,0.5336547045170503,0.17281543233304106,1.0,0.5,0.5890632884878808,0.07862485524716341,0.19425133823774277,0.9865658072054906,0.1909033204924831,0.0
2021-07-31 05:20:00,0.99329470013947,-0.750332005312085,0.5982129560685032,0.5272272808427065,0.17281543233304106,1.0,0.5,0.5890632884878808,0.07862485524716341,0.19425133823774277,0.9866104688107971,0.1909033204924831,0.0
2021-07-31 05:30:00,0.9931337517433751,-0.750332005312085,0.6032762472077438,0.525441885377611,0.17281543233304106,1.0,0.5,0.5890632884878808,0.07862485524716341,0.19425133823774277,0.9866550400079953,0.1909033204924831,0.0
2021-07-31 05:40:00,0.9929728730822873,-0.750332005312085,0.6038719285182426,0.5186573826102483,0.17281543233304106,1.0,0.5,0.5890632884878808,0.07862485524716341,0.19425133823774277,0.9866996112051938,0.1909033204924831,0.0
2021-07-31 05:50:00,0.9928119246861925,-0.750332005312085,0.5952345495160087,0.5147295125870381,0.17281543233304106,1.0,0.5,0.5890632884878808,0.07862485524716341,0.19425133823774277,0.9867442728105,0.1909033204924831,0.0
2021-07-31 06:00:00,0.9926509762900976,-0.750332005312085,0.5883842144452716,0.5093733261917515,0.17281543233304106,1.0,0.5,0.5510688497820209,0.10944894786599127,0.2657218760830719,0.9867888440076984,0.1767460303042515,0.0
2021-07-31 06:10:00,0.9924900278940029,-0.750332005312085,0.5857036485480267,0.5050883770755221,0.17281543233304106,1.0,0.5,0.5510688497820209,0.10944894786599127,0.2657218760830719,0.9868335056130048,0.1767460303042515,0.0
2021-07-31 06:20:00,0.9923291492329149,-0.750332005312085,0.583320923306031,0.5015175861453312,0.17281543233304106,1.0,0.5,0.5510688497820209,0.10944894786599127,0.2657218760830719,0.9868780768102031,0.1767460303042515,0.0
2021-07-31 06:30:00,0.9921682705718271,-0.750332005312085,0.583320923306031,0.49687555793608285,0.17281543233304106,1.0,0.5,0.5510688497820209,0.10944894786599127,0.2657218760830719,0.9869226480074014,0.1767460303042515,0.0
2021-07-31 06:40:00,0.9920073221757322,-0.750332005312085,0.5800446760982871,0.49151937154079617,0.17281543233304106,1.0,0.5,0.5510688497820209,0.10944894786599127,0.2657218760830719,0.9869673096127078,0.1767460303042515,0.0
2021-07-31 06:50:00,0.9918463737796374,-0.750332005312085,0.5749813849590466,0.487591501517586,0.17281543233304106,1.0,0.5,0.5510688497820209,0.10944894786599127,0.2657218760830719,0.9870118808099061,0.1767460303042515,0.0
2021-07-31 07:00:00,0.9916854253835425,-0.750332005312085,0.573790022338049,0.4800928405641849,0.1639816256821662,0.9988864142538976,0.5,0.5468915087370083,0.1373621794963894,0.3173276155381288,0.9870565424152123,0.19557792909785207,0.0
2021-07-31 07:10:00,0.9915245467224547,-0.750332005312085,0.5779597915115411,0.4790216032851278,0.16114172043292196,0.9985523385300669,0.5,0.5468915087370083,0.1373621794963894,0.3173276155381288,0.9871011136124108,0.19557792909785207,0.0
2021-07-31 07:20:00,0.9913635983263598,-0.750332005312085,0.5791511541325389,0.4754508123549366,0.16114172043292196,0.9985523385300669,0.5,0.5468915087370083,0.1373621794963894,0.3173276155381288,0.9871456848096092,0.19557792909785207,0.0
2021-07-31 07:30:00,0.991202649930265,-0.3984063745019921,0.5779597915115411,0.4731299053740403,0.1572090405831621,0.7610244988864143,0.5,0.5468915087370083,0.1373621794963894,0.3173276155381288,0.9871903464149154,0.19557792909785207,0.11343301597839373
2021-07-31 07:40:00,0.9910417015341701,0.19521912350597592,0.5767684288905432,0.4708087841456883,0.15327636073340226,0.5234966592427617,0.5,0.5468915087370083,0.1373621794963894,0.3173276155381288,0.9872349176121139,0.19557792909785207,0.22686603195678745
2021-07-31 07:50:00,0.9908807531380753,-0.24302788844621515,0.5743857036485478,0.4643813604713445,0.16114172043292196,0.2319599109131403,0.5,0.5468915087370083,0.1373621794963894,0.3173276155381288,0.9872795792174202,0.19557792909785207,0.4691295622915944
2021-07-31 08:00:00,0.990719909344491,-0.38645418326693237,0.5714072970960533,0.44259953579717903,0.16114172043292196,0.2158129175946548,0.5,0.5350111049111421,0.1492326303781239,0.3628431067076175,0.9873241504146184,0.19753199151008774,0.5172080812348175
2021-07-31 08:10:00,0.9905589958158996,-0.3545816733067729,0.5755770662695456,0.4318871630066061,0.16114172043292196,0.20979955456570157,0.5,0.5350111049111421,0.1492326303781239,0.3628431067076175,0.9873241504146184,0.19753199151008774,0.6546162318753113
2021-07-31 08:20:00,0.9903980474198048,-0.06772908366533881,0.5776619508562917,0.4322442420996251,0.16114172043292196,0.206347438752784,0.5,0.5350111049111421,0.1492326303781239,0.3628431067076175,0.9873241504146184,0.19753199151008774,0.6946980098676766
2021-07-31 08:30:00,0.9902370990237098,-0.13147410358565736,0.5806403574087862,0.4383145866809499,0.16114172043292196,0.21091314031180403,0.5,0.5350111049111421,0.1492326303781239,0.3628431067076175,0.9873241504146184,0.19753199151008774,0.7412299892873848
2021-07-31 08:40:00,0.9900761506276151,-0.2749003984063746,0.5854058078927771,0.4433136939832174,0.16114172043292196,0.2153674832962138,0.5,0.5350111049111421,0.1492326303781239,0.3628431067076175,0.9873241504146184,0.19753199151008774,0.670979374443623
2021-07-31 08:50:00,0.9899152719665272,-0.3545816733067729,0.5895755770662694,0.4465274058203892,0.16114172043292196,0.22438752783964364,0.5,0.5350111049111421,0.1492326303781239,0.3628431067076175,0.9873241504146184,0.19753199151008774,0.5236356503764504
2021-07-31 09:00:00,0.9897543235704324,-0.33864541832669326,0.5949367088607593,0.452954829494733,0.16114172043292196,0.2301781737193764,0.5,0.5305732762372912,0.16353406684348357,0.37643238137775176,0.9874382454467977,0.20146718855969528,0.5016370686663549
2021-07-31 09:10:00,0.9895933751743375,-0.05179282868525903,0.6014892032762469,0.45474022495982847,0.16114172043292196,0.2293986636971047,0.5,0.5305732762372912,0.16353406684348357,0.37643238137775176,0.9875522048668152,0.20146718855969528,0.48740136095478076
2021-07-31 09:20:00,0.9894324267782427,0.20318725099601576,0.6128071481757258,0.4636672022853061,0.16114172043292196,0.23006681514476615,0.5,0.5305732762372912,0.16353406684348357,0.37643238137775176,0.9876662546949404,0.20146718855969528,0.5013051284759419
2021-07-31 09:30:00,0.9892714783821478,0.5298804780876492,0.6262099776619507,0.4754508123549366,0.16114172043292196,0.22394209354120267,0.5,0.5305732762372912,0.16353406684348357,0.37643238137775176,0.9877802593190117,0.20146718855969528,0.43916441601158773
2021-07-31 09:40:00,0.9891105997210601,-0.01195219123505975,0.6354430379746834,0.48437778968041423,0.17357448534896808,0.25556792873051226,0.5,0.5305732762372912,0.16353406684348357,0.37643238137775176,0.9878943543511909,0.20146718855969528,0.42682982029965144
2021-07-31 09:50:00,0.9889497210599721,-0.1872509960159363,0.638719285182427,0.4861631851455097,0.17506641713889362,0.23619153674832963,0.5,0.5305732762372912,0.16353406684348357,0.37643238137775176,0.9880083589752622,0.20146718855969528,0.4757306456236704
2021-07-31 10:00:00,0.9887887726638772,-0.20318725099601598,0.6422933730454206,0.4893768969826817,0.17506641713889362,0.23964365256124723,0.5,0.6958974032285121,0.16457427580479622,0.2954145154235776,0.9881223635993335,0.21672468167329823,0.49205606771579885
2021-07-31 10:10:00,0.9886278242677825,-0.26693227091633476,0.6491437081161577,0.4925906088198535,0.17506641713889362,0.2378619153674833,0.5,0.6958974032285121,0.16457427580479622,0.2954145154235776,0.9882364586315128,0.21672468167329823,0.5038324003802225
2021-07-31 10:20:00,0.9884668758716876,-0.06772908366533881,0.6562918838421443,0.5004463488662738,0.17507950425985788,0.22628062360801782,0.5,0.6958974032285121,0.16457427580479622,0.2954145154235776,0.988350553663692,0.21672468167329823,0.5108106884741314
2021-07-31 10:30:00,0.9883059972105996,0.2828685258964143,0.6670141474311242,0.5125870380289235,0.17511876562275064,0.20991091314031182,0.5,0.6958974032285121,0.16457427580479622,0.2954145154235776,0.9884644678796553,0.21672468167329823,0.5710729212245576
2021-07-31 10:40:00,0.9881450488145049,-0.043824701195219196,0.6783320923306031,0.5257989644706302,0.1857193336038005,0.19287305122494433,0.5,0.6958974032285121,0.16457427580479622,0.2954145154235776,0.9885785629118345,0.21672468167329823,0.7264737390044812
2021-07-31 10:50:00,0.9879841004184101,-0.2589641434262948,0.6842889054355916,0.5372254954472415,0.18913507217547212,0.19409799554565701,0.5,0.6958974032285121,0.16457427580479622,0.2954145154235776,0.9886925675359057,0.21672468167329823,0.8494047708858278
2021-07-31 11:00:00,0.9878231520223152,-0.11553784860557781,0.692628443782576,0.549009105516872,0.18552302678933663,0.18296213808463252,0.5,0.709618097119527,0.1563503032984974,0.2719398261910985,0.988806662568085,0.23094373806001658,0.8565339408844697
2021-07-31 11:10:00,0.9876622733612274,-0.2270916334661356,0.7048399106478034,0.5690055347259417,0.18909581081257934,0.18853006681514478,0.5,0.709618097119527,0.1563503032984974,0.2719398261910985,0.9889206671921563,0.23094373806001658,0.908935226398298
2021-07-31 11:20:00,0.9875013249651325,-0.05179282868525903,0.7143708116157852,0.5836457775397252,0.18909581081257934,0.20256124721603566,0.5,0.709618097119527,0.1563503032984974,0.2719398261910985,0.9890346718162277,0.23094373806001658,0.7814551050892466
2021-07-31 11:30:00,0.9873404463040446,-0.2509960159362551,0.7244973938942665,0.5979289412604893,0.18909581081257934,0.21792873051224945,0.5,0.709618097119527,0.1563503032984974,0.2719398261910985,0.9891487668484068,0.23094373806001658,0.7126680447213966
2021-07-31 11:40:00,0.9871794979079499,-0.14741035856573714,0.7328369322412507,0.6050705231208713,0.18501262907173052,0.21035634743875278,0.5,0.709618097119527,0.1563503032984974,0.2719398261910985,0.9892626810643703,0.23094373806001658,0.7607163872836731
2021-07-31 11:50:00,0.987018549511855,0.15537848605577675,0.7459419210722262,0.6243527941439027,0.1767677428642473,0.22060133630289533,0.5,0.709618097119527,0.1563503032984974,0.2719398261910985,0.9893767760965495,0.23094373806001658,0.7460054015721895
2021-07-31 12:00:00,0.986857670850767,0.2828685258964143,0.7584512285927028,0.6372076414925907,0.1775006216382458,0.2101336302895323,0.5,0.727336925905778,0.1520860212581946,0.25234831223716986,0.9894908711287288,0.23921175822727295,0.7701465063294959
2021-07-31 12:10:00,0.9866967224546723,0.027888446215139417,0.7664929262844375,0.6497054097482591,0.17908416327492116,0.23674832962138087,0.5,0.727336925905778,0.1520860212581946,0.25234831223716986,0.9896048757528001,0.23921175822727295,0.5753805996046895
2021-07-31 12:20:00,0.9865357740585774,0.21912350597609564,0.7757259865971702,0.6564899125156223,0.175236549711429,0.26859688195991094,0.5,0.727336925905778,0.1520860212581946,0.25234831223716986,0.9897188803768713,0.23921175822727295,0.4032922431612777
2021-07-31 12:30:00,0.9863748256624826,0.24302788844621515,0.782278481012658,0.6586323870737367,0.1755768148564997,0.28129175946547885,0.5,0.727336925905778,0.1520860212581946,0.25234831223716986,0.9898328850009426,0.23921175822727295,0.34613817764835464
2021-07-31 12:40:00,0.9862138772663878,-0.3784860557768924,0.7870439314966491,0.6597036243527941,0.1862689926842994,0.2653674832962138,0.5,0.727336925905778,0.1520860212581946,0.25234831223716986,0.9899469800331219,0.23921175822727295,0.4435550794393229
2021-07-31 12:50:00,0.9860529986052999,-0.02788844621513953,0.7879374534623975,0.6547045170505266,0.18586329193440737,0.25979955456570153,0.5,0.727336925905778,0.1520860212581946,0.25234831223716986,0.9900610750653012,0.23921175822727295,0.4519893779139068
2021-07-31 13:00:00,0.985892050209205,-0.10756972111553798,0.7935964259121369,0.6597036243527941,0.1893575532318645,0.2417594654788419,0.5,0.8677522652584546,0.13545417189884124,0.1854723769037495,0.9901749892812646,0.2430520431293716,0.5501154246571209
2021-07-31 13:10:00,0.9857311715481171,-0.003984063745020028,0.7980640357408784,0.6639885734690234,0.18106031854052426,0.24910913140311805,0.5,0.8677522652584546,0.13545417189884124,0.1854723769037495,0.9902890843134436,0.2430520431293716,0.5178644175204068
2021-07-31 13:20:00,0.9855702231520224,-0.42629482071713154,0.8022338049143707,0.669701838957329,0.18488175786208794,0.250890868596882,0.5,0.8677522652584546,0.13545417189884124,0.1854723769037495,0.9904031793456229,0.2430520431293716,0.5209499524722
2021-07-31 13:30:00,0.9854092747559275,0.07569721115537842,0.8108711839166043,0.676486341724692,0.1876038790226538,0.22204899777282852,0.5,0.8677522652584546,0.13545417189884124,0.1854723769037495,0.9905170935615863,0.2430520431293716,0.5532613123708073
2021-07-31 13:40:00,0.9852483960948397,0.01195219123505975,0.8132539091586,0.6857703981431889,0.18625590556333516,0.22405345211581293,0.5,0.8677522652584546,0.13545417189884124,0.1854723769037495,0.9906311885937656,0.2430520431293716,0.6348657905457399
2021-07-31 13:50:00,0.9850874476987448,-0.10756972111553798,0.8156366344005956,0.6886270308873417,0.19235450393267986,0.23919821826280624,0.5,0.8677522652584546,0.13545417189884124,0.1854723769037495,0.9907451932178369,0.2430520431293716,0.5372074777071986
2021-07-31 14:00:00,0.98492649930265,0.09163346613545809,0.820699925539836,0.6882699517943225,0.1851435002813731,0.4726057906458797,0.5,0.8778818320051576,0.11363277175459055,0.17723034656905026,0.9908592882500161,0.24601111011141755,0.26362840804502313
2021-07-31 14:10:00,0.984765550906555,0.005754758742806398,0.840357408786299,0.6961256918407428,0.1897109054978995,0.9996659242761693,0.5,0.8778818320051576,0.11363277175459055,0.17723034656905026,0.9909732928740874,0.24601111011141755,0.0
2021-07-31 14:20:00,0.9846046722454672,-0.08012394864984518,0.8492926284437823,0.7125513301196216,0.1897109054978995,0.9996659242761693,0.5,0.8778818320051576,0.11363277175459055,0.17723034656905026,0.9910872974981587,0.24601111011141755,0.0
2021-07-31 14:30:00,0.9844437238493724,-0.16600265604249675,0.8564408041697689,0.7182645956079272,0.1897109054978995,0.9996659242761693,0.5,0.8778818320051576,0.11363277175459055,0.17723034656905026,0.9912013925303379,0.24601111011141755,0.0
2021-07-31 14:40:00,0.9842827754532776,-0.25188136343514833,0.8501861504095307,0.7182645956079272,0.1897109054978995,0.9996659242761693,0.5,0.8778818320051576,0.11363277175459055,0.17723034656905026,0.9913153971544092,0.24601111011141755,0.0
2021-07-31 14:50:00,0.9841218967921898,-0.3377600708277999,0.8448250186150408,0.7182645956079272,0.1897109054978995,0.9996659242761693,0.5,0.8778818320051576,0.11363277175459055,0.17723034656905026,0.9914294017784805,0.24601111011141755,0.0
2021-07-31 15:00:00,0.9839609483960948,-0.4236387782204516,0.8489947877885329,0.7193358328869845,0.1897109054978995,0.9996659242761693,0.5,0.8817904138551402,0.0969204642435337,0.17199203556578185,0.9915434968106598,0.2507585617226327,0.0
2021-07-31 15:10:00,0.9838000697350069,-0.5095174856131033,0.8531645569620252,0.7221924656311371,0.1897109054978995,0.9996659242761693,0.5,0.8817904138551402,0.0969204642435337,0.17199203556578185,0.991657501434731,0.2507585617226327,0.0
2021-07-31 15:20:00,0.9836391213389122,-0.5953961930057547,0.8564408041697689,0.7271915729334046,0.1897109054978995,0.9996659242761693,0.5,0.8817904138551402,0.0969204642435337,0.17199203556578185,0.9917715512628563,0.2507585617226327,0.0
2021-07-31 15:30:00,0.9834781729428174,-0.6812749003984064,0.8635889798957557,0.7321906802356721,0.1897109054978995,0.9996659242761693,0.5,0.8817904138551402,0.0969204642435337,0.17199203556578185,0.9918855106828737,0.2507585617226327,0.0
2021-07-31 15:40:00,0.9833172245467224,-0.49459305634604456,0.874609084139985,0.737903945723978,0.1897109054978995,0.9996659242761693,0.5,0.8817904138551402,0.0969204642435337,0.17199203556578185,0.991999605715053,0.2507585617226327,0.0
2021-07-31 15:50:00,0.9831562761506276,-0.30791121229368246,0.874609084139985,0.7404034993751114,0.1897109054978995,0.9996659242761693,0.5,0.8817904138551402,0.0969204642435337,0.17199203556578185,0.992113700747232,0.2507585617226327,0.0
2021-07-31 16:00:00,0.9829953974895398,-0.12122936824132047,0.878778853313477,0.7464738439564362,0.1897109054978995,0.9996659242761693,0.5,0.9282697451123547,0.08017367466746225,0.143305666295989,0.9922276149631956,0.2556268531521567,0.0
2021-07-31 16:10:00,0.9828344490934449,0.0654524758110413,0.886224869694713,0.7507587930726658,0.1897109054978995,0.9996659242761693,0.5,0.9282697451123547,0.08017367466746225,0.143305666295989,0.9923417099953747,0.2556268531521567,0.0
2021-07-31 16:20:00,0.98267350069735,0.2521343198634034,0.8957557706626953,0.7571862167470096,0.1897109054978995,0.9996659242761693,0.5,0.9282697451123547,0.08017367466746225,0.143305666295989,0.992455805027554,0.2556268531521567,0.0
2021-07-31 16:30:00,0.9825126220362622,0.4388161639157655,0.8912881608339536,0.7579003749330475,0.1897109054978995,0.9996659242761693,0.5,0.9282697451123547,0.08017367466746225,0.143305666295989,0.9925698096516253,0.2556268531521567,0.0
2021-07-31 16:40:00,0.9823516736401674,0.6254980079681274,0.892181682799702,0.7579003749330475,0.1897109054978995,0.9996659242761693,0.5,0.9282697451123547,0.08017367466746225,0.143305666295989,0.9926838142756965,0.2556268531521567,0.0
2021-07-31 16:50:00,0.9821907949790796,-0.6653386454183268,0.892181682799702,0.7600428494911624,0.1897109054978995,0.9996659242761693,0.5,0.9282697451123547,0.08017367466746225,0.143305666295989,0.9927978188997678,0.2556268531521567,0.0
2021-07-31 17:00:00,0.9820298465829846,-0.6972111553784861,0.8936708860759492,0.7611140867702197,0.1897109054978995,0.9996659242761693,0.5,0.9240356037559581,0.06402170071291767,0.14203194523861792,0.9929119139319471,0.2587266664172136,0.0
2021-07-31 17:10:00,0.9818688981868898,-0.7290836653386454,0.8945644080416975,0.7600428494911624,0.1897109054978995,0.9996659242761693,0.5,0.9240356037559581,0.06402170071291767,0.14203194523861792,0.9930259637600723,0.2587266664172136,0.0
2021-07-31 17:20:00,0.981707949790795,-0.6308100929614875,0.8924795234549514,0.7611140867702197,0.1897109054978995,0.9996659242761693,0.5,0.9240356037559581,0.06402170071291767,0.14203194523861792,0.9931399231800898,0.2587266664172136,0.0
2021-07-31 17:30:00,0.9815470711297072,-0.5325365205843294,0.8948622486969469,0.7589716122121051,0.1897109054978995,0.9996659242761693,0.5,0.9240356037559581,0.06402170071291767,0.14203194523861792,0.9932540182122689,0.2587266664172136,0.0
2021-07-31 17:40:00,0.9813861227336123,-0.4342629482071714,0.8930752047654502,0.7607570076772003,0.18340291319312665,0.6876391982182628,0.5,0.9240356037559581,0.06402170071291767,0.14203194523861792,0.9933680228363403,0.2587266664172136,0.339838858125745
2021-07-31 17:50:00,0.9812251743375174,0.027888446215139417,0.8778853313477286,0.7568291376539902,0.17997408750049076,0.21703786191536747,0.5,0.9240356037559581,0.06402170071291767,0.14203194523861792,0.9934820274604116,0.2587266664172136,0.745266080238997
2021-07-31 18:00:00,0.9810642259414225,0.019920318725099362,0.8758004467609826,0.7507587930726658,0.1980343144311683,0.20100222717149221,0.5,0.8441460158233727,0.039142890803921034,0.1639696472931462,0.9935961224925909,0.2589123568120462,0.7379256755737285
2021-07-31 18:10:00,0.9809033472803347,0.03585657370517925,0.8749069247952344,0.7536154258168184,0.1842928374186963,0.23997772828507796,0.5,0.8441460158233727,0.039142890803921034,0.1639696472931462,0.9937101271166621,0.2589123568120462,0.6097590415981411
2021-07-31 18:20:00,0.980742468619247,0.3784860557768923,0.87728965003723,0.7579003749330475,0.18660925782937013,0.2115812917594655,0.5,0.8441460158233727,0.039142890803921034,0.1639696472931462,0.9938242221488414,0.2589123568120462,0.6470721366386529
2021-07-31 18:30:00,0.980581520223152,-0.36254980079681276,0.8731198808637377,0.7611140867702197,0.19770713640706183,0.2190423162583519,0.5,0.8441460158233727,0.039142890803921034,0.1639696472931462,0.9939381363648047,0.2589123568120462,0.7310379166226595
2021-07-31 18:40:00,0.9804205718270572,-0.03585657370517936,0.8725241995532387,0.7600428494911624,0.18435827302351757,0.21759465478841872,0.5,0.8441460158233727,0.039142890803921034,0.1639696472931462,0.994052231396984,0.2589123568120462,0.7543567149991701
2021-07-31 18:50:00,0.9802596234309623,0.03585657370517925,0.8731198808637377,0.7664702731655062,0.18145293216945205,0.2173719376391982,0.5,0.8441460158233727,0.039142890803921034,0.1639696472931462,0.9941663264291631,0.2589123568120462,0.6609532718741041
2021-07-31 19:00:00,0.9800986750348675,0.027888446215139417,0.8728220402084881,0.7689698268166398,0.1880488411354386,0.2095768374164811,0.5,0.8412553035581409,0.049188665745227365,0.15914119953733138,0.9942803310532344,0.2526517590749378,0.6372120041643405
2021-07-31 19:10:00,0.9799377963737796,0.08366533864541825,0.8722263588979895,0.7732547759328692,0.18706730706311916,0.20011135857461024,0.5,0.8412553035581409,0.049188665745227365,0.15914119953733138,0.9943943356773057,0.2526517590749378,0.673959292062103
2021-07-31 19:20:00,0.9797768479776848,-0.4422310756972112,0.8680565897244972,0.7746830923049455,0.18831058355472383,0.21469933184855236,0.5,0.8412553035581409,0.049188665745227365,0.15914119953733138,0.994508430709485,0.2526517590749378,0.6746458047286389
2021-07-31 19:30:00,0.9796158995815899,0.22709163346613526,0.8674609084139981,0.7714693804677737,0.1790579890329926,0.23084632516703787,0.5,0.8412553035581409,0.049188665745227365,0.15914119953733138,0.9946224353335562,0.2526517590749378,0.6609230954931575
2021-07-31 19:40:00,0.9794549511854952,0.3067729083665336,0.8665673864482502,0.7732547759328692,0.1790579890329926,0.2094654788418708,0.5,0.8412553035581409,0.049188665745227365,0.15914119953733138,0.9947364399576277,0.2526517590749378,0.7208232116722242
2021-07-31 19:50:00,0.9792940376569037,-0.3067729083665339,0.8600148920327622,0.7711123013747547,0.1790579890329926,0.22338530066815143,0.5,0.8412553035581409,0.049188665745227365,0.15914119953733138,0.9948504445816989,0.2526517590749378,0.6720883564434118
2021-07-31 20:00:00,0.9791331938633194,-0.4342629482071714,0.8525688756515262,0.7643277986073915,0.17899255342817136,0.2306236080178174,0.5,0.8464341711740586,0.05665115931575934,0.14362206753435425,0.9949645396138782,0.23631535858226996,0.6212939632149916
2021-07-31 20:10:00,0.9789722454672246,-0.5697211155378487,0.844229337304542,0.7525441885377611,0.1789794663072071,0.21959910913140313,0.5,0.8464341711740586,0.05665115931575934,0.14362206753435425,0.9950786346460573,0.23631535858226996,0.5994839838858126
2021-07-31 20:20:00,0.9788112970711297,-0.4342629482071714,0.8379746835443036,0.7429030530262453,0.1789794663072071,0.22037861915367482,0.5,0.8464341711740586,0.05665115931575934,0.14362206753435425,0.9951925488620207,0.23631535858226996,0.8559077809798271
2021-07-31 20:30:00,0.9786503486750349,-0.5139442231075697,0.8311243484735664,0.7361185502588823,0.1789794663072071,0.222271714922049,0.5,0.8464341711740586,0.05665115931575934,0.14362206753435425,0.9953066438942,0.23631535858226996,0.9239253436335381
2021-07-31 20:40:00,0.97848940027894,-0.4183266932270917,0.8281459419210719,0.7296911265845385,0.1789794663072071,0.23106904231625836,0.5,0.8464341711740586,0.05665115931575934,0.14362206753435425,0.9954206485182713,0.23631535858226996,0.8302050485085324
2021-07-31 20:50:00,0.9783285216178521,-0.3944223107569722,0.822784810126582,0.7254061774683094,0.1789794663072071,0.22694877505567929,0.5,0.8464341711740586,0.05665115931575934,0.14362206753435425,0.9955347435504506,0.23631535858226996,0.8323928361271632
2021-07-31 21:00:00,0.9781675732217573,-0.4422310756972112,0.815934475055845,0.7218353865381182,0.1789794663072071,0.22516703786191536,0.5,0.8390404582981319,0.07657317237871551,0.13940663925198943,0.9956487481745218,0.20668708102376646,0.7859740181360049
2021-07-31 21:10:00,0.9780066248256626,-0.3944223107569722,0.8087862993298582,0.717907516514908,0.1789794663072071,0.21603563474387527,0.5,0.8390404582981319,0.07657317237871551,0.13940663925198943,0.995762752798593,0.20668708102376646,0.8371380720310214
2021-07-31 21:20:00,0.9778456764295677,-0.5458167330677292,0.7995532390171258,0.7118371719335832,0.1789794663072071,0.1959910913140312,0.5,0.8390404582981319,0.07657317237871551,0.13940663925198943,0.9958768478307723,0.20668708102376646,0.954192253723011
2021-07-31 21:30:00,0.9776847977684797,-0.6573705179282869,0.7900223380491436,0.7111230137475453,0.1789794663072071,0.18140311804008907,0.5,0.8390404582981319,0.07657317237871551,0.13940663925198943,0.9959908072507898,0.20668708102376646,0.9756250282903571
2021-07-31 21:40:00,0.9775239191073919,-0.1394422310756973,0.7834698436336558,0.7111230137475453,0.16790776197144391,0.1923162583518931,0.5,0.8390404582981319,0.07657317237871551,0.13940663925198943,0.996104857078915,0.20668708102376646,0.9329430269927728
2021-07-31 21:50:00,0.9773629707112971,0.2589641434262948,0.784959046909903,0.7204070701660419,0.1650024211173784,0.19866369710467707,0.5,0.8390404582981319,0.07657317237871551,0.13940663925198943,0.9962189521110941,0.20668708102376646,0.8902611011361409
2021-07-31 22:00:00,0.9772020223152021,0.3306772908366533,0.7816827997021591,0.7221924656311371,0.16498933399641413,0.21325167037861914,0.5,0.7412530689011456,0.1071989931237011,0.17788381974792652,0.9963329567351654,0.19231714464389008,0.8475790998385564
2021-07-31 22:10:00,0.9770410739191074,0.4262948207171313,0.7790022338049141,0.7200499910730227,0.1649631597544856,0.2309576837416481,0.5,0.7412530689011456,0.1071989931237011,0.17788381974792652,0.9964469613592368,0.19231714464389008,0.7914283989921088
2021-07-31 22:20:00,0.9768801952580195,0.43426294820717115,0.7733432613551747,0.7132654883056597,0.1649631597544856,0.2190423162583519,0.5,0.7412530689011456,0.1071989931237011,0.17788381974792652,0.9965610563914159,0.19231714464389008,0.6041839552182507
2021-07-31 22:30:00,0.9767192468619247,0.4183266932270917,0.762025316455696,0.7082663810033922,0.1649631597544856,0.21570155902004456,0.5,0.7412530689011456,0.1071989931237011,0.17788381974792652,0.9966750610154873,0.19231714464389008,0.6039802646468609
2021-07-31 22:40:00,0.9765582984658299,0.2828685258964143,0.7536857781087116,0.700053561863953,0.1649631597544856,0.20089086859688196,0.5,0.7412530689011456,0.1071989931237011,0.17788381974792652,0.9967891560476665,0.19231714464389008,0.6384341475926792
2021-07-31 22:50:00,0.976397350069735,0.03585657370517925,0.7474311243484735,0.6939832172826281,0.1649631597544856,0.2071269487750557,0.5,0.7412530689011456,0.1071989931237011,0.17788381974792652,0.9969030702636299,0.19231714464389008,0.6416705644492056
2021-07-31 23:00:00,0.9762364016736402,-0.24302788844621515,0.7399851079672375,0.6875557936082841,0.1649631597544856,0.19554565701559018,0.5,0.6673486261695678,0.1338392618539297,0.20353730243786206,0.9970171652958092,0.19897956598188898,0.7098088326267031
2021-07-31 23:10:00,0.9760755230125524,-0.4661354581673308,0.7343261355174979,0.6782717371897875,0.1649631597544856,0.211358574610245,0.5,0.6673486261695678,0.1338392618539297,0.20353730243786206,0.9971312603279884,0.19897956598188898,0.5173212426633674
2021-07-31 23:20:00,0.9759146443514645,-0.5458167330677292,0.7253909158600147,0.6668452062131762,0.1649631597544856,0.1858574610244989,0.5,0.6673486261695678,0.1338392618539297,0.20353730243786206,0.9972452197480057,0.19897956598188898,0.5671198153205487
2021-07-31 23:30:00,0.9757536959553695,-0.4820717131474104,0.7194341027550257,0.6579182288876986,0.1649631597544856,0.18207126948775057,0.5,0.6673486261695678,0.1338392618539297,0.20353730243786206,0.997359269576131,0.19897956598188898,0.6228933114051631
2021-07-31 23:40:00,0.9755927475592748,-0.4661354581673308,0.7152643335815336,0.6497054097482591,0.1649631597544856,0.18953229398663698,0.5,0.6673486261695678,0.1338392618539297,0.20353730243786206,0.9974732742002023,0.19897956598188898,0.6574603557795314
2021-07-31 23:50:00,0.9754317991631799,-0.4661354581673308,0.7096053611317943,0.6429209069808963,0.1649631597544856,0.18953229398663698,0.5,0.6673486261695678,0.1338392618539297,0.20353730243786206,0.9975873692323814,0.19897956598188898,0.6563589178749792
2021-08-01 00:00:00,0.9752709205020921,-0.37848605577689254,0.7046909903201786,0.6361363327977148,0.1649631597544856,0.18079064587973273,0.5,0.6637493942245123,0.14878436353291744,0.19893673966214437,0.9977013738564527,0.2052708613387507,0.7388007906211808
2021-08-01 00:10:00,0.9751099721059973,-0.29083665338645437,0.6997766195085628,0.6293519014461701,0.1649631597544856,0.1720489977728285,0.5,0.6637493942245123,0.14878436353291744,0.19893673966214437,0.9978153784805242,0.2052708613387507,0.8212426633673823
2021-08-01 00:20:00,0.9749490237099024,-0.23505976095617542,0.6967982129560684,0.6289948223531512,0.1649631597544856,0.1548997772828508,0.5,0.6637493942245123,0.14878436353291744,0.19893673966214437,0.9979294735127033,0.2052708613387507,0.8538754017230714
2021-08-01 00:30:00,0.9747880753138075,-0.3227091633466136,0.6959046909903199,0.6300660596322085,0.1649631597544856,0.15757238307349666,0.5,0.6637493942245123,0.14878436353291744,0.19893673966214437,0.9980434781367747,0.2052708613387507,0.886508064637808
2021-08-01 00:40:00,0.9746271966527196,-0.2509960159362551,0.6923306031273266,0.6368505623995715,0.1649631597544856,0.12739420935412027,0.5,0.6637493942245123,0.14878436353291744,0.19893673966214437,0.9981574827608459,0.2052708613387507,0.9191408784344494
2021-08-01 00:50:00,0.9744662482566249,-0.15537848605577698,0.6899478778853312,0.6475629351901446,0.1649631597544856,0.13240534521158132,0.5,0.6637493942245123,0.14878436353291744,0.19893673966214437,0.9982715777930252,0.2052708613387507,0.9517736167901384
2021-08-01 01:00:00,0.9743053695955369,0.11553784860557759,0.6941176470588233,0.655061596143546,0.1649631597544856,0.17026726057906458,0.5,0.6024745324147003,0.1502326102635848,0.23065662958241254,0.9983855824170965,0.21225700565766434,0.9844063551458273
2021-08-01 01:10:00,0.9741444211994422,0.25099601593625476,0.6959046909903199,0.655061596143546,0.1649631597544856,0.1749443207126949,0.5,0.6024745324147003,0.1502326102635848,0.23065662958241254,0.9984996322452218,0.21225700565766434,0.8746774899286329
2021-08-01 01:20:00,0.9739834728033473,0.6414342629482073,0.6973938942665674,0.6543474379575076,0.1649631597544856,0.17115812917594656,0.5,0.6024745324147003,0.1502326102635848,0.23065662958241254,0.998613682073347,0.21225700565766434,0.7414563121444846
2021-08-01 01:30:00,0.9738225941422594,0.01195219123505975,0.6917349218168278,0.6561328334226031,0.17828584889610136,0.16258351893095768,0.5,0.6024745324147003,0.1502326102635848,0.23065662958241254,0.9987276866974183,0.21225700565766434,0.758445614617439
2021-08-01 01:40:00,0.9736616457461647,0.14741035856573692,0.6825018615040952,0.6639885734690234,0.1789794663072071,0.13730512249443208,0.5,0.6024745324147003,0.1502326102635848,0.23065662958241254,0.9988417817295976,0.21225700565766434,0.8389788312687659
2021-08-01 01:50:00,0.9735006973500698,0.4820717131474104,0.684586746090841,0.6672022853061954,0.18081166324220335,0.12616926503340758,0.5,0.6024745324147003,0.1502326102635848,0.23065662958241254,0.998955695945561,0.21225700565766434,0.8472999683148001
2021-08-01 02:00:00,0.9762900976290098,-0.17131474103585675,0.675651526433358,0.6679164434922336,0.19293033725510728,0.1259465478841871,0.5,0.60920868794616,0.1546089590151934,0.22612048838148024,0.9990697909777401,0.2133928776088665,0.8365194562216153
2021-08-01 02:10:00,0.9553695955369595,-0.26693227091633476,0.6625465376023827,0.672915550794501,0.1929434243760715,0.1255011135857461,0.5,0.60920868794616,0.1546089590151934,0.22612048838148024,0.9990697909777401,0.2133928776088665,0.7580759539508427
2021-08-01 02:20:00,0.995118549511855,-0.4900398406374503,0.6553983618763959,0.6686306016782717,0.1929434243760715,0.1374164810690423,0.5,0.60920868794616,0.1546089590151934,0.22612048838148024,0.9990697909777401,0.2133928776088665,0.7108121972931787
2021-08-01 02:30:00,0.9647838214783823,-0.3067729083665339,0.6515264333581532,0.6582753079807178,0.1929434243760715,0.13418708240534521,0.5,0.60920868794616,0.1546089590151934,0.22612048838148024,0.9990697909777401,0.2133928776088665,0.8178855409870696
2021-08-01 02:40:00,0.9344490934449093,-0.4900398406374503,0.6461653015636633,0.6511337261203356,0.1929434243760715,0.11447661469933185,0.5,0.60920868794616,0.1546089590151934,0.22612048838148024,0.9990697909777401,0.2133928776088665,0.7888105979449884
2021-08-01 02:50:00,0.8591352859135286,-0.5458167330677292,0.6393149664929261,0.6507766470273164,0.18927903050607897,0.0989977728285078,0.5,0.60920868794616,0.1546089590151934,0.22612048838148024,0.9990697909777401,0.2133928776088665,0.7387630701449975
2021-08-01 03:00:00,0.8570432357043235,-0.14741035856573714,0.6369322412509306,0.6529191215854313,0.17911033751684968,0.10111358574610245,0.5,0.6139803810457061,0.15271819245015253,0.2202377080021107,0.9540793713829944,0.21729038105801463,0.7896706248019675
2021-08-01 03:10:00,0.9295676429567643,-0.42629482071713154,0.6342516753536855,0.6525620424924121,0.17911033751684968,0.11102449888641426,0.5,0.6139803810457061,0.15271819245015253,0.2202377080021107,0.9540793713829944,0.21729038105801463,0.8070371320367549
2021-08-01 03:20:00,0.9497907949790795,-0.298804780876494,0.6303797468354431,0.6482770933761828,0.17911033751684968,0.11503340757238308,0.5,0.6139803810457061,0.15271819245015253,0.2202377080021107,0.9540793713829944,0.21729038105801463,0.8327323204128129
2021-08-01 03:30:00,0.9358437935843794,-0.3466135458167332,0.629784065524944,0.6468487770041065,0.17911033751684968,0.10935412026726059,0.5,0.6139803810457061,0.15271819245015253,0.2202377080021107,0.9540793713829944,0.21729038105801463,0.8736741252621573
2021-08-01 03:40:00,0.9246861924686193,-0.4900398406374503,0.6253164556962023,0.6468487770041065,0.17911033751684968,0.10055679287305122,0.5,0.6139803810457061,0.15271819245015253,0.2202377080021107,0.9540793713829944,0.21729038105801463,0.8878721124975483
2021-08-01 03:50:00,0.9574616457461647,-0.5617529880478087,0.6211466865227102,0.642206748794858,0.17911033751684968,0.10902004454342984,0.5,0.6139803810457061,0.15271819245015253,0.2202377080021107,0.9540793713829944,0.21729038105801463,0.8807957511655627
2021-08-01 04:00:00,0.9044630404463041,-0.42629482071713154,0.6175725986597167,0.6386359578646672,0.17901872767009988,0.0987750556792873,0.5,0.5606936175194439,0.16250822540925752,0.2483139745232962,0.9211608752128083,0.22460022751745085,0.867850083739457
2021-08-01 04:10:00,0.9295676429567643,-0.5139442231075697,0.6139985107967236,0.6397071951437245,0.17901872767009988,0.09966592427616926,0.5,0.5606936175194439,0.16250822540925752,0.2483139745232962,0.9211608752128083,0.22460022751745085,0.8952426935437634
2021-08-01 04:20:00,0.9414225941422594,-0.09960159362549814,0.6154877140729709,0.631851455097304,0.16882386043894204,0.11069042316258351,0.5,0.5606936175194439,0.16250822540925752,0.2483139745232962,0.9211608752128083,0.22460022751745085,0.8885284487831374
2021-08-01 04:30:00,0.799163179916318,-0.1872509960159363,0.6131049888309752,0.6293519014461701,0.1650678567221997,0.07227171492204901,0.5,0.5606936175194439,0.16250822540925752,0.2483139745232962,0.9211608752128083,0.22460022751745085,0.8372210570786246
2021-08-01 04:40:00,0.7677824267782427,0.17131474103585642,0.604169769173492,0.6400642742367435,0.1578699401918572,0.0643652561247216,0.5,0.5606936175194439,0.16250822540925752,0.2483139745232962,0.9211608752128083,0.22460022751745085,0.8395370943162787
2021-08-01 04:50:00,0.8633193863319387,-0.043824701195219196,0.6002978406552493,0.6336368505623997,0.1623719098035623,0.09710467706013363,0.5,0.5606936175194439,0.16250822540925752,0.2483139745232962,0.9211608752128083,0.22460022751745085,0.8419512047920092
2021-08-01 05:00:00,0.8856345885634588,-0.10756972111553798,0.5904690990320176,0.6300660596322085,0.16532959914148487,0.1056792873051225,0.5,0.564846410690599,0.15603421770251633,0.24538786543550445,0.8482679820907983,0.2378682117683754,0.8606982814551052
2021-08-01 05:10:00,0.9302649930264993,0.1872509960159361,0.5904690990320176,0.6222103195857882,0.16540812186727044,0.11325167037861916,0.5,0.564846410690599,0.15603421770251633,0.24538786543550445,0.8482679820907983,0.2378682117683754,0.8659640599302925
2021-08-01 05:20:00,0.9135285913528591,0.40239043824701204,0.5940431868950109,0.6086413140510623,0.16540812186727044,0.1079064587973274,0.5,0.564846410690599,0.15603421770251633,0.24538786543550445,0.8482679820907983,0.2378682117683754,0.8703170028818444
2021-08-01 05:30:00,0.9198047419804741,0.41035856573705165,0.5949367088607593,0.600428494911623,0.16540812186727044,0.10857461024498886,0.5,0.564846410690599,0.15603421770251633,0.24538786543550445,0.8482679820907983,0.2378682117683754,0.8856013398313142
2021-08-01 05:40:00,0.9218967921896792,0.07569721115537842,0.5928518242740133,0.5982860203535083,0.17371844367957495,0.1086859688195991,0.5,0.564846410690599,0.15603421770251633,0.24538786543550445,0.8482679820907983,0.2378682117683754,0.8708677218341204
2021-08-01 05:50:00,0.9274755927475593,-0.42629482071713154,0.5857036485480267,0.6036422067487948,0.17931973145227784,0.11080178173719377,0.5,0.564846410690599,0.15603421770251633,0.24538786543550445,0.8482679820907983,0.2378682117683754,0.8627200989785295
2021-08-01 06:00:00,0.9051603905160391,-0.47410358565737054,0.5842144452717795,0.6014997321906803,0.17937207993613485,0.09265033407572383,0.5,0.5268031097086505,0.1909070794552974,0.31398834603567005,0.6594925076800245,0.23842362905935272,0.8926324365918796
2021-08-01 06:10:00,0.8403068340306835,-0.4422310756972112,0.5806403574087862,0.6057846813069094,0.17937207993613485,0.07706013363028953,0.5,0.5268031097086505,0.1909070794552974,0.31398834603567005,0.6594925076800245,0.23842362905935272,0.931476982965433
2021-08-01 06:20:00,0.798465829846583,0.019920318725099362,0.5806403574087862,0.6111408677021961,0.17153289447854364,0.0601336302895323,0.5,0.5268031097086505,0.1909070794552974,0.31398834603567005,0.6594925076800245,0.23842362905935272,0.9562065271511988
2021-08-01 06:30:00,0.8068340306834031,0.3067729083665336,0.5827252419955322,0.6107837886091769,0.1694389551242622,0.06592427616926504,0.5,0.5268031097086505,0.1909070794552974,0.31398834603567005,0.6594925076800245,0.23842362905935272,0.9652217209590055
2021-08-01 06:40:00,0.887029288702929,0.13147410358565725,0.5836187639612807,0.6093554722371006,0.17870463676695764,0.09888641425389756,0.5,0.5268031097086505,0.1909070794552974,0.31398834603567005,0.6594925076800245,0.23842362905935272,0.8924061137347798
2021-08-01 06:50:00,0.8905160390516039,0.4661354581673305,0.5845122859270289,0.6075700767720049,0.18096870869377446,0.07216035634743875,0.5,0.5268031097086505,0.1909070794552974,0.31398834603567005,0.6594925076800245,0.23842362905935272,0.8974894005461926
2021-08-01 07:00:00,0.8521617852161786,0.027888446215139417,0.581236038719285,0.6054276022138905,0.19334912512596356,0.048886414253897545,0.5,0.5146214274255114,0.213541681632841,0.31138015995572665,0.5300956772171994,0.2561179286500504,0.9025725364757005
2021-08-01 07:10:00,0.8340306834030684,0.17131474103585642,0.5794489947877883,0.6082842349580433,0.19334912512596356,0.046325167037861915,0.5,0.5146214274255114,0.213541681632841,0.31138015995572665,0.5300956772171994,0.2561179286500504,0.9076557478461609
2021-08-01 07:20:00,0.7419804741980475,0.043824701195219085,0.5743857036485478,0.6147116586323871,0.20037690908377068,0.009910913140311804,0.5,0.5146214274255114,0.213541681632841,0.31138015995572665,0.5300956772171994,0.2561179286500504,0.9127389592166212
2021-08-01 07:30:00,0.689679218967922,-0.298804780876494,0.5651526433358152,0.6307802178182469,0.2032691628168719,0.004788418708240535,0.5,0.5146214274255114,0.213541681632841,0.31138015995572665,0.5300956772171994,0.2561179286500504,0.9178221705870815
2021-08-01 07:40:00,0.6171548117154811,0.05179282868525892,0.5612807148175725,0.642206748794858,0.194330659198283,0.0006681514476614699,0.5,0.5146214274255114,0.213541681632841,0.31138015995572665,0.5300956772171994,0.2561179286500504,0.7392685245258536
2021-08-01 07:50:00,0.5313807531380753,0.05179282868525892,0.5553239017125835,0.6472058560971254,0.19338838648885634,0.00044543429844097997,0.5,0.5146214274255114,0.213541681632841,0.31138015995572665,0.5300956772171994,0.2561179286500504,0.5663503176064095
2021-08-01 08:00:00,0.5474198047419805,0.17928286852589648,0.552941176470588,0.6536332797714692,0.19349308345657038,0.0012249443207126948,0.5,0.5178704185779377,0.22426847735821487,0.3159666463637255,0.45263870254288624,0.29834336046617804,0.6034823543612415
2021-08-01 08:10:00,0.44490934449093444,-0.019920318725099695,0.5493670886075948,0.6514908052133548,0.2055070605017602,0.000779510022271715,0.5,0.5178704185779377,0.22426847735821487,0.3159666463637255,0.45263870254288624,0.29834336046617804,0.36950224059628534
2021-08-01 08:20:00,0.4804741980474198,-0.2270916334661356,0.5463886820551005,0.6568469916086412,0.20355707947808563,0.0013363028953229399,0.5,0.5178704185779377,0.22426847735821487,0.3159666463637255,0.45263870254288624,0.29834336046617804,0.4653499705780286
2021-08-01 08:30:00,0.4714086471408647,-0.12350597609561753,0.5443037974683544,0.64542046063203,0.1985054507858816,0.0033407572383073497,0.5,0.5178704185779377,0.22426847735821487,0.3159666463637255,0.45263870254288624,0.29834336046617804,0.39823769935271663
2021-08-01 08:40:00,0.4456066945606694,0.12350597609561742,0.5443037974683544,0.6364934833065523,0.20285037494601563,0.009242761692650333,0.5,0.5178704185779377,0.22426847735821487,0.3159666463637255,0.45263870254288624,0.29834336046617804,0.36354240535932525
2021-08-01 08:50:00,0.46164574616457466,-0.1394422310756973,0.5443037974683544,0.6289948223531512,0.21122613236314144,0.00512249443207127,0.5,0.5178704185779377,0.22426847735821487,0.3159666463637255,0.45263870254288624,0.29834336046617804,0.40830152239841877
2021-08-01 09:00:00,0.4609483960948396,-0.1872509960159363,0.5443037974683544,0.6211390823067309,0.21481200350734844,0.0017817371937639199,0.5,0.5196781226746643,0.2315441930765747,0.3253519060226183,0.4209782442350433,0.32703544842972426,0.39514462030568676
2021-08-01 09:10:00,0.4630404463040446,0.07569721115537842,0.5443037974683544,0.6118550258882343,0.2191307534255539,0.00311804008908686,0.5,0.5196781226746643,0.2315441930765747,0.3253519060226183,0.4209782442350433,0.32703544842972426,0.3744737993572431
2021-08-01 09:20:00,0.38772663877266383,-0.1394422310756973,0.5443037974683544,0.6079271558650241,0.20913219300886,0.0010022271714922048,0.5,0.5196781226746643,0.2315441930765747,0.3253519060226183,0.4209782442350433,0.32703544842972426,0.25555622614179885
2021-08-01 09:30:00,0.35355648535564854,0.003984063745019917,0.544899478778853,0.6039992858418142,0.21422308306395677,0.0012249443207126948,0.5,0.5196781226746643,0.2315441930765747,0.3253519060226183,0.4209782442350433,0.32703544842972426,0.20408286434207945
2021-08-01 09:40:00,0.36750348675034866,-0.06772908366533881,0.5469843633655993,0.6000714158186038,0.2022221931397312,0.00044543429844097997,0.5,0.5196781226746643,0.2315441930765747,0.3253519060226183,0.4209782442350433,0.32703544842972426,0.2340102901459028
2021-08-01 09:50:00,0.3396094839609484,-0.09960159362549814,0.5469843633655993,0.597214783074451,0.20774495818664854,0.00033407572383073496,0.5,0.5196781226746643,0.2315441930765747,0.3253519060226183,0.4209782442350433,0.32703544842972426,0.18934924634488587
2021-08-01 10:00:00,0.3598326359832636,0.24302788844621515,0.5505584512285924,0.5907873594001072,0.20822918166232612,0.00033407572383073496,0.5,0.5972386977219506,0.23216199674144603,0.3038410603081051,0.32448374497271043,0.393895235767177,0.21146098948353126
2021-08-01 10:10:00,0.35355648535564854,-0.043824701195219196,0.5553239017125835,0.5854311730048205,0.21572810197484654,0.000556792873051225,0.5,0.5972386977219506,0.23216199674144603,0.3038410603081051,0.32448374497271043,0.393895235767177,0.1909712268207674
2021-08-01 10:20:00,0.3451882845188285,-0.019920318725099695,0.5615785554728219,0.5793608284234957,0.22166965489262017,0.0006681514476614699,0.5,0.5972386977219506,0.23216199674144603,0.3038410603081051,0.32448374497271043,0.393895235767177,0.19241214901096912
2021-08-01 10:30:00,0.3103207810320781,-0.02788844621513953,0.5717051377513027,0.5854311730048205,0.22062268521547945,0.00044543429844097997,0.5,0.5972386977219506,0.23216199674144603,0.3038410603081051,0.32448374497271043,0.393895235767177,0.14978046682861323
2021-08-01 10:40:00,0.3312412831241283,-0.1394422310756973,0.5803425167535365,0.5936439921442598,0.2272578555443588,0.000556792873051225,0.5,0.5972386977219506,0.23216199674144603,0.3038410603081051,0.32448374497271043,0.393895235767177,0.1793834965372603
2021-08-01 10:50:00,0.37308228730822873,0.15537848605577675,0.5854058078927771,0.5922156757721835,0.23406315844577355,0.0006681514476614699,0.5,0.5972386977219506,0.23216199674144603,0.3038410603081051,0.32448374497271043,0.393895235767177,0.22479894986194307
2021-08-01 11:00:00,0.3814504881450488,-0.08366533864541836,0.5848101265822783,0.5879307266559544,0.23706010914658884,0.00044543429844097997,0.5,0.5828340320249694,0.2356274442755467,0.3253959105235052,0.25642660976726556,0.5481553501883601,0.23293902862229732
2021-08-01 11:10:00,0.3089260808926081,-0.019920318725099695,0.5830230826507816,0.5882878057489733,0.2376490295899805,0.00044543429844097997,0.5,0.5828340320249694,0.2356274442755467,0.3253959105235052,0.25642660976726556,0.5481553501883601,0.14442415921058588
2021-08-01 11:20:00,0.23849372384937237,-0.08366533864541836,0.5883842144452716,0.5965006248884128,0.2284095221892136,0.00033407572383073496,0.5,0.5828340320249694,0.2356274442755467,0.3253959105235052,0.25642660976726556,0.5481553501883601,0.08926927893537728
2021-08-01 11:30:00,0.17642956764295675,0.09960159362549792,0.5946388682055099,0.607212997678986,0.24305401054821948,0.000556792873051225,0.5,0.5828340320249694,0.2356274442755467,0.3253959105235052,0.25642660976726556,0.5481553501883601,0.05115650979977972
2021-08-01 11:40:00,0.14644351464435149,0.6095617529880477,0.5979151154132538,0.6089983931440812,0.26526285482456713,0.06614699331848553,0.5,0.5828340320249694,0.2356274442755467,0.3253959105235052,0.25642660976726556,0.5481553501883601,0.0
2021-08-01 11:50:00,0.11157601115760113,0.4820717131474104,0.6083395383469843,0.5947152294233171,0.2888589339231263,0.994988864142539,0.5,0.5828340320249694,0.2356274442755467,0.3253959105235052,0.25642660976726556,0.5481553501883601,0.0
2021-08-01 12:00:00,0.1701534170153417,0.3545816733067728,0.6312732688011911,0.6193536868416356,0.30210310033895643,0.9968819599109131,0.5,0.572215742458116,0.246035280899523,0.3503365710247228,0.4476836692095588,0.6801028638185818,0.0
2021-08-01 12:10:00,0.1631799163179916,0.09960159362549792,0.6416976917349215,0.6368505623995715,0.3397285731112013,0.9995545657015591,0.5,0.572215742458116,0.246035280899523,0.3503365710247228,0.4476836692095588,0.6801028638185818,0.0
2021-08-01 12:20:00,0.24337517433751746,0.36254980079681287,0.650632911392405,0.6439921442599537,0.374317833819738,0.21325167037861914,0.5,0.572215742458116,0.246035280899523,0.3503365710247228,0.4476836692095588,0.6801028638185818,0.0669764775110521
2021-08-01 12:30:00,0.4721059972105997,0.17131474103585642,0.637825763216679,0.6439921442599537,0.38741804190496126,0.0032293986636971047,0.5,0.572215742458116,0.246035280899523,0.3503365710247228,0.4476836692095588,0.6801028638185818,0.4001388113523545
2021-08-01 12:40:00,0.4379358437935844,0.019920318725099362,0.6002978406552493,0.5954293876093555,0.3975082121684051,0.004565701559020045,0.5,0.572215742458116,0.246035280899523,0.3503365710247228,0.4476836692095588,0.6801028638185818,0.3338488465078383
2021-08-01 12:50:00,0.37308228730822873,-0.01195219123505975,0.5862993298585255,0.576861274772362,0.39647432961222867,0.0006681514476614699,0.5,0.572215742458116,0.246035280899523,0.3503365710247228,0.4476836692095588,0.6801028638185818,0.24287460204897626
2021-08-01 13:00:00,0.36541143654114366,-0.0916334661354582,0.5806403574087862,0.5711480092840564,0.3850361858894662,0.000779510022271715,0.5,0.5920680349660448,0.25515866060165543,0.3689757109104658,0.542245035186182,0.7119849494822684,0.22445192148105678
2021-08-01 13:10:00,0.41283124128312415,-0.059760956175298974,0.5800446760982871,0.56579182288877,0.394170996322519,0.001893095768374165,0.5,0.5920680349660448,0.25515866060165543,0.3689757109104658,0.542245035186182,0.7119849494822684,0.2804592845180078
2021-08-01 13:20:00,0.35006973500697347,-0.1872509960159363,0.5815338793745346,0.5625781110515979,0.4009501249820052,0.000556792873051225,0.5,0.5920680349660448,0.25515866060165543,0.3689757109104658,0.542245035186182,0.7119849494822684,0.1764488434902002
2021-08-01 13:30:00,0.44072524407252445,-0.01195219123505975,0.5836187639612807,0.56579182288877,0.37497218986795094,0.0006681514476614699,0.5,0.5920680349660448,0.25515866060165543,0.3689757109104658,0.542245035186182,0.7119849494822684,0.3227363942242407
2021-08-01 13:40:00,0.4093444909344491,0.10756972111553775,0.5848101265822783,0.5632922692376363,0.3799452958343695,0.000556792873051225,0.5,0.5920680349660448,0.25515866060165543,0.3689757109104658,0.542245035186182,0.7119849494822684,0.28803355613561266
2021-08-01 13:50:00,0.40794979079497906,0.09960159362549792,0.5857036485480267,0.5647205856097126,0.40344976508617864,0.00044543429844097997,0.5,0.5920680349660448,0.25515866060165543,0.3689757109104658,0.542245035186182,0.7119849494822684,0.28448783137438327
2021-08-01 14:00:00,0.3633193863319386,0.22709163346613526,0.5857036485480267,0.5661489019817889,0.3976914318619047,0.00022271714922048998,0.5,0.6064971151245253,0.2423456999428191,0.3776150498943829,0.4191134775605332,0.7115563715416898,0.2355266532884711
2021-08-01 14:10:00,0.401673640167364,0.043824701195219085,0.5857036485480267,0.5650776647027316,0.402402795409038,0.00022271714922048998,0.5,0.6064971151245253,0.2423456999428191,0.3776150498943829,0.4191134775605332,0.7115563715416898,0.27709461804245816
2021-08-01 14:20:00,0.396792189679219,0.07569721115537842,0.5857036485480267,0.5697196929119801,0.3977961288296188,0.00033407572383073496,0.5,0.6064971151245253,0.2423456999428191,0.3776150498943829,0.4191134775605332,0.7115563715416898,0.2627382048070975
2021-08-01 14:30:00,0.299860529986053,-0.06772908366533881,0.5904690990320176,0.5736475629351903,0.4115376058420908,0.00033407572383073496,0.5,0.6064971151245253,0.2423456999428191,0.3776150498943829,0.4191134775605332,0.7115563715416898,0.13824554521176274
2021-08-01 14:40:00,0.29009762900976294,0.05179282868525892,0.5982129560685032,0.5829316193536869,0.39797934852311845,0.00044543429844097997,0.5,0.6064971151245253,0.2423456999428191,0.3776150498943829,0.4191134775605332,0.7115563715416898,0.12789504654706763
2021-08-01 14:50:00,0.31241283124128316,0.2111553784860556,0.6044676098287414,0.5861453311908589,0.3886220570336732,0.00033407572383073496,0.5,0.6064971151245253,0.2423456999428191,0.3776150498943829,0.4191134775605332,0.7115563715416898,0.1579959865413341
2021-08-01 15:00:00,0.29009762900976294,0.31474103585657365,0.6065524944154874,0.5854311730048205,0.3952048788786955,0.0012249443207126948,0.5,0.633254497747499,0.23330852540322314,0.36687896619097426,0.3913798502155969,0.7044843247935979,0.1324592241652459
2021-08-01 15:10:00,0.2545327754532775,-0.6812749003984064,0.6098287416232313,0.5936439921442598,0.3872609964533902,0.00044543429844097997,0.5,0.633254497747499,0.23330852540322314,0.36687896619097426,0.3913798502155969,0.7044843247935979,0.09061212788750245
2021-08-01 15:20:00,0.197350069735007,0.05179282868525892,0.6154877140729709,0.6000714158186038,0.3787281935846933,0.00011135857461024499,0.5,0.633254497747499,0.23330852540322314,0.36687896619097426,0.3913798502155969,0.7044843247935979,0.056294038655944
2021-08-01 15:30:00,0.13737796373779637,0.09694555112881797,0.6265078183172001,0.6147116586323871,0.42035832537200146,0.1492204899777283,0.5,0.633254497747499,0.23330852540322314,0.36687896619097426,0.3913798502155969,0.7044843247935979,0.01685350875869457
2021-08-01 15:40:00,0.12831241283124128,0.14209827357237703,0.643186895011169,0.6329226923763613,0.45163654447658064,0.9995545657015591,0.5,0.633254497747499,0.23330852540322314,0.36687896619097426,0.3913798502155969,0.7044843247935979,0.0
2021-08-01 15:50:00,0.11715481171548117,0.1872509960159361,0.669694713328369,0.6536332797714692,0.45163654447658064,0.9995545657015591,0.5,0.633254497747499,0.23330852540322314,0.36687896619097426,0.3913798502155969,0.7044843247935979,0.0
2021-08-01 16:00:00,0.11715481171548117,0.23240371845949537,0.6884586746090839,0.6664881271201573,0.45163654447658064,0.9995545657015591,0.5,0.6609646113714691,0.22637475682960534,0.3277727876420144,0.42178189998785426,0.7042341231038256,0.0
2021-08-01 16:10:00,0.1698047419804742,0.2775564409030542,0.696500372300819,0.6757721835386539,0.4018531363285391,0.5105790868596882,0.5,0.6609646113714691,0.22637475682960534,0.3277727876420144,0.42178189998785426,0.7042341231038256,0.03021787347043469
2021-08-01 16:20:00,0.22245467224546722,0.3227091633466135,0.7045420699925538,0.6850562399571505,0.35206972818049753,0.02160356347438753,0.5,0.6609646113714691,0.22637475682960534,0.3277727876420144,0.42178189998785426,0.7042341231038256,0.06043574694086938
2021-08-01 16:30:00,0.24476987447698745,0.10756972111553775,0.6941176470588233,0.6843420817711123,0.35367944405910146,0.00033407572383073496,0.5,0.6609646113714691,0.22637475682960534,0.3277727876420144,0.42178189998785426,0.7042341231038256,0.1084840895031459
2021-08-01 16:40:00,0.2705718270571827,-0.13147410358565736,0.6673119880863736,0.641849669701839,0.3562314326471319,0.00044543429844097997,0.5,0.6609646113714691,0.22637475682960534,0.3277727876420144,0.42178189998785426,0.7042341231038256,0.1178613998823121
2021-08-01 16:50:00,0.5,0.3784860557768923,0.6583767684288904,0.6239957150508837,0.3727081179411342,0.07048997772828508,0.5,0.6609646113714691,0.22637475682960534,0.3277727876420144,0.42178189998785426,0.7042341231038256,0.2166815033872988
2021-08-01 17:00:00,0.6603905160390516,-0.13147410358565736,0.6422933730454206,0.5993572576325656,0.3904149926057767,0.10913140311804011,0.5,0.6706952751679911,0.22023694925676898,0.3175946860824163,0.4516543933088546,0.7052395517061482,0.3859257359264903
2021-08-01 17:10:00,0.7594142259414226,0.03585657370517925,0.6253164556962023,0.5732904838421709,0.39576762508015856,0.1143652561247216,0.5,0.6706952751679911,0.22023694925676898,0.3175946860824163,0.4516543933088546,0.7052395517061482,0.4575569201985606
2021-08-01 17:20:00,0.691771269177127,-0.003984063745020028,0.6160833953834697,0.5625781110515979,0.39698472732983475,0.07327394209354121,0.5,0.6706952751679911,0.22023694925676898,0.3175946860824163,0.4516543933088546,0.7052395517061482,0.5872851818881362
2021-08-01 17:30:00,0.691771269177127,-0.08366533864541836,0.6148920327624718,0.5615068737725406,0.39847665911976027,0.03418708240534521,0.5,0.6706952751679911,0.22023694925676898,0.3175946860824163,0.4516543933088546,0.7052395517061482,0.7776981456613907
2021-08-01 17:40:00,0.6555090655509066,0.027888446215139417,0.6163812360387191,0.5711480092840564,0.38976063655756377,0.004565701559020045,0.5,0.6706952751679911,0.22023694925676898,0.3175946860824163,0.4516543933088546,0.7052395517061482,0.7959246797531572
2021-08-01 17:50:00,0.5857740585774059,-0.14741035856573714,0.6235294117647057,0.5829316193536869,0.3947860910078391,0.0022271714922049,0.5,0.6706952751679911,0.22023694925676898,0.3175946860824163,0.4516543933088546,0.7052395517061482,0.6187817795011845
2021-08-01 18:00:00,0.5460251046025105,-0.1394422310756973,0.6324646314221889,0.6043563649348331,0.3812278336888668,0.00111358574610245,0.5,0.6344922308981018,0.21301008313051037,0.33648859554245825,0.42323599687300556,0.7641681857536473,0.562540549511897
2021-08-01 18:10:00,0.5585774058577406,0.08366533864541825,0.6399106478034249,0.6236386359578647,0.3887267540013872,0.0012249443207126948,0.5,0.6344922308981018,0.21301008313051037,0.33648859554245825,0.42323599687300556,0.7641681857536473,0.5533895619898306
2021-08-01 18:20:00,0.5432357043235705,0.10756972111553775,0.644676098287416,0.6307802178182469,0.3916713562183455,0.00155902004454343,0.5,0.6344922308981018,0.21301008313051037,0.33648859554245825,0.42323599687300556,0.7641681857536473,0.5461698628483487
2021-08-01 18:30:00,0.44839609483960946,0.027888446215139417,0.6482501861504093,0.6414925906088198,0.39610789022522935,0.0008908685968819599,0.5,0.6344922308981018,0.21301008313051037,0.33648859554245825,0.42323599687300556,0.7641681857536473,0.3558097077417505
2021-08-01 18:40:00,0.5557880055788006,-0.07569721115537853,0.652717795979151,0.6532762006784503,0.3835966025833977,0.0024498886414253897,0.5,0.6344922308981018,0.21301008313051037,0.33648859554245825,0.42323599687300556,0.7641681857536473,0.5484859000860026
2021-08-01 18:50:00,0.5613668061366807,-0.21912350597609564,0.650037230081906,0.6518478843063737,0.3771577390689822,0.000779510022271715,0.5,0.6344922308981018,0.21301008313051037,0.33648859554245825,0.42323599687300556,0.7641681857536473,0.5941201321725486
2021-08-01 19:00:00,0.5676429567642958,0.027888446215139417,0.6449739389426654,0.6497054097482591,0.3758097656096635,0.000556792873051225,0.5,0.6645474669495899,0.20096434841827804,0.31221332874773466,0.4252930163889809,0.7504162912095195,0.6093516604553616
2021-08-01 19:10:00,0.5383542538354253,-0.24302788844621515,0.638719285182427,0.6525620424924121,0.37537789061784305,0.0006681514476614699,0.5,0.6645474669495899,0.20096434841827804,0.31221332874773466,0.4252930163889809,0.7504162912095195,0.5306214825655959
2021-08-01 19:20:00,0.5160390516039052,-0.19521912350597614,0.635145197319434,0.6522049633993929,0.36795749303110803,0.000556792873051225,0.5,0.6645474669495899,0.20096434841827804,0.31221332874773466,0.4252930163889809,0.7504162912095195,0.48826893190699644
2021-08-01 19:30:00,0.598326359832636,0.12350597609561742,0.6288905435591956,0.6482770933761828,0.37054874298203133,0.001893095768374165,0.5,0.6645474669495899,0.20096434841827804,0.31221332874773466,0.4252930163889809,0.7504162912095195,0.6673732969205003
2021-08-01 19:40:00,0.7168758716875872,-0.1394422310756973,0.6285927029039462,0.6429209069808963,0.3733886482312756,0.00623608017817372,0.5,0.6645474669495899,0.20096434841827804,0.31221332874773466,0.4252930163889809,0.7504162912095195,0.9262262926807189
2021-08-01 19:50:00,0.7112970711297071,-0.02788844621513953,0.6303797468354431,0.6393501160507051,0.3777728337543023,0.00601336302895323,0.5,0.6645474669495899,0.20096434841827804,0.31221332874773466,0.4252930163889809,0.7504162912095195,0.9276672148709206
2021-08-01 20:00:00,0.7559274755927475,-0.14741035856573714,0.6354430379746834,0.6447063024459916,0.38787609113871035,0.017928730512249445,0.5,0.6550121855512414,0.20919406793541404,0.3202401555146961,0.4546803074764634,0.7533271282445827,0.9384062344403036
2021-08-01 20:10:00,0.8005578800557881,0.2749003984063745,0.6396128071481755,0.6468487770041065,0.3878891782596746,0.027616926503340758,0.5,0.6550121855512414,0.20919406793541404,0.3202401555146961,0.4546803074764634,0.7533271282445827,0.9491452540096867
2021-08-01 20:20:00,0.7998605299860531,0.13147410358565725,0.637825763216679,0.6489912515622211,0.3878891782596746,0.028507795100222718,0.5,0.6550121855512414,0.20919406793541404,0.3202401555146961,0.4546803074764634,0.7533271282445827,0.9598842735790697
2021-08-01 20:30:00,0.7768479776847979,0.06772908366533859,0.6324646314221889,0.655061596143546,0.3878891782596746,0.02360801781737194,0.5,0.6550121855512414,0.20919406793541404,0.3202401555146961,0.4546803074764634,0.7533271282445827,0.9706232931484526
2021-08-01 20:40:00,0.7524407252440725,0.019920318725099362,0.6288905435591956,0.6582753079807178,0.38792843962256746,0.00868596881959911,0.5,0.6550121855512414,0.20919406793541404,0.3202401555146961,0.4546803074764634,0.7533271282445827,0.9813623127178358
2021-08-01 20:50:00,0.7168758716875872,-0.059760956175298974,0.6232315711094563,0.6661310480271379,0.3879415267435317,0.004008908685968819,0.5,0.6550121855512414,0.20919406793541404,0.3202401555146961,0.4546803074764634,0.7533271282445827,0.9921013322872188
2021-08-01 21:00:00,0.6624825662482566,-0.09960159362549814,0.6166790766939687,0.6725584717014819,0.3879415267435317,0.0020044543429844097,0.5,0.6556147758188764,0.221087506860493,0.3212795240716667,0.46654252929473167,0.7711980868377744,0.8467567934577607
2021-08-01 21:10:00,0.601115760111576,-0.33067729083665354,0.6086373790022337,0.6850562399571505,0.38595228435696427,0.00111358574610245,0.5,0.6556147758188764,0.221087506860493,0.3212795240716667,0.46654252929473167,0.7711980868377744,0.7070627819605595
2021-08-01 21:20:00,0.5411436541143654,0.13147410358565725,0.6035740878629932,0.6871987145152652,0.3766735155933047,0.0006681514476614699,0.5,0.6556147758188764,0.221087506860493,0.3212795240716667,0.46654252929473167,0.7711980868377744,0.6029768999803854
2021-08-01 21:30:00,0.49581589958159,-0.019920318725099695,0.5982129560685032,0.689698268166399,0.3766735155933047,0.000556792873051225,0.5,0.6556147758188764,0.221087506860493,0.3212795240716667,0.46654252929473167,0.7711980868377744,0.48166784857492045
2021-08-01 21:40:00,0.6115760111576011,0.3545816733067728,0.5958302308265075,0.6854133190501694,0.3838059965188258,0.004788418708240535,0.5,0.6556147758188764,0.221087506860493,0.3212795240716667,0.46654252929473167,0.7711980868377744,0.7230864402432217
2021-08-01 21:50:00,0.7601115760111576,0.6573705179282865,0.5964259121370066,0.6686306016782717,0.47601785083299525,0.27884187082405343,0.5,0.6556147758188764,0.221087506860493,0.3212795240716667,0.46654252929473167,0.7711980868377744,0.5645774552257948
2021-08-01 22:00:00,0.8221757322175731,-0.06772908366533881,0.5877885331347725,0.6372076414925907,0.49413042624752984,0.03351893095768374,0.5,0.5735511668078057,0.2521501004290149,0.38124954267656685,0.5177372685803026,0.8018941630127153,0.6990207764382818
2021-08-01 22:10:00,0.8305439330543933,-0.1394422310756973,0.5773641102010423,0.6225673986788074,0.49873709282694906,0.04086859688195991,0.5,0.5735511668078057,0.2521501004290149,0.38124954267656685,0.5177372685803026,0.8018941630127153,0.8334640976507688
2021-08-01 22:20:00,0.705718270571827,0.2111553784860556,0.5612807148175725,0.615068737725406,0.49873709282694906,0.0027839643652561247,0.5,0.5735511668078057,0.2521501004290149,0.38124954267656685,0.5177372685803026,0.8018941630127153,0.9679074188632557
2021-08-01 22:30:00,0.7029288702928871,0.11553784860557759,0.5544303797468353,0.6111408677021961,0.49873709282694906,0.0020044543429844097,0.5,0.5735511668078057,0.2521501004290149,0.38124954267656685,0.5177372685803026,0.8018941630127153,0.9303378245846976
2021-08-01 22:40:00,0.6736401673640168,-0.003984063745020028,0.5526433358153384,0.6172112122835207,0.49873709282694906,0.0016703786191536749,0.5,0.5735511668078057,0.2521501004290149,0.38124954267656685,0.5177372685803026,0.8018941630127153,0.8565716613606531
2021-08-01 22:50:00,0.6757322175732218,0.07569721115537842,0.5526433358153384,0.62542403142296,0.49873709282694906,0.00111358574610245,0.5,0.5735511668078057,0.2521501004290149,0.38124954267656685,0.5177372685803026,0.8018941630127153,0.8866952336406294
2021-08-01 23:00:00,0.6596931659693167,-0.15537848605577698,0.548771407297096,0.6257811105159794,0.5107248956302103,0.00033407572383073496,0.5,0.5019104316123251,0.2662388974934415,0.4591311685401551,0.5291810183894997,0.842515458995114,0.8195301537486609
2021-08-01 23:10:00,0.7147838214783822,-0.06772908366533881,0.5422189128816082,0.6257811105159794,0.5154886076612006,0.0010022271714922048,0.5,0.5019104316123251,0.2662388974934415,0.4591311685401551,0.5291810183894997,0.842515458995114,0.961434585150203
2021-08-01 23:20:00,0.5285913528591353,-0.06772908366533881,0.5356664184661204,0.6236386359578647,0.5159204826530212,0.00033407572383073496,0.5,0.5019104316123251,0.2662388974934415,0.4591311685401551,0.5291810183894997,0.842515458995114,0.5050243674276144
2021-08-01 23:30:00,0.5557880055788006,0.03585657370517925,0.5341772151898732,0.628280664167113,0.5180275091282669,0.00022271714922048998,0.5,0.5019104316123251,0.2662388974934415,0.4591311685401551,0.5291810183894997,0.842515458995114,0.5864477873168671
2021-08-01 23:40:00,0.5529986052998606,0.17131474103585642,0.5332836932241249,0.6272094268880557,0.5180275091282669,0.00011135857461024499,0.5,0.5019104316123251,0.2662388974934415,0.4591311685401551,0.5291810183894997,0.842515458995114,0.5753730555094527
2021-08-01 23:50:00,0.4546722454672245,0.4262948207171313,0.5240506329113923,0.6161399750044634,0.5180275091282669,0.00033407572383073496,0.5,0.5019104316123251,0.2662388974934415,0.4591311685401551,0.5291810183894997,0.842515458995114,0.3676011285966474
2021-08-02 00:00:00,0.32217573221757323,0.21912350597609564,0.5133283693224122,0.6022138903767185,0.5180275091282669,0.00033407572383073496,0.5,0.48229434568409335,0.2716094791196738,0.5131075712216652,0.47153473844203075,0.8843370106804544,0.1683163088250826
2021-08-02 00:10:00,0.3688981868898187,-0.06772908366533881,0.5064780342516753,0.5982860203535083,0.5180275091282669,0.00022271714922048998,0.5,0.48229434568409335,0.2716094791196738,0.5131075712216652,0.47153473844203075,0.8843370106804544,0.22189447319582964
2021-08-02 00:20:00,0.3682008368200837,0.05976095617529875,0.5029039463886817,0.5861453311908589,0.5180275091282669,0.00033407572383073496,0.5,0.48229434568409335,0.2716094791196738,0.5131075712216652,0.47153473844203075,0.8843370106804544,0.21352052748313893
2021-08-02 00:30:00,0.3472803347280335,-0.019920318725099695,0.5023082650781829,0.5715050883770756,0.5180275091282669,0.00033407572383073496,0.5,0.48229434568409335,0.2716094791196738,0.5131075712216652,0.47153473844203075,0.8843370106804544,0.18692759177391857
2021-08-02 00:40:00,0.399581589958159,-0.40239043824701204,0.49903201787043905,0.5579360828423494,0.5133030584601693,0.00033407572383073496,0.5,0.48229434568409335,0.2716094791196738,0.5131075712216652,0.47153473844203075,0.8843370106804544,0.24159210585874438
2021-08-02 00:50:00,0.4839609483960949,-0.3784860557768924,0.4960536113179448,0.5450812354936618,0.5068641949457539,0.00022271714922048998,0.5,0.48229434568409335,0.2716094791196738,0.5131075712216652,0.47153473844203075,0.8843370106804544,0.40842977201744196
2021-08-02 01:00:00,0.5578800557880056,0.12350597609561742,0.4933730454206997,0.5158007498660953,0.5068641949457539,0.00022271714922048998,0.5,0.42895054837482083,0.273310594327126,0.5589904429072037,0.4004485067035786,0.9266930556251899,0.5404967032303817
2021-08-02 01:10:00,0.4797768479776848,0.08366533864541825,0.4886075949367086,0.5011605070523122,0.5139443273874181,0.00022271714922048998,0.5,0.42895054837482083,0.273310594327126,0.5589904429072037,0.4004485067035786,0.9266930556251899,0.40745658373191307
2021-08-02 01:20:00,0.4379358437935844,0.08366533864541825,0.48056589724497356,0.4954472415640063,0.5180929447330882,0.00022271714922048998,0.5,0.42895054837482083,0.273310594327126,0.5589904429072037,0.4004485067035786,0.9266930556251899,0.3200959608914103
2021-08-02 01:30:00,0.3235704323570432,0.08366533864541825,0.4707371556217421,0.4833065524013569,0.5253824711101805,0.00033407572383073496,0.5,0.42895054837482083,0.273310594327126,0.5589904429072037,0.4004485067035786,0.9266930556251899,0.1655174494922824
2021-08-02 01:40:00,0.4755927475592748,-0.3705179282868527,0.46358897989575576,0.4740224959828603,0.5293086073994583,0.00022271714922048998,0.5,0.42895054837482083,0.273310594327126,0.5589904429072037,0.4004485067035786,0.9266930556251899,0.34952547640961423
2021-08-02 01:50:00,0.42677824267782427,-0.01195219123505975,0.4618019359642589,0.4654525977504018,0.5225033044980435,0.00022271714922048998,0.5,0.42895054837482083,0.273310594327126,0.5589904429072037,0.4004485067035786,0.9266930556251899,0.29415181737254253
2021-08-02 02:00:00,0.4393305439330544,-0.17131474103585675,0.45941921072226344,0.4572397786109621,0.5292693460365654,0.00022271714922048998,0.5,0.4196839928184126,0.267454390285252,0.5688092800546619,0.36374142260828723,0.9685604842383044,0.291051194230276
2021-08-02 02:10:00,0.44002789400278935,-0.2589641434262948,0.45524944154877134,0.44367077307623637,0.5293086073994583,0.00022271714922048998,0.5,0.4196839928184126,0.267454390285252,0.5688092800546619,0.36374142260828723,0.9685604842383044,0.3005416660379921
2021-08-02 02:20:00,0.43584379358437936,-0.24302788844621515,0.45465376023827253,0.4322442420996251,0.5293086073994583,0.00022271714922048998,0.5,0.4196839928184126,0.267454390285252,0.5688092800546619,0.36374142260828723,0.9685604842383044,0.27794710080420054
2021-08-02 02:30:00,0.21827057182705717,0.2589641434262948,0.451079672375279,0.42474558114622396,0.5293086073994583,0.00011135857461024499,0.5,0.4196839928184126,0.267454390285252,0.5688092800546619,0.36374142260828723,0.9685604842383044,0.09654933083875251
2021-08-02 02:40:00,0.14365411436541145,0.6095617529880477,0.4454206999255397,0.42617389751830026,0.5432071298635014,0.00011135857461024499,0.5,0.4196839928184126,0.267454390285252,0.5688092800546619,0.36374142260828723,0.9685604842383044,0.03227363942242407
2021-08-02 02:50:00,0.10460251046025104,0.2549800796812749,0.4382725241995531,0.4575968577039815,0.661344570807868,0.06325167037861915,0.5,0.4196839928184126,0.267454390285252,0.5688092800546619,0.36374142260828723,0.9685604842383044,0.0
2021-08-02 03:00:00,0.11018131101813111,-0.09960159362549814,0.4338049143708116,0.4483128012854847,0.7032626192563898,0.9996659242761693,0.5,0.3975680261274761,0.2642446847333526,0.5959448394070325,0.35120367140773434,0.9981616256611356,0.0
2021-08-02 03:10:00,0.060669456066945605,-0.1394422310756973,0.45614296351451955,0.4575968577039815,0.7032626192563898,0.9996659242761693,0.5,0.3975680261274761,0.2642446847333526,0.5959448394070325,0.35120367140773434,0.9981616256611356,0.0
2021-08-02 03:20:00,0.0299860529986053,-0.17928286852589637,0.46358897989575576,0.46473843956436345,0.7032626192563898,0.9996659242761693,0.5,0.3975680261274761,0.2642446847333526,0.5959448394070325,0.35120367140773434,0.9981616256611356,0.0
2021-08-02 03:30:00,0.0697350069735007,-0.21912350597609564,0.46299329858525673,0.46295304409926796,0.7032626192563898,0.9996659242761693,0.5,0.3975680261274761,0.2642446847333526,0.5959448394070325,0.35120367140773434,0.9981616256611356,0.0
2021-08-02 03:40:00,0.06485355648535565,-0.08565737051792832,0.4623976172747577,0.4561685413319052,0.7032626192563898,0.9996659242761693,0.5,0.3975680261274761,0.2642446847333526,0.5959448394070325,0.35120367140773434,0.9981616256611356,0.0
2021-08-02 03:50:00,0.07043235704323571,0.04780876494023878,0.4591213700670138,0.4483128012854847,0.7032626192563898,0.9996659242761693,0.5,0.3975680261274761,0.2642446847333526,0.5959448394070325,0.35120367140773434,0.9981616256611356,0.0
2021-08-02 04:00:00,0.045327754532775454,0.1812749003984062,0.4549516008935217,0.4400999821460454,0.7032626192563898,0.9996659242761693,0.5,0.31463316771300853,0.2722301562899616,0.6718419510505093,0.33625146319578314,0.024195344046824486,0.0
2021-08-02 04:10:00,0.07810320781032079,0.31474103585657365,0.4540580789277735,0.4351008748437779,0.7032626192563898,0.9996659242761693,0.5,0.31463316771300853,0.2722301562899616,0.6718419510505093,0.33625146319578314,0.024195344046824486,0.0
2021-08-02 04:20:00,0.03207810320781032,0.4482071713147411,0.4475055845122857,0.42938760935547227,0.7032626192563898,0.9996659242761693,0.5,0.31463316771300853,0.2722301562899616,0.6718419510505093,0.33625146319578314,0.024195344046824486,0.0
2021-08-02 04:30:00,0.05230125523012552,0.5816733067729081,0.4430379746835442,0.42795929298339574,0.7032626192563898,0.9996659242761693,0.5,0.31463316771300853,0.2722301562899616,0.6718419510505093,0.33625146319578314,0.024195344046824486,0.0
2021-08-02 04:40:00,0.04672245467224547,0.7151394422310755,0.4430379746835442,0.4254597393322621,0.7032626192563898,0.9996659242761693,0.5,0.31463316771300853,0.2722301562899616,0.6718419510505093,0.33625146319578314,0.024195344046824486,0.0
2021-08-02 04:50:00,0.055090655509065556,0.8486055776892429,0.43708116157855526,0.4254597393322621,0.7032626192563898,0.9996659242761693,0.5,0.31463316771300853,0.2722301562899616,0.6718419510505093,0.33625146319578314,0.024195344046824486,0.0
2021-08-02 05:00:00,0.07322175732217574,0.5338645418326693,0.434102755026061,0.4240314229601856,0.7032626192563898,0.9996659242761693,0.5,0.2926719260041699,0.2724973922938331,0.6873453581021608,0.3338464086276073,0.05476453057655388,0.0
2021-08-02 05:10:00,0.09065550906555091,0.21912350597609564,0.42963514519731927,0.417961078378861,0.7032626192563898,0.9996659242761693,0.5,0.2926719260041699,0.2724973922938331,0.6873453581021608,0.3338464086276073,0.05476453057655388,0.0
2021-08-02 05:20:00,0.11227336122733612,0.19322709163346596,0.42486969471332836,0.4122478128905551,0.7032626192563898,0.9996659242761693,0.5,0.2926719260041699,0.2724973922938331,0.6873453581021608,0.3338464086276073,0.05476453057655388,0.0
2021-08-02 05:30:00,0.10460251046025104,0.1673306772908365,0.4192107222635888,0.40439207284413503,0.7032626192563898,0.9996659242761693,0.5,0.2926719260041699,0.2724973922938331,0.6873453581021608,0.3338464086276073,0.05476453057655388,0.0
2021-08-02 05:40:00,0.1603905160390516,0.14143426294820705,0.41355174981384923,0.39617925370469576,0.7032626192563898,0.9996659242761693,0.5,0.2926719260041699,0.2724973922938331,0.6873453581021608,0.3338464086276073,0.05476453057655388,0.0
2021-08-02 05:50:00,0.16666666666666669,0.11553784860557759,0.39865971705137726,0.38510980182110344,0.7032626192563898,0.9996659242761693,0.5,0.2926719260041699,0.2724973922938331,0.6873453581021608,0.3338464086276073,0.05476453057655388,0.0
2021-08-02 06:00:00,0.16736401673640167,0.08964143426294813,0.3873417721518986,0.37225495447241563,0.7032626192563898,0.9996659242761693,0.5,0.26432666949723216,0.29231021215090414,0.7136874414832078,0.3410447925873073,0.11431443421973651,0.0
2021-08-02 06:10:00,0.15481171548117156,0.06374501992031867,0.3793000744601638,0.3661846098910908,0.7032626192563898,0.9996659242761693,0.5,0.26432666949723216,0.29231021215090414,0.7136874414832078,0.3410447925873073,0.11431443421973651,0.0
2021-08-02 06:20:00,0.15620641562064158,0.03784860557768921,0.3772151898734175,0.3604713444027854,0.7032626192563898,0.9996659242761693,0.5,0.26432666949723216,0.29231021215090414,0.7136874414832078,0.3410447925873073,0.11431443421973651,0.0
2021-08-02 06:30:00,0.1290097629009763,0.01195219123505975,0.37900223380491416,0.35582931619353686,0.7032626192563898,0.9996659242761693,0.5,0.26432666949723216,0.29231021215090414,0.7136874414832078,0.3410447925873073,0.11431443421973651,0.0
2021-08-02 06:40:00,0.10181311018131102,-0.4820717131474104,0.3843633655994041,0.3526156043563651,0.7032626192563898,0.9996659242761693,0.5,0.26432666949723216,0.29231021215090414,0.7136874414832078,0.3410447925873073,0.11431443421973651,0.0
2021-08-02 06:50:00,0.11297071129707113,-0.43767785998861697,0.3891288160833952,0.3472594179610784,0.7032626192563898,0.9996659242761693,0.5,0.26432666949723216,0.29231021215090414,0.7136874414832078,0.3410447925873073,0.11431443421973651,0.0
2021-08-02 07:00:00,0.09344490934449094,-0.3932840068298237,0.3894266567386446,0.34368862703088743,0.7032626192563898,0.9996659242761693,0.5,0.24956369155996727,0.3163011088857415,0.715435700991065,0.3372813381162002,0.17484090807956276,0.0
2021-08-02 07:10:00,0.14504881450488147,-0.34889015367103027,0.3888309754281456,0.33690412426352423,0.7032626192563898,0.9996659242761693,0.5,0.24956369155996727,0.3163011088857415,0.715435700991065,0.3372813381162002,0.17484090807956276,0.0
2021-08-02 07:20:00,0.14295676429567641,-0.30449630051223686,0.3894266567386446,0.3329762542403143,0.7032626192563898,0.9996659242761693,0.5,0.24956369155996727,0.3163011088857415,0.715435700991065,0.3372813381162002,0.17484090807956276,0.0
2021-08-02 07:30:00,0.15690376569037656,-0.26010244735344346,0.3894266567386446,0.33369041242635245,0.7032626192563898,0.9996659242761693,0.5,0.24956369155996727,0.3163011088857415,0.715435700991065,0.3372813381162002,0.17484090807956276,0.0
2021-08-02 07:40:00,0.21687587168758715,-0.21570859419465016,0.3894266567386446,0.33868951972861994,0.6501812566253551,0.5581291759465479,0.5,0.24956369155996727,0.3163011088857415,0.715435700991065,0.3372813381162002,0.17484090807956276,0.01499011723523998
2021-08-02 07:50:00,0.201534170153417,-0.17131474103585675,0.3992553983618763,0.362970898053919,0.6429440787321197,0.00011135857461024499,0.5,0.24956369155996727,0.3163011088857415,0.715435700991065,0.3372813381162002,0.17484090807956276,0.05642983237020384
2021-08-02 08:00:00,0.1799163179916318,0.2669322709163344,0.41384959046909886,0.40117836100696325,0.6349216735810289,0.00011135857461024499,0.5,0.267779247907844,0.3232722330297946,0.6454892152830802,0.4070241596160121,0.2012062810215437,0.0361739366597764
2021-08-02 08:10:00,0.1924686192468619,0.6733067729083664,0.42516753536857754,0.4322442420996251,0.6349216735810289,0.00011135857461024499,0.5,0.267779247907844,0.3232722330297946,0.6454892152830802,0.4070241596160121,0.2012062810215437,0.05111124522835976
2021-08-02 08:20:00,0.23570432357043236,0.346613545816733,0.4358897989575574,0.45331190858775217,0.6414652340631584,0.00022271714922048998,0.5,0.267779247907844,0.3232722330297946,0.6454892152830802,0.4070241596160121,0.2012062810215437,0.07445267589058044
2021-08-02 08:30:00,0.21478382147838215,-0.17131474103585675,0.4391660461653015,0.46152472772719166,0.648820196045072,0.00033407572383073496,0.5,0.267779247907844,0.3232722330297946,0.6454892152830802,0.4070241596160121,0.2012062810215437,0.08644778731686709
2021-08-02 08:40:00,0.27615062761506276,-0.2509960159362551,0.40134028294862234,0.4097482592394215,0.6370417871772388,0.00022271714922048998,0.5,0.267779247907844,0.3232722330297946,0.6454892152830802,0.4070241596160121,0.2012062810215437,0.12010954026283628
2021-08-02 08:50:00,0.21269177126917713,-0.09960159362549814,0.3879374534623974,0.3536868416354222,0.6350525447906715,0.00033407572383073496,0.5,0.267779247907844,0.3232722330297946,0.6454892152830802,0.4070241596160121,0.2012062810215437,0.07747785808048041
2021-08-02 09:00:00,0.21199442119944212,0.06772908366533859,0.39061801935964247,0.3390465988216391,0.6413343628535157,0.00044543429844097997,0.5,0.2997806033774004,0.3371024146066033,0.581787817905571,0.4589936331006744,0.21308227712820388,0.07217435912910965
2021-08-02 09:10:00,0.19665271966527195,0.20318725099601576,0.3968726731198806,0.3333333333333335,0.6350787190325999,0.00044543429844097997,0.5,0.2997806033774004,0.3371024146066033,0.581787817905571,0.4589936331006744,0.21308227712820388,0.06774597522519124
2021-08-02 09:20:00,0.2085076708507671,-0.17131474103585675,0.4043186895011168,0.32869130512408495,0.6350787190325999,0.00044543429844097997,0.5,0.2997806033774004,0.3371024146066033,0.581787817905571,0.4589936331006744,0.21308227712820388,0.07280051903375229
2021-08-02 09:30:00,0.2099023709902371,-0.05179282868525903,0.4117647058823528,0.33226209605427615,0.6442920521914385,0.00033407572383073496,0.5,0.2997806033774004,0.3371024146066033,0.581787817905571,0.4589936331006744,0.21308227712820388,0.06983568960574559
2021-08-02 09:40:00,0.1799163179916318,0.2669322709163344,0.41712583767684275,0.33369041242635245,0.6413867113373729,0.00022271714922048998,0.5,0.2997806033774004,0.3371024146066033,0.581787817905571,0.4589936331006744,0.21308227712820388,0.05449099989438267
2021-08-02 09:50:00,0.11506276150627615,0.2828685258964143,0.4239761727475799,0.3458311015890019,0.6612267867191897,0.4928730512249443,0.5,0.2997806033774004,0.3371024146066033,0.581787817905571,0.4589936331006744,0.21308227712820388,0.0022556844757608222
2021-08-02 10:00:00,0.15829846582984658,0.28552456839309426,0.441548771407297,0.37046955900732037,0.6655062752745023,0.9993318485523385,0.5,0.4262634233677747,0.32449347283244223,0.43803297598381447,0.41245575216774133,0.24497945734898305,0.0
2021-08-02 10:10:00,0.1492329149232915,0.2881806108897742,0.45614296351451955,0.3918943045884662,0.6655062752745023,0.9993318485523385,0.5,0.4262634233677747,0.32449347283244223,0.43803297598381447,0.41245575216774133,0.24497945734898305,0.0
2021-08-02 10:20:00,0.1589958158995816,0.29083665338645415,0.4692479523454949,0.4036779146580969,0.6655062752745023,0.9993318485523385,0.5,0.4262634233677747,0.32449347283244223,0.43803297598381447,0.41245575216774133,0.24497945734898305,0.0
2021-08-02 10:30:00,0.1387726638772664,0.5298804780876492,0.47937453462397617,0.4083199428673452,0.6655062752745023,0.9993318485523385,0.5,0.4262634233677747,0.32449347283244223,0.43803297598381447,0.41245575216774133,0.24497945734898305,0.0
2021-08-02 10:40:00,0.20571827057182707,0.8565737051792826,0.48741623231571096,0.41439028744867,0.6861054036722462,0.5263919821826281,0.5,0.4262634233677747,0.32449347283244223,0.43803297598381447,0.41245575216774133,0.24497945734898305,0.010561733331321575
2021-08-02 10:50:00,0.19456066945606695,-0.45019920318725104,0.5011169024571853,0.449384038564542,0.678671918964547,0.00033407572383073496,0.5,0.4262634233677747,0.32449347283244223,0.43803297598381447,0.41245575216774133,0.24497945734898305,0.03513285151711755
2021-08-02 11:00:00,0.13319386331938632,0.8007968127490039,0.5172002978406551,0.5040171397964648,0.6592768056955151,0.506347438752784,0.5,0.4479965966507493,0.3194648383509519,0.42262112872939733,0.3152073125711358,0.2942128908873029,0.007408301522398419
2021-08-02 11:10:00,0.09693165969316596,-0.7450199203187251,0.5240506329113923,0.5118728798428851,0.6650351389197889,0.9993318485523385,0.5,0.4479965966507493,0.3194648383509519,0.42262112872939733,0.3152073125711358,0.2942128908873029,0.0
2021-08-02 11:20:00,0.11018131101813111,-0.2948207171314742,0.5326880119136261,0.5040171397964648,0.6650351389197889,0.9993318485523385,0.5,0.4479965966507493,0.3194648383509519,0.42262112872939733,0.3152073125711358,0.2942128908873029,0.0
2021-08-02 11:30:00,0.1617852161785216,0.15537848605577675,0.5404318689501115,0.5040171397964648,0.6650351389197889,0.9993318485523385,0.5,0.4479965966507493,0.3194648383509519,0.42262112872939733,0.3152073125711358,0.2942128908873029,0.0
2021-08-02 11:40:00,0.13389121338912133,0.17203911626222368,0.5490692479523454,0.5040171397964648,0.6650351389197889,0.9993318485523385,0.5,0.4479965966507493,0.3194648383509519,0.42262112872939733,0.3152073125711358,0.2942128908873029,0.0
2021-08-02 11:50:00,0.05439330543933055,0.1886997464686706,0.5574087862993298,0.5083020889126941,0.6650351389197889,0.9993318485523385,0.5,0.4479965966507493,0.3194648383509519,0.42262112872939733,0.3152073125711358,0.2942128908873029,0.0
2021-08-02 12:00:00,0.19386331938633192,0.20536037667511753,0.5720029784065523,0.514372433494019,0.6570389080106267,0.9993318485523385,0.5,0.4657154254370004,0.304249627162672,0.3937398461516416,0.15550261950287134,0.3253798390503795,0.0
2021-08-02 12:10:00,0.07810320781032079,0.22202100688156445,0.5782576321667907,0.5215140153544011,0.5676146104618445,0.9993318485523385,0.5,0.4657154254370004,0.304249627162672,0.3937398461516416,0.15550261950287134,0.3253798390503795,0.0
2021-08-02 12:20:00,0.10808926080892609,0.23868163708801138,0.5821295606850332,0.5365113372612034,0.5650757089947782,0.9993318485523385,0.5,0.4657154254370004,0.304249627162672,0.3937398461516416,0.15550261950287134,0.3253798390503795,0.0
2021-08-02 12:30:00,0.05369595536959554,0.2553422672944583,0.5937453462397615,0.5429387609355474,0.5650757089947782,0.9993318485523385,0.5,0.4657154254370004,0.304249627162672,0.3937398461516416,0.15550261950287134,0.3253798390503795,0.0
2021-08-02 12:40:00,0.0697350069735007,0.27200289750090545,0.6014892032762469,0.552222817354044,0.5650757089947782,0.9993318485523385,0.5,0.4657154254370004,0.304249627162672,0.3937398461516416,0.15550261950287134,0.3253798390503795,0.0
2021-08-02 12:50:00,0.1680613668061367,0.2886635277073524,0.6145941921072224,0.562221031958579,0.5209851984661894,0.9993318485523385,0.5,0.4657154254370004,0.304249627162672,0.3937398461516416,0.15550261950287134,0.3253798390503795,0.0
2021-08-02 13:00:00,0.13737796373779637,0.3053241579137993,0.6205510052122112,0.5722192465631137,0.4862650665480101,0.9993318485523385,0.5,0.5736977536360703,0.2947929208320512,0.2719993020150637,0.026678182660992176,0.6748717353265552,0.0
2021-08-02 13:10:00,0.19386331938633192,0.3219847881202462,0.6285927029039462,0.5840028566327442,0.45840258601510253,0.9958797327394211,0.5,0.5736977536360703,0.2947929208320512,0.2719993020150637,0.026678182660992176,0.6748717353265552,0.0
2021-08-02 13:20:00,0.19177126917712692,0.33864541832669315,0.6345495160089349,0.5890019639350117,0.4130949732368376,0.08841870824053452,0.5,0.5736977536360703,0.2947929208320512,0.2719993020150637,0.026678182660992176,0.6748717353265552,0.021840155710125684
2021-08-02 13:30:00,0.10460251046025104,0.30449630051223653,0.637825763216679,0.5986430994465273,0.41632749211500963,0.9992204899777284,0.5,0.5736977536360703,0.2947929208320512,0.2719993020150637,0.026678182660992176,0.6748717353265552,0.0
2021-08-02 13:40:00,0.21827057182705717,0.27034718269778035,0.6458674609084138,0.6168541331905018,0.3330410542984649,0.7258351893095769,0.5,0.5736977536360703,0.2947929208320512,0.2719993020150637,0.026678182660992176,0.6748717353265552,0.0
2021-08-02 13:50:00,0.24198047419804744,0.23619806488332373,0.6476545048399105,0.6368505623995715,0.40549135595660313,0.5048997772828508,0.5,0.5736977536360703,0.2947929208320512,0.2719993020150637,0.026678182660992176,0.6748717353265552,0.026359068756883985
2021-08-02 14:00:00,0.10181311018131102,0.20204894706886734,0.6518242740134028,0.6297089805391896,0.43557864705343474,0.7234966592427617,0.5,0.5899101567828677,0.27329910030545174,0.23020276183407212,0.15501375574098333,0.7914334326568546,0.0
2021-08-02 14:10:00,0.07391910739191074,0.16789982925441072,0.6565897244973937,0.6429209069808963,0.4365209197628614,0.9995545657015591,0.5,0.5899101567828677,0.27329910030545174,0.23020276183407212,0.15501375574098333,0.7914334326568546,0.0
2021-08-02 14:20:00,0.15202231520223153,0.13375071143995432,0.6598659717051376,0.6561328334226031,0.4360890447710408,0.9995545657015591,0.5,0.5899101567828677,0.27329910030545174,0.23020276183407212,0.15501375574098333,0.7914334326568546,0.0
2021-08-02 14:30:00,0.2412831241283124,0.09960159362549792,0.6688011913626208,0.6525620424924121,0.40505948096478256,0.11570155902004456,0.5,0.5899101567828677,0.27329910030545174,0.23020276183407212,0.15501375574098333,0.7914334326568546,0.04968541122863135
2021-08-02 14:40:00,0.26569037656903766,-0.5378486055776892,0.6780342516753535,0.6407784324227817,0.45646569211239224,0.40278396436525615,0.5,0.5899101567828677,0.27329910030545174,0.23020276183407212,0.15501375574098333,0.7914334326568546,0.011489657045430542
2021-08-02 14:50:00,0.1799163179916318,-0.2509960159362551,0.6789277736411017,0.6668452062131762,0.3475023229639711,0.2319599109131403,0.5,0.5899101567828677,0.27329910030545174,0.23020276183407212,0.15501375574098333,0.7914334326568546,0.024065663804939873
2021-08-02 15:00:00,0.296373779637378,0.8247011952191232,0.6869694713328367,0.6532762006784503,0.4202536284042873,0.00011135857461024499,0.5,0.6069042562878078,0.2663739522480875,0.20904686885149648,0.2376343533351881,0.7866796422319656,0.13251957692713912
2021-08-02 15:10:00,0.11506276150627615,-0.17928286852589637,0.6568875651526431,0.6193536868416356,0.4657968093599089,0.042093541202672606,0.5,0.6069042562878078,0.2663739522480875,0.20904686885149648,0.2376343533351881,0.7866796422319656,0.0009807323807655749
2021-08-02 15:20:00,0.17224546722454673,0.49003984063745,0.650632911392405,0.6061417603999286,0.44422923401080994,0.6195991091314031,0.5,0.6069042562878078,0.2663739522480875,0.20904686885149648,0.2376343533351881,0.7866796422319656,0.0
2021-08-02 15:30:00,0.2294281729428173,-0.19521912350597614,0.6723752792256141,0.6343510087484376,0.45227781340382933,0.4089086859688196,0.5,0.6069042562878078,0.2663739522480875,0.20904686885149648,0.2376343533351881,0.7866796422319656,0.013752885616428023
2021-08-02 15:40:00,0.22733612273361226,0.19521912350597592,0.6777364110201041,0.6382788787716478,0.4652864116423028,0.00011135857461024499,0.5,0.6069042562878078,0.2663739522480875,0.20904686885149648,0.2376343533351881,0.7866796422319656,0.07888105979449885
2021-08-02 15:50:00,0.21687587168758715,-0.4820717131474104,0.6491437081161577,0.6011426530976611,0.4752849720589968,0.038084632516703784,0.5,0.6069042562878078,0.2663739522480875,0.20904686885149648,0.2376343533351881,0.7866796422319656,0.0047376918086213925
2021-08-02 16:00:00,0.15760111576011157,0.027888446215139417,0.644676098287416,0.5879307266559544,0.44432084385755977,0.00033407572383073496,0.5,0.6822011571520865,0.25494602120072235,0.15945037237065182,0.28412811511146235,0.7796137859139557,0.04083618751603121
2021-08-02 16:10:00,0.07461645746164575,-0.3904382470119523,0.6455696202531644,0.5897161221210496,0.43392966981193815,0.8748329621380847,0.5,0.6822011571520865,0.25494602120072235,0.15945037237065182,0.28412811511146235,0.7796137859139557,0.0
2021-08-02 16:20:00,0.27615062761506276,-0.8087649402390438,0.6717795979151151,0.6125691840742724,0.44165107118085095,0.5596881959910913,0.5,0.6822011571520865,0.25494602120072235,0.15945037237065182,0.28412811511146235,0.7796137859139557,0.02616292228073087
2021-08-02 16:30:00,0.32566248256624825,0.3784860557768923,0.6842889054355916,0.631851455097304,0.4124667914305532,0.00022271714922048998,0.5,0.6822011571520865,0.25494602120072235,0.15945037237065182,0.28412811511146235,0.7796137859139557,0.1789157626325875
2021-08-02 16:40:00,0.18619246861924685,0.10756972111553775,0.6598659717051376,0.6029280485627568,0.4485610710499797,0.00033407572383073496,0.5,0.6822011571520865,0.25494602120072235,0.15945037237065182,0.28412811511146235,0.7796137859139557,0.0520089925615221
2021-08-02 16:50:00,0.21408647140864714,-0.24302788844621515,0.6613551749813849,0.6036422067487948,0.4430252188820981,0.5671492204899777,0.5,0.6822011571520865,0.25494602120072235,0.15945037237065182,0.28412811511146235,0.7796137859139557,0.020882055615070085
2021-08-02 17:00:00,0.20502092050209206,0.3784860557768923,0.6783320923306031,0.625066952329941,0.43221525696562013,0.00011135857461024499,0.5,0.6962312676542073,0.23975667156120342,0.14579413984326028,0.30874356681467024,0.7691862970950492,0.07121625903405406
2021-08-02 17:10:00,0.100418410041841,-0.8247011952191236,0.6637379002233803,0.6075700767720049,0.42665323055581,0.29487750556792874,0.5,0.6962312676542073,0.23975667156120342,0.14579413984326028,0.30874356681467024,0.7691862970950492,0.0
2021-08-02 17:20:00,0.20711297071129708,-0.09960159362549814,0.6726731198808635,0.6075700767720049,0.3871301252437476,0.6922048997772828,0.5,0.6962312676542073,0.23975667156120342,0.14579413984326028,0.30874356681467024,0.7691862970950492,0.005997555713143323
2021-08-02 17:30:00,0.23221757322175732,0.6254980079681274,0.6917349218168278,0.6357793251205142,0.3865281176793917,0.00022271714922048998,0.5,0.6962312676542073,0.23975667156120342,0.14579413984326028,0.30874356681467024,0.7691862970950492,0.07558429017607918
2021-08-02 17:40:00,0.2684797768479777,-0.1394422310756973,0.6744601638123602,0.6243527941439027,0.4311159388046224,0.00022271714922048998,0.5,0.6962312676542073,0.23975667156120342,0.14579413984326028,0.30874356681467024,0.7691862970950492,0.11363670654978349
2021-08-02 17:50:00,0.12622036262203626,-0.904382470119522,0.6637379002233803,0.6007855740046419,0.39434112889505446,0.003006681514476615,0.5,0.6962312676542073,0.23975667156120342,0.14579413984326028,0.30874356681467024,0.7691862970950492,0.008079725998461006
2021-08-02 18:00:00,0.11157601115760113,0.41035856573705165,0.6661206254653758,0.5907873594001072,0.358809595477091,0.6220489977728285,0.5,0.6855560110105217,0.20730617487579384,0.13956896133018887,0.43951047790796816,0.7424811526808445,0.0
2021-08-02 18:10:00,0.07043235704323571,-0.4422310756972112,0.6857781087118391,0.6025709694697374,0.37091518236903065,0.9995545657015591,0.5,0.6855560110105217,0.20730617487579384,0.13956896133018887,0.43951047790796816,0.7424811526808445,0.0
2021-08-02 18:20:00,0.0899581589958159,-0.07304116865869859,0.7024571854058077,0.615068737725406,0.37091518236903065,0.9995545657015591,0.5,0.6855560110105217,0.20730617487579384,0.13956896133018887,0.43951047790796816,0.7424811526808445,0.0
2021-08-02 18:30:00,0.29707112970711297,0.29614873837981404,0.7128816083395382,0.6243527941439027,0.4100718482940938,0.4939866369710468,0.5,0.6855560110105217,0.20730617487579384,0.13956896133018887,0.43951047790796816,0.7424811526808445,0.024940778852392233
2021-08-02 18:40:00,0.1771269177126918,0.6653386454183265,0.7096053611317943,0.6297089805391896,0.4197955791705382,0.0006681514476614699,0.5,0.6855560110105217,0.20730617487579384,0.13956896133018887,0.43951047790796816,0.7424811526808445,0.05372904627548018
2021-08-02 18:50:00,0.16596931659693165,-0.10358565737051795,0.689054355919583,0.6143545795393681,0.45577207470128644,0.9464365256124722,0.5,0.6855560110105217,0.20730617487579384,0.13956896133018887,0.43951047790796816,0.7424811526808445,0.0
2021-08-02 19:00:00,0.15550906555090654,-0.8725099601593626,0.7000744601638123,0.6214961613997501,0.385075447252359,0.8510022271714922,0.5,0.6886665868416058,0.2354090578637806,0.13864740309403636,0.49215699059031703,0.7326085934877391,0.0
2021-08-02 19:10:00,0.12343096234309624,-0.4661354581673308,0.7075204765450482,0.6268523477950365,0.3762678148434126,0.9993318485523385,0.5,0.6886665868416058,0.2354090578637806,0.13864740309403636,0.49215699059031703,0.7326085934877391,0.0
2021-08-02 19:20:00,0.2175732217573222,-0.059760956175298974,0.7143708116157852,0.6232815568648455,0.3688735914986062,0.2071269487750557,0.5,0.6886665868416058,0.2354090578637806,0.13864740309403636,0.49215699059031703,0.7326085934877391,0.01506555818760656
2021-08-02 19:30:00,0.24895397489539747,0.4820717131474104,0.7176470588235293,0.6500624888412785,0.4082658256010261,0.00033407572383073496,0.5,0.6886665868416058,0.2354090578637806,0.13864740309403636,0.49215699059031703,0.7326085934877391,0.1040707937897008
2021-08-02 19:40:00,0.24198047419804744,-0.02788844621513953,0.6869694713328367,0.6197107659346546,0.444333930978524,0.00033407572383073496,0.5,0.6886665868416058,0.2354090578637806,0.13864740309403636,0.49215699059031703,0.7326085934877391,0.089518234078187
2021-08-02 19:50:00,0.42677824267782427,-0.3944223107569722,0.6670141474311242,0.5975718621674699,0.39731190535394123,0.00033407572383073496,0.5,0.6886665868416058,0.2354090578637806,0.13864740309403636,0.49215699059031703,0.7326085934877391,0.3138796264164039
2021-08-02 20:00:00,0.4386331938633194,0.11553784860557759,0.6553983618763959,0.5825745402606679,0.37109840206253025,0.00022271714922048998,0.5,0.6928926901034378,0.22773105138689906,0.11717307984711796,0.49223859294851435,0.7272897819634299,0.3572204535510056
2021-08-02 20:10:00,0.4288702928870293,-0.01195219123505975,0.6503350707371554,0.5754329584002855,0.359568648493018,0.00033407572383073496,0.5,0.6928926901034378,0.22773105138689906,0.11717307984711796,0.49223859294851435,0.7272897819634299,0.31228027822623233
2021-08-02 20:20:00,0.4504881450488145,-0.003984063745020028,0.644676098287416,0.5707909301910372,0.370378610409496,0.00022271714922048998,0.5,0.6928926901034378,0.22773105138689906,0.11717307984711796,0.49223859294851435,0.7272897819634299,0.3506646347903496
2021-08-02 20:30:00,0.5683403068340307,-0.12350597609561753,0.6360387192851822,0.5647205856097126,0.3634031749355459,0.00044543429844097997,0.5,0.6928926901034378,0.22773105138689906,0.11717307984711796,0.49223859294851435,0.7272897819634299,0.6120071819786653
2021-08-02 20:40:00,0.5139470013947002,0.05976095617529875,0.6274013402829486,0.5597214783074451,0.3710067922157805,0.00033407572383073496,0.5,0.6928926901034378,0.22773105138689906,0.11717307984711796,0.49223859294851435,0.7272897819634299,0.4859981592407623
2021-08-02 20:50:00,0.592747559274756,-0.19521912350597614,0.6178704393149663,0.5504374218889485,0.3710067922157805,0.00044543429844097997,0.5,0.6928926901034378,0.22773105138689906,0.11717307984711796,0.49223859294851435,0.7272897819634299,0.6711076240626462
2021-08-02 21:00:00,0.5411436541143654,-0.15537848605577698,0.6104244229337303,0.5504374218889485,0.3710067922157805,0.00022271714922048998,0.5,0.696027680396021,0.23791188108285147,0.11768287262396304,0.4460577155520863,0.7024710934514802,0.5506585995141603
2021-08-02 21:10:00,0.3758716875871687,-0.2509960159362551,0.6047654504839908,0.5632922692376363,0.36231694389551244,0.00033407572383073496,0.5,0.696027680396021,0.23791188108285147,0.11768287262396304,0.4460577155520863,0.7024710934514802,0.24706157490532163
2021-08-02 21:20:00,0.3493723849372385,-0.01195219123505975,0.5999999999999999,0.5786466702374577,0.3568072659695593,0.00022271714922048998,0.5,0.696027680396021,0.23791188108285147,0.11768287262396304,0.4460577155520863,0.7024710934514802,0.19751195739095012
2021-08-02 21:30:00,0.3486750348675035,0.40239043824701204,0.596128071481757,0.576861274772362,0.36827158393425025,0.00022271714922048998,0.5,0.696027680396021,0.23791188108285147,0.11768287262396304,0.4460577155520863,0.7024710934514802,0.2023628106281214
2021-08-02 21:40:00,0.4379358437935844,-0.10756972111553798,0.5949367088607593,0.5693626138189607,0.37362421640863225,0.00022271714922048998,0.5,0.696027680396021,0.23791188108285147,0.11768287262396304,0.4460577155520863,0.7024710934514802,0.34269807022043847
2021-08-02 21:50:00,0.3933054393305439,-0.2270916334661356,0.5949367088607593,0.5575790037493304,0.37362421640863225,0.00022271714922048998,0.5,0.696027680396021,0.23791188108285147,0.11768287262396304,0.4460577155520863,0.7024710934514802,0.25114293042835373
2021-08-02 22:00:00,0.2914923291492329,0.49003984063745,0.5904690990320176,0.542224602749509,0.37362421640863225,0.00033407572383073496,0.5,0.6190941100778695,0.26150048705916706,0.14668374092026729,0.411527116246559,0.6930816809596101,0.13921873349729166
2021-08-02 22:10:00,0.31311018131101814,0.31474103585657365,0.5860014892032761,0.5432958400285663,0.38680294721964115,0.00022271714922048998,0.5,0.6190941100778695,0.26150048705916706,0.14668374092026729,0.411527116246559,0.6930816809596101,0.15583837530364983
2021-08-02 22:20:00,0.44002789400278935,-0.02788844621513953,0.5857036485480267,0.5468666309587575,0.39303241679862855,0.00022271714922048998,0.5,0.6190941100778695,0.26150048705916706,0.14668374092026729,0.411527116246559,0.6930816809596101,0.33954463841151533
2021-08-02 22:30:00,0.46443514644351463,0.41035856573705165,0.58391660461653,0.5382967327262989,0.3880331365902815,0.00033407572383073496,0.5,0.6190941100778695,0.26150048705916706,0.14668374092026729,0.411527116246559,0.6930816809596101,0.38265914268901735
2021-08-02 22:40:00,0.4588563458856346,0.08366533864541825,0.5806403574087862,0.5293697554008212,0.39553205690280197,0.00022271714922048998,0.5,0.6190941100778695,0.26150048705916706,0.14668374092026729,0.411527116246559,0.6930816809596101,0.381738763070145
2021-08-02 22:50:00,0.43165969316596936,-0.01195219123505975,0.581236038719285,0.5332976254240314,0.39232571226655844,0.00022271714922048998,0.5,0.6190941100778695,0.26150048705916706,0.14668374092026729,0.411527116246559,0.6930816809596101,0.32763251203283195
2021-08-02 23:00:00,0.29567642956764295,0.17928286852589648,0.5782576321667907,0.5332976254240314,0.3946159584353038,0.00022271714922048998,0.5,0.557835491222634,0.269408373969489,0.22047916209343235,0.28163491263807666,0.7330649010983582,0.15793563377944084
2021-08-02 23:10:00,0.09344490934449094,0.4422310756972112,0.5764705882352941,0.5379396536332799,0.405988666553245,0.03986636971046771,0.5,0.557835491222634,0.269408373969489,0.22047916209343235,0.28163491263807666,0.7330649010983582,0.011044555426467704
2021-08-02 23:20:00,0.1387726638772664,0.4422310756972112,0.5767684288905432,0.5368684163542226,0.4155946133410111,0.9995545657015591,0.5,0.557835491222634,0.269408373969489,0.22047916209343235,0.28163491263807666,0.7330649010983582,0.0
2021-08-02 23:30:00,0.23361227336122734,0.4422310756972112,0.591362620997766,0.5450812354936618,0.445799688526521,0.9995545657015591,0.5,0.557835491222634,0.269408373969489,0.22047916209343235,0.28163491263807666,0.7330649010983582,0.0
2021-08-02 23:40:00,0.15132496513249652,0.4422310756972112,0.590766939687267,0.5629351901446169,0.6282995903731139,0.7155902004454344,0.5,0.557835491222634,0.269408373969489,0.22047916209343235,0.28163491263807666,0.7330649010983582,0.0
2021-08-02 23:50:00,0.24755927475592746,0.4422310756972112,0.5937453462397615,0.5711480092840564,0.6284304615827565,0.8879732739420935,0.5,0.557835491222634,0.269408373969489,0.22047916209343235,0.28163491263807666,0.7330649010983582,0.0
2021-08-03 00:00:00,0.4100418410041841,0.4422310756972112,0.5842144452717795,0.5600785574004641,0.628155632042507,0.0023385300668151447,0.5,0.5388707911319472,0.28330464617091045,0.1885794497459089,0.18304113711013253,0.960341690188775,0.2663367382349835
2021-08-03 00:10:00,0.4735006973500697,-0.298804780876494,0.5490692479523454,0.5215140153544011,0.6300009160984674,0.00033407572383073496,0.5,0.5388707911319472,0.28330464617091045,0.1885794497459089,0.18304113711013253,0.960341690188775,0.39558217782941296
2021-08-03 00:20:00,0.37308228730822873,-0.043824701195219196,0.5320923306031271,0.4947330833779682,0.619518132206096,0.00022271714922048998,0.5,0.5388707911319472,0.28330464617091045,0.1885794497459089,0.18304113711013253,0.960341690188775,0.2337613350030931
2021-08-03 00:30:00,0.4288702928870293,-0.15537848605577698,0.5195830230826506,0.4768791287270131,0.6128306133933595,0.00033407572383073496,0.5,0.5388707911319472,0.28330464617091045,0.1885794497459089,0.18304113711013253,0.960341690188775,0.3209031790817327
2021-08-03 00:40:00,0.4435146443514645,-0.09960159362549814,0.5106478034251674,0.462595965006249,0.6074910680399419,0.00022271714922048998,0.5,0.5388707911319472,0.28330464617091045,0.1885794497459089,0.18304113711013253,0.960341690188775,0.33538029784087997
2021-08-03 00:50:00,0.46373779637377965,0.05179282868525892,0.504393149664929,0.4508123549366183,0.6074910680399419,0.00033407572383073496,0.5,0.5388707911319472,0.28330464617091045,0.1885794497459089,0.18304113711013253,0.960341690188775,0.38412269716492903
2021-08-03 01:00:00,0.4511854951185495,0.01195219123505975,0.5005212211466863,0.44545616854133185,0.6074910680399419,0.00022271714922048998,0.5,0.43429224577358005,0.29118954503788796,0.32659823522929327,0.4395925594291373,0.07786071844143634,0.36269746669281955
2021-08-03 01:10:00,0.36192468619246865,0.17131474103585642,0.4951600893521966,0.44259953579717903,0.6074910680399419,0.00022271714922048998,0.5,0.43429224577358005,0.29118954503788796,0.32659823522929327,0.4395925594291373,0.07786071844143634,0.21738310424430796
2021-08-03 01:20:00,0.3312412831241283,0.1673306772908365,0.4896500372300818,0.43295840028566324,0.6074910680399419,0.000278396425389755,0.5,0.43429224577358005,0.29118954503788796,0.32659823522929327,0.4395925594291373,0.07786071844143634,0.17997193596571964
2021-08-03 01:30:00,0.300557880055788,0.1633466135458166,0.4841399851079671,0.42331726477414744,0.6074910680399419,0.00033407572383073496,0.5,0.43429224577358005,0.29118954503788796,0.32659823522929327,0.4395925594291373,0.07786071844143634,0.14256076768713127
2021-08-03 01:40:00,0.301952580195258,0.5617529880478087,0.47967237527922557,0.41546152472772735,0.6074910680399419,0.00022271714922048998,0.5,0.43429224577358005,0.29118954503788796,0.32659823522929327,0.4395925594291373,0.07786071844143634,0.1396336587353079
2021-08-03 01:50:00,0.30474198047419804,0.12350597609561742,0.4749069247952342,0.40760578468130704,0.6153826019813902,0.00022271714922048998,0.5,0.43429224577358005,0.29118954503788796,0.32659823522929327,0.4395925594291373,0.07786071844143634,0.1376420175928301
2021-08-03 02:00:00,0.2698744769874477,0.2350597609561753,0.4698436336559937,0.4051062310301732,0.6077135490963343,0.00022271714922048998,0.5,0.3891320292052993,0.3022870229621813,0.3520573118677603,0.5294288722173279,0.11604878026782524,0.11758981245379242
2021-08-03 02:10:00,0.22454672245467225,0.20318725099601576,0.4656738644825016,0.3986788073558294,0.618000026174242,0.00044543429844097997,0.5,0.3891320292052993,0.3022870229621813,0.3520573118677603,0.5294288722173279,0.11604878026782524,0.08753413703094588
2021-08-03 02:20:00,0.24267782426778242,0.36254980079681287,0.46358897989575576,0.39475093733261923,0.6213895905039851,0.00033407572383073496,0.5,0.3891320292052993,0.3022870229621813,0.3520573118677603,0.5294288722173279,0.11604878026782524,0.09710759388626522
2021-08-03 02:30:00,0.16527196652719667,0.585657370517928,0.46031273268801187,0.3936797000535619,0.6408763136197668,0.00033407572383073496,0.5,0.3891320292052993,0.3022870229621813,0.3520573118677603,0.5294288722173279,0.11604878026782524,0.04720340389577078
2021-08-03 02:40:00,0.21199442119944212,-0.02788844621513953,0.4457185405807891,0.404749151937154,0.6887359149860621,0.00033407572383073496,0.5,0.3891320292052993,0.3022870229621813,0.3520573118677603,0.5294288722173279,0.11604878026782524,0.06818353274891742
2021-08-03 02:50:00,0.21408647140864714,-0.019920318725099695,0.4427401340282946,0.39010890912337093,0.6714740024342045,0.00033407572383073496,0.5,0.3891320292052993,0.3022870229621813,0.3520573118677603,0.5294288722173279,0.11604878026782524,0.0784208699850627
2021-08-03 03:00:00,0.15202231520223153,0.38645418326693215,0.43946388682055093,0.3758257454026068,0.6699035479184934,0.00033407572383073496,0.5,0.3716249258310673,0.3109075392161647,0.36893031145421945,0.46383457140182266,0.1317727994531223,0.052310756370988434
2021-08-03 03:10:00,0.15271966527196654,0.49003984063745,0.43678332092330585,0.37332619175147297,0.6702438130635641,0.00022271714922048998,0.5,0.3716249258310673,0.3109075392161647,0.36893031145421945,0.46383457140182266,0.1317727994531223,0.04738446218145058
2021-08-03 03:20:00,0.15690376569037656,0.019920318725099362,0.43350707371556196,0.37189787537939667,0.68630171048671,0.00033407572383073496,0.5,0.3716249258310673,0.3109075392161647,0.36893031145421945,0.46383457140182266,0.1317727994531223,0.056633522941593614
2021-08-03 03:30:00,0.17573221757322177,-0.043824701195219196,0.4278481012658226,0.3647562935190145,0.6863147976076742,0.00033407572383073496,0.5,0.3716249258310673,0.3109075392161647,0.36893031145421945,0.46383457140182266,0.1317727994531223,0.06606364198741645
2021-08-03 03:40:00,0.20292887029288703,-0.1872509960159363,0.42516753536857754,0.3561863952865558,0.6863147976076742,0.00033407572383073496,0.5,0.3716249258310673,0.3109075392161647,0.36893031145421945,0.46383457140182266,0.1317727994531223,0.08289451846040104
2021-08-03 03:50:00,0.18200836820083682,-0.50597609561753,0.42040208488458664,0.34833065524013573,0.6863147976076742,0.00033407572383073496,0.5,0.3716249258310673,0.3109075392161647,0.36893031145421945,0.46383457140182266,0.1317727994531223,0.06848529655838376
2021-08-03 04:00:00,0.2615062761506276,0.06772908366533859,0.41861504095308977,0.3444027852169256,0.6863147976076742,0.00022271714922048998,0.5,0.30096133609808207,0.3233785527302632,0.3462962730470403,0.39157666866651153,0.14730666562094952,0.10467432140863346
2021-08-03 04:10:00,0.29707112970711297,0.08366533864541825,0.4162323157110943,0.33226209605427615,0.6863147976076742,0.00022271714922048998,0.5,0.30096133609808207,0.3233785527302632,0.3462962730470403,0.39157666866651153,0.14730666562094952,0.13764956168806675
2021-08-03 04:20:00,0.33333333333333337,0.3545816733067728,0.41384959046909886,0.3211926441706838,0.6883302142361702,0.00033407572383073496,0.5,0.30096133609808207,0.3233785527302632,0.3462962730470403,0.39157666866651153,0.14730666562094952,0.16846719072981578
2021-08-03 04:30:00,0.35495118549511856,-0.31474103585657376,0.4078927773641099,0.315122299589359,0.6957506118229051,0.00033407572383073496,0.5,0.30096133609808207,0.3233785527302632,0.3462962730470403,0.39157666866651153,0.14730666562094952,0.19805513224798948
2021-08-03 04:40:00,0.3396094839609484,-0.07569721115537853,0.4064035740878629,0.3108373504731299,0.6889060475585975,0.00033407572383073496,0.5,0.30096133609808207,0.3233785527302632,0.3462962730470403,0.39157666866651153,0.14730666562094952,0.18863255729740333
2021-08-03 04:50:00,0.2754532775453278,-0.19521912350597614,0.40521221146686504,0.3086948759150152,0.6889060475585975,0.00033407572383073496,0.5,0.30096133609808207,0.3233785527302632,0.3462962730470403,0.39157666866651153,0.14730666562094952,0.1336134707364546
2021-08-03 05:00:00,0.303347280334728,-0.20318725099601598,0.40551005212211444,0.3076236386359579,0.6889060475585975,0.00022271714922048998,0.5,0.29269634046566906,0.3278899562365137,0.3908104398966364,0.3384063133253251,0.15323283425089193,0.15380901368498875
2021-08-03 05:10:00,0.32914923291492326,-0.17928286852589637,0.4069992553983617,0.30798071772897706,0.6889060475585975,0.00033407572383073496,0.5,0.29269634046566906,0.3278899562365137,0.3908104398966364,0.3384063133253251,0.15323283425089193,0.17046637596753023
2021-08-03 05:20:00,0.28521617852161785,0.003984063745019917,0.4069992553983617,0.3101231922870915,0.6818782636007904,0.00022271714922048998,0.5,0.29269634046566906,0.3278899562365137,0.3908104398966364,0.3384063133253251,0.15323283425089193,0.13482807006955655
2021-08-03 05:30:00,0.3361227336122734,-0.3944223107569722,0.4069992553983617,0.31155150865916803,0.6888929604376333,0.00033407572383073496,0.5,0.29269634046566906,0.3278899562365137,0.3908104398966364,0.3384063133253251,0.15323283425089193,0.16896510101543522
2021-08-03 05:40:00,0.3284518828451883,-0.5219123505976095,0.4069992553983617,0.315122299589359,0.6888929604376333,0.00022271714922048998,0.5,0.29269634046566906,0.3278899562365137,0.3908104398966364,0.3384063133253251,0.15323283425089193,0.16339755873078143
2021-08-03 05:50:00,0.25662482566248257,-0.043824701195219196,0.4072970960536113,0.315122299589359,0.6771407258117286,0.00022271714922048998,0.5,0.29269634046566906,0.3278899562365137,0.3908104398966364,0.3384063133253251,0.15323283425089193,0.11976251188195
2021-08-03 06:00:00,0.2503486750348675,0.11553784860557759,0.4069992553983617,0.3133369041242635,0.6750206122155187,0.00022271714922048998,0.5,0.2997887415312337,0.34942113233354427,0.4528515867680622,0.34978956202871053,0.1513249346966104,0.11427041054966278
2021-08-03 06:10:00,0.2398884239888424,-0.06772908366533881,0.4072970960536113,0.315122299589359,0.6750206122155187,0.00033407572383073496,0.5,0.2997887415312337,0.34942113233354427,0.4528515867680622,0.34978956202871053,0.1513249346966104,0.10404061740875417
2021-08-03 06:20:00,0.2733612273361227,0.027888446215139417,0.4069992553983617,0.315122299589359,0.6648780934682179,0.00022271714922048998,0.5,0.2997887415312337,0.34942113233354427,0.4528515867680622,0.34978956202871053,0.1513249346966104,0.11723523997766949
2021-08-03 06:30:00,0.2112970711297071,0.2669322709163344,0.41027550260610535,0.3119085877521872,0.6688958396042455,0.00033407572383073496,0.5,0.2997887415312337,0.34942113233354427,0.4528515867680622,0.34978956202871053,0.1513249346966104,0.08508985017426861
2021-08-03 06:40:00,0.21687587168758715,-0.3944223107569722,0.4129560685033504,0.3154793786823784,0.675138396304197,0.00033407572383073496,0.5,0.2997887415312337,0.34942113233354427,0.4528515867680622,0.34978956202871053,0.1513249346966104,0.07735715255669388
2021-08-03 06:50:00,0.2280334728033473,-0.3067729083665339,0.4129560685033504,0.3219068023567222,0.6696025441363154,0.00033407572383073496,0.5,0.2997887415312337,0.34942113233354427,0.4528515867680622,0.34978956202871053,0.1513249346966104,0.08442596979344268
2021-08-03 07:00:00,0.2085076708507671,0.298804780876494,0.4147431124348473,0.32226388144974116,0.6613053094449752,0.00033407572383073496,0.5,0.2814999417988586,0.36384900303729634,0.47884163414201436,0.36916413708381995,0.13605113883891448,0.07814173846130634
2021-08-03 07:10:00,0.200836820083682,-0.08366533864541836,0.4162323157110943,0.3233351187287985,0.6613053094449752,0.00033407572383073496,0.5,0.2814999417988586,0.36384900303729634,0.47884163414201436,0.36916413708381995,0.13605113883891448,0.07476198379528343
2021-08-03 07:20:00,0.1882845188284519,0.41035856573705165,0.41682799702159334,0.32547759328691295,0.6613053094449752,0.00033407572383073496,0.5,0.2814999417988586,0.36384900303729634,0.47884163414201436,0.36916413708381995,0.13605113883891448,0.06664453732063914
2021-08-03 07:30:00,0.16108786610878661,0.5139442231075697,0.4192107222635888,0.33226209605427615,0.6613053094449752,0.00033407572383073496,0.5,0.2814999417988586,0.36384900303729634,0.47884163414201436,0.36916413708381995,0.13605113883891448,0.04883292846688897
2021-08-03 07:40:00,0.12273361227336123,0.003984063745019917,0.4192107222635888,0.3408319942867344,0.6613053094449752,0.00044543429844097997,0.5,0.2814999417988586,0.36384900303729634,0.47884163414201436,0.36916413708381995,0.13605113883891448,0.024978499328575526
2021-08-03 07:50:00,0.12133891213389121,-0.23505976095617542,0.4195085629188382,0.3511872879842888,0.6613053094449752,0.00044543429844097997,0.5,0.2814999417988586,0.36384900303729634,0.47884163414201436,0.36916413708381995,0.13605113883891448,0.025680100185584743
2021-08-03 08:00:00,0.11436541143654114,-0.13147410358565736,0.42427401340282933,0.35797179075165153,0.6613053094449752,0.00044543429844097997,0.5,0.2900418014270454,0.3770441399167265,0.46379792828838856,0.3391666274312053,0.13575124448450304,0.016046290568372135
2021-08-03 08:10:00,0.11576011157601115,0.043824701195219085,0.42516753536857754,0.3647562935190145,0.6468963892633259,0.00044543429844097997,0.5,0.2900418014270454,0.3770441399167265,0.46379792828838856,0.3391666274312053,0.13575124448450304,0.01920726647253195
2021-08-03 08:20:00,0.11087866108786612,0.394422310756972,0.42516753536857754,0.36582753079807184,0.6448940597557943,0.00011135857461024499,0.5,0.2900418014270454,0.3770441399167265,0.46379792828838856,0.3391666274312053,0.13575124448450304,0.015261704663759677
2021-08-03 08:30:00,0.10669456066945607,-0.1633466135458168,0.4266567386448248,0.36725584717014814,0.6448940597557943,0.00022271714922048998,0.5,0.2900418014270454,0.3770441399167265,0.46379792828838856,0.3391666274312053,0.13575124448450304,0.008902032379256757
2021-08-03 08:40:00,0.10599721059972106,-0.3784860557768924,0.4305286671630677,0.37546866630958764,0.6448940597557943,0.00022271714922048998,0.5,0.2900418014270454,0.3770441399167265,0.46379792828838856,0.3391666274312053,0.13575124448450304,0.006653891998732593
2021-08-03 08:50:00,0.09762900976290097,0.17131474103585642,0.4391660461653015,0.3826102481699696,0.6448940597557943,0.00033407572383073496,0.5,0.2900418014270454,0.3770441399167265,0.46379792828838856,0.3391666274312053,0.13575124448450304,0.0023537577138373796
2021-08-03 09:00:00,0.13668061366806136,-0.11553784860557781,0.4469099032017869,0.3918943045884662,0.6609650442999044,0.00011135857461024499,0.5,0.31600117803112027,0.38743473550819546,0.4029352650675152,0.35432453217026755,0.1747411303951684,0.02618555456644085
2021-08-03 09:10:00,0.12273361227336123,-0.15537848605577698,0.4528667163067759,0.3918943045884662,0.661396919291725,0.00011135857461024499,0.5,0.31600117803112027,0.38743473550819546,0.4029352650675152,0.35432453217026755,0.1747411303951684,0.02077643828175687
2021-08-03 09:20:00,0.13528591352859135,0.14741035856573692,0.4609084139985107,0.39903588644884835,0.6741830364738061,0.00011135857461024499,0.5,0.31600117803112027,0.38743473550819546,0.4029352650675152,0.35432453217026755,0.1747411303951684,0.029716191137196916
2021-08-03 09:30:00,0.11715481171548117,-0.1394422310756973,0.46746090841399823,0.4022495982860206,0.6778997788276557,0.00011135857461024499,0.5,0.31600117803112027,0.38743473550819546,0.4029352650675152,0.35432453217026755,0.1747411303951684,0.016363142568311784
2021-08-03 09:40:00,0.10739191073919108,-0.03585657370517936,0.4737155621742366,0.41189073379753616,0.6745625629817698,0.00044543429844097997,0.5,0.31600117803112027,0.38743473550819546,0.4029352650675152,0.35432453217026755,0.1747411303951684,0.005333675332317395
2021-08-03 09:50:00,0.10251046025104603,-0.4342629482071714,0.481459419210722,0.41831815747187995,0.6773501197471569,0.3135857461024499,0.5,0.31600117803112027,0.38743473550819546,0.4029352650675152,0.35432453217026755,0.1747411303951684,0.0
2021-08-03 10:00:00,0.1297071129707113,-0.6772908366533865,0.49456440804169755,0.42117479021603277,0.6774417295939066,0.9995545657015591,0.5,0.5414683964468285,0.38684279339208927,0.2595147051755507,0.34785696215083745,0.2437745584066718,0.0
2021-08-03 10:10:00,0.14016736401673638,-0.5649402390438247,0.5115413253909158,0.45045527584359935,0.6774417295939066,0.9995545657015591,0.5,0.5414683964468285,0.38684279339208927,0.2595147051755507,0.34785696215083745,0.2437745584066718,0.0
2021-08-03 10:20:00,0.10111576011157601,-0.45258964143426306,0.5249441548771405,0.4618818068202106,0.6774417295939066,0.9995545657015591,0.5,0.5414683964468285,0.38684279339208927,0.2595147051755507,0.34785696215083745,0.2437745584066718,0.0
2021-08-03 10:30:00,0.12831241283124128,-0.34023904382470127,0.5347728965003722,0.46652383502945916,0.6774417295939066,0.9995545657015591,0.5,0.5414683964468285,0.38684279339208927,0.2595147051755507,0.34785696215083745,0.2437745584066718,0.0
2021-08-03 10:40:00,0.09762900976290097,-0.22788844621513948,0.5463886820551005,0.4718800214247456,0.6774417295939066,0.9995545657015591,0.5,0.5414683964468285,0.38684279339208927,0.2595147051755507,0.34785696215083745,0.2437745584066718,0.0
2021-08-03 10:50:00,0.09344490934449094,-0.11553784860557781,0.5568131049888307,0.47759328691305103,0.6774417295939066,0.9995545657015591,0.5,0.5414683964468285,0.38684279339208927,0.2595147051755507,0.34785696215083745,0.2437745584066718,0.0
2021-08-03 11:00:00,0.061366806136680614,0.6254980079681274,0.5672375279225612,0.4861631851455097,0.6774417295939066,0.9995545657015591,0.5,0.5781925827398429,0.38437157873261235,0.22507186239348725,0.30436165759980055,0.3308259770345197,0.0
2021-08-03 11:10:00,0.06903765690376569,0.6090305444887116,0.5785554728220401,0.49866095340117833,0.6774417295939066,0.9995545657015591,0.5,0.5781925827398429,0.38437157873261235,0.22507186239348725,0.30436165759980055,0.3308259770345197,0.0
2021-08-03 11:20:00,0.14365411436541145,0.5925630810092959,0.5883842144452716,0.507230851633637,0.6774417295939066,0.9995545657015591,0.5,0.5781925827398429,0.38437157873261235,0.22507186239348725,0.30436165759980055,0.3308259770345197,0.0
2021-08-03 11:30:00,0.05718270571827057,0.5760956175298806,0.5937453462397615,0.5133011962149614,0.6774417295939066,0.9995545657015591,0.5,0.5781925827398429,0.38437157873261235,0.22507186239348725,0.30436165759980055,0.3308259770345197,0.0
2021-08-03 11:40:00,0.07112970711297072,0.5596281540504648,0.6044676098287414,0.522228173540439,0.6774417295939066,0.9995545657015591,0.5,0.5781925827398429,0.38437157873261235,0.22507186239348725,0.30436165759980055,0.3308259770345197,0.0
2021-08-03 11:50:00,0.048117154811715475,0.5431606905710491,0.6145941921072224,0.5304409926798785,0.6774417295939066,0.9995545657015591,0.5,0.5781925827398429,0.38437157873261235,0.22507186239348725,0.30436165759980055,0.3308259770345197,0.0
2021-08-03 12:00:00,0.07391910739191074,0.5266932270916334,0.6272524199553238,0.540617746830923,0.6774417295939066,0.9995545657015591,0.5,0.5787951730074781,0.37760447347323456,0.2196968457649853,0.23101105534988742,0.4097530052547789,0.0
2021-08-03 12:10:00,0.099721059972106,0.5102257636122176,0.6399106478034249,0.5507945009819675,0.6774417295939066,0.9995545657015591,0.5,0.5787951730074781,0.37760447347323456,0.2196968457649853,0.23101105534988742,0.4097530052547789,0.0
2021-08-03 12:20:00,0.14365411436541145,0.4937583001328021,0.6476545048399105,0.5575790037493304,0.6774417295939066,0.9995545657015591,0.5,0.5787951730074781,0.37760447347323456,0.2196968457649853,0.23101105534988742,0.4097530052547789,0.0
2021-08-03 12:30:00,0.08716875871687588,0.47729083665338634,0.6497393894266565,0.5632922692376363,0.6774417295939066,0.9995545657015591,0.5,0.5787951730074781,0.37760447347323456,0.2196968457649853,0.23101105534988742,0.4097530052547789,0.0
2021-08-03 12:40:00,0.10808926080892609,0.4608233731739706,0.6539091586001489,0.5693626138189607,0.6774417295939066,0.9995545657015591,0.5,0.5787951730074781,0.37760447347323456,0.2196968457649853,0.23101105534988742,0.4097530052547789,0.0
2021-08-03 12:50:00,0.11436541143654114,0.44435590969455485,0.6571854058078928,0.5765041956793431,0.6774417295939066,0.9995545657015591,0.5,0.5787951730074781,0.37760447347323456,0.2196968457649853,0.23101105534988742,0.4097530052547789,0.0
2021-08-03 13:00:00,0.0885634588563459,0.42788844621513955,0.6622486969471331,0.5836457775397252,0.6774417295939066,0.9995545657015591,0.5,0.6732602945144508,0.365173689034992,0.14981085039395442,0.18440214980738226,0.4971158510321778,0.0
2021-08-03 13:10:00,0.2691771269177127,0.4114209827357236,0.6717795979151151,0.5861453311908589,0.6141916739736426,0.9995545657015591,0.5,0.6732602945144508,0.365173689034992,0.14981085039395442,0.18440214980738226,0.4971158510321778,0.0
2021-08-03 13:20:00,0.2099023709902371,0.39495351925630806,0.6792256142963511,0.6029280485627568,0.39558440538665895,0.5914253897550111,0.5,0.6732602945144508,0.365173689034992,0.14981085039395442,0.18440214980738226,0.4971158510321778,0.009777147426709116
2021-08-03 13:30:00,0.11645746164574616,0.3784860557768923,0.684586746090841,0.6125691840742724,0.3656148983785057,0.2304008908685969,0.5,0.6732602945144508,0.365173689034992,0.14981085039395442,0.18440214980738226,0.4971158510321778,0.007295140093848545
2021-08-03 13:40:00,0.18270571827057183,0.17131474103585642,0.6848845867460907,0.6297089805391896,0.3735064323199539,0.8136971046770601,0.5,0.6732602945144508,0.365173689034992,0.14981085039395442,0.18440214980738226,0.4971158510321778,0.0
2021-08-03 13:50:00,0.1094839609483961,-0.03585657370517936,0.6887565152643333,0.6375647205856096,0.38680294721964115,0.9266146993318485,0.5,0.6732602945144508,0.365173689034992,0.14981085039395442,0.18440214980738226,0.4971158510321778,0.0
2021-08-03 14:00:00,0.17642956764295675,-0.24302788844621515,0.6932241250930751,0.6472058560971254,0.36448940597557944,0.9643652561247216,0.5,0.6790579953525806,0.3439097489418329,0.14378350191368855,0.1546420247237002,0.5857411535805214,0.0
2021-08-03 14:10:00,0.19177126917712692,-0.45019920318725104,0.6967982129560684,0.6557757543295839,0.357749538678986,0.9995545657015591,0.5,0.6790579953525806,0.3439097489418329,0.14378350191368855,0.1546420247237002,0.5857411535805214,0.0
2021-08-03 14:20:00,0.16875871687587168,0.3067729083665336,0.7003723008190617,0.6593465452597751,0.28090196437685677,0.22984409799554567,0.5,0.6790579953525806,0.3439097489418329,0.14378350191368855,0.1546420247237002,0.5857411535805214,0.0
2021-08-03 14:30:00,0.21408647140864714,0.19521912350597592,0.7107967237527921,0.6472058560971254,0.31420868723089607,0.004120267260579065,0.5,0.6790579953525806,0.3439097489418329,0.14378350191368855,0.1546420247237002,0.5857411535805214,0.05007016008570093
2021-08-03 14:40:00,0.07740585774058578,-0.5378486055776892,0.7188384214445271,0.6536332797714692,0.3334860164112497,0.8120267260579065,0.5,0.6790579953525806,0.3439097489418329,0.14378350191368855,0.1546420247237002,0.5857411535805214,0.0
2021-08-03 14:50:00,0.12343096234309624,-0.5209561752988048,0.7227103499627696,0.6575611497946796,0.3334860164112497,0.9995545657015591,0.5,0.6790579953525806,0.3439097489418329,0.14378350191368855,0.1546420247237002,0.5857411535805214,0.0
2021-08-03 15:00:00,0.09135285913528592,-0.5040637450199204,0.7286671630677586,0.6575611497946796,0.3334860164112497,0.9995545657015591,0.5,0.6840658616787343,0.3220394992054768,0.14152088432053692,0.1513392538072464,0.6554545802463801,0.0
2021-08-03 15:10:00,0.1506276150627615,-0.4871713147410359,0.7319434102755025,0.6575611497946796,0.3334860164112497,0.9995545657015591,0.5,0.6840658616787343,0.3220394992054768,0.14152088432053692,0.1513392538072464,0.6554545802463801,0.0
2021-08-03 15:20:00,0.1701534170153417,-0.4702788844621515,0.7367088607594934,0.6589894661667561,0.3328840088468938,0.9995545657015591,0.5,0.6840658616787343,0.3220394992054768,0.14152088432053692,0.1513392538072464,0.6554545802463801,0.0
2021-08-03 15:30:00,0.1492329149232915,-0.45338645418326706,0.7426656738644823,0.6636314943760042,0.19791653034249,0.9944320712694877,0.5,0.6840658616787343,0.3220394992054768,0.14152088432053692,0.1513392538072464,0.6554545802463801,0.0
2021-08-03 15:40:00,0.06834030683403068,-0.4364940239043825,0.7477289650037229,0.683270844492055,0.13067490282812685,0.9995545657015591,0.5,0.6840658616787343,0.3220394992054768,0.14152088432053692,0.1513392538072464,0.6554545802463801,0.0
2021-08-03 15:50:00,0.07740585774058578,-0.4196015936254981,0.7539836187639612,0.689698268166399,0.13067490282812685,0.9995545657015591,0.5,0.6840658616787343,0.3220394992054768,0.14152088432053692,0.1513392538072464,0.6554545802463801,0.0
2021-08-03 16:00:00,0.07461645746164575,-0.40270916334661366,0.7587490692479522,0.696839850026781,0.13067490282812685,0.9995545657015591,0.5,0.7342420493739124,0.3117437292928021,0.10328211437695525,0.16400565574535161,0.7103785025879867,0.0
2021-08-03 16:10:00,0.055788005578800565,-0.3858167330677291,0.7587490692479522,0.6943402963756471,0.13067490282812685,0.9995545657015591,0.5,0.7342420493739124,0.3117437292928021,0.10328211437695525,0.16400565574535161,0.7103785025879867,0.0
2021-08-03 16:20:00,0.05230125523012552,-0.3689243027888447,0.7611317944899476,0.6996964827709338,0.13067490282812685,0.9995545657015591,0.5,0.7342420493739124,0.3117437292928021,0.10328211437695525,0.16400565574535161,0.7103785025879867,0.0
2021-08-03 16:30:00,0.18479776847977683,-0.35203187250996026,0.7706626954579296,0.7100517764684879,0.12528300899085212,0.9995545657015591,0.5,0.7342420493739124,0.3117437292928021,0.10328211437695525,0.16400565574535161,0.7103785025879867,0.0
2021-08-03 16:40:00,0.15690376569037656,-0.33513944223107583,0.7742367833209232,0.7254061774683094,0.0939622567431391,0.8258351893095768,0.5,0.7342420493739124,0.3117437292928021,0.10328211437695525,0.16400565574535161,0.7103785025879867,0.0
2021-08-03 16:50:00,0.1492329149232915,-0.3182470119521913,0.7718540580789277,0.7361185502588823,0.06264150449542606,0.9993318485523385,0.5,0.7342420493739124,0.3117437292928021,0.10328211437695525,0.16400565574535161,0.7103785025879867,0.0
2021-08-03 17:00:00,0.17852161785216178,-0.30135458167330675,0.7703648548026802,0.7143367255847171,0.03132074701286466,0.9993318485523385,0.5,0.7445671986373261,0.2958905999017271,0.10246720681874469,0.1468213617572731,0.734579764194692,0.0
2021-08-03 17:10:00,0.10808926080892609,-0.2844621513944223,0.7670886075949366,0.7025531155150866,0.0,0.7306236080178173,0.5,0.7445671986373261,0.2958905999017271,0.10246720681874469,0.1468213617572731,0.734579764194692,0.0
2021-08-03 17:20:00,0.11506276150627615,-0.2675697211155379,0.7700670141474311,0.7071951437243349,0.0032456059991362736,0.9995545657015591,0.5,0.7445671986373261,0.2958905999017271,0.10246720681874469,0.1468213617572731,0.734579764194692,0.0
2021-08-03 17:30:00,0.05230125523012552,-0.25067729083665347,0.7736411020104241,0.7075522228173541,0.0032456059991362736,0.9995545657015591,0.5,0.7445671986373261,0.2958905999017271,0.10246720681874469,0.1468213617572731,0.734579764194692,0.0
2021-08-03 17:40:00,0.16457461645746163,-0.23378486055776904,0.7736411020104241,0.7075522228173541,0.0032456059991362736,0.9995545657015591,0.5,0.7445671986373261,0.2958905999017271,0.10246720681874469,0.1468213617572731,0.734579764194692,0.0
2021-08-03 17:50:00,0.08647140864714087,-0.2168924302788846,0.7736411020104241,0.7039814318871631,0.0032456059991362736,0.9995545657015591,0.5,0.7445671986373261,0.2958905999017271,0.10246720681874469,0.1468213617572731,0.734579764194692,0.0
2021-08-03 18:00:00,0.09762900976290097,-0.20000000000000007,0.7712583767684287,0.6961256918407428,0.0032456059991362736,0.9995545657015591,0.5,0.6682280137267973,0.2833103931817476,0.20734844729421145,0.0909263320640256,0.5587703739157399,0.0
2021-08-03 18:10:00,0.08716875871687588,-0.18310756972111564,0.7703648548026802,0.689698268166399,0.0032456059991362736,0.9995545657015591,0.5,0.6682280137267973,0.2833103931817476,0.20734844729421145,0.0909263320640256,0.5587703739157399,0.0
2021-08-03 18:20:00,0.07112970711297072,-0.1662151394422312,0.7676842889054354,0.6875557936082841,0.0032456059991362736,0.9995545657015591,0.5,0.6682280137267973,0.2833103931817476,0.20734844729421145,0.0909263320640256,0.5587703739157399,0.0
2021-08-03 18:30:00,0.08786610878661089,-0.14932270916334678,0.7664929262844375,0.679700053561864,0.0032456059991362736,0.9995545657015591,0.5,0.6682280137267973,0.2833103931817476,0.20734844729421145,0.0909263320640256,0.5587703739157399,0.0
2021-08-03 18:40:00,0.04114365411436541,-0.13243027888446224,0.7644080416976917,0.676486341724692,0.0032456059991362736,0.9995545657015591,0.5,0.6682280137267973,0.2833103931817476,0.20734844729421145,0.0909263320640256,0.5587703739157399,0.0
2021-08-03 18:50:00,0.07880055788005579,-0.11553784860557781,0.7644080416976917,0.6704159971433674,0.0032456059991362736,0.9995545657015591,0.5,0.6682280137267973,0.2833103931817476,0.20734844729421145,0.0909263320640256,0.5587703739157399,0.0
2021-08-03 19:00:00,0.05160390516039052,-0.5219123505976095,0.7611317944899476,0.6664881271201573,0.0032456059991362736,0.9995545657015591,0.5,0.6766640106489743,0.3028732180674545,0.20145628266969604,0.15336829201382435,0.6340039689181934,0.0
2021-08-03 19:10:00,0.05439330543933055,-0.4114968696642003,0.7563663440059567,0.6589894661667561,0.0032456059991362736,0.9995545657015591,0.5,0.6766640106489743,0.3028732180674545,0.20145628266969604,0.15336829201382435,0.6340039689181934,0.0
2021-08-03 19:20:00,0.08437935843793584,-0.30108138873079104,0.7507073715562174,0.6472058560971254,0.0032456059991362736,0.9995545657015591,0.5,0.6766640106489743,0.3028732180674545,0.20145628266969604,0.15336829201382435,0.6340039689181934,0.0
2021-08-03 19:30:00,0.05718270571827057,-0.19066590779738202,0.7483246463142217,0.6372076414925907,0.0032456059991362736,0.9995545657015591,0.5,0.6766640106489743,0.3028732180674545,0.20145628266969604,0.15336829201382435,0.6340039689181934,0.0
2021-08-03 19:40:00,0.05788005578800558,-0.08025042686397277,0.746537602382725,0.6361364042135333,0.0032456059991362736,0.9995545657015591,0.5,0.6766640106489743,0.3028732180674545,0.20145628266969604,0.15336829201382435,0.6340039689181934,0.0
2021-08-03 19:50:00,0.11506276150627615,0.03016505406943648,0.7417721518987339,0.6325656132833424,0.0032456059991362736,0.9995545657015591,0.5,0.6766640106489743,0.3028732180674545,0.20145628266969604,0.15336829201382435,0.6340039689181934,0.0
2021-08-03 20:00:00,0.2880055788005579,0.1405805350028455,0.7387937453462394,0.6264952687020175,0.005003899962047356,0.9507795100222717,0.5,0.7053105456131847,0.28880166203553526,0.16491339800092752,0.19162833426026385,0.679240958828863,0.0
2021-08-03 20:10:00,0.21269177126917713,0.25099601593625476,0.7301563663440056,0.6304231387252275,0.00676215466359557,0.009465478841870824,0.5,0.7053105456131847,0.28880166203553526,0.16491339800092752,0.19162833426026385,0.679240958828863,0.06469061665434464
2021-08-03 20:20:00,0.2301255230125523,-0.1394422310756973,0.7313477289650034,0.6368505623995715,0.008520422452264753,0.00033407572383073496,0.5,0.7053105456131847,0.28880166203553526,0.16491339800092752,0.19162833426026385,0.679240958828863,0.07795313608038988
2021-08-03 20:30:00,0.2294281729428173,0.09960159362549792,0.7298585256887564,0.64542046063203,0.010278703328054866,0.00033407572383073496,0.5,0.7053105456131847,0.28880166203553526,0.16491339800092752,0.19162833426026385,0.679240958828863,0.09765831283854126
2021-08-03 20:40:00,0.1631799163179916,0.09960159362549792,0.7292628443782574,0.6582753079807178,0.012036984203845018,0.00044543429844097997,0.5,0.7053105456131847,0.28880166203553526,0.16491339800092752,0.19162833426026385,0.679240958828863,0.04951189703818821
2021-08-03 20:50:00,0.1324965132496513,0.4422310756972112,0.7307520476545046,0.686841635422246,0.013795251992514163,0.00011135857461024499,0.5,0.7053105456131847,0.28880166203553526,0.16491339800092752,0.19162833426026385,0.679240958828863,0.02103293751980325
2021-08-03 21:00:00,0.21478382147838215,0.5617529880478087,0.7241995532390171,0.7139796464916979,0.015553506694062377,0.00022271714922048998,0.5,0.7416601767113387,0.2924912429922391,0.14813880617437677,0.17665583846889824,0.6690185158495229,0.07670081627110462
2021-08-03 21:10:00,0.25732217573221755,-0.2749003984063746,0.6813104988830974,0.6629173361899661,0.01731178756985253,0.00033407572383073496,0.5,0.7416601767113387,0.2924912429922391,0.14813880617437677,0.17665583846889824,0.6690185158495229,0.11089065588363989
2021-08-03 21:20:00,0.16527196652719667,-0.26693227091633476,0.6613551749813849,0.6189966077486162,0.01907006844564264,0.00011135857461024499,0.5,0.7416601767113387,0.2924912429922391,0.14813880617437677,0.17665583846889824,0.6690185158495229,0.04497035170571993
2021-08-03 21:30:00,0.12133891213389121,0.25099601593625476,0.6545048399106477,0.6093554722371006,0.020828336234311823,0.00011135857461024499,0.5,0.7416601767113387,0.2924912429922391,0.14813880617437677,0.17665583846889824,0.6690185158495229,0.01815109313939979
2021-08-03 21:40:00,0.14714086471408647,-0.4900398406374503,0.6482501861504093,0.6086413140510623,0.02258660402298099,0.00011135857461024499,0.5,0.7416601767113387,0.2924912429922391,0.14813880617437677,0.17665583846889824,0.6690185158495229,0.03269610875567693
2021-08-03 21:50:00,0.18479776847977683,-0.33067729083665354,0.6443782576321666,0.5986430994465273,0.024344879663922746,0.00011135857461024499,0.5,0.7416601767113387,0.2924912429922391,0.14813880617437677,0.17665583846889824,0.6690185158495229,0.05550945275133153
2021-08-03 22:00:00,0.1304044630404463,0.5776892430278884,0.6411020104244229,0.5922156757721835,0.026103152687440304,0.00011135857461024499,0.5,0.6730486024555209,0.29758596809834215,0.1823613728237587,0.18686231715813853,0.6459618391451666,0.026773993994900193
2021-08-03 22:10:00,0.10181311018131102,0.4820717131474104,0.6381236038719285,0.597214783074451,0.027861420476109466,0.00011135857461024499,0.5,0.6730486024555209,0.29758596809834215,0.1823613728237587,0.18686231715813853,0.6459618391451666,0.005974923427433348
2021-08-03 22:20:00,0.06694560669456066,0.593625498007968,0.6363365599404316,0.5890019639350117,0.029619701351899598,0.1339643652561247,0.5,0.6730486024555209,0.29758596809834215,0.1823613728237587,0.18686231715813853,0.6459618391451666,0.0
2021-08-03 22:30:00,0.11018131101813111,0.5139442231075697,0.635145197319434,0.5647205856097126,0.031377969140568784,0.9993318485523385,0.5,0.6730486024555209,0.29758596809834215,0.1823613728237587,0.18686231715813853,0.6459618391451666,0.0
2021-08-03 22:40:00,0.1297071129707113,0.43426294820717115,0.6399106478034249,0.5779325120514194,0.03313623692923794,0.9993318485523385,0.5,0.6730486024555209,0.29758596809834215,0.1823613728237587,0.18686231715813853,0.6459618391451666,0.0
2021-08-03 22:50:00,0.12691771269177127,0.3545816733067728,0.643186895011169,0.5793608284234957,0.03489451780502808,0.9993318485523385,0.5,0.6730486024555209,0.29758596809834215,0.1823613728237587,0.18686231715813853,0.6459618391451666,0.0
2021-08-03 23:00:00,0.1506276150627615,0.2749003984063745,0.6396128071481755,0.576861274772362,0.03665278559369726,0.9993318485523385,0.5,0.6089318239503865,0.3012496875062851,0.18605026886496415,0.22105511560928026,0.645907694694894,0.0
2021-08-03 23:10:00,0.18270571827057183,0.19521912350597592,0.6384214445271779,0.5682913765399038,0.03841105861721481,0.9993318485523385,0.5,0.6089318239503865,0.3012496875062851,0.18605026886496415,0.22105511560928026,0.645907694694894,0.0
2021-08-03 23:20:00,0.1387726638772664,0.11553784860557759,0.6363365599404316,0.5647205856097126,0.04016933425815656,0.9989977728285078,0.5,0.6089318239503865,0.3012496875062851,0.18605026886496415,0.22105511560928026,0.645907694694894,0.0
2021-08-03 23:30:00,0.12133891213389121,0.03585657370517925,0.6384214445271779,0.5668630601678271,0.04192760204682572,0.9995545657015591,0.5,0.6089318239503865,0.3012496875062851,0.18605026886496415,0.22105511560928026,0.645907694694894,0.0
2021-08-03 23:40:00,0.12133891213389121,-0.043824701195219196,0.6396128071481755,0.5568648455632923,0.04368587637905539,0.9995545657015591,0.5,0.6089318239503865,0.3012496875062851,0.18605026886496415,0.22105511560928026,0.645907694694894,0.0
2021-08-03 23:50:00,0.13737796373779637,-0.12350597609561753,0.6369322412509306,0.5493661846098912,0.045444150711285033,0.9995545657015591,0.5,0.6089318239503865,0.3012496875062851,0.18605026886496415,0.22105511560928026,0.645907694694894,0.0
2021-08-04 00:00:00,0.13598326359832635,-0.21912350597609564,0.6300819061801934,0.5468666309587575,0.0472024184999542,0.9913140311804008,0.5,0.5418999520716103,0.3052467335427164,0.1970530426702895,0.2561134089590417,0.7050925088459913,0.0
2021-08-04 00:10:00,0.08577405857740586,0.7290836653386452,0.627699180938198,0.5465095518657381,0.048960692832183864,0.9995545657015591,0.5,0.5418999520716103,0.3052467335427164,0.1970530426702895,0.2561134089590417,0.7050925088459913,0.0
2021-08-04 00:20:00,0.08716875871687588,0.6620185922974768,0.6181682799702157,0.5390108909123372,0.050718967164413514,0.9995545657015591,0.5,0.5418999520716103,0.3052467335427164,0.1970530426702895,0.2561134089590417,0.7050925088459913,0.0
2021-08-04 00:30:00,0.1087866108786611,0.594953519256308,0.6154877140729709,0.532226388144974,0.05247723495308268,0.9995545657015591,0.5,0.5418999520716103,0.3052467335427164,0.1970530426702895,0.2561134089590417,0.7050925088459913,0.0
2021-08-04 00:40:00,0.09205020920502092,0.5278884462151392,0.6139985107967236,0.5257989644706302,0.054235509285312324,0.9995545657015591,0.5,0.5418999520716103,0.3052467335427164,0.1970530426702895,0.2561134089590417,0.7050925088459913,0.0
2021-08-04 00:50:00,0.0899581589958159,0.4608233731739706,0.6083395383469843,0.5207998571683627,0.055993783617541995,0.9995545657015591,0.5,0.5418999520716103,0.3052467335427164,0.1970530426702895,0.2561134089590417,0.7050925088459913,0.0
2021-08-04 01:00:00,0.08716875871687588,0.393758300132802,0.6065524944154874,0.5172290662381716,0.057752051406211154,0.9995545657015591,0.5,0.47407004082084603,0.30934147876335855,0.2449178922934677,0.28201035942859476,0.7836067528084528,0.0
2021-08-04 01:10:00,0.06903765690376569,0.3266932270916332,0.6038719285182426,0.514372433494019,0.0595103270471529,0.9995545657015591,0.5,0.47407004082084603,0.30934147876335855,0.2449178922934677,0.28201035942859476,0.7836067528084528,0.0
2021-08-04 01:20:00,0.10460251046025104,0.2596281540504648,0.6029784065524944,0.5083020889126941,0.06126860007067047,0.9995545657015591,0.5,0.47407004082084603,0.30934147876335855,0.2449178922934677,0.28201035942859476,0.7836067528084528,0.0
2021-08-04 01:30:00,0.11785216178521618,0.19256308100929598,0.598808637379002,0.5065166934475986,0.06302686785933964,0.9995545657015591,0.5,0.47407004082084603,0.30934147876335855,0.2449178922934677,0.28201035942859476,0.7836067528084528,0.0
2021-08-04 01:40:00,0.11854951185495119,0.12549800796812738,0.5976172747580044,0.5040171397964648,0.06478514873512976,0.9995545657015591,0.5,0.47407004082084603,0.30934147876335855,0.2449178922934677,0.28201035942859476,0.7836067528084528,0.0
2021-08-04 01:50:00,0.15202231520223153,0.05843293492695878,0.5973194341027548,0.49830387430815937,0.06654341652379893,0.9995545657015591,0.5,0.47407004082084603,0.30934147876335855,0.2449178922934677,0.28201035942859476,0.7836067528084528,0.0
2021-08-04 02:00:00,0.42747559274755925,-0.00863213811420993,0.5925539836187639,0.4933047670058919,0.06830168431246811,0.9926503340757239,0.5,0.4570189408859848,0.311002364894959,0.25624987556364126,0.2771844650366023,0.8696029654184111,0.0
2021-08-04 02:10:00,0.37935843793584384,-0.07569721115537853,0.5922561429635145,0.507587930726656,0.1713365876640798,0.01982182628062361,0.5,0.4570189408859848,0.311002364894959,0.25624987556364126,0.2771844650366023,0.8696029654184111,0.24474553766766755
2021-08-04 02:20:00,0.31729428172942814,0.2749003984063745,0.6035740878629932,0.5225852526334585,0.17578620879192786,0.00033407572383073496,0.5,0.4570189408859848,0.311002364894959,0.25624987556364126,0.2771844650366023,0.8696029654184111,0.1652081415875794
2021-08-04 02:30:00,0.27615062761506276,0.027888446215139417,0.5943410275502605,0.5108016425638278,0.18509115179751606,0.00022271714922048998,0.5,0.4570189408859848,0.311002364894959,0.25624987556364126,0.2771844650366023,0.8696029654184111,0.12792522292801425
2021-08-04 02:40:00,0.3110181311018131,-0.2509960159362551,0.5883842144452716,0.4918764506338156,0.17668922013846175,0.00022271714922048998,0.5,0.4570189408859848,0.311002364894959,0.25624987556364126,0.2771844650366023,0.8696029654184111,0.14465802616292228
2021-08-04 02:50:00,0.30613668061366806,0.003984063745019917,0.5854058078927771,0.48223531512229956,0.16522490217377078,0.00033407572383073496,0.5,0.4570189408859848,0.311002364894959,0.25624987556364126,0.2771844650366023,0.8696029654184111,0.14861113206693122
2021-08-04 03:00:00,0.2754532775453278,-0.15537848605577698,0.5788533134772895,0.4736654168898411,0.16522490217377078,0.00022271714922048998,0.5,0.45447019784719145,0.30254276494438265,0.25264987622307467,0.24884376532868901,0.976071454375506,0.12784223788041102
2021-08-04 03:10:00,0.2691771269177127,-0.4342629482071714,0.5731943410275502,0.4683092304945544,0.16110245907002918,0.00022271714922048998,0.5,0.45447019784719145,0.30254276494438265,0.25264987622307467,0.24884376532868901,0.976071454375506,0.11946074807248366
2021-08-04 03:20:00,0.300557880055788,-0.47410358565737054,0.5645569620253164,0.46616675593643975,0.15137872819358472,0.00033407572383073496,0.5,0.45447019784719145,0.30254276494438265,0.25264987622307467,0.24884376532868901,0.976071454375506,0.14354904416313352
2021-08-04 03:30:00,0.31311018131101814,0.14741035856573692,0.5612807148175725,0.4636672022853061,0.13850100116475378,0.00022271714922048998,0.5,0.45447019784719145,0.30254276494438265,0.25264987622307467,0.24884376532868901,0.976071454375506,0.14943343844772697
2021-08-04 03:40:00,0.3096234309623431,0.5458167330677288,0.5562174236783319,0.45509730405284765,0.14118386096242688,0.00033407572383073496,0.5,0.45447019784719145,0.30254276494438265,0.25264987622307467,0.24884376532868901,0.976071454375506,0.16164732863587672
2021-08-04 03:50:00,0.29428172942817293,-0.31474103585657376,0.5547282204020847,0.4543831458668095,0.15130020546779915,0.00033407572383073496,0.5,0.45447019784719145,0.30254276494438265,0.25264987622307467,0.24884376532868901,0.976071454375506,0.15016521568568283
2021-08-04 04:00:00,0.299860529986053,-0.3227091633466136,0.552941176470588,0.4543831458668095,0.15130020546779915,0.00033407572383073496,0.5,0.413283735065737,0.30845643909461573,0.26844178540590097,0.2712120150201275,0.074500522260366,0.15529520044661044
2021-08-04 04:10:00,0.29428172942817293,-0.31474103585657376,0.552941176470588,0.45224067130869505,0.15132637970972768,0.00033407572383073496,0.5,0.413283735065737,0.30845643909461573,0.26844178540590097,0.2712120150201275,0.074500522260366,0.15145525597115136
2021-08-04 04:20:00,0.30264993026499304,-0.17131474103585675,0.5493670886075948,0.4500981967505804,0.15133946683069194,0.00033407572383073496,0.5,0.413283735065737,0.30845643909461573,0.26844178540590097,0.2712120150201275,0.074500522260366,0.1536958522564389
2021-08-04 04:30:00,0.3075313807531381,-0.1633466135458168,0.5469843633655993,0.44866988037850386,0.15133946683069194,0.00033407572383073496,0.5,0.413283735065737,0.30845643909461573,0.26844178540590097,0.2712120150201275,0.074500522260366,0.15144016778067806
2021-08-04 04:40:00,0.301952580195258,-0.019920318725099695,0.5469843633655993,0.44724156400642756,0.15133946683069194,0.00022271714922048998,0.5,0.413283735065737,0.30845643909461573,0.26844178540590097,0.2712120150201275,0.074500522260366,0.1485960438764579
2021-08-04 04:50:00,0.3228730822873082,-0.01195219123505975,0.5466865227103499,0.44724156400642756,0.15133946683069194,0.00033407572383073496,0.5,0.413283735065737,0.30845643909461573,0.26844178540590097,0.2712120150201275,0.074500522260366,0.16747137015857688
2021-08-04 05:00:00,0.3417015341701534,0.003984063745019917,0.5443037974683544,0.4465274058203892,0.15133946683069194,0.00033407572383073496,0.5,0.39925359121052684,0.3017324364165104,0.2670692761462507,0.3238934523545611,0.13854621310733506,0.1927365451061454
2021-08-04 05:10:00,0.37377963737796377,0.09960159362549792,0.5443037974683544,0.44724156400642756,0.15133946683069194,0.00022271714922048998,0.5,0.39925359121052684,0.3017324364165104,0.2670692761462507,0.3238934523545611,0.13854621310733506,0.22263379452902216
2021-08-04 05:20:00,0.37377963737796377,0.22709163346613526,0.5446016381236036,0.44724156400642756,0.15133946683069194,0.00022271714922048998,0.5,0.39925359121052684,0.3017324364165104,0.2670692761462507,0.3238934523545611,0.13854621310733506,0.23946467100200675
2021-08-04 05:30:00,0.3668061366806137,0.2350597609561753,0.5457930007446015,0.44724156400642756,0.15133946683069194,0.00022271714922048998,0.5,0.39925359121052684,0.3017324364165104,0.2670692761462507,0.3238934523545611,0.13854621310733506,0.23220725138434148
2021-08-04 05:40:00,0.3758716875871687,0.17131474103585642,0.5466865227103499,0.4515265131226567,0.15133946683069194,0.00022271714922048998,0.5,0.39925359121052684,0.3017324364165104,0.2670692761462507,0.3238934523545611,0.13854621310733506,0.22964225900387766
2021-08-04 05:50:00,0.35564853556485354,0.29083665338645415,0.5469843633655993,0.4500981967505804,0.15133946683069194,0.00022271714922048998,0.5,0.39925359121052684,0.3017324364165104,0.2670692761462507,0.3238934523545611,0.13854621310733506,0.2197821265295653
2021-08-04 06:00:00,0.3417015341701534,0.49800796812749004,0.5469843633655993,0.45224067130869505,0.15133946683069194,0.00022271714922048998,0.5,0.40868300990286555,0.338039177372868,0.2494215690787601,0.37649596341079145,0.18146321916522942,0.20054468367608672
2021-08-04 06:10:00,0.33472803347280333,0.6095617529880477,0.544899478778853,0.44724156400642756,0.15209851984661896,0.00033407572383073496,0.5,0.40868300990286555,0.338039177372868,0.2494215690787601,0.37649596341079145,0.18146321916522942,0.18394013006020188
2021-08-04 06:20:00,0.25313807531380755,0.22709163346613526,0.5297096053611317,0.4572397786109621,0.19349308345657038,0.00033407572383073496,0.5,0.40868300990286555,0.338039177372868,0.2494215690787601,0.37649596341079145,0.18146321916522942,0.07398494198590763
2021-08-04 06:30:00,0.18270571827057183,0.49003984063745,0.496947133283693,0.4672379932154971,0.19896350001963067,0.00033407572383073496,0.5,0.40868300990286555,0.338039177372868,0.2494215690787601,0.37649596341079145,0.18146321916522942,0.05045490894277049
2021-08-04 06:40:00,0.15341701534170155,0.1633466135458166,0.46835443037974667,0.44688448491340815,0.21492978759602677,0.00033407572383073496,0.5,0.40868300990286555,0.338039177372868,0.2494215690787601,0.37649596341079145,0.18146321916522942,0.03766766751663473
2021-08-04 06:50:00,0.14504881450488147,0.4661354581673305,0.4457185405807891,0.4165327620067847,0.22511156770622032,0.00011135857461024499,0.5,0.40868300990286555,0.338039177372868,0.2494215690787601,0.37649596341079145,0.18146321916522942,0.03300541666037992
2021-08-04 07:00:00,0.1499302649930265,0.2350597609561753,0.4344005956813102,0.39760757007677205,0.24133959770190158,0.00011135857461024499,0.5,0.410466299538093,0.34083222463915896,0.25903090929404227,0.3809950596151307,0.20119275532917164,0.03382772304117568
2021-08-04 07:10:00,0.1311018131101813,0.01195219123505975,0.426061057334326,0.3861810391001608,0.24139194618575863,0.00011135857461024499,0.5,0.410466299538093,0.34083222463915896,0.25903090929404227,0.3809950596151307,0.20119275532917164,0.030214101422816362
2021-08-04 07:20:00,0.12482566248256625,0.05179282868525892,0.42546537602382717,0.3861810391001608,0.24139194618575863,0.00011135857461024499,0.5,0.410466299538093,0.34083222463915896,0.25903090929404227,0.3809950596151307,0.20119275532917164,0.022851064471837892
2021-08-04 07:30:00,0.12133891213389121,-0.08366533864541836,0.4278481012658226,0.3940367791465811,0.24139194618575863,0.00011135857461024499,0.5,0.410466299538093,0.34083222463915896,0.25903090929404227,0.3809950596151307,0.20119275532917164,0.022526668376661587
2021-08-04 07:40:00,0.17154811715481172,0.6254980079681274,0.4311243484735665,0.3936797000535619,0.24139194618575863,0.00011135857461024499,0.5,0.410466299538093,0.34083222463915896,0.25903090929404227,0.3809950596151307,0.20119275532917164,0.04223184513481298
2021-08-04 07:50:00,0.16666666666666669,0.08366533864541825,0.43678332092330585,0.3861810391001608,0.24139194618575863,0.00011135857461024499,0.5,0.410466299538093,0.34083222463915896,0.25903090929404227,0.3809950596151307,0.20119275532917164,0.05372904627548018
2021-08-04 08:00:00,0.14574616457461645,-0.33067729083665354,0.44810126582278453,0.3922513836814856,0.24139194618575863,0.00022271714922048998,0.5,0.4083491454771708,0.35051881140322017,0.2513157916428732,0.328146123179177,0.21915048525695763,0.04970804351434133
2021-08-04 08:10:00,0.15829846582984658,-0.4183266932270917,0.4549516008935217,0.4022495982860206,0.24058054468597453,0.00022271714922048998,0.5,0.4083491454771708,0.35051881140322017,0.2513157916428732,0.328146123179177,0.21915048525695763,0.041952713611056625
2021-08-04 08:20:00,0.16387726638772665,-0.5856573705179284,0.45316455696202507,0.40760578468130704,0.21701063982934393,0.00033407572383073496,0.5,0.4083491454771708,0.35051881140322017,0.2513157916428732,0.328146123179177,0.21915048525695763,0.055109615703788646
2021-08-04 08:30:00,0.19386331938633192,-0.4661354581673308,0.4576321667907668,0.40439207284413503,0.20851709832353982,0.00022271714922048998,0.5,0.4083491454771708,0.35051881140322017,0.2513157916428732,0.328146123179177,0.21915048525695763,0.069164265129683
2021-08-04 08:40:00,0.18549511854951187,0.03585657370517925,0.47133283693224115,0.407962863774326,0.1988326288099881,0.00033407572383073496,0.5,0.4083491454771708,0.35051881140322017,0.2513157916428732,0.328146123179177,0.21915048525695763,0.06574678998747681
2021-08-04 08:50:00,0.19456066945606695,0.06772908366533859,0.4778853313477287,0.41831815747187995,0.1923152425697871,0.00022271714922048998,0.5,0.4083491454771708,0.35051881140322017,0.2513157916428732,0.328146123179177,0.21915048525695763,0.07227997646242286
2021-08-04 09:00:00,0.1603905160390516,-0.3227091633466136,0.4844378257632167,0.4115336547045172,0.19206658727146617,0.00033407572383073496,0.5,0.40245372008686475,0.3407115374116037,0.2435321943649637,0.3166518081152273,0.2873402297282719,0.046396185705448345
2021-08-04 09:10:00,0.14714086471408647,-0.50597609561753,0.49218168279970187,0.417961078378861,0.18202876549187944,0.00033407572383073496,0.5,0.40245372008686475,0.3407115374116037,0.2435321943649637,0.3166518081152273,0.2873402297282719,0.03606831932646318
2021-08-04 09:20:00,0.10460251046025104,0.43426294820717115,0.5046909903201784,0.4336725584717014,0.175236549711429,0.00033407572383073496,0.5,0.40245372008686475,0.3407115374116037,0.2435321943649637,0.3166518081152273,0.2873402297282719,0.011210525521674185
2021-08-04 09:30:00,0.12133891213389121,-0.01195219123505975,0.5180938198064033,0.45509730405284765,0.18479014801533813,0.00033407572383073496,0.5,0.40245372008686475,0.3407115374116037,0.2435321943649637,0.3166518081152273,0.2873402297282719,0.016310333901655177
2021-08-04 09:40:00,0.10320781032078104,0.12350597609561742,0.5282204020848844,0.4640242813783253,0.18518276164426586,0.000556792873051225,0.5,0.40245372008686475,0.3407115374116037,0.2435321943649637,0.3166518081152273,0.2873402297282719,0.00535630761802737
2021-08-04 09:50:00,0.10599721059972106,0.31474103585657365,0.5395383469843631,0.4740224959828603,0.20754865137218464,0.12583518930957685,0.5,0.40245372008686475,0.3407115374116037,0.2435321943649637,0.3166518081152273,0.2873402297282719,0.0
2021-08-04 10:00:00,0.13807531380753138,0.1633466135458166,0.5526433358153384,0.47116586323870724,0.21605527999895302,0.9995545657015591,0.5,0.6425862252407506,0.3423321944673524,0.14952209463453248,0.31768392515672045,0.40511352493653274,0.0
2021-08-04 10:10:00,0.17852161785216178,0.01195219123505975,0.5708116157855547,0.4990180324941975,0.21542709819266861,0.9995545657015591,0.5,0.6425862252407506,0.3423321944673524,0.14952209463453248,0.31768392515672045,0.40511352493653274,0.0
2021-08-04 10:20:00,0.20571827057182707,-0.1394422310756973,0.5865971705137749,0.5183003035172289,0.17579929591289215,0.09398663697104677,0.5,0.6425862252407506,0.3423321944673524,0.14952209463453248,0.31768392515672045,0.40511352493653274,0.031496597613048266
2021-08-04 10:30:00,0.18131101813110181,0.298804780876494,0.6062546537602382,0.5561506873772541,0.18391331091073274,0.00011135857461024499,0.5,0.6425862252407506,0.3423321944673524,0.14952209463453248,0.31768392515672045,0.40511352493653274,0.044879822562880034
2021-08-04 10:40:00,0.14504881450488147,0.17928286852589648,0.6104244229337303,0.5847170148187824,0.18077240187931057,0.00011135857461024499,0.5,0.6425862252407506,0.3423321944673524,0.14952209463453248,0.31768392515672045,0.40511352493653274,0.0179323143775367
2021-08-04 10:50:00,0.1506276150627615,0.31474103585657365,0.6065524944154874,0.5765041956793431,0.2109251285809635,0.00022271714922048998,0.5,0.6425862252407506,0.3423321944673524,0.14952209463453248,0.31768392515672045,0.40511352493653274,0.01937323656773843
2021-08-04 11:00:00,0.18410041841004185,0.11553784860557759,0.6098287416232313,0.5775754329584004,0.1860072502650142,0.00033407572383073496,0.5,0.6510059125021721,0.3428436784317551,0.138692422107912,0.2882389084923391,0.47061155492469053,0.05972660198862351
2021-08-04 11:10:00,0.17852161785216178,0.17928286852589648,0.6157855547282203,0.5772183538653812,0.20340003402651452,0.00033407572383073496,0.5,0.6510059125021721,0.3428436784317551,0.138692422107912,0.2882389084923391,0.47061155492469053,0.04861414970502587
2021-08-04 11:20:00,0.20781032078103207,0.027888446215139417,0.6232315711094563,0.5793608284234957,0.2084909240816113,0.00033407572383073496,0.5,0.6510059125021721,0.3428436784317551,0.138692422107912,0.2882389084923391,0.47061155492469053,0.06822879732033738
2021-08-04 11:30:00,0.19804741980474197,-0.20318725099601598,0.6309754281459417,0.5818603820746295,0.20860870817028962,0.000556792873051225,0.5,0.6510059125021721,0.3428436784317551,0.138692422107912,0.2882389084923391,0.47061155492469053,0.07006201246284534
2021-08-04 11:40:00,0.2099023709902371,-0.3784860557768924,0.6381236038719285,0.587216568469916,0.20860870817028962,0.00044543429844097997,0.5,0.6510059125021721,0.3428436784317551,0.138692422107912,0.2882389084923391,0.47061155492469053,0.07564464293797245
2021-08-04 11:50:00,0.17503486750348674,-0.1633466135458168,0.644080416976917,0.5918585966791645,0.22088442763476462,0.04298440979955456,0.5,0.6510059125021721,0.3428436784317551,0.138692422107912,0.2882389084923391,0.47061155492469053,0.007370581046215127
2021-08-04 12:00:00,0.22036262203626222,0.25099601593625476,0.650037230081906,0.5954293876093555,0.2031775529701221,0.00033407572383073496,0.5,0.6608994727877147,0.3314444824385715,0.13897166680806444,0.26324950173239353,0.515113288298048,0.07013745341521191
2021-08-04 12:10:00,0.17154811715481172,-0.29083665338645437,0.6571854058078928,0.6136404213533297,0.23085681380953005,0.00033407572383073496,0.5,0.6608994727877147,0.3314444824385715,0.13897166680806444,0.26324950173239353,0.515113288298048,0.02294159361467779
2021-08-04 12:20:00,0.22384937238493724,-0.15537848605577698,0.6658227848101264,0.6343510087484376,0.22772899189907214,0.00044543429844097997,0.5,0.6608994727877147,0.3314444824385715,0.13897166680806444,0.26324950173239353,0.515113288298048,0.07572008389033903
2021-08-04 12:30:00,0.23570432357043236,0.6175298804780875,0.6723752792256141,0.6322085341903232,0.22151260944104909,0.00044543429844097997,0.5,0.6608994727877147,0.3314444824385715,0.13897166680806444,0.26324950173239353,0.515113288298048,0.0905668633160825
2021-08-04 12:40:00,0.20641562064156208,-0.09960159362549814,0.6789277736411017,0.6397071951437245,0.2335527607281674,0.00022271714922048998,0.5,0.6608994727877147,0.3314444824385715,0.13897166680806444,0.26324950173239353,0.515113288298048,0.06579959865413341
2021-08-04 12:50:00,0.16527196652719667,-0.24302788844621515,0.6854802680565895,0.6472058560971254,0.2489693892240646,0.27583518930957684,0.5,0.6608994727877147,0.3314444824385715,0.13897166680806444,0.26324950173239353,0.515113288298048,0.023794076376420177
2021-08-04 13:00:00,0.15550906555090654,-0.26162018592297487,0.6991809381980638,0.6536332797714692,0.2597531768986141,0.9995545657015591,0.5,0.7670984446453781,0.3268871028456321,0.0920916556687118,0.22856129397235128,0.5758586304569969,0.0
2021-08-04 13:10:00,0.1506276150627615,-0.2802124833997345,0.7194341027550257,0.6714872344224245,0.2597531768986141,0.9995545657015591,0.5,0.7670984446453781,0.3268871028456321,0.0920916556687118,0.22856129397235128,0.5758586304569969,0.0
2021-08-04 13:20:00,0.2315202231520223,-0.298804780876494,0.7337304542069991,0.6839850026780931,0.2600803549227206,0.7115812917594655,0.5,0.7670984446453781,0.3268871028456321,0.0920916556687118,0.22856129397235128,0.5758586304569969,0.01686105285393123
2021-08-04 13:30:00,0.17294281729428174,0.8804780876494025,0.7420699925539835,0.6979110873058383,0.3014094829278507,0.00011135857461024499,0.5,0.7670984446453781,0.3268871028456321,0.0920916556687118,0.22856129397235128,0.5758586304569969,0.0405117914208549
2021-08-04 13:40:00,0.08647140864714087,0.2828685258964143,0.7331347728965001,0.7032672737011247,0.39447200010469696,0.7513363028953229,0.5,0.7670984446453781,0.3268871028456321,0.0920916556687118,0.22856129397235128,0.5758586304569969,0.0
2021-08-04 13:50:00,0.11645746164574616,0.14900398406374493,0.7471332836932238,0.7182645956079272,0.4005967727159702,0.9996659242761693,0.5,0.7670984446453781,0.3268871028456321,0.0920916556687118,0.22856129397235128,0.5758586304569969,0.0
2021-08-04 14:00:00,0.1304044630404463,0.01513944223107555,0.762025316455696,0.7393322620960543,0.4005967727159702,0.9996659242761693,0.5,0.7687107329908416,0.30134738669049593,0.09574745322365939,0.17094036445833954,0.6320157535491873,0.0
2021-08-04 14:10:00,0.1506276150627615,-0.11872509960159383,0.7724497393894265,0.7521871094447421,0.4005967727159702,0.9996659242761693,0.5,0.7687107329908416,0.30134738669049593,0.09574745322365939,0.17094036445833954,0.6320157535491873,0.0
2021-08-04 14:20:00,0.18410041841004185,-0.2525896414342631,0.7787043931496647,0.7596857703981432,0.3991441022889375,0.9996659242761693,0.5,0.7687107329908416,0.30134738669049593,0.09574745322365939,0.17094036445833954,0.6320157535491873,0.0
2021-08-04 14:30:00,0.15341701534170155,-0.38645418326693237,0.7855547282204018,0.7664702731655062,0.33330279671775004,0.9987750556792873,0.5,0.7687107329908416,0.30134738669049593,0.09574745322365939,0.17094036445833954,0.6320157535491873,0.0
2021-08-04 14:40:00,0.19107391910739194,0.2749003984063745,0.7882352941176469,0.7718264595607927,0.3661776445799689,0.47160356347438753,0.5,0.7687107329908416,0.30134738669049593,0.09574745322365939,0.17094036445833954,0.6320157535491873,0.0
2021-08-04 14:50:00,0.2112970711297071,-0.1872509960159363,0.7953834698436335,0.7707552222817353,0.30593762678148434,0.01514476614699332,0.5,0.7687107329908416,0.30134738669049593,0.09574745322365939,0.17094036445833954,0.6320157535491873,0.04202815456342321
2021-08-04 15:00:00,0.14016736401673638,0.6175298804780875,0.7879374534623975,0.7621853240492771,0.3226891416157359,0.7793986636971046,0.5,0.7716909983013271,0.2866781415316375,0.09413551889866499,0.1240690222602006,0.6547270830038704,0.0
2021-08-04 15:10:00,0.13598326359832635,0.17529880478087634,0.7932985852568875,0.7561149794679523,0.3245736870345892,0.9995545657015591,0.5,0.7716909983013271,0.2866781415316375,0.09413551889866499,0.1240690222602006,0.6547270830038704,0.0
2021-08-04 15:20:00,0.06415620641562064,-0.26693227091633476,0.8016381236038719,0.7600428494911624,0.3245998612765178,0.9995545657015591,0.5,0.7716909983013271,0.2866781415316375,0.09413551889866499,0.1240690222602006,0.6547270830038704,0.0
2021-08-04 15:30:00,0.08786610878661089,-0.260838996953363,0.8129560685033506,0.7611140867702197,0.3245998612765178,0.9995545657015591,0.5,0.7716909983013271,0.2866781415316375,0.09413551889866499,0.1240690222602006,0.6547270830038704,0.0
2021-08-04 15:40:00,0.09205020920502092,-0.25474572299039155,0.8242740134028292,0.7603999285841814,0.3245998612765178,0.9995545657015591,0.5,0.7716909983013271,0.2866781415316375,0.09413551889866499,0.1240690222602006,0.6547270830038704,0.0
2021-08-04 15:50:00,0.05788005578800558,-0.2486524490274198,0.82933730454207,0.7579003749330475,0.3245998612765178,0.9995545657015591,0.5,0.7716909983013271,0.2866781415316375,0.09413551889866499,0.1240690222602006,0.6547270830038704,0.0
2021-08-04 16:00:00,0.04602510460251046,-0.24255917506444813,0.8299329858525686,0.7579003749330475,0.3245998612765178,0.9995545657015591,0.5,0.8080080767841482,0.26242288229834515,0.07226743779798941,0.09304390693067735,0.6362783837252547,0.0
2021-08-04 16:10:00,0.06694560669456066,-0.23646590110147647,0.832315711094564,0.7579003749330475,0.3245998612765178,0.9995545657015591,0.5,0.8080080767841482,0.26242288229834515,0.07226743779798941,0.09304390693067735,0.6362783837252547,0.0
2021-08-04 16:20:00,0.10529986052998605,-0.23037262713850493,0.8415487714072969,0.7518300303517227,0.3245998612765178,0.9995545657015591,0.5,0.8080080767841482,0.26242288229834515,0.07226743779798941,0.09304390693067735,0.6362783837252547,0.0
2021-08-04 16:30:00,0.1589958158995816,-0.22427935317553327,0.8472077438570362,0.7486163185145509,0.3245998612765178,0.9995545657015591,0.5,0.8080080767841482,0.26242288229834515,0.07226743779798941,0.09304390693067735,0.6362783837252547,0.0
2021-08-04 16:40:00,0.10599721059972106,-0.2181860792125615,0.8415487714072969,0.7411176575611498,0.3245998612765178,0.9995545657015591,0.5,0.8080080767841482,0.26242288229834515,0.07226743779798941,0.09304390693067735,0.6362783837252547,0.0
2021-08-04 16:50:00,0.09065550906555091,-0.21209280524959007,0.838868205510052,0.7389751830030351,0.3245998612765178,0.9995545657015591,0.5,0.8080080767841482,0.26242288229834515,0.07226743779798941,0.09304390693067735,0.6362783837252547,0.0
2021-08-04 17:00:00,0.10739191073919108,-0.2059995312866183,0.838868205510052,0.7361185502588823,0.3245998612765178,0.9995545657015591,0.5,0.8083500793636762,0.25296617596772436,0.07044955733627947,0.0804158072915682,0.550224931172111,0.0
2021-08-04 17:10:00,0.1771269177126918,-0.19990625732364664,0.8412509307520475,0.7357614711658633,0.3245998612765178,0.9995545657015591,0.5,0.8083500793636762,0.25296617596772436,0.07044955733627947,0.0804158072915682,0.550224931172111,0.0
2021-08-04 17:20:00,0.1708507670850767,-0.19381298336067498,0.8397617274758002,0.7289769683985003,0.27689730536179347,0.8035634743875278,0.5,0.8083500793636762,0.25296617596772436,0.07044955733627947,0.0804158072915682,0.550224931172111,0.0
2021-08-04 17:30:00,0.0808926080892608,-0.18771970939770344,0.8409530900967979,0.7389751830030351,0.21339859444320844,0.9971046770601337,0.5,0.8083500793636762,0.25296617596772436,0.07044955733627947,0.0804158072915682,0.550224931172111,0.0
2021-08-04 17:40:00,0.061366806136680614,-0.18162643543473178,0.8475055845122859,0.7400464202820924,0.21339859444320844,0.9993318485523385,0.5,0.8083500793636762,0.25296617596772436,0.07044955733627947,0.0804158072915682,0.550224931172111,0.0
2021-08-04 17:50:00,0.12482566248256625,-0.17553316147176,0.8522710349962768,0.7400464202820924,0.21339859444320844,0.9993318485523385,0.5,0.8083500793636762,0.25296617596772436,0.07044955733627947,0.0804158072915682,0.550224931172111,0.0
2021-08-04 18:00:00,0.2615062761506276,-0.16943988750878858,0.8600148920327622,0.7421888948402071,0.28649016502859537,0.6595768374164811,0.5,0.7586543095693681,0.2411991712810378,0.11573018874887342,0.22184623175752452,0.43015103923320497,0.008720974093576958
2021-08-04 18:10:00,0.21548117154811713,-0.1633466135458168,0.8579300074460161,0.7543295840028565,0.31300467210218424,0.00011135857461024499,0.5,0.7586543095693681,0.2411991712810378,0.11573018874887342,0.22184623175752452,0.43015103923320497,0.07370581046215127
2021-08-04 18:20:00,0.1206415620641562,-0.1872509960159363,0.8588235294117645,0.7721835386538116,0.32694245592912013,0.33652561247216034,0.5,0.7586543095693681,0.2411991712810378,0.11573018874887342,0.22184623175752452,0.43015103923320497,0.011859317712026798
2021-08-04 18:30:00,0.11366806136680613,-0.6892430278884463,0.8522710349962768,0.7743260132119265,0.33013571344439935,0.9995545657015591,0.5,0.7586543095693681,0.2411991712810378,0.11573018874887342,0.22184623175752452,0.43015103923320497,0.0
2021-08-04 18:40:00,0.0899581589958159,-0.5338645418326693,0.8483991064780338,0.7554008212819139,0.33013571344439935,0.9995545657015591,0.5,0.7586543095693681,0.2411991712810378,0.11573018874887342,0.22184623175752452,0.43015103923320497,0.0
2021-08-04 18:50:00,0.15829846582984658,-0.3784860557768924,0.8478034251675353,0.7457596857703983,0.33013571344439935,0.9995545657015591,0.5,0.7586543095693681,0.2411991712810378,0.11573018874887342,0.22184623175752452,0.43015103923320497,0.0
2021-08-04 19:00:00,0.05369595536959554,-0.22310756972111556,0.8421444527177959,0.7371897875379396,0.33013571344439935,0.9995545657015591,0.5,0.7640204547827163,0.23656995405264855,0.11275829976246447,0.2531053142295015,0.422022472411031,0.0
2021-08-04 19:10:00,0.11087866108786612,-0.06772908366533881,0.8421444527177959,0.7293340474915195,0.33013571344439935,0.9995545657015591,0.5,0.7640204547827163,0.23656995405264855,0.11275829976246447,0.2531053142295015,0.422022472411031,0.0
2021-08-04 19:20:00,0.19316596931659694,0.08764940239043817,0.8430379746835439,0.7225495447241563,0.28321838478753064,0.9991091314031181,0.5,0.7640204547827163,0.23656995405264855,0.11275829976246447,0.2531053142295015,0.422022472411031,0.0
2021-08-04 19:30:00,0.31241283124128316,0.24302788844621515,0.8424422933730453,0.7343331547937868,0.2159113216683462,0.3446547884187082,0.5,0.7640204547827163,0.23656995405264855,0.11275829976246447,0.2531053142295015,0.422022472411031,0.10989483531240098
2021-08-04 19:40:00,0.32914923291492326,0.15537848605577675,0.8230826507818316,0.7204070701660419,0.2261716245043253,0.00033407572383073496,0.5,0.7640204547827163,0.23656995405264855,0.11275829976246447,0.2531053142295015,0.422022472411031,0.18852693996409012
2021-08-04 19:50:00,0.30613668061366806,-0.15537848605577698,0.7938942665673863,0.6889841099803606,0.2357252228082344,0.00033407572383073496,0.5,0.7640204547827163,0.23656995405264855,0.11275829976246447,0.2531053142295015,0.422022472411031,0.1369177844501109
2021-08-04 20:00:00,0.3326359832635983,0.2350597609561753,0.7813849590469095,0.6786288162828067,0.23263666226066926,0.00022271714922048998,0.5,0.7773258360035258,0.23001548819420384,0.09835399071999608,0.2627404679216314,0.40998243101868886,0.17696184196629297
2021-08-04 20:10:00,0.2873082287308229,-0.1633466135458168,0.7709605361131793,0.6736297089805392,0.23470442737302222,0.00033407572383073496,0.5,0.7773258360035258,0.23001548819420384,0.09835399071999608,0.2627404679216314,0.40998243101868886,0.12239540111954374
2021-08-04 20:20:00,0.32217573221757323,0.11553784860557759,0.7617274758004466,0.6657739689341189,0.22702228736700214,0.00022271714922048998,0.5,0.7773258360035258,0.23001548819420384,0.09835399071999608,0.2627404679216314,0.40998243101868886,0.1573245620652715
2021-08-04 20:30:00,0.30474198047419804,-0.043824701195219196,0.7521965748324644,0.660060703445813,0.2332386698250252,0.00022271714922048998,0.5,0.7773258360035258,0.23001548819420384,0.09835399071999608,0.2627404679216314,0.40998243101868886,0.13921873349729166
2021-08-04 20:40:00,0.28521617852161785,0.17928286852589648,0.7423678332092329,0.6579182288876986,0.23139338576906465,0.00022271714922048998,0.5,0.7773258360035258,0.23001548819420384,0.09835399071999608,0.2627404679216314,0.40998243101868886,0.12080359702460884
2021-08-04 20:50:00,0.2280334728033473,0.49800796812749004,0.7328369322412507,0.6536332797714692,0.2270615487298949,0.00033407572383073496,0.5,0.7773258360035258,0.23001548819420384,0.09835399071999608,0.2627404679216314,0.40998243101868886,0.08341506103173046
2021-08-04 21:00:00,0.30264993026499304,0.2828685258964143,0.723603871928518,0.6489912515622211,0.2270615487298949,0.00033407572383073496,0.5,0.8014612322032084,0.22975974621200249,0.08945645818044307,0.24834769604060078,0.39396901158897557,0.14118774235405948
2021-08-04 21:10:00,0.20641562064156208,0.4183266932270917,0.7173492181682797,0.6439921442599537,0.2270615487298949,0.00033407572383073496,0.5,0.8014612322032084,0.22975974621200249,0.08945645818044307,0.24834769604060078,0.39396901158897557,0.0758181571284156
2021-08-04 21:20:00,0.16945606694560672,0.41035856573705165,0.7096053611317943,0.6497054097482591,0.2270615487298949,0.00022271714922048998,0.5,0.8014612322032084,0.22975974621200249,0.08945645818044307,0.24834769604060078,0.39396901158897557,0.04983629313336452
2021-08-04 21:30:00,0.17433751743375175,0.09163346613545809,0.7051377513030528,0.6507766470273164,0.2270615487298949,0.00022271714922048998,0.5,0.8014612322032084,0.22975974621200249,0.08945645818044307,0.24834769604060078,0.39396901158897557,0.04930820646679844
2021-08-04 21:40:00,0.16666666666666669,-0.1394422310756973,0.7015636634400593,0.6507766470273164,0.2270615487298949,0.00033407572383073496,0.5,0.8014612322032084,0.22975974621200249,0.08945645818044307,0.24834769604060078,0.39396901158897557,0.04546071789610272
2021-08-04 21:50:00,0.14644351464435149,-0.3705179282868527,0.6991809381980638,0.6529191215854313,0.2270615487298949,0.00033407572383073496,0.5,0.8014612322032084,0.22975974621200249,0.08945645818044307,0.24834769604060078,0.39396901158897557,0.03580427599318014
2021-08-04 22:00:00,0.11645746164574616,-0.1872509960159363,0.6991809381980638,0.6597036243527941,0.2270615487298949,0.00022271714922048998,0.5,0.6590103537995673,0.23986299126167204,0.1689463407594416,0.2035854122653487,0.365708936062633,0.015789791330325754
2021-08-04 22:10:00,0.12622036262203626,0.15537848605577675,0.696500372300819,0.6657739689341189,0.2270615487298949,0.00022271714922048998,0.5,0.6590103537995673,0.23986299126167204,0.1689463407594416,0.2035854122653487,0.365708936062633,0.02095749656743667
2021-08-04 22:20:00,0.25174337517433754,-0.5378486055776892,0.6896500372300818,0.6618460989109087,0.22276897305361792,0.00033407572383073496,0.5,0.6590103537995673,0.23986299126167204,0.1689463407594416,0.2035854122653487,0.365708936062633,0.09461804245816799
2021-08-04 22:30:00,0.23361227336122734,-0.17928286852589637,0.6842889054355916,0.6447063024459916,0.21317611338681605,0.00033407572383073496,0.5,0.6590103537995673,0.23986299126167204,0.1689463407594416,0.2035854122653487,0.365708936062633,0.08360366341264693
2021-08-04 22:40:00,0.21548117154811713,-0.33864541832669326,0.6798212956068501,0.6364934833065523,0.21317611338681605,0.00033407572383073496,0.5,0.6590103537995673,0.23986299126167204,0.1689463407594416,0.2035854122653487,0.365708936062633,0.07768909274710685
2021-08-04 22:50:00,0.22036262203626222,0.06772908366533859,0.6783320923306031,0.6311372969112659,0.21317611338681605,0.00033407572383073496,0.5,0.6590103537995673,0.23986299126167204,0.1689463407594416,0.2035854122653487,0.365708936062633,0.08021636465138736
2021-08-04 23:00:00,0.20781032078103207,0.21912350597609564,0.6762472077438568,0.6279235850740938,0.21317611338681605,0.00044543429844097997,0.5,0.5618417976247931,0.23821359915174173,0.2364155125630314,0.18911842436853687,0.3335246874983823,0.0717292575101468
2021-08-04 23:10:00,0.17642956764295675,-0.15537848605577698,0.6688011913626208,0.6257811105159794,0.20216984465587418,0.00033407572383073496,0.5,0.5618417976247931,0.23821359915174173,0.2364155125630314,0.18911842436853687,0.3335246874983823,0.05942483817915717
2021-08-04 23:20:00,0.200836820083682,-0.01195219123505975,0.6649292628443781,0.6261381896089984,0.1967125152137781,0.00033407572383073496,0.5,0.5618417976247931,0.23821359915174173,0.2364155125630314,0.18911842436853687,0.3335246874983823,0.07557674608084253
2021-08-04 23:30:00,0.19316596931659694,-0.5856573705179284,0.6631422189128813,0.6200678450276735,0.1967125152137781,0.00022271714922048998,0.5,0.5618417976247931,0.23821359915174173,0.2364155125630314,0.18911842436853687,0.3335246874983823,0.05532085037041508
2021-08-04 23:40:00,0.17852161785216178,-0.17131474103585675,0.660163812360387,0.6189966077486162,0.18357304576566202,0.00033407572383073496,0.5,0.5618417976247931,0.23821359915174173,0.2364155125630314,0.18911842436853687,0.3335246874983823,0.05142809722829941
2021-08-04 23:50:00,0.16387726638772665,-0.01195219123505975,0.6631422189128813,0.6207820032137119,0.1802620041617045,0.00044543429844097997,0.5,0.5618417976247931,0.23821359915174173,0.2364155125630314,0.18911842436853687,0.3335246874983823,0.045853010848408954
2021-08-05 00:00:00,0.19386331938633192,-0.059760956175298974,0.6631422189128813,0.6247098732369221,0.1802620041617045,0.00033407572383073496,0.5,0.5511583694741853,0.24081699506044404,0.24428103176478214,0.1989373867848534,0.28645657376021055,0.06810054770131418
2021-08-05 00:10:00,0.20432357043235705,-0.298804780876494,0.6574832464631419,0.6179253704695589,0.1802620041617045,0.00044543429844097997,0.5,0.5511583694741853,0.24081699506044404,0.24428103176478214,0.1989373867848534,0.28645657376021055,0.07740996122335049
2021-08-05 00:20:00,0.24616457461645744,0.11553784860557759,0.6545048399106477,0.6111408677021961,0.1802620041617045,0.000556792873051225,0.5,0.5511583694741853,0.24081699506044404,0.24428103176478214,0.1989373867848534,0.28645657376021055,0.09559123074369691
2021-08-05 00:30:00,0.1903765690376569,0.2828685258964143,0.6553983618763959,0.6079271558650241,0.1802620041617045,0.00033407572383073496,0.5,0.5511583694741853,0.24081699506044404,0.24428103176478214,0.1989373867848534,0.28645657376021055,0.05830831208413176
2021-08-05 00:40:00,0.12552301255230125,-0.298804780876494,0.650037230081906,0.6097125513301196,0.176702307259426,0.00033407572383073496,0.5,0.5511583694741853,0.24081699506044404,0.24428103176478214,0.1989373867848534,0.28645657376021055,0.017743711996620247
2021-08-05 00:50:00,0.09483960948396096,0.24302788844621515,0.6428890543559194,0.6229244777718264,0.15848503487717738,0.00033407572383073496,0.5,0.5511583694741853,0.24081699506044404,0.24428103176478214,0.1989373867848534,0.28645657376021055,0.003530636570756069
2021-08-05 01:00:00,0.09135285913528592,-0.1872509960159363,0.6396128071481755,0.631851455097304,0.16491081127062857,0.00033407572383073496,0.5,0.45002423101950706,0.233561393880008,0.25835790674013265,0.25136429817309514,0.21676413475859824,0.0
2021-08-05 01:10:00,0.17224546722454673,-0.45019920318725104,0.635145197319434,0.6336368505623997,0.15471594403947078,0.00033407572383073496,0.5,0.45002423101950706,0.233561393880008,0.25835790674013265,0.25136429817309514,0.21676413475859824,0.05129230351403956
2021-08-05 01:20:00,0.22384937238493724,0.05179282868525892,0.6306775874906922,0.615068737725406,0.14846030021855494,0.00033407572383073496,0.5,0.45002423101950706,0.233561393880008,0.25835790674013265,0.25136429817309514,0.21676413475859824,0.08587443607888107
2021-08-05 01:30:00,0.24755927475592746,-0.019920318725099695,0.6303797468354431,0.6011426530976611,0.14846030021855494,0.00022271714922048998,0.5,0.45002423101950706,0.233561393880008,0.25835790674013265,0.25136429817309514,0.21676413475859824,0.10591909712268209
2021-08-05 01:40:00,0.2733612273361227,-0.2509960159362551,0.6303797468354431,0.5911444384931261,0.14224391776053186,0.00022271714922048998,0.5,0.45002423101950706,0.233561393880008,0.25835790674013265,0.25136429817309514,0.21676413475859824,0.12053955369132581
2021-08-05 01:50:00,0.2635983263598326,-0.02788844621513953,0.6303797468354431,0.5847170148187824,0.13461412623836883,0.00022271714922048998,0.5,0.45002423101950706,0.233561393880008,0.25835790674013265,0.25136429817309514,0.21676413475859824,0.11989076150097318
2021-08-05 02:00:00,0.25871687587168757,-0.17928286852589637,0.6279970215934472,0.5793608284234957,0.13461412623836883,0.00022271714922048998,0.5,0.44877022156123814,0.22972813765240438,0.257413014705239,0.33829597927043487,0.15227467082433194,0.11114715512168627
2021-08-05 02:10:00,0.25383542538354253,-0.2589641434262948,0.6262099776619507,0.5757900374933047,0.13461412623836883,0.00022271714922048998,0.5,0.44877022156123814,0.22972813765240438,0.257413014705239,0.33829597927043487,0.15227467082433194,0.10697527045581424
2021-08-05 02:20:00,0.2789400278940028,-0.4900398406374503,0.6214445271779596,0.5743617211212282,0.13461412623836883,0.00022271714922048998,0.5,0.44877022156123814,0.22972813765240438,0.257413014705239,0.33829597927043487,0.15227467082433194,0.12124115454833503
2021-08-05 02:30:00,0.28870292887029286,0.07569721115537842,0.6166790766939687,0.5682913765399038,0.12171022496760937,0.00022271714922048998,0.5,0.44877022156123814,0.22972813765240438,0.257413014705239,0.33829597927043487,0.15227467082433194,0.1380041341641897
2021-08-05 02:40:00,0.30613668061366806,0.5617529880478087,0.6139985107967236,0.5586502410283878,0.12076795225818272,0.00022271714922048998,0.5,0.44877022156123814,0.22972813765240438,0.257413014705239,0.33829597927043487,0.15227467082433194,0.1530244277803763
2021-08-05 02:50:00,0.3472803347280335,-0.20318725099601598,0.6125093075204764,0.5518657382610248,0.13397285731112013,0.00022271714922048998,0.5,0.44877022156123814,0.22972813765240438,0.257413014705239,0.33829597927043487,0.15227467082433194,0.1870784736786517
2021-08-05 03:00:00,0.38772663877266383,-0.4661354581673308,0.6083395383469843,0.549009105516872,0.13461412623836883,0.00022271714922048998,0.5,0.450504648920377,0.2261678644395094,0.2607683896013941,0.4132969996118203,0.13245889322749946,0.24626944490547248
2021-08-05 03:10:00,0.36262203626220363,-0.043824701195219196,0.6062546537602382,0.5472237100517765,0.12629071730510005,0.00022271714922048998,0.5,0.450504648920377,0.2261678644395094,0.2607683896013941,0.4132969996118203,0.13245889322749946,0.2308870347179263
2021-08-05 03:20:00,0.3682008368200837,-0.043824701195219196,0.6038719285182426,0.5443670773076237,0.12341155069296307,0.00022271714922048998,0.5,0.450504648920377,0.2261678644395094,0.2607683896013941,0.4132969996118203,0.13245889322749946,0.23179232614632528
2021-08-05 03:30:00,0.47698744769874474,0.2749003984063745,0.5976172747580044,0.5340117836100697,0.1257672324665297,0.00033407572383073496,0.5,0.450504648920377,0.2261678644395094,0.2607683896013941,0.4132969996118203,0.13245889322749946,0.4310394254417068
2021-08-05 03:40:00,0.5746164574616458,-0.043824701195219196,0.5868950111690245,0.5332976254240314,0.13461412623836883,0.00033407572383073496,0.5,0.450504648920377,0.2261678644395094,0.2607683896013941,0.4132969996118203,0.13245889322749946,0.6197097032152934
2021-08-05 03:50:00,0.5725244072524408,0.29083665338645415,0.5764705882352941,0.525441885377611,0.13915535721296673,0.00011135857461024499,0.5,0.450504648920377,0.2261678644395094,0.2607683896013941,0.4132969996118203,0.13245889322749946,0.6560420658750397
2021-08-05 04:00:00,0.6136680613668062,0.2828685258964143,0.5708116157855547,0.5275843599357259,0.14751802750912826,0.00011135857461024499,0.5,0.36520835841763577,0.23046950205024747,0.29989194168528616,0.46699221922346346,0.15108907480896647,0.7616443109977821
2021-08-05 04:10:00,0.6248256624825663,-0.08366533864541836,0.5699180938198063,0.5318693090519551,0.1571108871759302,0.00011135857461024499,0.5,0.36520835841763577,0.23046950205024747,0.29989194168528616,0.46699221922346346,0.15108907480896647,0.8064713248940055
2021-08-05 04:20:00,0.5690376569037657,-0.29083665338645437,0.5633655994043185,0.5304409926798785,0.15698001596628758,0.00011135857461024499,0.5,0.36520835841763577,0.23046950205024747,0.29989194168528616,0.46699221922346346,0.15108907480896647,0.6257525234998567
2021-08-05 04:30:00,0.5704323570432357,-0.01195219123505975,0.5594936708860758,0.5461524727727192,0.14589522450956016,0.00011135857461024499,0.5,0.36520835841763577,0.23046950205024747,0.29989194168528616,0.46699221922346346,0.15108907480896647,0.6363519773073616
2021-08-05 04:40:00,0.5411436541143654,-0.23505976095617542,0.5556217423678329,0.5450812354936618,0.14569891769509627,0.00011135857461024499,0.5,0.36520835841763577,0.23046950205024747,0.29989194168528616,0.46699221922346346,0.15108907480896647,0.5670820948443653
2021-08-05 04:50:00,0.5648535564853556,-0.059760956175298974,0.552941176470588,0.5547223710051776,0.13466647472222587,0.00011135857461024499,0.5,0.36520835841763577,0.23046950205024747,0.29989194168528616,0.46699221922346346,0.15108907480896647,0.6009777147426709
2021-08-05 05:00:00,0.500697350069735,-0.2509960159362551,0.5478778853313475,0.5654347437957508,0.13109369069898316,0.00022271714922048998,0.5,0.3566258747264628,0.22265644081871983,0.31434165018400095,0.5032180971236067,0.18414721659011166,0.4676131991490261
2021-08-05 05:10:00,0.49023709902370993,-0.02788844621513953,0.5446016381236036,0.5679342974468844,0.12343772493489158,0.00011135857461024499,0.5,0.3566258747264628,0.22265644081871983,0.31434165018400095,0.5032180971236067,0.18414721659011166,0.47165683419587495
2021-08-05 05:20:00,0.49372384937238495,0.07569721115537842,0.5398361876396125,0.5636493483306553,0.12343772493489158,0.00044543429844097997,0.5,0.3566258747264628,0.22265644081871983,0.31434165018400095,0.5032180971236067,0.18414721659011166,0.48132082019403416
2021-08-05 05:30:00,0.5251046025104603,0.01195219123505975,0.5380491437081161,0.5465095518657381,0.12343772493489158,0.00044543429844097997,0.5,0.3566258747264628,0.22265644081871983,0.31434165018400095,0.5032180971236067,0.18414721659011166,0.5338352671364124
2021-08-05 05:40:00,0.5397489539748954,0.3306772908366533,0.5362620997766194,0.5325834672379934,0.12642158851474264,0.00044543429844097997,0.5,0.3566258747264628,0.22265644081871983,0.31434165018400095,0.5032180971236067,0.18414721659011166,0.5840412209363731
2021-08-05 05:50:00,0.5516039051603905,-0.2828685258964144,0.5317944899478777,0.5457953936797,0.1311983876666972,0.00044543429844097997,0.5,0.3566258747264628,0.22265644081871983,0.31434165018400095,0.5032180971236067,0.18414721659011166,0.6082728548365195
2021-08-05 06:00:00,0.5453277545327755,0.07569721115537842,0.5294117647058822,0.5457953936797,0.12349007341874862,0.00044543429844097997,0.5,0.43035111130826476,0.25108402991893713,0.2978626620795462,0.5623269542367485,0.20664332425855314,0.6048931001704966
2021-08-05 06:10:00,0.5425383542538355,0.019920318725099362,0.5267311988086372,0.5293697554008212,0.12349007341874862,0.00044543429844097997,0.5,0.43035111130826476,0.25108402991893713,0.2978626620795462,0.5623269542367485,0.20664332425855314,0.5760972886521719
2021-08-05 06:20:00,0.5509065550906556,-0.07569721115537853,0.5231571109456439,0.5257989644706302,0.12349007341874862,0.00044543429844097997,0.5,0.43035111130826476,0.25108402991893713,0.2978626620795462,0.5623269542367485,0.20664332425855314,0.5824946814128582
2021-08-05 06:30:00,0.5425383542538355,0.1394422310756971,0.5204765450483988,0.5240135690055348,0.12349007341874862,0.00044543429844097997,0.5,0.43035111130826476,0.25108402991893713,0.2978626620795462,0.5623269542367485,0.20664332425855314,0.5945124251248548
2021-08-05 06:40:00,0.49302649930264997,0.40239043824701204,0.5166046165301563,0.5186573826102483,0.12349007341874862,0.00033407572383073496,0.5,0.43035111130826476,0.25108402991893713,0.2978626620795462,0.5623269542367485,0.20664332425855314,0.4777750954328047
2021-08-05 06:50:00,0.50697350069735,0.08366533864541825,0.5127326880119134,0.5247277271915729,0.13275575506144402,0.00022271714922048998,0.5,0.43035111130826476,0.25108402991893713,0.2978626620795462,0.5623269542367485,0.20664332425855314,0.4872731113357575
2021-08-05 07:00:00,0.5306834030683404,-0.07569721115537853,0.5118391660461652,0.5279414390287449,0.13470573608511865,0.00022271714922048998,0.5,0.4327126101027172,0.27336806443548506,0.3039317324064743,0.5410427881672285,0.20384274818087542,0.5241335606620698
2021-08-05 07:10:00,0.4909344490934449,-0.2509960159362551,0.5112434847356664,0.5186573826102483,0.13470573608511865,0.00022271714922048998,0.5,0.4327126101027172,0.27336806443548506,0.3039317324064743,0.5410427881672285,0.20384274818087542,0.44486775201050144
2021-08-05 07:20:00,0.4755927475592748,-0.3067729083665339,0.5112434847356664,0.5158007498660953,0.13470573608511865,0.00033407572383073496,0.5,0.4327126101027172,0.27336806443548506,0.3039317324064743,0.5410427881672285,0.20384274818087542,0.4119151440167781
2021-08-05 07:30:00,0.4839609483960949,-0.2828685258964144,0.5088607594936707,0.5147295125870381,0.13470573608511865,0.00022271714922048998,0.5,0.4327126101027172,0.27336806443548506,0.3039317324064743,0.5410427881672285,0.20384274818087542,0.4205833094436984
2021-08-05 07:40:00,0.4909344490934449,-0.06772908366533881,0.5109456440804168,0.5083020889126941,0.13470573608511865,0.00044543429844097997,0.5,0.4327126101027172,0.27336806443548506,0.3039317324064743,0.5410427881672285,0.20384274818087542,0.44925087134299985
2021-08-05 07:50:00,0.4839609483960949,0.13147410358565725,0.5121370067014146,0.5061596143545797,0.13470573608511865,0.00022271714922048998,0.5,0.4327126101027172,0.27336806443548506,0.3039317324064743,0.5410427881672285,0.20384274818087542,0.43670504096443713
2021-08-05 08:00:00,0.4372384937238493,-0.17131474103585675,0.5148175725986597,0.5068737725406176,0.13156482705369646,0.00033407572383073496,0.5,0.4230957804005906,0.26659808567069077,0.319230841905017,0.53639403942187,0.20092533919761812,0.3460325603150414
2021-08-05 08:10:00,0.3814504881450488,0.12350597609561742,0.5145197319434103,0.5250848062845921,0.1273376869822408,0.00033407572383073496,0.5,0.4230957804005906,0.26659808567069077,0.319230841905017,0.53639403942187,0.20092533919761812,0.2478084403337508
2021-08-05 08:20:00,0.3800557880055788,-0.01195219123505975,0.5177959791511539,0.5250848062845921,0.1303084634411276,0.00033407572383073496,0.5,0.4230957804005906,0.26659808567069077,0.319230841905017,0.53639403942187,0.20092533919761812,0.23871780557357758
2021-08-05 08:30:00,0.36610878661087864,-0.21912350597609564,0.5225614296351451,0.5136582753079808,0.13479734593186846,0.00033407572383073496,0.5,0.4230957804005906,0.26659808567069077,0.319230841905017,0.53639403942187,0.20092533919761812,0.21552725681609006
2021-08-05 08:40:00,0.33054393305439334,0.346613545816733,0.5273268801191362,0.500803427959293,0.13479734593186846,0.00033407572383073496,0.5,0.4230957804005906,0.26659808567069077,0.319230841905017,0.53639403942187,0.20092533919761812,0.17937595244202365
2021-08-05 08:50:00,0.3312412831241283,0.38645418326693215,0.5320923306031271,0.4911622924477772,0.13479734593186846,0.00033407572383073496,0.5,0.4230957804005906,0.26659808567069077,0.319230841905017,0.53639403942187,0.20092533919761812,0.17858382244217452
2021-08-05 09:00:00,0.396792189679219,-0.01195219123505975,0.5401340282948621,0.49973219068023567,0.145685830574132,0.00033407572383073496,0.5,0.4661714622294606,0.2637389477797871,0.2869827711599828,0.5952726451657931,0.21370657302669818,0.26939209680583004
2021-08-05 09:10:00,0.4211994421199442,0.003984063745019917,0.548771407297096,0.504374218889484,0.14863043279109028,0.00022271714922048998,0.5,0.4661714622294606,0.2637389477797871,0.2869827711599828,0.5952726451657931,0.21370657302669818,0.3086138479412164
2021-08-05 09:20:00,0.37796373779637377,0.2350597609561753,0.558302308265078,0.5054454561685413,0.15399615238643652,0.00022271714922048998,0.5,0.4661714622294606,0.2637389477797871,0.2869827711599828,0.5952726451657931,0.21370657302669818,0.24696350166724507
2021-08-05 09:30:00,0.43584379358437936,-0.3067729083665339,0.5672375279225612,0.5307980717728977,0.1638507544725236,0.00033407572383073496,0.5,0.4661714622294606,0.2637389477797871,0.2869827711599828,0.5952726451657931,0.21370657302669818,0.3399369313638216
2021-08-05 09:40:00,0.4428172942817294,0.09960159362549792,0.5770662695457927,0.5443670773076237,0.16022562196542384,0.00011135857461024499,0.5,0.4661714622294606,0.2637389477797871,0.2869827711599828,0.5952726451657931,0.21370657302669818,0.36717111516815787
2021-08-05 09:50:00,0.47629009762900976,-0.03585657370517936,0.5860014892032761,0.5443670773076237,0.15747732656292943,0.00022271714922048998,0.5,0.4661714622294606,0.2637389477797871,0.2869827711599828,0.5952726451657931,0.21370657302669818,0.3998898562095448
2021-08-05 10:00:00,0.4351464435146444,0.05179282868525892,0.5949367088607593,0.5590073201214067,0.16293465600502546,0.00011135857461024499,0.5,0.6620801721553067,0.2536759318059693,0.20167110579506306,0.5752105435724799,0.2431426304787032,0.32684792612821945
2021-08-05 10:10:00,0.4560669456066946,0.09960159362549792,0.6038719285182426,0.5761471165863239,0.15503003494261297,0.00022271714922048998,0.5,0.6620801721553067,0.2536759318059693,0.20167110579506306,0.5752105435724799,0.2431426304787032,0.36434207945441105
2021-08-05 10:20:00,0.39400278940027894,-0.043824701195219196,0.6137006701414742,0.5886448848419923,0.1704074020756174,0.00044543429844097997,0.5,0.6620801721553067,0.2536759318059693,0.20167110579506306,0.5752105435724799,0.2431426304787032,0.27726058813766463
2021-08-05 10:30:00,0.42398884239888424,0.06772908366533859,0.6253164556962023,0.5997143367255846,0.16922956118883406,0.00022271714922048998,0.5,0.6620801721553067,0.2536759318059693,0.20167110579506306,0.5752105435724799,0.2431426304787032,0.31133726632165004
2021-08-05 10:40:00,0.39051603905160387,-0.13147410358565736,0.6285927029039462,0.6032851276557758,0.1637853188677023,0.00022271714922048998,0.5,0.6620801721553067,0.2536759318059693,0.20167110579506306,0.5752105435724799,0.2431426304787032,0.24873636404785973
2021-08-05 10:50:00,0.32566248256624825,0.03585657370517925,0.636634400595681,0.6122121049812534,0.15440185313632854,0.00022271714922048998,0.5,0.6620801721553067,0.2536759318059693,0.20167110579506306,0.5752105435724799,0.2431426304787032,0.1725862667290312
2021-08-05 11:00:00,0.35704323570432356,-0.05179282868525903,0.6467609828741621,0.6214961613997501,0.15266126604808208,0.00022271714922048998,0.5,0.6777795714328119,0.2520955038260723,0.20256869616185644,0.5284688285194586,0.27399950834069325,0.2097333916743365
2021-08-05 11:10:00,0.32217573221757323,0.12350597609561742,0.6548026805658969,0.6322085341903232,0.15328944785436652,0.00022271714922048998,0.5,0.6777795714328119,0.2520955038260723,0.20256869616185644,0.5284688285194586,0.27399950834069325,0.16796173634895967
2021-08-05 11:20:00,0.27266387726638774,0.1633466135458166,0.6640357408786297,0.6364934833065523,0.1526220046851893,0.00033407572383073496,0.5,0.6777795714328119,0.2520955038260723,0.20256869616185644,0.5284688285194586,0.27399950834069325,0.12408527845255518
2021-08-05 11:30:00,0.25383542538354253,-0.2749003984063746,0.6759493670886074,0.6457775397250489,0.15508238342647002,0.00033407572383073496,0.5,0.6777795714328119,0.2520955038260723,0.20256869616185644,0.5284688285194586,0.27399950834069325,0.10059296588560135
2021-08-05 11:40:00,0.2545327754532775,0.5378486055776892,0.6875651526433355,0.6547045170505266,0.16344505372263157,0.00022271714922048998,0.5,0.6777795714328119,0.2520955038260723,0.20256869616185644,0.5284688285194586,0.27399950834069325,0.11540956893039818
2021-08-05 11:50:00,0.20223152022315202,0.07569721115537842,0.6970960536113178,0.6604177825388324,0.16204473177945583,0.00022271714922048998,0.5,0.6777795714328119,0.2520955038260723,0.20256869616185644,0.5284688285194586,0.27399950834069325,0.07237804970049942
2021-08-05 12:00:00,0.2712691771269177,0.12350597609561742,0.7057334326135516,0.6750580253526155,0.16892855740665613,0.00022271714922048998,0.5,0.6920947174376286,0.24820765099552616,0.20113138488504997,0.5155772019029343,0.3012861247041311,0.13780044359279991
2021-08-05 12:10:00,0.28870292887029286,-0.2749003984063746,0.7104988830975427,0.6818425281199787,0.1907186138121475,0.00022271714922048998,0.5,0.6920947174376286,0.24820765099552616,0.20113138488504997,0.5155772019029343,0.3012861247041311,0.1353108921647027
2021-08-05 12:20:00,0.39051603905160387,-0.003984063745020028,0.7185405807892775,0.6829137653990358,0.17607412545314158,0.00022271714922048998,0.5,0.6920947174376286,0.24820765099552616,0.20113138488504997,0.5155772019029343,0.3012861247041311,0.27263605775759314
2021-08-05 12:30:00,0.3891213389121339,0.11553784860557759,0.721518987341772,0.6793429744688448,0.18807501537736715,0.00022271714922048998,0.5,0.6920947174376286,0.24820765099552616,0.20113138488504997,0.5155772019029343,0.3012861247041311,0.2601128596647404
2021-08-05 12:40:00,0.4086471408647141,-0.11553784860557781,0.7244973938942665,0.6886270308873417,0.17604795121121306,0.0008908685968819599,0.5,0.6920947174376286,0.24820765099552616,0.20113138488504997,0.5155772019029343,0.3012861247041311,0.27071985756748196
2021-08-05 12:50:00,0.4100418410041841,0.05976095617529875,0.728965003723008,0.6986252454918764,0.16849668241483556,0.015367483296213808,0.5,0.6920947174376286,0.24820765099552616,0.20113138488504997,0.5155772019029343,0.3012861247041311,0.2701314181390226
2021-08-05 13:00:00,0.3856345885634589,0.1872509960159361,0.7334326135517495,0.7018389573290482,0.20604363246129484,0.022605790645879732,0.5,0.8238866822114299,0.23113615530722,0.12997065394365928,0.5339459325127085,0.31693980228638274,0.2131131463403594
2021-08-05 13:10:00,0.4679218967921897,-0.003984063745020028,0.7402829486224869,0.7075522228173541,0.1985054507858816,0.025389755011135856,0.5,0.8238866822114299,0.23113615530722,0.12997065394365928,0.5339459325127085,0.31693980228638274,0.32222339574814796
2021-08-05 13:20:00,0.3682008368200837,0.09163346613545809,0.7456440804169768,0.7125513301196216,0.20073026134980565,0.008129175946547884,0.5,0.8238866822114299,0.23113615530722,0.12997065394365928,0.5339459325127085,0.31693980228638274,0.2166588711015888
2021-08-05 13:30:00,0.44072524407252445,0.1394422310756971,0.7560685033507073,0.7261203356543473,0.21699755270837967,0.012360801781737195,0.5,0.8238866822114299,0.23113615530722,0.12997065394365928,0.5339459325127085,0.31693980228638274,0.3176139535585497
2021-08-05 13:40:00,0.4581589958158996,-0.11553784860557781,0.7647058823529411,0.735047312979825,0.18308882228998444,0.004008908685968819,0.5,0.8238866822114299,0.23113615530722,0.12997065394365928,0.5339459325127085,0.31693980228638274,0.40865609487454174
2021-08-05 13:50:00,0.4288702928870293,-0.019920318725099695,0.7703648548026802,0.7393322620960543,0.17547211788878567,0.0017817371937639199,0.5,0.8238866822114299,0.23113615530722,0.12997065394365928,0.5339459325127085,0.31693980228638274,0.32660651508064636
2021-08-05 14:00:00,0.4511854951185495,0.20318725099601576,0.7718540580789277,0.7404034993751114,0.17013257253536795,0.0012249443207126948,0.5,0.8272007785945208,0.21612783650903605,0.1234001605720433,0.5016042762342152,0.32694030314769523,0.370060503643798
2021-08-05 14:10:00,0.4260808926080893,0.19521912350597592,0.7778108711839165,0.749330476700589,0.19706586747981314,0.0071269487750556795,0.5,0.8272007785945208,0.21612783650903605,0.1234001605720433,0.5016042762342152,0.32694030314769523,0.3587745371697572
2021-08-05 14:20:00,0.5139470013947002,0.11553784860557759,0.7825763216679076,0.7611140867702197,0.2316158668254571,0.15334075723830734,0.5,0.8272007785945208,0.21612783650903605,0.1234001605720433,0.5016042762342152,0.32694030314769523,0.34072151726843397
2021-08-05 14:30:00,0.5195258019525802,0.06772908366533859,0.7840655249441546,0.7589716122121051,0.22139482535237076,0.0010022271714922048,0.5,0.8272007785945208,0.21612783650903605,0.1234001605720433,0.5016042762342152,0.32694030314769523,0.46100457172171344
2021-08-05 14:40:00,0.3417015341701534,-0.17131474103585675,0.782874162323157,0.7579003749330475,0.25352370731962676,0.1374164810690423,0.5,0.8272007785945208,0.21612783650903605,0.1234001605720433,0.5016042762342152,0.32694030314769523,0.1379136050213498
2021-08-05 14:50:00,0.34449093444909346,-0.49800796812749004,0.7944899478778851,0.7746830923049455,0.21634319666016674,0.5894209354120268,0.5,0.8272007785945208,0.21612783650903605,0.1234001605720433,0.5016042762342152,0.32694030314769523,0.08124236160357289
2021-08-05 15:00:00,0.40446304044630405,0.43426294820717115,0.7950856291883839,0.7736118550258884,0.2117757914436403,0.00033407572383073496,0.5,0.8172502178790568,0.19323749234929108,0.12083217456927901,0.4153151255597738,0.3366485839205986,0.32668950012824965
2021-08-05 15:10:00,0.40794979079497906,-0.12350597609561753,0.7965748324646313,0.7718264595607927,0.23291149180091872,0.00033407572383073496,0.5,0.8172502178790568,0.19323749234929108,0.12083217456927901,0.4153151255597738,0.3366485839205986,0.32423766917633573
2021-08-05 15:20:00,0.31241283124128316,0.3227091633466135,0.7974683544303796,0.7775397250490985,0.24540969232178614,0.00033407572383073496,0.5,0.8172502178790568,0.19323749234929108,0.12083217456927901,0.4153151255597738,0.3366485839205986,0.1718997540624953
2021-08-05 15:30:00,0.44979079497907953,-0.4581673306772909,0.7974683544303796,0.7818246741653276,0.19566554553663743,0.00022271714922048998,0.5,0.8172502178790568,0.19323749234929108,0.12083217456927901,0.4153151255597738,0.3366485839205986,0.35316927440892015
2021-08-05 15:40:00,0.2670850767085077,0.5139442231075697,0.8010424422933728,0.7971790751651491,0.19828296972948922,0.33674832962138085,0.5,0.8172502178790568,0.19323749234929108,0.12083217456927901,0.4153151255597738,0.3366485839205986,0.01667245047301477
2021-08-05 15:50:00,0.31241283124128316,-0.2589641434262948,0.8058078927773638,0.8082485270487414,0.17623117090471266,0.00022271714922048998,0.5,0.8172502178790568,0.19323749234929108,0.12083217456927901,0.4153151255597738,0.3366485839205986,0.18078669825127872
2021-08-05 16:00:00,0.28451882845188287,0.6733067729083664,0.8004467609828738,0.7932512051419389,0.2124824959757103,0.00022271714922048998,0.5,0.8334463447181879,0.182099785349146,0.10923768606326731,0.31925086040135103,0.3522904108222627,0.12492267302382426
2021-08-05 16:10:00,0.32147838214783825,-0.553784860557769,0.8001489203276244,0.7943224424209963,0.24588082867649944,0.00022271714922048998,0.5,0.8334463447181879,0.182099785349146,0.10923768606326731,0.31925086040135103,0.3522904108222627,0.16529112663518264
2021-08-05 16:20:00,0.2698744769874477,0.13147410358565725,0.799851079672375,0.7871808605606141,0.20220910601876696,0.00022271714922048998,0.5,0.8334463447181879,0.182099785349146,0.10923768606326731,0.31925086040135103,0.3522904108222627,0.11788403216802208
2021-08-05 16:30:00,0.2112970711297071,0.3705179282868525,0.7992553983618762,0.7893233351187288,0.22745416235882268,0.03886414253897551,0.5,0.8334463447181879,0.182099785349146,0.10923768606326731,0.31925086040135103,0.3522904108222627,0.02738506570906951
2021-08-05 16:40:00,0.28591352859135283,-0.20318725099601598,0.7986597170513774,0.7839671487234423,0.2226511889649396,0.00011135857461024499,0.5,0.8334463447181879,0.182099785349146,0.10923768606326731,0.31925086040135103,0.3522904108222627,0.13387751406973764
2021-08-05 16:50:00,0.10251046025104603,-0.20053120849933603,0.7986597170513774,0.7839671487234423,0.25161298765884493,0.34710467706013365,0.5,0.8334463447181879,0.182099785349146,0.10923768606326731,0.31925086040135103,0.3522904108222627,0.003243960951763055
2021-08-05 17:00:00,0.10181311018131102,-0.1978751660026561,0.8174236783320921,0.7925370469559005,0.2547800709321956,0.9993318485523385,0.5,0.8433317334968078,0.17237296950923306,0.10275089001322292,0.24911654467186742,0.3702646341142618,0.0
2021-08-05 17:10:00,0.11924686192468618,-0.19521912350597614,0.8358897989575576,0.8036064988394929,0.2547800709321956,0.9993318485523385,0.5,0.8433317334968078,0.17237296950923306,0.10275089001322292,0.24911654467186742,0.3702646341142618,0.0
2021-08-05 17:20:00,0.16248256624825663,-0.1925630810092962,0.8483991064780338,0.8043206570255312,0.2547800709321956,0.9993318485523385,0.5,0.8433317334968078,0.17237296950923306,0.10275089001322292,0.24911654467186742,0.3702646341142618,0.0
2021-08-05 17:30:00,0.15341701534170155,-0.18990703851261626,0.8561429635145197,0.8021781824674166,0.2547800709321956,0.9993318485523385,0.5,0.8433317334968078,0.17237296950923306,0.10275089001322292,0.24911654467186742,0.3702646341142618,0.0
2021-08-05 17:40:00,0.061366806136680614,-0.1872509960159363,0.8579300074460161,0.8003927870023211,0.2547800709321956,0.9993318485523385,0.5,0.8433317334968078,0.17237296950923306,0.10275089001322292,0.24911654467186742,0.3702646341142618,0.0
2021-08-05 17:50:00,0.06834030683403068,-0.14342629482071723,0.8623976172747578,0.8003927870023211,0.2547800709321956,0.9993318485523385,0.5,0.8433317334968078,0.17237296950923306,0.10275089001322292,0.24911654467186742,0.3702646341142618,0.0
2021-08-05 18:00:00,0.14365411436541145,-0.09960159362549803,0.8653760238272521,0.7986073915372254,0.2547800709321956,0.9993318485523385,0.5,0.7668541666180266,0.1699218693876841,0.11810630498264106,0.16788337702404293,0.40997980207268814,0.0
2021-08-05 18:10:00,0.0885634588563459,-0.055776892430278946,0.8647803425167533,0.7932512051419389,0.2547800709321956,0.9993318485523385,0.5,0.7668541666180266,0.1699218693876841,0.11810630498264106,0.16788337702404293,0.40997980207268814,0.0
2021-08-05 18:20:00,0.05369595536959554,-0.01195219123505975,0.8618019359642588,0.7889662560257098,0.2547800709321956,0.9993318485523385,0.5,0.7668541666180266,0.1699218693876841,0.11810630498264106,0.16788337702404293,0.40997980207268814,0.0
2021-08-05 18:30:00,0.06764295676429567,0.031872509960159334,0.8576321667907667,0.7864667023745762,0.2547800709321956,0.9993318485523385,0.5,0.7668541666180266,0.1699218693876841,0.11810630498264106,0.16788337702404293,0.40997980207268814,0.0
2021-08-05 18:40:00,0.08507670850767085,0.07569721115537842,0.8561429635145197,0.7803963577932513,0.2547800709321956,0.9993318485523385,0.5,0.7668541666180266,0.1699218693876841,0.11810630498264106,0.16788337702404293,0.40997980207268814,0.0
2021-08-05 18:50:00,0.10460251046025104,0.1195219123505975,0.8498883097542813,0.7732547759328692,0.2547800709321956,0.9993318485523385,0.5,0.7668541666180266,0.1699218693876841,0.11810630498264106,0.16788337702404293,0.40997980207268814,0.0
2021-08-05 19:00:00,0.059274755927475595,0.1633466135458166,0.8469099032017868,0.7686127477236209,0.2547800709321956,0.9993318485523385,0.5,0.7671473069214665,0.17847054800621764,0.11265621439297185,0.16848813493945755,0.43899328111620434,0.0
2021-08-05 19:10:00,0.1603905160390516,0.2071713147410359,0.8478034251675353,0.7653990358864489,0.25463611260158875,0.9993318485523385,0.5,0.7671473069214665,0.17847054800621764,0.11265621439297185,0.16848813493945755,0.43899328111620434,0.0
2021-08-05 19:20:00,0.19595536959553697,0.25099601593625476,0.8433358153387935,0.7686127477236209,0.21879048828048317,0.16547884187082404,0.5,0.7671473069214665,0.17847054800621764,0.11265621439297185,0.16848813493945755,0.43899328111620434,0.025061484376178764
2021-08-05 19:30:00,0.09623430962343095,0.4820717131474104,0.8370811615785554,0.8128905552579895,0.24805329075656649,0.00868596881959911,0.5,0.7671473069214665,0.17847054800621764,0.11265621439297185,0.16848813493945755,0.43899328111620434,0.0010561733331321574
2021-08-05 19:40:00,0.06764295676429567,-0.0916334661354582,0.805212211466865,0.7650419567934299,0.2536153171663766,0.6100222717149221,0.5,0.7671473069214665,0.17847054800621764,0.11265621439297185,0.16848813493945755,0.43899328111620434,0.0
2021-08-05 19:50:00,0.038354253835425386,0.689243027888446,0.8108711839166043,0.7529012676307802,0.2508015861590609,0.9993318485523385,0.5,0.7671473069214665,0.17847054800621764,0.11265621439297185,0.16848813493945755,0.43899328111620434,0.0
2021-08-05 20:00:00,0.0697350069735007,0.2111553784860556,0.8150409530900966,0.7575432958400286,0.2508015861590609,0.9993318485523385,0.5,0.783204985086166,0.17734988089320147,0.09645964134175936,0.2123608300553326,0.46189201821403253,0.0
2021-08-05 20:10:00,0.048117154811715475,-0.26693227091633476,0.8150409530900966,0.7507587930726658,0.2508015861590609,0.9993318485523385,0.5,0.783204985086166,0.17734988089320147,0.09645964134175936,0.2123608300553326,0.46189201821403253,0.0
2021-08-05 20:20:00,0.1631799163179916,-0.7450199203187251,0.8123603871928518,0.7450455275843599,0.2508015861590609,0.9993318485523385,0.5,0.783204985086166,0.17734988089320147,0.09645964134175936,0.2123608300553326,0.46189201821403253,0.0
2021-08-05 20:30:00,0.2838214783821479,-0.19521912350597614,0.8123603871928518,0.7436172112122834,0.2356336129614846,0.20757238307349668,0.5,0.783204985086166,0.17734988089320147,0.09645964134175936,0.2123608300553326,0.46189201821403253,0.07963546931816468
2021-08-05 20:40:00,0.2880055788005579,-0.24302788844621515,0.7837676842889052,0.738261024816997,0.23442959783277276,0.00022271714922048998,0.5,0.783204985086166,0.17734988089320147,0.09645964134175936,0.2123608300553326,0.46189201821403253,0.12539040692849707
2021-08-05 20:50:00,0.24407252440725244,-0.3227091633466136,0.7572598659717049,0.7039814318871631,0.23442959783277276,0.00033407572383073496,0.5,0.783204985086166,0.17734988089320147,0.09645964134175936,0.2123608300553326,0.46189201821403253,0.09006140893522639
2021-08-05 21:00:00,0.21617852161785217,-0.3227091633466136,0.7456440804169768,0.6929119800035708,0.23442959783277276,0.00033407572383073496,0.5,0.7897111055448511,0.1779360759984705,0.10237805648985861,0.21708163406269337,0.5297021140953111,0.07344176712886823
2021-08-05 21:10:00,0.22315202231520226,-0.298804780876494,0.739091586001489,0.6854133190501694,0.23442959783277276,0.00033407572383073496,0.5,0.7897111055448511,0.1779360759984705,0.10237805648985861,0.21708163406269337,0.5297021140953111,0.07806629750893976
2021-08-05 21:20:00,0.2112970711297071,-0.3545816733067729,0.7337304542069991,0.6789858953758257,0.23442959783277276,0.00033407572383073496,0.5,0.7897111055448511,0.1779360759984705,0.10237805648985861,0.21708163406269337,0.5297021140953111,0.07116345036739744
2021-08-05 21:30:00,0.21687587168758715,-0.4342629482071714,0.7298585256887564,0.6754151044456349,0.22967897292274672,0.00033407572383073496,0.5,0.7897111055448511,0.1779360759984705,0.10237805648985861,0.21708163406269337,0.5297021140953111,0.0701223652247386
2021-08-05 21:40:00,0.22245467224546722,-0.059760956175298974,0.7256887565152641,0.6750580253526155,0.21796599965973487,0.00033407572383073496,0.5,0.7897111055448511,0.1779360759984705,0.10237805648985861,0.21708163406269337,0.5297021140953111,0.07630852331879838
2021-08-05 21:50:00,0.18688981868898188,0.13147410358565725,0.7230081906180192,0.6704159971433674,0.21796599965973487,0.00033407572383073496,0.5,0.7897111055448511,0.1779360759984705,0.10237805648985861,0.21708163406269337,0.5297021140953111,0.06225387389290402
2021-08-05 22:00:00,0.12203626220362622,0.394422310756972,0.7200297840655248,0.6747009462595965,0.21796599965973487,0.00022271714922048998,0.5,0.691060571545212,0.18140439703799185,0.13848850499717394,0.21496048807577928,0.5988305073278554,0.020399233519923954
2021-08-05 22:10:00,0.11366806136680613,0.3705179282868525,0.7158600148920327,0.686841635422246,0.21796599965973487,0.00022271714922048998,0.5,0.691060571545212,0.18140439703799185,0.13848850499717394,0.21496048807577928,0.5988305073278554,0.014793970759086863
2021-08-05 22:20:00,0.12203626220362622,0.6254980079681274,0.7140729709605358,0.689698268166399,0.21796599965973487,0.00033407572383073496,0.5,0.691060571545212,0.18140439703799185,0.13848850499717394,0.21496048807577928,0.5988305073278554,0.019637279901021473
2021-08-05 22:30:00,0.1094839609483961,0.47410358565737054,0.7113924050632909,0.6911265845384753,0.21796599965973487,0.00033407572383073496,0.5,0.691060571545212,0.18140439703799185,0.13848850499717394,0.21496048807577928,0.5988305073278554,0.007913755903254523
2021-08-05 22:40:00,0.11297071129707113,0.3067729083665336,0.7081161578555473,0.6954115336547044,0.21796599965973487,0.00033407572383073496,0.5,0.691060571545212,0.18140439703799185,0.13848850499717394,0.21496048807577928,0.5988305073278554,0.011308598759750743
2021-08-05 22:50:00,0.1492329149232915,-0.24302788844621515,0.706031273268801,0.6946973754686665,0.21796599965973487,0.00022271714922048998,0.5,0.691060571545212,0.18140439703799185,0.13848850499717394,0.21496048807577928,0.5988305073278554,0.03513285151711755
2021-08-05 23:00:00,0.14086471408647142,-0.1633466135458168,0.7066269545792998,0.686841635422246,0.21796599965973487,0.00022271714922048998,0.5,0.651307190959445,0.19513687943058558,0.19316745792339082,0.22879304611616125,0.6883346744991711,0.030523409327519353
2021-08-05 23:10:00,0.12343096234309624,-0.5298804780876495,0.7048399106478034,0.6864845563292268,0.21796599965973487,0.00022271714922048998,0.5,0.651307190959445,0.19513687943058558,0.19316745792339082,0.22879304611616125,0.6883346744991711,0.01297584380705222
2021-08-05 23:20:00,0.1387726638772664,-0.5776892430278885,0.6997766195085628,0.6893411890733796,0.20457787491329782,0.00022271714922048998,0.5,0.651307190959445,0.19513687943058558,0.19316745792339082,0.22879304611616125,0.6883346744991711,0.02609502542360095
2021-08-05 23:30:00,0.12203626220362622,-0.6414342629482073,0.6944154877140729,0.6854133190501694,0.18638677677297774,0.00022271714922048998,0.5,0.651307190959445,0.19513687943058558,0.19316745792339082,0.22879304611616125,0.6883346744991711,0.009173619807776454
2021-08-05 23:40:00,0.13389121338912133,-0.20318725099601598,0.6881608339538345,0.6839850026780931,0.15309314103990262,0.00022271714922048998,0.5,0.651307190959445,0.19513687943058558,0.19316745792339082,0.22879304611616125,0.6883346744991711,0.029693558851486942
2021-08-05 23:50:00,0.19456066945606695,-0.12350597609561753,0.6819061801935962,0.6704159971433674,0.15209851984661896,0.00022271714922048998,0.5,0.651307190959445,0.19513687943058558,0.19316745792339082,0.22879304611616125,0.6883346744991711,0.055486820465621554
2021-08-06 00:00:00,0.19525801952580193,0.05976095617529875,0.6768428890543556,0.655061596143546,0.15209851984661896,0.00022271714922048998,0.5,0.6479523371010092,0.1932288718330374,0.15348554325331742,0.27439813235494825,0.7828216763411737,0.06649365541590598
2021-08-06 00:10:00,0.18898186889818688,-0.15537848605577698,0.6714817572598657,0.6464916979110873,0.15209851984661896,0.00022271714922048998,0.5,0.6479523371010092,0.1932288718330374,0.15348554325331742,0.27439813235494825,0.7828216763411737,0.0619521100834377
2021-08-06 00:20:00,0.16527196652719667,0.15537848605577675,0.6661206254653758,0.6404213533297625,0.15209851984661896,0.00033407572383073496,0.5,0.6479523371010092,0.1932288718330374,0.15348554325331742,0.27439813235494825,0.7828216763411737,0.051405464942589435
2021-08-06 00:30:00,0.1290097629009763,0.7768924302788842,0.6661206254653758,0.6407784324227817,0.15209851984661896,0.00033407572383073496,0.5,0.6479523371010092,0.1932288718330374,0.15348554325331742,0.27439813235494825,0.7828216763411737,0.029421971422967243
2021-08-06 00:40:00,0.12203626220362622,0.3705179282868525,0.6634400595681309,0.6489912515622211,0.16646817866537542,0.00044543429844097997,0.5,0.6479523371010092,0.1932288718330374,0.15348554325331742,0.27439813235494825,0.7828216763411737,0.026509950661617154
2021-08-06 00:50:00,0.1297071129707113,-0.2509960159362551,0.6583767684288904,0.6475629351901446,0.16850976953579985,0.00044543429844097997,0.5,0.6479523371010092,0.1932288718330374,0.15348554325331742,0.27439813235494825,0.7828216763411737,0.023763899995473542
2021-08-06 01:00:00,0.1701534170153417,-0.7529880478087649,0.6548026805658969,0.642206748794858,0.16658596275405374,0.00033407572383073496,0.5,0.5660760390404584,0.1803440735387512,0.16673888731005307,0.2932234510320875,0.8657066704341354,0.04321257751557856
2021-08-06 01:10:00,0.1806136680613668,-0.17131474103585675,0.6536113179448992,0.635422246027495,0.1520461713627619,0.00033407572383073496,0.5,0.5660760390404584,0.1803440735387512,0.16673888731005307,0.2932234510320875,0.8657066704341354,0.05547173227514825
2021-08-06 01:20:00,0.2210599721059972,-0.5697211155378487,0.6494415487714069,0.6268523477950365,0.1520461713627619,0.00022271714922048998,0.5,0.5660760390404584,0.1803440735387512,0.16673888731005307,0.2932234510320875,0.8657066704341354,0.07519199722377296
2021-08-06 01:30:00,0.24476987447698745,-0.14741035856573714,0.6467609828741621,0.6161399750044634,0.14128855793014095,0.00022271714922048998,0.5,0.5660760390404584,0.1803440735387512,0.16673888731005307,0.2932234510320875,0.8657066704341354,0.10097017064743426
2021-08-06 01:40:00,0.2496513249651325,0.3227091633466135,0.6449739389426654,0.6079271558650241,0.1381738231406473,0.00022271714922048998,0.5,0.5660760390404584,0.1803440735387512,0.16673888731005307,0.2932234510320875,0.8657066704341354,0.1001478642666385
2021-08-06 01:50:00,0.2712691771269177,0.24302788844621515,0.6411020104244229,0.6000714158186038,0.1381738231406473,0.00022271714922048998,0.5,0.5660760390404584,0.1803440735387512,0.16673888731005307,0.2932234510320875,0.8657066704341354,0.11808772273941187
2021-08-06 02:00:00,0.2838214783821479,0.4581673306772909,0.6396128071481755,0.5957864667023745,0.14155030034942614,0.00044543429844097997,0.5,0.532315808397174,0.17284422439778396,0.1897164651780464,0.31693583422702937,0.942033249805866,0.13402839597447078
2021-08-06 02:10:00,0.3096234309623431,-0.2589641434262948,0.6396128071481755,0.5954293876093555,0.14410228893745666,0.00044543429844097997,0.5,0.532315808397174,0.17284422439778396,0.1897164651780464,0.31693583422702937,0.942033249805866,0.1539297192087753
2021-08-06 02:20:00,0.28103207810320785,-0.2509960159362551,0.6384214445271779,0.5907873594001072,0.13007289526377094,0.00033407572383073496,0.5,0.532315808397174,0.17284422439778396,0.1897164651780464,0.31693583422702937,0.942033249805866,0.13175007921299997
2021-08-06 02:30:00,0.28870292887029286,0.1872509960159361,0.635740878629933,0.5890019639350117,0.12445852037010378,0.00033407572383073496,0.5,0.532315808397174,0.17284422439778396,0.1897164651780464,0.31693583422702937,0.942033249805866,0.13748359159286028
2021-08-06 02:40:00,0.25383542538354253,0.298804780876494,0.627103499627699,0.5818603820746295,0.12445852037010378,0.00022271714922048998,0.5,0.532315808397174,0.17284422439778396,0.1897164651780464,0.31693583422702937,0.942033249805866,0.1014152722663971
2021-08-06 02:50:00,0.19456066945606695,0.01195219123505975,0.6083395383469843,0.5772183538653812,0.11349151300205468,0.00033407572383073496,0.5,0.532315808397174,0.17284422439778396,0.1897164651780464,0.31693583422702937,0.942033249805866,0.06826651779652067
2021-08-06 03:00:00,0.23709902370990238,-0.36254980079681276,0.6005956813104989,0.5707909301910372,0.12053238408082607,0.00033407572383073496,0.5,0.5363302196000765,0.16896499208349144,0.17580178546677175,0.3356751476711162,0.022086710113302762,0.09383345655355553
2021-08-06 03:10:00,0.23570432357043236,0.2589641434262948,0.5955323901712581,0.5661489019817889,0.11066469487377471,0.00033407572383073496,0.5,0.5363302196000765,0.16896499208349144,0.17580178546677175,0.3356751476711162,0.022086710113302762,0.09980837998098889
2021-08-06 03:20:00,0.24616457461645744,0.06772908366533859,0.5895755770662694,0.5511515800749867,0.11066469487377471,0.00033407572383073496,0.5,0.5363302196000765,0.16896499208349144,0.17580178546677175,0.3356751476711162,0.022086710113302762,0.09860132474312355
2021-08-06 03:30:00,0.27266387726638774,-0.043824701195219196,0.5865971705137749,0.5311551508659167,0.11066469487377471,0.00033407572383073496,0.5,0.5363302196000765,0.16896499208349144,0.17580178546677175,0.3356751476711162,0.022086710113302762,0.11319160493082064
2021-08-06 03:40:00,0.33472803347280333,-0.26693227091633476,0.583320923306031,0.5200856989823246,0.11066469487377471,0.00033407572383073496,0.5,0.5363302196000765,0.16896499208349144,0.17580178546677175,0.3356751476711162,0.022086710113302762,0.16523831796852603
2021-08-06 03:50:00,0.36262203626220363,-0.298804780876494,0.5800446760982871,0.5197286198893054,0.10435670256900186,0.00033407572383073496,0.5,0.5363302196000765,0.16896499208349144,0.17580178546677175,0.3356751476711162,0.022086710113302762,0.1957240068198621
2021-08-06 04:00:00,0.3647140864714087,-0.49800796812749004,0.5776619508562917,0.5225852526334585,0.09783931632880083,0.00033407572383073496,0.5,0.43886852312186253,0.16771789073208285,0.26883896724099515,0.3726862199884357,0.07594185878599134,0.20387917377068968
2021-08-06 04:10:00,0.3849372384937238,0.09163346613545809,0.5767684288905432,0.5225852526334585,0.08829880514585597,0.00033407572383073496,0.5,0.43886852312186253,0.16771789073208285,0.26883896724099515,0.3726862199884357,0.07594185878599134,0.23985696395431297
2021-08-06 04:20:00,0.39400278940027894,-0.2828685258964144,0.5767684288905432,0.522228173540439,0.09783931632880083,0.00033407572383073496,0.5,0.43886852312186253,0.16771789073208285,0.26883896724099515,0.3726862199884357,0.07594185878599134,0.25019237442853476
2021-08-06 04:30:00,0.48535564853556484,-0.3466135458167332,0.5752792256142962,0.5136582753079808,0.09783931632880083,0.00022271714922048998,0.5,0.43886852312186253,0.16771789073208285,0.26883896724099515,0.3726862199884357,0.07594185878599134,0.400946029542677
2021-08-06 04:40:00,0.5376569037656904,0.3227091633466135,0.5725986597170512,0.5079450098196749,0.09783931632880083,0.00022271714922048998,0.5,0.43886852312186253,0.16771789073208285,0.26883896724099515,0.3726862199884357,0.07594185878599134,0.5186188270440727
2021-08-06 04:50:00,0.5613668061366807,0.3227091633466135,0.5717051377513027,0.5083020889126941,0.10070539581997356,0.00022271714922048998,0.5,0.43886852312186253,0.16771789073208285,0.26883896724099515,0.3726862199884357,0.07594185878599134,0.562540549511897
2021-08-06 05:00:00,0.5704323570432357,0.05976095617529875,0.5761727475800447,0.5197286198893054,0.11147609637355879,0.00022271714922048998,0.5,0.43347796344701495,0.16698227334507693,0.27394856190881633,0.41555061155844036,0.10630520170594304,0.5986767656954902
2021-08-06 05:10:00,0.5683403068340307,0.1394422310756971,0.5821295606850332,0.5300839135868596,0.12029681590346941,0.00022271714922048998,0.5,0.43347796344701495,0.16698227334507693,0.27394856190881633,0.41555061155844036,0.10630520170594304,0.613583897883127
2021-08-06 05:20:00,0.5167364016736402,0.17131474103585642,0.5857036485480267,0.5350830208891268,0.12029681590346941,0.00022271714922048998,0.5,0.43347796344701495,0.16698227334507693,0.27394856190881633,0.41555061155844036,0.10630520170594304,0.4885556075259894
2021-08-06 05:30:00,0.4776847977684798,-0.07569721115537853,0.5830230826507816,0.5407962863774327,0.12029681590346941,0.00022271714922048998,0.5,0.43347796344701495,0.16698227334507693,0.27394856190881633,0.41555061155844036,0.10630520170594304,0.41129652820737217
2021-08-06 05:40:00,0.44490934449093444,-0.3227091633466136,0.5785554728220401,0.5472237100517765,0.12029681590346941,0.00022271714922048998,0.5,0.43347796344701495,0.16698227334507693,0.27394856190881633,0.41555061155844036,0.10630520170594304,0.358691552122154
2021-08-06 05:50:00,0.41143654114365413,-0.40239043824701204,0.5717051377513027,0.549009105516872,0.12029681590346941,0.00022271714922048998,0.5,0.43347796344701495,0.16698227334507693,0.27394856190881633,0.41555061155844036,0.10630520170594304,0.2939933913725727
2021-08-06 06:00:00,0.43584379358437936,-0.31474103585657376,0.5687267311988085,0.5504374218889485,0.12029681590346941,0.00022271714922048998,0.5,0.39972587095756396,0.1984615251992072,0.3139035073869861,0.4746289559351636,0.1029377814113406,0.33423359536490793
2021-08-06 06:10:00,0.46513249651324967,-0.1872509960159363,0.5663440059568128,0.5479378682378149,0.12029681590346941,0.00022271714922048998,0.5,0.39972587095756396,0.1984615251992072,0.3139035073869861,0.4746289559351636,0.1029377814113406,0.3870045415453325
2021-08-06 06:20:00,0.45536959553695955,0.3227091633466135,0.5651526433358152,0.5390108909123372,0.12075486513721848,0.00022271714922048998,0.5,0.39972587095756396,0.1984615251992072,0.3139035073869861,0.4746289559351636,0.1029377814113406,0.376065603452178
2021-08-06 06:30:00,0.405160390516039,-0.29083665338645437,0.5636634400595679,0.5479378682378149,0.13151247856983944,0.00022271714922048998,0.5,0.39972587095756396,0.1984615251992072,0.3139035073869861,0.4746289559351636,0.1029377814113406,0.29861037765740756
2021-08-06 06:40:00,0.397489539748954,-0.14741035856573714,0.5618763961280713,0.5529369755400819,0.13151247856983944,0.00022271714922048998,0.5,0.39972587095756396,0.1984615251992072,0.3139035073869861,0.4746289559351636,0.1029377814113406,0.2772002353757714
2021-08-06 06:50:00,0.397489539748954,-0.11553784860557781,0.5612807148175725,0.5375825745402605,0.13151247856983944,0.00022271714922048998,0.5,0.39972587095756396,0.1984615251992072,0.3139035073869861,0.4746289559351636,0.1029377814113406,0.2771549708043514
2021-08-06 07:00:00,0.35006973500697347,-0.3227091633466136,0.5565152643335813,0.5336547045170503,0.13151247856983944,0.00044543429844097997,0.5,0.3949379015503516,0.20273155425034714,0.3493628921837735,0.5120083418432873,0.10408206954650541,0.2241048931001705
2021-08-06 07:10:00,0.3319386331938633,-0.14741035856573714,0.5550260610573343,0.5282985181217639,0.13151247856983944,0.00044543429844097997,0.5,0.3949379015503516,0.20273155425034714,0.3493628921837735,0.5120083418432873,0.10408206954650541,0.19119754967786715
2021-08-06 07:20:00,0.3207810320781032,-0.21912350597609564,0.552941176470588,0.5200856989823246,0.13151247856983944,0.00044543429844097997,0.5,0.3949379015503516,0.20273155425034714,0.3493628921837735,0.5120083418432873,0.10408206954650541,0.1650798919685562
2021-08-06 07:30:00,0.3403068340306834,0.01195219123505975,0.552941176470588,0.5243706480985537,0.12008742196804126,0.00044543429844097997,0.5,0.3949379015503516,0.20273155425034714,0.3493628921837735,0.5120083418432873,0.10408206954650541,0.18954539282103897
2021-08-06 07:40:00,0.32147838214783825,0.5617529880478087,0.552941176470588,0.5186573826102483,0.11762704322676056,0.00011135857461024499,0.5,0.3949379015503516,0.20273155425034714,0.3493628921837735,0.5120083418432873,0.10408206954650541,0.16288456025468867
2021-08-06 07:50:00,0.25174337517433754,-0.11553784860557781,0.552941176470588,0.5083020889126941,0.1105076494222036,0.000556792873051225,0.5,0.3949379015503516,0.20273155425034714,0.3493628921837735,0.5120083418432873,0.10408206954650541,0.09945380750486596
2021-08-06 08:00:00,0.2189679218967922,-0.1394422310756973,0.5505584512285924,0.5236564899125158,0.0900132179921739,0.00044543429844097997,0.5,0.4053281560444304,0.20338383998022888,0.3492939053005387,0.4812975845457691,0.1108120551579569,0.07744768169953377
2021-08-06 08:10:00,0.22733612273361226,0.15537848605577675,0.5565152643335813,0.5215140153544011,0.10367617227886039,0.000556792873051225,0.5,0.4053281560444304,0.20338383998022888,0.3492939053005387,0.4812975845457691,0.1108120551579569,0.0821250207462619
2021-08-06 08:20:00,0.18479776847977683,0.2669322709163344,0.5615785554728219,0.5108016425638278,0.1037939563675387,0.000556792873051225,0.5,0.4053281560444304,0.20338383998022888,0.3492939053005387,0.4812975845457691,0.1108120551579569,0.056656155227303585
2021-08-06 08:30:00,0.15411436541143653,0.784860557768924,0.5639612807148173,0.5083020889126941,0.1037939563675387,0.000556792873051225,0.5,0.4053281560444304,0.20338383998022888,0.3492939053005387,0.4812975845457691,0.1108120551579569,0.032258551231950754
2021-08-06 08:40:00,0.07531380753138076,-0.0916334661354582,0.5660461653015634,0.5275843599357259,0.11973406970200627,0.7194877505567929,0.5,0.4053281560444304,0.20338383998022888,0.3492939053005387,0.4812975845457691,0.1108120551579569,0.0
2021-08-06 08:50:00,0.12482566248256625,-0.30146082337317404,0.583320923306031,0.5368684163542226,0.12024446741961237,0.9995545657015591,0.5,0.4053281560444304,0.20338383998022888,0.3492939053005387,0.4812975845457691,0.1108120551579569,0.0
2021-08-06 09:00:00,0.14504881450488147,-0.5112881806108898,0.5976172747580044,0.5479378682378149,0.12024446741961237,0.9995545657015591,0.5,0.4358801196575437,0.2085590232380396,0.3413090540084867,0.4319984049362615,0.12597200745592205,0.0
2021-08-06 09:10:00,0.12761506276150628,-0.7211155378486056,0.6062546537602382,0.5493661846098912,0.12024446741961237,0.9995545657015591,0.5,0.4358801196575437,0.2085590232380396,0.3413090540084867,0.4319984049362615,0.12597200745592205,0.0
2021-08-06 09:20:00,0.1311018131101813,-0.6812749003984064,0.6145941921072224,0.5468666309587575,0.12024446741961237,0.9995545657015591,0.5,0.4358801196575437,0.2085590232380396,0.3413090540084867,0.4319984049362615,0.12597200745592205,0.0
2021-08-06 09:30:00,0.24058577405857742,0.33864541832669315,0.6256142963514517,0.5479378682378149,0.12024446741961237,0.43919821826280625,0.5,0.4358801196575437,0.2085590232380396,0.3413090540084867,0.4319984049362615,0.12597200745592205,0.03460476485055147
2021-08-06 09:40:00,0.26569037656903766,0.2669322709163344,0.64259121370067,0.586859489376897,0.1371792019473636,0.00022271714922048998,0.5,0.4358801196575437,0.2085590232380396,0.3413090540084867,0.4319984049362615,0.12597200745592205,0.10944973369343816
2021-08-06 09:50:00,0.3528591352859135,0.03585657370517925,0.637825763216679,0.5990001785395467,0.14347410713117223,0.00022271714922048998,0.5,0.4358801196575437,0.2085590232380396,0.3413090540084867,0.4319984049362615,0.12597200745592205,0.19593524148648855
2021-08-06 10:00:00,0.3158995815899582,-0.09960159362549814,0.6369322412509306,0.5807891447955722,0.15097302744369268,0.00022271714922048998,0.5,0.6763464558840351,0.2065561899616971,0.2432166808254636,0.29862375333767,0.173686645176975,0.16480830454003653
2021-08-06 10:10:00,0.3200836820083682,-0.043824701195219196,0.6399106478034249,0.580074986609534,0.1533025349753308,0.00022271714922048998,0.5,0.6763464558840351,0.2065561899616971,0.2432166808254636,0.29862375333767,0.173686645176975,0.17505318587141844
2021-08-06 10:20:00,0.3591352859135286,-0.02788844621513953,0.6434847356664184,0.5854311730048205,0.15721558414364425,0.00022271714922048998,0.5,0.6763464558840351,0.2065561899616971,0.2432166808254636,0.29862375333767,0.173686645176975,0.21988019976764187
2021-08-06 10:30:00,0.398186889818689,-0.01195219123505975,0.6470588235294115,0.5907873594001072,0.1611286333119577,0.00022271714922048998,0.5,0.6763464558840351,0.2065561899616971,0.2432166808254636,0.29862375333767,0.173686645176975,0.2647072136638653
2021-08-06 10:40:00,0.42189679218967924,0.07569721115537842,0.6530156366344004,0.5954293876093555,0.16133802724738586,0.00022271714922048998,0.5,0.6763464558840351,0.2065561899616971,0.2432166808254636,0.29862375333767,0.173686645176975,0.3024729544185766
2021-08-06 10:50:00,0.3117154811715481,-0.05179282868525903,0.6592702903946388,0.6050705231208713,0.17203020507518552,0.00033407572383073496,0.5,0.6763464558840351,0.2065561899616971,0.2432166808254636,0.29862375333767,0.173686645176975,0.15313758920892617
2021-08-06 11:00:00,0.3193863319386332,0.06772908366533859,0.6708860759493669,0.6229244777718264,0.17773618981560246,0.00022271714922048998,0.5,0.6782925753021039,0.2009873364616225,0.2212674386856883,0.1612416809887831,0.3649866539198529,0.17951929025152014
2021-08-06 11:10:00,0.30613668061366806,0.09960159362549792,0.6819061801935962,0.634708087841457,0.16955673921294054,0.00022271714922048998,0.5,0.6782925753021039,0.2009873364616225,0.2212674386856883,0.1612416809887831,0.3649866539198529,0.14502014273428188
2021-08-06 11:20:00,0.3103207810320781,-0.15537848605577698,0.689054355919583,0.6411355115158008,0.17825967465417283,0.00022271714922048998,0.5,0.6782925753021039,0.2009873364616225,0.2212674386856883,0.1612416809887831,0.3649866539198529,0.1476379437814023
2021-08-06 11:30:00,0.23709902370990238,0.10756972111553775,0.696500372300819,0.6536332797714692,0.1719124209865072,0.00033407572383073496,0.5,0.6782925753021039,0.2009873364616225,0.2212674386856883,0.1612416809887831,0.3649866539198529,0.08482580684098556
2021-08-06 11:40:00,0.23570432357043236,-0.06772908366533881,0.7054355919583022,0.6725584717014819,0.17305100051039773,0.00033407572383073496,0.5,0.6782925753021039,0.2009873364616225,0.2212674386856883,0.1612416809887831,0.3649866539198529,0.09087617122078549
2021-08-06 11:50:00,0.23082287308228733,-0.06772908366533881,0.7155621742367833,0.6857703981431889,0.18630825404719217,0.00033407572383073496,0.5,0.6782925753021039,0.2009873364616225,0.2212674386856883,0.1612416809887831,0.3649866539198529,0.06438885284487832
2021-08-06 12:00:00,0.1903765690376569,0.3705179282868525,0.7247952345495157,0.7011247991430103,0.17816806480742303,0.00033407572383073496,0.5,0.6872008519713177,0.20575160844465784,0.20399510142403388,0.2165242228733899,0.4508260295189633,0.054838028275268944
2021-08-06 12:10:00,0.2391910739191074,-0.33067729083665354,0.7319434102755025,0.7071951437243349,0.19545615160120924,0.00022271714922048998,0.5,0.6872008519713177,0.20575160844465784,0.20399510142403388,0.2165242228733899,0.4508260295189633,0.08843942845934488
2021-08-06 12:20:00,0.22175732217573224,-0.11553784860557781,0.73849590469099,0.7093376182824496,0.19999738257580718,0.00033407572383073496,0.5,0.6872008519713177,0.20575160844465784,0.20399510142403388,0.2165242228733899,0.4508260295189633,0.0782020912231996
2021-08-06 12:30:00,0.198744769874477,0.36254980079681287,0.7450483991064778,0.7118371719335832,0.18570624648283623,0.00033407572383073496,0.5,0.6872008519713177,0.20575160844465784,0.20399510142403388,0.2165242228733899,0.4508260295189633,0.06862863436788026
2021-08-06 12:40:00,0.11854951185495119,0.20318725099601576,0.7504095309009677,0.7229066238171755,0.20172488254308937,0.2505567928730512,0.5,0.6872008519713177,0.20575160844465784,0.20399510142403388,0.2165242228733899,0.4508260295189633,0.010161896283778686
2021-08-06 12:50:00,0.12761506276150628,0.18269778030734196,0.7670886075949366,0.7354043920728441,0.19334912512596356,0.9993318485523385,0.5,0.6872008519713177,0.20575160844465784,0.20399510142403388,0.2165242228733899,0.4508260295189633,0.0
2021-08-06 13:00:00,0.10529986052998605,0.16220830961866817,0.7867460908413997,0.7461167648634173,0.19334912512596356,0.9993318485523385,0.5,0.8097425041432873,0.192573712597735,0.12939085977059073,0.25067228739273906,0.4647750408281274,0.0
2021-08-06 13:10:00,0.07601115760111576,0.14171883892999415,0.8016381236038719,0.7550437421888949,0.19334912512596356,0.9993318485523385,0.5,0.8097425041432873,0.192573712597735,0.12939085977059073,0.25067228739273906,0.4647750408281274,0.0
2021-08-06 13:20:00,0.099721059972106,0.12122936824132036,0.8144452717795978,0.7636136404213534,0.19334912512596356,0.9993318485523385,0.5,0.8097425041432873,0.192573712597735,0.12939085977059073,0.25067228739273906,0.4647750408281274,0.0
2021-08-06 13:30:00,0.12203626220362622,0.10073989755264634,0.8254653760238271,0.7686127477236209,0.19334912512596356,0.9993318485523385,0.5,0.8097425041432873,0.192573712597735,0.12939085977059073,0.25067228739273906,0.4647750408281274,0.0
2021-08-06 13:40:00,0.10739191073919108,0.08025042686397255,0.8329113924050631,0.769683985002678,0.19334912512596356,0.9993318485523385,0.5,0.8097425041432873,0.192573712597735,0.12939085977059073,0.25067228739273906,0.4647750408281274,0.0
2021-08-06 13:50:00,0.20920502092050208,0.05976095617529875,0.8439314966492923,0.7757543295840028,0.19334912512596356,0.9316258351893095,0.5,0.8097425041432873,0.192573712597735,0.12939085977059073,0.25067228739273906,0.4647750408281274,0.0
2021-08-06 14:00:00,0.1297071129707113,-0.6095617529880479,0.8507818317200297,0.7957507587930728,0.17540668228396436,0.2638084632516704,0.5,0.8282430626407709,0.1792463944690753,0.11539324362248601,0.21672738797347957,0.49820073682506855,0.0024669191423872536
2021-08-06 14:10:00,0.17433751743375175,-0.34926958831341315,0.859121370067014,0.8211033743974292,0.18130897383884523,0.9993318485523385,0.5,0.8282430626407709,0.1792463944690753,0.11539324362248601,0.21672738797347957,0.49820073682506855,0.0
2021-08-06 14:20:00,0.08368200836820083,-0.08897742363877825,0.863291139240506,0.8214604534904482,0.2377144651948018,0.9993318485523385,0.5,0.8282430626407709,0.1792463944690753,0.11539324362248601,0.21672738797347957,0.49820073682506855,0.0
2021-08-06 14:30:00,0.26569037656903766,0.17131474103585642,0.8728220402084881,0.8282449562578109,0.24177147269372212,0.4611358574610245,0.5,0.8282430626407709,0.1792463944690753,0.11539324362248601,0.21672738797347957,0.49820073682506855,0.0367699201834724
2021-08-06 14:40:00,0.1304044630404463,0.22709163346613526,0.8701414743112432,0.827887877164792,0.2525814346102001,0.24688195991091316,0.5,0.8282430626407709,0.1792463944690753,0.11539324362248601,0.21672738797347957,0.49820073682506855,0.016740347330144695
2021-08-06 14:50:00,0.15550906555090654,-0.6653386454183268,0.8641846612062545,0.8157471880021425,0.243027836306291,0.43953229398663696,0.5,0.8282430626407709,0.1792463944690753,0.11539324362248601,0.21672738797347957,0.49820073682506855,0.0
2021-08-06 15:00:00,0.11366806136680613,-0.4289508632138115,0.8755026061057332,0.8257454026066773,0.22767664341521507,0.9993318485523385,0.5,0.8403840208016549,0.15583307232325755,0.11083567083466649,0.18930339031650475,0.5483678585555449,0.0
2021-08-06 15:10:00,0.2789400278940028,-0.1925630810092962,0.8877140729709603,0.8368148544902696,0.29902762691235557,0.5377505567928731,0.5,0.8403840208016549,0.15583307232325755,0.11083567083466649,0.18930339031650475,0.5483678585555449,0.025242542661858564
2021-08-06 15:20:00,0.3186889818688982,0.043824701195219085,0.8683544303797466,0.8239600071415818,0.352344557720747,0.00011135857461024499,0.5,0.8403840208016549,0.15583307232325755,0.11083567083466649,0.18930339031650475,0.5483678585555449,0.14225145978242829
2021-08-06 15:30:00,0.11924686192468618,-0.8884462151394422,0.8460163812360384,0.797536154258168,0.29562497546164823,0.2646993318485523,0.5,0.8403840208016549,0.15583307232325755,0.11083567083466649,0.18930339031650475,0.5483678585555449,0.014175354949680884
2021-08-06 15:40:00,0.12273361227336123,-0.7290836653386454,0.8594192107222633,0.8018211033743976,0.2806925704414286,0.9993318485523385,0.5,0.8403840208016549,0.15583307232325755,0.11083567083466649,0.18930339031650475,0.5483678585555449,0.0
2021-08-06 15:50:00,0.2524407252440725,-0.3705179282868527,0.8775874906924794,0.8186038207462953,0.2696601274685582,0.4829621380846325,0.5,0.8403840208016549,0.15583307232325755,0.11083567083466649,0.18930339031650475,0.5483678585555449,0.011119996378834287
2021-08-06 16:00:00,0.17224546722454673,0.2669322709163344,0.8725241995532387,0.8228887698625245,0.25159990053788067,0.00011135857461024499,0.5,0.8762858199673604,0.13858341929903706,0.08466656191820059,0.18833473072595183,0.5984071019726064,0.05176003741871237
2021-08-06 16:10:00,0.20502092050209206,-0.11553784860557781,0.8546537602382722,0.8011069451883592,0.26852154794466765,0.00033407572383073496,0.5,0.8762858199673604,0.13858341929903706,0.08466656191820059,0.18833473072595183,0.5984071019726064,0.07068062827225131
2021-08-06 16:20:00,0.15202231520223153,-0.03585657370517936,0.8525688756515262,0.7921799678628816,0.25878472994725893,0.08229398663697104,0.5,0.8762858199673604,0.13858341929903706,0.08466656191820059,0.18833473072595183,0.5984071019726064,0.0
2021-08-06 16:30:00,0.1415620641562064,-0.601593625498008,0.8635889798957557,0.7814675950723087,0.28739317637512923,0.9974387527839643,0.5,0.8762858199673604,0.13858341929903706,0.08466656191820059,0.18833473072595183,0.5984071019726064,0.0
2021-08-06 16:40:00,0.23640167364016737,0.2669322709163344,0.8814594192107221,0.8003927870023211,0.28720995668162963,0.1447661469933185,0.5,0.8762858199673604,0.13858341929903706,0.08466656191820059,0.18833473072595183,0.5984071019726064,0.05714652141768638
2021-08-06 16:50:00,0.16736401673640167,0.8486055776892429,0.8689501116902456,0.7957507587930728,0.34366779652144325,0.00011135857461024499,0.5,0.8762858199673604,0.13858341929903706,0.08466656191820059,0.18833473072595183,0.5984071019726064,0.04308432789655537
2021-08-06 17:00:00,0.21617852161785217,0.24302788844621515,0.8558451228592701,0.7953936797000536,0.39621258719294344,0.00011135857461024499,0.5,0.8781831771686095,0.12965831147074688,0.08454989292449473,0.21052525615886578,0.6229490042348235,0.08765484255473241
2021-08-06 17:10:00,0.14714086471408647,0.3067729083665336,0.8561429635145197,0.7996786288162827,0.4098231929957728,0.8740534521158129,0.5,0.8781831771686095,0.12965831147074688,0.08454989292449473,0.21052525615886578,0.6229490042348235,0.0
2021-08-06 17:20:00,0.10390516039051603,0.3705179282868525,0.8749069247952344,0.8161042670951617,0.3530381751318527,0.9821826280623609,0.5,0.8781831771686095,0.12965831147074688,0.08454989292449473,0.21052525615886578,0.6229490042348235,0.0
2021-08-06 17:30:00,0.04114365411436541,0.43426294820717115,0.8859270290394636,0.8218175325834671,0.35277643271256753,0.9995545657015591,0.5,0.8781831771686095,0.12965831147074688,0.08454989292449473,0.21052525615886578,0.6229490042348235,0.0
2021-08-06 17:40:00,0.07880055788005579,0.49800796812749004,0.8981384959046907,0.8218175325834671,0.35277643271256753,0.9995545657015591,0.5,0.8781831771686095,0.12965831147074688,0.08454989292449473,0.21052525615886578,0.6229490042348235,0.0
2021-08-06 17:50:00,0.22733612273361226,0.5617529880478087,0.906478034251675,0.8218175325834671,0.35904516365444766,0.8648106904231626,0.5,0.8781831771686095,0.12965831147074688,0.08454989292449473,0.21052525615886578,0.6229490042348235,0.0
2021-08-06 18:00:00,0.1290097629009763,-0.05179282868525903,0.9029039463886819,0.8307445099089448,0.3960555417413723,0.4202672605790646,0.5,0.7877568479729493,0.11435114810908917,0.17081114244688106,0.3134107768956635,0.6413508940475849,0.007529007046184952
2021-08-06 18:10:00,0.06555090655509065,0.2350597609561753,0.8933730454206998,0.8236029280485628,0.3960555417413723,0.9993318485523385,0.5,0.7877568479729493,0.11435114810908917,0.17081114244688106,0.3134107768956635,0.6413508940475849,0.0
2021-08-06 18:20:00,0.25592747559274753,0.26294820717131473,0.9026061057334323,0.8196750580253527,0.3708628338851736,0.8341870824053452,0.5,0.7877568479729493,0.11435114810908917,0.17081114244688106,0.3134107768956635,0.6413508940475849,0.0004979102856194457
2021-08-06 18:30:00,0.22036262203626222,0.29083665338645415,0.8975428145941919,0.827173718978754,0.35684652733245215,0.17138084632516706,0.5,0.7877568479729493,0.11435114810908917,0.17081114244688106,0.3134107768956635,0.6413508940475849,0.04156796475398706
2021-08-06 18:40:00,0.24267782426778242,0.14741035856573692,0.8662695457930005,0.8021781824674166,0.3642538377982228,0.00011135857461024499,0.5,0.7877568479729493,0.11435114810908917,0.17081114244688106,0.3134107768956635,0.6413508940475849,0.09636072845783605
2021-08-06 18:50:00,0.07601115760111576,0.2350597609561753,0.8564408041697689,0.7875379396536333,0.3794348981167633,0.694097995545657,0.5,0.7877568479729493,0.11435114810908917,0.17081114244688106,0.3134107768956635,0.6413508940475849,0.0
2021-08-06 19:00:00,0.1087866108786611,0.3227091633466135,0.869247952345495,0.7871808605606141,0.37847953828637243,0.9993318485523385,0.5,0.7936685496709217,0.11607812486530235,0.16666444741950381,0.3416504907470441,0.6586839676770286,0.0
2021-08-06 19:10:00,0.1903765690376569,0.41035856573705165,0.8793745346239761,0.7864667023745762,0.3709937050948162,0.9566815144766146,0.5,0.7936685496709217,0.11607812486530235,0.16666444741950381,0.3416504907470441,0.6586839676770286,0.0
2021-08-06 19:20:00,0.19525801952580193,0.49800796812749004,0.8778853313477286,0.79289412604892,0.3528156940754604,0.03173719376391983,0.5,0.7936685496709217,0.11607812486530235,0.16666444741950381,0.3416504907470441,0.6586839676770286,0.023499856662190503
2021-08-06 19:30:00,0.11087866108786612,-0.4183266932270917,0.8564408041697689,0.769683985002678,0.32920652785593696,0.4191536748329622,0.5,0.7936685496709217,0.11607812486530235,0.16666444741950381,0.3416504907470441,0.6586839676770286,0.0
2021-08-06 19:40:00,0.22594142259414227,-0.06772908366533881,0.8629932985852566,0.7607570076772003,0.3424637813927314,0.46948775055679287,0.5,0.7936685496709217,0.11607812486530235,0.16666444741950381,0.3416504907470441,0.6586839676770286,0.018309519139369616
2021-08-06 19:50:00,0.12831241283124128,-0.7131474103585658,0.8600148920327622,0.7739689341189073,0.31679993718181937,0.01759465478841871,0.5,0.7936685496709217,0.11607812486530235,0.16666444741950381,0.3416504907470441,0.6586839676770286,0.0026555215233037104
2021-08-06 20:00:00,0.25174337517433754,0.6414342629482073,0.8466120625465374,0.7582574540260667,0.3529596524060672,0.02472160356347439,0.5,0.821582217199988,0.10527661799906213,0.14063255138476585,0.34946514157429537,0.6872836237776027,0.05437029437059613
2021-08-06 20:10:00,0.16387726638772665,0.5219123505976095,0.8344005956813103,0.7518300303517227,0.39824109094240356,0.00022271714922048998,0.5,0.821582217199988,0.10527661799906213,0.14063255138476585,0.34946514157429537,0.6872836237776027,0.045634232086545864
2021-08-06 20:20:00,0.24407252440725244,-0.7051792828685259,0.8242740134028292,0.7507587930726658,0.38171205716454437,0.00033407572383073496,0.5,0.821582217199988,0.10527661799906213,0.14063255138476585,0.34946514157429537,0.6872836237776027,0.07343422303363158
2021-08-06 20:30:00,0.34449093444909346,-0.10756972111553798,0.8132539091586,0.7443313693983218,0.3294028346704008,0.00033407572383073496,0.5,0.821582217199988,0.10527661799906213,0.14063255138476585,0.34946514157429537,0.6872836237776027,0.1750456417761818
2021-08-06 20:40:00,0.3584379358437936,-0.298804780876494,0.8013402829486223,0.7357614711658633,0.3265236680582639,0.00022271714922048998,0.5,0.821582217199988,0.10527661799906213,0.14063255138476585,0.34946514157429537,0.6872836237776027,0.2001674789142538
2021-08-06 20:50:00,0.37447698744769875,0.2350597609561753,0.7935964259121369,0.7289769683985003,0.3165643690044627,0.00033407572383073496,0.5,0.821582217199988,0.10527661799906213,0.14063255138476585,0.34946514157429537,0.6872836237776027,0.2138222912926053
2021-08-06 21:00:00,0.3110181311018131,0.01195219123505975,0.7879374534623975,0.724334940189252,0.32613105442933604,0.00033407572383073496,0.5,0.8413204754949848,0.10940871879013951,0.1308449105117115,0.22925214752892617,0.76628928224167,0.15176456387585435
2021-08-06 21:10:00,0.2873082287308229,0.1872509960159361,0.7831720029784064,0.7211212283520798,0.3265629294211566,0.00022271714922048998,0.5,0.8413204754949848,0.10940871879013951,0.1308449105117115,0.22925214752892617,0.76628928224167,0.12826470721366387
2021-08-06 21:20:00,0.2684797768479777,-0.298804780876494,0.7793000744601637,0.7211212283520798,0.3265629294211566,0.00022271714922048998,0.5,0.8413204754949848,0.10940871879013951,0.1308449105117115,0.22925214752892617,0.76628928224167,0.10973640931243117
2021-08-06 21:30:00,0.22594142259414227,0.2749003984063745,0.7760238272524196,0.7225495447241563,0.3265629294211566,0.00022271714922048998,0.5,0.8413204754949848,0.10940871879013951,0.1308449105117115,0.22925214752892617,0.76628928224167,0.08265310741282798
2021-08-06 21:40:00,0.2301255230125523,0.11553784860557759,0.7718540580789277,0.7221924656311371,0.33691484210388556,0.00033407572383073496,0.5,0.8413204754949848,0.10940871879013951,0.1308449105117115,0.22925214752892617,0.76628928224167,0.08478808636480227
2021-08-06 21:50:00,0.2294281729428173,-0.3944223107569722,0.7703648548026802,0.7204070701660419,0.3403567549174857,0.00022271714922048998,0.5,0.8413204754949848,0.10940871879013951,0.1308449105117115,0.22925214752892617,0.76628928224167,0.0795751165562714
2021-08-06 22:00:00,0.2085076708507671,0.5617529880478087,0.7653015636634397,0.7229066238171755,0.3566502205179882,0.00033407572383073496,0.5,0.7263516422894494,0.12569862100475085,0.15273556452638667,0.2981216628695951,0.9709353866924524,0.07517690903329964
2021-08-06 22:10:00,0.29428172942817293,0.5219123505976095,0.7572598659717049,0.7232637029101947,0.3959246705317297,0.00022271714922048998,0.5,0.7263516422894494,0.12569862100475085,0.15273556452638667,0.2981216628695951,0.9709353866924524,0.1573471943509815
2021-08-06 22:20:00,0.4895397489539749,0.689243027888446,0.7447505584512284,0.7154079628637744,0.5089319600581068,0.00033407572383073496,0.5,0.7263516422894494,0.12569862100475085,0.15273556452638667,0.2981216628695951,0.9709353866924524,0.42302759630037573
2021-08-06 22:30:00,0.5767085076708507,0.05976095617529875,0.7280714817572596,0.6989823245848956,0.5409168836947561,0.004565701559020045,0.5,0.7263516422894494,0.12569862100475085,0.15273556452638667,0.2981216628695951,0.9709353866924524,0.6339680432125776
2021-08-06 22:40:00,0.6359832635983264,0.2828685258964143,0.7125837676842888,0.6829137653990358,0.5532842130059807,0.10801781737193764,0.5,0.7263516422894494,0.12569862100475085,0.15273556452638667,0.2981216628695951,0.9709353866924524,0.37657860192827075
2021-08-06 22:50:00,0.7629009762900976,-0.08366533864541836,0.6973938942665674,0.6704159971433674,0.5625629817696405,0.18073496659242763,0.5,0.7263516422894494,0.12569862100475085,0.15273556452638667,0.2981216628695951,0.9709353866924524,0.21613078443502273
2021-08-06 23:00:00,0.7629009762900976,-0.15537848605577698,0.6827997021593446,0.648634172469202,0.5652720158092422,0.03719376391982183,0.5,0.6296879518301339,0.1484280488610846,0.21813627116004616,0.4422468329875709,0.030338284710312007,0.8848846507838316
2021-08-06 23:10:00,0.6910739191073919,-0.13147410358565736,0.6732688011913626,0.6368505623995715,0.5573281333839368,0.00011135857461024499,0.5,0.6296879518301339,0.1484280488610846,0.21813627116004616,0.4422468329875709,0.030338284710312007,0.9108363383979359
2021-08-06 23:20:00,0.6708507670850766,0.22709163346613526,0.6673119880863736,0.6397071951437245,0.5553781523602622,0.00044543429844097997,0.5,0.6296879518301339,0.1484280488610846,0.21813627116004616,0.4422468329875709,0.030338284710312007,0.8489521251716281
2021-08-06 23:30:00,0.5041841004184101,0.36254980079681287,0.6577810871183913,0.6472058560971254,0.5553781523602622,0.00011135857461024499,0.5,0.6296879518301339,0.1484280488610846,0.21813627116004616,0.4422468329875709,0.030338284710312007,0.44593901353410687
2021-08-06 23:40:00,0.42398884239888424,-0.08366533864541836,0.6476545048399105,0.6575611497946796,0.5553781523602622,0.00011135857461024499,0.5,0.6296879518301339,0.1484280488610846,0.21813627116004616,0.4422468329875709,0.030338284710312007,0.28718861746910695
2021-08-06 23:50:00,0.4281729428172943,-0.2749003984063746,0.6399106478034249,0.6661310480271379,0.5512295350145922,0.00011135857461024499,0.5,0.6296879518301339,0.1484280488610846,0.21813627116004616,0.4422468329875709,0.030338284710312007,0.29367653937263305
2021-08-07 00:00:00,0.4470013947001395,0.019920318725099362,0.6342516753536855,0.6597036243527941,0.5441494025729279,0.00011135857461024499,0.5,0.5887701481844412,0.14527581341754434,0.26542944271406577,0.5968750384703451,0.06588846417580675,0.3216877649863452
2021-08-07 00:10:00,0.5230125523012552,-0.08366533864541836,0.6288905435591956,0.6479200142831638,0.5441494025729279,0.00011135857461024499,0.5,0.5887701481844412,0.14527581341754434,0.26542944271406577,0.5968750384703451,0.06588846417580675,0.49978122123813695
2021-08-07 00:20:00,0.397489539748954,-0.13147410358565736,0.6226358897989572,0.6389930369576862,0.5441494025729279,0.00011135857461024499,0.5,0.5887701481844412,0.14527581341754434,0.26542944271406577,0.5968750384703451,0.06588846417580675,0.2495888468096021
2021-08-07 00:30:00,0.33054393305439334,-0.02788844621513953,0.614296351451973,0.6343510087484376,0.5441494025729279,0.00011135857461024499,0.5,0.5887701481844412,0.14527581341754434,0.26542944271406577,0.5968750384703451,0.06588846417580675,0.15793563377944084
2021-08-07 00:40:00,0.3096234309623431,0.019920318725099362,0.6071481757259864,0.6264952687020175,0.5318998573503816,0.00011135857461024499,0.5,0.5887701481844412,0.14527581341754434,0.26542944271406577,0.5968750384703451,0.06588846417580675,0.14298323702038415
2021-08-07 00:50:00,0.23709902370990238,0.24302788844621515,0.6008935219657481,0.6136404213533297,0.5302508801088848,0.00011135857461024499,0.5,0.5887701481844412,0.14527581341754434,0.26542944271406577,0.5968750384703451,0.06588846417580675,0.09243779893477376
2021-08-07 01:00:00,0.3235704323570432,0.25099601593625476,0.5958302308265075,0.6054276022138905,0.5302508801088848,0.00011135857461024499,0.5,0.5440415205940317,0.16031286726990993,0.28815808445744545,0.6493360156336463,0.09111566494303684,0.1649214659685864
2021-08-07 01:10:00,0.38284518828451886,0.36254980079681287,0.5898734177215188,0.590073201214069,0.5302508801088848,0.00011135857461024499,0.5,0.5440415205940317,0.16031286726990993,0.28815808445744545,0.6493360156336463,0.09111566494303684,0.23064562367035324
2021-08-07 01:20:00,0.4630404463040446,-0.019920318725099695,0.5874906924795233,0.5790037493304767,0.5302508801088848,0.00011135857461024499,0.5,0.5440415205940317,0.16031286726990993,0.28815808445744545,0.6493360156336463,0.09111566494303684,0.37325165592890447
2021-08-07 01:30:00,0.4755927475592748,-0.019920318725099695,0.5821295606850332,0.5707909301910372,0.5393333420580807,0.00011135857461024499,0.5,0.5440415205940317,0.16031286726990993,0.28815808445744545,0.6493360156336463,0.09111566494303684,0.4002746050666144
2021-08-07 01:40:00,0.45327754532775455,0.22709163346613526,0.5782576321667907,0.5640064274236742,0.5414796298962191,0.00011135857461024499,0.5,0.5440415205940317,0.16031286726990993,0.28815808445744545,0.6493360156336463,0.09111566494303684,0.35213573336149795
2021-08-07 01:50:00,0.37935843793584384,0.027888446215139417,0.5749813849590466,0.5536511337261203,0.54879533051524,0.00011135857461024499,0.5,0.5440415205940317,0.16031286726990993,0.28815808445744545,0.6493360156336463,0.09111566494303684,0.22599846100457172
2021-08-07 02:00:00,0.41422594142259417,-0.019920318725099695,0.5711094564408041,0.5661489019817889,0.5418591564041826,0.00011135857461024499,0.5,0.5317865282202157,0.15813762366849027,0.3106923201493566,0.5954875452382892,0.09956816704025345,0.2863059583264179
2021-08-07 02:10:00,0.44839609483960946,-0.03585657370517936,0.5702159344750557,0.5504374218889485,0.5413618458075408,0.00011135857461024499,0.5,0.5317865282202157,0.15813762366849027,0.3106923201493566,0.5954875452382892,0.09956816704025345,0.3481901715527257
2021-08-07 02:20:00,0.3612273361227336,-0.24302788844621515,0.5654504839910646,0.5404392072844135,0.5378675845100837,0.00011135857461024499,0.5,0.5317865282202157,0.15813762366849027,0.3106923201493566,0.5954875452382892,0.09956816704025345,0.2087224829126243
2021-08-07 02:30:00,0.30264993026499304,-0.09960159362549814,0.5636634400595679,0.549009105516872,0.5407205768802921,0.00011135857461024499,0.5,0.5317865282202157,0.15813762366849027,0.3106923201493566,0.5954875452382892,0.09956816704025345,0.14384326387736318
2021-08-07 02:40:00,0.3284518828451883,-0.17928286852589637,0.5618763961280713,0.5386538118193178,0.5413094973236837,0.00011135857461024499,0.5,0.5317865282202157,0.15813762366849027,0.3106923201493566,0.5954875452382892,0.09956816704025345,0.171266050062616
2021-08-07 02:50:00,0.32217573221757323,-0.36254980079681276,0.5618763961280713,0.5275843599357259,0.5413094973236837,0.00011135857461024499,0.5,0.5317865282202157,0.15813762366849027,0.3106923201493566,0.5954875452382892,0.09956816704025345,0.16010078911236175
2021-08-07 03:00:00,0.2294281729428173,-0.4900398406374503,0.5612807148175725,0.5204427780753438,0.5412833230817553,0.00011135857461024499,0.5,0.5322099456911642,0.16376969428775692,0.3231228941722189,0.47820725460127617,0.11399106080166596,0.07301929779561538
2021-08-07 03:10:00,0.11018131101813111,0.4581673306772909,0.5565152643335813,0.535440099982146,0.5300283990524924,0.09253897550111359,0.5,0.5322099456911642,0.16376969428775692,0.3231228941722189,0.47820725460127617,0.11399106080166596,0.007793050379467991
2021-08-07 03:20:00,0.09205020920502092,0.3505976095617529,0.5636634400595679,0.5529369755400819,0.5428276033555378,0.9996659242761693,0.5,0.5322099456911642,0.16376969428775692,0.3231228941722189,0.47820725460127617,0.11399106080166596,0.0
2021-08-07 03:30:00,0.13319386331938632,0.24302788844621515,0.5797468354430377,0.5554365291912158,0.5428276033555378,0.9996659242761693,0.5,0.5322099456911642,0.16376969428775692,0.3231228941722189,0.47820725460127617,0.11399106080166596,0.0
2021-08-07 03:40:00,0.22873082287308227,0.13545816733067717,0.5851079672375277,0.5547223710051776,0.6282341547682925,0.8391982182628063,0.5,0.5322099456911642,0.16376969428775692,0.3231228941722189,0.47820725460127617,0.11399106080166596,0.0
2021-08-07 03:50:00,0.21338912133891214,0.027888446215139417,0.5925539836187639,0.5857882520978397,0.6978968996610435,0.005345211581291759,0.5,0.5322099456911642,0.16376969428775692,0.3231228941722189,0.47820725460127617,0.11399106080166596,0.07447530817629042
2021-08-07 04:00:00,0.33891213389121344,-0.31474103585657376,0.5702159344750557,0.5843599357257632,0.7104736229076966,0.00011135857461024499,0.5,0.48527461099457914,0.17883548319430412,0.33574508433583067,0.3441498500125783,0.1250017071407223,0.1874783107261946
2021-08-07 04:10:00,0.29009762900976294,-0.1394422310756973,0.5440059568131048,0.535440099982146,0.6952271269843348,0.00011135857461024499,0.5,0.48527461099457914,0.17883548319430412,0.33574508433583067,0.3441498500125783,0.1250017071407223,0.14811322178131178
2021-08-07 04:20:00,0.33821478382147835,-0.17131474103585675,0.5326880119136261,0.497589716122121,0.6920600437109841,0.00011135857461024499,0.5,0.48527461099457914,0.17883548319430412,0.33574508433583067,0.3441498500125783,0.1250017071407223,0.19003575901142178
2021-08-07 04:30:00,0.4191073919107392,-0.05179282868525903,0.5240506329113923,0.48402071058739504,0.6843386423420711,0.00011135857461024499,0.5,0.48527461099457914,0.17883548319430412,0.33574508433583067,0.3441498500125783,0.1250017071407223,0.2988140682287973
2021-08-07 04:40:00,0.36192468619246865,-0.05179282868525903,0.5204765450483988,0.4708087841456883,0.6753347031186608,0.00011135857461024499,0.5,0.48527461099457914,0.17883548319430412,0.33574508433583067,0.3441498500125783,0.1250017071407223,0.23814445433559156
2021-08-07 04:50:00,0.3758716875871687,-0.1633466135458168,0.5180938198064033,0.46652383502945916,0.6674300820562484,0.00011135857461024499,0.5,0.48527461099457914,0.17883548319430412,0.33574508433583067,0.3441498500125783,0.1250017071407223,0.224248230909667
2021-08-07 05:00:00,0.4065550906555091,-0.0916334661354582,0.5145197319434103,0.4622388859132296,0.6583345329860883,0.00011135857461024499,0.5,0.48427301771749454,0.19710523064191346,0.32514951068136344,0.2494060495150087,0.13190591398453086,0.25878509890308854
2021-08-07 05:10:00,0.35564853556485354,0.17928286852589648,0.5145197319434103,0.4561685413319052,0.6583345329860883,0.00011135857461024499,0.5,0.48427301771749454,0.19710523064191346,0.32514951068136344,0.2494060495150087,0.13190591398453086,0.20126137272356925
2021-08-07 05:20:00,0.1324965132496513,0.2589641434262948,0.5127326880119134,0.4508123549366183,0.6583345329860883,0.00044543429844097997,0.5,0.48427301771749454,0.19710523064191346,0.32514951068136344,0.2494060495150087,0.13190591398453086,0.022918961328967816
2021-08-07 05:30:00,0.09902370990237098,-0.2828685258964144,0.5100521221146683,0.45045527584359935,0.6526023740037429,0.2984409799554566,0.5,0.48427301771749454,0.19710523064191346,0.32514951068136344,0.2494060495150087,0.13190591398453086,0.0
2021-08-07 05:40:00,0.09205020920502092,-0.42629482071713154,0.5180938198064033,0.4479557221924655,0.6419232832969075,0.9995545657015591,0.5,0.48427301771749454,0.19710523064191346,0.32514951068136344,0.2494060495150087,0.13190591398453086,0.0
2021-08-07 05:50:00,0.08716875871687588,-0.5338645418326694,0.5335815338793746,0.4718800214247456,0.6419232832969075,0.9995545657015591,0.5,0.48427301771749454,0.19710523064191346,0.32514951068136344,0.2494060495150087,0.13190591398453086,0.0
2021-08-07 06:00:00,0.07252440725244073,-0.6414342629482073,0.5380491437081161,0.4811640778432422,0.6419232832969075,0.9995545657015591,0.5,0.5158672653768581,0.2515121822262198,0.34603110471460674,0.29925306609519225,0.16235647338985318,0.0
2021-08-07 06:10:00,0.08368200836820083,-0.5424018212862834,0.5332836932241249,0.4815211569362612,0.6419232832969075,0.9995545657015591,0.5,0.5158672653768581,0.2515121822262198,0.34603110471460674,0.29925306609519225,0.16235647338985318,0.0
2021-08-07 06:20:00,0.07252440725244073,-0.44336937962435974,0.527922561429635,0.47759328691305103,0.6419232832969075,0.9995545657015591,0.5,0.5158672653768581,0.2515121822262198,0.34603110471460674,0.29925306609519225,0.16235647338985318,0.0
2021-08-07 06:30:00,0.08228730822873082,-0.34433693796243603,0.5347728965003722,0.4754508123549366,0.6419232832969075,0.9995545657015591,0.5,0.5158672653768581,0.2515121822262198,0.34603110471460674,0.29925306609519225,0.16235647338985318,0.0
2021-08-07 06:40:00,0.1094839609483961,-0.24530449630051232,0.535368577810871,0.4708087841456883,0.6419232832969075,0.9995545657015591,0.5,0.5158672653768581,0.2515121822262198,0.34603110471460674,0.29925306609519225,0.16235647338985318,0.0
2021-08-07 06:50:00,0.09832635983263598,-0.1462720546385886,0.5368577810871182,0.4683092304945544,0.6419232832969075,0.9995545657015591,0.5,0.5158672653768581,0.2515121822262198,0.34603110471460674,0.29925306609519225,0.16235647338985318,0.0
2021-08-07 07:00:00,0.11436541143654114,-0.0472396129766649,0.535368577810871,0.4683092304945544,0.6419232832969075,0.9995545657015591,0.5,0.5047115574792136,0.2758421526003785,0.34951912718404043,0.26794784836575014,0.25025781906150407,0.0
2021-08-07 07:10:00,0.0808926080892608,0.05179282868525892,0.5294117647058822,0.4675950723085165,0.6419232832969075,0.9995545657015591,0.5,0.5047115574792136,0.2758421526003785,0.34951912718404043,0.26794784836575014,0.25025781906150407,0.0
2021-08-07 07:20:00,0.02370990237099024,0.1508252703471824,0.5261355174981384,0.4683092304945544,0.6419232832969075,0.9995545657015591,0.5,0.5047115574792136,0.2758421526003785,0.34951912718404043,0.26794784836575014,0.25025781906150407,0.0
2021-08-07 07:30:00,0.026499302649930265,0.24985771200910611,0.5261355174981384,0.4683092304945544,0.6419232832969075,0.9995545657015591,0.5,0.5047115574792136,0.2758421526003785,0.34951912718404043,0.26794784836575014,0.25025781906150407,0.0
2021-08-07 07:40:00,0.042538354253835425,0.34889015367103005,0.5261355174981384,0.4683092304945544,0.6419232832969075,0.9995545657015591,0.5,0.5047115574792136,0.2758421526003785,0.34951912718404043,0.26794784836575014,0.25025781906150407,0.0
2021-08-07 07:50:00,0.0404463040446304,0.44792259533295375,0.5261355174981384,0.4683092304945544,0.6419232832969075,0.9995545657015591,0.5,0.5047115574792136,0.2758421526003785,0.34951912718404043,0.26794784836575014,0.25025781906150407,0.0
2021-08-07 08:00:00,0.07391910739191074,0.5469550369948772,0.5288160833953832,0.47116586323870724,0.6419232832969075,0.9995545657015591,0.5,0.5014055658968661,0.28578735485205753,0.3472771802930345,0.2880837772199807,0.28858458147801125,0.0
2021-08-07 08:10:00,0.028591352859135284,0.6459874786568012,0.5306031273268801,0.4733083377968219,0.6419232832969075,0.9995545657015591,0.5,0.5014055658968661,0.28578735485205753,0.3472771802930345,0.2880837772199807,0.28858458147801125,0.0
2021-08-07 08:20:00,0.02370990237099024,0.7450199203187249,0.5317944899478777,0.4754508123549366,0.6419232832969075,0.9995545657015591,0.5,0.5014055658968661,0.28578735485205753,0.3472771802930345,0.2880837772199807,0.28858458147801125,0.0
2021-08-07 08:30:00,0.05090655509065551,0.6478087649402389,0.5344750558451226,0.47759328691305103,0.6419232832969075,0.9995545657015591,0.5,0.5014055658968661,0.28578735485205753,0.3472771802930345,0.2880837772199807,0.28858458147801125,0.0
2021-08-07 08:40:00,0.044630404463040445,0.5505976095617531,0.5314966492926283,0.4790216032851278,0.6419232832969075,0.9995545657015591,0.5,0.5014055658968661,0.28578735485205753,0.3472771802930345,0.2880837772199807,0.28858458147801125,0.0
2021-08-07 08:50:00,0.08577405857740586,0.45338645418326706,0.5335815338793746,0.4790216032851278,0.6419232832969075,0.9995545657015591,0.5,0.5014055658968661,0.28578735485205753,0.3472771802930345,0.2880837772199807,0.28858458147801125,0.0
2021-08-07 09:00:00,0.11227336122733612,0.3561752988047808,0.5371556217423676,0.47580789144795577,0.6419232832969075,0.9995545657015591,0.5,0.4981972988666954,0.3077409362455336,0.3367360098975888,0.32884060210087895,0.3070545021111374,0.0
2021-08-07 09:10:00,0.11506276150627615,0.2589641434262946,0.5386448250186149,0.4754508123549366,0.6419232832969075,0.9995545657015591,0.5,0.4981972988666954,0.3077409362455336,0.3367360098975888,0.32884060210087895,0.3070545021111374,0.0
2021-08-07 09:20:00,0.12482566248256625,0.16175298804780858,0.5437081161578554,0.4754508123549366,0.6419232832969075,0.9995545657015591,0.5,0.4981972988666954,0.3077409362455336,0.3367360098975888,0.32884060210087895,0.3070545021111374,0.0
2021-08-07 09:30:00,0.11227336122733612,0.06454183266932256,0.5443037974683544,0.46938046777361175,0.6419232832969075,0.9995545657015591,0.5,0.4981972988666954,0.3077409362455336,0.3367360098975888,0.32884060210087895,0.3070545021111374,0.0
2021-08-07 09:40:00,0.14225941422594143,-0.03266932270916345,0.5460908413998509,0.4683092304945544,0.6419232832969075,0.9995545657015591,0.5,0.4981972988666954,0.3077409362455336,0.3367360098975888,0.32884060210087895,0.3070545021111374,0.0
2021-08-07 09:50:00,0.24267782426778242,-0.12988047808764958,0.5478778853313475,0.46973754686663094,0.5578647053434714,0.9995545657015591,0.5,0.4981972988666954,0.3077409362455336,0.3367360098975888,0.32884060210087895,0.3070545021111374,0.0
2021-08-07 10:00:00,0.3096234309623431,-0.2270916334661356,0.5475800446760981,0.49044813426173883,0.39364751148394866,0.9937639198218262,0.5,0.5744957596549689,0.3133959949081489,0.30247907662071305,0.24997585565590627,0.345661570302802,0.0
2021-08-07 10:10:00,0.301255230125523,-0.1330677290836655,0.550856291883842,0.487591501517586,0.3896690267108139,0.9995545657015591,0.5,0.5744957596549689,0.3133959949081489,0.30247907662071305,0.24997585565590627,0.345661570302802,0.0
2021-08-07 10:20:00,0.2622036262203626,-0.03904382470119527,0.5541325390915859,0.4786645241921086,0.3890277577835652,0.9995545657015591,0.5,0.5744957596549689,0.3133959949081489,0.30247907662071305,0.24997585565590627,0.345661570302802,0.0
2021-08-07 10:30:00,0.2315202231520223,0.05498007968127494,0.552941176470588,0.47759328691305103,0.3544908455588855,0.9978841870824053,0.5,0.5744957596549689,0.3133959949081489,0.30247907662071305,0.24997585565590627,0.345661570302802,0.0
2021-08-07 10:40:00,0.4825662482566248,0.14900398406374493,0.5544303797468353,0.4754508123549366,0.3719359778042429,0.9995545657015591,0.5,0.5744957596549689,0.3133959949081489,0.30247907662071305,0.24997585565590627,0.345661570302802,0.0
2021-08-07 10:50:00,0.36959553695955366,0.24302788844621515,0.558302308265078,0.48223531512229956,0.47732656292942116,0.3125835189309577,0.5,0.5744957596549689,0.3133959949081489,0.30247907662071305,0.24997585565590627,0.345661570302802,0.1393922476877348
2021-08-07 11:00:00,0.32496513249651326,-0.2749003984063746,0.5678332092330602,0.49044813426173883,0.42903508657130524,0.00011135857461024499,0.5,0.5761894628918529,0.32065159608858496,0.31898342754988646,0.16633738029720377,0.45435412395741476,0.14570665540081779
2021-08-07 11:10:00,0.36750348675034866,-0.1394422310756973,0.5723008190618017,0.500803427959293,0.36526154611247075,0.00011135857461024499,0.5,0.5761894628918529,0.32065159608858496,0.31898342754988646,0.16633738029720377,0.45435412395741476,0.23234304509860135
2021-08-07 11:20:00,0.20641562064156208,-0.059760956175298974,0.548771407297096,0.47616497054097473,0.3361427019669943,0.00011135857461024499,0.5,0.5761894628918529,0.32065159608858496,0.31898342754988646,0.16633738029720377,0.45435412395741476,0.07023552665328847
2021-08-07 11:30:00,0.13598326359832635,0.17928286852589648,0.544899478778853,0.4754508123549366,0.37806075041551607,0.00022271714922048998,0.5,0.5761894628918529,0.32065159608858496,0.31898342754988646,0.16633738029720377,0.45435412395741476,0.020142734281877576
2021-08-07 11:40:00,0.18340306834030684,0.6015936254980081,0.5520476545048398,0.4811640778432422,0.43747627959325225,0.059465478841870825,0.5,0.5761894628918529,0.32065159608858496,0.31898342754988646,0.16633738029720377,0.45435412395741476,0.0
2021-08-07 11:50:00,0.13528591352859135,0.2788844621513944,0.5577066269545792,0.47759328691305103,0.4391383439557132,0.9795100222717149,0.5,0.5761894628918529,0.32065159608858496,0.31898342754988646,0.16633738029720377,0.45435412395741476,0.0
2021-08-07 12:00:00,0.3493723849372385,-0.043824701195219196,0.5734921816827996,0.49366184609891084,0.4351336849406499,0.3548997772828508,0.5,0.582777031595048,0.31820911648328964,0.3163446792661571,0.20879404938216736,0.6596455969997378,0.14167056444920562
2021-08-07 12:10:00,0.3814504881450488,-0.14741035856573714,0.568428890543559,0.4833065524013569,0.4119433065919828,0.00011135857461024499,0.5,0.582777031595048,0.31820911648328964,0.3163446792661571,0.20879404938216736,0.6596455969997378,0.23087949062268964
2021-08-07 12:20:00,0.29288702928870297,-0.21115537848605592,0.5559195830230825,0.4718800214247456,0.39992932954679306,0.00011135857461024499,0.5,0.582777031595048,0.31820911648328964,0.3163446792661571,0.20879404938216736,0.6596455969997378,0.12691431416630203
2021-08-07 12:30:00,0.3263598326359832,-0.19521912350597614,0.5559195830230825,0.4611676486341725,0.3862532881391422,0.00011135857461024499,0.5,0.582777031595048,0.31820911648328964,0.3163446792661571,0.20879404938216736,0.6596455969997378,0.17553600796656457
2021-08-07 12:40:00,0.299860529986053,-0.26693227091633476,0.5615785554728219,0.45688269951794314,0.3862532881391422,0.00011135857461024499,0.5,0.582777031595048,0.31820911648328964,0.3163446792661571,0.20879404938216736,0.6596455969997378,0.1519607103520075
2021-08-07 12:50:00,0.2210599721059972,-0.15537848605577698,0.573790022338049,0.4750937332619174,0.3861616782923925,0.00011135857461024499,0.5,0.582777031595048,0.31820911648328964,0.3163446792661571,0.20879404938216736,0.6596455969997378,0.08856013398313141
2021-08-07 13:00:00,0.22873082287308227,-0.10756972111553798,0.5824274013402826,0.5065166934475986,0.37437018230359503,0.00011135857461024499,0.5,0.6222861008003737,0.30724381980822174,0.2947970574558018,0.3819931018407536,0.7203752085528261,0.08033707017517389
2021-08-07 13:10:00,0.37517433751743373,0.3067729083665336,0.5874906924795233,0.5172290662381716,0.39677533339440657,0.00011135857461024499,0.5,0.6222861008003737,0.30724381980822174,0.2947970574558018,0.3819931018407536,0.7203752085528261,0.25580518128460855
2021-08-07 13:20:00,0.1387726638772664,-0.2270916334661356,0.5857036485480267,0.5168719871451526,0.4282891206763424,0.02071269487750557,0.5,0.6222861008003737,0.30724381980822174,0.2947970574558018,0.3819931018407536,0.7203752085528261,0.0
2021-08-07 13:30:00,0.4191073919107392,-0.1394422310756973,0.5883842144452716,0.5079450098196749,0.38438182984125324,0.016369710467706012,0.5,0.6222861008003737,0.30724381980822174,0.2947970574558018,0.3819931018407536,0.7203752085528261,0.2939254945154428
2021-08-07 13:40:00,0.39609483960948394,0.07569721115537842,0.5889798957557706,0.5100874843777896,0.4057269241339597,0.00011135857461024499,0.5,0.6222861008003737,0.30724381980822174,0.2947970574558018,0.3819931018407536,0.7203752085528261,0.2633869969974501
2021-08-07 13:50:00,0.3668061366806137,-0.07569721115537853,0.5862993298585255,0.5165149080521336,0.4109094240358064,0.00011135857461024499,0.5,0.6222861008003737,0.30724381980822174,0.2947970574558018,0.3819931018407536,0.7203752085528261,0.2579854248080028
2021-08-07 14:00:00,0.43235704323570434,-0.1872509960159363,0.5848101265822783,0.5186573826102483,0.43222834408658434,0.00011135857461024499,0.5,0.6100799707026461,0.2983187119799316,0.2884024552736097,0.5433987330511891,0.7353811220099282,0.3156147683208353
2021-08-07 14:10:00,0.502092050209205,-0.21115537848605592,0.5815338793745346,0.5168719871451526,0.4023504469251809,0.00011135857461024499,0.5,0.6100799707026461,0.2983187119799316,0.2884024552736097,0.5433987330511891,0.7353811220099282,0.47503658886189776
2021-08-07 14:20:00,0.299163179916318,-0.05179282868525903,0.5800446760982871,0.5133011962149614,0.38637107222782063,0.00011135857461024499,0.5,0.6100799707026461,0.2983187119799316,0.2884024552736097,0.5433987330511891,0.7353811220099282,0.1410594927350363
2021-08-07 14:30:00,0.44979079497907953,-0.07569721115537853,0.5842144452717795,0.5297268344938404,0.39017942442841996,0.00022271714922048998,0.5,0.6100799707026461,0.2983187119799316,0.2884024552736097,0.5433987330511891,0.7353811220099282,0.3795736077372241
2021-08-07 14:40:00,0.5662482566248256,0.15537848605577675,0.5806403574087862,0.5293697554008212,0.3978484773134758,0.00044543429844097997,0.5,0.6100799707026461,0.2983187119799316,0.2884024552736097,0.5433987330511891,0.7353811220099282,0.5979148120765876
2021-08-07 14:50:00,0.695258019525802,0.17131474103585642,0.5794489947877883,0.5240135690055348,0.43411288950543775,0.00155902004454343,0.5,0.6100799707026461,0.2983187119799316,0.2884024552736097,0.5433987330511891,0.7353811220099282,0.8877287746880517
2021-08-07 15:00:00,0.605997210599721,-0.059760956175298974,0.5728965003723006,0.5250848062845921,0.44424232113177425,0.00022271714922048998,0.5,0.616781540265684,0.29225848905338225,0.25306088079764055,0.6344072412032647,0.7500870138472912,0.6825972811080767
2021-08-07 15:10:00,0.6248256624825663,0.019920318725099362,0.5708116157855547,0.5336547045170503,0.44340474539006164,0.00033407572383073496,0.5,0.616781540265684,0.29225848905338225,0.25306088079764055,0.6344072412032647,0.7500870138472912,0.7420598397634172
2021-08-07 15:20:00,0.5620641562064157,-0.08366533864541836,0.5708116157855547,0.542581681842528,0.44459567339780925,0.00011135857461024499,0.5,0.616781540265684,0.29225848905338225,0.25306088079764055,0.6344072412032647,0.7500870138472912,0.5780889297946498
2021-08-07 15:30:00,0.4693165969316597,-0.1394422310756973,0.5708116157855547,0.5543652919121587,0.4339689311748309,0.00011135857461024499,0.5,0.616781540265684,0.29225848905338225,0.25306088079764055,0.6344072412032647,0.7500870138472912,0.4133937866831631
2021-08-07 15:40:00,0.45397489539748953,0.05179282868525892,0.5708116157855547,0.5643635065166934,0.4210388556621429,0.00011135857461024499,0.5,0.616781540265684,0.29225848905338225,0.25306088079764055,0.6344072412032647,0.7500870138472912,0.3566621905034929
2021-08-07 15:50:00,0.48117154811715485,-0.03585657370517936,0.5714072970960533,0.5647205856097126,0.42105194278310715,0.00011135857461024499,0.5,0.616781540265684,0.29225848905338225,0.25306088079764055,0.6344072412032647,0.7500870138472912,0.43391372572687353
2021-08-07 16:00:00,0.37447698744769875,-0.08366533864541836,0.5755770662695456,0.5690055347259417,0.41386711337372895,0.00011135857461024499,0.5,0.6551506008725836,0.28560345050530606,0.22252099629740804,0.6389410089169866,0.7759154982741403,0.2428519697632663
2021-08-07 16:10:00,0.2831241283124128,-0.3784860557768924,0.5767684288905432,0.5743617211212282,0.386488856316499,0.00011135857461024499,0.5,0.6551506008725836,0.28560345050530606,0.22252099629740804,0.6389410089169866,0.7759154982741403,0.12379860283356217
2021-08-07 16:20:00,0.33891213389121344,-0.2749003984063746,0.5755770662695456,0.5754329584002855,0.36289277721793983,0.00011135857461024499,0.5,0.6551506008725836,0.28560345050530606,0.22252099629740804,0.6389410089169866,0.7759154982741403,0.18035668482278921
2021-08-07 16:30:00,0.3563458856345886,0.08366533864541825,0.5717051377513027,0.5693626138189607,0.36376961432254523,0.00011135857461024499,0.5,0.6551506008725836,0.28560345050530606,0.22252099629740804,0.6389410089169866,0.7759154982741403,0.20874511519833427
2021-08-07 16:40:00,0.3898186889818689,0.01195219123505975,0.5708116157855547,0.5636493483306553,0.3838976063655757,0.00011135857461024499,0.5,0.6551506008725836,0.28560345050530606,0.22252099629740804,0.6389410089169866,0.7759154982741403,0.2533684385231679
2021-08-07 16:50:00,0.38354253835425384,-0.06772908366533881,0.5699180938198063,0.5529369755400819,0.3708104854013166,0.00011135857461024499,0.5,0.6551506008725836,0.28560345050530606,0.22252099629740804,0.6389410089169866,0.7759154982741403,0.2377747936689953
2021-08-07 17:00:00,0.38284518828451886,0.21912350597609564,0.5678332092330602,0.5493661846098912,0.368912852861499,0.00011135857461024499,0.5,0.6682198755729645,0.28468680227696513,0.20233941622639975,0.5567181346710883,0.8005555137680994,0.2582268358555759
2021-08-07 17:10:00,0.36541143654114366,0.15537848605577675,0.5681310498883096,0.5382967327262989,0.38334794728507676,0.00011135857461024499,0.5,0.6682198755729645,0.28468680227696513,0.20233941622639975,0.5567181346710883,0.8005555137680994,0.23818971890701152
2021-08-07 17:20:00,0.3807531380753138,-0.24302788844621515,0.5720029784065523,0.5257989644706302,0.3830862048657916,0.00011135857461024499,0.5,0.6682198755729645,0.28468680227696513,0.20233941622639975,0.5567181346710883,0.8005555137680994,0.24047557976371894
2021-08-07 17:30:00,0.4463040446304045,0.019920318725099362,0.5791511541325389,0.5357971790751652,0.375835939851592,0.00011135857461024499,0.5,0.6682198755729645,0.28468680227696513,0.20233941622639975,0.5567181346710883,0.8005555137680994,0.34391266955354044
2021-08-07 17:40:00,0.4093444909344491,-0.14741035856573714,0.5806403574087862,0.5468666309587575,0.37221080734449224,0.00011135857461024499,0.5,0.6682198755729645,0.28468680227696513,0.20233941622639975,0.5567181346710883,0.8005555137680994,0.2823453083271723
2021-08-07 17:50:00,0.36541143654114366,-0.21912350597609564,0.5851079672375277,0.5540082128191393,0.35017209564067997,0.00011135857461024499,0.5,0.6682198755729645,0.28468680227696513,0.20233941622639975,0.5567181346710883,0.8005555137680994,0.21935211310107577
2021-08-07 18:00:00,0.3451882845188285,0.2669322709163344,0.5857036485480267,0.5543652919121587,0.33815811859549016,0.00011135857461024499,0.5,0.6311536533473328,0.27991390977767616,0.20003089192050733,0.4868860170830962,0.7768925611576543,0.21533111033993693
2021-08-07 18:10:00,0.3814504881450488,-0.29083665338645437,0.5871928518242739,0.5532940546331013,0.3383544254099541,0.00011135857461024499,0.5,0.6311536533473328,0.27991390977767616,0.20003089192050733,0.4868860170830962,0.7768925611576543,0.22875959986118866
2021-08-07 18:20:00,0.39191073919107394,0.2589641434262948,0.5889798957557706,0.5532940546331013,0.32941592179136514,0.00011135857461024499,0.5,0.6311536533473328,0.27991390977767616,0.20003089192050733,0.4868860170830962,0.7768925611576543,0.28505363851713267
2021-08-07 18:30:00,0.397489539748954,0.003984063745019917,0.5934475055845121,0.5529369755400819,0.3383282511680255,0.00011135857461024499,0.5,0.6311536533473328,0.27991390977767616,0.20003089192050733,0.4868860170830962,0.7768925611576543,0.2697315810914797
2021-08-07 18:40:00,0.40794979079497906,0.05976095617529875,0.6023827252419953,0.5629351901446169,0.3420057321589824,0.00011135857461024499,0.5,0.6311536533473328,0.27991390977767616,0.20003089192050733,0.4868860170830962,0.7768925611576543,0.27771323385186414
2021-08-07 18:50:00,0.4665271966527197,-0.0916334661354582,0.6065524944154874,0.5679342974468844,0.34013427386109324,0.00011135857461024499,0.5,0.6311536533473328,0.27991390977767616,0.20003089192050733,0.4868860170830962,0.7768925611576543,0.3917874979253739
2021-08-07 19:00:00,0.4490934449093445,-0.10756972111553798,0.6062546537602382,0.5654347437957508,0.33141825129889674,0.00011135857461024499,0.5,0.6315689326644482,0.3037726252632839,0.19195612941482765,0.5089962510753775,0.7567252247628026,0.3546630052657785
2021-08-07 19:10:00,0.5683403068340307,0.33864541832669315,0.6098287416232313,0.5625781110515979,0.33615578908795857,0.00011135857461024499,0.5,0.6315689326644482,0.3037726252632839,0.19195612941482765,0.5089962510753775,0.7567252247628026,0.577266623413854
2021-08-07 19:20:00,0.598326359832636,-0.10756972111553798,0.6125093075204764,0.5615068737725406,0.3394144822080591,0.00011135857461024499,0.5,0.6315689326644482,0.3037726252632839,0.19195612941482765,0.5089962510753775,0.7567252247628026,0.651508064637808
2021-08-07 19:30:00,0.5550906555090656,0.2669322709163344,0.6125093075204764,0.5665059810748081,0.3395977019015587,0.00033407572383073496,0.5,0.6315689326644482,0.3037726252632839,0.19195612941482765,0.5089962510753775,0.7567252247628026,0.6119091087405888
2021-08-07 19:40:00,0.5815899581589958,-0.03585657370517936,0.6104244229337303,0.5732904838421709,0.3520042925756763,0.00033407572383073496,0.5,0.6315689326644482,0.3037726252632839,0.19195612941482765,0.5089962510753775,0.7567252247628026,0.6140968963592196
2021-08-07 19:50:00,0.5488145048814504,-0.003984063745020028,0.6053611317944898,0.5761471165863239,0.353103610736674,0.00033407572383073496,0.5,0.6315689326644482,0.3037726252632839,0.19195612941482765,0.5089962510753775,0.7567252247628026,0.5477314905623368
2021-08-07 20:00:00,0.5446304044630405,-0.02788844621513953,0.6029784065524944,0.5807891447955722,0.3520304668176048,0.00033407572383073496,0.5,0.6342153335492389,0.30017212297453716,0.1850393066716784,0.5024987378906085,0.7516671726709248,0.56585240732079
2021-08-07 20:10:00,0.48117154811715485,0.019920318725099362,0.5955323901712581,0.5847170148187824,0.34539529648872547,0.00033407572383073496,0.5,0.6342153335492389,0.30017212297453716,0.1850393066716784,0.5024987378906085,0.7516671726709248,0.4166905563015828
2021-08-07 20:20:00,0.4714086471408647,-0.10756972111553798,0.58927773641102,0.5861453311908589,0.3489942547538967,0.00033407572383073496,0.5,0.6342153335492389,0.30017212297453716,0.1850393066716784,0.5024987378906085,0.7516671726709248,0.4019871146853358
2021-08-07 20:30:00,0.42747559274755925,-0.1394422310756973,0.5860014892032761,0.5861453311908589,0.35176872439831963,0.00033407572383073496,0.5,0.6342153335492389,0.30017212297453716,0.1850393066716784,0.5024987378906085,0.7516671726709248,0.3268554702234561
2021-08-07 20:40:00,0.3584379358437936,-0.1633466135458168,0.5857036485480267,0.5861453311908589,0.34704427373022206,0.00033407572383073496,0.5,0.6342153335492389,0.30017212297453716,0.1850393066716784,0.5024987378906085,0.7516671726709248,0.22602109329028172
2021-08-07 20:50:00,0.40376569037656906,0.03585657370517925,0.583320923306031,0.5815033029816103,0.3462066979885095,0.00033407572383073496,0.5,0.6342153335492389,0.30017212297453716,0.1850393066716784,0.5024987378906085,0.7516671726709248,0.2680190714727583
2021-08-07 21:00:00,0.3765690376569038,-0.26693227091633476,0.5800446760982871,0.576861274772362,0.35009357291489446,0.00033407572383073496,0.5,0.6171968862889783,0.29791642122141404,0.2094328910437145,0.3965296768582218,0.7304222857454726,0.2334897475745734
2021-08-07 21:10:00,0.43654114365411434,0.027888446215139417,0.5776619508562917,0.5697196929119801,0.3505385350276793,0.00033407572383073496,0.5,0.6171968862889783,0.29791642122141404,0.2094328910437145,0.3965296768582218,0.7304222857454726,0.317696938606153
2021-08-07 21:20:00,0.41492329149232915,0.06772908366533859,0.5764705882352941,0.5572219246563115,0.35210898954339037,0.00033407572383073496,0.5,0.6171968862889783,0.29791642122141404,0.2094328910437145,0.3965296768582218,0.7304222857454726,0.2961132821340737
2021-08-07 21:30:00,0.43165969316596936,0.13147410358565725,0.5717051377513027,0.542581681842528,0.35937234167855414,0.00033407572383073496,0.5,0.6171968862889783,0.29791642122141404,0.2094328910437145,0.3965296768582218,0.7304222857454726,0.32039018060563995
2021-08-07 21:40:00,0.39121338912133896,-0.1633466135458168,0.5708116157855547,0.5393679700053562,0.3633377393307246,0.00033407572383073496,0.5,0.6171968862889783,0.29791642122141404,0.2094328910437145,0.3965296768582218,0.7304222857454726,0.24639015042925905
2021-08-07 21:50:00,0.3207810320781032,-0.03585657370517936,0.5699180938198063,0.5300839135868596,0.36794440591014377,0.00033407572383073496,0.5,0.6171968862889783,0.29791642122141404,0.2094328910437145,0.3965296768582218,0.7304222857454726,0.187734809964241
2021-08-07 22:00:00,0.35006973500697347,0.22709163346613526,0.5651526433358152,0.5357971790751652,0.3748413186583084,0.00033407572383073496,0.5,0.504377726406608,0.320973428695399,0.29250451172948216,0.33857774517953926,0.7425278773957708,0.2013443577711725
2021-08-07 22:10:00,0.28521617852161785,0.41035856573705165,0.5618763961280713,0.5257989644706302,0.3885173600659591,0.00033407572383073496,0.5,0.504377726406608,0.320973428695399,0.29250451172948216,0.33857774517953926,0.7425278773957708,0.12132413959593825
2021-08-07 22:20:00,0.27475592747559274,-0.06772908366533881,0.5618763961280713,0.5165149080521336,0.3779822276897306,0.00033407572383073496,0.5,0.504377726406608,0.320973428695399,0.29250451172948216,0.33857774517953926,0.7425278773957708,0.11528886340661164
2021-08-07 22:30:00,0.14365411436541145,-0.26693227091633476,0.5609828741623228,0.511158721656847,0.3746973603277015,0.00033407572383073496,0.5,0.504377726406608,0.320973428695399,0.29250451172948216,0.33857774517953926,0.7425278773957708,0.03848997389743049
2021-08-07 22:40:00,0.11785216178521618,0.08366533864541825,0.5609828741623228,0.5133011962149614,0.3746973603277015,0.00033407572383073496,0.5,0.504377726406608,0.320973428695399,0.29250451172948216,0.33857774517953926,0.7425278773957708,0.01768335923472698
2021-08-07 22:50:00,0.12761506276150628,0.49800796812749004,0.5618763961280713,0.5240135690055348,0.37813927314130164,0.00033407572383073496,0.5,0.504377726406608,0.320973428695399,0.29250451172948216,0.33857774517953926,0.7425278773957708,0.026208186852150823
2021-08-07 23:00:00,0.18967921896792192,-0.38645418326693237,0.5609828741623228,0.5343688627030887,0.39113478425881093,0.00033407572383073496,0.5,0.4332092709581641,0.32569747160258256,0.33657127835104106,0.27851580579283686,0.7693123094986876,0.05646000875115048
2021-08-07 23:10:00,0.14435146443514643,0.2669322709163344,0.5618763961280713,0.5168719871451526,0.39257436756487946,0.00033407572383073496,0.5,0.4332092709581641,0.32569747160258256,0.33657127835104106,0.27851580579283686,0.7693123094986876,0.03392579627925223
2021-08-07 23:20:00,0.11715481171548117,0.6015936254980081,0.5618763961280713,0.5279414390287449,0.40765073091570586,0.00033407572383073496,0.5,0.4332092709581641,0.32569747160258256,0.33657127835104106,0.27851580579283686,0.7693123094986876,0.017962490758483336
2021-08-07 23:30:00,0.15411436541143653,0.22709163346613526,0.5618763961280713,0.5329405463310124,0.4225177003311042,0.00033407572383073496,0.5,0.4332092709581641,0.32569747160258256,0.33657127835104106,0.27851580579283686,0.7693123094986876,0.041190759992154144
2021-08-07 23:40:00,0.1317991631799163,0.3705179282868525,0.5594936708860758,0.5200856989823246,0.42903508657130524,0.00033407572383073496,0.5,0.4332092709581641,0.32569747160258256,0.33657127835104106,0.27851580579283686,0.7693123094986876,0.02917301628015752
2021-08-07 23:50:00,0.14016736401673638,-0.4581673306772909,0.5556217423678329,0.5261560435636492,0.43201895015115627,0.00033407572383073496,0.5,0.4332092709581641,0.32569747160258256,0.33657127835104106,0.27851580579283686,0.7693123094986876,0.025936599423631128
2021-08-08 00:00:00,0.12517434449093445,0.0717131474103585,0.5516008935219656,0.5190144617032673,0.42806009605946793,0.00033407572383073496,0.5,0.41849515529698733,0.331545055128203,0.34965291608443133,0.23332302573016178,0.8344460822210862,0.01938078066297509
2021-08-08 00:10:00,0.11018131101813111,0.6015936254980081,0.5475800446760981,0.5118728798428851,0.4241012419677795,0.00033407572383073496,0.5,0.41849515529698733,0.331545055128203,0.34965291608443133,0.23332302573016178,0.8344460822210862,0.012824961902319056
2021-08-08 00:20:00,0.0885634588563459,0.6494023904382469,0.544899478778853,0.5079450098196749,0.4254753896690267,0.0006681514476614699,0.5,0.41849515529698733,0.331545055128203,0.34965291608443133,0.23332302573016178,0.8344460822210862,0.0
2021-08-08 00:30:00,0.06903765690376569,0.49800796812749004,0.5416232315711094,0.5050883770755221,0.44055175301985317,0.1425389755011136,0.5,0.41849515529698733,0.331545055128203,0.34965291608443133,0.23332302573016178,0.8344460822210862,0.0
2021-08-08 00:40:00,0.11297071129707113,0.7450199203187249,0.5404318689501115,0.48366363149437586,0.44055175301985317,0.9995545657015591,0.5,0.41849515529698733,0.331545055128203,0.34965291608443133,0.23332302573016178,0.8344460822210862,0.0
2021-08-08 00:50:00,0.1094839609483961,0.7609561752988048,0.5407297096053609,0.5033029816104269,0.44055175301985317,0.9995545657015591,0.5,0.41849515529698733,0.331545055128203,0.34965291608443133,0.23332302573016178,0.8344460822210862,0.0
2021-08-08 01:00:00,0.11785216178521618,0.6390438247011951,0.5401340282948621,0.5079450098196749,0.44055175301985317,0.9995545657015591,0.5,0.3316354387248712,0.33104219168005394,0.39041072177907027,0.23349488250248307,0.9297994408384409,0.0
2021-08-08 01:10:00,0.12133891213389121,0.5171314741035855,0.5356664184661204,0.5047312979825032,0.44055175301985317,0.9995545657015591,0.5,0.3316354387248712,0.33104219168005394,0.39041072177907027,0.23349488250248307,0.9297994408384409,0.0
2021-08-08 01:20:00,0.1297071129707113,0.3952191235059759,0.535368577810871,0.4947330833779682,0.44055175301985317,0.9995545657015591,0.5,0.3316354387248712,0.33104219168005394,0.39041072177907027,0.23349488250248307,0.9297994408384409,0.0
2021-08-08 01:30:00,0.12761506276150628,0.27330677290836647,0.535368577810871,0.48580610605249075,0.44055175301985317,0.9995545657015591,0.5,0.3316354387248712,0.33104219168005394,0.39041072177907027,0.23349488250248307,0.9297994408384409,0.0
2021-08-08 01:40:00,0.11506276150627615,0.15139442231075684,0.5311988086373787,0.47759328691305103,0.44055175301985317,0.9995545657015591,0.5,0.3316354387248712,0.33104219168005394,0.39041072177907027,0.23349488250248307,0.9297994408384409,0.0
2021-08-08 01:50:00,0.12761506276150628,0.02948207171314743,0.5258376768428887,0.47116586323870724,0.44055175301985317,0.9995545657015591,0.5,0.3316354387248712,0.33104219168005394,0.39041072177907027,0.23349488250248307,0.9297994408384409,0.0
2021-08-08 02:00:00,0.1317991631799163,-0.0924302788844622,0.5243484735666417,0.46652383502945916,0.44055175301985317,0.9995545657015591,0.5,0.32809327391591614,0.3233498176760816,0.43432404331108126,0.2535382876990811,0.9983095165863166,0.0
2021-08-08 02:10:00,0.15481171548117156,-0.21434262948207183,0.5246463142218911,0.4636672022853061,0.44055175301985317,0.9995545657015591,0.5,0.32809327391591614,0.3233498176760816,0.43432404331108126,0.2535382876990811,0.9983095165863166,0.0
2021-08-08 02:20:00,0.17294281729428174,-0.33625498007968135,0.5207743857036482,0.46045349044813433,0.4785305780581329,0.5026726057906459,0.5,0.32809327391591614,0.3233498176760816,0.43432404331108126,0.2535382876990811,0.9983095165863166,0.0
2021-08-08 02:30:00,0.19107391910739194,-0.4581673306772909,0.5303052866716305,0.46509551865738263,0.4893012786117182,0.41414253897550113,0.5,0.32809327391591614,0.3233498176760816,0.43432404331108126,0.2535382876990811,0.9983095165863166,0.0
2021-08-08 02:40:00,0.24755927475592746,-0.29083665338645437,0.5383469843633655,0.47759328691305103,0.4893012786117182,0.001893095768374165,0.5,0.32809327391591614,0.3233498176760816,0.43432404331108126,0.2535382876990811,0.9983095165863166,0.07384914827164778
2021-08-08 02:50:00,0.25383542538354253,-0.1394422310756973,0.5446016381236036,0.5025888234243885,0.4893012786117182,0.00011135857461024499,0.5,0.32809327391591614,0.3233498176760816,0.43432404331108126,0.2535382876990811,0.9983095165863166,0.08579899512651448
2021-08-08 03:00:00,0.2880055788005579,0.019920318725099362,0.5258376768428887,0.47723620782003207,0.4893012786117182,0.00011135857461024499,0.5,0.32637515621753277,0.32119468861258577,0.4400385413484425,0.2679498554257457,0.03843989851439267,0.11838194245364153
2021-08-08 03:10:00,0.2789400278940028,-0.23505976095617542,0.5204765450483988,0.4433136939832174,0.4893012786117182,0.00011135857461024499,0.5,0.32637515621753277,0.32119468861258577,0.4400385413484425,0.2679498554257457,0.03843989851439267,0.1085519863602758
2021-08-08 03:20:00,0.2894002789400279,-0.06772908366533881,0.5148175725986597,0.42795929298339574,0.4893012786117182,0.00011135857461024499,0.5,0.32637515621753277,0.32119468861258577,0.4400385413484425,0.2679498554257457,0.03843989851439267,0.11968707092958342
2021-08-08 03:30:00,0.2085076708507671,0.41035856573705165,0.5037974683544302,0.41367612926263164,0.4893012786117182,0.00011135857461024499,0.5,0.32637515621753277,0.32119468861258577,0.4400385413484425,0.2679498554257457,0.03843989851439267,0.0858140833169878
2021-08-08 03:40:00,0.09553695955369597,0.6494023904382469,0.496947133283693,0.417961078378861,0.49181400583685597,0.00011135857461024499,0.5,0.32637515621753277,0.32119468861258577,0.4400385413484425,0.2679498554257457,0.03843989851439267,0.0339861490411455
2021-08-08 03:50:00,0.1792189679218968,0.3545816733067728,0.49635145197319397,0.4290305302624531,0.51505673266938,0.00011135857461024499,0.5,0.32637515621753277,0.32119468861258577,0.4400385413484425,0.2679498554257457,0.03843989851439267,0.08362629569835689
2021-08-08 04:00:00,0.19525801952580193,0.08366533864541825,0.49635145197319397,0.4190323156579181,0.522071429506223,0.00011135857461024499,0.5,0.27439936922637154,0.3251831141327634,0.4723476096869251,0.27680711967581817,0.06437505296012552,0.09954433664770583
2021-08-08 04:10:00,0.27405857740585776,0.4183266932270917,0.49635145197319397,0.41046241742545986,0.5242177173443614,0.00011135857461024499,0.5,0.27439936922637154,0.3251831141327634,0.4723476096869251,0.27680711967581817,0.06437505296012552,0.12013217254854626
2021-08-08 04:20:00,0.23430962343096234,0.1394422310756971,0.49486224869694695,0.40689162649526867,0.5475782282655638,0.00011135857461024499,0.5,0.27439936922637154,0.3251831141327634,0.4723476096869251,0.27680711967581817,0.06437505296012552,0.09441435188677823
2021-08-08 04:30:00,0.2733612273361227,0.394422310756972,0.49456440804169755,0.40403499375111585,0.5519755009095548,0.00011135857461024499,0.5,0.27439936922637154,0.3251831141327634,0.4723476096869251,0.27680711967581817,0.06437505296012552,0.12924543959442944
2021-08-08 04:40:00,0.2615062761506276,0.4501992031872508,0.4892032762472076,0.39760757007677205,0.5654159741398489,0.00011135857461024499,0.5,0.27439936922637154,0.3251831141327634,0.4723476096869251,0.27680711967581817,0.06437505296012552,0.1126031655023613
2021-08-08 04:50:00,0.197350069735007,0.4501992031872508,0.48741623231571096,0.3983217282628102,0.5861590608681996,0.00011135857461024499,0.5,0.27439936922637154,0.3251831141327634,0.4723476096869251,0.27680711967581817,0.06437505296012552,0.07100502436742762
2021-08-08 05:00:00,0.20571827057182707,0.4183266932270917,0.4853313477289649,0.3972504909837531,0.5913022994071535,0.00011135857461024499,0.5,0.27596279529574663,0.32537563899576855,0.48836182402841044,0.2920851677494786,0.07254271274562323,0.08049549617514372
2021-08-08 05:10:00,0.2698744769874477,0.19521912350597592,0.48324646314221864,0.3940367791465811,0.5913022994071535,0.00011135857461024499,0.5,0.27596279529574663,0.32537563899576855,0.48836182402841044,0.2920851677494786,0.07254271274562323,0.11719751950148619
2021-08-08 05:20:00,0.16875871687587168,0.2828685258964143,0.4808637379002232,0.3908230673094091,0.5913022994071535,0.00011135857461024499,0.5,0.27596279529574663,0.32537563899576855,0.48836182402841044,0.2920851677494786,0.07254271274562323,0.05305007770418094
2021-08-08 05:30:00,0.20292887029288703,0.19521912350597592,0.4778853313477287,0.39260846277450456,0.5913022994071535,0.00011135857461024499,0.5,0.27596279529574663,0.32537563899576855,0.48836182402841044,0.2920851677494786,0.07254271274562323,0.0737737073192812
2021-08-08 05:40:00,0.1603905160390516,-0.01195219123505975,0.4746090841399848,0.38653811819317974,0.5913022994071535,0.00011135857461024499,0.5,0.27596279529574663,0.32537563899576855,0.48836182402841044,0.2920851677494786,0.07254271274562323,0.04744481494334385
2021-08-08 05:50:00,0.1617852161785216,0.17131474103585642,0.4695457930007445,0.3886805927512944,0.5913022994071535,0.00011135857461024499,0.5,0.27596279529574663,0.32537563899576855,0.48836182402841044,0.2920851677494786,0.07254271274562323,0.0490064426573321
2021-08-08 06:00:00,0.1317991631799163,0.7290836653386452,0.46448250186150397,0.3922513836814856,0.5915378675845101,0.00011135857461024499,0.5,0.27787636209848277,0.361271468677355,0.5967622832477149,0.2945500272810353,0.07893877275378293,0.029074943042080963
2021-08-08 06:10:00,0.14644351464435149,0.24302788844621515,0.4623976172747577,0.3965363327977147,0.607752810459227,0.00011135857461024499,0.5,0.27787636209848277,0.361271468677355,0.5967622832477149,0.2945500272810353,0.07893877275378293,0.04103233399218432
2021-08-08 06:20:00,0.12273361227336123,0.3067729083665336,0.4528667163067759,0.38975183003035174,0.6078051589430842,0.00011135857461024499,0.5,0.27787636209848277,0.361271468677355,0.5967622832477149,0.2945500272810353,0.07893877275378293,0.024269354376329648
2021-08-08 06:30:00,0.11297071129707113,0.4262948207171313,0.44512285927029005,0.38832351365827544,0.6078051589430842,0.00011135857461024499,0.5,0.27787636209848277,0.361271468677355,0.5967622832477149,0.2945500272810353,0.07893877275378293,0.01850566561552273
2021-08-08 06:40:00,0.2496513249651325,-0.36254980079681276,0.4460163812360385,0.38653811819317974,0.6078051589430842,0.00011135857461024499,0.5,0.27787636209848277,0.361271468677355,0.5967622832477149,0.2945500272810353,0.07893877275378293,0.09182672722060443
2021-08-08 06:50:00,0.27405857740585776,-0.17928286852589637,0.4460163812360385,0.37011247991430096,0.6078051589430842,0.00011135857461024499,0.5,0.27787636209848277,0.361271468677355,0.5967622832477149,0.2945500272810353,0.07893877275378293,0.10416886702777738
2021-08-08 07:00:00,0.20781032078103207,0.2828685258964143,0.44422933730454184,0.3601142653097662,0.6078051589430842,0.00011135857461024499,0.5,0.26423711645197834,0.3569727045720334,0.635391894320211,0.3250466529749747,0.08163988931038631,0.07576534846175899
2021-08-08 07:10:00,0.15690376569037656,0.5139442231075697,0.4427401340282946,0.3601142653097662,0.6078051589430842,0.00011135857461024499,0.5,0.26423711645197834,0.3569727045720334,0.635391894320211,0.3250466529749747,0.08163988931038631,0.05700318360818987
2021-08-08 07:20:00,0.16736401673640167,0.394422310756972,0.44422933730454184,0.36511337261203347,0.6078051589430842,0.00011135857461024499,0.5,0.26423711645197834,0.3569727045720334,0.635391894320211,0.3250466529749747,0.08163988931038631,0.062072815607224226
2021-08-08 07:30:00,0.12412831241283125,0.585657370517928,0.4430379746835442,0.37154079628637726,0.6164819201423879,0.00011135857461024499,0.5,0.26423711645197834,0.3569727045720334,0.635391894320211,0.3250466529749747,0.08163988931038631,0.023107563709884274
2021-08-08 07:40:00,0.0808926080892608,0.5776892430278884,0.4308265078183171,0.37189787537939667,0.6283257646150423,0.014810690423162584,0.5,0.26423711645197834,0.3569727045720334,0.635391894320211,0.3250466529749747,0.08163988931038631,0.0
2021-08-08 07:50:00,0.11227336122733612,-0.6334661354581674,0.43261355174981353,0.3554722371005179,0.657758699663661,0.7276169265033409,0.5,0.26423711645197834,0.3569727045720334,0.635391894320211,0.3250466529749747,0.08163988931038631,0.0
2021-08-08 08:00:00,0.11715481171548117,-0.5155378486055777,0.45197319434102745,0.3790394572397786,0.658112051929696,0.9993318485523385,0.5,0.27437495476487217,0.3669294008453868,0.6075017909324606,0.2978808699149944,0.08417715147929976,0.0
2021-08-08 08:10:00,0.15132496513249652,-0.3976095617529881,0.46329113924050613,0.3997500446348867,0.658112051929696,0.9993318485523385,0.5,0.27437495476487217,0.3669294008453868,0.6075017909324606,0.2978808699149944,0.08417715147929976,0.0
2021-08-08 08:20:00,0.13458856345885634,-0.2796812749003985,0.47133283693224115,0.40724870558828763,0.658112051929696,0.9993318485523385,0.5,0.27437495476487217,0.3669294008453868,0.6075017909324606,0.2978808699149944,0.08417715147929976,0.0
2021-08-08 08:30:00,0.13319386331938632,-0.1617529880478088,0.4760982874162323,0.40760578468130704,0.658112051929696,0.9993318485523385,0.5,0.27437495476487217,0.3669294008453868,0.6075017909324606,0.2978808699149944,0.08417715147929976,0.0
2021-08-08 08:40:00,0.1324965132496513,-0.043824701195219196,0.47877885331347714,0.40760578468130704,0.658112051929696,0.9993318485523385,0.5,0.27437495476487217,0.3669294008453868,0.6075017909324606,0.2978808699149944,0.08417715147929976,0.0
2021-08-08 08:50:00,0.12482566248256625,0.07410358565737041,0.48711839166046156,0.4122478128905551,0.658112051929696,0.9993318485523385,0.5,0.27437495476487217,0.3669294008453868,0.6075017909324606,0.2978808699149944,0.08417715147929976,0.0
2021-08-08 09:00:00,0.11297071129707113,0.19203187250996012,0.49456440804169755,0.417961078378861,0.658112051929696,0.9993318485523385,0.5,0.322450298059884,0.36971095409000343,0.48239128827551436,0.24627984563329816,0.12155681171578023,0.0
2021-08-08 09:10:00,0.07670850767085077,0.3099601593625496,0.49873417721518964,0.42760221389037656,0.658112051929696,0.9993318485523385,0.5,0.322450298059884,0.36971095409000343,0.48239128827551436,0.24627984563329816,0.12155681171578023,0.0
2021-08-08 09:20:00,0.08926080892608089,0.42788844621513955,0.5034996276991808,0.43902874486698806,0.658112051929696,0.9993318485523385,0.5,0.322450298059884,0.36971095409000343,0.48239128827551436,0.24627984563329816,0.12155681171578023,0.0
2021-08-08 09:30:00,0.09762900976290097,0.5458167330677288,0.510349962769918,0.44724156400642756,0.658112051929696,0.9993318485523385,0.5,0.322450298059884,0.36971095409000343,0.48239128827551436,0.24627984563329816,0.12155681171578023,0.0
2021-08-08 09:40:00,0.11576011157601115,0.5816733067729083,0.5177959791511539,0.4540260667737903,0.658112051929696,0.9993318485523385,0.5,0.322450298059884,0.36971095409000343,0.48239128827551436,0.24627984563329816,0.12155681171578023,0.0
2021-08-08 09:50:00,0.10111576011157601,0.6175298804780875,0.5282204020848844,0.4558114622388858,0.658112051929696,0.9993318485523385,0.5,0.322450298059884,0.36971095409000343,0.48239128827551436,0.24627984563329816,0.12155681171578023,0.0
2021-08-08 10:00:00,0.13389121338912133,0.7370517928286848,0.5371556217423676,0.4611676486341725,0.658112051929696,0.9993318485523385,0.5,0.5635273293547542,0.3622168519598733,0.32551574987030085,0.14501271139534114,0.178154883049581,0.0
2021-08-08 10:10:00,0.14504881450488147,0.6733067729083664,0.5454951600893521,0.46509551865738263,0.658112051929696,0.9993318485523385,0.5,0.5635273293547542,0.3622168519598733,0.32551574987030085,0.14501271139534114,0.178154883049581,0.0
2021-08-08 10:20:00,0.16596931659693165,0.5776892430278884,0.552941176470588,0.4654525977504018,0.658112051929696,0.9993318485523385,0.5,0.5635273293547542,0.3622168519598733,0.32551574987030085,0.14501271139534114,0.178154883049581,0.0
2021-08-08 10:30:00,0.22454672245467225,0.8087649402390438,0.5591958302308264,0.4683092304945544,0.658112051929696,0.634966592427617,0.5,0.5635273293547542,0.3622168519598733,0.32551574987030085,0.14501271139534114,0.178154883049581,0.014069737616367668
2021-08-08 10:40:00,0.22663877266387727,0.43426294820717115,0.5746835443037972,0.4783074450990894,0.6856604415594613,0.00011135857461024499,0.5,0.5635273293547542,0.3622168519598733,0.32551574987030085,0.14501271139534114,0.178154883049581,0.07793804788991657
2021-08-08 10:50:00,0.25732217573221755,-0.003984063745020028,0.5925539836187639,0.5150865916800571,0.6890500058892044,0.00011135857461024499,0.5,0.5635273293547542,0.3622168519598733,0.32551574987030085,0.14501271139534114,0.178154883049581,0.09556859845798694
2021-08-08 11:00:00,0.201534170153417,0.06772908366533859,0.6086373790022337,0.542581681842528,0.6866419756317806,0.00011135857461024499,0.5,0.5803504275699305,0.3681793757022118,0.3071662534428449,0.0446856135409736,0.41904095476921027,0.0605941729408392
2021-08-08 11:10:00,0.1387726638772664,0.6334661354581672,0.6035740878629932,0.5640064274236742,0.7030924866838544,0.00011135857461024499,0.5,0.5803504275699305,0.3681793757022118,0.3071662534428449,0.0446856135409736,0.41904095476921027,0.03127027475594852
2021-08-08 11:20:00,0.16736401673640167,-0.2749003984063746,0.5934475055845121,0.5482949473308338,0.7096753085288767,0.042316258351893093,0.5,0.5803504275699305,0.3681793757022118,0.3071662534428449,0.0446856135409736,0.41904095476921027,0.007227243236718621
2021-08-08 11:30:00,0.1394700139470014,-0.4342629482071714,0.5934475055845121,0.5325834672379934,0.6646948737747183,0.016926503340757237,0.5,0.5803504275699305,0.3681793757022118,0.3071662534428449,0.0446856135409736,0.41904095476921027,0.00997329390286223
2021-08-08 11:40:00,0.12622036262203626,0.2828685258964143,0.5979151154132538,0.522228173540439,0.6641321275732552,0.21024498886414253,0.5,0.5803504275699305,0.3681793757022118,0.3071662534428449,0.0446856135409736,0.41904095476921027,0.0
2021-08-08 11:50:00,0.08716875871687588,0.2111553784860556,0.6107222635889797,0.5218710944474201,0.6597872034131211,0.9993318485523385,0.5,0.5803504275699305,0.3681793757022118,0.3071662534428449,0.0446856135409736,0.41904095476921027,0.0
2021-08-08 12:00:00,0.07112970711297072,0.20318725099601576,0.629784065524944,0.5540082128191393,0.6597872034131211,0.9993318485523385,0.5,0.5924099374863043,0.360277235802727,0.30702041720071266,0.13648108810914056,0.6383731499061013,0.0
2021-08-08 12:10:00,0.07670850767085077,0.19521912350597592,0.6461653015636633,0.5725763256561329,0.6597872034131211,0.9993318485523385,0.5,0.5924099374863043,0.360277235802727,0.30702041720071266,0.13648108810914056,0.6383731499061013,0.0
2021-08-08 12:20:00,0.05439330543933055,0.1872509960159361,0.6562918838421443,0.5843599357257632,0.6597872034131211,0.9993318485523385,0.5,0.5924099374863043,0.360277235802727,0.30702041720071266,0.13648108810914056,0.6383731499061013,0.0
2021-08-08 12:30:00,0.14574616457461645,0.17928286852589648,0.6673119880863736,0.5940010712372792,0.6597872034131211,0.9993318485523385,0.5,0.5924099374863043,0.360277235802727,0.30702041720071266,0.13648108810914056,0.6383731499061013,0.0
2021-08-08 12:40:00,0.2196652719665272,0.17131474103585642,0.6786299329858525,0.6000714158186038,0.6337961811781025,0.9993318485523385,0.5,0.5924099374863043,0.360277235802727,0.30702041720071266,0.13648108810914056,0.6383731499061013,0.0
2021-08-08 12:50:00,0.15411436541143653,0.1633466135458166,0.6863737900223379,0.6143545795393681,0.47953828637238094,0.9779510022271715,0.5,0.5924099374863043,0.360277235802727,0.30702041720071266,0.13648108810914056,0.6383731499061013,0.0
2021-08-08 13:00:00,0.07322175732217574,0.3120849933598935,0.6887565152643333,0.6286377432601322,0.46807396840768994,0.9995545657015591,0.5,0.6975259678816417,0.34901309456418955,0.23804596175007042,0.18716833052178372,0.6906083685065361,0.0
2021-08-08 13:10:00,0.19456066945606695,0.4608233731739706,0.6976917349218166,0.641849669701839,0.47202627893889626,0.9776169265033409,0.5,0.6975259678816417,0.34901309456418955,0.23804596175007042,0.18716833052178372,0.6906083685065361,0.0
2021-08-08 13:20:00,0.12552301255230125,0.6095617529880477,0.7018615040953089,0.64542046063203,0.5270052741097486,0.03864142538975501,0.5,0.6975259678816417,0.34901309456418955,0.23804596175007042,0.18716833052178372,0.6906083685065361,0.0
2021-08-08 13:30:00,0.09414225941422595,0.3227091633466135,0.7069247952345492,0.6464916979110873,0.5495412964102027,0.994097995545657,0.5,0.6975259678816417,0.34901309456418955,0.23804596175007042,0.18716833052178372,0.6906083685065361,0.0
2021-08-08 13:40:00,0.07252440725244073,0.49800796812749004,0.7158600148920327,0.6614890198178898,0.5495412964102027,0.9993318485523385,0.5,0.6975259678816417,0.34901309456418955,0.23804596175007042,0.18716833052178372,0.6906083685065361,0.0
2021-08-08 13:50:00,0.15411436541143653,0.09907038512616184,0.7262844378257631,0.6736297089805392,0.5495412964102027,0.9993318485523385,0.5,0.6975259678816417,0.34901309456418955,0.23804596175007042,0.18716833052178372,0.6906083685065361,0.0
2021-08-08 14:00:00,0.14225941422594143,-0.299867197875166,0.729560685033507,0.6779146580967683,0.5495412964102027,0.9993318485523385,0.5,0.704455539164365,0.32554230231001274,0.215005737705022,0.23102850411471357,0.71526432634474,0.0
2021-08-08 14:10:00,0.07461645746164575,-0.6988047808764941,0.7328369322412507,0.6825566863060168,0.5495412964102027,0.9993318485523385,0.5,0.704455539164365,0.32554230231001274,0.215005737705022,0.23102850411471357,0.71526432634474,0.0
2021-08-08 14:20:00,0.05788005578800558,-0.5681274900398406,0.7408786299329855,0.6875557936082841,0.5495412964102027,0.9993318485523385,0.5,0.704455539164365,0.32554230231001274,0.215005737705022,0.23102850411471357,0.71526432634474,0.0
2021-08-08 14:30:00,0.1199442119944212,-0.4374501992031873,0.7492181682799699,0.6971969291198001,0.5495412964102027,0.9993318485523385,0.5,0.704455539164365,0.32554230231001274,0.215005737705022,0.23102850411471357,0.71526432634474,0.0
2021-08-08 14:40:00,0.19386331938633192,-0.3067729083665339,0.7566641846612061,0.6993394036779146,0.635379722814778,0.841759465478842,0.5,0.704455539164365,0.32554230231001274,0.215005737705022,0.23102850411471357,0.71526432634474,0.0
2021-08-08 14:50:00,0.11576011157601115,-0.17609561752988057,0.7560685033507073,0.7071951437243349,0.7014696836842863,0.9791759465478843,0.5,0.704455539164365,0.32554230231001274,0.215005737705022,0.23102850411471357,0.71526432634474,0.0
2021-08-08 15:00:00,0.16108786610878661,-0.04541832669322721,0.7581533879374533,0.6993394036779146,0.7014696836842863,0.9995545657015591,0.5,0.7188113759383477,0.3109219067432555,0.2048968766569058,0.2593295689081202,0.7328336519390718,0.0
2021-08-08 15:10:00,0.1206415620641562,0.08525896414342626,0.7590469099032016,0.689698268166399,0.7014696836842863,0.9995545657015591,0.5,0.7188113759383477,0.3109219067432555,0.2048968766569058,0.2593295689081202,0.7328336519390718,0.0
2021-08-08 15:20:00,0.10739191073919108,0.21593625498007962,0.7641102010424421,0.686841635422246,0.7014696836842863,0.9995545657015591,0.5,0.7188113759383477,0.3109219067432555,0.2048968766569058,0.2593295689081202,0.7328336519390718,0.0
2021-08-08 15:30:00,0.0808926080892608,0.346613545816733,0.7691734921816826,0.6864845563292268,0.7014696836842863,0.9995545657015591,0.5,0.7188113759383477,0.3109219067432555,0.2048968766569058,0.2593295689081202,0.7328336519390718,0.0
2021-08-08 15:40:00,0.07740585774058578,0.39007605939876844,0.7745346239761726,0.6864845563292268,0.7014696836842863,0.9995545657015591,0.5,0.7188113759383477,0.3109219067432555,0.2048968766569058,0.2593295689081202,0.7328336519390718,0.0
2021-08-08 15:50:00,0.2175732217573222,0.4335385729808041,0.7816827997021591,0.6818425281199787,0.6731884152805224,0.9995545657015591,0.5,0.7188113759383477,0.3109219067432555,0.2048968766569058,0.2593295689081202,0.7328336519390718,0.0
2021-08-08 16:00:00,0.1799163179916318,0.47700108656283935,0.7876396128071479,0.6971969291198001,0.4930703694494248,0.9995545657015591,0.5,0.760339874652419,0.2930745645920917,0.17696847540383007,0.2755294903764915,0.7389647605393886,0.0
2021-08-08 16:10:00,0.09483960948396096,0.520463600144875,0.784959046909903,0.7325477593286913,0.31194461530407924,0.9995545657015591,0.5,0.760339874652419,0.2930745645920917,0.17696847540383007,0.2755294903764915,0.7389647605393886,0.0
2021-08-08 16:20:00,0.14086471408647142,0.5639261137269103,0.7855547282204018,0.7289769683985003,0.30469435028987973,0.9995545657015591,0.5,0.760339874652419,0.2930745645920917,0.17696847540383007,0.2755294903764915,0.7389647605393886,0.0
2021-08-08 16:30:00,0.1799163179916318,0.6073886273089459,0.7885331347728963,0.7082663810033922,0.30455039195927286,0.9995545657015591,0.5,0.760339874652419,0.2930745645920917,0.17696847540383007,0.2755294903764915,0.7389647605393886,0.0
2021-08-08 16:40:00,0.13528591352859135,0.6508511408909814,0.7885331347728963,0.7014818782360293,0.20061247726112735,0.9995545657015591,0.5,0.760339874652419,0.2930745645920917,0.17696847540383007,0.2755294903764915,0.7389647605393886,0.0
2021-08-08 16:50:00,0.0599721059972106,0.6943136544730171,0.7894266567386445,0.7075522228173541,0.16873225059219224,0.9995545657015591,0.5,0.760339874652419,0.2930745645920917,0.17696847540383007,0.2755294903764915,0.7389647605393886,0.0
2021-08-08 17:00:00,0.10599721059972106,0.7377761680550528,0.7950856291883839,0.7075522228173541,0.16873225059219224,0.9995545657015591,0.5,0.7635644513433457,0.2835201590772601,0.17314528320573933,0.27234293004194193,0.7476582634321828,0.0
2021-08-08 17:10:00,0.0808926080892608,0.7334030879847613,0.799851079672375,0.7057668273522584,0.16873225059219224,0.9995545657015591,0.5,0.7635644513433457,0.2835201590772601,0.17314528320573933,0.27234293004194193,0.7476582634321828,0.0
2021-08-08 17:20:00,0.2315202231520223,0.72903000791447,0.7965748324646313,0.7007677200499909,0.18934446611090028,0.9995545657015591,0.5,0.7635644513433457,0.2835201590772601,0.17314528320573933,0.27234293004194193,0.7476582634321828,0.0
2021-08-08 17:30:00,0.16457461645746163,0.7246569278441788,0.799851079672375,0.7132654883056597,0.38944654565442155,0.9234966592427618,0.5,0.7635644513433457,0.2835201590772601,0.17314528320573933,0.27234293004194193,0.7476582634321828,0.0
2021-08-08 17:40:00,0.0404463040446304,0.6246126604692341,0.8001489203276244,0.7339760757007676,0.45662273756396327,0.9995545657015591,0.5,0.7635644513433457,0.2835201590772601,0.17314528320573933,0.27234293004194193,0.7476582634321828,0.0
2021-08-08 17:50:00,0.042538354253835425,0.5245683930942895,0.8049143708116158,0.7389751830030351,0.45662273756396327,0.9995545657015591,0.5,0.7635644513433457,0.2835201590772601,0.17314528320573933,0.27234293004194193,0.7476582634321828,0.0
2021-08-08 18:00:00,0.11854951185495119,0.42452412571934484,0.8058078927773638,0.7407605784681308,0.45662273756396327,0.9995545657015591,0.5,0.7107825201794529,0.2557937052990299,0.2176309168775269,0.2324057902713866,0.7300518802861599,0.0
2021-08-08 18:10:00,0.12691771269177127,0.3244798583444002,0.8055100521221144,0.738261024816997,0.45662273756396327,0.9995545657015591,0.5,0.7107825201794529,0.2557937052990299,0.2176309168775269,0.2324057902713866,0.7300518802861599,0.0
2021-08-08 18:20:00,0.07601115760111576,0.22443559096945553,0.8061057334326134,0.7361185502588823,0.45662273756396327,0.9995545657015591,0.5,0.7107825201794529,0.2557937052990299,0.2176309168775269,0.2324057902713866,0.7300518802861599,0.0
2021-08-08 18:30:00,0.20641562064156208,0.12439132359451088,0.805212211466865,0.7368327084449207,0.41870934813050475,0.9995545657015591,0.5,0.7107825201794529,0.2557937052990299,0.2176309168775269,0.2324057902713866,0.7300518802861599,0.0
2021-08-08 18:40:00,0.08368200836820083,0.024347056219566232,0.8049143708116158,0.7450455275843599,0.31194461530407924,0.9995545657015591,0.5,0.7107825201794529,0.2557937052990299,0.2176309168775269,0.2324057902713866,0.7300518802861599,0.0
2021-08-08 18:50:00,0.07391910739191074,-0.07569721115537853,0.8001489203276244,0.7296911265845385,0.31187917969925794,0.9995545657015591,0.5,0.7107825201794529,0.2557937052990299,0.2176309168775269,0.2324057902713866,0.7300518802861599,0.0
2021-08-08 19:00:00,0.14016736401673638,-0.08897742363877825,0.8031273268801189,0.7111230137475453,0.31187917969925794,0.9995545657015591,0.5,0.7137465091822721,0.2686440215283015,0.21562180071743825,0.22373131313388142,0.7128289617449097,0.0
2021-08-08 19:10:00,0.15132496513249652,-0.10225763612217809,0.8061057334326134,0.696839850026781,0.31187917969925794,0.9995545657015591,0.5,0.7137465091822721,0.2686440215283015,0.21562180071743825,0.22373131313388142,0.7128289617449097,0.0
2021-08-08 19:20:00,0.15690376569037656,-0.11553784860557781,0.8061057334326134,0.6857703981431889,0.30585910405569877,0.5020044543429844,0.5,0.7137465091822721,0.2686440215283015,0.21562180071743825,0.22373131313388142,0.7128289617449097,0.0
2021-08-08 19:30:00,0.10181311018131102,-0.07304116865869859,0.8022338049143707,0.6754151044456349,0.33222965279868083,0.9995545657015591,0.5,0.7137465091822721,0.2686440215283015,0.21562180071743825,0.22373131313388142,0.7128289617449097,0.0
2021-08-08 19:40:00,0.13458856345885634,-0.030544488711819473,0.797766195085629,0.6657739689341189,0.33222965279868083,0.9995545657015591,0.5,0.7137465091822721,0.2686440215283015,0.21562180071743825,0.22373131313388142,0.7128289617449097,0.0
2021-08-08 19:50:00,0.13598326359832635,0.01195219123505975,0.7962769918093817,0.6554186752365649,0.33222965279868083,0.9995545657015591,0.5,0.7137465091822721,0.2686440215283015,0.21562180071743825,0.22373131313388142,0.7128289617449097,0.0
2021-08-08 20:00:00,0.09344490934449094,0.05444887118193886,0.7897244973938939,0.6464916979110873,0.33222965279868083,0.9995545657015591,0.5,0.7355531259682817,0.27377322869942333,0.18784861995164073,0.23399079809678788,0.6785411487419937,0.0
2021-08-08 20:10:00,0.059274755927475595,0.09694555112881797,0.7825763216679076,0.6375647205856096,0.33222965279868083,0.9995545657015591,0.5,0.7355531259682817,0.27377322869942333,0.18784861995164073,0.23399079809678788,0.6785411487419937,0.0
2021-08-08 20:20:00,0.045327754532775454,0.1394422310756973,0.7781087118391659,0.6297089805391896,0.33222965279868083,0.9995545657015591,0.5,0.7355531259682817,0.27377322869942333,0.18784861995164073,0.23399079809678788,0.6785411487419937,0.0
2021-08-08 20:30:00,0.09065550906555091,0.1819389110225762,0.7718540580789277,0.6236386359578647,0.33222965279868083,0.9995545657015591,0.5,0.7355531259682817,0.27377322869942333,0.18784861995164073,0.23399079809678788,0.6785411487419937,0.0
2021-08-08 20:40:00,0.28103207810320785,0.22443559096945553,0.7632166790766937,0.6157828959114444,0.2919867558335842,0.8506681514476615,0.5,0.7355531259682817,0.27377322869942333,0.18784861995164073,0.23399079809678788,0.6785411487419937,0.0
2021-08-08 20:50:00,0.28661087866108786,0.2669322709163344,0.7536857781087116,0.6107837886091769,0.2443627226446454,0.0022271714922049,0.5,0.7355531259682817,0.27377322869942333,0.18784861995164073,0.23399079809678788,0.6785411487419937,0.14277954644899438
2021-08-08 21:00:00,0.22036262203626222,0.12350597609561742,0.7477289650037229,0.6154258168184252,0.251770033110416,0.00011135857461024499,0.5,0.7647125980956051,0.2749887214912338,0.17367435172937057,0.25432733350165426,0.6444624521240375,0.08486352731716885
2021-08-08 21:10:00,0.1806136680613668,0.47410358565737054,0.7456440804169768,0.6368505623995715,0.2693722108073445,0.00011135857461024499,0.5,0.7647125980956051,0.2749887214912338,0.17367435172937057,0.25432733350165426,0.6444624521240375,0.048644326085972515
2021-08-08 21:20:00,0.3054393305439331,0.1872509960159361,0.7423678332092329,0.6511337261203356,0.28277342267474576,0.00011135857461024499,0.5,0.7647125980956051,0.2749887214912338,0.17367435172937057,0.25432733350165426,0.6444624521240375,0.14111984549692955
2021-08-08 21:30:00,0.24616457461645744,0.24302788844621515,0.706031273268801,0.6164970540974826,0.29477431259897136,0.00011135857461024499,0.5,0.7647125980956051,0.2749887214912338,0.17367435172937057,0.25432733350165426,0.6444624521240375,0.09489717398192435
2021-08-08 21:40:00,0.14714086471408647,-0.38645418326693237,0.6863737900223379,0.5922156757721835,0.2892646346730183,0.00011135857461024499,0.5,0.7647125980956051,0.2749887214912338,0.17367435172937057,0.25432733350165426,0.6444624521240375,0.024239177995383016
2021-08-08 21:50:00,0.12761506276150628,0.3306772908366533,0.6774385703648547,0.5940010712372792,0.28190967269110473,0.00011135857461024499,0.5,0.7647125980956051,0.2749887214912338,0.17367435172937057,0.25432733350165426,0.6444624521240375,0.024631470947689242
2021-08-08 22:00:00,0.10460251046025104,0.7131474103585655,0.6717795979151151,0.5979289412604893,0.30095143369410166,0.00011135857461024499,0.5,0.6378877755257031,0.2937412178490684,0.22441851602873455,0.28633340392440587,0.6301377352270309,0.0027686829518535844
2021-08-08 22:10:00,0.10111576011157601,0.5139442231075697,0.665524944154877,0.6047134440278521,0.32173378178534506,0.00011135857461024499,0.5,0.6378877755257031,0.2937412178490684,0.22441851602873455,0.28633340392440587,0.6301377352270309,0.002104802571027657
2021-08-08 22:20:00,0.07740585774058578,0.4661354581673305,0.6634400595681309,0.6025709694697374,0.3402389708288074,0.00044543429844097997,0.5,0.6378877755257031,0.2937412178490684,0.22441851602873455,0.28633340392440587,0.6301377352270309,0.0
2021-08-08 22:30:00,0.08716875871687588,0.08366533864541825,0.660163812360387,0.5729334047491519,0.36239546662129796,0.8388641425389755,0.5,0.6378877755257031,0.2937412178490684,0.22441851602873455,0.28633340392440587,0.6301377352270309,0.0
2021-08-08 22:40:00,0.10529986052998605,0.20717131474103567,0.6702903946388681,0.5818603820746295,0.36252633783094057,0.9993318485523385,0.5,0.6378877755257031,0.2937412178490684,0.22441851602873455,0.28633340392440587,0.6301377352270309,0.0
2021-08-08 22:50:00,0.09762900976290097,0.3306772908366533,0.6679076693968726,0.5861453311908589,0.36252633783094057,0.9993318485523385,0.5,0.6378877755257031,0.2937412178490684,0.22441851602873455,0.28633340392440587,0.6301377352270309,0.0
2021-08-08 23:00:00,0.12203626220362622,0.45418326693227073,0.6661206254653758,0.5840028566327442,0.36252633783094057,0.9993318485523385,0.5,0.5620046274076342,0.3020513955179079,0.23722382578681508,0.2547398928204684,0.6645374839212449,0.0
2021-08-08 23:10:00,0.11157601115760113,0.5776892430278884,0.6652271034996275,0.5782895911444383,0.36252633783094057,0.9993318485523385,0.5,0.5620046274076342,0.3020513955179079,0.23722382578681508,0.2547398928204684,0.6645374839212449,0.0
2021-08-08 23:20:00,0.10320781032078104,0.3492695883134129,0.6577810871183913,0.5690055347259417,0.36252633783094057,0.9993318485523385,0.5,0.5620046274076342,0.3020513955179079,0.23722382578681508,0.2547398928204684,0.6645374839212449,0.0
2021-08-08 23:30:00,0.2085076708507671,0.12084993359893748,0.6542069992553983,0.5604356364934833,0.38977372367852803,0.9888641425389755,0.5,0.5620046274076342,0.3020513955179079,0.23722382578681508,0.2547398928204684,0.6645374839212449,0.0
2021-08-08 23:40:00,0.21338912133891214,-0.10756972111553798,0.6542069992553983,0.5754329584002855,0.4631662980460928,0.026837416481069045,0.5,0.5620046274076342,0.3020513955179079,0.23722382578681508,0.2547398928204684,0.6645374839212449,0.042533608944279315
2021-08-08 23:50:00,0.1708507670850767,0.5298804780876492,0.6682055100521218,0.6172112122835207,0.45875593828113753,0.00011135857461024499,0.5,0.5620046274076342,0.3020513955179079,0.23722382578681508,0.2547398928204684,0.6645374839212449,0.02821491618510192
2021-08-09 00:00:00,0.12133891213389121,0.2828685258964143,0.6685033507073712,0.6547045170505266,0.45875593828113753,0.00011135857461024499,0.5,0.5524204837331981,0.3045772067803232,0.23701065124505474,0.19758440232758587,0.7190699706248921,0.009988382093335546
2021-08-09 00:10:00,0.13319386331938632,0.1394422310756971,0.6485480268056589,0.6329226923763613,0.4624465063930586,0.004677060133630289,0.5,0.5524204837331981,0.3045772067803232,0.23701065124505474,0.19758440232758587,0.7190699706248921,0.0019539206662944914
2021-08-09 00:20:00,0.3821478382147839,0.7689243027888444,0.6282948622486968,0.6061417603999286,0.5622619779874625,0.027728285077951005,0.5,0.5524204837331981,0.3045772067803232,0.23701065124505474,0.19758440232758587,0.7190699706248921,0.19524118472471597
2021-08-09 00:30:00,0.42747559274755925,0.25099601593625476,0.6157855547282203,0.5697196929119801,0.5771027731609324,0.00011135857461024499,0.5,0.5524204837331981,0.3045772067803232,0.23701065124505474,0.19758440232758587,0.7190699706248921,0.3109977820360004
2021-08-09 00:40:00,0.4504881450488145,0.40239043824701204,0.604169769173492,0.5457953936797,0.5979243826150685,0.00011135857461024499,0.5,0.5524204837331981,0.3045772067803232,0.23701065124505474,0.19758440232758587,0.7190699706248921,0.36823483259652673
2021-08-09 00:50:00,0.5041841004184101,-0.14741035856573714,0.5952345495160087,0.5332976254240314,0.6151470338040333,0.00011135857461024499,0.5,0.5524204837331981,0.3045772067803232,0.23701065124505474,0.19758440232758587,0.7190699706248921,0.4786124900040738
2021-08-09 01:00:00,0.4839609483960949,0.15537848605577675,0.5868950111690245,0.5279414390287449,0.6099907081441154,0.00011135857461024499,0.5,0.49193545643536174,0.3052553540589701,0.2998735536373651,0.091565879019363,0.8834548388261856,0.40683796792250704
2021-08-09 01:10:00,0.504881450488145,-0.17131474103585675,0.583320923306031,0.5250848062845921,0.6018112575414535,0.00011135857461024499,0.5,0.49193545643536174,0.3052553540589701,0.2998735536373651,0.091565879019363,0.8834548388261856,0.46957466391055724
2021-08-09 01:20:00,0.46443514644351463,-0.03585657370517936,0.5761727475800447,0.5207998571683627,0.5957388334140373,0.00011135857461024499,0.5,0.49193545643536174,0.3052553540589701,0.2998735536373651,0.091565879019363,0.8834548388261856,0.3976039953528373
2021-08-09 01:30:00,0.5,-0.21115537848605592,0.5725986597170512,0.5193715407962862,0.6062608786693016,0.00011135857461024499,0.5,0.49193545643536174,0.3052553540589701,0.2998735536373651,0.091565879019363,0.8834548388261856,0.45123496839024096
2021-08-09 01:40:00,0.4372384937238493,0.2111553784860556,0.5657483246463142,0.5193715407962862,0.597034458389499,0.00011135857461024499,0.5,0.49193545643536174,0.3052553540589701,0.2998735536373651,0.091565879019363,0.8834548388261856,0.3446595349819696
2021-08-09 01:50:00,0.5118549511854951,0.12350597609561742,0.5618763961280713,0.5161578289591144,0.6058420907984453,0.00011135857461024499,0.5,0.49193545643536174,0.3052553540589701,0.2998735536373651,0.091565879019363,0.8834548388261856,0.4804758815275284
2021-08-09 02:00:00,0.5467224546722455,0.05179282868525892,0.5594936708860758,0.5079450098196749,0.6061430945806232,0.00011135857461024499,0.5,0.46619591004404937,0.3010830241920409,0.3112846689206609,0.2612218829331097,0.12935062126407995,0.5470374338005644
2021-08-09 02:10:00,0.5753138075313807,-0.01195219123505975,0.5556217423678329,0.507587930726656,0.6061430945806232,0.00011135857461024499,0.5,0.46619591004404937,0.3010830241920409,0.3112846689206609,0.2612218829331097,0.12935062126407995,0.6116299772168324
2021-08-09 02:20:00,0.4881450488145049,-0.3784860557768924,0.5517498138495904,0.5086591680057133,0.6022823938961668,0.00011135857461024499,0.5,0.46619591004404937,0.3010830241920409,0.3112846689206609,0.2612218829331097,0.12935062126407995,0.4453128536294642
2021-08-09 02:30:00,0.50278940027894,-0.1394422310756973,0.5446016381236036,0.5211569362613819,0.5948619963094318,0.00011135857461024499,0.5,0.46619591004404937,0.3010830241920409,0.3112846689206609,0.2612218829331097,0.12935062126407995,0.48061921933702495
2021-08-09 02:40:00,0.5306834030683404,-0.3545816733067729,0.5431124348473564,0.5097304052847706,0.5947572993417178,0.00011135857461024499,0.5,0.46619591004404937,0.3010830241920409,0.3112846689206609,0.2612218829331097,0.12935062126407995,0.5090529142839899
2021-08-09 02:50:00,0.5195258019525802,0.33864541832669315,0.5383469843633655,0.5161578289591144,0.5836332465220977,0.00011135857461024499,0.5,0.46619591004404937,0.3010830241920409,0.3112846689206609,0.2612218829331097,0.12935062126407995,0.5201201019961676
2021-08-09 03:00:00,0.5139470013947002,0.2111553784860556,0.53596425912137,0.5083020889126941,0.5836070722801692,0.00011135857461024499,0.5,0.4609600419982103,0.2969796584551452,0.30128664341656525,0.46069815140391857,0.18124182806716993,0.5101392639980687
2021-08-09 03:10:00,0.5111576011157601,0.1633466135458166,0.5329858525688755,0.5050883770755221,0.5836070722801692,0.00011135857461024499,0.5,0.4609600419982103,0.2969796584551452,0.30128664341656525,0.46069815140391857,0.18124182806716993,0.5011316142854988
2021-08-09 03:20:00,0.5195258019525802,0.07569721115537842,0.5294117647058822,0.5029459025174075,0.5836070722801692,0.00011135857461024499,0.5,0.4609600419982103,0.2969796584551452,0.30128664341656525,0.46069815140391857,0.18124182806716993,0.5278301673280323
2021-08-09 03:30:00,0.5585774058577406,-0.33067729083665354,0.5291139240506326,0.5033029816104269,0.5836070722801692,0.00011135857461024499,0.5,0.4609600419982103,0.2969796584551452,0.30128664341656525,0.46069815140391857,0.18124182806716993,0.5648792190352611
2021-08-09 03:40:00,0.5516039051603905,-0.40239043824701204,0.5261355174981384,0.5054454561685413,0.5836070722801692,0.00011135857461024499,0.5,0.4609600419982103,0.2969796584551452,0.30128664341656525,0.46069815140391857,0.18124182806716993,0.5493911915144017
2021-08-09 03:50:00,0.5578800557880056,-0.0916334661354582,0.5231571109456439,0.5040171397964648,0.5836070722801692,0.00011135857461024499,0.5,0.4609600419982103,0.2969796584551452,0.30128664341656525,0.46069815140391857,0.18124182806716993,0.5808802450322134
2021-08-09 04:00:00,0.5244072524407252,0.03585657370517925,0.5195830230826506,0.5036600607034458,0.5836070722801692,0.00011135857461024499,0.5,0.36362051788676153,0.30008304430658,0.3503365710247228,0.5334947689318179,0.20995274157374588,0.5364606122787694
2021-08-09 04:10:00,0.5202231520223152,0.10756972111553775,0.5151154132539089,0.49830387430815937,0.5836070722801692,0.00011135857461024499,0.5,0.36362051788676153,0.30008304430658,0.3503365710247228,0.5334947689318179,0.20995274157374588,0.5297614557086169
2021-08-09 04:20:00,0.5453277545327755,0.31474103585657365,0.5130305286671628,0.4958043206570255,0.5863161063197707,0.00011135857461024499,0.5,0.36362051788676153,0.30008304430658,0.3503365710247228,0.5334947689318179,0.20995274157374588,0.5709673038912444
2021-08-09 04:30:00,0.5648535564853556,-0.15537848605577698,0.5112434847356664,0.504374218889484,0.5948489091884676,0.00011135857461024499,0.5,0.36362051788676153,0.30008304430658,0.3503365710247228,0.5334947689318179,0.20995274157374588,0.6046969536943434
2021-08-09 04:40:00,0.5523012552301255,-0.12350597609561753,0.5112434847356664,0.5000892697732549,0.5948489091884676,0.00011135857461024499,0.5,0.36362051788676153,0.30008304430658,0.3503365710247228,0.5334947689318179,0.20995274157374588,0.5833773405555471
2021-08-09 04:50:00,0.5599721059972106,-0.26693227091633476,0.5112434847356664,0.5040171397964648,0.5948489091884676,0.00011135857461024499,0.5,0.36362051788676153,0.30008304430658,0.3503365710247228,0.5334947689318179,0.20995274157374588,0.5648339544638412
2021-08-09 05:00:00,0.5418410041841004,-0.3067729083665339,0.5112434847356664,0.5040171397964648,0.5948489091884676,0.00011135857461024499,0.5,0.3611939472147332,0.3010801506866244,0.29429487352637235,0.49154254092573474,0.21889833318435276,0.5382410187546208
2021-08-09 05:10:00,0.5411436541143654,-0.1633466135458168,0.5079672375279223,0.5040171397964648,0.5948489091884676,0.00011135857461024499,0.5,0.3611939472147332,0.3010801506866244,0.29429487352637235,0.49154254092573474,0.21889833318435276,0.5441706776106342
2021-08-09 05:20:00,0.5111576011157601,-0.13147410358565736,0.5055845122859268,0.5025888234243885,0.5948489091884676,0.00011135857461024499,0.5,0.3611939472147332,0.3010801506866244,0.29429487352637235,0.49154254092573474,0.21889833318435276,0.4985892541907449
2021-08-09 05:30:00,0.4916317991631799,-0.21912350597609564,0.5040953090096798,0.4993751115872165,0.5948489091884676,0.00011135857461024499,0.5,0.3611939472147332,0.3010801506866244,0.29429487352637235,0.49154254092573474,0.21889833318435276,0.4404846326780029
2021-08-09 05:40:00,0.49302649930264997,-0.17131474103585675,0.5023082650781829,0.49723263702910203,0.5948489091884676,0.00011135857461024499,0.5,0.3611939472147332,0.3010801506866244,0.29429487352637235,0.49154254092573474,0.21889833318435276,0.4643239736258431
2021-08-09 05:50:00,0.5195258019525802,-0.0916334661354582,0.5014147431124347,0.49830387430815937,0.5917865228828311,0.00011135857461024499,0.5,0.3611939472147332,0.3010801506866244,0.29429487352637235,0.49154254092573474,0.21889833318435276,0.4930518882870377
2021-08-09 06:00:00,0.5188284518828452,-0.09960159362549814,0.5008190618019359,0.507230851633637,0.5947311250997893,0.00011135857461024499,0.5,0.4203109641944578,0.3198757496257273,0.2856304253459839,0.5615244195444756,0.16804843574780018,0.4967711272387103
2021-08-09 06:10:00,0.4916317991631799,-0.043824701195219196,0.5014147431124347,0.4933047670058919,0.5947311250997893,0.00011135857461024499,0.5,0.4203109641944578,0.3198757496257273,0.2856304253459839,0.5615244195444756,0.16804843574780018,0.4699066041009702
2021-08-09 06:20:00,0.47489539748953974,-0.059760956175298974,0.49843633655994046,0.49009105516871987,0.5947311250997893,0.00011135857461024499,0.5,0.4203109641944578,0.3198757496257273,0.2856304253459839,0.5615244195444756,0.16804843574780018,0.43054905925132403
2021-08-09 06:30:00,0.4839609483960949,0.019920318725099362,0.49784065524944143,0.4865202642385287,0.5947311250997893,0.00011135857461024499,0.5,0.4203109641944578,0.3198757496257273,0.2856304253459839,0.5615244195444756,0.16804843574780018,0.44510916305807446
2021-08-09 06:40:00,0.4867503486750349,-0.043824701195219196,0.496947133283693,0.4861631851455097,0.5947311250997893,0.00011135857461024499,0.5,0.4203109641944578,0.3198757496257273,0.2856304253459839,0.5615244195444756,0.16804843574780018,0.4535208292469484
2021-08-09 06:50:00,0.500697350069735,-0.0916334661354582,0.4966492926284436,0.4861631851455097,0.5947311250997893,0.00011135857461024499,0.5,0.4203109641944578,0.3198757496257273,0.2856304253459839,0.5615244195444756,0.16804843574780018,0.48193943600344014
2021-08-09 07:00:00,0.45536959553695955,-0.09960159362549814,0.49903201787043905,0.48437778968041423,0.5947311250997893,0.00011135857461024499,0.5,0.401712747850977,0.3175769452913317,0.29085618175101646,0.5334113945747057,0.17585280248301524,0.3877287746880517
2021-08-09 07:10:00,0.4393305439330544,0.027888446215139417,0.49635145197319397,0.4797357614711659,0.5947311250997893,0.00011135857461024499,0.5,0.401712747850977,0.3175769452913317,0.29085618175101646,0.5334113945747057,0.17585280248301524,0.37071683992938725
2021-08-09 07:20:00,0.3933054393305439,0.1394422310756971,0.49635145197319397,0.4783074450990894,0.5947311250997893,0.00011135857461024499,0.5,0.401712747850977,0.3175769452913317,0.29085618175101646,0.5334113945747057,0.17585280248301524,0.29262036603950087
2021-08-09 07:30:00,0.401673640167364,-0.1394422310756973,0.49635145197319397,0.4754508123549366,0.5947311250997893,0.00011135857461024499,0.5,0.401712747850977,0.3175769452913317,0.29085618175101646,0.5334113945747057,0.17585280248301524,0.28837304042126227
2021-08-09 07:40:00,0.4072524407252441,-0.3067729083665339,0.49635145197319397,0.4754508123549366,0.5931214092211855,0.00011135857461024499,0.5,0.401712747850977,0.3175769452913317,0.29085618175101646,0.5334113945747057,0.17585280248301524,0.2831977910889147
2021-08-09 07:50:00,0.4170153417015342,0.31474103585657365,0.49635145197319397,0.47652204963399414,0.583450026828598,0.00011135857461024499,0.5,0.401712747850977,0.3175769452913317,0.29085618175101646,0.5334113945747057,0.17585280248301524,0.29894986194305717
2021-08-09 08:00:00,0.4386331938633194,0.09960159362549792,0.49962769918093786,0.4640242813783253,0.583450026828598,0.00011135857461024499,0.5,0.40825959243191723,0.31883554066441044,0.2942632968095976,0.47751909520631697,0.197411597120427,0.3606379286932119
2021-08-09 08:10:00,0.44072524407252445,0.13147410358565725,0.5037974683544302,0.4608105695411533,0.5883576971901952,0.00011135857461024499,0.5,0.40825959243191723,0.31883554066441044,0.2942632968095976,0.47751909520631697,0.197411597120427,0.3495782850762708
2021-08-09 08:20:00,0.45188284518828453,-0.043824701195219196,0.5082650781831719,0.4654525977504018,0.5946787766159323,0.00011135857461024499,0.5,0.40825959243191723,0.31883554066441044,0.2942632968095976,0.47751909520631697,0.197411597120427,0.3659414276445826
2021-08-09 08:30:00,0.44072524407252445,0.027888446215139417,0.5127326880119134,0.46509551865738263,0.5946787766159323,0.00011135857461024499,0.5,0.40825959243191723,0.31883554066441044,0.2942632968095976,0.47751909520631697,0.197411597120427,0.3625164084071397
2021-08-09 08:40:00,0.4700139470013947,0.3306772908366533,0.5174981384959045,0.46652383502945916,0.5967465417282852,0.00011135857461024499,0.5,0.40825959243191723,0.31883554066441044,0.2942632968095976,0.47751909520631697,0.197411597120427,0.42687508487107145
2021-08-09 08:50:00,0.46722454672245467,0.07569721115537842,0.5258376768428887,0.4718800214247456,0.6058551779194096,0.00011135857461024499,0.5,0.40825959243191723,0.31883554066441044,0.2942632968095976,0.47751909520631697,0.197411597120427,0.4151741931590145
2021-08-09 09:00:00,0.4818688981868898,0.13147410358565725,0.5335815338793746,0.48080699875022326,0.6124903482482889,0.00011135857461024499,0.5,0.4136094279845093,0.3239561273192786,0.3116219944894191,0.51705936146478,0.2294972233916237,0.4465123647720929
2021-08-09 09:10:00,0.4951185495118549,0.12350597609561742,0.5386448250186149,0.4893768969826817,0.617097014827708,0.00011135857461024499,0.5,0.4136094279845093,0.3239561273192786,0.3116219944894191,0.51705936146478,0.2294972233916237,0.4696123843867405
2021-08-09 09:20:00,0.5118549511854951,0.09960159362549792,0.5457930007446015,0.4933047670058919,0.6188768632788473,0.00011135857461024499,0.5,0.4136094279845093,0.3239561273192786,0.3116219944894191,0.51705936146478,0.2294972233916237,0.4985590778097983
2021-08-09 09:30:00,0.5195258019525802,0.22709163346613526,0.5526433358153384,0.5093733261917515,0.6284304615827565,0.00033407572383073496,0.5,0.4136094279845093,0.3239561273192786,0.3116219944894191,0.51705936146478,0.2294972233916237,0.52991233761335
2021-08-09 09:40:00,0.5244072524407252,0.07569721115537842,0.5600893521965746,0.5257989644706302,0.6301841357919671,0.000556792873051225,0.5,0.4136094279845093,0.3239561273192786,0.3116219944894191,0.51705936146478,0.2294972233916237,0.5287052823754848
2021-08-09 09:50:00,0.599023709902371,0.17928286852589648,0.5672375279225612,0.5415104445634709,0.6310347986546441,0.00044543429844097997,0.5,0.4136094279845093,0.3239561273192786,0.3116219944894191,0.51705936146478,0.2294972233916237,0.6895755692019856
2021-08-09 10:00:00,0.5439330543933054,0.09163346613545809,0.5773641102010423,0.5511515800749867,0.6345290599521012,0.00011135857461024499,0.5,0.630722097722551,0.32062286103440335,0.20617846018993968,0.5160830985523521,0.27270277134765,0.5856707455074913
2021-08-09 10:10:00,0.5502092050209205,0.07569721115537842,0.5868950111690245,0.5679342974468844,0.6350525447906715,0.016926503340757237,0.5,0.630722097722551,0.32062286103440335,0.20617846018993968,0.5160830985523521,0.27270277134765,0.5276868295185358
2021-08-09 10:20:00,0.6199442119944213,-0.36254980079681276,0.5946388682055099,0.5786466702374577,0.6438209158367251,0.0034521158129175947,0.5,0.630722097722551,0.32062286103440335,0.20617846018993968,0.5160830985523521,0.27270277134765,0.7239841875763839
2021-08-09 10:30:00,0.601115760111576,0.08366533864541825,0.6014892032762469,0.587216568469916,0.6459933779167921,0.00022271714922048998,0.5,0.630722097722551,0.32062286103440335,0.20617846018993968,0.5160830985523521,0.27270277134765,0.7211325195769271
2021-08-09 10:40:00,0.602510460251046,0.003984063745019917,0.6053611317944898,0.5957864667023745,0.653570820955098,0.00011135857461024499,0.5,0.630722097722551,0.32062286103440335,0.20617846018993968,0.5160830985523521,0.27270277134765,0.6869804004405752
2021-08-09 10:50:00,0.5425383542538355,0.09163346613545809,0.6104244229337303,0.6075700767720049,0.646399078666684,0.00011135857461024499,0.5,0.630722097722551,0.32062286103440335,0.20617846018993968,0.5160830985523521,0.27270277134765,0.5721819032243464
2021-08-09 11:00:00,0.5683403068340307,0.08366533864541825,0.614296351451973,0.6172112122835207,0.646595385481148,0.00011135857461024499,0.5,0.6316340712482027,0.31741028197708754,0.21998534789616003,0.4039327447742243,0.30383702899374065,0.6083558398841227
2021-08-09 11:10:00,0.5446304044630405,0.05179282868525892,0.621742367833209,0.6239957150508837,0.6469618248681472,0.00033407572383073496,0.5,0.6316340712482027,0.31741028197708754,0.21998534789616003,0.4039327447742243,0.30383702899374065,0.5791677354134919
2021-08-09 11:20:00,0.5313807531380753,0.05179282868525892,0.6288905435591956,0.6364934833065523,0.6381672795801652,0.000556792873051225,0.5,0.6316340712482027,0.31741028197708754,0.21998534789616003,0.4039327447742243,0.30383702899374065,0.5370037871358089
2021-08-09 11:30:00,0.5529986052998606,-0.11553784860557781,0.6363365599404316,0.6432779860739153,0.6627710669929723,0.00022271714922048998,0.5,0.6316340712482027,0.31741028197708754,0.21998534789616003,0.4039327447742243,0.30383702899374065,0.5515714350377959
2021-08-09 11:40:00,0.4707112970711297,0.3067729083665336,0.64259121370067,0.6507766470273164,0.6478779233356453,0.00011135857461024499,0.5,0.6316340712482027,0.31741028197708754,0.21998534789616003,0.4039327447742243,0.30383702899374065,0.39527286992471
2021-08-09 11:50:00,0.45397489539748953,-0.13147410358565736,0.6533134772896498,0.6632744152829853,0.6555731504626298,0.00011135857461024499,0.5,0.6316340712482027,0.31741028197708754,0.21998534789616003,0.4039327447742243,0.30383702899374065,0.36081144288365496
2021-08-09 12:00:00,0.4295676429567643,-0.019920318725099695,0.6553983618763959,0.6718443135154437,0.6412296658858018,0.00011135857461024499,0.5,0.6396059265771759,0.3094707865071675,0.21946705857303422,0.2815537080755542,0.3545511726716239,0.3121897490833924
2021-08-09 12:10:00,0.405160390516039,0.19521912350597592,0.6631422189128813,0.6757721835386539,0.6563976390833781,0.00011135857461024499,0.5,0.6396059265771759,0.3094707865071675,0.21946705857303422,0.2815537080755542,0.3545511726716239,0.28497819756476606
2021-08-09 12:20:00,0.39609483960948394,0.043824701195219085,0.6679076693968726,0.6782717371897875,0.6443444006752954,0.00011135857461024499,0.5,0.6396059265771759,0.3094707865071675,0.21946705857303422,0.2815537080755542,0.3545511726716239,0.2581815712841559
2021-08-09 12:30:00,0.3563458856345886,-0.17131474103585675,0.6774385703648547,0.6811283699339403,0.6558741542448077,0.00011135857461024499,0.5,0.6396059265771759,0.3094707865071675,0.21946705857303422,0.2815537080755542,0.3545511726716239,0.18956802510674894
2021-08-09 12:40:00,0.3235704323570432,-0.02788844621513953,0.684586746090841,0.690055347259418,0.6259308214785829,0.00011135857461024499,0.5,0.6396059265771759,0.3094707865071675,0.21946705857303422,0.2815537080755542,0.3545511726716239,0.1802661556799493
2021-08-09 12:50:00,0.3354253835425383,-0.17131474103585675,0.6932241250930751,0.6939832172826281,0.6323696849929984,0.00011135857461024499,0.5,0.6396059265771759,0.3094707865071675,0.21946705857303422,0.2815537080755542,0.3545511726716239,0.18291413310801638
2021-08-09 13:00:00,0.3472803347280335,0.2669322709163344,0.703946388682055,0.6982681663988572,0.6641844760571122,0.00011135857461024499,0.5,0.7584344460035157,0.2893964776570579,0.15802485480733958,0.17382433789653362,0.4278569933324897,0.21531602214946363
2021-08-09 13:10:00,0.2768479776847978,-0.6812749003984064,0.7090096798212953,0.7039814318871631,0.6429309916111554,0.00011135857461024499,0.5,0.7584344460035157,0.2893964776570579,0.15802485480733958,0.17382433789653362,0.4278569933324897,0.1054815395989559
2021-08-09 13:20:00,0.1924686192468619,0.15537848605577675,0.7143708116157852,0.7150508837707554,0.596183795526822,0.00011135857461024499,0.5,0.7584344460035157,0.2893964776570579,0.15802485480733958,0.17382433789653362,0.4278569933324897,0.048282209514612914
2021-08-09 13:30:00,0.26569037656903766,0.3306772908366533,0.7224125093075202,0.728262810212462,0.6450118438444726,0.00011135857461024499,0.5,0.7584344460035157,0.2893964776570579,0.15802485480733958,0.17382433789653362,0.4278569933324897,0.11420251369253286
2021-08-09 13:40:00,0.2315202231520223,0.17131474103585642,0.7250930752047653,0.7211212283520798,0.6801115022706156,0.00011135857461024499,0.5,0.7584344460035157,0.2893964776570579,0.15802485480733958,0.17382433789653362,0.4278569933324897,0.08315856179368408
2021-08-09 13:50:00,0.1701534170153417,0.5697211155378485,0.7304542069992552,0.724692019282271,0.6893117483084896,0.00011135857461024499,0.5,0.7584344460035157,0.2893964776570579,0.15802485480733958,0.17382433789653362,0.4278569933324897,0.040360909516121736
2021-08-09 14:00:00,0.18619246861924685,0.2589641434262948,0.7352196574832464,0.7371897875379396,0.7191896454698931,0.00033407572383073496,0.5,0.7683280729952373,0.2636786041660074,0.15695834802791991,0.1269113808463249,0.5409795510762848,0.06799493036800096
2021-08-09 14:10:00,0.17224546722454673,0.23107569721115517,0.7477289650037229,0.7429030530262453,0.7422098912460248,0.9608017817371938,0.5,0.7683280729952373,0.2636786041660074,0.15695834802791991,0.1269113808463249,0.5409795510762848,0.0
2021-08-09 14:20:00,0.10529986052998605,0.20318725099601576,0.7709605361131793,0.762899482235315,0.6369240030885606,0.9861915367483297,0.5,0.7683280729952373,0.2636786041660074,0.15695834802791991,0.1269113808463249,0.5409795510762848,0.0
2021-08-09 14:30:00,0.25732217573221755,0.17529880478087634,0.7885331347728963,0.7832529905374039,0.6396330371281622,0.7193763919821826,0.5,0.7683280729952373,0.2636786041660074,0.15695834802791991,0.1269113808463249,0.5409795510762848,0.015201351901866408
2021-08-09 14:40:00,0.17573221757322177,0.14741035856573692,0.7947877885331345,0.7939653633279771,0.6426169007080133,0.002561247216035635,0.5,0.7683280729952373,0.2636786041660074,0.15695834802791991,0.1269113808463249,0.5409795510762848,0.028788267423087946
2021-08-09 14:50:00,0.11645746164574616,-0.14741035856573714,0.7807892777364109,0.7739689341189073,0.7107746266898745,0.15211581291759466,0.5,0.7683280729952373,0.2636786041660074,0.15695834802791991,0.1269113808463249,0.5409795510762848,0.0
2021-08-09 15:00:00,0.07322175732217574,-0.11465250110668446,0.784363365599404,0.7532583467237994,0.7304183952572274,0.9993318485523385,0.5,0.7674241375641502,0.25377363099018013,0.15531889503810578,0.1403896747158715,0.6305708924964429,0.0
2021-08-09 15:10:00,0.12273361227336123,-0.08189464364763177,0.8069992553983618,0.7750401713979647,0.7304183952572274,0.9993318485523385,0.5,0.7674241375641502,0.25377363099018013,0.15531889503810578,0.1403896747158715,0.6305708924964429,0.0
2021-08-09 15:20:00,0.1708507670850767,-0.049136786188579085,0.8177215189873417,0.7768255668630601,0.7304183952572274,0.9994432071269488,0.5,0.7674241375641502,0.25377363099018013,0.15531889503810578,0.1403896747158715,0.6305708924964429,0.0
2021-08-09 15:30:00,0.07810320781032079,-0.0163789287295264,0.8204020848845865,0.7718264595607927,0.7304183952572274,0.9995545657015591,0.5,0.7674241375641502,0.25377363099018013,0.15531889503810578,0.1403896747158715,0.6305708924964429,0.0
2021-08-09 15:40:00,0.07043235704323571,0.0163789287295264,0.8230826507818316,0.7718264595607927,0.7304183952572274,0.9995545657015591,0.5,0.7674241375641502,0.25377363099018013,0.15531889503810578,0.1403896747158715,0.6305708924964429,0.0
2021-08-09 15:50:00,0.12622036262203626,0.049136786188578974,0.832315711094564,0.7736118550258884,0.7304183952572274,0.9995545657015591,0.5,0.7674241375641502,0.25377363099018013,0.15531889503810578,0.1403896747158715,0.6305708924964429,0.0
2021-08-09 16:00:00,0.15760111576011157,0.08189464364763155,0.8406552494415485,0.7782538832351364,0.7304183952572274,0.9995545657015591,0.5,0.8246113447865617,0.23614180174536586,0.13406040942954317,0.20996137174903615,0.6807623091224628,0.0
2021-08-09 16:10:00,0.14295676429567641,0.11465250110668435,0.8433358153387935,0.7746830923049455,0.7304183952572274,0.9995545657015591,0.5,0.8246113447865617,0.23614180174536586,0.13406040942954317,0.20996137174903615,0.6807623091224628,0.0
2021-08-09 16:20:00,0.12273361227336123,0.14741035856573692,0.8483991064780338,0.7736118550258884,0.7304183952572274,0.9995545657015591,0.5,0.8246113447865617,0.23614180174536586,0.13406040942954317,0.20996137174903615,0.6807623091224628,0.0
2021-08-09 16:30:00,0.1771269177126918,-0.8486055776892429,0.8534623976172746,0.7771826459560791,0.6985905170721493,0.5265033407572384,0.5,0.8246113447865617,0.23614180174536586,0.13406040942954317,0.20996137174903615,0.6807623091224628,0.0
2021-08-09 16:40:00,0.2105997210599721,-0.3067729083665339,0.8576321667907667,0.779682199607213,0.6705186426038136,0.23151447661469932,0.5,0.8246113447865617,0.23614180174536586,0.13406040942954317,0.20996137174903615,0.6807623091224628,0.0085323717126605
2021-08-09 16:50:00,0.13389121338912133,0.298804780876494,0.8555472822040207,0.8046777361185502,0.6708196463859916,0.10501113585746102,0.5,0.8246113447865617,0.23614180174536586,0.13406040942954317,0.20996137174903615,0.6807623091224628,0.015759614949379122
2021-08-09 17:00:00,0.11924686192468618,-0.49800796812749004,0.8406552494415485,0.7950366006070344,0.6965489262017249,0.9995545657015591,0.5,0.8335358977634417,0.2271678443249703,0.12770220290082238,0.2892138062423376,0.7011332497574885,0.0
2021-08-09 17:10:00,0.07531380753138076,-0.4435590969455512,0.8576321667907667,0.797536154258168,0.6965489262017249,0.9995545657015591,0.5,0.8335358977634417,0.2271678443249703,0.12770220290082238,0.2892138062423376,0.7011332497574885,0.0
2021-08-09 17:20:00,0.1596931659693166,-0.3891102257636123,0.8704393149664926,0.8003927870023211,0.6965489262017249,0.9995545657015591,0.5,0.8335358977634417,0.2271678443249703,0.12770220290082238,0.2892138062423376,0.7011332497574885,0.0
2021-08-09 17:30:00,0.12761506276150628,-0.33466135458167334,0.8778853313477286,0.8046777361185502,0.593304628914685,0.9995545657015591,0.5,0.8335358977634417,0.2271678443249703,0.12770220290082238,0.2892138062423376,0.7011332497574885,0.0
2021-08-09 17:40:00,0.13528591352859135,-0.2802124833997345,0.8775874906924794,0.827530798071773,0.5487168077894543,0.9995545657015591,0.5,0.8335358977634417,0.2271678443249703,0.12770220290082238,0.2892138062423376,0.7011332497574885,0.0
2021-08-09 17:50:00,0.2315202231520223,-0.22576361221779562,0.8784810126582276,0.8403856454204606,0.48664459305597363,0.9654788418708241,0.5,0.8335358977634417,0.2271678443249703,0.12770220290082238,0.2892138062423376,0.7011332497574885,0.0
2021-08-09 18:00:00,0.22873082287308227,-0.17131474103585675,0.8805658972449737,0.8571683627923585,0.37543023910170004,0.011915367483296215,0.5,0.7339977713465609,0.21902720347579147,0.22529366029565193,0.4025847598853241,0.7589705530513592,0.06472079303529128
2021-08-09 18:10:00,0.11645746164574616,0.5697211155378485,0.8492926284437823,0.8239600071415818,0.3609558833152295,0.41547884187082407,0.5,0.7339977713465609,0.21902720347579147,0.22529366029565193,0.4025847598853241,0.7589705530513592,0.0016446127615915025
2021-08-09 18:20:00,0.21478382147838215,0.5298804780876492,0.8394638868205508,0.7971790751651491,0.37149101569145804,0.6703786191536749,0.5,0.7339977713465609,0.21902720347579147,0.22529366029565193,0.4025847598853241,0.7589705530513592,0.012840050092792371
2021-08-09 18:30:00,0.1792189679218968,-0.03585657370517936,0.8397617274758002,0.8018211033743976,0.3795395950844773,0.00011135857461024499,0.5,0.7339977713465609,0.21902720347579147,0.22529366029565193,0.4025847598853241,0.7589705530513592,0.028584576851698178
2021-08-09 18:40:00,0.2768479776847978,-0.4820717131474104,0.8075949367088606,0.7750401713979647,0.3191948803182788,0.00011135857461024499,0.5,0.7339977713465609,0.21902720347579147,0.22529366029565193,0.4025847598853241,0.7589705530513592,0.11144137483591593
2021-08-09 18:50:00,0.3361227336122734,-0.05179282868525903,0.790320178704393,0.7468309230494556,0.29519310046982766,0.00011135857461024499,0.5,0.7339977713465609,0.21902720347579147,0.22529366029565193,0.4025847598853241,0.7589705530513592,0.1736877046335833
2021-08-09 19:00:00,0.21478382147838215,-0.14741035856573714,0.7813849590469095,0.7361185502588823,0.2900629490518381,0.00011135857461024499,0.5,0.7342583590346681,0.22784599160361715,0.2290165425219804,0.41318954053476153,0.7435042617161165,0.07061273141512138
2021-08-09 19:10:00,0.2315202231520223,0.33864541832669315,0.7793000744601637,0.7364756293519013,0.2968159034693958,0.00011135857461024499,0.5,0.7342583590346681,0.22784599160361715,0.2290165425219804,0.41318954053476153,0.7435042617161165,0.09219638788720069
2021-08-09 19:20:00,0.3110181311018131,0.3306772908366533,0.7730454206999253,0.7300482056775575,0.32135425527738154,0.00011135857461024499,0.5,0.7342583590346681,0.22784599160361715,0.2290165425219804,0.41318954053476153,0.7435042617161165,0.16671696063491107
2021-08-09 19:30:00,0.24267782426778242,-0.11553784860557781,0.7679821295606848,0.7225495447241563,0.34225438745730324,0.00011135857461024499,0.5,0.7342583590346681,0.22784599160361715,0.2290165425219804,0.41318954053476153,0.7435042617161165,0.08247204912714817
2021-08-09 19:40:00,0.21478382147838215,-0.15537848605577698,0.7644080416976917,0.7271915729334046,0.33126120584732566,0.00011135857461024499,0.5,0.7342583590346681,0.22784599160361715,0.2290165425219804,0.41318954053476153,0.7435042617161165,0.0731777237955852
2021-08-09 19:50:00,0.1631799163179916,-0.42629482071713154,0.7632166790766937,0.7254061774683094,0.33024041041211344,0.00011135857461024499,0.5,0.7342583590346681,0.22784599160361715,0.2290165425219804,0.41318954053476153,0.7435042617161165,0.046547067610181514
2021-08-09 20:00:00,0.23849372384937237,-0.29083665338645437,0.7587490692479522,0.7204070701660419,0.33024041041211344,0.00011135857461024499,0.5,0.7540536177595862,0.22991491550457235,0.21540634352145321,0.36839747632876463,0.7924642587504008,0.08908822064969749
2021-08-09 20:10:00,0.2719665271966527,-0.17131474103585675,0.7563663440059567,0.7171933583288699,0.3168261114237479,0.00011135857461024499,0.5,0.7540536177595862,0.22991491550457235,0.21540634352145321,0.36839747632876463,0.7924642587504008,0.1128370324546977
2021-08-09 20:20:00,0.32217573221757323,-0.29083665338645437,0.7521965748324644,0.7096946973754685,0.3163549750690346,0.00011135857461024499,0.5,0.7540536177595862,0.22991491550457235,0.21540634352145321,0.36839747632876463,0.7924642587504008,0.1593312913982226
2021-08-09 20:30:00,0.3368200836820084,0.09960159362549792,0.7483246463142217,0.7043385109801821,0.3366792739265289,0.00011135857461024499,0.5,0.7540536177595862,0.22991491550457235,0.21540634352145321,0.36839747632876463,0.7924642587504008,0.16803717730132625
2021-08-09 20:40:00,0.2914923291492329,0.027888446215139417,0.746537602382725,0.7032672737011247,0.348653989608826,0.00011135857461024499,0.5,0.7540536177595862,0.22991491550457235,0.21540634352145321,0.36839747632876463,0.7924642587504008,0.12855138283265688
2021-08-09 20:50:00,0.22733612273361226,-0.2509960159362551,0.7450483991064778,0.7004106409569719,0.35238381908363975,0.00011135857461024499,0.5,0.7540536177595862,0.22991491550457235,0.21540634352145321,0.36839747632876463,0.7924642587504008,0.08052567255609035
2021-08-09 21:00:00,0.20502092050209206,-0.019920318725099695,0.7405807892777363,0.7025531155150866,0.3424245200298386,0.00011135857461024499,0.5,0.7736208414117296,0.23709293203872137,0.2050727678463297,0.3319625206382747,0.9157944191692277,0.06699910979676207
2021-08-09 21:10:00,0.25174337517433754,-0.01195219123505975,0.7405807892777363,0.704695590073201,0.33840677389381113,0.00011135857461024499,0.5,0.7736208414117296,0.23709293203872137,0.2050727678463297,0.3319625206382747,0.9157944191692277,0.09716040255292183
2021-08-09 21:20:00,0.18967921896792192,-0.11553784860557781,0.73849590469099,0.7004106409569719,0.3300441035976495,0.00011135857461024499,0.5,0.7736208414117296,0.23709293203872137,0.2050727678463297,0.3319625206382747,0.9157944191692277,0.06017170360758635
2021-08-09 21:30:00,0.12831241283124128,0.05976095617529875,0.7361131794489946,0.7061239064452778,0.32450825142976797,0.00011135857461024499,0.5,0.7736208414117296,0.23709293203872137,0.2050727678463297,0.3319625206382747,0.9157944191692277,0.020444498091343907
2021-08-09 21:40:00,0.1394700139470014,0.7370517928286848,0.7316455696202531,0.7111230137475453,0.32450825142976797,0.00011135857461024499,0.5,0.7736208414117296,0.23709293203872137,0.2050727678463297,0.3319625206382747,0.9157944191692277,0.02857703275646152
2021-08-09 21:50:00,0.09693165969316596,0.5458167330677288,0.7316455696202531,0.7193358328869845,0.32450825142976797,0.00011135857461024499,0.5,0.7736208414117296,0.23709293203872137,0.2050727678463297,0.3319625206382747,0.9157944191692277,0.0013202166664151968
2021-08-09 22:00:00,0.08926080892608089,0.585657370517928,0.7316455696202531,0.724692019282271,0.32450825142976797,0.00044543429844097997,0.5,0.7137465091822721,0.26107233475188857,0.22371685348289289,0.4688562535922995,0.02224508181062797,0.0
2021-08-09 22:10:00,0.06485355648535565,0.6653386454183265,0.7292628443782574,0.690055347259418,0.32450825142976797,0.6762806236080178,0.5,0.7137465091822721,0.26107233475188857,0.22371685348289289,0.4688562535922995,0.02224508181062797,0.0
2021-08-09 22:20:00,0.044630404463040445,-0.6334661354581674,0.7381980640357406,0.689698268166399,0.32450825142976797,0.9995545657015591,0.5,0.7137465091822721,0.26107233475188857,0.22371685348289289,0.4688562535922995,0.02224508181062797,0.0
2021-08-09 22:30:00,0.11157601115760113,-0.5278884462151394,0.746537602382725,0.6971969291198001,0.32450825142976797,0.9995545657015591,0.5,0.7137465091822721,0.26107233475188857,0.22371685348289289,0.4688562535922995,0.02224508181062797,0.0
2021-08-09 22:40:00,0.40446304044630405,-0.4223107569721116,0.7495160089352195,0.6921978218175326,0.29880514585596313,0.9995545657015591,0.5,0.7137465091822721,0.26107233475188857,0.22371685348289289,0.4688562535922995,0.02224508181062797,0.0
2021-08-09 22:50:00,0.797768479776848,-0.3167330677290837,0.74385703648548,0.6918407427245135,0.14254492154270984,0.5358574610244988,0.5,0.7137465091822721,0.26107233475188857,0.22371685348289289,0.4688562535922995,0.02224508181062797,0.3135175098450443
2021-08-09 23:00:00,0.4790794979079498,-0.21115537848605592,0.7107967237527921,0.6793429744688448,0.11186871000248658,0.00011135857461024499,0.5,0.6421057739867915,0.2719600467806695,0.20729302952220116,0.5818561723604337,0.07937605864381424,0.40878434449356493
2021-08-09 23:10:00,0.4511854951185495,-0.1394422310756973,0.6795234549516007,0.6564899125156223,0.09345513080577406,0.00011135857461024499,0.5,0.6421057739867915,0.2719600467806695,0.20729302952220116,0.5818561723604337,0.07937605864381424,0.3746322253572129
2021-08-09 23:20:00,0.47698744769874474,0.09960159362549792,0.6625465376023827,0.6414925906088198,0.10524662679457146,0.00011135857461024499,0.5,0.6421057739867915,0.2719600467806695,0.20729302952220116,0.5818561723604337,0.07937605864381424,0.3860766178312235
2021-08-09 23:30:00,0.5801952580195259,0.12350597609561742,0.6542069992553983,0.6286377432601322,0.11515357736451559,0.00011135857461024499,0.5,0.6421057739867915,0.2719600467806695,0.20729302952220116,0.5818561723604337,0.07937605864381424,0.6375062238785703
2021-08-09 23:40:00,0.5690376569037657,-0.02788844621513953,0.645271779597915,0.6193536868416356,0.11500961903390874,0.00011135857461024499,0.5,0.6421057739867915,0.2719600467806695,0.20729302952220116,0.5818561723604337,0.07937605864381424,0.6387057350211989
2021-08-09 23:50:00,0.6304044630404463,0.1633466135458166,0.638719285182427,0.6154258168184252,0.11804583109761685,0.00011135857461024499,0.5,0.6421057739867915,0.2719600467806695,0.20729302952220116,0.5818561723604337,0.07937605864381424,0.7847669628981396
2021-08-10 00:00:00,0.606694560669456,0.05179282868525892,0.6330603127326879,0.6114979467952151,0.14573817905798905,0.00033407572383073496,0.5,0.6260155098536699,0.2804483817854233,0.20098098333446834,0.5903697230658637,0.11059249801440593,0.7175415302442778
2021-08-10 00:10:00,0.5955369595536959,-0.043824701195219196,0.6285927029039462,0.6179253704695589,0.15436259177343575,0.00044543429844097997,0.5,0.6260155098536699,0.2804483817854233,0.20098098333446834,0.5903697230658637,0.11059249801440593,0.6525793261614135
2021-08-10 00:20:00,0.36959553695955366,-0.2749003984063746,0.621742367833209,0.6232815568648455,0.1364463231733651,0.00044543429844097997,0.5,0.6260155098536699,0.2804483817854233,0.20098098333446834,0.5903697230658637,0.11059249801440593,0.2521764714757759
2021-08-10 00:30:00,0.29009762900976294,0.17131474103585642,0.6154877140729709,0.6364934833065523,0.11372708117941134,0.00044543429844097997,0.5,0.6260155098536699,0.2804483817854233,0.20098098333446834,0.5903697230658637,0.11059249801440593,0.14276445825852108
2021-08-10 00:40:00,0.4086471408647141,0.24302788844621515,0.6125093075204764,0.6332797714693803,0.11574249780790723,0.00044543429844097997,0.5,0.6260155098536699,0.2804483817854233,0.20098098333446834,0.5903697230658637,0.11059249801440593,0.2841785234696803
2021-08-10 00:50:00,0.5683403068340307,0.05976095617529875,0.6110201042442291,0.6243527941439027,0.12776956197406134,0.00044543429844097997,0.5,0.6260155098536699,0.2804483817854233,0.20098098333446834,0.5903697230658637,0.11059249801440593,0.62274242950043
2021-08-10 01:00:00,0.7531380753138076,0.17131474103585642,0.6128071481757258,0.6050705231208713,0.1409221185431417,0.005345211581291759,0.5,0.5981995001706011,0.2933130655417857,0.20105833994986025,0.533995295339626,0.1271013602545903,0.6468721879385005
2021-08-10 01:10:00,0.606694560669456,-0.33067729083665354,0.6089352196574831,0.5997143367255846,0.13488895577861826,0.00011135857461024499,0.5,0.5981995001706011,0.2933130655417857,0.20105833994986025,0.533995295339626,0.1271013602545903,0.671002006729333
2021-08-10 01:20:00,0.402370990237099,0.13147410358565725,0.6053611317944898,0.6136404213533297,0.12851552786902412,0.00011135857461024499,0.5,0.5981995001706011,0.2933130655417857,0.20105833994986025,0.533995295339626,0.1271013602545903,0.28355990766027434
2021-08-10 01:30:00,0.5564853556485356,-0.3545816733067729,0.6062546537602382,0.6247098732369221,0.12434073628142546,0.00011135857461024499,0.5,0.5981995001706011,0.2933130655417857,0.20105833994986025,0.533995295339626,0.1271013602545903,0.5663578617016461
2021-08-10 01:40:00,0.5725244072524408,0.2111553784860556,0.6065524944154874,0.6247098732369221,0.12351624766067713,0.00011135857461024499,0.5,0.5981995001706011,0.2933130655417857,0.20105833994986025,0.533995295339626,0.1271013602545903,0.6146174389305491
2021-08-10 01:50:00,0.5948396094839609,0.07569721115537842,0.6065524944154874,0.6225673986788074,0.13399903155304865,0.00011135857461024499,0.5,0.5981995001706011,0.2933130655417857,0.20105833994986025,0.533995295339626,0.1271013602545903,0.6692744089201382
2021-08-10 02:00:00,0.4588563458856346,-0.31474103585657376,0.6044676098287414,0.6243527941439027,0.13346245959351405,0.00011135857461024499,0.5,0.5800329061580809,0.30555132511702315,0.21108007969506784,0.43983440111778976,0.12258624928346598,0.3575825701223652
2021-08-10 02:10:00,0.41492329149232915,-0.2828685258964144,0.6032762472077438,0.6304231387252275,0.12188035754014476,0.00011135857461024499,0.5,0.5800329061580809,0.30555132511702315,0.21108007969506784,0.43983440111778976,0.12258624928346598,0.2943328756582223
2021-08-10 02:20:00,0.43096234309623427,-0.02788844621513953,0.5991064780342514,0.6322085341903232,0.11290259255866303,0.00011135857461024499,0.5,0.5800329061580809,0.30555132511702315,0.21108007969506784,0.43983440111778976,0.12258624928346598,0.32177829412918507
2021-08-10 02:30:00,0.46722454672245467,-0.21912350597609564,0.5976172747580044,0.62542403142296,0.0994490322074047,0.00011135857461024499,0.5,0.5800329061580809,0.30555132511702315,0.21108007969506784,0.43983440111778976,0.12258624928346598,0.3781326855470224
2021-08-10 02:40:00,0.3472803347280335,0.17131474103585642,0.5964259121370066,0.6172112122835207,0.0974990511837301,0.00011135857461024499,0.5,0.5800329061580809,0.30555132511702315,0.21108007969506784,0.43983440111778976,0.12258624928346598,0.18371380720310215
2021-08-10 02:50:00,0.2824267782426778,-0.23505976095617542,0.6023827252419953,0.6122121049812534,0.09111253615317166,0.00011135857461024499,0.5,0.5800329061580809,0.30555132511702315,0.21108007969506784,0.43983440111778976,0.12258624928346598,0.1310409342607541
2021-08-10 03:00:00,0.24476987447698745,-0.50597609561753,0.6050632911392404,0.6172112122835207,0.06216382458023061,0.00011135857461024499,0.5,0.5608238946869528,0.31455401759160034,0.221193632865757,0.37494781497098406,0.10809411651468837,0.09217375560149071
2021-08-10 03:10:00,0.4281729428172943,-0.29083665338645437,0.6038719285182426,0.6118550258882343,0.007904621062412506,0.00011135857461024499,0.5,0.5608238946869528,0.31455401759160034,0.221193632865757,0.37494781497098406,0.10809411651468837,0.32319658403367685
2021-08-10 03:20:00,0.1603905160390516,0.5776892430278884,0.6035740878629932,0.6022138903767185,0.05005823768829097,0.007461024498886415,0.5,0.5608238946869528,0.31455401759160034,0.221193632865757,0.37494781497098406,0.10809411651468837,0.06864372255835358
2021-08-10 03:30:00,0.08437935843793584,0.44678429140580533,0.6005956813104989,0.5886448848419923,0.06581513132925888,0.7583518930957683,0.5,0.5608238946869528,0.31455401759160034,0.221193632865757,0.37494781497098406,0.10809411651468837,0.0
2021-08-10 03:40:00,0.1297071129707113,0.31587933978372207,0.6202531645569618,0.5932869130512408,0.06581513132925888,0.9995545657015591,0.5,0.5608238946869528,0.31455401759160034,0.221193632865757,0.37494781497098406,0.10809411651468837,0.0
2021-08-10 03:50:00,0.11506276150627615,0.18497438816163903,0.629784065524944,0.600428494911623,0.06581513132925888,0.9995545657015591,0.5,0.5608238946869528,0.31455401759160034,0.221193632865757,0.37494781497098406,0.10809411651468837,0.0
2021-08-10 04:00:00,0.10808926080892609,0.05406943653955598,0.6327624720774385,0.5993572576325656,0.06581513132925888,0.9995545657015591,0.5,0.5113317121508307,0.31547353932535777,0.25443072696069535,0.3601774807497103,0.10224477668505727,0.0
2021-08-10 04:10:00,0.28661087866108786,-0.07683551508252706,0.6306775874906922,0.597214783074451,0.08807632408946357,0.9995545657015591,0.5,0.5113317121508307,0.31547353932535777,0.25443072696069535,0.3601774807497103,0.10224477668505727,0.0
2021-08-10 04:20:00,0.29009762900976294,-0.2077404667046101,0.6282948622486968,0.6068559185859668,0.2520186884087369,0.6360801781737193,0.5,0.5113317121508307,0.31547353932535777,0.25443072696069535,0.3601774807497103,0.10224477668505727,0.0179323143775367
2021-08-10 04:30:00,0.15829846582984658,-0.33864541832669326,0.6294862248696946,0.6389930369576862,0.26812893431573986,0.00011135857461024499,0.5,0.5113317121508307,0.31547353932535777,0.25443072696069535,0.3601774807497103,0.10224477668505727,0.03803732818323099
2021-08-10 04:40:00,0.18340306834030684,0.12350597609561742,0.5898734177215188,0.6236386359578647,0.24995092329638405,0.00011135857461024499,0.5,0.5113317121508307,0.31547353932535777,0.25443072696069535,0.3601774807497103,0.10224477668505727,0.06138630294068833
2021-08-10 04:50:00,0.20781032078103207,-0.36254980079681276,0.5696202531645567,0.587216568469916,0.24809255211945921,0.00011135857461024499,0.5,0.5113317121508307,0.31547353932535777,0.25443072696069535,0.3601774807497103,0.10224477668505727,0.06795720989181768
2021-08-10 05:00:00,0.21827057182705717,-0.09960159362549814,0.5615785554728219,0.5586502410283878,0.243027836306291,0.00011135857461024499,0.5,0.4952170002031202,0.32134698439973913,0.27095625584850885,0.35944824895132876,0.11853849105292413,0.07541077598563604
2021-08-10 05:10:00,0.2175732217573222,-0.33864541832669326,0.5547282204020847,0.5393679700053562,0.23775372655769458,0.00011135857461024499,0.5,0.4952170002031202,0.32134698439973913,0.27095625584850885,0.35944824895132876,0.11853849105292413,0.07355492855741812
2021-08-10 05:20:00,0.198744769874477,-0.3784860557768924,0.5517498138495904,0.525441885377611,0.2289199199068197,0.00011135857461024499,0.5,0.4952170002031202,0.32134698439973913,0.27095625584850885,0.35944824895132876,0.11853849105292413,0.06256318179760702
2021-08-10 05:30:00,0.17433751743375175,-0.36254980079681276,0.5469843633655993,0.5100874843777896,0.2289199199068197,0.00011135857461024499,0.5,0.4952170002031202,0.32134698439973913,0.27095625584850885,0.35944824895132876,0.11853849105292413,0.054868204656215586
2021-08-10 05:40:00,0.22594142259414227,-0.4342629482071714,0.5454951600893521,0.5018746652383501,0.2289199199068197,0.00011135857461024499,0.5,0.4952170002031202,0.32134698439973913,0.27095625584850885,0.35944824895132876,0.11853849105292413,0.08606303845979751
2021-08-10 05:50:00,0.23640167364016737,-0.11553784860557781,0.5443037974683544,0.4911622924477772,0.2289199199068197,0.00011135857461024499,0.5,0.4952170002031202,0.32134698439973913,0.27095625584850885,0.35944824895132876,0.11853849105292413,0.08741343150715936
2021-08-10 06:00:00,0.2301255230125523,-0.01195219123505975,0.5443037974683544,0.48366363149437586,0.2289199199068197,0.00011135857461024499,0.5,0.4919028704669399,0.33642714083337294,0.3009300421010209,0.38374814019469644,0.17934280068463107,0.08569337779320127
2021-08-10 06:10:00,0.17782426778242677,-0.4103585657370519,0.5437081161578554,0.47937868237814674,0.2289199199068197,0.00011135857461024499,0.5,0.4919028704669399,0.33642714083337294,0.3009300421010209,0.38374814019469644,0.17934280068463107,0.05023613018090741
2021-08-10 06:20:00,0.15132496513249652,-0.21115537848605592,0.5386448250186149,0.4929476879128727,0.21812304511130598,0.00011135857461024499,0.5,0.4919028704669399,0.33642714083337294,0.3009300421010209,0.38374814019469644,0.17934280068463107,0.03794679904039108
2021-08-10 06:30:00,0.15481171548117156,0.6494023904382469,0.5380491437081161,0.4925906088198535,0.212417060370889,0.00011135857461024499,0.5,0.4919028704669399,0.33642714083337294,0.3009300421010209,0.38374814019469644,0.17934280068463107,0.044223486277290766
2021-08-10 06:40:00,0.17154811715481172,0.43426294820717115,0.535368577810871,0.4883056597036244,0.21915692766748243,0.00011135857461024499,0.5,0.4919028704669399,0.33642714083337294,0.3009300421010209,0.38374814019469644,0.17934280068463107,0.04818413627653635
2021-08-10 06:50:00,0.12343096234309624,-0.6334661354581674,0.5335815338793746,0.48866273879664335,0.22888065854392695,0.00011135857461024499,0.5,0.4919028704669399,0.33642714083337294,0.3009300421010209,0.38374814019469644,0.17934280068463107,0.016302789806418517
2021-08-10 07:00:00,0.10251046025104603,0.14741035856573692,0.5294117647058822,0.4958043206570255,0.21845022313541246,0.00011135857461024499,0.5,0.48257931448061053,0.3407086639061872,0.3134724661808925,0.3908679323861925,0.22146787211900013,0.006216334475006413
2021-08-10 07:10:00,0.1094839609483961,0.09960159362549792,0.5285182427401338,0.5058025352615605,0.2287890486971771,0.00011135857461024499,0.5,0.48257931448061053,0.3407086639061872,0.3134724661808925,0.3908679323861925,0.22146787211900013,0.007785506284231332
2021-08-10 07:20:00,0.0815899581589958,0.549800796812749,0.5261355174981384,0.49830387430815937,0.2287890486971771,0.46180400890868595,0.5,0.48257931448061053,0.3407086639061872,0.3134724661808925,0.3908679323861925,0.22146787211900013,0.0
2021-08-10 07:30:00,0.09065550906555091,1.0,0.5350707371556216,0.5058025352615605,0.2287890486971771,0.9993318485523385,0.5,0.48257931448061053,0.3407086639061872,0.3134724661808925,0.3908679323861925,0.22146787211900013,0.0
2021-08-10 07:40:00,0.11854951185495119,0.09960159362549792,0.5457930007446015,0.514372433494019,0.2287890486971771,0.9993318485523385,0.5,0.48257931448061053,0.3407086639061872,0.3134724661808925,0.3908679323861925,0.22146787211900013,0.0
2021-08-10 07:50:00,0.07880055788005579,0.7928286852589641,0.5517498138495904,0.5147295125870381,0.2287890486971771,0.9993318485523385,0.5,0.48257931448061053,0.3407086639061872,0.3134724661808925,0.3908679323861925,0.22146787211900013,0.0
2021-08-10 08:00:00,0.048117154811715475,0.7538267980708742,0.5538346984363365,0.5172290662381716,0.2287890486971771,0.9993318485523385,0.5,0.4694693490110642,0.3501280146663727,0.3214396903097651,0.36759558353405786,0.26647598756359986,0.0
2021-08-10 08:10:00,0.07322175732217574,0.7148249108827844,0.5609828741623228,0.5200856989823246,0.2287890486971771,0.9993318485523385,0.5,0.4694693490110642,0.3501280146663727,0.3214396903097651,0.36759558353405786,0.26647598756359986,0.0
2021-08-10 08:20:00,0.08716875871687588,0.6758230236946949,0.568428890543559,0.5275843599357259,0.2287890486971771,0.9993318485523385,0.5,0.4694693490110642,0.3501280146663727,0.3214396903097651,0.36759558353405786,0.26647598756359986,0.0
2021-08-10 08:30:00,0.10320781032078104,0.636821136506605,0.5746835443037972,0.5290126763078022,0.2287890486971771,0.9993318485523385,0.5,0.4694693490110642,0.3501280146663727,0.3214396903097651,0.36759558353405786,0.26647598756359986,0.0
2021-08-10 08:40:00,0.10739191073919108,0.5978192493185155,0.5776619508562917,0.5257989644706302,0.2287890486971771,0.9993318485523385,0.5,0.4694693490110642,0.3501280146663727,0.3214396903097651,0.36759558353405786,0.26647598756359986,0.0
2021-08-10 08:50:00,0.0899581589958159,0.5588173621304253,0.5800446760982871,0.5257989644706302,0.2287890486971771,0.9993318485523385,0.5,0.4694693490110642,0.3501280146663727,0.3214396903097651,0.36759558353405786,0.26647598756359986,0.0
2021-08-10 09:00:00,0.0794979079497908,0.5198154749423358,0.5845122859270289,0.5257989644706302,0.2287890486971771,0.9993318485523385,0.5,0.4492995017381962,0.3736103009422239,0.3568479690147443,0.3295613626595496,0.2819185775376672,0.0
2021-08-10 09:10:00,0.0815899581589958,0.4808135877542461,0.588682055100521,0.5311551508659167,0.2287890486971771,0.9993318485523385,0.5,0.4492995017381962,0.3736103009422239,0.3568479690147443,0.3295613626595496,0.2819185775376672,0.0
2021-08-10 09:20:00,0.09344490934449094,0.4418117005661564,0.5973194341027548,0.5415104445634709,0.2287890486971771,0.9993318485523385,0.5,0.4492995017381962,0.3736103009422239,0.3568479690147443,0.3295613626595496,0.2819185775376672,0.0
2021-08-10 09:30:00,0.09553695955369597,0.40280981337806665,0.6035740878629932,0.5468666309587575,0.2287890486971771,0.9993318485523385,0.5,0.4492995017381962,0.3736103009422239,0.3568479690147443,0.3295613626595496,0.2819185775376672,0.0
2021-08-10 09:40:00,0.08926080892608089,0.3638079261899767,0.6038719285182426,0.542224602749509,0.2287890486971771,0.9993318485523385,0.5,0.4492995017381962,0.3736103009422239,0.3568479690147443,0.3295613626595496,0.2819185775376672,0.0
2021-08-10 09:50:00,0.11506276150627615,0.324806039001887,0.6050632911392404,0.5397250490983752,0.2287890486971771,0.9993318485523385,0.5,0.4492995017381962,0.3736103009422239,0.3568479690147443,0.3295613626595496,0.2819185775376672,0.0
2021-08-10 10:00:00,0.13668061366806136,0.28580415181379726,0.6065524944154874,0.5375825745402605,0.2287890486971771,0.9993318485523385,0.5,0.5305976573457012,0.384302614602579,0.3415843674708077,0.45060050599497725,0.29843068309861265,0.0
2021-08-10 10:10:00,0.10251046025104603,0.24680226462570753,0.6065524944154874,0.5365113372612034,0.2287890486971771,0.9993318485523385,0.5,0.5305976573457012,0.384302614602579,0.3415843674708077,0.45060050599497725,0.29843068309861265,0.0
2021-08-10 10:20:00,0.1324965132496513,0.20780037743761803,0.6065524944154874,0.5336547045170503,0.2287890486971771,0.9993318485523385,0.5,0.5305976573457012,0.384302614602579,0.3415843674708077,0.45060050599497725,0.29843068309861265,0.0
2021-08-10 10:30:00,0.13807531380753138,0.1687984902495281,0.6071481757259864,0.5307980717728977,0.2287890486971771,0.9993318485523385,0.5,0.5305976573457012,0.384302614602579,0.3415843674708077,0.45060050599497725,0.29843068309861265,0.0
2021-08-10 10:40:00,0.14574616457461645,0.12979660306143836,0.6104244229337303,0.5325834672379934,0.2287890486971771,0.9993318485523385,0.5,0.5305976573457012,0.384302614602579,0.3415843674708077,0.45060050599497725,0.29843068309861265,0.0
2021-08-10 10:50:00,0.3688981868898187,0.09079471587334864,0.6119136262099774,0.5343688627030887,0.3145882137388596,0.8769487750556794,0.5,0.5305976573457012,0.384302614602579,0.3415843674708077,0.45060050599497725,0.29843068309861265,0.0
2021-08-10 11:00:00,0.3263598326359832,0.05179282868525892,0.6119136262099774,0.5482949473308338,0.40210179162686,0.0021158129175946547,0.5,0.5399212466851195,0.38193197263273354,0.29799404151158887,0.43079407853082624,0.3660197696778158,0.16030447968375153
2021-08-10 11:10:00,0.29707112970711297,-0.3067729083665339,0.622338049143708,0.5675772183538654,0.3962518485558362,0.00011135857461024499,0.5,0.5399212466851195,0.38193197263273354,0.29799404151158887,0.43079407853082624,0.3660197696778158,0.14719284216243947
2021-08-10 11:20:00,0.3437935843793584,-0.03585657370517936,0.5982129560685032,0.5482949473308338,0.38461739801860984,0.00011135857461024499,0.5,0.5399212466851195,0.38193197263273354,0.29799404151158887,0.43079407853082624,0.3660197696778158,0.1926686482490155
2021-08-10 11:30:00,0.37308228730822873,-0.08366533864541836,0.5803425167535365,0.5079450098196749,0.38650194343746325,0.00011135857461024499,0.5,0.5399212466851195,0.38193197263273354,0.29799404151158887,0.43079407853082624,0.3660197696778158,0.23324079243176368
2021-08-10 11:40:00,0.2698744769874477,0.1872509960159361,0.5743857036485478,0.49401892519193,0.40995406420541547,0.00011135857461024499,0.5,0.5399212466851195,0.38193197263273354,0.29799404151158887,0.43079407853082624,0.3660197696778158,0.12655974169017908
2021-08-10 11:50:00,0.21617852161785217,0.17928286852589648,0.5740878629932984,0.5004463488662738,0.42300192380678175,0.00011135857461024499,0.5,0.5399212466851195,0.38193197263273354,0.29799404151158887,0.43079407853082624,0.3660197696778158,0.07652730208066147
2021-08-10 12:00:00,0.20292887029288703,-0.1394422310756973,0.5764705882352941,0.5100874843777896,0.3826805041158995,0.00011135857461024499,0.5,0.5548307780975597,0.3802222369090277,0.29696088684667427,0.3245218067861395,0.4817147706733071,0.06566380493987357
2021-08-10 12:10:00,0.24476987447698745,-0.3944223107569722,0.5776619508562917,0.5232994108194964,0.38565128057478637,0.00011135857461024499,0.5,0.5548307780975597,0.3802222369090277,0.29696088684667427,0.3245218067861395,0.4817147706733071,0.09088371531602216
2021-08-10 12:20:00,0.20920502092050208,0.593625498007968,0.5797468354430377,0.5232994108194964,0.35347005012367333,0.00011135857461024499,0.5,0.5548307780975597,0.3802222369090277,0.29696088684667427,0.3245218067861395,0.4817147706733071,0.08002021817523425
2021-08-10 12:30:00,0.17642956764295675,-0.23505976095617542,0.5806403574087862,0.532226388144974,0.39464213267723236,0.39955456570155906,0.5,0.5548307780975597,0.3802222369090277,0.29696088684667427,0.3245218067861395,0.4817147706733071,0.002172699428157581
2021-08-10 12:40:00,0.22454672245467225,-0.17131474103585675,0.6011913626209975,0.5565077664702731,0.3884911858240306,0.00311804008908686,0.5,0.5548307780975597,0.3802222369090277,0.29696088684667427,0.3245218067861395,0.4817147706733071,0.07453566093818369
2021-08-10 12:50:00,0.20013947001394702,0.06772908366533859,0.5949367088607593,0.5640064274236742,0.3669105233539674,0.00011135857461024499,0.5,0.5548307780975597,0.3802222369090277,0.29696088684667427,0.3245218067861395,0.4817147706733071,0.06932269112965282
2021-08-10 13:00:00,0.2894002789400279,-0.11553784860557781,0.5898734177215188,0.5475807891447955,0.32810720969493923,0.00011135857461024499,0.5,0.6144038318697442,0.36686618372619056,0.28097317665701993,0.25575523915794474,0.5684539991153797,0.1322329013081461
2021-08-10 13:10:00,0.08368200836820083,0.5298804780876492,0.5940431868950109,0.5397250490983752,0.322388137833558,0.3443207126948775,0.5,0.6144038318697442,0.36686618372619056,0.28097317665701993,0.25575523915794474,0.5684539991153797,0.004813132760987974
2021-08-10 13:20:00,0.2280334728033473,0.2828685258964143,0.6110201042442291,0.5586502410283878,0.3203465469631336,0.8799554565701558,0.5,0.6144038318697442,0.36686618372619056,0.28097317665701993,0.25575523915794474,0.5684539991153797,0.0
2021-08-10 13:30:00,0.1708507670850767,0.03585657370517925,0.6318689501116901,0.5890019639350117,0.32758372485636883,0.030623608017817373,0.5,0.6144038318697442,0.36686618372619056,0.28097317665701993,0.25575523915794474,0.5684539991153797,0.019237442853478583
2021-08-10 13:40:00,0.17433751743375175,-0.10756972111553798,0.6175725986597167,0.5829316193536869,0.2778526651921844,0.43919821826280625,0.5,0.6144038318697442,0.36686618372619056,0.28097317665701993,0.25575523915794474,0.5684539991153797,0.0
2021-08-10 13:50:00,0.14783821478382148,0.8167330677290834,0.622338049143708,0.5747188002142476,0.31385533496486107,0.15000000000000002,0.5,0.6144038318697442,0.36686618372619056,0.28097317665701993,0.25575523915794474,0.5684539991153797,0.0
2021-08-10 14:00:00,0.2085076708507671,-0.08366533864541836,0.6381236038719285,0.5940010712372792,0.34479328892436956,0.810467706013363,0.5,0.618703245222253,0.3583807222268532,0.28519063396536226,0.18468228837054432,0.5993072515827528,0.016272613425471885
2021-08-10 14:10:00,0.4211994421199442,-0.03585657370517936,0.6250186150409529,0.5836457775397252,0.3450026828597977,0.00011135857461024499,0.5,0.618703245222253,0.3583807222268532,0.28519063396536226,0.18468228837054432,0.5993072515827528,0.30703713203675487
2021-08-10 14:20:00,0.5320781032078103,-0.4103585657370519,0.5928518242740133,0.5415104445634709,0.32049050529374046,0.00011135857461024499,0.5,0.618703245222253,0.3583807222268532,0.28519063396536226,0.18468228837054432,0.5993072515827528,0.5242995307572763
2021-08-10 14:30:00,0.4700139470013947,0.019920318725099362,0.5725986597170512,0.5168719871451526,0.3009645208150659,0.00011135857461024499,0.5,0.618703245222253,0.3583807222268532,0.28519063396536226,0.18468228837054432,0.5993072515827528,0.4142613576353788
2021-08-10 14:40:00,0.38354253835425384,-0.02788844621513953,0.5597915115413252,0.5118728798428851,0.3013309602020651,0.00011135857461024499,0.5,0.618703245222253,0.3583807222268532,0.28519063396536226,0.18468228837054432,0.5993072515827528,0.2513164446187969
2021-08-10 14:50:00,0.398884239888424,0.019920318725099362,0.5550260610573343,0.5147295125870381,0.2941461307926869,0.00011135857461024499,0.5,0.618703245222253,0.3583807222268532,0.28519063396536226,0.18468228837054432,0.5993072515827528,0.2505167705237111
2021-08-10 15:00:00,0.33472803347280333,-0.2270916334661356,0.5535368577810869,0.5100874843777896,0.29203910431744123,0.00011135857461024499,0.5,0.6224001016602168,0.33969718999905196,0.28697287965834245,0.1110882984533335,0.5525918623152005,0.1801605383466361
2021-08-10 15:10:00,0.32914923291492326,0.09163346613545809,0.5600893521965746,0.5129441171219424,0.289958252084124,0.00011135857461024499,0.5,0.6224001016602168,0.33969718999905196,0.28697287965834245,0.1110882984533335,0.5525918623152005,0.18481524510765424
2021-08-10 15:20:00,0.24267782426778242,-0.21115537848605592,0.5723008190618017,0.5200856989823246,0.2821321537474971,0.00011135857461024499,0.5,0.6224001016602168,0.33969718999905196,0.28697287965834245,0.1110882984533335,0.5525918623152005,0.09754515140999141
2021-08-10 15:30:00,0.2377963737796374,-0.09960159362549814,0.5845122859270289,0.535440099982146,0.25604952166572875,0.00011135857461024499,0.5,0.6224001016602168,0.33969718999905196,0.28697287965834245,0.1110882984533335,0.5525918623152005,0.10840110445554264
2021-08-10 15:40:00,0.14783821478382148,0.36254980079681287,0.5868950111690245,0.5397250490983752,0.2664276085903862,0.00011135857461024499,0.5,0.6224001016602168,0.33969718999905196,0.28697287965834245,0.1110882984533335,0.5525918623152005,0.04000633703999879
2021-08-10 15:50:00,0.14225941422594143,-0.4820717131474104,0.5895755770662694,0.5515086591680056,0.2627239533575009,0.0032293986636971047,0.5,0.6224001016602168,0.33969718999905196,0.28697287965834245,0.1110882984533335,0.5525918623152005,0.021923140757728925
2021-08-10 16:00:00,0.12622036262203626,0.22709163346613526,0.5952345495160087,0.5586502410283878,0.2826163772231747,0.1257238307349666,0.5,0.6736348830624004,0.3309071369254079,0.23917080302634297,0.12545323367793937,0.44922407692471505,0.0
2021-08-10 16:10:00,0.05718270571827057,-0.8884462151394422,0.6026805658972447,0.5561506873772541,0.3156875318998574,0.9995545657015591,0.5,0.6736348830624004,0.3309071369254079,0.23917080302634297,0.12545323367793937,0.44922407692471505,0.0
2021-08-10 16:20:00,0.16457461645746163,-0.7211155378486056,0.6294862248696946,0.5675772183538654,0.3156875318998574,0.9995545657015591,0.5,0.6736348830624004,0.3309071369254079,0.23917080302634297,0.12545323367793937,0.44922407692471505,0.0
2021-08-10 16:30:00,0.2510460251046025,-0.553784860557769,0.6408041697691733,0.5725763256561329,0.2374658098964809,0.6161469933184855,0.5,0.6736348830624004,0.3309071369254079,0.23917080302634297,0.12545323367793937,0.44922407692471505,0.024095840185886508
2021-08-10 16:40:00,0.22873082287308227,-0.38645418326693237,0.6396128071481755,0.580432065702553,0.21920927615133945,0.00033407572383073496,0.5,0.6736348830624004,0.3309071369254079,0.23917080302634297,0.12545323367793937,0.44922407692471505,0.08786607722135885
2021-08-10 16:50:00,0.15690376569037656,-0.19521912350597614,0.6178704393149663,0.5661489019817889,0.21206370810485403,0.4030066815144766,0.5,0.6736348830624004,0.3309071369254079,0.23917080302634297,0.12545323367793937,0.44922407692471505,0.0
2021-08-10 17:00:00,0.20292887029288703,0.09163346613545809,0.6360387192851822,0.5815033029816103,0.20018060226930678,0.1002227171492205,0.5,0.6701497520364563,0.3207492952727958,0.23136881770051249,0.1946764616999855,0.42213258470695264,0.019750441329571346
2021-08-10 17:10:00,0.31450488145048816,0.1872509960159361,0.6220402084884586,0.5686484556329228,0.2202562458284802,0.00011135857461024499,0.5,0.6701497520364563,0.3207492952727958,0.23136881770051249,0.1946764616999855,0.42213258470695264,0.17331049987175037
2021-08-10 17:20:00,0.23849372384937237,-0.03585657370517936,0.6002978406552493,0.5315122299589359,0.2366020599128398,0.00011135857461024499,0.5,0.6701497520364563,0.3207492952727958,0.23136881770051249,0.1946764616999855,0.42213258470695264,0.1014152722663971
2021-08-10 17:30:00,0.299163179916318,-0.14741035856573714,0.5931496649292627,0.5154436707730763,0.23017628351938857,0.00011135857461024499,0.5,0.6701497520364563,0.3207492952727958,0.23136881770051249,0.1946764616999855,0.42213258470695264,0.1417610935920455
2021-08-10 17:40:00,0.32147838214783825,-0.003984063745020028,0.5901712583767682,0.5118728798428851,0.20951171951682349,0.00011135857461024499,0.5,0.6701497520364563,0.3207492952727958,0.23136881770051249,0.1946764616999855,0.42213258470695264,0.15868249920787
2021-08-10 17:50:00,0.37796373779637377,0.2350597609561753,0.5883842144452716,0.5068737725406176,0.21413147321720694,0.00011135857461024499,0.5,0.6701497520364563,0.3207492952727958,0.23136881770051249,0.1946764616999855,0.42213258470695264,0.22659444452826774
2021-08-10 18:00:00,0.3437935843793584,0.13147410358565725,0.5857036485480267,0.5050883770755221,0.22351493894858074,0.00011135857461024499,0.5,0.5678186045534304,0.31753958972089646,0.302900987209908,0.46581374953688964,0.39999619776770884,0.19911884967635832
2021-08-10 18:10:00,0.3716875871687587,-0.12350597609561753,0.5809381980640356,0.5025888234243885,0.22631558283493214,0.00011135857461024499,0.5,0.5678186045534304,0.31753958972089646,0.302900987209908,0.46581374953688964,0.39999619776770884,0.22028758091042142
2021-08-10 18:20:00,0.4170153417015342,-0.05179282868525903,0.5773641102010423,0.5115158007498661,0.22418238211775793,0.00011135857461024499,0.5,0.5678186045534304,0.31753958972089646,0.302900987209908,0.46581374953688964,0.39999619776770884,0.3042382727039546
2021-08-10 18:30:00,0.4288702928870293,-0.043824701195219196,0.5728965003723006,0.5047312979825032,0.21729855649055765,0.00011135857461024499,0.5,0.5678186045534304,0.31753958972089646,0.302900987209908,0.46581374953688964,0.39999619776770884,0.3114730600359099
2021-08-10 18:40:00,0.42677824267782427,0.05976095617529875,0.5687267311988085,0.500803427959293,0.21956262841737448,0.00011135857461024499,0.5,0.5678186045534304,0.31753958972089646,0.302900987209908,0.46581374953688964,0.39999619776770884,0.3136608476545408
2021-08-10 18:50:00,0.4198047419804742,-0.05179282868525903,0.5651526433358152,0.49973219068023567,0.21265262854824568,0.00011135857461024499,0.5,0.5678186045534304,0.31753958972089646,0.302900987209908,0.46581374953688964,0.39999619776770884,0.2920771911824615
2021-08-10 19:00:00,0.3800557880055788,0.05976095617529875,0.5651526433358152,0.5086591680057133,0.2065802044208295,0.00011135857461024499,0.5,0.5692924775775516,0.3197435683764977,0.30412905518278543,0.560197011540935,0.39820476016002676,0.23893658433544068
2021-08-10 19:10:00,0.38633193863319387,-0.019920318725099695,0.5651526433358152,0.5079450098196749,0.20885736346861053,0.00011135857461024499,0.5,0.5692924775775516,0.3197435683764977,0.30412905518278543,0.560197011540935,0.39820476016002676,0.23855183547837108
2021-08-10 19:20:00,0.37377963737796377,0.01195219123505975,0.5651526433358152,0.5068737725406176,0.20935467406525238,0.00011135857461024499,0.5,0.5692924775775516,0.3197435683764977,0.30412905518278543,0.560197011540935,0.39820476016002676,0.23422152481252925
2021-08-10 19:30:00,0.45397489539748953,-0.29083665338645437,0.5651526433358152,0.5097304052847706,0.21504757168470506,0.00011135857461024499,0.5,0.5692924775775516,0.3197435683764977,0.30412905518278543,0.560197011540935,0.39820476016002676,0.336195060126439
2021-08-10 19:40:00,0.4177126917712692,0.12350597609561742,0.5651526433358152,0.5022317443313695,0.2071429506222926,0.00011135857461024499,0.5,0.5692924775775516,0.3197435683764977,0.30412905518278543,0.560197011540935,0.39820476016002676,0.3071729257510147
2021-08-10 19:50:00,0.3856345885634589,0.027888446215139417,0.5651526433358152,0.5054454561685413,0.2093154127023596,0.00011135857461024499,0.5,0.5692924775775516,0.3197435683764977,0.30412905518278543,0.560197011540935,0.39820476016002676,0.23458364138388882
2021-08-10 20:00:00,0.39400278940027894,0.019920318725099362,0.5621742367833207,0.497589716122121,0.20421143552629858,0.00011135857461024499,0.5,0.5754158713344537,0.3252233432086152,0.28999194349872814,0.4633832179639054,0.37910577367945286,0.26980702204384627
2021-08-10 20:10:00,0.38772663877266383,-0.019920318725099695,0.5559195830230825,0.4958043206570255,0.20011516666448548,0.00011135857461024499,0.5,0.5754158713344537,0.3252233432086152,0.28999194349872814,0.4633832179639054,0.37910577367945286,0.2475368529052311
2021-08-10 20:20:00,0.3682008368200837,0.13147410358565725,0.552941176470588,0.4933047670058919,0.19498501524649592,0.00011135857461024499,0.5,0.5754158713344537,0.3252233432086152,0.28999194349872814,0.4633832179639054,0.37910577367945286,0.23603965176456387
2021-08-10 20:30:00,0.3054393305439331,0.05179282868525892,0.5526433358153384,0.4911622924477772,0.20270641661540878,0.00011135857461024499,0.5,0.5754158713344537,0.3252233432086152,0.28999194349872814,0.4633832179639054,0.37910577367945286,0.1474040768290659
2021-08-10 20:40:00,0.30474198047419804,0.027888446215139417,0.5472822040208485,0.4783074450990894,0.20452552642944077,0.00011135857461024499,0.5,0.5754158713344537,0.3252233432086152,0.28999194349872814,0.4633832179639054,0.37910577367945286,0.14634035940069706
2021-08-10 20:50:00,0.298465829846583,-0.4581673306772909,0.5425167535368576,0.47437957507587925,0.20160709845441102,0.00011135857461024499,0.5,0.5754158713344537,0.3252233432086152,0.28999194349872814,0.4633832179639054,0.37910577367945286,0.14363202921073676
2021-08-10 21:00:00,0.2601115760111576,0.07569721115537842,0.5380491437081161,0.4722371005177646,0.19064009108636193,0.00011135857461024499,0.5,0.5664994898644962,0.3306111658673548,0.31578352676925675,0.30554472905906677,0.32462213185329253,0.10674894759871449
2021-08-10 21:10:00,0.19456066945606695,0.10756972111553775,0.535368577810871,0.46509551865738263,0.19064009108636193,0.00011135857461024499,0.5,0.5664994898644962,0.3306111658673548,0.31578352676925675,0.30554472905906677,0.32462213185329253,0.06361181103550251
2021-08-10 21:20:00,0.2196652719665272,-0.06772908366533881,0.5338793745346238,0.4618818068202106,0.19064009108636193,0.00011135857461024499,0.5,0.5664994898644962,0.3306111658673548,0.31578352676925675,0.30554472905906677,0.32462213185329253,0.07355492855741812
2021-08-10 21:30:00,0.24337517433751746,-0.601593625498008,0.5294117647058822,0.4575968577039815,0.19064009108636193,0.00011135857461024499,0.5,0.5664994898644962,0.3306111658673548,0.31578352676925675,0.30554472905906677,0.32462213185329253,0.08606303845979751
2021-08-10 21:40:00,0.16387726638772665,-0.15537848605577698,0.5294117647058822,0.45831101589001966,0.17903181479106411,0.00011135857461024499,0.5,0.5664994898644962,0.3306111658673548,0.31578352676925675,0.30554472905906677,0.32462213185329253,0.044985439896193254
2021-08-10 21:50:00,0.13598326359832635,-0.5139442231075697,0.5270290394638866,0.46509551865738263,0.17210872780097108,0.00011135857461024499,0.5,0.5664994898644962,0.3306111658673548,0.31578352676925675,0.30554472905906677,0.32462213185329253,0.023205636947960833
2021-08-10 22:00:00,0.14574616457461645,0.15537848605577675,0.5261355174981384,0.4704517050526693,0.16034340605410216,0.00011135857461024499,0.5,0.4944678898133994,0.3431827520710806,0.3898035357553056,0.27293299663982157,0.2529451451138192,0.03382772304117568
2021-08-10 22:10:00,0.13737796373779637,0.5139442231075697,0.5222635889798957,0.46509551865738263,0.16034340605410216,0.00011135857461024499,0.5,0.4944678898133994,0.3431827520710806,0.3898035357553056,0.27293299663982157,0.2529451451138192,0.03465002942197142
2021-08-10 22:20:00,0.1492329149232915,0.6015936254980081,0.5195830230826506,0.46616675593643975,0.16716179607648113,0.00011135857461024499,0.5,0.4944678898133994,0.3431827520710806,0.3898035357553056,0.27293299663982157,0.2529451451138192,0.03567602637415695
2021-08-10 22:30:00,0.198744769874477,0.2828685258964143,0.5148175725986597,0.46152472772719166,0.17675465574328303,0.00011135857461024499,0.5,0.4944678898133994,0.3431827520710806,0.3898035357553056,0.27293299663982157,0.2529451451138192,0.06009626265521976
2021-08-10 22:40:00,0.1394700139470014,0.003984063745019917,0.5133283693224122,0.4475986430994465,0.17675465574328303,0.00011135857461024499,0.5,0.4944678898133994,0.3431827520710806,0.3898035357553056,0.27293299663982157,0.2529451451138192,0.03302050485085324
2021-08-10 22:50:00,0.14016736401673638,-0.6414342629482073,0.5100521221146683,0.44724156400642756,0.1765452618078549,0.00011135857461024499,0.5,0.4944678898133994,0.3431827520710806,0.3898035357553056,0.27293299663982157,0.2529451451138192,0.029693558851486942
2021-08-10 23:00:00,0.13598326359832635,0.17131474103585642,0.5079672375279223,0.4540260667737903,0.16031723181217364,0.00011135857461024499,0.5,0.47295448003700846,0.33744436175134535,0.44596824295354154,0.26957137908593076,0.21846767759561345,0.03176818504156796
2021-08-10 23:10:00,0.13737796373779637,-0.003984063745020028,0.5055845122859268,0.4479557221924655,0.16026488332831662,0.00011135857461024499,0.5,0.47295448003700846,0.33744436175134535,0.44596824295354154,0.26957137908593076,0.21846767759561345,0.030085851803793175
2021-08-10 23:20:00,0.1304044630404463,-0.2749003984063746,0.5055845122859268,0.4475986430994465,0.16026488332831662,0.00011135857461024499,0.5,0.47295448003700846,0.33744436175134535,0.44596824295354154,0.26957137908593076,0.21846767759561345,0.025559394661798213
2021-08-10 23:30:00,0.12412831241283125,-0.4342629482071714,0.5037974683544302,0.4479557221924655,0.1536820614832943,0.00011135857461024499,0.5,0.47295448003700846,0.33744436175134535,0.44596824295354154,0.26957137908593076,0.21846767759561345,0.02243613923382169
2021-08-10 23:40:00,0.10390516039051603,0.1394422310756971,0.5023082650781829,0.45331190858775217,0.14385363363913575,0.00011135857461024499,0.5,0.47295448003700846,0.33744436175134535,0.44596824295354154,0.26957137908593076,0.21846767759561345,0.003553268856466044
2021-08-10 23:50:00,0.10669456066945607,-0.49800796812749004,0.5002233804914369,0.4572397786109621,0.1438274593972072,0.00011135857461024499,0.5,0.47295448003700846,0.33744436175134535,0.44596824295354154,0.26957137908593076,0.21846767759561345,0.0020142734281877574
2021-08-11 00:00:00,0.099721059972106,0.2749003984063745,0.49635145197319397,0.4658096768434208,0.15024014866969418,0.00011135857461024499,0.5,0.4246266872077227,0.3425764424278836,0.4637752285602653,0.27163731284134573,0.20208389494311524,0.0046773390467281266
2021-08-11 00:10:00,0.10181311018131102,0.5458167330677288,0.49635145197319397,0.45866809498303884,0.14970357671015955,0.00011135857461024499,0.5,0.4246266872077227,0.3425764424278836,0.4637752285602653,0.27163731284134573,0.20208389494311524,0.008547459903133818
2021-08-11 00:20:00,0.10181311018131102,0.38645418326693215,0.49635145197319397,0.4675950723085165,0.16481920142387876,0.00011135857461024499,0.5,0.4246266872077227,0.3425764424278836,0.4637752285602653,0.27163731284134573,0.20208389494311524,0.005801409236990208
2021-08-11 00:30:00,0.10111576011157601,0.6175298804780875,0.4933730454206997,0.46295304409926796,0.16623261048801874,0.00011135857461024499,0.5,0.4246266872077227,0.3425764424278836,0.4637752285602653,0.27163731284134573,0.20208389494311524,0.006638803808259276
2021-08-11 00:40:00,0.10251046025104603,-0.17131474103585675,0.4933730454206997,0.4668809141224781,0.18238211775791446,0.00011135857461024499,0.5,0.4246266872077227,0.3425764424278836,0.4637752285602653,0.27163731284134573,0.20208389494311524,0.001750230094904718
2021-08-11 00:50:00,0.10808926080892609,-0.45019920318725104,0.4933730454206997,0.4618818068202106,0.17543285652589288,0.00011135857461024499,0.5,0.4246266872077227,0.3425764424278836,0.4637752285602653,0.27163731284134573,0.20208389494311524,0.006374760474976236
2021-08-11 01:00:00,0.12273361227336123,-0.20318725099601598,0.49069247952345485,0.46509551865738263,0.15602465613589667,0.00011135857461024499,0.5,0.3677082058272514,0.3429873537026548,0.5251422315506692,0.2411090985545035,0.17475216496599974,0.01990886732954117
2021-08-11 01:10:00,0.11436541143654114,0.24302788844621515,0.49009679821295604,0.45366898768077135,0.1497820994359451,0.00011135857461024499,0.5,0.3677082058272514,0.3429873537026548,0.5251422315506692,0.2411090985545035,0.17475216496599974,0.01588786456840231
2021-08-11 01:20:00,0.11715481171548117,-0.06772908366533881,0.48741623231571096,0.4465274058203892,0.1497820994359451,0.00011135857461024499,0.5,0.3677082058272514,0.3429873537026548,0.5251422315506692,0.2411090985545035,0.17475216496599974,0.015073102282843219
2021-08-11 01:30:00,0.11854951185495119,0.07569721115537842,0.48741623231571096,0.4433136939832174,0.1497820994359451,0.00011135857461024499,0.5,0.3677082058272514,0.3429873537026548,0.5251422315506692,0.2411090985545035,0.17475216496599974,0.018392504186972858
2021-08-11 01:40:00,0.14504881450488147,0.19521912350597592,0.48711839166046156,0.44081414033208355,0.1497820994359451,0.00011135857461024499,0.5,0.3677082058272514,0.3429873537026548,0.5251422315506692,0.2411090985545035,0.17475216496599974,0.03210012523198093
2021-08-11 01:50:00,0.16108786610878661,0.593625498007968,0.4850335070737155,0.42795929298339574,0.1497820994359451,0.00011135857461024499,0.5,0.3677082058272514,0.3429873537026548,0.5251422315506692,0.2411090985545035,0.17475216496599974,0.04297871056324215
2021-08-11 02:00:00,0.17782426778242677,0.5776892430278884,0.4847356664184659,0.41867523656489913,0.1497820994359451,0.00011135857461024499,0.5,0.3752810581467756,0.34684359797360287,0.5236782893079082,0.24370042998821195,0.13274651286881115,0.05136774446640615
2021-08-11 02:10:00,0.19456066945606695,0.2350597609561753,0.4847356664184659,0.4111765756114978,0.1497820994359451,0.00011135857461024499,0.5,0.3752810581467756,0.34684359797360287,0.5236782893079082,0.24370042998821195,0.13274651286881115,0.056633522941593614
2021-08-11 02:20:00,0.200836820083682,0.31474103585657365,0.48324646314221864,0.4065345474022497,0.1497820994359451,0.00011135857461024499,0.5,0.3752810581467756,0.34684359797360287,0.5236782893079082,0.24370042998821195,0.13274651286881115,0.06378532522594565
2021-08-11 02:30:00,0.15271966527196654,0.7689243027888444,0.4802680565897244,0.40582038921621133,0.1497820994359451,0.00011135857461024499,0.5,0.3752810581467756,0.34684359797360287,0.5236782893079082,0.24370042998821195,0.13274651286881115,0.04577756989604237
2021-08-11 02:40:00,0.14225941422594143,0.7211155378486056,0.47848101265822773,0.40760578468130704,0.1502924971535512,0.00011135857461024499,0.5,0.3752810581467756,0.34684359797360287,0.5236782893079082,0.24370042998821195,0.13274651286881115,0.03833154789746066
2021-08-11 02:50:00,0.20362622036262204,0.10756972111553775,0.47848101265822773,0.4083199428673452,0.16628495897187578,0.00011135857461024499,0.5,0.3752810581467756,0.34684359797360287,0.5236782893079082,0.24370042998821195,0.13274651286881115,0.06887004541545333
2021-08-11 03:00:00,0.17364016736401675,0.5776892430278884,0.47848101265822773,0.4018925191930012,0.16628495897187578,0.00011135857461024499,0.5,0.3719995143790171,0.3518320033792415,0.5274035810025849,0.25797111476032425,0.10856942972932529,0.054838028275268944
2021-08-11 03:10:00,0.1771269177126918,0.4820717131474104,0.47848101265822773,0.3986788073558294,0.16628495897187578,0.00011135857461024499,0.5,0.3719995143790171,0.3518320033792415,0.5274035810025849,0.25797111476032425,0.10856942972932529,0.05335184151364727
2021-08-11 03:20:00,0.18200836820083682,0.49800796812749004,0.47848101265822773,0.39760757007677205,0.16628495897187578,0.00011135857461024499,0.5,0.3719995143790171,0.3518320033792415,0.5274035810025849,0.25797111476032425,0.10856942972932529,0.055026630656185405
2021-08-11 03:30:00,0.15411436541143653,0.49800796812749004,0.4760982874162323,0.3983217282628102,0.16628495897187578,0.00011135857461024499,0.5,0.3719995143790171,0.3518320033792415,0.5274035810025849,0.25797111476032425,0.10856942972932529,0.045958628181722166
2021-08-11 03:40:00,0.1596931659693166,0.47410358565737054,0.474013402829486,0.3986788073558294,0.16628495897187578,0.00011135857461024499,0.5,0.3719995143790171,0.3518320033792415,0.5274035810025849,0.25797111476032425,0.10856942972932529,0.046547067610181514
2021-08-11 03:50:00,0.15481171548117156,-0.17928286852589637,0.4698436336559937,0.3965363327977147,0.16628495897187578,0.00011135857461024499,0.5,0.3719995143790171,0.3518320033792415,0.5274035810025849,0.25797111476032425,0.10856942972932529,0.04341626808696833
2021-08-11 04:00:00,0.14365411436541145,-0.4342629482071714,0.4698436336559937,0.3936797000535619,0.16628495897187578,0.00011135857461024499,0.5,0.3157161758815137,0.35480895499228393,0.5901786012072451,0.27466259415219924,0.10462615549946726,0.0327564615175702
2021-08-11 04:10:00,0.10320781032078104,-0.33864541832669326,0.4698436336559937,0.40082128191394384,0.16628495897187578,0.00011135857461024499,0.5,0.3157161758815137,0.35480895499228393,0.5901786012072451,0.27466259415219924,0.10462615549946726,0.0039002972373523245
2021-08-11 04:20:00,0.0885634588563459,-0.3784860557768924,0.4668652271034994,0.40582038921621133,0.154676682676578,0.032071269487750555,0.5,0.3157161758815137,0.35480895499228393,0.5901786012072451,0.27466259415219924,0.10462615549946726,0.0
2021-08-11 04:30:00,0.1206415620641562,-0.5298804780876495,0.4692479523454949,0.3929655418675235,0.14983444791980213,0.8881959910913141,0.5,0.3157161758815137,0.35480895499228393,0.5901786012072451,0.27466259415219924,0.10462615549946726,0.0
2021-08-11 04:40:00,0.17224546722454673,-0.557768924302789,0.4841399851079671,0.40546331012319237,0.14983444791980213,0.9995545657015591,0.5,0.3157161758815137,0.35480895499228393,0.5901786012072451,0.27466259415219924,0.10462615549946726,0.0
2021-08-11 04:50:00,0.1708507670850767,-0.5856573705179284,0.4877140729709606,0.4083199428673452,0.1354517019800814,0.5742761692650334,0.5,0.3157161758815137,0.35480895499228393,0.5901786012072451,0.27466259415219924,0.10462615549946726,0.0
2021-08-11 05:00:00,0.15341701534170155,0.2669322709163344,0.496947133283693,0.41510444563470794,0.14423316014709925,0.49175946547884186,0.5,0.309535748341601,0.3595588594482284,0.5954789243169506,0.28058826701364276,0.11910548365344094,0.0
2021-08-11 05:10:00,0.1506276150627615,-0.24302788844621515,0.504393149664929,0.41867523656489913,0.15068511078247898,0.29109131403118044,0.5,0.309535748341601,0.3595588594482284,0.5954789243169506,0.28058826701364276,0.11910548365344094,0.0
2021-08-11 05:20:00,0.15690376569037656,0.6494023904382469,0.5073715562174235,0.4243885020532048,0.15068511078247898,0.7720489977728285,0.5,0.309535748341601,0.3595588594482284,0.5954789243169506,0.28058826701364276,0.11910548365344094,0.0
2021-08-11 05:30:00,0.1617852161785216,0.3652058432934926,0.49843633655994046,0.42117479021603277,0.15068511078247898,0.9995545657015591,0.5,0.309535748341601,0.3595588594482284,0.5954789243169506,0.28058826701364276,0.11910548365344094,0.0
2021-08-11 05:40:00,0.18688981868898188,0.08100929614873831,0.48741623231571096,0.41046241742545986,0.16144272421509995,0.9278396436525612,0.5,0.309535748341601,0.3595588594482284,0.5954789243169506,0.28058826701364276,0.11910548365344094,0.0
2021-08-11 05:50:00,0.11366806136680613,-0.20318725099601598,0.49218168279970187,0.40546331012319237,0.19840075381816752,0.128173719376392,0.5,0.309535748341601,0.3595588594482284,0.5954789243169506,0.28058826701364276,0.11910548365344094,0.0
2021-08-11 06:00:00,0.16875871687587168,0.7689243027888444,0.49545793000744576,0.40760578468130704,0.19401656829514075,0.9993318485523385,0.5,0.2764187987351172,0.3765786320390127,0.6396557655977885,0.2851197112389913,0.1781769947056437,0.0
2021-08-11 06:10:00,0.1297071129707113,0.33864541832669315,0.4933730454206997,0.4022495982860206,0.19401656829514075,0.9993318485523385,0.5,0.2764187987351172,0.3765786320390127,0.6396557655977885,0.2851197112389913,0.1781769947056437,0.0
2021-08-11 06:20:00,0.12273361227336123,-0.06772908366533881,0.49128816083395366,0.3951080164256384,0.19401656829514075,0.9993318485523385,0.5,0.2764187987351172,0.3765786320390127,0.6396557655977885,0.2851197112389913,0.1781769947056437,0.0
2021-08-11 06:30:00,0.1311018131101813,-0.08801159000362191,0.48741623231571096,0.3858239600071418,0.19401656829514075,0.9993318485523385,0.5,0.2764187987351172,0.3765786320390127,0.6396557655977885,0.2851197112389913,0.1781769947056437,0.0
2021-08-11 06:40:00,0.13668061366806136,-0.10829409634190512,0.4862248696947131,0.3761828244956258,0.19401656829514075,0.9993318485523385,0.5,0.2764187987351172,0.3765786320390127,0.6396557655977885,0.2851197112389913,0.1781769947056437,0.0
2021-08-11 06:50:00,0.15202231520223153,-0.12857660268018845,0.4847356664184659,0.3668987680771292,0.19401656829514075,0.9993318485523385,0.5,0.2764187987351172,0.3765786320390127,0.6396557655977885,0.2851197112389913,0.1781769947056437,0.0
2021-08-11 07:00:00,0.17154811715481172,-0.14885910901847166,0.4847356664184659,0.3601142653097662,0.19401656829514075,0.9993318485523385,0.5,0.2808810418704679,0.3893657311490881,0.6265840193660385,0.3117266275391309,0.12601567919233542,0.0
2021-08-11 07:10:00,0.16248256624825663,-0.16914161535675498,0.4847356664184659,0.3540439207284414,0.19401656829514075,0.9993318485523385,0.5,0.2808810418704679,0.3893657311490881,0.6265840193660385,0.3117266275391309,0.12601567919233542,0.0
2021-08-11 07:20:00,0.1701534170153417,-0.18942412169503808,0.4847356664184659,0.3469023388680592,0.19401656829514075,0.9993318485523385,0.5,0.2808810418704679,0.3893657311490881,0.6265840193660385,0.3117266275391309,0.12601567919233542,0.0
2021-08-11 07:30:00,0.1324965132496513,-0.2097066280333213,0.4847356664184659,0.34333154793786824,0.19401656829514075,0.9993318485523385,0.5,0.2808810418704679,0.3893657311490881,0.6265840193660385,0.3117266275391309,0.12601567919233542,0.0
2021-08-11 07:40:00,0.12691771269177127,-0.2299891343716045,0.48711839166046156,0.3376182824495626,0.19401656829514075,0.9993318485523385,0.5,0.2808810418704679,0.3893657311490881,0.6265840193660385,0.3117266275391309,0.12601567919233542,0.0
2021-08-11 07:50:00,0.12691771269177127,-0.25027164070988783,0.48741623231571096,0.3361899660774863,0.19401656829514075,0.9993318485523385,0.5,0.2808810418704679,0.3893657311490881,0.6265840193660385,0.3117266275391309,0.12601567919233542,0.0
2021-08-11 08:00:00,0.1387726638772664,-0.27055414704817105,0.4862248696947131,0.3358328869844669,0.19401656829514075,0.9993318485523385,0.5,0.3144295804548227,0.40137411029088516,0.5720971898370654,0.27803355086363685,0.12221145539331178,0.0
2021-08-11 08:10:00,0.1617852161785216,-0.29083665338645437,0.48741623231571096,0.3329762542403143,0.19401656829514075,0.9993318485523385,0.5,0.3144295804548227,0.40137411029088516,0.5720971898370654,0.27803355086363685,0.12221145539331178,0.0
2021-08-11 08:20:00,0.15550906555090654,0.8007968127490039,0.49158600148920306,0.33547580789144793,0.19401656829514075,0.9993318485523385,0.5,0.3144295804548227,0.40137411029088516,0.5720971898370654,0.27803355086363685,0.12221145539331178,0.0
2021-08-11 08:30:00,0.11227336122733612,0.6122177954847277,0.4844378257632167,0.3329762542403143,0.19401656829514075,0.9993318485523385,0.5,0.3144295804548227,0.40137411029088516,0.5720971898370654,0.27803355086363685,0.12221145539331178,0.0
2021-08-11 08:40:00,0.10390516039051603,0.4236387782204516,0.4763961280714817,0.32726298875200865,0.19401656829514075,0.9993318485523385,0.5,0.3144295804548227,0.40137411029088516,0.5720971898370654,0.27803355086363685,0.12221145539331178,0.0
2021-08-11 08:50:00,0.13528591352859135,0.2350597609561753,0.4760982874162323,0.32404927691483665,0.19401656829514075,0.9993318485523385,0.5,0.3144295804548227,0.40137411029088516,0.5720971898370654,0.27803355086363685,0.12221145539331178,0.0
2021-08-11 09:00:00,0.16875871687587168,0.9840637450199201,0.47520476545048385,0.32226388144974116,0.19401656829514075,0.9993318485523385,0.5,0.3347459812028657,0.407779153867593,0.5071323433461961,0.30240125722874595,0.179765718374704,0.0
2021-08-11 09:10:00,0.17782426778242677,-0.01195219123505975,0.47192851824273996,0.32226388144974116,0.21095130282289198,0.5054565701559021,0.5,0.3347459812028657,0.407779153867593,0.5071323433461961,0.30240125722874595,0.179765718374704,0.0
2021-08-11 09:20:00,0.15202231520223153,-0.019920318725099695,0.4817572598659716,0.3326191751472951,0.20622685215479447,0.5516703786191537,0.5,0.3347459812028657,0.407779153867593,0.5071323433461961,0.30240125722874595,0.179765718374704,0.0
2021-08-11 09:30:00,0.17154811715481172,0.08366533864541825,0.48801191362620977,0.3454740224959829,0.19986651136616454,0.9992204899777284,0.5,0.3347459812028657,0.407779153867593,0.5071323433461961,0.30240125722874595,0.179765718374704,0.0
2021-08-11 09:40:00,0.16457461645746163,0.1872509960159361,0.49873417721518964,0.34833065524013573,0.22403842378715105,0.27561247216035634,0.5,0.3347459812028657,0.407779153867593,0.5071323433461961,0.30240125722874595,0.179765718374704,0.0
2021-08-11 09:50:00,0.17503486750348674,0.3545816733067728,0.5139240506329112,0.36511337261203347,0.23504469251809296,0.7723830734966592,0.5,0.3347459812028657,0.407779153867593,0.5071323433461961,0.30240125722874595,0.179765718374704,0.0
2021-08-11 10:00:00,0.16736401673640167,0.027888446215139417,0.5252419955323901,0.38189608998393165,0.22966588580178246,0.23641425389755014,0.5,0.4946877200261621,0.4032677503613425,0.4180728133726001,0.27197722924545625,0.217429495121513,0.0
2021-08-11 10:10:00,0.199442119944212,-0.07569721115537853,0.5362620997766194,0.3986788073558294,0.19489340539974612,0.2972160356347439,0.5,0.4946877200261621,0.4032677503613425,0.4180728133726001,0.27197722924545625,0.217429495121513,0.0163782307587851
2021-08-11 10:20:00,0.2105997210599721,-0.059760956175298974,0.5499627699180936,0.41510444563470794,0.19600581068170814,0.00011135857461024499,0.5,0.4946877200261621,0.4032677503613425,0.4180728133726001,0.27197722924545625,0.217429495121513,0.05699563951295321
2021-08-11 10:30:00,0.2412831241283124,0.05179282868525892,0.5633655994043185,0.4397429030530262,0.19789035610056144,0.00011135857461024499,0.5,0.4946877200261621,0.4032677503613425,0.4180728133726001,0.27197722924545625,0.217429495121513,0.08007302684189085
2021-08-11 10:40:00,0.19177126917712692,-0.12350597609561753,0.5648548026805658,0.4590251740760578,0.19412126526285484,0.00011135857461024499,0.5,0.4946877200261621,0.4032677503613425,0.4180728133726001,0.27197722924545625,0.217429495121513,0.051247038942619616
2021-08-11 10:50:00,0.15760111576011157,0.1394422310756971,0.537453462397617,0.4368862703088734,0.17675465574328303,0.00011135857461024499,0.5,0.4946877200261621,0.4032677503613425,0.4180728133726001,0.27197722924545625,0.217429495121513,0.04287309322992893
2021-08-11 11:00:00,0.1199442119944212,0.2111553784860556,0.535368577810871,0.4308159257275488,0.19367630315007003,0.04944320712694878,0.5,0.5154926768289081,0.41576462542420195,0.41683485389808234,0.1899706292752942,0.20616250973613448,0.0
2021-08-11 11:10:00,0.18549511854951187,0.20318725099601576,0.5440059568131048,0.42474558114622396,0.18609886011176402,0.8050111358574611,0.5,0.5154926768289081,0.41576462542420195,0.41683485389808234,0.1899706292752942,0.20616250973613448,0.0
2021-08-11 11:20:00,0.20502092050209206,-0.11553784860557781,0.5687267311988085,0.4500981967505804,0.17174228841397182,0.00512249443207127,0.5,0.5154926768289081,0.41576462542420195,0.41683485389808234,0.1899706292752942,0.20616250973613448,0.04478174932480348
2021-08-11 11:30:00,0.20920502092050208,0.2749003984063745,0.5836187639612807,0.49080521335475824,0.16310478857756083,0.00011135857461024499,0.5,0.5154926768289081,0.41576462542420195,0.41683485389808234,0.1899706292752942,0.20616250973613448,0.05830831208413176
2021-08-11 11:40:00,0.18410041841004185,0.20318725099601576,0.5725986597170512,0.4797357614711659,0.18141367080655926,0.00011135857461024499,0.5,0.5154926768289081,0.41576462542420195,0.41683485389808234,0.1899706292752942,0.20616250973613448,0.04937610332392837
2021-08-11 11:50:00,0.17503486750348674,0.14741035856573692,0.5681310498883096,0.4750937332619174,0.16690005365719596,0.00011135857461024499,0.5,0.5154926768289081,0.41576462542420195,0.41683485389808234,0.1899706292752942,0.20616250973613448,0.03302050485085324
2021-08-11 12:00:00,0.2301255230125523,-0.1394422310756973,0.5720029784065523,0.48544902695947156,0.1996047689468794,0.00011135857461024499,0.5,0.5425269568007447,0.3997477062242993,0.40233594151941326,0.13920247160607385,0.19883055162063554,0.09519139369615402
2021-08-11 12:10:00,0.20711297071129708,0.1633466135458166,0.5770662695457927,0.4865202642385287,0.18278781850780648,0.00011135857461024499,0.5,0.5425269568007447,0.3997477062242993,0.40233594151941326,0.13920247160607385,0.19883055162063554,0.0742263530334807
2021-08-11 12:20:00,0.20571827057182707,-0.4342629482071714,0.5809381980640356,0.4879485806106054,0.1767415686223188,0.00011135857461024499,0.5,0.5425269568007447,0.3997477062242993,0.40233594151941326,0.13920247160607385,0.19883055162063554,0.06639558217782941
2021-08-11 12:30:00,0.21478382147838215,-0.07569721115537853,0.5898734177215188,0.514372433494019,0.18401800787844683,0.14610244988864143,0.5,0.5425269568007447,0.3997477062242993,0.40233594151941326,0.13920247160607385,0.19883055162063554,0.012047920092943254
2021-08-11 12:40:00,0.12203626220362622,0.31474103585657365,0.5943410275502605,0.5261560435636492,0.15635183416000314,0.15579064587973274,0.5,0.5425269568007447,0.3997477062242993,0.40233594151941326,0.13920247160607385,0.19883055162063554,0.01363218009264149
2021-08-11 12:50:00,0.26429567642956764,0.027888446215139417,0.6119136262099774,0.5300839135868596,0.1607491068039942,0.2670378619153675,0.5,0.5425269568007447,0.3997477062242993,0.40233594151941326,0.13920247160607385,0.19883055162063554,0.05025121837138072
2021-08-11 13:00:00,0.2398884239888424,-0.043824701195219196,0.627103499627699,0.5661489019817889,0.1819240685241654,0.00011135857461024499,0.5,0.6438809254681856,0.39031111443160643,0.3157769324348299,0.10676896068994658,0.1954687918544108,0.09307150293465305
2021-08-11 13:10:00,0.23640167364016737,0.3067729083665336,0.621742367833209,0.5554365291912158,0.16302626585177526,0.00011135857461024499,0.5,0.6438809254681856,0.39031111443160643,0.3157769324348299,0.10676896068994658,0.1954687918544108,0.09154005160161142
2021-08-11 13:20:00,0.29707112970711297,-0.1633466135458168,0.621742367833209,0.549009105516872,0.17260603839761293,0.00011135857461024499,0.5,0.6438809254681856,0.39031111443160643,0.3157769324348299,0.10676896068994658,0.1954687918544108,0.15265476711378004
2021-08-11 13:30:00,0.30404463040446306,-0.24302788844621515,0.6268056589724496,0.5497232637029101,0.1694520422452265,0.00011135857461024499,0.5,0.6438809254681856,0.39031111443160643,0.3157769324348299,0.10676896068994658,0.1954687918544108,0.12830242768984715
2021-08-11 13:40:00,0.33403068340306835,0.06772908366533859,0.6318689501116901,0.5600785574004641,0.21303215505620918,0.00011135857461024499,0.5,0.6438809254681856,0.39031111443160643,0.3157769324348299,0.10676896068994658,0.1954687918544108,0.1935362192012312
2021-08-11 13:50:00,0.3528591352859135,0.15537848605577675,0.6384214445271779,0.5647205856097126,0.19505045085131725,0.00011135857461024499,0.5,0.6438809254681856,0.39031111443160643,0.3157769324348299,0.10676896068994658,0.1954687918544108,0.23544366824086785
2021-08-11 14:00:00,0.2629009762900976,0.4820717131474104,0.6428890543559194,0.5704338510980183,0.20520605671958228,0.00011135857461024499,0.5,0.6482780633728711,0.365656437945213,0.3145073962435374,0.045799206369312964,0.24852535976358398,0.13242904778429923
2021-08-11 14:10:00,0.30613668061366806,-0.4342629482071714,0.6485480268056589,0.5793608284234957,0.22647262828650327,0.00011135857461024499,0.5,0.6482780633728711,0.365656437945213,0.3145073962435374,0.045799206369312964,0.24852535976358398,0.1398147170209877
2021-08-11 14:20:00,0.3926080892608089,-0.0916334661354582,0.6503350707371554,0.5832886984467058,0.1995000719791653,0.00011135857461024499,0.5,0.6482780633728711,0.365656437945213,0.3145073962435374,0.045799206369312964,0.24852535976358398,0.2660274303302805
2021-08-11 14:30:00,0.29218967921896793,0.784860557768924,0.6530156366344004,0.5815033029816103,0.21133082933085554,0.00011135857461024499,0.5,0.6482780633728711,0.365656437945213,0.3145073962435374,0.045799206369312964,0.24852535976358398,0.14139143292544926
2021-08-11 14:40:00,0.40446304044630405,-0.09960159362549814,0.6583767684288904,0.5918585966791645,0.2297182342856395,0.00011135857461024499,0.5,0.6482780633728711,0.365656437945213,0.3145073962435374,0.045799206369312964,0.24852535976358398,0.2576534846175898
2021-08-11 14:50:00,0.3884239888423989,-0.1872509960159363,0.6622486969471331,0.6011426530976611,0.23912787425894177,0.00011135857461024499,0.5,0.6482780633728711,0.365656437945213,0.3145073962435374,0.045799206369312964,0.24852535976358398,0.22644356262353457
2021-08-11 15:00:00,0.29358437935843795,0.20318725099601576,0.6613551749813849,0.6032851276557758,0.2071167763803641,0.00011135857461024499,0.5,0.6597187734201222,0.34798150611913053,0.30446917066226264,0.058231632124153686,0.55920984860269,0.17571706625224437
2021-08-11 15:10:00,0.2880055788005579,0.17928286852589648,0.6711839166046163,0.6200678450276735,0.2422818704113282,0.00011135857461024499,0.5,0.6597187734201222,0.34798150611913053,0.30446917066226264,0.058231632124153686,0.55920984860269,0.13748359159286028
2021-08-11 15:20:00,0.3451882845188285,-0.5219123505976095,0.6780342516753535,0.6286377432601322,0.24686236274881887,0.00011135857461024499,0.5,0.6597187734201222,0.34798150611913053,0.30446917066226264,0.058231632124153686,0.55920984860269,0.18322344101271934
2021-08-11 15:30:00,0.2622036262203626,0.043824701195219085,0.6774385703648547,0.6264952687020175,0.20567719307429558,0.00044543429844097997,0.5,0.6597187734201222,0.34798150611913053,0.30446917066226264,0.058231632124153686,0.55920984860269,0.1355070386408558
2021-08-11 15:40:00,0.29218967921896793,0.394422310756972,0.6807148175725986,0.6304231387252275,0.20914528012982425,0.17538975501113585,0.5,0.6597187734201222,0.34798150611913053,0.30446917066226264,0.058231632124153686,0.55920984860269,0.0612278769407185
2021-08-11 15:50:00,0.30613668061366806,-0.7848605577689244,0.6813104988830974,0.635422246027495,0.23467825313109367,0.010579064587973273,0.5,0.6597187734201222,0.34798150611913053,0.30446917066226264,0.058231632124153686,0.55920984860269,0.10973640931243117
2021-08-11 16:00:00,0.19804741980474197,0.5059760956175297,0.6816083395383468,0.6300660596322085,0.20498357566318984,0.00011135857461024499,0.5,0.7125820861223464,0.3491366552971655,0.25106317790867533,0.31207119996079863,0.8849377324831016,0.06683313970155559
2021-08-11 16:10:00,0.31241283124128316,0.12350597609561742,0.6842889054355916,0.6307802178182469,0.23709937050948163,0.00011135857461024499,0.5,0.7125820861223464,0.3491366552971655,0.25106317790867533,0.31207119996079863,0.8849377324831016,0.16888211596783198
2021-08-11 16:20:00,0.2482566248256625,-0.45019920318725104,0.6869694713328367,0.6279235850740938,0.2442711127978956,0.00011135857461024499,0.5,0.7125820861223464,0.3491366552971655,0.25106317790867533,0.31207119996079863,0.8849377324831016,0.08799432684038204
2021-08-11 16:30:00,0.1589958158995816,0.7768924302788842,0.6923306031273266,0.6468487770041065,0.23353967360720318,0.030957683741648107,0.5,0.7125820861223464,0.3491366552971655,0.25106317790867533,0.31207119996079863,0.8849377324831016,0.002738506570906951
2021-08-11 16:40:00,0.30613668061366806,-0.4183266932270917,0.6962025316455693,0.6529191215854313,0.2410385939197236,0.015924276169265034,0.5,0.7125820861223464,0.3491366552971655,0.25106317790867533,0.31207119996079863,0.8849377324831016,0.11580186188270442
2021-08-11 16:50:00,0.22384937238493724,0.17928286852589648,0.6967982129560684,0.6443492233529726,0.2322440486317415,0.00011135857461024499,0.5,0.7125820861223464,0.3491366552971655,0.25106317790867533,0.31207119996079863,0.8849377324831016,0.08410157369826637
2021-08-11 17:00:00,0.19525801952580193,-1.0,0.7003723008190617,0.6464916979110873,0.2688618130897384,0.4353006681514477,0.5,0.6787648550491405,0.3718316010884847,0.25567147634593224,0.5982901965834205,0.9493903083675327,0.006412480951159528
2021-08-11 17:10:00,0.19665271966527195,0.5219123505976095,0.7203276247207742,0.6743438671665776,0.23624870764680478,0.03908685968819599,0.5,0.6787648550491405,0.3718316010884847,0.25567147634593224,0.5982901965834205,0.9493903083675327,0.0365888618977926
2021-08-11 17:20:00,0.35146443514644354,-0.38645418326693237,0.7194341027550257,0.6811283699339403,0.2500948816269909,0.00011135857461024499,0.5,0.6787648550491405,0.3718316010884847,0.25567147634593224,0.5982901965834205,0.9493903083675327,0.2115439745311345
2021-08-11 17:30:00,0.30474198047419804,-0.2589641434262948,0.7084139985107967,0.6507766470273164,0.2331470599782754,0.00011135857461024499,0.5,0.6787648550491405,0.3718316010884847,0.25567147634593224,0.5982901965834205,0.9493903083675327,0.1363595214025982
2021-08-11 17:40:00,0.2768479776847978,0.10756972111553775,0.7081161578555473,0.6511337261203356,0.24105168104068786,0.00011135857461024499,0.5,0.6787648550491405,0.3718316010884847,0.25567147634593224,0.5982901965834205,0.9493903083675327,0.12250101845285695
2021-08-11 17:50:00,0.31311018131101814,0.043824701195219085,0.7066269545792998,0.6525620424924121,0.2072083862271139,0.00011135857461024499,0.5,0.6787648550491405,0.3718316010884847,0.25567147634593224,0.5982901965834205,0.9493903083675327,0.17152254930066238
2021-08-11 18:00:00,0.20432357043235705,0.17928286852589648,0.7036485480268053,0.6536332797714692,0.2686655062752745,0.00011135857461024499,0.5,0.5614916902445215,0.3475332392739241,0.4307007101717736,0.6270720697763007,0.060227676543657176,0.06258581408331698
2021-08-11 18:10:00,0.20292887029288703,-0.7051792828685259,0.706031273268801,0.6611319407248706,0.2478569839421026,0.00011135857461024499,0.5,0.5614916902445215,0.3475332392739241,0.4307007101717736,0.6270720697763007,0.060227676543657176,0.042382727039546146
2021-08-11 18:20:00,0.1206415620641562,-0.40770252324037204,0.6959046909903199,0.6689876807712907,0.19752391671356218,0.47605790645879736,0.5,0.5614916902445215,0.3475332392739241,0.4307007101717736,0.6270720697763007,0.060227676543657176,0.0
2021-08-11 18:30:00,0.47489539748953974,-0.11022576361221803,0.7054355919583022,0.6736297089805392,0.1426234442684954,0.5483296213808464,0.5,0.5614916902445215,0.3475332392739241,0.4307007101717736,0.6270720697763007,0.060227676543657176,0.09866167750501682
2021-08-11 18:40:00,0.5774058577405857,0.1872509960159361,0.6798212956068501,0.6532762006784503,0.11828139927497351,0.00011135857461024499,0.5,0.5614916902445215,0.3475332392739241,0.4307007101717736,0.6270720697763007,0.060227676543657176,0.6074354602652504
2021-08-11 18:50:00,0.5641562064156206,-0.003984063745020028,0.645271779597915,0.6161399750044634,0.12486422111999583,0.00011135857461024499,0.5,0.5614916902445215,0.3475332392739241,0.4307007101717736,0.6270720697763007,0.060227676543657176,0.5985409719812304
2021-08-11 19:00:00,0.5125523012552301,-0.003984063745020028,0.6321667907669395,0.6075700767720049,0.1298635013283428,0.00011135857461024499,0.5,0.5846498075693503,0.3876128928441098,0.41226409244140905,0.6123986530467037,0.12415399556953993,0.4682016385774854
2021-08-11 19:10:00,0.4867503486750349,0.05179282868525892,0.619657483246463,0.6007855740046419,0.12492965672481711,0.00011135857461024499,0.5,0.5846498075693503,0.3876128928441098,0.41226409244140905,0.6123986530467037,0.12415399556953993,0.4030357439232313
2021-08-11 19:20:00,0.45397489539748953,-0.059760956175298974,0.6125093075204764,0.5990001785395467,0.10609728965724831,0.00011135857461024499,0.5,0.5846498075693503,0.3876128928441098,0.41226409244140905,0.6123986530467037,0.12415399556953993,0.35792205440801483
2021-08-11 19:30:00,0.5188284518828452,0.20318725099601576,0.6056589724497392,0.596857703981432,0.09574537697451939,0.00011135857461024499,0.5,0.5846498075693503,0.3876128928441098,0.41226409244140905,0.6123986530467037,0.12415399556953993,0.49359506314407714
2021-08-11 19:40:00,0.4839609483960949,0.019920318725099362,0.5982129560685032,0.590073201214069,0.10240672154532726,0.00011135857461024499,0.5,0.5846498075693503,0.3876128928441098,0.41226409244140905,0.6123986530467037,0.12415399556953993,0.4212094693483411
2021-08-11 19:50:00,0.43654114365411434,0.1872509960159361,0.5916604616530154,0.587216568469916,0.12172331208857363,0.00011135857461024499,0.5,0.5846498075693503,0.3876128928441098,0.41226409244140905,0.6123986530467037,0.12415399556953993,0.32859815622312416
2021-08-11 20:00:00,0.5453277545327755,-0.1872509960159363,0.5782576321667907,0.5782895911444383,0.1432254518328513,0.00011135857461024499,0.5,0.5923041748395632,0.36115078144979973,0.39171918990630594,0.5436115085331493,0.14453925688842992,0.5337749143745191
2021-08-11 20:10:00,0.5271966527196652,-0.059760956175298974,0.5666418466120624,0.5625781110515979,0.1432254518328513,0.00011135857461024499,0.5,0.5923041748395632,0.36115078144979973,0.39171918990630594,0.5436115085331493,0.14453925688842992,0.5000301763809466
2021-08-11 20:20:00,0.5404463040446305,-0.20318725099601598,0.5550260610573343,0.5397250490983752,0.1432254518328513,0.00011135857461024499,0.5,0.5923041748395632,0.36115078144979973,0.39171918990630594,0.5436115085331493,0.14453925688842992,0.5451966745628196
2021-08-11 20:30:00,0.5857740585774059,-0.3545816733067729,0.5475800446760981,0.5307980717728977,0.14321236471188703,0.00011135857461024499,0.5,0.5923041748395632,0.36115078144979973,0.39171918990630594,0.5436115085331493,0.14453925688842992,0.614376027882976
2021-08-11 20:40:00,0.5613668061366807,0.01195219123505975,0.5398361876396125,0.5325834672379934,0.13632853908468678,0.00011135857461024499,0.5,0.5923041748395632,0.36115078144979973,0.39171918990630594,0.5436115085331493,0.14453925688842992,0.5915702279825581
2021-08-11 20:50:00,0.4975592747559275,0.05179282868525892,0.5340282948622483,0.5345474022495984,0.1330371281621756,0.00011135857461024499,0.5,0.5923041748395632,0.36115078144979973,0.39171918990630594,0.5436115085331493,0.14453925688842992,0.46020866967424595
2021-08-11 21:00:00,0.4337517433751743,0.09163346613545809,0.5282204020848844,0.5365113372612034,0.12974571723966447,0.00011135857461024499,0.5,0.6000154091273397,0.37382868735399,0.3981666735780364,0.45955137879997715,0.19138604316120625,0.32884711136593386
2021-08-11 21:10:00,0.39191073919107394,0.06772908366533859,0.5237527922561427,0.5211569362613819,0.12958867178809336,0.00011135857461024499,0.5,0.6000154091273397,0.37382868735399,0.3981666735780364,0.45955137879997715,0.19138604316120625,0.2619083543310651
2021-08-11 21:20:00,0.4100418410041841,0.2589641434262948,0.5183916604616527,0.5179432244242099,0.12393503553153344,0.00011135857461024499,0.5,0.6000154091273397,0.37382868735399,0.3981666735780364,0.45955137879997715,0.19138604316120625,0.2674758966157189
2021-08-11 21:30:00,0.40446304044630405,0.17928286852589648,0.5142218912881606,0.5108016425638278,0.1376241640601484,0.00011135857461024499,0.5,0.6000154091273397,0.37382868735399,0.3981666735780364,0.45955137879997715,0.19138604316120625,0.2746503311857809
2021-08-11 21:40:00,0.4700139470013947,-0.33864541832669326,0.5112434847356664,0.4947330833779682,0.14370967530852888,0.00011135857461024499,0.5,0.6000154091273397,0.37382868735399,0.3981666735780364,0.45955137879997715,0.19138604316120625,0.357190277170059
2021-08-11 21:50:00,0.4260808926080893,-0.31474103585657376,0.5067758749069247,0.4893768969826817,0.13585740272997343,0.00011135857461024499,0.5,0.6000154091273397,0.37382868735399,0.3981666735780364,0.45955137879997715,0.19138604316120625,0.28631350242165454
2021-08-11 22:00:00,0.41143654114365413,-0.01195219123505975,0.5032017870439314,0.4797357614711659,0.13244166415830183,0.00011135857461024499,0.5,0.5407680816270168,0.3918254517868907,0.4558644367163918,0.3908198623952181,0.23536914142422957,0.27203253013866047
2021-08-11 22:10:00,0.399581589958159,0.027888446215139417,0.49754281459419203,0.4722371005177646,0.12460247870071064,0.00011135857461024499,0.5,0.5407680816270168,0.3918254517868907,0.4558644367163918,0.3908198623952181,0.23536914142422957,0.2640885978544593
2021-08-11 22:20:00,0.4177126917712692,0.33864541832669315,0.49158600148920306,0.4608105695411533,0.12345081205585584,0.00011135857461024499,0.5,0.5407680816270168,0.3918254517868907,0.4558644367163918,0.3908198623952181,0.23536914142422957,0.28585331261221847
2021-08-11 22:30:00,0.44421199442119946,-0.14741035856573714,0.4853313477289649,0.4511694340296377,0.13244166415830183,0.00011135857461024499,0.5,0.5407680816270168,0.3918254517868907,0.4558644367163918,0.3908198623952181,0.23536914142422957,0.3275947915566486
2021-08-11 22:40:00,0.4288702928870293,-0.3227091633466136,0.47937453462397617,0.439385823960007,0.13244166415830183,0.00011135857461024499,0.5,0.5407680816270168,0.3918254517868907,0.4558644367163918,0.3908198623952181,0.23536914142422957,0.29953075727627987
2021-08-11 22:50:00,0.45536959553695955,-0.5378486055776892,0.4763961280714817,0.4365291912158542,0.13244166415830183,0.00011135857461024499,0.5,0.5407680816270168,0.3918254517868907,0.4558644367163918,0.3908198623952181,0.23536914142422957,0.32603316384266035
2021-08-11 23:00:00,0.4881450488145049,-0.40239043824701204,0.4731198808637376,0.43117300482056775,0.13244166415830183,0.00011135857461024499,0.5,0.4621652225334807,0.3947075777211388,0.5068446020997629,0.3681443788306777,0.26049181595424775,0.397611539448074
2021-08-11 23:10:00,0.502092050209205,-0.07569721115537853,0.4698436336559937,0.4240314229601856,0.13244166415830183,0.00011135857461024499,0.5,0.4621652225334807,0.3947075777211388,0.5068446020997629,0.3681443788306777,0.26049181595424775,0.4653197941970819
2021-08-11 23:20:00,0.5132496513249651,0.2589641434262948,0.46805658972449726,0.417961078378861,0.13244166415830183,0.00011135857461024499,0.5,0.4621652225334807,0.3947075777211388,0.5068446020997629,0.3681443788306777,0.26049181595424775,0.4870015239072378
2021-08-11 23:30:00,0.504881450488145,0.4581673306772909,0.46388682055100494,0.4122478128905551,0.13244166415830183,0.00011135857461024499,0.5,0.4621652225334807,0.3947075777211388,0.5068446020997629,0.3681443788306777,0.26049181595424775,0.4691899150534876
2021-08-11 23:40:00,0.5013947001394701,0.07569721115537842,0.4612062546537601,0.41010533833244045,0.139220792817788,0.00011135857461024499,0.5,0.4621652225334807,0.3947075777211388,0.5068446020997629,0.3681443788306777,0.26049181595424775,0.4401376042971166
2021-08-11 23:50:00,0.5132496513249651,-0.15537848605577698,0.4609084139985107,0.414747366541689,0.13626310347986548,0.00011135857461024499,0.5,0.4621652225334807,0.3947075777211388,0.5068446020997629,0.3681443788306777,0.26049181595424775,0.4589299455316324
2021-08-12 00:00:00,0.5055788005578801,0.3067729083665336,0.458525688756515,0.4097482592394215,0.13244166415830183,0.00011135857461024499,0.5,0.4586393340321917,0.38281413879605986,0.5257697078342088,0.3552689623879013,0.24728946671220722,0.46936342924393076
2021-08-12 00:10:00,0.5083682008368201,0.298804780876494,0.4549516008935217,0.40582038921621133,0.13244166415830183,0.00011135857461024499,0.5,0.4586393340321917,0.38281413879605986,0.5257697078342088,0.3552689623879013,0.24728946671220722,0.4606499992455905
2021-08-12 00:20:00,0.4860529986052998,-0.01195219123505975,0.45941921072226344,0.4065345474022497,0.13244166415830183,0.00011135857461024499,0.5,0.4586393340321917,0.38281413879605986,0.5257697078342088,0.3552689623879013,0.24728946671220722,0.4239856963954313
2021-08-12 00:30:00,0.45327754532775455,0.13147410358565725,0.4626954579300073,0.4097482592394215,0.13244166415830183,0.00011135857461024499,0.5,0.4586393340321917,0.38281413879605986,0.5257697078342088,0.3552689623879013,0.24728946671220722,0.36849133183457305
2021-08-12 00:40:00,0.4302649930264993,0.043824701195219085,0.46358897989575576,0.414747366541689,0.13244166415830183,0.00011135857461024499,0.5,0.4586393340321917,0.38281413879605986,0.5257697078342088,0.3552689623879013,0.24728946671220722,0.3172593810824268
2021-08-12 00:50:00,0.4351464435146444,0.09960159362549792,0.46358897989575576,0.41367612926263164,0.13244166415830183,0.00011135857461024499,0.5,0.4586393340321917,0.38281413879605986,0.5257697078342088,0.3552689623879013,0.24728946671220722,0.32247235089095766
2021-08-12 01:00:00,0.48117154811715485,0.09163346613545809,0.4609084139985107,0.40689162649526867,0.13244166415830183,0.00011135857461024499,0.5,0.3811927931978374,0.3792998416698538,0.6257507237599069,0.3344134754028352,0.21946621608642186,0.4152043695399611
2021-08-12 01:10:00,0.5488145048814504,0.3067729083665336,0.45614296351451955,0.3986788073558294,0.13594901257672326,0.00011135857461024499,0.5,0.3811927931978374,0.3792998416698538,0.6257507237599069,0.3344134754028352,0.21946621608642186,0.5483501063717429
2021-08-12 01:20:00,0.5223152022315203,-0.05179282868525903,0.451079672375279,0.3968934118907337,0.1436704139456361,0.00011135857461024499,0.5,0.3811927931978374,0.3792998416698538,0.6257507237599069,0.3344134754028352,0.21946621608642186,0.5076648007604447
2021-08-12 01:30:00,0.4560669456066946,0.31474103585657365,0.44482501861504087,0.39439385823960005,0.1436704139456361,0.00011135857461024499,0.5,0.3811927931978374,0.3792998416698538,0.6257507237599069,0.3344134754028352,0.21946621608642186,0.376397543642591
2021-08-12 01:40:00,0.45188284518828453,0.22709163346613526,0.4427401340282946,0.3936797000535619,0.1473217206946644,0.00011135857461024499,0.5,0.3811927931978374,0.3792998416698538,0.6257507237599069,0.3344134754028352,0.21946621608642186,0.35684324878917273
2021-08-12 01:50:00,0.4351464435146444,-0.20318725099601598,0.4427401340282946,0.3940367791465811,0.1515095994032273,0.00011135857461024499,0.5,0.3811927931978374,0.3792998416698538,0.6257507237599069,0.3344134754028352,0.21946621608642186,0.3308010320322284
2021-08-12 02:00:00,0.394700139470014,-0.17928286852589637,0.4400595681310495,0.39439385823960005,0.1436704139456361,0.00011135857461024499,0.5,0.3668043704554331,0.37363903599640136,0.6760916191462443,0.3270871549296353,0.17943758556681202,0.27276430737661633
2021-08-12 02:10:00,0.4107391910739191,-0.1633466135458168,0.4412509307520476,0.3936797000535619,0.13598827393961604,0.00011135857461024499,0.5,0.3668043704554331,0.37363903599640136,0.6760916191462443,0.3270871549296353,0.17943758556681202,0.2943555079439323
2021-08-12 02:20:00,0.4107391910739191,0.3705179282868525,0.4427401340282946,0.3886805927512944,0.13240240279540905,0.00011135857461024499,0.5,0.3668043704554331,0.37363903599640136,0.6760916191462443,0.3270871549296353,0.17943758556681202,0.2929447621346772
2021-08-12 02:30:00,0.42747559274755925,0.11553784860557759,0.44512285927029005,0.3854668809141224,0.13988823598696523,0.00011135857461024499,0.5,0.3668043704554331,0.37363903599640136,0.6760916191462443,0.3270871549296353,0.17943758556681202,0.30766329194139747
2021-08-12 02:40:00,0.4177126917712692,-0.17131474103585675,0.4460163812360385,0.3872522763792181,0.15484681524911337,0.00011135857461024499,0.5,0.3668043704554331,0.37363903599640136,0.6760916191462443,0.3270871549296353,0.17943758556681202,0.29956093365722647
2021-08-12 02:50:00,0.37377963737796377,0.12350597609561742,0.4463142218912881,0.3836814854490269,0.15484681524911337,0.00011135857461024499,0.5,0.3668043704554331,0.37363903599640136,0.6760916191462443,0.3270871549296353,0.17943758556681202,0.24692578119106176
2021-08-12 03:00:00,0.3849372384937238,0.394422310756972,0.4460163812360385,0.38011069451883595,0.15484681524911337,0.00011135857461024499,0.5,0.3593781049641738,0.3740700618091005,0.6990317868477776,0.34050924207849587,0.15250636513439453,0.24682016385774855
2021-08-12 03:10:00,0.3270571827057183,0.05976095617529875,0.4460163812360385,0.37546866630958764,0.15484681524911337,0.00011135857461024499,0.5,0.3593781049641738,0.3740700618091005,0.6990317868477776,0.34050924207849587,0.15250636513439453,0.1864523137740091
2021-08-12 03:20:00,0.33403068340306835,0.3306772908366533,0.4460163812360385,0.36904124263524385,0.158314902304642,0.00011135857461024499,0.5,0.3593781049641738,0.3740700618091005,0.6990317868477776,0.34050924207849587,0.15250636513439453,0.18384205682212532
2021-08-12 03:30:00,0.35564853556485354,-0.003984063745020028,0.44720774385703654,0.3683270844492055,0.17818115192838727,0.00011135857461024499,0.5,0.3593781049641738,0.3740700618091005,0.6990317868477776,0.34050924207849587,0.15250636513439453,0.1982588228193793
2021-08-12 03:40:00,0.3179916317991632,-0.3784860557768924,0.4501861504095308,0.3683270844492055,0.1798693905327767,0.00011135857461024499,0.5,0.3593781049641738,0.3740700618091005,0.6990317868477776,0.34050924207849587,0.15250636513439453,0.16126257977880712
2021-08-12 03:50:00,0.27266387726638774,-0.5856573705179284,0.44780342516753513,0.3683270844492055,0.17815497768645874,0.00011135857461024499,0.5,0.3593781049641738,0.3740700618091005,0.6990317868477776,0.34050924207849587,0.15250636513439453,0.11025695188376058
2021-08-12 04:00:00,0.1701534170153417,-0.11553784860557781,0.44363365599404303,0.3683270844492055,0.15772598186125036,0.00011135857461024499,0.5,0.295929055310429,0.3632139583399177,0.7630899123549547,0.3516430457713538,0.13645046103700417,0.05248427056143156
2021-08-12 04:10:00,0.17852161785216178,0.49003984063745,0.44035740878629914,0.3693983217282628,0.16005548939288847,0.00011135857461024499,0.5,0.295929055310429,0.3632139583399177,0.7630899123549547,0.3516430457713538,0.13645046103700417,0.05837620894126167
2021-08-12 04:20:00,0.16248256624825663,-0.4661354581673308,0.43678332092330585,0.3661846098910908,0.16462289460941487,0.00011135857461024499,0.5,0.295929055310429,0.3632139583399177,0.7630899123549547,0.3516430457713538,0.13645046103700417,0.04549089427704935
2021-08-12 04:30:00,0.15690376569037656,-0.29083665338645437,0.4352941176470586,0.3661846098910908,0.15222939105626154,0.00011135857461024499,0.5,0.295929055310429,0.3632139583399177,0.7630899123549547,0.3516430457713538,0.13645046103700417,0.047588152752840354
2021-08-12 04:40:00,0.13668061366806136,0.2669322709163344,0.434102755026061,0.36582753079807184,0.15222939105626154,0.00011135857461024499,0.5,0.295929055310429,0.3632139583399177,0.7630899123549547,0.3516430457713538,0.13645046103700417,0.036294642183562924
2021-08-12 04:50:00,0.13668061366806136,0.6095617529880477,0.434102755026061,0.3679700053561865,0.15222939105626154,0.00011135857461024499,0.5,0.295929055310429,0.3632139583399177,0.7630899123549547,0.3516430457713538,0.13645046103700417,0.03506495465998763
2021-08-12 05:00:00,0.14853556485355648,0.6414342629482073,0.434102755026061,0.3683270844492055,0.15222939105626154,0.00011135857461024499,0.5,0.29391776395551616,0.36253293755585436,0.7560311846075046,0.3553199887240042,0.12555429430644674,0.043250297991761846
2021-08-12 05:10:00,0.1617852161785216,0.5378486055776892,0.434102755026061,0.36511337261203347,0.15851120911910588,0.00011135857461024499,0.5,0.29391776395551616,0.36253293755585436,0.7560311846075046,0.3553199887240042,0.12555429430644674,0.04690918418154111
2021-08-12 05:20:00,0.1708507670850767,-0.40239043824701204,0.434102755026061,0.35761471165863257,0.1686799021083352,0.00011135857461024499,0.5,0.29391776395551616,0.36253293755585436,0.7560311846075046,0.3553199887240042,0.12555429430644674,0.046486714848288244
2021-08-12 05:30:00,0.16666666666666669,-0.4342629482071714,0.4311243484735665,0.3540439207284414,0.16118098179581475,0.00011135857461024499,0.5,0.29391776395551616,0.36253293755585436,0.7560311846075046,0.3553199887240042,0.12555429430644674,0.05176003741871237
2021-08-12 05:40:00,0.23570432357043236,0.49800796812749004,0.4305286671630677,0.34833065524013573,0.15226865241915433,0.00011135857461024499,0.5,0.29391776395551616,0.36253293755585436,0.7560311846075046,0.3553199887240042,0.12555429430644674,0.09181918312536777
2021-08-12 05:50:00,0.2649930264993026,0.5219123505976095,0.4278481012658226,0.33868951972861994,0.15226865241915433,0.00011135857461024499,0.5,0.29391776395551616,0.36253293755585436,0.7560311846075046,0.3553199887240042,0.12555429430644674,0.11105662597884637
2021-08-12 06:00:00,0.2775453277545328,0.3227091633466135,0.4278481012658226,0.33226209605427615,0.15226865241915433,0.00011135857461024499,0.5,0.30028546909285914,0.3622714485628159,0.8105741927932295,0.41036853634372494,0.12917006121804894,0.12633341883307936
2021-08-12 06:10:00,0.300557880055788,0.40239043824701204,0.4278481012658226,0.32690590965898947,0.15226865241915433,0.00011135857461024499,0.5,0.30028546909285914,0.3622714485628159,0.8105741927932295,0.41036853634372494,0.12917006121804894,0.14712494530530953
2021-08-12 06:20:00,0.3075313807531381,0.5139442231075697,0.42814594192107225,0.32547759328691295,0.15226865241915433,0.00011135857461024499,0.5,0.30028546909285914,0.3622714485628159,0.8105741927932295,0.41036853634372494,0.12917006121804894,0.14486171673431206
2021-08-12 06:30:00,0.3186889818688982,0.3784860557768923,0.4278481012658226,0.32404927691483665,0.15226865241915433,0.00011135857461024499,0.5,0.30028546909285914,0.3622714485628159,0.8105741927932295,0.41036853634372494,0.12917006121804894,0.1598593780647887
2021-08-12 06:40:00,0.3228730822873082,0.3545816733067728,0.4278481012658226,0.32226388144974116,0.15226865241915433,0.00011135857461024499,0.5,0.30028546909285914,0.3622714485628159,0.8105741927932295,0.41036853634372494,0.12917006121804894,0.1699835538723841
2021-08-12 06:50:00,0.35564853556485354,-0.2828685258964144,0.4278481012658226,0.3233351187287985,0.15226865241915433,0.00011135857461024499,0.5,0.30028546909285914,0.3622714485628159,0.8105741927932295,0.41036853634372494,0.12917006121804894,0.20290598548516076
2021-08-12 07:00:00,0.3486750348675035,0.25099601593625476,0.4278481012658226,0.32440635600785583,0.1537736713300441,0.00011135857461024499,0.5,0.2971178928318541,0.37725965282307605,0.8220272835514346,0.40686847685419547,0.12754812768943055,0.19825127872414264
2021-08-12 07:10:00,0.37517433751743373,-0.09960159362549814,0.4278481012658226,0.32404927691483665,0.1634974022064886,0.00011135857461024499,0.5,0.2971178928318541,0.37725965282307605,0.8220272835514346,0.40686847685419547,0.12754812768943055,0.23114353395597265
2021-08-12 07:20:00,0.36401673640167365,0.09960159362549792,0.4278481012658226,0.32547759328691295,0.1634974022064886,0.00011135857461024499,0.5,0.2971178928318541,0.37725965282307605,0.8220272835514346,0.40686847685419547,0.12754812768943055,0.21440318662582797
2021-08-12 07:30:00,0.34449093444909346,-0.3784860557768924,0.4278481012658226,0.33047670058918044,0.16328800827106046,0.00011135857461024499,0.5,0.2971178928318541,0.37725965282307605,0.8220272835514346,0.40686847685419547,0.12754812768943055,0.1818579597748842
2021-08-12 07:40:00,0.3521617852161785,-0.01195219123505975,0.4278481012658226,0.33369041242635245,0.15906086819960477,0.00011135857461024499,0.5,0.2971178928318541,0.37725965282307605,0.8220272835514346,0.40686847685419547,0.12754812768943055,0.19900568824780845
2021-08-12 07:50:00,0.3270571827057183,-0.49800796812749004,0.42814594192107225,0.33654704517050527,0.16344505372263157,0.00011135857461024499,0.5,0.2971178928318541,0.37725965282307605,0.8220272835514346,0.40686847685419547,0.12754812768943055,0.17373296920500325
2021-08-12 08:00:00,0.3368200836820084,-0.33067729083665354,0.4311243484735665,0.3426173897518301,0.16345814084359583,0.00011135857461024499,0.5,0.3116284545879342,0.37665621668529553,0.7725800472940594,0.3547726580387325,0.14731427653215978,0.18276325120328318
2021-08-12 08:10:00,0.36541143654114366,-0.0916334661354582,0.43142218912881614,0.34333154793786824,0.1634974022064886,0.00011135857461024499,0.5,0.3116284545879342,0.37665621668529553,0.7725800472940594,0.3547726580387325,0.14731427653215978,0.21319613138796267
2021-08-12 08:20:00,0.3417015341701534,0.4501992031872508,0.434102755026061,0.3404749151937154,0.1634974022064886,0.00011135857461024499,0.5,0.3116284545879342,0.37665621668529553,0.7725800472940594,0.3547726580387325,0.14731427653215978,0.1843173348220348
2021-08-12 08:30:00,0.33333333333333337,-0.1394422310756973,0.4344005956813102,0.33690412426352423,0.1758385572757849,0.00011135857461024499,0.5,0.3116284545879342,0.37665621668529553,0.7725800472940594,0.3547726580387325,0.14731427653215978,0.1823634141557403
2021-08-12 08:40:00,0.3054393305439331,-0.12350597609561753,0.4379746835443037,0.34475986430994454,0.16909868997919147,0.00011135857461024499,0.5,0.3116284545879342,0.37665621668529553,0.7725800472940594,0.3547726580387325,0.14731427653215978,0.14519365692472502
2021-08-12 08:50:00,0.28661087866108786,0.25099601593625476,0.44512285927029005,0.34833065524013573,0.1683788983261572,0.00011135857461024499,0.5,0.3116284545879342,0.37665621668529553,0.7725800472940594,0.3547726580387325,0.14731427653215978,0.13623881587881165
2021-08-12 09:00:00,0.33333333333333337,0.17928286852589648,0.45316455696202507,0.3551151580074987,0.17623117090471266,0.00011135857461024499,0.5,0.33038956742043535,0.38876804202214477,0.700503718380325,0.3631793915646697,0.20030182773148403,0.1880063973927607
2021-08-12 09:10:00,0.36750348675034866,0.3227091633466135,0.45941921072226344,0.35797179075165153,0.17623117090471266,0.00011135857461024499,0.5,0.33038956742043535,0.38876804202214477,0.700503718380325,0.3631793915646697,0.20030182773148403,0.21634956319688578
2021-08-12 09:20:00,0.33821478382147835,0.15537848605577675,0.46448250186150397,0.3618996607748617,0.18133514808077372,0.00011135857461024499,0.5,0.33038956742043535,0.38876804202214477,0.700503718380325,0.3631793915646697,0.20030182773148403,0.19122018196357712
2021-08-12 09:30:00,0.32496513249651326,0.2589641434262948,0.47431124348473563,0.369755400821282,0.18749918205493973,0.00011135857461024499,0.5,0.33038956742043535,0.38876804202214477,0.700503718380325,0.3631793915646697,0.20030182773148403,0.1702023326342472
2021-08-12 09:40:00,0.35006973500697347,0.043824701195219085,0.4802680565897244,0.38153901089091224,0.19255081074714372,0.00011135857461024499,0.5,0.33038956742043535,0.38876804202214477,0.700503718380325,0.3631793915646697,0.20030182773148403,0.18897204158305295
2021-08-12 09:50:00,0.31450488145048816,-0.07569721115537853,0.4886075949367086,0.3929655418675235,0.19824370836659647,0.00011135857461024499,0.5,0.33038956742043535,0.38876804202214477,0.700503718380325,0.3631793915646697,0.20030182773148403,0.15838827949364032
2021-08-12 10:00:00,0.32566248256624825,0.003984063745019917,0.496947133283693,0.40724870558828763,0.20133226891416156,0.00011135857461024499,0.5,0.5838925923788856,0.38385434775737254,0.4367685123574657,0.3965796092562191,0.270108152807227,0.17588303634745084
2021-08-12 10:10:00,0.33403068340306835,0.10756972111553775,0.5061801935964259,0.4158186038207463,0.20016751514834252,0.00011135857461024499,0.5,0.5838925923788856,0.38385434775737254,0.4367685123574657,0.3965796092562191,0.270108152807227,0.17388385110973642
2021-08-12 10:20:00,0.36750348675034866,0.07569721115537842,0.5145197319434103,0.43545795393679687,0.21227310204028219,0.00011135857461024499,0.5,0.5838925923788856,0.38385434775737254,0.4367685123574657,0.3965796092562191,0.270108152807227,0.2070401496748495
2021-08-12 10:30:00,0.3507670850767085,-0.1633466135458168,0.5243484735666417,0.4351008748437779,0.213477117168994,0.00011135857461024499,0.5,0.5838925923788856,0.38385434775737254,0.4367685123574657,0.3965796092562191,0.270108152807227,0.20092188843791964
2021-08-12 10:40:00,0.3138075313807531,0.14741035856573692,0.5332836932241249,0.44259953579717903,0.20514062111476097,0.00011135857461024499,0.5,0.5838925923788856,0.38385434775737254,0.4367685123574657,0.3965796092562191,0.270108152807227,0.16277894292137546
2021-08-12 10:50:00,0.26569037656903766,0.21912350597609564,0.5425167535368576,0.4483128012854847,0.20520605671958228,0.00011135857461024499,0.5,0.5838925923788856,0.38385434775737254,0.4367685123574657,0.3965796092562191,0.270108152807227,0.11909108740588742
2021-08-12 11:00:00,0.23849372384937237,-0.0916334661354582,0.5532390171258375,0.4704517050526693,0.22207535564251218,0.00011135857461024499,0.5,0.5980367037408489,0.37521084346004463,0.4072887939304732,0.3558784305657378,0.29241466931517074,0.0949801590295276
2021-08-12 11:10:00,0.18758716875871687,-0.09960159362549814,0.5627699180938197,0.49080521335475824,0.2006255643820916,0.00011135857461024499,0.5,0.5980367037408489,0.37521084346004463,0.4072887939304732,0.3558784305657378,0.29241466931517074,0.05829322389365843
2021-08-12 11:20:00,0.14365411436541145,0.08366533864541825,0.5749813849590466,0.4954472415640063,0.2006255643820916,0.00011135857461024499,0.5,0.5980367037408489,0.37521084346004463,0.4072887939304732,0.3558784305657378,0.29241466931517074,0.026555215233037104
2021-08-12 11:30:00,0.09623430962343095,-0.45019920318725104,0.5862993298585255,0.5261560435636492,0.2316420410673856,0.4600222717149221,0.5,0.5980367037408489,0.37521084346004463,0.4072887939304732,0.3558784305657378,0.29241466931517074,0.00448873666581167
2021-08-12 11:40:00,0.1317991631799163,-0.06772908366533881,0.6032762472077438,0.549009105516872,0.24068524165368863,0.9995545657015591,0.5,0.5980367037408489,0.37521084346004463,0.4072887939304732,0.3558784305657378,0.29241466931517074,0.0
2021-08-12 11:50:00,0.1792189679218968,-0.2828685258964144,0.6205510052122112,0.5579360828423494,0.23149808273677874,0.9877505567928732,0.5,0.5980367037408489,0.37521084346004463,0.4072887939304732,0.3558784305657378,0.29241466931517074,0.0
2021-08-12 12:00:00,0.0801952580195258,-0.21354581673306783,0.6336559940431867,0.5682913765399038,0.18660925782937013,0.9978841870824053,0.5,0.6065704252152024,0.36549264813638954,0.37949050396820416,0.2745483092629934,0.29715084266190245,0.0
2021-08-12 12:10:00,0.061366806136680614,-0.14422310756972134,0.6461653015636633,0.5682913765399038,0.18660925782937013,0.9995545657015591,0.5,0.6065704252152024,0.36549264813638954,0.37949050396820416,0.2745483092629934,0.29715084266190245,0.0
2021-08-12 12:20:00,0.07322175732217574,-0.07490039840637464,0.6625465376023827,0.5682913765399038,0.18660925782937013,0.9995545657015591,0.5,0.6065704252152024,0.36549264813638954,0.37949050396820416,0.2745483092629934,0.29715084266190245,0.0
2021-08-12 12:30:00,0.13737796373779637,-0.005577689243028039,0.6762472077438568,0.5725763256561329,0.18660925782937013,0.9995545657015591,0.5,0.6065704252152024,0.36549264813638954,0.37949050396820416,0.2745483092629934,0.29715084266190245,0.0
2021-08-12 12:40:00,0.14365411436541145,0.06374501992031867,0.6878629932985851,0.5754329584002855,0.18660925782937013,0.9995545657015591,0.5,0.6065704252152024,0.36549264813638954,0.37949050396820416,0.2745483092629934,0.29715084266190245,0.0
2021-08-12 12:50:00,0.1631799163179916,0.13306772908366526,0.6994787788533132,0.5765041956793431,0.21581971182159637,0.9995545657015591,0.5,0.6065704252152024,0.36549264813638954,0.37949050396820416,0.2745483092629934,0.29715084266190245,0.0
2021-08-12 13:00:00,0.12691771269177127,0.20239043824701164,0.7057334326135516,0.5857882520978397,0.26897959717841674,0.9995545657015591,0.5,0.7340548051295717,0.3422977124023378,0.22307453994689277,0.15926558577019573,0.29080489407132804,0.0
2021-08-12 13:10:00,0.14853556485355648,0.27171314741035846,0.7164556962025315,0.5879307266559544,0.268992684299381,0.9995545657015591,0.5,0.7340548051295717,0.3422977124023378,0.22307453994689277,0.15926558577019573,0.29080489407132804,0.0
2021-08-12 13:20:00,0.15620641562064158,0.34103585657370505,0.7191362620997765,0.5975718621674699,0.36294512570179693,0.9995545657015591,0.5,0.7340548051295717,0.3422977124023378,0.22307453994689277,0.15926558577019573,0.29080489407132804,0.0
2021-08-12 13:30:00,0.10181311018131102,0.41035856573705165,0.7230081906180192,0.6143545795393681,0.3907290835089189,0.9995545657015591,0.5,0.7340548051295717,0.3422977124023378,0.22307453994689277,0.15926558577019573,0.29080489407132804,0.0
2021-08-12 13:40:00,0.16108786610878661,0.18565737051792808,0.7304542069992552,0.6261381896089984,0.3907290835089189,0.9995545657015591,0.5,0.7340548051295717,0.3422977124023378,0.22307453994689277,0.15926558577019573,0.29080489407132804,0.0
2021-08-12 13:50:00,0.0808926080892608,-0.039043824701195384,0.736411020104244,0.635422246027495,0.3907290835089189,0.9995545657015591,0.5,0.7340548051295717,0.3422977124023378,0.22307453994689277,0.15926558577019573,0.29080489407132804,0.0
2021-08-12 14:00:00,0.10390516039051603,-0.26374501992031874,0.7408786299329855,0.6411355115158008,0.3907290835089189,0.9995545657015591,0.5,0.7367174823220286,0.33261974615453027,0.2116560694444286,0.10245827498248643,0.25129468720154013,0.0
2021-08-12 14:10:00,0.08926080892608089,-0.4884462151394423,0.746537602382725,0.6468487770041065,0.3907290835089189,0.9995545657015591,0.5,0.7367174823220286,0.33261974615453027,0.2116560694444286,0.10245827498248643,0.25129468720154013,0.0
2021-08-12 14:20:00,0.1087866108786611,-0.7131474103585658,0.7510052122114668,0.6497054097482591,0.3907290835089189,0.9995545657015591,0.5,0.7367174823220286,0.33261974615453027,0.2116560694444286,0.10245827498248643,0.25129468720154013,0.0
2021-08-12 14:30:00,0.11854951185495119,-0.6402959590210586,0.7563663440059567,0.6507766470273164,0.3907290835089189,0.9995545657015591,0.5,0.7367174823220286,0.33261974615453027,0.2116560694444286,0.10245827498248643,0.25129468720154013,0.0
2021-08-12 14:40:00,0.042538354253835425,-0.5674445076835515,0.7596425912137004,0.6543474379575076,0.3907290835089189,0.9995545657015591,0.5,0.7367174823220286,0.33261974615453027,0.2116560694444286,0.10245827498248643,0.25129468720154013,0.0
2021-08-12 14:50:00,0.060669456066945605,-0.49459305634604445,0.7670886075949366,0.6636314943760042,0.3907290835089189,0.9995545657015591,0.5,0.7367174823220286,0.33261974615453027,0.2116560694444286,0.10245827498248643,0.25129468720154013,0.0
2021-08-12 15:00:00,0.0808926080892608,-0.4217416050085373,0.7736411020104241,0.6657739689341189,0.3907290835089189,0.9995545657015591,0.5,0.7418556258156914,0.3120454473616924,0.20425798710224277,0.09094823794857158,0.23085819630855847,0.0
2021-08-12 15:10:00,0.16527196652719667,-0.34889015367103027,0.7715562174236781,0.6686306016782717,0.3907290835089189,0.9995545657015591,0.5,0.7418556258156914,0.3120454473616924,0.20425798710224277,0.09094823794857158,0.23085819630855847,0.0
2021-08-12 15:20:00,0.15550906555090654,-0.2760387023335231,0.7807892777364109,0.6618460989109087,0.39753438641033356,0.9995545657015591,0.5,0.7418556258156914,0.3120454473616924,0.20425798710224277,0.09094823794857158,0.23085819630855847,0.0
2021-08-12 15:30:00,0.12691771269177127,-0.20318725099601598,0.777513030528667,0.6614890198178898,0.4117339126565547,0.9995545657015591,0.5,0.7418556258156914,0.3120454473616924,0.20425798710224277,0.09094823794857158,0.23085819630855847,0.0
2021-08-12 15:40:00,0.06415620641562064,-0.234490608992601,0.7804914370811615,0.6614890198178898,0.4117339126565547,0.9995545657015591,0.5,0.7418556258156914,0.3120454473616924,0.20425798710224277,0.09094823794857158,0.23085819630855847,0.0
2021-08-12 15:50:00,0.10181311018131102,-0.2657939669891862,0.7834698436336558,0.6657739689341189,0.4117339126565547,0.9995545657015591,0.5,0.7418556258156914,0.3120454473616924,0.20425798710224277,0.09094823794857158,0.23085819630855847,0.0
2021-08-12 16:00:00,0.14574616457461645,-0.29709732498577124,0.7906180193596424,0.6686306016782717,0.4117339126565547,0.9995545657015591,0.5,0.7981226880055283,0.2936751272244515,0.15798199163356502,0.09084500093015206,0.20540641364029608,0.0
2021-08-12 16:10:00,0.14086471408647142,-0.3284006829823565,0.7921072226358896,0.6647027316550616,0.4117339126565547,0.9995545657015591,0.5,0.7981226880055283,0.2936751272244515,0.15798199163356502,0.09084500093015206,0.20540641364029608,0.0
2021-08-12 16:20:00,0.08926080892608089,-0.3597040409789415,0.7921072226358896,0.6614890198178898,0.4117339126565547,0.9995545657015591,0.5,0.7981226880055283,0.2936751272244515,0.15798199163356502,0.09084500093015206,0.20540641364029608,0.0
2021-08-12 16:30:00,0.056485355648535567,-0.3910073989755265,0.7959791511541323,0.660060703445813,0.4117339126565547,0.9995545657015591,0.5,0.7981226880055283,0.2936751272244515,0.15798199163356502,0.09084500093015206,0.20540641364029608,0.0
2021-08-12 16:40:00,0.14644351464435149,-0.4223107569721116,0.7989575577066268,0.6554186752365649,0.4117339126565547,0.9995545657015591,0.5,0.7981226880055283,0.2936751272244515,0.15798199163356502,0.09084500093015206,0.20540641364029608,0.0
2021-08-12 16:50:00,0.08298465829846582,-0.45361411496869675,0.8007446016381234,0.6507766470273164,0.4117339126565547,0.9995545657015591,0.5,0.7981226880055283,0.2936751272244515,0.15798199163356502,0.09084500093015206,0.20540641364029608,0.0
2021-08-12 17:00:00,0.08437935843793584,-0.48491747296528187,0.8001489203276244,0.6472058560971254,0.4117339126565547,0.9995545657015591,0.5,0.8019416834571678,0.27557204309108635,0.15556428036725878,0.11270445187190888,0.18680479923476168,0.0
2021-08-12 17:10:00,0.09274755927475593,-0.5162208309618669,0.8004467609828738,0.6468487770041065,0.4117339126565547,0.9995545657015591,0.5,0.8019416834571678,0.27557204309108635,0.15556428036725878,0.11270445187190888,0.18680479923476168,0.0
2021-08-12 17:20:00,0.09832635983263598,-0.5475241889584519,0.8055100521221144,0.6414925906088198,0.4117339126565547,0.9995545657015591,0.5,0.8019416834571678,0.27557204309108635,0.15556428036725878,0.11270445187190888,0.18680479923476168,0.0
2021-08-12 17:30:00,0.14225941422594143,-0.578827546955037,0.8075949367088606,0.6379217996786288,0.4117339126565547,0.9995545657015591,0.5,0.8019416834571678,0.27557204309108635,0.15556428036725878,0.11270445187190888,0.18680479923476168,0.0
2021-08-12 17:40:00,0.18688981868898188,-0.6101309049516221,0.8075949367088606,0.6382788787716478,0.5043122063577233,0.9904231625835189,0.5,0.8019416834571678,0.27557204309108635,0.15556428036725878,0.11270445187190888,0.18680479923476168,0.0
2021-08-12 17:50:00,0.12412831241283125,-0.6414342629482073,0.8061057334326134,0.6554186752365649,0.5988143068406382,0.9995545657015591,0.5,0.8019416834571678,0.27557204309108635,0.15556428036725878,0.11270445187190888,0.18680479923476168,0.0
2021-08-12 18:00:00,0.0899581589958159,-0.5308764940239044,0.8067014147431122,0.6664881271201573,0.5988143068406382,0.9995545657015591,0.5,0.7351051939765654,0.2365642070418114,0.21157757150192436,0.1272152877010558,0.33376997085560905,0.0
2021-08-12 18:10:00,0.08647140864714087,-0.42031872509960155,0.8055100521221144,0.6768434208177112,0.5988143068406382,0.9995545657015591,0.5,0.7351051939765654,0.2365642070418114,0.21157757150192436,0.1272152877010558,0.33376997085560905,0.0
2021-08-12 18:20:00,0.13458856345885634,-0.30976095617529886,0.8046165301563661,0.6814854490269593,0.5988143068406382,0.9995545657015591,0.5,0.7351051939765654,0.2365642070418114,0.21157757150192436,0.1272152877010558,0.33376997085560905,0.0
2021-08-12 18:30:00,0.10808926080892609,-0.19920318725099595,0.8046165301563661,0.6864845563292268,0.5988143068406382,0.9995545657015591,0.5,0.7351051939765654,0.2365642070418114,0.21157757150192436,0.1272152877010558,0.33376997085560905,0.0
2021-08-12 18:40:00,0.0697350069735007,-0.08864541832669326,0.8061057334326134,0.6886270308873417,0.5988143068406382,0.9995545657015591,0.5,0.7351051939765654,0.2365642070418114,0.21157757150192436,0.1272152877010558,0.33376997085560905,0.0
2021-08-12 18:50:00,0.0697350069735007,0.021912350597609542,0.8111690245718537,0.6904124263524369,0.5988143068406382,0.9995545657015591,0.5,0.7351051939765654,0.2365642070418114,0.21157757150192436,0.1272152877010558,0.33376997085560905,0.0
2021-08-12 19:00:00,0.1792189679218968,0.13247011952191223,0.8049143708116158,0.6907695054454563,0.5988143068406382,0.9995545657015591,0.5,0.740968066751539,0.256006344699963,0.2072090785723824,0.171373084785217,0.3527950542490565,0.0
2021-08-12 19:10:00,0.08647140864714087,0.24302788844621515,0.8001489203276244,0.689698268166399,0.5988143068406382,0.9995545657015591,0.5,0.740968066751539,0.256006344699963,0.2072090785723824,0.171373084785217,0.3527950542490565,0.0
2021-08-12 19:20:00,0.08368200836820083,0.23373173970783512,0.8001489203276244,0.689698268166399,0.5988143068406382,0.9995545657015591,0.5,0.740968066751539,0.256006344699963,0.2072090785723824,0.171373084785217,0.3527950542490565,0.0
2021-08-12 19:30:00,0.12343096234309624,0.22443559096945553,0.7953834698436335,0.6893411890733796,0.5988143068406382,0.9995545657015591,0.5,0.740968066751539,0.256006344699963,0.2072090785723824,0.171373084785217,0.3527950542490565,0.0
2021-08-12 19:40:00,0.1087866108786611,0.21513944223107573,0.7909158600148918,0.6854133190501694,0.5988143068406382,0.9995545657015591,0.5,0.740968066751539,0.256006344699963,0.2072090785723824,0.171373084785217,0.3527950542490565,0.0
2021-08-12 19:50:00,0.1499302649930265,0.2058432934926957,0.7885331347728963,0.6789858953758257,0.598853568203531,0.9995545657015591,0.5,0.740968066751539,0.256006344699963,0.2072090785723824,0.171373084785217,0.3527950542490565,0.0
2021-08-12 20:00:00,0.23500697350069735,0.1965471447543159,0.7813849590469095,0.6747009462595965,0.6912879035740928,0.49120267260579065,0.5,0.7504544525207097,0.23825957523843064,0.1982398960529992,0.19998019006470125,0.3717077990369578,0.002949741237533383
2021-08-12 20:10:00,0.23361227336122734,0.1872509960159361,0.7840655249441546,0.6821996072129977,0.7286123725641596,0.00011135857461024499,0.5,0.7504544525207097,0.23825957523843064,0.1982398960529992,0.19998019006470125,0.3717077990369578,0.07562201065226247
2021-08-12 20:20:00,0.36541143654114366,-0.02788844621513953,0.7858525688756515,0.6846991608641315,0.7227624294931357,0.00011135857461024499,0.5,0.7504544525207097,0.23825957523843064,0.1982398960529992,0.19998019006470125,0.3717077990369578,0.21048025710276566
2021-08-12 20:30:00,0.3542538354253836,-0.2749003984063746,0.7742367833209232,0.6718443135154437,0.7248040203635603,0.00011135857461024499,0.5,0.7504544525207097,0.23825957523843064,0.1982398960529992,0.19998019006470125,0.3717077990369578,0.2145540685305611
2021-08-12 20:40:00,0.38354253835425384,0.17131474103585642,0.7298585256887564,0.634708087841457,0.7141641910196176,0.00011135857461024499,0.5,0.7504544525207097,0.23825957523843064,0.1982398960529992,0.19998019006470125,0.3717077990369578,0.2421126484300738
2021-08-12 20:50:00,0.296373779637378,0.003984063745019917,0.7096053611317943,0.610426709516158,0.7254191150488803,0.00011135857461024499,0.5,0.7504544525207097,0.23825957523843064,0.1982398960529992,0.19998019006470125,0.3717077990369578,0.13367382349834783
2021-08-12 21:00:00,0.2880055788005579,-0.15537848605577698,0.6991809381980638,0.6025709694697374,0.7255107248956302,0.00011135857461024499,0.5,0.7682710058591369,0.24199225877640276,0.18019310493856047,0.2660525147099565,0.37294091503661364,0.12225206331004723
2021-08-12 21:10:00,0.2649930264993026,-0.36254980079681276,0.6896500372300818,0.5993572576325656,0.7255107248956302,0.00011135857461024499,0.5,0.7682710058591369,0.24199225877640276,0.18019310493856047,0.2660525147099565,0.37294091503661364,0.11129803702641942
2021-08-12 21:20:00,0.25871687587168757,-0.3705179282868527,0.6825018615040952,0.597214783074451,0.7245030165813823,0.00011135857461024499,0.5,0.7682710058591369,0.24199225877640276,0.18019310493856047,0.2660525147099565,0.37294091503661364,0.1056097892179791
2021-08-12 21:30:00,0.2789400278940028,0.38645418326693215,0.6783320923306031,0.5925727548652027,0.711664550915444,0.00011135857461024499,0.5,0.7682710058591369,0.24199225877640276,0.18019310493856047,0.2660525147099565,0.37294091503661364,0.12310454607178963
2021-08-12 21:40:00,0.26569037656903766,0.6095617529880477,0.6750558451228592,0.5882878057489733,0.711664550915444,0.00011135857461024499,0.5,0.7682710058591369,0.24199225877640276,0.18019310493856047,0.2660525147099565,0.37294091503661364,0.11316897264511067
2021-08-12 21:50:00,0.26778242677824265,0.585657370517928,0.6699925539836187,0.587216568469916,0.711664550915444,0.00011135857461024499,0.5,0.7682710058591369,0.24199225877640276,0.18019310493856047,0.2660525147099565,0.37294091503661364,0.11534167207326824
2021-08-12 22:00:00,0.29567642956764295,0.4581673306772909,0.6705882352941175,0.5861453311908589,0.711664550915444,0.00011135857461024499,0.5,0.6956368488934945,0.2576270017557117,0.2578576250225571,0.3452485074214913,0.3698408897553006,0.13490351102192313
2021-08-12 22:10:00,0.2649930264993026,0.41035856573705165,0.6673119880863736,0.576861274772362,0.711664550915444,0.00011135857461024499,0.5,0.6956368488934945,0.2576270017557117,0.2578576250225571,0.3452485074214913,0.3698408897553006,0.10805407607465636
2021-08-12 22:20:00,0.17154811715481172,0.25099601593625476,0.6646314221891287,0.5722192465631137,0.711664550915444,0.00011135857461024499,0.5,0.6956368488934945,0.2576270017557117,0.2578576250225571,0.3452485074214913,0.3698408897553006,0.05540383541801832
2021-08-12 22:30:00,0.21269177126917713,-0.1872509960159363,0.658078927773641,0.5750758793072666,0.711664550915444,0.00011135857461024499,0.5,0.6956368488934945,0.2576270017557117,0.2578576250225571,0.3452485074214913,0.3698408897553006,0.07565218703320911
2021-08-12 22:40:00,0.28870292887029286,0.10756972111553775,0.6524199553239014,0.5775754329584004,0.6986036041931136,0.00011135857461024499,0.5,0.6956368488934945,0.2576270017557117,0.2578576250225571,0.3452485074214913,0.3698408897553006,0.13161428549874016
2021-08-12 22:50:00,0.3096234309623431,-0.19521912350597614,0.6467609828741621,0.5779325120514194,0.7036421457643532,0.00011135857461024499,0.5,0.6956368488934945,0.2576270017557117,0.2578576250225571,0.3452485074214913,0.3698408897553006,0.14424310092490608
2021-08-12 23:00:00,0.29567642956764295,-0.10756972111553798,0.6393149664929261,0.5747188002142476,0.6977267670885081,0.00011135857461024499,0.5,0.5493506320243691,0.24932544460312583,0.3018289006090502,0.4004429918089963,0.36987909213920017,0.1491920274001539
2021-08-12 23:10:00,0.2719665271966527,0.21912350597609564,0.6330603127326879,0.5593643992144262,0.6977267670885081,0.00011135857461024499,0.5,0.5493506320243691,0.24932544460312583,0.3018289006090502,0.4004429918089963,0.36987909213920017,0.13115409568930397
2021-08-12 23:20:00,0.3521617852161785,0.36254980079681287,0.6303797468354431,0.5482949473308338,0.7032102707725328,0.00011135857461024499,0.5,0.5493506320243691,0.24932544460312583,0.3018289006090502,0.4004429918089963,0.36987909213920017,0.19146159301115018
2021-08-12 23:30:00,0.3410041841004184,-0.2589641434262948,0.6294862248696946,0.5547223710051776,0.711507505463873,0.00011135857461024499,0.5,0.5493506320243691,0.24932544460312583,0.3018289006090502,0.4004429918089963,0.36987909213920017,0.18011527377521613
2021-08-12 23:40:00,0.2831241283124128,-0.1633466135458168,0.6244229337304541,0.552579896447063,0.700645195063538,0.00011135857461024499,0.5,0.5493506320243691,0.24932544460312583,0.3018289006090502,0.4004429918089963,0.36987909213920017,0.1398826138781176
2021-08-12 23:50:00,0.24686192468619247,-0.33067729083665354,0.6154877140729709,0.5565077664702731,0.6803208962060436,0.00011135857461024499,0.5,0.5493506320243691,0.24932544460312583,0.3018289006090502,0.4004429918089963,0.36987909213920017,0.10382938274212773
2021-08-13 00:00:00,0.23570432357043236,0.09960159362549792,0.6062546537602382,0.5572219246563115,0.6688042297574955,0.00011135857461024499,0.5,0.5425676475699104,0.24268764708755694,0.29825172781073045,0.3937186627631091,0.3582405353440364,0.10124930217119062
2021-08-13 00:10:00,0.23570432357043236,-0.3545816733067729,0.6023827252419953,0.5400821281913943,0.6672992108466058,0.00011135857461024499,0.5,0.5425676475699104,0.24268764708755694,0.29825172781073045,0.3937186627631091,0.3582405353440364,0.09292062102991988
2021-08-13 00:20:00,0.12761506276150628,-0.6254980079681276,0.5940431868950109,0.5465095518657381,0.6422242870790855,0.000556792873051225,0.5,0.5425676475699104,0.24268764708755694,0.29825172781073045,0.3937186627631091,0.3582405353440364,0.011474568854957226
2021-08-13 00:30:00,0.099721059972106,-0.4342629482071714,0.5815338793745346,0.552222817354044,0.5903076782138698,0.2358574610244989,0.5,0.5425676475699104,0.24268764708755694,0.29825172781073045,0.3937186627631091,0.3582405353440364,0.0
2021-08-13 00:40:00,0.11785216178521618,0.7051792828685257,0.5854058078927771,0.5447241564006426,0.5827433222965279,0.9992204899777284,0.5,0.5425676475699104,0.24268764708755694,0.29825172781073045,0.3937186627631091,0.3582405353440364,0.0
2021-08-13 00:50:00,0.12622036262203626,0.6786188579017263,0.596723752792256,0.545438314586681,0.5827433222965279,0.9992204899777284,0.5,0.5425676475699104,0.24268764708755694,0.29825172781073045,0.3937186627631091,0.3582405353440364,0.0
2021-08-13 01:00:00,0.15760111576011157,0.652058432934927,0.5994043186895008,0.5382967327262989,0.5827433222965279,0.9992204899777284,0.5,0.4912677275839721,0.2344780421083489,0.3094217694450754,0.3499504884607858,0.3288214800396847,0.0
2021-08-13 01:10:00,0.16596931659693165,0.6254980079681274,0.6050632911392404,0.532226388144974,0.6057635680726597,0.4220489977728285,0.5,0.4912677275839721,0.2344780421083489,0.3094217694450754,0.3499504884607858,0.3288214800396847,0.0
2021-08-13 01:20:00,0.16736401673640167,0.15537848605577675,0.6163812360387191,0.5368684163542226,0.6145973747235346,0.6469933184855234,0.5,0.4912677275839721,0.2344780421083489,0.3094217694450754,0.3499504884607858,0.3288214800396847,0.0
2021-08-13 01:30:00,0.15132496513249652,0.20318725099601576,0.6238272524199551,0.5382967327262989,0.6145973747235346,0.17138084632516706,0.5,0.4912677275839721,0.2344780421083489,0.3094217694450754,0.3499504884607858,0.3288214800396847,0.0
2021-08-13 01:40:00,0.15760111576011157,0.5378486055776892,0.629188384214445,0.5443670773076237,0.6145973747235346,0.8982182628062361,0.5,0.4912677275839721,0.2344780421083489,0.3094217694450754,0.3499504884607858,0.3288214800396847,0.0
2021-08-13 01:50:00,0.19316596931659694,0.5378486055776892,0.6274013402829486,0.5390108909123372,0.6236536624308018,0.745879732739421,0.5,0.4912677275839721,0.2344780421083489,0.3094217694450754,0.3499504884607858,0.3288214800396847,0.00901519380780663
2021-08-13 02:00:00,0.22873082287308227,-0.31474103585657376,0.6241250930752047,0.5368684163542226,0.6381541924592009,0.00011135857461024499,0.5,0.4685654802861561,0.23884289683828316,0.380836635890147,0.30487848458946437,0.27615312556597377,0.08985017426859997
2021-08-13 02:10:00,0.21687587168758715,0.15537848605577675,0.6035740878629932,0.5115158007498661,0.6381541924592009,0.00011135857461024499,0.5,0.4685654802861561,0.23884289683828316,0.380836635890147,0.30487848458946437,0.27615312556597377,0.07707802103293752
2021-08-13 02:20:00,0.21687587168758715,-0.09960159362549814,0.596723752792256,0.49687555793608285,0.629019382026148,0.00011135857461024499,0.5,0.4685654802861561,0.23884289683828316,0.380836635890147,0.30487848458946437,0.27615312556597377,0.0791073826515986
2021-08-13 02:30:00,0.25732217573221755,0.14741035856573692,0.5949367088607593,0.4925906088198535,0.63083849184018,0.00011135857461024499,0.5,0.4685654802861561,0.23884289683828316,0.380836635890147,0.30487848458946437,0.27615312556597377,0.10387464731354769
2021-08-13 02:40:00,0.3235704323570432,-0.5776892430278885,0.5919583023082648,0.4911622924477772,0.6380364083705226,0.00011135857461024499,0.5,0.4685654802861561,0.23884289683828316,0.380836635890147,0.30487848458946437,0.27615312556597377,0.1571133273986451
2021-08-13 02:50:00,0.3277545327754533,-0.23505976095617542,0.5889798957557706,0.4893768969826817,0.6280901964376857,0.00011135857461024499,0.5,0.4685654802861561,0.23884289683828316,0.380836635890147,0.30487848458946437,0.27615312556597377,0.1717186957768155
2021-08-13 03:00:00,0.30822873082287305,-0.47410358565737054,0.5862993298585255,0.487591501517586,0.6227244768423394,0.00011135857461024499,0.5,0.4510909295272565,0.2286908021965082,0.4039771699069578,0.311159813906605,0.2049690799562988,0.14238725349668815
2021-08-13 03:10:00,0.3103207810320781,0.15537848605577675,0.5851079672375277,0.4893768969826817,0.6103440604101503,0.00011135857461024499,0.5,0.4510909295272565,0.2286908021965082,0.4039771699069578,0.311159813906605,0.2049690799562988,0.15819967711272387
2021-08-13 03:20:00,0.29497907949790797,0.2350597609561753,0.5806403574087862,0.48223531512229956,0.6103440604101503,0.00011135857461024499,0.5,0.4510909295272565,0.2286908021965082,0.4039771699069578,0.311159813906605,0.2049690799562988,0.138328530259366
2021-08-13 03:30:00,0.29567642956764295,0.24302788844621515,0.5794489947877883,0.4790216032851278,0.6103440604101503,0.00011135857461024499,0.5,0.4510909295272565,0.2286908021965082,0.4039771699069578,0.311159813906605,0.2049690799562988,0.13262519426045236
2021-08-13 03:40:00,0.2914923291492329,0.2828685258964143,0.5767684288905432,0.47759328691305103,0.6103440604101503,0.00011135857461024499,0.5,0.4510909295272565,0.2286908021965082,0.4039771699069578,0.311159813906605,0.2049690799562988,0.1370460340691341
2021-08-13 03:50:00,0.25732217573221755,0.4422310756972112,0.5717051377513027,0.4754508123549366,0.6103440604101503,0.00011135857461024499,0.5,0.4510909295272565,0.2286908021965082,0.4039771699069578,0.311159813906605,0.2049690799562988,0.1163450367397438
2021-08-13 04:00:00,0.24337517433751746,0.3705179282868525,0.5696202531645567,0.4754508123549366,0.6103440604101503,0.00011135857461024499,0.5,0.36943449503255765,0.24041757780734296,0.4627613496421369,0.34880680781413487,0.1539519150315672,0.11192419693106206
2021-08-13 04:10:00,0.24546722454672246,0.3705179282868525,0.5651526433358152,0.4754508123549366,0.6103440604101503,0.00011135857461024499,0.5,0.36943449503255765,0.24041757780734296,0.4627613496421369,0.34880680781413487,0.1539519150315672,0.1132368695022406
2021-08-13 04:20:00,0.27405857740585776,0.2669322709163344,0.5651526433358152,0.47652204963399414,0.6172540602792791,0.00011135857461024499,0.5,0.36943449503255765,0.24041757780734296,0.4627613496421369,0.34880680781413487,0.1539519150315672,0.11928723388204053
2021-08-13 04:30:00,0.3110181311018131,-0.2270916334661356,0.5621742367833207,0.4768791287270131,0.6241247987855152,0.00011135857461024499,0.5,0.36943449503255765,0.24041757780734296,0.4627613496421369,0.34880680781413487,0.1539519150315672,0.13848695625933582
2021-08-13 04:40:00,0.3228730822873082,-0.12350597609561753,0.5618763961280713,0.47473665416889843,0.6241247987855152,0.00011135857461024499,0.5,0.36943449503255765,0.24041757780734296,0.4627613496421369,0.34880680781413487,0.1539519150315672,0.15959533473150567
2021-08-13 04:50:00,0.3472803347280335,-0.3067729083665339,0.5574087862993298,0.4722371005177646,0.6241247987855152,0.00011135857461024499,0.5,0.36943449503255765,0.24041757780734296,0.4627613496421369,0.34880680781413487,0.1539519150315672,0.180537743108469
2021-08-13 05:00:00,0.35495118549511856,-0.20318725099601598,0.5550260610573343,0.4683092304945544,0.6241247987855152,0.00011135857461024499,0.5,0.3740922206253503,0.23335162798449557,0.4461138255674267,0.3720393590171686,0.14695477837835025,0.19748932510524012
2021-08-13 05:10:00,0.3354253835425383,-0.15537848605577698,0.552941176470588,0.4686663095875736,0.6177775451178494,0.00011135857461024499,0.5,0.3740922206253503,0.23335162798449557,0.4461138255674267,0.3720393590171686,0.14695477837835025,0.1751889795856783
2021-08-13 05:20:00,0.3486750348675035,0.10756972111553775,0.5499627699180936,0.46509551865738263,0.6128437005143238,0.00011135857461024499,0.5,0.3740922206253503,0.23335162798449557,0.4461138255674267,0.3720393590171686,0.14695477837835025,0.21345263062600903
2021-08-13 05:30:00,0.3688981868898187,-0.01195219123505975,0.5469843633655993,0.46509551865738263,0.6128437005143238,0.00011135857461024499,0.5,0.3740922206253503,0.23335162798449557,0.4461138255674267,0.3720393590171686,0.14695477837835025,0.23564735881225765
2021-08-13 05:40:00,0.36262203626220363,0.09960159362549792,0.5443037974683544,0.46473843956436345,0.6128437005143238,0.00011135857461024499,0.5,0.3740922206253503,0.23335162798449557,0.4461138255674267,0.3720393590171686,0.14695477837835025,0.2368695022405963
2021-08-13 05:50:00,0.36401673640167365,0.3784860557768923,0.5392405063291137,0.45831101589001966,0.6128437005143238,0.00011135857461024499,0.5,0.3740922206253503,0.23335162798449557,0.4461138255674267,0.3720393590171686,0.14695477837835025,0.22750728005190338
2021-08-13 06:00:00,0.3884239888423989,-0.10756972111553798,0.5365599404318686,0.4575968577039815,0.6215728101974847,0.00011135857461024499,0.5,0.3641335217560535,0.2496932532966288,0.5419509363764665,0.409452024149813,0.1376523492373306,0.2479517781432473
2021-08-13 06:10:00,0.39191073919107394,-0.38645418326693237,0.5335815338793746,0.45795393679700047,0.624007014696837,0.00011135857461024499,0.5,0.3641335217560535,0.2496932532966288,0.5419509363764665,0.409452024149813,0.1376523492373306,0.2540851275706505
2021-08-13 06:20:00,0.39400278940027894,-0.42629482071713154,0.5300074460163811,0.46009641135511514,0.624007014696837,0.00011135857461024499,0.5,0.3641335217560535,0.2496932532966288,0.5419509363764665,0.409452024149813,0.1376523492373306,0.24940778852392234
2021-08-13 06:30:00,0.36750348675034866,-0.02788844621513953,0.5294117647058822,0.4572397786109621,0.624007014696837,0.00011135857461024499,0.5,0.3641335217560535,0.2496932532966288,0.5419509363764665,0.409452024149813,0.1376523492373306,0.23062299138464323
2021-08-13 06:40:00,0.33403068340306835,0.09163346613545809,0.5294117647058822,0.4543831458668095,0.624007014696837,0.00011135857461024499,0.5,0.3641335217560535,0.2496932532966288,0.5419509363764665,0.409452024149813,0.1376523492373306,0.1994885103429546
2021-08-13 06:50:00,0.3319386331938633,0.09163346613545809,0.5270290394638866,0.45331190858775217,0.624007014696837,0.00011135857461024499,0.5,0.3641335217560535,0.2496932532966288,0.5419509363764665,0.409452024149813,0.1376523492373306,0.19540715481992244
2021-08-13 07:00:00,0.3403068340306834,0.07569721115537842,0.5261355174981384,0.44724156400642756,0.624007014696837,0.00011135857461024499,0.5,0.36890521485559935,0.2621182907240384,0.5258721736460722,0.39471812439602605,0.16760471017659698,0.2031021319613139
2021-08-13 07:10:00,0.37447698744769875,0.4501992031872508,0.5234549516008933,0.4465274058203892,0.624007014696837,0.00011135857461024499,0.5,0.36890521485559935,0.2621182907240384,0.5258721736460722,0.39471812439602605,0.16760471017659698,0.24916637747634926
2021-08-13 07:20:00,0.39539748953974896,0.49003984063745,0.5231571109456439,0.4433136939832174,0.624007014696837,0.00011135857461024499,0.5,0.36890521485559935,0.2621182907240384,0.5258721736460722,0.39471812439602605,0.16760471017659698,0.27452962566199435
2021-08-13 07:30:00,0.40794979079497906,0.2669322709163344,0.5222635889798957,0.4433136939832174,0.624007014696837,0.00011135857461024499,0.5,0.36890521485559935,0.2621182907240384,0.5258721736460722,0.39471812439602605,0.16760471017659698,0.2909304887064894
2021-08-13 07:40:00,0.41492329149232915,0.14741035856573692,0.5237527922561427,0.4450990894483129,0.624007014696837,0.00011135857461024499,0.5,0.36890521485559935,0.2621182907240384,0.5258721736460722,0.39471812439602605,0.16760471017659698,0.3096021244172186
2021-08-13 07:50:00,0.40097629009762903,0.24302788844621515,0.5261355174981384,0.44724156400642756,0.624007014696837,0.00011135857461024499,0.5,0.36890521485559935,0.2621182907240384,0.5258721736460722,0.39471812439602605,0.16760471017659698,0.2923261463252712
2021-08-13 08:00:00,0.396792189679219,0.07569721115537842,0.5261355174981384,0.4515265131226567,0.624007014696837,0.00011135857461024499,0.5,0.38524789516990543,0.2687876967992012,0.4905242584639234,0.35566993138728165,0.20377304290447013,0.29139822261116227
2021-08-13 08:10:00,0.37866108786610875,0.19521912350597592,0.5261355174981384,0.4543831458668095,0.624007014696837,0.00011135857461024499,0.5,0.38524789516990543,0.2687876967992012,0.4905242584639234,0.35566993138728165,0.20377304290447013,0.26568794604463086
2021-08-13 08:20:00,0.3493723849372385,0.17131474103585642,0.5261355174981384,0.4543831458668095,0.624007014696837,0.00011135857461024499,0.5,0.38524789516990543,0.2687876967992012,0.4905242584639234,0.35566993138728165,0.20377304290447013,0.20585572672269414
2021-08-13 08:30:00,0.298465829846583,0.3784860557768923,0.5288160833953832,0.4543831458668095,0.624007014696837,0.00011135857461024499,0.5,0.38524789516990543,0.2687876967992012,0.4905242584639234,0.35566993138728165,0.20377304290447013,0.14650632949590356
2021-08-13 08:40:00,0.3200836820083682,0.40239043824701204,0.5303052866716305,0.4543831458668095,0.624007014696837,0.00011135857461024499,0.5,0.38524789516990543,0.2687876967992012,0.4905242584639234,0.35566993138728165,0.20377304290447013,0.15795072196991417
2021-08-13 08:50:00,0.33403068340306835,0.4581673306772909,0.5356664184661204,0.4543831458668095,0.624007014696837,0.00011135857461024499,0.5,0.38524789516990543,0.2687876967992012,0.4905242584639234,0.35566993138728165,0.20377304290447013,0.1763960348235436
2021-08-13 09:00:00,0.3354253835425383,0.15537848605577675,0.54132539091586,0.45866809498303884,0.6341757076860662,0.00011135857461024499,0.5,0.4487783597150712,0.2682043751993487,0.40294617108214426,0.3885799111137028,0.24722190243875464,0.17906664453732066
2021-08-13 09:10:00,0.33054393305439334,0.1394422310756971,0.5484735666418465,0.46509551865738263,0.6385075447252359,0.00011135857461024499,0.5,0.4487783597150712,0.2682043751993487,0.40294617108214426,0.3885799111137028,0.24722190243875464,0.17117552091977611
2021-08-13 09:20:00,0.30474198047419804,0.17131474103585642,0.5565152643335813,0.4736654168898411,0.6516339270523877,0.00011135857461024499,0.5,0.4487783597150712,0.2682043751993487,0.40294617108214426,0.3885799111137028,0.24722190243875464,0.1476756642575856
2021-08-13 09:30:00,0.3089260808926081,0.1633466135458166,0.5645569620253164,0.4786645241921086,0.6529949876326707,0.00011135857461024499,0.5,0.4487783597150712,0.2682043751993487,0.40294617108214426,0.3885799111137028,0.24722190243875464,0.15437482082773812
2021-08-13 09:40:00,0.3193863319386332,-0.21115537848605592,0.5752792256142962,0.49509016247098736,0.6655062752745023,0.00011135857461024499,0.5,0.4487783597150712,0.2682043751993487,0.40294617108214426,0.3885799111137028,0.24722190243875464,0.17039093501516364
2021-08-13 09:50:00,0.38284518828451886,0.043824701195219085,0.5836187639612807,0.5083020889126941,0.6625485859365798,0.00011135857461024499,0.5,0.4487783597150712,0.2682043751993487,0.40294617108214426,0.3885799111137028,0.24722190243875464,0.2426331910014032
2021-08-13 10:00:00,0.3584379358437936,0.06772908366533859,0.5928518242740133,0.5193715407962862,0.6722330554501315,0.00011135857461024499,0.5,0.6742374399769464,0.26021315663190675,0.29846338058300764,0.37173233308271486,0.29181159449331495,0.19985817100955083
2021-08-13 10:10:00,0.33333333333333337,-0.03585657370517936,0.6023827252419953,0.5372254954472415,0.6798366727303661,0.00011135857461024499,0.5,0.6742374399769464,0.26021315663190675,0.29846338058300764,0.37173233308271486,0.29181159449331495,0.1728050454908943
2021-08-13 10:20:00,0.32566248256624825,-0.15537848605577698,0.6119136262099774,0.5486520264238528,0.6801245893915798,0.00011135857461024499,0.5,0.6742374399769464,0.26021315663190675,0.29846338058300764,0.37173233308271486,0.29181159449331495,0.16944792311058135
2021-08-13 10:30:00,0.37935843793584384,0.2589641434262948,0.6229337304542069,0.5607927155865025,0.6868906309301017,0.00011135857461024499,0.5,0.6742374399769464,0.26021315663190675,0.29846338058300764,0.37173233308271486,0.29181159449331495,0.22556844757608221
2021-08-13 10:40:00,0.3849372384937238,0.043824701195219085,0.6318689501116901,0.5704338510980183,0.6914056876627711,0.00011135857461024499,0.5,0.6742374399769464,0.26021315663190675,0.29846338058300764,0.37173233308271486,0.29181159449331495,0.24104893100170496
2021-08-13 10:50:00,0.41492329149232915,-0.05179282868525903,0.6405063291139239,0.5843599357257632,0.6996113125073615,0.00011135857461024499,0.5,0.6742374399769464,0.26021315663190675,0.29846338058300764,0.37173233308271486,0.29181159449331495,0.252727190428052
2021-08-13 11:00:00,0.4281729428172943,-0.14741035856573714,0.6491437081161577,0.5961435457953936,0.6916805172030205,0.00011135857461024499,0.5,0.6928845519496047,0.2596068469887097,0.27789945592936555,0.33561377864746866,0.3506201731548656,0.33190246993678046
2021-08-13 11:10:00,0.4372384937238493,0.17928286852589648,0.6562918838421443,0.6050705231208713,0.6992972216042194,0.00011135857461024499,0.5,0.6928845519496047,0.2596068469887097,0.27789945592936555,0.33561377864746866,0.3506201731548656,0.3223139248909878
2021-08-13 11:20:00,0.4679218967921897,0.027888446215139417,0.665524944154877,0.6186395286555972,0.7060370889008127,0.00011135857461024499,0.5,0.6928845519496047,0.2596068469887097,0.27789945592936555,0.33561377864746866,0.3506201731548656,0.3690194185011392
2021-08-13 11:30:00,0.4665271966527197,-0.08366533864541836,0.6711839166046163,0.6286377432601322,0.7020978654905707,0.00011135857461024499,0.5,0.6928845519496047,0.2596068469887097,0.27789945592936555,0.33561377864746866,0.3506201731548656,0.3648550779305038
2021-08-13 11:40:00,0.4337517433751743,-0.043824701195219196,0.6792256142963511,0.6382788787716478,0.6969153655887241,0.00011135857461024499,0.5,0.6928845519496047,0.2596068469887097,0.27789945592936555,0.33561377864746866,0.3506201731548656,0.3223365571766978
2021-08-13 11:50:00,0.46373779637377965,0.07569721115537842,0.6881608339538345,0.6493483306552401,0.7019669942809281,0.00011135857461024499,0.5,0.6928845519496047,0.2596068469887097,0.27789945592936555,0.33561377864746866,0.3506201731548656,0.37109404469122015
2021-08-13 12:00:00,0.42329149232914925,-0.0916334661354582,0.6929262844378254,0.6532762006784503,0.7044011987802803,0.00011135857461024499,0.5,0.7023058324881104,0.2509719632076355,0.2480058162029645,0.32192119948055975,0.3936391826510351,0.2758272100426996
2021-08-13 12:10:00,0.43654114365411434,-0.12350597609561753,0.7003723008190617,0.6672022853061954,0.6993103087251835,0.00011135857461024499,0.5,0.7023058324881104,0.2509719632076355,0.2480058162029645,0.32192119948055975,0.3936391826510351,0.31438508079726
2021-08-13 12:20:00,0.4100418410041841,0.12350597609561742,0.7072226358897988,0.6775575790037494,0.7041263692400308,0.00011135857461024499,0.5,0.7023058324881104,0.2509719632076355,0.2480058162029645,0.32192119948055975,0.3936391826510351,0.3027822623232796
2021-08-13 12:30:00,0.40585774058577406,-0.21912350597609564,0.7104988830975427,0.6793429744688448,0.6986821269188991,0.00011135857461024499,0.5,0.7023058324881104,0.2509719632076355,0.2480058162029645,0.32192119948055975,0.3936391826510351,0.2755405344237066
2021-08-13 12:40:00,0.41492329149232915,0.14741035856573692,0.7149664929262842,0.6825566863060168,0.6943764641216579,0.00011135857461024499,0.5,0.7023058324881104,0.2509719632076355,0.2480058162029645,0.32192119948055975,0.3936391826510351,0.2743410232810779
2021-08-13 12:50:00,0.4707112970711297,-0.15537848605577698,0.721518987341772,0.6918407427245135,0.7112195888026593,0.00011135857461024499,0.5,0.7023058324881104,0.2509719632076355,0.2480058162029645,0.32192119948055975,0.3936391826510351,0.3690345066916125
2021-08-13 13:00:00,0.38633193863319387,-0.1872509960159363,0.7230081906180192,0.6986252454918764,0.7237701378073836,0.00011135857461024499,0.5,0.8188055057945989,0.2372509748367119,0.15252581396596335,0.23388422501918657,0.3856973023944381,0.23241094195573125
2021-08-13 13:10:00,0.3702928870292887,0.2669322709163344,0.7259865971705135,0.7036243527941439,0.6866550627527451,0.00011135857461024499,0.5,0.8188055057945989,0.2372509748367119,0.15252581396596335,0.23388422501918657,0.3856973023944381,0.24372708481071864
2021-08-13 13:20:00,0.3856345885634589,-0.12350597609561753,0.7325390915860015,0.7100517764684879,0.7258902514035936,0.00011135857461024499,0.5,0.8188055057945989,0.2372509748367119,0.15252581396596335,0.23388422501918657,0.3856973023944381,0.24374217300119194
2021-08-13 13:30:00,0.29776847977684795,0.17131474103585642,0.734921816827997,0.7139796464916979,0.7164413500673987,0.00011135857461024499,0.5,0.8188055057945989,0.2372509748367119,0.15252581396596335,0.23388422501918657,0.3856973023944381,0.16606816844455843
2021-08-13 13:40:00,0.2796373779637378,-0.7768924302788845,0.7408786299329855,0.7218353865381182,0.7144913690437241,0.00011135857461024499,0.5,0.8188055057945989,0.2372509748367119,0.15252581396596335,0.23388422501918657,0.3856973023944381,0.12013971664378291
2021-08-13 13:50:00,0.15620641562064158,0.019920318725099362,0.7462397617274754,0.7368327084449207,0.6845611233984636,0.00011135857461024499,0.5,0.8188055057945989,0.2372509748367119,0.15252581396596335,0.23388422501918657,0.3856973023944381,0.024367427614406204
2021-08-13 14:00:00,0.42189679218967924,0.09960159362549792,0.7554728220402083,0.7539725049098376,0.6696679797411368,0.00011135857461024499,0.5,0.8218346333811726,0.22224552954394444,0.14610394674719873,0.1911754619661338,0.33775363098671946,0.302993496989906
2021-08-13 14:10:00,0.15202231520223153,0.5776892430278884,0.7563663440059567,0.7414747366541687,0.7004227140071456,0.066815144766147,0.5,0.8218346333811726,0.22224552954394444,0.14610394674719873,0.1911754619661338,0.33775363098671946,0.04322012161081522
2021-08-13 14:20:00,0.20571827057182707,0.38645418326693215,0.7712583767684287,0.7532583467237994,0.7204852704453547,0.8335189309576837,0.5,0.8218346333811726,0.22224552954394444,0.14610394674719873,0.1911754619661338,0.33775363098671946,0.02226262504337855
2021-08-13 14:30:00,0.29707112970711297,-0.2749003984063746,0.7837676842889052,0.7621853240492771,0.7171742288413971,0.00011135857461024499,0.5,0.8218346333811726,0.22224552954394444,0.14610394674719873,0.1911754619661338,0.33775363098671946,0.11693347616820315
2021-08-13 14:40:00,0.20292887029288703,0.36254980079681287,0.7772151898734176,0.7568291376539902,0.6561620709060214,0.10211581291759465,0.5,0.8218346333811726,0.22224552954394444,0.14610394674719873,0.1911754619661338,0.33775363098671946,0.04708269837198425
2021-08-13 14:50:00,0.16527196652719667,0.08366533864541825,0.7804914370811615,0.7632565613283342,0.755310099331248,0.4293986636971047,0.5,0.8218346333811726,0.22224552954394444,0.14610394674719873,0.1911754619661338,0.33775363098671946,0.00041492523801620474
2021-08-13 15:00:00,0.32914923291492326,0.08366533864541825,0.7986597170513774,0.7682556686306017,0.6664878093468217,0.6532293986636971,0.5,0.8244729294652198,0.2033177493556162,0.14120638529402554,0.20910320894796772,0.3114085677015606,0.03181344961298792
2021-08-13 15:10:00,0.198744769874477,0.08366533864541825,0.8058078927773638,0.7671844313515443,0.6484014081742158,0.00011135857461024499,0.5,0.8244729294652198,0.2033177493556162,0.14120638529402554,0.20910320894796772,0.3114085677015606,0.06398147170209877
2021-08-13 15:20:00,0.07880055788005579,-0.8007968127490039,0.8004467609828738,0.7568291376539902,0.6503121278349975,0.8384187082405347,0.5,0.8244729294652198,0.2033177493556162,0.14120638529402554,0.20910320894796772,0.3114085677015606,0.0
2021-08-13 15:30:00,0.1701534170153417,-0.03585657370517936,0.8242740134028292,0.7782538832351364,0.6505084346494615,0.9996659242761693,0.5,0.8244729294652198,0.2033177493556162,0.14120638529402554,0.20910320894796772,0.3114085677015606,0.0
2021-08-13 15:40:00,0.18479776847977683,-0.8326693227091634,0.8391660461653014,0.789680414211748,0.6238107078823729,0.49309576837416486,0.5,0.8244729294652198,0.2033177493556162,0.14120638529402554,0.20910320894796772,0.3114085677015606,0.0
2021-08-13 15:50:00,0.1771269177126918,-0.12350597609561753,0.838868205510052,0.7900374933047669,0.6174896284566359,0.02472160356347439,0.5,0.8244729294652198,0.2033177493556162,0.14120638529402554,0.20910320894796772,0.3114085677015606,0.019675000377204762
2021-08-13 16:00:00,0.08577405857740586,0.17928286852589626,0.820699925539836,0.779682199607213,0.5944039470756829,0.8639198218262807,0.5,0.870186840671958,0.18696175651639216,0.11192056566200713,0.23241512942893347,0.30523204899825385,0.0
2021-08-13 16:10:00,0.32496513249651326,0.4820717131474104,0.840357408786299,0.7957507587930728,0.6346861054036723,0.4692650334075724,0.5,0.870186840671958,0.18696175651639216,0.11192056566200713,0.23241512942893347,0.30523204899825385,0.03775819665947463
2021-08-13 16:20:00,0.2398884239888424,-0.08366533864541836,0.8329113924050631,0.7843242278164613,0.6394759916765911,0.00011135857461024499,0.5,0.870186840671958,0.18696175651639216,0.11192056566200713,0.23241512942893347,0.30523204899825385,0.10309006140893523
2021-08-13 16:30:00,0.2377963737796374,0.5697211155378485,0.8132539091586,0.7611140867702197,0.6981848163222573,0.2655902004454343,0.5,0.870186840671958,0.18696175651639216,0.11192056566200713,0.23241512942893347,0.30523204899825385,0.025453777328484996
2021-08-13 16:40:00,0.2796373779637378,-0.4422310756972112,0.8123603871928518,0.7532583467237994,0.6859090968577822,0.16414253897550113,0.5,0.870186840671958,0.18696175651639216,0.11192056566200713,0.23241512942893347,0.30523204899825385,0.07043921722467825
2021-08-13 16:50:00,0.29428172942817293,-0.003984063745020028,0.8093819806403573,0.7393322620960543,0.6583868814699455,0.00011135857461024499,0.5,0.870186840671958,0.18696175651639216,0.11192056566200713,0.23241512942893347,0.30523204899825385,0.13725726873576052
2021-08-13 17:00:00,0.18898186889818688,0.17131474103585642,0.8013402829486223,0.7389751830030351,0.6366753477902396,0.2114699331848552,0.5,0.8723771380581096,0.16735008203857987,0.10927319401787343,0.25876478945802234,0.30429751301894503,0.022805799900417943
2021-08-13 17:10:00,0.10320781032078104,-0.07038512616201864,0.8150409530900966,0.7718264595607927,0.7080655926502728,0.4115812917594655,0.5,0.8723771380581096,0.16735008203857987,0.10927319401787343,0.25876478945802234,0.30429751301894503,3.772047618329134e-05
2021-08-13 17:20:00,0.100418410041841,-0.3120849933598938,0.8349962769918091,0.7907516514908053,0.7081702896179869,0.9995545657015591,0.5,0.8723771380581096,0.16735008203857987,0.10927319401787343,0.25876478945802234,0.30429751301894503,0.0
2021-08-13 17:30:00,0.2601115760111576,-0.553784860557769,0.8543559195830228,0.7957507587930728,0.656240593631807,0.3830734966592428,0.5,0.8723771380581096,0.16735008203857987,0.10927319401787343,0.25876478945802234,0.30429751301894503,0.03307331351750985
2021-08-13 17:40:00,0.12622036262203626,0.298804780876494,0.8397617274758002,0.7850383860024994,0.6677179987174622,0.031291759465478845,0.5,0.8723771380581096,0.16735008203857987,0.10927319401787343,0.25876478945802234,0.30429751301894503,0.0
2021-08-13 17:50:00,0.2175732217573222,-0.952191235059761,0.828741623231571,0.7611140867702197,0.6973603277015089,0.6229398663697104,0.5,0.8723771380581096,0.16735008203857987,0.10927319401787343,0.25876478945802234,0.30429751301894503,0.0
2021-08-13 18:00:00,0.13598326359832635,-0.20318725099601598,0.8445271779597914,0.7682556686306017,0.6934865398960882,0.9993318485523385,0.5,0.7883268189190731,0.12957210630820623,0.17561384693560647,0.35152858910674295,0.33346706603708476,0.0
2021-08-13 18:10:00,0.2315202231520223,0.5458167330677288,0.8564408041697689,0.7753972504909838,0.6934865398960882,0.9993318485523385,0.5,0.7883268189190731,0.12957210630820623,0.17561384693560647,0.35152858910674295,0.33346706603708476,0.0
2021-08-13 18:20:00,0.19456066945606695,0.7290836653386452,0.8629932985852566,0.7718264595607927,0.6934865398960882,0.9993318485523385,0.5,0.7883268189190731,0.12957210630820623,0.17561384693560647,0.35152858910674295,0.33346706603708476,0.0
2021-08-13 18:30:00,0.20013947001394702,0.6015936254980081,0.8620997766195082,0.7668273522585252,0.6934865398960882,0.9993318485523385,0.5,0.7883268189190731,0.12957210630820623,0.17561384693560647,0.35152858910674295,0.33346706603708476,0.0
2021-08-13 18:40:00,0.2782426778242678,0.47410358565737054,0.8629932985852566,0.7603999285841814,0.6934865398960882,0.9993318485523385,0.5,0.7883268189190731,0.12957210630820623,0.17561384693560647,0.35152858910674295,0.33346706603708476,0.0
2021-08-13 18:50:00,0.17852161785216178,0.346613545816733,0.8612062546537602,0.7550437421888949,0.6934865398960882,0.9993318485523385,0.5,0.7883268189190731,0.12957210630820623,0.17561384693560647,0.35152858910674295,0.33346706603708476,0.0
2021-08-13 19:00:00,0.22315202231520226,0.21912350597609542,0.8618019359642588,0.7486163185145509,0.6934865398960882,0.9993318485523385,0.5,0.7891818253678926,0.16123813601450446,0.17174931333322427,0.3934781952776968,0.34021969320630313,0.0
2021-08-13 19:10:00,0.18549511854951187,0.09163346613545809,0.8615040953090096,0.7414747366541687,0.6934865398960882,0.9993318485523385,0.5,0.7891818253678926,0.16123813601450446,0.17174931333322427,0.3934781952776968,0.34021969320630313,0.0
2021-08-13 19:20:00,0.197350069735007,0.41035856573705165,0.8525688756515262,0.7357614711658633,0.6934865398960882,0.9993318485523385,0.5,0.7891818253678926,0.16123813601450446,0.17174931333322427,0.3934781952776968,0.34021969320630313,0.0
2021-08-13 19:30:00,0.21338912133891214,0.7290836653386452,0.8483991064780338,0.727905731119443,0.6934865398960882,0.9993318485523385,0.5,0.7891818253678926,0.16123813601450446,0.17174931333322427,0.3934781952776968,0.34021969320630313,0.0
2021-08-13 19:40:00,0.23709902370990238,-0.09960159362549814,0.8469099032017868,0.7207641492590608,0.6934865398960882,0.9993318485523385,0.5,0.7891818253678926,0.16123813601450446,0.17174931333322427,0.3934781952776968,0.34021969320630313,0.0
2021-08-13 19:50:00,0.23291492329149233,0.12350597609561742,0.8391660461653014,0.7136225673986787,0.6934865398960882,0.9993318485523385,0.5,0.7891818253678926,0.16123813601450446,0.17174931333322427,0.3934781952776968,0.34021969320630313,0.0
2021-08-13 20:00:00,0.19107391910739194,0.346613545816733,0.8344005956813103,0.7071951437243349,0.6934865398960882,0.9993318485523385,0.5,0.7947759723009262,0.1324743467803823,0.15999719487158615,0.4293706932799312,0.33673751765428167,0.0
2021-08-13 20:10:00,0.21617852161785217,-0.11952191235059761,0.832315711094564,0.6989823245848956,0.6934865398960882,0.9993318485523385,0.5,0.7947759723009262,0.1324743467803823,0.15999719487158615,0.4293706932799312,0.33673751765428167,0.0
2021-08-13 20:20:00,0.28103207810320785,-0.5856573705179284,0.8257632166790765,0.6911265845384753,0.6934865398960882,0.9993318485523385,0.5,0.7947759723009262,0.1324743467803823,0.15999719487158615,0.4293706932799312,0.33673751765428167,0.0
2021-08-13 20:30:00,0.24058577405857742,0.5458167330677288,0.8215934475055842,0.6821996072129977,0.6934865398960882,0.9993318485523385,0.5,0.7947759723009262,0.1324743467803823,0.15999719487158615,0.4293706932799312,0.33673751765428167,0.0
2021-08-13 20:40:00,0.21687587168758715,0.5874280655157147,0.8007446016381234,0.6747009462595965,0.6934865398960882,0.9993318485523385,0.5,0.7947759723009262,0.1324743467803823,0.15999719487158615,0.4293706932799312,0.33673751765428167,0.0
2021-08-13 20:50:00,0.2105997210599721,0.6290393979637006,0.7834698436336558,0.6639885734690234,0.6934865398960882,0.9993318485523385,0.5,0.7947759723009262,0.1324743467803823,0.15999719487158615,0.4293706932799312,0.33673751765428167,0.0
2021-08-13 21:00:00,0.2294281729428173,0.6706507304116867,0.7727475800446759,0.6561328334226031,0.6934865398960882,0.9993318485523385,0.5,0.8034562472504547,0.13789952500955302,0.13812822607204542,0.4115280203276382,0.3262618202845283,0.0
2021-08-13 21:10:00,0.2719665271966527,0.7122620628596721,0.762025316455696,0.6482770933761828,0.6934865398960882,0.9993318485523385,0.5,0.8034562472504547,0.13789952500955302,0.13812822607204542,0.4115280203276382,0.3262618202845283,0.0
2021-08-13 21:20:00,0.2608089260808926,0.7538733953076584,0.7560685033507073,0.6397071951437245,0.6934865398960882,0.9993318485523385,0.5,0.8034562472504547,0.13789952500955302,0.13812822607204542,0.4115280203276382,0.3262618202845283,0.0
2021-08-13 21:30:00,0.2873082287308229,0.5274015050907481,0.7501116902457183,0.628280664167113,0.6934865398960882,0.9993318485523385,0.5,0.8034562472504547,0.13789952500955302,0.13812822607204542,0.4115280203276382,0.3262618202845283,0.0
2021-08-13 21:40:00,0.3403068340306834,0.30092961487383807,0.7477289650037229,0.6179253704695589,0.6934865398960882,0.9993318485523385,0.5,0.8034562472504547,0.13789952500955302,0.13812822607204542,0.4115280203276382,0.3262618202845283,0.0
2021-08-13 21:50:00,0.298465829846583,0.07445772465692779,0.7420699925539835,0.6097125513301196,0.6934865398960882,0.9993318485523385,0.5,0.8034562472504547,0.13789952500955302,0.13812822607204542,0.4115280203276382,0.3262618202845283,0.0
2021-08-13 22:00:00,0.3284518828451883,-0.15201416555998237,0.7381980640357406,0.6029280485627568,0.6943895512426221,0.9993318485523385,0.5,0.7240146580157645,0.15821520831477312,0.17178786482679664,0.4637705534206134,0.31449269287515685,0.0
2021-08-13 22:10:00,0.27615062761506276,-0.3784860557768924,0.7355174981384955,0.6039992858418142,0.7092041721741633,0.08296213808463253,0.5,0.7240146580157645,0.15821520831477312,0.17178786482679664,0.4637705534206134,0.31449269287515685,0.09396925026781539
2021-08-13 22:20:00,0.3270571827057183,-0.5617529880478087,0.7325390915860015,0.6236386359578647,0.7088246456661998,0.00011135857461024499,0.5,0.7240146580157645,0.15821520831477312,0.17178786482679664,0.4637705534206134,0.31449269287515685,0.1693121293963215
2021-08-13 22:30:00,0.34797768479776847,-0.1394422310756973,0.7078183172002976,0.6089983931440812,0.6953318239520488,0.00011135857461024499,0.5,0.7240146580157645,0.15821520831477312,0.17178786482679664,0.4637705534206134,0.31449269287515685,0.20903179081732728
2021-08-13 22:40:00,0.3688981868898187,0.22709163346613526,0.696500372300819,0.5979289412604893,0.6953318239520488,0.00011135857461024499,0.5,0.7240146580157645,0.15821520831477312,0.17178786482679664,0.4637705534206134,0.31449269287515685,0.2397438025257631
2021-08-13 22:50:00,0.4198047419804742,-0.01195219123505975,0.6902457185405806,0.5897161221210496,0.7025035662404627,0.00011135857461024499,0.5,0.7240146580157645,0.15821520831477312,0.17178786482679664,0.4637705534206134,0.31449269287515685,0.3228948202242105
2021-08-13 23:00:00,0.4072524407252441,-0.14741035856573714,0.689054355919583,0.6029280485627568,0.699990839015325,0.00011135857461024499,0.5,0.5959358593406827,0.16229271250290794,0.23470694587585889,0.5313476938995559,0.31679591827393094,0.29236386680145454
2021-08-13 23:10:00,0.4546722454672245,-0.06772908366533881,0.6869694713328367,0.6079271558650241,0.702870005627462,0.00011135857461024499,0.5,0.5959358593406827,0.16229271250290794,0.23470694587585889,0.5313476938995559,0.31679591827393094,0.3767822924996605
2021-08-13 23:20:00,0.41283124128312415,0.05179282868525892,0.6839910647803424,0.6111408677021961,0.6953056497101202,0.00011135857461024499,0.5,0.5959358593406827,0.16229271250290794,0.23470694587585889,0.5313476938995559,0.31679591827393094,0.31085444422650393
2021-08-13 23:30:00,0.3884239888423989,-0.09960159362549814,0.6795234549516007,0.6111408677021961,0.6952271269843348,0.00011135857461024499,0.5,0.5959358593406827,0.16229271250290794,0.23470694587585889,0.5313476938995559,0.31679591827393094,0.2588303634745085
2021-08-13 23:40:00,0.41492329149232915,-0.21115537848605592,0.6738644825018612,0.6157828959114444,0.6913664262998782,0.00011135857461024499,0.5,0.5959358593406827,0.16229271250290794,0.23470694587585889,0.5313476938995559,0.31679591827393094,0.26955052280579994
2021-08-13 23:50:00,0.3723849372384937,0.12350597609561742,0.6661206254653758,0.6122121049812534,0.6840245514389289,0.00011135857461024499,0.5,0.5959358593406827,0.16229271250290794,0.23470694587585889,0.5313476938995559,0.31679591827393094,0.21357333614979557
2021-08-14 00:00:00,0.27615062761506276,-0.4581673306772909,0.658078927773641,0.6079271558650241,0.6839983771970004,0.00011135857461024499,0.5,0.5912618907933131,0.1507900703146764,0.25364638160627084,0.5419342121111961,0.32143166760624,0.1285287505469469
2021-08-14 00:10:00,0.29567642956764295,0.09960159362549792,0.650632911392405,0.6061417603999286,0.6709243433537055,0.00011135857461024499,0.5,0.5912618907933131,0.1507900703146764,0.25364638160627084,0.5419342121111961,0.32143166760624,0.1529338986375364
2021-08-14 00:20:00,0.29218967921896793,-0.003984063745020028,0.6467609828741621,0.600428494911623,0.6701260289748857,0.00011135857461024499,0.5,0.5912618907933131,0.1507900703146764,0.25364638160627084,0.5419342121111961,0.32143166760624,0.1581544125413039
2021-08-14 00:30:00,0.303347280334728,-0.08366533864541836,0.6416976917349215,0.596857703981432,0.6636740783395061,0.00011135857461024499,0.5,0.5912618907933131,0.1507900703146764,0.25364638160627084,0.5419342121111961,0.32143166760624,0.14529173016280159
2021-08-14 00:40:00,0.3472803347280335,0.019920318725099362,0.6363365599404316,0.590430280307088,0.664681786653754,0.00011135857461024499,0.5,0.5912618907933131,0.1507900703146764,0.25364638160627084,0.5419342121111961,0.32143166760624,0.202392987009068
2021-08-14 00:50:00,0.31241283124128316,-0.08366533864541836,0.6363365599404316,0.5879307266559544,0.6682545706769968,0.00011135857461024499,0.5,0.5912618907933131,0.1507900703146764,0.25364638160627084,0.5419342121111961,0.32143166760624,0.15925585044585602
2021-08-14 01:00:00,0.3110181311018131,-0.1394422310756973,0.6330603127326879,0.5875736475629352,0.6590019761552656,0.00011135857461024499,0.5,0.5434552399871522,0.14115520664814127,0.2593419843392166,0.500715645900782,0.31526716936324883,0.15954252606484903
2021-08-14 01:10:00,0.3138075313807531,-0.03585657370517936,0.6279970215934472,0.5825745402606679,0.6590019761552656,0.00011135857461024499,0.5,0.5434552399871522,0.14115520664814127,0.2593419843392166,0.500715645900782,0.31526716936324883,0.16267332558806222
2021-08-14 01:20:00,0.3270571827057183,0.019920318725099362,0.6247207743857035,0.5747188002142476,0.6590019761552656,0.00011135857461024499,0.5,0.5434552399871522,0.14115520664814127,0.2593419843392166,0.500715645900782,0.31526716936324883,0.1690933506344584
2021-08-14 01:30:00,0.3486750348675035,0.298804780876494,0.6202531645569618,0.5561506873772541,0.6590019761552656,0.00011135857461024499,0.5,0.5434552399871522,0.14115520664814127,0.2593419843392166,0.500715645900782,0.31526716936324883,0.19514311148663943
2021-08-14 01:40:00,0.36401673640167365,-0.17131474103585675,0.6187639612807148,0.5468666309587575,0.6590019761552656,0.00011135857461024499,0.5,0.5434552399871522,0.14115520664814127,0.2593419843392166,0.500715645900782,0.31526716936324883,0.22074022662462092
2021-08-14 01:50:00,0.3814504881450488,-0.0916334661354582,0.6178704393149663,0.5468666309587575,0.6590019761552656,0.00011135857461024499,0.5,0.5434552399871522,0.14115520664814127,0.2593419843392166,0.500715645900782,0.31526716936324883,0.2365601943358933
2021-08-14 02:00:00,0.34309623430962344,-0.14741035856573714,0.6154877140729709,0.5468666309587575,0.6590019761552656,0.00011135857461024499,0.5,0.5379262316378732,0.14200576425186948,0.2992254066516798,0.4469809541092265,0.2928382441722759,0.19808530862893614
2021-08-14 02:10:00,0.31311018131101814,-0.3227091633466136,0.6154877140729709,0.5486520264238528,0.6535969951970265,0.00011135857461024499,0.5,0.5379262316378732,0.14200576425186948,0.2992254066516798,0.4469809541092265,0.2928382441722759,0.15086681654269204
2021-08-14 02:20:00,0.2796373779637378,0.4501992031872508,0.6154877140729709,0.5640064274236742,0.6468833021423617,0.00011135857461024499,0.5,0.5379262316378732,0.14200576425186948,0.2992254066516798,0.4469809541092265,0.2928382441722759,0.12622025740452947
2021-08-14 02:30:00,0.31520223152022314,-0.059760956175298974,0.6131049888309752,0.5650776647027316,0.6480611430291451,0.00011135857461024499,0.5,0.5379262316378732,0.14200576425186948,0.2992254066516798,0.4469809541092265,0.2928382441722759,0.15786019282707425
2021-08-14 02:40:00,0.3458856345885635,0.05179282868525892,0.6101265822784807,0.5529369755400819,0.6451034536912226,0.00011135857461024499,0.5,0.5379262316378732,0.14200576425186948,0.2992254066516798,0.4469809541092265,0.2928382441722759,0.19519592015329604
2021-08-14 02:50:00,0.3563458856345886,-0.1872509960159363,0.6065524944154874,0.54186752365649,0.640784703773017,0.00011135857461024499,0.5,0.5379262316378732,0.14200576425186948,0.2992254066516798,0.4469809541092265,0.2928382441722759,0.2110762406264617
2021-08-14 03:00:00,0.37935843793584384,0.09163346613545809,0.6065524944154874,0.5468666309587575,0.6339532266296737,0.00011135857461024499,0.5,0.5372015357096518,0.1357099138810426,0.30454716134827253,0.4338622132848279,0.25598012892061645,0.24028697738280247
2021-08-14 03:10:00,0.3772663877266388,0.24302788844621515,0.604169769173492,0.5343688627030887,0.6339532266296737,0.00011135857461024499,0.5,0.5372015357096518,0.1357099138810426,0.30454716134827253,0.4338622132848279,0.25598012892061645,0.2357077115741509
2021-08-14 03:20:00,0.37447698744769875,-0.24302788844621515,0.6038719285182426,0.5332976254240314,0.6339532266296737,0.00011135857461024499,0.5,0.5372015357096518,0.1357099138810426,0.30454716134827253,0.4338622132848279,0.25598012892061645,0.2275978091947433
2021-08-14 03:30:00,0.38702928870292885,0.1872509960159361,0.6017870439314965,0.542224602749509,0.6229993063825888,0.00011135857461024499,0.5,0.5372015357096518,0.1357099138810426,0.30454716134827253,0.4338622132848279,0.25598012892061645,0.252131206904356
2021-08-14 03:40:00,0.39609483960948394,-0.08366533864541836,0.5979151154132538,0.5436529191215853,0.6286529426391488,0.00011135857461024499,0.5,0.5372015357096518,0.1357099138810426,0.30454716134827253,0.4338622132848279,0.25598012892061645,0.26641217918735005
2021-08-14 03:50:00,0.37935843793584384,-0.15537848605577698,0.5976172747580044,0.5432958400285663,0.6226721283584824,0.00011135857461024499,0.5,0.5372015357096518,0.1357099138810426,0.30454716134827253,0.4338622132848279,0.25598012892061645,0.2333464097650769
2021-08-14 04:00:00,0.39191073919107394,-0.21115537848605592,0.5973194341027548,0.5365113372612034,0.6226721283584824,0.00011135857461024499,0.5,0.4910967262942083,0.1389339869600327,0.32990098226415715,0.44408042694647454,0.22351669829515264,0.2541454803325437
2021-08-14 04:10:00,0.4065550906555091,0.11553784860557759,0.5949367088607593,0.5325834672379934,0.6226721283584824,0.00011135857461024499,0.5,0.4910967262942083,0.1389339869600327,0.32990098226415715,0.44408042694647454,0.22351669829515264,0.2902666083256635
2021-08-14 04:20:00,0.402370990237099,0.1394422310756971,0.5949367088607593,0.5290126763078022,0.6226721283584824,0.00011135857461024499,0.5,0.4910967262942083,0.1389339869600327,0.32990098226415715,0.44408042694647454,0.22351669829515264,0.28214916185101924
2021-08-14 04:30:00,0.40446304044630405,0.2111553784860556,0.5916604616530154,0.5279414390287449,0.6277630184135793,0.00011135857461024499,0.5,0.4910967262942083,0.1389339869600327,0.32990098226415715,0.44408042694647454,0.22351669829515264,0.2780979827089337
2021-08-14 04:40:00,0.4379358437935844,-0.21115537848605592,0.5916604616530154,0.535440099982146,0.6339532266296737,0.00011135857461024499,0.5,0.4910967262942083,0.1389339869600327,0.32990098226415715,0.44408042694647454,0.22351669829515264,0.3378849374594505
2021-08-14 04:50:00,0.4602510460251046,0.2749003984063745,0.5895755770662694,0.5286555972147831,0.6339532266296737,0.00011135857461024499,0.5,0.4910967262942083,0.1389339869600327,0.32990098226415715,0.44408042694647454,0.22351669829515264,0.3746925781191062
2021-08-14 05:00:00,0.47280334728033474,0.4820717131474104,0.5889798957557706,0.5257989644706302,0.6339532266296737,0.00011135857461024499,0.5,0.48608075516731075,0.13796274212874923,0.33081886289072543,0.458667323116804,0.21331257207540208,0.4145027686829519
2021-08-14 05:10:00,0.5097629009762901,-0.2509960159362551,0.5889798957557706,0.5343688627030887,0.6450249309654369,0.00011135857461024499,0.5,0.48608075516731075,0.13796274212874923,0.33081886289072543,0.458667323116804,0.21331257207540208,0.4822864643843264
2021-08-14 05:20:00,0.5453277545327755,-0.45019920318725104,0.5889798957557706,0.5365113372612034,0.645234324900865,0.00011135857461024499,0.5,0.48608075516731075,0.13796274212874923,0.33081886289072543,0.458667323116804,0.21331257207540208,0.5634835614164793
2021-08-14 05:30:00,0.5327754532775453,0.05179282868525892,0.5889798957557706,0.5450812354936618,0.6363612568870974,0.00011135857461024499,0.5,0.48608075516731075,0.13796274212874923,0.33081886289072543,0.458667323116804,0.21331257207540208,0.524284442566803
2021-08-14 05:40:00,0.5223152022315203,0.05976095617529875,0.5865971705137749,0.5450812354936618,0.634071010718352,0.00011135857461024499,0.5,0.48608075516731075,0.13796274212874923,0.33081886289072543,0.458667323116804,0.21331257207540208,0.4872429349548109
2021-08-14 05:50:00,0.49023709902370993,-0.21912350597609564,0.58391660461653,0.542581681842528,0.634071010718352,0.00011135857461024499,0.5,0.48608075516731075,0.13796274212874923,0.33081886289072543,0.458667323116804,0.21331257207540208,0.42834618344221975
2021-08-14 06:00:00,0.4909344490934449,-0.21115537848605592,0.5800446760982871,0.5468666309587575,0.6339924879925666,0.00011135857461024499,0.5,0.4605447960341842,0.147180947509676,0.3866979846826293,0.5223350271528013,0.19207379055123186,0.4447319582962415
2021-08-14 06:10:00,0.49442119944211993,-0.21115537848605592,0.5770662695457927,0.5507945009819675,0.6283257646150423,0.00011135857461024499,0.5,0.4605447960341842,0.147180947509676,0.3866979846826293,0.5223350271528013,0.19207379055123186,0.45261553781854946
2021-08-14 06:20:00,0.4797768479776848,0.33864541832669315,0.5767684288905432,0.5640064274236742,0.6226721283584824,0.00011135857461024499,0.5,0.4605447960341842,0.147180947509676,0.3866979846826293,0.5223350271528013,0.19207379055123186,0.4404921767732396
2021-08-14 06:30:00,0.4804741980474198,0.21912350597609564,0.5764705882352941,0.549009105516872,0.6226721283584824,0.00011135857461024499,0.5,0.4605447960341842,0.147180947509676,0.3866979846826293,0.5223350271528013,0.19207379055123186,0.44879068153356366
2021-08-14 06:40:00,0.48465829846582986,0.24302788844621515,0.5723008190618017,0.5400821281913943,0.6226721283584824,0.00011135857461024499,0.5,0.4605447960341842,0.147180947509676,0.3866979846826293,0.5223350271528013,0.19207379055123186,0.4418123934396548
2021-08-14 06:50:00,0.5083682008368201,-0.06772908366533881,0.5708116157855547,0.5368684163542226,0.6226721283584824,0.00011135857461024499,0.5,0.4605447960341842,0.147180947509676,0.3866979846826293,0.5223350271528013,0.19207379055123186,0.4651689122923488
2021-08-14 07:00:00,0.4581589958158996,0.2749003984063745,0.5681310498883096,0.5375825745402605,0.6259439085995471,0.00011135857461024499,0.5,0.46431492920973527,0.17209711298910793,0.37110669544332764,0.5522593243196325,0.20456560273975974,0.3931906996393923
2021-08-14 07:10:00,0.5125523012552301,-0.1633466135458168,0.5651526433358152,0.5554365291912158,0.6339532266296737,0.00011135857461024499,0.5,0.46431492920973527,0.17209711298910793,0.37110669544332764,0.5522593243196325,0.20456560273975974,0.4765001433378095
2021-08-14 07:20:00,0.5271966527196652,-0.05179282868525903,0.5651526433358152,0.5468666309587575,0.6339532266296737,0.00011135857461024499,0.5,0.46431492920973527,0.17209711298910793,0.37110669544332764,0.5522593243196325,0.20456560273975974,0.49935120780964737
2021-08-14 07:30:00,0.509065550906555,0.1872509960159361,0.5651526433358152,0.5397250490983752,0.6339532266296737,0.00011135857461024499,0.5,0.46431492920973527,0.17209711298910793,0.37110669544332764,0.5522593243196325,0.20456560273975974,0.4836972101935815
2021-08-14 07:40:00,0.4839609483960949,0.2350597609561753,0.5651526433358152,0.5390108909123372,0.6383504992736647,0.00011135857461024499,0.5,0.46431492920973527,0.17209711298910793,0.37110669544332764,0.5522593243196325,0.20456560273975974,0.4351962219171055
2021-08-14 07:50:00,0.47419804741980476,-0.17131474103585675,0.5651526433358152,0.5590073201214067,0.6451950635379723,0.00011135857461024499,0.5,0.46431492920973527,0.17209711298910793,0.37110669544332764,0.5522593243196325,0.20456560273975974,0.4199571495390558
2021-08-14 08:00:00,0.5139470013947002,-0.31474103585657376,0.5651526433358152,0.5550794500981968,0.641596105272801,0.00011135857461024499,0.5,0.46467314139075033,0.15939334553615253,0.3652552381524856,0.5790436122866757,0.20701319981616184,0.46482942800669913
2021-08-14 08:10:00,0.5202231520223152,-0.043824701195219196,0.5651526433358152,0.5600785574004641,0.6339532266296737,0.00011135857461024499,0.5,0.46467314139075033,0.15939334553615253,0.3652552381524856,0.5790436122866757,0.20701319981616184,0.5026932419994871
2021-08-14 08:20:00,0.5313807531380753,-0.1394422310756973,0.5621742367833207,0.5457953936797,0.6339532266296737,0.00011135857461024499,0.5,0.46467314139075033,0.15939334553615253,0.3652552381524856,0.5790436122866757,0.20701319981616184,0.5321755661843475
2021-08-14 08:30:00,0.5153417015341701,-0.2509960159362551,0.5645569620253164,0.5404392072844135,0.6339532266296737,0.00011135857461024499,0.5,0.46467314139075033,0.15939334553615253,0.3652552381524856,0.5790436122866757,0.20701319981616184,0.4792914585753731
2021-08-14 08:40:00,0.5244072524407252,-0.09960159362549814,0.5696202531645567,0.5461524727727192,0.6339532266296737,0.00011135857461024499,0.5,0.46467314139075033,0.15939334553615253,0.3652552381524856,0.5790436122866757,0.20701319981616184,0.4966956862863437
2021-08-14 08:50:00,0.5111576011157601,0.15537848605577675,0.5785554728220401,0.5493661846098912,0.6345552341940297,0.00011135857461024499,0.5,0.46467314139075033,0.15939334553615253,0.3652552381524856,0.5790436122866757,0.20701319981616184,0.49203343543008893
2021-08-14 09:00:00,0.5362622036262203,0.06772908366533859,0.588682055100521,0.5693626138189607,0.645234324900865,0.00011135857461024499,0.5,0.46872020526825375,0.15906289241308483,0.3684703566279465,0.6512687692053027,0.21282722073855007,0.5464414502768683
2021-08-14 09:10:00,0.5711297071129707,0.05976095617529875,0.5970215934475054,0.5811462238885914,0.651751711141066,0.00011135857461024499,0.5,0.46872020526825375,0.15906289241308483,0.3684703566279465,0.6512687692053027,0.21282722073855007,0.6261221841664529
2021-08-14 09:20:00,0.5732217573221757,-0.08366533864541836,0.604169769173492,0.5922156757721835,0.6550234913821308,0.019042316258351892,0.5,0.46872020526825375,0.15906289241308483,0.3684703566279465,0.6512687692053027,0.21282722073855007,0.5473844621814506
2021-08-14 09:30:00,0.6931659693165969,0.14741035856573692,0.614296351451973,0.597214783074451,0.6578241352684823,0.08285077951002227,0.5,0.46872020526825375,0.15906289241308483,0.3684703566279465,0.6512687692053027,0.21282722073855007,0.528147019327972
2021-08-14 09:40:00,0.7845188284518828,-0.29083665338645437,0.6229337304542069,0.597214783074451,0.6644069571135047,0.10902004454342984,0.5,0.46872020526825375,0.15906289241308483,0.3684703566279465,0.6512687692053027,0.21282722073855007,0.5082381519984309
2021-08-14 09:50:00,0.7496513249651325,0.11553784860557759,0.6327624720774385,0.5961435457953936,0.6619858397351167,0.10601336302895323,0.5,0.46872020526825375,0.15906289241308483,0.3684703566279465,0.6512687692053027,0.21282722073855007,0.4989513707621045
2021-08-14 10:00:00,0.7140864714086471,-0.13147410358565736,0.6396128071481755,0.5997143367255846,0.6645247412021829,0.0633630289532294,0.5,0.6975422775423974,0.15136477139827528,0.2523414642744958,0.7053311813472121,0.24187368678836432,0.6644688202543869
2021-08-14 10:10:00,0.691771269177127,-0.08366533864541836,0.6470588235294115,0.6132833422603108,0.6634123359202209,0.07037861915367484,0.5,0.6975422775423974,0.15136477139827528,0.2523414642744958,0.7053311813472121,0.24187368678836432,0.5885299576021847
2021-08-14 10:20:00,0.7656903765690377,-0.12350597609561753,0.6574832464631419,0.6268523477950365,0.6675086047820339,0.08006681514476616,0.5,0.6975422775423974,0.15136477139827528,0.2523414642744958,0.7053311813472121,0.24187368678836432,0.6580789715889374
2021-08-14 10:30:00,0.702231520223152,-0.07569721115537853,0.6685033507073712,0.6368505623995715,0.6612398738401539,0.0589086859688196,0.5,0.6975422775423974,0.15136477139827528,0.2523414642744958,0.7053311813472121,0.24187368678836432,0.665260950254236
2021-08-14 10:40:00,0.7224546722454672,-0.10756972111553798,0.6827997021593446,0.6511337261203356,0.6691314077816021,0.051670378619153676,0.5,0.6975422775423974,0.15136477139827528,0.2523414642744958,0.7053311813472121,0.24187368678836432,0.7499132429047785
2021-08-14 10:50:00,0.7998605299860531,-0.019920318725099695,0.6959046909903199,0.6650598107480805,0.6719189645469893,0.05679287305122494,0.5,0.6975422775423974,0.15136477139827528,0.2523414642744958,0.7053311813472121,0.24187368678836432,0.8765710578330341
2021-08-14 11:00:00,0.8089260808926081,-0.11553784860557781,0.7102010424422933,0.6814854490269593,0.672913585740273,0.06692650334075724,0.5,0.7090725406349025,0.1434453904662832,0.25397711284060215,0.7558270478770368,0.27408714885857594,0.8679481569775337
2021-08-14 11:10:00,0.8423988842398884,0.08366533864541825,0.7206254653760236,0.69326905909659,0.6803601575689364,0.0791759465478842,0.5,0.7090725406349025,0.1434453904662832,0.25397711284060215,0.7558270478770368,0.27408714885857594,0.8576504669794951
2021-08-14 11:20:00,0.8354253835425384,-0.019920318725099695,0.731049888309754,0.7036243527941439,0.6754001387234823,0.07973273942093542,0.5,0.7090725406349025,0.1434453904662832,0.25397711284060215,0.7558270478770368,0.27408714885857594,0.7729529097575327
2021-08-14 11:30:00,0.896094839609484,-0.01195219123505975,0.7355174981384955,0.707909301910373,0.6893771839133109,0.11180400890868596,0.5,0.7090725406349025,0.1434453904662832,0.25397711284060215,0.7558270478770368,0.27408714885857594,0.7000316851999939
2021-08-14 11:40:00,0.9476987447698745,-0.14741035856573714,0.7381980640357406,0.7111230137475453,0.6898221460260957,0.1212694877505568,0.5,0.7090725406349025,0.1434453904662832,0.25397711284060215,0.7558270478770368,0.27408714885857594,0.7270621784329405
2021-08-14 11:50:00,0.9267782426778243,0.38645418326693215,0.7423678332092329,0.7111230137475453,0.6847050817290705,0.1259465478841871,0.5,0.7090725406349025,0.1434453904662832,0.25397711284060215,0.7558270478770368,0.27408714885857594,0.6641972328258672
2021-08-14 12:00:00,0.9107391910739191,-0.17131474103585675,0.7456440804169768,0.7121942510266024,0.6867728468414234,0.13184855233853007,0.5,0.7148295173507773,0.1413276169732226,0.24057970793946454,0.810003654500044,0.292513969893521,0.5507114081808169
2021-08-14 12:10:00,0.9435146443514644,-0.08366533864541836,0.7530900967982128,0.7111230137475453,0.6862755362447814,0.1648106904231626,0.5,0.7148295173507773,0.1413276169732226,0.24057970793946454,0.810003654500044,0.292513969893521,0.4243629011572642
2021-08-14 12:20:00,0.7838214783821479,-0.23505976095617542,0.7554728220402083,0.7111230137475453,0.6774024682310139,0.15233853006681514,0.5,0.7148295173507773,0.1413276169732226,0.24057970793946454,0.810003654500044,0.292513969893521,0.31060548908369423
2021-08-14 12:30:00,0.892608089260809,0.11553784860557759,0.7667907669396872,0.7171933583288699,0.6748112182800905,0.18396436525612472,0.5,0.7148295173507773,0.1413276169732226,0.24057970793946454,0.810003654500044,0.292513969893521,0.3066523831796853
2021-08-14 12:40:00,0.9267782426778243,-0.17131474103585675,0.767386448250186,0.7086234600964114,0.6676918244755337,0.48129175946547886,0.5,0.7148295173507773,0.1413276169732226,0.24057970793946454,0.810003654500044,0.292513969893521,0.2073117371033692
2021-08-14 12:50:00,0.8396094839609484,0.8884462151394421,0.7870439314966491,0.717907516514908,0.6571828663412336,0.9992204899777284,0.5,0.7148295173507773,0.1413276169732226,0.24057970793946454,0.810003654500044,0.292513969893521,0.0
2021-08-14 13:00:00,0.7900976290097629,0.43426294820717115,0.8129560685033506,0.7432601321192644,0.6571828663412336,0.9992204899777284,0.5,0.8674589915426569,0.11616433002784302,0.14574633091866562,0.8219232402627797,0.2967897439659764,0.0
2021-08-14 13:10:00,0.9218967921896792,0.44780876494023913,0.8156366344005956,0.7468309230494556,0.6571828663412336,0.9992204899777284,0.5,0.8674589915426569,0.11616433002784302,0.14574633091866562,0.8219232402627797,0.2967897439659764,0.0
2021-08-14 13:20:00,0.8584379358437936,0.4613545816733067,0.815934475055845,0.7468309230494556,0.6571828663412336,0.9993318485523385,0.5,0.8674589915426569,0.11616433002784302,0.14574633091866562,0.8219232402627797,0.2967897439659764,0.0
2021-08-14 13:30:00,0.897489539748954,0.4749003984063742,0.821295606850335,0.7450455275843599,0.6571828663412336,0.9992204899777284,0.5,0.8674589915426569,0.11616433002784302,0.14574633091866562,0.8219232402627797,0.2967897439659764,0.0
2021-08-14 13:40:00,0.8758716875871688,0.4884462151394422,0.8204020848845865,0.7400464202820924,0.6571828663412336,0.9992204899777284,0.5,0.8674589915426569,0.11616433002784302,0.14574633091866562,0.8219232402627797,0.2967897439659764,0.0
2021-08-14 13:50:00,0.8640167364016736,0.50199203187251,0.8242740134028292,0.738261024816997,0.6571828663412336,0.9993318485523385,0.5,0.8674589915426569,0.11616433002784302,0.14574633091866562,0.8219232402627797,0.2967897439659764,0.0
2021-08-14 14:00:00,0.8905160390516039,0.5155378486055775,0.8221891288160832,0.7343331547937868,0.6571828663412336,0.9993318485523385,0.5,0.8725482727602314,0.09644633584956629,0.13760714683820052,0.8182673171952176,0.2968388217001114,0.0
2021-08-14 14:10:00,0.7517433751743374,0.5290836653386453,0.8257632166790765,0.7318336011426532,0.6571828663412336,0.9993318485523385,0.5,0.8725482727602314,0.09644633584956629,0.13760714683820052,0.8182673171952176,0.2968388217001114,0.0
2021-08-14 14:20:00,0.8549511854951185,0.542629482071713,0.8317200297840655,0.7361185502588823,0.6571828663412336,0.9993318485523385,0.5,0.8725482727602314,0.09644633584956629,0.13760714683820052,0.8182673171952176,0.2968388217001114,0.0
2021-08-14 14:30:00,0.8333333333333333,0.5561752988047808,0.8299329858525686,0.731476522049634,0.6571828663412336,0.9992204899777284,0.5,0.8725482727602314,0.09644633584956629,0.13760714683820052,0.8182673171952176,0.2968388217001114,0.0
2021-08-14 14:40:00,0.7315202231520224,0.5697211155378485,0.8373790022338048,0.734690233886806,0.6535053853502768,0.9935412026726058,0.5,0.8725482727602314,0.09644633584956629,0.13760714683820052,0.8182673171952176,0.2968388217001114,0.0
2021-08-14 14:50:00,0.798465829846583,0.5359514323657748,0.8418466120625463,0.7361185502588823,0.6449333211186871,0.9992204899777284,0.5,0.8725482727602314,0.09644633584956629,0.13760714683820052,0.8182673171952176,0.2968388217001114,0.0
2021-08-14 15:00:00,0.8186889818688982,0.5021817491937013,0.8400595681310499,0.7318336011426532,0.6449333211186871,0.9992204899777284,0.5,0.8723283758412901,0.07018536983451498,0.1351141079824799,0.8192267280363316,0.2918363559357705,0.0
2021-08-14 15:10:00,0.7914923291492328,0.46841206602162755,0.8400595681310499,0.7289769683985003,0.6449333211186871,0.9992204899777284,0.5,0.8723283758412901,0.07018536983451498,0.1351141079824799,0.8192267280363316,0.2918363559357705,0.0
2021-08-14 15:20:00,0.8242677824267782,0.43464238284955403,0.8394638868205508,0.7254061774683094,0.6449333211186871,0.9992204899777284,0.5,0.8723283758412901,0.07018536983451498,0.1351141079824799,0.8192267280363316,0.2918363559357705,0.0
2021-08-14 15:30:00,0.7656903765690377,0.4008726996774805,0.8415487714072969,0.7221924656311371,0.6449333211186871,0.9992204899777284,0.5,0.8723283758412901,0.07018536983451498,0.1351141079824799,0.8192267280363316,0.2918363559357705,0.0
2021-08-14 15:40:00,0.8375174337517434,0.367103016505407,0.8478034251675353,0.7261203356543473,0.6449333211186871,0.9992204899777284,0.5,0.8723283758412901,0.07018536983451498,0.1351141079824799,0.8192267280363316,0.2918363559357705,0.0
2021-08-14 15:50:00,0.9295676429567643,0.33333333333333326,0.8454206999255398,0.7221924656311371,0.6449333211186871,0.9992204899777284,0.5,0.8723283758412901,0.07018536983451498,0.1351141079824799,0.8192267280363316,0.2918363559357705,0.0
2021-08-14 16:00:00,0.698744769874477,0.29956365016125974,0.8510796723752789,0.7229066238171755,0.6449333211186871,0.9992204899777284,0.5,0.9111371969329831,0.0545103977793543,0.11867582721169857,0.7896625534857282,0.29110809565703644,0.0
2021-08-14 16:10:00,0.7078103207810321,0.265793966989186,0.8534623976172746,0.7275486520264238,0.6449333211186871,0.9992204899777284,0.5,0.9111371969329831,0.0545103977793543,0.11867582721169857,0.7896625534857282,0.29110809565703644,0.0
2021-08-14 16:20:00,0.7705718270571827,0.2320242838171125,0.8567386448250183,0.7289769683985003,0.6449333211186871,0.9992204899777284,0.5,0.9111371969329831,0.0545103977793543,0.11867582721169857,0.7896625534857282,0.29110809565703644,0.0
2021-08-14 16:30:00,0.789400278940028,0.19825460064503875,0.8567386448250183,0.7261203356543473,0.6449333211186871,0.9992204899777284,0.5,0.9111371969329831,0.0545103977793543,0.11867582721169857,0.7896625534857282,0.29110809565703644,0.0
2021-08-14 16:40:00,0.7182705718270572,0.16448491747296523,0.8561429635145197,0.727905731119443,0.6449333211186871,0.9992204899777284,0.5,0.9111371969329831,0.0545103977793543,0.11867582721169857,0.7896625534857282,0.29110809565703644,0.0
2021-08-14 16:50:00,0.6617852161785216,0.1307152343008915,0.859121370067014,0.7264774147473667,0.6449333211186871,0.9992204899777284,0.5,0.9111371969329831,0.0545103977793543,0.11867582721169857,0.7896625534857282,0.29110809565703644,0.0
2021-08-14 17:00:00,0.7259414225941423,0.09694555112881797,0.863291139240506,0.7289769683985003,0.6449333211186871,0.9992204899777284,0.5,0.9081405886086524,0.045484717261432654,0.12014420794878536,0.771406805888406,0.28772248586817245,0.0
2021-08-14 17:10:00,0.7440725244072525,0.06317586795674424,0.8629932985852566,0.7289769683985003,0.6449333211186871,0.9992204899777284,0.5,0.9081405886086524,0.045484717261432654,0.12014420794878536,0.771406805888406,0.28772248586817245,0.0
2021-08-14 17:20:00,0.702231520223152,0.02940618478467072,0.8635889798957557,0.7289769683985003,0.6449333211186871,0.9992204899777284,0.5,0.9081405886086524,0.045484717261432654,0.12014420794878536,0.771406805888406,0.28772248586817245,0.0
2021-08-14 17:30:00,0.6534170153417015,-0.00436349838740302,0.8623976172747578,0.7289769683985003,0.6449333211186871,0.9992204899777284,0.5,0.9081405886086524,0.045484717261432654,0.12014420794878536,0.771406805888406,0.28772248586817245,0.0
2021-08-14 17:40:00,0.7071129707112971,-0.038133181559476426,0.8600148920327622,0.731476522049634,0.6449333211186871,0.9992204899777284,0.5,0.9081405886086524,0.045484717261432654,0.12014420794878536,0.771406805888406,0.28772248586817245,0.0
2021-08-14 17:50:00,0.7238493723849373,-0.07190286473155005,0.8612062546537602,0.7289769683985003,0.6449333211186871,0.9992204899777284,0.5,0.9081405886086524,0.045484717261432654,0.12014420794878536,0.771406805888406,0.28772248586817245,0.0
2021-08-14 18:00:00,0.909344490934449,-0.10567254790362368,0.8579300074460161,0.7286198893054812,0.6689351009671383,0.7728285077951003,0.5,0.8256699051404781,0.018956515242509867,0.14545440480615388,0.7617816874962539,0.29368742902024675,0.07900176531828539
2021-08-14 18:10:00,0.7761506276150628,-0.1394422310756973,0.845718540580789,0.7289769683985003,0.6712776956197407,0.031403118040089086,0.5,0.8256699051404781,0.018956515242509867,0.14545440480615388,0.7617816874962539,0.29368742902024675,0.9184935950631441
2021-08-14 18:20:00,0.8054393305439331,0.19521912350597592,0.8332092330603125,0.734690233886806,0.675190744788054,0.026391982182628063,0.5,0.8256699051404781,0.018956515242509867,0.14545440480615388,0.7617816874962539,0.29368742902024675,0.9975481690480861
2021-08-14 18:30:00,0.7147838214783822,0.03585657370517925,0.8332092330603125,0.7486163185145509,0.6779783015534412,0.011692650334075724,0.5,0.8256699051404781,0.018956515242509867,0.14545440480615388,0.7617816874962539,0.29368742902024675,0.8523922325995444
2021-08-14 18:40:00,0.8444909344490934,-0.059760956175298974,0.8332092330603125,0.7661131940724872,0.6857913127691039,0.027394209354120267,0.5,0.8256699051404781,0.018956515242509867,0.14545440480615388,0.7617816874962539,0.29368742902024675,0.8698454969295534
2021-08-14 18:50:00,0.9344490934449093,0.05976095617529875,0.8346984363365599,0.7768255668630601,0.6787635288112968,0.06280623608017817,0.5,0.8256699051404781,0.018956515242509867,0.14545440480615388,0.7617816874962539,0.29368742902024675,0.8872987612595622
2021-08-14 19:00:00,0.796373779637378,0.05976095617529875,0.8355919583023079,0.7878950187466525,0.6722330554501315,0.032739420935412024,0.5,0.8223883613727196,0.02135301876111625,0.14148778583427907,0.7836633426693128,0.2886848148723138,0.9047520255895711
2021-08-14 19:10:00,0.7622036262203626,-0.07569721115537853,0.8329113924050631,0.807891447955722,0.6758058394733742,0.0378619153674833,0.5,0.8223883613727196,0.02135301876111625,0.14148778583427907,0.7836633426693128,0.2886848148723138,0.9222052899195801
2021-08-14 19:20:00,0.810320781032078,0.019920318725099362,0.8311243484735664,0.8214604534904482,0.6792084909240816,0.02906458797327394,0.5,0.8223883613727196,0.02135301876111625,0.14148778583427907,0.7836633426693128,0.2886848148723138,0.9479155664861113
2021-08-14 19:30:00,0.8326359832635983,-0.003984063745020028,0.8311243484735664,0.8293161935368685,0.6798366727303661,0.027060133630289536,0.5,0.8223883613727196,0.02135301876111625,0.14148778583427907,0.7836633426693128,0.2886848148723138,0.973625918493595
2021-08-14 19:40:00,0.7677824267782427,-0.15537848605577698,0.8278481012658225,0.837529012676308,0.6739998167803065,0.015256124721603564,0.5,0.8223883613727196,0.02135301876111625,0.14148778583427907,0.7836633426693128,0.2886848148723138,0.9993361196191741
2021-08-14 19:50:00,0.7370990237099024,0.12350597609561742,0.8242740134028292,0.8478843063738619,0.6736988129981285,0.005345211581291759,0.5,0.8223883613727196,0.02135301876111625,0.14148778583427907,0.7836633426693128,0.2886848148723138,0.9629774280670519
2021-08-14 20:00:00,0.7161785216178521,0.15537848605577675,0.8218912881608338,0.8543117300482057,0.6760283205297667,0.004677060133630289,0.5,0.8233003348983714,0.01698241702034482,0.13183926005480656,0.7499908880832324,0.2893763782770766,0.926618585633025
2021-08-14 20:10:00,0.7182705718270572,0.01195219123505975,0.8189128816083393,0.8618103910016068,0.6736857258771642,0.00512249443207127,0.5,0.8233003348983714,0.01698241702034482,0.13183926005480656,0.7499908880832324,0.2893763782770766,0.9635997404831239
2021-08-14 20:20:00,0.6450488145048815,-0.02788844621513953,0.8138495904690988,0.8710944474201037,0.6736464645142715,0.0010022271714922048,0.5,0.8233003348983714,0.01698241702034482,0.13183926005480656,0.7499908880832324,0.2893763782770766,0.8112995458454668
2021-08-14 20:30:00,0.6569037656903766,0.05976095617529875,0.8093819806403573,0.8782360292804858,0.6736464645142715,0.0023385300668151447,0.5,0.8233003348983714,0.01698241702034482,0.13183926005480656,0.7499908880832324,0.2893763782770766,0.8649682393590536
2021-08-14 20:40:00,0.6366806136680614,-0.0916334661354582,0.8031273268801189,0.8782360292804858,0.6736464645142715,0.006124721603563475,0.5,0.8233003348983714,0.01698241702034482,0.13183926005480656,0.7499908880832324,0.2893763782770766,0.7862305173740514
2021-08-14 20:50:00,0.7126917712691772,-0.29083665338645437,0.7995532390171258,0.882520978396715,0.6697726767088508,0.010133630289532295,0.5,0.8233003348983714,0.01698241702034482,0.13183926005480656,0.7499908880832324,0.2893763782770766,0.8713882644054498
2021-08-14 21:00:00,0.7161785216178521,0.027888446215139417,0.7974683544303796,0.8743081592572755,0.6636740783395061,0.004008908685968819,0.5,0.8308976350324841,0.012919280359300804,0.1235667943304449,0.7150560108415754,0.2898627474586808,0.9391266955354044
2021-08-14 21:10:00,0.7907949790794979,-0.003984063745020028,0.7974683544303796,0.865738261024817,0.6636740783395061,0.005456570155902005,0.5,0.8308976350324841,0.012919280359300804,0.1235667943304449,0.7150560108415754,0.2898627474586808,0.9511881949997737
2021-08-14 21:20:00,0.7775453277545328,0.003984063745019917,0.7974683544303796,0.8603820746295305,0.6636740783395061,0.0012249443207126948,0.5,0.8308976350324841,0.012919280359300804,0.1235667943304449,0.7150560108415754,0.2898627474586808,0.963249694464143
2021-08-14 21:30:00,0.7866108786610878,-0.09960159362549814,0.7921072226358896,0.8607391537225495,0.663569381371792,0.007795100222717149,0.5,0.8308976350324841,0.012919280359300804,0.1235667943304449,0.7150560108415754,0.2898627474586808,0.9753111939285123
2021-08-14 21:40:00,0.7726638772663877,-0.10756972111553798,0.790320178704393,0.8614533119085876,0.663569381371792,0.01024498886414254,0.5,0.8308976350324841,0.012919280359300804,0.1235667943304449,0.7150560108415754,0.2898627474586808,0.9873726933928814
2021-08-14 21:50:00,0.7615062761506276,-0.3466135458167332,0.7876396128071479,0.8675236564899125,0.663569381371792,0.01247216035634744,0.5,0.8308976350324841,0.012919280359300804,0.1235667943304449,0.7150560108415754,0.2898627474586808,0.9994341928572507
2021-08-14 22:00:00,0.7789400278940027,-0.33864541832669326,0.7825763216679076,0.8718086056061418,0.663569381371792,0.03485523385300668,0.5,0.7402270611625619,0.028120124020494068,0.16092851779525533,0.7645451921306612,0.27015648862340175,0.9833728140984052
2021-08-14 22:10:00,0.7594142259414226,-0.23505976095617542,0.7793000744601637,0.8718086056061418,0.6569996466477339,0.03452115812917595,0.5,0.7402270611625619,0.028120124020494068,0.16092851779525533,0.7645451921306612,0.27015648862340175,0.9553314121037464
2021-08-14 22:20:00,0.7817294281729429,-0.003984063745020028,0.7757259865971702,0.8678807355829314,0.6535839080760623,0.0658129175946548,0.5,0.7402270611625619,0.028120124020494068,0.16092851779525533,0.7645451921306612,0.27015648862340175,0.8553872384084976
2021-08-14 22:30:00,0.698744769874477,-0.3466135458167332,0.7700670141474311,0.8671665773968935,0.6430880370627265,0.025835189309576838,0.5,0.7402270611625619,0.028120124020494068,0.16092851779525533,0.7645451921306612,0.27015648862340175,0.8128687176546917
2021-08-14 22:40:00,0.7726638772663877,-0.11553784860557781,0.762025316455696,0.8696661310480271,0.6338092682990668,0.04476614699331848,0.5,0.7402270611625619,0.028120124020494068,0.16092851779525533,0.7645451921306612,0.27015648862340175,0.9167358208730028
2021-08-14 22:50:00,0.9114365411436541,0.40239043824701204,0.7629188384214443,0.8496697018389574,0.6338092682990668,0.1046770601336303,0.5,0.7402270611625619,0.028120124020494068,0.16092851779525533,0.7645451921306612,0.27015648862340175,0.8582087300270078
2021-08-14 23:00:00,0.9358437935843794,0.5537848605577689,0.7587490692479522,0.8211033743974292,0.6338092682990668,0.11325167037861916,0.5,0.6716073153998219,0.05113977592404795,0.18546590938344623,0.8651978043775497,0.235154195286908,0.8421624394586357
2021-08-14 23:10:00,0.997907949790795,0.5776892430278884,0.7530900967982128,0.7989644706302446,0.6338092682990668,0.12360801781737193,0.5,0.6716073153998219,0.05113977592404795,0.18546590938344623,0.8651978043775497,0.235154195286908,0.8860162650693303
2021-08-14 23:20:00,0.9783821478382148,0.5617529880478087,0.7483246463142217,0.7807534368862703,0.6338092682990668,0.10434298440979956,0.5,0.6716073153998219,0.05113977592404795,0.18546590938344623,0.8651978043775497,0.235154195286908,0.8919057893386847
2021-08-14 23:30:00,0.9784373779637378,0.5298804780876492,0.746537602382725,0.7675415104445635,0.6338092682990668,0.111358574610245,0.5,0.6716073153998219,0.05113977592404795,0.18546590938344623,0.8651978043775497,0.235154195286908,0.8977954644899436
2021-08-14 23:40:00,0.9784926080892609,0.49003984063745,0.746537602382725,0.7607570076772003,0.6338092682990668,0.12461024498886414,0.5,0.6716073153998219,0.05113977592404795,0.18546590938344623,0.8651978043775497,0.235154195286908,0.9036850642002504
2021-08-14 23:50:00,0.9785478382147837,0.22709163346613526,0.7441548771407294,0.7579003749330475,0.6405753098375888,0.11826280623608017,0.5,0.6716073153998219,0.05113977592404795,0.18546590938344623,0.8651978043775497,0.235154195286908,0.9095746639105572
2021-08-15 00:00:00,0.9786030683403069,-0.08764940239043839,0.7346239761727476,0.7614711658632387,0.6441284631793852,0.12293986636971047,0.5,0.6629759027263813,0.04883235107339872,0.18378574905995862,0.8655985835199035,0.21875154485485196,0.9154643390618163
2021-08-15 00:10:00,0.9786582984658299,-0.40239043824701204,0.7250930752047653,0.7650419567934299,0.6476816165211815,0.12761692650334078,0.5,0.6629759027263813,0.04883235107339872,0.18378574905995862,0.8659992722541494,0.21875154485485196,0.9213539387721231
2021-08-15 00:20:00,0.9787135285913529,-0.3705179282868527,0.7230081906180192,0.7611140867702197,0.6476816165211815,0.12661469933184855,0.5,0.6629759027263813,0.04883235107339872,0.18378574905995862,0.8663999609883952,0.21875154485485196,0.9272435384824299
2021-08-15 00:30:00,0.9787687587168759,-0.4183266932270917,0.7212211466865226,0.7611140867702197,0.6476947036421458,0.12884187082405346,0.5,0.6629759027263813,0.04883235107339872,0.18378574905995862,0.866800649722641,0.21875154485485196,0.9331331381927365
2021-08-15 00:40:00,0.978823988842399,-0.5378486055776892,0.7197319434102754,0.7557579003749331,0.6477339650050385,0.14365256124721604,0.5,0.6629759027263813,0.04883235107339872,0.18378574905995862,0.8672014288649948,0.21875154485485196,0.9390228133439956
2021-08-15 00:50:00,0.9788792189679218,-0.49800796812749004,0.7197319434102754,0.7457596857703983,0.6478124877308241,0.1512249443207127,0.5,0.6629759027263813,0.04883235107339872,0.18378574905995862,0.8676021175992407,0.21875154485485196,0.9449124130543024
2021-08-15 01:00:00,0.978934518828452,-0.42629482071713154,0.7182427401340281,0.737903945723978,0.6478124877308241,0.15523385300668152,0.5,0.6191918012769564,0.042717531543906825,0.21151543258136365,0.8680028063334865,0.2204214429627931,0.9508019373236568
2021-08-15 01:10:00,0.9789897140864715,-0.5139442231075697,0.7182427401340281,0.731476522049634,0.6478124877308241,0.15913140311804008,0.5,0.6191918012769564,0.042717531543906825,0.21151543258136365,0.8684035854758404,0.2204214429627931,0.956691612474916
2021-08-15 01:20:00,0.979044979079498,-0.6334661354581674,0.7134772896500372,0.7261203356543473,0.6478124877308241,0.1623608017817372,0.5,0.6191918012769564,0.042717531543906825,0.21151543258136365,0.8688041838019783,0.2204214429627931,0.962581287626175
2021-08-15 01:30:00,0.9791002092050209,-0.6414342629482073,0.7069247952345492,0.7143367255847171,0.6453913703524361,0.16703786191536749,0.5,0.6191918012769564,0.042717531543906825,0.21151543258136365,0.8692049629443321,0.2204214429627931,0.8721049534529324
2021-08-15 01:40:00,0.9791554393305439,0.1633466135458166,0.7045420699925538,0.7075522228173541,0.6339532266296737,0.17783964365256125,0.5,0.6191918012769564,0.042717531543906825,0.21151543258136365,0.8696057420866858,0.2204214429627931,0.8860162650693303
2021-08-15 01:50:00,0.9792106694560669,0.21912350597609564,0.7045420699925538,0.7064809855382967,0.6339270523877452,0.16926503340757237,0.5,0.6191918012769564,0.042717531543906825,0.21151543258136365,0.8700064308209319,0.2204214429627931,0.8872741675090907
2021-08-15 02:00:00,0.97926589958159,0.17928286852589648,0.7015636634400593,0.7004106409569719,0.6339008781458167,0.16291759465478844,0.5,0.6290528089471663,0.04374337297812868,0.21090215947966645,0.8704071195551777,0.22324900679255094,0.8885321453898035
2021-08-15 02:10:00,0.9793211297071129,0.298804780876494,0.6973938942665674,0.6996964827709338,0.6338223554200312,0.16948775055679288,0.5,0.6290528089471663,0.04374337297812868,0.21090215947966645,0.8708078082894235,0.22324900679255094,0.8897901987114686
2021-08-15 02:20:00,0.979376359832636,0.3545816733067728,0.6962025316455693,0.6943402963756471,0.6338092682990668,0.18964365256124724,0.5,0.6290528089471663,0.04374337297812868,0.21090215947966645,0.8712085874317773,0.22324900679255094,0.8910481765921813
2021-08-15 02:30:00,0.9794316596931659,0.17928286852589648,0.6881608339538345,0.6886270308873417,0.6338092682990668,0.19287305122494433,0.5,0.6290528089471663,0.04374337297812868,0.21090215947966645,0.8716091857579154,0.22324900679255094,0.7260210932902817
2021-08-15 02:40:00,0.9794868200836819,0.08366533864541825,0.6777364110201041,0.6807712908409214,0.6338092682990668,0.1930957683741648,0.5,0.6290528089471663,0.04374337297812868,0.21090215947966645,0.872009964900269,0.22324900679255094,0.6525944143518868
2021-08-15 02:50:00,0.9795421199442119,0.019920318725099362,0.6661206254653758,0.6704159971433674,0.6338092682990668,0.18630289532293987,0.5,0.6290528089471663,0.04374337297812868,0.21090215947966645,0.8724107440426229,0.22324900679255094,0.7213286660530802
2021-08-15 03:00:00,0.979597280334728,0.043824701195219085,0.6619508562918837,0.6557757543295839,0.6338092682990668,0.1910913140311804,0.5,0.6290039133179885,0.04018309976523369,0.2183342280069753,0.8728113423687608,0.22690101486821623,0.6462271979721472
2021-08-15 03:10:00,0.979652580195258,-0.09960159362549814,0.6562918838421443,0.6436350651669345,0.6338092682990668,0.18830734966592427,0.5,0.6290039133179885,0.04018309976523369,0.2183342280069753,0.8732121215111145,0.22690101486821623,0.6629600012070552
2021-08-15 03:20:00,0.979707740585774,-0.08366533864541836,0.6515264333581532,0.6322085341903232,0.6338092682990668,0.18106904231625837,0.5,0.6290039133179885,0.04018309976523369,0.2183342280069753,0.8736128102453605,0.22690101486821623,0.7035170571993301
2021-08-15 03:30:00,0.979763040446304,-0.1394422310756973,0.6470588235294115,0.6264952687020175,0.6338092682990668,0.17616926503340757,0.5,0.6290039133179885,0.04018309976523369,0.2183342280069753,0.8740135441836603,0.22690101486821623,0.6923819726300224
2021-08-15 03:40:00,0.97981820083682,-0.17928286852589637,0.6381236038719285,0.6193536868416356,0.6338092682990668,0.183184855233853,0.5,0.6290039133179885,0.04018309976523369,0.2183342280069753,0.8744142781219602,0.22690101486821623,0.6512289331140516
2021-08-15 03:50:00,0.9798735006973501,-0.09960159362549814,0.6360387192851822,0.600428494911623,0.6338092682990668,0.1933184855233853,0.5,0.6290039133179885,0.04018309976523369,0.2183342280069753,0.874814966856206,0.22690101486821623,0.6957994477722287
2021-08-15 04:00:00,0.979928730822873,0.15537848605577675,0.6348473566641846,0.5850740939118015,0.6338092682990668,0.19821826280623608,0.5,0.5353856601060025,0.043381311295462875,0.288345008475622,0.8752157459985598,0.2293440540119209,0.6895529369162756
2021-08-15 04:10:00,0.9799839609483961,0.01195219123505975,0.6303797468354431,0.5761471165863239,0.6441480938608316,0.1769487750556793,0.5,0.5353856601060025,0.043381311295462875,0.288345008475622,0.8756163443246977,0.2293440540119209,0.6399882312114309
2021-08-15 04:20:00,0.9800391910739191,-0.49800796812749004,0.6175725986597167,0.5647205856097126,0.6477208778840744,0.19443207126948778,0.5,0.5353856601060025,0.043381311295462875,0.288345008475622,0.8760171234670515,0.2293440540119209,0.6348582464505031
2021-08-15 04:30:00,0.9800944211994421,-0.5298804780876495,0.622338049143708,0.549009105516872,0.6477208778840744,0.19888641425389755,0.5,0.5353856601060025,0.043381311295462875,0.288345008475622,0.8764179026094053,0.2293440540119209,0.6899452298685819
2021-08-15 04:40:00,0.9801496861924687,-0.4422310756972112,0.6226358897989572,0.5404392072844135,0.6477208778840744,0.19287305122494433,0.5,0.5353856601060025,0.043381311295462875,0.288345008475622,0.8768185009355433,0.2293440540119209,0.6942227318677672
2021-08-15 04:50:00,0.9802048814504882,-0.2828685258964144,0.6169769173492181,0.5390108909123372,0.6477208778840744,0.1765033407572383,0.5,0.5353856601060025,0.043381311295462875,0.288345008475622,0.877219280077897,0.2293440540119209,0.6147984972162289
2021-08-15 05:00:00,0.9802601813110182,-0.3784860557768924,0.6098287416232313,0.5397250490983752,0.6477208778840744,0.16391982182628065,0.5,0.5268275241701499,0.047349622277712576,0.31252199432456074,0.877619968812143,0.2276140324841376,0.6449597899723886
2021-08-15 05:10:00,0.9803153417015342,-0.45019920318725104,0.6026805658972447,0.5397250490983752,0.6477208778840744,0.1522271714922049,0.5,0.5268275241701499,0.047349622277712576,0.31252199432456074,0.8780206575463888,0.2276140324841376,0.7287671439564253
2021-08-15 05:20:00,0.9803706415620641,-0.6334661354581674,0.5976172747580044,0.5350830208891268,0.6477208778840744,0.15501113585746104,0.5,0.5268275241701499,0.047349622277712576,0.31252199432456074,0.8784214366887425,0.2276140324841376,0.6799719359657197
2021-08-15 05:30:00,0.9804258716875872,-0.5856573705179284,0.596723752792256,0.5272272808427065,0.6477208778840744,0.1522271714922049,0.5,0.5268275241701499,0.047349622277712576,0.31252199432456074,0.8788221254229884,0.2276140324841376,0.7061801228178705
2021-08-15 05:40:00,0.9804811018131101,-0.4900398406374503,0.5937453462397615,0.5257989644706302,0.6477208778840744,0.1601336302895323,0.5,0.5268275241701499,0.047349622277712576,0.31252199432456074,0.8792229045653421,0.2276140324841376,0.6841061001554083
2021-08-15 05:50:00,0.9805363319386332,-0.5298804780876495,0.5910647803425166,0.522228173540439,0.6477208778840744,0.15824053452115813,0.5,0.5268275241701499,0.047349622277712576,0.31252199432456074,0.8796235028914802,0.2276140324841376,0.6906166543446445
2021-08-15 06:00:00,0.9805915620641562,-0.5378486055776892,0.5889798957557706,0.5168719871451526,0.6477208778840744,0.15868596881959912,0.5,0.5249139573674138,0.07417092184927197,0.36212191478674244,0.880024282033834,0.21812453525942888,0.7007860947236598
2021-08-15 06:10:00,0.9806467921896792,-0.3466135458167332,0.5889798957557706,0.5147295125870381,0.6417008022405152,0.15734966592427618,0.5,0.5249139573674138,0.07417092184927197,0.36212191478674244,0.8804249707680798,0.21812453525942888,0.6487997344478477
2021-08-15 06:20:00,0.9807020223152022,0.25099601593625476,0.5883842144452716,0.5147295125870381,0.6339008781458167,0.1655902004454343,0.5,0.5249139573674138,0.07417092184927197,0.36212191478674244,0.8808256595023256,0.21812453525942888,0.6184045747393515
2021-08-15 06:30:00,0.9807572524407253,0.21912350597609564,0.5809381980640356,0.514372433494019,0.6339008781458167,0.17082405345211582,0.5,0.5249139573674138,0.07417092184927197,0.36212191478674244,0.8812264386446794,0.21812453525942888,0.6090348084554219
2021-08-15 06:40:00,0.9808124825662483,0.4422310756972112,0.5806403574087862,0.5061596143545797,0.6338485296619597,0.17193763919821825,0.5,0.5249139573674138,0.07417092184927197,0.36212191478674244,0.8816271273789252,0.21812453525942888,0.6994507898667712
2021-08-15 06:50:00,0.9808677126917713,0.298804780876494,0.5776619508562917,0.5036600607034458,0.6337830940571383,0.16937639198218266,0.5,0.5249139573674138,0.07417092184927197,0.36212191478674244,0.8820278161131713,0.21812453525942888,0.699103761485885
2021-08-15 07:00:00,0.9809230125523012,0.3705179282868525,0.575874906924795,0.4990180324941975,0.6337830940571383,0.17538975501113585,0.5,0.5266809706949749,0.09443775556238665,0.3721901953153087,0.8824285048474171,0.21657119413027542,0.7046109510086456
2021-08-15 07:10:00,0.9809781729428173,0.4661354581673305,0.5767684288905432,0.49401892519193,0.6337830940571383,0.18262806236080179,0.5,0.5266809706949749,0.09443775556238665,0.3721901953153087,0.8828292839897709,0.21657119413027542,0.7270470902424673
2021-08-15 07:20:00,0.9810334728033473,0.49003984063745,0.5788533134772895,0.49009105516871987,0.6337830940571383,0.1759465478841871,0.5,0.5266809706949749,0.09443775556238665,0.3721901953153087,0.8832300179280708,0.21657119413027542,0.8074294249890611
2021-08-15 07:30:00,0.9810886331938633,0.3067729083665336,0.5740878629932984,0.49009105516871987,0.6337830940571383,0.15913140311804008,0.5,0.5266809706949749,0.09443775556238665,0.3721901953153087,0.8836306614582626,0.21657119413027542,0.777494455090001
2021-08-15 07:40:00,0.9811439330543933,0.4581673306772909,0.5714072970960533,0.4868773433315481,0.6337830940571383,0.17037861915367486,0.5,0.5266809706949749,0.09443775556238665,0.3721901953153087,0.8840314406006164,0.21657119413027542,0.7579627925222928
2021-08-15 07:50:00,0.9811990934449093,0.6334661354581672,0.575874906924795,0.4861631851455097,0.6338485296619597,0.17928730512249447,0.5,0.5266809706949749,0.09443775556238665,0.3721901953153087,0.8844321293348623,0.21657119413027542,0.7783167614707969
2021-08-15 08:00:00,0.9812543933054393,-0.31474103585657376,0.5749813849590466,0.48901981788966253,0.6475245710696104,0.1690423162583519,0.5,0.5144748405972468,0.09486590786966932,0.3942169208845996,0.8848328180691081,0.2185410716214279,0.7573894412843069
2021-08-15 08:10:00,0.9813095885634588,-0.5697211155378487,0.5708116157855547,0.48901981788966253,0.6476947036421458,0.16870824053452116,0.5,0.5144748405972468,0.09486590786966932,0.3942169208845996,0.8852335972114619,0.2185410716214279,0.7980294823241848
2021-08-15 08:20:00,0.9813648535564854,-0.4422310756972112,0.5752792256142962,0.4865202642385287,0.6476947036421458,0.17806236080178175,0.5,0.5144748405972468,0.09486590786966932,0.3942169208845996,0.8856342859457078,0.2185410716214279,0.8553117974561311
2021-08-15 08:30:00,0.9814200836820083,-0.29083665338645437,0.5854058078927771,0.4911622924477772,0.6477077907631099,0.1789532293986637,0.5,0.5144748405972468,0.09486590786966932,0.3942169208845996,0.8860349746799536,0.2185410716214279,0.8772198500233866
2021-08-15 08:40:00,0.9814753138075314,-0.07569721115537853,0.591362620997766,0.5022317443313695,0.6477208778840744,0.16280623608017816,0.5,0.5144748405972468,0.09486590786966932,0.3942169208845996,0.8864356634141995,0.2185410716214279,0.8681292152632135
2021-08-15 08:50:00,0.9815306136680614,-0.059760956175298974,0.6023827252419953,0.5104445634708088,0.6477208778840744,0.19097995545657015,0.5,0.5144748405972468,0.09486590786966932,0.3942169208845996,0.8868364425565533,0.2185410716214279,0.8636027581212186
2021-08-15 09:00:00,0.9815857740585774,0.15537848605577675,0.6056589724497392,0.517586145331191,0.6477208778840744,0.17962138084632517,0.5,0.5114294033499176,0.09802676382946325,0.39987866424654595,0.8872371764948531,0.21789396466331062,0.86827255307271
2021-08-15 09:10:00,0.9816410739191075,0.15537848605577675,0.6137006701414742,0.525441885377611,0.6477208778840744,0.17861915367483297,0.5,0.5114294033499176,0.09802676382946325,0.39987866424654595,0.8876378200250451,0.21789396466331062,0.8796867691657739
2021-08-15 09:20:00,0.9816962343096235,0.29083665338645415,0.6232315711094563,0.5343688627030887,0.6477208778840744,0.17048997772828509,0.5,0.5114294033499176,0.09802676382946325,0.39987866424654595,0.8880385991673989,0.21789396466331062,0.9215338654435173
2021-08-15 09:30:00,0.9817515341701535,0.1394422310756971,0.6324646314221889,0.5447241564006426,0.6555600633416654,0.14855233853006683,0.5,0.5114294033499176,0.09802676382946325,0.39987866424654595,0.8884392879016447,0.21789396466331062,0.752085972509317
2021-08-15 09:40:00,0.9818066945606695,-0.1394422310756973,0.6321667907669395,0.5550794500981968,0.65751004436534,0.2378619153674833,0.5,0.5114294033499176,0.09802676382946325,0.39987866424654595,0.8888399766358905,0.21789396466331062,0.5826380192223546
2021-08-15 09:50:00,0.9818619944211994,-0.1394422310756973,0.6396128071481755,0.5647205856097126,0.6613314836869038,0.24632516703786195,0.5,0.5114294033499176,0.09802676382946325,0.39987866424654595,0.8892406653701365,0.21789396466331062,0.36582826621603276
2021-08-15 10:00:00,0.9819171548117156,-0.06772908366533881,0.6399106478034249,0.5597214783074451,0.6617371844367957,0.2083518930957684,0.5,0.7128426738104536,0.09248377187814957,0.304549824444868,0.8896414445124903,0.23170629995698505,0.5820043152224754
2021-08-15 10:10:00,0.9819724546722455,0.043824701195219085,0.6434847356664184,0.5568648455632923,0.6617371844367957,0.21547884187082408,0.5,0.7128426738104536,0.09248377187814957,0.304549824444868,0.8900421332467361,0.23170629995698505,0.5419074490396367
2021-08-15 10:20:00,0.9820276847977685,-0.3705179282868527,0.6470588235294115,0.5590073201214067,0.6617371844367957,0.5437639198218263,0.5,0.7128426738104536,0.09248377187814957,0.304549824444868,0.8904428219809819,0.23170629995698505,0.16983267196765092
2021-08-15 10:30:00,0.9820829149232915,-0.3120849933598938,0.6780342516753535,0.5725763256561329,0.6617371844367957,0.9992204899777284,0.5,0.7128426738104536,0.09248377187814957,0.304549824444868,0.8908436011233357,0.23170629995698505,0.0
2021-08-15 10:40:00,0.9821381450488146,-0.2536520584329349,0.7030528667163065,0.5943581503302982,0.6617371844367957,0.9992204899777284,0.5,0.7128426738104536,0.09248377187814957,0.304549824444868,0.8912442446535277,0.23170629995698505,0.0
2021-08-15 10:50:00,0.9821933751743375,-0.19521912350597614,0.7167535368577809,0.6011426530976611,0.6617371844367957,0.9992204899777284,0.5,0.7128426738104536,0.09248377187814957,0.304549824444868,0.8916449785918276,0.23170629995698505,0.0
2021-08-15 11:00:00,0.9822486052998606,-0.856573705179283,0.7274758004467607,0.6075700767720049,0.6617371844367957,0.9992204899777284,0.5,0.736261478882658,0.09014761197332291,0.29386941214171686,0.8920457577341813,0.2443945295069888,0.0
2021-08-15 11:10:00,0.9823038354253836,-0.17131474103585675,0.7376023827252418,0.6111408677021961,0.6653884911858241,0.816369710467706,0.5,0.736261478882658,0.09014761197332291,0.29386941214171686,0.8924464464684272,0.2443945295069888,0.03710940446912202
2021-08-15 11:20:00,0.9823590655509066,0.07569721115537842,0.729560685033507,0.6118550258882343,0.6646556124118255,0.30155902004454344,0.5,0.736261478882658,0.09014761197332291,0.29386941214171686,0.892847135202673,0.2443945295069888,0.2575101468080933
2021-08-15 11:30:00,0.9824142956764296,-0.1633466135458168,0.7298585256887564,0.5986430994465273,0.6744578660140556,0.22338530066815143,0.5,0.736261478882658,0.09014761197332291,0.29386941214171686,0.8932478239369189,0.2443945295069888,0.5100110143790455
2021-08-15 11:40:00,0.982469560669456,0.05179282868525892,0.7402829486224869,0.5986430994465273,0.6744709531350198,0.2417594654788419,0.5,0.736261478882658,0.09014761197332291,0.29386941214171686,0.8936486030792727,0.2443945295069888,0.49778203600042253
2021-08-15 11:50:00,0.9825248256624826,0.13147410358565725,0.7471332836932238,0.6018568112836993,0.6744840402559841,0.25233853006681517,0.5,0.736261478882658,0.09014761197332291,0.29386941214171686,0.8940492918135186,0.2443945295069888,0.46921254733919765
2021-08-15 12:00:00,0.9825800557880056,0.07569721115537842,0.7551749813849589,0.6093554722371006,0.6745102144979126,0.25757238307349667,0.5,0.7555518718921173,0.08470806621705719,0.2754236637944536,0.8944499805477644,0.26139510329383503,0.5262760837092808
2021-08-15 12:10:00,0.9826352859135286,-0.08366533864541836,0.7608339538346982,0.6136404213533297,0.679430971980474,0.24075723830734969,0.5,0.7555518718921173,0.08470806621705719,0.2754236637944536,0.8948507596901182,0.26139510329383503,0.49357997495360384
2021-08-15 12:20:00,0.9826905160390517,0.24302788844621515,0.769471332836932,0.6279235850740938,0.6745102144979126,0.2684855233853007,0.5,0.7555518718921173,0.08470806621705719,0.2754236637944536,0.8952513580162562,0.26139510329383503,0.5024669191423873
2021-08-15 12:30:00,0.9827457461645747,0.15537848605577675,0.7721518987341771,0.6272094268880557,0.6744971273769483,0.2570155902004454,0.5,0.7555518718921173,0.08470806621705719,0.2754236637944536,0.8956521371586099,0.26139510329383503,0.5085700921888437
2021-08-15 12:40:00,0.9828009762900977,0.33864541832669315,0.7793000744601637,0.6339939296554187,0.6744709531350198,0.2871937639198218,0.5,0.7555518718921173,0.08470806621705719,0.2754236637944536,0.8960529163009637,0.26139510329383503,0.38846809602124416
2021-08-15 12:50:00,0.9828562064156207,-0.08366533864541836,0.7825763216679076,0.6361364042135333,0.6744709531350198,0.28273942093541204,0.5,0.7555518718921173,0.08470806621705719,0.2754236637944536,0.8964536050352095,0.26139510329383503,0.3356066206979797
2021-08-15 13:00:00,0.9829114365411438,0.06772908366533859,0.7855547282204018,0.6382788787716478,0.6818128279959692,0.2907572383073497,0.5,0.8717014044652447,0.0705761665713624,0.21722118044419692,0.8968542937694556,0.2756405533425216,0.3308010320322284
2021-08-15 13:10:00,0.9829666666666667,0.2749003984063745,0.790320178704393,0.6429209069808963,0.6744709531350198,0.28151447661469936,0.5,0.8717014044652447,0.0705761665713624,0.21722118044419692,0.8972549825037014,0.2756405533425216,0.3065316776558987
2021-08-15 13:20:00,0.9830219665271966,0.14741035856573692,0.7912137006701414,0.6436350651669345,0.6744709531350198,0.2927616926503341,0.5,0.8717014044652447,0.0705761665713624,0.21722118044419692,0.8976557616460552,0.2756405533425216,0.313743832702144
2021-08-15 13:30:00,0.9830771269177128,-0.11553784860557781,0.7927029039463884,0.6429209069808963,0.6744709531350198,0.27561247216035634,0.5,0.8717014044652447,0.0705761665713624,0.21722118044419692,0.898056359972193,0.2756405533425216,0.3522564388852845
2021-08-15 13:40:00,0.9831324267782428,0.03585657370517925,0.7965748324646313,0.6472058560971254,0.6775595136825849,0.2576837416481069,0.5,0.8717014044652447,0.0705761665713624,0.21722118044419692,0.8984571391145468,0.2756405533425216,0.3528675105994538
2021-08-15 13:50:00,0.9831875871687588,0.13147410358565725,0.8031273268801189,0.6561328334226031,0.675387051602518,0.2583518930957684,0.5,0.8717014044652447,0.0705761665713624,0.21722118044419692,0.8988579182569006,0.2756405533425216,0.3513285151711755
2021-08-15 14:00:00,0.9832428870292887,-0.08366533864541836,0.805212211466865,0.6593465452597751,0.6868906309301017,0.26046770601336305,0.5,0.8841273647757353,0.05130643923829213,0.21466042284647743,0.8992585165830387,0.284473170576686,0.36716357107292125
2021-08-15 14:10:00,0.9832980474198048,-0.17928286852589637,0.8075949367088606,0.6604177825388324,0.6766303280941225,0.24454342984409802,0.5,0.8841273647757353,0.05130643923829213,0.21466042284647743,0.8996592957253924,0.284473170576686,0.40831661058889207
2021-08-15 14:20:00,0.9833533472803346,-0.01195219123505975,0.8093819806403573,0.6675593643992144,0.6793917106175812,0.2198218262806236,0.5,0.8841273647757353,0.05130643923829213,0.21466042284647743,0.9000599844596383,0.284473170576686,0.463199903435581
2021-08-15 14:30:00,0.9834085076708509,-0.31474103585657376,0.8117647058823527,0.6754151044456349,0.6735548546675216,0.21369710467706016,0.5,0.8841273647757353,0.05130643923829213,0.21466042284647743,0.9004607183979382,0.284473170576686,0.5033872987612595
2021-08-15 14:40:00,0.9834638075313807,0.33864541832669315,0.815338793745346,0.6839850026780931,0.6735286804255931,0.20824053452115812,0.5,0.8841273647757353,0.05130643923829213,0.21466042284647743,0.9008614523362378,0.284473170576686,0.4980008147622856
2021-08-15 14:50:00,0.9835190376569037,0.17928286852589648,0.8230826507818316,0.690055347259418,0.6735286804255931,0.22338530066815143,0.5,0.8841273647757353,0.05130643923829213,0.21466042284647743,0.9012621410704839,0.284473170576686,0.4504503824856285
2021-08-15 15:00:00,0.9835742677824267,0.2669322709163344,0.828741623231571,0.7011247991430103,0.6846919946081063,0.18719376391982182,0.5,0.8851289580528199,0.0471484768984538,0.21893634146579627,0.9016629202128376,0.2945362959827695,0.6058436561703155
2021-08-15 15:10:00,0.9836295327754534,-0.10756972111553798,0.8299329858525686,0.7093376182824496,0.6874795513734934,0.19354120267260577,0.5,0.8851289580528199,0.0471484768984538,0.21893634146579627,0.9020635185389755,0.2945362959827695,0.5878283567451756
2021-08-15 15:20:00,0.9836847280334728,-0.059760956175298974,0.8332092330603125,0.7154079628637744,0.6799151954561515,0.160913140311804,0.5,0.8851289580528199,0.0471484768984538,0.21893634146579627,0.9024642976813293,0.2945362959827695,0.7201366990056883
2021-08-15 15:30:00,0.9837400278940028,-0.3545816733067729,0.8352941176470585,0.731476522049634,0.6874533771315647,0.14309576837416482,0.5,0.8851289580528199,0.0471484768984538,0.21893634146579627,0.9028650768236832,0.2945362959827695,0.8680688625013203
2021-08-15 15:40:00,0.9837951882845188,-0.019920318725099695,0.8397617274758002,0.7400464202820924,0.6867335854785306,0.15389755011135858,0.5,0.8851289580528199,0.0471484768984538,0.21893634146579627,0.903265675149821,0.2945362959827695,0.8513737797425954
2021-08-15 15:50:00,0.9838504881450488,-0.003984063745020028,0.8436336559940429,0.7521871094447421,0.6875580740992789,0.1202672605790646,0.5,0.8851289580528199,0.0471484768984538,0.21893634146579627,0.9036664542921748,0.2945362959827695,0.9093350634458409
2021-08-15 16:00:00,0.9839056485355648,0.1872509960159361,0.8501861504095307,0.7664702731655062,0.6841161612856788,0.13452115812917595,0.5,0.9213727597980537,0.03707109339754518,0.1961549450470018,0.9040671430264207,0.3020056509134543,0.7913680462302156
2021-08-15 16:10:00,0.9839609483960948,0.10756972111553775,0.8552494415487712,0.7853954650955188,0.6854248733821047,0.13351893095768375,0.5,0.9213727597980537,0.03707109339754518,0.1961549450470018,0.9044678769647205,0.3020056509134543,0.730230698432337
2021-08-15 16:20:00,0.9780334728033473,-0.03585657370517936,0.8525688756515262,0.7971790751651491,0.6979623352658649,0.12962138084632518,0.5,0.9213727597980537,0.03707109339754518,0.1961549450470018,0.9048686109030203,0.3020056509134543,0.8725651432623684
2021-08-15 16:30:00,0.9721060669456068,0.12350597609561742,0.8504839910647801,0.8007498660953403,0.6953710853149416,0.11792873051224945,0.5,0.9213727597980537,0.03707109339754518,0.1961549450470018,0.9052692996372663,0.3020056509134543,0.986533790002565
2021-08-15 16:40:00,0.9661785564853556,-0.17928286852589637,0.8510796723752789,0.8082485270487414,0.6981324678384003,0.10434298440979956,0.5,0.9213727597980537,0.03707109339754518,0.1961549450470018,0.90567007877962,0.3020056509134543,0.9557802857703276
2021-08-15 16:50:00,0.9602510460251046,-0.11553784860557781,0.8567386448250183,0.8236029280485628,0.6999384905314681,0.09755011135857461,0.5,0.9213727597980537,0.03707109339754518,0.1961549450470018,0.906070677105758,0.3020056509134543,0.9250267815380903
2021-08-15 17:00:00,0.9651324965132496,0.14741035856573692,0.8623976172747578,0.8343153008391357,0.6956720890971195,0.08530066815144767,0.5,0.9266248707984697,0.02942756898568239,0.19462011370915208,0.9064714562481119,0.30533664942726174,0.9313890188149735
2021-08-15 17:10:00,0.897489539748954,0.027888446215139417,0.8650781831720027,0.8468130690948046,0.6890107445263116,0.09120267260579064,0.5,0.9266248707984697,0.02942756898568239,0.19462011370915208,0.9068721449823577,0.30533664942726174,0.9377511052099521
2021-08-15 17:20:00,0.8298465829846583,-0.003984063745020028,0.8644825018615039,0.8543117300482057,0.6879506877282066,0.04732739420935412,0.5,0.9266248707984697,0.02942756898568239,0.19462011370915208,0.9072728337166035,0.30533664942726174,0.9441133424868356
2021-08-15 17:30:00,0.892608089260809,0.17131474103585642,0.8677587490692478,0.8714515265131226,0.6902278467759877,0.07550111358574611,0.5,0.9266248707984697,0.02942756898568239,0.19462011370915208,0.9076736128589573,0.30533664942726174,0.9363052039168942
2021-08-15 17:40:00,0.9400278940027894,-0.3784860557768924,0.8695457930007444,0.8807355829316195,0.7006582821845022,0.09777282850779509,0.5,0.9266248707984697,0.02942756898568239,0.19462011370915208,0.9080743015932031,0.30533664942726174,0.8927154216394827
2021-08-15 17:50:00,0.9281729428172943,0.09960159362549792,0.8701414743112432,0.8871630066059633,0.6891154414940258,0.07706013363028953,0.5,0.9266248707984697,0.02942756898568239,0.19462011370915208,0.9084749903274489,0.30533664942726174,0.8875165592890444
2021-08-15 18:00:00,0.9295676429567643,-0.01195219123505975,0.8710349962769917,0.8907337975361542,0.6906597217678083,0.05746102449888642,0.5,0.8494715036206444,0.0,0.20996918797239056,0.908875679061695,0.2855169496686282,0.8823177723795584
2021-08-15 18:10:00,0.9463040446304045,0.05179282868525892,0.8698436336559938,0.8989466166755937,0.6906597217678083,0.06959910913140312,0.5,0.8494715036206444,0.0,0.20996918797239056,0.9092764582040487,0.2855169496686282,0.8771189100291201
2021-08-15 18:20:00,0.9881450488145049,0.36254980079681287,0.8728220402084881,0.8989466166755937,0.6947821648715499,0.08897550111358575,0.5,0.8494715036206444,0.0,0.20996918797239056,0.9096772373464025,0.2855169496686282,0.8719200476786818
2021-08-15 18:30:00,0.9309623430962343,0.08366533864541825,0.8731198808637377,0.9039457239778612,0.6938791535250161,0.05835189309576838,0.5,0.8494715036206444,0.0,0.20996918797239056,0.9100778356725404,0.2855169496686282,0.8667212607691961
2021-08-15 18:40:00,0.8814504881450489,-0.06772908366533881,0.8725241995532387,0.9135868594893768,0.698826085249506,0.037750556792873056,0.5,0.8494715036206444,0.0,0.20996918797239056,0.9104786148148943,0.2855169496686282,0.8615223984187578
2021-08-15 18:50:00,0.9721059972105996,0.11553784860557759,0.8719285182427401,0.92037136225674,0.6907513316145582,0.08329621380846326,0.5,0.8494715036206444,0.0,0.20996918797239056,0.9108793035491402,0.2855169496686282,0.8563236115092717
2021-08-15 19:00:00,0.9867503486750349,0.394422310756972,0.8716306775874905,0.9178718086056061,0.693578149742838,0.07884187082405346,0.5,0.8517595255589727,0.009361880651826492,0.2083406409972054,0.911279992283386,0.3036035540805735,0.8511248245997858
2021-08-15 19:10:00,0.9239888423988842,-0.17131474103585675,0.8698436336559938,0.9232279950008928,0.6934472785331954,0.055345211581291756,0.5,0.8517595255589727,0.009361880651826492,0.2083406409972054,0.911279992283386,0.3036035540805735,0.8459259622493475
2021-08-15 19:20:00,0.9895397489539749,0.10756972111553775,0.8656738644825017,0.9300124977682556,0.6872178089542081,0.08541202672605791,0.5,0.8517595255589727,0.009361880651826492,0.2083406409972054,0.911279992283386,0.3036035540805735,0.8407271753398615
2021-08-15 19:30:00,0.8995815899581591,-0.2749003984063746,0.8665673864482502,0.9357257632565614,0.6905681119210584,0.050556792873051225,0.5,0.8517595255589727,0.009361880651826492,0.2083406409972054,0.911279992283386,0.3036035540805735,0.8355283129894232
2021-08-15 19:40:00,0.8842398884239888,-0.11553784860557781,0.8650781831720027,0.9467952151401535,0.6768397220295508,0.05033407572383073,0.5,0.8517595255589727,0.009361880651826492,0.2083406409972054,0.911279992283386,0.3036035540805735,0.8303295260799373
2021-08-15 19:50:00,0.8117154811715481,-0.02788844621513953,0.8629932985852566,0.9492947687912872,0.6768004606666579,0.033853006681514475,0.5,0.8517595255589727,0.009361880651826492,0.2083406409972054,0.911279992283386,0.3036035540805735,0.825130663729499
2021-08-15 20:00:00,0.8319386331938633,0.298804780876494,0.8618019359642588,0.9557221924656312,0.6768004606666579,0.023496659242761692,0.5,0.8636318912902741,0.022439203809117826,0.19996482176211522,0.5991406927769384,0.334517586856949,0.8199318013790606
2021-08-15 20:10:00,0.804741980474198,0.05179282868525892,0.8582278481012657,0.9514372433494018,0.6768004606666579,0.021158129175946547,0.5,0.8636318912902741,0.022439203809117826,0.19996482176211522,0.5991406927769384,0.334517586856949,0.8147330144695747
2021-08-15 20:20:00,0.6534170153417015,-0.1394422310756973,0.8501861504095307,0.9642920906980896,0.6768004606666579,0.0021158129175946547,0.5,0.8636318912902741,0.022439203809117826,0.19996482176211522,0.5991406927769384,0.334517586856949,0.8095342275600886
2021-08-15 20:30:00,0.5822873082287308,-0.0916334661354582,0.8436336559940429,0.9832172826281023,0.6768004606666579,0.0012249443207126948,0.5,0.8636318912902741,0.022439203809117826,0.19996482176211522,0.5991406927769384,0.334517586856949,0.6614436380644869
2021-08-15 20:40:00,0.695258019525802,0.09960159362549792,0.8421444527177959,0.9821460453490447,0.6768004606666579,0.000779510022271715,0.5,0.8636318912902741,0.022439203809117826,0.19996482176211522,0.5991406927769384,0.334517586856949,0.8911537939254945
2021-08-15 20:50:00,0.6415620641562064,0.15537848605577675,0.8394638868205508,0.9689341189073382,0.6768004606666579,0.0006681514476614699,0.5,0.8636318912902741,0.022439203809117826,0.19996482176211522,0.5991406927769384,0.334517586856949,0.7829865564222884
2021-08-15 21:00:00,0.6122733612273361,0.21912350597609564,0.8335070737155619,0.9635779325120513,0.6768004606666579,0.0010022271714922048,0.5,0.8407423330419384,0.03871186499122186,0.20595374556293233,0.2787076879610596,0.4777223973131781,0.6968480770101242
2021-08-15 21:10:00,0.5669456066945607,-0.09960159362549814,0.8281459419210719,0.9664345652562043,0.6768004606666579,0.000556792873051225,0.5,0.8407423330419384,0.03871186499122186,0.20595374556293233,0.2787076879610596,0.4777223973131781,0.6264993889282858
2021-08-15 21:20:00,0.6534170153417015,-0.13147410358565736,0.8239761727475801,0.9625066952329941,0.6718927903050608,0.000556792873051225,0.5,0.8407423330419384,0.03871186499122186,0.20595374556293233,0.2787076879610596,0.4777223973131781,0.7720098978529506
2021-08-15 21:30:00,0.695258019525802,-0.043824701195219196,0.8215934475055842,0.9475093733261919,0.6729397599822016,0.0006681514476614699,0.5,0.8407423330419384,0.03871186499122186,0.20595374556293233,0.2787076879610596,0.4777223973131781,0.870656487167494
2021-08-15 21:40:00,0.5341701534170153,0.09960159362549792,0.8177215189873417,0.9400107123727905,0.672560233474238,0.00033407572383073496,0.5,0.8407423330419384,0.03871186499122186,0.20595374556293233,0.2787076879610596,0.4777223973131781,0.5614240234168717
2021-08-15 21:50:00,0.5439330543933054,0.15537848605577675,0.8132539091586,0.945366898768077,0.682362487076468,0.00033407572383073496,0.5,0.8407423330419384,0.03871186499122186,0.20595374556293233,0.2787076879610596,0.4777223973131781,0.5297689998038535
2021-08-15 22:00:00,0.40376569037656906,-0.05338645418326704,0.8102755026061057,0.9425102660239244,0.7061417858685268,0.40590200445434305,0.5,0.7297390821163068,0.07730304275488846,0.24535552783398815,0.39745346690482025,0.6314251654566874,0.1334097801650648
2021-08-15 22:10:00,0.4107391910739191,-0.26215139442231083,0.8355919583023079,0.9646491697911086,0.5130413160408841,0.9993318485523385,0.5,0.7297390821163068,0.07730304275488846,0.24535552783398815,0.39745346690482025,0.6314251654566874,0.0
2021-08-15 22:20:00,0.3068340306834031,-0.47091633466135474,0.8391660461653014,0.9682199607212998,0.41997879886403783,0.9993318485523385,0.5,0.7297390821163068,0.07730304275488846,0.24535552783398815,0.39745346690482025,0.6314251654566874,0.0
2021-08-15 22:30:00,0.402370990237099,-0.6796812749003984,0.8332092330603125,0.9478664524192109,0.4199918859850022,0.9993318485523385,0.5,0.7297390821163068,0.07730304275488846,0.24535552783398815,0.39745346690482025,0.6314251654566874,0.0
2021-08-15 22:40:00,0.5815899581589958,-0.8884462151394422,0.82933730454207,0.9225138368148544,0.4199918859850022,0.9993318485523385,0.5,0.7297390821163068,0.07730304275488846,0.24535552783398815,0.39745346690482025,0.6314251654566874,0.0
2021-08-15 22:50:00,0.5467224546722455,-0.3705179282868527,0.8278481012658225,0.9010890912337082,0.4199918859850022,0.9993318485523385,0.5,0.7297390821163068,0.07730304275488846,0.24535552783398815,0.39745346690482025,0.6314251654566874,0.0
2021-08-15 23:00:00,0.5836820083682008,-0.4374501992031874,0.8305286671630676,0.8768077129084091,0.4199918859850022,0.9993318485523385,0.5,0.6638227376682786,0.09551532009413458,0.25016178311817416,0.6538557429682101,0.667444165659987,0.0
2021-08-15 23:10:00,0.6018131101813111,-0.5043824701195221,0.8198064035740877,0.855740046420282,0.4199918859850022,0.9993318485523385,0.5,0.6638227376682786,0.09551532009413458,0.25016178311817416,0.6538557429682101,0.667444165659987,0.0
2021-08-15 23:20:00,0.5153417015341701,-0.5713147410358566,0.815934475055845,0.8332440635600784,0.4199918859850022,0.9993318485523385,0.5,0.6638227376682786,0.09551532009413458,0.25016178311817416,0.6538557429682101,0.667444165659987,0.0
2021-08-15 23:30:00,0.5125523012552301,-0.6382470119521912,0.8081906180193594,0.8132476343510089,0.4199918859850022,0.9993318485523385,0.5,0.6638227376682786,0.09551532009413458,0.25016178311817416,0.6538557429682101,0.667444165659987,0.0
2021-08-15 23:40:00,0.5509065550906556,-0.7051792828685259,0.7953834698436335,0.7953936797000536,0.4199918859850022,0.9993318485523385,0.5,0.6638227376682786,0.09551532009413458,0.25016178311817416,0.6538557429682101,0.667444165659987,0.0
2021-08-15 23:50:00,0.5704323570432357,-0.7290836653386455,0.7760238272524196,0.7778968041421175,0.4199918859850022,0.9993318485523385,0.5,0.6638227376682786,0.09551532009413458,0.25016178311817416,0.6538557429682101,0.667444165659987,0.0
2021-08-16 00:00:00,0.5341701534170153,-0.7529880478087649,0.7584512285927028,0.762542403142296,0.4199918859850022,0.9993318485523385,0.5,0.6388893688027875,0.11335404172904476,0.2538610779175143,0.8076682322565785,0.6840811179519704,0.0
2021-08-16 00:10:00,0.5739191073919108,-0.7768924302788845,0.7405807892777363,0.7489733976075701,0.41526743531690463,0.9933184855233853,0.5,0.6388893688027875,0.11335404172904476,0.2538610779175143,0.8076682322565785,0.6840811179519704,0.0
2021-08-16 00:20:00,0.4330543933054393,0.1872509960159361,0.7268801191362619,0.7389751830030351,0.4068131551739933,0.9996659242761693,0.5,0.6388893688027875,0.11335404172904476,0.2538610779175143,0.8076682322565785,0.6840811179519704,0.0
2021-08-16 00:30:00,0.4818688981868898,0.298804780876494,0.7134772896500372,0.727905731119443,0.4068131551739933,0.9996659242761693,0.5,0.6388893688027875,0.11335404172904476,0.2538610779175143,0.8076682322565785,0.6840811179519704,0.0
2021-08-16 00:40:00,0.4874476987447699,0.07569721115537842,0.7051377513030528,0.7168362792358507,0.4068131551739933,0.9978841870824053,0.5,0.6388893688027875,0.11335404172904476,0.2538610779175143,0.8076682322565785,0.6840811179519704,0.0
2021-08-16 00:50:00,0.4665271966527197,-0.3545816733067729,0.7057334326135516,0.7075522228173541,0.4068131551739933,0.9995545657015591,0.5,0.6388893688027875,0.11335404172904476,0.2538610779175143,0.8076682322565785,0.6840811179519704,0.0
2021-08-16 01:00:00,0.45536959553695955,-0.42629482071713154,0.7018615040953089,0.6946973754686665,0.4068131551739933,0.9995545657015591,0.5,0.5844055962481776,0.14883608663043932,0.2846320177509338,0.7701116193345237,0.6889498967687986,0.0
2021-08-16 01:10:00,0.37935843793584384,-0.458167330677291,0.7006701414743111,0.6818425281199787,0.4068131551739933,0.9995545657015591,0.5,0.5844055962481776,0.14883608663043932,0.2846320177509338,0.7701116193345237,0.6889498967687986,0.0
2021-08-16 01:20:00,0.3842398884239888,-0.4900398406374503,0.6920327624720772,0.6714872344224245,0.4068131551739933,0.9995545657015591,0.5,0.5844055962481776,0.14883608663043932,0.2846320177509338,0.7701116193345237,0.6889498967687986,0.0
2021-08-16 01:30:00,0.35495118549511856,-0.5219123505976095,0.6762472077438568,0.6589894661667561,0.4068131551739933,0.9995545657015591,0.5,0.5844055962481776,0.14883608663043932,0.2846320177509338,0.7701116193345237,0.6889498967687986,0.0
2021-08-16 01:40:00,0.3821478382147839,-0.553784860557769,0.6738644825018612,0.6489912515622211,0.4068131551739933,0.9995545657015591,0.5,0.5844055962481776,0.14883608663043932,0.2846320177509338,0.7701116193345237,0.6889498967687986,0.0
2021-08-16 01:50:00,0.34797768479776847,-0.5856573705179284,0.6670141474311242,0.6382788787716478,0.4068131551739933,0.9995545657015591,0.5,0.5844055962481776,0.14883608663043932,0.2846320177509338,0.7701116193345237,0.6889498967687986,0.0
2021-08-16 02:00:00,0.39609483960948394,-0.6175298804780878,0.6643335815338791,0.625066952329941,0.4068131551739933,0.9995545657015591,0.5,0.5634540526171667,0.16635872266937263,0.3026657470106424,0.6724450603204677,0.6875866980979831,0.0
2021-08-16 02:10:00,0.37308228730822873,-0.649402390438247,0.6628443782576319,0.6111408677021961,0.4068131551739933,0.9995545657015591,0.5,0.5634540526171667,0.16635872266937263,0.3026657470106424,0.6724450603204677,0.6875866980979831,0.0
2021-08-16 02:20:00,0.30404463040446306,-0.6812749003984064,0.6568875651526431,0.5993572576325656,0.4068131551739933,0.9995545657015591,0.5,0.5634540526171667,0.16635872266937263,0.3026657470106424,0.6724450603204677,0.6875866980979831,0.0
2021-08-16 02:30:00,0.31450488145048816,-0.7131474103585658,0.652122114668652,0.5886448848419923,0.4068131551739933,0.9995545657015591,0.5,0.5634540526171667,0.16635872266937263,0.3026657470106424,0.6724450603204677,0.6875866980979831,0.0
2021-08-16 02:40:00,0.3277545327754533,-0.7450199203187251,0.6428890543559194,0.5807891447955722,0.4068131551739933,0.9995545657015591,0.5,0.5634540526171667,0.16635872266937263,0.3026657470106424,0.6724450603204677,0.6875866980979831,0.0
2021-08-16 02:50:00,0.3821478382147839,-0.742122419413256,0.63723008190618,0.5757900374933047,0.4068131551739933,0.9995545657015591,0.5,0.5634540526171667,0.16635872266937263,0.3026657470106424,0.6724450603204677,0.6875866980979831,0.0
2021-08-16 03:00:00,0.45258019525801957,-0.739224918507787,0.6321667907669395,0.5686484556329228,0.4068131551739933,0.9995545657015591,0.5,0.5344655150734285,0.17637001554566437,0.3402377282923705,0.5724050262903279,0.6812964205858736,0.0
2021-08-16 03:10:00,0.5878661087866108,-0.7363274176023179,0.6232315711094563,0.5600785574004641,0.4068131551739933,0.9995545657015591,0.5,0.5344655150734285,0.17637001554566437,0.3402377282923705,0.5724050262903279,0.6812964205858736,0.0
2021-08-16 03:20:00,0.6317991631799164,-0.733429916696849,0.6011913626209975,0.5479378682378149,0.4068131551739933,0.9995545657015591,0.5,0.5344655150734285,0.17637001554566437,0.3402377282923705,0.5724050262903279,0.6812964205858736,0.0
2021-08-16 03:30:00,0.5641562064156206,-0.73053241579138,0.5919583023082648,0.5382967327262989,0.4068131551739933,0.9995545657015591,0.5,0.5344655150734285,0.17637001554566437,0.3402377282923705,0.5724050262903279,0.6812964205858736,0.0
2021-08-16 03:40:00,0.5132496513249651,-0.7276349148859108,0.588682055100521,0.5304409926798785,0.4068131551739933,0.9995545657015591,0.5,0.5344655150734285,0.17637001554566437,0.3402377282923705,0.5724050262903279,0.6812964205858736,0.0
2021-08-16 03:50:00,0.45258019525801957,-0.7247374139804419,0.590766939687267,0.5225852526334585,0.4068131551739933,0.9995545657015591,0.5,0.5344655150734285,0.17637001554566437,0.3402377282923705,0.5724050262903279,0.6812964205858736,0.0
2021-08-16 04:00:00,0.4093444909344491,-0.7218399130749729,0.5868950111690245,0.5158007498660953,0.4068131551739933,0.9995545657015591,0.5,0.4958440382853442,0.18935251302416137,0.3913338017847059,0.5227742026185834,0.6869335279751119,0.0
2021-08-16 04:10:00,0.45536959553695955,-0.7189424121695038,0.5788533134772895,0.507587930726656,0.4068131551739933,0.9995545657015591,0.5,0.4958440382853442,0.18935251302416137,0.3913338017847059,0.5227742026185834,0.6869335279751119,0.0
2021-08-16 04:20:00,0.4867503486750349,-0.7160449112640348,0.5702159344750557,0.5011605070523122,0.4068131551739933,0.9995545657015591,0.5,0.4958440382853442,0.18935251302416137,0.3913338017847059,0.5227742026185834,0.6869335279751119,0.0
2021-08-16 04:30:00,0.36262203626220363,-0.7131474103585658,0.5770662695457927,0.49223352972683454,0.4068131551739933,0.9995545657015591,0.5,0.4958440382853442,0.18935251302416137,0.3913338017847059,0.5227742026185834,0.6869335279751119,0.0
2021-08-16 04:40:00,0.2768479776847978,-0.40239043824701204,0.5800446760982871,0.4868773433315481,0.4068131551739933,0.9995545657015591,0.5,0.4958440382853442,0.18935251302416137,0.3913338017847059,0.5227742026185834,0.6869335279751119,0.0
2021-08-16 04:50:00,0.3103207810320781,0.13147410358565725,0.5767684288905432,0.48080699875022326,0.4068131551739933,0.9995545657015591,0.5,0.4958440382853442,0.18935251302416137,0.3913338017847059,0.5227742026185834,0.6869335279751119,0.0
2021-08-16 05:00:00,0.36541143654114366,0.3227091633466135,0.5702159344750557,0.47723620782003207,0.4068131551739933,0.9995545657015591,0.5,0.49193545643536174,0.19898450318528002,0.39177156413935,0.4657482036586567,0.6914472079059758,0.0
2021-08-16 05:10:00,0.3089260808926081,-0.14741035856573714,0.5720029784065523,0.4718800214247456,0.4068131551739933,0.9995545657015591,0.5,0.49193545643536174,0.19898450318528002,0.39177156413935,0.4657482036586567,0.6914472079059758,0.0
2021-08-16 05:20:00,0.3096234309623431,-0.33067729083665354,0.5720029784065523,0.4675950723085165,0.4068131551739933,0.9995545657015591,0.5,0.49193545643536174,0.19898450318528002,0.39177156413935,0.4657482036586567,0.6914472079059758,0.0
2021-08-16 05:30:00,0.303347280334728,-0.31474103585657376,0.5645569620253164,0.4640242813783253,0.4068131551739933,0.9995545657015591,0.5,0.49193545643536174,0.19898450318528002,0.39177156413935,0.4657482036586567,0.6914472079059758,0.0
2021-08-16 05:40:00,0.2789400278940028,0.01195219123505975,0.5550260610573343,0.4575968577039815,0.4068131551739933,0.9995545657015591,0.5,0.49193545643536174,0.19898450318528002,0.39177156413935,0.4657482036586567,0.6914472079059758,0.0
2021-08-16 05:50:00,0.2712691771269177,0.2669322709163344,0.5532390171258375,0.45366898768077135,0.4068131551739933,0.9995545657015591,0.5,0.49193545643536174,0.19898450318528002,0.39177156413935,0.4657482036586567,0.6914472079059758,0.0
2021-08-16 06:00:00,0.2615062761506276,0.2111553784860556,0.5472822040208485,0.4475986430994465,0.4068131551739933,0.9995545657015591,0.5,0.40064601599013794,0.20675158833011875,0.5087616512061228,0.49483285360491897,0.720397850110593,0.0
2021-08-16 06:10:00,0.19525801952580193,0.16600265604249653,0.5368577810871182,0.4450990894483129,0.4068131551739933,0.9995545657015591,0.5,0.40064601599013794,0.20675158833011875,0.5087616512061228,0.49483285360491897,0.720397850110593,0.0
2021-08-16 06:20:00,0.2099023709902371,0.12084993359893748,0.5270290394638866,0.4433136939832174,0.4088154846815249,0.9978841870824053,0.5,0.40064601599013794,0.20675158833011875,0.5087616512061228,0.49483285360491897,0.720397850110593,0.0
2021-08-16 06:30:00,0.22733612273361226,0.07569721115537842,0.5317944899478777,0.4565256204249242,0.41353993534962247,0.06224944320712695,0.5,0.40064601599013794,0.20675158833011875,0.5087616512061228,0.49483285360491897,0.720397850110593,0.058904295607827756
2021-08-16 06:40:00,0.22524407252440726,-0.0916334661354582,0.5061801935964259,0.48901981788966253,0.422308306395676,0.00044543429844097997,0.5,0.40064601599013794,0.20675158833011875,0.5087616512061228,0.49483285360491897,0.720397850110593,0.0771383737948308
2021-08-16 06:50:00,0.19804741980474197,-0.4581673306772909,0.4853313477289649,0.4622388859132296,0.422203609427962,0.00044543429844097997,0.5,0.40064601599013794,0.20675158833011875,0.5087616512061228,0.49483285360491897,0.720397850110593,0.056007363036950975
2021-08-16 07:00:00,0.12761506276150628,-0.05179282868525903,0.4760982874162323,0.45688269951794314,0.40601484079517347,0.00011135857461024499,0.5,0.39588239433824635,0.22846666877390498,0.5219930564194768,0.49018443032874887,0.7248120174468506,0.02255684475760822
2021-08-16 07:10:00,0.11924686192468618,0.13147410358565725,0.4698436336559937,0.4572397786109621,0.40583162110167387,0.00033407572383073496,0.5,0.39588239433824635,0.22846666877390498,0.5219930564194768,0.49018443032874887,0.7248120174468506,0.019282707424898533
2021-08-16 07:20:00,0.12482566248256625,-0.29083665338645437,0.46418466120625435,0.45188359221567564,0.40583162110167387,0.00022271714922048998,0.5,0.39588239433824635,0.22846666877390498,0.5219930564194768,0.49018443032874887,0.7248120174468506,0.02591396713792115
2021-08-16 07:30:00,0.14714086471408647,0.12350597609561742,0.4609084139985107,0.45045527584359935,0.3986467916922956,0.00011135857461024499,0.5,0.39588239433824635,0.22846666877390498,0.5219930564194768,0.49018443032874887,0.7248120174468506,0.033397709612686156
2021-08-16 07:40:00,0.11087866108786612,0.2350597609561753,0.4576321667907668,0.4500981967505804,0.40585779534360233,0.00011135857461024499,0.5,0.39588239433824635,0.22846666877390498,0.5219930564194768,0.49018443032874887,0.7248120174468506,0.012266698854806345
2021-08-16 07:50:00,0.12273361227336123,0.2749003984063745,0.4549516008935217,0.44224245670416007,0.40585779534360233,0.00011135857461024499,0.5,0.39588239433824635,0.22846666877390498,0.5219930564194768,0.49018443032874887,0.7248120174468506,0.018022843520376603
2021-08-16 08:00:00,0.13528591352859135,0.20318725099601576,0.45227103499627686,0.43402963756472057,0.40585779534360233,0.00011135857461024499,0.5,0.40331689804260695,0.24100664641803268,0.5189072883500812,0.5193134073703182,0.7283932815609662,0.030598850279885934
2021-08-16 08:10:00,0.13319386331938632,0.5617529880478087,0.4516753536857778,0.42688805570433863,0.40585779534360233,0.00011135857461024499,0.5,0.40331689804260695,0.24100664641803268,0.5189072883500812,0.5193134073703182,0.7283932815609662,0.026947508185343333
2021-08-16 08:20:00,0.1290097629009763,0.6972111553784857,0.4516753536857778,0.4254597393322621,0.40585779534360233,0.00011135857461024499,0.5,0.40331689804260695,0.24100664641803268,0.5189072883500812,0.5193134073703182,0.7283932815609662,0.02370354723358028
2021-08-16 08:30:00,0.15271966527196654,0.36254980079681287,0.45465376023827253,0.4254597393322621,0.40585779534360233,0.00011135857461024499,0.5,0.40331689804260695,0.24100664641803268,0.5189072883500812,0.5193134073703182,0.7283932815609662,0.04132655370641399
2021-08-16 08:40:00,0.17364016736401675,-0.14741035856573714,0.46001489203276225,0.4190323156579181,0.40585779534360233,0.00022271714922048998,0.5,0.40331689804260695,0.24100664641803268,0.5189072883500812,0.5193134073703182,0.7283932815609662,0.0510508924664665
2021-08-16 08:50:00,0.14574616457461645,0.5697211155378485,0.4647803425167534,0.42010355293697543,0.4061980604886731,0.00033407572383073496,0.5,0.40331689804260695,0.24100664641803268,0.5189072883500812,0.5193134073703182,0.7283932815609662,0.030802540851275706
2021-08-16 09:00:00,0.16527196652719667,0.019920318725099362,0.47222635889798936,0.43760042849491154,0.4346887228278651,0.00033407572383073496,0.5,0.41369087622901946,0.24515024123078022,0.5148579865696234,0.5806567279928254,0.7336754592882244,0.042450623896676073
2021-08-16 09:10:00,0.201534170153417,0.027888446215139417,0.4775874906924793,0.43795750758793073,0.44319535145463346,0.00022271714922048998,0.5,0.41369087622901946,0.24515024123078022,0.5148579865696234,0.5806567279928254,0.7336754592882244,0.06199737465485765
2021-08-16 09:20:00,0.25662482566248257,-0.4900398406374503,0.4817572598659716,0.4372433494018926,0.430540105482195,0.22461024498886417,0.5,0.41369087622901946,0.24515024123078022,0.5148579865696234,0.5806567279928254,0.7336754592882244,0.06531677655898728
2021-08-16 09:30:00,0.3312412831241283,-0.3784860557768924,0.49754281459419203,0.44188537761114066,0.42484720786274227,0.9993318485523385,0.5,0.41369087622901946,0.24515024123078022,0.5148579865696234,0.5806567279928254,0.7336754592882244,0.0
2021-08-16 09:40:00,0.29288702928870297,-0.26693227091633476,0.5201787043931496,0.46295304409926796,0.41528052243786895,0.5161469933184856,0.5,0.41369087622901946,0.24515024123078022,0.5148579865696234,0.5806567279928254,0.7336754592882244,0.03625692170737964
2021-08-16 09:50:00,0.2698744769874477,0.07569721115537842,0.5216679076693966,0.46616675593643975,0.41457381790579884,0.0023385300668151447,0.5,0.41369087622901946,0.24515024123078022,0.5148579865696234,0.5806567279928254,0.7336754592882244,0.11460989483531239
2021-08-16 10:00:00,0.21827057182705717,0.019920318725099362,0.4960536113179448,0.4386716657739689,0.40995406420541547,0.0014476614699331849,0.5,0.523057390994599,0.24373647656512742,0.437496805869262,0.5771885554429549,0.7174288405942639,0.07909983855636193
2021-08-16 10:10:00,0.23709902370990238,-0.24302788844621515,0.4933730454206997,0.4308159257275488,0.41755768148565,0.00022271714922048998,0.5,0.523057390994599,0.24373647656512742,0.437496805869262,0.5771885554429549,0.7174288405942639,0.08325663503176065
2021-08-16 10:20:00,0.21617852161785217,0.01195219123505975,0.49456440804169755,0.44259953579717903,0.40414338249728443,0.00033407572383073496,0.5,0.523057390994599,0.24373647656512742,0.437496805869262,0.5771885554429549,0.7174288405942639,0.06576942227318679
2021-08-16 10:30:00,0.2601115760111576,-0.49800796812749004,0.4993298585256887,0.4622388859132296,0.4050202196018898,0.00033407572383073496,0.5,0.523057390994599,0.24373647656512742,0.437496805869262,0.5771885554429549,0.7174288405942639,0.09863904521930685
2021-08-16 10:40:00,0.22663877266387727,0.2589641434262948,0.5046909903201784,0.45366898768077135,0.3946159584353038,0.00044543429844097997,0.5,0.523057390994599,0.24373647656512742,0.437496805869262,0.5771885554429549,0.7174288405942639,0.08050304027038037
2021-08-16 10:50:00,0.16666666666666669,-0.3067729083665339,0.5112434847356664,0.46473843956436345,0.4087893104395964,0.00033407572383073496,0.5,0.523057390994599,0.24373647656512742,0.437496805869262,0.5771885554429549,0.7174288405942639,0.036136216183593105
2021-08-16 11:00:00,0.3110181311018131,0.07569721115537842,0.5180938198064033,0.47616497054097473,0.3855334964861081,0.015033407572383075,0.5,0.542201230528883,0.24504392153031576,0.40894828355181506,0.6334611203540131,0.7161928839102232,0.13522790711709945
2021-08-16 11:10:00,0.31450488145048816,0.7131474103585655,0.5309009679821295,0.4797357614711659,0.3825758071481855,0.9910913140311804,0.5,0.542201230528883,0.24504392153031576,0.40894828355181506,0.6334611203540131,0.7161928839102232,0.0
2021-08-16 11:20:00,0.33472803347280333,0.5179282868525896,0.5541325390915859,0.514372433494019,0.3825758071481855,0.9993318485523385,0.5,0.542201230528883,0.24504392153031576,0.40894828355181506,0.6334611203540131,0.7161928839102232,0.0
2021-08-16 11:30:00,0.37935843793584384,0.3227091633466135,0.5734921816827996,0.5286555972147831,0.391645181976417,0.7861915367483295,0.5,0.542201230528883,0.24504392153031576,0.40894828355181506,0.6334611203540131,0.7161928839102232,0.019697632662914737
2021-08-16 11:40:00,0.401673640167364,0.21912350597609564,0.5883842144452716,0.5386538118193178,0.3936998599678057,0.9995545657015591,0.5,0.542201230528883,0.24504392153031576,0.40894828355181506,0.6334611203540131,0.7161928839102232,0.0
2021-08-16 11:50:00,0.3800557880055788,0.3306772908366533,0.5949367088607593,0.5465095518657381,0.4062634960934944,0.7165924276169264,0.5,0.542201230528883,0.24504392153031576,0.40894828355181506,0.6334611203540131,0.7161928839102232,0.03376737027928241
2021-08-16 12:00:00,0.4177126917712692,-0.11553784860557781,0.590766939687267,0.5365113372612034,0.39816256821661805,0.03530066815144766,0.5,0.5412484995278868,0.23352978532040988,0.4076806495723765,0.6441738211618596,0.725548503567299,0.22041583052944463
2021-08-16 12:10:00,0.36052998605299863,0.3227091633466135,0.5705137751303051,0.5133011962149614,0.41017654526180786,0.013474387527839644,0.5,0.5412484995278868,0.23352978532040988,0.4076806495723765,0.6441738211618596,0.725548503567299,0.19964693634292438
2021-08-16 12:20:00,0.3884239888423989,-0.01195219123505975,0.5687267311988085,0.5079450098196749,0.41251913991441025,0.0027839643652561247,0.5,0.5412484995278868,0.23352978532040988,0.4076806495723765,0.6441738211618596,0.725548503567299,0.23680160538346637
2021-08-16 12:30:00,0.3758716875871687,-0.03585657370517936,0.5714072970960533,0.514372433494019,0.39911792804700896,0.0024498886414253897,0.5,0.5412484995278868,0.23352978532040988,0.4076806495723765,0.6441738211618596,0.725548503567299,0.23885359928783742
2021-08-16 12:40:00,0.402370990237099,0.027888446215139417,0.5767684288905432,0.5247277271915729,0.411040295245449,0.005567928730512249,0.5,0.5412484995278868,0.23352978532040988,0.4076806495723765,0.6441738211618596,0.725548503567299,0.25695942785581727
2021-08-16 12:50:00,0.38354253835425384,0.1633466135458166,0.5824274013402826,0.5318693090519551,0.41068694297941394,0.0026726057906458797,0.5,0.5412484995278868,0.23352978532040988,0.4076806495723765,0.6441738211618596,0.725548503567299,0.22050635967228452
2021-08-16 13:00:00,0.398186889818689,-0.10756972111553798,0.5883842144452716,0.5407962863774327,0.40549135595660313,0.00155902004454343,0.5,0.65230875088344,0.2191363966816766,0.3417502403444677,0.6422897885195545,0.7300151620160525,0.26057304947417653
2021-08-16 13:10:00,0.36192468619246865,0.09960159362549792,0.5931496649292627,0.5518657382610248,0.41664158301815185,0.000556792873051225,0.5,0.65230875088344,0.2191363966816766,0.3417502403444677,0.6422897885195545,0.7300151620160525,0.19892270320020522
2021-08-16 13:20:00,0.37099023709902373,0.12350597609561742,0.5964259121370066,0.5579360828423494,0.41302953763201633,0.000556792873051225,0.5,0.65230875088344,0.2191363966816766,0.3417502403444677,0.6422897885195545,0.7300151620160525,0.2313547686225991
2021-08-16 13:30:00,0.34309623430962344,0.05976095617529875,0.604169769173492,0.56579182288877,0.42071167763803646,0.000556792873051225,0.5,0.65230875088344,0.2191363966816766,0.3417502403444677,0.6422897885195545,0.7300151620160525,0.18151847548923458
2021-08-16 13:40:00,0.3179916317991632,-0.4342629482071714,0.6107222635889797,0.5754329584002855,0.42637840101556057,0.000556792873051225,0.5,0.65230875088344,0.2191363966816766,0.3417502403444677,0.6422897885195545,0.7300151620160525,0.1557553902560466
2021-08-16 13:50:00,0.36959553695955366,-0.01195219123505975,0.6190618019359642,0.5850740939118015,0.42038449961393,0.000556792873051225,0.5,0.65230875088344,0.2191363966816766,0.3417502403444677,0.6422897885195545,0.7300151620160525,0.18150338729876125
2021-08-16 14:00:00,0.3200836820083682,0.346613545816733,0.6274013402829486,0.5954293876093555,0.4217324730732486,0.000779510022271715,0.5,0.671289727281793,0.20494415342220207,0.34025535545554997,0.6533874289692494,0.7347095078621396,0.1677052371109133
2021-08-16 14:10:00,0.2280334728033473,-0.21912350597609564,0.6333581533879371,0.6054276022138905,0.4085013937783827,0.00044543429844097997,0.5,0.671289727281793,0.20494415342220207,0.34025535545554997,0.6533874289692494,0.7347095078621396,0.07830770855651281
2021-08-16 14:20:00,0.31311018131101814,-0.2589641434262948,0.6405063291139239,0.6157828959114444,0.4004659015063276,0.000779510022271715,0.5,0.671289727281793,0.20494415342220207,0.34025535545554997,0.6533874289692494,0.7347095078621396,0.15237563559002368
2021-08-16 14:30:00,0.33054393305439334,-0.06772908366533881,0.6479523454951599,0.6182824495625783,0.4099148028425227,0.0016703786191536749,0.5,0.671289727281793,0.20494415342220207,0.34025535545554997,0.6533874289692494,0.7347095078621396,0.19385307120117085
2021-08-16 14:40:00,0.3521617852161785,-0.043824701195219196,0.6518242740134028,0.6218532404927692,0.4010286477077908,0.0016703786191536749,0.5,0.671289727281793,0.20494415342220207,0.34025535545554997,0.6533874289692494,0.7347095078621396,0.2130075290070462
2021-08-16 14:50:00,0.3228730822873082,0.3067729083665336,0.6556962025316453,0.6243527941439027,0.40151287118346835,0.001893095768374165,0.5,0.671289727281793,0.20494415342220207,0.34025535545554997,0.6533874289692494,0.7347095078621396,0.20489762662763858
2021-08-16 15:00:00,0.3668061366806137,-0.29083665338645437,0.6595681310498882,0.6275665059810749,0.40487626127128296,0.00155902004454343,0.5,0.6839030652489821,0.1920219995574806,0.33821339443745063,0.6336393418571311,0.7380066927007606,0.2261719751950149
2021-08-16 15:10:00,0.2789400278940028,0.2111553784860556,0.6628443782576319,0.631851455097304,0.39295389407284287,0.0010022271714922048,0.5,0.6839030652489821,0.1920219995574806,0.33821339443745063,0.6336393418571311,0.7380066927007606,0.15216440092339725
2021-08-16 15:20:00,0.38284518828451886,0.027888446215139417,0.6661206254653758,0.6382788787716478,0.41831673450157697,0.01002227171492205,0.5,0.6839030652489821,0.1920219995574806,0.33821339443745063,0.6336393418571311,0.7380066927007606,0.24562819681035652
2021-08-16 15:30:00,0.3842398884239888,0.11553784860557759,0.6673119880863736,0.6386359578646672,0.38613550405046393,0.02405345211581292,0.5,0.6839030652489821,0.1920219995574806,0.33821339443745063,0.6336393418571311,0.7380066927007606,0.20535027234183803
2021-08-16 15:40:00,0.41422594142259417,-0.05179282868525903,0.6720774385703647,0.6397071951437245,0.43394275693290235,0.03708240534521158,0.5,0.6839030652489821,0.1920219995574806,0.33821339443745063,0.6336393418571311,0.7380066927007606,0.20098224119981292
2021-08-16 15:50:00,0.3702928870292887,-0.2828685258964144,0.6747580044676096,0.6439921442599537,0.40500713248092557,0.04643652561247216,0.5,0.6839030652489821,0.1920219995574806,0.33821339443745063,0.6336393418571311,0.7380066927007606,0.15691718092249196
2021-08-16 16:00:00,0.5125523012552301,-0.059760956175298974,0.6777364110201041,0.6461346188180683,0.3920770569682376,0.09521158129175948,0.5,0.7043008475353567,0.19600755157223756,0.3366677838990956,0.6355886943573994,0.7336703714538227,0.20501078805618841
2021-08-16 16:10:00,0.4804741980474198,0.1872509960159361,0.6780342516753535,0.6397071951437245,0.39668372354765674,0.07772828507795101,0.5,0.7043008475353567,0.19600755157223756,0.3366677838990956,0.6355886943573994,0.7336703714538227,0.2038037328183231
2021-08-16 16:20:00,0.397489539748954,0.01195219123505975,0.6783320923306031,0.6364934833065523,0.4000340265145071,0.032516703786191536,0.5,0.7043008475353567,0.19600755157223756,0.3366677838990956,0.6355886943573994,0.7336703714538227,0.1945471279629434
2021-08-16 16:30:00,0.5118549511854951,-0.03585657370517936,0.6783320923306031,0.6361364042135333,0.42262239729881823,0.010133630289532295,0.5,0.7043008475353567,0.19600755157223756,0.3366677838990956,0.6355886943573994,0.7336703714538227,0.44453581182008844
2021-08-16 16:40:00,0.44142259414225943,0.027888446215139417,0.6807148175725986,0.6375647205856096,0.40967923466516604,0.0013363028953229399,0.5,0.7043008475353567,0.19600755157223756,0.3366677838990956,0.6355886943573994,0.7336703714538227,0.33895619898305596
2021-08-16 16:50:00,0.39400278940027894,-0.17131474103585675,0.6827997021593446,0.64542046063203,0.4099671513263797,0.005790645879732739,0.5,0.7043008475353567,0.19600755157223756,0.3366677838990956,0.6355886943573994,0.7336703714538227,0.2475519410957044
2021-08-16 17:00:00,0.5808926080892608,0.07569721115537842,0.6825018615040952,0.6518478843063737,0.4192459200900394,0.026057906458797325,0.5,0.7058479639439761,0.18073487027559862,0.3457381640891062,0.6836418694237263,0.7202608136952552,0.5096111773315026
2021-08-16 17:10:00,0.5704323570432357,-0.1394422310756973,0.681012658227848,0.6507766470273164,0.4225831359359254,0.015924276169265034,0.5,0.7058479639439761,0.18073487027559862,0.3457381640891062,0.6836418694237263,0.7202608136952552,0.5549587337990555
2021-08-16 17:20:00,0.5857740585774059,0.08366533864541825,0.6789277736411017,0.6504195679342974,0.4006491211998272,0.02783964365256125,0.5,0.7058479639439761,0.18073487027559862,0.3457381640891062,0.6836418694237263,0.7202608136952552,0.5158048795207991
2021-08-16 17:30:00,0.599721059972106,0.17928286852589648,0.6780342516753535,0.6507766470273164,0.41530669667979747,0.01180400890868597,0.5,0.7058479639439761,0.18073487027559862,0.3457381640891062,0.6836418694237263,0.7202608136952552,0.6245605564524647
2021-08-16 17:40:00,0.5655509065550907,-0.14741035856573714,0.6780342516753535,0.6575611497946796,0.399418931829187,0.030957683741648107,0.5,0.7058479639439761,0.18073487027559862,0.3457381640891062,0.6836418694237263,0.7202608136952552,0.5136699005688248
2021-08-16 17:50:00,0.6094839609483961,-0.0916334661354582,0.6777364110201041,0.6625602570969469,0.3983981363939747,0.06469933184855234,0.5,0.7058479639439761,0.18073487027559862,0.3457381640891062,0.6836418694237263,0.7202608136952552,0.4234048010622086
2021-08-16 18:00:00,0.6192468619246863,-0.019920318725099695,0.6750558451228592,0.6561328334226031,0.40873696195573944,0.0544543429844098,0.5,0.6466739131812409,0.17215458309746698,0.3808335923511808,0.8536889426490376,0.7664589666595938,0.4335591532507507
2021-08-16 18:10:00,0.6352859135285913,-0.2270916334661356,0.6708860759493669,0.6532762006784503,0.39394851526612656,0.05757238307349666,0.5,0.6466739131812409,0.17215458309746698,0.3808335923511808,0.8536889426490376,0.7664589666595938,0.4888498272402191
2021-08-16 18:20:00,0.5948396094839609,0.03585657370517925,0.6708860759493669,0.6507766470273164,0.39604245462040805,0.03518930957683742,0.5,0.6466739131812409,0.17215458309746698,0.3808335923511808,0.8536889426490376,0.7664589666595938,0.5725364757004693
2021-08-16 18:30:00,0.597629009762901,-0.043824701195219196,0.6658227848101264,0.6511337261203356,0.40180078784468204,0.021937639198218263,0.5,0.6466739131812409,0.17215458309746698,0.3808335923511808,0.8536889426490376,0.7664589666595938,0.5821099325557886
2021-08-16 18:40:00,0.6366806136680614,-0.1394422310756973,0.665524944154877,0.6547045170505266,0.40772925364149143,0.0013363028953229399,0.5,0.6466739131812409,0.17215458309746698,0.3808335923511808,0.8536889426490376,0.7664589666595938,0.7109479910074384
2021-08-16 18:50:00,0.7008368200836821,-0.02788844621513953,0.6634400595681309,0.6507766470273164,0.396749159152478,0.0032293986636971047,0.5,0.6466739131812409,0.17215458309746698,0.3808335923511808,0.8536889426490376,0.7664589666595938,0.884763945260045
2021-08-16 19:00:00,0.6875871687587168,-0.06772908366533881,0.6592702903946388,0.6568469916086412,0.40551753019853165,0.00757238307349666,0.5,0.6316992098319572,0.2254121325145755,0.40715043972163284,0.8503845263050198,0.7701852382222336,0.8214840744149555
2021-08-16 19:10:00,0.7622036262203626,-0.19521912350597614,0.6619508562918837,0.6582753079807178,0.3962518485558362,0.010690423162583519,0.5,0.6316992098319572,0.2254121325145755,0.40715043972163284,0.8470802907772179,0.7701852382222336,0.9918599212396457
2021-08-16 19:20:00,0.7559274755927475,0.06772908366533859,0.6589724497393892,0.6614890198178898,0.39923571213568726,0.005902004454342985,0.5,0.6316992098319572,0.2254121325145755,0.40715043972163284,0.8437758744332002,0.7701852382222336,0.9890686060020821
2021-08-16 19:30:00,0.8800557880055787,0.003984063745019917,0.6574832464631419,0.6629173361899661,0.4030440643362867,0.04710467706013364,0.5,0.6316992098319572,0.2254121325145755,0.40715043972163284,0.8404715937013443,0.7701852382222336,0.9864154231483019
2021-08-16 19:40:00,0.9358437935843794,0.043824701195219085,0.6574832464631419,0.6586323870737367,0.4052296135373179,0.07193763919821826,0.5,0.6316992098319572,0.2254121325145755,0.40715043972163284,0.8371672225613805,0.7701852382222336,0.9837620894126168
2021-08-16 19:50:00,0.9400278940027894,0.2111553784860556,0.6553983618763959,0.6518478843063737,0.422308306395676,0.12516703786191538,0.5,0.6316992098319572,0.2254121325145755,0.40715043972163284,0.8338628062173628,0.7701852382222336,0.981108831117884
2021-08-16 20:00:00,0.9442119944211994,0.31474103585657365,0.6396128071481755,0.6307802178182469,0.44823389302587324,0.1712694877505568,0.5,0.5962452759517887,0.253736275419749,0.4985193816999865,0.8305585706895608,0.8201637652408286,0.9784555728231513
2021-08-16 20:10:00,0.9483960948396095,0.06772908366533859,0.6226358897989572,0.6097125513301196,0.4575780973943542,0.12260579064587973,0.5,0.5962452759517887,0.253736275419749,0.4985193816999865,0.8272541543455432,0.8201637652408286,0.975802389969371
2021-08-16 20:20:00,0.9525801952580195,0.043824701195219085,0.6095309009679819,0.6118550258882343,0.4621455026108806,0.11191536748329622,0.5,0.5962452759517887,0.253736275419749,0.4985193816999865,0.8239498284096334,0.8201637652408286,0.973149056233686
2021-08-16 20:30:00,0.9567642259414226,0.003984063745019917,0.5994043186895008,0.6154258168184252,0.46215858973184487,0.1046770601336303,0.5,0.5962452759517887,0.253736275419749,0.4985193816999865,0.8206455024737235,0.8201637652408286,0.9704957979389532
2021-08-16 20:40:00,0.9609483960948396,-0.10756972111553798,0.5916604616530154,0.6186395286555972,0.46215858973184487,0.0900890868596882,0.5,0.5962452759517887,0.253736275419749,0.4985193816999865,0.8173410861297057,0.8201637652408286,0.9678426150851729
2021-08-16 20:50:00,0.898186889818689,-0.4342629482071714,0.5851079672375277,0.625066952329941,0.46215858973184487,0.04810690423162584,0.5,0.5962452759517887,0.253736275419749,0.4985193816999865,0.8140368506019038,0.8201637652408286,0.9651892813494878
2021-08-16 21:00:00,0.7440725244072525,-0.2828685258964144,0.5806403574087862,0.6329226923763613,0.453926790645326,0.011024498886414253,0.5,0.5511501979672624,0.27139396621332423,0.5311522064960028,0.810732434257886,0.864799991112323,0.9625360230547552
2021-08-16 21:10:00,0.596931659693166,0.027888446215139417,0.5779597915115411,0.6457775397250489,0.44823389302587324,0.00011135857461024499,0.5,0.5511501979672624,0.27139396621332423,0.5311522064960028,0.810732434257886,0.864799991112323,0.6951204792009295
2021-08-16 21:20:00,0.6582984658298465,-0.2589641434262948,0.573790022338049,0.6625602570969469,0.4232636662260669,0.0016703786191536749,0.5,0.5511501979672624,0.27139396621332423,0.5311522064960028,0.810732434257886,0.864799991112323,0.7850385503266593
2021-08-16 21:30:00,0.7447698744769874,-0.06772908366533881,0.5776619508562917,0.6597036243527941,0.409325882399131,0.010467706013363028,0.5,0.5511501979672624,0.27139396621332423,0.5311522064960028,0.810732434257886,0.864799991112323,0.7907744768169953
2021-08-16 21:40:00,0.7838214783821479,0.03585657370517925,0.5767684288905432,0.6514908052133548,0.4044836476423552,0.020601336302895325,0.5,0.5511501979672624,0.27139396621332423,0.5311522064960028,0.810732434257886,0.864799991112323,0.7965104033073314
2021-08-16 21:50:00,0.9184100418410042,-0.05179282868525903,0.5725986597170512,0.6411355115158008,0.40445747340042665,0.08351893095768374,0.5,0.5511501979672624,0.27139396621332423,0.5311522064960028,0.810732434257886,0.864799991112323,0.8022464052386197
2021-08-16 22:00:00,0.794281729428173,-0.043824701195219196,0.5639612807148173,0.6297089805391896,0.40445747340042665,0.026280623608017816,0.5,0.4970247376529364,0.30483582226794104,0.6043723988045486,0.6233792602007124,0.844155147148478,0.8079822562880034
2021-08-16 22:10:00,0.7684797768479776,0.03585657370517925,0.5571109456440804,0.6325656132833424,0.40148669694153977,0.03051224944320713,0.5,0.4970247376529364,0.30483582226794104,0.6043723988045486,0.6233792602007124,0.844155147148478,0.8137182582192918
2021-08-16 22:20:00,0.8688981868898188,0.01195219123505975,0.5499627699180936,0.6311372969112659,0.40584470822263813,0.05412026726057907,0.5,0.4970247376529364,0.30483582226794104,0.6043723988045486,0.6233792602007124,0.844155147148478,0.8194541092686755
2021-08-16 22:30:00,0.9295676429567643,-0.17928286852589637,0.5401340282948621,0.6172112122835207,0.3997068484904006,0.07472160356347439,0.5,0.4970247376529364,0.30483582226794104,0.6043723988045486,0.6233792602007124,0.844155147148478,0.8251901111999638
2021-08-16 22:40:00,0.9944211994421199,-0.1633466135458168,0.5297096053611317,0.6029280485627568,0.3997068484904006,0.09376391982182629,0.5,0.4970247376529364,0.30483582226794104,0.6043723988045486,0.6233792602007124,0.844155147148478,0.8309260376902998
2021-08-16 22:50:00,0.9700139470013948,-0.2589641434262948,0.5204765450483988,0.5861453311908589,0.3997068484904006,0.1079064587973274,0.5,0.4970247376529364,0.30483582226794104,0.6043723988045486,0.6233792602007124,0.844155147148478,0.8366619641806359
2021-08-16 23:00:00,0.9456066945606695,-0.21115537848605592,0.5023082650781829,0.5665059810748081,0.3997068484904006,0.08262806236080178,0.5,0.46946121085723114,0.33581508417934297,0.6630359783081905,0.5796417161653483,0.808486412527397,0.8423978906709719
2021-08-16 23:10:00,0.9867503486750349,-0.2589641434262948,0.4859270290394637,0.5497232637029101,0.3997068484904006,0.09677060133630289,0.5,0.46946121085723114,0.33581508417934297,0.6630359783081905,0.5796417161653483,0.808486412527397,0.8481338926022602
2021-08-16 23:20:00,0.9721059972105996,-0.5776892430278885,0.4686522710349963,0.5297268344938404,0.3997068484904006,0.09097995545657016,0.5,0.46946121085723114,0.33581508417934297,0.6630359783081905,0.5796417161653483,0.808486412527397,0.8538697436516439
2021-08-16 23:30:00,0.9421199442119944,-0.6254980079681276,0.46358897989575576,0.5154436707730763,0.3997068484904006,0.08028953229398664,0.5,0.46946121085723114,0.33581508417934297,0.6630359783081905,0.5796417161653483,0.808486412527397,0.8596057455829323
2021-08-16 23:40:00,0.9295676429567643,-0.5936254980079682,0.4609084139985107,0.5129441171219424,0.3997068484904006,0.08173719376391982,0.5,0.46946121085723114,0.33581508417934297,0.6630359783081905,0.5796417161653483,0.808486412527397,0.865341596632316
2021-08-16 23:50:00,0.9309623430962343,-0.50597609561753,0.4579300074460164,0.5133011962149614,0.3997068484904006,0.0799554565701559,0.5,0.46946121085723114,0.33581508417934297,0.6630359783081905,0.5796417161653483,0.808486412527397,0.8710775985636043
2021-08-17 00:00:00,0.9700139470013948,-0.4422310756972112,0.4537602382725241,0.507587930726656,0.39384381829841253,0.09320712694877505,0.5,0.4621814988411468,0.3421712781639454,0.6800016790189964,0.5517458785932045,0.7895656327957733,0.8768136004948928
2021-08-17 00:10:00,0.9679218967921898,0.2669322709163344,0.4615040953090095,0.5054454561685413,0.3858214131473217,0.09821826280623609,0.5,0.4621814988411468,0.3421712781639454,0.6800016790189964,0.5517458785932045,0.7895656327957733,0.8825494515442762
2021-08-17 00:20:00,0.9470013947001394,0.5059760956175297,0.4615040953090095,0.49651847884306366,0.3860700684456426,0.0900890868596882,0.5,0.4621814988411468,0.3421712781639454,0.6800016790189964,0.5517458785932045,0.7895656327957733,0.8882854534755648
2021-08-17 00:30:00,0.9386331938633194,-0.3784860557768924,0.45316455696202507,0.500803427959293,0.3996937613694363,0.08273942093541202,0.5,0.4621814988411468,0.3421712781639454,0.6800016790189964,0.5517458785932045,0.7895656327957733,0.8940213045249483
2021-08-17 00:40:00,0.99163179916318,-0.5617529880478087,0.441548771407297,0.49509016247098736,0.3997330227323291,0.09710467706013363,0.5,0.4621814988411468,0.3421712781639454,0.6800016790189964,0.5517458785932045,0.7895656327957733,0.8997573064562366
2021-08-17 00:50:00,0.9560669456066946,-0.4661354581673308,0.43678332092330585,0.4868773433315481,0.39974610985329345,0.09365256124721603,0.5,0.4621814988411468,0.3421712781639454,0.6800016790189964,0.5517458785932045,0.7895656327957733,0.9054932329465727
2021-08-17 01:00:00,0.9630404463040447,-0.4422310756972112,0.4358897989575574,0.4883056597036244,0.39975919697425766,0.09944320712694878,0.5,0.3901661750977161,0.3481539164442077,0.7303018670716602,0.5608159092844264,0.7693312197926453,0.9112291594369087
2021-08-17 01:10:00,0.9511854951185496,-0.3784860557768924,0.43261355174981353,0.4833065524013569,0.39979845833715044,0.09120267260579064,0.5,0.3901661750977161,0.3481539164442077,0.7303018670716602,0.5608159092844264,0.7693312197926453,0.9169650859272448
2021-08-17 01:20:00,0.8437935843793585,0.14741035856573692,0.4308265078183171,0.4850919478664524,0.39979845833715044,0.05378619153674833,0.5,0.3901661750977161,0.3481539164442077,0.7303018670716602,0.5608159092844264,0.7693312197926453,0.9227010124175807
2021-08-17 01:30:00,0.7880055788005579,0.3784860557768923,0.4278481012658226,0.4861631851455097,0.39983771970004317,0.031291759465478845,0.5,0.3901661750977161,0.3481539164442077,0.7303018670716602,0.5608159092844264,0.7693312197926453,0.9284369389079168
2021-08-17 01:40:00,0.7656903765690377,-0.01195219123505975,0.4209977661950852,0.4933047670058919,0.4055567915614244,0.021269487750556794,0.5,0.3901661750977161,0.3481539164442077,0.7303018670716602,0.5608159092844264,0.7693312197926453,0.9341729408392052
2021-08-17 01:50:00,0.7412831241283124,-0.12350597609561753,0.41653015636634394,0.5047312979825032,0.4077685150043842,0.017483296213808463,0.5,0.3901661750977161,0.3481539164442077,0.7303018670716602,0.5608159092844264,0.7693312197926453,0.9399087918885889
2021-08-17 02:00:00,0.6806136680613668,0.019920318725099362,0.41325390915860005,0.5065166934475986,0.4096923217861303,0.004231625835189309,0.5,0.3854026201520031,0.3501510027097172,0.765697210736033,0.5760570346868175,0.7635853569559496,0.9456447938198772
2021-08-17 02:10:00,0.6750348675034867,0.1872509960159361,0.40997766195085616,0.49401892519193,0.4096923217861303,0.0017817371937639199,0.5,0.3854026201520031,0.3501510027097172,0.765697210736033,0.5760570346868175,0.7635853569559496,0.9028169651613682
2021-08-17 02:20:00,0.6338912133891214,0.10756972111553775,0.4069992553983617,0.49009105516871987,0.4096923217861303,0.0036748329621380848,0.5,0.3854026201520031,0.3501510027097172,0.765697210736033,0.5760570346868175,0.7635853569559496,0.8110430466074203
2021-08-17 02:30:00,0.6806136680613668,0.29083665338645415,0.40551005212211444,0.48901981788966253,0.4097184960280588,0.0032293986636971047,0.5,0.3854026201520031,0.3501510027097172,0.765697210736033,0.5760570346868175,0.7635853569559496,0.897943479638487
2021-08-17 02:40:00,0.6192468619246863,0.03585657370517925,0.40551005212211444,0.4893768969826817,0.413212757325516,0.00033407572383073496,0.5,0.3854026201520031,0.3501510027097172,0.765697210736033,0.5760570346868175,0.7635853569559496,0.756876442808214
2021-08-17 02:50:00,0.5083682008368201,0.003984063745019917,0.3992553983618763,0.49794679521513996,0.4097054089070945,0.00011135857461024499,0.5,0.3854026201520031,0.3501510027097172,0.765697210736033,0.5760570346868175,0.7635853569559496,0.504194516951582
2021-08-17 03:00:00,0.49372384937238495,-0.3227091633466136,0.3953834698436334,0.49009105516871987,0.40803025742366933,0.00011135857461024499,0.5,0.38419747296982254,0.3466165910455832,0.7546686936636182,0.5580105276144363,0.7688211492498658,0.4877710216213769
2021-08-17 03:10:00,0.499302649930265,0.05976095617529875,0.3921072226358895,0.5015175861453312,0.4009762992239337,0.00011135857461024499,0.5,0.38419747296982254,0.3466165910455832,0.7546686936636182,0.5580105276144363,0.7688211492498658,0.4923125669538453
2021-08-17 03:20:00,0.5306834030683404,0.03585657370517925,0.3885331347728964,0.49009105516871987,0.40916883694755984,0.00011135857461024499,0.5,0.38419747296982254,0.3466165910455832,0.7546686936636182,0.5580105276144363,0.7688211492498658,0.5432201216108152
2021-08-17 03:30:00,0.4504881450488145,0.01195219123505975,0.38585256887565134,0.462595965006249,0.4097184960280588,0.00011135857461024499,0.5,0.38419747296982254,0.3466165910455832,0.7546686936636182,0.5580105276144363,0.7688211492498658,0.38646136668829306
2021-08-17 03:40:00,0.4086471408647141,-0.03585657370517936,0.3810871183916602,0.45831101589001966,0.403161848424965,0.00011135857461024499,0.5,0.38419747296982254,0.3466165910455832,0.7546686936636182,0.5580105276144363,0.7688211492498658,0.31519984308281906
2021-08-17 03:50:00,0.401673640167364,-0.07569721115537853,0.37840655249441535,0.45866809498303884,0.4011726060383976,0.00011135857461024499,0.5,0.38419747296982254,0.3466165910455832,0.7546686936636182,0.5580105276144363,0.7688211492498658,0.28613998823121145
2021-08-17 04:00:00,0.4630404463040446,0.31474103585657365,0.37513030528667146,0.4458132476343508,0.3914227009200246,0.00011135857461024499,0.5,0.3549076569688112,0.3595157568669602,0.7936812833893662,0.5441706013132598,0.7730408707257441,0.42022119287233883
2021-08-17 04:10:00,0.5341701534170153,-0.019920318725099695,0.37155621742367817,0.41867523656489913,0.39489078797555327,0.00011135857461024499,0.5,0.3549076569688112,0.3595157568669602,0.7936812833893662,0.5441706013132598,0.7730408707257441,0.5373508155166951
2021-08-17 04:20:00,0.5774058577405857,0.17928286852589648,0.36679076693968726,0.39475093733261923,0.38974754943659945,0.00011135857461024499,0.5,0.3549076569688112,0.3595157568669602,0.7936812833893662,0.5441706013132598,0.7730408707257441,0.670338126348507
2021-08-17 04:30:00,0.6004184100418409,0.027888446215139417,0.3635145197319434,0.3804677736118549,0.38974754943659945,0.00011135857461024499,0.5,0.3549076569688112,0.3595157568669602,0.7936812833893662,0.5441706013132598,0.7730408707257441,0.7059537999607707
2021-08-17 04:40:00,0.5097629009762901,-0.13147410358565736,0.357259865971705,0.3758257454026068,0.3878891782596746,0.00011135857461024499,0.5,0.3549076569688112,0.3595157568669602,0.7936812833893662,0.5441706013132598,0.7730408707257441,0.5225945652337916
2021-08-17 04:50:00,0.5836820083682008,0.09163346613545809,0.3536857781087117,0.3740403499375111,0.3874311290259256,0.00011135857461024499,0.5,0.3549076569688112,0.3595157568669602,0.7936812833893662,0.5441706013132598,0.7730408707257441,0.6580940597794107
2021-08-17 05:00:00,0.6052998605299861,-0.07569721115537853,0.35040953090096805,0.36439921442599554,0.38974754943659945,0.00011135857461024499,0.5,0.32771871872105574,0.3625904076642134,0.8710466489558063,0.555950696406305,0.779033755286243,0.73060790319417
2021-08-17 05:10:00,0.6122733612273361,0.019920318725099362,0.3486224869694712,0.35797179075165153,0.38974754943659945,0.00011135857461024499,0.5,0.32771871872105574,0.3625904076642134,0.8710466489558063,0.555950696406305,0.779033755286243,0.7454395944294401
2021-08-17 05:20:00,0.5460251046025105,0.11553784860557759,0.3462397617274757,0.3540439207284414,0.3955451440237662,0.00022271714922048998,0.5,0.32771871872105574,0.3625904076642134,0.8710466489558063,0.555950696406305,0.779033755286243,0.6154246571208715
2021-08-17 05:30:00,0.5341701534170153,0.003984063745019917,0.34266567386448243,0.3540439207284414,0.3946028713143395,0.00011135857461024499,0.5,0.32771871872105574,0.3625904076642134,0.8710466489558063,0.555950696406305,0.779033755286243,0.5230849314241743
2021-08-17 05:40:00,0.49790794979079495,-0.003984063745020028,0.3384959046909901,0.3540439207284414,0.39678842051537083,0.00011135857461024499,0.5,0.32771871872105574,0.3625904076642134,0.8710466489558063,0.555950696406305,0.779033755286243,0.4682393590536687
2021-08-17 05:50:00,0.4072524407252441,0.027888446215139417,0.3379002233804913,0.3533297625424032,0.39354281451623463,0.00011135857461024499,0.5,0.32771871872105574,0.3625904076642134,0.8710466489558063,0.555950696406305,0.779033755286243,0.2905608280398932
2021-08-17 06:00:00,0.38284518828451886,0.14741035856573692,0.33581533879374503,0.35011605070523144,0.389826072162385,0.00011135857461024499,0.5,0.2941539038290346,0.37167355829049414,0.9026104306899311,0.4668373501346179,0.7694691042730073,0.24016627185901598
2021-08-17 06:10:00,0.38354253835425384,0.2111553784860556,0.33462397617274764,0.33547580789144793,0.389826072162385,0.00011135857461024499,0.5,0.2941539038290346,0.37167355829049414,0.9026104306899311,0.4668373501346179,0.7694691042730073,0.2522519124281425
2021-08-17 06:20:00,0.4205020920502092,0.22709163346613526,0.3307520476545047,0.32226388144974116,0.3897998979204565,0.00011135857461024499,0.5,0.2941539038290346,0.37167355829049414,0.9026104306899311,0.4668373501346179,0.7694691042730073,0.30745205727477104
2021-08-17 06:30:00,0.39539748953974896,0.31474103585657365,0.3292628443782575,0.3094090341010536,0.38974754943659945,0.00011135857461024499,0.5,0.2941539038290346,0.37167355829049414,0.9026104306899311,0.4668373501346179,0.7694691042730073,0.2728322042337462
2021-08-17 06:40:00,0.37377963737796377,0.09163346613545809,0.3268801191362618,0.29976789858953756,0.39829343942626066,0.00011135857461024499,0.5,0.2941539038290346,0.37167355829049414,0.9026104306899311,0.4668373501346179,0.7694691042730073,0.24349321785838224
2021-08-17 06:50:00,0.3193863319386332,-0.11553784860557781,0.3268801191362618,0.2908409212640599,0.4009762992239337,0.00011135857461024499,0.5,0.2941539038290346,0.37167355829049414,0.9026104306899311,0.4668373501346179,0.7694691042730073,0.16686029844440758
2021-08-17 07:00:00,0.3716875871687587,0.03585657370517925,0.3268801191362618,0.283699339403678,0.39227336378270145,0.00011135857461024499,0.5,0.28952062605083073,0.385431902231853,0.9397237252866221,0.42921935010729406,0.7580324133514411,0.23069843233700985
2021-08-17 07:10:00,0.3396094839609484,0.22709163346613526,0.32390171258376776,0.27905731119442967,0.39616023870908645,0.00011135857461024499,0.5,0.28952062605083073,0.385431902231853,0.9397237252866221,0.42921935010729406,0.7580324133514411,0.19794951491467627
2021-08-17 07:20:00,0.3417015341701534,0.09960159362549792,0.32151898734177187,0.2740582038921622,0.3988430985067595,0.00011135857461024499,0.5,0.28952062605083073,0.385431902231853,0.9397237252866221,0.42921935010729406,0.7580324133514411,0.20608959367503057
2021-08-17 07:30:00,0.32914923291492326,0.01195219123505975,0.32092330603127306,0.26977325477593306,0.3988430985067595,0.00011135857461024499,0.5,0.28952062605083073,0.385431902231853,0.9397237252866221,0.42921935010729406,0.7580324133514411,0.1824011346319236
2021-08-17 07:40:00,0.2768479776847978,0.1633466135458166,0.32092330603127306,0.2597750401713981,0.3988430985067595,0.00011135857461024499,0.5,0.28952062605083073,0.385431902231853,0.9397237252866221,0.42921935010729406,0.7580324133514411,0.12944158607058256
2021-08-17 07:50:00,0.25174337517433754,0.29083665338645415,0.32092330603127306,0.25191930012497776,0.3988430985067595,0.00011135857461024499,0.5,0.28952062605083073,0.385431902231853,0.9397237252866221,0.42921935010729406,0.7580324133514411,0.10941201321725486
2021-08-17 08:00:00,0.2189679218967922,0.3784860557768923,0.32092330603127306,0.24763435100874842,0.3988430985067595,0.00011135857461024499,0.5,0.2832180928503316,0.39576502771495875,0.9602447867664897,0.38351401935845925,0.7515767762195852,0.0909289798874421
2021-08-17 08:10:00,0.198744769874477,0.5139442231075697,0.32092330603127306,0.24692019282271027,0.4071795945609925,0.00011135857461024499,0.5,0.2832180928503316,0.39576502771495875,0.9602447867664897,0.38351401935845925,0.7515767762195852,0.07003938017713536
2021-08-17 08:20:00,0.27405857740585776,0.03585657370517925,0.32449739389426635,0.24692019282271027,0.4127154467288741,0.00011135857461024499,0.5,0.2832180928503316,0.39576502771495875,0.9602447867664897,0.38351401935845925,0.7515767762195852,0.12170888845300784
2021-08-17 08:30:00,0.26569037656903766,0.09960159362549792,0.3268801191362618,0.24263524370648093,0.4183429087435055,0.00011135857461024499,0.5,0.2832180928503316,0.39576502771495875,0.9602447867664897,0.38351401935845925,0.7515767762195852,0.10822004616986285
2021-08-17 08:40:00,0.32496513249651326,-0.33864541832669326,0.3268801191362618,0.2369219782181753,0.42656162070906023,0.00011135857461024499,0.5,0.2832180928503316,0.39576502771495875,0.9602447867664897,0.38351401935845925,0.7515767762195852,0.17111516815788283
2021-08-17 08:50:00,0.3591352859135286,0.01195219123505975,0.3268801191362618,0.23620782003213714,0.41976940492860976,0.00011135857461024499,0.5,0.2832180928503316,0.39576502771495875,0.9602447867664897,0.38351401935845925,0.7515767762195852,0.21475021500671426
2021-08-17 09:00:00,0.2524407252440725,0.3067729083665336,0.32777364110201024,0.23442242456704165,0.41813351480807737,0.00011135857461024499,0.5,0.26956250418998184,0.3953225078805895,0.9936065391449203,0.3563692381019459,0.7353390613747635,0.09832219321936721
2021-08-17 09:10:00,0.29288702928870297,-0.14741035856573714,0.3340282948622486,0.24370648098553827,0.42149690489589203,0.00011135857461024499,0.5,0.26956250418998184,0.3953225078805895,0.9936065391449203,0.3563692381019459,0.7353390613747635,0.1325422092128491
2021-08-17 09:20:00,0.2649930264993026,0.3227091633466135,0.3379002233804913,0.24763435100874842,0.4165368860504377,0.00011135857461024499,0.5,0.26956250418998184,0.3953225078805895,0.9936065391449203,0.3563692381019459,0.7353390613747635,0.11426286645442613
2021-08-17 09:30:00,0.37517433751743373,0.15537848605577675,0.3459419210722261,0.25691840742724525,0.4156600489458324,0.00011135857461024499,0.5,0.26956250418998184,0.3953225078805895,0.9936065391449203,0.3563692381019459,0.7353390613747635,0.235926490336014
2021-08-17 09:40:00,0.39609483960948394,-0.13147410358565736,0.356664184661206,0.26513122656668453,0.412859405059481,0.00011135857461024499,0.5,0.26956250418998184,0.3953225078805895,0.9936065391449203,0.3563692381019459,0.7353390613747635,0.269746669281953
2021-08-17 09:50:00,0.38354253835425384,-0.20318725099601598,0.364705882352941,0.27441528298518114,0.412911753543338,0.00011135857461024499,0.5,0.26956250418998184,0.3953225078805895,0.9936065391449203,0.3563692381019459,0.7353390613747635,0.2573064562367035
2021-08-17 10:00:00,0.39539748953974896,0.2669322709163344,0.37036485480268033,0.27762899482235315,0.4047977385454974,0.00011135857461024499,0.5,0.34584468867058904,0.41168712123606716,0.8838984994972455,0.41796498720254155,0.7406999332563656,0.2746503311857809
2021-08-17 10:10:00,0.43584379358437936,0.13147410358565725,0.3766195085629187,0.29191215854311725,0.4076638180366701,0.00011135857461024499,0.5,0.34584468867058904,0.41168712123606716,0.8838984994972455,0.41796498720254155,0.7406999332563656,0.3368664846025016
2021-08-17 10:20:00,0.4700139470013947,-0.02788844621513953,0.37870439314966475,0.29405463310123214,0.4148486474460483,0.00011135857461024499,0.5,0.34584468867058904,0.41168712123606716,0.8838984994972455,0.41796498720254155,0.7406999332563656,0.3843414759267921
2021-08-17 10:30:00,0.4546722454672245,-0.05179282868525903,0.3813849590469096,0.2944117121942511,0.41067385585844973,0.00011135857461024499,0.5,0.34584468867058904,0.41168712123606716,0.8838984994972455,0.41796498720254155,0.7406999332563656,0.3688609925011693
2021-08-17 10:40:00,0.4783821478382148,0.07569721115537842,0.38644825018615014,0.3040528477057669,0.4162097080263312,0.00011135857461024499,0.5,0.34584468867058904,0.41168712123606716,0.8838984994972455,0.41796498720254155,0.7406999332563656,0.406023205636948
2021-08-17 10:50:00,0.4211994421199442,0.07569721115537842,0.38972449739389403,0.30976611319407255,0.42198112837156954,0.00011135857461024499,0.5,0.34584468867058904,0.41168712123606716,0.8838984994972455,0.41796498720254155,0.7406999332563656,0.313811729559274
2021-08-17 11:00:00,0.43096234309623427,-0.21912350597609564,0.3992553983618763,0.3276200678450276,0.4235777571292091,0.00011135857461024499,0.5,0.3858586235913737,0.4194628268971595,0.812530047021409,0.45855063337192786,0.7393249897741545,0.31789308508230607
2021-08-17 11:10:00,0.43096234309623427,-0.043824701195219196,0.4067014147431123,0.3376182824495626,0.4105429846488072,0.00011135857461024499,0.5,0.3858586235913737,0.4194628268971595,0.812530047021409,0.45855063337192786,0.7393249897741545,0.32789655536611495
2021-08-17 11:20:00,0.399581589958159,0.01195219123505975,0.4156366344005955,0.3540439207284414,0.4145869050267632,0.00011135857461024499,0.5,0.3858586235913737,0.4194628268971595,0.812530047021409,0.45855063337192786,0.7393249897741545,0.2802933144228013
2021-08-17 11:30:00,0.4100418410041841,0.07569721115537842,0.42457185405807873,0.37046955900732037,0.42147073065396345,0.00011135857461024499,0.5,0.3858586235913737,0.4194628268971595,0.812530047021409,0.45855063337192786,0.7393249897741545,0.30096413537124495
2021-08-17 11:40:00,0.4679218967921897,-0.36254980079681276,0.4344005956813102,0.3843956436350653,0.4232505791051026,0.00011135857461024499,0.5,0.3858586235913737,0.4194628268971595,0.812530047021409,0.45855063337192786,0.7393249897741545,0.40166271859015945
2021-08-17 11:50:00,0.41631799163179917,0.08366533864541825,0.441548771407297,0.3936797000535619,0.39765217049901197,0.00022271714922048998,0.5,0.3858586235913737,0.4194628268971595,0.812530047021409,0.45855063337192786,0.7393249897741545,0.3112769135597568
2021-08-17 12:00:00,0.4700139470013947,-0.02788844621513953,0.4504839910647802,0.40760578468130704,0.4137362421640863,0.00044543429844097997,0.5,0.41621513810013444,0.4098308367360451,0.7414143350938938,0.5113159694304996,0.7393412713999835,0.3772047618329134
2021-08-17 12:10:00,0.5188284518828452,0.01195219123505975,0.45644080416976895,0.4158186038207463,0.39999476515161425,0.000556792873051225,0.5,0.41621513810013444,0.4098308367360451,0.7414143350938938,0.5113159694304996,0.7393412713999835,0.4965674366673205
2021-08-17 12:20:00,0.4755927475592748,0.14741035856573692,0.4647803425167534,0.41331905016961246,0.4150973027443693,0.00011135857461024499,0.5,0.41621513810013444,0.4098308367360451,0.7414143350938938,0.5113159694304996,0.7393412713999835,0.44596164581981684
2021-08-17 12:30:00,0.4609483960948396,-0.12350597609561753,0.47520476545048385,0.4336725584717014,0.4133174542932301,0.00011135857461024499,0.5,0.41621513810013444,0.4098308367360451,0.7414143350938938,0.5113159694304996,0.7393412713999835,0.41932344553917655
2021-08-17 12:40:00,0.49581589958159,0.10756972111553775,0.48235294117647043,0.4500981967505804,0.42457237832249284,0.00011135857461024499,0.5,0.41621513810013444,0.4098308367360451,0.7414143350938938,0.5113159694304996,0.7393412713999835,0.46112527724549995
2021-08-17 12:50:00,0.45746164574616455,-0.21115537848605592,0.48711839166046156,0.46009641135511514,0.4183821701063983,0.00022271714922048998,0.5,0.41621513810013444,0.4098308367360451,0.7414143350938938,0.5113159694304996,0.7393412713999835,0.4190518581106568
2021-08-17 13:00:00,0.45327754532775455,-0.01195219123505975,0.49426656738644814,0.46938046777361175,0.4193637041787177,0.00011135857461024499,0.5,0.5451570813778692,0.3889806814230737,0.5758448008174946,0.5651410422075301,0.7393748522185217,0.40821853735081554
2021-08-17 13:10:00,0.45327754532775455,0.11553784860557759,0.5002233804914369,0.47937868237814674,0.40585779534360233,0.00011135857461024499,0.5,0.5451570813778692,0.3889806814230737,0.5758448008174946,0.5651410422075301,0.7393748522185217,0.4025981863995051
2021-08-17 13:20:00,0.4504881450488145,-0.01195219123505975,0.5061801935964259,0.4868773433315481,0.40728429152870665,0.00022271714922048998,0.5,0.5451570813778692,0.3889806814230737,0.5758448008174946,0.5651410422075301,0.7393748522185217,0.35528916517042114
2021-08-17 13:30:00,0.44142259414225943,-0.06772908366533881,0.5136262099776618,0.49366184609891084,0.40505948096478256,0.00011135857461024499,0.5,0.5451570813778692,0.3889806814230737,0.5758448008174946,0.5651410422075301,0.7393748522185217,0.3443728593629766
2021-08-17 13:40:00,0.4790794979079498,-0.003984063745020028,0.5228592702903945,0.5068737725406176,0.4111319050921987,0.00011135857461024499,0.5,0.5451570813778692,0.3889806814230737,0.5758448008174946,0.5651410422075301,0.7393748522185217,0.37243689364334537
2021-08-17 13:50:00,0.4707112970711297,-0.02788844621513953,0.5297096053611317,0.5115158007498661,0.40846213241548995,0.00022271714922048998,0.5,0.5451570813778692,0.3889806814230737,0.5758448008174946,0.5651410422075301,0.7393748522185217,0.45246465591381624
2021-08-17 14:00:00,0.47629009762900976,0.13147410358565725,0.5350707371556216,0.5154436707730763,0.4236170184921019,0.00022271714922048998,0.5,0.5570293470499024,0.3674207702718615,0.5407134841584431,0.5559260421152786,0.7370257287737096,0.4247853704905171
2021-08-17 14:10:00,0.5195258019525802,-0.298804780876494,0.5416232315711094,0.5215140153544011,0.4152412610749761,0.00011135857461024499,0.5,0.5570293470499024,0.3674207702718615,0.5407134841584431,0.5559260421152786,0.7370257287737096,0.4704422348627729
2021-08-17 14:20:00,0.4665271966527197,0.05179282868525892,0.5460908413998509,0.525441885377611,0.40933896952009524,0.001893095768374165,0.5,0.5570293470499024,0.3674207702718615,0.5407134841584431,0.5559260421152786,0.7370257287737096,0.4176260241109284
2021-08-17 14:30:00,0.5543933054393305,0.027888446215139417,0.5532390171258375,0.5307980717728977,0.4167201057439374,0.000556792873051225,0.5,0.5570293470499024,0.3674207702718615,0.5407134841584431,0.5559260421152786,0.7370257287737096,0.5563091268464173
2021-08-17 14:40:00,0.5174337517433751,-0.3545816733067729,0.5574087862993298,0.5411533654704517,0.4220203897344623,0.0006681514476614699,0.5,0.5570293470499024,0.3674207702718615,0.5407134841584431,0.5559260421152786,0.7370257287737096,0.5055901745703637
2021-08-17 14:50:00,0.4470013947001395,0.17928286852589648,0.5618763961280713,0.552222817354044,0.4065383256337438,0.00044543429844097997,0.5,0.5570293470499024,0.3674207702718615,0.5407134841584431,0.5559260421152786,0.7370257287737096,0.3884982724021908
2021-08-17 15:00:00,0.5585774058577406,-0.08366533864541836,0.5675353685778106,0.5625781110515979,0.4157123974296894,0.0014476614699331849,0.5,0.5672567717611396,0.3516797075920881,0.5140551263531543,0.5442659276222375,0.7360240739495962,0.5889976915068577
2021-08-17 15:10:00,0.3884239888423989,0.1394422310756971,0.5714072970960533,0.5661489019817889,0.43006896912748166,0.004342984409799555,0.5,0.5672567717611396,0.3516797075920881,0.5140551263531543,0.5442659276222375,0.7360240739495962,0.2670383390919927
2021-08-17 15:20:00,0.598326359832636,0.01195219123505975,0.5788533134772895,0.5750758793072666,0.412964102027195,0.009910913140311804,0.5,0.5672567717611396,0.3516797075920881,0.5140551263531543,0.5442659276222375,0.7360240739495962,0.6058889207417355
2021-08-17 15:30:00,0.602510460251046,-0.14741035856573714,0.5800446760982871,0.5743617211212282,0.4116423028098049,0.026169265033407576,0.5,0.5672567717611396,0.3516797075920881,0.5140551263531543,0.5442659276222375,0.7360240739495962,0.5932148407441497
2021-08-17 15:40:00,0.44142259414225943,-0.26693227091633476,0.5848101265822783,0.5765041956793431,0.40534739762599625,0.004008908685968819,0.5,0.5672567717611396,0.3516797075920881,0.5140551263531543,0.5442659276222375,0.7360240739495962,0.3492388007906212
2021-08-17 15:50:00,0.5767085076708507,0.17928286852589648,0.5916604616530154,0.5779325120514194,0.4250696889191347,0.011469933184855235,0.5,0.5672567717611396,0.3516797075920881,0.5140551263531543,0.5442659276222375,0.7360240739495962,0.5896992923638668
2021-08-17 16:00:00,0.4246861924686192,-0.07569721115537853,0.5958302308265075,0.5929298339582219,0.3910693486539897,0.000779510022271715,0.5,0.631080376609745,0.33834089544175827,0.4072426335894852,0.5524522009770423,0.7413007398099407,0.32742127736620547
2021-08-17 16:10:00,0.49581589958159,0.03585657370517925,0.6044676098287414,0.6011426530976611,0.4222690450327832,0.0026726057906458797,0.5,0.631080376609745,0.33834089544175827,0.4072426335894852,0.5524522009770423,0.7413007398099407,0.4443321212486987
2021-08-17 16:20:00,0.47419804741980476,0.027888446215139417,0.6092330603127325,0.610426709516158,0.435892737956577,0.0014476614699331849,0.5,0.631080376609745,0.33834089544175827,0.4072426335894852,0.5524522009770423,0.7413007398099407,0.41841061001554086
2021-08-17 16:30:00,0.4595536959553696,-0.13147410358565736,0.6125093075204764,0.6136404213533297,0.4150449542605122,0.00111358574610245,0.5,0.631080376609745,0.33834089544175827,0.4072426335894852,0.5524522009770423,0.7413007398099407,0.4136653741116828
2021-08-17 16:40:00,0.36262203626220363,0.12350597609561742,0.6145941921072224,0.6243527941439027,0.40961379906034473,0.000556792873051225,0.5,0.631080376609745,0.33834089544175827,0.4072426335894852,0.5524522009770423,0.7413007398099407,0.2503281681427946
2021-08-17 16:50:00,0.4504881450488145,-0.1872509960159363,0.6151898734177212,0.6279235850740938,0.40634201881927995,0.0028953229398663697,0.5,0.631080376609745,0.33834089544175827,0.4072426335894852,0.5524522009770423,0.7413007398099407,0.38080329526079937
2021-08-17 17:00:00,0.43235704323570434,0.09163346613545809,0.6220402084884586,0.6275665059810749,0.41043828768109303,0.0022271714922049,0.5,0.6406237961619266,0.32255098316987946,0.3962016887329583,0.5496801346948161,0.7406333654315294,0.35328243583747004
2021-08-17 17:10:00,0.6101813110181311,-0.08366533864541836,0.6274013402829486,0.62542403142296,0.4070487233513499,0.020601336302895325,0.5,0.6406237961619266,0.32255098316987946,0.3962016887329583,0.5496801346948161,0.7406333654315294,0.5715632874149403
2021-08-17 17:20:00,0.7287308228730822,-0.15537848605577698,0.6300819061801934,0.6179253704695589,0.41274162097080264,0.032405345211581296,0.5,0.6406237961619266,0.32255098316987946,0.3962016887329583,0.5496801346948161,0.7406333654315294,0.7795615371848453
2021-08-17 17:30:00,0.5613668061366807,0.19521912350597592,0.6282948622486968,0.6111408677021961,0.38028556097944016,0.007015590200445435,0.5,0.6406237961619266,0.32255098316987946,0.3962016887329583,0.5496801346948161,0.7406333654315294,0.5730343859860887
2021-08-17 17:40:00,0.6073919107391912,0.08366533864541825,0.6321667907669395,0.6222103195857882,0.4156731360667967,0.004342984409799555,0.5,0.6406237961619266,0.32255098316987946,0.3962016887329583,0.5496801346948161,0.7406333654315294,0.6497955550190866
2021-08-17 17:50:00,0.6283124128312413,-0.03585657370517936,0.6324646314221889,0.6257811105159794,0.40215414011071704,0.0026726057906458797,0.5,0.6406237961619266,0.32255098316987946,0.3962016887329583,0.5496801346948161,0.7406333654315294,0.7305400063370401
2021-08-17 18:00:00,0.5355648535564853,0.05976095617529875,0.6303797468354431,0.6300660596322085,0.43675648794021804,0.0036748329621380848,0.5,0.6013671431377852,0.32127514676428925,0.40311432661002894,0.6525701667961984,0.717576901021301,0.5341143986601687
2021-08-17 18:10:00,0.6304044630404463,0.05976095617529875,0.6336559940431867,0.635422246027495,0.4188140450982188,0.025723830734966594,0.5,0.6013671431377852,0.32127514676428925,0.40311432661002894,0.6525701667961984,0.717576901021301,0.6844757608220046
2021-08-17 18:20:00,0.6743375174337517,0.01195219123505975,0.6336559940431867,0.6339939296554187,0.4470429650181257,0.09510022271714921,0.5,0.6013671431377852,0.32127514676428925,0.40311432661002894,0.6525701667961984,0.717576901021301,0.3842811231648988
2021-08-17 18:30:00,0.6429567642956765,0.1872509960159361,0.6300819061801934,0.6261381896089984,0.4492285142191569,0.09677060133630289,0.5,0.6013671431377852,0.32127514676428925,0.40311432661002894,0.6525701667961984,0.717576901021301,0.36459857869245743
2021-08-17 18:40:00,0.6771269177126918,0.14741035856573692,0.627103499627699,0.6168541331905018,0.4716336653099684,0.09966592427616926,0.5,0.6013671431377852,0.32127514676428925,0.40311432661002894,0.6525701667961984,0.717576901021301,0.4095462981124674
2021-08-17 18:50:00,0.6827057182705718,-0.2828685258964144,0.6178704393149663,0.6064988394929476,0.47367525618039286,0.08084632516703787,0.5,0.6013671431377852,0.32127514676428925,0.40311432661002894,0.6525701667961984,0.717576901021301,0.5151409991399731
2021-08-17 19:00:00,0.603905160390516,-0.08366533864541836,0.6095309009679819,0.5997143367255846,0.4675112222062269,0.046881959910913144,0.5,0.5862458863133264,0.34475455953472395,0.4190638657484817,0.7043865160684978,0.7383352917776927,0.5032062404755797
2021-08-17 19:10:00,0.5362622036262203,0.06772908366533859,0.6053611317944898,0.5990001785395467,0.4715682297051472,0.0008908685968819599,0.5,0.5862458863133264,0.34475455953472395,0.4190638657484817,0.7043865160684978,0.7383352917776927,0.5572445946557629
2021-08-17 19:20:00,0.7203626220362622,0.05976095617529875,0.604169769173492,0.6007855740046419,0.459083116305244,0.02873051224944321,0.5,0.5862458863133264,0.34475455953472395,0.4190638657484817,0.7043865160684978,0.7383352917776927,0.8366401617454019
2021-08-17 19:30:00,0.6947930962343096,-0.1872509960159363,0.5922561429635145,0.5704338510980183,0.4681917524963683,0.14164810690423163,0.5,0.5862458863133264,0.34475455953472395,0.4190638657484817,0.7043865160684978,0.7383352917776927,0.815793337055087
2021-08-17 19:40:00,0.6692235704323571,0.19521912350597592,0.5550260610573343,0.5318693090519551,0.4750755781235686,0.10289532293986638,0.5,0.5862458863133264,0.34475455953472395,0.4190638657484817,0.7043865160684978,0.7383352917776927,0.7949464369238198
2021-08-17 19:50:00,0.6436541143654114,0.2350597609561753,0.5186895011169024,0.5097304052847706,0.47962989621913077,0.001893095768374165,0.5,0.5862458863133264,0.34475455953472395,0.4190638657484817,0.7043865160684978,0.7383352917776927,0.7740996122335048
2021-08-17 20:00:00,0.396792189679219,-0.06772908366533881,0.5032017870439314,0.5265131226566686,0.4816453128476266,0.00011135857461024499,0.5,0.5735349572063184,0.3482056395417338,0.4512240543058658,0.5248095332294718,0.7532500451914873,0.28663789851683086
2021-08-17 20:10:00,0.16945606694560672,0.7450199203187249,0.49813849590469084,0.5450812354936618,0.5017340435277643,0.0006681514476614699,0.5,0.5735349572063184,0.3482056395417338,0.4512240543058658,0.5248095332294718,0.7532500451914873,0.043250297991761846
2021-08-17 20:20:00,0.07670850767085077,0.17662682602921653,0.5073715562174235,0.552579896447063,0.5361400845428014,0.9664810690423163,0.5,0.5735349572063184,0.3482056395417338,0.4512240543058658,0.5248095332294718,0.7532500451914873,0.0
2021-08-17 20:30:00,0.04741980474198048,-0.39176626826029215,0.5291139240506326,0.5554365291912158,0.5361400845428014,0.9993318485523385,0.5,0.5735349572063184,0.3482056395417338,0.4512240543058658,0.5248095332294718,0.7532500451914873,0.0
2021-08-17 20:40:00,0.06764295676429567,-0.49800796812749004,0.5401340282948621,0.5590073201214067,0.5361400845428014,0.9993318485523385,0.5,0.5735349572063184,0.3482056395417338,0.4512240543058658,0.5248095332294718,0.7532500451914873,0.0
2021-08-17 20:50:00,0.0885634588563459,-0.6042496679946879,0.548771407297096,0.5582931619353688,0.5361400845428014,0.9993318485523385,0.5,0.5735349572063184,0.3482056395417338,0.4512240543058658,0.5248095332294718,0.7532500451914873,0.0
2021-08-17 21:00:00,0.08368200836820083,-0.7104913678618858,0.5538346984363365,0.5518657382610248,0.5361400845428014,0.9993318485523385,0.5,0.5424617848639008,0.3392661641863528,0.5148307215330509,0.335939790284583,0.7261990025076414,0.0
2021-08-17 21:10:00,0.06555090655509065,-0.5856573705179284,0.5496649292628444,0.5504374218889485,0.5361400845428014,0.9993318485523385,0.5,0.5424617848639008,0.3392661641863528,0.5148307215330509,0.335939790284583,0.7261990025076414,0.0
2021-08-17 21:20:00,0.08926080892608089,-0.46082337317397093,0.5526433358153384,0.5493661846098912,0.5361400845428014,0.9993318485523385,0.5,0.5424617848639008,0.3392661641863528,0.5148307215330509,0.335939790284583,0.7261990025076414,0.0
2021-08-17 21:30:00,0.08507670850767085,-0.3359893758300134,0.5532390171258375,0.5468666309587575,0.5361400845428014,0.9993318485523385,0.5,0.5424617848639008,0.3392661641863528,0.5148307215330509,0.335939790284583,0.7261990025076414,0.0
2021-08-17 21:40:00,0.10739191073919108,-0.21115537848605592,0.5505584512285924,0.5468666309587575,0.5361400845428014,0.9993318485523385,0.5,0.5424617848639008,0.3392661641863528,0.5148307215330509,0.335939790284583,0.7261990025076414,0.0
2021-08-17 21:50:00,0.11854951185495119,-0.23007968127490042,0.5469843633655993,0.5411533654704517,0.5361400845428014,0.9993318485523385,0.5,0.5424617848639008,0.3392661641863528,0.5148307215330509,0.335939790284583,0.7261990025076414,0.0
2021-08-17 22:00:00,0.09135285913528592,-0.24900398406374502,0.5469843633655993,0.5379396536332799,0.5361400845428014,0.9993318485523385,0.5,0.4503417857844463,0.37018795598939147,0.64788587540487,0.28529343945914637,0.6812861598882705,0.0
2021-08-17 22:10:00,0.17294281729428174,-0.26792828685258974,0.5443037974683544,0.5357971790751652,0.5361400845428014,0.9993318485523385,0.5,0.4503417857844463,0.37018795598939147,0.64788587540487,0.28529343945914637,0.6812861598882705,0.0
2021-08-17 22:20:00,0.16736401673640167,-0.28685258964143434,0.5422189128816082,0.5311551508659167,0.4951773959246705,0.9458797327394209,0.5,0.4503417857844463,0.37018795598939147,0.64788587540487,0.28529343945914637,0.6812861598882705,0.0
2021-08-17 22:30:00,0.12343096234309624,-0.30577689243027895,0.5380491437081161,0.5361542581681842,0.4671186085772991,0.9995545657015591,0.5,0.4503417857844463,0.37018795598939147,0.64788587540487,0.28529343945914637,0.6812861598882705,0.0
2021-08-17 22:40:00,0.11018131101813111,-0.32470119521912355,0.5365599404318686,0.5293697554008212,0.4671186085772991,0.9995545657015591,0.5,0.4503417857844463,0.37018795598939147,0.64788587540487,0.28529343945914637,0.6812861598882705,0.0
2021-08-17 22:50:00,0.14295676429567641,-0.34362549800796816,0.535368577810871,0.5268702017496876,0.4671186085772991,0.9995545657015591,0.5,0.4503417857844463,0.37018795598939147,0.64788587540487,0.28529343945914637,0.6812861598882705,0.0
2021-08-17 23:00:00,0.11157601115760113,-0.36254980079681276,0.5326880119136261,0.5200856989823246,0.4671186085772991,0.9995545657015591,0.5,0.3969654692129305,0.37767343760326794,0.6979314206973585,0.2923062155733124,0.7124262475645949,0.0
2021-08-17 23:10:00,0.10599721059972106,0.47410358565737054,0.5267311988086372,0.5168719871451526,0.4671186085772991,0.9995545657015591,0.5,0.3969654692129305,0.37767343760326794,0.6979314206973585,0.2923062155733124,0.7124262475645949,0.0
2021-08-17 23:20:00,0.11576011157601115,0.1872509960159361,0.5204765450483988,0.514372433494019,0.4671186085772991,0.9995545657015591,0.5,0.3969654692129305,0.37767343760326794,0.6979314206973585,0.2923062155733124,0.7124262475645949,0.0
2021-08-17 23:30:00,0.11227336122733612,-0.36254980079681276,0.5222635889798957,0.5090162470987323,0.4671186085772991,0.9995545657015591,0.5,0.3969654692129305,0.37767343760326794,0.6979314206973585,0.2923062155733124,0.7124262475645949,0.0
2021-08-17 23:40:00,0.12831241283124128,-0.4034621746930407,0.5258376768428887,0.507587930726656,0.4671186085772991,0.9995545657015591,0.5,0.3969654692129305,0.37767343760326794,0.6979314206973585,0.2923062155733124,0.7124262475645949,0.0
2021-08-17 23:50:00,0.11436541143654114,-0.4443745485892687,0.5261355174981384,0.5040171397964648,0.4671186085772991,0.9995545657015591,0.5,0.3969654692129305,0.37767343760326794,0.6979314206973585,0.2923062155733124,0.7124262475645949,0.0
2021-08-18 00:00:00,0.1317991631799163,-0.48528692248549665,0.5246463142218911,0.49687555793608285,0.4671186085772991,0.9995545657015591,0.5,0.37428763637661344,0.38016189329525213,0.7883316295855828,0.26631236569370415,0.7588535295256594,0.0
2021-08-18 00:10:00,0.0801952580195258,-0.5261992963817246,0.5207743857036482,0.4893768969826817,0.4671186085772991,0.9995545657015591,0.5,0.37428763637661344,0.38016189329525213,0.7883316295855828,0.26631236569370415,0.7588535295256594,0.0
2021-08-18 00:20:00,0.08368200836820083,-0.5671116702779526,0.5154132539091583,0.4847348687734334,0.4671186085772991,0.9995545657015591,0.5,0.37428763637661344,0.38016189329525213,0.7883316295855828,0.26631236569370415,0.7588535295256594,0.0
2021-08-18 00:30:00,0.100418410041841,-0.6080240441741804,0.5118391660461652,0.4783074450990894,0.4671186085772991,0.9995545657015591,0.5,0.37428763637661344,0.38016189329525213,0.7883316295855828,0.26631236569370415,0.7588535295256594,0.0
2021-08-18 00:40:00,0.11366806136680613,-0.6489364180704085,0.5112434847356664,0.47295125870380295,0.4671186085772991,0.9995545657015591,0.5,0.37428763637661344,0.38016189329525213,0.7883316295855828,0.26631236569370415,0.7588535295256594,0.0
2021-08-18 00:50:00,0.11018131101813111,-0.6898487919666365,0.5118391660461652,0.4675950723085165,0.4671186085772991,0.9995545657015591,0.5,0.37428763637661344,0.38016189329525213,0.7883316295855828,0.26631236569370415,0.7588535295256594,0.0
2021-08-18 01:00:00,0.10808926080892609,-0.7307611658628643,0.5127326880119134,0.46509551865738263,0.4671186085772991,0.9995545657015591,0.5,0.32241771209146197,0.3861129230159164,0.830826154702832,0.24969926109057416,0.8043450459242786,0.0
2021-08-18 01:10:00,0.11087866108786612,-0.6990983434682324,0.5106478034251674,0.45866809498303884,0.4671186085772991,0.9995545657015591,0.5,0.32241771209146197,0.3861129230159164,0.830826154702832,0.24969926109057416,0.8043450459242786,0.0
2021-08-18 01:20:00,0.09762900976290097,-0.6674355210736003,0.5055845122859268,0.45509730405284765,0.4671186085772991,0.9995545657015591,0.5,0.32241771209146197,0.3861129230159164,0.830826154702832,0.24969926109057416,0.8043450459242786,0.0
2021-08-18 01:30:00,0.09274755927475593,-0.6357726986789684,0.504988830975428,0.4543831458668095,0.4671186085772991,0.9995545657015591,0.5,0.32241771209146197,0.3861129230159164,0.830826154702832,0.24969926109057416,0.8043450459242786,0.0
2021-08-18 01:40:00,0.09902370990237098,-0.6041098762843364,0.5023082650781829,0.4483128012854847,0.4671186085772991,0.9995545657015591,0.5,0.32241771209146197,0.3861129230159164,0.830826154702832,0.24969926109057416,0.8043450459242786,0.0
2021-08-18 01:50:00,0.10390516039051603,-0.5724470538897044,0.5023082650781829,0.44688448491340815,0.4671186085772991,0.9995545657015591,0.5,0.32241771209146197,0.3861129230159164,0.830826154702832,0.24969926109057416,0.8043450459242786,0.0
2021-08-18 02:00:00,0.09135285913528592,-0.5407842314950724,0.5023082650781829,0.4433136939832174,0.4671186085772991,0.9995545657015591,0.5,0.32793858228690786,0.37850388066906815,0.8272454311090517,0.2536541004853106,0.8615011951724534,0.0
2021-08-18 02:10:00,0.056485355648535567,-0.5091214091004403,0.49873417721518964,0.4433136939832174,0.4671186085772991,0.9995545657015591,0.5,0.32793858228690786,0.37850388066906815,0.8272454311090517,0.2536541004853106,0.8615011951724534,0.0
2021-08-18 02:20:00,0.044630404463040445,-0.47745858670580843,0.49635145197319397,0.44259953579717903,0.4671186085772991,0.9995545657015591,0.5,0.32793858228690786,0.37850388066906815,0.8272454311090517,0.2536541004853106,0.8615011951724534,0.0
2021-08-18 02:30:00,0.022315202231520222,-0.4457957643111764,0.49486224869694695,0.4383145866809499,0.4671186085772991,0.9995545657015591,0.5,0.32793858228690786,0.37850388066906815,0.8272454311090517,0.2536541004853106,0.8615011951724534,0.0
2021-08-18 02:40:00,0.03347280334728033,-0.4141329419165444,0.488905435591958,0.4365291912158542,0.4671186085772991,0.9995545657015591,0.5,0.32793858228690786,0.37850388066906815,0.8272454311090517,0.2536541004853106,0.8615011951724534,0.0
2021-08-18 02:50:00,0.05299860529986053,-0.38247011952191234,0.48741623231571096,0.4315300839135867,0.4671186085772991,0.9995545657015591,0.5,0.32793858228690786,0.37850388066906815,0.8272454311090517,0.2536541004853106,0.8615011951724534,0.0
2021-08-18 03:00:00,0.022315202231520222,-0.3508072971272804,0.48294862248696924,0.42760221389037656,0.4671186085772991,0.9995545657015591,0.5,0.3261471544978476,0.37409304985244496,0.8473828798650496,0.2735471027535938,0.9259835358606856,0.0
2021-08-18 03:10:00,0.03695955369595537,-0.3191444747326485,0.4778853313477287,0.4243885020532048,0.4671186085772991,0.9995545657015591,0.5,0.3261471544978476,0.37409304985244496,0.8473828798650496,0.2735471027535938,0.9259835358606856,0.0
2021-08-18 03:20:00,0.06345885634588563,-0.28748165233801637,0.47580044676098265,0.417961078378861,0.4671186085772991,0.9995545657015591,0.5,0.3261471544978476,0.37409304985244496,0.8473828798650496,0.2735471027535938,0.9259835358606856,0.0
2021-08-18 03:30:00,0.09205020920502092,-0.25581882994338434,0.4737155621742366,0.4126048919835743,0.4671186085772991,0.9995545657015591,0.5,0.3261471544978476,0.37409304985244496,0.8473828798650496,0.2735471027535938,0.9259835358606856,0.0
2021-08-18 03:40:00,0.11645746164574616,-0.22415600754875242,0.4665673864482498,0.40760578468130704,0.4671186085772991,0.9995545657015591,0.5,0.3261471544978476,0.37409304985244496,0.8473828798650496,0.2735471027535938,0.9259835358606856,0.0
2021-08-18 03:50:00,0.11785216178521618,-0.1924931851541205,0.4650781831720028,0.404749151937154,0.4671186085772991,0.9995545657015591,0.5,0.3261471544978476,0.37409304985244496,0.8473828798650496,0.2735471027535938,0.9259835358606856,0.0
2021-08-18 04:00:00,0.11506276150627615,-0.16083036275948848,0.46358897989575576,0.3997500446348867,0.4671186085772991,0.9995545657015591,0.5,0.2670056563504448,0.3676966267919908,0.9343923327166364,0.26890965502172365,0.008614058762204899,0.0
2021-08-18 04:10:00,0.12273361227336123,-0.12916754036485645,0.46329113924050613,0.3968934118907337,0.4671186085772991,0.9995545657015591,0.5,0.2670056563504448,0.3676966267919908,0.9343923327166364,0.26890965502172365,0.008614058762204899,0.0
2021-08-18 04:20:00,0.11576011157601115,-0.09750471797022442,0.46358897989575576,0.3968934118907337,0.4671186085772991,0.9995545657015591,0.5,0.2670056563504448,0.3676966267919908,0.9343923327166364,0.26890965502172365,0.008614058762204899,0.0
2021-08-18 04:30:00,0.12343096234309624,-0.0658418955755925,0.4656738644825016,0.3968934118907337,0.4671186085772991,0.9995545657015591,0.5,0.2670056563504448,0.3676966267919908,0.9343923327166364,0.26890965502172365,0.008614058762204899,0.0
2021-08-18 04:40:00,0.11506276150627615,-0.03417907318096036,0.4653760238272524,0.3936797000535619,0.4671186085772991,0.9995545657015591,0.5,0.2670056563504448,0.3676966267919908,0.9343923327166364,0.26890965502172365,0.008614058762204899,0.0
2021-08-18 04:50:00,0.12203626220362622,-0.0025162507863284445,0.46358897989575576,0.3922513836814856,0.4671186085772991,0.9995545657015591,0.5,0.2670056563504448,0.3676966267919908,0.9343923327166364,0.26890965502172365,0.008614058762204899,0.0
2021-08-18 05:00:00,0.10390516039051603,0.029146571608303473,0.46358897989575576,0.3861810391001608,0.4671186085772991,0.9995545657015591,0.5,0.25905824883606066,0.36063355047455986,0.9409635869729939,0.28318527607652777,0.06901892726665101,0.0
2021-08-18 05:10:00,0.07601115760111576,0.0608093940029355,0.46358897989575576,0.3861810391001608,0.4671186085772991,0.9995545657015591,0.5,0.25905824883606066,0.36063355047455986,0.9409635869729939,0.28318527607652777,0.06901892726665101,0.0
2021-08-18 05:20:00,0.09274755927475593,0.09247221639756753,0.46358897989575576,0.3843956436350653,0.4671186085772991,0.9995545657015591,0.5,0.25905824883606066,0.36063355047455986,0.9409635869729939,0.28318527607652777,0.06901892726665101,0.0
2021-08-18 05:30:00,0.15341701534170155,0.12413503879219956,0.45941921072226344,0.3804677736118549,0.4671186085772991,0.9995545657015591,0.5,0.25905824883606066,0.36063355047455986,0.9409635869729939,0.28318527607652777,0.06901892726665101,0.0
2021-08-18 05:40:00,0.14435146443514643,0.1557978611868316,0.4549516008935217,0.37189787537939667,0.4671186085772991,0.9995545657015591,0.5,0.25905824883606066,0.36063355047455986,0.9409635869729939,0.28318527607652777,0.06901892726665101,0.0
2021-08-18 05:50:00,0.197350069735007,0.1874606835814634,0.4549516008935217,0.36868416354222466,0.5230137022156496,0.9995545657015591,0.5,0.25905824883606066,0.36063355047455986,0.9409635869729939,0.28318527607652777,0.06901892726665101,0.0
2021-08-18 06:00:00,0.1415620641562064,0.21912350597609564,0.45197319434102745,0.3843956436350653,0.6750075250945544,0.4702672605790646,0.5,0.22918215222816984,0.37277411086558654,0.9373452503101557,0.2970602355195183,0.1324024588349383,0.0
2021-08-18 06:10:00,0.11297071129707113,0.21912350597609564,0.4528667163067759,0.3804677736118549,0.6852154794466766,0.5524498886414254,0.5,0.22918215222816984,0.37277411086558654,0.9337269390101423,0.2970602355195183,0.1324024588349383,0.0
2021-08-18 06:20:00,0.12761506276150628,0.6175298804780875,0.45346239761727447,0.3811819317978933,0.6877936422766355,0.9995545657015591,0.5,0.22918215222816984,0.37277411086558654,0.9301086150287164,0.2970602355195183,0.1324024588349383,0.0
2021-08-18 06:30:00,0.1087866108786611,0.6573705179282865,0.4516753536857778,0.37653990358864475,0.6877936422766355,0.9995545657015591,0.5,0.22918215222816984,0.37277411086558654,0.9264902910472907,0.2970602355195183,0.1324024588349383,0.0
2021-08-18 06:40:00,0.10739191073919108,0.6958831341301459,0.44512285927029005,0.372969112658454,0.6877936422766355,0.9995545657015591,0.5,0.22918215222816984,0.37277411086558654,0.9228719036588031,0.2970602355195183,0.1324024588349383,0.0
2021-08-18 06:50:00,0.09762900976290097,0.7343957503320051,0.4388682055100521,0.3679700053561865,0.6877936422766355,0.9995545657015591,0.5,0.22918215222816984,0.37277411086558654,0.9192536430844391,0.2970602355195183,0.1324024588349383,0.0
2021-08-18 07:00:00,0.13458856345885634,0.7729083665338645,0.43350707371556196,0.36368505623995717,0.6877936422766355,0.9995545657015591,0.5,0.2156161833192527,0.3725528509483998,0.9156352556959516,0.29490044910728463,0.15272741695086992,0.0
2021-08-18 07:10:00,0.12273361227336123,0.754837791690381,0.426061057334326,0.3554722371005179,0.6877936422766355,0.9995545657015591,0.5,0.2156161833192527,0.3725528509483998,0.9120169190331133,0.29490044910728463,0.15272741695086992,0.0
2021-08-18 07:20:00,0.11436541143654114,0.7367672168468979,0.42516753536857754,0.3540439207284414,0.6877936422766355,0.9995545657015591,0.5,0.2156161833192527,0.3725528509483998,0.9083985570074505,0.29490044910728463,0.15272741695086992,0.0
2021-08-18 07:30:00,0.09832635983263598,0.7186966420034147,0.4257632166790766,0.3540439207284414,0.6877936422766355,0.9995545657015591,0.5,0.2156161833192527,0.3725528509483998,0.9047802837516741,0.29490044910728463,0.15272741695086992,0.0
2021-08-18 07:40:00,0.11227336122733612,0.7006260671599316,0.43350707371556196,0.3540439207284414,0.6877936422766355,0.9995545657015591,0.5,0.2156161833192527,0.3725528509483998,0.9011619597702484,0.29490044910728463,0.15272741695086992,0.0
2021-08-18 07:50:00,0.11297071129707113,0.5128059191804208,0.43678332092330585,0.34797357614711655,0.6877936422766355,0.9995545657015591,0.5,0.2156161833192527,0.3725528509483998,0.8975435723817607,0.29490044910728463,0.15272741695086992,0.0
2021-08-18 08:00:00,0.12691771269177127,0.3249857712009103,0.43678332092330585,0.3472594179610784,0.6877936422766355,0.9995545657015591,0.5,0.23125044401300365,0.38702095072800363,0.8939251849932732,0.2441905413819891,0.16274794098308049,0.0
2021-08-18 08:10:00,0.1311018131101813,0.13716562322140002,0.4382725241995531,0.3472594179610784,0.6877936422766355,0.9995545657015591,0.5,0.23125044401300365,0.38702095072800363,0.8903069244189092,0.2441905413819891,0.16274794098308049,0.0
2021-08-18 08:20:00,0.13319386331938632,-0.05065452475811061,0.44482501861504087,0.3472594179610784,0.6877936422766355,0.9995545657015591,0.5,0.23125044401300365,0.38702095072800363,0.8866885877560711,0.2441905413819891,0.16274794098308049,0.0
2021-08-18 08:30:00,0.1499302649930265,-0.23847467273762102,0.4460163812360385,0.3533297625424032,0.6877936422766355,0.9995545657015591,0.5,0.23125044401300365,0.38702095072800363,0.8830702257304082,0.2441905413819891,0.16274794098308049,0.0
2021-08-18 08:40:00,0.13668061366806136,-0.42629482071713154,0.4507818317200294,0.3551151580074987,0.6877936422766355,0.9995545657015591,0.5,0.23125044401300365,0.38702095072800363,0.8794518890675701,0.2441905413819891,0.16274794098308049,0.0
2021-08-18 08:50:00,0.11436541143654114,-0.33067729083665354,0.4516753536857778,0.35797179075165153,0.6877936422766355,0.9995545657015591,0.5,0.23125044401300365,0.38702095072800363,0.875833628493206,0.2441905413819891,0.16274794098308049,0.0
2021-08-18 09:00:00,0.100418410041841,0.03585657370517925,0.4540580789277735,0.36082842349580435,0.6877936422766355,0.9995545657015591,0.5,0.28658108486260003,0.39016743916070673,0.8722152411047184,0.16961579526938733,0.2154175569951957,0.0
2021-08-18 09:10:00,0.09693165969316596,0.8087649402390438,0.457036485480268,0.3647562935190145,0.6877936422766355,0.9995545657015591,0.5,0.28658108486260003,0.39016743916070673,0.8722152411047184,0.16961579526938733,0.2154175569951957,0.0
2021-08-18 09:20:00,0.07601115760111576,0.6653386454183265,0.4623976172747577,0.3683270844492055,0.6877936422766355,0.9995545657015591,0.5,0.28658108486260003,0.39016743916070673,0.8722152411047184,0.16961579526938733,0.2154175569951957,0.0
2021-08-18 09:30:00,0.06624825662482565,-0.2749003984063746,0.47163067758749055,0.37154079628637726,0.6877936422766355,0.9995545657015591,0.5,0.28658108486260003,0.39016743916070673,0.8722152411047184,0.16961579526938733,0.2154175569951957,0.0
2021-08-18 09:40:00,0.058577405857740586,-0.06772908366533881,0.47997021593447475,0.3761828244956258,0.6877936422766355,0.9995545657015591,0.5,0.28658108486260003,0.39016743916070673,0.8722152411047184,0.16961579526938733,0.2154175569951957,0.0
2021-08-18 09:50:00,0.05439330543933055,-0.6892430278884463,0.49009679821295604,0.3826102481699696,0.6877936422766355,0.9995545657015591,0.5,0.28658108486260003,0.39016743916070673,0.8722152411047184,0.16961579526938733,0.2154175569951957,0.0
2021-08-18 10:00:00,0.04951185495118549,0.25099601593625476,0.5017125837676841,0.3858239600071418,0.6877936422766355,0.9995545657015591,0.5,0.5090272137862992,0.38352389463430486,0.6051831214966806,0.15371264745603308,0.40390249919680365,0.0
2021-08-18 10:10:00,0.060669456066945605,0.23733636881047238,0.5145197319434103,0.3929655418675235,0.6877936422766355,0.9995545657015591,0.5,0.5090272137862992,0.38352389463430486,0.6051831214966806,0.15371264745603308,0.40390249919680365,0.0
2021-08-18 10:20:00,0.06764295676429567,0.22367672168468977,0.5282204020848844,0.397964649169791,0.6877936422766355,0.9995545657015591,0.5,0.5090272137862992,0.38352389463430486,0.6051831214966806,0.15371264745603308,0.40390249919680365,0.0
2021-08-18 10:30:00,0.09553695955369597,0.21001707455890717,0.5386448250186149,0.4036779146580969,0.6877936422766355,0.9995545657015591,0.5,0.5090272137862992,0.38352389463430486,0.6051831214966806,0.15371264745603308,0.40390249919680365,0.0
2021-08-18 10:40:00,0.11087866108786612,0.19635742743312457,0.5493670886075948,0.40724870558828763,0.6877936422766355,0.9995545657015591,0.5,0.5090272137862992,0.38352389463430486,0.6051831214966806,0.15371264745603308,0.40390249919680365,0.0
2021-08-18 10:50:00,0.1799163179916318,0.18269778030734196,0.558302308265078,0.41403320835565083,0.6877936422766355,0.9995545657015591,0.5,0.5090272137862992,0.38352389463430486,0.6051831214966806,0.15371264745603308,0.40390249919680365,0.0
2021-08-18 11:00:00,0.16666666666666669,0.16903813318155936,0.5663440059568128,0.42188894840207114,0.7754511784952428,0.9995545657015591,0.5,0.5291400939823356,0.3850525995166757,0.5353571092061093,0.2566492758962308,0.5637758498663218,0.0
2021-08-18 11:10:00,0.1596931659693166,0.15537848605577675,0.575874906924795,0.4465274058203892,0.806572352148251,0.19988864142538976,0.5,0.5291400939823356,0.3850525995166757,0.5353571092061093,0.2566492758962308,0.5637758498663218,0.0
2021-08-18 11:20:00,0.2280334728033473,0.09163346613545809,0.5848101265822783,0.4675950723085165,0.8270667835782807,0.20278396436525614,0.5,0.5291400939823356,0.3850525995166757,0.5353571092061093,0.2566492758962308,0.5637758498663218,0.04299379875371547
2021-08-18 11:30:00,0.2594142259414226,-0.01195219123505975,0.596128071481757,0.4961613997500447,0.8136393974689509,0.00011135857461024499,0.5,0.5291400939823356,0.3850525995166757,0.5353571092061093,0.2566492758962308,0.5637758498663218,0.10831057531270274
2021-08-18 11:40:00,0.22524407252440726,-0.15537848605577698,0.6095309009679819,0.5275843599357259,0.8280090562877074,0.00033407572383073496,0.5,0.5291400939823356,0.3850525995166757,0.5353571092061093,0.2566492758962308,0.5637758498663218,0.07497321846190987
2021-08-18 11:50:00,0.29358437935843795,0.7689243027888444,0.6232315711094563,0.5504374218889485,0.8451139233879938,0.00022271714922048998,0.5,0.5291400939823356,0.3850525995166757,0.5353571092061093,0.2566492758962308,0.5637758498663218,0.1261448164521629
2021-08-18 12:00:00,0.3563458856345886,-0.5378486055776892,0.6333581533879371,0.5668630601678271,0.866694585858057,0.00033407572383073496,0.5,0.5459795018582672,0.36886901700253305,0.49867840661097246,0.3750063994249081,0.6575524419201396,0.18732742882146144
2021-08-18 12:10:00,0.26778242677824265,0.25099601593625476,0.6363365599404316,0.5797179075165149,0.8632788472863855,0.00033407572383073496,0.5,0.5459795018582672,0.36886901700253305,0.49867840661097246,0.3750063994249081,0.6575524419201396,0.11787648807278543
2021-08-18 12:20:00,0.3117154811715481,0.019920318725099362,0.6131049888309752,0.5579360828423494,0.860177199617856,0.00033407572383073496,0.5,0.5459795018582672,0.36886901700253305,0.49867840661097246,0.3750063994249081,0.6575524419201396,0.1781160885375017
2021-08-18 12:30:00,0.35495118549511856,-0.17131474103585675,0.6071481757259864,0.5447241564006426,0.8592218397874651,0.00022271714922048998,0.5,0.5459795018582672,0.36886901700253305,0.49867840661097246,0.3750063994249081,0.6575524419201396,0.21358088024503222
2021-08-18 12:40:00,0.4086471408647141,0.03585657370517925,0.6068503350707368,0.5386538118193178,0.8622318776092448,0.00022271714922048998,0.5,0.5459795018582672,0.36886901700253305,0.49867840661097246,0.3750063994249081,0.6575524419201396,0.33285302593659943
2021-08-18 12:50:00,0.3486750348675035,0.2828685258964143,0.6107222635889797,0.54186752365649,0.9044640169609087,0.00033407572383073496,0.5,0.5459795018582672,0.36886901700253305,0.49867840661097246,0.3750063994249081,0.6575524419201396,0.2548093607133696
2021-08-18 13:00:00,0.3521617852161785,-0.11553784860557781,0.6148920327624718,0.5554365291912158,0.870071063066836,0.0969933184855234,0.5,0.6629840408802148,0.3524641745711994,0.35257078225418953,0.467061019793581,0.7187799551720999,0.12701238740437862
2021-08-18 13:10:00,0.3410041841004184,-0.043824701195219196,0.6318689501116901,0.5854311730048205,0.6662653282904294,0.9996659242761693,0.5,0.6629840408802148,0.3524641745711994,0.35257078225418953,0.467061019793581,0.7187799551720999,0.0
2021-08-18 13:20:00,0.36401673640167365,0.027888446215139417,0.652122114668652,0.6372076414925907,0.4421222075355643,0.64543429844098,0.5,0.6629840408802148,0.3524641745711994,0.35257078225418953,0.467061019793581,0.7187799551720999,0.06640312627306608
2021-08-18 13:30:00,0.2545327754532775,0.09960159362549792,0.652717795979151,0.6218532404927692,0.38100535263247437,0.000556792873051225,0.5,0.6629840408802148,0.3524641745711994,0.35257078225418953,0.467061019793581,0.7187799551720999,0.11018151093139401
2021-08-18 13:40:00,0.3228730822873082,0.15537848605577675,0.6485480268056589,0.5997143367255846,0.4243760715080289,0.0006681514476614699,0.5,0.6629840408802148,0.3524641745711994,0.35257078225418953,0.467061019793581,0.7187799551720999,0.20278527996137424
2021-08-18 13:50:00,0.40794979079497906,0.36254980079681287,0.6491437081161577,0.5979289412604893,0.4147701247202628,0.002561247216035635,0.5,0.6629840408802148,0.3524641745711994,0.35257078225418953,0.467061019793581,0.7187799551720999,0.36225990916909334
2021-08-18 14:00:00,0.36401673640167365,-0.10756972111553798,0.6470588235294115,0.590430280307088,0.4177539883001139,0.00033407572383073496,0.5,0.6733824335281264,0.3304904786397995,0.31948168024148454,0.5177430366175871,0.736131769593645,0.24438342109630792
2021-08-18 14:10:00,0.41143654114365413,-0.40239043824701204,0.6539091586001489,0.5986430994465273,0.44773658242923137,0.004008908685968819,0.5,0.6733824335281264,0.3304904786397995,0.31948168024148454,0.5177430366175871,0.736131769593645,0.2846462573743531
2021-08-18 14:20:00,0.47629009762900976,0.5617529880478087,0.6574832464631419,0.6118550258882343,0.39470756828205367,0.2537861915367483,0.5,0.6733824335281264,0.3304904786397995,0.31948168024148454,0.5177430366175871,0.736131769593645,0.2873772198500234
2021-08-18 14:30:00,0.4379358437935844,-0.3466135458167332,0.6634400595681309,0.6239957150508837,0.42110429126696414,0.031291759465478845,0.5,0.6733824335281264,0.3304904786397995,0.31948168024148454,0.5177430366175871,0.736131769593645,0.35599076602743035
2021-08-18 14:40:00,0.47698744769874474,-0.003984063745020028,0.6622486969471331,0.6175682913765399,0.3863448979858921,0.005345211581291759,0.5,0.6733824335281264,0.3304904786397995,0.31948168024148454,0.5177430366175871,0.736131769593645,0.41165110068349503
2021-08-18 14:50:00,0.34658298465829845,-0.0916334661354582,0.6637379002233803,0.6239957150508837,0.4254753896690267,0.000556792873051225,0.5,0.6733824335281264,0.3304904786397995,0.31948168024148454,0.5177430366175871,0.736131769593645,0.24104893100170496
2021-08-18 15:00:00,0.47419804741980476,-0.02788844621513953,0.6708860759493669,0.6375647205856096,0.4082396513590975,0.002561247216035635,0.5,0.6778284337089,0.3218872034183234,0.30233894701414243,0.5548145286734212,0.7391926174385781,0.42804441963275347
2021-08-18 15:10:00,0.46513249651324967,0.3067729083665336,0.6753536857781086,0.6411355115158008,0.4296632683775896,0.001893095768374165,0.5,0.6778284337089,0.3218872034183234,0.30233894701414243,0.5548145286734212,0.7391926174385781,0.3860615296407502
2021-08-18 15:20:00,0.5439330543933054,-0.2589641434262948,0.6783320923306031,0.648634172469202,0.4236170184921019,0.007795100222717149,0.5,0.6778284337089,0.3218872034183234,0.30233894701414243,0.5548145286734212,0.7391926174385781,0.5115726420930338
2021-08-18 15:30:00,0.38354253835425384,-0.059760956175298974,0.6801191362620995,0.6557757543295839,0.4113282119066627,0.002561247216035635,0.5,0.6778284337089,0.3218872034183234,0.30233894701414243,0.5548145286734212,0.7391926174385781,0.2777434102328108
2021-08-18 15:40:00,0.5076708507670851,0.1872509960159361,0.6854802680565895,0.6643456525620426,0.38926332596092184,0.00111358574610245,0.5,0.6778284337089,0.3218872034183234,0.30233894701414243,0.5548145286734212,0.7391926174385781,0.49997736771429
2021-08-18 15:50:00,0.4476987447698745,-0.11553784860557781,0.6869694713328367,0.6654168898410999,0.3847482692282525,0.0026726057906458797,0.5,0.6778284337089,0.3218872034183234,0.30233894701414243,0.5548145286734212,0.7391926174385781,0.38171613078443506
2021-08-18 16:00:00,0.5153417015341701,0.17131474103585642,0.6893521965748324,0.6725584717014819,0.3931894622501996,0.020601336302895325,0.5,0.7493958921667934,0.30450249563945686,0.2080602549699406,0.6086243857658908,0.7368696973134861,0.44549391191514404
2021-08-18 16:10:00,0.5474198047419805,-0.1872509960159363,0.6941176470588233,0.6768434208177112,0.41956001099318163,0.05601336302895323,0.5,0.7493958921667934,0.30450249563945686,0.2080602549699406,0.6086243857658908,0.7368696973134861,0.3700227831676147
2021-08-18 16:20:00,0.5571827057182706,0.14741035856573692,0.6953090096798211,0.6811283699339403,0.40206253026396727,0.03463251670378619,0.5,0.7493958921667934,0.30450249563945686,0.2080602549699406,0.6086243857658908,0.7368696973134861,0.44243855334429744
2021-08-18 16:30:00,0.5718270571827057,-0.2749003984063746,0.6941176470588233,0.6725584717014819,0.4074151627383492,0.05746102449888642,0.5,0.7493958921667934,0.30450249563945686,0.2080602549699406,0.6086243857658908,0.7368696973134861,0.4004330310665842
2021-08-18 16:40:00,0.38284518828451886,0.003984063745019917,0.6947133283693223,0.6779146580967683,0.37897684888301425,0.004008908685968819,0.5,0.7493958921667934,0.30450249563945686,0.2080602549699406,0.6086243857658908,0.7368696973134861,0.2666988548063431
2021-08-18 16:50:00,0.509065550906555,0.03585657370517925,0.6991809381980638,0.6893411890733796,0.4007407310465771,0.015701559020044543,0.5,0.7493958921667934,0.30450249563945686,0.2080602549699406,0.6086243857658908,0.7368696973134861,0.4779108891470646
2021-08-18 17:00:00,0.5502092050209205,-0.14741035856573714,0.7006701414743111,0.6861274772362078,0.4116815641726977,0.04933184855233853,0.5,0.7564231546486035,0.2930831851083453,0.19305789052060623,0.6548669576551551,0.7360816528964939,0.42030417791994207
2021-08-18 17:10:00,0.5948396094839609,0.10756972111553775,0.7012658227848099,0.686841635422246,0.4168378898326157,0.031180400890868595,0.5,0.7564231546486035,0.2930831851083453,0.19305789052060623,0.6548669576551551,0.7360816528964939,0.5350272341838044
2021-08-18 17:20:00,0.49721059972105996,0.09960159362549792,0.6991809381980638,0.6864845563292268,0.4150711285024407,0.005679287305122495,0.5,0.7564231546486035,0.2930831851083453,0.19305789052060623,0.6548669576551551,0.7360816528964939,0.4523892149614497
2021-08-18 17:30:00,0.6136680613668062,0.06772908366533859,0.7000744601638123,0.6893411890733796,0.4184345185902553,0.07984409799554566,0.5,0.7564231546486035,0.2930831851083453,0.19305789052060623,0.6548669576551551,0.7360816528964939,0.3860238091645669
2021-08-18 17:40:00,0.5676429567642958,0.043824701195219085,0.7003723008190617,0.6836279235850742,0.4309196319901585,0.03017817371937639,0.5,0.7564231546486035,0.2930831851083453,0.19305789052060623,0.6548669576551551,0.7360816528964939,0.48465531028863706
2021-08-18 17:50:00,0.46234309623430964,-0.003984063745020028,0.6967982129560684,0.6914836636314943,0.418015730719399,0.02149220489977728,0.5,0.7564231546486035,0.2930831851083453,0.19305789052060623,0.6548669576551551,0.7360816528964939,0.3279116435565883
2021-08-18 18:00:00,0.6534170153417015,0.06772908366533859,0.7045420699925538,0.69326905909659,0.41740063603407884,0.08028953229398664,0.5,0.6934057273258194,0.2553138298942253,0.23418269628892419,0.6969742626887319,0.6941667365322288,0.48266366914615927
2021-08-18 18:10:00,0.4581589958158996,-0.15537848605577698,0.6994787788533132,0.6882699517943225,0.4064467157869941,0.011135857461024499,0.5,0.6934057273258194,0.2553138298942253,0.23418269628892419,0.6969742626887319,0.6941667365322288,0.36071336964557843
2021-08-18 18:20:00,0.6080892608089261,0.1872509960159361,0.697989575577066,0.6886270308873417,0.42751698053945114,0.06169265033407573,0.5,0.6934057273258194,0.2553138298942253,0.23418269628892419,0.6969742626887319,0.6941667365322288,0.4500128249619023
2021-08-18 18:30:00,0.4755927475592748,-0.2749003984063746,0.6917349218168278,0.6864845563292268,0.4398057871248904,0.03285077951002228,0.5,0.6934057273258194,0.2553138298942253,0.23418269628892419,0.6969742626887319,0.6941667365322288,0.2804441963275345
2021-08-18 18:40:00,0.5732217573221757,0.10756972111553775,0.6899478778853312,0.679700053561864,0.4165237989294735,0.02405345211581292,0.5,0.6934057273258194,0.2553138298942253,0.23418269628892419,0.6969742626887319,0.6941667365322288,0.5427674758966158
2021-08-18 18:50:00,0.37377963737796377,-0.10756972111553798,0.6872673119880861,0.6807712908409214,0.43018675321616,0.00111358574610245,0.5,0.6934057273258194,0.2553138298942253,0.23418269628892419,0.6969742626887319,0.6941667365322288,0.2292273337658615
2021-08-18 19:00:00,0.42189679218967924,-0.059760956175298974,0.6884586746090839,0.686841635422246,0.4293622645954117,0.009910913140311804,0.5,0.6929252760718598,0.2604861396466154,0.2271034246534519,0.7948451982715236,0.7121037538889446,0.3008057093712751
2021-08-18 19:10:00,0.6861924686192469,-0.09960159362549814,0.6908413998510794,0.686841635422246,0.39627802279776475,0.02026726057906459,0.5,0.6929252760718598,0.2604861396466154,0.2271034246534519,0.7948451982715236,0.7121037538889446,0.8227741147004239
2021-08-18 19:20:00,0.7147838214783822,-0.01195219123505975,0.6950111690245717,0.676486341724692,0.4233945374357095,0.05133630289532295,0.5,0.6929252760718598,0.2604861396466154,0.2271034246534519,0.7948451982715236,0.7121037538889446,0.7168248411967952
2021-08-18 19:30:00,0.7454672245467224,0.10756972111553775,0.6914370811615784,0.6793429744688448,0.3997068484904006,0.054788418708240534,0.5,0.6929252760718598,0.2604861396466154,0.2271034246534519,0.7948451982715236,0.7121037538889446,0.7920922793729349
2021-08-18 19:40:00,0.8298465829846583,0.17928286852589648,0.697989575577066,0.6725584717014819,0.41755768148565,0.10066815144766146,0.5,0.6929252760718598,0.2604861396466154,0.2271034246534519,0.7948451982715236,0.7121037538889446,0.6587126755888166
2021-08-18 19:50:00,0.695258019525802,-0.21912350597609564,0.6914370811615784,0.6750580253526155,0.40664302260145796,0.02293986636971047,0.5,0.6929252760718598,0.2604861396466154,0.2271034246534519,0.7948451982715236,0.7121037538889446,0.8297825791752796
2021-08-18 20:00:00,0.7615062761506276,0.13147410358565725,0.6929262844378254,0.6793429744688448,0.4007930795304341,0.01915367483296214,0.5,0.6888538644390358,0.2743019536963333,0.21963546772916615,0.7663519981671919,0.7600866877618434,0.9990117235239978
2021-08-18 20:10:00,0.6708507670850766,0.003984063745019917,0.6929262844378254,0.683270844492055,0.40516417793249665,0.013474387527839644,0.5,0.6888538644390358,0.2743019536963333,0.21963546772916615,0.7663519981671919,0.7600866877618434,0.8333433921269823
2021-08-18 20:20:00,0.6980474198047419,-0.09960159362549814,0.6872673119880861,0.6982681663988572,0.40170917799793227,0.005790645879732739,0.5,0.6888538644390358,0.2743019536963333,0.21963546772916615,0.7663519981671919,0.7600866877618434,0.9524118472471597
2021-08-18 20:30:00,0.7998605299860531,-0.17928286852589637,0.6869694713328367,0.7004106409569719,0.40029576893379226,0.025389755011135856,0.5,0.6888538644390358,0.2743019536963333,0.21963546772916615,0.7663519981671919,0.7600866877618434,0.9367578496310938
2021-08-18 20:40:00,0.6875871687587168,-0.13147410358565736,0.6854802680565895,0.7021960364220676,0.40029576893379226,0.007795100222717149,0.5,0.6888538644390358,0.2743019536963333,0.21963546772916615,0.7663519981671919,0.7600866877618434,0.9211038520150279
2021-08-18 20:50:00,0.5739191073919108,0.38645418326693215,0.6762472077438568,0.714693804677736,0.40029576893379226,0.0013363028953229399,0.5,0.6888538644390358,0.2743019536963333,0.21963546772916615,0.7663519981671919,0.7600866877618434,0.6952789052008993
2021-08-18 21:00:00,0.6436541143654114,0.2589641434262948,0.6711839166046163,0.7182645956079272,0.40503330672285404,0.0016703786191536749,0.5,0.6704998927698174,0.2847557664069985,0.2233523896916857,0.6759352472446136,0.8495943741807119,0.8243885510810689
2021-08-18 21:10:00,0.5383542538354253,-0.13147410358565736,0.6664184661206252,0.7207641492590608,0.4073104657706351,0.000556792873051225,0.5,0.6704998927698174,0.2847557664069985,0.2233523896916857,0.6759352472446136,0.8495943741807119,0.6014228163616337
2021-08-18 21:20:00,0.5160390516039052,-0.20318725099601598,0.6616530156366343,0.727905731119443,0.40944366648780933,0.0006681514476614699,0.5,0.6704998927698174,0.2847557664069985,0.2233523896916857,0.6759352472446136,0.8495943741807119,0.5421488600872097
2021-08-18 21:30:00,0.5739191073919108,-0.043824701195219196,0.6571854058078928,0.7264774147473667,0.4009501249820052,0.00111358574610245,0.5,0.6704998927698174,0.2847557664069985,0.2233523896916857,0.6759352472446136,0.8495943741807119,0.694026585391614
2021-08-18 21:40:00,0.5292887029288703,0.1394422310756971,0.6548026805658969,0.7221924656311371,0.4043004279488555,0.000556792873051225,0.5,0.6704998927698174,0.2847557664069985,0.2233523896916857,0.6759352472446136,0.8495943741807119,0.5435520618012282
2021-08-18 21:50:00,0.4602510460251046,0.21912350597609564,0.6464631422189129,0.7157650419567934,0.44582586276844954,0.00044543429844097997,0.5,0.6704998927698174,0.2847557664069985,0.2233523896916857,0.6759352472446136,0.8495943741807119,0.41356730087360627
2021-08-18 22:00:00,0.4595536959553696,0.2589641434262948,0.6348473566641846,0.7114800928405642,0.48267919540380316,0.00033407572383073496,0.5,0.5330405376784848,0.3090368871890518,0.3203039430188635,0.6515703164084173,0.9264395892185205,0.3613093531692744
2021-08-18 22:10:00,0.4560669456066946,0.24302788844621515,0.6256142963514517,0.700053561863953,0.49712737694834513,0.000779510022271715,0.5,0.5330405376784848,0.3090368871890518,0.3203039430188635,0.6515703164084173,0.9264395892185205,0.35685079288440935
2021-08-18 22:20:00,0.5153417015341701,-0.02788844621513953,0.6128071481757258,0.6854133190501694,0.5082776040098939,0.000556792873051225,0.5,0.5330405376784848,0.3090368871890518,0.3203039430188635,0.6515703164084173,0.9264395892185205,0.488585783906936
2021-08-18 22:30:00,0.48884239888423986,-0.1394422310756973,0.6002978406552493,0.670058918050348,0.5087094790017145,0.0008908685968819599,0.5,0.5330405376784848,0.3090368871890518,0.3203039430188635,0.6515703164084173,0.9264395892185205,0.42781809677565374
2021-08-18 22:40:00,0.6185495118549511,-0.13147410358565736,0.5910647803425166,0.655061596143546,0.5087094790017145,0.000779510022271715,0.5,0.5330405376784848,0.3090368871890518,0.3203039430188635,0.6515703164084173,0.9264395892185205,0.7216153416720733
2021-08-18 22:50:00,0.691771269177127,-0.09960159362549814,0.5874906924795233,0.6379217996786288,0.5087094790017145,0.00011135857461024499,0.5,0.5330405376784848,0.3090368871890518,0.3203039430188635,0.6515703164084173,0.9264395892185205,0.8985620954478929
2021-08-18 23:00:00,0.6464435146443515,0.01195219123505975,0.581831720029784,0.6272094268880557,0.5087094790017145,0.00011135857461024499,0.5,0.4685654802861561,0.32538713301743866,0.39262705221711036,0.5832253127465843,0.9573386758213956,0.782020912231996
2021-08-18 23:10:00,0.5746164574616458,0.298804780876494,0.5717051377513027,0.6257811105159794,0.5087094790017145,0.00011135857461024499,0.5,0.4685654802861561,0.32538713301743866,0.39262705221711036,0.5832253127465843,0.9573386758213956,0.6214976537863814
2021-08-18 23:20:00,0.606694560669456,0.4183266932270917,0.5633655994043185,0.6186395286555972,0.511667168339637,0.00033407572383073496,0.5,0.4685654802861561,0.32538713301743866,0.39262705221711036,0.5832253127465843,0.9573386758213956,0.6410745809255096
2021-08-18 23:30:00,0.5146443514644351,-0.12350597609561753,0.5612807148175725,0.6168541331905018,0.5199905772729058,0.0026726057906458797,0.5,0.4685654802861561,0.32538713301743866,0.39262705221711036,0.5832253127465843,0.9573386758213956,0.4600917361980778
2021-08-18 23:40:00,0.5711297071129707,-0.42629482071713154,0.5562174236783319,0.6186395286555972,0.5199905772729058,0.000556792873051225,0.5,0.4685654802861561,0.32538713301743866,0.39262705221711036,0.5832253127465843,0.9573386758213956,0.5512923035140396
2021-08-18 23:50:00,0.4839609483960949,-0.3067729083665339,0.5559195830230825,0.6182824495625783,0.5199905772729058,0.000556792873051225,0.5,0.4685654802861561,0.32538713301743866,0.39262705221711036,0.5832253127465843,0.9573386758213956,0.39483531240098374
2021-08-19 00:00:00,0.41562064156206413,-0.2749003984063746,0.5532390171258375,0.6175682913765399,0.5199905772729058,0.00033407572383073496,0.5,0.46422534281139183,0.33121172849971464,0.41797440561269167,0.5006357612966349,0.9722741206879963,0.28711317651674034
2021-08-19 00:10:00,0.38354253835425384,-0.4183266932270917,0.5505584512285924,0.6129262631672916,0.5080551229535015,0.00022271714922048998,0.5,0.46422534281139183,0.33121172849971464,0.41797440561269167,0.5006357612966349,0.9722741206879963,0.23668089985967986
2021-08-19 00:20:00,0.4288702928870293,0.11553784860557759,0.5443037974683544,0.5993572576325656,0.5157503500804859,0.00022271714922048998,0.5,0.46422534281139183,0.33121172849971464,0.41797440561269167,0.5006357612966349,0.9722741206879963,0.2936010984202665
2021-08-19 00:30:00,0.47698744769874474,0.03585657370517925,0.5365599404318686,0.5847170148187824,0.5204748007485833,0.0014476614699331849,0.5,0.46422534281139183,0.33121172849971464,0.41797440561269167,0.5006357612966349,0.9722741206879963,0.36575282526366615
2021-08-19 00:40:00,0.44979079497907953,0.08366533864541825,0.527922561429635,0.5661489019817889,0.5204748007485833,0.00033407572383073496,0.5,0.46422534281139183,0.33121172849971464,0.41797440561269167,0.5006357612966349,0.9722741206879963,0.3322947628890867
2021-08-19 00:50:00,0.33472803347280333,-0.12350597609561753,0.5249441548771405,0.5572219246563115,0.5159859182578425,0.00033407572383073496,0.5,0.46422534281139183,0.33121172849971464,0.41797440561269167,0.5006357612966349,0.9722741206879963,0.18241622282239692
2021-08-19 01:00:00,0.32566248256624825,0.1633466135458166,0.5216679076693966,0.5465095518657381,0.5092067895983563,0.00044543429844097997,0.5,0.3994897310840453,0.34906194415629493,0.5015360360720238,0.3821600675344371,0.9844789278878449,0.17148482882447907
2021-08-19 01:10:00,0.35146443514644354,-0.07569721115537853,0.5157110945644079,0.5275843599357259,0.5092067895983563,0.00022271714922048998,0.5,0.3994897310840453,0.34906194415629493,0.5015360360720238,0.3821600675344371,0.9844789278878449,0.19826636691461594
2021-08-19 01:20:00,0.3117154811715481,0.17131474103585642,0.5136262099776618,0.5083020889126941,0.5092067895983563,0.00033407572383073496,0.5,0.3994897310840453,0.34906194415629493,0.5015360360720238,0.3821600675344371,0.9844789278878449,0.14723056263862275
2021-08-19 01:30:00,0.296373779637378,0.11553784860557759,0.510349962769918,0.4897339760757007,0.5092067895983563,0.00022271714922048998,0.5,0.3994897310840453,0.34906194415629493,0.5015360360720238,0.3821600675344371,0.9844789278878449,0.1328892375937354
2021-08-19 01:40:00,0.20292887029288703,-0.21115537848605592,0.504393149664929,0.487591501517586,0.4960934943921687,0.00044543429844097997,0.5,0.3994897310840453,0.34906194415629493,0.5015360360720238,0.3821600675344371,0.9844789278878449,0.067662990177588
2021-08-19 01:50:00,0.18967921896792192,-0.0916334661354582,0.49873417721518964,0.4811640778432422,0.49539987698106297,0.00033407572383073496,0.5,0.3994897310840453,0.34906194415629493,0.5015360360720238,0.3821600675344371,0.9844789278878449,0.061009098178855414
2021-08-19 02:00:00,0.26638772663877264,0.17928286852589648,0.4892032762472076,0.4683092304945544,0.49539987698106297,0.00022271714922048998,0.5,0.38259332277819236,0.35688362590407624,0.5514966159017048,0.25941503169252517,0.9811976856713406,0.11089065588363989
2021-08-19 02:10:00,0.25383542538354253,-0.10756972111553798,0.4847356664184659,0.4561685413319052,0.5021004829147635,0.00022271714922048998,0.5,0.38259332277819236,0.35688362590407624,0.5514966159017048,0.25941503169252517,0.9811976856713406,0.09203796188723087
2021-08-19 02:20:00,0.2315202231520223,0.06772908366533859,0.481459419210722,0.44866988037850386,0.49539987698106297,0.00033407572383073496,0.5,0.38259332277819236,0.35688362590407624,0.5514966159017048,0.25941503169252517,0.9811976856713406,0.0781643707470163
2021-08-19 02:30:00,0.19177126917712692,0.19521912350597592,0.47580044676098265,0.4372433494018926,0.5024800094227272,0.00033407572383073496,0.5,0.38259332277819236,0.35688362590407624,0.5514966159017048,0.25941503169252517,0.9811976856713406,0.06002836579808983
2021-08-19 02:40:00,0.23082287308228733,-0.14741035856573714,0.47520476545048385,0.4301017675415104,0.5092067895983563,0.00033407572383073496,0.5,0.38259332277819236,0.35688362590407624,0.5514966159017048,0.25941503169252517,0.9811976856713406,0.0802088205561507
2021-08-19 02:50:00,0.23082287308228733,0.346613545816733,0.4695457930007445,0.4190323156579181,0.5134077554278834,0.00033407572383073496,0.5,0.38259332277819236,0.35688362590407624,0.5514966159017048,0.25941503169252517,0.9811976856713406,0.08278890112708782
2021-08-19 03:00:00,0.13737796373779637,0.17928286852589648,0.4650781831720028,0.4172469201928226,0.5230529635785424,0.00033407572383073496,0.5,0.3545331017739508,0.3652857557462936,0.6132838808976969,0.22526652417344725,0.9927753137739098,0.026012040375997705
2021-08-19 03:10:00,0.10390516039051603,0.40239043824701204,0.45971705137751284,0.42331726477414744,0.5238251037154337,0.00311804008908686,0.5,0.3545331017739508,0.3652857557462936,0.6132838808976969,0.22526652417344725,0.9927753137739098,0.0
2021-08-19 03:20:00,0.08228730822873082,0.6015936254980081,0.449590469099032,0.4161756829137653,0.5549986258522988,0.294543429844098,0.5,0.3545331017739508,0.3652857557462936,0.6132838808976969,0.22526652417344725,0.9927753137739098,0.0
2021-08-19 03:30:00,0.099721059972106,0.689243027888446,0.44929262844378237,0.41189073379753616,0.5593697242543613,0.9992204899777284,0.5,0.3545331017739508,0.3652857557462936,0.6132838808976969,0.22526652417344725,0.9927753137739098,0.0
2021-08-19 03:40:00,0.05090655509065551,0.6424302788844618,0.457036485480268,0.4322442420996251,0.5593697242543613,0.9992204899777284,0.5,0.3545331017739508,0.3652857557462936,0.6132838808976969,0.22526652417344725,0.9927753137739098,0.0
2021-08-19 03:50:00,0.03626220362622037,0.5956175298804778,0.46299329858525673,0.4365291912158542,0.5593697242543613,0.9992204899777284,0.5,0.3545331017739508,0.3652857557462936,0.6132838808976969,0.22526652417344725,0.9927753137739098,0.0
2021-08-19 04:00:00,0.022315202231520222,0.548804780876494,0.4620997766195085,0.4322442420996251,0.5593697242543613,0.9992204899777284,0.5,0.24274812113708677,0.3754809529693368,0.7245869885919283,0.23795777025960546,0.024198844676960558,0.0
2021-08-19 04:10:00,0.04602510460251046,0.50199203187251,0.45554728220402074,0.4243885020532048,0.5593697242543613,0.9992204899777284,0.5,0.24274812113708677,0.3754809529693368,0.7245869885919283,0.23795777025960546,0.024198844676960558,0.0
2021-08-19 04:20:00,0.09553695955369597,0.4551792828685257,0.4606105733432613,0.41688984109980365,0.5593697242543613,0.9992204899777284,0.5,0.24274812113708677,0.3754809529693368,0.7245869885919283,0.23795777025960546,0.024198844676960558,0.0
2021-08-19 04:30:00,0.1701534170153417,0.4083665338645419,0.4609084139985107,0.40724870558828763,0.5593697242543613,0.9992204899777284,0.5,0.24274812113708677,0.3754809529693368,0.7245869885919283,0.23795777025960546,0.024198844676960558,0.0
2021-08-19 04:40:00,0.200836820083682,0.36155378486055767,0.45673864482501836,0.40439207284413503,0.47524571069610394,0.6477728285077952,0.5,0.24274812113708677,0.3754809529693368,0.7245869885919283,0.23795777025960546,0.024198844676960558,0.006699156570152543
2021-08-19 04:50:00,0.21687587168758715,0.31474103585657365,0.4537602382725241,0.4315300839135867,0.4505634005575113,0.00011135857461024499,0.5,0.24274812113708677,0.3754809529693368,0.7245869885919283,0.23795777025960546,0.024198844676960558,0.06816090046320744
2021-08-19 05:00:00,0.26569037656903766,-0.36254980079681276,0.4612062546537601,0.4490269594715228,0.4558244231851435,0.00011135857461024499,0.5,0.22496415376708123,0.3693345248802468,0.759399874986637,0.2518113210626436,0.05042789144416793,0.09937836655249935
2021-08-19 05:10:00,0.28172942817294283,-0.5139442231075697,0.4174236783320924,0.40689162649526867,0.4558244231851435,0.00011135857461024499,0.5,0.22496415376708123,0.3693345248802468,0.759399874986637,0.2518113210626436,0.05042789144416793,0.1207206119770056
2021-08-19 05:20:00,0.22245467224546722,-0.19521912350597614,0.38525688756515253,0.34475986430994454,0.4558244231851435,0.00011135857461024499,0.5,0.22496415376708123,0.3693345248802468,0.759399874986637,0.2518113210626436,0.05042789144416793,0.06700665389199872
2021-08-19 05:30:00,0.11506276150627615,-0.17131474103585675,0.3679821295606849,0.32226388144974116,0.4558244231851435,0.00011135857461024499,0.5,0.22496415376708123,0.3693345248802468,0.759399874986637,0.2518113210626436,0.05042789144416793,0.007114081808168747
2021-08-19 05:40:00,0.10529986052998605,0.5617529880478087,0.3575577066269544,0.3201214068916265,0.4603263927968486,0.00011135857461024499,0.5,0.22496415376708123,0.3693345248802468,0.759399874986637,0.2518113210626436,0.05042789144416793,0.003077990856556573
2021-08-19 05:50:00,0.11924686192468618,0.1633466135458166,0.34743112434847334,0.3165506159614355,0.4722356728743244,0.00011135857461024499,0.5,0.22496415376708123,0.3693345248802468,0.759399874986637,0.2518113210626436,0.05042789144416793,0.010689982950344765
2021-08-19 06:00:00,0.12831241283124128,-0.01195219123505975,0.3414743112434846,0.3008391358685949,0.4722356728743244,0.00011135857461024499,0.5,0.17942124385010705,0.38015614628441496,0.9792230276187213,0.2833862352187845,0.06663659424015282,0.021198907615009734
2021-08-19 06:10:00,0.12203626220362622,-0.1872509960159363,0.33641102010424406,0.2911980003570791,0.4722356728743244,0.00011135857461024499,0.5,0.17942124385010705,0.38015614628441496,0.9792230276187213,0.2833862352187845,0.06663659424015282,0.013345504473648477
2021-08-19 06:20:00,0.10529986052998605,-0.14741035856573714,0.33194341027550256,0.2865559721478308,0.4722356728743244,0.00011135857461024499,0.5,0.17942124385010705,0.38015614628441496,0.9792230276187213,0.2833862352187845,0.06663659424015282,0.0001886023809164567
2021-08-19 06:30:00,0.08926080892608089,-0.21912350597609564,0.3295606850335069,0.28405641849669716,0.4722356728743244,0.24131403118040093,0.5,0.17942124385010705,0.38015614628441496,0.9792230276187213,0.2833862352187845,0.06663659424015282,0.0
2021-08-19 06:40:00,0.09414225941422595,0.8087649402390438,0.33253909158600115,0.28727013033386894,0.4722356728743244,0.9995545657015591,0.5,0.17942124385010705,0.38015614628441496,0.9792230276187213,0.2833862352187845,0.06663659424015282,0.0
2021-08-19 06:50:00,0.09414225941422595,0.776053680016775,0.3384959046909901,0.3040528477057669,0.4722356728743244,0.9995545657015591,0.5,0.17942124385010705,0.38015614628441496,0.9792230276187213,0.2833862352187845,0.06663659424015282,0.0
2021-08-19 07:00:00,0.09832635983263598,0.743342419794506,0.34415487714072945,0.30619532226388135,0.4722356728743244,0.9995545657015591,0.5,0.15428428772642988,0.3891473447373178,0.9792418323416199,0.2646253323185293,0.09381724804655231,0.0
2021-08-19 07:10:00,0.08786610878661089,0.710631159572237,0.3486224869694712,0.3022674522406714,0.4722356728743244,0.9995545657015591,0.5,0.15428428772642988,0.3891473447373178,0.9792606370645184,0.2646253323185293,0.09381724804655231,0.0
2021-08-19 07:20:00,0.05090655509065551,0.6779198993499684,0.35636634400595657,0.29691126584538474,0.4722356728743244,0.9995545657015591,0.5,0.15428428772642988,0.3891473447373178,0.9792794417874169,0.2646253323185293,0.09381724804655231,0.0
2021-08-19 07:30:00,0.05090655509065551,0.6452086391276997,0.3638123603871928,0.29476879128727007,0.4722356728743244,0.9995545657015591,0.5,0.15428428772642988,0.3891473447373178,0.9792982465103154,0.2646253323185293,0.09381724804655231,0.0
2021-08-19 07:40:00,0.03765690376569038,0.6124973789054309,0.37513030528667146,0.29726834493840393,0.4722356728743244,0.9995545657015591,0.5,0.15428428772642988,0.3891473447373178,0.9793170512332139,0.2646253323185293,0.09381724804655231,0.0
2021-08-19 07:50:00,0.04951185495118549,0.5797861186831619,0.38674609084139977,0.3022674522406714,0.4722356728743244,0.9995545657015591,0.5,0.15428428772642988,0.3891473447373178,0.9793358559561125,0.2646253323185293,0.09381724804655231,0.0
2021-08-19 08:00:00,0.059274755927475595,0.5470748584608931,0.39865971705137726,0.3076236386359579,0.4722356728743244,0.9995545657015591,0.5,0.16243524914591068,0.39712706928308966,0.979354660679011,0.2319400890667445,0.10287296279008477,0.0
2021-08-19 08:10:00,0.05230125523012552,0.5143635982386245,0.4111690245718538,0.3169076950544547,0.4722356728743244,0.9995545657015591,0.5,0.16243524914591068,0.39712706928308966,0.979354660679011,0.2319400890667445,0.10287296279008477,0.0
2021-08-19 08:20:00,0.04184100418410042,0.48165233801635554,0.41712583767684275,0.32226388144974116,0.4722356728743244,0.9995545657015591,0.5,0.16243524914591068,0.39712706928308966,0.979354660679011,0.2319400890667445,0.10287296279008477,0.0
2021-08-19 08:30:00,0.06624825662482565,0.44894107779408654,0.4239761727475799,0.32583467237993236,0.4722356728743244,0.9995545657015591,0.5,0.16243524914591068,0.39712706928308966,0.979354660679011,0.2319400890667445,0.10287296279008477,0.0
2021-08-19 08:40:00,0.08577405857740586,0.416229817571818,0.43231571109456435,0.33190501696125696,0.4722356728743244,0.9995545657015591,0.5,0.16243524914591068,0.39712706928308966,0.979354660679011,0.2319400890667445,0.10287296279008477,0.0
2021-08-19 08:50:00,0.11087866108786612,0.383518557349549,0.43737900223380466,0.3344045706123906,0.4722356728743244,0.9995545657015591,0.5,0.16243524914591068,0.39712706928308966,0.979354660679011,0.2319400890667445,0.10287296279008477,0.0
2021-08-19 09:00:00,0.13807531380753138,0.3508072971272802,0.44452717795979146,0.3361899660774863,0.4722356728743244,0.9995545657015591,0.5,0.22445932140471192,0.40854063280336406,0.794139082375538,0.2130537810800109,0.1417152653797571,0.0
2021-08-19 09:10:00,0.11297071129707113,0.3180960369050114,0.44929262844378237,0.3419032315657917,0.4722356728743244,0.9995545657015591,0.5,0.22445932140471192,0.40854063280336406,0.794139082375538,0.2130537810800109,0.1417152653797571,0.0
2021-08-19 09:20:00,0.0697350069735007,0.28538477668274265,0.45614296351451955,0.3469023388680592,0.4722356728743244,0.9995545657015591,0.5,0.22445932140471192,0.40854063280336406,0.794139082375538,0.2130537810800109,0.1417152653797571,0.0
2021-08-19 09:30:00,0.042538354253835425,0.25267351646047365,0.4623976172747577,0.3554722371005179,0.4722356728743244,0.9995545657015591,0.5,0.22445932140471192,0.40854063280336406,0.794139082375538,0.2130537810800109,0.1417152653797571,0.0
2021-08-19 09:40:00,0.048814504881450484,0.2199622562382051,0.4728220402084884,0.36511337261203347,0.4722356728743244,0.9995545657015591,0.5,0.22445932140471192,0.40854063280336406,0.794139082375538,0.2130537810800109,0.1417152653797571,0.0
2021-08-19 09:50:00,0.03765690376569038,0.1872509960159361,0.4802680565897244,0.37546866630958764,0.4722356728743244,0.9995545657015591,0.5,0.22445932140471192,0.40854063280336406,0.794139082375538,0.2130537810800109,0.1417152653797571,0.0
2021-08-19 10:00:00,0.02370990237099024,0.10934041611332423,0.48801191362620977,0.3872522763792181,0.4722356728743244,0.9995545657015591,0.5,0.4463110982738774,0.40530793920812025,0.48081308650739574,0.12543283760879545,0.19550110057541262,0.0
2021-08-19 10:10:00,0.01603905160390516,0.0314298362107126,0.496947133283693,0.3983217282628102,0.4722356728743244,0.9995545657015591,0.5,0.4463110982738774,0.40530793920812025,0.48081308650739574,0.12543283760879545,0.19550110057541262,0.0
2021-08-19 10:20:00,0.01603905160390516,-0.04648074369189925,0.5064780342516753,0.40903410105338334,0.4722356728743244,0.9995545657015591,0.5,0.4463110982738774,0.40530793920812025,0.48081308650739574,0.12543283760879545,0.19550110057541262,0.0
2021-08-19 10:30:00,0.027196652719665274,-0.124391323594511,0.5169024571854057,0.42046063202999484,0.4722356728743244,0.9995545657015591,0.5,0.4463110982738774,0.40530793920812025,0.48081308650739574,0.12543283760879545,0.19550110057541262,0.0
2021-08-19 10:40:00,0.07043235704323571,-0.20230190349712285,0.5276247207743856,0.4304588466345294,0.4722356728743244,0.9995545657015591,0.5,0.4463110982738774,0.40530793920812025,0.48081308650739574,0.12543283760879545,0.19550110057541262,0.0
2021-08-19 10:50:00,0.07880055788005579,-0.2802124833997346,0.5338793745346238,0.44045706123906436,0.4722356728743244,0.9995545657015591,0.5,0.4463110982738774,0.40530793920812025,0.48081308650739574,0.12543283760879545,0.19550110057541262,0.0
2021-08-19 11:00:00,0.060669456066945605,-0.35812306330234633,0.5371556217423676,0.44866988037850386,0.4722356728743244,0.9995545657015591,0.5,0.45659549006194666,0.40288270063533227,0.4276069528125914,0.026695496717737528,0.3146221186571562,0.0
2021-08-19 11:10:00,0.04602510460251046,-0.4360336432049581,0.5437081161578554,0.4572397786109621,0.4722356728743244,0.9995545657015591,0.5,0.45659549006194666,0.40288270063533227,0.4276069528125914,0.026695496717737528,0.3146221186571562,0.0
2021-08-19 11:20:00,0.05788005578800558,-0.5139442231075697,0.5523454951600892,0.4675950723085165,0.4722356728743244,0.9995545657015591,0.5,0.45659549006194666,0.40288270063533227,0.4276069528125914,0.026695496717737528,0.3146221186571562,0.0
2021-08-19 11:30:00,0.08647140864714087,-0.39641434262948216,0.5594936708860758,0.4768791287270131,0.4722356728743244,0.9995545657015591,0.5,0.45659549006194666,0.40288270063533227,0.4276069528125914,0.026695496717737528,0.3146221186571562,0.0
2021-08-19 11:40:00,0.08786610878661089,-0.2788844621513944,0.5645569620253164,0.48294947330833793,0.4722356728743244,0.9995545657015591,0.5,0.45659549006194666,0.40288270063533227,0.4276069528125914,0.026695496717737528,0.3146221186571562,0.0
2021-08-19 11:50:00,0.16666666666666669,-0.16135458167330674,0.5690245718540579,0.49151937154079617,0.4722356728743244,0.9995545657015591,0.5,0.45659549006194666,0.40288270063533227,0.4276069528125914,0.026695496717737528,0.3146221186571562,0.0
2021-08-19 12:00:00,0.1506276150627615,-0.043824701195219196,0.5767684288905432,0.49866095340117833,0.4015913939092539,0.9090200445434298,0.5,0.4712526386462914,0.39517308559885256,0.38874070658547016,0.0867715189754087,0.7106689417954192,0.0
2021-08-19 12:10:00,0.1499302649930265,0.12350597609561742,0.5794489947877883,0.5133011962149614,0.37965737917315573,0.9995545657015591,0.5,0.4712526386462914,0.39517308559885256,0.38874070658547016,0.0867715189754087,0.7106689417954192,0.0
2021-08-19 12:20:00,0.14016736401673638,0.29083665338645415,0.5848101265822783,0.5282985181217639,0.42308044653256727,0.9995545657015591,0.5,0.4712526386462914,0.39517308559885256,0.38874070658547016,0.0867715189754087,0.7106689417954192,0.0
2021-08-19 12:30:00,0.22663877266387727,0.2669322709163344,0.5904690990320176,0.5357971790751652,0.42961091989373257,0.15289532293986638,0.5,0.4712526386462914,0.39517308559885256,0.38874070658547016,0.0867715189754087,0.7106689417954192,0.030885525898878947
2021-08-19 12:40:00,0.12203626220362622,0.7689243027888444,0.5973194341027548,0.5268702017496876,0.4600123018937064,0.44788418708240535,0.5,0.4712526386462914,0.39517308559885256,0.38874070658547016,0.0867715189754087,0.7106689417954192,0.01594067323505892
2021-08-19 12:50:00,0.2733612273361227,-0.17131474103585675,0.6053611317944898,0.5390108909123372,0.4321498213607989,0.42761692650334077,0.5,0.4712526386462914,0.39517308559885256,0.38874070658547016,0.0867715189754087,0.7106689417954192,0.045528614753232645
2021-08-19 13:00:00,0.199442119944212,-0.12350597609561753,0.6131049888309752,0.5407962863774327,0.39780921595058305,0.019710467706013365,0.5,0.608695684076868,0.38361584680767846,0.23834942794782918,0.2166639395633501,0.7393568744626443,0.034491603422001596
2021-08-19 13:10:00,0.16666666666666669,0.5298804780876492,0.6208488458674608,0.5632922692376363,0.3948384394916963,0.11302895322939867,0.5,0.608695684076868,0.38361584680767846,0.23834942794782918,0.2166639395633501,0.7393568744626443,0.03441616246963502
2021-08-19 13:20:00,0.14644351464435149,-0.952191235059761,0.6274013402829486,0.5897161221210496,0.39591158341076543,0.8144766146993319,0.5,0.608695684076868,0.38361584680767846,0.23834942794782918,0.2166639395633501,0.7393568744626443,0.0
2021-08-19 13:30:00,0.3612273361227336,-0.3067729083665339,0.629784065524944,0.5993572576325656,0.3923126251455942,0.24922048997772828,0.5,0.608695684076868,0.38361584680767846,0.23834942794782918,0.2166639395633501,0.7393568744626443,0.11891002912020762
2021-08-19 13:40:00,0.37377963737796377,0.15537848605577675,0.6327624720774385,0.5761471165863239,0.4202012799204303,0.00022271714922048998,0.5,0.608695684076868,0.38361584680767846,0.23834942794782918,0.2166639395633501,0.7393568744626443,0.2514975029044767
2021-08-19 13:50:00,0.18200836820083682,-0.11553784860557781,0.6008935219657481,0.5375825745402605,0.42813207522477126,0.00033407572383073496,0.5,0.608695684076868,0.38361584680767846,0.23834942794782918,0.2166639395633501,0.7393568744626443,0.04729393303861068
2021-08-19 14:00:00,0.33891213389121344,0.4183266932270917,0.5964259121370066,0.5332976254240314,0.4293884388373402,0.00022271714922048998,0.5,0.6266425145828045,0.3659581560141033,0.21969608488024372,0.3154944487218499,0.7652907651469976,0.2242859513858503
2021-08-19 14:10:00,0.298465829846583,-0.21912350597609564,0.5928518242740133,0.5247277271915729,0.44106215073745925,0.00022271714922048998,0.5,0.6266425145828045,0.3659581560141033,0.21969608488024372,0.3154944487218499,0.7652907651469976,0.13710638683102735
2021-08-19 14:20:00,0.12273361227336123,0.7290836653386452,0.5919583023082648,0.5279414390287449,0.40112025755454056,0.2820712694877505,0.5,0.6266425145828045,0.3659581560141033,0.21969608488024372,0.3154944487218499,0.7652907651469976,0.023545121233610456
2021-08-19 14:30:00,0.21199442119944212,0.1394422310756971,0.6125093075204764,0.5482949473308338,0.40020415908704243,0.6123608017817372,0.5,0.6266425145828045,0.3659581560141033,0.21969608488024372,0.3154944487218499,0.7652907651469976,0.02982935256574679
2021-08-19 14:40:00,0.19107391910739194,0.47410358565737054,0.6336559940431867,0.580074986609534,0.45503919592728803,0.25824053452115814,0.5,0.6266425145828045,0.3659581560141033,0.21969608488024372,0.3154944487218499,0.7652907651469976,0.022654917995684778
2021-08-19 14:50:00,0.14504881450488147,0.43426294820717115,0.643186895011169,0.6025709694697374,0.44549868474434307,0.38374164810690425,0.5,0.6266425145828045,0.3659581560141033,0.21969608488024372,0.3154944487218499,0.7652907651469976,0.0
2021-08-19 15:00:00,0.16945606694560672,0.394422310756972,0.6509307520476544,0.6157828959114444,0.42009658295271624,0.3846325167037862,0.5,0.6386613670831021,0.3408782007258479,0.2072074299887757,0.342638551917554,0.7778507137472104,0.0053261312370807366
2021-08-19 15:10:00,0.17433751743375175,0.095617529880478,0.6661206254653758,0.6336368505623997,0.4278703328054861,0.9952115812917596,0.5,0.6386613670831021,0.3408782007258479,0.2072074299887757,0.342638551917554,0.7778507137472104,0.0
2021-08-19 15:20:00,0.2524407252440725,-0.20318725099601598,0.6705882352941175,0.6389930369576862,0.44288126055149124,0.03474387527839644,0.5,0.6386613670831021,0.3408782007258479,0.2072074299887757,0.342638551917554,0.7778507137472104,0.07233278512907947
2021-08-19 15:30:00,0.18131101813110181,-0.13147410358565736,0.6562918838421443,0.6114979467952151,0.4156207875829397,0.3768374164810691,0.5,0.6386613670831021,0.3408782007258479,0.2072074299887757,0.342638551917554,0.7778507137472104,0.0
2021-08-19 15:40:00,0.13319386331938632,-0.1394422310756973,0.6702903946388681,0.6236386359578647,0.4412191961890303,0.25902004454342986,0.5,0.6386613670831021,0.3408782007258479,0.2072074299887757,0.342638551917554,0.7778507137472104,0.011761244473950239
2021-08-19 15:50:00,0.12482566248256625,-0.19521912350597614,0.669694713328369,0.6168541331905018,0.4458651241313423,0.9993318485523385,0.5,0.6386613670831021,0.3408782007258479,0.2072074299887757,0.342638551917554,0.7778507137472104,0.0
2021-08-19 16:00:00,0.2649930264993026,-0.250996015936255,0.6887565152643333,0.6393501160507051,0.43029145018387405,0.5871937639198218,0.5,0.7126553962130233,0.3267118190151343,0.14848932041198867,0.3476549271520966,0.7754401953407636,0.04967786713339469
2021-08-19 16:10:00,0.23709902370990238,-0.3067729083665339,0.6881608339538345,0.6300660596322085,0.3597518681865176,0.00033407572383073496,0.5,0.7126553962130233,0.3267118190151343,0.14848932041198867,0.3476549271520966,0.7754401953407636,0.08122727341309957
2021-08-19 16:20:00,0.31241283124128316,0.40239043824701204,0.6664184661206252,0.5929298339582219,0.4076376437947416,0.00033407572383073496,0.5,0.7126553962130233,0.3267118190151343,0.14848932041198867,0.3476549271520966,0.7754401953407636,0.2111969461502482
2021-08-19 16:30:00,0.32496513249651326,-0.14741035856573714,0.6586746090841398,0.5793608284234957,0.41079163994712803,0.00011135857461024499,0.5,0.7126553962130233,0.3267118190151343,0.14848932041198867,0.3476549271520966,0.7754401953407636,0.1947130980581499
2021-08-19 16:40:00,0.20781032078103207,-0.19521912350597614,0.6574832464631419,0.576861274772362,0.4148093860831556,0.00011135857461024499,0.5,0.7126553962130233,0.3267118190151343,0.14848932041198867,0.3476549271520966,0.7754401953407636,0.07674608084252456
2021-08-19 16:50:00,0.2691771269177127,0.36254980079681287,0.6589724497393892,0.5865024102838778,0.41029432935048615,0.00011135857461024499,0.5,0.7126553962130233,0.3267118190151343,0.14848932041198867,0.3476549271520966,0.7754401953407636,0.12294612007181979
2021-08-19 17:00:00,0.20223152022315202,-0.5139442231075697,0.6670141474311242,0.6054276022138905,0.4415463742131368,0.5486636971046771,0.5,0.7173375029142262,0.30940182237713826,0.14337439955097658,0.3312140861577736,0.7633050086663924,0.0
2021-08-19 17:10:00,0.14365411436541145,-0.5219123505976095,0.6863737900223379,0.6368505623995715,0.3779167920849092,0.617706013363029,0.5,0.7173375029142262,0.30940182237713826,0.14337439955097658,0.3312140861577736,0.7633050086663924,0.0
2021-08-19 17:20:00,0.21269177126917713,-0.42629482071713154,0.6854802680565895,0.6297089805391896,0.35795893261441414,0.05412026726057907,0.5,0.7173375029142262,0.30940182237713826,0.14337439955097658,0.3312140861577736,0.7633050086663924,0.023092475519410956
2021-08-19 17:30:00,0.24546722454672246,0.689243027888446,0.6842889054355916,0.6089983931440812,0.4028739317637513,0.36158129175946546,0.5,0.7173375029142262,0.30940182237713826,0.14337439955097658,0.3312140861577736,0.7633050086663924,0.03637008313592951
2021-08-19 17:40:00,0.2594142259414226,0.47211155378486036,0.6920327624720772,0.6247098732369221,0.42449385559670727,0.00011135857461024499,0.5,0.7173375029142262,0.30940182237713826,0.14337439955097658,0.3312140861577736,0.7633050086663924,0.1246435415000679
2021-08-19 17:50:00,0.1499302649930265,0.2549800796812749,0.681012658227848,0.6197107659346546,0.4720524531808248,0.00022271714922048998,0.5,0.7173375029142262,0.30940182237713826,0.14337439955097658,0.3312140861577736,0.7633050086663924,0.012643903616639258
2021-08-19 18:00:00,0.2196652719665272,0.03784860557768921,0.681012658227848,0.6379217996786288,0.36675347790239626,0.5099109131403118,0.5,0.6556066043119542,0.27515538480547796,0.20720819087351727,0.3398365605516104,0.7581749616336926,0.0
2021-08-19 18:10:00,0.24476987447698745,-0.17928286852589637,0.698585256887565,0.6514908052133548,0.43911216971378464,0.1910913140311804,0.5,0.6556066043119542,0.27515538480547796,0.20720819087351727,0.3398365605516104,0.7581749616336926,0.04948926475247823
2021-08-19 18:20:00,0.39121338912133896,0.20318725099601576,0.6953090096798211,0.6482770933761828,0.40422190522307,0.00022271714922048998,0.5,0.6556066043119542,0.27515538480547796,0.20720819087351727,0.3398365605516104,0.7581749616336926,0.26110113614074265
2021-08-19 18:30:00,0.2377963737796374,-0.3227091633466136,0.6804169769173491,0.6189966077486162,0.40224574995746687,0.00033407572383073496,0.5,0.6556066043119542,0.27515538480547796,0.20720819087351727,0.3398365605516104,0.7581749616336926,0.10402552921828084
2021-08-19 18:40:00,0.26429567642956764,-0.33067729083665354,0.6783320923306031,0.6111408677021961,0.38643650783264183,0.00033407572383073496,0.5,0.6556066043119542,0.27515538480547796,0.20720819087351727,0.3398365605516104,0.7581749616336926,0.11655627140637023
2021-08-19 18:50:00,0.39400278940027894,0.36254980079681287,0.6783320923306031,0.6089983931440812,0.407454424101242,0.00033407572383073496,0.5,0.6556066043119542,0.27515538480547796,0.20720819087351727,0.3398365605516104,0.7581749616336926,0.26383209861641294
2021-08-19 19:00:00,0.2880055788005579,0.03585657370517925,0.6753536857781086,0.6064988394929476,0.4491761657352999,0.00022271714922048998,0.5,0.6543770426682736,0.3139074788725516,0.20495102628768014,0.35217606485314384,0.7348209347699974,0.14258339997284125
2021-08-19 19:10:00,0.17224546722454673,-0.2749003984063746,0.6717795979151151,0.6075700767720049,0.44082658256010265,0.05868596881959911,0.5,0.6543770426682736,0.3139074788725516,0.20495102628768014,0.35217606485314384,0.7348209347699974,0.0
2021-08-19 19:20:00,0.15620641562064158,-0.06772908366533881,0.6676098287416232,0.5947152294233171,0.4230280980487103,0.005345211581291759,0.5,0.6543770426682736,0.3139074788725516,0.20495102628768014,0.35217606485314384,0.7348209347699974,0.0327564615175702
2021-08-19 19:30:00,0.24755927475592746,-0.40239043824701204,0.6661206254653758,0.6032851276557758,0.4061326248838518,0.00033407572383073496,0.5,0.6543770426682736,0.3139074788725516,0.20495102628768014,0.35217606485314384,0.7348209347699974,0.09168338941110793
2021-08-19 19:40:00,0.2629009762900976,-0.01195219123505975,0.6646314221891287,0.6014997321906803,0.3852979283087513,0.00022271714922048998,0.5,0.6543770426682736,0.3139074788725516,0.20495102628768014,0.35217606485314384,0.7348209347699974,0.120358495405646
2021-08-19 19:50:00,0.2398884239888424,-0.3784860557768924,0.6634400595681309,0.597214783074451,0.37342790959416844,0.00022271714922048998,0.5,0.6543770426682736,0.3139074788725516,0.20495102628768014,0.35217606485314384,0.7348209347699974,0.08546705493610152
2021-08-19 20:00:00,0.3054393305439331,0.01195219123505975,0.6634400595681309,0.5893590430280307,0.3587703341141982,0.00022271714922048998,0.5,0.6676091805045856,0.2995140902338183,0.17604146416036306,0.315921916337658,0.7228438997184105,0.1488827194954509
2021-08-19 20:10:00,0.32914923291492326,-0.4900398406374503,0.6574832464631419,0.5825745402606679,0.36493436808836427,0.00033407572383073496,0.5,0.6676091805045856,0.2995140902338183,0.17604146416036306,0.315921916337658,0.7228438997184105,0.16529112663518264
2021-08-19 20:20:00,0.31241283124128316,-0.10756972111553798,0.6512285927029038,0.5761471165863239,0.35645391370352436,0.00022271714922048998,0.5,0.6676091805045856,0.2995140902338183,0.17604146416036306,0.315921916337658,0.7228438997184105,0.15343180892315586
2021-08-19 20:30:00,0.3451882845188285,0.027888446215139417,0.6405063291139239,0.5686484556329228,0.35255395165617515,0.00022271714922048998,0.5,0.6676091805045856,0.2995140902338183,0.17604146416036306,0.315921916337658,0.7228438997184105,0.18597703577409963
2021-08-19 20:40:00,0.35355648535564854,0.08366533864541825,0.6303797468354431,0.56579182288877,0.3468087055528654,0.00022271714922048998,0.5,0.6676091805045856,0.2995140902338183,0.17604146416036306,0.315921916337658,0.7228438997184105,0.19903586462875505
2021-08-19 20:50:00,0.31729428172942814,0.40239043824701204,0.6214445271779596,0.5472237100517765,0.34526442527908285,0.00022271714922048998,0.5,0.6676091805045856,0.2995140902338183,0.17604146416036306,0.315921916337658,0.7228438997184105,0.16561552273035895
2021-08-19 21:00:00,0.2907949790794979,0.5059760956175297,0.6145941921072224,0.5332976254240314,0.34526442527908285,0.00022271714922048998,0.5,0.6442229280477136,0.29273549095277035,0.20479884933936818,0.24099249921773525,0.6843217372294358,0.137996590068953
2021-08-19 21:10:00,0.27405857740585776,0.2350597609561753,0.6104244229337303,0.5279414390287449,0.34526442527908285,0.00022271714922048998,0.5,0.6442229280477136,0.29273549095277035,0.20479884933936818,0.24099249921773525,0.6843217372294358,0.11890248502497097
2021-08-19 21:20:00,0.1771269177126918,0.5697211155378485,0.6050632911392404,0.5265131226566686,0.3457486487547604,0.00033407572383073496,0.5,0.6442229280477136,0.29273549095277035,0.20479884933936818,0.24099249921773525,0.6843217372294358,0.057863210465168916
2021-08-19 21:30:00,0.2210599721059972,0.22709163346613526,0.6020848845867459,0.5368684163542226,0.36172802345212074,0.00022271714922048998,0.5,0.6442229280477136,0.29273549095277035,0.20479884933936818,0.24099249921773525,0.6843217372294358,0.08063883398464022
2021-08-19 21:40:00,0.11506276150627615,0.5776892430278884,0.5982129560685032,0.5304409926798785,0.36356022038711705,0.00033407572383073496,0.5,0.6442229280477136,0.29273549095277035,0.20479884933936818,0.24099249921773525,0.6843217372294358,0.013519018664091617
2021-08-19 21:50:00,0.11157601115760113,0.6414342629482073,0.5952345495160087,0.5504374218889485,0.38415934878486085,0.00022271714922048998,0.5,0.6442229280477136,0.29273549095277035,0.20479884933936818,0.24099249921773525,0.6843217372294358,0.013307783997465185
2021-08-19 22:00:00,0.12482566248256625,0.05976095617529875,0.5946388682055099,0.5636493483306553,0.39473374252398213,0.00022271714922048998,0.5,0.49029058212147647,0.3081346064878017,0.3185442702398829,0.22096723892839423,0.7119007434610108,0.018882870377355646
2021-08-19 22:10:00,0.08298465829846582,0.13147410358565725,0.5904690990320176,0.5636493483306553,0.39473374252398213,0.0036748329621380848,0.5,0.49029058212147647,0.3081346064878017,0.3185442702398829,0.22096723892839423,0.7119007434610108,0.00038474885706957164
2021-08-19 22:20:00,0.08368200836820083,0.7689243027888444,0.591362620997766,0.5375825745402605,0.39473374252398213,0.9808463251670378,0.5,0.49029058212147647,0.3081346064878017,0.3185442702398829,0.22096723892839423,0.7119007434610108,0.0
2021-08-19 22:30:00,0.07880055788005579,0.9601593625498008,0.5949367088607593,0.5443670773076237,0.39473374252398213,0.9996659242761693,0.5,0.49029058212147647,0.3081346064878017,0.3185442702398829,0.22096723892839423,0.7119007434610108,0.0
2021-08-19 22:40:00,0.08228730822873082,0.10756972111553775,0.5964259121370066,0.5468666309587575,0.39473374252398213,0.9996659242761693,0.5,0.49029058212147647,0.3081346064878017,0.3185442702398829,0.22096723892839423,0.7119007434610108,0.0
2021-08-19 22:50:00,0.08716875871687588,0.09074811863656485,0.5937453462397615,0.5407962863774327,0.39473374252398213,0.9996659242761693,0.5,0.49029058212147647,0.3081346064878017,0.3185442702398829,0.22096723892839423,0.7119007434610108,0.0
2021-08-19 23:00:00,0.09205020920502092,0.07392651615759172,0.5860014892032761,0.5325834672379934,0.39473374252398213,0.9996659242761693,0.5,0.44061108863483467,0.3031059720063114,0.370581177715157,0.20308209224700627,0.795800960029114,0.0
2021-08-19 23:10:00,0.11436541143654114,0.05710491367861881,0.5803425167535365,0.5232994108194964,0.39473374252398213,0.9996659242761693,0.5,0.44061108863483467,0.3031059720063114,0.370581177715157,0.20308209224700627,0.795800960029114,0.0
2021-08-19 23:20:00,0.13528591352859135,0.04028331119964568,0.5788533134772895,0.5161578289591144,0.39473374252398213,0.9996659242761693,0.5,0.44061108863483467,0.3031059720063114,0.370581177715157,0.20308209224700627,0.795800960029114,0.0
2021-08-19 23:30:00,0.13319386331938632,0.02346170872067277,0.5767684288905432,0.5104445634708088,0.39473374252398213,0.9996659242761693,0.5,0.44061108863483467,0.3031059720063114,0.370581177715157,0.20308209224700627,0.795800960029114,0.0
2021-08-19 23:40:00,0.13528591352859135,0.006640106241699861,0.5779597915115411,0.5065166934475986,0.39473374252398213,0.9996659242761693,0.5,0.44061108863483467,0.3031059720063114,0.370581177715157,0.20308209224700627,0.795800960029114,0.0
2021-08-19 23:50:00,0.13319386331938632,-0.010181496237273158,0.5800446760982871,0.5040171397964648,0.39473374252398213,0.9996659242761693,0.5,0.44061108863483467,0.3031059720063114,0.370581177715157,0.20308209224700627,0.795800960029114,0.0
2021-08-20 00:00:00,0.19525801952580193,-0.027003098716246288,0.5773641102010423,0.49830387430815937,0.42997735928073183,0.9438752783964366,0.5,0.4053607420128522,0.29713195424229855,0.34998402776113346,0.22588612710018027,0.9336565586642085,0.0
2021-08-20 00:10:00,0.15760111576011157,-0.043824701195219196,0.5788533134772895,0.5108016425638278,0.509298399445106,0.12895322939866372,0.5,0.4053607420128522,0.29713195424229855,0.34998402776113346,0.22588612710018027,0.9336565586642085,0.0
2021-08-20 00:20:00,0.13807531380753138,-0.2589641434262948,0.5865971705137749,0.514372433494019,0.5186426038135871,0.9996659242761693,0.5,0.4053607420128522,0.29713195424229855,0.34998402776113346,0.22588612710018027,0.9336565586642085,0.0
2021-08-20 00:30:00,0.16248256624825663,-0.5458167330677292,0.5880863737900222,0.5104445634708088,0.5186426038135871,0.9996659242761693,0.5,0.4053607420128522,0.29713195424229855,0.34998402776113346,0.22588612710018027,0.9336565586642085,0.0
2021-08-20 00:40:00,0.4260808926080893,0.41035856573705165,0.5824274013402826,0.5086591680057133,0.5573543076258654,0.1275055679287305,0.5,0.4053607420128522,0.29713195424229855,0.34998402776113346,0.22588612710018027,0.9336565586642085,0.23161126786064548
2021-08-20 00:50:00,0.403068340306834,0.20318725099601576,0.5588979895755768,0.49401892519193,0.5887503108191229,0.00022271714922048998,0.5,0.4053607420128522,0.29713195424229855,0.34998402776113346,0.22588612710018027,0.9336565586642085,0.2731716885193959
2021-08-20 01:00:00,0.499302649930265,-0.17928286852589637,0.5300074460163811,0.4540260667737903,0.5998220151548861,0.00022271714922048998,0.5,0.3402424035837226,0.30610016465186113,0.3706775564490879,0.34247492228305226,0.061197202707756804,0.43552061801228176
2021-08-20 01:10:00,0.5313807531380753,0.06772908366533859,0.5133283693224122,0.4358150330298163,0.6000444962112784,0.00022271714922048998,0.5,0.3402424035837226,0.30610016465186113,0.3706775564490879,0.34247492228305226,0.061197202707756804,0.5157747031398524
2021-08-20 01:20:00,0.50278940027894,0.3067729083665336,0.5037974683544302,0.42760221389037656,0.6072162384996924,0.00033407572383073496,0.5,0.3402424035837226,0.30610016465186113,0.3706775564490879,0.34247492228305226,0.061197202707756804,0.4861943057169154
2021-08-20 01:30:00,0.5153417015341701,0.12350597609561742,0.496947133283693,0.42617389751830026,0.6134326209577156,0.00022271714922048998,0.5,0.3402424035837226,0.30610016465186113,0.3706775564490879,0.34247492228305226,0.061197202707756804,0.49447017819152955
2021-08-20 01:40:00,0.4804741980474198,0.03585657370517925,0.49039463886820545,0.42974468844849145,0.6179869390532777,0.00022271714922048998,0.5,0.3402424035837226,0.30610016465186113,0.3706775564490879,0.34247492228305226,0.061197202707756804,0.41160583611207513
2021-08-20 01:50:00,0.4714086471408647,-0.059760956175298974,0.4862248696947131,0.43117300482056775,0.6201332268914161,0.00022271714922048998,0.5,0.3402424035837226,0.30610016465186113,0.3706775564490879,0.34247492228305226,0.061197202707756804,0.3914932782111442
2021-08-20 02:00:00,0.46164574616457466,-0.14741035856573714,0.481459419210722,0.43117300482056775,0.62244964730209,0.00022271714922048998,0.5,0.30941360932792517,0.30683003502802986,0.421374292266228,0.45760017293349675,0.13281694978191655,0.37989045973716373
2021-08-20 02:10:00,0.4588563458856346,-0.09960159362549814,0.4778853313477287,0.42617389751830026,0.6189815602465614,0.00022271714922048998,0.5,0.30941360932792517,0.30683003502802986,0.421374292266228,0.45760017293349675,0.13281694978191655,0.3691024035487424
2021-08-20 02:20:00,0.43165969316596936,-0.09960159362549814,0.4749069247952342,0.4290305302624531,0.6158013898522463,0.00022271714922048998,0.5,0.30941360932792517,0.30683003502802986,0.421374292266228,0.45760017293349675,0.13281694978191655,0.3368891168882116
2021-08-20 02:30:00,0.4881450488145049,0.05179282868525892,0.4698436336559937,0.4193893947509373,0.6112078103937915,0.00022271714922048998,0.5,0.30941360932792517,0.30683003502802986,0.421374292266228,0.45760017293349675,0.13281694978191655,0.4484662854383874
2021-08-20 02:40:00,0.5111576011157601,0.05976095617529875,0.46775874906924786,0.4129619710765935,0.6112078103937915,0.00022271714922048998,0.5,0.30941360932792517,0.30683003502802986,0.421374292266228,0.45760017293349675,0.13281694978191655,0.49595636495315115
2021-08-20 02:50:00,0.5146443514644351,0.09960159362549792,0.46358897989575576,0.4093911801464025,0.6112078103937915,0.00022271714922048998,0.5,0.30941360932792517,0.30683003502802986,0.421374292266228,0.45760017293349675,0.13281694978191655,0.49985666219050356
2021-08-20 03:00:00,0.4923291492329149,0.24302788844621515,0.4609084139985107,0.40760578468130704,0.6141785868526782,0.00022271714922048998,0.5,0.29311161978278455,0.30854264425715644,0.4596840781190219,0.5271020387441137,0.163373074387467,0.4662175415302443
2021-08-20 03:10:00,0.4755927475592748,-0.06772908366533881,0.4579300074460164,0.4122478128905551,0.6145581133606418,0.00022271714922048998,0.5,0.29311161978278455,0.30854264425715644,0.4596840781190219,0.5271020387441137,0.163373074387467,0.41785234696802814
2021-08-20 03:20:00,0.4735006973500697,0.3306772908366533,0.4549516008935217,0.407962863774326,0.6125165224902174,0.00022271714922048998,0.5,0.29311161978278455,0.30854264425715644,0.4596840781190219,0.5271020387441137,0.163373074387467,0.42351041839552184
2021-08-20 03:30:00,0.5139470013947002,-0.298804780876494,0.4549516008935217,0.407962863774326,0.6223711245763045,0.00022271714922048998,0.5,0.29311161978278455,0.30854264425715644,0.4596840781190219,0.5271020387441137,0.163373074387467,0.48271647781281596
2021-08-20 03:40:00,0.5258019525801952,-0.17928286852589637,0.45673864482501836,0.4122478128905551,0.6223711245763045,0.00022271714922048998,0.5,0.29311161978278455,0.30854264425715644,0.4596840781190219,0.5271020387441137,0.163373074387467,0.5045943539991249
2021-08-20 03:50:00,0.5299860529986052,-0.2270916334661356,0.45971705137751284,0.41439028744867,0.6223711245763045,0.00022271714922048998,0.5,0.29311161978278455,0.30854264425715644,0.4596840781190219,0.5271020387441137,0.163373074387467,0.5101317199028321
2021-08-20 04:00:00,0.5216178521617852,-0.02788844621513953,0.46031273268801187,0.414747366541689,0.6223711245763045,0.00033407572383073496,0.5,0.23485771405262357,0.3103299646271493,0.5375635481425092,0.5187360792748427,0.1757322913871585,0.4995247220000905
2021-08-20 04:10:00,0.5258019525801952,-0.05179282868525903,0.4576321667907668,0.4161756829137653,0.6223711245763045,0.00033407572383073496,0.5,0.23485771405262357,0.3103299646271493,0.5375635481425092,0.5187360792748427,0.1757322913871585,0.5014409221902018
2021-08-20 04:20:00,0.5216178521617852,-0.06772908366533881,0.4573343261355174,0.41867523656489913,0.6223711245763045,0.00022271714922048998,0.5,0.23485771405262357,0.3103299646271493,0.5375635481425092,0.5187360792748427,0.1757322913871585,0.4962581287626175
2021-08-20 04:30:00,0.504881450488145,-0.06772908366533881,0.4549516008935217,0.4193893947509373,0.6223711245763045,0.00022271714922048998,0.5,0.23485771405262357,0.3103299646271493,0.5375635481425092,0.5187360792748427,0.1757322913871585,0.4604236763884907
2021-08-20 04:40:00,0.49442119944211993,-0.01195219123505975,0.4549516008935217,0.41867523656489913,0.6223711245763045,0.00022271714922048998,0.5,0.23485771405262357,0.3103299646271493,0.5375635481425092,0.5187360792748427,0.1757322913871585,0.4535057410564751
2021-08-20 04:50:00,0.5097629009762901,-0.02788844621513953,0.4549516008935217,0.41867523656489913,0.6223711245763045,0.00022271714922048998,0.5,0.23485771405262357,0.3103299646271493,0.5375635481425092,0.5187360792748427,0.1757322913871585,0.48580955685984584
2021-08-20 05:00:00,0.4693165969316597,-0.01195219123505975,0.45197319434102745,0.41867523656489913,0.6223711245763045,0.00022271714922048998,0.5,0.23021629812058664,0.312214984181353,0.5094005407607859,0.4967908762427356,0.17947913769640858,0.40994613516001027
2021-08-20 05:10:00,0.43165969316596936,0.11553784860557759,0.4516753536857778,0.41867523656489913,0.6223711245763045,0.00022271714922048998,0.5,0.23021629812058664,0.312214984181353,0.5094005407607859,0.4967908762427356,0.17947913769640858,0.3356971498408196
2021-08-20 05:20:00,0.4456066945606694,0.09163346613545809,0.44720774385703654,0.417961078378861,0.6223711245763045,0.00022271714922048998,0.5,0.23021629812058664,0.312214984181353,0.5094005407607859,0.4967908762427356,0.17947913769640858,0.3645382259305641
2021-08-20 05:30:00,0.4818688981868898,0.06772908366533859,0.4460163812360385,0.4122478128905551,0.6223711245763045,0.00022271714922048998,0.5,0.23021629812058664,0.312214984181353,0.5094005407607859,0.4967908762427356,0.17947913769640858,0.42490607601430364
2021-08-20 05:40:00,0.4909344490934449,-0.0916334661354582,0.4460163812360385,0.40760578468130704,0.6223711245763045,0.00022271714922048998,0.5,0.23021629812058664,0.312214984181353,0.5094005407607859,0.4967908762427356,0.17947913769640858,0.4356790440122516
2021-08-20 05:50:00,0.4797768479776848,-0.07569721115537853,0.4454206999255397,0.40582038921621133,0.6223711245763045,0.00022271714922048998,0.5,0.23021629812058664,0.312214984181353,0.5094005407607859,0.4967908762427356,0.17947913769640858,0.42590189658554245
2021-08-20 06:00:00,0.48465829846582986,-0.06772908366533881,0.4427401340282946,0.40403499375111585,0.6223711245763045,0.00022271714922048998,0.5,0.25975853030278273,0.318361412270443,0.5711285835610598,0.555871679719994,0.16579335526720881,0.42054558896751515
2021-08-20 06:10:00,0.4463040446304045,0.15537848605577675,0.44065524944154855,0.40117836100696325,0.6223711245763045,0.00022271714922048998,0.5,0.25975853030278273,0.318361412270443,0.5711285835610598,0.555871679719994,0.16579335526720881,0.3781326855470224
2021-08-20 06:20:00,0.4476987447698745,0.01195219123505975,0.43678332092330585,0.3968934118907337,0.6308254047192158,0.00022271714922048998,0.5,0.25975853030278273,0.318361412270443,0.5711285835610598,0.555871679719994,0.16579335526720881,0.3527392609804306
2021-08-20 06:30:00,0.4330543933054393,-0.11553784860557781,0.4344005956813102,0.39617925370469576,0.633612961484603,0.00022271714922048998,0.5,0.25975853030278273,0.318361412270443,0.5711285835610598,0.555871679719994,0.16579335526720881,0.34071397317319735
2021-08-20 06:40:00,0.4386331938633194,-0.13147410358565736,0.434102755026061,0.3936797000535619,0.633612961484603,0.00022271714922048998,0.5,0.25975853030278273,0.318361412270443,0.5711285835610598,0.555871679719994,0.16579335526720881,0.34294702536324817
2021-08-20 06:50:00,0.4560669456066946,0.043824701195219085,0.4308265078183171,0.3890376718443136,0.633612961484603,0.00022271714922048998,0.5,0.25975853030278273,0.318361412270443,0.5711285835610598,0.555871679719994,0.16579335526720881,0.36150549964542755
2021-08-20 07:00:00,0.44421199442119946,0.25099601593625476,0.4278481012658226,0.3811819317978933,0.633612961484603,0.00022271714922048998,0.5,0.2693508121310524,0.34098452042631233,0.5735692481837364,0.5312515900808503,0.17879143254291102,0.3511399127902591
2021-08-20 07:10:00,0.4211994421199442,-0.07569721115537853,0.42546537602382717,0.3758257454026068,0.633612961484603,0.00022271714922048998,0.5,0.2693508121310524,0.34098452042631233,0.5735692481837364,0.5312515900808503,0.17879143254291102,0.3091268464173092
2021-08-20 07:20:00,0.38354253835425384,-0.20318725099601598,0.42516753536857754,0.37225495447241563,0.633612961484603,0.00022271714922048998,0.5,0.2693508121310524,0.34098452042631233,0.5735692481837364,0.5312515900808503,0.17879143254291102,0.2563559002368846
2021-08-20 07:30:00,0.3668061366806137,0.027888446215139417,0.4233804914370811,0.37189787537939667,0.6261794767769039,0.00022271714922048998,0.5,0.2693508121310524,0.34098452042631233,0.5735692481837364,0.5312515900808503,0.17879143254291102,0.2313924890987824
2021-08-20 07:40:00,0.3891213389121339,0.3784860557768923,0.4221891288160833,0.363327977146938,0.6223711245763045,0.00033407572383073496,0.5,0.2693508121310524,0.34098452042631233,0.5735692481837364,0.5312515900808503,0.17879143254291102,0.28380886280308404
2021-08-20 07:50:00,0.3926080892608089,0.1633466135458166,0.4227848101265821,0.35797179075165153,0.6293596471712187,0.00033407572383073496,0.5,0.2693508121310524,0.34098452042631233,0.5735692481837364,0.5312515900808503,0.17879143254291102,0.26651779652066326
2021-08-20 08:00:00,0.399581589958159,-0.2589641434262948,0.4233804914370811,0.3586859489376897,0.6335867872426745,0.00022271714922048998,0.5,0.2819559452382292,0.34114543672971936,0.5393334928655008,0.5303517581828474,0.18438785726371296,0.2805271813751377
2021-08-20 08:10:00,0.42398884239888424,-0.14741035856573714,0.42189128816083366,0.3569005534725942,0.6335867872426745,0.00022271714922048998,0.5,0.2819559452382292,0.34114543672971936,0.5393334928655008,0.5303517581828474,0.18438785726371296,0.31375892089261737
2021-08-20 08:20:00,0.42538354253835425,-0.15537848605577698,0.42189128816083366,0.3547580789144795,0.6335867872426745,0.00022271714922048998,0.5,0.2819559452382292,0.34114543672971936,0.5393334928655008,0.5303517581828474,0.18438785726371296,0.3102207402266246
2021-08-20 08:30:00,0.40585774058577406,0.09163346613545809,0.42457185405807873,0.35582931619353686,0.6335867872426745,0.00022271714922048998,0.5,0.2819559452382292,0.34114543672971936,0.5393334928655008,0.5303517581828474,0.18438785726371296,0.28107790032741375
2021-08-20 08:40:00,0.3507670850767085,0.4262948207171313,0.4263588979895754,0.3540439207284414,0.6335867872426745,0.00022271714922048998,0.5,0.2819559452382292,0.34114543672971936,0.5393334928655008,0.5303517581828474,0.18438785726371296,0.2180545287203706
2021-08-20 08:50:00,0.3765690376569038,0.2669322709163344,0.43261355174981353,0.35725763256561316,0.640130347724804,0.00022271714922048998,0.5,0.2819559452382292,0.34114543672971936,0.5393334928655008,0.5303517581828474,0.18438785726371296,0.24865337900025652
2021-08-20 09:00:00,0.45536959553695955,0.25099601593625476,0.4400595681310495,0.3618996607748617,0.6464121657876485,0.00022271714922048998,0.5,0.2981439339235272,0.3285364949555625,0.49312306029872083,0.5554379920263618,0.21513568235531783,0.3764805286901942
2021-08-20 09:10:00,0.44839609483960946,-0.11553784860557781,0.4466120625465375,0.3683270844492055,0.6560704610592716,0.00022271714922048998,0.5,0.2981439339235272,0.3285364949555625,0.49312306029872083,0.5554379920263618,0.21513568235531783,0.3737118457383406
2021-08-20 09:20:00,0.48535564853556484,-0.0916334661354582,0.45316455696202507,0.3776111408677021,0.6560704610592716,0.00022271714922048998,0.5,0.2981439339235272,0.3285364949555625,0.49312306029872083,0.5554379920263618,0.21513568235531783,0.44362297629645275
2021-08-20 09:30:00,0.48465829846582986,-0.1872509960159363,0.4609084139985107,0.38939475093733256,0.6669065972176781,0.00022271714922048998,0.5,0.2981439339235272,0.3285364949555625,0.49312306029872083,0.5554379920263618,0.21513568235531783,0.43801016944037907
2021-08-20 09:40:00,0.49023709902370993,-0.059760956175298974,0.47222635889798936,0.4018925191930012,0.6673384722094986,0.00022271714922048998,0.5,0.2981439339235272,0.3285364949555625,0.49312306029872083,0.5554379920263618,0.21513568235531783,0.4656668225779682
2021-08-20 09:50:00,0.4839609483960949,0.027888446215139417,0.4781831720029781,0.41046241742545986,0.6659774116292156,0.00022271714922048998,0.5,0.2981439339235272,0.3285364949555625,0.49312306029872083,0.5554379920263618,0.21513568235531783,0.4501335304856888
2021-08-20 10:00:00,0.44142259414225943,0.1394422310756971,0.4853313477289649,0.4304588466345294,0.6709505175956342,0.00022271714922048998,0.5,0.5716457381589026,0.3181114172990788,0.3233067746514292,0.584590565584095,0.2678201700712656,0.3317440439368107
2021-08-20 10:10:00,0.4435146443514645,-0.09960159362549814,0.49456440804169755,0.4543831458668095,0.6775464265616208,0.00022271714922048998,0.5,0.5716457381589026,0.3181114172990788,0.3233067746514292,0.584590565584095,0.2678201700712656,0.32635755993783666
2021-08-20 10:20:00,0.4602510460251046,-0.03585657370517936,0.49962769918093786,0.4654525977504018,0.6850191726322127,0.00044543429844097997,0.5,0.5716457381589026,0.3181114172990788,0.3233067746514292,0.584590565584095,0.2678201700712656,0.3697059311676751
2021-08-20 10:30:00,0.4191073919107392,-0.08366533864541836,0.5052866716306774,0.4672379932154971,0.6881993430265276,0.00044543429844097997,0.5,0.5716457381589026,0.3181114172990788,0.3233067746514292,0.584590565584095,0.2678201700712656,0.308689288893583
2021-08-20 10:40:00,0.32566248256624825,-0.17131474103585675,0.5130305286671628,0.47473665416889843,0.6857258771642827,0.00033407572383073496,0.5,0.5716457381589026,0.3181114172990788,0.3233067746514292,0.584590565584095,0.2678201700712656,0.18894186520210632
2021-08-20 10:50:00,0.3089260808926081,-0.059760956175298974,0.5228592702903945,0.48080699875022326,0.688317127115206,0.00044543429844097997,0.5,0.5716457381589026,0.3181114172990788,0.3233067746514292,0.584590565584095,0.2678201700712656,0.1466798436863467
2021-08-20 11:00:00,0.32566248256624825,-0.03585657370517936,0.5320923306031271,0.49723263702910203,0.6918506497755559,0.00033407572383073496,0.5,0.5839088686865519,0.3170022442077328,0.29889416816085407,0.5001425850679998,0.3039147480956043,0.17916471777539722
2021-08-20 11:10:00,0.23291492329149233,-0.11553784860557781,0.5419210722263585,0.500803427959293,0.6922301762835195,0.00033407572383073496,0.5,0.5839088686865519,0.3170022442077328,0.29889416816085407,0.5001425850679998,0.3039147480956043,0.0939843384582887
2021-08-20 11:20:00,0.1799163179916318,-0.13147410358565736,0.5532390171258375,0.4993751115872165,0.696457316354975,0.000556792873051225,0.5,0.5839088686865519,0.3170022442077328,0.29889416816085407,0.5001425850679998,0.3039147480956043,0.05496627789429214
2021-08-20 11:30:00,0.19107391910739194,0.17928286852589648,0.5639612807148173,0.5150865916800571,0.6851762180837837,0.00033407572383073496,0.5,0.5839088686865519,0.3170022442077328,0.29889416816085407,0.5001425850679998,0.3039147480956043,0.047482535419527135
2021-08-20 11:40:00,0.12412831241283125,-0.17928286852589637,0.5749813849590466,0.5504374218889485,0.7321328081035454,0.028841870824053453,0.5,0.5839088686865519,0.3170022442077328,0.29889416816085407,0.5001425850679998,0.3039147480956043,0.004956470570484482
2021-08-20 11:50:00,0.1882845188284519,0.043824701195219085,0.5845122859270289,0.5357971790751652,0.6980539451126146,0.5071269487750557,0.5,0.5839088686865519,0.3170022442077328,0.29889416816085407,0.5001425850679998,0.3039147480956043,0.0
2021-08-20 12:00:00,0.16387726638772665,0.43426294820717115,0.6050632911392404,0.5597214783074451,0.7132088311892267,0.02427616926503341,0.5,0.5955449944850666,0.3063559066340625,0.2674211853392221,0.3960223065566451,0.3090235526555297,0.009596089141029317
2021-08-20 12:10:00,0.13668061366806136,0.7091633466135459,0.6265078183172001,0.6025709694697374,0.7185352894216801,0.9780623608017818,0.5,0.5955449944850666,0.3063559066340625,0.2674211853392221,0.3960223065566451,0.3090235526555297,0.0
2021-08-20 12:20:00,0.14086471408647142,0.6922785050275091,0.637825763216679,0.6079271558650241,0.7185352894216801,0.9993318485523385,0.5,0.5955449944850666,0.3063559066340625,0.2674211853392221,0.3960223065566451,0.3090235526555297,0.0
2021-08-20 12:30:00,0.08437935843793584,0.6753936634414723,0.6491437081161577,0.6182824495625783,0.7185352894216801,0.9993318485523385,0.5,0.5955449944850666,0.3063559066340625,0.2674211853392221,0.3960223065566451,0.3090235526555297,0.0
2021-08-20 12:40:00,0.08786610878661089,0.6585088218554356,0.6634400595681309,0.6286377432601322,0.7185352894216801,0.9993318485523385,0.5,0.5955449944850666,0.3063559066340625,0.2674211853392221,0.3960223065566451,0.3090235526555297,0.0
2021-08-20 12:50:00,0.08647140864714087,0.495731360273193,0.681012658227848,0.6361364042135333,0.7185352894216801,0.9993318485523385,0.5,0.5955449944850666,0.3063559066340625,0.2674211853392221,0.3960223065566451,0.3090235526555297,0.0
2021-08-20 13:00:00,0.09344490934449094,0.3329538986909504,0.6902457185405806,0.6432779860739153,0.7185352894216801,0.9993318485523385,0.5,0.7272962017835229,0.28981600944808694,0.15560460725856146,0.2879249392151981,0.28812312240032656,0.0
2021-08-20 13:10:00,0.09762900976290097,0.170176437108708,0.6991809381980638,0.6493483306552401,0.7185352894216801,0.9993318485523385,0.5,0.7272962017835229,0.28981600944808694,0.15560460725856146,0.2879249392151981,0.28812312240032656,0.0
2021-08-20 13:20:00,0.0801952580195258,0.007398975526465401,0.7078183172002976,0.6572040707016604,0.7185352894216801,0.9993318485523385,0.5,0.7272962017835229,0.28981600944808694,0.15560460725856146,0.2879249392151981,0.28812312240032656,0.0
2021-08-20 13:30:00,0.05718270571827057,-0.15537848605577698,0.7176470588235293,0.6611319407248706,0.7185352894216801,0.9993318485523385,0.5,0.7272962017835229,0.28981600944808694,0.15560460725856146,0.2879249392151981,0.28812312240032656,0.0
2021-08-20 13:40:00,0.09205020920502092,-0.23745019920318722,0.728965003723008,0.6711301553294053,0.7185352894216801,0.9993318485523385,0.5,0.7272962017835229,0.28981600944808694,0.15560460725856146,0.2879249392151981,0.28812312240032656,0.0
2021-08-20 13:50:00,0.08437935843793584,-0.3195219123505977,0.7319434102755025,0.6754151044456349,0.7185352894216801,0.9993318485523385,0.5,0.7272962017835229,0.28981600944808694,0.15560460725856146,0.2879249392151981,0.28812312240032656,0.0
2021-08-20 14:00:00,0.09135285913528592,-0.40159362549800803,0.7405807892777363,0.6714872344224245,0.7185352894216801,0.9993318485523385,0.5,0.7293970461836894,0.2702072084756912,0.14032870474463632,0.19426006907739612,0.25857088920977417,0.0
2021-08-20 14:10:00,0.0885634588563459,-0.4836653386454184,0.746537602382725,0.6714872344224245,0.7185352894216801,0.9993318485523385,0.5,0.7293970461836894,0.2702072084756912,0.14032870474463632,0.19426006907739612,0.25857088920977417,0.0
2021-08-20 14:20:00,0.11924686192468618,-0.5657370517928288,0.7468354430379744,0.6772004999107302,0.7185352894216801,0.9993318485523385,0.5,0.7293970461836894,0.2702072084756912,0.14032870474463632,0.19426006907739612,0.25857088920977417,0.0
2021-08-20 14:30:00,0.06903765690376569,-0.6478087649402391,0.7477289650037229,0.6793429744688448,0.7185352894216801,0.9993318485523385,0.5,0.7293970461836894,0.2702072084756912,0.14032870474463632,0.19426006907739612,0.25857088920977417,0.0
2021-08-20 14:40:00,0.09344490934449094,-0.7298804780876496,0.7536857781087116,0.6793429744688448,0.7185352894216801,0.9993318485523385,0.5,0.7293970461836894,0.2702072084756912,0.14032870474463632,0.19426006907739612,0.25857088920977417,0.0
2021-08-20 14:50:00,0.04184100418410042,-0.7298804780876496,0.7587490692479522,0.6821996072129977,0.7185352894216801,0.9993318485523385,0.5,0.7293970461836894,0.2702072084756912,0.14032870474463632,0.19426006907739612,0.25857088920977417,0.0
2021-08-20 15:00:00,0.060669456066945605,-0.7298804780876496,0.7736411020104241,0.689698268166399,0.7185352894216801,0.9993318485523385,0.5,0.7316689252267092,0.25893444672090005,0.13327390823501753,0.12381838386264875,0.2508182608320909,0.0
2021-08-20 15:10:00,0.0885634588563459,-0.7298804780876496,0.7816827997021591,0.6982681663988572,0.7185352894216801,0.9993318485523385,0.5,0.7316689252267092,0.25893444672090005,0.13327390823501753,0.12381838386264875,0.2508182608320909,0.0
2021-08-20 15:20:00,0.1094839609483961,-0.7298804780876496,0.7798957557706625,0.7004106409569719,0.7185352894216801,0.9993318485523385,0.5,0.7316689252267092,0.25893444672090005,0.13327390823501753,0.12381838386264875,0.2508182608320909,0.0
2021-08-20 15:30:00,0.06694560669456066,-0.7298804780876496,0.784363365599404,0.7004106409569719,0.7185352894216801,0.9993318485523385,0.5,0.7316689252267092,0.25893444672090005,0.13327390823501753,0.12381838386264875,0.2508182608320909,0.0
2021-08-20 15:40:00,0.0885634588563459,-0.7298804780876496,0.7989575577066268,0.7021960364220676,0.7185352894216801,0.9993318485523385,0.5,0.7316689252267092,0.25893444672090005,0.13327390823501753,0.12381838386264875,0.2508182608320909,0.0
2021-08-20 15:50:00,0.15202231520223153,-0.7298804780876496,0.8087862993298582,0.7071951437243349,0.7185352894216801,0.9993318485523385,0.5,0.7316689252267092,0.25893444672090005,0.13327390823501753,0.12381838386264875,0.2508182608320909,0.0
2021-08-20 16:00:00,0.16457461645746163,-0.7298804780876496,0.8144452717795978,0.7064809855382967,0.6122155187080394,0.9993318485523385,0.5,0.7726112100400802,0.24452381704965523,0.09482906534059676,0.056250691030982486,0.2869329151008598,0.0
2021-08-20 16:10:00,0.10181311018131102,-0.7298804780876496,0.8075949367088606,0.72504909837529,0.5635706900838884,0.9993318485523385,0.5,0.7726112100400802,0.24452381704965523,0.09482906534059676,0.056250691030982486,0.2869329151008598,0.0
2021-08-20 16:20:00,0.0801952580195258,-0.7298804780876496,0.8022338049143707,0.7393322620960543,0.5635706900838884,0.9993318485523385,0.5,0.7726112100400802,0.24452381704965523,0.09482906534059676,0.056250691030982486,0.2869329151008598,0.0
2021-08-20 16:30:00,0.04741980474198048,-0.7298804780876496,0.8108711839166043,0.7521871094447421,0.5635706900838884,0.9993318485523385,0.5,0.7726112100400802,0.24452381704965523,0.09482906534059676,0.056250691030982486,0.2869329151008598,0.0
2021-08-20 16:40:00,0.07531380753138076,-0.7298804780876496,0.8209977661950856,0.7664702731655062,0.5635706900838884,0.9993318485523385,0.5,0.7726112100400802,0.24452381704965523,0.09482906534059676,0.056250691030982486,0.2869329151008598,0.0
2021-08-20 16:50:00,0.07880055788005579,-0.7298804780876496,0.8209977661950856,0.7718264595607927,0.5635706900838884,0.9993318485523385,0.5,0.7726112100400802,0.24452381704965523,0.09482906534059676,0.056250691030982486,0.2869329151008598,0.0
2021-08-20 17:00:00,0.05230125523012552,0.5458167330677288,0.821295606850335,0.7718264595607927,0.5635706900838884,0.9993318485523385,0.5,0.7764300720793618,0.22711324772202773,0.09113167275311053,0.040897468615596975,0.522130300016443,0.0
2021-08-20 17:10:00,0.1317991631799163,0.5179282868525896,0.8221891288160832,0.7718264595607927,0.5635706900838884,0.9993318485523385,0.5,0.7764300720793618,0.22711324772202773,0.09113167275311053,0.040897468615596975,0.522130300016443,0.0
2021-08-20 17:20:00,0.12133891213389121,0.49003984063745,0.822784810126582,0.769683985002678,0.5635706900838884,0.9993318485523385,0.5,0.7764300720793618,0.22711324772202773,0.09113167275311053,0.040897468615596975,0.522130300016443,0.0
2021-08-20 17:30:00,0.16387726638772665,0.4621513944223108,0.8209977661950856,0.762542403142296,0.5294263914881364,0.9993318485523385,0.5,0.7764300720793618,0.22711324772202773,0.09113167275311053,0.040897468615596975,0.522130300016443,0.0
2021-08-20 17:40:00,0.12482566248256625,0.43426294820717115,0.815934475055845,0.7611140867702197,0.4931227179332819,0.9993318485523385,0.5,0.7764300720793618,0.22711324772202773,0.09113167275311053,0.040897468615596975,0.522130300016443,0.0
2021-08-20 17:50:00,0.06903765690376569,0.40637450199203173,0.8132539091586,0.7575432958400286,0.4931227179332819,0.9993318485523385,0.5,0.7764300720793618,0.22711324772202773,0.09113167275311053,0.040897468615596975,0.522130300016443,0.0
2021-08-20 18:00:00,0.15341701534170155,0.3784860557768923,0.8135517498138494,0.7511158721656848,0.4931227179332819,0.9993318485523385,0.5,0.6760207296121734,0.2277253043760619,0.22447076344765504,0.15177346586790436,0.7547563437202663,0.0
2021-08-20 18:10:00,0.1387726638772664,0.3505976095617529,0.8135517498138494,0.749330476700589,0.4931227179332819,0.9993318485523385,0.5,0.6760207296121734,0.2277253043760619,0.22447076344765504,0.15177346586790436,0.7547563437202663,0.0
2021-08-20 18:20:00,0.15829846582984658,0.3227091633466135,0.8096798212956067,0.7429030530262453,0.4931227179332819,0.9993318485523385,0.5,0.6760207296121734,0.2277253043760619,0.22447076344765504,0.15177346586790436,0.7547563437202663,0.0
2021-08-20 18:30:00,0.19595536959553697,0.29482071713147406,0.8061057334326134,0.7361185502588823,0.4454332491395218,0.8775055679287305,0.5,0.6760207296121734,0.2277253043760619,0.22447076344765504,0.15177346586790436,0.7547563437202663,0.0
2021-08-20 18:40:00,0.2482566248256625,0.2669322709163344,0.8007446016381234,0.7339760757007676,0.39986389394197175,0.0356347438752784,0.5,0.6760207296121734,0.2277253043760619,0.22447076344765504,0.15177346586790436,0.7547563437202663,0.06266125503568358
2021-08-20 18:50:00,0.24686192468619247,0.003984063745019917,0.8001489203276244,0.7257632565613283,0.4058708824645666,0.00033407572383073496,0.5,0.6760207296121734,0.2277253043760619,0.22447076344765504,0.15177346586790436,0.7547563437202663,0.09007649712569972
2021-08-20 19:00:00,0.197350069735007,-0.21912350597609564,0.8040208488458673,0.7354043920728441,0.40567457565010273,0.00033407572383073496,0.5,0.6852954233224144,0.22355010100371625,0.2198652549211172,0.27146163180606,0.7288298308126032,0.04850098827647601
2021-08-20 19:10:00,0.2196652719665272,-0.0916334661354582,0.7986597170513774,0.7536154258168184,0.3903364698799911,0.03652561247216036,0.5,0.6852954233224144,0.22355010100371625,0.2198652549211172,0.27146163180606,0.7288298308126032,0.0370037871358088
2021-08-20 19:20:00,0.39121338912133896,-0.15537848605577698,0.7587490692479522,0.7157650419567934,0.3617803719359778,0.00022271714922048998,0.5,0.6852954233224144,0.22355010100371625,0.2198652549211172,0.27146163180606,0.7288298308126032,0.2515201351901866
2021-08-20 19:30:00,0.4337517433751743,-0.1872509960159363,0.7376023827252418,0.6754151044456349,0.35603512583266805,0.00022271714922048998,0.5,0.6852954233224144,0.22355010100371625,0.2198652549211172,0.27146163180606,0.7288298308126032,0.34023115107805124
2021-08-20 19:40:00,0.46722454672245467,-0.02788844621513953,0.7221146686522708,0.6561328334226031,0.3633900878145817,0.00022271714922048998,0.5,0.6852954233224144,0.22355010100371625,0.2198652549211172,0.27146163180606,0.7288298308126032,0.39364334535359174
2021-08-20 19:50:00,0.5139470013947002,-0.298804780876494,0.7104988830975427,0.6479200142831638,0.36358639462904563,0.00022271714922048998,0.5,0.6852954233224144,0.22355010100371625,0.2198652549211172,0.27146163180606,0.7288298308126032,0.4834256227650618
2021-08-20 20:00:00,0.5362622036262203,0.03585657370517925,0.7057334326135516,0.6468487770041065,0.36358639462904563,0.00022271714922048998,0.5,0.709512267766607,0.22981434281494506,0.1978077135197932,0.3578314445943764,0.7370201321558678,0.5312400983750019
2021-08-20 20:10:00,0.504881450488145,-0.11553784860557781,0.7048399106478034,0.6482770933761828,0.36358639462904563,0.00022271714922048998,0.5,0.709512267766607,0.22981434281494506,0.1978077135197932,0.3578314445943764,0.7370201321558678,0.4823996258128763
2021-08-20 20:20:00,0.4581589958158996,-0.03585657370517936,0.7015636634400593,0.6522049633993929,0.3707450497964953,0.00022271714922048998,0.5,0.709512267766607,0.22981434281494506,0.1978077135197932,0.3578314445943764,0.7370201321558678,0.38683102735488933
2021-08-20 20:30:00,0.46582984658298465,0.31474103585657365,0.6953090096798211,0.655061596143546,0.3745141406342019,0.00022271714922048998,0.5,0.709512267766607,0.22981434281494506,0.1978077135197932,0.3578314445943764,0.7370201321558678,0.39134994040164767
2021-08-20 20:40:00,0.41562064156206413,-0.17928286852589637,0.6896500372300818,0.6568469916086412,0.3900485532187774,0.00033407572383073496,0.5,0.709512267766607,0.22981434281494506,0.1978077135197932,0.3578314445943764,0.7370201321558678,0.2879354828975361
2021-08-20 20:50:00,0.403068340306834,0.07569721115537842,0.6848845867460907,0.6575611497946796,0.3874573032678541,0.00022271714922048998,0.5,0.709512267766607,0.22981434281494506,0.1978077135197932,0.3578314445943764,0.7370201321558678,0.277849027566124
2021-08-20 21:00:00,0.43584379358437936,0.07569721115537842,0.6795234549516007,0.6525620424924121,0.3943803902579472,0.00033407572383073496,0.5,0.7073055273073419,0.23828831029260808,0.1946863106816678,0.3801630428388692,0.7601732684763177,0.3266216032711197
2021-08-20 21:10:00,0.3396094839609484,-0.09960159362549814,0.6783320923306031,0.6507766470273164,0.39867296593422413,0.00022271714922048998,0.5,0.7073055273073419,0.23828831029260808,0.1946863106816678,0.3801630428388692,0.7601732684763177,0.2072362961510026
2021-08-20 21:20:00,0.31520223152022314,0.21912350597609564,0.6777364110201041,0.6479200142831638,0.39867296593422413,0.00033407572383073496,0.5,0.7073055273073419,0.23828831029260808,0.1946863106816678,0.3801630428388692,0.7601732684763177,0.18212954720340388
2021-08-20 21:30:00,0.4072524407252441,0.17131474103585642,0.6738644825018612,0.6414925906088198,0.40792556045595535,0.00022271714922048998,0.5,0.7073055273073419,0.23828831029260808,0.1946863106816678,0.3801630428388692,0.7601732684763177,0.2782337764231936
2021-08-20 21:40:00,0.37377963737796377,0.05179282868525892,0.6720774385703647,0.6379217996786288,0.4110664694873775,0.00022271714922048998,0.5,0.7073055273073419,0.23828831029260808,0.1946863106816678,0.3801630428388692,0.7601732684763177,0.2364168565263968
2021-08-20 21:50:00,0.39609483960948394,0.38645418326693215,0.6717795979151151,0.635065166934476,0.4128986664223737,0.00022271714922048998,0.5,0.7073055273073419,0.23828831029260808,0.1946863106816678,0.3801630428388692,0.7601732684763177,0.25616729785596815
2021-08-20 22:00:00,0.32984658298465835,0.2589641434262948,0.6670141474311242,0.6304231387252275,0.4305531926031592,0.00033407572383073496,0.5,0.6037285418729694,0.25622185760631255,0.20459911709470874,0.39278533466112636,0.8344845810942981,0.18274816301280988
2021-08-20 22:10:00,0.41841004184100417,0.07569721115537842,0.6634400595681309,0.6289948223531512,0.46625485859365795,0.00022271714922048998,0.5,0.6037285418729694,0.25622185760631255,0.20459911709470874,0.39278533466112636,0.8344845810942981,0.2962867963245168
2021-08-20 22:20:00,0.36750348675034866,0.3306772908366533,0.6631422189128813,0.6243527941439027,0.48134430906544867,0.00033407572383073496,0.5,0.6037285418729694,0.25622185760631255,0.20459911709470874,0.39278533466112636,0.8344845810942981,0.22332030719555804
2021-08-20 22:30:00,0.3472803347280335,-0.07569721115537853,0.658078927773641,0.6193536868416356,0.4960149716663831,0.00022271714922048998,0.5,0.6037285418729694,0.25622185760631255,0.20459911709470874,0.39278533466112636,0.8344845810942981,0.19300813253466512
2021-08-20 22:40:00,0.3284518828451883,-0.3545816733067729,0.6515264333581532,0.6179253704695589,0.4920103126513199,0.00022271714922048998,0.5,0.6037285418729694,0.25622185760631255,0.20459911709470874,0.39278533466112636,0.8344845810942981,0.18223516453671712
2021-08-20 22:50:00,0.2510460251046025,0.24302788844621515,0.643186895011169,0.6089983931440812,0.48673620290272346,0.00033407572383073496,0.5,0.6037285418729694,0.25622185760631255,0.20459911709470874,0.39278533466112636,0.8344845810942981,0.1092611313125217
2021-08-20 23:00:00,0.3612273361227336,0.14741035856573692,0.6312732688011911,0.5990001785395467,0.49567470652131235,0.00022271714922048998,0.5,0.5748377622344967,0.2631728672124419,0.21268985817996117,0.4055573784733214,0.9203115335967167,0.2054709778656246
2021-08-20 23:10:00,0.44142259414225943,0.3705179282868525,0.6154877140729709,0.5854311730048205,0.5210768083129392,0.00022271714922048998,0.5,0.5748377622344967,0.2631728672124419,0.21268985817996117,0.4055573784733214,0.9203115335967167,0.35190186640916155
2021-08-20 23:20:00,0.3089260808926081,0.4581673306772909,0.6080416976917349,0.5779325120514194,0.5389538155501172,0.00022271714922048998,0.5,0.5748377622344967,0.2631728672124419,0.21268985817996117,0.4055573784733214,0.9203115335967167,0.16140591758830364
2021-08-20 23:30:00,0.3933054393305439,0.25099601593625476,0.6101265822784807,0.5754329584002855,0.5631388150920679,0.00022271714922048998,0.5,0.5748377622344967,0.2631728672124419,0.21268985817996117,0.4055573784733214,0.9203115335967167,0.23987959624002297
2021-08-20 23:40:00,0.3933054393305439,0.24302788844621515,0.6062546537602382,0.5729334047491519,0.5817748753451728,0.00022271714922048998,0.5,0.5748377622344967,0.2631728672124419,0.21268985817996117,0.4055573784733214,0.9203115335967167,0.2352022571932948
2021-08-20 23:50:00,0.398884239888424,-0.21912350597609564,0.5976172747580044,0.5640064274236742,0.5806886443051393,0.00022271714922048998,0.5,0.5748377622344967,0.2631728672124419,0.21268985817996117,0.4055573784733214,0.9203115335967167,0.23890640795449403
2021-08-21 00:00:00,0.398186889818689,-0.21912350597609564,0.591362620997766,0.5597214783074451,0.5733075080812973,0.00033407572383073496,0.5,0.5380076798823834,0.2704945590174906,0.23198209080220966,0.47328471394193067,0.994022548722434,0.2623383677595546
2021-08-21 00:10:00,0.3493723849372385,-0.13147410358565736,0.5848101265822783,0.5415104445634709,0.5733075080812973,0.00033407572383073496,0.5,0.5380076798823834,0.2704945590174906,0.23198209080220966,0.47328471394193067,0.994022548722434,0.19152194577304343
2021-08-21 00:20:00,0.34797768479776847,-0.31474103585657376,0.5782576321667907,0.5304409926798785,0.5733075080812973,0.00033407572383073496,0.5,0.5380076798823834,0.2704945590174906,0.23198209080220966,0.47328471394193067,0.994022548722434,0.18922099672586268
2021-08-21 00:30:00,0.28521617852161785,0.25099601593625476,0.5711094564408041,0.5218710944474201,0.5733075080812973,0.00033407572383073496,0.5,0.5380076798823834,0.2704945590174906,0.23198209080220966,0.47328471394193067,0.994022548722434,0.12744240083286812
2021-08-21 00:40:00,0.3110181311018131,-0.5378486055776892,0.5645569620253164,0.5093733261917515,0.5727840232427268,0.00022271714922048998,0.5,0.5380076798823834,0.2704945590174906,0.23198209080220966,0.47328471394193067,0.994022548722434,0.14068983206844005
2021-08-21 00:50:00,0.2796373779637378,0.24302788844621515,0.5603871928518243,0.5115158007498661,0.5594875083430396,0.00033407572383073496,0.5,0.5380076798823834,0.2704945590174906,0.23198209080220966,0.47328471394193067,0.994022548722434,0.12016989302472954
2021-08-21 01:00:00,0.29218967921896793,0.4581673306772909,0.5544303797468353,0.49366184609891084,0.5594875083430396,0.00033407572383073496,0.5,0.48196048125839863,0.283623605272308,0.31153208327579146,0.5732587771757305,0.02906763155207372,0.1362840804502316
2021-08-21 01:10:00,0.33333333333333337,0.09163346613545809,0.5484735666418465,0.48366363149437586,0.5594875083430396,0.00033407572383073496,0.5,0.48196048125839863,0.283623605272308,0.31153208327579146,0.5732587771757305,0.02906763155207372,0.17590566863316082
2021-08-21 01:20:00,0.31729428172942814,0.03585657370517925,0.5443037974683544,0.47759328691305103,0.5594875083430396,0.00033407572383073496,0.5,0.48196048125839863,0.283623605272308,0.31153208327579146,0.5732587771757305,0.02906763155207372,0.15888618977925978
2021-08-21 01:30:00,0.3507670850767085,-0.26693227091633476,0.5395383469843631,0.46938046777361175,0.5594875083430396,0.00022271714922048998,0.5,0.48196048125839863,0.283623605272308,0.31153208327579146,0.5732587771757305,0.02906763155207372,0.18022843520376602
2021-08-21 01:40:00,0.2873082287308229,-0.02788844621513953,0.5362620997766194,0.4683092304945544,0.5594875083430396,0.00022271714922048998,0.5,0.48196048125839863,0.283623605272308,0.31153208327579146,0.5732587771757305,0.02906763155207372,0.12726888664242497
2021-08-21 01:50:00,0.21199442119944212,-0.02788844621513953,0.5303052866716305,0.46295304409926796,0.5594875083430396,0.00022271714922048998,0.5,0.48196048125839863,0.283623605272308,0.31153208327579146,0.5732587771757305,0.02906763155207372,0.07246857884333932
2021-08-21 02:00:00,0.29497907949790797,-0.1872509960159363,0.5273268801191362,0.45831101589001966,0.5594875083430396,0.00022271714922048998,0.5,0.4503417857844463,0.29002577534359936,0.4240501970881702,0.5535835680393963,0.05063063178061974,0.12569971483320005
2021-08-21 02:10:00,0.28451882845188287,-0.06772908366533881,0.5240506329113923,0.45545438314586684,0.5594875083430396,0.00022271714922048998,0.5,0.4503417857844463,0.29002577534359936,0.4240501970881702,0.5535835680393963,0.05063063178061974,0.12121852226262506
2021-08-21 02:20:00,0.18410041841004185,0.5219123505976095,0.5172002978406551,0.4483128012854847,0.5594875083430396,0.00022271714922048998,0.5,0.4503417857844463,0.29002577534359936,0.4240501970881702,0.5535835680393963,0.05063063178061974,0.05887411922688113
2021-08-21 02:30:00,0.12203626220362622,0.593625498007968,0.5106478034251674,0.45688269951794314,0.5639894779547447,0.00033407572383073496,0.5,0.4503417857844463,0.29002577534359936,0.4240501970881702,0.5535835680393963,0.05063063178061974,0.02321318104319749
2021-08-21 02:40:00,0.09065550906555091,-0.6414342629482073,0.5029039463886817,0.462595965006249,0.5759249322741491,0.00044543429844097997,0.5,0.4503417857844463,0.29002577534359936,0.4240501970881702,0.5535835680393963,0.05063063178061974,0.001878479713927909
2021-08-21 02:50:00,0.0697350069735007,-0.9840637450199203,0.49873417721518964,0.4490269594715228,0.5672219968329166,0.7102449888641426,0.5,0.4503417857844463,0.29002577534359936,0.4240501970881702,0.5535835680393963,0.05063063178061974,0.0
2021-08-21 03:00:00,0.06485355648535565,-0.5856573705179284,0.5127326880119134,0.45973933226209596,0.5645522241562079,0.9995545657015591,0.5,0.416492002095908,0.2979566502972658,0.4857102675181982,0.46685158037080254,0.050989334665065146,0.0
2021-08-21 03:10:00,0.03626220362622037,0.6972111553784857,0.5145197319434103,0.4700946259596501,0.5645522241562079,0.9995545657015591,0.5,0.416492002095908,0.2979566502972658,0.4857102675181982,0.46685158037080254,0.050989334665065146,0.0
2021-08-21 03:20:00,0.07252440725244073,0.6716467463479412,0.5154132539091583,0.46795215140153545,0.5645522241562079,0.9995545657015591,0.5,0.416492002095908,0.2979566502972658,0.4857102675181982,0.46685158037080254,0.050989334665065146,0.0
2021-08-21 03:30:00,0.07461645746164575,0.6460823373173967,0.5163067758749067,0.45973933226209596,0.5645522241562079,0.9995545657015591,0.5,0.416492002095908,0.2979566502972658,0.4857102675181982,0.46685158037080254,0.050989334665065146,0.0
2021-08-21 03:40:00,0.1290097629009763,0.6205179282868525,0.5136262099776618,0.4490269594715228,0.5645522241562079,0.9995545657015591,0.5,0.416492002095908,0.2979566502972658,0.4857102675181982,0.46685158037080254,0.050989334665065146,0.0
2021-08-21 03:50:00,0.11924686192468618,0.594953519256308,0.5094564408041697,0.4400999821460454,0.5645522241562079,0.9995545657015591,0.5,0.416492002095908,0.2979566502972658,0.4857102675181982,0.46685158037080254,0.050989334665065146,0.0
2021-08-21 04:00:00,0.15760111576011157,0.5693891102257636,0.4993298585256887,0.4333154793786824,0.5645522241562079,0.9995545657015591,0.5,0.34831198346487224,0.3037266491765992,0.5593384208623436,0.3663819541343189,0.05588040547681604,0.0
2021-08-21 04:10:00,0.16596931659693165,0.5438247011952191,0.49754281459419203,0.42760221389037656,0.5645522241562079,0.9995545657015591,0.5,0.34831198346487224,0.3037266491765992,0.5593384208623436,0.3663819541343189,0.05588040547681604,0.0
2021-08-21 04:20:00,0.11785216178521618,0.5182602921646746,0.49635145197319397,0.42117479021603277,0.5645522241562079,0.9995545657015591,0.5,0.34831198346487224,0.3037266491765992,0.5593384208623436,0.3663819541343189,0.05588040547681604,0.0
2021-08-21 04:30:00,0.13807531380753138,0.49269588313413015,0.488905435591958,0.41439028744867,0.5645522241562079,0.9995545657015591,0.5,0.34831198346487224,0.3037266491765992,0.5593384208623436,0.3663819541343189,0.05588040547681604,0.0
2021-08-21 04:40:00,0.15341701534170155,0.4671314741035857,0.47907669396872654,0.40760578468130704,0.5645522241562079,0.9995545657015591,0.5,0.34831198346487224,0.3037266491765992,0.5593384208623436,0.3663819541343189,0.05588040547681604,0.0
2021-08-21 04:50:00,0.1589958158995816,0.441567065073041,0.48294862248696924,0.40689162649526867,0.4950465247150279,0.9995545657015591,0.5,0.34831198346487224,0.3037266491765992,0.5593384208623436,0.3663819541343189,0.05588040547681604,0.0
2021-08-21 05:00:00,0.10390516039051603,0.41600265604249653,0.4808637379002232,0.41546152472772735,0.4299904464016961,0.9995545657015591,0.5,0.28388578834863165,0.3091173453407553,0.5736412786059375,0.2476348733138044,0.06787563002266458,0.0
2021-08-21 05:10:00,0.10460251046025104,0.39043824701195207,0.4778853313477287,0.4051062310301732,0.4299904464016961,0.9995545657015591,0.5,0.28388578834863165,0.3091173453407553,0.5736412786059375,0.2476348733138044,0.06787563002266458,0.0
2021-08-21 05:20:00,0.06276150627615062,0.3648738379814076,0.4653760238272524,0.39760757007677205,0.4299904464016961,0.9995545657015591,0.5,0.28388578834863165,0.3091173453407553,0.5736412786059375,0.2476348733138044,0.06787563002266458,0.0
2021-08-21 05:30:00,0.056485355648535567,0.33930942895086313,0.4579300074460164,0.3951080164256384,0.4299904464016961,0.9995545657015591,0.5,0.28388578834863165,0.3091173453407553,0.5736412786059375,0.2476348733138044,0.06787563002266458,0.0
2021-08-21 05:40:00,0.11506276150627615,0.31374501992031845,0.45614296351451955,0.38939475093733256,0.4299904464016961,0.9995545657015591,0.5,0.28388578834863165,0.3091173453407553,0.5736412786059375,0.2476348733138044,0.06787563002266458,0.0
2021-08-21 05:50:00,0.14016736401673638,0.288180610889774,0.45346239761727447,0.38475272272808425,0.4299904464016961,0.9995545657015591,0.5,0.28388578834863165,0.3091173453407553,0.5736412786059375,0.2476348733138044,0.06787563002266458,0.0
2021-08-21 06:00:00,0.11297071129707113,0.26261620185922974,0.4540580789277735,0.3779682199607215,0.4299904464016961,0.9995545657015591,0.5,0.3096904399706093,0.33688115468941654,0.6437781123134358,0.19175316073485166,0.15562441040811298,0.0
2021-08-21 06:10:00,0.14016736401673638,0.23705179282868505,0.4385703648548025,0.36868416354222466,0.4299904464016961,0.9995545657015591,0.5,0.3096904399706093,0.33688115468941654,0.6437781123134358,0.19175316073485166,0.15562441040811298,0.0
2021-08-21 06:20:00,0.23709902370990238,0.21148738379814058,0.42963514519731927,0.35797179075165153,0.40066220832079147,0.9995545657015591,0.5,0.3096904399706093,0.33688115468941654,0.6437781123134358,0.19175316073485166,0.15562441040811298,0.0
2021-08-21 06:30:00,0.14783821478382148,0.18592297476759612,0.4344005956813102,0.37832529905374046,0.20847783696064703,0.7860801781737194,0.5,0.3096904399706093,0.33688115468941654,0.6437781123134358,0.19175316073485166,0.15562441040811298,0.0
2021-08-21 06:40:00,0.1394700139470014,0.16035856573705165,0.42546537602382717,0.3822531690769506,0.173116436115219,0.9993318485523385,0.5,0.3096904399706093,0.33688115468941654,0.6437781123134358,0.19175316073485166,0.15562441040811298,0.0
2021-08-21 06:50:00,0.12412831241283125,0.13479415670650718,0.42040208488458664,0.36725584717014814,0.173116436115219,0.9993318485523385,0.5,0.3096904399706093,0.33688115468941654,0.6437781123134358,0.19175316073485166,0.15562441040811298,0.0
2021-08-21 07:00:00,0.13668061366806136,0.10922974767596272,0.4174236783320924,0.35940010712372805,0.173116436115219,0.9993318485523385,0.5,0.26852839165065445,0.36353866445215244,0.718144450671018,0.22323294747985237,0.15977406592986598,0.0
2021-08-21 07:10:00,0.14365411436541145,0.08366533864541825,0.42040208488458664,0.3540439207284414,0.173116436115219,0.9993318485523385,0.5,0.26852839165065445,0.36353866445215244,0.718144450671018,0.22323294747985237,0.15977406592986598,0.0
2021-08-21 07:20:00,0.13807531380753138,0.29083665338645415,0.41712583767684275,0.3486877343331549,0.173116436115219,0.9993318485523385,0.5,0.26852839165065445,0.36353866445215244,0.718144450671018,0.22323294747985237,0.15977406592986598,0.0
2021-08-21 07:30:00,0.11785216178521618,0.49800796812749004,0.41772151898734156,0.34511694340296395,0.173116436115219,0.9993318485523385,0.5,0.26852839165065445,0.36353866445215244,0.718144450671018,0.22323294747985237,0.15977406592986598,0.0
2021-08-21 07:40:00,0.12273361227336123,0.16069057104913664,0.41712583767684275,0.34333154793786824,0.173116436115219,0.9993318485523385,0.5,0.26852839165065445,0.36353866445215244,0.718144450671018,0.22323294747985237,0.15977406592986598,0.0
2021-08-21 07:50:00,0.14504881450488147,-0.17662682602921664,0.4174236783320924,0.34297446884484906,0.173116436115219,0.9993318485523385,0.5,0.26852839165065445,0.36353866445215244,0.718144450671018,0.22323294747985237,0.15977406592986598,0.0
2021-08-21 08:00:00,0.20013947001394702,-0.5139442231075697,0.4239761727475799,0.3376182824495626,0.16010783787674548,0.62271714922049,0.5,0.27299066813909434,0.36879717936708317,0.6452695732210166,0.2708990763954166,0.12307620106741538,0.011112452283597628
2021-08-21 08:10:00,0.17642956764295675,-0.1633466135458168,0.42993298585256867,0.3618996607748617,0.15717632278075147,0.00022271714922048998,0.5,0.27299066813909434,0.36879717936708317,0.6452695732210166,0.2708990763954166,0.12307620106741538,0.04837273865745282
2021-08-21 08:20:00,0.16666666666666669,0.2669322709163344,0.44035740878629914,0.40724870558828763,0.17094397403515202,0.00022271714922048998,0.5,0.27299066813909434,0.36879717936708317,0.6452695732210166,0.2708990763954166,0.12307620106741538,0.05154880275208594
2021-08-21 08:30:00,0.14783821478382148,-0.4661354581673308,0.449590469099032,0.4368862703088734,0.15779141746607164,0.00044543429844097997,0.5,0.27299066813909434,0.36879717936708317,0.6452695732210166,0.2708990763954166,0.12307620106741538,0.030885525898878947
2021-08-21 08:40:00,0.12412831241283125,-0.7211155378486056,0.45941921072226344,0.4754508123549366,0.1454371752758111,0.00022271714922048998,0.5,0.27299066813909434,0.36879717936708317,0.6452695732210166,0.2708990763954166,0.12307620106741538,0.008328681141270727
2021-08-21 08:50:00,0.10251046025104603,-0.45019920318725104,0.47252419955323877,0.5190144617032673,0.13590975121383048,0.00022271714922048998,0.5,0.27299066813909434,0.36879717936708317,0.6452695732210166,0.2708990763954166,0.12307620106741538,0.0
2021-08-21 09:00:00,0.1087866108786611,0.394422310756972,0.4877140729709606,0.5847170148187824,0.1328604520291581,0.00022271714922048998,0.5,0.2943411814264649,0.3733057093679172,0.5652920903368018,0.26356757553763355,0.18353504702112505,0.0049715587609577986
2021-08-21 09:10:00,0.10181311018131102,0.7370517928286848,0.5055845122859268,0.6297089805391896,0.157961550038607,0.00623608017817372,0.5,0.2943411814264649,0.3733057093679172,0.5652920903368018,0.26356757553763355,0.18353504702112505,0.0009958205712388914
2021-08-21 09:20:00,0.09205020920502092,0.5537848605577689,0.5112434847356664,0.5954293876093555,0.18234285639502168,0.543207126948775,0.5,0.2943411814264649,0.3733057093679172,0.5652920903368018,0.26356757553763355,0.18353504702112505,0.0
2021-08-21 09:30:00,0.09623430962343095,0.5717131474103585,0.512434847356664,0.5682913765399038,0.18536598133776552,0.9993318485523385,0.5,0.2943411814264649,0.3733057093679172,0.5652920903368018,0.26356757553763355,0.18353504702112505,0.0
2021-08-21 09:40:00,0.09762900976290097,0.5896414342629481,0.5172002978406551,0.5532940546331013,0.18536598133776552,0.9993318485523385,0.5,0.2943411814264649,0.3733057093679172,0.5652920903368018,0.26356757553763355,0.18353504702112505,0.0
2021-08-21 09:50:00,0.09274755927475593,0.6075697211155378,0.5237527922561427,0.5429387609355474,0.18536598133776552,0.9993318485523385,0.5,0.2943411814264649,0.3733057093679172,0.5652920903368018,0.26356757553763355,0.18353504702112505,0.0
2021-08-21 10:00:00,0.08786610878661089,0.6254980079681274,0.5297096053611317,0.5368684163542226,0.18536598133776552,0.9993318485523385,0.5,0.5087993454789719,0.36718514282758813,0.4019482707435886,0.18678473796074316,0.31886547786154584,0.0
2021-08-21 10:10:00,0.10599721059972106,0.643426294820717,0.5371556217423676,0.5315122299589359,0.18536598133776552,0.9993318485523385,0.5,0.5087993454789719,0.36718514282758813,0.4019482707435886,0.18678473796074316,0.31886547786154584,0.0
2021-08-21 10:20:00,0.16736401673640167,0.6613545816733069,0.5466865227103499,0.5261560435636492,0.18536598133776552,0.9993318485523385,0.5,0.5087993454789719,0.36718514282758813,0.4019482707435886,0.18678473796074316,0.31886547786154584,0.0
2021-08-21 10:30:00,0.1792189679218968,0.6792828685258963,0.5562174236783319,0.5186573826102483,0.18764314038554658,0.9993318485523385,0.5,0.5087993454789719,0.36718514282758813,0.4019482707435886,0.18678473796074316,0.31886547786154584,0.0
2021-08-21 10:40:00,0.17433751743375175,0.6972111553784857,0.5633655994043185,0.5257989644706302,0.2459331771603565,0.3132516703786192,0.5,0.5087993454789719,0.36718514282758813,0.4019482707435886,0.18678473796074316,0.31886547786154584,0.005695791903676992
2021-08-21 10:50:00,0.12831241283124128,0.5258964143426292,0.5767684288905432,0.5711480092840564,0.2579864155684391,0.6464365256124721,0.5,0.5087993454789719,0.36718514282758813,0.4019482707435886,0.18678473796074316,0.31886547786154584,0.0
2021-08-21 11:00:00,0.09623430962343095,0.3545816733067728,0.5815338793745346,0.5865024102838778,0.2579864155684391,0.9993318485523385,0.5,0.5256305484948915,0.3688718905079495,0.3781461474439916,0.17452538948768045,0.5351889986584236,0.0
2021-08-21 11:10:00,0.09274755927475593,0.5458167330677288,0.5883842144452716,0.5925727548652027,0.2579864155684391,0.9993318485523385,0.5,0.5256305484948915,0.3688718905079495,0.3781461474439916,0.17452538948768045,0.5351889986584236,0.0
2021-08-21 11:20:00,0.058577405857740586,0.7370517928286848,0.5982129560685032,0.5979289412604893,0.2579864155684391,0.9993318485523385,0.5,0.5256305484948915,0.3688718905079495,0.3781461474439916,0.17452538948768045,0.5351889986584236,0.0
2021-08-21 11:30:00,0.08437935843793584,0.5947638019351165,0.6083395383469843,0.6054276022138905,0.2579864155684391,0.9993318485523385,0.5,0.5256305484948915,0.3688718905079495,0.3781461474439916,0.17452538948768045,0.5351889986584236,0.0
2021-08-21 11:40:00,0.198744769874477,0.4524758110415479,0.6137006701414742,0.6064988394929476,0.29554645273586266,0.8426503340757239,0.5,0.5256305484948915,0.3688718905079495,0.3781461474439916,0.17452538948768045,0.5351889986584236,0.0
2021-08-21 11:50:00,0.08716875871687588,0.3101878201479795,0.6169769173492181,0.6172112122835207,0.3468741411576867,0.9993318485523385,0.5,0.5256305484948915,0.3688718905079495,0.3781461474439916,0.17452538948768045,0.5351889986584236,0.0
2021-08-21 12:00:00,0.08716875871687588,0.16789982925441094,0.627103499627699,0.6329226923763613,0.3468741411576867,0.9993318485523385,0.5,0.555620645962625,0.3603375794165068,0.32746716560415456,0.32432613651819536,0.6811033315739586,0.0
2021-08-21 12:10:00,0.1506276150627615,0.025611838360842132,0.63723008190618,0.6461346188180683,0.3468741411576867,0.9993318485523385,0.5,0.555620645962625,0.3603375794165068,0.32746716560415456,0.32432613651819536,0.6811033315739586,0.0
2021-08-21 12:20:00,0.0801952580195258,-0.11667615253272634,0.6416976917349215,0.6543474379575076,0.3468741411576867,0.9993318485523385,0.5,0.555620645962625,0.3603375794165068,0.32746716560415456,0.32432613651819536,0.6811033315739586,0.0
2021-08-21 12:30:00,0.18410041841004185,-0.2589641434262948,0.6494415487714069,0.6639885734690234,0.3514808077371059,0.7986636971046771,0.5,0.555620645962625,0.3603375794165068,0.32746716560415456,0.32432613651819536,0.6811033315739586,0.0
2021-08-21 12:40:00,0.16457461645746163,0.36254980079681287,0.6553983618763959,0.6568469916086412,0.3700514323853895,0.2385300668151448,0.5,0.555620645962625,0.3603375794165068,0.32746716560415456,0.32432613651819536,0.6811033315739586,0.0
2021-08-21 12:50:00,0.29428172942817293,-0.0916334661354582,0.6619508562918837,0.6500624888412785,0.38353116697857637,0.0566815144766147,0.5,0.555620645962625,0.3603375794165068,0.32746716560415456,0.32432613651819536,0.6811033315739586,0.10591909712268209
2021-08-21 13:00:00,0.21478382147838215,0.5458167330677288,0.675651526433358,0.6364934833065523,0.3852586669458586,0.004008908685968819,0.5,0.6845218651181049,0.3369903478953017,0.21960490552538015,0.4702828302494037,0.720850680988059,0.056573170179700344
2021-08-21 13:10:00,0.2629009762900976,-0.5458167330677292,0.6530156366344004,0.6229244777718264,0.37990603447147664,0.0089086859688196,0.5,0.6845218651181049,0.3369903478953017,0.21960490552538015,0.4702828302494037,0.720850680988059,0.09979329179051556
2021-08-21 13:20:00,0.2719665271966527,0.5378486055776892,0.6339538346984361,0.5897161221210496,0.3717789323526718,0.011692650334075724,0.5,0.6845218651181049,0.3369903478953017,0.21960490552538015,0.4702828302494037,0.720850680988059,0.11012870226473738
2021-08-21 13:30:00,0.18549511854951187,0.019920318725099362,0.6318689501116901,0.5786466702374577,0.38629254950203507,0.023942093541202674,0.5,0.6845218651181049,0.3369903478953017,0.21960490552538015,0.4702828302494037,0.720850680988059,0.021221539900719708
2021-08-21 13:40:00,0.16108786610878661,0.5219123505976095,0.635740878629933,0.5822174611676485,0.3936998599678057,0.03864142538975501,0.5,0.6845218651181049,0.3369903478953017,0.21960490552538015,0.4702828302494037,0.720850680988059,0.00270078609472366
2021-08-21 13:50:00,0.4330543933054393,0.3306772908366533,0.637825763216679,0.5779325120514194,0.39865987881325987,0.05835189309576838,0.5,0.6845218651181049,0.3369903478953017,0.21960490552538015,0.4702828302494037,0.720850680988059,0.1945320397724701
2021-08-21 14:00:00,0.3472803347280335,-0.6414342629482073,0.6384214445271779,0.5679342974468844,0.38202614806768653,0.28819599109131405,0.5,0.6944316683582241,0.3174591315691929,0.20181364486998193,0.5736265483178872,0.7363675130529649,0.08223063807957512
2021-08-21 14:10:00,0.4302649930264993,0.29083665338645415,0.6437825763216678,0.5743617211212282,0.38896232217874394,0.00155902004454343,0.5,0.6944316683582241,0.3174591315691929,0.20181364486998193,0.5736265483178872,0.7363675130529649,0.3328077613651795
2021-08-21 14:20:00,0.402370990237099,0.47410358565737054,0.6405063291139239,0.5690055347259417,0.39100391304916826,0.2293986636971047,0.5,0.6944316683582241,0.3174591315691929,0.20181364486998193,0.5736265483178872,0.7363675130529649,0.16858035215836567
2021-08-21 14:30:00,0.40027894002789405,-0.4900398406374503,0.6473566641846609,0.5797179075165149,0.3924304092342726,0.21993318485523386,0.5,0.6944316683582241,0.3174591315691929,0.20181364486998193,0.5736265483178872,0.7363675130529649,0.19267619234425215
2021-08-21 14:40:00,0.33891213389121344,0.1633466135458166,0.6479523454951599,0.5807891447955722,0.3789899360039785,0.000556792873051225,0.5,0.6944316683582241,0.3174591315691929,0.20181364486998193,0.5736265483178872,0.7363675130529649,0.2659897098540972
2021-08-21 14:50:00,0.3577405857740586,-0.01195219123505975,0.6494415487714069,0.586859489376897,0.3618850689036918,0.00044543429844097997,0.5,0.6944316683582241,0.3174591315691929,0.20181364486998193,0.5736265483178872,0.7363675130529649,0.25407003938017714
2021-08-21 15:00:00,0.46234309623430964,-0.17131474103585675,0.6542069992553983,0.5918585966791645,0.35204355393856906,0.00022271714922048998,0.5,0.6972164845643569,0.2948044148537255,0.19369322927980867,0.6497779756691519,0.7475868620257291,0.3783061997374655
2021-08-21 15:10:00,0.398186889818689,0.1872509960159361,0.6562918838421443,0.597214783074451,0.35319522058342384,0.000779510022271715,0.5,0.6972164845643569,0.2948044148537255,0.19369322927980867,0.6497779756691519,0.7475868620257291,0.31506404936855925
2021-08-21 15:20:00,0.5864714086471409,0.19521912350597592,0.6634400595681309,0.6050705231208713,0.39537501145123083,0.013474387527839644,0.5,0.6972164845643569,0.2948044148537255,0.19369322927980867,0.6497779756691519,0.7475868620257291,0.6136367065497835
2021-08-21 15:30:00,0.3723849372384937,-0.45019920318725104,0.6699925539836187,0.6193536868416356,0.36916150815981996,0.03641425389755011,0.5,0.6972164845643569,0.2948044148537255,0.19369322927980867,0.6497779756691519,0.7475868620257291,0.21693800262534516
2021-08-21 15:40:00,0.45397489539748953,0.7450199203187249,0.6777364110201041,0.6332797714693803,0.39856826896651004,0.1973273942093541,0.5,0.6972164845643569,0.2948044148537255,0.19369322927980867,0.6497779756691519,0.7475868620257291,0.20393198243734628
2021-08-21 15:50:00,0.5076708507670851,-0.23505976095617542,0.6789277736411017,0.6332797714693803,0.39992932954679306,0.00111358574610245,0.5,0.6972164845643569,0.2948044148537255,0.19369322927980867,0.6497779756691519,0.7475868620257291,0.4489566516287702
2021-08-21 16:00:00,0.50697350069735,0.08366533864541825,0.6750558451228592,0.6293519014461701,0.39567601523340884,0.0008908685968819599,0.5,0.752441329414123,0.2804167732258252,0.14009790303969652,0.7170691553027831,0.7561189063423138,0.47126454124356865
2021-08-21 16:10:00,0.48465829846582986,-0.2270916334661356,0.6705882352941175,0.6289948223531512,0.365876640797791,0.0033407572383073497,0.5,0.752441329414123,0.2804167732258252,0.14009790303969652,0.7170691553027831,0.7561189063423138,0.44071095553510264
2021-08-21 16:20:00,0.49302649930264997,-0.043824701195219196,0.6726731198808635,0.6322085341903232,0.34974022064885946,0.011135857461024499,0.5,0.752441329414123,0.2804167732258252,0.14009790303969652,0.7170691553027831,0.7561189063423138,0.4390210782020913
2021-08-21 16:30:00,0.7029288702928871,0.06772908366533859,0.6819061801935962,0.6393501160507051,0.36142701966994284,0.08385300668151448,0.5,0.752441329414123,0.2804167732258252,0.14009790303969652,0.7170691553027831,0.7561189063423138,0.5294823241848605
2021-08-21 16:40:00,0.6555090655509066,0.14741035856573692,0.6884586746090839,0.6382788787716478,0.375835939851592,0.07884187082405346,0.5,0.752441329414123,0.2804167732258252,0.14009790303969652,0.7170691553027831,0.7561189063423138,0.3804260904989665
2021-08-21 16:50:00,0.5369595536959554,0.19521912350597592,0.6899478778853312,0.641849669701839,0.3680098415149652,0.03652561247216036,0.5,0.752441329414123,0.2804167732258252,0.14009790303969652,0.7170691553027831,0.7561189063423138,0.40256801001855846
2021-08-21 17:00:00,0.5543933054393305,0.24302788844621515,0.6899478778853312,0.6468487770041065,0.40797790893981234,0.06202672605790646,0.5,0.7543060339407708,0.2700003160855952,0.1210873245859487,0.7546471316607365,0.7675049717832886,0.3398539463162183
2021-08-21 17:10:00,0.6366806136680614,-0.12350597609561753,0.6896500372300818,0.6411355115158008,0.4173482875502218,0.10579064587973275,0.5,0.7543060339407708,0.2700003160855952,0.1210873245859487,0.7546471316607365,0.7675049717832886,0.27781885118517735
2021-08-21 17:20:00,0.6234309623430963,-0.42629482071713154,0.6956068503350705,0.6472058560971254,0.386842208582534,0.13051224944320713,0.5,0.7543060339407708,0.2700003160855952,0.1210873245859487,0.7546471316607365,0.7675049717832886,0.18906257072589286
2021-08-21 17:30:00,0.5669456066945607,0.17928286852589648,0.696500372300819,0.6482770933761828,0.4068655036578503,0.11146993318485524,0.5,0.7543060339407708,0.2700003160855952,0.1210873245859487,0.7546471316607365,0.7675049717832886,0.20605941729408392
2021-08-21 17:40:00,0.604602510460251,0.07569721115537842,0.6947133283693223,0.6411355115158008,0.4225177003311042,0.1042316258351893,0.5,0.7543060339407708,0.2700003160855952,0.1210873245859487,0.7546471316607365,0.7675049717832886,0.2846085368981698
2021-08-21 17:50:00,0.5739191073919108,0.03585657370517925,0.6959046909903199,0.6386359578646672,0.429375351716376,0.06737193763919821,0.5,0.7543060339407708,0.2700003160855952,0.1210873245859487,0.7546471316607365,0.7675049717832886,0.3522866152662312
2021-08-21 18:00:00,0.7119944211994422,-0.06772908366533881,0.6959046909903199,0.6436350651669345,0.4387980788106425,0.014587973273942095,0.5,0.6614531674261719,0.2598079923679685,0.17229283866694514,0.730126283001643,0.7710147497400224,0.8580352158365647
2021-08-21 18:10:00,0.5153417015341701,-0.02788844621513953,0.6950111690245717,0.6522049633993929,0.3957545379591943,0.01024498886414254,0.5,0.6614531674261719,0.2598079923679685,0.17229283866694514,0.730126283001643,0.7710147497400224,0.4655310288637084
2021-08-21 18:20:00,0.5523012552301255,0.003984063745019917,0.6959046909903199,0.6593465452597751,0.4224653518472471,0.00111358574610245,0.5,0.6614531674261719,0.2598079923679685,0.17229283866694514,0.730126283001643,0.7710147497400224,0.5678214161775578
2021-08-21 18:30:00,0.5920502092050209,0.12350597609561742,0.6959046909903199,0.6736297089805392,0.41749224588082867,0.0032293986636971047,0.5,0.6614531674261719,0.2598079923679685,0.17229283866694514,0.730126283001643,0.7710147497400224,0.6201548048342562
2021-08-21 18:40:00,0.6380753138075315,-0.10756972111553798,0.6932241250930751,0.6718443135154437,0.42620826844302523,0.004342984409799555,0.5,0.6614531674261719,0.2598079923679685,0.17229283866694514,0.730126283001643,0.7710147497400224,0.7444060533820179
2021-08-21 18:50:00,0.6380753138075315,0.027888446215139417,0.6899478778853312,0.6782717371897875,0.42864247294237734,0.0023385300668151447,0.5,0.6614531674261719,0.2598079923679685,0.17229283866694514,0.730126283001643,0.7710147497400224,0.736281062812137
2021-08-21 19:00:00,0.5034867503486751,-0.17928286852589637,0.6899478778853312,0.6829137653990358,0.42198112837156954,0.00044543429844097997,0.5,0.6539536251973253,0.2502478398423039,0.1608469763137848,0.7802596582228126,0.7838165474787089,0.4304660742037208
2021-08-21 19:10:00,0.612970711297071,0.07569721115537842,0.6893521965748324,0.6889841099803606,0.420436848097787,0.00378619153674833,0.5,0.6539536251973253,0.2502478398423039,0.1608469763137848,0.7802596582228126,0.7838165474787089,0.6919821355824796
2021-08-21 19:20:00,0.6101813110181311,0.03585657370517925,0.6866716306775873,0.6871987145152652,0.4365601811257542,0.0016703786191536749,0.5,0.6539536251973253,0.2502478398423039,0.1608469763137848,0.7802596582228126,0.7838165474787089,0.7035698658659867
2021-08-21 19:30:00,0.5425383542538355,0.1394422310756971,0.6816083395383468,0.6921978218175326,0.4344531546505085,0.0014476614699331849,0.5,0.6539536251973253,0.2502478398423039,0.1608469763137848,0.7802596582228126,0.7838165474787089,0.5926037690299802
2021-08-21 19:40:00,0.6408647140864714,-0.02788844621513953,0.6789277736411017,0.6936261381896089,0.44170341966470794,0.0022271714922049,0.5,0.6539536251973253,0.2502478398423039,0.1608469763137848,0.7802596582228126,0.7838165474787089,0.7736318783288321
2021-08-21 19:50:00,0.6596931659693167,0.10756972111553775,0.6759493670886074,0.6871987145152652,0.43955713182656947,0.018596881959910914,0.5,0.6539536251973253,0.2502478398423039,0.1608469763137848,0.7802596582228126,0.7838165474787089,0.8003455195618391
2021-08-21 20:00:00,0.6680613668061367,-0.003984063745020028,0.6693968726731196,0.686841635422246,0.43408671526350917,0.06926503340757238,0.5,0.6551750486871724,0.2671842807759598,0.1467099914438511,0.7878508654113706,0.8147047798496125,0.5820646679843686
2021-08-21 20:10:00,0.697350069735007,-0.043824701195219196,0.6652271034996275,0.6829137653990358,0.43322296527986803,0.061247216035634745,0.5,0.6551750486871724,0.2671842807759598,0.1467099914438511,0.7878508654113706,0.8147047798496125,0.6788855862516409
2021-08-21 20:20:00,0.696652719665272,0.12350597609561742,0.6586746090841398,0.6789858953758257,0.44073497271335277,0.01447661469933185,0.5,0.6551750486871724,0.2671842807759598,0.1467099914438511,0.7878508654113706,0.8147047798496125,0.863791360502135
2021-08-21 20:30:00,0.789400278940028,0.2350597609561753,0.6551005212211465,0.6682735225852527,0.44446480218816664,0.02494432071269488,0.5,0.6551750486871724,0.2671842807759598,0.1467099914438511,0.7878508654113706,0.8147047798496125,0.8958877136864977
2021-08-21 20:40:00,0.7845188284518828,0.19521912350597592,0.6524199553239014,0.6614890198178898,0.44446480218816664,0.01670378619153675,0.5,0.6551750486871724,0.2671842807759598,0.1467099914438511,0.7878508654113706,0.8147047798496125,0.9279841423118125
2021-08-21 20:50:00,0.7712691771269178,0.1872509960159361,0.6473566641846609,0.6593465452597751,0.44894059755794324,0.00824053452115813,0.5,0.6551750486871724,0.2671842807759598,0.1467099914438511,0.7878508654113706,0.8147047798496125,0.9600804200552228
2021-08-21 21:00:00,0.7329149232914923,-0.23505976095617542,0.6405063291139239,0.6682735225852527,0.4543586656371465,0.0022271714922049,0.5,0.6520237487338334,0.2799340243156041,0.14828768595547534,0.711363210306798,0.8446964240944509,0.9921767732395854
2021-08-21 21:10:00,0.7343096234309623,-0.3705179282868527,0.635145197319434,0.6782717371897875,0.4543586656371465,0.000556792873051225,0.5,0.6520237487338334,0.2799340243156041,0.14828768595547534,0.711363210306798,0.8446964240944509,0.9983025785717519
2021-08-21 21:20:00,0.7133891213389122,-0.33864541832669326,0.6288905435591956,0.6829137653990358,0.4543586656371465,0.000779510022271715,0.5,0.6520237487338334,0.2799340243156041,0.14828768595547534,0.711363210306798,0.8446964240944509,0.9495978997238862
2021-08-21 21:30:00,0.7496513249651325,-0.3705179282868527,0.6259121370067011,0.6864845563292268,0.4543586656371465,0.002561247216035635,0.5,0.6520237487338334,0.2799340243156041,0.14828768595547534,0.711363210306798,0.8446964240944509,0.9467839522006126
2021-08-21 21:40:00,0.703626220362622,-0.3784860557768924,0.6178704393149663,0.6882699517943225,0.4543586656371465,0.000779510022271715,0.5,0.6520237487338334,0.2799340243156041,0.14828768595547534,0.711363210306798,0.8446964240944509,0.943970004677339
2021-08-21 21:50:00,0.7203626220362622,-0.2270916334661356,0.6151898734177212,0.6871987145152652,0.4543586656371465,0.004120267260579065,0.5,0.6520237487338334,0.2799340243156041,0.14828768595547534,0.711363210306798,0.8446964240944509,0.975255367623761
2021-08-21 22:00:00,0.6687587168758717,0.05976095617529875,0.6086373790022337,0.6864845563292268,0.4594757299341718,0.00033407572383073496,0.5,0.5631202215445616,0.3087093075714006,0.19528715599925284,0.6616376208563449,0.8672820804270798,0.8776121429756929
2021-08-21 22:10:00,0.6101813110181311,0.2749003984063745,0.6032762472077438,0.6829137653990358,0.4642787033280548,0.00022271714922048998,0.5,0.5631202215445616,0.3087093075714006,0.19528715599925284,0.6616376208563449,0.8672820804270798,0.722218869291006
2021-08-21 22:20:00,0.5655509065550907,0.17928286852589648,0.5940431868950109,0.6854133190501694,0.4642787033280548,0.0013363028953229399,0.5,0.5631202215445616,0.3087093075714006,0.19528715599925284,0.6616376208563449,0.8672820804270798,0.609366748645835
2021-08-21 22:30:00,0.6624825662482566,0.2828685258964143,0.5877885331347725,0.6772004999107302,0.4681263168915471,0.00033407572383073496,0.5,0.5631202215445616,0.3087093075714006,0.19528715599925284,0.6616376208563449,0.8672820804270798,0.81135989860736
2021-08-21 22:40:00,0.6785216178521618,-0.3545816733067729,0.5848101265822783,0.6689876807712907,0.47415947965607047,0.00022271714922048998,0.5,0.5631202215445616,0.3087093075714006,0.19528715599925284,0.6616376208563449,0.8672820804270798,0.8852241350694812
2021-08-21 22:50:00,0.6429567642956765,-0.42629482071713154,0.5785554728220401,0.6675593643992144,0.47415947965607047,0.00022271714922048998,0.5,0.5631202215445616,0.3087093075714006,0.19528715599925284,0.6616376208563449,0.8672820804270798,0.7783469378517435
2021-08-21 23:00:00,0.6101813110181311,-0.31474103585657376,0.5749813849590466,0.6614890198178898,0.47415947965607047,0.00011135857461024499,0.5,0.4994349986642088,0.31133856502886387,0.23815426101161913,0.6103241938067131,0.8811379393514474,0.6893567904401225
2021-08-21 23:10:00,0.6520223152022315,-0.06772908366533881,0.5708116157855547,0.660060703445813,0.47415947965607047,0.00011135857461024499,0.5,0.4994349986642088,0.31133856502886387,0.23815426101161913,0.6103241938067131,0.8811379393514474,0.7678681895680252
2021-08-21 23:20:00,0.6269177126917713,-0.01195219123505975,0.5660461653015634,0.6500624888412785,0.47415947965607047,0.00011135857461024499,0.5,0.4994349986642088,0.31133856502886387,0.23815426101161913,0.6103241938067131,0.8811379393514474,0.6986812921526322
2021-08-21 23:30:00,0.6073919107391912,-0.01195219123505975,0.5624720774385703,0.6468487770041065,0.47415947965607047,0.00011135857461024499,0.5,0.4994349986642088,0.31133856502886387,0.23815426101161913,0.6103241938067131,0.8811379393514474,0.6502255684475761
2021-08-21 23:40:00,0.6596931659693167,-0.19521912350597614,0.5597915115413252,0.6425638278878771,0.47415947965607047,0.00022271714922048998,0.5,0.4994349986642088,0.31133856502886387,0.23815426101161913,0.6103241938067131,0.8811379393514474,0.8033329812755555
2021-08-21 23:50:00,0.6827057182705718,-0.1872509960159363,0.5559195830230825,0.6322085341903232,0.47415947965607047,0.00022271714922048998,0.5,0.4994349986642088,0.31133856502886387,0.23815426101161913,0.6103241938067131,0.8811379393514474,0.8712373825007166
2021-08-22 00:00:00,0.643305439330544,-0.12350597609561753,0.5501116902457184,0.6298875915015176,0.47415947965607047,0.00022271714922048998,0.5,0.4847371593106984,0.3205309088610297,0.26285917405707676,0.5328955711150396,0.8882241475628073,0.745854542299742
2021-08-22 00:10:00,0.603905160390516,-0.059760956175298974,0.5443037974683544,0.6275665059810749,0.47415947965607047,0.00022271714922048998,0.5,0.4847371593106984,0.3205309088610297,0.26285917405707676,0.5328955711150396,0.8882241475628073,0.6204716568341959
2021-08-22 00:20:00,0.5781032078103208,0.2589641434262948,0.543410275502606,0.6204249241206927,0.4753896690267108,0.00022271714922048998,0.5,0.4847371593106984,0.3205309088610297,0.26285917405707676,0.5328955711150396,0.8882241475628073,0.576625375318738
2021-08-22 00:30:00,0.4435146443514645,-0.19521912350597614,0.5443037974683544,0.615068737725406,0.48131813482352015,0.00033407572383073496,0.5,0.4847371593106984,0.3205309088610297,0.26285917405707676,0.5328955711150396,0.8882241475628073,0.3319552786034371
2021-08-22 00:40:00,0.31450488145048816,0.25099601593625476,0.53596425912137,0.6143545795393681,0.4774312598971352,0.00033407572383073496,0.5,0.4847371593106984,0.3205309088610297,0.26285917405707676,0.5328955711150396,0.8882241475628073,0.1630429862546585
2021-08-22 00:50:00,0.3507670850767085,-0.23505976095617542,0.5300074460163811,0.6057846813069094,0.48804491499914937,0.00022271714922048998,0.5,0.4847371593106984,0.3205309088610297,0.26285917405707676,0.5328955711150396,0.8882241475628073,0.19389079167735412
2021-08-22 01:00:00,0.28521617852161785,-0.2749003984063746,0.5350707371556216,0.5993572576325656,0.48804491499914937,0.00022271714922048998,0.5,0.396859606506921,0.33138988583562895,0.32282475416765105,0.42400216942427815,0.8918468787777196,0.12711046064245515
2021-08-22 01:10:00,0.2391910739191074,-0.5298804780876495,0.5326880119136261,0.5890019639350117,0.48390938477444345,0.00022271714922048998,0.5,0.396859606506921,0.33138988583562895,0.32282475416765105,0.42400216942427815,0.8918468787777196,0.08457685169817585
2021-08-22 01:20:00,0.14504881450488147,0.10756972111553775,0.5297096053611317,0.580432065702553,0.4742641766237845,0.00022271714922048998,0.5,0.396859606506921,0.33138988583562895,0.32282475416765105,0.42400216942427815,0.8918468787777196,0.028803355613561267
2021-08-22 01:30:00,0.09553695955369597,-0.6414342629482073,0.5252419955323901,0.5765041956793431,0.45367813534700496,0.15300668151447663,0.5,0.396859606506921,0.33138988583562895,0.32282475416765105,0.42400216942427815,0.8918468787777196,0.0
2021-08-22 01:40:00,0.10181311018131102,-0.36254980079681276,0.5258376768428887,0.5515086591680056,0.4335108819410818,0.9993318485523385,0.5,0.396859606506921,0.33138988583562895,0.32282475416765105,0.42400216942427815,0.8918468787777196,0.0
2021-08-22 01:50:00,0.13598326359832635,-0.08366533864541836,0.5443037974683544,0.5611497946795214,0.4335108819410818,0.9993318485523385,0.5,0.396859606506921,0.33138988583562895,0.32282475416765105,0.42400216942427815,0.8918468787777196,0.0
2021-08-22 02:00:00,0.19386331938633192,0.19521912350597592,0.5520476545048398,0.5579360828423494,0.4250304275562419,0.9634743875278396,0.5,0.3762175128401053,0.32538713301743866,0.3439448855673734,0.2889874243401373,0.8861043228944492,0.0
2021-08-22 02:10:00,0.20223152022315202,0.47410358565737054,0.5523454951600892,0.5693626138189607,0.3862532881391422,0.009910913140311804,0.5,0.3762175128401053,0.32538713301743866,0.3439448855673734,0.2889874243401373,0.8861043228944492,0.044600691039123674
2021-08-22 02:20:00,0.100418410041841,0.41035856573705165,0.5431124348473564,0.615068737725406,0.4035937234167855,0.00011135857461024499,0.5,0.3762175128401053,0.32538713301743866,0.3439448855673734,0.2889874243401373,0.8861043228944492,0.01027505771232856
2021-08-22 02:30:00,0.09553695955369597,0.43426294820717115,0.5088607594936707,0.580432065702553,0.40659067411760086,0.00011135857461024499,0.5,0.3762175128401053,0.32538713301743866,0.3439448855673734,0.2889874243401373,0.8861043228944492,0.0075742716176049
2021-08-22 02:40:00,0.07880055788005579,0.22709163346613526,0.49813849590469084,0.5629351901446169,0.40659067411760086,0.00044543429844097997,0.5,0.3762175128401053,0.32538713301743866,0.3439448855673734,0.2889874243401373,0.8861043228944492,0.0
2021-08-22 02:50:00,0.07461645746164575,-0.08366533864541836,0.4892032762472076,0.5340117836100697,0.40659067411760086,0.16213808463251672,0.5,0.3762175128401053,0.32538713301743866,0.3439448855673734,0.2889874243401373,0.8861043228944492,0.0
2021-08-22 03:00:00,0.07880055788005579,0.1633466135458166,0.4897989575577064,0.5022317443313695,0.40659067411760086,0.9995545657015591,0.5,0.3703709163727982,0.31725798618993417,0.35734799710407267,0.16715078204404718,0.8810828195708225,0.0
2021-08-22 03:10:00,0.08368200836820083,0.33466135458167323,0.4960536113179448,0.5197286198893054,0.40659067411760086,0.9995545657015591,0.5,0.3703709163727982,0.31725798618993417,0.35734799710407267,0.16715078204404718,0.8810828195708225,0.0
2021-08-22 03:20:00,0.05718270571827057,0.5059760956175297,0.49486224869694695,0.5225852526334585,0.40659067411760086,0.9995545657015591,0.5,0.3703709163727982,0.31725798618993417,0.35734799710407267,0.16715078204404718,0.8810828195708225,0.0
2021-08-22 03:30:00,0.06345885634588563,-0.031872509960159556,0.5040953090096798,0.5168719871451526,0.40659067411760086,0.9995545657015591,0.5,0.3703709163727982,0.31725798618993417,0.35734799710407267,0.16715078204404718,0.8810828195708225,0.0
2021-08-22 03:40:00,0.06485355648535565,-0.5697211155378487,0.49903201787043905,0.5061596143545797,0.40659067411760086,0.9995545657015591,0.5,0.3703709163727982,0.31725798618993417,0.35734799710407267,0.16715078204404718,0.8810828195708225,0.0
2021-08-22 03:50:00,0.059274755927475595,-0.4581673306772909,0.4966492926284436,0.4933047670058919,0.40659067411760086,0.9995545657015591,0.5,0.3703709163727982,0.31725798618993417,0.35734799710407267,0.16715078204404718,0.8810828195708225,0.0
2021-08-22 04:00:00,0.07043235704323571,-0.4438247011952192,0.49158600148920306,0.48402071058739504,0.40659067411760086,0.9995545657015591,0.5,0.28530266094283174,0.3082811552641179,0.40763322109015254,0.11695495290193504,0.89783136827252,0.0
2021-08-22 04:10:00,0.0899581589958159,-0.42948207171314745,0.48682055100521215,0.47652204963399414,0.40659067411760086,0.9995545657015591,0.5,0.28530266094283174,0.3082811552641179,0.40763322109015254,0.11695495290193504,0.89783136827252,0.0
2021-08-22 04:20:00,0.058577405857740586,-0.4151394422310758,0.4847356664184659,0.4690233886805928,0.40659067411760086,0.9995545657015591,0.5,0.28530266094283174,0.3082811552641179,0.40763322109015254,0.11695495290193504,0.89783136827252,0.0
2021-08-22 04:30:00,0.0397489539748954,-0.40079681274900403,0.4808637379002232,0.4654525977504018,0.40659067411760086,0.9995545657015591,0.5,0.28530266094283174,0.3082811552641179,0.40763322109015254,0.11695495290193504,0.89783136827252,0.0
2021-08-22 04:40:00,0.01603905160390516,-0.38645418326693237,0.47848101265822773,0.4590251740760578,0.40659067411760086,0.9995545657015591,0.5,0.28530266094283174,0.3082811552641179,0.40763322109015254,0.11695495290193504,0.89783136827252,0.0
2021-08-22 04:50:00,0.01882845188284519,-0.3721115537848606,0.47848101265822773,0.45545438314586684,0.40659067411760086,0.9995545657015591,0.5,0.28530266094283174,0.3082811552641179,0.40763322109015254,0.11695495290193504,0.89783136827252,0.0
2021-08-22 05:00:00,0.01882845188284519,-0.35776892430278895,0.4769918093819807,0.4497411176575612,0.40659067411760086,0.9995545657015591,0.5,0.28471634698286263,0.3020197869583098,0.41550761728055485,0.1595376147260785,0.9303637833746929,0.0
2021-08-22 05:10:00,0.018131101813110184,-0.3434262948207172,0.47222635889798936,0.4447420103552937,0.40659067411760086,0.9995545657015591,0.5,0.28471634698286263,0.3020197869583098,0.41550761728055485,0.1595376147260785,0.9303637833746929,0.0
2021-08-22 05:20:00,0.0299860529986053,-0.3290836653386454,0.4698436336559937,0.44188537761114066,0.40659067411760086,0.9995545657015591,0.5,0.28471634698286263,0.3020197869583098,0.41550761728055485,0.1595376147260785,0.9303637833746929,0.0
2021-08-22 05:30:00,0.05718270571827057,-0.31474103585657376,0.46448250186150397,0.4351008748437779,0.40659067411760086,0.9995545657015591,0.5,0.28471634698286263,0.3020197869583098,0.41550761728055485,0.1595376147260785,0.9303637833746929,0.0
2021-08-22 05:40:00,0.09414225941422595,-0.3003984063745021,0.457036485480268,0.42831637207641493,0.40659067411760086,0.9995545657015591,0.5,0.28471634698286263,0.3020197869583098,0.41550761728055485,0.1595376147260785,0.9303637833746929,0.0
2021-08-22 05:50:00,0.09762900976290097,-0.2860557768924302,0.45941921072226344,0.4240314229601856,0.40659067411760086,0.9995545657015591,0.5,0.28471634698286263,0.3020197869583098,0.41550761728055485,0.1595376147260785,0.9303637833746929,0.0
2021-08-22 06:00:00,0.10739191073919108,-0.27171314741035857,0.4609084139985107,0.417961078378861,0.40659067411760086,0.9995545657015591,0.5,0.25820324238724046,0.3300048562241578,0.4249983862902773,0.28165903352126637,0.01475375860577839,0.0
2021-08-22 06:10:00,0.12691771269177127,-0.2573705179282869,0.4609084139985107,0.41189073379753616,0.40659067411760086,0.9995545657015591,0.5,0.25820324238724046,0.3300048562241578,0.4249983862902773,0.28165903352126637,0.01475375860577839,0.0
2021-08-22 06:20:00,0.14783821478382148,-0.24302788844621515,0.4609084139985107,0.4029637564720585,0.40659067411760086,0.9995545657015591,0.5,0.25820324238724046,0.3300048562241578,0.4249983862902773,0.28165903352126637,0.01475375860577839,0.0
2021-08-22 06:30:00,0.13528591352859135,-0.2286852589641435,0.4591213700670138,0.3968934118907337,0.40659067411760086,0.9995545657015591,0.5,0.25820324238724046,0.3300048562241578,0.4249983862902773,0.28165903352126637,0.01475375860577839,0.0
2021-08-22 06:40:00,0.11157601115760113,-0.21434262948207183,0.4540580789277735,0.3968934118907337,0.40659067411760086,0.9995545657015591,0.5,0.25820324238724046,0.3300048562241578,0.4249983862902773,0.28165903352126637,0.01475375860577839,0.0
2021-08-22 06:50:00,0.15481171548117156,-0.20000000000000007,0.4516753536857778,0.3951080164256384,0.40659067411760086,0.9995545657015591,0.5,0.25820324238724046,0.3300048562241578,0.4249983862902773,0.28165903352126637,0.01475375860577839,0.0
2021-08-22 07:00:00,0.18967921896792192,-0.1856573705179284,0.4516753536857778,0.39260846277450456,0.4349504652471503,0.9795100222717149,0.5,0.2649536742263665,0.3308036907303599,0.47238400534039643,0.3266944401905069,0.03732187983245884,0.0
2021-08-22 07:10:00,0.15481171548117156,-0.17131474103585675,0.4537602382725241,0.4001071237279059,0.5141013728389892,0.10968819599109131,0.5,0.2649536742263665,0.3308036907303599,0.47238400534039643,0.3266944401905069,0.03732187983245884,0.0
2021-08-22 07:20:00,0.21617852161785217,0.5139442231075697,0.4620997766195085,0.3972504909837531,0.5114316001622803,0.6569042316258352,0.5,0.2649536742263665,0.3308036907303599,0.47238400534039643,0.3266944401905069,0.03732187983245884,0.011225613712147503
2021-08-22 07:30:00,0.2398884239888424,-0.07569721115537853,0.4737155621742366,0.41510444563470794,0.5244140241588253,0.00022271714922048998,0.5,0.2649536742263665,0.3308036907303599,0.47238400534039643,0.3266944401905069,0.03732187983245884,0.10052506902847141
2021-08-22 07:40:00,0.19804741980474197,0.19521912350597592,0.4897989575577064,0.4383145866809499,0.5332347436887359,0.00022271714922048998,0.5,0.2649536742263665,0.3308036907303599,0.47238400534039643,0.3266944401905069,0.03732187983245884,0.06506782141617756
2021-08-22 07:50:00,0.18270571827057183,-0.2828685258964144,0.5026061057334326,0.4700946259596501,0.5382601981390114,0.00022271714922048998,0.5,0.2649536742263665,0.3308036907303599,0.47238400534039643,0.3266944401905069,0.03732187983245884,0.059085353893507546
2021-08-22 08:00:00,0.16527196652719667,-0.553784860557769,0.4886075949367086,0.46295304409926796,0.5382601981390114,0.00022271714922048998,0.5,0.29539163697963744,0.32444462324033685,0.43853046779067095,0.29743680337057454,0.03105610673130186,0.040217571706625224
2021-08-22 08:10:00,0.12831241283124128,-0.17131474103585675,0.4737155621742366,0.4176039992858418,0.5382601981390114,0.00022271714922048998,0.5,0.29539163697963744,0.32444462324033685,0.43853046779067095,0.29743680337057454,0.03105610673130186,0.025378336376118412
2021-08-22 08:20:00,0.12761506276150628,0.043824701195219085,0.4698436336559937,0.4033208355650777,0.5382601981390114,0.00044543429844097997,0.5,0.29539163697963744,0.32444462324033685,0.43853046779067095,0.29743680337057454,0.03105610673130186,0.018483033329812756
2021-08-22 08:30:00,0.11785216178521618,0.38645418326693215,0.47133283693224115,0.3968934118907337,0.5386004632840821,0.00044543429844097997,0.5,0.29539163697963744,0.32444462324033685,0.43853046779067095,0.29743680337057454,0.03105610673130186,0.011783876759660214
2021-08-22 08:40:00,0.11715481171548117,0.2589641434262948,0.4746090841399848,0.4018925191930012,0.5547237963120493,0.00044543429844097997,0.5,0.29539163697963744,0.32444462324033685,0.43853046779067095,0.29743680337057454,0.03105610673130186,0.012862682378502348
2021-08-22 08:50:00,0.11854951185495119,0.6414342629482073,0.4695457930007445,0.39903588644884835,0.5629294211566397,0.00044543429844097997,0.5,0.29539163697963744,0.32444462324033685,0.43853046779067095,0.29743680337057454,0.03105610673130186,0.013353048568885133
2021-08-22 09:00:00,0.07252440725244073,0.6414342629482073,0.46299329858525673,0.40082128191394384,0.5853869207313083,0.12906458797327394,0.5,0.3238427228394951,0.33514843092236624,0.3772360024789625,0.24472403058594022,0.01302297543113027,0.0
2021-08-22 09:10:00,0.08716875871687588,0.6015936254980081,0.46746090841399823,0.40117836100696325,0.5876640797790893,0.9995545657015591,0.5,0.3238427228394951,0.33514843092236624,0.3772360024789625,0.24472403058594022,0.01302297543113027,0.0
2021-08-22 09:20:00,0.11366806136680613,0.394422310756972,0.48682055100521215,0.4229601856811285,0.5876640797790893,0.9995545657015591,0.5,0.3238427228394951,0.33514843092236624,0.3772360024789625,0.24472403058594022,0.01302297543113027,0.0
2021-08-22 09:30:00,0.10669456066945607,0.42800227660785417,0.49962769918093786,0.43545795393679687,0.5876640797790893,0.9995545657015591,0.5,0.3238427228394951,0.33514843092236624,0.3772360024789625,0.24472403058594022,0.01302297543113027,0.0
2021-08-22 09:40:00,0.1317991631799163,0.46158224245873636,0.510349962769918,0.43795750758793073,0.5876640797790893,0.9995545657015591,0.5,0.3238427228394951,0.33514843092236624,0.3772360024789625,0.24472403058594022,0.01302297543113027,0.0
2021-08-22 09:50:00,0.13737796373779637,0.49516220830961855,0.5255398361876396,0.4365291912158542,0.5876640797790893,0.9995545657015591,0.5,0.3238427228394951,0.33514843092236624,0.3772360024789625,0.24472403058594022,0.01302297543113027,0.0
2021-08-22 10:00:00,0.11087866108786612,0.528742174160501,0.5371556217423676,0.4372433494018926,0.5876640797790893,0.9995545657015591,0.5,0.5343678238743415,0.3231572928130765,0.24609827815587412,0.1635604590995829,0.9007525507561145,0.0
2021-08-22 10:10:00,0.10111576011157601,0.5623221400113829,0.5481757259865969,0.44402785216925555,0.5876640797790893,0.9995545657015591,0.5,0.5343678238743415,0.3231572928130765,0.24609827815587412,0.1635604590995829,0.9007525507561145,0.0
2021-08-22 10:20:00,0.1394700139470014,0.5959021058622651,0.5588979895755768,0.4475986430994465,0.5876640797790893,0.9995545657015591,0.5,0.5343678238743415,0.3231572928130765,0.24609827815587412,0.1635604590995829,0.9007525507561145,0.0
2021-08-22 10:30:00,0.12691771269177127,0.6294820717131473,0.5687267311988085,0.45331190858775217,0.5876640797790893,0.9995545657015591,0.5,0.5343678238743415,0.3231572928130765,0.24609827815587412,0.1635604590995829,0.9007525507561145,0.0
2021-08-22 10:40:00,0.1206415620641562,0.6630620375640297,0.5794489947877883,0.45688269951794314,0.5876640797790893,0.9995545657015591,0.5,0.5343678238743415,0.3231572928130765,0.24609827815587412,0.1635604590995829,0.9007525507561145,0.0
2021-08-22 10:50:00,0.12691771269177127,0.6966420034149119,0.5883842144452716,0.4640242813783253,0.5876640797790893,0.9995545657015591,0.5,0.5343678238743415,0.3231572928130765,0.24609827815587412,0.1635604590995829,0.9007525507561145,0.0
2021-08-22 11:00:00,0.14225941422594143,0.7302219692657939,0.596723752792256,0.4700946259596501,0.5876640797790893,0.9995545657015591,0.5,0.552648485452883,0.32435841807779614,0.23888597850475243,0.26286740994594426,0.730653195623175,0.0
2021-08-22 11:10:00,0.08368200836820083,0.763801935116676,0.6053611317944898,0.4768791287270131,0.5876640797790893,0.9995545657015591,0.5,0.552648485452883,0.32435841807779614,0.23888597850475243,0.26286740994594426,0.730653195623175,0.0
2021-08-22 11:20:00,0.1708507670850767,0.7434547524188957,0.6148920327624718,0.48437778968041423,0.5876640797790893,0.9995545657015591,0.5,0.552648485452883,0.32435841807779614,0.23888597850475243,0.26286740994594426,0.730653195623175,0.0
2021-08-22 11:30:00,0.11436541143654114,0.7231075697211153,0.621742367833209,0.49223352972683454,0.66113517687244,0.9995545657015591,0.5,0.552648485452883,0.32435841807779614,0.23888597850475243,0.26286740994594426,0.730653195623175,0.0
2021-08-22 11:40:00,0.07601115760111576,0.7027603870233352,0.6265078183172001,0.5118728798428851,0.6810406878590779,0.9995545657015591,0.5,0.552648485452883,0.32435841807779614,0.23888597850475243,0.26286740994594426,0.730653195623175,0.0
2021-08-22 11:50:00,0.11008168758716876,0.6824132043255549,0.6324220402084881,0.527074272451348,0.6339064794335894,0.8781419821826282,0.5,0.552648485452883,0.32435841807779614,0.23888597850475243,0.26286740994594426,0.730653195623175,0.011747233580276717
2021-08-22 12:00:00,0.14415223152022316,0.5002845759817871,0.6383363514519731,0.5422755579360827,0.5867722710081009,0.7567292316258352,0.5,0.5725903310060658,0.3191918553362433,0.23409367277416168,0.47376884935977515,0.7235024547207394,0.023494467914962958
2021-08-22 12:10:00,0.17822276150627614,0.31815594763801935,0.6442506031273267,0.5574770219603642,0.5396380625826125,0.635316592427617,0.5,0.5725903310060658,0.3191918553362433,0.23409367277416168,0.47376884935977515,0.7235024547207394,0.035241703004058725
2021-08-22 12:20:00,0.21229329149232914,0.1360273192942516,0.6501648250186147,0.5726783074450992,0.4925038803313659,0.5139038975501113,0.5,0.5725903310060658,0.3191918553362433,0.23409367277416168,0.47376884935977515,0.7235024547207394,0.046988935075516394
2021-08-22 12:30:00,0.24636383542538356,-0.04610130904951615,0.6560790469099032,0.5878797714693804,0.44536968499299834,0.3924912694877506,0.5,0.5725903310060658,0.3191918553362433,0.23409367277416168,0.47376884935977515,0.7235024547207394,0.05873616790138359
2021-08-22 12:40:00,0.2804343514644352,-0.228229937393284,0.6619934475055842,0.6030810569541152,0.3982354765675099,0.27107858574610244,0.5,0.5725903310060658,0.3191918553362433,0.23409367277416168,0.47376884935977515,0.7235024547207394,0.07048340299047935
2021-08-22 12:50:00,0.31450488145048816,-0.4103585657370519,0.6679076693968726,0.6182824495625783,0.35110128122914236,0.14966592427616926,0.5,0.5725903310060658,0.3191918553362433,0.23409367277416168,0.47376884935977515,0.7235024547207394,0.08223063807957512
2021-08-22 13:00:00,0.398186889818689,0.21912350597609564,0.6807148175725986,0.6011426530976611,0.3348732512334611,0.08652561247216035,0.5,0.6881943070945691,0.3092207915358033,0.17953100839927985,0.6623092265267463,0.7394156407561501,0.11237684264526156
2021-08-22 13:10:00,0.3688981868898187,0.17928286852589648,0.6872673119880861,0.5947152294233171,0.360628705291123,0.1354120267260579,0.5,0.6881943070945691,0.3092207915358033,0.17953100839927985,0.6623092265267463,0.7394156407561501,0.12723871026147834
2021-08-22 13:20:00,0.4693165969316597,-0.49800796812749004,0.691139240506329,0.6039992858418142,0.36061561817015875,0.48396436525612474,0.5,0.6881943070945691,0.3092207915358033,0.17953100839927985,0.6623092265267463,0.7394156407561501,0.05655053789399037
2021-08-22 13:30:00,0.710599721059972,-0.23824701195219122,0.6822040208488456,0.5961435457953936,0.34754158432686394,0.9995545657015591,0.5,0.6881943070945691,0.3092207915358033,0.17953100839927985,0.6623092265267463,0.7394156407561501,0.0
2021-08-22 13:40:00,0.6485355648535566,0.021513944223107595,0.6780342516753535,0.600428494911623,0.34754158432686394,0.9995545657015591,0.5,0.6881943070945691,0.3092207915358033,0.17953100839927985,0.6623092265267463,0.7394156407561501,0.0
2021-08-22 13:50:00,0.7168758716875872,0.2812749003984065,0.6863737900223379,0.6036422067487948,0.34754158432686394,0.9995545657015591,0.5,0.6881943070945691,0.3092207915358033,0.17953100839927985,0.6623092265267463,0.7394156407561501,0.0
2021-08-22 14:00:00,0.6422594142259415,0.541035856573705,0.6854802680565895,0.6079271558650241,0.34754158432686394,0.9995545657015591,0.5,0.680751731942554,0.28234202185588064,0.19693852951668478,0.8079834853288518,0.7528731950493084,0.0
2021-08-22 14:10:00,0.6297071129707112,0.8007968127490039,0.6869694713328367,0.6061417603999286,0.36701522032168143,0.5326280623608017,0.5,0.680751731942554,0.28234202185588064,0.19693852951668478,0.8079834853288518,0.7528731950493084,0.19963939224768773
2021-08-22 14:20:00,0.6764295676429567,-0.14741035856573714,0.6688011913626208,0.5697196929119801,0.3729175118765623,0.05111358574610245,0.5,0.680751731942554,0.28234202185588064,0.19693852951668478,0.8079834853288518,0.7528731950493084,0.5823966081747817
2021-08-22 14:30:00,0.7510460251046025,-0.019920318725099695,0.6551005212211465,0.549009105516872,0.3815811859549018,0.05423162583518931,0.5,0.680751731942554,0.28234202185588064,0.19693852951668478,0.8079834853288518,0.7528731950493084,0.7582494681412859
2021-08-22 14:40:00,0.6799163179916318,-0.003984063745020028,0.6571854058078928,0.5547223710051776,0.37651647014173356,0.046213808463251675,0.5,0.680751731942554,0.28234202185588064,0.19693852951668478,0.8079834853288518,0.7528731950493084,0.6451936569247251
2021-08-22 14:50:00,0.7266387726638772,0.20318725099601576,0.6631422189128813,0.5747188002142476,0.3860831555666069,0.055122494432071276,0.5,0.680751731942554,0.28234202185588064,0.19693852951668478,0.8079834853288518,0.7528731950493084,0.6978363534861264
2021-08-22 15:00:00,0.793584379358438,0.11553784860557759,0.6652271034996275,0.5818603820746295,0.3901663373074557,0.09788418708240534,0.5,0.6772177386405211,0.2746122922814772,0.209214770751134,0.9178654996795813,0.767083262558088,0.606582977503508
2021-08-22 15:10:00,0.9044630404463041,0.40239043824701204,0.6613551749813849,0.5850740939118015,0.42471633665309966,0.11503340757238308,0.5,0.6772177386405211,0.2746122922814772,0.209214770751134,0.9178654996795813,0.767083262558088,0.663231588635575
2021-08-22 15:20:00,0.9051603905160391,-0.17131474103585675,0.6479523454951599,0.5715050883770756,0.4534294800486841,0.10846325167037862,0.5,0.6772177386405211,0.2746122922814772,0.209214770751134,0.9178654996795813,0.767083262558088,0.7162665781492826
2021-08-22 15:30:00,0.7482566248256626,-0.10756972111553798,0.6443782576321666,0.5757900374933047,0.4278441585635576,0.05868596881959911,0.5,0.6772177386405211,0.2746122922814772,0.209214770751134,0.9178654996795813,0.767083262558088,0.7739713626144817
2021-08-22 15:40:00,0.7552301255230126,0.20318725099601576,0.6533134772896498,0.5857882520978397,0.4225177003311042,0.048775055679287305,0.5,0.6772177386405211,0.2746122922814772,0.209214770751134,0.9178654996795813,0.767083262558088,0.8417626024110928
2021-08-22 15:50:00,0.8612273361227336,-0.0916334661354582,0.6542069992553983,0.6000714158186038,0.42794885553127165,0.07783964365256126,0.5,0.6772177386405211,0.2746122922814772,0.209214770751134,0.9178654996795813,0.767083262558088,0.8452630626009023
2021-08-22 16:00:00,0.8389121338912133,-0.17928286852589637,0.6562918838421443,0.6125691840742724,0.4221643480650692,0.0809576837416481,0.5,0.6980389717509337,0.2562046165738053,0.19610130267272183,0.9858217484774123,0.7733295290522001,0.8735307874526609
2021-08-22 16:10:00,0.8730822873082287,-0.019920318725099695,0.6568875651526431,0.6125691840742724,0.4188009579772546,0.08485523385300668,0.5,0.6980389717509337,0.2562046165738053,0.19610130267272183,0.9858217484774123,0.7733295290522001,0.8382470540308102
2021-08-22 16:20:00,0.8235704323570433,-0.07569721115537853,0.6518242740134028,0.6111408677021961,0.43188807894151365,0.06670378619153676,0.5,0.6980389717509337,0.2562046165738053,0.19610130267272183,0.9858217484774123,0.7733295290522001,0.8314573683178178
2021-08-22 16:30:00,0.8410041841004184,-0.09960159362549814,0.6485480268056589,0.6193536868416356,0.4240358063629582,0.11024498886414255,0.5,0.6980389717509337,0.2562046165738053,0.19610130267272183,0.9858217484774123,0.7733295290522001,0.5833471641746005
2021-08-22 16:40:00,0.8744769874476986,0.2669322709163344,0.6494415487714069,0.6111408677021961,0.4360759576500766,0.1435412026726058,0.5,0.6980389717509337,0.2562046165738053,0.19610130267272183,0.9858217484774123,0.7733295290522001,0.46017472124568104
2021-08-22 16:50:00,0.8354253835425384,-0.3466135458167332,0.6443782576321666,0.6000714158186038,0.43830076821400055,0.2095768374164811,0.5,0.6980389717509337,0.2562046165738053,0.19610130267272183,0.9858217484774123,0.7733295290522001,0.3457006201246285
2021-08-22 17:00:00,0.796373779637378,0.01195219123505975,0.6336559940431867,0.576861274772362,0.4266139691929173,0.15356347438752785,0.5,0.6885036903525856,0.2549833767711576,0.18860138858929054,0.981732228124326,0.7818434263889233,0.30421564041824467
2021-08-22 17:10:00,0.8866806136680614,-0.21115537848605592,0.6265078183172001,0.5661489019817889,0.4250304275562419,0.2408685968819599,0.5,0.6885036903525856,0.2549833767711576,0.18860138858929054,0.9776426173631321,0.7818434263889233,0.3100623142266548
2021-08-22 17:20:00,0.9769874476987448,0.09960159362549792,0.6113179448994788,0.5290126763078022,0.43707057884336026,0.19877505567928733,0.5,0.6885036903525856,0.2549833767711576,0.18860138858929054,0.973553006601938,0.7818434263889233,0.3038308915611751
2021-08-22 17:30:00,0.9110181311018132,0.1872509960159361,0.6044676098287414,0.5161578289591144,0.4454070748975933,0.2326280623608018,0.5,0.6885036903525856,0.2549833767711576,0.18860138858929054,0.9694633958407439,0.7818434263889233,0.3097001976552952
2021-08-22 17:40:00,0.8450488145048815,0.14741035856573692,0.5994043186895008,0.4954472415640063,0.45167580583947337,0.24988864142538977,0.5,0.6885036903525856,0.2549833767711576,0.18860138858929054,0.9653737850795499,0.7818434263889233,0.32767023250901517
2021-08-22 17:50:00,0.7790794979079498,0.12350597609561742,0.5827252419955322,0.47259417961078376,0.456557301959142,0.1969933184855234,0.5,0.6885036903525856,0.2549833767711576,0.18860138858929054,0.9612841743183559,0.7818434263889233,0.46879007800594474
2021-08-22 18:00:00,0.7131101813110182,-0.42629482071713154,0.5773641102010423,0.4575968577039815,0.44459567339780925,0.16737193763919822,0.5,0.5632749131735699,0.2679055306358791,0.20212015460670693,0.9571946539652698,0.8127684617808624,0.5684702083679104
2021-08-22 18:10:00,0.6471408647140864,0.21912350597609564,0.5749813849590466,0.46973754686663094,0.43289578725576155,0.02806236080178174,0.5,0.5632749131735699,0.2679055306358791,0.20212015460670693,0.9571946539652698,0.8127684617808624,0.691401240249257
2021-08-22 18:20:00,0.6520223152022315,-0.02788844621513953,0.5624720774385703,0.4954472415640063,0.44446480218816664,0.012917594654788419,0.5,0.5632749131735699,0.2679055306358791,0.20212015460670693,0.9571946539652698,0.8127684617808624,0.7411092837635983
2021-08-22 18:30:00,0.8396094839609484,0.027888446215139417,0.5621742367833207,0.5022317443313695,0.44848254832419415,0.05200445434298441,0.5,0.5632749131735699,0.2679055306358791,0.20212015460670693,0.9571946539652698,0.8127684617808624,0.7854176411123014
2021-08-22 18:40:00,0.99302649930265,0.13147410358565725,0.5651526433358152,0.49223352972683454,0.4565703890801063,0.10144766146993318,0.5,0.5632749131735699,0.2679055306358791,0.20212015460670693,0.9571946539652698,0.8127684617808624,0.8297259984610046
2021-08-22 18:50:00,0.9318921199442121,-0.2270916334661356,0.5651526433358152,0.4943760042849492,0.4506550104042612,0.127728285077951,0.5,0.5632749131735699,0.2679055306358791,0.20212015460670693,0.9571946539652698,0.8127684617808624,0.8740343558097079
2021-08-22 19:00:00,0.870757810320781,-0.15537848605577698,0.5797468354430377,0.5018746652383501,0.42656162070906023,0.14888641425389754,0.5,0.5648872015190329,0.28091676316855774,0.18658009827333694,0.9082697639224991,0.816937727555877,0.9183427131584109
2021-08-22 19:10:00,0.809623430962343,0.11553784860557759,0.588682055100521,0.5197286198893054,0.43107667744172956,0.10189309576837417,0.5,0.5648872015190329,0.28091676316855774,0.18658009827333694,0.9082697639224991,0.816937727555877,0.6647554958733799
2021-08-22 19:20:00,0.6492329149232915,0.05179282868525892,0.5797468354430377,0.5511515800749867,0.4542408815484682,0.16659242761692653,0.5,0.5648872015190329,0.28091676316855774,0.18658009827333694,0.9082697639224991,0.816937727555877,0.16925177663442822
2021-08-22 19:30:00,0.695258019525802,-0.20318725099601598,0.5740878629932984,0.5675772183538654,0.4541100103388256,0.11659242761692651,0.5,0.5648872015190329,0.28091676316855774,0.18658009827333694,0.9082697639224991,0.816937727555877,0.38373794830785946
2021-08-22 19:40:00,0.7179218967921897,-0.01195219123505975,0.5731943410275502,0.5532940546331013,0.4291397835390192,0.17572383073496659,0.5,0.5648872015190329,0.28091676316855774,0.18658009827333694,0.9082697639224991,0.816937727555877,0.5130211083784721
2021-08-22 19:50:00,0.7405857740585774,-0.02788844621513953,0.5681310498883096,0.5240135690055348,0.44403292719634607,0.09053452115812918,0.5,0.5648872015190329,0.28091676316855774,0.18658009827333694,0.9082697639224991,0.816937727555877,0.5526200642756914
2021-08-22 20:00:00,0.7726638772663877,-0.13147410358565736,0.5642591213700667,0.5272272808427065,0.41555535197811827,0.10935412026726059,0.5,0.5794547303519451,0.29994511604651747,0.15861301871256528,0.8329273535248444,0.8200397032200226,0.5089548410459134
2021-08-22 20:10:00,0.5258019525801952,0.019920318725099362,0.5615785554728219,0.535440099982146,0.410032586931201,0.05423162583518931,0.5,0.5794547303519451,0.29994511604651747,0.15861301871256528,0.8329273535248444,0.8200397032200226,0.36566229612082624
2021-08-22 20:20:00,0.5125523012552301,-0.02788844621513953,0.5588979895755768,0.5500803427959293,0.4175707686066143,0.026280623608017816,0.5,0.5794547303519451,0.29994511604651747,0.15861301871256528,0.8329273535248444,0.8200397032200226,0.42560013277607617
2021-08-22 20:30:00,0.45258019525801957,-0.2509960159362551,0.558302308265078,0.5615068737725406,0.39434112889505446,0.007795100222717149,0.5,0.5794547303519451,0.29994511604651747,0.15861301871256528,0.8329273535248444,0.8200397032200226,0.3545045792658087
2021-08-22 20:40:00,0.3647140864714087,0.08366533864541825,0.5559195830230825,0.5647205856097126,0.39027103427516985,0.00111358574610245,0.5,0.5794547303519451,0.29994511604651747,0.15861301871256528,0.8329273535248444,0.8200397032200226,0.22701691386152062
2021-08-22 20:50:00,0.3486750348675035,-0.21912350597609564,0.5559195830230825,0.5647205856097126,0.40007328787739993,0.0006681514476614699,0.5,0.5794547303519451,0.29994511604651747,0.15861301871256528,0.8329273535248444,0.8200397032200226,0.2045279659610423
2021-08-22 21:00:00,0.4121338912133891,0.2828685258964143,0.5559195830230825,0.5586502410283878,0.423970370758137,0.0069042316258351895,0.5,0.5797315943477186,0.30206001603416155,0.14639498516084534,0.6418153719733101,0.824987176191195,0.30249558670428656
2021-08-22 21:10:00,0.5641562064156206,-0.059760956175298974,0.5559195830230825,0.5482949473308338,0.4466372642682336,0.007015590200445435,0.5,0.5797315943477186,0.30206001603416155,0.14639498516084534,0.6418153719733101,0.824987176191195,0.6268916818805921
2021-08-22 21:20:00,0.5955369595536959,-0.4820717131474104,0.5544303797468353,0.5482949473308338,0.43636387431129026,0.0028953229398663697,0.5,0.5797315943477186,0.30206001603416155,0.14639498516084534,0.6418153719733101,0.824987176191195,0.6035728835040813
2021-08-22 21:30:00,0.5683403068340307,0.10756972111553775,0.552941176470588,0.542224602749509,0.42656162070906023,0.0013363028953229399,0.5,0.5797315943477186,0.30206001603416155,0.14639498516084534,0.6418153719733101,0.824987176191195,0.5954101724580171
2021-08-22 21:40:00,0.39191073919107394,0.22709163346613526,0.5490692479523454,0.5304409926798785,0.4296370941356611,0.003006681514476615,0.5,0.5797315943477186,0.30206001603416155,0.14639498516084534,0.6418153719733101,0.824987176191195,0.2986556422288275
2021-08-22 21:50:00,0.47489539748953974,-0.0916334661354582,0.544899478778853,0.545438314586681,0.4278048972006648,0.006347438752783964,0.5,0.5797315943477186,0.30206001603416155,0.14639498516084534,0.6418153719733101,0.824987176191195,0.3951295321152134
2021-08-22 22:00:00,0.496513249651325,-0.20318725099601598,0.5425167535368576,0.535440099982146,0.42656162070906023,0.009354120267260579,0.5,0.48256303817294444,0.33101345662587234,0.20701568703390263,0.48387683745626103,0.8425982234169792,0.44341174162982633
2021-08-22 22:10:00,0.4511854951185495,0.10756972111553775,0.5380491437081161,0.5204427780753438,0.42656162070906023,0.005679287305122495,0.5,0.48256303817294444,0.33101345662587234,0.20701568703390263,0.48387683745626103,0.8425982234169792,0.373327096881271
2021-08-22 22:20:00,0.39121338912133896,0.12350597609561742,0.5356664184661204,0.514372433494019,0.42656162070906023,0.00044543429844097997,0.5,0.48256303817294444,0.33101345662587234,0.20701568703390263,0.48387683745626103,0.8425982234169792,0.26285891033088404
2021-08-22 22:30:00,0.36541143654114366,0.2111553784860556,0.5314966492926283,0.5068737725406176,0.42656162070906023,0.00044543429844097997,0.5,0.48256303817294444,0.33101345662587234,0.20701568703390263,0.48387683745626103,0.8425982234169792,0.2232976749098481
2021-08-22 22:40:00,0.3054393305439331,0.7689243027888444,0.5294117647058822,0.5004463488662738,0.4343877190456871,0.05389755011135858,0.5,0.48256303817294444,0.33101345662587234,0.20701568703390263,0.48387683745626103,0.8425982234169792,0.12628061016642272
2021-08-22 22:50:00,0.5341701534170153,0.4422310756972112,0.5246463142218911,0.5275843599357259,0.566528379421811,0.49654788418708246,0.5,0.48256303817294444,0.33101345662587234,0.20701568703390263,0.48387683745626103,0.8425982234169792,0.1465365058768502
2021-08-22 23:00:00,0.46722454672245467,0.11553784860557759,0.4972449739389424,0.5047312979825032,0.5891429244480506,0.000556792873051225,0.5,0.4347889733352057,0.3395075386414633,0.22960293102947582,0.32856314865852176,0.8828996546697284,0.39872052144786274
2021-08-22 23:10:00,0.4825662482566248,0.2111553784860556,0.46329113924050613,0.45866809498303884,0.5941422046563977,0.002561247216035635,0.5,0.4347889733352057,0.3395075386414633,0.22960293102947582,0.32856314865852176,0.8828996546697284,0.45019388324758214
2021-08-22 23:20:00,0.5502092050209205,-0.1394422310756973,0.4430379746835442,0.4251026602392429,0.5877033411419822,0.00033407572383073496,0.5,0.4347889733352057,0.3395075386414633,0.22960293102947582,0.32856314865852176,0.8828996546697284,0.6058964648369721
2021-08-22 23:30:00,0.5732217573221757,-0.05179282868525903,0.4272524199553238,0.40724870558828763,0.5957650076559657,0.00044543429844097997,0.5,0.4347889733352057,0.3395075386414633,0.22960293102947582,0.32856314865852176,0.8828996546697284,0.6474870618766692
2021-08-22 23:40:00,0.5146443514644351,0.1872509960159361,0.4147431124348473,0.3954650955186574,0.5970868068733559,0.00022271714922048998,0.5,0.4347889733352057,0.3395075386414633,0.22960293102947582,0.32856314865852176,0.8828996546697284,0.5301688368513964
2021-08-22 23:50:00,0.45327754532775455,-0.20318725099601598,0.4040208488458674,0.3858239600071418,0.6080930756042978,0.00022271714922048998,0.5,0.4347889733352057,0.3395075386414633,0.22960293102947582,0.32856314865852176,0.8828996546697284,0.3698341807866983
2021-08-23 00:00:00,0.4595536959553696,-0.1394422310756973,0.3953834698436334,0.37868237814675965,0.6081192498462262,0.00033407572383073496,0.5,0.3558848024313068,0.3458895941748309,0.2511178347959441,0.24255840380993565,0.9714033966000669,0.3989242120192525
2021-08-23 00:10:00,0.4476987447698745,-0.26693227091633476,0.3876396128071482,0.36868416354222466,0.6036958029603067,0.00022271714922048998,0.5,0.3558848024313068,0.3458895941748309,0.2511178347959441,0.24255840380993565,0.9714033966000669,0.3813615583083121
2021-08-23 00:20:00,0.3284518828451883,0.1633466135458166,0.3810871183916602,0.36225673986788065,0.5969821099056418,0.00022271714922048998,0.5,0.3558848024313068,0.3458895941748309,0.2511178347959441,0.24255840380993565,0.9714033966000669,0.1834497638698191
2021-08-23 00:30:00,0.3884239888423989,0.2111553784860556,0.3760238272524199,0.34833065524013573,0.5969821099056418,0.00022271714922048998,0.5,0.3558848024313068,0.3458895941748309,0.2511178347959441,0.24255840380993565,0.9714033966000669,0.2639075395687795
2021-08-23 00:40:00,0.37447698744769875,-0.33067729083665354,0.3685778108711839,0.3361899660774863,0.5963670152203218,0.00022271714922048998,0.5,0.3558848024313068,0.3458895941748309,0.2511178347959441,0.24255840380993565,0.9714033966000669,0.24294249890610617
2021-08-23 00:50:00,0.3633193863319386,0.043824701195219085,0.36291883842144435,0.3279771469380468,0.5868395911583411,0.00022271714922048998,0.5,0.3558848024313068,0.3458895941748309,0.2511178347959441,0.24255840380993565,0.9714033966000669,0.23355010033646664
2021-08-23 01:00:00,0.35704323570432356,0.2749003984063745,0.356664184661206,0.31297982503124455,0.6015233408802397,0.00022271714922048998,0.5,0.24039486055573556,0.3586278436928009,0.2956218565156526,0.3503900436406211,0.07588480446123194,0.21196644386438737
2021-08-23 01:10:00,0.39121338912133896,-0.13147410358565736,0.35160089352196544,0.30333868951972875,0.595320045543181,0.00022271714922048998,0.5,0.24039486055573556,0.3586278436928009,0.2956218565156526,0.3503900436406211,0.07588480446123194,0.2668044721396563
2021-08-23 01:20:00,0.3584379358437936,-0.3227091633466136,0.3459419210722261,0.2944117121942511,0.5902945910929054,0.00033407572383073496,0.5,0.24039486055573556,0.3586278436928009,0.2956218565156526,0.3503900436406211,0.07588480446123194,0.21449371576866785
2021-08-23 01:30:00,0.30822873082287305,-0.2270916334661356,0.34266567386448243,0.28548473486877346,0.5856617502715578,0.00022271714922048998,0.5,0.24039486055573556,0.3586278436928009,0.2956218565156526,0.3503900436406211,0.07588480446123194,0.15550643511323686
2021-08-23 01:40:00,0.33472803347280333,0.09960159362549792,0.33641102010424406,0.2765577575432958,0.5728101974846554,0.00033407572383073496,0.5,0.24039486055573556,0.3586278436928009,0.2956218565156526,0.3503900436406211,0.07588480446123194,0.18367608672691885
2021-08-23 01:50:00,0.2691771269177127,0.5059760956175297,0.33283693224125077,0.26477414747366557,0.5818272238290298,0.00022271714922048998,0.5,0.24039486055573556,0.3586278436928009,0.2956218565156526,0.3503900436406211,0.07588480446123194,0.12370052959548562
2021-08-23 02:00:00,0.2691771269177127,0.043824701195219085,0.3295606850335069,0.2590608819853597,0.5935140228501132,0.00022271714922048998,0.5,0.22961374120604106,0.3722712474174375,0.25577521029903155,0.49449746664701466,0.11474760204828055,0.11830650150127495
2021-08-23 02:10:00,0.25174337517433754,0.1872509960159361,0.3268801191362618,0.2515622210319586,0.5995602727356009,0.00022271714922048998,0.5,0.22961374120604106,0.3722712474174375,0.25577521029903155,0.49449746664701466,0.11474760204828055,0.1105436275027536
2021-08-23 02:20:00,0.301952580195258,0.22709163346613526,0.32509307520476516,0.24584895554365294,0.5995602727356009,0.00022271714922048998,0.5,0.22961374120604106,0.3722712474174375,0.25577521029903155,0.49449746664701466,0.11474760204828055,0.1518701812091676
2021-08-23 02:30:00,0.3103207810320781,-0.019920318725099695,0.31615785554728193,0.235493661846099,0.5995602727356009,0.00044543429844097997,0.5,0.22961374120604106,0.3722712474174375,0.25577521029903155,0.49449746664701466,0.11474760204828055,0.1496295849238801
2021-08-23 02:40:00,0.3493723849372385,-0.17131474103585675,0.31228592702903946,0.23227995000892698,0.5995602727356009,0.00022271714922048998,0.5,0.22961374120604106,0.3722712474174375,0.25577521029903155,0.49449746664701466,0.11474760204828055,0.2023250901519381
2021-08-23 02:50:00,0.31520223152022314,0.13147410358565725,0.30900967982129557,0.22156757721835385,0.5995602727356009,0.00022271714922048998,0.5,0.22961374120604106,0.3722712474174375,0.25577521029903155,0.49449746664701466,0.11474760204828055,0.16239419406430586
2021-08-23 03:00:00,0.3103207810320781,0.2669322709163344,0.30424422933730444,0.21371183717193376,0.6080145528785122,0.00033407572383073496,0.5,0.22532243265427554,0.37263905611094045,0.22743783349736743,0.5471226882199514,0.12781012726413038,0.17414789444301945
2021-08-23 03:10:00,0.22175732217573224,-0.15537848605577698,0.29709605361131786,0.20906980896268523,0.6107235869181138,0.00033407572383073496,0.5,0.22532243265427554,0.37263905611094045,0.22743783349736743,0.5471226882199514,0.12781012726413038,0.08926927893537728
2021-08-23 03:20:00,0.22594142259414227,0.5059760956175297,0.2911392405063289,0.20728441349758975,0.6138252345866433,0.00033407572383073496,0.5,0.22532243265427554,0.37263905611094045,0.22743783349736743,0.5471226882199514,0.12781012726413038,0.08324909093652398
2021-08-23 03:30:00,0.22594142259414227,0.043824701195219085,0.28518242740134014,0.20192822710230307,0.6298569577678605,0.00033407572383073496,0.5,0.22532243265427554,0.37263905611094045,0.22743783349736743,0.5471226882199514,0.12781012726413038,0.08553495179323144
2021-08-23 03:40:00,0.18200836820083682,0.4581673306772909,0.2792256142963514,0.1969291198000358,0.6254073366400126,0.00033407572383073496,0.5,0.22532243265427554,0.37263905611094045,0.22743783349736743,0.5471226882199514,0.12781012726413038,0.05651281741780708
2021-08-23 03:50:00,0.200836820083682,0.4183266932270917,0.2747580044676097,0.19014461703267282,0.6320948554527489,0.00033407572383073496,0.5,0.22532243265427554,0.37263905611094045,0.22743783349736743,0.5471226882199514,0.12781012726413038,0.07562955474749913
2021-08-23 04:00:00,0.20223152022315202,0.2828685258964143,0.2655249441548768,0.18050348152115703,0.639214249257306,0.00033407572383073496,0.5,0.14478159229650345,0.38398940251201863,0.2819344277138571,0.5344152410008561,0.13816656451729933,0.08201185931771203
2021-08-23 04:10:00,0.25732217573221755,0.13147410358565725,0.25480268056589694,0.16836279235850737,0.639214249257306,0.00033407572383073496,0.5,0.14478159229650345,0.38398940251201863,0.2819344277138571,0.5344152410008561,0.13816656451729933,0.13477526140289997
2021-08-23 04:20:00,0.29567642956764295,-0.01195219123505975,0.24944154877140723,0.15586502410283876,0.6392927719830914,0.00033407572383073496,0.5,0.14478159229650345,0.38398940251201863,0.2819344277138571,0.5344152410008561,0.13816656451729933,0.17593584501410747
2021-08-23 04:30:00,0.40027894002789405,-0.298804780876494,0.24556962025316453,0.15086591680057126,0.634319666016673,0.00033407572383073496,0.5,0.14478159229650345,0.38398940251201863,0.2819344277138571,0.5344152410008561,0.13816656451729933,0.2852573290885224
2021-08-23 04:40:00,0.40097629009762903,-0.01195219123505975,0.24318689501116886,0.14872344224245682,0.6280509350747928,0.00022271714922048998,0.5,0.14478159229650345,0.38398940251201863,0.2819344277138571,0.5344152410008561,0.13816656451729933,0.2911643556588258
2021-08-23 04:50:00,0.3284518828451883,-0.2828685258964144,0.23782576321667914,0.14372433494018932,0.6280509350747928,0.00022271714922048998,0.5,0.14478159229650345,0.38398940251201863,0.2819344277138571,0.5344152410008561,0.13816656451729933,0.18450593720295125
2021-08-23 05:00:00,0.3451882845188285,-0.11553784860557781,0.23574087862993265,0.142653097661132,0.6280509350747928,0.00022271714922048998,0.5,0.14294130223135482,0.39247486401135595,0.3011309156727927,0.5005763902921722,0.14847988105402316,0.19689334158154415
2021-08-23 05:10:00,0.2907949790794979,0.13147410358565725,0.23425167535368563,0.13801106945188346,0.6280509350747928,0.00022271714922048998,0.5,0.14294130223135482,0.39247486401135595,0.3011309156727927,0.5005763902921722,0.14847988105402316,0.13649531511685806
2021-08-23 05:20:00,0.300557880055788,0.11553784860557759,0.2291883842144451,0.13158364577753967,0.6280509350747928,0.00022271714922048998,0.5,0.14294130223135482,0.39247486401135595,0.3011309156727927,0.5005763902921722,0.14847988105402316,0.13775517902137996
2021-08-23 05:30:00,0.29707112970711297,-0.3705179282868527,0.22620997766195083,0.12765577575432951,0.6280509350747928,0.00022271714922048998,0.5,0.14294130223135482,0.39247486401135595,0.3011309156727927,0.5005763902921722,0.14847988105402316,0.15266231120901672
2021-08-23 05:40:00,0.25662482566248257,0.08366533864541825,0.22293373045420695,0.12122835207998572,0.6320817683317848,0.00022271714922048998,0.5,0.14294130223135482,0.39247486401135595,0.3011309156727927,0.5005763902921722,0.14847988105402316,0.1188949409297343
2021-08-23 05:50:00,0.3200836820083682,-0.13147410358565736,0.21667907669396835,0.1151580074986609,0.6348431508552433,0.00022271714922048998,0.5,0.14294130223135482,0.39247486401135595,0.3011309156727927,0.5005763902921722,0.14847988105402316,0.1885495722498001
2021-08-23 06:00:00,0.30264993026499304,0.298804780876494,0.21667907669396835,0.11158721656847015,0.6280509350747928,0.00022271714922048998,0.5,0.13452971977067762,0.4123307864496994,0.3405882425299824,0.4655970774654786,0.15491643811219324,0.1591879535887261
2021-08-23 06:10:00,0.32147838214783825,0.14741035856573692,0.21667907669396835,0.10515979289412614,0.6280509350747928,0.00022271714922048998,0.5,0.13452971977067762,0.4123307864496994,0.3405882425299824,0.4655970774654786,0.15491643811219324,0.17652428444256682
2021-08-23 06:20:00,0.3193863319386332,-0.06772908366533881,0.21667907669396835,0.10373147652204961,0.6168221852874587,0.00022271714922048998,0.5,0.13452971977067762,0.4123307864496994,0.3405882425299824,0.4655970774654786,0.15491643811219324,0.16384266034974426
2021-08-23 06:30:00,0.2608089260808926,-0.10756972111553798,0.21578555472822036,0.10051776468487783,0.6228946094148748,0.00022271714922048998,0.5,0.13452971977067762,0.4123307864496994,0.3405882425299824,0.4655970774654786,0.15491643811219324,0.11328213407366054
2021-08-23 06:40:00,0.19316596931659694,0.43426294820717115,0.21161578555472804,0.09694697375468664,0.624268757116122,0.00022271714922048998,0.5,0.13452971977067762,0.4123307864496994,0.3405882425299824,0.4655970774654786,0.15491643811219324,0.0687870603678501
2021-08-23 06:50:00,0.15829846582984658,0.07569721115537842,0.20357408786299303,0.1008748437778968,0.6418316734501578,0.00033407572383073496,0.5,0.13452971977067762,0.4123307864496994,0.3405882425299824,0.4655970774654786,0.15491643811219324,0.04734674170526729
2021-08-23 07:00:00,0.16875871687587168,-0.15537848605577698,0.19791511541325368,0.09837529012676294,0.6418316734501578,0.00033407572383073496,0.5,0.13319429542098749,0.4383302634717122,0.3535693166633632,0.4698363678901243,0.16716684659089548,0.06438885284487832
2021-08-23 07:10:00,0.32914923291492326,0.298804780876494,0.19314966492926278,0.09016247098732366,0.6461242491264347,0.00022271714922048998,0.5,0.13319429542098749,0.4383302634717122,0.3535693166633632,0.4698363678901243,0.16716684659089548,0.1901564645352083
2021-08-23 07:20:00,0.28591352859135283,-0.4103585657370519,0.1910647803425165,0.0815925727548652,0.6495399876981064,0.00022271714922048998,0.5,0.13319429542098749,0.4383302634717122,0.3535693166633632,0.4698363678901243,0.16716684659089548,0.1498257314000332
2021-08-23 07:30:00,0.3242677824267783,0.20318725099601576,0.19225614296351434,0.07945009819675053,0.6417924120872649,0.00033407572383073496,0.5,0.13319429542098749,0.4383302634717122,0.3535693166633632,0.4698363678901243,0.16716684659089548,0.19733844320050695
2021-08-23 07:40:00,0.4546722454672245,-0.05179282868525903,0.19463886820551002,0.07837886091769342,0.6514507073588881,0.00022271714922048998,0.5,0.13319429542098749,0.4383302634717122,0.3535693166633632,0.4698363678901243,0.16716684659089548,0.36517947402568013
2021-08-23 07:50:00,0.50278940027894,0.20318725099601576,0.20029784065524936,0.0815925727548652,0.6530473361165278,0.00022271714922048998,0.5,0.13319429542098749,0.4383302634717122,0.3535693166633632,0.4698363678901243,0.16716684659089548,0.44638411515306975
2021-08-23 08:00:00,0.4839609483960949,-0.05179282868525903,0.202084884586746,0.08766291733619003,0.6530473361165278,0.00022271714922048998,0.5,0.14576687591283233,0.44835592387509476,0.3488783354175235,0.4486620295900902,0.18075556503262968,0.42410640191921783
2021-08-23 08:10:00,0.4107391910739191,-0.20318725099601598,0.20476545048399108,0.09837529012676294,0.6530473361165278,0.00033407572383073496,0.5,0.14576687591283233,0.44835592387509476,0.3488783354175235,0.4486620295900902,0.18075556503262968,0.312287822321469
2021-08-23 08:20:00,0.40376569037656906,0.10756972111553775,0.21250930752047625,0.10623103017318325,0.6530473361165278,0.00022271714922048998,0.5,0.14576687591283233,0.44835592387509476,0.3488783354175235,0.4486620295900902,0.18075556503262968,0.3026540127042564
2021-08-23 08:30:00,0.41143654114365413,0.1633466135458166,0.21816827997021582,0.11265845384752704,0.6530473361165278,0.00044543429844097997,0.5,0.14576687591283233,0.44835592387509476,0.3488783354175235,0.4486620295900902,0.18075556503262968,0.3112241048931002
2021-08-23 08:40:00,0.41562064156206413,-0.10756972111553798,0.2253164556962024,0.11801464024281394,0.6530473361165278,0.00033407572383073496,0.5,0.14576687591283233,0.44835592387509476,0.3488783354175235,0.4486620295900902,0.18075556503262968,0.33691929326915826
2021-08-23 08:50:00,0.4260808926080893,0.01195219123505975,0.23157110945644055,0.12658453847527218,0.6530473361165278,0.00022271714922048998,0.5,0.14576687591283233,0.44835592387509476,0.3488783354175235,0.4486620295900902,0.18075556503262968,0.3310499871750381
2021-08-23 09:00:00,0.4225941422594142,0.03585657370517925,0.23663440059568108,0.1312265666845207,0.6530473361165278,0.00022271714922048998,0.5,0.15993540173629506,0.4541230492490117,0.34516509106458815,0.47557212948009736,0.20788593791958787,0.3369117491739216
2021-08-23 09:10:00,0.39191073919107394,-0.13147410358565736,0.24288905435591945,0.1362256739867882,0.6495007263352135,0.00022271714922048998,0.5,0.15993540173629506,0.4541230492490117,0.34516509106458815,0.47557212948009736,0.20788593791958787,0.30543778384658327
2021-08-23 09:20:00,0.3486750348675035,-0.01195219123505975,0.24944154877140723,0.14443849312622747,0.644579968852652,0.00022271714922048998,0.5,0.15993540173629506,0.4541230492490117,0.34516509106458815,0.47557212948009736,0.20788593791958787,0.24047557976371894
2021-08-23 09:30:00,0.3765690376569038,0.019920318725099362,0.25807892777364083,0.1555079450098198,0.6414128855793014,0.00022271714922048998,0.5,0.15993540173629506,0.4541230492490117,0.34516509106458815,0.47557212948009736,0.20788593791958787,0.26437527347345235
2021-08-23 09:40:00,0.4337517433751743,0.07569721115537842,0.2679076693968725,0.16193536868416358,0.6469879991100758,0.00022271714922048998,0.5,0.15993540173629506,0.4541230492490117,0.34516509106458815,0.47557212948009736,0.20788593791958787,0.3654736937399098
2021-08-23 09:50:00,0.39400278940027894,0.06772908366533859,0.27386448250186124,0.17264774147473672,0.6388085485074139,0.00033407572383073496,0.5,0.15993540173629506,0.4541230492490117,0.34516509106458815,0.47557212948009736,0.20788593791958787,0.277539719661421
2021-08-23 10:00:00,0.3849372384937238,0.019920318725099362,0.2813104988830972,0.18264595607927148,0.6355629425082776,0.00033407572383073496,0.5,0.37257765683206356,0.45293629151137865,0.20052800328499307,0.44509200326585113,0.24044981367773835,0.2725681609004632
2021-08-23 10:10:00,0.3765690376569038,0.2111553784860556,0.2908413998510797,0.18336011426530985,0.638363586394629,0.00022271714922048998,0.5,0.37257765683206356,0.45293629151137865,0.20052800328499307,0.44509200326585113,0.24044981367773835,0.2715270757578044
2021-08-23 10:20:00,0.3933054393305439,-0.0916334661354582,0.2985852568875649,0.1922870915907875,0.6447501014251874,0.00022271714922048998,0.5,0.37257765683206356,0.45293629151137865,0.20052800328499307,0.44509200326585113,0.24044981367773835,0.2863587669930745
2021-08-23 10:30:00,0.35564853556485354,0.05976095617529875,0.3066269545792999,0.20228530619532248,0.645234324900865,0.00022271714922048998,0.5,0.37257765683206356,0.45293629151137865,0.20052800328499307,0.44509200326585113,0.24044981367773835,0.23472697919338534
2021-08-23 10:40:00,0.3682008368200837,-0.043824701195219196,0.31586001489203275,0.21371183717193376,0.6385337189671644,0.00022271714922048998,0.5,0.37257765683206356,0.45293629151137865,0.20052800328499307,0.44509200326585113,0.24044981367773835,0.2529007046184951
2021-08-23 10:50:00,0.36401673640167365,-0.17928286852589637,0.32747580044676083,0.22371005177646874,0.6484014081742158,0.00044543429844097997,0.5,0.37257765683206356,0.45293629151137865,0.20052800328499307,0.44509200326585113,0.24044981367773835,0.23459872957436217
2021-08-23 11:00:00,0.3807531380753138,0.08366533864541825,0.33879374534623974,0.24370648098553827,0.6401041734828755,0.00022271714922048998,0.5,0.3872510483709848,0.45214895102684666,0.19961785831996398,0.39156126312492406,0.2711191566312553,0.24708420719103158
2021-08-23 11:10:00,0.30822873082287305,0.3306772908366533,0.34832464631422155,0.2497768255668631,0.648610802109644,0.00022271714922048998,0.5,0.3872510483709848,0.45214895102684666,0.19961785831996398,0.39156126312492406,0.2711191566312553,0.1756189930141678
2021-08-23 11:20:00,0.0,0.003984063745019917,0.351405629188384,0.2500227102303161,0.6318854615173208,0.0,0.5,0.3872510483709848,0.45214895102684666,0.19961785831996398,0.39156126312492406,0.2711191566312553,0.0
2021-08-23 11:30:00,0.0,0.003984063745019917,0.35448652271034975,0.25026855918585955,0.6344897985892084,0.0,0.5,0.3872510483709848,0.45214895102684666,0.19961785831996398,0.39156126312492406,0.2711191566312553,0.0
2021-08-23 11:40:00,0.0,0.003984063745019917,0.35756747580044657,0.25051444384931276,0.6570650822525553,0.0,0.5,0.3872510483709848,0.45214895102684666,0.19961785831996398,0.39156126312492406,0.2711191566312553,0.0
2021-08-23 11:50:00,0.0,0.003984063745019917,0.3606484586746088,0.25076022138903786,0.6565415974139849,0.0,0.5,0.3872510483709848,0.45214895102684666,0.19961785831996398,0.39156126312492406,0.2711191566312553,0.0
2021-08-23 12:00:00,0.004697937238493724,0.01154004670971287,0.36372941176470586,0.25100610605249085,0.6565677454816715,0.01753409131403118,0.5,0.391322460003809,0.44233018301356003,0.206569681761225,0.3165771671813389,0.29307288503591544,0.0
2021-08-23 12:10:00,0.009395874476987448,0.019096029674405823,0.3668103052866716,0.2512519550080343,0.6565939458978419,0.03506818151447662,0.5,0.391322460003809,0.44233018301356003,0.206569681761225,0.3165771671813389,0.29307288503591544,0.0
2021-08-23 12:20:00,0.0140938110181311,0.026652012639098777,0.3698912583767682,0.2514978396714873,0.6566201201397704,0.05260227505567929,0.5,0.391322460003809,0.44233018301356003,0.206569681761225,0.3165771671813389,0.29307288503591544,0.0
2021-08-23 12:30:00,0.018791748256624826,0.03420799560379151,0.372972211466865,0.2517436886270308,0.6566462682074571,0.07013636302895324,0.5,0.391322460003809,0.44233018301356003,0.206569681761225,0.3165771671813389,0.29307288503591544,0.0
2021-08-23 12:40:00,0.023489686192468617,0.04176397856848446,0.3760531049888307,0.251989573290484,0.6566724686236275,0.0876704565701559,0.5,0.391322460003809,0.44233018301356003,0.206569681761225,0.3165771671813389,0.29307288503591544,0.0
2021-08-23 12:50:00,0.0281876220362622,0.049319961533177414,0.3791340878629932,0.25223542224602746,0.6566986428655559,0.10520455456570156,0.5,0.391322460003809,0.44233018301356003,0.206569681761225,0.3165771671813389,0.29307288503591544,0.0
2021-08-23 13:00:00,0.032885559972105995,0.05687594449787059,0.38221504095309,0.25248123549366186,0.6567248171074845,0.12273864142538975,0.5,0.5095565606694366,0.4294080291488386,0.15957655242362714,0.19720583645734496,0.30568564291194417,0.0
2021-08-23 13:10:00,0.03758349651324965,0.06443192746256354,0.3852959940431868,0.25272712015711485,0.6567509913494131,0.14027272828507795,0.5,0.5095565606694366,0.4294080291488386,0.15957655242362714,0.19720583645734496,0.30568564291194417,0.0
2021-08-23 13:20:00,0.04228143654114365,0.0719879104272565,0.38837688756515254,0.25297296911265854,0.6567771394170996,0.15780682628062362,0.5,0.5095565606694366,0.4294080291488386,0.15957655242362714,0.19720583645734496,0.30568564291194417,0.0
2021-08-23 13:30:00,0.04697937238493723,0.07954389339194945,0.39145784065524936,0.2532188537761113,0.6568033398332701,0.1753409131403118,0.5,0.5095565606694366,0.4294080291488386,0.15957655242362714,0.19720583645734496,0.30568564291194417,0.0
2021-08-23 13:40:00,0.05167730822873082,0.0870998763566424,0.3945387937453462,0.2534647384395643,0.6568295140751985,0.192875,0.5,0.5095565606694366,0.4294080291488386,0.15957655242362714,0.19720583645734496,0.30568564291194417,0.0
2021-08-23 13:50:00,0.0563752440725244,0.09465585932133513,0.3976197766195084,0.2537105873951082,0.6568556621428852,0.21040909799554566,0.5,0.5095565606694366,0.4294080291488386,0.15957655242362714,0.19720583645734496,0.30568564291194417,0.0
2021-08-23 14:00:00,0.06107318410041841,0.10221184228602809,0.40070067014147415,0.2539563649348331,0.6568818625590557,0.22794317371937642,0.5,0.5100532882310622,0.401813756619838,0.1574053678135863,0.07209295259998537,0.3465977596198874,0.0
2021-08-23 14:10:00,0.06577111924686192,0.10976782525072126,0.40378162323157096,0.2542022495982861,0.6569080368009842,0.2454772828507795,0.5,0.5100532882310622,0.401813756619838,0.1574053678135863,0.07209295259998537,0.3465977596198874,0.0
2021-08-23 14:20:00,0.07046905857740586,0.11732380821541422,0.4068625763216678,0.25444813426173907,0.6569342110429127,0.26301138084632514,0.5,0.5100532882310622,0.401813756619838,0.1574053678135863,0.07209295259998537,0.3465977596198874,0.0
2021-08-23 14:30:00,0.07516699442119945,0.12487979118010717,0.4099434698436337,0.25469398321728254,0.6569603852848412,0.2805454565701559,0.5,0.5100532882310622,0.401813756619838,0.1574053678135863,0.07209295259998537,0.3465977596198874,0.0
2021-08-23 14:40:00,0.07986493026499303,0.13243577414480012,0.4130244229337303,0.25493983217282645,0.6569865595267697,0.29807955456570157,0.5,0.5100532882310622,0.401813756619838,0.1574053678135863,0.07209295259998537,0.3465977596198874,0.0
2021-08-23 14:50:00,0.0845628730822873,0.13999175710949285,0.41610540580789257,0.25518571683627944,0.6570127337686982,0.31561365256124724,0.5,0.5100532882310622,0.401813756619838,0.1574053678135863,0.07209295259998537,0.3465977596198874,0.0
2021-08-23 15:00:00,0.08926080892608089,0.1475477400741858,0.4191863588979894,0.2554316014997322,0.6570389080106267,0.33314772828507794,0.5,0.514328287122072,0.3928714077590405,0.15240102886834753,0.07228270656134803,0.7402701682470505,0.0
2021-08-23 15:10:00,0.09395874476987447,0.15510372303887876,0.4222672524199551,0.2556773790394573,0.6570650822525553,0.3506818262806236,0.5,0.514328287122072,0.3928714077590405,0.15240102886834753,0.07228270656134803,0.7402701682470505,0.0
2021-08-23 15:20:00,0.09865668758716876,0.1626597060035717,0.4253482055100519,0.255923227995001,0.6570912564944839,0.3682159242761693,0.5,0.514328287122072,0.3928714077590405,0.15240102886834753,0.07228270656134803,0.7402701682470505,0.0
2021-08-23 15:30:00,0.10335462343096234,0.1702156889682649,0.4284291883842142,0.25616911265845377,0.6571174307364123,0.38575,0.5,0.514328287122072,0.3928714077590405,0.15240102886834753,0.07228270656134803,0.7402701682470505,0.0
2021-08-23 15:40:00,0.10805255230125523,0.17777167193295784,0.43151005212211446,0.25641499732190676,0.6571435788040989,0.40328409799554565,0.5,0.514328287122072,0.3928714077590405,0.15240102886834753,0.07228270656134803,0.7402701682470505,0.0
2021-08-23 15:50:00,0.1127504881450488,0.1853276548976508,0.4345910349962767,0.25666084627745067,0.6571697792202693,0.4208181959910913,0.5,0.514328287122072,0.3928714077590405,0.15240102886834753,0.07228270656134803,0.7402701682470505,0.0
2021-08-23 16:00:00,0.1174484309623431,0.19288363786234375,0.43767198808637353,0.25690673094090344,0.6571959534621978,0.43835230512249446,0.5,0.5812624344486716,0.37247239279669625,0.12189475011086726,0.20057236317149513,0.7703369451621518,0.0
2021-08-23 16:10:00,0.12214636680613668,0.20043962082703648,0.44075294117647035,0.25715257989644713,0.6572221277041265,0.45588635857461024,0.5,0.5812624344486716,0.37247239279669625,0.12189475011086726,0.20057236317149513,0.7703369451621518,0.0
2021-08-23 16:20:00,0.12684430264993027,0.20799560379172943,0.44383383469843607,0.2573983931440815,0.6572483019460549,0.4734204565701559,0.5,0.5812624344486716,0.37247239279669625,0.12189475011086726,0.20057236317149513,0.7703369451621518,0.0
2021-08-23 16:30:00,0.13154223849372385,0.2155515867564224,0.4469147877885329,0.257644242099625,0.6572744761879834,0.490954565701559,0.5,0.5812624344486716,0.37247239279669625,0.12189475011086726,0.20057236317149513,0.7703369451621518,0.0
2021-08-23 16:40:00,0.13624018131101814,0.22310756972111534,0.4499957408786297,0.257890126763078,0.6573006504299119,0.5084886414253899,0.5,0.5812624344486716,0.37247239279669625,0.12189475011086726,0.20057236317149513,0.7703369451621518,0.0
2021-08-23 16:50:00,0.14093811715481172,0.23066355268580852,0.4530766939687265,0.258136011426531,0.6573268246718404,0.5260227505567929,0.5,0.5812624344486716,0.37247239279669625,0.12189475011086726,0.20057236317149513,0.7703369451621518,0.0
2021-08-23 17:00:00,0.1456360529986053,0.23821953565050147,0.4561576172747577,0.25838186038207467,0.6573529989137689,0.5435568485523385,0.5,0.5889574257818715,0.3619582364722555,0.1141523674231256,0.2752546678100744,0.7779838493968828,0.0
2021-08-23 17:10:00,0.1503339888423989,0.2457755186151942,0.4592385703648545,0.25862774504552766,0.6573791731556975,0.5610909020044543,0.5,0.5889574257818715,0.3619582364722555,0.1141523674231256,0.2752546678100744,0.7779838493968828,0.0
2021-08-23 17:20:00,0.15503193863319387,0.25333150157988715,0.46231952345495153,0.25887359400107135,0.657405347397626,0.5786250111358575,0.5,0.5889574257818715,0.3619582364722555,0.1141523674231256,0.2752546678100744,0.7779838493968828,0.0
2021-08-23 17:30:00,0.15972986052998606,0.2608874845445801,0.4654004467609827,0.25911940724870575,0.6574315216395545,0.5961591091314031,0.5,0.5889574257818715,0.3619582364722555,0.1141523674231256,0.2752546678100744,0.7779838493968828,0.0
2021-08-23 17:40:00,0.16442780334728035,0.26844346750927306,0.4684813998510795,0.2593652562042492,0.6574576958814831,0.6136932071269489,0.5,0.5889574257818715,0.3619582364722555,0.1141523674231256,0.2752546678100744,0.7779838493968828,0.0
2021-08-23 17:50:00,0.1691257461645746,0.275999450473966,0.4715623529411763,0.2596111408677022,0.6574838701234115,0.6312272828507796,0.5,0.5889574257818715,0.3619582364722555,0.1141523674231256,0.2752546678100744,0.7779838493968828,0.0
2021-08-23 18:00:00,0.17382366806136682,0.28355543343865897,0.47464330603127314,0.2598569898232459,0.65751004436534,0.6487614031180401,0.5,0.5436425175845827,0.3372374693612494,0.20304729266429755,0.230110292248373,0.7566390683587123,0.0
2021-08-23 18:10:00,0.17852161785216178,0.29111141640335214,0.47772419955323886,0.2601028387787896,0.6575362186072686,0.6662954565701559,0.5,0.5436425175845827,0.3372374693612494,0.20304729266429755,0.230110292248373,0.7566390683587123,0.0
2021-08-23 18:20:00,0.18321956066945608,0.2986673993680451,0.4808051526433357,0.2603487234422426,0.6575623928491972,0.6838295545657016,0.5,0.5436425175845827,0.3372374693612494,0.20304729266429755,0.230110292248373,0.7566390683587123,0.0
2021-08-23 18:30:00,0.18791748256624827,0.30622338233273805,0.4838861057334325,0.26059460810569535,0.6575885670911257,0.7013636525612472,0.5,0.5436425175845827,0.3372374693612494,0.20304729266429755,0.230110292248373,0.7566390683587123,0.0
2021-08-23 18:40:00,0.19261542538354254,0.313779365297431,0.48696702903946365,0.26084042135332974,0.6576147413330541,0.718897706013363,0.5,0.5436425175845827,0.3372374693612494,0.20304729266429755,0.230110292248373,0.7566390683587123,0.0
2021-08-23 18:50:00,0.1973133682008368,0.32133534826212373,0.49004795234549503,0.26108627030887344,0.6576409155749826,0.7364318485523386,0.5,0.5436425175845827,0.3372374693612494,0.20304729266429755,0.230110292248373,0.7566390683587123,0.0
2021-08-23 19:00:00,0.2020112970711297,0.3288913312268167,0.4931289352196575,0.2613321549723264,0.6576670898169111,0.7539659242761694,0.5,0.5487399369559902,0.35107627145431175,0.19345507235570042,0.23244812838831969,0.7302038414788622,0.0
2021-08-23 19:10:00,0.206709239888424,0.33644731419150964,0.4962098883097541,0.2615780039278701,0.6576932640588397,0.7715,0.5,0.5487399369559902,0.35107627145431175,0.19345507235570042,0.23244812838831969,0.7302038414788622,0.0
2021-08-23 19:20:00,0.21140716875871687,0.3440032971562026,0.4992907818317198,0.2618238885913231,0.6577194644750102,0.7890340757238308,0.5,0.5487399369559902,0.35107627145431175,0.19345507235570042,0.23244812838831969,0.7302038414788622,0.0
2021-08-23 19:30:00,0.21610511157601114,0.35155928012089555,0.5023717349218169,0.2620697375468666,0.6577456125426968,0.8065682071269488,0.5,0.5487399369559902,0.35107627145431175,0.19345507235570042,0.23244812838831969,0.7302038414788622,0.0
2021-08-23 19:40:00,0.22080305439330544,0.3591152630855885,0.5054527177959791,0.262315550794501,0.6577717867846252,0.8241023385300669,0.5,0.5487399369559902,0.35107627145431175,0.19345507235570042,0.23244812838831969,0.7302038414788622,0.0
2021-08-23 19:50:00,0.2255009762900976,0.36667124605028145,0.5085336708860757,0.26256139975004467,0.6577979610265537,0.8416364142538977,0.5,0.5487399369559902,0.35107627145431175,0.19345507235570042,0.23244812838831969,0.7302038414788622,0.0
2021-08-23 20:00:00,0.2301989260808926,0.3742272290149744,0.5116145941921071,0.26280728441349765,0.6578241352684823,0.8591704899777283,0.5,0.5640566095317128,0.3407115374116037,0.1792201869823527,0.2455371249452168,0.705255494050393,0.0
2021-08-23 20:10:00,0.2348968619246862,0.38178321197966736,0.5146955174981385,0.26305313336904135,0.6578503095104108,0.8767045657015591,0.5,0.5640566095317128,0.3407115374116037,0.1792201869823527,0.2455371249452168,0.705255494050393,0.0
2021-08-23 20:20:00,0.23959479079497908,0.3893391949443603,0.5177764705882351,0.26329901803249434,0.6578764837523394,0.8942386971046771,0.5,0.5640566095317128,0.3407115374116037,0.1792201869823527,0.2455371249452168,0.705255494050393,0.0
2021-08-23 20:30:00,0.24429274058577408,0.39689517790905326,0.520857483246463,0.2635448669880378,0.6579026579942678,0.9117727171492205,0.5,0.5640566095317128,0.3407115374116037,0.1792201869823527,0.2455371249452168,0.705255494050393,0.0
2021-08-23 20:40:00,0.24899066248256624,0.40445116087374644,0.5239383469843633,0.2637907516514908,0.6579288584104382,0.9293067928730513,0.5,0.5640566095317128,0.3407115374116037,0.1792201869823527,0.2455371249452168,0.705255494050393,0.0
2021-08-23 20:50:00,0.25368860529986054,0.4120071438384394,0.5270192107222633,0.2640365648991252,0.6579550064781249,0.946840868596882,0.5,0.5640566095317128,0.3407115374116037,0.1792201869823527,0.2455371249452168,0.705255494050393,0.0
2021-08-23 21:00:00,0.2583865481171548,0.41956312680313235,0.5301001935964258,0.2642824495625782,0.6579811807200534,0.9643750111358574,0.5,0.5650582028087969,0.343573548807928,0.1909594972175079,0.23435419348652192,0.639930540184512,0.0
2021-08-23 21:10:00,0.2630844769874477,0.4271191097678253,0.5331811466865226,0.26452829851812165,0.6580073811362238,0.981909131403118,0.5,0.5650582028087969,0.343573548807928,0.1909594972175079,0.23435419348652192,0.639930540184512,0.0
2021-08-23 21:20:00,0.26778242677824265,0.43467509273251825,0.5362620997766194,0.26477414747366557,0.6580335292039105,0.9994432071269488,0.5,0.5650582028087969,0.343573548807928,0.1909594972175079,0.23435419348652192,0.639930540184512,0.0
2021-08-23 21:30:00,0.22245467224546722,0.4422310756972112,0.535368577810871,0.2658453847527229,0.7195299106149637,0.9996659242761693,0.5,0.5650582028087969,0.343573548807928,0.1909594972175079,0.23435419348652192,0.639930540184512,0.0
2021-08-23 21:40:00,0.20781032078103207,-0.17928286852589637,0.5306031273268801,0.2772719157293342,0.70873303581945,0.9996659242761693,0.5,0.5650582028087969,0.343573548807928,0.1909594972175079,0.23435419348652192,0.639930540184512,0.0
2021-08-23 21:50:00,0.39400278940027894,-0.8007968127490039,0.5240506329113923,0.29048384217104095,0.619727526141524,0.9996659242761693,0.5,0.5650582028087969,0.343573548807928,0.1909594972175079,0.23435419348652192,0.639930540184512,0.0
2021-08-23 22:00:00,0.19177126917712692,0.4501992031872508,0.5160089352196573,0.30191037314765223,0.6291109918728979,0.410913140311804,0.5,0.4536885014890486,0.3540331085294262,0.2770754177542563,0.20260074139888537,0.5920710747980511,0.01859619475836263
2021-08-23 22:10:00,0.33054393305439334,-0.47410358565737054,0.5139240506329112,0.33047670058918044,0.631689154702857,0.00044543429844097997,0.5,0.4536885014890486,0.3540331085294262,0.2770754177542563,0.20260074139888537,0.5920710747980511,0.17380086606213316
2021-08-23 22:20:00,0.4121338912133891,0.08366533864541825,0.5174981384959045,0.35083020889126937,0.6210754996008429,0.00022271714922048998,0.5,0.4536885014890486,0.3540331085294262,0.2770754177542563,0.20260074139888537,0.5920710747980511,0.3022164551805302
2021-08-23 22:30:00,0.36959553695955366,0.09163346613545809,0.5240506329113923,0.359757186216747,0.6240855374226224,0.00011135857461024499,0.5,0.4536885014890486,0.3540331085294262,0.2770754177542563,0.20260074139888537,0.5920710747980511,0.23969853795434315
2021-08-23 22:40:00,0.4121338912133891,0.05179282868525892,0.5148175725986597,0.3683270844492055,0.6114433785711482,0.00022271714922048998,0.5,0.4536885014890486,0.3540331085294262,0.2770754177542563,0.20260074139888537,0.5920710747980511,0.31026600479804456
2021-08-23 22:50:00,0.4170153417015342,0.043824701195219085,0.48354430379746827,0.3490448134261739,0.6180392875371347,0.00022271714922048998,0.5,0.4536885014890486,0.3540331085294262,0.2770754177542563,0.20260074139888537,0.5920710747980511,0.31988472622478387
2021-08-23 23:00:00,0.4121338912133891,-0.02788844621513953,0.4704393149664927,0.33690412426352423,0.6237190980356232,0.00022271714922048998,0.5,0.3597282456975348,0.36119388403106795,0.3132267004093687,0.12870376678964426,0.372342059143743,0.3156298565113086
2021-08-23 23:10:00,0.4330543933054393,0.1394422310756971,0.4615040953090095,0.3329762542403143,0.6238107078823729,0.00033407572383073496,0.5,0.3597282456975348,0.36119388403106795,0.3132267004093687,0.12870376678964426,0.372342059143743,0.3569790425034326
2021-08-23 23:20:00,0.46373779637377965,0.019920318725099362,0.45346239761727447,0.3329762542403143,0.6238107078823729,0.00022271714922048998,0.5,0.3597282456975348,0.36119388403106795,0.3132267004093687,0.12870376678964426,0.372342059143743,0.43292544925087134
2021-08-23 23:30:00,0.46443514644351463,-0.23505976095617542,0.451079672375279,0.3347616497054098,0.6238107078823729,0.00022271714922048998,0.5,0.3597282456975348,0.36119388403106795,0.3132267004093687,0.12870376678964426,0.372342059143743,0.3951370762104501
2021-08-23 23:40:00,0.4839609483960949,-0.3227091633466136,0.4454206999255397,0.33690412426352423,0.6238107078823729,0.00011135857461024499,0.5,0.3597282456975348,0.36119388403106795,0.3132267004093687,0.12870376678964426,0.372342059143743,0.44052989724942293
2021-08-23 23:50:00,0.4909344490934449,-0.4422310756972112,0.441548771407297,0.34226031065881113,0.6238107078823729,0.00022271714922048998,0.5,0.3597282456975348,0.36119388403106795,0.3132267004093687,0.12870376678964426,0.372342059143743,0.44556180877227397
2021-08-24 00:00:00,0.49372384937238495,-0.21912350597609564,0.43648548026805645,0.34654525977504025,0.6238107078823729,0.00022271714922048998,0.5,0.36376707136193676,0.35881462154496885,0.2885999048640445,0.4251089906853353,0.26031449978472165,0.46604402733980116
2021-08-24 00:10:00,0.5111576011157601,-0.33067729083665354,0.43350707371556196,0.3472594179610784,0.6238107078823729,0.00011135857461024499,0.5,0.36376707136193676,0.35881462154496885,0.2885999048640445,0.4251089906853353,0.26031449978472165,0.49557916019131826
2021-08-24 00:20:00,0.5041841004184101,-0.45019920318725104,0.42844378257632143,0.34797357614711655,0.6238107078823729,0.00011135857461024499,0.5,0.36376707136193676,0.35881462154496885,0.2885999048640445,0.4251089906853353,0.26031449978472165,0.48645080495496174
2021-08-24 00:30:00,0.5167364016736402,0.09163346613545809,0.4257632166790766,0.35297268344938404,0.6133671853528943,0.00011135857461024499,0.5,0.36376707136193676,0.35881462154496885,0.2885999048640445,0.4251089906853353,0.26031449978472165,0.509822411998129
2021-08-24 00:40:00,0.50278940027894,0.22709163346613526,0.4230826507818317,0.3472594179610784,0.6126343065788957,0.00011135857461024499,0.5,0.36376707136193676,0.35881462154496885,0.2885999048640445,0.4251089906853353,0.26031449978472165,0.4912714818111864
2021-08-24 00:50:00,0.509065550906555,0.19521912350597592,0.4192107222635888,0.35083020889126937,0.6126343065788957,0.00011135857461024499,0.5,0.36376707136193676,0.35881462154496885,0.2885999048640445,0.4251089906853353,0.26031449978472165,0.5002715874285197
2021-08-24 01:00:00,0.50278940027894,0.05179282868525892,0.41682799702159334,0.3504731297982504,0.6126343065788957,0.00022271714922048998,0.5,0.22634030223902624,0.3638604970589665,0.3393329095205323,0.5736494396508093,0.25298305045266284,0.4833200054317486
2021-08-24 01:10:00,0.4923291492329149,0.05179282868525892,0.4156366344005955,0.34797357614711655,0.6126343065788957,0.00022271714922048998,0.5,0.22634030223902624,0.3638604970589665,0.3393329095205323,0.5736494396508093,0.25298305045266284,0.45226850943766317
2021-08-24 01:20:00,0.46513249651324967,0.06772908366533859,0.4129560685033504,0.3536868416354222,0.6126343065788957,0.00033407572383073496,0.5,0.22634030223902624,0.3638604970589665,0.3393329095205323,0.5736494396508093,0.25298305045266284,0.4223410836338398
2021-08-24 01:30:00,0.4463040446304045,-0.13147410358565736,0.40997766195085616,0.3536868416354222,0.6126343065788957,0.00033407572383073496,0.5,0.22634030223902624,0.3638604970589665,0.3393329095205323,0.5736494396508093,0.25298305045266284,0.37846462573743533
2021-08-24 01:40:00,0.44142259414225943,-0.2749003984063746,0.4069992553983617,0.3540439207284414,0.6126343065788957,0.00022271714922048998,0.5,0.22634030223902624,0.3638604970589665,0.3393329095205323,0.5736494396508093,0.25298305045266284,0.3818443804034582
2021-08-24 01:50:00,0.44979079497907953,-0.2749003984063746,0.4064035740878629,0.3504731297982504,0.6126343065788957,0.00022271714922048998,0.5,0.22634030223902624,0.3638604970589665,0.3393329095205323,0.5736494396508093,0.25298305045266284,0.39172714516348056
2021-08-24 02:00:00,0.44490934449093444,-0.07569721115537853,0.4040208488458674,0.3461881806820213,0.6126343065788957,0.00022271714922048998,0.5,0.23150286019418842,0.3628921257331037,0.3367207922027575,0.5957709204117144,0.25065834972446616,0.38351916954599635
2021-08-24 02:10:00,0.46582984658298465,-0.2828685258964144,0.39955323901712547,0.34333154793786824,0.6126343065788957,0.00022271714922048998,0.5,0.23150286019418842,0.3628921257331037,0.3367207922027575,0.5957709204117144,0.25065834972446616,0.40834678696983867
2021-08-24 02:20:00,0.509065550906555,-0.40239043824701204,0.39806403574087845,0.3390465988216391,0.6126343065788957,0.00022271714922048998,0.5,0.23150286019418842,0.3628921257331037,0.3367207922027575,0.5957709204117144,0.25065834972446616,0.47536852905231075
2021-08-24 02:30:00,0.5327754532775453,-0.38645418326693237,0.39806403574087845,0.3361899660774863,0.6126343065788957,0.00022271714922048998,0.5,0.23150286019418842,0.3628921257331037,0.3367207922027575,0.5957709204117144,0.25065834972446616,0.5428806373251657
2021-08-24 02:40:00,0.4916317991631799,-0.24302788844621515,0.395681310498883,0.3361899660774863,0.6126343065788957,0.00022271714922048998,0.5,0.23150286019418842,0.3628921257331037,0.3367207922027575,0.5957709204117144,0.25065834972446616,0.4804683374322918
2021-08-24 02:50:00,0.4909344490934449,-0.2270916334661356,0.3918093819806401,0.3361899660774863,0.6126343065788957,0.00022271714922048998,0.5,0.23150286019418842,0.3628921257331037,0.3367207922027575,0.5957709204117144,0.25065834972446616,0.4819017155272568
2021-08-24 03:00:00,0.500697350069735,0.027888446215139417,0.3894266567386446,0.33369041242635245,0.6126343065788957,0.00022271714922048998,0.5,0.2261611627954292,0.3599295416471521,0.3389078285782476,0.5519231960152434,0.2429171902313865,0.5054015721894473
2021-08-24 03:10:00,0.5055788005578801,0.22709163346613526,0.38644825018615014,0.3347616497054098,0.6126343065788957,0.00022271714922048998,0.5,0.2261611627954292,0.3599295416471521,0.3389078285782476,0.5519231960152434,0.2429171902313865,0.5176909033299637
2021-08-24 03:20:00,0.504881450488145,0.019920318725099362,0.3831720029784065,0.3329762542403143,0.6126343065788957,0.00022271714922048998,0.5,0.2261611627954292,0.3599295416471521,0.3389078285782476,0.5519231960152434,0.2429171902313865,0.5026856979042504
2021-08-24 03:30:00,0.4700139470013947,-0.09960159362549814,0.3795979151154132,0.3329762542403143,0.6126343065788957,0.00022271714922048998,0.5,0.2261611627954292,0.3599295416471521,0.3389078285782476,0.5519231960152434,0.2429171902313865,0.42921375439443554
2021-08-24 03:40:00,0.4463040446304045,-0.26693227091633476,0.37572598659717027,0.3329762542403143,0.6126343065788957,0.00022271714922048998,0.5,0.2261611627954292,0.3599295416471521,0.3389078285782476,0.5519231960152434,0.2429171902313865,0.38422077040300556
2021-08-24 03:50:00,0.4825662482566248,-0.20318725099601598,0.37006701414743093,0.3301196214961615,0.6126343065788957,0.00022271714922048998,0.5,0.2261611627954292,0.3599295416471521,0.3389078285782476,0.5519231960152434,0.2429171902313865,0.4555501908656095
2021-08-24 04:00:00,0.49790794979079495,-0.21912350597609564,0.36589724497393883,0.3233351187287985,0.6126343065788957,0.00011135857461024499,0.5,0.15238699723135984,0.36278293252721855,0.4308171255372322,0.5285575188733158,0.2354596226264972,0.48072483667033816
2021-08-24 04:10:00,0.4909344490934449,-0.17928286852589637,0.3635145197319434,0.32226388144974116,0.6126343065788957,0.00011135857461024499,0.5,0.15238699723135984,0.36278293252721855,0.4308171255372322,0.5285575188733158,0.2354596226264972,0.47890670971830346
2021-08-24 04:20:00,0.502092050209205,-0.1872509960159363,0.36262099776619494,0.31726477414747367,0.6126343065788957,0.00011135857461024499,0.5,0.15238699723135984,0.36278293252721855,0.4308171255372322,0.5285575188733158,0.2354596226264972,0.49759343361950603
2021-08-24 04:30:00,0.5237099023709902,-0.11553784860557781,0.3608339538346983,0.315122299589359,0.6126343065788957,0.00011135857461024499,0.5,0.15238699723135984,0.36278293252721855,0.4308171255372322,0.5285575188733158,0.2354596226264972,0.5604282028456328
2021-08-24 04:40:00,0.5013947001394701,-0.08366533864541836,0.35845122859270284,0.315122299589359,0.6126343065788957,0.00011135857461024499,0.5,0.15238699723135984,0.36278293252721855,0.4308171255372322,0.5285575188733158,0.2354596226264972,0.5243523394239329
2021-08-24 04:50:00,0.5174337517433751,-0.1872509960159363,0.356664184661206,0.3158364577753974,0.6126343065788957,0.00011135857461024499,0.5,0.15238699723135984,0.36278293252721855,0.4308171255372322,0.5285575188733158,0.2354596226264972,0.5475956968480771
2021-08-24 05:00:00,0.5285913528591353,-0.2270916334661356,0.356664184661206,0.315122299589359,0.6126343065788957,0.00011135857461024499,0.5,0.15389342287081376,0.36608459025249573,0.41233219162577867,0.5315880619360496,0.23078355130347172,0.5801333796037842
2021-08-24 05:10:00,0.499302649930265,-0.3545816733067729,0.3542814594192105,0.3215497232637028,0.6119276020468257,0.00011135857461024499,0.5,0.15389342287081376,0.36608459025249573,0.41233219162577867,0.5315880619360496,0.23078355130347172,0.4927350362870981
2021-08-24 05:20:00,0.4825662482566248,0.019920318725099362,0.35070737155621723,0.32047848598464546,0.6013662954286686,0.00011135857461024499,0.5,0.15389342287081376,0.36608459025249573,0.41233219162577867,0.5315880619360496,0.23078355130347172,0.4551729861037766
2021-08-24 05:30:00,0.4783821478382148,0.19521912350597592,0.34772896500372297,0.3119085877521872,0.6013662954286686,0.00022271714922048998,0.5,0.15389342287081376,0.36608459025249573,0.41233219162577867,0.5315880619360496,0.23078355130347172,0.45161971724731054
2021-08-24 05:40:00,0.4797768479776848,0.20318725099601576,0.34772896500372297,0.30619532226388135,0.6013662954286686,0.00022271714922048998,0.5,0.15389342287081376,0.36608459025249573,0.41233219162577867,0.5315880619360496,0.23078355130347172,0.45460717896102726
2021-08-24 05:50:00,0.4700139470013947,0.19521912350597592,0.3450483991064779,0.30333868951972875,0.6013662954286686,0.00033407572383073496,0.5,0.15389342287081376,0.36608459025249573,0.41233219162577867,0.5315880619360496,0.23078355130347172,0.439888649154307
2021-08-24 06:00:00,0.47698744769874474,0.38645418326693215,0.3447505584512285,0.2976254240314231,0.6013662954286686,0.00033407572383073496,0.5,0.19677362224224137,0.3669897444591623,0.37419030767262224,0.6372664428198922,0.21202768604081834,0.4408090287731792
2021-08-24 06:10:00,0.45746164574616455,0.38645418326693215,0.3447505584512285,0.29369755400821274,0.6013662954286686,0.00022271714922048998,0.5,0.19677362224224137,0.3669897444591623,0.37419030767262224,0.6372664428198922,0.21202768604081834,0.40374488887547716
2021-08-24 06:20:00,0.43584379358437936,-0.13147410358565736,0.3447505584512285,0.29369755400821274,0.6110638520631846,0.00033407572383073496,0.5,0.19677362224224137,0.3669897444591623,0.37419030767262224,0.6372664428198922,0.21202768604081834,0.3774235405947765
2021-08-24 06:30:00,0.4602510460251046,-0.42629482071713154,0.3447505584512285,0.29726834493840393,0.6125557838531103,0.00022271714922048998,0.5,0.19677362224224137,0.3669897444591623,0.37419030767262224,0.6372664428198922,0.21202768604081834,0.39780768592422705
2021-08-24 06:40:00,0.4504881450488145,-0.2589641434262948,0.3447505584512285,0.2944117121942511,0.6125557838531103,0.00022271714922048998,0.5,0.19677362224224137,0.3669897444591623,0.37419030767262224,0.6372664428198922,0.21202768604081834,0.40686814430345375
2021-08-24 06:50:00,0.45397489539748953,-0.21912350597609564,0.3447505584512285,0.29369755400821274,0.6075957650076559,0.00022271714922048998,0.5,0.19677362224224137,0.3669897444591623,0.37419030767262224,0.6372664428198922,0.21202768604081834,0.39798120011467025
2021-08-24 07:00:00,0.4609483960948396,0.043824701195219085,0.34087862993298557,0.28905552579896465,0.6013662954286686,0.00033407572383073496,0.5,0.19514505758911183,0.3640415279003015,0.39380122418746066,0.607601418024918,0.20914807652721257,0.40554792763703856
2021-08-24 07:10:00,0.4714086471408647,0.13147410358565725,0.3384959046909901,0.2829851812176398,0.6013662954286686,0.00022271714922048998,0.5,0.19514505758911183,0.3640415279003015,0.39380122418746066,0.607601418024918,0.20914807652721257,0.4190216817297101
2021-08-24 07:20:00,0.47419804741980476,0.003984063745019917,0.3384959046909901,0.276914836636315,0.6013662954286686,0.00033407572383073496,0.5,0.19514505758911183,0.3640415279003015,0.39380122418746066,0.607601418024918,0.20914807652721257,0.4414578209635318
2021-08-24 07:30:00,0.4916317991631799,0.043824701195219085,0.3384959046909901,0.27584359935725766,0.6013662954286686,0.00022271714922048998,0.5,0.19514505758911183,0.3640415279003015,0.39380122418746066,0.607601418024918,0.20914807652721257,0.48064185162273493
2021-08-24 07:40:00,0.5327754532775453,0.14741035856573692,0.3384959046909901,0.27298696661310484,0.6013662954286686,0.00022271714922048998,0.5,0.19514505758911183,0.3640415279003015,0.39380122418746066,0.607601418024918,0.20914807652721257,0.5629781070356232
2021-08-24 07:50:00,0.4909344490934449,-0.2270916334661356,0.33581533879374503,0.2751294411712195,0.6013662954286686,0.00022271714922048998,0.5,0.19514505758911183,0.3640415279003015,0.39380122418746066,0.607601418024918,0.20914807652721257,0.48169802495586705
2021-08-24 08:00:00,0.4602510460251046,-0.4342629482071714,0.33581533879374503,0.2833422603106588,0.6013532083077043,0.00022271714922048998,0.5,0.19448550024464484,0.38527385943386244,0.3931898532976174,0.5734188899348346,0.2142067643899867,0.41165110068349503
2021-08-24 08:10:00,0.4386331938633194,-0.2509960159362551,0.33134772896500375,0.28548473486877346,0.5902684168509769,0.00022271714922048998,0.5,0.19448550024464484,0.38527385943386244,0.3931898532976174,0.5734188899348346,0.2142067643899867,0.35750712916999866
2021-08-24 08:20:00,0.3898186889818689,-0.4103585657370519,0.3298585256887563,0.28262810212462064,0.5900982842784416,0.00022271714922048998,0.5,0.19448550024464484,0.38527385943386244,0.3931898532976174,0.5734188899348346,0.2142067643899867,0.26979947794860965
2021-08-24 08:30:00,0.3849372384937238,-0.24302788844621515,0.3304542069992553,0.2815568648455633,0.5900982842784416,0.00033407572383073496,0.5,0.19448550024464484,0.38527385943386244,0.3931898532976174,0.5734188899348346,0.2142067643899867,0.26167448737872867
2021-08-24 08:40:00,0.4602510460251046,0.3784860557768923,0.3373045420699925,0.2740582038921622,0.5912106895604036,0.00022271714922048998,0.5,0.19448550024464484,0.38527385943386244,0.3931898532976174,0.5734188899348346,0.2142067643899867,0.3928964799251626
2021-08-24 08:50:00,0.5013947001394701,0.019920318725099362,0.3450483991064779,0.270487412961971,0.6012746855819189,0.00022271714922048998,0.5,0.19448550024464484,0.38527385943386244,0.3931898532976174,0.5734188899348346,0.2142067643899867,0.5137528856164281
2021-08-24 09:00:00,0.5474198047419805,0.2828685258964143,0.3524944154877139,0.2765577575432958,0.6012746855819189,0.00022271714922048998,0.5,0.20183035084448342,0.37502693911329316,0.36589488859189023,0.625121695664413,0.23155637389804337,0.6143383074067927
2021-08-24 09:10:00,0.5460251046025105,0.1394422310756971,0.3605361131794489,0.2833422603106588,0.6079752915156196,0.00022271714922048998,0.5,0.20183035084448342,0.37502693911329316,0.36589488859189023,0.625121695664413,0.23155637389804337,0.5901443939828297
2021-08-24 09:20:00,0.5369595536959554,0.1633466135458166,0.36708860759493644,0.29726834493840393,0.6120584732564683,0.00011135857461024499,0.5,0.20183035084448342,0.37502693911329316,0.36589488859189023,0.625121695664413,0.23155637389804337,0.569405676177256
2021-08-24 09:30:00,0.5439330543933054,0.10756972111553775,0.3766195085629187,0.3069094804499197,0.6115219012969336,0.004231625835189309,0.5,0.20183035084448342,0.37502693911329316,0.36589488859189023,0.625121695664413,0.23155637389804337,0.594263469982045
2021-08-24 09:40:00,0.5348675034867504,0.05976095617529875,0.3873417721518986,0.31905016961256916,0.6244519768096216,0.042316258351893093,0.5,0.20183035084448342,0.37502693911329316,0.36589488859189023,0.625121695664413,0.23155637389804337,0.45173287867586037
2021-08-24 09:50:00,0.6582984658298465,-0.11553784860557781,0.39717051377513,0.33083377968219985,0.6321864652994988,0.08329621380846326,0.5,0.20183035084448342,0.37502693911329316,0.36589488859189023,0.625121695664413,0.23155637389804337,0.4666400108634971
2021-08-24 10:00:00,0.6624825662482566,-0.15537848605577698,0.40551005212211444,0.33404749151937163,0.6321864652994988,0.09064587973273942,0.5,0.4744527675226291,0.36725985396845445,0.2284886153254615,0.6514988940031705,0.2627460483698149,0.46111018905502665
2021-08-24 10:10:00,0.6722454672245468,0.019920318725099362,0.4084884586746089,0.3333333333333335,0.6305767494208949,0.08251670378619154,0.5,0.4744527675226291,0.36725985396845445,0.2284886153254615,0.6514988940031705,0.2627460483698149,0.5026630656185404
2021-08-24 10:20:00,0.6582984658298465,0.1633466135458166,0.4129560685033504,0.33654704517050527,0.6321733781785345,0.05022271714922049,0.5,0.4744527675226291,0.36725985396845445,0.2284886153254615,0.6514988940031705,0.2627460483698149,0.6540881452087451
2021-08-24 10:30:00,0.5948396094839609,-0.05179282868525903,0.4159344750558449,0.3469023388680592,0.6398162568216618,0.012360801781737195,0.5,0.4744527675226291,0.36725985396845445,0.2284886153254615,0.6514988940031705,0.2627460483698149,0.65872776377929
2021-08-24 10:40:00,0.5781032078103208,-0.01195219123505975,0.4195085629188382,0.3668987680771292,0.6294643441389329,0.009020044543429844,0.5,0.4744527675226291,0.36725985396845445,0.2284886153254615,0.6514988940031705,0.2627460483698149,0.6283552363565038
2021-08-24 10:50:00,0.5529986052998606,0.09163346613545809,0.4278481012658226,0.37868237814675965,0.6296083024695398,0.013697104677060134,0.5,0.4744527675226291,0.36725985396845445,0.2284886153254615,0.6514988940031705,0.2627460483698149,0.5726798135099658
2021-08-24 11:00:00,0.5285913528591353,0.019920318725099362,0.43559195830230824,0.3886805927512944,0.6338223554200312,0.00111358574610245,0.5,0.4935396066269917,0.3718632096480828,0.21603610245921753,0.5699494878346965,0.30449022051274777,0.5478144756099401
2021-08-24 11:10:00,0.5822873082287308,-0.07569721115537853,0.44393149664929243,0.4111765756114978,0.6441350067398673,0.0022271714922049,0.5,0.4935396066269917,0.3718632096480828,0.21603610245921753,0.5699494878346965,0.30449022051274777,0.6484074414955414
2021-08-24 11:20:00,0.5655509065550907,-0.05179282868525903,0.4498883097542814,0.42046063202999484,0.6432450825142977,0.023719376391982183,0.5,0.4935396066269917,0.3718632096480828,0.21603610245921753,0.5699494878346965,0.30449022051274777,0.5741961766525341
2021-08-24 11:30:00,0.50697350069735,0.12350597609561742,0.4573343261355174,0.4251026602392429,0.6363612568870974,0.00033407572383073496,0.5,0.4935396066269917,0.3718632096480828,0.21603610245921753,0.5699494878346965,0.30449022051274777,0.5264646860901973
2021-08-24 11:40:00,0.5,-0.10756972111553798,0.46775874906924786,0.4450990894483129,0.6409810105874808,0.00011135857461024499,0.5,0.4935396066269917,0.3718632096480828,0.21603610245921753,0.5699494878346965,0.30449022051274777,0.4747197368619582
2021-08-24 11:50:00,0.4707112970711297,0.043824701195219085,0.4781831720029781,0.46045349044813433,0.6483883210532515,0.00011135857461024499,0.5,0.4935396066269917,0.3718632096480828,0.21603610245921753,0.5699494878346965,0.30449022051274777,0.4356337794408317
2021-08-24 12:00:00,0.45676429567642957,0.003984063745019917,0.4862248696947131,0.4736654168898411,0.6463729044247556,0.00022271714922048998,0.5,0.5022361578841867,0.36459898795139306,0.21201076854811907,0.4370880016973984,0.3578158578912511,0.4013232343045099
2021-08-24 12:10:00,0.4630404463040446,0.06772908366533859,0.49426656738644814,0.47937868237814674,0.6634254230411852,0.00011135857461024499,0.5,0.5022361578841867,0.36459898795139306,0.21201076854811907,0.4370880016973984,0.3578158578912511,0.45401119543733115
2021-08-24 12:20:00,0.4281729428172943,-0.1633466135458168,0.4993298585256887,0.48223531512229956,0.6509664838832104,0.00011135857461024499,0.5,0.5022361578841867,0.36459898795139306,0.21201076854811907,0.4370880016973984,0.3578158578912511,0.33346409765076873
2021-08-24 12:30:00,0.4595536959553696,0.12350597609561742,0.5088607594936707,0.4925906088198535,0.6472759157712895,0.00033407572383073496,0.5,0.5022361578841867,0.36459898795139306,0.21201076854811907,0.4370880016973984,0.3578158578912511,0.4085580216364651
2021-08-24 12:40:00,0.4337517433751743,0.13147410358565725,0.5139240506329112,0.4929476879128727,0.672102184240489,0.000556792873051225,0.5,0.5022361578841867,0.36459898795139306,0.21201076854811907,0.4370880016973984,0.3578158578912511,0.34211717488721577
2021-08-24 12:50:00,0.398884239888424,-0.17928286852589637,0.5192851824274012,0.4961613997500447,0.6648388321053251,0.00011135857461024499,0.5,0.5022361578841867,0.36459898795139306,0.21201076854811907,0.4370880016973984,0.3578158578912511,0.2959699443245772
2021-08-24 13:00:00,0.41492329149232915,0.09163346613545809,0.5267311988086372,0.5029459025174075,0.663111332138043,0.00022271714922048998,0.5,0.6228479335926647,0.3534469134241572,0.12033138559520906,0.29143878594118344,0.4422164358802428,0.30883262670307954
2021-08-24 13:10:00,0.37517433751743373,0.1394422310756971,0.535368577810871,0.5079450098196749,0.6765910667312298,0.00022271714922048998,0.5,0.6228479335926647,0.3534469134241572,0.12033138559520906,0.29143878594118344,0.4422164358802428,0.27401662718590164
2021-08-24 13:20:00,0.197350069735007,-0.31474103585657376,0.54132539091586,0.5215140153544011,0.6693146274751018,0.00022271714922048998,0.5,0.6228479335926647,0.3534469134241572,0.12033138559520906,0.29143878594118344,0.4422164358802428,0.045370188753262826
2021-08-24 13:30:00,0.2196652719665272,0.1394422310756971,0.5538346984363365,0.5450812354936618,0.653924173221133,0.00022271714922048998,0.5,0.6228479335926647,0.3534469134241572,0.12033138559520906,0.29143878594118344,0.4422164358802428,0.06978288093908898
2021-08-24 13:40:00,0.2831241283124128,0.027888446215139417,0.5633655994043185,0.5504374218889485,0.6732931122482365,0.00033407572383073496,0.5,0.6228479335926647,0.3534469134241572,0.12033138559520906,0.29143878594118344,0.4422164358802428,0.1405691265446535
2021-08-24 13:50:00,0.22733612273361226,-0.07569721115537853,0.5678332092330602,0.5461524727727192,0.6335475258797817,0.00033407572383073496,0.5,0.6228479335926647,0.3534469134241572,0.12033138559520906,0.29143878594118344,0.4422164358802428,0.10942710140772818
2021-08-24 14:00:00,0.11785216178521618,-0.20000000000000007,0.5794489947877883,0.562221031958579,0.711860857729908,0.0036748329621380848,0.5,0.6209750909121836,0.3296686560902529,0.1075161843354883,0.24165762262679966,0.5848520279820744,0.0017351419044314015
2021-08-24 14:10:00,0.04114365411436541,-0.3243027888446215,0.5925539836187639,0.5807891447955722,0.7688160081663635,0.9804008908685969,0.5,0.6209750909121836,0.3296686560902529,0.1075161843354883,0.24165762262679966,0.5848520279820744,0.0
2021-08-24 14:20:00,0.2914923291492329,-0.44860557768924303,0.6157855547282203,0.596857703981432,0.7382706678357828,0.9993318485523385,0.5,0.6209750909121836,0.3296686560902529,0.1075161843354883,0.24165762262679966,0.5848520279820744,0.0
2021-08-24 14:30:00,0.23291492329149233,-0.5729083665338646,0.6330603127326879,0.6243527941439027,0.5160382667416995,0.9993318485523385,0.5,0.6209750909121836,0.3296686560902529,0.1075161843354883,0.24165762262679966,0.5848520279820744,0.0
2021-08-24 14:40:00,0.18758716875871687,-0.6972111553784861,0.6408041697691733,0.6589894661667561,0.34803889492350576,0.8663697104677061,0.5,0.6209750909121836,0.3296686560902529,0.1075161843354883,0.24165762262679966,0.5848520279820744,0.0
2021-08-24 14:50:00,0.15202231520223153,-0.3067729083665339,0.652122114668652,0.6693447598643101,0.2356728743243774,0.1212694877505568,0.5,0.6209750909121836,0.3296686560902529,0.1075161843354883,0.24165762262679966,0.5848520279820744,0.0046773390467281266
2021-08-24 15:00:00,0.14225941422594143,-0.09482071713147422,0.6583767684288904,0.6829137653990358,0.23194304484956357,0.9884187082405346,0.5,0.6249976736220086,0.3172608596953506,0.09647955115916351,0.28702204248233704,0.6712467147250981,0.0
2021-08-24 15:10:00,0.13598326359832635,0.1171314741035856,0.6690990320178702,0.6664881271201573,0.23194304484956357,0.9992204899777284,0.5,0.6249976736220086,0.3172608596953506,0.09647955115916351,0.28702204248233704,0.6712467147250981,0.0
2021-08-24 15:20:00,0.06345885634588563,0.3290836653386453,0.6795234549516007,0.6614890198178898,0.23194304484956357,0.9992204899777284,0.5,0.6249976736220086,0.3172608596953506,0.09647955115916351,0.28702204248233704,0.6712467147250981,0.0
2021-08-24 15:30:00,0.19525801952580193,0.541035856573705,0.6869694713328367,0.6564899125156223,0.2712567562261978,0.9992204899777284,0.5,0.6249976736220086,0.3172608596953506,0.09647955115916351,0.28702204248233704,0.6712467147250981,0.0
2021-08-24 15:40:00,0.07391910739191074,0.7529880478087649,0.6917349218168278,0.6625602570969469,0.3323605240083234,0.9992204899777284,0.5,0.6249976736220086,0.3172608596953506,0.09647955115916351,0.28702204248233704,0.6712467147250981,0.0
2021-08-24 15:50:00,0.14365411436541145,0.6653386454183265,0.6959046909903199,0.6636314943760042,0.3323605240083234,0.9992204899777284,0.5,0.6249976736220086,0.3172608596953506,0.09647955115916351,0.28702204248233704,0.6712467147250981,0.0
2021-08-24 16:00:00,0.11924686192468618,0.5776892430278884,0.6982874162323154,0.6572040707016604,0.3323605240083234,0.9992204899777284,0.5,0.6696693341355862,0.2979681443189359,0.07295248769364042,0.3040652365364044,0.70346091871327,0.0
2021-08-24 16:10:00,0.07043235704323571,0.49003984063745,0.6991809381980638,0.6507766470273164,0.3323605240083234,0.9992204899777284,0.5,0.6696693341355862,0.2979681443189359,0.07295248769364042,0.3040652365364044,0.70346091871327,0.0
2021-08-24 16:20:00,0.04184100418410042,0.40239043824701204,0.7027550260610573,0.6507766470273164,0.3323605240083234,0.9992204899777284,0.5,0.6696693341355862,0.2979681443189359,0.07295248769364042,0.3040652365364044,0.70346091871327,0.0
2021-08-24 16:30:00,0.11366806136680613,0.31474103585657365,0.7072226358897988,0.6457775397250489,0.3323605240083234,0.9992204899777284,0.5,0.6696693341355862,0.2979681443189359,0.07295248769364042,0.3040652365364044,0.70346091871327,0.0
2021-08-24 16:40:00,0.08577405857740586,0.22709163346613526,0.7081161578555473,0.6375647205856096,0.3323605240083234,0.9992204899777284,0.5,0.6696693341355862,0.2979681443189359,0.07295248769364042,0.3040652365364044,0.70346091871327,0.0
2021-08-24 16:50:00,0.08786610878661089,0.1394422310756971,0.7090096798212953,0.6361364042135333,0.3323605240083234,0.9992204899777284,0.5,0.6696693341355862,0.2979681443189359,0.07295248769364042,0.3040652365364044,0.70346091871327,0.0
2021-08-24 17:00:00,0.07322175732217574,-0.17131474103585675,0.7084139985107967,0.631851455097304,0.3323605240083234,0.9992204899777284,0.5,0.6698647498868495,0.2862327481918475,0.06821838964577899,0.29330746728676593,0.7207359468489041,0.0
2021-08-24 17:10:00,0.04114365411436541,-0.4820717131474104,0.7125837676842888,0.6286377432601322,0.3323605240083234,0.9992204899777284,0.5,0.6698647498868495,0.2862327481918475,0.06821838964577899,0.29330746728676593,0.7207359468489041,0.0
2021-08-24 17:20:00,0.07322175732217574,-0.4329349269588313,0.7152643335815336,0.6257811105159794,0.3323605240083234,0.9992204899777284,0.5,0.6698647498868495,0.2862327481918475,0.06821838964577899,0.29330746728676593,0.7207359468489041,0.0
2021-08-24 17:30:00,0.10111576011157601,-0.3837981407702523,0.7212211466865226,0.6247098732369221,0.3323605240083234,0.9992204899777284,0.5,0.6698647498868495,0.2862327481918475,0.06821838964577899,0.29330746728676593,0.7207359468489041,0.0
2021-08-24 17:40:00,0.1492329149232915,-0.33466135458167334,0.7230081906180192,0.6157828959114444,0.3323605240083234,0.9992204899777284,0.5,0.6698647498868495,0.2862327481918475,0.06821838964577899,0.29330746728676593,0.7207359468489041,0.0
2021-08-24 17:50:00,0.07740585774058578,-0.28552456839309437,0.7230081906180192,0.6097125513301196,0.3323605240083234,0.9992204899777284,0.5,0.6698647498868495,0.2862327481918475,0.06821838964577899,0.29330746728676593,0.7207359468489041,0.0
2021-08-24 18:00:00,0.04602510460251046,-0.23638778220451528,0.721518987341772,0.6064988394929476,0.3323605240083234,0.9992204899777284,0.5,0.5872393080834881,0.27754326780783073,0.14581037205108024,0.2297074970052129,0.7599714448392482,0.0
2021-08-24 18:10:00,0.10739191073919108,-0.1872509960159363,0.7203276247207742,0.600428494911623,0.3323605240083234,0.9992204899777284,0.5,0.5872393080834881,0.27754326780783073,0.14581037205108024,0.2297074970052129,0.7599714448392482,0.0
2021-08-24 18:20:00,0.1094839609483961,-0.13811420982735734,0.7224125093075202,0.5986430994465273,0.3323605240083234,0.9992204899777284,0.5,0.5872393080834881,0.27754326780783073,0.14581037205108024,0.2297074970052129,0.7599714448392482,0.0
2021-08-24 18:30:00,0.05090655509065551,-0.08897742363877825,0.7176470588235293,0.5922156757721835,0.3323605240083234,0.9992204899777284,0.5,0.5872393080834881,0.27754326780783073,0.14581037205108024,0.2297074970052129,0.7599714448392482,0.0
2021-08-24 18:40:00,0.021617852161785217,-0.03984063745019917,0.7134772896500372,0.590073201214069,0.3323605240083234,0.9992204899777284,0.5,0.5872393080834881,0.27754326780783073,0.14581037205108024,0.2297074970052129,0.7599714448392482,0.0
2021-08-24 18:50:00,0.043235704323570434,0.009296148738379806,0.7081161578555473,0.5886448848419923,0.3323605240083234,0.9992204899777284,0.5,0.5872393080834881,0.27754326780783073,0.14581037205108024,0.2297074970052129,0.7599714448392482,0.0
2021-08-24 19:00:00,0.06206415620641562,0.05843293492695878,0.7066269545792998,0.5861453311908589,0.3323605240083234,0.9992204899777284,0.5,0.5908303018154419,0.26649463947564284,0.14229470410270323,0.30783121339372205,0.6948024379605345,0.0
2021-08-24 19:10:00,0.027894002789400282,0.10756972111553775,0.706031273268801,0.580074986609534,0.3323605240083234,0.9992204899777284,0.5,0.5908303018154419,0.26649463947564284,0.14229470410270323,0.30783121339372205,0.6948024379605345,0.0
2021-08-24 19:20:00,0.04951185495118549,0.15670650730411695,0.7048399106478034,0.5765041956793431,0.3323605240083234,0.9992204899777284,0.5,0.5908303018154419,0.26649463947564284,0.14229470410270323,0.30783121339372205,0.6948024379605345,0.0
2021-08-24 19:30:00,0.1094839609483961,0.2058432934926957,0.7072226358897988,0.5725763256561329,0.3323605240083234,0.9992204899777284,0.5,0.5908303018154419,0.26649463947564284,0.14229470410270323,0.30783121339372205,0.6948024379605345,0.0
2021-08-24 19:40:00,0.06834030683403068,0.2549800796812749,0.703946388682055,0.5668630601678271,0.3323605240083234,0.9992204899777284,0.5,0.5908303018154419,0.26649463947564284,0.14229470410270323,0.30783121339372205,0.6948024379605345,0.0
2021-08-24 19:50:00,0.13598326359832635,0.30411686586985387,0.697989575577066,0.5611497946795214,0.3323605240083234,0.9992204899777284,0.5,0.5908303018154419,0.26649463947564284,0.14229470410270323,0.30783121339372205,0.6948024379605345,0.0
2021-08-24 20:00:00,0.2398884239888424,0.35325365205843284,0.6908413998510794,0.5518657382610248,0.2909921346403005,0.5092427616926504,0.5,0.6130439597054655,0.27291405057944146,0.13324943310916404,0.39849198484035325,0.6888846857924267,0.0339861490411455
2021-08-24 20:10:00,0.30822873082287305,0.40239043824701204,0.6899478778853312,0.5729334047491519,0.28936933164073236,0.00011135857461024499,0.5,0.6130439597054655,0.27291405057944146,0.13324943310916404,0.39849198484035325,0.6888846857924267,0.14385080797259986
2021-08-24 20:20:00,0.2873082287308229,0.4183266932270917,0.6875651526433355,0.5836457775397252,0.30398764575780973,0.00011135857461024499,0.5,0.6130439597054655,0.27291405057944146,0.13324943310916404,0.39849198484035325,0.6888846857924267,0.12238031292907042
2021-08-24 20:30:00,0.18410041841004185,-0.02788844621513953,0.6842889054355916,0.5990001785395467,0.31470599782753794,0.00011135857461024499,0.5,0.6130439597054655,0.27291405057944146,0.13324943310916404,0.39849198484035325,0.6888846857924267,0.059123074369690845
2021-08-24 20:40:00,0.18340306834030684,0.3067729083665336,0.644080416976917,0.5936439921442598,0.31470599782753794,0.00011135857461024499,0.5,0.6130439597054655,0.27291405057944146,0.13324943310916404,0.39849198484035325,0.6888846857924267,0.05887411922688113
2021-08-24 20:50:00,0.2315202231520223,0.31474103585657365,0.6122114668652268,0.5407962863774327,0.31475834631139493,0.00011135857461024499,0.5,0.6130439597054655,0.27291405057944146,0.13324943310916404,0.39849198484035325,0.6888846857924267,0.08707394722150973
2021-08-24 21:00:00,0.22384937238493724,-0.059760956175298974,0.5985107967237526,0.5125870380289235,0.31475834631139493,0.00011135857461024499,0.5,0.6117573976318638,0.26187116925809073,0.13064910950488343,0.36584304044389326,0.6662916519609797,0.08063883398464022
2021-08-24 21:10:00,0.17782426778242677,-0.13147410358565736,0.58927773641102,0.49687555793608285,0.31475834631139493,0.00011135857461024499,0.5,0.6117573976318638,0.26187116925809073,0.13064910950488343,0.36584304044389326,0.6662916519609797,0.05090755465696999
2021-08-24 21:20:00,0.10111576011157601,0.33864541832669315,0.5821295606850332,0.4990180324941975,0.31475834631139493,0.1259465478841871,0.5,0.6117573976318638,0.26187116925809073,0.13064910950488343,0.36584304044389326,0.6662916519609797,0.007219699141481963
2021-08-24 21:30:00,0.09902370990237098,-0.06241699867197892,0.583320923306031,0.5090162470987323,0.31475834631139493,0.9995545657015591,0.5,0.6117573976318638,0.26187116925809073,0.13064910950488343,0.36584304044389326,0.6662916519609797,0.0
2021-08-24 21:40:00,0.11785216178521618,-0.4634794156706509,0.5925539836187639,0.5147295125870381,0.31475834631139493,0.9995545657015591,0.5,0.6117573976318638,0.26187116925809073,0.13064910950488343,0.36584304044389326,0.6662916519609797,0.0
2021-08-24 21:50:00,0.13458856345885634,-0.8645418326693228,0.5889798957557706,0.5122299589359045,0.31475834631139493,0.9995545657015591,0.5,0.6117573976318638,0.26187116925809073,0.13064910950488343,0.36584304044389326,0.6662916519609797,0.0
2021-08-24 22:00:00,0.16736401673640167,0.7529880478087649,0.5862993298585255,0.5061596143545797,0.31475834631139493,0.9995545657015591,0.5,0.48139047695918546,0.26855494286034437,0.16592397975184256,0.3393193176846502,0.6772617745743237,0.0
2021-08-24 22:10:00,0.14644351464435149,0.3227091633466135,0.5806403574087862,0.49830387430815937,0.31475834631139493,0.9995545657015591,0.5,0.48139047695918546,0.26855494286034437,0.16592397975184256,0.3393193176846502,0.6772617745743237,0.0
2021-08-24 22:20:00,0.1199442119944212,0.49003984063745,0.5800446760982871,0.4893768969826817,0.31475834631139493,0.9995545657015591,0.5,0.48139047695918546,0.26855494286034437,0.16592397975184256,0.3393193176846502,0.6772617745743237,0.0
2021-08-24 22:30:00,0.17852161785216178,0.28552456839309426,0.581831720029784,0.48402071058739504,0.31293923649736294,0.9995545657015591,0.5,0.48139047695918546,0.26855494286034437,0.16592397975184256,0.3393193176846502,0.6772617745743237,0.0
2021-08-24 22:40:00,0.3891213389121339,0.08100929614873831,0.581831720029784,0.48866273879664335,0.19649003415738572,0.6342984409799555,0.5,0.48139047695918546,0.26855494286034437,0.16592397975184256,0.3393193176846502,0.6772617745743237,0.07080133379603784
2021-08-24 22:50:00,0.39539748953974896,-0.12350597609561753,0.573790022338049,0.5061596143545797,0.19310046982764262,0.00011135857461024499,0.5,0.48139047695918546,0.26855494286034437,0.16592397975184256,0.3393193176846502,0.6772617745743237,0.2969054121339228
2021-08-24 23:00:00,0.5774058577405857,-0.059760956175298974,0.5437081161578554,0.4736654168898411,0.19625446598002905,0.00011135857461024499,0.5,0.3891890296352205,0.2721698126761819,0.19399365193860116,0.2591091268186095,0.7293700054407678,0.6249151289285876
2021-08-24 23:10:00,0.592747559274756,-0.45019920318725104,0.5264333581533878,0.4508123549366183,0.19108505319914673,0.00011135857461024499,0.5,0.3891890296352205,0.2721698126761819,0.19399365193860116,0.2591091268186095,0.7293700054407678,0.6624168263500159
2021-08-24 23:20:00,0.5822873082287308,0.1394422310756971,0.5127326880119134,0.44259953579717903,0.18090327308895318,0.00011135857461024499,0.5,0.3891890296352205,0.2721698126761819,0.19399365193860116,0.2591091268186095,0.7293700054407678,0.6765770931092234
2021-08-24 23:30:00,0.5725244072524408,0.17131474103585642,0.5011169024571853,0.44081414033208355,0.1895931214092212,0.00011135857461024499,0.5,0.3891890296352205,0.2721698126761819,0.19399365193860116,0.2591091268186095,0.7293700054407678,0.6564645352082925
2021-08-24 23:40:00,0.6464435146443515,0.05976095617529875,0.49426656738644814,0.43438671665773976,0.19112431456203952,0.00022271714922048998,0.5,0.3891890296352205,0.2721698126761819,0.19399365193860116,0.2591091268186095,0.7293700054407678,0.854278256408709
2021-08-24 23:50:00,0.7405857740585774,0.2111553784860556,0.4877140729709606,0.42760221389037656,0.19112431456203952,0.01024498886414254,0.5,0.3891890296352205,0.2721698126761819,0.19399365193860116,0.2591091268186095,0.7293700054407678,0.8462060745054846
2021-08-25 00:00:00,0.7482566248256626,-0.07569721115537853,0.4841399851079671,0.42617389751830026,0.19948698485820104,0.005790645879732739,0.5,0.3829923257876413,0.2601987891048159,0.19306943060585324,0.12178013306987501,0.8717951243091754,0.8381338926022602
2021-08-25 00:10:00,0.694560669456067,-0.1872509960159363,0.4763961280714817,0.4308159257275488,0.19489340539974612,0.026614699331848554,0.5,0.3829923257876413,0.2601987891048159,0.19306943060585324,0.12178013306987501,0.8717951243091754,0.8300617106990359
2021-08-25 00:20:00,0.6555090655509066,-0.1872509960159363,0.46835443037974667,0.4365291912158542,0.18927903050607897,0.07338530066815145,0.5,0.3829923257876413,0.2601987891048159,0.19306943060585324,0.12178013306987501,0.8717951243091754,0.5458454667531722
2021-08-25 00:30:00,0.6868898186889818,0.12350597609561742,0.4615040953090095,0.4372433494018926,0.18736831084529715,0.03975501113585746,0.5,0.3829923257876413,0.2601987891048159,0.19306943060585324,0.12178013306987501,0.8717951243091754,0.7989045973716372
2021-08-25 00:40:00,0.7322175732217573,-0.07569721115537853,0.45524944154877134,0.42831637207641493,0.19112431456203952,0.0066815144766146995,0.5,0.3829923257876413,0.2601987891048159,0.19306943060585324,0.12178013306987501,0.8717951243091754,0.8385449703517056
2021-08-25 00:50:00,0.8019525801952581,0.25099601593625476,0.4507818317200294,0.42046063202999484,0.19514206069806705,0.07160356347438752,0.5,0.3829923257876413,0.2601987891048159,0.19306943060585324,0.12178013306987501,0.8717951243091754,0.878185494213679
2021-08-25 01:00:00,0.8214783821478382,-0.2270916334661356,0.44095309009679795,0.41867523656489913,0.20107052649487642,0.08674832962138085,0.5,0.3206670084246568,0.26898309516762703,0.2406673364988675,0.14498253316892165,0.08339800590975223,0.7930956440394104
2021-08-25 01:10:00,0.7852161785216178,-0.298804780876494,0.4349962769918092,0.41867523656489913,0.20107052649487642,0.035523385300668155,0.5,0.3206670084246568,0.26898309516762703,0.2406673364988675,0.14498253316892165,0.08339800590975223,0.8682990328469906
2021-08-25 01:20:00,0.7245467224546723,-0.19521912350597614,0.4320178704393147,0.4176039992858418,0.20107052649487642,0.022048997772828507,0.5,0.3206670084246568,0.26898309516762703,0.2406673364988675,0.14498253316892165,0.08339800590975223,0.9435022707726664
2021-08-25 01:30:00,0.7475592747559275,-0.2828685258964144,0.426061057334326,0.41688984109980365,0.20107052649487642,0.01492204899777283,0.5,0.3206670084246568,0.26898309516762703,0.2406673364988675,0.14498253316892165,0.08339800590975223,0.9565441254130392
2021-08-25 01:40:00,0.7712691771269178,-0.21115537848605592,0.42427401340282933,0.414747366541689,0.20107052649487642,0.0244988864142539,0.5,0.3206670084246568,0.26898309516762703,0.2406673364988675,0.14498253316892165,0.08339800590975223,0.9695860554943647
2021-08-25 01:50:00,0.7454672245467224,-0.14741035856573714,0.4192107222635888,0.4165327620067847,0.19596654931881535,0.025946547884187085,0.5,0.3206670084246568,0.26898309516762703,0.2406673364988675,0.14498253316892165,0.08339800590975223,0.9826279101347376
2021-08-25 02:00:00,0.7140864714086471,-0.26693227091633476,0.4156366344005955,0.4161756829137653,0.19121592440878932,0.0016703786191536749,0.5,0.3133221578248182,0.2695175671753742,0.2663199314899379,0.2664692237609236,0.15646363132566482,0.9956696893341581
2021-08-25 02:10:00,0.6861924686192469,-0.33067729083665354,0.41027550260610535,0.42046063202999484,0.19046995851382656,0.00111358574610245,0.5,0.3133221578248182,0.2695175671753742,0.2663199314899379,0.2664692237609236,0.15646363132566482,0.9655234847684717
2021-08-25 02:20:00,0.6687587168758717,-0.11553784860557781,0.40580789277736407,0.4222460274950901,0.18132206095980946,0.00033407572383073496,0.5,0.3133221578248182,0.2695175671753742,0.2663199314899379,0.2664692237609236,0.15646363132566482,0.8935603603059885
2021-08-25 02:30:00,0.695258019525802,-0.17928286852589637,0.3989575577066269,0.4193893947509373,0.18132206095980946,0.000779510022271715,0.5,0.3133221578248182,0.2695175671753742,0.2663199314899379,0.2664692237609236,0.15646363132566482,0.9426724202966338
2021-08-25 02:40:00,0.7175732217573221,-0.3784860557768924,0.39717051377513,0.41867523656489913,0.18132206095980946,0.0071269487750556795,0.5,0.3133221578248182,0.2695175671753742,0.2663199314899379,0.2664692237609236,0.15646363132566482,0.9917844802872793
2021-08-25 02:50:00,0.6841004184100419,0.1633466135458166,0.3953834698436334,0.4172469201928226,0.1725536899137559,0.004788418708240535,0.5,0.3133221578248182,0.2695175671753742,0.2663199314899379,0.2664692237609236,0.15646363132566482,0.935558338488465
2021-08-25 03:00:00,0.7203626220362622,-0.11553784860557781,0.3968726731198806,0.4122478128905551,0.17985630341181244,0.007015590200445435,0.5,0.3093810233595031,0.276709951236614,0.3173144268692751,0.3346459236890761,0.15284810810771474,0.9888196508592725
2021-08-25 03:10:00,0.7866108786610878,-0.2749003984063746,0.3965748324646312,0.41010533833244045,0.18128279959691668,0.023942093541202674,0.5,0.3093810233595031,0.276709951236614,0.3173144268692751,0.3346459236890761,0.15284810810771474,0.937723493821386
2021-08-25 03:20:00,0.7782426778242678,-0.38645418326693237,0.39806403574087845,0.41331905016961246,0.18128279959691668,0.018151447661469932,0.5,0.3093810233595031,0.276709951236614,0.3173144268692751,0.3346459236890761,0.15284810810771474,0.8866273367834996
2021-08-25 03:30:00,0.6555090655509066,-0.2589641434262948,0.3962769918093818,0.4158186038207463,0.18128279959691668,0.004008908685968819,0.5,0.3093810233595031,0.276709951236614,0.3173144268692751,0.3346459236890761,0.15284810810771474,0.8355311797456131
2021-08-25 03:40:00,0.5557880055788006,-0.45019920318725104,0.3891288160833952,0.4258168184252813,0.17972543220216985,0.001893095768374165,0.5,0.3093810233595031,0.276709951236614,0.3173144268692751,0.3346459236890761,0.15284810810771474,0.6024639015042926
2021-08-25 03:50:00,0.5299860529986052,-0.08366533864541836,0.38198064035740864,0.4315300839135867,0.17005404980958239,0.00033407572383073496,0.5,0.3093810233595031,0.276709951236614,0.3173144268692751,0.3346459236890761,0.15284810810771474,0.5655959080827436
2021-08-25 04:00:00,0.5076708507670851,0.20318725099601576,0.37513030528667146,0.42474558114622396,0.17005404980958239,0.00022271714922048998,0.5,0.22394631753542016,0.2893160195053544,0.42880395132518856,0.39642130465927317,0.12329323568990146,0.5066463479034959
2021-08-25 04:10:00,0.5383542538354253,0.22709163346613526,0.37066269545792974,0.4115336547045172,0.17757914436403135,0.00033407572383073496,0.5,0.22394631753542016,0.2893160195053544,0.42880395132518856,0.39642130465927317,0.12329323568990146,0.5620049187500944
2021-08-25 04:20:00,0.5167364016736402,-0.21912350597609564,0.3655994043186892,0.404749151937154,0.1789794663072071,0.00022271714922048998,0.5,0.22394631753542016,0.2893160195053544,0.42880395132518856,0.39642130465927317,0.12329323568990146,0.5064577455225795
2021-08-25 04:30:00,0.48465829846582986,0.17928286852589648,0.3623231571109453,0.4033208355650777,0.1801573071939904,0.0008908685968819599,0.5,0.22394631753542016,0.2893160195053544,0.42880395132518856,0.39642130465927317,0.12329323568990146,0.44784766962898137
2021-08-25 04:40:00,0.41143654114365413,-0.2828685258964144,0.356664184661206,0.3886805927512944,0.17989556477470522,0.00033407572383073496,0.5,0.22394631753542016,0.2893160195053544,0.42880395132518856,0.39642130465927317,0.12329323568990146,0.3031594670851125
2021-08-25 04:50:00,0.4086471408647141,0.17928286852589648,0.35130305286671604,0.3811819317978933,0.1699231785999398,0.00033407572383073496,0.5,0.22394631753542016,0.2893160195053544,0.42880395132518856,0.39642130465927317,0.12329323568990146,0.30371018603738853
2021-08-25 05:00:00,0.43410044630404465,-0.011952191235059972,0.34787788533134756,0.3643992501339046,0.16431534726675479,0.0003897550111358575,0.5,0.21285574822152986,0.29818940423612267,0.46252179776266916,0.461215683576824,0.1079677331520698,0.35342954569458485
2021-08-25 05:10:00,0.4595536959553696,-0.20318725099601598,0.3444527177959791,0.3476164970540976,0.1587075159335698,0.00044543429844097997,0.5,0.21285574822152986,0.29818940423612267,0.46252179776266916,0.461215683576824,0.1079677331520698,0.40314890535178116
2021-08-25 05:20:00,0.4435146443514645,-0.1394422310756973,0.33879374534623974,0.33868951972861994,0.15606391749878945,0.00033407572383073496,0.5,0.21285574822152986,0.29818940423612267,0.46252179776266916,0.461215683576824,0.1079677331520698,0.36987944535811823
2021-08-25 05:30:00,0.4211994421199442,0.10756972111553775,0.3352196574832462,0.3276200678450276,0.15861590608681997,0.00033407572383073496,0.5,0.21285574822152986,0.29818940423612267,0.46252179776266916,0.461215683576824,0.1079677331520698,0.32205742565294143
2021-08-25 05:40:00,0.401673640167364,-0.019920318725099695,0.3298585256887563,0.3169076950544547,0.14979518655690935,0.00033407572383073496,0.5,0.21285574822152986,0.29818940423612267,0.46252179776266916,0.461215683576824,0.1079677331520698,0.28311480604131145
2021-08-25 05:50:00,0.40794979079497906,0.21912350597609564,0.3268801191362618,0.3036957686127477,0.1506458494195862,0.00022271714922048998,0.5,0.21285574822152986,0.29818940423612267,0.46252179776266916,0.461215683576824,0.1079677331520698,0.29821808470510136
2021-08-25 06:00:00,0.405160390516039,0.3306772908366533,0.32360387192851814,0.290126763078022,0.15865516744971275,0.00022271714922048998,0.5,0.20608904007473727,0.31858267218762976,0.43448129282433695,0.49793578643965414,0.09306946226548443,0.2852724172789957
2021-08-25 06:10:00,0.3821478382147839,-0.15537848605577698,0.32092330603127306,0.28262810212462064,0.16208399314234861,0.00022271714922048998,0.5,0.20608904007473727,0.31858267218762976,0.43448129282433695,0.49793578643965414,0.09306946226548443,0.2444965825248578
2021-08-25 06:20:00,0.3326359832635983,-0.24302788844621515,0.3182427401340282,0.2751294411712195,0.1585766447239272,0.00022271714922048998,0.5,0.20608904007473727,0.31858267218762976,0.43448129282433695,0.49793578643965414,0.09306946226548443,0.19285725062993195
2021-08-25 06:30:00,0.36401673640167365,-0.3944223107569722,0.31258376768428886,0.26977325477593306,0.15076363350826452,0.00022271714922048998,0.5,0.20608904007473727,0.31858267218762976,0.43448129282433695,0.49793578643965414,0.09306946226548443,0.21304524948322948
2021-08-25 06:40:00,0.43096234309623427,-0.2749003984063746,0.31198808637378983,0.26156043563649356,0.14228317912342464,0.00033407572383073496,0.5,0.20608904007473727,0.31858267218762976,0.43448129282433695,0.49793578643965414,0.09306946226548443,0.34072151726843397
2021-08-25 06:50:00,0.42538354253835425,0.09163346613545809,0.31317944899478767,0.2529905374040351,0.134875868657654,0.00033407572383073496,0.5,0.20608904007473727,0.31858267218762976,0.43448129282433695,0.49793578643965414,0.09306946226548443,0.3157354738446218
2021-08-25 07:00:00,0.4225941422594142,0.2669322709163344,0.3149664929262843,0.24584895554365294,0.134875868657654,0.00022271714922048998,0.5,0.2198341817803411,0.34615683017870236,0.48741287394156185,0.5239042135593188,0.0731306827291264,0.31017547565520465
2021-08-25 07:10:00,0.32914923291492326,0.22709163346613526,0.3149664929262843,0.24370648098553827,0.14560730784834644,0.00033407572383073496,0.5,0.2198341817803411,0.34615683017870236,0.48741287394156185,0.5239042135593188,0.0731306827291264,0.17720325301386605
2021-08-25 07:20:00,0.29428172942817293,0.027888446215139417,0.3149664929262843,0.2383502945902518,0.14245331169596,0.00022271714922048998,0.5,0.2198341817803411,0.34615683017870236,0.48741287394156185,0.5239042135593188,0.0731306827291264,0.1417610935920455
2021-08-25 07:30:00,0.33054393305439334,0.4501992031872508,0.32032762472077425,0.23763613640421344,0.13231079294865924,0.00022271714922048998,0.5,0.2198341817803411,0.34615683017870236,0.48741287394156185,0.5239042135593188,0.0731306827291264,0.17776906015661542
2021-08-25 07:40:00,0.16527196652719667,0.14741035856573692,0.3265822784810126,0.23763613640421344,0.13231079294865924,0.0635857461024499,0.5,0.2198341817803411,0.34615683017870236,0.48741287394156185,0.5239042135593188,0.0731306827291264,0.05077176094271014
2021-08-25 07:50:00,0.05230125523012552,0.14501992031872502,0.33670886075949347,0.2583467237993218,0.13231079294865924,0.9993318485523385,0.5,0.2198341817803411,0.34615683017870236,0.48741287394156185,0.5239042135593188,0.0731306827291264,0.0
2021-08-25 08:00:00,0.15132496513249652,0.1426294820717131,0.35547282204020836,0.28227102303160145,0.13231079294865924,0.9993318485523385,0.5,0.22076246496674856,0.37127701454280954,0.4692454825955859,0.48155696540735554,0.10234099260749861,0.0
2021-08-25 08:10:00,0.0404463040446304,0.14023904382470098,0.3655994043186892,0.2865559721478308,0.13231079294865924,0.9993318485523385,0.5,0.22076246496674856,0.37127701454280954,0.4692454825955859,0.48155696540735554,0.10234099260749861,0.0
2021-08-25 08:20:00,0.10529986052998605,0.13784860557768908,0.3697691734921815,0.2894126048919836,0.13231079294865924,0.9993318485523385,0.5,0.22076246496674856,0.37127701454280954,0.4692454825955859,0.48155696540735554,0.10234099260749861,0.0
2021-08-25 08:30:00,0.08228730822873082,0.13545816733067717,0.37572598659717027,0.2865559721478308,0.13231079294865924,0.9993318485523385,0.5,0.22076246496674856,0.37127701454280954,0.4692454825955859,0.48155696540735554,0.10234099260749861,0.0
2021-08-25 08:40:00,0.056485355648535567,0.13306772908366526,0.3813849590469096,0.2926263167291556,0.13231079294865924,0.9993318485523385,0.5,0.22076246496674856,0.37127701454280954,0.4692454825955859,0.48155696540735554,0.10234099260749861,0.0
2021-08-25 08:50:00,0.04741980474198048,0.13067729083665336,0.38972449739389403,0.2951258703802895,0.13231079294865924,0.9993318485523385,0.5,0.22076246496674856,0.37127701454280954,0.4692454825955859,0.48155696540735554,0.10234099260749861,0.0
2021-08-25 09:00:00,0.06624825662482565,0.12828685258964145,0.3989575577066269,0.30119621496161386,0.13231079294865924,0.9993318485523385,0.5,0.23967013127442494,0.37670219277198447,0.38151001888642744,0.4196251964921002,0.15701380156164454,0.0
2021-08-25 09:10:00,0.06764295676429567,0.12589641434262933,0.4067014147431123,0.3044099267987861,0.13231079294865924,0.9993318485523385,0.5,0.23967013127442494,0.37670219277198447,0.38151001888642744,0.4196251964921002,0.15701380156164454,0.0
2021-08-25 09:20:00,0.03417015341701534,0.12350597609561742,0.4129560685033504,0.3072665595429387,0.13231079294865924,0.9993318485523385,0.5,0.23967013127442494,0.37670219277198447,0.38151001888642744,0.4196251964921002,0.15701380156164454,0.0
2021-08-25 09:30:00,0.02370990237099024,0.12111553784860551,0.41831720029784036,0.315122299589359,0.13231079294865924,0.9993318485523385,0.5,0.23967013127442494,0.37670219277198447,0.38151001888642744,0.4196251964921002,0.15701380156164454,0.0
2021-08-25 09:40:00,0.0899581589958159,0.11872509960159339,0.4275502606105732,0.3233351187287985,0.13231079294865924,0.9993318485523385,0.5,0.23967013127442494,0.37670219277198447,0.38151001888642744,0.4196251964921002,0.15701380156164454,0.0
2021-08-25 09:50:00,0.14783821478382148,0.1163346613545817,0.43559195830230824,0.3279771469380468,0.13231079294865924,0.9993318485523385,0.5,0.23967013127442494,0.37670219277198447,0.38151001888642744,0.4196251964921002,0.15701380156164454,0.0
2021-08-25 10:00:00,0.10390516039051603,0.1139442231075698,0.4433358153387934,0.3329762542403143,0.13231079294865924,0.9993318485523385,0.5,0.47600805543817115,0.37622231736717987,0.278133808429766,0.3407819762176203,0.24139054008712907,0.0
2021-08-25 10:10:00,0.07531380753138076,0.11155378486055767,0.4528667163067759,0.33833244063560075,0.13231079294865924,0.9993318485523385,0.5,0.47600805543817115,0.37622231736717987,0.278133808429766,0.3407819762176203,0.24139054008712907,0.0
2021-08-25 10:20:00,0.060669456066945605,0.10916334661354576,0.4615040953090095,0.3458311015890019,0.13231079294865924,0.9993318485523385,0.5,0.47600805543817115,0.37622231736717987,0.278133808429766,0.3407819762176203,0.24139054008712907,0.0
2021-08-25 10:30:00,0.07112970711297072,0.10677290836653386,0.4728220402084884,0.3547580789144795,0.13231079294865924,0.9993318485523385,0.5,0.47600805543817115,0.37622231736717987,0.278133808429766,0.3407819762176203,0.24139054008712907,0.0
2021-08-25 10:40:00,0.055090655509065556,0.10438247011952173,0.48354430379746827,0.36261381896089984,0.13231079294865924,0.9993318485523385,0.5,0.47600805543817115,0.37622231736717987,0.278133808429766,0.3407819762176203,0.24139054008712907,0.0
2021-08-25 10:50:00,0.0404463040446304,0.10199203187250983,0.4939687267311985,0.37225495447241563,0.13231079294865924,0.9993318485523385,0.5,0.47600805543817115,0.37622231736717987,0.278133808429766,0.3407819762176203,0.24139054008712907,0.0
2021-08-25 11:00:00,0.07880055788005579,0.09960159362549792,0.5052866716306774,0.3840385645420461,0.13231079294865924,0.9993318485523385,0.5,0.47994105174965296,0.3865496958394527,0.26559747142782686,0.16019880538244893,0.34502639877620034,0.0
2021-08-25 11:10:00,0.030683403068340307,0.1467974256818878,0.5097542814594189,0.3929655418675235,0.13231079294865924,0.9993318485523385,0.5,0.47994105174965296,0.3865496958394527,0.26559747142782686,0.16019880538244893,0.34502639877620034,0.0
2021-08-25 11:20:00,0.07252440725244073,0.1939932577382777,0.5225614296351451,0.40082128191394384,0.13231079294865924,0.9993318485523385,0.5,0.47994105174965296,0.3865496958394527,0.26559747142782686,0.16019880538244893,0.34502639877620034,0.0
2021-08-25 11:30:00,0.07252440725244073,0.24118908979466736,0.5365599404318686,0.407962863774326,0.13231079294865924,0.9993318485523385,0.5,0.47994105174965296,0.3865496958394527,0.26559747142782686,0.16019880538244893,0.34502639877620034,0.0
2021-08-25 11:40:00,0.12622036262203626,0.28838492185105724,0.543410275502606,0.4172469201928226,0.13231079294865924,0.9993318485523385,0.5,0.47994105174965296,0.3865496958394527,0.26559747142782686,0.16019880538244893,0.34502639877620034,0.0
2021-08-25 11:50:00,0.0801952580195258,0.3355807539074469,0.5472822040208485,0.4240314229601856,0.13231079294865924,0.9993318485523385,0.5,0.47994105174965296,0.3865496958394527,0.26559747142782686,0.16019880538244893,0.34502639877620034,0.0
2021-08-25 12:00:00,0.04672245467224547,0.3827765859638368,0.5553239017125835,0.4308159257275488,0.13231079294865924,0.9993318485523385,0.5,0.4800306047949068,0.39460700503150736,0.25382011695559364,0.07362447137242425,0.6120210270075723,0.0
2021-08-25 12:10:00,0.08368200836820083,0.4299724180202269,0.5642591213700667,0.44259953579717903,0.13231079294865924,0.9993318485523385,0.5,0.4800306047949068,0.39460700503150736,0.25382011695559364,0.07362447137242425,0.6120210270075723,0.0
2021-08-25 12:20:00,0.09902370990237098,0.47716825007661656,0.5714072970960533,0.45045527584359935,0.13231079294865924,0.9993318485523385,0.5,0.4800306047949068,0.39460700503150736,0.25382011695559364,0.07362447137242425,0.6120210270075723,0.0
2021-08-25 12:30:00,0.0502092050209205,0.5243640821330064,0.5776619508562917,0.45831101589001966,0.13231079294865924,0.9993318485523385,0.5,0.4800306047949068,0.39460700503150736,0.25382011695559364,0.07362447137242425,0.6120210270075723,0.0
2021-08-25 12:40:00,0.08437935843793584,0.5715599141893963,0.5883842144452716,0.46938046777361175,0.13231079294865924,0.9993318485523385,0.5,0.4800306047949068,0.39460700503150736,0.25382011695559364,0.07362447137242425,0.6120210270075723,0.0
2021-08-25 12:50:00,0.07391910739191074,0.618755746245786,0.6014892032762469,0.47759328691305103,0.13231079294865924,0.9993318485523385,0.5,0.4800306047949068,0.39460700503150736,0.25382011695559364,0.07362447137242425,0.6120210270075723,0.0
2021-08-25 13:00:00,0.07322175732217574,0.6659515783021759,0.6071481757259864,0.48544902695947156,0.13231079294865924,0.9993318485523385,0.5,0.5687713355544266,0.3839031973494779,0.19077041735923034,0.17383244750381294,0.7212814638421262,0.0
2021-08-25 13:10:00,0.1394700139470014,0.7131474103585655,0.6125093075204764,0.49401892519193,0.13231079294865924,0.9993318485523385,0.5,0.5687713355544266,0.3839031973494779,0.19077041735923034,0.17383244750381294,0.7212814638421262,0.0
2021-08-25 13:20:00,0.10599721059972106,0.6185258964143425,0.6125093075204764,0.5015175861453312,0.13231079294865924,0.9993318485523385,0.5,0.5687713355544266,0.3839031973494779,0.19077041735923034,0.17383244750381294,0.7212814638421262,0.0
2021-08-25 13:30:00,0.11366806136680613,0.5239043824701195,0.6181682799702157,0.5068737725406176,0.13231079294865924,0.9993318485523385,0.5,0.5687713355544266,0.3839031973494779,0.19077041735923034,0.17383244750381294,0.7212814638421262,0.0
2021-08-25 13:40:00,0.11715481171548117,0.42928286852589626,0.6208488458674608,0.514372433494019,0.13231079294865924,0.9993318485523385,0.5,0.5687713355544266,0.3839031973494779,0.19077041735923034,0.17383244750381294,0.7212814638421262,0.0
2021-08-25 13:50:00,0.10460251046025104,0.33466135458167323,0.6274013402829486,0.5200856989823246,0.13231079294865924,0.9993318485523385,0.5,0.5687713355544266,0.3839031973494779,0.19077041735923034,0.17383244750381294,0.7212814638421262,0.0
2021-08-25 14:00:00,0.07880055788005579,0.2400398406374502,0.6339538346984361,0.5275843599357259,0.13231079294865924,0.9993318485523385,0.5,0.5888434582751181,0.3675960541023593,0.1733665738514096,0.20908425940855033,0.7563973039711667,0.0
2021-08-25 14:10:00,0.09274755927475593,0.14541832669322696,0.6381236038719285,0.535440099982146,0.13231079294865924,0.9993318485523385,0.5,0.5888434582751181,0.3675960541023593,0.1733665738514096,0.20908425940855033,0.7563973039711667,0.0
2021-08-25 14:20:00,0.099721059972106,0.05079681274900394,0.6345495160089349,0.5365113372612034,0.13231079294865924,0.9993318485523385,0.5,0.5888434582751181,0.3675960541023593,0.1733665738514096,0.20908425940855033,0.7563973039711667,0.0
2021-08-25 14:30:00,0.25871687587168757,-0.043824701195219196,0.635740878629933,0.5397250490983752,0.17794558375103062,0.9993318485523385,0.5,0.5888434582751181,0.3675960541023593,0.1733665738514096,0.20908425940855033,0.7563973039711667,0.0
2021-08-25 14:40:00,0.060669456066945605,-0.03585657370517936,0.6405063291139239,0.5586502410283878,0.32789781575951105,0.9993318485523385,0.5,0.5888434582751181,0.3675960541023593,0.1733665738514096,0.20908425940855033,0.7563973039711667,0.0
2021-08-25 14:50:00,0.0899581589958159,-0.02788844621513953,0.6509307520476544,0.5725763256561329,0.3391527397887738,0.9993318485523385,0.5,0.5888434582751181,0.3675960541023593,0.1733665738514096,0.20908425940855033,0.7563973039711667,0.0
2021-08-25 15:00:00,0.13598326359832635,-0.019920318725099695,0.6518242740134028,0.5765041956793431,0.3391527397887738,0.9993318485523385,0.5,0.6027758442250626,0.35622846666877384,0.16054376374427326,0.20628997985421121,0.7894543753897714,0.0
2021-08-25 15:10:00,0.10669456066945607,-0.01195219123505975,0.6533134772896498,0.5761471165863239,0.3391527397887738,0.9993318485523385,0.5,0.6027758442250626,0.35622846666877384,0.16054376374427326,0.20628997985421121,0.7894543753897714,0.0
2021-08-25 15:20:00,0.08507670850767085,-0.003984063745020028,0.6562918838421443,0.5793608284234957,0.3391527397887738,0.9993318485523385,0.5,0.6027758442250626,0.35622846666877384,0.16054376374427326,0.20628997985421121,0.7894543753897714,0.0
2021-08-25 15:30:00,0.08298465829846582,0.1633466135458166,0.6598659717051376,0.5836457775397252,0.3391527397887738,0.9993318485523385,0.5,0.6027758442250626,0.35622846666877384,0.16054376374427326,0.20628997985421121,0.7894543753897714,0.0
2021-08-25 15:40:00,0.14853556485355648,0.3306772908366533,0.6679076693968726,0.5854311730048205,0.3391527397887738,0.9993318485523385,0.5,0.6027758442250626,0.35622846666877384,0.16054376374427326,0.20628997985421121,0.7894543753897714,0.0
2021-08-25 15:50:00,0.3263598326359832,0.49800796812749004,0.6705882352941175,0.5754329584002855,0.3832170760754342,0.38474387527839643,0.5,0.6027758442250626,0.35622846666877384,0.16054376374427326,0.20628997985421121,0.7894543753897714,0.06915672103444634
2021-08-25 16:00:00,0.31241283124128316,0.4183266932270917,0.6738644825018612,0.5629351901446169,0.4058708824645666,0.00011135857461024499,0.5,0.6513397769278668,0.3458522386043956,0.12930944510324383,0.1816329223397443,0.7769370809590919,0.1472381067338594
2021-08-25 16:10:00,0.18758716875871687,-0.1394422310756973,0.6783320923306031,0.5740046420282092,0.4423054272290639,0.00022271714922048998,0.5,0.6513397769278668,0.3458522386043956,0.12930944510324383,0.1816329223397443,0.7769370809590919,0.03233399218431734
2021-08-25 16:20:00,0.15202231520223153,-0.8087649402390438,0.6783320923306031,0.6168541331905018,0.4662155972307652,0.8765033407572382,0.5,0.6513397769278668,0.3458522386043956,0.12930944510324383,0.1816329223397443,0.7769370809590919,0.0
2021-08-25 16:30:00,0.31659693165969316,-0.36254980079681276,0.681012658227848,0.6307802178182469,0.3586394629045557,0.46636971046770603,0.5,0.6513397769278668,0.3458522386043956,0.12930944510324383,0.1816329223397443,0.7769370809590919,0.05686738989393002
2021-08-25 16:40:00,0.2482566248256625,0.08366533864541825,0.6842889054355916,0.6232815568648455,0.37613694363377,0.00033407572383073496,0.5,0.6513397769278668,0.3458522386043956,0.12930944510324383,0.1816329223397443,0.7769370809590919,0.09103459722075531
2021-08-25 16:50:00,0.21548117154811713,-0.38645418326693237,0.6807148175725986,0.6204249241206927,0.33332897095967856,0.00033407572383073496,0.5,0.6513397769278668,0.3458522386043956,0.12930944510324383,0.1816329223397443,0.7769370809590919,0.06334776770221948
2021-08-25 17:00:00,0.21338912133891214,-0.019920318725099695,0.6774385703648547,0.6375647205856096,0.28582272185941815,0.00011135857461024499,0.5,0.6579436219387282,0.32670032499346413,0.12057753180910366,0.1811143595144087,0.7449576450998875,0.07370581046215127
2021-08-25 17:10:00,0.13389121338912133,0.9681274900398404,0.6470588235294115,0.6132833422603108,0.3150855243355014,0.25623608017817373,0.5,0.6579436219387282,0.32670032499346413,0.12057753180910366,0.1811143595144087,0.7449576450998875,0.0242240898049097
2021-08-25 17:20:00,0.048814504881450484,0.6308100929614873,0.6473566641846609,0.5929298339582219,0.33233434976639487,0.9993318485523385,0.5,0.6579436219387282,0.32670032499346413,0.12057753180910366,0.1811143595144087,0.7449576450998875,0.0
2021-08-25 17:30:00,0.14435146443514643,0.2934926958831341,0.6634400595681309,0.5986430994465273,0.33233434976639487,0.9993318485523385,0.5,0.6579436219387282,0.32670032499346413,0.12057753180910366,0.1811143595144087,0.7449576450998875,0.0
2021-08-25 17:40:00,0.2880055788005579,-0.043824701195219196,0.6738644825018612,0.6011426530976611,0.3341272853384984,0.28396436525612473,0.5,0.6579436219387282,0.32670032499346413,0.12057753180910366,0.1811143595144087,0.7449576450998875,0.061582449416841434
2021-08-25 17:50:00,0.29009762900976294,-0.01195219123505975,0.6610573343261352,0.596857703981432,0.33454607320935464,0.00011135857461024499,0.5,0.6579436219387282,0.32670032499346413,0.12057753180910366,0.1811143595144087,0.7449576450998875,0.15303951597084964
2021-08-25 18:00:00,0.27266387726638774,-0.3466135458167332,0.6321667907669395,0.5582931619353688,0.3374645011843845,0.00022271714922048998,0.5,0.572044741168352,0.3144333303640451,0.1936315976157423,0.34337023377565984,0.6380368340487668,0.11485884997812212
2021-08-25 18:10:00,0.2824267782426778,0.38645418326693215,0.6265078183172001,0.5482949473308338,0.2951407519859706,0.00022271714922048998,0.5,0.572044741168352,0.3144333303640451,0.1936315976157423,0.34337023377565984,0.6380368340487668,0.13362101483169125
2021-08-25 18:20:00,0.18340306834030684,-0.4900398406374503,0.6253164556962023,0.5450812354936618,0.3186059598748871,0.01648106904231626,0.5,0.572044741168352,0.3144333303640451,0.1936315976157423,0.34337023377565984,0.6380368340487668,0.036030598850279885
2021-08-25 18:30:00,0.21827057182705717,-0.19521912350597614,0.6265078183172001,0.5397250490983752,0.28557406656109724,0.00022271714922048998,0.5,0.572044741168352,0.3144333303640451,0.1936315976157423,0.34337023377565984,0.6380368340487668,0.07264209303378247
2021-08-25 18:40:00,0.30822873082287305,0.49800796812749004,0.6321667907669395,0.54186752365649,0.27643925612804443,0.00033407572383073496,0.5,0.572044741168352,0.3144333303640451,0.1936315976157423,0.34337023377565984,0.6380368340487668,0.1439187048297298
2021-08-25 18:50:00,0.34309623430962344,-0.12350597609561753,0.6309754281459417,0.5357971790751652,0.298190051170643,0.00022271714922048998,0.5,0.572044741168352,0.3144333303640451,0.1936315976157423,0.34337023377565984,0.6380368340487668,0.1990434087239917
2021-08-25 19:00:00,0.28591352859135283,-0.06772908366533881,0.6303797468354431,0.5272272808427065,0.3011477405085655,0.00022271714922048998,0.5,0.5804400139682737,0.322953273928397,0.18306874200516213,0.3411290348622555,0.6384603241549438,0.14584244911507763
2021-08-25 19:10:00,0.3354253835425383,0.019920318725099362,0.6279970215934472,0.5236564899125158,0.29270654748661845,0.00022271714922048998,0.5,0.5804400139682737,0.322953273928397,0.18306874200516213,0.3411290348622555,0.6384603241549438,0.1791873500611072
2021-08-25 19:20:00,0.2608089260808926,0.2749003984063745,0.629188384214445,0.5304409926798785,0.3116436115219013,0.00033407572383073496,0.5,0.5804400139682737,0.322953273928397,0.18306874200516213,0.3411290348622555,0.6384603241549438,0.13107111064170074
2021-08-25 19:30:00,0.3472803347280335,0.21912350597609564,0.6244229337304541,0.5297268344938404,0.32946827027522213,0.00022271714922048998,0.5,0.5804400139682737,0.322953273928397,0.18306874200516213,0.3411290348622555,0.6384603241549438,0.1943509814867903
2021-08-25 19:40:00,0.36052998605299863,-0.043824701195219196,0.6148920327624718,0.5243706480985537,0.2922354111319051,0.00022271714922048998,0.5,0.5804400139682737,0.322953273928397,0.18306874200516213,0.3411290348622555,0.6384603241549438,0.21442581891153795
2021-08-25 19:50:00,0.3284518828451883,-0.06772908366533881,0.6122114668652268,0.517586145331191,0.3014094829278507,0.00022271714922048998,0.5,0.5804400139682737,0.322953273928397,0.18306874200516213,0.3411290348622555,0.6384603241549438,0.17779923653756205
2021-08-25 20:00:00,0.3103207810320781,0.12350597609561742,0.6053611317944898,0.5186573826102483,0.3179254295847457,0.00022271714922048998,0.5,0.5925484195138253,0.31251957575565975,0.17441760930775085,0.33379510202636975,0.6407978300536883,0.1472230185433861
2021-08-25 20:10:00,0.24686192468619247,0.03585657370517925,0.598808637379002,0.5154436707730763,0.3111070395623667,0.00033407572383073496,0.5,0.5925484195138253,0.31251957575565975,0.17441760930775085,0.33379510202636975,0.6407978300536883,0.09500279131523758
2021-08-25 20:20:00,0.2873082287308229,0.01195219123505975,0.5895755770662694,0.5086591680057133,0.30647419874101894,0.00033407572383073496,0.5,0.5925484195138253,0.31251957575565975,0.17441760930775085,0.33379510202636975,0.6407978300536883,0.1256393620713068
2021-08-25 20:30:00,0.2280334728033473,-0.21115537848605592,0.5791511541325389,0.5058025352615605,0.3153996152386436,0.00022271714922048998,0.5,0.5925484195138253,0.31251957575565975,0.17441760930775085,0.33379510202636975,0.6407978300536883,0.08377717760309006
2021-08-25 20:40:00,0.1680613668061367,0.19521912350597592,0.5723008190618017,0.4925906088198535,0.3095234979256913,0.00022271714922048998,0.5,0.5925484195138253,0.31251957575565975,0.17441760930775085,0.33379510202636975,0.6407978300536883,0.05117159799025303
2021-08-25 20:50:00,0.18758716875871687,-0.23505976095617542,0.5648548026805658,0.4861631851455097,0.3095234979256913,0.00033407572383073496,0.5,0.5925484195138253,0.31251957575565975,0.17441760930775085,0.33379510202636975,0.6407978300536883,0.05727477103670957
2021-08-25 21:00:00,0.15829846582984658,0.2589641434262948,0.5603871928518243,0.47937868237814674,0.3095234979256913,0.00033407572383073496,0.5,0.5966280026535717,0.3163355909507561,0.17358963989481024,0.28456538296616757,0.6068272105978931,0.04134918599212397
2021-08-25 21:10:00,0.1094839609483961,0.15537848605577675,0.5559195830230825,0.4815211569362612,0.3095234979256913,0.00033407572383073496,0.5,0.5966280026535717,0.3163355909507561,0.17358963989481024,0.28456538296616757,0.6068272105978931,0.011482112950193885
2021-08-25 21:20:00,0.09623430962343095,-0.3545816733067729,0.552941176470588,0.49044813426173883,0.3095234979256913,0.0006681514476614699,0.5,0.5966280026535717,0.3163355909507561,0.17358963989481024,0.28456538296616757,0.6068272105978931,0.0
2021-08-25 21:30:00,0.08298465829846582,-0.7131474103585658,0.5520476545048398,0.48044991965720407,0.30075512687963774,0.4115812917594655,0.5,0.5966280026535717,0.3163355909507561,0.17358963989481024,0.28456538296616757,0.6068272105978931,0.0
2021-08-25 21:40:00,0.08507670850767085,-0.6095617529880479,0.558302308265078,0.47937868237814674,0.2930075512687964,0.9995545657015591,0.5,0.5966280026535717,0.3163355909507561,0.17358963989481024,0.28456538296616757,0.6068272105978931,0.0
2021-08-25 21:50:00,0.06206415620641562,-0.50597609561753,0.5651526433358152,0.49366184609891084,0.2930075512687964,0.9995545657015591,0.5,0.5966280026535717,0.3163355909507561,0.17358963989481024,0.28456538296616757,0.6068272105978931,0.0
2021-08-25 22:00:00,0.08298465829846582,-0.40239043824701204,0.5669396872673118,0.4925906088198535,0.2930075512687964,0.9995545657015591,0.5,0.5446929397846656,0.32581815883013787,0.22419240644636773,0.19307346266111067,0.6016344117550942,0.0
2021-08-25 22:10:00,0.07252440725244073,-0.298804780876494,0.5639612807148173,0.4865202642385287,0.2930075512687964,0.9995545657015591,0.5,0.5446929397846656,0.32581815883013787,0.22419240644636773,0.19307346266111067,0.6016344117550942,0.0
2021-08-25 22:20:00,0.058577405857740586,-0.19521912350597614,0.5618763961280713,0.47795036600607044,0.2930075512687964,0.9995545657015591,0.5,0.5446929397846656,0.32581815883013787,0.22419240644636773,0.19307346266111067,0.6016344117550942,0.0
2021-08-25 22:30:00,0.3933054393305439,-0.0916334661354582,0.5615785554728219,0.4740224959828603,0.22899844263260527,0.9957683741648108,0.5,0.5446929397846656,0.32581815883013787,0.22419240644636773,0.19307346266111067,0.6016344117550942,0.0
2021-08-25 22:40:00,0.4595536959553696,0.01195219123505975,0.5568131049888307,0.4883056597036244,0.1533287092172593,0.023719376391982183,0.5,0.5446929397846656,0.32581815883013787,0.22419240644636773,0.19307346266111067,0.6016344117550942,0.3419285725062993
2021-08-25 22:50:00,0.4679218967921897,0.05976095617529875,0.537453462397617,0.4718800214247456,0.15619478870843204,0.00033407572383073496,0.5,0.5446929397846656,0.32581815883013787,0.22419240644636773,0.19307346266111067,0.6016344117550942,0.40937278392202425
2021-08-25 23:00:00,0.41283124128312415,-0.13147410358565736,0.5160089352196573,0.439385823960007,0.1533941448220806,0.00022271714922048998,0.5,0.40307258666216605,0.33906214530167333,0.2993834170496771,0.07444108712750379,0.17148307019726722,0.2956380041341642
2021-08-25 23:10:00,0.46513249651324967,0.33864541832669315,0.5029039463886817,0.4258168184252813,0.15635183416000314,0.00022271714922048998,0.5,0.40307258666216605,0.33906214530167333,0.2993834170496771,0.07444108712750379,0.17148307019726722,0.3924136578300164
2021-08-25 23:20:00,0.4344490934449094,0.2669322709163344,0.49635145197319397,0.4122478128905551,0.15635183416000314,0.00022271714922048998,0.5,0.40307258666216605,0.33906214530167333,0.2993834170496771,0.07444108712750379,0.17148307019726722,0.3327775849842329
2021-08-25 23:30:00,0.3849372384937238,0.20318725099601576,0.49009679821295604,0.40582038921621133,0.15635183416000314,0.00022271714922048998,0.5,0.40307258666216605,0.33906214530167333,0.2993834170496771,0.07444108712750379,0.17148307019726722,0.25769874918900976
2021-08-25 23:40:00,0.4100418410041841,0.05976095617529875,0.4841399851079671,0.4029637564720585,0.15635183416000314,0.00022271714922048998,0.5,0.40307258666216605,0.33906214530167333,0.2993834170496771,0.07444108712750379,0.17148307019726722,0.30253330718046983
2021-08-25 23:50:00,0.397489539748954,0.09960159362549792,0.4778853313477287,0.39617925370469576,0.15635183416000314,0.00033407572383073496,0.5,0.40307258666216605,0.33906214530167333,0.2993834170496771,0.07444108712750379,0.17148307019726722,0.2772153235662447
2021-08-26 00:00:00,0.4225941422594142,0.05976095617529875,0.47163067758749055,0.3908230673094091,0.15635183416000314,0.00044543429844097997,0.5,0.39102124825271467,0.3475102512305796,0.33228825814080104,0.3597943311883985,0.1475507299541719,0.3198620939390739
2021-08-26 00:10:00,0.5146443514644351,0.2669322709163344,0.4668652271034994,0.3858239600071418,0.15703236445014462,0.0013363028953229399,0.5,0.39102124825271467,0.3475102512305796,0.33228825814080104,0.3597943311883985,0.1475507299541719,0.4937233127631004
2021-08-26 00:20:00,0.48465829846582986,0.003984063745019917,0.4623976172747577,0.38510980182110344,0.16010783787674548,0.0016703786191536749,0.5,0.39102124825271467,0.3475102512305796,0.33228825814080104,0.3597943311883985,0.1475507299541719,0.4370671575357968
2021-08-26 00:30:00,0.4588563458856346,0.3705179282868525,0.4579300074460164,0.38296732726298877,0.15635183416000314,0.0006681514476614699,0.5,0.39102124825271467,0.3475102512305796,0.33228825814080104,0.3597943311883985,0.1475507299541719,0.36985681307240825
2021-08-26 00:40:00,0.4246861924686192,0.003984063745019917,0.4540580789277735,0.38296732726298877,0.15635183416000314,0.00033407572383073496,0.5,0.39102124825271467,0.3475102512305796,0.33228825814080104,0.3597943311883985,0.1475507299541719,0.3297524027943329
2021-08-26 00:50:00,0.42398884239888424,-0.3545816733067729,0.4516753536857778,0.38510980182110344,0.15635183416000314,0.00033407572383073496,0.5,0.39102124825271467,0.3475102512305796,0.33228825814080104,0.3597943311883985,0.1475507299541719,0.3134420688926777
2021-08-26 01:00:00,0.4428172942817294,-0.31474103585657376,0.44810126582278453,0.3840385645420461,0.15635183416000314,0.00033407572383073496,0.5,0.3029074555161506,0.34973721792952533,0.34251353455437583,0.5839018004548127,0.16911365849176896,0.33718333660244126
2021-08-26 01:10:00,0.42329149232914925,-0.3067729083665339,0.44363365599404303,0.38296732726298877,0.15635183416000314,0.00033407572383073496,0.5,0.3029074555161506,0.34973721792952533,0.34251353455437583,0.5839018004548127,0.16911365849176896,0.3007981652760385
2021-08-26 01:20:00,0.4086471408647141,-0.17131474103585675,0.43767684288905406,0.3804677736118549,0.14941566004894585,0.00033407572383073496,0.5,0.3029074555161506,0.34973721792952533,0.34251353455437583,0.5839018004548127,0.16911365849176896,0.28512153537426255
2021-08-26 01:30:00,0.4072524407252441,0.1394422310756971,0.4346984363365598,0.36761292626316733,0.14513617149363311,0.00033407572383073496,0.5,0.3029074555161506,0.34973721792952533,0.34251353455437583,0.5839018004548127,0.16911365849176896,0.3019373236567739
2021-08-26 01:40:00,0.4428172942817294,0.05976095617529875,0.42963514519731927,0.35940010712372805,0.1528837471044745,0.00033407572383073496,0.5,0.3029074555161506,0.34973721792952533,0.34251353455437583,0.5839018004548127,0.16911365849176896,0.342177527649109
2021-08-26 01:50:00,0.41841004184100417,0.29083665338645415,0.4266567386448248,0.3533297625424032,0.15635183416000314,0.00033407572383073496,0.5,0.3029074555161506,0.34973721792952533,0.34251353455437583,0.5839018004548127,0.16911365849176896,0.3057772681322329
2021-08-26 02:00:00,0.42329149232914925,0.38645418326693215,0.42129560685033485,0.34511694340296395,0.15635183416000314,0.00033407572383073496,0.5,0.29789145103616366,0.35125442879022606,0.3482760951445789,0.6700093483629004,0.19058911629121122,0.3261161488902636
2021-08-26 02:10:00,0.38772663877266383,0.05976095617529875,0.41653015636634394,0.34297446884484906,0.15635183416000314,0.00022271714922048998,0.5,0.29789145103616366,0.35125442879022606,0.3482760951445789,0.6700093483629004,0.19058911629121122,0.2623157354738446
2021-08-26 02:20:00,0.4330543933054393,0.1633466135458166,0.4150409530900967,0.33690412426352423,0.15635183416000314,0.000556792873051225,0.5,0.29789145103616366,0.35125442879022606,0.3482760951445789,0.6700093483629004,0.19058911629121122,0.33802073117371034
2021-08-26 02:30:00,0.43235704323570434,0.4820717131474104,0.4117647058823528,0.3326191751472951,0.16502859535930692,0.0006681514476614699,0.5,0.29789145103616366,0.35125442879022606,0.3482760951445789,0.6700093483629004,0.19058911629121122,0.3215746035577953
2021-08-26 02:40:00,0.4581589958158996,-0.14741035856573714,0.40491437081161563,0.3265488305659703,0.1824868147256285,0.04944320712694878,0.5,0.29789145103616366,0.35125442879022606,0.3482760951445789,0.6700093483629004,0.19058911629121122,0.25609185690360153
2021-08-26 02:50:00,0.4797768479776848,0.019920318725099362,0.40551005212211444,0.325120514193894,0.1828401669916635,0.07828507795100223,0.5,0.29789145103616366,0.35125442879022606,0.3482760951445789,0.6700093483629004,0.19058911629121122,0.22868415890882207
2021-08-26 03:00:00,0.4665271966527197,-0.1633466135458168,0.3870439314966492,0.3179789323335118,0.18817971234508124,0.016592427616926503,0.5,0.3012137522792666,0.33693287778694264,0.34851057445910294,0.6435629606991613,0.20462930848407518,0.32800971679466484
2021-08-26 03:10:00,0.47419804741980476,-0.19521912350597614,0.3831720029784065,0.30798071772897706,0.1678815877295154,0.00033407572383073496,0.5,0.3012137522792666,0.33693287778694264,0.34851057445910294,0.6435629606991613,0.20462930848407518,0.39586885344840594
2021-08-26 03:20:00,0.4783821478382148,-0.40239043824701204,0.3804914370811614,0.3044099267987861,0.1678815877295154,0.00033407572383073496,0.5,0.3012137522792666,0.33693287778694264,0.34851057445910294,0.6435629606991613,0.20462930848407518,0.4115153069692352
2021-08-26 03:30:00,0.5453277545327755,-0.02788844621513953,0.3804914370811614,0.30298161042670957,0.1678815877295154,0.00022271714922048998,0.5,0.3012137522792666,0.33693287778694264,0.34851057445910294,0.6435629606991613,0.20462930848407518,0.562299138464324
2021-08-26 03:40:00,0.504881450488145,0.2589641434262948,0.3793000744601638,0.3040528477057669,0.17070840585779534,0.0069042316258351895,0.5,0.3012137522792666,0.33693287778694264,0.34851057445910294,0.6435629606991613,0.20462930848407518,0.4890007091449523
2021-08-26 03:50:00,0.49790794979079495,0.2111553784860556,0.3739389426656736,0.30298161042670957,0.1791626860007067,0.009020044543429844,0.5,0.3012137522792666,0.33693287778694264,0.34851057445910294,0.6435629606991613,0.20462930848407518,0.464942589435249
2021-08-26 04:00:00,0.4735006973500697,-0.298804780876494,0.36291883842144435,0.2986966613104802,0.19031291306225545,0.0026726057906458797,0.5,0.23584299766895245,0.33763688661435043,0.41152692194096124,0.6272254923354197,0.21786562034063797,0.43302352248894793
2021-08-26 04:10:00,0.5655509065550907,-0.13147410358565736,0.3536857781087117,0.2965541867523658,0.19037834866707673,0.00033407572383073496,0.5,0.23584299766895245,0.33763688661435043,0.41152692194096124,0.6272254923354197,0.21786562034063797,0.6375062238785703
2021-08-26 04:20:00,0.49442119944211993,-0.26693227091633476,0.34415487714072945,0.29369755400821274,0.19037834866707673,0.00022271714922048998,0.5,0.23584299766895245,0.33763688661435043,0.41152692194096124,0.6272254923354197,0.21786562034063797,0.4741237533382622
2021-08-26 04:30:00,0.4693165969316597,-0.33864541832669326,0.33670886075949347,0.2908409212640599,0.18516967452330163,0.00022271714922048998,0.5,0.23584299766895245,0.33763688661435043,0.41152692194096124,0.6272254923354197,0.21786562034063797,0.4142839899210888
2021-08-26 04:40:00,0.46722454672245467,-0.298804780876494,0.3289650037230081,0.2879842885199073,0.17914959887974247,0.00022271714922048998,0.5,0.23584299766895245,0.33763688661435043,0.41152692194096124,0.6272254923354197,0.21786562034063797,0.4181013021108379
2021-08-26 04:50:00,0.4783821478382148,0.003984063745019917,0.32300819061801933,0.28119978575254434,0.17451675805839476,0.00022271714922048998,0.5,0.23584299766895245,0.33763688661435043,0.41152692194096124,0.6272254923354197,0.21786562034063797,0.431476982965433
2021-08-26 05:00:00,0.5125523012552301,-0.0916334661354582,0.31645569620253156,0.27262988752008566,0.17911033751684968,0.000779510022271715,0.5,0.23126672032066997,0.32652216765754566,0.42315818654281495,0.6064211944210508,0.21997359432840852,0.5045566335229416
2021-08-26 05:10:00,0.5264993026499303,-0.23505976095617542,0.31317944899478767,0.2654883056597035,0.17911033751684968,0.00868596881959911,0.5,0.23126672032066997,0.32652216765754566,0.42315818654281495,0.6064211944210508,0.21997359432840852,0.5151032786637898
2021-08-26 05:20:00,0.5446304044630405,-0.3067729083665339,0.310796723752792,0.2622745938225317,0.17911033751684968,0.015367483296213808,0.5,0.23126672032066997,0.32652216765754566,0.42315818654281495,0.6064211944210508,0.21997359432840852,0.5496175143715014
2021-08-26 05:30:00,0.5055788005578801,-0.38645418326693237,0.30603127326880086,0.2640599892876272,0.17911033751684968,0.050445434298440985,0.5,0.23126672032066997,0.32652216765754566,0.42315818654281495,0.6064211944210508,0.21997359432840852,0.3807353984036695
2021-08-26 05:40:00,0.5244072524407252,-0.2509960159362551,0.30543559195830206,0.26156043563649356,0.1729986520265407,0.07071269487750556,0.5,0.23126672032066997,0.32652216765754566,0.42315818654281495,0.6064211944210508,0.21997359432840852,0.3478280549813661
2021-08-26 05:50:00,0.5543933054393305,-0.06772908366533881,0.3036485480268054,0.24870558828780576,0.17399327321982438,0.08552338530066815,0.5,0.23126672032066997,0.32652216765754566,0.42315818654281495,0.6064211944210508,0.21997359432840852,0.32588982603316385
2021-08-26 06:00:00,0.5474198047419805,-0.07569721115537853,0.3030528667163066,0.24120692733440463,0.1679470233343367,0.08507795100222718,0.5,0.21088518098887232,0.35160499645122173,0.5171567461879992,0.6208449129974182,0.20797147967104593,0.3189190820344916
2021-08-26 06:10:00,0.5718270571827057,-0.2749003984063746,0.3003723008190615,0.2340653454740227,0.1678815877295154,0.08674832962138085,0.5,0.21088518098887232,0.35160499645122173,0.5171567461879992,0.6208449129974182,0.20797147967104593,0.32635755993783666
2021-08-26 06:20:00,0.5481171548117155,-0.09960159362549814,0.29709605361131786,0.225495447241564,0.1609715878603866,0.06737193763919821,0.5,0.21088518098887232,0.35160499645122173,0.5171567461879992,0.6208449129974182,0.20797147967104593,0.3821612324033979
2021-08-26 06:30:00,0.5585774058577406,-0.05179282868525903,0.29709605361131786,0.22013926084627755,0.16209708026331288,0.0678173719376392,0.5,0.21088518098887232,0.35160499645122173,0.5171567461879992,0.6208449129974182,0.20797147967104593,0.40016144363806444
2021-08-26 06:40:00,0.5258019525801952,0.346613545816733,0.29381980640357397,0.21335475807891435,0.15814476973210664,0.031069042316258354,0.5,0.21088518098887232,0.35160499645122173,0.5171567461879992,0.6208449129974182,0.20797147967104593,0.4827089337175793
2021-08-26 06:50:00,0.6080892608089261,-0.23505976095617542,0.2911392405063289,0.21371183717193376,0.16797319757626522,0.0200445434298441,0.5,0.21088518098887232,0.35160499645122173,0.5171567461879992,0.6208449129974182,0.20797147967104593,0.6735669991097968
2021-08-26 07:00:00,0.6073919107391912,-0.05179282868525903,0.29352196574832456,0.22013926084627755,0.16797319757626522,0.01648106904231626,0.5,0.21003017454005257,0.3625271905450172,0.5206433737020733,0.6314302649444662,0.20400450380214072,0.6901941850113916
2021-08-26 07:10:00,0.5948396094839609,-0.21115537848605592,0.2923306031273267,0.2240671308694877,0.16797319757626522,0.0069042316258351895,0.5,0.21003017454005257,0.3625271905450172,0.5206433737020733,0.6314302649444662,0.20400450380214072,0.6821144590129306
2021-08-26 07:20:00,0.601115760111576,-0.21912350597609564,0.29381980640357397,0.23299410819496535,0.16797319757626522,0.000779510022271715,0.5,0.21003017454005257,0.3625271905450172,0.5206433737020733,0.6314302649444662,0.20400450380214072,0.7103444633885059
2021-08-26 07:30:00,0.599721059972106,-0.06772908366533881,0.2962025316455694,0.2383502945902518,0.16797319757626522,0.00033407572383073496,0.5,0.21003017454005257,0.3625271905450172,0.5206433737020733,0.6314302649444662,0.20400450380214072,0.6918538859634564
2021-08-26 07:40:00,0.5781032078103208,-0.019920318725099695,0.29709605361131786,0.24620603463667212,0.16797319757626522,0.000556792873051225,0.5,0.21003017454005257,0.3625271905450172,0.5206433737020733,0.6314302649444662,0.20400450380214072,0.6623413853976493
2021-08-26 07:50:00,0.5188284518828452,0.019920318725099362,0.29709605361131786,0.2547759328691306,0.16797319757626522,0.000556792873051225,0.5,0.21003017454005257,0.3625271905450172,0.5206433737020733,0.6314302649444662,0.20400450380214072,0.5134963863783817
2021-08-26 08:00:00,0.48884239888423986,-0.33067729083665354,0.29709605361131786,0.26156043563649356,0.16797319757626522,0.00044543429844097997,0.5,0.2097044816212803,0.35923127983057723,0.5032007250724331,0.654465844002802,0.21166169013061084,0.43552061801228176
2021-08-26 08:10:00,0.43654114365411434,-0.11553784860557781,0.29709605361131786,0.26477414747366557,0.16797319757626522,0.00022271714922048998,0.5,0.2097044816212803,0.35923127983057723,0.5032007250724331,0.654465844002802,0.21166169013061084,0.3459269429817282
2021-08-26 08:20:00,0.41352859135285913,-0.0916334661354582,0.2991809381980639,0.26477414747366557,0.16797319757626522,0.00033407572383073496,0.5,0.2097044816212803,0.35923127983057723,0.5032007250724331,0.654465844002802,0.21166169013061084,0.31035653394088447
2021-08-26 08:30:00,0.4170153417015342,0.03585657370517925,0.30394638868205504,0.26477414747366557,0.16797319757626522,0.0014476614699331849,0.5,0.2097044816212803,0.35923127983057723,0.5032007250724331,0.654465844002802,0.21166169013061084,0.3073539840366945
2021-08-26 08:40:00,0.43235704323570434,0.17131474103585642,0.3099032017870438,0.26156043563649356,0.17390166337307456,0.00044543429844097997,0.5,0.2097044816212803,0.35923127983057723,0.5032007250724331,0.654465844002802,0.21166169013061084,0.3490954629811247
2021-08-26 08:50:00,0.4630404463040446,-0.07569721115537853,0.3191362620997764,0.26298875200856986,0.17924120872649227,0.043318485523385304,0.5,0.2097044816212803,0.35923127983057723,0.5032007250724331,0.654465844002802,0.21166169013061084,0.3269837198424793
2021-08-26 09:00:00,0.5418410041841004,0.01195219123505975,0.32866716306775867,0.26477414747366557,0.18154454201620185,0.08942093541202673,0.5,0.21023376179823838,0.36421393822538284,0.4915612175525458,0.7211187423946066,0.23137971489554948,0.2941744496582525
2021-08-26 09:10:00,0.5418410041841004,0.22709163346613526,0.33670886075949347,0.26477414747366557,0.17972543220216985,0.07093541202672606,0.5,0.21023376179823838,0.36421393822538284,0.4915612175525458,0.7211187423946066,0.23137971489554948,0.35774099612233506
2021-08-26 09:20:00,0.5578800557880056,-0.19521912350597614,0.34266567386448243,0.26334583110158905,0.1880226668935101,0.04599109131403118,0.5,0.21023376179823838,0.36421393822538284,0.4915612175525458,0.7211187423946066,0.23137971489554948,0.4481796098193944
2021-08-26 09:30:00,0.5174337517433751,-0.24302788844621515,0.3489203276247206,0.2715586502410283,0.18870319718365156,0.05011135857461025,0.5,0.21023376179823838,0.36421393822538284,0.4915612175525458,0.7211187423946066,0.23137971489554948,0.38383602154593605
2021-08-26 09:40:00,0.5230125523012552,-0.05179282868525903,0.3590469099032014,0.28262810212462064,0.1905484812396121,0.04610244988864142,0.5,0.21023376179823838,0.36421393822538284,0.4915612175525458,0.7211187423946066,0.23137971489554948,0.42831600706127315
2021-08-26 09:50:00,0.5648535564853556,0.14741035856573692,0.3676842889054355,0.28691305124084976,0.19273403044064338,0.036191536748329624,0.5,0.21023376179823838,0.36421393822538284,0.4915612175525458,0.7211187423946066,0.23137971489554948,0.5208971438055434
2021-08-26 10:00:00,0.5404463040446305,-0.02788844621513953,0.3763216679076691,0.30155329405463327,0.19001190928007747,0.0024498886414253897,0.5,0.435554393385682,0.3564497265859606,0.3256529627520288,0.7462003021389423,0.2505873087178605,0.5530274454184709
2021-08-26 10:10:00,0.5655509065550907,0.20318725099601576,0.3870439314966492,0.318336011426531,0.19039143578804102,0.0006681514476614699,0.5,0.435554393385682,0.3564497265859606,0.3256529627520288,0.7462003021389423,0.2505873087178605,0.6292680718801394
2021-08-26 10:20:00,0.5369595536959554,-0.059760956175298974,0.395681310498883,0.325120514193894,0.18674012903901271,0.00111358574610245,0.5,0.435554393385682,0.3564497265859606,0.3256529627520288,0.7462003021389423,0.2505873087178605,0.5583158561793684
2021-08-26 10:30:00,0.5523012552301255,-0.15537848605577698,0.40491437081161563,0.3440457061239066,0.19308738270667838,0.00044543429844097997,0.5,0.435554393385682,0.3564497265859606,0.3256529627520288,0.7462003021389423,0.2505873087178605,0.5631365330355931
2021-08-26 10:40:00,0.5195258019525802,0.15537848605577675,0.41444527177959767,0.3551151580074987,0.18570624648283623,0.0006681514476614699,0.5,0.435554393385682,0.3564497265859606,0.3256529627520288,0.7462003021389423,0.2505873087178605,0.529384250946784
2021-08-26 10:50:00,0.5606694560669455,-0.17131474103585675,0.4239761727475799,0.372969112658454,0.20235306434937378,0.0008908685968819599,0.5,0.435554393385682,0.3564497265859606,0.3256529627520288,0.7462003021389423,0.2505873087178605,0.5952743787437572
2021-08-26 11:00:00,0.5411436541143654,0.07569721115537842,0.43142218912881614,0.38939475093733256,0.19189645469893077,0.005902004454342985,0.5,0.4475732458859798,0.36463921702724483,0.3098903476317526,0.7432757806643516,0.26503570583968883,0.5193506042820284
2021-08-26 11:10:00,0.5767085076708507,-0.043824701195219196,0.43976172747580033,0.40403499375111585,0.1968433864234207,0.00913140311804009,0.5,0.4475732458859798,0.36463921702724483,0.3098903476317526,0.7432757806643516,0.26503570583968883,0.6035502512183714
2021-08-26 11:20:00,0.5801952580195259,-0.06772908366533881,0.44869694713328356,0.41331905016961246,0.19396421981128373,0.01224944320712695,0.5,0.4475732458859798,0.36463921702724483,0.3098903476317526,0.7432757806643516,0.26503570583968883,0.5756899075093924
2021-08-26 11:30:00,0.6004184100418409,0.07569721115537842,0.4591213700670138,0.42188894840207114,0.19101961759432542,0.031180400890868595,0.5,0.4475732458859798,0.36463921702724483,0.3098903476317526,0.7432757806643516,0.26503570583968883,0.5507340404665269
2021-08-26 11:40:00,0.6073919107391912,-0.019920318725099695,0.47103499627699175,0.42974468844849145,0.19658164400413553,0.03719376391982183,0.5,0.4475732458859798,0.36463921702724483,0.3098903476317526,0.7432757806643516,0.26503570583968883,0.502647977428067
2021-08-26 11:50:00,0.6157601115760112,0.09960159362549792,0.48324646314221864,0.43760042849491154,0.19151692819096727,0.0589086859688196,0.5,0.4475732458859798,0.36463921702724483,0.3098903476317526,0.7432757806643516,0.26503570583968883,0.47929900267060976
2021-08-26 12:00:00,0.6415620641562064,-0.02788844621513953,0.49128816083395366,0.44224245670416007,0.1981913598827394,0.06224944320712695,0.5,0.45670952427487865,0.3546250506455324,0.3005310848681964,0.7213169169671398,0.2785905044591727,0.524880426090499
2021-08-26 12:10:00,0.6143654114365412,0.08366533864541825,0.4966492926284436,0.44117121942510273,0.1928518145293217,0.07639198218262806,0.5,0.45670952427487865,0.3546250506455324,0.3005310848681964,0.7213169169671398,0.2785905044591727,0.41913484315826005
2021-08-26 12:20:00,0.5767085076708507,-0.06772908366533881,0.5020104244229335,0.4490269594715228,0.20201279920430307,0.08040089086859688,0.5,0.45670952427487865,0.3546250506455324,0.3005310848681964,0.7213169169671398,0.2785905044591727,0.3492161685049112
2021-08-26 12:30:00,0.6032078103207811,0.05179282868525892,0.5088607594936707,0.46009641135511514,0.20406747719569174,0.08786191536748329,0.5,0.45670952427487865,0.3546250506455324,0.3005310848681964,0.7213169169671398,0.2785905044591727,0.32472049127148184
2021-08-26 12:40:00,0.612970711297071,0.05976095617529875,0.512434847356664,0.46045349044813433,0.20948554527489496,0.07527839643652562,0.5,0.45670952427487865,0.3546250506455324,0.3005310848681964,0.7213169169671398,0.2785905044591727,0.40394103535163034
2021-08-26 12:50:00,0.5690376569037657,-0.1394422310756973,0.5148175725986597,0.4633101231922869,0.20025912499509235,0.0455456570155902,0.5,0.45670952427487865,0.3546250506455324,0.3005310848681964,0.7213169169671398,0.2785905044591727,0.45161971724731054
2021-08-26 13:00:00,0.5892608089260809,0.10756972111553775,0.5252419955323901,0.4690233886805928,0.205899674130688,0.015367483296213808,0.5,0.5861400236073167,0.3418264575137869,0.2172990443160832,0.676602965366375,0.2896470802437911,0.5898124537924168
2021-08-26 13:10:00,0.5341701534170153,0.043824701195219085,0.5294117647058822,0.4786645241921086,0.19372865163392705,0.01024498886414254,0.5,0.5861400236073167,0.3418264575137869,0.2172990443160832,0.676602965366375,0.2896470802437911,0.5118819499977367
2021-08-26 13:20:00,0.5592747559274756,0.17928286852589648,0.535368577810871,0.48580610605249075,0.21031003389564332,0.00601336302895323,0.5,0.5861400236073167,0.3418264575137869,0.2172990443160832,0.676602965366375,0.2896470802437911,0.5971604025529218
2021-08-26 13:30:00,0.4393305439330544,-0.019920318725099695,0.5422189128816082,0.4918764506338156,0.21012681420214366,0.004677060133630289,0.5,0.5861400236073167,0.3418264575137869,0.2172990443160832,0.676602965366375,0.2896470802437911,0.33680613184060837
2021-08-26 13:40:00,0.45397489539748953,0.05179282868525892,0.550856291883842,0.5168719871451526,0.20991742026671553,0.005679287305122495,0.5,0.5861400236073167,0.3418264575137869,0.2172990443160832,0.676602965366375,0.2896470802437911,0.3711166769769302
2021-08-26 13:50:00,0.4881450488145049,-0.3227091633466136,0.5577066269545792,0.5282985181217639,0.21732473073248615,0.006570155902004454,0.5,0.5861400236073167,0.3418264575137869,0.2172990443160832,0.676602965366375,0.2896470802437911,0.4324350830604886
2021-08-26 14:00:00,0.33751743375174337,0.1633466135458166,0.5636634400595679,0.5332976254240314,0.19532528039156666,0.0023385300668151447,0.5,0.5937942908182612,0.3129563485791961,0.20754196564681482,0.6187262803559038,0.2942014217248274,0.2074173544366824
2021-08-26 14:10:00,0.46373779637377965,0.03585657370517925,0.5728965003723006,0.5472237100517765,0.19605815916556515,0.004788418708240535,0.5,0.5937942908182612,0.3129563485791961,0.20754196564681482,0.6187262803559038,0.2942014217248274,0.37575629554747497
2021-08-26 14:20:00,0.29707112970711297,0.21912350597609564,0.5785554728220401,0.5532940546331013,0.18900420096582954,0.17461024498886416,0.5,0.5937942908182612,0.3129563485791961,0.20754196564681482,0.6187262803559038,0.2942014217248274,0.03800715180228435
2021-08-26 14:30:00,0.32217573221757323,-0.36254980079681276,0.5865971705137749,0.5682913765399038,0.16559134156077004,0.0013363028953229399,0.5,0.5937942908182612,0.3129563485791961,0.20754196564681482,0.6187262803559038,0.2942014217248274,0.17795011844229522
2021-08-26 14:40:00,0.27405857740585776,0.49800796812749004,0.5922561429635145,0.5607927155865025,0.18410961772519663,0.000556792873051225,0.5,0.5937942908182612,0.3129563485791961,0.20754196564681482,0.6187262803559038,0.2942014217248274,0.12465862969054123
2021-08-26 14:50:00,0.30264993026499304,-0.10756972111553798,0.6017870439314965,0.5690055347259417,0.21112143539542735,0.00044543429844097997,0.5,0.5937942908182612,0.3129563485791961,0.20754196564681482,0.6187262803559038,0.2942014217248274,0.14182899044917543
2021-08-26 15:00:00,0.3584379358437936,0.49800796812749004,0.6038719285182426,0.5643635065166934,0.2143408671526351,0.000556792873051225,0.5,0.5963185526893764,0.31064892372854686,0.19932085964250845,0.5498553817711839,0.29412522897328425,0.2383632330974546
2021-08-26 15:10:00,0.3765690376569038,-0.12350597609561753,0.6047654504839908,0.5643635065166934,0.23927183258954865,0.00033407572383073496,0.5,0.5963185526893764,0.31064892372854686,0.19932085964250845,0.5498553817711839,0.29412522897328425,0.2290236431944717
2021-08-26 15:20:00,0.32217573221757323,0.15537848605577675,0.6065524944154874,0.56579182288877,0.2406459802907958,0.00033407572383073496,0.5,0.5963185526893764,0.31064892372854686,0.19932085964250845,0.5498553817711839,0.29412522897328425,0.1720280036815185
2021-08-26 15:30:00,0.301255230125523,-0.2749003984063746,0.604169769173492,0.5647205856097126,0.23847351821072882,0.00044543429844097997,0.5,0.5963185526893764,0.31064892372854686,0.19932085964250845,0.5498553817711839,0.29412522897328425,0.16295245711181858
2021-08-26 15:40:00,0.33821478382147835,-0.05179282868525903,0.6089352196574831,0.5668630601678271,0.23174673803509968,0.00044543429844097997,0.5,0.5963185526893764,0.31064892372854686,0.19932085964250845,0.5498553817711839,0.29412522897328425,0.1835931016793156
2021-08-26 15:50:00,0.3521617852161785,0.1394422310756971,0.6125093075204764,0.5654347437957508,0.21398751488660012,0.000556792873051225,0.5,0.5963185526893764,0.31064892372854686,0.19932085964250845,0.5498553817711839,0.29412522897328425,0.22391629071925404
2021-08-26 16:00:00,0.2280334728033473,-0.13147410358565736,0.6157855547282203,0.5700767720049991,0.2441795029511458,0.00044543429844097997,0.5,0.6410146276644533,0.2916205708505871,0.1551553048186704,0.529224685505619,0.29596110190934777,0.09055177512560919
2021-08-26 16:10:00,0.25871687587168757,0.03585657370517925,0.6247207743857035,0.5786466702374577,0.24588082867649944,0.00033407572383073496,0.5,0.6410146276644533,0.2916205708505871,0.1551553048186704,0.529224685505619,0.29596110190934777,0.1138328530259366
2021-08-26 16:20:00,0.3368200836820084,-0.12350597609561753,0.6247207743857035,0.5786466702374577,0.2233578934970096,0.00033407572383073496,0.5,0.6410146276644533,0.2916205708505871,0.1551553048186704,0.529224685505619,0.29596110190934777,0.16815033872987611
2021-08-26 16:30:00,0.4476987447698745,-0.2270916334661356,0.6157855547282203,0.5690055347259417,0.2023792385913023,0.00044543429844097997,0.5,0.6410146276644533,0.2916205708505871,0.1551553048186704,0.529224685505619,0.29596110190934777,0.34533850355326884
2021-08-26 16:40:00,0.22315202231520226,0.10756972111553775,0.6148920327624718,0.5629351901446169,0.1945793144966039,0.00033407572383073496,0.5,0.6410146276644533,0.2916205708505871,0.1551553048186704,0.529224685505619,0.29596110190934777,0.09456523379151138
2021-08-26 16:50:00,0.3577405857740586,0.4183266932270917,0.6253164556962023,0.5718621674700946,0.2422818704113282,0.00033407572383073496,0.5,0.6410146276644533,0.2916205708505871,0.1551553048186704,0.529224685505619,0.29596110190934777,0.21847699805362344
2021-08-26 17:00:00,0.31311018131101814,0.1633466135458166,0.6300819061801934,0.5740046420282092,0.22402533666618682,0.00044543429844097997,0.5,0.6459492172530195,0.2777242986491657,0.14986715586482985,0.5382148767967478,0.29548507817627473,0.16953090815818458
2021-08-26 17:10:00,0.4839609483960949,0.08366533864541825,0.6312732688011911,0.5743617211212282,0.2640981010587481,0.0006681514476614699,0.5,0.6459492172530195,0.2777242986491657,0.14986715586482985,0.5382148767967478,0.29548507817627473,0.425758558776046
2021-08-26 17:20:00,0.5076708507670851,-0.33864541832669326,0.6253164556962023,0.5675772183538654,0.2467969271439976,0.000779510022271715,0.5,0.6459492172530195,0.2777242986491657,0.14986715586482985,0.5382148767967478,0.29548507817627473,0.4357016762979616
2021-08-26 17:30:00,0.5390516039051604,0.21912350597609564,0.6211466865227102,0.5654347437957508,0.25221499522320084,0.0006681514476614699,0.5,0.6459492172530195,0.2777242986491657,0.14986715586482985,0.5382148767967478,0.29548507817627473,0.5503870120856406
2021-08-26 17:40:00,0.5223152022315203,-0.21912350597609564,0.6131049888309752,0.562221031958579,0.27040609336352095,0.00044543429844097997,0.5,0.6459492172530195,0.2777242986491657,0.14986715586482985,0.5382148767967478,0.29548507817627473,0.5144771187591473
2021-08-26 17:50:00,0.46164574616457466,-0.03585657370517936,0.6062546537602382,0.5647205856097126,0.25606260878669307,0.00033407572383073496,0.5,0.6459492172530195,0.2777242986491657,0.14986715586482985,0.5382148767967478,0.29548507817627473,0.3827873923080405
2021-08-26 18:00:00,0.502092050209205,0.043824701195219085,0.6038719285182426,0.5632922692376363,0.26171624504325297,0.00033407572383073496,0.5,0.5629247724402089,0.2780576252776541,0.1960447435735992,0.6069617444982296,0.3000070261853811,0.46753021410142287
2021-08-26 18:10:00,0.49790794979079495,-0.10756972111553798,0.6038719285182426,0.5647205856097126,0.2724345971129811,0.00033407572383073496,0.5,0.5629247724402089,0.2780576252776541,0.1960447435735992,0.6069617444982296,0.3000070261853811,0.42872338820405265
2021-08-26 18:20:00,0.50697350069735,-0.14741035856573714,0.598808637379002,0.5632922692376363,0.25818272238290296,0.00033407572383073496,0.5,0.5629247724402089,0.2780576252776541,0.1960447435735992,0.6069617444982296,0.3000070261853811,0.44874541696214376
2021-08-26 18:30:00,0.45397489539748953,-0.11553784860557781,0.5964259121370066,0.5636493483306553,0.26136289277721797,0.00044543429844097997,0.5,0.5629247724402089,0.2780576252776541,0.1960447435735992,0.6069617444982296,0.3000070261853811,0.3706715753579673
2021-08-26 18:40:00,0.5146443514644351,0.05976095617529875,0.5898734177215188,0.5579360828423494,0.2678017562916334,0.00044543429844097997,0.5,0.5629247724402089,0.2780576252776541,0.1960447435735992,0.6069617444982296,0.3000070261853811,0.4765001433378095
2021-08-26 18:50:00,0.4895397489539749,-0.09960159362549814,0.5836187639612807,0.5497232637029101,0.2743322296527987,0.00033407572383073496,0.5,0.5629247724402089,0.2780576252776541,0.1960447435735992,0.6069617444982296,0.3000070261853811,0.4423329360109842
2021-08-26 19:00:00,0.4288702928870293,-0.003984063745020028,0.5785554728220401,0.5486520264238528,0.26106188899504,0.00033407572383073496,0.5,0.5568013453302172,0.28412934222587355,0.19826830241668408,0.615234664983653,0.31443772147812404,0.33227213060337674
2021-08-26 19:10:00,0.4476987447698745,0.12350597609561742,0.575874906924795,0.552579896447063,0.26481789271178235,0.00033407572383073496,0.5,0.5568013453302172,0.28412934222587355,0.19826830241668408,0.615234664983653,0.31443772147812404,0.3512757065045189
2021-08-26 19:20:00,0.4700139470013947,-0.17131474103585675,0.5699180938198063,0.5475807891447955,0.26191255185771684,0.00033407572383073496,0.5,0.5568013453302172,0.28412934222587355,0.19826830241668408,0.615234664983653,0.31443772147812404,0.35976281364575946
2021-08-26 19:30:00,0.42538354253835425,-0.043824701195219196,0.5657483246463142,0.5440099982146045,0.2567038777139417,0.00022271714922048998,0.5,0.5568013453302172,0.28412934222587355,0.19826830241668408,0.615234664983653,0.31443772147812404,0.32026193098661676
2021-08-26 19:40:00,0.42677824267782427,-0.298804780876494,0.5642591213700667,0.5390108909123372,0.24964991951420606,0.00022271714922048998,0.5,0.5568013453302172,0.28412934222587355,0.19826830241668408,0.615234664983653,0.31443772147812404,0.3219970728910482
2021-08-26 19:50:00,0.47698744769874474,-0.2589641434262948,0.5615785554728219,0.5243706480985537,0.24898247634502885,0.00022271714922048998,0.5,0.5568013453302172,0.28412934222587355,0.19826830241668408,0.615234664983653,0.31443772147812404,0.40739623097001976
2021-08-26 20:00:00,0.4393305439330544,-0.10756972111553798,0.5568131049888307,0.5115158007498661,0.2482888589339231,0.00022271714922048998,0.5,0.557314349199509,0.29948822868505737,0.19498457750035922,0.5685876072196109,0.3188687428563147,0.33611961917407246
2021-08-26 20:10:00,0.4086471408647141,-0.15537848605577698,0.5550260610573343,0.5165149080521336,0.23779298792058737,0.00022271714922048998,0.5,0.557314349199509,0.29948822868505737,0.19498457750035922,0.5685876072196109,0.3188687428563147,0.2788297599468896
2021-08-26 20:20:00,0.36401673640167365,0.2350597609561753,0.5514519731943408,0.5147295125870381,0.22737563963303714,0.00022271714922048998,0.5,0.557314349199509,0.29948822868505737,0.19498457750035922,0.5685876072196109,0.3188687428563147,0.22849555652790562
2021-08-26 20:30:00,0.35495118549511856,0.05179282868525892,0.5469843633655993,0.5033029816104269,0.23223096151077727,0.00022271714922048998,0.5,0.557314349199509,0.29948822868505737,0.19498457750035922,0.5685876072196109,0.3188687428563147,0.21057833034084222
2021-08-26 20:40:00,0.4476987447698745,0.003984063745019917,0.5443037974683544,0.5025888234243885,0.2265773252542173,0.00033407572383073496,0.5,0.557314349199509,0.29948822868505737,0.19498457750035922,0.5685876072196109,0.3188687428563147,0.33202317546056703
2021-08-26 20:50:00,0.3758716875871687,-0.17928286852589637,0.5416232315711094,0.49151937154079617,0.22012537461883763,0.00022271714922048998,0.5,0.557314349199509,0.29948822868505737,0.19498457750035922,0.5685876072196109,0.3188687428563147,0.23017788976568043
2021-08-26 21:00:00,0.34239888423988846,-0.14741035856573714,0.5380491437081161,0.48294947330833793,0.21534857546688305,0.00022271714922048998,0.5,0.5649116159805323,0.30696508978267595,0.1839125631835519,0.5613062919025272,0.3079962246912725,0.19123527015405042
2021-08-26 21:10:00,0.3270571827057183,-0.4183266932270917,0.5365599404318686,0.48294947330833793,0.20396278022797767,0.00033407572383073496,0.5,0.5649116159805323,0.30696508978267595,0.1839125631835519,0.5613062919025272,0.3079962246912725,0.186542842916849
2021-08-26 21:20:00,0.5495118549511855,-0.019920318725099695,0.5309009679821295,0.4786645241921086,0.19532528039156666,0.000556792873051225,0.5,0.5649116159805323,0.30696508978267595,0.1839125631835519,0.5613062919025272,0.3079962246912725,0.5701223652247386
2021-08-26 21:30:00,0.6073919107391912,-0.12350597609561753,0.5264333581533878,0.4718800214247456,0.191503841070003,0.0012249443207126948,0.5,0.5649116159805323,0.30696508978267595,0.1839125631835519,0.5613062919025272,0.3079962246912725,0.7296875235752976
2021-08-26 21:40:00,0.5774058577405857,-0.11553784860557781,0.5201787043931496,0.46509551865738263,0.19024747745743414,0.0064587973273942095,0.5,0.5649116159805323,0.30696508978267595,0.1839125631835519,0.5613062919025272,0.3079962246912725,0.6408935226398298
2021-08-26 21:50:00,0.6834030683403068,-0.14741035856573714,0.5142218912881606,0.46509551865738263,0.18608577299079976,0.0017817371937639199,0.5,0.5649116159805323,0.30696508978267595,0.1839125631835519,0.5613062919025272,0.3079962246912725,0.9031564494470179
2021-08-26 22:00:00,0.7078103207810321,0.03585657370517925,0.5100521221146683,0.46973754686663094,0.1830364738061274,0.014587973273942095,0.5,0.4683130641049713,0.3170166117348236,0.2774178158879582,0.6059622014980155,0.29269446602901605,0.9274182597281108
2021-08-26 22:10:00,0.7517433751743374,0.019920318725099362,0.5106478034251674,0.4622388859132296,0.1802620041617045,0.021269487750556794,0.5,0.4683130641049713,0.3170166117348236,0.2774178158879582,0.6059622014980155,0.29269446602901605,0.9406731596179669
2021-08-26 22:20:00,0.6994421199442119,-0.15537848605577698,0.5034996276991808,0.46509551865738263,0.1802227427988117,0.0033407572383073497,0.5,0.4683130641049713,0.3170166117348236,0.2774178158879582,0.6059622014980155,0.29269446602901605,0.953928210389728
2021-08-26 22:30:00,0.7280334728033473,0.003984063745019917,0.5014147431124347,0.46973754686663094,0.1802227427988117,0.009799554565701559,0.5,0.4683130641049713,0.3170166117348236,0.2774178158879582,0.6059622014980155,0.29269446602901605,0.9878011980023236
2021-08-26 22:40:00,0.6931659693165969,-0.01195219123505975,0.49903201787043905,0.4704517050526693,0.1802227427988117,0.005345211581291759,0.5,0.4683130641049713,0.3170166117348236,0.2774178158879582,0.6059622014980155,0.29269446602901605,0.9278784495375471
2021-08-26 22:50:00,0.7384937238493724,-0.059760956175298974,0.49635145197319397,0.4754508123549366,0.1802227427988117,0.01514476614699332,0.5,0.4683130641049713,0.3170166117348236,0.2774178158879582,0.6059622014980155,0.29269446602901605,0.9376141044404545
2021-08-26 23:00:00,0.690376569037657,-0.2509960159362551,0.4930752047654503,0.4800928405641849,0.1802227427988117,0.0034521158129175947,0.5,0.4035367282553697,0.31709132287569,0.32976858831912575,0.6298657164738845,0.27798740824118096,0.947349759343362
2021-08-26 23:10:00,0.698744769874477,0.09960159362549792,0.489501116902457,0.4850919478664524,0.1802227427988117,0.0064587973273942095,0.5,0.4035367282553697,0.31709132287569,0.32976858831912575,0.6298657164738845,0.27798740824118096,0.9469876427720023
2021-08-26 23:20:00,0.6541143654114366,-0.08366533864541836,0.48384214445271767,0.4861631851455097,0.1802227427988117,0.0038975501113585743,0.5,0.4035367282553697,0.31709132287569,0.32976858831912575,0.6298657164738845,0.27798740824118096,0.8598986073600193
2021-08-26 23:30:00,0.6889818688981869,-0.12350597609561753,0.4808637379002232,0.4861631851455097,0.1802227427988117,0.0038975501113585743,0.5,0.4035367282553697,0.31709132287569,0.32976858831912575,0.6298657164738845,0.27798740824118096,0.9193460778248865
2021-08-26 23:40:00,0.6854951185495118,-0.3944223107569722,0.47431124348473563,0.48866273879664335,0.17757914436403135,0.0023385300668151447,0.5,0.4035367282553697,0.31709132287569,0.32976858831912575,0.6298657164738845,0.27798740824118096,0.9031111848755978
2021-08-26 23:50:00,0.6882845188284519,-0.2509960159362551,0.46835443037974667,0.49401892519193,0.16824802711651463,0.004120267260579065,0.5,0.4035367282553697,0.31709132287569,0.32976858831912575,0.6298657164738845,0.27798740824118096,0.9186067564916941
2021-08-27 00:00:00,0.698744769874477,0.027888446215139417,0.46388682055100494,0.4818782360292806,0.16824802711651463,0.0066815144766146995,0.5,0.3934640618793197,0.32551931426666825,0.35516210205569504,0.6951321432452526,0.26421045576528523,0.943796490486896
2021-08-27 00:10:00,0.6269177126917713,0.03585657370517925,0.4591213700670138,0.4800928405641849,0.16824802711651463,0.009465478841870824,0.5,0.3934640618793197,0.32551931426666825,0.35516210205569504,0.6951321432452526,0.26421045576528523,0.746744722905382
2021-08-27 00:20:00,0.704323570432357,0.07569721115537842,0.45346239761727447,0.47759328691305103,0.16824802711651463,0.018151447661469932,0.5,0.3934640618793197,0.32551931426666825,0.35516210205569504,0.6951321432452526,0.26421045576528523,0.9254794272522896
2021-08-27 00:30:00,0.6764295676429567,0.07569721115537842,0.4507818317200294,0.47116586323870724,0.16824802711651463,0.0014476614699331849,0.5,0.3934640618793197,0.32551931426666825,0.35516210205569504,0.6951321432452526,0.26421045576528523,0.8895016370686664
2021-08-27 00:40:00,0.6122733612273361,0.03585657370517925,0.441548771407297,0.46938046777361175,0.16824802711651463,0.00111358574610245,0.5,0.3934640618793197,0.32551931426666825,0.35516210205569504,0.6951321432452526,0.26421045576528523,0.7628664544261208
2021-08-27 00:50:00,0.6652719665271966,-0.1633466135458168,0.43708116157855526,0.4683092304945544,0.16824802711651463,0.0008908685968819599,0.5,0.3934640618793197,0.32551931426666825,0.35516210205569504,0.6951321432452526,0.26421045576528523,0.8708677218341204
2021-08-27 01:00:00,0.5857740585774059,-0.4103585657370519,0.4338049143708116,0.4718800214247456,0.16824802711651463,0.0008908685968819599,0.5,0.36043666531808993,0.3301973810871629,0.365759324293769,0.7454441287244042,0.2576029847060551,0.6480679572098919
2021-08-27 01:10:00,0.5669456066945607,-0.4820717131474104,0.4266567386448248,0.4754508123549366,0.16777689076180133,0.00155902004454343,0.5,0.36043666531808993,0.3301973810871629,0.365759324293769,0.7454441287244042,0.2576029847060551,0.6198530410247899
2021-08-27 01:20:00,0.5348675034867504,0.1633466135458166,0.4233804914370811,0.4800928405641849,0.15701927732918036,0.002561247216035635,0.5,0.36043666531808993,0.3301973810871629,0.365759324293769,0.7454441287244042,0.2576029847060551,0.5565052733225704
2021-08-27 01:30:00,0.5474198047419805,0.3784860557768923,0.42040208488458664,0.4608105695411533,0.15701927732918036,0.0013363028953229399,0.5,0.36043666531808993,0.3301973810871629,0.365759324293769,0.7454441287244042,0.2576029847060551,0.5752070854142464
2021-08-27 01:40:00,0.602510460251046,0.12350597609561742,0.41831720029784036,0.45474022495982847,0.16255512949706194,0.0008908685968819599,0.5,0.36043666531808993,0.3301973810871629,0.365759324293769,0.7454441287244042,0.2576029847060551,0.7012764609140426
2021-08-27 01:50:00,0.5348675034867504,-0.10756972111553798,0.4162323157110943,0.4572397786109621,0.1594403947075683,0.0010022271714922048,0.5,0.36043666531808993,0.3301973810871629,0.365759324293769,0.7454441287244042,0.2576029847060551,0.5440876925630309
2021-08-27 02:00:00,0.5083682008368201,0.17131474103585642,0.41384959046909886,0.4458132476343508,0.15705853869207315,0.0016703786191536749,0.5,0.3560232177526488,0.33039277945558454,0.37374582416942775,0.7515328435676482,0.25561184362386413,0.5003696606665963
2021-08-27 02:10:00,0.5195258019525802,0.24302788844621515,0.40967982129560676,0.43438671665773976,0.15705853869207315,0.0024498886414253897,0.5,0.3560232177526488,0.33039277945558454,0.37374582416942775,0.7515328435676482,0.25561184362386413,0.5138509588545046
2021-08-27 02:20:00,0.5139470013947002,0.2111553784860556,0.4067014147431123,0.42474558114622396,0.15705853869207315,0.00155902004454343,0.5,0.3560232177526488,0.33039277945558454,0.37374582416942775,0.7515328435676482,0.25561184362386413,0.5059145706655401
2021-08-27 02:30:00,0.5034867503486751,0.2828685258964143,0.4043186895011168,0.41831815747187995,0.15705853869207315,0.000779510022271715,0.5,0.3560232177526488,0.33039277945558454,0.37374582416942775,0.7515328435676482,0.25561184362386413,0.4793895318134497
2021-08-27 02:40:00,0.500697350069735,0.2111553784860556,0.39955323901712547,0.41189073379753616,0.15705853869207315,0.0013363028953229399,0.5,0.3560232177526488,0.33039277945558454,0.37374582416942775,0.7515328435676482,0.25561184362386413,0.47350513752885615
2021-08-27 02:50:00,0.5118549511854951,0.08366533864541825,0.39717051377513,0.40403499375111585,0.15705853869207315,0.0017817371937639199,0.5,0.3560232177526488,0.33039277945558454,0.37374582416942775,0.7515328435676482,0.25561184362386413,0.5138962234259246
2021-08-27 03:00:00,0.49581589958159,-0.12350597609561753,0.39389426656738635,0.3972504909837531,0.15705853869207315,0.0017817371937639199,0.5,0.3563408058706774,0.3305651897806659,0.3757868974886619,0.7498940157956095,0.25381131126905127,0.46110264495979003
2021-08-27 03:10:00,0.5013947001394701,-0.3067729083665339,0.3879374534623974,0.3936797000535619,0.15705853869207315,0.00155902004454343,0.5,0.3563408058706774,0.3305651897806659,0.3757868974886619,0.7498940157956095,0.25381131126905127,0.4740030478144756
2021-08-27 03:20:00,0.5390516039051604,-0.20318725099601598,0.3843633655994041,0.3858239600071418,0.15705853869207315,0.001893095768374165,0.5,0.3563408058706774,0.3305651897806659,0.3757868974886619,0.7498940157956095,0.25381131126905127,0.55991520436954
2021-08-27 03:30:00,0.5864714086471409,-0.4581673306772909,0.37900223380491416,0.37832529905374046,0.15705853869207315,0.0017817371937639199,0.5,0.3563408058706774,0.3305651897806659,0.3757868974886619,0.7498940157956095,0.25381131126905127,0.6399354225447742
2021-08-27 03:40:00,0.5523012552301255,-0.01195219123505975,0.3769173492181681,0.36904124263524385,0.15705853869207315,0.0033407572383073497,0.5,0.3563408058706774,0.3305651897806659,0.3757868974886619,0.7498940157956095,0.25381131126905127,0.6043122048372739
2021-08-27 03:50:00,0.5571827057182706,0.1394422310756971,0.3721518987341772,0.36368505623995717,0.15705853869207315,0.0027839643652561247,0.5,0.3563408058706774,0.3305651897806659,0.3757868974886619,0.7498940157956095,0.25381131126905127,0.6073901956938305
2021-08-27 04:00:00,0.5815899581589958,0.25099601593625476,0.3676842889054355,0.35582931619353686,0.15705853869207315,0.001893095768374165,0.5,0.2825422258451087,0.32959394494938243,0.4434785012650343,0.7304768856441081,0.24749394013566955,0.6630128098737119
2021-08-27 04:10:00,0.605997210599721,-0.1633466135458168,0.3650037230081904,0.3540439207284414,0.15705853869207315,0.0008908685968819599,0.5,0.2825422258451087,0.32959394494938243,0.4434785012650343,0.7304768856441081,0.24749394013566955,0.7383707771926913
2021-08-27 04:20:00,0.6304044630404463,-0.08366533864541836,0.36262099776619494,0.35154436707730774,0.15705853869207315,0.0017817371937639199,0.5,0.2825422258451087,0.32959394494938243,0.4434785012650343,0.7304768856441081,0.24749394013566955,0.8069541469891517
2021-08-27 04:30:00,0.5857740585774059,-0.2589641434262948,0.3611317944899479,0.3486877343331549,0.15705853869207315,0.018151447661469932,0.5,0.2825422258451087,0.32959394494938243,0.4434785012650343,0.7304768856441081,0.24749394013566955,0.6449899663533353
2021-08-27 04:40:00,0.6115760111576011,-0.17928286852589637,0.356664184661206,0.3540439207284414,0.15705853869207315,0.04510022271714922,0.5,0.2825422258451087,0.32959394494938243,0.4434785012650343,0.7304768856441081,0.24749394013566955,0.6062585814083317
2021-08-27 04:50:00,0.6101813110181311,-0.36254980079681276,0.3545793000744599,0.3522585252633459,0.15705853869207315,0.010356347438752784,0.5,0.2825422258451087,0.32959394494938243,0.4434785012650343,0.7304768856441081,0.24749394013566955,0.6454878766389547
2021-08-27 05:00:00,0.5788005578800558,0.22709163346613526,0.34832464631422155,0.3490448134261739,0.14598683435630996,0.01224944320712695,0.5,0.2820129123150612,0.32875488136732856,0.4405214495310858,0.734760964245411,0.24162183148294358,0.6093214840744149
2021-08-27 05:10:00,0.5648535564853556,-0.08366533864541836,0.3465376023827249,0.34333154793786824,0.1544149402572928,0.01002227171492205,0.5,0.2820129123150612,0.32875488136732856,0.4405214495310858,0.734760964245411,0.24162183148294358,0.574000030176381
2021-08-27 05:20:00,0.5237099023709902,0.06772908366533859,0.34058078927773616,0.34475986430994454,0.14798916386384162,0.015033407572383075,0.5,0.2820129123150612,0.32875488136732856,0.4405214495310858,0.734760964245411,0.24162183148294358,0.5045415453324683
2021-08-27 05:30:00,0.5620641562064157,0.13147410358565725,0.3379002233804913,0.33511872879842897,0.1457512661789533,0.015033407572383075,0.5,0.2820129123150612,0.32875488136732856,0.4405214495310858,0.734760964245411,0.24162183148294358,0.5893824403639272
2021-08-27 05:40:00,0.5753138075313807,0.24302788844621515,0.33581533879374503,0.32547759328691295,0.1457512661789533,0.0027839643652561247,0.5,0.2820129123150612,0.32875488136732856,0.4405214495310858,0.734760964245411,0.24162183148294358,0.6448466285438388
2021-08-27 05:50:00,0.5599721059972106,-0.043824701195219196,0.33194341027550256,0.32226388144974116,0.15306696679797413,0.0008908685968819599,0.5,0.2820129123150612,0.32875488136732856,0.4405214495310858,0.734760964245411,0.24162183148294358,0.5921511233157807
2021-08-27 06:00:00,0.5557880055788006,-0.019920318725099695,0.3268801191362618,0.324763435100875,0.14987370928269492,0.001893095768374165,0.5,0.26724179622396327,0.30989319180361297,0.49489680944542025,0.7923557206121837,0.24624706530912155,0.5915853161730313
2021-08-27 06:10:00,0.5543933054393305,0.17928286852589648,0.3259865971705136,0.315122299589359,0.15198073575794063,0.004565701559020045,0.5,0.26724179622396327,0.30989319180361297,0.49489680944542025,0.7923557206121837,0.24624706530912155,0.6151757019780618
2021-08-27 06:20:00,0.5404463040446305,-0.09960159362549814,0.3224125093075203,0.315122299589359,0.15701927732918036,0.005902004454342985,0.5,0.26724179622396327,0.30989319180361297,0.49489680944542025,0.7923557206121837,0.24624706530912155,0.5810235828417097
2021-08-27 06:30:00,0.5920502092050209,0.346613545816733,0.32360387192851814,0.3108373504731299,0.15701927732918036,0.01247216035634744,0.5,0.26724179622396327,0.30989319180361297,0.49489680944542025,0.7923557206121837,0.24624706530912155,0.6572264888271949
2021-08-27 06:40:00,0.5920502092050209,0.2749003984063745,0.3268801191362618,0.3058382431708624,0.15701927732918036,0.033853006681514475,0.5,0.26724179622396327,0.30989319180361297,0.49489680944542025,0.7923557206121837,0.24624706530912155,0.6077824886461367
2021-08-27 06:50:00,0.5697350069735007,0.003984063745019917,0.3262844378257632,0.3058382431708624,0.15701927732918036,0.04821826280623608,0.5,0.26724179622396327,0.30989319180361297,0.49489680944542025,0.7923557206121837,0.24624706530912155,0.5237035472335804
2021-08-27 07:00:00,0.5899581589958159,-0.11553784860557781,0.32479523454951575,0.3044099267987861,0.15701927732918036,0.04242761692650334,0.5,0.2710201009064368,0.3290594729416353,0.4790569645238758,0.8216860093876305,0.2543091493352591,0.5796430134134014
2021-08-27 07:10:00,0.5760111576011158,-0.24302788844621515,0.3206254653760239,0.3044099267987861,0.15701927732918036,0.02360801781737194,0.5,0.2710201009064368,0.3290594729416353,0.4790569645238758,0.8216860093876305,0.2543091493352591,0.5974546222671515
2021-08-27 07:20:00,0.6269177126917713,-0.0916334661354582,0.32032762472077425,0.29976789858953756,0.15701927732918036,0.020935412026726056,0.5,0.2710201009064368,0.3290594729416353,0.4790569645238758,0.8216860093876305,0.2543091493352591,0.7415091208111412
2021-08-27 07:30:00,0.6324965132496514,-0.3466135458167332,0.32092330603127306,0.3022674522406714,0.15701927732918036,0.020601336302895325,0.5,0.2710201009064368,0.3290594729416353,0.4790569645238758,0.8216860093876305,0.2543091493352591,0.7442627155725213
2021-08-27 07:40:00,0.6304044630404463,-0.4103585657370519,0.3206254653760239,0.30333868951972875,0.15701927732918036,0.017483296213808463,0.5,0.2710201009064368,0.3290594729416353,0.4790569645238758,0.8216860093876305,0.2543091493352591,0.750033948428565
2021-08-27 07:50:00,0.6185495118549511,-0.13147410358565736,0.31734921816827977,0.3036957686127477,0.1503579327583725,0.008017817371937639,0.5,0.2710201009064368,0.3290594729416353,0.4790569645238758,0.8216860093876305,0.2543091493352591,0.738355689002218
2021-08-27 08:00:00,0.6052998605299861,0.15537848605577675,0.32151898734177187,0.29726834493840393,0.1457120048160605,0.00155902004454343,0.5,0.2680235259351955,0.33951903266313765,0.47166040395117304,0.8144162934307914,0.25918049346542404,0.7460883866197927
2021-08-27 08:10:00,0.599023709902371,0.2111553784860556,0.32330603127326873,0.29726834493840393,0.147151588122129,0.0017817371937639199,0.5,0.2680235259351955,0.33951903266313765,0.47166040395117304,0.8144162934307914,0.25918049346542404,0.72762798557569
2021-08-27 08:20:00,0.6234309623430963,-0.298804780876494,0.3268801191362618,0.30476700589180505,0.15455889858789965,0.0021158129175946547,0.5,0.2680235259351955,0.33951903266313765,0.47166040395117304,0.8144162934307914,0.25918049346542404,0.7569594278558173
2021-08-27 08:30:00,0.5599721059972106,-0.03585657370517936,0.3301563663440057,0.3108373504731299,0.15667901218410962,0.0014476614699331849,0.5,0.2680235259351955,0.33951903266313765,0.47166040395117304,0.8144162934307914,0.25918049346542404,0.6585089850174268
2021-08-27 08:40:00,0.5564853556485356,0.043824701195219085,0.33641102010424406,0.3219068023567222,0.15830181518367775,0.0021158129175946547,0.5,0.2680235259351955,0.33951903266313765,0.47166040395117304,0.8144162934307914,0.25918049346542404,0.6269143141663021
2021-08-27 08:50:00,0.6032078103207811,0.24302788844621515,0.34415487714072945,0.32547759328691295,0.15830181518367775,0.005790645879732739,0.5,0.2680235259351955,0.33951903266313765,0.47166040395117304,0.8144162934307914,0.25918049346542404,0.7378200582404152
2021-08-27 09:00:00,0.6185495118549511,0.01195219123505975,0.35130305286671604,0.32726298875200865,0.16488463702870007,0.00311804008908686,0.5,0.2678281101839324,0.3431856255764971,0.4184745605161437,0.83390267619295,0.25645710658790577,0.7614255322359189
2021-08-27 09:10:00,0.6171548117154811,-0.05179282868525903,0.35934475055845105,0.3394036779146581,0.16856211801965687,0.0035634743875278397,0.5,0.2678281101839324,0.3431856255764971,0.4184745605161437,0.83390267619295,0.25645710658790577,0.7590793186173183
2021-08-27 09:20:00,0.6276150627615062,0.1394422310756971,0.3676842889054355,0.3461881806820213,0.1738885762521103,0.043318485523385304,0.5,0.2678281101839324,0.3431856255764971,0.4184745605161437,0.83390267619295,0.25645710658790577,0.6390980279735051
2021-08-27 09:30:00,0.6290097629009763,0.003984063745019917,0.37840655249441535,0.35654347437957523,0.17908416327492116,0.1002227171492205,0.5,0.2678281101839324,0.3431856255764971,0.4184745605161437,0.83390267619295,0.25645710658790577,0.34907283069541467
2021-08-27 09:40:00,0.6736401673640168,0.12350597609561742,0.3894266567386446,0.3583288698446707,0.18142675792752352,0.11837416481069044,0.5,0.2678281101839324,0.3431856255764971,0.4184745605161437,0.83390267619295,0.25645710658790577,0.3338186701268917
2021-08-27 09:50:00,0.690376569037657,0.14741035856573692,0.3992553983618763,0.3522585252633459,0.18800957977254584,0.11358574610244988,0.5,0.2678281101839324,0.3431856255764971,0.4184745605161437,0.83390267619295,0.25645710658790577,0.3947372391629072
2021-08-27 10:00:00,0.7831241283124128,-0.059760956175298974,0.40580789277736407,0.3458311015890019,0.19525984478674538,0.13084632516703787,0.5,0.4765291974612962,0.35101592784053204,0.30723815705092233,0.9010344030466648,0.272929144410919,0.417324260301462
2021-08-27 10:10:00,0.7517433751743374,-0.02788844621513953,0.41355174981384923,0.34833065524013573,0.1986101477535957,0.10389755011135858,0.5,0.4765291974612962,0.35101592784053204,0.30723815705092233,0.9010344030466648,0.272929144410919,0.5143186927591774
2021-08-27 10:20:00,0.7475592747559275,0.12350597609561742,0.41772151898734156,0.3504731297982504,0.19912054547120178,0.07071269487750556,0.5,0.4765291974612962,0.35101592784053204,0.30723815705092233,0.9010344030466648,0.272929144410919,0.7428142492870831
2021-08-27 10:30:00,0.8556485355648535,0.17928286852589648,0.4272524199553238,0.3540439207284414,0.2040151287118347,0.09443207126948776,0.5,0.4765291974612962,0.35101592784053204,0.30723815705092233,0.9010344030466648,0.272929144410919,0.8204731656532431
2021-08-27 10:40:00,0.802649930264993,0.06772908366533859,0.43946388682055093,0.36368505623995717,0.19651620839931422,0.07694877505567929,0.5,0.4765291974612962,0.35101592784053204,0.30723815705092233,0.9010344030466648,0.272929144410919,0.809571948036272
2021-08-27 10:50:00,0.8312412831241283,-0.07569721115537853,0.44839910647803394,0.38011069451883595,0.20312520448626506,0.09020044543429843,0.5,0.4765291974612962,0.35101592784053204,0.30723815705092233,0.9010344030466648,0.272929144410919,0.7579477043318196
2021-08-27 11:00:00,0.8389121338912133,0.13147410358565725,0.457036485480268,0.38796643456525626,0.20262789388962324,0.10801781737193764,0.5,0.49294515451319,0.34549017692172984,0.2987143457335988,0.9026064192269598,0.28942172502527436,0.6636238815878812
2021-08-27 11:10:00,0.7782426778242678,-0.1394422310756973,0.46299329858525673,0.4018925191930012,0.20392351886508486,0.10011135857461025,0.5,0.49294515451319,0.34549017692172984,0.2987143457335988,0.9026064192269598,0.28942172502527436,0.5585798995126514
2021-08-27 11:20:00,0.7907949790794979,0.08366533864541825,0.47222635889798936,0.4161756829137653,0.21502139744277657,0.10801781737193764,0.5,0.49294515451319,0.34549017692172984,0.2987143457335988,0.9026064192269598,0.28942172502527436,0.5526125201804548
2021-08-27 11:30:00,0.7970711297071129,0.043824701195219085,0.4760982874162323,0.41831815747187995,0.21007446571828664,0.10734966592427618,0.5,0.49294515451319,0.34549017692172984,0.2987143457335988,0.9026064192269598,0.28942172502527436,0.5414170828492538
2021-08-27 11:40:00,0.7231520223152021,0.003984063745019917,0.4841399851079671,0.4222460274950901,0.20359634084097838,0.09086859688195992,0.5,0.49294515451319,0.34549017692172984,0.2987143457335988,0.9026064192269598,0.28942172502527436,0.5599076602743033
2021-08-27 11:50:00,0.7670850767085077,-0.07569721115537853,0.4924795234549515,0.43117300482056775,0.22380285560979443,0.09565701559020044,0.5,0.49294515451319,0.34549017692172984,0.2987143457335988,0.9026064192269598,0.28942172502527436,0.5583611207507884
2021-08-27 12:00:00,0.6931659693165969,-0.003984063745020028,0.5008190618019359,0.4386716657739689,0.2162515868134169,0.08407572383073497,0.5,0.5057945990008081,0.34076900751996275,0.286977698595039,0.8230752203737366,0.2988935415391617,0.5301914691371064
2021-08-27 12:10:00,0.7712691771269178,-0.07569721115537853,0.5046909903201784,0.4479557221924655,0.21483817774927694,0.0989977728285078,0.5,0.5057945990008081,0.34076900751996275,0.286977698595039,0.8230752203737366,0.2988935415391617,0.5328696229461201
2021-08-27 12:20:00,0.7789400278940027,0.12350597609561742,0.5112434847356664,0.45366898768077135,0.20608289382418762,0.04599109131403118,0.5,0.5057945990008081,0.34076900751996275,0.286977698595039,0.8230752203737366,0.2988935415391617,0.9236235798240717
2021-08-27 12:30:00,0.7433751743375174,-0.003984063745020028,0.5192851824274012,0.45866809498303884,0.21224692779835364,0.01982182628062361,0.5,0.5057945990008081,0.34076900751996275,0.286977698595039,0.8230752203737366,0.2988935415391617,0.9101649139218734
2021-08-27 12:40:00,0.7078103207810321,0.22709163346613526,0.5273268801191362,0.47580789144795577,0.21215531795160383,0.013140311804008908,0.5,0.5057945990008081,0.34076900751996275,0.286977698595039,0.8230752203737366,0.2988935415391617,0.9137030945878661
2021-08-27 12:50:00,0.7322175732217573,-0.06772908366533881,0.5332836932241249,0.4933047670058919,0.2198112837156954,0.010801781737193764,0.5,0.5057945990008081,0.34076900751996275,0.286977698595039,0.8230752203737366,0.2988935415391617,0.909289798874421
2021-08-27 13:00:00,0.6931659693165969,0.2350597609561753,0.5401340282948621,0.5122299589359045,0.2028896363089084,0.005567928730512249,0.5,0.6211786781703694,0.3236055596582829,0.21664417618184742,0.686128634839829,0.3032330213559326,0.8464927501244776
2021-08-27 13:10:00,0.710599721059972,-0.10756972111553798,0.5457930007446015,0.5240135690055348,0.18108649278245278,0.00757238307349666,0.5,0.6211786781703694,0.3236055596582829,0.21664417618184742,0.686128634839829,0.3032330213559326,0.8797999305943238
2021-08-27 13:20:00,0.6680613668061367,-0.03585657370517936,0.5535368577810869,0.5400821281913943,0.1877347502322964,0.00623608017817372,0.5,0.6211786781703694,0.3236055596582829,0.21664417618184742,0.686128634839829,0.3032330213559326,0.838933566697346
2021-08-27 13:30:00,0.7029288702928871,-0.14741035856573714,0.5594936708860758,0.5529369755400819,0.1851435002813731,0.015812917594654786,0.5,0.6211786781703694,0.3236055596582829,0.21664417618184742,0.686128634839829,0.3032330213559326,0.8887321393545272
2021-08-27 13:40:00,0.694560669456067,0.33864541832669315,0.5633655994043185,0.5632922692376363,0.1786261140411721,0.018596881959910914,0.5,0.6211786781703694,0.3236055596582829,0.21664417618184742,0.686128634839829,0.3032330213559326,0.8224949831766677
2021-08-27 13:50:00,0.7629009762900976,-0.12350597609561753,0.5728965003723006,0.5732904838421709,0.19929067804373715,0.016592427616926503,0.5,0.6211786781703694,0.3236055596582829,0.21664417618184742,0.686128634839829,0.3032330213559326,0.9776317576233083
2021-08-27 14:00:00,0.8298465829846583,0.06772908366533859,0.5794489947877883,0.5700767720049991,0.19382026148067685,0.03507795100222717,0.5,0.6259178186545831,0.30999663799866095,0.20945495670121972,0.5539592137277518,0.2959040528641544,0.9441359747725455
2021-08-27 14:10:00,0.7126917712691772,0.07569721115537842,0.5806403574087862,0.5740046420282092,0.19043069715093378,0.0073496659242761695,0.5,0.6259178186545831,0.30999663799866095,0.20945495670121972,0.5539592137277518,0.2959040528641544,0.9106401919217828
2021-08-27 14:20:00,0.7182705718270572,-0.059760956175298974,0.583320923306031,0.5907873594001072,0.19010351912682733,0.008351893095768375,0.5,0.6259178186545831,0.30999663799866095,0.20945495670121972,0.5539592137277518,0.2959040528641544,0.8911387057350212
2021-08-27 14:30:00,0.6499302649930265,0.06772908366533859,0.5874906924795233,0.5993572576325656,0.1787177238879219,0.005011135857461025,0.5,0.6259178186545831,0.30999663799866095,0.20945495670121972,0.5539592137277518,0.2959040528641544,0.793238981848907
2021-08-27 14:40:00,0.6436541143654114,0.15537848605577675,0.5919583023082648,0.6089983931440812,0.19185719333603798,0.011024498886414253,0.5,0.6259178186545831,0.30999663799866095,0.20945495670121972,0.5539592137277518,0.2959040528641544,0.7423993240490668
2021-08-27 14:50:00,0.6582984658298465,-0.10756972111553798,0.5958302308265075,0.6168541331905018,0.2005208674143775,0.00155902004454343,0.5,0.6259178186545831,0.30999663799866095,0.20945495670121972,0.5539592137277518,0.2959040528641544,0.7698900070914495
2021-08-27 15:00:00,0.698744769874477,0.003984063745019917,0.5964259121370066,0.6232815568648455,0.18851997749015195,0.005011135857461025,0.5,0.6288980839650686,0.29668081389167555,0.20468357530102188,0.4935540309185679,0.2875446395190703,0.8745869607857929
2021-08-27 15:10:00,0.7419804741980475,-0.15537848605577698,0.6023827252419953,0.6207820032137119,0.18311499653191296,0.014253897550111359,0.5,0.6288980839650686,0.29668081389167555,0.20468357530102188,0.4935540309185679,0.2875446395190703,0.9463463946768865
2021-08-27 15:20:00,0.7189679218967923,0.13147410358565725,0.6044676098287414,0.6243527941439027,0.1688762089227991,0.008017817371937639,0.5,0.6288980839650686,0.29668081389167555,0.20468357530102188,0.4935540309185679,0.2875446395190703,0.9411786894397755
2021-08-27 15:30:00,0.5781032078103208,-0.059760956175298974,0.6080416976917349,0.6314943760042848,0.1748177618405727,0.000556792873051225,0.5,0.6288980839650686,0.29668081389167555,0.20468357530102188,0.4935540309185679,0.2875446395190703,0.6148965704543055
2021-08-27 15:40:00,0.5676429567642958,0.19521912350597592,0.6113179448994788,0.64542046063203,0.18647838661972754,0.003006681514476615,0.5,0.6288980839650686,0.29668081389167555,0.20468357530102188,0.4935540309185679,0.2875446395190703,0.5953950842675438
2021-08-27 15:50:00,0.5878661087866108,-0.1872509960159363,0.6148920327624718,0.6500624888412785,0.17348287550221828,0.0008908685968819599,0.5,0.6288980839650686,0.29668081389167555,0.20468357530102188,0.4935540309185679,0.2875446395190703,0.6320141225462831
2021-08-27 16:00:00,0.6394700139470014,-0.09960159362549814,0.6169769173492181,0.6554186752365649,0.17458219366321603,0.005679287305122495,0.5,0.6610541644167229,0.2791869129069239,0.17070715486553456,0.48550147115535813,0.29426756551715155,0.7213211219578436
2021-08-27 16:10:00,0.5655509065550907,0.1872509960159361,0.6226358897989572,0.6518478843063737,0.1951158864561385,0.0020044543429844097,0.5,0.6610541644167229,0.2791869129069239,0.17070715486553456,0.48550147115535813,0.29426756551715155,0.6025619747423692
2021-08-27 16:20:00,0.6729428172942817,0.019920318725099362,0.6282948622486968,0.6514908052133548,0.20480035596969023,0.005567928730512249,0.5,0.6610541644167229,0.2791869129069239,0.17070715486553456,0.48550147115535813,0.29426756551715155,0.8436184498393108
2021-08-27 16:30:00,0.45327754532775455,-0.21115537848605592,0.6321667907669395,0.6557757543295839,0.18752535629686828,0.2081291759465479,0.5,0.6610541644167229,0.2791869129069239,0.17070715486553456,0.48550147115535813,0.29426756551715155,0.30319718756129577
2021-08-27 16:40:00,0.6157601115760112,-0.21912350597609564,0.6318689501116901,0.6604177825388324,0.18743374645011843,0.00155902004454343,0.5,0.6610541644167229,0.2791869129069239,0.17070715486553456,0.48550147115535813,0.29426756551715155,0.7090770553887472
2021-08-27 16:50:00,0.5495118549511855,0.4501992031872508,0.6339538346984361,0.6522049633993929,0.17496172017117953,0.004231625835189309,0.5,0.6610541644167229,0.2791869129069239,0.17070715486553456,0.48550147115535813,0.29426756551715155,0.5497759403714713
2021-08-27 17:00:00,0.42747559274755925,-0.4661354581673308,0.6330603127326879,0.6593465452597751,0.22926018505189044,0.00022271714922048998,0.5,0.6593849089944277,0.2713795986862334,0.17226138876429403,0.503557416834205,0.30259098111395283,0.2993496989906001
2021-08-27 17:10:00,0.6136680613668062,0.2669322709163344,0.6363365599404316,0.6636314943760042,0.22746724947978694,0.0023385300668151447,0.5,0.6593849089944277,0.2713795986862334,0.17226138876429403,0.503557416834205,0.30259098111395283,0.7178583822442174
2021-08-27 17:20:00,0.5801952580195259,-0.17928286852589637,0.6363365599404316,0.6529191215854313,0.21962806402219576,0.0016703786191536749,0.5,0.6593849089944277,0.2713795986862334,0.17226138876429403,0.503557416834205,0.30259098111395283,0.5797033661752946
2021-08-27 17:30:00,0.6262203626220363,0.3227091633466135,0.638719285182427,0.655061596143546,0.22203609427961943,0.18663697104677063,0.5,0.6593849089944277,0.2713795986862334,0.17226138876429403,0.503557416834205,0.30259098111395283,0.5402854685637551
2021-08-27 17:40:00,0.5613668061366807,-0.10756972111553798,0.635740878629933,0.6461346188180683,0.22805616992317862,0.0008908685968819599,0.5,0.6593849089944277,0.2713795986862334,0.17226138876429403,0.503557416834205,0.30259098111395283,0.5904612459827693
2021-08-27 17:50:00,0.499302649930265,0.13147410358565725,0.6309754281459417,0.6475629351901446,0.224692779835364,0.009242761692650333,0.5,0.6593849089944277,0.2713795986862334,0.17226138876429403,0.503557416834205,0.30259098111395283,0.42175264420538044
2021-08-27 18:00:00,0.6080892608089261,0.11553784860557759,0.6303797468354431,0.6425638278878771,0.2146549580557773,0.00155902004454343,0.5,0.5661411776242129,0.26437399247716153,0.23433157607002272,0.36724389599429785,0.3010854461771418,0.6802963320608959
2021-08-27 18:10:00,0.6603905160390516,0.2589641434262948,0.6303797468354431,0.6364934833065523,0.2265773252542173,0.0356347438752784,0.5,0.5661411776242129,0.26437399247716153,0.23433157607002272,0.36724389599429785,0.3010854461771418,0.665260950254236
2021-08-27 18:20:00,0.5725244072524408,-0.10756972111553798,0.6306775874906922,0.635065166934476,0.21886901100626874,0.0809576837416481,0.5,0.5661411776242129,0.26437399247716153,0.23433157607002272,0.36724389599429785,0.3010854461771418,0.334407109555351
2021-08-27 18:30:00,0.601115760111576,0.003984063745019917,0.6282948622486968,0.6339939296554187,0.21301906793524494,0.11971046770601337,0.5,0.5661411776242129,0.26437399247716153,0.23433157607002272,0.36724389599429785,0.3010854461771418,0.24416464233444482
2021-08-27 18:40:00,0.6638772663877266,0.1633466135458166,0.6256142963514517,0.6229244777718264,0.21739016633730748,0.11325167037861916,0.5,0.5661411776242129,0.26437399247716153,0.23433157607002272,0.36724389599429785,0.3010854461771418,0.3548817840276416
2021-08-27 18:50:00,0.6659693165969317,-0.03585657370517936,0.6187639612807148,0.6054276022138905,0.21343785580610122,0.07683741648106905,0.5,0.5661411776242129,0.26437399247716153,0.23433157607002272,0.36724389599429785,0.3010854461771418,0.5047905004752781
2021-08-27 19:00:00,0.5669456066945607,0.043824701195219085,0.6125093075204764,0.5957864667023745,0.22058342385258667,0.0334075723830735,0.5,0.5643904739574073,0.30247954782518643,0.23251559782016668,0.4154547337600045,0.24212136567919987,0.47640961419496963
2021-08-27 19:10:00,0.5536959553695956,-0.09960159362549814,0.6086373790022337,0.597214783074451,0.21262645430631716,0.014810690423162584,0.5,0.5643904739574073,0.30247954782518643,0.23251559782016668,0.4154547337600045,0.24212136567919987,0.5784208699850627
2021-08-27 19:20:00,0.6276150627615062,0.09163346613545809,0.6059568131049888,0.590073201214069,0.2142492573058853,0.04220489977728285,0.5,0.5643904739574073,0.30247954782518643,0.23251559782016668,0.4154547337600045,0.24212136567919987,0.6279629434041976
2021-08-27 19:30:00,0.6345885634588563,-0.17928286852589637,0.6035740878629932,0.5897161221210496,0.22297836698904608,0.07873051224944322,0.5,0.5643904739574073,0.30247954782518643,0.23251559782016668,0.4154547337600045,0.24212136567919987,0.46754530229189617
2021-08-27 19:40:00,0.6290097629009763,0.05179282868525892,0.5985107967237526,0.5836457775397252,0.2178874769339493,0.06057906458797328,0.5,0.5643904739574073,0.30247954782518643,0.23251559782016668,0.4154547337600045,0.24212136567919987,0.5634081204641128
2021-08-27 19:50:00,0.6576011157601116,0.05976095617529875,0.5931496649292627,0.5847170148187824,0.21390899216081455,0.10178173719376393,0.5,0.5643904739574073,0.30247954782518643,0.23251559782016668,0.4154547337600045,0.24212136567919987,0.36540579688277985
2021-08-27 20:00:00,0.5955369595536959,-0.07569721115537853,0.5868950111690245,0.5765041956793431,0.21087278009710642,0.04298440979955456,0.5,0.5610356534520615,0.2828994819069722,0.23644531388207582,0.5319528857738886,0.18662799157080384,0.5457323053246225
2021-08-27 20:10:00,0.5425383542538355,0.1872509960159361,0.5794489947877883,0.5697196929119801,0.20639698472732984,0.015367483296213808,0.5,0.5610356534520615,0.2828994819069722,0.23644531388207582,0.5319528857738886,0.18662799157080384,0.5701827179866319
2021-08-27 20:20:00,0.5104602510460251,0.29083665338645415,0.5752792256142962,0.5690055347259417,0.20376647341351378,0.009354120267260579,0.5,0.5610356534520615,0.2828994819069722,0.23644531388207582,0.5319528857738886,0.18662799157080384,0.5069254794272523
2021-08-27 20:30:00,0.4435146443514645,0.09960159362549792,0.5690245718540579,0.5732904838421709,0.20376647341351378,0.018485523385300667,0.5,0.5610356534520615,0.2828994819069722,0.23644531388207582,0.5319528857738886,0.18662799157080384,0.35811820088416796
2021-08-27 20:40:00,0.48326359832635984,-0.05179282868525903,0.5633655994043185,0.5718621674700946,0.20376647341351378,0.020824053452115816,0.5,0.5610356534520615,0.2828994819069722,0.23644531388207582,0.5319528857738886,0.18662799157080384,0.4110173966836158
2021-08-27 20:50:00,0.5502092050209205,-0.33067729083665354,0.5603871928518243,0.56579182288877,0.203727212050621,0.0038975501113585743,0.5,0.5610356534520615,0.2828994819069722,0.23644531388207582,0.5319528857738886,0.18662799157080384,0.558700605036438
2021-08-27 21:00:00,0.5062761506276151,-0.42629482071713154,0.5547282204020847,0.5486520264238528,0.203727212050621,0.00033407572383073496,0.5,0.5577377666704579,0.28742237943489707,0.2461340397387274,0.6050459424468057,0.1741985074377349,0.4618872308644024
2021-08-27 21:10:00,0.5125523012552301,-0.40239043824701204,0.5496649292628444,0.5400821281913943,0.203727212050621,0.00033407572383073496,0.5,0.5577377666704579,0.28742237943489707,0.2461340397387274,0.6050459424468057,0.1741985074377349,0.48771821295472034
2021-08-27 21:20:00,0.5139470013947002,-0.29083665338645437,0.5466865227103499,0.5407962863774327,0.19893732577770218,0.00022271714922048998,0.5,0.5577377666704579,0.28742237943489707,0.2461340397387274,0.6050459424468057,0.1741985074377349,0.4796158546705494
2021-08-27 21:30:00,0.5390516039051604,0.1394422310756971,0.542814594192107,0.542581681842528,0.19245920090039392,0.00022271714922048998,0.5,0.5577377666704579,0.28742237943489707,0.2461340397387274,0.6050459424468057,0.1741985074377349,0.5512319507521463
2021-08-27 21:40:00,0.5648535564853556,0.13147410358565725,0.5380491437081161,0.5250848062845921,0.19245920090039392,0.00022271714922048998,0.5,0.5577377666704579,0.28742237943489707,0.2461340397387274,0.6050459424468057,0.1741985074377349,0.6185780889297947
2021-08-27 21:50:00,0.5774058577405857,-0.02788844621513953,0.535368577810871,0.5186573826102483,0.19245920090039392,0.00022271714922048998,0.5,0.5577377666704579,0.28742237943489707,0.2461340397387274,0.6050459424468057,0.1741985074377349,0.653273382923186
2021-08-27 22:00:00,0.5801952580195259,-0.043824701195219196,0.5317944899478777,0.5158007498660953,0.19245920090039392,0.000556792873051225,0.5,0.48250597103684423,0.29819802475237633,0.28659839755137145,0.7214620219803313,0.190476756567401,0.6747514220619522
2021-08-27 22:10:00,0.5676429567642958,-0.10756972111553798,0.5273268801191362,0.5172290662381716,0.19245920090039392,0.000556792873051225,0.5,0.48250597103684423,0.29819802475237633,0.28659839755137145,0.7214620219803313,0.190476756567401,0.6361030221645518
2021-08-27 22:20:00,0.596931659693166,-0.02788844621513953,0.5258376768428887,0.5150865916800571,0.19245920090039392,0.00044543429844097997,0.5,0.48250597103684423,0.29819802475237633,0.28659839755137145,0.7214620219803313,0.190476756567401,0.7005446836760868
2021-08-27 22:30:00,0.6408647140864714,0.08366533864541825,0.5216679076693966,0.5100874843777896,0.19245920090039392,0.000556792873051225,0.5,0.48250597103684423,0.29819802475237633,0.28659839755137145,0.7214620219803313,0.190476756567401,0.7921224557538815
2021-08-27 22:40:00,0.6171548117154811,-0.1633466135458168,0.5163067758749067,0.5079450098196749,0.19245920090039392,0.0016703786191536749,0.5,0.48250597103684423,0.29819802475237633,0.28659839755137145,0.7214620219803313,0.190476756567401,0.7771097062329314
2021-08-27 22:50:00,0.6806136680613668,-0.13147410358565736,0.5115413253909158,0.507230851633637,0.19245920090039392,0.0013363028953229399,0.5,0.48250597103684423,0.29819802475237633,0.28659839755137145,0.7214620219803313,0.190476756567401,0.9087692563030915
2021-08-27 23:00:00,0.7085076708507672,-0.12350597609561753,0.510349962769918,0.5040171397964648,0.19245920090039392,0.021380846325167038,0.5,0.41312901008363934,0.2996117894180291,0.34156280906979686,0.7833885020212741,0.2225089166736214,0.8929191122108725
2021-08-27 23:10:00,0.7224546722454672,-0.31474103585657376,0.5064780342516753,0.5040171397964648,0.19245920090039392,0.04020044543429844,0.5,0.41312901008363934,0.2996117894180291,0.34156280906979686,0.7833885020212741,0.2225089166736214,0.8937489626869051
2021-08-27 23:20:00,0.7468619246861925,-0.10756972111553798,0.5034996276991808,0.5079450098196749,0.1857193336038005,0.037750556792873056,0.5,0.41312901008363934,0.2996117894180291,0.34156280906979686,0.7833885020212741,0.2225089166736214,0.9387419466783349
2021-08-27 23:30:00,0.7545327754532776,0.05179282868525892,0.5055845122859268,0.5029459025174075,0.18252607608852128,0.05211581291759465,0.5,0.41312901008363934,0.2996117894180291,0.34156280906979686,0.7833885020212741,0.2225089166736214,0.9002746050666143
2021-08-27 23:40:00,0.7447698744769874,-0.01195219123505975,0.5023082650781829,0.5029459025174075,0.17789323526717357,0.03942093541202673,0.5,0.41312901008363934,0.2996117894180291,0.34156280906979686,0.7833885020212741,0.2225089166736214,0.9166679240158727
2021-08-27 23:50:00,0.6861924686192469,0.29083665338645415,0.5014147431124347,0.49973219068023567,0.17259295127664864,0.012806236080178173,0.5,0.41312901008363934,0.2996117894180291,0.34156280906979686,0.7833885020212741,0.2225089166736214,0.8698945335485915
2021-08-28 00:00:00,0.6331938633193863,-0.03585657370517936,0.4957557706626954,0.4990180324941975,0.16988391723704702,0.004342984409799555,0.5,0.41605227496420394,0.30082728220983956,0.3452612161702718,0.7324956082855739,0.24984314805353774,0.7540775834754138
2021-08-28 00:10:00,0.5732217573221757,0.10756972111553775,0.4859270290394637,0.5218710944474201,0.15382601981390115,0.03184855233853007,0.5,0.41605227496420394,0.30082728220983956,0.3452612161702718,0.7324956082855739,0.24984314805353774,0.5630309157022799
2021-08-28 00:20:00,0.5871687587168759,-0.21912350597609564,0.4769918093819807,0.5204427780753438,0.16264673934381174,0.009465478841870824,0.5,0.41605227496420394,0.30082728220983956,0.3452612161702718,0.7324956082855739,0.24984314805353774,0.6592030417791994
2021-08-28 00:30:00,0.5550906555090656,-0.2828685258964144,0.4647803425167534,0.5065166934475986,0.16264673934381174,0.008463251670378619,0.5,0.41605227496420394,0.30082728220983956,0.3452612161702718,0.7324956082855739,0.24984314805353774,0.5955535102675136
2021-08-28 00:40:00,0.6492329149232915,0.019920318725099362,0.4558451228592699,0.49509016247098736,0.16264673934381174,0.015701559020044543,0.5,0.41605227496420394,0.30082728220983956,0.3452612161702718,0.7324956082855739,0.24984314805353774,0.7909682091826727
2021-08-28 00:50:00,0.7273361227336123,0.1872509960159361,0.4537602382725241,0.47580789144795577,0.16264673934381174,0.05835189309576838,0.5,0.41605227496420394,0.30082728220983956,0.3452612161702718,0.7324956082855739,0.24984314805353774,0.7833184966127013
2021-08-28 01:00:00,0.8207810320781032,0.05976095617529875,0.4516753536857778,0.46509551865738263,0.1700278755676539,0.08853006681514478,0.5,0.34241655807456617,0.29903134132359305,0.40572936065264636,0.6811991327561746,0.25228054806500066,0.782707424898532
2021-08-28 01:10:00,0.8270571827057183,0.043824701195219085,0.44780342516753513,0.45509730405284765,0.17259295127664864,0.09933184855233854,0.5,0.34241655807456617,0.29903134132359305,0.40572936065264636,0.6811991327561746,0.25228054806500066,0.7550356835704695
2021-08-28 01:20:00,0.8068340306834031,0.019920318725099362,0.44482501861504087,0.44402785216925555,0.17259295127664864,0.0969933184855234,0.5,0.34241655807456617,0.29903134132359305,0.40572936065264636,0.6811991327561746,0.25228054806500066,0.7327127057651976
2021-08-28 01:30:00,0.8828451882845189,-0.12350597609561753,0.4388682055100521,0.4365291912158542,0.17259295127664864,0.11648106904231627,0.5,0.34241655807456617,0.29903134132359305,0.40572936065264636,0.6811991327561746,0.25228054806500066,0.6643405706353638
2021-08-28 01:40:00,0.9267782426778243,-0.3466135458167332,0.43320923306031256,0.42688805570433863,0.17259295127664864,0.12739420935412027,0.5,0.34241655807456617,0.29903134132359305,0.40572936065264636,0.6811991327561746,0.25228054806500066,0.6279629434041976
2021-08-28 01:50:00,0.8891213389121339,-0.45019920318725104,0.42814594192107225,0.41439028744867,0.17263221263954143,0.10701559020044543,0.5,0.34241655807456617,0.29903134132359305,0.40572936065264636,0.6811991327561746,0.25228054806500066,0.7464957677625722
2021-08-28 02:00:00,0.893305439330544,-0.33067729083665354,0.4239761727475799,0.4051062310301732,0.17263221263954143,0.1111358574610245,0.5,0.3442731244473809,0.29643369242572787,0.41321101350228023,0.66757657466884,0.23613628265003136,0.7463222535721291
2021-08-28 02:10:00,0.9114365411436541,-0.36254980079681276,0.4195085629188382,0.39617925370469576,0.17263221263954143,0.09420935412026728,0.5,0.3442731244473809,0.29643369242572787,0.41321101350228023,0.66757657466884,0.23613628265003136,0.932382274393832
2021-08-28 02:20:00,0.8800557880055787,-0.26693227091633476,0.4153387937453461,0.3936797000535619,0.17263221263954143,0.09432071269487752,0.5,0.3442731244473809,0.29643369242572787,0.41321101350228023,0.66757657466884,0.23613628265003136,0.8798301069752705
2021-08-28 02:30:00,0.8730822873082287,-0.298804780876494,0.41325390915860005,0.3918943045884662,0.17263221263954143,0.09053452115812918,0.5,0.3442731244473809,0.29643369242572787,0.41321101350228023,0.66757657466884,0.23613628265003136,0.8823800111652611
2021-08-28 02:40:00,0.7803347280334728,-0.059760956175298974,0.40938198064035736,0.3890376718443136,0.16835272408422872,0.0633630289532294,0.5,0.3442731244473809,0.29643369242572787,0.41321101350228023,0.66757657466884,0.23613628265003136,0.8667109253587216
2021-08-28 02:50:00,0.8403068340306835,-0.1633466135458168,0.40580789277736407,0.3904659882163899,0.17010639829343946,0.07383073496659243,0.5,0.3442731244473809,0.29643369242572787,0.41321101350228023,0.66757657466884,0.23613628265003136,0.9423480242014575
2021-08-28 03:00:00,0.7287308228730822,-0.1872509960159363,0.40193596425912137,0.3922513836814856,0.1624766067712764,0.053118040089086854,0.5,0.3408286841906021,0.29133322030878767,0.40776371282333007,0.659348487564128,0.21620950189998117,0.8406309881255941
2021-08-28 03:10:00,0.7677824267782427,-0.07569721115537853,0.39806403574087845,0.3936797000535619,0.1624766067712764,0.05868596881959911,0.5,0.3408286841906021,0.29133322030878767,0.40776371282333007,0.659348487564128,0.21620950189998117,0.8988563151621226
2021-08-28 03:20:00,0.8075313807531381,-0.07569721115537853,0.39806403574087845,0.3936797000535619,0.15868134169164125,0.07171492204899778,0.5,0.3408286841906021,0.29133322030878767,0.40776371282333007,0.659348487564128,0.21620950189998117,0.9323219216319386
2021-08-28 03:30:00,0.8542538354253836,-0.003984063745020028,0.3989575577066269,0.3886805927512944,0.15650887961157425,0.09331848552338531,0.5,0.3408286841906021,0.29133322030878767,0.40776371282333007,0.659348487564128,0.21620950189998117,0.8947598714486171
2021-08-28 03:40:00,0.7405857740585774,0.3227091633466135,0.39865971705137726,0.38296732726298877,0.15603774325686093,0.052895322939866374,0.5,0.3408286841906021,0.29133322030878767,0.40776371282333007,0.659348487564128,0.21620950189998117,0.8528750546946905
2021-08-28 03:50:00,0.7852161785216178,-0.1872509960159363,0.38972449739389403,0.38296732726298877,0.1625682166180262,0.06091314031180401,0.5,0.3408286841906021,0.29133322030878767,0.40776371282333007,0.659348487564128,0.21620950189998117,0.9181767430632044
2021-08-28 04:00:00,0.7817294281729429,-0.3705179282868527,0.3885331347728964,0.3861810391001608,0.1625682166180262,0.06069042316258352,0.5,0.31679915069692943,0.2988273224389178,0.41349279448490456,0.6612904537219803,0.2019445688633608,0.9313487333464098
2021-08-28 04:10:00,0.7517433751743374,-0.2589641434262948,0.38644825018615014,0.38975183003035174,0.1625682166180262,0.039198218262806235,0.5,0.31679915069692943,0.2988273224389178,0.41349279448490456,0.6612904537219803,0.2019445688633608,0.9721321121957843
2021-08-28 04:20:00,0.8200836820083682,-0.01195219123505975,0.3921072226358895,0.3886805927512944,0.16259439085995472,0.03652561247216036,0.5,0.31679915069692943,0.2988273224389178,0.41349279448490456,0.6612904537219803,0.2019445688633608,0.9759506314407712
2021-08-28 04:30:00,0.8110181311018132,-0.09960159362549814,0.39419210722263576,0.3872522763792181,0.16260747798091899,0.03585746102449889,0.5,0.31679915069692943,0.2988273224389178,0.41349279448490456,0.6612904537219803,0.2019445688633608,0.9797692261267107
2021-08-28 04:40:00,0.7419804741980475,0.14741035856573692,0.39419210722263576,0.38689519728619914,0.16260747798091899,0.0066815144766146995,0.5,0.31679915069692943,0.2988273224389178,0.41349279448490456,0.6612904537219803,0.2019445688633608,0.9835877453716977
2021-08-28 04:50:00,0.7622036262203626,0.09960159362549792,0.3912137006701413,0.39332262096054293,0.16260747798091899,0.020155902004454343,0.5,0.31679915069692943,0.2988273224389178,0.41349279448490456,0.6612904537219803,0.2019445688633608,0.9874064154985893
2021-08-28 05:00:00,0.7468619246861925,-0.2509960159362551,0.3876396128071482,0.39760757007677205,0.16260747798091899,0.01492204899777283,0.5,0.31383516169410997,0.29985029036772315,0.40615583655029064,0.6635829321141898,0.1981449243931705,0.9912249347435763
2021-08-28 05:10:00,0.7147838214783822,-0.01195219123505975,0.3843633655994041,0.39903588644884835,0.16260747798091899,0.00868596881959911,0.5,0.31383516169410997,0.29985029036772315,0.40615583655029064,0.6635829321141898,0.1981449243931705,0.9950435294295156
2021-08-28 05:20:00,0.698744769874477,-0.0916334661354582,0.37751303052866714,0.40439207284413503,0.16260747798091899,0.0033407572383073497,0.5,0.31383516169410997,0.29985029036772315,0.40615583655029064,0.6635829321141898,0.1981449243931705,0.982648580955686
2021-08-28 05:30:00,0.7329149232914923,-0.0916334661354582,0.37423678332092325,0.3997500446348867,0.16260747798091899,0.006792873051224944,0.5,0.31383516169410997,0.29985029036772315,0.40615583655029064,0.6635829321141898,0.1981449243931705,0.988136910240355
2021-08-28 05:40:00,0.7112970711297071,0.3067729083665336,0.37125837676842877,0.3983217282628102,0.15404850087029356,0.0038975501113585743,0.5,0.31383516169410997,0.29985029036772315,0.40615583655029064,0.6635829321141898,0.1981449243931705,0.9936252395250237
2021-08-28 05:50:00,0.6729428172942817,-0.06772908366533881,0.3644080416976916,0.4018925191930012,0.15927026213503293,0.0034521158129175947,0.5,0.31383516169410997,0.29985029036772315,0.40615583655029064,0.6635829321141898,0.1981449243931705,0.8983508607812665
2021-08-28 06:00:00,0.7391910739191073,-0.08366533864541836,0.3602382725241995,0.4051062310301732,0.16273834919056157,0.0477728285077951,0.5,0.27026281900979354,0.3024192042114109,0.5191101909478304,0.657974519385015,0.20172277512892517,0.8888528448783138
2021-08-28 06:10:00,0.7370990237099024,-0.06772908366533881,0.36262099776619494,0.3972504909837531,0.16273834919056157,0.08151447661469934,0.5,0.27026281900979354,0.3024192042114109,0.5191101909478304,0.657974519385015,0.20172277512892517,0.6656834195874889
2021-08-28 06:20:00,0.6785216178521618,-0.2270916334661356,0.3569620253164556,0.3968934118907337,0.1605266257476018,0.07026726057906459,0.5,0.27026281900979354,0.3024192042114109,0.5191101909478304,0.657974519385015,0.20172277512892517,0.6061755963607285
2021-08-28 06:30:00,0.7538354253835425,0.05976095617529875,0.35487714072970933,0.39260846277450456,0.16178298936017066,0.07527839643652562,0.5,0.27026281900979354,0.3024192042114109,0.5191101909478304,0.657974519385015,0.20172277512892517,0.7581287626174993
2021-08-28 06:40:00,0.7789400278940027,-0.07569721115537853,0.3575577066269544,0.37832529905374046,0.16279069767441862,0.07216035634743875,0.5,0.27026281900979354,0.3024192042114109,0.5191101909478304,0.657974519385015,0.20172277512892517,0.8308161202227017
2021-08-28 06:50:00,0.7663877266387726,-0.11553784860557781,0.35845122859270284,0.36725584717014814,0.16279069767441862,0.01024498886414254,0.5,0.27026281900979354,0.3024192042114109,0.5191101909478304,0.657974519385015,0.20172277512892517,0.8420605941729408
2021-08-28 07:00:00,0.7824267782426779,-0.08366533864541836,0.3620253164556959,0.36511337261203347,0.16279069767441862,0.01893095768374165,0.5,0.27803108708058066,0.3077150746967727,0.5186271559510635,0.6386970155153658,0.21026011957403956,0.8533051435641323
2021-08-28 07:10:00,0.8312412831241283,-0.043824701195219196,0.36321667907669375,0.36511337261203347,0.16279069767441862,0.04086859688195991,0.5,0.27803108708058066,0.3077150746967727,0.5186271559510635,0.6386970155153658,0.21026011957403956,0.864549542073419
2021-08-28 07:20:00,0.7196652719665272,-0.2270916334661356,0.36291883842144435,0.3693983217282628,0.16279069767441862,0.04120267260579065,0.5,0.27803108708058066,0.3077150746967727,0.5186271559510635,0.6386970155153658,0.21026011957403956,0.8757940160236584
2021-08-28 07:30:00,0.7329149232914923,-0.19521912350597614,0.3611317944899479,0.3822531690769506,0.16279069767441862,0.046325167037861915,0.5,0.27803108708058066,0.3077150746967727,0.5186271559510635,0.6386970155153658,0.21026011957403956,0.8699548863104849
2021-08-28 07:40:00,0.804741980474198,0.15537848605577675,0.3650037230081904,0.3822531690769506,0.16279069767441862,0.06636971046770601,0.5,0.27803108708058066,0.3077150746967727,0.5186271559510635,0.6386970155153658,0.21026011957403956,0.9474101121052552
2021-08-28 07:50:00,0.8654114365411437,0.3545816733067728,0.37483246463142206,0.37189787537939667,0.16279069767441862,0.08418708240534521,0.5,0.27803108708058066,0.3077150746967727,0.5186271559510635,0.6386970155153658,0.21026011957403956,0.9855907780979828
2021-08-28 08:00:00,0.9400278940027894,0.33864541832669315,0.3795979151154132,0.363327977146938,0.16279069767441862,0.09665924276169265,0.5,0.2848059333812061,0.3136603574066039,0.5080040636317764,0.6470778471183876,0.22422532775810455,0.9744914525400968
2021-08-28 08:10:00,0.9358437935843794,0.5219123505976095,0.38644825018615014,0.35582931619353686,0.16281687191634714,0.09120267260579064,0.5,0.2848059333812061,0.3136603574066039,0.5080040636317764,0.6470778471183876,0.22422532775810455,0.9633922024231634
2021-08-28 08:20:00,0.7866108786610878,0.25099601593625476,0.3885331347728964,0.3569005534725942,0.1667953566894819,0.026726057906458798,0.5,0.2848059333812061,0.3136603574066039,0.5080040636317764,0.6470778471183876,0.22422532775810455,0.9522930277471823
2021-08-28 08:30:00,0.6931659693165969,-0.1394422310756973,0.38376768428890506,0.3779682199607215,0.1707607543416524,0.0028953229398663697,0.5,0.2848059333812061,0.3136603574066039,0.5080040636317764,0.6470778471183876,0.22422532775810455,0.9411937776302488
2021-08-28 08:40:00,0.7496513249651325,0.09163346613545809,0.39002233804914366,0.39582217461167657,0.17307717475232623,0.014253897550111359,0.5,0.2848059333812061,0.3136603574066039,0.5080040636317764,0.6470778471183876,0.22422532775810455,0.9366899527739637
2021-08-28 08:50:00,0.6910739191073919,0.01195219123505975,0.39419210722263576,0.4029637564720585,0.17307717475232623,0.0026726057906458797,0.5,0.2848059333812061,0.3136603574066039,0.5080040636317764,0.6470778471183876,0.22422532775810455,0.932186127917679
2021-08-28 09:00:00,0.6408647140864714,0.12350597609561742,0.39806403574087845,0.4190323156579181,0.18137440944366648,0.0014476614699331849,0.5,0.2726079414373115,0.33201056300591675,0.508348744419703,0.7395206799024152,0.2409283388136122,0.8079197911794439
2021-08-28 09:10:00,0.6715481171548118,-0.13147410358565736,0.40282948622486936,0.4386716657739689,0.190038083522006,0.0017817371937639199,0.5,0.2726079414373115,0.33201056300591675,0.508348744419703,0.7395206799024152,0.2409283388136122,0.8620184981215204
2021-08-28 09:20:00,0.6576011157601116,-0.14741035856573714,0.4040208488458674,0.4479557221924655,0.19167397364253838,0.0021158129175946547,0.5,0.2726079414373115,0.33201056300591675,0.508348744419703,0.7395206799024152,0.2409283388136122,0.8234304509860133
2021-08-28 09:30:00,0.6631799163179917,-0.14741035856573714,0.4084884586746089,0.4497411176575612,0.19264242059389358,0.005567928730512249,0.5,0.2726079414373115,0.33201056300591675,0.508348744419703,0.7395206799024152,0.2409283388136122,0.8882417731641445
2021-08-28 09:40:00,0.7343096234309623,-0.059760956175298974,0.4156366344005955,0.4443849312622745,0.19272094331967912,0.02817371937639198,0.5,0.2726079414373115,0.33201056300591675,0.508348744419703,0.7395206799024152,0.2409283388136122,0.8914706459254342
2021-08-28 09:50:00,0.7635983263598326,0.03585657370517925,0.42040208488458664,0.4515265131226567,0.19149075394903878,0.10779510022271716,0.5,0.2726079414373115,0.33201056300591675,0.508348744419703,0.7395206799024152,0.2409283388136122,0.5427222113251957
2021-08-28 10:00:00,0.7601115760111576,0.01195219123505975,0.42963514519731927,0.4429566148901982,0.19149075394903878,0.11503340757238308,0.5,0.4625316395745078,0.3305450752427379,0.3783110058046629,0.8365730604762127,0.2700691234765672,0.4910602471445599
2021-08-28 10:10:00,0.8709902370990237,0.2111553784860556,0.4391660461653015,0.43545795393679687,0.19396421981128373,0.16002227171492203,0.5,0.4625316395745078,0.3305450752427379,0.3783110058046629,0.8365730604762127,0.2700691234765672,0.37602033888075803
2021-08-28 10:20:00,0.7315202231520224,-0.14741035856573714,0.44393149664929243,0.43260132119264405,0.19711821596367016,0.12383073496659243,0.5,0.4625316395745078,0.3305450752427379,0.3783110058046629,0.8365730604762127,0.2700691234765672,0.400900764971257
2021-08-28 10:30:00,0.7754532775453277,-0.1394422310756973,0.44810126582278453,0.42795929298339574,0.203020507518551,0.10979955456570156,0.5,0.4625316395745078,0.3305450752427379,0.3783110058046629,0.8365730604762127,0.2700691234765672,0.5177361679013835
2021-08-28 10:40:00,0.798465829846583,-0.043824701195219196,0.4516753536857778,0.42795929298339574,0.19749774247163365,0.07104677060133631,0.5,0.4625316395745078,0.3305450752427379,0.3783110058046629,0.8365730604762127,0.2700691234765672,0.8422378804110023
2021-08-28 10:50:00,0.7531380753138076,0.019920318725099362,0.4623976172747577,0.43474379575075894,0.20067791286594863,0.023496659242761692,0.5,0.4625316395745078,0.3305450752427379,0.3783110058046629,0.8365730604762127,0.2700691234765672,0.9694011497201142
2021-08-28 11:00:00,0.7370990237099024,-0.003984063745020028,0.4701414743112433,0.45509730405284765,0.20566410595333134,0.016926503340757237,0.5,0.47147246885905414,0.3364098998008656,0.36802029330331393,0.8140156046965455,0.2981443144365733,0.9567723342939481
2021-08-28 11:10:00,0.6708507670850766,-0.08366533864541836,0.4760982874162323,0.46652383502945916,0.1967256023347424,0.007795100222717149,0.5,0.47147246885905414,0.3364098998008656,0.36802029330331393,0.8140156046965455,0.2981443144365733,0.8564283235511565
2021-08-28 11:20:00,0.5620641562064157,-0.003984063745020028,0.4778853313477287,0.4768791287270131,0.19108505319914673,0.00155902004454343,0.5,0.47147246885905414,0.3364098998008656,0.36802029330331393,0.8140156046965455,0.2981443144365733,0.5947085716010079
2021-08-28 11:30:00,0.5871687587168759,-0.05179282868525903,0.4766939687267311,0.49723263702910203,0.19355851906139168,0.005345211581291759,0.5,0.47147246885905414,0.3364098998008656,0.36802029330331393,0.8140156046965455,0.2981443144365733,0.5985334278859936
2021-08-28 11:40:00,0.6506276150627616,0.07569721115537842,0.4760982874162323,0.49794679521513996,0.19867558335841698,0.007461024498886415,0.5,0.47147246885905414,0.3364098998008656,0.36802029330331393,0.8140156046965455,0.2981443144365733,0.810499871750381
2021-08-28 11:50:00,0.6910739191073919,0.11553784860557759,0.48294862248696924,0.497589716122121,0.20127992043030454,0.01759465478841871,0.5,0.47147246885905414,0.3364098998008656,0.36802029330331393,0.8140156046965455,0.2981443144365733,0.8315101769844743
2021-08-28 12:00:00,0.6847977684797769,-0.02788844621513953,0.49486224869694695,0.5068737725406176,0.21016607556503644,0.06069042316258352,0.5,0.48873532755902405,0.330757714643671,0.34729328568673085,0.7294241736356336,0.31418344924295855,0.6173031368347994
2021-08-28 12:10:00,0.7440725244072525,-0.01195219123505975,0.5034996276991808,0.514372433494019,0.19973564015652198,0.0791759465478842,0.5,0.48873532755902405,0.330757714643671,0.34729328568673085,0.7294241736356336,0.31418344924295855,0.6398826138781176
2021-08-28 12:20:00,0.7308228730822873,0.019920318725099362,0.5133283693224122,0.5165149080521336,0.2034392953894073,0.07728285077951003,0.5,0.48873532755902405,0.330757714643671,0.34729328568673085,0.7294241736356336,0.31418344924295855,0.6587805724459466
2021-08-28 12:30:00,0.7412831241283124,0.003984063745019917,0.5252419955323901,0.5179432244242099,0.20697281804975723,0.10055679287305122,0.5,0.48873532755902405,0.330757714643671,0.34729328568673085,0.7294241736356336,0.31418344924295855,0.5319492433272478
2021-08-28 12:40:00,0.796373779637378,0.07569721115537842,0.5309009679821295,0.5115158007498661,0.21448482548324196,0.1271714922048998,0.5,0.48873532755902405,0.330757714643671,0.34729328568673085,0.7294241736356336,0.31418344924295855,0.46301130105466454
2021-08-28 12:50:00,0.8249651324965133,-0.11553784860557781,0.5362620997766194,0.5033029816104269,0.21643480650691654,0.11314031180400891,0.5,0.48873532755902405,0.330757714643671,0.34729328568673085,0.7294241736356336,0.31418344924295855,0.5743998672239239
2021-08-28 13:00:00,0.7475592747559275,0.12350597609561742,0.5416232315711094,0.504374218889484,0.21318920050778029,0.06202672605790646,0.5,0.6241670816346883,0.31255118431525786,0.23909966030300714,0.598436386493907,0.31768966543773935,0.7611388566169259
2021-08-28 13:10:00,0.6834030683403068,-0.20318725099601598,0.5466865227103499,0.514372433494019,0.21821465495805578,0.016592427616926503,0.5,0.6241670816346883,0.31255118431525786,0.23909966030300714,0.598436386493907,0.31768966543773935,0.8368740286977383
2021-08-28 13:20:00,0.7168758716875872,-0.01195219123505975,0.5526433358153384,0.5279414390287449,0.21031003389564332,0.01024498886414254,0.5,0.6241670816346883,0.31255118431525786,0.23909966030300714,0.598436386493907,0.31768966543773935,0.8702113855485312
2021-08-28 13:30:00,0.6534170153417015,0.17131474103585642,0.5603871928518243,0.5393679700053562,0.229692060043711,0.0016703786191536749,0.5,0.6241670816346883,0.31255118431525786,0.23909966030300714,0.598436386493907,0.31768966543773935,0.8172744692729
2021-08-28 13:40:00,0.7064156206415622,0.10756972111553775,0.5630677587490691,0.5536511337261203,0.20452552642944077,0.00957683741648107,0.5,0.6241670816346883,0.31255118431525786,0.23909966030300714,0.598436386493907,0.31768966543773935,0.8555003998370476
2021-08-28 13:50:00,0.705020920502092,-0.003984063745020028,0.5672375279225612,0.5572219246563115,0.1946709243433537,0.012806236080178173,0.5,0.6241670816346883,0.31255118431525786,0.23909966030300714,0.598436386493907,0.31768966543773935,0.8774461728804864
2021-08-28 14:00:00,0.6715481171548118,0.17131474103585642,0.573790022338049,0.5654347437957508,0.18416196620905367,0.009688195991091315,0.5,0.6310233761798238,0.291930909435731,0.22300048049871432,0.4339879257588731,0.31941464136764913,0.8513737797425954
2021-08-28 14:10:00,0.603905160390516,-0.23505976095617542,0.5815338793745346,0.5811462238885914,0.1995000719791653,0.0020044543429844097,0.5,0.6310233761798238,0.291930909435731,0.22300048049871432,0.4339879257588731,0.31941464136764913,0.6888362478687932
2021-08-28 14:20:00,0.7168758716875872,-0.043824701195219196,0.5857036485480267,0.5932869130512408,0.19189645469893077,0.010579064587973273,0.5,0.6310233761798238,0.291930909435731,0.22300048049871432,0.4339879257588731,0.31941464136764913,0.9231483018241623
2021-08-28 14:30:00,0.6694560669456067,-0.0916334661354582,0.5880863737900222,0.5922156757721835,0.19359778042428447,0.0033407572383073497,0.5,0.6310233761798238,0.291930909435731,0.22300048049871432,0.4339879257588731,0.31941464136764913,0.8486050967907418
2021-08-28 14:40:00,0.601115760111576,0.027888446215139417,0.591362620997766,0.6029280485627568,0.19209276151339466,0.0013363028953229399,0.5,0.6310233761798238,0.291930909435731,0.22300048049871432,0.4339879257588731,0.31941464136764913,0.6713339469197459
2021-08-28 14:50:00,0.6868898186889818,-0.08366533864541836,0.5999999999999999,0.6122121049812534,0.19082331077986153,0.0032293986636971047,0.5,0.6310233761798238,0.291930909435731,0.22300048049871432,0.4339879257588731,0.31941464136764913,0.8629841423118126
2021-08-28 15:00:00,0.5781032078103208,-0.019920318725099695,0.604169769173492,0.6175682913765399,0.2227166245697609,0.0006681514476614699,0.5,0.632073798379907,0.27943403437287156,0.21356031032430559,0.2632223973816429,0.3357662422866016,0.5985862365526503
2021-08-28 15:10:00,0.41631799163179917,-0.059760956175298974,0.6089352196574831,0.635065166934476,0.22589679496407586,0.00033407572383073496,0.5,0.632073798379907,0.27943403437287156,0.21356031032430559,0.2632223973816429,0.3357662422866016,0.3012508109902379
2021-08-28 15:20:00,0.5153417015341701,0.15537848605577675,0.6166790766939687,0.6475629351901446,0.21185431416942585,0.00044543429844097997,0.5,0.632073798379907,0.27943403437287156,0.21356031032430559,0.2632223973816429,0.3357662422866016,0.5079816527603844
2021-08-28 15:30:00,0.5271966527196652,-0.33067729083665354,0.6214445271779596,0.6468487770041065,0.20414599992147728,0.00033407572383073496,0.5,0.632073798379907,0.27943403437287156,0.21356031032430559,0.2632223973816429,0.3357662422866016,0.48099642409885784
2021-08-28 15:40:00,0.2796373779637378,0.593625498007968,0.6244229337304541,0.6522049633993929,0.19786418185863291,0.3016703786191537,0.5,0.632073798379907,0.27943403437287156,0.21356031032430559,0.2632223973816429,0.3357662422866016,0.06203509513104094
2021-08-28 15:50:00,0.18340306834030684,-0.02788844621513953,0.6303797468354431,0.6639885734690234,0.2196149769012315,0.000556792873051225,0.5,0.632073798379907,0.27943403437287156,0.21356031032430559,0.2632223973816429,0.3357662422866016,0.05498891018000211
2021-08-28 16:00:00,0.18688981868898188,-0.45019920318725104,0.6369322412509306,0.6589894661667561,0.21677507165198728,0.1252783964365256,0.5,0.6680733220977892,0.2698853758688771,0.19058488829641332,0.16516191215981252,0.33419460579399446,0.0
2021-08-28 16:10:00,0.19107391910739194,0.07569721115537842,0.645271779597915,0.6372076414925907,0.19620211749617203,0.04020044543429844,0.5,0.6680733220977892,0.2698853758688771,0.19058488829641332,0.16516191215981252,0.33419460579399446,0.019305339710608507
2021-08-28 16:20:00,0.11227336122733612,-0.31872509960159356,0.6536113179448992,0.6525620424924121,0.20905367028307442,0.5013363028953229,0.5,0.6680733220977892,0.2698853758688771,0.19058488829641332,0.16516191215981252,0.33419460579399446,0.0025725364757004693
2021-08-28 16:30:00,0.06415620641562064,-0.7131474103585658,0.6738644825018612,0.6593465452597751,0.21521770425724046,0.9995545657015591,0.5,0.6680733220977892,0.2698853758688771,0.19058488829641332,0.16516191215981252,0.33419460579399446,0.0
2021-08-28 16:40:00,0.06834030683403068,-0.3784860557768924,0.6953090096798211,0.680414211747902,0.21521770425724046,0.9995545657015591,0.5,0.6680733220977892,0.2698853758688771,0.19058488829641332,0.16516191215981252,0.33419460579399446,0.0
2021-08-28 16:50:00,0.09344490934449094,-0.043824701195219196,0.7096053611317943,0.6886270308873417,0.21521770425724046,0.9995545657015591,0.5,0.6680733220977892,0.2698853758688771,0.19058488829641332,0.16516191215981252,0.33419460579399446,0.0
2021-08-28 17:00:00,0.048117154811715475,0.15537848605577675,0.7194341027550257,0.689698268166399,0.21521770425724046,0.9995545657015591,0.5,0.672625151631483,0.2484806340102348,0.18986572540151572,0.17488413790066806,0.3002732549703263,0.0
2021-08-28 17:10:00,0.09693165969316596,0.3545816733067728,0.7286671630677586,0.689698268166399,0.21521770425724046,0.9995545657015591,0.5,0.672625151631483,0.2484806340102348,0.18986572540151572,0.17488413790066806,0.3002732549703263,0.0
2021-08-28 17:20:00,0.12203626220362622,0.5537848605577689,0.7361131794489946,0.689698268166399,0.21521770425724046,0.9995545657015591,0.5,0.672625151631483,0.2484806340102348,0.18986572540151572,0.17488413790066806,0.3002732549703263,0.0
2021-08-28 17:30:00,0.20502092050209206,0.7529880478087649,0.7456440804169768,0.6882699517943225,0.247372760466425,0.455902004454343,0.5,0.672625151631483,0.2484806340102348,0.18986572540151572,0.17488413790066806,0.3002732549703263,0.0015540836187516033
2021-08-28 17:40:00,0.1603905160390516,0.2589641434262948,0.746537602382725,0.7143367255847171,0.2539948436743401,0.9944320712694877,0.5,0.672625151631483,0.2484806340102348,0.18986572540151572,0.17488413790066806,0.3002732549703263,0.0
2021-08-28 17:50:00,0.2629009762900976,-0.23505976095617542,0.7483246463142217,0.7104088555615069,0.22053107536872965,0.09153674832962139,0.5,0.672625151631483,0.2484806340102348,0.18986572540151572,0.17488413790066806,0.3002732549703263,0.06880214855832341
2021-08-28 18:00:00,0.15341701534170155,0.6414342629482073,0.7212211466865226,0.6904124263524369,0.23347423800238187,0.00011135857461024499,0.5,0.5926216962514128,0.2509547221751282,0.2633654160384612,0.23891706357017917,0.38608534632804437,0.04276747589661572
2021-08-28 18:10:00,0.1631799163179916,-0.2749003984063746,0.7000744601638123,0.6668452062131762,0.2838727408357436,0.10345211581291759,0.5,0.5926216962514128,0.2509547221751282,0.2633654160384612,0.23891706357017917,0.38608534632804437,0.02998023447047996
2021-08-28 18:20:00,0.11018131101813111,-0.254980079681275,0.703946388682055,0.6625602570969469,0.2581172867780817,0.9996659242761693,0.5,0.5926216962514128,0.2509547221751282,0.2633654160384612,0.23891706357017917,0.38608534632804437,0.0
2021-08-28 18:30:00,0.2733612273361227,-0.23505976095617542,0.7224125093075202,0.6732726298875202,0.22257266623915403,0.2749443207126949,0.5,0.5926216962514128,0.2509547221751282,0.2633654160384612,0.23891706357017917,0.38608534632804437,0.07310228284321862
2021-08-28 18:40:00,0.14644351464435149,0.47410358565737054,0.7081161578555473,0.6647027316550616,0.24547512792660742,0.2148106904231626,0.5,0.5926216962514128,0.2509547221751282,0.2633654160384612,0.23891706357017917,0.38608534632804437,0.034597220755314816
2021-08-28 18:50:00,0.17294281729428174,0.2111553784860556,0.7021593447505583,0.6443492233529726,0.253837798222769,0.9993318485523385,0.5,0.5926216962514128,0.2509547221751282,0.2633654160384612,0.23891706357017917,0.38608534632804437,0.0
2021-08-28 19:00:00,0.21617852161785217,-0.05179282868525903,0.7149664929262842,0.6532762006784503,0.22600149193178992,0.2737193763919822,0.5,0.5974911472562248,0.25012427910932794,0.2468007015864574,0.22126431093016735,0.41475479245595176,0.04364259094406808
2021-08-28 19:10:00,0.2196652719665272,-0.5378486055776892,0.7012658227848099,0.6582753079807178,0.23606548795330515,0.00022271714922048998,0.5,0.5974911472562248,0.25012427910932794,0.2468007015864574,0.22126431093016735,0.41475479245595176,0.06597311284457655
2021-08-28 19:20:00,0.2315202231520223,-0.2270916334661356,0.6720774385703647,0.6239957150508837,0.20847783696064703,0.00022271714922048998,0.5,0.5974911472562248,0.25012427910932794,0.2468007015864574,0.22126431093016735,0.41475479245595176,0.08382244217451001
2021-08-28 19:30:00,0.3884239888423989,0.36254980079681287,0.6494415487714069,0.6000714158186038,0.19973564015652198,0.00022271714922048998,0.5,0.5974911472562248,0.25012427910932794,0.2468007015864574,0.22126431093016735,0.41475479245595176,0.24271617604900647
2021-08-28 19:40:00,0.42189679218967924,-0.003984063745020028,0.6327624720774385,0.5847170148187824,0.2157150148538823,0.00011135857461024499,0.5,0.5974911472562248,0.25012427910932794,0.2468007015864574,0.22126431093016735,0.41475479245595176,0.29630942861022674
2021-08-28 19:50:00,0.37796373779637377,-0.02788844621513953,0.6193596425912136,0.5686484556329228,0.21520461713627617,0.00011135857461024499,0.5,0.5974911472562248,0.25012427910932794,0.2468007015864574,0.22126431093016735,0.41475479245595176,0.22727341309956697
2021-08-28 20:00:00,0.4714086471408647,0.03585657370517925,0.6110201042442291,0.5607927155865025,0.2109120414599992,0.00022271714922048998,0.5,0.5991767123392755,0.23024249512222356,0.2476613890432851,0.1977249598129496,0.41057908227594275,0.3699548863104848
2021-08-28 20:10:00,0.4093444909344491,-0.15537848605577698,0.6005956813104989,0.5457953936797,0.20549397338079597,0.00022271714922048998,0.5,0.5991767123392755,0.23024249512222356,0.2476613890432851,0.1977249598129496,0.41057908227594275,0.2851139912790259
2021-08-28 20:20:00,0.4191073919107392,-0.019920318725099695,0.5916604616530154,0.5461524727727192,0.20712986350132837,0.00022271714922048998,0.5,0.5991767123392755,0.23024249512222356,0.2476613890432851,0.1977249598129496,0.41057908227594275,0.3010320322283748
2021-08-28 20:30:00,0.4386331938633194,0.019920318725099362,0.5827252419955322,0.5368684163542226,0.19981416288230752,0.00022271714922048998,0.5,0.5991767123392755,0.23024249512222356,0.2476613890432851,0.1977249598129496,0.41057908227594275,0.342864040315645
2021-08-28 20:40:00,0.4797768479776848,-0.10756972111553798,0.5752792256142962,0.5190144617032673,0.19973564015652198,0.00022271714922048998,0.5,0.5991767123392755,0.23024249512222356,0.2476613890432851,0.1977249598129496,0.41057908227594275,0.4252304721094799
2021-08-28 20:50:00,0.4086471408647141,-0.08366533864541836,0.5672375279225612,0.5129441171219424,0.19973564015652198,0.00022271714922048998,0.5,0.5991767123392755,0.23024249512222356,0.2476613890432851,0.1977249598129496,0.41057908227594275,0.2951400938485448
2021-08-28 21:00:00,0.592747559274756,-0.4422310756972112,0.5618763961280713,0.5079450098196749,0.197968878826347,0.00022271714922048998,0.5,0.6015218347667934,0.23498377906191442,0.25027515494466657,0.27198180389571636,0.33725837907424044,0.6609080073026842
2021-08-28 21:10:00,0.598326359832636,-0.03585657370517936,0.5588979895755768,0.507230851633637,0.18846762900629493,0.00011135857461024499,0.5,0.6015218347667934,0.23498377906191442,0.25027515494466657,0.27198180389571636,0.33725837907424044,0.6760339182521841
2021-08-28 21:20:00,0.6115760111576011,-0.3545816733067729,0.5541325390915859,0.5040171397964648,0.18846762900629493,0.00022271714922048998,0.5,0.6015218347667934,0.23498377906191442,0.25027515494466657,0.27198180389571636,0.33725837907424044,0.679919127299063
2021-08-28 21:30:00,0.602510460251046,-0.4103585657370519,0.552941176470588,0.5040171397964648,0.18846762900629493,0.00011135857461024499,0.5,0.6015218347667934,0.23498377906191442,0.25027515494466657,0.27198180389571636,0.33725837907424044,0.6669131071110642
2021-08-28 21:40:00,0.5606694560669455,0.019920318725099362,0.5475800446760981,0.5108016425638278,0.18018348143591892,0.00022271714922048998,0.5,0.6015218347667934,0.23498377906191442,0.25027515494466657,0.27198180389571636,0.33725837907424044,0.579673189794348
2021-08-28 21:50:00,0.5320781032078103,0.21912350597609564,0.5446016381236036,0.5090162470987323,0.17729122770281766,0.00033407572383073496,0.5,0.6015218347667934,0.23498377906191442,0.25027515494466657,0.27198180389571636,0.33725837907424044,0.5622086093214841
2021-08-28 22:00:00,0.5467224546722455,0.31474103585657365,0.5398361876396125,0.504374218889484,0.17729122770281766,0.00022271714922048998,0.5,0.47838576383411113,0.2614401434453915,0.3007758361267315,0.431119638127401,0.277006677726522,0.584131750079213
2021-08-28 22:10:00,0.5034867503486751,0.2350597609561753,0.5347728965003722,0.5040171397964648,0.17729122770281766,0.00022271714922048998,0.5,0.47838576383411113,0.2614401434453915,0.3007758361267315,0.431119638127401,0.277006677726522,0.4909244534303001
2021-08-28 22:20:00,0.41492329149232915,-0.2270916334661356,0.5282204020848844,0.5065166934475986,0.17729122770281766,0.00033407572383073496,0.5,0.47838576383411113,0.2614401434453915,0.3007758361267315,0.431119638127401,0.277006677726522,0.3240641549858925
2021-08-28 22:30:00,0.4470013947001395,-0.1633466135458168,0.5249441548771405,0.5068737725406176,0.17729122770281766,0.0006681514476614699,0.5,0.47838576383411113,0.2614401434453915,0.3007758361267315,0.431119638127401,0.277006677726522,0.3923231286871765
2021-08-28 22:40:00,0.5320781032078103,0.07569721115537842,0.5207743857036482,0.5097304052847706,0.16704401198780283,0.0021158129175946547,0.5,0.47838576383411113,0.2614401434453915,0.3007758361267315,0.431119638127401,0.277006677726522,0.5848258068409856
2021-08-28 22:50:00,0.5885634588563459,-0.09960159362549814,0.5222635889798957,0.49830387430815937,0.1658661711010195,0.00311804008908686,0.5,0.47838576383411113,0.2614401434453915,0.3007758361267315,0.431119638127401,0.277006677726522,0.6577696636842344
2021-08-28 23:00:00,0.5146443514644351,-0.12350597609561753,0.5210722263588978,0.507230851633637,0.14713850100116477,0.025723830734966594,0.5,0.43436555586425674,0.2677072587620368,0.30848233041749623,0.6449050057753721,0.2604757252264108,0.46783952200612583
2021-08-28 23:10:00,0.5767085076708507,0.3545816733067728,0.5180938198064033,0.49866095340117833,0.14352645561502927,0.013028953229398663,0.5,0.43436555586425674,0.2677072587620368,0.30848233041749623,0.6449050057753721,0.2604757252264108,0.6222897837862306
2021-08-28 23:20:00,0.6108786610878661,0.38645418326693215,0.5145197319434103,0.487591501517586,0.14352645561502927,0.0064587973273942095,0.5,0.43436555586425674,0.2677072587620368,0.30848233041749623,0.6449050057753721,0.2604757252264108,0.720098978529505
2021-08-28 23:30:00,0.6192468619246863,-0.0916334661354582,0.5133283693224122,0.4850919478664524,0.15152268652419154,0.00311804008908686,0.5,0.43436555586425674,0.2677072587620368,0.30848233041749623,0.6449050057753721,0.2604757252264108,0.7536626582373976
2021-08-28 23:40:00,0.5529986052998606,-0.13147410358565736,0.5052866716306774,0.4943760042849492,0.14859117142819753,0.010579064587973273,0.5,0.43436555586425674,0.2677072587620368,0.30848233041749623,0.6449050057753721,0.2604757252264108,0.5647886898924211
2021-08-28 23:50:00,0.5516039051603905,-0.17928286852589637,0.4993298585256887,0.4990180324941975,0.15480755388622058,0.031403118040089086,0.5,0.43436555586425674,0.2677072587620368,0.30848233041749623,0.6449050057753721,0.2604757252264108,0.5002791315237564
2021-08-29 00:00:00,0.553347280334728,-0.254980079681275,0.49411764705882333,0.4913408319942869,0.15412048003559697,0.02728284855233853,0.5,0.4254898318103755,0.2718997031668897,0.31162288218828427,0.7361206117802315,0.2612422940361085,0.5118706338548817
2021-08-29 00:10:00,0.5550906555090656,-0.33067729083665354,0.488905435591958,0.48366363149437586,0.15343340618497336,0.023162583518930958,0.5,0.4254898318103755,0.2718997031668897,0.31162288218828427,0.7361206117802315,0.2612422940361085,0.5234621361860072
2021-08-29 00:20:00,0.5571827057182706,0.22709163346613526,0.48294862248696924,0.4815211569362612,0.14352645561502927,0.00022271714922048998,0.5,0.4254898318103755,0.2718997031668897,0.31162288218828427,0.7361206117802315,0.2612422940361085,0.5959986118864764
2021-08-29 00:30:00,0.5669456066945607,-0.01195219123505975,0.4772896500372299,0.4704517050526693,0.14352645561502927,0.000556792873051225,0.5,0.4254898318103755,0.2718997031668897,0.31162288218828427,0.7361206117802315,0.2612422940361085,0.6237080736907223
2021-08-29 00:40:00,0.602510460251046,0.20318725099601576,0.4749069247952342,0.46473843956436345,0.14838177749276937,0.0036748329621380848,0.5,0.4254898318103755,0.2718997031668897,0.31162288218828427,0.7361206117802315,0.2612422940361085,0.7139203645306819
2021-08-29 00:50:00,0.6701534170153417,-0.19521912350597614,0.4728220402084884,0.4622388859132296,0.15279213725772467,0.054677060133630294,0.5,0.4254898318103755,0.2718997031668897,0.31162288218828427,0.7361206117802315,0.2612422940361085,0.6749173921571586
2021-08-29 01:00:00,0.590655509065551,-0.2509960159362551,0.46835443037974667,0.45866809498303884,0.14487442907434794,0.05011135857461025,0.5,0.3502499647291075,0.2696440014137666,0.34442830100651106,0.6966643436948251,0.2530235213827151,0.5246918237095826
2021-08-29 01:10:00,0.5843793584379359,-0.20318725099601598,0.4620997766195085,0.4608105695411533,0.15514781903129132,0.032739420935412024,0.5,0.3502499647291075,0.2696440014137666,0.34442830100651106,0.6966643436948251,0.2530235213827151,0.5771308296995942
2021-08-29 01:20:00,0.5760111576011158,-0.059760956175298974,0.457036485480268,0.46509551865738263,0.16098467498135086,0.015812917594654786,0.5,0.3502499647291075,0.2696440014137666,0.34442830100651106,0.6966643436948251,0.2530235213827151,0.6045913363610302
2021-08-29 01:30:00,0.5509065550906556,0.08366533864541825,0.45256887565152626,0.4490269594715228,0.15910012956249756,0.007683741648106904,0.5,0.3502499647291075,0.2696440014137666,0.34442830100651106,0.6966643436948251,0.2530235213827151,0.5869683298881965
2021-08-29 01:40:00,0.5634588563458857,0.09960159362549792,0.44720774385703654,0.44367077307623637,0.15910012956249756,0.0034521158129175947,0.5,0.3502499647291075,0.2696440014137666,0.34442830100651106,0.6966643436948251,0.2530235213827151,0.6363067127359416
2021-08-29 01:50:00,0.5808926080892608,0.29083665338645415,0.4457185405807891,0.43617211212283524,0.15910012956249756,0.003006681514476615,0.5,0.3502499647291075,0.2696440014137666,0.34442830100651106,0.6966643436948251,0.2530235213827151,0.6671318858729273
2021-08-29 02:00:00,0.5815899581589958,0.3545816733067728,0.4427401340282946,0.42938760935547227,0.15910012956249756,0.00155902004454343,0.5,0.3483201216187053,0.2765605289548771,0.33907344782366045,0.6721846307248294,0.24043143328548477,0.6750682740618918
2021-08-29 02:10:00,0.5892608089260809,-0.01195219123505975,0.4382725241995531,0.43117300482056775,0.16408632264988027,0.0020044543429844097,0.5,0.3483201216187053,0.2765605289548771,0.33907344782366045,0.6721846307248294,0.24043143328548477,0.6657362282541456
2021-08-29 02:20:00,0.5669456066945607,0.3306772908366533,0.4352941176470586,0.42938760935547227,0.15910012956249756,0.0021158129175946547,0.5,0.3483201216187053,0.2765605289548771,0.33907344782366045,0.6721846307248294,0.24043143328548477,0.6375137679738069
2021-08-29 02:30:00,0.6004184100418409,0.2669322709163344,0.43350707371556196,0.4240314229601856,0.15910012956249756,0.009020044543429844,0.5,0.3483201216187053,0.2765605289548771,0.33907344782366045,0.6721846307248294,0.24043143328548477,0.6954146989151591
2021-08-29 02:40:00,0.6241283124128312,0.3545816733067728,0.42814594192107225,0.41867523656489913,0.15910012956249756,0.031069042316258354,0.5,0.3483201216187053,0.2765605289548771,0.33907344782366045,0.6721846307248294,0.24043143328548477,0.6618132987310832
2021-08-29 02:50:00,0.6854951185495118,0.25099601593625476,0.4272524199553238,0.41331905016961246,0.16251586813416918,0.03719376391982183,0.5,0.3483201216187053,0.2765605289548771,0.33907344782366045,0.6721846307248294,0.24043143328548477,0.7354361241456312
2021-08-29 03:00:00,0.694560669456067,-0.31474103585657376,0.42516753536857754,0.41367612926263164,0.16904634149533446,0.04977728285077951,0.5,0.3488819877640854,0.2697215860600494,0.33288961071488044,0.6607215154989186,0.23236718713813045,0.7052748313894714
2021-08-29 03:10:00,0.6373779637377964,-0.26693227091633476,0.42010424422933723,0.4176039992858418,0.16498933399641413,0.025835189309576838,0.5,0.3488819877640854,0.2697215860600494,0.33288961071488044,0.6607215154989186,0.23236718713813045,0.7092203931982438
2021-08-29 03:20:00,0.5857740585774059,0.1633466135458166,0.41712583767684275,0.41367612926263164,0.15910012956249756,0.0034521158129175947,0.5,0.3488819877640854,0.2697215860600494,0.33288961071488044,0.6607215154989186,0.23236718713813045,0.6944641429153402
2021-08-29 03:30:00,0.612970711297071,0.25099601593625476,0.41444527177959767,0.40760578468130704,0.15910012956249756,0.0027839643652561247,0.5,0.3488819877640854,0.2697215860600494,0.33288961071488044,0.6607215154989186,0.23236718713813045,0.7363715919549769
2021-08-29 03:40:00,0.598326359832636,0.20318725099601576,0.4084884586746089,0.40403499375111585,0.15910012956249756,0.0032293986636971047,0.5,0.3488819877640854,0.2697215860600494,0.33288961071488044,0.6607215154989186,0.23236718713813045,0.7121324139595939
2021-08-29 03:50:00,0.5864714086471409,0.003984063745019917,0.4064035740878629,0.40403499375111585,0.15910012956249756,0.0017817371937639199,0.5,0.3488819877640854,0.2697215860600494,0.33288961071488044,0.6607215154989186,0.23236718713813045,0.7043469076753625
2021-08-29 04:00:00,0.6276150627615062,0.346613545816733,0.40491437081161563,0.40260667737903955,0.15910012956249756,0.0024498886414253897,0.5,0.281866358839886,0.27560365165068446,0.39596289773823207,0.647178326689516,0.22127851437089432,0.7690978770916005
2021-08-29 04:10:00,0.605997210599721,0.3705179282868525,0.4037230081906178,0.3968934118907337,0.15910012956249756,0.00155902004454343,0.5,0.281866358839886,0.27560365165068446,0.39596289773823207,0.647178326689516,0.22127851437089432,0.720581800624651
2021-08-29 04:20:00,0.5760111576011158,0.25099601593625476,0.39865971705137726,0.3968934118907337,0.15910012956249756,0.0016703786191536749,0.5,0.281866358839886,0.27560365165068446,0.39596289773823207,0.647178326689516,0.22127851437089432,0.6592332181601461
2021-08-29 04:30:00,0.5376569037656904,0.14741035856573692,0.3965748324646312,0.3968934118907337,0.15910012956249756,0.0016703786191536749,0.5,0.281866358839886,0.27560365165068446,0.39596289773823207,0.647178326689516,0.22127851437089432,0.5882583701736651
2021-08-29 04:40:00,0.5348675034867504,0.019920318725099362,0.39419210722263576,0.3968934118907337,0.15910012956249756,0.00111358574610245,0.5,0.281866358839886,0.27560365165068446,0.39596289773823207,0.647178326689516,0.22127851437089432,0.5716764488434902
2021-08-29 04:50:00,0.4923291492329149,-0.02788844621513953,0.38972449739389403,0.4015354400999822,0.15910012956249756,0.0017817371937639199,0.5,0.281866358839886,0.27560365165068446,0.39596289773823207,0.647178326689516,0.22127851437089432,0.4746820163857749
2021-08-29 05:00:00,0.4881450488145049,0.003984063745019917,0.38644825018615014,0.39760757007677205,0.15910012956249756,0.00111358574610245,0.5,0.284081204099895,0.26763829463200345,0.35137543232519913,0.6484980680855059,0.2154487842387813,0.4563875854368786
2021-08-29 05:10:00,0.5013947001394701,0.11553784860557759,0.38198064035740864,0.3929655418675235,0.15910012956249756,0.00044543429844097997,0.5,0.284081204099895,0.26763829463200345,0.35137543232519913,0.6484980680855059,0.2154487842387813,0.4858623655265024
2021-08-29 05:20:00,0.5,-0.01195219123505975,0.3798957557706626,0.3840385645420461,0.15910012956249756,0.000779510022271715,0.5,0.284081204099895,0.26763829463200345,0.35137543232519913,0.6484980680855059,0.2154487842387813,0.47453113448104167
2021-08-29 05:30:00,0.4951185495118549,0.03585657370517925,0.3772151898734175,0.37689698268166416,0.15910012956249756,0.0027839643652561247,0.5,0.284081204099895,0.26763829463200345,0.35137543232519913,0.6484980680855059,0.2154487842387813,0.48588499781221234
2021-08-29 05:40:00,0.50697350069735,-0.17131474103585675,0.3739389426656736,0.36868416354222466,0.15910012956249756,0.0044543429844098,0.5,0.284081204099895,0.26763829463200345,0.35137543232519913,0.6484980680855059,0.2154487842387813,0.5041869728563454
2021-08-29 05:50:00,0.5251046025104603,0.06772908366533859,0.37155621742367817,0.3647562935190145,0.15910012956249756,0.0026726057906458797,0.5,0.284081204099895,0.26763829463200345,0.35137543232519913,0.6484980680855059,0.2154487842387813,0.5399987929447622
2021-08-29 06:00:00,0.5188284518828452,0.17928286852589648,0.37066269545792974,0.3554722371005179,0.15910012956249756,0.000556792873051225,0.5,0.2674861076044044,0.2742502305988114,0.40733140347600055,0.6695051152226681,0.2302143326712023,0.5146430888543537
2021-08-29 06:10:00,0.5146443514644351,0.13147410358565725,0.3655994043186892,0.3519014461703267,0.15910012956249756,0.0034521158129175947,0.5,0.2674861076044044,0.2742502305988114,0.40733140347600055,0.6695051152226681,0.2302143326712023,0.5121610815214931
2021-08-29 06:20:00,0.500697350069735,-0.043824701195219196,0.3655994043186892,0.3472594179610784,0.15910012956249756,0.003006681514476615,0.5,0.2674861076044044,0.2742502305988114,0.40733140347600055,0.6695051152226681,0.2302143326712023,0.4997284125714803
2021-08-29 06:30:00,0.5299860529986052,-0.17131474103585675,0.3641102010424422,0.3472594179610784,0.15910012956249756,0.001893095768374165,0.5,0.2674861076044044,0.2742502305988114,0.40733140347600055,0.6695051152226681,0.2302143326712023,0.5560752598940809
2021-08-29 06:40:00,0.504881450488145,-0.1394422310756973,0.36262099776619494,0.3472594179610784,0.15910012956249756,0.0010022271714922048,0.5,0.2674861076044044,0.2742502305988114,0.40733140347600055,0.6695051152226681,0.2302143326712023,0.5053789399037374
2021-08-29 06:50:00,0.5244072524407252,-0.4183266932270917,0.36262099776619494,0.3472594179610784,0.15910012956249756,0.00033407572383073496,0.5,0.2674861076044044,0.2742502305988114,0.40733140347600055,0.6695051152226681,0.2302143326712023,0.5008223063807957
2021-08-29 07:00:00,0.46373779637377965,-0.2828685258964144,0.35845122859270284,0.3472594179610784,0.15910012956249756,0.0006681514476614699,0.5,0.2667695164769266,0.28035930311746615,0.41050594143191155,0.6539325356150667,0.23257600647803414,0.3981094497336935
2021-08-29 07:10:00,0.4288702928870293,0.03585657370517925,0.356664184661206,0.34333154793786824,0.15910012956249756,0.00033407572383073496,0.5,0.2667695164769266,0.28035930311746615,0.41050594143191155,0.6539325356150667,0.23257600647803414,0.3398011376495617
2021-08-29 07:20:00,0.4372384937238493,0.12350597609561742,0.356664184661206,0.33726120335654364,0.15910012956249756,0.00033407572383073496,0.5,0.2667695164769266,0.28035930311746615,0.41050594143191155,0.6539325356150667,0.23257600647803414,0.348778610981185
2021-08-29 07:30:00,0.4170153417015342,0.15537848605577675,0.356664184661206,0.32869130512408495,0.15910012956249756,0.00033407572383073496,0.5,0.2667695164769266,0.28035930311746615,0.41050594143191155,0.6539325356150667,0.23257600647803414,0.30826681956033014
2021-08-29 07:40:00,0.399581589958159,0.05976095617529875,0.356664184661206,0.32547759328691295,0.15910012956249756,0.00022271714922048998,0.5,0.2667695164769266,0.28035930311746615,0.41050594143191155,0.6539325356150667,0.23257600647803414,0.29343512832505997
2021-08-29 07:50:00,0.4372384937238493,0.08366533864541825,0.356664184661206,0.3211926441706838,0.15910012956249756,0.00022271714922048998,0.5,0.2667695164769266,0.28035930311746615,0.41050594143191155,0.6539325356150667,0.23257600647803414,0.3378245846975572
2021-08-29 08:00:00,0.4386331938633194,0.17928286852589648,0.3581533879374532,0.3144081414033211,0.15910012956249756,0.001893095768374165,0.5,0.2726160795911443,0.2850086348837792,0.4137620208692931,0.6750644001860058,0.230311894882976,0.3424189386966821
2021-08-29 08:10:00,0.44490934449093444,0.38645418326693215,0.3623231571109453,0.3076236386359579,0.15910012956249756,0.0010022271714922048,0.5,0.2726160795911443,0.2850086348837792,0.4137620208692931,0.6750644001860058,0.230311894882976,0.339220242316339
2021-08-29 08:20:00,0.4372384937238493,0.31474103585657365,0.3644080416976916,0.3076236386359579,0.15910012956249756,0.000556792873051225,0.5,0.2726160795911443,0.2850086348837792,0.4137620208692931,0.6750644001860058,0.230311894882976,0.34691521945773046
2021-08-29 08:30:00,0.4588563458856346,0.01195219123505975,0.3694713328369321,0.30833779682199625,0.16919029982594128,0.0028953229398663697,0.5,0.2726160795911443,0.2850086348837792,0.4137620208692931,0.6750644001860058,0.230311894882976,0.39359808078217184
2021-08-29 08:40:00,0.4867503486750349,0.043824701195219085,0.3778108711839163,0.3136939832172827,0.17042048919658165,0.013140311804008908,0.5,0.2726160795911443,0.2850086348837792,0.4137620208692931,0.6750644001860058,0.230311894882976,0.4313261010606998
2021-08-29 08:50:00,0.6241283124128312,0.22709163346613526,0.38674609084139977,0.3154793786823784,0.1755768148564997,0.04966592427616927,0.5,0.2726160795911443,0.2850086348837792,0.4137620208692931,0.6750644001860058,0.230311894882976,0.5815064049368559
2021-08-29 09:00:00,0.6136680613668062,0.06772908366533859,0.39776619508562905,0.32262096054276035,0.18286634123359205,0.08351893095768374,0.5,0.27308022118434816,0.30344217214021624,0.42474399715834915,0.7135524878438311,0.2353944752827893,0.42126227801499766
2021-08-29 09:10:00,0.7126917712691772,0.03585657370517925,0.4064035740878629,0.32583467237993236,0.1861381214746568,0.08875278396436526,0.5,0.27308022118434816,0.30344217214021624,0.42474399715834915,0.7135524878438311,0.2353944752827893,0.5424581679919127
2021-08-29 09:20:00,0.6262203626220363,0.06772908366533859,0.41384959046909886,0.3333333333333335,0.1897501668607923,0.0678173719376392,0.5,0.27308022118434816,0.30344217214021624,0.42474399715834915,0.7135524878438311,0.2353944752827893,0.5107805120931846
2021-08-29 09:30:00,0.6750348675034867,-0.05179282868525903,0.4198064035740878,0.34226031065881113,0.18933137898993602,0.046993318485523385,0.5,0.27308022118434816,0.30344217214021624,0.42474399715834915,0.7135524878438311,0.2353944752827893,0.7292122455753882
2021-08-29 09:40:00,0.6708507670850766,0.14741035856573692,0.4275502606105732,0.35440099982146056,0.18863776157883028,0.015701559020044543,0.5,0.27308022118434816,0.30344217214021624,0.42474399715834915,0.7135524878438311,0.2353944752827893,0.8015148543235211
2021-08-29 09:50:00,0.7245467224546723,-0.06772908366533881,0.4358897989575574,0.36904124263524385,0.19091492062661133,0.00757238307349666,0.5,0.27308022118434816,0.30344217214021624,0.42474399715834915,0.7135524878438311,0.2353944752827893,0.9771866560043454
2021-08-29 10:00:00,0.794979079497908,0.09163346613545809,0.44482501861504087,0.379753615425817,0.19197497742471634,0.023719376391982183,0.5,0.50384844622965,0.2990859379265356,0.3163227404227755,0.7832662702593832,0.253734609734068,0.9023568507928845
2021-08-29 10:10:00,0.704323570432357,0.027888446215139417,0.45256887565152626,0.3918943045884662,0.1906139168444334,0.037305122494432075,0.5,0.50384844622965,0.2990859379265356,0.3163227404227755,0.7832662702593832,0.253734609734068,0.8275268946995188
2021-08-29 10:20:00,0.7001394700139469,-0.01195219123505975,0.45971705137751284,0.414747366541689,0.18416196620905367,0.0556792873051225,0.5,0.50384844622965,0.2990859379265356,0.3163227404227755,0.7832662702593832,0.253734609734068,0.7353154186218448
2021-08-29 10:30:00,0.7370990237099024,-0.059760956175298974,0.4704393149664927,0.42688805570433863,0.18289251547552055,0.07394209354120267,0.5,0.50384844622965,0.2990859379265356,0.3163227404227755,0.7832662702593832,0.253734609734068,0.6527981049232765
2021-08-29 10:40:00,0.7217573221757322,-0.05179282868525903,0.48384214445271767,0.44224245670416007,0.1896585570140425,0.05077951002227171,0.5,0.50384844622965,0.2990859379265356,0.3163227404227755,0.7832662702593832,0.253734609734068,0.7705086229008555
2021-08-29 10:50:00,0.7656903765690377,-0.019920318725099695,0.49635145197319397,0.4561685413319052,0.19133370849746767,0.042650334075723835,0.5,0.50384844622965,0.2990859379265356,0.3163227404227755,0.7832662702593832,0.253734609734068,0.8980717292575102
2021-08-29 11:00:00,0.7364016736401674,-0.02788844621513953,0.5073715562174235,0.4740224959828603,0.18649147374069178,0.043429844097995544,0.5,0.5132126929851446,0.28753731965161516,0.31418313252950936,0.8129245596503184,0.27162666213856995,0.8736816693573939
2021-08-29 11:10:00,0.7119944211994422,-0.0916334661354582,0.5186895011169024,0.49401892519193,0.19926450380180866,0.05178173719376392,0.5,0.5132126929851446,0.28753731965161516,0.31418313252950936,0.8129245596503184,0.27162666213856995,0.779063626899226
2021-08-29 11:20:00,0.794281729428173,-0.09960159362549814,0.5273268801191362,0.500803427959293,0.1965292955202785,0.06837416481069042,0.5,0.5132126929851446,0.28753731965161516,0.31418313252950936,0.8129245596503184,0.27162666213856995,0.8102961811789912
2021-08-29 11:30:00,0.7384937238493724,-0.06772908366533881,0.5341772151898732,0.5168719871451526,0.20080878407559122,0.033073496659242765,0.5,0.5132126929851446,0.28753731965161516,0.31418313252950936,0.8129245596503184,0.27162666213856995,0.9140878434449358
2021-08-29 11:40:00,0.7747559274755927,0.01195219123505975,0.5454951600893521,0.5183003035172289,0.20438156809883395,0.04354120267260579,0.5,0.5132126929851446,0.28753731965161516,0.31418313252950936,0.8129245596503184,0.27162666213856995,0.9038278739230804
2021-08-29 11:50:00,0.803347280334728,-0.003984063745020028,0.5588979895755768,0.5365113372612034,0.2055070605017602,0.06291759465478843,0.5,0.5132126929851446,0.28753731965161516,0.31418313252950936,0.8129245596503184,0.27162666213856995,0.8935150957345687
2021-08-29 12:00:00,0.7677824267782427,0.05976095617529875,0.5600893521965746,0.5475807891447955,0.20623993927575873,0.030623608017817373,0.5,0.5307768301423874,0.28004896453232225,0.2983851362687506,0.7971888476528086,0.2942824266618521,0.9554219412465863
2021-08-29 12:10:00,0.7698744769874476,0.05976095617529875,0.5645569620253164,0.5554365291912158,0.20718221198518538,0.06703786191536748,0.5,0.5307768301423874,0.28004896453232225,0.2983851362687506,0.7971888476528086,0.2942824266618521,0.8101679315599681
2021-08-29 12:20:00,0.8417015341701535,0.05976095617529875,0.5728965003723006,0.5661489019817889,0.2084647498396828,0.057683741648106905,0.5,0.5307768301423874,0.28004896453232225,0.2983851362687506,0.7971888476528086,0.2942824266618521,0.9369389079167736
2021-08-29 12:30:00,0.794281729428173,0.027888446215139417,0.5788533134772895,0.5682913765399038,0.2083993142348615,0.08040089086859688,0.5,0.5307768301423874,0.28004896453232225,0.2983851362687506,0.7971888476528086,0.2942824266618521,0.7524631470947689
2021-08-29 12:40:00,0.794281729428173,-0.14741035856573714,0.5842144452717795,0.5790037493304767,0.21388281791888603,0.07583518930957683,0.5,0.5307768301423874,0.28004896453232225,0.2983851362687506,0.7971888476528086,0.2942824266618521,0.7439609517630551
2021-08-29 12:50:00,0.8716875871687587,0.15537848605577675,0.590766939687267,0.580074986609534,0.21227310204028219,0.1036748329621381,0.5,0.5307768301423874,0.28004896453232225,0.2983851362687506,0.7971888476528086,0.2942824266618521,0.6938530712011709
2021-08-29 13:00:00,0.8131101813110182,-0.08366533864541836,0.596723752792256,0.5793608284234957,0.21720694664380782,0.10935412026726059,0.5,0.6413729065516471,0.2732789857675279,0.2224498535740722,0.7638851225348289,0.307637182525243,0.5597794106552801
2021-08-29 13:10:00,0.7887029288702929,-0.10756972111553798,0.5949367088607593,0.5822174611676485,0.2177958670871995,0.1036748329621381,0.5,0.6413729065516471,0.2732789857675279,0.2224498535740722,0.7638851225348289,0.307637182525243,0.5627744164642334
2021-08-29 13:20:00,0.7454672245467224,0.019920318725099362,0.596723752792256,0.5890019639350117,0.21143552629856957,0.04610244988864142,0.5,0.6413729065516471,0.2732789857675279,0.2224498535740722,0.7638851225348289,0.307637182525243,0.7960302970864706
2021-08-29 13:30:00,0.793584379358438,-0.06772908366533881,0.5976172747580044,0.590073201214069,0.21013990132310792,0.024387527839643652,0.5,0.6413729065516471,0.2732789857675279,0.2224498535740722,0.7638851225348289,0.307637182525243,0.8669674245967681
2021-08-29 13:40:00,0.7405857740585774,-0.0916334661354582,0.6029784065524944,0.5975718621674699,0.21653950347463063,0.018708240534521157,0.5,0.6413729065516471,0.2732789857675279,0.2224498535740722,0.7638851225348289,0.307637182525243,0.9379045521070658
2021-08-29 13:50:00,0.801255230125523,-0.1394422310756973,0.6080416976917349,0.6086413140510623,0.21758647315177138,0.0232739420935412,0.5,0.6413729065516471,0.2732789857675279,0.2224498535740722,0.7638851225348289,0.307637182525243,0.9599483983885814
2021-08-29 14:00:00,0.7859135285913529,0.07569721115537842,0.6131049888309752,0.6147116586323871,0.20842548847679002,0.018596881959910914,0.5,0.6589533200165565,0.2593740930498528,0.20165335181776,0.6790437763412283,0.3120492299768119,0.9819922446700968
2021-08-29 14:10:00,0.7357043235704324,-0.07569721115537853,0.6131049888309752,0.6257811105159794,0.20053395453534179,0.01180400890868597,0.5,0.6589533200165565,0.2593740930498528,0.20165335181776,0.6790437763412283,0.3120492299768119,0.9509181163903013
2021-08-29 14:20:00,0.6366806136680614,0.20318725099601576,0.6166790766939687,0.6382788787716478,0.2056117574694743,0.000779510022271715,0.5,0.6589533200165565,0.2593740930498528,0.20165335181776,0.6790437763412283,0.3120492299768119,0.7438477903345052
2021-08-29 14:30:00,0.6338912133891214,-0.1394422310756973,0.6220402084884586,0.6507766470273164,0.21491670047506248,0.00155902004454343,0.5,0.6589533200165565,0.2593740930498528,0.20165335181776,0.6790437763412283,0.3120492299768119,0.7342215248125292
2021-08-29 14:40:00,0.6206415620641562,0.05179282868525892,0.6288905435591956,0.6611319407248706,0.20041617044666346,0.00512249443207127,0.5,0.6589533200165565,0.2593740930498528,0.20165335181776,0.6790437763412283,0.3120492299768119,0.7137543944354754
2021-08-29 14:50:00,0.596234309623431,0.05179282868525892,0.635740878629933,0.6725584717014819,0.2065671172998652,0.00111358574610245,0.5,0.6589533200165565,0.2593740930498528,0.20165335181776,0.6790437763412283,0.3120492299768119,0.6591049685411229
2021-08-29 15:00:00,0.6150627615062761,0.13147410358565725,0.6416976917349215,0.6836279235850742,0.21918310190941098,0.01002227171492205,0.5,0.6692296070038817,0.2452306993824837,0.18411521215305401,0.5768990686814353,0.3090567519559557,0.6596179670172156
2021-08-29 15:10:00,0.5118549511854951,-0.20318725099601598,0.6458674609084138,0.6871987145152652,0.2125479315805316,0.0006681514476614699,0.5,0.6692296070038817,0.2452306993824837,0.18411521215305401,0.5768990686814353,0.3090567519559557,0.4394586357258174
2021-08-29 15:20:00,0.5132496513249651,0.21912350597609564,0.6485480268056589,0.696839850026781,0.16780306500372982,0.00044543429844097997,0.5,0.6692296070038817,0.2452306993824837,0.18411521215305401,0.5768990686814353,0.3090567519559557,0.48568885133605927
2021-08-29 15:30:00,0.39191073919107394,-0.0916334661354582,0.6485480268056589,0.6929119800035708,0.16642891730248263,0.00033407572383073496,0.5,0.6692296070038817,0.2452306993824837,0.18411521215305401,0.5768990686814353,0.3090567519559557,0.2896329043257842
2021-08-29 15:40:00,0.44421199442119946,0.17131474103585642,0.6485480268056589,0.6943402963756471,0.18184554579837983,0.00044543429844097997,0.5,0.6692296070038817,0.2452306993824837,0.18411521215305401,0.5768990686814353,0.3090567519559557,0.3507777962188995
2021-08-29 15:50:00,0.41562064156206413,-0.0916334661354582,0.6533134772896498,0.696839850026781,0.20103126513198363,0.00022271714922048998,0.5,0.6692296070038817,0.2452306993824837,0.18411521215305401,0.5768990686814353,0.3090567519559557,0.2755556226141799
2021-08-29 16:00:00,0.4721059972105997,0.22709163346613526,0.6548026805658969,0.6946973754686665,0.21049325358914292,0.000779510022271715,0.5,0.679294135226099,0.2353314732174936,0.19175221230408965,0.5062249984661225,0.3091877038104037,0.38763070144997513
2021-08-29 16:10:00,0.5160390516039052,0.20318725099601576,0.6568875651526431,0.6882699517943225,0.22740181387496566,0.0006681514476614699,0.5,0.679294135226099,0.2353314732174936,0.19175221230408965,0.5062249984661225,0.3091877038104037,0.4713324381006986
2021-08-29 16:20:00,0.45258019525801957,-0.14741035856573714,0.6545048399106477,0.6882699517943225,0.22516391619007736,0.000556792873051225,0.5,0.679294135226099,0.2353314732174936,0.19175221230408965,0.5062249984661225,0.3091877038104037,0.40363172744692727
2021-08-29 16:30:00,0.5418410041841004,-0.2749003984063746,0.6497393894266565,0.6768434208177112,0.2448076847574302,0.00044543429844097997,0.5,0.679294135226099,0.2353314732174936,0.19175221230408965,0.5062249984661225,0.3091877038104037,0.5340993104696954
2021-08-29 16:40:00,0.42747559274755925,0.12350597609561742,0.6458674609084138,0.6693447598643101,0.23920639698472732,0.00033407572383073496,0.5,0.679294135226099,0.2353314732174936,0.19175221230408965,0.5062249984661225,0.3091877038104037,0.32378502346213617
2021-08-29 16:50:00,0.39539748953974896,-0.1394422310756973,0.645271779597915,0.6732726298875202,0.24424493855596707,0.00022271714922048998,0.5,0.679294135226099,0.2353314732174936,0.19175221230408965,0.5062249984661225,0.3091877038104037,0.2644205380448723
2021-08-29 17:00:00,0.4839609483960949,0.08366533864541825,0.6434847356664184,0.6654168898410999,0.2475952415228174,0.00033407572383073496,0.5,0.6823232961657619,0.23164476576620618,0.18253345958947478,0.4731121248639354,0.3110671637319526,0.41069300058843944
2021-08-29 17:10:00,0.4511854951185495,0.13147410358565725,0.6396128071481755,0.6539903588644886,0.244140241588253,0.00022271714922048998,0.5,0.6823232961657619,0.23164476576620618,0.18253345958947478,0.4731121248639354,0.3110671637319526,0.35365209650406626
2021-08-29 17:20:00,0.5104602510460251,0.3545816733067728,0.638719285182427,0.6482770933761828,0.2497938778448129,0.00033407572383073496,0.5,0.6823232961657619,0.23164476576620618,0.18253345958947478,0.4731121248639354,0.3110671637319526,0.4765680401949395
2021-08-29 17:30:00,0.4860529986052998,-0.13147410358565736,0.6354430379746834,0.6397071951437245,0.2622397298818233,0.00022271714922048998,0.5,0.6823232961657619,0.23164476576620618,0.18253345958947478,0.4731121248639354,0.3110671637319526,0.42642243915687195
2021-08-29 17:40:00,0.4804741980474198,-0.003984063745020028,0.6327624720774385,0.6429209069808963,0.2587192943424376,0.00022271714922048998,0.5,0.6823232961657619,0.23164476576620618,0.18253345958947478,0.4731121248639354,0.3110671637319526,0.40885224135069487
2021-08-29 17:50:00,0.4511854951185495,-0.003984063745020028,0.6303797468354431,0.6382788787716478,0.2599363965921137,0.00022271714922048998,0.5,0.6823232961657619,0.23164476576620618,0.18253345958947478,0.4731121248639354,0.3110671637319526,0.3479034959337327
2021-08-29 18:00:00,0.4679218967921897,0.09960159362549792,0.6288905435591956,0.6357793251205142,0.25089319600581067,0.00022271714922048998,0.5,0.6088178230905439,0.22991778900999302,0.22921158264406688,0.5794184533428709,0.3542691499260259,0.3770086153567603
2021-08-29 18:10:00,0.45327754532775455,-0.003984063745020028,0.627103499627699,0.6275665059810749,0.2537069270131264,0.00022271714922048998,0.5,0.6088178230905439,0.22991778900999302,0.22921158264406688,0.5794184533428709,0.3542691499260259,0.3605549436456086
2021-08-29 18:20:00,0.46164574616457466,-0.2270916334661356,0.6229337304542069,0.6247098732369221,0.2506707149494183,0.00022271714922048998,0.5,0.6088178230905439,0.22991778900999302,0.22921158264406688,0.5794184533428709,0.3542691499260259,0.3648701661209771
2021-08-29 18:30:00,0.49790794979079495,-0.02788844621513953,0.619657483246463,0.6200678450276735,0.24510868853960818,0.00022271714922048998,0.5,0.6088178230905439,0.22991778900999302,0.22921158264406688,0.5794184533428709,0.3542691499260259,0.4391116073449311
2021-08-29 18:40:00,0.5285913528591353,-0.3067729083665339,0.6154877140729709,0.6118550258882343,0.25039588540916885,0.00022271714922048998,0.5,0.6088178230905439,0.22991778900999302,0.22921158264406688,0.5794184533428709,0.3542691499260259,0.49981139761908355
2021-08-29 18:50:00,0.5557880055788006,-0.003984063745020028,0.6131049888309752,0.6057846813069094,0.24174529845179357,0.00033407572383073496,0.5,0.6088178230905439,0.22991778900999302,0.22921158264406688,0.5794184533428709,0.3542691499260259,0.5586402522745447
2021-08-29 19:00:00,0.5578800557880056,-0.06772908366533881,0.6107222635889797,0.5986430994465273,0.24188925678240045,0.00022271714922048998,0.5,0.6044288566927809,0.22960745042484912,0.22805415013803085,0.5665024617412655,0.35256073127086507,0.5858216274122244
2021-08-29 19:10:00,0.5320781032078103,0.07569721115537842,0.6071481757259864,0.5997143367255846,0.23685071521116072,0.00022271714922048998,0.5,0.6044288566927809,0.22960745042484912,0.22805415013803085,0.5665024617412655,0.35256073127086507,0.5086832536173936
2021-08-29 19:20:00,0.5230125523012552,-0.24302788844621515,0.6062546537602382,0.600428494911623,0.24438889688657392,0.00033407572383073496,0.5,0.6044288566927809,0.22960745042484912,0.22805415013803085,0.5665024617412655,0.35256073127086507,0.5042020610468186
2021-08-29 19:30:00,0.48884239888423986,0.08366533864541825,0.6038719285182426,0.600428494911623,0.23664132127573254,0.00022271714922048998,0.5,0.6044288566927809,0.22960745042484912,0.22805415013803085,0.5665024617412655,0.35256073127086507,0.42500414925238017
2021-08-29 19:40:00,0.45188284518828453,-0.1394422310756973,0.6017870439314965,0.600428494911623,0.24310635903207653,0.00022271714922048998,0.5,0.6044288566927809,0.22960745042484912,0.22805415013803085,0.5665024617412655,0.35256073127086507,0.3537350815516695
2021-08-29 19:50:00,0.43584379358437936,-0.01195219123505975,0.596723752792256,0.6000714158186038,0.23436416222795148,0.00022271714922048998,0.5,0.6044288566927809,0.22960745042484912,0.22805415013803085,0.5665024617412655,0.35256073127086507,0.3379377461261071
2021-08-29 20:00:00,0.39609483960948394,-0.11553784860557781,0.5922561429635145,0.597214783074451,0.23030715472903118,0.00033407572383073496,0.5,0.6028654306234058,0.22996089159126126,0.23584091776903018,0.5453367212522934,0.3518185423855109,0.2735413491859921
2021-08-29 20:10:00,0.398186889818689,0.1394422310756971,0.5880863737900222,0.5879307266559544,0.22301762835193883,0.00022271714922048998,0.5,0.6028654306234058,0.22996089159126126,0.23584091776903018,0.5453367212522934,0.3518185423855109,0.2723418380433635
2021-08-29 20:20:00,0.401673640167364,0.05976095617529875,0.5851079672375277,0.5779325120514194,0.22301762835193883,0.00022271714922048998,0.5,0.6028654306234058,0.22996089159126126,0.23584091776903018,0.5453367212522934,0.3518185423855109,0.25980355176003744
2021-08-29 20:30:00,0.40446304044630405,-0.4103585657370519,0.5803425167535365,0.5747188002142476,0.22301762835193883,0.00022271714922048998,0.5,0.6028654306234058,0.22996089159126126,0.23584091776903018,0.5453367212522934,0.3518185423855109,0.26474493414004857
2021-08-29 20:40:00,0.3856345885634589,-0.1872509960159363,0.5788533134772895,0.5690055347259417,0.2176911701194854,0.00033407572383073496,0.5,0.6028654306234058,0.22996089159126126,0.23584091776903018,0.5453367212522934,0.3518185423855109,0.2284804683374323
2021-08-29 20:50:00,0.2524407252440725,-0.298804780876494,0.575874906924795,0.5611497946795214,0.21180196568556883,0.00022271714922048998,0.5,0.6028654306234058,0.22996089159126126,0.23584091776903018,0.5453367212522934,0.3518185423855109,0.1100004526457142
2021-08-29 21:00:00,0.25592747559274753,-0.1633466135458168,0.5708116157855547,0.5518657382610248,0.20334768554265747,0.00022271714922048998,0.5,0.6005365511504648,0.24195777671138818,0.2583149167522345,0.5317209256914304,0.3513243294360482,0.11686557931107322
2021-08-29 21:10:00,0.25523012552301255,0.3227091633466135,0.5690245718540579,0.5393679700053562,0.19791653034249,0.00022271714922048998,0.5,0.6005365511504648,0.24195777671138818,0.2583149167522345,0.5317209256914304,0.3513243294360482,0.11870633854881783
2021-08-29 21:20:00,0.32147838214783825,-0.26693227091633476,0.5651526433358152,0.5204427780753438,0.19791653034249,0.00033407572383073496,0.5,0.6005365511504648,0.24195777671138818,0.2583149167522345,0.5317209256914304,0.3513243294360482,0.15805633930322735
2021-08-29 21:30:00,0.299163179916318,-0.4661354581673308,0.5651526433358152,0.5118728798428851,0.19584876523013703,0.00022271714922048998,0.5,0.6005365511504648,0.24195777671138818,0.2583149167522345,0.5317209256914304,0.3513243294360482,0.1380569428308463
2021-08-29 21:40:00,0.2608089260808926,0.13147410358565725,0.5630677587490691,0.5150865916800571,0.1840834434832681,0.00033407572383073496,0.5,0.6005365511504648,0.24195777671138818,0.2583149167522345,0.5317209256914304,0.3513243294360482,0.11152435988351918
2021-08-29 21:50:00,0.26569037656903766,0.08366533864541825,0.5618763961280713,0.5040171397964648,0.1840834434832681,0.00033407572383073496,0.5,0.6005365511504648,0.24195777671138818,0.2583149167522345,0.5317209256914304,0.3513243294360482,0.11119996378834288
2021-08-29 22:00:00,0.2789400278940028,-0.1872509960159363,0.5618763961280713,0.5025888234243885,0.1750533300179294,0.00022271714922048998,0.5,0.5048825587689774,0.26373607427436646,0.30768073834226295,0.4785135572708667,0.35287135286979177,0.1142100577877695
2021-08-29 22:10:00,0.2670850767085077,0.09960159362549792,0.5606850335070734,0.49687555793608285,0.17014565965633222,0.00033407572383073496,0.5,0.5048825587689774,0.26373607427436646,0.30768073834226295,0.4785135572708667,0.35287135286979177,0.11322178131176729
2021-08-29 22:20:00,0.28103207810320785,-0.1633466135458168,0.558302308265078,0.4879485806106054,0.17014565965633222,0.00044543429844097997,0.5,0.5048825587689774,0.26373607427436646,0.30768073834226295,0.4785135572708667,0.35287135286979177,0.12008690797712632
2021-08-29 22:30:00,0.2838214783821479,-0.33067729083665354,0.5559195830230825,0.4861631851455097,0.17014565965633222,0.00033407572383073496,0.5,0.5048825587689774,0.26373607427436646,0.30768073834226295,0.4785135572708667,0.35287135286979177,0.12233504835765047
2021-08-29 22:40:00,0.29358437935843795,-0.2749003984063746,0.5553239017125835,0.4893768969826817,0.16056588711049458,0.00022271714922048998,0.5,0.5048825587689774,0.26373607427436646,0.30768073834226295,0.4785135572708667,0.35287135286979177,0.13191604930820647
2021-08-29 22:50:00,0.299163179916318,-0.4103585657370519,0.552941176470588,0.4825923942153185,0.1563125727971104,0.00022271714922048998,0.5,0.5048825587689774,0.26373607427436646,0.30768073834226295,0.4785135572708667,0.35287135286979177,0.13310801635559846
2021-08-29 23:00:00,0.2894002789400279,-0.059760956175298974,0.5499627699180936,0.4825923942153185,0.14331706167960112,0.00033407572383073496,0.5,0.465479352269661,0.2802299953736572,0.3397284427720198,0.3660968250436003,0.3332614052670141,0.13571827330748223
2021-08-29 23:10:00,0.2907949790794979,0.38645418326693215,0.5475800446760981,0.47295125870380295,0.14246639881692427,0.00022271714922048998,0.5,0.465479352269661,0.2802299953736572,0.3397284427720198,0.3660968250436003,0.3332614052670141,0.129652820737209
2021-08-29 23:20:00,0.30474198047419804,-0.01195219123505975,0.5469843633655993,0.4718800214247456,0.1558545235633613,0.00033407572383073496,0.5,0.465479352269661,0.2802299953736572,0.3397284427720198,0.3660968250436003,0.3332614052670141,0.1484527060669614
2021-08-29 23:30:00,0.26569037656903766,0.01195219123505975,0.5469843633655993,0.4683092304945544,0.1563125727971104,0.00022271714922048998,0.5,0.465479352269661,0.2802299953736572,0.3397284427720198,0.3660968250436003,0.3332614052670141,0.11996620245333978
2021-08-29 23:40:00,0.2894002789400279,-0.11553784860557781,0.5443037974683544,0.46509551865738263,0.1563125727971104,0.00022271714922048998,0.5,0.465479352269661,0.2802299953736572,0.3397284427720198,0.3660968250436003,0.3332614052670141,0.1381851924498695
2021-08-29 23:50:00,0.3284518828451883,-0.45019920318725104,0.5431124348473564,0.46509551865738263,0.1563125727971104,0.00044543429844097997,0.5,0.465479352269661,0.2802299953736572,0.3397284427720198,0.3660968250436003,0.3332614052670141,0.16725259139671378
2021-08-30 00:00:00,0.39051603905160387,0.11553784860557759,0.5398361876396125,0.4618818068202106,0.1563125727971104,0.00033407572383073496,0.5,0.46365533851217866,0.29194815046823835,0.34220664437528003,0.34767797217880225,0.26825576511081445,0.2552770946180425
2021-08-30 00:10:00,0.4588563458856346,-0.003984063745020028,0.5362620997766194,0.45474022495982847,0.16449202339977229,0.00022271714922048998,0.5,0.46365533851217866,0.29194815046823835,0.34220664437528003,0.34767797217880225,0.26825576511081445,0.3508758694569761
2021-08-30 00:20:00,0.4504881450488145,-0.01195219123505975,0.5320923306031271,0.4543831458668095,0.16758058394733744,0.00022271714922048998,0.5,0.46365533851217866,0.29194815046823835,0.34220664437528003,0.34767797217880225,0.26825576511081445,0.3553419738370777
2021-08-30 00:30:00,0.4895397489539749,0.4501992031872508,0.527922561429635,0.4540260667737903,0.16758058394733744,0.00022271714922048998,0.5,0.46365533851217866,0.29194815046823835,0.34220664437528003,0.34767797217880225,0.26825576511081445,0.4448149433438448
2021-08-30 00:40:00,0.50278940027894,0.2669322709163344,0.5249441548771405,0.4490269594715228,0.17327348156679012,0.00022271714922048998,0.5,0.46365533851217866,0.29194815046823835,0.34220664437528003,0.34767797217880225,0.26825576511081445,0.4521553480091133
2021-08-30 00:50:00,0.49790794979079495,-0.12350597609561753,0.5210722263588978,0.45331190858775217,0.17883550797660022,0.00022271714922048998,0.5,0.46365533851217866,0.29194815046823835,0.34220664437528003,0.34767797217880225,0.26825576511081445,0.4451016189628378
2021-08-30 01:00:00,0.502092050209205,-0.08366533864541836,0.5160089352196573,0.4543831458668095,0.17884859509756448,0.00022271714922048998,0.5,0.4271835684003491,0.2956291109086886,0.3944293345416183,0.4510696336669091,0.23098736755990187,0.4698915159104969
2021-08-30 01:10:00,0.5278940027894004,-0.3784860557768924,0.5133283693224122,0.45509730405284765,0.17884859509756448,0.00022271714922048998,0.5,0.4271835684003491,0.2956291109086886,0.3944293345416183,0.4510696336669091,0.23098736755990187,0.5104938364741917
2021-08-30 01:20:00,0.5181311018131102,-0.36254980079681276,0.5106478034251674,0.45688269951794314,0.17884859509756448,0.00022271714922048998,0.5,0.4271835684003491,0.2956291109086886,0.3944293345416183,0.4510696336669091,0.23098736755990187,0.49768396276234594
2021-08-30 01:30:00,0.47419804741980476,-0.17131474103585675,0.5061801935964259,0.4575968577039815,0.17884859509756448,0.00033407572383073496,0.5,0.4271835684003491,0.2956291109086886,0.3944293345416183,0.4510696336669091,0.23098736755990187,0.41696968782533916
2021-08-30 01:40:00,0.48535564853556484,-0.02788844621513953,0.5055845122859268,0.45831101589001966,0.17884859509756448,0.00022271714922048998,0.5,0.4271835684003491,0.2956291109086886,0.3944293345416183,0.4510696336669091,0.23098736755990187,0.4367503055358571
2021-08-30 01:50:00,0.4916317991631799,-0.003984063745020028,0.5040953090096798,0.4575968577039815,0.17884859509756448,0.00022271714922048998,0.5,0.4271835684003491,0.2956291109086886,0.3944293345416183,0.4510696336669091,0.23098736755990187,0.44835312400983746
2021-08-30 02:00:00,0.4881450488145049,-0.2270916334661356,0.5023082650781829,0.4575968577039815,0.17884859509756448,0.00022271714922048998,0.5,0.4095054303832635,0.30120658492501684,0.4053759296901918,0.5024498723082845,0.22564551184144954,0.45644793819877183
2021-08-30 02:10:00,0.5167364016736402,0.1633466135458166,0.5023082650781829,0.45866809498303884,0.1697661331483687,0.00033407572383073496,0.5,0.4095054303832635,0.30120658492501684,0.4053759296901918,0.5024498723082845,0.22564551184144954,0.4995096338096172
2021-08-30 02:20:00,0.5118549511854951,0.1872509960159361,0.5023082650781829,0.45509730405284765,0.16758058394733744,0.00033407572383073496,0.5,0.4095054303832635,0.30120658492501684,0.4053759296901918,0.5024498723082845,0.22564551184144954,0.5013051284759419
2021-08-30 02:30:00,0.5118549511854951,-0.3545816733067729,0.49813849590469084,0.45545438314586684,0.16758058394733744,0.003006681514476615,0.5,0.4095054303832635,0.30120658492501684,0.4053759296901918,0.5024498723082845,0.22564551184144954,0.4769452449567724
2021-08-30 02:40:00,0.4588563458856346,-0.07569721115537853,0.49456440804169755,0.4590251740760578,0.16009475075578125,0.00022271714922048998,0.5,0.4095054303832635,0.30120658492501684,0.4053759296901918,0.5024498723082845,0.22564551184144954,0.38162560164159515
2021-08-30 02:50:00,0.4581589958158996,0.2111553784860556,0.4897989575577064,0.4561685413319052,0.15635183416000314,0.00033407572383073496,0.5,0.4095054303832635,0.30120658492501684,0.4053759296901918,0.5024498723082845,0.22564551184144954,0.4075923774461729
2021-08-30 03:00:00,0.4818688981868898,0.394422310756972,0.48711839166046156,0.4511694340296377,0.15635183416000314,0.00022271714922048998,0.5,0.4142852949897322,0.3062840689986126,0.38507780743960135,0.5172135253703839,0.22158953860619718,0.42830091887079985
2021-08-30 03:10:00,0.5306834030683404,0.38645418326693215,0.4847356664184659,0.44545616854133185,0.15811859549017812,0.0006681514476614699,0.5,0.4142852949897322,0.3062840689986126,0.38507780743960135,0.5172135253703839,0.22158953860619718,0.5142960604734674
2021-08-30 03:20:00,0.5474198047419805,-0.2828685258964144,0.4811615785554726,0.4433136939832174,0.16761984531023022,0.00044543429844097997,0.5,0.4142852949897322,0.3062840689986126,0.38507780743960135,0.5172135253703839,0.22158953860619718,0.5333449009460296
2021-08-30 03:30:00,0.5278940027894004,-0.07569721115537853,0.47848101265822773,0.4433136939832174,0.16761984531023022,0.00022271714922048998,0.5,0.4142852949897322,0.3062840689986126,0.38507780743960135,0.5172135253703839,0.22158953860619718,0.5226624620909214
2021-08-30 03:40:00,0.5062761506276151,-0.17928286852589637,0.4760982874162323,0.4433136939832174,0.16761984531023022,0.0006681514476614699,0.5,0.4142852949897322,0.3062840689986126,0.38507780743960135,0.5172135253703839,0.22158953860619718,0.4621663623881588
2021-08-30 03:50:00,0.504881450488145,-0.42629482071713154,0.4731198808637376,0.4433136939832174,0.16761984531023022,0.0010022271714922048,0.5,0.4142852949897322,0.3062840689986126,0.38507780743960135,0.5172135253703839,0.22158953860619718,0.44363806448692605
2021-08-30 04:00:00,0.50278940027894,0.09960159362549792,0.4698436336559937,0.4433136939832174,0.1592833492559972,0.0006681514476614699,0.5,0.3737664943534884,0.3132695606697565,0.41651984761507654,0.5444349907840244,0.22252456225068215,0.4616533639120661
2021-08-30 04:10:00,0.4735006973500697,0.3067729083665336,0.46775874906924786,0.4365291912158542,0.15824946669982073,0.0016703786191536749,0.5,0.3737664943534884,0.3132695606697565,0.41651984761507654,0.5444349907840244,0.22252456225068215,0.41635861611116975
2021-08-30 04:20:00,0.4707112970711297,-0.17928286852589637,0.4650781831720028,0.44081414033208355,0.15852429624007017,0.0026726057906458797,0.5,0.3737664943534884,0.3132695606697565,0.41651984761507654,0.5444349907840244,0.22252456225068215,0.405117914208549
2021-08-30 04:30:00,0.44142259414225943,-0.2589641434262948,0.4620997766195085,0.43795750758793073,0.1564041826438602,0.00022271714922048998,0.5,0.3737664943534884,0.3132695606697565,0.41651984761507654,0.5444349907840244,0.22252456225068215,0.3506495465998763
2021-08-30 04:40:00,0.44421199442119946,-0.31474103585657376,0.45971705137751284,0.43295840028566324,0.1564041826438602,0.00022271714922048998,0.5,0.3737664943534884,0.3132695606697565,0.41651984761507654,0.5444349907840244,0.22252456225068215,0.34480287279146615
2021-08-30 04:50:00,0.401673640167364,0.21912350597609564,0.45524944154877134,0.42688805570433863,0.1564041826438602,0.00033407572383073496,0.5,0.3737664943534884,0.3132695606697565,0.41651984761507654,0.5444349907840244,0.22252456225068215,0.2816512515653998
2021-08-30 05:00:00,0.4421199442119944,0.05179282868525892,0.4549516008935217,0.4172469201928226,0.16553899307691303,0.00022271714922048998,0.5,0.3691006306068627,0.30643636478576597,0.43630703576170965,0.5453119765531591,0.22672047621832117,0.3405630912684642
2021-08-30 05:10:00,0.42329149232914925,0.21912350597609564,0.45197319434102745,0.4111765756114978,0.167659106673123,0.00022271714922048998,0.5,0.3691006306068627,0.30643636478576597,0.43630703576170965,0.5453119765531591,0.22672047621832117,0.3292469484134768
2021-08-30 05:20:00,0.44979079497907953,-0.23505976095617542,0.4516753536857778,0.40582038921621133,0.167659106673123,0.00033407572383073496,0.5,0.3691006306068627,0.30643636478576597,0.43630703576170965,0.5453119765531591,0.22672047621832117,0.3480694660289392
2021-08-30 05:30:00,0.4330543933054393,-0.21912350597609564,0.4516753536857778,0.40403499375111585,0.167659106673123,0.00033407572383073496,0.5,0.3691006306068627,0.30643636478576597,0.43630703576170965,0.5453119765531591,0.22672047621832117,0.32496944641429154
2021-08-30 05:40:00,0.44002789400278935,0.33864541832669315,0.4516753536857778,0.40082128191394384,0.16767219379408724,0.0006681514476614699,0.5,0.3691006306068627,0.30643636478576597,0.43630703576170965,0.5453119765531591,0.22672047621832117,0.35013654812378353
2021-08-30 05:50:00,0.4428172942817294,0.10756972111553775,0.4516753536857778,0.3968934118907337,0.17965999659734855,0.0016703786191536749,0.5,0.3691006306068627,0.30643636478576597,0.43630703576170965,0.5453119765531591,0.22672047621832117,0.3496009173619808
2021-08-30 06:00:00,0.4191073919107392,-0.19521912350597614,0.4498883097542814,0.3986788073558294,0.1863213411681564,0.00033407572383073496,0.5,0.3620815062788856,0.3067725649196708,0.4275998512216702,0.5683382074131373,0.215005005871918,0.3025710276566531
2021-08-30 06:10:00,0.4205020920502092,0.14741035856573692,0.4469099032017869,0.397964649169791,0.17892711782335002,0.00033407572383073496,0.5,0.3620815062788856,0.3067725649196708,0.4275998512216702,0.5683382074131373,0.215005005871918,0.3067580005129985
2021-08-30 06:20:00,0.4379358437935844,0.01195219123505975,0.44393149664929243,0.39439385823960005,0.17892711782335002,0.00033407572383073496,0.5,0.3620815062788856,0.3067725649196708,0.4275998512216702,0.5683382074131373,0.215005005871918,0.34152119136351977
2021-08-30 06:30:00,0.44421199442119946,0.08366533864541825,0.4427401340282946,0.38939475093733256,0.17892711782335002,0.0033407572383073497,0.5,0.3620815062788856,0.3067725649196708,0.4275998512216702,0.5683382074131373,0.215005005871918,0.3421926158395823
2021-08-30 06:40:00,0.47280334728033474,-0.07569721115537853,0.4427401340282946,0.3861810391001608,0.17892711782335002,0.0028953229398663697,0.5,0.3620815062788856,0.3067725649196708,0.4275998512216702,0.5683382074131373,0.215005005871918,0.39263998068711625
2021-08-30 06:50:00,0.49721059972105996,-0.10756972111553798,0.4382725241995531,0.3840385645420461,0.17362683383282512,0.029398663697104678,0.5,0.3620815062788856,0.3067725649196708,0.4275998512216702,0.5683382074131373,0.215005005871918,0.3934622870679119
2021-08-30 07:00:00,0.5509065550906556,-0.298804780876494,0.43678332092330585,0.38296732726298877,0.17892711782335002,0.06536748329621381,0.5,0.3550705201047417,0.30869781354972625,0.4564637602644937,0.5404171911829413,0.2150216690158591,0.3675105994538075
2021-08-30 07:10:00,0.5676429567642958,0.003984063745019917,0.43618763961280704,0.3790394572397786,0.16882386043894204,0.008463251670378619,0.5,0.3550705201047417,0.30869781354972625,0.4564637602644937,0.5404171911829413,0.2150216690158591,0.6002383934094784
2021-08-30 07:20:00,0.5529986052998606,0.29083665338645415,0.434102755026061,0.37511158721656845,0.167659106673123,0.0012249443207126948,0.5,0.3550705201047417,0.30869781354972625,0.4564637602644937,0.5404171911829413,0.2150216690158591,0.6049459088371532
2021-08-30 07:30:00,0.5788005578800558,0.09163346613545809,0.43350707371556196,0.3761828244956258,0.17593016712253473,0.0010022271714922048,0.5,0.3550705201047417,0.30869781354972625,0.4564637602644937,0.5404171911829413,0.2150216690158591,0.6486790289240612
2021-08-30 07:40:00,0.599023709902371,-0.11553784860557781,0.43291139240506316,0.3840385645420461,0.17888785646045727,0.0008908685968819599,0.5,0.3550705201047417,0.30869781354972625,0.4564637602644937,0.5404171911829413,0.2150216690158591,0.7292725983372814
2021-08-30 07:50:00,0.5523012552301255,-0.33067729083665354,0.4320178704393147,0.38975183003035174,0.17888785646045727,0.00111358574610245,0.5,0.3550705201047417,0.30869781354972625,0.4564637602644937,0.5404171911829413,0.2150216690158591,0.5986541334097801
2021-08-30 08:00:00,0.5641562064156206,-0.3784860557768924,0.4278481012658226,0.3968934118907337,0.17888785646045727,0.000779510022271715,0.5,0.3644022142449044,0.33322605579772724,0.4678592774105875,0.5249999598271572,0.21086075634788665,0.6118336677882221
2021-08-30 08:10:00,0.5829846582984658,-0.059760956175298974,0.42933730454206964,0.3968934118907337,0.17888785646045727,0.00033407572383073496,0.5,0.3644022142449044,0.33322605579772724,0.4678592774105875,0.5249999598271572,0.21086075634788665,0.6791496295849239
2021-08-30 08:20:00,0.5794979079497908,0.01195219123505975,0.4311243484735665,0.40260667737903955,0.17888785646045727,0.000556792873051225,0.5,0.3644022142449044,0.33322605579772724,0.4678592774105875,0.5249999598271572,0.21086075634788665,0.6676071638728368
2021-08-30 08:30:00,0.6150627615062761,-0.03585657370517936,0.4346984363365598,0.40582038921621133,0.17888785646045727,0.005679287305122495,0.5,0.3644022142449044,0.33322605579772724,0.4678592774105875,0.5249999598271572,0.21086075634788665,0.740385050620879
2021-08-30 08:40:00,0.6555090655509066,0.027888446215139417,0.43678332092330585,0.40760578468130704,0.17888785646045727,0.0036748329621380848,0.5,0.3644022142449044,0.33322605579772724,0.4678592774105875,0.5249999598271572,0.21086075634788665,0.8384205682212532
2021-08-30 08:50:00,0.6262203626220363,-0.019920318725099695,0.4400595681310495,0.41046241742545986,0.17888785646045727,0.005679287305122495,0.5,0.3644022142449044,0.33322605579772724,0.4678592774105875,0.5249999598271572,0.21086075634788665,0.7756838722332031
2021-08-30 09:00:00,0.6108786610878661,-0.12350597609561753,0.4427401340282946,0.41831815747187995,0.17888785646045727,0.01202672605790646,0.5,0.388456195553166,0.34090118876919234,0.4784714637152455,0.5458575352395159,0.23664773115953933,0.741312974334988
2021-08-30 09:10:00,0.6185495118549511,0.05976095617529875,0.44512285927029005,0.4265309766113192,0.17895329206527857,0.025501113585746103,0.5,0.388456195553166,0.34090118876919234,0.4784714637152455,0.5458575352395159,0.23664773115953933,0.7108650059598353
2021-08-30 09:20:00,0.5829846582984658,0.40239043824701204,0.4460163812360385,0.42938760935547227,0.1789794663072071,0.051670378619153676,0.5,0.388456195553166,0.34090118876919234,0.4784714637152455,0.5458575352395159,0.23664773115953933,0.5061786139988231
2021-08-30 09:30:00,0.6290097629009763,-0.0916334661354582,0.44839910647803394,0.4315300839135867,0.1876693146274751,0.0455456570155902,0.5,0.388456195553166,0.34090118876919234,0.4784714637152455,0.5458575352395159,0.23664773115953933,0.6341792778792039
2021-08-30 09:40:00,0.6359832635983264,-0.17131474103585675,0.44899478778853297,0.44188537761114066,0.19016895473164858,0.03685968819599109,0.5,0.388456195553166,0.34090118876919234,0.4784714637152455,0.5458575352395159,0.23664773115953933,0.6813902258702115
2021-08-30 09:50:00,0.6227336122733612,-0.17131474103585675,0.44899478778853297,0.439385823960007,0.19028673882032693,0.07305122494432072,0.5,0.388456195553166,0.34090118876919234,0.4784714637152455,0.5458575352395159,0.23664773115953933,0.4909018211445902
2021-08-30 10:00:00,0.612970711297071,0.043824701195219085,0.4463142218912881,0.43617211212283524,0.19028673882032693,0.011247216035634744,0.5,0.5421197822843731,0.3480906993250157,0.4140908498917705,0.6258899837654106,0.28886518402035277,0.706232931484527
2021-08-30 10:10:00,0.599023709902371,0.17131474103585642,0.4460163812360385,0.4308159257275488,0.19028673882032693,0.001893095768374165,0.5,0.5421197822843731,0.3480906993250157,0.4140908498917705,0.6258899837654106,0.28886518402035277,0.7184996303393334
2021-08-30 10:20:00,0.6331938633193863,-0.03585657370517936,0.4513775130305284,0.4315300839135867,0.19743230686681237,0.0008908685968819599,0.5,0.5421197822843731,0.3480906993250157,0.4140908498917705,0.6258899837654106,0.28886518402035277,0.7823151319462257
2021-08-30 10:30:00,0.5711297071129707,-0.33067729083665354,0.45644080416976895,0.44545616854133185,0.20018060226930678,0.0006681514476614699,0.5,0.5421197822843731,0.3480906993250157,0.4140908498917705,0.6258899837654106,0.28886518402035277,0.6398675256876443
2021-08-30 10:40:00,0.6220362622036262,-0.17928286852589637,0.4659717051377512,0.4572397786109621,0.20018060226930678,0.0010022271714922048,0.5,0.5421197822843731,0.3480906993250157,0.4140908498917705,0.6258899837654106,0.28886518402035277,0.722218869291006
2021-08-30 10:50:00,0.5655509065550907,-0.059760956175298974,0.47877885331347714,0.4704517050526693,0.20018060226930678,0.0010022271714922048,0.5,0.5421197822843731,0.3480906993250157,0.4140908498917705,0.6258899837654106,0.28886518402035277,0.6250433785476108
2021-08-30 11:00:00,0.6317991631799164,-0.14741035856573714,0.4918838421444527,0.4815211569362612,0.20018060226930678,0.0016703786191536749,0.5,0.5530800744307542,0.36014792805891815,0.3755791759542161,0.7394719499322532,0.3256944884024275,0.7414412239540111
2021-08-30 11:10:00,0.612970711297071,-0.05179282868525903,0.5079672375279223,0.4958043206570255,0.20854327256546834,0.0017817371937639199,0.5,0.5530800744307542,0.36014792805891815,0.3755791759542161,0.7394719499322532,0.3256944884024275,0.7038565414849798
2021-08-30 11:20:00,0.5808926080892608,-0.1394422310756973,0.5198808637379002,0.5193715407962862,0.20709060213843558,0.00111358574610245,0.5,0.5530800744307542,0.36014792805891815,0.3755791759542161,0.7394719499322532,0.3256944884024275,0.6428549874013609
2021-08-30 11:30:00,0.5439330543933054,0.2111553784860556,0.5311988086373787,0.5386538118193178,0.2052584052034393,0.0008908685968819599,0.5,0.5530800744307542,0.36014792805891815,0.3755791759542161,0.7394719499322532,0.3256944884024275,0.5607450548455724
2021-08-30 11:40:00,0.5794979079497908,0.10756972111553775,0.5425167535368576,0.549009105516872,0.21388281791888603,0.0020044543429844097,0.5,0.5530800744307542,0.36014792805891815,0.3755791759542161,0.7394719499322532,0.3256944884024275,0.6176803415966323
2021-08-30 11:50:00,0.5704323570432357,0.12350597609561742,0.5541325390915859,0.5643635065166934,0.21681433301488007,0.0017817371937639199,0.5,0.5530800744307542,0.36014792805891815,0.3755791759542161,0.7394719499322532,0.3256944884024275,0.597816738838511
2021-08-30 12:00:00,0.5516039051603905,-0.17928286852589637,0.5621742367833207,0.576861274772362,0.22015154886076613,0.0013363028953229399,0.5,0.5664180416199862,0.3646162289839004,0.3442317391149414,0.7340375185659356,0.3296695203333191,0.5234545920907706
2021-08-30 12:10:00,0.5418410041841004,-0.10756972111553798,0.5669396872673118,0.5822174611676485,0.20095274240619806,0.0026726057906458797,0.5,0.5664180416199862,0.3646162289839004,0.3442317391149414,0.7340375185659356,0.3296695203333191,0.5405344237065649
2021-08-30 12:20:00,0.5495118549511855,-0.0916334661354582,0.5731943410275502,0.5890019639350117,0.1968041250605279,0.0024498886414253897,0.5,0.5664180416199862,0.3646162289839004,0.3442317391149414,0.7340375185659356,0.3296695203333191,0.5375695942785582
2021-08-30 12:30:00,0.5083682008368201,0.003984063745019917,0.5815338793745346,0.5932869130512408,0.20285037494601563,0.005679287305122495,0.5,0.5664180416199862,0.3646162289839004,0.3442317391149414,0.7340375185659356,0.3296695203333191,0.43356669734598735
2021-08-30 12:40:00,0.5620641562064157,0.019920318725099362,0.5857036485480267,0.5954293876093555,0.1987410189632383,0.0021158129175946547,0.5,0.5664180416199862,0.3646162289839004,0.3442317391149414,0.7340375185659356,0.3296695203333191,0.5871720204595864
2021-08-30 12:50:00,0.5223152022315203,0.25099601593625476,0.5842144452717795,0.590073201214069,0.20517988247765373,0.0010022271714922048,0.5,0.5664180416199862,0.3646162289839004,0.3442317391149414,0.7340375185659356,0.3296695203333191,0.4738974304811624
2021-08-30 13:00:00,0.5557880055788006,-0.24302788844621515,0.5821295606850332,0.5893590430280307,0.20342620826844302,0.00044543429844097997,0.5,0.6593197370575838,0.36194961595600184,0.2688290757393549,0.6840723024254738,0.3213580824045616,0.5234998566621905
2021-08-30 13:10:00,0.5181311018131102,0.1394422310756971,0.5901712583767682,0.5986430994465273,0.2012668333093403,0.00033407572383073496,0.5,0.6593197370575838,0.36194961595600184,0.2688290757393549,0.6840723024254738,0.3213580824045616,0.46982361905336695
2021-08-30 13:20:00,0.46164574616457466,0.003984063745019917,0.5925539836187639,0.5993572576325656,0.19399039405321225,0.00111358574610245,0.5,0.6593197370575838,0.36194961595600184,0.2688290757393549,0.6840723024254738,0.3213580824045616,0.42067383858653834
2021-08-30 13:30:00,0.50278940027894,-0.23505976095617542,0.5949367088607593,0.6039992858418142,0.20332151130072898,0.00111358574610245,0.5,0.6593197370575838,0.36194961595600184,0.2688290757393549,0.6840723024254738,0.3213580824045616,0.4325256122033285
2021-08-30 13:40:00,0.5648535564853556,0.1872509960159361,0.5973194341027548,0.6043563649348331,0.20983889754092996,0.0033407572383073497,0.5,0.6593197370575838,0.36194961595600184,0.2688290757393549,0.6840723024254738,0.3213580824045616,0.5402100276113886
2021-08-30 13:50:00,0.5348675034867504,0.25099601593625476,0.6002978406552493,0.5993572576325656,0.20368795068772821,0.005567928730512249,0.5,0.6593197370575838,0.36194961595600184,0.2688290757393549,0.6840723024254738,0.3213580824045616,0.4993813841905941
2021-08-30 14:00:00,0.6108786610878661,-0.33864541832669326,0.6029784065524944,0.5954293876093555,0.19159545091675284,0.007683741648106904,0.5,0.6590429064148995,0.3596105825457545,0.2664374881825089,0.6660715056924505,0.3126054528184135,0.6339001463554476
2021-08-30 14:10:00,0.5857740585774059,0.03585657370517925,0.6056589724497392,0.5975718621674699,0.19542997735928075,0.012806236080178173,0.5,0.6590429064148995,0.3596105825457545,0.2664374881825089,0.6660715056924505,0.3126054528184135,0.5459812604674322
2021-08-30 14:20:00,0.6645746164574616,0.17928286852589648,0.6089352196574831,0.5965006248884128,0.19396421981128373,0.01403118040089087,0.5,0.6590429064148995,0.3596105825457545,0.2664374881825089,0.6660715056924505,0.3126054528184135,0.6740121007287596
2021-08-30 14:30:00,0.694560669456067,-0.0916334661354582,0.6071481757259864,0.590073201214069,0.1804059624923113,0.008017817371937639,0.5,0.6590429064148995,0.3596105825457545,0.2664374881825089,0.6660715056924505,0.3126054528184135,0.8114504277501998
2021-08-30 14:40:00,0.7161785216178521,0.05179282868525892,0.6032762472077438,0.5857882520978397,0.18119118975016688,0.018485523385300667,0.5,0.6590429064148995,0.3596105825457545,0.2664374881825089,0.6660715056924505,0.3126054528184135,0.8979359355432504
2021-08-30 14:50:00,0.6311018131101813,-0.01195219123505975,0.5985107967237526,0.5818603820746295,0.1773828375495675,0.0012249443207126948,0.5,0.6590429064148995,0.3596105825457545,0.2664374881825089,0.6660715056924505,0.3126054528184135,0.7356699910979676
2021-08-30 15:00:00,0.6617852161785216,-0.03585657370517936,0.5994043186895008,0.5915015175861453,0.1782335004122443,0.006570155902004454,0.5,0.6595640150849351,0.3444039918737283,0.2711771660518084,0.6700589281692768,0.31049215758384935,0.8090212290839961
2021-08-30 15:10:00,0.6603905160390516,-0.003984063745020028,0.5937453462397615,0.5940010712372792,0.1776314928478884,0.0066815144766146995,0.5,0.6595640150849351,0.3444039918737283,0.2711771660518084,0.6700589281692768,0.31049215758384935,0.7726511459480665
2021-08-30 15:20:00,0.6596931659693167,0.17131474103585642,0.5910647803425166,0.5929298339582219,0.1785606784363508,0.007015590200445435,0.5,0.6595640150849351,0.3444039918737283,0.2711771660518084,0.6700589281692768,0.31049215758384935,0.8035970246088388
2021-08-30 15:30:00,0.7622036262203626,-0.24302788844621515,0.5949367088607593,0.5940010712372792,0.18269620866105665,0.012583518930957683,0.5,0.6595640150849351,0.3444039918737283,0.2711771660518084,0.6700589281692768,0.31049215758384935,0.9520120101996168
2021-08-30 15:40:00,0.6799163179916318,0.2111553784860556,0.5955323901712581,0.596857703981432,0.19444844328696131,0.0044543429844098,0.5,0.6595640150849351,0.3444039918737283,0.2711771660518084,0.6700589281692768,0.31049215758384935,0.79341249603935
2021-08-30 15:50:00,0.6757322175732218,0.09163346613545809,0.5979151154132538,0.6050705231208713,0.20955098087971627,0.01024498886414254,0.5,0.6595640150849351,0.3444039918737283,0.2711771660518084,0.6700589281692768,0.31049215758384935,0.8037856269897552
2021-08-30 16:00:00,0.6736401673640168,0.05179282868525892,0.6008935219657481,0.6114979467952151,0.21144861341953383,0.009242761692650333,0.5,0.6629107641426268,0.3405132655377614,0.2755405864164066,0.6706221616407295,0.31415896344942307,0.7953362403246979
2021-08-30 16:10:00,0.6736401673640168,-0.043824701195219196,0.6023827252419953,0.6179253704695589,0.20901440892018167,0.024387527839643652,0.5,0.6629107641426268,0.3405132655377614,0.2755405864164066,0.6706221616407295,0.31415896344942307,0.7650768743304616
2021-08-30 16:20:00,0.6694560669456067,0.043824701195219085,0.598808637379002,0.6186395286555972,0.21557105652327543,0.054565701559020054,0.5,0.6629107641426268,0.3405132655377614,0.2755405864164066,0.6706221616407295,0.31415896344942307,0.6170541816919897
2021-08-30 16:30:00,0.6861924686192469,-0.043824701195219196,0.5994043186895008,0.6139975004463487,0.20888353771053908,0.07761692650334076,0.5,0.6629107641426268,0.3405132655377614,0.2755405864164066,0.6706221616407295,0.31415896344942307,0.5199843082819078
2021-08-30 16:40:00,0.6910739191073919,0.13147410358565725,0.5976172747580044,0.610426709516158,0.21350329141092253,0.05612472160356348,0.5,0.6629107641426268,0.3405132655377614,0.2755405864164066,0.6706221616407295,0.31415896344942307,0.6412933596873727
2021-08-30 16:50:00,0.6666666666666667,-0.06772908366533881,0.5928518242740133,0.6000714158186038,0.20463022339715486,0.040311804008908686,0.5,0.6629107641426268,0.3405132655377614,0.2755405864164066,0.6706221616407295,0.31415896344942307,0.6650723478733196
2021-08-30 17:00:00,0.6101813110181311,0.07569721115537842,0.5889798957557706,0.6025709694697374,0.21146170054049812,0.04420935412026726,0.5,0.6373829431633338,0.3325450350136639,0.2946991569523878,0.6335502356259775,0.3123485730333832,0.5564901851320971
2021-08-30 17:10:00,0.6429567642956765,0.03585657370517925,0.5883842144452716,0.6032851276557758,0.21812304511130598,0.0712694877505568,0.5,0.6373829431633338,0.3325450350136639,0.2946991569523878,0.6335502356259775,0.3123485730333832,0.45039002972373526
2021-08-30 17:20:00,0.6192468619246863,0.07569721115537842,0.5857036485480267,0.5957864667023745,0.21049325358914292,0.045657015590200446,0.5,0.6373829431633338,0.3325450350136639,0.2946991569523878,0.6335502356259775,0.3123485730333832,0.5340993104696954
2021-08-30 17:30:00,0.6743375174337517,0.14741035856573692,0.5806403574087862,0.587216568469916,0.2180706966274489,0.010133630289532295,0.5,0.6373829431633338,0.3325450350136639,0.2946991569523878,0.6335502356259775,0.3123485730333832,0.8401557101256847
2021-08-30 17:40:00,0.6429567642956765,-0.07569721115537853,0.5776619508562917,0.5811462238885914,0.21697137846645118,0.004120267260579065,0.5,0.6373829431633338,0.3325450350136639,0.2946991569523878,0.6335502356259775,0.3123485730333832,0.7738657452811685
2021-08-30 17:50:00,0.6534170153417015,0.11553784860557759,0.5714072970960533,0.5797179075165149,0.21461569669288455,0.011915367483296215,0.5,0.6373829431633338,0.3325450350136639,0.2946991569523878,0.6335502356259775,0.3123485730333832,0.7671967650919626
2021-08-30 18:00:00,0.6150627615062761,-0.15537848605577698,0.5702159344750557,0.5807891447955722,0.2161861512085956,0.0038975501113585743,0.5,0.5371038111574755,0.3587399104041025,0.3833533889869796,0.5949265629287235,0.30802533232804136,0.7375937353833155
2021-08-30 18:10:00,0.6548117154811716,-0.043824701195219196,0.5648548026805658,0.5836457775397252,0.21418382170106398,0.004899777282850779,0.5,0.5371038111574755,0.3587399104041025,0.3833533889869796,0.5949265629287235,0.30802533232804136,0.7979238649908718
2021-08-30 18:20:00,0.6610878661087867,0.09163346613545809,0.5618763961280713,0.5857882520978397,0.21071573464553536,0.0021158129175946547,0.5,0.5371038111574755,0.3587399104041025,0.3833533889869796,0.5949265629287235,0.30802533232804136,0.8302276807942424
2021-08-30 18:30:00,0.6080892608089261,-0.05179282868525903,0.5574087862993298,0.5861453311908589,0.21233853764510344,0.00378619153674833,0.5,0.5371038111574755,0.3587399104041025,0.3833533889869796,0.5949265629287235,0.30802533232804136,0.6912880788207071
2021-08-30 18:40:00,0.6317991631799164,0.01195219123505975,0.5538346984363365,0.5854311730048205,0.21457643532999177,0.0023385300668151447,0.5,0.5371038111574755,0.3587399104041025,0.3833533889869796,0.5949265629287235,0.30802533232804136,0.7223244866243191
2021-08-30 18:50:00,0.6094839609483961,0.13147410358565725,0.5523454951600892,0.5850740939118015,0.20716912486422112,0.005233853006681514,0.5,0.5371038111574755,0.3587399104041025,0.3833533889869796,0.5949265629287235,0.30802533232804136,0.7350287430028516
2021-08-30 19:00:00,0.6576011157601116,-0.17928286852589637,0.5505584512285924,0.5818603820746295,0.2142099959429925,0.00378619153674833,0.5,0.5378773693617851,0.36921096414727506,0.37931829038836445,0.5728714778822656,0.31296737818322784,0.786524737088281
2021-08-30 19:10:00,0.6108786610878661,-0.0916334661354582,0.550856291883842,0.5793608284234957,0.2146549580557773,0.004788418708240535,0.5,0.5378773693617851,0.36921096414727506,0.37931829038836445,0.5728714778822656,0.31296737818322784,0.7152405811970971
2021-08-30 19:20:00,0.5592747559274756,-0.043824701195219196,0.5493670886075948,0.5890019639350117,0.20976037481514442,0.008351893095768375,0.5,0.5378773693617851,0.36921096414727506,0.37931829038836445,0.5728714778822656,0.31296737818322784,0.6112452283597628
2021-08-30 19:30:00,0.6387726638772664,0.09163346613545809,0.5472822040208485,0.5843599357257632,0.21661802620041617,0.0027839643652561247,0.5,0.5378773693617851,0.36921096414727506,0.37931829038836445,0.5728714778822656,0.31296737818322784,0.7378351464308885
2021-08-30 19:40:00,0.6387726638772664,-0.21115537848605592,0.5419210722263585,0.5779325120514194,0.2126133671853529,0.0013363028953229399,0.5,0.5378773693617851,0.36921096414727506,0.37931829038836445,0.5728714778822656,0.31296737818322784,0.7845104636600934
2021-08-30 19:50:00,0.5683403068340307,-0.01195219123505975,0.5362620997766194,0.5782895911444383,0.20544162489693893,0.0006681514476614699,0.5,0.5378773693617851,0.36921096414727506,0.37931829038836445,0.5728714778822656,0.31296737818322784,0.6364425064502014
2021-08-30 20:00:00,0.5271966527196652,-0.21115537848605592,0.5300074460163811,0.5786466702374577,0.2110429126696418,0.00044543429844097997,0.5,0.529262232996011,0.3594036901556586,0.38151813499033743,0.5800673575373767,0.322517613480411,0.5363625390406929
2021-08-30 20:10:00,0.5941422594142259,0.12350597609561742,0.5270290394638866,0.5736475629351903,0.21109526115349886,0.000556792873051225,0.5,0.529262232996011,0.3594036901556586,0.38151813499033743,0.5800673575373767,0.322517613480411,0.6923442521538392
2021-08-30 20:20:00,0.5125523012552301,-0.2509960159362551,0.5201787043931496,0.56579182288877,0.20716912486422112,0.000779510022271715,0.5,0.529262232996011,0.3594036901556586,0.38151813499033743,0.5800673575373767,0.322517613480411,0.529670926565777
2021-08-30 20:30:00,0.4895397489539749,0.03585657370517925,0.5136262099776618,0.5650776647027316,0.20232689010744528,0.00033407572383073496,0.5,0.529262232996011,0.3594036901556586,0.38151813499033743,0.5800673575373767,0.322517613480411,0.4843233700982241
2021-08-30 20:40:00,0.4490934449093445,0.1633466135458166,0.5088607594936707,0.5582931619353688,0.20287654918794415,0.00044543429844097997,0.5,0.529262232996011,0.3594036901556586,0.38151813499033743,0.5800673575373767,0.322517613480411,0.37744617288048643
2021-08-30 20:50:00,0.5195258019525802,-0.1633466135458168,0.5046909903201784,0.5504374218889485,0.21113452251639164,0.00033407572383073496,0.5,0.529262232996011,0.3594036901556586,0.38151813499033743,0.5800673575373767,0.322517613480411,0.5105013805694284
2021-08-30 21:00:00,0.49860529986053004,-0.11553784860557781,0.49903201787043905,0.5300839135868596,0.21113452251639164,0.00044543429844097997,0.5,0.5172271375411366,0.3831417184137111,0.4052696594546207,0.6354169189523753,0.3092983888003014,0.45478823724670703
2021-08-30 21:10:00,0.46443514644351463,-0.20318725099601598,0.4936708860759491,0.5129441171219424,0.20804596196882646,0.00022271714922048998,0.5,0.5172271375411366,0.3831417184137111,0.4052696594546207,0.6354169189523753,0.3092983888003014,0.4108212502074626
2021-08-30 21:20:00,0.48884239888423986,0.019920318725099362,0.4862248696947131,0.514372433494019,0.19986651136616454,0.0012249443207126948,0.5,0.5172271375411366,0.3831417184137111,0.4052696594546207,0.6354169189523753,0.3092983888003014,0.5184377687583929
2021-08-30 21:30:00,0.6185495118549511,-0.09960159362549814,0.48056589724497356,0.4911622924477772,0.1998010757613433,0.0016703786191536749,0.5,0.5172271375411366,0.3831417184137111,0.4052696594546207,0.6354169189523753,0.3092983888003014,0.7790032741373326
2021-08-30 21:40:00,0.6785216178521618,-0.19521912350597614,0.4766939687267311,0.4740224959828603,0.19977490151941474,0.0010022271714922048,0.5,0.5172271375411366,0.3831417184137111,0.4052696594546207,0.6354169189523753,0.3092983888003014,0.8757336632617649
2021-08-30 21:50:00,0.6743375174337517,-0.19521912350597614,0.4686522710349963,0.46509551865738263,0.19977490151941474,0.0008908685968819599,0.5,0.5172271375411366,0.3831417184137111,0.4052696594546207,0.6354169189523753,0.3092983888003014,0.8704452525008676
2021-08-30 22:00:00,0.5739191073919108,0.01195219123505975,0.4588235294117644,0.45831101589001966,0.19977490151941474,0.00155902004454343,0.5,0.437761100491858,0.4066354987112324,0.5233436268357454,0.7116378701386208,0.29170966524683584,0.6820993708224573
2021-08-30 22:10:00,0.6387726638772664,-0.33067729083665354,0.44869694713328356,0.4575968577039815,0.19977490151941474,0.0010022271714922048,0.5,0.437761100491858,0.4066354987112324,0.5233436268357454,0.7116378701386208,0.29170966524683584,0.7726209695671199
2021-08-30 22:20:00,0.6457461645746164,0.06772908366533859,0.44422933730454184,0.4500981967505804,0.18998573503814897,0.00044543429844097997,0.5,0.437761100491858,0.4066354987112324,0.5233436268357454,0.7116378701386208,0.29170966524683584,0.8168293676539373
2021-08-30 22:30:00,0.44421199442119946,0.31474103585657365,0.43767684288905406,0.44402785216925555,0.19535145463349518,0.00033407572383073496,0.5,0.437761100491858,0.4066354987112324,0.5233436268357454,0.7116378701386208,0.29170966524683584,0.45081249905698817
2021-08-30 22:40:00,0.17294281729428174,0.4422310756972112,0.43320923306031256,0.4790216032851278,0.2812553166428918,0.00044543429844097997,0.5,0.437761100491858,0.4066354987112324,0.5233436268357454,0.7116378701386208,0.29170966524683584,0.02652503885209047
2021-08-30 22:50:00,0.3138075313807531,-0.8087649402390438,0.4275502606105732,0.5104445634708088,0.2161599769666671,0.00033407572383073496,0.5,0.437761100491858,0.4066354987112324,0.5233436268357454,0.7116378701386208,0.29170966524683584,0.14045596511610364
2021-08-30 23:00:00,0.3688981868898187,-0.17928286852589637,0.4236783320923303,0.48294947330833793,0.19609742052845794,0.00022271714922048998,0.5,0.3809647581250628,0.4136439784257207,0.6387080836521757,0.6597049938560394,0.29198297476341517,0.21723222233957482
2021-08-30 23:10:00,0.4121338912133891,-0.019920318725099695,0.4174236783320924,0.452597750401714,0.192917250134143,0.00033407572383073496,0.5,0.3809647581250628,0.4136439784257207,0.6387080836521757,0.6597049938560394,0.29198297476341517,0.2783318496612701
2021-08-30 23:20:00,0.36541143654114366,-0.1872509960159363,0.41384959046909886,0.42117479021603277,0.19635916294774314,0.00022271714922048998,0.5,0.3809647581250628,0.4136439784257207,0.6387080836521757,0.6597049938560394,0.29198297476341517,0.21029919881708586
2021-08-30 23:30:00,0.3528591352859135,-0.38645418326693237,0.40967982129560676,0.4015354400999822,0.19635916294774314,0.00022271714922048998,0.5,0.3809647581250628,0.4136439784257207,0.6387080836521757,0.6597049938560394,0.29198297476341517,0.18980189205908538
2021-08-30 23:40:00,0.39400278940027894,-0.4422310756972112,0.40521221146686504,0.38975183003035174,0.19635916294774314,0.00022271714922048998,0.5,0.3809647581250628,0.4136439784257207,0.6387080836521757,0.6597049938560394,0.29198297476341517,0.2520934864281727
2021-08-30 23:50:00,0.399581589958159,-0.3067729083665339,0.39955323901712547,0.3772540617746831,0.19635916294774314,0.00022271714922048998,0.5,0.3809647581250628,0.4136439784257207,0.6387080836521757,0.6597049938560394,0.29198297476341517,0.270697225281772
2021-08-31 00:00:00,0.3633193863319386,0.05179282868525892,0.3968726731198806,0.36404213533297636,0.18886024263522266,0.00022271714922048998,0.5,0.3805739266225361,0.4163307059915472,0.660666963665344,0.47396033373232316,0.3037441097434643,0.20703260557961284
2021-08-31 00:10:00,0.3493723849372385,-0.019920318725099695,0.39419210722263576,0.3511872879842888,0.19418670086767612,0.00022271714922048998,0.5,0.3805739266225361,0.4163307059915472,0.660666963665344,0.47396033373232316,0.3037441097434643,0.19396623262972074
2021-08-31 00:20:00,0.3723849372384937,-0.06772908366533881,0.3894266567386446,0.34368862703088743,0.19635916294774314,0.00022271714922048998,0.5,0.3805739266225361,0.4163307059915472,0.660666963665344,0.47396033373232316,0.3037441097434643,0.23598684309790727
2021-08-31 00:30:00,0.25523012552301255,0.3705179282868525,0.38674609084139977,0.33404749151937163,0.19635916294774314,0.00022271714922048998,0.5,0.3805739266225361,0.4163307059915472,0.660666963665344,0.47396033373232316,0.3037441097434643,0.11321423721653062
2021-08-31 00:40:00,0.2377963737796374,0.13147410358565725,0.38525688756515253,0.3276200678450276,0.19635916294774314,0.00022271714922048998,0.5,0.3805739266225361,0.4163307059915472,0.660666963665344,0.47396033373232316,0.3037441097434643,0.09283763598231665
2021-08-31 00:50:00,0.2705718270571827,-0.3545816733067729,0.3804914370811614,0.3229780396357793,0.19635916294774314,0.00022271714922048998,0.5,0.3805739266225361,0.4163307059915472,0.660666963665344,0.47396033373232316,0.3037441097434643,0.11114715512168627
2021-08-31 01:00:00,0.19386331938633192,0.13147410358565725,0.3804914370811614,0.3158364577753974,0.19635916294774314,0.00033407572383073496,0.5,0.33435511634724957,0.41917547635536007,0.7258381367352997,0.2873871646669321,0.3121985199869854,0.059356941322027255
2021-08-31 01:10:00,0.17224546722454673,0.2828685258964143,0.3781087118391657,0.315122299589359,0.19635916294774314,0.00033407572383073496,0.5,0.33435511634724957,0.41917547635536007,0.7258381367352997,0.2873871646669321,0.3121985199869854,0.05633175913212728
2021-08-31 01:20:00,0.19525801952580193,0.1872509960159361,0.3766195085629187,0.3094090341010536,0.19635916294774314,0.00033407572383073496,0.5,0.33435511634724957,0.41917547635536007,0.7258381367352997,0.2873871646669321,0.3121985199869854,0.06378532522594565
2021-08-31 01:30:00,0.14225941422594143,0.07569721115537842,0.37423678332092325,0.30476700589180505,0.21140935205664108,0.00022271714922048998,0.5,0.33435511634724957,0.41917547635536007,0.7258381367352997,0.2873871646669321,0.3121985199869854,0.029655838375303653
2021-08-31 01:40:00,0.1087866108786611,-0.4661354581673308,0.3685778108711839,0.315122299589359,0.212770412636924,0.00011135857461024499,0.5,0.33435511634724957,0.41917547635536007,0.7258381367352997,0.2873871646669321,0.3121985199869854,0.004632074475308176
2021-08-31 01:50:00,0.12343096234309624,-0.33067729083665354,0.3655994043186892,0.31905016961256916,0.212770412636924,0.00011135857461024499,0.5,0.33435511634724957,0.41917547635536007,0.7258381367352997,0.2873871646669321,0.3121985199869854,0.01937323656773843
2021-08-31 02:00:00,0.13458856345885634,-0.47410358565737054,0.364705882352941,0.315122299589359,0.212770412636924,0.00022271714922048998,0.5,0.3313585747290979,0.4102992181191753,0.7445073315683345,0.17442631124222469,0.30069566387695906,0.027935784661345567
2021-08-31 02:10:00,0.199442119944212,-0.19521912350597614,0.36262099776619494,0.3072665595429387,0.2007171742288414,0.00033407572383073496,0.5,0.3313585747290979,0.4102992181191753,0.7445073315683345,0.17442631124222469,0.30069566387695906,0.06350619370218931
2021-08-31 02:20:00,0.2175732217573222,-0.043824701195219196,0.36262099776619494,0.29548294947330844,0.19622829173810052,0.00033407572383073496,0.5,0.3313585747290979,0.4102992181191753,0.7445073315683345,0.17442631124222469,0.30069566387695906,0.07909229446112528
2021-08-31 02:30:00,0.2412831241283124,0.09960159362549792,0.36262099776619494,0.28691305124084976,0.1827485571449137,0.00033407572383073496,0.5,0.3313585747290979,0.4102992181191753,0.7445073315683345,0.17442631124222469,0.30069566387695906,0.0936222218869291
2021-08-31 02:40:00,0.2831241283124128,0.5139442231075697,0.3620253164556959,0.2754865202642385,0.18243446624177148,0.00022271714922048998,0.5,0.3313585747290979,0.4102992181191753,0.7445073315683345,0.17442631124222469,0.30069566387695906,0.12549602426181028
2021-08-31 02:50:00,0.2615062761506276,0.6494023904382469,0.3575577066269544,0.26513122656668453,0.18243446624177148,0.00022271714922048998,0.5,0.3313585747290979,0.4102992181191753,0.7445073315683345,0.17442631124222469,0.30069566387695906,0.10673385940824116
2021-08-31 03:00:00,0.3193863319386332,0.14741035856573692,0.356664184661206,0.2594179610783791,0.18243446624177148,0.00022271714922048998,0.5,0.32246657436755033,0.39926495731407824,0.7694422854339903,0.15875635306159616,0.2426234015561289,0.1673204882538437
2021-08-31 03:10:00,0.301952580195258,-0.23505976095617542,0.356664184661206,0.25691840742724525,0.18243446624177148,0.00022271714922048998,0.5,0.32246657436755033,0.39926495731407824,0.7694422854339903,0.15875635306159616,0.2426234015561289,0.14220619521100836
2021-08-31 03:20:00,0.28521617852161785,0.07569721115537842,0.356664184661206,0.25370469559007325,0.18243446624177148,0.00022271714922048998,0.5,0.32246657436755033,0.39926495731407824,0.7694422854339903,0.15875635306159616,0.2426234015561289,0.12652956530923246
2021-08-31 03:30:00,0.2622036262203626,0.2669322709163344,0.3542814594192105,0.25049098375290146,0.18243446624177148,0.00022271714922048998,0.5,0.32246657436755033,0.39926495731407824,0.7694422854339903,0.15875635306159616,0.2426234015561289,0.10346726617076815
2021-08-31 03:40:00,0.299860529986053,0.4661354581673305,0.3533879374534623,0.24620603463667212,0.18243446624177148,0.00022271714922048998,0.5,0.32246657436755033,0.39926495731407824,0.7694422854339903,0.15875635306159616,0.2426234015561289,0.13588424340268873
2021-08-31 03:50:00,0.3235704323570432,0.4262948207171313,0.3527922561429635,0.24299232279950012,0.18243446624177148,0.00022271714922048998,0.5,0.32246657436755033,0.39926495731407824,0.7694422854339903,0.15875635306159616,0.2426234015561289,0.1585542495888468
2021-08-31 04:00:00,0.32147838214783825,0.13147410358565725,0.35070737155621723,0.23763613640421344,0.18243446624177148,0.00022271714922048998,0.5,0.28302264374597863,0.4014287068938277,0.8208458831760395,0.20736639686857908,0.2060337411211673,0.16628694720642154
2021-08-31 04:10:00,0.29218967921896793,0.47410358565737054,0.34772896500372297,0.23620782003213714,0.18243446624177148,0.00033407572383073496,0.5,0.28302264374597863,0.4014287068938277,0.8208458831760395,0.20736639686857908,0.2060337411211673,0.12763100321378457
2021-08-31 04:20:00,0.2503486750348675,0.4422310756972112,0.34772896500372297,0.23620782003213714,0.18595490178115717,0.00033407572383073496,0.5,0.28302264374597863,0.4014287068938277,0.8208458831760395,0.20736639686857908,0.2060337411211673,0.09545543702943707
2021-08-31 04:30:00,0.2684797768479777,-0.3784860557768924,0.3450483991064779,0.23620782003213714,0.1962806402219576,0.00022271714922048998,0.5,0.28302264374597863,0.4014287068938277,0.8208458831760395,0.20736639686857908,0.2060337411211673,0.11522096654948172
2021-08-31 04:40:00,0.29218967921896793,-0.5617529880478087,0.3447505584512285,0.23620782003213714,0.1962806402219576,0.00022271714922048998,0.5,0.28302264374597863,0.4014287068938277,0.8208458831760395,0.20736639686857908,0.2060337411211673,0.1288380584516499
2021-08-31 04:50:00,0.21338912133891214,0.2828685258964143,0.343261355174981,0.23656489912515632,0.1962806402219576,0.00033407572383073496,0.5,0.28302264374597863,0.4014287068938277,0.8208458831760395,0.20736639686857908,0.2060337411211673,0.07310982693845527
2021-08-31 05:00:00,0.2398884239888424,0.3784860557768923,0.33879374534623974,0.23763613640421344,0.21040164374239312,0.00033407572383073496,0.5,0.2843254821272465,0.39360702514604645,0.8268036107024526,0.24171625228477764,0.19597180306169207,0.08843188436410822
2021-08-31 05:10:00,0.21548117154811713,0.003984063745019917,0.3370067014147431,0.23227995000892698,0.21122613236314144,0.00022271714922048998,0.5,0.2843254821272465,0.39360702514604645,0.8268036107024526,0.24171625228477764,0.19597180306169207,0.06863617846311693
2021-08-31 05:20:00,0.197350069735007,-0.26693227091633476,0.3349218168279968,0.23192287091590802,0.20519296959861802,0.00033407572383073496,0.5,0.2843254821272465,0.39360702514604645,0.8268036107024526,0.24171625228477764,0.19597180306169207,0.06027732094089956
2021-08-31 05:30:00,0.1631799163179916,0.2350597609561753,0.33581533879374503,0.23120871272986965,0.19472327282721077,0.00022271714922048998,0.5,0.2843254821272465,0.39360702514604645,0.8268036107024526,0.24171625228477764,0.19597180306169207,0.03959895589721925
2021-08-31 05:40:00,0.09762900976290097,0.15537848605577675,0.33581533879374503,0.23942153186930915,0.19472327282721077,0.03296213808463252,0.5,0.2843254821272465,0.39360702514604645,0.8268036107024526,0.24171625228477764,0.19597180306169207,0.0
2021-08-31 05:50:00,0.13668061366806136,-0.8167330677290838,0.33611317944899466,0.22942331726477416,0.19472327282721077,0.6422048997772829,0.5,0.2843254821272465,0.39360702514604645,0.8268036107024526,0.24171625228477764,0.19597180306169207,0.0
2021-08-31 06:00:00,0.14714086471408647,-0.750597609561753,0.34802680565897237,0.24692019282271027,0.19472327282721077,0.9995545657015591,0.5,0.2630238311159643,0.4196984543414371,0.7964912307399464,0.2575250140334765,0.20786524674465354,0.0
2021-08-31 06:10:00,0.12552301255230125,-0.6844621513944225,0.35785554728220403,0.2676307802178184,0.19472327282721077,0.9995545657015591,0.5,0.2630238311159643,0.4196984543414371,0.7964912307399464,0.2575250140334765,0.20786524674465354,0.0
2021-08-31 06:20:00,0.1199442119944212,-0.6183266932270917,0.36262099776619494,0.2719157293340475,0.19472327282721077,0.9995545657015591,0.5,0.2630238311159643,0.4196984543414371,0.7964912307399464,0.2575250140334765,0.20786524674465354,0.0
2021-08-31 06:30:00,0.09693165969316596,-0.5521912350597611,0.3650037230081904,0.2719157293340475,0.19472327282721077,0.9995545657015591,0.5,0.2630238311159643,0.4196984543414371,0.7964912307399464,0.2575250140334765,0.20786524674465354,0.0
2021-08-31 06:40:00,0.1087866108786611,-0.4860557768924304,0.3655994043186892,0.2715586502410283,0.19472327282721077,0.9995545657015591,0.5,0.2630238311159643,0.4196984543414371,0.7964912307399464,0.2575250140334765,0.20786524674465354,0.0
2021-08-31 06:50:00,0.1617852161785216,-0.4199203187250997,0.3655994043186892,0.26513122656668453,0.19472327282721077,0.9995545657015591,0.5,0.2630238311159643,0.4196984543414371,0.7964912307399464,0.2575250140334765,0.20786524674465354,0.0
2021-08-31 07:00:00,0.14365411436541145,-0.35378486055776903,0.3655994043186892,0.26191751472951275,0.19472327282721077,0.9995545657015591,0.5,0.24471055021591126,0.4142186795093196,0.8420327188047718,0.272962614335972,0.17494452261908638,0.0
2021-08-31 07:10:00,0.15760111576011157,-0.28764940239043835,0.36530156366344,0.26156043563649356,0.19472327282721077,0.9995545657015591,0.5,0.24471055021591126,0.4142186795093196,0.8420327188047718,0.272962614335972,0.17494452261908638,0.0
2021-08-31 07:20:00,0.16736401673640167,-0.22151394422310766,0.36262099776619494,0.26156043563649356,0.19472327282721077,0.9995545657015591,0.5,0.24471055021591126,0.4142186795093196,0.8420327188047718,0.272962614335972,0.17494452261908638,0.0
2021-08-31 07:30:00,0.1708507670850767,-0.15537848605577698,0.3581533879374532,0.26156043563649356,0.19472327282721077,0.9995545657015591,0.5,0.24471055021591126,0.4142186795093196,0.8420327188047718,0.272962614335972,0.17494452261908638,0.0
2021-08-31 07:40:00,0.20920502092050208,-0.20318725099601598,0.3581533879374532,0.26156043563649356,0.19472327282721077,0.5567928730512249,0.5,0.24471055021591126,0.4142186795093196,0.8420327188047718,0.272962614335972,0.17494452261908638,0.016431039425441708
2021-08-31 07:50:00,0.198744769874477,-0.1394422310756973,0.37096053611317936,0.2754865202642385,0.19472327282721077,0.00011135857461024499,0.5,0.24471055021591126,0.4142186795093196,0.8420327188047718,0.272962614335972,0.17494452261908638,0.061537184845421485
2021-08-31 08:00:00,0.19665271966527195,-0.33067729083665354,0.38227848101265804,0.3069094804499197,0.19472327282721077,0.00022271714922048998,0.5,0.24397771613385633,0.42006626303494005,0.8386640284256395,0.23140324572198998,0.16579055681935198,0.05939466179821055
2021-08-31 08:10:00,0.21827057182705717,0.2669322709163344,0.3930007446016379,0.3344045706123906,0.19472327282721077,0.00022271714922048998,0.5,0.24397771613385633,0.42006626303494005,0.8386640284256395,0.23140324572198998,0.16579055681935198,0.0518279342758423
2021-08-31 08:20:00,0.18898186889818688,-0.11553784860557781,0.4004467609828739,0.35654347437957523,0.2072476475900067,0.00022271714922048998,0.5,0.24397771613385633,0.42006626303494005,0.8386640284256395,0.23140324572198998,0.16579055681935198,0.044487529610573805
2021-08-31 08:30:00,0.17852161785216178,-0.1872509960159363,0.39955323901712547,0.379753615425817,0.19444844328696131,0.00022271714922048998,0.5,0.24397771613385633,0.42006626303494005,0.8386640284256395,0.23140324572198998,0.16579055681935198,0.0418320080872701
2021-08-31 08:40:00,0.1492329149232915,0.19521912350597592,0.35994043186894986,0.33369041242635245,0.19214510999725173,0.00022271714922048998,0.5,0.24397771613385633,0.42006626303494005,0.8386640284256395,0.23140324572198998,0.16579055681935198,0.03578918780270682
2021-08-31 08:50:00,0.14016736401673638,0.4820717131474104,0.3456440804169767,0.29226923763613644,0.19214510999725173,0.00022271714922048998,0.5,0.24397771613385633,0.42006626303494005,0.8386640284256395,0.23140324572198998,0.16579055681935198,0.03449914751723825
2021-08-31 09:00:00,0.12412831241283125,0.6334661354581672,0.34236783320923303,0.2751294411712195,0.19214510999725173,0.00022271714922048998,0.5,0.27487164897340843,0.4245489314870089,0.7729092567589074,0.17543446109431157,0.23722557799202748,0.021229083995956365
2021-08-31 09:10:00,0.10251046025104603,0.7450199203187249,0.34415487714072945,0.2719157293340475,0.19214510999725173,0.00022271714922048998,0.5,0.27487164897340843,0.4245489314870089,0.7729092567589074,0.17543446109431157,0.23722557799202748,0.009603633236265976
2021-08-31 09:20:00,0.10181311018131102,0.05976095617529875,0.34683544303797453,0.2722728084270667,0.20770569682375575,0.00022271714922048998,0.5,0.27487164897340843,0.4245489314870089,0.7729092567589074,0.17543446109431157,0.23722557799202748,0.004194516951581997
2021-08-31 09:30:00,0.07880055788005579,0.19521912350597592,0.35100521221146663,0.276914836636315,0.2085563596864326,0.01135857461024499,0.5,0.27487164897340843,0.4245489314870089,0.7729092567589074,0.17543446109431157,0.23722557799202748,0.0
2021-08-31 09:40:00,0.08298465829846582,0.5697211155378485,0.35934475055845105,0.26798785931083735,0.2085563596864326,0.47082405345211586,0.5,0.27487164897340843,0.4245489314870089,0.7729092567589074,0.17543446109431157,0.23722557799202748,0.0
2021-08-31 09:50:00,0.10181311018131102,0.8725099601593624,0.3739389426656736,0.2847705766827351,0.2085563596864326,0.9995545657015591,0.5,0.27487164897340843,0.4245489314870089,0.7729092567589074,0.17543446109431157,0.23722557799202748,0.0
2021-08-31 10:00:00,0.09135285913528592,0.585657370517928,0.39002233804914366,0.3158364577753974,0.2085563596864326,0.9995545657015591,0.5,0.4504314388889683,0.4207357897973332,0.5387569958596456,0.1593021468090335,0.41525994494405766,0.0
2021-08-31 10:10:00,0.07670850767085077,0.6058120459339114,0.40282948622486936,0.3326191751472951,0.2085563596864326,0.9995545657015591,0.5,0.4504314388889683,0.4207357897973332,0.5387569958596456,0.1593021468090335,0.41525994494405766,0.0
2021-08-31 10:20:00,0.056485355648535567,0.6259667213498945,0.4129560685033504,0.3419032315657917,0.2085563596864326,0.9995545657015591,0.5,0.4504314388889683,0.4207357897973332,0.5387569958596456,0.1593021468090335,0.41525994494405766,0.0
2021-08-31 10:30:00,0.0794979079497908,0.6461213967658774,0.42486969471332836,0.34940189251919307,0.2085563596864326,0.9995545657015591,0.5,0.4504314388889683,0.4207357897973332,0.5387569958596456,0.1593021468090335,0.41525994494405766,0.0
2021-08-31 10:40:00,0.059274755927475595,0.6662760721818608,0.43737900223380466,0.35797179075165153,0.2085563596864326,0.9995545657015591,0.5,0.4504314388889683,0.4207357897973332,0.5387569958596456,0.1593021468090335,0.41525994494405766,0.0
2021-08-31 10:50:00,0.059274755927475595,0.6864307475978437,0.4469099032017869,0.3679700053561865,0.2085563596864326,0.9995545657015591,0.5,0.4504314388889683,0.4207357897973332,0.5387569958596456,0.1593021468090335,0.41525994494405766,0.0
2021-08-31 11:00:00,0.09205020920502092,0.7065854230138267,0.46031273268801187,0.3776111408677021,0.2085563596864326,0.9995545657015591,0.5,0.4672056414749668,0.4275028950567111,0.4971984857886387,0.19567486555803998,0.542912222632154,0.0
2021-08-31 11:10:00,0.09483960948396096,0.7267400984298102,0.47252419955323877,0.38332440635600795,0.2085563596864326,0.9995545657015591,0.5,0.4672056414749668,0.4275028950567111,0.4971984857886387,0.19567486555803998,0.542912222632154,0.0
2021-08-31 11:20:00,0.08716875871687588,0.7468947738457932,0.47997021593447475,0.3904659882163899,0.2085563596864326,0.9995545657015591,0.5,0.4672056414749668,0.4275028950567111,0.4971984857886387,0.19567486555803998,0.542912222632154,0.0
2021-08-31 11:30:00,0.08228730822873082,0.7670494492617763,0.49128816083395366,0.3965363327977147,0.2085563596864326,0.9995545657015591,0.5,0.4672056414749668,0.4275028950567111,0.4971984857886387,0.19567486555803998,0.542912222632154,0.0
2021-08-31 11:40:00,0.0885634588563459,0.7229903913756739,0.5020104244229335,0.404749151937154,0.2085563596864326,0.9995545657015591,0.5,0.4672056414749668,0.4275028950567111,0.4971984857886387,0.19567486555803998,0.542912222632154,0.0
2021-08-31 11:50:00,0.09483960948396096,0.678931333489571,0.510349962769918,0.41367612926263164,0.2085563596864326,0.9995545657015591,0.5,0.4672056414749668,0.4275028950567111,0.4971984857886387,0.19567486555803998,0.542912222632154,0.0
2021-08-31 12:00:00,0.15481171548117156,0.6348722756034682,0.5237527922561427,0.41867523656489913,0.2085563596864326,0.9995545657015591,0.5,0.4864797581767599,0.4129457166091501,0.447912557096474,0.2657500815073845,0.6214411371191958,0.0
2021-08-31 12:10:00,0.09344490934449094,0.5908132177173657,0.5320923306031271,0.42331726477414744,0.2085563596864326,0.9995545657015591,0.5,0.4864797581767599,0.4129457166091501,0.447912557096474,0.2657500815073845,0.6214411371191958,0.0
2021-08-31 12:20:00,0.09135285913528592,0.5467541598312631,0.5395383469843631,0.4315300839135867,0.2085563596864326,0.9995545657015591,0.5,0.4864797581767599,0.4129457166091501,0.447912557096474,0.2657500815073845,0.6214411371191958,0.0
2021-08-31 12:30:00,0.14783821478382148,0.5026951019451604,0.548771407297096,0.44188537761114066,0.2085563596864326,0.9995545657015591,0.5,0.4864797581767599,0.4129457166091501,0.447912557096474,0.2657500815073845,0.6214411371191958,0.0
2021-08-31 12:40:00,0.18688981868898188,0.4586360440590578,0.5571109456440804,0.44724156400642756,0.22647262828650327,0.9995545657015591,0.5,0.4864797581767599,0.4129457166091501,0.447912557096474,0.2657500815073845,0.6214411371191958,0.0
2021-08-31 12:50:00,0.13737796373779637,0.41457698617295513,0.5618763961280713,0.459382253169077,0.3723940270379919,0.9865256124721604,0.5,0.4864797581767599,0.4129457166091501,0.447912557096474,0.2657500815073845,0.6214411371191958,0.0
2021-08-31 13:00:00,0.15760111576011157,0.3705179282868525,0.5672375279225612,0.4811640778432422,0.3853371896716441,0.9995545657015591,0.5,0.6042496838960945,0.40047757660047223,0.30351007544552655,0.37132091290606034,0.6772014819304973,0.0
2021-08-31 13:10:00,0.2112970711297071,-0.1872509960159363,0.5755770662695456,0.49651847884306366,0.3938830796613053,0.13819599109131403,0.5,0.6042496838960945,0.40047757660047223,0.30351007544552655,0.37132091290606034,0.6772014819304973,0.03729800685003847
2021-08-31 13:20:00,0.1882845188284519,0.3067729083665336,0.5842144452717795,0.5036600607034458,0.4144822080590491,0.02873051224944321,0.5,0.6042496838960945,0.40047757660047223,0.30351007544552655,0.37132091290606034,0.6772014819304973,0.022926505424204477
2021-08-31 13:30:00,0.2210599721059972,-0.21115537848605592,0.5928518242740133,0.5261560435636492,0.4013819999738258,0.005011135857461025,0.5,0.6042496838960945,0.40047757660047223,0.30351007544552655,0.37132091290606034,0.6772014819304973,0.05901745703637763
2021-08-31 13:40:00,0.2782426778242678,0.15537848605577675,0.6047654504839908,0.5440099982146045,0.41965162083993135,0.012694877505567928,0.5,0.6042496838960945,0.40047757660047223,0.30351007544552655,0.37132091290606034,0.6772014819304973,0.10005733512379861
2021-08-31 13:50:00,0.31311018131101814,-0.08366533864541836,0.6139985107967236,0.5554365291912158,0.41946840114643175,0.009354120267260579,0.5,0.6042496838960945,0.40047757660047223,0.30351007544552655,0.37132091290606034,0.6772014819304973,0.11678259426347
2021-08-31 14:00:00,0.2914923291492329,-0.1872509960159363,0.591362620997766,0.5407962863774327,0.4142989883655495,0.005567928730512249,0.5,0.6249813639612529,0.3772826408664205,0.27705715652045887,0.4586944726716086,0.7057471630826548,0.13217254854625285
2021-08-31 14:10:00,0.34309623430962344,0.43426294820717115,0.5797468354430377,0.5133011962149614,0.4189841776707542,0.01826280623608018,0.5,0.6249813639612529,0.3772826408664205,0.27705715652045887,0.4586944726716086,0.7057471630826548,0.1690782624439851
2021-08-31 14:20:00,0.37935843793584384,0.06772908366533859,0.5764705882352941,0.5022317443313695,0.42853777597466336,0.009910913140311804,0.5,0.6249813639612529,0.3772826408664205,0.27705715652045887,0.4586944726716086,0.7057471630826548,0.23201864900342503
2021-08-31 14:30:00,0.2796373779637378,-0.2509960159362551,0.575874906924795,0.5011605070523122,0.4341914122312232,0.0013363028953229399,0.5,0.6249813639612529,0.3772826408664205,0.27705715652045887,0.4586944726716086,0.7057471630826548,0.11457971845436576
2021-08-31 14:40:00,0.35006973500697347,-0.23505976095617542,0.5821295606850332,0.5140153544009998,0.4016699166350395,0.00033407572383073496,0.5,0.6249813639612529,0.3772826408664205,0.27705715652045887,0.4586944726716086,0.7057471630826548,0.23873289376405088
2021-08-31 14:50:00,0.24546722454672246,0.2111553784860556,0.58391660461653,0.5161578289591144,0.4335501433039745,0.012138084632516704,0.5,0.6249813639612529,0.3772826408664205,0.27705715652045887,0.4586944726716086,0.7057471630826548,0.09870694207643678
2021-08-31 15:00:00,0.2698744769874477,-0.11553784860557781,0.5880863737900222,0.5275843599357259,0.4113151247856984,0.004342984409799555,0.5,0.643848372852853,0.36096687710304826,0.24897708557556558,0.5031539887342894,0.7250341082263422,0.1141949695972962
2021-08-31 15:10:00,0.303347280334728,-0.059760956175298974,0.5940431868950109,0.5340117836100697,0.4265223593461674,0.00022271714922048998,0.5,0.643848372852853,0.36096687710304826,0.24897708557556558,0.5031539887342894,0.7250341082263422,0.15084418425698207
2021-08-31 15:20:00,0.3591352859135286,-0.01195219123505975,0.596723752792256,0.5332976254240314,0.43700514323853895,0.00044543429844097997,0.5,0.643848372852853,0.36096687710304826,0.24897708557556558,0.5031539887342894,0.7250341082263422,0.23434977443155242
2021-08-31 15:30:00,0.35355648535564854,0.12350597609561742,0.598808637379002,0.5340117836100697,0.4160788368166887,0.00044543429844097997,0.5,0.643848372852853,0.36096687710304826,0.24897708557556558,0.5031539887342894,0.7250341082263422,0.22716779576625376
2021-08-31 15:40:00,0.4205020920502092,-0.15537848605577698,0.6005956813104989,0.535440099982146,0.40500713248092557,0.0021158129175946547,0.5,0.643848372852853,0.36096687710304826,0.24897708557556558,0.5031539887342894,0.7250341082263422,0.3182023929870091
2021-08-31 15:50:00,0.3926080892608089,-0.059760956175298974,0.6038719285182426,0.5365113372612034,0.4133174542932301,0.00022271714922048998,0.5,0.643848372852853,0.36096687710304826,0.24897708557556558,0.5031539887342894,0.7250341082263422,0.26005250690284715
2021-08-31 16:00:00,0.37308228730822873,0.027888446215139417,0.6068503350707368,0.5415104445634709,0.43611521901296935,0.00033407572383073496,0.5,0.7156600759850085,0.34815104293879123,0.16641196049942955,0.5296797095127173,0.7342661746460524,0.2805573577560843
2021-08-31 16:10:00,0.3849372384937238,0.17928286852589648,0.6107222635889797,0.5536511337261203,0.4290612608132337,0.00044543429844097997,0.5,0.7156600759850085,0.34815104293879123,0.16641196049942955,0.5296797095127173,0.7342661746460524,0.2960680175626537
2021-08-31 16:20:00,0.300557880055788,-0.50597609561753,0.6137006701414742,0.5643635065166934,0.4226747457826753,0.00044543429844097997,0.5,0.7156600759850085,0.34815104293879123,0.16641196049942955,0.5296797095127173,0.7342661746460524,0.1402070099732939
2021-08-31 16:30:00,0.40446304044630405,0.14741035856573692,0.6214445271779596,0.5750758793072666,0.43348470769915326,0.00022271714922048998,0.5,0.7156600759850085,0.34815104293879123,0.16641196049942955,0.5296797095127173,0.7342661746460524,0.25391915747544397
2021-08-31 16:40:00,0.3933054393305439,0.03585657370517925,0.621742367833209,0.5793608284234957,0.41206109068066116,0.030623608017817373,0.5,0.7156600759850085,0.34815104293879123,0.16641196049942955,0.5296797095127173,0.7342661746460524,0.2369373990977262
2021-08-31 16:50:00,0.44839609483960946,-0.0916334661354582,0.6238272524199551,0.5765041956793431,0.4553009383465731,0.12516703786191538,0.5,0.7156600759850085,0.34815104293879123,0.16641196049942955,0.5296797095127173,0.7342661746460524,0.2493398916667924
2021-08-31 17:00:00,0.3103207810320781,-0.10756972111553798,0.6250186150409529,0.5775754329584004,0.43153472667547865,0.00311804008908686,0.5,0.7142025126216427,0.3347059110879969,0.16142372694788715,0.5153267714440306,0.7386356524011444,0.18430979072679815
2021-08-31 17:10:00,0.4609483960948396,0.09960159362549792,0.6294862248696946,0.5793608284234957,0.45036709374304745,0.008129175946547884,0.5,0.7142025126216427,0.3347059110879969,0.16142372694788715,0.5153267714440306,0.7386356524011444,0.37455678440484635
2021-08-31 17:20:00,0.42398884239888424,-0.019920318725099695,0.6274013402829486,0.580074986609534,0.42054154506550107,0.020824053452115816,0.5,0.7142025126216427,0.3347059110879969,0.16142372694788715,0.5153267714440306,0.7386356524011444,0.26629147366356354
2021-08-31 17:30:00,0.46513249651324967,0.1872509960159361,0.6282948622486968,0.5775754329584004,0.44157254845506533,0.02917594654788419,0.5,0.7142025126216427,0.3347059110879969,0.16142372694788715,0.5153267714440306,0.7386356524011444,0.30944369841724884
2021-08-31 17:40:00,0.42747559274755925,-0.29083665338645437,0.6288905435591956,0.580074986609534,0.41457381790579884,0.00022271714922048998,0.5,0.7142025126216427,0.3347059110879969,0.16142372694788715,0.5153267714440306,0.7386356524011444,0.3352218718409101
2021-08-31 17:50:00,0.5662482566248256,0.08366533864541825,0.6333581533879371,0.5850740939118015,0.4188140450982188,0.0014476614699331849,0.5,0.7142025126216427,0.3347059110879969,0.16142372694788715,0.5153267714440306,0.7386356524011444,0.6272990630233716
2021-08-31 18:00:00,0.4595536959553696,-0.14741035856573714,0.6294862248696946,0.5832886984467058,0.41791103375168503,0.00022271714922048998,0.5,0.6094692756342672,0.32513713804607447,0.25795628641071267,0.6005676672297174,0.7411871927395222,0.3571223803129291
2021-08-31 18:10:00,0.32496513249651326,-0.06772908366533881,0.6285927029039462,0.5907873594001072,0.4281451623457355,0.00022271714922048998,0.5,0.6094692756342672,0.32513713804607447,0.25795628641071267,0.6005676672297174,0.7411871927395222,0.20176682710442537
2021-08-31 18:20:00,0.4735006973500697,0.019920318725099362,0.6309754281459417,0.597214783074451,0.4371360144481815,0.00022271714922048998,0.5,0.6094692756342672,0.32513713804607447,0.25795628641071267,0.6005676672297174,0.7411871927395222,0.3816784103082517
2021-08-31 18:30:00,0.3563458856345886,-0.1872509960159363,0.6324646314221889,0.5986430994465273,0.4255931737577051,0.00044543429844097997,0.5,0.6094692756342672,0.32513713804607447,0.25795628641071267,0.6005676672297174,0.7411871927395222,0.2201970517675815
2021-08-31 18:40:00,0.5216178521617852,0.003984063745019917,0.6333581533879371,0.5982860203535083,0.4227532685084608,0.00022271714922048998,0.5,0.6094692756342672,0.32513713804607447,0.25795628641071267,0.6005676672297174,0.7411871927395222,0.5135944596164582
2021-08-31 18:50:00,0.37866108786610875,-0.19521912350597614,0.6303797468354431,0.5979289412604893,0.43654709400478997,0.00033407572383073496,0.5,0.6094692756342672,0.32513713804607447,0.25795628641071267,0.6005676672297174,0.7411871927395222,0.2295668180515111
2021-08-31 19:00:00,0.4825662482566248,-0.3705179282868527,0.6300819061801934,0.600428494911623,0.4028346704008585,0.00022271714922048998,0.5,0.6103161105761645,0.3325364144974103,0.25086560150411696,0.5380990097656536,0.7508770933980439,0.39984459163812486
2021-08-31 19:10:00,0.36610878661087864,0.2749003984063745,0.6274013402829486,0.5986430994465273,0.40325345827171477,0.00022271714922048998,0.5,0.6103161105761645,0.3325364144974103,0.25086560150411696,0.5380990097656536,0.7508770933980439,0.2188240264345097
2021-08-31 19:20:00,0.38284518828451886,-0.4900398406374503,0.6274013402829486,0.5986430994465273,0.4074936854641347,0.00033407572383073496,0.5,0.6103161105761645,0.3325364144974103,0.25086560150411696,0.5380990097656536,0.7508770933980439,0.2645865081400788
2021-08-31 19:30:00,0.4504881450488145,-0.10756972111553798,0.6268056589724496,0.5932869130512408,0.4034890264490715,0.00022271714922048998,0.5,0.6103161105761645,0.3325364144974103,0.25086560150411696,0.5380990097656536,0.7508770933980439,0.34748102660047986
2021-08-31 19:40:00,0.3410041841004184,0.06772908366533859,0.622338049143708,0.5897161221210496,0.40262527646543034,0.00022271714922048998,0.5,0.6103161105761645,0.3325364144974103,0.25086560150411696,0.5380990097656536,0.7508770933980439,0.20258158938998444
2021-08-31 19:50:00,0.3884239888423989,-0.2749003984063746,0.6181682799702157,0.5861453311908589,0.4134352383819083,0.00022271714922048998,0.5,0.6103161105761645,0.3325364144974103,0.25086560150411696,0.5380990097656536,0.7508770933980439,0.24908339242874603
2021-08-31 20:00:00,0.28661087866108786,-0.14741035856573714,0.6137006701414742,0.5832886984467058,0.37523393228723617,0.00022271714922048998,0.5,0.6275382451538793,0.32145905111104073,0.2289522477613186,0.4530273308355373,0.7552070544351719,0.1308825082607843
2021-08-31 20:10:00,0.3186889818688982,0.019920318725099362,0.6089352196574831,0.576861274772362,0.38716938660664046,0.00022271714922048998,0.5,0.6275382451538793,0.32145905111104073,0.2289522477613186,0.4530273308355373,0.7552070544351719,0.14929010063823045
2021-08-31 20:20:00,0.3577405857740586,-0.08366533864541836,0.6050632911392404,0.5700767720049991,0.3721191974977425,0.00022271714922048998,0.5,0.6275382451538793,0.32145905111104073,0.2289522477613186,0.4530273308355373,0.7552070544351719,0.18811955882131057
2021-08-31 20:30:00,0.34797768479776847,0.09163346613545809,0.6005956813104989,0.5629351901446169,0.36721152713614535,0.00022271714922048998,0.5,0.6275382451538793,0.32145905111104073,0.2289522477613186,0.4530273308355373,0.7552070544351719,0.18735760520240807
2021-08-31 20:40:00,0.3138075313807531,-0.043824701195219196,0.5946388682055099,0.5507945009819675,0.3801154284069048,0.00022271714922048998,0.5,0.6275382451538793,0.32145905111104073,0.2289522477613186,0.4530273308355373,0.7552070544351719,0.14879219035261101
2021-08-31 20:50:00,0.3682008368200837,0.38645418326693215,0.5889798957557706,0.5397250490983752,0.3759798981821989,0.00022271714922048998,0.5,0.6275382451538793,0.32145905111104073,0.2289522477613186,0.4530273308355373,0.7552070544351719,0.2015254160568523
2021-08-31 21:00:00,0.3263598326359832,-0.07569721115537853,0.5854058078927771,0.5215140153544011,0.3759798981821989,0.00022271714922048998,0.5,0.6212194022926245,0.3368552931406556,0.22889467414920722,0.3025278918654919,0.7307034818221825,0.17093410987220303
2021-08-31 21:10:00,0.3821478382147839,-0.1872509960159363,0.5803425167535365,0.5183003035172289,0.3696457316354976,0.00033407572383073496,0.5,0.6212194022926245,0.3368552931406556,0.22889467414920722,0.3025278918654919,0.7307034818221825,0.23919308357348704
2021-08-31 21:20:00,0.38284518828451886,-0.03585657370517936,0.5800446760982871,0.5290126763078022,0.36629542866864717,0.00033407572383073496,0.5,0.6212194022926245,0.3368552931406556,0.22889467414920722,0.3025278918654919,0.7307034818221825,0.23845376224029452
2021-08-31 21:30:00,0.2754532775453278,0.5298804780876492,0.5785554728220401,0.514372433494019,0.3634162620565102,0.00022271714922048998,0.5,0.6212194022926245,0.3368552931406556,0.22889467414920722,0.3025278918654919,0.7307034818221825,0.1242965131191816
2021-08-31 21:40:00,0.24267782426778242,-0.2509960159362551,0.5731943410275502,0.511158721656847,0.3763070762063054,0.00022271714922048998,0.5,0.6212194022926245,0.3368552931406556,0.22889467414920722,0.3025278918654919,0.7307034818221825,0.09316203207749295
2021-08-31 21:50:00,0.25592747559274753,-0.003984063745020028,0.5708116157855547,0.5061596143545797,0.37724934891573203,0.00022271714922048998,0.5,0.6212194022926245,0.3368552931406556,0.22889467414920722,0.3025278918654919,0.7307034818221825,0.09958960121912579
2021-08-31 22:00:00,0.20920502092050208,0.21912350597609564,0.568428890543559,0.4990180324941975,0.37769431102851686,0.00022271714922048998,0.5,0.5032376511020027,0.3568089147632099,0.28822529594294993,0.23395854048388648,0.7137710022104929,0.07519954131900962
2021-08-31 22:10:00,0.26638772663877264,0.7689243027888444,0.5600893521965746,0.5150865916800571,0.444988287026737,0.00033407572383073496,0.5,0.5032376511020027,0.3568089147632099,0.28822529594294993,0.23395854048388648,0.7137710022104929,0.09430119045822835
2021-08-31 22:20:00,0.22733612273361226,-0.36254980079681276,0.5550260610573343,0.5172290662381716,0.45486906335475263,0.00033407572383073496,0.5,0.5032376511020027,0.3568089147632099,0.28822529594294993,0.23395854048388648,0.7137710022104929,0.0863723463645005
2021-08-31 22:30:00,0.20571827057182707,-0.02788844621513953,0.5591958302308264,0.5015175861453312,0.4501446126866551,0.00022271714922048998,0.5,0.5032376511020027,0.3568089147632099,0.28822529594294993,0.23395854048388648,0.7137710022104929,0.0667048900825324
2021-08-31 22:40:00,0.11645746164574616,0.003984063745019917,0.5618763961280713,0.5050883770755221,0.4387457303267854,0.00022271714922048998,0.5,0.5032376511020027,0.3568089147632099,0.28822529594294993,0.23395854048388648,0.7137710022104929,0.015352233806599575
2021-08-31 22:50:00,0.17224546722454673,0.24302788844621515,0.5594936708860758,0.5065166934475986,0.4451976809621651,0.00044543429844097997,0.5,0.5032376511020027,0.3568089147632099,0.28822529594294993,0.23395854048388648,0.7137710022104929,0.04873485522881241
2021-08-31 23:00:00,0.1094839609483961,0.5219123505976095,0.5559195830230825,0.511158721656847,0.4636505215217704,0.00044543429844097997,0.5,0.41918729860987636,0.35581468188858195,0.33353420690510516,0.17653930241780552,0.714263604336579,0.011957390950103354
2021-08-31 23:10:00,0.12761506276150628,0.22709163346613526,0.5532390171258375,0.5197286198893054,0.4797607674287734,0.00044543429844097997,0.5,0.41918729860987636,0.35581468188858195,0.33353420690510516,0.17653930241780552,0.714263604336579,0.020323792567557373
2021-08-31 23:20:00,0.1199442119944212,-0.06772908366533881,0.552941176470588,0.5183003035172289,0.485754668830404,0.00044543429844097997,0.5,0.41918729860987636,0.35581468188858195,0.33353420690510516,0.17653930241780552,0.714263604336579,0.013994296664001087
2021-08-31 23:30:00,0.08368200836820083,0.09819545348019676,0.552941176470588,0.522228173540439,0.4716467524309327,0.32951002227171494,0.5,0.41918729860987636,0.35581468188858195,0.33353420690510516,0.17653930241780552,0.714263604336579,0.0
2021-08-31 23:40:00,0.10460251046025104,0.2641199906257321,0.5544303797468353,0.5197286198893054,0.4716467524309327,0.9995545657015591,0.5,0.41918729860987636,0.35581468188858195,0.33353420690510516,0.17653930241780552,0.714263604336579,0.0
2021-08-31 23:50:00,0.10808926080892609,0.43004452777126767,0.5544303797468353,0.5240135690055348,0.4716467524309327,0.9995545657015591,0.5,0.41918729860987636,0.35581468188858195,0.33353420690510516,0.17653930241780552,0.714263604336579,0.0
2021-09-01 00:00:00,0.11820082984658299,0.5959690649168035,0.5523454951600892,0.516693340474915,0.4716467524309327,0.9995545657015591,0.5,0.43361641212144675,0.3475648478335222,0.31761954165064055,0.08731562209122819,0.7777496325657555,0.0
2021-09-01 00:10:00,0.12831241283124128,0.7618936020623386,0.550260610573343,0.5093733261917515,0.4716467524309327,0.9995545657015591,0.5,0.43361641212144675,0.3475648478335222,0.31761954165064055,0.08731562209122819,0.7777496325657555,0.0
2021-09-01 00:20:00,0.1317991631799163,0.7183032575580031,0.5469843633655993,0.4990180324941975,0.4716467524309327,0.9995545657015591,0.5,0.43361641212144675,0.3475648478335222,0.31761954165064055,0.08731562209122819,0.7777496325657555,0.0
2021-09-01 00:30:00,0.13319386331938632,0.6747129130536675,0.550856291883842,0.4879485806106054,0.4716467524309327,0.9995545657015591,0.5,0.43361641212144675,0.3475648478335222,0.31761954165064055,0.08731562209122819,0.7777496325657555,0.0
2021-09-01 00:40:00,0.12273361227336123,0.6311225685493318,0.5499627699180936,0.48080699875022326,0.4716467524309327,0.9995545657015591,0.5,0.43361641212144675,0.3475648478335222,0.31761954165064055,0.08731562209122819,0.7777496325657555,0.0
2021-09-01 00:50:00,0.12343096234309624,0.5875322240449963,0.552941176470588,0.47616497054097473,0.4716467524309327,0.9995545657015591,0.5,0.43361641212144675,0.3475648478335222,0.31761954165064055,0.08731562209122819,0.7777496325657555,0.0
2021-09-01 01:00:00,0.1094839609483961,0.5439418795406608,0.552941176470588,0.4718800214247456,0.4716467524309327,0.9995545657015591,0.5,0.35678053300238166,0.3466913021864495,0.37316425459862884,0.09389603951094835,0.9715646009234922,0.0
2021-09-01 01:10:00,0.11087866108786612,0.500351535036325,0.552941176470588,0.46795215140153545,0.4716467524309327,0.9995545657015591,0.5,0.35678053300238166,0.3466913021864495,0.37316425459862884,0.09389603951094835,0.9715646009234922,0.0
2021-09-01 01:20:00,0.11854951185495119,0.4567611905319895,0.5511541325390914,0.4643813604713445,0.4716467524309327,0.9995545657015591,0.5,0.35678053300238166,0.3466913021864495,0.37316425459862884,0.09389603951094835,0.9715646009234922,0.0
2021-09-01 01:30:00,0.10251046025104603,0.41317084602765397,0.5493670886075948,0.45795393679700047,0.4716467524309327,0.9995545657015591,0.5,0.35678053300238166,0.3466913021864495,0.37316425459862884,0.09389603951094835,0.9715646009234922,0.0
2021-09-01 01:40:00,0.08577405857740586,0.36958050152331845,0.5469843633655993,0.45688269951794314,0.4716467524309327,0.9995545657015591,0.5,0.35678053300238166,0.3466913021864495,0.37316425459862884,0.09389603951094835,0.9715646009234922,0.0
2021-09-01 01:50:00,0.099721059972106,0.3259901570189827,0.5443037974683544,0.4543831458668095,0.4716467524309327,0.9995545657015591,0.5,0.35678053300238166,0.3466913021864495,0.37316425459862884,0.09389603951094835,0.9715646009234922,0.0
2021-09-01 02:00:00,0.11366806136680613,0.2823998125146472,0.537453462397617,0.449384038564542,0.4716467524309327,0.9995545657015591,0.5,0.35007896343934375,0.34566546075222765,0.3918897549025389,0.18958339326750495,0.0090984675575883,0.0
2021-09-01 02:10:00,0.2099023709902371,0.23880946801031167,0.5285182427401338,0.4458132476343508,0.4935938542879951,0.9995545657015591,0.5,0.35007896343934375,0.34566546075222765,0.3918897549025389,0.18958339326750495,0.0090984675575883,0.0
2021-09-01 02:20:00,0.1506276150627615,0.19521912350597592,0.5258376768428887,0.462595965006249,0.6217822041329129,0.2326280623608018,0.5,0.35007896343934375,0.34566546075222765,0.3918897549025389,0.18958339326750495,0.0090984675575883,0.017072287520557658
2021-09-01 02:30:00,0.1415620641562064,0.5139442231075697,0.5344750558451226,0.5150865916800571,0.6384944576042716,0.00011135857461024499,0.5,0.35007896343934375,0.34566546075222765,0.3918897549025389,0.18958339326750495,0.0090984675575883,0.03162484723207146
2021-09-01 02:40:00,0.14016736401673638,0.3306772908366533,0.5460908413998509,0.5715050883770756,0.6611613511143684,0.00011135857461024499,0.5,0.35007896343934375,0.34566546075222765,0.3918897549025389,0.18958339326750495,0.0090984675575883,0.0331713867555864
2021-09-01 02:50:00,0.13528591352859135,0.17928286852589648,0.5532390171258375,0.6079271558650241,0.6708850819908129,0.00011135857461024499,0.5,0.35007896343934375,0.34566546075222765,0.3918897549025389,0.18958339326750495,0.0090984675575883,0.0397875582781357
2021-09-01 03:00:00,0.19107391910739194,-0.2589641434262948,0.5466865227103499,0.6193536868416356,0.6596563322034785,0.00022271714922048998,0.5,0.35695153429214566,0.3437402121221722,0.3994444526873625,0.2939431447750849,0.029444150470953497,0.05603753941789762
2021-09-01 03:10:00,0.13668061366806136,-0.0916334661354582,0.4999255398361875,0.5457953936797,0.6544214838177749,0.00033407572383073496,0.5,0.35695153429214566,0.3437402121221722,0.3994444526873625,0.2939431447750849,0.029444150470953497,0.03231135989860736
2021-09-01 03:20:00,0.14644351464435149,0.2749003984063745,0.4528667163067759,0.47295125870380295,0.6544214838177749,0.00033407572383073496,0.5,0.35695153429214566,0.3437402121221722,0.3994444526873625,0.2939431447750849,0.029444150470953497,0.03606077523122652
2021-09-01 03:30:00,0.1603905160390516,0.5617529880478087,0.45227103499627686,0.43402963756472057,0.6657680176937876,0.00033407572383073496,0.5,0.35695153429214566,0.3437402121221722,0.3994444526873625,0.2939431447750849,0.029444150470953497,0.04400470751542768
2021-09-01 03:40:00,0.1311018131101813,0.4262948207171313,0.46031273268801187,0.4265309766113192,0.6810276007381136,0.00033407572383073496,0.5,0.35695153429214566,0.3437402121221722,0.3994444526873625,0.2939431447750849,0.029444150470953497,0.02343195980506058
2021-09-01 03:50:00,0.09832635983263598,-0.17928286852589637,0.46358897989575576,0.42795929298339574,0.679731975762652,0.00033407572383073496,0.5,0.35695153429214566,0.3437402121221722,0.3994444526873625,0.2939431447750849,0.029444150470953497,0.0
2021-09-01 04:00:00,0.10669456066945607,0.1633466135458166,0.4623976172747577,0.42974468844849145,0.6709374304746698,0.00033407572383073496,0.5,0.24421385600737477,0.35243831302243844,0.5155456995618699,0.34873539444969875,0.06359179460865674,0.0055599981894171435
2021-09-01 04:10:00,0.11785216178521618,-0.10756972111553798,0.4623976172747577,0.42688805570433863,0.6709243433537055,0.00033407572383073496,0.5,0.24421385600737477,0.35243831302243844,0.5155456995618699,0.34873539444969875,0.06359179460865674,0.014545015616277142
2021-09-01 04:20:00,0.18340306834030684,-0.4900398406374503,0.4537602382725241,0.41331905016961246,0.6658596275405373,0.00033407572383073496,0.5,0.24421385600737477,0.35243831302243844,0.5155456995618699,0.34873539444969875,0.06359179460865674,0.060496099702762644
2021-09-01 04:30:00,0.2782426778242678,-0.07569721115537853,0.44482501861504087,0.3954650955186574,0.6415830181518368,0.00033407572383073496,0.5,0.24421385600737477,0.35243831302243844,0.5155456995618699,0.34873539444969875,0.06359179460865674,0.1228178704527966
2021-09-01 04:40:00,0.2635983263598326,-0.298804780876494,0.4466120625465375,0.37511158721656845,0.6537147792857049,0.00022271714922048998,0.5,0.24421385600737477,0.35243831302243844,0.5155456995618699,0.34873539444969875,0.06359179460865674,0.11946074807248366
2021-09-01 04:50:00,0.3270571827057183,-0.019920318725099695,0.45197319434102745,0.3679700053561865,0.6538979989792045,0.00022271714922048998,0.5,0.24421385600737477,0.35243831302243844,0.5155456995618699,0.34873539444969875,0.06359179460865674,0.1822049881557705
2021-09-01 05:00:00,0.30404463040446306,-0.38645418326693237,0.4549516008935217,0.36511337261203347,0.6513852717540668,0.00022271714922048998,0.5,0.22007032165385954,0.34430916619493396,0.570583790086103,0.3556509366438103,0.09353510859475832,0.14505031911522853
2021-09-01 05:10:00,0.2608089260808926,0.06772908366533859,0.45465376023827253,0.3647562935190145,0.6400125636361256,0.00022271714922048998,0.5,0.22007032165385954,0.34430916619493396,0.570583790086103,0.3556509366438103,0.09353510859475832,0.1106341566455935
2021-09-01 05:20:00,0.29288702928870297,-0.24302788844621515,0.451079672375279,0.3583288698446707,0.6400125636361256,0.00022271714922048998,0.5,0.22007032165385954,0.34430916619493396,0.570583790086103,0.3556509366438103,0.09353510859475832,0.12777434102328109
2021-09-01 05:30:00,0.28591352859135283,-0.5617529880478087,0.44512285927029005,0.35797179075165153,0.6400125636361256,0.00022271714922048998,0.5,0.22007032165385954,0.34430916619493396,0.570583790086103,0.3556509366438103,0.09353510859475832,0.11582449416841438
2021-09-01 05:40:00,0.2175732217573222,-0.4103585657370519,0.44035740878629914,0.3536868416354222,0.6400125636361256,0.00022271714922048998,0.5,0.22007032165385954,0.34430916619493396,0.570583790086103,0.3556509366438103,0.09353510859475832,0.07082396608174782
2021-09-01 05:50:00,0.22315202231520226,-0.5298804780876495,0.434102755026061,0.3469023388680592,0.6388739841122351,0.00022271714922048998,0.5,0.22007032165385954,0.34430916619493396,0.570583790086103,0.3556509366438103,0.09353510859475832,0.07864719284216244
2021-09-01 06:00:00,0.20571827057182707,0.06772908366533859,0.4266567386448248,0.34333154793786824,0.6261271282930468,0.00033407572383073496,0.5,0.17916879431583288,0.37016209444063053,0.6793106688595366,0.4024053540359925,0.14196744940762993,0.08299259169847761
2021-09-01 06:10:00,0.22594142259414227,0.2828685258964143,0.42516753536857754,0.33690412426352423,0.6261271282930468,0.00033407572383073496,0.5,0.17916879431583288,0.37016209444063053,0.6793106688595366,0.4024053540359925,0.14196744940762993,0.09043861369705931
2021-09-01 06:20:00,0.23430962343096234,0.24302788844621515,0.42069992553983626,0.33369041242635245,0.6261271282930468,0.00022271714922048998,0.5,0.17916879431583288,0.37016209444063053,0.6793106688595366,0.4024053540359925,0.14196744940762993,0.09439171960106825
2021-09-01 06:30:00,0.24337517433751746,0.31474103585657365,0.4180193596425912,0.32726298875200865,0.631492847888393,0.00022271714922048998,0.5,0.17916879431583288,0.37016209444063053,0.6793106688595366,0.4024053540359925,0.14196744940762993,0.09541771655325378
2021-09-01 06:40:00,0.28661087866108786,-0.1394422310756973,0.4150409530900967,0.32547759328691295,0.6329193440734973,0.00033407572383073496,0.5,0.17916879431583288,0.37016209444063053,0.6793106688595366,0.4024053540359925,0.14196744940762993,0.11780104712041886
2021-09-01 06:50:00,0.3138075313807531,0.4501992031872508,0.4117647058823528,0.31619353686841634,0.6315975448561071,0.00022271714922048998,0.5,0.17916879431583288,0.37016209444063053,0.6793106688595366,0.4024053540359925,0.14196744940762993,0.14913167463826063
2021-09-01 07:00:00,0.3472803347280335,-0.17131474103585675,0.4072970960536113,0.30798071772897706,0.6399602151522686,0.00011135857461024499,0.5,0.17606638999167168,0.37494360745617317,0.6920088206831807,0.4372617841624182,0.14228875573667188,0.18615054996454275
2021-09-01 07:10:00,0.3800557880055788,-0.5139442231075697,0.4025316455696202,0.3076236386359579,0.6399340409103401,0.00022271714922048998,0.5,0.17606638999167168,0.37494360745617317,0.6920088206831807,0.4372617841624182,0.14228875573667188,0.2232976749098481
2021-09-01 07:20:00,0.3158995815899582,-0.043824701195219196,0.39717051377513,0.3036957686127477,0.6288492494536126,0.00022271714922048998,0.5,0.17606638999167168,0.37494360745617317,0.6920088206831807,0.4372617841624182,0.14228875573667188,0.15162877016159454
2021-09-01 07:30:00,0.35146443514644354,-0.4581673306772909,0.39419210722263576,0.29726834493840393,0.6287445524858987,0.00022271714922048998,0.5,0.17606638999167168,0.37494360745617317,0.6920088206831807,0.4372617841624182,0.14228875573667188,0.19423782005824045
2021-09-01 07:40:00,0.3765690376569038,-0.40239043824701204,0.3927029039463885,0.29726834493840393,0.6267945714622241,0.00044543429844097997,0.5,0.17606638999167168,0.37494360745617317,0.6920088206831807,0.4372617841624182,0.14228875573667188,0.2231241607194049
2021-09-01 07:50:00,0.31520223152022314,-0.07569721115537853,0.3953834698436334,0.29726834493840393,0.6175027155776002,0.00044543429844097997,0.5,0.17606638999167168,0.37494360745617317,0.6920088206831807,0.4372617841624182,0.14228875573667188,0.14907886597160405
2021-09-01 08:00:00,0.3186889818688982,0.05179282868525892,0.3983618763961281,0.29726834493840393,0.6174634542147074,0.00044543429844097997,0.5,0.19702607177651554,0.386908884016702,0.6351697159756755,0.4201764870524983,0.14282555950087553,0.15903707168399295
2021-09-01 08:10:00,0.31729428172942814,0.36254980079681287,0.4034251675353684,0.29476879128727007,0.6174634542147074,0.00044543429844097997,0.5,0.19702607177651554,0.386908884016702,0.6351697159756755,0.4201764870524983,0.14282555950087553,0.1592256740649094
2021-09-01 08:20:00,0.29218967921896793,0.49003984063745,0.4067014147431123,0.29726834493840393,0.6174634542147074,0.00044543429844097997,0.5,0.19702607177651554,0.386908884016702,0.6351697159756755,0.4201764870524983,0.14282555950087553,0.1282043544517706
2021-09-01 08:30:00,0.24895397489539747,0.5219123505976095,0.4078927773641099,0.29726834493840393,0.6174634542147074,0.00022271714922048998,0.5,0.19702607177651554,0.386908884016702,0.6351697159756755,0.4201764870524983,0.14282555950087553,0.09280745960137
2021-09-01 08:40:00,0.21687587168758715,0.1633466135458166,0.41027550260610535,0.29976789858953756,0.6174634542147074,0.00033407572383073496,0.5,0.19702607177651554,0.386908884016702,0.6351697159756755,0.4201764870524983,0.14282555950087553,0.0673008736062284
2021-09-01 08:50:00,0.1506276150627615,-0.12350597609561753,0.410573343261355,0.305124084984824,0.6174634542147074,0.00033407572383073496,0.5,0.19702607177651554,0.386908884016702,0.6351697159756755,0.4201764870524983,0.14282555950087553,0.03905578104017986
2021-09-01 09:00:00,0.1304044630404463,0.19521912350597592,0.41414743112434826,0.31119442956614884,0.6174634542147074,0.00033407572383073496,0.5,0.2244267354362901,0.38871919243003933,0.5685164662432851,0.36606841881609575,0.16422953086506412,0.02761893266140592
2021-09-01 09:10:00,0.12273361227336123,0.43426294820717115,0.4189128816083394,0.3236921978218177,0.6287707267278272,0.00033407572383073496,0.5,0.2244267354362901,0.38871919243003933,0.5685164662432851,0.36606841881609575,0.16422953086506412,0.023748811805000228
2021-09-01 09:20:00,0.18270571827057183,0.043824701195219085,0.42546537602382717,0.3326191751472951,0.6339532266296737,0.00033407572383073496,0.5,0.2244267354362901,0.38871919243003933,0.5685164662432851,0.36606841881609575,0.16422953086506412,0.05759916713188587
2021-09-01 09:30:00,0.1506276150627615,0.38645418326693215,0.4320178704393147,0.33690412426352423,0.6344112758634228,0.00022271714922048998,0.5,0.2244267354362901,0.38871919243003933,0.5685164662432851,0.36606841881609575,0.16422953086506412,0.04089654027792447
2021-09-01 09:40:00,0.17364016736401675,0.6175298804780875,0.441548771407297,0.3461881806820213,0.6543429610919894,0.00033407572383073496,0.5,0.2244267354362901,0.38871919243003933,0.5685164662432851,0.36606841881609575,0.16422953086506412,0.05424204475157295
2021-09-01 09:50:00,0.24616457461645744,0.298804780876494,0.44929262844378237,0.3540439207284414,0.6857258771642827,0.00022271714922048998,0.5,0.2244267354362901,0.38871919243003933,0.5685164662432851,0.36606841881609575,0.16422953086506412,0.10288637083754545
2021-09-01 10:00:00,0.2099023709902371,-0.043824701195219196,0.45614296351451955,0.3569005534725942,0.696051615605083,0.00022271714922048998,0.5,0.5445626626171567,0.38854103509412086,0.3476008099364446,0.32997829773078646,0.23479975329010402,0.07753821084237368
2021-09-01 10:10:00,0.17642956764295675,0.2828685258964143,0.46358897989575576,0.37011247991430096,0.6896520134535604,0.00033407572383073496,0.5,0.5445626626171567,0.38854103509412086,0.3476008099364446,0.32997829773078646,0.23479975329010402,0.04798798980038324
2021-09-01 10:20:00,0.11018131101813111,0.1872509960159361,0.4746090841399848,0.3854668809141224,0.6862886233657457,0.00033407572383073496,0.5,0.5445626626171567,0.38854103509412086,0.3476008099364446,0.32997829773078646,0.23479975329010402,0.010312778188511852
2021-09-01 10:30:00,0.09902370990237098,0.5458167330677288,0.4853313477289649,0.40403499375111585,0.6862886233657457,0.7998886414253897,0.5,0.5445626626171567,0.38854103509412086,0.3476008099364446,0.32997829773078646,0.23479975329010402,0.0
2021-09-01 10:40:00,0.08437935843793584,-0.5298804780876495,0.5020104244229335,0.42474558114622396,0.6862886233657457,0.9996659242761693,0.5,0.5445626626171567,0.38854103509412086,0.3476008099364446,0.32997829773078646,0.23479975329010402,0.0
2021-09-01 10:50:00,0.09205020920502092,0.6653386454183265,0.5169024571854057,0.44081414033208355,0.6862886233657457,0.9996659242761693,0.5,0.5445626626171567,0.38854103509412086,0.3476008099364446,0.32997829773078646,0.23479975329010402,0.0
2021-09-01 11:00:00,0.07531380753138076,-0.09960159362549814,0.5317944899478777,0.4500981967505804,0.6862886233657457,0.9996659242761693,0.5,0.5669636314577002,0.3862192427163808,0.32102462768324425,0.2646855893224496,0.297579166349697,0.0
2021-09-01 11:10:00,0.055788005578800565,-0.6653386454183268,0.5443037974683544,0.4572397786109621,0.6862886233657457,0.9996659242761693,0.5,0.5669636314577002,0.3862192427163808,0.32102462768324425,0.2646855893224496,0.297579166349697,0.0
2021-09-01 11:20:00,0.0794979079497908,0.07569721115537842,0.5556217423678329,0.46652383502945916,0.6862886233657457,0.9996659242761693,0.5,0.5669636314577002,0.3862192427163808,0.32102462768324425,0.2646855893224496,0.297579166349697,0.0
2021-09-01 11:30:00,0.07880055788005579,0.08435821929672604,0.5678332092330602,0.47580789144795577,0.6862886233657457,0.9996659242761693,0.5,0.5669636314577002,0.3862192427163808,0.32102462768324425,0.2646855893224496,0.297579166349697,0.0
2021-09-01 11:40:00,0.060669456066945605,0.09301922743807367,0.5806403574087862,0.48366363149437586,0.6862886233657457,0.9996659242761693,0.5,0.5669636314577002,0.3862192427163808,0.32102462768324425,0.2646855893224496,0.297579166349697,0.0
2021-09-01 11:50:00,0.0794979079497908,0.1016802355794213,0.58927773641102,0.49223352972683454,0.6862886233657457,0.9996659242761693,0.5,0.5669636314577002,0.3862192427163808,0.32102462768324425,0.2646855893224496,0.297579166349697,0.0
2021-09-01 12:00:00,0.07670850767085077,0.11034124372076914,0.6026805658972447,0.5022317443313695,0.6862886233657457,0.9996659242761693,0.5,0.5775330253953757,0.37618783530216526,0.3087037478772901,0.18087763492466377,0.29658465561201,0.0
2021-09-01 12:10:00,0.11924686192468618,0.11900225186211655,0.6137006701414742,0.5093733261917515,0.6862886233657457,0.9996659242761693,0.5,0.5775330253953757,0.37618783530216526,0.3087037478772901,0.18087763492466377,0.29658465561201,0.0
2021-09-01 12:20:00,0.06555090655509065,0.1276632600034644,0.6178704393149663,0.5168719871451526,0.6862886233657457,0.9996659242761693,0.5,0.5775330253953757,0.37618783530216526,0.3087037478772901,0.18087763492466377,0.29658465561201,0.0
2021-09-01 12:30:00,0.039051603905160395,0.13632426814481202,0.6274013402829486,0.5268702017496876,0.6862886233657457,0.9996659242761693,0.5,0.5775330253953757,0.37618783530216526,0.3087037478772901,0.18087763492466377,0.29658465561201,0.0
2021-09-01 12:40:00,0.17573221757322177,0.14498527628615965,0.6467609828741621,0.5357971790751652,0.6862886233657457,0.9996659242761693,0.5,0.5775330253953757,0.37618783530216526,0.3087037478772901,0.18087763492466377,0.29658465561201,0.0
2021-09-01 12:50:00,0.04672245467224547,0.15364628442750727,0.6503350707371554,0.5382967327262989,0.6862886233657457,0.9996659242761693,0.5,0.5775330253953757,0.37618783530216526,0.3087037478772901,0.18087763492466377,0.29658465561201,0.0
2021-09-01 13:00:00,0.08647140864714087,0.1623072925688549,0.658078927773641,0.5497232637029101,0.6862886233657457,0.9996659242761693,0.5,0.6960765426721094,0.35535779452712185,0.17485942971434995,0.16556808866620837,0.2730920659826566,0.0
2021-09-01 13:10:00,0.1596931659693166,0.17096830071020253,0.6685033507073712,0.5568648455632923,0.6674693434191412,0.9996659242761693,0.5,0.6960765426721094,0.35535779452712185,0.17485942971434995,0.16556808866620837,0.2730920659826566,0.0
2021-09-01 13:20:00,0.10320781032078104,0.17962930885155037,0.6798212956068501,0.56579182288877,0.6107235869181138,0.9996659242761693,0.5,0.6960765426721094,0.35535779452712185,0.17485942971434995,0.16556808866620837,0.2730920659826566,0.0
2021-09-01 13:30:00,0.056485355648535567,0.18829031699289778,0.684586746090841,0.580074986609534,0.6107235869181138,0.9996659242761693,0.5,0.6960765426721094,0.35535779452712185,0.17485942971434995,0.16556808866620837,0.2730920659826566,0.0
2021-09-01 13:40:00,0.06206415620641562,0.1969513251342454,0.6938198064035739,0.5911444384931261,0.6107235869181138,0.9996659242761693,0.5,0.6960765426721094,0.35535779452712185,0.17485942971434995,0.16556808866620837,0.2730920659826566,0.0
2021-09-01 13:50:00,0.05230125523012552,0.20561233327559325,0.7024571854058077,0.6014997321906803,0.6107235869181138,0.9996659242761693,0.5,0.6960765426721094,0.35535779452712185,0.17485942971434995,0.16556808866620837,0.2730920659826566,0.0
2021-09-01 14:00:00,0.07880055788005579,0.21427334141694088,0.7075204765450482,0.6118550258882343,0.6107235869181138,0.9996659242761693,0.5,0.700905269554666,0.3278008775685565,0.159647695146963,0.16720180838015017,0.29864028687087657,0.0
2021-09-01 14:10:00,0.06903765690376569,0.2229343495582885,0.7152643335815336,0.6225673986788074,0.6107235869181138,0.9996659242761693,0.5,0.700905269554666,0.3278008775685565,0.159647695146963,0.16720180838015017,0.29864028687087657,0.0
2021-09-01 14:20:00,0.16666666666666669,0.23159535769963613,0.7197319434102754,0.628280664167113,0.6107235869181138,0.9996659242761693,0.5,0.700905269554666,0.3278008775685565,0.159647695146963,0.16720180838015017,0.29864028687087657,0.0
2021-09-01 14:30:00,0.08926080892608089,0.24025636584098375,0.7200297840655248,0.6311372969112659,0.6107235869181138,0.9996659242761693,0.5,0.700905269554666,0.3278008775685565,0.159647695146963,0.16720180838015017,0.29864028687087657,0.0
2021-09-01 14:40:00,0.0697350069735007,0.24891737398233138,0.7277736411020101,0.6368505623995715,0.6107235869181138,0.9996659242761693,0.5,0.700905269554666,0.3278008775685565,0.159647695146963,0.16720180838015017,0.29864028687087657,0.0
2021-09-01 14:50:00,0.20223152022315202,0.25757838212367923,0.7340282948622485,0.6382788787716478,0.6123856512805749,0.9996659242761693,0.5,0.700905269554666,0.3278008775685565,0.159647695146963,0.16720180838015017,0.29864028687087657,0.0
2021-09-01 15:00:00,0.13319386331938632,0.26623939026502663,0.7355174981384955,0.6400642742367435,0.7390428079726741,0.9996659242761693,0.5,0.7068576953748935,0.30891907346691305,0.14766502860863223,0.1465767354988971,0.3254901633625572,0.0
2021-09-01 15:10:00,0.06415620641562064,0.2749003984063745,0.7322412509307519,0.6507766470273164,0.7746136027535302,0.9996659242761693,0.5,0.7068576953748935,0.30891907346691305,0.14766502860863223,0.1465767354988971,0.3254901633625572,0.0
2021-09-01 15:20:00,0.09483960948396096,0.18565737051792808,0.7387937453462394,0.6514908052133548,0.7746136027535302,0.9996659242761693,0.5,0.7068576953748935,0.30891907346691305,0.14766502860863223,0.1465767354988971,0.3254901633625572,0.0
2021-09-01 15:30:00,0.06555090655509065,0.0964143426294819,0.74385703648548,0.6507766470273164,0.7746136027535302,0.9996659242761693,0.5,0.7068576953748935,0.30891907346691305,0.14766502860863223,0.1465767354988971,0.3254901633625572,0.0
2021-09-01 15:40:00,0.10390516039051603,0.007171314741035939,0.7474311243484735,0.6507766470273164,0.7746136027535302,0.9996659242761693,0.5,0.7068576953748935,0.30891907346691305,0.14766502860863223,0.1465767354988971,0.3254901633625572,0.0
2021-09-01 15:50:00,0.1206415620641562,-0.08207171314741046,0.7572598659717049,0.6507766470273164,0.7746136027535302,0.9996659242761693,0.5,0.7068576953748935,0.30891907346691305,0.14766502860863223,0.1465767354988971,0.3254901633625572,0.0
2021-09-01 16:00:00,0.09065550906555091,-0.17131474103585664,0.7548771407297095,0.6479200142831638,0.7746136027535302,0.9996659242761693,0.5,0.7443310587638077,0.2905430063188392,0.12587861580355073,0.17216540336129646,0.289085939069644,0.0
2021-09-01 16:10:00,0.12622036262203626,-0.2605577689243027,0.7557706626954577,0.6432779860739153,0.7746136027535302,0.9996659242761693,0.5,0.7443310587638077,0.2905430063188392,0.12587861580355073,0.17216540336129646,0.289085939069644,0.0
2021-09-01 16:20:00,0.08437935843793584,-0.349800796812749,0.7575577066269543,0.6393501160507051,0.7746136027535302,0.9996659242761693,0.5,0.7443310587638077,0.2905430063188392,0.12587861580355073,0.17216540336129646,0.289085939069644,0.0
2021-09-01 16:30:00,0.09623430962343095,-0.4390438247011952,0.7554728220402083,0.6361364042135333,0.7746136027535302,0.9996659242761693,0.5,0.7443310587638077,0.2905430063188392,0.12587861580355073,0.17216540336129646,0.289085939069644,0.0
2021-09-01 16:40:00,0.09205020920502092,-0.5282868525896414,0.7551749813849589,0.6361364042135333,0.7746136027535302,0.9996659242761693,0.5,0.7443310587638077,0.2905430063188392,0.12587861580355073,0.17216540336129646,0.289085939069644,0.0
2021-09-01 16:50:00,0.100418410041841,-0.6175298804780878,0.7569620253164555,0.635065166934476,0.7746136027535302,0.9996659242761693,0.5,0.7443310587638077,0.2905430063188392,0.12587861580355073,0.17216540336129646,0.289085939069644,0.0
2021-09-01 17:00:00,0.0697350069735007,-0.553784860557769,0.7536857781087116,0.6289948223531512,0.7746136027535302,0.9996659242761693,0.5,0.7532230257722654,0.26894286609177526,0.12199772317922503,0.2359109306965805,0.30040884978627164,0.0
2021-09-01 17:10:00,0.042538354253835425,-0.4900398406374503,0.7507073715562174,0.6268523477950365,0.7746136027535302,0.9996659242761693,0.5,0.7532230257722654,0.26894286609177526,0.12199772317922503,0.2359109306965805,0.30040884978627164,0.0
2021-09-01 17:20:00,0.10181311018131102,-0.42629482071713154,0.7483246463142217,0.6257811105159794,0.7746136027535302,0.9996659242761693,0.5,0.7532230257722654,0.26894286609177526,0.12199772317922503,0.2359109306965805,0.30040884978627164,0.0
2021-09-01 17:30:00,0.11018131101813111,-0.36254980079681276,0.7551749813849589,0.6257811105159794,0.7746136027535302,0.9996659242761693,0.5,0.7532230257722654,0.26894286609177526,0.12199772317922503,0.2359109306965805,0.30040884978627164,0.0
2021-09-01 17:40:00,0.06764295676429567,-0.2988047808764942,0.7480268056589723,0.625066952329941,0.7746136027535302,0.9996659242761693,0.5,0.7532230257722654,0.26894286609177526,0.12199772317922503,0.2359109306965805,0.30040884978627164,0.0
2021-09-01 17:50:00,0.058577405857740586,-0.23505976095617542,0.7474311243484735,0.6186395286555972,0.7746136027535302,0.9996659242761693,0.5,0.7532230257722654,0.26894286609177526,0.12199772317922503,0.2359109306965805,0.30040884978627164,0.0
2021-09-01 18:00:00,0.09483960948396096,-0.17131474103585675,0.746537602382725,0.6182824495625783,0.7746136027535302,0.9996659242761693,0.5,0.6507534629678977,0.26563258785024446,0.23180683368340374,0.2998012285350568,0.3410300610177422,0.0
2021-09-01 18:10:00,0.042538354253835425,-0.10756972111553798,0.7462397617274754,0.6136404213533297,0.7746136027535302,0.9996659242761693,0.5,0.6507534629678977,0.26563258785024446,0.23180683368340374,0.2998012285350568,0.3410300610177422,0.0
2021-09-01 18:20:00,0.07740585774058578,-0.043824701195219196,0.744452717795979,0.610426709516158,0.7746136027535302,0.9996659242761693,0.5,0.6507534629678977,0.26563258785024446,0.23180683368340374,0.2998012285350568,0.3410300610177422,0.0
2021-09-01 18:30:00,0.15341701534170155,0.019920318725099362,0.7405807892777363,0.6061417603999286,0.7746136027535302,0.9996659242761693,0.5,0.6507534629678977,0.26563258785024446,0.23180683368340374,0.2998012285350568,0.3410300610177422,0.0
2021-09-01 18:40:00,0.2175732217573222,0.08366533864541803,0.7405807892777363,0.5997143367255846,0.7551792281216054,0.9721603563474388,0.5,0.6507534629678977,0.26563258785024446,0.23180683368340374,0.2998012285350568,0.3410300610177422,0.0
2021-09-01 18:50:00,0.19316596931659694,0.14741035856573692,0.73849590469099,0.6036422067487948,0.7035112745547107,0.01403118040089087,0.5,0.6507534629678977,0.26563258785024446,0.23180683368340374,0.2998012285350568,0.3410300610177422,0.0398780874209756
2021-09-01 19:00:00,0.13668061366806136,0.027888446215139417,0.7379002233804914,0.6272094268880557,0.7252882438392378,0.00011135857461024499,0.5,0.6538233480298163,0.27913231630398133,0.21974921999802932,0.33775638751919995,0.3459681002380714,0.008954841045913363
2021-09-01 19:10:00,0.18688981868898188,0.24302788844621515,0.7319434102755025,0.6500624888412785,0.7133266152779051,0.07026726057906459,0.5,0.6538233480298163,0.27913231630398133,0.21974921999802932,0.33775638751919995,0.3459681002380714,0.004579265808651568
2021-09-01 19:20:00,0.30613668061366806,0.2669322709163344,0.7328369322412507,0.6397071951437245,0.7255630733794872,0.00033407572383073496,0.5,0.6538233480298163,0.27913231630398133,0.21974921999802932,0.33775638751919995,0.3459681002380714,0.13426226292680718
2021-09-01 19:30:00,0.2608089260808926,-0.3705179282868527,0.7358153387937452,0.6400642742367435,0.7315438876601537,0.00033407572383073496,0.5,0.6538233480298163,0.27913231630398133,0.21974921999802932,0.33775638751919995,0.3459681002380714,0.10590400893220876
2021-09-01 19:40:00,0.3207810320781032,0.1633466135458166,0.7188384214445271,0.6389930369576862,0.7276570127337687,0.00022271714922048998,0.5,0.6538233480298163,0.27913231630398133,0.21974921999802932,0.33775638751919995,0.3459681002380714,0.148505514733618
2021-09-01 19:50:00,0.300557880055788,0.13147410358565725,0.6807148175725986,0.5943581503302982,0.731465364934368,0.00022271714922048998,0.5,0.6538233480298163,0.27913231630398133,0.21974921999802932,0.33775638751919995,0.3459681002380714,0.1334097801650648
2021-09-01 20:00:00,0.23361227336122734,-0.14741035856573714,0.6646314221891287,0.5725763256561329,0.7439112169713785,0.00022271714922048998,0.5,0.6661597552950531,0.26721301583014145,0.21075099704434322,0.3187054554087777,0.34976922882205413,0.07928089684204175
2021-09-01 20:10:00,0.1771269177126918,-0.1394422310756973,0.6559940431868949,0.5597214783074451,0.7452984517935899,0.00033407572383073496,0.5,0.6661597552950531,0.26721301583014145,0.21075099704434322,0.3187054554087777,0.34976922882205413,0.04976839627623459
2021-09-01 20:20:00,0.15132496513249652,-0.0916334661354582,0.6494415487714069,0.5511515800749867,0.7452984517935899,0.00033407572383073496,0.5,0.6661597552950531,0.26721301583014145,0.21075099704434322,0.3187054554087777,0.34976922882205413,0.03540443894563725
2021-09-01 20:30:00,0.1387726638772664,-0.2828685258964144,0.6458674609084138,0.5536511337261203,0.7415424480768475,0.00033407572383073496,0.5,0.6661597552950531,0.26721301583014145,0.21075099704434322,0.3187054554087777,0.34976922882205413,0.024661647328635877
2021-09-01 20:40:00,0.11436541143654114,0.15537848605577675,0.645271779597915,0.5718621674700946,0.728782505136695,0.00033407572383073496,0.5,0.6661597552950531,0.26721301583014145,0.21075099704434322,0.3187054554087777,0.34976922882205413,0.013911311616397847
2021-09-01 20:50:00,0.09274755927475593,0.11553784860557759,0.6428890543559194,0.580432065702553,0.728782505136695,0.000556792873051225,0.5,0.6661597552950531,0.26721301583014145,0.21075099704434322,0.3187054554087777,0.34976922882205413,0.0
2021-09-01 21:00:00,0.07391910739191074,-0.3944223107569722,0.6411020104244229,0.5611497946795214,0.728782505136695,0.8779510022271716,0.5,0.6760044199514177,0.28152307281175476,0.19966756945641254,0.30589775463882385,0.33771053138853835,0.0
2021-09-01 21:10:00,0.11018131101813111,-0.36979355306048545,0.652122114668652,0.5690055347259417,0.728782505136695,0.9995545657015591,0.5,0.6760044199514177,0.28152307281175476,0.19966756945641254,0.30589775463882385,0.33771053138853835,0.0
2021-09-01 21:20:00,0.13458856345885634,-0.3451647953639986,0.6548026805658969,0.5754329584002855,0.728782505136695,0.9995545657015591,0.5,0.6760044199514177,0.28152307281175476,0.19966756945641254,0.30589775463882385,0.33771053138853835,0.0
2021-09-01 21:30:00,0.11715481171548117,-0.3205360376675118,0.6545048399106477,0.5700767720049991,0.728782505136695,0.9995545657015591,0.5,0.6760044199514177,0.28152307281175476,0.19966756945641254,0.30589775463882385,0.33771053138853835,0.0
2021-09-01 21:40:00,0.09344490934449094,-0.29590727997102506,0.6545048399106477,0.5647205856097126,0.728782505136695,0.9995545657015591,0.5,0.6760044199514177,0.28152307281175476,0.19966756945641254,0.30589775463882385,0.33771053138853835,0.0
2021-09-01 21:50:00,0.07810320781032079,-0.2712785222745383,0.6545048399106477,0.5575790037493304,0.728782505136695,0.9995545657015591,0.5,0.6760044199514177,0.28152307281175476,0.19966756945641254,0.30589775463882385,0.33771053138853835,0.0
2021-09-01 22:00:00,0.07880055788005579,-0.24664976457805154,0.6515264333581532,0.5511515800749867,0.728782505136695,0.9995545657015591,0.5,0.5937698430036724,0.295232567161004,0.24633681552235312,0.3684358093665175,0.30658011087544884,0.0
2021-09-01 22:10:00,0.09902370990237098,-0.22202100688156468,0.6485480268056589,0.5504374218889485,0.728782505136695,0.9995545657015591,0.5,0.5937698430036724,0.295232567161004,0.24633681552235312,0.3684358093665175,0.30658011087544884,0.0
2021-09-01 22:20:00,0.09135285913528592,-0.19739224918507792,0.6476545048399105,0.5472237100517765,0.728782505136695,0.9995545657015591,0.5,0.5937698430036724,0.295232567161004,0.24633681552235312,0.3684358093665175,0.30658011087544884,0.0
2021-09-01 22:30:00,0.1290097629009763,-0.17276349148859116,0.645271779597915,0.5468666309587575,0.728782505136695,0.9995545657015591,0.5,0.5937698430036724,0.295232567161004,0.24633681552235312,0.3684358093665175,0.30658011087544884,0.0
2021-09-01 22:40:00,0.24058577405857742,-0.1481347337921043,0.644676098287416,0.5468666309587575,0.6672076009998561,0.7297327394209354,0.5,0.5937698430036724,0.295232567161004,0.24633681552235312,0.3684358093665175,0.30658011087544884,0.01019207266472532
2021-09-01 22:50:00,0.299860529986053,-0.12350597609561753,0.6467609828741621,0.5700767720049991,0.6225805185117327,0.00044543429844097997,0.5,0.5937698430036724,0.295232567161004,0.24633681552235312,0.3684358093665175,0.30658011087544884,0.15379392549451545
2021-09-01 23:00:00,0.3277545327754533,0.17928286852589648,0.638719285182427,0.5736475629351903,0.6096242687571162,0.00044543429844097997,0.5,0.5557509231301339,0.30841046300792685,0.24198151126166487,0.4303096086029825,0.278971891415785,0.17261644310997784
2021-09-01 23:10:00,0.2398884239888424,0.5537848605577689,0.6247207743857035,0.5390108909123372,0.6194788708432032,0.00033407572383073496,0.5,0.5557509231301339,0.30841046300792685,0.24198151126166487,0.4303096086029825,0.278971891415785,0.0941276762677852
2021-09-01 23:20:00,0.27405857740585776,0.22709163346613526,0.6181682799702157,0.5218710944474201,0.6234704427373022,0.00033407572383073496,0.5,0.5557509231301339,0.30841046300792685,0.24198151126166487,0.4303096086029825,0.278971891415785,0.12206346092913078
2021-09-01 23:30:00,0.3926080892608089,0.21912350597609564,0.6128071481757258,0.5125870380289235,0.6347908023713863,0.00033407572383073496,0.5,0.5557509231301339,0.30841046300792685,0.24198151126166487,0.4303096086029825,0.278971891415785,0.24845723252410337
2021-09-01 23:40:00,0.36750348675034866,-0.09960159362549814,0.6050632911392404,0.5186573826102483,0.6304720524531808,0.00022271714922048998,0.5,0.5557509231301339,0.30841046300792685,0.24198151126166487,0.4303096086029825,0.278971891415785,0.21315086681654272
2021-09-01 23:50:00,0.4476987447698745,0.019920318725099362,0.5970215934475054,0.5154436707730763,0.6307992304772873,0.00022271714922048998,0.5,0.5557509231301339,0.30841046300792685,0.24198151126166487,0.4303096086029825,0.278971891415785,0.3510041190759992
2021-09-02 00:00:00,0.5271966527196652,0.019920318725099362,0.5883842144452716,0.507587930726656,0.6374474879271309,0.00022271714922048998,0.5,0.5566547585019526,0.30460594183450485,0.2557573295076049,0.49682128953023563,0.24453570010038378,0.4994794574286706
2021-09-02 00:10:00,0.5264993026499303,-0.09960159362549814,0.5836187639612807,0.5022317443313695,0.6391749878944131,0.00022271714922048998,0.5,0.5566547585019526,0.30460594183450485,0.2557573295076049,0.49682128953023563,0.24453570010038378,0.5043982075229718
2021-09-02 00:20:00,0.5202231520223152,-0.3466135458167332,0.5800446760982871,0.5036600607034458,0.6391749878944131,0.00022271714922048998,0.5,0.5566547585019526,0.30460594183450485,0.2557573295076049,0.49682128953023563,0.24453570010038378,0.45927697391251865
2021-09-02 00:30:00,0.500697350069735,-0.4900398406374503,0.5770662695457927,0.5047312979825032,0.6374474879271309,0.00022271714922048998,0.5,0.5566547585019526,0.30460594183450485,0.2557573295076049,0.49682128953023563,0.24453570010038378,0.434743576202906
2021-09-02 00:40:00,0.4456066945606694,0.03585657370517925,0.5740878629932984,0.5115158007498661,0.6279331509861147,0.00022271714922048998,0.5,0.5566547585019526,0.30460594183450485,0.2557573295076049,0.49682128953023563,0.24453570010038378,0.359596843550553
2021-09-02 00:50:00,0.5313807531380753,0.20318725099601576,0.5708116157855547,0.5065166934475986,0.6309562759288584,0.00022271714922048998,0.5,0.5566547585019526,0.30460594183450485,0.2557573295076049,0.49682128953023563,0.24453570010038378,0.5249407788523923
2021-09-02 01:00:00,0.5864714086471409,-0.3784860557768924,0.5708116157855547,0.5104445634708088,0.6391749878944131,0.00022271714922048998,0.5,0.509890425095131,0.3007698121014805,0.2967327482383299,0.5293183663870328,0.21987497203535453,0.6245605564524647
2021-09-02 01:10:00,0.5446304044630405,-0.08366533864541836,0.5708116157855547,0.5179432244242099,0.6350918061535642,0.00022271714922048998,0.5,0.509890425095131,0.3007698121014805,0.2967327482383299,0.5293183663870328,0.21987497203535453,0.5579235632270622
2021-09-02 01:20:00,0.5648535564853556,-0.38645418326693237,0.5708116157855547,0.5197286198893054,0.6391357265315203,0.00033407572383073496,0.5,0.509890425095131,0.3007698121014805,0.2967327482383299,0.5293183663870328,0.21987497203535453,0.5897747333162334
2021-09-02 01:30:00,0.6213389121338913,-0.3067729083665339,0.5681310498883096,0.5218710944474201,0.6391357265315203,0.00022271714922048998,0.5,0.509890425095131,0.3007698121014805,0.2967327482383299,0.5293183663870328,0.21987497203535453,0.7046562155800654
2021-09-02 01:40:00,0.5062761506276151,0.08366533864541825,0.5663440059568128,0.5236564899125158,0.6391357265315203,0.00022271714922048998,0.5,0.509890425095131,0.3007698121014805,0.2967327482383299,0.5293183663870328,0.21987497203535453,0.4785521372421806
2021-09-02 01:50:00,0.5146443514644351,-0.08366533864541836,0.5621742367833207,0.5257989644706302,0.6391357265315203,0.00022271714922048998,0.5,0.509890425095131,0.3007698121014805,0.2967327482383299,0.5293183663870328,0.21987497203535453,0.46708511248246
2021-09-02 02:00:00,0.5320781032078103,-0.31474103585657376,0.5612807148175725,0.5279414390287449,0.6391357265315203,0.00022271714922048998,0.5,0.5056317025117878,0.30019223751246515,0.31169820977769863,0.5445211677924817,0.20305258387919456,0.5086455331412104
2021-09-02 02:10:00,0.5585774058577406,-0.3545816733067729,0.5562174236783319,0.5290126763078022,0.6391357265315203,0.00044543429844097997,0.5,0.5056317025117878,0.30019223751246515,0.31169820977769863,0.5445211677924817,0.20305258387919456,0.5703411439866017
2021-09-02 02:20:00,0.5139470013947002,0.019920318725099362,0.5547282204020847,0.5347259417961079,0.6316498933399641,0.00022271714922048998,0.5,0.5056317025117878,0.30019223751246515,0.31169820977769863,0.5445211677924817,0.20305258387919456,0.48505514733618
2021-09-02 02:30:00,0.5571827057182706,-0.4103585657370519,0.552941176470588,0.5390108909123372,0.6390441166847705,0.00011135857461024499,0.5,0.5056317025117878,0.30019223751246515,0.31169820977769863,0.5445211677924817,0.20305258387919456,0.5591381625601641
2021-09-02 02:40:00,0.5446304044630405,-0.2270916334661356,0.5496649292628444,0.5279414390287449,0.6390441166847705,0.00011135857461024499,0.5,0.5056317025117878,0.30019223751246515,0.31169820977769863,0.5445211677924817,0.20305258387919456,0.5403533654208851
2021-09-02 02:50:00,0.5055788005578801,-0.17131474103585675,0.5463886820551005,0.5257989644706302,0.6390441166847705,0.00022271714922048998,0.5,0.5056317025117878,0.30019223751246515,0.31169820977769863,0.5445211677924817,0.20305258387919456,0.4581000950556
2021-09-02 03:00:00,0.50278940027894,-0.14741035856573714,0.5437081161578554,0.5257989644706302,0.6390441166847705,0.00022271714922048998,0.5,0.5043939360080956,0.29681874215173815,0.3165459332802997,0.579872491901593,0.208919562183119,0.47788825686135467
2021-09-02 03:10:00,0.5195258019525802,-0.0916334661354582,0.5389426656738645,0.5236564899125158,0.6359424690162412,0.00022271714922048998,0.5,0.5043939360080956,0.29681874215173815,0.3165459332802997,0.579872491901593,0.208919562183119,0.4819168037177301
2021-09-02 03:20:00,0.4867503486750349,-0.12350597609561753,0.5371556217423676,0.5329405463310124,0.6335344387588174,0.00022271714922048998,0.5,0.5043939360080956,0.29681874215173815,0.3165459332802997,0.579872491901593,0.208919562183119,0.40787150896992924
2021-09-02 03:30:00,0.4916317991631799,0.346613545816733,0.5347728965003722,0.5200856989823246,0.627854628260329,0.00022271714922048998,0.5,0.5043939360080956,0.29681874215173815,0.3165459332802997,0.579872491901593,0.208919562183119,0.4456598820103505
2021-09-02 03:40:00,0.5829846582984658,-0.1633466135458168,0.5300074460163811,0.5122299589359045,0.6384421091204147,0.00022271714922048998,0.5,0.5043939360080956,0.29681874215173815,0.3165459332802997,0.579872491901593,0.208919562183119,0.6153492161685049
2021-09-02 03:50:00,0.612970711297071,-0.3466135458167332,0.5294117647058822,0.5050883770755221,0.6390441166847705,0.00022271714922048998,0.5,0.5043939360080956,0.29681874215173815,0.3165459332802997,0.579872491901593,0.208919562183119,0.7232524103384281
2021-09-02 04:00:00,0.6297071129707112,-0.2509960159362551,0.5294117647058822,0.5040171397964648,0.6390441166847705,0.00044543429844097997,0.5,0.46175808137019825,0.29551129718654984,0.33133854716921074,0.6048299122729608,0.2263789874977851,0.7361980777645337
2021-09-02 04:10:00,0.6052998605299861,-0.0916334661354582,0.5294117647058822,0.5040171397964648,0.6390441166847705,0.00022271714922048998,0.5,0.46175808137019825,0.29551129718654984,0.33133854716921074,0.6048299122729608,0.2263789874977851,0.7091524963411138
2021-09-02 04:20:00,0.5460251046025105,0.06772908366533859,0.5288160833953832,0.5047312979825032,0.6390441166847705,0.00033407572383073496,0.5,0.46175808137019825,0.29551129718654984,0.33133854716921074,0.6048299122729608,0.2263789874977851,0.574550749128657
2021-09-02 04:30:00,0.5306834030683404,0.2669322709163344,0.5261355174981384,0.5079450098196749,0.6415044954260513,0.00022271714922048998,0.5,0.46175808137019825,0.29551129718654984,0.33133854716921074,0.6048299122729608,0.2263789874977851,0.5281998279946286
2021-09-02 04:40:00,0.5439330543933054,-0.13147410358565736,0.5261355174981384,0.5236564899125158,0.6420148931436573,0.00022271714922048998,0.5,0.46175808137019825,0.29551129718654984,0.33133854716921074,0.6048299122729608,0.2263789874977851,0.5552831298942318
2021-09-02 04:50:00,0.5557880055788006,0.09960159362549792,0.5237527922561427,0.5147295125870381,0.6390572038057348,0.00022271714922048998,0.5,0.46175808137019825,0.29551129718654984,0.33133854716921074,0.6048299122729608,0.2263789874977851,0.5911703909350152
2021-09-02 05:00:00,0.5055788005578801,0.20318725099601576,0.5207743857036482,0.5079450098196749,0.6390441166847705,0.00022271714922048998,0.5,0.45960837469394367,0.29308893211918247,0.33579568317114444,0.5849202297087687,0.2401841784271614,0.462890595530878
2021-09-02 05:10:00,0.5188284518828452,0.19521912350597592,0.5204765450483988,0.5097304052847706,0.6443836620381882,0.00022271714922048998,0.5,0.45960837469394367,0.29308893211918247,0.33579568317114444,0.5849202297087687,0.2401841784271614,0.4948021183819425
2021-09-02 05:20:00,0.48465829846582986,-0.059760956175298974,0.5204765450483988,0.514372433494019,0.6503121278349975,0.00022271714922048998,0.5,0.45960837469394367,0.29308893211918247,0.33579568317114444,0.5849202297087687,0.2401841784271614,0.42633945410926866
2021-09-02 05:30:00,0.500697350069735,-0.12350597609561753,0.5189873417721518,0.5054454561685413,0.6503121278349975,0.00022271714922048998,0.5,0.45960837469394367,0.29308893211918247,0.33579568317114444,0.5849202297087687,0.2401841784271614,0.4527211551518627
2021-09-02 05:40:00,0.4686192468619247,-0.03585657370517936,0.5145197319434103,0.5079450098196749,0.6431011241836908,0.00022271714922048998,0.5,0.45960837469394367,0.29308893211918247,0.33579568317114444,0.5849202297087687,0.2401841784271614,0.3975511866861808
2021-09-02 05:50:00,0.47419804741980476,0.2669322709163344,0.5115413253909158,0.5040171397964648,0.6390441166847705,0.00022271714922048998,0.5,0.45960837469394367,0.29308893211918247,0.33579568317114444,0.5849202297087687,0.2401841784271614,0.39856963954312963
2021-09-02 06:00:00,0.5488145048814504,0.03585657370517925,0.5112434847356664,0.49009105516871987,0.6390441166847705,0.00022271714922048998,0.5,0.43950366600483015,0.31432413715815993,0.3988829197480914,0.5727272769501532,0.20937184176274484,0.5596964256076769
2021-09-02 06:10:00,0.5146443514644351,0.09960159362549792,0.510349962769918,0.48544902695947156,0.6420672416275144,0.00022271714922048998,0.5,0.43950366600483015,0.31432413715815993,0.3988829197480914,0.5727272769501532,0.20937184176274484,0.48629237895499194
2021-09-02 06:20:00,0.5230125523012552,-0.11553784860557781,0.5079672375279223,0.48901981788966253,0.6503121278349975,0.00022271714922048998,0.5,0.43950366600483015,0.31432413715815993,0.3988829197480914,0.5727272769501532,0.20937184176274484,0.5107654239027113
2021-09-02 06:30:00,0.47489539748953974,0.17131474103585642,0.5061801935964259,0.48544902695947156,0.6503121278349975,0.00022271714922048998,0.5,0.43950366600483015,0.31432413715815993,0.3988829197480914,0.5727272769501532,0.20937184176274484,0.4019418501139158
2021-09-02 06:40:00,0.44002789400278935,-0.11553784860557781,0.5055845122859268,0.48866273879664335,0.66113517687244,0.00033407572383073496,0.5,0.43950366600483015,0.31432413715815993,0.3988829197480914,0.5727272769501532,0.20937184176274484,0.33487484346002383
2021-09-02 06:50:00,0.34309623430962344,-0.298804780876494,0.5037974683544302,0.48544902695947156,0.6608079988483334,0.00022271714922048998,0.5,0.43950366600483015,0.31432413715815993,0.3988829197480914,0.5727272769501532,0.20937184176274484,0.1886929100592966
2021-09-02 07:00:00,0.27615062761506276,-0.15537848605577698,0.5023082650781829,0.48580610605249075,0.6502990407140333,0.00022271714922048998,0.5,0.43745168388075184,0.3314703439873325,0.4383848851767859,0.44938114472119695,0.1878049488268186,0.12231241607194049
2021-09-02 07:10:00,0.28172942817294283,0.09163346613545809,0.5023082650781829,0.4768791287270131,0.6502990407140333,0.00033407572383073496,0.5,0.43745168388075184,0.3314703439873325,0.4383848851767859,0.44938114472119695,0.1878049488268186,0.12066780331034899
2021-09-02 07:20:00,0.30474198047419804,-0.2749003984063746,0.5023082650781829,0.4686663095875736,0.6502990407140333,0.00022271714922048998,0.5,0.43745168388075184,0.3314703439873325,0.4383848851767859,0.44938114472119695,0.1878049488268186,0.1413838888302126
2021-09-02 07:30:00,0.3591352859135286,0.22709163346613526,0.5011169024571853,0.4608105695411533,0.6502990407140333,0.00033407572383073496,0.5,0.43745168388075184,0.3314703439873325,0.4383848851767859,0.44938114472119695,0.1878049488268186,0.21030674291232251
2021-09-02 07:40:00,0.46164574616457466,-0.03585657370517936,0.496947133283693,0.4511694340296377,0.6502990407140333,0.00022271714922048998,0.5,0.43745168388075184,0.3314703439873325,0.4383848851767859,0.44938114472119695,0.1878049488268186,0.3698643571676449
2021-09-02 07:50:00,0.41143654114365413,-0.13147410358565736,0.49635145197319397,0.4479557221924655,0.6404967871118032,0.00022271714922048998,0.5,0.43745168388075184,0.3314703439873325,0.4383848851767859,0.44938114472119695,0.1878049488268186,0.30636570756069226
2021-09-02 08:00:00,0.5104602510460251,0.10756972111553775,0.49635145197319397,0.4483128012854847,0.6393451204669485,0.00033407572383073496,0.5,0.43175167424170935,0.33838974503386365,0.43394524952390806,0.409796885877426,0.19259728091719142,0.5061937021892965
2021-09-02 08:10:00,0.5864714086471409,-0.3227091633466136,0.49635145197319397,0.44724156400642756,0.6501681695043906,0.00044543429844097997,0.5,0.43175167424170935,0.33838974503386365,0.43394524952390806,0.409796885877426,0.19259728091719142,0.649146762828734
2021-09-02 08:20:00,0.4895397489539749,0.08366533864541825,0.49635145197319397,0.4543831458668095,0.6409024878616953,0.00033407572383073496,0.5,0.43175167424170935,0.33838974503386365,0.43394524952390806,0.409796885877426,0.19259728091719142,0.4468443049625058
2021-09-02 08:30:00,0.50697350069735,0.22709163346613526,0.49635145197319397,0.4565256204249242,0.6489379801337504,0.00033407572383073496,0.5,0.43175167424170935,0.33838974503386365,0.43394524952390806,0.409796885877426,0.19259728091719142,0.47689998038535236
2021-09-02 08:40:00,0.5369595536959554,0.2111553784860556,0.49754281459419203,0.4572397786109621,0.653570820955098,0.0032293986636971047,0.5,0.43175167424170935,0.33838974503386365,0.43394524952390806,0.409796885877426,0.19259728091719142,0.5343708978982151
2021-09-02 08:50:00,0.5760111576011158,0.019920318725099362,0.5034996276991808,0.4686663095875736,0.650639305859104,0.017037861915367485,0.5,0.43175167424170935,0.33838974503386365,0.43394524952390806,0.409796885877426,0.19259728091719142,0.5903103640780362
2021-09-02 09:00:00,0.6429567642956765,0.25099601593625476,0.5094564408041697,0.46509551865738263,0.6501289081414979,0.03418708240534521,0.5,0.4350495276702233,0.35221417959983525,0.390889445095635,0.5219181282448077,0.2063207883463748,0.6844380403458213
2021-09-02 09:10:00,0.6241283124128312,-0.02788844621513953,0.5133283693224122,0.4686663095875736,0.6568687754380913,0.04599109131403118,0.5,0.4350495276702233,0.35221417959983525,0.390889445095635,0.5219181282448077,0.2063207883463748,0.5944294400772516
2021-09-02 09:20:00,0.7377963737796374,0.05976095617529875,0.5222635889798957,0.48723442242456705,0.6625747601785082,0.07271714922048998,0.5,0.4350495276702233,0.35221417959983525,0.390889445095635,0.5219181282448077,0.2063207883463748,0.6653137589208926
2021-09-02 09:30:00,0.7761506276150628,0.01195219123505975,0.5282204020848844,0.48294947330833793,0.667966654015783,0.08741648106904232,0.5,0.4350495276702233,0.35221417959983525,0.390889445095635,0.5219181282448077,0.2063207883463748,0.6867767098691854
2021-09-02 09:40:00,0.8117154811715481,0.2111553784860556,0.5326880119136261,0.4790216032851278,0.6679928282577116,0.10066815144766146,0.5,0.4350495276702233,0.35221417959983525,0.390889445095635,0.5219181282448077,0.2063207883463748,0.6723373115862216
2021-09-02 09:50:00,0.8005578800557881,0.11553784860557759,0.5365599404318686,0.4790216032851278,0.672717278925809,0.11091314031180402,0.5,0.4350495276702233,0.35221417959983525,0.390889445095635,0.5219181282448077,0.2063207883463748,0.5641021772258853
2021-09-02 10:00:00,0.9058577405857741,-0.298804780876494,0.5362620997766194,0.47937868237814674,0.6780437371582626,0.13184855233853007,0.5,0.6183368281812258,0.3457545394201848,0.31696277130455086,0.6507865413985352,0.2482015095173412,0.5762858910330884
2021-09-02 10:10:00,0.8270571827057183,-0.043824701195219196,0.5380491437081161,0.4786645241921086,0.6781091727630838,0.1297327394209354,0.5,0.6183368281812258,0.3457545394201848,0.31696277130455086,0.6507865413985352,0.2482015095173412,0.4793970759086863
2021-09-02 10:20:00,0.8165969316596933,0.1394422310756971,0.5401340282948621,0.47652204963399414,0.6781091727630838,0.13273942093541202,0.5,0.6183368281812258,0.3457545394201848,0.31696277130455086,0.6507865413985352,0.2482015095173412,0.4590129305792357
2021-09-02 10:30:00,0.8654114365411437,-0.1633466135458168,0.5422189128816082,0.47795036600607044,0.6781091727630838,0.15734966592427618,0.5,0.6183368281812258,0.3457545394201848,0.31696277130455086,0.6507865413985352,0.2482015095173412,0.37887955097545156
2021-09-02 10:40:00,0.8465829846582985,-0.29083665338645437,0.5443037974683544,0.4754508123549366,0.6781091727630838,0.15434298440979954,0.5,0.6183368281812258,0.3457545394201848,0.31696277130455086,0.6507865413985352,0.2482015095173412,0.3633764352641188
2021-09-02 10:50:00,0.8040446304044631,-0.0916334661354582,0.5443037974683544,0.4690233886805928,0.6781091727630838,0.12082405345211582,0.5,0.6183368281812258,0.3457545394201848,0.31696277130455086,0.6507865413985352,0.2482015095173412,0.48630746714546524
2021-09-02 11:00:00,0.7656903765690377,0.019920318725099362,0.5443037974683544,0.46973754686663094,0.6790907068354033,0.10356347438752785,0.5,0.6236948018876514,0.34290402204553483,0.3080898407049749,0.6399007633089105,0.2786883209237306,0.5531632391327308
2021-09-02 11:10:00,0.7308228730822873,-0.043824701195219196,0.5469843633655993,0.48294947330833793,0.6754786614492677,0.07583518930957683,0.5,0.6236948018876514,0.34290402204553483,0.3080898407049749,0.6399007633089105,0.2786883209237306,0.633824705403081
2021-09-02 11:20:00,0.7719665271966527,0.11553784860557759,0.5517498138495904,0.4954472415640063,0.6735025061836646,0.05757238307349666,0.5,0.6236948018876514,0.34290402204553483,0.3080898407049749,0.6399007633089105,0.2786883209237306,0.8423284095538423
2021-09-02 11:30:00,0.7719665271966527,0.043824701195219085,0.5594936708860758,0.5061596143545797,0.6809621651332923,0.05968819599109132,0.5,0.6236948018876514,0.34290402204553483,0.3080898407049749,0.6399007633089105,0.2786883209237306,0.8106507536551141
2021-09-02 11:40:00,0.7573221757322175,-0.12350597609561753,0.5663440059568128,0.5161578289591144,0.6775987750454777,0.05924276169265034,0.5,0.6236948018876514,0.34290402204553483,0.3080898407049749,0.6399007633089105,0.2786883209237306,0.8070899407034114
2021-09-02 11:50:00,0.8186889818688982,0.22709163346613526,0.5746835443037972,0.5275843599357259,0.6871000248655298,0.0680400890868597,0.5,0.6236948018876514,0.34290402204553483,0.3080898407049749,0.6399007633089105,0.2786883209237306,0.8902635906875688
2021-09-02 12:00:00,0.7845188284518828,-0.1872509960159363,0.581831720029784,0.545438314586681,0.6900838884453808,0.06915367483296214,0.5,0.6242729443406978,0.3341340835098145,0.3016934631250526,0.5978230850122951,0.289837074318537,0.7260739019569383
2021-09-02 12:10:00,0.7287308228730822,0.027888446215139417,0.5880863737900222,0.5625781110515979,0.6835534150842157,0.08028953229398664,0.5,0.6242729443406978,0.3341340835098145,0.3016934631250526,0.5978230850122951,0.289837074318537,0.5431974893251053
2021-09-02 12:20:00,0.7029288702928871,-0.15537848605577698,0.5982129560685032,0.5732904838421709,0.6812762560364346,0.07939866369710467,0.5,0.6242729443406978,0.3341340835098145,0.3016934631250526,0.5978230850122951,0.289837074318537,0.5488555607525989
2021-09-02 12:30:00,0.7308228730822873,0.05179282868525892,0.6038719285182426,0.5793608284234957,0.6893771839133109,0.07806236080178174,0.5,0.6242729443406978,0.3341340835098145,0.3016934631250526,0.5978230850122951,0.289837074318537,0.5811367442702597
2021-09-02 12:40:00,0.7649930264993027,-0.08366533864541836,0.6110201042442291,0.586859489376897,0.701155592781144,0.08930957683741649,0.5,0.6242729443406978,0.3341340835098145,0.3016934631250526,0.5978230850122951,0.289837074318537,0.5868853448405933
2021-09-02 12:50:00,0.694560669456067,-0.02788844621513953,0.6137006701414742,0.5915015175861453,0.6973734148224732,0.04354120267260579,0.5,0.6242729443406978,0.3341340835098145,0.3016934631250526,0.5978230850122951,0.289837074318537,0.7369223109072529
2021-09-02 13:00:00,0.6652719665271966,0.043824701195219085,0.6151898734177212,0.5975718621674699,0.6951616913795134,0.03329621380846325,0.5,0.6999036762775817,0.3181688874074379,0.24080531026533702,0.5991979843949193,0.2972170075724907,0.6767430632044299
2021-09-02 13:10:00,0.6868898186889818,-0.07569721115537853,0.6181682799702157,0.6064988394929476,0.6922170891625552,0.019487750556792874,0.5,0.6999036762775817,0.3181688874074379,0.24080531026533702,0.5991979843949193,0.2972170075724907,0.8093154487982256
2021-09-02 13:20:00,0.7071129707112971,-0.21115537848605592,0.6211466865227102,0.6129262631672916,0.7009069374828232,0.0089086859688196,0.5,0.6999036762775817,0.3181688874074379,0.24080531026533702,0.5991979843949193,0.2972170075724907,0.8962158818292922
2021-09-02 13:30:00,0.6185495118549511,0.10756972111553775,0.6262099776619507,0.62542403142296,0.6886050437764195,0.005679287305122495,0.5,0.6999036762775817,0.3181688874074379,0.24080531026533702,0.5991979843949193,0.2972170075724907,0.6912277260588138
2021-09-02 13:40:00,0.599721059972106,-0.05179282868525903,0.6279970215934472,0.6368505623995715,0.6940623732185157,0.013028953229398663,0.5,0.6999036762775817,0.3181688874074379,0.24080531026533702,0.5991979843949193,0.2972170075724907,0.6371290191167374
2021-09-02 13:50:00,0.5878661087866108,-0.08366533864541836,0.6303797468354431,0.6464916979110873,0.69893078221722,0.0026726057906458797,0.5,0.6999036762775817,0.3181688874074379,0.24080531026533702,0.5991979843949193,0.2972170075724907,0.6309428610226776
2021-09-02 14:00:00,0.6457461645746164,0.03585657370517925,0.6303797468354431,0.6493483306552401,0.6933949300493385,0.0014476614699331849,0.5,0.7009541318307542,0.28612068148054587,0.2350847251500433,0.5839230825234141,0.3008253016752145,0.7696108755676931
2021-09-02 14:10:00,0.6422594142259415,-0.07569721115537853,0.6303797468354431,0.6507766470273164,0.6882778657523131,0.0027839643652561247,0.5,0.7009541318307542,0.28612068148054587,0.2350847251500433,0.5839230825234141,0.3008253016752145,0.7645336994734221
2021-09-02 14:20:00,0.6548117154811716,0.08366533864541825,0.6360387192851822,0.6539903588644886,0.7006059337006453,0.00155902004454343,0.5,0.7009541318307542,0.28612068148054587,0.2350847251500433,0.5839230825234141,0.3008253016752145,0.7950344765152315
2021-09-02 14:30:00,0.5606694560669455,-0.2509960159362551,0.6360387192851822,0.660060703445813,0.6980146837497219,0.0006681514476614699,0.5,0.7009541318307542,0.28612068148054587,0.2350847251500433,0.5839230825234141,0.3008253016752145,0.5567466843701435
2021-09-02 14:40:00,0.5585774058577406,-0.08366533864541836,0.6354430379746834,0.6689876807712907,0.6949130360811925,0.0012249443207126948,0.5,0.7009541318307542,0.28612068148054587,0.2350847251500433,0.5839230825234141,0.3008253016752145,0.5833622523650739
2021-09-02 14:50:00,0.5899581589958159,0.027888446215139417,0.63723008190618,0.669701838957329,0.692714399759197,0.0010022271714922048,0.5,0.7009541318307542,0.28612068148054587,0.2350847251500433,0.5839230825234141,0.3008253016752145,0.6504518913046758
2021-09-02 15:00:00,0.5376569037656904,0.1633466135458166,0.6363365599404316,0.6704159971433674,0.7161272591642565,0.0008908685968819599,0.5,0.7119225287778792,0.2728249719114843,0.22229818388225464,0.5264706918041635,0.312269051932279,0.5457172171341491
2021-09-02 15:10:00,0.5669456066945607,-0.2589641434262948,0.635740878629933,0.6707730762363864,0.7249087173312743,0.00033407572383073496,0.5,0.7119225287778792,0.2728249719114843,0.22229818388225464,0.5264706918041635,0.312269051932279,0.5792884409372784
2021-09-02 15:20:00,0.5083682008368201,0.1633466135458166,0.6330603127326879,0.6725584717014819,0.7297640392090144,0.0006681514476614699,0.5,0.7119225287778792,0.2728249719114843,0.22229818388225464,0.5264706918041635,0.312269051932279,0.4465953498196962
2021-09-02 15:30:00,0.5669456066945607,-0.11553784860557781,0.6321667907669395,0.6675593643992144,0.7388203269162816,0.00022271714922048998,0.5,0.7119225287778792,0.2728249719114843,0.22229818388225464,0.5264706918041635,0.312269051932279,0.5753428791285061
2021-09-02 15:40:00,0.5348675034867504,0.10756972111553775,0.6285927029039462,0.6593465452597751,0.727068092290377,0.00044543429844097997,0.5,0.7119225287778792,0.2728249719114843,0.22229818388225464,0.5264706918041635,0.312269051932279,0.5182114459012931
2021-09-02 15:50:00,0.5474198047419805,-0.17131474103585675,0.6274013402829486,0.6575611497946796,0.7298556490557643,0.00033407572383073496,0.5,0.7119225287778792,0.2728249719114843,0.22229818388225464,0.5264706918041635,0.312269051932279,0.5394556180877228
2021-09-02 16:00:00,0.5055788005578801,0.17131474103585642,0.6268056589724496,0.6572040707016604,0.7265707816937352,0.00033407572383073496,0.5,0.7193162416538061,0.26122750404445844,0.20726094554893204,0.442133931342416,0.3252439260711141,0.4366069677263606
2021-09-02 16:10:00,0.5258019525801952,-0.15537848605577698,0.627103499627699,0.6532762006784503,0.7226184711625289,0.00044543429844097997,0.5,0.7193162416538061,0.26122750404445844,0.20726094554893204,0.442133931342416,0.3252439260711141,0.48972494228767144
2021-09-02 16:20:00,0.49581589958159,-0.01195219123505975,0.6274013402829486,0.6507766470273164,0.7247647590006674,0.00022271714922048998,0.5,0.7193162416538061,0.26122750404445844,0.20726094554893204,0.442133931342416,0.3252439260711141,0.4219865111577169
2021-09-02 16:30:00,0.4825662482566248,0.06772908366533859,0.6274013402829486,0.6507766470273164,0.7181557629137166,0.00033407572383073496,0.5,0.7193162416538061,0.26122750404445844,0.20726094554893204,0.442133931342416,0.3252439260711141,0.3960574558293224
2021-09-02 16:40:00,0.48117154811715485,-0.0916334661354582,0.6253164556962023,0.6475629351901446,0.733022732329115,0.00022271714922048998,0.5,0.7193162416538061,0.26122750404445844,0.20726094554893204,0.442133931342416,0.3252439260711141,0.38919232916396335
2021-09-02 16:50:00,0.4721059972105997,0.2111553784860556,0.621742367833209,0.6429209069808963,0.7265184332098781,0.00022271714922048998,0.5,0.7193162416538061,0.26122750404445844,0.20726094554893204,0.442133931342416,0.3252439260711141,0.38350408135552305
2021-09-02 17:00:00,0.5292887029288703,-0.24302788844621515,0.6199553239017124,0.6382788787716478,0.7403122587062073,0.00022271714922048998,0.5,0.7279313446664906,0.25642300298557136,0.19757741907134782,0.36469309451536436,0.3516992080771304,0.48074746895604814
2021-09-02 17:10:00,0.4735006973500697,0.027888446215139417,0.6154877140729709,0.6297089805391896,0.7333891717161142,0.00044543429844097997,0.5,0.7279313446664906,0.25642300298557136,0.19757741907134782,0.36469309451536436,0.3516992080771304,0.3755978695475052
2021-09-02 17:20:00,0.4170153417015342,-0.13147410358565736,0.6154877140729709,0.6289948223531512,0.7353915012236457,0.00022271714922048998,0.5,0.7279313446664906,0.25642300298557136,0.19757741907134782,0.36469309451536436,0.3516992080771304,0.27569896042367636
2021-09-02 17:30:00,0.32147838214783825,0.38645418326693215,0.6119136262099774,0.6286377432601322,0.7580453076127783,0.00033407572383073496,0.5,0.7279313446664906,0.25642300298557136,0.19757741907134782,0.36469309451536436,0.3516992080771304,0.1945094074867601
2021-09-02 17:40:00,0.41562064156206413,-0.03585657370517936,0.5949367088607593,0.6164970540974826,0.7702425043514677,0.00022271714922048998,0.5,0.7279313446664906,0.25642300298557136,0.19757741907134782,0.36469309451536436,0.3516992080771304,0.35376525793261615
2021-09-02 17:50:00,0.36959553695955366,-0.2270916334661356,0.5862993298585255,0.6018568112836993,0.7550090955490701,0.00033407572383073496,0.5,0.7279313446664906,0.25642300298557136,0.19757741907134782,0.36469309451536436,0.3516992080771304,0.22657181224255774
2021-09-02 18:00:00,0.39121338912133896,-0.11553784860557781,0.590766939687267,0.6000714158186038,0.7477326562929422,0.00033407572383073496,0.5,0.6587497661114601,0.24788294488329143,0.24285094889302053,0.4198750392983025,0.48027071544905886,0.25262911718997544
2021-09-02 18:10:00,0.2594142259414226,-0.03585657370517936,0.5949367088607593,0.5965006248884128,0.7413723155043122,0.00033407572383073496,0.5,0.6587497661114601,0.24788294488329143,0.24285094889302053,0.4198750392983025,0.48027071544905886,0.10324094331366838
2021-09-02 18:20:00,0.22454672245467225,0.22709163346613526,0.5973194341027548,0.5950723085163365,0.7298033005719071,0.00022271714922048998,0.5,0.6587497661114601,0.24788294488329143,0.24285094889302053,0.4198750392983025,0.48027071544905886,0.07996740950857764
2021-09-02 18:30:00,0.21687587168758715,0.4422310756972112,0.5976172747580044,0.5882878057489733,0.7298033005719071,0.00022271714922048998,0.5,0.6587497661114601,0.24788294488329143,0.24285094889302053,0.4198750392983025,0.48027071544905886,0.07230260874813284
2021-09-02 18:40:00,0.20641562064156208,0.6334661354581672,0.5976172747580044,0.5822174611676485,0.7298033005719071,0.00022271714922048998,0.5,0.6587497661114601,0.24788294488329143,0.24285094889302053,0.4198750392983025,0.48027071544905886,0.06839476741554386
2021-09-02 18:50:00,0.2294281729428173,0.4422310756972112,0.5976172747580044,0.576861274772362,0.7298033005719071,0.00033407572383073496,0.5,0.6587497661114601,0.24788294488329143,0.24285094889302053,0.4198750392983025,0.48027071544905886,0.08252485779380479
2021-09-02 19:00:00,0.23430962343096234,0.20318725099601576,0.5976172747580044,0.5747188002142476,0.7322244179502951,0.00022271714922048998,0.5,0.6721773196990348,0.28274431261440236,0.23168192177166433,0.5364859121411255,0.5822750051236729,0.08250222550809481
2021-09-02 19:10:00,0.20641562064156208,0.5139442231075697,0.5976172747580044,0.5725763256561329,0.7566711599115311,0.00022271714922048998,0.5,0.6721773196990348,0.28274431261440236,0.23168192177166433,0.5364859121411255,0.5822750051236729,0.07608220046169863
2021-09-02 19:20:00,0.3528591352859135,0.4262948207171313,0.5976172747580044,0.5743617211212282,0.8197772572011882,0.00022271714922048998,0.5,0.6721773196990348,0.28274431261440236,0.23168192177166433,0.5364859121411255,0.5822750051236729,0.20762104500807219
2021-09-02 19:30:00,0.3186889818688982,0.11553784860557759,0.5952345495160087,0.5636493483306553,0.8062059127612516,0.00033407572383073496,0.5,0.6721773196990348,0.28274431261440236,0.23168192177166433,0.5364859121411255,0.5822750051236729,0.1498106432095599
2021-09-02 19:40:00,0.3451882845188285,0.1633466135458166,0.5940431868950109,0.5550794500981968,0.8123175982515607,0.00033407572383073496,0.5,0.6721773196990348,0.28274431261440236,0.23168192177166433,0.5364859121411255,0.5822750051236729,0.18747076663095796
2021-09-02 19:50:00,0.3926080892608089,-0.003984063745020028,0.58927773641102,0.5482949473308338,0.8131813482352017,0.00022271714922048998,0.5,0.6721773196990348,0.28274431261440236,0.23168192177166433,0.5364859121411255,0.5822750051236729,0.2660123421398072
2021-09-02 20:00:00,0.40585774058577406,-0.06772908366533881,0.5857036485480267,0.5486520264238528,0.8051720302050752,0.00022271714922048998,0.5,0.6789114418774052,0.2733422028867241,0.22955626343199348,0.5856574716655109,0.6889894134867627,0.2696712283295864
2021-09-02 20:10:00,0.39400278940027894,-0.003984063745020028,0.5836187639612807,0.5468666309587575,0.7952912538770597,0.00033407572383073496,0.5,0.6789114418774052,0.2733422028867241,0.22955626343199348,0.5856574716655109,0.6889894134867627,0.2640885978544593
2021-09-02 20:20:00,0.6338912133891214,0.17928286852589648,0.5794489947877883,0.542581681842528,0.8264386017719961,0.0017817371937639199,0.5,0.6789114418774052,0.2733422028867241,0.22955626343199348,0.5856574716655109,0.6889894134867627,0.7376691763356821
2021-09-02 20:30:00,0.6108786610878661,0.09163346613545809,0.5746835443037972,0.5365113372612034,0.8255094161835337,0.0016703786191536749,0.5,0.6789114418774052,0.2733422028867241,0.22955626343199348,0.5856574716655109,0.6889894134867627,0.7122380312929071
2021-09-02 20:40:00,0.6032078103207811,-0.10756972111553798,0.5669396872673118,0.5390108909123372,0.8426928060096059,0.00022271714922048998,0.5,0.6789114418774052,0.2733422028867241,0.22955626343199348,0.5856574716655109,0.6889894134867627,0.6962973580578482
2021-09-02 20:50:00,0.5697350069735007,-0.019920318725099695,0.5621742367833207,0.545438314586681,0.8294486395937757,0.0017817371937639199,0.5,0.6789114418774052,0.2733422028867241,0.22955626343199348,0.5856574716655109,0.6889894134867627,0.6100306290266608
2021-09-02 21:00:00,0.5083682008368201,-0.03585657370517936,0.5565152643335813,0.549009105516872,0.8432424650901049,0.00022271714922048998,0.5,0.6753937248830388,0.29297973891329737,0.21387100492710914,0.6612469674220768,0.7177642236356462,0.4493489445810764
2021-09-02 21:10:00,0.5313807531380753,0.043824701195219085,0.5526433358153384,0.5507945009819675,0.8261375979898182,0.00022271714922048998,0.5,0.6753937248830388,0.29297973891329737,0.21387100492710914,0.6612469674220768,0.7177642236356462,0.5414170828492538
2021-09-02 21:20:00,0.5864714086471409,0.06772908366533859,0.5475800446760981,0.5450812354936618,0.8312023138029865,0.000556792873051225,0.5,0.6753937248830388,0.29297973891329737,0.21387100492710914,0.6612469674220768,0.7177642236356462,0.6985153220574256
2021-09-02 21:30:00,0.5801952580195259,0.05179282868525892,0.5454951600893521,0.5275843599357259,0.8296711206501682,0.00011135857461024499,0.5,0.6753937248830388,0.29297973891329737,0.21387100492710914,0.6612469674220768,0.7177642236356462,0.6515231528282813
2021-09-02 21:40:00,0.5230125523012552,-0.003984063745020028,0.5407297096053609,0.5390108909123372,0.8212691889911138,0.00011135857461024499,0.5,0.6753937248830388,0.29297973891329737,0.21387100492710914,0.6612469674220768,0.7177642236356462,0.5171854489491076
2021-09-02 21:50:00,0.5139470013947002,-0.12350597609561753,0.5362620997766194,0.542581681842528,0.8255617646673908,0.0006681514476614699,0.5,0.6753937248830388,0.29297973891329737,0.21387100492710914,0.6612469674220768,0.7177642236356462,0.512470389426196
2021-09-02 22:00:00,0.6150627615062761,-0.01195219123505975,0.5332836932241249,0.5407962863774327,0.8187172004030834,0.00033407572383073496,0.5,0.5910419938743716,0.3120770559212905,0.3133010134857944,0.7557248867151014,0.6793602297824514,0.7018875326282119
2021-09-02 22:10:00,0.5034867503486751,-0.17131474103585675,0.5282204020848844,0.5382967327262989,0.820065173862402,0.00033407572383073496,0.5,0.5910419938743716,0.3120770559212905,0.3133010134857944,0.7557248867151014,0.6793602297824514,0.49075848333509364
2021-09-02 22:20:00,0.5523012552301255,0.003984063745019917,0.5261355174981384,0.5325834672379934,0.8123437724934892,0.000556792873051225,0.5,0.5910419938743716,0.3120770559212905,0.3133010134857944,0.7557248867151014,0.6793602297824514,0.5971830348386319
2021-09-02 22:30:00,0.6645746164574616,0.15537848605577675,0.5237527922561427,0.5247277271915729,0.8225124654827185,0.0014476614699331849,0.5,0.5910419938743716,0.3120770559212905,0.3133010134857944,0.7557248867151014,0.6793602297824514,0.8385488178402765
2021-09-02 22:40:00,0.7370990237099024,0.10756972111553775,0.5252419955323901,0.5193715407962862,0.8333616887620892,0.005567928730512249,0.5,0.5910419938743716,0.3120770559212905,0.3133010134857944,0.7557248867151014,0.6793602297824514,0.8760184528569489
2021-09-02 22:50:00,0.7580195258019525,-0.03585657370517936,0.5294117647058822,0.5204427780753438,0.8527960633940139,0.01135857461024499,0.5,0.5910419938743716,0.3120770559212905,0.3133010134857944,0.7557248867151014,0.6793602297824514,0.9134880878736213
2021-09-02 23:00:00,0.7294281729428174,-0.07569721115537853,0.5273268801191362,0.5168719871451526,0.8473125597099894,0.007683741648106904,0.5,0.5097194238053671,0.31713155195154175,0.4038409715382185,0.9508497225442161,0.6558118840458331,0.9509577228902938
2021-09-02 23:10:00,0.7440725244072525,-0.10756972111553798,0.5213700670141472,0.5193715407962862,0.8434387719045687,0.008463251670378619,0.5,0.5097194238053671,0.31713155195154175,0.4038409715382185,0.9508497225442161,0.6558118840458331,0.9884273579069662
2021-09-02 23:20:00,0.6722454672245468,-0.11553784860557781,0.5166046165301563,0.5368684163542226,0.8444726544607452,0.0008908685968819599,0.5,0.5097194238053671,0.31713155195154175,0.4038409715382185,0.9508497225442161,0.6558118840458331,0.9139822261116225
2021-09-02 23:30:00,0.6464435146443515,-0.12350597609561753,0.5145197319434103,0.5415104445634709,0.8472078627422753,0.00033407572383073496,0.5,0.5097194238053671,0.31713155195154175,0.4038409715382185,0.9508497225442161,0.6558118840458331,0.8589027867887804
2021-09-02 23:40:00,0.6527196652719665,0.17928286852589648,0.5142218912881606,0.5347259417961079,0.8472078627422753,0.002561247216035635,0.5,0.5097194238053671,0.31713155195154175,0.4038409715382185,0.9508497225442161,0.6558118840458331,0.8488163314573685
2021-09-02 23:50:00,0.605997210599721,0.38645418326693215,0.5112434847356664,0.5368684163542226,0.8472078627422753,0.00022271714922048998,0.5,0.5097194238053671,0.31713155195154175,0.4038409715382185,0.9508497225442161,0.6558118840458331,0.7286011738612188
2021-09-03 00:00:00,0.5202231520223152,0.4262948207171313,0.5076693968726729,0.5411533654704517,0.8574158170943973,0.00022271714922048998,0.5,0.4865041726382593,0.31144201122391185,0.4530581669753957,0.9354128093433407,0.6599442195344847,0.5302819982799463
2021-09-03 00:10:00,0.42538354253835425,-0.06772908366533881,0.4999255398361875,0.5615068737725406,0.8976718011804584,0.00033407572383073496,0.5,0.4865041726382593,0.31144201122391185,0.4530581669753957,0.9199758961424652,0.6599442195344847,0.32234410127193447
2021-09-03 00:20:00,0.2580195258019526,-0.19521912350597614,0.49009679821295604,0.5647205856097126,0.8956694716729267,0.00033407572383073496,0.5,0.4865041726382593,0.31144201122391185,0.4530581669753957,0.9045389829415897,0.6599442195344847,0.10585120026555216
2021-09-03 00:30:00,0.12203626220362622,-0.01195219123505975,0.48652271034996253,0.5747188002142476,0.8746515554043266,0.00033407572383073496,0.5,0.4865041726382593,0.31144201122391185,0.4530581669753957,0.8891020245366604,0.6599442195344847,0.01716281666339756
2021-09-03 00:40:00,0.11506276150627615,-0.2509960159362551,0.4847356664184659,0.5879307266559544,0.8614989988352463,0.00022271714922048998,0.5,0.4865041726382593,0.31144201122391185,0.4530581669753957,0.8736651565398389,0.6599442195344847,0.009482927712479442
2021-09-03 00:50:00,0.15202231520223153,0.4183266932270917,0.4847356664184659,0.5843599357257632,0.8465796809359909,0.00022271714922048998,0.5,0.4865041726382593,0.31144201122391185,0.4530581669753957,0.8582282433389634,0.6599442195344847,0.0359551578979133
2021-09-03 01:00:00,0.2112970711297071,-0.11553784860557781,0.482055100521221,0.5600785574004641,0.8465796809359909,0.00022271714922048998,0.5,0.42180928503316784,0.32122342366676737,0.5085707959501149,0.8427913301380879,0.7092191201736012,0.06761772560616805
2021-09-03 01:10:00,0.13458856345885634,0.14741035856573692,0.47848101265822773,0.5397250490983752,0.8465796809359909,0.00022271714922048998,0.5,0.42180928503316784,0.32122342366676737,0.5085707959501149,0.8427913301380879,0.7092191201736012,0.024865337900025652
2021-09-03 01:20:00,0.11506276150627615,0.6733067729083664,0.47848101265822773,0.5397250490983752,0.8527044535472642,0.00033407572383073496,0.5,0.42180928503316784,0.32122342366676737,0.5085707959501149,0.8427913301380879,0.7092191201736012,0.014839235330506814
2021-09-03 01:30:00,0.07531380753138076,0.09163346613545809,0.4817572598659716,0.5372254954472415,0.8714975592519403,0.880512249443207,0.5,0.42180928503316784,0.32122342366676737,0.5085707959501149,0.8427913301380879,0.7092191201736012,0.0
2021-09-03 01:40:00,0.23291492329149233,-0.4900398406374503,0.49903201787043905,0.5368684163542226,0.8688277865752313,0.6017817371937639,0.5,0.42180928503316784,0.32122342366676737,0.5085707959501149,0.8427913301380879,0.7092191201736012,0.016959126092007785
2021-09-03 01:50:00,0.20362622036262204,0.41035856573705165,0.5177959791511539,0.5711480092840564,0.9124340736281426,0.00022271714922048998,0.5,0.42180928503316784,0.32122342366676737,0.5085707959501149,0.8427913301380879,0.7092191201736012,0.06602592151123315
2021-09-03 02:00:00,0.2649930264993026,0.5776892430278884,0.4951600893521966,0.5536511337261203,0.9658687885252124,0.00044543429844097997,0.5,0.4237879904196584,0.3286399411506104,0.4930053767920263,0.6887901139244628,0.7873391300502466,0.11126031655023613
2021-09-03 02:10:00,0.39400278940027894,-0.14741035856573714,0.47848101265822773,0.5025888234243885,0.9842431063590321,0.00022271714922048998,0.5,0.4237879904196584,0.3286399411506104,0.4930053767920263,0.6887901139244628,0.7873391300502466,0.26122938575976584
2021-09-03 02:20:00,0.5097629009762901,-0.4342629482071714,0.4573343261355174,0.47116586323870724,0.9894648676237715,0.00022271714922048998,0.5,0.4237879904196584,0.3286399411506104,0.4930053767920263,0.6887901139244628,0.7873391300502466,0.44734975934336196
2021-09-03 02:30:00,0.6317991631799164,0.13147410358565725,0.44363365599404303,0.4351008748437779,0.9871877085759904,0.00011135857461024499,0.5,0.4237879904196584,0.3286399411506104,0.4930053767920263,0.6887901139244628,0.7873391300502466,0.7223093984338459
2021-09-03 02:40:00,0.6994421199442119,-0.40239043824701204,0.4349962769918092,0.4158186038207463,0.9955111175092592,0.00022271714922048998,0.5,0.4237879904196584,0.3286399411506104,0.4930053767920263,0.6887901139244628,0.7873391300502466,0.9140953875401724
2021-09-03 02:50:00,0.7294281729428174,-0.11553784860557781,0.4275502606105732,0.40689162649526867,0.9955111175092592,0.002561247216035635,0.5,0.4237879904196584,0.3286399411506104,0.4930053767920263,0.6887901139244628,0.7873391300502466,0.9941759584772998
2021-09-03 03:00:00,0.705020920502092,0.2111553784860556,0.42516753536857754,0.4001071237279059,0.9973302273232912,0.0010022271714922048,0.5,0.40202223116826197,0.3390995008721086,0.5111798697289234,0.6037164912200265,0.8188151943023215,0.9549919278180968
2021-09-03 03:10:00,0.4790794979079498,0.24302788844621515,0.4192107222635888,0.40546331012319237,0.9894744212220754,0.000556792873051225,0.5,0.40202223116826197,0.3390995008721086,0.5111798697289234,0.6037164912200265,0.8188151943023215,0.5855123195075215
2021-09-03 03:20:00,0.6157601115760112,0.3067729083665336,0.41772151898734156,0.41510444563470794,0.9816187459920692,0.000556792873051225,0.5,0.40202223116826197,0.3390995008721086,0.5111798697289234,0.6037164912200265,0.8188151943023215,0.7168851939586885
2021-09-03 03:30:00,0.5244072524407252,0.1872509960159361,0.41712583767684275,0.42010355293697543,0.9737629398908534,0.000556792873051225,0.5,0.40202223116826197,0.3390995008721086,0.5111798697289234,0.6037164912200265,0.8188151943023215,0.5211385548531164
2021-09-03 03:40:00,0.5899581589958159,-0.11553784860557781,0.4162323157110943,0.4208177111230138,0.9659071337896377,0.00011135857461024499,0.5,0.40202223116826197,0.3390995008721086,0.5111798697289234,0.6037164912200265,0.8188151943023215,0.6564343588273458
2021-09-03 03:50:00,0.5418410041841004,-0.01195219123505975,0.4156366344005955,0.414747366541689,0.9580514585596316,0.00011135857461024499,0.5,0.40202223116826197,0.3390995008721086,0.5111798697289234,0.6037164912200265,0.8188151943023215,0.5360230547550432
2021-09-03 04:00:00,0.45397489539748953,0.1872509960159361,0.4120625465376022,0.4115336547045172,0.9501956524584158,0.00011135857461024499,0.5,0.3434751184284821,0.3369414983031963,0.60507545630575,0.4692701419102998,0.8158770519076018,0.3494575795524843
2021-09-03 04:10:00,0.3612273361227336,0.13147410358565725,0.4069992553983617,0.4065345474022497,0.9423398463571999,0.00011135857461024499,0.5,0.3434751184284821,0.3369414983031963,0.60507545630575,0.4692701419102998,0.8158770519076018,0.20083890339031643
2021-09-03 04:20:00,0.29567642956764295,-0.03585657370517936,0.4069992553983617,0.3972504909837531,0.9344841711271937,0.00011135857461024499,0.5,0.3434751184284821,0.3369414983031963,0.60507545630575,0.4692701419102998,0.8158770519076018,0.13096549330838753
2021-09-03 04:30:00,0.31659693165969316,0.14741035856573692,0.4040208488458674,0.3886805927512944,0.926628365025978,0.00011135857461024499,0.5,0.3434751184284821,0.3369414983031963,0.60507545630575,0.4692701419102998,0.8158770519076018,0.15801107473180742
2021-09-03 04:40:00,0.21548117154811713,0.3227091633466135,0.3989575577066269,0.3743974290305303,0.9187725589247622,0.00011135857461024499,0.5,0.3434751184284821,0.3369414983031963,0.60507545630575,0.4692701419102998,0.8158770519076018,0.07657256665208141
2021-09-03 04:50:00,0.04184100418410042,0.27330677290836647,0.39746835443037964,0.3808248527048743,0.910916883694756,0.6612472160356347,0.5,0.3434751184284821,0.3369414983031963,0.60507545630575,0.4692701419102998,0.8158770519076018,0.0
2021-09-03 05:00:00,0.11018131101813111,0.22390438247011946,0.4117647058823528,0.4061774683092303,0.9030610775935402,0.9995545657015591,0.5,0.3337281449712044,0.3447143304588722,0.6246549229179372,0.37503485085646654,0.7861844114377505,0.0
2021-09-03 05:10:00,0.13319386331938632,0.17450199203187244,0.42457185405807873,0.41867523656489913,0.8952052714923244,0.9995545657015591,0.5,0.3337281449712044,0.3447143304588722,0.6246549229179372,0.37503485085646654,0.7861844114377505,0.0
2021-09-03 05:20:00,0.23221757322175732,0.12509960159362543,0.4352941176470586,0.4208177111230138,0.8873495962623184,0.9995545657015591,0.5,0.3337281449712044,0.3447143304588722,0.6246549229179372,0.37503485085646654,0.7861844114377505,0.0
2021-09-03 05:30:00,0.19804741980474197,0.07569721115537842,0.4430379746835442,0.44688448491340815,0.8794937901611025,0.15089086859688197,0.5,0.3337281449712044,0.3447143304588722,0.6246549229179372,0.37503485085646654,0.7861844114377505,0.030712011708435807
2021-09-03 05:40:00,0.14783821478382148,-0.3227091633466136,0.4573343261355174,0.48402071058739504,0.890329926319509,0.00011135857461024499,0.5,0.3337281449712044,0.3447143304588722,0.6246549229179372,0.37503485085646654,0.7861844114377505,0.021357333614979556
2021-09-03 05:50:00,0.14644351464435149,-0.09960159362549814,0.43976172747580033,0.49866095340117833,0.890329926319509,0.00011135857461024499,0.5,0.3337281449712044,0.3447143304588722,0.6246549229179372,0.37503485085646654,0.7861844114377505,0.033857899422122306
2021-09-03 06:00:00,0.2377963737796374,-0.31474103585657376,0.4153387937453461,0.43260132119264405,0.890329926319509,0.00011135857461024499,0.5,0.3582950967956686,0.3439183694580865,0.5535835959336798,0.3554877409682265,0.7508574197899899,0.08947296950676706
2021-09-03 06:10:00,0.2838214783821479,0.3067729083665336,0.40967982129560676,0.3908230673094091,0.890329926319509,0.00011135857461024499,0.5,0.3582950967956686,0.3439183694580865,0.5535835959336798,0.3554877409682265,0.7508574197899899,0.12361754454788239
2021-09-03 06:20:00,0.2615062761506276,0.5697211155378485,0.40491437081161563,0.36261381896089984,0.890329926319509,0.00011135857461024499,0.5,0.3582950967956686,0.3439183694580865,0.5535835959336798,0.3554877409682265,0.7508574197899899,0.10892164702687207
2021-09-03 06:30:00,0.18200836820083682,0.003984063745019917,0.4004467609828739,0.3519014461703267,0.8999620473492037,0.00011135857461024499,0.5,0.3582950967956686,0.3439183694580865,0.5535835959336798,0.3554877409682265,0.7508574197899899,0.054981366084765455
2021-09-03 06:40:00,0.1589958158995816,-0.5298804780876495,0.39776619508562905,0.34654525977504025,0.9044509298399446,0.00011135857461024499,0.5,0.3582950967956686,0.3439183694580865,0.5535835959336798,0.3554877409682265,0.7508574197899899,0.040474070944671606
2021-09-03 06:50:00,0.1304044630404463,-0.2828685258964144,0.3953834698436334,0.34333154793786824,0.9044509298399446,0.00011135857461024499,0.5,0.3582950967956686,0.3439183694580865,0.5535835959336798,0.3554877409682265,0.7508574197899899,0.02298685818609774
2021-09-03 07:00:00,0.14016736401673638,-0.21912350597609564,0.39329858525688755,0.34333154793786824,0.896651005745246,0.00011135857461024499,0.5,0.3619675054190432,0.35660202237311395,0.5909978204456579,0.35936489267583804,0.7666825837894058,0.028561944565988203
2021-09-03 07:10:00,0.15620641562064158,0.5776892430278884,0.39002233804914366,0.34333154793786824,0.892450039915719,0.00011135857461024499,0.5,0.3619675054190432,0.35660202237311395,0.5909978204456579,0.35936489267583804,0.7666825837894058,0.042299741991942905
2021-09-03 07:20:00,0.1317991631799163,-0.21912350597609564,0.3894266567386446,0.3376182824495626,0.904477104081873,0.00011135857461024499,0.5,0.3619675054190432,0.35660202237311395,0.5909978204456579,0.35936489267583804,0.7666825837894058,0.024284442566802962
2021-09-03 07:30:00,0.07880055788005579,0.03585657370517925,0.3894266567386446,0.3376182824495626,0.904477104081873,0.5426503340757238,0.5,0.3619675054190432,0.35660202237311395,0.5909978204456579,0.35936489267583804,0.7666825837894058,0.0
2021-09-03 07:40:00,0.08298465829846582,0.04429341457698599,0.4046165301563662,0.3540439207284414,0.904477104081873,0.9995545657015591,0.5,0.3619675054190432,0.35660202237311395,0.5909978204456579,0.35936489267583804,0.7666825837894058,0.0
2021-09-03 07:50:00,0.07391910739191074,0.05273025544879295,0.4174236783320924,0.37189787537939667,0.904477104081873,0.9995545657015591,0.5,0.3619675054190432,0.35660202237311395,0.5909978204456579,0.35936489267583804,0.7666825837894058,0.0
2021-09-03 08:00:00,0.0794979079497908,0.06116709632059991,0.42040208488458664,0.37546866630958764,0.904477104081873,0.9995545657015591,0.5,0.36334365389098777,0.3691851025985099,0.6032169953244901,0.3554777960763567,0.8064538465809374,0.0
2021-09-03 08:10:00,0.061366806136680614,0.06960393719240687,0.42516753536857754,0.3693983217282628,0.904477104081873,0.9995545657015591,0.5,0.36334365389098777,0.3691851025985099,0.6032169953244901,0.3554777960763567,0.8064538465809374,0.0
2021-09-03 08:20:00,0.03417015341701534,0.07804077806421361,0.42040208488458664,0.3654704517050529,0.904477104081873,0.9995545657015591,0.5,0.36334365389098777,0.3691851025985099,0.6032169953244901,0.3554777960763567,0.8064538465809374,0.0
2021-09-03 08:30:00,0.061366806136680614,0.08647761893602057,0.4224869694713327,0.36761292626316733,0.904477104081873,0.9995545657015591,0.5,0.36334365389098777,0.3691851025985099,0.6032169953244901,0.3554777960763567,0.8064538465809374,0.0
2021-09-03 08:40:00,0.1311018131101813,0.09491445980782731,0.4269545793000742,0.3683270844492055,0.904477104081873,0.9995545657015591,0.5,0.36334365389098777,0.3691851025985099,0.6032169953244901,0.3554777960763567,0.8064538465809374,0.0
2021-09-03 08:50:00,0.1387726638772664,0.1033513006796345,0.4311243484735665,0.3683270844492055,0.904477104081873,0.9995545657015591,0.5,0.36334365389098777,0.3691851025985099,0.6032169953244901,0.3554777960763567,0.8064538465809374,0.0
2021-09-03 09:00:00,0.13737796373779637,0.11178814155144123,0.434102755026061,0.37154079628637726,0.904477104081873,0.9995545657015591,0.5,0.3584660980854326,0.3699379610180273,0.6175319004098252,0.41620200197591367,0.831361405471778,0.0
2021-09-03 09:10:00,0.1324965132496513,0.1202249824232482,0.4346984363365598,0.3758257454026068,0.904477104081873,0.9995545657015591,0.5,0.3584660980854326,0.3699379610180273,0.6175319004098252,0.41620200197591367,0.831361405471778,0.0
2021-09-03 09:20:00,0.11715481171548117,0.12866182329505493,0.4391660461653015,0.3804677736118549,0.904477104081873,0.9995545657015591,0.5,0.3584660980854326,0.3699379610180273,0.6175319004098252,0.41620200197591367,0.831361405471778,0.0
2021-09-03 09:30:00,0.1324965132496513,0.1370986641668619,0.4454206999255397,0.3854668809141224,0.904477104081873,0.9995545657015591,0.5,0.3584660980854326,0.3699379610180273,0.6175319004098252,0.41620200197591367,0.831361405471778,0.0
2021-09-03 09:40:00,0.14295676429567641,0.14553550503866886,0.451079672375279,0.3861810391001608,0.904477104081873,0.9995545657015591,0.5,0.3584660980854326,0.3699379610180273,0.6175319004098252,0.41620200197591367,0.831361405471778,0.0
2021-09-03 09:50:00,0.1415620641562064,0.1539723459104756,0.4558451228592699,0.3929655418675235,0.904477104081873,0.9995545657015591,0.5,0.3584660980854326,0.3699379610180273,0.6175319004098252,0.41620200197591367,0.831361405471778,0.0
2021-09-03 10:00:00,0.1415620641562064,0.16240918678228256,0.4618019359642589,0.39760757007677205,0.904477104081873,0.9995545657015591,0.5,0.4717819188232495,0.36984600884464947,0.46678934664983085,0.47872806858849876,0.7776768743108373,0.0
2021-09-03 10:10:00,0.18898186889818688,0.1708460276540893,0.46835443037974667,0.40546331012319237,0.8911675020612216,0.7364142538975501,0.5,0.4717819188232495,0.36984600884464947,0.46678934664983085,0.47872806858849876,0.7776768743108373,0.0
2021-09-03 10:20:00,0.20502092050209206,0.17928286852589648,0.4778853313477287,0.417961078378861,0.8912983732708643,0.015812917594654786,0.5,0.4717819188232495,0.36984600884464947,0.46678934664983085,0.47872806858849876,0.7776768743108373,0.05170722875205577
2021-09-03 10:30:00,0.26569037656903766,-0.0916334661354582,0.4939687267311985,0.45331190858775217,0.8967557027129602,0.00011135857461024499,0.5,0.4717819188232495,0.36984600884464947,0.46678934664983085,0.47872806858849876,0.7776768743108373,0.10655280112256138
2021-09-03 10:40:00,0.298465829846583,-0.298804780876494,0.5091586001489203,0.47473665416889843,0.8953946421326773,0.00033407572383073496,0.5,0.4717819188232495,0.36984600884464947,0.46678934664983085,0.47872806858849876,0.7776768743108373,0.14188179911583204
2021-09-03 10:50:00,0.3403068340306834,0.17928286852589648,0.49486224869694695,0.4668809141224781,0.888209812723299,0.00022271714922048998,0.5,0.4717819188232495,0.36984600884464947,0.46678934664983085,0.47872806858849876,0.7776768743108373,0.18917573215444272
2021-09-03 11:00:00,0.3591352859135286,-0.0916334661354582,0.4808637379002232,0.4272451347973576,0.9174202667155252,0.00011135857461024499,0.5,0.47717247849809685,0.3684178766519059,0.46513708543353377,0.5801411305534291,0.7181824561276936,0.21440318662582797
2021-09-03 11:10:00,0.3842398884239888,-0.07569721115537853,0.47252419955323877,0.4029637564720585,0.9061260813233697,0.00022271714922048998,0.5,0.47717247849809685,0.3684178766519059,0.46513708543353377,0.5801411305534291,0.7181824561276936,0.25602396004647165
2021-09-03 11:20:00,0.3096234309623431,0.20318725099601576,0.458525688756515,0.38189608998393165,0.9205480886259833,0.00022271714922048998,0.5,0.47717247849809685,0.3684178766519059,0.46513708543353377,0.5801411305534291,0.7181824561276936,0.20342652805649017
2021-09-03 11:30:00,0.17852161785216178,-0.5219123505976095,0.4460163812360385,0.3779682199607215,0.9299708157202498,0.00022271714922048998,0.5,0.47717247849809685,0.3684178766519059,0.46513708543353377,0.5801411305534291,0.7181824561276936,0.041733934849193535
2021-09-03 11:40:00,0.19316596931659694,-0.21115537848605592,0.4498883097542814,0.38796643456525626,0.8908272369161508,0.00022271714922048998,0.5,0.47717247849809685,0.3684178766519059,0.46513708543353377,0.5801411305534291,0.7181824561276936,0.06458499932103143
2021-09-03 11:50:00,0.20013947001394702,-0.20318725099601598,0.45316455696202507,0.3858239600071418,0.8843752862807711,0.00033407572383073496,0.5,0.47717247849809685,0.3684178766519059,0.46513708543353377,0.5801411305534291,0.7181824561276936,0.06122033284548185
2021-09-03 12:00:00,0.2398884239888424,0.29083665338645415,0.457036485480268,0.39118014640242826,0.8806847181688501,0.00022271714922048998,0.5,0.47433062850895347,0.3640673894490624,0.46711500531921846,0.6251099154879527,0.7126978612289977,0.09783182702898442
2021-09-03 12:10:00,0.23082287308228733,-0.23505976095617542,0.4686522710349963,0.3951080164256384,0.8815877295153839,0.00022271714922048998,0.5,0.47433062850895347,0.3640673894490624,0.46711500531921846,0.6251099154879527,0.7126978612289977,0.08856767807836807
2021-09-03 12:20:00,0.2510460251046025,0.1872509960159361,0.4811615785554726,0.4158186038207463,0.866589888890343,0.00033407572383073496,0.5,0.47433062850895347,0.3640673894490624,0.46711500531921846,0.6251099154879527,0.7126978612289977,0.11353863331170692
2021-09-03 12:30:00,0.2496513249651325,0.05179282868525892,0.49039463886820545,0.4193893947509373,0.8741280705657563,0.00022271714922048998,0.5,0.47433062850895347,0.3640673894490624,0.46711500531921846,0.6251099154879527,0.7126978612289977,0.10306742912322525
2021-09-03 12:40:00,0.2510460251046025,-0.15537848605577698,0.4939687267311985,0.4240314229601856,0.8905131460130087,0.00022271714922048998,0.5,0.47433062850895347,0.3640673894490624,0.46711500531921846,0.6251099154879527,0.7126978612289977,0.11030221645518054
2021-09-03 12:50:00,0.30613668061366806,-0.2270916334661356,0.5008190618019359,0.4443849312622745,0.8694036198976588,0.00022271714922048998,0.5,0.47433062850895347,0.3640673894490624,0.46711500531921846,0.6251099154879527,0.7126978612289977,0.1432850008298505
2021-09-03 13:00:00,0.37935843793584384,0.027888446215139417,0.5034996276991808,0.4543831458668095,0.8537906845872976,0.00022271714922048998,0.5,0.563665778029186,0.35638938297218087,0.35617547371732905,0.6714774585047772,0.7300343268406664,0.24009083090664937
2021-09-03 13:10:00,0.31659693165969316,0.3227091633466135,0.5032017870439314,0.4511694340296377,0.8588292261585374,0.00033407572383073496,0.5,0.563665778029186,0.35638938297218087,0.35617547371732905,0.6714774585047772,0.7300343268406664,0.17334067625269703
2021-09-03 13:20:00,0.41352859135285913,0.09960159362549792,0.5097542814594189,0.4500981967505804,0.8520108361361584,0.00022271714922048998,0.5,0.563665778029186,0.35638938297218087,0.35617547371732905,0.6714774585047772,0.7300343268406664,0.3182552016536657
2021-09-03 13:30:00,0.399581589958159,0.2111553784860556,0.5177959791511539,0.46295304409926796,0.8743505516221487,0.00033407572383073496,0.5,0.563665778029186,0.35638938297218087,0.35617547371732905,0.6714774585047772,0.7300343268406664,0.29120207613500915
2021-09-03 13:40:00,0.4860529986052998,-0.01195219123505975,0.5252419955323901,0.47437957507587925,0.8776615932261062,0.00044543429844097997,0.5,0.563665778029186,0.35638938297218087,0.35617547371732905,0.6714774585047772,0.7300343268406664,0.428715844108816
2021-09-03 13:50:00,0.48117154811715485,-0.08366533864541836,0.5300074460163811,0.4800928405641849,0.8709871615343342,0.00044543429844097997,0.5,0.563665778029186,0.35638938297218087,0.35617547371732905,0.6714774585047772,0.7300343268406664,0.43057923563227063
2021-09-03 14:00:00,0.6185495118549511,0.3067729083665336,0.5368577810871182,0.4825923942153185,0.9009435814215232,0.0066815144766146995,0.5,0.5806110152580377,0.3296801501119231,0.3463041355227031,0.675000707673985,0.7438415106672752,0.6627713988261388
2021-09-03 14:10:00,0.7092050209205021,-0.01195219123505975,0.5317944899478777,0.4797357614711659,0.9476253419010352,0.01937639198218263,0.5,0.5806110152580377,0.3296801501119231,0.3463041355227031,0.675000707673985,0.7438415106672752,0.8884756401164808
2021-09-03 14:20:00,0.7245467224546723,0.003984063745019917,0.5228592702903945,0.4708087841456883,0.9661305309444975,0.016815144766146994,0.5,0.5806110152580377,0.3296801501119231,0.3463041355227031,0.675000707673985,0.7438415106672752,0.9394209152496341
2021-09-03 14:30:00,0.6471408647140864,-0.003984063745020028,0.5189873417721518,0.4740224959828603,0.9793092617555065,0.021380846325167038,0.5,0.5806110152580377,0.3296801501119231,0.3463041355227031,0.675000707673985,0.7438415106672752,0.7335802767174133
2021-09-03 14:40:00,0.5390516039051604,0.027888446215139417,0.5186895011169024,0.49009105516871987,0.9808666291502532,0.000779510022271715,0.5,0.5806110152580377,0.3296801501119231,0.3463041355227031,0.675000707673985,0.7438415106672752,0.5521070657995987
2021-09-03 14:50:00,0.32147838214783825,-0.3227091633466136,0.5270290394638866,0.5165149080521336,0.9776602845140099,0.00044543429844097997,0.5,0.5806110152580377,0.3296801501119231,0.3463041355227031,0.675000707673985,0.7438415106672752,0.16471023130195997
2021-09-03 15:00:00,0.2768479776847978,0.36254980079681287,0.5306031273268801,0.5397250490983752,0.9751213830469435,0.00033407572383073496,0.5,0.5965790736713046,0.311628789076084,0.33139459901183904,0.6507022177562899,0.7503968721321216,0.12298384054800308
2021-09-03 15:10:00,0.2719665271966527,-0.043824701195219196,0.5303052866716305,0.5393679700053562,0.965450000654356,0.00033407572383073496,0.5,0.5965790736713046,0.311628789076084,0.33139459901183904,0.6507022177562899,0.7503968721321216,0.13074671454652445
2021-09-03 15:20:00,0.5223152022315203,0.19521912350597592,0.5306031273268801,0.532226388144974,0.9783015534412586,0.0013363028953229399,0.5,0.5965790736713046,0.311628789076084,0.33139459901183904,0.6507022177562899,0.7503968721321216,0.5463433770387918
2021-09-03 15:30:00,0.49581589958159,-0.1633466135458168,0.5365599404318686,0.5279414390287449,0.9780921595058303,0.00033407572383073496,0.5,0.5965790736713046,0.311628789076084,0.33139459901183904,0.6507022177562899,0.7503968721321216,0.4280821401089368
2021-09-03 15:40:00,0.3312412831241283,0.09163346613545809,0.5454951600893521,0.5397250490983752,0.9612490348248288,0.00044543429844097997,0.5,0.5965790736713046,0.311628789076084,0.33139459901183904,0.6507022177562899,0.7503968721321216,0.2277788674804231
2021-09-03 15:50:00,0.45536959553695955,-0.26693227091633476,0.5535368577810869,0.5529369755400819,0.972163693709021,0.00022271714922048998,0.5,0.5965790736713046,0.311628789076084,0.33139459901183904,0.6507022177562899,0.7503968721321216,0.34196629298248266
2021-09-03 16:00:00,0.32217573221757323,0.21912350597609564,0.5591958302308264,0.562221031958579,0.9411079556608342,0.00033407572383073496,0.5,0.6506231858003888,0.3021318536696114,0.2556698277623255,0.6211933729677258,0.7549351014891849,0.19404921767732397
2021-09-03 16:10:00,0.37447698744769875,-0.21115537848605592,0.5630677587490691,0.5647205856097126,0.9503212888196727,0.00022271714922048998,0.5,0.6506231858003888,0.3021318536696114,0.2556698277623255,0.6211933729677258,0.7549351014891849,0.24161473814445433
2021-09-03 16:20:00,0.3354253835425383,-0.08366533864541836,0.5651526433358152,0.5654347437957508,0.9089398123306854,0.00033407572383073496,0.5,0.6506231858003888,0.3021318536696114,0.2556698277623255,0.6211933729677258,0.7549351014891849,0.20135944596164584
2021-09-03 16:30:00,0.403068340306834,-0.02788844621513953,0.5714072970960533,0.5711480092840564,0.9152478046354583,0.00033407572383073496,0.5,0.6506231858003888,0.3021318536696114,0.2556698277623255,0.6211933729677258,0.7549351014891849,0.3286735971754908
2021-09-03 16:40:00,0.3507670850767085,-0.003984063745020028,0.5743857036485478,0.5654347437957508,0.8836424075067726,0.00022271714922048998,0.5,0.6506231858003888,0.3021318536696114,0.2556698277623255,0.6211933729677258,0.7549351014891849,0.2365828266216033
2021-09-03 16:50:00,0.19386331938633192,0.298804780876494,0.5779597915115411,0.5707909301910372,0.8980644148093861,0.00022271714922048998,0.5,0.6506231858003888,0.3021318536696114,0.2556698277623255,0.6211933729677258,0.7549351014891849,0.07292122455753881
2021-09-03 17:00:00,0.3458856345885635,0.09163346613545809,0.5842144452717795,0.5754329584002855,0.9209276151339467,0.00022271714922048998,0.5,0.6460305654382612,0.287770073590472,0.24828315869126305,0.5852930908274007,0.7560481834990281,0.21363368891168882
2021-09-03 17:10:00,0.41352859135285913,-0.11553784860557781,0.5836187639612807,0.5715050883770756,0.9222625014723012,0.00033407572383073496,0.5,0.6460305654382612,0.287770073590472,0.24828315869126305,0.5852930908274007,0.7560481834990281,0.29464972765816194
2021-09-03 17:20:00,0.3598326359832636,-0.03585657370517936,0.5800446760982871,0.5679342974468844,0.9139390925390324,0.00022271714922048998,0.5,0.6460305654382612,0.287770073590472,0.24828315869126305,0.5852930908274007,0.7560481834990281,0.2075456040557056
2021-09-03 17:30:00,0.4435146443514645,0.06772908366533859,0.5809381980640356,0.5675772183538654,0.9415398306526548,0.00022271714922048998,0.5,0.6460305654382612,0.287770073590472,0.24828315869126305,0.5852930908274007,0.7560481834990281,0.332905834603256
2021-09-03 17:40:00,0.2510460251046025,-0.0916334661354582,0.5782576321667907,0.5650776647027316,0.9359385428799519,0.00022271714922048998,0.5,0.6460305654382612,0.287770073590472,0.24828315869126305,0.5852930908274007,0.7560481834990281,0.10450835131342698
2021-09-03 17:50:00,0.3179916317991632,-0.03585657370517936,0.5767684288905432,0.5593643992144262,0.9327321982437083,0.00011135857461024499,0.5,0.6460305654382612,0.287770073590472,0.24828315869126305,0.5852930908274007,0.7560481834990281,0.16289210434992532
2021-09-03 18:00:00,0.2831241283124128,0.01195219123505975,0.5749813849590466,0.5493661846098912,0.9117797175799296,0.00033407572383073496,0.5,0.5585846349654446,0.28468680227696513,0.32545208918025703,0.5717217850964388,0.7270793090078778,0.13930171854489493
2021-09-03 18:10:00,0.26569037656903766,-0.3944223107569722,0.5708116157855547,0.5429387609355474,0.9309916111554619,0.00022271714922048998,0.5,0.5585846349654446,0.28468680227696513,0.32545208918025703,0.5717217850964388,0.7270793090078778,0.11529640750184832
2021-09-03 18:20:00,0.2796373779637378,0.10756972111553775,0.5708116157855547,0.5415104445634709,0.9142793576841031,0.00022271714922048998,0.5,0.5585846349654446,0.28468680227696513,0.32545208918025703,0.5717217850964388,0.7270793090078778,0.1267634322615689
2021-09-03 18:30:00,0.3437935843793584,-0.15537848605577698,0.5708116157855547,0.5393679700053562,0.9294211566397509,0.00022271714922048998,0.5,0.5585846349654446,0.28468680227696513,0.32545208918025703,0.5717217850964388,0.7270793090078778,0.1985983071050289
2021-09-03 18:40:00,0.38772663877266383,0.06772908366533859,0.5693224125093073,0.5307980717728977,0.933674470953135,0.00022271714922048998,0.5,0.5585846349654446,0.28468680227696513,0.32545208918025703,0.5717217850964388,0.7270793090078778,0.2612671062359491
2021-09-03 18:50:00,0.4344490934449094,-0.01195219123505975,0.5687267311988085,0.5286555972147831,0.9212678802790175,0.00022271714922048998,0.5,0.5585846349654446,0.28468680227696513,0.32545208918025703,0.5717217850964388,0.7270793090078778,0.3313894714606877
2021-09-03 19:00:00,0.3396094839609484,0.09163346613545809,0.5654504839910646,0.5257989644706302,0.925337974898902,0.00022271714922048998,0.5,0.547787205954994,0.3120799294267069,0.35572667853393236,0.6050638432521713,0.7917458348588859,0.19366446882025437
2021-09-03 19:10:00,0.35146443514644354,0.01195219123505975,0.5651526433358152,0.5290126763078022,0.915025323579066,0.00022271714922048998,0.5,0.547787205954994,0.3120799294267069,0.35572667853393236,0.6050638432521713,0.7917458348588859,0.20899407034114398
2021-09-03 19:20:00,0.37866108786610875,-0.01195219123505975,0.5651526433358152,0.5257989644706302,0.9342503042755624,0.00033407572383073496,0.5,0.547787205954994,0.3120799294267069,0.35572667853393236,0.6050638432521713,0.7917458348588859,0.23315026328892377
2021-09-03 19:30:00,0.3723849372384937,0.14741035856573692,0.5624720774385703,0.5240135690055348,0.9360955883315231,0.00022271714922048998,0.5,0.547787205954994,0.3120799294267069,0.35572667853393236,0.6050638432521713,0.7917458348588859,0.22117024005311045
2021-09-03 19:40:00,0.29497907949790797,0.3227091633466135,0.5618763961280713,0.5183003035172289,0.9405713837012996,0.00022271714922048998,0.5,0.547787205954994,0.3120799294267069,0.35572667853393236,0.6050638432521713,0.7917458348588859,0.14206285740151184
2021-09-03 19:50:00,0.33403068340306835,0.24302788844621515,0.5591958302308264,0.5018746652383501,0.9435028987972937,0.00011135857461024499,0.5,0.547787205954994,0.3120799294267069,0.35572667853393236,0.6050638432521713,0.7917458348588859,0.17896102720400742
2021-09-03 20:00:00,0.3403068340306834,0.2350597609561753,0.5559195830230825,0.49509016247098736,0.9424690162411172,0.00011135857461024499,0.5,0.5491796307346051,0.3056461507958175,0.3486082213342697,0.5233508707348712,0.8739733762673273,0.17338594082411699
2021-09-03 20:10:00,0.25383542538354253,-0.1394422310756973,0.5559195830230825,0.4883056597036244,0.9441965162083993,0.00033407572383073496,0.5,0.5491796307346051,0.3056461507958175,0.3486082213342697,0.5233508707348712,0.8739733762673273,0.10671877121776786
2021-09-03 20:20:00,0.2545327754532775,0.17131474103585642,0.5544303797468353,0.49366184609891084,0.9431102851683658,0.00033407572383073496,0.5,0.5491796307346051,0.3056461507958175,0.3486082213342697,0.5233508707348712,0.8739733762673273,0.10373885359928783
2021-09-03 20:30:00,0.2545327754532775,0.1633466135458166,0.5535368577810869,0.48366363149437586,0.9461072358691812,0.00033407572383073496,0.5,0.5491796307346051,0.3056461507958175,0.3486082213342697,0.5233508707348712,0.8739733762673273,0.10489310017049655
2021-09-03 20:40:00,0.2482566248256625,0.3306772908366533,0.552941176470588,0.47652204963399414,0.9461072358691812,0.00033407572383073496,0.5,0.5491796307346051,0.3056461507958175,0.3486082213342697,0.5233508707348712,0.8739733762673273,0.09258113674427026
2021-09-03 20:50:00,0.23221757322175732,0.17928286852589648,0.552941176470588,0.4800928405641849,0.9579903417047283,0.00033407572383073496,0.5,0.5491796307346051,0.3056461507958175,0.3486082213342697,0.5233508707348712,0.8739733762673273,0.08520301160281847
2021-09-03 21:00:00,0.20781032078103207,0.4501992031872508,0.5499627699180936,0.47723620782003207,0.9692060043710984,0.00033407572383073496,0.5,0.5493587701782023,0.31574939584548706,0.348956452917657,0.3611061166708926,0.9151206851367502,0.06989604236763886
2021-09-03 21:10:00,0.1499302649930265,0.1872509960159361,0.5469843633655993,0.4754508123549366,0.9738388451924461,0.00033407572383073496,0.5,0.5493587701782023,0.31574939584548706,0.348956452917657,0.3611061166708926,0.9151206851367502,0.03838435656411727
2021-09-03 21:20:00,0.1304044630404463,0.31474103585657365,0.5451973194341024,0.47723620782003207,0.9738388451924461,0.00033407572383073496,0.5,0.5493587701782023,0.31574939584548706,0.348956452917657,0.3611061166708926,0.9151206851367502,0.0251821898999653
2021-09-03 21:30:00,0.15271966527196654,0.3306772908366533,0.5425167535368576,0.47795036600607044,0.9738388451924461,0.00033407572383073496,0.5,0.5493587701782023,0.31574939584548706,0.348956452917657,0.3611061166708926,0.9151206851367502,0.03719993361196192
2021-09-03 21:40:00,0.11645746164574616,0.5378486055776892,0.5395383469843631,0.47723620782003207,0.9738388451924461,0.00033407572383073496,0.5,0.5493587701782023,0.31574939584548706,0.348956452917657,0.3611061166708926,0.9151206851367502,0.015797335425562414
2021-09-03 21:50:00,0.1290097629009763,0.1633466135458166,0.5368577810871182,0.48437778968041423,0.9887319888497729,0.00033407572383073496,0.5,0.5493587701782023,0.31574939584548706,0.348956452917657,0.3611061166708926,0.9151206851367502,0.02603467266170768
2021-09-03 22:00:00,0.09623430962343095,-0.06772908366533881,0.5320923306031271,0.47652204963399414,0.9902500948816271,0.13351893095768375,0.5,0.472026196850601,0.34214541661518444,0.40509021746973617,0.2372299036236533,0.912528271231944,0.005228057999004179
2021-09-03 22:10:00,0.11366806136680613,0.4422310756972112,0.5323901712583765,0.47616497054097473,0.9902631820025913,0.9993318485523385,0.5,0.472026196850601,0.34214541661518444,0.40509021746973617,0.2372299036236533,0.912528271231944,0.0
2021-09-03 22:20:00,0.11645746164574616,0.38303927148548667,0.5380491437081161,0.48901981788966253,0.9902762691235556,0.9993318485523385,0.5,0.472026196850601,0.34214541661518444,0.40509021746973617,0.2372299036236533,0.912528271231944,0.0
2021-09-03 22:30:00,0.16387726638772665,0.3238474672737619,0.535368577810871,0.48901981788966253,0.9902762691235556,0.9993318485523385,0.5,0.472026196850601,0.34214541661518444,0.40509021746973617,0.2372299036236533,0.912528271231944,0.0
2021-09-03 22:40:00,0.13807531380753138,0.26465566306203736,0.5335815338793746,0.4818782360292806,0.9902762691235556,0.9993318485523385,0.5,0.472026196850601,0.34214541661518444,0.40509021746973617,0.2372299036236533,0.912528271231944,0.0
2021-09-03 22:50:00,0.1603905160390516,0.20546385885031282,0.5294117647058822,0.4733083377968219,0.9902762691235556,0.9993318485523385,0.5,0.472026196850601,0.34214541661518444,0.40509021746973617,0.2372299036236533,0.912528271231944,0.0
2021-09-03 23:00:00,0.5599721059972106,0.1462720546385885,0.5276247207743856,0.4722371005177646,0.8710525971391554,0.9993318485523385,0.5,0.38685211206771464,0.3512630493064797,0.4453794449776979,0.22323731419146428,0.9111354350226554,0.0
2021-09-03 23:10:00,0.5843793584379359,0.08708025042686396,0.5207743857036482,0.487591501517586,0.6486500634725366,0.57728285077951,0.5,0.38685211206771464,0.3512630493064797,0.4453794449776979,0.22323731419146428,0.9111354350226554,0.22964980309911434
2021-09-03 23:20:00,0.5383542538354253,0.027888446215139417,0.48801191362620977,0.45509730405284765,0.6290062949051838,0.00022271714922048998,0.5,0.38685211206771464,0.3512630493064797,0.4453794449776979,0.22323731419146428,0.9111354350226554,0.5743395144620306
2021-09-03 23:30:00,0.5118549511854951,0.17131474103585642,0.4412509307520476,0.397964649169791,0.6290062949051838,0.00022271714922048998,0.5,0.38685211206771464,0.3512630493064797,0.4453794449776979,0.22323731419146428,0.9111354350226554,0.4767189220996726
2021-09-03 23:40:00,0.5669456066945607,0.07569721115537842,0.4233804914370811,0.36868416354222466,0.6373297038384526,0.00022271714922048998,0.5,0.38685211206771464,0.3512630493064797,0.4453794449776979,0.22323731419146428,0.9111354350226554,0.602961811789912
2021-09-03 23:50:00,0.5648535564853556,-0.11553784860557781,0.4150409530900967,0.35797179075165153,0.6402873931763751,0.00022271714922048998,0.5,0.38685211206771464,0.3512630493064797,0.4453794449776979,0.22323731419146428,0.9111354350226554,0.5918569036015511
2021-09-04 00:00:00,0.4700139470013947,0.2828685258964143,0.4075949367088605,0.3540439207284414,0.642656162070906,0.00033407572383073496,0.5,0.37383977109107636,0.35988356556046314,0.5220844894025876,0.25627156890301506,0.9915057762713309,0.4029150383994448
2021-09-04 00:10:00,0.5125523012552301,-0.2828685258964144,0.40074460163812353,0.35011605070523144,0.6514507073588881,0.00022271714922048998,0.5,0.37383977109107636,0.35988356556046314,0.5220844894025876,0.25627156890301506,0.9915057762713309,0.4706911900055826
2021-09-04 00:20:00,0.5264993026499303,-0.1394422310756973,0.3962769918093818,0.34475986430994454,0.6514507073588881,0.00033407572383073496,0.5,0.37383977109107636,0.35988356556046314,0.5220844894025876,0.25627156890301506,0.9915057762713309,0.505099808379981
2021-09-04 00:30:00,0.499302649930265,-0.29083665338645437,0.3909158600148921,0.34226031065881113,0.6514507073588881,0.00022271714922048998,0.5,0.37383977109107636,0.35988356556046314,0.5220844894025876,0.25627156890301506,0.9915057762713309,0.4591034597220755
2021-09-04 00:40:00,0.5083682008368201,-0.14741035856573714,0.38644825018615014,0.33726120335654364,0.6514507073588881,0.00022271714922048998,0.5,0.37383977109107636,0.35988356556046314,0.5220844894025876,0.25627156890301506,0.9915057762713309,0.47732999381384195
2021-09-04 00:50:00,0.49790794979079495,-0.21912350597609564,0.38227848101265804,0.33369041242635245,0.6514507073588881,0.00033407572383073496,0.5,0.37383977109107636,0.35988356556046314,0.5220844894025876,0.25627156890301506,0.9915057762713309,0.4312204837273866
2021-09-04 01:00:00,0.47419804741980476,-0.36254980079681276,0.37900223380491416,0.3329762542403143,0.6512020520605672,0.004008908685968819,0.5,0.30476402188896556,0.3637225687989039,0.6045806275954889,0.33691188538323635,0.08169266663093437,0.39451846040104416
2021-09-04 01:10:00,0.46373779637377965,-0.043824701195219196,0.3769173492181681,0.32904838421710414,0.6401565219667325,0.00044543429844097997,0.5,0.30476402188896556,0.3637225687989039,0.6045806275954889,0.33691188538323635,0.08169266663093437,0.3835870664031263
2021-09-04 01:20:00,0.49442119944211993,-0.2509960159362551,0.3718540580789278,0.32440635600785583,0.6401565219667325,0.00022271714922048998,0.5,0.30476402188896556,0.3637225687989039,0.6045806275954889,0.33691188538323635,0.08169266663093437,0.436576791345414
2021-09-04 01:30:00,0.5836820083682008,0.003984063745019917,0.37155621742367817,0.315122299589359,0.6401565219667325,0.00022271714922048998,0.5,0.30476402188896556,0.3637225687989039,0.6045806275954889,0.33691188538323635,0.08169266663093437,0.629984760927622
2021-09-04 01:40:00,0.4923291492329149,0.19521912350597592,0.3676842889054355,0.30833779682199625,0.6401565219667325,0.00022271714922048998,0.5,0.30476402188896556,0.3637225687989039,0.6045806275954889,0.33691188538323635,0.08169266663093437,0.46116299772168323
2021-09-04 01:50:00,0.4337517433751743,0.10756972111553775,0.3635145197319434,0.3101231922870915,0.6401565219667325,0.00033407572383073496,0.5,0.30476402188896556,0.3637225687989039,0.6045806275954889,0.33691188538323635,0.08169266663093437,0.33858653831645974
2021-09-04 02:00:00,0.44142259414225943,0.17928286852589648,0.3620253164556959,0.3076236386359579,0.6422504613210139,0.00022271714922048998,0.5,0.30721504037558245,0.3600645964017981,0.6275003782231237,0.4201638027949589,0.1424372293592172,0.35322208307557673
2021-09-04 02:10:00,0.37796373779637377,-0.29083665338645437,0.3569620253164556,0.3069094804499197,0.6514114459959953,0.00022271714922048998,0.5,0.30721504037558245,0.3600645964017981,0.6275003782231237,0.4201638027949589,0.1424372293592172,0.23488540519335518
2021-09-04 02:20:00,0.3898186889818689,-0.298804780876494,0.3539836187639609,0.30119621496161386,0.6514114459959953,0.00033407572383073496,0.5,0.30721504037558245,0.3600645964017981,0.6275003782231237,0.4201638027949589,0.1424372293592172,0.2516332966187365
2021-09-04 02:30:00,0.3577405857740586,0.12350597609561742,0.35160089352196544,0.29226923763613644,0.6541466542775255,0.00033407572383073496,0.5,0.30721504037558245,0.3600645964017981,0.6275003782231237,0.4201638027949589,0.1424372293592172,0.20209876729483833
2021-09-04 02:40:00,0.36052998605299863,0.05976095617529875,0.34743112434847334,0.2833422603106588,0.6626009344204368,0.00033407572383073496,0.5,0.30721504037558245,0.3600645964017981,0.6275003782231237,0.4201638027949589,0.1424372293592172,0.20865458605549436
2021-09-04 02:50:00,0.3284518828451883,0.1394422310756971,0.34266567386448243,0.27298696661310484,0.6671159911531063,0.00022271714922048998,0.5,0.30721504037558245,0.3600645964017981,0.6275003782231237,0.4201638027949589,0.1424372293592172,0.17539267015706808
2021-09-04 03:00:00,0.3158995815899582,0.05976095617529875,0.33194341027550256,0.26370291019460823,0.6658203661776445,0.00044543429844097997,0.5,0.30484547013347574,0.3580301545658576,0.6594298918896916,0.45514514076326956,0.16850776410379228,0.15981411349336874
2021-09-04 03:10:00,0.40097629009762903,-0.11553784860557781,0.3268801191362618,0.2583467237993218,0.6645247412021829,0.00044543429844097997,0.5,0.30484547013347574,0.3580301545658576,0.6594298918896916,0.45514514076326956,0.16850776410379228,0.2578948956651629
2021-09-04 03:20:00,0.4065550906555091,-0.1394422310756973,0.3268801191362618,0.2512051419389394,0.6590935860020154,0.00033407572383073496,0.5,0.30484547013347574,0.3580301545658576,0.6594298918896916,0.45514514076326956,0.16850776410379228,0.28804110023084933
2021-09-04 03:30:00,0.3891213389121339,0.11553784860557759,0.3256887565152642,0.2447777182645956,0.6513198361492456,0.00011135857461024499,0.5,0.30484547013347574,0.3580301545658576,0.6594298918896916,0.45514514076326956,0.16850776410379228,0.2591924800458681
2021-09-04 03:40:00,0.3814504881450488,0.06772908366533859,0.3241995532390167,0.24120692733440463,0.6513198361492456,0.00011135857461024499,0.5,0.30484547013347574,0.3580301545658576,0.6594298918896916,0.45514514076326956,0.16850776410379228,0.24546222671515006
2021-09-04 03:50:00,0.4086471408647141,-0.26693227091633476,0.3265822784810126,0.23620782003213714,0.6506000444962112,0.00011135857461024499,0.5,0.30484547013347574,0.3580301545658576,0.6594298918896916,0.45514514076326956,0.16850776410379228,0.29182823603965174
2021-09-04 04:00:00,0.36541143654114366,-0.1633466135458168,0.3253909158600148,0.23942153186930915,0.6372904424755599,0.00011135857461024499,0.5,0.23654327913567474,0.3487544790765717,0.7580708629713792,0.43429917375196614,0.17857826728656598,0.2181601460536838
2021-09-04 04:10:00,0.35355648535564854,0.394422310756972,0.32092330603127306,0.23656489912515632,0.6417793249663006,0.00011135857461024499,0.5,0.23654327913567474,0.3487544790765717,0.7580708629713792,0.43429917375196614,0.17857826728656598,0.21592709386363296
2021-09-04 04:20:00,0.3493723849372385,0.3705179282868525,0.32092330603127306,0.22978039635779313,0.6512805747863527,0.00011135857461024499,0.5,0.23654327913567474,0.3487544790765717,0.7580708629713792,0.43429917375196614,0.17857826728656598,0.19373236567738433
2021-09-04 04:30:00,0.3612273361227336,0.394422310756972,0.318838421444527,0.2240671308694877,0.6541597413984898,0.00011135857461024499,0.5,0.23654327913567474,0.3487544790765717,0.7580708629713792,0.43429917375196614,0.17857826728656598,0.21925403986299924
2021-09-04 04:40:00,0.394700139470014,-0.019920318725099695,0.31764705882352917,0.22478128905552563,0.6625354988156156,0.00011135857461024499,0.5,0.23654327913567474,0.3487544790765717,0.7580708629713792,0.43429917375196614,0.17857826728656598,0.2566802963320609
2021-09-04 04:50:00,0.33333333333333337,0.05976095617529875,0.3179448994787788,0.2240671308694877,0.6625354988156156,0.00011135857461024499,0.5,0.23654327913567474,0.3487544790765717,0.7580708629713792,0.43429917375196614,0.17857826728656598,0.17850838148980794
2021-09-04 05:00:00,0.2635983263598326,-0.45019920318725104,0.3179448994787788,0.222281735404392,0.6625354988156156,0.00011135857461024499,0.5,0.22437787316020175,0.35145270066406836,0.7989222574892301,0.4173562332487575,0.17556155772495843,0.11378758845451666
2021-09-04 05:10:00,0.34309623430962344,-0.043824701195219196,0.3179448994787788,0.2212104981253349,0.6625354988156156,0.00011135857461024499,0.5,0.22437787316020175,0.35145270066406836,0.7989222574892301,0.4173562332487575,0.17556155772495843,0.19251022224904568
2021-09-04 05:20:00,0.3263598326359832,0.01195219123505975,0.3149664929262843,0.2147830744509911,0.6625354988156156,0.00011135857461024499,0.5,0.22437787316020175,0.35145270066406836,0.7989222574892301,0.4173562332487575,0.17556155772495843,0.17233731158622148
2021-09-04 05:30:00,0.24755927475592746,-0.4183266932270917,0.3143708116157853,0.2115693626138191,0.6549187944144168,0.00022271714922048998,0.5,0.22437787316020175,0.35145270066406836,0.7989222574892301,0.4173562332487575,0.17556155772495843,0.09317712026796626
2021-09-04 05:40:00,0.24546722454672246,0.3306772908366533,0.310796723752792,0.2115693626138191,0.6389786810799493,0.00033407572383073496,0.5,0.22437787316020175,0.35145270066406836,0.7989222574892301,0.4173562332487575,0.17556155772495843,0.09958960121912579
2021-09-04 05:50:00,0.2594142259414226,-0.019920318725099695,0.3066269545792999,0.21014104624174257,0.6486631505935009,0.00033407572383073496,0.5,0.22437787316020175,0.35145270066406836,0.7989222574892301,0.4173562332487575,0.17556155772495843,0.10539101045611599
2021-09-04 06:00:00,0.2315202231520223,-0.21912350597609564,0.30603127326880086,0.2029994643813604,0.6486631505935009,0.00033407572383073496,0.5,0.19095964509644525,0.37094656141974186,0.9004407678493733,0.43367631613334856,0.1821764910339349,0.08785098903088553
2021-09-04 06:10:00,0.2196652719665272,-0.29083665338645437,0.30483991064780347,0.20192822710230307,0.6460719006425776,0.00033407572383073496,0.5,0.19095964509644525,0.37094656141974186,0.9004407678493733,0.43367631613334856,0.1821764910339349,0.0771534619853041
2021-09-04 06:20:00,0.20571827057182707,0.6254980079681274,0.303350707371556,0.20049991073022677,0.6348038894923507,0.00033407572383073496,0.5,0.19095964509644525,0.37094656141974186,0.9004407678493733,0.43367631613334856,0.1821764910339349,0.07203102131961314
2021-09-04 06:30:00,0.23430962343096234,0.4661354581673305,0.30603127326880086,0.19942867345116966,0.6360209917420266,0.00033407572383073496,0.5,0.19095964509644525,0.37094656141974186,0.9004407678493733,0.43367631613334856,0.1821764910339349,0.08783590084041222
2021-09-04 06:40:00,0.21338912133891214,0.33864541832669315,0.30603127326880086,0.197286198893055,0.6543429610919894,0.00033407572383073496,0.5,0.19095964509644525,0.37094656141974186,0.9004407678493733,0.43367631613334856,0.1821764910339349,0.07484496884288667
2021-09-04 06:50:00,0.1499302649930265,-0.6573705179282869,0.30186150409530876,0.19907159435815025,0.662561673057544,0.00022271714922048998,0.5,0.19095964509644525,0.37094656141974186,0.9004407678493733,0.43367631613334856,0.1821764910339349,0.038588047135507036
2021-09-04 07:00:00,0.22663877266387727,-0.11553784860557781,0.29739389426656726,0.19978575254418862,0.6474591354647891,0.00022271714922048998,0.5,0.20349146811294538,0.3832164295545774,0.881517310698534,0.4330082002159124,0.17303655971001272,0.08377717760309006
2021-09-04 07:10:00,0.21617852161785217,0.346613545816733,0.3024571854058078,0.19264417068380646,0.646084987763542,0.00022271714922048998,0.5,0.20349146811294538,0.3832164295545774,0.881517310698534,0.4330082002159124,0.17303655971001272,0.08001267407999758
2021-09-04 07:20:00,0.16736401673640167,0.4501992031872508,0.29679821295606845,0.1937154079628638,0.6574184345185903,0.00022271714922048998,0.5,0.20349146811294538,0.3832164295545774,0.881517310698534,0.4330082002159124,0.17303655971001272,0.0506359672284503
2021-09-04 07:30:00,0.17224546722454673,0.03585657370517925,0.2908413998510797,0.18978753793965364,0.6625354988156156,0.00022271714922048998,0.5,0.20349146811294538,0.3832164295545774,0.881517310698534,0.4330082002159124,0.17303655971001272,0.05363097303740363
2021-09-04 07:40:00,0.1903765690376569,-0.02788844621513953,0.28875651526433344,0.18443135154436718,0.6625354988156156,0.00033407572383073496,0.5,0.20349146811294538,0.3832164295545774,0.881517310698534,0.4330082002159124,0.17303655971001272,0.06223878570243071
2021-09-04 07:50:00,0.22663877266387727,-0.23505976095617542,0.2881608339538346,0.18264595607927148,0.6625354988156156,0.00033407572383073496,0.5,0.20349146811294538,0.3832164295545774,0.881517310698534,0.4330082002159124,0.17303655971001272,0.08541424626944491
2021-09-04 08:00:00,0.20781032078103207,0.31474103585657365,0.2857781087118392,0.17871808605606132,0.6625354988156156,0.00033407572383073496,0.5,0.20001447524083416,0.3971816658860322,0.8495664922592026,0.41255680130994954,0.16830690523794306,0.08303785626989754
2021-09-04 08:10:00,0.1290097629009763,0.6653386454183265,0.28518242740134014,0.18014640242813784,0.6625354988156156,0.00022271714922048998,0.5,0.20001447524083416,0.3971816658860322,0.8495664922592026,0.41255680130994954,0.16830690523794306,0.04552107065799599
2021-09-04 08:20:00,0.16875871687587168,0.20318725099601576,0.2836932241250929,0.18800214247455838,0.6625354988156156,0.00022271714922048998,0.5,0.20001447524083416,0.3971816658860322,0.8495664922592026,0.41255680130994954,0.16830690523794306,0.05226549179956848
2021-09-04 08:30:00,0.11506276150627615,-0.3784860557768924,0.2762472077438567,0.1887163006605963,0.6501943437463193,0.00022271714922048998,0.5,0.20001447524083416,0.3971816658860322,0.8495664922592026,0.41255680130994954,0.16830690523794306,0.015472939330386109
2021-09-04 08:40:00,0.18898186889818688,0.19521912350597592,0.2801191362620996,0.18907337975361527,0.6460457264006491,0.00022271714922048998,0.5,0.20001447524083416,0.3971816658860322,0.8495664922592026,0.41255680130994954,0.16830690523794306,0.06902847141542315
2021-09-04 08:50:00,0.3242677824267783,0.593625498007968,0.2908413998510797,0.18300303517229088,0.6460457264006491,0.00022271714922048998,0.5,0.20001447524083416,0.3971816658860322,0.8495664922592026,0.41255680130994954,0.16830690523794306,0.1506555818760656
2021-09-04 09:00:00,0.3228730822873082,-0.14741035856573714,0.2994787788533133,0.17978932333511866,0.6585962754053736,0.00022271714922048998,0.5,0.23967826942825776,0.4043338208714203,0.7066453263859483,0.41866431199882737,0.2046459293914882,0.14916185101920726
2021-09-04 09:10:00,0.20920502092050208,-0.2749003984063746,0.30483991064780347,0.18478843063738615,0.659826464776014,0.00022271714922048998,0.5,0.23967826942825776,0.4043338208714203,0.7066453263859483,0.41866431199882737,0.2046459293914882,0.07391704512877771
2021-09-04 09:20:00,0.11157601115760113,-0.19521912350597614,0.31258376768428886,0.19942867345116966,0.659826464776014,0.00022271714922048998,0.5,0.23967826942825776,0.4043338208714203,0.7066453263859483,0.41866431199882737,0.2046459293914882,0.007762873998521357
2021-09-04 09:30:00,0.1304044630404463,0.33864541832669315,0.3262844378257632,0.2147830744509911,0.6661606313227153,0.0645879732739421,0.5,0.23967826942825776,0.4043338208714203,0.7066453263859483,0.41866431199882737,0.2046459293914882,0.0
2021-09-04 09:40:00,0.2831241283124128,-0.14741035856573714,0.3381980640357407,0.2062131762185324,0.6644200442344689,0.183630289532294,0.5,0.23967826942825776,0.4043338208714203,0.7066453263859483,0.41866431199882737,0.2046459293914882,0.08801695912609202
2021-09-04 09:50:00,0.29567642956764295,-0.3067729083665339,0.3486224869694712,0.2112122835207999,0.6736464645142715,0.00044543429844097997,0.5,0.23967826942825776,0.4043338208714203,0.7066453263859483,0.41866431199882737,0.2046459293914882,0.15312250101845287
2021-09-04 10:00:00,0.3849372384937238,-0.298804780876494,0.35874906924795225,0.22192465631137304,0.6693408017170304,0.00044543429844097997,0.5,0.45689680187230897,0.40525908961601487,0.46882052846742467,0.48402278326485604,0.26356979349003395,0.25151259109495
2021-09-04 10:10:00,0.402370990237099,-0.003984063745020028,0.3691734921816827,0.23227995000892698,0.6676394759916765,0.00022271714922048998,0.5,0.45689680187230897,0.40525908961601487,0.46882052846742467,0.48402278326485604,0.26356979349003395,0.29174525099204857
2021-09-04 10:20:00,0.40585774058577406,0.003984063745019917,0.3798957557706626,0.24620603463667212,0.6637133397023989,0.00022271714922048998,0.5,0.45689680187230897,0.40525908961601487,0.46882052846742467,0.48402278326485604,0.26356979349003395,0.2918056037539418
2021-09-04 10:30:00,0.44421199442119946,0.20318725099601576,0.3894266567386446,0.2676307802178184,0.6648650063472537,0.00022271714922048998,0.5,0.45689680187230897,0.40525908961601487,0.46882052846742467,0.48402278326485604,0.26356979349003395,0.3609019720264949
2021-09-04 10:40:00,0.4867503486750349,-0.08366533864541836,0.39717051377513,0.2833422603106588,0.6876235097041001,0.00022271714922048998,0.5,0.45689680187230897,0.40525908961601487,0.46882052846742467,0.48402278326485604,0.26356979349003395,0.42774265582328713
2021-09-04 10:50:00,0.49860529986053004,-0.019920318725099695,0.40580789277736407,0.29191215854311725,0.6868906309301017,0.00022271714922048998,0.5,0.45689680187230897,0.40525908961601487,0.46882052846742467,0.48402278326485604,0.26356979349003395,0.46511610362569217
2021-09-04 11:00:00,0.4393305439330544,-0.01195219123505975,0.41355174981384923,0.3054811640778434,0.6814071272460771,0.00022271714922048998,0.5,0.46982762789825827,0.39843738775369447,0.448196620733323,0.47427247676568446,0.29141837797437903,0.33716824841196796
2021-09-04 11:10:00,0.4281729428172943,0.1633466135458166,0.4189128816083394,0.3229780396357793,0.6772454227794428,0.00022271714922048998,0.5,0.46982762789825827,0.39843738775369447,0.448196620733323,0.47427247676568446,0.29141837797437903,0.33264933536520963
2021-09-04 11:20:00,0.4205020920502092,0.003984063745019917,0.4257632166790766,0.33226209605427615,0.6808051196817213,0.00022271714922048998,0.5,0.46982762789825827,0.39843738775369447,0.448196620733323,0.47427247676568446,0.29141837797437903,0.3014092369902078
2021-09-04 11:30:00,0.399581589958159,-0.043824701195219196,0.4317200297840653,0.3519014461703267,0.6822447029877898,0.00033407572383073496,0.5,0.46982762789825827,0.39843738775369447,0.448196620733323,0.47427247676568446,0.29141837797437903,0.26873576052024084
2021-09-04 11:40:00,0.3668061366806137,0.05179282868525892,0.4391660461653015,0.3569005534725942,0.6863540589705671,0.00022271714922048998,0.5,0.46982762789825827,0.39843738775369447,0.448196620733323,0.47427247676568446,0.29141837797437903,0.24865337900025652
2021-09-04 11:50:00,0.36959553695955366,-0.043824701195219196,0.4469099032017869,0.3601142653097662,0.6888013505908835,0.00033407572383073496,0.5,0.46982762789825827,0.39843738775369447,0.448196620733323,0.47427247676568446,0.29141837797437903,0.24362146747740546
2021-09-04 12:00:00,0.3368200836820084,-0.14741035856573714,0.45346239761727447,0.3772540617746831,0.6806218999882216,0.00022271714922048998,0.5,0.463850754263442,0.3888599941955184,0.4370715981128537,0.3659354194485531,0.29773935310624183,0.18594685939315297
2021-09-04 12:10:00,0.32984658298465835,-0.01195219123505975,0.4620997766195085,0.3904659882163899,0.6679928282577116,0.00022271714922048998,0.5,0.463850754263442,0.3888599941955184,0.4370715981128537,0.3659354194485531,0.29773935310624183,0.1767958718710865
2021-09-04 12:20:00,0.3054393305439331,0.2589641434262948,0.47192851824273996,0.3929655418675235,0.6901885854130949,0.00022271714922048998,0.5,0.463850754263442,0.3888599941955184,0.4370715981128537,0.3659354194485531,0.29773935310624183,0.16676976930156767
2021-09-04 12:30:00,0.26778242677824265,-0.15537848605577698,0.4775874906924793,0.3951080164256384,0.678671918964547,0.00022271714922048998,0.5,0.463850754263442,0.3888599941955184,0.4370715981128537,0.3659354194485531,0.29773935310624183,0.13919610121158169
2021-09-04 12:40:00,0.14016736401673638,0.06772908366533859,0.4850335070737155,0.39939296554186754,0.6854117862611404,0.026503340757238307,0.5,0.463850754263442,0.3888599941955184,0.4370715981128537,0.3659354194485531,0.29773935310624183,0.01686105285393123
2021-09-04 12:50:00,0.22733612273361226,-0.5298804780876495,0.4930752047654503,0.4001071237279059,0.6948214262344427,0.22906458797327395,0.5,0.463850754263442,0.3888599941955184,0.4370715981128537,0.3659354194485531,0.29773935310624183,0.024842705614315674
2021-09-04 13:00:00,0.10599721059972106,0.9920318725099599,0.4993298585256887,0.40689162649526867,0.7101987933674471,0.33730512249443206,0.5,0.5684130233141429,0.39095190613981806,0.3121674220349939,0.20140635988531988,0.2900378589925902,0.01371516514024473
2021-09-04 13:10:00,0.2705718270571827,-0.553784860557769,0.5163067758749067,0.4315300839135867,0.6998076193218254,0.3631403118040089,0.5,0.5684130233141429,0.39095190613981806,0.3121674220349939,0.20140635988531988,0.2900378589925902,0.03929719208775292
2021-09-04 13:20:00,0.12691771269177127,0.5697211155378485,0.5386448250186149,0.4750937332619174,0.670989778958527,0.7381959910913142,0.5,0.5684130233141429,0.39095190613981806,0.3121674220349939,0.20140635988531988,0.2900378589925902,0.0
2021-09-04 13:30:00,0.23430962343096234,0.003984063745019917,0.5538346984363365,0.49509016247098736,0.6843124681001426,0.07761692650334076,0.5,0.5684130233141429,0.39095190613981806,0.3121674220349939,0.20140635988531988,0.2900378589925902,0.04110023084931424
2021-09-04 13:40:00,0.22384937238493724,-0.5458167330677292,0.5577066269545792,0.5036600607034458,0.6748504796429833,0.03452115812917595,0.5,0.5684130233141429,0.39095190613981806,0.3121674220349939,0.20140635988531988,0.2900378589925902,0.040647585135114746
2021-09-04 13:50:00,0.15829846582984658,-0.17131474103585675,0.5484735666418465,0.47473665416889843,0.6284566358246849,0.00011135857461024499,0.5,0.5684130233141429,0.39095190613981806,0.3121674220349939,0.20140635988531988,0.2900378589925902,0.034121942755405345
2021-09-04 14:00:00,0.18131101813110181,0.8406374501992031,0.5475800446760981,0.47652204963399414,0.6959861800002618,0.00011135857461024499,0.5,0.5732580265043661,0.3713545991890966,0.2977136554843241,0.13235574806370148,0.21632504158976038,0.05473241094195573
2021-09-04 14:10:00,0.14435146443514643,0.41035856573705165,0.5437081161578554,0.47259417961078376,0.7227755166141,0.04844097995545657,0.5,0.5732580265043661,0.3713545991890966,0.2977136554843241,0.13235574806370148,0.21632504158976038,0.03299787256514326
2021-09-04 14:20:00,0.10251046025104603,0.42686397268070575,0.5478778853313475,0.4786645241921086,0.7399327321982436,0.9993318485523385,0.5,0.5732580265043661,0.3713545991890966,0.2977136554843241,0.13235574806370148,0.21632504158976038,0.0
2021-09-04 14:30:00,0.06345885634588563,0.4433693796243596,0.5630677587490691,0.49366184609891084,0.7399327321982436,0.9993318485523385,0.5,0.5732580265043661,0.3713545991890966,0.2977136554843241,0.13235574806370148,0.21632504158976038,0.0
2021-09-04 14:40:00,0.08368200836820083,0.4598747865680135,0.5785554728220401,0.5104445634708088,0.7399327321982436,0.9993318485523385,0.5,0.5732580265043661,0.3713545991890966,0.2977136554843241,0.13235574806370148,0.21632504158976038,0.0
2021-09-04 14:50:00,0.09205020920502092,0.4763801935116676,0.5955323901712581,0.5204427780753438,0.7399327321982436,0.9993318485523385,0.5,0.5732580265043661,0.3713545991890966,0.2977136554843241,0.13235574806370148,0.21632504158976038,0.0
2021-09-04 15:00:00,0.17154811715481172,0.49288560045532126,0.6086373790022337,0.5275843599357259,0.7399327321982436,0.9993318485523385,0.5,0.5822233036035009,0.35566813311226575,0.2831347233936677,0.11819121145108327,0.20429487937690924,0.0
2021-09-04 15:10:00,0.20920502092050208,0.5093910073989754,0.6181682799702157,0.5332976254240314,0.656646294381699,0.9993318485523385,0.5,0.5822233036035009,0.35566813311226575,0.2831347233936677,0.11819121145108327,0.20429487937690924,0.0
2021-09-04 15:20:00,0.06415620641562064,0.5258964143426292,0.6241250930752047,0.5686484556329228,0.5198466189422989,0.9993318485523385,0.5,0.5822233036035009,0.35566813311226575,0.2831347233936677,0.11819121145108327,0.20429487937690924,0.0
2021-09-04 15:30:00,0.09832635983263598,0.5424018212862833,0.6342516753536855,0.5947152294233171,0.5194540053133712,0.9993318485523385,0.5,0.5822233036035009,0.35566813311226575,0.2831347233936677,0.11819121145108327,0.20429487937690924,0.0
2021-09-04 15:40:00,0.060669456066945605,0.5589072282299372,0.6416976917349215,0.6054276022138905,0.5194540053133712,0.9993318485523385,0.5,0.5822233036035009,0.35566813311226575,0.2831347233936677,0.11819121145108327,0.20429487937690924,0.0
2021-09-04 15:50:00,0.0808926080892608,0.5754126351735913,0.6479523454951599,0.6257811105159794,0.5194540053133712,0.9993318485523385,0.5,0.5822233036035009,0.35566813311226575,0.2831347233936677,0.11819121145108327,0.20429487937690924,0.0
2021-09-04 16:00:00,0.08647140864714087,0.5919180421172452,0.6556962025316453,0.6400642742367435,0.5194540053133712,0.9993318485523385,0.5,0.6104708355582622,0.35391529480728745,0.24451094577085677,0.06406589696401631,0.23382468302595083,0.0
2021-09-04 16:10:00,0.09693165969316596,0.6084234490608991,0.6607594936708858,0.6468487770041065,0.5194540053133712,0.9993318485523385,0.5,0.6104708355582622,0.35391529480728745,0.24451094577085677,0.06406589696401631,0.23382468302595083,0.0
2021-09-04 16:20:00,0.2482566248256625,0.6249288560045532,0.6661206254653758,0.6493483306552401,0.5355511640994098,0.9993318485523385,0.5,0.6104708355582622,0.35391529480728745,0.24451094577085677,0.06406589696401631,0.23382468302595083,0.0
2021-09-04 16:30:00,0.34449093444909346,0.6414342629482073,0.6667163067758748,0.645063381539011,0.6776903848922275,0.14933184855233853,0.5,0.6104708355582622,0.35391529480728745,0.24451094577085677,0.06406589696401631,0.23382468302595083,0.14059175883036348
2021-09-04 16:40:00,0.23430962343096234,0.346613545816733,0.6735666418466117,0.6211390823067309,0.7054350813364567,0.00011135857461024499,0.5,0.6104708355582622,0.35391529480728745,0.24451094577085677,0.06406589696401631,0.23382468302595083,0.07335878208126499
2021-09-04 16:50:00,0.21478382147838215,-0.3944223107569722,0.6762472077438568,0.634708087841457,0.709937050948162,0.00033407572383073496,0.5,0.6104708355582622,0.35391529480728745,0.24451094577085677,0.06406589696401631,0.23382468302595083,0.0619521100834377
2021-09-04 17:00:00,0.21338912133891214,0.1394422310756971,0.6497393894266565,0.6068559185859668,0.6755440970540891,0.00033407572383073496,0.5,0.6157311180656007,0.3519239555526193,0.2413111718043507,0.07418008344038035,0.18965076429716524,0.07756084312808366
2021-09-04 17:10:00,0.1596931659693166,-0.2270916334661356,0.635740878629933,0.5797179075165149,0.6999123162895395,0.00033407572383073496,0.5,0.6157311180656007,0.3519239555526193,0.2413111718043507,0.07418008344038035,0.18965076429716524,0.04433664770584064
2021-09-04 17:20:00,0.30264993026499304,-0.2509960159362551,0.6288905435591956,0.5647205856097126,0.6540026959469186,0.00033407572383073496,0.5,0.6157311180656007,0.3519239555526193,0.2413111718043507,0.07418008344038035,0.18965076429716524,0.14708722482912626
2021-09-04 17:30:00,0.2391910739191074,-0.29083665338645437,0.6169769173492181,0.5515086591680056,0.6150946853201764,0.00033407572383073496,0.5,0.6157311180656007,0.3519239555526193,0.2413111718043507,0.07418008344038035,0.18965076429716524,0.08997087979238651
2021-09-04 17:40:00,0.40027894002789405,0.2350597609561753,0.6098287416232313,0.5511515800749867,0.62527646543037,0.00044543429844097997,0.5,0.6157311180656007,0.3519239555526193,0.2413111718043507,0.07418008344038035,0.18965076429716524,0.3123406309881256
2021-09-04 17:50:00,0.6854951185495118,0.027888446215139417,0.590766939687267,0.5361542581681842,0.6173718443679574,0.0033407572383073497,0.5,0.6157311180656007,0.3519239555526193,0.2413111718043507,0.07418008344038035,0.18965076429716524,0.8973022315433711
2021-09-04 18:00:00,0.6610878661087867,0.12350597609561742,0.5720029784065523,0.5154436707730763,0.6191255185771682,0.0006681514476614699,0.5,0.4957055896109128,0.3660989577795865,0.30515307923080137,0.10845772990079325,0.14283686972062692,0.8662884560254689
2021-09-04 18:10:00,0.6387726638772664,0.027888446215139417,0.5580044676098284,0.5183003035172289,0.6216513329232702,0.00011135857461024499,0.5,0.4957055896109128,0.3660989577795865,0.30515307923080137,0.10845772990079325,0.14283686972062692,0.7658312838541274
2021-09-04 18:20:00,0.6541143654114366,-0.11553784860557781,0.5472822040208485,0.5179432244242099,0.625328813914227,0.00022271714922048998,0.5,0.4957055896109128,0.3660989577795865,0.30515307923080137,0.10845772990079325,0.14283686972062692,0.7994477722286767
2021-09-04 18:30:00,0.6478382147838214,0.03585657370517925,0.5368577810871182,0.5108016425638278,0.6324089463558912,0.00022271714922048998,0.5,0.4957055896109128,0.3660989577795865,0.30515307923080137,0.10845772990079325,0.14283686972062692,0.798866876895454
2021-09-04 18:40:00,0.6408647140864714,-0.03585657370517936,0.5294117647058822,0.5158007498660953,0.6432974309981546,0.0010022271714922048,0.5,0.4957055896109128,0.3660989577795865,0.30515307923080137,0.10845772990079325,0.14283686972062692,0.8111863844169169
2021-09-04 18:50:00,0.7475592747559275,-0.043824701195219196,0.527922561429635,0.5068737725406176,0.6429833400950126,0.013585746102449888,0.5,0.4957055896109128,0.3660989577795865,0.30515307923080137,0.10845772990079325,0.14283686972062692,0.7842891953468021
2021-09-04 19:00:00,0.8200836820083682,-0.05179282868525903,0.5237527922561427,0.4958043206570255,0.6400125636361256,0.03608017817371938,0.5,0.5041497246869229,0.3584755479056475,0.303699535746175,0.09097244019905841,0.1793009520657223,0.7573919308357349
2021-09-04 19:10:00,0.6213389121338913,-0.2509960159362551,0.5160089352196573,0.49830387430815937,0.6316760675818925,0.00011135857461024499,0.5,0.5041497246869229,0.3584755479056475,0.303699535746175,0.09097244019905841,0.1793009520657223,0.73049474176562
2021-09-04 19:20:00,0.8375174337517434,-0.05179282868525903,0.5073715562174235,0.507587930726656,0.5951368258496813,0.0465478841870824,0.5,0.5041497246869229,0.3584755479056475,0.303699535746175,0.09097244019905841,0.1793009520657223,0.7520532386800851
2021-09-04 19:30:00,0.7594142259414226,0.1633466135458166,0.4847356664184659,0.4868773433315481,0.5872452919082332,0.020824053452115816,0.5,0.5041497246869229,0.3584755479056475,0.303699535746175,0.09097244019905841,0.1793009520657223,0.7736118110355026
2021-09-04 19:40:00,0.8110181311018132,0.05179282868525892,0.47431124348473563,0.47580789144795577,0.5967727159702138,0.02783964365256125,0.5,0.5041497246869229,0.3584755479056475,0.303699535746175,0.09097244019905841,0.1793009520657223,0.7951702702294914
2021-09-04 19:50:00,0.8912133891213389,0.38645418326693215,0.47520476545048385,0.4618818068202106,0.5967727159702138,0.0633630289532294,0.5,0.5041497246869229,0.3584755479056475,0.303699535746175,0.09097244019905841,0.1793009520657223,0.8167288048644327
2021-09-04 20:00:00,0.8458856345885635,0.17928286852589648,0.4656738644825016,0.45545438314586684,0.6075303294028347,0.04944320712694878,0.5,0.5040031378586582,0.36983738832839586,0.337646408490865,0.13565864555150636,0.2514695016903935,0.8382872640584215
2021-09-04 20:10:00,0.9393305439330545,0.21912350597609564,0.458525688756515,0.45045527584359935,0.6106843255552211,0.08496659242761692,0.5,0.5040031378586582,0.36983738832839586,0.337646408490865,0.13565864555150636,0.2514695016903935,0.8598457986933628
2021-09-04 20:20:00,0.7824267782426779,0.3545816733067728,0.4549516008935217,0.44402785216925555,0.6106843255552211,0.026057906458797325,0.5,0.5040031378586582,0.36983738832839586,0.337646408490865,0.13565864555150636,0.2514695016903935,0.881404333328304
2021-09-04 20:30:00,0.7796373779637378,0.09960159362549792,0.44422933730454184,0.4543831458668095,0.6136289277721794,0.02694877505567929,0.5,0.5040031378586582,0.36983738832839586,0.337646408490865,0.13565864555150636,0.2514695016903935,0.9029627925222927
2021-09-04 20:40:00,0.6875871687587168,-0.11553784860557781,0.4412509307520476,0.45688269951794314,0.6106843255552211,0.00512249443207127,0.5,0.5040031378586582,0.36983738832839586,0.337646408490865,0.13565864555150636,0.2514695016903935,0.9245213271572341
2021-09-04 20:50:00,0.7503486750348675,-0.059760956175298974,0.43678332092330585,0.46509551865738263,0.6106843255552211,0.01135857461024499,0.5,0.5040031378586582,0.36983738832839586,0.337646408490865,0.13565864555150636,0.2514695016903935,0.9084222279222054
2021-09-04 21:00:00,0.6527196652719665,0.3067729083665336,0.42993298585256867,0.4640242813783253,0.6118229050791116,0.000556792873051225,0.5,0.48621099898173004,0.38955250900125604,0.40865052398961804,0.3187394307757293,0.28326545234612577,0.8923231286871766
2021-09-04 21:10:00,0.6910739191073919,-0.07569721115537853,0.4269545793000742,0.45973933226209596,0.6205258405203439,0.0026726057906458797,0.5,0.48621099898173004,0.38955250900125604,0.40865052398961804,0.3187394307757293,0.28326545234612577,0.944083166105889
2021-09-04 21:20:00,0.6394700139470014,-0.24302788844621515,0.42069992553983626,0.4668809141224781,0.6205389276413081,0.004342984409799555,0.5,0.48621099898173004,0.38955250900125604,0.40865052398961804,0.3187394307757293,0.28326545234612577,0.8346409765076874
2021-09-04 21:30:00,0.7545327754532776,0.07569721115537842,0.4192107222635888,0.46295304409926796,0.6205389276413081,0.01135857461024499,0.5,0.48621099898173004,0.38955250900125604,0.40865052398961804,0.3187394307757293,0.28326545234612577,0.8067479668663338
2021-09-04 21:40:00,0.7308228730822873,-0.059760956175298974,0.4189128816083394,0.449384038564542,0.6205389276413081,0.007015590200445435,0.5,0.48621099898173004,0.38955250900125604,0.40865052398961804,0.3187394307757293,0.28326545234612577,0.7788548817840276
2021-09-04 21:50:00,0.6122733612273361,-0.17131474103585675,0.4117647058823528,0.4558114622388858,0.6157490413683894,0.00011135857461024499,0.5,0.48621099898173004,0.38955250900125604,0.40865052398961804,0.3187394307757293,0.28326545234612577,0.750961872142674
2021-09-04 22:00:00,0.6638772663877266,-0.298804780876494,0.4040208488458674,0.4575968577039815,0.6106843255552211,0.00011135857461024499,0.5,0.4162558622223895,0.41003485562072034,0.4981465481766222,0.5592254860133615,0.2537198122220314,0.8603361648837455
2021-09-04 22:10:00,0.6806136680613668,-0.2749003984063746,0.39717051377513,0.452954829494733,0.6073732839512636,0.00044543429844097997,0.5,0.4162558622223895,0.41003485562072034,0.4981465481766222,0.5592254860133615,0.2537198122220314,0.9005537365903707
2021-09-04 22:20:00,0.6959553695955369,-0.15537848605577698,0.3924050632911391,0.4490269594715228,0.6007381136223842,0.0012249443207126948,0.5,0.4162558622223895,0.41003485562072034,0.4981465481766222,0.5592254860133615,0.2537198122220314,0.9626340962928316
2021-09-04 22:30:00,0.7273361227336123,0.003984063745019917,0.38644825018615014,0.4315300839135867,0.6007381136223842,0.004231625835189309,0.5,0.4162558622223895,0.41003485562072034,0.4981465481766222,0.5592254860133615,0.2537198122220314,0.9352150821551971
2021-09-04 22:40:00,0.6827057182705718,-0.29083665338645437,0.3843633655994041,0.4254597393322621,0.6007381136223842,0.00022271714922048998,0.5,0.4162558622223895,0.41003485562072034,0.4981465481766222,0.5592254860133615,0.2537198122220314,0.9077960680175626
2021-09-04 22:50:00,0.6199442119944213,-0.043824701195219196,0.37751303052866714,0.4308159257275488,0.6038004999280209,0.0034521158129175947,0.5,0.4162558622223895,0.41003485562072034,0.4981465481766222,0.5592254860133615,0.2537198122220314,0.7640885978544594
2021-09-04 23:00:00,0.6757322175732218,0.019920318725099362,0.3813849590469096,0.4397429030530262,0.6052139089921609,0.004008908685968819,0.5,0.36098222180271433,0.4261178654452357,0.5449429888085268,0.6985954608797285,0.22682832024596208,0.864719284216244
2021-09-04 23:10:00,0.698744769874477,-0.003984063745020028,0.3781087118391657,0.42795929298339574,0.610226276321472,0.00033407572383073496,0.5,0.36098222180271433,0.4261178654452357,0.5449429888085268,0.6985954608797285,0.22682832024596208,0.9242497397287145
2021-09-04 23:20:00,0.6485355648535566,0.22709163346613526,0.3801935964259122,0.41367612926263164,0.6051092120244468,0.00011135857461024499,0.5,0.36098222180271433,0.4261178654452357,0.5449429888085268,0.6985954608797285,0.22682832024596208,0.813261010606998
2021-09-04 23:30:00,0.5132496513249651,-0.06772908366533881,0.3763216679076691,0.4229601856811285,0.5944039470756829,0.00022271714922048998,0.5,0.36098222180271433,0.4261178654452357,0.5449429888085268,0.6985954608797285,0.22682832024596208,0.505454380856104
2021-09-04 23:40:00,0.5529986052998606,-0.3227091633466136,0.37483246463142206,0.44117121942510273,0.5723128868880136,0.00022271714922048998,0.5,0.36098222180271433,0.4261178654452357,0.5449429888085268,0.6985954608797285,0.22682832024596208,0.6002534815999517
2021-09-04 23:50:00,0.6436541143654114,0.15537848605577675,0.3798957557706626,0.4386716657739689,0.5588724136577193,0.0017817371937639199,0.5,0.36098222180271433,0.4261178654452357,0.5449429888085268,0.6985954608797285,0.22682832024596208,0.8333886566984022
2021-09-05 00:00:00,0.809623430962343,0.1633466135458166,0.3879374534623974,0.42331726477414744,0.577233644370575,0.030734966592427616,0.5,0.3606158047616872,0.43600847109397217,0.5588134103906675,0.697160467227778,0.2044280786592458,0.807567708254749
2021-09-05 00:10:00,0.7873082287308228,0.09163346613545809,0.3950856291883842,0.404749151937154,0.5982777348811035,0.026280623608017816,0.5,0.3606158047616872,0.43600847109397217,0.5588134103906675,0.697160467227778,0.2044280786592458,0.7817468352520482
2021-09-05 00:20:00,0.6415620641562064,-0.12350597609561753,0.39329858525688755,0.40082128191394384,0.5912499509232964,0.00022271714922048998,0.5,0.3606158047616872,0.43600847109397217,0.5588134103906675,0.697160467227778,0.2044280786592458,0.7559258868083951
2021-09-05 00:30:00,0.4818688981868898,0.05976095617529875,0.3843633655994041,0.4236743438671666,0.5869442881260551,0.00022271714922048998,0.5,0.3606158047616872,0.43600847109397217,0.5588134103906675,0.697160467227778,0.2044280786592458,0.3913876608778309
2021-09-05 00:40:00,0.5509065550906556,-0.07569721115537853,0.3840655249441547,0.44402785216925555,0.5880959547709099,0.00022271714922048998,0.5,0.3606158047616872,0.43600847109397217,0.5588134103906675,0.697160467227778,0.2044280786592458,0.570333599891365
2021-09-05 00:50:00,0.7308228730822873,-0.2749003984063746,0.3807892777364108,0.4243885020532048,0.6003978484773135,0.014253897550111359,0.5,0.3606158047616872,0.43600847109397217,0.5588134103906675,0.697160467227778,0.2044280786592458,0.9751799266713944
2021-09-05 01:00:00,0.7245467224546723,0.19521912350597592,0.36649292628443764,0.39010890912337093,0.6038266741699493,0.001893095768374165,0.5,0.31498330844636957,0.4525742298287128,0.6169054386392743,0.6536207722957585,0.20356791231397559,0.9293420040134588
2021-09-05 01:10:00,0.6959553695955369,0.07569721115537842,0.3611317944899479,0.3854668809141224,0.6121369959822539,0.00011135857461024499,0.5,0.31498330844636957,0.4525742298287128,0.6169054386392743,0.6536207722957585,0.20356791231397559,0.8835040813555229
2021-09-05 01:20:00,0.6143654114365412,-0.1394422310756973,0.3533879374534623,0.38332440635600795,0.6240201018178012,0.00011135857461024499,0.5,0.31498330844636957,0.4525742298287128,0.6169054386392743,0.6536207722957585,0.20356791231397559,0.7153990071970668
2021-09-05 01:30:00,0.496513249651325,-0.15537848605577698,0.34028294862248676,0.38653811819317974,0.6224758215440185,0.00022271714922048998,0.5,0.31498330844636957,0.4525742298287128,0.6169054386392743,0.6536207722957585,0.20356791231397559,0.4636978137212004
2021-09-05 01:40:00,0.29707112970711297,-0.26693227091633476,0.3349218168279968,0.4051062310301732,0.5453534177016398,0.00022271714922048998,0.5,0.31498330844636957,0.4525742298287128,0.6169054386392743,0.6536207722957585,0.20356791231397559,0.1517570197806177
2021-09-05 01:50:00,0.39121338912133896,0.36254980079681287,0.32866716306775867,0.3968934118907337,0.5533889099736949,0.00022271714922048998,0.5,0.31498330844636957,0.4525742298287128,0.6169054386392743,0.6536207722957585,0.20356791231397559,0.28212652956530926
2021-09-05 02:00:00,0.5202231520223152,0.4581673306772909,0.3221146686522709,0.35904302803070887,0.5889989661174438,0.00033407572383073496,0.5,0.31242646060683277,0.4574132129526145,0.659254507956762,0.6105661711075274,0.21265115499255247,0.49022285257329085
2021-09-05 02:10:00,0.5062761506276151,0.11553784860557759,0.31317944899478767,0.3315479378682378,0.6234180942534452,0.00022271714922048998,0.5,0.31242646060683277,0.4574132129526145,0.659254507956762,0.6105661711075274,0.21265115499255247,0.4714003349578285
2021-09-05 02:20:00,0.5146443514644351,0.29083665338645415,0.3051377513030529,0.3119085877521872,0.6314012380416433,0.00033407572383073496,0.5,0.31242646060683277,0.4574132129526145,0.659254507956762,0.6105661711075274,0.21265115499255247,0.5135114745688549
2021-09-05 02:30:00,0.602510460251046,0.05179282868525892,0.29322412509307516,0.29548294947330844,0.6497493816335345,0.00033407572383073496,0.5,0.31242646060683277,0.4574132129526145,0.659254507956762,0.6105661711075274,0.21265115499255247,0.6947659067248065
2021-09-05 02:40:00,0.5355648535564853,-0.42629482071713154,0.280416976917349,0.2833422603106588,0.6491342869482143,0.00033407572383073496,0.5,0.31242646060683277,0.4574132129526145,0.659254507956762,0.6105661711075274,0.21265115499255247,0.5470298897053276
2021-09-05 02:50:00,0.4916317991631799,-0.3067729083665339,0.27446016381236027,0.2847705766827351,0.6083679051445473,0.00022271714922048998,0.5,0.31242646060683277,0.4574132129526145,0.659254507956762,0.6105661711075274,0.21265115499255247,0.42695052582343807
2021-09-05 03:00:00,0.41631799163179917,-0.13147410358565736,0.26999255398361877,0.2847705766827351,0.5920220910601877,0.00022271714922048998,0.5,0.299919052051832,0.45698218713991534,0.6881336346944167,0.6041178670558924,0.2062740213949205,0.29757683660998535
2021-09-05 03:10:00,0.4679218967921897,0.47410358565737054,0.26254653760238256,0.25691840742724525,0.6043370718875554,0.00033407572383073496,0.5,0.299919052051832,0.45698218713991534,0.6881336346944167,0.6041178670558924,0.2062740213949205,0.4122470842071911
2021-09-05 03:20:00,0.4470013947001395,0.01195219123505975,0.2565897244973938,0.23513658275308003,0.6043501590085196,0.00033407572383073496,0.5,0.299919052051832,0.45698218713991534,0.6881336346944167,0.6041178670558924,0.2062740213949205,0.3550779305037947
2021-09-05 03:30:00,0.5327754532775453,0.10756972111553775,0.26314221891288136,0.23120871272986965,0.6212194579314497,0.00011135857461024499,0.5,0.299919052051832,0.45698218713991534,0.6881336346944167,0.6041178670558924,0.2062740213949205,0.5117763326644236
2021-09-05 03:40:00,0.42747559274755925,-0.01195219123505975,0.2711839166046164,0.23192287091590802,0.6179738519323135,0.00033407572383073496,0.5,0.299919052051832,0.45698218713991534,0.6881336346944167,0.6041178670558924,0.2062740213949205,0.352995760218477
2021-09-05 03:50:00,0.38702928870292885,0.17131474103585642,0.270886075949367,0.2340653454740227,0.6259046472366544,0.00033407572383073496,0.5,0.299919052051832,0.45698218713991534,0.6881336346944167,0.6041178670558924,0.2062740213949205,0.26403578918780274
2021-09-05 04:00:00,0.39121338912133896,0.1394422310756971,0.26939687267311974,0.22371005177646874,0.6410987946761592,0.00044543429844097997,0.5,0.22771645071097102,0.46146198208656775,0.7799095231953812,0.6359871228889477,0.19539047921817893,0.27755480785189435
2021-09-05 04:10:00,0.5167364016736402,0.01195219123505975,0.27029039463886795,0.21942510266023918,0.6370548742982031,0.00033407572383073496,0.5,0.22771645071097102,0.46146198208656775,0.7799095231953812,0.6359871228889477,0.19539047921817893,0.45809255096036333
2021-09-05 04:20:00,0.48465829846582986,0.1633466135458166,0.2685033507073715,0.20871272986966627,0.6370548742982031,0.00022271714922048998,0.5,0.22771645071097102,0.46146198208656775,0.7799095231953812,0.6359871228889477,0.19539047921817893,0.4279991550613335
2021-09-05 04:30:00,0.4421199442119944,0.07569721115537842,0.2670141474311243,0.20442778075343693,0.6370548742982031,0.00022271714922048998,0.5,0.22771645071097102,0.46146198208656775,0.7799095231953812,0.6359871228889477,0.19539047921817893,0.3807429424989061
2021-09-05 04:40:00,0.40027894002789405,0.3306772908366533,0.2652271034996274,0.20442778075343693,0.6394759916765911,0.00022271714922048998,0.5,0.22771645071097102,0.46146198208656775,0.7799095231953812,0.6359871228889477,0.19539047921817893,0.29559273956274423
2021-09-05 04:50:00,0.44142259414225943,-0.17928286852589637,0.27058823529411735,0.20549901803249426,0.6421719385952285,0.00022271714922048998,0.5,0.22771645071097102,0.46146198208656775,0.7799095231953812,0.6359871228889477,0.19539047921817893,0.34248683555381204
2021-09-05 05:00:00,0.45258019525801957,-0.01195219123505975,0.27446016381236027,0.20871272986966627,0.641242753006766,0.00033407572383073496,0.5,0.23076185460521104,0.46525788274374025,0.7984850023910803,0.6322248798864865,0.20113666021819454,0.373945712690677
2021-09-05 05:10:00,0.398884239888424,-0.21115537848605592,0.2789277736411018,0.2097839671487236,0.6499587755689625,0.00022271714922048998,0.5,0.23076185460521104,0.46525788274374025,0.7984850023910803,0.6322248798864865,0.20113666021819454,0.2676041462347421
2021-09-05 05:20:00,0.2907949790794979,0.14741035856573692,0.2789277736411018,0.21228352079985724,0.6388608969912708,0.00022271714922048998,0.5,0.23076185460521104,0.46525788274374025,0.7984850023910803,0.6322248798864865,0.20113666021819454,0.1689877333011452
2021-09-05 05:30:00,0.299860529986053,0.19521912350597592,0.2765450483991063,0.20514193893947508,0.6388608969912708,0.00011135857461024499,0.5,0.23076185460521104,0.46525788274374025,0.7984850023910803,0.6322248798864865,0.20113666021819454,0.14672510825776666
2021-09-05 05:40:00,0.300557880055788,0.49800796812749004,0.2726731198808636,0.19300124977682542,0.6388608969912708,0.00011135857461024499,0.5,0.23076185460521104,0.46525788274374025,0.7984850023910803,0.6322248798864865,0.20113666021819454,0.13705357816437075
2021-09-05 05:50:00,0.28172942817294283,0.4262948207171313,0.27029039463886795,0.18157471880021436,0.6388608969912708,0.00011135857461024499,0.5,0.23076185460521104,0.46525788274374025,0.7984850023910803,0.6322248798864865,0.20113666021819454,0.126340962928316
2021-09-05 06:00:00,0.2670850767085077,-0.07569721115537853,0.26939687267311974,0.17586145331190872,0.6344374501053512,0.00011135857461024499,0.5,0.23347342742684574,0.4898378480892631,0.7784445664396313,0.6749577728635398,0.21280144145134228,0.11544728940658147
2021-09-05 06:10:00,0.2189679218967922,0.4422310756972112,0.2670141474311243,0.17336189966077487,0.6250670714949418,0.00022271714922048998,0.5,0.23347342742684574,0.4898378480892631,0.7784445664396313,0.6749577728635398,0.21280144145134228,0.0826681956033013
2021-09-05 06:20:00,0.12412831241283125,0.4183266932270917,0.26314221891288136,0.17550437421888954,0.6250670714949418,0.00022271714922048998,0.5,0.23347342742684574,0.4898378480892631,0.7784445664396313,0.6749577728635398,0.21280144145134228,0.02041432171039727
2021-09-05 06:30:00,0.22036262203626222,-0.6653386454183268,0.25807892777364083,0.18443135154436718,0.5993508788001728,0.00022271714922048998,0.5,0.23347342742684574,0.4898378480892631,0.7784445664396313,0.6749577728635398,0.21280144145134228,0.07279297493851562
2021-09-05 06:40:00,0.3926080892608089,0.019920318725099362,0.255994043186895,0.1780039278700234,0.5701273376869822,0.00022271714922048998,0.5,0.23347342742684574,0.4898378480892631,0.7784445664396313,0.6749577728635398,0.21280144145134228,0.26012794785521376
2021-09-05 06:50:00,0.4351464435146444,0.22709163346613526,0.25152643335815306,0.16336368505623988,0.6001361060580284,0.00022271714922048998,0.5,0.23347342742684574,0.4898378480892631,0.7784445664396313,0.6749577728635398,0.21280144145134228,0.33435430088869444
2021-09-05 07:00:00,0.5509065550906556,0.31474103585657365,0.25093075204765447,0.15443670773076223,0.6278677153812933,0.00044543429844097997,0.5,0.23206472633956832,0.5241044001988472,0.7974228072918629,0.6289234470100297,0.2501300046586251,0.598261840457474
2021-09-05 07:10:00,0.48326359832635984,0.003984063745019917,0.2491437081161576,0.15622210319585794,0.6570519951315911,0.00033407572383073496,0.5,0.23206472633956832,0.5241044001988472,0.7974228072918629,0.6289234470100297,0.2501300046586251,0.4515593644854172
2021-09-05 07:20:00,0.397489539748954,0.4183266932270917,0.2482501861504094,0.16157828959114462,0.6602976011307272,0.00033407572383073496,0.5,0.23206472633956832,0.5241044001988472,0.7974228072918629,0.6289234470100297,0.2501300046586251,0.29188858880154506
2021-09-05 07:30:00,0.35495118549511856,0.2350597609561753,0.24646314221891252,0.15729334047491506,0.6733585478530578,0.00033407572383073496,0.5,0.23206472633956832,0.5241044001988472,0.7974228072918629,0.6289234470100297,0.2501300046586251,0.24605821023884608
2021-09-05 07:40:00,0.3716875871687587,-0.10756972111553798,0.24348473566641826,0.15800749866095343,0.6704270327570637,0.00033407572383073496,0.5,0.23206472633956832,0.5241044001988472,0.7974228072918629,0.6289234470100297,0.2501300046586251,0.2788825686135462
2021-09-05 07:50:00,0.2789400278940028,0.10756972111553775,0.24169769173492162,0.15407962863774327,0.6703877713941709,0.00033407572383073496,0.5,0.23206472633956832,0.5241044001988472,0.7974228072918629,0.6289234470100297,0.2501300046586251,0.15104787482837184
2021-09-05 08:00:00,0.25871687587168757,-0.36254980079681276,0.23752792256142952,0.15086591680057126,0.6697465024669222,0.00033407572383073496,0.5,0.23160872290019774,0.5378512501185317,0.785454217121251,0.5926628704780716,0.26021954512281276,0.11753700378713582
2021-09-05 08:10:00,0.17294281729428174,-0.42629482071713154,0.23484735666418444,0.1505088377075523,0.6501943437463193,0.00022271714922048998,0.5,0.23160872290019774,0.5378512501185317,0.785454217121251,0.5926628704780716,0.26021954512281276,0.04940627970487499
2021-09-05 08:20:00,0.12412831241283125,-0.5139442231075697,0.23216679076693958,0.15122299589359045,0.633311957702425,0.00033407572383073496,0.5,0.23160872290019774,0.5378512501185317,0.785454217121251,0.5926628704780716,0.26021954512281276,0.017909682091826726
2021-09-05 08:30:00,0.07531380753138076,-0.4342629482071714,0.23246463142218898,0.16086413140510625,0.6236013139469448,0.5142538975501114,0.5,0.23160872290019774,0.5378512501185317,0.785454217121251,0.5926628704780716,0.26021954512281276,0.0
2021-09-05 08:40:00,0.056485355648535567,-0.2334661354581674,0.24854802680565902,0.18050348152115703,0.6236013139469448,0.9985523385300669,0.5,0.23160872290019774,0.5378512501185317,0.785454217121251,0.5926628704780716,0.26021954512281276,0.0
2021-09-05 08:50:00,0.0801952580195258,-0.03266932270916334,0.2646314221891286,0.2029994643813604,0.6236013139469448,0.9985523385300669,0.5,0.23160872290019774,0.5378512501185317,0.785454217121251,0.5926628704780716,0.26021954512281276,0.0
2021-09-05 09:00:00,0.1290097629009763,0.16812749003984062,0.2759493670886075,0.2112122835207999,0.6236013139469448,0.9985523385300669,0.5,0.2240684565490958,0.5632530380136054,0.7531040610067241,0.59151472367089,0.266230343806525,0.0
2021-09-05 09:10:00,0.18340306834030684,0.36892430278884447,0.2801191362620996,0.2062131762185324,0.6236013139469448,0.9985523385300669,0.5,0.2240684565490958,0.5632530380136054,0.7531040610067241,0.59151472367089,0.266230343806525,0.0
2021-09-05 09:20:00,0.14086471408647142,0.5697211155378485,0.280416976917349,0.2065702553115516,0.7010770700553586,0.9827394209354121,0.5,0.2240684565490958,0.5632530380136054,0.7531040610067241,0.59151472367089,0.266230343806525,0.0
2021-09-05 09:30:00,0.14365411436541145,0.42031872509960144,0.28190618019359626,0.21514015354401006,0.7244244938555966,0.9995545657015591,0.5,0.2240684565490958,0.5632530380136054,0.7531040610067241,0.59151472367089,0.266230343806525,0.0
2021-09-05 09:40:00,0.16457461645746163,0.27091633466135456,0.2839910647803423,0.21406891626495272,0.7244244938555966,0.9995545657015591,0.5,0.2240684565490958,0.5632530380136054,0.7531040610067241,0.59151472367089,0.266230343806525,0.0
2021-09-05 09:50:00,0.2175732217573222,0.12151394422310746,0.28071481757259864,0.21228352079985724,0.6878067293975999,0.5847438752783964,0.5,0.2240684565490958,0.5632530380136054,0.7531040610067241,0.59151472367089,0.266230343806525,0.020089925615220966
2021-09-05 10:00:00,0.19177126917712692,-0.02788844621513953,0.28905435591958284,0.2240671308694877,0.6691575820235307,0.00022271714922048998,0.5,0.31762157117732737,0.5716206857908039,0.6419357567258723,0.4645648971383099,0.2781789922989113,0.04675075818157128
2021-09-05 10:10:00,0.18479776847977683,0.003984063745019917,0.302755026061057,0.2626316729155509,0.6643022601457905,0.00022271714922048998,0.5,0.31762157117732737,0.5716206857908039,0.6419357567258723,0.4645648971383099,0.2781789922989113,0.04608687780074536
2021-09-05 10:20:00,0.201534170153417,0.5697211155378485,0.31347728965003685,0.29191215854311725,0.6527463323343498,0.00022271714922048998,0.5,0.31762157117732737,0.5716206857908039,0.6419357567258723,0.4645648971383099,0.2781789922989113,0.05290673989468443
2021-09-05 10:30:00,0.21687587168758715,-0.07569721115537853,0.3206254653760239,0.3144081414033211,0.6527463323343498,0.00044543429844097997,0.5,0.31762157117732737,0.5716206857908039,0.6419357567258723,0.4645648971383099,0.2781789922989113,0.07284578360517223
2021-09-05 10:40:00,0.198744769874477,0.2350597609561753,0.28160833953834685,0.2737011247991432,0.6527463323343498,0.00033407572383073496,0.5,0.31762157117732737,0.5716206857908039,0.6419357567258723,0.4645648971383099,0.2781789922989113,0.06540730570182718
2021-09-05 10:50:00,0.16248256624825663,0.6254980079681274,0.25837676842889046,0.2162113908230674,0.6527463323343498,0.00022271714922048998,0.5,0.31762157117732737,0.5716206857908039,0.6419357567258723,0.4645648971383099,0.2781789922989113,0.04662250856254809
2021-09-05 11:00:00,0.1297071129707113,0.4262948207171313,0.2524199553239015,0.19442956614890217,0.6527463323343498,0.00033407572383073496,0.5,0.32080542374599874,0.5928357762918577,0.5996729210124282,0.26380690388088623,0.30108860474697485,0.02595168761410444
2021-09-05 11:10:00,0.08926080892608089,-0.5458167330677292,0.2524199553239015,0.18657382610248163,0.6527463323343498,0.000556792873051225,0.5,0.32080542374599874,0.5928357762918577,0.5996729210124282,0.26380690388088623,0.30108860474697485,0.0
2021-09-05 11:20:00,0.07880055788005579,-0.31474103585657376,0.25837676842889046,0.18585966791644348,0.6527463323343498,0.7936525612472161,0.5,0.32080542374599874,0.5928357762918577,0.5996729210124282,0.26380690388088623,0.30108860474697485,0.0
2021-09-05 11:30:00,0.11366806136680613,-0.2817302219692659,0.2813104988830972,0.21692554900910554,0.6527463323343498,0.9993318485523385,0.5,0.32080542374599874,0.5928357762918577,0.5996729210124282,0.26380690388088623,0.30108860474697485,0.0
2021-09-05 11:40:00,0.11436541143654114,-0.24871940808195803,0.2982874162323157,0.24156400642742382,0.6527463323343498,0.9993318485523385,0.5,0.32080542374599874,0.5928357762918577,0.5996729210124282,0.26380690388088623,0.30108860474697485,0.0
2021-09-05 11:50:00,0.12133891213389121,-0.21570859419465016,0.3116902457185404,0.2526334583110159,0.6527463323343498,0.9993318485523385,0.5,0.32080542374599874,0.5928357762918577,0.5996729210124282,0.26380690388088623,0.30108860474697485,0.0
2021-09-05 12:00:00,0.15132496513249652,-0.18269778030734218,0.32360387192851814,0.2540617746830922,0.6527463323343498,0.9993318485523385,0.5,0.3223607116615408,0.6058929849112252,0.5402638012761813,0.11106528958987105,0.38705392911705966,0.0
2021-09-05 12:10:00,0.15411436541143653,-0.1496869664200342,0.33224125093075174,0.2540617746830922,0.6527463323343498,0.9993318485523385,0.5,0.3223607116615408,0.6058929849112252,0.5402638012761813,0.11106528958987105,0.38705392911705966,0.0
2021-09-05 12:20:00,0.2831241283124128,-0.11667615253272634,0.33581533879374503,0.25691840742724525,0.745154493462983,0.6912026726057907,0.5,0.3223607116615408,0.6058929849112252,0.5402638012761813,0.11106528958987105,0.38705392911705966,0.018407592377446172
2021-09-05 12:30:00,0.18549511854951187,-0.08366533864541836,0.34058078927773616,0.2715586502410283,0.7810262920260171,0.00011135857461024499,0.5,0.3223607116615408,0.6058929849112252,0.5402638012761813,0.11106528958987105,0.38705392911705966,0.046833743229174524
2021-09-05 12:40:00,0.19316596931659694,0.027888446215139417,0.35189873417721507,0.30476700589180505,0.8078287157608197,0.00022271714922048998,0.5,0.3223607116615408,0.6058929849112252,0.5402638012761813,0.11106528958987105,0.38705392911705966,0.05303498951370762
2021-09-05 12:50:00,0.16875871687587168,0.36254980079681287,0.36738644825018585,0.3390465988216391,0.827236916150816,0.00033407572383073496,0.5,0.3223607116615408,0.6058929849112252,0.5402638012761813,0.11106528958987105,0.38705392911705966,0.04081355523032123
2021-09-05 13:00:00,0.198744769874477,-0.298804780876494,0.3778108711839163,0.37225495447241563,0.8138357042834147,0.00044543429844097997,0.5,0.3815103146096872,0.6019131799073012,0.48954385847442355,0.10920785501291223,0.5920098071017443,0.054913469227635535
2021-09-05 13:10:00,0.2196652719665272,0.298804780876494,0.35189873417721507,0.33976075700767727,0.8145293216945204,0.00022271714922048998,0.5,0.3815103146096872,0.6019131799073012,0.48954385847442355,0.10920785501291223,0.5920098071017443,0.10050243674276144
2021-09-05 13:20:00,0.19804741980474197,0.13147410358565725,0.3390915860014889,0.29369755400821274,0.8279174464409574,0.00022271714922048998,0.5,0.3815103146096872,0.6019131799073012,0.48954385847442355,0.10920785501291223,0.5920098071017443,0.07723644703290734
2021-09-05 13:30:00,0.23709902370990238,-0.059760956175298974,0.33670886075949347,0.2765577575432958,0.8208373139992934,0.00033407572383073496,0.5,0.3815103146096872,0.6019131799073012,0.48954385847442355,0.10920785501291223,0.5920098071017443,0.09053668693513588
2021-09-05 13:40:00,0.2712691771269177,-0.40239043824701204,0.3349218168279968,0.26798785931083735,0.8242399654500007,0.00022271714922048998,0.5,0.3815103146096872,0.6019131799073012,0.48954385847442355,0.10920785501291223,0.5920098071017443,0.128460853689817
2021-09-05 13:50:00,0.23640167364016737,0.03585657370517925,0.33134772896500375,0.25870380289234074,0.8405334310505032,0.00022271714922048998,0.5,0.3815103146096872,0.6019131799073012,0.48954385847442355,0.10920785501291223,0.5920098071017443,0.09815622312416074
2021-09-05 14:00:00,0.2698744769874477,-0.13147410358565736,0.3337304542069992,0.2483485091947868,0.831882844093128,0.00022271714922048998,0.5,0.38449061327326195,0.6016660584413535,0.4825484109746465,0.2759959148459969,0.6993376993678851,0.12529233369042053
2021-09-05 14:10:00,0.2175732217573222,0.29083665338645415,0.33879374534623974,0.2483485091947868,0.8458729764039209,0.00022271714922048998,0.5,0.38449061327326195,0.6016660584413535,0.4825484109746465,0.2759959148459969,0.6993376993678851,0.08205712388913197
2021-09-05 14:20:00,0.25662482566248257,-0.01195219123505975,0.34683544303797453,0.2622745938225317,0.8299852115533104,0.00022271714922048998,0.5,0.38449061327326195,0.6016660584413535,0.4825484109746465,0.2759959148459969,0.6993376993678851,0.1240626461668452
2021-09-05 14:30:00,0.23361227336122734,0.22709163346613526,0.3530900967982129,0.26477414747366557,0.8349844917616573,0.00022271714922048998,0.5,0.38449061327326195,0.6016660584413535,0.4825484109746465,0.2759959148459969,0.6993376993678851,0.10196599121867314
2021-09-05 14:40:00,0.29009762900976294,0.003984063745019917,0.35577066269545776,0.2672737011247992,0.8323016319639842,0.00022271714922048998,0.5,0.38449061327326195,0.6016660584413535,0.4825484109746465,0.2759959148459969,0.6993376993678851,0.17398192434781298
2021-09-05 14:50:00,0.3054393305439331,-0.07569721115537853,0.3614296351451971,0.2722728084270667,0.8336496054233029,0.00022271714922048998,0.5,0.38449061327326195,0.6016660584413535,0.4825484109746465,0.2759959148459969,0.6993376993678851,0.18077915415604207
2021-09-05 15:00:00,0.3507670850767085,0.13147410358565725,0.36262099776619494,0.28262810212462064,0.8327073327138762,0.00022271714922048998,0.5,0.409440291799509,0.5864364797259828,0.44209204245178874,0.3309341645740705,0.7358838998048176,0.21213241395959384
2021-09-05 15:10:00,0.3186889818688982,0.14741035856573692,0.36589724497393883,0.280128548473487,0.8428629385821412,0.00044543429844097997,0.5,0.409440291799509,0.5864364797259828,0.44209204245178874,0.3309341645740705,0.7358838998048176,0.17814626491844832
2021-09-05 15:20:00,0.2796373779637378,-0.21912350597609564,0.37006701414743093,0.2819139439385825,0.8531101542971562,0.00022271714922048998,0.5,0.409440291799509,0.5864364797259828,0.44209204245178874,0.3309341645740705,0.7358838998048176,0.14072000844938667
2021-09-05 15:30:00,0.26569037656903766,-0.2749003984063746,0.3781087118391657,0.2833422603106588,0.8384133174542931,0.00022271714922048998,0.5,0.409440291799509,0.5864364797259828,0.44209204245178874,0.3309341645740705,0.7358838998048176,0.12388158788116542
2021-09-05 15:40:00,0.24476987447698745,0.05179282868525892,0.38674609084139977,0.2908409212640599,0.8423525408645351,0.00022271714922048998,0.5,0.409440291799509,0.5864364797259828,0.44209204245178874,0.3309341645740705,0.7358838998048176,0.10192827074248986
2021-09-05 15:50:00,0.20781032078103207,-0.3466135458167332,0.39419210722263576,0.3008391358685949,0.84491761657353,0.00022271714922048998,0.5,0.409440291799509,0.5864364797259828,0.44209204245178874,0.3309341645740705,0.7358838998048176,0.07803612112799312
2021-09-05 16:00:00,0.30613668061366806,0.2589641434262948,0.403127326880119,0.31262274593822537,0.8415934878486082,0.00033407572383073496,0.5,0.4791593220384207,0.5841146873482428,0.3684940708690585,0.30988520423808247,0.7697659034123778,0.18557719872655673
2021-09-05 16:10:00,0.39121338912133896,0.10756972111553775,0.4072970960536113,0.3086948759150152,0.8543796050306893,0.00022271714922048998,0.5,0.4791593220384207,0.5841146873482428,0.3684940708690585,0.30988520423808247,0.7697659034123778,0.27191182461487395
2021-09-05 16:20:00,0.30474198047419804,0.06772908366533859,0.4114668652271034,0.3133369041242635,0.863056366229993,0.00033407572383073496,0.5,0.4791593220384207,0.5841146873482428,0.3684940708690585,0.30988520423808247,0.7697659034123778,0.17408754168112617
2021-09-05 16:30:00,0.695258019525802,0.8087649402390438,0.41355174981384923,0.32440635600785583,0.9477038646268209,0.027505567928730514,0.5,0.4791593220384207,0.5841146873482428,0.3684940708690585,0.30988520423808247,0.7697659034123778,0.8707017517389141
2021-09-05 16:40:00,0.8995815899581591,-0.019920318725099695,0.38198064035740864,0.3026245313336904,0.9531481069479526,0.07427616926503341,0.5,0.4791593220384207,0.5841146873482428,0.3684940708690585,0.30988520423808247,0.7697659034123778,0.7687131282345309
2021-09-05 16:50:00,0.7468619246861925,0.07569721115537842,0.3486224869694712,0.2740582038921622,0.9585923492690843,0.043875278396436526,0.5,0.4791593220384207,0.5841146873482428,0.3684940708690585,0.30988520423808247,0.7697659034123778,0.6667245047301478
2021-09-05 17:00:00,0.48326359832635984,0.13147410358565725,0.3268801191362618,0.270130333868952,0.9640366439386999,0.002561247216035635,0.5,0.49460630513474113,0.5747643007180906,0.3567154482555893,0.2915664964344135,0.7850313889553031,0.5647358812257647
2021-09-05 17:10:00,0.4707112970711297,0.1633466135458166,0.32866716306775867,0.2787002321014105,0.9694808339113479,0.00011135857461024499,0.5,0.49460630513474113,0.5747643007180906,0.3567154482555893,0.2915664964344135,0.7850313889553031,0.4532492418184287
2021-09-05 17:20:00,0.30613668061366806,0.01195219123505975,0.33879374534623974,0.30119621496161386,0.9749250762324797,0.00011135857461024499,0.5,0.49460630513474113,0.5747643007180906,0.3567154482555893,0.2915664964344135,0.7850313889553031,0.1591879535887261
2021-09-05 17:30:00,0.25313807531380755,-0.33067729083665354,0.3462397617274757,0.3054811640778434,0.9803693185536114,0.00022271714922048998,0.5,0.49460630513474113,0.5747643007180906,0.3567154482555893,0.2915664964344135,0.7850313889553031,0.11441374835915928
2021-09-05 17:40:00,0.05299860529986053,-0.26693227091633476,0.3545793000744599,0.3133369041242635,0.9631074060017537,0.6785077951002227,0.5,0.49460630513474113,0.5747643007180906,0.3567154482555893,0.2915664964344135,0.7850313889553031,0.0
2021-09-05 17:50:00,0.021617852161785217,-0.20318725099601598,0.3739389426656736,0.33833244063560075,0.9631074060017537,0.9993318485523385,0.5,0.49460630513474113,0.5747643007180906,0.3567154482555893,0.2915664964344135,0.7850313889553031,0.0
2021-09-05 18:00:00,0.06276150627615062,-0.1394422310756972,0.3873417721518986,0.35725763256561316,0.9631074060017537,0.9993318485523385,0.5,0.416321000806144,0.6095739453516754,0.4692671678107203,0.19373615409207237,0.6974035862126235,0.0
2021-09-05 18:10:00,0.0815899581589958,-0.07569721115537853,0.40491437081161563,0.3743974290305303,0.9631074060017537,0.9993318485523385,0.5,0.416321000806144,0.6095739453516754,0.4692671678107203,0.19373615409207237,0.6974035862126235,0.0
2021-09-05 18:20:00,0.1087866108786611,-0.011952191235059972,0.41712583767684275,0.3861810391001608,0.9631074060017537,0.9993318485523385,0.5,0.416321000806144,0.6095739453516754,0.4692671678107203,0.19373615409207237,0.6974035862126235,0.0
2021-09-05 18:30:00,0.1290097629009763,0.05179282868525892,0.42457185405807873,0.3861810391001608,0.9631074060017537,0.9993318485523385,0.5,0.416321000806144,0.6095739453516754,0.4692671678107203,0.19373615409207237,0.6974035862126235,0.0
2021-09-05 18:40:00,0.2112970711297071,0.11553784860557759,0.43231571109456435,0.3918943045884662,0.9231262514559422,0.9357461024498887,0.5,0.416321000806144,0.6095739453516754,0.4692671678107203,0.19373615409207237,0.6974035862126235,0.0
2021-09-05 18:50:00,0.20432357043235705,0.17928286852589648,0.4424422933730452,0.4176039992858418,0.8406904765020743,0.005679287305122495,0.5,0.416321000806144,0.6095739453516754,0.4692671678107203,0.19373615409207237,0.6974035862126235,0.06123542103595516
2021-09-05 19:00:00,0.24686192468619247,-0.07569721115537853,0.45673864482501836,0.45045527584359935,0.8426797188886417,0.00011135857461024499,0.5,0.4137560148127739,0.6039591157649119,0.46928428771740544,0.2836250843990652,0.658823166491455,0.1042518520753806
2021-09-05 19:10:00,0.28591352859135283,-0.36254980079681276,0.43767684288905406,0.42617389751830026,0.8402062530263967,0.00011135857461024499,0.5,0.4137560148127739,0.6039591157649119,0.46928428771740544,0.2836250843990652,0.658823166491455,0.14486171673431206
2021-09-05 19:20:00,0.3493723849372385,0.3784860557768923,0.4266567386448248,0.3693983217282628,0.8372878250513669,0.00011135857461024499,0.5,0.4137560148127739,0.6039591157649119,0.46928428771740544,0.2836250843990652,0.658823166491455,0.21516514024473044
2021-09-05 19:30:00,0.3584379358437936,0.043824701195219085,0.4198064035740878,0.34333154793786824,0.8495504573948777,0.00022271714922048998,0.5,0.4137560148127739,0.6039591157649119,0.46928428771740544,0.2836250843990652,0.658823166491455,0.2297478763371909
2021-09-05 19:40:00,0.4372384937238493,-0.10756972111553798,0.41325390915860005,0.33226209605427615,0.8486605331693081,0.00022271714922048998,0.5,0.4137560148127739,0.6039591157649119,0.46928428771740544,0.2836250843990652,0.658823166491455,0.3694796083105753
2021-09-05 19:50:00,0.4205020920502092,-0.02788844621513953,0.40521221146686504,0.32690590965898947,0.8596798890212142,0.00022271714922048998,0.5,0.4137560148127739,0.6039591157649119,0.46928428771740544,0.2836250843990652,0.658823166491455,0.3299410051752494
2021-09-05 20:00:00,0.41562064156206413,-0.2749003984063746,0.39776619508562905,0.32547759328691295,0.8626114041172083,0.00022271714922048998,0.5,0.4278594354055718,0.6011631949932045,0.44697565435136677,0.31894743270959197,0.6370578207824203,0.3272703954614723
2021-09-05 20:10:00,0.3612273361227336,-0.21912350597609564,0.38972449739389403,0.3165506159614355,0.8589993587310727,0.00011135857461024499,0.5,0.4278594354055718,0.6011631949932045,0.44697565435136677,0.31894743270959197,0.6370578207824203,0.2352927863361347
2021-09-05 20:20:00,0.3688981868898187,0.33864541832669315,0.3843633655994041,0.30619532226388135,0.8514742641766238,0.00022271714922048998,0.5,0.4278594354055718,0.6011631949932045,0.44697565435136677,0.31894743270959197,0.6370578207824203,0.23376887909832975
2021-09-05 20:30:00,0.3688981868898187,0.394422310756972,0.3793000744601638,0.29405463310123214,0.8525474080956931,0.00022271714922048998,0.5,0.4278594354055718,0.6011631949932045,0.44697565435136677,0.31894743270959197,0.6370578207824203,0.23176969386061533
2021-09-05 20:40:00,0.31311018131101814,-0.17131474103585675,0.3772151898734175,0.28869844670594547,0.8626244912381725,0.00022271714922048998,0.5,0.4278594354055718,0.6011631949932045,0.44697565435136677,0.31894743270959197,0.6370578207824203,0.1690933506344584
2021-09-05 20:50:00,0.2705718270571827,-0.14741035856573714,0.3772151898734175,0.2851276557757545,0.8626244912381725,0.00022271714922048998,0.5,0.4278594354055718,0.6011631949932045,0.44697565435136677,0.31894743270959197,0.6370578207824203,0.12235768064336044
2021-09-05 21:00:00,0.25383542538354253,-0.0916334661354582,0.3760238272524199,0.2765577575432958,0.8626244912381725,0.00022271714922048998,0.5,0.4391941826875452,0.6157088794190911,0.4450901819617816,0.331428624597838,0.595528743160401,0.10509679074188633
2021-09-05 21:10:00,0.20920502092050208,-0.14741035856573714,0.3718540580789278,0.2719157293340475,0.8626244912381725,0.00033407572383073496,0.5,0.4391941826875452,0.6157088794190911,0.4450901819617816,0.331428624597838,0.595528743160401,0.07367563408120464
2021-09-05 21:20:00,0.15271966527196654,-0.4422310756972112,0.3694713328369321,0.2719157293340475,0.8626244912381725,0.00033407572383073496,0.5,0.4391941826875452,0.6157088794190911,0.4450901819617816,0.331428624597838,0.595528743160401,0.03835418018317063
2021-09-05 21:30:00,0.12273361227336123,-0.3545816733067729,0.3655994043186892,0.27477236207820055,0.8626244912381725,0.00044543429844097997,0.5,0.4391941826875452,0.6157088794190911,0.4450901819617816,0.331428624597838,0.595528743160401,0.0174268599966806
2021-09-05 21:40:00,0.10669456066945607,-0.003984063745020028,0.36291883842144435,0.283699339403678,0.8626244912381725,0.00044543429844097997,0.5,0.4391941826875452,0.6157088794190911,0.4450901819617816,0.331428624597838,0.595528743160401,0.007136714093878722
2021-09-05 21:50:00,0.09344490934449094,0.10756972111553775,0.36262099776619494,0.28762720942688813,0.8626244912381725,0.004677060133630289,0.5,0.4391941826875452,0.6157088794190911,0.4450901819617816,0.331428624597838,0.595528743160401,0.0
2021-09-05 22:00:00,0.08228730822873082,0.5298804780876492,0.36262099776619494,0.2737011247991432,0.8626244912381725,0.3894209354120267,0.5,0.38221883428951076,0.6321999270129612,0.5429994355503359,0.3540502068484439,0.5985833583387241,0.0
2021-09-05 22:10:00,0.13737796373779637,-0.08366533864541836,0.3679821295606849,0.27584359935725766,0.8626244912381725,0.9995545657015591,0.5,0.38221883428951076,0.6321999270129612,0.5429994355503359,0.3540502068484439,0.5985833583387241,0.0
2021-09-05 22:20:00,0.11506276150627615,-0.08366533864541836,0.3697691734921815,0.2961971076593466,0.8626244912381725,0.9995545657015591,0.5,0.38221883428951076,0.6321999270129612,0.5429994355503359,0.3540502068484439,0.5985833583387241,0.0
2021-09-05 22:30:00,0.11018131101813111,-0.08366533864541836,0.3650037230081904,0.3040528477057669,0.8626244912381725,0.9995545657015591,0.5,0.38221883428951076,0.6321999270129612,0.5429994355503359,0.3540502068484439,0.5985833583387241,0.0
2021-09-05 22:40:00,0.08716875871687588,-0.08366533864541836,0.36262099776619494,0.2979825031244421,0.8626244912381725,0.9995545657015591,0.5,0.38221883428951076,0.6321999270129612,0.5429994355503359,0.3540502068484439,0.5985833583387241,0.0
2021-09-05 22:50:00,0.08647140864714087,-0.08366533864541836,0.36262099776619494,0.2926263167291556,0.8626244912381725,0.9995545657015591,0.5,0.38221883428951076,0.6321999270129612,0.5429994355503359,0.3540502068484439,0.5985833583387241,0.0
2021-09-05 23:00:00,0.0794979079497908,-0.08366533864541836,0.3605361131794489,0.28619889305481183,0.8626244912381725,0.9995545657015591,0.5,0.2994793249201275,0.633576336108183,0.5303722996359039,0.3461786260356433,0.6183785509076863,0.0
2021-09-05 23:10:00,0.06276150627615062,-0.08366533864541836,0.356664184661206,0.28262810212462064,0.8626244912381725,0.9995545657015591,0.5,0.2994793249201275,0.633576336108183,0.5303722996359039,0.3461786260356433,0.6183785509076863,0.0
2021-09-05 23:20:00,0.06415620641562064,-0.08366533864541836,0.3536857781087117,0.27798607391537233,0.8626244912381725,0.9995545657015591,0.5,0.2994793249201275,0.633576336108183,0.5303722996359039,0.3461786260356433,0.6183785509076863,0.0
2021-09-05 23:30:00,0.06694560669456066,-0.08366533864541836,0.3501116902457184,0.27584359935725766,0.8626244912381725,0.9995545657015591,0.5,0.2994793249201275,0.633576336108183,0.5303722996359039,0.3461786260356433,0.6183785509076863,0.0
2021-09-05 23:40:00,0.061366806136680614,-0.08366533864541836,0.349813849590469,0.27441528298518114,0.8626244912381725,0.9995545657015591,0.5,0.2994793249201275,0.633576336108183,0.5303722996359039,0.3461786260356433,0.6183785509076863,0.0
2021-09-05 23:50:00,0.05090655509065551,-0.08366533864541836,0.34772896500372297,0.2719157293340475,0.8626244912381725,0.9995545657015591,0.5,0.2994793249201275,0.633576336108183,0.5303722996359039,0.3461786260356433,0.6183785509076863,0.0
2021-09-06 00:00:00,0.048814504881450484,-0.08366533864541836,0.3453462397617275,0.270487412961971,0.8626244912381725,0.9995545657015591,0.5,0.29531018873512727,0.6349642392250747,0.5908243387245822,0.3083524975031057,0.6427695095440814,0.0
2021-09-06 00:10:00,0.04393305439330544,-0.08366533864541836,0.343261355174981,0.26477414747366557,0.8626244912381725,0.9995545657015591,0.5,0.29531018873512727,0.6349642392250747,0.5908243387245822,0.3083524975031057,0.6427695095440814,0.0
2021-09-06 00:20:00,0.05090655509065551,-0.08366533864541836,0.3381980640357407,0.2626316729155509,0.8626244912381725,0.9995545657015591,0.5,0.29531018873512727,0.6349642392250747,0.5908243387245822,0.3083524975031057,0.6427695095440814,0.0
2021-09-06 00:30:00,0.10460251046025104,-0.08366533864541836,0.33581533879374503,0.2597750401713981,0.8626244912381725,0.9995545657015591,0.5,0.29531018873512727,0.6349642392250747,0.5908243387245822,0.3083524975031057,0.6427695095440814,0.0
2021-09-06 00:40:00,0.14853556485355648,-0.08366533864541836,0.33641102010424406,0.25370469559007325,0.8626244912381725,0.9995545657015591,0.5,0.29531018873512727,0.6349642392250747,0.5908243387245822,0.3083524975031057,0.6427695095440814,0.0
2021-09-06 00:50:00,0.1701534170153417,-0.08366533864541836,0.3384959046909901,0.24727727191572946,0.8626244912381725,0.9995545657015591,0.5,0.29531018873512727,0.6349642392250747,0.5908243387245822,0.3083524975031057,0.6427695095440814,0.0
2021-09-06 01:00:00,0.14853556485355648,-0.08366533864541836,0.3384959046909901,0.24370648098553827,0.8626244912381725,0.9995545657015591,0.5,0.2466567029870692,0.6377141839100933,0.5982307907989252,0.25945819252324015,0.657064800640999,0.0
2021-09-06 01:10:00,0.16457461645746163,0.7750536316273366,0.3384959046909901,0.24192108552044278,0.8373532606561883,0.9995545657015591,0.5,0.2466567029870692,0.6377141839100933,0.5982307907989252,0.25945819252324015,0.657064800640999,0.0
2021-09-06 01:20:00,0.11785216178521618,0.7726019000919397,0.33998510796723735,0.24299232279950012,0.8029733938830798,0.9995545657015591,0.5,0.2466567029870692,0.6377141839100933,0.5982307907989252,0.25945819252324015,0.657064800640999,0.0
2021-09-06 01:30:00,0.12482566248256625,0.7701501685565428,0.3384959046909901,0.2369219782181753,0.8029733938830798,0.9995545657015591,0.5,0.2466567029870692,0.6377141839100933,0.5982307907989252,0.25945819252324015,0.657064800640999,0.0
2021-09-06 01:40:00,0.12761506276150628,0.7676984370211459,0.3390915860014889,0.23299410819496535,0.8029733938830798,0.9995545657015591,0.5,0.2466567029870692,0.6377141839100933,0.5982307907989252,0.25945819252324015,0.657064800640999,0.0
2021-09-06 01:50:00,0.10390516039051603,0.7652467054857492,0.341772151898734,0.2304945545438315,0.8029733938830798,0.9995545657015591,0.5,0.2466567029870692,0.6377141839100933,0.5982307907989252,0.25945819252324015,0.657064800640999,0.0
2021-09-06 02:00:00,0.09135285913528592,0.7627949739503523,0.33879374534623974,0.2258525263345832,0.8029733938830798,0.9995545657015591,0.5,0.22483387659957232,0.634607924553242,0.6453300635579706,0.21107650151520993,0.6717456765052503,0.0
2021-09-06 02:10:00,0.08926080892608089,0.7603432424149554,0.34415487714072945,0.2258525263345832,0.8029733938830798,0.9995545657015591,0.5,0.22483387659957232,0.634607924553242,0.6453300635579706,0.21107650151520993,0.6717456765052503,0.0
2021-09-06 02:20:00,0.09135285913528592,0.7578915108795585,0.3414743112434846,0.2240671308694877,0.8029733938830798,0.9995545657015591,0.5,0.22483387659957232,0.634607924553242,0.6453300635579706,0.21107650151520993,0.6717456765052503,0.0
2021-09-06 02:30:00,0.08437935843793584,0.7554397793441616,0.33968726731198795,0.222281735404392,0.8029733938830798,0.9995545657015591,0.5,0.22483387659957232,0.634607924553242,0.6453300635579706,0.21107650151520993,0.6717456765052503,0.0
2021-09-06 02:40:00,0.07880055788005579,0.7529880478087649,0.3384959046909901,0.22192465631137304,0.8029733938830798,0.9995545657015591,0.5,0.22483387659957232,0.634607924553242,0.6453300635579706,0.21107650151520993,0.6717456765052503,0.0
2021-09-06 02:50:00,0.09414225941422595,0.750536316273368,0.3384959046909901,0.21656846991608636,0.8029733938830798,0.9995545657015591,0.5,0.22483387659957232,0.634607924553242,0.6453300635579706,0.21107650151520993,0.6717456765052503,0.0
2021-09-06 03:00:00,0.07880055788005579,0.7480845847379711,0.33611317944899466,0.21514015354401006,0.8029733938830798,0.9995545657015591,0.5,0.21148777125650753,0.6298436525702066,0.7028524427633964,0.15969201369276287,0.7170655583809851,0.0
2021-09-06 03:10:00,0.0697350069735007,0.7456328532025742,0.3289650037230081,0.21228352079985724,0.8029733938830798,0.9995545657015591,0.5,0.21148777125650753,0.6298436525702066,0.7028524427633964,0.15969201369276287,0.7170655583809851,0.0
2021-09-06 03:20:00,0.09205020920502092,0.7431811216671773,0.3268801191362618,0.2115693626138191,0.8029733938830798,0.9995545657015591,0.5,0.21148777125650753,0.6298436525702066,0.7028524427633964,0.15969201369276287,0.7170655583809851,0.0
2021-09-06 03:30:00,0.09902370990237098,0.7407293901317804,0.32509307520476516,0.20549901803249426,0.8029733938830798,0.9995545657015591,0.5,0.21148777125650753,0.6298436525702066,0.7028524427633964,0.15969201369276287,0.7170655583809851,0.0
2021-09-06 03:40:00,0.09135285913528592,0.7382776585963837,0.32092330603127306,0.20335654347437981,0.8029733938830798,0.9995545657015591,0.5,0.21148777125650753,0.6298436525702066,0.7028524427633964,0.15969201369276287,0.7170655583809851,0.0
2021-09-06 03:50:00,0.0801952580195258,0.7358259270609868,0.3179448994787788,0.20049991073022677,0.8029733938830798,0.9995545657015591,0.5,0.21148777125650753,0.6298436525702066,0.7028524427633964,0.15969201369276287,0.7170655583809851,0.0
2021-09-06 04:00:00,0.06276150627615062,0.7333741955255899,0.3149664929262843,0.19800035707909291,0.8029733938830798,0.9995545657015591,0.5,0.2086866120365296,0.6209587738177682,0.6934712411564585,0.13497047711573634,0.8275359180817158,0.0
2021-09-06 04:10:00,0.029288702928870293,0.730922463990193,0.31198808637378983,0.1937154079628638,0.8029733938830798,0.9995545657015591,0.5,0.2086866120365296,0.6209587738177682,0.6934712411564585,0.13497047711573634,0.8275359180817158,0.0
2021-09-06 04:20:00,0.021617852161785217,0.7284707324547961,0.3066269545792999,0.190501696125692,0.8029733938830798,0.9995545657015591,0.5,0.2086866120365296,0.6209587738177682,0.6934712411564585,0.13497047711573634,0.8275359180817158,0.0
2021-09-06 04:30:00,0.04393305439330544,0.7260190009193994,0.3036485480268054,0.18657382610248163,0.8029733938830798,0.9995545657015591,0.5,0.2086866120365296,0.6209587738177682,0.6934712411564585,0.13497047711573634,0.8275359180817158,0.0
2021-09-06 04:40:00,0.04951185495118549,0.7235672693840025,0.3024571854058078,0.18300303517229088,0.8029733938830798,0.9995545657015591,0.5,0.2086866120365296,0.6209587738177682,0.6934712411564585,0.13497047711573634,0.8275359180817158,0.0
2021-09-06 04:50:00,0.029288702928870293,0.7211155378486056,0.29709605361131786,0.18264595607927148,0.8029733938830798,0.9995545657015591,0.5,0.2086866120365296,0.6209587738177682,0.6934712411564585,0.13497047711573634,0.8275359180817158,0.0
2021-09-06 05:00:00,0.04672245467224547,0.7186638063132087,0.2947133283693222,0.17871808605606132,0.8029733938830798,0.9995545657015591,0.5,0.23495543860480028,0.6152922211334828,0.6538055586942052,0.18294575655629017,0.9390917999019773,0.0
2021-09-06 05:10:00,0.04951185495118549,0.7162120747778118,0.29709605361131786,0.17586145331190872,0.8029733938830798,0.9995545657015591,0.5,0.23495543860480028,0.6152922211334828,0.6538055586942052,0.18294575655629017,0.9390917999019773,0.0
2021-09-06 05:20:00,0.04741980474198048,0.7137603432424151,0.29709605361131786,0.1730048205677559,0.8029733938830798,0.9995545657015591,0.5,0.23495543860480028,0.6152922211334828,0.6538055586942052,0.18294575655629017,0.9390917999019773,0.0
2021-09-06 05:30:00,0.05230125523012552,0.7113086117070182,0.3024571854058078,0.17086234600964123,0.8029733938830798,0.9995545657015591,0.5,0.23495543860480028,0.6152922211334828,0.6538055586942052,0.18294575655629017,0.9390917999019773,0.0
2021-09-06 05:40:00,0.04672245467224547,0.7088568801716211,0.2982874162323157,0.1647920014283164,0.8029733938830798,0.9995545657015591,0.5,0.23495543860480028,0.6152922211334828,0.6538055586942052,0.18294575655629017,0.9390917999019773,0.0
2021-09-06 05:50:00,0.04951185495118549,0.7064051486362242,0.2944154877140728,0.1637207641492593,0.8029733938830798,0.9995545657015591,0.5,0.23495543860480028,0.6152922211334828,0.6538055586942052,0.18294575655629017,0.9390917999019773,0.0
2021-09-06 06:00:00,0.039051603905160395,0.7039534171008273,0.2944154877140728,0.16157828959114462,0.8029733938830798,0.9995545657015591,0.5,0.13296629370130253,0.6251052421359364,0.758913416008533,0.27176341407025506,0.030124827688476977,0.0
2021-09-06 06:10:00,0.05439330543933055,0.7015016855654304,0.2905435591958301,0.15907873594001076,0.8029733938830798,0.9995545657015591,0.5,0.13296629370130253,0.6251052421359364,0.758913416008533,0.27176341407025506,0.030124827688476977,0.0
2021-09-06 06:20:00,0.0599721059972106,0.6990499540300334,0.28875651526433344,0.15443670773076223,0.8029733938830798,0.9995545657015591,0.5,0.13296629370130253,0.6251052421359364,0.758913416008533,0.27176341407025506,0.030124827688476977,0.0
2021-09-06 06:30:00,0.07252440725244073,0.6965982224946368,0.2881608339538346,0.15443670773076223,0.8029733938830798,0.9995545657015591,0.5,0.13296629370130253,0.6251052421359364,0.758913416008533,0.27176341407025506,0.030124827688476977,0.0
2021-09-06 06:40:00,0.06903765690376569,0.6941464909592399,0.2872673119880862,0.15086591680057126,0.8029733938830798,0.9995545657015591,0.5,0.13296629370130253,0.6251052421359364,0.758913416008533,0.27176341407025506,0.030124827688476977,0.0
2021-09-06 06:50:00,0.056485355648535567,0.691694759423843,0.2845867460908411,0.15015175861453312,0.8029733938830798,0.9995545657015591,0.5,0.13296629370130253,0.6251052421359364,0.758913416008533,0.27176341407025506,0.030124827688476977,0.0
2021-09-06 07:00:00,0.05439330543933055,0.689243027888446,0.2792256142963514,0.1440814140332083,0.8029733938830798,0.9995545657015591,0.5,0.12655789779479387,0.6249414523271087,0.7806889227989856,0.2177093285150841,0.046974070773951146,0.0
2021-09-06 07:10:00,0.06206415620641562,0.6867912963530491,0.2789277736411018,0.14372433494018932,0.8029733938830798,0.9995545657015591,0.5,0.12655789779479387,0.6249414523271087,0.7806889227989856,0.2177093285150841,0.046974070773951146,0.0
2021-09-06 07:20:00,0.05299860529986053,0.6843395648176522,0.27773641102010416,0.14372433494018932,0.8029733938830798,0.9995545657015591,0.5,0.12655789779479387,0.6249414523271087,0.7806889227989856,0.2177093285150841,0.046974070773951146,0.0
2021-09-06 07:30:00,0.05718270571827057,0.6818878332822556,0.2762472077438567,0.14372433494018932,0.8029733938830798,0.9995545657015591,0.5,0.12655789779479387,0.6249414523271087,0.7806889227989856,0.2177093285150841,0.046974070773951146,0.0
2021-09-06 07:40:00,0.055788005578800565,0.6794361017468586,0.2768428890543557,0.14943760042849497,0.8029733938830798,0.9995545657015591,0.5,0.12655789779479387,0.6249414523271087,0.7806889227989856,0.2177093285150841,0.046974070773951146,0.0
2021-09-06 07:50:00,0.055788005578800565,0.6769843702114617,0.2762472077438567,0.1597928941260489,0.8029733938830798,0.9995545657015591,0.5,0.12655789779479387,0.6249414523271087,0.7806889227989856,0.2177093285150841,0.046974070773951146,0.0
2021-09-06 08:00:00,0.07112970711297072,0.6745326386760648,0.28220402084884566,0.17229066238171753,0.8029733938830798,0.9995545657015591,0.5,0.13614200811614063,0.6265218803070057,0.7728898541979977,0.19355056432815995,0.03894402537733328,0.0
2021-09-06 08:10:00,0.08228730822873082,0.6720809071406677,0.29262844378257613,0.18657382610248163,0.8029733938830798,0.9995545657015591,0.5,0.13614200811614063,0.6265218803070057,0.7728898541979977,0.19355056432815995,0.03894402537733328,0.0
2021-09-06 08:20:00,0.08228730822873082,0.6696291756052708,0.29739389426656726,0.2029994643813604,0.8029733938830798,0.9995545657015591,0.5,0.13614200811614063,0.6265218803070057,0.7728898541979977,0.19355056432815995,0.03894402537733328,0.0
2021-09-06 08:30:00,0.0885634588563459,0.6671774440698739,0.3051377513030529,0.21942510266023918,0.8029733938830798,0.9995545657015591,0.5,0.13614200811614063,0.6265218803070057,0.7728898541979977,0.19355056432815995,0.03894402537733328,0.0
2021-09-06 08:40:00,0.08786610878661089,0.6647257125344772,0.31228592702903946,0.235493661846099,0.8029733938830798,0.9995545657015591,0.5,0.13614200811614063,0.6265218803070057,0.7728898541979977,0.19355056432815995,0.03894402537733328,0.0
2021-09-06 08:50:00,0.09623430962343095,0.6622739809990803,0.3179448994787788,0.2512051419389394,0.8029733938830798,0.9995545657015591,0.5,0.13614200811614063,0.6265218803070057,0.7728898541979977,0.19355056432815995,0.03894402537733328,0.0
2021-09-06 09:00:00,0.10181311018131102,0.6598222494636834,0.32092330603127306,0.2676307802178184,0.8029733938830798,0.9995545657015591,0.5,0.1326487389363631,0.6395129983017606,0.7112659257931939,0.09740777972801948,0.048778885690413255,0.0
2021-09-06 09:10:00,0.0885634588563459,0.6573705179282865,0.3265822784810126,0.2815568648455633,0.8029733938830798,0.9995545657015591,0.5,0.1326487389363631,0.6395129983017606,0.7112659257931939,0.09740777972801948,0.048778885690413255,0.0
2021-09-06 09:20:00,0.09274755927475593,0.6549187863928896,0.33224125093075174,0.29226923763613644,0.8029733938830798,0.9995545657015591,0.5,0.1326487389363631,0.6395129983017606,0.7112659257931939,0.09740777972801948,0.048778885690413255,0.0
2021-09-06 09:30:00,0.09344490934449094,0.6524670548574929,0.3373045420699925,0.3036957686127477,0.8029733938830798,0.9995545657015591,0.5,0.1326487389363631,0.6395129983017606,0.7112659257931939,0.09740777972801948,0.048778885690413255,0.0
2021-09-06 09:40:00,0.08507670850767085,0.650015323322096,0.34385703648548005,0.31726477414747367,0.8029733938830798,0.9995545657015591,0.5,0.1326487389363631,0.6395129983017606,0.7112659257931939,0.09740777972801948,0.048778885690413255,0.0
2021-09-06 09:50:00,0.07322175732217574,0.6475635917866991,0.35219657483246447,0.3297625424031425,0.8029733938830798,0.9995545657015591,0.5,0.1326487389363631,0.6395129983017606,0.7112659257931939,0.09740777972801948,0.048778885690413255,0.0
2021-09-06 10:00:00,0.07112970711297072,0.6451118602513022,0.3602382725241995,0.3419032315657917,0.8029733938830798,0.9995545657015591,0.5,0.4133651499571578,0.6276195593766816,0.4239067703143862,0.03163595355182706,0.7005235393547746,0.0
2021-09-06 10:10:00,0.055090655509065556,0.6426601287159053,0.3694713328369321,0.3551151580074987,0.8029733938830798,0.9995545657015591,0.5,0.4133651499571578,0.6276195593766816,0.4239067703143862,0.03163595355182706,0.7005235393547746,0.0
2021-09-06 10:20:00,0.061366806136680614,0.6402083971805084,0.3807892777364108,0.36725584717014814,0.8029733938830798,0.9995545657015591,0.5,0.4133651499571578,0.6276195593766816,0.4239067703143862,0.03163595355182706,0.7005235393547746,0.0
2021-09-06 10:30:00,0.04602510460251046,0.6377566656451117,0.39002233804914366,0.3793965363327978,0.8029733938830798,0.9995545657015591,0.5,0.4133651499571578,0.6276195593766816,0.4239067703143862,0.03163595355182706,0.7005235393547746,0.0
2021-09-06 10:40:00,0.061366806136680614,0.6353049341097148,0.3992553983618763,0.3922513836814856,0.8029733938830798,0.9995545657015591,0.5,0.4133651499571578,0.6276195593766816,0.4239067703143862,0.03163595355182706,0.7005235393547746,0.0
2021-09-06 10:50:00,0.056485355648535567,0.6328532025743179,0.40938198064035736,0.4029637564720585,0.8029733938830798,0.9995545657015591,0.5,0.4133651499571578,0.6276195593766816,0.4239067703143862,0.03163595355182706,0.7005235393547746,0.0
2021-09-06 11:00:00,0.060669456066945605,0.630401471038921,0.41682799702159334,0.4115336547045172,0.8029733938830798,0.9995545657015591,0.5,0.4197979936782552,0.6210449789803089,0.4003854134844248,0.18591736257347893,0.645409241698182,0.0
2021-09-06 11:10:00,0.05299860529986053,0.6279497395035241,0.4266567386448248,0.41974647384395647,0.8029733938830798,0.9995545657015591,0.5,0.4197979936782552,0.6210449789803089,0.4003854134844248,0.18591736257347893,0.645409241698182,0.0
2021-09-06 11:20:00,0.08716875871687588,0.6254980079681274,0.43618763961280704,0.42795929298339574,0.8029733938830798,0.9995545657015591,0.5,0.4197979936782552,0.6210449789803089,0.4003854134844248,0.18591736257347893,0.645409241698182,0.0
2021-09-06 11:30:00,0.04602510460251046,0.43957503320053104,0.44393149664929243,0.43117300482056775,0.8029733938830798,0.9995545657015591,0.5,0.4197979936782552,0.6210449789803089,0.4003854134844248,0.18591736257347893,0.645409241698182,0.0
2021-09-06 11:40:00,0.09414225941422595,0.2536520584329347,0.4540580789277735,0.4383145866809499,0.8029733938830798,0.9995545657015591,0.5,0.4197979936782552,0.6210449789803089,0.4003854134844248,0.18591736257347893,0.645409241698182,0.0
2021-09-06 11:50:00,0.16248256624825663,0.06772908366533836,0.4653760238272524,0.44224245670416007,0.8029733938830798,0.9995545657015591,0.5,0.4197979936782552,0.6210449789803089,0.4003854134844248,0.18591736257347893,0.645409241698182,0.0
2021-09-06 12:00:00,0.201534170153417,-0.11819389110225775,0.4737155621742366,0.4358150330298163,0.7797175799295912,0.9995545657015591,0.5,0.4499265064673308,0.6116285017255398,0.3552135885898739,0.34159263859879413,0.6696829220003495,0.0
2021-09-06 12:10:00,0.20223152022315202,-0.3041168658698542,0.47877885331347714,0.439385823960007,0.5661619400348118,0.9995545657015591,0.5,0.4499265064673308,0.6116285017255398,0.3552135885898739,0.34159263859879413,0.6696829220003495,0.0
2021-09-06 12:20:00,0.15620641562064158,-0.4900398406374503,0.48652271034996253,0.44866988037850386,0.3838845192446114,0.24955456570155904,0.5,0.4499265064673308,0.6116285017255398,0.3552135885898739,0.34159263859879413,0.6696829220003495,0.00605036437979993
2021-09-06 12:30:00,0.22873082287308227,0.2350597609561753,0.4993298585256887,0.41189073379753616,0.398869272748688,0.030957683741648107,0.5,0.4499265064673308,0.6116285017255398,0.3552135885898739,0.34159263859879413,0.6696829220003495,0.0484481796098194
2021-09-06 12:40:00,0.27266387726638774,0.06772908366533859,0.5109456440804168,0.4129619710765935,0.41901035191268277,0.00022271714922048998,0.5,0.4499265064673308,0.6116285017255398,0.3552135885898739,0.34159263859879413,0.6696829220003495,0.10800881150323641
2021-09-06 12:50:00,0.3270571827057183,0.19521912350597592,0.5237527922561427,0.42688805570433863,0.3866328146471058,0.00022271714922048998,0.5,0.4499265064673308,0.6116285017255398,0.3552135885898739,0.34159263859879413,0.6696829220003495,0.24015118366854263
2021-09-06 13:00:00,0.2112970711297071,0.03585657370517925,0.5362620997766194,0.43295840028566324,0.3954273599350878,0.00033407572383073496,0.5,0.5944864341311502,0.5939506963940409,0.19190705234899705,0.4520141271702183,0.6962449668344624,0.06568643722558354
2021-09-06 13:10:00,0.2615062761506276,0.1872509960159361,0.5451973194341024,0.4618818068202106,0.4163798405988666,0.00022271714922048998,0.5,0.5944864341311502,0.5939506963940409,0.19190705234899705,0.4520141271702183,0.6962449668344624,0.1276611795947312
2021-09-06 13:20:00,0.2914923291492329,-0.17131474103585675,0.5586001489203274,0.4825923942153185,0.45170198008140183,0.00022271714922048998,0.5,0.5944864341311502,0.5939506963940409,0.19190705234899705,0.4520141271702183,0.6962449668344624,0.12714063702340178
2021-09-06 13:30:00,0.33333333333333337,-0.09960159362549814,0.5678332092330602,0.49973219068023567,0.3885697085498161,0.00022271714922048998,0.5,0.5944864341311502,0.5939506963940409,0.19190705234899705,0.4520141271702183,0.6962449668344624,0.20492780300858518
2021-09-06 13:40:00,0.3647140864714087,0.3067729083665336,0.5693224125093073,0.49651847884306366,0.40961379906034473,0.00022271714922048998,0.5,0.5944864341311502,0.5939506963940409,0.19190705234899705,0.4520141271702183,0.6962449668344624,0.2296196267181677
2021-09-06 13:50:00,0.4344490934449094,0.11553784860557759,0.5460908413998509,0.46973754686663094,0.42229521927471175,0.00044543429844097997,0.5,0.5944864341311502,0.5939506963940409,0.19190705234899705,0.4520141271702183,0.6962449668344624,0.3725500550718952
2021-09-06 14:00:00,0.32984658298465835,-0.40239043824701204,0.5389426656738645,0.459382253169077,0.4497781732996558,0.00022271714922048998,0.5,0.6068553940117196,0.5675345610864155,0.17047609953234757,0.4986944822404028,0.7261066556734692,0.2238559379573608
2021-09-06 14:10:00,0.44002789400278935,0.05179282868525892,0.5404318689501115,0.4643813604713445,0.41323893156744446,0.00044543429844097997,0.5,0.6068553940117196,0.5675345610864155,0.17047609953234757,0.4986944822404028,0.7261066556734692,0.4062570725892844
2021-09-06 14:20:00,0.2698744769874477,-0.17131474103585675,0.5389426656738645,0.45866809498303884,0.428472340369842,0.018596881959910914,0.5,0.6068553940117196,0.5675345610864155,0.17047609953234757,0.4986944822404028,0.7261066556734692,0.13890942559258868
2021-09-06 14:30:00,0.24895397489539747,0.20318725099601576,0.5466865227103499,0.46973754686663094,0.4378558061012158,0.007461024498886415,0.5,0.6068553940117196,0.5675345610864155,0.17047609953234757,0.4986944822404028,0.7261066556734692,0.1063491105511716
2021-09-06 14:40:00,0.36401673640167365,-0.21912350597609564,0.5520476545048398,0.48580610605249075,0.40144743557864704,0.00033407572383073496,0.5,0.6068553940117196,0.5675345610864155,0.17047609953234757,0.4986944822404028,0.7261066556734692,0.26665359023492313
2021-09-06 14:50:00,0.37935843793584384,-0.2589641434262948,0.5535368577810869,0.48223531512229956,0.39911792804700896,0.00044543429844097997,0.5,0.6068553940117196,0.5675345610864155,0.17047609953234757,0.4986944822404028,0.7261066556734692,0.2966866333720597
2021-09-06 15:00:00,0.18131101813110181,0.5219123505976095,0.5574087862993298,0.4918764506338156,0.4065514127547081,0.000556792873051225,0.5,0.6141188297201374,0.5452505265698675,0.16039057228297254,0.521004373498187,0.7326646460843161,0.05615070084644749
2021-09-06 15:10:00,0.3200836820083682,-0.08366533864541836,0.5630677587490691,0.5108016425638278,0.42013584431560896,0.00033407572383073496,0.5,0.6141188297201374,0.5452505265698675,0.16039057228297254,0.521004373498187,0.7326646460843161,0.16741856149192028
2021-09-06 15:20:00,0.30613668061366806,-0.5697211155378487,0.5663440059568128,0.514372433494019,0.420031147347895,0.000556792873051225,0.5,0.6141188297201374,0.5452505265698675,0.16039057228297254,0.521004373498187,0.7326646460843161,0.14068228797320337
2021-09-06 15:30:00,0.3723849372384937,0.01195219123505975,0.5740878629932984,0.5240135690055348,0.40324037115075057,0.00044543429844097997,0.5,0.6141188297201374,0.5452505265698675,0.16039057228297254,0.521004373498187,0.7326646460843161,0.2409885782398117
2021-09-06 15:40:00,0.46234309623430964,0.4820717131474104,0.5752792256142962,0.522228173540439,0.3938045569355197,0.2123608017817372,0.5,0.6141188297201374,0.5452505265698675,0.16039057228297254,0.521004373498187,0.7326646460843161,0.1944943192962868
2021-09-06 15:50:00,0.3263598326359832,-0.14741035856573714,0.5761727475800447,0.5147295125870381,0.39691929172501345,0.00033407572383073496,0.5,0.6141188297201374,0.5452505265698675,0.16039057228297254,0.521004373498187,0.7326646460843161,0.19416237910587383
2021-09-06 16:00:00,0.2615062761506276,0.5697211155378485,0.5776619508562917,0.5147295125870381,0.41628823075211685,0.00033407572383073496,0.5,0.6641647402478068,0.5216216915177001,0.118769542849034,0.5367615574213246,0.736774721533313,0.15884092520783985
2021-09-06 16:10:00,0.2789400278940028,-0.5219123505976095,0.5862993298585255,0.5247277271915729,0.43525146902932826,0.3758351893095768,0.5,0.6641647402478068,0.5216216915177001,0.118769542849034,0.5367615574213246,0.736774721533313,0.08682499207870001
2021-09-06 16:20:00,0.22175732217573224,-0.47410358565737054,0.5928518242740133,0.5343688627030887,0.40375076886835665,0.000556792873051225,0.5,0.6641647402478068,0.5216216915177001,0.118769542849034,0.5367615574213246,0.736774721533313,0.08300013579371426
2021-09-06 16:30:00,0.30822873082287305,0.4183266932270917,0.590766939687267,0.5347259417961079,0.404627605972962,0.000556792873051225,0.5,0.6641647402478068,0.5216216915177001,0.118769542849034,0.5367615574213246,0.736774721533313,0.18803657377370733
2021-09-06 16:40:00,0.20641562064156208,-0.31474103585657376,0.5931496649292627,0.5329405463310124,0.42607739723338267,0.00033407572383073496,0.5,0.6641647402478068,0.5216216915177001,0.118769542849034,0.5367615574213246,0.736774721533313,0.07242331427191936
2021-09-06 16:50:00,0.33821478382147835,-0.3466135458167332,0.5949367088607593,0.5390108909123372,0.3725772467314915,0.00022271714922048998,0.5,0.6641647402478068,0.5216216915177001,0.118769542849034,0.5367615574213246,0.736774721533313,0.20153296015208896
2021-09-06 17:00:00,0.399581589958159,0.49003984063745,0.5970215934475054,0.532226388144974,0.38580832602635745,0.00022271714922048998,0.5,0.6669658994677847,0.49888939015594574,0.11715025330487118,0.5366448586356376,0.7392010125042766,0.28107790032741375
2021-09-06 17:10:00,0.4072524407252441,-0.4183266932270917,0.5985107967237526,0.532226388144974,0.39673607203151373,0.00022271714922048998,0.5,0.6669658994677847,0.49888939015594574,0.11715025330487118,0.5366448586356376,0.7392010125042766,0.31706323460627367
2021-09-06 17:20:00,0.2838214783821479,0.4183266932270917,0.596128071481757,0.5368684163542226,0.38578215178442893,0.00033407572383073496,0.5,0.6669658994677847,0.49888939015594574,0.11715025330487118,0.5366448586356376,0.7392010125042766,0.1781010003470284
2021-09-06 17:30:00,0.3354253835425383,0.019920318725099362,0.5976172747580044,0.5375825745402605,0.41535904516365446,0.00022271714922048998,0.5,0.6669658994677847,0.49888939015594574,0.11715025330487118,0.5366448586356376,0.7392010125042766,0.2364545770025801
2021-09-06 17:40:00,0.27266387726638774,-0.38645418326693237,0.5982129560685032,0.5468666309587575,0.37307455732813344,0.00033407572383073496,0.5,0.6669658994677847,0.49888939015594574,0.11715025330487118,0.5366448586356376,0.7392010125042766,0.11243719540715481
2021-09-06 17:50:00,0.3507670850767085,-0.0916334661354582,0.604169769173492,0.5611497946795214,0.417662378453364,0.00022271714922048998,0.5,0.6669658994677847,0.49888939015594574,0.11715025330487118,0.5366448586356376,0.7392010125042766,0.21613078443502273
2021-09-06 18:00:00,0.3437935843793584,0.20318725099601576,0.6017870439314965,0.5590073201214067,0.38701234115506933,0.00022271714922048998,0.5,0.5551320565548328,0.49617680104135825,0.19987389603549882,0.5378750417599345,0.7452137404525575,0.24451167071533111
2021-09-06 18:10:00,0.2635983263598326,0.05976095617529875,0.6008935219657481,0.5540082128191393,0.40305715145725096,0.00022271714922048998,0.5,0.5551320565548328,0.49617680104135825,0.19987389603549882,0.5378750417599345,0.7452137404525575,0.11159980083588576
2021-09-06 18:20:00,0.3577405857740586,0.2669322709163344,0.6005956813104989,0.5543652919121587,0.4061457120048161,0.00022271714922048998,0.5,0.5551320565548328,0.49617680104135825,0.19987389603549882,0.5378750417599345,0.7452137404525575,0.23709582509769603
2021-09-06 18:30:00,0.25174337517433754,0.05976095617529875,0.6023827252419953,0.5504374218889485,0.4268364502493096,0.00022271714922048998,0.5,0.5551320565548328,0.49617680104135825,0.19987389603549882,0.5378750417599345,0.7452137404525575,0.11683540293012659
2021-09-06 18:40:00,0.3179916317991632,-0.2828685258964144,0.6026805658972447,0.552222817354044,0.4064990642708511,0.00033407572383073496,0.5,0.5551320565548328,0.49617680104135825,0.19987389603549882,0.5378750417599345,0.7452137404525575,0.18560737510750336
2021-09-06 18:50:00,0.29428172942817293,-0.12350597609561753,0.5982129560685032,0.549009105516872,0.40689167789977876,0.00033407572383073496,0.5,0.5551320565548328,0.49617680104135825,0.19987389603549882,0.5378750417599345,0.7452137404525575,0.14614421292454396
2021-09-06 19:00:00,0.3089260808926081,0.05976095617529875,0.5976172747580044,0.5461524727727192,0.3894334585334573,0.00022271714922048998,0.5,0.5634540526171667,0.48778616522081525,0.17838473553612003,0.49441218467882553,0.7271814927850128,0.16888966006306863
2021-09-06 19:10:00,0.27615062761506276,0.07569721115537842,0.5991064780342514,0.5397250490983752,0.39829343942626066,0.00022271714922048998,0.5,0.5634540526171667,0.48778616522081525,0.17838473553612003,0.49441218467882553,0.7271814927850128,0.12709537245198183
2021-09-06 19:20:00,0.3417015341701534,0.1633466135458166,0.5976172747580044,0.5393679700053562,0.38363586394629046,0.00022271714922048998,0.5,0.5634540526171667,0.48778616522081525,0.17838473553612003,0.49441218467882553,0.7271814927850128,0.21911824614873937
2021-09-06 19:30:00,0.33891213389121344,-0.11553784860557781,0.5976172747580044,0.5304409926798785,0.3961209773461936,0.00044543429844097997,0.5,0.5634540526171667,0.48778616522081525,0.17838473553612003,0.49441218467882553,0.7271814927850128,0.1972252817719571
2021-09-06 19:40:00,0.4225941422594142,-0.07569721115537853,0.596128071481757,0.5304409926798785,0.3903364698799911,0.00022271714922048998,0.5,0.5634540526171667,0.48778616522081525,0.17838473553612003,0.49441218467882553,0.7271814927850128,0.31661813298731084
2021-09-06 19:50:00,0.37099023709902373,0.05179282868525892,0.590766939687267,0.5275843599357259,0.37410843988430986,0.00022271714922048998,0.5,0.5634540526171667,0.48778616522081525,0.17838473553612003,0.49441218467882553,0.7271814927850128,0.24557538814369992
2021-09-06 20:00:00,0.3849372384937238,0.06772908366533859,0.58391660461653,0.5204427780753438,0.38006307992304766,0.00022271714922048998,0.5,0.5668333209371017,0.4821023715040225,0.1796366445642331,0.37766516626630464,0.6893606244966998,0.26015812423616036
2021-09-06 20:10:00,0.3598326359832636,-0.06772908366533881,0.5764705882352941,0.5118728798428851,0.37348025807802543,0.00033407572383073496,0.5,0.5668333209371017,0.4821023715040225,0.1796366445642331,0.37766516626630464,0.6893606244966998,0.22496491995714954
2021-09-06 20:20:00,0.3200836820083682,-0.01195219123505975,0.5678332092330602,0.504374218889484,0.3707712240384238,0.00033407572383073496,0.5,0.5668333209371017,0.4821023715040225,0.1796366445642331,0.37766516626630464,0.6893606244966998,0.1834497638698191
2021-09-06 20:30:00,0.3270571827057183,-0.20318725099601598,0.5624720774385703,0.48866273879664335,0.3707712240384238,0.00033407572383073496,0.5,0.5668333209371017,0.4821023715040225,0.1796366445642331,0.37766516626630464,0.6893606244966998,0.18556965463132005
2021-09-06 20:40:00,0.2824267782426778,0.2669322709163344,0.5565152643335813,0.48223531512229956,0.3707712240384238,0.00033407572383073496,0.5,0.5668333209371017,0.4821023715040225,0.1796366445642331,0.37766516626630464,0.6893606244966998,0.14843007378125142
2021-09-06 20:50:00,0.34797768479776847,0.14741035856573692,0.5532390171258375,0.4797357614711659,0.3821177579144364,0.00033407572383073496,0.5,0.5668333209371017,0.4821023715040225,0.1796366445642331,0.37766516626630464,0.6893606244966998,0.20554641881799116
2021-09-06 21:00:00,0.3089260808926081,-0.01195219123505975,0.5526433358153384,0.4733083377968219,0.38461739801860984,0.00033407572383073496,0.5,0.5650744791164635,0.48676894430284706,0.17482037096428318,0.325211512159744,0.6520796765837673,0.15577802254175657
2021-09-06 21:10:00,0.3207810320781032,0.25099601593625476,0.5478778853313475,0.4658096768434208,0.38461739801860984,0.00033407572383073496,0.5,0.5650744791164635,0.48676894430284706,0.17482037096428318,0.325211512159744,0.6520796765837673,0.17020987672948384
2021-09-06 21:20:00,0.2907949790794979,0.21912350597609564,0.5460908413998509,0.4611676486341725,0.38461739801860984,0.00033407572383073496,0.5,0.5650744791164635,0.48676894430284706,0.17482037096428318,0.325211512159744,0.6520796765837673,0.13807957511655627
2021-09-06 21:30:00,0.23570432357043236,0.5378486055776892,0.543410275502606,0.45545438314586684,0.38461739801860984,0.00033407572383073496,0.5,0.5650744791164635,0.48676894430284706,0.17482037096428318,0.325211512159744,0.6520796765837673,0.09627019931499615
2021-09-06 21:40:00,0.16666666666666669,0.6015936254980081,0.5383469843633655,0.45509730405284765,0.386946905550248,0.00022271714922048998,0.5,0.5650744791164635,0.48676894430284706,0.17482037096428318,0.325211512159744,0.6520796765837673,0.05225794770433182
2021-09-06 21:50:00,0.12273361227336123,0.4661354581673305,0.5356664184661204,0.46652383502945916,0.40112025755454056,0.00022271714922048998,0.5,0.5650744791164635,0.48676894430284706,0.17482037096428318,0.325211512159744,0.6520796765837673,0.031240098375001885
2021-09-06 22:00:00,0.21338912133891214,0.47410358565737054,0.535368577810871,0.4668809141224781,0.4080040831817408,0.00022271714922048998,0.5,0.47319875806435996,0.5027571284485681,0.23813206853999028,0.306175036305776,0.6406962823253214,0.07862456055645246
2021-09-06 22:10:00,0.19107391910739194,0.21912350597609564,0.535368577810871,0.46152472772719166,0.4175707686066143,0.00033407572383073496,0.5,0.47319875806435996,0.5027571284485681,0.23813206853999028,0.306175036305776,0.6406962823253214,0.06599574513028653
2021-09-06 22:20:00,0.200836820083682,0.12350597609561742,0.535368577810871,0.45474022495982847,0.4175707686066143,0.00044543429844097997,0.5,0.47319875806435996,0.5027571284485681,0.23813206853999028,0.306175036305776,0.6406962823253214,0.06880969265356006
2021-09-06 22:30:00,0.16666666666666669,0.003984063745019917,0.535368577810871,0.4543831458668095,0.4175707686066143,0.00044543429844097997,0.5,0.47319875806435996,0.5027571284485681,0.23813206853999028,0.306175036305776,0.6406962823253214,0.0489536339906755
2021-09-06 22:40:00,0.14295676429567641,0.1394422310756971,0.535368577810871,0.4543831458668095,0.4175707686066143,0.00044543429844097997,0.5,0.47319875806435996,0.5027571284485681,0.23813206853999028,0.306175036305776,0.6406962823253214,0.0364078036121128
2021-09-06 22:50:00,0.09483960948396096,-0.3784860557768924,0.5314966492926283,0.45866809498303884,0.4175707686066143,0.0006681514476614699,0.5,0.47319875806435996,0.5027571284485681,0.23813206853999028,0.306175036305776,0.6406962823253214,0.0030629026660832564
2021-09-06 23:00:00,0.06485355648535565,-0.7131474103585658,0.527922561429635,0.4561685413319052,0.414076507309157,0.9521158129175947,0.5,0.33253113594285666,0.4980761881226528,0.26976838795281044,0.27867076528979023,0.6466139072281013,0.0
2021-09-06 23:10:00,0.09693165969316596,-0.7928286852589642,0.5347728965003722,0.46616675593643975,0.41405033306722855,0.9995545657015591,0.5,0.33253113594285666,0.4980761881226528,0.26976838795281044,0.27867076528979023,0.6466139072281013,0.0
2021-09-06 23:20:00,0.11366806136680613,-0.5856573705179284,0.535368577810871,0.4683092304945544,0.41405033306722855,0.9995545657015591,0.5,0.33253113594285666,0.4980761881226528,0.26976838795281044,0.27867076528979023,0.6466139072281013,0.0
2021-09-06 23:30:00,0.08926080892608089,-0.23306772908366535,0.5329858525688755,0.46473843956436345,0.41405033306722855,0.9995545657015591,0.5,0.33253113594285666,0.4980761881226528,0.26976838795281044,0.27867076528979023,0.6466139072281013,0.0
2021-09-06 23:40:00,0.09274755927475593,0.1195219123505975,0.5297096053611317,0.45509730405284765,0.41405033306722855,0.9995545657015591,0.5,0.33253113594285666,0.4980761881226528,0.26976838795281044,0.27867076528979023,0.6466139072281013,0.0
2021-09-06 23:50:00,0.11506276150627615,0.4721115537848606,0.5267311988086372,0.44545616854133185,0.41405033306722855,0.9995545657015591,0.5,0.33253113594285666,0.4980761881226528,0.26976838795281044,0.27867076528979023,0.6466139072281013,0.0
2021-09-07 00:00:00,0.08228730822873082,0.8247011952191232,0.5157110945644079,0.4397429030530262,0.41405033306722855,0.9995545657015591,0.5,0.31950258536473086,0.49779745809710696,0.2952289863607606,0.23149012791368906,0.6760481626808658,0.0
2021-09-07 00:10:00,0.09483960948396096,0.095617529880478,0.5032017870439314,0.4315300839135867,0.41405033306722855,0.9995545657015591,0.5,0.31950258536473086,0.49779745809710696,0.2952289863607606,0.23149012791368906,0.6760481626808658,0.0
2021-09-07 00:20:00,0.09902370990237098,-0.6334661354581674,0.49873417721518964,0.42688805570433863,0.41405033306722855,0.9995545657015591,0.5,0.31950258536473086,0.49779745809710696,0.2952289863607606,0.23149012791368906,0.6760481626808658,0.0
2021-09-07 00:30:00,0.08926080892608089,-0.7051792828685259,0.5023082650781829,0.4254597393322621,0.41405033306722855,0.9995545657015591,0.5,0.31950258536473086,0.49779745809710696,0.2952289863607606,0.23149012791368906,0.6760481626808658,0.0
2021-09-07 00:40:00,0.07810320781032079,-0.7768924302788845,0.49813849590469084,0.42046063202999484,0.41405033306722855,0.9995545657015591,0.5,0.31950258536473086,0.49779745809710696,0.2952289863607606,0.23149012791368906,0.6760481626808658,0.0
2021-09-07 00:50:00,0.07601115760111576,0.07569721115537842,0.4918838421444527,0.4176039992858418,0.41405033306722855,0.9995545657015591,0.5,0.31950258536473086,0.49779745809710696,0.2952289863607606,0.23149012791368906,0.6760481626808658,0.0
2021-09-07 01:00:00,0.06694560669456066,0.048605577689242896,0.4850335070737155,0.414747366541689,0.41405033306722855,0.9995545657015591,0.5,0.2705070970371448,0.4855879335760512,0.3040735105966516,0.1760236688151661,0.761440346534752,0.0
2021-09-07 01:10:00,0.07322175732217574,0.021513944223107595,0.47967237527922557,0.4093911801464025,0.41405033306722855,0.9995545657015591,0.5,0.2705070970371448,0.4855879335760512,0.3040735105966516,0.1760236688151661,0.761440346534752,0.0
2021-09-07 01:20:00,0.08786610878661089,-0.005577689243027928,0.4760982874162323,0.4061774683092303,0.41405033306722855,0.9995545657015591,0.5,0.2705070970371448,0.4855879335760512,0.3040735105966516,0.1760236688151661,0.761440346534752,0.0
2021-09-07 01:30:00,0.09205020920502092,-0.03266932270916345,0.4695457930007445,0.4015354400999822,0.41405033306722855,0.9995545657015591,0.5,0.2705070970371448,0.4855879335760512,0.3040735105966516,0.1760236688151661,0.761440346534752,0.0
2021-09-07 01:40:00,0.09344490934449094,-0.059760956175298974,0.4653760238272524,0.3968934118907337,0.41405033306722855,0.9995545657015591,0.5,0.2705070970371448,0.4855879335760512,0.3040735105966516,0.1760236688151661,0.761440346534752,0.0
2021-09-07 01:50:00,0.09135285913528592,-0.08685258964143439,0.46358897989575576,0.3936797000535619,0.41405033306722855,0.9995545657015591,0.5,0.2705070970371448,0.4855879335760512,0.3040735105966516,0.1760236688151661,0.761440346534752,0.0
2021-09-07 02:00:00,0.0801952580195258,-0.1139442231075698,0.4623976172747577,0.3886805927512944,0.41405033306722855,0.9995545657015591,0.5,0.24539455537496702,0.4832029240791149,0.33215523012515163,0.18338442573666797,0.8778600040883682,0.0
2021-09-07 02:10:00,0.08926080892608089,-0.14103585657370532,0.4588235294117644,0.38475272272808425,0.41405033306722855,0.9995545657015591,0.5,0.24539455537496702,0.4832029240791149,0.33215523012515163,0.18338442573666797,0.8778600040883682,0.0
2021-09-07 02:20:00,0.10529986052998605,-0.16812749003984073,0.4549516008935217,0.38189608998393165,0.41405033306722855,0.9995545657015591,0.5,0.24539455537496702,0.4832029240791149,0.33215523012515163,0.18338442573666797,0.8778600040883682,0.0
2021-09-07 02:30:00,0.11785216178521618,-0.19521912350597614,0.45256887565152626,0.37225495447241563,0.41405033306722855,0.9995545657015591,0.5,0.24539455537496702,0.4832029240791149,0.33215523012515163,0.18338442573666797,0.8778600040883682,0.0
2021-09-07 02:40:00,0.12622036262203626,-0.22231075697211167,0.4501861504095308,0.3683270844492055,0.41405033306722855,0.9995545657015591,0.5,0.24539455537496702,0.4832029240791149,0.33215523012515163,0.18338442573666797,0.8778600040883682,0.0
2021-09-07 02:50:00,0.1317991631799163,-0.24940239043824708,0.4460163812360385,0.36582753079807184,0.41405033306722855,0.9995545657015591,0.5,0.24539455537496702,0.4832029240791149,0.33215523012515163,0.18338442573666797,0.8778600040883682,0.0
2021-09-07 03:00:00,0.1311018131101813,-0.2764940239043825,0.44810126582278453,0.3604713444027854,0.41405033306722855,0.9995545657015591,0.5,0.23151099834802147,0.4763898427330482,0.3461377553925487,0.24945301652706664,0.9495025833404148,0.0
2021-09-07 03:10:00,0.1324965132496513,-0.3035856573705181,0.44780342516753513,0.35797179075165153,0.41405033306722855,0.9995545657015591,0.5,0.23151099834802147,0.4763898427330482,0.3461377553925487,0.24945301652706664,0.9495025833404148,0.0
2021-09-07 03:20:00,0.12831241283124128,-0.33067729083665354,0.4504839910647802,0.35654347437957523,0.41405033306722855,0.9995545657015591,0.5,0.23151099834802147,0.4763898427330482,0.3461377553925487,0.24945301652706664,0.9495025833404148,0.0
2021-09-07 03:30:00,0.13319386331938632,-0.35776892430278895,0.4516753536857778,0.3536868416354222,0.41405033306722855,0.9995545657015591,0.5,0.23151099834802147,0.4763898427330482,0.3461377553925487,0.24945301652706664,0.9495025833404148,0.0
2021-09-07 03:40:00,0.15132496513249652,-0.38486055776892436,0.44720774385703654,0.3476164970540976,0.41405033306722855,0.9995545657015591,0.5,0.23151099834802147,0.4763898427330482,0.3461377553925487,0.24945301652706664,0.9495025833404148,0.0
2021-09-07 03:50:00,0.1708507670850767,-0.4119521912350598,0.4460163812360385,0.3472594179610784,0.41405033306722855,0.9995545657015591,0.5,0.23151099834802147,0.4763898427330482,0.3461377553925487,0.24945301652706664,0.9495025833404148,0.0
2021-09-07 04:00:00,0.16736401673640167,-0.4390438247011953,0.4463142218912881,0.34654525977504025,0.4817369226943765,0.9594654788418708,0.5,0.15602685323940202,0.4773553405534945,0.44385792912282546,0.28958912646150464,0.9805732199931182,0.0
2021-09-07 04:10:00,0.16736401673640167,-0.4661354581673308,0.4516753536857778,0.3540439207284414,0.5075708994778239,0.9995545657015591,0.5,0.15602685323940202,0.4773553405534945,0.44385792912282546,0.28958912646150464,0.9805732199931182,0.0
2021-09-07 04:20:00,0.17503486750348674,-0.7131474103585658,0.4516753536857778,0.34833065524013573,0.5064977555587546,0.6555679287305123,0.5,0.15602685323940202,0.4773553405534945,0.44385792912282546,0.28958912646150464,0.9805732199931182,0.0
2021-09-07 04:30:00,0.12203626220362622,-0.12350597609561753,0.45465376023827253,0.3472594179610784,0.4910942141838217,0.40924276169265034,0.5,0.15602685323940202,0.4773553405534945,0.44385792912282546,0.28958912646150464,0.9805732199931182,0.0
2021-09-07 04:40:00,0.11366806136680613,-0.6653386454183268,0.46031273268801187,0.3526156043563651,0.4910942141838217,0.9996659242761693,0.5,0.15602685323940202,0.4773553405534945,0.44385792912282546,0.28958912646150464,0.9805732199931182,0.0
2021-09-07 04:50:00,0.09414225941422595,-0.6613545816733069,0.45554728220402074,0.3540439207284414,0.4910942141838217,0.9996659242761693,0.5,0.15602685323940202,0.4773553405534945,0.44385792912282546,0.28958912646150464,0.9805732199931182,0.0
2021-09-07 05:00:00,0.11715481171548117,-0.6573705179282869,0.4537602382725241,0.34940189251919307,0.4910942141838217,0.9996659242761693,0.5,0.14945556084387301,0.4584246868597456,0.4185051227199296,0.3085384308178282,0.9986830594971986,0.0
2021-09-07 05:10:00,0.10111576011157601,-0.653386454183267,0.45227103499627686,0.34654525977504025,0.4910942141838217,0.9996659242761693,0.5,0.14945556084387301,0.4584246868597456,0.4185051227199296,0.3085384308178282,0.9986830594971986,0.0
2021-09-07 05:20:00,0.100418410041841,-0.6494023904382471,0.4513775130305284,0.34154615247277276,0.4910942141838217,0.9996659242761693,0.5,0.14945556084387301,0.4584246868597456,0.4185051227199296,0.3085384308178282,0.9986830594971986,0.0
2021-09-07 05:30:00,0.11227336122733612,-0.6454183266932272,0.4460163812360385,0.33547580789144793,0.4910942141838217,0.9996659242761693,0.5,0.14945556084387301,0.4584246868597456,0.4185051227199296,0.3085384308178282,0.9986830594971986,0.0
2021-09-07 05:40:00,0.10251046025104603,-0.6414342629482073,0.4460163812360385,0.33226209605427615,0.4910942141838217,0.9996659242761693,0.5,0.14945556084387301,0.4584246868597456,0.4185051227199296,0.3085384308178282,0.9986830594971986,0.0
2021-09-07 05:50:00,0.099721059972106,-0.6374501992031874,0.4430379746835442,0.3261917514729513,0.4910942141838217,0.9996659242761693,0.5,0.14945556084387301,0.4584246868597456,0.4185051227199296,0.3085384308178282,0.9986830594971986,0.0
2021-09-07 06:00:00,0.09483960948396096,-0.6334661354581674,0.4391660461653015,0.3236921978218177,0.4910942141838217,0.9996659242761693,0.5,0.1871487877986393,0.49285502877815734,0.4107189891595483,0.34139588343355515,0.02747727010606293,0.0
2021-09-07 06:10:00,0.10739191073919108,-0.6294820717131475,0.43559195830230824,0.31940724870558834,0.4910942141838217,0.9996659242761693,0.5,0.1871487877986393,0.49285502877815734,0.4107189891595483,0.34139588343355515,0.02747727010606293,0.0
2021-09-07 06:20:00,0.1094839609483961,-0.6254980079681276,0.434102755026061,0.3136939832172827,0.4910942141838217,0.9996659242761693,0.5,0.1871487877986393,0.49285502877815734,0.4107189891595483,0.34139588343355515,0.02747727010606293,0.0
2021-09-07 06:30:00,0.11087866108786612,-0.6215139442231076,0.434102755026061,0.3076236386359579,0.4910942141838217,0.9996659242761693,0.5,0.1871487877986393,0.49285502877815734,0.4107189891595483,0.34139588343355515,0.02747727010606293,0.0
2021-09-07 06:40:00,0.10669456066945607,-0.6175298804780878,0.43320923306031256,0.30655240135690076,0.4910942141838217,0.9996659242761693,0.5,0.1871487877986393,0.49285502877815734,0.4107189891595483,0.34139588343355515,0.02747727010606293,0.0
2021-09-07 06:50:00,0.09553695955369597,-0.6135458167330679,0.4278481012658226,0.3044099267987861,0.4910942141838217,0.9996659242761693,0.5,0.1871487877986393,0.49285502877815734,0.4107189891595483,0.34139588343355515,0.02747727010606293,0.0
2021-09-07 07:00:00,0.07043235704323571,-0.6095617529880479,0.4263588979895754,0.29976789858953756,0.4910942141838217,0.9996659242761693,0.5,0.17042338078255015,0.4919067719902183,0.4388788261881818,0.33753314277834406,0.035340167499416736,0.0
2021-09-07 07:10:00,0.06764295676429567,-0.605577689243028,0.4221891288160833,0.2958400285663274,0.4910942141838217,0.9996659242761693,0.5,0.17042338078255015,0.4919067719902183,0.4388788261881818,0.33753314277834406,0.035340167499416736,0.0
2021-09-07 07:20:00,0.058577405857740586,-0.601593625498008,0.4174236783320924,0.29191215854311725,0.4910942141838217,0.9996659242761693,0.5,0.17042338078255015,0.4919067719902183,0.4388788261881818,0.33753314277834406,0.035340167499416736,0.0
2021-09-07 07:30:00,0.07252440725244073,-0.5976095617529881,0.41682799702159334,0.28727013033386894,0.4910942141838217,0.9996659242761693,0.5,0.17042338078255015,0.4919067719902183,0.4388788261881818,0.33753314277834406,0.035340167499416736,0.0
2021-09-07 07:40:00,0.06834030683403068,-0.5936254980079682,0.42040208488458664,0.2865559721478308,0.4910942141838217,0.9996659242761693,0.5,0.17042338078255015,0.4919067719902183,0.4388788261881818,0.33753314277834406,0.035340167499416736,0.0
2021-09-07 07:50:00,0.08298465829846582,-0.5896414342629483,0.426061057334326,0.29226923763613644,0.4910942141838217,0.9996659242761693,0.5,0.17042338078255015,0.4919067719902183,0.4388788261881818,0.33753314277834406,0.035340167499416736,0.0
2021-09-07 08:00:00,0.07182705718270573,-0.5856573705179284,0.43291139240506316,0.29369755400821274,0.4910942141838217,0.9996659242761693,0.5,0.1670033883403601,0.4976681503532981,0.44265091229446446,0.31677413028522605,0.034142023345006586,0.0
2021-09-07 08:10:00,0.07810320781032079,-0.5816733067729084,0.43946388682055093,0.2944117121942511,0.4910942141838217,0.9996659242761693,0.5,0.1670033883403601,0.4976681503532981,0.44265091229446446,0.31677413028522605,0.034142023345006586,0.0
2021-09-07 08:20:00,0.06694560669456066,-0.5776892430278885,0.44869694713328356,0.29726834493840393,0.4910942141838217,0.9996659242761693,0.5,0.1670033883403601,0.4976681503532981,0.44265091229446446,0.31677413028522605,0.034142023345006586,0.0
2021-09-07 08:30:00,0.07252440725244073,0.14741035856573692,0.45614296351451955,0.30191037314765223,0.4910942141838217,0.9996659242761693,0.5,0.1670033883403601,0.4976681503532981,0.44265091229446446,0.31677413028522605,0.034142023345006586,0.0
2021-09-07 08:40:00,0.07043235704323571,0.4262948207171313,0.4626954579300073,0.3058382431708624,0.4910942141838217,0.9996659242761693,0.5,0.1670033883403601,0.4976681503532981,0.44265091229446446,0.31677413028522605,0.034142023345006586,0.0
2021-09-07 08:50:00,0.06415620641562064,-0.13147410358565736,0.4689501116902457,0.3101231922870915,0.4910942141838217,0.9996659242761693,0.5,0.1670033883403601,0.4976681503532981,0.44265091229446446,0.31677413028522605,0.034142023345006586,0.0
2021-09-07 09:00:00,0.08507670850767085,-0.13147410358565736,0.4766939687267311,0.31762185324049286,0.4910942141838217,0.9996659242761693,0.5,0.1786232378312087,0.5002313171861487,0.36055373133438773,0.2071440110047483,0.022496788732456703,0.0
2021-09-07 09:10:00,0.100418410041841,0.9601593625498008,0.4856291883842141,0.3229780396357793,0.4910942141838217,0.9996659242761693,0.5,0.1786232378312087,0.5002313171861487,0.36055373133438773,0.2071440110047483,0.022496788732456703,0.0
2021-09-07 09:20:00,0.1087866108786611,0.7071713147410355,0.48741623231571096,0.32726298875200865,0.4910942141838217,0.9996659242761693,0.5,0.1786232378312087,0.5002313171861487,0.36055373133438773,0.2071440110047483,0.022496788732456703,0.0
2021-09-07 09:30:00,0.0815899581589958,0.45418326693227073,0.49039463886820545,0.33369041242635245,0.4910942141838217,0.9996659242761693,0.5,0.1786232378312087,0.5002313171861487,0.36055373133438773,0.2071440110047483,0.022496788732456703,0.0
2021-09-07 09:40:00,0.0599721059972106,0.20119521912350602,0.496947133283693,0.3390465988216391,0.4910942141838217,0.9996659242761693,0.5,0.1786232378312087,0.5002313171861487,0.36055373133438773,0.2071440110047483,0.022496788732456703,0.0
2021-09-07 09:50:00,0.056485355648535567,-0.05179282868525903,0.5046909903201784,0.3469023388680592,0.4910942141838217,0.9996659242761693,0.5,0.1786232378312087,0.5002313171861487,0.36055373133438773,0.2071440110047483,0.022496788732456703,0.0
2021-09-07 10:00:00,0.05439330543933055,-0.06772908366533881,0.5136262099776618,0.3554722371005179,0.4910942141838217,0.9996659242761693,0.5,0.5068449878478019,0.5002772932728375,0.1756983051419196,0.11576169244890762,0.914165161215323,0.0
2021-09-07 10:10:00,0.060669456066945605,-0.08366533864541836,0.5234549516008933,0.36404213533297636,0.4910942141838217,0.9996659242761693,0.5,0.5068449878478019,0.5002772932728375,0.1756983051419196,0.11576169244890762,0.914165161215323,0.0
2021-09-07 10:20:00,0.08786610878661089,-0.09960159362549814,0.5323901712583765,0.37332619175147297,0.4910942141838217,0.9996659242761693,0.5,0.5068449878478019,0.5002772932728375,0.1756983051419196,0.11576169244890762,0.914165161215323,0.0
2021-09-07 10:30:00,0.11506276150627615,-0.11553784860557781,0.5407297096053609,0.38296732726298877,0.4910942141838217,0.9996659242761693,0.5,0.5068449878478019,0.5002772932728375,0.1756983051419196,0.11576169244890762,0.914165161215323,0.0
2021-09-07 10:40:00,0.14086471408647142,-0.13147410358565736,0.5472822040208485,0.3886805927512944,0.4910942141838217,0.9996659242761693,0.5,0.5068449878478019,0.5002772932728375,0.1756983051419196,0.11576169244890762,0.914165161215323,0.0
2021-09-07 10:50:00,0.1924686192468619,-0.14741035856573714,0.5547282204020847,0.39582217461167657,0.48919658164400415,0.9996659242761693,0.5,0.5068449878478019,0.5002772932728375,0.1756983051419196,0.11576169244890762,0.914165161215323,0.0
2021-09-07 11:00:00,0.18479776847977683,-0.1633466135458168,0.5603871928518243,0.4051062310301732,0.39295389407284287,0.9938752783964365,0.5,0.5167222718256781,0.504892142974136,0.1622434534427942,0.19431348218754785,0.7088459162664316,0.0
2021-09-07 11:10:00,0.19525801952580193,0.8804780876494025,0.5648548026805658,0.42938760935547227,0.38066508748740363,0.9995545657015591,0.5,0.5167222718256781,0.504892142974136,0.1622434534427942,0.19431348218754785,0.7088459162664316,0.0
2021-09-07 11:20:00,0.19177126917712692,0.5776892430278882,0.5714072970960533,0.452597750401714,0.38066508748740363,0.9995545657015591,0.5,0.5167222718256781,0.504892142974136,0.1622434534427942,0.19431348218754785,0.7088459162664316,0.0
2021-09-07 11:30:00,0.22594142259414227,0.2749003984063745,0.5779597915115411,0.4700946259596501,0.3808613943018675,0.9995545657015591,0.5,0.5167222718256781,0.504892142974136,0.1622434534427942,0.19431348218754785,0.7088459162664316,0.0
2021-09-07 11:40:00,0.2789400278940028,-0.02788844621513953,0.5842144452717795,0.47759328691305103,0.38686838282446245,0.3252783964365256,0.5,0.5167222718256781,0.504892142974136,0.1622434534427942,0.19431348218754785,0.7088459162664316,0.07958266065150807
2021-09-07 11:50:00,0.2838214783821479,-0.003984063745020028,0.5949367088607593,0.4718800214247456,0.3921555796940231,0.00011135857461024499,0.5,0.5167222718256781,0.504892142974136,0.1622434534427942,0.19431348218754785,0.7088459162664316,0.12781206149946436
2021-09-07 12:00:00,0.301255230125523,0.12350597609561742,0.6077438570364853,0.4883056597036244,0.38392378060750415,0.00033407572383073496,0.5,0.5414439486322398,0.48908498966974995,0.1494728907545783,0.33915856302798,0.6896977884190586,0.14711740121007288
2021-09-07 12:10:00,0.3361227336122734,0.13147410358565725,0.6187639612807148,0.5058025352615605,0.3937391213306985,0.00022271714922048998,0.5,0.5414439486322398,0.48908498966974995,0.1494728907545783,0.33915856302798,0.6896977884190586,0.19186897415392973
2021-09-07 12:20:00,0.35495118549511856,0.12350597609561742,0.6294862248696946,0.5279414390287449,0.39588540916883697,0.03374164810690423,0.5,0.5414439486322398,0.48908498966974995,0.1494728907545783,0.33915856302798,0.6896977884190586,0.14890535178116088
2021-09-07 12:30:00,0.33821478382147835,0.20318725099601576,0.6390171258376767,0.5436529191215853,0.40088468937718397,0.0400890868596882,0.5,0.5414439486322398,0.48908498966974995,0.1494728907545783,0.33915856302798,0.6896977884190586,0.13844169168791587
2021-09-07 12:40:00,0.4246861924686192,-0.0916334661354582,0.6390171258376767,0.5579360828423494,0.453272434597113,0.08463251670378619,0.5,0.5414439486322398,0.48908498966974995,0.1494728907545783,0.33915856302798,0.6896977884190586,0.12695203464248533
2021-09-07 12:50:00,0.40585774058577406,0.1394422310756971,0.6119136262099774,0.5272272808427065,0.4390467341089634,0.06536748329621381,0.5,0.5414439486322398,0.48908498966974995,0.1494728907545783,0.33915856302798,0.6896977884190586,0.16068168444558445
2021-09-07 13:00:00,0.2482566248256625,-0.21115537848605592,0.6074460163812359,0.5183003035172289,0.4489536846789075,0.03585746102449889,0.5,0.6801980039510067,0.4840735962207669,0.08101469560108439,0.4626182749629004,0.7071954158397523,0.03317893085082306
2021-09-07 13:10:00,0.37447698744769875,0.03585657370517925,0.6113179448994788,0.5257989644706302,0.37901611024590703,0.04799554565701559,0.5,0.6801980039510067,0.4840735962207669,0.08101469560108439,0.4626182749629004,0.7071954158397523,0.16378230758785098
2021-09-07 13:20:00,0.21478382147838215,0.12350597609561742,0.6119136262099774,0.5261560435636492,0.4312075486513722,0.004120267260579065,0.5,0.6801980039510067,0.4840735962207669,0.08101469560108439,0.4626182749629004,0.7071954158397523,0.05865534046501803
2021-09-07 13:30:00,0.29497907949790797,-0.059760956175298974,0.6178704393149663,0.5382967327262989,0.449280862703014,0.06224944320712695,0.5,0.6801980039510067,0.4840735962207669,0.08101469560108439,0.4626182749629004,0.7071954158397523,0.08853750169742143
2021-09-07 13:40:00,0.2691771269177127,-0.20318725099601598,0.6229337304542069,0.542224602749509,0.4271505411524518,0.024387527839643652,0.5,0.6801980039510067,0.4840735962207669,0.08101469560108439,0.4626182749629004,0.7071954158397523,0.10586628845602548
2021-09-07 13:50:00,0.2315202231520223,-0.1633466135458168,0.6274013402829486,0.5482949473308338,0.3998900681839002,0.0013363028953229399,0.5,0.6801980039510067,0.4840735962207669,0.08101469560108439,0.4626182749629004,0.7071954158397523,0.07906211808017864
2021-09-07 14:00:00,0.3682008368200837,-0.20318725099601598,0.6300819061801934,0.5615068737725406,0.41412885579301406,0.023719376391982183,0.5,0.6924855489401553,0.4484450025430519,0.08001108862696699,0.5466911522392875,0.7219046574228123,0.19767792748615656
2021-09-07 14:10:00,0.399581589958159,0.08366533864541825,0.6306775874906922,0.5586502410283878,0.37855806101215794,0.011692650334075724,0.5,0.6924855489401553,0.4484450025430519,0.08001108862696699,0.5466911522392875,0.7219046574228123,0.2846915219457731
2021-09-07 14:20:00,0.4065550906555091,0.3784860557768923,0.6303797468354431,0.5575790037493304,0.41479629896219133,0.0035634743875278397,0.5,0.6924855489401553,0.4484450025430519,0.08001108862696699,0.5466911522392875,0.7219046574228123,0.30434389003726786
2021-09-07 14:30:00,0.2622036262203626,-0.1394422310756973,0.6336559940431867,0.5672201392608462,0.4242582874193506,0.01492204899777283,0.5,0.6924855489401553,0.4484450025430519,0.08001108862696699,0.5466911522392875,0.7219046574228123,0.10440273398011375
2021-09-07 14:40:00,0.25662482566248257,0.33864541832669315,0.6393149664929261,0.5836457775397252,0.4254230411851697,0.01514476614699332,0.5,0.6924855489401553,0.4484450025430519,0.08001108862696699,0.5466911522392875,0.7219046574228123,0.12130150731022828
2021-09-07 14:50:00,0.1882845188284519,-0.23505976095617542,0.6419955323901709,0.5886448848419923,0.41910196175943254,0.01135857461024499,0.5,0.6924855489401553,0.4484450025430519,0.08001108862696699,0.5466911522392875,0.7219046574228123,0.036920802088205563
2021-09-07 15:00:00,0.37517433751743373,-0.13147410358565736,0.6476545048399105,0.5957864667023745,0.41781942390493515,0.01714922048997773,0.5,0.6981122484885212,0.43032467737717944,0.07646523891717479,0.5890157260377875,0.7296897003906895,0.23629615100261028
2021-09-07 15:10:00,0.30404463040446306,-0.05179282868525903,0.6458674609084138,0.587216568469916,0.41433824972844224,0.0023385300668151447,0.5,0.6981122484885212,0.43032467737717944,0.07646523891717479,0.5890157260377875,0.7296897003906895,0.17945139339439023
2021-09-07 15:20:00,0.2796373779637378,0.2828685258964143,0.6503350707371554,0.5943581503302982,0.400282681812828,0.01180400890868597,0.5,0.6981122484885212,0.43032467737717944,0.07646523891717479,0.5890157260377875,0.7296897003906895,0.14969748178101
2021-09-07 15:30:00,0.3891213389121339,0.36254980079681287,0.6545048399106477,0.5915015175861453,0.45204224522647257,0.006124721603563475,0.5,0.6981122484885212,0.43032467737717944,0.07646523891717479,0.5890157260377875,0.7296897003906895,0.25978091947432747
2021-09-07 15:40:00,0.28521617852161785,-0.50597609561753,0.6545048399106477,0.5943581503302982,0.4623287223043802,0.00155902004454343,0.5,0.6981122484885212,0.43032467737717944,0.07646523891717479,0.5890157260377875,0.7296897003906895,0.12632587473784268
2021-09-07 15:50:00,0.41143654114365413,0.43426294820717115,0.6565897244973937,0.6175682913765399,0.4228841397181034,0.00044543429844097997,0.5,0.6981122484885212,0.43032467737717944,0.07646523891717479,0.5890157260377875,0.7296897003906895,0.29095312099219944
2021-09-07 16:00:00,0.29358437935843795,-0.23505976095617542,0.6589724497393892,0.6214961613997501,0.43034379866773115,0.00044543429844097997,0.5,0.7373689015126625,0.4138077682345484,0.06285034779407467,0.6046930434383997,0.7377094692510061,0.15565731701797006
2021-09-07 16:10:00,0.24337517433751746,0.2111553784860556,0.6628443782576319,0.6225673986788074,0.38478753059114523,0.0023385300668151447,0.5,0.7373689015126625,0.4138077682345484,0.06285034779407467,0.6046930434383997,0.7377094692510061,0.12289331140516319
2021-09-07 16:20:00,0.2294281729428173,0.22709163346613526,0.6670141474311242,0.6364934833065523,0.4719870175760034,0.06971046770601336,0.5,0.7373689015126625,0.4138077682345484,0.06285034779407467,0.6046930434383997,0.7377094692510061,0.03292243161277668
2021-09-07 16:30:00,0.4735006973500697,-0.21912350597609564,0.677140729709605,0.655061596143546,0.4061326248838518,0.24342984409799553,0.5,0.7373689015126625,0.4138077682345484,0.06285034779407467,0.6046930434383997,0.7377094692510061,0.32592000241411045
2021-09-07 16:40:00,0.3270571827057183,-0.20318725099601598,0.6699925539836187,0.6397071951437245,0.4023111855622881,0.00311804008908686,0.5,0.7373689015126625,0.4138077682345484,0.06285034779407467,0.6046930434383997,0.7377094692510061,0.20930337824584697
2021-09-07 16:50:00,0.24546722454672246,-0.20318725099601598,0.6676098287416232,0.6311372969112659,0.37066652707070974,0.0006681514476614699,0.5,0.7373689015126625,0.4138077682345484,0.06285034779407467,0.6046930434383997,0.7377094692510061,0.13289678168897204
2021-09-07 17:00:00,0.20711297071129708,0.5378486055776892,0.6717795979151151,0.6297089805391896,0.372446375521849,0.0006681514476614699,0.5,0.7403004046063284,0.38967319622881136,0.0626829531509315,0.5998249375008253,0.7449365298924411,0.08167991912729906
2021-09-07 17:10:00,0.1708507670850767,0.14741035856573692,0.6777364110201041,0.6364934833065523,0.3982541780633678,0.043875278396436526,0.5,0.7403004046063284,0.38967319622881136,0.0626829531509315,0.5998249375008253,0.7449365298924411,0.0
2021-09-07 17:20:00,0.3361227336122734,0.7051792828685257,0.6869694713328367,0.6257811105159794,0.44833858999358733,0.2755011135857461,0.5,0.7403004046063284,0.38967319622881136,0.0626829531509315,0.5998249375008253,0.7449365298924411,0.06498483636857431
2021-09-07 17:30:00,0.3368200836820084,-0.2589641434262948,0.6860759493670885,0.6500624888412785,0.4452238552040937,0.00033407572383073496,0.5,0.7403004046063284,0.38967319622881136,0.0626829531509315,0.5998249375008253,0.7449365298924411,0.18277079529851986
2021-09-07 17:40:00,0.2594142259414226,-0.7689243027888446,0.6783320923306031,0.6375647205856096,0.41800264359843475,0.00044543429844097997,0.5,0.7403004046063284,0.38967319622881136,0.0626829531509315,0.5998249375008253,0.7449365298924411,0.08515020293616188
2021-09-07 17:50:00,0.3110181311018131,0.22709163346613526,0.6774385703648547,0.642206748794858,0.38650194343746325,0.00033407572383073496,0.5,0.7403004046063284,0.38967319622881136,0.0626829531509315,0.5998249375008253,0.7449365298924411,0.16012342139807173
2021-09-07 18:00:00,0.2796373779637378,0.3306772908366533,0.6765450483991062,0.6368505623995715,0.3808875685437961,0.00033407572383073496,0.5,0.6175795462845826,0.3879232314292537,0.09610405453920377,0.521124435465488,0.7196475418084602,0.15365058768501894
2021-09-07 18:10:00,0.5132496513249651,0.07569721115537842,0.6750558451228592,0.6314943760042848,0.4175053330017929,0.00033407572383073496,0.5,0.6175795462845826,0.3879232314292537,0.09610405453920377,0.521124435465488,0.7196475418084602,0.49568477752463147
2021-09-07 18:20:00,0.4588563458856346,-0.08366533864541836,0.6685033507073712,0.6197107659346546,0.42342071167763806,0.00033407572383073496,0.5,0.6175795462845826,0.3879232314292537,0.09610405453920377,0.521124435465488,0.7196475418084602,0.39361316897264514
2021-09-07 18:30:00,0.2698744769874477,-0.19521912350597614,0.6661206254653758,0.6229244777718264,0.409574537697452,0.00044543429844097997,0.5,0.6175795462845826,0.3879232314292537,0.09610405453920377,0.521124435465488,0.7196475418084602,0.1536204113040723
2021-09-07 18:40:00,0.30474198047419804,-0.043824701195219196,0.6679076693968726,0.6368505623995715,0.39834578791011765,0.00033407572383073496,0.5,0.6175795462845826,0.3879232314292537,0.09610405453920377,0.521124435465488,0.7196475418084602,0.1817825188225176
2021-09-07 18:50:00,0.3668061366806137,-0.3227091633466136,0.6673119880863736,0.6382788787716478,0.38236641321275733,0.00022271714922048998,0.5,0.6175795462845826,0.3879232314292537,0.09610405453920377,0.521124435465488,0.7196475418084602,0.23664317938349655
2021-09-07 19:00:00,0.41492329149232915,0.3545816733067728,0.6699925539836187,0.6322085341903232,0.39339885618562775,0.00033407572383073496,0.5,0.6322529378235038,0.38805828618389976,0.0845354361144051,0.49624117686503666,0.7126072949979302,0.315863723463645
2021-09-07 19:10:00,0.3417015341701534,-0.1394422310756973,0.6670141474311242,0.6279235850740938,0.4031749355459293,0.00022271714922048998,0.5,0.6322529378235038,0.38805828618389976,0.0845354361144051,0.49624117686503666,0.7126072949979302,0.21464459767340102
2021-09-07 19:20:00,0.16527196652719667,0.20318725099601576,0.6661206254653758,0.6297089805391896,0.38863514415463746,0.00033407572383073496,0.5,0.6322529378235038,0.38805828618389976,0.0845354361144051,0.49624117686503666,0.7126072949979302,0.041401994658780576
2021-09-07 19:30:00,0.3326359832635983,-0.5936254980079682,0.6643335815338791,0.635422246027495,0.4013819999738258,0.00033407572383073496,0.5,0.6322529378235038,0.38805828618389976,0.0845354361144051,0.49624117686503666,0.7126072949979302,0.17150746111018905
2021-09-07 19:40:00,0.3584379358437936,0.09960159362549792,0.6577810871183913,0.6211390823067309,0.3763332504482339,0.00022271714922048998,0.5,0.6322529378235038,0.38805828618389976,0.0845354361144051,0.49624117686503666,0.7126072949979302,0.22150218024352342
2021-09-07 19:50:00,0.37866108786610875,-0.14741035856573714,0.6530156366344004,0.6100696304231386,0.37501145123084373,0.00022271714922048998,0.5,0.6322529378235038,0.38805828618389976,0.0845354361144051,0.49624117686503666,0.7126072949979302,0.25441706776106343
2021-09-07 20:00:00,0.41283124128312415,-0.0916334661354582,0.644080416976917,0.6014997321906803,0.36696287183782433,0.00033407572383073496,0.5,0.6403224843515642,0.38350090659096037,0.0717511775008411,0.3897631543483741,0.681287983005775,0.2951853584199647
2021-09-07 20:10:00,0.3688981868898187,-0.29083665338645437,0.6327624720774385,0.5929298339582219,0.3624216408632265,0.00033407572383073496,0.5,0.6403224843515642,0.38350090659096037,0.0717511775008411,0.3897631543483741,0.681287983005775,0.25638607661783125
2021-09-07 20:20:00,0.37099023709902373,0.13147410358565725,0.6241250930752047,0.5840028566327442,0.35737001217102254,0.00033407572383073496,0.5,0.6403224843515642,0.38350090659096037,0.0717511775008411,0.3897631543483741,0.681287983005775,0.23438749490773572
2021-09-07 20:30:00,0.32496513249651326,0.2669322709163344,0.6160833953834697,0.5772183538653812,0.36551020141079166,0.00033407572383073496,0.5,0.6403224843515642,0.38350090659096037,0.0717511775008411,0.3897631543483741,0.681287983005775,0.18208428263198395
2021-09-07 20:40:00,0.3263598326359832,-0.03585657370517936,0.6125093075204764,0.5693626138189607,0.3762416406014841,0.00022271714922048998,0.5,0.6403224843515642,0.38350090659096037,0.0717511775008411,0.3897631543483741,0.681287983005775,0.17272206044329103
2021-09-07 20:50:00,0.3103207810320781,0.2589641434262948,0.6071481757259864,0.5615068737725406,0.37732787164151765,0.00022271714922048998,0.5,0.6403224843515642,0.38350090659096037,0.0717511775008411,0.3897631543483741,0.681287983005775,0.1587956606364199
2021-09-07 21:00:00,0.31311018131101814,0.346613545816733,0.6005956813104989,0.5504374218889485,0.390127075944563,0.00022271714922048998,0.5,0.6304533718806105,0.39639145189608377,0.061748967130666875,0.3592121662591499,0.6577215750402232,0.17140938787211252
2021-09-07 21:10:00,0.3612273361227336,0.2669322709163344,0.5976172747580044,0.5347259417961079,0.39014016306552723,0.00022271714922048998,0.5,0.6304533718806105,0.39639145189608377,0.061748967130666875,0.3592121662591499,0.6577215750402232,0.23312763100321376
2021-09-07 21:20:00,0.3688981868898187,0.2669322709163344,0.5976172747580044,0.5275843599357259,0.39014016306552723,0.00022271714922048998,0.5,0.6304533718806105,0.39639145189608377,0.061748967130666875,0.3592121662591499,0.6577215750402232,0.24692578119106176
2021-09-07 21:30:00,0.32496513249651326,0.22709163346613526,0.598808637379002,0.5257989644706302,0.39014016306552723,0.00022271714922048998,0.5,0.6304533718806105,0.39639145189608377,0.061748967130666875,0.3592121662591499,0.6577215750402232,0.18545649320277022
2021-09-07 21:40:00,0.23082287308228733,0.4262948207171313,0.5973194341027548,0.5265131226566686,0.3949954849432674,0.00022271714922048998,0.5,0.6304533718806105,0.39639145189608377,0.061748967130666875,0.3592121662591499,0.6577215750402232,0.09943117521915598
2021-09-07 21:50:00,0.29218967921896793,-0.09960159362549814,0.5949367088607593,0.5372254954472415,0.39885618562772374,0.00022271714922048998,0.5,0.6304533718806105,0.39639145189608377,0.061748967130666875,0.3592121662591499,0.6577215750402232,0.14161021168731236
2021-09-07 22:00:00,0.2719665271966527,0.4581673306772909,0.5946388682055099,0.5350830208891268,0.39014016306552723,0.00033407572383073496,0.5,0.5115759234720032,0.4115348254489138,0.10645221383854052,0.34270333836768047,0.6691550859958204,0.12871735292786338
2021-09-07 22:10:00,0.24476987447698745,0.4183266932270917,0.5910647803425166,0.5243706480985537,0.39797934852311845,0.00022271714922048998,0.5,0.5115759234720032,0.4115348254489138,0.10645221383854052,0.34270333836768047,0.6691550859958204,0.12118080178644175
2021-09-07 22:20:00,0.25174337517433754,0.11553784860557759,0.5946388682055099,0.5257989644706302,0.40397324992474903,0.00022271714922048998,0.5,0.5115759234720032,0.4115348254489138,0.10645221383854052,0.34270333836768047,0.6691550859958204,0.11777841483470888
2021-09-07 22:30:00,0.2789400278940028,0.41035856573705165,0.5940431868950109,0.5165149080521336,0.40397324992474903,0.00022271714922048998,0.5,0.5115759234720032,0.4115348254489138,0.10645221383854052,0.34270333836768047,0.6691550859958204,0.12306682559560632
2021-09-07 22:40:00,0.29707112970711297,0.43426294820717115,0.58927773641102,0.5100874843777896,0.40397324992474903,0.00022271714922048998,0.5,0.5115759234720032,0.4115348254489138,0.10645221383854052,0.34270333836768047,0.6691550859958204,0.14073509663986
2021-09-07 22:50:00,0.24755927475592746,0.09163346613545809,0.5877885331347725,0.507230851633637,0.40397324992474903,0.00022271714922048998,0.5,0.5115759234720032,0.4115348254489138,0.10645221383854052,0.34270333836768047,0.6691550859958204,0.112874752930881
2021-09-07 23:00:00,0.2622036262203626,-0.043824701195219196,0.58391660461653,0.5040171397964648,0.40397324992474903,0.00022271714922048998,0.5,0.4521087991120072,0.41840537690333957,0.1688935860840268,0.29512705702975467,0.7101640863523694,0.12311963426226293
2021-09-07 23:10:00,0.2838214783821479,-0.38645418326693237,0.5779597915115411,0.5040171397964648,0.40194474617528886,0.00033407572383073496,0.5,0.4521087991120072,0.41840537690333957,0.1688935860840268,0.29512705702975467,0.7101640863523694,0.13266291473663563
2021-09-07 23:20:00,0.2754532775453278,-0.09960159362549814,0.5728965003723006,0.5118728798428851,0.4008454280142912,0.00022271714922048998,0.5,0.4521087991120072,0.41840537690333957,0.1688935860840268,0.29512705702975467,0.7101640863523694,0.13192359340344315
2021-09-07 23:30:00,0.24407252440725244,0.09960159362549792,0.5648548026805658,0.5061596143545797,0.3958068864430514,0.00022271714922048998,0.5,0.4521087991120072,0.41840537690333957,0.1688935860840268,0.29512705702975467,0.7101640863523694,0.113470736454577
2021-09-07 23:40:00,0.1771269177126918,0.14741035856573692,0.5586001489203274,0.5029459025174075,0.4039994241666776,0.00022271714922048998,0.5,0.4521087991120072,0.41840537690333957,0.1688935860840268,0.29512705702975467,0.7101640863523694,0.07009973293902863
2021-09-07 23:50:00,0.2112970711297071,0.9681274900398404,0.5520476545048398,0.4929476879128727,0.4214838177749277,0.00022271714922048998,0.5,0.4521087991120072,0.41840537690333957,0.1688935860840268,0.29512705702975467,0.7101640863523694,0.06361181103550251
2021-09-08 00:00:00,0.24337517433751746,0.41035856573705165,0.545495100521221,0.49026959471522935,0.445694991558807,0.00022271714922048998,0.5,0.425937697095913,0.4091182073923794,0.19652904671160198,0.23081087371735873,0.7937828951053789,0.09456900282149162
2021-09-08 00:10:00,0.2754532775453278,-0.14741035856573714,0.5389426656738645,0.487591501517586,0.46990616534268626,0.00022271714922048998,0.5,0.425937697095913,0.4091182073923794,0.19652904671160198,0.23081087371735873,0.7937828951053789,0.1255262006427569
2021-09-08 00:20:00,0.2629009762900976,0.3705179282868525,0.5422189128816082,0.47580789144795577,0.48644828624150976,0.00022271714922048998,0.5,0.425937697095913,0.4091182073923794,0.19652904671160198,0.23081087371735873,0.7937828951053789,0.10714124055102073
2021-09-08 00:30:00,0.19316596931659694,0.003984063745019917,0.527922561429635,0.4811640778432422,0.5378414102681551,0.00011135857461024499,0.5,0.425937697095913,0.4091182073923794,0.19652904671160198,0.23081087371735873,0.7937828951053789,0.08843188436410822
2021-09-08 00:40:00,0.22594142259414227,-0.45019920318725104,0.5177959791511539,0.46973754686663094,0.5390715996387954,0.00011135857461024499,0.5,0.425937697095913,0.4091182073923794,0.19652904671160198,0.23081087371735873,0.7937828951053789,0.1078503855032666
2021-09-08 00:50:00,0.17642956764295675,0.33864541832669315,0.5201787043931496,0.4690233886805928,0.5383125466228684,0.00011135857461024499,0.5,0.425937697095913,0.4091182073923794,0.19652904671160198,0.23081087371735873,0.7937828951053789,0.09833728140984052
2021-09-08 01:00:00,0.21408647140864714,0.4501992031872508,0.5276247207743856,0.46616675593643975,0.5489262017248826,0.00011135857461024499,0.5,0.2859866327487981,0.41250894378561376,0.25226816571105887,0.210742353148384,0.8872165565613962,0.10744300436048704
2021-09-08 01:10:00,0.23221757322175732,0.003984063745019917,0.5362620997766194,0.46616675593643975,0.5586630197222913,0.00011135857461024499,0.5,0.2859866327487981,0.41250894378561376,0.25226816571105887,0.210742353148384,0.8872165565613962,0.10107578798074747
2021-09-08 01:20:00,0.28451882845188287,-0.12350597609561753,0.5401340282948621,0.4643813604713445,0.5586630197222913,0.00011135857461024499,0.5,0.2859866327487981,0.41250894378561376,0.25226816571105887,0.210742353148384,0.8872165565613962,0.11756718016808244
2021-09-08 01:30:00,0.2545327754532775,-0.2270916334661356,0.5443037974683544,0.459382253169077,0.5586630197222913,0.00011135857461024499,0.5,0.2859866327487981,0.41250894378561376,0.25226816571105887,0.210742353148384,0.8872165565613962,0.10054015721894474
2021-09-08 01:40:00,0.21478382147838215,0.003984063745019917,0.5443037974683544,0.4575968577039815,0.5586630197222913,0.00011135857461024499,0.5,0.2859866327487981,0.41250894378561376,0.25226816571105887,0.210742353148384,0.8872165565613962,0.07181224255775005
2021-09-08 01:50:00,0.16945606694560672,0.1633466135458166,0.5398361876396125,0.4575968577039815,0.5586630197222913,0.00011135857461024499,0.5,0.2859866327487981,0.41250894378561376,0.25226816571105887,0.210742353148384,0.8872165565613962,0.05226549179956848
2021-09-08 02:00:00,0.11436541143654114,0.41035856573705165,0.5347728965003722,0.46295304409926796,0.5586630197222913,0.00011135857461024499,0.5,0.2520472626619168,0.40820443266945916,0.29990601805300504,0.21393096574698306,0.944050890697089,0.02156856828160599
2021-09-08 02:10:00,0.11785216178521618,0.2828685258964143,0.5276247207743856,0.4708087841456883,0.5586630197222913,0.00011135857461024499,0.5,0.2520472626619168,0.40820443266945916,0.29990601805300504,0.21393096574698306,0.944050890697089,0.010901217616971196
2021-09-08 02:20:00,0.08647140864714087,0.31474103585657365,0.5082650781831719,0.4690233886805928,0.5623012393503553,0.6682628062360801,0.5,0.2520472626619168,0.40820443266945916,0.29990601805300504,0.21393096574698306,0.944050890697089,0.0
2021-09-08 02:30:00,0.07670850767085077,-0.8167330677290838,0.5079672375279223,0.47295125870380295,0.5637800840193166,0.9993318485523385,0.5,0.2520472626619168,0.40820443266945916,0.29990601805300504,0.21393096574698306,0.944050890697089,0.0
2021-09-08 02:40:00,0.02580195258019526,-0.4661354581673308,0.5106478034251674,0.47616497054097473,0.5637800840193166,0.9993318485523385,0.5,0.2520472626619168,0.40820443266945916,0.29990601805300504,0.21393096574698306,0.944050890697089,0.0
2021-09-08 02:50:00,0.03695955369595537,-0.11553784860557781,0.5112434847356664,0.4690233886805928,0.5637800840193166,0.9993318485523385,0.5,0.2520472626619168,0.40820443266945916,0.29990601805300504,0.21393096574698306,0.944050890697089,0.0
2021-09-08 03:00:00,0.05439330543933055,0.2350597609561753,0.5112434847356664,0.4590251740760578,0.5637800840193166,0.9993318485523385,0.5,0.2563711238290147,0.4082159266911293,0.3063706216314206,0.17670000282961104,0.9565484267687868,0.0
2021-09-08 03:10:00,0.06415620641562064,0.585657370517928,0.5100521221146683,0.45045527584359935,0.5637800840193166,0.9993318485523385,0.5,0.2563711238290147,0.4082159266911293,0.3063706216314206,0.17670000282961104,0.9565484267687868,0.0
2021-09-08 03:20:00,0.05230125523012552,0.609182318345665,0.4972449739389424,0.4429566148901982,0.5637800840193166,0.9993318485523385,0.5,0.2563711238290147,0.4082159266911293,0.3063706216314206,0.17670000282961104,0.9565484267687868,0.0
2021-09-08 03:30:00,0.0815899581589958,0.6327072661734015,0.49158600148920306,0.43402963756472057,0.5637800840193166,0.9993318485523385,0.5,0.2563711238290147,0.4082159266911293,0.3063706216314206,0.17670000282961104,0.9565484267687868,0.0
2021-09-08 03:40:00,0.07740585774058578,0.6562322140011381,0.48265078183171983,0.42795929298339574,0.5637800840193166,0.9993318485523385,0.5,0.2563711238290147,0.4082159266911293,0.3063706216314206,0.17670000282961104,0.9565484267687868,0.0
2021-09-08 03:50:00,0.06903765690376569,0.6797571618288749,0.4853313477289649,0.42474558114622396,0.5637800840193166,0.9993318485523385,0.5,0.2563711238290147,0.4082159266911293,0.3063706216314206,0.17670000282961104,0.9565484267687868,0.0
2021-09-08 04:00:00,0.04393305439330544,0.7032821096566113,0.47967237527922557,0.4190323156579181,0.5637800840193166,0.9993318485523385,0.5,0.20502234156698806,0.4029717793032894,0.320789894740473,0.14753845174676272,0.9231756459168536,0.0
2021-09-08 04:10:00,0.0397489539748954,0.7268070574843482,0.4728220402084884,0.4161756829137653,0.5637800840193166,0.9993318485523385,0.5,0.20502234156698806,0.4029717793032894,0.320789894740473,0.14753845174676272,0.9231756459168536,0.0
2021-09-08 04:20:00,0.030683403068340307,0.7503320053120848,0.46329113924050613,0.4111765756114978,0.5637800840193166,0.9993318485523385,0.5,0.20502234156698806,0.4029717793032894,0.320789894740473,0.14753845174676272,0.9231756459168536,0.0
2021-09-08 04:30:00,0.0397489539748954,0.7193448428508187,0.4582278481012656,0.40582038921621133,0.5637800840193166,0.9993318485523385,0.5,0.20502234156698806,0.4029717793032894,0.320789894740473,0.14753845174676272,0.9231756459168536,0.0
2021-09-08 04:40:00,0.04951185495118549,0.6883576803895528,0.4549516008935217,0.4001071237279059,0.5637800840193166,0.9993318485523385,0.5,0.20502234156698806,0.4029717793032894,0.320789894740473,0.14753845174676272,0.9231756459168536,0.0
2021-09-08 04:50:00,0.08926080892608089,0.6573705179282865,0.4549516008935217,0.3951080164256384,0.5637800840193166,0.9993318485523385,0.5,0.20502234156698806,0.4029717793032894,0.320789894740473,0.14753845174676272,0.9231756459168536,0.0
2021-09-08 05:00:00,0.09553695955369597,0.6263833554670208,0.4606105733432613,0.3936797000535619,0.5637800840193166,0.9993318485523385,0.5,0.19678179374916405,0.40139422482881315,0.322891204768414,0.1825276552204613,0.8790968935883611,0.0
2021-09-08 05:10:00,0.07112970711297072,0.5953961930057547,0.45971705137751284,0.39260846277450456,0.5637800840193166,0.9993318485523385,0.5,0.19678179374916405,0.40139422482881315,0.322891204768414,0.1825276552204613,0.8790968935883611,0.0
2021-09-08 05:20:00,0.08647140864714087,0.5644090305444887,0.45524944154877134,0.38653811819317974,0.5637800840193166,0.9993318485523385,0.5,0.19678179374916405,0.40139422482881315,0.322891204768414,0.1825276552204613,0.8790968935883611,0.0
2021-09-08 05:30:00,0.07391910739191074,0.5334218680832226,0.4540580789277735,0.3843956436350653,0.5637800840193166,0.9993318485523385,0.5,0.19678179374916405,0.40139422482881315,0.322891204768414,0.1825276552204613,0.8790968935883611,0.0
2021-09-08 05:40:00,0.06834030683403068,0.5024347056219565,0.449590469099032,0.38296732726298877,0.5637800840193166,0.9993318485523385,0.5,0.19678179374916405,0.40139422482881315,0.322891204768414,0.1825276552204613,0.8790968935883611,0.0
2021-09-08 05:50:00,0.07391910739191074,0.4714475431606904,0.4412509307520476,0.37653990358864475,0.5637800840193166,0.9993318485523385,0.5,0.19678179374916405,0.40139422482881315,0.322891204768414,0.1825276552204613,0.8790968935883611,0.0
2021-09-08 06:00:00,0.06624825662482565,0.4404603806994243,0.4358897989575574,0.36904124263524385,0.5637800840193166,0.9993318485523385,0.5,0.17823237297559258,0.41414684187386974,0.36101990005271667,0.2766818411606908,0.9134263006795298,0.0
2021-09-08 06:10:00,0.05230125523012552,0.4094732182381582,0.4269545793000742,0.362970898053919,0.5637800840193166,0.9993318485523385,0.5,0.17823237297559258,0.41414684187386974,0.36101990005271667,0.2766818411606908,0.9134263006795298,0.0
2021-09-08 06:20:00,0.03486750348675035,0.3784860557768921,0.4180193596425912,0.35797179075165153,0.5637800840193166,0.9993318485523385,0.5,0.17823237297559258,0.41414684187386974,0.36101990005271667,0.2766818411606908,0.9134263006795298,0.0
2021-09-08 06:30:00,0.027196652719665274,0.3474988933156262,0.41265822784810124,0.3536868416354222,0.5637800840193166,0.9993318485523385,0.5,0.17823237297559258,0.41414684187386974,0.36101990005271667,0.2766818411606908,0.9134263006795298,0.0
2021-09-08 06:40:00,0.028591352859135284,0.31651173085436035,0.40580789277736407,0.3461881806820213,0.5637800840193166,0.9993318485523385,0.5,0.17823237297559258,0.41414684187386974,0.36101990005271667,0.2766818411606908,0.9134263006795298,0.0
2021-09-08 06:50:00,0.07740585774058578,0.28552456839309426,0.40193596425912137,0.3394036779146581,0.5637800840193166,0.9993318485523385,0.5,0.17823237297559258,0.41414684187386974,0.36101990005271667,0.2766818411606908,0.9134263006795298,0.0
2021-09-08 07:00:00,0.10669456066945607,0.25453740593182816,0.4043186895011168,0.3344045706123906,0.5637800840193166,0.9993318485523385,0.5,0.20931361676566418,0.42586212346303437,0.3473604971722353,0.27747970175378495,0.9439109710829665,0.0
2021-09-08 07:10:00,0.100418410041841,0.22355024347056207,0.40580789277736407,0.32869130512408495,0.5637800840193166,0.9993318485523385,0.5,0.20931361676566418,0.42586212346303437,0.3473604971722353,0.27747970175378495,0.9439109710829665,0.0
2021-09-08 07:20:00,0.06415620641562064,0.19256308100929598,0.39865971705137726,0.32404927691483665,0.5637800840193166,0.9993318485523385,0.5,0.20931361676566418,0.42586212346303437,0.3473604971722353,0.27747970175378495,0.9439109710829665,0.0
2021-09-08 07:30:00,0.14853556485355648,0.16157591854802988,0.39717051377513,0.3201214068916265,0.5637800840193166,0.9993318485523385,0.5,0.20931361676566418,0.42586212346303437,0.3473604971722353,0.27747970175378495,0.9439109710829665,0.0
2021-09-08 07:40:00,0.08368200836820083,0.130588756086764,0.395681310498883,0.315122299589359,0.5637800840193166,0.9993318485523385,0.5,0.20931361676566418,0.42586212346303437,0.3473604971722353,0.27747970175378495,0.9439109710829665,0.0
2021-09-08 07:50:00,0.11576011157601115,0.09960159362549792,0.4043186895011168,0.315122299589359,0.5637800840193166,0.9993318485523385,0.5,0.20931361676566418,0.42586212346303437,0.3473604971722353,0.27747970175378495,0.9439109710829665,0.0
2021-09-08 08:00:00,0.08228730822873082,0.06861443116423183,0.4153387937453461,0.315122299589359,0.5637800840193166,0.9993318485523385,0.5,0.19707493405260368,0.4325976201628141,0.36087989726026964,0.22912204122083651,0.9356884460475,0.0
2021-09-08 08:10:00,0.06764295676429567,0.03762726870296573,0.42129560685033485,0.3201214068916265,0.5637800840193166,0.9993318485523385,0.5,0.19707493405260368,0.4325976201628141,0.36087989726026964,0.22912204122083651,0.9356884460475,0.0
2021-09-08 08:20:00,0.07601115760111576,0.006640106241699861,0.42963514519731927,0.32404927691483665,0.5637800840193166,0.9993318485523385,0.5,0.19707493405260368,0.4325976201628141,0.36087989726026964,0.22912204122083651,0.9356884460475,0.0
2021-09-08 08:30:00,0.07740585774058578,-0.024347056219566343,0.4388682055100521,0.32547759328691295,0.5637800840193166,0.9993318485523385,0.5,0.19707493405260368,0.4325976201628141,0.36087989726026964,0.22912204122083651,0.9356884460475,0.0
2021-09-08 08:40:00,0.11576011157601115,-0.055334218680832326,0.45227103499627686,0.32904838421710414,0.5637800840193166,0.9993318485523385,0.5,0.19707493405260368,0.4325976201628141,0.36087989726026964,0.22912204122083651,0.9356884460475,0.0
2021-09-08 08:50:00,0.0885634588563459,-0.08632138114209842,0.4656738644825016,0.33511872879842897,0.5637800840193166,0.9993318485523385,0.5,0.19707493405260368,0.4325976201628141,0.36087989726026964,0.22912204122083651,0.9356884460475,0.0
2021-09-08 09:00:00,0.10529986052998605,-0.11730854360336451,0.4766939687267311,0.3411890733797538,0.5637800840193166,0.9993318485523385,0.5,0.2907339113868448,0.44296522771093866,0.2776459544963026,0.1346027873408767,0.8661976609032291,0.0
2021-09-08 09:10:00,0.07461645746164575,-0.1482957060646305,0.4844378257632167,0.3454740224959829,0.5637800840193166,0.9993318485523385,0.5,0.2907339113868448,0.44296522771093866,0.2776459544963026,0.1346027873408767,0.8661976609032291,0.0
2021-09-08 09:20:00,0.028591352859135284,-0.17928286852589637,0.488905435591958,0.34975897161221203,0.5637800840193166,0.9993318485523385,0.5,0.2907339113868448,0.44296522771093866,0.2776459544963026,0.1346027873408767,0.8661976609032291,0.0
2021-09-08 09:30:00,0.0397489539748954,-0.22652248150256127,0.4957557706626954,0.3561863952865558,0.5637800840193166,0.9993318485523385,0.5,0.2907339113868448,0.44296522771093866,0.2776459544963026,0.1346027873408767,0.8661976609032291,0.0
2021-09-08 09:40:00,0.02301255230125523,-0.27376209447922606,0.504988830975428,0.36225673986788065,0.5637800840193166,0.9993318485523385,0.5,0.2907339113868448,0.44296522771093866,0.2776459544963026,0.1346027873408767,0.8661976609032291,0.0
2021-09-08 09:50:00,0.021617852161785217,-0.32100170745589074,0.5160089352196573,0.36904124263524385,0.5637800840193166,0.9993318485523385,0.5,0.2907339113868448,0.44296522771093866,0.2776459544963026,0.1346027873408767,0.8661976609032291,0.0
2021-09-08 10:00:00,0.06834030683403068,-0.36824132043255553,0.5264333581533878,0.3793965363327978,0.5637800840193166,0.9993318485523385,0.5,0.493604711857657,0.44360027240831307,0.16865073703734565,0.2436056099646386,0.741235952588209,0.0
2021-09-08 10:10:00,0.11227336122733612,-0.4154809334092203,0.5347728965003722,0.3858239600071418,0.5637800840193166,0.9993318485523385,0.5,0.493604711857657,0.44360027240831307,0.16865073703734565,0.2436056099646386,0.741235952588209,0.0
2021-09-08 10:20:00,0.12691771269177127,-0.4627205463858851,0.5320923306031271,0.3922513836814856,0.5637800840193166,0.9993318485523385,0.5,0.493604711857657,0.44360027240831307,0.16865073703734565,0.2436056099646386,0.741235952588209,0.0
2021-09-08 10:30:00,0.1311018131101813,-0.5099601593625498,0.5317944899478777,0.39475093733261923,0.5637800840193166,0.9993318485523385,0.5,0.493604711857657,0.44360027240831307,0.16865073703734565,0.2436056099646386,0.741235952588209,0.0
2021-09-08 10:40:00,0.15202231520223153,-0.5571997723392146,0.5335815338793746,0.3968934118907337,0.5637800840193166,0.9993318485523385,0.5,0.493604711857657,0.44360027240831307,0.16865073703734565,0.2436056099646386,0.741235952588209,0.0
2021-09-08 10:50:00,0.14574616457461645,-0.6044393853158794,0.5344750558451226,0.39939296554186754,0.5637800840193166,0.9993318485523385,0.5,0.493604711857657,0.44360027240831307,0.16865073703734565,0.2436056099646386,0.741235952588209,0.0
2021-09-08 11:00:00,0.14435146443514643,-0.6516789982925442,0.5389426656738645,0.40403499375111585,0.5637800840193166,0.9993318485523385,0.5,0.5207448211824135,0.4446117463154483,0.16997454967353606,0.4185690941795792,0.7210022181482492,0.0
2021-09-08 11:10:00,0.15760111576011157,-0.698918611269209,0.5451973194341024,0.4061774683092303,0.5637800840193166,0.9993318485523385,0.5,0.5207448211824135,0.4446117463154483,0.16997454967353606,0.4185690941795792,0.7210022181482492,0.0
2021-09-08 11:20:00,0.15132496513249652,-0.7461582242458737,0.5538346984363365,0.4111765756114978,0.5637800840193166,0.9993318485523385,0.5,0.5207448211824135,0.4446117463154483,0.16997454967353606,0.4185690941795792,0.7210022181482492,0.0
2021-09-08 11:30:00,0.19386331938633192,-0.5917283247960541,0.5666418466120624,0.4172469201928226,0.5335488345918782,0.9993318485523385,0.5,0.5207448211824135,0.4446117463154483,0.16997454967353606,0.4185690941795792,0.7210022181482492,0.0
2021-09-08 11:40:00,0.2189679218967922,-0.4372984253462342,0.5779597915115411,0.43474379575075894,0.3972464697491199,0.42383073496659246,0.5,0.5207448211824135,0.4446117463154483,0.16997454967353606,0.4185690941795792,0.7210022181482492,0.0317078322796747
2021-09-08 11:50:00,0.2391910739191074,-0.2828685258964144,0.590766939687267,0.46295304409926796,0.3874703903888184,0.00022271714922048998,0.5,0.5207448211824135,0.4446117463154483,0.16997454967353606,0.4185690941795792,0.7210022181482492,0.08490124779335215
2021-09-08 12:00:00,0.2391910739191074,-0.02788844621513953,0.6038719285182426,0.4958043206570255,0.3865804661632487,0.0016703786191536749,0.5,0.5563534800446797,0.43731591605916054,0.1735129173500363,0.5783604072560298,0.7191267015067655,0.09059703969702915
2021-09-08 12:10:00,0.29358437935843795,0.17131474103585642,0.6151898734177212,0.5268702017496876,0.3972333826281556,0.03574610244988864,0.5,0.5563534800446797,0.43731591605916054,0.1735129173500363,0.5783604072560298,0.7191267015067655,0.12384386740498213
2021-09-08 12:20:00,0.3723849372384937,0.01195219123505975,0.6235294117647057,0.5404392072844135,0.4016437423931109,0.03830734966592428,0.5,0.5563534800446797,0.43731591605916054,0.1735129173500363,0.5783604072560298,0.7191267015067655,0.16536656758754922
2021-09-08 12:30:00,0.4281729428172943,0.3705179282868525,0.6312732688011911,0.5497232637029101,0.40464069309392625,0.07216035634743875,0.5,0.5563534800446797,0.43731591605916054,0.1735129173500363,0.5783604072560298,0.7191267015067655,0.16428021787347044
2021-09-08 12:40:00,0.44839609483960946,-0.03585657370517936,0.6154877140729709,0.5336547045170503,0.4067869809320648,0.08463251670378619,0.5,0.5563534800446797,0.43731591605916054,0.1735129173500363,0.5783604072560298,0.7191267015067655,0.15951989377913905
2021-09-08 12:50:00,0.5411436541143654,-0.12350597609561753,0.6080416976917349,0.5161578289591144,0.4096399733022732,0.1285077951002227,0.5,0.5563534800446797,0.43731591605916054,0.1735129173500363,0.5783604072560298,0.7191267015067655,0.1709039334912564
2021-09-08 13:00:00,0.6018131101813111,0.1872509960159361,0.6071481757259864,0.5129441171219424,0.40647289002892256,0.14844097995545658,0.5,0.6815171519930303,0.42393112782214176,0.1276426002627335,0.7049581484531751,0.7243340861232167,0.17813117672797502
2021-09-08 13:10:00,0.598326359832636,0.10756972111553775,0.6077438570364853,0.507587930726656,0.3989085341115808,0.1408685968819599,0.5,0.6815171519930303,0.42393112782214176,0.1276426002627335,0.7049581484531751,0.7243340861232167,0.18540368453611358
2021-09-08 13:20:00,0.5808926080892608,-0.059760956175298974,0.6145941921072224,0.5086591680057133,0.4051903521744252,0.1326280623608018,0.5,0.6815171519930303,0.42393112782214176,0.1276426002627335,0.7049581484531751,0.7243340861232167,0.18707092958341506
2021-09-08 13:30:00,0.596931659693166,-0.07569721115537853,0.6157855547282203,0.5147295125870381,0.40382929159414227,0.13129175946547883,0.5,0.6815171519930303,0.42393112782214176,0.1276426002627335,0.7049581484531751,0.7243340861232167,0.1893266140591759
2021-09-08 13:40:00,0.6108786610878661,-0.19521912350597614,0.6220402084884586,0.5186573826102483,0.4027823219170015,0.06146993318485523,0.5,0.6815171519930303,0.42393112782214176,0.1276426002627335,0.7049581484531751,0.7243340861232167,0.4630339333403745
2021-09-08 13:50:00,0.5146443514644351,-0.03585657370517936,0.627699180938198,0.5304409926798785,0.40861917786706103,0.0321826280623608,0.5,0.6815171519930303,0.42393112782214176,0.1276426002627335,0.7049581484531751,0.7243340861232167,0.3875628045928452
2021-09-08 14:00:00,0.6576011157601116,0.027888446215139417,0.6315711094564407,0.5468666309587575,0.40282158327989426,0.015033407572383075,0.5,0.7002049880879442,0.39955518136129414,0.12673562565079424,0.8038172084921521,0.7333584777573597,0.77548772575705
2021-09-08 14:10:00,0.7357043235704324,0.08366533864541825,0.6375279225614294,0.5607927155865025,0.3988954469906165,0.015033407572383075,0.5,0.7002049880879442,0.39955518136129414,0.12673562565079424,0.8038172084921521,0.7333584777573597,0.9480438161051346
2021-09-08 14:20:00,0.6959553695955369,-0.1394422310756973,0.6405063291139239,0.5736475629351903,0.40974467026998734,0.046993318485523385,0.5,0.7002049880879442,0.39955518136129414,0.12673562565079424,0.8038172084921521,0.7333584777573597,0.7087224829126243
2021-09-08 14:30:00,0.6980474198047419,-0.05179282868525903,0.6458674609084138,0.590073201214069,0.40352828781196426,0.04465478841870824,0.5,0.7002049880879442,0.39955518136129414,0.12673562565079424,0.8038172084921521,0.7333584777573597,0.6879686769165774
2021-09-08 14:40:00,0.7189679218967923,0.25099601593625476,0.6545048399106477,0.6036422067487948,0.4017746136027535,0.052895322939866374,0.5,0.7002049880879442,0.39955518136129414,0.12673562565079424,0.8038172084921521,0.7333584777573597,0.7540700393801771
2021-09-08 14:50:00,0.6408647140864714,-0.1633466135458168,0.6553983618763959,0.6125691840742724,0.41831673450157697,0.03363028953229399,0.5,0.7002049880879442,0.39955518136129414,0.12673562565079424,0.8038172084921521,0.7333584777573597,0.5210932902816966
2021-09-08 15:00:00,0.7217573221757322,0.043824701195219085,0.6577810871183913,0.6225673986788074,0.40275614767507295,0.06236080178173719,0.5,0.7128915360865418,0.37843204303361827,0.1227341327949313,0.8700795709802288,0.7497495953942762,0.6747815984428988
2021-09-08 15:10:00,0.6073919107391912,-0.05179282868525903,0.6631422189128813,0.6239957150508837,0.40761146955281313,0.032405345211581296,0.5,0.7128915360865418,0.37843204303361827,0.1227341327949313,0.8700795709802288,0.7497495953942762,0.5859498770312477
2021-09-08 15:20:00,0.8054393305439331,0.25099601593625476,0.6711839166046163,0.6375647205856096,0.4262213555639895,0.025612472160356347,0.5,0.7128915360865418,0.37843204303361827,0.1227341327949313,0.8700795709802288,0.7497495953942762,0.9929538150489612
2021-09-08 15:30:00,0.7133891213389122,0.10756972111553775,0.6723752792256141,0.6404213533297625,0.41508421562340503,0.018819599109131405,0.5,0.7128915360865418,0.37843204303361827,0.1227341327949313,0.8700795709802288,0.7497495953942762,0.8831872293555835
2021-09-08 15:40:00,0.5,0.14741035856573692,0.6682055100521218,0.6489912515622211,0.42054154506550107,0.014699331848552339,0.5,0.7128915360865418,0.37843204303361827,0.1227341327949313,0.8700795709802288,0.7497495953942762,0.46614964467311437
2021-09-08 15:50:00,0.597629009762901,-0.05179282868525903,0.6688011913626208,0.6639885734690234,0.43008205624844587,0.014253897550111359,0.5,0.7128915360865418,0.37843204303361827,0.1227341327949313,0.8700795709802288,0.7497495953942762,0.6545785113991279
2021-09-08 16:00:00,0.7329149232914923,0.05179282868525892,0.6747580044676096,0.6757721835386539,0.42894347672455535,0.03763919821826281,0.5,0.7602503216071652,0.3560905384087113,0.09117123875967165,0.8907970409477634,0.7644816905513588,0.8447802405057562
2021-09-08 16:10:00,0.598326359832636,-0.40239043824701204,0.6848845867460907,0.6772004999107302,0.44272421509992016,0.023719376391982183,0.5,0.7602503216071652,0.3560905384087113,0.09117123875967165,0.8907970409477634,0.7644816905513588,0.5546871463705358
2021-09-08 16:20:00,0.5390516039051604,0.09163346613545809,0.6848845867460907,0.686841635422246,0.4378558061012158,0.009465478841870824,0.5,0.7602503216071652,0.3560905384087113,0.09117123875967165,0.8907970409477634,0.7644816905513588,0.5601415272266397
2021-09-08 16:30:00,0.697350069735007,0.09960159362549792,0.691139240506329,0.700053561863953,0.4272028896363089,0.06648106904231625,0.5,0.7602503216071652,0.3560905384087113,0.09117123875967165,0.8907970409477634,0.7644816905513588,0.5732607088431885
2021-09-08 16:40:00,0.5278940027894004,-0.12350597609561753,0.6902457185405806,0.7011247991430103,0.4349112038842576,0.0044543429844098,0.5,0.7602503216071652,0.3560905384087113,0.09117123875967165,0.8907970409477634,0.7644816905513588,0.5029195648565867
2021-09-08 16:50:00,0.7217573221757322,0.10756972111553775,0.6970960536113178,0.7086234600964114,0.41751842012275714,0.03641425389755011,0.5,0.7602503216071652,0.3560905384087113,0.09117123875967165,0.8907970409477634,0.7644816905513588,0.7951325497533082
2021-09-08 17:00:00,0.698744769874477,0.17928286852589648,0.6973938942665674,0.6989823245848956,0.44590438549423517,0.03173719376391983,0.5,0.7615612981422659,0.3406396997761538,0.08744150857066914,0.8722472861835261,0.7678444253700641,0.7979540413718184
2021-09-08 17:10:00,0.5920502092050209,-0.043824701195219196,0.6917349218168278,0.6957686127477234,0.45413618458075405,0.011024498886414253,0.5,0.7615612981422659,0.3406396997761538,0.08744150857066914,0.8722472861835261,0.7678444253700641,0.6698854806343075
2021-09-08 17:20:00,0.5062761506276151,0.003984063745019917,0.6938198064035739,0.7107659346545259,0.4574603133056759,0.004565701559020045,0.5,0.7615612981422659,0.3406396997761538,0.08744150857066914,0.8722472861835261,0.7678444253700641,0.4767113780044359
2021-09-08 17:30:00,0.7238493723849373,-0.059760956175298974,0.697989575577066,0.7232637029101947,0.43310518119118974,0.046325167037861915,0.5,0.7615612981422659,0.3406396997761538,0.08744150857066914,0.8722472861835261,0.7678444253700641,0.791337869849269
2021-09-08 17:40:00,0.5397489539748954,0.43426294820717115,0.6982874162323154,0.7186216747009462,0.437463192472288,0.014142538975501114,0.5,0.7615612981422659,0.3406396997761538,0.08744150857066914,0.8722472861835261,0.7678444253700641,0.5216817297101559
2021-09-08 17:50:00,0.6422594142259415,0.05179282868525892,0.7006701414743111,0.7296911265845385,0.4559945557576789,0.038418708240534526,0.5,0.7615612981422659,0.3406396997761538,0.08744150857066914,0.8722472861835261,0.7678444253700641,0.6598367457790787
2021-09-08 18:00:00,0.694560669456067,-0.03585657370517936,0.7012658227848099,0.7214783074450992,0.45448953684678906,0.026391982182628063,0.5,0.6540024874734134,0.3253296629090796,0.12375460604748656,0.8313903252823095,0.7665924415908504,0.8306803265084418
2021-09-08 18:10:00,0.6882845188284519,-0.043824701195219196,0.7000744601638123,0.7229066238171755,0.45534019970946593,0.01135857461024499,0.5,0.6540024874734134,0.3253296629090796,0.12375460604748656,0.8313903252823095,0.7665924415908504,0.8693287264058421
2021-09-08 18:20:00,0.5753138075313807,-0.003984063745020028,0.6973938942665674,0.7275486520264238,0.46537802148905266,0.012583518930957683,0.5,0.6540024874734134,0.3253296629090796,0.12375460604748656,0.8313903252823095,0.7665924415908504,0.6160357288350409
2021-09-08 18:30:00,0.7322175732217573,-0.07569721115537853,0.6982874162323154,0.7361185502588823,0.4624726806349871,0.023496659242761692,0.5,0.6540024874734134,0.3253296629090796,0.12375460604748656,0.8313903252823095,0.7665924415908504,0.9665645699111306
2021-09-08 18:40:00,0.6136680613668062,-0.19521912350597614,0.6973938942665674,0.7343331547937868,0.4558113360641793,0.0066815144766146995,0.5,0.6540024874734134,0.3253296629090796,0.12375460604748656,0.8313903252823095,0.7665924415908504,0.6715300933958991
2021-09-08 18:50:00,0.6841004184100419,0.17928286852589648,0.6959046909903199,0.7343331547937868,0.4359058250775412,0.01247216035634744,0.5,0.6540024874734134,0.3253296629090796,0.12375460604748656,0.8313903252823095,0.7665924415908504,0.8581860977412978
2021-09-08 19:00:00,0.6631799163179917,-0.019920318725099695,0.6935219657483245,0.7268344938403857,0.4503932679849759,0.001893095768374165,0.5,0.6447847608400041,0.3379156166398962,0.13731775700816062,0.7516010112810104,0.7853866151065955,0.8644476967877242
2021-09-08 19:10:00,0.5550906555090656,-0.13147410358565736,0.6881608339538345,0.734690233886806,0.4543586656371465,0.0020044543429844097,0.5,0.6447847608400041,0.3379156166398962,0.13731775700816062,0.7516010112810104,0.7853866151065955,0.595191393696154
2021-09-08 19:20:00,0.5536959553695956,0.15537848605577675,0.6869694713328367,0.7425459739332261,0.44710840062294693,0.0021158129175946547,0.5,0.6447847608400041,0.3379156166398962,0.13731775700816062,0.7516010112810104,0.7853866151065955,0.6048252033133666
2021-09-08 19:30:00,0.6499302649930265,-0.003984063745020028,0.6819061801935962,0.7357614711658633,0.45811466935388884,0.004120267260579065,0.5,0.6447847608400041,0.3379156166398962,0.13731775700816062,0.7516010112810104,0.7853866151065955,0.8046909184181542
2021-09-08 19:40:00,0.6094839609483961,0.14741035856573692,0.6798212956068501,0.7236207820032137,0.46491997225530357,0.0012249443207126948,0.5,0.6447847608400041,0.3379156166398962,0.13731775700816062,0.7516010112810104,0.7853866151065955,0.750893975285544
2021-09-08 19:50:00,0.7154811715481172,-0.1872509960159363,0.6768428890543556,0.7261203356543473,0.4621062412479879,0.000779510022271715,0.5,0.6447847608400041,0.3379156166398962,0.13731775700816062,0.7516010112810104,0.7853866151065955,0.9633583294355509
2021-09-08 20:00:00,0.6227336122733612,-0.11553784860557781,0.6726731198808635,0.7214783074450992,0.4652209760374815,0.0006681514476614699,0.5,0.639793204174606,0.3429614921538939,0.13461357263665713,0.5526337404577205,0.8092862439923127,0.7729151892813495
2021-09-08 20:10:00,0.5725244072524408,0.31474103585657365,0.6670141474311242,0.7189787537939654,0.4629176427477719,0.0023385300668151447,0.5,0.639793204174606,0.3429614921538939,0.13461357263665713,0.5526337404577205,0.8092862439923127,0.6792024382515804
2021-09-08 20:20:00,0.6032078103207811,0.2350597609561753,0.658078927773641,0.7204070701660419,0.47618798340553065,0.00011135857461024499,0.5,0.639793204174606,0.3429614921538939,0.13461357263665713,0.5526337404577205,0.8092862439923127,0.7056746684370143
2021-09-08 20:30:00,0.5857740585774059,0.3545816733067728,0.6518242740134028,0.7100517764684879,0.47829500988077633,0.00011135857461024499,0.5,0.639793204174606,0.3429614921538939,0.13461357263665713,0.5526337404577205,0.8092862439923127,0.6453369947342215
2021-09-08 20:40:00,0.5202231520223152,0.3545816733067728,0.644676098287416,0.7064809855382967,0.48795330515239954,0.00022271714922048998,0.5,0.639793204174606,0.3429614921538939,0.13461357263665713,0.5526337404577205,0.8092862439923127,0.5490517072287521
2021-09-08 20:50:00,0.49581589958159,0.22709163346613526,0.6375279225614294,0.7004106409569719,0.4895630210310034,0.00022271714922048998,0.5,0.639793204174606,0.3429614921538939,0.13461357263665713,0.5526337404577205,0.8092862439923127,0.464678546101966
2021-09-08 21:00:00,0.5599721059972106,-0.13147410358565736,0.6312732688011911,0.6971969291198001,0.4992736647864836,0.00022271714922048998,0.5,0.627578935923045,0.3597772458599987,0.13606800382014866,0.44559777334391787,0.85283576067554,0.5742716176049006
2021-09-08 21:10:00,0.5704323570432357,0.019920318725099362,0.6265078183172001,0.6879128727013033,0.500804857939302,0.00022271714922048998,0.5,0.627578935923045,0.3597772458599987,0.13606800382014866,0.44559777334391787,0.85283576067554,0.5966775804577756
2021-09-08 21:20:00,0.6122733612273361,0.2828685258964143,0.6160833953834697,0.6732726298875202,0.500804857939302,0.00022271714922048998,0.5,0.627578935923045,0.3597772458599987,0.13606800382014866,0.44559777334391787,0.85283576067554,0.7095297011029468
2021-09-08 21:30:00,0.6980474198047419,0.13147410358565725,0.6116157855547282,0.6572040707016604,0.5083299524937509,0.00022271714922048998,0.5,0.627578935923045,0.3597772458599987,0.13606800382014866,0.44559777334391787,0.85283576067554,0.8841226971649291
2021-09-08 21:40:00,0.6603905160390516,0.003984063745019917,0.6056589724497392,0.6497054097482591,0.5107772441140673,0.00022271714922048998,0.5,0.627578935923045,0.3597772458599987,0.13606800382014866,0.44559777334391787,0.85283576067554,0.825686135461774
2021-09-08 21:50:00,0.6813110181311018,0.05179282868525892,0.6005956813104989,0.6472058560971254,0.5169151038463049,0.00022271714922048998,0.5,0.627578935923045,0.3597772458599987,0.13606800382014866,0.44559777334391787,0.85283576067554,0.8438296845059372
2021-09-08 22:00:00,0.6317991631799164,-0.14741035856573714,0.5976172747580044,0.6468487770041065,0.5207103689259399,0.00022271714922048998,0.5,0.4967234258425741,0.3808601551118228,0.17710391288782773,0.3981544009654268,0.899963743302898,0.7364922974787634
2021-09-08 22:10:00,0.5529986052998606,0.07569721115537842,0.5940431868950109,0.6468487770041065,0.5207103689259399,0.00022271714922048998,0.5,0.4967234258425741,0.3808601551118228,0.17710391288782773,0.3981544009654268,0.899963743302898,0.5428957255156389
2021-09-08 22:20:00,0.5258019525801952,0.08366533864541825,0.5889798957557706,0.6468487770041065,0.5207103689259399,0.00022271714922048998,0.5,0.4967234258425741,0.3808601551118228,0.17710391288782773,0.3981544009654268,0.899963743302898,0.45524088296090653
2021-09-08 22:30:00,0.5390516039051604,0.1633466135458166,0.5854058078927771,0.6397071951437245,0.5207103689259399,0.00022271714922048998,0.5,0.4967234258425741,0.3808601551118228,0.17710391288782773,0.3981544009654268,0.899963743302898,0.45695339257962797
2021-09-08 22:40:00,0.5732217573221757,0.2350597609561753,0.5827252419955322,0.6297089805391896,0.5207103689259399,0.00011135857461024499,0.5,0.4967234258425741,0.3808601551118228,0.17710391288782773,0.3981544009654268,0.899963743302898,0.5481086953241697
2021-09-08 22:50:00,0.5557880055788006,0.2350597609561753,0.5803425167535365,0.6232815568648455,0.5207103689259399,0.00011135857461024499,0.5,0.4967234258425741,0.3808601551118228,0.17710391288782773,0.3981544009654268,0.899963743302898,0.5313079952321318
2021-09-08 23:00:00,0.5488145048814504,0.1872509960159361,0.5779597915115411,0.6147116586323871,0.5207103689259399,0.00022271714922048998,0.5,0.39895231275325393,0.38706405330927185,0.2173520526197452,0.3652051389161198,0.942594369861749,0.4954056460008751
2021-09-08 23:10:00,0.5446304044630405,0.17928286852589648,0.5767684288905432,0.6107837886091769,0.5207103689259399,0.00022271714922048998,0.5,0.39895231275325393,0.38706405330927185,0.2173520526197452,0.3652051389161198,0.942594369861749,0.4928180213347013
2021-09-08 23:20:00,0.4302649930264993,0.08366533864541825,0.5743857036485478,0.6061417603999286,0.5207103689259399,0.00022271714922048998,0.5,0.39895231275325393,0.38706405330927185,0.2173520526197452,0.3652051389161198,0.942594369861749,0.315245107654239
2021-09-08 23:30:00,0.32217573221757323,0.003984063745019917,0.5666418466120624,0.6079271558650241,0.5207103689259399,0.00033407572383073496,0.5,0.39895231275325393,0.38706405330927185,0.2173520526197452,0.3652051389161198,0.942594369861749,0.19423027596300374
2021-09-08 23:40:00,0.31311018131101814,0.3067729083665336,0.5591958302308264,0.6047134440278521,0.5207103689259399,0.00022271714922048998,0.5,0.39895231275325393,0.38706405330927185,0.2173520526197452,0.3652051389161198,0.942594369861749,0.17727869396623264
2021-09-08 23:50:00,0.47698744769874474,0.2589641434262948,0.5559195830230825,0.5893590430280307,0.5207103689259399,0.00022271714922048998,0.5,0.39895231275325393,0.38706405330927185,0.2173520526197452,0.3652051389161198,0.942594369861749,0.37516785611901565
2021-09-09 00:00:00,0.4504881450488145,0.08366533864541825,0.5600893521965746,0.5775754329584004,0.5207103689259399,0.00033407572383073496,0.5,0.38055761696178014,0.38648935222567293,0.21954872686862834,0.32008775921543964,0.9706347715383447,0.3622976296452767
2021-09-09 00:10:00,0.41492329149232915,0.019920318725099362,0.5618763961280713,0.5747188002142476,0.5207103689259399,0.000556792873051225,0.5,0.38055761696178014,0.38648935222567293,0.21954872686862834,0.32008775921543964,0.9706347715383447,0.299108287943027
2021-09-09 00:20:00,0.41143654114365413,-0.03585657370517936,0.5597915115413252,0.5682913765399038,0.5207103689259399,0.000556792873051225,0.5,0.38055761696178014,0.38648935222567293,0.21954872686862834,0.32008775921543964,0.9706347715383447,0.28839567270697225
2021-09-09 00:30:00,0.405160390516039,-0.14741035856573714,0.5568131049888307,0.555793608284235,0.5207103689259399,0.000556792873051225,0.5,0.38055761696178014,0.38648935222567293,0.21954872686862834,0.32008775921543964,0.9706347715383447,0.2839748328982905
2021-09-09 00:40:00,0.4595536959553696,-0.14741035856573714,0.5559195830230825,0.542224602749509,0.5207103689259399,0.000556792873051225,0.5,0.38055761696178014,0.38648935222567293,0.21954872686862834,0.32008775921543964,0.9706347715383447,0.36032862078850886
2021-09-09 00:50:00,0.4874476987447699,0.06772908366533859,0.5535368577810869,0.5315122299589359,0.5207103689259399,0.000556792873051225,0.5,0.38055761696178014,0.38648935222567293,0.21954872686862834,0.32008775921543964,0.9706347715383447,0.4187199179202438
2021-09-09 01:00:00,0.4609483960948396,-0.003984063745020028,0.552941176470588,0.5250848062845921,0.5207103689259399,0.000556792873051225,0.5,0.3243557267087871,0.3926645153689446,0.25153061476824023,0.20768422657192773,0.9776516134770116,0.3651492976447335
2021-09-09 01:10:00,0.4588563458856346,-0.01195219123505975,0.552941176470588,0.5186573826102483,0.5207103689259399,0.000556792873051225,0.5,0.3243557267087871,0.3926645153689446,0.25153061476824023,0.20768422657192773,0.9776516134770116,0.34455391764865645
2021-09-09 01:20:00,0.405160390516039,-0.03585657370517936,0.5493670886075948,0.5186573826102483,0.5207103689259399,0.000556792873051225,0.5,0.3243557267087871,0.3926645153689446,0.25153061476824023,0.20768422657192773,0.9776516134770116,0.2698371984247929
2021-09-09 01:30:00,0.35355648535564854,0.01195219123505975,0.5469843633655993,0.5172290662381716,0.5207103689259399,0.000556792873051225,0.5,0.3243557267087871,0.3926645153689446,0.25153061476824023,0.20768422657192773,0.9776516134770116,0.1968480770101242
2021-09-09 01:40:00,0.22245467224546722,0.31474103585657365,0.5437081161578554,0.511158721656847,0.5219143840546518,0.000556792873051225,0.5,0.3243557267087871,0.3926645153689446,0.25153061476824023,0.20768422657192773,0.9776516134770116,0.07661783122350137
2021-09-09 01:50:00,0.08368200836820083,0.3003159774694326,0.5180938198064033,0.5168719871451526,0.5521063721191974,0.6435412026726058,0.5,0.3243557267087871,0.3926645153689446,0.25153061476824023,0.20768422657192773,0.9776516134770116,0.0
2021-09-09 02:00:00,0.08437935843793584,0.28589091908229136,0.5222635889798957,0.5158007498660953,0.5559278114407611,0.9993318485523385,0.5,0.31393288624628646,0.3910409848077752,0.2567920059420026,0.11816112363277166,0.9619536492278424,0.0
2021-09-09 02:10:00,0.08368200836820083,0.27146586069515033,0.5261355174981384,0.517586145331191,0.5559278114407611,0.9993318485523385,0.5,0.31393288624628646,0.3910409848077752,0.2567920059420026,0.11816112363277166,0.9619536492278424,0.0
2021-09-09 02:20:00,0.08437935843793584,0.2570408023080091,0.5261355174981384,0.5086591680057133,0.5559278114407611,0.9993318485523385,0.5,0.31393288624628646,0.3910409848077752,0.2567920059420026,0.11816112363277166,0.9619536492278424,0.0
2021-09-09 02:30:00,0.12273361227336123,0.24261574392086827,0.5249441548771405,0.49723263702910203,0.5559278114407611,0.9993318485523385,0.5,0.31393288624628646,0.3910409848077752,0.2567920059420026,0.11816112363277166,0.9619536492278424,0.0
2021-09-09 02:40:00,0.06555090655509065,0.228190685533727,0.5148175725986597,0.48866273879664335,0.5559278114407611,0.9993318485523385,0.5,0.31393288624628646,0.3910409848077752,0.2567920059420026,0.11816112363277166,0.9619536492278424,0.0
2021-09-09 02:50:00,0.08437935843793584,0.21376562714658598,0.5112434847356664,0.4818782360292806,0.5559278114407611,0.9993318485523385,0.5,0.31393288624628646,0.3910409848077752,0.2567920059420026,0.11816112363277166,0.9619536492278424,0.0
2021-09-09 03:00:00,0.08228730822873082,0.19934056875944495,0.5115413253909158,0.4740224959828603,0.5559278114407611,0.9993318485523385,0.5,0.29982946565348856,0.3898915826405774,0.26293475527473836,0.15798015425115663,0.0022191874900129886,0.0
2021-09-09 03:10:00,0.07740585774058578,0.1849155103723037,0.510349962769918,0.4672379932154971,0.5559278114407611,0.9993318485523385,0.5,0.29982946565348856,0.3898915826405774,0.26293475527473836,0.15798015425115663,0.0022191874900129886,0.0
2021-09-09 03:20:00,0.07182705718270573,0.17049045198516266,0.5029039463886817,0.46295304409926796,0.5559278114407611,0.9993318485523385,0.5,0.29982946565348856,0.3898915826405774,0.26293475527473836,0.15798015425115663,0.0022191874900129886,0.0
2021-09-09 03:30:00,0.07043235704323571,0.15606539359802163,0.4999255398361875,0.4572397786109621,0.5559278114407611,0.9993318485523385,0.5,0.29982946565348856,0.3898915826405774,0.26293475527473836,0.15798015425115663,0.0022191874900129886,0.0
2021-09-09 03:40:00,0.07252440725244073,0.1416403352108806,0.49635145197319397,0.4540260667737903,0.5559278114407611,0.9993318485523385,0.5,0.29982946565348856,0.3898915826405774,0.26293475527473836,0.15798015425115663,0.0022191874900129886,0.0
2021-09-09 03:50:00,0.0794979079497908,0.12721527682373934,0.49545793000744576,0.4479557221924655,0.5559278114407611,0.9993318485523385,0.5,0.29982946565348856,0.3898915826405774,0.26293475527473836,0.15798015425115663,0.0022191874900129886,0.0
2021-09-09 04:00:00,0.11087866108786612,0.11279021843659831,0.48711839166046156,0.4447420103552937,0.5559278114407611,0.9993318485523385,0.5,0.17979579904496767,0.3838457272411189,0.3288309246892769,0.2504668530491409,0.018842921415940447,0.0
2021-09-09 04:10:00,0.12343096234309624,0.09836516004945728,0.4859270290394637,0.43795750758793073,0.5559278114407611,0.9993318485523385,0.5,0.17979579904496767,0.3838457272411189,0.3288309246892769,0.2504668530491409,0.018842921415940447,0.0
2021-09-09 04:20:00,0.099721059972106,0.08394010166231602,0.48741623231571096,0.43295840028566324,0.5559278114407611,0.9993318485523385,0.5,0.17979579904496767,0.3838457272411189,0.3288309246892769,0.2504668530491409,0.018842921415940447,0.0
2021-09-09 04:30:00,0.099721059972106,0.06951504327517521,0.4856291883842141,0.42938760935547227,0.5559278114407611,0.9993318485523385,0.5,0.17979579904496767,0.3838457272411189,0.3288309246892769,0.2504668530491409,0.018842921415940447,0.0
2021-09-09 04:40:00,0.09483960948396096,0.05508998488803396,0.48384214445271767,0.4272451347973576,0.5559278114407611,0.9993318485523385,0.5,0.17979579904496767,0.3838457272411189,0.3288309246892769,0.2504668530491409,0.018842921415940447,0.0
2021-09-09 04:50:00,0.12412831241283125,0.04066492650089293,0.48265078183171983,0.42474558114622396,0.5559278114407611,0.9993318485523385,0.5,0.17979579904496767,0.3838457272411189,0.3288309246892769,0.2504668530491409,0.018842921415940447,0.0
2021-09-09 05:00:00,0.13528591352859135,0.026239868113751674,0.4847356664184659,0.41831815747187995,0.5559278114407611,0.9993318485523385,0.5,0.17569180144372187,0.3739321335490379,0.33489390793827245,0.29273447878047,0.019578762317848195,0.0
2021-09-09 05:10:00,0.13528591352859135,0.011814809726610642,0.48384214445271767,0.414747366541689,0.5559278114407611,0.9993318485523385,0.5,0.17569180144372187,0.3739321335490379,0.33489390793827245,0.29273447878047,0.019578762317848195,0.0
2021-09-09 05:20:00,0.14086471408647142,-0.002610248660530279,0.47848101265822773,0.41439028744867,0.5559278114407611,0.9993318485523385,0.5,0.17569180144372187,0.3739321335490379,0.33489390793827245,0.29273447878047,0.019578762317848195,0.0
2021-09-09 05:30:00,0.1311018131101813,-0.017035307047671422,0.4802680565897244,0.407962863774326,0.5559278114407611,0.9993318485523385,0.5,0.17569180144372187,0.3739321335490379,0.33489390793827245,0.29273447878047,0.019578762317848195,0.0
2021-09-09 05:40:00,0.11785216178521618,-0.031460365434812565,0.4847356664184659,0.40439207284413503,0.5559278114407611,0.9993318485523385,0.5,0.17569180144372187,0.3739321335490379,0.33489390793827245,0.29273447878047,0.019578762317848195,0.0
2021-09-09 05:50:00,0.11924686192468618,-0.04588542382195371,0.4844378257632167,0.4001071237279059,0.5559278114407611,0.9993318485523385,0.5,0.17569180144372187,0.3739321335490379,0.33489390793827245,0.29273447878047,0.019578762317848195,0.0
2021-09-09 06:00:00,0.1304044630404463,-0.06031048220909474,0.47997021593447475,0.3968934118907337,0.5559278114407611,0.9993318485523385,0.5,0.18576450117286125,0.39553802078693906,0.35684949078422745,0.3318253624977683,0.05286020862292338,0.0
2021-09-09 06:10:00,0.11645746164574616,-0.07473554059623588,0.47848101265822773,0.3951080164256384,0.5559278114407611,0.9993318485523385,0.5,0.18576450117286125,0.39553802078693906,0.35684949078422745,0.3318253624977683,0.05286020862292338,0.0
2021-09-09 06:20:00,0.09205020920502092,-0.08916059898337692,0.4737155621742366,0.3936797000535619,0.5559278114407611,0.9993318485523385,0.5,0.18576450117286125,0.39553802078693906,0.35684949078422745,0.3318253624977683,0.05286020862292338,0.0
2021-09-09 06:30:00,0.10460251046025104,-0.10358565737051795,0.4698436336559937,0.3872522763792181,0.5559278114407611,0.9993318485523385,0.5,0.18576450117286125,0.39553802078693906,0.35684949078422745,0.3318253624977683,0.05286020862292338,0.0
2021-09-09 06:40:00,0.10460251046025104,-0.11801071575765909,0.46805658972449726,0.3843956436350653,0.5559278114407611,0.9993318485523385,0.5,0.18576450117286125,0.39553802078693906,0.35684949078422745,0.3318253624977683,0.05286020862292338,0.0
2021-09-09 06:50:00,0.10460251046025104,-0.13243577414480023,0.46775874906924786,0.38011069451883595,0.5559278114407611,0.9993318485523385,0.5,0.18576450117286125,0.39553802078693906,0.35684949078422745,0.3318253624977683,0.05286020862292338,0.0
2021-09-09 07:00:00,0.13319386331938632,-0.14686083253194138,0.46358897989575576,0.3711837171933583,0.5559278114407611,0.9993318485523385,0.5,0.18557722357543116,0.4004948176329795,0.3637354976953436,0.33550956522148373,0.060242617159719736,0.0
2021-09-09 07:10:00,0.11645746164574616,-0.1612858909190824,0.46358897989575576,0.3665416889841102,0.5559278114407611,0.9993318485523385,0.5,0.18557722357543116,0.4004948176329795,0.3637354976953436,0.33550956522148373,0.060242617159719736,0.0
2021-09-09 07:20:00,0.10111576011157601,-0.17571094930622344,0.46358897989575576,0.36368505623995717,0.5559278114407611,0.9993318485523385,0.5,0.18557722357543116,0.4004948176329795,0.3637354976953436,0.33550956522148373,0.060242617159719736,0.0
2021-09-09 07:30:00,0.08507670850767085,-0.19013600769336447,0.4623976172747577,0.36261381896089984,0.5559278114407611,0.9993318485523385,0.5,0.18557722357543116,0.4004948176329795,0.3637354976953436,0.33550956522148373,0.060242617159719736,0.0
2021-09-09 07:40:00,0.08507670850767085,-0.20456106608050562,0.4626954579300073,0.36511337261203347,0.5559278114407611,0.9993318485523385,0.5,0.18557722357543116,0.4004948176329795,0.3637354976953436,0.33550956522148373,0.060242617159719736,0.0
2021-09-09 07:50:00,0.07252440725244073,-0.21898612446764676,0.4686522710349963,0.36511337261203347,0.5559278114407611,0.9993318485523385,0.5,0.18557722357543116,0.4004948176329795,0.3637354976953436,0.33550956522148373,0.060242617159719736,0.0
2021-09-09 08:00:00,0.06276150627615062,-0.2334111828547879,0.47163067758749055,0.36511337261203347,0.5559278114407611,0.9993318485523385,0.5,0.21308374994121504,0.4055320726307235,0.34156991066071807,0.28134633899844685,0.05745504187440403,0.0
2021-09-09 08:10:00,0.061366806136680614,-0.24783624124192893,0.4766939687267311,0.36511337261203347,0.5559278114407611,0.9993318485523385,0.5,0.21308374994121504,0.4055320726307235,0.34156991066071807,0.28134633899844685,0.05745504187440403,0.0
2021-09-09 08:20:00,0.06485355648535565,-0.26226129962906997,0.48384214445271767,0.36511337261203347,0.5559278114407611,0.9993318485523385,0.5,0.21308374994121504,0.4055320726307235,0.34156991066071807,0.28134633899844685,0.05745504187440403,0.0
2021-09-09 08:30:00,0.0885634588563459,-0.2766863580162111,0.489501116902457,0.36511337261203347,0.5559278114407611,0.9993318485523385,0.5,0.21308374994121504,0.4055320726307235,0.34156991066071807,0.28134633899844685,0.05745504187440403,0.0
2021-09-09 08:40:00,0.08716875871687588,-0.29111141640335214,0.4957557706626954,0.36582753079807184,0.5559278114407611,0.9993318485523385,0.5,0.21308374994121504,0.4055320726307235,0.34156991066071807,0.28134633899844685,0.05745504187440403,0.0
2021-09-09 08:50:00,0.10181311018131102,-0.3055364747904933,0.5032017870439314,0.3683270844492055,0.5559278114407611,0.9993318485523385,0.5,0.21308374994121504,0.4055320726307235,0.34156991066071807,0.28134633899844685,0.05745504187440403,0.0
2021-09-09 09:00:00,0.09205020920502092,-0.3199615331776344,0.5106478034251674,0.37082663810033933,0.5559278114407611,0.9993318485523385,0.5,0.2189303130554332,0.4104658814334195,0.33630395417850634,0.14752800056948862,0.07240107060362207,0.0
2021-09-09 09:10:00,0.08786610878661089,-0.33438659156477535,0.5174981384959045,0.37689698268166416,0.5559278114407611,0.9993318485523385,0.5,0.2189303130554332,0.4104658814334195,0.33630395417850634,0.14752800056948862,0.07240107060362207,0.0
2021-09-09 09:20:00,0.08716875871687588,-0.3488116499519165,0.5267311988086372,0.3826102481699696,0.5559278114407611,0.9993318485523385,0.5,0.2189303130554332,0.4104658814334195,0.33630395417850634,0.14752800056948862,0.07240107060362207,0.0
2021-09-09 09:30:00,0.07531380753138076,-0.36323670833905763,0.5338793745346238,0.3858239600071418,0.5559278114407611,0.9993318485523385,0.5,0.2189303130554332,0.4104658814334195,0.33630395417850634,0.14752800056948862,0.07240107060362207,0.0
2021-09-09 09:40:00,0.07880055788005579,-0.3776617667261988,0.5431124348473564,0.39260846277450456,0.5559278114407611,0.9993318485523385,0.5,0.2189303130554332,0.4104658814334195,0.33630395417850634,0.14752800056948862,0.07240107060362207,0.0
2021-09-09 09:50:00,0.07112970711297072,-0.3920868251133398,0.5484735666418465,0.3983217282628102,0.5559278114407611,0.9993318485523385,0.5,0.2189303130554332,0.4104658814334195,0.33630395417850634,0.14752800056948862,0.07240107060362207,0.0
2021-09-09 10:00:00,0.06624825662482565,-0.40651188350048084,0.5559195830230825,0.40546331012319237,0.5559278114407611,0.9993318485523385,0.5,0.50927155851983,0.4037361317444769,0.18040894257691628,0.027637956038618874,0.6990909321747378,0.0
2021-09-09 10:10:00,0.060669456066945605,-0.420936941887622,0.5651526433358152,0.41331905016961246,0.5559278114407611,0.9993318485523385,0.5,0.50927155851983,0.4037361317444769,0.18040894257691628,0.027637956038618874,0.6990909321747378,0.0
2021-09-09 10:20:00,0.12203626220362622,-0.435362000274763,0.5767684288905432,0.4208177111230138,0.5559278114407611,0.9993318485523385,0.5,0.50927155851983,0.4037361317444769,0.18040894257691628,0.027637956038618874,0.6990909321747378,0.0
2021-09-09 10:30:00,0.1290097629009763,-0.44978705866190416,0.5860014892032761,0.42760221389037656,0.5559278114407611,0.9993318485523385,0.5,0.50927155851983,0.4037361317444769,0.18040894257691628,0.027637956038618874,0.6990909321747378,0.0
2021-09-09 10:40:00,0.1094839609483961,-0.4642121170490453,0.5910647803425166,0.43438671665773976,0.5559278114407611,0.9993318485523385,0.5,0.50927155851983,0.4037361317444769,0.18040894257691628,0.027637956038618874,0.6990909321747378,0.0
2021-09-09 10:50:00,0.12552301255230125,-0.47863717543618634,0.5973194341027548,0.44259953579717903,0.5559278114407611,0.9993318485523385,0.5,0.50927155851983,0.4037361317444769,0.18040894257691628,0.027637956038618874,0.6990909321747378,0.0
2021-09-09 11:00:00,0.1311018131101813,-0.49306223382332737,0.6053611317944898,0.4500981967505804,0.5559278114407611,0.9993318485523385,0.5,0.5190348416378634,0.40513552888303894,0.18132466736338348,0.24360752661652624,0.7032303906315517,0.0
2021-09-09 11:10:00,0.19595536959553697,-0.5074872922104685,0.614296351451973,0.45688269951794314,0.5296096111816362,0.9993318485523385,0.5,0.5190348416378634,0.40513552888303894,0.18132466736338348,0.24360752661652624,0.7032303906315517,0.0
2021-09-09 11:20:00,0.20920502092050208,-0.5219123505976095,0.6220402084884586,0.47616497054097473,0.3794741594796561,0.3278396436525613,0.5,0.5190348416378634,0.40513552888303894,0.18132466736338348,0.24360752661652624,0.7032303906315517,0.03326945999366296
2021-09-09 11:30:00,0.22175732217573224,-0.17131474103585675,0.6348473566641846,0.5147295125870381,0.38486605331693086,0.00011135857461024499,0.5,0.5190348416378634,0.40513552888303894,0.18132466736338348,0.24360752661652624,0.7032303906315517,0.08137815531783274
2021-09-09 11:40:00,0.25523012552301255,0.11553784860557759,0.644676098287416,0.552579896447063,0.3772231746738035,0.00022271714922048998,0.5,0.5190348416378634,0.40513552888303894,0.18132466736338348,0.24360752661652624,0.7032303906315517,0.10886883836021546
2021-09-09 11:50:00,0.3682008368200837,-0.043824701195219196,0.6545048399106477,0.5829316193536869,0.3889230608158511,0.032405345211581296,0.5,0.5190348416378634,0.40513552888303894,0.18132466736338348,0.24360752661652624,0.7032303906315517,0.17949665796581016
2021-09-09 12:00:00,0.3856345885634589,0.01195219123505975,0.6515264333581532,0.5861453311908589,0.3885827956707804,0.42383073496659246,0.5,0.5527380718512265,0.40158962319723474,0.17336834924913994,0.434355434717517,0.7213114828987114,0.09316957617272961
2021-09-09 12:10:00,0.4170153417015342,-0.9123505976095618,0.6419955323901709,0.5797179075165149,0.39088612896048996,0.9992204899777284,0.5,0.5527380718512265,0.40158962319723474,0.17336834924913994,0.434355434717517,0.7213114828987114,0.0
2021-09-09 12:20:00,0.5083682008368201,0.1394422310756971,0.6515264333581532,0.5929298339582219,0.39096465168627553,0.9992204899777284,0.5,0.5527380718512265,0.40158962319723474,0.17336834924913994,0.434355434717517,0.7213114828987114,0.0
2021-09-09 12:30:00,0.4302649930264993,-0.17928286852589637,0.6556962025316453,0.5929298339582219,0.40129039012707596,0.14320712694877505,0.5,0.5527380718512265,0.40158962319723474,0.17336834924913994,0.434355434717517,0.7213114828987114,0.24446640614391119
2021-09-09 12:40:00,0.49721059972105996,0.003984063745019917,0.64259121370067,0.5779325120514194,0.41813351480807737,0.0073496659242761695,0.5,0.5527380718512265,0.40158962319723474,0.17336834924913994,0.434355434717517,0.7213114828987114,0.4616835402930127
2021-09-09 12:50:00,0.3633193863319386,-0.019920318725099695,0.6348473566641846,0.5632922692376363,0.4134744997448011,0.0032293986636971047,0.5,0.5527380718512265,0.40158962319723474,0.17336834924913994,0.434355434717517,0.7213114828987114,0.24853267347646998
2021-09-09 13:00:00,0.5746164574616458,0.06772908366533859,0.6363365599404316,0.5675772183538654,0.40439203779560534,0.031403118040089086,0.5,0.7039832594173283,0.3821388650228295,0.10655049478432534,0.5714510489764991,0.7277948494227358,0.5085399158078971
2021-09-09 13:10:00,0.4923291492329149,-0.03585657370517936,0.643186895011169,0.5754329584002855,0.40967923466516604,0.01826280623608018,0.5,0.7039832594173283,0.3821388650228295,0.10655049478432534,0.5714510489764991,0.7277948494227358,0.40032741373327096
2021-09-09 13:20:00,0.4881450488145049,-0.2509960159362551,0.6470588235294115,0.5865024102838778,0.41017654526180786,0.0032293986636971047,0.5,0.7039832594173283,0.3821388650228295,0.10655049478432534,0.5714510489764991,0.7277948494227358,0.39359808078217184
2021-09-09 13:30:00,0.40446304044630405,0.49800796812749004,0.650632911392405,0.5957864667023745,0.39549279553990924,0.18830734966592427,0.5,0.7039832594173283,0.3821388650228295,0.10655049478432534,0.5714510489764991,0.7277948494227358,0.17863663110883113
2021-09-09 13:40:00,0.5536959553695956,0.027888446215139417,0.6556962025316453,0.6025709694697374,0.4188009579772546,0.016592427616926503,0.5,0.7039832594173283,0.3821388650228295,0.10655049478432534,0.5714510489764991,0.7277948494227358,0.5471883157052975
2021-09-09 13:50:00,0.49860529986053004,0.11553784860557759,0.6592702903946388,0.6039992858418142,0.4285508630956276,0.026503340757238307,0.5,0.7039832594173283,0.3821388650228295,0.10655049478432534,0.5714510489764991,0.7277948494227358,0.4104893100170497
2021-09-09 14:00:00,0.3284518828451883,0.2828685258964143,0.6679076693968726,0.625066952329941,0.44170341966470794,0.24097995545657017,0.5,0.7241856259524391,0.3648087538469055,0.1048152971311982,0.6423541500515738,0.7366911087685516,0.0913439051254583
2021-09-09 14:10:00,0.37866108786610875,-0.3466135458167332,0.6783320923306031,0.6539903588644886,0.4543586656371465,0.03608017817371938,0.5,0.7241856259524391,0.3648087538469055,0.1048152971311982,0.6423541500515738,0.7366911087685516,0.1974214282481102
2021-09-09 14:20:00,0.2601115760111576,0.298804780876494,0.6801191362620995,0.6479200142831638,0.4154899163732971,0.0013363028953229399,0.5,0.7241856259524391,0.3648087538469055,0.1048152971311982,0.6423541500515738,0.7366911087685516,0.13027143654661497
2021-09-09 14:30:00,0.4735006973500697,0.17928286852589648,0.6860759493670885,0.6493483306552401,0.44056484014081737,0.06848552338530067,0.5,0.7241856259524391,0.3648087538469055,0.1048152971311982,0.6423541500515738,0.7366911087685516,0.2071155906272161
2021-09-09 14:40:00,0.39191073919107394,-0.2509960159362551,0.69054355919583,0.6479200142831638,0.48096478255748515,0.1066815144766147,0.5,0.7241856259524391,0.3648087538469055,0.1048152971311982,0.6423541500515738,0.7366911087685516,0.17315961796701723
2021-09-09 14:50:00,0.5592747559274756,-0.6334661354581674,0.6973938942665674,0.6632744152829853,0.4327256546832262,0.31792873051224946,0.5,0.7241856259524391,0.3648087538469055,0.1048152971311982,0.6423541500515738,0.7366911087685516,0.16805980958703623
2021-09-09 15:00:00,0.5934449093444909,0.11553784860557759,0.6959046909903199,0.6500624888412785,0.41423355276072815,0.07193763919821826,0.5,0.7313757849232694,0.3497228504024345,0.10491827019955598,0.6738004405925947,0.7422483771712377,0.348846507838315
2021-09-09 15:10:00,0.45536959553695955,0.027888446215139417,0.6967982129560684,0.641849669701839,0.42599887450759705,0.0020044543429844097,0.5,0.7313757849232694,0.3497228504024345,0.10491827019955598,0.6738004405925947,0.7422483771712377,0.4091087405887412
2021-09-09 15:20:00,0.6366806136680614,0.24302788844621515,0.7009679821295605,0.6500624888412785,0.4228841397181034,0.18730512249443207,0.5,0.7313757849232694,0.3497228504024345,0.10491827019955598,0.6738004405925947,0.7422483771712377,0.47079680733889584
2021-09-09 15:30:00,0.31241283124128316,-0.02788844621513953,0.6994787788533132,0.6518478843063737,0.45577207470128644,0.0006681514476614699,0.5,0.7313757849232694,0.3497228504024345,0.10491827019955598,0.6738004405925947,0.7422483771712377,0.16599272749219188
2021-09-09 15:40:00,0.3723849372384937,0.05179282868525892,0.7033507073715559,0.6682735225852527,0.45163654447658064,0.0008908685968819599,0.5,0.7313757849232694,0.3497228504024345,0.10491827019955598,0.6738004405925947,0.7422483771712377,0.288312687659369
2021-09-09 15:50:00,0.37935843793584384,0.3784860557768923,0.7069247952345492,0.6789858953758257,0.4883982672651843,0.000779510022271715,0.5,0.7313757849232694,0.3497228504024345,0.10491827019955598,0.6738004405925947,0.7422483771712377,0.2594414351886778
2021-09-09 16:00:00,0.41562064156206413,-0.8725099601593626,0.7081161578555473,0.6936261381896089,0.42681027600738114,0.000556792873051225,0.5,0.7633038636552383,0.3318726347458542,0.0946460725602516,0.6427345512064052,0.7463166462378538,0.3100623142266548
2021-09-09 16:10:00,0.22663877266387727,-0.1394422310756973,0.7081161578555473,0.6939832172826281,0.39668372354765674,0.0006681514476614699,0.5,0.7633038636552383,0.3318726347458542,0.0946460725602516,0.6427345512064052,0.7463166462378538,0.08121218522262626
2021-09-09 16:20:00,0.33821478382147835,0.6494023904382469,0.7170513775130303,0.7082663810033922,0.4326994804412977,0.4052338530066815,0.5,0.7633038636552383,0.3318726347458542,0.0946460725602516,0.6427345512064052,0.7463166462378538,0.11144137483591593
2021-09-09 16:30:00,0.49442119944211993,-0.1633466135458168,0.7221146686522708,0.7111230137475453,0.41251913991441025,0.0022271714922049,0.5,0.7633038636552383,0.3318726347458542,0.0946460725602516,0.6427345512064052,0.7463166462378538,0.47365601943358937
2021-09-09 16:40:00,0.2510460251046025,0.15537848605577675,0.7116902457185403,0.696839850026781,0.400335030296685,0.0006681514476614699,0.5,0.7633038636552383,0.3318726347458542,0.0946460725602516,0.6427345512064052,0.7463166462378538,0.0943464550296483
2021-09-09 16:50:00,0.25523012552301255,0.13147410358565725,0.7140729709605358,0.6971969291198001,0.41537213228461867,0.00033407572383073496,0.5,0.7633038636552383,0.3318726347458542,0.0946460725602516,0.6427345512064052,0.7463166462378538,0.10142281636163375
2021-09-09 17:00:00,0.1387726638772664,0.38645418326693215,0.7188384214445271,0.7157650419567934,0.4311552001675152,0.18329621380846325,0.5,0.7654128795623274,0.3147781510142036,0.09427285859451653,0.5956809462627248,0.7484282453423695,0.009075546569699895
2021-09-09 17:10:00,0.199442119944212,0.003984063745019917,0.7304542069992552,0.7268344938403857,0.4545680595725747,0.7016703786191537,0.5,0.7654128795623274,0.3147781510142036,0.09427285859451653,0.5956809462627248,0.7484282453423695,0.0
2021-09-09 17:20:00,0.5306834030683404,-0.3784860557768924,0.7381980640357406,0.7425459739332261,0.4394786091007839,0.007906458797327393,0.5,0.7654128795623274,0.3147781510142036,0.09427285859451653,0.5956809462627248,0.7484282453423695,0.42772756763281383
2021-09-09 17:30:00,0.47698744769874474,-0.01195219123505975,0.7209233060312732,0.7104088555615069,0.4038947271989635,0.000779510022271715,0.5,0.7654128795623274,0.3147781510142036,0.09427285859451653,0.5956809462627248,0.7484282453423695,0.4246420326810206
2021-09-09 17:40:00,0.39609483960948394,-0.0916334661354582,0.7149664929262842,0.6936261381896089,0.39873840153904544,0.000556792873051225,0.5,0.7654128795623274,0.3147781510142036,0.09427285859451653,0.5956809462627248,0.7484282453423695,0.2837635982316641
2021-09-09 17:50:00,0.2210599721059972,-0.01195219123505975,0.7110945644080415,0.6904124263524369,0.3668843491120389,0.00033407572383073496,0.5,0.7654128795623274,0.3147781510142036,0.09427285859451653,0.5956809462627248,0.7484282453423695,0.09294325331562986
2021-09-09 18:00:00,0.2873082287308229,-0.36254980079681276,0.7134772896500372,0.6957686127477234,0.3569512243001662,0.00033407572383073496,0.5,0.6182635514436383,0.3089765435752721,0.17660908417756666,0.5570981561118665,0.7336874161158761,0.131418139022587
2021-09-09 18:10:00,0.2112970711297071,0.5298804780876492,0.7200297840655248,0.6989823245848956,0.384722094986324,0.00033407572383073496,0.5,0.6182635514436383,0.3089765435752721,0.17660908417756666,0.5570981561118665,0.7336874161158761,0.06488676313049777
2021-09-09 18:20:00,0.30613668061366806,0.3705179282868525,0.7206254653760236,0.7043385109801821,0.4590438549423512,0.00033407572383073496,0.5,0.6182635514436383,0.3089765435752721,0.17660908417756666,0.5570981561118665,0.7336874161158761,0.1943283492010803
2021-09-09 18:30:00,0.32566248256624825,-0.3067729083665339,0.7152643335815336,0.7004106409569719,0.4472000104696968,0.00033407572383073496,0.5,0.6182635514436383,0.3089765435752721,0.17660908417756666,0.5570981561118665,0.7336874161158761,0.1839552182506752
2021-09-09 18:40:00,0.22663877266387727,-0.33067729083665354,0.7113924050632909,0.6975540082128191,0.41770163981625685,0.00044543429844097997,0.5,0.6182635514436383,0.3089765435752721,0.17660908417756666,0.5570981561118665,0.7336874161158761,0.09260376902998024
2021-09-09 18:50:00,0.396792189679219,0.05976095617529875,0.7069247952345492,0.6904124263524369,0.4095483634555234,0.00033407572383073496,0.5,0.6182635514436383,0.3089765435752721,0.17660908417756666,0.5570981561118665,0.7336874161158761,0.25545060880848564
2021-09-09 19:00:00,0.3075313807531381,0.12350597609561742,0.7048399106478034,0.6793429744688448,0.38120165944693823,0.00044543429844097997,0.5,0.6298345053053092,0.31360288729824487,0.16412385326743564,0.46951969541055677,0.7309965496977437,0.15164385835206784
2021-09-09 19:10:00,0.20781032078103207,0.09960159362549792,0.7045420699925538,0.6757721835386539,0.3915273978877387,0.00033407572383073496,0.5,0.6298345053053092,0.31360288729824487,0.16412385326743564,0.46951969541055677,0.7309965496977437,0.0756370988427358
2021-09-09 19:20:00,0.23570432357043236,-0.4900398406374503,0.6997766195085628,0.6736297089805392,0.38673751161481984,0.000779510022271715,0.5,0.6298345053053092,0.31360288729824487,0.16412385326743564,0.46951969541055677,0.7309965496977437,0.09087617122078549
2021-09-09 19:30:00,0.300557880055788,-0.21115537848605592,0.6973938942665674,0.6636314943760042,0.36022300454123096,0.00033407572383073496,0.5,0.6298345053053092,0.31360288729824487,0.16412385326743564,0.46951969541055677,0.7309965496977437,0.14877710216213771
2021-09-09 19:40:00,0.2894002789400279,0.33864541832669315,0.6941176470588233,0.6539903588644886,0.3615709780005496,0.00033407572383073496,0.5,0.6298345053053092,0.31360288729824487,0.16412385326743564,0.46951969541055677,0.7309965496977437,0.1366839174977745
2021-09-09 19:50:00,0.12691771269177127,0.1872509960159361,0.6887565152643333,0.6518478843063737,0.40169609087696795,0.06837416481069042,0.5,0.6298345053053092,0.31360288729824487,0.16412385326743564,0.46951969541055677,0.7309965496977437,0.02015782247235089
2021-09-09 20:00:00,0.08926080892608089,-0.6573705179282869,0.6887565152643333,0.6532762006784503,0.4112758634228056,0.9993318485523385,0.5,0.6384089175488281,0.3042036510759831,0.1517493310872016,0.3059935601107734,0.6886205346556421,0.0
2021-09-09 20:10:00,0.16666666666666669,-0.3426294820717132,0.69054355919583,0.6500624888412785,0.4112758634228056,0.9993318485523385,0.5,0.6384089175488281,0.3042036510759831,0.1517493310872016,0.3059935601107734,0.6886205346556421,0.0
2021-09-09 20:20:00,0.1317991631799163,-0.02788844621513953,0.6902457185405806,0.6439921442599537,0.4112758634228056,0.3244988864142539,0.5,0.6384089175488281,0.3042036510759831,0.1517493310872016,0.3059935601107734,0.6886205346556421,0.0
2021-09-09 20:30:00,0.11715481171548117,0.8406374501992031,0.6848845867460907,0.6279235850740938,0.4112758634228056,0.7249443207126949,0.5,0.6384089175488281,0.3042036510759831,0.1517493310872016,0.3059935601107734,0.6886205346556421,0.0
2021-09-09 20:40:00,0.1094839609483961,0.6235059760956174,0.6807148175725986,0.6214961613997501,0.4112758634228056,0.9995545657015591,0.5,0.6384089175488281,0.3042036510759831,0.1517493310872016,0.3059935601107734,0.6886205346556421,0.0
2021-09-09 20:50:00,0.11157601115760113,0.40637450199203173,0.6780342516753535,0.6197107659346546,0.4112758634228056,0.9995545657015591,0.5,0.6384089175488281,0.3042036510759831,0.1517493310872016,0.3059935601107734,0.6886205346556421,0.0
2021-09-09 21:00:00,0.10111576011157601,0.18924302788844605,0.6688011913626208,0.6136404213533297,0.4112758634228056,0.9995545657015591,0.5,0.6151611137663875,0.3033617139885127,0.15840960885832164,0.24173374625365773,0.6600224049053885,0.0
2021-09-09 21:10:00,0.07461645746164575,-0.02788844621513953,0.6673119880863736,0.6086413140510623,0.4112758634228056,0.9995545657015591,0.5,0.6151611137663875,0.3033617139885127,0.15840960885832164,0.24173374625365773,0.6600224049053885,0.0
2021-09-09 21:20:00,0.06415620641562064,0.18924302788844627,0.6643335815338791,0.6039992858418142,0.4112758634228056,0.9995545657015591,0.5,0.6151611137663875,0.3033617139885127,0.15840960885832164,0.24173374625365773,0.6600224049053885,0.0
2021-09-09 21:30:00,0.07670850767085077,0.40637450199203173,0.6586746090841398,0.5975718621674699,0.4112758634228056,0.9995545657015591,0.5,0.6151611137663875,0.3033617139885127,0.15840960885832164,0.24173374625365773,0.6600224049053885,0.0
2021-09-09 21:40:00,0.099721059972106,0.6235059760956174,0.6518242740134028,0.5897161221210496,0.4112758634228056,0.9995545657015591,0.5,0.6151611137663875,0.3033617139885127,0.15840960885832164,0.24173374625365773,0.6600224049053885,0.0
2021-09-09 21:50:00,0.08647140864714087,0.8406374501992031,0.6485480268056589,0.5861453311908589,0.4112758634228056,0.9995545657015591,0.5,0.6151611137663875,0.3033617139885127,0.15840960885832164,0.24173374625365773,0.6600224049053885,0.0
2021-09-09 22:00:00,0.06694560669456066,0.6972111553784857,0.6485480268056589,0.5807891447955722,0.4112758634228056,0.9995545657015591,0.5,0.528561951529289,0.31645627817831135,0.16940160346314154,0.15375509406269564,0.7077011618622264,0.0
2021-09-09 22:10:00,0.07810320781032079,0.6857016378928729,0.644080416976917,0.5782895911444383,0.4112758634228056,0.9995545657015591,0.5,0.528561951529289,0.31645627817831135,0.16940160346314154,0.15375509406269564,0.7077011618622264,0.0
2021-09-09 22:20:00,0.07601115760111576,0.6741921204072598,0.6399106478034249,0.5722192465631137,0.4112758634228056,0.9995545657015591,0.5,0.528561951529289,0.31645627817831135,0.16940160346314154,0.15375509406269564,0.7077011618622264,0.0
2021-09-09 22:30:00,0.06206415620641562,0.6626826029216466,0.6369322412509306,0.5665059810748081,0.4112758634228056,0.9995545657015591,0.5,0.528561951529289,0.31645627817831135,0.16940160346314154,0.15375509406269564,0.7077011618622264,0.0
2021-09-09 22:40:00,0.060669456066945605,0.6511730854360336,0.6348473566641846,0.5604356364934833,0.4112758634228056,0.9995545657015591,0.5,0.528561951529289,0.31645627817831135,0.16940160346314154,0.15375509406269564,0.7077011618622264,0.0
2021-09-09 22:50:00,0.09553695955369597,0.6396635679504203,0.6303797468354431,0.552222817354044,0.4112758634228056,0.9995545657015591,0.5,0.528561951529289,0.31645627817831135,0.16940160346314154,0.15375509406269564,0.7077011618622264,0.0
2021-09-09 23:00:00,0.07322175732217574,0.6281540504648073,0.6288905435591956,0.5475807891447955,0.4112758634228056,0.9995545657015591,0.5,0.4438601131403501,0.3168786834747569,0.19730020339717283,0.0815683877123616,0.9031412756698185,0.0
2021-09-09 23:10:00,0.14225941422594143,0.6166445329791941,0.6220402084884586,0.5432958400285663,0.4112758634228056,0.9995545657015591,0.5,0.4438601131403501,0.3168786834747569,0.19730020339717283,0.0815683877123616,0.9031412756698185,0.0
2021-09-09 23:20:00,0.19804741980474197,0.6051350154935813,0.6190618019359642,0.542581681842528,0.49655154362591775,0.7074610244988865,0.5,0.4438601131403501,0.3168786834747569,0.19730020339717283,0.0815683877123616,0.9031412756698185,0.0
2021-09-09 23:30:00,0.32496513249651326,0.593625498007968,0.6095309009679819,0.5654347437957508,0.5966680190024996,0.17973273942093543,0.5,0.4438601131403501,0.3168786834747569,0.19730020339717283,0.0815683877123616,0.9031412756698185,0.08548968722181148
2021-09-09 23:40:00,0.3521617852161785,0.25099601593625476,0.6017870439314965,0.5625781110515979,0.6251979427045844,0.00022271714922048998,0.5,0.4438601131403501,0.3168786834747569,0.19730020339717283,0.0815683877123616,0.9031412756698185,0.20473920062766873
2021-09-09 23:50:00,0.3577405857740586,-0.20318725099601598,0.5824274013402826,0.5200856989823246,0.6351310675164571,0.00022271714922048998,0.5,0.4438601131403501,0.3168786834747569,0.19730020339717283,0.0815683877123616,0.9031412756698185,0.22172095900538646
2021-09-10 00:00:00,0.33821478382147835,-0.3227091633466136,0.5806403574087862,0.4993751115872165,0.6351310675164571,0.00022271714922048998,0.5,0.4279164024824036,0.3187751970506349,0.20573981013643045,0.17284968424842645,0.051497969165890126,0.19404921767732397
2021-09-10 00:10:00,0.35146443514644354,-0.03585657370517936,0.5830230826507816,0.49151937154079617,0.6351310675164571,0.00022271714922048998,0.5,0.4279164024824036,0.3187751970506349,0.20573981013643045,0.17284968424842645,0.051497969165890126,0.20468639196101213
2021-09-10 00:20:00,0.29428172942817293,-0.4422310756972112,0.5836187639612807,0.49009105516871987,0.6351310675164571,0.00022271714922048998,0.5,0.4279164024824036,0.3187751970506349,0.20573981013643045,0.17284968424842645,0.051497969165890126,0.1386001176878857
2021-09-10 00:30:00,0.31311018131101814,-0.5776892430278885,0.5803425167535365,0.49009105516871987,0.6351310675164571,0.00022271714922048998,0.5,0.4279164024824036,0.3187751970506349,0.20573981013643045,0.17284968424842645,0.051497969165890126,0.1587579401602366
2021-09-10 00:40:00,0.3207810320781032,-0.6334661354581674,0.5800446760982871,0.49009105516871987,0.6351310675164571,0.00022271714922048998,0.5,0.4279164024824036,0.3187751970506349,0.20573981013643045,0.17284968424842645,0.051497969165890126,0.16523077387328938
2021-09-10 00:50:00,0.299860529986053,-0.11553784860557781,0.5788533134772895,0.4909838600249954,0.6282407245030166,0.00022271714922048998,0.5,0.4279164024824036,0.3187751970506349,0.20573981013643045,0.17284968424842645,0.051497969165890126,0.1488713958085007
2021-09-10 01:00:00,0.2789400278940028,0.40239043824701204,0.5776619508562917,0.4918764506338156,0.6213503291410922,0.00022271714922048998,0.5,0.3302267042845044,0.3106115681581116,0.228713583580716,0.33385978902757757,0.08685539862318216,0.13251203283190247
2021-09-10 01:10:00,0.22873082287308227,0.593625498007968,0.5720029784065523,0.4861631851455097,0.6213503291410922,0.00033407572383073496,0.5,0.3302267042845044,0.3106115681581116,0.228713583580716,0.33385978902757757,0.08685539862318216,0.09369766283929569
2021-09-10 01:20:00,0.20920502092050208,0.6812749003984064,0.5675353685778106,0.4861631851455097,0.6213503291410922,0.00033407572383073496,0.5,0.3302267042845044,0.3106115681581116,0.228713583580716,0.33385978902757757,0.08685539862318216,0.09505559998189417
2021-09-10 01:30:00,0.2545327754532775,0.6494023904382469,0.5633655994043185,0.48294947330833793,0.6213503291410922,0.00022271714922048998,0.5,0.3302267042845044,0.3106115681581116,0.228713583580716,0.33385978902757757,0.08685539862318216,0.11427041054966278
2021-09-10 01:40:00,0.25523012552301255,0.7290836653386452,0.5615785554728219,0.47580789144795577,0.6213503291410922,0.00022271714922048998,0.5,0.3302267042845044,0.3106115681581116,0.228713583580716,0.33385978902757757,0.08685539862318216,0.11607344931122413
2021-09-10 01:50:00,0.2622036262203626,0.5298804780876492,0.5562174236783319,0.46938046777361175,0.6213503291410922,0.00022271714922048998,0.5,0.3302267042845044,0.3106115681581116,0.228713583580716,0.33385978902757757,0.08685539862318216,0.12465862969054123
2021-09-10 02:00:00,0.2789400278940028,0.43426294820717115,0.5517498138495904,0.4658096768434208,0.6213503291410922,0.00022271714922048998,0.5,0.3561860808885797,0.30862310240885993,0.23165313496560866,0.4015956951848164,0.11020643641890027,0.13054302397513465
2021-09-10 02:10:00,0.28172942817294283,0.40239043824701204,0.5463886820551005,0.459382253169077,0.6213503291410922,0.00022271714922048998,0.5,0.3561860808885797,0.30862310240885993,0.23165313496560866,0.4015956951848164,0.11020643641890027,0.13573336149795553
2021-09-10 02:20:00,0.2649930264993026,0.5139442231075697,0.542814594192107,0.45474022495982847,0.6213503291410922,0.00022271714922048998,0.5,0.3561860808885797,0.30862310240885993,0.23165313496560866,0.4015956951848164,0.11020643641890027,0.12896630807067308
2021-09-10 02:30:00,0.28172942817294283,0.4820717131474104,0.5380491437081161,0.4515265131226567,0.6213503291410922,0.00022271714922048998,0.5,0.3561860808885797,0.30862310240885993,0.23165313496560866,0.4015956951848164,0.11020643641890027,0.1471626657814928
2021-09-10 02:40:00,0.29497907949790797,0.49800796812749004,0.53596425912137,0.4458132476343508,0.6213503291410922,0.00022271714922048998,0.5,0.3561860808885797,0.30862310240885993,0.23165313496560866,0.4015956951848164,0.11020643641890027,0.16655853463494125
2021-09-10 02:50:00,0.3117154811715481,0.49800796812749004,0.5311988086373787,0.4429566148901982,0.6213503291410922,0.00022271714922048998,0.5,0.3561860808885797,0.30862310240885993,0.23165313496560866,0.4015956951848164,0.11020643641890027,0.1908429772017442
2021-09-10 03:00:00,0.34797768479776847,0.40239043824701204,0.5276247207743856,0.4383145866809499,0.6213503291410922,0.00022271714922048998,0.5,0.3717389266909099,0.29737045519199257,0.22104754299537752,0.4529434863562639,0.13546704850281246,0.21778294129185088
2021-09-10 03:10:00,0.3926080892608089,0.36254980079681287,0.5261355174981384,0.4372433494018926,0.6213503291410922,0.00022271714922048998,0.5,0.3717389266909099,0.29737045519199257,0.22104754299537752,0.4529434863562639,0.13546704850281246,0.27048599061514556
2021-09-10 03:20:00,0.4191073919107392,0.07569721115537842,0.5261355174981384,0.44188537761114066,0.6213503291410922,0.00022271714922048998,0.5,0.3717389266909099,0.29737045519199257,0.22104754299537752,0.4529434863562639,0.13546704850281246,0.31542616593991885
2021-09-10 03:30:00,0.3898186889818689,0.2669322709163344,0.5261355174981384,0.4433136939832174,0.6270170525186164,0.00022271714922048998,0.5,0.3717389266909099,0.29737045519199257,0.22104754299537752,0.4529434863562639,0.13546704850281246,0.2660425185207538
2021-09-10 03:40:00,0.36262203626220363,0.003984063745019917,0.5222635889798957,0.4433136939832174,0.632605253170355,0.00022271714922048998,0.5,0.3717389266909099,0.29737045519199257,0.22104754299537752,0.4529434863562639,0.13546704850281246,0.23914781900206708
2021-09-10 03:50:00,0.37796373779637377,0.05976095617529875,0.5157110945644079,0.4433136939832174,0.632605253170355,0.00022271714922048998,0.5,0.3717389266909099,0.29737045519199257,0.22104754299537752,0.4529434863562639,0.13546704850281246,0.23705810462151275
2021-09-10 04:00:00,0.37447698744769875,-0.1394422310756973,0.5112434847356664,0.44224245670416007,0.632605253170355,0.00022271714922048998,0.5,0.24717784501019424,0.3017726654923621,0.27632556584144913,0.4930337322575604,0.15870835552072107,0.25206331004722604
2021-09-10 04:10:00,0.4121338912133891,0.394422310756972,0.5082650781831719,0.43760042849491154,0.632605253170355,0.00022271714922048998,0.5,0.24717784501019424,0.3017726654923621,0.27632556584144913,0.4930337322575604,0.15870835552072107,0.3058753413703095
2021-09-10 04:20:00,0.42538354253835425,-0.17928286852589637,0.5058823529411764,0.43438671665773976,0.6428786431272985,0.00033407572383073496,0.5,0.24717784501019424,0.3017726654923621,0.27632556584144913,0.4930337322575604,0.15870835552072107,0.33543310650753655
2021-09-10 04:30:00,0.42677824267782427,-0.4342629482071714,0.5052866716306774,0.4365291912158542,0.6438863514415464,0.00033407572383073496,0.5,0.24717784501019424,0.3017726654923621,0.27632556584144913,0.4930337322575604,0.15870835552072107,0.3449914751723826
2021-09-10 04:40:00,0.4372384937238493,0.1633466135458166,0.5008190618019359,0.43474379575075894,0.6339794008716023,0.00022271714922048998,0.5,0.24717784501019424,0.3017726654923621,0.27632556584144913,0.4930337322575604,0.15870835552072107,0.3553570620275511
2021-09-10 04:50:00,0.4072524407252441,0.346613545816733,0.49545793000744576,0.4272451347973576,0.6326445145332478,0.00022271714922048998,0.5,0.24717784501019424,0.3017726654923621,0.27632556584144913,0.4930337322575604,0.15870835552072107,0.3135929507974109
2021-09-10 05:00:00,0.4177126917712692,0.2669322709163344,0.4933730454206997,0.4254597393322621,0.6326445145332478,0.00022271714922048998,0.5,0.2778193616685618,0.2943302864597539,0.28348434993241445,0.5087985014209515,0.1787956725901603,0.32064667984368633
2021-09-10 05:10:00,0.4093444909344491,0.3545816733067728,0.49128816083395366,0.42153186930905173,0.6326445145332478,0.00022271714922048998,0.5,0.2778193616685618,0.2943302864597539,0.28348434993241445,0.5087985014209515,0.1787956725901603,0.3035064954659988
2021-09-10 05:20:00,0.3765690376569038,0.11553784860557759,0.48741623231571096,0.41867523656489913,0.6395021659185195,0.00022271714922048998,0.5,0.2778193616685618,0.2943302864597539,0.28348434993241445,0.5087985014209515,0.1787956725901603,0.26334173242603015
2021-09-10 05:30:00,0.36610878661087864,0.01195219123505975,0.48741623231571096,0.41867523656489913,0.643925612804439,0.00022271714922048998,0.5,0.2778193616685618,0.2943302864597539,0.28348434993241445,0.5087985014209515,0.1787956725901603,0.24793668995277396
2021-09-10 05:40:00,0.36541143654114366,0.2589641434262948,0.48741623231571096,0.4172469201928226,0.6482051013597518,0.00022271714922048998,0.5,0.2778193616685618,0.2943302864597539,0.28348434993241445,0.5087985014209515,0.1787956725901603,0.23582841709793748
2021-09-10 05:50:00,0.33891213389121344,-0.4820717131474104,0.48741623231571096,0.41867523656489913,0.6552067110756304,0.00022271714922048998,0.5,0.2778193616685618,0.2943302864597539,0.28348434993241445,0.5087985014209515,0.1787956725901603,0.20093697662839297
2021-09-10 06:00:00,0.31520223152022314,-0.1872509960159363,0.4853313477289649,0.4190323156579181,0.6436769575061183,0.00022271714922048998,0.5,0.24047627544715655,0.3009767044915765,0.2984211514798511,0.5350713326399406,0.20152854128480194,0.17890067444211416
2021-09-10 06:10:00,0.33403068340306835,-0.12350597609561753,0.47907669396872654,0.41010533833244045,0.6413343628535157,0.00022271714922048998,0.5,0.24047627544715655,0.3009767044915765,0.2984211514798511,0.5350713326399406,0.20152854128480194,0.19926218748585484
2021-09-10 06:20:00,0.34449093444909346,0.01195219123505975,0.4772896500372299,0.40689162649526867,0.6413343628535157,0.00022271714922048998,0.5,0.24047627544715655,0.3009767044915765,0.2984211514798511,0.5350713326399406,0.20152854128480194,0.21932193672012917
2021-09-10 06:30:00,0.33891213389121344,0.47410358565737054,0.47550260610573325,0.4022495982860206,0.6413343628535157,0.00022271714922048998,0.5,0.24047627544715655,0.3009767044915765,0.2984211514798511,0.5350713326399406,0.20152854128480194,0.2049428911990585
2021-09-10 06:40:00,0.3089260808926081,0.38645418326693215,0.4704393149664927,0.39439385823960005,0.6413343628535157,0.00022271714922048998,0.5,0.24047627544715655,0.3009767044915765,0.2984211514798511,0.5350713326399406,0.20152854128480194,0.1692593207296649
2021-09-10 06:50:00,0.3117154811715481,0.13147410358565725,0.4665673864482498,0.38939475093733256,0.6413343628535157,0.00033407572383073496,0.5,0.24047627544715655,0.3009767044915765,0.2984211514798511,0.5350713326399406,0.20152854128480194,0.1731973384432005
2021-09-10 07:00:00,0.3193863319386332,-0.20318725099601598,0.46329113924050613,0.3861810391001608,0.6525761997618144,0.00022271714922048998,0.5,0.24504441464160598,0.3198067854956939,0.28993436988661675,0.5219152351853547,0.21646110295261778,0.17225432653861825
2021-09-10 07:10:00,0.3326359832635983,-0.1633466135458168,0.4609084139985107,0.3872522763792181,0.6417400636034079,0.00033407572383073496,0.5,0.24504441464160598,0.3198067854956939,0.28993436988661675,0.5219152351853547,0.21646110295261778,0.19893779139067852
2021-09-10 07:20:00,0.36052998605299863,-0.3466135458167332,0.457036485480268,0.3861810391001608,0.64143905982123,0.00022271714922048998,0.5,0.24504441464160598,0.3198067854956939,0.28993436988661675,0.5219152351853547,0.21646110295261778,0.21764714757759102
2021-09-10 07:30:00,0.3612273361227336,0.003984063745019917,0.4540580789277735,0.3840385645420461,0.6328146471057832,0.00022271714922048998,0.5,0.24504441464160598,0.3198067854956939,0.28993436988661675,0.5219152351853547,0.21646110295261778,0.2137996590068953
2021-09-10 07:40:00,0.37099023709902373,0.17928286852589648,0.4516753536857778,0.37546866630958764,0.6302103100338956,0.00022271714922048998,0.5,0.24504441464160598,0.3198067854956939,0.28993436988661675,0.5219152351853547,0.21646110295261778,0.2541303921420704
2021-09-10 07:50:00,0.3668061366806137,0.06772908366533859,0.4516753536857778,0.369755400821282,0.6302103100338956,0.00022271714922048998,0.5,0.24504441464160598,0.3198067854956939,0.28993436988661675,0.5219152351853547,0.21646110295261778,0.23630369509784693
2021-09-10 08:00:00,0.3584379358437936,-0.3705179282868527,0.45197319434102745,0.37332619175147297,0.6283781130988993,0.00022271714922048998,0.5,0.2458342825066715,0.3142522995227101,0.28355777530997495,0.5190669006232976,0.2175126199432264,0.2214418274816301
2021-09-10 08:10:00,0.32217573221757323,0.08366533864541825,0.45524944154877134,0.3772540617746831,0.6190208216094542,0.00022271714922048998,0.5,0.2458342825066715,0.3142522995227101,0.28355777530997495,0.5190669006232976,0.2175126199432264,0.1754454788237247
2021-09-10 08:20:00,0.3228730822873082,0.1394422310756971,0.4609084139985107,0.3758257454026068,0.6286529426391488,0.00022271714922048998,0.5,0.2458342825066715,0.3142522995227101,0.28355777530997495,0.5190669006232976,0.2175126199432264,0.19119754967786715
2021-09-10 08:30:00,0.32496513249651326,-0.4103585657370519,0.46358897989575576,0.3826102481699696,0.6328277342267474,0.00022271714922048998,0.5,0.2458342825066715,0.3142522995227101,0.28355777530997495,0.5190669006232976,0.2175126199432264,0.18308010320322285
2021-09-10 08:40:00,0.3403068340306834,-0.33864541832669326,0.4623976172747577,0.38296732726298877,0.6328277342267474,0.00022271714922048998,0.5,0.2458342825066715,0.3142522995227101,0.28355777530997495,0.5190669006232976,0.2175126199432264,0.19796460310514963
2021-09-10 08:50:00,0.3410041841004184,-0.17131474103585675,0.46329113924050613,0.38296732726298877,0.6328277342267474,0.00022271714922048998,0.5,0.2458342825066715,0.3142522995227101,0.28355777530997495,0.5190669006232976,0.2175126199432264,0.2009520648188663
2021-09-10 09:00:00,0.3633193863319386,-0.29083665338645437,0.4692479523454949,0.3890376718443136,0.6277368441716507,0.00022271714922048998,0.5,0.3340864238583987,0.30626970147152177,0.2781339352438896,0.510003813274763,0.21743886551756386,0.22445946557629343
2021-09-10 09:10:00,0.3451882845188285,0.05179282868525892,0.4760982874162323,0.38760935547223707,0.621638245802306,0.00022271714922048998,0.5,0.3340864238583987,0.30626970147152177,0.2781339352438896,0.510003813274763,0.21743886551756386,0.20358495405646002
2021-09-10 09:20:00,0.31241283124128316,0.3705179282868525,0.4847356664184659,0.38689519728619914,0.6233003101647668,0.00022271714922048998,0.5,0.3340864238583987,0.30626970147152177,0.2781339352438896,0.510003813274763,0.21743886551756386,0.16501199511142628
2021-09-10 09:30:00,0.3193863319386332,-0.09960159362549814,0.4939687267311985,0.39617925370469576,0.635379722814778,0.00022271714922048998,0.5,0.3340864238583987,0.30626970147152177,0.2781339352438896,0.510003813274763,0.21743886551756386,0.17882523348974758
2021-09-10 09:40:00,0.3472803347280335,0.01195219123505975,0.5032017870439314,0.40582038921621133,0.6441088324979387,0.00022271714922048998,0.5,0.3340864238583987,0.30626970147152177,0.2781339352438896,0.510003813274763,0.21743886551756386,0.20587081491316747
2021-09-10 09:50:00,0.38633193863319387,-0.059760956175298974,0.5118391660461652,0.41439028744867,0.6492913323997853,0.00033407572383073496,0.5,0.3340864238583987,0.30626970147152177,0.2781339352438896,0.510003813274763,0.21743886551756386,0.27135356156736123
2021-09-10 10:00:00,0.3926080892608089,0.09163346613545809,0.5210722263588978,0.42117479021603277,0.6536624308018479,0.00033407572383073496,0.5,0.5941769841669549,0.3065742930458285,0.1331266770375257,0.5721173567317771,0.23347549892114833,0.28140229642259
2021-09-10 10:10:00,0.44979079497907953,-0.08366533864541836,0.5317944899478777,0.4358150330298163,0.6605593435500124,0.00033407572383073496,0.5,0.5941769841669549,0.3065742930458285,0.1331266770375257,0.5721173567317771,0.23347549892114833,0.3688534484059327
2021-09-10 10:20:00,0.4874476987447699,0.2749003984063745,0.5401340282948621,0.4458132476343508,0.6626925442671866,0.02360801781737194,0.5,0.5941769841669549,0.3065742930458285,0.1331266770375257,0.5721173567317771,0.23347549892114833,0.40633251354165095
2021-09-10 10:30:00,0.4755927475592748,0.06772908366533859,0.550856291883842,0.4636672022853061,0.6651529230084674,0.05077951002227171,0.5,0.5941769841669549,0.3065742930458285,0.1331266770375257,0.5721173567317771,0.23347549892114833,0.30887789127449944
2021-09-10 10:40:00,0.45676429567642957,0.01195219123505975,0.5600893521965746,0.47616497054097473,0.671853528942168,0.03975501113585746,0.5,0.5941769841669549,0.3065742930458285,0.1331266770375257,0.5721173567317771,0.23347549892114833,0.3024427780376299
2021-09-10 10:50:00,0.49302649930264997,-0.06772908366533881,0.568428890543559,0.4797357614711659,0.6738558584496996,0.03708240534521158,0.5,0.5941769841669549,0.3065742930458285,0.1331266770375257,0.5721173567317771,0.23347549892114833,0.3504232237427765
2021-09-10 11:00:00,0.46164574616457466,-0.11553784860557781,0.5779597915115411,0.5018746652383501,0.6846265590032848,0.006792873051224944,0.5,0.6035575405832054,0.28681606979170005,0.1506159932646483,0.5743309630906481,0.2583581902224693,0.38362478687930957
2021-09-10 11:10:00,0.41283124128312415,-0.02788844621513953,0.5883842144452716,0.5172290662381716,0.683370195390716,0.004677060133630289,0.5,0.6035575405832054,0.28681606979170005,0.1506159932646483,0.5743309630906481,0.2583581902224693,0.29649803099114325
2021-09-10 11:20:00,0.4790794979079498,0.003984063745019917,0.5991064780342514,0.5343688627030887,0.6920993050738768,0.007238307349665925,0.5,0.6035575405832054,0.28681606979170005,0.1506159932646483,0.5743309630906481,0.2583581902224693,0.39820752297177003
2021-09-10 11:30:00,0.4693165969316597,-0.059760956175298974,0.6068503350707368,0.5436529191215853,0.6881339074217063,0.008574610244988864,0.5,0.6035575405832054,0.28681606979170005,0.1506159932646483,0.5743309630906481,0.2583581902224693,0.3724821582147653
2021-09-10 11:40:00,0.4860529986052998,-0.09960159362549814,0.614296351451973,0.5507945009819675,0.6911570323644501,0.008797327394209355,0.5,0.6035575405832054,0.28681606979170005,0.1506159932646483,0.5743309630906481,0.2583581902224693,0.40643813087496417
2021-09-10 11:50:00,0.4191073919107392,-0.17928286852589637,0.621742367833209,0.549009105516872,0.6874926384944576,0.007461024498886415,0.5,0.6035575405832054,0.28681606979170005,0.1506159932646483,0.5743309630906481,0.2583581902224693,0.3202015782247235
2021-09-10 12:00:00,0.4065550906555091,0.17131474103585642,0.6315711094564407,0.5718621674700946,0.6916674300820562,0.0027839643652561247,0.5,0.61850782947099,0.2751007882025354,0.1540938706041945,0.5564812111835059,0.2876889475640342,0.28841830499268223
2021-09-10 12:10:00,0.45188284518828453,-0.19521912350597614,0.6390171258376767,0.5865024102838778,0.6989176950962557,0.008017817371937639,0.5,0.61850782947099,0.2751007882025354,0.1540938706041945,0.5564812111835059,0.2876889475640342,0.35495722498000815
2021-09-10 12:20:00,0.4588563458856346,0.019920318725099362,0.6467609828741621,0.5918585966791645,0.6980932064755074,0.01714922048997773,0.5,0.61850782947099,0.2751007882025354,0.1540938706041945,0.5564812111835059,0.2876889475640342,0.3174857039395265
2021-09-10 12:30:00,0.4351464435146444,-0.1872509960159363,0.6556962025316453,0.6014997321906803,0.6951224300166206,0.016815144766146994,0.5,0.61850782947099,0.2751007882025354,0.1540938706041945,0.5564812111835059,0.2876889475640342,0.30300104108514264
2021-09-10 12:40:00,0.4372384937238493,-0.21912350597609564,0.6640357408786297,0.6111408677021961,0.6933556686864456,0.018374164810690423,0.5,0.61850782947099,0.2751007882025354,0.1540938706041945,0.5564812111835059,0.2876889475640342,0.29275615975376074
2021-09-10 12:50:00,0.4351464435146444,0.15537848605577675,0.669694713328369,0.6186395286555972,0.6648911805891821,0.00601336302895323,0.5,0.61850782947099,0.2751007882025354,0.1540938706041945,0.5564812111835059,0.2876889475640342,0.29931952260965344
2021-09-10 13:00:00,0.4602510460251046,-0.2509960159362551,0.6741623231571108,0.6236386359578647,0.6878983392443496,0.008463251670378619,0.5,0.760339874652419,0.25897754930216826,0.0857695911652151,0.5159543574066919,0.3046054845536069,0.36620547097786565
2021-09-10 13:10:00,0.299860529986053,0.07569721115537842,0.6792256142963511,0.6300660596322085,0.6836057635680727,0.0024498886414253897,0.5,0.760339874652419,0.25897754930216826,0.0857695911652151,0.5159543574066919,0.3046054845536069,0.15149297644733467
2021-09-10 13:20:00,0.36052998605299863,0.08366533864541825,0.6854802680565895,0.6447063024459916,0.6668149873709283,0.0035634743875278397,0.5,0.760339874652419,0.25897754930216826,0.0857695911652151,0.5159543574066919,0.3046054845536069,0.19649350453400122
2021-09-10 13:30:00,0.3277545327754533,-0.20318725099601598,0.6908413998510794,0.6482770933761828,0.6843648165839997,0.005233853006681514,0.5,0.760339874652419,0.25897754930216826,0.0857695911652151,0.5159543574066919,0.3046054845536069,0.18213709129864056
2021-09-10 13:40:00,0.2782426778242678,0.2111553784860556,0.6953090096798211,0.6457775397250489,0.6557432830351652,0.000779510022271715,0.5,0.760339874652419,0.25897754930216826,0.0857695911652151,0.5159543574066919,0.3046054845536069,0.13661602064064457
2021-09-10 13:50:00,0.3242677824267783,0.6653386454183265,0.7033507073715559,0.6507766470273164,0.6732800251272723,0.003006681514476615,0.5,0.760339874652419,0.25897754930216826,0.0857695911652151,0.5159543574066919,0.3046054845536069,0.1881648233927305
2021-09-10 14:00:00,0.31729428172942814,-0.17928286852589637,0.7066269545792998,0.6575611497946796,0.7132480925521194,0.00155902004454343,0.5,0.7628803794781109,0.2350355021594405,0.07856756345810448,0.44465440090114666,0.3159649018019576,0.16319386815939163
2021-09-10 14:10:00,0.3633193863319386,0.11553784860557759,0.7087118391660459,0.6597036243527941,0.6765256311264085,0.00623608017817372,0.5,0.7628803794781109,0.2350355021594405,0.07856756345810448,0.44465440090114666,0.3159649018019576,0.22604372557599167
2021-09-10 14:20:00,0.4790794979079498,-0.4820717131474104,0.7128816083395382,0.6614890198178898,0.6709766918375627,0.008797327394209355,0.5,0.7628803794781109,0.2350355021594405,0.07856756345810448,0.44465440090114666,0.3159649018019576,0.3445161971724731
2021-09-10 14:30:00,0.24686192468619247,0.3306772908366533,0.7149664929262842,0.6629173361899661,0.6553637565272016,0.0016703786191536749,0.5,0.7628803794781109,0.2350355021594405,0.07856756345810448,0.44465440090114666,0.3159649018019576,0.10726194607480725
2021-09-10 14:40:00,0.31241283124128316,-0.10756972111553798,0.7233060312732686,0.6811283699339403,0.7028307442645692,0.00044543429844097997,0.5,0.7628803794781109,0.2350355021594405,0.07856756345810448,0.44465440090114666,0.3159649018019576,0.14409976311540956
2021-09-10 14:50:00,0.38633193863319387,-0.3067729083665339,0.7244973938942665,0.6821996072129977,0.6446454044574734,0.005456570155902005,0.5,0.7628803794781109,0.2350355021594405,0.07856756345810448,0.44465440090114666,0.3159649018019576,0.2965734719435098
2021-09-10 15:00:00,0.28033472803347276,0.3705179282868525,0.7244973938942665,0.6875557936082841,0.6634254230411852,0.00512249443207127,0.5,0.763776143402275,0.2204467151522814,0.07424117281759551,0.3561081394863091,0.3248093908349736,0.13789851683087648
2021-09-10 15:10:00,0.35006973500697347,0.3705179282868525,0.729560685033507,0.6889841099803606,0.6775726008035492,0.00311804008908686,0.5,0.763776143402275,0.2204467151522814,0.07424117281759551,0.3561081394863091,0.3248093908349736,0.23299938138419063
2021-09-10 15:20:00,0.45258019525801957,-0.40239043824701204,0.7316455696202531,0.6907695054454563,0.677310858384264,0.0016703786191536749,0.5,0.763776143402275,0.2204467151522814,0.07424117281759551,0.3561081394863091,0.3248093908349736,0.32370203841453293
2021-09-10 15:30:00,0.2712691771269177,0.17131474103585642,0.7346239761727476,0.6954115336547044,0.6734370705788434,0.0008908685968819599,0.5,0.763776143402275,0.2204467151522814,0.07424117281759551,0.3561081394863091,0.3248093908349736,0.12424370445252501
2021-09-10 15:40:00,0.4456066945606694,0.13147410358565725,0.7379002233804914,0.6975540082128191,0.6721152713614532,0.0022271714922049,0.5,0.763776143402275,0.2204467151522814,0.07424117281759551,0.3561081394863091,0.3248093908349736,0.36063038459797514
2021-09-10 15:50:00,0.36262203626220363,0.01195219123505975,0.7379002233804914,0.6914836636314943,0.6855295703498188,0.0012249443207126948,0.5,0.763776143402275,0.2204467151522814,0.07424117281759551,0.3561081394863091,0.3248093908349736,0.24771036709567423
2021-09-10 16:00:00,0.29497907949790797,-0.06772908366533881,0.7423678332092329,0.6957686127477234,0.6882516915103846,0.00111358574610245,0.5,0.8045392220658703,0.20707629444235345,0.05130924803409575,0.29700454412504734,0.3229324114758335,0.15359023492312568
2021-09-10 16:10:00,0.21827057182705717,-0.059760956175298974,0.7495160089352195,0.7036243527941439,0.6835403279632513,0.051670378619153676,0.5,0.8045392220658703,0.20707629444235345,0.05130924803409575,0.29700454412504734,0.3229324114758335,0.028282813042231847
2021-09-10 16:20:00,0.3403068340306834,0.17928286852589648,0.7536857781087116,0.6993394036779146,0.692465744460876,0.0012249443207126948,0.5,0.8045392220658703,0.20707629444235345,0.05130924803409575,0.29700454412504734,0.3229324114758335,0.19705176758151394
2021-09-10 16:30:00,0.2210599721059972,-0.21912350597609564,0.7554728220402083,0.7014818782360293,0.7145698917695096,0.00022271714922048998,0.5,0.8045392220658703,0.20707629444235345,0.05130924803409575,0.29700454412504734,0.3229324114758335,0.09325256122033285
2021-09-10 16:40:00,0.2712691771269177,-0.14741035856573714,0.7602382725241994,0.7100517764684879,0.6947298163876929,0.00033407572383073496,0.5,0.8045392220658703,0.20707629444235345,0.05130924803409575,0.29700454412504734,0.3229324114758335,0.12022270169138617
2021-09-10 16:50:00,0.3235704323570432,-0.003984063745020028,0.7578555472822037,0.7111230137475453,0.6489903286176074,0.0006681514476614699,0.5,0.8045392220658703,0.20707629444235345,0.05130924803409575,0.29700454412504734,0.3229324114758335,0.18043966987039245
2021-09-10 17:00:00,0.26569037656903766,0.29083665338645415,0.7516008935219654,0.7043385109801821,0.6665270707097145,0.000556792873051225,0.5,0.8077800750644633,0.19112259236164697,0.049597130551462636,0.2876301907017981,0.30776891881205126,0.12708782835674517
2021-09-10 17:10:00,0.22524407252440726,-0.15537848605577698,0.7542814594192104,0.7093376182824496,0.6948083391134784,0.00033407572383073496,0.5,0.8077800750644633,0.19112259236164697,0.049597130551462636,0.2876301907017981,0.30776891881205126,0.07363036950978469
2021-09-10 17:20:00,0.199442119944212,-0.11553784860557781,0.7566641846612061,0.7193358328869845,0.644318226433367,0.00033407572383073496,0.5,0.8077800750644633,0.19112259236164697,0.049597130551462636,0.2876301907017981,0.30776891881205126,0.07818700303272628
2021-09-10 17:30:00,0.18967921896792192,0.09960159362549792,0.7510052122114668,0.72504909837529,0.6820483961733258,0.00022271714922048998,0.5,0.8077800750644633,0.19112259236164697,0.049597130551462636,0.2876301907017981,0.30776891881205126,0.052288124085278456
2021-09-10 17:40:00,0.22384937238493724,0.11553784860557759,0.7563663440059567,0.727905731119443,0.7020847783696065,0.00044543429844097997,0.5,0.8077800750644633,0.19112259236164697,0.049597130551462636,0.2876301907017981,0.30776891881205126,0.08643269912639377
2021-09-10 17:50:00,0.28591352859135283,-0.5697211155378487,0.7572598659717049,0.7221924656311371,0.6583999685909098,0.00033407572383073496,0.5,0.8077800750644633,0.19112259236164697,0.049597130551462636,0.2876301907017981,0.30776891881205126,0.1344584094029603
2021-09-10 18:00:00,0.21269177126917713,-0.09960159362549814,0.7507073715562174,0.7207641492590608,0.6734763319417362,0.00022271714922048998,0.5,0.6463237724478796,0.18285839077949637,0.1563717058921773,0.35793645361171095,0.24050156287227406,0.06734613817764835
2021-09-10 18:10:00,0.17433751743375175,0.003984063745019917,0.7486224869694713,0.7239778610962329,0.6418185863291934,0.03719376391982183,0.5,0.6463237724478796,0.18285839077949637,0.1563717058921773,0.35793645361171095,0.24050156287227406,0.008253240188904144
2021-09-10 18:20:00,0.40446304044630405,0.31474103585657365,0.7420699925539835,0.7129084092126405,0.6654670139116096,0.015033407572383075,0.5,0.6463237724478796,0.18285839077949637,0.1563717058921773,0.35793645361171095,0.24050156287227406,0.24691069300058846
2021-09-10 18:30:00,0.34239888423988846,-0.13147410358565736,0.7381980640357406,0.6979110873058383,0.6691183206606378,0.00033407572383073496,0.5,0.6463237724478796,0.18285839077949637,0.1563717058921773,0.35793645361171095,0.24050156287227406,0.2168399293872686
2021-09-10 18:40:00,0.2482566248256625,-0.38645418326693237,0.7361131794489946,0.6954115336547044,0.6562667678737355,0.00033407572383073496,0.5,0.6463237724478796,0.18285839077949637,0.1563717058921773,0.35793645361171095,0.24050156287227406,0.0968963592196388
2021-09-10 18:50:00,0.36262203626220363,0.11553784860557759,0.7316455696202531,0.6943402963756471,0.6613576579288323,0.00033407572383073496,0.5,0.6463237724478796,0.18285839077949637,0.1563717058921773,0.35793645361171095,0.24050156287227406,0.22366733557644433
2021-09-10 19:00:00,0.38284518828451886,-0.003984063745020028,0.7286671630677586,0.6886270308873417,0.6517909725039588,0.00022271714922048998,0.5,0.6534487594818663,0.16766329412914027,0.14443608739369965,0.44114851912946795,0.2646822391732371,0.23826515985937807
2021-09-10 19:10:00,0.40097629009762903,0.043824701195219085,0.7224125093075202,0.6829137653990358,0.6668542487338209,0.00033407572383073496,0.5,0.6534487594818663,0.16766329412914027,0.14443608739369965,0.44114851912946795,0.2646822391732371,0.26451861128294885
2021-09-10 19:20:00,0.44002789400278935,0.31474103585657365,0.7182427401340281,0.6786288162828067,0.6660690214759656,0.00044543429844097997,0.5,0.6534487594818663,0.16766329412914027,0.14443608739369965,0.44114851912946795,0.2646822391732371,0.34935196221917103
2021-09-10 19:30:00,0.4191073919107392,-0.21912350597609564,0.7122859270290394,0.6739867880735582,0.6749551766106974,0.00033407572383073496,0.5,0.6534487594818663,0.16766329412914027,0.14443608739369965,0.44114851912946795,0.2646822391732371,0.31716130784435026
2021-09-10 19:40:00,0.4372384937238493,-0.11553784860557781,0.7063291139240504,0.6714872344224245,0.6752169190299826,0.00033407572383073496,0.5,0.6534487594818663,0.16766329412914027,0.14443608739369965,0.44114851912946795,0.2646822391732371,0.33812634850702356
2021-09-10 19:50:00,0.4337517433751743,0.2749003984063745,0.7000744601638123,0.6654168898410999,0.676957506118229,0.00033407572383073496,0.5,0.6534487594818663,0.16766329412914027,0.14443608739369965,0.44114851912946795,0.2646822391732371,0.3242150368906257
2021-09-10 20:00:00,0.45188284518828453,-0.19521912350597614,0.6947133283693223,0.6579182288876986,0.6867597597204591,0.0008908685968819599,0.5,0.6511036370543484,0.18066303264014877,0.13900197538360323,0.4095217740050636,0.27336658396410835,0.353614376027883
2021-09-10 20:10:00,0.4560669456066946,-0.3067729083665339,0.6893521965748324,0.6575611497946796,0.6845611233984636,0.00044543429844097997,0.5,0.6511036370543484,0.18066303264014877,0.13900197538360323,0.4095217740050636,0.27336658396410835,0.36437979993059433
2021-09-10 20:20:00,0.3368200836820084,0.11553784860557759,0.68518242740134,0.6557757543295839,0.6769182447553362,0.00033407572383073496,0.5,0.6511036370543484,0.18066303264014877,0.13900197538360323,0.4095217740050636,0.27336658396410835,0.2011331231045461
2021-09-10 20:30:00,0.31729428172942814,-0.3067729083665339,0.6774385703648547,0.6507766470273164,0.6749420894897331,0.00022271714922048998,0.5,0.6511036370543484,0.18066303264014877,0.13900197538360323,0.4095217740050636,0.27336658396410835,0.16397845406400413
2021-09-10 20:40:00,0.3702928870292887,0.2589641434262948,0.6661206254653758,0.6432779860739153,0.6711860857729908,0.00033407572383073496,0.5,0.6511036370543484,0.18066303264014877,0.13900197538360323,0.4095217740050636,0.27336658396410835,0.23315026328892377
2021-09-10 20:50:00,0.3417015341701534,-0.29083665338645437,0.6613551749813849,0.6361364042135333,0.6759367106830169,0.00022271714922048998,0.5,0.6511036370543484,0.18066303264014877,0.13900197538360323,0.4095217740050636,0.27336658396410835,0.21607797576836613
2021-09-10 21:00:00,0.37447698744769875,-0.2270916334661356,0.6559940431868949,0.635422246027495,0.6486893248354294,0.00022271714922048998,0.5,0.642692054593671,0.1870192266247512,0.1332446141724675,0.47058571549251527,0.25755507264452054,0.23241094195573125
2021-09-10 21:10:00,0.39539748953974896,-0.07569721115537853,0.6545048399106477,0.6289948223531512,0.6407716166520527,0.00022271714922048998,0.5,0.642692054593671,0.1870192266247512,0.1332446141724675,0.47058571549251527,0.25755507264452054,0.27475594851909413
2021-09-10 21:20:00,0.4818688981868898,0.14741035856573692,0.652122114668652,0.6214961613997501,0.6407716166520527,0.00111358574610245,0.5,0.642692054593671,0.1870192266247512,0.1332446141724675,0.47058571549251527,0.25755507264452054,0.4139746820163858
2021-09-10 21:30:00,0.4804741980474198,0.33864541832669315,0.6485480268056589,0.6118550258882343,0.6407716166520527,0.001893095768374165,0.5,0.642692054593671,0.1870192266247512,0.1332446141724675,0.47058571549251527,0.25755507264452054,0.40968963592196384
2021-09-10 21:40:00,0.5216178521617852,0.07569721115537842,0.6464631422189129,0.6100696304231386,0.6407716166520527,0.008463251670378619,0.5,0.642692054593671,0.1870192266247512,0.1332446141724675,0.47058571549251527,0.25755507264452054,0.49442491362010954
2021-09-10 21:50:00,0.6387726638772664,-0.1872509960159363,0.645271779597915,0.6079271558650241,0.6407716166520527,0.000779510022271715,0.5,0.642692054593671,0.1870192266247512,0.1332446141724675,0.47058571549251527,0.25755507264452054,0.7619837952834316
2021-09-10 22:00:00,0.6624825662482566,-0.3067729083665339,0.6408041697691733,0.6079271558650241,0.6407716166520527,0.0014476614699331849,0.5,0.535996388527471,0.1934616257718943,0.146144400452625,0.5415863217119682,0.23924650499628353,0.7980747468956049
2021-09-10 22:10:00,0.6373779637377964,-0.003984063745020028,0.6363365599404316,0.6111408677021961,0.631950897122142,0.0013363028953229399,0.5,0.535996388527471,0.1934616257718943,0.146144400452625,0.5415863217119682,0.23924650499628353,0.7866303544215942
2021-09-10 22:20:00,0.6882845188284519,0.003984063745019917,0.6312732688011911,0.6107837886091769,0.6362565599193832,0.0010022271714922048,0.5,0.535996388527471,0.1934616257718943,0.146144400452625,0.5415863217119682,0.23924650499628353,0.8732290236431945
2021-09-10 22:30:00,0.6701534170153417,-0.2828685258964144,0.6279970215934472,0.6157828959114444,0.6408108780149454,0.001893095768374165,0.5,0.535996388527471,0.1934616257718943,0.146144400452625,0.5415863217119682,0.23924650499628353,0.8453611358389788
2021-09-10 22:40:00,0.6680613668061367,-0.3545816733067729,0.6241250930752047,0.62542403142296,0.6404575257489105,0.004677060133630289,0.5,0.535996388527471,0.1934616257718943,0.146144400452625,0.5415863217119682,0.23924650499628353,0.8097831827028985
2021-09-10 22:50:00,0.6820083682008368,0.25099601593625476,0.6178704393149663,0.625066952329941,0.6323696849929984,0.005790645879732739,0.5,0.535996388527471,0.1934616257718943,0.146144400452625,0.5415863217119682,0.23924650499628353,0.8733270968812711
2021-09-10 23:00:00,0.7538354253835425,-0.2749003984063746,0.6154877140729709,0.6243527941439027,0.6396330371281622,0.03285077951002228,0.5,0.46465689843617364,0.18985824997773107,0.171273887183873,0.6051854421573069,0.2186127911912017,0.9401828688685366
2021-09-10 23:10:00,0.7873082287308228,0.33864541832669315,0.6154877140729709,0.6225673986788074,0.6309562759288584,0.08496659242761692,0.5,0.46465689843617364,0.18985824997773107,0.171273887183873,0.6051854421573069,0.2186127911912017,0.7368996786215429
2021-09-10 23:20:00,0.7726638772663877,0.394422310756972,0.6134028294862248,0.6122121049812534,0.6308777532030729,0.08730512249443208,0.5,0.46465689843617364,0.18985824997773107,0.171273887183873,0.6051854421573069,0.2186127911912017,0.7028758091042142
2021-09-10 23:30:00,0.7712691771269178,0.2669322709163344,0.6074460163812359,0.6082842349580433,0.6308777532030729,0.07906458797327394,0.5,0.46465689843617364,0.18985824997773107,0.171273887183873,0.6051854421573069,0.2186127911912017,0.7723946467100201
2021-09-10 23:40:00,0.7608089260808927,0.12350597609561742,0.6029784065524944,0.6079271558650241,0.6308777532030729,0.07204899777282851,0.5,0.46465689843617364,0.18985824997773107,0.171273887183873,0.6051854421573069,0.2186127911912017,0.8087647298459496
2021-09-10 23:50:00,0.8312412831241283,0.2111553784860556,0.5982129560685032,0.6014997321906803,0.6308777532030729,0.07494432071269488,0.5,0.46465689843617364,0.18985824997773107,0.171273887183873,0.6051854421573069,0.2186127911912017,0.9146989151591051
2021-09-11 00:00:00,0.795676429567643,0.22709163346613526,0.5970215934475054,0.5922156757721835,0.6308777532030729,0.03908685968819599,0.5,0.4555695156764523,0.1904645596209281,0.16601338370897578,0.6711492228282084,0.20967341112894075,0.9071019358148377
2021-09-11 00:10:00,0.6980474198047419,-0.01195219123505975,0.5898734177215188,0.5986430994465273,0.6308777532030729,0.02048997772828508,0.5,0.4555695156764523,0.1904645596209281,0.16601338370897578,0.6711492228282084,0.20967341112894075,0.8995051073524752
2021-09-11 00:20:00,0.795676429567643,0.09960159362549792,0.5785554728220401,0.6086413140510623,0.6349478478229573,0.07138084632516704,0.5,0.4555695156764523,0.1904645596209281,0.16601338370897578,0.6711492228282084,0.20967341112894075,0.8432940537441345
2021-09-11 00:30:00,0.9414225941422594,0.05976095617529875,0.5842144452717795,0.6036422067487948,0.6408108780149454,0.09097995545657016,0.5,0.4555695156764523,0.1904645596209281,0.16601338370897578,0.6711492228282084,0.20967341112894075,0.8536168655793112
2021-09-11 00:40:00,0.9065550906555091,0.05976095617529875,0.5922561429635145,0.5982860203535083,0.6408108780149454,0.0700445434298441,0.5,0.4555695156764523,0.1904645596209281,0.16601338370897578,0.6711492228282084,0.20967341112894075,0.8639396774144877
2021-09-11 00:50:00,0.6687587168758717,-0.31474103585657376,0.5836187639612807,0.6100696304231386,0.6373297038384526,0.004120267260579065,0.5,0.4555695156764523,0.1904645596209281,0.16601338370897578,0.6711492228282084,0.20967341112894075,0.8742625646906166
2021-09-11 01:00:00,0.5850767085076709,0.03585657370517925,0.5663440059568128,0.62542403142296,0.6309693630498227,0.01202672605790646,0.5,0.40352865680771544,0.18342159784142095,0.1902621463518684,0.715244701603589,0.2162963157489756,0.6581996771127239
2021-09-11 01:10:00,0.7587168758716877,0.2749003984063745,0.5612807148175725,0.6232815568648455,0.6309693630498227,0.02271714922048998,0.5,0.40352865680771544,0.18342159784142095,0.1902621463518684,0.715244701603589,0.2162963157489756,0.988917724097349
2021-09-11 01:20:00,0.7029288702928871,0.17928286852589648,0.5681310498883096,0.6114979467952151,0.6309693630498227,0.0069042316258351895,0.5,0.40352865680771544,0.18342159784142095,0.1902621463518684,0.715244701603589,0.2162963157489756,0.9422348627729077
2021-09-11 01:30:00,0.6624825662482566,0.19521912350597592,0.5636634400595679,0.6168541331905018,0.6309693630498227,0.01447661469933185,0.5,0.40352865680771544,0.18342159784142095,0.1902621463518684,0.715244701603589,0.2162963157489756,0.8151093139399792
2021-09-11 01:40:00,0.6143654114365412,0.1872509960159361,0.5580044676098284,0.6182824495625783,0.6309693630498227,0.007795100222717149,0.5,0.40352865680771544,0.18342159784142095,0.1902621463518684,0.715244701603589,0.2162963157489756,0.7289708345278151
2021-09-11 01:50:00,0.5732217573221757,0.2669322709163344,0.5511541325390914,0.6200678450276735,0.6309693630498227,0.006792873051224944,0.5,0.40352865680771544,0.18342159784142095,0.1902621463518684,0.715244701603589,0.2162963157489756,0.6451257600675951
2021-09-11 02:00:00,0.599721059972106,0.2749003984063745,0.5469843633655993,0.6200678450276735,0.6309693630498227,0.004231625835189309,0.5,0.40444873513411084,0.1880709296077382,0.1881893695017359,0.7232064464224057,0.22320177329418456,0.7069119000558263
2021-09-11 02:10:00,0.5941422594142259,0.25099601593625476,0.5466865227103499,0.6118550258882343,0.6309693630498227,0.004120267260579065,0.5,0.40444873513411084,0.1880709296077382,0.1881893695017359,0.7232064464224057,0.22320177329418456,0.6843399671077448
2021-09-11 02:20:00,0.5676429567642958,0.06772908366533859,0.5431124348473564,0.6111408677021961,0.6309693630498227,0.013919821826280624,0.5,0.40444873513411084,0.1880709296077382,0.1881893695017359,0.7232064464224057,0.22320177329418456,0.6240249256906619
2021-09-11 02:30:00,0.5439330543933054,0.027888446215139417,0.5347728965003722,0.6107837886091769,0.6309693630498227,0.018374164810690423,0.5,0.40444873513411084,0.1880709296077382,0.1881893695017359,0.7232064464224057,0.22320177329418456,0.5851351147456886
2021-09-11 02:40:00,0.5460251046025105,-0.003984063745020028,0.5294117647058822,0.6054276022138905,0.6309693630498227,0.015033407572383075,0.5,0.40444873513411084,0.1880709296077382,0.1881893695017359,0.7232064464224057,0.22320177329418456,0.5901972026494863
2021-09-11 02:50:00,0.5550906555090656,-0.059760956175298974,0.5276247207743856,0.6025709694697374,0.6309693630498227,0.02472160356347439,0.5,0.40444873513411084,0.1880709296077382,0.1881893695017359,0.7232064464224057,0.22320177329418456,0.5701449975104486
2021-09-11 03:00:00,0.6227336122733612,0.019920318725099362,0.5261355174981384,0.5940010712372792,0.6309693630498227,0.03162583518930957,0.5,0.4053362941982632,0.18832954509535602,0.1815283308458743,0.7106079228917175,0.22126802026089915,0.7101181405314061
2021-09-11 03:10:00,0.6757322175732218,0.11553784860557759,0.5288160833953832,0.5829316193536869,0.6309693630498227,0.04253897550111359,0.5,0.4053362941982632,0.18832954509535602,0.1815283308458743,0.7106079228917175,0.22126802026089915,0.7936539070869231
2021-09-11 03:20:00,0.7147838214783822,0.15537848605577675,0.5297096053611317,0.5729334047491519,0.6309693630498227,0.04844097995545657,0.5,0.4053362941982632,0.18832954509535602,0.1815283308458743,0.7106079228917175,0.22126802026089915,0.8322645865081402
2021-09-11 03:30:00,0.703626220362622,0.2749003984063745,0.5294117647058822,0.5647205856097126,0.6309693630498227,0.0477728285077951,0.5,0.4053362941982632,0.18832954509535602,0.1815283308458743,0.7106079228917175,0.22126802026089915,0.8061092083226459
2021-09-11 03:40:00,0.7301255230125524,0.298804780876494,0.5300074460163811,0.5536511337261203,0.6309693630498227,0.047438752783964366,0.5,0.4053362941982632,0.18832954509535602,0.1815283308458743,0.7106079228917175,0.22126802026089915,0.8490049338382849
2021-09-11 03:50:00,0.7475592747559275,0.3705179282868525,0.5332836932241249,0.5393679700053562,0.6309693630498227,0.04766146993318486,0.5,0.4053362941982632,0.18832954509535602,0.1815283308458743,0.7106079228917175,0.22126802026089915,0.9093199752553676
2021-09-11 04:00:00,0.6924686192468619,0.21912350597609564,0.5311988086373787,0.5365113372612034,0.6309693630498227,0.02795100222717149,0.5,0.33340241869934273,0.18527213533061007,0.2823844910384898,0.6868137474815518,0.21369427719533438,0.851562382123512
2021-09-11 04:10:00,0.6687587168758717,0.11553784860557759,0.5264333581533878,0.5375825745402605,0.6309693630498227,0.03051224944320713,0.5,0.33340241869934273,0.18527213533061007,0.2823844910384898,0.6868137474815518,0.21369427719533438,0.8256559590808275
2021-09-11 04:20:00,0.6624825662482566,0.13147410358565725,0.5246463142218911,0.5397250490983752,0.6309693630498227,0.02783964365256125,0.5,0.33340241869934273,0.18527213533061007,0.2823844910384898,0.6868137474815518,0.21369427719533438,0.8002474463237624
2021-09-11 04:30:00,0.6220362622036262,0.1394422310756971,0.5210722263588978,0.5461524727727192,0.6309693630498227,0.02071269487750557,0.5,0.33340241869934273,0.18527213533061007,0.2823844910384898,0.6868137474815518,0.21369427719533438,0.7299289346228707
2021-09-11 04:40:00,0.6073919107391912,-0.07569721115537853,0.5160089352196573,0.549009105516872,0.6309693630498227,0.01447661469933185,0.5,0.33340241869934273,0.18527213533061007,0.2823844910384898,0.6868137474815518,0.21369427719533438,0.7195784359581756
2021-09-11 04:50:00,0.6122733612273361,-0.02788844621513953,0.5145197319434103,0.5504374218889485,0.6309693630498227,0.021158129175946547,0.5,0.33340241869934273,0.18527213533061007,0.2823844910384898,0.6868137474815518,0.21369427719533438,0.7233580276717414
2021-09-11 05:00:00,0.590655509065551,0.09163346613545809,0.5145197319434103,0.5504374218889485,0.6309693630498227,0.017706013363028954,0.5,0.32639963738521094,0.18538994905274883,0.28775101112071094,0.6498563142946537,0.20229239639757082,0.6975496778671334
2021-09-11 05:10:00,0.6108786610878661,-0.05179282868525903,0.5133283693224122,0.5504374218889485,0.6309693630498227,0.012694877505567928,0.5,0.32639963738521094,0.18538994905274883,0.28775101112071094,0.6498563142946537,0.20229239639757082,0.7515729438568433
2021-09-11 05:20:00,0.6143654114365412,0.05976095617529875,0.5112434847356664,0.5475807891447955,0.6309693630498227,0.021269487750556794,0.5,0.32639963738521094,0.18538994905274883,0.28775101112071094,0.6498563142946537,0.20229239639757082,0.7274921918614301
2021-09-11 05:30:00,0.6457461645746164,0.17928286852589648,0.5112434847356664,0.5461524727727192,0.6309693630498227,0.027060133630289536,0.5,0.32639963738521094,0.18538994905274883,0.28775101112071094,0.6498563142946537,0.20229239639757082,0.7725002640433333
2021-09-11 05:40:00,0.6631799163179917,0.3545816733067728,0.5112434847356664,0.5386538118193178,0.6319247228802136,0.02817371937639198,0.5,0.32639963738521094,0.18538994905274883,0.28775101112071094,0.6498563142946537,0.20229239639757082,0.8006020187998854
2021-09-11 05:50:00,0.6854951185495118,-0.21115537848605592,0.5142218912881606,0.5479378682378149,0.6408108780149454,0.02293986636971047,0.5,0.32639963738521094,0.18538994905274883,0.28775101112071094,0.6498563142946537,0.20229239639757082,0.8318798376510705
2021-09-11 06:00:00,0.6576011157601116,-0.4103585657370519,0.5139240506329112,0.5618639528655596,0.6397900825797332,0.02071269487750557,0.5,0.3332232792557457,0.19985230182151553,0.2594448305934508,0.6594654304517062,0.19002063985477397,0.7657558429017608
2021-09-11 06:10:00,0.6338912133891214,0.05179282868525892,0.5100521221146683,0.5647205856097126,0.6309693630498227,0.05077951002227171,0.5,0.3332232792557457,0.19985230182151553,0.2594448305934508,0.6594654304517062,0.19002063985477397,0.6352882598789927
2021-09-11 06:20:00,0.6387726638772664,-0.06772908366533881,0.5100521221146683,0.5597214783074451,0.6309693630498227,0.04933184855233853,0.5,0.3332232792557457,0.19985230182151553,0.2594448305934508,0.6594654304517062,0.19002063985477397,0.6875839280595079
2021-09-11 06:30:00,0.6631799163179917,-0.09960159362549814,0.5055845122859268,0.5593643992144262,0.6309693630498227,0.05133630289532295,0.5,0.3332232792557457,0.19985230182151553,0.2594448305934508,0.6594654304517062,0.19002063985477397,0.7426935437632965
2021-09-11 06:40:00,0.6617852161785216,-0.043824701195219196,0.504988830975428,0.5475807891447955,0.6309693630498227,0.022048997772828507,0.5,0.3332232792557457,0.19985230182151553,0.2594448305934508,0.6594654304517062,0.19002063985477397,0.8318798376510705
2021-09-11 06:50:00,0.6255230125523014,-0.19521912350597614,0.496947133283693,0.5332976254240314,0.6308908403240372,0.01982182628062361,0.5,0.3332232792557457,0.19985230182151553,0.2594448305934508,0.6594654304517062,0.19002063985477397,0.7845029195648567
2021-09-11 07:00:00,0.6736401673640168,-0.33067729083665354,0.4933730454206997,0.5290126763078022,0.6306814463886089,0.03474387527839644,0.5,0.3545656877423726,0.2067429678138651,0.28525074385994553,0.6724093219954118,0.18561910763146425,0.8255578858427508
2021-09-11 07:10:00,0.701534170153417,-0.059760956175298974,0.4933730454206997,0.5347259417961079,0.620983889754093,0.02405345211581292,0.5,0.3545656877423726,0.2067429678138651,0.28525074385994553,0.6724093219954118,0.18561910763146425,0.8898562095447893
2021-09-11 07:20:00,0.7175732217573221,-0.3784860557768924,0.49158600148920306,0.525441885377611,0.620983889754093,0.0008908685968819599,0.5,0.3545656877423726,0.2067429678138651,0.28525074385994553,0.6724093219954118,0.18561910763146425,0.8667004390663428
2021-09-11 07:30:00,0.8675034867503486,-0.2749003984063746,0.496947133283693,0.5186573826102483,0.620983889754093,0.058240534521158134,0.5,0.3545656877423726,0.2067429678138651,0.28525074385994553,0.6724093219954118,0.18561910763146425,0.8435445177059916
2021-09-11 07:40:00,0.9602510460251046,0.03585657370517925,0.5154132539091583,0.5150865916800571,0.6209184541492717,0.09365256124721603,0.5,0.3545656877423726,0.2067429678138651,0.28525074385994553,0.6724093219954118,0.18561910763146425,0.8203886717865927
2021-09-11 07:50:00,0.8856345885634588,-0.4661354581673308,0.5195830230826506,0.517586145331191,0.6188245147949902,0.05612472160356348,0.5,0.3545656877423726,0.2067429678138651,0.28525074385994553,0.6724093219954118,0.18561910763146425,0.7972327504262413
2021-09-11 08:00:00,0.6359832635983264,-0.06772908366533881,0.504988830975428,0.5375825745402605,0.6114564656921124,0.0008908685968819599,0.5,0.36069721965310775,0.21781458418939745,0.26173255738307394,0.6774468979312588,0.18524446212490206,0.7740769799477948
2021-09-11 08:10:00,0.7419804741980475,-0.05179282868525903,0.5008190618019359,0.5504374218889485,0.6070068445642643,0.0044543429844098,0.5,0.36069721965310775,0.21781458418939745,0.26173255738307394,0.6774468979312588,0.18524446212490206,0.8572883504081354
2021-09-11 08:20:00,0.6924686192468619,-0.19521912350597614,0.49903201787043905,0.5432958400285663,0.6070068445642643,0.0013363028953229399,0.5,0.36069721965310775,0.21781458418939745,0.26173255738307394,0.6774468979312588,0.18524446212490206,0.9404997208684763
2021-09-11 08:30:00,0.6868898186889818,-0.3067729083665339,0.5005212211466863,0.5400821281913943,0.6070068445642643,0.0021158129175946547,0.5,0.36069721965310775,0.21781458418939745,0.26173255738307394,0.6774468979312588,0.18524446212490206,0.9099008705885903
2021-09-11 08:40:00,0.7252440725244073,-0.019920318725099695,0.5085629188384213,0.545438314586681,0.6070068445642643,0.0066815144766146995,0.5,0.36069721965310775,0.21781458418939745,0.26173255738307394,0.6774468979312588,0.18524446212490206,0.9262564690616655
2021-09-11 08:50:00,0.6854951185495118,0.22709163346613526,0.5192851824274012,0.5404392072844135,0.6089960869508317,0.004677060133630289,0.5,0.36069721965310775,0.21781458418939745,0.26173255738307394,0.6774468979312588,0.18524446212490206,0.9426120675347406
2021-09-11 09:00:00,0.6617852161785216,-0.003984063745020028,0.5261355174981384,0.56579182288877,0.6169661436180656,0.004231625835189309,0.5,0.360306388150581,0.2279034617119762,0.27069260928555844,0.6859450159726689,0.1723863466998506,0.8684008026917331
2021-09-11 09:10:00,0.596931659693166,0.08366533864541825,0.5294117647058822,0.580432065702553,0.6245959351402285,0.0033407572383073497,0.5,0.360306388150581,0.2279034617119762,0.27069260928555844,0.6859450159726689,0.1723863466998506,0.7253873892904024
2021-09-11 09:20:00,0.6541143654114366,-0.17131474103585675,0.5297096053611317,0.5925727548652027,0.6270694010024734,0.00757238307349666,0.5,0.360306388150581,0.2279034617119762,0.27069260928555844,0.6859450159726689,0.1723863466998506,0.8188511851773618
2021-09-11 09:30:00,0.6492329149232915,0.08366533864541825,0.53596425912137,0.597214783074451,0.6270694010024734,0.05033407572383073,0.5,0.360306388150581,0.2279034617119762,0.27069260928555844,0.6859450159726689,0.1723863466998506,0.669100894729695
2021-09-11 09:40:00,0.6750348675034867,0.11553784860557759,0.5401340282948621,0.5936439921442598,0.6270694010024734,0.05244988864142539,0.5,0.360306388150581,0.2279034617119762,0.27069260928555844,0.6859450159726689,0.1723863466998506,0.6914993134873335
2021-09-11 09:50:00,0.6150627615062761,0.13147410358565725,0.543410275502606,0.596857703981432,0.6303542683645025,0.05211581291759465,0.5,0.360306388150581,0.2279034617119762,0.27069260928555844,0.6859450159726689,0.1723863466998506,0.5899784238876231
2021-09-11 10:00:00,0.8054393305439331,-0.08366533864541836,0.5496649292628444,0.5936439921442598,0.6370156129353104,0.0989977728285078,0.5,0.5668007349686797,0.23448091561376538,0.16156170071435663,0.8016252639159358,0.17357163566677186,0.6586523228269234
2021-09-11 10:10:00,0.7796373779637378,-0.14741035856573714,0.5514519731943408,0.5857882520978397,0.6370156129353104,0.08396436525612472,0.5,0.5668007349686797,0.23448091561376538,0.16156170071435663,0.8016252639159358,0.17357163566677186,0.7193219367201292
2021-09-11 10:20:00,0.7468619246861925,-0.02788844621513953,0.5547282204020847,0.5797179075165149,0.6370156129353104,0.055233853006681516,0.5,0.5668007349686797,0.23448091561376538,0.16156170071435663,0.8016252639159358,0.17357163566677186,0.8400274605066614
2021-09-11 10:30:00,0.8186889818688982,0.07569721115537842,0.5642591213700667,0.5765041956793431,0.6423289840467996,0.07405345211581292,0.5,0.5668007349686797,0.23448091561376538,0.16156170071435663,0.8016252639159358,0.17357163566677186,0.8760505152617047
2021-09-11 10:40:00,0.7629009762900976,-0.03585657370517936,0.5752792256142962,0.5815033029816103,0.6468963892633259,0.05801781737193764,0.5,0.5668007349686797,0.23448091561376538,0.16156170071435663,0.8016252639159358,0.17357163566677186,0.88010169440379
2021-09-11 10:50:00,0.806136680613668,-0.13147410358565736,0.5827252419955322,0.590430280307088,0.6507178285848896,0.06737193763919821,0.5,0.5668007349686797,0.23448091561376538,0.16156170071435663,0.8016252639159358,0.17357163566677186,0.874918900976206
2021-09-11 11:00:00,0.799163179916318,-0.043824701195219196,0.58927773641102,0.596857703981432,0.6501158210205337,0.07338530066815145,0.5,0.5780460292646676,0.23806130336458833,0.18611101283016532,0.7885269372423026,0.20059849988339842,0.821868823272025
2021-09-11 11:10:00,0.8207810320781032,-0.02788844621513953,0.5946388682055099,0.6014997321906803,0.6503252149559617,0.11403118040089087,0.5,0.5780460292646676,0.23806130336458833,0.18611101283016532,0.7885269372423026,0.20059849988339842,0.680341596632316
2021-09-11 11:20:00,0.7768479776847979,-0.01195219123505975,0.6011913626209975,0.6093554722371006,0.6502205179882478,0.2044543429844098,0.5,0.5780460292646676,0.23806130336458833,0.18611101283016532,0.7885269372423026,0.20059849988339842,0.1693347616820315
2021-09-11 11:30:00,0.8570432357043235,-0.05179282868525903,0.6077438570364853,0.6039992858418142,0.6503644763188546,0.2188195991091314,0.5,0.5780460292646676,0.23806130336458833,0.18611101283016532,0.7885269372423026,0.20059849988339842,0.1804472139656291
2021-09-11 11:40:00,0.8675034867503486,-0.24302788844621515,0.6122114668652268,0.5918585966791645,0.656345290599521,0.17438752783964365,0.5,0.5780460292646676,0.23806130336458833,0.18611101283016532,0.7885269372423026,0.20059849988339842,0.3370173665072348
2021-09-11 11:50:00,0.900976290097629,0.01195219123505975,0.6134028294862248,0.580074986609534,0.6469094763842903,0.21124721603563473,0.5,0.5780460292646676,0.23806130336458833,0.18611101283016532,0.7885269372423026,0.20059849988339842,0.23622825414548035
2021-09-11 12:00:00,0.8319386331938633,0.03585657370517925,0.6205510052122112,0.5665059810748081,0.6498540786012486,0.14120267260579064,0.5,0.5874265856809182,0.24163307059915345,0.20810146956010847,0.7635103809275525,0.2285350641672103,0.4158154412541304
2021-09-11 12:10:00,0.895397489539749,0.09960159362549792,0.6235294117647057,0.5636493483306553,0.6491604611901427,0.1257238307349666,0.5,0.5874265856809182,0.24163307059915345,0.20810146956010847,0.7635103809275525,0.2285350641672103,0.5748223365571767
2021-09-11 12:20:00,0.8361227336122734,0.1872509960159361,0.6288905435591956,0.5604356364934833,0.6387300257816284,0.12238307349665925,0.5,0.5874265856809182,0.24163307059915345,0.20810146956010847,0.7635103809275525,0.2285350641672103,0.5242090016144364
2021-09-11 12:30:00,0.8807531380753139,0.01195219123505975,0.6330603127326879,0.5672201392608462,0.641949457538836,0.13240534521158132,0.5,0.5874265856809182,0.24163307059915345,0.20810146956010847,0.7635103809275525,0.2285350641672103,0.52392987009068
2021-09-11 12:40:00,0.9086471408647141,-0.003984063745020028,0.63723008190618,0.5679342974468844,0.6472628286503253,0.1413140311804009,0.5,0.5874265856809182,0.24163307059915345,0.20810146956010847,0.7635103809275525,0.2285350641672103,0.4812906438130875
2021-09-11 12:50:00,0.8110181311018132,-0.15537848605577698,0.6408041697691733,0.5672201392608462,0.6404706128698747,0.1358574610244989,0.5,0.5874265856809182,0.24163307059915345,0.20810146956010847,0.7635103809275525,0.2285350641672103,0.4180032288727613
2021-09-11 13:00:00,0.8779637377963738,-0.10756972111553798,0.6422933730454206,0.5707909301910372,0.6395676015233409,0.14599109131403118,0.5,0.7088119529467953,0.233136115078146,0.1577574038206813,0.7411804823554884,0.24431850653517365,0.4561235421035955
2021-09-11 13:10:00,0.9442119944211994,0.03585657370517925,0.6482501861504093,0.5665059810748081,0.6424729423774064,0.1710467706013363,0.5,0.7088119529467953,0.233136115078146,0.1577574038206813,0.7411804823554884,0.24431850653517365,0.40357891878027075
2021-09-11 13:20:00,0.8556485355648535,0.06772908366533859,0.650632911392405,0.5611497946795214,0.6348431508552433,0.18440979955456568,0.5,0.7088119529467953,0.233136115078146,0.1577574038206813,0.7411804823554884,0.24431850653517365,0.30276717413280624
2021-09-11 13:30:00,0.794979079497908,-0.003984063745020028,0.6568875651526431,0.5732904838421709,0.6415044954260513,0.20968819599109131,0.5,0.7088119529467953,0.233136115078146,0.1577574038206813,0.7411804823554884,0.24431850653517365,0.1692744089201382
2021-09-11 13:40:00,0.8626220362622036,0.06772908366533859,0.6565897244973937,0.5786466702374577,0.6370548742982031,0.22906458797327395,0.5,0.7088119529467953,0.233136115078146,0.1577574038206813,0.7411804823554884,0.24431850653517365,0.16940265853916142
2021-09-11 13:50:00,0.8417015341701535,0.05179282868525892,0.6559940431868949,0.5686484556329228,0.6420672416275144,0.21692650334075725,0.5,0.7088119529467953,0.233136115078146,0.1577574038206813,0.7411804823554884,0.24431850653517365,0.16907071834874846
2021-09-11 14:00:00,0.8577405857740587,-0.11553784860557781,0.6559940431868949,0.5640064274236742,0.6448547983929015,0.22694877505567929,0.5,0.7152855874963269,0.2179869945144788,0.16081375101340337,0.7131165399475013,0.25167925412412134,0.1706851547293933
2021-09-11 14:10:00,0.7622036262203626,0.03585657370517925,0.6577810871183913,0.5618639528655596,0.631388150920679,0.19677060133630292,0.5,0.7152855874963269,0.2179869945144788,0.16081375101340337,0.7131165399475013,0.25167925412412134,0.17599619777600073
2021-09-11 14:20:00,0.8284518828451883,-0.24302788844621515,0.6637379002233803,0.5647205856097126,0.6440695711350459,0.2145879732739421,0.5,0.7152855874963269,0.2179869945144788,0.16081375101340337,0.7131165399475013,0.25167925412412134,0.1692744089201382
2021-09-11 14:30:00,0.8605299860529986,0.13147410358565725,0.6664184661206252,0.5615068737725406,0.6231301775922314,0.22494432071269488,0.5,0.7152855874963269,0.2179869945144788,0.16081375101340337,0.7131165399475013,0.25167925412412134,0.17752764910904234
2021-09-11 14:40:00,0.8145048814504882,-0.019920318725099695,0.6705882352941175,0.5575790037493304,0.6267291358574028,0.20311804008908685,0.5,0.7152855874963269,0.2179869945144788,0.16081375101340337,0.7131165399475013,0.25167925412412134,0.17897611539448074
2021-09-11 14:50:00,0.8228730822873083,0.019920318725099362,0.6729709605361132,0.5572219246563115,0.6349871091858502,0.20968819599109131,0.5,0.7152855874963269,0.2179869945144788,0.16081375101340337,0.7131165399475013,0.25167925412412134,0.18125443215595152
2021-09-11 15:00:00,0.8647140864714087,-0.2270916334661356,0.6798212956068501,0.5590073201214067,0.6372119197497742,0.21570155902004456,0.5,0.7229642358156814,0.21371983896875532,0.16172110606771342,0.6940632301038411,0.24593012629265687,0.18729725244051482
2021-09-11 15:10:00,0.7719665271966527,-0.06772908366533881,0.6798212956068501,0.5661489019817889,0.6178691549645994,0.18819599109131402,0.5,0.7229642358156814,0.21371983896875532,0.16172110606771342,0.6940632301038411,0.24593012629265687,0.19633507853403143
2021-09-11 15:20:00,0.8131101813110182,-0.06772908366533881,0.6833953834698434,0.5682913765399038,0.6306160107837877,0.17160356347438754,0.5,0.7229642358156814,0.21371983896875532,0.16172110606771342,0.6940632301038411,0.24593012629265687,0.2890142885163783
2021-09-11 15:30:00,0.7998605299860531,0.09960159362549792,0.6833953834698434,0.5682913765399038,0.6217167685280915,0.10278396436525614,0.5,0.7229642358156814,0.21371983896875532,0.16172110606771342,0.6940632301038411,0.24593012629265687,0.5142583399972841
2021-09-11 15:40:00,0.7503486750348675,0.09163346613545809,0.6822040208488456,0.5761471165863239,0.6233264844066954,0.0935412026726058,0.5,0.7229642358156814,0.21371983896875532,0.16172110606771342,0.6940632301038411,0.24593012629265687,0.5403458213256485
2021-09-11 15:50:00,0.6255230125523014,-0.06772908366533881,0.6884586746090839,0.5925727548652027,0.6497232073916059,0.04977728285077951,0.5,0.7229642358156814,0.21371983896875532,0.16172110606771342,0.6940632301038411,0.24593012629265687,0.4648067957209892
2021-09-11 16:00:00,0.6764295676429567,-0.10756972111553798,0.696500372300819,0.6114979467952151,0.6346730182827081,0.066815144766147,0.5,0.7562928774810946,0.20104480656998155,0.1439733426567077,0.6801827376846465,0.2374844292781544,0.5113161428549874
2021-09-11 16:10:00,0.6443514644351465,0.33864541832669315,0.697989575577066,0.6232815568648455,0.6463336430618628,0.0489977728285078,0.5,0.7562928774810946,0.20104480656998155,0.1439733426567077,0.6801827376846465,0.2374844292781544,0.5850445856028487
2021-09-11 16:20:00,0.6520223152022315,-0.09960159362549814,0.6982874162323154,0.6336368505623997,0.6463598173037913,0.027728285077951005,0.5,0.7562928774810946,0.20104480656998155,0.1439733426567077,0.6801827376846465,0.2374844292781544,0.6873047965357515
2021-09-11 16:30:00,0.6408647140864714,-0.11553784860557781,0.6956068503350705,0.6432779860739153,0.6404444386279462,0.04097995545657016,0.5,0.7562928774810946,0.20104480656998155,0.1439733426567077,0.6801827376846465,0.2374844292781544,0.5833773405555471
2021-09-11 16:40:00,0.6276150627615062,0.2589641434262948,0.6917349218168278,0.6479200142831638,0.6347384538875293,0.027171492204899776,0.5,0.7562928774810946,0.20104480656998155,0.1439733426567077,0.6801827376846465,0.2374844292781544,0.5976507687433047
2021-09-11 16:50:00,0.6485355648535566,0.10756972111553775,0.69054355919583,0.6586323870737367,0.621232545052414,0.01670378619153675,0.5,0.7562928774810946,0.20104480656998155,0.1439733426567077,0.6801827376846465,0.2374844292781544,0.6869577681548652
2021-09-11 17:00:00,0.7517433751743374,-0.21115537848605592,0.6896500372300818,0.6661310480271379,0.6274881888733298,0.1022271714922049,0.5,0.7541675852663394,0.20212237110172948,0.15095674281474347,0.6692149051962851,0.2233406753414269,0.4537320639135749
2021-09-11 17:10:00,0.7782426778242678,-0.003984063745020028,0.681012658227848,0.6539903588644886,0.6076873748544058,0.14465478841870824,0.5,0.7541675852663394,0.20212237110172948,0.15095674281474347,0.6692149051962851,0.2233406753414269,0.3355839884122697
2021-09-11 17:20:00,0.7440725244072525,-0.11553784860557781,0.6726731198808635,0.6389930369576862,0.6131185300545733,0.15000000000000002,0.5,0.7541675852663394,0.20212237110172948,0.15095674281474347,0.6692149051962851,0.2233406753414269,0.28145510508924665
2021-09-11 17:30:00,0.7594142259414226,0.05976095617529875,0.6693968726731196,0.6289948223531512,0.6120192118935754,0.14855233853006683,0.5,0.7541675852663394,0.20212237110172948,0.15095674281474347,0.6692149051962851,0.2233406753414269,0.3136834799402508
2021-09-11 17:40:00,0.7587168758716877,-0.07569721115537853,0.665524944154877,0.6225673986788074,0.6100168823860439,0.13897550111358575,0.5,0.7541675852663394,0.20212237110172948,0.15095674281474347,0.6692149051962851,0.2233406753414269,0.34754137936237306
2021-09-11 17:50:00,0.8165969316596933,0.15537848605577675,0.6592702903946388,0.6111408677021961,0.6182355943515986,0.13351893095768375,0.5,0.7541675852663394,0.20212237110172948,0.15095674281474347,0.6692149051962851,0.2233406753414269,0.4176486563966384
2021-09-11 18:00:00,0.7831241283124128,-0.17928286852589637,0.6518242740134028,0.5990001785395467,0.6188245147949902,0.11792873051224945,0.5,0.5766699141458125,0.23948368854649477,0.268406531079542,0.7975829365951773,0.20359029934108644,0.4494847382953362
2021-09-11 18:10:00,0.698744769874477,-0.15537848605577698,0.6476545048399105,0.597214783074451,0.61608930651346,0.07048997772828508,0.5,0.5766699141458125,0.23948368854649477,0.268406531079542,0.7975829365951773,0.20359029934108644,0.6192268811201472
2021-09-11 18:20:00,0.7928870292887029,0.20318725099601576,0.6458674609084138,0.6000714158186038,0.6181832458677415,0.07227171492204901,0.5,0.5766699141458125,0.23948368854649477,0.268406531079542,0.7975829365951773,0.20359029934108644,0.7980445705146582
2021-09-11 18:30:00,0.8570432357043235,-0.1394422310756973,0.6396128071481755,0.597214783074451,0.6083417309026188,0.09175946547884188,0.5,0.5766699141458125,0.23948368854649477,0.268406531079542,0.7975829365951773,0.20359029934108644,0.7901081823256937
2021-09-11 18:40:00,0.8054393305439331,-0.02788844621513953,0.6321667907669395,0.5940010712372792,0.6117574694742904,0.09342984409799555,0.5,0.5766699141458125,0.23948368854649477,0.268406531079542,0.7975829365951773,0.20359029934108644,0.6806659927274922
2021-09-11 18:50:00,0.8403068340306835,-0.07569721115537853,0.6274013402829486,0.5943581503302982,0.6068236248707648,0.10612472160356347,0.5,0.5766699141458125,0.23948368854649477,0.268406531079542,0.7975829365951773,0.20359029934108644,0.6332890746412784
2021-09-11 19:00:00,0.7524407252440725,-0.03585657370517936,0.6205510052122112,0.590073201214069,0.6065618824514795,0.06369710467706013,0.5,0.5627618425980989,0.24263592399003506,0.27099062247600264,0.7711044811755634,0.18902710444743911,0.7496341113810221
2021-09-11 19:10:00,0.7315202231520224,0.003984063745019917,0.614296351451973,0.5940010712372792,0.6036696287183783,0.07160356347438752,0.5,0.5627618425980989,0.24263592399003506,0.27099062247600264,0.7711044811755634,0.18902710444743911,0.6916351072015933
2021-09-11 19:20:00,0.7831241283124128,0.03585657370517925,0.6056589724497392,0.5932869130512408,0.6012746855819189,0.09097995545657016,0.5,0.5627618425980989,0.24263592399003506,0.27099062247600264,0.7711044811755634,0.18902710444743911,0.6454954207341914
2021-09-11 19:30:00,0.7587168758716877,-0.14741035856573714,0.5958302308265075,0.5861453311908589,0.6066665794191937,0.08630289532293987,0.5,0.5627618425980989,0.24263592399003506,0.27099062247600264,0.7711044811755634,0.18902710444743911,0.6474040768290659
2021-09-11 19:40:00,0.8263598326359832,-0.19521912350597614,0.5860014892032761,0.580432065702553,0.6077266362172985,0.09855233853006681,0.5,0.5627618425980989,0.24263592399003506,0.27099062247600264,0.7711044811755634,0.18902710444743911,0.6723750320624048
2021-09-11 19:50:00,0.8298465829846583,-0.12350597609561753,0.5782576321667907,0.5632922692376363,0.6077266362172985,0.09131403118040089,0.5,0.5627618425980989,0.24263592399003506,0.27099062247600264,0.7711044811755634,0.18902710444743911,0.7599167131885873
2021-09-11 20:00:00,0.8249651324965133,0.05976095617529875,0.5723008190618017,0.5515086591680056,0.6077266362172985,0.07694877505567929,0.5,0.5438623811504348,0.254026499466965,0.3067013528657519,0.7201488442129753,0.15068585184521155,0.9008781326855471
2021-09-11 20:10:00,0.8228730822873083,-0.08366533864541836,0.5645569620253164,0.5468666309587575,0.6077266362172985,0.08752783964365257,0.5,0.5438623811504348,0.254026499466965,0.3067013528657519,0.7201488442129753,0.15068585184521155,0.7952306229913846
2021-09-11 20:20:00,0.8486750348675035,-0.2828685258964144,0.5559195830230825,0.5415104445634709,0.6077266362172985,0.07026726057906459,0.5,0.5438623811504348,0.254026499466965,0.3067013528657519,0.7201488442129753,0.15068585184521155,0.9413446595349819
2021-09-11 20:30:00,0.7754532775453277,-0.11553784860557781,0.5490692479523454,0.5415104445634709,0.6009605946787767,0.0566815144766147,0.5,0.5438623811504348,0.254026499466965,0.3067013528657519,0.7201488442129753,0.15068585184521155,0.8824856284985741
2021-09-11 20:40:00,0.794979079497908,0.05179282868525892,0.5443037974683544,0.5450812354936618,0.6064571854837654,0.07438752783964366,0.5,0.5438623811504348,0.254026499466965,0.3067013528657519,0.7201488442129753,0.15068585184521155,0.7545302291896133
2021-09-11 20:50:00,0.7747559274755927,0.03585657370517925,0.5380491437081161,0.5436529191215853,0.6027142688879873,0.07238307349665925,0.5,0.5438623811504348,0.254026499466965,0.3067013528657519,0.7201488442129753,0.15068585184521155,0.7828884831842118
2021-09-11 21:00:00,0.7559274755927475,-0.21912350597609564,0.5344750558451226,0.542581681842528,0.6045988143068407,0.06369710467706013,0.5,0.5132045548313118,0.2572333315134478,0.338270968049562,0.8144411556604659,0.12034583932745502,0.7819454712796294
2021-09-11 21:10:00,0.7705718270571827,0.1872509960159361,0.5350707371556216,0.5386538118193178,0.5975186818651765,0.06169265033407573,0.5,0.5132045548313118,0.2572333315134478,0.338270968049562,0.8144411556604659,0.12034583932745502,0.8631953769784391
2021-09-11 21:20:00,0.701534170153417,0.01195219123505975,0.5317944899478777,0.5315122299589359,0.5974794205022836,0.03585746102449889,0.5,0.5132045548313118,0.2572333315134478,0.338270968049562,0.8144411556604659,0.12034583932745502,0.8539991248849526
2021-09-11 21:30:00,0.6799163179916318,-0.17928286852589637,0.5267311988086372,0.5340117836100697,0.5974794205022836,0.017483296213808463,0.5,0.5132045548313118,0.2572333315134478,0.338270968049562,0.8144411556604659,0.12034583932745502,0.8553646061227876
2021-09-11 21:40:00,0.6827057182705718,-0.14741035856573714,0.5186895011169024,0.5368684163542226,0.5974794205022836,0.03942093541202673,0.5,0.5132045548313118,0.2572333315134478,0.338270968049562,0.8144411556604659,0.12034583932745502,0.7506601083332076
2021-09-11 21:50:00,0.6659693165969317,-0.15537848605577698,0.5157110945644079,0.5379396536332799,0.5974794205022836,0.03986636971046771,0.5,0.5132045548313118,0.2572333315134478,0.338270968049562,0.8144411556604659,0.12034583932745502,0.7256665208141587
2021-09-11 22:00:00,0.6115760111576011,-0.043824701195219196,0.5091586001489203,0.5397250490983752,0.5974794205022836,0.020155902004454343,0.5,0.4410182297981171,0.26191139833394245,0.36487682480768324,0.8143511995930981,0.11330834845038185,0.6555064351132369
2021-09-11 22:10:00,0.5892608089260809,0.11553784860557759,0.5058823529411764,0.5379396536332799,0.5974794205022836,0.01403118040089087,0.5,0.4410182297981171,0.26191139833394245,0.36487682480768324,0.8143511995930981,0.11330834845038185,0.6461593011150173
2021-09-11 22:20:00,0.5760111576011158,0.07569721115537842,0.5020104244229335,0.5365113372612034,0.5974794205022836,0.0006681514476614699,0.5,0.4410182297981171,0.26191139833394245,0.36487682480768324,0.8143511995930981,0.11330834845038185,0.6455633175913214
2021-09-11 22:30:00,0.5899581589958159,0.29083665338645415,0.496947133283693,0.5340117836100697,0.5974794205022836,0.00111358574610245,0.5,0.4410182297981171,0.26191139833394245,0.36487682480768324,0.8143511995930981,0.11330834845038185,0.6685878962536024
2021-09-11 22:40:00,0.6018131101813111,-0.1394422310756973,0.4960536113179448,0.5361542581681842,0.6082762952977974,0.00011135857461024499,0.5,0.4410182297981171,0.26191139833394245,0.36487682480768324,0.8143511995930981,0.11330834845038185,0.6887381746307166
2021-09-11 22:50:00,0.5822873082287308,-0.19521912350597614,0.4957557706626954,0.5500803427959293,0.6087474316525108,0.00011135857461024499,0.5,0.4410182297981171,0.26191139833394245,0.36487682480768324,0.8143511995930981,0.11330834845038185,0.6445825852105557
2021-09-11 23:00:00,0.5111576011157601,0.06772908366533859,0.4933730454206997,0.552579896447063,0.6087474316525108,0.00022271714922048998,0.5,0.3810380348626501,0.2654429364926558,0.37614565464430727,0.7219467450508771,0.12341774286148345,0.48036272009897857
2021-09-11 23:10:00,0.4609483960948396,0.394422310756972,0.49099032017870425,0.5493661846098912,0.6087474316525108,0.00022271714922048998,0.5,0.3810380348626501,0.2654429364926558,0.37614565464430727,0.7219467450508771,0.12341774286148345,0.3745266080238997
2021-09-11 23:20:00,0.5292887029288703,0.24302788844621515,0.48741623231571096,0.5307980717728977,0.6087474316525108,0.00011135857461024499,0.5,0.3810380348626501,0.2654429364926558,0.37614565464430727,0.7219467450508771,0.12341774286148345,0.527551035804276
2021-09-11 23:30:00,0.5153417015341701,0.19521912350597592,0.48711839166046156,0.5158007498660953,0.6087474316525108,0.00033407572383073496,0.5,0.3810380348626501,0.2654429364926558,0.37614565464430727,0.7219467450508771,0.12341774286148345,0.4780994915279811
2021-09-11 23:40:00,0.5251046025104603,0.027888446215139417,0.4808637379002232,0.507587930726656,0.6087474316525108,0.00022271714922048998,0.5,0.3810380348626501,0.2654429364926558,0.37614565464430727,0.7219467450508771,0.12341774286148345,0.5152239841875764
2021-09-11 23:50:00,0.4783821478382148,0.2111553784860556,0.4781831720029781,0.49973219068023567,0.6103309732891862,0.00022271714922048998,0.5,0.3810380348626501,0.2654429364926558,0.37614565464430727,0.7219467450508771,0.12341774286148345,0.40082532401889037
2021-09-12 00:00:00,0.5076708507670851,-0.3227091633466136,0.47580044676098265,0.5058025352615605,0.6200023556817735,0.00022271714922048998,0.5,0.3859155906682059,0.265106736358751,0.3587527171511157,0.6055490635673108,0.14429738663169223,0.45678742248442145
2021-09-12 00:10:00,0.43235704323570434,-0.01195219123505975,0.4731198808637376,0.4954472415640063,0.6217822041329129,0.00022271714922048998,0.5,0.3859155906682059,0.265106736358751,0.3587527171511157,0.6055490635673108,0.14429738663169223,0.3190096111773315
2021-09-12 00:20:00,0.41143654114365413,-0.14741035856573714,0.46329113924050613,0.49651847884306366,0.6347122796456007,0.00033407572383073496,0.5,0.3859155906682059,0.265106736358751,0.3587527171511157,0.6055490635673108,0.14429738663169223,0.2656125050922643
2021-09-12 00:30:00,0.5369595536959554,0.38645418326693215,0.4612062546537601,0.49223352972683454,0.618654382222455,0.00022271714922048998,0.5,0.3859155906682059,0.265106736358751,0.3587527171511157,0.6055490635673108,0.14429738663169223,0.5103580427599318
2021-09-12 00:40:00,0.3228730822873082,0.12350597609561742,0.4558451228592699,0.48080699875022326,0.6571436049783408,0.00022271714922048998,0.5,0.3859155906682059,0.265106736358751,0.3587527171511157,0.6055490635673108,0.14429738663169223,0.16736575282526367
2021-09-12 00:50:00,0.3117154811715481,0.19521912350597592,0.44482501861504087,0.4700946259596501,0.6613053094449752,0.00022271714922048998,0.5,0.3859155906682059,0.265106736358751,0.3587527171511157,0.6055490635673108,0.14429738663169223,0.15278301673280326
2021-09-12 01:00:00,0.29567642956764295,-0.019920318725099695,0.4379746835443037,0.44866988037850386,0.6682545706769968,0.00022271714922048998,0.5,0.3275559222913038,0.27885358627843554,0.38188526187814004,0.5557472600818917,0.15317270054978963,0.14396396940114972
2021-09-12 01:10:00,0.3361227336122734,0.07569721115537842,0.4302308265078181,0.4322442420996251,0.675190744788054,0.00033407572383073496,0.5,0.3275559222913038,0.27885358627843554,0.38188526187814004,0.5557472600818917,0.15317270054978963,0.18991505348763524
2021-09-12 01:20:00,0.39051603905160387,-0.2749003984063746,0.42010424422933723,0.4097482592394215,0.675190744788054,0.00022271714922048998,0.5,0.3275559222913038,0.27885358627843554,0.38188526187814004,0.5557472600818917,0.15317270054978963,0.2664423555682967
2021-09-12 01:30:00,0.401673640167364,0.09960159362549792,0.4129560685033504,0.397964649169791,0.675190744788054,0.00022271714922048998,0.5,0.3275559222913038,0.27885358627843554,0.38188526187814004,0.5557472600818917,0.15317270054978963,0.2831449824222581
2021-09-12 01:40:00,0.4707112970711297,0.08366533864541825,0.4034251675353684,0.3826102481699696,0.6656240593631807,0.00022271714922048998,0.5,0.3275559222913038,0.27885358627843554,0.38188526187814004,0.5557472600818917,0.15317270054978963,0.39914299078111565
2021-09-12 01:50:00,0.4302649930264993,0.06772908366533859,0.3968726731198806,0.36868416354222466,0.6640143434845768,0.00022271714922048998,0.5,0.3275559222913038,0.27885358627843554,0.38188526187814004,0.5557472600818917,0.15317270054978963,0.3266442355568297
2021-09-12 02:00:00,0.41492329149232915,0.10756972111553775,0.3912137006701413,0.3615425816818427,0.6640143434845768,0.00022271714922048998,0.5,0.32087873383667587,0.2733738114463222,0.3742407796938124,0.558970987189602,0.15630414397268025,0.30308402613274593
2021-09-12 02:10:00,0.3765690376569038,0.24302788844621515,0.38525688756515253,0.3522585252633459,0.6640143434845768,0.00033407572383073496,0.5,0.32087873383667587,0.2733738114463222,0.3742407796938124,0.558970987189602,0.15630414397268025,0.2347043469076754
2021-09-12 02:20:00,0.403068340306834,0.22709163346613526,0.3772151898734175,0.3411890733797538,0.6640143434845768,0.00022271714922048998,0.5,0.32087873383667587,0.2733738114463222,0.3742407796938124,0.558970987189602,0.15630414397268025,0.2755028139475233
2021-09-12 02:30:00,0.4463040446304045,-0.14741035856573714,0.3697691734921815,0.33369041242635245,0.6640143434845768,0.00022271714922048998,0.5,0.32087873383667587,0.2733738114463222,0.3742407796938124,0.558970987189602,0.15630414397268025,0.3471113659338836
2021-09-12 02:40:00,0.39191073919107394,-0.07569721115537853,0.3638123603871928,0.3265488305659703,0.6556124118255225,0.00022271714922048998,0.5,0.32087873383667587,0.2733738114463222,0.3742407796938124,0.558970987189602,0.15630414397268025,0.2582117476651025
2021-09-12 02:50:00,0.3842398884239888,-0.07569721115537853,0.35964259121370046,0.3201214068916265,0.6620512753399379,0.00022271714922048998,0.5,0.32087873383667587,0.2733738114463222,0.3742407796938124,0.558970987189602,0.15630414397268025,0.24033224195422243
2021-09-12 03:00:00,0.33403068340306835,-0.2270916334661356,0.35547282204020836,0.31476522049634004,0.6585046655586237,0.00033407572383073496,0.5,0.3274011306030271,0.2627246003672354,0.36181984354434316,0.5768341827823901,0.16134444116194066,0.18151093139399793
2021-09-12 03:10:00,0.3110181311018131,0.03585657370517925,0.3533879374534623,0.30333868951972875,0.656240593631807,0.00033407572383073496,0.5,0.3274011306030271,0.2627246003672354,0.36181984354434316,0.5768341827823901,0.16134444116194066,0.14723056263862275
2021-09-12 03:20:00,0.39121338912133896,-0.1872509960159363,0.35189873417721507,0.29548294947330844,0.6665139835887502,0.00022271714922048998,0.5,0.3274011306030271,0.2627246003672354,0.36181984354434316,0.5768341827823901,0.16134444116194066,0.249392700333449
2021-09-12 03:30:00,0.3842398884239888,0.1394422310756971,0.34713328369322394,0.28691305124084976,0.6665139835887502,0.00022271714922048998,0.5,0.3274011306030271,0.2627246003672354,0.36181984354434316,0.5768341827823901,0.16134444116194066,0.2719193687101106
2021-09-12 03:40:00,0.4588563458856346,-0.17928286852589637,0.3447505584512285,0.2787002321014105,0.6665139835887502,0.00022271714922048998,0.5,0.3274011306030271,0.2627246003672354,0.36181984354434316,0.5768341827823901,0.16134444116194066,0.3767219397377673
2021-09-12 03:50:00,0.4700139470013947,-0.26693227091633476,0.3447505584512285,0.2772719157293342,0.6665139835887502,0.00022271714922048998,0.5,0.3274011306030271,0.2627246003672354,0.36181984354434316,0.5768341827823901,0.16134444116194066,0.4044615779229597
2021-09-12 04:00:00,0.45676429567642957,-0.2270916334661356,0.34355919583023065,0.28048562756650597,0.6658203661776445,0.00022271714922048998,0.5,0.2972400651986191,0.25757240515276913,0.37514978333172916,0.5751743803293169,0.15852043909413585,0.38353425773646965
2021-09-12 04:10:00,0.5,0.1394422310756971,0.34058078927773616,0.27762899482235315,0.6612922223240109,0.00022271714922048998,0.5,0.2972400651986191,0.25757240515276913,0.37514978333172916,0.5751743803293169,0.15852043909413585,0.46021244172186426
2021-09-12 04:20:00,0.4881450488145049,-0.1394422310756973,0.3384959046909901,0.27584359935725766,0.6596432450825143,0.00022271714922048998,0.5,0.2972400651986191,0.25757240515276913,0.37514978333172916,0.5751743803293169,0.15852043909413585,0.4507747785808048
2021-09-12 04:30:00,0.4093444909344491,0.41035856573705165,0.33641102010424406,0.27584359935725766,0.6636348169766133,0.00022271714922048998,0.5,0.2972400651986191,0.25757240515276913,0.37514978333172916,0.5751743803293169,0.15852043909413585,0.2999079620381128
2021-09-12 04:40:00,0.4281729428172943,0.03585657370517925,0.3301563663440057,0.2737011247991432,0.6732015024014867,0.00022271714922048998,0.5,0.2972400651986191,0.25757240515276913,0.37514978333172916,0.5751743803293169,0.15852043909413585,0.34599483983885815
2021-09-12 04:50:00,0.5097629009762901,-0.1872509960159363,0.3268801191362618,0.26941617568291365,0.6665401578306789,0.00011135857461024499,0.5,0.2972400651986191,0.25757240515276913,0.37514978333172916,0.5751743803293169,0.15852043909413585,0.498543989619325
2021-09-12 05:00:00,0.47280334728033474,0.05976095617529875,0.3268801191362618,0.26477414747366557,0.6592898928164793,0.00022271714922048998,0.5,0.3053014735728463,0.2633797596025378,0.3647980732369318,0.5575722291073009,0.1605153750727999,0.40166271859015945
2021-09-12 05:10:00,0.500697350069735,-0.07569721115537853,0.32390171258376776,0.26298875200856986,0.6665139835887502,0.00022271714922048998,0.5,0.3053014735728463,0.2633797596025378,0.3647980732369318,0.5575722291073009,0.1605153750727999,0.4585527407697995
2021-09-12 05:20:00,0.5013947001394701,-0.02788844621513953,0.3179448994787788,0.26156043563649356,0.6697072411040296,0.00022271714922048998,0.5,0.3053014735728463,0.2633797596025378,0.3647980732369318,0.5575722291073009,0.1605153750727999,0.4652443532447154
2021-09-12 05:30:00,0.5132496513249651,0.003984063745019917,0.3149664929262843,0.25870380289234074,0.6603368624936201,0.00022271714922048998,0.5,0.3053014735728463,0.2633797596025378,0.3647980732369318,0.5575722291073009,0.1605153750727999,0.4704874994341929
2021-09-12 05:40:00,0.5111576011157601,-0.33864541832669326,0.31645569620253156,0.2590608819853597,0.6624831503317585,0.00022271714922048998,0.5,0.3053014735728463,0.2633797596025378,0.3647980732369318,0.5575722291073009,0.1605153750727999,0.4848891772409735
2021-09-12 05:50:00,0.5041841004184101,-0.26693227091633476,0.3149664929262843,0.26156043563649356,0.6529819005117065,0.00022271714922048998,0.5,0.3053014735728463,0.2633797596025378,0.3647980732369318,0.5575722291073009,0.1605153750727999,0.4532341536279554
2021-09-12 06:00:00,0.47419804741980476,0.1872509960159361,0.31734921816827977,0.2604891983574362,0.6538849118582403,0.00022271714922048998,0.5,0.26260851844575916,0.2672704859385005,0.41844285698524536,0.5605272000326347,0.18362150047027134,0.40639286630354426
2021-09-12 06:10:00,0.45327754532775455,0.07569721115537842,0.3149664929262843,0.25549009105516873,0.6552067110756304,0.00022271714922048998,0.5,0.26260851844575916,0.2672704859385005,0.41844285698524536,0.5605272000326347,0.18362150047027134,0.3712600147864267
2021-09-12 06:20:00,0.46164574616457466,-0.07569721115537853,0.3149664929262843,0.2540617746830922,0.6619596654931882,0.00022271714922048998,0.5,0.26260851844575916,0.2672704859385005,0.41844285698524536,0.5605272000326347,0.18362150047027134,0.3888528448783138
2021-09-12 06:30:00,0.4330543933054393,0.298804780876494,0.3143708116157853,0.2526334583110159,0.6596955935663714,0.00033407572383073496,0.5,0.26260851844575916,0.2672704859385005,0.41844285698524536,0.5605272000326347,0.18362150047027134,0.3404423857446776
2021-09-12 06:40:00,0.3521617852161785,0.2111553784860556,0.30781831720029773,0.24584895554365294,0.6699428092813862,0.00011135857461024499,0.5,0.26260851844575916,0.2672704859385005,0.41844285698524536,0.5605272000326347,0.18362150047027134,0.23204128128913498
2021-09-12 06:50:00,0.36750348675034866,-0.14741035856573714,0.3000744601638121,0.24192108552044278,0.6720890971195246,0.00011135857461024499,0.5,0.26260851844575916,0.2672704859385005,0.41844285698524536,0.5605272000326347,0.18362150047027134,0.24648067957209893
2021-09-12 07:00:00,0.43654114365411434,0.14741035856573692,0.2950111690245716,0.23085163363685046,0.6663569381371791,0.00022271714922048998,0.5,0.26063795121310185,0.2790346171197705,0.4118005868196755,0.5841931857865984,0.17551141990954314,0.379354828975361
2021-09-12 07:10:00,0.47629009762900976,0.17131474103585642,0.2881608339538346,0.22049633993929652,0.6663569381371791,0.00022271714922048998,0.5,0.26063795121310185,0.2790346171197705,0.4118005868196755,0.5841931857865984,0.17551141990954314,0.45642530591306185
2021-09-12 07:20:00,0.5104602510460251,0.10756972111553775,0.28518242740134014,0.2162113908230674,0.6663569381371791,0.00022271714922048998,0.5,0.26063795121310185,0.2790346171197705,0.4118005868196755,0.5841931857865984,0.17551141990954314,0.5017577741901414
2021-09-12 07:30:00,0.5334728033472803,0.11553784860557759,0.28696947133283657,0.21549723263702902,0.6663569381371791,0.00033407572383073496,0.5,0.26063795121310185,0.2790346171197705,0.4118005868196755,0.5841931857865984,0.17551141990954314,0.5429787105632422
2021-09-12 07:40:00,0.44072524407252445,0.1633466135458166,0.2881608339538346,0.22299589359043037,0.6663569381371791,0.00033407572383073496,0.5,0.26063795121310185,0.2790346171197705,0.4118005868196755,0.5841931857865984,0.17551141990954314,0.3682122003108167
2021-09-12 07:50:00,0.5125523012552301,-0.07569721115537853,0.29292628443782553,0.22835207998571683,0.6578241352684823,0.00022271714922048998,0.5,0.26063795121310185,0.2790346171197705,0.4118005868196755,0.5841931857865984,0.17551141990954314,0.47362584305264266
2021-09-12 08:00:00,0.45327754532775455,-0.08366533864541836,0.2991809381980639,0.23442242456704165,0.6521050634071011,0.00022271714922048998,0.5,0.2578449635000466,0.29195677098449196,0.4031114098851863,0.598408685449644,0.17865857254215853,0.36847624364409975
2021-09-12 08:10:00,0.4379358437935844,-0.2589641434262948,0.3030528667163066,0.2433494018925193,0.6512805747863527,0.00022271714922048998,0.5,0.2578449635000466,0.29195677098449196,0.4031114098851863,0.598408685449644,0.17865857254215853,0.3166860298444407
2021-09-12 08:20:00,0.3884239888423989,0.17131474103585642,0.3116902457185404,0.24549187645063397,0.662862676839722,0.00022271714922048998,0.5,0.2578449635000466,0.29195677098449196,0.4031114098851863,0.598408685449644,0.17865857254215853,0.2560541364274183
2021-09-12 08:30:00,0.37796373779637377,-0.3067729083665339,0.3185405807892776,0.24763435100874842,0.6684901388543534,0.00022271714922048998,0.5,0.2578449635000466,0.29195677098449196,0.4031114098851863,0.598408685449644,0.17865857254215853,0.24038505062087903
2021-09-12 08:40:00,0.3612273361227336,-0.21912350597609564,0.32449739389426635,0.2529905374040351,0.658164400413553,0.00022271714922048998,0.5,0.2578449635000466,0.29195677098449196,0.4031114098851863,0.598408685449644,0.17865857254215853,0.2111064170074083
2021-09-12 08:50:00,0.4790794979079498,-0.15537848605577698,0.33283693224125077,0.2529905374040351,0.653309078535813,0.00022271714922048998,0.5,0.2578449635000466,0.29195677098449196,0.4031114098851863,0.598408685449644,0.17865857254215853,0.42488344372859366
2021-09-12 09:00:00,0.695258019525802,0.11553784860557759,0.35100521221146663,0.2597750401713981,0.6460457264006491,0.01180400890868597,0.5,0.28541662844958493,0.30787886450560037,0.38314985231861237,0.5773606020723028,0.20552152929756315,0.9155966624922673
2021-09-12 09:10:00,0.7831241283124128,-0.0916334661354582,0.3679821295606849,0.2672737011247992,0.6460457264006491,0.026280623608017816,0.5,0.28541662844958493,0.30787886450560037,0.38314985231861237,0.5773606020723028,0.20552152929756315,0.9195489385458001
2021-09-12 09:20:00,0.8256624825662483,-0.09960159362549814,0.38376768428890506,0.2833422603106588,0.6460064650377564,0.04142538975501114,0.5,0.28541662844958493,0.30787886450560037,0.38314985231861237,0.5773606020723028,0.20552152929756315,0.9235012145993331
2021-09-12 09:30:00,0.8905160390516039,0.10756972111553775,0.39776619508562905,0.30119621496161386,0.6460064650377564,0.06714922048997773,0.5,0.28541662844958493,0.30787886450560037,0.38314985231861237,0.5773606020723028,0.20552152929756315,0.9274534906528661
2021-09-12 09:40:00,0.8403068340306835,0.2111553784860556,0.40967982129560676,0.3154793786823784,0.6470141733520043,0.049220489977728286,0.5,0.28541662844958493,0.30787886450560037,0.38314985231861237,0.5773606020723028,0.20552152929756315,0.931405766706399
2021-09-12 09:50:00,0.8647140864714087,-0.33864541832669326,0.41384959046909886,0.33511872879842897,0.6558610671238434,0.05111358574610245,0.5,0.28541662844958493,0.30787886450560037,0.38314985231861237,0.5773606020723028,0.20552152929756315,0.9353580427599317
2021-09-12 10:00:00,0.8514644351464435,-0.2749003984063746,0.4192107222635888,0.3533297625424032,0.6526023740037429,0.048663697104677064,0.5,0.4630528483038119,0.30764898407215996,0.26790231812413506,0.6885467172163543,0.23624586504424883,0.9393103188134647
2021-09-12 10:10:00,0.8640167364016736,-0.06772908366533881,0.42874162323157106,0.3679700053561865,0.6573137375508762,0.04799554565701559,0.5,0.4630528483038119,0.30764898407215996,0.26790231812413506,0.6885467172163543,0.23624586504424883,0.9432625948669977
2021-09-12 10:20:00,0.8145048814504882,-0.17131474103585675,0.43291139240506316,0.3858239600071418,0.6627056313881509,0.044097995545657014,0.5,0.4630528483038119,0.30764898407215996,0.26790231812413506,0.6885467172163543,0.23624586504424883,0.9472148709205306
2021-09-12 10:30:00,0.898884239888424,-0.11553784860557781,0.441548771407297,0.40724870558828763,0.6648780934682179,0.08875278396436526,0.5,0.4630528483038119,0.30764898407215996,0.26790231812413506,0.6885467172163543,0.23624586504424883,0.951167071533111
2021-09-12 10:40:00,0.8682008368200836,-0.003984063745020028,0.4469099032017869,0.4158186038207463,0.6682938320398895,0.08329621380846326,0.5,0.4630528483038119,0.30764898407215996,0.26790231812413506,0.6885467172163543,0.23624586504424883,0.92823302201367
2021-09-12 10:50:00,0.8305439330543933,-0.07569721115537853,0.451079672375279,0.4193893947509373,0.6738427713287354,0.0789532293986637,0.5,0.4630528483038119,0.30764898407215996,0.26790231812413506,0.6885467172163543,0.23624586504424883,0.8731686708813012
2021-09-12 11:00:00,0.8521617852161786,0.2669322709163344,0.45941921072226344,0.4333154793786824,0.6625878472994725,0.08173719376391982,0.5,0.48453360540560175,0.2976261971741939,0.2874855891600302,0.8477249909947061,0.2734398932389947,0.8724746141195286
2021-09-12 11:10:00,0.8124128312412832,-0.15537848605577698,0.4618019359642589,0.44224245670416007,0.67437934328827,0.06870824053452115,0.5,0.48453360540560175,0.2976261971741939,0.2874855891600302,0.8477249909947061,0.2734398932389947,0.8979510237337236
2021-09-12 11:20:00,0.8765690376569037,-0.15537848605577698,0.4647803425167534,0.45366898768077135,0.6684901388543534,0.07750556792873052,0.5,0.48453360540560175,0.2976261971741939,0.2874855891600302,0.8477249909947061,0.2734398932389947,0.9397754877257571
2021-09-12 11:30:00,0.809623430962343,-0.2828685258964144,0.46716306775874883,0.45545438314586684,0.6686602714268889,0.061915367483296214,0.5,0.48453360540560175,0.2976261971741939,0.2874855891600302,0.8477249909947061,0.2734398932389947,0.934811473060036
2021-09-12 11:40:00,0.789400278940028,-0.043824701195219196,0.4778853313477287,0.47116586323870724,0.670086767611993,0.07015590200445435,0.5,0.48453360540560175,0.2976261971741939,0.2874855891600302,0.8477249909947061,0.2734398932389947,0.8120992199405526
2021-09-12 11:50:00,0.7677824267782427,0.17928286852589648,0.4844378257632167,0.4690233886805928,0.6697726767088508,0.05723830734966592,0.5,0.48453360540560175,0.2976261971741939,0.2874855891600302,0.8477249909947061,0.2734398932389947,0.8695701374534153
2021-09-12 12:00:00,0.802649930264993,-0.02788844621513953,0.4927773641102009,0.48580610605249075,0.6702569001845283,0.05746102449888642,0.5,0.48536416403983296,0.280695503251371,0.2948645225695535,0.8690531677311555,0.2849828384830893,0.889841121354316
2021-09-12 12:10:00,0.7733612273361228,0.03585657370517925,0.4960536113179448,0.4961613997500447,0.6674169949352842,0.04587973273942094,0.5,0.48536416403983296,0.280695503251371,0.2948645225695535,0.8690531677311555,0.2849828384830893,0.9121037463976945
2021-09-12 12:20:00,0.7921896792189679,0.10756972111553775,0.5046909903201784,0.507230851633637,0.6793393621337243,0.06748329621380846,0.5,0.48536416403983296,0.280695503251371,0.2948645225695535,0.8690531677311555,0.2849828384830893,0.8531692744089202
2021-09-12 12:30:00,0.7266387726638772,-0.059760956175298974,0.5115413253909158,0.5179432244242099,0.6778866917066915,0.06325167037861915,0.5,0.48536416403983296,0.280695503251371,0.2948645225695535,0.8690531677311555,0.2849828384830893,0.7108876382455452
2021-09-12 12:40:00,0.8361227336122734,0.10756972111553775,0.5177959791511539,0.5268702017496876,0.6839329415921791,0.08396436525612472,0.5,0.48536416403983296,0.280695503251371,0.2948645225695535,0.8690531677311555,0.2849828384830893,0.8614602350740077
2021-09-12 12:50:00,0.8054393305439331,0.17131474103585642,0.5222635889798957,0.5158007498660953,0.6852678279305335,0.06726057906458797,0.5,0.48536416403983296,0.280695503251371,0.2948645225695535,0.8690531677311555,0.2849828384830893,0.8984263017336331
2021-09-12 13:00:00,0.7663877266387726,-0.06772908366533881,0.5270290394638866,0.5161578289591144,0.6827943620682886,0.06302895322939867,0.5,0.6039239909773222,0.2722042947411965,0.23448819151266045,0.8078324133805385,0.2853688258867989,0.7853855787075456
2021-09-12 13:10:00,0.7719665271966527,-0.10756972111553798,0.5314966492926283,0.5286555972147831,0.6851631309628194,0.08140311804008908,0.5,0.6039239909773222,0.2722042947411965,0.23448819151266045,0.8078324133805385,0.2853688258867989,0.698553042533609
2021-09-12 13:20:00,0.7998605299860531,0.003984063745019917,0.535368577810871,0.5297268344938404,0.6874141157686721,0.08073496659242763,0.5,0.6039239909773222,0.2722042947411965,0.23448819151266045,0.8078324133805385,0.2853688258867989,0.6718318572053653
2021-09-12 13:30:00,0.7838214783821479,-0.059760956175298974,0.5371556217423676,0.5372254954472415,0.6840899870437502,0.08775055679287305,0.5,0.6039239909773222,0.2722042947411965,0.23448819151266045,0.8078324133805385,0.2853688258867989,0.6368347994025076
2021-09-12 13:40:00,0.7845188284518828,0.17928286852589648,0.544899478778853,0.5372254954472415,0.6820745704152544,0.06325167037861915,0.5,0.6039239909773222,0.2722042947411965,0.23448819151266045,0.8078324133805385,0.2853688258867989,0.7827149689937686
2021-09-12 13:50:00,0.7377963737796374,-0.11553784860557781,0.5484735666418465,0.5407962863774327,0.6858567483739253,0.054788418708240534,0.5,0.6039239909773222,0.2722042947411965,0.23448819151266045,0.8078324133805385,0.2853688258867989,0.7850536385171326
2021-09-12 14:00:00,0.7280334728033473,0.07569721115537842,0.5547282204020847,0.552222817354044,0.6767350250618367,0.0477728285077951,0.5,0.6125065413746742,0.26314413215826027,0.22532916825025803,0.7371455684995784,0.28399629905646057,0.8062374579416691
2021-09-12 14:10:00,0.7587168758716877,-0.06772908366533881,0.5600893521965746,0.5618639528655596,0.6788944000209394,0.03407572383073497,0.5,0.6125065413746742,0.26314413215826027,0.22532916825025803,0.7371455684995784,0.28399629905646057,0.922823905728986
2021-09-12 14:20:00,0.7001394700139469,0.08366533864541825,0.5600893521965746,0.5640064274236742,0.6909345513080578,0.02795100222717149,0.5,0.6125065413746742,0.26314413215826027,0.22532916825025803,0.7371455684995784,0.28399629905646057,0.8194924332724777
2021-09-12 14:30:00,0.7217573221757322,-0.3067729083665339,0.5657483246463142,0.5718621674700946,0.6703223357893497,0.02305122494432071,0.5,0.6125065413746742,0.26314413215826027,0.22532916825025803,0.7371455684995784,0.28399629905646057,0.8525808349804609
2021-09-12 14:40:00,0.6576011157601116,0.22709163346613526,0.5672375279225612,0.5815033029816103,0.6715394380390258,0.00378619153674833,0.5,0.6125065413746742,0.26314413215826027,0.22532916825025803,0.7371455684995784,0.28399629905646057,0.8321061605081703
2021-09-12 14:50:00,0.6610878661087867,-0.08366533864541836,0.5651526433358152,0.5897161221210496,0.6847312559709989,0.004342984409799555,0.5,0.6125065413746742,0.26314413215826027,0.22532916825025803,0.7371455684995784,0.28399629905646057,0.8190171552725682
2021-09-12 15:00:00,0.6136680613668062,-0.0916334661354582,0.5669396872673118,0.5975718621674699,0.6699558964023504,0.0017817371937639199,0.5,0.6163906754100679,0.2412164123135451,0.2226240961798894,0.7193027689759343,0.2830783203519008,0.6908580653922175
2021-09-12 15:10:00,0.6004184100418409,-0.059760956175298974,0.5761727475800447,0.6093554722371006,0.6721937940872388,0.000779510022271715,0.5,0.6163906754100679,0.2412164123135451,0.2226240961798894,0.7193027689759343,0.2830783203519008,0.6698175837771776
2021-09-12 15:20:00,0.6652719665271966,0.15537848605577675,0.5800446760982871,0.6154258168184252,0.670034419128136,0.0022271714922049,0.5,0.6163906754100679,0.2412164123135451,0.2226240961798894,0.7193027689759343,0.2830783203519008,0.8321287927938802
2021-09-12 15:30:00,0.701534170153417,0.09960159362549792,0.5842144452717795,0.6122121049812534,0.679430971980474,0.007906458797327393,0.5,0.6163906754100679,0.2412164123135451,0.2226240961798894,0.7193027689759343,0.2830783203519008,0.876088235737888
2021-09-12 15:40:00,0.7280334728033473,-0.17131474103585675,0.5889798957557706,0.6114979467952151,0.6800329795448299,0.004120267260579065,0.5,0.6163906754100679,0.2412164123135451,0.2226240961798894,0.7193027689759343,0.2830783203519008,0.9357997495360382
2021-09-12 15:50:00,0.6562064156206415,0.03585657370517925,0.5898734177215188,0.6175682913765399,0.6717226577325254,0.0069042316258351895,0.5,0.6163906754100679,0.2412164123135451,0.2226240961798894,0.7193027689759343,0.2830783203519008,0.8201412254628303
2021-09-12 16:00:00,0.6827057182705718,-0.06772908366533881,0.5958302308265075,0.6264952687020175,0.6690397979348524,0.0069042316258351895,0.5,0.666037616281377,0.23421367960989392,0.2119909855448385,0.7176570159428299,0.28291605594719527,0.8504232237427766
2021-09-12 16:10:00,0.5836820083682008,0.027888446215139417,0.6026805658972447,0.6361364042135333,0.6623784533640444,0.0028953229398663697,0.5,0.666037616281377,0.23421367960989392,0.2119909855448385,0.7176570159428299,0.28291605594719527,0.5979827089337176
2021-09-12 16:20:00,0.7078103207810321,0.05976095617529875,0.6089352196574831,0.6472058560971254,0.6729790213450944,0.008463251670378619,0.5,0.666037616281377,0.23421367960989392,0.2119909855448385,0.7176570159428299,0.28291605594719527,0.8890188149735203
2021-09-12 16:30:00,0.6527196652719665,0.027888446215139417,0.6083395383469843,0.6432779860739153,0.6909214641870935,0.011024498886414253,0.5,0.666037616281377,0.23421367960989392,0.2119909855448385,0.7176570159428299,0.28291605594719527,0.7573140003319402
2021-09-12 16:40:00,0.698744769874477,0.08366533864541825,0.6113179448994788,0.6464916979110873,0.6824933582861106,0.010690423162583519,0.5,0.666037616281377,0.23421367960989392,0.2119909855448385,0.7176570159428299,0.28291605594719527,0.8615130437406642
2021-09-12 16:50:00,0.7412831241283124,-0.10756972111553798,0.6148920327624718,0.6468487770041065,0.6990878276687912,0.013140311804008908,0.5,0.666037616281377,0.23421367960989392,0.2119909855448385,0.7176570159428299,0.28291605594719527,0.9805664106703683
2021-09-12 17:00:00,0.6834030683403068,-0.17928286852589637,0.6154877140729709,0.6497054097482591,0.6912093808483071,0.008129175946547884,0.5,0.6656630277334274,0.22537477694414024,0.2152875186876463,0.6785632843701326,0.28590049902432907,0.8250071668904748
2021-09-12 17:10:00,0.7099023709902371,-0.06772908366533881,0.6125093075204764,0.6479200142831638,0.6901624111711665,0.013251670378619154,0.5,0.6656630277334274,0.22537477694414024,0.2152875186876463,0.6785632843701326,0.28590049902432907,0.9223938923004965
2021-09-12 17:20:00,0.6757322175732218,0.12350597609561742,0.6134028294862248,0.6529191215854313,0.6847050817290705,0.016815144766146994,0.5,0.6656630277334274,0.22537477694414024,0.2152875186876463,0.6785632843701326,0.28590049902432907,0.8002927108951823
2021-09-12 17:30:00,0.6652719665271966,-0.01195219123505975,0.6113179448994788,0.6561328334226031,0.6911439452434859,0.055233853006681516,0.5,0.6656630277334274,0.22537477694414024,0.2152875186876463,0.6785632843701326,0.28590049902432907,0.5812649938892829
2021-09-12 17:40:00,0.6352859135285913,-0.11553784860557781,0.6080416976917349,0.6532762006784503,0.6929237936946251,0.03908685968819599,0.5,0.6656630277334274,0.22537477694414024,0.2152875186876463,0.6785632843701326,0.28590049902432907,0.6327609879747123
2021-09-12 17:50:00,0.5934449093444909,0.003984063745019917,0.604169769173492,0.6461346188180683,0.6963918807501538,0.009354120267260579,0.5,0.6656630277334274,0.22537477694414024,0.2152875186876463,0.6785632843701326,0.28590049902432907,0.6282647072136639
2021-09-12 18:00:00,0.6687587168758717,-0.059760956175298974,0.6038719285182426,0.6468487770041065,0.7045713313528157,0.005679287305122495,0.5,0.5744143114104587,0.2417250227725313,0.3233137494282268,0.6183908391531349,0.2906147304947261,0.8224270863195378
2021-09-12 18:10:00,0.5495118549511855,-0.0916334661354582,0.6044676098287414,0.6443492233529726,0.7000955359830391,0.0008908685968819599,0.5,0.5744143114104587,0.2417250227725313,0.3233137494282268,0.6183908391531349,0.2906147304947261,0.5692321619868129
2021-09-12 18:20:00,0.6527196652719665,-0.15537848605577698,0.6002978406552493,0.6479200142831638,0.7078431115938805,0.0028953229398663697,0.5,0.5744143114104587,0.2417250227725313,0.3233137494282268,0.6183908391531349,0.2906147304947261,0.7911568115635892
2021-09-12 18:30:00,0.6338912133891214,-0.12350597609561753,0.5952345495160087,0.6404213533297625,0.6992448731203622,0.00111358574610245,0.5,0.5744143114104587,0.2417250227725313,0.3233137494282268,0.6183908391531349,0.2906147304947261,0.7457413582389064
2021-09-12 18:40:00,0.6213389121338913,0.019920318725099362,0.590766939687267,0.6382788787716478,0.6952271269843348,0.00033407572383073496,0.5,0.5744143114104587,0.2417250227725313,0.3233137494282268,0.6183908391531349,0.2906147304947261,0.7331955278603437
2021-09-12 18:50:00,0.6373779637377964,-0.1872509960159363,0.5889798957557706,0.6379217996786288,0.6966667102904033,0.000779510022271715,0.5,0.5744143114104587,0.2417250227725313,0.3233137494282268,0.6183908391531349,0.2906147304947261,0.765906724806494
2021-09-12 19:00:00,0.7029288702928871,0.09163346613545809,0.5889798957557706,0.6329226923763613,0.6881339074217063,0.002561247216035635,0.5,0.5693901687766385,0.25201217216895233,0.33065096099108787,0.5463236432806436,0.295023364567934,0.9269957903948579
2021-09-12 19:10:00,0.6311018131101813,-0.059760956175298974,0.5877885331347725,0.6322085341903232,0.6943633770006936,0.0006681514476614699,0.5,0.5693901687766385,0.25201217216895233,0.33065096099108787,0.5463236432806436,0.295023364567934,0.7345836413838889
2021-09-12 19:20:00,0.694560669456067,0.1872509960159361,0.5860014892032761,0.6314943760042848,0.6881339074217063,0.0008908685968819599,0.5,0.5693901687766385,0.25201217216895233,0.33065096099108787,0.5463236432806436,0.295023364567934,0.9254039862999232
2021-09-12 19:30:00,0.7140864714086471,0.298804780876494,0.5857036485480267,0.6222103195857882,0.6881339074217063,0.000556792873051225,0.5,0.5693901687766385,0.25201217216895233,0.33065096099108787,0.5463236432806436,0.295023364567934,0.9558444105798392
2021-09-12 19:40:00,0.6464435146443515,0.21912350597609564,0.5815338793745346,0.6211390823067309,0.6881339074217063,0.00044543429844097997,0.5,0.5693901687766385,0.25201217216895233,0.33065096099108787,0.5463236432806436,0.295023364567934,0.7944762134677188
2021-09-12 19:50:00,0.6269177126917713,0.03585657370517925,0.5776619508562917,0.6247098732369221,0.6881339074217063,0.00022271714922048998,0.5,0.5693901687766385,0.25201217216895233,0.33065096099108787,0.5463236432806436,0.295023364567934,0.7417278995730042
2021-09-12 20:00:00,0.5313807531380753,-0.1633466135458168,0.5761727475800447,0.6289948223531512,0.6867990210833518,0.00022271714922048998,0.5,0.5569397606515591,0.25452074239886036,0.3455922010328503,0.45752820807960237,0.3007576526508339,0.5547399550371924
2021-09-12 20:10:00,0.3647140864714087,-0.01195219123505975,0.5708116157855547,0.641849669701839,0.6769182447553362,0.00033407572383073496,0.5,0.5569397606515591,0.25452074239886036,0.3455922010328503,0.45752820807960237,0.3007576526508339,0.226941472909154
2021-09-12 20:20:00,0.29707112970711297,0.25099601593625476,0.568428890543559,0.6404213533297625,0.6769182447553362,0.00022271714922048998,0.5,0.5569397606515591,0.25452074239886036,0.3455922010328503,0.45752820807960237,0.3007576526508339,0.14048614149705027
2021-09-12 20:30:00,0.33403068340306835,0.06772908366533859,0.5651526433358152,0.6382788787716478,0.6769182447553362,0.00022271714922048998,0.5,0.5569397606515591,0.25452074239886036,0.3455922010328503,0.45752820807960237,0.3007576526508339,0.17494002444286857
2021-09-12 20:40:00,0.37517433751743373,0.33864541832669315,0.5639612807148173,0.625066952329941,0.6769182447553362,0.00022271714922048998,0.5,0.5569397606515591,0.25452074239886036,0.3455922010328503,0.45752820807960237,0.3007576526508339,0.23272024986043427
2021-09-12 20:50:00,0.3326359832635983,-0.05179282868525903,0.5618763961280713,0.6089983931440812,0.6769182447553362,0.00033407572383073496,0.5,0.5569397606515591,0.25452074239886036,0.3455922010328503,0.45752820807960237,0.3007576526508339,0.19334007272507805
2021-09-12 21:00:00,0.42747559274755925,-0.02788844621513953,0.5574087862993298,0.5982860203535083,0.6638834722749342,0.00022271714922048998,0.5,0.5389603775302902,0.26501478418537733,0.38374879542434354,0.537580880899236,0.3100092228988701,0.32681020565203617
2021-09-12 21:10:00,0.48535564853556484,-0.42629482071713154,0.5544303797468353,0.5890019639350117,0.6494876392142492,0.00022271714922048998,0.5,0.5389603775302902,0.26501478418537733,0.38374879542434354,0.537580880899236,0.3100092228988701,0.41306939058798675
2021-09-12 21:20:00,0.5913528591352859,-0.2589641434262948,0.552941176470588,0.5761471165863239,0.6406145712004816,0.00022271714922048998,0.5,0.5389603775302902,0.26501478418537733,0.38374879542434354,0.537580880899236,0.3100092228988701,0.6569322691129653
2021-09-12 21:30:00,0.6617852161785216,-0.23505976095617542,0.552941176470588,0.5647205856097126,0.6406145712004816,0.00022271714922048998,0.5,0.5389603775302902,0.26501478418537733,0.38374879542434354,0.537580880899236,0.3100092228988701,0.8072483667033813
2021-09-12 21:40:00,0.6255230125523014,-0.3705179282868527,0.5526433358153384,0.5593643992144262,0.6406145712004816,0.00022271714922048998,0.5,0.5389603775302902,0.26501478418537733,0.38374879542434354,0.537580880899236,0.3100092228988701,0.7199405525295351
2021-09-12 21:50:00,0.6136680613668062,-0.2509960159362551,0.5484735666418465,0.5472237100517765,0.6405753098375888,0.00033407572383073496,0.5,0.5389603775302902,0.26501478418537733,0.38374879542434354,0.537580880899236,0.3100092228988701,0.7154895363399068
2021-09-12 22:00:00,0.5669456066945607,-0.059760956175298974,0.5469843633655993,0.5468666309587575,0.6405229613537319,0.00022271714922048998,0.5,0.44904708555701145,0.284068998612098,0.45946443605695836,0.5668368180467396,0.30851511461013464,0.6177708707394722
2021-09-12 22:10:00,0.5369595536959554,-0.07569721115537853,0.5457930007446015,0.5468666309587575,0.6405229613537319,0.000556792873051225,0.5,0.44904708555701145,0.284068998612098,0.45946443605695836,0.5668368180467396,0.30851511461013464,0.5584441057983917
2021-09-12 22:20:00,0.5209205020920502,0.1633466135458166,0.5443037974683544,0.5468666309587575,0.6405229613537319,0.00044543429844097997,0.5,0.44904708555701145,0.284068998612098,0.45946443605695836,0.5668368180467396,0.30851511461013464,0.5276189326614059
2021-09-12 22:30:00,0.5383542538354253,-0.043824701195219196,0.54132539091586,0.5468666309587575,0.6405229613537319,0.00033407572383073496,0.5,0.44904708555701145,0.284068998612098,0.45946443605695836,0.5668368180467396,0.30851511461013464,0.5537139580850069
2021-09-12 22:40:00,0.5704323570432357,-0.38645418326693237,0.5407297096053609,0.5468666309587575,0.6405229613537319,0.00022271714922048998,0.5,0.44904708555701145,0.284068998612098,0.45946443605695836,0.5668368180467396,0.30851511461013464,0.6078579295985033
2021-09-12 22:50:00,0.5683403068340307,-0.14741035856573714,0.5380491437081161,0.5457953936797,0.6405229613537319,0.00033407572383073496,0.5,0.44904708555701145,0.284068998612098,0.45946443605695836,0.5668368180467396,0.30851511461013464,0.5950254236009476
2021-09-12 23:00:00,0.5655509065550907,-0.2828685258964144,0.5371556217423676,0.5397250490983752,0.6405229613537319,0.00022271714922048998,0.5,0.3977064414488183,0.30102555408368187,0.5448268270713154,0.5567087051054336,0.2811837450328672,0.5876623866499691
2021-09-12 23:10:00,0.5578800557880056,-0.02788844621513953,0.5350707371556216,0.5479378682378149,0.6361780371935978,0.00033407572383073496,0.5,0.3977064414488183,0.30102555408368187,0.5448268270713154,0.5567087051054336,0.2811837450328672,0.613493368740287
2021-09-12 23:20:00,0.4923291492329149,0.019920318725099362,0.5303052866716305,0.5572219246563115,0.6405229613537319,0.00022271714922048998,0.5,0.3977064414488183,0.30102555408368187,0.5448268270713154,0.5567087051054336,0.2811837450328672,0.442823302201367
2021-09-12 23:30:00,0.4909344490934449,0.3705179282868525,0.5267311988086372,0.5529369755400819,0.6405229613537319,0.00022271714922048998,0.5,0.3977064414488183,0.30102555408368187,0.5448268270713154,0.5567087051054336,0.2811837450328672,0.46029542676946755
2021-09-12 23:40:00,0.5055788005578801,0.12350597609561742,0.5225614296351451,0.5372254954472415,0.6491081127062858,0.00033407572383073496,0.5,0.3977064414488183,0.30102555408368187,0.5448268270713154,0.5567087051054336,0.2811837450328672,0.45598020429409897
2021-09-12 23:50:00,0.44421199442119946,-0.10756972111553798,0.5192851824274012,0.5350830208891268,0.651804059624923,0.00022271714922048998,0.5,0.3977064414488183,0.30102555408368187,0.5448268270713154,0.5567087051054336,0.2811837450328672,0.3339242874602049
2021-09-13 00:00:00,0.40794979079497906,0.1394422310756971,0.5148175725986597,0.5229423317264774,0.651804059624923,0.00022271714922048998,0.5,0.3949134537357626,0.30581568761547817,0.5550931912609344,0.5647446116951668,0.26081746847760295,0.2873394993738401
2021-09-13 00:10:00,0.4281729428172943,0.05976095617529875,0.5118391660461652,0.5136582753079808,0.651804059624923,0.00022271714922048998,0.5,0.3949134537357626,0.30581568761547817,0.5550931912609344,0.5647446116951668,0.26081746847760295,0.3282963924136579
2021-09-13 00:20:00,0.4546722454672245,0.05179282868525892,0.5070737155621738,0.5033029816104269,0.651804059624923,0.00022271714922048998,0.5,0.3949134537357626,0.30581568761547817,0.5550931912609344,0.5647446116951668,0.26081746847760295,0.3687553751678561
2021-09-13 00:30:00,0.4707112970711297,-0.21912350597609564,0.5032017870439314,0.4918764506338156,0.6498802528431771,0.00022271714922048998,0.5,0.3949134537357626,0.30581568761547817,0.5550931912609344,0.5647446116951668,0.26081746847760295,0.39697783544819476
2021-09-13 00:40:00,0.47419804741980476,0.2111553784860556,0.5005212211466863,0.4933047670058919,0.6405229613537319,0.00022271714922048998,0.5,0.3949134537357626,0.30581568761547817,0.5550931912609344,0.5647446116951668,0.26081746847760295,0.40695112935105693
2021-09-13 00:50:00,0.5244072524407252,0.4262948207171313,0.49635145197319397,0.47616497054097473,0.6420018060226932,0.00022271714922048998,0.5,0.3949134537357626,0.30581568761547817,0.5550931912609344,0.5647446116951668,0.26081746847760295,0.5163103339016551
2021-09-13 01:00:00,0.5062761506276151,0.17131474103585642,0.4927773641102009,0.47116586323870724,0.6545392679064532,0.00033407572383073496,0.5,0.36039594119583485,0.30821219113408455,0.5677248924838156,0.5675005401301315,0.2473255914479462,0.45268343467567934
2021-09-13 01:10:00,0.5202231520223152,-0.02788844621513953,0.4877140729709606,0.47116586323870724,0.6522490217377079,0.00044543429844097997,0.5,0.36039594119583485,0.30821219113408455,0.5677248924838156,0.5675005401301315,0.2473255914479462,0.5091887079982498
2021-09-13 01:20:00,0.5271966527196652,0.10756972111553775,0.4850335070737155,0.46009641135511514,0.6531389459632776,0.0008908685968819599,0.5,0.36039594119583485,0.30821219113408455,0.5677248924838156,0.5675005401301315,0.2473255914479462,0.5356081295170271
2021-09-13 01:30:00,0.49302649930264997,-0.1394422310756973,0.47937453462397617,0.4622388859132296,0.6560835481802358,0.007683741648106904,0.5,0.36039594119583485,0.30821219113408455,0.5677248924838156,0.5675005401301315,0.2473255914479462,0.443751225915476
2021-09-13 01:40:00,0.5013947001394701,0.08366533864541825,0.47550260610573325,0.4633101231922869,0.6443836620381882,0.0044543429844098,0.5,0.36039594119583485,0.30821219113408455,0.5677248924838156,0.5675005401301315,0.2473255914479462,0.4619324954358224
2021-09-13 01:50:00,0.5746164574616458,0.2589641434262948,0.47103499627699175,0.452597750401714,0.6551936239546662,0.002561247216035635,0.5,0.36039594119583485,0.30821219113408455,0.5677248924838156,0.5675005401301315,0.2473255914479462,0.638064486926083
2021-09-13 02:00:00,0.601115760111576,-0.03585657370517936,0.4692479523454949,0.4483128012854847,0.662915025323579,0.0010022271714922048,0.5,0.36642164375365005,0.30986445674943136,0.5554872027429388,0.5729214464435061,0.23252167112976954,0.6896585542495889
2021-09-13 02:10:00,0.5474198047419805,-0.3227091633466136,0.46418466120625435,0.4465274058203892,0.6576932640588397,0.00044543429844097997,0.5,0.36642164375365005,0.30986445674943136,0.5554872027429388,0.5729214464435061,0.23252167112976954,0.5675498287490381
2021-09-13 02:20:00,0.4916317991631799,0.027888446215139417,0.458525688756515,0.45474022495982847,0.6410595333132665,0.00022271714922048998,0.5,0.36642164375365005,0.30986445674943136,0.5554872027429388,0.5729214464435061,0.23252167112976954,0.45063144077130834
2021-09-13 02:30:00,0.5355648535564853,0.07569721115537842,0.4540580789277735,0.44866988037850386,0.6450641923283297,0.00022271714922048998,0.5,0.36642164375365005,0.30986445674943136,0.5554872027429388,0.5729214464435061,0.23252167112976954,0.5395310590400894
2021-09-13 02:40:00,0.4707112970711297,-0.17131474103585675,0.44839910647803394,0.4461703267273702,0.6419363704178718,0.00033407572383073496,0.5,0.36642164375365005,0.30986445674943136,0.5554872027429388,0.5729214464435061,0.23252167112976954,0.39923351992395556
2021-09-13 02:50:00,0.4560669456066946,0.09960159362549792,0.44393149664929243,0.439385823960007,0.6419232832969075,0.00033407572383073496,0.5,0.36642164375365005,0.30986445674943136,0.5554872027429388,0.5729214464435061,0.23252167112976954,0.37904552107065803
2021-09-13 03:00:00,0.4951185495118549,-0.1394422310756973,0.4388682055100521,0.43117300482056775,0.6525107641569932,0.00033407572383073496,0.5,0.3651513579877146,0.2992152456703445,0.5589063651432613,0.5773698508217417,0.2181957246496266,0.4414653650587685
2021-09-13 03:10:00,0.5160390516039052,0.17928286852589648,0.43559195830230824,0.42188894840207114,0.6421195901113713,0.00033407572383073496,0.5,0.3651513579877146,0.2992152456703445,0.5589063651432613,0.5773698508217417,0.2181957246496266,0.49849118095266837
2021-09-13 03:20:00,0.4693165969316597,0.3227091633466135,0.4308265078183171,0.4108194965184788,0.6442397037075813,0.00033407572383073496,0.5,0.3651513579877146,0.2992152456703445,0.5589063651432613,0.5773698508217417,0.2181957246496266,0.3942619611629977
2021-09-13 03:30:00,0.43096234309623427,-0.19521912350597614,0.4266567386448248,0.40867702196036415,0.6480742301501093,0.00033407572383073496,0.5,0.3651513579877146,0.2992152456703445,0.5589063651432613,0.5773698508217417,0.2181957246496266,0.3132082019403413
2021-09-13 03:40:00,0.3772663877266388,0.03585657370517925,0.42516753536857754,0.40724870558828763,0.6419625446598003,0.00033407572383073496,0.5,0.3651513579877146,0.2992152456703445,0.5589063651432613,0.5773698508217417,0.2181957246496266,0.23785023462136184
2021-09-13 03:50:00,0.39121338912133896,-0.3944223107569722,0.4233804914370811,0.4036779146580969,0.6368585674837393,0.00033407572383073496,0.5,0.3651513579877146,0.2992152456703445,0.5589063651432613,0.5773698508217417,0.2181957246496266,0.23889131976402073
2021-09-13 04:00:00,0.37447698744769875,-0.19521912350597614,0.42189128816083366,0.39939296554186754,0.6221355563989478,0.00033407572383073496,0.5,0.32315875103352876,0.29798251184602675,0.5856460108017735,0.5879350327199157,0.21564066506369572,0.22754500052808668
2021-09-13 04:10:00,0.405160390516039,0.027888446215139417,0.42040208488458664,0.38939475093733256,0.619518132206096,0.00033407572383073496,0.5,0.32315875103352876,0.29798251184602675,0.5856460108017735,0.5879350327199157,0.21564066506369572,0.2583324531888891
2021-09-13 04:20:00,0.4093444909344491,0.05179282868525892,0.4174236783320924,0.3790394572397786,0.629922393372682,0.00033407572383073496,0.5,0.32315875103352876,0.29798251184602675,0.5856460108017735,0.5879350327199157,0.21564066506369572,0.2834542903269611
2021-09-13 04:30:00,0.45258019525801957,0.05976095617529875,0.4156366344005955,0.369755400821282,0.6340448364764235,0.00033407572383073496,0.5,0.32315875103352876,0.29798251184602675,0.5856460108017735,0.5879350327199157,0.21564066506369572,0.35881980174117717
2021-09-13 04:40:00,0.5111576011157601,-0.24302788844621515,0.4129560685033504,0.363327977146938,0.6419625446598003,0.0010022271714922048,0.5,0.32315875103352876,0.29798251184602675,0.5856460108017735,0.5879350327199157,0.21564066506369572,0.4387117702973882
2021-09-13 04:50:00,0.4714086471408647,-0.23505976095617542,0.4129560685033504,0.362970898053919,0.6419625446598003,0.00044543429844097997,0.5,0.32315875103352876,0.29798251184602675,0.5856460108017735,0.5879350327199157,0.21564066506369572,0.38939601973535315
2021-09-13 05:00:00,0.4804741980474198,-0.2828685258964144,0.4129560685033504,0.3618996607748617,0.6398031697006975,0.000556792873051225,0.5,0.32407879600683476,0.29223837451545426,0.585108572545985,0.5894401830636022,0.23092073610240157,0.3966987039244384
2021-09-13 05:10:00,0.4588563458856346,-0.3227091633466136,0.4129560685033504,0.36439921442599554,0.6289539464213268,0.00044543429844097997,0.5,0.32407879600683476,0.29223837451545426,0.585108572545985,0.5894401830636022,0.23092073610240157,0.3533654208850732
2021-09-13 05:20:00,0.45188284518828453,0.11553784860557759,0.4129560685033504,0.3611855025888233,0.6195966549318815,0.00033407572383073496,0.5,0.32407879600683476,0.29223837451545426,0.585108572545985,0.5894401830636022,0.23092073610240157,0.34933687402869773
2021-09-13 05:30:00,0.3075313807531381,0.49800796812749004,0.4108711839166044,0.35582931619353686,0.6306683592676446,0.00044543429844097997,0.5,0.32407879600683476,0.29223837451545426,0.585108572545985,0.5894401830636022,0.23092073610240157,0.157181224255775
2021-09-13 05:40:00,0.3898186889818689,0.06772908366533859,0.4087862993298583,0.3551151580074987,0.6349478478229573,0.00033407572383073496,0.5,0.32407879600683476,0.29223837451545426,0.585108572545985,0.5894401830636022,0.23092073610240157,0.23148301824162226
2021-09-13 05:50:00,0.43096234309623427,-0.05179282868525903,0.41325390915860005,0.3569005534725942,0.6241247987855152,0.00033407572383073496,0.5,0.32407879600683476,0.29223837451545426,0.585108572545985,0.5894401830636022,0.23092073610240157,0.31065075365511413
2021-09-13 06:00:00,0.5648535564853556,0.24302788844621515,0.41682799702159334,0.35011605070523144,0.6292156888406119,0.000556792873051225,0.5,0.3372458286124813,0.31219774314884574,0.5811006121698189,0.5817483154877001,0.22029837739060354,0.5989860736001932
2021-09-13 06:10:00,0.5592747559274756,-0.06772908366533881,0.42457185405807873,0.3490448134261739,0.6332596092185679,0.00022271714922048998,0.5,0.3372458286124813,0.31219774314884574,0.5811006121698189,0.5817483154877001,0.22029837739060354,0.5870814913167465
2021-09-13 06:20:00,0.401673640167364,-0.21912350597609564,0.42486969471332836,0.36404213533297636,0.624870764680478,0.00022271714922048998,0.5,0.3372458286124813,0.31219774314884574,0.5811006121698189,0.5817483154877001,0.22029837739060354,0.267626778520452
2021-09-13 06:30:00,0.37517433751743373,-0.059760956175298974,0.42189128816083366,0.3740403499375111,0.6154218633442828,0.00022271714922048998,0.5,0.3372458286124813,0.31219774314884574,0.5811006121698189,0.5817483154877001,0.22029837739060354,0.225153522338066
2021-09-13 06:40:00,0.40027894002789405,-0.14741035856573714,0.42189128816083366,0.36868416354222466,0.6218999882215912,0.00022271714922048998,0.5,0.3372458286124813,0.31219774314884574,0.5811006121698189,0.5817483154877001,0.22029837739060354,0.27016159451996924
2021-09-13 06:50:00,0.3898186889818689,-0.38645418326693237,0.42457185405807873,0.3683270844492055,0.6219654238264124,0.00033407572383073496,0.5,0.3372458286124813,0.31219774314884574,0.5811006121698189,0.5817483154877001,0.22029837739060354,0.25523937414185915
2021-09-13 07:00:00,0.4707112970711297,0.1394422310756971,0.42516753536857754,0.36404213533297636,0.6219654238264124,0.00033407572383073496,0.5,0.336455960747416,0.31662294149255554,0.5866686398944299,0.5374398894549542,0.22307037601108853,0.3856616925932073
2021-09-13 07:10:00,0.46582984658298465,-0.0916334661354582,0.42516753536857754,0.35797179075165153,0.6304066168483595,0.00033407572383073496,0.5,0.336455960747416,0.31662294149255554,0.5866686398944299,0.5374398894549542,0.22307037601108853,0.3879249211642048
2021-09-13 07:20:00,0.5097629009762901,-0.3227091633466136,0.42516753536857754,0.3618996607748617,0.6303673554854667,0.00033407572383073496,0.5,0.336455960747416,0.31662294149255554,0.5866686398944299,0.5374398894549542,0.22307037601108853,0.450948292771248
2021-09-13 07:30:00,0.5181311018131102,0.3306772908366533,0.4269545793000742,0.36225673986788065,0.6218738139796627,0.00022271714922048998,0.5,0.336455960747416,0.31662294149255554,0.5866686398944299,0.5374398894549542,0.22307037601108853,0.5159331291398223
2021-09-13 07:40:00,0.4679218967921897,0.15537848605577675,0.4269545793000742,0.3611855025888233,0.6259700828414758,0.00022271714922048998,0.5,0.336455960747416,0.31662294149255554,0.5866686398944299,0.5374398894549542,0.22307037601108853,0.39595938259124586
2021-09-13 07:50:00,0.4393305439330544,-0.47410358565737054,0.42516753536857754,0.3711837171933583,0.6331418251298896,0.00022271714922048998,0.5,0.336455960747416,0.31662294149255554,0.5866686398944299,0.5374398894549542,0.22307037601108853,0.34576851698175837
2021-09-13 08:00:00,0.45676429567642957,-0.11553784860557781,0.42516753536857754,0.3740403499375111,0.6331418251298896,0.00022271714922048998,0.5,0.3276128560150462,0.3237262468858382,0.6046158819218477,0.5213617567487452,0.22279581551523686,0.3701359445961646
2021-09-13 08:10:00,0.4211994421199442,0.17928286852589648,0.42516753536857754,0.3683270844492055,0.6387169386606639,0.00022271714922048998,0.5,0.3276128560150462,0.3237262468858382,0.6046158819218477,0.5213617567487452,0.22279581551523686,0.3127404680356685
2021-09-13 08:20:00,0.3891213389121339,0.09960159362549792,0.4230826507818317,0.37046955900732037,0.6789860098676893,0.00033407572383073496,0.5,0.3276128560150462,0.3237262468858382,0.6046158819218477,0.5213617567487452,0.22279581551523686,0.23221479547957813
2021-09-13 08:30:00,0.35146443514644354,0.01195219123505975,0.4162323157110943,0.37046955900732037,0.6770098546020862,0.00022271714922048998,0.5,0.3276128560150462,0.3237262468858382,0.6046158819218477,0.5213617567487452,0.22279581551523686,0.19810794091464612
2021-09-13 08:40:00,0.39609483960948394,-0.21912350597609564,0.40967982129560676,0.3647562935190145,0.6868644566881732,0.00022271714922048998,0.5,0.3276128560150462,0.3237262468858382,0.6046158819218477,0.5213617567487452,0.22279581551523686,0.26113131252168925
2021-09-13 08:50:00,0.3723849372384937,0.17131474103585642,0.4069992553983617,0.3522585252633459,0.6658858017824659,0.00022271714922048998,0.5,0.3276128560150462,0.3237262468858382,0.6046158819218477,0.5213617567487452,0.22279581551523686,0.21911824614873937
2021-09-13 09:00:00,0.398884239888424,-0.09960159362549814,0.4069992553983617,0.3511872879842888,0.666500896467786,0.00022271714922048998,0.5,0.31308601795129976,0.356317545336731,0.6249545846919882,0.4657889144296474,0.22268871340555618,0.2587247461411953
2021-09-13 09:10:00,0.299860529986053,-0.019920318725099695,0.4069992553983617,0.3376182824495626,0.6667102904032143,0.00033407572383073496,0.5,0.31308601795129976,0.356317545336731,0.6249545846919882,0.4657889144296474,0.22268871340555618,0.14846779425743473
2021-09-13 09:20:00,0.3821478382147839,0.298804780876494,0.40610573343261325,0.3361899660774863,0.6824671840441822,0.00022271714922048998,0.5,0.31308601795129976,0.356317545336731,0.6249545846919882,0.4657889144296474,0.22268871340555618,0.27341309956696896
2021-09-13 09:30:00,0.44490934449093444,0.20318725099601576,0.4040208488458674,0.32869130512408495,0.6934472785331954,0.00022271714922048998,0.5,0.31308601795129976,0.356317545336731,0.6249545846919882,0.4657889144296474,0.22268871340555618,0.3369796460310515
2021-09-13 09:40:00,0.3319386331938633,-0.019920318725099695,0.3953834698436334,0.32726298875200865,0.711101804713981,0.00033407572383073496,0.5,0.31308601795129976,0.356317545336731,0.6249545846919882,0.4657889144296474,0.22268871340555618,0.16921405615824495
2021-09-13 09:50:00,0.3096234309623431,0.03585657370517925,0.3810871183916602,0.3119085877521872,0.7089686039968067,0.00022271714922048998,0.5,0.31308601795129976,0.356317545336731,0.6249545846919882,0.4657889144296474,0.22268871340555618,0.1547444814943344
2021-09-13 10:00:00,0.3284518828451883,-0.01195219123505975,0.3763216679076691,0.30476700589180505,0.7089686039968067,0.00033407572383073496,0.5,0.3750286419655908,0.3685414373848818,0.6131768497773842,0.4627569067555657,0.23806134329469028,0.17440439368106583
2021-09-13 10:10:00,0.3507670850767085,-0.23505976095617542,0.3718540580789278,0.3001249776825565,0.7089686039968067,0.00022271714922048998,0.5,0.3750286419655908,0.3685414373848818,0.6131768497773842,0.4627569067555657,0.23806134329469028,0.21381474719736865
2021-09-13 10:20:00,0.3319386331938633,-0.2270916334661356,0.37155621742367817,0.29691126584538474,0.7042834146916019,0.00044543429844097997,0.5,0.3750286419655908,0.3685414373848818,0.6131768497773842,0.4627569067555657,0.23806134329469028,0.17755028139475232
2021-09-13 10:30:00,0.32496513249651326,-0.08366533864541836,0.37155621742367817,0.2929833958221746,0.696758320137153,0.00022271714922048998,0.5,0.3750286419655908,0.3685414373848818,0.6131768497773842,0.4627569067555657,0.23806134329469028,0.15898426301733634
2021-09-13 10:40:00,0.3207810320781032,-0.36254980079681276,0.37155621742367817,0.29369755400821274,0.6913795134208425,0.00033407572383073496,0.5,0.3750286419655908,0.3685414373848818,0.6131768497773842,0.4627569067555657,0.23806134329469028,0.15149297644733467
2021-09-13 10:50:00,0.2698744769874477,0.24302788844621515,0.3766195085629187,0.2897696839850026,0.6860268809464606,0.00033407572383073496,0.5,0.3750286419655908,0.3685414373848818,0.6131768497773842,0.4627569067555657,0.23806134329469028,0.11558308312084133
2021-09-13 11:00:00,0.25383542538354253,-0.1633466135458168,0.3798957557706626,0.2926263167291556,0.6865241915431025,0.00022271714922048998,0.5,0.3422781094001346,0.3871042823851236,0.6854155007693179,0.5138848706126362,0.2677766042040443,0.09990645321906544
2021-09-13 11:10:00,0.2698744769874477,0.3545816733067728,0.38615040953090074,0.29369755400821274,0.682872884794074,0.00022271714922048998,0.5,0.3422781094001346,0.3871042823851236,0.6854155007693179,0.5138848706126362,0.2677766042040443,0.11717488721577621
2021-09-13 11:20:00,0.29776847977684795,0.027888446215139417,0.3873417721518986,0.29369755400821274,0.682872884794074,0.00022271714922048998,0.5,0.3422781094001346,0.3871042823851236,0.6854155007693179,0.5138848706126362,0.2677766042040443,0.1361633749264451
2021-09-13 11:30:00,0.37099023709902373,-0.38645418326693237,0.3918093819806401,0.29369755400821274,0.6784101765452618,0.00022271714922048998,0.5,0.3422781094001346,0.3871042823851236,0.6854155007693179,0.5138848706126362,0.2677766042040443,0.23131704814641582
2021-09-13 11:40:00,0.48465829846582986,0.043824701195219085,0.39776619508562905,0.29726834493840393,0.6572221277041265,0.00022271714922048998,0.5,0.3422781094001346,0.3871042823851236,0.6854155007693179,0.5138848706126362,0.2677766042040443,0.43350634458409404
2021-09-13 11:50:00,0.48884239888423986,-0.13147410358565736,0.39389426656738635,0.2979825031244421,0.6495530748190705,0.00022271714922048998,0.5,0.3422781094001346,0.3871042823851236,0.6854155007693179,0.5138848706126362,0.2677766042040443,0.42109630791979114
2021-09-13 12:00:00,0.4177126917712692,0.12350597609561742,0.3885331347728964,0.29833958221746126,0.6526939838504927,0.00022271714922048998,0.5,0.30960905843227793,0.39913277606484865,0.7724470192784099,0.4703094283147501,0.2976756470840545,0.2858080480407985
2021-09-13 12:10:00,0.4191073919107392,0.14741035856573692,0.38525688756515253,0.2994108194965186,0.6496054233029276,0.00022271714922048998,0.5,0.30960905843227793,0.39913277606484865,0.7724470192784099,0.4703094283147501,0.2976756470840545,0.2759554596617228
2021-09-13 12:20:00,0.40376569037656906,0.06772908366533859,0.3810871183916602,0.2986966613104802,0.6438470900786536,0.00022271714922048998,0.5,0.30960905843227793,0.39913277606484865,0.7724470192784099,0.4703094283147501,0.2976756470840545,0.27030493232946573
2021-09-13 12:30:00,0.4198047419804742,0.20318725099601576,0.3804914370811614,0.2944117121942511,0.6499456884479983,0.00022271714922048998,0.5,0.30960905843227793,0.39913277606484865,0.7724470192784099,0.4703094283147501,0.2976756470840545,0.29780315946708513
2021-09-13 12:40:00,0.45258019525801957,0.19521912350597592,0.3804914370811614,0.30298161042670957,0.6669589457015351,0.00022271714922048998,0.5,0.30960905843227793,0.39913277606484865,0.7724470192784099,0.4703094283147501,0.2976756470840545,0.34576097288652174
2021-09-13 12:50:00,0.4100418410041841,0.14741035856573692,0.3804914370811614,0.30298161042670957,0.6673122979675701,0.00022271714922048998,0.5,0.30960905843227793,0.39913277606484865,0.7724470192784099,0.4703094283147501,0.2976756470840545,0.29365390708692307
2021-09-13 13:00:00,0.40794979079497906,0.05976095617529875,0.3778108711839163,0.29476879128727007,0.6638834722749342,0.00033407572383073496,0.5,0.27682593989839965,0.3923225682242026,0.8947706547552697,0.3975295905316783,0.3192127118613876,0.2650844184256982
2021-09-13 13:10:00,0.40097629009762903,-0.003984063745020028,0.3772151898734175,0.29226923763613644,0.6530735103584562,0.00022271714922048998,0.5,0.27682593989839965,0.3923225682242026,0.8947706547552697,0.3975295905316783,0.3192127118613876,0.271866560043454
2021-09-13 13:20:00,0.3193863319386332,0.13147410358565725,0.37483246463142206,0.2879842885199073,0.6574707830024473,0.00022271714922048998,0.5,0.27682593989839965,0.3923225682242026,0.8947706547552697,0.3975295905316783,0.3192127118613876,0.16199435701676299
2021-09-13 13:30:00,0.2873082287308229,0.3067729083665336,0.37453462397617265,0.2844134975897161,0.6647472222585754,0.00022271714922048998,0.5,0.27682593989839965,0.3923225682242026,0.8947706547552697,0.3975295905316783,0.3192127118613876,0.12544321559515367
2021-09-13 13:40:00,0.32566248256624825,-0.0916334661354582,0.3682799702159343,0.27977146938046804,0.6511627906976745,0.01002227171492205,0.5,0.27682593989839965,0.3923225682242026,0.8947706547552697,0.3975295905316783,0.3192127118613876,0.15657769663684235
2021-09-13 13:50:00,0.2294281729428173,-0.12350597609561753,0.35994043186894986,0.2654883056597035,0.6607556503644763,0.00033407572383073496,0.5,0.27682593989839965,0.3923225682242026,0.8947706547552697,0.3975295905316783,0.3192127118613876,0.08614602350740076
2021-09-13 14:00:00,0.21338912133891214,0.06772908366533859,0.3539836187639609,0.2608462774504554,0.6428132075224772,0.00033407572383073496,0.5,0.2671033809026211,0.39351219946725213,0.9191879533684179,0.2443941042777535,0.35178629729717303,0.07220453551005628
2021-09-13 14:10:00,0.1792189679218968,-0.3784860557768924,0.3489203276247206,0.25549009105516873,0.6531258588423133,0.00033407572383073496,0.5,0.2671033809026211,0.39351219946725213,0.9191879533684179,0.2443941042777535,0.35178629729717303,0.05116405389501637
2021-09-13 14:20:00,0.1387726638772664,-0.03585657370517936,0.3453462397617275,0.2533476164970543,0.6531258588423133,0.00044543429844097997,0.5,0.2671033809026211,0.39351219946725213,0.9191879533684179,0.2443941042777535,0.35178629729717303,0.026924875899633355
2021-09-13 14:30:00,0.14574616457461645,0.1633466135458166,0.3444527177959791,0.2594179610783791,0.6443967491591525,0.00033407572383073496,0.5,0.2671033809026211,0.39351219946725213,0.9191879533684179,0.2443941042777535,0.35178629729717303,0.03532145389803401
2021-09-13 14:40:00,0.20571827057182707,0.31474103585657365,0.3390915860014889,0.2515622210319586,0.6553768436481658,0.00033407572383073496,0.5,0.2671033809026211,0.39351219946725213,0.9191879533684179,0.2443941042777535,0.35178629729717303,0.0687870603678501
2021-09-13 14:50:00,0.21199442119944212,-0.24302788844621515,0.3352196574832462,0.24156400642742382,0.6561097224221644,0.00022271714922048998,0.5,0.2671033809026211,0.39351219946725213,0.9191879533684179,0.2443941042777535,0.35178629729717303,0.06953392579627926
2021-09-13 15:00:00,0.14504881450488147,0.6175298804780875,0.3304542069992553,0.23299410819496535,0.6534006883825627,0.00033407572383073496,0.5,0.26104509237638407,0.3967678811058404,0.9265194582957171,0.11106193544906769,0.5132317087696824,0.033050681231799876
2021-09-13 15:10:00,0.07391910739191074,0.05976095617529875,0.32747580044676083,0.2369219782181753,0.6693669759589588,0.1046770601336303,0.5,0.26104509237638407,0.3967678811058404,0.9265194582957171,0.11106193544906769,0.5132317087696824,0.0
2021-09-13 15:20:00,0.08577405857740586,-0.8406374501992032,0.3310498883097541,0.23870737368327077,0.6698119380717437,0.9995545657015591,0.5,0.26104509237638407,0.3967678811058404,0.9265194582957171,0.11106193544906769,0.5132317087696824,0.0
2021-09-13 15:30:00,0.08577405857740586,0.3306772908366533,0.3462397617274757,0.26334583110158905,0.6698119380717437,0.9995545657015591,0.5,0.26104509237638407,0.3967678811058404,0.9265194582957171,0.11106193544906769,0.5132317087696824,0.0
2021-09-13 15:40:00,0.08926080892608089,0.19322709163346596,0.3533879374534623,0.2740582038921622,0.6698119380717437,0.9995545657015591,0.5,0.26104509237638407,0.3967678811058404,0.9265194582957171,0.11106193544906769,0.5132317087696824,0.0
2021-09-13 15:50:00,0.07601115760111576,0.055776892430278835,0.356664184661206,0.2733440457061238,0.6698119380717437,0.9995545657015591,0.5,0.26104509237638407,0.3967678811058404,0.9265194582957171,0.11106193544906769,0.5132317087696824,0.0
2021-09-13 16:00:00,0.07182705718270573,-0.08167330677290852,0.356664184661206,0.2715586502410283,0.6698119380717437,0.9995545657015591,0.5,0.20137434740511284,0.4036211915277588,0.9855809805191947,0.25271788836468567,0.656900373837205,0.0
2021-09-13 16:10:00,0.061366806136680614,-0.21912350597609564,0.356664184661206,0.2658453847527229,0.6698119380717437,0.9995545657015591,0.5,0.20137434740511284,0.4036211915277588,0.9855809805191947,0.25271788836468567,0.656900373837205,0.0
2021-09-13 16:20:00,0.06345885634588563,-0.356573705179283,0.356664184661206,0.26941617568291365,0.6698119380717437,0.9995545657015591,0.5,0.20137434740511284,0.4036211915277588,0.9855809805191947,0.25271788836468567,0.656900373837205,0.0
2021-09-13 16:30:00,0.0697350069735007,-0.4940239043824701,0.356664184661206,0.27120157114800936,0.6698119380717437,0.9995545657015591,0.5,0.20137434740511284,0.4036211915277588,0.9855809805191947,0.25271788836468567,0.656900373837205,0.0
2021-09-13 16:40:00,0.06694560669456066,-0.6314741035856574,0.3542814594192105,0.270130333868952,0.6698119380717437,0.9995545657015591,0.5,0.20137434740511284,0.4036211915277588,0.9855809805191947,0.25271788836468567,0.656900373837205,0.0
2021-09-13 16:50:00,0.04741980474198048,-0.7689243027888446,0.356664184661206,0.2719157293340475,0.6698119380717437,0.9995545657015591,0.5,0.20137434740511284,0.4036211915277588,0.9855809805191947,0.25271788836468567,0.656900373837205,0.0
2021-09-13 17:00:00,0.03626220362622037,-0.6733067729083666,0.356664184661206,0.2719157293340475,0.6698119380717437,0.9995545657015591,0.5,0.1956987855806589,0.4124284856339102,0.9750663142755801,0.40058814202624177,0.6807591716708938,0.0
2021-09-13 17:10:00,0.039051603905160395,-0.5776892430278885,0.35487714072970933,0.2719157293340475,0.6698119380717437,0.9995545657015591,0.5,0.1956987855806589,0.4124284856339102,0.9750663142755801,0.40058814202624177,0.6807591716708938,0.0
2021-09-13 17:20:00,0.06694560669456066,-0.5856573705179283,0.35189873417721507,0.2719157293340475,0.6698119380717437,0.9995545657015591,0.5,0.1956987855806589,0.4124284856339102,0.9750663142755801,0.40058814202624177,0.6807591716708938,0.0
2021-09-13 17:30:00,0.06764295676429567,-0.5936254980079682,0.34802680565897237,0.26691662203178,0.6698119380717437,0.9995545657015591,0.5,0.1956987855806589,0.4124284856339102,0.9750663142755801,0.40058814202624177,0.6807591716708938,0.0
2021-09-13 17:40:00,0.08437935843793584,-0.601593625498008,0.34772896500372297,0.26477414747366557,0.6698119380717437,0.9995545657015591,0.5,0.1956987855806589,0.4124284856339102,0.9750663142755801,0.40058814202624177,0.6807591716708938,0.0
2021-09-13 17:50:00,0.09832635983263598,-0.6095617529880478,0.34772896500372297,0.26191751472951275,0.6698119380717437,0.9995545657015591,0.5,0.1956987855806589,0.4124284856339102,0.9750663142755801,0.40058814202624177,0.6807591716708938,0.0
2021-09-13 18:00:00,0.11715481171548117,-0.6175298804780878,0.34772896500372297,0.25513301196214955,0.6698119380717437,0.9995545657015591,0.5,0.16308670168963402,0.44331004836109716,0.9732702838873653,0.41375913873701087,0.7105414030414603,0.0
2021-09-13 18:10:00,0.12133891213389121,-0.6254980079681275,0.3456440804169767,0.2497768255668631,0.6698119380717437,0.9995545657015591,0.5,0.16308670168963402,0.44331004836109716,0.9714742661805628,0.41375913873701087,0.7105414030414603,0.0
2021-09-13 18:20:00,0.10739191073919108,-0.6334661354581674,0.34296351451973184,0.24549187645063397,0.6698119380717437,0.9995545657015591,0.5,0.16308670168963402,0.44331004836109716,0.9696782357923479,0.41375913873701087,0.7105414030414603,0.0
2021-09-13 18:30:00,0.12622036262203626,-0.6414342629482073,0.3384959046909901,0.24263524370648093,0.6698119380717437,0.9995545657015591,0.5,0.16308670168963402,0.44331004836109716,0.9678822180855455,0.41375913873701087,0.7105414030414603,0.0
2021-09-13 18:40:00,0.13807531380753138,-0.649402390438247,0.3384959046909901,0.23585074093911795,0.6698119380717437,0.9995545657015591,0.5,0.16308670168963402,0.44331004836109716,0.9660862257415678,0.41375913873701087,0.7105414030414603,0.0
2021-09-13 18:50:00,0.15481171548117156,-0.6573705179282868,0.3349218168279968,0.23299410819496535,0.6698119380717437,0.9995545657015591,0.5,0.16308670168963402,0.44331004836109716,0.9642901573091159,0.41375913873701087,0.7105414030414603,0.0
2021-09-13 19:00:00,0.17573221757322177,-0.6653386454183265,0.33224125093075174,0.2258525263345832,0.6974519375482588,0.9995545657015591,0.5,0.15684927371980018,0.450476570873576,0.9624941396023134,0.41248236831470936,0.7331915070363648,0.0
2021-09-13 19:10:00,0.12482566248256625,-0.6733067729083666,0.3295606850335069,0.23227995000892698,0.791273507741032,0.9983296213808465,0.5,0.15684927371980018,0.450476570873576,0.9606981472583358,0.41248236831470936,0.7331915070363648,0.0
2021-09-13 19:20:00,0.10669456066945607,-0.6812749003984064,0.3295606850335069,0.23013747545081253,0.7912865948619963,0.9995545657015591,0.5,0.15684927371980018,0.450476570873576,0.9589020788258839,0.41248236831470936,0.7331915070363648,0.0
2021-09-13 19:30:00,0.10669456066945607,-0.6892430278884463,0.3262844378257632,0.2258525263345832,0.7912865948619963,0.9995545657015591,0.5,0.15684927371980018,0.450476570873576,0.9571060611190815,0.41248236831470936,0.7331915070363648,0.0
2021-09-13 19:40:00,0.11576011157601115,-0.36254980079681276,0.3221146686522709,0.22299589359043037,0.7912865948619963,0.9995545657015591,0.5,0.15684927371980018,0.450476570873576,0.9553100687751036,0.41248236831470936,0.7331915070363648,0.0
2021-09-13 19:50:00,0.1317991631799163,-0.3469841563976652,0.32151898734177187,0.2208534190323157,0.7912865948619963,0.9995545657015591,0.5,0.15684927371980018,0.450476570873576,0.9535140003426519,0.41248236831470936,0.7331915070363648,0.0
2021-09-13 20:00:00,0.1311018131101813,-0.3314185119985177,0.3224125093075203,0.2162113908230674,0.7912865948619963,0.9995545657015591,0.5,0.1581765599156566,0.45727815819796847,0.9517179826358493,0.3497710554890219,0.7508644580072241,0.0
2021-09-13 20:10:00,0.14295676429567641,-0.31585286759937004,0.3191362620997764,0.21335475807891435,0.7912865948619963,0.9995545657015591,0.5,0.1581765599156566,0.45727815819796847,0.9499219902918716,0.3497710554890219,0.7508644580072241,0.0
2021-09-13 20:20:00,0.14853556485355648,-0.3002872232002224,0.3149664929262843,0.20871272986966627,0.7912865948619963,0.9995545657015591,0.5,0.1581765599156566,0.45727815819796847,0.9481259218594197,0.3497710554890219,0.7508644580072241,0.0
2021-09-13 20:30:00,0.15481171548117156,-0.28472157880107485,0.3149664929262843,0.20442778075343693,0.7912865948619963,0.9995545657015591,0.5,0.1581765599156566,0.45727815819796847,0.9463299041526173,0.3497710554890219,0.7508644580072241,0.0
2021-09-13 20:40:00,0.15132496513249652,-0.2691559344019272,0.31198808637378983,0.20121406891626492,0.7912865948619963,0.9995545657015591,0.5,0.1581765599156566,0.45727815819796847,0.9445339625342891,0.3497710554890219,0.7508644580072241,0.0
2021-09-13 20:50:00,0.12203626220362622,-0.25359029000277966,0.3072226358897989,0.19300124977682542,0.7912865948619963,0.9995545657015591,0.5,0.1581765599156566,0.45727815819796847,0.9427379701903112,0.3497710554890219,0.7508644580072241,0.0
2021-09-13 21:00:00,0.11576011157601115,-0.238024645603632,0.30424422933730444,0.18657382610248163,0.7912865948619963,0.9995545657015591,0.5,0.1630541157212122,0.46174358561753004,0.9409419017578593,0.30253004357846014,0.715739629000245,0.0
2021-09-13 21:10:00,0.11645746164574616,-0.22245900120448436,0.3030528667163066,0.18336011426530985,0.7912865948619963,0.9995545657015591,0.5,0.1630541157212122,0.46174358561753004,0.9391458840510569,0.30253004357846014,0.715739629000245,0.0
2021-09-13 21:20:00,0.1094839609483961,-0.20689335680533683,0.3030528667163066,0.184074272451348,0.7912865948619963,0.9995545657015591,0.5,0.1630541157212122,0.46174358561753004,0.9373498917070793,0.30253004357846014,0.715739629000245,0.0
2021-09-13 21:30:00,0.10669456066945607,-0.1913277124061893,0.29798957557706607,0.18478843063738615,0.7912865948619963,0.9995545657015591,0.5,0.1630541157212122,0.46174358561753004,0.9355538232746273,0.30253004357846014,0.715739629000245,0.0
2021-09-13 21:40:00,0.099721059972106,-0.17576206800704175,0.29709605361131786,0.18264595607927148,0.7912865948619963,0.9995545657015591,0.5,0.1630541157212122,0.46174358561753004,0.9337578055678248,0.30253004357846014,0.715739629000245,0.0
2021-09-13 21:50:00,0.09623430962343095,-0.1601964236078941,0.2941176470588236,0.18014640242813784,0.7912865948619963,0.9995545657015591,0.5,0.1630541157212122,0.46174358561753004,0.9319618132238471,0.30253004357846014,0.715739629000245,0.0
2021-09-13 22:00:00,0.08507670850767085,-0.14463077920874656,0.29381980640357397,0.17586145331190872,0.7912865948619963,0.9995545657015591,0.5,0.15854297695668418,0.4789932386417505,0.9301657447913951,0.3077080685099413,0.677049478223395,0.0
2021-09-13 22:10:00,0.0815899581589958,-0.1290651348095989,0.2899478778853313,0.17586145331190872,0.7912865948619963,0.9995545657015591,0.5,0.15854297695668418,0.4789932386417505,0.9283697270845928,0.3077080685099413,0.677049478223395,0.0
2021-09-13 22:20:00,0.0801952580195258,-0.11349949041045126,0.2881608339538346,0.17336189966077487,0.7912865948619963,0.9995545657015591,0.5,0.15854297695668418,0.4789932386417505,0.9265737347406151,0.3077080685099413,0.677049478223395,0.0
2021-09-13 22:30:00,0.07182705718270573,-0.09793384601130373,0.2881608339538346,0.17229066238171753,0.7912865948619963,0.9995545657015591,0.5,0.15854297695668418,0.4789932386417505,0.9247776663081632,0.3077080685099413,0.677049478223395,0.0
2021-09-13 22:40:00,0.06206415620641562,-0.08236820161215608,0.2881608339538346,0.17229066238171753,0.7912865948619963,0.9995545657015591,0.5,0.15854297695668418,0.4789932386417505,0.9229816612827731,0.3077080685099413,0.677049478223395,0.0
2021-09-13 22:50:00,0.07112970711297072,-0.06680255721300843,0.28518242740134014,0.17050526691662204,0.7912865948619963,0.9995545657015591,0.5,0.15854297695668418,0.4789932386417505,0.921185656257383,0.3077080685099413,0.677049478223395,0.0
2021-09-13 23:00:00,0.07461645746164575,-0.05123691281386089,0.28518242740134014,0.1665773968934119,0.7912865948619963,0.9995545657015591,0.5,0.15283486251689737,0.49096138870769995,0.9193895878249311,0.2761079576141266,0.6621806014595024,0.0
2021-09-13 23:10:00,0.06555090655509065,-0.03567126841471335,0.28518242740134014,0.1647920014283164,0.7912865948619963,0.9995545657015591,0.5,0.15283486251689737,0.49096138870769995,0.917593582799541,0.2761079576141266,0.6621806014595024,0.0
2021-09-13 23:20:00,0.06345885634588563,-0.020105624015565815,0.28071481757259864,0.1647920014283164,0.7912865948619963,0.9995545657015591,0.5,0.15283486251689737,0.49096138870769995,0.915797577774151,0.2761079576141266,0.6621806014595024,0.0
2021-09-13 23:30:00,0.07043235704323571,-0.004539979616418166,0.2789277736411018,0.1637207641492593,0.7912865948619963,0.9995545657015591,0.5,0.15283486251689737,0.49096138870769995,0.9140015093416991,0.2761079576141266,0.6621806014595024,0.0
2021-09-13 23:40:00,0.07391910739191074,0.011025664782729372,0.2789277736411018,0.16157828959114462,0.7912865948619963,0.9995545657015591,0.5,0.15283486251689737,0.49096138870769995,0.912205504316309,0.2761079576141266,0.6621806014595024,0.0
2021-09-13 23:50:00,0.0815899581589958,0.02659130918187702,0.2789277736411018,0.16157828959114462,0.7912865948619963,0.9995545657015591,0.5,0.15283486251689737,0.49096138870769995,0.9104094992909189,0.2761079576141266,0.6621806014595024,0.0
2021-09-14 00:00:00,0.07391910739191074,0.04215695358102467,0.2762472077438567,0.15729334047491506,0.7912865948619963,0.9995545657015591,0.5,0.15649913298643892,0.48439830233300163,0.9086134308584669,0.19363580109229508,0.6915750434271188,0.0
2021-09-14 00:10:00,0.0801952580195258,0.0577225979801721,0.2762472077438567,0.15443670773076223,0.7912865948619963,0.9995545657015591,0.5,0.15649913298643892,0.48439830233300163,0.9068174258330768,0.19363580109229508,0.6915750434271188,0.0
2021-09-14 00:20:00,0.07601115760111576,0.07328824237931975,0.2762472077438567,0.15443670773076223,0.7912865948619963,0.9995545657015591,0.5,0.15649913298643892,0.48439830233300163,0.9050214208076868,0.19363580109229508,0.6915750434271188,0.0
2021-09-14 00:30:00,0.05788005578800558,0.0888538867784674,0.2762472077438567,0.15729334047491506,0.7912865948619963,0.9995545657015591,0.5,0.15649913298643892,0.48439830233300163,0.9032253523752349,0.19363580109229508,0.6915750434271188,0.0
2021-09-14 00:40:00,0.03765690376569038,0.10441953117761504,0.2750558451228593,0.19550080342795928,0.7912865948619963,0.9995545657015591,0.5,0.15649913298643892,0.48439830233300163,0.9014293600312572,0.19363580109229508,0.6915750434271188,0.0
2021-09-14 00:50:00,0.03486750348675035,0.11998517557676269,0.2720774385703646,0.25227637921799695,0.7912865948619963,0.9995545657015591,0.5,0.15649913298643892,0.48439830233300163,0.8996333423244548,0.19363580109229508,0.6915750434271188,0.0
2021-09-14 01:00:00,0.03347280334728033,0.13555081997591012,0.2762472077438567,0.2990537404034994,0.7912865948619963,0.9995545657015591,0.5,0.15221599594159607,0.48129491648156675,0.8978372738920029,0.09911013727748463,0.82130974922817,0.0
2021-09-14 01:10:00,0.039051603905160395,0.15111646437505777,0.2762472077438567,0.33654704517050527,0.7912865948619963,0.9995545657015591,0.5,0.15221599594159607,0.48129491648156675,0.8960412815480251,0.09911013727748463,0.82130974922817,0.0
2021-09-14 01:20:00,0.04114365411436541,0.1666821087742052,0.2762472077438567,0.36511337261203347,0.7912865948619963,0.9995545657015591,0.5,0.15221599594159607,0.48129491648156675,0.8942452638412226,0.09911013727748463,0.82130974922817,0.0
2021-09-14 01:30:00,0.03486750348675035,0.18224775317335284,0.2762472077438567,0.39118014640242826,0.7912865948619963,0.9995545657015591,0.5,0.15221599594159607,0.48129491648156675,0.8924491954087708,0.09911013727748463,0.82130974922817,0.0
2021-09-14 01:40:00,0.03556485355648536,0.1978133975725005,0.27326880119136243,0.4126048919835743,0.7912865948619963,0.9995545657015591,0.5,0.15221599594159607,0.48129491648156675,0.890653203064793,0.09911013727748463,0.82130974922817,0.0
2021-09-14 01:50:00,0.0299860529986053,0.21337904197164814,0.27058823529411735,0.4111765756114978,0.7912865948619963,0.9995545657015591,0.5,0.15221599594159607,0.48129491648156675,0.8888571853579906,0.09911013727748463,0.82130974922817,0.0
2021-09-14 02:00:00,0.03626220362622037,0.2289446863707958,0.2714817572598658,0.36439921442599554,0.7912865948619963,0.9995545657015591,0.5,0.15571740327520667,0.4646946756818115,0.8870612437396623,0.14791176490593422,0.9594886045751388,0.0
2021-09-14 02:10:00,0.0397489539748954,0.24451033076994344,0.27029039463886795,0.3276200678450276,0.7912865948619963,0.9995545657015591,0.5,0.15571740327520667,0.4646946756818115,0.8852651753072104,0.14791176490593422,0.9594886045751388,0.0
2021-09-14 02:20:00,0.0502092050209205,0.2600759751690911,0.2676098287416231,0.2994108194965186,0.7912865948619963,0.9995545657015591,0.5,0.15571740327520667,0.4646946756818115,0.8834691829632327,0.14791176490593422,0.9594886045751388,0.0
2021-09-14 02:30:00,0.06764295676429567,0.2756416195682385,0.2673119880863737,0.27798607391537233,0.7912865948619963,0.9995545657015591,0.5,0.15571740327520667,0.4646946756818115,0.8816731652564302,0.14791176490593422,0.9594886045751388,0.0
2021-09-14 02:40:00,0.055788005578800565,0.29120726396738617,0.2673119880863737,0.26156043563649356,0.7912865948619963,0.9995545657015591,0.5,0.15571740327520667,0.4646946756818115,0.8798770968239783,0.14791176490593422,0.9594886045751388,0.0
2021-09-14 02:50:00,0.044630404463040445,0.3067729083665336,0.2673119880863737,0.24941974647384413,0.7912865948619963,0.9995545657015591,0.5,0.15571740327520667,0.4646946756818115,0.8780811044800007,0.14791176490593422,0.9594886045751388,0.0
2021-09-14 03:00:00,0.07252440725244073,0.32233855276568124,0.2673119880863737,0.24049276914836648,0.7912865948619963,0.9995545657015591,0.5,0.1602122657320686,0.474134140979925,0.8762850867731983,0.21018833226312703,0.972164389632315,0.0
2021-09-14 03:10:00,0.08716875871687588,0.3379041971648289,0.26969471332836914,0.23192287091590802,0.7912865948619963,0.9995545657015591,0.5,0.1602122657320686,0.474134140979925,0.8744890183407463,0.21018833226312703,0.972164389632315,0.0
2021-09-14 03:20:00,0.09693165969316596,0.3534698415639763,0.27029039463886795,0.22192465631137304,0.7912865948619963,0.9995545657015591,0.5,0.1602122657320686,0.474134140979925,0.8726930259967686,0.21018833226312703,0.972164389632315,0.0
2021-09-14 03:30:00,0.09483960948396096,0.36903548596312397,0.27029039463886795,0.2129976789858954,0.7912865948619963,0.9995545657015591,0.5,0.1602122657320686,0.474134140979925,0.8708970082899661,0.21018833226312703,0.972164389632315,0.0
2021-09-14 03:40:00,0.09693165969316596,0.3846011303622716,0.27029039463886795,0.20549901803249426,0.7912865948619963,0.9995545657015591,0.5,0.1602122657320686,0.474134140979925,0.8691009398575141,0.21018833226312703,0.972164389632315,0.0
2021-09-14 03:50:00,0.100418410041841,0.40016677476141904,0.27029039463886795,0.19942867345116966,0.7912865948619963,0.9995545657015591,0.5,0.1602122657320686,0.474134140979925,0.8673049475135365,0.21018833226312703,0.972164389632315,0.0
2021-09-14 04:00:00,0.10599721059972106,0.4157324191605667,0.26999255398361877,0.1887163006605963,0.7912865948619963,0.9995545657015591,0.5,0.1419641567688592,0.4662865976833786,0.8655089298067341,0.2388004642334109,0.9984178057647338,0.0
2021-09-14 04:10:00,0.10739191073919108,0.43129806355971456,0.26999255398361877,0.18300303517229088,0.7912865948619963,0.9995545657015591,0.5,0.1419641567688592,0.4662865976833786,0.8637128613742822,0.2388004642334109,0.9984178057647338,0.0
2021-09-14 04:20:00,0.1087866108786611,0.446863707958862,0.27029039463886795,0.17550437421888954,0.7912865948619963,0.9995545657015591,0.5,0.1419641567688592,0.4662865976833786,0.8619168690303045,0.2388004642334109,0.9984178057647338,0.0
2021-09-14 04:30:00,0.1311018131101813,0.46242935235800964,0.2685033507073715,0.16871987145152634,0.7912865948619963,0.9995545657015591,0.5,0.1419641567688592,0.4662865976833786,0.860120851323502,0.2388004642334109,0.9984178057647338,0.0
2021-09-14 04:40:00,0.1799163179916318,0.4779949967571573,0.26969471332836914,0.16122121049812543,0.7912865948619963,0.9995545657015591,0.5,0.1419641567688592,0.4662865976833786,0.8583248209352872,0.2388004642334109,0.9984178057647338,0.0
2021-09-14 04:50:00,0.12622036262203626,0.4935606411563047,0.2676098287416231,0.1537225495447243,0.7912865948619963,0.9995545657015591,0.5,0.1419641567688592,0.4662865976833786,0.8565288032284848,0.2388004642334109,0.9984178057647338,0.0
2021-09-14 05:00:00,0.12273361227336123,0.5091262855554524,0.2673119880863737,0.14765220496339948,0.7912865948619963,0.9995545657015591,0.5,0.15637699397276306,0.47218015729568796,0.8547327728402699,0.22521505483761553,0.02732489821869946,0.0
2021-09-14 05:10:00,0.11924686192468618,0.5246919299546002,0.2673119880863737,0.14158186038207465,0.7912865948619963,0.9995545657015591,0.5,0.15637699397276306,0.47218015729568796,0.8529367424520552,0.22521505483761553,0.02732489821869946,0.0
2021-09-14 05:20:00,0.11087866108786612,0.5402575743537477,0.2673119880863737,0.1651490805213356,0.7912865948619963,0.9995545657015591,0.5,0.15637699397276306,0.47218015729568796,0.8511407247452527,0.22521505483761553,0.02732489821869946,0.0
2021-09-14 05:30:00,0.11087866108786612,0.5558232187528953,0.2673119880863737,0.22192465631137304,0.7912865948619963,0.9995545657015591,0.5,0.15637699397276306,0.47218015729568796,0.8493446943570379,0.22521505483761553,0.02732489821869946,0.0
2021-09-14 05:40:00,0.13389121338912133,0.571388863152043,0.2673119880863737,0.2719157293340475,0.7912865948619963,0.9995545657015591,0.5,0.15637699397276306,0.47218015729568796,0.8475486766502355,0.22521505483761553,0.02732489821869946,0.0
2021-09-14 05:50:00,0.1394700139470014,0.5869545075511904,0.26939687267311974,0.3090519550080342,0.7912865948619963,0.9995545657015591,0.5,0.15637699397276306,0.47218015729568796,0.8457526462620206,0.22521505483761553,0.02732489821869946,0.0
2021-09-14 06:00:00,0.13528591352859135,0.602520151950338,0.2679076693968725,0.33976075700767727,0.7912865948619963,0.9995545657015591,0.5,0.12691617668198774,0.4688756260649943,0.8439566158738058,0.22542258664931714,0.04815875536950029,0.0
2021-09-14 06:10:00,0.13458856345885634,0.6180857963494855,0.2673119880863737,0.363327977146938,0.7912865948619963,0.9995545657015591,0.5,0.12691617668198774,0.4688756260649943,0.8421605981670033,0.22542258664931714,0.04815875536950029,0.0
2021-09-14 06:20:00,0.15271966527196654,0.6336514407486331,0.2673119880863737,0.3836814854490269,0.7912865948619963,0.9995545657015591,0.5,0.12691617668198774,0.4688756260649943,0.8403646058230256,0.22542258664931714,0.04815875536950029,0.0
2021-09-14 06:30:00,0.14644351464435149,0.6492170851477808,0.2673119880863737,0.3972504909837531,0.7912865948619963,0.9995545657015591,0.5,0.12691617668198774,0.4688756260649943,0.8385685373905737,0.22542258664931714,0.04815875536950029,0.0
2021-09-14 06:40:00,0.20502092050209206,0.6647827295469282,0.26641846612062525,0.36261381896089984,0.756867466725995,0.9995545657015591,0.5,0.12691617668198774,0.4688756260649943,0.8367725196837712,0.22542258664931714,0.04815875536950029,0.0
2021-09-14 06:50:00,0.12482566248256625,0.6803483739460758,0.2685033507073715,0.3347616497054098,0.5868134169164125,0.9995545657015591,0.5,0.12691617668198774,0.4688756260649943,0.8349765273397936,0.22542258664931714,0.04815875536950029,0.0
2021-09-14 07:00:00,0.08926080892608089,0.6959140183452235,0.26969471332836914,0.3054811640778434,0.5722867126460849,0.9995545657015591,0.5,0.1330232941312237,0.4870361803067185,0.8331804589073416,0.21006553093015634,0.047970950369545046,0.0
2021-09-14 07:10:00,0.0502092050209205,0.7114796627443709,0.2667163067758749,0.27584359935725766,0.5722867126460849,0.9995545657015591,0.5,0.1330232941312237,0.4870361803067185,0.8313844412005392,0.21006553093015634,0.047970950369545046,0.0
2021-09-14 07:20:00,0.05439330543933055,0.7270453071435186,0.26165301563663435,0.25656132833422607,0.5722867126460849,0.9995545657015591,0.5,0.1330232941312237,0.4870361803067185,0.8295884995822109,0.21006553093015634,0.047970950369545046,0.0
2021-09-14 07:30:00,0.07740585774058578,0.742610951542666,0.26284437825763196,0.2433494018925193,0.5722867126460849,0.9995545657015591,0.5,0.1330232941312237,0.4870361803067185,0.8277924691939962,0.21006553093015634,0.047970950369545046,0.0
2021-09-14 07:40:00,0.08577405857740586,0.7581765959418139,0.26641846612062525,0.23192287091590802,0.5722867126460849,0.9995545657015591,0.5,0.1330232941312237,0.4870361803067185,0.8259964388057813,0.21006553093015634,0.047970950369545046,0.0
2021-09-14 07:50:00,0.027894002789400282,0.7737422403409615,0.26224869694713293,0.2212104981253349,0.5722867126460849,0.9995545657015591,0.5,0.1330232941312237,0.4870361803067185,0.8242004210989788,0.21006553093015634,0.047970950369545046,0.0
2021-09-14 08:00:00,0.05230125523012552,0.7737422403409615,0.2613551749813847,0.2129976789858954,0.5722867126460849,0.9995545657015591,0.5,0.1333408822492521,0.5054524765306441,0.8224044287550011,0.1645299956487825,0.08176444955550029,0.0
2021-09-14 08:10:00,0.029288702928870293,0.7737422403409615,0.2613551749813847,0.20442778075343693,0.5722867126460849,0.9995545657015591,0.5,0.1333408822492521,0.5054524765306441,0.8206083603225492,0.1645299956487825,0.08176444955550029,0.0
2021-09-14 08:20:00,0.03486750348675035,0.7737422403409615,0.26284437825763196,0.197286198893055,0.5722867126460849,0.9995545657015591,0.5,0.1333408822492521,0.5054524765306441,0.8188123426157469,0.1645299956487825,0.08176444955550029,0.0
2021-09-14 08:30:00,0.05160390516039052,0.7737422403409615,0.2673119880863737,0.18835922156757734,0.5722867126460849,0.9995545657015591,0.5,0.1333408822492521,0.5054524765306441,0.817016350271769,0.1645299956487825,0.08176444955550029,0.0
2021-09-14 08:40:00,0.05090655509065551,0.7737422403409615,0.2682055100521219,0.18121763970719518,0.5722867126460849,0.9995545657015591,0.5,0.1333408822492521,0.5054524765306441,0.8152202818393172,0.1645299956487825,0.08176444955550029,0.0
2021-09-14 08:50:00,0.04672245467224547,0.7737422403409615,0.2771407297096051,0.17586145331190872,0.5722867126460849,0.9995545657015591,0.5,0.1333408822492521,0.5054524765306441,0.8134242641325147,0.1645299956487825,0.08176444955550029,0.0
2021-09-14 09:00:00,0.05299860529986053,0.7737422403409615,0.2857781087118392,0.17586145331190872,0.5722867126460849,0.9995545657015591,0.5,0.1488774183908268,0.5279060478668527,0.811628271788537,0.11924256733793914,0.13956512488762962,0.0
2021-09-14 09:10:00,0.06694560669456066,0.7737422403409615,0.29650037230081905,0.17586145331190872,0.5722867126460849,0.9995545657015591,0.5,0.1488774183908268,0.5279060478668527,0.8098322033560851,0.11924256733793914,0.13956512488762962,0.0
2021-09-14 09:20:00,0.0599721059972106,0.7737422403409615,0.30811615785554713,0.20906980896268523,0.5722867126460849,0.9995545657015591,0.5,0.1488774183908268,0.5279060478668527,0.8080361856492827,0.11924256733793914,0.13956512488762962,0.0
2021-09-14 09:30:00,0.05718270571827057,0.7737422403409615,0.3182427401340282,0.270130333868952,0.5722867126460849,0.9995545657015591,0.5,0.1488774183908268,0.5279060478668527,0.8062401933053048,0.11924256733793914,0.13956512488762962,0.0
2021-09-14 09:40:00,0.04114365411436541,0.7737422403409615,0.3265822784810126,0.32226388144974116,0.5722867126460849,0.9995545657015591,0.5,0.1488774183908268,0.5279060478668527,0.8044441248728531,0.11924256733793914,0.13956512488762962,0.0
2021-09-14 09:50:00,0.04393305439330544,0.7737422403409615,0.3352196574832462,0.36439921442599554,0.5722867126460849,0.9995545657015591,0.5,0.1488774183908268,0.5279060478668527,0.802648119847463,0.11924256733793914,0.13956512488762962,0.0
2021-09-14 10:00:00,0.018131101813110184,0.7737422403409615,0.3420699925539836,0.3997500446348867,0.5722867126460849,0.9995545657015591,0.5,0.3151461715823005,0.5233429212630804,0.8008521148220729,0.05965182144843424,0.22824443406178574,0.0
2021-09-14 10:10:00,0.014644351464435146,0.7737422403409615,0.3459419210722261,0.4301017675415104,0.5722867126460849,0.9995545657015591,0.5,0.3151461715823005,0.5233429212630804,0.8008521148220729,0.05965182144843424,0.22824443406178574,0.0
2021-09-14 10:20:00,0.0404463040446304,0.7737422403409615,0.35189873417721507,0.45474022495982847,0.5722867126460849,0.9995545657015591,0.5,0.3151461715823005,0.5233429212630804,0.8008521148220729,0.05965182144843424,0.22824443406178574,0.0
2021-09-14 10:30:00,0.04114365411436541,0.749573136027319,0.3575577066269544,0.4193893947509373,0.5722867126460849,0.9995545657015591,0.5,0.3151461715823005,0.5233429212630804,0.8008521148220729,0.05965182144843424,0.22824443406178574,0.0
2021-09-14 10:40:00,0.07322175732217574,0.6740656421931319,0.3644080416976916,0.3836814854490269,0.5722867126460849,0.9995545657015591,0.5,0.3151461715823005,0.5233429212630804,0.8008521148220729,0.05965182144843424,0.22824443406178574,0.0
2021-09-14 10:50:00,0.09135285913528592,0.5985581483589448,0.37066269545792974,0.3561863952865558,0.5722867126460849,0.9995545657015591,0.5,0.3151461715823005,0.5233429212630804,0.8008521148220729,0.05965182144843424,0.22824443406178574,0.0
2021-09-14 11:00:00,0.08577405857740586,0.523050654524758,0.37751303052866714,0.34011783610069646,0.5722867126460849,0.9995545657015591,0.5,0.3246977292883151,0.5237107299565833,0.7519018631150596,0.029283303139318644,0.6641906103212513,0.0
2021-09-14 11:10:00,0.10808926080892609,0.4475431606905709,0.3828741623231571,0.3333333333333335,0.5722867126460849,0.9995545657015591,0.5,0.3246977292883151,0.5237107299565833,0.7519018631150596,0.029283303139318644,0.6641906103212513,0.0
2021-09-14 11:20:00,0.09065550906555091,0.3720356668563838,0.3885331347728964,0.3329762542403143,0.5722867126460849,0.9995545657015591,0.5,0.3246977292883151,0.5237107299565833,0.7519018631150596,0.029283303139318644,0.6641906103212513,0.0
2021-09-14 11:30:00,0.11018131101813111,0.2965281730221969,0.3953834698436334,0.3329762542403143,0.5722867126460849,0.9995545657015591,0.5,0.3246977292883151,0.5237107299565833,0.7519018631150596,0.029283303139318644,0.6641906103212513,0.0
2021-09-14 11:40:00,0.07391910739191074,0.2210206791880096,0.40282948622486936,0.3329762542403143,0.5722867126460849,0.9995545657015591,0.5,0.3246977292883151,0.5237107299565833,0.7519018631150596,0.029283303139318644,0.6641906103212513,0.0
2021-09-14 11:50:00,0.05160390516039052,0.14551318535382274,0.40967982129560676,0.3361899660774863,0.5722867126460849,0.9995545657015591,0.5,0.3246977292883151,0.5237107299565833,0.7519018631150596,0.029283303139318644,0.6641906103212513,0.0
2021-09-14 12:00:00,0.05718270571827057,0.07000569151963565,0.4156366344005955,0.34154615247277276,0.5722867126460849,0.9995545657015591,0.5,0.33117943528550065,0.5204349337800671,0.7362565510591073,0.07879197280014502,0.6904852815382106,0.0
2021-09-14 12:10:00,0.026499302649930265,-0.0055018023145513295,0.4233804914370811,0.3444027852169256,0.5722867126460849,0.9995545657015591,0.5,0.33117943528550065,0.5204349337800671,0.7362565510591073,0.07879197280014502,0.6904852815382106,0.0
2021-09-14 12:20:00,0.056485355648535567,-0.08100929614873842,0.4278481012658226,0.34475986430994454,0.5722867126460849,0.9995545657015591,0.5,0.33117943528550065,0.5204349337800671,0.7362565510591073,0.07879197280014502,0.6904852815382106,0.0
2021-09-14 12:30:00,0.038354253835425386,-0.1565167899829255,0.4308265078183171,0.3458311015890019,0.5722867126460849,0.9995545657015591,0.5,0.33117943528550065,0.5204349337800671,0.7362565510591073,0.07879197280014502,0.6904852815382106,0.0
2021-09-14 12:40:00,0.07740585774058578,-0.2320242838171126,0.43618763961280704,0.3472594179610784,0.5722867126460849,0.9995545657015591,0.5,0.33117943528550065,0.5204349337800671,0.7362565510591073,0.07879197280014502,0.6904852815382106,0.0
2021-09-14 12:50:00,0.0801952580195258,-0.30753177765129946,0.43946388682055093,0.3472594179610784,0.5722867126460849,0.9995545657015591,0.5,0.33117943528550065,0.5204349337800671,0.7362565510591073,0.07879197280014502,0.6904852815382106,0.0
2021-09-14 13:00:00,0.03626220362622037,-0.3830392714854868,0.44482501861504087,0.3504731297982504,0.5722867126460849,0.9995545657015591,0.5,0.416492002095908,0.5092598712094868,0.5754554814580631,0.1256570406755952,0.7524238411828674,0.0
2021-09-14 13:10:00,0.03695955369595537,-0.45854676531967364,0.4501861504095308,0.3547580789144795,0.5722867126460849,0.9995545657015591,0.5,0.416492002095908,0.5092598712094868,0.5754554814580631,0.1256570406755952,0.7524238411828674,0.0
2021-09-14 13:20:00,0.09693165969316596,-0.5340542591538608,0.45614296351451955,0.35797179075165153,0.5722867126460849,0.9995545657015591,0.5,0.416492002095908,0.5092598712094868,0.5754554814580631,0.1256570406755952,0.7524238411828674,0.0
2021-09-14 13:30:00,0.056485355648535567,-0.6095617529880479,0.4609084139985107,0.36261381896089984,0.5722867126460849,0.9995545657015591,0.5,0.416492002095908,0.5092598712094868,0.5754554814580631,0.1256570406755952,0.7524238411828674,0.0
2021-09-14 13:40:00,0.10111576011157601,-0.34395750332005326,0.4618019359642589,0.362970898053919,0.5722867126460849,0.9995545657015591,0.5,0.416492002095908,0.5092598712094868,0.5754554814580631,0.1256570406755952,0.7524238411828674,0.0
2021-09-14 13:50:00,0.06415620641562064,-0.07835325365205847,0.46358897989575576,0.35797179075165153,0.5722867126460849,0.9995545657015591,0.5,0.416492002095908,0.5092598712094868,0.5754554814580631,0.1256570406755952,0.7524238411828674,0.0
2021-09-14 14:00:00,0.06485355648535565,0.1872509960159361,0.46388682055100494,0.362970898053919,0.5722867126460849,0.9995545657015591,0.5,0.42500941390950553,0.49654460973486125,0.5488212183362571,0.188211287495415,0.7887219598147162,0.0
2021-09-14 14:10:00,0.07112970711297072,-0.31474103585657387,0.4668652271034994,0.36511337261203347,0.5722867126460849,0.9995545657015591,0.5,0.42500941390950553,0.49654460973486125,0.5488212183362571,0.188211287495415,0.7887219598147162,0.0
2021-09-14 14:20:00,0.048814504881450484,-0.8167330677290838,0.46835443037974667,0.3618996607748617,0.5722867126460849,0.9995545657015591,0.5,0.42500941390950553,0.49654460973486125,0.5488212183362571,0.188211287495415,0.7887219598147162,0.0
2021-09-14 14:30:00,0.06555090655509065,-0.17131474103585675,0.4695457930007445,0.35797179075165153,0.5722867126460849,0.9995545657015591,0.5,0.42500941390950553,0.49654460973486125,0.5488212183362571,0.188211287495415,0.7887219598147162,0.0
2021-09-14 14:40:00,0.05718270571827057,-0.16704610130904962,0.46775874906924786,0.35582931619353686,0.5722867126460849,0.9995545657015591,0.5,0.42500941390950553,0.49654460973486125,0.5488212183362571,0.188211287495415,0.7887219598147162,0.0
2021-09-14 14:50:00,0.055090655509065556,-0.1627774615822426,0.46418466120625435,0.3511872879842888,0.5722867126460849,0.9995545657015591,0.5,0.42500941390950553,0.49654460973486125,0.5488212183362571,0.188211287495415,0.7887219598147162,0.0
2021-09-14 15:00:00,0.056485355648535567,-0.15850882185543547,0.46358897989575576,0.3472594179610784,0.5722867126460849,0.9995545657015591,0.5,0.4327695438264598,0.48263684351176966,0.5265118240854768,0.23645187856943403,0.7959704749451817,0.0
2021-09-14 15:10:00,0.04114365411436541,-0.15424018212862844,0.46358897989575576,0.34368862703088743,0.5722867126460849,0.9995545657015591,0.5,0.4327695438264598,0.48263684351176966,0.5265118240854768,0.23645187856943403,0.7959704749451817,0.0
2021-09-14 15:20:00,0.07880055788005579,-0.1499715424018213,0.46358897989575576,0.34333154793786824,0.5722867126460849,0.9995545657015591,0.5,0.4327695438264598,0.48263684351176966,0.5265118240854768,0.23645187856943403,0.7959704749451817,0.0
2021-09-14 15:30:00,0.09693165969316596,-0.1457029026750143,0.46388682055100494,0.33690412426352423,0.5722867126460849,0.9995545657015591,0.5,0.4327695438264598,0.48263684351176966,0.5265118240854768,0.23645187856943403,0.7959704749451817,0.0
2021-09-14 15:40:00,0.11576011157601115,-0.14143426294820738,0.4665673864482498,0.3344045706123906,0.5722867126460849,0.9995545657015591,0.5,0.4327695438264598,0.48263684351176966,0.5265118240854768,0.23645187856943403,0.7959704749451817,0.0
2021-09-14 15:50:00,0.10181311018131102,-0.13716562322140025,0.46418466120625435,0.3301196214961615,0.5722867126460849,0.9995545657015591,0.5,0.4327695438264598,0.48263684351176966,0.5265118240854768,0.23645187856943403,0.7959704749451817,0.0
2021-09-14 16:00:00,0.07670850767085077,-0.13289698349459322,0.46358897989575576,0.3265488305659703,0.5722867126460849,0.9995545657015591,0.5,0.46465689843617364,0.48092423428264314,0.4862437745361552,0.2544612731135192,0.7869542238460813,0.0
2021-09-14 16:10:00,0.10669456066945607,-0.1286283437677861,0.46358897989575576,0.32547759328691295,0.5722867126460849,0.9995545657015591,0.5,0.46465689843617364,0.48092423428264314,0.4862437745361552,0.2544612731135192,0.7869542238460813,0.0
2021-09-14 16:20:00,0.06903765690376569,-0.12435970404097907,0.46358897989575576,0.325120514193894,0.5722867126460849,0.9995545657015591,0.5,0.46465689843617364,0.48092423428264314,0.4862437745361552,0.2544612731135192,0.7869542238460813,0.0
2021-09-14 16:30:00,0.06903765690376569,-0.12009106431417194,0.46358897989575576,0.3219068023567222,0.5722867126460849,0.9995545657015591,0.5,0.46465689843617364,0.48092423428264314,0.4862437745361552,0.2544612731135192,0.7869542238460813,0.0
2021-09-14 16:40:00,0.06764295676429567,-0.11582242458736491,0.46358897989575576,0.3169076950544547,0.5722867126460849,0.9995545657015591,0.5,0.46465689843617364,0.48092423428264314,0.4862437745361552,0.2544612731135192,0.7869542238460813,0.0
2021-09-14 16:50:00,0.0502092050209205,-0.11155378486055789,0.4609084139985107,0.315122299589359,0.5722867126460849,0.9995545657015591,0.5,0.46465689843617364,0.48092423428264314,0.4862437745361552,0.2544612731135192,0.7869542238460813,0.0
2021-09-14 17:00:00,0.05299860529986053,-0.10728514513375076,0.4609084139985107,0.3119085877521872,0.5722867126460849,0.9995545657015591,0.5,0.4706663246863225,0.4744013769837965,0.470621162208326,0.27600893361353557,0.7713943135791302,0.0
2021-09-14 17:10:00,0.07810320781032079,-0.10301650540694374,0.4626954579300073,0.3104802713801109,0.5722867126460849,0.9995545657015591,0.5,0.4706663246863225,0.4744013769837965,0.470621162208326,0.27600893361353557,0.7713943135791302,0.0
2021-09-14 17:20:00,0.05439330543933055,-0.09874786568013671,0.46358897989575576,0.315122299589359,0.5722867126460849,0.9995545657015591,0.5,0.4706663246863225,0.4744013769837965,0.470621162208326,0.27600893361353557,0.7713943135791302,0.0
2021-09-14 17:30:00,0.024407252440725242,-0.09447922595332958,0.46358897989575576,0.315122299589359,0.5722867126460849,0.9995545657015591,0.5,0.4706663246863225,0.4744013769837965,0.470621162208326,0.27600893361353557,0.7713943135791302,0.0
2021-09-14 17:40:00,0.04184100418410042,-0.09021058622652256,0.46358897989575576,0.315122299589359,0.5722867126460849,0.9995545657015591,0.5,0.4706663246863225,0.4744013769837965,0.470621162208326,0.27600893361353557,0.7713943135791302,0.0
2021-09-14 17:50:00,0.061366806136680614,-0.08594194649971543,0.46358897989575576,0.315122299589359,0.5722867126460849,0.9995545657015591,0.5,0.4706663246863225,0.4744013769837965,0.470621162208326,0.27600893361353557,0.7713943135791302,0.0
2021-09-14 18:00:00,0.059274755927475595,-0.0816733067729084,0.46299329858525673,0.3094090341010536,0.5722867126460849,0.9995545657015591,0.5,0.3762582036092712,0.4851741487958593,0.6192701416019186,0.20598741103947732,0.6721540723322067,0.0
2021-09-14 18:10:00,0.0808926080892608,-0.07740466704610127,0.46358897989575576,0.30655240135690076,0.5722867126460849,0.9995545657015591,0.5,0.3762582036092712,0.4851741487958593,0.6192701416019186,0.20598741103947732,0.6721540723322067,0.0
2021-09-14 18:20:00,0.07182705718270573,-0.07313602731929436,0.46358897989575576,0.3040528477057669,0.5722867126460849,0.9995545657015591,0.5,0.3762582036092712,0.4851741487958593,0.6192701416019186,0.20598741103947732,0.6721540723322067,0.0
2021-09-14 18:30:00,0.10529986052998605,-0.06886738759248734,0.4609084139985107,0.2976254240314231,0.5722867126460849,0.9995545657015591,0.5,0.3762582036092712,0.4851741487958593,0.6192701416019186,0.20598741103947732,0.6721540723322067,0.0
2021-09-14 18:40:00,0.0808926080892608,-0.0645987478656802,0.4576321667907668,0.29476879128727007,0.5722867126460849,0.9995545657015591,0.5,0.3762582036092712,0.4851741487958593,0.6192701416019186,0.20598741103947732,0.6721540723322067,0.0
2021-09-14 18:50:00,0.2085076708507671,-0.060330108138873184,0.4537602382725241,0.28905552579896465,0.5539909175380509,0.9995545657015591,0.5,0.3762582036092712,0.4851741487958593,0.6192701416019186,0.20598741103947732,0.6721540723322067,0.0
2021-09-14 19:00:00,0.21408647140864714,-0.05606146841206605,0.4516753536857778,0.2961971076593466,0.3738336103440604,0.9920935412026727,0.5,0.3610799463548908,0.4884470714669548,0.7108934727122003,0.2910260367653427,0.6171455196589585,0.0
2021-09-14 19:10:00,0.27266387726638774,-0.05179282868525903,0.4469099032017869,0.2915550794500983,0.3440996715132638,0.19810690423162583,0.5,0.3610799463548908,0.4884470714669548,0.7108934727122003,0.2910260367653427,0.6171455196589585,0.0703185117008917
2021-09-14 19:20:00,0.18619246861924685,-0.0916334661354582,0.44780342516753513,0.26977325477593306,0.34271243669105234,0.00033407572383073496,0.5,0.3610799463548908,0.4884470714669548,0.7108934727122003,0.2910260367653427,0.6171455196589585,0.05120177437119967
2021-09-14 19:30:00,0.15132496513249652,-0.7370517928286854,0.4504839910647802,0.27905731119442967,0.34904660323775377,0.00022271714922048998,0.5,0.3610799463548908,0.4884470714669548,0.7108934727122003,0.2910260367653427,0.6171455196589585,0.032862078850883415
2021-09-14 19:40:00,0.17782426778242677,-0.856573705179283,0.4516753536857778,0.2994108194965186,0.34904660323775377,0.00033407572383073496,0.5,0.3610799463548908,0.4884470714669548,0.7108934727122003,0.2910260367653427,0.6171455196589585,0.050711408180816875
2021-09-14 19:50:00,0.16457461645746163,-0.7211155378486056,0.4516753536857778,0.3215497232637028,0.3391396526678096,0.00022271714922048998,0.5,0.3610799463548908,0.4884470714669548,0.7108934727122003,0.2910260367653427,0.6171455196589585,0.03851260618314045
2021-09-14 20:00:00,0.16666666666666669,-0.42629482071713154,0.45346239761727447,0.34226031065881113,0.3325830050647158,0.00033407572383073496,0.5,0.3387359779442689,0.5110730531282406,0.7896693917753687,0.29362253954282347,0.6417208329599858,0.04045898275419829
2021-09-14 20:10:00,0.15132496513249652,0.019920318725099362,0.45941921072226344,0.36404213533297636,0.3325830050647158,0.00033407572383073496,0.5,0.3387359779442689,0.5110730531282406,0.7896693917753687,0.29362253954282347,0.6417208329599858,0.024397603995352842
2021-09-14 20:20:00,0.1317991631799163,0.2589641434262948,0.4626954579300073,0.39260846277450456,0.3325830050647158,0.00033407572383073496,0.5,0.3387359779442689,0.5110730531282406,0.7896693917753687,0.29362253954282347,0.6417208329599858,0.011866861807263455
2021-09-14 20:30:00,0.1311018131101813,0.4581673306772909,0.46775874906924786,0.42117479021603277,0.3325830050647158,0.00033407572383073496,0.5,0.3387359779442689,0.5110730531282406,0.7896693917753687,0.29362253954282347,0.6417208329599858,0.012304419330989634
2021-09-14 20:40:00,0.10599721059972106,-0.31474103585657376,0.4698436336559937,0.4511694340296377,0.3325830050647158,0.00033407572383073496,0.5,0.3387359779442689,0.5110730531282406,0.7896693917753687,0.29362253954282347,0.6417208329599858,0.00038474885706957164
2021-09-14 20:50:00,0.11506276150627615,-0.6095617529880479,0.4689501116902457,0.48223531512229956,0.3325830050647158,0.00033407572383073496,0.5,0.3387359779442689,0.5110730531282406,0.7896693917753687,0.29362253954282347,0.6417208329599858,0.008094814188934322
2021-09-14 21:00:00,0.16457461645746163,-0.298804780876494,0.4728220402084884,0.5086591680057133,0.3202418499954195,0.00033407572383073496,0.5,0.33913491424753905,0.518558534742117,0.7930105634896812,0.23825585483218717,0.6670343707480381,0.03824856284985742
2021-09-14 21:10:00,0.201534170153417,0.043824701195219085,0.482055100521221,0.5179432244242099,0.31613249401264215,0.00033407572383073496,0.5,0.33913491424753905,0.518558534742117,0.7930105634896812,0.23825585483218717,0.6670343707480381,0.05950027913152376
2021-09-14 21:20:00,0.19595536959553697,0.05976095617529875,0.4859270290394637,0.5186573826102483,0.31613249401264215,0.00033407572383073496,0.5,0.33913491424753905,0.518558534742117,0.7930105634896812,0.23825585483218717,0.6670343707480381,0.055102071608551996
2021-09-14 21:30:00,0.17224546722454673,0.394422310756972,0.489501116902457,0.5236564899125158,0.31613249401264215,0.00033407572383073496,0.5,0.33913491424753905,0.518558534742117,0.7930105634896812,0.23825585483218717,0.6670343707480381,0.04045143865896163
2021-09-14 21:40:00,0.13389121338912133,0.5139442231075697,0.4897989575577064,0.5393679700053562,0.3254897855020874,0.00033407572383073496,0.5,0.33913491424753905,0.518558534742117,0.7930105634896812,0.23825585483218717,0.6670343707480381,0.01951657437723494
2021-09-14 21:50:00,0.11227336122733612,0.3545816733067728,0.48741623231571096,0.5829316193536869,0.3325830050647158,0.00033407572383073496,0.5,0.33913491424753905,0.518558534742117,0.7930105634896812,0.23825585483218717,0.6670343707480381,0.0031232554279765224
2021-09-14 22:00:00,0.1094839609483961,0.4661354581673305,0.4856291883842141,0.6236386359578647,0.3325830050647158,0.00033407572383073496,0.5,0.2683085280848023,0.542744829845376,0.8887190847773976,0.21273388103099114,0.6834080622047892,0.0
2021-09-14 22:10:00,0.10808926080892609,0.1394422310756971,0.48741623231571096,0.6582753079807178,0.3325830050647158,0.00033407572383073496,0.5,0.2683085280848023,0.542744829845376,0.8887190847773976,0.21273388103099114,0.6834080622047892,0.0
2021-09-14 22:20:00,0.11018131101813111,0.2828685258964143,0.48682055100521215,0.689698268166399,0.3325830050647158,0.00033407572383073496,0.5,0.2683085280848023,0.542744829845376,0.8887190847773976,0.21273388103099114,0.6834080622047892,0.00012824961902319057
2021-09-14 22:30:00,0.11715481171548117,0.3784860557768923,0.49009679821295604,0.7139796464916979,0.3421235162476607,0.00033407572383073496,0.5,0.2683085280848023,0.542744829845376,0.8887190847773976,0.21273388103099114,0.6834080622047892,0.0
2021-09-14 22:40:00,0.09135285913528592,0.05976095617529875,0.4886075949367086,0.7268344938403857,0.34904660323775377,0.000556792873051225,0.5,0.2683085280848023,0.542744829845376,0.8887190847773976,0.21273388103099114,0.6834080622047892,0.0
2021-09-14 22:50:00,0.09205020920502092,-0.6095617529880479,0.4862248696947131,0.6522049633993929,0.34904660323775377,0.7642538975501113,0.5,0.2683085280848023,0.542744829845376,0.8887190847773976,0.21273388103099114,0.6834080622047892,0.0
2021-09-14 23:00:00,0.09483960948396096,-0.47410358565737054,0.47848101265822773,0.6147116586323871,0.34904660323775377,0.9993318485523385,0.5,0.2015697631563762,0.5481872491070582,0.9283297299100114,0.1481108978044112,0.7368011791058171,0.0
2021-09-14 23:10:00,0.10111576011157601,-0.6254980079681276,0.4728220402084884,0.5893590430280307,0.34904660323775377,0.9993318485523385,0.5,0.2015697631563762,0.5481872491070582,0.9283297299100114,0.1481108978044112,0.7368011791058171,0.0
2021-09-14 23:20:00,0.07670850767085077,-0.2914591633466137,0.4606105733432613,0.5682913765399038,0.34904660323775377,0.9993318485523385,0.5,0.2015697631563762,0.5481872491070582,0.9283297299100114,0.1481108978044112,0.7368011791058171,0.0
2021-09-14 23:30:00,0.056485355648535567,0.042579681274900416,0.45197319434102745,0.5472237100517765,0.34904660323775377,0.9993318485523385,0.5,0.2015697631563762,0.5481872491070582,0.9283297299100114,0.1481108978044112,0.7368011791058171,0.0
2021-09-14 23:40:00,0.056485355648535567,0.3766185258964143,0.4460163812360385,0.5275843599357259,0.34904660323775377,0.9993318485523385,0.5,0.2015697631563762,0.5481872491070582,0.9283297299100114,0.1481108978044112,0.7368011791058171,0.0
2021-09-14 23:50:00,0.04393305439330544,0.7106573705179282,0.4427401340282946,0.5115158007498661,0.34904660323775377,0.9993318485523385,0.5,0.2015697631563762,0.5481872491070582,0.9283297299100114,0.1481108978044112,0.7368011791058171,0.0
2021-09-15 00:00:00,0.047071129707112976,0.6195219123505975,0.43976172747580033,0.4970540974825923,0.34904660323775377,0.9993318485523385,0.5,0.21209846632488638,0.5489602220644993,0.8704029404644467,0.1314416588070815,0.9042783558080212,0.0
2021-09-15 00:10:00,0.0502092050209205,0.5283864541832668,0.43678332092330585,0.4825923942153185,0.34904660323775377,0.9993318485523385,0.5,0.21209846632488638,0.5489602220644993,0.8704029404644467,0.1314416588070815,0.9042783558080212,0.0
2021-09-15 00:20:00,0.05788005578800558,0.4372509960159363,0.4358897989575574,0.4700946259596501,0.34904660323775377,0.9993318485523385,0.5,0.21209846632488638,0.5489602220644993,0.8704029404644467,0.1314416588070815,0.9042783558080212,0.0
2021-09-15 00:30:00,0.05788005578800558,0.3461155378486056,0.4320178704393147,0.4608105695411533,0.34904660323775377,0.9993318485523385,0.5,0.21209846632488638,0.5489602220644993,0.8704029404644467,0.1314416588070815,0.9042783558080212,0.0
2021-09-15 00:40:00,0.07670850767085077,0.2549800796812749,0.4269545793000742,0.452597750401714,0.34904660323775377,0.9993318485523385,0.5,0.21209846632488638,0.5489602220644993,0.8704029404644467,0.1314416588070815,0.9042783558080212,0.0
2021-09-15 00:50:00,0.1206415620641562,0.1638446215139442,0.42903946388682024,0.4443849312622745,0.34904660323775377,0.9993318485523385,0.5,0.21209846632488638,0.5489602220644993,0.8704029404644467,0.1314416588070815,0.9042783558080212,0.0
2021-09-15 01:00:00,0.12482566248256625,0.07270916334661348,0.434102755026061,0.4304588466345294,0.34904660323775377,0.9993318485523385,0.5,0.15776128059854133,0.5504688124089465,0.9534691081428998,0.2342576105048444,0.0034684375655214114,0.0
2021-09-15 01:10:00,0.11297071129707113,-0.018426294820717226,0.4344005956813102,0.42046063202999484,0.34904660323775377,0.9993318485523385,0.5,0.15776128059854133,0.5504688124089465,0.9534691081428998,0.2342576105048444,0.0034684375655214114,0.0
2021-09-15 01:20:00,0.09832635983263598,-0.10956175298804793,0.4305286671630677,0.4097482592394215,0.34904660323775377,0.9993318485523385,0.5,0.15776128059854133,0.5504688124089465,0.9534691081428998,0.2342576105048444,0.0034684375655214114,0.0
2021-09-15 01:30:00,0.14295676429567641,-0.20069721115537853,0.4308265078183171,0.40260667737903955,0.34904660323775377,0.9993318485523385,0.5,0.15776128059854133,0.5504688124089465,0.9534691081428998,0.2342576105048444,0.0034684375655214114,0.0
2021-09-15 01:40:00,0.18619246861924685,-0.2918326693227091,0.4236783320923303,0.3922513836814856,0.35104893274528537,0.9993318485523385,0.5,0.15776128059854133,0.5504688124089465,0.9534691081428998,0.2342576105048444,0.0034684375655214114,0.0
2021-09-15 01:50:00,0.20362622036262204,-0.38296812749003983,0.4162323157110943,0.39903588644884835,0.5009749905118374,0.7682628062360801,0.5,0.15776128059854133,0.5504688124089465,0.9534691081428998,0.2342576105048444,0.0034684375655214114,0.0
2021-09-15 02:00:00,0.11157601115760113,-0.47410358565737054,0.4147431124348473,0.42688805570433863,0.5556268076585833,0.0006681514476614699,0.5,0.15069329399447584,0.5373598806920571,0.9821291000749852,0.2934062562262764,0.03919736201782752,0.022141919519592018
2021-09-15 02:10:00,0.07461645746164575,-0.20318725099601598,0.42040208488458664,0.4718800214247456,0.5438222245488215,0.000556792873051225,0.5,0.15069329399447584,0.5373598806920571,0.9821291000749852,0.2934062562262764,0.03919736201782752,0.0
2021-09-15 02:20:00,0.0808926080892608,-0.21115537848605592,0.42427401340282933,0.46473843956436345,0.539045425396867,0.5919821826280623,0.5,0.15069329399447584,0.5373598806920571,0.9821291000749852,0.2934062562262764,0.03919736201782752,0.0
2021-09-15 02:30:00,0.07461645746164575,-0.17928286852589637,0.42010424422933723,0.44117121942510273,0.5390323382759027,0.9995545657015591,0.5,0.15069329399447584,0.5373598806920571,0.9821291000749852,0.2934062562262764,0.03919736201782752,0.0
2021-09-15 02:40:00,0.10808926080892609,-0.14741035856573714,0.4147431124348473,0.4240314229601856,0.5390323382759027,0.9995545657015591,0.5,0.15069329399447584,0.5373598806920571,0.9821291000749852,0.2934062562262764,0.03919736201782752,0.0
2021-09-15 02:50:00,0.11297071129707113,-0.9123505976095618,0.4159344750558449,0.4111765756114978,0.5390323382759027,0.9995545657015591,0.5,0.15069329399447584,0.5373598806920571,0.9821291000749852,0.2934062562262764,0.03919736201782752,0.0
2021-09-15 03:00:00,0.11924686192468618,-0.2589641434262948,0.41027550260610535,0.39903588644884835,0.5390323382759027,0.9995545657015591,0.5,0.13457858204676554,0.5311962115704556,0.983570088961376,0.3153302947203223,0.056587661974733666,0.0
2021-09-15 03:10:00,0.11087866108786612,-0.40079681274900403,0.4069992553983617,0.38939475093733256,0.5390323382759027,0.9995545657015591,0.5,0.13457858204676554,0.5311962115704556,0.9850110017592923,0.3153302947203223,0.056587661974733666,0.0
2021-09-15 03:20:00,0.12412831241283125,-0.5426294820717131,0.40938198064035736,0.3790394572397786,0.5390323382759027,0.9995545657015591,0.5,0.13457858204676554,0.5311962115704556,0.9864520033270954,0.3153302947203223,0.056587661974733666,0.0
2021-09-15 03:30:00,0.14086471408647142,-0.6844621513944225,0.4075949367088605,0.3668987680771292,0.5390323382759027,0.9995545657015591,0.5,0.13457858204676554,0.5311962115704556,0.987892992213486,0.3153302947203223,0.056587661974733666,0.0
2021-09-15 03:40:00,0.1387726638772664,-0.5984063745019921,0.4043186895011168,0.35761471165863257,0.5390323382759027,0.9995545657015591,0.5,0.13457858204676554,0.5311962115704556,0.9893339810998768,0.3153302947203223,0.056587661974733666,0.0
2021-09-15 03:50:00,0.15411436541143653,-0.5123505976095619,0.4040208488458674,0.35011605070523144,0.5390323382759027,0.9995545657015591,0.5,0.13457858204676554,0.5311962115704556,0.9907749065792055,0.3153302947203223,0.056587661974733666,0.0
2021-09-15 04:00:00,0.14783821478382148,-0.42629482071713154,0.40163812360387197,0.3426173897518301,0.5390323382759027,0.9995545657015591,0.5,0.09393764239684632,0.5330697371029891,0.9922158954655962,0.319123321683526,0.06447589600536618,0.0
2021-09-15 04:10:00,0.15411436541143653,-0.5617529880478087,0.3998510796723751,0.3344045706123906,0.5390323382759027,0.9995545657015591,0.5,0.09393764239684632,0.5330697371029891,0.9936568843519868,0.319123321683526,0.06447589600536618,0.0
2021-09-15 04:20:00,0.15202231520223153,-0.10756972111553798,0.39776619508562905,0.32690590965898947,0.5390323382759027,0.9995545657015591,0.5,0.09393764239684632,0.5330697371029891,0.9950978732383776,0.319123321683526,0.06447589600536618,0.0
2021-09-15 04:30:00,0.1087866108786611,0.01195219123505975,0.39448994787788516,0.32226388144974116,0.5390323382759027,0.9995545657015591,0.5,0.09393764239684632,0.5330697371029891,0.9965387987177063,0.319123321683526,0.06447589600536618,0.0
2021-09-15 04:40:00,0.11785216178521618,0.5298804780876492,0.388235294117647,0.31762185324049286,0.5390323382759027,0.9995545657015591,0.5,0.09393764239684632,0.5330697371029891,0.997979787604097,0.319123321683526,0.06447589600536618,0.0
2021-09-15 04:50:00,0.11576011157601115,0.49454356487095086,0.3795979151154132,0.3104802713801109,0.5390323382759027,0.9995545657015591,0.5,0.09393764239684632,0.5330697371029891,0.9994207891719,0.319123321683526,0.06447589600536618,0.0
2021-09-15 05:00:00,0.09274755927475593,0.45920665165425256,0.3772151898734175,0.3054811640778434,0.5390323382759027,0.9995545657015591,0.5,0.09607107276543458,0.527543986184187,0.9994207891719,0.32119549359838656,0.07298209212251318,0.0
2021-09-15 05:10:00,0.08298465829846582,0.42386973843755404,0.3772151898734175,0.29976789858953756,0.5390323382759027,0.9995545657015591,0.5,0.09607107276543458,0.527543986184187,0.9994207891719,0.32119549359838656,0.07298209212251318,0.0
2021-09-15 05:20:00,0.06834030683403068,0.3885328252208553,0.372747580044676,0.2965541867523658,0.5390323382759027,0.9995545657015591,0.5,0.09607107276543458,0.527543986184187,0.9994207891719,0.32119549359838656,0.07298209212251318,0.0
2021-09-15 05:30:00,0.05230125523012552,0.35319591200415723,0.3685778108711839,0.29334047491519377,0.5390323382759027,0.9995545657015591,0.5,0.09607107276543458,0.527543986184187,0.9994207891719,0.32119549359838656,0.07298209212251318,0.0
2021-09-15 05:40:00,0.05439330543933055,0.3178589987874587,0.3655994043186892,0.28691305124084976,0.5390323382759027,0.9995545657015591,0.5,0.09607107276543458,0.527543986184187,0.9994207891719,0.32119549359838656,0.07298209212251318,0.0
2021-09-15 05:50:00,0.055788005578800565,0.2825220855707602,0.36262099776619494,0.2833422603106588,0.5390323382759027,0.9995545657015591,0.5,0.09607107276543458,0.527543986184187,0.9994207891719,0.32119549359838656,0.07298209212251318,0.0
2021-09-15 06:00:00,0.06485355648535565,0.2471851723540619,0.35934475055845105,0.27905731119442967,0.5390323382759027,0.9995545657015591,0.5,0.06008785870830802,0.549885490809094,0.9994207891719,0.324089692193585,0.09426380346513652,0.0
2021-09-15 06:10:00,0.056485355648535567,0.21184825913736338,0.35577066269545776,0.2737011247991432,0.5390323382759027,0.9995545657015591,0.5,0.06008785870830802,0.549885490809094,0.9994207891719,0.324089692193585,0.09426380346513652,0.0
2021-09-15 06:20:00,0.06555090655509065,0.17651134592066509,0.3542814594192105,0.270487412961971,0.5390323382759027,0.9995545657015591,0.5,0.06008785870830802,0.549885490809094,0.9994207891719,0.324089692193585,0.09426380346513652,0.0
2021-09-15 06:30:00,0.061366806136680614,0.14117443270396657,0.3527922561429635,0.26477414747366557,0.5390323382759027,0.9995545657015591,0.5,0.06008785870830802,0.549885490809094,0.9994207891719,0.324089692193585,0.09426380346513652,0.0
2021-09-15 06:40:00,0.07112970711297072,0.10583751948726827,0.34772896500372297,0.26156043563649356,0.5390323382759027,0.9995545657015591,0.5,0.06008785870830802,0.549885490809094,0.9994207891719,0.324089692193585,0.09426380346513652,0.0
2021-09-15 06:50:00,0.11715481171548117,0.07050060627056975,0.34772896500372297,0.25656132833422607,0.5390323382759027,0.9995545657015591,0.5,0.06008785870830802,0.549885490809094,0.9994207891719,0.324089692193585,0.09426380346513652,0.0
2021-09-15 07:00:00,0.1882845188284519,0.03516369305387146,0.34772896500372297,0.24763435100874842,0.5412048003559696,0.9995545657015591,0.5,0.06663470328924825,0.5521699276163987,0.9994207891719,0.3492720660190482,0.09534819131159102,0.0
2021-09-15 07:10:00,0.1324965132496513,-0.0001732201628270591,0.3447505584512285,0.24620603463667212,0.6254204237609768,0.9995545657015591,0.5,0.06663470328924825,0.5521699276163987,0.9994207891719,0.3492720660190482,0.09534819131159102,0.0
2021-09-15 07:20:00,0.1199442119944212,-0.035510133379525466,0.33879374534623974,0.24549187645063397,0.6325136433236053,0.9995545657015591,0.5,0.06663470328924825,0.5521699276163987,0.9994207891719,0.3492720660190482,0.09534819131159102,0.0
2021-09-15 07:30:00,0.11715481171548117,-0.07084704659622387,0.33581533879374503,0.24049276914836648,0.6325136433236053,0.9995545657015591,0.5,0.06663470328924825,0.5521699276163987,0.9994207891719,0.3492720660190482,0.09534819131159102,0.0
2021-09-15 07:40:00,0.11506276150627615,-0.10618395981292239,0.33581533879374503,0.235493661846099,0.6325136433236053,0.9995545657015591,0.5,0.06663470328924825,0.5521699276163987,0.9994207891719,0.3492720660190482,0.09534819131159102,0.0
2021-09-15 07:50:00,0.1290097629009763,-0.1415208730296208,0.33581533879374503,0.23263702910194617,0.6325136433236053,0.9995545657015591,0.5,0.06663470328924825,0.5521699276163987,0.9994207891719,0.3492720660190482,0.09534819131159102,0.0
2021-09-15 08:00:00,0.14086471408647142,-0.1768577862463192,0.3370067014147431,0.22620960542760238,0.6325136433236053,0.9995545657015591,0.5,0.07345027371212876,0.5514256897131391,0.9994207891719,0.3371900078455921,0.0952289309171347,0.0
2021-09-15 08:10:00,0.17433751743375175,-0.2121946994630176,0.3384959046909901,0.2258525263345832,0.6325136433236053,0.9995545657015591,0.5,0.07345027371212876,0.5514256897131391,0.9994207891719,0.3371900078455921,0.0952289309171347,0.0
2021-09-15 08:20:00,0.16875871687587168,-0.24753161267971602,0.33670886075949347,0.225495447241564,0.6813286045202915,0.5589086859688196,0.5,0.07345027371212876,0.5514256897131391,0.9994207891719,0.3371900078455921,0.0952289309171347,0.0
2021-09-15 08:30:00,0.1708507670850767,-0.2828685258964144,0.34058078927773616,0.23299410819496535,0.7005666723377525,0.49654788418708246,0.5,0.07345027371212876,0.5514256897131391,0.9994207891719,0.3371900078455921,0.0952289309171347,0.0
2021-09-15 08:40:00,0.19595536959553697,-0.5139442231075697,0.343261355174981,0.23620782003213714,0.6976220701207942,0.1079064587973274,0.5,0.07345027371212876,0.5514256897131391,0.9994207891719,0.3371900078455921,0.0952289309171347,0.0
2021-09-15 08:50:00,0.29358437935843795,0.2350597609561753,0.34266567386448243,0.23763613640421344,0.6841685097695358,0.05233853006681515,0.5,0.07345027371212876,0.5514256897131391,0.9994207891719,0.3371900078455921,0.0952289309171347,0.11078503855032666
2021-09-15 09:00:00,0.24407252440725244,0.346613545816733,0.3542814594192105,0.23906445277629018,0.6841685097695358,0.00022271714922048998,0.5,0.09097365339402708,0.5644541632783251,0.9994207891719,0.27277661773557405,0.1156920808397444,0.08824328198319176
2021-09-15 09:10:00,0.23709902370990238,-0.03585657370517936,0.3620253164556959,0.2562042492412069,0.6841685097695358,0.00033407572383073496,0.5,0.09097365339402708,0.5644541632783251,0.9994207891719,0.27277661773557405,0.1156920808397444,0.07595395084267545
2021-09-15 09:20:00,0.1882845188284519,-0.3944223107569722,0.3655994043186892,0.28119978575254434,0.6841685097695358,0.00022271714922048998,0.5,0.09097365339402708,0.5644541632783251,0.9994207891719,0.27277661773557405,0.1156920808397444,0.056324215036890626
2021-09-15 09:30:00,0.17433751743375175,-0.2828685258964144,0.37423678332092325,0.31155150865916803,0.6841685097695358,0.00022271714922048998,0.5,0.09097365339402708,0.5644541632783251,0.9994207891719,0.27277661773557405,0.1156920808397444,0.04608687780074536
2021-09-15 09:40:00,0.14504881450488147,-0.5139442231075697,0.3843633655994041,0.34797357614711655,0.6783054795775476,0.00022271714922048998,0.5,0.09097365339402708,0.5644541632783251,0.9994207891719,0.27277661773557405,0.1156920808397444,0.037976975421337725
2021-09-15 09:50:00,0.20292887029288703,-0.47410358565737054,0.39448994787788516,0.3808248527048743,0.6628234154768293,0.00022271714922048998,0.5,0.09097365339402708,0.5644541632783251,0.9994207891719,0.27277661773557405,0.1156920808397444,0.07092203931982438
2021-09-15 10:00:00,0.20711297071129708,-0.3466135458167332,0.40610573343261325,0.3940367791465811,0.6512413134234599,0.00033407572383073496,0.5,0.3820966285696561,0.5585002600522402,0.615763984712811,0.2364707377007435,0.17315790803388978,0.06770071065377128
2021-09-15 10:10:00,0.17782426778242677,-0.1872509960159363,0.41682799702159334,0.4111765756114978,0.6512413134234599,0.00022271714922048998,0.5,0.3820966285696561,0.5585002600522402,0.615763984712811,0.2364707377007435,0.17315790803388978,0.05013805694283084
2021-09-15 10:20:00,0.21269177126917713,0.12350597609561742,0.42933730454206964,0.4358150330298163,0.6512413134234599,0.00022271714922048998,0.5,0.3820966285696561,0.5585002600522402,0.615763984712811,0.2364707377007435,0.17315790803388978,0.058715693226911295
2021-09-15 10:30:00,0.16457461645746163,0.2350597609561753,0.4400595681310495,0.4561685413319052,0.6593160670584077,0.00022271714922048998,0.5,0.3820966285696561,0.5585002600522402,0.615763984712811,0.2364707377007435,0.17315790803388978,0.03740362418335169
2021-09-15 10:40:00,0.11366806136680613,0.3227091633466135,0.41861504095308977,0.4229601856811285,0.6753608773605894,0.00033407572383073496,0.5,0.3820966285696561,0.5585002600522402,0.615763984712811,0.2364707377007435,0.17315790803388978,0.016755435520618013
2021-09-15 10:50:00,0.12831241283124128,-0.29083665338645437,0.4129560685033504,0.3822531690769506,0.6839460287131434,0.00033407572383073496,0.5,0.3820966285696561,0.5585002600522402,0.615763984712811,0.2364707377007435,0.17315790803388978,0.026374156947357306
2021-09-15 11:00:00,0.11506276150627615,0.31474103585657365,0.4150409530900967,0.36761292626316733,0.6706495138134563,0.00033407572383073496,0.5,0.39506817871786026,0.5699368116158591,0.5583141431860805,0.2006145114314016,0.27993216389002973,0.017238257615764144
2021-09-15 11:10:00,0.08926080892608089,0.12350597609561742,0.42040208488458664,0.3683270844492055,0.6947036421457644,0.010133630289532295,0.5,0.39506817871786026,0.5699368116158591,0.5583141431860805,0.2006145114314016,0.27993216389002973,0.00022632285709974802
2021-09-15 11:20:00,0.09205020920502092,0.6175298804780875,0.4269545793000742,0.35761471165863257,0.6908298543403436,0.38775055679287307,0.5,0.39506817871786026,0.5699368116158591,0.5583141431860805,0.2006145114314016,0.27993216389002973,0.0
2021-09-15 11:30:00,0.11018131101813111,0.49800796812749004,0.4430379746835442,0.3668987680771292,0.6841685097695358,0.9993318485523385,0.5,0.39506817871786026,0.5699368116158591,0.5583141431860805,0.2006145114314016,0.27993216389002973,0.0
2021-09-15 11:40:00,0.07740585774058578,0.784860557768924,0.45941921072226344,0.39760757007677205,0.6841685097695358,0.9993318485523385,0.5,0.39506817871786026,0.5699368116158591,0.5583141431860805,0.2006145114314016,0.27993216389002973,0.0
2021-09-15 11:50:00,0.08368200836820083,0.6839309428950862,0.4737155621742366,0.4126048919835743,0.6841685097695358,0.9993318485523385,0.5,0.39506817871786026,0.5699368116158591,0.5583141431860805,0.2006145114314016,0.27993216389002973,0.0
2021-09-15 12:00:00,0.048117154811715475,0.5830013280212483,0.48652271034996253,0.4208177111230138,0.6841685097695358,0.9993318485523385,0.5,0.40682644353005104,0.5623277692690108,0.5415570517085857,0.2096628351359149,0.3351893493883298,0.0
2021-09-15 12:10:00,0.09902370990237098,0.4820717131474104,0.49784065524944143,0.42831637207641493,0.6841685097695358,0.9993318485523385,0.5,0.40682644353005104,0.5623277692690108,0.5415570517085857,0.2096628351359149,0.3351893493883298,0.0
2021-09-15 12:20:00,0.05299860529986053,0.3811420982735725,0.5067758749069247,0.4301017675415104,0.6841685097695358,0.9993318485523385,0.5,0.40682644353005104,0.5623277692690108,0.5415570517085857,0.2096628351359149,0.3351893493883298,0.0
2021-09-15 12:30:00,0.10599721059972106,0.28021248339973437,0.5166046165301563,0.4400999821460454,0.6841685097695358,0.9993318485523385,0.5,0.40682644353005104,0.5623277692690108,0.5415570517085857,0.2096628351359149,0.3351893493883298,0.0
2021-09-15 12:40:00,0.06764295676429567,0.17928286852589648,0.5267311988086372,0.4465274058203892,0.6841685097695358,0.9993318485523385,0.5,0.40682644353005104,0.5623277692690108,0.5415570517085857,0.2096628351359149,0.3351893493883298,0.0
2021-09-15 12:50:00,0.043235704323570434,0.07835325365205836,0.5365599404318686,0.45366898768077135,0.6841685097695358,0.9993318485523385,0.5,0.40682644353005104,0.5623277692690108,0.5415570517085857,0.2096628351359149,0.3351893493883298,0.0
2021-09-15 13:00:00,0.08228730822873082,-0.02257636122177953,0.5469843633655993,0.4633101231922869,0.6841685097695358,0.9993318485523385,0.5,0.5274626670531177,0.5528710629383901,0.3458945259034968,0.22065059357125913,0.3123893193344836,0.0
2021-09-15 13:10:00,0.15760111576011157,-0.12350597609561753,0.5574087862993298,0.46973754686663094,0.6841685097695358,0.9993318485523385,0.5,0.5274626670531177,0.5528710629383901,0.3458945259034968,0.22065059357125913,0.3123893193344836,0.0
2021-09-15 13:20:00,0.12273361227336123,0.4262948207171313,0.5648548026805658,0.47723620782003207,0.691052335396736,0.7334075723830735,0.5,0.5274626670531177,0.5528710629383901,0.3458945259034968,0.22065059357125913,0.3123893193344836,0.0
2021-09-15 13:30:00,0.15829846582984658,0.346613545816733,0.5723008190618017,0.48544902695947156,0.694284854274908,0.9993318485523385,0.5,0.5274626670531177,0.5528710629383901,0.3458945259034968,0.22065059357125913,0.3123893193344836,0.0
2021-09-15 13:40:00,0.08786610878661089,0.2669322709163344,0.581236038719285,0.487591501517586,0.694284854274908,0.9993318485523385,0.5,0.5274626670531177,0.5528710629383901,0.3458945259034968,0.22065059357125913,0.3123893193344836,0.0
2021-09-15 13:50:00,0.06624825662482565,0.1872509960159361,0.5874906924795233,0.4990180324941975,0.694284854274908,0.9993318485523385,0.5,0.5274626670531177,0.5528710629383901,0.3458945259034968,0.22065059357125913,0.3123893193344836,0.0
2021-09-15 14:00:00,0.13807531380753138,0.10756972111553775,0.5952345495160087,0.5068737725406176,0.694284854274908,0.9993318485523385,0.5,0.5331708148459935,0.5278974273505991,0.2947843760434425,0.23927781904316234,0.2940648515785298,0.0
2021-09-15 14:10:00,0.13807531380753138,0.027888446215139195,0.5976172747580044,0.5079450098196749,0.694284854274908,0.9993318485523385,0.5,0.5331708148459935,0.5278974273505991,0.2947843760434425,0.23927781904316234,0.2940648515785298,0.0
2021-09-15 14:20:00,0.07740585774058578,-0.05179282868525914,0.5991064780342514,0.5079450098196749,0.694284854274908,0.9993318485523385,0.5,0.5331708148459935,0.5278974273505991,0.2947843760434425,0.23927781904316234,0.2940648515785298,0.0
2021-09-15 14:30:00,0.08577405857740586,-0.13147410358565736,0.6062546537602382,0.5136582753079808,0.694284854274908,0.9993318485523385,0.5,0.5331708148459935,0.5278974273505991,0.2947843760434425,0.23927781904316234,0.2940648515785298,0.0
2021-09-15 14:40:00,0.22733612273361226,0.08366533864541825,0.6110201042442291,0.517586145331191,0.700043187499182,0.5105790645879733,0.5,0.5331708148459935,0.5278974273505991,0.2947843760434425,0.23927781904316234,0.2940648515785298,0.011866861807263455
2021-09-15 14:50:00,0.14574616457461645,0.24302788844621515,0.6125093075204764,0.5093733261917515,0.7347502322963971,0.00011135857461024499,0.5,0.5331708148459935,0.5278974273505991,0.2947843760434425,0.23927781904316234,0.2940648515785298,0.017962490758483336
2021-09-15 15:00:00,0.14853556485355648,0.5776892430278884,0.6157855547282203,0.535440099982146,0.7542762167750716,0.00011135857461024499,0.5,0.5346121019016932,0.511541434511375,0.29044111912449555,0.26213607163864844,0.30262210276621826,0.01775880018709356
2021-09-15 15:10:00,0.11436541143654114,0.4183266932270917,0.6214445271779596,0.5643635065166934,0.7918493410634595,0.016035634743875277,0.5,0.5346121019016932,0.511541434511375,0.29044111912449555,0.26213607163864844,0.30262210276621826,0.0
2021-09-15 15:20:00,0.12273361227336123,0.38291279327135874,0.621742367833209,0.5586502410283878,0.8101974846553507,0.7551224944320714,0.5,0.5346121019016932,0.511541434511375,0.29044111912449555,0.26213607163864844,0.30262210276621826,0.0
2021-09-15 15:30:00,0.08577405857740586,0.3474988933156262,0.6220402084884586,0.5575790037493304,0.8088625983169964,0.9993318485523385,0.5,0.5346121019016932,0.511541434511375,0.29044111912449555,0.26213607163864844,0.30262210276621826,0.0
2021-09-15 15:40:00,0.06624825662482565,0.3120849933598939,0.6274013402829486,0.5532940546331013,0.8088625983169964,0.9993318485523385,0.5,0.5346121019016932,0.511541434511375,0.29044111912449555,0.26213607163864844,0.30262210276621826,0.0
2021-09-15 15:50:00,0.055788005578800565,0.27667109340416096,0.629188384214445,0.5568648455632923,0.8088625983169964,0.9993318485523385,0.5,0.5346121019016932,0.511541434511375,0.29044111912449555,0.26213607163864844,0.30262210276621826,0.0
2021-09-15 16:00:00,0.14365411436541145,0.24125719344842844,0.6303797468354431,0.5565077664702731,0.8088625983169964,0.9993318485523385,0.5,0.56610862500888,0.49620840960095636,0.24409841942680777,0.2943279036007175,0.3123204618452307,0.0
2021-09-15 16:10:00,0.16945606694560672,0.2058432934926957,0.6321667907669395,0.549009105516872,0.7782387352606299,0.8090200445434299,0.5,0.56610862500888,0.49620840960095636,0.24409841942680777,0.2943279036007175,0.3123204618452307,0.0
2021-09-15 16:20:00,0.07391910739191074,0.17042939353696318,0.6363365599404316,0.5504374218889485,0.7414377511091335,0.9993318485523385,0.5,0.56610862500888,0.49620840960095636,0.24409841942680777,0.2943279036007175,0.3123204618452307,0.0
2021-09-15 16:30:00,0.07112970711297072,0.13501549358123044,0.6393149664929261,0.552579896447063,0.7414377511091335,0.9993318485523385,0.5,0.56610862500888,0.49620840960095636,0.24409841942680777,0.2943279036007175,0.3123204618452307,0.0
2021-09-15 16:40:00,0.06834030683403068,0.09960159362549792,0.6411020104244229,0.5554365291912158,0.7414377511091335,0.9993318485523385,0.5,0.56610862500888,0.49620840960095636,0.24409841942680777,0.2943279036007175,0.3123204618452307,0.0
2021-09-15 16:50:00,0.15760111576011157,0.143426294820717,0.645271779597915,0.5515086591680056,0.7414377511091335,0.9993318485523385,0.5,0.56610862500888,0.49620840960095636,0.24409841942680777,0.2943279036007175,0.3123204618452307,0.0
2021-09-15 17:00:00,0.12203626220362622,0.1872509960159361,0.6482501861504093,0.5504374218889485,0.7414377511091335,0.9993318485523385,0.5,0.5628759101641203,0.48771720109078187,0.2558813537204791,0.3350669000027364,0.30406647615378657,0.0
2021-09-15 17:10:00,0.07322175732217574,0.1756052712228009,0.6485480268056589,0.5504374218889485,0.7414377511091335,0.9993318485523385,0.5,0.5628759101641203,0.48771720109078187,0.2558813537204791,0.3350669000027364,0.30406647615378657,0.0
2021-09-15 17:20:00,0.05160390516039052,0.16395954642966593,0.652717795979151,0.5482949473308338,0.7414377511091335,0.9993318485523385,0.5,0.5628759101641203,0.48771720109078187,0.2558813537204791,0.3350669000027364,0.30406647615378657,0.0
2021-09-15 17:30:00,0.08577405857740586,0.15231382163653073,0.6661206254653758,0.5468666309587575,0.7414377511091335,0.9993318485523385,0.5,0.5628759101641203,0.48771720109078187,0.2558813537204791,0.3350669000027364,0.30406647615378657,0.0
2021-09-15 17:40:00,0.05439330543933055,0.14066809684339554,0.6735666418466117,0.5468666309587575,0.7414377511091335,0.9993318485523385,0.5,0.5628759101641203,0.48771720109078187,0.2558813537204791,0.3350669000027364,0.30406647615378657,0.0
2021-09-15 17:50:00,0.08926080892608089,0.12902237205026035,0.6679076693968726,0.5468666309587575,0.7414377511091335,0.9993318485523385,0.5,0.5628759101641203,0.48771720109078187,0.2558813537204791,0.3350669000027364,0.30406647615378657,0.0
2021-09-15 18:00:00,0.07461645746164575,0.11737664725712538,0.6670141474311242,0.5432958400285663,0.7414377511091335,0.9993318485523385,0.5,0.42670311714638953,0.474746197633955,0.43975916983416646,0.34498638719423524,0.34395270621899315,0.0
2021-09-15 18:10:00,0.15690376569037656,0.10573092246399018,0.6649292628443781,0.5397250490983752,0.7414377511091335,0.9993318485523385,0.5,0.42670311714638953,0.474746197633955,0.43975916983416646,0.34498638719423524,0.34395270621899315,0.0
2021-09-15 18:20:00,0.0815899581589958,0.09408519767085499,0.6568875651526431,0.535440099982146,0.7414377511091335,0.9993318485523385,0.5,0.42670311714638953,0.474746197633955,0.43975916983416646,0.34498638719423524,0.34395270621899315,0.0
2021-09-15 18:30:00,0.15132496513249652,0.0824394728777198,0.6571854058078928,0.5293697554008212,0.7414377511091335,0.9993318485523385,0.5,0.42670311714638953,0.474746197633955,0.43975916983416646,0.34498638719423524,0.34395270621899315,0.0
2021-09-15 18:40:00,0.14435146443514643,0.0707937480845846,0.6571854058078928,0.5240135690055348,0.7414377511091335,0.9993318485523385,0.5,0.42670311714638953,0.474746197633955,0.43975916983416646,0.34498638719423524,0.34395270621899315,0.0
2021-09-15 18:50:00,0.15202231520223153,0.059148023291449414,0.6548026805658969,0.5172290662381716,0.7414377511091335,0.9993318485523385,0.5,0.42670311714638953,0.474746197633955,0.43975916983416646,0.34498638719423524,0.34395270621899315,0.0
2021-09-15 19:00:00,0.22733612273361226,0.047502298498314444,0.6473566641846609,0.5161578289591144,0.6509664838832104,0.5014476614699332,0.5,0.40698930666598176,0.49088093055599646,0.5187802205982406,0.28067979618208827,0.319050087056834,0.03253768275570711
2021-09-15 19:10:00,0.20641562064156208,0.03585657370517925,0.645271779597915,0.5218710944474201,0.6432843438771904,0.00011135857461024499,0.5,0.40698930666598176,0.49088093055599646,0.5187802205982406,0.28067979618208827,0.319050087056834,0.06458499932103143
2021-09-15 19:20:00,0.23640167364016737,-0.24302788844621515,0.6434847356664184,0.5311551508659167,0.632448207718784,0.00011135857461024499,0.5,0.40698930666598176,0.49088093055599646,0.5187802205982406,0.28067979618208827,0.319050087056834,0.09150233112542813
2021-09-15 19:30:00,0.2601115760111576,-0.11553784860557781,0.6369322412509306,0.5411533654704517,0.6500634725366767,0.00022271714922048998,0.5,0.40698930666598176,0.49088093055599646,0.5187802205982406,0.28067979618208827,0.319050087056834,0.11603572883504082
2021-09-15 19:40:00,0.2524407252440725,0.05976095617529875,0.6303797468354431,0.5482949473308338,0.6320032456059991,0.00022271714922048998,0.5,0.40698930666598176,0.49088093055599646,0.5187802205982406,0.28067979618208827,0.319050087056834,0.09611931741026299
2021-09-15 19:50:00,0.2768479776847978,-0.08366533864541836,0.6172747580044673,0.5540082128191393,0.6912879035740928,0.00033407572383073496,0.5,0.40698930666598176,0.49088093055599646,0.5187802205982406,0.28067979618208827,0.319050087056834,0.12287822321468986
2021-09-15 20:00:00,0.298465829846583,0.043824701195219085,0.5687267311988085,0.497589716122121,0.6937875436782662,0.00022271714922048998,0.5,0.38264218505428027,0.4992227167844341,0.6078429209249264,0.3533701841831964,0.26494437657239694,0.14468065844863226
2021-09-15 20:10:00,0.35146443514644354,0.3705179282868525,0.5440059568131048,0.45545438314586684,0.7185483765426444,0.00022271714922048998,0.5,0.38264218505428027,0.4992227167844341,0.6078429209249264,0.3533701841831964,0.26494437657239694,0.20578028577032756
2021-09-15 20:20:00,0.3926080892608089,0.01195219123505975,0.5255398361876396,0.43117300482056775,0.7115860281896585,0.00022271714922048998,0.5,0.38264218505428027,0.4992227167844341,0.6078429209249264,0.3533701841831964,0.26494437657239694,0.27010878585331266
2021-09-15 20:30:00,0.37447698744769875,-0.12350597609561753,0.5106478034251674,0.41331905016961246,0.710499797149625,0.00022271714922048998,0.5,0.38264218505428027,0.4992227167844341,0.6078429209249264,0.3533701841831964,0.26494437657239694,0.2534665117612445
2021-09-15 20:40:00,0.41562064156206413,-0.2270916334661356,0.5008190618019359,0.40724870558828763,0.7034458389498894,0.00022271714922048998,0.5,0.38264218505428027,0.4992227167844341,0.6078429209249264,0.3533701841831964,0.26494437657239694,0.3077311887985274
2021-09-15 20:50:00,0.49860529986053004,-0.31474103585657376,0.4939687267311985,0.39903588644884835,0.6992448731203622,0.00022271714922048998,0.5,0.38264218505428027,0.4992227167844341,0.6078429209249264,0.3533701841831964,0.26494437657239694,0.43787437572611915
2021-09-15 21:00:00,0.44142259414225943,-0.2270916334661356,0.48801191362620977,0.3968934118907337,0.6992448731203622,0.00022271714922048998,0.5,0.37790304457006707,0.5024755249176016,0.6437180024188526,0.4292915861855121,0.2548825866186419,0.3465757351720808
2021-09-15 21:10:00,0.2824267782426778,0.1633466135458166,0.4850335070737155,0.3968934118907337,0.6992448731203622,0.00033407572383073496,0.5,0.37790304457006707,0.5024755249176016,0.6437180024188526,0.4292915861855121,0.2548825866186419,0.18606756491693952
2021-09-15 21:20:00,0.41492329149232915,-0.15537848605577698,0.48354430379746827,0.3968934118907337,0.6992448731203622,0.00022271714922048998,0.5,0.37790304457006707,0.5024755249176016,0.6437180024188526,0.4292915861855121,0.2548825866186419,0.3172971015586101
2021-09-15 21:30:00,0.41631799163179917,-0.2828685258964144,0.4781831720029781,0.3968934118907337,0.688225517268456,0.00022271714922048998,0.5,0.37790304457006707,0.5024755249176016,0.6437180024188526,0.4292915861855121,0.2548825866186419,0.30261629222807307
2021-09-15 21:40:00,0.4344490934449094,0.01195219123505975,0.4763961280714817,0.3936797000535619,0.6880422975749565,0.00022271714922048998,0.5,0.37790304457006707,0.5024755249176016,0.6437180024188526,0.4292915861855121,0.2548825866186419,0.3377566878404273
2021-09-15 21:50:00,0.44979079497907953,0.027888446215139417,0.47580044676098265,0.3886805927512944,0.6880422975749565,0.00022271714922048998,0.5,0.37790304457006707,0.5024755249176016,0.6437180024188526,0.4292915861855121,0.2548825866186419,0.370037871358088
2021-09-15 22:00:00,0.4302649930264993,0.019920318725099362,0.47192851824273996,0.3861810391001608,0.6880422975749565,0.00022271714922048998,0.5,0.2840730659460622,0.5088662009672229,0.7898427466823207,0.46476365936354447,0.24752366242507062,0.33100472260361813
2021-09-15 22:10:00,0.4609483960948396,-0.06772908366533881,0.4698436336559937,0.3861810391001608,0.6880422975749565,0.00022271714922048998,0.5,0.2840730659460622,0.5088662009672229,0.7898427466823207,0.46476365936354447,0.24752366242507062,0.38987884183049926
2021-09-15 22:20:00,0.46234309623430964,0.15537848605577675,0.4704393149664927,0.3861810391001608,0.6880422975749565,0.00022271714922048998,0.5,0.2840730659460622,0.5088662009672229,0.7898427466823207,0.46476365936354447,0.24752366242507062,0.3948126801152738
2021-09-15 22:30:00,0.37447698744769875,-0.21115537848605592,0.46775874906924786,0.38689519728619914,0.6821269188991114,0.00033407572383073496,0.5,0.2840730659460622,0.5088662009672229,0.7898427466823207,0.46476365936354447,0.24752366242507062,0.24777826395280414
2021-09-15 22:40:00,0.33751743375174337,-0.1394422310756973,0.46031273268801187,0.3861810391001608,0.6723639266597741,0.00022271714922048998,0.5,0.2840730659460622,0.5088662009672229,0.7898427466823207,0.46476365936354447,0.24752366242507062,0.2138901881497352
2021-09-15 22:50:00,0.35495118549511856,-0.31474103585657376,0.45256887565152626,0.38475272272808425,0.6652183586132886,0.00033407572383073496,0.5,0.2840730659460622,0.5088662009672229,0.7898427466823207,0.46476365936354447,0.24752366242507062,0.2185222626250434
2021-09-15 23:00:00,0.35495118549511856,0.08366533864541825,0.44839910647803394,0.3790394572397786,0.6542513512452395,0.00033407572383073496,0.5,0.19510436681994614,0.498668130238759,0.8101699093672141,0.4621459558847595,0.23351204768939943,0.22252817719570894
2021-09-15 23:10:00,0.3312412831241283,0.07569721115537842,0.44929262844378237,0.37332619175147297,0.6542513512452395,0.00033407572383073496,0.5,0.19510436681994614,0.498668130238759,0.8101699093672141,0.4621459558847595,0.23351204768939943,0.19789670624801967
2021-09-15 23:20:00,0.33403068340306835,0.2749003984063745,0.4516753536857778,0.3654704517050529,0.6542513512452395,0.00022271714922048998,0.5,0.19510436681994614,0.498668130238759,0.8101699093672141,0.4621459558847595,0.23351204768939943,0.1875537516785612
2021-09-15 23:30:00,0.3193863319386332,-0.298804780876494,0.44899478778853297,0.35940010712372805,0.6542513512452395,0.00011135857461024499,0.5,0.19510436681994614,0.498668130238759,0.8101699093672141,0.4621459558847595,0.23351204768939943,0.16724504730147713
2021-09-15 23:40:00,0.2914923291492329,-0.17131474103585675,0.44899478778853297,0.36404213533297636,0.6446323173365092,0.00022271714922048998,0.5,0.19510436681994614,0.498668130238759,0.8101699093672141,0.4621459558847595,0.23351204768939943,0.13964120283054454
2021-09-15 23:50:00,0.2796373779637378,0.2669322709163344,0.44899478778853297,0.35797179075165153,0.6494614649723207,0.00022271714922048998,0.5,0.19510436681994614,0.498668130238759,0.8101699093672141,0.4621459558847595,0.23351204768939943,0.13095794921315088
2021-09-16 00:00:00,0.28591352859135283,0.01195219123505975,0.4516753536857778,0.35797179075165153,0.6542513512452395,0.00033407572383073496,0.5,0.19446922393697852,0.48562528914648223,0.8263658483478086,0.4678618548134253,0.21247795160494765,0.1389396019735353
2021-09-16 00:10:00,0.28103207810320785,0.38645418326693215,0.4516753536857778,0.3554722371005179,0.6614230935336535,0.00022271714922048998,0.5,0.19446922393697852,0.48562528914648223,0.8263658483478086,0.4678618548134253,0.21247795160494765,0.13279116435565883
2021-09-16 00:20:00,0.3396094839609484,0.2589641434262948,0.4513775130305284,0.3540439207284414,0.672455536506524,0.00022271714922048998,0.5,0.19446922393697852,0.48562528914648223,0.8263658483478086,0.4678618548134253,0.21247795160494765,0.20789263243659187
2021-09-16 00:30:00,0.3807531380753138,0.09960159362549792,0.4427401340282946,0.34940189251919307,0.6820222219313973,0.00033407572383073496,0.5,0.19446922393697852,0.48562528914648223,0.8263658483478086,0.4678618548134253,0.21247795160494765,0.25262911718997544
2021-09-16 00:40:00,0.2482566248256625,-0.298804780876494,0.42993298585256867,0.3419032315657917,0.6718927903050608,0.00022271714922048998,0.5,0.19446922393697852,0.48562528914648223,0.8263658483478086,0.4678618548134253,0.21247795160494765,0.10950254236009477
2021-09-16 00:50:00,0.26638772663877264,-0.15537848605577698,0.41831720029784036,0.33547580789144793,0.6617240973158315,0.00022271714922048998,0.5,0.19446922393697852,0.48562528914648223,0.8263658483478086,0.4678618548134253,0.21247795160494765,0.11349336874028698
2021-09-16 01:00:00,0.25174337517433754,0.12350597609561742,0.4129560685033504,0.3279771469380468,0.6665270707097145,0.00022271714922048998,0.5,0.15036756772261417,0.479151281439741,0.8456301818628665,0.4719960367718177,0.19076047544304747,0.11531149569232162
2021-09-16 01:10:00,0.2280334728033473,-0.40239043824701204,0.41027550260610535,0.325120514193894,0.6613707450497965,0.00022271714922048998,0.5,0.15036756772261417,0.479151281439741,0.8456301818628665,0.4719960367718177,0.19076047544304747,0.08477299817432896
2021-09-16 01:20:00,0.25732217573221755,-0.07569721115537853,0.40074460163812353,0.31762185324049286,0.6543953095758464,0.00033407572383073496,0.5,0.15036756772261417,0.479151281439741,0.8456301818628665,0.4719960367718177,0.19076047544304747,0.11604327293027747
2021-09-16 01:30:00,0.24616457461645744,-0.4103585657370519,0.40074460163812353,0.30798071772897706,0.6498017301173914,0.00022271714922048998,0.5,0.15036756772261417,0.479151281439741,0.8456301818628665,0.4719960367718177,0.19076047544304747,0.10377657407547114
2021-09-16 01:40:00,0.2649930264993026,-0.14741035856573714,0.39806403574087845,0.3058382431708624,0.6405229613537319,0.00022271714922048998,0.5,0.15036756772261417,0.479151281439741,0.8456301818628665,0.4719960367718177,0.19076047544304747,0.12142221283401482
2021-09-16 01:50:00,0.2503486750348675,-0.3067729083665339,0.3962769918093818,0.3026245313336904,0.6405229613537319,0.00022271714922048998,0.5,0.15036756772261417,0.479151281439741,0.8456301818628665,0.4719960367718177,0.19076047544304747,0.1078503855032666
2021-09-16 02:00:00,0.25523012552301255,0.4661354581673305,0.3950856291883842,0.29726834493840393,0.6405229613537319,0.00022271714922048998,0.5,0.1545611183691138,0.4716169502337592,0.8362837273257933,0.474477287293338,0.1766177813097284,0.10892919112210872
2021-09-16 02:10:00,0.2670850767085077,0.14741035856573692,0.39806403574087845,0.29726834493840393,0.6405229613537319,0.00033407572383073496,0.5,0.1545611183691138,0.4716169502337592,0.8362837273257933,0.474477287293338,0.1766177813097284,0.12356473588122577
2021-09-16 02:20:00,0.2649930264993026,-0.3784860557768924,0.39806403574087845,0.29726834493840393,0.6405229613537319,0.00033407572383073496,0.5,0.1545611183691138,0.4716169502337592,0.8362837273257933,0.474477287293338,0.1766177813097284,0.11405917588303635
2021-09-16 02:30:00,0.26429567642956764,-0.1633466135458168,0.3962769918093818,0.29476879128727007,0.6292942115663975,0.00033407572383073496,0.5,0.1545611183691138,0.4716169502337592,0.8362837273257933,0.474477287293338,0.1766177813097284,0.12004918750094301
2021-09-16 02:40:00,0.27475592747559274,0.003984063745019917,0.3953834698436334,0.290126763078022,0.6267029616154742,0.00022271714922048998,0.5,0.1545611183691138,0.4716169502337592,0.8362837273257933,0.474477287293338,0.1766177813097284,0.1309353169274409
2021-09-16 02:50:00,0.27475592747559274,-0.11553784860557781,0.3953834698436334,0.2865559721478308,0.6267029616154742,0.00033407572383073496,0.5,0.1545611183691138,0.4716169502337592,0.8362837273257933,0.474477287293338,0.1766177813097284,0.1269972992139053
2021-09-16 03:00:00,0.2824267782426778,-0.298804780876494,0.3918093819806401,0.2865559721478308,0.6267029616154742,0.00022271714922048998,0.5,0.16019598942440227,0.46184415830716147,0.8294677218109007,0.46441246002756714,0.16824134442085506,0.1397166437829111
2021-09-16 03:10:00,0.30264993026499304,-0.5219123505976095,0.3894266567386446,0.2865559721478308,0.6267029616154742,0.00044543429844097997,0.5,0.16019598942440227,0.46184415830716147,0.8294677218109007,0.46441246002756714,0.16824134442085506,0.1530998687327429
2021-09-16 03:20:00,0.300557880055788,-0.3784860557768924,0.3888309754281456,0.2858418139617924,0.6234442684953737,0.00044543429844097997,0.5,0.16019598942440227,0.46184415830716147,0.8294677218109007,0.46441246002756714,0.16824134442085506,0.14766812016234895
2021-09-16 03:30:00,0.299163179916318,0.5059760956175297,0.38644825018615014,0.28119978575254434,0.6128437005143238,0.00044543429844097997,0.5,0.16019598942440227,0.46184415830716147,0.8294677218109007,0.46441246002756714,0.16824134442085506,0.15160613787588456
2021-09-16 03:40:00,0.2914923291492329,0.6972111553784857,0.38644825018615014,0.27441528298518114,0.6128437005143238,0.00044543429844097997,0.5,0.16019598942440227,0.46184415830716147,0.8294677218109007,0.46441246002756714,0.16824134442085506,0.14455995292484572
2021-09-16 03:50:00,0.31450488145048816,-0.31474103585657376,0.38644825018615014,0.27298696661310484,0.6221224692779835,0.00044543429844097997,0.5,0.16019598942440227,0.46184415830716147,0.8294677218109007,0.46441246002756714,0.16824134442085506,0.17057199330084344
2021-09-16 04:00:00,0.3284518828451883,0.21912350597609564,0.3846612062546535,0.2737011247991432,0.6128175262723953,0.00044543429844097997,0.5,0.09276508118308735,0.4574793035772272,0.9046509967526708,0.45815175279984016,0.1667361273694922,0.18705584139294174
2021-09-16 04:10:00,0.3207810320781032,0.1872509960159361,0.3843633655994041,0.27262988752008566,0.6128175262723953,0.00044543429844097997,0.5,0.09276508118308735,0.4574793035772272,0.9046509967526708,0.45815175279984016,0.1667361273694922,0.17825188225176156
2021-09-16 04:20:00,0.32914923291492326,0.3067729083665336,0.3813849590469096,0.27298696661310484,0.6128175262723953,0.00044543429844097997,0.5,0.09276508118308735,0.4574793035772272,0.9046509967526708,0.45815175279984016,0.1667361273694922,0.1851320971075939
2021-09-16 04:30:00,0.3361227336122734,0.5059760956175297,0.3804914370811614,0.2719157293340475,0.6128175262723953,0.00044543429844097997,0.5,0.09276508118308735,0.4574793035772272,0.9046509967526708,0.45815175279984016,0.1667361273694922,0.18647494605971907
2021-09-16 04:40:00,0.3284518828451883,0.31474103585657365,0.3804914370811614,0.2719157293340475,0.6128175262723953,0.000556792873051225,0.5,0.09276508118308735,0.4574793035772272,0.9046509967526708,0.45815175279984016,0.1667361273694922,0.18764428082140108
2021-09-16 04:50:00,0.31241283124128316,0.3306772908366533,0.38198064035740864,0.2719157293340475,0.6128175262723953,0.000556792873051225,0.5,0.09276508118308735,0.4574793035772272,0.9046509967526708,0.45815175279984016,0.1667361273694922,0.16552499358751904
2021-09-16 05:00:00,0.30474198047419804,0.01195219123505975,0.38615040953090074,0.2719157293340475,0.6128175262723953,0.000556792873051225,0.5,0.09278952899767612,0.4469622737473658,0.9175512902893227,0.45219629950765183,0.16445245887257606,0.15300179549466633
2021-09-16 05:10:00,0.3354253835425383,-0.40239043824701204,0.3846612062546535,0.2740582038921622,0.6128175262723953,0.000556792873051225,0.5,0.09278952899767612,0.4469622737473658,0.9175512902893227,0.45219629950765183,0.16445245887257606,0.19056384567798784
2021-09-16 05:20:00,0.3396094839609484,-0.059760956175298974,0.38644825018615014,0.27584359935725766,0.6128175262723953,0.000556792873051225,0.5,0.09278952899767612,0.4469622737473658,0.9175512902893227,0.45219629950765183,0.16445245887257606,0.18821763205938713
2021-09-16 05:30:00,0.298465829846583,0.3306772908366533,0.38644825018615014,0.27477236207820055,0.6128175262723953,0.000556792873051225,0.5,0.09278952899767612,0.4469622737473658,0.9175512902893227,0.45219629950765183,0.16445245887257606,0.1505650527332257
2021-09-16 05:40:00,0.2914923291492329,0.29083665338645415,0.38644825018615014,0.2737011247991432,0.6128175262723953,0.000556792873051225,0.5,0.09278952899767612,0.4469622737473658,0.9175512902893227,0.45219629950765183,0.16445245887257606,0.14706459254341628
2021-09-16 05:50:00,0.29288702928870297,0.25099601593625476,0.38644825018615014,0.2737011247991432,0.6128175262723953,0.000556792873051225,0.5,0.09278952899767612,0.4469622737473658,0.9175512902893227,0.45219629950765183,0.16445245887257606,0.1451257600675951
2021-09-16 06:00:00,0.301255230125523,0.01195219123505975,0.3846612062546535,0.2733440457061238,0.6128175262723953,0.000556792873051225,0.5,0.10221077618309238,0.44932716870637823,0.9371676598114755,0.46104463143666313,0.16156916060956114,0.1516740347330145
2021-09-16 06:10:00,0.303347280334728,0.06772908366533859,0.3804914370811614,0.2719157293340475,0.6128175262723953,0.000556792873051225,0.5,0.10221077618309238,0.44932716870637823,0.9371676598114755,0.46104463143666313,0.16156916060956114,0.15086681654269204
2021-09-16 06:20:00,0.2670850767085077,0.4422310756972112,0.3804914370811614,0.2719157293340475,0.6128175262723953,0.00033407572383073496,0.5,0.10221077618309238,0.44932716870637823,0.9371676598114755,0.46104463143666313,0.16156916060956114,0.12472652654767115
2021-09-16 06:30:00,0.2601115760111576,0.4581673306772909,0.3793000744601638,0.2687020174968757,0.6171101019486722,0.00022271714922048998,0.5,0.10221077618309238,0.44932716870637823,0.9371676598114755,0.46104463143666313,0.16156916060956114,0.11338775140697377
2021-09-16 06:40:00,0.24616457461645744,0.019920318725099362,0.3772151898734175,0.26977325477593306,0.6265851775267959,0.00022271714922048998,0.5,0.10221077618309238,0.44932716870637823,0.9371676598114755,0.46104463143666313,0.16156916060956114,0.10898199978876534
2021-09-16 06:50:00,0.25313807531380755,0.22709163346613526,0.3772151898734175,0.26798785931083735,0.6265851775267959,0.00022271714922048998,0.5,0.10221077618309238,0.44932716870637823,0.9371676598114755,0.46104463143666313,0.16156916060956114,0.11111697874073961
2021-09-16 07:00:00,0.24198047419804744,0.4661354581673305,0.3763216679076691,0.26477414747366557,0.6308123175982515,0.00022271714922048998,0.5,0.10792706212980163,0.4484047734672002,0.9297853024206153,0.4679842945139644,0.1651587772749754,0.09685109464821884
2021-09-16 07:10:00,0.22524407252440726,0.027888446215139417,0.37125837676842877,0.26477414747366557,0.6404575257489105,0.00022271714922048998,0.5,0.10792706212980163,0.4484047734672002,0.9297853024206153,0.4679842945139644,0.1651587772749754,0.08797923864990873
2021-09-16 07:20:00,0.22594142259414227,0.11553784860557759,0.36649292628443764,0.26156043563649356,0.6404575257489105,0.00022271714922048998,0.5,0.10792706212980163,0.4484047734672002,0.9297853024206153,0.4679842945139644,0.1651587772749754,0.09203796188723087
2021-09-16 07:30:00,0.25383542538354253,-0.019920318725099695,0.36530156366344,0.26156043563649356,0.6404575257489105,0.00022271714922048998,0.5,0.10792706212980163,0.4484047734672002,0.9297853024206153,0.4679842945139644,0.1651587772749754,0.11470042397815229
2021-09-16 07:40:00,0.2608089260808926,0.17131474103585642,0.3608339538346983,0.25549009105516873,0.6404575257489105,0.00033407572383073496,0.5,0.10792706212980163,0.4484047734672002,0.9297853024206153,0.4679842945139644,0.1651587772749754,0.11693347616820315
2021-09-16 07:50:00,0.2398884239888424,0.33864541832669315,0.35517498138495895,0.24763435100874842,0.6404575257489105,0.00022271714922048998,0.5,0.10792706212980163,0.4484047734672002,0.9297853024206153,0.4679842945139644,0.1651587772749754,0.10124930217119062
2021-09-16 08:00:00,0.22663877266387727,0.38645418326693215,0.3533879374534623,0.24442063917157664,0.6404575257489105,0.00022271714922048998,0.5,0.11952246380606102,0.4593873111747754,0.8938114327244101,0.4694463201901791,0.16852276307295283,0.09073283341128899
2021-09-16 08:10:00,0.200836820083682,0.31474103585657365,0.3533879374534623,0.24370648098553827,0.6404575257489105,0.00033407572383073496,0.5,0.11952246380606102,0.4593873111747754,0.8938114327244101,0.4694463201901791,0.16852276307295283,0.06942076436772937
2021-09-16 08:20:00,0.17573221757322177,0.298804780876494,0.3533879374534623,0.24692019282271027,0.6404575257489105,0.00033407572383073496,0.5,0.11952246380606102,0.4593873111747754,0.8938114327244101,0.4694463201901791,0.16852276307295283,0.061642802178734704
2021-09-16 08:30:00,0.21687587168758715,0.05976095617529875,0.3533879374534623,0.24692019282271027,0.6404575257489105,0.00022271714922048998,0.5,0.11952246380606102,0.4593873111747754,0.8938114327244101,0.4694463201901791,0.16852276307295283,0.08352067836504368
2021-09-16 08:40:00,0.23082287308228733,0.12350597609561742,0.35636634400595657,0.24692019282271027,0.6404575257489105,0.00022271714922048998,0.5,0.11952246380606102,0.4593873111747754,0.8938114327244101,0.4694463201901791,0.16852276307295283,0.09615703788644628
2021-09-16 08:50:00,0.197350069735007,0.394422310756972,0.356664184661206,0.24692019282271027,0.6404575257489105,0.00022271714922048998,0.5,0.11952246380606102,0.4593873111747754,0.8938114327244101,0.4694463201901791,0.16852276307295283,0.07292876865277548
2021-09-16 09:00:00,0.19525801952580193,0.043824701195219085,0.356664184661206,0.24692019282271027,0.6404575257489105,0.00033407572383073496,0.5,0.12725817926151572,0.45870054337987487,0.8407861359698497,0.46055217847289115,0.18249226437779908,0.06526396789233067
2021-09-16 09:10:00,0.17294281729428174,-0.13147410358565736,0.356664184661206,0.2479914301017676,0.6404575257489105,0.00033407572383073496,0.5,0.12725817926151572,0.45870054337987487,0.8407861359698497,0.46055217847289115,0.18249226437779908,0.05274831389471461
2021-09-16 09:20:00,0.1506276150627615,-0.019920318725099695,0.3590469099032014,0.2547759328691306,0.6298962191307534,0.00022271714922048998,0.5,0.12725817926151572,0.45870054337987487,0.8407861359698497,0.46055217847289115,0.18249226437779908,0.03803732818323099
2021-09-16 09:30:00,0.12273361227336123,0.5537848605577689,0.37155621742367817,0.26620246384574187,0.6239546662129798,0.00011135857461024499,0.5,0.12725817926151572,0.45870054337987487,0.8407861359698497,0.46055217847289115,0.18249226437779908,0.022353154186218447
2021-09-16 09:40:00,0.17364016736401675,0.15537848605577675,0.38585256887565134,0.2783431530083913,0.6376568818625591,0.00033407572383073496,0.5,0.12725817926151572,0.45870054337987487,0.8407861359698497,0.46055217847289115,0.18249226437779908,0.057086168655793114
2021-09-16 09:50:00,0.2894002789400279,0.09960159362549792,0.39419210722263576,0.28262810212462064,0.6483752339322874,0.00022271714922048998,0.5,0.12725817926151572,0.45870054337987487,0.8407861359698497,0.46055217847289115,0.18249226437779908,0.13934698311631488
2021-09-16 10:00:00,0.2391910739191074,0.17131474103585642,0.3989575577066269,0.28262810212462064,0.6639096465168627,0.00033407572383073496,0.5,0.43133639492459364,0.44918349343547853,0.5240064842597676,0.50052057232635,0.2106817651665761,0.09774129788614452
2021-09-16 10:10:00,0.2796373779637378,-0.15537848605577698,0.40551005212211444,0.28691305124084976,0.6680844381044614,0.00022271714922048998,0.5,0.43133639492459364,0.44918349343547853,0.5240064842597676,0.50052057232635,0.2106817651665761,0.12919263092777283
2021-09-16 10:20:00,0.2880055788005579,0.05179282868525892,0.41355174981384923,0.29369755400821274,0.6790907068354033,0.00022271714922048998,0.5,0.43133639492459364,0.44918349343547853,0.5240064842597676,0.50052057232635,0.2106817651665761,0.12906438130874964
2021-09-16 10:30:00,0.303347280334728,-0.09960159362549814,0.4192107222635888,0.30119621496161386,0.6698904607975291,0.00022271714922048998,0.5,0.43133639492459364,0.44918349343547853,0.5240064842597676,0.50052057232635,0.2106817651665761,0.1549406279704875
2021-09-16 10:40:00,0.3270571827057183,-0.24302788844621515,0.42844378257632143,0.30798071772897706,0.6795225818272238,0.00022271714922048998,0.5,0.43133639492459364,0.44918349343547853,0.5240064842597676,0.50052057232635,0.2106817651665761,0.17842539644220468
2021-09-16 10:50:00,0.2880055788005579,0.22709163346613526,0.43767684288905406,0.3229780396357793,0.6695371085314942,0.00033407572383073496,0.5,0.43133639492459364,0.44918349343547853,0.5240064842597676,0.50052057232635,0.2106817651665761,0.14910904235255068
2021-09-16 11:00:00,0.33751743375174337,-0.36254980079681276,0.44512285927029005,0.33369041242635245,0.6820222219313973,0.00022271714922048998,0.5,0.4302452486022552,0.4484679905863964,0.5100282706725726,0.4567450026408,0.23816704631937843,0.18973399520195544
2021-09-16 11:10:00,0.3758716875871687,0.01195219123505975,0.45227103499627686,0.3376182824495626,0.6820222219313973,0.00033407572383073496,0.5,0.4302452486022552,0.4484679905863964,0.5100282706725726,0.4567450026408,0.23816704631937843,0.2297629645276642
2021-09-16 11:20:00,0.33054393305439334,0.01195219123505975,0.457036485480268,0.34940189251919307,0.6750991349413042,0.00033407572383073496,0.5,0.4302452486022552,0.4484679905863964,0.5100282706725726,0.4567450026408,0.23816704631937843,0.18443049625058466
2021-09-16 11:30:00,0.3158995815899582,-0.23505976095617542,0.4626954579300073,0.3693983217282628,0.6842862938582142,0.00022271714922048998,0.5,0.4302452486022552,0.4484679905863964,0.5100282706725726,0.4567450026408,0.23816704631937843,0.16482339273050983
2021-09-16 11:40:00,0.3263598326359832,0.29083665338645415,0.47222635889798936,0.37546866630958764,0.6717357448534896,0.00022271714922048998,0.5,0.4302452486022552,0.4484679905863964,0.5100282706725726,0.4567450026408,0.23816704631937843,0.18885888015450308
2021-09-16 11:50:00,0.29497907949790797,0.027888446215139417,0.47997021593447475,0.3826102481699696,0.6759236235620526,0.00033407572383073496,0.5,0.4302452486022552,0.4484679905863964,0.5100282706725726,0.4567450026408,0.23816704631937843,0.13908293978303182
2021-09-16 12:00:00,0.2684797768479777,0.019920318725099362,0.488905435591958,0.3908230673094091,0.6710683016843124,0.00033407572383073496,0.5,0.42980555482364036,0.4351061903927221,0.5059793493344859,0.37443670177374,0.26404053821284146,0.1293963214991626
2021-09-16 12:10:00,0.25662482566248257,-0.29083665338645437,0.4972449739389424,0.4018925191930012,0.6774548167148708,0.00033407572383073496,0.5,0.42980555482364036,0.4351061903927221,0.5059793493344859,0.37443670177374,0.26404053821284146,0.1147909531209922
2021-09-16 12:20:00,0.24058577405857742,-0.0916334661354582,0.5061801935964259,0.40760578468130704,0.6838675059873578,0.00033407572383073496,0.5,0.42980555482364036,0.4351061903927221,0.5059793493344859,0.37443670177374,0.26404053821284146,0.10277320940899558
2021-09-16 12:30:00,0.1882845188284519,0.36254980079681287,0.5151154132539089,0.42331726477414744,0.6578241352684823,0.00033407572383073496,0.5,0.42980555482364036,0.4351061903927221,0.5059793493344859,0.37443670177374,0.26404053821284146,0.06800247446323762
2021-09-16 12:40:00,0.2524407252440725,-0.01195219123505975,0.5252419955323901,0.43545795393679687,0.6699166350394576,0.00033407572383073496,0.5,0.42980555482364036,0.4351061903927221,0.5059793493344859,0.37443670177374,0.26404053821284146,0.10683193264631774
2021-09-16 12:50:00,0.1903765690376569,0.10756972111553775,0.5317944899478777,0.44688448491340815,0.6748897410058762,0.00044543429844097997,0.5,0.42980555482364036,0.4351061903927221,0.5059793493344859,0.37443670177374,0.26404053821284146,0.054634337703879175
2021-09-16 13:00:00,0.18758716875871687,0.585657370517928,0.5386448250186149,0.46509551865738263,0.6801376765125441,0.00033407572383073496,0.5,0.5462400895463744,0.4293017094483741,0.37868206393029685,0.2992240270109324,0.28468010316642106,0.05639965598925721
2021-09-16 13:10:00,0.16108786610878661,-0.4422310756972112,0.5443037974683544,0.48080699875022326,0.7137323160277971,0.0010022271714922048,0.5,0.5462400895463744,0.4293017094483741,0.37868206393029685,0.2992240270109324,0.28468010316642106,0.01515608733044646
2021-09-16 13:20:00,0.15620641562064158,-0.17928286852589637,0.550260610573343,0.5015175861453312,0.6548664459305598,0.9694877505567929,0.5,0.5462400895463744,0.4293017094483741,0.37868206393029685,0.2992240270109324,0.28468010316642106,0.0
2021-09-16 13:30:00,0.21617852161785217,0.6414342629482073,0.5693224125093073,0.5154436707730763,0.6841685097695358,0.5149220489977728,0.5,0.5462400895463744,0.4293017094483741,0.37868206393029685,0.2992240270109324,0.28468010316642106,0.006306863617846312
2021-09-16 13:40:00,0.23221757322175732,0.05976095617529875,0.5868950111690245,0.5554365291912158,0.683265498423002,0.032739420935412024,0.5,0.5462400895463744,0.4293017094483741,0.37868206393029685,0.2992240270109324,0.28468010316642106,0.03226609532718741
2021-09-16 13:50:00,0.11506276150627615,0.2749003984063745,0.590766939687267,0.5611497946795214,0.6854379605030689,0.3204899777282851,0.5,0.5462400895463744,0.4293017094483741,0.37868206393029685,0.2992240270109324,0.28468010316642106,0.014650632949590358
2021-09-16 14:00:00,0.08507670850767085,0.49003984063745,0.5964259121370066,0.54186752365649,0.6938006307992305,0.9995545657015591,0.5,0.5492692171329485,0.39845462878620175,0.3384492687073342,0.23988551522208393,0.29614074997981865,0.0
2021-09-16 14:10:00,0.06764295676429567,0.3685258964143423,0.6086373790022337,0.5586502410283878,0.6938006307992305,0.9995545657015591,0.5,0.5492692171329485,0.39845462878620175,0.3384492687073342,0.23988551522208393,0.29614074997981865,0.0
2021-09-16 14:20:00,0.09553695955369597,0.24701195219123484,0.6250186150409529,0.5650776647027316,0.6938006307992305,0.9995545657015591,0.5,0.5492692171329485,0.39845462878620175,0.3384492687073342,0.23988551522208393,0.29614074997981865,0.0
2021-09-16 14:30:00,0.16736401673640167,0.12549800796812738,0.6381236038719285,0.5690055347259417,0.6938006307992305,0.9995545657015591,0.5,0.5492692171329485,0.39845462878620175,0.3384492687073342,0.23988551522208393,0.29614074997981865,0.0
2021-09-16 14:40:00,0.10739191073919108,0.003984063745019917,0.6419955323901709,0.5747188002142476,0.6938006307992305,0.9995545657015591,0.5,0.5492692171329485,0.39845462878620175,0.3384492687073342,0.23988551522208393,0.29614074997981865,0.0
2021-09-16 14:50:00,0.08507670850767085,-0.11713147410358571,0.6473566641846609,0.5754329584002855,0.6938006307992305,0.9995545657015591,0.5,0.5492692171329485,0.39845462878620175,0.3384492687073342,0.23988551522208393,0.29614074997981865,0.0
2021-09-16 15:00:00,0.12552301255230125,-0.23824701195219133,0.652122114668652,0.5775754329584004,0.6938006307992305,0.9995545657015591,0.5,0.5522413442896008,0.3850209909570776,0.3103368601609246,0.21192460189386828,0.28807947178217724,0.0
2021-09-16 15:10:00,0.08437935843793584,-0.35936254980079696,0.6586746090841398,0.5793608284234957,0.6938006307992305,0.9995545657015591,0.5,0.5522413442896008,0.3850209909570776,0.3103368601609246,0.21192460189386828,0.28807947178217724,0.0
2021-09-16 15:20:00,0.05160390516039052,-0.4804780876494025,0.6637379002233803,0.5793608284234957,0.6938006307992305,0.9995545657015591,0.5,0.5522413442896008,0.3850209909570776,0.3103368601609246,0.21192460189386828,0.28807947178217724,0.0
2021-09-16 15:30:00,0.16527196652719667,-0.601593625498008,0.669694713328369,0.5840028566327442,0.6938006307992305,0.9995545657015591,0.5,0.5522413442896008,0.3850209909570776,0.3103368601609246,0.21192460189386828,0.28807947178217724,0.0
2021-09-16 15:40:00,0.13389121338912133,0.7290836653386452,0.6774385703648547,0.5865024102838778,0.6709374304746698,0.8752783964365256,0.5,0.5522413442896008,0.3850209909570776,0.3103368601609246,0.21192460189386828,0.28807947178217724,0.0
2021-09-16 15:50:00,0.05788005578800558,0.48406374501992033,0.6783320923306031,0.590073201214069,0.6656894949680019,0.9995545657015591,0.5,0.5522413442896008,0.3850209909570776,0.3103368601609246,0.21192460189386828,0.28807947178217724,0.0
2021-09-16 16:00:00,0.04393305439330544,0.239043824701195,0.6789277736411017,0.5961435457953936,0.6656894949680019,0.9995545657015591,0.5,0.5977435634374093,0.3682483398322452,0.26522146755137277,0.20912564824035038,0.2951890209548645,0.0
2021-09-16 16:10:00,0.14644351464435149,-0.005976095617530097,0.68518242740134,0.5990001785395467,0.6656894949680019,0.9995545657015591,0.5,0.5977435634374093,0.3682483398322452,0.26522146755137277,0.20912564824035038,0.2951890209548645,0.0
2021-09-16 16:20:00,0.13598326359832635,-0.2509960159362551,0.681012658227848,0.597214783074451,0.6656894949680019,0.9995545657015591,0.5,0.5977435634374093,0.3682483398322452,0.26522146755137277,0.20912564824035038,0.2951890209548645,0.0
2021-09-16 16:30:00,0.09483960948396096,-0.1354581673306774,0.681012658227848,0.597214783074451,0.6656894949680019,0.9995545657015591,0.5,0.5977435634374093,0.3682483398322452,0.26522146755137277,0.20912564824035038,0.2951890209548645,0.0
2021-09-16 16:40:00,0.06694560669456066,-0.019920318725099695,0.681012658227848,0.597214783074451,0.6656894949680019,0.9995545657015591,0.5,0.5977435634374093,0.3682483398322452,0.26522146755137277,0.20912564824035038,0.2951890209548645,0.0
2021-09-16 16:50:00,0.12343096234309624,0.095617529880478,0.684586746090841,0.597214783074451,0.6656894949680019,0.9995545657015591,0.5,0.5977435634374093,0.3682483398322452,0.26522146755137277,0.20912564824035038,0.2951890209548645,0.0
2021-09-16 17:00:00,0.06764295676429567,0.2111553784860556,0.683097542814594,0.597214783074451,0.6656894949680019,0.9995545657015591,0.5,0.5961801373680342,0.3527141695425678,0.2653878476815272,0.21687108262018767,0.2984498054088265,0.0
2021-09-16 17:10:00,0.19456066945606695,0.3266932270916332,0.683097542814594,0.597214783074451,0.6777427333760846,0.7228285077951002,0.5,0.5961801373680342,0.3527141695425678,0.2653878476815272,0.21687108262018767,0.2984498054088265,0.0
2021-09-16 17:20:00,0.1317991631799163,0.4422310756972112,0.6839910647803424,0.590073201214069,0.7247778461216318,0.33062360801781737,0.5,0.5961801373680342,0.3527141695425678,0.2653878476815272,0.21687108262018767,0.2984498054088265,0.0
2021-09-16 17:30:00,0.17782426778242677,-0.11553784860557781,0.6899478778853312,0.5932869130512408,0.7273167475886979,0.6641425389755011,0.5,0.5961801373680342,0.3527141695425678,0.2653878476815272,0.21687108262018767,0.2984498054088265,0.0
2021-09-16 17:40:00,0.08786610878661089,0.01195219123505975,0.6953090096798211,0.5890019639350117,0.7346324482077188,0.372271714922049,0.5,0.5961801373680342,0.3527141695425678,0.2653878476815272,0.21687108262018767,0.2984498054088265,0.0
2021-09-16 17:50:00,0.13807531380753138,0.25697211155378485,0.6959046909903199,0.5890019639350117,0.7438196071246287,0.9995545657015591,0.5,0.5961801373680342,0.3527141695425678,0.2653878476815272,0.21687108262018767,0.2984498054088265,0.0
2021-09-16 18:00:00,0.11227336122733612,0.50199203187251,0.6935219657483245,0.5882878057489733,0.7438196071246287,0.9995545657015591,0.5,0.46433120551740137,0.3428724134859367,0.35843606228450325,0.24590204823197445,0.3254757898830328,0.0
2021-09-16 18:10:00,0.17852161785216178,0.7470119521912351,0.6899478778853312,0.5850740939118015,0.7070447972150606,0.9995545657015591,0.5,0.46433120551740137,0.3428724134859367,0.35843606228450325,0.24590204823197445,0.3254757898830328,0.0
2021-09-16 18:20:00,0.1506276150627615,0.9920318725099599,0.6857781087118391,0.5861453311908589,0.656646294381699,0.9995545657015591,0.5,0.46433120551740137,0.3428724134859367,0.35843606228450325,0.24590204823197445,0.3254757898830328,0.0
2021-09-16 18:30:00,0.2315202231520223,-0.1633466135458168,0.6807148175725986,0.5754329584002855,0.6547224875999529,0.13964365256124722,0.5,0.46433120551740137,0.3428724134859367,0.35843606228450325,0.24590204823197445,0.3254757898830328,0.030161292756159752
2021-09-16 18:40:00,0.1771269177126918,-0.5219123505976095,0.6825018615040952,0.5832886984467058,0.6142178482155711,0.00033407572383073496,0.5,0.46433120551740137,0.3428724134859367,0.35843606228450325,0.24590204823197445,0.3254757898830328,0.03589480513602004
2021-09-16 18:50:00,0.11506276150627615,0.12350597609561742,0.6795234549516007,0.6064988394929476,0.6024132651058094,0.05979955456570156,0.5,0.46433120551740137,0.3428724134859367,0.35843606228450325,0.24590204823197445,0.3254757898830328,0.0
2021-09-16 19:00:00,0.19665271966527195,-0.01195219123505975,0.6667163067758748,0.600428494911623,0.6484537566580728,0.7204899777282852,0.5,0.4509851001743366,0.35539227659213646,0.4368577895004754,0.23845496060823176,0.3443736524079694,0.0
2021-09-16 19:10:00,0.18688981868898188,-0.14741035856573714,0.6589724497393892,0.5986430994465273,0.703066312441926,0.11648106904231627,0.5,0.4509851001743366,0.35539227659213646,0.4368577895004754,0.23845496060823176,0.3443736524079694,0.004820676856224633
2021-09-16 19:20:00,0.21827057182705717,-0.17928286852589637,0.6556962025316453,0.5961435457953936,0.691052335396736,0.00033407572383073496,0.5,0.4509851001743366,0.35539227659213646,0.4368577895004754,0.23845496060823176,0.3443736524079694,0.06762526970140471
2021-09-16 19:30:00,0.3075313807531381,0.3306772908366533,0.6163812360387191,0.5550794500981968,0.6777034720131918,0.00022271714922048998,0.5,0.4509851001743366,0.35539227659213646,0.4368577895004754,0.23845496060823176,0.3443736524079694,0.14708722482912626
2021-09-16 19:40:00,0.3542538354253836,0.4262948207171313,0.5946388682055099,0.5054454561685413,0.6886050437764195,0.00033407572383073496,0.5,0.4509851001743366,0.35539227659213646,0.4368577895004754,0.23845496060823176,0.3443736524079694,0.19155966624922674
2021-09-16 19:50:00,0.3193863319386332,-0.10756972111553798,0.5821295606850332,0.47616497054097473,0.6886050437764195,0.00033407572383073496,0.5,0.4509851001743366,0.35539227659213646,0.4368577895004754,0.23845496060823176,0.3443736524079694,0.15782247235089095
2021-09-16 20:00:00,0.2705718270571827,0.09163346613545809,0.573790022338049,0.46509551865738263,0.6888013505908835,0.00022271714922048998,0.5,0.421630145589571,0.3550704439853224,0.5386456530591308,0.29767297647086116,0.3150557847100084,0.11331985454984385
2021-09-16 20:10:00,0.2503486750348675,-0.17131474103585675,0.5651526433358152,0.462595965006249,0.7025297404823914,0.00033407572383073496,0.5,0.421630145589571,0.3550704439853224,0.5386456530591308,0.29767297647086116,0.3150557847100084,0.10639437512259155
2021-09-16 20:20:00,0.26638772663877264,-0.043824701195219196,0.5603871928518243,0.45545438314586684,0.7026082632081768,0.00022271714922048998,0.5,0.421630145589571,0.3550704439853224,0.5386456530591308,0.29767297647086116,0.3150557847100084,0.1190382787392308
2021-09-16 20:30:00,0.30264993026499304,-0.40239043824701204,0.5547282204020847,0.4500981967505804,0.7026082632081768,0.00022271714922048998,0.5,0.421630145589571,0.3550704439853224,0.5386456530591308,0.29767297647086116,0.3150557847100084,0.14648369721019358
2021-09-16 20:40:00,0.2873082287308229,-0.003984063745020028,0.5514519731943408,0.44724156400642756,0.7026082632081768,0.00022271714922048998,0.5,0.421630145589571,0.3550704439853224,0.5386456530591308,0.29767297647086116,0.3150557847100084,0.13896223425924528
2021-09-16 20:50:00,0.2894002789400279,-0.019920318725099695,0.5451973194341024,0.44081414033208355,0.7026082632081768,0.00022271714922048998,0.5,0.421630145589571,0.3550704439853224,0.5386456530591308,0.29767297647086116,0.3150557847100084,0.14078036121127996
2021-09-16 21:00:00,0.24616457461645744,-0.1872509960159363,0.5407297096053609,0.4365291912158542,0.7026344374501053,0.00022271714922048998,0.5,0.40563760600862553,0.36191226038556656,0.6666306514555662,0.36271704450083087,0.30060259624309066,0.10713369645578405
2021-09-16 21:10:00,0.30264993026499304,0.12350597609561742,0.5356664184661204,0.4351008748437779,0.7026344374501053,0.00022271714922048998,0.5,0.40563760600862553,0.36191226038556656,0.6666306514555662,0.36271704450083087,0.30060259624309066,0.14423555682966943
2021-09-16 21:20:00,0.35355648535564854,0.3306772908366533,0.5323901712583765,0.42688805570433863,0.7059585661750273,0.00022271714922048998,0.5,0.40563760600862553,0.36191226038556656,0.6666306514555662,0.36271704450083087,0.30060259624309066,0.19233670805860253
2021-09-16 21:30:00,0.299860529986053,-0.019920318725099695,0.5267311988086372,0.4243885020532048,0.7026344374501053,0.00022271714922048998,0.5,0.40563760600862553,0.36191226038556656,0.6666306514555662,0.36271704450083087,0.30060259624309066,0.16052325844561463
2021-09-16 21:40:00,0.29009762900976294,-0.29083665338645437,0.5213700670141472,0.42046063202999484,0.7026344374501053,0.00022271714922048998,0.5,0.40563760600862553,0.36191226038556656,0.6666306514555662,0.36271704450083087,0.30060259624309066,0.1542692034944249
2021-09-16 21:50:00,0.2782426778242678,-0.31474103585657376,0.5163067758749067,0.41867523656489913,0.7026344374501053,0.00022271714922048998,0.5,0.40563760600862553,0.36191226038556656,0.6666306514555662,0.36271704450083087,0.30060259624309066,0.14168565263967892
2021-09-16 22:00:00,0.28451882845188287,-0.553784860557769,0.5130305286671628,0.41867523656489913,0.7026344374501053,0.00033407572383073496,0.5,0.3104640315280083,0.3787998517271213,0.7707327459556756,0.3814654258781409,0.2777466830945235,0.13481298187908325
2021-09-16 22:10:00,0.28661087866108786,-0.49800796812749004,0.5112434847356664,0.41831815747187995,0.7026344374501053,0.00033407572383073496,0.5,0.3104640315280083,0.3787998517271213,0.7707327459556756,0.3814654258781409,0.2777466830945235,0.13890942559258868
2021-09-16 22:20:00,0.24267782426778242,-0.10756972111553798,0.510349962769918,0.4158186038207463,0.7026344374501053,0.00022271714922048998,0.5,0.3104640315280083,0.3787998517271213,0.7707327459556756,0.3814654258781409,0.2777466830945235,0.11856300073932133
2021-09-16 22:30:00,0.24686192468619247,0.17131474103585642,0.5014147431124347,0.4108194965184788,0.7026344374501053,0.00033407572383073496,0.5,0.3104640315280083,0.3787998517271213,0.7707327459556756,0.3814654258781409,0.2777466830945235,0.10651508064637807
2021-09-16 22:40:00,0.2601115760111576,-0.21115537848605592,0.49099032017870425,0.40689162649526867,0.6934080171703028,0.00033407572383073496,0.5,0.3104640315280083,0.3787998517271213,0.7707327459556756,0.3814654258781409,0.2777466830945235,0.11095855274076981
2021-09-16 22:50:00,0.2629009762900976,-0.23505976095617542,0.4847356664184659,0.39760757007677205,0.6887490021070264,0.00022271714922048998,0.5,0.3104640315280083,0.3787998517271213,0.7707327459556756,0.3814654258781409,0.2777466830945235,0.11272387102614782
2021-09-16 23:00:00,0.29009762900976294,-0.019920318725099695,0.47848101265822773,0.3908230673094091,0.6887490021070264,0.00022271714922048998,0.5,0.23092471774114198,0.37046093900410015,0.7618671705752682,0.38490554479212774,0.2440487159882754,0.1339378668316309
2021-09-16 23:10:00,0.24616457461645744,-0.14741035856573714,0.47877885331347714,0.3861810391001608,0.6887490021070264,0.00033407572383073496,0.5,0.23092471774114198,0.37046093900410015,0.7618671705752682,0.38490554479212774,0.2440487159882754,0.0959533473150565
2021-09-16 23:20:00,0.14714086471408647,-0.42629482071713154,0.474013402829486,0.3904659882163899,0.6783578280614048,0.00033407572383073496,0.5,0.23092471774114198,0.37046093900410015,0.7618671705752682,0.38490554479212774,0.2440487159882754,0.046094421895982014
2021-09-16 23:30:00,0.14225941422594143,-0.4342629482071714,0.4665673864482498,0.39475093733261923,0.6668673358547854,0.00033407572383073496,0.5,0.23092471774114198,0.37046093900410015,0.7618671705752682,0.38490554479212774,0.2440487159882754,0.0363172744692729
2021-09-16 23:40:00,0.15341701534170155,-0.601593625498008,0.4623976172747577,0.3936797000535619,0.6583345329860883,0.00033407572383073496,0.5,0.23092471774114198,0.37046093900410015,0.7618671705752682,0.38490554479212774,0.2440487159882754,0.03962158818292923
2021-09-16 23:50:00,0.13458856345885634,-0.2749003984063746,0.4609084139985107,0.3908230673094091,0.6583345329860883,0.00033407572383073496,0.5,0.23092471774114198,0.37046093900410015,0.7618671705752682,0.38490554479212774,0.2440487159882754,0.03061393847035925
2021-09-17 00:00:00,0.11715481171548117,0.14741035856573692,0.4609084139985107,0.3929655418675235,0.6583345329860883,0.00022271714922048998,0.5,0.22634844039285928,0.3719580353268771,0.8042725453636312,0.37441847549918583,0.21279645948613274,0.01776634428233022
2021-09-17 00:10:00,0.11297071129707113,-0.01195219123505975,0.4588235294117644,0.3968934118907337,0.6583345329860883,0.00022271714922048998,0.5,0.22634844039285928,0.3719580353268771,0.8042725453636312,0.37441847549918583,0.21279645948613274,0.011957390950103354
2021-09-17 00:20:00,0.11018131101813111,-0.13147410358565736,0.4549516008935217,0.3968934118907337,0.6583345329860883,0.00033407572383073496,0.5,0.22634844039285928,0.3719580353268771,0.8042725453636312,0.37441847549918583,0.21279645948613274,0.013043740664182145
2021-09-17 00:30:00,0.1199442119944212,-0.0916334661354582,0.45197319434102745,0.39617925370469576,0.6583345329860883,0.00033407572383073496,0.5,0.22634844039285928,0.3719580353268771,0.8042725453636312,0.37441847549918583,0.21279645948613274,0.01941850113915838
2021-09-17 00:40:00,0.12273361227336123,-0.45019920318725104,0.4507818317200294,0.3936797000535619,0.6499456884479983,0.00033407572383073496,0.5,0.22634844039285928,0.3719580353268771,0.8042725453636312,0.37441847549918583,0.21279645948613274,0.02339423932887729
2021-09-17 00:50:00,0.13598326359832635,-0.019920318725099695,0.4460163812360385,0.3929655418675235,0.6295036055018256,0.00033407572383073496,0.5,0.22634844039285928,0.3719580353268771,0.8042725453636312,0.37441847549918583,0.21279645948613274,0.036641670564449204
2021-09-17 01:00:00,0.16945606694560672,0.3784860557768923,0.4460163812360385,0.38510980182110344,0.6254727722448339,0.00033407572383073496,0.5,0.1780939576542504,0.3661736689204529,0.8732779434604302,0.3600614329024003,0.18747516268115,0.057342667893839495
2021-09-17 01:10:00,0.14644351464435149,0.6972111553784857,0.4460163812360385,0.3776111408677021,0.6266637002525814,0.00033407572383073496,0.5,0.1780939576542504,0.3661736689204529,0.8732779434604302,0.3600614329024003,0.18747516268115,0.04573984941985908
2021-09-17 01:20:00,0.13737796373779637,-0.2270916334661356,0.4463142218912881,0.38153901089091224,0.6419625446598003,0.00033407572383073496,0.5,0.1780939576542504,0.3661736689204529,0.8732779434604302,0.3600614329024003,0.18747516268115,0.03786381399278784
2021-09-17 01:30:00,0.14365411436541145,-0.36254980079681276,0.44899478778853297,0.3758257454026068,0.6419625446598003,0.00033407572383073496,0.5,0.1780939576542504,0.3661736689204529,0.8732779434604302,0.3600614329024003,0.18747516268115,0.03668693513586916
2021-09-17 01:40:00,0.12691771269177127,0.22709163346613526,0.4516753536857778,0.37653990358864475,0.6419625446598003,0.00033407572383073496,0.5,0.1780939576542504,0.3661736689204529,0.8732779434604302,0.3600614329024003,0.18747516268115,0.030342351041839553
2021-09-17 01:50:00,0.12133891213389121,0.4183266932270917,0.4516753536857778,0.3826102481699696,0.6419625446598003,0.00044543429844097997,0.5,0.1780939576542504,0.3661736689204529,0.8732779434604302,0.3600614329024003,0.18747516268115,0.0288335319945079
2021-09-17 02:00:00,0.11645746164574616,0.49003984063745,0.4475055845122857,0.3836814854490269,0.6419625446598003,0.00033407572383073496,0.5,0.18085439275197346,0.3665500981302095,0.8186346253029431,0.3427984657788207,0.1668379401876472,0.023484768471717186
2021-09-17 02:10:00,0.12343096234309624,0.47410358565737054,0.4460163812360385,0.3854668809141224,0.6419625446598003,0.00033407572383073496,0.5,0.18085439275197346,0.3665500981302095,0.8186346253029431,0.3427984657788207,0.1668379401876472,0.029693558851486942
2021-09-17 02:20:00,0.13389121338912133,0.593625498007968,0.4460163812360385,0.38296732726298877,0.6419625446598003,0.00033407572383073496,0.5,0.18085439275197346,0.3665500981302095,0.8186346253029431,0.3427984657788207,0.1668379401876472,0.038459797516483846
2021-09-17 02:30:00,0.15271966527196654,0.5298804780876492,0.44422933730454184,0.3772540617746831,0.6419625446598003,0.00033407572383073496,0.5,0.18085439275197346,0.3665500981302095,0.8186346253029431,0.3427984657788207,0.1668379401876472,0.04992682227620442
2021-09-17 02:40:00,0.14574616457461645,0.593625498007968,0.4427401340282946,0.369755400821282,0.6419625446598003,0.00033407572383073496,0.5,0.18085439275197346,0.3665500981302095,0.8186346253029431,0.3427984657788207,0.1668379401876472,0.04268449084901248
2021-09-17 02:50:00,0.12761506276150628,0.7529880478087649,0.4382725241995531,0.36725584717014814,0.6419625446598003,0.00044543429844097997,0.5,0.18085439275197346,0.3665500981302095,0.8186346253029431,0.3427984657788207,0.1668379401876472,0.03232644808908068
2021-09-17 03:00:00,0.14086471408647142,0.29083665338645415,0.43678332092330585,0.36725584717014814,0.6419625446598003,0.00033407572383073496,0.5,0.1885412125782504,0.36145249951868996,0.7971391240973847,0.3362417262425615,0.15135706307875224,0.03853523846885043
2021-09-17 03:10:00,0.1324965132496513,0.10756972111553775,0.4344005956813102,0.36511337261203347,0.6419625446598003,0.00033407572383073496,0.5,0.1885412125782504,0.36145249951868996,0.7971391240973847,0.3362417262425615,0.15135706307875224,0.029836896660983447
2021-09-17 03:20:00,0.1617852161785216,-0.043824701195219196,0.434102755026061,0.3615425816818427,0.6419625446598003,0.00033407572383073496,0.5,0.1885412125782504,0.36145249951868996,0.7971391240973847,0.3362417262425615,0.15135706307875224,0.04489491075335335
2021-09-17 03:30:00,0.1596931659693166,-0.2749003984063746,0.43142218912881614,0.3551151580074987,0.6419625446598003,0.00033407572383073496,0.5,0.1885412125782504,0.36145249951868996,0.7971391240973847,0.3362417262425615,0.15135706307875224,0.04388400199164114
2021-09-17 03:40:00,0.1924686192468619,-0.13147410358565736,0.4311243484735665,0.3536868416354222,0.6419625446598003,0.00022271714922048998,0.5,0.1885412125782504,0.36145249951868996,0.7971391240973847,0.3362417262425615,0.15135706307875224,0.06099400998838209
2021-09-17 03:50:00,0.15481171548117156,-0.6812749003984064,0.42844378257632143,0.3472594179610784,0.6419625446598003,0.00033407572383073496,0.5,0.1885412125782504,0.36145249951868996,0.7971391240973847,0.3362417262425615,0.15135706307875224,0.04067021742082472
2021-09-17 04:00:00,0.17642956764295675,-0.8007968127490039,0.4272524199553238,0.3458311015890019,0.6419625446598003,0.00033407572383073496,0.5,0.13541731218791941,0.36017953661851626,0.8624172014735294,0.33195924786476844,0.14460854896932698,0.05335184151364727
2021-09-17 04:10:00,0.15411436541143653,-0.6334661354581674,0.42516753536857754,0.34333154793786824,0.6393843818298414,0.00033407572383073496,0.5,0.13541731218791941,0.36017953661851626,0.8624172014735294,0.33195924786476844,0.14460854896932698,0.04599634865790546
2021-09-17 04:20:00,0.17294281729428174,0.1633466135458166,0.4233804914370811,0.3411890733797538,0.6254727722448339,0.00033407572383073496,0.5,0.13541731218791941,0.36017953661851626,0.8624172014735294,0.33195924786476844,0.14460854896932698,0.058693060941201323
2021-09-17 04:30:00,0.22663877266387727,0.394422310756972,0.4192107222635888,0.33511872879842897,0.6254727722448339,0.00022271714922048998,0.5,0.13541731218791941,0.36017953661851626,0.8624172014735294,0.33195924786476844,0.14460854896932698,0.0911100381731219
2021-09-17 04:40:00,0.24058577405857742,0.3227091633466135,0.4192107222635888,0.3265488305659703,0.6254727722448339,0.00022271714922048998,0.5,0.13541731218791941,0.36017953661851626,0.8624172014735294,0.33195924786476844,0.14460854896932698,0.09946889569533926
2021-09-17 04:50:00,0.20013947001394702,0.4262948207171313,0.41653015636634394,0.32226388144974116,0.6254727722448339,0.00033407572383073496,0.5,0.13541731218791941,0.36017953661851626,0.8624172014735294,0.33195924786476844,0.14460854896932698,0.07639905246163828
2021-09-17 05:00:00,0.17642956764295675,0.5537848605577689,0.4162323157110943,0.32226388144974116,0.6254727722448339,0.00033407572383073496,0.5,0.1421351580586232,0.35773705701322095,0.8293594225493519,0.31747969324095754,0.14895801411265286,0.06656909636827255
2021-09-17 05:10:00,0.20223152022315202,0.6573705179282865,0.41325390915860005,0.32047848598464546,0.6254727722448339,0.00033407572383073496,0.5,0.1421351580586232,0.35773705701322095,0.8293594225493519,0.31747969324095754,0.14895801411265286,0.06791948941563439
2021-09-17 05:20:00,0.2105997210599721,0.394422310756972,0.40967982129560676,0.315122299589359,0.6350001963068145,0.00022271714922048998,0.5,0.1421351580586232,0.35773705701322095,0.8293594225493519,0.31747969324095754,0.14895801411265286,0.0709899361769543
2021-09-17 05:30:00,0.17433751743375175,0.40239043824701204,0.4069992553983617,0.3104802713801109,0.6439125256834749,0.00033407572383073496,0.5,0.1421351580586232,0.35773705701322095,0.8293594225493519,0.31747969324095754,0.14895801411265286,0.06183140455965116
2021-09-17 05:40:00,0.198744769874477,-0.05179282868525903,0.4046165301563662,0.3108373504731299,0.6583345329860883,0.00033407572383073496,0.5,0.1421351580586232,0.35773705701322095,0.8293594225493519,0.31747969324095754,0.14895801411265286,0.062268962083377344
2021-09-17 05:50:00,0.19525801952580193,-0.2589641434262948,0.4043186895011168,0.3076236386359579,0.6583345329860883,0.00033407572383073496,0.5,0.1421351580586232,0.35773705701322095,0.8293594225493519,0.31747969324095754,0.14895801411265286,0.0681156358917875
2021-09-17 06:00:00,0.14504881450488147,0.298804780876494,0.3998510796723751,0.3076236386359579,0.6583345329860883,0.00033407572383073496,0.5,0.12625661933752097,0.3620300741077053,0.9237779905718773,0.37776836712148104,0.17616291529850175,0.043710487801198
2021-09-17 06:10:00,0.14295676429567641,0.06772908366533859,0.39717051377513,0.3076236386359579,0.6583345329860883,0.00033407572383073496,0.5,0.12625661933752097,0.3620300741077053,0.9237779905718773,0.37776836712148104,0.17616291529850175,0.0418320080872701
2021-09-17 06:20:00,0.15341701534170155,0.3545816733067728,0.3921072226358895,0.30655240135690076,0.6583345329860883,0.00033407572383073496,0.5,0.12625661933752097,0.3620300741077053,0.9237779905718773,0.37776836712148104,0.17616291529850175,0.0503266593237473
2021-09-17 06:30:00,0.20013947001394702,0.09163346613545809,0.3870439314966492,0.3001249776825565,0.6583345329860883,0.00022271714922048998,0.5,0.12625661933752097,0.3620300741077053,0.9237779905718773,0.37776836712148104,0.17616291529850175,0.07361528131931137
2021-09-17 06:40:00,0.19525801952580193,0.08366533864541825,0.38376768428890506,0.290126763078022,0.6583345329860883,0.00033407572383073496,0.5,0.12625661933752097,0.3620300741077053,0.9237779905718773,0.37776836712148104,0.17616291529850175,0.07027324712947176
2021-09-17 06:50:00,0.201534170153417,0.585657370517928,0.3804914370811614,0.2865559721478308,0.6665663320726074,0.00033407572383073496,0.5,0.12625661933752097,0.3620300741077053,0.9237779905718773,0.37776836712148104,0.17616291529850175,0.0840789414125564
2021-09-17 07:00:00,0.2196652719665272,0.15537848605577675,0.3781087118391657,0.2815568648455633,0.6748243054010548,0.00033407572383073496,0.5,0.12264931594481121,0.3688086733887533,0.9302467790163713,0.3874621595123997,0.16196161381440083,0.08814520874511521
2021-09-17 07:10:00,0.2782426778242678,-0.36254980079681276,0.37125837676842877,0.2754865202642385,0.6697726767088508,0.00022271714922048998,0.5,0.12264931594481121,0.3688086733887533,0.9302467790163713,0.3874621595123997,0.16196161381440083,0.1253300541666038
2021-09-17 07:20:00,0.28103207810320785,-0.09960159362549814,0.36589724497393883,0.26834493840385654,0.6610566541466543,0.00022271714922048998,0.5,0.12264931594481121,0.3688086733887533,0.9302467790163713,0.3874621595123997,0.16196161381440083,0.12785732607088432
2021-09-17 07:30:00,0.24546722454672246,0.17131474103585642,0.36530156366344,0.26298875200856986,0.6625224116946513,0.00022271714922048998,0.5,0.12264931594481121,0.3688086733887533,0.9302467790163713,0.3874621595123997,0.16196161381440083,0.1040179851230442
2021-09-17 07:40:00,0.22594142259414227,-0.1633466135458168,0.36262099776619494,0.26156043563649356,0.6678226956851762,0.00022271714922048998,0.5,0.12264931594481121,0.3688086733887533,0.9302467790163713,0.3874621595123997,0.16196161381440083,0.08541424626944491
2021-09-17 07:50:00,0.2196652719665272,0.17131474103585642,0.35845122859270284,0.2604891983574362,0.6610566541466543,0.00022271714922048998,0.5,0.12264931594481121,0.3688086733887533,0.9302467790163713,0.3874621595123997,0.16196161381440083,0.08070673084177016
2021-09-17 08:00:00,0.24058577405857742,0.19521912350597592,0.356664184661206,0.25691840742724525,0.6610566541466543,0.00022271714922048998,0.5,0.1321927354969925,0.37836882591442206,0.9183504728962076,0.3886211372109086,0.15107093811036498,0.09547052521991038
2021-09-17 08:10:00,0.3138075313807531,0.003984063745019917,0.356664184661206,0.2512051419389394,0.6610566541466543,0.00022271714922048998,0.5,0.1321927354969925,0.37836882591442206,0.9183504728962076,0.3886211372109086,0.15107093811036498,0.151508064637808
2021-09-17 08:20:00,0.31311018131101814,-0.14741035856573714,0.3542814594192105,0.24692019282271027,0.6610566541466543,0.00022271714922048998,0.5,0.1321927354969925,0.37836882591442206,0.9183504728962076,0.3886211372109086,0.15107093811036498,0.15560450835131343
2021-09-17 08:30:00,0.32984658298465835,-0.38645418326693237,0.3533879374534623,0.24692019282271027,0.6610566541466543,0.00022271714922048998,0.5,0.1321927354969925,0.37836882591442206,0.9183504728962076,0.3886211372109086,0.15107093811036498,0.1684068379679225
2021-09-17 08:40:00,0.3186889818688982,0.05976095617529875,0.3542814594192105,0.24692019282271027,0.6481789271178233,0.00022271714922048998,0.5,0.1321927354969925,0.37836882591442206,0.9183504728962076,0.3886211372109086,0.15107093811036498,0.1623866499690692
2021-09-17 08:50:00,0.31729428172942814,0.19521912350597592,0.356664184661206,0.24370648098553827,0.6471843059245396,0.00022271714922048998,0.5,0.1321927354969925,0.37836882591442206,0.9183504728962076,0.3886211372109086,0.15107093811036498,0.16431039425441707
2021-09-17 09:00:00,0.3200836820083682,0.29083665338645415,0.35964259121370046,0.24370648098553827,0.6471843059245396,0.00033407572383073496,0.5,0.1472569918915303,0.39406391250750655,0.7697243200448618,0.34032438462025744,0.175392912270051,0.16437074701631033
2021-09-17 09:10:00,0.2615062761506276,0.13147410358565725,0.36262099776619494,0.24549187645063397,0.656947298163877,0.00022271714922048998,0.5,0.1472569918915303,0.39406391250750655,0.7697243200448618,0.34032438462025744,0.175392912270051,0.11444392474010591
2021-09-17 09:20:00,0.2196652719665272,-0.47410358565737054,0.3641102010424422,0.2558471701481879,0.6610566541466543,0.00033407572383073496,0.5,0.1472569918915303,0.39406391250750655,0.7697243200448618,0.34032438462025744,0.175392912270051,0.08035215836564721
2021-09-17 09:30:00,0.2099023709902371,-0.10756972111553798,0.37006701414743093,0.2654883056597035,0.6610566541466543,0.00033407572383073496,0.5,0.1472569918915303,0.39406391250750655,0.7697243200448618,0.34032438462025744,0.175392912270051,0.07280806312898895
2021-09-17 09:40:00,0.1589958158995816,0.09960159362549792,0.37900223380491416,0.27441528298518114,0.6610566541466543,0.00022271714922048998,0.5,0.1472569918915303,0.39406391250750655,0.7697243200448618,0.34032438462025744,0.175392912270051,0.04917241275253859
2021-09-17 09:50:00,0.16596931659693165,0.11553784860557759,0.38644825018615014,0.2851276557757545,0.6610566541466543,0.00033407572383073496,0.5,0.1472569918915303,0.39406391250750655,0.7697243200448618,0.34032438462025744,0.175392912270051,0.053185871418440785
2021-09-17 10:00:00,0.18898186889818688,0.33864541832669315,0.3950856291883842,0.29226923763613644,0.6635824684927563,0.00033407572383073496,0.5,0.4448779493720112,0.38281701230147636,0.5268372291266172,0.300884842034814,0.24517559906153888,0.061325950178795066
2021-09-17 10:10:00,0.14365411436541145,0.14741035856573692,0.4040208488458674,0.2994108194965186,0.6865503657850309,0.00033407572383073496,0.5,0.4448779493720112,0.38281701230147636,0.5268372291266172,0.300884842034814,0.24517559906153888,0.03551760037418712
2021-09-17 10:20:00,0.12622036262203626,-0.07569721115537853,0.4120625465376022,0.31405106231030167,0.6939315020088731,0.00022271714922048998,0.5,0.4448779493720112,0.38281701230147636,0.5268372291266172,0.300884842034814,0.24517559906153888,0.02435233942393289
2021-09-17 10:30:00,0.10320781032078104,0.08366533864541825,0.42010424422933723,0.33369041242635245,0.7022810851840704,0.01024498886414254,0.5,0.4448779493720112,0.38281701230147636,0.5268372291266172,0.300884842034814,0.24517559906153888,0.0055524540941804855
2021-09-17 10:40:00,0.07740585774058578,0.10756972111553775,0.4269545793000742,0.33511872879842897,0.7017706874664643,0.2561247216035635,0.5,0.4448779493720112,0.38281701230147636,0.5268372291266172,0.300884842034814,0.24517559906153888,0.0
2021-09-17 10:50:00,0.0794979079497908,0.3705179282868525,0.4391660461653015,0.3361899660774863,0.6939315020088731,0.9992204899777284,0.5,0.4448779493720112,0.38281701230147636,0.5268372291266172,0.300884842034814,0.24517559906153888,0.0
2021-09-17 11:00:00,0.09483960948396096,0.6334661354581672,0.4576321667907668,0.3654704517050529,0.6939315020088731,0.9992204899777284,0.5,0.451188654079433,0.39491447011123476,0.42650519170681284,0.25577065374034297,0.3484223751318596,0.0
2021-09-17 11:10:00,0.0899581589958159,0.668575697211155,0.4734177215189872,0.38653811819317974,0.6939315020088731,0.9992204899777284,0.5,0.451188654079433,0.39491447011123476,0.42650519170681284,0.25577065374034297,0.3484223751318596,0.0
2021-09-17 11:20:00,0.06694560669456066,0.7036852589641434,0.48682055100521215,0.39760757007677205,0.6939315020088731,0.9992204899777284,0.5,0.451188654079433,0.39491447011123476,0.42650519170681284,0.25577065374034297,0.3484223751318596,0.0
2021-09-17 11:30:00,0.08647140864714087,0.7387948207171313,0.49813849590469084,0.40546331012319237,0.6939315020088731,0.9992204899777284,0.5,0.451188654079433,0.39491447011123476,0.42650519170681284,0.25577065374034297,0.3484223751318596,0.0
2021-09-17 11:40:00,0.09693165969316596,0.7739043824701193,0.5100521221146683,0.41546152472772735,0.6939315020088731,0.9992204899777284,0.5,0.451188654079433,0.39491447011123476,0.42650519170681284,0.25577065374034297,0.3484223751318596,0.0
2021-09-17 11:50:00,0.11436541143654114,0.7330677290836651,0.5270290394638866,0.42617389751830026,0.6939315020088731,0.9992204899777284,0.5,0.451188654079433,0.39491447011123476,0.42650519170681284,0.25577065374034297,0.3484223751318596,0.0
2021-09-17 12:00:00,0.18340306834030684,0.6922310756972108,0.5395383469843631,0.4304588466345294,0.6793786234966169,0.9992204899777284,0.5,0.4704220466589708,0.38621062220012714,0.350253254145522,0.16041449200548377,0.4923807166484624,0.0
2021-09-17 12:10:00,0.18619246861924685,0.6513944223107571,0.5463886820551005,0.4450990894483129,0.5689756710421274,0.9992204899777284,0.5,0.4704220466589708,0.38621062220012714,0.350253254145522,0.16041449200548377,0.4923807166484624,0.0
2021-09-17 12:20:00,0.15271966527196654,0.6105577689243027,0.5535368577810869,0.4736654168898411,0.393359594822735,0.7734966592427617,0.5,0.4704220466589708,0.38621062220012714,0.350253254145522,0.16041449200548377,0.4923807166484624,0.0
2021-09-17 12:30:00,0.22384937238493724,0.5697211155378485,0.5645569620253164,0.5047312979825032,0.3813194435356166,0.3706013363028953,0.5,0.4704220466589708,0.38621062220012714,0.350253254145522,0.16041449200548377,0.4923807166484624,0.0357212909455769
2021-09-17 12:40:00,0.24686192468619247,-0.15537848605577698,0.5794489947877883,0.5140153544009998,0.39309785240344974,0.00033407572383073496,0.5,0.4704220466589708,0.38621062220012714,0.350253254145522,0.16041449200548377,0.4923807166484624,0.09832973731460387
2021-09-17 12:50:00,0.14435146443514643,0.784860557768924,0.5943410275502605,0.5440099982146045,0.43199277590922774,0.0036748329621380848,0.5,0.4704220466589708,0.38621062220012714,0.350253254145522,0.16041449200548377,0.4923807166484624,0.018400048282209515
2021-09-17 13:00:00,0.20223152022315202,0.549800796812749,0.6035740878629932,0.586859489376897,0.4470298778971615,0.860467706013363,0.5,0.5987451233614043,0.37545509142057587,0.21984661324494897,0.16775923765107523,0.6749164671442488,0.0
2021-09-17 13:10:00,0.28172942817294283,0.31474103585657365,0.6128071481757258,0.596857703981432,0.41921974584811095,0.008129175946547884,0.5,0.5987451233614043,0.37545509142057587,0.21984661324494897,0.16775923765107523,0.6749164671442488,0.09519139369615402
2021-09-17 13:20:00,0.299163179916318,-0.20318725099601598,0.6035740878629932,0.5740046420282092,0.4060017536742092,0.00022271714922048998,0.5,0.5987451233614043,0.37545509142057587,0.21984661324494897,0.16775923765107523,0.6749164671442488,0.14292288425849087
2021-09-17 13:30:00,0.18340306834030684,-0.15537848605577698,0.5943410275502605,0.5379396536332799,0.40270379919121596,0.00044543429844097997,0.5,0.5987451233614043,0.37545509142057587,0.21984661324494897,0.16775923765107523,0.6749164671442488,0.047565520467130376
2021-09-17 13:40:00,0.2733612273361227,0.3306772908366533,0.5928518242740133,0.5382967327262989,0.39490387509651753,0.00033407572383073496,0.5,0.5987451233614043,0.37545509142057587,0.21984661324494897,0.16775923765107523,0.6749164671442488,0.13224044540338278
2021-09-17 13:50:00,0.20920502092050208,0.09163346613545809,0.5928518242740133,0.5390108909123372,0.4021934014736099,0.00022271714922048998,0.5,0.5987451233614043,0.37545509142057587,0.21984661324494897,0.16775923765107523,0.6749164671442488,0.06458499932103143
2021-09-17 14:00:00,0.1589958158995816,-0.38645418326693237,0.5958302308265075,0.5482949473308338,0.4042349923440342,0.025389755011135856,0.5,0.6280756634846707,0.3540848316269523,0.1824162833392746,0.26945180532241236,0.7289912046378845,0.010116631712358737
2021-09-17 14:10:00,0.29218967921896793,0.20318725099601576,0.5991064780342514,0.5468666309587575,0.38133253065658085,0.00033407572383073496,0.5,0.6280756634846707,0.3540848316269523,0.1824162833392746,0.26945180532241236,0.7289912046378845,0.14760776740045567
2021-09-17 14:20:00,0.2782426778242678,-0.059760956175298974,0.6029784065524944,0.5407962863774327,0.4291136092970907,0.00033407572383073496,0.5,0.6280756634846707,0.3540848316269523,0.1824162833392746,0.26945180532241236,0.7289912046378845,0.11718997540624954
2021-09-17 14:30:00,0.39609483960948394,-0.02788844621513953,0.6047654504839908,0.5465095518657381,0.40080616665139834,0.00033407572383073496,0.5,0.6280756634846707,0.3540848316269523,0.1824162833392746,0.26945180532241236,0.7289912046378845,0.2935030251821899
2021-09-17 14:40:00,0.3716875871687587,-0.09960159362549814,0.6038719285182426,0.5404392072844135,0.4197563178076455,0.00022271714922048998,0.5,0.6280756634846707,0.3540848316269523,0.1824162833392746,0.26945180532241236,0.7289912046378845,0.22950646528961785
2021-09-17 14:50:00,0.30474198047419804,0.5617529880478087,0.6044676098287414,0.5554365291912158,0.41425972700265673,0.00033407572383073496,0.5,0.6280756634846707,0.3540848316269523,0.1824162833392746,0.26945180532241236,0.7289912046378845,0.14547278844848138
2021-09-17 15:00:00,0.45327754532775455,-0.003984063745020028,0.6065524944154874,0.5565077664702731,0.4200573215898235,0.00044543429844097997,0.5,0.6356892065733601,0.3390046751933143,0.17499144321701057,0.3600617312491564,0.7321260828352719,0.41149267468352524
2021-09-17 15:10:00,0.37866108786610875,0.019920318725099362,0.6068503350707368,0.5568648455632923,0.4400413553022471,0.00044543429844097997,0.5,0.6356892065733601,0.3390046751933143,0.17499144321701057,0.3600617312491564,0.7321260828352719,0.2869849268977172
2021-09-17 15:20:00,0.3458856345885635,-0.3067729083665339,0.6083395383469843,0.5693626138189607,0.42016201855753754,0.00033407572383073496,0.5,0.6356892065733601,0.3390046751933143,0.17499144321701057,0.3600617312491564,0.7321260828352719,0.21290945576896966
2021-09-17 15:30:00,0.4825662482566248,0.49003984063745,0.6119136262099774,0.5754329584002855,0.42348614728245937,0.23719376391982183,0.5,0.6356892065733601,0.3390046751933143,0.17499144321701057,0.3600617312491564,0.7321260828352719,0.2885540987069421
2021-09-17 15:40:00,0.45327754532775455,-0.13147410358565736,0.6125093075204764,0.5682913765399038,0.42848542749080626,0.00033407572383073496,0.5,0.6356892065733601,0.3390046751933143,0.17499144321701057,0.3600617312491564,0.7321260828352719,0.388385110973641
2021-09-17 15:50:00,0.4260808926080893,-0.07569721115537853,0.6125093075204764,0.5661489019817889,0.3959639318946225,0.00022271714922048998,0.5,0.6356892065733601,0.3390046751933143,0.17499144321701057,0.3600617312491564,0.7321260828352719,0.3198394616533639
2021-09-17 16:00:00,0.4504881450488145,0.20318725099601576,0.6157855547282203,0.5715050883770756,0.43039614715158814,0.000779510022271715,0.5,0.6328229421227174,0.31973207435482753,0.16959702402759883,0.4424088985618059,0.7212166768982664,0.3402688715542345
2021-09-17 16:10:00,0.5348675034867504,-0.07569721115537853,0.6157855547282203,0.5740046420282092,0.41783251102589936,0.000556792873051225,0.5,0.6328229421227174,0.31973207435482753,0.16959702402759883,0.4424088985618059,0.7212166768982664,0.5253028954237517
2021-09-17 16:20:00,0.44072524407252445,0.003984063745019917,0.6163812360387191,0.5779325120514194,0.417610029969507,0.00111358574610245,0.5,0.6328229421227174,0.31973207435482753,0.16959702402759883,0.4424088985618059,0.7212166768982664,0.33544819469800985
2021-09-17 16:30:00,0.4191073919107392,0.10756972111553775,0.6154877140729709,0.5811462238885914,0.4197563178076455,0.00022271714922048998,0.5,0.6328229421227174,0.31973207435482753,0.16959702402759883,0.4424088985618059,0.7212166768982664,0.3489898456478115
2021-09-17 16:40:00,0.3668061366806137,-0.31474103585657376,0.6166790766939687,0.5911444384931261,0.425187473007813,0.00033407572383073496,0.5,0.6328229421227174,0.31973207435482753,0.16959702402759883,0.4424088985618059,0.7212166768982664,0.2211928723388204
2021-09-17 16:50:00,0.4839609483960949,0.08366533864541825,0.6181682799702157,0.5929298339582219,0.38805931083221,0.0013363028953229399,0.5,0.6328229421227174,0.31973207435482753,0.16959702402759883,0.4424088985618059,0.7212166768982664,0.4775864930518883
2021-09-17 17:00:00,0.43096234309623427,0.11553784860557759,0.6214445271779596,0.5965006248884128,0.38775830705003206,0.00044543429844097997,0.5,0.6330428056885695,0.3058386756588226,0.1667287421801656,0.5095669793789758,0.7175473057193561,0.38301371516514027
2021-09-17 17:10:00,0.37517433751743373,0.01195219123505975,0.6202531645569618,0.5957864667023745,0.4023504469251809,0.000779510022271715,0.5,0.6330428056885695,0.3058386756588226,0.1667287421801656,0.5095669793789758,0.7175473057193561,0.2818700303272629
2021-09-17 17:20:00,0.4630404463040446,0.05179282868525892,0.619657483246463,0.6000714158186038,0.40218031435264556,0.005679287305122495,0.5,0.6330428056885695,0.3058386756588226,0.1667287421801656,0.5095669793789758,0.7175473057193561,0.3865669840216063
2021-09-17 17:30:00,0.3354253835425383,0.01195219123505975,0.6193596425912136,0.600428494911623,0.392351886508487,0.000556792873051225,0.5,0.6330428056885695,0.3058386756588226,0.1667287421801656,0.5095669793789758,0.7175473057193561,0.1848227892028909
2021-09-17 17:40:00,0.33821478382147835,0.1872509960159361,0.6184661206254651,0.600428494911623,0.38750965175171115,0.0006681514476614699,0.5,0.6330428056885695,0.3058386756588226,0.1667287421801656,0.5095669793789758,0.7175473057193561,0.2466089291911221
2021-09-17 17:50:00,0.6255230125523014,0.06772908366533859,0.6199553239017124,0.5997143367255846,0.40208870450589573,0.00824053452115813,0.5,0.6330428056885695,0.3058386756588226,0.1667287421801656,0.5095669793789758,0.7175473057193561,0.7150746111018906
2021-09-17 18:00:00,0.5111576011157601,0.1394422310756971,0.614296351451973,0.590073201214069,0.4044051249165696,0.000556792873051225,0.5,0.5220069687945157,0.2950055602329843,0.23910498649619807,0.44324034576698756,0.7901696615518455,0.4847533835267136
2021-09-17 18:10:00,0.41631799163179917,-0.15537848605577698,0.6125093075204764,0.5979289412604893,0.42504351467720614,0.003006681514476615,0.5,0.5220069687945157,0.2950055602329843,0.23910498649619807,0.44324034576698756,0.7901696615518455,0.28722633794529023
2021-09-17 18:20:00,0.4881450488145049,-0.17131474103585675,0.6125093075204764,0.6054276022138905,0.3860308070827499,0.00044543429844097997,0.5,0.5220069687945157,0.2950055602329843,0.23910498649619807,0.44324034576698756,0.7901696615518455,0.44430194486775204
2021-09-17 18:30:00,0.6443514644351465,0.15537848605577675,0.6125093075204764,0.5993572576325656,0.38341338288989807,0.004120267260579065,0.5,0.5220069687945157,0.2950055602329843,0.23910498649619807,0.44324034576698756,0.7901696615518455,0.7747861249000407
2021-09-17 18:40:00,0.6157601115760112,-0.10756972111553798,0.6125093075204764,0.5936439921442598,0.38876601536428,0.0014476614699331849,0.5,0.5220069687945157,0.2950055602329843,0.23910498649619807,0.44324034576698756,0.7901696615518455,0.7461110189055027
2021-09-17 18:50:00,0.6701534170153417,0.13147410358565725,0.6092330603127325,0.5961435457953936,0.39735116671683396,0.00111358574610245,0.5,0.5220069687945157,0.2950055602329843,0.23910498649619807,0.44324034576698756,0.7901696615518455,0.8700605036437979
2021-09-17 19:00:00,0.6345885634588563,0.09163346613545809,0.6059568131049888,0.5932869130512408,0.38956432974309985,0.000556792873051225,0.5,0.5212008246217841,0.30665187769211555,0.22585899765863085,0.44246522281303224,0.794167122746376,0.769263847186807
2021-09-17 19:10:00,0.6227336122733612,-0.36254980079681276,0.6011913626209975,0.6036422067487948,0.37170040962688616,0.0016703786191536749,0.5,0.5212008246217841,0.30665187769211555,0.22585899765863085,0.44246522281303224,0.794167122746376,0.7361377250026404
2021-09-17 19:20:00,0.5285913528591353,0.25099601593625476,0.596128071481757,0.6068559185859668,0.3721846331025637,0.00011135857461024499,0.5,0.5212008246217841,0.30665187769211555,0.22585899765863085,0.44246522281303224,0.794167122746376,0.554551352656276
2021-09-17 19:30:00,0.4874476987447699,-0.05179282868525903,0.5901712583767682,0.6111408677021961,0.3739383073117745,0.00011135857461024499,0.5,0.5212008246217841,0.30665187769211555,0.22585899765863085,0.44246522281303224,0.794167122746376,0.4714305113387751
2021-09-17 19:40:00,0.5139470013947002,-0.03585657370517936,0.5868950111690245,0.6114979467952151,0.3677873604585727,0.00011135857461024499,0.5,0.5212008246217841,0.30665187769211555,0.22585899765863085,0.44246522281303224,0.794167122746376,0.5127721532356625
2021-09-17 19:50:00,0.4951185495118549,-0.2589641434262948,0.581831720029784,0.6111408677021961,0.37303529596524065,0.00011135857461024499,0.5,0.5212008246217841,0.30665187769211555,0.22585899765863085,0.44246522281303224,0.794167122746376,0.4477722286766148
2021-09-17 20:00:00,0.46164574616457466,-0.40239043824701204,0.5785554728220401,0.6111408677021961,0.3739383073117745,0.00011135857461024499,0.5,0.5001107989632525,0.3166171944817184,0.3077074961223411,0.3471225680494943,0.7873912818811586,0.38579748630746713
2021-09-17 20:10:00,0.45746164574616455,-0.19521912350597614,0.5755770662695456,0.6107837886091769,0.37139940584470826,0.00011135857461024499,0.5,0.5001107989632525,0.3166171944817184,0.3077074961223411,0.3471225680494943,0.7873912818811586,0.3874722754500053
2021-09-17 20:20:00,0.500697350069735,-0.14741035856573714,0.5708116157855547,0.6043563649348331,0.3664262998782898,0.00022271714922048998,0.5,0.5001107989632525,0.3166171944817184,0.3077074961223411,0.3471225680494943,0.7873912818811586,0.4523439503900298
2021-09-17 20:30:00,0.46582984658298465,0.24302788844621515,0.5687267311988085,0.5965006248884128,0.3646464514271505,0.00022271714922048998,0.5,0.5001107989632525,0.3166171944817184,0.3077074961223411,0.3471225680494943,0.7873912818811586,0.39880350649546603
2021-09-17 20:40:00,0.502092050209205,-0.08366533864541836,0.5651526433358152,0.5886448848419923,0.38762743584038944,0.00044543429844097997,0.5,0.5001107989632525,0.3166171944817184,0.3077074961223411,0.3471225680494943,0.7873912818811586,0.47604749762361
2021-09-17 20:50:00,0.45327754532775455,0.09960159362549792,0.5690245718540579,0.5840028566327442,0.3860700684456426,0.00044543429844097997,0.5,0.5001107989632525,0.3166171944817184,0.3077074961223411,0.3471225680494943,0.7873912818811586,0.3967439684958583
2021-09-17 21:00:00,0.25383542538354253,-0.02788844621513953,0.5642591213700667,0.5797179075165149,0.37374200049731066,0.00044543429844097997,0.5,0.5097845623891215,0.33227492550437177,0.2716997670551364,0.2993456892017435,0.7552071391860998,0.10391236778973098
2021-09-17 21:10:00,0.24546722454672246,0.5458167330677288,0.5541325390915859,0.5754329584002855,0.39589849628980117,0.00044543429844097997,0.5,0.5097845623891215,0.33227492550437177,0.2716997670551364,0.2993456892017435,0.7552071391860998,0.10290145902801878
2021-09-17 21:20:00,0.23640167364016737,0.01195219123505975,0.544899478778853,0.5611497946795214,0.4151234769862978,0.00044543429844097997,0.5,0.5097845623891215,0.33227492550437177,0.2716997670551364,0.2993456892017435,0.7552071391860998,0.09308659112512636
2021-09-17 21:30:00,0.3486750348675035,-0.2749003984063746,0.5386448250186149,0.5443670773076237,0.4151234769862978,0.00044543429844097997,0.5,0.5097845623891215,0.33227492550437177,0.2716997670551364,0.2993456892017435,0.7552071391860998,0.18676916577394873
2021-09-17 21:40:00,0.3507670850767085,0.2111553784860556,0.5380491437081161,0.5236564899125158,0.41864391252568345,0.00044543429844097997,0.5,0.5097845623891215,0.33227492550437177,0.2716997670551364,0.2993456892017435,0.7552071391860998,0.19954886310484785
2021-09-17 21:50:00,0.3235704323570432,0.49003984063745,0.5380491437081161,0.5161578289591144,0.43517294630354264,0.00044543429844097997,0.5,0.5097845623891215,0.33227492550437177,0.2716997670551364,0.2993456892017435,0.7552071391860998,0.17827451453747153
2021-09-17 22:00:00,0.403068340306834,0.4183266932270917,0.5410275502606106,0.5100874843777896,0.45403148761304,0.00044543429844097997,0.5,0.4804377459581892,0.33958224978233387,0.29310789332953907,0.2732323107626708,0.7510738286449679,0.25345142357077116
2021-09-17 22:10:00,0.34658298465829845,0.33864541832669315,0.5443037974683544,0.49223352972683454,0.45403148761304,0.00044543429844097997,0.5,0.4804377459581892,0.33958224978233387,0.29310789332953907,0.2732323107626708,0.7510738286449679,0.18935679044012252
2021-09-17 22:20:00,0.31311018131101814,-0.3466135458167332,0.5443037974683544,0.4868773433315481,0.45403148761304,0.00044543429844097997,0.5,0.4804377459581892,0.33958224978233387,0.29310789332953907,0.2732323107626708,0.7510738286449679,0.15512168625616732
2021-09-17 22:30:00,0.23709902370990238,-0.5219123505976095,0.5395383469843631,0.4861631851455097,0.45403148761304,0.00044543429844097997,0.5,0.4804377459581892,0.33958224978233387,0.29310789332953907,0.2732323107626708,0.7510738286449679,0.0941653967439685
2021-09-17 22:40:00,0.1701534170153417,-0.5219123505976095,0.5335815338793746,0.4879485806106054,0.44729162031644654,0.00044543429844097997,0.5,0.4804377459581892,0.33958224978233387,0.29310789332953907,0.2732323107626708,0.7510738286449679,0.048191680371773016
2021-09-17 22:50:00,0.1499302649930265,-0.4183266932270917,0.5267311988086372,0.4958043206570255,0.43752862807710935,0.00044543429844097997,0.5,0.4804377459581892,0.33958224978233387,0.29310789332953907,0.2732323107626708,0.7510738286449679,0.03753187380237488
2021-09-17 23:00:00,0.2112970711297071,-0.26693227091633476,0.5174981384959045,0.4847348687734334,0.4424886469225635,0.00044543429844097997,0.5,0.3715109249712245,0.3491366552971655,0.3600567467840256,0.2556259917268803,0.795617368678578,0.06937549979630943
2021-09-17 23:10:00,0.1415620641562064,0.1394422310756971,0.5133283693224122,0.4861631851455097,0.4375024538351808,0.00044543429844097997,0.5,0.3715109249712245,0.3491366552971655,0.3600567467840256,0.2556259917268803,0.795617368678578,0.04116058361120751
2021-09-17 23:20:00,0.201534170153417,0.5458167330677288,0.5106478034251674,0.47295125870380295,0.43752862807710935,0.00044543429844097997,0.5,0.3715109249712245,0.3491366552971655,0.3600567467840256,0.2556259917268803,0.795617368678578,0.07519199722377296
2021-09-17 23:30:00,0.3312412831241283,-0.043824701195219196,0.5040953090096798,0.4636672022853061,0.451152321000903,0.00044543429844097997,0.5,0.3715109249712245,0.3491366552971655,0.3600567467840256,0.2556259917268803,0.795617368678578,0.16784103082517313
2021-09-17 23:40:00,0.22245467224546722,0.4422310756972112,0.496947133283693,0.44688448491340815,0.4608367905144547,0.00044543429844097997,0.5,0.3715109249712245,0.3491366552971655,0.3600567467840256,0.2556259917268803,0.795617368678578,0.0915249634111381
2021-09-17 23:50:00,0.22036262203626222,0.13147410358565725,0.49158600148920306,0.4372433494018926,0.471712188035754,0.00044543429844097997,0.5,0.3715109249712245,0.3491366552971655,0.3600567467840256,0.2556259917268803,0.795617368678578,0.09002368845904311
2021-09-18 00:00:00,0.1924686192468619,0.4820717131474104,0.48741623231571096,0.43402963756472057,0.48804491499914937,0.00044543429844097997,0.5,0.3060180313472345,0.3519584376176339,0.4947185087876481,0.26390749194174407,0.8668270449139969,0.06650874360637929
2021-09-18 00:10:00,0.199442119944212,-0.2509960159362551,0.48741623231571096,0.42974468844849145,0.49551766106974127,0.00044543429844097997,0.5,0.3060180313472345,0.3519584376176339,0.4947185087876481,0.26390749194174407,0.8668270449139969,0.06304600389275314
2021-09-18 00:20:00,0.19525801952580193,-0.3466135458167332,0.4844378257632167,0.42331726477414744,0.49551766106974127,0.00044543429844097997,0.5,0.3060180313472345,0.3519584376176339,0.4947185087876481,0.26390749194174407,0.8668270449139969,0.061424023416871615
2021-09-18 00:30:00,0.17294281729428174,-0.09960159362549814,0.47937453462397617,0.41867523656489913,0.4886600096844695,0.00044543429844097997,0.5,0.3060180313472345,0.3519584376176339,0.4947185087876481,0.26390749194174407,0.8668270449139969,0.05394782503734328
2021-09-18 00:40:00,0.25313807531380755,0.2669322709163344,0.4749069247952342,0.4193893947509373,0.49551766106974127,0.00044543429844097997,0.5,0.3060180313472345,0.3519584376176339,0.4947185087876481,0.26390749194174407,0.8668270449139969,0.10892164702687207
2021-09-18 00:50:00,0.24058577405857742,0.4183266932270917,0.46746090841399823,0.40403499375111585,0.5042075093900092,0.00044543429844097997,0.5,0.3060180313472345,0.3519584376176339,0.4947185087876481,0.26390749194174407,0.8668270449139969,0.09420311722015179
2021-09-18 01:00:00,0.28033472803347276,0.4581673306772909,0.4626954579300073,0.3929655418675235,0.5094161835337844,0.00044543429844097997,0.5,0.2799690683448164,0.3488837868203806,0.45905140245641496,0.26172687550144846,0.9244706231471845,0.11494183502572537
2021-09-18 01:10:00,0.2712691771269177,0.027888446215139417,0.45644080416976895,0.3840385645420461,0.5188912591119079,0.00044543429844097997,0.5,0.2799690683448164,0.3488837868203806,0.45905140245641496,0.26172687550144846,0.9244706231471845,0.10972132112195784
2021-09-18 01:20:00,0.18270571827057183,-0.019920318725099695,0.451079672375279,0.3747545081235495,0.5233801416026489,0.00044543429844097997,0.5,0.2799690683448164,0.3488837868203806,0.45905140245641496,0.26172687550144846,0.9244706231471845,0.04919504503824856
2021-09-18 01:30:00,0.199442119944212,0.4820717131474104,0.4352941176470586,0.37832529905374046,0.5486382850636689,0.00044543429844097997,0.5,0.2799690683448164,0.3488837868203806,0.45905140245641496,0.26172687550144846,0.9244706231471845,0.0678440484632678
2021-09-18 01:40:00,0.3089260808926081,-0.05179282868525903,0.4221891288160833,0.3604713444027854,0.5562157281019748,0.00044543429844097997,0.5,0.2799690683448164,0.3488837868203806,0.45905140245641496,0.26172687550144846,0.9244706231471845,0.1331759132127284
2021-09-18 01:50:00,0.296373779637378,0.07569721115537842,0.4129560685033504,0.3394036779146581,0.5562157281019748,0.00044543429844097997,0.5,0.2799690683448164,0.3488837868203806,0.45905140245641496,0.26172687550144846,0.9244706231471845,0.11895529369162758
2021-09-18 02:00:00,0.28591352859135283,0.3705179282868525,0.40610573343261325,0.3276200678450276,0.5610448757377865,0.00044543429844097997,0.5,0.29021276936371976,0.35231475228946674,0.44666610107567545,0.2283395952101406,0.9407911026917434,0.10326357559937836
2021-09-18 02:10:00,0.11018131101813111,0.6095617529880477,0.40163812360387197,0.3279771469380468,0.5925063145358652,0.00044543429844097997,0.5,0.29021276936371976,0.35231475228946674,0.44666610107567545,0.2283395952101406,0.9407911026917434,0.007106537712932088
2021-09-18 02:20:00,0.09483960948396096,0.4581673306772909,0.3965748324646312,0.3404749151937154,0.6174372799727788,0.183184855233853,0.5,0.29021276936371976,0.35231475228946674,0.44666610107567545,0.2283395952101406,0.9407911026917434,0.00270078609472366
2021-09-18 02:30:00,0.13319386331938632,0.4279723212413502,0.40223380491437055,0.3461881806820213,0.6174372799727788,0.9993318485523385,0.5,0.29021276936371976,0.35231475228946674,0.44666610107567545,0.2283395952101406,0.9407911026917434,0.0
2021-09-18 02:40:00,0.0899581589958159,0.39777731180540976,0.4078927773641099,0.35797179075165153,0.6174372799727788,0.9993318485523385,0.5,0.29021276936371976,0.35231475228946674,0.44666610107567545,0.2283395952101406,0.9407911026917434,0.0
2021-09-18 02:50:00,0.07182705718270573,0.3675823023694693,0.41414743112434826,0.35904302803070887,0.6174372799727788,0.9993318485523385,0.5,0.29021276936371976,0.35231475228946674,0.44666610107567545,0.2283395952101406,0.9407911026917434,0.0
2021-09-18 03:00:00,0.06276150627615062,0.33738729293352887,0.41444527177959767,0.35797179075165153,0.6174372799727788,0.9993318485523385,0.5,0.2863449449890818,0.34795277106494893,0.4500757524167285,0.2234705851914871,0.9465672391156802,0.0
2021-09-18 03:10:00,0.08298465829846582,0.3071922834975884,0.41355174981384923,0.35440099982146056,0.6174372799727788,0.9993318485523385,0.5,0.2863449449890818,0.34795277106494893,0.4500757524167285,0.2234705851914871,0.9465672391156802,0.0
2021-09-18 03:20:00,0.0899581589958159,0.2769972740616482,0.4108711839166044,0.3472594179610784,0.6174372799727788,0.9993318485523385,0.5,0.2863449449890818,0.34795277106494893,0.4500757524167285,0.2234705851914871,0.9465672391156802,0.0
2021-09-18 03:30:00,0.08647140864714087,0.24680226462570753,0.40610573343261325,0.34333154793786824,0.6174372799727788,0.9993318485523385,0.5,0.2863449449890818,0.34795277106494893,0.4500757524167285,0.2234705851914871,0.9465672391156802,0.0
2021-09-18 03:40:00,0.11436541143654114,0.2166072551897671,0.41384959046909886,0.33690412426352423,0.6174372799727788,0.9993318485523385,0.5,0.2863449449890818,0.34795277106494893,0.4500757524167285,0.2234705851914871,0.9465672391156802,0.0
2021-09-18 03:50:00,0.14435146443514643,0.18641224575382664,0.4195085629188382,0.3361899660774863,0.6174372799727788,0.9993318485523385,0.5,0.2863449449890818,0.34795277106494893,0.4500757524167285,0.2234705851914871,0.9465672391156802,0.0
2021-09-18 04:00:00,0.12133891213389121,0.1562172363178862,0.42486969471332836,0.3329762542403143,0.6174372799727788,0.9993318485523385,0.5,0.20130107066752534,0.350171117247641,0.5585973191240644,0.2518454862866218,0.9586225445669709,0.0
2021-09-18 04:10:00,0.12552301255230125,0.12602222688194575,0.42129560685033485,0.3329762542403143,0.6174372799727788,0.9993318485523385,0.5,0.20130107066752534,0.350171117247641,0.5585973191240644,0.2518454862866218,0.9586225445669709,0.0
2021-09-18 04:20:00,0.1304044630404463,0.09582721744600553,0.41384959046909886,0.3294054633101231,0.6174372799727788,0.9993318485523385,0.5,0.20130107066752534,0.350171117247641,0.5585973191240644,0.2518454862866218,0.9586225445669709,0.0
2021-09-18 04:30:00,0.1297071129707113,0.06563220801006486,0.42069992553983626,0.32547759328691295,0.6174372799727788,0.9993318485523385,0.5,0.20130107066752534,0.350171117247641,0.5585973191240644,0.2518454862866218,0.9586225445669709,0.0
2021-09-18 04:40:00,0.1290097629009763,0.03543719857412442,0.42516753536857754,0.32547759328691295,0.6174372799727788,0.9993318485523385,0.5,0.20130107066752534,0.350171117247641,0.5585973191240644,0.2518454862866218,0.9586225445669709,0.0
2021-09-18 04:50:00,0.13389121338912133,0.0052421891381839725,0.42516753536857754,0.32547759328691295,0.6174372799727788,0.9993318485523385,0.5,0.20130107066752534,0.350171117247641,0.5585973191240644,0.2518454862866218,0.9586225445669709,0.0
2021-09-18 05:00:00,0.15271966527196654,-0.024952820297756473,0.4278481012658226,0.32547759328691295,0.6174372799727788,0.9993318485523385,0.5,0.17632694432668927,0.3498205495866453,0.5939872097811227,0.2937518412187527,0.9908917410704396,0.0
2021-09-18 05:10:00,0.1499302649930265,-0.05514782973369681,0.4278481012658226,0.32547759328691295,0.6174372799727788,0.9993318485523385,0.5,0.17632694432668927,0.3498205495866453,0.5939872097811227,0.2937518412187527,0.9908917410704396,0.0
2021-09-18 05:20:00,0.18898186889818688,-0.08534283916963725,0.4272524199553238,0.324763435100875,0.5870097237308763,0.9993318485523385,0.5,0.17632694432668927,0.3498205495866453,0.5939872097811227,0.2937518412187527,0.9908917410704396,0.0
2021-09-18 05:30:00,0.17503486750348674,-0.11553784860557781,0.41861504095308977,0.3376182824495626,0.4524217717344362,0.5752783964365256,0.5,0.17632694432668927,0.3498205495866453,0.5939872097811227,0.2937518412187527,0.9908917410704396,0.0
2021-09-18 05:40:00,0.14365411436541145,-0.30942895086321387,0.4195085629188382,0.3358328869844669,0.4567405216526416,0.4610244988864143,0.5,0.17632694432668927,0.3498205495866453,0.5939872097811227,0.2937518412187527,0.9908917410704396,0.0
2021-09-18 05:50:00,0.14853556485355648,-0.50332005312085,0.42546537602382717,0.33654704517050527,0.4567405216526416,0.9995545657015591,0.5,0.17632694432668927,0.3498205495866453,0.5939872097811227,0.2937518412187527,0.9908917410704396,0.0
2021-09-18 06:00:00,0.21617852161785217,-0.6972111553784861,0.4278481012658226,0.33726120335654364,0.45295834369397076,0.6374164810690424,0.5,0.1689820937268509,0.3872996807535494,0.5987424857876241,0.3843394092204112,0.05011288669396594,0.018807429424989062
2021-09-18 06:10:00,0.15341701534170155,-0.17131474103585675,0.42903946388682024,0.34333154793786824,0.4346756357069008,0.00044543429844097997,0.5,0.1689820937268509,0.3872996807535494,0.5987424857876241,0.3843394092204112,0.05011288669396594,0.023115107805120935
2021-09-18 06:20:00,0.08647140864714087,-0.298804780876494,0.434102755026061,0.36904124263524385,0.4213136852023923,0.07973273942093542,0.5,0.1689820937268509,0.3872996807535494,0.5987424857876241,0.3843394092204112,0.05011288669396594,0.0
2021-09-18 06:30:00,0.1304044630404463,0.3545816733067728,0.43231571109456435,0.36404213533297636,0.41262383688212434,0.9993318485523385,0.5,0.1689820937268509,0.3872996807535494,0.5987424857876241,0.3843394092204112,0.05011288669396594,0.0
2021-09-18 06:40:00,0.14086471408647142,0.015936254980079667,0.4239761727475799,0.359757186216747,0.41262383688212434,0.9993318485523385,0.5,0.1689820937268509,0.3872996807535494,0.5987424857876241,0.3843394092204112,0.05011288669396594,0.0
2021-09-18 06:50:00,0.1387726638772664,-0.3227091633466136,0.42040208488458664,0.35297268344938404,0.41262383688212434,0.9993318485523385,0.5,0.1689820937268509,0.3872996807535494,0.5987424857876241,0.3843394092204112,0.05011288669396594,0.0
2021-09-18 07:00:00,0.1297071129707113,-0.29574011645724796,0.42486969471332836,0.3454740224959829,0.41262383688212434,0.9993318485523385,0.5,0.17349323249137893,0.38906688658561434,0.6110492892258594,0.36217604238311263,0.07115368199193976,0.0
2021-09-18 07:10:00,0.11436541143654114,-0.26877106956788244,0.41772151898734156,0.3379753615425818,0.41262383688212434,0.9993318485523385,0.5,0.17349323249137893,0.38906688658561434,0.6110492892258594,0.36217604238311263,0.07115368199193976,0.0
2021-09-18 07:20:00,0.09483960948396096,-0.2418020226785168,0.41325390915860005,0.33190501696125696,0.41262383688212434,0.9993318485523385,0.5,0.17349323249137893,0.38906688658561434,0.6110492892258594,0.36217604238311263,0.07115368199193976,0.0
2021-09-18 07:30:00,0.09135285913528592,-0.21483297578915128,0.4078927773641099,0.32440635600785583,0.41262383688212434,0.9993318485523385,0.5,0.17349323249137893,0.38906688658561434,0.6110492892258594,0.36217604238311263,0.07115368199193976,0.0
2021-09-18 07:40:00,0.061366806136680614,-0.18786392889978554,0.39955323901712547,0.3186930905195502,0.41262383688212434,0.9993318485523385,0.5,0.17349323249137893,0.38906688658561434,0.6110492892258594,0.36217604238311263,0.07115368199193976,0.0
2021-09-18 07:50:00,0.02301255230125523,-0.1608948820104199,0.3891288160833952,0.3144081414033211,0.41262383688212434,0.9993318485523385,0.5,0.17349323249137893,0.38906688658561434,0.6110492892258594,0.36217604238311263,0.07115368199193976,0.0
2021-09-18 08:00:00,0.02510460251046025,-0.13392583512105438,0.37840655249441535,0.30798071772897706,0.41262383688212434,0.9993318485523385,0.5,0.242178150190963,0.4060607976276335,0.4926132675218758,0.3347698370417741,0.059577823933343134,0.0
2021-09-18 08:10:00,0.05230125523012552,-0.10695678823168875,0.3718540580789278,0.3069094804499197,0.41262383688212434,0.9993318485523385,0.5,0.242178150190963,0.4060607976276335,0.4926132675218758,0.3347698370417741,0.059577823933343134,0.0
2021-09-18 08:20:00,0.05718270571827057,-0.07998774134232312,0.3739389426656736,0.3072665595429387,0.41262383688212434,0.9993318485523385,0.5,0.242178150190963,0.4060607976276335,0.4926132675218758,0.3347698370417741,0.059577823933343134,0.0
2021-09-18 08:30:00,0.060669456066945605,-0.05301869445295759,0.3760238272524199,0.3058382431708624,0.41262383688212434,0.9993318485523385,0.5,0.242178150190963,0.4060607976276335,0.4926132675218758,0.3347698370417741,0.059577823933343134,0.0
2021-09-18 08:40:00,0.11297071129707113,-0.02604964756359196,0.3769173492181681,0.3076236386359579,0.41262383688212434,0.9993318485523385,0.5,0.242178150190963,0.4060607976276335,0.4926132675218758,0.3347698370417741,0.059577823933343134,0.0
2021-09-18 08:50:00,0.21617852161785217,0.0009193993257736732,0.37870439314966475,0.3076236386359579,0.4019578332962531,0.763140311804009,0.5,0.242178150190963,0.4060607976276335,0.4926132675218758,0.3347698370417741,0.059577823933343134,0.002233052190050847
2021-09-18 09:00:00,0.20502092050209206,0.027888446215139417,0.38644825018615014,0.31405106231030167,0.40426116658596273,0.00011135857461024499,0.5,0.24748726162130041,0.4371004031528109,0.5361783574704996,0.24095391303728034,0.06165877321207149,0.05162424370445253
2021-09-18 09:10:00,0.198744769874477,-0.17928286852589637,0.395681310498883,0.33833244063560075,0.39650050385415714,0.00011135857461024499,0.5,0.24748726162130041,0.4371004031528109,0.5361783574704996,0.24095391303728034,0.06165877321207149,0.059515367321997074
2021-09-18 09:20:00,0.17782426778242677,0.2589641434262948,0.4084884586746089,0.3683270844492055,0.3954797084189449,0.00011135857461024499,0.5,0.24748726162130041,0.4371004031528109,0.5361783574704996,0.24095391303728034,0.06165877321207149,0.03465002942197142
2021-09-18 09:30:00,0.2294281729428173,0.5059760956175297,0.4224869694713327,0.4018925191930012,0.40012563636125686,0.00011135857461024499,0.5,0.24748726162130041,0.4371004031528109,0.5361783574704996,0.24095391303728034,0.06165877321207149,0.07982407169908114
2021-09-18 09:40:00,0.2524407252440725,-0.2270916334661356,0.434102755026061,0.4190323156579181,0.411445995995341,0.00011135857461024499,0.5,0.24748726162130041,0.4371004031528109,0.5361783574704996,0.24095391303728034,0.06165877321207149,0.10608506721788856
2021-09-18 09:50:00,0.2914923291492329,-0.19521912350597614,0.4034251675353684,0.3758257454026068,0.40546518171467466,0.00011135857461024499,0.5,0.24748726162130041,0.4371004031528109,0.5361783574704996,0.24095391303728034,0.06165877321207149,0.14414502768682952
2021-09-18 10:00:00,0.3179916317991632,0.15537848605577675,0.3885331347728964,0.32904838421710414,0.3870254282760336,0.00011135857461024499,0.5,0.39905003730543065,0.4250719094730859,0.32501102965839956,0.06602650165739479,0.25235964513359277,0.1646800549210133
2021-09-18 10:10:00,0.28521617852161785,0.003984063745019917,0.38644825018615014,0.305124084984824,0.3888837994529583,0.00011135857461024499,0.5,0.39905003730543065,0.4250719094730859,0.32501102965839956,0.06602650165739479,0.25235964513359277,0.13127480121309051
2021-09-18 10:20:00,0.16875871687587168,0.05179282868525892,0.3876396128071482,0.2958400285663274,0.3934773789114132,0.00011135857461024499,0.5,0.39905003730543065,0.4250719094730859,0.32501102965839956,0.06602650165739479,0.25235964513359277,0.04881784027641565
2021-09-18 10:30:00,0.10251046025104603,0.6095617529880477,0.4004467609828739,0.3119085877521872,0.4113020376647341,0.007906458797327393,0.5,0.39905003730543065,0.4250719094730859,0.32501102965839956,0.06602650165739479,0.25235964513359277,0.004337854761078504
2021-09-18 10:40:00,0.14016736401673638,0.18326693227091617,0.41355174981384923,0.33868951972861994,0.4399628325764615,0.988195991091314,0.5,0.39905003730543065,0.4250719094730859,0.32501102965839956,0.06602650165739479,0.25235964513359277,0.0
2021-09-18 10:50:00,0.40027894002789405,-0.24302788844621515,0.4305286671630677,0.35940010712372805,0.4118255225033045,0.12282850779510023,0.5,0.39905003730543065,0.4250719094730859,0.32501102965839956,0.06602650165739479,0.25235964513359277,0.1751361709190217
2021-09-18 11:00:00,0.29358437935843795,-0.043824701195219196,0.4192107222635888,0.3533297625424032,0.3914881365248459,0.00011135857461024499,0.5,0.41506699134787484,0.42980457289652313,0.29900855450033526,0.2776413876139666,0.5908138759191077,0.12288576730992651
2021-09-18 11:10:00,0.21408647140864714,-0.17928286852589637,0.4129560685033504,0.3411890733797538,0.3989477954744736,0.00011135857461024499,0.5,0.41506699134787484,0.42980457289652313,0.29900855450033526,0.2776413876139666,0.5908138759191077,0.07489023341430662
2021-09-18 11:20:00,0.18688981868898188,0.019920318725099362,0.41384959046909886,0.33654704517050527,0.39647432961222867,0.00011135857461024499,0.5,0.41506699134787484,0.42980457289652313,0.29900855450033526,0.2776413876139666,0.5908138759191077,0.05845919398886491
2021-09-18 11:30:00,0.17503486750348674,0.15537848605577675,0.4192107222635888,0.3376182824495626,0.40621114760963734,0.00011135857461024499,0.5,0.41506699134787484,0.42980457289652313,0.29900855450033526,0.2776413876139666,0.5908138759191077,0.05744074113191605
2021-09-18 11:40:00,0.2294281729428173,0.05179282868525892,0.42516753536857754,0.33868951972861994,0.4071795945609925,0.00011135857461024499,0.5,0.41506699134787484,0.42980457289652313,0.29900855450033526,0.2776413876139666,0.5908138759191077,0.09096670036362539
2021-09-18 11:50:00,0.2705718270571827,0.22709163346613526,0.4349962769918092,0.3440457061239066,0.4173875489131146,0.00011135857461024499,0.5,0.41506699134787484,0.42980457289652313,0.29900855450033526,0.2776413876139666,0.5908138759191077,0.12092430254839537
2021-09-18 12:00:00,0.32914923291492326,-0.01195219123505975,0.44720774385703654,0.35582931619353686,0.42016201855753754,0.00011135857461024499,0.5,0.45977934263061826,0.41981914156899236,0.2819241557698461,0.42143105324349783,0.6701718776135545,0.2031473965327338
2021-09-18 12:10:00,0.31311018131101814,-0.09960159362549814,0.45673864482501836,0.36904124263524385,0.40676080669013626,0.00011135857461024499,0.5,0.45977934263061826,0.41981914156899236,0.2819241557698461,0.42143105324349783,0.6701718776135545,0.18647494605971907
2021-09-18 12:20:00,0.3417015341701534,0.13147410358565725,0.4689501116902457,0.3843956436350653,0.4201751056785018,0.00011135857461024499,0.5,0.45977934263061826,0.41981914156899236,0.2819241557698461,0.42143105324349783,0.6701718776135545,0.21200416434057062
2021-09-18 12:30:00,0.4421199442119944,0.14741035856573692,0.47848101265822773,0.39439385823960005,0.40721885592388524,0.00022271714922048998,0.5,0.45977934263061826,0.41981914156899236,0.2819241557698461,0.42143105324349783,0.6701718776135545,0.3491482716477813
2021-09-18 12:40:00,0.44839609483960946,0.043824701195219085,0.4853313477289649,0.4115336547045172,0.42198112837156954,0.00022271714922048998,0.5,0.45977934263061826,0.41981914156899236,0.2819241557698461,0.42143105324349783,0.6701718776135545,0.37316112678606456
2021-09-18 12:50:00,0.4707112970711297,0.03585657370517925,0.4924795234549515,0.4172469201928226,0.40505948096478256,0.002561247216035635,0.5,0.45977934263061826,0.41981914156899236,0.2819241557698461,0.42143105324349783,0.6701718776135545,0.4366974968692005
2021-09-18 13:00:00,0.5488145048814504,0.01195219123505975,0.4957557706626954,0.4304588466345294,0.41098794676159195,0.10556792873051225,0.5,0.5336349564391976,0.4034947572893664,0.24885217366382617,0.5878381152282389,0.7148174316445718,0.21038218386468913
2021-09-18 13:10:00,0.5509065550906556,0.027888446215139417,0.5017125837676841,0.4358150330298163,0.4184999541950766,0.03485523385300668,0.5,0.5336349564391976,0.4034947572893664,0.24885217366382617,0.5878381152282389,0.7148174316445718,0.4322842011557554
2021-09-18 13:20:00,0.5585774058577406,0.11553784860557759,0.504393149664929,0.4443849312622745,0.40775542788342,0.0012249443207126948,0.5,0.5336349564391976,0.4034947572893664,0.24885217366382617,0.5878381152282389,0.7148174316445718,0.6216108152149313
2021-09-18 13:30:00,0.6820083682008368,0.17131474103585642,0.5091586001489203,0.44545616854133185,0.41342215126094406,0.0033407572383073497,0.5,0.5336349564391976,0.4034947572893664,0.24885217366382617,0.5878381152282389,0.7148174316445718,0.8594157852648733
2021-09-18 13:40:00,0.5550906555090656,-0.059760956175298974,0.5118391660461652,0.4565256204249242,0.4361413932548978,0.0014476614699331849,0.5,0.5336349564391976,0.4034947572893664,0.24885217366382617,0.5878381152282389,0.7148174316445718,0.5822683585557584
2021-09-18 13:50:00,0.7092050209205021,-0.09960159362549814,0.5163067758749067,0.47616497054097473,0.4365209197628614,0.010690423162583519,0.5,0.5336349564391976,0.4034947572893664,0.24885217366382617,0.5878381152282389,0.7148174316445718,0.8417927787920394
2021-09-18 14:00:00,0.8709902370990237,0.585657370517928,0.5225614296351451,0.4800928405641849,0.43696588187564617,0.23207126948775056,0.5,0.5363790818761645,0.38696060711422386,0.26127602653813803,0.7451883641871341,0.7393778201682346,0.6312295366416706
2021-09-18 14:10:00,0.8744769874476986,-0.3067729083665339,0.5154132539091583,0.46652383502945916,0.4749054455510332,0.05378619153674833,0.5,0.5363790818761645,0.38696060711422386,0.26127602653813803,0.7451883641871341,0.7393778201682346,0.730230698432337
2021-09-18 14:20:00,0.794979079497908,0.07569721115537842,0.512434847356664,0.4668809141224781,0.4717776236405753,0.028507795100222718,0.5,0.5363790818761645,0.38696060711422386,0.26127602653813803,0.7451883641871341,0.7393778201682346,0.8292318602230035
2021-09-18 14:30:00,0.7733612273361228,-0.15537848605577698,0.5145197319434103,0.47652204963399414,0.4734396880030362,0.02238307349665924,0.5,0.5363790818761645,0.38696060711422386,0.26127602653813803,0.7451883641871341,0.7393778201682346,0.92823302201367
2021-09-18 14:40:00,0.5439330543933054,-0.019920318725099695,0.5148175725986597,0.4990180324941975,0.46893771839133114,0.0008908685968819599,0.5,0.5363790818761645,0.38696060711422386,0.26127602653813803,0.7451883641871341,0.7393778201682346,0.5452796596104229
2021-09-18 14:50:00,0.5083682008368201,-0.13147410358565736,0.5183916604616527,0.5240135690055348,0.44447788930913085,0.000556792873051225,0.5,0.5363790818761645,0.38696060711422386,0.26127602653813803,0.7451883641871341,0.7393778201682346,0.4901700439066343
2021-09-18 15:00:00,0.596234309623431,-0.019920318725099695,0.5276247207743856,0.5393679700053562,0.42563243512059784,0.006124721603563475,0.5,0.5409065303014486,0.37587749671702136,0.2556071815852704,0.8044701358474599,0.7604812611292435,0.6873425170119348
2021-09-18 15:10:00,0.5355648535564853,-0.0916334661354582,0.5347728965003722,0.5479378682378149,0.4207902003638219,0.00044543429844097997,0.5,0.5409065303014486,0.37587749671702136,0.2556071815852704,0.8044701358474599,0.7604812611292435,0.5430843278965554
2021-09-18 15:20:00,0.798465829846583,0.3067729083665336,0.5365599404318686,0.5586502410283878,0.4356702569001845,0.05902004454342984,0.5,0.5409065303014486,0.37587749671702136,0.2556071815852704,0.8044701358474599,0.7604812611292435,0.8369192932691581
2021-09-18 15:30:00,0.792189748953975,0.03585657370517925,0.5237527922561427,0.5086591680057133,0.4772087788407428,0.18251670378619156,0.5,0.5409065303014486,0.37587749671702136,0.2556071815852704,0.8044701358474599,0.7604812611292435,0.8178213407366055
2021-09-18 15:40:00,0.7859135285913529,-0.06772908366533881,0.49843633655994046,0.4654525977504018,0.4634542147073065,0.0645879732739421,0.5,0.5409065303014486,0.37587749671702136,0.2556071815852704,0.8044701358474599,0.7604812611292435,0.7987235390859575
2021-09-18 15:50:00,0.48465829846582986,0.12350597609561742,0.4862248696947131,0.4636672022853061,0.46236798366727305,0.02806236080178174,0.5,0.5409065303014486,0.37587749671702136,0.2556071815852704,0.8044701358474599,0.7604812611292435,0.46549330838752506
2021-09-18 16:00:00,0.4198047419804742,-0.07569721115537853,0.47907669396872654,0.497589716122121,0.47050817290704217,0.00022271714922048998,0.5,0.5650500313018745,0.3677426028786797,0.2291453856715512,0.8164336599506384,0.7677338465272304,0.3157430179398585
2021-09-18 16:10:00,0.4860529986052998,0.17131474103585642,0.49426656738644814,0.5286555972147831,0.45889989661174435,0.000556792873051225,0.5,0.5650500313018745,0.3677426028786797,0.2291453856715512,0.8164336599506384,0.7677338465272304,0.4429440077251535
2021-09-18 16:20:00,0.7099023709902371,0.003984063745019917,0.5112434847356664,0.532226388144974,0.46188376019159544,0.016815144766146994,0.5,0.5650500313018745,0.3677426028786797,0.2291453856715512,0.8164336599506384,0.7677338465272304,0.9183049926822276
2021-09-18 16:30:00,0.5878661087866108,0.08366533864541825,0.5255398361876396,0.5404392072844135,0.45875593828113753,0.00378619153674833,0.5,0.5650500313018745,0.3677426028786797,0.2291453856715512,0.8164336599506384,0.7677338465272304,0.6696591577772077
2021-09-18 16:40:00,0.7287308228730822,-0.08366533864541836,0.5320923306031271,0.5479378682378149,0.46401696090876965,0.03541202672605791,0.5,0.5650500313018745,0.3677426028786797,0.2291453856715512,0.8164336599506384,0.7677338465272304,0.8222535721290947
2021-09-18 16:50:00,0.6589958158995816,-0.09960159362549814,0.535368577810871,0.5475807891447955,0.4540576618549686,0.0200445434298441,0.5,0.5650500313018745,0.3677426028786797,0.2291453856715512,0.8164336599506384,0.7677338465272304,0.771557252138751
2021-09-18 17:00:00,0.7873082287308228,0.05976095617529875,0.5398361876396125,0.5540082128191393,0.4379081545850728,0.02416481069042316,0.5,0.5697566191707553,0.3570560362291576,0.22294582361144558,0.7901483162495151,0.770288185313465,0.6476303695097847
2021-09-18 17:10:00,0.5334728033472803,0.3306772908366533,0.5401340282948621,0.5561506873772541,0.45666199892685605,0.00378619153674833,0.5,0.5697566191707553,0.3570560362291576,0.22294582361144558,0.7901483162495151,0.770288185313465,0.5237035472335804
2021-09-18 17:20:00,0.44979079497907953,-0.17131474103585675,0.5347728965003722,0.5700767720049991,0.47486618418814047,0.00044543429844097997,0.5,0.5697566191707553,0.3570560362291576,0.22294582361144558,0.7901483162495151,0.770288185313465,0.38265914268901735
2021-09-18 17:30:00,0.6408647140864714,0.1394422310756971,0.5314966492926283,0.5697196929119801,0.47351821072882183,0.00311804008908686,0.5,0.5697566191707553,0.3570560362291576,0.22294582361144558,0.7901483162495151,0.770288185313465,0.7917980596587051
2021-09-18 17:40:00,0.5062761506276151,-0.003984063745020028,0.5294117647058822,0.5661489019817889,0.4728115061967517,0.000556792873051225,0.5,0.5697566191707553,0.3570560362291576,0.22294582361144558,0.7901483162495151,0.770288185313465,0.49037373447802407
2021-09-18 17:50:00,0.4783821478382148,-0.1633466135458168,0.5303052866716305,0.5725763256561329,0.4666343851016215,0.00111358574610245,0.5,0.5697566191707553,0.3570560362291576,0.22294582361144558,0.7901483162495151,0.770288185313465,0.4653273382923186
2021-09-18 18:00:00,0.6220362622036262,-0.17928286852589637,0.5317944899478777,0.5697196929119801,0.4731648584627868,0.0020044543429844097,0.5,0.4946795818723291,0.3674523788314596,0.2616587515631426,0.7987225307953509,0.7425602708677006,0.7506223878570243
2021-09-18 18:10:00,0.6018131101813111,0.05976095617529875,0.5294117647058822,0.5647205856097126,0.46461896847312556,0.00044543429844097997,0.5,0.4946795818723291,0.3674523788314596,0.2616587515631426,0.7987225307953509,0.7425602708677006,0.7033963516755436
2021-09-18 18:20:00,0.5864714086471409,-0.11553784860557781,0.5270290394638866,0.5561506873772541,0.4809778696784494,0.0024498886414253897,0.5,0.4946795818723291,0.3674523788314596,0.2616587515631426,0.7987225307953509,0.7425602708677006,0.6782217058708149
2021-09-18 18:30:00,0.6032078103207811,-0.03585657370517936,0.5261355174981384,0.5543652919121587,0.4738715629948568,0.00022271714922048998,0.5,0.4946795818723291,0.3674523788314596,0.2616587515631426,0.7987225307953509,0.7425602708677006,0.7352852422408981
2021-09-18 18:40:00,0.41562064156206413,0.03585657370517925,0.5234549516008933,0.5615068737725406,0.4651555404326602,0.00022271714922048998,0.5,0.4946795818723291,0.3674523788314596,0.2616587515631426,0.7987225307953509,0.7425602708677006,0.3264103686044933
2021-09-18 18:50:00,0.5355648535564853,0.003984063745019917,0.5222635889798957,0.56579182288877,0.4645404457473401,0.00033407572383073496,0.5,0.4946795818723291,0.3674523788314596,0.2616587515631426,0.7987225307953509,0.7425602708677006,0.5210782020912232
2021-09-18 19:00:00,0.590655509065551,-0.08366533864541836,0.5210722263588978,0.5618639528655596,0.4706783054795775,0.000556792873051225,0.5,0.48371118492520404,0.38825943156315856,0.2568692357432709,0.7492192096781883,0.744348952264054,0.6764865639663835
2021-09-18 19:10:00,0.504881450488145,0.03585657370517925,0.5174981384959045,0.5507945009819675,0.46789074871419034,0.00033407572383073496,0.5,0.48371118492520404,0.38825943156315856,0.2568692357432709,0.7492192096781883,0.744348952264054,0.4994115605715407
2021-09-18 19:20:00,0.5334728033472803,-0.15537848605577698,0.5145197319434103,0.542224602749509,0.4650901048278389,0.00033407572383073496,0.5,0.48371118492520404,0.38825943156315856,0.2568692357432709,0.7492192096781883,0.744348952264054,0.5513602003711695
2021-09-18 19:30:00,0.38702928870292885,0.07569721115537842,0.5118391660461652,0.5350830208891268,0.46721021842404886,0.00022271714922048998,0.5,0.48371118492520404,0.38825943156315856,0.2568692357432709,0.7492192096781883,0.744348952264054,0.2637792899497563
2021-09-18 19:40:00,0.3856345885634589,0.20318725099601576,0.5073715562174235,0.5382967327262989,0.4761748962845664,0.00033407572383073496,0.5,0.48371118492520404,0.38825943156315856,0.2568692357432709,0.7492192096781883,0.744348952264054,0.25755541137951327
2021-09-18 19:50:00,0.2733612273361227,0.3067729083665336,0.5040953090096798,0.5200856989823246,0.4842627370404784,0.00022271714922048998,0.5,0.48371118492520404,0.38825943156315856,0.2568692357432709,0.7492192096781883,0.744348952264054,0.12230487197670384
2021-09-18 20:00:00,0.20781032078103207,-0.12350597609561753,0.5023082650781829,0.5115158007498661,0.48999489602282387,0.00022271714922048998,0.5,0.4815695830496931,0.37957569818997894,0.25005652739559175,0.5690286541332266,0.7544671763324984,0.07685169817583777
2021-09-18 20:10:00,0.1492329149232915,-0.14741035856573714,0.49754281459419203,0.4925906088198535,0.48999489602282387,0.00033407572383073496,0.5,0.4815695830496931,0.37957569818997894,0.25005652739559175,0.5690286541332266,0.7544671763324984,0.041643405706353644
2021-09-18 20:20:00,0.11576011157601115,-0.26693227091633476,0.4939687267311985,0.49151937154079617,0.48999489602282387,0.00033407572383073496,0.5,0.4815695830496931,0.37957569818997894,0.25005652739559175,0.5690286541332266,0.7544671763324984,0.017125096187214268
2021-09-18 20:30:00,0.14365411436541145,-0.14741035856573714,0.48801191362620977,0.4947330833779682,0.48999489602282387,0.00033407572383073496,0.5,0.4815695830496931,0.37957569818997894,0.25005652739559175,0.5690286541332266,0.7544671763324984,0.0346726617076814
2021-09-18 20:40:00,0.1596931659693166,0.3784860557768923,0.4886075949367086,0.4815211569362612,0.48999489602282387,0.00022271714922048998,0.5,0.4815695830496931,0.37957569818997894,0.25005652739559175,0.5690286541332266,0.7544671763324984,0.04429138313442069
2021-09-18 20:50:00,0.10251046025104603,0.6414342629482073,0.48682055100521215,0.48044991965720407,0.5155802175079505,0.010467706013363028,0.5,0.4815695830496931,0.37957569818997894,0.25005652739559175,0.5690286541332266,0.7544671763324984,0.006850038474885707
2021-09-18 21:00:00,0.1317991631799163,-0.20318725099601598,0.482055100521221,0.4643813604713445,0.5393595163000091,0.4295100222717149,0.5,0.47504718628334164,0.3938369055794868,0.24740826805259286,0.42917866645873576,0.769982990830524,0.0
2021-09-18 21:10:00,0.13737796373779637,-0.9362549800796813,0.49009679821295604,0.46009641135511514,0.5393595163000091,0.9992204899777284,0.5,0.47504718628334164,0.3938369055794868,0.24740826805259286,0.42917866645873576,0.769982990830524,0.0
2021-09-18 21:20:00,0.12343096234309624,-0.6972111553784861,0.49962769918093786,0.47795036600607044,0.5393595163000091,0.9992204899777284,0.5,0.47504718628334164,0.3938369055794868,0.24740826805259286,0.42917866645873576,0.769982990830524,0.0
2021-09-18 21:30:00,0.10111576011157601,0.3784860557768923,0.49962769918093786,0.4790216032851278,0.5393595163000091,0.9992204899777284,0.5,0.47504718628334164,0.3938369055794868,0.24740826805259286,0.42917866645873576,0.769982990830524,0.0
2021-09-18 21:40:00,0.09832635983263598,0.20318725099601576,0.49635145197319397,0.4754508123549366,0.5393595163000091,0.9992204899777284,0.5,0.47504718628334164,0.3938369055794868,0.24740826805259286,0.42917866645873576,0.769982990830524,0.0
2021-09-18 21:50:00,0.08577405857740586,0.29083665338645415,0.49635145197319397,0.4668809141224781,0.5393595163000091,0.9992204899777284,0.5,0.47504718628334164,0.3938369055794868,0.24740826805259286,0.42917866645873576,0.769982990830524,0.0
2021-09-18 22:00:00,0.0794979079497908,0.31474103585657365,0.49456440804169755,0.459382253169077,0.5393595163000091,0.9992204899777284,0.5,0.4018430250184857,0.42003465447534194,0.3145941371040752,0.3310604918232496,0.7914155399297772,0.0
2021-09-18 22:10:00,0.08577405857740586,0.3031510322346975,0.49039463886820545,0.45545438314586684,0.5393595163000091,0.9992204899777284,0.5,0.4018430250184857,0.42003465447534194,0.3145941371040752,0.3310604918232496,0.7914155399297772,0.0
2021-09-18 22:20:00,0.09135285913528592,0.2915610286128212,0.4856291883842141,0.45188359221567564,0.5393595163000091,0.9992204899777284,0.5,0.4018430250184857,0.42003465447534194,0.3145941371040752,0.3310604918232496,0.7914155399297772,0.0
2021-09-18 22:30:00,0.09205020920502092,0.27997102499094506,0.47937453462397617,0.44545616854133185,0.5393595163000091,0.9992204899777284,0.5,0.4018430250184857,0.42003465447534194,0.3145941371040752,0.3310604918232496,0.7914155399297772,0.0
2021-09-18 22:40:00,0.09344490934449094,0.26838102136906916,0.4766939687267311,0.44188537761114066,0.5393595163000091,0.9992204899777284,0.5,0.4018430250184857,0.42003465447534194,0.3145941371040752,0.3310604918232496,0.7914155399297772,0.0
2021-09-18 22:50:00,0.08786610878661089,0.25679101774719304,0.47580044676098265,0.43438671665773976,0.5393595163000091,0.9992204899777284,0.5,0.4018430250184857,0.42003465447534194,0.3145941371040752,0.3310604918232496,0.7914155399297772,0.0
2021-09-18 23:00:00,0.07880055788005579,0.24520101412531692,0.4775874906924793,0.4286734511694341,0.5393595163000091,0.9992204899777284,0.5,0.33812528287589005,0.430560304821457,0.3766464436183773,0.2616041193725317,0.8801080460738535,0.0
2021-09-18 23:10:00,0.1499302649930265,0.23361101050344057,0.4775874906924793,0.42188894840207114,0.5393595163000091,0.9992204899777284,0.5,0.33812528287589005,0.430560304821457,0.3766464436183773,0.2616041193725317,0.8801080460738535,0.0
2021-09-18 23:20:00,0.12552301255230125,0.22202100688156445,0.47580044676098265,0.4176039992858418,0.5393595163000091,0.9992204899777284,0.5,0.33812528287589005,0.430560304821457,0.3766464436183773,0.2616041193725317,0.8801080460738535,0.0
2021-09-18 23:30:00,0.12273361227336123,0.21043100325968855,0.47580044676098265,0.414747366541689,0.5393595163000091,0.9992204899777284,0.5,0.33812528287589005,0.430560304821457,0.3766464436183773,0.2616041193725317,0.8801080460738535,0.0
2021-09-18 23:40:00,0.11785216178521618,0.1988409996378122,0.47580044676098265,0.4083199428673452,0.5393595163000091,0.9992204899777284,0.5,0.33812528287589005,0.430560304821457,0.3766464436183773,0.2616041193725317,0.8801080460738535,0.0
2021-09-18 23:50:00,0.11854951185495119,0.1872509960159361,0.47580044676098265,0.404749151937154,0.5393595163000091,0.9992204899777284,0.5,0.33812528287589005,0.430560304821457,0.3766464436183773,0.2616041193725317,0.8801080460738535,0.0
2021-09-19 00:00:00,0.1290097629009763,0.17566099239405997,0.47163067758749055,0.4001071237279059,0.5393595163000091,0.9992204899777284,0.5,0.3155288982840836,0.4329596818454799,0.42646055313530806,0.26287466971700924,0.9656629608793571,0.0
2021-09-19 00:10:00,0.09274755927475593,0.16407098877218385,0.46448250186150397,0.39582217461167657,0.5393595163000091,0.9992204899777284,0.5,0.3155288982840836,0.4329596818454799,0.42646055313530806,0.26287466971700924,0.9656629608793571,0.0
2021-09-19 00:20:00,0.06555090655509065,0.15248098515030772,0.4623976172747577,0.3936797000535619,0.5393595163000091,0.9992204899777284,0.5,0.3155288982840836,0.4329596818454799,0.42646055313530806,0.26287466971700924,0.9656629608793571,0.0
2021-09-19 00:30:00,0.013947001394700141,0.1408909815284316,0.45465376023827253,0.3872522763792181,0.5393595163000091,0.9992204899777284,0.5,0.3155288982840836,0.4329596818454799,0.42646055313530806,0.26287466971700924,0.9656629608793571,0.0
2021-09-19 00:40:00,0.02580195258019526,0.12930097790655548,0.4475055845122857,0.3858239600071418,0.5393595163000091,0.9992204899777284,0.5,0.3155288982840836,0.4329596818454799,0.42646055313530806,0.26287466971700924,0.9656629608793571,0.0
2021-09-19 00:50:00,0.04184100418410042,0.11771097428467936,0.4460163812360385,0.38296732726298877,0.5393595163000091,0.9992204899777284,0.5,0.3155288982840836,0.4329596818454799,0.42646055313530806,0.26287466971700924,0.9656629608793571,0.0
2021-09-19 01:00:00,0.029288702928870293,0.10612097066280324,0.4433358153387934,0.38296732726298877,0.5393595163000091,0.9992204899777284,0.5,0.2492379652881056,0.4298620430048822,0.5203366103371011,0.2727361420256639,0.0145176694738209,0.0
2021-09-19 01:10:00,0.05439330543933055,0.09453096704092712,0.4427401340282946,0.38296732726298877,0.5393595163000091,0.9992204899777284,0.5,0.2492379652881056,0.4298620430048822,0.5203366103371011,0.2727361420256639,0.0145176694738209,0.0
2021-09-19 01:20:00,0.10181311018131102,0.082940963419051,0.44363365599404303,0.3811819317978933,0.5393595163000091,0.9992204899777284,0.5,0.2492379652881056,0.4298620430048822,0.5203366103371011,0.2727361420256639,0.0145176694738209,0.0
2021-09-19 01:30:00,0.07880055788005579,0.07135095979717487,0.4460163812360385,0.3758257454026068,0.5393595163000091,0.9992204899777284,0.5,0.2492379652881056,0.4298620430048822,0.5203366103371011,0.2727361420256639,0.0145176694738209,0.0
2021-09-19 01:40:00,0.06415620641562064,0.05976095617529875,0.442144452717796,0.3758257454026068,0.5393595163000091,0.9992204899777284,0.5,0.2492379652881056,0.4298620430048822,0.5203366103371011,0.2727361420256639,0.0145176694738209,0.0
2021-09-19 01:50:00,0.04741980474198048,0.04817095255342263,0.4346984363365598,0.37011247991430096,0.5393595163000091,0.9992204899777284,0.5,0.2492379652881056,0.4298620430048822,0.5203366103371011,0.2727361420256639,0.0145176694738209,0.0
2021-09-19 02:00:00,0.045327754532775454,0.03658094893154629,0.42993298585256867,0.3683270844492055,0.5393595163000091,0.9992204899777284,0.5,0.2285144567298696,0.43545388454830125,0.573794216438991,0.25841527171285206,0.030258350135827713,0.0
2021-09-19 02:10:00,0.06345885634588563,0.024990945309670387,0.4272524199553238,0.36511337261203347,0.5393595163000091,0.9992204899777284,0.5,0.2285144567298696,0.43545388454830125,0.573794216438991,0.25841527171285206,0.030258350135827713,0.0
2021-09-19 02:20:00,0.06834030683403068,0.013400941687794266,0.42516753536857754,0.362970898053919,0.5393595163000091,0.9992204899777284,0.5,0.2285144567298696,0.43545388454830125,0.573794216438991,0.25841527171285206,0.030258350135827713,0.0
2021-09-19 02:30:00,0.06485355648535565,0.001810938065918144,0.4236783320923303,0.35761471165863257,0.5393595163000091,0.9992204899777284,0.5,0.2285144567298696,0.43545388454830125,0.573794216438991,0.25841527171285206,0.030258350135827713,0.0
2021-09-19 02:40:00,0.11576011157601115,-0.009779065555957978,0.42546537602382717,0.3519014461703267,0.5393595163000091,0.9992204899777284,0.5,0.2285144567298696,0.43545388454830125,0.573794216438991,0.25841527171285206,0.030258350135827713,0.0
2021-09-19 02:50:00,0.043235704323570434,-0.02136906917783421,0.4224869694713327,0.3472594179610784,0.5393595163000091,0.9992204899777284,0.5,0.2285144567298696,0.43545388454830125,0.573794216438991,0.25841527171285206,0.030258350135827713,0.0
2021-09-19 03:00:00,0.0599721059972106,-0.03295907279971033,0.41712583767684275,0.3472594179610784,0.5393595163000091,0.9992204899777284,0.5,0.20932989307333028,0.4344998807495251,0.6246446509739262,0.24853070013262707,0.030036055676236878,0.0
2021-09-19 03:10:00,0.14295676429567641,-0.04454907642158645,0.41712583767684275,0.34297446884484906,0.5393595163000091,0.9992204899777284,0.5,0.20932989307333028,0.4344998807495251,0.6246446509739262,0.24853070013262707,0.030036055676236878,0.0
2021-09-19 03:20:00,0.2503486750348675,-0.056139080043462575,0.42010424422933723,0.3379753615425818,0.45464658229836014,0.905011135857461,0.5,0.20932989307333028,0.4344998807495251,0.6246446509739262,0.24853070013262707,0.030036055676236878,0.0
2021-09-19 03:30:00,0.19525801952580193,-0.06772908366533881,0.41355174981384923,0.35083020889126937,0.3902972085170983,0.008351893095768375,0.5,0.20932989307333028,0.4344998807495251,0.6246446509739262,0.24853070013262707,0.030036055676236878,0.032341536279553995
2021-09-19 03:40:00,0.13528591352859135,0.29083665338645415,0.41712583767684275,0.3854668809141224,0.39345120466948474,0.00913140311804009,0.5,0.20932989307333028,0.4344998807495251,0.6246446509739262,0.24853070013262707,0.030036055676236878,0.0050998083799809885
2021-09-19 03:50:00,0.10808926080892609,-0.5617529880478087,0.41414743112434826,0.3968934118907337,0.4035937234167855,0.42048997772828506,0.5,0.20932989307333028,0.4344998807495251,0.6246446509739262,0.24853070013262707,0.030036055676236878,0.0
2021-09-19 04:00:00,0.14365411436541145,0.09960159362549792,0.4081906180193595,0.3843956436350653,0.4035937234167855,0.9992204899777284,0.5,0.14212701990479037,0.433758516351682,0.671792747170555,0.22425068059137745,0.005697380582032032,0.0
2021-09-19 04:10:00,0.16945606694560672,0.8486055776892429,0.39746835443037964,0.37225495447241563,0.4035937234167855,0.9992204899777284,0.5,0.14212701990479037,0.433758516351682,0.671792747170555,0.22425068059137745,0.005697380582032032,0.0
2021-09-19 04:20:00,0.11645746164574616,0.7184594953519254,0.3912137006701413,0.3604713444027854,0.4035937234167855,0.9992204899777284,0.5,0.14212701990479037,0.433758516351682,0.671792747170555,0.22425068059137745,0.005697380582032032,0.0
2021-09-19 04:30:00,0.12691771269177127,0.5883134130146082,0.38644825018615014,0.35011605070523144,0.4035937234167855,0.9992204899777284,0.5,0.14212701990479037,0.433758516351682,0.671792747170555,0.22425068059137745,0.005697380582032032,0.0
2021-09-19 04:40:00,0.13319386331938632,0.4581673306772909,0.3807892777364108,0.3408319942867344,0.4035937234167855,0.9992204899777284,0.5,0.14212701990479037,0.433758516351682,0.671792747170555,0.22425068059137745,0.005697380582032032,0.0
2021-09-19 04:50:00,0.1589958158995816,0.32802124833997337,0.3801935964259122,0.3329762542403143,0.4035937234167855,0.9992204899777284,0.5,0.14212701990479037,0.433758516351682,0.671792747170555,0.22425068059137745,0.005697380582032032,0.0
2021-09-19 05:00:00,0.1806136680613668,0.19787516600265587,0.37751303052866714,0.324763435100875,0.41356610959155093,0.9244988864142539,0.5,0.14199670938419184,0.42576442427882355,0.6766262674913136,0.22051431238939942,0.973010776310301,0.0
2021-09-19 05:10:00,0.21827057182705717,0.06772908366533859,0.3840655249441547,0.3261917514729513,0.448168457421052,0.061915367483296214,0.5,0.14199670938419184,0.42576442427882355,0.6766262674913136,0.22051431238939942,0.973010776310301,0.02608748132836429
2021-09-19 05:20:00,0.26569037656903766,-0.10756972111553798,0.3989575577066269,0.3394036779146581,0.45687139286228423,0.00022271714922048998,0.5,0.14199670938419184,0.42576442427882355,0.6766262674913136,0.22051431238939942,0.973010776310301,0.08744360788810598
2021-09-19 05:30:00,0.2649930264993026,-0.47410358565737054,0.4064035740878629,0.35083020889126937,0.45323317323422024,0.00033407572383073496,0.5,0.14199670938419184,0.42576442427882355,0.6766262674913136,0.22051431238939942,0.973010776310301,0.08451649893628257
2021-09-19 05:40:00,0.2880055788005579,0.3227091633466135,0.4150409530900967,0.3547580789144795,0.4526049914279358,0.00022271714922048998,0.5,0.14199670938419184,0.42576442427882355,0.6766262674913136,0.22051431238939942,0.973010776310301,0.10736756340812047
2021-09-19 05:50:00,0.2705718270571827,0.21912350597609564,0.4198064035740878,0.3604713444027854,0.45687139286228423,0.00022271714922048998,0.5,0.14199670938419184,0.42576442427882355,0.6766262674913136,0.22051431238939942,0.973010776310301,0.08785853312612218
2021-09-19 06:00:00,0.20920502092050208,-0.13147410358565736,0.4037230081906178,0.35011605070523144,0.46524715027941005,0.00022271714922048998,0.5,0.12697317711190936,0.4415801980994633,0.6579733048660988,0.30223760951262263,0.016738024303665736,0.0639739276068621
2021-09-19 06:10:00,0.21548117154811713,0.20318725099601576,0.36708860759493644,0.30191037314765223,0.4568190443784272,0.00022271714922048998,0.5,0.12697317711190936,0.4415801980994633,0.6579733048660988,0.30223760951262263,0.016738024303665736,0.08277381293661451
2021-09-19 06:20:00,0.28033472803347276,-0.15537848605577698,0.35517498138495895,0.2737011247991432,0.4568190443784272,0.00044543429844097997,0.5,0.12697317711190936,0.4415801980994633,0.6579733048660988,0.30223760951262263,0.016738024303665736,0.11903073464399415
2021-09-19 06:30:00,0.23570432357043236,0.11553784860557759,0.34921816827997,0.2558471701481879,0.4568190443784272,0.00022271714922048998,0.5,0.12697317711190936,0.4415801980994633,0.6579733048660988,0.30223760951262263,0.016738024303665736,0.09263394541092687
2021-09-19 06:40:00,0.19665271966527195,0.4422310756972112,0.3465376023827249,0.24549187645063397,0.46537802148905266,0.00022271714922048998,0.5,0.12697317711190936,0.4415801980994633,0.6579733048660988,0.30223760951262263,0.016738024303665736,0.06128822970261177
2021-09-19 06:50:00,0.1596931659693166,0.298804780876494,0.34236783320923303,0.24584895554365294,0.4764497258248158,0.00033407572383073496,0.5,0.12697317711190936,0.4415801980994633,0.6579733048660988,0.30223760951262263,0.016738024303665736,0.035034778279040994
2021-09-19 07:00:00,0.16736401673640167,-0.5139442231075697,0.33611317944899466,0.24406356007855767,0.48712881653165124,0.00022271714922048998,0.5,0.12228289890378408,0.43509756987646847,0.6722613253572322,0.28972533531687805,0.03871283985071087,0.03776574075471129
2021-09-19 07:10:00,0.1387726638772664,-0.23505976095617542,0.3304542069992553,0.2383502945902518,0.48712881653165124,0.00022271714922048998,0.5,0.12228289890378408,0.43509756987646847,0.6722613253572322,0.28972533531687805,0.03871283985071087,0.023658282662160326
2021-09-19 07:20:00,0.11715481171548117,-0.6812749003984064,0.32777364110201024,0.2401356900553473,0.4755467144782819,0.00022271714922048998,0.5,0.12228289890378408,0.43509756987646847,0.6722613253572322,0.28972533531687805,0.03871283985071087,0.0004979102856194457
2021-09-19 07:30:00,0.08786610878661089,0.29083665338645415,0.3268801191362618,0.24370648098553827,0.4542539686694324,0.03485523385300668,0.5,0.12228289890378408,0.43509756987646847,0.6722613253572322,0.28972533531687805,0.03871283985071087,0.0
2021-09-19 07:40:00,0.11227336122733612,0.3262505533421869,0.32777364110201024,0.23120871272986965,0.4542539686694324,0.8632516703786192,0.5,0.12228289890378408,0.43509756987646847,0.6722613253572322,0.28972533531687805,0.03871283985071087,0.0
2021-09-19 07:50:00,0.14365411436541145,0.3616644532979194,0.3340282948622486,0.2547759328691306,0.4542539686694324,0.9995545657015591,0.5,0.12228289890378408,0.43509756987646847,0.6722613253572322,0.28972533531687805,0.03871283985071087,0.0
2021-09-19 08:00:00,0.11227336122733612,0.39707835325365193,0.3414743112434846,0.26977325477593306,0.4542539686694324,0.9995545657015591,0.5,0.14435000331863224,0.45122080877683557,0.6352887944377297,0.26969917094645796,0.025937544699775588,0.0
2021-09-19 08:10:00,0.1589958158995816,0.43249225320938467,0.3542814594192105,0.2751294411712195,0.4542539686694324,0.9995545657015591,0.5,0.14435000331863224,0.45122080877683557,0.6352887944377297,0.26969917094645796,0.025937544699775588,0.0
2021-09-19 08:20:00,0.1094839609483961,0.4679061531651174,0.3638123603871928,0.2754865202642385,0.4542539686694324,0.9995545657015591,0.5,0.14435000331863224,0.45122080877683557,0.6352887944377297,0.26969917094645796,0.025937544699775588,0.0
2021-09-19 08:30:00,0.0899581589958159,0.5033200531208499,0.3655994043186892,0.27584359935725766,0.4542539686694324,0.9995545657015591,0.5,0.14435000331863224,0.45122080877683557,0.6352887944377297,0.26969917094645796,0.025937544699775588,0.0
2021-09-19 08:40:00,0.059274755927475595,0.5387339530765825,0.3736411020104242,0.27762899482235315,0.4542539686694324,0.9995545657015591,0.5,0.14435000331863224,0.45122080877683557,0.6352887944377297,0.26969917094645796,0.025937544699775588,0.0
2021-09-19 08:50:00,0.0404463040446304,0.574147853032315,0.3828741623231571,0.2847705766827351,0.4542539686694324,0.9995545657015591,0.5,0.14435000331863224,0.45122080877683557,0.6352887944377297,0.26969917094645796,0.025937544699775588,0.0
2021-09-19 09:00:00,0.03556485355648536,0.6095617529880477,0.3912137006701413,0.2929833958221746,0.4542539686694324,0.9995545657015591,0.5,0.1551474323290829,0.46916585011221024,0.5970438106020919,0.15978657153282327,0.020455699343482993,0.0
2021-09-19 09:10:00,0.03765690376569038,0.5282868525896414,0.3983618763961281,0.2990537404034994,0.4542539686694324,0.9995545657015591,0.5,0.1551474323290829,0.46916585011221024,0.5970438106020919,0.15978657153282327,0.020455699343482993,0.0
2021-09-19 09:20:00,0.03207810320781032,0.447011952191235,0.40491437081161563,0.3058382431708624,0.4542539686694324,0.9995545657015591,0.5,0.1551474323290829,0.46916585011221024,0.5970438106020919,0.15978657153282327,0.020455699343482993,0.0
2021-09-19 09:30:00,0.055788005578800565,0.36573705179282867,0.41027550260610535,0.31297982503124455,0.4542539686694324,0.9995545657015591,0.5,0.1551474323290829,0.46916585011221024,0.5970438106020919,0.15978657153282327,0.020455699343482993,0.0
2021-09-19 09:40:00,0.0808926080892608,0.2844621513944221,0.4159344750558449,0.32083556507766486,0.4542539686694324,0.9995545657015591,0.5,0.1551474323290829,0.46916585011221024,0.5970438106020919,0.15978657153282327,0.020455699343482993,0.0
2021-09-19 09:50:00,0.07670850767085077,0.20318725099601576,0.4195085629188382,0.324763435100875,0.4542539686694324,0.9995545657015591,0.5,0.1551474323290829,0.46916585011221024,0.5970438106020919,0.15978657153282327,0.020455699343482993,0.0
2021-09-19 10:00:00,0.08716875871687588,0.12191235059760941,0.4230826507818317,0.3297625424031425,0.4542539686694324,0.9995545657015591,0.5,0.39853703343613844,0.47022617361145086,0.34580461468986906,0.06574149461762192,0.8129269526852305,0.0
2021-09-19 10:10:00,0.10181311018131102,0.04063745019920306,0.4263588979895754,0.33726120335654364,0.4542539686694324,0.9995545657015591,0.5,0.39853703343613844,0.47022617361145086,0.34580461468986906,0.06574149461762192,0.8129269526852305,0.0
2021-09-19 10:20:00,0.14504881450488147,-0.040637450199203284,0.4311243484735665,0.34511694340296395,0.4542539686694324,0.9995545657015591,0.5,0.39853703343613844,0.47022617361145086,0.34580461468986906,0.06574149461762192,0.8129269526852305,0.0
2021-09-19 10:30:00,0.18549511854951187,-0.12191235059760963,0.4400595681310495,0.3504731297982504,0.45337713156482706,0.9995545657015591,0.5,0.39853703343613844,0.47022617361145086,0.34580461468986906,0.06574149461762192,0.8129269526852305,0.0
2021-09-19 10:40:00,0.1882845188284519,-0.20318725099601598,0.44899478778853297,0.3601142653097662,0.38610932980853535,0.3228285077951002,0.5,0.39853703343613844,0.47022617361145086,0.34580461468986906,0.06574149461762192,0.8129269526852305,0.013383224949831766
2021-09-19 10:50:00,0.20223152022315202,0.05976095617529875,0.4650781831720028,0.3908230673094091,0.3965135909751214,0.00011135857461024499,0.5,0.39853703343613844,0.47022617361145086,0.34580461468986906,0.06574149461762192,0.8129269526852305,0.04939873560963834
2021-09-19 11:00:00,0.20292887029288703,-0.553784860557769,0.4853313477289649,0.42831637207641493,0.3986467916922956,0.00011135857461024499,0.5,0.40771400259420343,0.47374047073765696,0.29953749620984294,0.24065796209604523,0.7021492358245982,0.05102071608551986
2021-09-19 11:10:00,0.23430962343096234,-0.17928286852589637,0.4993298585256887,0.4611676486341725,0.3848398790750023,0.00022271714922048998,0.5,0.40771400259420343,0.47374047073765696,0.29953749620984294,0.24065796209604523,0.7021492358245982,0.09532718741041388
2021-09-19 11:20:00,0.20362622036262204,-0.03585657370517936,0.5136262099776618,0.4800928405641849,0.3848398790750023,0.00022271714922048998,0.5,0.40771400259420343,0.47374047073765696,0.29953749620984294,0.24065796209604523,0.7021492358245982,0.06587503960649999
2021-09-19 11:30:00,0.21548117154811713,-0.4820717131474104,0.5067758749069247,0.4954472415640063,0.3848398790750023,0.00022271714922048998,0.5,0.40771400259420343,0.47374047073765696,0.29953749620984294,0.24065796209604523,0.7021492358245982,0.0838601626506933
2021-09-19 11:40:00,0.2649930264993026,-0.2749003984063746,0.47937453462397617,0.4508123549366183,0.37030008768371053,0.00033407572383073496,0.5,0.40771400259420343,0.47374047073765696,0.29953749620984294,0.24065796209604523,0.7021492358245982,0.12387404378592874
2021-09-19 11:50:00,0.22245467224546722,0.394422310756972,0.47580044676098265,0.43117300482056775,0.37138631872374395,0.00033407572383073496,0.5,0.40771400259420343,0.47374047073765696,0.29953749620984294,0.24065796209604523,0.7021492358245982,0.09427101407728171
2021-09-19 12:00:00,0.27266387726638774,-0.09960159362549814,0.4781831720029781,0.41867523656489913,0.36782662182146547,0.00022271714922048998,0.5,0.4412950937938904,0.47239567020203754,0.26452855518005897,0.429281135008238,0.7081822734297012,0.1260014786426664
2021-09-19 12:10:00,0.2768479776847978,-0.03585657370517936,0.48235294117647043,0.4193893947509373,0.3771577390689822,0.00033407572383073496,0.5,0.4412950937938904,0.47239567020203754,0.26452855518005897,0.429281135008238,0.7081822734297012,0.1462649184483305
2021-09-19 12:20:00,0.28661087866108786,0.15537848605577675,0.489501116902457,0.42474558114622396,0.37311381869102617,0.00022271714922048998,0.5,0.4412950937938904,0.47239567020203754,0.26452855518005897,0.429281135008238,0.7081822734297012,0.13899241064019194
2021-09-19 12:30:00,0.38284518828451886,-0.06772908366533881,0.496947133283693,0.43402963756472057,0.38741804190496126,0.00022271714922048998,0.5,0.4412950937938904,0.47239567020203754,0.26452855518005897,0.429281135008238,0.7081822734297012,0.26813223290130817
2021-09-19 12:40:00,0.32147838214783825,0.08366533864541825,0.5032017870439314,0.4368862703088734,0.38360968970436193,0.01224944320712695,0.5,0.4412950937938904,0.47239567020203754,0.26452855518005897,0.429281135008238,0.7081822734297012,0.17315961796701723
2021-09-19 12:50:00,0.25523012552301255,0.2828685258964143,0.5109456440804168,0.452954829494733,0.3966575493057283,0.015590200445434297,0.5,0.4412950937938904,0.47239567020203754,0.26452855518005897,0.429281135008238,0.7081822734297012,0.10575312702747561
2021-09-19 13:00:00,0.35495118549511856,0.17928286852589648,0.5186895011169024,0.45831101589001966,0.41080472706809223,0.04320712694877506,0.5,0.5864250257569232,0.45429545957408884,0.16884463583231976,0.5705782491027604,0.7242630237204751,0.15617785958929947
2021-09-19 13:10:00,0.42329149232914925,-0.05179282868525903,0.5225614296351451,0.46295304409926796,0.3921163183311303,0.06280623608017817,0.5,0.5864250257569232,0.45429545957408884,0.16884463583231976,0.5705782491027604,0.7242630237204751,0.19966202453339774
2021-09-19 13:20:00,0.5104602510460251,-0.003984063745020028,0.5255398361876396,0.4622388859132296,0.40163065527214664,0.06224944320712695,0.5,0.5864250257569232,0.45429545957408884,0.16884463583231976,0.5705782491027604,0.7242630237204751,0.2672193973776725
2021-09-19 13:30:00,0.44839609483960946,-0.11553784860557781,0.5285182427401338,0.46509551865738263,0.3882687047676382,0.05334075723830735,0.5,0.5864250257569232,0.45429545957408884,0.16884463583231976,0.5705782491027604,0.7242630237204751,0.24452675890580444
2021-09-19 13:40:00,0.5299860529986052,0.09960159362549792,0.5341772151898732,0.46616675593643975,0.4071272460771355,0.07516703786191536,0.5,0.5864250257569232,0.45429545957408884,0.16884463583231976,0.5705782491027604,0.7242630237204751,0.27354889328122883
2021-09-19 13:50:00,0.5230125523012552,-0.15537848605577698,0.5368577810871182,0.46652383502945916,0.4095221892135949,0.04175946547884187,0.5,0.5864250257569232,0.45429545957408884,0.16884463583231976,0.5705782491027604,0.7242630237204751,0.38585783906936044
2021-09-19 14:00:00,0.4797768479776848,-0.09960159362549814,0.5395383469843631,0.4690233886805928,0.4020232689010744,0.0032293986636971047,0.5,0.6111873933326506,0.44069803193614115,0.15861644269390232,0.7014577815760787,0.7386529515938536,0.45113689515216443
2021-09-19 14:10:00,0.5732217573221757,0.2111553784860556,0.5443037974683544,0.4797357614711659,0.4012249545222547,0.009354120267260579,0.5,0.6111873933326506,0.44069803193614115,0.15861644269390232,0.7014577815760787,0.7386529515938536,0.592188843791964
2021-09-19 14:20:00,0.5432357043235705,0.2350597609561753,0.5475800446760981,0.48866273879664335,0.40602792791613773,0.037973273942093544,0.5,0.6111873933326506,0.44069803193614115,0.15861644269390232,0.7014577815760787,0.7386529515938536,0.45837922657935637
2021-09-19 14:30:00,0.49860529986053004,-0.2270916334661356,0.550856291883842,0.5025888234243885,0.418617738283755,0.057683741648106905,0.5,0.6111873933326506,0.44069803193614115,0.15861644269390232,0.7014577815760787,0.7386529515938536,0.2837635982316641
2021-09-19 14:40:00,0.4344490934449094,0.17131474103585642,0.5541325390915859,0.507587930726656,0.4068131551739933,0.043429844097995544,0.5,0.6111873933326506,0.44069803193614115,0.15861644269390232,0.7014577815760787,0.7386529515938536,0.26193098661677505
2021-09-19 14:50:00,0.3933054393305439,0.07569721115537842,0.5615785554728219,0.5207998571683627,0.40558296580335285,0.04766146993318486,0.5,0.6111873933326506,0.44069803193614115,0.15861644269390232,0.7014577815760787,0.7386529515938536,0.19014892043997164
2021-09-19 15:00:00,0.5355648535564853,0.03585657370517925,0.568428890543559,0.5261560435636492,0.4148093860831556,0.0789532293986637,0.5,0.6197699437300026,0.4166410445766911,0.15796854933646415,0.7731554795115522,0.7490493190383667,0.27910134737540926
2021-09-19 15:10:00,0.5474198047419805,0.05179282868525892,0.5708116157855547,0.5225852526334585,0.4202667155252516,0.07149220489977728,0.5,0.6197699437300026,0.4166410445766911,0.15796854933646415,0.7731554795115522,0.7490493190383667,0.3391070808877891
2021-09-19 15:20:00,0.5355648535564853,0.003984063745019917,0.5723008190618017,0.5172290662381716,0.4276740259910223,0.07828507795100223,0.5,0.6197699437300026,0.4166410445766911,0.15796854933646415,0.7731554795115522,0.7490493190383667,0.2779923653756205
2021-09-19 15:30:00,0.3933054393305439,0.08366533864541825,0.5725986597170512,0.5158007498660953,0.43916451819764174,0.019487750556792874,0.5,0.6197699437300026,0.4166410445766911,0.15796854933646415,0.7731554795115522,0.7490493190383667,0.22588529957602185
2021-09-19 15:40:00,0.4790794979079498,-0.21115537848605592,0.5782576321667907,0.5286555972147831,0.4268626244912382,0.01737193763919822,0.5,0.6197699437300026,0.4166410445766911,0.15796854933646415,0.7731554795115522,0.7490493190383667,0.38837756687840425
2021-09-19 15:50:00,0.5348675034867504,0.019920318725099362,0.5827252419955322,0.5368684163542226,0.4206985905170722,0.012360801781737195,0.5,0.6197699437300026,0.4166410445766911,0.15796854933646415,0.7731554795115522,0.7490493190383667,0.48120011467024765
2021-09-19 16:00:00,0.29567642956764295,0.4581673306772909,0.5800446760982871,0.5368684163542226,0.43234612817526274,0.0033407572383073497,0.5,0.650533632755135,0.3953943455160393,0.12857087964743646,0.759028489386148,0.7588517486446829,0.17515880320473168
2021-09-19 16:10:00,0.5425383542538355,-0.4661354581673308,0.5862993298585255,0.5536511337261203,0.4323723024171912,0.02305122494432071,0.5,0.650533632755135,0.3953943455160393,0.12857087964743646,0.759028489386148,0.7588517486446829,0.4951566908580654
2021-09-19 16:20:00,0.5941422594142259,-0.003984063745020028,0.5925539836187639,0.5493661846098912,0.4260119616285613,0.05590200445434298,0.5,0.650533632755135,0.3953943455160393,0.12857087964743646,0.759028489386148,0.7588517486446829,0.486224482097862
2021-09-19 16:30:00,0.592747559274756,-0.02788844621513953,0.5943410275502605,0.5500803427959293,0.40979701875384433,0.0073496659242761695,0.5,0.650533632755135,0.3953943455160393,0.12857087964743646,0.759028489386148,0.7588517486446829,0.6557176697798632
2021-09-19 16:40:00,0.502092050209205,0.043824701195219085,0.5949367088607593,0.5497232637029101,0.42818442370862836,0.0012249443207126948,0.5,0.650533632755135,0.3953943455160393,0.12857087964743646,0.759028489386148,0.7588517486446829,0.49256152209665494
2021-09-19 16:50:00,0.5857740585774059,-0.059760956175298974,0.5955323901712581,0.5654347437957508,0.4106345944955569,0.004565701559020045,0.5,0.650533632755135,0.3953943455160393,0.12857087964743646,0.759028489386148,0.7588517486446829,0.6474644295909592
2021-09-19 17:00:00,0.4470013947001395,-0.03585657370517936,0.6008935219657481,0.5722192465631137,0.42098650717828584,0.00033407572383073496,0.5,0.6467634995795843,0.38127681339743114,0.12475212594367144,0.7345853916998548,0.7636305550426836,0.38691401240249257
2021-09-19 17:10:00,0.596931659693166,0.29083665338645415,0.6038719285182426,0.580432065702553,0.41797646935650623,0.0026726057906458797,0.5,0.6467634995795843,0.38127681339743114,0.12475212594367144,0.7345853916998548,0.7636305550426836,0.6781387208232117
2021-09-19 17:20:00,0.5536959553695956,0.09163346613545809,0.6059568131049888,0.5822174611676485,0.4153459580426902,0.0036748329621380848,0.5,0.6467634995795843,0.38127681339743114,0.12475212594367144,0.7345853916998548,0.7636305550426836,0.5914495224587716
2021-09-19 17:30:00,0.5383542538354253,0.03585657370517925,0.6065524944154874,0.590073201214069,0.41589561712318907,0.00044543429844097997,0.5,0.6467634995795843,0.38127681339743114,0.12475212594367144,0.7345853916998548,0.7636305550426836,0.546448994372105
2021-09-19 17:40:00,0.5404463040446305,0.21912350597609564,0.6056589724497392,0.596857703981432,0.4562432110559998,0.0013363028953229399,0.5,0.6467634995795843,0.38127681339743114,0.12475212594367144,0.7345853916998548,0.7636305550426836,0.603912367789731
2021-09-19 17:50:00,0.4860529986052998,-0.1394422310756973,0.6065524944154874,0.6036422067487948,0.4488359005902292,0.00311804008908686,0.5,0.6467634995795843,0.38127681339743114,0.12475212594367144,0.7345853916998548,0.7636305550426836,0.43173348220347935
2021-09-19 18:00:00,0.5871687587168759,-0.23505976095617542,0.6047654504839908,0.6043563649348331,0.41577783303451077,0.0012249443207126948,0.5,0.5040031378586582,0.3802509719632093,0.20959749577613862,0.7488028803412744,0.7482431276415129,0.6729936478718108
2021-09-19 18:10:00,0.44002789400278935,0.01195219123505975,0.6035740878629932,0.6014997321906803,0.39647432961222867,0.00033407572383073496,0.5,0.5040031378586582,0.3802509719632093,0.20959749577613862,0.7488028803412744,0.7482431276415129,0.3701359445961646
2021-09-19 18:20:00,0.4393305439330544,0.10756972111553775,0.6050632911392404,0.6129262631672916,0.392247189540773,0.0008908685968819599,0.5,0.5040031378586582,0.3802509719632093,0.20959749577613862,0.7488028803412744,0.7482431276415129,0.3447726964105195
2021-09-19 18:30:00,0.590655509065551,-0.01195219123505975,0.6065524944154874,0.6107837886091769,0.41645836332465225,0.0013363028953229399,0.5,0.5040031378586582,0.3802509719632093,0.20959749577613862,0.7488028803412744,0.7482431276415129,0.6567059462558655
2021-09-19 18:40:00,0.6073919107391912,-0.01195219123505975,0.6068503350707368,0.6050705231208713,0.41323893156744446,0.0012249443207126948,0.5,0.5040031378586582,0.3802509719632093,0.20959749577613862,0.7488028803412744,0.7482431276415129,0.7414336798587745
2021-09-19 18:50:00,0.592747559274756,0.298804780876494,0.6065524944154874,0.6025709694697374,0.41359228383347946,0.000779510022271715,0.5,0.5040031378586582,0.3802509719632093,0.20959749577613862,0.7488028803412744,0.7482431276415129,0.7115816950073178
2021-09-19 19:00:00,0.6164574616457461,0.05179282868525892,0.6035740878629932,0.6054276022138905,0.4148617345670126,0.000556792873051225,0.5,0.511689924331846,0.37543785038806854,0.19626730236050544,0.6595792090555078,0.7461473858524422,0.7302382425275737
2021-09-19 19:10:00,0.4609483960948396,-0.13147410358565736,0.5979151154132538,0.6057846813069094,0.40321419690882204,0.00033407572383073496,0.5,0.511689924331846,0.37543785038806854,0.19626730236050544,0.6595792090555078,0.7461473858524422,0.4089427704935348
2021-09-19 19:20:00,0.4435146443514645,0.05976095617529875,0.5943410275502605,0.6107837886091769,0.40960071193938047,0.00033407572383073496,0.5,0.511689924331846,0.37543785038806854,0.19626730236050544,0.6595792090555078,0.7461473858524422,0.372180394405299
2021-09-19 19:30:00,0.2914923291492329,0.15537848605577675,0.5904690990320176,0.6111408677021961,0.4025860151025376,0.00033407572383073496,0.5,0.511689924331846,0.37543785038806854,0.19626730236050544,0.6595792090555078,0.7461473858524422,0.14218356292529838
2021-09-19 19:40:00,0.32496513249651326,0.3067729083665336,0.5874906924795233,0.6054276022138905,0.4084490452945257,0.00033407572383073496,0.5,0.511689924331846,0.37543785038806854,0.19626730236050544,0.6595792090555078,0.7461473858524422,0.18458137815531783
2021-09-19 19:50:00,0.3584379358437936,0.2828685258964143,0.5842144452717795,0.5940010712372792,0.4184999541950766,0.00022271714922048998,0.5,0.511689924331846,0.37543785038806854,0.19626730236050544,0.6595792090555078,0.7461473858524422,0.20660259215112334
2021-09-19 20:00:00,0.31520223152022314,-0.003984063745020028,0.5788533134772895,0.5836457775397252,0.4416379840598867,0.00022271714922048998,0.5,0.5219255539030951,0.36859028697698726,0.18228667930496226,0.49096926311349354,0.727776193659434,0.16366914615930112
2021-09-19 20:10:00,0.2391910739191074,-0.23505976095617542,0.5755770662695456,0.5782895911444383,0.4348326811584719,0.00033407572383073496,0.5,0.5219255539030951,0.36859028697698726,0.18228667930496226,0.49096926311349354,0.727776193659434,0.09802042940990088
2021-09-19 20:20:00,0.2175732217573222,-0.1633466135458168,0.5678332092330602,0.5704338510980183,0.438627946238107,0.00044543429844097997,0.5,0.5219255539030951,0.36859028697698726,0.18228667930496226,0.49096926311349354,0.727776193659434,0.0845466753172292
2021-09-19 20:30:00,0.26569037656903766,-0.1394422310756973,0.5642591213700667,0.5604356364934833,0.4200704087107877,0.00022271714922048998,0.5,0.5219255539030951,0.36859028697698726,0.18228667930496226,0.49096926311349354,0.727776193659434,0.11020414321710399
2021-09-19 20:40:00,0.30264993026499304,0.41035856573705165,0.5639612807148173,0.549009105516872,0.41987410189632385,0.00033407572383073496,0.5,0.5219255539030951,0.36859028697698726,0.18228667930496226,0.49096926311349354,0.727776193659434,0.14298323702038415
2021-09-19 20:50:00,0.21269177126917713,0.31474103585657365,0.5648548026805658,0.5372254954472415,0.43453167737629395,0.00033407572383073496,0.5,0.5219255539030951,0.36859028697698726,0.18228667930496226,0.49096926311349354,0.727776193659434,0.08410911779350302
2021-09-19 21:00:00,0.20920502092050208,-0.40239043824701204,0.5618763961280713,0.5368684163542226,0.43942626061692686,0.00033407572383073496,0.5,0.5039624470894923,0.3769694287758601,0.18841674722533872,0.3720707577530449,0.7262567512342669,0.06732350589193838
2021-09-19 21:10:00,0.20920502092050208,0.01195219123505975,0.5618763961280713,0.5361542581681842,0.4275300676604154,0.00022271714922048998,0.5,0.5039624470894923,0.3769694287758601,0.18841674722533872,0.3720707577530449,0.7262567512342669,0.07666309579492132
2021-09-19 21:20:00,0.3437935843793584,0.11553784860557759,0.5586001489203274,0.5247277271915729,0.41755768148565,0.00011135857461024499,0.5,0.5039624470894923,0.3769694287758601,0.18841674722533872,0.3720707577530449,0.7262567512342669,0.18991505348763524
2021-09-19 21:30:00,0.3186889818688982,-0.1394422310756973,0.5633655994043185,0.5197286198893054,0.41319967020455173,0.00011135857461024499,0.5,0.5039624470894923,0.3769694287758601,0.18841674722533872,0.3720707577530449,0.7262567512342669,0.16428021787347044
2021-09-19 21:40:00,0.15760111576011157,-0.20318725099601598,0.5603871928518243,0.5268702017496876,0.3721191974977425,0.00011135857461024499,0.5,0.5039624470894923,0.3769694287758601,0.18841674722533872,0.3720707577530449,0.7262567512342669,0.03297524027943329
2021-09-19 21:50:00,0.13737796373779637,-0.2509960159362551,0.5544303797468353,0.5336547045170503,0.38718247372760467,0.00011135857461024499,0.5,0.5039624470894923,0.3769694287758601,0.18841674722533872,0.3720707577530449,0.7262567512342669,0.030810084946512366
2021-09-19 22:00:00,0.10739191073919108,-0.16972111553784863,0.550260610573343,0.5275843599357259,0.3889492350577797,0.42616926503340763,0.5,0.37982478287972565,0.39189728942234053,0.2282346066359041,0.29265040828092687,0.7900543338783224,0.004534001237231619
2021-09-19 22:10:00,0.11715481171548117,-0.08844621513944229,0.5499627699180936,0.5204427780753438,0.3889492350577797,0.9993318485523385,0.5,0.37982478287972565,0.39189728942234053,0.2282346066359041,0.29265040828092687,0.7900543338783224,0.0
2021-09-19 22:20:00,0.13528591352859135,-0.007171314741035939,0.5517498138495904,0.5243706480985537,0.3889492350577797,0.9993318485523385,0.5,0.37982478287972565,0.39189728942234053,0.2282346066359041,0.29265040828092687,0.7900543338783224,0.0
2021-09-19 22:30:00,0.1290097629009763,0.07410358565737041,0.550260610573343,0.5147295125870381,0.3889492350577797,0.9993318485523385,0.5,0.37982478287972565,0.39189728942234053,0.2282346066359041,0.29265040828092687,0.7900543338783224,0.0
2021-09-19 22:40:00,0.13598326359832635,0.15537848605577675,0.5475800446760981,0.5058025352615605,0.3889492350577797,0.9993318485523385,0.5,0.37982478287972565,0.39189728942234053,0.2282346066359041,0.29265040828092687,0.7900543338783224,0.0
2021-09-19 22:50:00,0.12761506276150628,0.2366533864541831,0.5443037974683544,0.49651847884306366,0.3889492350577797,0.9993318485523385,0.5,0.37982478287972565,0.39189728942234053,0.2282346066359041,0.29265040828092687,0.7900543338783224,0.0
2021-09-19 23:00:00,0.10739191073919108,0.31792828685258945,0.5422189128816082,0.48723442242456705,0.3889492350577797,0.9993318485523385,0.5,0.30052974712021086,0.3938713876445014,0.27549467970366587,0.2651874537702547,0.8941298581523357,0.0
2021-09-19 23:10:00,0.1290097629009763,0.3992031872509958,0.5380491437081161,0.4786645241921086,0.3889492350577797,0.9993318485523385,0.5,0.30052974712021086,0.3938713876445014,0.27549467970366587,0.2651874537702547,0.8941298581523357,0.0
2021-09-19 23:20:00,0.1799163179916318,0.48047808764940214,0.5371556217423676,0.47795036600607044,0.4520553323474369,0.9993318485523385,0.5,0.30052974712021086,0.3938713876445014,0.27549467970366587,0.2651874537702547,0.8941298581523357,0.0
2021-09-19 23:30:00,0.10251046025104603,0.5617529880478087,0.5320923306031271,0.49151937154079617,0.5159728311368782,0.9993318485523385,0.5,0.30052974712021086,0.3938713876445014,0.27549467970366587,0.2651874537702547,0.8941298581523357,0.0
2021-09-19 23:40:00,0.10529986052998605,0.20318725099601576,0.5294117647058822,0.48437778968041423,0.5159728311368782,0.9993318485523385,0.5,0.30052974712021086,0.3938713876445014,0.27549467970366587,0.2651874537702547,0.8941298581523357,0.0
2021-09-19 23:50:00,0.12133891213389121,0.16518541219736438,0.5282204020848844,0.4783074450990894,0.5159728311368782,0.9993318485523385,0.5,0.30052974712021086,0.3938713876445014,0.27549467970366587,0.2651874537702547,0.8941298581523357,0.0
2021-09-20 00:00:00,0.15550906555090654,0.12718357339871278,0.5222635889798957,0.47295125870380295,0.5159728311368782,0.9993318485523385,0.5,0.27144351837738534,0.3898111244888739,0.317031631373662,0.3005268530499329,0.9833995117253398,0.0
2021-09-20 00:10:00,0.12761506276150628,0.08918173460006118,0.5198808637379002,0.46652383502945916,0.5159728311368782,0.9993318485523385,0.5,0.27144351837738534,0.3898111244888739,0.317031631373662,0.3005268530499329,0.9833995117253398,0.0
2021-09-20 00:20:00,0.13598326359832635,0.05117989580140958,0.5133283693224122,0.45973933226209596,0.5159728311368782,0.9993318485523385,0.5,0.27144351837738534,0.3898111244888739,0.317031631373662,0.3005268530499329,0.9833995117253398,0.0
2021-09-20 00:30:00,0.09414225941422595,0.013178057002757981,0.5058823529411764,0.4508123549366183,0.5159728311368782,0.9993318485523385,0.5,0.27144351837738534,0.3898111244888739,0.317031631373662,0.3005268530499329,0.9833995117253398,0.0
2021-09-20 00:40:00,0.10599721059972106,-0.024823781795893507,0.5034996276991808,0.4465274058203892,0.5159728311368782,0.9993318485523385,0.5,0.27144351837738534,0.3898111244888739,0.317031631373662,0.3005268530499329,0.9833995117253398,0.0
2021-09-20 00:50:00,0.14504881450488147,-0.062825620594545,0.496947133283693,0.44224245670416007,0.5159728311368782,0.9993318485523385,0.5,0.27144351837738534,0.3898111244888739,0.317031631373662,0.3005268530499329,0.9833995117253398,0.0
2021-09-20 01:00:00,0.07810320781032079,-0.1008274593931966,0.49962769918093786,0.4351008748437779,0.5159728311368782,0.9993318485523385,0.5,0.2082143322894927,0.38088314315516725,0.4070432817871965,0.29249178725560326,0.04217113370269701,0.0
2021-09-20 01:10:00,0.07810320781032079,-0.13882929819184808,0.4936708860759491,0.42938760935547227,0.5159728311368782,0.9993318485523385,0.5,0.2082143322894927,0.38088314315516725,0.4070432817871965,0.29249178725560326,0.04217113370269701,0.0
2021-09-20 01:20:00,0.059274755927475595,-0.17683113699049957,0.4853313477289649,0.4265309766113192,0.5159728311368782,0.9993318485523385,0.5,0.2082143322894927,0.38088314315516725,0.4070432817871965,0.29249178725560326,0.04217113370269701,0.0
2021-09-20 01:30:00,0.07461645746164575,-0.21483297578915128,0.48354430379746827,0.42153186930905173,0.5159728311368782,0.9993318485523385,0.5,0.2082143322894927,0.38088314315516725,0.4070432817871965,0.29249178725560326,0.04217113370269701,0.0
2021-09-20 01:40:00,0.0299860529986053,-0.25283481458780266,0.4766939687267311,0.4161756829137653,0.5159728311368782,0.9993318485523385,0.5,0.2082143322894927,0.38088314315516725,0.4070432817871965,0.29249178725560326,0.04217113370269701,0.0
2021-09-20 01:50:00,0.02301255230125523,-0.29083665338645437,0.4662695457930006,0.4097482592394215,0.5159728311368782,0.9993318485523385,0.5,0.2082143322894927,0.38088314315516725,0.4070432817871965,0.29249178725560326,0.04217113370269701,0.0
2021-09-20 02:00:00,0.02370990237099024,-0.32883849218510575,0.45941921072226344,0.404749151937154,0.5159728311368782,0.9993318485523385,0.5,0.19154592570332474,0.3772740203501669,0.46344995033324854,0.2841096628166384,0.0593920382284505,0.0
2021-09-20 02:10:00,0.03138075313807531,-0.36684033098375735,0.45346239761727447,0.397964649169791,0.5159728311368782,0.9993318485523385,0.5,0.19154592570332474,0.3772740203501669,0.46344995033324854,0.2841096628166384,0.0593920382284505,0.0
2021-09-20 02:20:00,0.02092050209205021,-0.40484216978240894,0.44929262844378237,0.39475093733261923,0.5159728311368782,0.9993318485523385,0.5,0.19154592570332474,0.3772740203501669,0.46344995033324854,0.2841096628166384,0.0593920382284505,0.0
2021-09-20 02:30:00,0.03138075313807531,-0.44284400858106043,0.4433358153387934,0.3908230673094091,0.5159728311368782,0.9993318485523385,0.5,0.19154592570332474,0.3772740203501669,0.46344995033324854,0.2841096628166384,0.0593920382284505,0.0
2021-09-20 02:40:00,0.06345885634588563,-0.4808458473797119,0.4427401340282946,0.38510980182110344,0.5159728311368782,0.9993318485523385,0.5,0.19154592570332474,0.3772740203501669,0.46344995033324854,0.2841096628166384,0.0593920382284505,0.0
2021-09-20 02:50:00,0.07322175732217574,-0.5188476861783635,0.4427401340282946,0.38011069451883595,0.5159728311368782,0.9993318485523385,0.5,0.19154592570332474,0.3772740203501669,0.46344995033324854,0.2841096628166384,0.0593920382284505,0.0
2021-09-20 03:00:00,0.060669456066945605,-0.5568495249770151,0.4427401340282946,0.37225495447241563,0.5159728311368782,0.9993318485523385,0.5,0.19966433450747312,0.3737740907510474,0.4804245280327059,0.2870358749228469,0.053707580912521695,0.0
2021-09-20 03:10:00,0.04951185495118549,-0.5948513637756666,0.4418466120625464,0.3683270844492055,0.5159728311368782,0.9993318485523385,0.5,0.19966433450747312,0.3737740907510474,0.4804245280327059,0.2870358749228469,0.053707580912521695,0.0
2021-09-20 03:20:00,0.0502092050209205,-0.6328532025743181,0.43708116157855526,0.3668987680771292,0.5159728311368782,0.9993318485523385,0.5,0.19966433450747312,0.3737740907510474,0.4804245280327059,0.2870358749228469,0.053707580912521695,0.0
2021-09-20 03:30:00,0.05230125523012552,-0.6708550413729697,0.43678332092330585,0.36404213533297636,0.5159728311368782,0.9993318485523385,0.5,0.19966433450747312,0.3737740907510474,0.4804245280327059,0.2870358749228469,0.053707580912521695,0.0
2021-09-20 03:40:00,0.05230125523012552,-0.7088568801716213,0.4358897989575574,0.35797179075165153,0.5159728311368782,0.9993318485523385,0.5,0.19966433450747312,0.3737740907510474,0.4804245280327059,0.2870358749228469,0.053707580912521695,0.0
2021-09-20 03:50:00,0.048117154811715475,-0.7468587189702729,0.43350707371556196,0.35440099982146056,0.5159728311368782,0.9993318485523385,0.5,0.19966433450747312,0.3737740907510474,0.4804245280327059,0.2870358749228469,0.053707580912521695,0.0
2021-09-20 04:00:00,0.056485355648535567,-0.7848605577689244,0.4272524199553238,0.3519014461703267,0.5159728311368782,0.9993318485523385,0.5,0.14261557595949315,0.3708459887301104,0.5241187147591477,0.30909769537334375,0.043011501953304235,0.0
2021-09-20 04:10:00,0.06345885634588563,-0.2695883134130148,0.42516753536857754,0.3461881806820213,0.5159728311368782,0.9993318485523385,0.5,0.14261557595949315,0.3708459887301104,0.5241187147591477,0.30909769537334375,0.043011501953304235,0.0
2021-09-20 04:20:00,0.07740585774058578,0.24568393094289487,0.42516753536857754,0.34297446884484906,0.5159728311368782,0.9993318485523385,0.5,0.14261557595949315,0.3708459887301104,0.5241187147591477,0.30909769537334375,0.043011501953304235,0.0
2021-09-20 04:30:00,0.10669456066945607,0.7609561752988048,0.42040208488458664,0.33726120335654364,0.5159728311368782,0.9993318485523385,0.5,0.14261557595949315,0.3708459887301104,0.5241187147591477,0.30909769537334375,0.043011501953304235,0.0
2021-09-20 04:40:00,0.07880055788005579,0.20318725099601576,0.4162323157110943,0.3344045706123906,0.5159728311368782,0.9993318485523385,0.5,0.14261557595949315,0.3708459887301104,0.5241187147591477,0.30909769537334375,0.043011501953304235,0.0
2021-09-20 04:50:00,0.0697350069735007,-0.3705179282868527,0.4162323157110943,0.33226209605427615,0.5159728311368782,0.9993318485523385,0.5,0.14261557595949315,0.3708459887301104,0.5241187147591477,0.30909769537334375,0.043011501953304235,0.0
2021-09-20 05:00:00,0.100418410041841,-0.35856573705179295,0.4147431124348473,0.32583467237993236,0.5159728311368782,0.9993318485523385,0.5,0.14257485183723806,0.3706132347912535,0.5209495029964275,0.3042371385127796,0.04596270099263684,0.0
2021-09-20 05:10:00,0.10460251046025104,-0.3466135458167332,0.4129560685033504,0.32226388144974116,0.5159728311368782,0.9993318485523385,0.5,0.14257485183723806,0.3706132347912535,0.5209495029964275,0.3042371385127796,0.04596270099263684,0.0
2021-09-20 05:20:00,0.09205020920502092,-0.33466135458167334,0.4129560685033504,0.3211926441706838,0.5159728311368782,0.9993318485523385,0.5,0.14257485183723806,0.3706132347912535,0.5209495029964275,0.3042371385127796,0.04596270099263684,0.0
2021-09-20 05:30:00,0.06345885634588563,-0.3227091633466136,0.4129560685033504,0.3158364577753974,0.5159728311368782,0.9993318485523385,0.5,0.14257485183723806,0.3706132347912535,0.5209495029964275,0.3042371385127796,0.04596270099263684,0.0
2021-09-20 05:40:00,0.03207810320781032,-0.3227091633466136,0.4162323157110943,0.315122299589359,0.5159728311368782,0.9993318485523385,0.5,0.14257485183723806,0.3706132347912535,0.5209495029964275,0.3042371385127796,0.04596270099263684,0.0
2021-09-20 05:50:00,0.01603905160390516,-0.3227091633466136,0.41414743112434826,0.3108373504731299,0.5159728311368782,0.9993318485523385,0.5,0.14257485183723806,0.3706132347912535,0.5209495029964275,0.3042371385127796,0.04596270099263684,0.0
2021-09-20 06:00:00,0.013947001394700141,-0.3227091633466136,0.40938198064035736,0.3069094804499197,0.5159728311368782,0.9993318485523385,0.5,0.11912346079661162,0.38550373986730285,0.5534638834010077,0.3051525748502074,0.049439401634706635,0.0
2021-09-20 06:10:00,0.048814504881450484,-0.3227091633466136,0.40491437081161563,0.30191037314765223,0.5159728311368782,0.9993318485523385,0.5,0.11912346079661162,0.38550373986730285,0.5534638834010077,0.3051525748502074,0.049439401634706635,0.0
2021-09-20 06:20:00,0.043235704323570434,-0.3227091633466136,0.40074460163812353,0.29726834493840393,0.5159728311368782,0.9993318485523385,0.5,0.11912346079661162,0.38550373986730285,0.5534638834010077,0.3051525748502074,0.049439401634706635,0.0
2021-09-20 06:30:00,0.07043235704323571,-0.3227091633466136,0.39806403574087845,0.2961971076593466,0.5159728311368782,0.9993318485523385,0.5,0.11912346079661162,0.38550373986730285,0.5534638834010077,0.3051525748502074,0.049439401634706635,0.0
2021-09-20 06:40:00,0.0397489539748954,-0.3227091633466136,0.3968726731198806,0.29369755400821274,0.5159728311368782,0.9993318485523385,0.5,0.11912346079661162,0.38550373986730285,0.5534638834010077,0.3051525748502074,0.049439401634706635,0.0
2021-09-20 06:50:00,0.044630404463040445,-0.3227091633466136,0.3909158600148921,0.28762720942688813,0.5159728311368782,0.9993318485523385,0.5,0.11912346079661162,0.38550373986730285,0.5534638834010077,0.3051525748502074,0.049439401634706635,0.0
2021-09-20 07:00:00,0.042538354253835425,-0.3227091633466136,0.38644825018615014,0.2851276557757545,0.5159728311368782,0.9993318485523385,0.5,0.12452219197838166,0.39367024226524266,0.5535958969036684,0.3151790148333608,0.04957711105577465,0.0
2021-09-20 07:10:00,0.03486750348675035,-0.3227091633466136,0.3831720029784065,0.2815568648455633,0.5159728311368782,0.9993318485523385,0.5,0.12452219197838166,0.39367024226524266,0.5535958969036684,0.3151790148333608,0.04957711105577465,0.0
2021-09-20 07:20:00,0.01603905160390516,-0.3227091633466136,0.37870439314966475,0.2754865202642385,0.5159728311368782,0.9993318485523385,0.5,0.12452219197838166,0.39367024226524266,0.5535958969036684,0.3151790148333608,0.04957711105577465,0.0
2021-09-20 07:30:00,0.028591352859135284,-0.3227091633466136,0.3760238272524199,0.2719157293340475,0.5159728311368782,0.9993318485523385,0.5,0.12452219197838166,0.39367024226524266,0.5535958969036684,0.3151790148333608,0.04957711105577465,0.0
2021-09-20 07:40:00,0.043235704323570434,-0.3227091633466136,0.37155621742367817,0.2708444920549904,0.5159728311368782,0.9993318485523385,0.5,0.12452219197838166,0.39367024226524266,0.5535958969036684,0.3151790148333608,0.04957711105577465,0.0
2021-09-20 07:50:00,0.05718270571827057,-0.3227091633466136,0.37423678332092325,0.2658453847527229,0.5159728311368782,0.9993318485523385,0.5,0.12452219197838166,0.39367024226524266,0.5535958969036684,0.3151790148333608,0.04957711105577465,0.0
2021-09-20 08:00:00,0.07391910739191074,-0.3227091633466136,0.3793000744601638,0.26477414747366557,0.5159728311368782,0.9993318485523385,0.5,0.14347872056214617,0.3882105819710531,0.5306310004480344,0.294192734438585,0.046302318801702366,0.0
2021-09-20 08:10:00,0.07252440725244073,-0.3227091633466136,0.38227848101265804,0.26477414747366557,0.5159728311368782,0.9993318485523385,0.5,0.14347872056214617,0.3882105819710531,0.5306310004480344,0.294192734438585,0.046302318801702366,0.0
2021-09-20 08:20:00,0.0808926080892608,-0.3227091633466136,0.3894266567386446,0.26477414747366557,0.5159728311368782,0.9993318485523385,0.5,0.14347872056214617,0.3882105819710531,0.5306310004480344,0.294192734438585,0.046302318801702366,0.0
2021-09-20 08:30:00,0.09483960948396096,-0.3227091633466136,0.3998510796723751,0.26477414747366557,0.5159728311368782,0.9993318485523385,0.5,0.14347872056214617,0.3882105819710531,0.5306310004480344,0.294192734438585,0.046302318801702366,0.0
2021-09-20 08:40:00,0.08507670850767085,-0.3227091633466136,0.4078927773641099,0.26941617568291365,0.5159728311368782,0.9993318485523385,0.5,0.14347872056214617,0.3882105819710531,0.5306310004480344,0.294192734438585,0.046302318801702366,0.0
2021-09-20 08:50:00,0.07531380753138076,-0.3227091633466136,0.41682799702159334,0.2737011247991432,0.5159728311368782,0.9993318485523385,0.5,0.14347872056214617,0.3882105819710531,0.5306310004480344,0.294192734438585,0.046302318801702366,0.0
2021-09-20 09:00:00,0.1087866108786611,-0.3227091633466136,0.42457185405807873,0.27584359935725766,0.5159728311368782,0.9993318485523385,0.5,0.15858370107893904,0.393641507211061,0.4960193680674682,0.18275048408402084,0.06864672508766359,0.0
2021-09-20 09:10:00,0.11297071129707113,-0.3227091633466136,0.4302308265078181,0.27584359935725766,0.5159728311368782,0.9993318485523385,0.5,0.15858370107893904,0.393641507211061,0.4960193680674682,0.18275048408402084,0.06864672508766359,0.0
2021-09-20 09:20:00,0.07461645746164575,-0.3227091633466136,0.4352941176470586,0.2765577575432958,0.5159728311368782,0.9993318485523385,0.5,0.15858370107893904,0.393641507211061,0.4960193680674682,0.18275048408402084,0.06864672508766359,0.0
2021-09-20 09:30:00,0.038354253835425386,-0.3227091633466136,0.43648548026805645,0.28405641849669716,0.5159728311368782,0.9993318485523385,0.5,0.15858370107893904,0.393641507211061,0.4960193680674682,0.18275048408402084,0.06864672508766359,0.0
2021-09-20 09:40:00,0.022315202231520222,-0.3227091633466136,0.43976172747580033,0.2908409212640599,0.5159728311368782,0.9993318485523385,0.5,0.15858370107893904,0.393641507211061,0.4960193680674682,0.18275048408402084,0.06864672508766359,0.0
2021-09-20 09:50:00,0.015341701534170154,-0.3227091633466136,0.44810126582278453,0.2990537404034994,0.5159728311368782,0.9993318485523385,0.5,0.15858370107893904,0.393641507211061,0.4960193680674682,0.18275048408402084,0.06864672508766359,0.0
2021-09-20 10:00:00,0.03277545327754532,-0.3227091633466136,0.4591213700670138,0.3076236386359579,0.5159728311368782,0.9993318485523385,0.5,0.4751367726816851,0.3917105115701684,0.248900870287286,0.07441300184878234,0.07970502867972655,0.0
2021-09-20 10:10:00,0.027196652719665274,-0.3227091633466136,0.4689501116902457,0.318336011426531,0.5159728311368782,0.9993318485523385,0.5,0.4751367726816851,0.3917105115701684,0.248900870287286,0.07441300184878234,0.07970502867972655,0.0
2021-09-20 10:20:00,0.015341701534170154,-0.3227091633466136,0.47967237527922557,0.328334226031066,0.5159728311368782,0.9993318485523385,0.5,0.4751367726816851,0.3917105115701684,0.248900870287286,0.07441300184878234,0.07970502867972655,0.0
2021-09-20 10:30:00,0.03417015341701534,-0.3227091633466136,0.49218168279970187,0.3390465988216391,0.5159728311368782,0.9993318485523385,0.5,0.4751367726816851,0.3917105115701684,0.248900870287286,0.07441300184878234,0.07970502867972655,0.0
2021-09-20 10:40:00,0.03207810320781032,-0.3227091633466136,0.5052866716306774,0.34975897161221203,0.5159728311368782,0.9993318485523385,0.5,0.4751367726816851,0.3917105115701684,0.248900870287286,0.07441300184878234,0.07970502867972655,0.0
2021-09-20 10:50:00,0.02510460251046025,-0.3227091633466136,0.5180938198064033,0.3611855025888233,0.5159728311368782,0.9993318485523385,0.5,0.4751367726816851,0.3917105115701684,0.248900870287286,0.07441300184878234,0.07970502867972655,0.0
2021-09-20 11:00:00,0.03486750348675035,-0.3227091633466136,0.5329858525688755,0.3743974290305303,0.5159728311368782,0.9993318485523385,0.5,0.47133405353771196,0.3859060306258204,0.22765519290520633,0.056618303958950414,0.6945096668521573,0.0
2021-09-20 11:10:00,0.043235704323570434,-0.3227091633466136,0.5454951600893521,0.3861810391001608,0.5159728311368782,0.9993318485523385,0.5,0.47133405353771196,0.3859060306258204,0.22765519290520633,0.056618303958950414,0.6945096668521573,0.0
2021-09-20 11:20:00,0.04393305439330544,-0.3227091633466136,0.5553239017125835,0.39760757007677205,0.5159728311368782,0.9993318485523385,0.5,0.47133405353771196,0.3859060306258204,0.22765519290520633,0.056618303958950414,0.6945096668521573,0.0
2021-09-20 11:30:00,0.014644351464435146,-0.3227091633466136,0.5654504839910646,0.4093911801464025,0.5159728311368782,0.9993318485523385,0.5,0.47133405353771196,0.3859060306258204,0.22765519290520633,0.056618303958950414,0.6945096668521573,0.0
2021-09-20 11:40:00,0.027894002789400282,-0.3227091633466136,0.5773641102010423,0.4222460274950901,0.5159728311368782,0.9993318485523385,0.5,0.47133405353771196,0.3859060306258204,0.22765519290520633,0.056618303958950414,0.6945096668521573,0.0
2021-09-20 11:50:00,0.04184100418410042,-0.3227091633466136,0.5895755770662694,0.4336725584717014,0.5159728311368782,0.9993318485523385,0.5,0.47133405353771196,0.3859060306258204,0.22765519290520633,0.056618303958950414,0.6945096668521573,0.0
2021-09-20 12:00:00,0.018131101813110184,-0.3227091633466136,0.5952345495160087,0.44688448491340815,0.5159728311368782,0.9993318485523385,0.5,0.49473658230225004,0.37715908013344457,0.20184014902181294,0.18831940655166152,0.6964183400017951,0.0
2021-09-20 12:10:00,0.06764295676429567,-0.3227091633466136,0.6032762472077438,0.459382253169077,0.5159728311368782,0.9993318485523385,0.5,0.49473658230225004,0.37715908013344457,0.20184014902181294,0.18831940655166152,0.6964183400017951,0.0
2021-09-20 12:20:00,0.06276150627615062,-0.3227091633466136,0.6080416976917349,0.4683092304945544,0.5159728311368782,0.9993318485523385,0.5,0.49473658230225004,0.37715908013344457,0.20184014902181294,0.18831940655166152,0.6964183400017951,0.0
2021-09-20 12:30:00,0.07322175732217574,-0.3227091633466136,0.6131049888309752,0.47723620782003207,0.5159728311368782,0.9993318485523385,0.5,0.49473658230225004,0.37715908013344457,0.20184014902181294,0.18831940655166152,0.6964183400017951,0.0
2021-09-20 12:40:00,0.06694560669456066,-0.3227091633466136,0.6172747580044673,0.48544902695947156,0.5159728311368782,0.9993318485523385,0.5,0.49473658230225004,0.37715908013344457,0.20184014902181294,0.18831940655166152,0.6964183400017951,0.0
2021-09-20 12:50:00,0.06485355648535565,-0.7515537848605579,0.6235294117647057,0.4954472415640063,0.5159728311368782,0.9993318485523385,0.5,0.49473658230225004,0.37715908013344457,0.20184014902181294,0.18831940655166152,0.6964183400017951,0.0
2021-09-20 13:00:00,0.04672245467224547,-0.7494820717131476,0.6294862248696946,0.5068737725406176,0.5159728311368782,0.9993318485523385,0.5,0.6462993579863803,0.36273408293511317,0.13578140390082782,0.31878579205346425,0.7136807752610095,0.0
2021-09-20 13:10:00,0.100418410041841,-0.747410358565737,0.6360387192851822,0.5186573826102483,0.5159728311368782,0.9993318485523385,0.5,0.6462993579863803,0.36273408293511317,0.13578140390082782,0.31878579205346425,0.7136807752610095,0.0
2021-09-20 13:20:00,0.1087866108786611,-0.7453386454183267,0.6393149664929261,0.5272272808427065,0.5159728311368782,0.9993318485523385,0.5,0.6462993579863803,0.36273408293511317,0.13578140390082782,0.31878579205346425,0.7136807752610095,0.0
2021-09-20 13:30:00,0.08368200836820083,-0.7432669322709164,0.6411020104244229,0.5340117836100697,0.5159728311368782,0.9993318485523385,0.5,0.6462993579863803,0.36273408293511317,0.13578140390082782,0.31878579205346425,0.7136807752610095,0.0
2021-09-20 13:40:00,0.15760111576011157,-0.741195219123506,0.6464631422189129,0.5429387609355474,0.5159728311368782,0.9993318485523385,0.5,0.6462993579863803,0.36273408293511317,0.13578140390082782,0.31878579205346425,0.7136807752610095,0.0
2021-09-20 13:50:00,0.22454672245467225,-0.7391235059760957,0.6518242740134028,0.5486520264238528,0.5004122443103741,0.9993318485523385,0.5,0.6462993579863803,0.36273408293511317,0.13578140390082782,0.31878579205346425,0.7136807752610095,0.0
2021-09-20 14:00:00,0.1806136680613668,-0.7370517928286854,0.6565897244973937,0.5565077664702731,0.35369253118006566,0.35746102449888645,0.5,0.6651826098325575,0.3414069257227579,0.12638929627926093,0.4149117697863447,0.7169193635858526,0.0025272719042805196
2021-09-20 14:10:00,0.20571827057182707,0.6334661354581672,0.6628443782576319,0.5447241564006426,0.3913703524361676,0.3169265033407573,0.5,0.6651826098325575,0.3414069257227579,0.12638929627926093,0.4149117697863447,0.7169193635858526,0.0
2021-09-20 14:20:00,0.18967921896792192,-0.4422310756972112,0.6652271034996275,0.5543652919121587,0.45045870358979734,0.019933184855233856,0.5,0.6651826098325575,0.3414069257227579,0.12638929627926093,0.4149117697863447,0.7169193635858526,0.01713264028245093
2021-09-20 14:30:00,0.1680613668061367,0.2669322709163344,0.6720774385703647,0.5718621674700946,0.40275614767507295,0.6386414253897551,0.5,0.6651826098325575,0.3414069257227579,0.12638929627926093,0.4149117697863447,0.7169193635858526,0.0
2021-09-20 14:40:00,0.14574616457461645,0.7051792828685257,0.6777364110201041,0.5815033029816103,0.4183952572273626,0.2548997772828508,0.5,0.6651826098325575,0.3414069257227579,0.12638929627926093,0.4149117697863447,0.7169193635858526,0.014054649425894352
2021-09-20 14:50:00,0.13668061366806136,0.7450199203187249,0.6801191362620995,0.596857703981432,0.44239703707581374,0.9993318485523385,0.5,0.6651826098325575,0.3414069257227579,0.12638929627926093,0.4149117697863447,0.7169193635858526,0.0
2021-09-20 15:00:00,0.12622036262203626,0.784860557768924,0.6848845867460907,0.6097125513301196,0.44239703707581374,0.9993318485523385,0.5,0.6719655942870157,0.32234409077978354,0.11603999565281185,0.4224250542266972,0.7201851722415522,0.0
2021-09-20 15:10:00,0.2315202231520223,0.6095617529880477,0.6893521965748324,0.6204249241206927,0.4038947271989635,0.5798440979955457,0.5,0.6719655942870157,0.32234409077978354,0.11603999565281185,0.4224250542266972,0.7201851722415522,0.013345504473648477
2021-09-20 15:20:00,0.21548117154811713,0.43426294820717115,0.696500372300819,0.6097125513301196,0.40221957571553835,0.00011135857461024499,0.5,0.6719655942870157,0.32234409077978354,0.11603999565281185,0.4224250542266972,0.7201851722415522,0.07839069360411606
2021-09-20 15:30:00,0.11087866108786612,-0.7768924302788845,0.6994787788533132,0.6189966077486162,0.455693551975501,0.5164810690423163,0.5,0.6719655942870157,0.32234409077978354,0.11603999565281185,0.4224250542266972,0.7201851722415522,0.0
2021-09-20 15:40:00,0.22594142259414227,-0.17529880478087656,0.7042442293373044,0.6379217996786288,0.4119825679548756,0.7701559020044544,0.5,0.6719655942870157,0.32234409077978354,0.11603999565281185,0.4224250542266972,0.7201851722415522,0.0
2021-09-20 15:50:00,0.1603905160390516,0.4262948207171313,0.7069247952345492,0.6457775397250489,0.36028844014605227,0.0012249443207126948,0.5,0.6719655942870157,0.32234409077978354,0.11603999565281185,0.4224250542266972,0.7201851722415522,0.0370415076119921
2021-09-20 16:00:00,0.18410041841004185,0.9920318725099599,0.7140729709605358,0.6539903588644886,0.41406342018819275,0.00033407572383073496,0.5,0.7102043777264064,0.30115773533291146,0.08484968151266929,0.43150667523735287,0.728251411564011,0.048802752085942334
2021-09-20 16:10:00,0.20781032078103207,0.4422310756972112,0.7185405807892775,0.6786288162828067,0.4743557864705344,0.6255011135857461,0.5,0.7102043777264064,0.30115773533291146,0.08484968151266929,0.43150667523735287,0.728251411564011,0.0009807323807655749
2021-09-20 16:20:00,0.28451882845188287,-0.10756972111553798,0.7218168279970214,0.6836279235850742,0.3888445380900656,0.22115812917594654,0.5,0.7102043777264064,0.30115773533291146,0.08484968151266929,0.43150667523735287,0.728251411564011,0.063468473226006
2021-09-20 16:30:00,0.2615062761506276,0.22709163346613526,0.7241995532390171,0.679700053561864,0.413212757325516,0.05278396436525613,0.5,0.7102043777264064,0.30115773533291146,0.08484968151266929,0.43150667523735287,0.728251411564011,0.04608687780074536
2021-09-20 16:40:00,0.14435146443514643,0.49003984063745,0.7304542069992552,0.672915550794501,0.43402127965868786,0.31102449888641426,0.5,0.7102043777264064,0.30115773533291146,0.08484968151266929,0.43150667523735287,0.728251411564011,0.013617091902168173
2021-09-20 16:50:00,0.34658298465829845,0.2589641434262948,0.7256887565152641,0.6957686127477234,0.43310518119118974,0.44443207126948775,0.5,0.7102043777264064,0.30115773533291146,0.08484968151266929,0.43150667523735287,0.728251411564011,0.0806991867465335
2021-09-20 17:00:00,0.38772663877266383,0.2828685258964143,0.7104988830975427,0.6693447598643101,0.42453311695960005,0.00044543429844097997,0.5,0.7153262449124029,0.28083630501685425,0.07886189903896453,0.4227479015800347,0.7300054101018896,0.2651372270923548
2021-09-20 17:10:00,0.2649930264993026,0.14741035856573692,0.6813104988830974,0.6207820032137119,0.4519637225006871,0.00044543429844097997,0.5,0.7153262449124029,0.28083630501685425,0.07886189903896453,0.4227479015800347,0.7300054101018896,0.1275178417852347
2021-09-20 17:20:00,0.4295676429567643,-0.33864541832669326,0.6738644825018612,0.6064988394929476,0.42862938582141313,0.0006681514476614699,0.5,0.7153262449124029,0.28083630501685425,0.07886189903896453,0.4227479015800347,0.7300054101018896,0.3172820133681368
2021-09-20 17:30:00,0.33054393305439334,0.15537848605577675,0.6643335815338791,0.5950723085163365,0.42982031382916075,0.00022271714922048998,0.5,0.7153262449124029,0.28083630501685425,0.07886189903896453,0.4227479015800347,0.7300054101018896,0.19386061529640752
2021-09-20 17:40:00,0.25383542538354253,0.21912350597609564,0.6634400595681309,0.5932869130512408,0.42474251089502824,0.00033407572383073496,0.5,0.7153262449124029,0.28083630501685425,0.07886189903896453,0.4227479015800347,0.7300054101018896,0.1202151575961495
2021-09-20 17:50:00,0.34449093444909346,-0.19521912350597614,0.6634400595681309,0.5993572576325656,0.43399510541675934,0.0012249443207126948,0.5,0.7153262449124029,0.28083630501685425,0.07886189903896453,0.4227479015800347,0.7300054101018896,0.16830876472984596
2021-09-20 18:00:00,0.28521617852161785,-0.45019920318725104,0.6598659717051376,0.6068559185859668,0.3877190456871393,0.00044543429844097997,0.5,0.5475836520498973,0.28005758504857586,0.21907900735483873,0.35881150464733647,0.7300121093154117,0.1303393334037449
2021-09-20 18:10:00,0.2391910739191074,0.3227091633466135,0.6571854058078928,0.5993572576325656,0.3774718299721244,0.00033407572383073496,0.5,0.5475836520498973,0.28005758504857586,0.21907900735483873,0.35881150464733647,0.7300121093154117,0.09968767445720234
2021-09-20 18:20:00,0.2496513249651325,0.8087649402390438,0.6571854058078928,0.5979289412604893,0.4367695750611823,0.00033407572383073496,0.5,0.5475836520498973,0.28005758504857586,0.21907900735483873,0.35881150464733647,0.7300121093154117,0.1015586100758936
2021-09-20 18:30:00,0.3138075313807531,-0.2589641434262948,0.6548026805658969,0.6029280485627568,0.4543063171532894,0.00022271714922048998,0.5,0.5475836520498973,0.28005758504857586,0.21907900735483873,0.35881150464733647,0.7300121093154117,0.1389999547354286
2021-09-20 18:40:00,0.2315202231520223,-0.4820717131474104,0.6512285927029038,0.600428494911623,0.4368611849079321,0.00033407572383073496,0.5,0.5475836520498973,0.28005758504857586,0.21907900735483873,0.35881150464733647,0.7300121093154117,0.0809330536988699
2021-09-20 18:50:00,0.19107391910739194,-0.17131474103585675,0.6485480268056589,0.600428494911623,0.40926044679430973,0.00044543429844097997,0.5,0.5475836520498973,0.28005758504857586,0.21907900735483873,0.35881150464733647,0.7300121093154117,0.06378532522594565
2021-09-20 19:00:00,0.20781032078103207,0.298804780876494,0.6470588235294115,0.5954293876093555,0.4204237609768227,0.00022271714922048998,0.5,0.5312654529032697,0.28225869019876065,0.20818351829807333,0.32325060550328505,0.7030919548533495,0.07278543084327897
2021-09-20 19:10:00,0.2280334728033473,-0.5219123505976095,0.644676098287416,0.5947152294233171,0.4064467157869941,0.000556792873051225,0.5,0.5312654529032697,0.28225869019876065,0.20818351829807333,0.32325060550328505,0.7030919548533495,0.07771172503281681
2021-09-20 19:20:00,0.10181311018131102,0.346613545816733,0.6405063291139239,0.5929298339582219,0.3979139129182971,0.00044543429844097997,0.5,0.5312654529032697,0.28225869019876065,0.20818351829807333,0.32325060550328505,0.7030919548533495,0.006631259713022617
2021-09-20 19:30:00,0.07670850767085077,0.6494023904382469,0.6384214445271779,0.5993572576325656,0.418369082985434,0.18875278396436526,0.5,0.5312654529032697,0.28225869019876065,0.20818351829807333,0.32325060550328505,0.7030919548533495,0.0
2021-09-20 19:40:00,0.1903765690376569,0.30243730958518844,0.6413998510796721,0.576861274772362,0.4246509010482784,0.9996659242761693,0.5,0.5312654529032697,0.28225869019876065,0.20818351829807333,0.32325060550328505,0.7030919548533495,0.0
2021-09-20 19:50:00,0.1617852161785216,-0.044527771267869776,0.6482501861504093,0.5843599357257632,0.4246509010482784,0.9996659242761693,0.5,0.5312654529032697,0.28225869019876065,0.20818351829807333,0.32325060550328505,0.7030919548533495,0.0
2021-09-20 20:00:00,0.15202231520223153,-0.3914928521209281,0.6485480268056589,0.5825745402606679,0.4246509010482784,0.9996659242761693,0.5,0.5142957011536498,0.27230774093624444,0.20281839317121164,0.2941285718044031,0.6683734015107663,0.0
2021-09-20 20:10:00,0.16248256624825663,-0.7384579329739864,0.6485480268056589,0.5718621674700946,0.4246509010482784,0.9996659242761693,0.5,0.5142957011536498,0.27230774093624444,0.20281839317121164,0.2941285718044031,0.6683734015107663,0.0
2021-09-20 20:20:00,0.12761506276150628,-0.7070541363955942,0.6473566641846609,0.5618639528655596,0.4246509010482784,0.9996659242761693,0.5,0.5142957011536498,0.27230774093624444,0.20281839317121164,0.2941285718044031,0.6683734015107663,0.0
2021-09-20 20:30:00,0.14225941422594143,-0.6756503398172018,0.645271779597915,0.5515086591680056,0.4246509010482784,0.9996659242761693,0.5,0.5142957011536498,0.27230774093624444,0.20281839317121164,0.2941285718044031,0.6683734015107663,0.0
2021-09-20 20:40:00,0.13737796373779637,-0.6442465432388095,0.6434847356664184,0.5436529191215853,0.4246509010482784,0.9996659242761693,0.5,0.5142957011536498,0.27230774093624444,0.20281839317121164,0.2941285718044031,0.6683734015107663,0.0
2021-09-20 20:50:00,0.1394700139470014,-0.6128427466604172,0.6393149664929261,0.5379396536332799,0.4246509010482784,0.9996659242761693,0.5,0.5142957011536498,0.27230774093624444,0.20281839317121164,0.2941285718044031,0.6683734015107663,0.0
2021-09-20 21:00:00,0.13389121338912133,-0.581438950082025,0.6363365599404316,0.5318693090519551,0.4246509010482784,0.9996659242761693,0.5,0.5169421353915302,0.275316301108885,0.19329401841873695,0.23028073865421092,0.6595067374668954,0.0
2021-09-20 21:10:00,0.13319386331938632,-0.5500351535036325,0.6303797468354431,0.5275843599357259,0.4246509010482784,0.9996659242761693,0.5,0.5169421353915302,0.275316301108885,0.19329401841873695,0.23028073865421092,0.6595067374668954,0.0
2021-09-20 21:20:00,0.13598326359832635,-0.5186313569252403,0.6232315711094563,0.5243706480985537,0.4246509010482784,0.9996659242761693,0.5,0.5169421353915302,0.275316301108885,0.19329401841873695,0.23028073865421092,0.6595067374668954,0.0
2021-09-20 21:30:00,0.13598326359832635,-0.487227560346848,0.6157855547282203,0.517586145331191,0.4246509010482784,0.9996659242761693,0.5,0.5169421353915302,0.275316301108885,0.19329401841873695,0.23028073865421092,0.6595067374668954,0.0
2021-09-20 21:40:00,0.10111576011157601,-0.4558237637684557,0.6083395383469843,0.5140153544009998,0.4246509010482784,0.9996659242761693,0.5,0.5169421353915302,0.275316301108885,0.19329401841873695,0.23028073865421092,0.6595067374668954,0.0
2021-09-20 21:50:00,0.09344490934449094,-0.42441996719006336,0.6032762472077438,0.5079450098196749,0.4246509010482784,0.9996659242761693,0.5,0.5169421353915302,0.275316301108885,0.19329401841873695,0.23028073865421092,0.6595067374668954,0.0
2021-09-20 22:00:00,0.07740585774058578,-0.39301617061167105,0.5964259121370066,0.5047312979825032,0.4246509010482784,0.9996659242761693,0.5,0.43914538711763584,0.28052309292629385,0.21538922361476814,0.0983565043307788,0.6804528323557445,0.0
2021-09-20 22:10:00,0.04672245467224547,-0.3616123740332787,0.5895755770662694,0.49866095340117833,0.4246509010482784,0.9996659242761693,0.5,0.43914538711763584,0.28052309292629385,0.21538922361476814,0.0983565043307788,0.6804528323557445,0.0
2021-09-20 22:20:00,0.02510460251046025,-0.3302085774548863,0.581831720029784,0.49080521335475824,0.4246509010482784,0.9996659242761693,0.5,0.43914538711763584,0.28052309292629385,0.21538922361476814,0.0983565043307788,0.6804528323557445,0.0
2021-09-20 22:30:00,0.02370990237099024,-0.298804780876494,0.5734921816827996,0.4861631851455097,0.4246509010482784,0.9996659242761693,0.5,0.43914538711763584,0.28052309292629385,0.21538922361476814,0.0983565043307788,0.6804528323557445,0.0
2021-09-20 22:40:00,0.03486750348675035,-0.26877106956788244,0.5654504839910646,0.47937868237814674,0.4246509010482784,0.9996659242761693,0.5,0.43914538711763584,0.28052309292629385,0.21538922361476814,0.0983565043307788,0.6804528323557445,0.0
2021-09-20 22:50:00,0.04114365411436541,-0.23873735825927067,0.5633655994043185,0.4754508123549366,0.4246509010482784,0.9996659242761693,0.5,0.43914538711763584,0.28052309292629385,0.21538922361476814,0.0983565043307788,0.6804528323557445,0.0
2021-09-20 23:00:00,0.05090655509065551,-0.2087036469506589,0.5618763961280713,0.4690233886805928,0.4246509010482784,0.9996659242761693,0.5,0.3544761013440294,0.28009781412442764,0.23754479233362974,0.13325383508522182,0.10517252055771376,0.0
2021-09-20 23:10:00,0.029288702928870293,-0.17866993564204736,0.5565152643335813,0.46652383502945916,0.4246509010482784,0.9996659242761693,0.5,0.3544761013440294,0.28009781412442764,0.23754479233362974,0.13325383508522182,0.10517252055771376,0.0
2021-09-20 23:20:00,0.030683403068340307,-0.1486362243334356,0.5490692479523454,0.46152472772719166,0.4246509010482784,0.9996659242761693,0.5,0.3544761013440294,0.28009781412442764,0.23754479233362974,0.13325383508522182,0.10517252055771376,0.0
2021-09-20 23:30:00,0.04114365411436541,-0.11860251302482383,0.5446016381236036,0.4572397786109621,0.4246509010482784,0.9996659242761693,0.5,0.3544761013440294,0.28009781412442764,0.23754479233362974,0.13325383508522182,0.10517252055771376,0.0
2021-09-20 23:40:00,0.09205020920502092,-0.08856880171621206,0.5392405063291137,0.452954829494733,0.4246509010482784,0.9996659242761693,0.5,0.3544761013440294,0.28009781412442764,0.23754479233362974,0.13325383508522182,0.10517252055771376,0.0
2021-09-20 23:50:00,0.10808926080892609,-0.05853509040760041,0.5380491437081161,0.4461703267273702,0.4246509010482784,0.9996659242761693,0.5,0.3544761013440294,0.28009781412442764,0.23754479233362974,0.13325383508522182,0.10517252055771376,0.0
2021-09-21 00:00:00,0.08228730822873082,-0.028501379098988644,0.5401340282948621,0.4433136939832174,0.4246509010482784,0.9996659242761693,0.5,0.3173121545662214,0.2619861094748088,0.2628755330790203,0.3402702211228101,0.11428936517309292,0.0
2021-09-21 00:10:00,0.04951185495118549,0.0015323322096230108,0.5380491437081161,0.44117121942510273,0.4246509010482784,0.9996659242761693,0.5,0.3173121545662214,0.2619861094748088,0.2628755330790203,0.3402702211228101,0.11428936517309292,0.0
2021-09-21 00:20:00,0.0397489539748954,0.031566043518234776,0.5356664184661204,0.43760042849491154,0.4246509010482784,0.9996659242761693,0.5,0.3173121545662214,0.2619861094748088,0.2628755330790203,0.3402702211228101,0.11428936517309292,0.0
2021-09-21 00:30:00,0.41283124128312415,0.06159975482684654,0.5317944899478777,0.4308159257275488,0.46081061627252623,0.9996659242761693,0.5,0.3173121545662214,0.2619861094748088,0.2628755330790203,0.3402702211228101,0.11428936517309292,0.0
2021-09-21 00:40:00,0.4428172942817294,0.09163346613545809,0.5309009679821295,0.44081414033208355,0.5782937011686798,0.15478841870824053,0.5,0.3173121545662214,0.2619861094748088,0.2628755330790203,0.3402702211228101,0.11428936517309292,0.2572234711891003
2021-09-21 00:50:00,0.4581589958158996,0.10756972111553775,0.5431124348473564,0.45831101589001966,0.579864155684391,0.00033407572383073496,0.5,0.3173121545662214,0.2619861094748088,0.2628755330790203,0.3402702211228101,0.11428936517309292,0.3661602064064457
2021-09-21 01:00:00,0.5125523012552301,0.19521912350597592,0.5377513030528664,0.44367077307623637,0.5941814660192903,0.00033407572383073496,0.5,0.28498507282480334,0.266319355645145,0.31499829371596705,0.45609135202062906,0.10316971941505529,0.4657498076255715
2021-09-21 01:10:00,0.4476987447698745,-0.17928286852589637,0.5246463142218911,0.4272451347973576,0.6052139089921609,0.00022271714922048998,0.5,0.28498507282480334,0.266319355645145,0.31499829371596705,0.45609135202062906,0.10316971941505529,0.34035185660183775
2021-09-21 01:20:00,0.49023709902370993,0.05179282868525892,0.5127326880119134,0.4226031065881093,0.607451806677049,0.00033407572383073496,0.5,0.28498507282480334,0.266319355645145,0.31499829371596705,0.45609135202062906,0.10316971941505529,0.4485115500098073
2021-09-21 01:30:00,0.4177126917712692,0.33864541832669315,0.5070737155621738,0.41867523656489913,0.6117705565952547,0.00033407572383073496,0.5,0.28498507282480334,0.266319355645145,0.31499829371596705,0.45609135202062906,0.10316971941505529,0.33534257736469664
2021-09-21 01:40:00,0.6401673640167364,-0.10756972111553798,0.5037974683544302,0.42117479021603277,0.6057373938307312,0.00623608017817372,0.5,0.28498507282480334,0.266319355645145,0.31499829371596705,0.45609135202062906,0.10316971941505529,0.7474161473814446
2021-09-21 01:50:00,0.599721059972106,-0.2828685258964144,0.5008190618019359,0.42117479021603277,0.5922053107536873,0.03964365256124722,0.5,0.28498507282480334,0.266319355645145,0.31499829371596705,0.45609135202062906,0.10316971941505529,0.5571012568462664
2021-09-21 02:00:00,0.7071129707112971,-0.003984063745020028,0.4927773641102009,0.4158186038207463,0.588606352488516,0.005233853006681514,0.5,0.2916947805416743,0.257825273629554,0.31888540023234885,0.5447230310158175,0.10359744956848163,0.9645653846734161
2021-09-21 02:10:00,0.7852161785216178,0.20318725099601576,0.4802680565897244,0.40903410105338334,0.590019761552656,0.029955456570155903,0.5,0.2916947805416743,0.257825273629554,0.31888540023234885,0.5447230310158175,0.10359744956848163,0.8667976824539433
2021-09-21 02:20:00,0.6541143654114366,-0.2749003984063746,0.4686522710349963,0.40760578468130704,0.5920613524230804,0.025835189309576838,0.5,0.2916947805416743,0.257825273629554,0.31888540023234885,0.5447230310158175,0.10359744956848163,0.7690299802344704
2021-09-21 02:30:00,0.8221757322175731,0.05179282868525892,0.45465376023827253,0.4129619710765935,0.5922707463585086,0.07783964365256126,0.5,0.2916947805416743,0.257825273629554,0.31888540023234885,0.5447230310158175,0.10359744956848163,0.8836096986888363
2021-09-21 02:40:00,0.8152022315202231,-0.21115537848605592,0.45256887565152626,0.40760578468130704,0.5985787386632815,0.07171492204899778,0.5,0.2916947805416743,0.257825273629554,0.31888540023234885,0.5447230310158175,0.10359744956848163,0.9015721894473195
2021-09-21 02:50:00,0.8744769874476986,-0.003984063745020028,0.4507818317200294,0.40760578468130704,0.5986180000261742,0.0900890868596882,0.5,0.2916947805416743,0.257825273629554,0.31888540023234885,0.5447230310158175,0.10359744956848163,0.9350453400123724
2021-09-21 03:00:00,0.7970711297071129,0.07569721115537842,0.4498883097542814,0.4065345474022497,0.5986180000261742,0.06503340757238307,0.5,0.2905873579116698,0.25984822144382025,0.3245760572144745,0.6234658259640339,0.11498921777436222,0.9082562578269989
2021-09-21 03:10:00,0.8598326359832636,0.01195219123505975,0.4460163812360385,0.40760578468130704,0.5986180000261742,0.08474387527839644,0.5,0.2905873579116698,0.25984822144382025,0.3245760572144745,0.6234658259640339,0.11498921777436222,0.9378517434404092
2021-09-21 03:20:00,0.8570432357043235,-0.003984063745020028,0.4460163812360385,0.40760578468130704,0.5986180000261742,0.0834075723830735,0.5,0.2905873579116698,0.25984822144382025,0.3245760572144745,0.6234658259640339,0.11498921777436222,0.9263243659187954
2021-09-21 03:30:00,0.8702928870292888,0.027888446215139417,0.4460163812360385,0.4115336547045172,0.5986180000261742,0.0844097995545657,0.5,0.2905873579116698,0.25984822144382025,0.3245760572144745,0.6234658259640339,0.11498921777436222,0.9363504684883143
2021-09-21 03:40:00,0.8417015341701535,-0.09960159362549814,0.4418466120625464,0.41546152472772735,0.5986180000261742,0.07984409799554566,0.5,0.2905873579116698,0.25984822144382025,0.3245760572144745,0.6234658259640339,0.11498921777436222,0.9017306154472894
2021-09-21 03:50:00,0.8019525801952581,-0.059760956175298974,0.43678332092330585,0.41867523656489913,0.5986180000261742,0.07360801781737195,0.5,0.2905873579116698,0.25984822144382025,0.3245760572144745,0.6234658259640339,0.11498921777436222,0.858804713550704
2021-09-21 04:00:00,0.7140864714086471,0.03585657370517925,0.43559195830230824,0.41867523656489913,0.5986180000261742,0.043318485523385304,0.5,0.2370237303896341,0.2609631415460035,0.3983259521172696,0.6808451217280413,0.13039841782788333,0.8433393183155545
2021-09-21 04:10:00,0.7629009762900976,-0.06772908366533881,0.42844378257632143,0.42188894840207114,0.5986180000261742,0.04532293986636971,0.5,0.2370237303896341,0.2609631415460035,0.3983259521172696,0.6808451217280413,0.13039841782788333,0.9344946210600963
2021-09-21 04:20:00,0.7301255230125524,-0.059760956175298974,0.4275502606105732,0.4254597393322621,0.5986180000261742,0.030734966592427616,0.5,0.2370237303896341,0.2609631415460035,0.3983259521172696,0.6808451217280413,0.13039841782788333,0.9118170707787016
2021-09-21 04:30:00,0.7831241283124128,-0.12350597609561753,0.4266567386448248,0.4254597393322621,0.5986180000261742,0.016815144766146994,0.5,0.2370237303896341,0.2609631415460035,0.3983259521172696,0.6808451217280413,0.13039841782788333,0.9142726737782337
2021-09-21 04:40:00,0.6924686192468619,-0.19521912350597614,0.426061057334326,0.42938760935547227,0.5986180000261742,0.0006681514476614699,0.5,0.2370237303896341,0.2609631415460035,0.3983259521172696,0.6808451217280413,0.13039841782788333,0.9167282767777661
2021-09-21 04:50:00,0.7238493723849373,-0.11553784860557781,0.4239761727475799,0.43902874486698806,0.5986180000261742,0.001893095768374165,0.5,0.2370237303896341,0.2609631415460035,0.3983259521172696,0.6808451217280413,0.13039841782788333,0.9425630309157023
2021-09-21 05:00:00,0.7238493723849373,-0.2589641434262948,0.42457185405807873,0.4415282985181217,0.5986180000261742,0.0016703786191536749,0.5,0.24097300300878222,0.25818733531221977,0.39968958438826835,0.6953424325042453,0.1435135189071572,0.9683977850536386
2021-09-21 05:10:00,0.6513249651324965,-0.31474103585657376,0.41861504095308977,0.44724156400642756,0.5986180000261742,0.00033407572383073496,0.5,0.24097300300878222,0.25818733531221977,0.39968958438826835,0.6953424325042453,0.1435135189071572,0.8006623715617786
2021-09-21 05:20:00,0.6429567642956765,-0.3466135458167332,0.41355174981384923,0.4543831458668095,0.5986180000261742,0.00022271714922048998,0.5,0.24097300300878222,0.25818733531221977,0.39968958438826835,0.6953424325042453,0.1435135189071572,0.7580834980460793
2021-09-21 05:30:00,0.6359832635983264,-0.043824701195219196,0.4075949367088605,0.45045527584359935,0.5986180000261742,0.00044543429844097997,0.5,0.24097300300878222,0.25818733531221977,0.39968958438826835,0.6953424325042453,0.1435135189071572,0.7621723976643481
2021-09-21 05:40:00,0.606694560669456,-0.05179282868525903,0.4043186895011168,0.4433136939832174,0.5986180000261742,0.000556792873051225,0.5,0.24097300300878222,0.25818733531221977,0.39968958438826835,0.6953424325042453,0.1435135189071572,0.6931288380584516
2021-09-21 05:50:00,0.6234309623430963,-0.059760956175298974,0.3983618763961281,0.4429566148901982,0.5986180000261742,0.00044543429844097997,0.5,0.24097300300878222,0.25818733531221977,0.39968958438826835,0.6953424325042453,0.1435135189071572,0.7419089578586839
2021-09-21 06:00:00,0.6499302649930265,-0.059760956175298974,0.39806403574087845,0.4358150330298163,0.5986180000261742,0.00033407572383073496,0.5,0.2432529868525457,0.29013209504406384,0.3890828510909249,0.6916762571572467,0.14788177763824484,0.8144831540353367
2021-09-21 06:10:00,0.6659693165969317,-0.2509960159362551,0.3959791511541324,0.42760221389037656,0.5986180000261742,0.0023385300668151447,0.5,0.2432529868525457,0.29013209504406384,0.3890828510909249,0.6916762571572467,0.14788177763824484,0.8253466511761245
2021-09-21 06:20:00,0.6415620641562064,-0.45019920318725104,0.3924050632911391,0.42795929298339574,0.5986180000261742,0.032405345211581296,0.5,0.2432529868525457,0.29013209504406384,0.3890828510909249,0.6916762571572467,0.14788177763824484,0.654819922446701
2021-09-21 06:30:00,0.6659693165969317,0.05976095617529875,0.38972449739389403,0.42938760935547227,0.5907526403266545,0.013363028953229399,0.5,0.2432529868525457,0.29013209504406384,0.3890828510909249,0.6916762571572467,0.14788177763824484,0.8253089306999412
2021-09-21 06:40:00,0.7287308228730822,0.14741035856573692,0.39746835443037964,0.4165327620067847,0.5945217311643611,0.0064587973273942095,0.5,0.2432529868525457,0.29013209504406384,0.3890828510909249,0.6916762571572467,0.14788177763824484,0.990750939239857
2021-09-21 06:50:00,0.6959553695955369,-0.19521912350597614,0.39806403574087845,0.41367612926263164,0.5986310871471384,0.00044543429844097997,0.5,0.2432529868525457,0.29013209504406384,0.3890828510909249,0.6916762571572467,0.14788177763824484,0.9217149237291972
2021-09-21 07:00:00,0.6555090655509066,-0.33864541832669326,0.3959791511541324,0.41867523656489913,0.5986310871471384,0.00044543429844097997,0.5,0.22682072013989618,0.2871695109581122,0.41921883260751275,0.678329009840112,0.14753358970418673,0.8009943117521916
2021-09-21 07:10:00,0.6408647140864714,-0.26693227091633476,0.3953834698436334,0.4236743438671666,0.5986310871471384,0.00022271714922048998,0.5,0.22682072013989618,0.2871695109581122,0.41921883260751275,0.678329009840112,0.14753358970418673,0.7679436305203917
2021-09-21 07:20:00,0.612970711297071,-0.13147410358565736,0.3921072226358895,0.4254597393322621,0.5986310871471384,0.00033407572383073496,0.5,0.22682072013989618,0.2871695109581122,0.41921883260751275,0.678329009840112,0.14753358970418673,0.7046863919610121
2021-09-21 07:30:00,0.5732217573221757,-0.019920318725099695,0.3879374534623974,0.42831637207641493,0.5986310871471384,0.00033407572383073496,0.5,0.22682072013989618,0.2871695109581122,0.41921883260751275,0.678329009840112,0.14753358970418673,0.6053683781704061
2021-09-21 07:40:00,0.5892608089260809,0.08366533864541825,0.3894266567386446,0.4258168184252813,0.5986310871471384,0.00011135857461024499,0.5,0.22682072013989618,0.2871695109581122,0.41921883260751275,0.678329009840112,0.14753358970418673,0.6450729514009386
2021-09-21 07:50:00,0.5836820083682008,0.09960159362549792,0.3894266567386446,0.42331726477414744,0.5986310871471384,0.00011135857461024499,0.5,0.22682072013989618,0.2871695109581122,0.41921883260751275,0.678329009840112,0.14753358970418673,0.6338473376887911
2021-09-21 08:00:00,0.5767085076708507,0.12350597609561742,0.3894266567386446,0.4172469201928226,0.5986310871471384,0.00011135857461024499,0.5,0.22748844899128584,0.29250561051932994,0.4227766028449227,0.6865054106295333,0.14197725439532494,0.623270516166996
2021-09-21 08:10:00,0.5362622036262203,0.19521912350597592,0.3894266567386446,0.414747366541689,0.5986310871471384,0.00011135857461024499,0.5,0.22748844899128584,0.29250561051932994,0.4227766028449227,0.6865054106295333,0.14197725439532494,0.5331789308508231
2021-09-21 08:20:00,0.5013947001394701,0.05179282868525892,0.3891288160833952,0.4093911801464025,0.6084726021122614,0.00033407572383073496,0.5,0.22748844899128584,0.29250561051932994,0.4227766028449227,0.6865054106295333,0.14197725439532494,0.445803219819847
2021-09-21 08:30:00,0.47698744769874474,0.20318725099601576,0.38644825018615014,0.40260667737903955,0.6098598369344728,0.00033407572383073496,0.5,0.22748844899128584,0.29250561051932994,0.4227766028449227,0.6865054106295333,0.14197725439532494,0.4099536792552469
2021-09-21 08:40:00,0.34449093444909346,0.3705179282868525,0.38644825018615014,0.39617925370469576,0.6161416549973171,0.00033407572383073496,0.5,0.22748844899128584,0.29250561051932994,0.4227766028449227,0.6865054106295333,0.14197725439532494,0.20162348929492885
2021-09-21 08:50:00,0.21269177126917713,0.5139442231075697,0.38644825018615014,0.3922513836814856,0.6307992304772873,0.00033407572383073496,0.5,0.22748844899128584,0.29250561051932994,0.4227766028449227,0.6865054106295333,0.14197725439532494,0.07116345036739744
2021-09-21 09:00:00,0.33333333333333337,-0.13147410358565736,0.3801935964259122,0.41189073379753616,0.6977398542094724,0.00022271714922048998,0.5,0.2218454397821643,0.30286172404578016,0.4349317365913404,0.6738727309156776,0.13883553943782723,0.20329073434223036
2021-09-21 09:10:00,0.45536959553695955,-0.2749003984063746,0.3807892777364108,0.4033208355650777,0.6660166729921084,0.00022271714922048998,0.5,0.2218454397821643,0.30286172404578016,0.4349317365913404,0.6738727309156776,0.13883553943782723,0.3545573879324653
2021-09-21 09:20:00,0.4428172942817294,-0.09960159362549814,0.3879374534623974,0.3822531690769506,0.6656109722422164,0.00022271714922048998,0.5,0.2218454397821643,0.30286172404578016,0.4349317365913404,0.6738727309156776,0.13883553943782723,0.3497367110762406
2021-09-21 09:30:00,0.4281729428172943,-0.21912350597609564,0.38972449739389403,0.372969112658454,0.6747457826752693,0.00022271714922048998,0.5,0.2218454397821643,0.30286172404578016,0.4349317365913404,0.6738727309156776,0.13883553943782723,0.3164144424159211
2021-09-21 09:40:00,0.40097629009762903,0.17131474103585642,0.3950856291883842,0.37011247991430096,0.6758712750781956,0.00033407572383073496,0.5,0.2218454397821643,0.30286172404578016,0.4349317365913404,0.6738727309156776,0.13883553943782723,0.2752840351856602
2021-09-21 09:50:00,0.37935843793584384,-0.09960159362549814,0.39806403574087845,0.37653990358864475,0.6801507636335083,0.0010022271714922048,0.5,0.2218454397821643,0.30286172404578016,0.4349317365913404,0.6738727309156776,0.13883553943782723,0.24522835976281365
2021-09-21 10:00:00,0.37447698744769875,-0.08366533864541836,0.40610573343261325,0.37653990358864475,0.6808705552865425,0.007683741648106904,0.5,0.4257748673130717,0.30201403994747267,0.3054015080989206,0.7266506337012485,0.15298039569236307,0.23835568900221796
2021-09-21 10:10:00,0.46164574616457466,-0.09960159362549814,0.4156366344005955,0.3743974290305303,0.6788682257790108,0.03830734966592428,0.5,0.4257748673130717,0.30201403994747267,0.3054015080989206,0.7266506337012485,0.15298039569236307,0.3084705101317199
2021-09-21 10:20:00,0.49581589958159,0.03585657370517925,0.4159344750558449,0.3790394572397786,0.686406407454424,0.051224944320712694,0.5,0.4257748673130717,0.30201403994747267,0.3054015080989206,0.7266506337012485,0.15298039569236307,0.34143820631591654
2021-09-21 10:30:00,0.46164574616457466,0.05179282868525892,0.41414743112434826,0.36082842349580435,0.6852285665676409,0.03329621380846325,0.5,0.4257748673130717,0.30201403994747267,0.3054015080989206,0.7266506337012485,0.15298039569236307,0.3337432291745251
2021-09-21 10:40:00,0.4916317991631799,-0.06772908366533881,0.41831720029784036,0.359757186216747,0.6881077331797777,0.031180400890868595,0.5,0.4257748673130717,0.30201403994747267,0.3054015080989206,0.7266506337012485,0.15298039569236307,0.3925268192585663
2021-09-21 10:50:00,0.4421199442119944,0.019920318725099362,0.4275502606105732,0.37225495447241563,0.6781876954888695,0.025389755011135856,0.5,0.4257748673130717,0.30201403994747267,0.3054015080989206,0.7266506337012485,0.15298039569236307,0.3144529776543899
2021-09-21 11:00:00,0.5237099023709902,-0.14741035856573714,0.4400595681310495,0.38975183003035174,0.6820353090523615,0.042316258351893093,0.5,0.456733938736378,0.3014537063909646,0.28489934192346844,0.716045898255865,0.18756030151836,0.40784887668421926
2021-09-21 11:10:00,0.5251046025104603,0.05179282868525892,0.4475055845122857,0.3886805927512944,0.6792608394079386,0.04398663697104677,0.5,0.456733938736378,0.3014537063909646,0.28489934192346844,0.716045898255865,0.18756030151836,0.38621995564072004
2021-09-21 11:20:00,0.5711297071129707,-0.20318725099601598,0.4582278481012656,0.39582217461167657,0.6778212561018703,0.056904231625835196,0.5,0.456733938736378,0.3014537063909646,0.28489934192346844,0.716045898255865,0.18756030151836,0.4190065935392368
2021-09-21 11:30:00,0.5920502092050209,0.14741035856573692,0.4656738644825016,0.3922513836814856,0.6795618431901166,0.03363028953229399,0.5,0.456733938736378,0.3014537063909646,0.28489934192346844,0.716045898255865,0.18756030151836,0.5594927350362872
2021-09-21 11:40:00,0.5725244072524408,-0.019920318725099695,0.4737155621742366,0.3986788073558294,0.6767873735456936,0.008017817371937639,0.5,0.456733938736378,0.3014537063909646,0.28489934192346844,0.716045898255865,0.18756030151836,0.5836489279840669
2021-09-21 11:50:00,0.5794979079497908,-0.019920318725099695,0.4841399851079671,0.4172469201928226,0.6708196463859916,0.013140311804008908,0.5,0.456733938736378,0.3014537063909646,0.28489934192346844,0.716045898255865,0.18756030151836,0.5990841468382697
2021-09-21 12:00:00,0.6562064156206415,-0.08366533864541836,0.4918838421444527,0.4315300839135867,0.6582429231393386,0.028841870824053453,0.5,0.4676534734074149,0.29911179947529654,0.26690150106073673,0.694490571148298,0.23601378921607408,0.6484149855907781
2021-09-21 12:10:00,0.6331938633193863,0.06772908366533859,0.5014147431124347,0.44188537761114066,0.6667757260080355,0.0232739420935412,0.5,0.4676534734074149,0.29911179947529654,0.26690150106073673,0.694490571148298,0.23601378921607408,0.6793910406324969
2021-09-21 12:20:00,0.5892608089260809,-0.03585657370517936,0.5055845122859268,0.4515265131226567,0.6736988129981285,0.028507795100222718,0.5,0.4676534734074149,0.29911179947529654,0.26690150106073673,0.694490571148298,0.23601378921607408,0.5946708511248247
2021-09-21 12:30:00,0.6429567642956765,0.05179282868525892,0.5121370067014146,0.4565256204249242,0.6665532449516431,0.07060133630289532,0.5,0.4676534734074149,0.29911179947529654,0.26690150106073673,0.694490571148298,0.23601378921607408,0.4633507853403142
2021-09-21 12:40:00,0.6548117154811716,0.05179282868525892,0.5160089352196573,0.4668809141224781,0.6591328473649082,0.08151447661469934,0.5,0.4676534734074149,0.29911179947529654,0.26690150106073673,0.694490571148298,0.23601378921607408,0.43023220725138434
2021-09-21 12:50:00,0.6429567642956765,-0.01195219123505975,0.5219657483246463,0.47116586323870724,0.6791430553192603,0.08730512249443208,0.5,0.4676534734074149,0.29911179947529654,0.26690150106073673,0.694490571148298,0.23601378921607408,0.42279372934803927
2021-09-21 13:00:00,0.5850767085076709,0.019920318725099362,0.5249441548771405,0.4750937332619174,0.6761591917394092,0.05489977728285078,0.5,0.5962860000740438,0.2939423632283272,0.18892451097620627,0.6657321136553659,0.26163233058907537,0.39866016868596954
2021-09-21 13:10:00,0.5509065550906556,0.25099601593625476,0.5261355174981384,0.4790216032851278,0.6764340212796587,0.028841870824053453,0.5,0.5962860000740438,0.2939423632283272,0.18892451097620627,0.6657321136553659,0.26163233058907537,0.5170345670443744
2021-09-21 13:20:00,0.6401673640167364,-0.11553784860557781,0.5288160833953832,0.47759328691305103,0.6916805172030205,0.024832962138084634,0.5,0.5962860000740438,0.2939423632283272,0.18892451097620627,0.6657321136553659,0.26163233058907537,0.7024910602471446
2021-09-21 13:30:00,0.5237099023709902,0.003984063745019917,0.535368577810871,0.48580610605249075,0.6815379984557197,0.019487750556792874,0.5,0.5962860000740438,0.2939423632283272,0.18892451097620627,0.6657321136553659,0.26163233058907537,0.47159648143398164
2021-09-21 13:40:00,0.5690376569037657,-0.10756972111553798,0.5410275502606106,0.5018746652383501,0.6783840023033333,0.004231625835189309,0.5,0.5962860000740438,0.2939423632283272,0.18892451097620627,0.6657321136553659,0.26163233058907537,0.5516393318949259
2021-09-21 13:50:00,0.5062761506276151,0.21912350597609564,0.5475800446760981,0.5125870380289235,0.6741568622318775,0.001893095768374165,0.5,0.5962860000740438,0.2939423632283272,0.18892451097620627,0.6657321136553659,0.26163233058907537,0.4729091540051602
2021-09-21 14:00:00,0.4951185495118549,-0.0916334661354582,0.5490692479523454,0.5186573826102483,0.6901493240502022,0.0012249443207126948,0.5,0.5946655735747473,0.27399161511118936,0.18340492624680793,0.6154950132119941,0.2687587551998317,0.4479985515337146
2021-09-21 14:10:00,0.44142259414225943,-0.02788844621513953,0.5550260610573343,0.5243706480985537,0.6870084150187801,0.0013363028953229399,0.5,0.5946655735747473,0.27399161511118936,0.18340492624680793,0.6154950132119941,0.2687587551998317,0.38139173468925874
2021-09-21 14:20:00,0.5041841004184101,-0.08366533864541836,0.5615785554728219,0.5325834672379934,0.686197013518996,0.0010022271714922048,0.5,0.5946655735747473,0.27399161511118936,0.18340492624680793,0.6154950132119941,0.2687587551998317,0.45078232267604146
2021-09-21 14:30:00,0.5313807531380753,0.2111553784860556,0.5660461653015634,0.5357971790751652,0.6786980932064756,0.00155902004454343,0.5,0.5946655735747473,0.27399161511118936,0.18340492624680793,0.6154950132119941,0.2687587551998317,0.5357288350408136
2021-09-21 14:40:00,0.45397489539748953,-0.05179282868525903,0.5728965003723006,0.5386538118193178,0.6819306120846476,0.00111358574610245,0.5,0.5946655735747473,0.27399161511118936,0.18340492624680793,0.6154950132119941,0.2687587551998317,0.3932510524012855
2021-09-21 14:50:00,0.5341701534170153,-0.043824701195219196,0.5761727475800447,0.5397250490983752,0.6909345513080578,0.0032293986636971047,0.5,0.5946655735747473,0.27399161511118936,0.18340492624680793,0.6154950132119941,0.2687587551998317,0.5397121173257691
2021-09-21 15:00:00,0.4665271966527197,-0.01195219123505975,0.5752792256142962,0.5400821281913943,0.6836057635680727,0.00044543429844097997,0.5,0.5946167112986591,0.2534144428129308,0.18073117726496682,0.5791587198896635,0.2679583724370757,0.3880456266879913
2021-09-21 15:10:00,0.4344490934449094,-0.019920318725099695,0.5785554728220401,0.549009105516872,0.6920731308319483,0.000556792873051225,0.5,0.5946167112986591,0.2534144428129308,0.18073117726496682,0.5791587198896635,0.2679583724370757,0.31356277441646424
2021-09-21 15:20:00,0.4260808926080893,0.03585657370517925,0.5815338793745346,0.5536511337261203,0.6863278847286386,0.000556792873051225,0.5,0.5946167112986591,0.2534144428129308,0.18073117726496682,0.5791587198896635,0.2679583724370757,0.3194698009867677
2021-09-21 15:30:00,0.4330543933054393,0.1394422310756971,0.5857036485480267,0.555793608284235,0.6843909908259282,0.00044543429844097997,0.5,0.5946167112986591,0.2534144428129308,0.18073117726496682,0.5791587198896635,0.2679583724370757,0.3250222550809481
2021-09-21 15:40:00,0.4755927475592748,0.25099601593625476,0.5857036485480267,0.549009105516872,0.6982764261690071,0.0006681514476614699,0.5,0.5946167112986591,0.2534144428129308,0.18073117726496682,0.5791587198896635,0.2679583724370757,0.3924061137347798
2021-09-21 15:50:00,0.3772663877266388,-0.10756972111553798,0.5868950111690245,0.5475807891447955,0.6979361610239363,0.00044543429844097997,0.5,0.5946167112986591,0.2534144428129308,0.18073117726496682,0.5791587198896635,0.2679583724370757,0.22516861052853934
2021-09-21 16:00:00,0.4191073919107392,-0.08366533864541836,0.5904690990320176,0.5550794500981968,0.694638206540943,0.00044543429844097997,0.5,0.6202097042147965,0.2357079024272502,0.1674988843527477,0.556749207937776,0.27208540779719775,0.29274107156328744
2021-09-21 16:10:00,0.3668061366806137,-0.03585657370517936,0.5949367088607593,0.5575790037493304,0.6798235856094018,0.00033407572383073496,0.5,0.6202097042147965,0.2357079024272502,0.1674988843527477,0.556749207937776,0.27208540779719775,0.23020052205139038
2021-09-21 16:20:00,0.39539748953974896,0.20318725099601576,0.5949367088607593,0.5575790037493304,0.6930546649042678,0.00044543429844097997,0.5,0.6202097042147965,0.2357079024272502,0.1674988843527477,0.556749207937776,0.27208540779719775,0.2866529867073042
2021-09-21 16:30:00,0.4281729428172943,0.08366533864541825,0.596723752792256,0.5511515800749867,0.6920731308319483,0.00033407572383073496,0.5,0.6202097042147965,0.2357079024272502,0.1674988843527477,0.556749207937776,0.27208540779719775,0.3010622086093215
2021-09-21 16:40:00,0.40446304044630405,-0.05179282868525903,0.598808637379002,0.5500803427959293,0.6902016725340592,0.00044543429844097997,0.5,0.6202097042147965,0.2357079024272502,0.1674988843527477,0.556749207937776,0.27208540779719775,0.2888256861354618
2021-09-21 16:50:00,0.4093444909344491,-0.059760956175298974,0.5985107967237526,0.5507945009819675,0.6872832445590294,0.00033407572383073496,0.5,0.6202097042147965,0.2357079024272502,0.1674988843527477,0.556749207937776,0.27208540779719775,0.2836278045174042
2021-09-21 17:00:00,0.398186889818689,0.25099601593625476,0.6020848845867459,0.5550794500981968,0.6864849301802096,0.00033407572383073496,0.5,0.6093064124983365,0.23241773872364738,0.17298778006423646,0.546132186030528,0.286621933102085,0.27462015480483426
2021-09-21 17:10:00,0.4595536959553696,-0.06772908366533881,0.5994043186895008,0.5543652919121587,0.690240933896952,0.00111358574610245,0.5,0.6093064124983365,0.23241773872364738,0.17298778006423646,0.546132186030528,0.286621933102085,0.3853523846885043
2021-09-21 17:20:00,0.40376569037656906,0.15537848605577675,0.5979151154132538,0.5497232637029101,0.691353339178914,0.00022271714922048998,0.5,0.6093064124983365,0.23241773872364738,0.17298778006423646,0.546132186030528,0.286621933102085,0.28414834708873365
2021-09-21 17:30:00,0.504881450488145,-0.08366533864541836,0.5994043186895008,0.5504374218889485,0.7030401381999974,0.00044543429844097997,0.5,0.6093064124983365,0.23241773872364738,0.17298778006423646,0.546132186030528,0.286621933102085,0.44342682982029963
2021-09-21 17:40:00,0.45536959553695955,0.17928286852589648,0.5979151154132538,0.5475807891447955,0.6953318239520488,0.00033407572383073496,0.5,0.6093064124983365,0.23241773872364738,0.17298778006423646,0.546132186030528,0.286621933102085,0.38478657754575496
2021-09-21 17:50:00,0.5181311018131102,0.10756972111553775,0.5949367088607593,0.5468666309587575,0.6960254413631546,0.00044543429844097997,0.5,0.6093064124983365,0.23241773872364738,0.17298778006423646,0.546132186030528,0.286621933102085,0.48058904295607824
2021-09-21 18:00:00,0.49790794979079495,0.12350597609561742,0.5877885331347725,0.5468666309587575,0.6930415777833036,0.00033407572383073496,0.5,0.46087048895295646,0.22943504009976778,0.31602662944418514,0.5218545713449487,0.32037521060907803,0.44022058934471986
2021-09-21 18:10:00,0.49790794979079495,-0.01195219123505975,0.5842144452717795,0.5468666309587575,0.7048068995301723,0.000556792873051225,0.5,0.46087048895295646,0.22943504009976778,0.31602662944418514,0.5218545713449487,0.32037521060907803,0.43218612791767885
2021-09-21 18:20:00,0.4916317991631799,0.11553784860557759,0.5800446760982871,0.5468666309587575,0.705343471489707,0.00033407572383073496,0.5,0.46087048895295646,0.22943504009976778,0.31602662944418514,0.5218545713449487,0.32037521060907803,0.42843671258505966
2021-09-21 18:30:00,0.4923291492329149,0.14741035856573692,0.5794489947877883,0.5465095518657381,0.7086021646098075,0.00033407572383073496,0.5,0.46087048895295646,0.22943504009976778,0.31602662944418514,0.5218545713449487,0.32037521060907803,0.449952472200009
2021-09-21 18:40:00,0.46164574616457466,-0.03585657370517936,0.5755770662695456,0.5443670773076237,0.719490649252071,0.000556792873051225,0.5,0.46087048895295646,0.22943504009976778,0.31602662944418514,0.5218545713449487,0.32037521060907803,0.38024503221328665
2021-09-21 18:50:00,0.40097629009762903,0.003984063745019917,0.5702159344750557,0.5468666309587575,0.7090078653596995,0.00022271714922048998,0.5,0.46087048895295646,0.22943504009976778,0.31602662944418514,0.5218545713449487,0.32037521060907803,0.2716326930911176
2021-09-21 19:00:00,0.40376569037656906,0.043824701195219085,0.5654504839910646,0.5429387609355474,0.7161926947690778,0.00033407572383073496,0.5,0.45480406227288617,0.24734847287554432,0.31564517256041646,0.5016967908510369,0.32491276168084515,0.27531421156660685
2021-09-21 19:10:00,0.4177126917712692,0.043824701195219085,0.5588979895755768,0.5297268344938404,0.7195429977359281,0.00033407572383073496,0.5,0.45480406227288617,0.24734847287554432,0.31564517256041646,0.5016967908510369,0.32491276168084515,0.30403458213256485
2021-09-21 19:20:00,0.36959553695955366,0.15537848605577675,0.552941176470588,0.5186573826102483,0.7162450432529347,0.00022271714922048998,0.5,0.45480406227288617,0.24734847287554432,0.31564517256041646,0.5016967908510369,0.32491276168084515,0.22541756567134905
2021-09-21 19:30:00,0.3647140864714087,0.05976095617529875,0.5463886820551005,0.5040171397964648,0.7187708575990368,0.00022271714922048998,0.5,0.45480406227288617,0.24734847287554432,0.31564517256041646,0.5016967908510369,0.32491276168084515,0.22307889614798496
2021-09-21 19:40:00,0.3186889818688982,-0.12350597609561753,0.5416232315711094,0.5033029816104269,0.7162450432529347,0.00022271714922048998,0.5,0.45480406227288617,0.24734847287554432,0.31564517256041646,0.5016967908510369,0.32491276168084515,0.16277139882613878
2021-09-21 19:50:00,0.31241283124128316,-0.1394422310756973,0.5365599404318686,0.49080521335475824,0.7065736608603473,0.00022271714922048998,0.5,0.45480406227288617,0.24734847287554432,0.31564517256041646,0.5016967908510369,0.32491276168084515,0.14835463282888484
2021-09-21 20:00:00,0.28033472803347276,-0.3705179282868527,0.5317944899478777,0.47937868237814674,0.7023072594259988,0.00033407572383073496,0.5,0.4525566643975447,0.24774501662322887,0.3211387603944782,0.38888847398599097,0.31890849270879884,0.1306637294989212
2021-09-21 20:10:00,0.20711297071129708,-0.059760956175298974,0.5282204020848844,0.4704517050526693,0.7023072594259988,0.00044543429844097997,0.5,0.4525566643975447,0.24774501662322887,0.3211387603944782,0.38888847398599097,0.31890849270879884,0.08184588922250555
2021-09-21 20:20:00,0.30404463040446306,-0.36254980079681276,0.5261355174981384,0.46973754686663094,0.6964442292340107,0.00022271714922048998,0.5,0.4525566643975447,0.24774501662322887,0.3211387603944782,0.38888847398599097,0.31890849270879884,0.153273382923186
2021-09-21 20:30:00,0.35704323570432356,-0.29083665338645437,0.5258376768428887,0.46616675593643975,0.68842182408292,0.00022271714922048998,0.5,0.4525566643975447,0.24774501662322887,0.3211387603944782,0.38888847398599097,0.31890849270879884,0.2023477224376481
2021-09-21 20:40:00,0.2377963737796374,-0.2509960159362551,0.5204765450483988,0.45866809498303884,0.6775464265616208,0.00044543429844097997,0.5,0.4525566643975447,0.24774501662322887,0.3211387603944782,0.38888847398599097,0.31890849270879884,0.09426346998204506
2021-09-21 20:50:00,0.22594142259414227,-0.043824701195219196,0.5157110945644079,0.4511694340296377,0.6745494758608055,0.00044543429844097997,0.5,0.4525566643975447,0.24774501662322887,0.3211387603944782,0.38888847398599097,0.31890849270879884,0.09320729664891289
2021-09-21 21:00:00,0.23640167364016737,-0.10756972111553798,0.5145197319434103,0.4465274058203892,0.6745494758608055,0.00033407572383073496,0.5,0.45334653226261,0.25786837621082226,0.32694431097257937,0.3682893482317074,0.30016435086140514,0.10321831102795842
2021-09-21 21:10:00,0.2545327754532775,-0.1394422310756973,0.5130305286671628,0.4433136939832174,0.6745494758608055,0.00033407572383073496,0.5,0.45334653226261,0.25786837621082226,0.32694431097257937,0.3682893482317074,0.30016435086140514,0.11566606816844456
2021-09-21 21:20:00,0.3089260808926081,-0.42629482071713154,0.5112434847356664,0.4429566148901982,0.658766407977909,0.00022271714922048998,0.5,0.45334653226261,0.25786837621082226,0.32694431097257937,0.3682893482317074,0.30016435086140514,0.14936554159059706
2021-09-21 21:30:00,0.2873082287308229,-0.3227091633466136,0.5112434847356664,0.4368862703088734,0.6468963892633259,0.00022271714922048998,0.5,0.45334653226261,0.25786837621082226,0.32694431097257937,0.3682893482317074,0.30016435086140514,0.13021862787995836
2021-09-21 21:40:00,0.28172942817294283,-0.02788844621513953,0.5112434847356664,0.42831637207641493,0.6468963892633259,0.00022271714922048998,0.5,0.45334653226261,0.25786837621082226,0.32694431097257937,0.3682893482317074,0.30016435086140514,0.12579024397603997
2021-09-21 21:50:00,0.31659693165969316,-0.06772908366533881,0.5097542814594189,0.4254597393322621,0.6468963892633259,0.00022271714922048998,0.5,0.45334653226261,0.25786837621082226,0.32694431097257937,0.3682893482317074,0.30016435086140514,0.16481584863527318
2021-09-21 22:00:00,0.299163179916318,0.05179282868525892,0.5064780342516753,0.42188894840207114,0.6468963892633259,0.00022271714922048998,0.5,0.3598667277250558,0.2664141813239393,0.357599849953529,0.36382490545512897,0.2689930781780231,0.14233444483003152
2021-09-21 22:10:00,0.3075313807531381,-0.09960159362549814,0.504988830975428,0.4176039992858418,0.6468963892633259,0.00022271714922048998,0.5,0.3598667277250558,0.2664141813239393,0.357599849953529,0.36382490545512897,0.2689930781780231,0.14206285740151184
2021-09-21 22:20:00,0.2831241283124128,-0.043824701195219196,0.5023082650781829,0.414747366541689,0.6468963892633259,0.00022271714922048998,0.5,0.3598667277250558,0.2664141813239393,0.357599849953529,0.36382490545512897,0.2689930781780231,0.1246058210238846
2021-09-21 22:30:00,0.2880055788005579,-0.1633466135458168,0.4993298585256887,0.41331905016961246,0.6468963892633259,0.00022271714922048998,0.5,0.3598667277250558,0.2664141813239393,0.357599849953529,0.36382490545512897,0.2689930781780231,0.1371516514024473
2021-09-21 22:40:00,0.32984658298465835,-0.09960159362549814,0.49635145197319397,0.40867702196036415,0.6468963892633259,0.00022271714922048998,0.5,0.3598667277250558,0.2664141813239393,0.357599849953529,0.36382490545512897,0.2689930781780231,0.16671696063491107
2021-09-21 22:50:00,0.33054393305439334,-0.4103585657370519,0.4933730454206997,0.40760578468130704,0.6468963892633259,0.00022271714922048998,0.5,0.3598667277250558,0.2664141813239393,0.357599849953529,0.36382490545512897,0.2689930781780231,0.1778973097756386
2021-09-21 23:00:00,0.34797768479776847,-0.4342629482071714,0.489501116902457,0.40546331012319237,0.6425514651031919,0.00022271714922048998,0.5,0.3130616034898004,0.2707560480105291,0.34088866518877486,0.3752962749412918,0.23818040223202253,0.1912729906302337
2021-09-21 23:10:00,0.35704323570432356,-0.298804780876494,0.4847356664184659,0.404749151937154,0.6331287380089253,0.00022271714922048998,0.5,0.3130616034898004,0.2707560480105291,0.34088866518877486,0.3752962749412918,0.23818040223202253,0.20634609291307693
2021-09-21 23:20:00,0.40027894002789405,-0.09960159362549814,0.47937453462397617,0.39903588644884835,0.6331287380089253,0.00022271714922048998,0.5,0.3130616034898004,0.2707560480105291,0.34088866518877486,0.3752962749412918,0.23818040223202253,0.26936192042488344
2021-09-21 23:30:00,0.39191073919107394,-0.2509960159362551,0.47580044676098265,0.3968934118907337,0.6294905183808613,0.00022271714922048998,0.5,0.3130616034898004,0.2707560480105291,0.34088866518877486,0.3752962749412918,0.23818040223202253,0.2672193973776725
2021-09-21 23:40:00,0.3849372384937238,-0.1394422310756973,0.4689501116902457,0.39475093733261923,0.6218738139796627,0.00022271714922048998,0.5,0.3130616034898004,0.2707560480105291,0.34088866518877486,0.3752962749412918,0.23818040223202253,0.2561069450940749
2021-09-21 23:50:00,0.42189679218967924,-0.05179282868525903,0.46329113924050613,0.3904659882163899,0.6218738139796627,0.00022271714922048998,0.5,0.3130616034898004,0.2707560480105291,0.34088866518877486,0.3752962749412918,0.23818040223202253,0.3104395189884877
2021-09-22 00:00:00,0.4372384937238493,-0.03585657370517936,0.4577810871183916,0.3836814854490269,0.6269581343000353,0.000278396425389755,0.5,0.3068485899814657,0.26346021775424133,0.34609831620011117,0.4054759207680968,0.21417326860024846,0.34081581845889225
2021-09-22 00:10:00,0.45258019525801957,-0.019920318725099695,0.45227103499627686,0.37689698268166416,0.632042506968892,0.00033407572383073496,0.5,0.3068485899814657,0.26346021775424133,0.34609831620011117,0.4054759207680968,0.21417326860024846,0.37119211792929674
2021-09-22 00:20:00,0.44979079497907953,-0.33864541832669326,0.4460163812360385,0.3790394572397786,0.6330894766460327,0.00033407572383073496,0.5,0.3068485899814657,0.26346021775424133,0.34609831620011117,0.4054759207680968,0.21417326860024846,0.37339499373840096
2021-09-22 00:30:00,0.44142259414225943,0.019920318725099362,0.442144452717796,0.3747545081235495,0.6330894766460327,0.00033407572383073496,0.5,0.3068485899814657,0.26346021775424133,0.34609831620011117,0.4054759207680968,0.21417326860024846,0.36266729031187295
2021-09-22 00:40:00,0.4790794979079498,0.07569721115537842,0.43708116157855526,0.3683270844492055,0.6330894766460327,0.00155902004454343,0.5,0.3068485899814657,0.26346021775424133,0.34609831620011117,0.4054759207680968,0.21417326860024846,0.43595817553600796
2021-09-22 00:50:00,0.50697350069735,-0.20318725099601598,0.43320923306031256,0.3654704517050529,0.6259308214785829,0.000779510022271715,0.5,0.3068485899814657,0.26346021775424133,0.34609831620011117,0.4054759207680968,0.21417326860024846,0.4742520029572853
2021-09-22 01:00:00,0.496513249651325,0.3545816733067728,0.4221891288160833,0.3618996607748617,0.6089699127089032,0.00155902004454343,0.5,0.26359380206208805,0.26014706600729404,0.36917189235966463,0.4660022504418767,0.19578163948509014,0.4769905095281923
2021-09-22 01:10:00,0.5432357043235705,-0.1872509960159363,0.4174236783320924,0.35797179075165153,0.6172671474002434,0.0014476614699331849,0.5,0.26359380206208805,0.26014706600729404,0.36917189235966463,0.4660022504418767,0.19578163948509014,0.5418848167539266
2021-09-22 01:20:00,0.5920502092050209,-0.10756972111553798,0.4192107222635888,0.35797179075165153,0.6256559919383335,0.008017817371937639,0.5,0.26359380206208805,0.26014706600729404,0.36917189235966463,0.4660022504418767,0.19578163948509014,0.6536204113040723
2021-09-22 01:30:00,0.5606694560669455,0.01195219123505975,0.41861504095308977,0.363327977146938,0.6183926398031697,0.02906458797327394,0.5,0.26359380206208805,0.26014706600729404,0.36917189235966463,0.4660022504418767,0.19578163948509014,0.5208367910436501
2021-09-22 01:40:00,0.5564853556485356,-0.19521912350597614,0.4162323157110943,0.3615425816818427,0.6172671474002434,0.0027839643652561247,0.5,0.26359380206208805,0.26014706600729404,0.36917189235966463,0.4660022504418767,0.19578163948509014,0.5758332453188889
2021-09-22 01:50:00,0.50697350069735,0.043824701195219085,0.41355174981384923,0.36511337261203347,0.6172671474002434,0.0008908685968819599,0.5,0.26359380206208805,0.26014706600729404,0.36917189235966463,0.4660022504418767,0.19578163948509014,0.49005688247808443
2021-09-22 02:00:00,0.5013947001394701,0.09960159362549792,0.4078927773641099,0.3647562935190145,0.6172671474002434,0.00033407572383073496,0.5,0.2615662343995091,0.2563195567905234,0.35779095883778406,0.5128465244525082,0.18835909429813147,0.47174736333871486
2021-09-22 02:10:00,0.5306834030683404,0.3545816733067728,0.40521221146686504,0.3583288698446707,0.6172671474002434,0.00033407572383073496,0.5,0.2615662343995091,0.2563195567905234,0.35779095883778406,0.5128465244525082,0.18835909429813147,0.5289768698040044
2021-09-22 02:20:00,0.5285913528591353,0.40239043824701204,0.4025316455696202,0.35440099982146056,0.6181963329887058,0.00033407572383073496,0.5,0.2615662343995091,0.2563195567905234,0.35779095883778406,0.5128465244525082,0.18835909429813147,0.5289240611373478
2021-09-22 02:30:00,0.5390516039051604,-0.4342629482071714,0.39806403574087845,0.3540439207284414,0.6281687191634713,0.00033407572383073496,0.5,0.2615662343995091,0.2563195567905234,0.35779095883778406,0.5128465244525082,0.18835909429813147,0.5118442295215535
2021-09-22 02:40:00,0.49442119944211993,0.06772908366533859,0.39389426656738635,0.3551151580074987,0.6172540602792791,0.00033407572383073496,0.5,0.2615662343995091,0.2563195567905234,0.35779095883778406,0.5128465244525082,0.18835909429813147,0.45653092324637506
2021-09-22 02:50:00,0.49581589958159,0.2350597609561753,0.3894266567386446,0.3536868416354222,0.6172540602792791,0.00033407572383073496,0.5,0.2615662343995091,0.2563195567905234,0.35779095883778406,0.5128465244525082,0.18835909429813147,0.4501033541047422
2021-09-22 03:00:00,0.48535564853556484,0.11553784860557759,0.3894266567386446,0.3472594179610784,0.6172540602792791,0.00044543429844097997,0.5,0.25613498395549605,0.2542362653624774,0.35379491898923565,0.5387329242958684,0.18914633288662747,0.43467567934577606
2021-09-22 03:10:00,0.49442119944211993,0.15537848605577675,0.3894266567386446,0.3461881806820213,0.6172540602792791,0.00033407572383073496,0.5,0.25613498395549605,0.2542362653624774,0.35379491898923565,0.5387329242958684,0.18914633288662747,0.45588213105602243
2021-09-22 03:20:00,0.4602510460251046,0.15537848605577675,0.388235294117647,0.34333154793786824,0.6207744958186648,0.00033407572383073496,0.5,0.25613498395549605,0.2542362653624774,0.35379491898923565,0.5387329242958684,0.18914633288662747,0.38321740573653007
2021-09-22 03:30:00,0.4818688981868898,0.043824701195219085,0.38525688756515253,0.3440457061239066,0.6210754996008429,0.00044543429844097997,0.5,0.25613498395549605,0.2542362653624774,0.35379491898923565,0.5387329242958684,0.18914633288662747,0.40772062706519613
2021-09-22 03:40:00,0.5348675034867504,-0.298804780876494,0.38644825018615014,0.3379753615425818,0.6283257646150423,0.000556792873051225,0.5,0.25613498395549605,0.2542362653624774,0.35379491898923565,0.5387329242958684,0.18914633288662747,0.5293088099944174
2021-09-22 03:50:00,0.5258019525801952,-0.1633466135458168,0.38644825018615014,0.3361899660774863,0.628508984308542,0.0013363028953229399,0.5,0.25613498395549605,0.2542362653624774,0.35379491898923565,0.5387329242958684,0.18914633288662747,0.5394405298972494
2021-09-22 04:00:00,0.50278940027894,0.08366533864541825,0.38644825018615014,0.3361899660774863,0.628508984308542,0.0024498886414253897,0.5,0.20056820323238123,0.26038844046240456,0.37634830361380944,0.5337670148671597,0.19173802599173748,0.49442491362010954
2021-09-22 04:10:00,0.5055788005578801,0.12350597609561742,0.38555472822040193,0.3361899660774863,0.628508984308542,0.0014476614699331849,0.5,0.20056820323238123,0.26038844046240456,0.37634830361380944,0.5337670148671597,0.19173802599173748,0.4884424460974396
2021-09-22 04:20:00,0.5383542538354253,-0.2749003984063746,0.3831720029784065,0.3361899660774863,0.628508984308542,0.00044543429844097997,0.5,0.20056820323238123,0.26038844046240456,0.37634830361380944,0.5337670148671597,0.19173802599173748,0.5667954192253722
2021-09-22 04:30:00,0.499302649930265,-0.2270916334661356,0.3810871183916602,0.33726120335654364,0.628508984308542,0.00044543429844097997,0.5,0.20056820323238123,0.26038844046240456,0.37634830361380944,0.5337670148671597,0.19173802599173748,0.47931409086108306
2021-09-22 04:40:00,0.48884239888423986,-0.11553784860557781,0.3798957557706626,0.34226031065881113,0.628508984308542,0.00044543429844097997,0.5,0.20056820323238123,0.26038844046240456,0.37634830361380944,0.5337670148671597,0.19173802599173748,0.46816391810130215
2021-09-22 04:50:00,0.5439330543933054,-0.15537848605577698,0.3772151898734175,0.3361899660774863,0.628508984308542,0.00044543429844097997,0.5,0.20056820323238123,0.26038844046240456,0.37634830361380944,0.5337670148671597,0.19173802599173748,0.5693453234153628
2021-09-22 05:00:00,0.48326359832635984,-0.03585657370517936,0.3760238272524199,0.3361899660774863,0.628508984308542,0.0006681514476614699,0.5,0.20099975885716304,0.25423913886789806,0.3648786002054136,0.5237512701631718,0.19355238052823462,0.44769678772424826
2021-09-22 05:10:00,0.5474198047419805,0.2589641434262948,0.37483246463142206,0.3333333333333335,0.628508984308542,0.000556792873051225,0.5,0.20099975885716304,0.25423913886789806,0.3648786002054136,0.5237512701631718,0.19355238052823462,0.5844938666505726
2021-09-22 05:20:00,0.6283124128312413,0.2828685258964143,0.3772151898734175,0.3279771469380468,0.6324220334768554,0.00022271714922048998,0.5,0.20099975885716304,0.25423913886789806,0.3648786002054136,0.5237512701631718,0.19355238052823462,0.744624832143881
2021-09-22 05:30:00,0.6269177126917713,-0.09960159362549814,0.3778108711839163,0.3294054633101231,0.6396984727329834,0.00033407572383073496,0.5,0.20099975885716304,0.25423913886789806,0.3648786002054136,0.5237512701631718,0.19355238052823462,0.7584833350936222
2021-09-22 05:40:00,0.599023709902371,-0.059760956175298974,0.37900223380491416,0.33511872879842897,0.6396984727329834,0.00011135857461024499,0.5,0.20099975885716304,0.25423913886789806,0.3648786002054136,0.5237512701631718,0.19355238052823462,0.6855771987265568
2021-09-22 05:50:00,0.6073919107391912,-0.1394422310756973,0.3772151898734175,0.3404749151937154,0.6396984727329834,0.00022271714922048998,0.5,0.20099975885716304,0.25423913886789806,0.3648786002054136,0.5237512701631718,0.19355238052823462,0.6893794227258325
2021-09-22 06:00:00,0.5885634588563459,-0.19521912350597614,0.3772151898734175,0.3440457061239066,0.6396984727329834,0.00022271714922048998,0.5,0.1835333796051859,0.2788995623651244,0.37675930818837533,0.5585648378056385,0.1696728070465554,0.6540127042563785
2021-09-22 06:10:00,0.48326359832635984,0.12350597609561742,0.37542814594192087,0.3472594179610784,0.6396984727329834,0.00022271714922048998,0.5,0.1835333796051859,0.2788995623651244,0.37675930818837533,0.5585648378056385,0.1696728070465554,0.45480332543718033
2021-09-22 06:20:00,0.44142259414225943,-0.13147410358565736,0.3524944154877139,0.3440457061239066,0.6396984727329834,0.00033407572383073496,0.5,0.1835333796051859,0.2788995623651244,0.37675930818837533,0.5585648378056385,0.1696728070465554,0.3258068409855606
2021-09-22 06:30:00,0.4344490934449094,0.07569721115537842,0.3545793000744599,0.33654704517050527,0.6396984727329834,0.00033407572383073496,0.5,0.1835333796051859,0.2788995623651244,0.37675930818837533,0.5585648378056385,0.1696728070465554,0.316195663654058
2021-09-22 06:40:00,0.39539748953974896,0.1394422310756971,0.3465376023827249,0.32547759328691295,0.6454437188362933,0.00022271714922048998,0.5,0.1835333796051859,0.2788995623651244,0.37675930818837533,0.5585648378056385,0.1696728070465554,0.24107156328741494
2021-09-22 06:50:00,0.3633193863319386,-0.2509960159362551,0.33283693224125077,0.3108373504731299,0.6469094763842903,0.00022271714922048998,0.5,0.1835333796051859,0.2788995623651244,0.37675930818837533,0.5585648378056385,0.1696728070465554,0.20737208986526245
2021-09-22 07:00:00,0.29707112970711297,0.43426294820717115,0.3185405807892776,0.29369755400821274,0.643716218869011,0.00022271714922048998,0.5,0.19721334937394563,0.28177019427770245,0.3725771052063919,0.569881934896468,0.17471433381895218,0.14143669749686918
2021-09-22 07:10:00,0.301255230125523,0.07569721115537842,0.30543559195830206,0.26941617568291365,0.6535446467131696,0.00022271714922048998,0.5,0.19721334937394563,0.28177019427770245,0.3725771052063919,0.569881934896468,0.17471433381895218,0.14017683359234728
2021-09-22 07:20:00,0.3138075313807531,-0.019920318725099695,0.2917349218168279,0.24906266738082472,0.6642891730248263,0.00022271714922048998,0.5,0.19721334937394563,0.28177019427770245,0.3725771052063919,0.569881934896468,0.17471433381895218,0.15866741101739668
2021-09-22 07:30:00,0.3451882845188285,-0.2749003984063746,0.27833209233060296,0.22978039635779313,0.6674300820562484,0.00022271714922048998,0.5,0.19721334937394563,0.28177019427770245,0.3725771052063919,0.569881934896468,0.17471433381895218,0.19890007091449521
2021-09-22 07:40:00,0.3396094839609484,-0.003984063745020028,0.2762472077438567,0.22156757721835385,0.656449987567235,0.00022271714922048998,0.5,0.19721334937394563,0.28177019427770245,0.3725771052063919,0.569881934896468,0.17471433381895218,0.21290945576896966
2021-09-22 07:50:00,0.3403068340306834,0.07569721115537842,0.2762472077438567,0.21049812533476153,0.6535446467131696,0.00022271714922048998,0.5,0.19721334937394563,0.28177019427770245,0.3725771052063919,0.569881934896468,0.17471433381895218,0.2023628106281214
2021-09-22 08:00:00,0.35704323570432356,-0.23505976095617542,0.2789277736411018,0.20442778075343693,0.6535446467131696,0.00022271714922048998,0.5,0.20371133167879774,0.29184757777860687,0.3725749493662908,0.5793443910208731,0.18389001891963322,0.21328666053080256
2021-09-22 08:10:00,0.3807531380753138,0.07569721115537842,0.2798212956068502,0.2029994643813604,0.646948737747183,0.00022271714922048998,0.5,0.20371133167879774,0.29184757777860687,0.3725749493662908,0.5793443910208731,0.18389001891963322,0.232350589193838
2021-09-22 08:20:00,0.3898186889818689,0.05976095617529875,0.286373790022338,0.2029994643813604,0.6434937378126186,0.00022271714922048998,0.5,0.20371133167879774,0.29184757777860687,0.3725749493662908,0.5793443910208731,0.18389001891963322,0.24902303966685274
2021-09-22 08:30:00,0.4260808926080893,-0.06772908366533881,0.29322412509307516,0.2029994643813604,0.6422766355629425,0.00033407572383073496,0.5,0.20371133167879774,0.29184757777860687,0.3725749493662908,0.5793443910208731,0.18389001891963322,0.31345715708315103
2021-09-22 08:40:00,0.4895397489539749,-0.40239043824701204,0.303350707371556,0.21192644170683805,0.6422766355629425,0.00033407572383073496,0.5,0.20371133167879774,0.29184757777860687,0.3725749493662908,0.5793443910208731,0.18389001891963322,0.40537441344659536
2021-09-22 08:50:00,0.5104602510460251,-0.298804780876494,0.31288160833953826,0.22192465631137304,0.6363874311290258,0.00033407572383073496,0.5,0.20371133167879774,0.29184757777860687,0.3725749493662908,0.5793443910208731,0.18389001891963322,0.4704045143865896
2021-09-22 09:00:00,0.5251046025104603,0.25099601593625476,0.3256887565152642,0.23156579182288883,0.6315844577351428,0.000556792873051225,0.5,0.21349089110449748,0.31242187657144893,0.37500800514155186,0.57136896745533,0.20215801004649783,0.5230622991384644
2021-09-22 09:10:00,0.4874476987447699,-0.13147410358565736,0.3390915860014889,0.24084984824138544,0.6422766355629425,0.00044543429844097997,0.5,0.21349089110449748,0.31242187657144893,0.37500800514155186,0.57136896745533,0.20215801004649783,0.45693830438915467
2021-09-22 09:20:00,0.4881450488145049,-0.08366533864541836,0.3501116902457184,0.2594179610783791,0.6422766355629425,0.00033407572383073496,0.5,0.21349089110449748,0.31242187657144893,0.37500800514155186,0.57136896745533,0.20215801004649783,0.47482535419527133
2021-09-22 09:30:00,0.5829846582984658,0.2350597609561753,0.3635145197319434,0.2733440457061238,0.6422766355629425,0.0036748329621380848,0.5,0.21349089110449748,0.31242187657144893,0.37500800514155186,0.57136896745533,0.20215801004649783,0.6877498981547143
2021-09-22 09:40:00,0.6673640167364017,0.24302788844621515,0.3801935964259122,0.2829851812176398,0.6422766355629425,0.03285077951002228,0.5,0.21349089110449748,0.31242187657144893,0.37500800514155186,0.57136896745533,0.20215801004649783,0.7815230019463766
2021-09-22 09:50:00,0.696652719665272,0.07569721115537842,0.3918093819806401,0.2926263167291556,0.6489641543756789,0.06347438752783965,0.5,0.21349089110449748,0.31242187657144893,0.37500800514155186,0.57136896745533,0.20215801004649783,0.695814535962702
2021-09-22 10:00:00,0.799163179916318,0.06772908366533859,0.39865971705137726,0.30655240135690076,0.6522228474957794,0.10645879732739422,0.5,0.4253351401813672,0.30753691736085836,0.2522963184464966,0.7154305083469604,0.2430713988519774,0.6120750788357953
2021-09-22 10:10:00,0.7831241283124128,-0.10756972111553798,0.40580789277736407,0.3133369041242635,0.6522228474957794,0.07984409799554566,0.5,0.4253351401813672,0.30753691736085836,0.2522963184464966,0.7154305083469604,0.2430713988519774,0.7691582298534937
2021-09-22 10:20:00,0.7656903765690377,0.05179282868525892,0.41384959046909886,0.3236921978218177,0.6554422792529871,0.07271714922048998,0.5,0.4253351401813672,0.30753691736085836,0.2522963184464966,0.7154305083469604,0.2430713988519774,0.7736771429002519
2021-09-22 10:30:00,0.7824267782426779,0.11553784860557759,0.4198064035740878,0.33690412426352423,0.6545523550274175,0.07449888641425391,0.5,0.4253351401813672,0.30753691736085836,0.2522963184464966,0.7154305083469604,0.2430713988519774,0.7843746699458335
2021-09-22 10:40:00,0.7615062761506276,-0.08366533864541836,0.4257632166790766,0.3490448134261739,0.66113517687244,0.06971046770601336,0.5,0.4253351401813672,0.30753691736085836,0.2522963184464966,0.7154305083469604,0.2430713988519774,0.740143639573306
2021-09-22 10:50:00,0.808228730822873,-0.17131474103585675,0.4302308265078181,0.3604713444027854,0.6610566541466543,0.07483296213808463,0.5,0.4253351401813672,0.30753691736085836,0.2522963184464966,0.7154305083469604,0.2430713988519774,0.81133726632165
2021-09-22 11:00:00,0.8417015341701535,0.08366533864541825,0.434102755026061,0.3726120335654348,0.6623653662430802,0.08028953229398664,0.5,0.43886038496802926,0.3093989488717176,0.2532228224334692,0.7064141348677816,0.2780845041839145,0.8557418108846205
2021-09-22 11:10:00,0.8389121338912133,-0.1633466135458168,0.4382725241995531,0.3747545081235495,0.6637526010652918,0.08730512249443208,0.5,0.43886038496802926,0.3093989488717176,0.2532228224334692,0.7064141348677816,0.2780845041839145,0.8298504760324095
2021-09-22 11:20:00,0.7852161785216178,-0.02788844621513953,0.44393149664929243,0.38011069451883595,0.6671814267579275,0.0900890868596882,0.5,0.43886038496802926,0.3093989488717176,0.2532228224334692,0.7064141348677816,0.2780845041839145,0.6669960921586674
2021-09-22 11:30:00,0.7259414225941423,0.027888446215139417,0.4513775130305284,0.3904659882163899,0.6680059153786759,0.07973273942093542,0.5,0.43886038496802926,0.3093989488717176,0.2532228224334692,0.7064141348677816,0.2780845041839145,0.6664680054921013
2021-09-22 11:40:00,0.7831241283124128,-0.02788844621513953,0.4549516008935217,0.4015354400999822,0.6757011425056603,0.09053452115812918,0.5,0.43886038496802926,0.3093989488717176,0.2532228224334692,0.7064141348677816,0.2780845041839145,0.6390376752116119
2021-09-22 11:50:00,0.7970711297071129,-0.01195219123505975,0.45644080416976895,0.4122478128905551,0.6704532069989922,0.08730512249443208,0.5,0.43886038496802926,0.3093989488717176,0.2532228224334692,0.7064141348677816,0.2780845041839145,0.6996167599619778
2021-09-22 12:00:00,0.7852161785216178,-0.05179282868525903,0.46329113924050613,0.4165327620067847,0.6666186805564643,0.0809576837416481,0.5,0.4464413754413863,0.3046318033832658,0.25041553817948436,0.6159226706848288,0.29924832253967787,0.7454773149056234
2021-09-22 12:10:00,0.6792189679218968,0.01195219123505975,0.47163067758749055,0.4251026602392429,0.6598002905340854,0.04710467706013364,0.5,0.4464413754413863,0.3046318033832658,0.25041553817948436,0.6159226706848288,0.29924832253967787,0.6703984791104003
2021-09-22 12:20:00,0.6757322175732218,-0.2270916334661356,0.4772896500372299,0.44259953579717903,0.6627448927510436,0.04610244988864142,0.5,0.4464413754413863,0.3046318033832658,0.25041553817948436,0.6159226706848288,0.29924832253967787,0.676320593871177
2021-09-22 12:30:00,0.6673640167364017,0.003984063745019917,0.48294862248696924,0.4447420103552937,0.6581251390506603,0.03452115812917595,0.5,0.4464413754413863,0.3046318033832658,0.25041553817948436,0.6159226706848288,0.29924832253967787,0.7363565037645036
2021-09-22 12:40:00,0.7238493723849373,-0.09960159362549814,0.48711839166046156,0.4540260667737903,0.667102904032142,0.026057906458797325,0.5,0.4464413754413863,0.3046318033832658,0.25041553817948436,0.6159226706848288,0.29924832253967787,0.8729348039289647
2021-09-22 12:50:00,0.7154811715481172,-0.03585657370517936,0.4972449739389424,0.4618818068202106,0.6778212561018703,0.009354120267260579,0.5,0.4464413754413863,0.3046318033832658,0.25041553817948436,0.6159226706848288,0.29924832253967787,0.9398886491543069
2021-09-22 13:00:00,0.690376569037657,0.05976095617529875,0.49813849590469084,0.47295125870380295,0.6812893431573989,0.004788418708240535,0.5,0.576230187014108,0.292117687287899,0.18597418039080818,0.5218825074502922,0.3172697793300434,0.8915988955444573
2021-09-22 13:10:00,0.6792189679218968,-0.08366533864541836,0.504393149664929,0.4790216032851278,0.68771511955085,0.010579064587973273,0.5,0.576230187014108,0.292117687287899,0.18597418039080818,0.5218825074502922,0.3172697793300434,0.848514567647902
2021-09-22 13:20:00,0.6004184100418409,-0.13147410358565736,0.5118391660461652,0.49009105516871987,0.6857651385271754,0.0200445434298441,0.5,0.576230187014108,0.292117687287899,0.18597418039080818,0.5218825074502922,0.3172697793300434,0.64671756416253
2021-09-22 13:30:00,0.6624825662482566,0.1633466135458166,0.5172002978406551,0.5140153544009998,0.6863540589705671,0.022828507795100223,0.5,0.576230187014108,0.292117687287899,0.18597418039080818,0.5218825074502922,0.3172697793300434,0.7830393650889449
2021-09-22 13:40:00,0.6401673640167364,-0.17928286852589637,0.5204765450483988,0.5165149080521336,0.6776380364083705,0.017706013363028954,0.5,0.576230187014108,0.292117687287899,0.18597418039080818,0.5218825074502922,0.3172697793300434,0.7052446550085248
2021-09-22 13:50:00,0.6283124128312413,0.09163346613545809,0.5264333581533878,0.5268702017496876,0.6843255552211068,0.02160356347438753,0.5,0.576230187014108,0.292117687287899,0.18597418039080818,0.5218825074502922,0.3172697793300434,0.6663925645397348
2021-09-22 14:00:00,0.6785216178521618,-0.13147410358565736,0.5317944899478777,0.5307980717728977,0.673973642538378,0.01737193763919822,0.5,0.5874754479570063,0.2784110664440662,0.1739139036088383,0.42540524901413723,0.33471756598037794,0.7545075969039033
2021-09-22 14:10:00,0.6220362622036262,-0.059760956175298974,0.5377513030528664,0.5365113372612034,0.6714609153132403,0.005456570155902005,0.5,0.5874754479570063,0.2784110664440662,0.1739139036088383,0.42540524901413723,0.33471756598037794,0.706942076436773
2021-09-22 14:20:00,0.5278940027894004,0.09163346613545809,0.5419210722263585,0.5443670773076237,0.6716179607648114,0.0023385300668151447,0.5,0.5874754479570063,0.2784110664440662,0.1739139036088383,0.42540524901413723,0.33471756598037794,0.5053110430466073
2021-09-22 14:30:00,0.5704323570432357,0.03585657370517925,0.5484735666418465,0.5565077664702731,0.6777427333760846,0.0036748329621380848,0.5,0.5874754479570063,0.2784110664440662,0.1739139036088383,0.42540524901413723,0.33471756598037794,0.6023507400757427
2021-09-22 14:40:00,0.5104602510460251,-0.2828685258964144,0.5535368577810869,0.5629351901446169,0.6788551386580466,0.0006681514476614699,0.5,0.5874754479570063,0.2784110664440662,0.1739139036088383,0.42540524901413723,0.33471756598037794,0.4756778369570137
2021-09-22 14:50:00,0.5578800557880056,0.298804780876494,0.5594936708860758,0.5679342974468844,0.6768789833924436,0.0012249443207126948,0.5,0.5874754479570063,0.2784110664440662,0.1739139036088383,0.42540524901413723,0.33471756598037794,0.5534574588469605
2021-09-22 15:00:00,0.5732217573221757,0.003984063745019917,0.5651526433358152,0.5672201392608462,0.6822970514716468,0.000779510022271715,0.5,0.5932080102113817,0.26363550158473914,0.16459382640947243,0.3378886545810686,0.3443915240167828,0.5899859679828598
2021-09-22 15:10:00,0.5237099023709902,-0.02788844621513953,0.5669396872673118,0.5686484556329228,0.6892201384617398,0.00044543429844097997,0.5,0.5932080102113817,0.26363550158473914,0.16459382640947243,0.3378886545810686,0.3443915240167828,0.47780527181375143
2021-09-22 15:20:00,0.5041841004184101,0.03585657370517925,0.5725986597170512,0.5711480092840564,0.688618130897384,0.00044543429844097997,0.5,0.5932080102113817,0.26363550158473914,0.16459382640947243,0.3378886545810686,0.3443915240167828,0.457194803627201
2021-09-22 15:30:00,0.4707112970711297,0.1872509960159361,0.5785554728220401,0.5775754329584004,0.6899006687518813,0.00044543429844097997,0.5,0.5932080102113817,0.26363550158473914,0.16459382640947243,0.3378886545810686,0.3443915240167828,0.4148045324924182
2021-09-22 15:40:00,0.5460251046025105,0.10756972111553775,0.5827252419955322,0.580432065702553,0.7036944942482104,0.00044543429844097997,0.5,0.5932080102113817,0.26363550158473914,0.16459382640947243,0.3378886545810686,0.3443915240167828,0.5486820465621558
2021-09-22 15:50:00,0.5718270571827057,-0.08366533864541836,0.5857036485480267,0.576861274772362,0.6995589640235044,0.0008908685968819599,0.5,0.5932080102113817,0.26363550158473914,0.16459382640947243,0.3378886545810686,0.3443915240167828,0.5895936750305536
2021-09-22 16:00:00,0.5592747559274756,-0.12350597609561753,0.5857036485480267,0.5740046420282092,0.6975566345159728,0.00033407572383073496,0.5,0.643034057173199,0.25283974172933193,0.13127164003760292,0.2903553261352096,0.3526887365717361,0.5612505092264285
2021-09-22 16:10:00,0.4595536959553696,0.043824701195219085,0.5883842144452716,0.5786466702374577,0.7083927706743793,0.00033407572383073496,0.5,0.643034057173199,0.25283974172933193,0.13127164003760292,0.2903553261352096,0.3526887365717361,0.3931906996393923
2021-09-22 16:20:00,0.4881450488145049,-0.019920318725099695,0.5922561429635145,0.5850740939118015,0.7032887934983183,0.00033407572383073496,0.5,0.643034057173199,0.25283974172933193,0.13127164003760292,0.2903553261352096,0.3526887365717361,0.429047784299229
2021-09-22 16:30:00,0.5683403068340307,0.07569721115537842,0.5949367088607593,0.5818603820746295,0.703629058643389,0.000556792873051225,0.5,0.643034057173199,0.25283974172933193,0.13127164003760292,0.2903553261352096,0.3526887365717361,0.5891108529354074
2021-09-22 16:40:00,0.5627615062761506,-0.059760956175298974,0.5949367088607593,0.5786466702374577,0.7153420319064009,0.0006681514476614699,0.5,0.643034057173199,0.25283974172933193,0.13127164003760292,0.2903553261352096,0.3526887365717361,0.5878736213165955
2021-09-22 16:50:00,0.45676429567642957,0.03585657370517925,0.596723752792256,0.5811462238885914,0.7076729790213451,0.00022271714922048998,0.5,0.643034057173199,0.25283974172933193,0.13127164003760292,0.2903553261352096,0.3526887365717361,0.3805996046894096
2021-09-22 17:00:00,0.48465829846582986,0.08366533864541825,0.5976172747580044,0.5840028566327442,0.7166114826399341,0.00033407572383073496,0.5,0.6443939293374774,0.2500696825063854,0.12706141113430544,0.2906989492717443,0.36455277585074464,0.4146159301115018
2021-09-22 17:10:00,0.47419804741980476,-0.03585657370517936,0.5994043186895008,0.5829316193536869,0.6980408579916504,0.00033407572383073496,0.5,0.6443939293374774,0.2500696825063854,0.12706141113430544,0.2906989492717443,0.36455277585074464,0.3943147698296543
2021-09-22 17:20:00,0.41841004184100417,-0.11553784860557781,0.5997021593447505,0.586859489376897,0.7170040962688619,0.00044543429844097997,0.5,0.6443939293374774,0.2500696825063854,0.12706141113430544,0.2906989492717443,0.36455277585074464,0.29522307889614796
2021-09-22 17:30:00,0.4065550906555091,0.10756972111553775,0.6038719285182426,0.5875736475629352,0.7036683200062819,0.00022271714922048998,0.5,0.6443939293374774,0.2500696825063854,0.12706141113430544,0.2906989492717443,0.36455277585074464,0.2824660138509589
2021-09-22 17:40:00,0.37308228730822873,-0.17928286852589637,0.6038719285182426,0.5861453311908589,0.6936304982266951,0.00022271714922048998,0.5,0.6443939293374774,0.2500696825063854,0.12706141113430544,0.2906989492717443,0.36455277585074464,0.24517555109615705
2021-09-22 17:50:00,0.4177126917712692,-0.0916334661354582,0.5997021593447505,0.5811462238885914,0.6870738506236013,0.00022271714922048998,0.5,0.6443939293374774,0.2500696825063854,0.12706141113430544,0.2906989492717443,0.36455277585074464,0.3051812846085369
2021-09-22 18:00:00,0.44072524407252445,0.019920318725099362,0.5955323901712581,0.5757900374933047,0.6931462747510175,0.00033407572383073496,0.5,0.498172884405196,0.25563853600646,0.2231105551579933,0.3778236064754125,0.31600427013632953,0.32590491422363715
2021-09-22 18:10:00,0.403068340306834,0.09960159362549792,0.5931496649292627,0.5711480092840564,0.692164740678698,0.00033407572383073496,0.5,0.498172884405196,0.25563853600646,0.2231105551579933,0.3778236064754125,0.31600427013632953,0.27004843309141935
2021-09-22 18:20:00,0.4344490934449094,-0.11553784860557781,0.5901712583767682,0.5661489019817889,0.692256350525448,0.00033407572383073496,0.5,0.498172884405196,0.25563853600646,0.2231105551579933,0.3778236064754125,0.31600427013632953,0.33127631003213787
2021-09-22 18:30:00,0.3437935843793584,-0.11553784860557781,0.5874906924795233,0.5597214783074451,0.6836842862938581,0.00033407572383073496,0.5,0.498172884405196,0.25563853600646,0.2231105551579933,0.3778236064754125,0.31600427013632953,0.19635016672450473
2021-09-22 18:40:00,0.3584379358437936,0.2749003984063745,0.5827252419955322,0.5572219246563115,0.6751776576670898,0.00033407572383073496,0.5,0.498172884405196,0.25563853600646,0.2231105551579933,0.3778236064754125,0.31600427013632953,0.208398086817448
2021-09-22 18:50:00,0.4065550906555091,-0.08366533864541836,0.5776619508562917,0.549009105516872,0.6875973354621716,0.00022271714922048998,0.5,0.498172884405196,0.25563853600646,0.2231105551579933,0.3778236064754125,0.31600427013632953,0.28417097937444363
2021-09-22 19:00:00,0.40585774058577406,0.09163346613545809,0.5699180938198063,0.5411533654704517,0.6840376385598933,0.00022271714922048998,0.5,0.4791919080068425,0.2709629404006251,0.213783756810077,0.43237923100920017,0.3141690968816982,0.27529157928089687
2021-09-22 19:10:00,0.39191073919107394,0.09960159362549792,0.5630677587490691,0.5329405463310124,0.6798497598513303,0.00022271714922048998,0.5,0.4791919080068425,0.2709629404006251,0.213783756810077,0.43237923100920017,0.3141690968816982,0.2583324531888891
2021-09-22 19:20:00,0.41562064156206413,0.07569721115537842,0.5553239017125835,0.5243706480985537,0.6875057256154219,0.00022271714922048998,0.5,0.4791919080068425,0.2709629404006251,0.213783756810077,0.43237923100920017,0.3141690968816982,0.2952532552770946
2021-09-22 19:30:00,0.4260808926080893,-0.23505976095617542,0.5472822040208485,0.5125870380289235,0.6923217861302692,0.00022271714922048998,0.5,0.4791919080068425,0.2709629404006251,0.213783756810077,0.43237923100920017,0.3141690968816982,0.29400093546780937
2021-09-22 19:40:00,0.4546722454672245,-0.21912350597609564,0.5407297096053609,0.4954472415640063,0.6923217861302692,0.00022271714922048998,0.5,0.4791919080068425,0.2709629404006251,0.213783756810077,0.43237923100920017,0.3141690968816982,0.3586764639316807
2021-09-22 19:50:00,0.4665271966527197,-0.21912350597609564,0.535368577810871,0.48901981788966253,0.6888013505908835,0.00022271714922048998,0.5,0.4791919080068425,0.2709629404006251,0.213783756810077,0.43237923100920017,0.3141690968816982,0.37073947221509723
2021-09-22 20:00:00,0.4707112970711297,0.31474103585657365,0.5291139240506326,0.4861631851455097,0.6840638128018218,0.00022271714922048998,0.5,0.4834913213593517,0.2769973017784134,0.20937290796325486,0.385191984800411,0.2830410085474253,0.38883021259260375
2021-09-22 20:10:00,0.4191073919107392,-0.50597609561753,0.5261355174981384,0.4861631851455097,0.6922956118883407,0.00022271714922048998,0.5,0.4834913213593517,0.2769973017784134,0.20937290796325486,0.385191984800411,0.2830410085474253,0.2902213437542436
2021-09-22 20:20:00,0.4246861924686192,-0.4183266932270917,0.5210722263588978,0.4865202642385287,0.6883302142361702,0.00022271714922048998,0.5,0.4834913213593517,0.2769973017784134,0.20937290796325486,0.385191984800411,0.2830410085474253,0.3028878796565928
2021-09-22 20:30:00,0.3688981868898187,-0.08366533864541836,0.5166046165301563,0.4800928405641849,0.681053774980042,0.00022271714922048998,0.5,0.4834913213593517,0.2769973017784134,0.20937290796325486,0.385191984800411,0.2830410085474253,0.22511580186188268
2021-09-22 20:40:00,0.3312412831241283,-0.23505976095617542,0.5136262099776618,0.4672379932154971,0.681053774980042,0.00022271714922048998,0.5,0.4834913213593517,0.2769973017784134,0.20937290796325486,0.385191984800411,0.2830410085474253,0.19573155091509875
2021-09-22 20:50:00,0.3591352859135286,-0.3466135458167332,0.5091586001489203,0.46509551865738263,0.6746410857075552,0.00022271714922048998,0.5,0.4834913213593517,0.2769973017784134,0.20937290796325486,0.385191984800411,0.2830410085474253,0.2423842358585935
2021-09-22 21:00:00,0.44839609483960946,-0.2509960159362551,0.5052866716306774,0.4575968577039815,0.6671683396369632,0.00022271714922048998,0.5,0.4724984765976379,0.29058610890010744,0.21762584431258314,0.454064519771884,0.24132291218101246,0.35282224602803386
2021-09-22 21:10:00,0.45676429567642957,-0.08366533864541836,0.5017125837676841,0.45509730405284765,0.6585962754053736,0.00033407572383073496,0.5,0.4724984765976379,0.29058610890010744,0.21762584431258314,0.454064519771884,0.24132291218101246,0.3860238091645669
2021-09-22 21:20:00,0.49721059972105996,0.24302788844621515,0.4972449739389424,0.44545616854133185,0.6558872413657719,0.00033407572383073496,0.5,0.4724984765976379,0.29058610890010744,0.21762584431258314,0.454064519771884,0.24132291218101246,0.479932706670489
2021-09-22 21:30:00,0.45258019525801957,-0.12350597609561753,0.4918838421444527,0.4465274058203892,0.6453651961105076,0.00033407572383073496,0.5,0.4724984765976379,0.29058610890010744,0.21762584431258314,0.454064519771884,0.24132291218101246,0.3781704060232056
2021-09-22 21:40:00,0.5613668061366807,-0.06772908366533881,0.4847356664184659,0.4500981967505804,0.6373558780803811,0.00022271714922048998,0.5,0.4724984765976379,0.29058610890010744,0.21762584431258314,0.454064519771884,0.24132291218101246,0.5878359008404123
2021-09-22 21:50:00,0.6052998605299861,-0.0916334661354582,0.48056589724497356,0.44045706123906436,0.6438994385625106,0.00044543429844097997,0.5,0.4724984765976379,0.29058610890010744,0.21762584431258314,0.454064519771884,0.24132291218101246,0.7103972720551625
2021-09-22 22:00:00,0.6875871687587168,-0.4183266932270917,0.47848101265822773,0.4301017675415104,0.644579968852652,0.00033407572383073496,0.5,0.40632971596842515,0.29181596921900876,0.270416788566743,0.5786801988153201,0.20954377333068527,0.885578707545604
2021-09-22 22:10:00,0.6143654114365412,-0.3227091633466136,0.47550260610573325,0.43474379575075894,0.644579968852652,0.00033407572383073496,0.5,0.40632971596842515,0.29181596921900876,0.270416788566743,0.5786801988153201,0.20954377333068527,0.7643224648067958
2021-09-22 22:20:00,0.6241283124128312,-0.23505976095617542,0.4707371556217421,0.43760042849491154,0.644579968852652,0.0008908685968819599,0.5,0.40632971596842515,0.29181596921900876,0.270416788566743,0.5786801988153201,0.20954377333068527,0.7764231935663957
2021-09-22 22:30:00,0.6241283124128312,-0.2828685258964144,0.4656738644825016,0.44259953579717903,0.6419756317807644,0.0010022271714922048,0.5,0.40632971596842515,0.29181596921900876,0.270416788566743,0.5786801988153201,0.20954377333068527,0.7578722633794529
2021-09-22 22:40:00,0.6875872384937239,0.003984063745019917,0.46760982874162305,0.43742188894840206,0.637650338302077,0.003229398886414254,0.5,0.40632971596842515,0.29181596921900876,0.270416788566743,0.5786801988153201,0.20954377333068527,0.7684868280097168
2021-09-22 22:50:00,0.7510460251046025,0.29083665338645415,0.4695457930007445,0.4322442420996251,0.6333250448233894,0.005456570155902005,0.5,0.40632971596842515,0.29181596921900876,0.270416788566743,0.5786801988153201,0.20954377333068527,0.7791013473754093
2021-09-22 23:00:00,0.6499302649930265,-0.02788844621513953,0.46329113924050613,0.4318871630066061,0.6333250448233894,0.018485523385300667,0.5,0.3450792686201125,0.3011519883220743,0.3159849075975229,0.7097987432035132,0.19999375032763006,0.7897158893733874
2021-09-22 23:10:00,0.6443514644351465,-0.14741035856573714,0.4507818317200294,0.4483128012854847,0.616835272408423,0.005456570155902005,0.5,0.3450792686201125,0.3011519883220743,0.3159849075975229,0.7097987432035132,0.19999375032763006,0.7846538014695897
2021-09-22 23:20:00,0.6708507670850766,0.003984063745019917,0.4391660461653015,0.44188537761114066,0.6182225072306343,0.0012249443207126948,0.5,0.3450792686201125,0.3011519883220743,0.3159849075975229,0.7097987432035132,0.19999375032763006,0.8764428082140109
2021-09-22 23:30:00,0.6757322175732218,-0.3067729083665339,0.42516753536857754,0.43117300482056775,0.6208137571815576,0.00311804008908686,0.5,0.3450792686201125,0.3011519883220743,0.3159849075975229,0.7097987432035132,0.19999375032763006,0.8879475534499147
2021-09-22 23:40:00,0.6666666666666667,-0.2749003984063746,0.4150409530900967,0.4240314229601856,0.6204604049155227,0.0028953229398663697,0.5,0.3450792686201125,0.3011519883220743,0.3159849075975229,0.7097987432035132,0.19999375032763006,0.8831721411651101
2021-09-22 23:50:00,0.7364016736401674,0.15537848605577675,0.4072970960536113,0.4190323156579181,0.6160238709086389,0.016369710467706012,0.5,0.3450792686201125,0.3011519883220743,0.3159849075975229,0.7097987432035132,0.19999375032763006,0.8669561084539131
2021-09-23 00:00:00,0.8256624825662483,0.3067729083665336,0.4117647058823528,0.40260667737903955,0.6232872230438026,0.04097995545657016,0.5,0.30282604062472984,0.29304870304333075,0.31207903259084935,0.7582119233555278,0.20825333291478781,0.8507400757427163
2021-09-23 00:10:00,0.8200836820083682,-0.23505976095617542,0.40551005212211444,0.397964649169791,0.6307076206305375,0.04732739420935412,0.5,0.30282604062472984,0.29304870304333075,0.31207903259084935,0.7582119233555278,0.20825333291478781,0.8345240430315192
2021-09-23 00:20:00,0.8368200836820083,0.17131474103585642,0.4043186895011168,0.4033208355650777,0.6307076206305375,0.09432071269487752,0.5,0.30282604062472984,0.29304870304333075,0.31207903259084935,0.7582119233555278,0.20825333291478781,0.8183080103203223
2021-09-23 00:30:00,0.8465829846582985,0.03585657370517925,0.40193596425912137,0.3972504909837531,0.6307076206305375,0.08552338530066815,0.5,0.30282604062472984,0.29304870304333075,0.31207903259084935,0.7582119233555278,0.20825333291478781,0.930549059251324
2021-09-23 00:40:00,0.8437935843793585,-0.26693227091633476,0.3953834698436334,0.39617925370469576,0.6307076206305375,0.07583518930957683,0.5,0.30282604062472984,0.29304870304333075,0.31207903259084935,0.7582119233555278,0.20825333291478781,0.9471158923910256
2021-09-23 00:50:00,0.9232914923291493,-0.36254980079681276,0.3888309754281456,0.39475093733261923,0.6307076206305375,0.07772828507795101,0.5,0.30282604062472984,0.29304870304333075,0.31207903259084935,0.7582119233555278,0.20825333291478781,0.9409101950903028
2021-09-23 01:00:00,0.9218967921896792,-0.26693227091633476,0.38644825018615014,0.3858239600071418,0.6307076206305375,0.07783964365256126,0.5,0.25680267945379653,0.2830833862537237,0.32891170528600583,0.7780861569006094,0.21695205118518346,0.9347046486714848
2021-09-23 01:10:00,0.9058577405857741,0.07569721115537842,0.39002233804914366,0.38296732726298877,0.6307076206305375,0.07806236080178174,0.5,0.25680267945379653,0.2830833862537237,0.32891170528600583,0.7780861569006094,0.21695205118518346,0.9284991022526669
2021-09-23 01:20:00,0.9386331938633194,0.10756972111553775,0.3950856291883842,0.38296732726298877,0.6307337948724661,0.09198218262806236,0.5,0.25680267945379653,0.2830833862537237,0.32891170528600583,0.7780861569006094,0.21695205118518346,0.9222934803928966
2021-09-23 01:30:00,0.9497907949790795,0.2350597609561753,0.3968726731198806,0.3811819317978933,0.6307992304772873,0.09543429844097996,0.5,0.25680267945379653,0.2830833862537237,0.32891170528600583,0.7780861569006094,0.21695205118518346,0.9160877830921738
2021-09-23 01:40:00,0.9135285913528591,0.019920318725099362,0.39329858525688755,0.38296732726298877,0.6307992304772873,0.0824053452115813,0.5,0.25680267945379653,0.2830833862537237,0.32891170528600583,0.7780861569006094,0.21695205118518346,0.9098822366733558
2021-09-23 01:50:00,0.9463040446304045,0.08366533864541825,0.3894266567386446,0.38296732726298877,0.6307992304772873,0.09164810690423163,0.5,0.25680267945379653,0.2830833862537237,0.32891170528600583,0.7780861569006094,0.21695205118518346,0.9036766902545378
2021-09-23 02:00:00,0.9839609483960948,0.3306772908366533,0.3894266567386446,0.3793965363327978,0.6307992304772873,0.1022271714922049,0.5,0.26406611516221434,0.2773076403635573,0.3181445521223168,0.7839561745308251,0.21678168848196355,0.8974710683947675
2021-09-23 02:10:00,0.9833172245467224,0.14741035856573692,0.3873417721518986,0.37546866630958764,0.6307992304772873,0.11202672605790646,0.5,0.26406611516221434,0.2773076403635573,0.3181445521223168,0.7839561745308251,0.21678168848196355,0.8912654465349971
2021-09-23 02:20:00,0.98267350069735,0.17928286852589648,0.3849590469099031,0.3693983217282628,0.6308123175982515,0.1255011135857461,0.5,0.26406611516221434,0.2773076403635573,0.3181445521223168,0.7839561745308251,0.21678168848196355,0.8850599001161791
2021-09-23 02:30:00,0.9820298465829846,0.09960159362549792,0.3793000744601638,0.3661846098910908,0.6308254047192158,0.13084632516703787,0.5,0.26406611516221434,0.2773076403635573,0.3181445521223168,0.7839561745308251,0.21678168848196355,0.8788542782564087
2021-09-23 02:40:00,0.9813860529986054,0.019920318725099362,0.3718540580789278,0.3601142653097662,0.6308254047192158,0.1358574610244989,0.5,0.26406611516221434,0.2773076403635573,0.3181445521223168,0.7839561745308251,0.21678168848196355,0.8726486563966385
2021-09-23 02:50:00,0.9807423988842399,-0.11553784860557781,0.3638123603871928,0.3561863952865558,0.6308254047192158,0.12639198218262807,0.5,0.26406611516221434,0.2773076403635573,0.3181445521223168,0.7839561745308251,0.21678168848196355,0.866443034536868
2021-09-23 03:00:00,0.9800986750348675,0.05976095617529875,0.364705882352941,0.3540439207284414,0.6308254047192158,0.127728285077951,0.5,0.2639195283339497,0.27401747665995035,0.3118776517625832,0.7894046191538683,0.20234028706296942,0.86023748811805
2021-09-23 03:10:00,0.9794549511854952,-0.1872509960159363,0.3635145197319434,0.3540439207284414,0.6308254047192158,0.14743875278396437,0.5,0.2639195283339497,0.27401747665995035,0.3118776517625832,0.7894046191538683,0.20234028706296942,0.854031941699232
2021-09-23 03:20:00,0.9788112970711297,-0.11553784860557781,0.36262099776619494,0.3476164970540976,0.6308254047192158,0.1358574610244989,0.5,0.2639195283339497,0.27401747665995035,0.3118776517625832,0.7894046191538683,0.20234028706296942,0.8478262443985094
2021-09-23 03:30:00,0.9781675732217573,-0.03585657370517936,0.36262099776619494,0.3472594179610784,0.6308254047192158,0.13073496659242761,0.5,0.2639195283339497,0.27401747665995035,0.3118776517625832,0.7894046191538683,0.20234028706296942,0.8416206225387389
2021-09-23 03:40:00,0.977523849372385,-0.11553784860557781,0.3617274758004465,0.3472594179610784,0.6308254047192158,0.12383073496659243,0.5,0.2639195283339497,0.27401747665995035,0.3118776517625832,0.7894046191538683,0.20234028706296942,0.8354150761199209
2021-09-23 03:50:00,0.9768801255230126,-0.15537848605577698,0.356664184661206,0.3472594179610784,0.6308254047192158,0.12371937639198217,0.5,0.2639195283339497,0.27401747665995035,0.3118776517625832,0.7894046191538683,0.20234028706296942,0.829209529701103
2021-09-23 04:00:00,0.9762364016736402,-0.26693227091633476,0.3527922561429635,0.3504731297982504,0.6308254047192158,0.12060133630289532,0.5,0.2109259051111274,0.2806926297459545,0.3450286390676017,0.8165880769989444,0.18169323846350754,0.8230039078413327
2021-09-23 04:10:00,0.9755927475592748,-0.17928286852589637,0.3486224869694712,0.35083020889126937,0.6308254047192158,0.10356347438752785,0.5,0.2109259051111274,0.2806926297459545,0.3450286390676017,0.8165880769989444,0.18169323846350754,0.8167982105406099
2021-09-23 04:20:00,0.9758251743375175,-0.2509960159362551,0.35160089352196544,0.34975897161221203,0.6308254047192158,0.12305122494432072,0.5,0.2109259051111274,0.2806926297459545,0.3450286390676017,0.8165880769989444,0.18169323846350754,0.8105926641217919
2021-09-23 04:30:00,0.9760576708507671,-0.4342629482071714,0.34415487714072945,0.3472594179610784,0.6308254047192158,0.11391982182628063,0.5,0.2109259051111274,0.2806926297459545,0.3450286390676017,0.8165880769989444,0.18169323846350754,0.8043871177029739
2021-09-23 04:40:00,0.9762900976290098,-0.42629482071713154,0.3390915860014889,0.3472594179610784,0.6308254047192158,0.09632516703786193,0.5,0.2109259051111274,0.2806926297459545,0.3450286390676017,0.8165880769989444,0.18169323846350754,0.7981814958432036
2021-09-23 04:50:00,0.9651324965132496,-0.4183266932270917,0.3384959046909901,0.3486877343331549,0.6308254047192158,0.08786191536748329,0.5,0.2109259051111274,0.2806926297459545,0.3450286390676017,0.8165880769989444,0.18169323846350754,0.7919758739834332
2021-09-23 05:00:00,0.8319386331938633,-0.2828685258964144,0.33581533879374503,0.3554722371005179,0.6308254047192158,0.09476614699331849,0.5,0.21214732860097452,0.28540230512604725,0.33026379747175755,0.8318384782732069,0.17250433499677054,0.7857703275646152
2021-09-23 05:10:00,0.8661087866108786,0.1872509960159361,0.3370067014147431,0.35761471165863257,0.6308254047192158,0.13518930957683742,0.5,0.21214732860097452,0.28540230512604725,0.33026379747175755,0.8318384782732069,0.17250433499677054,0.5320699488510343
2021-09-23 05:20:00,0.8158995815899581,0.3067729083665336,0.3376023827252417,0.34654525977504025,0.6308254047192158,0.11536748329621381,0.5,0.21214732860097452,0.28540230512604725,0.33026379747175755,0.8318384782732069,0.17250433499677054,0.6093818368363082
2021-09-23 05:30:00,0.9051603905160391,0.38645418326693215,0.33551749813849585,0.3329762542403143,0.6343065788957089,0.1089086859688196,0.5,0.21214732860097452,0.28540230512604725,0.33026379747175755,0.8318384782732069,0.17250433499677054,0.8328832023175461
2021-09-23 05:40:00,0.9797768479776848,-0.3944223107569722,0.3265822784810126,0.32547759328691295,0.6447108400622947,0.1178173719376392,0.5,0.21214732860097452,0.28540230512604725,0.33026379747175755,0.8318384782732069,0.17250433499677054,0.8753111939285122
2021-09-23 05:50:00,0.8821478382147838,-0.3545816733067729,0.32181682799702127,0.31905016961256916,0.6447108400622947,0.09187082405345212,0.5,0.21214732860097452,0.28540230512604725,0.33026379747175755,0.8318384782732069,0.17250433499677054,0.889841121354316
2021-09-23 06:00:00,0.893305439330544,-0.26693227091633476,0.3179448994787788,0.315122299589359,0.6447501014251874,0.0979955456570156,0.5,0.189371804565571,0.33600186203151094,0.31788217370060223,0.8631104619821822,0.16083905581718658,0.8862274997359567
2021-09-23 06:10:00,0.9114365411436541,-0.40239043824701204,0.3149664929262843,0.315122299589359,0.6447501014251874,0.11280623608017819,0.5,0.189371804565571,0.33600186203151094,0.31788217370060223,0.8631104619821822,0.16083905581718658,0.7685924227107442
2021-09-23 06:20:00,0.8821478382147838,-0.6254980079681276,0.3104988830975428,0.30833779682199625,0.6447501014251874,0.11792873051224945,0.5,0.189371804565571,0.33600186203151094,0.31788217370060223,0.8631104619821822,0.16083905581718658,0.5981863995051073
2021-09-23 06:30:00,0.898186889818689,-0.6733067729083666,0.30454206999255384,0.2965541867523658,0.642302809804871,0.0969933184855234,0.5,0.189371804565571,0.33600186203151094,0.31788217370060223,0.8631104619821822,0.16083905581718658,0.8296467854610197
2021-09-23 06:40:00,0.8284518828451883,-0.2749003984063746,0.30186150409530876,0.2851276557757545,0.6309431888078941,0.094543429844098,0.5,0.189371804565571,0.33600186203151094,0.31788217370060223,0.8631104619821822,0.16083905581718658,0.7328635876699308
2021-09-23 06:50:00,0.8849372384937239,-0.47410358565737054,0.29679821295606845,0.28084270665952493,0.6172671474002434,0.10289532293986638,0.5,0.189371804565571,0.33600186203151094,0.31788217370060223,0.8631104619821822,0.16083905581718658,0.8009565912760084
2021-09-23 07:00:00,0.8912133891213389,0.05976095617529875,0.3003723008190615,0.27298696661310484,0.6223449503343759,0.1042316258351893,0.5,0.17714939816017705,0.35028605746436325,0.3291860042353381,0.7378605158169106,0.19494190978409812,0.835048357650467
2021-09-23 07:10:00,0.898186889818689,-0.21912350597609564,0.3024571854058078,0.26477414747366557,0.6309955372917512,0.1099109131403118,0.5,0.17714939816017705,0.35028605746436325,0.3291860042353381,0.7378605158169106,0.19494190978409812,0.8002549904189991
2021-09-23 07:20:00,0.8423988842398884,0.07569721115537842,0.3003723008190615,0.26620246384574187,0.6202902723429873,0.08496659242761692,0.5,0.17714939816017705,0.35028605746436325,0.3291860042353381,0.7378605158169106,0.19494190978409812,0.8990147411620925
2021-09-23 07:30:00,0.7852161785216178,0.08366533864541825,0.30126582278480996,0.2626316729155509,0.6269254426718666,0.04844097995545657,0.5,0.17714939816017705,0.35028605746436325,0.3291860042353381,0.7378605158169106,0.19494190978409812,0.8959691899150536
2021-09-23 07:40:00,0.8375174337517434,0.043824701195219085,0.3030528667163066,0.26513122656668453,0.6276844956877936,0.053006681514476614,0.5,0.17714939816017705,0.35028605746436325,0.3291860042353381,0.7378605158169106,0.19494190978409812,0.8929234123451575
2021-09-23 07:50:00,0.9316596931659693,0.394422310756972,0.30900967982129557,0.26977325477593306,0.6301579615500386,0.08429844097995547,0.5,0.17714939816017705,0.35028605746436325,0.3291860042353381,0.7378605158169106,0.19494190978409812,0.8898777856571662
2021-09-23 08:00:00,0.9497907949790795,-0.3067729083665339,0.30483991064780347,0.2722728084270667,0.641596105272801,0.08930957683741649,0.5,0.18237709469909347,0.35732039872761256,0.32608336988750447,0.7205064082797494,0.22411031797002956,0.8868321589691749
2021-09-23 08:10:00,0.99163179916318,-0.03585657370517936,0.3063291139240505,0.2772719157293342,0.641596105272801,0.10545657015590201,0.5,0.18237709469909347,0.35732039872761256,0.32608336988750447,0.7205064082797494,0.22411031797002956,0.8837865322811835
2021-09-23 08:20:00,0.8995815899581591,-0.21115537848605592,0.310796723752792,0.280128548473487,0.6387300257816284,0.06848552338530067,0.5,0.18237709469909347,0.35732039872761256,0.32608336988750447,0.7205064082797494,0.22411031797002956,0.8807408301522399
2021-09-23 08:30:00,0.6715481171548118,-0.20318725099601598,0.31198808637378983,0.29334047491519377,0.6252372040674772,0.005233853006681514,0.5,0.18237709469909347,0.35732039872761256,0.32608336988750447,0.7205064082797494,0.22411031797002956,0.8776951280232963
2021-09-23 08:40:00,0.6443514644351465,0.2749003984063745,0.31228592702903946,0.315122299589359,0.6231170904712672,0.00623608017817372,0.5,0.18237709469909347,0.35732039872761256,0.32608336988750447,0.7205064082797494,0.22411031797002956,0.8337734055554717
2021-09-23 08:50:00,0.7475592747559275,0.12350597609561742,0.3191362620997764,0.32226388144974116,0.6290324691471123,0.010579064587973273,0.5,0.18237709469909347,0.35732039872761256,0.32608336988750447,0.7205064082797494,0.22411031797002956,0.842847367865172
2021-09-23 09:00:00,0.7622036262203626,-0.003984063745020028,0.3253909158600148,0.32262096054276035,0.6353535485728494,0.015367483296213808,0.5,0.1749671055155002,0.3672397394305307,0.35627438873373185,0.7543543902073322,0.22720514926987695,0.8519214810567769
2021-09-23 09:10:00,0.7824267782426779,0.36254980079681287,0.3301563663440057,0.32547759328691295,0.6355498553873133,0.032516703786191536,0.5,0.1749671055155002,0.3672397394305307,0.35627438873373185,0.7543543902073322,0.22720514926987695,0.860995443366477
2021-09-23 09:20:00,0.7775453277545328,0.19521912350597592,0.3381980640357407,0.32726298875200865,0.6434283022077972,0.025278396436525612,0.5,0.1749671055155002,0.3672397394305307,0.35627438873373185,0.7543543902073322,0.22720514926987695,0.8700695565580819
2021-09-23 09:30:00,0.7496513249651325,-0.11553784860557781,0.33641102010424406,0.33547580789144793,0.6488725445289292,0.01670378619153675,0.5,0.1749671055155002,0.3672397394305307,0.35627438873373185,0.7543543902073322,0.22720514926987695,0.8791435943087346
2021-09-23 09:40:00,0.8403068340306835,0.2749003984063745,0.34058078927773616,0.34297446884484906,0.6499980369318553,0.050556792873051225,0.5,0.1749671055155002,0.3672397394305307,0.35627438873373185,0.7543543902073322,0.22720514926987695,0.8882175566184347
2021-09-23 09:50:00,0.896094839609484,-0.07569721115537853,0.34355919583023065,0.34475986430994454,0.6588056693408016,0.06815144766146994,0.5,0.1749671055155002,0.3672397394305307,0.35627438873373185,0.7543543902073322,0.22720514926987695,0.8972916698100397
2021-09-23 10:00:00,0.9400278940027894,0.2350597609561753,0.35070737155621723,0.3440457061239066,0.6588580178246588,0.08429844097995547,0.5,0.38208849041582305,0.3623978828012083,0.2406032953664529,0.9362447447523052,0.24400786381798292,0.9063657075606922
2021-09-23 10:10:00,0.9588563458856346,-0.3784860557768924,0.35100521221146663,0.34297446884484906,0.6725471463532737,0.08619153674832962,0.5,0.38208849041582305,0.3623978828012083,0.2406032953664529,0.9362447447523052,0.24400786381798292,0.9154397453113449
2021-09-23 10:20:00,0.9595536959553695,0.019920318725099362,0.35100521221146663,0.34226031065881113,0.6639619950007198,0.1081291759465479,0.5,0.38208849041582305,0.3623978828012083,0.2406032953664529,0.9362447447523052,0.24400786381798292,0.9245137830619974
2021-09-23 10:30:00,0.9602510460251046,0.003984063745019917,0.35517498138495895,0.33369041242635245,0.6663700252581435,0.08051224944320713,0.5,0.38208849041582305,0.3623978828012083,0.2406032953664529,0.9362447447523052,0.24400786381798292,0.9335877453716976
2021-09-23 10:40:00,0.9121338912133892,0.09960159362549792,0.35517498138495895,0.3394036779146581,0.6600489458324064,0.07249443207126949,0.5,0.38208849041582305,0.3623978828012083,0.2406032953664529,0.9362447447523052,0.24400786381798292,0.9426618585633025
2021-09-23 10:50:00,0.9832635983263598,-0.1394422310756973,0.3590469099032014,0.3458311015890019,0.6659904987501799,0.09376391982182629,0.5,0.38208849041582305,0.3623978828012083,0.2406032953664529,0.9362447447523052,0.24400786381798292,0.9517358963139552
2021-09-23 11:00:00,0.8912133891213389,0.33864541832669315,0.3650037230081904,0.3476164970540976,0.6588187564617659,0.06614699331848553,0.5,0.3887574740104389,0.3647627777602166,0.2477918807764626,0.9432021006963239,0.2653586869026433,0.9608099340646077
2021-09-23 11:10:00,0.8647140864714087,0.15537848605577675,0.3739389426656736,0.359757186216747,0.6588187564617659,0.08162583518930958,0.5,0.3887574740104389,0.3647627777602166,0.2477918807764626,0.9432021006963239,0.2653586869026433,0.9698839718152601
2021-09-23 11:20:00,0.903068340306834,0.05179282868525892,0.37453462397617265,0.37225495447241563,0.6588187564617659,0.09777282850779509,0.5,0.3887574740104389,0.3647627777602166,0.2477918807764626,0.9432021006963239,0.2653586869026433,0.9365767913454139
2021-09-23 11:30:00,0.8493723849372384,0.3784860557768923,0.3840655249441547,0.3761828244956258,0.6648388321053251,0.06046770601336303,0.5,0.3887574740104389,0.3647627777602166,0.2477918807764626,0.9432021006963239,0.2653586869026433,0.927569141632844
2021-09-23 11:40:00,0.8891213389121339,0.07569721115537842,0.39329858525688755,0.3843956436350653,0.6646163510489328,0.09387527839643653,0.5,0.3887574740104389,0.3647627777602166,0.2477918807764626,0.9432021006963239,0.2653586869026433,0.9185614919202739
2021-09-23 11:50:00,0.8877266387726639,-0.059760956175298974,0.3992553983618763,0.3940367791465811,0.669576369894387,0.09420935412026728,0.5,0.3887574740104389,0.3647627777602166,0.2477918807764626,0.9432021006963239,0.2653586869026433,0.8791662265944444
2021-09-23 12:00:00,0.9177126917712692,-0.003984063745020028,0.3992553983618763,0.3965363327977147,0.6700998547329573,0.10746102449888642,0.5,0.39312202594670254,0.3593146114877014,0.25152249866433024,0.8758468849998617,0.275727558089508,0.8766163224044541
2021-09-23 12:10:00,0.8612273361227336,-0.21115537848605592,0.40104244229337294,0.3986788073558294,0.6768135477876221,0.08864142538975502,0.5,0.39312202594670254,0.3593146114877014,0.25152249866433024,0.8758468849998617,0.275727558089508,0.8839869034506692
2021-09-23 12:20:00,0.8947001394700139,0.17131474103585642,0.4072970960536113,0.4022495982860206,0.6751645705461256,0.10289532293986638,0.5,0.39312202594670254,0.3593146114877014,0.25152249866433024,0.8758468849998617,0.275727558089508,0.8699473422152482
2021-09-23 12:30:00,0.8500697350069735,0.17928286852589648,0.40908413998510795,0.3936797000535619,0.6751645705461256,0.09175946547884188,0.5,0.39312202594670254,0.3593146114877014,0.25152249866433024,0.8758468849998617,0.275727558089508,0.8913122199254644
2021-09-23 12:40:00,0.8661087866108786,0.2589641434262948,0.4120625465376022,0.3936797000535619,0.6751645705461256,0.09420935412026728,0.5,0.39312202594670254,0.3593146114877014,0.25152249866433024,0.8758468849998617,0.275727558089508,0.8887472275450005
2021-09-23 12:50:00,0.8326359832635983,-0.1394422310756973,0.41355174981384923,0.3983217282628102,0.6807789454397928,0.07071269487750556,0.5,0.39312202594670254,0.3593146114877014,0.25152249866433024,0.8758468849998617,0.275727558089508,0.9026962596375816
2021-09-23 13:00:00,0.7336122733612274,0.06772908366533859,0.4129560685033504,0.40724870558828763,0.6751645705461256,0.05,0.5,0.5081315832744926,0.3504642148002776,0.19366215981952828,0.7904453068839911,0.2774296165348589,0.8417022496491996
2021-09-23 13:10:00,0.7510460251046025,0.027888446215139417,0.4129560685033504,0.4158186038207463,0.6732276766434151,0.048663697104677064,0.5,0.5081315832744926,0.3504642148002776,0.19366215981952828,0.7904453068839911,0.2774296165348589,0.8869064683072561
2021-09-23 13:20:00,0.7838214783821479,-0.06772908366533881,0.41325390915860005,0.41867523656489913,0.6762900629490518,0.04988864142538976,0.5,0.5081315832744926,0.3504642148002776,0.19366215981952828,0.7904453068839911,0.2774296165348589,0.941940643058678
2021-09-23 13:30:00,0.796373779637378,0.003984063745019917,0.4159344750558449,0.4251026602392429,0.6685555744591748,0.03897550111358575,0.5,0.5081315832744926,0.3504642148002776,0.19366215981952828,0.7904453068839911,0.2774296165348589,0.932846160809934
2021-09-23 13:40:00,0.7677824267782427,0.043824701195219085,0.4174236783320924,0.42831637207641493,0.6717095706115611,0.05066815144766147,0.5,0.5081315832744926,0.3504642148002776,0.19366215981952828,0.7904453068839911,0.2774296165348589,0.923751829443095
2021-09-23 13:50:00,0.8214783821478382,-0.05179282868525903,0.4195085629188382,0.43438671665773976,0.6694716729266728,0.046993318485523385,0.5,0.5081315832744926,0.3504642148002776,0.19366215981952828,0.7904453068839911,0.2774296165348589,0.9279588695927697
2021-09-23 14:00:00,0.7761506276150628,-0.059760956175298974,0.42903946388682024,0.44866988037850386,0.6762115402232663,0.020378619153674834,0.5,0.511486403779839,0.3262204495886596,0.1916188038460695,0.7022101578500847,0.2787931758833945,0.932165985183397
2021-09-23 14:10:00,0.7071129707112971,-0.1872509960159363,0.44035740878629914,0.45331190858775217,0.6807396840768999,0.011581291759465479,0.5,0.511486403779839,0.3262204495886596,0.1916188038460695,0.7022101578500847,0.2787931758833945,0.9363731007740242
2021-09-23 14:20:00,0.7364016736401674,-0.12350597609561753,0.44512285927029005,0.46616675593643975,0.6766695894570153,0.009688195991091315,0.5,0.511486403779839,0.3262204495886596,0.1916188038460695,0.7022101578500847,0.2787931758833945,0.9582773812936614
2021-09-23 14:30:00,0.7161785216178521,-0.1394422310756973,0.4540580789277735,0.47795036600607044,0.676656502336051,0.005902004454342985,0.5,0.511486403779839,0.3262204495886596,0.1916188038460695,0.7022101578500847,0.2787931758833945,0.9801816618132988
2021-09-23 14:40:00,0.701534170153417,0.13147410358565725,0.4668652271034994,0.4958043206570255,0.6718666160631322,0.004677060133630289,0.5,0.511486403779839,0.3262204495886596,0.1916188038460695,0.7022101578500847,0.2787931758833945,0.9072679813509965
2021-09-23 14:50:00,0.6541143654114366,0.13147410358565725,0.47252419955323877,0.5108016425638278,0.6738165970868069,0.0017817371937639199,0.5,0.511486403779839,0.3262204495886596,0.1916188038460695,0.7022101578500847,0.2787931758833945,0.8347843143171839
2021-09-23 15:00:00,0.6436541143654114,-0.06772908366533881,0.4778853313477287,0.5215140153544011,0.6781746083679052,0.000556792873051225,0.5,0.5138234214066131,0.3211142304608822,0.19049307487093176,0.6151680342081252,0.2813451824908125,0.7993421548953634
2021-09-23 15:10:00,0.698744769874477,-0.01195219123505975,0.4844378257632167,0.5279414390287449,0.6835665022051799,0.0033407572383073497,0.5,0.5138234214066131,0.3211142304608822,0.19049307487093176,0.6151680342081252,0.2813451824908125,0.9219110702053502
2021-09-23 15:20:00,0.5585774058577406,0.08366533864541825,0.4877140729709606,0.5372254954472415,0.6780568242792269,0.00044543429844097997,0.5,0.5138234214066131,0.3211142304608822,0.19049307487093176,0.6151680342081252,0.2813451824908125,0.6027581212185223
2021-09-23 15:30:00,0.6052998605299861,-0.09960159362549814,0.4960536113179448,0.5482949473308338,0.6836450249309655,0.00033407572383073496,0.5,0.5138234214066131,0.3211142304608822,0.19049307487093176,0.6151680342081252,0.2813451824908125,0.6722467824433817
2021-09-23 15:40:00,0.5460251046025105,0.043824701195219085,0.4993298585256887,0.5529369755400819,0.6858567483739253,0.00033407572383073496,0.5,0.5138234214066131,0.3211142304608822,0.19049307487093176,0.6151680342081252,0.2813451824908125,0.530508321137046
2021-09-23 15:50:00,0.5327754532775453,-0.02788844621513953,0.504393149664929,0.5611497946795214,0.6816426954234338,0.00033407572383073496,0.5,0.5138234214066131,0.3211142304608822,0.19049307487093176,0.6151680342081252,0.2813451824908125,0.5369057138977323
2021-09-23 16:00:00,0.5376569037656904,-0.01195219123505975,0.504393149664929,0.5647205856097126,0.6935127141380167,0.00022271714922048998,0.5,0.5632586368659034,0.3082639142316106,0.17231477751032678,0.5695319651107582,0.2862444894255379,0.5346424853267349
2021-09-23 16:10:00,0.5655509065550907,0.1394422310756971,0.504988830975428,0.5568648455632923,0.686249362002853,0.0010022271714922048,0.5,0.5632586368659034,0.3082639142316106,0.17231477751032678,0.5695319651107582,0.2862444894255379,0.612565445026178
2021-09-23 16:20:00,0.5055788005578801,-0.10756972111553798,0.5055845122859268,0.5518657382610248,0.6841030741647145,0.00022271714922048998,0.5,0.5632586368659034,0.3082639142316106,0.17231477751032678,0.5695319651107582,0.2862444894255379,0.4724866846719073
2021-09-23 16:30:00,0.5788005578800558,-0.0916334661354582,0.5023082650781829,0.5497232637029101,0.682009134810433,0.00033407572383073496,0.5,0.5632586368659034,0.3082639142316106,0.17231477751032678,0.5695319651107582,0.2862444894255379,0.6235194713098058
2021-09-23 16:40:00,0.5230125523012552,0.17131474103585642,0.5020104244229335,0.5404392072844135,0.6807396840768999,0.00044543429844097997,0.5,0.5632586368659034,0.3082639142316106,0.17231477751032678,0.5695319651107582,0.2862444894255379,0.5054166603799207
2021-09-23 16:50:00,0.5536959553695956,-0.23505976095617542,0.5037974683544302,0.5382967327262989,0.68842182408292,0.00033407572383073496,0.5,0.5632586368659034,0.3082639142316106,0.17231477751032678,0.5695319651107582,0.2862444894255379,0.5607601430360457
2021-09-23 17:00:00,0.5418410041841004,0.003984063745019917,0.5100521221146683,0.5400821281913943,0.6867204983575663,0.00022271714922048998,0.5,0.5617522112264499,0.3101891628616661,0.17560496994695493,0.5490486611835148,0.29664715316932494,0.5198258822819379
2021-09-23 17:10:00,0.5195258019525802,0.05179282868525892,0.5112434847356664,0.5365113372612034,0.6847574302129275,0.00044543429844097997,0.5,0.5617522112264499,0.3101891628616661,0.17560496994695493,0.5490486611835148,0.29664715316932494,0.5062087903797697
2021-09-23 17:20:00,0.4693165969316597,-0.043824701195219196,0.5106478034251674,0.5365113372612034,0.6775595136825849,0.00022271714922048998,0.5,0.5617522112264499,0.3101891628616661,0.17560496994695493,0.5490486611835148,0.29664715316932494,0.39981441525717826
2021-09-23 17:30:00,0.47419804741980476,-0.02788844621513953,0.5058823529411764,0.5315122299589359,0.6876758581879573,0.00022271714922048998,0.5,0.5617522112264499,0.3101891628616661,0.17560496994695493,0.5490486611835148,0.29664715316932494,0.41453294506389854
2021-09-23 17:40:00,0.49721059972105996,-0.07569721115537853,0.5026061057334326,0.5290126763078022,0.6910261611548075,0.00022271714922048998,0.5,0.5617522112264499,0.3101891628616661,0.17560496994695493,0.5490486611835148,0.29664715316932494,0.4521704361995866
2021-09-23 17:50:00,0.5125523012552301,0.2589641434262948,0.5017125837676841,0.5215140153544011,0.6878852521233854,0.00022271714922048998,0.5,0.5617522112264499,0.3101891628616661,0.17560496994695493,0.5490486611835148,0.29664715316932494,0.49161851019207264
2021-09-23 18:00:00,0.5013947001394701,0.06772908366533859,0.49456440804169755,0.5036600607034458,0.6856342673175327,0.00022271714922048998,0.5,0.4265810114858035,0.3126000339073633,0.2676538892560158,0.6014830764447129,0.32906623349520725,0.46780180152994255
2021-09-23 18:10:00,0.43584379358437936,0.019920318725099362,0.48801191362620977,0.5040171397964648,0.6847443430919632,0.00022271714922048998,0.5,0.4265810114858035,0.3126000339073633,0.2676538892560158,0.6014830764447129,0.32906623349520725,0.3434524797441043
2021-09-23 18:20:00,0.4790794979079498,0.17928286852589648,0.4856291883842141,0.4961613997500447,0.6878852521233854,0.00033407572383073496,0.5,0.4265810114858035,0.3126000339073633,0.2676538892560158,0.6014830764447129,0.32906623349520725,0.4087239917316716
2021-09-23 18:30:00,0.394700139470014,0.03585657370517925,0.4850335070737155,0.4850919478664524,0.6842732067372499,0.00022271714922048998,0.5,0.4265810114858035,0.3126000339073633,0.2676538892560158,0.6014830764447129,0.32906623349520725,0.25840789414125565
2021-09-23 18:40:00,0.41352859135285913,0.05976095617529875,0.48741623231571096,0.49151937154079617,0.6784886992710474,0.00022271714922048998,0.5,0.4265810114858035,0.3126000339073633,0.2676538892560158,0.6014830764447129,0.32906623349520725,0.29277124794423404
2021-09-23 18:50:00,0.3702928870292887,-0.17928286852589637,0.4850335070737155,0.4825923942153185,0.6812369946735417,0.00022271714922048998,0.5,0.4265810114858035,0.3126000339073633,0.2676538892560158,0.6014830764447129,0.32906623349520725,0.23384432005069636
2021-09-23 19:00:00,0.43235704323570434,0.14741035856573692,0.481459419210722,0.4683092304945544,0.6769836803601575,0.00033407572383073496,0.5,0.4154089939274028,0.32110560994462856,0.27281002470719573,0.5367274283605895,0.3445259740005198,0.32108423736741254
2021-09-23 19:10:00,0.3933054393305439,-0.02788844621513953,0.4763961280714817,0.4558114622388858,0.6812369946735417,0.00022271714922048998,0.5,0.4154089939274028,0.32110560994462856,0.27281002470719573,0.5367274283605895,0.3445259740005198,0.28613998823121145
2021-09-23 19:20:00,0.4504881450488145,-0.03585657370517936,0.47133283693224115,0.4443849312622745,0.6812369946735417,0.00033407572383073496,0.5,0.4154089939274028,0.32110560994462856,0.27281002470719573,0.5367274283605895,0.3445259740005198,0.3542933445991822
2021-09-23 19:30:00,0.4909344490934449,0.2669322709163344,0.46329113924050613,0.42831637207641493,0.6812369946735417,0.00022271714922048998,0.5,0.4154089939274028,0.32110560994462856,0.27281002470719573,0.5367274283605895,0.3445259740005198,0.42672420296633823
2021-09-23 19:40:00,0.5097629009762901,0.2669322709163344,0.4573343261355174,0.4193893947509373,0.6812369946735417,0.00022271714922048998,0.5,0.4154089939274028,0.32110560994462856,0.27281002470719573,0.5367274283605895,0.3445259740005198,0.45058617619988833
2021-09-23 19:50:00,0.5258019525801952,0.4661354581673305,0.45227103499627686,0.40867702196036415,0.6814071272460771,0.00022271714922048998,0.5,0.4154089939274028,0.32110560994462856,0.27281002470719573,0.5367274283605895,0.3445259740005198,0.48259577228902945
2021-09-23 20:00:00,0.41352859135285913,-0.14741035856573714,0.4463142218912881,0.40867702196036415,0.6855819188336758,0.00033407572383073496,0.5,0.4093588769080885,0.32237282583396515,0.2793048100470265,0.37982262014935436,0.32042884655378234,0.28908972946874484
2021-09-23 20:10:00,0.44421199442119946,0.2669322709163344,0.4418466120625464,0.40724870558828763,0.6812369946735417,0.00033407572383073496,0.5,0.4093588769080885,0.32237282583396515,0.2793048100470265,0.37982262014935436,0.32042884655378234,0.33498046079333704
2021-09-23 20:20:00,0.3821478382147839,0.027888446215139417,0.43678332092330585,0.39903588644884835,0.6812369946735417,0.00022271714922048998,0.5,0.4093588769080885,0.32237282583396515,0.2793048100470265,0.37982262014935436,0.32042884655378234,0.25752523499856667
2021-09-23 20:30:00,0.37866108786610875,0.019920318725099362,0.434102755026061,0.3940367791465811,0.6812369946735417,0.00033407572383073496,0.5,0.4093588769080885,0.32237282583396515,0.2793048100470265,0.37982262014935436,0.32042884655378234,0.2549300662371562
2021-09-23 20:40:00,0.3598326359832636,-0.01195219123505975,0.42993298585256867,0.38832351365827544,0.6812369946735417,0.00033407572383073496,0.5,0.4093588769080885,0.32237282583396515,0.2793048100470265,0.37982262014935436,0.32042884655378234,0.22760535328997994
2021-09-23 20:50:00,0.36401673640167365,0.03585657370517925,0.4257632166790766,0.3811819317978933,0.6812369946735417,0.00033407572383073496,0.5,0.4093588769080885,0.32237282583396515,0.2793048100470265,0.37982262014935436,0.32042884655378234,0.22885012900402857
2021-09-23 21:00:00,0.2754532775453278,-0.298804780876494,0.42189128816083366,0.37511158721656845,0.6749551766106974,0.00022271714922048998,0.5,0.4017290241586431,0.33991270290540154,0.28734888353479665,0.3548326438183291,0.2647227312215534,0.13572581740271888
2021-09-23 21:10:00,0.29009762900976294,0.1872509960159361,0.4180193596425912,0.36725584717014814,0.6673384722094986,0.00011135857461024499,0.5,0.4017290241586431,0.33991270290540154,0.28734888353479665,0.3548326438183291,0.2647227312215534,0.1523379151138404
2021-09-23 21:20:00,0.2880055788005579,0.4501992031872508,0.4162323157110943,0.35725763256561316,0.6673384722094986,0.00011135857461024499,0.5,0.4017290241586431,0.33991270290540154,0.28734888353479665,0.3548326438183291,0.2647227312215534,0.16068168444558445
2021-09-23 21:30:00,0.28521617852161785,0.15537848605577675,0.41325390915860005,0.34797357614711655,0.6673384722094986,0.00011135857461024499,0.5,0.4017290241586431,0.33991270290540154,0.28734888353479665,0.3548326438183291,0.2647227312215534,0.1620622538738929
2021-09-23 21:40:00,0.3242677824267783,-0.2270916334661356,0.4114668652271034,0.34475986430994454,0.6673384722094986,0.00011135857461024499,0.5,0.4017290241586431,0.33991270290540154,0.28734888353479665,0.3548326438183291,0.2647227312215534,0.1735217345383768
2021-09-23 21:50:00,0.3242677824267783,-0.5298804780876495,0.4069992553983617,0.34511694340296395,0.6673384722094986,0.00011135857461024499,0.5,0.4017290241586431,0.33991270290540154,0.28734888353479665,0.3548326438183291,0.2647227312215534,0.17358208730027008
2021-09-23 22:00:00,0.3158995815899582,-0.6095617529880479,0.4069992553983617,0.34297446884484906,0.666448547983929,0.00011135857461024499,0.5,0.3431005632336219,0.3478924274511734,0.3301212583968387,0.35986553661418635,0.22429306153341325,0.15383919006593538
2021-09-23 22:10:00,0.2635983263598326,-0.12350597609561753,0.4064035740878629,0.3379753615425818,0.6534530368664199,0.00011135857461024499,0.5,0.3431005632336219,0.3478924274511734,0.3301212583968387,0.35986553661418635,0.22429306153341325,0.11568870045415454
2021-09-23 22:20:00,0.24476987447698745,-0.5139442231075697,0.4043186895011168,0.3333333333333335,0.6534530368664199,0.00022271714922048998,0.5,0.3431005632336219,0.3478924274511734,0.3301212583968387,0.35986553661418635,0.22429306153341325,0.09423329360109842
2021-09-23 22:30:00,0.20641562064156208,0.10756972111553775,0.4043186895011168,0.33369041242635245,0.6412951014906231,0.00022271714922048998,0.5,0.3431005632336219,0.3478924274511734,0.3301212583968387,0.35986553661418635,0.22429306153341325,0.07560692246178916
2021-09-23 22:40:00,0.1771269177126918,0.4581673306772909,0.40104244229337294,0.3329762542403143,0.6396722984910549,0.00022271714922048998,0.5,0.3431005632336219,0.3478924274511734,0.3301212583968387,0.35986553661418635,0.22429306153341325,0.058866575131644464
2021-09-23 22:50:00,0.1708507670850767,0.6972111553784857,0.39806403574087845,0.3326191751472951,0.6410202719503737,0.00022271714922048998,0.5,0.3431005632336219,0.3478924274511734,0.3301212583968387,0.35986553661418635,0.22429306153341325,0.055200144846628545
2021-09-23 23:00:00,0.19386331938633192,-0.4900398406374503,0.39776619508562905,0.3276200678450276,0.6538325633743833,0.00022271714922048998,0.5,0.32615529265168064,0.3554353791734089,0.3479932996489658,0.3821169067037221,0.20063163527328856,0.059990645321906545
2021-09-23 23:10:00,0.21408647140864714,-0.2749003984063746,0.3953834698436334,0.325120514193894,0.631388150920679,0.00033407572383073496,0.5,0.32615529265168064,0.3554353791734089,0.3479932996489658,0.3821169067037221,0.20063163527328856,0.07736469665193053
2021-09-23 23:20:00,0.23709902370990238,0.29083665338645415,0.39359642591213695,0.3186930905195502,0.6310609728965725,0.00044543429844097997,0.5,0.32615529265168064,0.3554353791734089,0.3479932996489658,0.3821169067037221,0.20063163527328856,0.09525174645804729
2021-09-23 23:30:00,0.2580195258019526,-0.059760956175298974,0.3921072226358895,0.3090519550080342,0.6370810485401316,0.00044543429844097997,0.5,0.32615529265168064,0.3554353791734089,0.3479932996489658,0.3821169067037221,0.20063163527328856,0.10496099702762647
2021-09-23 23:40:00,0.25662482566248257,-0.11553784860557781,0.3915115413253907,0.30476700589180505,0.6370810485401316,0.00044543429844097997,0.5,0.32615529265168064,0.3554353791734089,0.3479932996489658,0.3821169067037221,0.20063163527328856,0.10413114655159407
2021-09-23 23:50:00,0.22036262203626222,-0.19521912350597614,0.3894266567386446,0.30298161042670957,0.6370810485401316,0.00033407572383073496,0.5,0.32615529265168064,0.3554353791734089,0.3479932996489658,0.3821169067037221,0.20063163527328856,0.07937142598488163
2021-09-24 00:00:00,0.19595536959553697,-0.4661354581673308,0.3894266567386446,0.3036957686127477,0.6370810485401316,0.00022271714922048998,0.5,0.284936210548715,0.35441528475002,0.3514210854096927,0.3953314982041242,0.1891329133413194,0.06481886627336783
2021-09-24 00:10:00,0.17224546722454673,-0.3705179282868527,0.3876396128071482,0.3040528477057669,0.6370810485401316,0.00022271714922048998,0.5,0.284936210548715,0.35441528475002,0.3514210854096927,0.3953314982041242,0.1891329133413194,0.05738793246525944
2021-09-24 00:20:00,0.16875871687587168,-0.3944223107569722,0.38644825018615014,0.3008391358685949,0.6370810485401316,0.00022271714922048998,0.5,0.284936210548715,0.35441528475002,0.3514210854096927,0.3953314982041242,0.1891329133413194,0.05172986103776574
2021-09-24 00:30:00,0.1680613668061367,-0.17131474103585675,0.38198064035740864,0.30048205677557593,0.6250932457368703,0.00022271714922048998,0.5,0.284936210548715,0.35441528475002,0.3514210854096927,0.3953314982041242,0.1891329133413194,0.04940627970487499
2021-09-24 00:40:00,0.19804741980474197,0.07569721115537842,0.3804914370811614,0.29726834493840393,0.6206567117299865,0.00022271714922048998,0.5,0.284936210548715,0.35441528475002,0.3514210854096927,0.3953314982041242,0.1891329133413194,0.06810054770131418
2021-09-24 00:50:00,0.1589958158995816,0.3705179282868525,0.3804914370811614,0.29691126584538474,0.6206567117299865,0.00022271714922048998,0.5,0.284936210548715,0.35441528475002,0.3514210854096927,0.3953314982041242,0.1891329133413194,0.044721396562910215
2021-09-24 01:00:00,0.2315202231520223,-0.4820717131474104,0.3781087118391657,0.29548294947330844,0.6112208975147557,0.00022271714922048998,0.5,0.19975392090581634,0.353285997120746,0.3940097066066481,0.3917831969482153,0.18494403786878644,0.08452404303151924
2021-09-24 01:10:00,0.2691771269177127,-0.6095617529880479,0.3772151898734175,0.28869844670594547,0.6042192877988772,0.00033407572383073496,0.5,0.19975392090581634,0.353285997120746,0.3940097066066481,0.3917831969482153,0.18494403786878644,0.10987974712192768
2021-09-24 01:20:00,0.298465829846583,-0.5219123505976095,0.3772151898734175,0.283699339403678,0.6042192877988772,0.00033407572383073496,0.5,0.19975392090581634,0.353285997120746,0.3940097066066481,0.3917831969482153,0.18494403786878644,0.1331155604508351
2021-09-24 01:30:00,0.3089260808926081,-0.4820717131474104,0.3772151898734175,0.28262810212462064,0.6042192877988772,0.00033407572383073496,0.5,0.19975392090581634,0.353285997120746,0.3940097066066481,0.3917831969482153,0.18494403786878644,0.14113493368740287
2021-09-24 01:40:00,0.32566248256624825,-0.6334661354581674,0.3772151898734175,0.28262810212462064,0.6042192877988772,0.00033407572383073496,0.5,0.19975392090581634,0.353285997120746,0.3940097066066481,0.3917831969482153,0.18494403786878644,0.15691718092249196
2021-09-24 01:50:00,0.31450488145048816,0.1872509960159361,0.3772151898734175,0.2772719157293342,0.6111031134260775,0.00033407572383073496,0.5,0.19975392090581634,0.353285997120746,0.3940097066066481,0.3917831969482153,0.18494403786878644,0.15755088492237126
2021-09-24 02:00:00,0.3089260808926081,-0.17928286852589637,0.3772151898734175,0.2740582038921622,0.6146497232073915,0.00033407572383073496,0.5,0.1888994914654445,0.3527630191346732,0.4040767189939785,0.3792345786930919,0.1739104426456471,0.1496295849238801
2021-09-24 02:10:00,0.35146443514644354,-0.298804780876494,0.3772151898734175,0.2772719157293342,0.5981730379133895,0.00033407572383073496,0.5,0.1888994914654445,0.3527630191346732,0.4040767189939785,0.3792345786930919,0.1739104426456471,0.19770055977186657
2021-09-24 02:20:00,0.34309623430962344,0.11553784860557759,0.3772151898734175,0.27941439028744863,0.5904385494235123,0.00033407572383073496,0.5,0.1888994914654445,0.3527630191346732,0.4040767189939785,0.3792345786930919,0.1739104426456471,0.18163918101302112
2021-09-24 02:30:00,0.299163179916318,0.40239043824701204,0.3772151898734175,0.2737011247991432,0.5978851212521757,0.00033407572383073496,0.5,0.1888994914654445,0.3527630191346732,0.4040767189939785,0.3792345786930919,0.1739104426456471,0.1411123014016929
2021-09-24 02:40:00,0.28172942817294283,0.3705179282868525,0.3772151898734175,0.2719157293340475,0.6042978105246627,0.00033407572383073496,0.5,0.1888994914654445,0.3527630191346732,0.4040767189939785,0.3792345786930919,0.1739104426456471,0.12541303921420704
2021-09-24 02:50:00,0.27266387726638774,0.2828685258964143,0.3772151898734175,0.2719157293340475,0.6042978105246627,0.00033407572383073496,0.5,0.1888994914654445,0.3527630191346732,0.4040767189939785,0.3792345786930919,0.1739104426456471,0.12054709778656246
2021-09-24 03:00:00,0.23221757322175732,0.29083665338645415,0.37513030528667146,0.2719157293340475,0.6152648178927118,0.00033407572383073496,0.5,0.1876373772064317,0.35708189777791854,0.40256141703116216,0.37677243140477246,0.1558988330795046,0.08766238664996907
2021-09-24 03:10:00,0.21687587168758715,0.043824701195219085,0.3730454206999252,0.2740582038921622,0.6180916360209917,0.00033407572383073496,0.5,0.1876373772064317,0.35708189777791854,0.40256141703116216,0.37677243140477246,0.1558988330795046,0.08585934788840775
2021-09-24 03:20:00,0.2315202231520223,0.14741035856573692,0.37155621742367817,0.27584359935725766,0.6180916360209917,0.00022271714922048998,0.5,0.1876373772064317,0.35708189777791854,0.40256141703116216,0.37677243140477246,0.1558988330795046,0.08653077236447033
2021-09-24 03:30:00,0.23570432357043236,0.38645418326693215,0.37155621742367817,0.27441528298518114,0.6180916360209917,0.00044543429844097997,0.5,0.1876373772064317,0.35708189777791854,0.40256141703116216,0.37677243140477246,0.1558988330795046,0.09173619807776454
2021-09-24 03:40:00,0.25732217573221755,-0.24302788844621515,0.37155621742367817,0.2719157293340475,0.6136289277721794,0.00022271714922048998,0.5,0.1876373772064317,0.35708189777791854,0.40256141703116216,0.37677243140477246,0.1558988330795046,0.11107925826455634
2021-09-24 03:50:00,0.26638772663877264,-0.1394422310756973,0.37006701414743093,0.2719157293340475,0.6043370718875554,0.00022271714922048998,0.5,0.1876373772064317,0.35708189777791854,0.40256141703116216,0.37677243140477246,0.1558988330795046,0.11426286645442613
2021-09-24 04:00:00,0.25313807531380755,-0.2270916334661356,0.3655994043186892,0.26691662203178,0.6043370718875554,0.00022271714922048998,0.5,0.12292617994058475,0.3496136571965494,0.4546920401437717,0.3790600729632089,0.1436223593834144,0.10746563664619702
2021-09-24 04:10:00,0.2594142259414226,-0.298804780876494,0.3655994043186892,0.26477414747366557,0.6043370718875554,0.00022271714922048998,0.5,0.12292617994058475,0.3496136571965494,0.4546920401437717,0.3790600729632089,0.1436223593834144,0.11175822683585557
2021-09-24 04:20:00,0.22454672245467225,0.2669322709163344,0.3638123603871928,0.26477414747366557,0.6062216173064088,0.00033407572383073496,0.5,0.12292617994058475,0.3496136571965494,0.4546920401437717,0.3790600729632089,0.1436223593834144,0.08306803265084418
2021-09-24 04:30:00,0.17782426778242677,-0.019920318725099695,0.36262099776619494,0.2640599892876272,0.6181963329887058,0.00022271714922048998,0.5,0.12292617994058475,0.3496136571965494,0.4546920401437717,0.3790600729632089,0.1436223593834144,0.056799493036800104
2021-09-24 04:40:00,0.19665271966527195,0.08366533864541825,0.36262099776619494,0.26477414747366557,0.6181963329887058,0.00022271714922048998,0.5,0.12292617994058475,0.3496136571965494,0.4546920401437717,0.3790600729632089,0.1436223593834144,0.06958673446293585
2021-09-24 04:50:00,0.19316596931659694,0.6414342629482073,0.3611317944899479,0.26477414747366557,0.6181963329887058,0.00022271714922048998,0.5,0.12292617994058475,0.3496136571965494,0.4546920401437717,0.3790600729632089,0.1436223593834144,0.06180122817870453
2021-09-24 05:00:00,0.1806136680613668,0.11553784860557759,0.356664184661206,0.26477414747366557,0.6181963329887058,0.00022271714922048998,0.5,0.11859418061965377,0.3547112558080731,0.4600733974784533,0.37766516626630464,0.1337506374183293,0.06652383179685262
2021-09-24 05:10:00,0.21548117154811713,-0.33864541832669326,0.356664184661206,0.26477414747366557,0.6153171663765687,0.00022271714922048998,0.5,0.11859418061965377,0.3547112558080731,0.4600733974784533,0.37766516626630464,0.1337506374183293,0.08275118065090453
2021-09-24 05:20:00,0.23221757322175732,0.298804780876494,0.35577066269545776,0.26191751472951275,0.6039837196215204,0.00033407572383073496,0.5,0.11859418061965377,0.3547112558080731,0.4600733974784533,0.37766516626630464,0.1337506374183293,0.08899014741162092
2021-09-24 05:30:00,0.2280334728033473,0.33864541832669315,0.3533879374534623,0.25513301196214955,0.6039837196215204,0.00033407572383073496,0.5,0.11859418061965377,0.3547112558080731,0.4600733974784533,0.37766516626630464,0.1337506374183293,0.0898652624590733
2021-09-24 05:40:00,0.2622036262203626,0.17928286852589648,0.3533879374534623,0.25013390465988206,0.6039837196215204,0.00022271714922048998,0.5,0.11859418061965377,0.3547112558080731,0.4600733974784533,0.37766516626630464,0.1337506374183293,0.1119015646453521
2021-09-24 05:50:00,0.2524407252440725,0.394422310756972,0.3533879374534623,0.24656311372969109,0.6039837196215204,0.00022271714922048998,0.5,0.11859418061965377,0.3547112558080731,0.4600733974784533,0.37766516626630464,0.1337506374183293,0.10784284140802992
2021-09-24 06:00:00,0.2280334728033473,0.3306772908366533,0.3486224869694712,0.24370648098553827,0.6147282459331772,0.00022271714922048998,0.5,0.045406295662464125,0.357897973316628,0.5703098715791415,0.40272889753176094,0.13923904833176232,0.08849223712600147
2021-09-24 06:10:00,0.17433751743375175,0.5298804780876492,0.34772896500372297,0.24442063917157664,0.6225936056326968,0.00022271714922048998,0.5,0.045406295662464125,0.357897973316628,0.5703098715791415,0.40272889753176094,0.13923904833176232,0.05492855741810885
2021-09-24 06:20:00,0.14644351464435149,0.043824701195219085,0.3453462397617275,0.24692019282271027,0.6342411432908874,0.00022271714922048998,0.5,0.045406295662464125,0.357897973316628,0.5703098715791415,0.40272889753176094,0.13923904833176232,0.04467613199149026
2021-09-24 06:30:00,0.16108786610878661,0.027888446215139417,0.34028294862248676,0.2508480628459204,0.6342411432908874,0.00022271714922048998,0.5,0.045406295662464125,0.357897973316628,0.5703098715791415,0.40272889753176094,0.13923904833176232,0.05194109570439217
2021-09-24 06:40:00,0.19665271966527195,-0.4183266932270917,0.3381980640357407,0.24692019282271027,0.6263103479865465,0.00022271714922048998,0.5,0.045406295662464125,0.357897973316628,0.5703098715791415,0.40272889753176094,0.13923904833176232,0.06880969265356006
2021-09-24 06:50:00,0.24267782426778242,-0.3545816733067729,0.33581533879374503,0.24406356007855767,0.6131708785384303,0.00033407572383073496,0.5,0.045406295662464125,0.357897973316628,0.5703098715791415,0.40272889753176094,0.13923904833176232,0.09737163721954825
2021-09-24 07:00:00,0.2608089260808926,0.3067729083665336,0.33581533879374503,0.2369219782181753,0.6102524505634005,0.00033407572383073496,0.5,0.05410288027274812,0.37147241291123534,0.6149086234491742,0.4193573624724244,0.13173988663862027,0.11491165864477873
2021-09-24 07:10:00,0.2831241283124128,0.2749003984063745,0.33581533879374503,0.23299410819496535,0.6177513708759209,0.00033407572383073496,0.5,0.05410288027274812,0.37147241291123534,0.6149086234491742,0.4193573624724244,0.13173988663862027,0.12501320216666417
2021-09-24 07:20:00,0.25871687587168757,-0.019920318725099695,0.33581533879374503,0.22692376361364053,0.6279854994699716,0.00033407572383073496,0.5,0.05410288027274812,0.37147241291123534,0.6149086234491742,0.4193573624724244,0.13173988663862027,0.1113583897883127
2021-09-24 07:30:00,0.33891213389121344,-0.1633466135458168,0.33581533879374503,0.22835207998571683,0.6177382837549568,0.00033407572383073496,0.5,0.05410288027274812,0.37147241291123534,0.6149086234491742,0.4193573624724244,0.13173988663862027,0.19041296377325467
2021-09-24 07:40:00,0.34658298465829845,-0.2589641434262948,0.3373045420699925,0.23227995000892698,0.6177382837549568,0.00033407572383073496,0.5,0.05410288027274812,0.37147241291123534,0.6149086234491742,0.4193573624724244,0.13173988663862027,0.21461442129245442
2021-09-24 07:50:00,0.33054393305439334,0.09960159362549792,0.3384959046909901,0.23299410819496535,0.6177382837549568,0.00033407572383073496,0.5,0.05410288027274812,0.37147241291123534,0.6149086234491742,0.4193573624724244,0.13173988663862027,0.18611282948835947
2021-09-24 08:00:00,0.3319386331938633,-0.05179282868525903,0.3414743112434846,0.23299410819496535,0.6177382837549568,0.00033407572383073496,0.5,0.05851629448509987,0.36876557080748507,0.6048671007006862,0.43036183736692063,0.14317281461898135,0.19403412948685064
2021-09-24 08:10:00,0.300557880055788,0.4422310756972112,0.3450483991064779,0.23370826638100328,0.6177382837549568,0.00033407572383073496,0.5,0.05851629448509987,0.36876557080748507,0.6048671007006862,0.43036183736692063,0.14317281461898135,0.14656668225779682
2021-09-24 08:20:00,0.2649930264993026,0.33864541832669315,0.34772896500372297,0.235493661846099,0.6283912002198636,0.00033407572383073496,0.5,0.05851629448509987,0.36876557080748507,0.6048671007006862,0.43036183736692063,0.14317281461898135,0.1199963788342864
2021-09-24 08:30:00,0.2712691771269177,0.38645418326693215,0.3495160089352196,0.23620782003213714,0.636191124314562,0.00033407572383073496,0.5,0.05851629448509987,0.36876557080748507,0.6048671007006862,0.43036183736692063,0.14317281461898135,0.11896283778686423
2021-09-24 08:40:00,0.2601115760111576,-0.29083665338645437,0.35070737155621723,0.24156400642742382,0.6404706128698747,0.00033407572383073496,0.5,0.05851629448509987,0.36876557080748507,0.6048671007006862,0.43036183736692063,0.14317281461898135,0.10591155302744541
2021-09-24 08:50:00,0.2719665271966527,0.49003984063745,0.3539836187639609,0.24370648098553827,0.6316237190980356,0.00033407572383073496,0.5,0.05851629448509987,0.36876557080748507,0.6048671007006862,0.43036183736692063,0.14317281461898135,0.11555290673989468
2021-09-24 09:00:00,0.28870292887029286,0.41035856573705165,0.357259865971705,0.24370648098553827,0.6316237190980356,0.00033407572383073496,0.5,0.15785897179762798,0.37093219389265103,0.5104888595694635,0.39457234132202523,0.17369557042224967,0.12588077311887988
2021-09-24 09:10:00,0.2768479776847978,0.2589641434262948,0.3620253164556959,0.24370648098553827,0.6316237190980356,0.00033407572383073496,0.5,0.15785897179762798,0.37093219389265103,0.5104888595694635,0.39457234132202523,0.17369557042224967,0.11721260769195951
2021-09-24 09:20:00,0.25523012552301255,0.43426294820717115,0.3644080416976916,0.24442063917157664,0.6316237190980356,0.00033407572383073496,0.5,0.15785897179762798,0.37093219389265103,0.5104888595694635,0.39457234132202523,0.17369557042224967,0.10366341264692125
2021-09-24 09:30:00,0.24686192468619247,0.17131474103585642,0.36619508562918823,0.2483485091947868,0.6316237190980356,0.00022271714922048998,0.5,0.15785897179762798,0.37093219389265103,0.5104888595694635,0.39457234132202523,0.17369557042224967,0.10049489264752479
2021-09-24 09:40:00,0.2510460251046025,0.3705179282868525,0.3733432613551748,0.2540617746830922,0.6316237190980356,0.00022271714922048998,0.5,0.15785897179762798,0.37093219389265103,0.5104888595694635,0.39457234132202523,0.17369557042224967,0.10814460521749626
2021-09-24 09:50:00,0.27266387726638774,0.25099601593625476,0.3801935964259122,0.26013211926441704,0.6396068628862337,0.00033407572383073496,0.5,0.15785897179762798,0.37093219389265103,0.5104888595694635,0.39457234132202523,0.17369557042224967,0.12580533216651327
2021-09-24 10:00:00,0.3417015341701534,-0.26693227091633476,0.38615040953090074,0.2676307802178184,0.6566332072607347,0.00033407572383073496,0.5,0.4050838780170789,0.36028010930814774,0.2960748365651279,0.39499997167242756,0.21918429921001595,0.1878404272975542
2021-09-24 10:10:00,0.35564853556485354,-0.3067729083665339,0.3888309754281456,0.27298696661310484,0.6592898928164793,0.00033407572383073496,0.5,0.4050838780170789,0.36028010930814774,0.2960748365651279,0.39499997167242756,0.21918429921001595,0.21726239872052147
2021-09-24 10:20:00,0.3528591352859135,0.17928286852589648,0.39448994787788516,0.27584359935725766,0.6592898928164793,0.00033407572383073496,0.5,0.4050838780170789,0.36028010930814774,0.2960748365651279,0.39499997167242756,0.21918429921001595,0.2061876669131071
2021-09-24 10:30:00,0.3075313807531381,-0.5139442231075697,0.4001489203276245,0.28262810212462064,0.6592898928164793,0.00022271714922048998,0.5,0.4050838780170789,0.36028010930814774,0.2960748365651279,0.39499997167242756,0.21918429921001595,0.15730192977956153
2021-09-24 10:40:00,0.29218967921896793,0.08366533864541825,0.4081906180193595,0.29548294947330844,0.6636348169766133,0.00022271714922048998,0.5,0.4050838780170789,0.36028010930814774,0.2960748365651279,0.39499997167242756,0.21918429921001595,0.14495224587715194
2021-09-24 10:50:00,0.3354253835425383,0.10756972111553775,0.4153387937453461,0.3044099267987861,0.6592898928164793,0.00022271714922048998,0.5,0.4050838780170789,0.36028010930814774,0.2960748365651279,0.39499997167242756,0.21918429921001595,0.18607510901217617
2021-09-24 11:00:00,0.33891213389121344,0.3067729083665336,0.42159344750558425,0.3090519550080342,0.6592898928164793,0.00033407572383073496,0.5,0.4326962670888721,0.3552371072995666,0.2714631319005113,0.38146958465110464,0.26527730044750647,0.19364938062978107
2021-09-24 11:10:00,0.3117154811715481,0.043824701195219085,0.42963514519731927,0.32083556507766486,0.6553768436481658,0.00044543429844097997,0.5,0.4326962670888721,0.3552371072995666,0.2714631319005113,0.38146958465110464,0.26527730044750647,0.16791647177753974
2021-09-24 11:20:00,0.33333333333333337,0.05179282868525892,0.4379746835443037,0.3361899660774863,0.6557694572770937,0.00033407572383073496,0.5,0.4326962670888721,0.3552371072995666,0.2714631319005113,0.38146958465110464,0.26527730044750647,0.17940612882297027
2021-09-24 11:30:00,0.36541143654114366,0.2350597609561753,0.4457185405807891,0.35011605070523144,0.6674039078143199,0.00033407572383073496,0.5,0.4326962670888721,0.3552371072995666,0.2714631319005113,0.38146958465110464,0.26527730044750647,0.21671922386348205
2021-09-24 11:40:00,0.34658298465829845,0.019920318725099362,0.4528667163067759,0.36225673986788065,0.6557171087932365,0.00033407572383073496,0.5,0.4326962670888721,0.3552371072995666,0.2714631319005113,0.38146958465110464,0.26527730044750647,0.1920198560586629
2021-09-24 11:50:00,0.3368200836820084,-0.17928286852589637,0.4623976172747577,0.3740403499375111,0.6466869953278978,0.00022271714922048998,0.5,0.4326962670888721,0.3552371072995666,0.2714631319005113,0.38146958465110464,0.26527730044750647,0.1954901398675257
2021-09-24 12:00:00,0.3772663877266388,-0.11553784860557781,0.4746090841399848,0.36904124263524385,0.64143905982123,0.00033407572383073496,0.5,0.44504081250794214,0.3359817474935871,0.25218814599907147,0.36470536289560734,0.28787667309262743,0.23747302985952892
2021-09-24 12:10:00,0.31729428172942814,0.043824701195219085,0.4850335070737155,0.37832529905374046,0.6520134535603513,0.00022271714922048998,0.5,0.44504081250794214,0.3359817474935871,0.25218814599907147,0.36470536289560734,0.28787667309262743,0.17420070310967606
2021-09-24 12:20:00,0.3451882845188285,0.01195219123505975,0.4939687267311985,0.39010890912337093,0.6446323173365092,0.00022271714922048998,0.5,0.44504081250794214,0.3359817474935871,0.25218814599907147,0.36470536289560734,0.28787667309262743,0.19349849872504793
2021-09-24 12:30:00,0.3451882845188285,-0.13147410358565736,0.5032017870439314,0.4015354400999822,0.6445668817316879,0.00022271714922048998,0.5,0.44504081250794214,0.3359817474935871,0.25218814599907147,0.36470536289560734,0.28787667309262743,0.1848378773933642
2021-09-24 12:40:00,0.3110181311018131,0.21912350597609564,0.512434847356664,0.41439028744867,0.6297653479211108,0.00022271714922048998,0.5,0.44504081250794214,0.3359817474935871,0.25218814599907147,0.36470536289560734,0.28787667309262743,0.15878057244594657
2021-09-24 12:50:00,0.29428172942817293,-0.03585657370517936,0.5246463142218911,0.42974468844849145,0.6510450066089961,0.00022271714922048998,0.5,0.44504081250794214,0.3359817474935871,0.25218814599907147,0.36470536289560734,0.28787667309262743,0.1240475579763719
2021-09-24 13:00:00,0.3410041841004184,-0.08366533864541836,0.5329858525688755,0.4515265131226567,0.6585439269215165,0.00022271714922048998,0.5,0.6122704015011557,0.31610858402273634,0.15457589108797265,0.35739482767804814,0.30329278409805477,0.1913861520587836
2021-09-24 13:10:00,0.33054393305439334,-0.019920318725099695,0.5422189128816082,0.452954829494733,0.6672861237256416,0.00022271714922048998,0.5,0.6122704015011557,0.31610858402273634,0.15457589108797265,0.35739482767804814,0.30329278409805477,0.17694675377581967
2021-09-24 13:20:00,0.3054393305439331,0.07569721115537842,0.5484735666418465,0.45866809498303884,0.6864718430592454,0.00022271714922048998,0.5,0.6122704015011557,0.31610858402273634,0.15457589108797265,0.35739482767804814,0.30329278409805477,0.15885601339831315
2021-09-24 13:30:00,0.2175732217573222,-0.2509960159362551,0.5556217423678329,0.4633101231922869,0.6803863318108649,0.00022271714922048998,0.5,0.6122704015011557,0.31610858402273634,0.15457589108797265,0.35739482767804814,0.30329278409805477,0.07270998989091239
2021-09-24 13:40:00,0.23430962343096234,-0.19521912350597614,0.5636634400595679,0.4818782360292806,0.658975801913337,0.00022271714922048998,0.5,0.6122704015011557,0.31610858402273634,0.15457589108797265,0.35739482767804814,0.30329278409805477,0.08382244217451001
2021-09-24 13:50:00,0.1499302649930265,0.019920318725099362,0.5725986597170512,0.49866095340117833,0.6527332452133855,0.015812917594654786,0.5,0.6122704015011557,0.31610858402273634,0.15457589108797265,0.35739482767804814,0.30329278409805477,0.023439503900297236
2021-09-24 14:00:00,0.13528591352859135,0.4820717131474104,0.5860014892032761,0.4918764506338156,0.6520658020442083,0.3477728285077951,0.5,0.6165291240844992,0.29398259230417895,0.14100982340245594,0.3109420026930344,0.3282605083673937,0.0
2021-09-24 14:10:00,0.24407252440725244,0.07569721115537842,0.6002978406552493,0.497589716122121,0.6512282263024958,0.846770601336303,0.5,0.6165291240844992,0.29398259230417895,0.14100982340245594,0.3109420026930344,0.3282605083673937,0.0
2021-09-24 14:20:00,0.17782426778242677,0.4661354581673305,0.6137006701414742,0.5443670773076237,0.6550104042611665,0.0032293986636971047,0.5,0.6165291240844992,0.29398259230417895,0.14100982340245594,0.3109420026930344,0.3282605083673937,0.03624183351690632
2021-09-24 14:30:00,0.28451882845188287,-0.4820717131474104,0.622338049143708,0.5875736475629352,0.6738035099658426,0.00011135857461024499,0.5,0.6165291240844992,0.29398259230417895,0.14100982340245594,0.3109420026930344,0.3282605083673937,0.09902379407637642
2021-09-24 14:40:00,0.17433751743375175,0.5458167330677288,0.6160833953834697,0.5632922692376363,0.6571436049783408,0.00011135857461024499,0.5,0.6165291240844992,0.29398259230417895,0.14100982340245594,0.3109420026930344,0.3282605083673937,0.0477239464671002
2021-09-24 14:50:00,0.16875871687587168,-0.4342629482071714,0.619657483246463,0.5615068737725406,0.6941932444281583,0.3278396436525613,0.5,0.6165291240844992,0.29398259230417895,0.14100982340245594,0.3109420026930344,0.3282605083673937,0.0017577741901413765
2021-09-24 15:00:00,0.15341701534170155,0.14741035856573692,0.6339538346984361,0.5854311730048205,0.6564238133253066,0.013585746102449888,0.5,0.6193872170282197,0.27343702856551844,0.1346746970442291,0.24439690692909866,0.3727718666674581,0.020263439805664106
2021-09-24 15:10:00,0.1499302649930265,0.41035856573705165,0.6416976917349215,0.62542403142296,0.6948476004763713,0.7169265033407572,0.5,0.6193872170282197,0.27343702856551844,0.1346746970442291,0.24439690692909866,0.3727718666674581,0.0
2021-09-24 15:20:00,0.19177126917712692,0.1872509960159361,0.6530156366344004,0.6222103195857882,0.7226184711625289,0.05868596881959911,0.5,0.6193872170282197,0.27343702856551844,0.1346746970442291,0.24439690692909866,0.3727718666674581,0.030168836851396413
2021-09-24 15:30:00,0.13458856345885634,0.4262948207171313,0.6524199553239014,0.6239957150508837,0.7462930729868736,0.00011135857461024499,0.5,0.6193872170282197,0.27343702856551844,0.1346746970442291,0.24439690692909866,0.3727718666674581,0.026057304947417655
2021-09-24 15:40:00,0.08577405857740586,0.4262948207171313,0.6494415487714069,0.6025709694697374,0.7679522581827223,0.36614699331848555,0.5,0.6193872170282197,0.27343702856551844,0.1346746970442291,0.24439690692909866,0.3727718666674581,0.002761138856616926
2021-09-24 15:50:00,0.08437935843793584,0.39707835325365193,0.6568875651526431,0.6007855740046419,0.7744042088181021,0.9993318485523385,0.5,0.6193872170282197,0.27343702856551844,0.1346746970442291,0.24439690692909866,0.3727718666674581,0.0
2021-09-24 16:00:00,0.1317991631799163,0.3678618857901723,0.6670141474311242,0.6089983931440812,0.7744042088181021,0.9993318485523385,0.5,0.6694250894613241,0.2526960664584322,0.10491801657130878,0.18109465958769566,0.4379767440291264,0.0
2021-09-24 16:10:00,0.11576011157601115,0.33864541832669315,0.6726731198808635,0.6100696304231386,0.7744042088181021,0.9993318485523385,0.5,0.6694250894613241,0.2526960664584322,0.10491801657130878,0.18109465958769566,0.4379767440291264,0.0
2021-09-24 16:20:00,0.1771269177126918,0.30942895086321376,0.6798212956068501,0.6086413140510623,0.7595634136446323,0.9993318485523385,0.5,0.6694250894613241,0.2526960664584322,0.10491801657130878,0.18109465958769566,0.4379767440291264,0.0
2021-09-24 16:30:00,0.15481171548117156,0.28021248339973437,0.6857781087118391,0.6111408677021961,0.7255630733794872,0.9108017817371938,0.5,0.6694250894613241,0.2526960664584322,0.10491801657130878,0.18109465958769566,0.4379767440291264,0.0
2021-09-24 16:40:00,0.14435146443514643,0.25099601593625476,0.6944154877140729,0.6111408677021961,0.7255630733794872,0.9993318485523385,0.5,0.6694250894613241,0.2526960664584322,0.10491801657130878,0.18109465958769566,0.4379767440291264,0.0
2021-09-24 16:50:00,0.0885634588563459,0.22177954847277537,0.6970960536113178,0.6111408677021961,0.7255630733794872,0.9993318485523385,0.5,0.6694250894613241,0.2526960664584322,0.10491801657130878,0.18109465958769566,0.4379767440291264,0.0
2021-09-24 17:00:00,0.07182705718270573,0.1925630810092962,0.7003723008190617,0.6111408677021961,0.7255630733794872,0.9993318485523385,0.5,0.670768585258668,0.252368486840781,0.10350213688138961,0.1932187213680856,0.5248837062284183,0.0
2021-09-24 17:10:00,0.12482566248256625,0.1633466135458166,0.7093075204765449,0.6111408677021961,0.7255630733794872,0.9993318485523385,0.5,0.670768585258668,0.252368486840781,0.10350213688138961,0.1932187213680856,0.5248837062284183,0.0
2021-09-24 17:20:00,0.07391910739191074,0.1341301460823372,0.7197319434102754,0.6111408677021961,0.7255630733794872,0.9993318485523385,0.5,0.670768585258668,0.252368486840781,0.10350213688138961,0.1932187213680856,0.5248837062284183,0.0
2021-09-24 17:30:00,0.1317991631799163,0.10491367861885781,0.7197319434102754,0.6111408677021961,0.7255630733794872,0.9993318485523385,0.5,0.670768585258668,0.252368486840781,0.10350213688138961,0.1932187213680856,0.5248837062284183,0.0
2021-09-24 17:40:00,0.2907949790794979,0.07569721115537842,0.7206254653760236,0.6114979467952151,0.7318972399261886,0.3435412026726058,0.5,0.670768585258668,0.252368486840781,0.10350213688138961,0.1932187213680856,0.5248837062284183,0.05074912865700017
2021-09-24 17:50:00,0.35146443514644354,0.12350597609561742,0.7206254653760236,0.6268523477950365,0.7431390768344872,0.00022271714922048998,0.5,0.670768585258668,0.252368486840781,0.10350213688138961,0.1932187213680856,0.5248837062284183,0.19238951672525914
2021-09-24 18:00:00,0.1882845188284519,0.05976095617529875,0.6899478778853312,0.5957864667023745,0.759497978039811,0.00022271714922048998,0.5,0.5269252487223266,0.241365834595282,0.22477118610644753,0.20461815312278644,0.44416458323344477,0.05387992818021335
2021-09-24 18:10:00,0.28103207810320785,-0.03585657370517936,0.669694713328369,0.5793608284234957,0.7353129784978603,0.00022271714922048998,0.5,0.5269252487223266,0.241365834595282,0.22477118610644753,0.20461815312278644,0.44416458323344477,0.11617906664453732
2021-09-24 18:20:00,0.3228730822873082,-0.059760956175298974,0.6533134772896498,0.5650776647027316,0.7393699859967806,0.00022271714922048998,0.5,0.5269252487223266,0.241365834595282,0.22477118610644753,0.20461815312278644,0.44416458323344477,0.16117205063596723
2021-09-24 18:30:00,0.28033472803347276,0.3545816733067728,0.6408041697691733,0.545438314586681,0.7372367852796063,0.00022271714922048998,0.5,0.5269252487223266,0.241365834595282,0.22477118610644753,0.20461815312278644,0.44416458323344477,0.12058481826274575
2021-09-24 18:40:00,0.29776847977684795,-0.31474103585657376,0.6330603127326879,0.5361542581681842,0.7456387169386607,0.00044543429844097997,0.5,0.5269252487223266,0.241365834595282,0.22477118610644753,0.20461815312278644,0.44416458323344477,0.13031670111803492
2021-09-24 18:50:00,0.2635983263598326,-0.11553784860557781,0.6220402084884586,0.5307980717728977,0.736006595908966,0.00044543429844097997,0.5,0.5269252487223266,0.241365834595282,0.22477118610644753,0.20461815312278644,0.44416458323344477,0.10754107759856361
2021-09-24 19:00:00,0.20362622036262204,-0.1633466135458168,0.6104244229337303,0.5257989644706302,0.7489497585426181,0.00022271714922048998,0.5,0.5123251339209922,0.26788541609795113,0.22213839808652708,0.23998962919915015,0.5220806073518038,0.07320790017653184
2021-09-24 19:10:00,0.1499302649930265,0.019920318725099362,0.6020848845867459,0.5215140153544011,0.7497742471633665,0.00033407572383073496,0.5,0.5123251339209922,0.26788541609795113,0.22213839808652708,0.23998962919915015,0.5220806073518038,0.03815048961178086
2021-09-24 19:20:00,0.2112970711297071,-0.24302788844621515,0.5931496649292627,0.517586145331191,0.7497742471633665,0.00033407572383073496,0.5,0.5123251339209922,0.26788541609795113,0.22213839808652708,0.23998962919915015,0.5220806073518038,0.07288350408135552
2021-09-24 19:30:00,0.14016736401673638,-0.26693227091633476,0.58391660461653,0.5093733261917515,0.7497742471633665,0.00033407572383073496,0.5,0.5123251339209922,0.26788541609795113,0.22213839808652708,0.23998962919915015,0.5220806073518038,0.03521583656472079
2021-09-24 19:40:00,0.21687587168758715,-0.36254980079681276,0.5770662695457927,0.507587930726656,0.7497742471633665,0.00022271714922048998,0.5,0.5123251339209922,0.26788541609795113,0.22213839808652708,0.23998962919915015,0.5220806073518038,0.06910391236778973
2021-09-24 19:50:00,0.15690376569037656,-0.3944223107569722,0.5690245718540579,0.49830387430815937,0.7497742471633665,0.00022271714922048998,0.5,0.5123251339209922,0.26788541609795113,0.22213839808652708,0.23998962919915015,0.5220806073518038,0.03825610694509408
2021-09-24 20:00:00,0.1324965132496513,-0.45019920318725104,0.5636634400595679,0.49973219068023567,0.7458219366321602,0.00022271714922048998,0.5,0.49951644690871877,0.270807771108051,0.2476384356869147,0.23186740094798688,0.5975011859648902,0.024797441042895725
2021-09-24 20:10:00,0.11157601115760113,0.3227091633466135,0.5609828741623228,0.5133011962149614,0.7333891717161142,0.00022271714922048998,0.5,0.49951644690871877,0.270807771108051,0.2476384356869147,0.23186740094798688,0.5975011859648902,0.01385095885450458
2021-09-24 20:20:00,0.10808926080892609,0.298804780876494,0.5562174236783319,0.5129441171219424,0.7333891717161142,0.00022271714922048998,0.5,0.49951644690871877,0.270807771108051,0.2476384356869147,0.23186740094798688,0.5975011859648902,0.009128355236356503
2021-09-24 20:30:00,0.10808926080892609,0.12350597609561742,0.5541325390915859,0.5129441171219424,0.7333891717161142,0.00022271714922048998,0.5,0.49951644690871877,0.270807771108051,0.2476384356869147,0.23186740094798688,0.5975011859648902,0.006985832189145556
2021-09-24 20:40:00,0.0899581589958159,-0.1633466135458168,0.550856291883842,0.5140153544009998,0.7317271073536533,0.00957683741648107,0.5,0.49951644690871877,0.270807771108051,0.2476384356869147,0.23186740094798688,0.5975011859648902,0.0
2021-09-24 20:50:00,0.08437935843793584,0.6972111553784857,0.5469843633655993,0.4868773433315481,0.7169255735430763,0.5665924276169265,0.5,0.49951644690871877,0.270807771108051,0.2476384356869147,0.23186740094798688,0.5975011859648902,0.0
2021-09-24 21:00:00,0.09483960948396096,0.9442231075697209,0.5526433358153384,0.4947330833779682,0.7169255735430763,0.9995545657015591,0.5,0.503156302916761,0.29251710454100005,0.25569354200343747,0.23552837782878086,0.6412339552728132,0.0
2021-09-24 21:10:00,0.07531380753138076,0.6175298804780875,0.5559195830230825,0.507587930726656,0.7169255735430763,0.9995545657015591,0.5,0.503156302916761,0.29251710454100005,0.25569354200343747,0.23552837782878086,0.6412339552728132,0.0
2021-09-24 21:20:00,0.06415620641562064,0.4501992031872508,0.5559195830230825,0.507230851633637,0.7169255735430763,0.9995545657015591,0.5,0.503156302916761,0.29251710454100005,0.25569354200343747,0.23552837782878086,0.6412339552728132,0.0
2021-09-24 21:30:00,0.0697350069735007,0.4501992031872508,0.5547282204020847,0.5018746652383501,0.7169255735430763,0.9995545657015591,0.5,0.503156302916761,0.29251710454100005,0.25569354200343747,0.23552837782878086,0.6412339552728132,0.0
2021-09-24 21:40:00,0.06903765690376569,0.4501992031872508,0.5499627699180936,0.4911622924477772,0.7169255735430763,0.9995545657015591,0.5,0.503156302916761,0.29251710454100005,0.25569354200343747,0.23552837782878086,0.6412339552728132,0.0
2021-09-24 21:50:00,0.060669456066945605,0.4501992031872508,0.5466865227103499,0.48223531512229956,0.7169255735430763,0.9995545657015591,0.5,0.503156302916761,0.29251710454100005,0.25569354200343747,0.23552837782878086,0.6412339552728132,0.0
2021-09-24 22:00:00,0.058577405857740586,0.4501992031872508,0.5443037974683544,0.47580789144795577,0.7169255735430763,0.9995545657015591,0.5,0.4718226095924152,0.2940371889071215,0.19084029194133023,0.2941006718623029,0.6726090653308894,0.0
2021-09-24 22:10:00,0.06694560669456066,0.4501992031872508,0.5401340282948621,0.46795215140153545,0.7169255735430763,0.9995545657015591,0.5,0.4718226095924152,0.2940371889071215,0.19084029194133023,0.2941006718623029,0.6726090653308894,0.0
2021-09-24 22:20:00,0.06276150627615062,0.4501992031872508,0.5371556217423676,0.46295304409926796,0.7169255735430763,0.9995545657015591,0.5,0.4718226095924152,0.2940371889071215,0.19084029194133023,0.2941006718623029,0.6726090653308894,0.0
2021-09-24 22:30:00,0.04672245467224547,0.4501992031872508,0.535368577810871,0.4575968577039815,0.7169255735430763,0.9995545657015591,0.5,0.4718226095924152,0.2940371889071215,0.19084029194133023,0.2941006718623029,0.6726090653308894,0.0
2021-09-24 22:40:00,0.02580195258019526,0.4501992031872508,0.5309009679821295,0.45509730405284765,0.7169255735430763,0.9995545657015591,0.5,0.4718226095924152,0.2940371889071215,0.19084029194133023,0.2941006718623029,0.6726090653308894,0.0
2021-09-24 22:50:00,0.061366806136680614,0.4501992031872508,0.5294117647058822,0.4500981967505804,0.7169255735430763,0.9995545657015591,0.5,0.4718226095924152,0.2940371889071215,0.19084029194133023,0.2941006718623029,0.6726090653308894,0.0
2021-09-24 23:00:00,0.0801952580195258,0.4501992031872508,0.5273268801191362,0.4443849312622745,0.7169255735430763,0.9995545657015591,0.5,0.40597147043432047,0.3065024554103787,0.21181788426613368,0.34303359014505563,0.7102659308479203,0.0
2021-09-24 23:10:00,0.06555090655509065,0.4501992031872508,0.5198808637379002,0.43795750758793073,0.7169255735430763,0.9995545657015591,0.5,0.40597147043432047,0.3065024554103787,0.21181788426613368,0.34303359014505563,0.7102659308479203,0.0
2021-09-24 23:20:00,0.018131101813110184,0.4501992031872508,0.5118391660461652,0.4301017675415104,0.7169255735430763,0.9995545657015591,0.5,0.40597147043432047,0.3065024554103787,0.21181788426613368,0.34303359014505563,0.7102659308479203,0.0
2021-09-24 23:30:00,0.01185495118549512,0.4501992031872508,0.5058823529411764,0.4272451347973576,0.7169255735430763,0.9995545657015591,0.5,0.40597147043432047,0.3065024554103787,0.21181788426613368,0.34303359014505563,0.7102659308479203,0.0
2021-09-24 23:40:00,0.019525801952580198,0.4501992031872508,0.5026061057334326,0.4243885020532048,0.7169255735430763,0.9995545657015591,0.5,0.40597147043432047,0.3065024554103787,0.21181788426613368,0.34303359014505563,0.7102659308479203,0.0
2021-09-24 23:50:00,0.048814504881450484,0.7445772465692784,0.5023082650781829,0.41831815747187995,0.7169255735430763,0.9995545657015591,0.5,0.40597147043432047,0.3065024554103787,0.21181788426613368,0.34303359014505563,0.7102659308479203,0.0
2021-09-25 00:00:00,0.061366806136680614,0.680389552899513,0.4999255398361875,0.414747366541689,0.7169255735430763,0.9995545657015591,0.5,0.37961305746770657,0.30957423270221546,0.216209330552046,0.33353583869532355,0.7571606716966313,0.0
2021-09-25 00:10:00,0.056485355648535567,0.6162018592297474,0.49635145197319397,0.4108194965184788,0.7169255735430763,0.9995545657015591,0.5,0.37961305746770657,0.30957423270221546,0.216209330552046,0.33353583869532355,0.7571606716966313,0.0
2021-09-25 00:20:00,0.055090655509065556,0.5520141655599822,0.4936708860759491,0.40760578468130704,0.7169255735430763,0.9995545657015591,0.5,0.37961305746770657,0.30957423270221546,0.216209330552046,0.33353583869532355,0.7571606716966313,0.0
2021-09-25 00:30:00,0.056485355648535567,0.4878264718902168,0.4886075949367086,0.40403499375111585,0.7169255735430763,0.9995545657015591,0.5,0.37961305746770657,0.30957423270221546,0.216209330552046,0.33353583869532355,0.7571606716966313,0.0
2021-09-25 00:40:00,0.05160390516039052,0.4236387782204516,0.4862248696947131,0.4004642028209249,0.7169255735430763,0.9995545657015591,0.5,0.37961305746770657,0.30957423270221546,0.216209330552046,0.33353583869532355,0.7571606716966313,0.0
2021-09-25 00:50:00,0.04602510460251046,0.359451084550686,0.4847356664184659,0.3968934118907337,0.7169255735430763,0.9995545657015591,0.5,0.37961305746770657,0.30957423270221546,0.216209330552046,0.33353583869532355,0.7571606716966313,0.0
2021-09-25 01:00:00,0.02301255230125523,0.2952633908809206,0.47907669396872654,0.39439385823960005,0.7169255735430763,0.9995545657015591,0.5,0.2854980766940951,0.30963457631599517,0.29337356891846705,0.3303650636164146,0.7834847259214077,0.0
2021-09-25 01:10:00,0.02370990237099024,0.23107569721115517,0.4749069247952342,0.3904659882163899,0.7169255735430763,0.9995545657015591,0.5,0.2854980766940951,0.30963457631599517,0.29337356891846705,0.3303650636164146,0.7834847259214077,0.0
2021-09-25 01:20:00,0.05439330543933055,0.16688800354139,0.4707371556217421,0.3854668809141224,0.7169255735430763,0.9995545657015591,0.5,0.2854980766940951,0.30963457631599517,0.29337356891846705,0.3303650636164146,0.7834847259214077,0.0
2021-09-25 01:30:00,0.03138075313807531,0.1027003098716246,0.4692479523454949,0.3808248527048743,0.7169255735430763,0.9995545657015591,0.5,0.2854980766940951,0.30963457631599517,0.29337356891846705,0.3303650636164146,0.7834847259214077,0.0
2021-09-25 01:40:00,0.016736401673640166,0.038512616201858973,0.46299329858525673,0.3747545081235495,0.7169255735430763,0.9995545657015591,0.5,0.2854980766940951,0.30963457631599517,0.29337356891846705,0.3303650636164146,0.7834847259214077,0.0
2021-09-25 01:50:00,0.01603905160390516,-0.025675077467906315,0.4606105733432613,0.36904124263524385,0.7169255735430763,0.9995545657015591,0.5,0.2854980766940951,0.30963457631599517,0.29337356891846705,0.3303650636164146,0.7834847259214077,0.0
2021-09-25 02:00:00,0.055788005578800565,-0.08986277113767172,0.4558451228592699,0.3654704517050529,0.7169255735430763,0.9995545657015591,0.5,0.2788697838686447,0.3124965877123153,0.30630112749169147,0.3713050643647442,0.7578001466252744,0.0
2021-09-25 02:10:00,0.10460251046025104,-0.15405046480743712,0.4549516008935217,0.359757186216747,0.7169255735430763,0.9995545657015591,0.5,0.2788697838686447,0.3124965877123153,0.30630112749169147,0.3713050643647442,0.7578001466252744,0.0
2021-09-25 02:20:00,0.12273361227336123,-0.2182381584772024,0.4549516008935217,0.3554722371005179,0.7169255735430763,0.9995545657015591,0.5,0.2788697838686447,0.3124965877123153,0.30630112749169147,0.3713050643647442,0.7578001466252744,0.0
2021-09-25 02:30:00,0.21338912133891214,-0.2824258521469678,0.4528667163067759,0.35083020889126937,0.7038122783368886,0.8606904231625836,0.5,0.2788697838686447,0.3124965877123153,0.30630112749169147,0.3713050643647442,0.7578001466252744,0.0
2021-09-25 02:40:00,0.24895397489539747,-0.3466135458167332,0.4463142218912881,0.35582931619353686,0.6576016542120899,0.0023385300668151447,0.5,0.2788697838686447,0.3124965877123153,0.30630112749169147,0.3713050643647442,0.7578001466252744,0.13347013292695806
2021-09-25 02:50:00,0.4072524407252441,-0.45019920318725104,0.44363365599404303,0.37546866630958764,0.6284828100666134,0.00011135857461024499,0.5,0.2788697838686447,0.3124965877123153,0.30630112749169147,0.3713050643647442,0.7578001466252744,0.3305369886989453
2021-09-25 03:00:00,0.3612273361227336,-0.3227091633466136,0.4227848101265821,0.35797179075165153,0.6201724882543089,0.00011135857461024499,0.5,0.2459482833665141,0.3213843399701744,0.34188301473186994,0.36125722478244915,0.7600768510967522,0.23630369509784693
2021-09-25 03:10:00,0.2594142259414226,0.1872509960159361,0.388235294117647,0.31297982503124455,0.6210624124798786,0.00011135857461024499,0.5,0.2459482833665141,0.3213843399701744,0.34188301473186994,0.36125722478244915,0.7600768510967522,0.11086047950269323
2021-09-25 03:20:00,0.26638772663877264,0.49800796812749004,0.3733432613551748,0.2815568648455633,0.6339794008716023,0.00011135857461024499,0.5,0.2459482833665141,0.3213843399701744,0.34188301473186994,0.36125722478244915,0.7600768510967522,0.11345564826410368
2021-09-25 03:30:00,0.2754532775453278,-0.2589641434262948,0.35934475055845105,0.2612033565434744,0.6339794008716023,0.00011135857461024499,0.5,0.2459482833665141,0.3213843399701744,0.34188301473186994,0.36125722478244915,0.7600768510967522,0.11344810416886703
2021-09-25 03:40:00,0.16457461645746163,-0.24302788844621515,0.34802680565897237,0.2508480628459204,0.6339794008716023,0.00022271714922048998,0.5,0.2459482833665141,0.3213843399701744,0.34188301473186994,0.36125722478244915,0.7600768510967522,0.049164868657301936
2021-09-25 03:50:00,0.12203626220362622,0.4581673306772909,0.3411764705882352,0.2512051419389394,0.6256821661802621,0.00022271714922048998,0.5,0.2459482833665141,0.3213843399701744,0.34188301473186994,0.36125722478244915,0.7600768510967522,0.025295351328515174
2021-09-25 04:00:00,0.12761506276150628,0.4422310756972112,0.3349218168279968,0.2608462774504554,0.6460064650377564,0.00022271714922048998,0.5,0.15039198218411354,0.3271572123549243,0.43232038015830715,0.2332482672657331,0.9050892112846363,0.023152828281304223
2021-09-25 04:10:00,0.18898186889818688,-0.2828685258964144,0.32300819061801933,0.25049098375290146,0.6362042114355263,0.00022271714922048998,0.5,0.15039198218411354,0.3271572123549243,0.43232038015830715,0.2332482672657331,0.9050892112846363,0.06545257027324713
2021-09-25 04:20:00,0.2691771269177127,0.36254980079681287,0.3102010424422932,0.23120871272986965,0.6339532266296737,0.00022271714922048998,0.5,0.15039198218411354,0.3271572123549243,0.43232038015830715,0.2332482672657331,0.9050892112846363,0.10371622131357786
2021-09-25 04:30:00,0.20502092050209206,0.1394422310756971,0.3036485480268054,0.21371183717193376,0.633770006936174,0.00022271714922048998,0.5,0.15039198218411354,0.3271572123549243,0.43232038015830715,0.2332482672657331,0.9050892112846363,0.06741403503477827
2021-09-25 04:40:00,0.20641562064156208,0.2111553784860556,0.30424422933730444,0.21014104624174257,0.6236274881888733,0.00022271714922048998,0.5,0.15039198218411354,0.3271572123549243,0.43232038015830715,0.2332482672657331,0.9050892112846363,0.06154472894065815
2021-09-25 04:50:00,0.2085076708507671,0.2111553784860556,0.3021593447505584,0.20871272986966627,0.6313227153158576,0.00022271714922048998,0.5,0.15039198218411354,0.3271572123549243,0.43232038015830715,0.2332482672657331,0.9050892112846363,0.07724399112814401
2021-09-25 05:00:00,0.28661087866108786,-0.3944223107569722,0.2950111690245716,0.20264238528834144,0.6313227153158576,0.00033407572383073496,0.5,0.1253853365810349,0.34306493834894186,0.4500894483420766,0.4191072032378444,0.05111119732982025,0.13999577530666746
2021-09-25 05:10:00,0.3898186889818689,-0.17131474103585675,0.287862993298585,0.19407248705588276,0.6243603669628719,0.00022271714922048998,0.5,0.1253853365810349,0.34306493834894186,0.4500894483420766,0.4191072032378444,0.05111119732982025,0.24900795147637944
2021-09-25 05:20:00,0.3688981868898187,0.20318725099601576,0.28190618019359626,0.18478843063738615,0.6176204996662785,0.00022271714922048998,0.5,0.1253853365810349,0.34306493834894186,0.4500894483420766,0.4191072032378444,0.05111119732982025,0.2371335455738793
2021-09-25 05:30:00,0.35704323570432356,-0.15537848605577698,0.27803425167535356,0.18264595607927148,0.6176204996662785,0.00022271714922048998,0.5,0.1253853365810349,0.34306493834894186,0.4500894483420766,0.4191072032378444,0.05111119732982025,0.23066071186082654
2021-09-25 05:40:00,0.3612273361227336,-0.29083665338645437,0.270886075949367,0.1822888769862525,0.6176204996662785,0.00022271714922048998,0.5,0.1253853365810349,0.34306493834894186,0.4500894483420766,0.4191072032378444,0.05111119732982025,0.2186429681488299
2021-09-25 05:50:00,0.3410041841004184,-0.4183266932270917,0.263440059568131,0.1744331369398322,0.6164950072633522,0.00022271714922048998,0.5,0.1253853365810349,0.34306493834894186,0.4500894483420766,0.4191072032378444,0.05111119732982025,0.19614647615311495
2021-09-25 06:00:00,0.3493723849372385,0.17928286852589648,0.2562918838421444,0.16871987145152634,0.6064310112418368,0.00022271714922048998,0.5,0.053638738679544495,0.3762136968509262,0.605301819516364,0.6645633176363382,0.09261406635255359,0.19036769920183474
2021-09-25 06:10:00,0.37308228730822873,0.17928286852589648,0.2524199553239015,0.15765041956793446,0.6064310112418368,0.00022271714922048998,0.5,0.053638738679544495,0.3762136968509262,0.605301819516364,0.6645633176363382,0.09261406635255359,0.2259305641474418
2021-09-25 06:20:00,0.38772663877266383,-0.3067729083665339,0.25003723008190604,0.15443670773076223,0.6061169203386947,0.00022271714922048998,0.5,0.053638738679544495,0.3762136968509262,0.605301819516364,0.6645633176363382,0.09261406635255359,0.24147894443019446
2021-09-25 06:30:00,0.37308228730822873,0.1633466135458166,0.2413998510796722,0.15158007498660964,0.5985656515423172,0.00311804008908686,0.5,0.053638738679544495,0.3762136968509262,0.605301819516364,0.6645633176363382,0.09261406635255359,0.2210495345293239
2021-09-25 06:40:00,0.33891213389121344,-0.13147410358565736,0.2333581533879372,0.142653097661132,0.5972831136878198,0.000556792873051225,0.5,0.053638738679544495,0.3762136968509262,0.605301819516364,0.6645633176363382,0.09261406635255359,0.17199782730057186
2021-09-25 06:50:00,0.3270571827057183,-0.059760956175298974,0.2253164556962024,0.13194072487055908,0.5950583031238958,0.00022271714922048998,0.5,0.053638738679544495,0.3762136968509262,0.605301819516364,0.6645633176363382,0.09261406635255359,0.16094572777886748
2021-09-25 07:00:00,0.36192468619246865,-0.298804780876494,0.21816827997021582,0.12908409212640604,0.5942076402612189,0.00022271714922048998,0.5,0.015709371851259757,0.3926558948526909,0.7863884567697628,0.7142108848896672,0.09988639955039039,0.19459239253436336
2021-09-25 07:10:00,0.35704323570432356,0.06772908366533859,0.2134028294862247,0.12444206391715773,0.583908076062347,0.00022271714922048998,0.5,0.015709371851259757,0.3926558948526909,0.7863884567697628,0.7142108848896672,0.09988639955039039,0.20924302548395374
2021-09-25 07:20:00,0.34239888423988846,-0.08366533864541836,0.20833953834698438,0.1219425102660241,0.5781235685961446,0.00022271714922048998,0.5,0.015709371851259757,0.3926558948526909,0.7863884567697628,0.7142108848896672,0.09988639955039039,0.19103157958266065
2021-09-25 07:30:00,0.15829846582984658,-0.20318725099601598,0.19910647803425152,0.11301553294054645,0.5862375835939853,0.00033407572383073496,0.5,0.015709371851259757,0.3926558948526909,0.7863884567697628,0.7142108848896672,0.09988639955039039,0.03195678742248442
2021-09-25 07:40:00,0.1617852161785216,-0.2749003984063746,0.1868950111690244,0.11337261203356541,0.5780188716284304,0.00033407572383073496,0.5,0.015709371851259757,0.3926558948526909,0.7863884567697628,0.7142108848896672,0.09988639955039039,0.03948579446866938
2021-09-25 07:50:00,0.14016736401673638,0.003984063745019917,0.1868950111690244,0.10658810926620266,0.5616076219392496,0.09977728285077953,0.5,0.015709371851259757,0.3926558948526909,0.7863884567697628,0.7142108848896672,0.09988639955039039,0.023756355900236885
2021-09-25 08:00:00,0.05160390516039052,0.1872509960159361,0.19314966492926278,0.11980003570790942,0.5535197811833376,0.9995545657015591,0.5,0.030040760810653433,0.41952317051093924,0.771265238460644,0.6089757568772732,0.11834033532487169,0.0
2021-09-25 08:10:00,0.03417015341701534,0.12111553784860551,0.21161578555472804,0.14479557221924666,0.5535197811833376,0.9995545657015591,0.5,0.030040760810653433,0.41952317051093924,0.771265238460644,0.6089757568772732,0.11834033532487169,0.0
2021-09-25 08:20:00,0.0697350069735007,0.05498007968127472,0.22829486224869666,0.15407962863774327,0.5535197811833376,0.9995545657015591,0.5,0.030040760810653433,0.41952317051093924,0.771265238460644,0.6089757568772732,0.11834033532487169,0.0
2021-09-25 08:30:00,0.07112970711297072,-0.011155378486055856,0.24288905435591945,0.16086413140510625,0.5535197811833376,0.9995545657015591,0.5,0.030040760810653433,0.41952317051093924,0.771265238460644,0.6089757568772732,0.11834033532487169,0.0
2021-09-25 08:40:00,0.07182705718270573,-0.07729083665338665,0.24616530156366334,0.16157828959114462,0.5535197811833376,0.9995545657015591,0.5,0.030040760810653433,0.41952317051093924,0.771265238460644,0.6089757568772732,0.11834033532487169,0.0
2021-09-25 08:50:00,0.0808926080892608,-0.14342629482071723,0.25033507073715544,0.1647920014283164,0.5535197811833376,0.9995545657015591,0.5,0.030040760810653433,0.41952317051093924,0.771265238460644,0.6089757568772732,0.11834033532487169,0.0
2021-09-25 09:00:00,0.06206415620641562,-0.20956175298804802,0.25003723008190604,0.16586323870737374,0.5535197811833376,0.9995545657015591,0.5,0.058068429199562344,0.45808848672584074,0.6690748668737034,0.5338426864534782,0.15036456663443365,0.0
2021-09-25 09:10:00,0.04393305439330544,-0.2756972111553785,0.25420699925539814,0.17193358328869857,0.5535197811833376,0.9995545657015591,0.5,0.058068429199562344,0.45808848672584074,0.6690748668737034,0.5338426864534782,0.15036456663443365,0.0
2021-09-25 09:20:00,0.029288702928870293,-0.3418326693227094,0.2598659717051375,0.17657561149794687,0.5535197811833376,0.9995545657015591,0.5,0.058068429199562344,0.45808848672584074,0.6690748668737034,0.5338426864534782,0.15036456663443365,0.0
2021-09-25 09:30:00,0.0202231520223152,-0.40796812749003997,0.26999255398361877,0.18336011426530985,0.5535197811833376,0.9995545657015591,0.5,0.058068429199562344,0.45808848672584074,0.6690748668737034,0.5338426864534782,0.15036456663443365,0.0
2021-09-25 09:40:00,0.02510460251046025,-0.47410358565737054,0.2792256142963514,0.18978753793965364,0.5535197811833376,0.9995545657015591,0.5,0.058068429199562344,0.45808848672584074,0.6690748668737034,0.5338426864534782,0.15036456663443365,0.0
2021-09-25 09:50:00,0.03417015341701534,-0.4042292368985596,0.28935219657483224,0.19942867345116966,0.5535197811833376,0.9995545657015591,0.5,0.058068429199562344,0.45808848672584074,0.6690748668737034,0.5338426864534782,0.15036456663443365,0.0
2021-09-25 10:00:00,0.05788005578800558,-0.3343548881397488,0.3069247952345493,0.2065702553115516,0.5535197811833376,0.9995545657015591,0.5,0.21688646908518794,0.4644159456562657,0.470628010171,0.506399350502222,0.1825784207818894,0.0
2021-09-25 10:10:00,0.059274755927475595,-0.26448053938093785,0.3221146686522709,0.21335475807891435,0.5535197811833376,0.9995545657015591,0.5,0.21688646908518794,0.4644159456562657,0.470628010171,0.506399350502222,0.1825784207818894,0.0
2021-09-25 10:20:00,0.059274755927475595,-0.19460619062212692,0.334326135517498,0.2208534190323157,0.5535197811833376,0.9995545657015591,0.5,0.21688646908518794,0.4644159456562657,0.470628010171,0.506399350502222,0.1825784207818894,0.0
2021-09-25 10:30:00,0.07880055788005579,-0.12473184186331598,0.34355919583023065,0.22942331726477416,0.5535197811833376,0.9995545657015591,0.5,0.21688646908518794,0.4644159456562657,0.470628010171,0.506399350502222,0.1825784207818894,0.0
2021-09-25 10:40:00,0.043235704323570434,-0.05485749310450505,0.3545793000744599,0.23656489912515632,0.5535197811833376,0.9995545657015591,0.5,0.21688646908518794,0.4644159456562657,0.470628010171,0.506399350502222,0.1825784207818894,0.0
2021-09-25 10:50:00,0.04951185495118549,0.015016855654305772,0.35994043186894986,0.24620603463667212,0.5535197811833376,0.9995545657015591,0.5,0.21688646908518794,0.4644159456562657,0.470628010171,0.506399350502222,0.1825784207818894,0.0
2021-09-25 11:00:00,0.0502092050209205,0.0848912044131167,0.3679821295606849,0.25691840742724525,0.5535197811833376,0.9995545657015591,0.5,0.26498622684169915,0.45922639487136835,0.4110284156211159,0.4304905423493377,0.2650404121559783,0.0
2021-09-25 11:10:00,0.05160390516039052,0.15476555317192764,0.37900223380491416,0.26477414747366557,0.5535197811833376,0.9995545657015591,0.5,0.26498622684169915,0.45922639487136835,0.4110284156211159,0.4304905423493377,0.2650404121559783,0.0
2021-09-25 11:20:00,0.08507670850767085,0.22463990193073857,0.38615040953090074,0.2733440457061238,0.5535197811833376,0.9995545657015591,0.5,0.26498622684169915,0.45922639487136835,0.4110284156211159,0.4304905423493377,0.2650404121559783,0.0
2021-09-25 11:30:00,0.08298465829846582,0.2945142506895493,0.39389426656738635,0.2815568648455633,0.5535197811833376,0.9995545657015591,0.5,0.26498622684169915,0.45922639487136835,0.4110284156211159,0.4304905423493377,0.2650404121559783,0.0
2021-09-25 11:40:00,0.059274755927475595,0.3643885994483602,0.4040208488458674,0.2883413676129263,0.5535197811833376,0.9995545657015591,0.5,0.26498622684169915,0.45922639487136835,0.4110284156211159,0.4304905423493377,0.2650404121559783,0.0
2021-09-25 11:50:00,0.08228730822873082,0.43426294820717115,0.4108711839166044,0.2979825031244421,0.5535197811833376,0.9995545657015591,0.5,0.26498622684169915,0.45922639487136835,0.4110284156211159,0.4304905423493377,0.2650404121559783,0.0
2021-09-25 12:00:00,0.13389121338912133,0.6069057104913675,0.42069992553983626,0.305124084984824,0.5535197811833376,0.9995545657015591,0.5,0.29830676370636855,0.4614849701299122,0.3740121338289737,0.3695202274984351,0.3523094483815485,0.0
2021-09-25 12:10:00,0.14365411436541145,0.6609119079238601,0.4269545793000742,0.3076236386359579,0.5903469395767625,0.9995545657015591,0.5,0.29830676370636855,0.4614849701299122,0.3740121338289737,0.3695202274984351,0.3523094483815485,0.0
2021-09-25 12:20:00,0.06276150627615062,0.7149181053563523,0.4305286671630677,0.31726477414747367,0.6130138330868592,0.9995545657015591,0.5,0.29830676370636855,0.4614849701299122,0.3740121338289737,0.3695202274984351,0.3523094483815485,0.0
2021-09-25 12:30:00,0.0899581589958159,0.7689243027888448,0.43648548026805645,0.3279771469380468,0.6130138330868592,0.9995545657015591,0.5,0.29830676370636855,0.4614849701299122,0.3740121338289737,0.3695202274984351,0.3523094483815485,0.0
2021-09-25 12:40:00,0.10739191073919108,0.585657370517928,0.44452717795979146,0.33511872879842897,0.6130138330868592,0.9995545657015591,0.5,0.29830676370636855,0.4614849701299122,0.3740121338289737,0.3695202274984351,0.3523094483815485,0.0
2021-09-25 12:50:00,0.1680613668061367,0.40239043824701204,0.44780342516753513,0.33690412426352423,0.6130138330868592,0.9995545657015591,0.5,0.29830676370636855,0.4614849701299122,0.3740121338289737,0.3695202274984351,0.3523094483815485,0.0
2021-09-25 13:00:00,0.1311018131101813,0.21912350597609564,0.45227103499627686,0.33976075700767727,0.6442658779495098,0.9995545657015591,0.5,0.4126974544588575,0.4558270379618804,0.27604644795542027,0.2175532660392142,0.39957732922689315,0.0
2021-09-25 13:10:00,0.12691771269177127,0.03585657370517925,0.4528667163067759,0.34475986430994454,0.6550496656240593,0.9995545657015591,0.5,0.4126974544588575,0.4558270379618804,0.27604644795542027,0.2175532660392142,0.39957732922689315,0.0
2021-09-25 13:20:00,0.21827057182705717,0.2483399734395748,0.4573343261355174,0.3454740224959829,0.69407546033948,0.3322939866369711,0.5,0.4126974544588575,0.4558270379618804,0.27604644795542027,0.2175532660392142,0.39957732922689315,0.004775412284804684
2021-09-25 13:30:00,0.13458856345885634,0.4608233731739706,0.4543559195830229,0.34368862703088743,0.7335200429257568,0.4265033407572383,0.5,0.4126974544588575,0.4558270379618804,0.27604644795542027,0.2175532660392142,0.39957732922689315,0.0
2021-09-25 13:40:00,0.1415620641562064,0.6733067729083664,0.4537602382725241,0.3522585252633459,0.7339126565546845,0.9993318485523385,0.5,0.4126974544588575,0.4558270379618804,0.27604644795542027,0.2175532660392142,0.39957732922689315,0.0
2021-09-25 13:50:00,0.15341701534170155,0.394422310756972,0.45227103499627686,0.3540439207284414,0.7339126565546845,0.9993318485523385,0.5,0.4126974544588575,0.4558270379618804,0.27604644795542027,0.2175532660392142,0.39957732922689315,0.0
2021-09-25 14:00:00,0.09065550906555091,0.6653386454183265,0.45227103499627686,0.3511872879842888,0.7339126565546845,0.9993318485523385,0.5,0.42126369519545426,0.44901683012123433,0.2671297664832047,0.12193833821790227,0.4767126016761503,0.0
2021-09-25 14:10:00,0.05090655509065551,0.702523240371846,0.45554728220402074,0.35297268344938404,0.7339126565546845,0.9993318485523385,0.5,0.42126369519545426,0.44901683012123433,0.2671297664832047,0.12193833821790227,0.4767126016761503,0.0
2021-09-25 14:20:00,0.08368200836820083,0.739707835325365,0.46299329858525673,0.35761471165863257,0.7339126565546845,0.9993318485523385,0.5,0.42126369519545426,0.44901683012123433,0.2671297664832047,0.12193833821790227,0.4767126016761503,0.0
2021-09-25 14:30:00,0.04114365411436541,0.7768924302788842,0.47163067758749055,0.3618996607748617,0.7339126565546845,0.9993318485523385,0.5,0.42126369519545426,0.44901683012123433,0.2671297664832047,0.12193833821790227,0.4767126016761503,0.0
2021-09-25 14:40:00,0.12482566248256625,0.6972111553784857,0.4808637379002232,0.3668987680771292,0.7339126565546845,0.9993318485523385,0.5,0.42126369519545426,0.44901683012123433,0.2671297664832047,0.12193833821790227,0.4767126016761503,0.0
2021-09-25 14:50:00,0.16596931659693165,0.6175298804780873,0.48682055100521215,0.3683270844492055,0.7339126565546845,0.9922048997772828,0.5,0.42126369519545426,0.44901683012123433,0.2671297664832047,0.12193833821790227,0.4767126016761503,0.0
2021-09-25 15:00:00,0.15550906555090654,0.5378486055776892,0.489501116902457,0.3683270844492055,0.7339126565546845,0.9995545657015591,0.5,0.42736270784394637,0.43959173235021165,0.2616403635152216,0.14869622701743648,0.5853029507132358,0.0
2021-09-25 15:10:00,0.10808926080892609,0.4581673306772909,0.4933730454206997,0.3726120335654348,0.7339126565546845,0.9995545657015591,0.5,0.42736270784394637,0.43959173235021165,0.2616403635152216,0.14869622701743648,0.5853029507132358,0.0
2021-09-25 15:20:00,0.13389121338912133,0.3784860557768923,0.49545793000744576,0.3761828244956258,0.7339126565546845,0.9995545657015591,0.5,0.42736270784394637,0.43959173235021165,0.2616403635152216,0.14869622701743648,0.5853029507132358,0.0
2021-09-25 15:30:00,0.3235704323570432,0.3120849933598935,0.5005212211466863,0.3822531690769506,0.6640928662103625,0.9995545657015591,0.5,0.42736270784394637,0.43959173235021165,0.2616403635152216,0.14869622701743648,0.5853029507132358,0.0
2021-09-25 15:40:00,0.30264993026499304,0.24568393094289487,0.49962769918093786,0.4001071237279059,0.4173482875502218,0.9995545657015591,0.5,0.42736270784394637,0.43959173235021165,0.2616403635152216,0.14869622701743648,0.5853029507132358,0.0
2021-09-25 15:50:00,0.13737796373779637,0.17928286852589648,0.49754281459419203,0.4236743438671666,0.25624582848019267,0.28986636971046775,0.5,0.42736270784394637,0.43959173235021165,0.2616403635152216,0.14869622701743648,0.5853029507132358,0.002987461713716674
2021-09-25 16:00:00,0.24267782426778242,0.08366533864541825,0.5037974683544302,0.39939296554186754,0.2736124379997644,0.4190423162583519,0.5,0.44631923642771043,0.43669236538345624,0.23186123694242528,0.23939730239857282,0.6460231496337452,0.04312959246797532
2021-09-25 16:10:00,0.2894002789400279,0.21912350597609564,0.5097542814594189,0.38189608998393165,0.31453586525500254,0.00022271714922048998,0.5,0.44631923642771043,0.43669236538345624,0.23186123694242528,0.23939730239857282,0.6460231496337452,0.1321650044510162
2021-09-25 16:20:00,0.3235704323570432,0.09960159362549792,0.5118391660461652,0.369755400821282,0.3106489903286176,0.00022271714922048998,0.5,0.44631923642771043,0.43669236538345624,0.23186123694242528,0.23939730239857282,0.6460231496337452,0.1522322977805272
2021-09-25 16:30:00,0.2698744769874477,0.17131474103585642,0.5145197319434103,0.3758257454026068,0.3128083652877204,0.00022271714922048998,0.5,0.44631923642771043,0.43669236538345624,0.23186123694242528,0.23939730239857282,0.6460231496337452,0.11657890369208021
2021-09-25 16:40:00,0.23500697350069735,-0.17928286852589637,0.5145197319434103,0.3929655418675235,0.3146536493436809,0.00022271714922048998,0.5,0.44631923642771043,0.43669236538345624,0.23186123694242528,0.23939730239857282,0.6460231496337452,0.07930352912775171
2021-09-25 16:50:00,0.3158995815899582,0.08366533864541825,0.5207743857036482,0.40689162649526867,0.31172213424768686,0.00022271714922048998,0.5,0.44631923642771043,0.43669236538345624,0.23186123694242528,0.23939730239857282,0.6460231496337452,0.16984021606288757
2021-09-25 17:00:00,0.28591352859135283,0.05976095617529875,0.48711839166046156,0.37832529905374046,0.3279763384852966,0.00022271714922048998,0.5,0.4516690719803029,0.4433847595019635,0.22788751637962926,0.36576466565514837,0.6844937113117762,0.14948624711438357
2021-09-25 17:10:00,0.25871687587168757,0.03585657370517925,0.4659717051377512,0.3490448134261739,0.3235921529622698,0.00033407572383073496,0.5,0.4516690719803029,0.4433847595019635,0.22788751637962926,0.36576466565514837,0.6844937113117762,0.13296467854610197
2021-09-25 17:20:00,0.20362622036262204,-0.13147410358565736,0.4618019359642589,0.35154436707730774,0.34010809961916477,0.00033407572383073496,0.5,0.4516690719803029,0.4433847595019635,0.22788751637962926,0.36576466565514837,0.6844937113117762,0.06387585436878555
2021-09-25 17:30:00,0.299860529986053,0.24302788844621515,0.4606105733432613,0.35654347437957523,0.35539385690541936,0.00033407572383073496,0.5,0.4516690719803029,0.4433847595019635,0.22788751637962926,0.36576466565514837,0.6844937113117762,0.1414517856873425
2021-09-25 17:40:00,0.2873082287308229,-0.1394422310756973,0.45465376023827253,0.36261381896089984,0.3602622659041237,0.00022271714922048998,0.5,0.4516690719803029,0.4433847595019635,0.22788751637962926,0.36576466565514837,0.6844937113117762,0.14446187968676918
2021-09-25 17:50:00,0.403068340306834,-0.019920318725099695,0.44869694713328356,0.3533297625424032,0.35930690607373283,0.00033407572383073496,0.5,0.4516690719803029,0.4433847595019635,0.22788751637962926,0.36576466565514837,0.6844937113117762,0.28945184604010443
2021-09-25 18:00:00,0.4211994421199442,0.11553784860557759,0.4433358153387934,0.3511872879842888,0.3825758071481855,0.00033407572383073496,0.5,0.3811276212609933,0.4728381900364068,0.2546758586616012,0.43979866279273394,0.7182189201450168,0.3145812272734131
2021-09-25 18:10:00,0.38284518828451886,0.14741035856573692,0.43767684288905406,0.3569005534725942,0.38911936763031507,0.00022271714922048998,0.5,0.3811276212609933,0.4728381900364068,0.2546758586616012,0.43979866279273394,0.7182189201450168,0.2523801620471657
2021-09-25 18:20:00,0.3772663877266388,-0.24302788844621515,0.43618763961280704,0.3486877343331549,0.37847953828637243,0.00033407572383073496,0.5,0.3811276212609933,0.4728381900364068,0.2546758586616012,0.43979866279273394,0.7182189201450168,0.2512787241426136
2021-09-25 18:30:00,0.36541143654114366,-0.2828685258964144,0.43231571109456435,0.3472594179610784,0.3492952585360746,0.00022271714922048998,0.5,0.3811276212609933,0.4728381900364068,0.2546758586616012,0.43979866279273394,0.7182189201450168,0.2335274680507567
2021-09-25 18:40:00,0.3410041841004184,-0.2589641434262948,0.43142218912881614,0.34511694340296395,0.3612307128554789,0.00033407572383073496,0.5,0.3811276212609933,0.4728381900364068,0.2546758586616012,0.43979866279273394,0.7182189201450168,0.18965855424958886
2021-09-25 18:50:00,0.25732217573221755,0.3067729083665336,0.4305286671630677,0.35582931619353686,0.3355014330397456,0.00022271714922048998,0.5,0.3811276212609933,0.4728381900364068,0.2546758586616012,0.43979866279273394,0.7182189201450168,0.10333901655174495
2021-09-25 19:00:00,0.22594142259414227,-0.21912350597609564,0.43291139240506316,0.3490448134261739,0.36058944392823017,0.00022271714922048998,0.5,0.3868357690538693,0.4830362607648707,0.23280435357958862,0.4700983163419754,0.6974551019947672,0.08626672903118729
2021-09-25 19:10:00,0.3054393305439331,-0.12350597609561753,0.4278481012658226,0.34333154793786824,0.3728913376346338,0.00033407572383073496,0.5,0.3868357690538693,0.4830362607648707,0.23280435357958862,0.4700983163419754,0.6974551019947672,0.14106703683027297
2021-09-25 19:20:00,0.31241283124128316,-0.45019920318725104,0.4236783320923303,0.3361899660774863,0.35836463336430624,0.00044543429844097997,0.5,0.3868357690538693,0.4830362607648707,0.23280435357958862,0.4700983163419754,0.6974551019947672,0.15485764292288426
2021-09-25 19:30:00,0.2496513249651325,0.09163346613545809,0.41831720029784036,0.32726298875200865,0.35803745534019976,0.00044543429844097997,0.5,0.3868357690538693,0.4830362607648707,0.23280435357958862,0.4700983163419754,0.6974551019947672,0.09588545045792658
2021-09-25 19:40:00,0.31729428172942814,0.1394422310756971,0.4153387937453461,0.3233351187287985,0.3537187054219942,0.00044543429844097997,0.5,0.3868357690538693,0.4830362607648707,0.23280435357958862,0.4700983163419754,0.6974551019947672,0.16886702777735868
2021-09-25 19:50:00,0.27405857740585776,0.4422310756972112,0.4111690245718538,0.31476522049634004,0.36651790972503956,0.00044543429844097997,0.5,0.3868357690538693,0.4830362607648707,0.23280435357958862,0.4700983163419754,0.6974551019947672,0.12353455950027914
2021-09-25 20:00:00,0.29707112970711297,0.2111553784860556,0.4064035740878629,0.30619532226388135,0.36651790972503956,0.00044543429844097997,0.5,0.3955567347725637,0.48199892530897454,0.24260569037799107,0.3838606982890412,0.6915180580145893,0.13841151530696924
2021-09-25 20:10:00,0.300557880055788,-0.06772908366533881,0.4034251675353684,0.30119621496161386,0.36651790972503956,0.00044543429844097997,0.5,0.3955567347725637,0.48199892530897454,0.24260569037799107,0.3838606982890412,0.6915180580145893,0.14173091721109887
2021-09-25 20:20:00,0.23709902370990238,0.25099601593625476,0.3989575577066269,0.29726834493840393,0.3721191974977425,0.00033407572383073496,0.5,0.3955567347725637,0.48199892530897454,0.24260569037799107,0.3838606982890412,0.6915180580145893,0.0950329676961842
2021-09-25 20:30:00,0.23570432357043236,0.1633466135458166,0.395681310498883,0.2951258703802895,0.3804164321890827,0.00022271714922048998,0.5,0.3955567347725637,0.48199892530897454,0.24260569037799107,0.3838606982890412,0.6915180580145893,0.0880546796022753
2021-09-25 20:40:00,0.14853556485355648,0.4501992031872508,0.39448994787788516,0.2976254240314231,0.388006962348353,0.00022271714922048998,0.5,0.3955567347725637,0.48199892530897454,0.24260569037799107,0.3838606982890412,0.6915180580145893,0.04334082713460175
2021-09-25 20:50:00,0.14225941422594143,0.10756972111553775,0.39002233804914366,0.30619532226388135,0.39680150763633515,0.00033407572383073496,0.5,0.3955567347725637,0.48199892530897454,0.24260569037799107,0.3838606982890412,0.6915180580145893,0.03446142704105497
2021-09-25 21:00:00,0.3542538354253836,0.4581673306772909,0.3873417721518986,0.3026245313336904,0.4077685150043842,0.00044543429844097997,0.5,0.385011755296387,0.5118144175260837,0.25814397131363076,0.3136314359646332,0.7330823697929235,0.2094844365315268
2021-09-25 21:10:00,0.3814504881450488,0.31474103585657365,0.38644825018615014,0.29048384217104095,0.42533143133841983,0.00033407572383073496,0.5,0.385011755296387,0.5118144175260837,0.25814397131363076,0.3136314359646332,0.7330823697929235,0.23555682966941777
2021-09-25 21:20:00,0.3158995815899582,0.13147410358565725,0.38644825018615014,0.2829851812176398,0.42533143133841983,0.00033407572383073496,0.5,0.385011755296387,0.5118144175260837,0.25814397131363076,0.3136314359646332,0.7330823697929235,0.15669840216062889
2021-09-25 21:30:00,0.3682008368200837,0.4501992031872508,0.3813849590469096,0.2847705766827351,0.46850584339951057,0.00022271714922048998,0.5,0.385011755296387,0.5118144175260837,0.25814397131363076,0.3136314359646332,0.7330823697929235,0.23834060081174466
2021-09-25 21:40:00,0.38702928870292885,0.08366533864541825,0.3718540580789278,0.28119978575254434,0.49195796416746274,0.00033407572383073496,0.5,0.385011755296387,0.5118144175260837,0.25814397131363076,0.3136314359646332,0.7330823697929235,0.24722000090529142
2021-09-25 21:50:00,0.36610878661087864,0.09960159362549792,0.3641102010424422,0.27441528298518114,0.48896101346664744,0.00044543429844097997,0.5,0.385011755296387,0.5118144175260837,0.25814397131363076,0.3136314359646332,0.7330823697929235,0.2380388370022783
2021-09-25 22:00:00,0.3528591352859135,0.2350597609561753,0.35964259121370046,0.26691662203178,0.48896101346664744,0.00044543429844097997,0.5,0.2707920991867514,0.5223027123017635,0.3804270262709407,0.3074942894979833,0.8203286157992629,0.20327564615175703
2021-09-25 22:10:00,0.5557880055788006,0.10756972111553775,0.35130305286671604,0.26370291019460823,0.5152268652419154,0.00022271714922048998,0.5,0.2707920991867514,0.5223027123017635,0.3804270262709407,0.3074942894979833,0.8203286157992629,0.5379166226594444
2021-09-25 22:20:00,0.5536959553695956,-0.3545816733067729,0.3370067014147431,0.2590608819853597,0.5198858803051917,0.00022271714922048998,0.5,0.2707920991867514,0.5223027123017635,0.3804270262709407,0.3074942894979833,0.8203286157992629,0.505409116284684
2021-09-25 22:30:00,0.5620641562064157,-0.23505976095617542,0.32509307520476516,0.2544188537761116,0.5198858803051917,0.00011135857461024499,0.5,0.2707920991867514,0.5223027123017635,0.3804270262709407,0.3074942894979833,0.8203286157992629,0.5245937504715059
2021-09-25 22:40:00,0.6004184100418409,-0.2270916334661356,0.31198808637378983,0.2497768255668631,0.5198858803051917,0.00011135857461024499,0.5,0.2707920991867514,0.5223027123017635,0.3804270262709407,0.3074942894979833,0.8203286157992629,0.653650587685019
2021-09-25 22:50:00,0.6297071129707112,0.01195219123505975,0.3015636634400596,0.2447777182645956,0.5198858803051917,0.00011135857461024499,0.5,0.2707920991867514,0.5223027123017635,0.3804270262709407,0.3074942894979833,0.8203286157992629,0.7399927576685729
2021-09-25 23:00:00,0.6073919107391912,0.043824701195219085,0.295309009679821,0.24370648098553827,0.5198858803051917,0.00011135857461024499,0.5,0.19898850085534003,0.5420580620504755,0.42412172025387684,0.38234780901131776,0.8974323006050864,0.6932344553917649
2021-09-25 23:10:00,0.590655509065551,0.08366533864541825,0.2881608339538346,0.24227816461346197,0.5198858803051917,0.00011135857461024499,0.5,0.19898850085534003,0.5420580620504755,0.42412172025387684,0.38234780901131776,0.8974323006050864,0.6280383843565641
2021-09-25 23:20:00,0.6248256624825663,0.09960159362549792,0.28548026805658955,0.24084984824138544,0.5198858803051917,0.00011135857461024499,0.5,0.19898850085534003,0.5420580620504755,0.42412172025387684,0.38234780901131776,0.8974323006050864,0.7520482218567528
2021-09-25 23:30:00,0.6527196652719665,0.019920318725099362,0.287862993298585,0.24192108552044278,0.5198858803051917,0.00011135857461024499,0.5,0.19898850085534003,0.5420580620504755,0.42412172025387684,0.38234780901131776,0.8974323006050864,0.8346032560315041
2021-09-25 23:40:00,0.703626220362622,0.12350597609561742,0.2881608339538346,0.24370648098553827,0.5198858803051917,0.000556792873051225,0.5,0.19898850085534003,0.5420580620504755,0.42412172025387684,0.38234780901131776,0.8974323006050864,0.9194441510629631
2021-09-25 23:50:00,0.7071129707112971,0.25099601593625476,0.2881608339538346,0.24370648098553827,0.5198858803051917,0.00033407572383073496,0.5,0.19898850085534003,0.5420580620504755,0.42412172025387684,0.38234780901131776,0.8974323006050864,0.9108438824931725
2021-09-26 00:00:00,0.5801952580195259,0.19521912350597592,0.2860759493670886,0.24727727191572946,0.5198858803051917,0.00011135857461024499,0.5,0.1829470989983064,0.5405695862439563,0.429166766532789,0.4540593393873009,0.948204129099059,0.6500445101618962
2021-09-26 00:10:00,0.3612273361227336,0.06772908366533859,0.2765450483991063,0.2583467237993218,0.5273062778919265,0.00022271714922048998,0.5,0.1829470989983064,0.5405695862439563,0.429166766532789,0.4540593393873009,0.948204129099059,0.30929281651251567
2021-09-26 00:20:00,0.3849372384937238,-0.2828685258964144,0.26969471332836914,0.26655954293876083,0.5310753687296331,0.00022271714922048998,0.5,0.1829470989983064,0.5405695862439563,0.429166766532789,0.4540593393873009,0.948204129099059,0.32060895936750305
2021-09-26 00:30:00,0.36610878661087864,-0.21115537848605592,0.2673119880863737,0.2622745938225317,0.5310753687296331,0.00033407572383073496,0.5,0.1829470989983064,0.5405695862439563,0.429166766532789,0.4540593393873009,0.948204129099059,0.2894820224210511
2021-09-26 00:40:00,0.3702928870292887,-0.11553784860557781,0.2673119880863737,0.2533476164970543,0.5310753687296331,0.00033407572383073496,0.5,0.1829470989983064,0.5405695862439563,0.429166766532789,0.4540593393873009,0.948204129099059,0.2675136170919022
2021-09-26 00:50:00,0.3716875871687587,0.20318725099601576,0.2673119880863737,0.24406356007855767,0.5367420921071573,0.00022271714922048998,0.5,0.1829470989983064,0.5405695862439563,0.429166766532789,0.4540593393873009,0.948204129099059,0.3154487982256288
2021-09-26 01:00:00,0.33403068340306835,-0.06772908366533881,0.2673119880863737,0.23620782003213714,0.5423564670008244,0.00022271714922048998,0.5,0.10514221257057921,0.539629949972271,0.4739677869299531,0.4434402471343818,0.9884512886362076,0.273035894805136
2021-09-26 01:10:00,0.4386331938633194,0.1394422310756971,0.2673119880863737,0.23335118728798432,0.5503919592728796,0.00033407572383073496,0.5,0.10514221257057921,0.539629949972271,0.4739677869299531,0.4434402471343818,0.9884512886362076,0.3417701465063295
2021-09-26 01:20:00,0.3772663877266388,-0.14741035856573714,0.264929262844378,0.22371005177646874,0.5536899137558728,0.00033407572383073496,0.5,0.10514221257057921,0.539629949972271,0.4739677869299531,0.4434402471343818,0.9884512886362076,0.2669327217586795
2021-09-26 01:30:00,0.40376569037656906,-0.08366533864541836,0.2613551749813847,0.21656846991608636,0.5536899137558728,0.00044543429844097997,0.5,0.10514221257057921,0.539629949972271,0.4739677869299531,0.4434402471343818,0.9884512886362076,0.28334112889841123
2021-09-26 01:40:00,0.2684797768479777,0.8486055776892429,0.25867460908413986,0.2094268880557042,0.5715538338720865,0.0665924276169265,0.5,0.10514221257057921,0.539629949972271,0.4739677869299531,0.4434402471343818,0.9884512886362076,0.11159980083588576
2021-09-26 01:50:00,0.18270571827057183,0.394422310756972,0.2568875651526432,0.23263702910194617,0.6759890591668738,0.15779510022271714,0.5,0.10514221257057921,0.539629949972271,0.4739677869299531,0.4434402471343818,0.9884512886362076,0.03636253904069285
2021-09-26 02:00:00,0.14574616457461645,0.5776892430278884,0.272970960536113,0.2733440457061238,0.7052256874010286,0.00011135857461024499,0.5,0.0792968368263467,0.5446786989916893,0.5018485060725577,0.3687080824242916,0.02617147560072285,0.03357122380312929
2021-09-26 02:10:00,0.17294281729428174,0.5219123505976095,0.25510052122114657,0.24084984824138544,0.7250788499038096,0.00011135857461024499,0.5,0.0792968368263467,0.5446786989916893,0.5018485060725577,0.3687080824242916,0.02617147560072285,0.05363097303740363
2021-09-26 02:20:00,0.21687587168758715,0.5458167330677288,0.23961280714817557,0.20585609712551345,0.7351297588043606,0.00022271714922048998,0.5,0.0792968368263467,0.5446786989916893,0.5018485060725577,0.3687080824242916,0.02617147560072285,0.08044268750848711
2021-09-26 02:30:00,0.2719665271966527,-0.4661354581673308,0.21846612062546522,0.1744331369398322,0.7322375050712594,0.00033407572383073496,0.5,0.0792968368263467,0.5446786989916893,0.5018485060725577,0.3687080824242916,0.02617147560072285,0.1210299198817086
2021-09-26 02:40:00,0.22245467224546722,-0.2509960159362551,0.20476545048399108,0.1533654704517049,0.721309759066103,0.00022271714922048998,0.5,0.0792968368263467,0.5446786989916893,0.5018485060725577,0.3687080824242916,0.02617147560072285,0.08746624017381595
2021-09-26 02:50:00,0.24058577405857742,-0.15537848605577698,0.19761727475800428,0.1390823067309408,0.7097145698917694,0.00022271714922048998,0.5,0.0792968368263467,0.5446786989916893,0.5018485060725577,0.3687080824242916,0.02617147560072285,0.09992908550477542
2021-09-26 03:00:00,0.19595536959553697,-0.2589641434262948,0.18778853313477262,0.12444206391715773,0.7118870319718366,0.00022271714922048998,0.5,0.09076196133509717,0.5516038470490535,0.46292012092487567,0.3009287532528247,0.06741871831854528,0.06444166151153492
2021-09-26 03:10:00,0.2099023709902371,-0.40239043824701204,0.1785554728220402,0.11658632387073742,0.673319286490165,0.00022271714922048998,0.5,0.09076196133509717,0.5516038470490535,0.46292012092487567,0.3009287532528247,0.06741871831854528,0.07415091208111411
2021-09-26 03:20:00,0.14086471408647142,-0.24302788844621515,0.1720029784065522,0.10587395108016429,0.6582821845022313,0.00022271714922048998,0.5,0.09076196133509717,0.5516038470490535,0.46292012092487567,0.3009287532528247,0.06741871831854528,0.03957632361150927
2021-09-26 03:30:00,0.12691771269177127,-0.50597609561753,0.16753536857781093,0.1008748437778968,0.6533221656567773,0.00022271714922048998,0.5,0.09076196133509717,0.5516038470490535,0.46292012092487567,0.3009287532528247,0.06741871831854528,0.024246722090619673
2021-09-26 03:40:00,0.14016736401673638,-0.14741035856573714,0.16187639612807136,0.09551865738261034,0.630328094122574,0.00033407572383073496,0.5,0.09076196133509717,0.5516038470490535,0.46292012092487567,0.3009287532528247,0.06741871831854528,0.03501969008856768
2021-09-26 03:50:00,0.09902370990237098,0.3784860557768923,0.16008935219657472,0.09516157828959115,0.6268861813089738,0.00033407572383073496,0.5,0.09076196133509717,0.5516038470490535,0.46292012092487567,0.3009287532528247,0.06741871831854528,0.009120811141119846
2021-09-26 04:00:00,0.0899581589958159,0.08366533864541825,0.16008935219657472,0.1023031601499731,0.6417924120872649,0.00044543429844097997,0.5,-0.0375204245981704,0.5519716557425565,0.5880641025104505,0.30150223900371415,0.08227506083698792,0.0
2021-09-26 04:10:00,0.09693165969316596,-0.11553784860557781,0.15889798957557688,0.10444563470808776,0.6417924120872649,0.00044543429844097997,0.5,-0.0375204245981704,0.5519716557425565,0.5880641025104505,0.30150223900371415,0.08227506083698792,0.0045717217134149096
2021-09-26 04:20:00,0.1290097629009763,-0.4820717131474104,0.15591958302308262,0.09873236921978235,0.6386253288139142,0.00033407572383073496,0.5,-0.0375204245981704,0.5519716557425565,0.5880641025104505,0.30150223900371415,0.08227506083698792,0.0291956485658675
2021-09-26 04:30:00,0.14714086471408647,0.5776892430278884,0.15264333581533873,0.08587752187109432,0.6254073366400126,0.00033407572383073496,0.5,-0.0375204245981704,0.5519716557425565,0.5880641025104505,0.30150223900371415,0.08227506083698792,0.04733919761003063
2021-09-26 04:40:00,0.17782426778242677,-0.17131474103585675,0.1511541325390915,0.07373683270844489,0.6254073366400126,0.00033407572383073496,0.5,-0.0375204245981704,0.5519716557425565,0.5880641025104505,0.30150223900371415,0.08227506083698792,0.05630158275118065
2021-09-26 04:50:00,0.15271966527196654,0.25099601593625476,0.1511541325390915,0.06266738082485257,0.6254073366400126,0.00022271714922048998,0.5,-0.0375204245981704,0.5519716557425565,0.5880641025104505,0.30150223900371415,0.08227506083698792,0.046743214086334625
2021-09-26 05:00:00,0.1311018131101813,0.6414342629482073,0.148175725986597,0.061596143545795234,0.6254073366400126,0.00022271714922048998,0.5,-0.05076880538905881,0.5541411523331431,0.6082493601910429,0.3250206787255729,0.09504804242652354,0.036045687040753206
2021-09-26 05:10:00,0.15271966527196654,0.3227091633466135,0.14519731943410275,0.0576682735225853,0.6254073366400126,0.00022271714922048998,0.5,-0.05076880538905881,0.5541411523331431,0.6082493601910429,0.3250206787255729,0.09504804242652354,0.04611705418169199
2021-09-26 05:20:00,0.13598326359832635,0.3306772908366533,0.14221891288160804,0.05231208712729862,0.6254073366400126,0.00022271714922048998,0.5,-0.05076880538905881,0.5541411523331431,0.6082493601910429,0.3250206787255729,0.09504804242652354,0.04001388113523545
2021-09-26 05:30:00,0.1324965132496513,0.22709163346613526,0.13894266567386415,0.050883770755222324,0.6254073366400126,0.00022271714922048998,0.5,-0.05076880538905881,0.5541411523331431,0.6082493601910429,0.3250206787255729,0.09504804242652354,0.03926701570680628
2021-09-26 05:40:00,0.16875871687587168,-0.45019920318725104,0.13447505584512287,0.04409926798785935,0.6254073366400126,0.00022271714922048998,0.5,-0.05076880538905881,0.5541411523331431,0.6082493601910429,0.3250206787255729,0.09504804242652354,0.043921722467824435
2021-09-26 05:50:00,0.19316596931659694,-0.3705179282868527,0.13090096798212936,0.032672737011248065,0.6254073366400126,0.00022271714922048998,0.5,-0.05076880538905881,0.5541411523331431,0.6082493601910429,0.3250206787255729,0.09504804242652354,0.06440394103535163
2021-09-26 06:00:00,0.198744769874477,0.019920318725099362,0.12732688011913607,0.023031601499732268,0.6114172043292196,0.00022271714922048998,0.5,-0.1098858890749621,0.5606209070507214,0.5243608029210873,0.3995729945866028,0.12563163161232635,0.07942423465153825
2021-09-26 06:10:00,0.1882845188284519,0.29083665338645415,0.12732688011913607,0.018746652383502926,0.6224234730601615,0.00033407572383073496,0.5,-0.1098858890749621,0.5606209070507214,0.5243608029210873,0.3995729945866028,0.12563163161232635,0.06374760474976236
2021-09-26 06:20:00,0.1799163179916318,0.4581673306772909,0.12732688011913607,0.018746652383502926,0.625433510881941,0.00022271714922048998,0.5,-0.1098858890749621,0.5606209070507214,0.5243608029210873,0.3995729945866028,0.12563163161232635,0.06469061665434464
2021-09-26 06:30:00,0.20781032078103207,0.41035856573705165,0.12732688011913607,0.016604177825388255,0.6363089084032404,0.00033407572383073496,0.5,-0.1098858890749621,0.5606209070507214,0.5243608029210873,0.3995729945866028,0.12563163161232635,0.0716387283673069
2021-09-26 06:40:00,0.199442119944212,0.3306772908366533,0.12732688011913607,0.011605070523120764,0.6419232832969075,0.00033407572383073496,0.5,-0.1098858890749621,0.5606209070507214,0.5243608029210873,0.3995729945866028,0.12563163161232635,0.06973761636766902
2021-09-26 06:50:00,0.2210599721059972,0.5378486055776892,0.12494415487714061,0.008748437778968166,0.6419232832969075,0.00022271714922048998,0.5,-0.1098858890749621,0.5606209070507214,0.5243608029210873,0.3995729945866028,0.12563163161232635,0.08555758407894141
2021-09-26 07:00:00,0.25592747559274753,-0.059760956175298974,0.12256142963514494,0.0033922513836814883,0.6419232832969075,0.00022271714922048998,0.5,-0.11135972874599398,0.5647501343363782,0.5213811782731391,0.4351248981239174,0.14060105993384145,0.11342547188315705
2021-09-26 07:10:00,0.2580195258019526,0.19521912350597592,0.11839166046165284,-0.0016068559185858922,0.6466477339650051,0.00022271714922048998,0.5,-0.11135972874599398,0.5647501343363782,0.5213811782731391,0.4351248981239174,0.14060105993384145,0.11600555245409419
2021-09-26 07:20:00,0.2733612273361227,-0.3067729083665339,0.11839166046165284,-0.0026780931976432276,0.655690934551308,0.00022271714922048998,0.5,-0.11135972874599398,0.5647501343363782,0.5213811782731391,0.4351248981239174,0.14060105993384145,0.12132413959593825
2021-09-26 07:30:00,0.2691771269177127,0.10756972111553775,0.11541325390915858,-0.005534725941796048,0.64285246888537,0.00022271714922048998,0.5,-0.11135972874599398,0.5647501343363782,0.5213811782731391,0.4351248981239174,0.14060105993384145,0.12223697511957392
2021-09-26 07:40:00,0.2608089260808926,0.3784860557768923,0.11243484735666387,-0.012319228709159136,0.6512151391815315,0.00022271714922048998,0.5,-0.11135972874599398,0.5647501343363782,0.5213811782731391,0.4351248981239174,0.14060105993384145,0.1154246571208715
2021-09-26 07:50:00,0.29776847977684795,0.2111553784860556,0.10945644080416961,-0.01696125691840733,0.6557171087932365,0.00022271714922048998,0.5,-0.11135972874599398,0.5647501343363782,0.5213811782731391,0.4351248981239174,0.14060105993384145,0.15142507959020474
2021-09-26 08:00:00,0.3361227336122734,0.13147410358565725,0.10677587490692453,-0.01696125691840733,0.6557171087932365,0.00022271714922048998,0.5,-0.10164530790404847,0.5492619401333897,0.49795581973473785,0.4342627483252902,0.16140799852266405,0.19773073615281322
2021-09-26 08:10:00,0.35355648535564854,0.24302788844621515,0.10647803425167512,-0.01696125691840733,0.6597479420502284,0.00022271714922048998,0.5,-0.10164530790404847,0.5492619401333897,0.49795581973473785,0.4342627483252902,0.16140799852266405,0.21812996967273715
2021-09-26 08:20:00,0.3723849372384937,-0.33864541832669326,0.10647803425167512,-0.012319228709159136,0.6669851199434635,0.00022271714922048998,0.5,-0.10164530790404847,0.5492619401333897,0.49795581973473785,0.4342627483252902,0.16140799852266405,0.24315373357273262
2021-09-26 08:30:00,0.3368200836820084,0.08366533864541825,0.10201042442293362,-0.008748437778968055,0.6669851199434635,0.00022271714922048998,0.5,-0.10164530790404847,0.5492619401333897,0.49795581973473785,0.4342627483252902,0.16140799852266405,0.21651553329209228
2021-09-26 08:40:00,0.31729428172942814,0.40239043824701204,0.09545793000744607,-0.0112479914301018,0.6669851199434635,0.00022271714922048998,0.5,-0.10164530790404847,0.5492619401333897,0.49795581973473785,0.4342627483252902,0.16140799852266405,0.18993014167810854
2021-09-26 08:50:00,0.3319386331938633,-0.08366533864541836,0.09426656738644801,-0.01696125691840733,0.6781353470050123,0.00022271714922048998,0.5,-0.10164530790404847,0.5492619401333897,0.49795581973473785,0.4342627483252902,0.16140799852266405,0.20938636329345023
2021-09-26 09:00:00,0.32496513249651326,-0.4183266932270917,0.09158600148920315,-0.010890912337082503,0.6773501197471569,0.00022271714922048998,0.5,-0.06983936818575542,0.5657041381351543,0.42605373342682074,0.4146688432003973,0.2039495749195079,0.20625556377023702
2021-09-26 09:10:00,0.3849372384937238,0.3227091633466135,0.09158600148920315,-0.01267630780217821,0.6669720328224994,0.00022271714922048998,0.5,-0.06983936818575542,0.5657041381351543,0.42605373342682074,0.4146688432003973,0.2039495749195079,0.29191122108725504
2021-09-26 09:20:00,0.4372384937238493,-0.06772908366533881,0.09218168279970218,-0.00981967505802539,0.661645574590046,0.00033407572383073496,0.5,-0.06983936818575542,0.5657041381351543,0.42605373342682074,0.4146688432003973,0.2039495749195079,0.35376525793261615
2021-09-26 09:30:00,0.38284518828451886,0.31474103585657365,0.09843633655994011,-0.00981967505802539,0.6578503095104108,0.000556792873051225,0.5,-0.06983936818575542,0.5657041381351543,0.42605373342682074,0.4146688432003973,0.2039495749195079,0.2664951642349533
2021-09-26 09:40:00,0.394700139470014,-0.003984063745020028,0.11034996276991804,-0.0008926977325478536,0.6561358966640929,0.00044543429844097997,0.5,-0.06983936818575542,0.5657041381351543,0.42605373342682074,0.4146688432003973,0.2039495749195079,0.29122470842071907
2021-09-26 09:50:00,0.4351464435146444,0.043824701195219085,0.11898734177215187,0.005534725941795937,0.6615539647432961,0.00022271714922048998,0.5,-0.06983936818575542,0.5657041381351543,0.42605373342682074,0.4146688432003973,0.2039495749195079,0.361362161835931
2021-09-26 10:00:00,0.41283124128312415,0.003984063745019917,0.1276247207743857,0.013747545081235657,0.66113517687244,0.00022271714922048998,0.5,0.2372842847246519,0.5530894493501561,0.21535764689799342,0.46662818193616323,0.25429992732280027,0.31535072498755223
2021-09-26 10:10:00,0.4435146443514645,-0.06772908366533881,0.13775130305286676,0.021960364220674933,0.663464684404078,0.00022271714922048998,0.5,0.2372842847246519,0.5530894493501561,0.21535764689799342,0.46662818193616323,0.25429992732280027,0.3836851396412028
2021-09-26 10:20:00,0.41352859135285913,-0.07569721115537853,0.14728220402084857,0.034101053383324365,0.6586617110101948,0.00022271714922048998,0.5,0.2372842847246519,0.5530894493501561,0.21535764689799342,0.46662818193616323,0.25429992732280027,0.3099340646076316
2021-09-26 10:30:00,0.3702928870292887,0.21912350597609564,0.15860014892032748,0.0448134261738975,0.6639489078797556,0.00033407572383073496,0.5,0.2372842847246519,0.5530894493501561,0.21535764689799342,0.46662818193616323,0.25429992732280027,0.2481102041432171
2021-09-26 10:40:00,0.34658298465829845,-0.043824701195219196,0.16991809381980638,0.05266916622031781,0.6648911805891821,0.00033407572383073496,0.5,0.2372842847246519,0.5530894493501561,0.21535764689799342,0.46662818193616323,0.25429992732280027,0.21485583234002747
2021-09-26 10:50:00,0.3486750348675035,0.20318725099601576,0.18212956068503328,0.062310301731833606,0.6676002146287838,0.00033407572383073496,0.5,0.2372842847246519,0.5530894493501561,0.21535764689799342,0.46662818193616323,0.25429992732280027,0.22220378110053263
2021-09-26 11:00:00,0.35704323570432356,-0.03585657370517936,0.19255398361876375,0.07088019996429229,0.669785763829815,0.00022271714922048998,0.5,0.24497113790401848,0.5531268049205914,0.2334385510116787,0.46744502823191797,0.2823669563516279,0.21597235843505286
2021-09-26 11:10:00,0.3723849372384937,-0.059760956175298974,0.20327624720774362,0.07980717728976972,0.6609257829370117,0.00022271714922048998,0.5,0.24497113790401848,0.5531268049205914,0.2334385510116787,0.46744502823191797,0.2823669563516279,0.2420749279538905
2021-09-26 11:20:00,0.37308228730822873,0.06772908366533859,0.21578555472822036,0.08766291733619003,0.6586617110101948,0.00022271714922048998,0.5,0.24497113790401848,0.5531268049205914,0.2334385510116787,0.46744502823191797,0.2823669563516279,0.23484768471717188
2021-09-26 11:30:00,0.36610878661087864,0.14741035856573692,0.22680565897244964,0.09551865738261034,0.6631505935009357,0.00022271714922048998,0.5,0.24497113790401848,0.5531268049205914,0.2334385510116787,0.46744502823191797,0.2823669563516279,0.2300119196704739
2021-09-26 11:40:00,0.33403068340306835,-0.019920318725099695,0.23871928518242735,0.10730226745224059,0.6576670898169111,0.00022271714922048998,0.5,0.24497113790401848,0.5531268049205914,0.2334385510116787,0.46744502823191797,0.2823669563516279,0.19584471234364864
2021-09-26 11:50:00,0.3089260808926081,-0.2509960159362551,0.25450483991064754,0.12515622210319588,0.6657941919357161,0.00033407572383073496,0.5,0.24497113790401848,0.5531268049205914,0.2334385510116787,0.46744502823191797,0.2823669563516279,0.16970442234862773
2021-09-26 12:00:00,0.31450488145048816,0.22709163346613526,0.2685033507073715,0.135868594893769,0.670741123660206,0.00033407572383073496,0.5,0.2555079792263615,0.5290066004419451,0.241317005254036,0.3921726931587022,0.2997529659664717,0.17636585844259697
2021-09-26 12:10:00,0.301255230125523,-0.03585657370517936,0.2795234549516006,0.1469380467773611,0.6733978092159505,0.00033407572383073496,0.5,0.2555079792263615,0.5290066004419451,0.241317005254036,0.3921726931587022,0.2997529659664717,0.1498257314000332
2021-09-26 12:20:00,0.3103207810320781,0.2111553784860556,0.2905435591958301,0.15586502410283876,0.6731622410385939,0.00044543429844097997,0.5,0.2555079792263615,0.5290066004419451,0.241317005254036,0.3921726931587022,0.2997529659664717,0.15995745130286526
2021-09-26 12:30:00,0.2601115760111576,-0.23505976095617542,0.3015636634400596,0.16764863417246945,0.6774024682310139,0.00044543429844097997,0.5,0.2555079792263615,0.5290066004419451,0.241317005254036,0.3921726931587022,0.2997529659664717,0.1146476153114957
2021-09-26 12:40:00,0.2838214783821479,0.11553784860557759,0.3116902457185404,0.18443135154436718,0.6793917106175812,0.00022271714922048998,0.5,0.2555079792263615,0.5290066004419451,0.241317005254036,0.3921726931587022,0.2997529659664717,0.12673325588062226
2021-09-26 12:50:00,0.20641562064156208,0.19521912350597592,0.3227103499627697,0.19907159435815025,0.688016123333028,0.00022271714922048998,0.5,0.2555079792263615,0.5290066004419451,0.241317005254036,0.3921726931587022,0.2997529659664717,0.07697994779486098
2021-09-26 13:00:00,0.21478382147838215,0.10756972111553775,0.3349218168279968,0.20871272986966627,0.6939445891298374,0.00022271714922048998,0.5,0.4445929472224046,0.5114667233705087,0.1831299932268577,0.2683912187677391,0.31530808516620534,0.07150293465304706
2021-09-26 13:10:00,0.15411436541143653,-0.1633466135458168,0.3456440804169767,0.222281735404392,0.6740521652641634,0.00022271714922048998,0.5,0.4445929472224046,0.5114667233705087,0.1831299932268577,0.2683912187677391,0.31530808516620534,0.033367533231739514
2021-09-26 13:20:00,0.16666666666666669,-0.043824701195219196,0.35934475055845105,0.24370648098553827,0.673724987240057,0.00044543429844097997,0.5,0.4445929472224046,0.5114667233705087,0.1831299932268577,0.2683912187677391,0.31530808516620534,0.045958628181722166
2021-09-26 13:30:00,0.20013947001394702,0.043824701195219085,0.37155621742367817,0.2547759328691306,0.684482600672678,0.00044543429844097997,0.5,0.4445929472224046,0.5114667233705087,0.1831299932268577,0.2683912187677391,0.31530808516620534,0.06651628770161595
2021-09-26 13:40:00,0.20502092050209206,-0.4900398406374503,0.3807892777364108,0.26370291019460823,0.668320006281818,0.00044543429844097997,0.5,0.4445929472224046,0.5114667233705087,0.1831299932268577,0.2683912187677391,0.31530808516620534,0.056497729227333766
2021-09-26 13:50:00,0.16387726638772665,0.43426294820717115,0.39359642591213695,0.2819139439385825,0.6379317114028086,0.00044543429844097997,0.5,0.4445929472224046,0.5114667233705087,0.1831299932268577,0.2683912187677391,0.31530808516620534,0.048795207990705684
2021-09-26 14:00:00,0.10599721059972106,0.4262948207171313,0.4067014147431123,0.28869844670594547,0.6580204420829461,0.02906458797327394,0.5,0.4515877237950612,0.4859930978399852,0.17347817028017173,0.15287257531735696,0.3192852369817857,0.0
2021-09-26 14:10:00,0.09205020920502092,0.5298804780876492,0.41653015636634394,0.2858418139617924,0.6759628849249454,0.8689309576837417,0.5,0.4515877237950612,0.4859930978399852,0.17347817028017173,0.15287257531735696,0.3192852369817857,0.0
2021-09-26 14:20:00,0.09414225941422595,0.6334661354581672,0.42903946388682024,0.3158364577753974,0.6759628849249454,0.9993318485523385,0.5,0.4515877237950612,0.4859930978399852,0.17347817028017173,0.15287257531735696,0.3192852369817857,0.0
2021-09-26 14:30:00,0.09135285913528592,0.7370517928286848,0.4469099032017869,0.33868951972861994,0.6759628849249454,0.9993318485523385,0.5,0.4515877237950612,0.4859930978399852,0.17347817028017173,0.15287257531735696,0.3192852369817857,0.0
2021-09-26 14:40:00,0.10460251046025104,0.5139442231075697,0.4612062546537601,0.35440099982146056,0.6759628849249454,0.9993318485523385,0.5,0.4515877237950612,0.4859930978399852,0.17347817028017173,0.15287257531735696,0.3192852369817857,0.0
2021-09-26 14:50:00,0.06694560669456066,0.29083665338645415,0.47133283693224115,0.36582753079807184,0.6759628849249454,0.9993318485523385,0.5,0.4515877237950612,0.4859930978399852,0.17347817028017173,0.15287257531735696,0.3192852369817857,0.0
2021-09-26 15:00:00,0.07601115760111576,0.26593625498007945,0.4862248696947131,0.3761828244956258,0.6759628849249454,0.9993318485523385,0.5,0.458598643263026,0.46442169266710287,0.15723708547157797,0.07528787206819205,0.3433155209547668,0.0
2021-09-26 15:10:00,0.10460251046025104,0.24103585657370497,0.5008190618019359,0.38475272272808425,0.6759628849249454,0.9993318485523385,0.5,0.458598643263026,0.46442169266710287,0.15723708547157797,0.07528787206819205,0.3433155209547668,0.0
2021-09-26 15:20:00,0.044630404463040445,0.21613545816733049,0.5097542814594189,0.3922513836814856,0.6759628849249454,0.9993318485523385,0.5,0.458598643263026,0.46442169266710287,0.15723708547157797,0.07528787206819205,0.3433155209547668,0.0
2021-09-26 15:30:00,0.07043235704323571,0.191235059760956,0.5201787043931496,0.40117836100696325,0.6759628849249454,0.9993318485523385,0.5,0.458598643263026,0.46442169266710287,0.15723708547157797,0.07528787206819205,0.3433155209547668,0.0
2021-09-26 15:40:00,0.04114365411436541,0.16633466135458153,0.5210722263588978,0.40724870558828763,0.6759628849249454,0.9993318485523385,0.5,0.458598643263026,0.46442169266710287,0.15723708547157797,0.07528787206819205,0.3433155209547668,0.0
2021-09-26 15:50:00,0.08647140864714087,0.14143426294820705,0.5297096053611317,0.41510444563470794,0.6759628849249454,0.9993318485523385,0.5,0.458598643263026,0.46442169266710287,0.15723708547157797,0.07528787206819205,0.3433155209547668,0.0
2021-09-26 16:00:00,0.07880055788005579,0.11653386454183257,0.5407297096053609,0.4190323156579181,0.6759628849249454,0.9993318485523385,0.5,0.5285863993438777,0.4448272592217979,0.10673513614827718,0.05675488800797161,0.45791618101038856,0.0
2021-09-26 16:10:00,0.0808926080892608,0.09163346613545809,0.5437081161578554,0.4251026602392429,0.6759628849249454,0.9993318485523385,0.5,0.5285863993438777,0.4448272592217979,0.10673513614827718,0.05675488800797161,0.45791618101038856,0.0
2021-09-26 16:20:00,0.06345885634588563,0.6653386454183265,0.5484735666418465,0.4272451347973576,0.6759628849249454,0.9993318485523385,0.5,0.5285863993438777,0.4448272592217979,0.10673513614827718,0.05675488800797161,0.45791618101038856,0.0
2021-09-26 16:30:00,0.09623430962343095,0.4362549800796811,0.552941176470588,0.42938760935547227,0.6759628849249454,0.9993318485523385,0.5,0.5285863993438777,0.4448272592217979,0.10673513614827718,0.05675488800797161,0.45791618101038856,0.0
2021-09-26 16:40:00,0.060669456066945605,0.2071713147410359,0.5559195830230825,0.42974468844849145,0.6759628849249454,0.9993318485523385,0.5,0.5285863993438777,0.4448272592217979,0.10673513614827718,0.05675488800797161,0.45791618101038856,0.0
2021-09-26 16:50:00,0.07880055788005579,-0.021912350597609542,0.5588979895755768,0.4358150330298163,0.6759628849249454,0.9993318485523385,0.5,0.5285863993438777,0.4448272592217979,0.10673513614827718,0.05675488800797161,0.45791618101038856,0.0
2021-09-26 17:00:00,0.06485355648535565,-0.2509960159362551,0.5627699180938197,0.44117121942510273,0.6759628849249454,0.9993318485523385,0.5,0.5360940797265579,0.42867528526724913,0.09646927921515248,0.09524396111417308,0.4853213897642465,0.0
2021-09-26 17:10:00,0.21338912133891214,-0.458167330677291,0.5687267311988085,0.44259953579717903,0.6937221080734449,0.994988864142539,0.5,0.5360940797265579,0.42867528526724913,0.09646927921515248,0.09524396111417308,0.4853213897642465,0.0
2021-09-26 17:20:00,0.14365411436541145,-0.6653386454183268,0.5669396872673118,0.4443849312622745,0.7421051942783107,0.05022271714922049,0.5,0.5360940797265579,0.42867528526724913,0.09646927921515248,0.09524396111417308,0.4853213897642465,0.005891938379830107
2021-09-26 17:30:00,0.10529986052998605,0.585657370517928,0.5723008190618017,0.46938046777361175,0.7343707057884336,0.46469933184855233,0.5,0.5360940797265579,0.42867528526724913,0.09646927921515248,0.09524396111417308,0.4853213897642465,0.00012824961902319057
2021-09-26 17:40:00,0.15829846582984658,0.0717131474103585,0.5708116157855547,0.4818782360292806,0.7412676185365981,0.9992204899777284,0.5,0.5360940797265579,0.42867528526724913,0.09646927921515248,0.09524396111417308,0.4853213897642465,0.0
2021-09-26 17:50:00,0.15760111576011157,-0.4422310756972112,0.5746835443037972,0.46973754686663094,0.7178678462525029,0.3412026726057907,0.5,0.5360940797265579,0.42867528526724913,0.09646927921515248,0.09524396111417308,0.4853213897642465,0.0
2021-09-26 18:00:00,0.14435146443514643,-0.649402390438247,0.581236038719285,0.4658096768434208,0.7190456871392863,0.7071269487750557,0.5,0.368766766181168,0.4260546483260395,0.21888929342594315,0.185920427408337,0.5285851738342027,0.0
2021-09-26 18:10:00,0.1631799163179916,-0.1633466135458168,0.5800446760982871,0.4675950723085165,0.719844001518106,0.5491091314031181,0.5,0.368766766181168,0.4260546483260395,0.21888929342594315,0.185920427408337,0.5285851738342027,0.0
2021-09-26 18:20:00,0.18898186889818688,-0.09960159362549814,0.5827252419955322,0.459382253169077,0.7397233382628156,0.3789532293986637,0.5,0.368766766181168,0.4260546483260395,0.21888929342594315,0.185920427408337,0.5285851738342027,0.0
2021-09-26 18:30:00,0.2629009762900976,0.13147410358565725,0.5857036485480267,0.45973933226209596,0.7109054978995171,0.0028953229398663697,0.5,0.368766766181168,0.4260546483260395,0.21888929342594315,0.185920427408337,0.5285851738342027,0.1097288652171945
2021-09-26 18:40:00,0.2796373779637378,0.11553784860557759,0.5871928518242739,0.4590251740760578,0.7082226381018439,0.00033407572383073496,0.5,0.368766766181168,0.4260546483260395,0.21888929342594315,0.185920427408337,0.5285851738342027,0.11864598578692459
2021-09-26 18:50:00,0.21617852161785217,0.14741035856573692,0.5848101265822783,0.46473843956436345,0.7198701757600346,0.00033407572383073496,0.5,0.368766766181168,0.4260546483260395,0.21888929342594315,0.185920427408337,0.5285851738342027,0.07572008389033903
2021-09-26 19:00:00,0.23221757322175732,-0.11553784860557781,0.5475800446760981,0.4351008748437779,0.7124628652942638,0.00022271714922048998,0.5,0.3847104768391141,0.41879617364018695,0.21108527907413516,0.17901828369581735,0.494967745673811,0.09175128626823785
2021-09-26 19:10:00,0.21408647140864714,0.3306772908366533,0.5172002978406551,0.39617925370469576,0.7181426757927524,0.00033407572383073496,0.5,0.3847104768391141,0.41879617364018695,0.21108527907413516,0.17901828369581735,0.494967745673811,0.07380388370022783
2021-09-26 19:20:00,0.21548117154811713,-0.1872509960159363,0.49754281459419203,0.3811819317978933,0.7225661226786719,0.00033407572383073496,0.5,0.3847104768391141,0.41879617364018695,0.21108527907413516,0.17901828369581735,0.494967745673811,0.07507883579522308
2021-09-26 19:30:00,0.24407252440725244,-0.17928286852589637,0.47907669396872654,0.3604713444027854,0.719844001518106,0.00022271714922048998,0.5,0.3847104768391141,0.41879617364018695,0.21108527907413516,0.17901828369581735,0.494967745673811,0.09418048493444182
2021-09-26 19:40:00,0.20362622036262204,-0.19521912350597614,0.4615040953090095,0.34833065524013573,0.713378963761762,0.00022271714922048998,0.5,0.3847104768391141,0.41879617364018695,0.21108527907413516,0.17901828369581735,0.494967745673811,0.06604855379694313
2021-09-26 19:50:00,0.2412831241283124,0.5537848605577689,0.4507818317200294,0.3394036779146581,0.7059193048121344,0.00033407572383073496,0.5,0.3847104768391141,0.41879617364018695,0.21108527907413516,0.17901828369581735,0.494967745673811,0.09182672722060443
2021-09-26 20:00:00,0.2280334728033473,0.22709163346613526,0.4412509307520476,0.3311908587752188,0.7059193048121344,0.00044543429844097997,0.5,0.38295163501847584,0.423548951601548,0.21920391926657812,0.1966838833279628,0.4086632008514708,0.09138916969687826
2021-09-26 20:10:00,0.2608089260808926,0.19521912350597592,0.43350707371556196,0.3211926441706838,0.7059193048121344,0.00044543429844097997,0.5,0.38295163501847584,0.423548951601548,0.21920391926657812,0.1966838833279628,0.4086632008514708,0.11749173921571587
2021-09-26 20:20:00,0.3089260808926081,0.07569721115537842,0.4239761727475799,0.30976611319407255,0.7059193048121344,0.00044543429844097997,0.5,0.38295163501847584,0.423548951601548,0.21920391926657812,0.1966838833279628,0.4086632008514708,0.16090800730268418
2021-09-26 20:30:00,0.31311018131101814,0.17131474103585642,0.4174236783320924,0.3022674522406714,0.7059193048121344,0.00044543429844097997,0.5,0.38295163501847584,0.423548951601548,0.21920391926657812,0.1966838833279628,0.4086632008514708,0.16659625511112452
2021-09-26 20:40:00,0.26429567642956764,-0.06772908366533881,0.41444527177959767,0.29726834493840393,0.7059193048121344,0.00044543429844097997,0.5,0.38295163501847584,0.423548951601548,0.21920391926657812,0.1966838833279628,0.4086632008514708,0.12447002730962477
2021-09-26 20:50:00,0.30474198047419804,-0.08366533864541836,0.4078927773641099,0.29691126584538474,0.6954626951616913,0.00044543429844097997,0.5,0.38295163501847584,0.423548951601548,0.21920391926657812,0.1966838833279628,0.4086632008514708,0.15362795539930896
2021-09-26 21:00:00,0.2796373779637378,0.41035856573705165,0.40491437081161563,0.2926263167291556,0.6921385664367695,0.00044543429844097997,0.5,0.3735629404483922,0.41983350909608314,0.22877762471313062,0.26559369356232615,0.3363629571765195,0.14465802616292228
2021-09-26 21:10:00,0.35495118549511856,0.019920318725099362,0.40163812360387197,0.2865559721478308,0.6921385664367695,0.00044543429844097997,0.5,0.3735629404483922,0.41983350909608314,0.22877762471313062,0.26559369356232615,0.3363629571765195,0.22296573471943512
2021-09-26 21:20:00,0.3688981868898187,-0.1394422310756973,0.3989575577066269,0.2865559721478308,0.6921385664367695,0.00044543429844097997,0.5,0.3735629404483922,0.41983350909608314,0.22877762471313062,0.26559369356232615,0.3363629571765195,0.22980822909908416
2021-09-26 21:30:00,0.3521617852161785,-0.17131474103585675,0.39806403574087845,0.2897696839850026,0.6921385664367695,0.00044543429844097997,0.5,0.3735629404483922,0.41983350909608314,0.22877762471313062,0.26559369356232615,0.3363629571765195,0.2064290779606802
2021-09-26 21:40:00,0.3807531380753138,-0.26693227091633476,0.3968726731198806,0.29369755400821274,0.6903718051065946,0.00044543429844097997,0.5,0.3735629404483922,0.41983350909608314,0.22877762471313062,0.26559369356232615,0.3363629571765195,0.23447802405057563
2021-09-26 21:50:00,0.3368200836820084,-0.17131474103585675,0.39478778853313456,0.2929833958221746,0.6808705552865425,0.00044543429844097997,0.5,0.3735629404483922,0.41983350909608314,0.22877762471313062,0.26559369356232615,0.3363629571765195,0.1943660696772636
2021-09-26 22:00:00,0.3716875871687587,-0.1633466135458168,0.38972449739389403,0.2894126048919836,0.6808705552865425,0.00044543429844097997,0.5,0.28006679289699243,0.4096440588838729,0.2939217863747609,0.314158415784815,0.2939232572304946,0.2503281681427946
2021-09-26 22:10:00,0.34797768479776847,-0.23505976095617542,0.3894266567386446,0.28691305124084976,0.6808705552865425,0.00044543429844097997,0.5,0.28006679289699243,0.4096440588838729,0.2939217863747609,0.314158415784815,0.2939232572304946,0.21126484300737813
2021-09-26 22:20:00,0.3263598326359832,-0.3705179282868527,0.38555472822040193,0.2865559721478308,0.6747457826752693,0.00044543429844097997,0.5,0.28006679289699243,0.4096440588838729,0.2939217863747609,0.314158415784815,0.2939232572304946,0.19678772424823093
2021-09-26 22:30:00,0.35355648535564854,-0.003984063745020028,0.3804914370811614,0.2865559721478308,0.6669851199434635,0.00044543429844097997,0.5,0.28006679289699243,0.4096440588838729,0.2939217863747609,0.314158415784815,0.2939232572304946,0.2235466300526578
2021-09-26 22:40:00,0.36959553695955366,-0.03585657370517936,0.3778108711839163,0.2851276557757545,0.6627318056300794,0.00044543429844097997,0.5,0.28006679289699243,0.4096440588838729,0.2939217863747609,0.314158415784815,0.2939232572304946,0.2326523530033043
2021-09-26 22:50:00,0.3598326359832636,-0.2749003984063746,0.3739389426656736,0.28262810212462064,0.6605986049129052,0.00044543429844097997,0.5,0.28006679289699243,0.4096440588838729,0.2939217863747609,0.314158415784815,0.2939232572304946,0.21897490833924288
2021-09-26 23:00:00,0.3361227336122734,-0.17131474103585675,0.37155621742367817,0.28048562756650597,0.6558479800028791,0.00044543429844097997,0.5,0.20470475344895944,0.4082647762832347,0.4076356305585008,0.32571349413808937,0.2584109355877494,0.19400395310590404
2021-09-26 23:10:00,0.29776847977684795,-0.4342629482071714,0.3694713328369321,0.27584359935725766,0.6558479800028791,0.00044543429844097997,0.5,0.20470475344895944,0.4082647762832347,0.4076356305585008,0.32571349413808937,0.2584109355877494,0.147909531209922
2021-09-26 23:20:00,0.2754532775453278,-0.45019920318725104,0.3655994043186892,0.27584359935725766,0.655285233801416,0.00044543429844097997,0.5,0.20470475344895944,0.4082647762832347,0.4076356305585008,0.32571349413808937,0.2584109355877494,0.12135431597688491
2021-09-26 23:30:00,0.23221757322175732,-0.29083665338645437,0.3638123603871928,0.27584359935725766,0.6420934158694429,0.00044543429844097997,0.5,0.20470475344895944,0.4082647762832347,0.4076356305585008,0.32571349413808937,0.2584109355877494,0.09880501531451333
2021-09-26 23:40:00,0.23500697350069735,-0.4342629482071714,0.36262099776619494,0.2722728084270667,0.6420934158694429,0.00044543429844097997,0.5,0.20470475344895944,0.4082647762832347,0.4076356305585008,0.32571349413808937,0.2584109355877494,0.09180409493489446
2021-09-26 23:50:00,0.197350069735007,-0.3705179282868527,0.3590469099032014,0.2719157293340475,0.63295860543639,0.00022271714922048998,0.5,0.20470475344895944,0.4082647762832347,0.4076356305585008,0.32571349413808937,0.2584109355877494,0.06923216198681292
2021-09-27 00:00:00,0.1903765690376569,-0.07569721115537853,0.35487714072970933,0.26977325477593306,0.6162201777231027,0.00033407572383073496,0.5,0.17776823138238873,0.393744953406109,0.4516209825127128,0.3264872971336693,0.19952637619091168,0.0680251067489476
2021-09-27 00:10:00,0.19316596931659694,0.49800796812749004,0.3533879374534623,0.26477414747366557,0.6117443823533262,0.00022271714922048998,0.5,0.17776823138238873,0.393744953406109,0.4516209825127128,0.3264872971336693,0.19952637619091168,0.0693453234153628
2021-09-27 00:20:00,0.16457461645746163,0.6494023904382469,0.35219657483246447,0.26156043563649356,0.6117443823533262,0.00022271714922048998,0.5,0.17776823138238873,0.393744953406109,0.4516209825127128,0.3264872971336693,0.19952637619091168,0.055630158275118066
2021-09-27 00:30:00,0.14574616457461645,0.3227091633466135,0.34802680565897237,0.26298875200856986,0.6228946094148748,0.00022271714922048998,0.5,0.17776823138238873,0.393744953406109,0.4516209825127128,0.3264872971336693,0.19952637619091168,0.04508351313426981
2021-09-27 00:40:00,0.1631799163179916,-0.4422310756972112,0.3459419210722261,0.26156043563649356,0.6282210676473282,0.00022271714922048998,0.5,0.17776823138238873,0.393744953406109,0.4516209825127128,0.3264872971336693,0.19952637619091168,0.05050017351419044
2021-09-27 00:50:00,0.14574616457461645,0.05179282868525892,0.3447505584512285,0.2612033565434744,0.6282210676473282,0.00022271714922048998,0.5,0.17776823138238873,0.393744953406109,0.4516209825127128,0.3264872971336693,0.19952637619091168,0.04116058361120751
2021-09-27 01:00:00,0.17852161785216178,0.05179282868525892,0.33998510796723735,0.25513301196214955,0.6282210676473282,0.00022271714922048998,0.5,0.11260920218409365,0.39415586468088437,0.4977757436792353,0.3358412996918286,0.14072904411644843,0.059598352369600316
2021-09-27 01:10:00,0.2189679218967922,0.05179282868525892,0.3384959046909901,0.24727727191572946,0.6282210676473282,0.00033407572383073496,0.5,0.11260920218409365,0.39415586468088437,0.4977757436792353,0.3358412996918286,0.14072904411644843,0.08816029693558852
2021-09-27 01:20:00,0.21548117154811713,-0.33864541832669326,0.33581533879374503,0.24120692733440463,0.6230123935035531,0.00033407572383073496,0.5,0.11260920218409365,0.39415586468088437,0.4977757436792353,0.3358412996918286,0.14072904411644843,0.08124990569880955
2021-09-27 01:30:00,0.2301255230125523,0.1394422310756971,0.3337304542069992,0.23513658275308003,0.614361806546178,0.00033407572383073496,0.5,0.11260920218409365,0.39415586468088437,0.4977757436792353,0.3358412996918286,0.14072904411644843,0.0875492252214192
2021-09-27 01:40:00,0.24337517433751746,-0.2270916334661356,0.3304542069992553,0.23227995000892698,0.614361806546178,0.00033407572383073496,0.5,0.11260920218409365,0.39415586468088437,0.4977757436792353,0.3358412996918286,0.14072904411644843,0.09699443245771534
2021-09-27 01:50:00,0.20502092050209206,-0.05179282868525903,0.3298585256887563,0.2258525263345832,0.614361806546178,0.00033407572383073496,0.5,0.11260920218409365,0.39415586468088437,0.4977757436792353,0.3358412996918286,0.14072904411644843,0.0702657030342351
2021-09-27 02:00:00,0.17154811715481172,0.2111553784860556,0.32717795979151143,0.2258525263345832,0.614361806546178,0.00022271714922048998,0.5,0.06165128477768311,0.38430836161341614,0.5271588297440498,0.33650434371441107,0.10388579000948953,0.05351781160885375
2021-09-27 02:10:00,0.16666666666666669,0.4501992031872508,0.3241995532390167,0.2258525263345832,0.614361806546178,0.00022271714922048998,0.5,0.06165128477768311,0.38430836161341614,0.5271588297440498,0.33650434371441107,0.10388579000948953,0.04876503160975904
2021-09-27 02:20:00,0.15202231520223153,0.7529880478087649,0.3206254653760239,0.2258525263345832,0.614361806546178,0.00022271714922048998,0.5,0.06165128477768311,0.38430836161341614,0.5271588297440498,0.33650434371441107,0.10388579000948953,0.04229219789670625
2021-09-27 02:30:00,0.1290097629009763,0.7450199203187249,0.31586001489203275,0.22656668452062134,0.614361806546178,0.00022271714922048998,0.5,0.06165128477768311,0.38430836161341614,0.5271588297440498,0.33650434371441107,0.10388579000948953,0.028539312280278225
2021-09-27 02:40:00,0.12691771269177127,0.6733067729083664,0.31228592702903946,0.23299410819496535,0.614361806546178,0.00033407572383073496,0.5,0.06165128477768311,0.38430836161341614,0.5271588297440498,0.33650434371441107,0.10388579000948953,0.025536762376088238
2021-09-27 02:50:00,0.10251046025104603,0.4661354581673305,0.30781831720029773,0.23299410819496535,0.6278153668974362,0.00044543429844097997,0.5,0.06165128477768311,0.38430836161341614,0.5271588297440498,0.33650434371441107,0.10388579000948953,0.00648792190352611
2021-09-27 03:00:00,0.0808926080892608,0.5537848605577689,0.3051377513030529,0.23585074093911795,0.6308777532030729,0.0006681514476614699,0.5,0.035317319625658206,0.3821072564632314,0.5672077444878022,0.31885298335926104,0.08749882211145632,0.0
2021-09-27 03:10:00,0.08926080892608089,0.6095617529880477,0.3003723008190615,0.21835386538118184,0.6308777532030729,0.5173719376391982,0.5,0.035317319625658206,0.3821072564632314,0.5672077444878022,0.31885298335926104,0.08749882211145632,0.0
2021-09-27 03:20:00,0.1206415620641562,0.22709163346613526,0.3066269545792999,0.22692376361364053,0.6308777532030729,0.9993318485523385,0.5,0.035317319625658206,0.3821072564632314,0.5672077444878022,0.31885298335926104,0.08749882211145632,0.0
2021-09-27 03:30:00,0.12622036262203626,0.027888446215139417,0.31198808637378983,0.24513479735761456,0.6308777532030729,0.9993318485523385,0.5,0.035317319625658206,0.3821072564632314,0.5672077444878022,0.31885298335926104,0.08749882211145632,0.0
2021-09-27 03:40:00,0.10599721059972106,0.23930942895086305,0.3099032017870438,0.24692019282271027,0.6308777532030729,0.9993318485523385,0.5,0.035317319625658206,0.3821072564632314,0.5672077444878022,0.31885298335926104,0.08749882211145632,0.0
2021-09-27 03:50:00,0.11645746164574616,0.4507304116865867,0.30603127326880086,0.24406356007855767,0.6308777532030729,0.9993318485523385,0.5,0.035317319625658206,0.3821072564632314,0.5672077444878022,0.31885298335926104,0.08749882211145632,0.0
2021-09-27 04:00:00,0.1499302649930265,0.6621513944223105,0.3072226358897989,0.23727905731119447,0.6308777532030729,0.9993318485523385,0.5,-0.038065981082794687,0.38139462711956995,0.6048463031844168,0.283015643343661,0.0731375936810326,0.0
2021-09-27 04:10:00,0.16527196652719667,0.5011952191235058,0.30483991064780347,0.23013747545081253,0.6308777532030729,0.9993318485523385,0.5,-0.038065981082794687,0.38139462711956995,0.6048463031844168,0.283015643343661,0.0731375936810326,0.0
2021-09-27 04:20:00,0.18131101813110181,0.34023904382470116,0.29739389426656726,0.222281735404392,0.6314666736464645,0.9993318485523385,0.5,-0.038065981082794687,0.38139462711956995,0.6048463031844168,0.283015643343661,0.0731375936810326,0.0
2021-09-27 04:30:00,0.13528591352859135,0.17928286852589648,0.3003723008190615,0.21942510266023918,0.6888536990747406,0.24988864142538977,0.5,-0.038065981082794687,0.38139462711956995,0.6048463031844168,0.283015643343661,0.0731375936810326,0.0
2021-09-27 04:40:00,0.11715481171548117,0.019920318725099362,0.3104988830975428,0.22335297268344934,0.6873748544057793,0.8010022271714923,0.5,-0.038065981082794687,0.38139462711956995,0.6048463031844168,0.283015643343661,0.0731375936810326,0.0
2021-09-27 04:50:00,0.11018131101813111,0.394422310756972,0.3116902457185404,0.2304945545438315,0.6873748544057793,0.9993318485523385,0.5,-0.038065981082794687,0.38139462711956995,0.6048463031844168,0.283015643343661,0.0731375936810326,0.0
2021-09-27 05:00:00,0.10320781032078104,0.3306772908366533,0.30483991064780347,0.22656668452062134,0.6873748544057793,0.9993318485523385,0.5,0.09055023592307831,0.3733085828733336,0.47344873672208576,0.19315085200147944,0.06065786558548439,0.0
2021-09-27 05:10:00,0.10460251046025104,-0.8964143426294822,0.30543559195830206,0.22299589359043037,0.6873748544057793,0.9993318485523385,0.5,0.09055023592307831,0.3733085828733336,0.47344873672208576,0.19315085200147944,0.06065786558548439,0.0
2021-09-27 05:20:00,0.12691771269177127,-0.6254980079681276,0.30096798212956055,0.21692554900910554,0.6873748544057793,0.9993318485523385,0.5,0.09055023592307831,0.3733085828733336,0.47344873672208576,0.19315085200147944,0.06065786558548439,0.0
2021-09-27 05:30:00,0.11297071129707113,-0.5585657370517929,0.3015636634400596,0.21192644170683805,0.6873748544057793,0.9993318485523385,0.5,0.09055023592307831,0.3733085828733336,0.47344873672208576,0.19315085200147944,0.06065786558548439,0.0
2021-09-27 05:40:00,0.10529986052998605,-0.49163346613545833,0.2985852568875649,0.20549901803249426,0.6873748544057793,0.9993318485523385,0.5,0.09055023592307831,0.3733085828733336,0.47344873672208576,0.19315085200147944,0.06065786558548439,0.0
2021-09-27 05:50:00,0.11227336122733612,-0.42470119521912364,0.29650037230081905,0.20121406891626492,0.6873748544057793,0.9993318485523385,0.5,0.09055023592307831,0.3733085828733336,0.47344873672208576,0.19315085200147944,0.06065786558548439,0.0
2021-09-27 06:00:00,0.11227336122733612,-0.35776892430278895,0.2941176470588236,0.1951437243349401,0.6873748544057793,0.9993318485523385,0.5,0.08748038421424953,0.39054386837046334,0.375102735291876,0.21406669543938453,0.05345089730504944,0.0
2021-09-27 06:10:00,0.1394700139470014,-0.29083665338645437,0.286373790022338,0.1887163006605963,0.6873748544057793,0.9993318485523385,0.5,0.08748038421424953,0.39054386837046334,0.375102735291876,0.21406669543938453,0.05345089730504944,0.0
2021-09-27 06:20:00,0.1324965132496513,-0.33067729083665354,0.280416976917349,0.18336011426530985,0.6873748544057793,0.9993318485523385,0.5,0.08748038421424953,0.39054386837046334,0.375102735291876,0.21406669543938453,0.05345089730504944,0.0
2021-09-27 06:30:00,0.11785216178521618,-0.3038754074610649,0.2836932241250929,0.17764684877700399,0.6873748544057793,0.9993318485523385,0.5,0.08748038421424953,0.39054386837046334,0.375102735291876,0.21406669543938453,0.05345089730504944,0.0
2021-09-27 06:40:00,0.11506276150627615,-0.27707352408547636,0.2813104988830972,0.17229066238171753,0.6873748544057793,0.9993318485523385,0.5,0.08748038421424953,0.39054386837046334,0.375102735291876,0.21406669543938453,0.05345089730504944,0.0
2021-09-27 06:50:00,0.11436541143654114,-0.25027164070988783,0.2771407297096051,0.16550615961435455,0.6873748544057793,0.9993318485523385,0.5,0.08748038421424953,0.39054386837046334,0.375102735291876,0.21406669543938453,0.05345089730504944,0.0
2021-09-27 07:00:00,0.09623430962343095,-0.2234697573342992,0.2762472077438567,0.16193536868416358,0.6873748544057793,0.9993318485523385,0.5,0.09397022836526836,0.39043754866999886,0.3757600128944601,0.24142821205298448,0.02752261935510778,0.0
2021-09-27 07:10:00,0.0899581589958159,-0.19666787395871066,0.26909903201787033,0.15729334047491506,0.6873748544057793,0.9993318485523385,0.5,0.09397022836526836,0.39043754866999886,0.3757600128944601,0.24142821205298448,0.02752261935510778,0.0
2021-09-27 07:20:00,0.09274755927475593,-0.16986599058312213,0.2655249441548768,0.15229423317264779,0.6873748544057793,0.9993318485523385,0.5,0.09397022836526836,0.39043754866999886,0.3757600128944601,0.24142821205298448,0.02752261935510778,0.0
2021-09-27 07:30:00,0.08786610878661089,-0.1430641072075336,0.2673119880863737,0.1505088377075523,0.6873748544057793,0.9993318485523385,0.5,0.09397022836526836,0.39043754866999886,0.3757600128944601,0.24142821205298448,0.02752261935510778,0.0
2021-09-27 07:40:00,0.06834030683403068,-0.11626222383194507,0.26254653760238256,0.1440814140332083,0.6873748544057793,0.9993318485523385,0.5,0.09397022836526836,0.39043754866999886,0.3757600128944601,0.24142821205298448,0.02752261935510778,0.0
2021-09-27 07:50:00,0.06834030683403068,-0.08946034045635654,0.2613551749813847,0.14372433494018932,0.6873748544057793,0.9993318485523385,0.5,0.09397022836526836,0.39043754866999886,0.3757600128944601,0.24142821205298448,0.02752261935510778,0.0
2021-09-27 08:00:00,0.06903765690376569,-0.0626584570807679,0.2613551749813847,0.1412247812890557,0.6873748544057793,0.9993318485523385,0.5,0.01860822227032477,0.38607844095090177,0.4115791693598816,0.2514359646802334,0.997050748564781,0.0
2021-09-27 08:10:00,0.07740585774058578,-0.03585657370517936,0.26165301563663435,0.14015354400999835,0.6873748544057793,0.9993318485523385,0.5,0.01860822227032477,0.38607844095090177,0.4115791693598816,0.2514359646802334,0.997050748564781,0.0
2021-09-27 08:20:00,0.07670850767085077,0.3067729083665336,0.255398361876396,0.14015354400999835,0.6873748544057793,0.9993318485523385,0.5,0.01860822227032477,0.38607844095090177,0.4115791693598816,0.2514359646802334,0.997050748564781,0.0
2021-09-27 08:30:00,0.11715481171548117,0.298804780876494,0.255398361876396,0.14015354400999835,0.6873748544057793,0.9993318485523385,0.5,0.01860822227032477,0.38607844095090177,0.4115791693598816,0.2514359646802334,0.997050748564781,0.0
2021-09-27 08:40:00,0.1304044630404463,0.2741760231800072,0.255398361876396,0.14015354400999835,0.6873748544057793,0.9993318485523385,0.5,0.01860822227032477,0.38607844095090177,0.4115791693598816,0.2514359646802334,0.997050748564781,0.0
2021-09-27 08:50:00,0.12622036262203626,0.24954726548352046,0.255398361876396,0.13836814854490287,0.6873748544057793,0.9993318485523385,0.5,0.01860822227032477,0.38607844095090177,0.4115791693598816,0.2514359646802334,0.997050748564781,0.0
2021-09-27 09:00:00,0.12761506276150628,0.22491850778703348,0.25361131794489955,0.13336904124263538,0.6873748544057793,0.9993318485523385,0.5,0.059135127707311774,0.4042160071492815,0.4126696440086604,0.14488257796481915,0.9455391267190628,0.0
2021-09-27 09:10:00,0.1199442119944212,0.20028975009054673,0.25152643335815306,0.13301196214961597,0.6873748544057793,0.9993318485523385,0.5,0.059135127707311774,0.4042160071492815,0.4126696440086604,0.14488257796481915,0.9455391267190628,0.0
2021-09-27 09:20:00,0.11785216178521618,0.17566099239405997,0.24705882352941155,0.13301196214961597,0.6873748544057793,0.9993318485523385,0.5,0.059135127707311774,0.4042160071492815,0.4126696440086604,0.14488257796481915,0.9455391267190628,0.0
2021-09-27 09:30:00,0.08786610878661089,0.1510322346975732,0.25420699925539814,0.13301196214961597,0.6873748544057793,0.9993318485523385,0.5,0.059135127707311774,0.4042160071492815,0.4126696440086604,0.14488257796481915,0.9455391267190628,0.0
2021-09-27 09:40:00,0.06764295676429567,0.12640347700108645,0.26105733432613554,0.13515443670773086,0.6873748544057793,0.9993318485523385,0.5,0.059135127707311774,0.4042160071492815,0.4126696440086604,0.14488257796481915,0.9455391267190628,0.0
2021-09-27 09:50:00,0.09065550906555091,0.10177471930459969,0.26909903201787033,0.14015354400999835,0.6873748544057793,0.9993318485523385,0.5,0.059135127707311774,0.4042160071492815,0.4126696440086604,0.14488257796481915,0.9455391267190628,0.0
2021-09-27 10:00:00,0.11366806136680613,0.07714596160811293,0.2768428890543557,0.1408677021960365,0.6873748544057793,0.9993318485523385,0.5,0.32831313748176827,0.40716135020272587,0.23470897490183637,0.14620942543809065,0.7192531379429161,0.0
2021-09-27 10:10:00,0.17852161785216178,0.052517203911626176,0.2833953834698437,0.14372433494018932,0.687361767284815,0.9993318485523385,0.5,0.32831313748176827,0.40716135020272587,0.23470897490183637,0.14620942543809065,0.7192531379429161,0.0
2021-09-27 10:20:00,0.2175732217573222,0.027888446215139417,0.28935219657483224,0.14872344224245682,0.5560586826504037,0.9993318485523385,0.5,0.32831313748176827,0.40716135020272587,0.23470897490183637,0.14620942543809065,0.7192531379429161,0.0
2021-09-27 10:30:00,0.2873082287308229,-0.3067729083665339,0.30186150409530876,0.17586145331190872,0.3848922275588593,0.26024498886414255,0.5,0.32831313748176827,0.40716135020272587,0.23470897490183637,0.14620942543809065,0.7192531379429161,0.06754228465380147
2021-09-27 10:40:00,0.2768479776847978,0.2589641434262948,0.32300819061801933,0.19478664524192113,0.38510162149428745,0.00033407572383073496,0.5,0.32831313748176827,0.40716135020272587,0.23470897490183637,0.14620942543809065,0.7192531379429161,0.11138102207402266
2021-09-27 10:50:00,0.26569037656903766,0.05976095617529875,0.341772151898734,0.2290662381717552,0.38510162149428745,0.00022271714922048998,0.5,0.32831313748176827,0.40716135020272587,0.23470897490183637,0.14620942543809065,0.7192531379429161,0.11641293359687373
2021-09-27 11:00:00,0.28451882845188287,-0.09960159362549814,0.35845122859270284,0.2576325656132834,0.38100535263247437,0.00022271714922048998,0.5,0.34307618212521196,0.40847454217875134,0.20211178487454978,0.32441682489123735,0.7048136024336983,0.1139988231211431
2021-09-27 11:10:00,0.3312412831241283,0.3306772908366533,0.3769173492181681,0.28262810212462064,0.38282446244650636,0.00022271714922048998,0.5,0.34307618212521196,0.40847454217875134,0.20211178487454978,0.32441682489123735,0.7048136024336983,0.17147728472924242
2021-09-27 11:20:00,0.32914923291492326,0.003984063745019917,0.3915115413253907,0.2994108194965186,0.39157974637159576,0.00033407572383073496,0.5,0.34307618212521196,0.40847454217875134,0.20211178487454978,0.32441682489123735,0.7048136024336983,0.1886551895831133
2021-09-27 11:30:00,0.3612273361227336,0.09163346613545809,0.38972449739389403,0.3119085877521872,0.39489078797555327,0.00011135857461024499,0.5,0.34307618212521196,0.40847454217875134,0.20211178487454978,0.32441682489123735,0.7048136024336983,0.21425984881633145
2021-09-27 11:40:00,0.27615062761506276,0.003984063745019917,0.3739389426656736,0.2865559721478308,0.40068838256272005,0.00022271714922048998,0.5,0.34307618212521196,0.40847454217875134,0.20211178487454978,0.32441682489123735,0.7048136024336983,0.1355070386408558
2021-09-27 11:50:00,0.3591352859135286,-0.14741035856573714,0.3793000744601638,0.27620067845027685,0.4047453900616403,0.00022271714922048998,0.5,0.34307618212521196,0.40847454217875134,0.20211178487454978,0.32441682489123735,0.7048136024336983,0.24195422243010398
2021-09-27 12:00:00,0.39609483960948394,-0.03585657370517936,0.3840655249441547,0.2844134975897161,0.4004135530224706,0.00022271714922048998,0.5,0.37187734201225164,0.396776501622094,0.17671307175891318,0.482298085871927,0.727076934592533,0.2820586327081793
2021-09-27 12:10:00,0.40376569037656906,0.11553784860557759,0.3894266567386446,0.29048384217104095,0.40583162110167387,0.00033407572383073496,0.5,0.37187734201225164,0.396776501622094,0.17671307175891318,0.482298085871927,0.727076934592533,0.3259501787950571
2021-09-27 12:20:00,0.4288702928870293,0.019920318725099362,0.3983618763961281,0.30833779682199625,0.39498239782230304,0.00022271714922048998,0.5,0.37187734201225164,0.396776501622094,0.17671307175891318,0.482298085871927,0.727076934592533,0.3303106658418456
2021-09-27 12:30:00,0.4463040446304045,0.15537848605577675,0.4043186895011168,0.31726477414747367,0.4026121893444661,0.006570155902004454,0.5,0.37187734201225164,0.396776501622094,0.17671307175891318,0.482298085871927,0.727076934592533,0.34409372783922026
2021-09-27 12:40:00,0.4281729428172943,-0.07569721115537853,0.4111690245718538,0.3347616497054098,0.40492860975513995,0.02906458797327394,0.5,0.37187734201225164,0.396776501622094,0.17671307175891318,0.482298085871927,0.727076934592533,0.2737450397573819
2021-09-27 12:50:00,0.4881450488145049,0.027888446215139417,0.41772151898734156,0.3440457061239066,0.4086060907460968,0.0655902004454343,0.5,0.37187734201225164,0.396776501622094,0.17671307175891318,0.482298085871927,0.727076934592533,0.2696259637581665
2021-09-27 13:00:00,0.44002789400278935,0.19521912350597592,0.4257632166790766,0.3519014461703267,0.4103205035924147,0.06325167037861915,0.5,0.5191732569592056,0.3968627067846347,0.11197991467184881,0.637124954131017,0.7332798683539438,0.20994462634096295
2021-09-27 13:10:00,0.5034867503486751,-0.08366533864541836,0.4344005956813102,0.3654704517050529,0.4136708065592651,0.10044543429844098,0.5,0.5191732569592056,0.3968627067846347,0.11197991467184881,0.637124954131017,0.7332798683539438,0.18817991158320382
2021-09-27 13:20:00,0.5920502092050209,-0.043824701195219196,0.4391660461653015,0.3654704517050529,0.40708798471424273,0.13942093541202671,0.5,0.5191732569592056,0.3968627067846347,0.11197991467184881,0.637124954131017,0.7332798683539438,0.1939737767249574
2021-09-27 13:30:00,0.6143654114365412,0.05976095617529875,0.4433358153387934,0.3611855025888233,0.40664302260145796,0.13028953229398663,0.5,0.5191732569592056,0.3968627067846347,0.11197991467184881,0.637124954131017,0.7332798683539438,0.23478733195527862
2021-09-27 13:40:00,0.6694560669456067,0.019920318725099362,0.4469099032017869,0.35654347437957523,0.4212089882346783,0.15278396436525613,0.5,0.5191732569592056,0.3968627067846347,0.11197991467184881,0.637124954131017,0.7332798683539438,0.2123436486262203
2021-09-27 13:50:00,0.6959553695955369,-0.02788844621513953,0.4516753536857778,0.3583288698446707,0.4287864312729842,0.13106904231625835,0.5,0.5191732569592056,0.3968627067846347,0.11197991467184881,0.637124954131017,0.7332798683539438,0.32212532251007137
2021-09-27 14:00:00,0.710599721059972,-0.08366533864541836,0.4582278481012656,0.35904302803070887,0.42178482155710567,0.1121380846325167,0.5,0.5407925294416058,0.3696592309924815,0.10398846904536993,0.7885008997072254,0.7322349655480573,0.3915385427825641
2021-09-27 14:10:00,0.789400278940028,0.09960159362549792,0.4620997766195085,0.3611855025888233,0.40740207561738495,0.14498886414253898,0.5,0.5407925294416058,0.3696592309924815,0.10398846904536993,0.7885008997072254,0.7322349655480573,0.36246359974048314
2021-09-27 14:20:00,0.7859135285913529,-0.01195219123505975,0.46448250186150397,0.3601142653097662,0.4159348784860819,0.1368596881959911,0.5,0.5407925294416058,0.3696592309924815,0.10398846904536993,0.7885008997072254,0.7322349655480573,0.37987537154669043
2021-09-27 14:30:00,0.6847977684797769,0.01195219123505975,0.4707371556217421,0.3693983217282628,0.41505804138147645,0.1002227171492205,0.5,0.5407925294416058,0.3696592309924815,0.10398846904536993,0.7885008997072254,0.7322349655480573,0.4205229566818051
2021-09-27 14:40:00,0.8235704323570433,-0.08366533864541836,0.4763961280714817,0.3776111408677021,0.4184345185902553,0.11636971046770601,0.5,0.5407925294416058,0.3696592309924815,0.10398846904536993,0.7885008997072254,0.7322349655480573,0.5468412873244112
2021-09-27 14:50:00,0.8856345885634588,0.019920318725099362,0.47937453462397617,0.38189608998393165,0.41712580649382947,0.10345211581291759,0.5,0.5407925294416058,0.3696592309924815,0.10398846904536993,0.7885008997072254,0.7322349655480573,0.7615990464263621
2021-09-27 15:00:00,0.8695955369595537,-0.01195219123505975,0.48265078183171983,0.3861810391001608,0.4113020376647341,0.0955456570155902,0.5,0.5537070791598888,0.36787765763332575,0.09800081338578871,0.8773129428776892,0.7354746561907088,0.8286962294612008
2021-09-27 15:10:00,0.8479776847977685,0.003984063745019917,0.488905435591958,0.39439385823960005,0.4187486094933976,0.08329621380846326,0.5,0.5537070791598888,0.36787765763332575,0.09800081338578871,0.8773129428776892,0.7354746561907088,0.8812182204988155
2021-09-27 15:20:00,0.8451882845188284,-0.10756972111553798,0.49456440804169755,0.40724870558828763,0.4149009959299053,0.07048997772828508,0.5,0.5537070791598888,0.36787765763332575,0.09800081338578871,0.8773129428776892,0.7354746561907088,0.9497865021048026
2021-09-27 15:30:00,0.7998605299860531,0.08366533864541825,0.4993298585256887,0.4208177111230138,0.4112758634228056,0.04198218262806236,0.5,0.5537070791598888,0.36787765763332575,0.09800081338578871,0.8773129428776892,0.7354746561907088,0.9194856435867647
2021-09-27 15:40:00,0.7887029288702929,-0.059760956175298974,0.5040953090096798,0.4372433494018926,0.4133567156561228,0.059354120267260585,0.5,0.5537070791598888,0.36787765763332575,0.09800081338578871,0.8773129428776892,0.7354746561907088,0.8891847850687268
2021-09-27 15:50:00,0.801255230125523,0.019920318725099362,0.5055845122859268,0.4622388859132296,0.4186569996466477,0.061247216035634745,0.5,0.5537070791598888,0.36787765763332575,0.09800081338578871,0.8773129428776892,0.7354746561907088,0.8444256680296331
2021-09-27 16:00:00,0.7740585774058577,0.003984063745019917,0.5088607594936707,0.4786645241921086,0.4127677952127311,0.04576837416481069,0.5,0.5867018563996071,0.3531538158715206,0.08983588603823421,0.915662706130416,0.7396328129252243,0.9405751618208429
2021-09-27 16:10:00,0.7266387726638772,-0.12350597609561753,0.5133283693224122,0.4918764506338156,0.4157123974296894,0.03574610244988864,0.5,0.5867018563996071,0.3531538158715206,0.08983588603823421,0.915662706130416,0.7396328129252243,0.856994130693906
2021-09-27 16:20:00,0.7803347280334728,-0.059760956175298974,0.5154132539091583,0.5022317443313695,0.4133174542932301,0.025501113585746103,0.5,0.5867018563996071,0.3531538158715206,0.08983588603823421,0.915662706130416,0.7396328129252243,0.9772545528614754
2021-09-27 16:30:00,0.7642956764295677,0.08366533864541825,0.5204765450483988,0.5093733261917515,0.41098794676159195,0.010579064587973273,0.5,0.5867018563996071,0.3531538158715206,0.08983588603823421,0.915662706130416,0.7396328129252243,0.9797114383571979
2021-09-27 16:40:00,0.8165969316596933,-0.05179282868525903,0.5261355174981384,0.5172290662381716,0.41657614741333054,0.03429844097995546,0.5,0.5867018563996071,0.3531538158715206,0.08983588603823421,0.915662706130416,0.7396328129252243,0.9821682484119679
2021-09-27 16:50:00,0.806136680613668,0.043824701195219085,0.5317944899478777,0.5240135690055348,0.4180549920822918,0.03296213808463252,0.5,0.5867018563996071,0.3531538158715206,0.08983588603823421,0.915662706130416,0.7396328129252243,0.9846251339076906
2021-09-27 17:00:00,0.8375174337517434,0.10756972111553775,0.5317944899478777,0.5365113372612034,0.4184999541950766,0.03596881959910913,0.5,0.5903091597923169,0.355104926050337,0.08945874083466773,0.9069225022984622,0.7423274953580938,0.987082019403413
2021-09-27 17:10:00,0.8249651324965133,-0.13147410358565736,0.535368577810871,0.5393679700053562,0.41971705644475277,0.03329621380846325,0.5,0.5903091597923169,0.355104926050337,0.08945874083466773,0.9069225022984622,0.7423274953580938,0.9895388294581831
2021-09-27 17:20:00,0.7824267782426779,0.019920318725099362,0.5368577810871182,0.5500803427959293,0.41382785201083616,0.031403118040089086,0.5,0.5903091597923169,0.355104926050337,0.08945874083466773,0.9069225022984622,0.7423274953580938,0.9919957149539057
2021-09-27 17:30:00,0.8389121338912133,0.1633466135458166,0.5377513030528664,0.552222817354044,0.40939131800395234,0.051670378619153676,0.5,0.5903091597923169,0.355104926050337,0.08945874083466773,0.9069225022984622,0.7423274953580938,0.9930556603346561
2021-09-27 17:40:00,0.7838214783821479,-0.11553784860557781,0.5356664184661204,0.5615068737725406,0.409273533915274,0.019710467706013365,0.5,0.5903091597923169,0.355104926050337,0.08945874083466773,0.9069225022984622,0.7423274953580938,0.9941156057154066
2021-09-27 17:50:00,0.7552301255230126,0.027888446215139417,0.5383469843633655,0.5661489019817889,0.40669537108531495,0.016035634743875277,0.5,0.5903091597923169,0.355104926050337,0.08945874083466773,0.9069225022984622,0.7423274953580938,0.9893477375258386
2021-09-27 18:00:00,0.8556485355648535,-0.13147410358565736,0.5410275502606106,0.5675772183538654,0.41636675347790236,0.04510022271714922,0.5,0.43944666557490875,0.3760872626125338,0.16400008268280858,0.8831478821620368,0.7435786313501551,0.9850626914314167
2021-09-27 18:10:00,0.7677824267782427,0.027888446215139417,0.543410275502606,0.5736475629351903,0.41275470809176684,0.02048997772828508,0.5,0.43944666557490875,0.3760872626125338,0.16400008268280858,0.8831478821620368,0.7435786313501551,0.9807776453369947
2021-09-27 18:20:00,0.793584379358438,-0.1633466135458168,0.544899478778853,0.5790037493304767,0.41804190496132754,0.03886414253897551,0.5,0.43944666557490875,0.3760872626125338,0.16400008268280858,0.8831478821620368,0.7435786313501551,0.9764925992425729
2021-09-27 18:30:00,0.799163179916318,0.09960159362549792,0.542814594192107,0.587216568469916,0.413160408841659,0.026614699331848554,0.5,0.43944666557490875,0.3760872626125338,0.16400008268280858,0.8831478821620368,0.7435786313501551,0.9452638170104259
2021-09-27 18:40:00,0.7559274755927475,-0.003984063745020028,0.5395383469843631,0.5890019639350117,0.41261074976116,0.019042316258351892,0.5,0.43944666557490875,0.3760872626125338,0.16400008268280858,0.8831478821620368,0.7435786313501551,0.9140351102192313
2021-09-27 18:50:00,0.7880055788005579,-0.03585657370517936,0.5377513030528664,0.590073201214069,0.41500569289761946,0.01648106904231626,0.5,0.43944666557490875,0.3760872626125338,0.16400008268280858,0.8831478821620368,0.7435786313501551,0.8828063279870845
2021-09-27 19:00:00,0.6603905160390516,0.003984063745019917,0.5317944899478777,0.5918585966791645,0.40229809844132386,0.00022271714922048998,0.5,0.44851780538005337,0.3831043628432758,0.15623690247879765,0.71793438801789,0.741488316954942,0.8515774703139852
2021-09-27 19:10:00,0.6841004184100419,-0.11553784860557781,0.5258376768428887,0.5979289412604893,0.4015390454253969,0.00111358574610245,0.5,0.44851780538005337,0.3831043628432758,0.15623690247879765,0.71793438801789,0.741488316954942,0.9122395401119544
2021-09-27 19:20:00,0.6108786610878661,0.003984063745019917,0.5186895011169024,0.5986430994465273,0.39905249244218766,0.00022271714922048998,0.5,0.44851780538005337,0.3831043628432758,0.15623690247879765,0.71793438801789,0.741488316954942,0.7285785415755088
2021-09-27 19:30:00,0.6596931659693167,0.2669322709163344,0.5112434847356664,0.596857703981432,0.3943018675321616,0.00111358574610245,0.5,0.44851780538005337,0.3831043628432758,0.15623690247879765,0.71793438801789,0.741488316954942,0.8636253904069285
2021-09-27 19:40:00,0.44072524407252445,0.09960159362549792,0.5032017870439314,0.5982860203535083,0.40477156430356886,0.00022271714922048998,0.5,0.44851780538005337,0.3831043628432758,0.15623690247879765,0.71793438801789,0.741488316954942,0.38975059221147607
2021-09-27 19:50:00,0.4107391910739191,-0.17131474103585675,0.49456440804169755,0.6032851276557758,0.40135582573189726,0.00022271714922048998,0.5,0.44851780538005337,0.3831043628432758,0.15623690247879765,0.71793438801789,0.741488316954942,0.3189039938440183
2021-09-27 20:00:00,0.4191073919107392,-0.3466135458167332,0.48801191362620977,0.5997143367255846,0.40135582573189726,0.00022271714922048998,0.5,0.4459120285582492,0.38761863985494693,0.152604819164962,0.5803081143287342,0.739989226423125,0.33944656517343874
2021-09-27 20:10:00,0.3521617852161785,-0.07569721115537853,0.48294862248696924,0.5897161221210496,0.40135582573189726,0.00022271714922048998,0.5,0.4459120285582492,0.38761863985494693,0.152604819164962,0.5803081143287342,0.739989226423125,0.24562819681035652
2021-09-27 20:20:00,0.3458856345885635,-0.10756972111553798,0.4775874906924793,0.5736475629351903,0.3990917538050805,0.00022271714922048998,0.5,0.4459120285582492,0.38761863985494693,0.152604819164962,0.5803081143287342,0.739989226423125,0.22481403805241637
2021-09-27 20:30:00,0.45746164574616455,-0.20318725099601598,0.4728220402084884,0.5590073201214067,0.39707633717658447,0.00022271714922048998,0.5,0.4459120285582492,0.38761863985494693,0.152604819164962,0.5803081143287342,0.739989226423125,0.38136910240354877
2021-09-27 20:40:00,0.4170153417015342,0.346613545816733,0.46418466120625435,0.5386538118193178,0.39109552289591815,0.00022271714922048998,0.5,0.4459120285582492,0.38761863985494693,0.152604819164962,0.5803081143287342,0.739989226423125,0.33521432774567345
2021-09-27 20:50:00,0.3396094839609484,-0.2589641434262948,0.45644080416976895,0.5204427780753438,0.40135582573189726,0.00044543429844097997,0.5,0.4459120285582492,0.38761863985494693,0.152604819164962,0.5803081143287342,0.739989226423125,0.2275978091947433
2021-09-27 21:00:00,0.33751743375174337,0.22709163346613526,0.45197319434102745,0.487591501517586,0.40135582573189726,0.000556792873051225,0.5,0.43660481558576514,0.39934541546578173,0.15238378214753884,0.47485352063439495,0.7393847736345407,0.2075456040557056
2021-09-27 21:10:00,0.3723849372384937,-0.01195219123505975,0.4466120625465375,0.46973754686663094,0.41041211343916456,0.000556792873051225,0.5,0.43660481558576514,0.39934541546578173,0.15238378214753884,0.47485352063439495,0.7393847736345407,0.22943102433725124
2021-09-27 21:20:00,0.3235704323570432,0.13147410358565725,0.44422933730454184,0.45331190858775217,0.4144952951800134,0.000556792873051225,0.5,0.43660481558576514,0.39934541546578173,0.15238378214753884,0.47485352063439495,0.7393847736345407,0.16316369177844503
2021-09-27 21:30:00,0.37099023709902373,-0.02788844621513953,0.43708116157855526,0.4497411176575612,0.41586944288126054,0.000556792873051225,0.5,0.43660481558576514,0.39934541546578173,0.15238378214753884,0.47485352063439495,0.7393847736345407,0.20580291805603756
2021-09-27 21:40:00,0.2398884239888424,0.5378486055776892,0.4352941176470586,0.42938760935547227,0.4227532685084608,0.00044543429844097997,0.5,0.43660481558576514,0.39934541546578173,0.15238378214753884,0.47485352063439495,0.7393847736345407,0.09749234274333479
2021-09-27 21:50:00,0.2105997210599721,-0.26693227091633476,0.4257632166790766,0.4358150330298163,0.45585059742707207,0.00022271714922048998,0.5,0.43660481558576514,0.39934541546578173,0.15238378214753884,0.47485352063439495,0.7393847736345407,0.06760263741569474
2021-09-27 22:00:00,0.1589958158995816,0.4661354581673305,0.4269545793000742,0.42688805570433863,0.4402376621167109,0.00022271714922048998,0.5,0.3238101368710733,0.40944291350461415,0.19879267881774237,0.3967748094020021,0.7474077649752263,0.04057214418274817
2021-09-27 22:10:00,0.15550906555090654,0.11553784860557759,0.4189128816083394,0.417961078378861,0.453926790645326,0.00022271714922048998,0.5,0.3238101368710733,0.40944291350461415,0.19879267881774237,0.3967748094020021,0.7474077649752263,0.03947070627819606
2021-09-27 22:20:00,0.1882845188284519,-0.17131474103585675,0.4120625465376022,0.4018925191930012,0.4567405216526416,0.00022271714922048998,0.5,0.3238101368710733,0.40944291350461415,0.19879267881774237,0.3967748094020021,0.7474077649752263,0.07087677474840443
2021-09-27 22:30:00,0.23849372384937237,-0.38645418326693237,0.40074460163812353,0.3854668809141224,0.4567405216526416,0.00022271714922048998,0.5,0.3238101368710733,0.40944291350461415,0.19879267881774237,0.3967748094020021,0.7474077649752263,0.08978227741147005
2021-09-27 22:40:00,0.30264993026499304,-0.08366533864541836,0.40104244229337294,0.37046955900732037,0.4567405216526416,0.00022271714922048998,0.5,0.3238101368710733,0.40944291350461415,0.19879267881774237,0.3967748094020021,0.7474077649752263,0.13023371607043166
2021-09-27 22:50:00,0.303347280334728,0.1872509960159361,0.4069992553983617,0.35761471165863257,0.4567405216526416,0.00022271714922048998,0.5,0.3238101368710733,0.40944291350461415,0.19879267881774237,0.3967748094020021,0.7474077649752263,0.14271164959186444
2021-09-27 23:00:00,0.2085076708507671,0.41035856573705165,0.4069992553983617,0.34833065524013573,0.4567405216526416,0.00022271714922048998,0.5,0.22731744770152185,0.4126985951432024,0.2655215097677945,0.32869454780255447,0.7807601939338091,0.07857175188979586
2021-09-27 23:10:00,0.14435146443514643,0.6254980079681274,0.4040208488458674,0.3526156043563651,0.4567405216526416,0.00022271714922048998,0.5,0.22731744770152185,0.4126985951432024,0.2655215097677945,0.32869454780255447,0.7807601939338091,0.04288818142040225
2021-09-27 23:20:00,0.11785216178521618,0.4262948207171313,0.39746835443037964,0.35761471165863257,0.4567405216526416,0.00022271714922048998,0.5,0.22731744770152185,0.4126985951432024,0.2655215097677945,0.32869454780255447,0.7807601939338091,0.02665328847111366
2021-09-27 23:30:00,0.10181311018131102,0.31474103585657365,0.39061801935964247,0.359757186216747,0.4567405216526416,0.00022271714922048998,0.5,0.22731744770152185,0.4126985951432024,0.2655215097677945,0.32869454780255447,0.7807601939338091,0.013141813902258704
2021-09-27 23:40:00,0.0697350069735007,-0.2509960159362551,0.3849590469099031,0.36511337261203347,0.4567405216526416,0.26247216035634746,0.5,0.22731744770152185,0.4126985951432024,0.2655215097677945,0.32869454780255447,0.7807601939338091,0.0
2021-09-27 23:50:00,0.08437935843793584,-0.20747778118296067,0.3891288160833952,0.3601142653097662,0.4567405216526416,0.9993318485523385,0.5,0.22731744770152185,0.4126985951432024,0.2655215097677945,0.32869454780255447,0.7807601939338091,0.0
2021-09-28 00:00:00,0.07391910739191074,-0.16395954642966615,0.40491437081161563,0.3747545081235495,0.4567405216526416,0.9993318485523385,0.5,0.20243290775902922,0.4076498461237841,0.2845858574099458,0.2949602359890438,0.8457873733299673,0.0
2021-09-28 00:10:00,0.07322175732217574,-0.12044131167637151,0.4069992553983617,0.37368327084449215,0.4567405216526416,0.9993318485523385,0.5,0.20243290775902922,0.4076498461237841,0.2845858574099458,0.2949602359890438,0.8457873733299673,0.0
2021-09-28 00:20:00,0.08298465829846582,-0.07692307692307698,0.40551005212211444,0.3654704517050529,0.4567405216526416,0.9993318485523385,0.5,0.20243290775902922,0.4076498461237841,0.2845858574099458,0.2949602359890438,0.8457873733299673,0.0
2021-09-28 00:30:00,0.061366806136680614,-0.033404842169782456,0.40134028294862234,0.35654347437957523,0.4567405216526416,0.9993318485523385,0.5,0.20243290775902922,0.4076498461237841,0.2845858574099458,0.2949602359890438,0.8457873733299673,0.0
2021-09-28 00:40:00,0.05788005578800558,0.01011339258351196,0.3965748324646312,0.34797357614711655,0.4567405216526416,0.9993318485523385,0.5,0.20243290775902922,0.4076498461237841,0.2845858574099458,0.2949602359890438,0.8457873733299673,0.0
2021-09-28 00:50:00,0.061366806136680614,0.05363162733680649,0.39061801935964247,0.3390465988216391,0.4567405216526416,0.9993318485523385,0.5,0.20243290775902922,0.4076498461237841,0.2845858574099458,0.2949602359890438,0.8457873733299673,0.0
2021-09-28 01:00:00,0.0885634588563459,0.09714986209010101,0.3843633655994041,0.33226209605427615,0.4567405216526416,0.9993318485523385,0.5,0.13088989711572463,0.39686558029005115,0.32098239858008765,0.31467318146961853,0.9238975462636498,0.0
2021-09-28 01:10:00,0.12482566248256625,0.14066809684339554,0.3801935964259122,0.32440635600785583,0.4567405216526416,0.9993318485523385,0.5,0.13088989711572463,0.39686558029005115,0.32098239858008765,0.31467318146961853,0.9238975462636498,0.0
2021-09-28 01:20:00,0.12412831241283125,0.18418633159669007,0.3772151898734175,0.32047848598464546,0.4567405216526416,0.9993318485523385,0.5,0.13088989711572463,0.39686558029005115,0.32098239858008765,0.31467318146961853,0.9238975462636498,0.0
2021-09-28 01:30:00,0.14225941422594143,0.2277045663499846,0.3739389426656736,0.3108373504731299,0.4567405216526416,0.9993318485523385,0.5,0.13088989711572463,0.39686558029005115,0.32098239858008765,0.31467318146961853,0.9238975462636498,0.0
2021-09-28 01:40:00,0.18479776847977683,0.2712228011032791,0.3685778108711839,0.3044099267987861,0.4288780411197341,0.9887527839643654,0.5,0.13088989711572463,0.39686558029005115,0.32098239858008765,0.31467318146961853,0.9238975462636498,0.0
2021-09-28 01:50:00,0.15481171548117156,0.31474103585657365,0.3605361131794489,0.31297982503124455,0.36633469003153996,0.14832962138084632,0.5,0.13088989711572463,0.39686558029005115,0.32098239858008765,0.31467318146961853,0.9238975462636498,0.0
2021-09-28 02:00:00,0.15202231520223153,0.08366533864541825,0.36530156366344,0.3090519550080342,0.37429165957780947,0.9102449888641425,0.5,0.1188873209230934,0.3965150126290555,0.3527268904403329,0.33935748798780874,0.9780885020102327,0.0
2021-09-28 02:10:00,0.14225941422594143,0.6175298804780875,0.35994043186894986,0.315122299589359,0.37429165957780947,0.9995545657015591,0.5,0.1188873209230934,0.3965150126290555,0.3527268904403329,0.33935748798780874,0.9780885020102327,0.0
2021-09-28 02:20:00,0.1297071129707113,0.3326693227091635,0.35070737155621723,0.3076236386359579,0.37429165957780947,0.9995545657015591,0.5,0.1188873209230934,0.3965150126290555,0.3527268904403329,0.33935748798780874,0.9780885020102327,0.0
2021-09-28 02:30:00,0.16736401673640167,0.04780876494023878,0.35636634400595657,0.3008391358685949,0.37429165957780947,0.9995545657015591,0.5,0.1188873209230934,0.3965150126290555,0.3527268904403329,0.33935748798780874,0.9780885020102327,0.0
2021-09-28 02:40:00,0.17154811715481172,-0.23705179282868538,0.3545793000744599,0.3008391358685949,0.45531402546753735,0.5908685968819599,0.5,0.1188873209230934,0.3965150126290555,0.3527268904403329,0.33935748798780874,0.9780885020102327,0.0
2021-09-28 02:50:00,0.1087866108786611,-0.5219123505976095,0.35874906924795225,0.3104802713801109,0.452866733847221,0.47082405345211586,0.5,0.1188873209230934,0.3965150126290555,0.3527268904403329,0.33935748798780874,0.9780885020102327,0.0
2021-09-28 03:00:00,0.08716875871687588,-0.5398406374501992,0.3691734921816827,0.3076236386359579,0.45124393084765285,0.9995545657015591,0.5,0.10481648629871754,0.38876804202214477,0.3905554166940902,0.33783336098227235,0.009577291683621425,0.0
2021-09-28 03:10:00,0.08577405857740586,-0.5577689243027889,0.3679821295606849,0.3058382431708624,0.45124393084765285,0.9995545657015591,0.5,0.10481648629871754,0.38876804202214477,0.3905554166940902,0.33783336098227235,0.009577291683621425,0.0
2021-09-28 03:20:00,0.0794979079497908,-0.5756972111553786,0.3644080416976916,0.29976789858953756,0.45124393084765285,0.9995545657015591,0.5,0.10481648629871754,0.38876804202214477,0.3905554166940902,0.33783336098227235,0.009577291683621425,0.0
2021-09-28 03:30:00,0.07112970711297072,-0.5936254980079682,0.3590469099032014,0.2951258703802895,0.45124393084765285,0.9995545657015591,0.5,0.10481648629871754,0.38876804202214477,0.3905554166940902,0.33783336098227235,0.009577291683621425,0.0
2021-09-28 03:40:00,0.0808926080892608,-0.6115537848605578,0.35517498138495895,0.2894126048919836,0.45124393084765285,0.9995545657015591,0.5,0.10481648629871754,0.38876804202214477,0.3905554166940902,0.33783336098227235,0.009577291683621425,0.0
2021-09-28 03:50:00,0.10181311018131102,-0.6294820717131475,0.356664184661206,0.2833422603106588,0.45124393084765285,0.9995545657015591,0.5,0.10481648629871754,0.38876804202214477,0.3905554166940902,0.33783336098227235,0.009577291683621425,0.0
2021-09-28 04:00:00,0.14016736401673638,-0.6474103585657371,0.356664184661206,0.2765577575432958,0.45124393084765285,0.9995545657015591,0.5,0.02786660631980986,0.38722784311809955,0.45358038753635294,0.33324133428381497,0.033611359716071786,0.0
2021-09-28 04:10:00,0.13458856345885634,-0.6653386454183268,0.3602382725241995,0.2715586502410283,0.45124393084765285,0.9995545657015591,0.5,0.02786660631980986,0.38722784311809955,0.45358038753635294,0.33324133428381497,0.033611359716071786,0.0
2021-09-28 04:20:00,0.11576011157601115,-0.6832669322709164,0.36262099776619494,0.26513122656668453,0.45124393084765285,0.9995545657015591,0.5,0.02786660631980986,0.38722784311809955,0.45358038753635294,0.33324133428381497,0.033611359716071786,0.0
2021-09-28 04:30:00,0.10529986052998605,-0.7011952191235061,0.35964259121370046,0.2640599892876272,0.45124393084765285,0.9995545657015591,0.5,0.02786660631980986,0.38722784311809955,0.45358038753635294,0.33324133428381497,0.033611359716071786,0.0
2021-09-28 04:40:00,0.08368200836820083,-0.7191235059760958,0.3536857781087117,0.2604891983574362,0.45124393084765285,0.9995545657015591,0.5,0.02786660631980986,0.38722784311809955,0.45358038753635294,0.33324133428381497,0.033611359716071786,0.0
2021-09-28 04:50:00,0.12482566248256625,-0.7370517928286854,0.34683544303797453,0.2544188537761116,0.45124393084765285,0.9995545657015591,0.5,0.02786660631980986,0.38722784311809955,0.45358038753635294,0.33324133428381497,0.033611359716071786,0.0
2021-09-28 05:00:00,0.1903765690376569,-0.6812749003984065,0.33581533879374503,0.24906266738082472,0.455392548193323,0.9989977728285078,0.5,0.016491068209402604,0.3786877850158196,0.4829486363487069,0.33499608333181247,0.05182080712481857,0.0
2021-09-28 05:10:00,0.1297071129707113,-0.6254980079681276,0.33581533879374503,0.24656311372969109,0.49702267998063104,0.10311804008908686,0.5,0.016491068209402604,0.3786877850158196,0.4829486363487069,0.33499608333181247,0.05182080712481857,0.0
2021-09-28 05:20:00,0.13528591352859135,-0.6564851704293937,0.3462397617274757,0.25549009105516873,0.49191870280457,0.9601336302895324,0.5,0.016491068209402604,0.3786877850158196,0.4829486363487069,0.33499608333181247,0.05182080712481857,0.0
2021-09-28 05:30:00,0.13389121338912133,-0.6874723328906596,0.35040953090096805,0.26156043563649356,0.49191870280457,0.9995545657015591,0.5,0.016491068209402604,0.3786877850158196,0.4829486363487069,0.33499608333181247,0.05182080712481857,0.0
2021-09-28 05:40:00,0.11854951185495119,-0.7184594953519257,0.3533879374534623,0.25656132833422607,0.49191870280457,0.9995545657015591,0.5,0.016491068209402604,0.3786877850158196,0.4829486363487069,0.33499608333181247,0.05182080712481857,0.0
2021-09-28 05:50:00,0.11576011157601115,-0.6772908366533865,0.3533879374534623,0.25191930012497776,0.49191870280457,0.9995545657015591,0.5,0.016491068209402604,0.3786877850158196,0.4829486363487069,0.33499608333181247,0.05182080712481857,0.0
2021-09-28 06:00:00,0.10669456066945607,-0.6361221779548474,0.3533879374534623,0.24692019282271027,0.49191870280457,0.9995545657015591,0.5,-0.013490891104497638,0.395138603533838,0.5230224066606837,0.3497210417237275,0.08629031944853591,0.0
2021-09-28 06:10:00,0.0815899581589958,-0.5949535192563081,0.3533879374534623,0.2447777182645956,0.49191870280457,0.9995545657015591,0.5,-0.013490891104497638,0.395138603533838,0.5230224066606837,0.3497210417237275,0.08629031944853591,0.0
2021-09-28 06:20:00,0.06555090655509065,-0.553784860557769,0.34802680565897237,0.24370648098553827,0.49191870280457,0.9995545657015591,0.5,-0.013490891104497638,0.395138603533838,0.5230224066606837,0.3497210417237275,0.08629031944853591,0.0
2021-09-28 06:30:00,0.06555090655509065,0.6175298804780875,0.3447505584512285,0.23870737368327077,0.49191870280457,0.9995545657015591,0.5,-0.013490891104497638,0.395138603533838,0.5230224066606837,0.3497210417237275,0.08629031944853591,0.0
2021-09-28 06:40:00,0.06276150627615062,0.5762831028825872,0.3384959046909901,0.23442242456704165,0.49191870280457,0.9995545657015591,0.5,-0.013490891104497638,0.395138603533838,0.5230224066606837,0.3497210417237275,0.08629031944853591,0.0
2021-09-28 06:50:00,0.05439330543933055,0.5350363252870869,0.33581533879374503,0.23192287091590802,0.49191870280457,0.9995545657015591,0.5,-0.013490891104497638,0.395138603533838,0.5230224066606837,0.3497210417237275,0.08629031944853591,0.0
2021-09-28 07:00:00,0.03556485355648536,0.49378954769158634,0.3349218168279968,0.2258525263345832,0.49191870280457,0.9995545657015591,0.5,-0.026682271465464757,0.40456082779944,0.551785625289374,0.3667335603067818,0.10096121554366999,0.0
2021-09-28 07:10:00,0.03207810320781032,0.452542770096086,0.3295606850335069,0.222281735404392,0.49191870280457,0.9995545657015591,0.5,-0.026682271465464757,0.40456082779944,0.551785625289374,0.3667335603067818,0.10096121554366999,0.0
2021-09-28 07:20:00,0.06276150627615062,0.4112959925005857,0.3265822784810126,0.21835386538118184,0.49191870280457,0.9995545657015591,0.5,-0.026682271465464757,0.40456082779944,0.551785625289374,0.3667335603067818,0.10096121554366999,0.0
2021-09-28 07:30:00,0.058577405857740586,0.3700492149050856,0.3212211466865227,0.21371183717193376,0.49191870280457,0.9995545657015591,0.5,-0.026682271465464757,0.40456082779944,0.551785625289374,0.3667335603067818,0.10096121554366999,0.0
2021-09-28 07:40:00,0.09483960948396096,0.328802437309585,0.3152643335815337,0.2115693626138191,0.49191870280457,0.9995545657015591,0.5,-0.026682271465464757,0.40456082779944,0.551785625289374,0.3667335603067818,0.10096121554366999,0.0
2021-09-28 07:50:00,0.10739191073919108,0.2875556597140845,0.31198808637378983,0.2062131762185324,0.49191870280457,0.9995545657015591,0.5,-0.026682271465464757,0.40456082779944,0.551785625289374,0.3667335603067818,0.10096121554366999,0.0
2021-09-28 08:00:00,0.099721059972106,0.24630888211858437,0.31198808637378983,0.20335654347437981,0.49191870280457,0.9995545657015591,0.5,-0.03470298907052616,0.3962707646685285,0.5612318825417153,0.37833341779590274,0.10859948074117841,0.0
2021-09-28 08:10:00,0.10460251046025104,0.20506210452308404,0.32032762472077425,0.20371362256739878,0.49191870280457,0.9995545657015591,0.5,-0.03470298907052616,0.3962707646685285,0.5612318825417153,0.37833341779590274,0.10859948074117841,0.0
2021-09-28 08:20:00,0.10181311018131102,0.16381532692758372,0.3307520476545047,0.20442778075343693,0.49191870280457,0.9995545657015591,0.5,-0.03470298907052616,0.3962707646685285,0.5612318825417153,0.37833341779590274,0.10859948074117841,0.0
2021-09-28 08:30:00,0.10599721059972106,0.12256854933208317,0.33938942665673855,0.20442778075343693,0.49191870280457,0.9995545657015591,0.5,-0.03470298907052616,0.3962707646685285,0.5612318825417153,0.37833341779590274,0.10859948074117841,0.0
2021-09-28 08:40:00,0.1094839609483961,0.08132177173658306,0.3495160089352196,0.20871272986966627,0.49191870280457,0.9995545657015591,0.5,-0.03470298907052616,0.3962707646685285,0.5612318825417153,0.37833341779590274,0.10859948074117841,0.0
2021-09-28 08:50:00,0.11087866108786612,0.04007499414108251,0.35845122859270284,0.21549723263702902,0.49191870280457,0.9995545657015591,0.5,-0.03470298907052616,0.3962707646685285,0.5612318825417153,0.37833341779590274,0.10859948074117841,0.0
2021-09-28 09:00:00,0.16596931659693165,-0.0011717834544177075,0.3682799702159343,0.22192465631137304,0.49191870280457,0.9995545657015591,0.5,0.000987084683160555,0.41599737936305886,0.4513917025772562,0.3259308985151744,0.12380422848950123,0.0
2021-09-28 09:10:00,0.24686192468619247,-0.042418561049918146,0.37840655249441535,0.22263881449741119,0.558898587899648,0.9306236080178173,0.5,0.000987084683160555,0.41599737936305886,0.4513917025772562,0.3259308985151744,0.12380422848950123,0.0
2021-09-28 09:20:00,0.21338912133891214,-0.08366533864541836,0.3795979151154132,0.23120871272986965,0.6420672416275144,0.006124721603563475,0.5,0.000987084683160555,0.41599737936305886,0.4513917025772562,0.3259308985151744,0.12380422848950123,0.06777615160613788
2021-09-28 09:30:00,0.12831241283124128,-0.33864541832669326,0.3804914370811614,0.24906266738082472,0.6431011241836908,0.00011135857461024499,0.5,0.000987084683160555,0.41599737936305886,0.4513917025772562,0.3259308985151744,0.12380422848950123,0.01911673732969205
2021-09-28 09:40:00,0.1199442119944212,-0.4900398406374503,0.38615040953090074,0.2915550794500983,0.6431011241836908,0.00011135857461024499,0.5,0.000987084683160555,0.41599737936305886,0.4513917025772562,0.3259308985151744,0.12380422848950123,0.016959126092007785
2021-09-28 09:50:00,0.14086471408647142,-0.26693227091633476,0.39329858525688755,0.3347616497054098,0.6345290599521012,0.00011135857461024499,0.5,0.000987084683160555,0.41599737936305886,0.4513917025772562,0.3259308985151744,0.12380422848950123,0.02668346485206029
2021-09-28 10:00:00,0.1317991631799163,0.5059760956175297,0.40521221146686504,0.3740403499375111,0.6494483778513565,0.00011135857461024499,0.5,0.3953124900983016,0.41117851077708095,0.22296205581926554,0.2920883862781201,0.17934894860031297,0.008675709522157009
2021-09-28 10:10:00,0.11854951185495119,0.593625498007968,0.41444527177959767,0.417961078378861,0.6640928662103625,0.00011135857461024499,0.5,0.3953124900983016,0.41117851077708095,0.22296205581926554,0.2920883862781201,0.17934894860031297,0.004881029618117899
2021-09-28 10:20:00,0.1387726638772664,0.11553784860557759,0.4239761727475799,0.45973933226209596,0.6760021462878381,0.00011135857461024499,0.5,0.3953124900983016,0.41117851077708095,0.22296205581926554,0.2920883862781201,0.17934894860031297,0.010629630188451498
2021-09-28 10:30:00,0.13807531380753138,-0.019920318725099695,0.4344005956813102,0.4929476879128727,0.6760021462878381,0.00011135857461024499,0.5,0.3953124900983016,0.41117851077708095,0.22296205581926554,0.2920883862781201,0.17934894860031297,0.02030870437708406
2021-09-28 10:40:00,0.16596931659693165,0.003984063745019917,0.4454206999255397,0.5211569362613819,0.6729266728612373,0.00011135857461024499,0.5,0.3953124900983016,0.41117851077708095,0.22296205581926554,0.2920883862781201,0.17934894860031297,0.03474055856481132
2021-09-28 10:50:00,0.15620641562064158,-0.03585657370517936,0.4588235294117644,0.5529369755400819,0.6803994189318291,0.00011135857461024499,0.5,0.3953124900983016,0.41117851077708095,0.22296205581926554,0.2920883862781201,0.17934894860031297,0.0304781447560994
2021-09-28 11:00:00,0.16945606694560672,0.298804780876494,0.4728220402084884,0.580074986609534,0.6803994189318291,0.00011135857461024499,0.5,0.4247814121898206,0.41237388903096767,0.20048463285472418,0.28107991534525434,0.2639096285949215,0.03896525189733995
2021-09-28 11:10:00,0.17782426778242677,-0.1394422310756973,0.4853313477289649,0.5979289412604893,0.6699428092813862,0.00011135857461024499,0.5,0.4247814121898206,0.41237388903096767,0.20048463285472418,0.28107991534525434,0.2639096285949215,0.04000633703999879
2021-09-28 11:20:00,0.17503486750348674,0.14741035856573692,0.4766939687267311,0.5729334047491519,0.6778997788276557,0.00011135857461024499,0.5,0.4247814121898206,0.41237388903096767,0.20048463285472418,0.28107991534525434,0.2639096285949215,0.05915325075063747
2021-09-28 11:30:00,0.19177126917712692,0.10756972111553775,0.4609084139985107,0.4958043206570255,0.676250801586159,0.00011135857461024499,0.5,0.4247814121898206,0.41237388903096767,0.20048463285472418,0.28107991534525434,0.2639096285949215,0.06136367065497835
2021-09-28 11:40:00,0.18479776847977683,0.20318725099601576,0.46418466120625435,0.4636672022853061,0.6799021083351873,0.00011135857461024499,0.5,0.4247814121898206,0.41237388903096767,0.20048463285472418,0.28107991534525434,0.2639096285949215,0.06380041341641897
2021-09-28 11:50:00,0.1415620641562064,0.10756972111553775,0.47163067758749055,0.44688448491340815,0.6850191726322127,0.00022271714922048998,0.5,0.4247814121898206,0.41237388903096767,0.20048463285472418,0.28107991534525434,0.2639096285949215,0.03409176637445871
2021-09-28 12:00:00,0.14365411436541145,0.11553784860557759,0.4811615785554726,0.43760042849491154,0.671905877426025,0.00033407572383073496,0.5,0.4417185446179286,0.397989120908488,0.1887306121812321,0.26454964265058917,0.3409609703939691,0.04055705599227485
2021-09-28 12:10:00,0.20920502092050208,0.15537848605577675,0.49069247952345485,0.4336725584717014,0.6831346272133594,0.00022271714922048998,0.5,0.4417185446179286,0.397989120908488,0.1887306121812321,0.26454964265058917,0.3409609703939691,0.06785913665374112
2021-09-28 12:20:00,0.21617852161785217,0.06772908366533859,0.49843633655994046,0.44402785216925555,0.688722827865098,0.00022271714922048998,0.5,0.4417185446179286,0.397989120908488,0.1887306121812321,0.26454964265058917,0.3409609703939691,0.0759086862712555
2021-09-28 12:30:00,0.1311018131101813,0.3705179282868525,0.5064780342516753,0.4479557221924655,0.6791430553192603,0.000556792873051225,0.5,0.4417185446179286,0.397989120908488,0.1887306121812321,0.26454964265058917,0.3409609703939691,0.022458771519531663
2021-09-28 12:40:00,0.16248256624825663,0.4820717131474104,0.5195830230826506,0.45188359221567564,0.6976089829998298,0.00022271714922048998,0.5,0.4417185446179286,0.397989120908488,0.1887306121812321,0.26454964265058917,0.3409609703939691,0.04576248170556905
2021-09-28 12:50:00,0.17573221757322177,-0.059760956175298974,0.5291139240506326,0.45366898768077135,0.7134313122456191,0.1403118040089087,0.5,0.4417185446179286,0.397989120908488,0.1887306121812321,0.26454964265058917,0.3409609703939691,0.047369373990977265
2021-09-28 13:00:00,0.1499302649930265,0.49800796812749004,0.5410275502606106,0.47295125870380295,0.7134313122456191,0.9995545657015591,0.5,0.5868321669202059,0.3895151534308208,0.11936709099940564,0.22925731887269846,0.40728422933826647,0.0
2021-09-28 13:10:00,0.1415620641562064,0.2111553784860556,0.5618763961280713,0.5158007498660953,0.7134313122456191,0.9995545657015591,0.5,0.5868321669202059,0.3895151534308208,0.11936709099940564,0.22925731887269846,0.40728422933826647,0.0
2021-09-28 13:20:00,0.1596931659693166,-0.07569721115537842,0.5788533134772895,0.5350830208891268,0.7134313122456191,0.9995545657015591,0.5,0.5868321669202059,0.3895151534308208,0.11936709099940564,0.22925731887269846,0.40728422933826647,0.0
2021-09-28 13:30:00,0.1290097629009763,-0.36254980079681276,0.5922561429635145,0.5500803427959293,0.6750336993364829,0.8533407572383074,0.5,0.5868321669202059,0.3895151534308208,0.11936709099940564,0.22925731887269846,0.40728422933826647,0.0
2021-09-28 13:40:00,0.09065550906555091,-0.649402390438247,0.6032762472077438,0.5597214783074451,0.6692884532331732,0.9993318485523385,0.5,0.5868321669202059,0.3895151534308208,0.11936709099940564,0.22925731887269846,0.40728422933826647,0.0
2021-09-28 13:50:00,0.12343096234309624,-0.46879150066401065,0.6157855547282203,0.5665059810748081,0.6692884532331732,0.9993318485523385,0.5,0.5868321669202059,0.3895151534308208,0.11936709099940564,0.22925731887269846,0.40728422933826647,0.0
2021-09-28 14:00:00,0.17294281729428174,-0.2881806108897742,0.629784065524944,0.5715050883770756,0.7017314261035715,0.9902004454342985,0.5,0.5936151513746641,0.37712459806842996,0.1113668951983988,0.1694598774464901,0.5441978297443057,0.0
2021-09-28 14:10:00,0.100418410041841,-0.10756972111553798,0.6345495160089349,0.5850740939118015,0.7774535080027746,0.9995545657015591,0.5,0.5936151513746641,0.37712459806842996,0.1113668951983988,0.1694598774464901,0.5441978297443057,0.0
2021-09-28 14:20:00,0.0801952580195258,0.07304116865869847,0.6408041697691733,0.5865024102838778,0.7774535080027746,0.9995545657015591,0.5,0.5936151513746641,0.37712459806842996,0.1113668951983988,0.1694598774464901,0.5441978297443057,0.0
2021-09-28 14:30:00,0.1290097629009763,0.2536520584329347,0.6470588235294115,0.5854311730048205,0.7774535080027746,0.9995545657015591,0.5,0.5936151513746641,0.37712459806842996,0.1113668951983988,0.1694598774464901,0.5441978297443057,0.0
2021-09-28 14:40:00,0.1701534170153417,0.43426294820717115,0.650632911392405,0.5811462238885914,0.7591446257737761,0.6198218262806235,0.5,0.5936151513746641,0.37712459806842996,0.1113668951983988,0.1694598774464901,0.5441978297443057,0.0
2021-09-28 14:50:00,0.09483960948396096,0.6148738379814076,0.6512285927029038,0.5797179075165149,0.7621546635955556,0.6477728285077952,0.5,0.5936151513746641,0.37712459806842996,0.1113668951983988,0.1694598774464901,0.5441978297443057,0.0
2021-09-28 15:00:00,0.09205020920502092,0.526339088092076,0.6553983618763959,0.5861453311908589,0.7667482430540106,0.9993318485523385,0.5,0.6007401384086506,0.35335496125077936,0.10705876579168726,0.25096897968045895,0.6876401220264313,0.0
2021-09-28 15:10:00,0.1631799163179916,0.43780433820274456,0.6586746090841398,0.5861453311908589,0.7667482430540106,0.9993318485523385,0.5,0.6007401384086506,0.35335496125077936,0.10705876579168726,0.25096897968045895,0.6876401220264313,0.0
2021-09-28 15:20:00,0.12552301255230125,0.3492695883134127,0.6640357408786297,0.5861453311908589,0.7667482430540106,0.9993318485523385,0.5,0.6007401384086506,0.35335496125077936,0.10705876579168726,0.25096897968045895,0.6876401220264313,0.0
2021-09-28 15:30:00,0.12343096234309624,-0.27755644090305465,0.6664184661206252,0.5829316193536869,0.7667482430540106,0.9993318485523385,0.5,0.6007401384086506,0.35335496125077936,0.10705876579168726,0.25096897968045895,0.6876401220264313,0.0
2021-09-28 15:40:00,0.1290097629009763,-0.390880920761399,0.6726731198808635,0.5793608284234957,0.7667482430540106,0.9993318485523385,0.5,0.6007401384086506,0.35335496125077936,0.10705876579168726,0.25096897968045895,0.6876401220264313,0.0
2021-09-28 15:50:00,0.21548117154811713,-0.5042054006197434,0.675651526433358,0.5811462238885914,0.7049639449817434,0.9993318485523385,0.5,0.6007401384086506,0.35335496125077936,0.10705876579168726,0.25096897968045895,0.6876401220264313,0.0
2021-09-28 16:00:00,0.08647140864714087,-0.6175298804780878,0.6798212956068501,0.5947152294233171,0.5863684548036276,0.9993318485523385,0.5,0.654092040518667,0.34307930587603264,0.09022900982137344,0.37416289177813145,0.7446115773283899,0.0
2021-09-28 16:10:00,0.28591352859135283,-0.47410358565737054,0.6783320923306031,0.6068559185859668,0.5356951224300167,0.9993318485523385,0.5,0.654092040518667,0.34307930587603264,0.09022900982137344,0.37416289177813145,0.7446115773283899,0.0
2021-09-28 16:20:00,0.2712691771269177,-0.33067729083665354,0.6822040208488456,0.6200678450276735,0.3650390650560783,0.8119153674832962,0.5,0.654092040518667,0.34307930587603264,0.09022900982137344,0.37416289177813145,0.7446115773283899,0.0
2021-09-28 16:30:00,0.2398884239888424,-0.07569721115537853,0.6786299329858525,0.6032851276557758,0.4025860151025376,0.0066815144766146995,0.5,0.654092040518667,0.34307930587603264,0.09022900982137344,0.37416289177813145,0.7446115773283899,0.07700258008057094
2021-09-28 16:40:00,0.21827057182705717,-0.03585657370517936,0.6789277736411017,0.6050705231208713,0.3739513944327387,0.019599109131403118,0.5,0.654092040518667,0.34307930587603264,0.09022900982137344,0.37416289177813145,0.7446115773283899,0.04752025589571043
2021-09-28 16:50:00,0.19386331938633192,0.043824701195219085,0.6783320923306031,0.615068737725406,0.3663477771525042,0.036636971046770606,0.5,0.654092040518667,0.34307930587603264,0.09022900982137344,0.37416289177813145,0.7446115773283899,0.013028652473708827
2021-09-28 17:00:00,0.30613668061366806,-0.06772908366533881,0.6679076693968726,0.6011426530976611,0.4278572456845219,0.00011135857461024499,0.5,0.6607365429456047,0.3221515659167784,0.08446733693003551,0.4172032988934212,0.7620599786313568,0.14887517540021425
2021-09-28 17:10:00,0.23500697350069735,-0.4103585657370519,0.6321667907669395,0.5597214783074451,0.4004135530224706,0.00011135857461024499,0.5,0.6607365429456047,0.3221515659167784,0.08446733693003551,0.4172032988934212,0.7620599786313568,0.08325663503176065
2021-09-28 17:20:00,0.17294281729428174,0.19521912350597592,0.6172747580044673,0.5350830208891268,0.38438182984125324,0.00022271714922048998,0.5,0.6607365429456047,0.3221515659167784,0.08446733693003551,0.4172032988934212,0.7620599786313568,0.04810115122893312
2021-09-28 17:30:00,0.2789400278940028,0.41035856573705165,0.6131049888309752,0.5304409926798785,0.4237609768227088,0.00022271714922048998,0.5,0.6607365429456047,0.3221515659167784,0.08446733693003551,0.4172032988934212,0.7620599786313568,0.13900749883066524
2021-09-28 17:40:00,0.2670850767085077,0.06772908366533859,0.6089352196574831,0.5247277271915729,0.43135150698197905,0.00033407572383073496,0.5,0.6607365429456047,0.3221515659167784,0.08446733693003551,0.4172032988934212,0.7620599786313568,0.13208956349864961
2021-09-28 17:50:00,0.2594142259414226,-0.2749003984063746,0.6053611317944898,0.5268702017496876,0.43122063577233644,0.00033407572383073496,0.5,0.6607365429456047,0.3221515659167784,0.08446733693003551,0.4172032988934212,0.7620599786313568,0.11463252712102237
2021-09-28 18:00:00,0.32217573221757323,0.09960159362549792,0.6020848845867459,0.5257989644706302,0.4296370941356611,0.00033407572383073496,0.5,0.4853316114245003,0.3222348975738984,0.19781101068700666,0.29306484808838545,0.7605163682981022,0.191906694630113
2021-09-28 18:10:00,0.40585774058577406,0.027888446215139417,0.5964259121370066,0.5290126763078022,0.4316132494012642,0.00033407572383073496,0.5,0.4853316114245003,0.3222348975738984,0.19781101068700666,0.29306484808838545,0.7605163682981022,0.280542269565611
2021-09-28 18:20:00,0.3096234309623431,0.05976095617529875,0.5916604616530154,0.5232994108194964,0.4325555221106908,0.00022271714922048998,0.5,0.4853316114245003,0.3222348975738984,0.19781101068700666,0.29306484808838545,0.7605163682981022,0.16059869939798121
2021-09-28 18:30:00,0.26638772663877264,-0.12350597609561753,0.5889798957557706,0.517586145331191,0.42127442383949953,0.00022271714922048998,0.5,0.4853316114245003,0.3222348975738984,0.19781101068700666,0.29306484808838545,0.7605163682981022,0.11768788569186897
2021-09-28 18:40:00,0.197350069735007,-0.11553784860557781,0.5874906924795233,0.5247277271915729,0.4163144049940454,0.00022271714922048998,0.5,0.4853316114245003,0.3222348975738984,0.19781101068700666,0.29306484808838545,0.7605163682981022,0.06329495903556287
2021-09-28 18:50:00,0.21269177126917713,0.19521912350597592,0.5851079672375277,0.5140153544009998,0.4102681551085577,0.00022271714922048998,0.5,0.4853316114245003,0.3222348975738984,0.19781101068700666,0.29306484808838545,0.7605163682981022,0.07902439760399535
2021-09-28 19:00:00,0.20013947001394702,-0.02788844621513953,0.5806403574087862,0.507230851633637,0.39952362879690095,0.00022271714922048998,0.5,0.4736628996575638,0.3437114770679906,0.18762111541391435,0.28236950563725716,0.7319885376364941,0.06892285408210994
2021-09-28 19:10:00,0.1631799163179916,-0.21912350597609564,0.5776619508562917,0.504374218889484,0.3949562235803746,0.00033407572383073496,0.5,0.4736628996575638,0.3437114770679906,0.18762111541391435,0.28236950563725716,0.7319885376364941,0.041273745039757385
2021-09-28 19:20:00,0.16596931659693165,0.25099601593625476,0.5734921816827996,0.5068737725406176,0.3799583829553337,0.00022271714922048998,0.5,0.4736628996575638,0.3437114770679906,0.18762111541391435,0.28236950563725716,0.7319885376364941,0.047452359038580506
2021-09-28 19:30:00,0.18967921896792192,0.5776892430278884,0.5693224125093073,0.49401892519193,0.3799583829553337,0.00022271714922048998,0.5,0.4736628996575638,0.3437114770679906,0.18762111541391435,0.28236950563725716,0.7319885376364941,0.06134103836926838
2021-09-28 19:40:00,0.20920502092050208,0.6254980079681274,0.5648548026805658,0.4883056597036244,0.3799583829553337,0.00033407572383073496,0.5,0.4736628996575638,0.3437114770679906,0.18762111541391435,0.28236950563725716,0.7319885376364941,0.07220453551005628
2021-09-28 19:50:00,0.28103207810320785,-0.5617529880478087,0.5586001489203274,0.4786645241921086,0.37833557995576556,0.00033407572383073496,0.5,0.4736628996575638,0.3437114770679906,0.18762111541391435,0.28236950563725716,0.7319885376364941,0.11974742369147667
2021-09-28 20:00:00,0.26429567642956764,-0.01195219123505975,0.5505584512285924,0.4750937332619174,0.3661776445799689,0.00022271714922048998,0.5,0.42476513588215403,0.34452467910128354,0.18715520032383257,0.261196640989382,0.7141231756611442,0.10411605836112074
2021-09-28 20:10:00,0.2691771269177127,-0.21912350597609564,0.5431124348473564,0.4590251740760578,0.3661776445799689,0.00022271714922048998,0.5,0.42476513588215403,0.34452467910128354,0.18715520032383257,0.261196640989382,0.7141231756611442,0.11167524178825233
2021-09-28 20:20:00,0.25383542538354253,-0.10756972111553798,0.5365599404318686,0.4497411176575612,0.3661776445799689,0.00022271714922048998,0.5,0.42476513588215403,0.34452467910128354,0.18715520032383257,0.261196640989382,0.7141231756611442,0.10004979102856196
2021-09-28 20:30:00,0.17433751743375175,0.2749003984063745,0.5303052866716305,0.4450990894483129,0.3661776445799689,0.00022271714922048998,0.5,0.42476513588215403,0.34452467910128354,0.18715520032383257,0.261196640989382,0.7141231756611442,0.05927395627442401
2021-09-28 20:40:00,0.1680613668061367,0.38645418326693215,0.5267311988086372,0.44688448491340815,0.3661776445799689,0.00022271714922048998,0.5,0.42476513588215403,0.34452467910128354,0.18715520032383257,0.261196640989382,0.7141231756611442,0.05687493398916668
2021-09-28 20:50:00,0.15690376569037656,0.33864541832669315,0.5231571109456439,0.45045527584359935,0.3757050686419495,0.00022271714922048998,0.5,0.42476513588215403,0.34452467910128354,0.18715520032383257,0.261196640989382,0.7141231756611442,0.04917241275253859
2021-09-28 21:00:00,0.19525801952580193,-0.11553784860557781,0.5204765450483988,0.4483128012854847,0.3826281556320425,0.00022271714922048998,0.5,0.42002599539794083,0.3538779392368564,0.1896808304093167,0.21557366298604005,0.7423464906808515,0.06753474055856482
2021-09-28 21:10:00,0.23640167364016737,0.03585657370517925,0.5204765450483988,0.44081414033208355,0.3826281556320425,0.00022271714922048998,0.5,0.42002599539794083,0.3538779392368564,0.1896808304093167,0.21557366298604005,0.7423464906808515,0.08957104274484362
2021-09-28 21:20:00,0.21408647140864714,0.4581673306772909,0.5166046165301563,0.4318871630066061,0.38550732224417955,0.00022271714922048998,0.5,0.42002599539794083,0.3538779392368564,0.1896808304093167,0.21557366298604005,0.7423464906808515,0.07253647570046926
2021-09-28 21:30:00,0.12273361227336123,0.09163346613545809,0.5139240506329112,0.4336725584717014,0.396644462184764,0.0006681514476614699,0.5,0.42002599539794083,0.3538779392368564,0.1896808304093167,0.21557366298604005,0.7423464906808515,0.019222354663005266
2021-09-28 21:40:00,0.09693165969316596,0.3227091633466135,0.5064780342516753,0.4386716657739689,0.44446480218816664,0.07149220489977728,0.5,0.42002599539794083,0.3538779392368564,0.1896808304093167,0.21557366298604005,0.7423464906808515,0.0
2021-09-28 21:50:00,0.0801952580195258,0.7131474103585655,0.4993298585256887,0.42688805570433863,0.45031474525919046,0.9995545657015591,0.5,0.42002599539794083,0.3538779392368564,0.1896808304093167,0.21557366298604005,0.7423464906808515,0.0
2021-09-28 22:00:00,0.06555090655509065,0.4847277556440901,0.504988830975428,0.4447420103552937,0.45031474525919046,0.9995545657015591,0.5,0.31470644445059626,0.35428885051162756,0.2080683710738506,0.1345973176503483,0.816038595512611,0.0
2021-09-28 22:10:00,0.04672245467224547,0.25630810092961465,0.5055845122859268,0.44724156400642756,0.45031474525919046,0.9995545657015591,0.5,0.31470644445059626,0.35428885051162756,0.2080683710738506,0.1345973176503483,0.816038595512611,0.0
2021-09-28 22:20:00,0.0404463040446304,0.027888446215139417,0.49962769918093786,0.44367077307623637,0.45031474525919046,0.9995545657015591,0.5,0.31470644445059626,0.35428885051162756,0.2080683710738506,0.1345973176503483,0.816038595512611,0.0
2021-09-28 22:30:00,0.061366806136680614,0.15059760956175294,0.49635145197319397,0.43402963756472057,0.45031474525919046,0.9995545657015591,0.5,0.31470644445059626,0.35428885051162756,0.2080683710738506,0.1345973176503483,0.816038595512611,0.0
2021-09-28 22:40:00,0.09274755927475593,0.27330677290836647,0.49218168279970187,0.4251026602392429,0.45031474525919046,0.9995545657015591,0.5,0.31470644445059626,0.35428885051162756,0.2080683710738506,0.1345973176503483,0.816038595512611,0.0
2021-09-28 22:50:00,0.0885634588563459,0.39601593625498,0.48741623231571096,0.4165327620067847,0.45031474525919046,0.9995545657015591,0.5,0.31470644445059626,0.35428885051162756,0.2080683710738506,0.1345973176503483,0.816038595512611,0.0
2021-09-28 23:00:00,0.09205020920502092,0.5187250996015935,0.48741623231571096,0.4115336547045172,0.45031474525919046,0.9995545657015591,0.5,0.2778193616685618,0.3534124313591384,0.23843731013547934,0.13663505311690696,0.023891183247333733,0.0
2021-09-28 23:10:00,0.07461645746164575,0.6414342629482073,0.48741623231571096,0.40760578468130704,0.45031474525919046,0.9995545657015591,0.5,0.2778193616685618,0.3534124313591384,0.23843731013547934,0.13663505311690696,0.023891183247333733,0.0
2021-09-28 23:20:00,0.058577405857740586,-0.6175298804780878,0.489501116902457,0.40760578468130704,0.45031474525919046,0.9995545657015591,0.5,0.2778193616685618,0.3534124313591384,0.23843731013547934,0.13663505311690696,0.023891183247333733,0.0
2021-09-28 23:30:00,0.02370990237099024,0.2669322709163344,0.48682055100521215,0.4065345474022497,0.45031474525919046,0.9995545657015591,0.5,0.2778193616685618,0.3534124313591384,0.23843731013547934,0.13663505311690696,0.023891183247333733,0.0
2021-09-28 23:40:00,0.009762900976290099,0.3784860557768923,0.4817572598659716,0.40403499375111585,0.45031474525919046,0.9995545657015591,0.5,0.2778193616685618,0.3534124313591384,0.23843731013547934,0.13663505311690696,0.023891183247333733,0.0
2021-09-28 23:50:00,0.08577405857740586,0.49003984063745,0.47550260610573325,0.397964649169791,0.45031474525919046,0.9995545657015591,0.5,0.2778193616685618,0.3534124313591384,0.23843731013547934,0.13663505311690696,0.023891183247333733,0.0
2021-09-29 00:00:00,0.15202231520223153,0.6015936254980081,0.46716306775874883,0.3983217282628102,0.5172488385180144,0.793596881959911,0.5,0.24949041482237955,0.3461051070811805,0.25026437574416116,0.3009020195753165,0.08568541095004348,0.01750230094904718
2021-09-29 00:10:00,0.21827057182705717,0.7131474103585655,0.4588235294117644,0.3986788073558294,0.5841829056025964,0.5876391982182628,0.5,0.24949041482237955,0.3461051070811805,0.25026437574416116,0.3009020195753165,0.08568541095004348,0.03500460189809436
2021-09-29 00:20:00,0.3054393305439331,-0.2749003984063746,0.4647803425167534,0.4033208355650777,0.6050045150567326,0.00011135857461024499,0.5,0.24949041482237955,0.3461051070811805,0.25026437574416116,0.3009020195753165,0.08568541095004348,0.16993828930096413
2021-09-29 00:30:00,0.2824267782426778,0.14741035856573692,0.47520476545048385,0.4172469201928226,0.6118098179581474,0.00011135857461024499,0.5,0.24949041482237955,0.3461051070811805,0.25026437574416116,0.3009020195753165,0.08568541095004348,0.14065211159225674
2021-09-29 00:40:00,0.37517433751743373,0.3784860557768923,0.45346239761727447,0.3929655418675235,0.6202902723429873,0.00011135857461024499,0.5,0.24949041482237955,0.3461051070811805,0.25026437574416116,0.3009020195753165,0.08568541095004348,0.24562819681035652
2021-09-29 00:50:00,0.37308228730822873,0.2589641434262948,0.4352941176470586,0.3540439207284414,0.6300663517032888,0.00011135857461024499,0.5,0.24949041482237955,0.3461051070811805,0.25026437574416116,0.3009020195753165,0.08568541095004348,0.2373372361452691
2021-09-29 01:00:00,0.4198047419804742,0.40239043824701204,0.42129560685033485,0.3344045706123906,0.6370287000562745,0.00044543429844097997,0.5,0.1924009321521447,0.3392000735617401,0.3185687453657364,0.39881127915505005,0.10059020571298498,0.31180500022632285
2021-09-29 01:10:00,0.39121338912133896,0.08366533864541825,0.410573343261355,0.32083556507766486,0.6413343628535157,0.00044543429844097997,0.5,0.1924009321521447,0.3392000735617401,0.3185687453657364,0.39881127915505005,0.10059020571298498,0.280542269565611
2021-09-29 01:20:00,0.4072524407252441,-0.2828685258964144,0.40223380491437055,0.315122299589359,0.6402743060554109,0.00044543429844097997,0.5,0.1924009321521447,0.3392000735617401,0.3185687453657364,0.39881127915505005,0.10059020571298498,0.2913755903254523
2021-09-29 01:30:00,0.3702928870292887,0.1394422310756971,0.39746835443037964,0.3094090341010536,0.6301841357919671,0.00044543429844097997,0.5,0.1924009321521447,0.3392000735617401,0.3185687453657364,0.39881127915505005,0.10059020571298498,0.2298006850038475
2021-09-29 01:40:00,0.3926080892608089,-0.4900398406374503,0.39717051377513,0.3090519550080342,0.6301841357919671,0.00044543429844097997,0.5,0.1924009321521447,0.3392000735617401,0.3185687453657364,0.39881127915505005,0.10059020571298498,0.2728246601385096
2021-09-29 01:50:00,0.36610878661087864,0.1633466135458166,0.39806403574087845,0.3119085877521872,0.6301841357919671,0.00044543429844097997,0.5,0.1924009321521447,0.3392000735617401,0.3185687453657364,0.39881127915505005,0.10059020571298498,0.22352399776694784
2021-09-29 02:00:00,0.33472803347280333,-0.3067729083665339,0.39806403574087845,0.3058382431708624,0.6301841357919671,0.00044543429844097997,0.5,0.18455935399068046,0.33687253417316293,0.32372399311805117,0.4218153781102124,0.1032890965157076,0.1842645261553782
2021-09-29 02:10:00,0.3758716875871687,-0.24302788844621515,0.39746835443037964,0.3076236386359579,0.6227244768423394,0.00044543429844097997,0.5,0.18455935399068046,0.33687253417316293,0.32372399311805117,0.4218153781102124,0.1032890965157076,0.22891802586115848
2021-09-29 02:20:00,0.3403068340306834,-0.09960159362549814,0.3950856291883842,0.3069094804499197,0.6180523746580989,0.00044543429844097997,0.5,0.18455935399068046,0.33687253417316293,0.32372399311805117,0.4218153781102124,0.1032890965157076,0.20207613500912838
2021-09-29 02:30:00,0.3472803347280335,-0.36254980079681276,0.39032017870439306,0.3044099267987861,0.6180523746580989,0.00044543429844097997,0.5,0.18455935399068046,0.33687253417316293,0.32372399311805117,0.4218153781102124,0.1032890965157076,0.20346424853267348
2021-09-29 02:40:00,0.28451882845188287,-0.03585657370517936,0.3879374534623974,0.29726834493840393,0.6180523746580989,0.00044543429844097997,0.5,0.18455935399068046,0.33687253417316293,0.32372399311805117,0.4218153781102124,0.1032890965157076,0.14354150006789687
2021-09-29 02:50:00,0.2907949790794979,-0.2749003984063746,0.38257632166790767,0.29048384217104095,0.6180523746580989,0.00044543429844097997,0.5,0.18455935399068046,0.33687253417316293,0.32372399311805117,0.4218153781102124,0.1032890965157076,0.151176124447395
2021-09-29 03:00:00,0.28661087866108786,-0.01195219123505975,0.3781087118391657,0.2847705766827351,0.6180523746580989,0.00044543429844097997,0.5,0.16613210558387403,0.3344271810624511,0.3351428440628861,0.4322753792156468,0.10054667180103165,0.14437135054392927
2021-09-29 03:10:00,0.30822873082287305,0.043824701195219085,0.3724497393894264,0.2815568648455633,0.6180523746580989,0.00044543429844097997,0.5,0.16613210558387403,0.3344271810624511,0.3351428440628861,0.4322753792156468,0.10054667180103165,0.1493202770191771
2021-09-29 03:20:00,0.35006973500697347,0.29083665338645415,0.37006701414743093,0.27477236207820055,0.6180523746580989,0.00044543429844097997,0.5,0.16613210558387403,0.3344271810624511,0.3351428440628861,0.4322753792156468,0.10054667180103165,0.19500731777237956
2021-09-29 03:30:00,0.3117154811715481,0.08366533864541825,0.36619508562918823,0.2719157293340475,0.6180523746580989,0.00044543429844097997,0.5,0.16613210558387403,0.3344271810624511,0.3351428440628861,0.4322753792156468,0.10054667180103165,0.15714350377959171
2021-09-29 03:40:00,0.29707112970711297,-0.019920318725099695,0.3655994043186892,0.2654883056597035,0.6180523746580989,0.00044543429844097997,0.5,0.16613210558387403,0.3344271810624511,0.3351428440628861,0.4322753792156468,0.10054667180103165,0.141044404544563
2021-09-29 03:50:00,0.28103207810320785,-0.298804780876494,0.3635145197319434,0.26477414747366557,0.6180523746580989,0.00044543429844097997,0.5,0.16613210558387403,0.3344271810624511,0.3351428440628861,0.4322753792156468,0.10054667180103165,0.1325422092128491
2021-09-29 04:00:00,0.3075313807531381,-0.1633466135458168,0.36262099776619494,0.26477414747366557,0.6180523746580989,0.00044543429844097997,0.5,0.09287094388909689,0.34121727436516924,0.36573041067358975,0.4229353899142132,0.10278492991708597,0.14860358797169454
2021-09-29 04:10:00,0.28033472803347276,0.3705179282868525,0.3614296351451971,0.26156043563649356,0.6221748177618405,0.00044543429844097997,0.5,0.09287094388909689,0.34121727436516924,0.36573041067358975,0.4229353899142132,0.10278492991708597,0.1356202000694057
2021-09-29 04:20:00,0.29707112970711297,-0.10756972111553798,0.356664184661206,0.2608462774504554,0.6318462001544279,0.00044543429844097997,0.5,0.09287094388909689,0.34121727436516924,0.36573041067358975,0.4229353899142132,0.10278492991708597,0.14115002187787618
2021-09-29 04:30:00,0.3612273361227336,-0.01195219123505975,0.3560685033507074,0.2544188537761116,0.6318462001544279,0.00044543429844097997,0.5,0.09287094388909689,0.34121727436516924,0.36573041067358975,0.4229353899142132,0.10278492991708597,0.21965387691054214
2021-09-29 04:40:00,0.39609483960948394,-0.02788844621513953,0.3533879374534623,0.2533476164970543,0.6318462001544279,0.00044543429844097997,0.5,0.09287094388909689,0.34121727436516924,0.36573041067358975,0.4229353899142132,0.10278492991708597,0.2579627925222928
2021-09-29 04:50:00,0.402370990237099,0.17928286852589648,0.3495160089352196,0.24727727191572946,0.6318462001544279,0.00044543429844097997,0.5,0.09287094388909689,0.34121727436516924,0.36573041067358975,0.4229353899142132,0.10278492991708597,0.2696712283295864
2021-09-29 05:00:00,0.403068340306834,0.20318725099601576,0.3459419210722261,0.24584895554365294,0.6318462001544279,0.00044543429844097997,0.5,0.07593384481407806,0.34159945058576296,0.327883623186035,0.38618120319470206,0.11073002209491983,0.26630656185403684
2021-09-29 05:10:00,0.3856345885634589,0.25099601593625476,0.343261355174981,0.24370648098553827,0.6318462001544279,0.00044543429844097997,0.5,0.07593384481407806,0.34159945058576296,0.327883623186035,0.38618120319470206,0.11073002209491983,0.24436078881059797
2021-09-29 05:20:00,0.3075313807531381,0.19521912350597592,0.3390915860014889,0.24227816461346197,0.6385206318462001,0.00044543429844097997,0.5,0.07593384481407806,0.34159945058576296,0.327883623186035,0.38618120319470206,0.11073002209491983,0.1637294989211944
2021-09-29 05:30:00,0.2580195258019526,0.2828685258964143,0.3331347728965002,0.2369219782181753,0.6586617110101948,0.00044543429844097997,0.5,0.07593384481407806,0.34159945058576296,0.327883623186035,0.38618120319470206,0.11073002209491983,0.10453098359913696
2021-09-29 05:40:00,0.21408647140864714,0.06772908366533859,0.2994787788533133,0.22478128905552563,0.6729921084660585,0.00044543429844097997,0.5,0.07593384481407806,0.34159945058576296,0.327883623186035,0.38618120319470206,0.11073002209491983,0.07767400455663352
2021-09-29 05:50:00,0.27405857740585776,0.13147410358565725,0.257483246463142,0.19335832886984483,0.6934341914122313,0.00044543429844097997,0.5,0.07593384481407806,0.34159945058576296,0.327883623186035,0.38618120319470206,0.11073002209491983,0.11881195588213106
2021-09-29 06:00:00,0.36750348675034866,0.11553784860557759,0.23812360387192832,0.16871987145152634,0.6846919946081063,0.00044543429844097997,0.5,-0.00858888748435327,0.36673687598238164,0.4518202075008779,0.37118385421447264,0.10962809136210398,0.2100200672933295
2021-09-29 06:10:00,0.25871687587168757,-0.0916334661354582,0.23186895011169018,0.1519371540796286,0.6846789074871419,0.00044543429844097997,0.5,-0.00858888748435327,0.36673687598238164,0.4518202075008779,0.37118385421447264,0.10962809136210398,0.10594172940839205
2021-09-29 06:20:00,0.3417015341701534,-0.10756972111553798,0.22710349962769927,0.142653097661132,0.6846789074871419,0.00044543429844097997,0.5,-0.00858888748435327,0.36673687598238164,0.4518202075008779,0.37118385421447264,0.10962809136210398,0.17908173272779396
2021-09-29 06:30:00,0.3612273361227336,-0.0916334661354582,0.2256142963514518,0.13515443670773086,0.6846789074871419,0.00044543429844097997,0.5,-0.00858888748435327,0.36673687598238164,0.4518202075008779,0.37118385421447264,0.10962809136210398,0.2058859031036408
2021-09-29 06:40:00,0.43584379358437936,-0.11553784860557781,0.22710349962769927,0.13301196214961597,0.6846789074871419,0.00044543429844097997,0.5,-0.00858888748435327,0.36673687598238164,0.4518202075008779,0.37118385421447264,0.10962809136210398,0.3210163405102826
2021-09-29 06:50:00,0.40027894002789405,-0.3784860557768924,0.22829486224869666,0.13301196214961597,0.6846658203661776,0.00022271714922048998,0.5,-0.00858888748435327,0.36673687598238164,0.4518202075008779,0.37118385421447264,0.10962809136210398,0.30271436546614966
2021-09-29 07:00:00,0.27266387726638774,0.22709163346613526,0.2256142963514518,0.13158364577753967,0.6736464645142715,0.00022271714922048998,0.5,-0.013841031837858675,0.3865295813015247,0.4596299284882476,0.3468118715458596,0.13315850185724476,0.11992848197715648
2021-09-29 07:10:00,0.23221757322175732,0.5537848605577689,0.22472077438570337,0.12908409212640604,0.6735025061836646,0.00022271714922048998,0.5,-0.013841031837858675,0.3865295813015247,0.4596299284882476,0.3468118715458596,0.13315850185724476,0.09306395883941639
2021-09-29 07:20:00,0.28591352859135283,0.5298804780876492,0.2211466865227103,0.12408498482413854,0.6735025061836646,0.00022271714922048998,0.5,-0.013841031837858675,0.3865295813015247,0.4596299284882476,0.3468118715458596,0.13315850185724476,0.1295622915943691
2021-09-29 07:30:00,0.27266387726638774,0.2828685258964143,0.22055100521221127,0.11551508659168008,0.6735025061836646,0.00022271714922048998,0.5,-0.013841031837858675,0.3865295813015247,0.4596299284882476,0.3468118715458596,0.13315850185724476,0.13126725711785386
2021-09-29 07:40:00,0.3110181311018131,0.2589641434262948,0.2178704393149664,0.11123013747545074,0.6735025061836646,0.00022271714922048998,0.5,-0.013841031837858675,0.3865295813015247,0.4596299284882476,0.3468118715458596,0.13315850185724476,0.156871916351072
2021-09-29 07:50:00,0.298465829846583,-0.31474103585657376,0.21667907669396835,0.10765934654525999,0.6735025061836646,0.00022271714922048998,0.5,-0.013841031837858675,0.3865295813015247,0.4596299284882476,0.3468118715458596,0.13315850185724476,0.15776966368423434
2021-09-29 08:00:00,0.2873082287308229,-0.6414342629482073,0.21667907669396835,0.11123013747545074,0.6735025061836646,0.00022271714922048998,0.5,-0.0044278894531861734,0.39492596413290487,0.45511445798946104,0.34248304997195317,0.161909684558877,0.13731007740241713
2021-09-29 08:10:00,0.2482566248256625,-0.3067729083665339,0.21697691734921798,0.11123013747545074,0.6735025061836646,0.00022271714922048998,0.5,-0.0044278894531861734,0.39492596413290487,0.45511445798946104,0.34248304997195317,0.161909684558877,0.11639784540640041
2021-09-29 08:20:00,0.2733612273361227,-0.4661354581673308,0.21935964259121343,0.11123013747545074,0.6735025061836646,0.00022271714922048998,0.5,-0.0044278894531861734,0.39492596413290487,0.45511445798946104,0.34248304997195317,0.161909684558877,0.12525461321423723
2021-09-29 08:30:00,0.23500697350069735,-0.4103585657370519,0.22293373045420695,0.1137296911265846,0.6735025061836646,0.00044543429844097997,0.5,-0.0044278894531861734,0.39492596413290487,0.45511445798946104,0.34248304997195317,0.161909684558877,0.10732229883670051
2021-09-29 08:40:00,0.21408647140864714,-0.3067729083665339,0.2256142963514518,0.11730048205677557,0.6735025061836646,0.00044543429844097997,0.5,-0.0044278894531861734,0.39492596413290487,0.45511445798946104,0.34248304997195317,0.161909684558877,0.08995579160191318
2021-09-29 08:50:00,0.20781032078103207,-0.2270916334661356,0.2285927029039463,0.12229958935904306,0.6735025061836646,0.00022271714922048998,0.5,-0.0044278894531861734,0.39492596413290487,0.45511445798946104,0.34248304997195317,0.161909684558877,0.08412420598397635
2021-09-29 09:00:00,0.199442119944212,-0.3067729083665339,0.22978406552494413,0.1283699339403679,0.6735025061836646,0.00033407572383073496,0.5,0.10203163673949511,0.41027335657041436,0.4047476925219107,0.3024576447656478,0.2106796238857515,0.07894895665162878
2021-09-29 09:10:00,0.20223152022315202,-0.2749003984063746,0.23395383469843622,0.12908409212640604,0.6735025061836646,0.00033407572383073496,0.5,0.10203163673949511,0.41027335657041436,0.4047476925219107,0.3024576447656478,0.2106796238857515,0.08416192646015963
2021-09-29 09:20:00,0.20781032078103207,-0.21912350597609564,0.23633655994043168,0.132654883056597,0.6735025061836646,0.00022271714922048998,0.5,0.10203163673949511,0.41027335657041436,0.4047476925219107,0.3024576447656478,0.2106796238857515,0.082630475127118
2021-09-29 09:30:00,0.201534170153417,-0.1394422310756973,0.24080416976917318,0.1362256739867882,0.6735025061836646,0.00033407572383073496,0.5,0.10203163673949511,0.41027335657041436,0.4047476925219107,0.3024576447656478,0.2106796238857515,0.079341249603935
2021-09-29 09:40:00,0.21338912133891214,-0.3705179282868527,0.24676098287416215,0.14015354400999835,0.6735025061836646,0.00022271714922048998,0.5,0.10203163673949511,0.41027335657041436,0.4047476925219107,0.3024576447656478,0.2106796238857515,0.0786924574135824
2021-09-29 09:50:00,0.2635983263598326,-0.33067729083665354,0.255398361876396,0.14372433494018932,0.6637395139443273,0.00044543429844097997,0.5,0.10203163673949511,0.41027335657041436,0.4047476925219107,0.3024576447656478,0.2106796238857515,0.11375741207357001
2021-09-29 10:00:00,0.2189679218967922,-0.13147410358565736,0.2673119880863737,0.1469380467773611,0.65963015796155,0.00022271714922048998,0.5,0.33449356502168115,0.40519874600223516,0.24735843010202072,0.2925541507684378,0.2751745574504035,0.08247959322238484
2021-09-29 10:10:00,0.22175732217573224,0.09960159362549792,0.27803425167535356,0.1555079450098198,0.65963015796155,0.00044543429844097997,0.5,0.33449356502168115,0.40519874600223516,0.24735843010202072,0.2925541507684378,0.2751745574504035,0.0879264299832521
2021-09-29 10:20:00,0.22315202231520226,0.043824701195219085,0.28905435591958284,0.16407784324227825,0.65963015796155,0.00011135857461024499,0.5,0.33449356502168115,0.40519874600223516,0.24735843010202072,0.2925541507684378,0.2751745574504035,0.08496914465048207
2021-09-29 10:30:00,0.22663877266387727,-0.1633466135458168,0.2991809381980639,0.17264774147473672,0.65963015796155,0.00044543429844097997,0.5,0.33449356502168115,0.40519874600223516,0.24735843010202072,0.2925541507684378,0.2751745574504035,0.08762466617378578
2021-09-29 10:40:00,0.19456066945606695,0.4501992031872508,0.3102010424422932,0.18264595607927148,0.6632291162267212,0.00111358574610245,0.5,0.33449356502168115,0.40519874600223516,0.24735843010202072,0.2925541507684378,0.2751745574504035,0.07409810341445751
2021-09-29 10:50:00,0.20641562064156208,0.17131474103585642,0.32181682799702127,0.19585788252097847,0.671199172893955,0.00022271714922048998,0.5,0.33449356502168115,0.40519874600223516,0.24735843010202072,0.2925541507684378,0.2751745574504035,0.07833034084222279
2021-09-29 11:00:00,0.24476987447698745,0.2828685258964143,0.33164556962025293,0.20585609712551345,0.6745102144979126,0.000779510022271715,0.5,0.3382474218895659,0.3995005847583516,0.21537362547756617,0.21370741361856024,0.3768835532177034,0.09756778369570139
2021-09-29 11:10:00,0.22315202231520226,-0.14741035856573714,0.33879374534623974,0.21514015354401006,0.6902147596550234,0.00011135857461024499,0.5,0.3382474218895659,0.3995005847583516,0.21537362547756617,0.21370741361856024,0.3768835532177034,0.0906951129351057
2021-09-29 11:20:00,0.2189679218967922,0.11553784860557759,0.34772896500372297,0.22299589359043037,0.6968368428629386,0.00011135857461024499,0.5,0.3382474218895659,0.3995005847583516,0.21537362547756617,0.21370741361856024,0.3768835532177034,0.0762330823664318
2021-09-29 11:30:00,0.1882845188284519,-0.3705179282868527,0.35577066269545776,0.23585074093911795,0.7114813312219445,0.00011135857461024499,0.5,0.3382474218895659,0.3995005847583516,0.21537362547756617,0.21370741361856024,0.3768835532177034,0.05928904446489733
2021-09-29 11:40:00,0.15690376569037656,0.3545816733067728,0.3638123603871928,0.24763435100874842,0.705644475271885,0.00011135857461024499,0.5,0.3382474218895659,0.3995005847583516,0.21537362547756617,0.21370741361856024,0.3768835532177034,0.03888226684973671
2021-09-29 11:50:00,0.11785216178521618,0.2749003984063745,0.37572598659717027,0.27120157114800936,0.7245815393071677,0.00011135857461024499,0.5,0.3382474218895659,0.3995005847583516,0.21537362547756617,0.21370741361856024,0.3768835532177034,0.007679888950918116
2021-09-29 12:00:00,0.0815899581589958,0.41035856573705165,0.38972449739389403,0.28548473486877346,0.7456256298176964,0.5556792873051225,0.5,0.3458935509466774,0.39050363929461157,0.19529083360883703,0.17208932493849233,0.5639359518719386,0.0
2021-09-29 12:10:00,0.07740585774058578,0.346613545816733,0.40610573343261325,0.30333868951972875,0.7456256298176964,0.9995545657015591,0.5,0.3458935509466774,0.39050363929461157,0.19529083360883703,0.17208932493849233,0.5639359518719386,0.0
2021-09-29 12:20:00,0.0502092050209205,0.5976095617529877,0.42189128816083366,0.3301196214961615,0.7456256298176964,0.9995545657015591,0.5,0.3458935509466774,0.39050363929461157,0.19529083360883703,0.17208932493849233,0.5639359518719386,0.0
2021-09-29 12:30:00,0.04393305439330544,0.6436073886273086,0.434102755026061,0.3476164970540976,0.7456256298176964,0.9995545657015591,0.5,0.3458935509466774,0.39050363929461157,0.19529083360883703,0.17208932493849233,0.5639359518719386,0.0
2021-09-29 12:40:00,0.07740585774058578,0.6896052155016297,0.44869694713328356,0.35761471165863257,0.7456256298176964,0.9995545657015591,0.5,0.3458935509466774,0.39050363929461157,0.19529083360883703,0.17208932493849233,0.5639359518719386,0.0
2021-09-29 12:50:00,0.055090655509065556,0.7356030423759505,0.4659717051377512,0.36725584717014814,0.7456256298176964,0.9995545657015591,0.5,0.3458935509466774,0.39050363929461157,0.19529083360883703,0.17208932493849233,0.5639359518719386,0.0
2021-09-29 13:00:00,0.09414225941422595,0.6791017747193044,0.47877885331347714,0.3779682199607215,0.7456256298176964,0.9995545657015591,0.5,0.5473475121763789,0.37525969305215007,0.1127563975506106,0.27451729024117033,0.6786629636127828,0.0
2021-09-29 13:10:00,0.08228730822873082,0.6226005070626583,0.488905435591958,0.38510980182110344,0.7456256298176964,0.9995545657015591,0.5,0.5473475121763789,0.37525969305215007,0.1127563975506106,0.27451729024117033,0.6786629636127828,0.0
2021-09-29 13:20:00,0.14086471408647142,0.5660992394060123,0.49962769918093786,0.3929655418675235,0.7456256298176964,0.9995545657015591,0.5,0.5473475121763789,0.37525969305215007,0.1127563975506106,0.27451729024117033,0.6786629636127828,0.0
2021-09-29 13:30:00,0.13668061366806136,0.5095979717493662,0.5130305286671628,0.3936797000535619,0.7456256298176964,0.9995545657015591,0.5,0.5473475121763789,0.37525969305215007,0.1127563975506106,0.27451729024117033,0.6786629636127828,0.0
2021-09-29 13:40:00,0.17433751743375175,0.45309670409271985,0.5228592702903945,0.39617925370469576,0.6628103283558651,0.9995545657015591,0.5,0.5473475121763789,0.37525969305215007,0.1127563975506106,0.27451729024117033,0.6786629636127828,0.0
2021-09-29 13:50:00,0.1206415620641562,0.39659543643607376,0.5210722263588978,0.417961078378861,0.5839342503042756,0.9995545657015591,0.5,0.5473475121763789,0.37525969305215007,0.1127563975506106,0.27451729024117033,0.6786629636127828,0.0
2021-09-29 14:00:00,0.23361227336122734,0.34009416877942744,0.5273268801191362,0.4301017675415104,0.5669079059297746,0.9995545657015591,0.5,0.5737547540659917,0.3568175352794635,0.11199538599492717,0.3980217180262618,0.7253730527518055,0.0
2021-09-29 14:10:00,0.19107391910739194,0.28359290112278157,0.5380491437081161,0.452597750401714,0.4059101438274593,0.43351893095768373,0.5,0.5737547540659917,0.3568175352794635,0.11199538599492717,0.3980217180262618,0.7253730527518055,0.017351419044314018
2021-09-29 14:20:00,0.29218967921896793,0.22709163346613526,0.5520476545048398,0.4668809141224781,0.41233592022091065,0.01714922048997773,0.5,0.5737547540659917,0.3568175352794635,0.11199538599492717,0.3980217180262618,0.7253730527518055,0.10391991188496764
2021-09-29 14:30:00,0.2496513249651325,-0.19521912350597614,0.5633655994043185,0.49366184609891084,0.41475703759929855,0.01091314031180401,0.5,0.5737547540659917,0.3568175352794635,0.11199538599492717,0.3980217180262618,0.7253730527518055,0.08210993255578859
2021-09-29 14:40:00,0.3403068340306834,0.2828685258964143,0.5723008190618017,0.5150865916800571,0.40369842038449966,0.02984409799554566,0.5,0.5737547540659917,0.3568175352794635,0.11199538599492717,0.3980217180262618,0.7253730527518055,0.14520874511519832
2021-09-29 14:50:00,0.32147838214783825,-0.03585657370517936,0.5541325390915859,0.49151937154079617,0.4099017157215585,0.028841870824053453,0.5,0.5737547540659917,0.3568175352794635,0.11199538599492717,0.3980217180262618,0.7253730527518055,0.14180635816346546
2021-09-29 15:00:00,0.3437935843793584,-0.019920318725099695,0.5472822040208485,0.47295125870380295,0.4278703328054861,0.04164810690423163,0.5,0.5927764545866001,0.33718574626372333,0.11066333044070316,0.481986837878834,0.7474410065121805,0.14197232825867193
2021-09-29 15:10:00,0.31311018131101814,-0.059760956175298974,0.5472822040208485,0.4686663095875736,0.409325882399131,0.026057906458797325,0.5,0.5927764545866001,0.33718574626372333,0.11066333044070316,0.481986837878834,0.7474410065121805,0.12410036664302851
2021-09-29 15:20:00,0.29288702928870297,0.2749003984063745,0.5490692479523454,0.46795215140153545,0.4228317912342464,0.03329621380846325,0.5,0.5927764545866001,0.33718574626372333,0.11066333044070316,0.481986837878834,0.7474410065121805,0.11169787407396231
2021-09-29 15:30:00,0.3591352859135286,0.03585657370517925,0.552941176470588,0.47116586323870724,0.4365601811257542,0.01670378619153675,0.5,0.5927764545866001,0.33718574626372333,0.11066333044070316,0.481986837878834,0.7474410065121805,0.1942981728201337
2021-09-29 15:40:00,0.36541143654114366,-0.29083665338645437,0.5562174236783319,0.48044991965720407,0.43945243485885543,0.005902004454342985,0.5,0.5927764545866001,0.33718574626372333,0.11066333044070316,0.481986837878834,0.7474410065121805,0.2367186203358631
2021-09-29 15:50:00,0.35006973500697347,0.4183266932270917,0.5580044676098284,0.4847348687734334,0.4120872649225897,0.004231625835189309,0.5,0.5927764545866001,0.33718574626372333,0.11066333044070316,0.481986837878834,0.7474410065121805,0.21954071548199225
2021-09-29 16:00:00,0.40446304044630405,-0.1394422310756973,0.5618763961280713,0.4879485806106054,0.409626886181309,0.004788418708240535,0.5,0.6279616292717385,0.3285077599013808,0.08864218469285048,0.5144267316073795,0.7571601629131911,0.28191529489868283
2021-09-29 16:10:00,0.44002789400278935,0.15537848605577675,0.5603871928518243,0.49509016247098736,0.4094567536087736,0.0044543429844098,0.5,0.6279616292717385,0.3285077599013808,0.08864218469285048,0.5144267316073795,0.7571601629131911,0.33040119498468545
2021-09-29 16:20:00,0.48535564853556484,0.2111553784860556,0.5639612807148173,0.5015175861453312,0.41624896938922407,0.007461024498886415,0.5,0.6279616292717385,0.3285077599013808,0.08864218469285048,0.5144267316073795,0.7571601629131911,0.40832415468412875
2021-09-29 16:30:00,0.4107391910739191,-0.09960159362549814,0.5651526433358152,0.5065166934475986,0.43006896912748166,0.0024498886414253897,0.5,0.6279616292717385,0.3285077599013808,0.08864218469285048,0.5144267316073795,0.7571601629131911,0.27901081823256935
2021-09-29 16:40:00,0.2712691771269177,-0.043824701195219196,0.5651526433358152,0.5136582753079808,0.4014605226996113,0.00111358574610245,0.5,0.6279616292717385,0.3285077599013808,0.08864218469285048,0.5144267316073795,0.7571601629131911,0.12784978197564767
2021-09-29 16:50:00,0.43584379358437936,-0.10756972111553798,0.5702159344750557,0.5232994108194964,0.3988300113857952,0.0066815144766146995,0.5,0.6279616292717385,0.3285077599013808,0.08864218469285048,0.5144267316073795,0.7571601629131911,0.32428293374775563
2021-09-29 17:00:00,0.28033472803347276,0.03585657370517925,0.5708116157855547,0.5265131226566686,0.3958199735640157,0.0022271714922049,0.5,0.6315689326644482,0.3174993606450447,0.08625528925857742,0.4847222436733037,0.7669064551720021,0.1539674396849586
2021-09-29 17:10:00,0.3396094839609484,0.3067729083665336,0.5720029784065523,0.5265131226566686,0.4199918859850022,0.005233853006681514,0.5,0.6315689326644482,0.3174993606450447,0.08625528925857742,0.4847222436733037,0.7669064551720021,0.21163450367397438
2021-09-29 17:20:00,0.33472803347280333,-0.01195219123505975,0.5755770662695456,0.5186573826102483,0.41859156404182646,0.0033407572383073497,0.5,0.6315689326644482,0.3174993606450447,0.08625528925857742,0.4847222436733037,0.7669064551720021,0.16704135673008735
2021-09-29 17:30:00,0.299163179916318,-0.043824701195219196,0.5755770662695456,0.525441885377611,0.3921032312101661,0.0020044543429844097,0.5,0.6315689326644482,0.3174993606450447,0.08625528925857742,0.4847222436733037,0.7669064551720021,0.15053487635227908
2021-09-29 17:40:00,0.34449093444909346,-0.059760956175298974,0.5767684288905432,0.5186573826102483,0.3982803523052964,0.006124721603563475,0.5,0.6315689326644482,0.3174993606450447,0.08625528925857742,0.4847222436733037,0.7669064551720021,0.22412752538588046
2021-09-29 17:50:00,0.2210599721059972,0.2589641434262948,0.5767684288905432,0.5279414390287449,0.42523982149167006,0.000556792873051225,0.5,0.6315689326644482,0.3174993606450447,0.08625528925857742,0.4847222436733037,0.7669064551720021,0.08419210284110626
2021-09-29 18:00:00,0.3326359832635983,-0.40239043824701204,0.5767684288905432,0.5357971790751652,0.3989216212325451,0.005456570155902005,0.5,0.4855758894518518,0.31226958078429556,0.16437393071916165,0.4003280198181704,0.798209019269288,0.20800579386514179
2021-09-29 18:10:00,0.3368200836820084,0.17928286852589648,0.5752792256142962,0.5275843599357259,0.4030178900943582,0.0016703786191536749,0.5,0.4855758894518518,0.31226958078429556,0.16437393071916165,0.4003280198181704,0.798209019269288,0.1956711981532055
2021-09-29 18:20:00,0.39191073919107394,0.043824701195219085,0.5720029784065523,0.5243706480985537,0.3948384394916963,0.0036748329621380848,0.5,0.4855758894518518,0.31226958078429556,0.16437393071916165,0.4003280198181704,0.798209019269288,0.25245560299953224
2021-09-29 18:30:00,0.38702928870292885,0.06772908366533859,0.568428890543559,0.5200856989823246,0.4018662234495034,0.0008908685968819599,0.5,0.4855758894518518,0.31226958078429556,0.16437393071916165,0.4003280198181704,0.798209019269288,0.23265989709854096
2021-09-29 18:40:00,0.33751743375174337,-0.043824701195219196,0.5651526433358152,0.5186573826102483,0.39452434858855406,0.000556792873051225,0.5,0.4855758894518518,0.31226958078429556,0.16437393071916165,0.4003280198181704,0.798209019269288,0.16990056882478086
2021-09-29 18:50:00,0.23221757322175732,0.4422310756972112,0.5621742367833207,0.5118728798428851,0.38234023897082875,0.00022271714922048998,0.5,0.4855758894518518,0.31226958078429556,0.16437393071916165,0.4003280198181704,0.798209019269288,0.08711166769769302
2021-09-29 19:00:00,0.23709902370990238,0.13147410358565725,0.5580044676098284,0.5022317443313695,0.3954404470560521,0.00022271714922048998,0.5,0.43682467915161727,0.3231860278672539,0.16826928015357698,0.2674628811933129,0.7753768499962962,0.09138162560164159
2021-09-29 19:10:00,0.09483960948396096,0.05710491367861881,0.5541325390915859,0.4943760042849492,0.3954535341770164,0.5857461024498887,0.5,0.43682467915161727,0.3231860278672539,0.16826928015357698,0.2674628811933129,0.7753768499962962,0.0
2021-09-29 19:20:00,0.24407252440725244,-0.01726427622841964,0.5594936708860758,0.5054454561685413,0.42505660179817045,0.977728285077951,0.5,0.43682467915161727,0.3231860278672539,0.16826928015357698,0.2674628811933129,0.7753768499962962,0.0
2021-09-29 19:30:00,0.24267782426778242,-0.0916334661354582,0.5699180938198063,0.5297268344938404,0.499142793576841,0.016035634743875277,0.5,0.43682467915161727,0.3231860278672539,0.16826928015357698,0.2674628811933129,0.7753768499962962,0.07647449341400486
2021-09-29 19:40:00,0.23082287308228733,0.01195219123505975,0.5577066269545792,0.5247277271915729,0.5093114865660704,0.00033407572383073496,0.5,0.43682467915161727,0.3231860278672539,0.16826928015357698,0.2674628811933129,0.7753768499962962,0.08144605217496266
2021-09-29 19:50:00,0.16387726638772665,0.01195219123505975,0.5443037974683544,0.48901981788966253,0.4998625852298753,0.00033407572383073496,0.5,0.43682467915161727,0.3231860278672539,0.16826928015357698,0.2674628811933129,0.7753768499962962,0.045008072181903225
2021-09-29 20:00:00,0.09344490934449094,0.02179517225216765,0.5365599404318686,0.4818782360292806,0.49551766106974127,0.8345211581291759,0.5,0.4350088369010576,0.3312490840701499,0.1610350416590737,0.20237341925236285,0.7330873728763971,0.0
2021-09-29 20:10:00,0.10669456066945607,0.03163815326927577,0.5457930007446015,0.49009105516871987,0.49551766106974127,0.9993318485523385,0.5,0.4350088369010576,0.3312490840701499,0.1610350416590737,0.20237341925236285,0.7330873728763971,0.0
2021-09-29 20:20:00,0.08647140864714087,0.04148113428638389,0.5472822040208485,0.48901981788966253,0.49551766106974127,0.9993318485523385,0.5,0.4350088369010576,0.3312490840701499,0.1610350416590737,0.20237341925236285,0.7330873728763971,0.0
2021-09-29 20:30:00,0.0502092050209205,0.05132411530349179,0.5463886820551005,0.48223531512229956,0.49551766106974127,0.9993318485523385,0.5,0.4350088369010576,0.3312490840701499,0.1610350416590737,0.20237341925236285,0.7330873728763971,0.0
2021-09-29 20:40:00,0.02510460251046025,0.06116709632059991,0.5425167535368576,0.47616497054097473,0.49551766106974127,0.9993318485523385,0.5,0.4350088369010576,0.3312490840701499,0.1610350416590737,0.20237341925236285,0.7330873728763971,0.0
2021-09-29 20:50:00,0.018131101813110184,0.07101007733770803,0.5368577810871182,0.4675950723085165,0.49551766106974127,0.9993318485523385,0.5,0.4350088369010576,0.3312490840701499,0.1610350416590737,0.20237341925236285,0.7330873728763971,0.0
2021-09-29 21:00:00,0.06694560669456066,0.08085305835481593,0.5300074460163811,0.4618818068202106,0.49551766106974127,0.9993318485523385,0.5,0.43090483929981205,0.3326628487358027,0.1976169850779089,0.11608013692739007,0.7885482898801992,0.0
2021-09-29 21:10:00,0.056485355648535567,0.09069603937192405,0.5261355174981384,0.4565256204249242,0.49551766106974127,0.9993318485523385,0.5,0.43090483929981205,0.3326628487358027,0.1976169850779089,0.11608013692739007,0.7885482898801992,0.0
2021-09-29 21:20:00,0.0599721059972106,0.10053902038903217,0.5261355174981384,0.4497411176575612,0.49551766106974127,0.9993318485523385,0.5,0.43090483929981205,0.3326628487358027,0.1976169850779089,0.11608013692739007,0.7885482898801992,0.0
2021-09-29 21:30:00,0.039051603905160395,0.11038200140614007,0.5237527922561427,0.44724156400642756,0.49551766106974127,0.9993318485523385,0.5,0.43090483929981205,0.3326628487358027,0.1976169850779089,0.11608013692739007,0.7885482898801992,0.0
2021-09-29 21:40:00,0.060669456066945605,0.1202249824232482,0.5177959791511539,0.44402785216925555,0.49551766106974127,0.9993318485523385,0.5,0.43090483929981205,0.3326628487358027,0.1976169850779089,0.11608013692739007,0.7885482898801992,0.0
2021-09-29 21:50:00,0.055788005578800565,0.1300679634403561,0.5154132539091583,0.4433136939832174,0.49551766106974127,0.9993318485523385,0.5,0.43090483929981205,0.3326628487358027,0.1976169850779089,0.11608013692739007,0.7885482898801992,0.0
2021-09-29 22:00:00,0.06624825662482565,0.13991094445746421,0.5145197319434103,0.439385823960007,0.49551766106974127,0.9993318485523385,0.5,0.31605814510795227,0.3524124514736775,0.22864294811387453,0.12364487262195274,0.00814933830208592,0.0
2021-09-29 22:10:00,0.07043235704323571,0.14975392547457234,0.5142218912881606,0.4365291912158542,0.49551766106974127,0.9993318485523385,0.5,0.31605814510795227,0.3524124514736775,0.22864294811387453,0.12364487262195274,0.00814933830208592,0.0
2021-09-29 22:20:00,0.08786610878661089,0.15959690649168023,0.5130305286671628,0.4322442420996251,0.49551766106974127,0.9993318485523385,0.5,0.31605814510795227,0.3524124514736775,0.22864294811387453,0.12364487262195274,0.00814933830208592,0.0
2021-09-29 22:30:00,0.4344490934449094,0.16943988750878836,0.5079672375279223,0.42831637207641493,0.5704676028320529,0.8702672605790647,0.5,0.31605814510795227,0.3524124514736775,0.22864294811387453,0.12364487262195274,0.00814933830208592,0.010222249045671953
2021-09-29 22:40:00,0.5111576011157601,0.17928286852589648,0.510349962769918,0.4447420103552937,0.6561620709060214,0.00623608017817372,0.5,0.31605814510795227,0.3524124514736775,0.22864294811387453,0.12364487262195274,0.00814933830208592,0.4947266774295759
2021-09-29 22:50:00,0.4379358437935844,0.07569721115537842,0.4918838421444527,0.4240314229601856,0.6725209721113452,0.003006681514476615,0.5,0.31605814510795227,0.3524124514736775,0.22864294811387453,0.12364487262195274,0.00814933830208592,0.3423359536490789
2021-09-29 23:00:00,0.3200836820083682,-0.13147410358565736,0.46746090841399823,0.38975183003035174,0.6725471463532737,0.0010022271714922048,0.5,0.2620385474996354,0.3480677112816712,0.2181130641754286,0.31260693128582584,0.06788589627770564,0.19128807882070703
2021-09-29 23:10:00,0.32914923291492326,-0.2749003984063746,0.45465376023827253,0.37689698268166416,0.6642891730248263,0.0010022271714922048,0.5,0.2620385474996354,0.3480677112816712,0.2181130641754286,0.31260693128582584,0.06788589627770564,0.1846794513933944
2021-09-29 23:20:00,0.28661087866108786,-0.3545816733067729,0.4469099032017869,0.36582753079807184,0.6529688133907422,0.000556792873051225,0.5,0.2620385474996354,0.3480677112816712,0.2181130641754286,0.31260693128582584,0.06788589627770564,0.12683887321393544
2021-09-29 23:30:00,0.2796373779637378,-0.3705179282868527,0.4460163812360385,0.359757186216747,0.6462682074570416,0.00044543429844097997,0.5,0.2620385474996354,0.3480677112816712,0.2181130641754286,0.31260693128582584,0.06788589627770564,0.1294114096896359
2021-09-29 23:40:00,0.3117154811715481,-0.019920318725099695,0.4460163812360385,0.3586859489376897,0.6336260486055673,0.0036748329621380848,0.5,0.2620385474996354,0.3480677112816712,0.2181130641754286,0.31260693128582584,0.06788589627770564,0.15153069692351798
2021-09-29 23:50:00,0.298465829846583,-0.059760956175298974,0.4460163812360385,0.3540439207284414,0.6336260486055673,0.00022271714922048998,0.5,0.2620385474996354,0.3480677112816712,0.2181130641754286,0.31260693128582584,0.06788589627770564,0.13560511187893237
2021-09-30 00:00:00,0.2635983263598326,0.17131474103585642,0.4460163812360385,0.3511872879842888,0.635680726596956,0.00011135857461024499,0.5,0.216805020840678,0.35635777441258276,0.239719908181502,0.448591095388626,0.10844337508915877,0.11744647464429592
2021-09-30 00:10:00,0.24616457461645744,0.25099601593625476,0.4454206999255397,0.34975897161221203,0.6564238133253066,0.00011135857461024499,0.5,0.216805020840678,0.35635777441258276,0.239719908181502,0.448591095388626,0.10844337508915877,0.10277320940899558
2021-09-30 00:20:00,0.3270571827057183,-0.17131474103585675,0.4424422933730452,0.3472594179610784,0.6613053094449752,0.00044543429844097997,0.5,0.216805020840678,0.35635777441258276,0.239719908181502,0.448591095388626,0.10844337508915877,0.1730389124432307
2021-09-30 00:30:00,0.33751743375174337,0.019920318725099362,0.43559195830230824,0.34154615247277276,0.661396919291725,0.00044543429844097997,0.5,0.216805020840678,0.35635777441258276,0.239719908181502,0.448591095388626,0.10844337508915877,0.19208775291579283
2021-09-30 00:40:00,0.2824267782426778,0.10756972111553775,0.4275502606105732,0.3333333333333335,0.661396919291725,0.00044543429844097997,0.5,0.216805020840678,0.35635777441258276,0.239719908181502,0.448591095388626,0.10844337508915877,0.13131252168927382
2021-09-30 00:50:00,0.29567642956764295,-0.19521912350597614,0.4209977661950852,0.32583467237993236,0.661396919291725,0.00044543429844097997,0.5,0.216805020840678,0.35635777441258276,0.239719908181502,0.448591095388626,0.10844337508915877,0.14293042835372755
2021-09-30 01:00:00,0.31311018131101814,-0.5139442231075697,0.4162323157110943,0.32440635600785583,0.661396919291725,0.00044543429844097997,0.5,0.1722962568161206,0.3510877654759819,0.25681014036167643,0.5268615531770797,0.13962595799229222,0.15422393892300498
2021-09-30 01:10:00,0.29218967921896793,-0.601593625498008,0.4129560685033504,0.32047848598464546,0.6607687374854405,0.00044543429844097997,0.5,0.1722962568161206,0.3510877654759819,0.25681014036167643,0.5268615531770797,0.13962595799229222,0.1355296709265658
2021-09-30 01:20:00,0.2796373779637378,-0.09960159362549814,0.40967982129560676,0.315122299589359,0.6475114839486461,0.000556792873051225,0.5,0.1722962568161206,0.3510877654759819,0.25681014036167643,0.5268615531770797,0.13962595799229222,0.13148603587971694
2021-09-30 01:30:00,0.28591352859135283,-0.4183266932270917,0.40491437081161563,0.3086948759150152,0.6422504613210139,0.00044543429844097997,0.5,0.1722962568161206,0.3510877654759819,0.25681014036167643,0.5268615531770797,0.13962595799229222,0.12370052959548562
2021-09-30 01:40:00,0.28172942817294283,-0.23505976095617542,0.40282948622486936,0.3058382431708624,0.6336260486055673,0.00033407572383073496,0.5,0.1722962568161206,0.3510877654759819,0.25681014036167643,0.5268615531770797,0.13962595799229222,0.1310409342607541
2021-09-30 01:50:00,0.303347280334728,-0.15537848605577698,0.39806403574087845,0.30298161042670957,0.6220570336731623,0.00033407572383073496,0.5,0.1722962568161206,0.3510877654759819,0.25681014036167643,0.5268615531770797,0.13962595799229222,0.14990871644763645
2021-09-30 02:00:00,0.3103207810320781,-0.3705179282868527,0.3959791511541324,0.2976254240314231,0.6197537003834527,0.00044543429844097997,0.5,0.1921566541247932,0.35776866557281906,0.26093350159031253,0.5387636268893137,0.15874029328274278,0.1617378577787166
2021-09-30 02:10:00,0.3326359832635983,-0.21115537848605592,0.3953834698436334,0.29726834493840393,0.6197537003834527,0.00044543429844097997,0.5,0.1921566541247932,0.35776866557281906,0.26093350159031253,0.5387636268893137,0.15874029328274278,0.1832837937746126
2021-09-30 02:20:00,0.398884239888424,-0.01195219123505975,0.3921072226358895,0.29726834493840393,0.6197537003834527,0.0010022271714922048,0.5,0.1921566541247932,0.35776866557281906,0.26093350159031253,0.5387636268893137,0.15874029328274278,0.27649863451876217
2021-09-30 02:30:00,0.4686192468619247,0.019920318725099362,0.3876396128071482,0.2911980003570791,0.6197537003834527,0.0020044543429844097,0.5,0.1921566541247932,0.35776866557281906,0.26093350159031253,0.5387636268893137,0.15874029328274278,0.39773224497186055
2021-09-30 02:40:00,0.4456066945606694,0.043824701195219085,0.3828741623231571,0.29226923763613644,0.6209053670283075,0.0012249443207126948,0.5,0.1921566541247932,0.35776866557281906,0.26093350159031253,0.5387636268893137,0.15874029328274278,0.3660319567874225
2021-09-30 02:50:00,0.3891213389121339,-0.14741035856573714,0.3804914370811614,0.29476879128727007,0.6250278101320491,0.000556792873051225,0.5,0.1921566541247932,0.35776866557281906,0.26093350159031253,0.5387636268893137,0.15874029328274278,0.2537607314754742
2021-09-30 03:00:00,0.37377963737796377,0.31474103585657365,0.3781087118391657,0.29369755400821274,0.6219654238264124,0.00044543429844097997,0.5,0.18650550676183864,0.357530164623125,0.2788676817630004,0.5048098403530469,0.16601986615493783,0.2347722437648053
2021-09-30 03:10:00,0.3688981868898187,-0.17131474103585675,0.37155621742367817,0.2897696839850026,0.6267029616154742,0.000556792873051225,0.5,0.18650550676183864,0.357530164623125,0.2788676817630004,0.5048098403530469,0.16601986615493783,0.23853674728789775
2021-09-30 03:20:00,0.4198047419804742,-0.33864541832669326,0.36321667907669375,0.2865559721478308,0.6197144390205598,0.0008908685968819599,0.5,0.18650550676183864,0.357530164623125,0.2788676817630004,0.5048098403530469,0.16601986615493783,0.3174555275585799
2021-09-30 03:30:00,0.4351464435146444,-0.3227091633466136,0.3590469099032014,0.2844134975897161,0.6197144390205598,0.00111358574610245,0.5,0.18650550676183864,0.357530164623125,0.2788676817630004,0.5048098403530469,0.16601986615493783,0.34032168022089115
2021-09-30 03:40:00,0.4470013947001395,-0.38645418326693237,0.35577066269545776,0.27905731119442967,0.6197144390205598,0.0016703786191536749,0.5,0.18650550676183864,0.357530164623125,0.2788676817630004,0.5048098403530469,0.16601986615493783,0.35815592136035124
2021-09-30 03:50:00,0.4874476987447699,-0.3067729083665339,0.35130305286671604,0.2754865202642385,0.614623548965463,0.00155902004454343,0.5,0.18650550676183864,0.357530164623125,0.2788676817630004,0.5048098403530469,0.16601986615493783,0.40689077658916367
2021-09-30 04:00:00,0.4490934449093445,-0.3466135458167332,0.3447505584512285,0.2719157293340475,0.6084726021122614,0.00111358574610245,0.5,0.11421335237572361,0.3605760803662008,0.32170714129642336,0.47263187699473097,0.17274105350857075,0.3536671846945396
2021-09-30 04:10:00,0.4337517433751743,-0.2509960159362551,0.3376023827252417,0.2719157293340475,0.6024394393477379,0.0008908685968819599,0.5,0.11421335237572361,0.3605760803662008,0.32170714129642336,0.47263187699473097,0.17274105350857075,0.30521146098948354
2021-09-30 04:20:00,0.402370990237099,0.22709163346613526,0.3373045420699925,0.26834493840385654,0.5978327727683188,0.0006681514476614699,0.5,0.11421335237572361,0.3605760803662008,0.32170714129642336,0.47263187699473097,0.17274105350857075,0.2753745643285001
2021-09-30 04:30:00,0.42677824267782427,0.01195219123505975,0.33670886075949347,0.26156043563649356,0.6084202536284042,0.0006681514476614699,0.5,0.11421335237572361,0.3605760803662008,0.32170714129642336,0.47263187699473097,0.17274105350857075,0.3161202227016914
2021-09-30 04:40:00,0.46443514644351463,0.043824701195219085,0.33670886075949347,0.2597750401713981,0.6084202536284042,0.00111358574610245,0.5,0.11421335237572361,0.3605760803662008,0.32170714129642336,0.47263187699473097,0.17274105350857075,0.3952879581151833
2021-09-30 04:50:00,0.46373779637377965,-0.043824701195219196,0.3384959046909901,0.2562042492412069,0.6084202536284042,0.00111358574610245,0.5,0.11421335237572361,0.3605760803662008,0.32170714129642336,0.47263187699473097,0.17274105350857075,0.37916622659444454
2021-09-30 05:00:00,0.42747559274755925,0.20318725099601576,0.3370067014147431,0.25549009105516873,0.6084202536284042,0.000779510022271715,0.5,0.11045949550783907,0.3620875442160644,0.33456304988981755,0.44880011893410804,0.1786524882591406,0.32108423736741254
2021-09-30 05:10:00,0.3933054393305439,0.027888446215139417,0.3331347728965002,0.2540617746830922,0.6084202536284042,0.0006681514476614699,0.5,0.11045949550783907,0.3620875442160644,0.33456304988981755,0.44880011893410804,0.1786524882591406,0.26989000709144956
2021-09-30 05:20:00,0.42329149232914925,0.19521912350597592,0.3334326135517496,0.2540617746830922,0.6084202536284042,0.0008908685968819599,0.5,0.11045949550783907,0.3620875442160644,0.33456304988981755,0.44880011893410804,0.1786524882591406,0.3312989423178478
2021-09-30 05:30:00,0.4205020920502092,0.3784860557768923,0.3379002233804913,0.2540617746830922,0.6084202536284042,0.0013363028953229399,0.5,0.11045949550783907,0.3620875442160644,0.33456304988981755,0.44880011893410804,0.1786524882591406,0.3453686799342155
2021-09-30 05:40:00,0.3898186889818689,0.07569721115537842,0.3384959046909901,0.2547759328691306,0.6156574315216397,0.0008908685968819599,0.5,0.11045949550783907,0.3620875442160644,0.33456304988981755,0.44880011893410804,0.1786524882591406,0.2747785808048041
2021-09-30 05:50:00,0.3814504881450488,-0.01195219123505975,0.3384959046909901,0.2612033565434744,0.6196882647786314,0.000556792873051225,0.5,0.11045949550783907,0.3620875442160644,0.33456304988981755,0.44880011893410804,0.1786524882591406,0.23975134662099976
2021-09-30 06:00:00,0.3410041841004184,0.4501992031872508,0.3384959046909901,0.25513301196214955,0.6196882647786314,0.00044543429844097997,0.5,0.10527248973808812,0.3899116971785054,0.3509286661677799,0.4615448594977151,0.17918952515786435,0.20040134586659022
2021-09-30 06:10:00,0.3284518828451883,0.31474103585657365,0.3384959046909901,0.24692019282271027,0.6196882647786314,0.00033407572383073496,0.5,0.10527248973808812,0.3899116971785054,0.3509286661677799,0.4615448594977151,0.17918952515786435,0.18065090453701887
2021-09-30 06:20:00,0.31729428172942814,0.1394422310756971,0.3384959046909901,0.24692019282271027,0.6196882647786314,0.00033407572383073496,0.5,0.10527248973808812,0.3899116971785054,0.3509286661677799,0.4615448594977151,0.17918952515786435,0.16974214282481104
2021-09-30 06:30:00,0.28103207810320785,0.14741035856573692,0.34028294862248676,0.24370648098553827,0.6196882647786314,0.00044543429844097997,0.5,0.10527248973808812,0.3899116971785054,0.3509286661677799,0.4615448594977151,0.17918952515786435,0.14356413235360685
2021-09-30 06:40:00,0.2824267782426778,-0.043824701195219196,0.3381980640357407,0.24370648098553827,0.6196882647786314,0.00044543429844097997,0.5,0.10527248973808812,0.3899116971785054,0.3509286661677799,0.4615448594977151,0.17918952515786435,0.1568568281605987
2021-09-30 06:50:00,0.300557880055788,-0.059760956175298974,0.33581533879374503,0.2433494018925193,0.6196882647786314,0.0006681514476614699,0.5,0.10527248973808812,0.3899116971785054,0.3509286661677799,0.4615448594977151,0.17918952515786435,0.16004798044570515
2021-09-30 07:00:00,0.28521617852161785,0.08366533864541825,0.3307520476545047,0.23620782003213714,0.6196882647786314,0.001893095768374165,0.5,0.11240561492590784,0.39840290568867986,0.3540541270578604,0.4608641226084151,0.18403451786258923,0.13825308930699942
2021-09-30 07:10:00,0.2719665271966527,0.593625498007968,0.33164556962025293,0.23263702910194617,0.6196882647786314,0.0035634743875278397,0.5,0.11240561492590784,0.39840290568867986,0.3540541270578604,0.4608641226084151,0.18403451786258923,0.13385488178402766
2021-09-30 07:20:00,0.2670850767085077,0.4262948207171313,0.3301563663440057,0.22978039635779313,0.6196882647786314,0.0016703786191536749,0.5,0.11240561492590784,0.39840290568867986,0.3540541270578604,0.4608641226084151,0.18403451786258923,0.13169727054634336
2021-09-30 07:30:00,0.26778242677824265,0.3306772908366533,0.32866716306775867,0.2258525263345832,0.627448927510437,0.0034521158129175947,0.5,0.11240561492590784,0.39840290568867986,0.3540541270578604,0.4608641226084151,0.18403451786258923,0.13025634835614164
2021-09-30 07:40:00,0.2649930264993026,0.05179282868525892,0.3185405807892776,0.22442420996250667,0.6278808025022575,0.00011135857461024499,0.5,0.11240561492590784,0.39840290568867986,0.3540541270578604,0.4608641226084151,0.18403451786258923,0.10658297750350801
2021-09-30 07:50:00,0.24546722454672246,-0.1394422310756973,0.295309009679821,0.21335475807891435,0.6243472798419076,0.00011135857461024499,0.5,0.11240561492590784,0.39840290568867986,0.3540541270578604,0.4608641226084151,0.18403451786258923,0.06844757608220046
2021-09-30 08:00:00,0.2524407252440725,-0.0916334661354582,0.2720774385703646,0.19657204070701662,0.6195443064480245,0.00011135857461024499,0.5,0.12774673531621894,0.3995293198125332,0.3329008971718802,0.47300047085066965,0.18782432566768847,0.07445267589058044
2021-09-30 08:10:00,0.21617852161785217,0.38645418326693215,0.27058823529411735,0.18478843063738615,0.6238368821243016,0.00011135857461024499,0.5,0.12774673531621894,0.3995293198125332,0.3329008971718802,0.47300047085066965,0.18782432566768847,0.06669734598729574
2021-09-30 08:20:00,0.18549511854951187,-0.3067729083665339,0.2637379002233804,0.18014640242813784,0.6334166546701391,0.00011135857461024499,0.5,0.12774673531621894,0.3995293198125332,0.3329008971718802,0.47300047085066965,0.18782432566768847,0.047278844848137366
2021-09-30 08:30:00,0.19665271966527195,-0.3705179282868527,0.24527177959791513,0.17050526691662204,0.6306683592676446,0.00011135857461024499,0.5,0.12774673531621894,0.3995293198125332,0.3329008971718802,0.47300047085066965,0.18782432566768847,0.05944747046486715
2021-09-30 08:40:00,0.24895397489539747,0.2589641434262948,0.24676098287416215,0.1583645777539724,0.6229862192616246,0.00011135857461024499,0.5,0.12774673531621894,0.3995293198125332,0.3329008971718802,0.47300047085066965,0.18782432566768847,0.0866439337930202
2021-09-30 08:50:00,0.1701534170153417,-0.2270916334661356,0.25003723008190604,0.15443670773076223,0.6307076206305375,0.00011135857461024499,0.5,0.12774673531621894,0.3995293198125332,0.3329008971718802,0.47300047085066965,0.18782432566768847,0.053615884846930306
2021-09-30 09:00:00,0.13528591352859135,-0.043824701195219196,0.24259121370067005,0.15479378682378164,0.6388870712331994,0.00011135857461024499,0.5,0.13149245403027043,0.41175608536610053,0.3228218374428084,0.46866250901705375,0.19721448007751888,0.027173831042443083
2021-09-30 09:10:00,0.13737796373779637,0.4820717131474104,0.23603871928518227,0.15443670773076223,0.6528902906649566,0.00011135857461024499,0.5,0.13149245403027043,0.41175608536610053,0.3228218374428084,0.46866250901705375,0.19721448007751888,0.029474780089623853
2021-09-30 09:20:00,0.1792189679218968,0.4820717131474104,0.2253164556962024,0.14729512587038052,0.6796534530368664,0.00011135857461024499,0.5,0.13149245403027043,0.41175608536610053,0.3228218374428084,0.46866250901705375,0.19721448007751888,0.04595108408648551
2021-09-30 09:30:00,0.21687587168758715,0.4581673306772909,0.22412509307520456,0.13836814854490287,0.6829514075198597,0.00011135857461024499,0.5,0.13149245403027043,0.41175608536610053,0.3228218374428084,0.46866250901705375,0.19721448007751888,0.07246857884333932
2021-09-30 09:40:00,0.22175732217573224,-0.40239043824701204,0.22472077438570337,0.13086948759150152,0.6954496080407271,0.00011135857461024499,0.5,0.13149245403027043,0.41175608536610053,0.3228218374428084,0.46866250901705375,0.19721448007751888,0.08489370369811548
2021-09-30 09:50:00,0.3193863319386332,-0.6095617529880479,0.23663440059568108,0.1344402785216927,0.6954496080407271,0.00044543429844097997,0.5,0.13149245403027043,0.41175608536610053,0.3228218374428084,0.46866250901705375,0.19721448007751888,0.15417867435158503
2021-09-30 10:00:00,0.28172942817294283,-0.26693227091633476,0.2571854058078924,0.14301017675415095,0.6863278847286386,0.00033407572383073496,0.5,0.39639546491371713,0.4131698500317533,0.20088967716548117,0.5577475213877227,0.23447312571426845,0.12807610483274742
2021-09-30 10:10:00,0.3563458856345886,0.346613545816733,0.27833209233060296,0.15122299589359045,0.6815772598186124,0.00044543429844097997,0.5,0.39639546491371713,0.4131698500317533,0.20088967716548117,0.5577475213877227,0.23447312571426845,0.20117838767596605
2021-09-30 10:20:00,0.3458856345885635,-0.059760956175298974,0.2947133283693222,0.16229244777718255,0.6816426954234338,0.00044543429844097997,0.5,0.39639546491371713,0.4131698500317533,0.20088967716548117,0.5577475213877227,0.23447312571426845,0.19699895891485733
2021-09-30 10:30:00,0.299163179916318,0.11553784860557759,0.30871183916604594,0.17657561149794687,0.6713300441035976,0.000556792873051225,0.5,0.39639546491371713,0.4131698500317533,0.20088967716548117,0.5577475213877227,0.23447312571426845,0.1543446444467915
2021-09-30 10:40:00,0.2873082287308229,0.08366533864541825,0.32390171258376776,0.1919300124977683,0.670741123660206,0.00044543429844097997,0.5,0.39639546491371713,0.4131698500317533,0.20088967716548117,0.5577475213877227,0.23447312571426845,0.139211189402055
2021-09-30 10:50:00,0.29428172942817293,-0.1872509960159363,0.33879374534623974,0.20692733440457056,0.670741123660206,0.000556792873051225,0.5,0.39639546491371713,0.4131698500317533,0.20088967716548117,0.5577475213877227,0.23447312571426845,0.1405012296875236
2021-09-30 11:00:00,0.3396094839609484,-0.10756972111553798,0.3524944154877139,0.22049633993929652,0.670741123660206,0.00044543429844097997,0.5,0.4115981366295969,0.4171525285410938,0.18557649129921958,0.5546871798126227,0.27503864474900996,0.1837590717745221
2021-09-30 11:10:00,0.3451882845188285,0.03585657370517925,0.3650037230081904,0.23299410819496535,0.6620905367028307,0.0006681514476614699,0.5,0.4115981366295969,0.4171525285410938,0.18557649129921958,0.5546871798126227,0.27503864474900996,0.20207613500912838
2021-09-30 11:20:00,0.3856345885634589,0.09960159362549792,0.3810871183916602,0.2433494018925193,0.6674693434191412,0.0012249443207126948,0.5,0.4115981366295969,0.4171525285410938,0.18557649129921958,0.5546871798126227,0.27503864474900996,0.26629147366356354
2021-09-30 11:30:00,0.42538354253835425,-0.059760956175298974,0.3915115413253907,0.2594179610783791,0.6801769378754368,0.001893095768374165,0.5,0.4115981366295969,0.4171525285410938,0.18557649129921958,0.5546871798126227,0.27503864474900996,0.31956787422484423
2021-09-30 11:40:00,0.44142259414225943,0.01195219123505975,0.3989575577066269,0.2772719157293342,0.6838544188663935,0.00155902004454343,0.5,0.4115981366295969,0.4171525285410938,0.18557649129921958,0.5546871798126227,0.27503864474900996,0.37368166935739394
2021-09-30 11:50:00,0.4560669456066946,-0.10756972111553798,0.40610573343261325,0.2879842885199073,0.6926358770334115,0.00155902004454343,0.5,0.4115981366295969,0.4171525285410938,0.18557649129921958,0.5546871798126227,0.27503864474900996,0.3844169168791587
2021-09-30 12:00:00,0.41631799163179917,-0.1394422310756973,0.41355174981384923,0.3022674522406714,0.6835665022051799,0.0014476614699331849,0.5,0.42298998440075986,0.41316410302091616,0.172288526986743,0.4917260151399222,0.29531761979010374,0.2886069073735987
2021-09-30 12:10:00,0.4288702928870293,-0.059760956175298974,0.4195085629188382,0.32047848598464546,0.6753347031186608,0.0010022271714922048,0.5,0.42298998440075986,0.41316410302091616,0.172288526986743,0.4917260151399222,0.29531761979010374,0.30865911251263634
2021-09-30 12:20:00,0.3807531380753138,-0.059760956175298974,0.42814594192107225,0.3329762542403143,0.6860661423093534,0.000779510022271715,0.5,0.42298998440075986,0.41316410302091616,0.172288526986743,0.4917260151399222,0.29531761979010374,0.24266336738234986
2021-09-30 12:30:00,0.3633193863319386,0.01195219123505975,0.43618763961280704,0.35154436707730774,0.6766303280941225,0.0006681514476614699,0.5,0.42298998440075986,0.41316410302091616,0.172288526986743,0.4917260151399222,0.29531761979010374,0.21884665872021966
2021-09-30 12:40:00,0.399581589958159,-0.01195219123505975,0.4457185405807891,0.3604713444027854,0.6930154035413749,0.0016703786191536749,0.5,0.42298998440075986,0.41316410302091616,0.172288526986743,0.4917260151399222,0.29531761979010374,0.27191182461487395
2021-09-30 12:50:00,0.3103207810320781,-0.003984063745020028,0.4537602382725241,0.3615425816818427,0.6987999110075774,0.000556792873051225,0.5,0.42298998440075986,0.41316410302091616,0.172288526986743,0.4917260151399222,0.29531761979010374,0.1592633945410927
2021-09-30 13:00:00,0.33821478382147835,0.1394422310756971,0.4618019359642589,0.3654704517050529,0.6932640588396959,0.0006681514476614699,0.5,0.5669961840730324,0.40545448798443645,0.12450965733936105,0.3852410040765184,0.310094192234224,0.19631999034355813
2021-09-30 13:10:00,0.3270571827057183,0.15537848605577675,0.47163067758749055,0.36904124263524385,0.6897305361793459,0.00155902004454343,0.5,0.5669961840730324,0.40545448798443645,0.12450965733936105,0.3852410040765184,0.310094192234224,0.17582268358555758
2021-09-30 13:20:00,0.2838214783821479,-0.043824701195219196,0.4778853313477287,0.3861810391001608,0.6937351951944092,0.0010022271714922048,0.5,0.5669961840730324,0.40545448798443645,0.12450965733936105,0.3852410040765184,0.310094192234224,0.13587669930745208
2021-09-30 13:30:00,0.28103207810320785,-0.003984063745020028,0.4859270290394637,0.3951080164256384,0.6991663503945766,0.0023385300668151447,0.5,0.5669961840730324,0.40545448798443645,0.12450965733936105,0.3852410040765184,0.310094192234224,0.13169727054634336
2021-09-30 13:40:00,0.27475592747559274,0.08366533864541825,0.4933730454206997,0.41010533833244045,0.683527240842287,0.0013363028953229399,0.5,0.5669961840730324,0.40545448798443645,0.12450965733936105,0.3852410040765184,0.310094192234224,0.12903420492780301
2021-09-30 13:50:00,0.15481171548117156,0.01195219123505975,0.5020104244229335,0.41688984109980365,0.669170669144495,0.00623608017817372,0.5,0.5669961840730324,0.40545448798443645,0.12450965733936105,0.3852410040765184,0.310094192234224,0.025355704090408437
2021-09-30 14:00:00,0.13389121338912133,0.33864541832669315,0.5130305286671628,0.41867523656489913,0.7184436795749304,0.26146993318485523,0.5,0.5680629159338713,0.39512998301758434,0.12088695827067131,0.2611659926408013,0.3251062536070082,0.0
2021-09-30 14:10:00,0.17433751743375175,0.4332669322709164,0.5282204020848844,0.4258168184252813,0.7192943424376071,0.9993318485523385,0.5,0.5680629159338713,0.39512998301758434,0.12088695827067131,0.2611659926408013,0.3251062536070082,0.0
2021-09-30 14:20:00,0.12622036262203626,0.5278884462151392,0.54132539091586,0.4515265131226567,0.7192943424376071,0.9993318485523385,0.5,0.5680629159338713,0.39512998301758434,0.12088695827067131,0.2611659926408013,0.3251062536070082,0.0
2021-09-30 14:30:00,0.18479776847977683,0.6225099601593622,0.5532390171258375,0.4643813604713445,0.7101726191255185,0.9963251670378619,0.5,0.5680629159338713,0.39512998301758434,0.12088695827067131,0.2611659926408013,0.3251062536070082,0.0
2021-09-30 14:40:00,0.16248256624825663,0.7171314741035852,0.5615785554728219,0.47795036600607044,0.6910785096386647,0.679955456570156,0.5,0.5680629159338713,0.39512998301758434,0.12088695827067131,0.2611659926408013,0.3251062536070082,0.0
2021-09-30 14:50:00,0.1701534170153417,0.6334661354581672,0.5711094564408041,0.4933047670058919,0.7075421078117025,0.9993318485523385,0.5,0.5680629159338713,0.39512998301758434,0.12088695827067131,0.2611659926408013,0.3251062536070082,0.0
2021-09-30 15:00:00,0.0885634588563459,0.394422310756972,0.581831720029784,0.5015175861453312,0.7593801939511327,0.784521158129176,0.5,0.56544092951058,0.37961880077124716,0.12084764589235737,0.15456726625927153,0.3624475791925669,0.0
2021-09-30 15:10:00,0.08716875871687588,0.6653386454183265,0.5877885331347725,0.5083020889126941,0.7629398908534112,0.9993318485523385,0.5,0.56544092951058,0.37961880077124716,0.12084764589235737,0.15456726625927153,0.3624475791925669,0.0
2021-09-30 15:20:00,0.1297071129707113,0.298804780876494,0.5964259121370066,0.5104445634708088,0.7629398908534112,0.9993318485523385,0.5,0.56544092951058,0.37961880077124716,0.12084764589235737,0.15456726625927153,0.3624475791925669,0.0
2021-09-30 15:30:00,0.08437935843793584,-0.06772908366533859,0.6008935219657481,0.5115158007498661,0.7629398908534112,0.9993318485523385,0.5,0.56544092951058,0.37961880077124716,0.12084764589235737,0.15456726625927153,0.3624475791925669,0.0
2021-09-30 15:40:00,0.15271966527196654,-0.43426294820717126,0.6110201042442291,0.5093733261917515,0.7629398908534112,0.9993318485523385,0.5,0.56544092951058,0.37961880077124716,0.12084764589235737,0.15456726625927153,0.3624475791925669,0.0
2021-09-30 15:50:00,0.055090655509065556,-0.8007968127490039,0.6065524944154874,0.5079450098196749,0.7629398908534112,0.9993318485523385,0.5,0.56544092951058,0.37961880077124716,0.12084764589235737,0.15456726625927153,0.3624475791925669,0.0
2021-09-30 16:00:00,0.09483960948396096,-0.6952191235059761,0.6092330603127325,0.5140153544009998,0.7629398908534112,0.9993318485523385,0.5,0.5730626107531027,0.36637194079429514,0.1293268186381761,0.1364970360993754,0.41572019555686995,0.0
2021-09-30 16:10:00,0.22175732217573224,-0.5896414342629481,0.627103499627699,0.5108016425638278,0.7578359136773501,0.9993318485523385,0.5,0.5730626107531027,0.36637194079429514,0.1293268186381761,0.1364970360993754,0.41572019555686995,0.0
2021-09-30 16:20:00,0.2377963737796374,-0.48406374501992033,0.6327624720774385,0.5179432244242099,0.5838426404575258,0.9993318485523385,0.5,0.5730626107531027,0.36637194079429514,0.1293268186381761,0.1364970360993754,0.41572019555686995,0.0
2021-09-30 16:30:00,0.1631799163179916,-0.3784860557768924,0.6285927029039462,0.5547223710051776,0.3944850872256612,0.42884187082405345,0.5,0.5730626107531027,0.36637194079429514,0.1293268186381761,0.1364970360993754,0.41572019555686995,0.0
2021-09-30 16:40:00,0.2175732217573222,0.03585657370517925,0.6300819061801934,0.562221031958579,0.42089489733153607,0.00913140311804009,0.5,0.5730626107531027,0.36637194079429514,0.1293268186381761,0.1364970360993754,0.41572019555686995,0.060533820178945937
2021-09-30 16:50:00,0.24337517433751746,-0.07569721115537853,0.6339538346984361,0.5747188002142476,0.41056915889073564,0.0023385300668151447,0.5,0.5730626107531027,0.36637194079429514,0.1293268186381761,0.1364970360993754,0.41572019555686995,0.08831872293555834
2021-09-30 17:00:00,0.31450488145048816,0.043824701195219085,0.627699180938198,0.5854311730048205,0.4151627383491906,0.02249443207126949,0.5,0.5715073228375607,0.35718534397296653,0.12480551468970424,0.16520360837917944,0.48358206175094826,0.14031262730660712
2021-09-30 17:10:00,0.4281729428172943,0.08366533864541825,0.5883842144452716,0.5407962863774327,0.3960293674994438,0.04799554565701559,0.5,0.5715073228375607,0.35718534397296653,0.12480551468970424,0.16520360837917944,0.48358206175094826,0.22838239509935576
2021-09-30 17:20:00,0.21199442119944212,-0.003984063745020028,0.5708116157855547,0.5004463488662738,0.40892018164923905,0.000779510022271715,0.5,0.5715073228375607,0.35718534397296653,0.12480551468970424,0.16520360837917944,0.48358206175094826,0.08240415227001827
2021-09-30 17:30:00,0.2649930264993026,0.2111553784860556,0.5651526433358152,0.4933047670058919,0.424781772257921,0.00111358574610245,0.5,0.5715073228375607,0.35718534397296653,0.12480551468970424,0.16520360837917944,0.48358206175094826,0.11846492750124478
2021-09-30 17:40:00,0.25871687587168757,-0.40239043824701204,0.5639612807148173,0.48402071058739504,0.40647289002892256,0.0008908685968819599,0.5,0.5715073228375607,0.35718534397296653,0.12480551468970424,0.16520360837917944,0.48358206175094826,0.09764322464806796
2021-09-30 17:50:00,0.32984658298465835,0.14741035856573692,0.5588979895755768,0.4861631851455097,0.4026907120702517,0.011247216035634744,0.5,0.5715073228375607,0.35718534397296653,0.12480551468970424,0.16520360837917944,0.48358206175094826,0.16133802073117373
2021-09-30 18:00:00,0.2196652719665272,0.17928286852589648,0.5559195830230825,0.48223531512229956,0.40852756802031115,0.00011135857461024499,0.5,0.3985044474677166,0.36788053113874225,0.21537032831035272,0.14679581242597844,0.70371018758709,0.08140833169877937
2021-09-30 18:10:00,0.37099023709902373,-0.12350597609561753,0.5559195830230825,0.4811640778432422,0.41055607176977144,0.02694877505567929,0.5,0.3985044474677166,0.36788053113874225,0.21537032831035272,0.14679581242597844,0.70371018758709,0.18064336044178222
2021-09-30 18:20:00,0.3186889818688982,0.027888446215139417,0.5559195830230825,0.4750937332619174,0.3992095378937588,0.0010022271714922048,0.5,0.3985044474677166,0.36788053113874225,0.21537032831035272,0.14679581242597844,0.70371018758709,0.1648686573019298
2021-09-30 18:30:00,0.33333333333333337,-0.4820717131474104,0.5559195830230825,0.4654525977504018,0.396696810668621,0.004788418708240535,0.5,0.3985044474677166,0.36788053113874225,0.21537032831035272,0.14679581242597844,0.70371018758709,0.16960634911055117
2021-09-30 18:40:00,0.27615062761506276,-0.11553784860557781,0.5541325390915859,0.46973754686663094,0.3788590647943359,0.0016703786191536749,0.5,0.3985044474677166,0.36788053113874225,0.21537032831035272,0.14679581242597844,0.70371018758709,0.11388566169259322
2021-09-30 18:50:00,0.19804741980474197,0.11553784860557759,0.550856291883842,0.4672379932154971,0.38061273900354664,0.00011135857461024499,0.5,0.3985044474677166,0.36788053113874225,0.21537032831035272,0.14679581242597844,0.70371018758709,0.06225387389290402
2021-09-30 19:00:00,0.16108786610878661,0.3784860557768923,0.5460908413998509,0.46473843956436345,0.38061273900354664,0.00011135857461024499,0.5,0.4007274642346481,0.39260991876600204,0.20194312209017068,0.1637435355180955,0.7128127648700089,0.043936810658297756
2021-09-30 19:10:00,0.15620641562064158,0.1872509960159361,0.5443037974683544,0.462595965006249,0.38061273900354664,0.00011135857461024499,0.5,0.4007274642346481,0.39260991876600204,0.20194312209017068,0.1637435355180955,0.7128127648700089,0.03988563151621226
2021-09-30 19:20:00,0.18619246861924685,-0.36254980079681276,0.5389426656738645,0.4633101231922869,0.37362421640863225,0.00011135857461024499,0.5,0.4007274642346481,0.39260991876600204,0.20194312209017068,0.1637435355180955,0.7128127648700089,0.05823287113176517
2021-09-30 19:30:00,0.28870292887029286,0.40239043824701204,0.5365599404318686,0.459382253169077,0.3664262998782898,0.00111358574610245,0.5,0.4007274642346481,0.39260991876600204,0.20194312209017068,0.1637435355180955,0.7128127648700089,0.1442959095915627
2021-09-30 19:40:00,0.4428172942817294,0.19521912350597592,0.527922561429635,0.4500981967505804,0.3839368677284684,0.005679287305122495,0.5,0.4007274642346481,0.39260991876600204,0.20194312209017068,0.1637435355180955,0.7128127648700089,0.32802480498513814
2021-09-30 19:50:00,0.3716875871687587,-0.33067729083665354,0.5234549516008933,0.44402785216925555,0.3845781366557171,0.0020044543429844097,0.5,0.4007274642346481,0.39260991876600204,0.20194312209017068,0.1637435355180955,0.7128127648700089,0.24608084252455603
2021-09-30 20:00:00,0.22175732217573224,-0.08366533864541836,0.5148175725986597,0.43902874486698806,0.37811309889937317,0.00033407572383073496,0.5,0.40646816464285673,0.3849807618812259,0.21702981793169465,0.12766409163033005,0.63546227063451,0.08104621512741977
2021-09-30 20:10:00,0.2782426778242678,0.5059760956175297,0.5073715562174235,0.4304588466345294,0.37811309889937317,0.0013363028953229399,0.5,0.40646816464285673,0.3849807618812259,0.21702981793169465,0.12766409163033005,0.63546227063451,0.11544728940658147
2021-09-30 20:20:00,0.32147838214783825,0.2350597609561753,0.5055845122859268,0.4254597393322621,0.38792843962256746,0.00155902004454343,0.5,0.40646816464285673,0.3849807618812259,0.21702981793169465,0.12766409163033005,0.63546227063451,0.149984157400003
2021-09-30 20:30:00,0.25313807531380755,0.1394422310756971,0.5091586001489203,0.4193893947509373,0.3925612804439152,0.00111358574610245,0.5,0.40646816464285673,0.3849807618812259,0.21702981793169465,0.12766409163033005,0.63546227063451,0.11374986797833336
2021-09-30 20:40:00,0.199442119944212,0.40239043824701204,0.5055845122859268,0.4229601856811285,0.4057792726178168,0.00011135857461024499,0.5,0.40646816464285673,0.3849807618812259,0.21702981793169465,0.12766409163033005,0.63546227063451,0.07344931122410489
2021-09-30 20:50:00,0.15202231520223153,0.2669322709163344,0.5055845122859268,0.42617389751830026,0.4057792726178168,0.00011135857461024499,0.5,0.40646816464285673,0.3849807618812259,0.21702981793169465,0.12766409163033005,0.63546227063451,0.0419753458967666
2021-09-30 21:00:00,0.1492329149232915,0.2005312084993358,0.5023082650781829,0.4318871630066061,0.41232283309994633,0.15256124721603564,0.5,0.3935617530784068,0.3918369458085608,0.21071840581457976,0.09702758651183623,0.5501961416986623,0.016800700092037962
2021-09-30 21:10:00,0.3584379358437936,0.1341301460823372,0.49486224869694695,0.45045527584359935,0.5336273573176636,0.8044543429844098,0.5,0.3935617530784068,0.3918369458085608,0.21071840581457976,0.09702758651183623,0.5501961416986623,0.011165260950254236
2021-09-30 21:20:00,0.49023709902370993,0.06772908366533859,0.49158600148920306,0.46509551865738263,0.609467223305545,0.02238307349665924,0.5,0.3935617530784068,0.3918369458085608,0.21071840581457976,0.09702758651183623,0.5501961416986623,0.395559545543703
2021-09-30 21:30:00,0.5432357043235705,-0.1394422310756973,0.44720774385703654,0.407962863774326,0.6204080564316656,0.005345211581291759,0.5,0.3935617530784068,0.3918369458085608,0.21071840581457976,0.09702758651183623,0.5501961416986623,0.5318436259939345
2021-09-30 21:40:00,0.5481171548117155,-0.13147410358565736,0.42159344750558425,0.37225495447241563,0.6196359162947743,0.0017817371937639199,0.5,0.3935617530784068,0.3918369458085608,0.21071840581457976,0.09702758651183623,0.5501961416986623,0.5749128657000167
2021-09-30 21:50:00,0.5920502092050209,0.019920318725099362,0.4072970960536113,0.3533297625424032,0.6144534163929277,0.000556792873051225,0.5,0.3935617530784068,0.3918369458085608,0.21071840581457976,0.09702758651183623,0.5501961416986623,0.679013835870664
2021-09-30 22:00:00,0.5920502092050209,0.06772908366533859,0.395681310498883,0.34368862703088743,0.6144534163929277,0.000779510022271715,0.5,0.2979973470952626,0.394267931392186,0.2669689661744884,0.05264075856791306,0.3568173407965786,0.6704060232056369
2021-09-30 22:10:00,0.5453277545327755,0.2749003984063745,0.38644825018615014,0.33654704517050527,0.6144534163929277,0.0012249443207126948,0.5,0.2979973470952626,0.394267931392186,0.2669689661744884,0.05264075856791306,0.3568173407965786,0.5578028577032756
2021-09-30 22:20:00,0.6520223152022315,-0.09960159362549814,0.37751303052866714,0.3311908587752188,0.6144534163929277,0.0010022271714922048,0.5,0.2979973470952626,0.394267931392186,0.2669689661744884,0.05264075856791306,0.3568173407965786,0.8125141451785688
2021-09-30 22:30:00,0.6269177126917713,-0.15537848605577698,0.3697691734921815,0.32547759328691295,0.6144534163929277,0.00022271714922048998,0.5,0.2979973470952626,0.394267931392186,0.2669689661744884,0.05264075856791306,0.3568173407965786,0.7115666068168445
2021-09-30 22:40:00,0.5843793584379359,-0.19521912350597614,0.3617274758004465,0.32547759328691295,0.6144534163929277,0.000779510022271715,0.5,0.2979973470952626,0.394267931392186,0.2669689661744884,0.05264075856791306,0.3568173407965786,0.6283250599755571
2021-09-30 22:50:00,0.4916317991631799,-0.08366533864541836,0.3545793000744599,0.32547759328691295,0.6231694389551242,0.0013363028953229399,0.5,0.2979973470952626,0.394267931392186,0.2669689661744884,0.05264075856791306,0.3568173407965786,0.4172261870633855
2021-09-30 23:00:00,0.48535564853556484,0.03585657370517925,0.35070737155621723,0.3311908587752188,0.6175027155776002,0.0012249443207126948,0.5,0.2322520039369984,0.4067763004767156,0.27159831575626175,0.18305597308064012,0.18567412126502508,0.4218356292529837
2021-09-30 23:10:00,0.43584379358437936,0.22709163346613526,0.34772896500372297,0.325120514193894,0.6144534163929277,0.00111358574610245,0.5,0.2322520039369984,0.4067763004767156,0.27159831575626175,0.18305597308064012,0.18567412126502508,0.3486428172669252
2021-09-30 23:20:00,0.4330543933054393,0.24302788844621515,0.34772896500372297,0.318336011426531,0.6144534163929277,0.000779510022271715,0.5,0.2322520039369984,0.4067763004767156,0.27159831575626175,0.18305597308064012,0.18567412126502508,0.3325738944128431
2021-09-30 23:30:00,0.37377963737796377,-0.043824701195219196,0.34921816827997,0.3201214068916265,0.6144534163929277,0.000556792873051225,0.5,0.2322520039369984,0.4067763004767156,0.27159831575626175,0.18305597308064012,0.18567412126502508,0.24003047814475612
2021-09-30 23:40:00,0.37866108786610875,0.17131474103585642,0.3530900967982129,0.3144081414033211,0.6154872989491041,0.000779510022271715,0.5,0.2322520039369984,0.4067763004767156,0.27159831575626175,0.18305597308064012,0.18567412126502508,0.22992893462287067
2021-09-30 23:50:00,0.3772663877266388,0.08366533864541825,0.34921816827997,0.30048205677557593,0.6256036434544764,0.0010022271714922048,0.5,0.2322520039369984,0.4067763004767156,0.27159831575626175,0.18305597308064012,0.18567412126502508,0.24359883519169545
2021-10-01 00:00:00,0.3312412831241283,0.2350597609561753,0.3465376023827249,0.29030530262453125,0.6343916451819764,0.0006681514699331849,0.5,0.2633006617586482,0.39917875215153753,0.24637422568881312,0.33773304414573824,0.14623756295170767,0.1891455557734961
2021-10-01 00:10:00,0.28521617852161785,0.38645418326693215,0.34385703648548005,0.280128548473487,0.6431796469094764,0.00033407572383073496,0.5,0.2633006617586482,0.39917875215153753,0.24637422568881312,0.33773304414573824,0.14623756295170767,0.1346922763552967
2021-10-01 00:20:00,0.17782426778242677,-0.0916334661354582,0.33670886075949347,0.27477236207820055,0.6640012563636125,0.00011135857461024499,0.5,0.2633006617586482,0.39917875215153753,0.24637422568881312,0.33773304414573824,0.14623756295170767,0.0631440771308297
2021-10-01 00:30:00,0.18410041841004185,-0.5378486055776892,0.3310498883097541,0.2719157293340475,0.6633730745573281,0.00011135857461024499,0.5,0.2633006617586482,0.39917875215153753,0.24637422568881312,0.33773304414573824,0.14623756295170767,0.05459661722769589
2021-10-01 00:40:00,0.1771269177126918,0.10756972111553775,0.31556217423678334,0.26370291019460823,0.6507570899477824,0.00011135857461024499,0.5,0.2633006617586482,0.39917875215153753,0.24637422568881312,0.33773304414573824,0.14623756295170767,0.056603346560646986
2021-10-01 00:50:00,0.17573221757322177,0.4820717131474104,0.3036485480268054,0.2526334583110159,0.6637133397023989,0.00011135857461024499,0.5,0.2633006617586482,0.39917875215153753,0.24637422568881312,0.33773304414573824,0.14623756295170767,0.055547173227514825
2021-10-01 01:00:00,0.1882845188284519,0.11553784860557759,0.2857781087118392,0.23763613640421344,0.6786195704806899,0.00011135857461024499,0.5,0.1552614331889257,0.409353834836657,0.31163886076785696,0.45137127127813154,0.13194603479599515,0.06837967922507054
2021-10-01 01:10:00,0.21617852161785217,-0.1633466135458168,0.2759493670886075,0.21728262810212473,0.6836581120519296,0.00011135857461024499,0.5,0.1552614331889257,0.409353834836657,0.31163886076785696,0.45137127127813154,0.13194603479599515,0.09092143579220544
2021-10-01 01:20:00,0.3075313807531381,-0.3227091633466136,0.27029039463886795,0.20335654347437981,0.6836581120519296,0.000556792873051225,0.5,0.1552614331889257,0.409353834836657,0.31163886076785696,0.45137127127813154,0.13194603479599515,0.15267739939949002
2021-10-01 01:30:00,0.3103207810320781,-0.15537848605577698,0.26314221891288136,0.19157293340474912,0.6718666160631322,0.00044543429844097997,0.5,0.1552614331889257,0.409353834836657,0.31163886076785696,0.45137127127813154,0.13194603479599515,0.15174193159014437
2021-10-01 01:40:00,0.27405857740585776,-0.043824701195219196,0.25093075204765447,0.17621853240492769,0.6632160291057569,0.00033407572383073496,0.5,0.1552614331889257,0.409353834836657,0.31163886076785696,0.45137127127813154,0.13194603479599515,0.11389320578782987
2021-10-01 01:50:00,0.30474198047419804,0.06772908366533859,0.2413998510796722,0.16264952687020195,0.6668804229757496,0.0006681514476614699,0.5,0.1552614331889257,0.409353834836657,0.31163886076785696,0.45137127127813154,0.13194603479599515,0.140425788735157
2021-10-01 02:00:00,0.31729428172942814,-0.11553784860557781,0.23127326880119137,0.15086591680057126,0.6697595895878865,0.0006681514476614699,0.5,0.1426481619279154,0.39689718884964925,0.34656537261730536,0.4969402666002419,0.15317458729995823,0.17999456825142962
2021-10-01 02:10:00,0.5153417015341701,0.1633466135458166,0.22799702159344726,0.14051062310301732,0.6806480742301502,0.0026726057906458797,0.5,0.1426481619279154,0.39689718884964925,0.34656537261730536,0.4969402666002419,0.15317458729995823,0.49536792552469183
2021-10-01 02:20:00,0.42677824267782427,-0.26693227091633476,0.2285927029039463,0.14015354400999835,0.6818913507217547,0.0023385300668151447,0.5,0.1426481619279154,0.39689718884964925,0.34656537261730536,0.4969402666002419,0.15317458729995823,0.36367065497834844
2021-10-01 02:30:00,0.40097629009762903,-0.17131474103585675,0.22680565897244964,0.14800928405641844,0.6739867296593423,0.0026726057906458797,0.5,0.1426481619279154,0.39689718884964925,0.34656537261730536,0.4969402666002419,0.15317458729995823,0.33373568507928847
2021-10-01 02:40:00,0.44490934449093444,0.05179282868525892,0.22769918093819785,0.14800928405641844,0.6705840782086349,0.0027839643652561247,0.5,0.1426481619279154,0.39689718884964925,0.34656537261730536,0.4969402666002419,0.15317458729995823,0.42071155906272156
2021-10-01 02:50:00,0.5376569037656904,-0.23505976095617542,0.2291883842144451,0.14729512587038052,0.6705840782086349,0.001893095768374165,0.5,0.1426481619279154,0.39689718884964925,0.34656537261730536,0.4969402666002419,0.15317458729995823,0.5777645336994734
2021-10-01 03:00:00,0.5369595536959554,-0.1872509960159363,0.23603871928518227,0.15229423317264779,0.6620120139770452,0.0012249443207126948,0.5,0.12630544826051948,0.3935610490593575,0.381052093086132,0.47436409634223786,0.17684999496236317,0.5543023975134662
2021-10-01 03:10:00,0.4595536959553696,-0.33067729083665354,0.23752792256142952,0.15943581503302973,0.6529426391488136,0.00155902004454343,0.5,0.12630544826051948,0.3935610490593575,0.381052093086132,0.47436409634223786,0.17684999496236317,0.4117944384929916
2021-10-01 03:20:00,0.3933054393305439,0.24302788844621515,0.23752792256142952,0.1647920014283164,0.6481658399968591,0.00111358574610245,0.5,0.12630544826051948,0.3935610490593575,0.381052093086132,0.47436409634223786,0.17684999496236317,0.27380539251927516
2021-10-01 03:30:00,0.3856345885634589,0.2111553784860556,0.23752792256142952,0.16443492233529722,0.6481658399968591,0.0006681514476614699,0.5,0.12630544826051948,0.3935610490593575,0.381052093086132,0.47436409634223786,0.17684999496236317,0.2668195603301296
2021-10-01 03:40:00,0.3591352859135286,0.1872509960159361,0.2372300819061801,0.16229244777718255,0.6499718626899268,0.000556792873051225,0.5,0.12630544826051948,0.3935610490593575,0.381052093086132,0.47436409634223786,0.17684999496236317,0.22472350890957649
2021-10-01 03:50:00,0.398884239888424,-0.29083665338645437,0.23425167535368563,0.15479378682378164,0.6562144193898783,0.000779510022271715,0.5,0.12630544826051948,0.3935610490593575,0.381052093086132,0.47436409634223786,0.17684999496236317,0.28564962204082867
2021-10-01 04:00:00,0.41841004184100417,-0.1872509960159363,0.23425167535368563,0.15443670773076223,0.6481396657549305,0.0006681514476614699,0.5,0.04835400835761705,0.3839405529199132,0.46502016281158076,0.44093994762452543,0.1970022898736542,0.2995760218476998
2021-10-01 04:10:00,0.43235704323570434,-0.47410358565737054,0.23037974683544293,0.1537225495447243,0.6481396657549305,0.0012249443207126948,0.5,0.04835400835761705,0.3839405529199132,0.46502016281158076,0.44093994762452543,0.1970022898736542,0.32739864508049554
2021-10-01 04:20:00,0.4351464435146444,-0.47410358565737054,0.2259121370067012,0.15086591680057126,0.6481396657549305,0.0012249443207126948,0.5,0.04835400835761705,0.3839405529199132,0.46502016281158076,0.44093994762452543,0.1970022898736542,0.3453460476485055
2021-10-01 04:30:00,0.45676429567642957,-0.3705179282868527,0.22382725241995538,0.145866809498304,0.6481396657549305,0.00111358574610245,0.5,0.04835400835761705,0.3839405529199132,0.46502016281158076,0.44093994762452543,0.1970022898736542,0.38141436697496867
2021-10-01 04:40:00,0.45258019525801957,-0.06772908366533881,0.21935964259121343,0.142653097661132,0.6393320333459842,0.0010022271714922048,0.5,0.04835400835761705,0.3839405529199132,0.46502016281158076,0.44093994762452543,0.1970022898736542,0.3828477450699338
2021-10-01 04:50:00,0.4609483960948396,0.298804780876494,0.21816827997021582,0.13693983217282635,0.6368847417256678,0.0014476614699331849,0.5,0.04835400835761705,0.3839405529199132,0.46502016281158076,0.44093994762452543,0.1970022898736542,0.4072227167795766
2021-10-01 05:00:00,0.4476987447698745,0.2828685258964143,0.21667907669396835,0.13301196214961597,0.6368847417256678,0.0013363028953229399,0.5,0.029690620077292396,0.37574244196237533,0.4655381985064594,0.4329976405489088,0.20043345814910019,0.3847488570695717
2021-10-01 05:10:00,0.46373779637377965,0.298804780876494,0.21459419210722253,0.13086948759150152,0.6368847417256678,0.00155902004454343,0.5,0.029690620077292396,0.37574244196237533,0.4655381985064594,0.4329976405489088,0.20043345814910019,0.39547656049609975
2021-10-01 05:20:00,0.44839609483960946,0.47410358565737054,0.21102010424422923,0.12872701303338685,0.6368847417256678,0.0014476614699331849,0.5,0.029690620077292396,0.37574244196237533,0.4655381985064594,0.4329976405489088,0.20043345814910019,0.39644974878162864
2021-10-01 05:30:00,0.4456066945606694,-0.003984063745020028,0.21072226358897983,0.12765577575432951,0.6467393438117549,0.00111358574610245,0.5,0.029690620077292396,0.37574244196237533,0.4655381985064594,0.4329976405489088,0.20043345814910019,0.3646061227876941
2021-10-01 05:40:00,0.42677824267782427,-0.3545816733067729,0.21072226358897983,0.12908409212640604,0.6481658399968591,0.0008908685968819599,0.5,0.029690620077292396,0.37574244196237533,0.4655381985064594,0.4329976405489088,0.20043345814910019,0.3316987793653907
2021-10-01 05:50:00,0.42329149232914925,-0.08366533864541836,0.21072226358897983,0.13158364577753967,0.6382719765478793,0.0010022271714922048,0.5,0.029690620077292396,0.37574244196237533,0.4655381985064594,0.4329976405489088,0.20043345814910019,0.3255880622236975
2021-10-01 06:00:00,0.4755927475592748,0.05976095617529875,0.21131794489947864,0.12622745938225322,0.6368978288466319,0.001893095768374165,0.5,0.013429354654406866,0.3818112854051783,0.49955684804510325,0.5040412810277256,0.1821859464587857,0.4310394254417068
2021-10-01 06:10:00,0.47280334728033474,0.49003984063745,0.20863737900223356,0.12229958935904306,0.6368978288466319,0.0017817371937639199,0.5,0.013429354654406866,0.3818112854051783,0.49955684804510325,0.5040412810277256,0.1821859464587857,0.4238951672525914
2021-10-01 06:20:00,0.3891213389121339,0.3227091633466135,0.202084884586746,0.11658632387073742,0.6368978288466319,0.0010022271714922048,0.5,0.013429354654406866,0.3818112854051783,0.49955684804510325,0.5040412810277256,0.1821859464587857,0.26734764699669566
2021-10-01 06:30:00,0.41841004184100417,0.06772908366533859,0.19612807148175704,0.11444384931262275,0.6368978288466319,0.00155902004454343,0.5,0.013429354654406866,0.3818112854051783,0.49955684804510325,0.5040412810277256,0.1821859464587857,0.3043061695610845
2021-10-01 06:40:00,0.36750348675034866,0.05179282868525892,0.19344750558451218,0.11123013747545074,0.6368978288466319,0.0012249443207126948,0.5,0.013429354654406866,0.3818112854051783,0.49955684804510325,0.5040412810277256,0.1821859464587857,0.23244866243191456
2021-10-01 06:50:00,0.3926080892608089,-0.13147410358565736,0.19285182427401315,0.10837350473129792,0.6368978288466319,0.0017817371937639199,0.5,0.013429354654406866,0.3818112854051783,0.49955684804510325,0.5040412810277256,0.1821859464587857,0.2538588047135507
2021-10-01 07:00:00,0.3598326359832636,-0.12350597609561753,0.19285182427401315,0.11087305838243178,0.630537488058002,0.0013363028953229399,0.5,0.013575908129582093,0.3823831129833607,0.5076974270809279,0.493671199826416,0.18942138104765527,0.22919715738491483
2021-10-01 07:10:00,0.38284518828451886,0.1872509960159361,0.19583023082650763,0.10301731833601147,0.6299878289775033,0.00155902004454343,0.5,0.013575908129582093,0.3823831129833607,0.5076974270809279,0.493671199826416,0.18942138104765527,0.2533684385231679
2021-10-01 07:20:00,0.4511854951185495,-0.1633466135458168,0.20029784065524936,0.10158900196393517,0.6368978288466319,0.0017817371937639199,0.5,0.013575908129582093,0.3823831129833607,0.5076974270809279,0.493671199826416,0.18942138104765527,0.3378472169832672
2021-10-01 07:30:00,0.4177126917712692,-0.21115537848605592,0.20833953834698438,0.10730226745224059,0.63234351075107,0.0016703786191536749,0.5,0.013575908129582093,0.3823831129833607,0.5076974270809279,0.493671199826416,0.18942138104765527,0.310809179655084
2021-10-01 07:40:00,0.4581589958158996,0.003984063745019917,0.2178704393149664,0.11230137475450808,0.6345683213149939,0.0017817371937639199,0.5,0.013575908129582093,0.3823831129833607,0.5076974270809279,0.493671199826416,0.18942138104765527,0.36153567602637415
2021-10-01 07:50:00,0.4504881450488145,0.01195219123505975,0.2259121370067012,0.11980003570790942,0.6368978288466319,0.0013363028953229399,0.5,0.013575908129582093,0.3823831129833607,0.5076974270809279,0.493671199826416,0.18942138104765527,0.3675709522157008
2021-10-01 08:00:00,0.4511854951185495,0.22709163346613526,0.23246463142218898,0.1283699339403679,0.6399602151522686,0.0021158129175946547,0.5,0.01186592858503177,0.36131744476404387,0.5234363279600922,0.5104383236821771,0.19877691595380315,0.374564328500083
2021-10-01 08:10:00,0.44979079497907953,0.14741035856573692,0.23663440059568108,0.132654883056597,0.6481658399968591,0.001893095768374165,0.5,0.01186592858503177,0.36131744476404387,0.5234363279600922,0.5104383236821771,0.19877691595380315,0.3779968918327625
2021-10-01 08:20:00,0.4198047419804742,0.3705179282868525,0.23991064780342497,0.13693983217282635,0.6481658399968591,0.0017817371937639199,0.5,0.01186592858503177,0.36131744476404387,0.5234363279600922,0.5104383236821771,0.19877691595380315,0.3294657271753399
2021-10-01 08:30:00,0.4421199442119944,0.298804780876494,0.24348473566641826,0.14015354400999835,0.6481658399968591,0.0017817371937639199,0.5,0.01186592858503177,0.36131744476404387,0.5234363279600922,0.5104383236821771,0.19877691595380315,0.3667184694539584
2021-10-01 08:40:00,0.46234309623430964,0.03585657370517925,0.24348473566641826,0.14229601856811303,0.6481658399968591,0.0016703786191536749,0.5,0.01186592858503177,0.36131744476404387,0.5234363279600922,0.5104383236821771,0.19877691595380315,0.39436757849631093
2021-10-01 08:50:00,0.4386331938633194,0.13147410358565725,0.24348473566641826,0.14372433494018932,0.6481658399968591,0.0013363028953229399,0.5,0.01186592858503177,0.36131744476404387,0.5234363279600922,0.5104383236821771,0.19877691595380315,0.35647358812257646
2021-10-01 09:00:00,0.4281729428172943,0.01195219123505975,0.24348473566641826,0.14372433494018932,0.6481658399968591,0.000779510022271715,0.5,0.022459770337296403,0.3642512937958139,0.5075627504816718,0.511393937382759,0.21435980678223332,0.33821687764986347
2021-10-01 09:10:00,0.44421199442119946,-0.10756972111553798,0.24348473566641826,0.1469380467773611,0.6481658399968591,0.0008908685968819599,0.5,0.022459770337296403,0.3642512937958139,0.5075627504816718,0.511393937382759,0.21435980678223332,0.3501667245047302
2021-10-01 09:20:00,0.398884239888424,-0.2828685258964144,0.2449739389426655,0.15122299589359045,0.6459017680700422,0.000779510022271715,0.5,0.022459770337296403,0.3642512937958139,0.5075627504816718,0.511393937382759,0.21435980678223332,0.2905231075637099
2021-10-01 09:30:00,0.3772663877266388,-0.003984063745020028,0.25063291139240484,0.15443670773076223,0.6370548742982031,0.0006681514476614699,0.5,0.022459770337296403,0.3642512937958139,0.5075627504816718,0.511393937382759,0.21435980678223332,0.2596677580457776
2021-10-01 09:40:00,0.36541143654114366,0.11553784860557759,0.26165301563663435,0.15943581503302973,0.6394367303136983,0.000556792873051225,0.5,0.022459770337296403,0.3642512937958139,0.5075627504816718,0.511393937382759,0.21435980678223332,0.23697511957390952
2021-10-01 09:50:00,0.4065550906555091,0.06772908366533859,0.2726731198808636,0.16443492233529722,0.6380494954914868,0.0016703786191536749,0.5,0.022459770337296403,0.3642512937958139,0.5075627504816718,0.511393937382759,0.21435980678223332,0.29274107156328744
2021-10-01 10:00:00,0.45258019525801957,-0.0916334661354582,0.28160833953834685,0.1680057132654884,0.6456661998926856,0.0023385300668151447,0.5,0.3324822736667685,0.34542408629711296,0.2863114171896798,0.5577793179192737,0.24541424683790763,0.37930202030870436
2021-10-01 10:10:00,0.4588563458856346,0.027888446215139417,0.28935219657483224,0.17621853240492769,0.6483359725693945,0.0022271714922049,0.5,0.3324822736667685,0.34542408629711296,0.2863114171896798,0.5577793179192737,0.24541424683790763,0.39822261116224333
2021-10-01 10:20:00,0.4804741980474198,0.21912350597609564,0.2985852568875649,0.18478843063738615,0.652759419455314,0.00155902004454343,0.5,0.3324822736667685,0.34542408629711296,0.2863114171896798,0.5577793179192737,0.24541424683790763,0.4465727175339862
2021-10-01 10:30:00,0.5411436541143654,0.03585657370517925,0.30603127326880086,0.1969291198000358,0.6710552145633482,0.0023385300668151447,0.5,0.3324822736667685,0.34542408629711296,0.2863114171896798,0.5577793179192737,0.24541424683790763,0.5627895046547068
2021-10-01 10:40:00,0.4951185495118549,-0.26693227091633476,0.31288160833953826,0.2094268880557042,0.67437934328827,0.0020044543429844097,0.5,0.3324822736667685,0.34542408629711296,0.2863114171896798,0.5577793179192737,0.24541424683790763,0.4767038339091993
2021-10-01 10:50:00,0.5209205020920502,-0.08366533864541836,0.3194341027550258,0.22513836814854504,0.6774155553519781,0.003006681514476615,0.5,0.3324822736667685,0.34542408629711296,0.2863114171896798,0.5577793179192737,0.24541424683790763,0.5017577741901414
2021-10-01 11:00:00,0.5285913528591353,-0.059760956175298974,0.3265822784810126,0.23299410819496535,0.6733847220949862,0.0021158129175946547,0.5,0.3474488055091296,0.33593289790147757,0.2667162256261669,0.5124678591333486,0.2674090819435163,0.5261478340902576
2021-10-01 11:10:00,0.4916317991631799,-0.19521912350597614,0.3331347728965002,0.24120692733440463,0.6684116161285679,0.0020044543429844097,0.5,0.3474488055091296,0.33593289790147757,0.2667162256261669,0.5124678591333486,0.2674090819435163,0.458982754198289
2021-10-01 11:20:00,0.48117154811715485,0.14741035856573692,0.341772151898734,0.2547759328691306,0.6711729986520265,0.0021158129175946547,0.5,0.3474488055091296,0.33593289790147757,0.2667162256261669,0.5124678591333486,0.2674090819435163,0.43693890791677353
2021-10-01 11:30:00,0.5223152022315203,-0.05179282868525903,0.35040953090096805,0.2733440457061238,0.6801115022706156,0.001893095768374165,0.5,0.3474488055091296,0.33593289790147757,0.2667162256261669,0.5124678591333486,0.2674090819435163,0.4692200914344343
2021-10-01 11:40:00,0.46582984658298465,-0.06772908366533881,0.35964259121370046,0.283699339403678,0.6814202143670415,0.0013363028953229399,0.5,0.3474488055091296,0.33593289790147757,0.2667162256261669,0.5124678591333486,0.2674090819435163,0.3944354753534409
2021-10-01 11:50:00,0.4428172942817294,0.05179282868525892,0.3679821295606849,0.29691126584538474,0.6681236994673542,0.00155902004454343,0.5,0.3474488055091296,0.33593289790147757,0.2667162256261669,0.5124678591333486,0.2674090819435163,0.3535012145993331
2021-10-01 12:00:00,0.4198047419804742,-0.10756972111553798,0.3781087118391657,0.3044099267987861,0.6721676198453103,0.0021158129175946547,0.5,0.36986608401042886,0.3135253026519578,0.24531253784609006,0.4444103080506073,0.28469153009236847,0.32775321755661846
2021-10-01 12:10:00,0.41352859135285913,0.07569721115537842,0.3873417721518986,0.3072665595429387,0.6816557825443981,0.029955456570155903,0.5,0.36986608401042886,0.3135253026519578,0.24531253784609006,0.4444103080506073,0.28469153009236847,0.25124100366643026
2021-10-01 12:20:00,0.43654114365411434,-0.14741035856573714,0.39717051377513,0.31405106231030167,0.6796403659159023,0.06614699331848553,0.5,0.36986608401042886,0.3135253026519578,0.24531253784609006,0.4444103080506073,0.28469153009236847,0.22510825776664603
2021-10-01 12:30:00,0.39191073919107394,-0.02788844621513953,0.40610573343261325,0.32440635600785583,0.6707018622973132,0.04844097995545657,0.5,0.36986608401042886,0.3135253026519578,0.24531253784609006,0.4444103080506073,0.28469153009236847,0.19392096805830078
2021-10-01 12:40:00,0.40794979079497906,-0.01195219123505975,0.4150409530900967,0.3326191751472951,0.6652445328552172,0.06692650334075724,0.5,0.36986608401042886,0.3135253026519578,0.24531253784609006,0.4444103080506073,0.28469153009236847,0.17002881844380405
2021-10-01 12:50:00,0.39121338912133896,-0.019920318725099695,0.4239761727475799,0.3411890733797538,0.6756880553846959,0.05033407572383073,0.5,0.36986608401042886,0.3135253026519578,0.24531253784609006,0.4444103080506073,0.28469153009236847,0.1690782624439851
2021-10-01 13:00:00,0.3612273361227336,0.12350597609561742,0.4320178704393147,0.3419032315657917,0.6749551766106974,0.0378619153674833,0.5,0.547738377031995,0.2869741125896906,0.1324439097960994,0.3745104205449277,0.3191754422934403,0.16588711015887864
2021-10-01 13:10:00,0.35355648535564854,0.027888446215139417,0.441548771407297,0.35011605070523144,0.6729921084660585,0.036302895322939864,0.5,0.547738377031995,0.2869741125896906,0.1324439097960994,0.3745104205449277,0.3191754422934403,0.16016114187425504
2021-10-01 13:20:00,0.3235704323570432,0.22709163346613526,0.4513775130305284,0.35797179075165153,0.6719189645469893,0.004120267260579065,0.5,0.547738377031995,0.2869741125896906,0.1324439097960994,0.3745104205449277,0.3191754422934403,0.16793155996801304
2021-10-01 13:30:00,0.3228730822873082,0.1633466135458166,0.4618019359642589,0.3547580789144795,0.6732015024014867,0.02416481069042316,0.5,0.547738377031995,0.2869741125896906,0.1324439097960994,0.3745104205449277,0.3191754422934403,0.14692125473391976
2021-10-01 13:40:00,0.3207810320781032,-0.17928286852589637,0.47252419955323877,0.36225673986788065,0.6776903848922275,0.034409799554565704,0.5,0.547738377031995,0.2869741125896906,0.1324439097960994,0.3745104205449277,0.3191754422934403,0.12632587473784268
2021-10-01 13:50:00,0.2622036262203626,0.1633466135458166,0.48354430379746827,0.3761828244956258,0.6767088508199082,0.003006681514476615,0.5,0.547738377031995,0.2869741125896906,0.1324439097960994,0.3745104205449277,0.3191754422934403,0.11351600102599696
2021-10-01 14:00:00,0.32496513249651326,-0.13147410358565736,0.4930752047654503,0.3854668809141224,0.6817473923911479,0.009799554565701559,0.5,0.5616626248281065,0.2564287499964085,0.12251969011193502,0.28686031141810137,0.34757885053439447,0.1632165004451016
2021-10-01 14:10:00,0.2914923291492329,0.17928286852589648,0.5017125837676841,0.3929655418675235,0.6867466725994948,0.004342984409799555,0.5,0.5616626248281065,0.2564287499964085,0.12251969011193502,0.28686031141810137,0.34757885053439447,0.13051284759418802
2021-10-01 14:20:00,0.25523012552301255,-0.2509960159362551,0.5061801935964259,0.3986788073558294,0.700645195063538,0.00044543429844097997,0.5,0.5616626248281065,0.2564287499964085,0.12251969011193502,0.28686031141810137,0.34757885053439447,0.10051752493323476
2021-10-01 14:30:00,0.21269177126917713,-0.09960159362549814,0.5136262099776618,0.4172469201928226,0.6678488699271048,0.00011135857461024499,0.5,0.5616626248281065,0.2564287499964085,0.12251969011193502,0.28686031141810137,0.34757885053439447,0.07298912141466873
2021-10-01 14:40:00,0.23082287308228733,0.2111553784860556,0.5249441548771405,0.43760042849491154,0.6985512557092565,0.0012249443207126948,0.5,0.5616626248281065,0.2564287499964085,0.12251969011193502,0.28686031141810137,0.34757885053439447,0.0815667576987492
2021-10-01 14:50:00,0.18967921896792192,-0.6573705179282869,0.5317944899478777,0.4365291912158542,0.6783447409404405,0.00011135857461024499,0.5,0.5616626248281065,0.2564287499964085,0.12251969011193502,0.28686031141810137,0.34757885053439447,0.03748660923095493
2021-10-01 15:00:00,0.14365411436541145,0.36254980079681287,0.5401340282948621,0.462595965006249,0.6580858776877675,0.000779510022271715,0.5,0.5654327580036573,0.22440353211286096,0.12145432465962774,0.17088542345116417,0.37419612129619617,0.031179745613108618
2021-10-01 15:10:00,0.15829846582984658,0.15537848605577675,0.5514519731943408,0.47152294233172665,0.6849799112693198,0.00044543429844097997,0.5,0.5654327580036573,0.22440353211286096,0.12145432465962774,0.17088542345116417,0.37419612129619617,0.03329209227937294
2021-10-01 15:20:00,0.12133891213389121,0.689243027888446,0.5586001489203274,0.47473665416889843,0.699585138265433,0.10356347438752785,0.5,0.5654327580036573,0.22440353211286096,0.12145432465962774,0.17088542345116417,0.37419612129619617,0.0
2021-10-01 15:30:00,0.14644351464435149,0.6175298804780873,0.5702159344750557,0.4611676486341725,0.7133004410359765,0.9996659242761693,0.5,0.5654327580036573,0.22440353211286096,0.12145432465962774,0.17088542345116417,0.37419612129619617,0.0
2021-10-01 15:40:00,0.10390516039051603,0.5458167330677288,0.5803425167535365,0.4879485806106054,0.7133004410359765,0.9996659242761693,0.5,0.5654327580036573,0.22440353211286096,0.12145432465962774,0.17088542345116417,0.37419612129619617,0.0
2021-10-01 15:50:00,0.13528591352859135,0.7529880478087649,0.5916604616530154,0.5050883770755221,0.7133004410359765,0.9996659242761693,0.5,0.5654327580036573,0.22440353211286096,0.12145432465962774,0.17088542345116417,0.37419612129619617,0.0
2021-10-01 16:00:00,0.11645746164574616,0.9601593625498008,0.6014892032762469,0.5108016425638278,0.7133004410359765,0.9996659242761693,0.5,0.6405830720396715,0.21137793205309152,0.09104581959143786,0.0880384620363807,0.49493424960620086,0.0
2021-10-01 16:10:00,0.13458856345885634,0.7131474103585655,0.6104244229337303,0.5147295125870381,0.7133004410359765,0.9996659242761693,0.5,0.6405830720396715,0.21137793205309152,0.09104581959143786,0.0880384620363807,0.49493424960620086,0.0
2021-10-01 16:20:00,0.17364016736401675,0.4661354581673305,0.6184661206254651,0.5154436707730763,0.7331012550549004,0.9938752783964365,0.5,0.6405830720396715,0.21137793205309152,0.09104581959143786,0.0880384620363807,0.49493424960620086,0.0
2021-10-01 16:30:00,0.08647140864714087,-0.8884462151394422,0.6193596425912136,0.5186573826102483,0.7492245880828676,0.9995545657015591,0.5,0.6405830720396715,0.21137793205309152,0.09104581959143786,0.0880384620363807,0.49493424960620086,0.0
2021-10-01 16:40:00,0.07391910739191074,-0.17131474103585675,0.6229337304542069,0.5240135690055348,0.7492245880828676,0.9995545657015591,0.5,0.6405830720396715,0.21137793205309152,0.09104581959143786,0.0880384620363807,0.49493424960620086,0.0
2021-10-01 16:50:00,0.100418410041841,-0.6334661354581674,0.6303797468354431,0.5257989644706302,0.7492245880828676,0.9995545657015591,0.5,0.6405830720396715,0.21137793205309152,0.09104581959143786,0.0880384620363807,0.49493424960620086,0.0
2021-10-01 17:00:00,0.11366806136680613,-0.16688800354139022,0.6315711094564407,0.5257989644706302,0.7492245880828676,0.9995545657015591,0.5,0.6427653646843479,0.1910881102966324,0.0892493707166152,0.15553819509333291,0.611455539639112,0.0
2021-10-01 17:10:00,0.1087866108786611,0.2996901283753872,0.63723008190618,0.5257989644706302,0.7492245880828676,0.9995545657015591,0.5,0.6427653646843479,0.1910881102966324,0.0892493707166152,0.15553819509333291,0.611455539639112,0.0
2021-10-01 17:20:00,0.07601115760111576,0.7662682602921644,0.63723008190618,0.5257989644706302,0.7492245880828676,0.9995545657015591,0.5,0.6427653646843479,0.1910881102966324,0.0892493707166152,0.15553819509333291,0.611455539639112,0.0
2021-10-01 17:30:00,0.11506276150627615,0.7370517928286853,0.6437825763216678,0.5247277271915729,0.7492245880828676,0.9995545657015591,0.5,0.6427653646843479,0.1910881102966324,0.0892493707166152,0.15553819509333291,0.611455539639112,0.0
2021-10-01 17:40:00,0.12552301255230125,0.7078353253652057,0.6470588235294115,0.5204427780753438,0.7492245880828676,0.9995545657015591,0.5,0.6427653646843479,0.1910881102966324,0.0892493707166152,0.15553819509333291,0.611455539639112,0.0
2021-10-01 17:50:00,0.1206415620641562,0.6786188579017263,0.6488458674609083,0.517586145331191,0.7492245880828676,0.9995545657015591,0.5,0.6427653646843479,0.1910881102966324,0.0892493707166152,0.15553819509333291,0.611455539639112,0.0
2021-10-01 18:00:00,0.1297071129707113,0.6494023904382471,0.6381236038719285,0.5125870380289235,0.7492245880828676,0.9995545657015591,0.5,0.4473859349354601,0.1955736522541219,0.21418702572310366,0.29800490983904343,0.6881792365733157,0.0
2021-10-01 18:10:00,0.08577405857740586,0.6201859229747677,0.6327624720774385,0.5054454561685413,0.7492245880828676,0.9995545657015591,0.5,0.4473859349354601,0.1955736522541219,0.21418702572310366,0.29800490983904343,0.6881792365733157,0.0
2021-10-01 18:20:00,0.0697350069735007,0.5909694555112883,0.6321667907669395,0.5040171397964648,0.7492245880828676,0.9995545657015591,0.5,0.4473859349354601,0.1955736522541219,0.21418702572310366,0.29800490983904343,0.6881792365733157,0.0
2021-10-01 18:30:00,0.09483960948396096,0.5617529880478087,0.6315711094564407,0.5004463488662738,0.7492245880828676,0.9995545657015591,0.5,0.4473859349354601,0.1955736522541219,0.21418702572310366,0.29800490983904343,0.6881792365733157,0.0
2021-10-01 18:40:00,0.09553695955369597,0.5325365205843293,0.6279970215934472,0.49401892519193,0.7492245880828676,0.9995545657015591,0.5,0.4473859349354601,0.1955736522541219,0.21418702572310366,0.29800490983904343,0.6881792365733157,0.0
2021-10-01 18:50:00,0.13389121338912133,0.5033200531208499,0.6229337304542069,0.4883056597036244,0.7492245880828676,0.9995545657015591,0.5,0.4473859349354601,0.1955736522541219,0.21418702572310366,0.29800490983904343,0.6881792365733157,0.0
2021-10-01 19:00:00,0.1589958158995816,0.47410358565737054,0.6172747580044673,0.48366363149437586,0.7492245880828676,0.9995545657015591,0.5,0.4201318581039504,0.20599298289976836,0.2841182937362573,0.32640211461439894,0.686156041022907,0.0
2021-10-01 19:10:00,0.200836820083682,0.44488711819389093,0.6098287416232313,0.48080699875022326,0.6293989085341116,0.9995545657015591,0.5,0.4201318581039504,0.20599298289976836,0.2841182937362573,0.32640211461439894,0.686156041022907,0.0
2021-10-01 19:20:00,0.14504881450488147,0.41567065073041154,0.5991064780342514,0.5050883770755221,0.4124406171886246,0.9995545657015591,0.5,0.4201318581039504,0.20599298289976836,0.2841182937362573,0.32640211461439894,0.686156041022907,0.0
2021-10-01 19:30:00,0.14714086471408647,0.38645418326693215,0.5904690990320176,0.49973219068023567,0.3863972464697491,0.9995545657015591,0.5,0.4201318581039504,0.20599298289976836,0.2841182937362573,0.32640211461439894,0.686156041022907,0.0
2021-10-01 19:40:00,0.18619246861924685,0.35723771580345254,0.5809381980640356,0.47937868237814674,0.3683501066600359,0.9978841870824053,0.5,0.4201318581039504,0.20599298289976836,0.2841182937362573,0.32640211461439894,0.686156041022907,0.0
2021-10-01 19:50:00,0.20711297071129708,0.32802124833997315,0.5672375279225612,0.4800928405641849,0.2979937443561791,0.9995545657015591,0.5,0.4201318581039504,0.20599298289976836,0.2841182937362573,0.32640211461439894,0.686156041022907,0.0
2021-10-01 20:00:00,0.22594142259414227,0.298804780876494,0.5612807148175725,0.4675950723085165,0.3060554108701627,0.6087973273942094,0.5,0.40306451521451203,0.21130896792305814,0.30914100297543984,0.32804438693534876,0.670123880801092,0.018799885329752405
2021-10-01 20:10:00,0.2496513249651325,0.4501992031872508,0.5633655994043185,0.47295125870380295,0.3096412820143697,0.00022271714922048998,0.5,0.40306451521451203,0.21130896792305814,0.30914100297543984,0.32804438693534876,0.670123880801092,0.08699096217390649
2021-10-01 20:20:00,0.22524407252440726,0.4820717131474104,0.5699180938198063,0.49009105516871987,0.3172841606574969,0.00022271714922048998,0.5,0.40306451521451203,0.21130896792305814,0.30914100297543984,0.32804438693534876,0.670123880801092,0.0792507204610951
2021-10-01 20:30:00,0.2175732217573222,0.33864541832669315,0.5734921816827996,0.5068737725406176,0.31953514546334955,0.00044543429844097997,0.5,0.40306451521451203,0.21130896792305814,0.30914100297543984,0.32804438693534876,0.670123880801092,0.06735368227288502
2021-10-01 20:40:00,0.20571827057182707,0.2589641434262948,0.5767684288905432,0.5350830208891268,0.3393359594822735,0.00033407572383073496,0.5,0.40306451521451203,0.21130896792305814,0.30914100297543984,0.32804438693534876,0.670123880801092,0.057817945893748966
2021-10-01 20:50:00,0.14504881450488147,-0.50597609561753,0.568428890543559,0.5511515800749867,0.34501576998076194,0.00033407572383073496,0.5,0.40306451521451203,0.21130896792305814,0.30914100297543984,0.32804438693534876,0.670123880801092,0.03268102056520362
2021-10-01 21:00:00,0.11715481171548117,0.3067729083665336,0.5323901712583765,0.517586145331191,0.3308685922183979,0.00044543429844097997,0.5,0.40247002974762025,0.21636059044789294,0.30347976686998773,0.30956073857961336,0.6753178244760991,0.02098012885314664
2021-10-01 21:10:00,0.11018131101813111,0.346613545816733,0.5180938198064033,0.49366184609891084,0.3439818874245855,0.00044543429844097997,0.5,0.40247002974762025,0.21636059044789294,0.30347976686998773,0.30956073857961336,0.6753178244760991,0.011097364093124312
2021-10-01 21:20:00,0.099721059972106,0.2749003984063745,0.5100521221146683,0.4704517050526693,0.34496342149690495,0.00044543429844097997,0.5,0.40247002974762025,0.21636059044789294,0.30347976686998773,0.30956073857961336,0.6753178244760991,0.0024669191423872536
2021-10-01 21:30:00,0.08716875871687588,0.6254980079681274,0.5046909903201784,0.46295304409926796,0.3525801258981037,0.0006681514476614699,0.5,0.40247002974762025,0.21636059044789294,0.30347976686998773,0.30956073857961336,0.6753178244760991,0.0
2021-10-01 21:40:00,0.0801952580195258,0.5697211155378485,0.5023082650781829,0.4479557221924655,0.37656881862559055,0.3398663697104677,0.5,0.40247002974762025,0.21636059044789294,0.30347976686998773,0.30956073857961336,0.6753178244760991,0.0
2021-10-01 21:50:00,0.10111576011157601,0.5059760956175297,0.5037974683544302,0.44117121942510273,0.3779167920849092,0.9992204899777284,0.5,0.40247002974762025,0.21636059044789294,0.30347976686998773,0.30956073857961336,0.6753178244760991,0.0
2021-10-01 22:00:00,0.08647140864714087,0.447301702281782,0.5052866716306774,0.4565256204249242,0.3779167920849092,0.9992204899777284,0.5,0.31063499946468287,0.2185157195113888,0.3867889104092457,0.29700975163206284,0.7311141670356837,0.0
2021-10-01 22:10:00,0.08647140864714087,0.3886273089460339,0.4999255398361875,0.45688269951794314,0.3779167920849092,0.9992204899777284,0.5,0.31063499946468287,0.2185157195113888,0.3867889104092457,0.29700975163206284,0.7311141670356837,0.0
2021-10-01 22:20:00,0.08716875871687588,0.32995291561028606,0.49635145197319397,0.4500981967505804,0.3779167920849092,0.9992204899777284,0.5,0.31063499946468287,0.2185157195113888,0.3867889104092457,0.29700975163206284,0.7311141670356837,0.0
2021-10-01 22:30:00,0.10808926080892609,0.27127852227453797,0.4966492926284436,0.44188537761114066,0.3779167920849092,0.9992204899777284,0.5,0.31063499946468287,0.2185157195113888,0.3867889104092457,0.29700975163206284,0.7311141670356837,0.0
2021-10-01 22:40:00,0.11087866108786612,0.21260412893879033,0.4957557706626954,0.43117300482056775,0.3779167920849092,0.9992204899777284,0.5,0.31063499946468287,0.2185157195113888,0.3867889104092457,0.29700975163206284,0.7311141670356837,0.0
2021-10-01 22:50:00,0.04741980474198048,0.15392973560304224,0.4933730454206997,0.4236743438671666,0.3779167920849092,0.9992204899777284,0.5,0.31063499946468287,0.2185157195113888,0.3867889104092457,0.29700975163206284,0.7311141670356837,0.0
2021-10-01 23:00:00,0.016736401673640166,0.09525534226729437,0.48682055100521215,0.4165327620067847,0.3779167920849092,0.9992204899777284,0.5,0.2574296841829311,0.21773125253227746,0.3640882945871801,0.2896299547630357,0.8366208571682131,0.0
2021-10-01 23:10:00,0.08926080892608089,0.03658094893154629,0.4847356664184659,0.4108194965184788,0.3779167920849092,0.9992204899777284,0.5,0.2574296841829311,0.21773125253227746,0.3640882945871801,0.2896299547630357,0.8366208571682131,0.0
2021-10-01 23:20:00,0.14783821478382148,-0.022093444404201357,0.48324646314221864,0.4036779146580969,0.3779167920849092,0.9992204899777284,0.5,0.2574296841829311,0.21773125253227746,0.3640882945871801,0.2896299547630357,0.8366208571682131,0.0
2021-10-01 23:30:00,0.29218967921896793,-0.08076783773994944,0.47907669396872654,0.4022495982860206,0.460548873853241,0.9972160356347439,0.5,0.2574296841829311,0.21773125253227746,0.3640882945871801,0.2896299547630357,0.8366208571682131,0.0
2021-10-01 23:40:00,0.29567642956764295,-0.1394422310756973,0.4737155621742366,0.42153186930905173,0.5667377733572391,0.03463251670378619,0.5,0.2574296841829311,0.21773125253227746,0.3640882945871801,0.2896299547630357,0.8366208571682131,0.11075486216938003
2021-10-01 23:50:00,0.28591352859135283,0.2669322709163344,0.4859270290394637,0.42474558114622396,0.5640418264386018,0.0013363028953229399,0.5,0.2574296841829311,0.21773125253227746,0.3640882945871801,0.2896299547630357,0.8366208571682131,0.1174841951204792
2021-10-02 00:00:00,0.2831241283124128,-0.5617529880478087,0.48294862248696924,0.4272451347973576,0.5717894020494431,0.00044543429844097997,0.5,0.24906699735143123,0.20986646820322374,0.35144200974008566,0.34885364825484166,0.9436775172880634,0.12158818292922129
2021-10-02 00:10:00,0.3284518828451883,-0.45019920318725104,0.4618019359642589,0.3936797000535619,0.5598801219719675,0.0012249443207126948,0.5,0.24906699735143123,0.20986646820322374,0.35144200974008566,0.34885364825484166,0.9436775172880634,0.15076874330461548
2021-10-02 00:20:00,0.2280334728033473,-0.40239043824701204,0.4573343261355174,0.36725584717014814,0.5511248380468781,0.003006681514476615,0.5,0.24906699735143123,0.20986646820322374,0.35144200974008566,0.34885364825484166,0.9436775172880634,0.10218476998053623
2021-10-02 00:30:00,0.15829846582984658,-0.29083665338645437,0.4609084139985107,0.36582753079807184,0.5440316184842497,0.0013363028953229399,0.5,0.24906699735143123,0.20986646820322374,0.35144200974008566,0.34885364825484166,0.9436775172880634,0.05821778294129185
2021-10-02 00:40:00,0.20641562064156208,-0.08366533864541836,0.4588235294117644,0.3654704517050529,0.5440316184842497,0.00044543429844097997,0.5,0.24906699735143123,0.20986646820322374,0.35144200974008566,0.34885364825484166,0.9436775172880634,0.09091389169696878
2021-10-02 00:50:00,0.24546722454672246,-0.1394422310756973,0.45197319434102745,0.3583288698446707,0.5437044404601432,0.0006681514476614699,0.5,0.24906699735143123,0.20986646820322374,0.35144200974008566,0.34885364825484166,0.9436775172880634,0.13055811216560798
2021-10-02 01:00:00,0.21687587168758715,0.20318725099601576,0.4543559195830229,0.35797179075165153,0.532030728560024,0.0016703786191536749,0.5,0.19390735779159862,0.21140954061268963,0.3941854709819484,0.4142892195552939,0.009830781987273721,0.10156615417113025
2021-10-02 01:10:00,0.18898186889818688,0.3545816733067728,0.45644080416976895,0.3661846098910908,0.5505620918454149,0.0016703786191536749,0.5,0.19390735779159862,0.21140954061268963,0.3941854709819484,0.4142892195552939,0.009830781987273721,0.07667818398539464
2021-10-02 01:20:00,0.200836820083682,0.2749003984063745,0.45465376023827253,0.36404213533297636,0.557995576553114,0.00011135857461024499,0.5,0.19390735779159862,0.21140954061268963,0.3941854709819484,0.4142892195552939,0.009830781987273721,0.0847805422695656
2021-10-02 01:30:00,0.2754532775453278,0.4581673306772909,0.44363365599404303,0.3547580789144795,0.5663975082121684,0.0036748329621380848,0.5,0.19390735779159862,0.21140954061268963,0.3941854709819484,0.4142892195552939,0.009830781987273721,0.11764262112044903
2021-10-02 01:40:00,0.49372384937238495,0.2111553784860556,0.4114668652271034,0.33868951972861994,0.6205912761251653,0.09376391982182629,0.5,0.19390735779159862,0.21140954061268963,0.3941854709819484,0.4142892195552939,0.009830781987273721,0.16939511444392474
2021-10-02 01:50:00,0.40376569037656906,0.4581673306772909,0.38376768428890506,0.318336011426531,0.6162725262069597,0.8874164810690424,0.5,0.19390735779159862,0.21140954061268963,0.3941854709819484,0.4142892195552939,0.009830781987273721,0.015201351901866408
2021-10-02 02:00:00,0.4093444909344491,0.394422310756972,0.3849590469099031,0.3279771469380468,0.6162725262069597,0.9996659242761693,0.5,0.18936363305864834,0.20642400871246755,0.3968103965262061,0.46673513472781775,0.04644054784321446,0.0
2021-10-02 02:10:00,0.394700139470014,-0.904382470119522,0.40104244229337294,0.33047670058918044,0.6128437005143238,0.9699331848552338,0.5,0.18936363305864834,0.20642400871246755,0.3968103965262061,0.46673513472781775,0.04644054784321446,0.0
2021-10-02 02:20:00,0.5195258019525802,-0.059760956175298974,0.39955323901712547,0.3186930905195502,0.5925979243826152,0.12472160356347438,0.5,0.18936363305864834,0.20642400871246755,0.3968103965262061,0.46673513472781775,0.04644054784321446,0.16030447968375153
2021-10-02 02:30:00,0.5571827057182706,0.2669322709163344,0.3730454206999252,0.29405463310123214,0.5925979243826152,0.11247216035634744,0.5,0.18936363305864834,0.20642400871246755,0.3968103965262061,0.46673513472781775,0.04644054784321446,0.21957843595817556
2021-10-02 02:40:00,0.5781032078103208,-0.019920318725099695,0.35487714072970933,0.2597750401713981,0.5925979243826152,0.01091314031180401,0.5,0.18936363305864834,0.20642400871246755,0.3968103965262061,0.46673513472781775,0.04644054784321446,0.5454079092294462
2021-10-02 02:50:00,0.45397489539748953,0.09163346613545809,0.3450483991064779,0.2540617746830922,0.5833191556189554,0.02472160356347439,0.5,0.18936363305864834,0.20642400871246755,0.3968103965262061,0.46673513472781775,0.04644054784321446,0.3235737887955098
2021-10-02 03:00:00,0.41283124128312415,0.3306772908366533,0.33879374534623974,0.2547759328691306,0.5822329245789218,0.06091314031180401,0.5,0.18130222468442136,0.20984922717071644,0.4042944588441882,0.6117775131821364,0.08646397882392082,0.19811548500988277
2021-10-02 03:10:00,0.3856345885634589,-0.21115537848605592,0.33551749813849585,0.24763435100874842,0.5926895342293649,0.05434298440979955,0.5,0.18130222468442136,0.20984922717071644,0.4042944588441882,0.6117775131821364,0.08646397882392082,0.16805980958703623
2021-10-02 03:20:00,0.32914923291492326,0.17928286852589648,0.3301563663440057,0.23906445277629018,0.5926895342293649,0.005902004454342985,0.5,0.18130222468442136,0.20984922717071644,0.4042944588441882,0.6117775131821364,0.08646397882392082,0.15748298806524133
2021-10-02 03:30:00,0.2907949790794979,0.593625498007968,0.3262844378257632,0.22799500089269786,0.5926895342293649,0.00011135857461024499,0.5,0.18130222468442136,0.20984922717071644,0.4042944588441882,0.6117775131821364,0.08646397882392082,0.1355221268313291
2021-10-02 03:40:00,0.31729428172942814,-0.003984063745020028,0.3206254653760239,0.222281735404392,0.5926895342293649,0.00155902004454343,0.5,0.18130222468442136,0.20984922717071644,0.4042944588441882,0.6117775131821364,0.08646397882392082,0.1473889886385926
2021-10-02 03:50:00,0.3186889818688982,-0.059760956175298974,0.31734921816827977,0.22156757721835385,0.5926895342293649,0.0032293986636971047,0.5,0.18130222468442136,0.20984922717071644,0.4042944588441882,0.6117775131821364,0.08646397882392082,0.1491920274001539
2021-10-02 04:00:00,0.3200836820083682,0.10756972111553775,0.3149664929262843,0.2144259953579717,0.5926895342293649,0.0014476614699331849,0.5,0.09931192576402759,0.20878890367147582,0.4881875814225933,0.7070065249540345,0.10852339413669922,0.1487997344478477
2021-10-02 04:10:00,0.29288702928870297,-0.33067729083665354,0.3149664929262843,0.2115693626138191,0.5926895342293649,0.0010022271714922048,0.5,0.09931192576402759,0.20878890367147582,0.4881875814225933,0.7070065249540345,0.10852339413669922,0.1259637581664831
2021-10-02 04:20:00,0.16457461645746163,0.4501992031872508,0.31347728965003685,0.21192644170683805,0.5998612765177789,0.08407572383073497,0.5,0.09931192576402759,0.20878890367147582,0.4881875814225933,0.7070065249540345,0.10852339413669922,0.04249588846809602
2021-10-02 04:30:00,0.12412831241283125,0.36254980079681287,0.30394638868205504,0.2212104981253349,0.6273704047846514,0.9995545657015591,0.5,0.09931192576402759,0.20878890367147582,0.4881875814225933,0.7070065249540345,0.10852339413669922,0.0
2021-10-02 04:40:00,0.22524407252440726,0.2749003984063745,0.3110945644080414,0.2369219782181753,0.6514768816008165,0.6782850779510022,0.5,0.09931192576402759,0.20878890367147582,0.4881875814225933,0.7070065249540345,0.10852339413669922,0.010312778188511852
2021-10-02 04:50:00,0.2112970711297071,0.1872509960159361,0.3253909158600148,0.2562042492412069,0.6888536990747406,0.00011135857461024499,0.5,0.09931192576402759,0.20878890367147582,0.4881875814225933,0.7070065249540345,0.10852339413669922,0.06232177075003395
2021-10-02 05:00:00,0.31311018131101814,-0.03585657370517936,0.3066269545792999,0.2640599892876272,0.7179594560992527,0.00311804008908686,0.5,0.06872740953558143,0.2051855278773126,0.6245269674672316,0.6904066560979022,0.11804550768659783,0.14489189311525869
2021-10-02 05:10:00,0.3688981868898187,0.12350597609561742,0.25510052122114657,0.21049812533476153,0.7182342856395022,0.007683741648106904,0.5,0.06872740953558143,0.2051855278773126,0.6245269674672316,0.6904066560979022,0.11804550768659783,0.22719797214720042
2021-10-02 05:20:00,0.49790794979079495,-0.38645418326693237,0.23186895011169018,0.17621853240492769,0.6926489641543756,0.007683741648106904,0.5,0.06872740953558143,0.2051855278773126,0.6245269674672316,0.6904066560979022,0.11804550768659783,0.47263002248140384
2021-10-02 05:30:00,0.4476987447698745,0.2749003984063745,0.21816827997021582,0.15443670773076223,0.6811584719477562,0.0017817371937639199,0.5,0.06872740953558143,0.2051855278773126,0.6245269674672316,0.6904066560979022,0.11804550768659783,0.40442385744677645
2021-10-02 05:40:00,0.50278940027894,-0.3944223107569722,0.2065524944154875,0.14015354400999835,0.6882386043894203,0.004677060133630289,0.5,0.06872740953558143,0.2051855278773126,0.6245269674672316,0.6904066560979022,0.11804550768659783,0.474878162861928
2021-10-02 05:50:00,0.5871687587168759,0.05976095617529875,0.19910647803425152,0.13479735761471168,0.688618130897384,0.00601336302895323,0.5,0.06872740953558143,0.2051855278773126,0.6245269674672316,0.6904066560979022,0.11804550768659783,0.6472305626386228
2021-10-02 06:00:00,0.7231520223152021,0.05976095617529875,0.19344750558451218,0.12229958935904306,0.6880030362120637,0.012583518930957683,0.5,-0.004940893322478046,0.2085590232380396,0.8018019526077866,0.7177795189290445,0.13394939751775387,0.9361844983931078
2021-10-02 06:10:00,0.705718270571827,-0.21115537848605592,0.18868205510052105,0.1151580074986609,0.6875449869783147,0.0034521158129175947,0.5,-0.004940893322478046,0.2085590232380396,0.8018019526077866,0.7177795189290445,0.13394939751775387,0.9398961932495435
2021-10-02 06:20:00,0.5488145048814504,-0.1633466135458168,0.18183172002978387,0.1169434029637566,0.6833047597858947,0.011581291759465479,0.5,-0.004940893322478046,0.2085590232380396,0.8018019526077866,0.7177795189290445,0.13394939751775387,0.61380267664499
2021-10-02 06:30:00,0.5132496513249651,-0.1872509960159363,0.1746835443037973,0.12301374754508143,0.6815249113347555,0.02494432071269488,0.5,-0.004940893322478046,0.2085590232380396,0.8018019526077866,0.7177795189290445,0.13394939751775387,0.532409433136684
2021-10-02 06:40:00,0.5578800557880056,0.01195219123505975,0.16753536857781093,0.12872701303338685,0.6719320516679537,0.027505567928730514,0.5,-0.004940893322478046,0.2085590232380396,0.8018019526077866,0.7177795189290445,0.13394939751775387,0.5544759117039094
2021-10-02 06:50:00,0.6185495118549511,-0.3067729083665339,0.16217423678332077,0.11801464024281394,0.6654015783067884,0.02238307349665924,0.5,-0.004940893322478046,0.2085590232380396,0.8018019526077866,0.7177795189290445,0.13394939751775387,0.6528282813042232
2021-10-02 07:00:00,0.6108786610878661,-0.003984063745020028,0.15800446760982845,0.11301553294054645,0.666500896467786,0.014587973273942095,0.5,-0.011650601039349007,0.23854979928564657,0.8279127270273996,0.6711008183272348,0.16635177246316699,0.6867314452977654
2021-10-02 07:10:00,0.49023709902370993,0.12350597609561742,0.15174981384959052,0.10658810926620266,0.674274646320556,0.004565701559020045,0.5,-0.011650601039349007,0.23854979928564657,0.8279127270273996,0.6711008183272348,0.16635177246316699,0.4651915445780588
2021-10-02 07:20:00,0.4839609483960949,-0.33864541832669326,0.14311243484735647,0.10730226745224059,0.6846134718823206,0.00757238307349666,0.5,-0.011650601039349007,0.23854979928564657,0.8279127270273996,0.6711008183272348,0.16635177246316699,0.46125352686452314
2021-10-02 07:30:00,0.6220362622036262,-0.14741035856573714,0.13983618763961259,0.09801821103374397,0.6846134718823206,0.006792873051224944,0.5,-0.011650601039349007,0.23854979928564657,0.8279127270273996,0.6711008183272348,0.16635177246316699,0.7674834407109555
2021-10-02 07:40:00,0.5815899581589958,-0.059760956175298974,0.13417721518987324,0.09301910373147648,0.6744578660140556,0.00311804008908686,0.5,-0.011650601039349007,0.23854979928564657,0.8279127270273996,0.6711008183272348,0.16635177246316699,0.733233248336527
2021-10-02 07:50:00,0.6708507670850766,-0.11553784860557781,0.12941176470588234,0.08766291733619003,0.6732407637643796,0.0034521158129175947,0.5,-0.011650601039349007,0.23854979928564657,0.8279127270273996,0.6711008183272348,0.16635177246316699,0.9192253723011
2021-10-02 08:00:00,0.7001394700139469,-0.19521912350597614,0.12494415487714061,0.0830208891269415,0.6732015024014867,0.010356347438752784,0.5,-0.0010242066717520704,0.2583310105831195,0.8664368287490662,0.6651929739446706,0.18338685960663179,0.9558368664846025
2021-10-02 08:10:00,0.7426778242677825,-0.1872509960159363,0.1243484735666418,0.08123549366184624,0.6662391540485009,0.010467706013363028,0.5,-0.0010242066717520704,0.2583310105831195,0.8664368287490662,0.6651929739446706,0.18338685960663179,0.8985500248955144
2021-10-02 08:20:00,0.7914923291492328,-0.09960159362549814,0.12494415487714061,0.07945009819675053,0.6632683775896141,0.02806236080178174,0.5,-0.0010242066717520704,0.2583310105831195,0.8664368287490662,0.6651929739446706,0.18338685960663179,0.841263183306426
2021-10-02 08:30:00,0.795676429567643,-0.33864541832669326,0.12822040208488428,0.08266381003392254,0.6565023360510921,0.026614699331848554,0.5,-0.0010242066717520704,0.2583310105831195,0.8664368287490662,0.6651929739446706,0.18338685960663179,0.7839763417173379
2021-10-02 08:40:00,0.7384937238493724,0.043824701195219085,0.13894266567386415,0.09230494554543855,0.6480087945452879,0.0089086859688196,0.5,-0.0010242066717520704,0.2583310105831195,0.8664368287490662,0.6651929739446706,0.18338685960663179,0.7266895001282496
2021-10-02 08:50:00,0.7259414225941423,0.003984063745019917,0.1443037974683543,0.1026602392429925,0.6533614270196699,0.07806236080178174,0.5,-0.0010242066717520704,0.2583310105831195,0.8664368287490662,0.6651929739446706,0.18338685960663179,0.6694026585391615
2021-10-02 09:00:00,0.8179916317991632,0.1394422310756971,0.148175725986597,0.11265845384752704,0.6533614270196699,0.12260579064587973,0.5,0.017264626413712403,0.2727215257164363,0.775028447578275,0.7071428784623806,0.1905489210100791,0.5205048508532372
2021-10-02 09:10:00,0.7085076708507672,0.346613545816733,0.15472822040208456,0.10551687198714532,0.6533614270196699,0.10055679287305122,0.5,0.017264626413712403,0.2727215257164363,0.775028447578275,0.7071428784623806,0.1905489210100791,0.480219382289482
2021-10-02 09:20:00,0.5209205020920502,-0.01195219123505975,0.15711094564408024,0.1087305838243171,0.64700108623104,0.04732739420935412,0.5,0.017264626413712403,0.2727215257164363,0.775028447578275,0.7071428784623806,0.1905489210100791,0.3696078579295985
2021-10-02 09:30:00,0.4609483960948396,-0.03585657370517936,0.16157855547282196,0.12158543117300469,0.6365837379434898,0.010579064587973273,0.5,0.017264626413712403,0.2727215257164363,0.775028447578275,0.7071428784623806,0.1905489210100791,0.3493066976477511
2021-10-02 09:40:00,0.4393305439330544,0.14741035856573692,0.17230081906180184,0.12515622210319588,0.6420934158694429,0.004120267260579065,0.5,0.017264626413712403,0.2727215257164363,0.775028447578275,0.7071428784623806,0.1905489210100791,0.3420945426015058
2021-10-02 09:50:00,0.4790794979079498,0.2350597609561753,0.1824274013402829,0.12908409212640604,0.6513198361492456,0.022160356347438754,0.5,0.017264626413712403,0.2727215257164363,0.775028447578275,0.7071428784623806,0.1905489210100791,0.3923759373538332
2021-10-02 10:00:00,0.5216178521617852,0.3784860557768923,0.19136262099776613,0.12908409212640604,0.655991938333486,0.032739420935412024,0.5,0.1969772095004274,0.2791007077443832,0.49913798099487455,0.7520310826503261,0.20345852053987826,0.434788840774326
2021-10-02 10:10:00,0.6297071129707112,-0.01195219123505975,0.19940431868950093,0.12908409212640604,0.6601536428001205,0.06224944320712695,0.5,0.1969772095004274,0.2791007077443832,0.49913798099487455,0.7520310826503261,0.20345852053987826,0.5433408271346017
2021-10-02 10:20:00,0.598326359832636,0.07569721115537842,0.20714817572598654,0.13336904124263538,0.6561620709060214,0.05968819599109132,0.5,0.1969772095004274,0.2791007077443832,0.49913798099487455,0.7520310826503261,0.20345852053987826,0.5055449099989439
2021-10-02 10:30:00,0.7154811715481172,-0.11553784860557781,0.22025316455696187,0.1412247812890557,0.6557956315190221,0.08485523385300668,0.5,0.1969772095004274,0.2791007077443832,0.49913798099487455,0.7520310826503261,0.20345852053987826,0.5446006910391237
2021-10-02 10:40:00,0.6910739191073919,-0.03585657370517936,0.23395383469843622,0.145866809498304,0.6462158589731845,0.08552338530066815,0.5,0.1969772095004274,0.2791007077443832,0.49913798099487455,0.7520310826503261,0.20345852053987826,0.5422544774205229
2021-10-02 10:50:00,0.7231520223152021,0.06772908366533859,0.2512285927029039,0.1537225495447243,0.6551412754708092,0.09721603563474389,0.5,0.1969772095004274,0.2791007077443832,0.49913798099487455,0.7520310826503261,0.20345852053987826,0.5132172548546253
2021-10-02 11:00:00,0.7831241283124128,-0.15537848605577698,0.25480268056589694,0.16122121049812543,0.6654277525487169,0.11302895322939867,0.5,0.23222758947549926,0.2787645076104784,0.40876744661157105,0.7625866812890618,0.2280273041292396,0.5107277034265281
2021-10-02 11:10:00,0.7698744769874476,0.003984063745019917,0.2562918838421444,0.16157828959114462,0.6590543246391227,0.11414253897550111,0.5,0.23222758947549926,0.2787645076104784,0.40876744661157105,0.7625866812890618,0.2280273041292396,0.47499886838571453
2021-10-02 11:20:00,0.7928870292887029,-0.003984063745020028,0.26641846612062525,0.16300660596322092,0.6649435290730392,0.11971046770601337,0.5,0.23222758947549926,0.2787645076104784,0.40876744661157105,0.7625866812890618,0.2280273041292396,0.46221917105481547
2021-10-02 11:30:00,0.8291492329149234,-0.09960159362549814,0.27862993298585237,0.16907695054454575,0.6632945518315426,0.14298440979955457,0.5,0.23222758947549926,0.2787645076104784,0.40876744661157105,0.7625866812890618,0.2280273041292396,0.41927818096775654
2021-10-02 11:40:00,0.895397489539749,0.25099601593625476,0.2905435591958301,0.16764863417246945,0.6640012563636125,0.15300668151447663,0.5,0.23222758947549926,0.2787645076104784,0.40876744661157105,0.7625866812890618,0.2280273041292396,0.43592799915506136
2021-10-02 11:50:00,0.9044630404463041,0.003984063745019917,0.2985852568875649,0.16871987145152634,0.6615539647432961,0.16057906458797327,0.5,0.23222758947549926,0.2787645076104784,0.40876744661157105,0.7625866812890618,0.2280273041292396,0.41787497925373807
2021-10-02 12:00:00,0.8437935843793585,-0.17928286852589637,0.30454206999255384,0.17229066238171753,0.6725209721113452,0.15256124721603564,0.5,0.26193268479362586,0.26548891257934476,0.3440101948410239,0.8383318598074445,0.2547652238113581,0.4010365586855169
2021-10-02 12:10:00,0.897489539748954,-0.019920318725099695,0.30841399851079654,0.1730048205677559,0.6709636047165984,0.15902004454342983,0.5,0.26193268479362586,0.26548891257934476,0.3440101948410239,0.8383318598074445,0.2547652238113581,0.4022587021138555
2021-10-02 12:20:00,0.8702928870292888,-0.019920318725099695,0.31734921816827977,0.17657561149794687,0.6693408017170304,0.15723830734966593,0.5,0.26193268479362586,0.26548891257934476,0.3440101948410239,0.8383318598074445,0.2547652238113581,0.39243629011572645
2021-10-02 12:30:00,0.9037656903765691,-0.0916334661354582,0.3221146686522709,0.1780039278700234,0.6773632068681211,0.15846325167037864,0.5,0.26193268479362586,0.26548891257934476,0.3440101948410239,0.8383318598074445,0.2547652238113581,0.4162001901112
2021-10-02 12:40:00,0.896094839609484,-0.059760956175298974,0.3253909158600148,0.17764684877700399,0.6724686236274883,0.1648106904231626,0.5,0.26193268479362586,0.26548891257934476,0.3440101948410239,0.8383318598074445,0.2547652238113581,0.3834814490698131
2021-10-02 12:50:00,0.9086471408647141,-0.043824701195219196,0.3298585256887563,0.18264595607927148,0.6704008585151352,0.17216035634743876,0.5,0.26193268479362586,0.26548891257934476,0.3440101948410239,0.8383318598074445,0.2547652238113581,0.33859408241169636
2021-10-02 13:00:00,0.8661087866108786,-0.09960159362549814,0.3331347728965002,0.18193179789323355,0.6618811427674026,0.17082405345211582,0.5,0.3951740414238698,0.2415756004907944,0.23932044369218308,0.9232323961892921,0.2740296546626064,0.3406158999351208
2021-10-02 13:10:00,0.8605299860529986,0.043824701195219085,0.3376023827252417,0.18050348152115703,0.6617240973158315,0.16002227171492203,0.5,0.3951740414238698,0.2415756004907944,0.23932044369218308,0.9232323961892921,0.2740296546626064,0.36471928421624394
2021-10-02 13:20:00,0.8591352859135286,-0.08366533864541836,0.3450483991064779,0.18621674700946267,0.665231445734253,0.1502227171492205,0.5,0.3951740414238698,0.2415756004907944,0.23932044369218308,0.9232323961892921,0.2740296546626064,0.41164355658825835
2021-10-02 13:30:00,0.9232914923291493,-0.08366533864541836,0.3489203276247206,0.19621496161399765,0.667456256298177,0.15946547884187084,0.5,0.3951740414238698,0.2415756004907944,0.23932044369218308,0.9232323961892921,0.2740296546626064,0.41694705553962913
2021-10-02 13:40:00,0.8319386331938633,0.09163346613545809,0.3542814594192105,0.19585788252097847,0.6640536048474696,0.14899777282850782,0.5,0.3951740414238698,0.2415756004907944,0.23932044369218308,0.9232323961892921,0.2740296546626064,0.39677414487680496
2021-10-02 13:50:00,0.8347280334728034,0.03585657370517925,0.3602382725241995,0.2015711480092841,0.6677703472013191,0.14198218262806236,0.5,0.3951740414238698,0.2415756004907944,0.23932044369218308,0.9232323961892921,0.2740296546626064,0.40458982754198286
2021-10-02 14:00:00,0.7601115760111576,0.1872509960159361,0.36619508562918823,0.2094268880557042,0.6576932640588397,0.10100222717149221,0.5,0.39853703343613844,0.2176594148968276,0.22994786544564957,0.9295165733618319,0.28047409800303497,0.5575689907509392
2021-10-02 14:10:00,0.7545327754532776,0.1633466135458166,0.37483246463142206,0.22371005177646874,0.6749944379735902,0.09988864142538977,0.5,0.39853703343613844,0.2176594148968276,0.22994786544564957,0.9295165733618319,0.28047409800303497,0.5792658086515684
2021-10-02 14:20:00,0.7538354253835425,-0.19521912350597614,0.3810871183916602,0.24049276914836648,0.6726387562000236,0.10400890868596882,0.5,0.39853703343613844,0.2176594148968276,0.22994786544564957,0.9295165733618319,0.28047409800303497,0.5141376344734976
2021-10-02 14:30:00,0.8298465829846583,0.09163346613545809,0.38257632166790767,0.2483485091947868,0.6765648924893013,0.11937639198218264,0.5,0.39853703343613844,0.2176594148968276,0.22994786544564957,0.9295165733618319,0.28047409800303497,0.5383541801831706
2021-10-02 14:40:00,0.892608089260809,0.003984063745019917,0.38585256887565134,0.2540617746830922,0.6842339453743571,0.1306236080178174,0.5,0.39853703343613844,0.2176594148968276,0.22994786544564957,0.9295165733618319,0.28047409800303497,0.5599529248457232
2021-10-02 14:50:00,0.8765690376569037,-0.2509960159362551,0.3885331347728964,0.2526334583110159,0.6837889832615723,0.13051224944320713,0.5,0.39853703343613844,0.2176594148968276,0.22994786544564957,0.9295165733618319,0.28047409800303497,0.534152119136352
2021-10-02 15:00:00,0.9086471408647141,0.29083665338645415,0.39061801935964247,0.2533476164970543,0.6837889832615723,0.13864142538975502,0.5,0.3901906229123051,0.19538974790737043,0.23128613489192967,0.8966044057591992,0.2795200793136641,0.5707711574150912
2021-10-02 15:10:00,0.8863319386331939,0.05976095617529875,0.3921072226358895,0.2590608819853597,0.6838151575035007,0.13485523385300668,0.5,0.3901906229123051,0.19538974790737043,0.23128613489192967,0.8966044057591992,0.2795200793136641,0.5395084267543794
2021-10-02 15:20:00,0.907252440725244,0.019920318725099362,0.3915115413253907,0.2640599892876272,0.6821923545039327,0.1234966592427617,0.5,0.3901906229123051,0.19538974790737043,0.23128613489192967,0.8966044057591992,0.2795200793136641,0.6679843686346697
2021-10-02 15:30:00,0.9051603905160391,-0.21115537848605592,0.39478778853313456,0.26798785931083735,0.6829252332779312,0.12204899777282852,0.5,0.3901906229123051,0.19538974790737043,0.23128613489192967,0.8966044057591992,0.2795200793136641,0.653273382923186
2021-10-02 15:40:00,0.9386331938633194,-0.1633466135458168,0.3953834698436334,0.2719157293340475,0.6826504037376817,0.1301781737193764,0.5,0.3901906229123051,0.19538974790737043,0.23128613489192967,0.8966044057591992,0.2795200793136641,0.6359974048312386
2021-10-02 15:50:00,0.9832635983263598,0.17131474103585642,0.3983618763961281,0.2719157293340475,0.6821400060200756,0.1447661469933185,0.5,0.3901906229123051,0.19538974790737043,0.23128613489192967,0.8966044057591992,0.2795200793136641,0.6486262202574046
2021-10-02 16:00:00,0.9546722454672245,-0.05179282868525903,0.3953834698436334,0.2719157293340475,0.6836842862938581,0.12605790645879733,0.5,0.42269684409732045,0.18386699118121094,0.21770332774209863,0.8785962859694355,0.27138708154624896,0.697911794438493
2021-10-02 16:10:00,0.9302649930264993,0.14741035856573692,0.3921072226358895,0.27441528298518114,0.6865634529059952,0.1360801781737194,0.5,0.42269684409732045,0.18386699118121094,0.21770332774209863,0.8785962859694355,0.27138708154624896,0.5893673521734538
2021-10-02 16:20:00,0.907252440725244,-0.298804780876494,0.39448994787788516,0.276914836636315,0.6925966156705187,0.13574610244988863,0.5,0.42269684409732045,0.18386699118121094,0.21770332774209863,0.8785962859694355,0.27138708154624896,0.5479502693242
2021-10-02 16:30:00,0.9344490934449093,0.09163346613545809,0.3953834698436334,0.27977146938046804,0.6850191726322127,0.13786191536748332,0.5,0.42269684409732045,0.18386699118121094,0.21770332774209863,0.8785962859694355,0.27138708154624896,0.5817251836987191
2021-10-02 16:40:00,0.8849372384937239,0.09163346613545809,0.3921072226358895,0.28262810212462064,0.6850191726322127,0.11804008908685969,0.5,0.42269684409732045,0.18386699118121094,0.21770332774209863,0.8785962859694355,0.27138708154624896,0.6752945969189915
2021-10-02 16:50:00,0.8389121338912133,-0.06772908366533881,0.3891288160833952,0.2851276557757545,0.6857127900433184,0.09766146993318485,0.5,0.42269684409732045,0.18386699118121094,0.21770332774209863,0.8785962859694355,0.27138708154624896,0.7369902077643828
2021-10-02 17:00:00,0.8200836820083682,-0.21912350597609564,0.3909158600148921,0.29334047491519377,0.6867204983575663,0.08930957683741649,0.5,0.41365015210676437,0.18556810638866317,0.22281063975569515,0.8893242024618431,0.2658250857090095,0.7322826923367081
2021-10-02 17:10:00,0.794979079497908,0.06772908366533859,0.39389426656738635,0.3008391358685949,0.6765387182473728,0.0791759465478842,0.5,0.41365015210676437,0.18556810638866317,0.22281063975569515,0.8893242024618431,0.2658250857090095,0.7840578179458937
2021-10-02 17:20:00,0.7684797768479776,-0.043824701195219196,0.3873417721518986,0.3094090341010536,0.6746149114656267,0.06737193763919821,0.5,0.41365015210676437,0.18556810638866317,0.22281063975569515,0.8893242024618431,0.2658250857090095,0.7932540700393802
2021-10-02 17:30:00,0.8472803347280335,0.027888446215139417,0.3828741623231571,0.31619353686841634,0.6712122600149193,0.09298440979955457,0.5,0.41365015210676437,0.18556810638866317,0.22281063975569515,0.8893242024618431,0.2658250857090095,0.7894744783258144
2021-10-02 17:40:00,0.8075313807531381,0.027888446215139417,0.3849590469099031,0.3186930905195502,0.6708589077488843,0.07728285077951003,0.5,0.41365015210676437,0.18556810638866317,0.22281063975569515,0.8893242024618431,0.2658250857090095,0.8447576082200462
2021-10-02 17:50:00,0.8270571827057183,-0.14741035856573714,0.38585256887565134,0.32547759328691295,0.6722592296920601,0.06926503340757238,0.5,0.41365015210676437,0.18556810638866317,0.22281063975569515,0.8893242024618431,0.2658250857090095,0.9220393198243735
2021-10-02 18:00:00,0.9058577405857741,0.49003984063745,0.3918093819806401,0.3279771469380468,0.6661213699598225,0.10189309576837417,0.5,0.2713946561012974,0.20749007922254534,0.3067518248869421,0.8578175193047398,0.24915323854229535,0.8924362901157264
2021-10-02 18:10:00,0.8068340306834031,-0.0916334661354582,0.3888309754281456,0.3297625424031425,0.6714870895551688,0.07472160356347439,0.5,0.2713946561012974,0.20749007922254534,0.3067518248869421,0.8578175193047398,0.24915323854229535,0.8666053080254086
2021-10-02 18:20:00,0.8249651324965133,-0.043824701195219196,0.38525688756515253,0.3344045706123906,0.6712646084987763,0.08273942093541202,0.5,0.2713946561012974,0.20749007922254534,0.3067518248869421,0.8578175193047398,0.24915323854229535,0.8175234244157099
2021-10-02 18:30:00,0.898884239888424,0.03585657370517925,0.3828741623231571,0.3361899660774863,0.664328434387719,0.11158129175946548,0.5,0.2713946561012974,0.20749007922254534,0.3067518248869421,0.8578175193047398,0.24915323854229535,0.7895800956591276
2021-10-02 18:40:00,0.8437935843793585,0.17928286852589648,0.3831720029784065,0.3329762542403143,0.664328434387719,0.08608017817371938,0.5,0.2713946561012974,0.20749007922254534,0.3067518248869421,0.8578175193047398,0.24915323854229535,0.8590989332649336
2021-10-02 18:50:00,0.7838214783821479,0.15537848605577675,0.3804914370811614,0.3358328869844669,0.6659512373872872,0.07160356347438752,0.5,0.2713946561012974,0.20749007922254534,0.3067518248869421,0.8578175193047398,0.24915323854229535,0.8402160628875779
2021-10-02 19:00:00,0.8375174337517434,-0.10756972111553798,0.37900223380491416,0.34368862703088743,0.6673908206933558,0.09142538975501115,0.5,0.2680642500574506,0.2241046875493872,0.2912721320764025,0.8889962922544626,0.19648185248620756,0.7735564373764655
2021-10-02 19:10:00,0.8347280334728034,-0.06772908366533881,0.3795979151154132,0.34333154793786824,0.6614754420175106,0.10133630289532294,0.5,0.2680642500574506,0.2241046875493872,0.2912721320764025,0.8889962922544626,0.19648185248620756,0.6780859121565551
2021-10-02 19:20:00,0.9100418410041842,-0.23505976095617542,0.3769173492181681,0.34226031065881113,0.6532436429309916,0.12093541202672606,0.5,0.2680642500574506,0.2241046875493872,0.2912721320764025,0.8889962922544626,0.19648185248620756,0.6935211310107579
2021-10-02 19:30:00,0.8312412831241283,0.003984063745019917,0.3736411020104242,0.33190501696125696,0.6538587376163117,0.10512249443207126,0.5,0.2680642500574506,0.2241046875493872,0.2912721320764025,0.8889962922544626,0.19648185248620756,0.7191107020535028
2021-10-02 19:40:00,0.7768479776847979,-0.03585657370517936,0.3676842889054355,0.3311908587752188,0.6421719385952285,0.08129175946547884,0.5,0.2680642500574506,0.2241046875493872,0.2912721320764025,0.8889962922544626,0.19648185248620756,0.7088281002459376
2021-10-02 19:50:00,0.8947001394700139,0.20318725099601576,0.3644080416976916,0.32262096054276035,0.6339008781458167,0.1259465478841871,0.5,0.2680642500574506,0.2241046875493872,0.2912721320764025,0.8889962922544626,0.19648185248620756,0.6534695293993392
2021-10-02 20:00:00,0.8891213389121339,0.09163346613545809,0.3620253164556959,0.3090519550080342,0.6339008781458167,0.1643652561247216,0.5,0.2503616975788656,0.26723025686264873,0.27464109383775936,0.8806039336176827,0.14926308105239391,0.7398720521447864
2021-10-02 20:10:00,0.8835425383542539,-0.4183266932270917,0.35517498138495895,0.2961971076593466,0.6339008781458167,0.1599109131403118,0.5,0.2503616975788656,0.26723025686264873,0.27464109383775936,0.8806039336176827,0.14926308105239391,0.6386981909259623
2021-10-02 20:20:00,0.8779637377963738,-0.47410358565737054,0.3501116902457184,0.2829851812176398,0.6339008781458167,0.17271714922048997,0.5,0.2503616975788656,0.26723025686264873,0.27464109383775936,0.8806039336176827,0.14926308105239391,0.6601762300647284
2021-10-02 20:30:00,0.8723849372384938,-0.13147410358565736,0.34713328369322394,0.26798785931083735,0.6233788328905524,0.15211581291759466,0.5,0.2503616975788656,0.26723025686264873,0.27464109383775936,0.8806039336176827,0.14926308105239391,0.8421699835538724
2021-10-02 20:40:00,0.8668061366806137,0.3306772908366533,0.34355919583023065,0.2533476164970543,0.6197667875044169,0.1326280623608018,0.5,0.2503616975788656,0.26723025686264873,0.27464109383775936,0.8806039336176827,0.14926308105239391,0.8681669357393967
2021-10-02 20:50:00,0.8612273361227336,-0.15537848605577698,0.30483991064780347,0.23799321549723285,0.5956864849301802,0.09766146993318485,0.5,0.2503616975788656,0.26723025686264873,0.27464109383775936,0.8806039336176827,0.14926308105239391,0.7957436214674773
2021-10-02 21:00:00,0.7419804741980475,0.019920318725099362,0.2679076693968725,0.23227995000892698,0.5875332085694469,0.07082405345211581,0.5,0.19693648537817232,0.2968302361734125,0.2813391622177102,0.9772931900260697,0.12092744910114835,0.7660274303302805
2021-10-02 21:10:00,0.7726638772663877,0.2828685258964143,0.24288905435591945,0.21835386538118184,0.599363965921137,0.07082405345211581,0.5,0.19693648537817232,0.2968302361734125,0.2813391622177102,0.9772931900260697,0.12092744910114835,0.8198696380343106
2021-10-02 21:20:00,0.8584379358437936,-0.043824701195219196,0.22799702159344726,0.20049991073022677,0.6011045530093835,0.09086859688195992,0.5,0.19693648537817232,0.2968302361734125,0.2813391622177102,0.9772931900260697,0.12092744910114835,0.8819499977367714
2021-10-02 21:30:00,0.7210599721059973,0.31474103585657365,0.21906180193596425,0.18693090519550082,0.5981730379133895,0.03719376391982183,0.5,0.19693648537817232,0.2968302361734125,0.2813391622177102,0.9772931900260697,0.12092744910114835,0.8592724474553767
2021-10-02 21:40:00,0.6868898186889818,-0.09960159362549814,0.20506329113924027,0.18443135154436718,0.5964193637041787,0.0467706013363029,0.5,0.19693648537817232,0.2968302361734125,0.2813391622177102,0.9772931900260697,0.12092744910114835,0.7699956244247628
2021-10-02 21:50:00,0.7154811715481172,-0.1394422310756973,0.19910647803425152,0.18550258882342452,0.588305348706338,0.04309576837416481,0.5,0.19693648537817232,0.2968302361734125,0.2813391622177102,0.9772931900260697,0.12092744910114835,0.8400953573637914
2021-10-02 22:00:00,0.6680613668061367,-0.11553784860557781,0.18957557706626949,0.18443135154436718,0.588305348706338,0.056458797327394214,0.5,0.08921481157338862,0.31789877789814575,0.36581081082794786,0.9945494759904749,0.11133202627636335,0.6593539236839326
2021-10-02 22:10:00,0.7622036262203626,-0.19521912350597614,0.1824274013402829,0.18050348152115703,0.588305348706338,0.06837416481069042,0.5,0.08921481157338862,0.31789877789814575,0.36581081082794786,0.9945494759904749,0.11133202627636335,0.8076180273699776
2021-10-02 22:20:00,0.7887029288702929,-0.11553784860557781,0.17647058823529393,0.17229066238171753,0.5794584549344989,0.07227171492204901,0.5,0.08921481157338862,0.31789877789814575,0.36581081082794786,0.9945494759904749,0.11133202627636335,0.864628755073404
2021-10-02 22:30:00,0.8702928870292888,-0.059760956175298974,0.17974683544303782,0.16264952687020195,0.5783460496525369,0.09721603563474389,0.5,0.08921481157338862,0.31789877789814575,0.36581081082794786,0.9945494759904749,0.11133202627636335,0.8705885903103641
2021-10-02 22:40:00,0.9107391213389121,0.2669322709163344,0.18064035740878626,0.14800928405641844,0.5783329625315726,0.13184855233853007,0.5,0.08921481157338862,0.31789877789814575,0.36581081082794786,0.9945494759904749,0.11133202627636335,0.8625164084071397
2021-10-02 22:50:00,0.9511854951185496,0.29083665338645415,0.17498138495904692,0.13336904124263538,0.5785947049508579,0.12394209354120268,0.5,0.08921481157338862,0.31789877789814575,0.36581081082794786,0.9945494759904749,0.11133202627636335,0.7692336708058602
2021-10-02 23:00:00,0.9065550906555091,-0.2749003984063746,0.17021593447505579,0.12551330119621507,0.5818795723128869,0.10356347438752785,0.5,0.020472926796972546,0.32703939863278547,0.421968923691757,0.9069912124604718,0.11440106772987094,0.8541424626944492
2021-10-02 23:10:00,0.9721059972105996,-0.4900398406374503,0.16902457185405795,0.1219425102660241,0.5782282655638586,0.12494432071269489,0.5,0.020472926796972546,0.32703939863278547,0.421968923691757,0.9069912124604718,0.11440106772987094,0.8059960468940961
2021-10-02 23:20:00,0.9407252440725244,-0.5378486055776892,0.16753536857781093,0.11551508659168008,0.5782151784428944,0.10590200445434299,0.5,0.020472926796972546,0.32703939863278547,0.421968923691757,0.9069912124604718,0.11440106772987094,0.8550628423133214
2021-10-02 23:30:00,0.9114365411436541,-0.5936254980079682,0.1666418466120625,0.11123013747545074,0.5782151784428944,0.10824053452115814,0.5,0.020472926796972546,0.32703939863278547,0.421968923691757,0.9069912124604718,0.11440106772987094,0.7864794725168611
2021-10-02 23:40:00,0.9114365411436541,0.05179282868525892,0.17319434102755027,0.11123013747545074,0.5782151784428944,0.11547884187082405,0.5,0.020472926796972546,0.32703939863278547,0.421968923691757,0.9069912124604718,0.11440106772987094,0.7869622946120073
2021-10-02 23:50:00,0.9741980474198048,0.08366533864541825,0.1782576321667908,0.10908766291733629,0.5824423185143499,0.13374164810690423,0.5,0.020472926796972546,0.32703939863278547,0.421968923691757,0.9069912124604718,0.11440106772987094,0.6981833818670127
2021-10-03 00:00:00,0.9539748953974895,-0.17928286852589637,0.1785554728220402,0.10515979289412614,0.5782937011686798,0.12706013363028953,0.5,0.03237774508433833,0.35605318283827603,0.42444750573738804,0.8527163322241692,0.11058388037331926,0.7508411666188874
2021-10-03 00:10:00,0.803347280334728,0.03585657370517925,0.17498138495904692,0.10515979289412614,0.5782937011686798,0.1099109131403118,0.5,0.03237774508433833,0.35605318283827603,0.42444750573738804,0.8527163322241692,0.11058388037331926,0.6113433015978395
2021-10-03 00:20:00,0.7907949790794979,0.019920318725099362,0.17259865971705124,0.10837350473129792,0.5843268639332033,0.11314031180400891,0.5,0.03237774508433833,0.35605318283827603,0.42444750573738804,0.8527163322241692,0.11058388037331926,0.5192977956153719
2021-10-03 00:30:00,0.7468619246861925,0.09960159362549792,0.16396128071481741,0.1040885556150688,0.5959874887123582,0.06325167037861915,0.5,0.03237774508433833,0.35605318283827603,0.42444750573738804,0.8527163322241692,0.11058388037331926,0.7827376012794786
2021-10-03 00:40:00,0.7078103207810321,0.17131474103585642,0.13775130305286676,0.09301910373147648,0.6006465037756344,0.06057906458797328,0.5,0.03237774508433833,0.35605318283827603,0.42444750573738804,0.8527163322241692,0.11058388037331926,0.6968857974863075
2021-10-03 00:50:00,0.6443514644351465,-0.059760956175298974,0.11809381980640343,0.0830208891269415,0.6089960869508317,0.03474387527839644,0.5,0.03237774508433833,0.35605318283827603,0.42444750573738804,0.8527163322241692,0.11058388037331926,0.7190277170058995
2021-10-03 01:00:00,0.6861924686192469,-0.2509960159362551,0.1046909903201787,0.07873594001071238,0.6144272421509992,0.03608017817371938,0.5,-0.013922446729279447,0.3778688359716895,0.4549993107652383,0.772830371955517,0.10914752053333746,0.7614632527121022
2021-10-03 01:10:00,0.6213389121338913,-0.36254980079681276,0.09575577066269525,0.07373683270844489,0.6065095339676225,0.02160356347438753,0.5,-0.013922446729279447,0.3778688359716895,0.4549993107652383,0.772830371955517,0.10914752053333746,0.7161911371969161
2021-10-03 01:20:00,0.5467224546722455,0.21912350597609564,0.09158600148920315,0.07409391180146407,0.5981337765504966,0.022271714922048998,0.5,-0.013922446729279447,0.3778688359716895,0.4549993107652383,0.772830371955517,0.10914752053333746,0.560224512274243
2021-10-03 01:30:00,0.5550906555090656,-0.11553784860557781,0.08622486969471321,0.07230851633636859,0.6059991362500163,0.030734966592427616,0.5,-0.013922446729279447,0.3778688359716895,0.4549993107652383,0.772830371955517,0.10914752053333746,0.489181767430632
2021-10-03 01:40:00,0.48326359832635984,-0.05179282868525903,0.07758749069247939,0.07159435815033022,0.5986049129052099,0.015478841870824054,0.5,-0.013922446729279447,0.3778688359716895,0.4549993107652383,0.772830371955517,0.10914752053333746,0.41317500792129996
2021-10-03 01:50:00,0.4686192468619247,-0.33067729083665354,0.07371556217423669,0.06123906445277627,0.6092840036120455,0.009910913140311804,0.5,-0.013922446729279447,0.3778688359716895,0.4549993107652383,0.772830371955517,0.10914752053333746,0.37726511459480666
2021-10-03 02:00:00,0.4198047419804742,-0.15537848605577698,0.06954579300074437,0.051597928941260696,0.5973485492926411,0.004231625835189309,0.5,-0.009085581692889533,0.38737726539983225,0.4650691130632878,0.7050135053376468,0.1226787233829662,0.2973354255624123
2021-10-03 02:10:00,0.3528591352859135,0.03585657370517925,0.06626954579300048,0.041242635243706305,0.6120061247726113,0.0010022271714922048,0.5,-0.009085581692889533,0.38737726539983225,0.4650691130632878,0.7050135053376468,0.1226787233829662,0.20528237548470812
2021-10-03 02:20:00,0.18340306834030684,0.09960159362549792,0.06626954579300048,0.026245313336904275,0.597139155357213,0.009688195991091315,0.5,-0.009085581692889533,0.38737726539983225,0.4650691130632878,0.7050135053376468,0.1226787233829662,0.062178432940537445
2021-10-03 02:30:00,0.055788005578800565,0.11075697211155378,0.07699180938198036,0.03517229066238192,0.5964978864299643,0.989977728285078,0.5,-0.009085581692889533,0.38737726539983225,0.4650691130632878,0.7050135053376468,0.1226787233829662,0.0
2021-10-03 02:40:00,0.1394700139470014,0.12191235059760941,0.0975428145941919,0.06052490626673812,0.5964978864299643,0.9995545657015591,0.5,-0.009085581692889533,0.38737726539983225,0.4650691130632878,0.7050135053376468,0.1226787233829662,0.0
2021-10-03 02:50:00,0.14574616457461645,0.13306772908366526,0.10081906180193578,0.07159435815033022,0.5964978864299643,0.9995545657015591,0.5,-0.009085581692889533,0.38737726539983225,0.4650691130632878,0.7050135053376468,0.1226787233829662,0.0
2021-10-03 03:00:00,0.2545327754532775,0.1442231075697209,0.1005212211466866,0.07266559542938755,0.6342149690489589,0.45122494432071275,0.5,-0.017945029439104476,0.39702937009887884,0.49078803184099745,0.6343720362860455,0.14287088485293736,0.04710533065769422
2021-10-03 03:10:00,0.3235704323570432,0.15537848605577675,0.1174981384959044,0.08659168005713269,0.6573137375508762,0.010356347438752784,0.5,-0.017945029439104476,0.39702937009887884,0.49078803184099745,0.6343720362860455,0.14287088485293736,0.16193400425486973
2021-10-03 03:20:00,0.4121338912133891,-0.2589641434262948,0.07758749069247939,0.060167827173718935,0.6597872034131211,0.01915367483296214,0.5,-0.017945029439104476,0.39702937009887884,0.49078803184099745,0.6343720362860455,0.14287088485293736,0.2562201065226247
2021-10-03 03:30:00,0.48117154811715485,0.03585657370517925,0.04571854058078917,0.0069630423138726805,0.6597872034131211,0.009242761692650333,0.5,-0.017945029439104476,0.39702937009887884,0.49078803184099745,0.6343720362860455,0.14287088485293736,0.4169621437301025
2021-10-03 03:40:00,0.496513249651325,-0.26693227091633476,0.03261355174981384,-0.018746652383503037,0.6561751580269856,0.00044543429844097997,0.5,-0.017945029439104476,0.39702937009887884,0.49078803184099745,0.6343720362860455,0.14287088485293736,0.46496522172095905
2021-10-03 03:50:00,0.5062761506276151,-0.19521912350597614,0.02725241995532368,-0.027316550615961277,0.6340448364764235,0.00033407572383073496,0.5,-0.017945029439104476,0.39702937009887884,0.49078803184099745,0.6343720362860455,0.14287088485293736,0.48261840457473937
2021-10-03 04:00:00,0.4721059972105997,0.10756972111553775,0.022486969471332774,-0.031244420639171433,0.6277106699297221,0.00033407572383073496,0.5,-0.05830910509325038,0.405876893280882,0.5420125680405329,0.5896909389916943,0.1565360608581309,0.413461683540293
2021-10-03 04:10:00,0.5418410041841004,-0.019920318725099695,0.012956068503350515,-0.03945723977861093,0.6291764274777192,0.00022271714922048998,0.5,-0.05830910509325038,0.405876893280882,0.5420125680405329,0.5896909389916943,0.1565360608581309,0.5932374730298595
2021-10-03 04:20:00,0.6338912133891214,-0.17928286852589637,0.005510052122114528,-0.0480271380110695,0.6259569957205113,0.00033407572383073496,0.5,-0.05830910509325038,0.405876893280882,0.5420125680405329,0.5896909389916943,0.1565360608581309,0.8165577802254177
2021-10-03 04:30:00,0.5341701534170153,-0.3466135458167332,-0.0007446016381237319,-0.04588466345295483,0.6128306133933595,0.00033407572383073496,0.5,-0.05830910509325038,0.405876893280882,0.5420125680405329,0.5896909389916943,0.1565360608581309,0.5562487740845241
2021-10-03 04:40:00,0.2914923291492329,0.6334661354581672,0.0010424422933730249,-0.04088555615068734,0.6459802907958279,0.0010022271714922048,0.5,-0.05830910509325038,0.405876893280882,0.5420125680405329,0.5896909389916943,0.1565360608581309,0.15187772530440424
2021-10-03 04:50:00,0.33333333333333337,-0.3227091633466136,-0.000148920327624813,-0.044099267987859125,0.6821792673829684,0.000779510022271715,0.5,-0.05830910509325038,0.405876893280882,0.5420125680405329,0.5896909389916943,0.1565360608581309,0.21357333614979557
2021-10-03 05:00:00,0.4225941422594142,-0.601593625498008,0.0034251675353684785,-0.04731297982503124,0.6187459920692047,0.0024498886414253897,0.5,-0.06453836155616188,0.40947739556962875,0.5720393625967068,0.6136791392422403,0.15998144394824912,0.3182023929870091
2021-10-03 05:10:00,0.5690376569037657,-0.01195219123505975,0.012956068503350515,-0.04159971433672538,0.5938281137532554,0.00033407572383073496,0.5,-0.06453836155616188,0.40947739556962875,0.5720393625967068,0.6136791392422403,0.15998144394824912,0.60176984474252
2021-10-03 05:20:00,0.36610878661087864,0.31474103585657365,0.011466865227103495,-0.04302803070880201,0.6131970527803587,0.00044543429844097997,0.5,-0.06453836155616188,0.40947739556962875,0.5720393625967068,0.6136791392422403,0.15998144394824912,0.23227514824147139
2021-10-03 05:30:00,0.3577405857740586,0.21912350597609564,0.008190618019359386,-0.05159792894126036,0.6557563701561294,0.000556792873051225,0.5,-0.06453836155616188,0.40947739556962875,0.5720393625967068,0.6136791392422403,0.15998144394824912,0.21959352414864886
2021-10-03 05:40:00,0.3368200836820084,-0.08366533864541836,0.008190618019359386,-0.054454561685413405,0.6642368245409691,0.0020044543429844097,0.5,-0.06453836155616188,0.40947739556962875,0.5720393625967068,0.6136791392422403,0.15998144394824912,0.19356639558217784
2021-10-03 05:50:00,0.36959553695955366,-0.11553784860557781,0.006105733432613558,-0.060167827173718935,0.663726426823363,0.00022271714922048998,0.5,-0.06453836155616188,0.40947739556962875,0.5720393625967068,0.6136791392422403,0.15998144394824912,0.2306908882417732
2021-10-03 06:00:00,0.3396094839609484,0.05179282868525892,0.004616530156366094,-0.06659525084806284,0.6555208019787726,0.00022271714922048998,0.5,-0.09454473533156149,0.44655998298884825,0.6796670165468337,0.6098263163564667,0.13678364972402982,0.19093350634458411
2021-10-03 06:10:00,0.4470013947001395,0.05976095617529875,-0.0007446016381237319,-0.07623638635957874,0.6649697033149677,0.00033407572383073496,0.5,-0.09454473533156149,0.44655998298884825,0.6796670165468337,0.6098263163564667,0.13678364972402982,0.3657905457398494
2021-10-03 06:20:00,0.5348675034867504,-0.23505976095617542,-0.005212211466865346,-0.07409391180146396,0.6667888131289997,0.0006681514476614699,0.5,-0.09454473533156149,0.44655998298884825,0.6796670165468337,0.6098263163564667,0.13678364972402982,0.5774099612233505
2021-10-03 06:30:00,0.5446304044630405,-0.2589641434262948,-0.01236038719285204,-0.07552222817354037,0.666801900249964,0.0032293986636971047,0.5,-0.09454473533156149,0.44655998298884825,0.6796670165468337,0.6098263163564667,0.13678364972402982,0.6051948639799629
2021-10-03 06:40:00,0.5258019525801952,-0.23505976095617542,-0.018912881608339704,-0.07409391180146396,0.6605724306709767,0.0028953229398663697,0.5,-0.09454473533156149,0.44655998298884825,0.6796670165468337,0.6098263163564667,0.13678364972402982,0.5579914600841921
2021-10-03 06:50:00,0.5920502092050209,-0.3067729083665339,-0.01861504095309008,-0.07730762363863586,0.6555731504626298,0.0010022271714922048,0.5,-0.09454473533156149,0.44655998298884825,0.6796670165468337,0.6098263163564667,0.13678364972402982,0.6922461789157627
2021-10-03 07:00:00,0.5794979079497908,-0.23505976095617542,-0.016827997021593544,-0.07088019996429196,0.6488856316498934,0.0017817371937639199,0.5,-0.10173486094930229,0.47626053498923926,0.6972736358382801,0.696720125497404,0.13224291868629368,0.6695309081581846
2021-10-03 07:10:00,0.5446304044630405,-0.298804780876494,-0.017721518987341978,-0.07052312087127288,0.6443705749172239,0.004788418708240535,0.5,-0.10173486094930229,0.47626053498923926,0.6972736358382801,0.696720125497404,0.13224291868629368,0.5828567979842177
2021-10-03 07:20:00,0.4735006973500697,-0.21912350597609564,-0.01861504095309008,-0.06909480449919658,0.6443705749172239,0.00044543429844097997,0.5,-0.10173486094930229,0.47626053498923926,0.6972736358382801,0.696720125497404,0.13224291868629368,0.44292137543944354
2021-10-03 07:30:00,0.5516039051603905,-0.3227091633466136,-0.021593447505584784,-0.06766648812712017,0.6443705749172239,0.00033407572383073496,0.5,-0.10173486094930229,0.47626053498923926,0.6972736358382801,0.696720125497404,0.13224291868629368,0.5926113131252169
2021-10-03 07:40:00,0.5878661087866108,-0.3705179282868527,-0.019806403574088027,-0.07016604177825392,0.6443574877962597,0.0006681514476614699,0.5,-0.10173486094930229,0.47626053498923926,0.6972736358382801,0.696720125497404,0.13224291868629368,0.6588484693030765
2021-10-03 07:50:00,0.5362622036262203,-0.24302788844621515,-0.018317200297840674,-0.06552401356900539,0.6274620146314013,0.00022271714922048998,0.5,-0.10173486094930229,0.47626053498923926,0.6972736358382801,0.696720125497404,0.13224291868629368,0.5869230653167766
2021-10-03 08:00:00,0.4721059972105997,-0.3466135458167332,-0.018317200297840674,-0.06195322263881431,0.6176335867872428,0.00033407572383073496,0.5,-0.11371302268043448,0.4866310160427803,0.7076863435265258,0.7513861112085144,0.1390331969415715,0.41985153220574256
2021-10-03 08:10:00,0.46722454672245467,-0.043824701195219196,-0.01801935964259138,-0.05981074808069986,0.6105927157084714,0.00033407572383073496,0.5,-0.11371302268043448,0.4866310160427803,0.7076863435265258,0.7513861112085144,0.1390331969415715,0.38244790802239087
2021-10-03 08:20:00,0.41352859135285913,-0.33864541832669326,-0.015040953090096898,-0.06052490626673801,0.6092578293701169,0.00022271714922048998,0.5,-0.11371302268043448,0.4866310160427803,0.7076863435265258,0.7513861112085144,0.1390331969415715,0.2867812363263274
2021-10-03 08:30:00,0.3598326359832636,0.09960159362549792,-0.012658227848101444,-0.06373861810391002,0.6065487953305153,0.00022271714922048998,0.5,-0.11371302268043448,0.4866310160427803,0.7076863435265258,0.7513861112085144,0.1390331969415715,0.20648188662733677
2021-10-03 08:40:00,0.2880055788005579,0.4422310756972112,-0.009381980640357557,-0.07409391180146396,0.6127782649095026,0.00033407572383073496,0.5,-0.11371302268043448,0.4866310160427803,0.7076863435265258,0.7513861112085144,0.1390331969415715,0.1426663850204445
2021-10-03 08:50:00,0.20292887029288703,0.17928286852589648,-0.004616530156366427,-0.07766470273165504,0.6392011621363416,0.00044543429844097997,0.5,-0.11371302268043448,0.4866310160427803,0.7076863435265258,0.7513861112085144,0.1390331969415715,0.06874933989166679
2021-10-03 09:00:00,0.2608089260808926,0.4501992031872508,-0.00044676098287421695,-0.07480806998750233,0.648113491513002,0.00033407572383073496,0.5,-0.10617275632933243,0.4894211898036548,0.6811149802100219,0.7833951018131513,0.15428107596547153,0.11330476635937052
2021-10-03 09:10:00,0.3598326359832636,-0.42629482071713154,0.0010424422933730249,-0.07766470273165504,0.6557171087932365,0.00022271714922048998,0.5,-0.10617275632933243,0.4894211898036548,0.6811149802100219,0.7833951018131513,0.15428107596547153,0.2156479623398766
2021-10-03 09:20:00,0.3186889818688982,0.043824701195219085,-0.0019359642591214588,-0.07873594001071249,0.6381411053382366,0.00022271714922048998,0.5,-0.10617275632933243,0.4894211898036548,0.6811149802100219,0.7833951018131513,0.15428107596547153,0.17174132806252548
2021-10-03 09:30:00,0.3193863319386332,0.3545816733067728,-0.0022338049143708627,-0.08302088912694161,0.6558348928819149,0.00022271714922048998,0.5,-0.10617275632933243,0.4894211898036548,0.6811149802100219,0.7833951018131513,0.15428107596547153,0.1725485462528479
2021-10-03 09:40:00,0.405160390516039,-0.14741035856573714,-0.0007446016381237319,-0.08552044277807536,0.6660428472340371,0.00022271714922048998,0.5,-0.10617275632933243,0.4894211898036548,0.6811149802100219,0.7833951018131513,0.15428107596547153,0.29969672737148634
2021-10-03 09:50:00,0.4721059972105997,-0.07569721115537853,-0.0007446016381237319,-0.08016425638278879,0.6667757260080355,0.00033407572383073496,0.5,-0.10617275632933243,0.4894211898036548,0.6811149802100219,0.7833951018131513,0.15428107596547153,0.39157626325874734
2021-10-03 10:00:00,0.4330543933054393,-0.059760956175298974,0.0019359642591212367,-0.07587930726655945,0.6684377903704963,0.00033407572383073496,0.5,0.018754775745499774,0.49230331573790287,0.48777721091864534,0.7950266473440938,0.15629579142138164,0.357454320503342
2021-10-03 10:10:00,0.4170153417015342,-0.1394422310756973,0.006701414743112366,-0.06873772540617751,0.6664223737420005,0.00044543429844097997,0.5,0.018754775745499774,0.49230331573790287,0.48777721091864534,0.7950266473440938,0.15629579142138164,0.3313592950797411
2021-10-03 10:20:00,0.4560669456066946,0.21912350597609564,0.014743112434847383,-0.06338153901089094,0.6571828663412336,0.00044543429844097997,0.5,0.018754775745499774,0.49230331573790287,0.48777721091864534,0.7950266473440938,0.15629579142138164,0.41549858925419075
2021-10-03 10:30:00,0.5571827057182706,0.09163346613545809,0.02218912881608337,-0.05981074808069986,0.6615539647432961,0.00044543429844097997,0.5,0.018754775745499774,0.49230331573790287,0.48777721091864534,0.7950266473440938,0.15629579142138164,0.6266050062615991
2021-10-03 10:40:00,0.6297071129707112,-0.11553784860557781,0.026954579300074277,-0.05302624531333677,0.6518694952297445,0.0014476614699331849,0.5,0.018754775745499774,0.49230331573790287,0.48777721091864534,0.7950266473440938,0.15629579142138164,0.8265838827949364
2021-10-03 10:50:00,0.6185495118549511,-0.2509960159362551,0.037081161578555344,-0.04445634708087842,0.6425252908612634,0.0032293986636971047,0.5,0.018754775745499774,0.49230331573790287,0.48777721091864534,0.7950266473440938,0.15629579142138164,0.810809179655084
2021-10-03 11:00:00,0.6234309623430963,0.07569721115537842,0.048994787788533056,-0.03588644884841985,0.6264281320752247,0.0023385300668151447,0.5,0.06618683800371072,0.4876597309824228,0.4162001492094979,0.8313183604284152,0.15667571538246552,0.7960152088959972
2021-10-03 11:10:00,0.6478382147838214,0.03585657370517925,0.05554728220402061,-0.028387787895018723,0.6363089084032404,0.00824053452115813,0.5,0.06618683800371072,0.4876597309824228,0.4162001492094979,0.8313183604284152,0.15667571538246552,0.8283642892707878
2021-10-03 11:20:00,0.5613668061366807,0.11553784860557759,0.05941921072226353,-0.019460810569541076,0.6376830561044875,0.0017817371937639199,0.5,0.06618683800371072,0.4876597309824228,0.4162001492094979,0.8313183604284152,0.15667571538246552,0.6522322977805272
2021-10-03 11:30:00,0.6352859135285913,0.003984063745019917,0.06746090841399854,-0.0033922513836815993,0.6412951014906231,0.0022271714922049,0.5,0.06618683800371072,0.4876597309824228,0.4162001492094979,0.8313183604284152,0.15667571538246552,0.817100955082457
2021-10-03 11:40:00,0.5704323570432357,0.003984063745019917,0.07639612807148177,0.0030351722906625245,0.6378924500399157,0.0012249443207126948,0.5,0.06618683800371072,0.4876597309824228,0.4162001492094979,0.8313183604284152,0.15667571538246552,0.6486714848288245
2021-10-03 11:50:00,0.5564853556485356,0.05976095617529875,0.08473566641846597,0.013747545081235657,0.6313096281948933,0.000556792873051225,0.5,0.06618683800371072,0.4876597309824228,0.4162001492094979,0.8313183604284152,0.15667571538246552,0.6461517570197807
2021-10-03 12:00:00,0.5341701534170153,0.10756972111553775,0.09247952345495158,0.02053204784859841,0.6399994765151614,0.0012249443207126948,0.5,0.09055837407691159,0.4720996991439844,0.38811792242450344,0.8372031145802198,0.18362423528546418,0.5605413642741826
2021-10-03 12:10:00,0.500697350069735,-0.059760956175298974,0.09873417721518973,0.02803070880199976,0.6383897606365575,0.0010022271714922048,0.5,0.09055837407691159,0.4720996991439844,0.38811792242450344,0.8372031145802198,0.18362423528546418,0.505454380856104
2021-10-03 12:20:00,0.5794979079497908,0.019920318725099362,0.10677587490692453,0.04017139796464919,0.6287969009697557,0.0027839643652561247,0.5,0.09055837407691159,0.4720996991439844,0.38811792242450344,0.8372031145802198,0.18362423528546418,0.6599499072076286
2021-10-03 12:30:00,0.5446304044630405,0.298804780876494,0.11660461653015619,0.04088555615068734,0.6300925259452174,0.006792873051224944,0.5,0.09055837407691159,0.4720996991439844,0.38811792242450344,0.8372031145802198,0.18362423528546418,0.6142930428353728
2021-10-03 12:40:00,0.5704323570432357,-0.0916334661354582,0.12613551749813845,0.05623995715050878,0.6499195142060699,0.008351893095768375,0.5,0.09055837407691159,0.4720996991439844,0.38811792242450344,0.8372031145802198,0.18362423528546418,0.567994930368001
2021-10-03 12:50:00,0.6185495118549511,0.05976095617529875,0.12673119880863726,0.058739510801642636,0.6431011241836908,0.006792873051224944,0.5,0.09055837407691159,0.4720996991439844,0.38811792242450344,0.8372031145802198,0.18362423528546418,0.7510373130950405
2021-10-03 13:00:00,0.5543933054393305,-0.1872509960159363,0.13000744601638115,0.055168719871451444,0.6413081886115873,0.0026726057906458797,0.5,0.18891580112620043,0.4781771631030411,0.2847732886846167,0.7030787266243732,0.18954688466785358,0.5954780693151471
2021-10-03 13:10:00,0.5934449093444909,0.2111553784860556,0.13536857781087108,0.06980896268523495,0.6395021659185195,0.00601336302895323,0.5,0.18891580112620043,0.4781771631030411,0.2847732886846167,0.7030787266243732,0.18954688466785358,0.6903299787256514
2021-10-03 13:20:00,0.6729428172942817,-0.13147410358565736,0.14132539091585983,0.06980896268523495,0.6437031317480467,0.0024498886414253897,0.5,0.18891580112620043,0.4781771631030411,0.2847732886846167,0.7030787266243732,0.18954688466785358,0.8733270968812711
2021-10-03 13:30:00,0.6178521617852162,0.019920318725099362,0.14609084139985096,0.07195143724334963,0.6388216356283781,0.0013363028953229399,0.5,0.18891580112620043,0.4781771631030411,0.2847732886846167,0.7030787266243732,0.18954688466785358,0.7370581046215128
2021-10-03 13:40:00,0.5529986052998606,-0.01195219123505975,0.148175725986597,0.08801999642920899,0.6478124877308241,0.0017817371937639199,0.5,0.18891580112620043,0.4781771631030411,0.2847732886846167,0.7030787266243732,0.18954688466785358,0.58081989227032
2021-10-03 13:50:00,0.47280334728033474,0.09960159362549792,0.1511541325390915,0.0958757364756293,0.6495792490609991,0.00033407572383073496,0.5,0.18891580112620043,0.4781771631030411,0.2847732886846167,0.7030787266243732,0.18954688466785358,0.4198590763009792
2021-10-03 14:00:00,0.5536959553695956,-0.1633466135458168,0.15472822040208456,0.10123192287091598,0.6145581133606418,0.000779510022271715,0.5,0.19319893817104328,0.4704359395069633,0.28051448997198297,0.6379492500548632,0.20948023708822588,0.6146400712162591
2021-10-03 14:10:00,0.4546722454672245,0.2749003984063745,0.15443037974683538,0.09980360649883946,0.6342542304118517,0.00044543429844097997,0.5,0.19319893817104328,0.4704359395069633,0.28051448997198297,0.6379492500548632,0.20948023708822588,0.3884605519260075
2021-10-03 14:20:00,0.3807531380753138,-0.043824701195219196,0.15711094564408024,0.1087305838243171,0.6236536624308018,0.000556792873051225,0.5,0.19319893817104328,0.4704359395069633,0.28051448997198297,0.6379492500548632,0.20948023708822588,0.29484587413431507
2021-10-03 14:30:00,0.41492329149232915,0.019920318725099362,0.15591958302308262,0.10301731833601147,0.656292942115664,0.00022271714922048998,0.5,0.19319893817104328,0.4704359395069633,0.28051448997198297,0.6379492500548632,0.20948023708822588,0.3592724474553767
2021-10-03 14:40:00,0.3933054393305439,-0.13147410358565736,0.15651526433358143,0.0958757364756293,0.6307076206305375,0.00033407572383073496,0.5,0.19319893817104328,0.4704359395069633,0.28051448997198297,0.6379492500548632,0.20948023708822588,0.3057244594655763
2021-10-03 14:50:00,0.4170153417015342,0.17928286852589648,0.15711094564408024,0.08909123370826633,0.6363089084032404,0.00033407572383073496,0.5,0.19319893817104328,0.4704359395069633,0.28051448997198297,0.6379492500548632,0.20948023708822588,0.3262745748902334
2021-10-03 15:00:00,0.39539748953974896,-0.23505976095617542,0.16008935219657472,0.08944831280128551,0.6399209537893759,0.00033407572383073496,0.5,0.18695337204737594,0.4689761987546216,0.28406097375239314,0.5398649513374101,0.21834079573081486,0.3073539840366945
2021-10-03 15:10:00,0.3926080892608089,0.2828685258964143,0.16515264333581525,0.09409034101053382,0.6409286621036239,0.00022271714922048998,0.5,0.18695337204737594,0.4689761987546216,0.28406097375239314,0.5398649513374101,0.21834079573081486,0.2867736922310907
2021-10-03 15:20:00,0.36262203626220363,-0.26693227091633476,0.16545048399106466,0.09658989466166767,0.6467262566907905,0.00033407572383073496,0.5,0.18695337204737594,0.4689761987546216,0.28406097375239314,0.5398649513374101,0.21834079573081486,0.24476062585814085
2021-10-03 15:30:00,0.4100418410041841,0.09960159362549792,0.1603871928518239,0.09194786645241915,0.6545654421483817,0.00033407572383073496,0.5,0.18695337204737594,0.4689761987546216,0.28406097375239314,0.5398649513374101,0.21834079573081486,0.31651251565399763
2021-10-03 15:40:00,0.2824267782426778,0.36254980079681287,0.16008935219657472,0.08123549366184624,0.6502074308672835,0.00033407572383073496,0.5,0.18695337204737594,0.4689761987546216,0.28406097375239314,0.5398649513374101,0.21834079573081486,0.15148543235209802
2021-10-03 15:50:00,0.25871687587168757,0.1872509960159361,0.16008935219657472,0.07302267452240674,0.6596432450825143,0.00044543429844097997,0.5,0.18695337204737594,0.4689761987546216,0.28406097375239314,0.5398649513374101,0.21834079573081486,0.11781613531089216
2021-10-03 16:00:00,0.28451882845188287,-0.11553784860557781,0.1603871928518239,0.07016604177825392,0.6538063891324548,0.00033407572383073496,0.5,0.19032450221347785,0.4733496740008095,0.25956035826004425,0.4948998460128784,0.22341154656830456,0.1397543642590944
2021-10-03 16:10:00,0.2894002789400279,-0.1872509960159363,0.1603871928518239,0.07088019996429229,0.6436376961432255,0.00033407572383073496,0.5,0.19032450221347785,0.4733496740008095,0.25956035826004425,0.4948998460128784,0.22341154656830456,0.13374172035547777
2021-10-03 16:20:00,0.21617852161785217,0.2111553784860556,0.16068503350707353,0.06909480449919658,0.6332465220976038,0.00044543429844097997,0.5,0.19032450221347785,0.4733496740008095,0.25956035826004425,0.4948998460128784,0.22341154656830456,0.08268328379377461
2021-10-03 16:30:00,0.24198047419804744,0.10756972111553775,0.16515264333581525,0.0687377254061774,0.6327099501380692,0.00033407572383073496,0.5,0.19032450221347785,0.4733496740008095,0.25956035826004425,0.4948998460128784,0.22341154656830456,0.11777087073947223
2021-10-03 16:40:00,0.35006973500697347,0.003984063745019917,0.1624720774385704,0.062310301731833606,0.6318200259124994,0.00033407572383073496,0.5,0.19032450221347785,0.4733496740008095,0.25956035826004425,0.4948998460128784,0.22341154656830456,0.2154291835780135
2021-10-03 16:50:00,0.39121338912133896,0.1633466135458166,0.16217423678332077,0.055882878057489815,0.6466084726021123,0.00022271714922048998,0.5,0.19032450221347785,0.4733496740008095,0.25956035826004425,0.4948998460128784,0.22341154656830456,0.26200642756914166
2021-10-03 17:00:00,0.32217573221757323,0.019920318725099362,0.16098287416232293,0.05409748259239433,0.6409810105874808,0.00033407572383073496,0.5,0.19477864054808447,0.48319430356286125,0.26126512052350903,0.4552920810610516,0.2470813892902638,0.1749023039666853
2021-10-03 17:10:00,0.29497907949790797,-0.19521912350597614,0.16217423678332077,0.05338332440635596,0.6363219955242047,0.00033407572383073496,0.5,0.19477864054808447,0.48319430356286125,0.26126512052350903,0.4552920810610516,0.2470813892902638,0.1528810899708798
2021-10-03 17:20:00,0.3054393305439331,0.027888446215139417,0.16008935219657472,0.05016961256918395,0.6270694010024734,0.00022271714922048998,0.5,0.19477864054808447,0.48319430356286125,0.26126512052350903,0.4552920810610516,0.2470813892902638,0.16659625511112452
2021-10-03 17:30:00,0.3319386331938633,-0.07569721115537853,0.16008935219657472,0.05016961256918395,0.6318331130334637,0.00022271714922048998,0.5,0.19477864054808447,0.48319430356286125,0.26126512052350903,0.4552920810610516,0.2470813892902638,0.1994885103429546
2021-10-03 17:40:00,0.2580195258019526,-0.17131474103585675,0.16008935219657472,0.04374218889484016,0.639214249257306,0.00033407572383073496,0.5,0.19477864054808447,0.48319430356286125,0.26126512052350903,0.4552920810610516,0.2470813892902638,0.12300647283371306
2021-10-03 17:50:00,0.301255230125523,0.027888446215139417,0.1591958302308265,0.04374218889484016,0.6453913703524361,0.00033407572383073496,0.5,0.19477864054808447,0.48319430356286125,0.26126512052350903,0.4552920810610516,0.2470813892902638,0.152390723780497
2021-10-03 18:00:00,0.26429567642956764,-0.21912350597609564,0.15711094564408024,0.04159971433672571,0.6413081886115873,0.00033407572383073496,0.5,0.10211308498400551,0.5229492510208122,0.3627483765572933,0.33957934948461366,0.25218817983469255,0.1168504911205999
2021-10-03 18:10:00,0.296373779637378,-0.17928286852589637,0.15681310498883105,0.04017139796464919,0.6268207457041526,0.00033407572383073496,0.5,0.10211308498400551,0.5229492510208122,0.3627483765572933,0.33957934948461366,0.25218817983469255,0.14795479578134196
2021-10-03 18:20:00,0.33403068340306835,0.21912350597609564,0.15383469843633635,0.03517229066238192,0.6221093821570193,0.00033407572383073496,0.5,0.10211308498400551,0.5229492510208122,0.3627483765572933,0.33957934948461366,0.25218817983469255,0.1863617846311692
2021-10-03 18:30:00,0.3228730822873082,0.13147410358565725,0.1511541325390915,0.031958578825209694,0.623261048801874,0.00022271714922048998,0.5,0.10211308498400551,0.5229492510208122,0.3627483765572933,0.33957934948461366,0.25218817983469255,0.16487620139716644
2021-10-03 18:40:00,0.32914923291492326,0.2749003984063745,0.1511541325390915,0.02660239242992324,0.6295428668647184,0.00033407572383073496,0.5,0.10211308498400551,0.5229492510208122,0.3627483765572933,0.33957934948461366,0.25218817983469255,0.17887049806116753
2021-10-03 18:50:00,0.37099023709902373,0.15537848605577675,0.14638868205510036,0.02231744331369412,0.6420672416275144,0.00022271714922048998,0.5,0.10211308498400551,0.5229492510208122,0.3627483765572933,0.33957934948461366,0.25218817983469255,0.22444437738582013
2021-10-03 19:00:00,0.35355648535564854,0.2749003984063745,0.14281459419210707,0.02231744331369412,0.6185496852547407,0.00022271714922048998,0.5,0.10124180222751944,0.5315352852097811,0.36182237982681503,0.3025966924356095,0.24215040968330467,0.223365571766978
2021-10-03 19:10:00,0.31659693165969316,0.07569721115537842,0.1359642591213699,0.018032494197464777,0.6195050450851317,0.00022271714922048998,0.5,0.10124180222751944,0.5315352852097811,0.36182237982681503,0.3025966924356095,0.24215040968330467,0.16148890263590687
2021-10-03 19:20:00,0.29358437935843795,0.29083665338645415,0.13268801191362622,0.012319228709159136,0.6317022418238213,0.00022271714922048998,0.5,0.10124180222751944,0.5315352852097811,0.36182237982681503,0.3025966924356095,0.24215040968330467,0.14987099597145315
2021-10-03 19:30:00,0.31659693165969316,0.043824701195219085,0.12822040208488428,0.010890912337082836,0.6369240030885606,0.00033407572383073496,0.5,0.10124180222751944,0.5315352852097811,0.36182237982681503,0.3025966924356095,0.24215040968330467,0.15912005673159618
2021-10-03 19:40:00,0.26778242677824265,-0.059760956175298974,0.12673119880863726,0.008034279592929794,0.6279724123490074,0.00022271714922048998,0.5,0.10124180222751944,0.5315352852097811,0.36182237982681503,0.3025966924356095,0.24215040968330467,0.1122410489310017
2021-10-03 19:50:00,0.23709902370990238,-0.059760956175298974,0.1243484735666418,0.0026780931976433386,0.6123594770386462,0.00033407572383073496,0.5,0.10124180222751944,0.5315352852097811,0.36182237982681503,0.3025966924356095,0.24215040968330467,0.09246797531572039
2021-10-03 20:00:00,0.3319386331938633,-0.3466135458167332,0.12166790766939672,0.0026780931976433386,0.5973092879297482,0.00033407572383073496,0.5,0.1024469160566106,0.5578853298927896,0.35893735851506753,0.29887031432955524,0.23041223414647058,0.18649003425019237
2021-10-03 20:10:00,0.40585774058577406,0.298804780876494,0.11690245718540582,0.0026780931976433386,0.5846016934734528,0.00022271714922048998,0.5,0.1024469160566106,0.5578853298927896,0.35893735851506753,0.29887031432955524,0.23041223414647058,0.2933672314679301
2021-10-03 20:20:00,0.4177126917712692,0.05976095617529875,0.11064780342516745,-0.0026780931976432276,0.5931737577050424,0.00022271714922048998,0.5,0.1024469160566106,0.5578853298927896,0.35893735851506753,0.29887031432955524,0.23041223414647058,0.3132610106069979
2021-10-03 20:30:00,0.4288702928870293,0.14741035856573692,0.10737155621742356,-0.0026780931976432276,0.5959613144704297,0.00022271714922048998,0.5,0.1024469160566106,0.5578853298927896,0.35893735851506753,0.29887031432955524,0.23041223414647058,0.3341053457458847
2021-10-03 20:40:00,0.39609483960948394,-0.003984063745020028,0.10528667163067751,-0.0026780931976432276,0.5959613144704297,0.00022271714922048998,0.5,0.1024469160566106,0.5578853298927896,0.35893735851506753,0.29887031432955524,0.23041223414647058,0.27978786004194517
2021-10-03 20:50:00,0.39051603905160387,-0.21912350597609564,0.10141474311243459,-0.0026780931976432276,0.5959613144704297,0.00022271714922048998,0.5,0.1024469160566106,0.5578853298927896,0.35893735851506753,0.29887031432955524,0.23041223414647058,0.2723342939481268
2021-10-03 21:00:00,0.3451882845188285,-0.2589641434262948,0.1005212211466866,-0.0026780931976432276,0.5959613144704297,0.00022271714922048998,0.5,0.09677135423215688,0.5734827173016632,0.3536650613266761,0.36290500295717054,0.1982038176741325,0.21617604900644266
2021-10-03 21:10:00,0.31450488145048816,-0.3227091633466136,0.1005212211466866,-0.005534725941796048,0.5959613144704297,0.00022271714922048998,0.5,0.09677135423215688,0.5734827173016632,0.3536650613266761,0.36290500295717054,0.1982038176741325,0.15783001644612762
2021-10-03 21:20:00,0.3312412831241283,-0.36254980079681276,0.1005212211466866,-0.00981967505802539,0.5959613144704297,0.00022271714922048998,0.5,0.09677135423215688,0.5734827173016632,0.3536650613266761,0.36290500295717054,0.1982038176741325,0.17548319929990797
2021-10-03 21:30:00,0.2712691771269177,0.3227091633466135,0.1005212211466866,-0.015890019639349995,0.5989451780502807,0.00022271714922048998,0.5,0.09677135423215688,0.5734827173016632,0.3536650613266761,0.36290500295717054,0.1982038176741325,0.1275178417852347
2021-10-03 21:40:00,0.26778242677824265,0.4661354581673305,0.1005212211466866,-0.018746652383503037,0.6103571475311146,0.00022271714922048998,0.5,0.09677135423215688,0.5734827173016632,0.3536650613266761,0.36290500295717054,0.1982038176741325,0.12071306788176893
2021-10-03 21:50:00,0.35564853556485354,0.4820717131474104,0.09784065524944152,-0.023031601499732157,0.6320555940898562,0.00022271714922048998,0.5,0.09677135423215688,0.5734827173016632,0.3536650613266761,0.36290500295717054,0.1982038176741325,0.21650798919685563
2021-10-03 22:00:00,0.4246861924686192,-0.2270916334661356,0.09605361131794465,-0.022317443313693897,0.6463467301828271,0.00033407572383073496,0.5,0.04753158787721934,0.5727470999146573,0.41623565716410393,0.40210871599313736,0.189918985979343,0.3250071668904748
2021-10-03 22:10:00,0.4825662482566248,0.019920318725099362,0.09456440804169763,-0.019103731476522,0.6473936998599679,0.00033407572383073496,0.5,0.04753158787721934,0.5727470999146573,0.41623565716410393,0.40210871599313736,0.189918985979343,0.4482399625812876
2021-10-03 22:20:00,0.42329149232914925,-0.2589641434262948,0.0936708860759492,-0.01624709873236929,0.643768567352868,0.00022271714922048998,0.5,0.04753158787721934,0.5727470999146573,0.41623565716410393,0.40210871599313736,0.189918985979343,0.3472018950767235
2021-10-03 22:30:00,0.44421199442119946,-0.298804780876494,0.09158600148920315,-0.010176754151044465,0.6365837379434898,0.00033407572383073496,0.5,0.04753158787721934,0.5727470999146573,0.41623565716410393,0.40210871599313736,0.189918985979343,0.3669598805015315
2021-10-03 22:40:00,0.3075313807531381,-0.003984063745020028,0.09069247952345472,-0.010890912337082503,0.624007014696837,0.00022271714922048998,0.5,0.04753158787721934,0.5727470999146573,0.41623565716410393,0.40210871599313736,0.189918985979343,0.16771278120614996
2021-10-03 22:50:00,0.28451882845188287,-0.20318725099601598,0.08652271034996262,-0.014461703267273585,0.6109198937325778,0.00022271714922048998,0.5,0.04753158787721934,0.5727470999146573,0.41623565716410393,0.40210871599313736,0.189918985979343,0.12834014816603045
2021-10-03 23:00:00,0.2824267782426778,0.19521912350597592,0.08473566641846597,-0.021603285127655747,0.6090876967975815,0.00022271714922048998,0.5,0.0020619546978326575,0.576715410896907,0.45058364298171966,0.43865004586339124,0.18611204848339058,0.13208956349864961
2021-10-03 23:10:00,0.26429567642956764,0.33864541832669315,0.0826507818317197,-0.028387787895018723,0.6177513708759209,0.00022271714922048998,0.5,0.0020619546978326575,0.576715410896907,0.45058364298171966,0.43865004586339124,0.18611204848339058,0.11316142854987402
2021-10-03 23:20:00,0.3263598326359832,0.3705179282868525,0.07997021593447484,-0.033386895197286104,0.6279331509861147,0.00022271714922048998,0.5,0.0020619546978326575,0.576715410896907,0.45058364298171966,0.43865004586339124,0.18611204848339058,0.18165426920349442
2021-10-03 23:30:00,0.4177126917712692,-0.36254980079681276,0.07669396872673095,-0.03231565791822877,0.6367276962740966,0.00022271714922048998,0.5,0.0020619546978326575,0.576715410896907,0.45058364298171966,0.43865004586339124,0.18611204848339058,0.30223154337100355
2021-10-03 23:40:00,0.3507670850767085,-0.21912350597609564,0.07669396872673095,-0.031244420639171433,0.6367276962740966,0.00022271714922048998,0.5,0.0020619546978326575,0.576715410896907,0.45058364298171966,0.43865004586339124,0.18611204848339058,0.2047618329133787
2021-10-03 23:50:00,0.3242677824267783,-0.2509960159362551,0.07490692479523453,-0.031244420639171433,0.6251325070997631,0.00033407572383073496,0.5,0.0020619546978326575,0.576715410896907,0.45058364298171966,0.43865004586339124,0.18611204848339058,0.2037735564373765
2021-10-04 00:00:00,0.36052998605299863,-0.019920318725099695,0.07371556217423669,-0.03374397429030518,0.6228553480519822,0.00022271714922048998,0.5,0.005465637479266761,0.5726149186654319,0.4375931846031929,0.4517482369248625,0.18041019666469243,0.22175867948156977
2021-10-04 00:10:00,0.36052998605299863,-0.0916334661354582,0.06895011169024556,-0.038386002499553595,0.6228553480519822,0.00022271714922048998,0.5,0.005465637479266761,0.5726149186654319,0.4375931846031929,0.4517482369248625,0.18041019666469243,0.22190956138630294
2021-10-04 00:20:00,0.3849372384937238,-0.14741035856573714,0.06775874906924773,-0.038386002499553595,0.6228553480519822,0.00022271714922048998,0.5,0.005465637479266761,0.5726149186654319,0.4375931846031929,0.4517482369248625,0.18041019666469243,0.258709657950722
2021-10-04 00:30:00,0.3458856345885635,-0.1633466135458168,0.06478034251675346,-0.038386002499553595,0.616337961811781,0.00022271714922048998,0.5,0.005465637479266761,0.5726149186654319,0.4375931846031929,0.4517482369248625,0.18041019666469243,0.2008992561522097
2021-10-04 00:40:00,0.3458856345885635,-0.1394422310756973,0.06478034251675346,-0.04159971433672538,0.6187590791901689,0.00022271714922048998,0.5,0.005465637479266761,0.5726149186654319,0.4375931846031929,0.4517482369248625,0.18041019666469243,0.20471656834195875
2021-10-04 00:50:00,0.3437935843793584,0.17131474103585642,0.06299329858525682,-0.04374218889484016,0.6171362761906009,0.00022271714922048998,0.5,0.005465637479266761,0.5726149186654319,0.4375931846031929,0.4517482369248625,0.18041019666469243,0.2004918750094301
2021-10-04 01:00:00,0.34658298465829845,0.13147410358565725,0.06150409530900958,-0.04731297982503124,0.6159715224247817,0.00022271714922048998,0.5,-0.02872614878879931,0.5668822753565296,0.4690415654848478,0.4386150850480634,0.18170879928964026,0.19351358691552123
2021-10-04 01:10:00,0.27475592747559274,-0.19521912350597614,0.06031273268801174,-0.04909837529012662,0.6255643820915837,0.00022271714922048998,0.5,-0.02872614878879931,0.5668822753565296,0.4690415654848478,0.4386150850480634,0.18170879928964026,0.12839295683268706
2021-10-04 01:20:00,0.24686192468619247,-0.05179282868525903,0.06180193596425898,-0.04909837529012662,0.6255643820915837,0.00033407572383073496,0.5,-0.02872614878879931,0.5668822753565296,0.4690415654848478,0.4386150850480634,0.18170879928964026,0.10297689998038535
2021-10-04 01:30:00,0.3207810320781032,-0.40239043824701204,0.062099776619508384,-0.04909837529012662,0.6255643820915837,0.00022271714922048998,0.5,-0.02872614878879931,0.5668822753565296,0.4690415654848478,0.4386150850480634,0.18170879928964026,0.16231875311193927
2021-10-04 01:40:00,0.3193863319386332,-0.3466135458167332,0.06180193596425898,-0.04909837529012662,0.6255643820915837,0.00022271714922048998,0.5,-0.02872614878879931,0.5668822753565296,0.4690415654848478,0.4386150850480634,0.18170879928964026,0.17011934758664393
2021-10-04 01:50:00,0.299163179916318,0.019920318725099362,0.0588235294117645,-0.0526691662203177,0.6255643820915837,0.00022271714922048998,0.5,-0.02872614878879931,0.5668822753565296,0.4690415654848478,0.4386150850480634,0.18170879928964026,0.14932782111441376
2021-10-04 02:00:00,0.33751743375174337,0.003984063745019917,0.05763216679076688,-0.05623995715050878,0.6255643820915837,0.00022271714922048998,0.5,-0.023164587824187954,0.5657098851459873,0.4703831320983413,0.42693017161102315,0.1798293818824914,0.19050349291609459
2021-10-04 02:10:00,0.300557880055788,0.19521912350597592,0.055845122859270235,-0.06052490626673801,0.6255643820915837,0.00022271714922048998,0.5,-0.023164587824187954,0.5657098851459873,0.4703831320983413,0.42693017161102315,0.1798293818824914,0.15458605549436455
2021-10-04 02:20:00,0.36959553695955366,0.3784860557768923,0.054951600893522023,-0.06338153901089094,0.6255643820915837,0.00022271714922048998,0.5,-0.023164587824187954,0.5657098851459873,0.4703831320983413,0.42693017161102315,0.1798293818824914,0.23075124100366645
2021-10-04 02:30:00,0.3472803347280335,0.298804780876494,0.05018615040953067,-0.06338153901089094,0.6255643820915837,0.00022271714922048998,0.5,-0.023164587824187954,0.5657098851459873,0.4703831320983413,0.42693017161102315,0.1798293818824914,0.21758679481569776
2021-10-04 02:40:00,0.3228730822873082,0.3545816733067728,0.04869694713328343,-0.06445277628994805,0.6255643820915837,0.00033407572383073496,0.5,-0.023164587824187954,0.5657098851459873,0.4703831320983413,0.42693017161102315,0.1798293818824914,0.17300873606228406
2021-10-04 02:50:00,0.39191073919107394,0.06772908366533859,0.04690990320178701,-0.06516693447598643,0.6321864652994988,0.00022271714922048998,0.5,-0.023164587824187954,0.5657098851459873,0.4703831320983413,0.42693017161102315,0.1798293818824914,0.26777011632994857
2021-10-04 03:00:00,0.39400278940027894,0.09960159362549792,0.04452717795979133,-0.06123906445277627,0.6315190221303215,0.00022271714922048998,0.5,-0.026495027221124068,0.5663794119083806,0.48562707745312095,0.42058016829511596,0.177295341916075,0.2622101181405314
2021-10-04 03:10:00,0.36401673640167365,0.17928286852589648,0.04035740878629923,-0.06266738082485268,0.6315190221303215,0.00022271714922048998,0.5,-0.026495027221124068,0.5663794119083806,0.48562707745312095,0.42058016829511596,0.177295341916075,0.22958945033722106
2021-10-04 03:20:00,0.303347280334728,-0.10756972111553798,0.037081161578555344,-0.06338153901089094,0.6303935297273954,0.00022271714922048998,0.5,-0.026495027221124068,0.5663794119083806,0.48562707745312095,0.42058016829511596,0.177295341916075,0.1539674396849586
2021-10-04 03:30:00,0.26429567642956764,0.12350597609561742,0.034996276991809294,-0.06909480449919658,0.6280901964376857,0.00022271714922048998,0.5,-0.026495027221124068,0.5663794119083806,0.48562707745312095,0.42058016829511596,0.177295341916075,0.11554536264465802
2021-10-04 03:40:00,0.23570432357043236,-0.1394422310756973,0.03201787043931481,-0.07123727905731125,0.6280901964376857,0.00033407572383073496,0.5,-0.026495027221124068,0.5663794119083806,0.48562707745312095,0.42058016829511596,0.177295341916075,0.09387117702973884
2021-10-04 03:50:00,0.2377963737796374,-0.17928286852589637,0.03201787043931481,-0.07302267452240663,0.6280901964376857,0.00033407572383073496,0.5,-0.026495027221124068,0.5663794119083806,0.48562707745312095,0.42058016829511596,0.177295341916075,0.0920153296015209
2021-10-04 04:00:00,0.2831241283124128,-0.14741035856573714,0.032911392405063244,-0.07088019996429196,0.6210754996008429,0.00022271714922048998,0.5,-0.08478962372045051,0.570066119359668,0.5254932530447755,0.40416211014398556,0.18383203705848755,0.12457564464293797
2021-10-04 04:10:00,0.29497907949790797,-0.06772908366533881,0.03320923306031265,-0.07730762363863586,0.6236798366727304,0.00022271714922048998,0.5,-0.08478962372045051,0.570066119359668,0.5254932530447755,0.40416211014398556,0.18383203705848755,0.13501667245047302
2021-10-04 04:20:00,0.2754532775453278,-0.49800796812749004,0.03201787043931481,-0.07766470273165504,0.6280901964376857,0.00022271714922048998,0.5,-0.08478962372045051,0.570066119359668,0.5254932530447755,0.40416211014398556,0.18383203705848755,0.1225462830242769
2021-10-04 04:30:00,0.34449093444909346,-0.24302788844621515,0.03201787043931481,-0.07766470273165504,0.6209577155121645,0.00022271714922048998,0.5,-0.08478962372045051,0.570066119359668,0.5254932530447755,0.40416211014398556,0.18383203705848755,0.19336270501078806
2021-10-04 04:40:00,0.3458856345885635,0.22709163346613526,0.02844378257632152,-0.07873594001071249,0.6229076965358391,0.00033407572383073496,0.5,-0.08478962372045051,0.570066119359668,0.5254932530447755,0.40416211014398556,0.18383203705848755,0.2055237865322812
2021-10-04 04:50:00,0.29776847977684795,0.13147410358565725,0.02576321667907644,-0.0815925727548652,0.6254727722448339,0.00022271714922048998,0.5,-0.08478962372045051,0.570066119359668,0.5254932530447755,0.40416211014398556,0.18383203705848755,0.1511082275902651
2021-10-04 05:00:00,0.296373779637378,-0.14741035856573714,0.02308265078183136,-0.08516336368505628,0.6254727722448339,0.00022271714922048998,0.5,-0.0938444538648393,0.5608134319137266,0.5433441163382625,0.4196558900447348,0.19310190294784932,0.14788689892421203
2021-10-04 05:10:00,0.31520223152022314,-0.29083665338645437,0.020699925539835906,-0.08837707552222807,0.6254727722448339,0.00022271714922048998,0.5,-0.0938444538648393,0.5608134319137266,0.5433441163382625,0.4196558900447348,0.19310190294784932,0.16142854987401362
2021-10-04 05:20:00,0.30404463040446306,0.05976095617529875,0.017125837676842837,-0.08837707552222807,0.6137990603447148,0.00022271714922048998,0.5,-0.0938444538648393,0.5608134319137266,0.5433441163382625,0.4196558900447348,0.19310190294784932,0.15985183396955202
2021-10-04 05:30:00,0.32984658298465835,0.3067729083665336,0.015934475055845,-0.09051955008034285,0.6116658596275405,0.00033407572383073496,0.5,-0.0938444538648393,0.5608134319137266,0.5433441163382625,0.4196558900447348,0.19310190294784932,0.1762526970140471
2021-10-04 05:40:00,0.3647140864714087,0.24302788844621515,0.014147431124348353,-0.09194786645241915,0.6174765413356716,0.00022271714922048998,0.5,-0.0938444538648393,0.5608134319137266,0.5433441163382625,0.4196558900447348,0.19310190294784932,0.2198952879581152
2021-10-04 05:50:00,0.37447698744769875,-0.2589641434262948,0.014147431124348353,-0.08480628459203698,0.6241247987855152,0.00022271714922048998,0.5,-0.0938444538648393,0.5608134319137266,0.5433441163382625,0.4196558900447348,0.19310190294784932,0.23735232433574244
2021-10-04 06:00:00,0.3814504881450488,-0.1633466135458168,0.014147431124348353,-0.08123549366184613,0.6241247987855152,0.00022271714922048998,0.5,-0.10806187531747968,0.5721723988310584,0.5460797506124171,0.4341646736098323,0.23364747272561678,0.2508260784284141
2021-10-04 06:10:00,0.3598326359832636,-0.0916334661354582,0.012062546537602303,-0.08230673094090324,0.6241247987855152,0.00022271714922048998,0.5,-0.10806187531747968,0.5721723988310584,0.5460797506124171,0.4341646736098323,0.23364747272561678,0.2250101845285695
2021-10-04 06:20:00,0.3647140864714087,-0.02788844621513953,0.008488458674609012,-0.0815925727548652,0.6241247987855152,0.00022271714922048998,0.5,-0.10806187531747968,0.5721723988310584,0.5460797506124171,0.4341646736098323,0.23364747272561678,0.23466662643149208
2021-10-04 06:30:00,0.3647140864714087,0.20318725099601576,0.008190618019359386,-0.0880199964292091,0.6241247987855152,0.00022271714922048998,0.5,-0.10806187531747968,0.5721723988310584,0.5460797506124171,0.4341646736098323,0.23364747272561678,0.24267091147758652
2021-10-04 06:40:00,0.38354253835425384,0.2111553784860556,0.007297096053611174,-0.08837707552222807,0.6241247987855152,0.00022271714922048998,0.5,-0.10806187531747968,0.5721723988310584,0.5460797506124171,0.4341646736098323,0.23364747272561678,0.2673929115681156
2021-10-04 06:50:00,0.41492329149232915,-0.01195219123505975,0.005212211466865124,-0.0880199964292091,0.6312703668320007,0.00022271714922048998,0.5,-0.10806187531747968,0.5721723988310584,0.5460797506124171,0.4341646736098323,0.23364747272561678,0.3044042427991611
2021-10-04 07:00:00,0.4225941422594142,-0.42629482071713154,0.0034251675353684785,-0.08230673094090324,0.6353012000889925,0.00022271714922048998,0.5,-0.11030113503898809,0.556799144844788,0.5329832756265664,0.515299712297334,0.2303427197680573,0.32190654374820826
2021-10-04 07:10:00,0.45536959553695955,-0.21912350597609564,-0.0007446016381237319,-0.0815925727548652,0.6353012000889925,0.00033407572383073496,0.5,-0.11030113503898809,0.556799144844788,0.5329832756265664,0.515299712297334,0.2303427197680573,0.38740437859287535
2021-10-04 07:20:00,0.4679218967921897,-0.17131474103585675,-0.0013402829486225398,-0.08373504731297987,0.6353012000889925,0.00033407572383073496,0.5,-0.11030113503898809,0.556799144844788,0.5329832756265664,0.515299712297334,0.2303427197680573,0.41597386725410024
2021-10-04 07:30:00,0.46513249651324967,-0.21912350597609564,-0.0037230081906179935,-0.0815925727548652,0.6353012000889925,0.00033407572383073496,0.5,-0.11030113503898809,0.556799144844788,0.5329832756265664,0.515299712297334,0.2303427197680573,0.3889961826878103
2021-10-04 07:40:00,0.4211994421199442,-0.31474103585657376,-0.007297096053611507,-0.08123549366184613,0.6353012000889925,0.00022271714922048998,0.5,-0.11030113503898809,0.556799144844788,0.5329832756265664,0.515299712297334,0.2303427197680573,0.33205335184151363
2021-10-04 07:50:00,0.4302649930264993,-0.298804780876494,-0.00967982129560696,-0.08123549366184613,0.6353012000889925,0.00033407572383073496,0.5,-0.11030113503898809,0.556799144844788,0.5329832756265664,0.515299712297334,0.2303427197680573,0.34954810869532416
2021-10-04 08:00:00,0.4379358437935844,-0.02788844621513953,-0.01027550260610588,-0.08659168005713269,0.6296083024695398,0.00033407572383073496,0.5,-0.11081417226136958,0.5569773021807023,0.524827352081787,0.5610839150795073,0.22522761863098612,0.3606831932646318
2021-10-04 08:10:00,0.4783821478382148,-0.17131474103585675,-0.01027550260610588,-0.08909123370826644,0.634725366766565,0.00033407572383073496,0.5,-0.11081417226136958,0.5569773021807023,0.524827352081787,0.5610839150795073,0.22522761863098612,0.4354225447742052
2021-10-04 08:20:00,0.5446304044630405,-0.1633466135458168,-0.00967982129560696,-0.0880199964292091,0.6352488516051353,0.00022271714922048998,0.5,-0.11081417226136958,0.5569773021807023,0.524827352081787,0.5610839150795073,0.22522761863098612,0.577243991128144
2021-10-04 08:30:00,0.5306834030683404,-0.20318725099601598,-0.006701414743112699,-0.08230673094090324,0.6352488516051353,0.00044543429844097997,0.5,-0.11081417226136958,0.5569773021807023,0.524827352081787,0.5610839150795073,0.22522761863098612,0.5808500686512668
2021-10-04 08:40:00,0.5690376569037657,-0.019920318725099695,-0.0037230081906179935,-0.08052133547580786,0.6352488516051353,0.00022271714922048998,0.5,-0.11081417226136958,0.5569773021807023,0.524827352081787,0.5610839150795073,0.22522761863098612,0.6414517856873425
2021-10-04 08:50:00,0.5390516039051604,0.003984063745019917,-0.0016381236038721658,-0.07766470273165504,0.6352488516051353,0.00011135857461024499,0.5,-0.11081417226136958,0.5569773021807023,0.524827352081787,0.5610839150795073,0.22522761863098612,0.5890806765544608
2021-10-04 09:00:00,0.50697350069735,-0.07569721115537853,0.0016381236038716107,-0.07088019996429196,0.6352488516051353,0.00033407572383073496,0.5,-0.10937285185258083,0.5785487073535888,0.5180268178899727,0.5920970061306788,0.22343476054217562,0.5263288923759374
2021-10-04 09:10:00,0.5076708507670851,0.09163346613545809,0.008786299329858416,-0.06409569719692909,0.6352488516051353,0.00033407572383073496,0.5,-0.10937285185258083,0.5785487073535888,0.5180268178899727,0.5920970061306788,0.22343476054217562,0.5335108710412361
2021-10-04 09:20:00,0.5216178521617852,0.1633466135458166,0.016827997021593433,-0.05981074808069986,0.6412558401277303,0.0008908685968819599,0.5,-0.10937285185258083,0.5785487073535888,0.5180268178899727,0.5920970061306788,0.22343476054217562,0.5596058964648369
2021-10-04 09:30:00,0.5299860529986052,0.03585657370517925,0.02427401340282942,-0.05302624531333677,0.649984949810891,0.0013363028953229399,0.5,-0.10937285185258083,0.5785487073535888,0.5180268178899727,0.5920970061306788,0.22343476054217562,0.5781945471279629
2021-10-04 09:40:00,0.5418410041841004,0.22709163346613526,0.03201787043931481,-0.04874129619710765,0.6457185483765426,0.0010022271714922048,0.5,-0.10937285185258083,0.5785487073535888,0.5180268178899727,0.5920970061306788,0.22343476054217562,0.6193853071201171
2021-10-04 09:50:00,0.5564853556485356,-0.043824701195219196,0.042144452717795655,-0.04052847705766838,0.6512413134234599,0.004008908685968819,0.5,-0.10937285185258083,0.5785487073535888,0.5180268178899727,0.5920970061306788,0.22343476054217562,0.648128309971785
2021-10-04 10:00:00,0.5543933054393305,-0.019920318725099695,0.0507818317200297,-0.03302981610426714,0.6521966732538509,0.005345211581291759,0.5,0.093945813903769,0.5665949248147302,0.32982654237360787,0.7470399222370789,0.24475140955180155,0.6439715134963864
2021-10-04 10:10:00,0.6157601115760112,-0.019920318725099695,0.05822784810126569,-0.024816996964827642,0.6568687754380913,0.006124721603563475,0.5,0.093945813903769,0.5665949248147302,0.32982654237360787,0.7470399222370789,0.24475140955180155,0.7742203177572914
2021-10-04 10:20:00,0.7154811715481172,0.019920318725099362,0.06626954579300048,-0.01838957329048374,0.6620512753399379,0.032628062360801784,0.5,0.093945813903769,0.5665949248147302,0.32982654237360787,0.7470399222370789,0.24475140955180155,0.9047784299228994
2021-10-04 10:30:00,0.6492329149232915,0.003984063745019917,0.07282204020848826,-0.010890912337082503,0.6709636047165984,0.042761692650334075,0.5,0.093945813903769,0.5665949248147302,0.32982654237360787,0.7470399222370789,0.24475140955180155,0.7016008570092189
2021-10-04 10:40:00,0.7203626220362622,-0.019920318725099695,0.07669396872673095,-0.0001785395465094819,0.6743008205624844,0.049109131403118046,0.5,0.093945813903769,0.5665949248147302,0.32982654237360787,0.7470399222370789,0.24475140955180155,0.79341249603935
2021-10-04 10:50:00,0.6994421199442119,-0.03585657370517936,0.08592702903946359,0.011962149616140172,0.6772192485375143,0.020601336302895325,0.5,0.093945813903769,0.5665949248147302,0.32982654237360787,0.7470399222370789,0.24475140955180155,0.9061665434464445
2021-10-04 11:00:00,0.6004184100418409,-0.15537848605577698,0.09218168279970218,0.023745759685770418,0.6745887372236982,0.004565701559020045,0.5,0.09567206975598519,0.5634972859741324,0.33715614508905334,0.7688067591130954,0.2644592580921932,0.7535344086183744
2021-10-04 11:10:00,0.6778242677824269,0.01195219123505975,0.10201042442293362,0.03231565791822888,0.6696287183782439,0.005345211581291759,0.5,0.09567206975598519,0.5634972859741324,0.33715614508905334,0.7688067591130954,0.2644592580921932,0.8982150670670066
2021-10-04 11:20:00,0.6387726638772664,0.09163346613545809,0.11183916604616506,0.04588466345295483,0.6690921464187093,0.00311804008908686,0.5,0.09567206975598519,0.5634972859741324,0.33715614508905334,0.7688067591130954,0.2644592580921932,0.8527694373613773
2021-10-04 11:30:00,0.7126917712691772,-0.08366533864541836,0.12047654504839889,0.060167827173718935,0.6801769378754368,0.011469933184855235,0.5,0.09567206975598519,0.5634972859741324,0.33715614508905334,0.7688067591130954,0.2644592580921932,0.9425215383919007
2021-10-04 11:40:00,0.612970711297071,-0.07569721115537853,0.12494415487714061,0.07123727905731125,0.676551805368337,0.0024498886414253897,0.5,0.09567206975598519,0.5634972859741324,0.33715614508905334,0.7688067591130954,0.2644592580921932,0.7701465063294959
2021-10-04 11:50:00,0.5850767085076709,-0.10756972111553798,0.13060312732687973,0.0801642563827889,0.6746541728285195,0.001893095768374165,0.5,0.09567206975598519,0.5634972859741324,0.33715614508905334,0.7688067591130954,0.2644592580921932,0.6900659353923685
2021-10-04 12:00:00,0.5829846582984658,-0.0916334661354582,0.13804914370811594,0.08659168005713269,0.6683985290076037,0.001893095768374165,0.5,0.09903509512134345,0.5475981804963685,0.3453690081753261,0.7395080227673082,0.2788981578305146,0.6923970608204958
2021-10-04 12:10:00,0.6052998605299861,0.1394422310756971,0.14311243484735647,0.09694697375468664,0.6843255552211068,0.00111358574610245,0.5,0.09903509512134345,0.5475981804963685,0.3453690081753261,0.7395080227673082,0.2788981578305146,0.7067911945320398
2021-10-04 12:20:00,0.5669456066945607,0.09960159362549792,0.14847356664184663,0.10551687198714532,0.6812239075525774,0.0014476614699331849,0.5,0.09903509512134345,0.5475981804963685,0.3453690081753261,0.7395080227673082,0.2788981578305146,0.6430285015918041
2021-10-04 12:30:00,0.5592747559274756,-0.043824701195219196,0.15711094564408024,0.10551687198714532,0.6690528850558166,0.0022271714922049,0.5,0.09903509512134345,0.5475981804963685,0.3453690081753261,0.7395080227673082,0.2788981578305146,0.6215655506435113
2021-10-04 12:40:00,0.5543933054393305,0.09960159362549792,0.16574832464631406,0.1137296911265846,0.6710944759262409,0.0010022271714922048,0.5,0.09903509512134345,0.5475981804963685,0.3453690081753261,0.7395080227673082,0.2788981578305146,0.6245907328334113
2021-10-04 12:50:00,0.5383542538354253,-0.01195219123505975,0.17230081906180184,0.1151580074986609,0.6803078090850794,0.0014476614699331849,0.5,0.09903509512134345,0.5475981804963685,0.3453690081753261,0.7395080227673082,0.2788981578305146,0.5546569699895891
2021-10-04 13:00:00,0.5564853556485356,0.07569721115537842,0.17706626954579274,0.12551330119621507,0.6834487181165015,0.0006681514476614699,0.5,0.23304187180206393,0.5387334162818581,0.27383366831284084,0.7089501727026938,0.2837841724852599,0.5879490622689622
2021-10-04 13:10:00,0.5411436541143654,-0.21912350597609564,0.18481012658227836,0.1408677021960365,0.6749944379735902,0.000779510022271715,0.5,0.23304187180206393,0.5387334162818581,0.27383366831284084,0.7089501727026938,0.2837841724852599,0.5610317304645653
2021-10-04 13:20:00,0.599721059972106,0.2749003984063745,0.1904690990320177,0.1362256739867882,0.6821661802620042,0.0008908685968819599,0.5,0.23304187180206393,0.5387334162818581,0.27383366831284084,0.7089501727026938,0.2837841724852599,0.6995941276762678
2021-10-04 13:30:00,0.4916317991631799,-0.12350597609561753,0.19493670886075942,0.13943938582395998,0.6807004227140071,0.00033407572383073496,0.5,0.23304187180206393,0.5387334162818581,0.27383366831284084,0.7089501727026938,0.2837841724852599,0.46212864191197556
2021-10-04 13:40:00,0.5599721059972106,-0.02788844621513953,0.202084884586746,0.14800928405641844,0.6803470704479722,0.00111358574610245,0.5,0.23304187180206393,0.5387334162818581,0.27383366831284084,0.7089501727026938,0.2837841724852599,0.5986993979812002
2021-10-04 13:50:00,0.5174337517433751,-0.15537848605577698,0.21102010424422923,0.15407962863774327,0.6794178848595097,0.0020044543429844097,0.5,0.23304187180206393,0.5387334162818581,0.27383366831284084,0.7089501727026938,0.2837841724852599,0.5036513420945427
2021-10-04 14:00:00,0.5306834030683404,-0.003984063745020028,0.21876396128071485,0.15479378682378164,0.6764863697635156,0.0010022271714922048,0.5,0.2421048401002861,0.5137051840911245,0.2756197184295288,0.7257850664761425,0.285175461225964,0.5481313276098798
2021-10-04 14:10:00,0.5209205020920502,0.019920318725099362,0.22620997766195083,0.1597928941260489,0.684129248406643,0.0010022271714922048,0.5,0.2421048401002861,0.5137051840911245,0.2756197184295288,0.7257850664761425,0.285175461225964,0.5375092415166649
2021-10-04 14:20:00,0.4211994421199442,-0.003984063745020028,0.2330603127326878,0.16336368505623988,0.66113517687244,0.0006681514476614699,0.5,0.2421048401002861,0.5137051840911245,0.2756197184295288,0.7257850664761425,0.285175461225964,0.32969959412767624
2021-10-04 14:30:00,0.4344490934449094,-0.02788844621513953,0.23931496649292616,0.17371897875379383,0.6568687754380913,0.00033407572383073496,0.5,0.2421048401002861,0.5137051840911245,0.2756197184295288,0.7257850664761425,0.285175461225964,0.3339091992697316
2021-10-04 14:40:00,0.5083682008368201,-0.09960159362549814,0.24586746090841394,0.17550437421888954,0.6754001387234823,0.0006681514476614699,0.5,0.2421048401002861,0.5137051840911245,0.2756197184295288,0.7257850664761425,0.285175461225964,0.49700499419104666
2021-10-04 14:50:00,0.45746164574616455,-0.06772908366533881,0.2521221146686521,0.17586145331190872,0.6667102904032143,0.00033407572383073496,0.5,0.2421048401002861,0.5137051840911245,0.2756197184295288,0.7257850664761425,0.285175461225964,0.40636268992259755
2021-10-04 15:00:00,0.45746164574616455,0.03585657370517925,0.2556962025316454,0.17621853240492769,0.6856211801965685,0.000556792873051225,0.5,0.24894482498466597,0.4777461372903419,0.2759588193960173,0.752882274986275,0.2830047987828864,0.397920847352777
2021-10-04 15:10:00,0.48884239888423986,0.08366533864541825,0.26165301563663435,0.1837171933583288,0.6816819567863266,0.00033407572383073496,0.5,0.24894482498466597,0.4777461372903419,0.2759588193960173,0.752882274986275,0.2830047987828864,0.44059025001131613
2021-10-04 15:20:00,0.403068340306834,-0.1394422310756973,0.2676098287416231,0.18693090519550082,0.6818782636007904,0.000556792873051225,0.5,0.24894482498466597,0.4777461372903419,0.2759588193960173,0.752882274986275,0.2830047987828864,0.28577787165985186
2021-10-04 15:30:00,0.5146443514644351,-0.06772908366533881,0.27386448250186124,0.19835743617211232,0.6709766918375627,0.000556792873051225,0.5,0.24894482498466597,0.4777461372903419,0.2759588193960173,0.752882274986275,0.2830047987828864,0.4775336843852317
2021-10-04 15:40:00,0.40794979079497906,0.08366533864541825,0.2762472077438567,0.2029994643813604,0.669380063079923,0.00033407572383073496,0.5,0.24894482498466597,0.4777461372903419,0.2759588193960173,0.752882274986275,0.2830047987828864,0.29707138222912927
2021-10-04 15:50:00,0.41352859135285913,0.1633466135458166,0.2795234549516006,0.20049991073022677,0.6668411616128568,0.00033407572383073496,0.5,0.24894482498466597,0.4777461372903419,0.2759588193960173,0.752882274986275,0.2830047987828864,0.3222007634624379
2021-10-04 16:00:00,0.5425383542538355,0.019920318725099362,0.28220402084884566,0.19121585431173016,0.6837628090196438,0.000779510022271715,0.5,0.29516363525995226,0.464459048237534,0.24877164669534443,0.8064067679269457,0.2775983470185663,0.5448873666581167
2021-10-04 16:10:00,0.4951185495118549,0.003984063745019917,0.2860759493670886,0.19621496161399765,0.6646686995327897,0.0008908685968819599,0.5,0.29516363525995226,0.464459048237534,0.24877164669534443,0.8064067679269457,0.2775983470185663,0.49694464142915346
2021-10-04 16:20:00,0.5627615062761506,-0.20318725099601598,0.2881608339538346,0.2047848598464561,0.6622214079124733,0.00111358574610245,0.5,0.29516363525995226,0.464459048237534,0.24877164669534443,0.8064067679269457,0.2775983470185663,0.5963456402673628
2021-10-04 16:30:00,0.5948396094839609,0.15537848605577675,0.28935219657483224,0.2015711480092841,0.677611862166442,0.0024498886414253897,0.5,0.29516363525995226,0.464459048237534,0.24877164669534443,0.8064067679269457,0.2775983470185663,0.6901564645352083
2021-10-04 16:40:00,0.6596931659693167,-0.02788844621513953,0.29352196574832456,0.20228530619532248,0.6797188886416877,0.00155902004454343,0.5,0.29516363525995226,0.464459048237534,0.24877164669534443,0.8064067679269457,0.2775983470185663,0.7872716025167101
2021-10-04 16:50:00,0.605997210599721,0.08366533864541825,0.29381980640357397,0.2079985716836279,0.676852809150515,0.003006681514476615,0.5,0.29516363525995226,0.464459048237534,0.24877164669534443,0.8064067679269457,0.2775983470185663,0.7149916260542873
2021-10-04 17:00:00,0.696652719665272,-0.09960159362549814,0.29590469099032,0.21192644170683805,0.681799740875005,0.012360801781737195,0.5,0.2891297611952146,0.44728410635418403,0.2527907667143868,0.8880164491809615,0.2751283840333174,0.8961479849721624
2021-10-04 17:10:00,0.7294281729428174,-0.1394422310756973,0.29709605361131786,0.2115693626138191,0.6836973734148224,0.018374164810690423,0.5,0.2891297611952146,0.44728410635418403,0.2527907667143868,0.8880164491809615,0.2751283840333174,0.9573532296271708
2021-10-04 17:20:00,0.8263598326359832,-0.019920318725099695,0.29709605361131786,0.21406891626495272,0.6831215400923951,0.03942093541202673,0.5,0.2891297611952146,0.44728410635418403,0.2527907667143868,0.8880164491809615,0.2751283840333174,0.9722415015767158
2021-10-04 17:30:00,0.7615062761506276,-0.0916334661354582,0.29709605361131786,0.2208534190323157,0.6736857258771642,0.029955456570155903,0.5,0.2891297611952146,0.44728410635418403,0.2527907667143868,0.8880164491809615,0.2751283840333174,0.9871297735262611
2021-10-04 17:40:00,0.8849372384937239,-0.003984063745020028,0.29709605361131786,0.2258525263345832,0.6851107824789624,0.05902004454342984,0.5,0.2891297611952146,0.44728410635418403,0.2527907667143868,0.8880164491809615,0.2751283840333174,0.9846515382410187
2021-10-04 17:50:00,0.895397489539749,0.4661354581673305,0.29739389426656726,0.222281735404392,0.6785541348758687,0.07071269487750556,0.5,0.2891297611952146,0.44728410635418403,0.2527907667143868,0.8880164491809615,0.2751283840333174,0.9821732275148243
2021-10-04 18:00:00,0.8333333333333333,-0.1633466135458168,0.2956068503350706,0.22513836814854504,0.6837758961406081,0.05556792873051225,0.5,0.17565111067455597,0.4458157450855887,0.323347989241597,0.946540420080807,0.28173899282198844,0.9796950676705343
2021-10-04 18:10:00,0.9128312412831241,-0.0916334661354582,0.2917349218168279,0.23513658275308003,0.6846658203661776,0.09242761692650335,0.5,0.17565111067455597,0.4458157450855887,0.323347989241597,0.946540420080807,0.28173899282198844,0.977216832385292
2021-10-04 18:20:00,0.9156206415620642,-0.09960159362549814,0.287862993298585,0.23620782003213714,0.6780960856421195,0.09688195991091314,0.5,0.17565111067455597,0.4458157450855887,0.323347989241597,0.946540420080807,0.28173899282198844,0.9772620969567121
2021-10-04 18:30:00,0.8905160390516039,-0.20318725099601598,0.2836932241250929,0.2340653454740227,0.6779652144324769,0.10779510022271716,0.5,0.17565111067455597,0.4458157450855887,0.323347989241597,0.946540420080807,0.28173899282198844,0.8108921647026871
2021-10-04 18:40:00,0.8723849372384938,0.2589641434262948,0.2801191362620996,0.23120871272986965,0.6743924304092344,0.11080178173719377,0.5,0.17565111067455597,0.4458157450855887,0.323347989241597,0.946540420080807,0.28173899282198844,0.789768698040044
2021-10-04 18:50:00,0.9379358437935843,0.14741035856573692,0.2747580044676097,0.225495447241564,0.6743924304092344,0.1252783964365256,0.5,0.17565111067455597,0.4458157450855887,0.323347989241597,0.946540420080807,0.28173899282198844,0.7967394420387163
2021-10-04 19:00:00,0.896094839609484,0.027888446215139417,0.26939687267311974,0.21549723263702902,0.6770098546020862,0.1052338530066815,0.5,0.16500026849237015,0.4500254305229489,0.3296717023287004,0.8560913573004627,0.2718349729729054,0.8556361935513075
2021-10-04 19:10:00,0.9728033472803347,-0.043824701195219196,0.2607594936708859,0.20728441349758975,0.6741830364738061,0.12951002227171493,0.5,0.16500026849237015,0.4500254305229489,0.3296717023287004,0.8560913573004627,0.2718349729729054,0.8510569277426557
2021-10-04 19:20:00,0.9037656903765691,-0.4342629482071714,0.2488458674609082,0.20264238528834144,0.6741830364738061,0.10189309576837417,0.5,0.16500026849237015,0.4500254305229489,0.3296717023287004,0.8560913573004627,0.2718349729729054,0.8640403156449447
2021-10-04 19:30:00,0.8235704323570433,-0.4342629482071714,0.23931496649292616,0.20407070166041774,0.6690397979348524,0.08351893095768374,0.5,0.16500026849237015,0.4500254305229489,0.3296717023287004,0.8560913573004627,0.2718349729729054,0.8561869125035836
2021-10-04 19:40:00,0.9525801952580195,0.3227091633466135,0.24408041697691707,0.1937154079628638,0.6603237753726559,0.1262806236080178,0.5,0.16500026849237015,0.4500254305229489,0.3296717023287004,0.8560913573004627,0.2718349729729054,0.8247883881286118
2021-10-04 19:50:00,0.9470013947001394,0.2669322709163344,0.2449739389426655,0.17871808605606132,0.6603237753726559,0.1267260579064588,0.5,0.16500026849237015,0.4500254305229489,0.3296717023287004,0.8560913573004627,0.2718349729729054,0.7887502451830952
2021-10-04 20:00:00,0.9051603905160391,-0.0916334661354582,0.23633655994043168,0.17621853240492769,0.6603237753726559,0.1148106904231626,0.5,0.16358339589817028,0.4500340510392025,0.32745296242231214,0.8550276155028235,0.25791496287557425,0.7923412345157446
2021-10-04 20:10:00,0.9267782426778243,-0.5697211155378487,0.22740134028294823,0.18157471880021436,0.6603237753726559,0.11069042316258351,0.5,0.16358339589817028,0.4500340510392025,0.32745296242231214,0.8550276155028235,0.25791496287557425,0.8232041281289135
2021-10-04 20:20:00,0.907252440725244,-0.6733067729083666,0.22352941176470575,0.17586145331190872,0.6603106882516915,0.1066815144766147,0.5,0.16358339589817028,0.4500340510392025,0.32745296242231214,0.8550276155028235,0.25791496287557425,0.7946572717533986
2021-10-04 20:30:00,0.8947001394700139,-0.09960159362549814,0.22352941176470575,0.16693447598643107,0.6482705369645732,0.10957683741648107,0.5,0.16358339589817028,0.4500340510392025,0.32745296242231214,0.8550276155028235,0.25791496287557425,0.7965282073720898
2021-10-04 20:40:00,0.8458856345885635,0.027888446215139417,0.22501861504095277,0.16157828959114462,0.6463467301828271,0.09020044543429843,0.5,0.16358339589817028,0.4500340510392025,0.32745296242231214,0.8550276155028235,0.25791496287557425,0.8916139837349306
2021-10-04 20:50:00,0.9100418410041842,0.01195219123505975,0.22352941176470575,0.16157828959114462,0.6463467301828271,0.09187082405345212,0.5,0.16358339589817028,0.4500340510392025,0.32745296242231214,0.8550276155028235,0.25791496287557425,0.8927727567632814
2021-10-04 21:00:00,0.8814504881450489,-0.05179282868525903,0.22501861504095277,0.16086413140510625,0.6463467301828271,0.0680400890868597,0.5,0.16575755038901363,0.4661084403474643,0.3128622366181616,0.9062085494703169,0.247160804244304,0.8939315297916322
2021-10-04 21:10:00,0.887029288702929,-0.019920318725099695,0.2217423678332091,0.1680057132654884,0.6463467301828271,0.07115812917594655,0.5,0.16575755038901363,0.4661084403474643,0.3128622366181616,0.9062085494703169,0.247160804244304,0.8950903028199829
2021-10-04 21:20:00,0.810320781032078,-0.1872509960159363,0.21965748324646306,0.17407605784681324,0.6463467301828271,0.05244988864142539,0.5,0.16575755038901363,0.4661084403474643,0.3128622366181616,0.9062085494703169,0.247160804244304,0.8962490758483335
2021-10-04 21:30:00,0.809623430962343,-0.33864541832669326,0.21221146686522707,0.18514550973040533,0.6463467301828271,0.07783964365256126,0.5,0.16575755038901363,0.4661084403474643,0.3128622366181616,0.9062085494703169,0.247160804244304,0.8974078488766842
2021-10-04 21:40:00,0.810320781032078,-0.3067729083665339,0.2053611317944899,0.19264417068380646,0.6429571658530839,0.08151447661469934,0.5,0.16575755038901363,0.4661084403474643,0.3128622366181616,0.9062085494703169,0.247160804244304,0.8537501697421429
2021-10-04 21:50:00,0.8619246861924685,0.11553784860557759,0.20923306031273237,0.18585966791644348,0.6364266924919186,0.1022271714922049,0.5,0.16575755038901363,0.4661084403474643,0.3128622366181616,0.9062085494703169,0.247160804244304,0.8558247959322239
2021-10-04 22:00:00,0.8737796373779637,0.11553784860557759,0.20893521965748318,0.17693269059096606,0.6364005182499901,0.10066815144766146,0.5,0.0968609406305001,0.4644159456562657,0.35345581802274717,0.9144546729925564,0.24323872997282042,0.8681141270727402
2021-10-04 22:10:00,0.8556485355648535,0.027888446215139417,0.20357408786299303,0.17264774147473672,0.6364005182499901,0.09187082405345212,0.5,0.0968609406305001,0.4644159456562657,0.35345581802274717,0.9144546729925564,0.24323872997282042,0.8933566697345988
2021-10-04 22:20:00,0.8521617852161786,-0.043824701195219196,0.19970215934475055,0.16550615961435455,0.6364005182499901,0.08886414253897551,0.5,0.0968609406305001,0.4644159456562657,0.35345581802274717,0.9144546729925564,0.24323872997282042,0.9236688443954916
2021-10-04 22:30:00,0.8654114365411437,0.08366533864541825,0.1973194341027551,0.16407784324227825,0.6364005182499901,0.07561247216035635,0.5,0.0968609406305001,0.4644159456562657,0.35345581802274717,0.9144546729925564,0.24323872997282042,0.9324010591909713
2021-10-04 22:40:00,0.8305439330543933,0.15537848605577675,0.1985107967237525,0.16157828959114462,0.6364005182499901,0.05033407572383073,0.5,0.0968609406305001,0.4644159456562657,0.35345581802274717,0.9144546729925564,0.24323872997282042,0.9411334248683556
2021-10-04 22:50:00,0.8744769874476986,-0.043824701195219196,0.1943410275502604,0.16264952687020195,0.6364005182499901,0.06915367483296214,0.5,0.0968609406305001,0.4644159456562657,0.35345581802274717,0.9144546729925564,0.24323872997282042,0.9498657151047876
2021-10-04 23:00:00,0.9121338912133892,-0.02788844621513953,0.19374534623976158,0.1647920014283164,0.6364005182499901,0.08140311804008908,0.5,0.06847499335439688,0.47160545621208905,0.36191305192518425,0.876130856866799,0.23915901286199284,0.9585979299002672
2021-10-04 23:10:00,0.8668061366806137,-0.21912350597609564,0.19166046165301553,0.16764863417246945,0.6364005182499901,0.066815144766147,0.5,0.06847499335439688,0.47160545621208905,0.36191305192518425,0.876130856866799,0.23915901286199284,0.9673302955776514
2021-10-04 23:20:00,0.8312412831241283,-0.2749003984063746,0.18808637379002224,0.17371897875379383,0.6364005182499901,0.05211581291759465,0.5,0.06847499335439688,0.47160545621208905,0.36191305192518425,0.876130856866799,0.23915901286199284,0.976062510373131
2021-10-04 23:30:00,0.8396094839609484,-0.2509960159362551,0.18540580789277716,0.1780039278700234,0.6364005182499901,0.056458797327394214,0.5,0.06847499335439688,0.47160545621208905,0.36191305192518425,0.876130856866799,0.23915901286199284,0.9847948760505153
2021-10-04 23:40:00,0.7747559274755927,-0.3227091633466136,0.18123603871928506,0.1837171933583288,0.6364005182499901,0.052672605790645886,0.5,0.06847499335439688,0.47160545621208905,0.36191305192518425,0.876130856866799,0.23915901286199284,0.9935271662869473
2021-10-04 23:50:00,0.7907949790794979,-0.2749003984063746,0.17617274758004453,0.18657382610248163,0.6364005182499901,0.06247216035634744,0.5,0.06847499335439688,0.47160545621208905,0.36191305192518425,0.876130856866799,0.23915901286199284,0.9423706564871676
2021-10-05 00:00:00,0.7921896792189679,-0.2509960159362551,0.17379002233804886,0.18514550973040533,0.6334559160330319,0.03374164810690423,0.5,0.0752661159626884,0.4765335180039479,0.35297557293669934,0.8353944099734232,0.2317372518295225,0.9487663895469016
2021-10-05 00:10:00,0.7740585774058577,0.20318725099601576,0.1746835443037973,0.17764684877700399,0.6264281320752247,0.027616926503340758,0.5,0.0752661159626884,0.4765335180039479,0.35297557293669934,0.8353944099734232,0.2317372518295225,0.9551621226066359
2021-10-05 00:20:00,0.7845188284518828,0.3067729083665336,0.17498138495904692,0.17229066238171753,0.6264281320752247,0.02405345211581292,0.5,0.0752661159626884,0.4765335180039479,0.35297557293669934,0.8353944099734232,0.2317372518295225,0.96155785566637
2021-10-05 00:30:00,0.7489539748953975,0.2589641434262948,0.17230081906180184,0.17050526691662204,0.6264281320752247,0.01804008908685969,0.5,0.0752661159626884,0.4765335180039479,0.35297557293669934,0.8353944099734232,0.2317372518295225,0.9679535887261042
2021-10-05 00:40:00,0.7308228730822873,0.19521912350597592,0.1678332092330601,0.17229066238171753,0.6264150449542605,0.010579064587973273,0.5,0.0752661159626884,0.4765335180039479,0.35297557293669934,0.8353944099734232,0.2317372518295225,0.9743491709039336
2021-10-05 00:50:00,0.6980474198047419,0.14741035856573692,0.16128071481757233,0.17264774147473672,0.6264150449542605,0.004120267260579065,0.5,0.0752661159626884,0.4765335180039479,0.35297557293669934,0.8353944099734232,0.2317372518295225,0.9807449039636676
2021-10-05 01:00:00,0.7266387726638772,0.346613545816733,0.1553239017125836,0.17086234600964123,0.6264150449542605,0.011135857461024499,0.5,0.05115516757759497,0.47975759108293803,0.3921829491562866,0.8003923685484017,0.2221858294636029,0.9871406370234018
2021-10-05 01:10:00,0.7405857740585774,0.05179282868525892,0.15026061057334306,0.16443492233529722,0.6288492494536126,0.026169265033407576,0.5,0.05115516757759497,0.47975759108293803,0.3921829491562866,0.8003923685484017,0.2221858294636029,0.9935363700831359
2021-10-05 01:20:00,0.7350069735006973,0.10756972111553775,0.14311243484735647,0.16122121049812543,0.6277630184135793,0.02817371937639198,0.5,0.05115516757759497,0.47975759108293803,0.3921829491562866,0.8003923685484017,0.2221858294636029,0.9999321031428702
2021-10-05 01:30:00,0.7447698744769874,0.21912350597609564,0.14162323157110923,0.15229423317264779,0.6297391736791824,0.012360801781737195,0.5,0.05115516757759497,0.47975759108293803,0.3921829491562866,0.8003923685484017,0.2221858294636029,0.9768305747091751
2021-10-05 01:40:00,0.7656903765690377,-0.33864541832669326,0.13536857781087108,0.1533654704517049,0.6362042114355263,0.022605790645879732,0.5,0.05115516757759497,0.47975759108293803,0.3921829491562866,0.8003923685484017,0.2221858294636029,0.9537289708345278
2021-10-05 01:50:00,0.8068340306834031,-0.3784860557768924,0.13387937453462384,0.1519371540796286,0.6362303856774548,0.036302895322939864,0.5,0.05115516757759497,0.47975759108293803,0.3921829491562866,0.8003923685484017,0.2221858294636029,0.9306275178417853
2021-10-05 02:00:00,0.7454672245467224,-0.14741035856573714,0.1320923306031272,0.15086591680057126,0.6323696849929984,0.016146993318485525,0.5,0.05335373652993769,0.48223167924783145,0.3915246570407138,0.7471098981125993,0.2190616573924666,0.907525913967138
2021-10-05 02:10:00,0.6534170153417015,0.2669322709163344,0.1288160833953833,0.15086591680057126,0.6262710866236536,0.0016703786191536749,0.5,0.05335373652993769,0.48223167924783145,0.3915246570407138,0.7471098981125993,0.2190616573924666,0.8844244609743953
2021-10-05 02:20:00,0.6290097629009763,0.11553784860557759,0.12702903946388688,0.1519371540796286,0.6262579995026893,0.0006681514476614699,0.5,0.05335373652993769,0.48223167924783145,0.3915246570407138,0.7471098981125993,0.2190616573924666,0.8514869411711454
2021-10-05 02:30:00,0.5955369595536959,0.24302788844621515,0.12375279225614277,0.15443670773076223,0.6262579995026893,0.00033407572383073496,0.5,0.05335373652993769,0.48223167924783145,0.3915246570407138,0.7471098981125993,0.2190616573924666,0.7352022571932948
2021-10-05 02:40:00,0.5188284518828452,0.15537848605577675,0.11898734177215187,0.15443670773076223,0.6262579995026893,0.00022271714922048998,0.5,0.05335373652993769,0.48223167924783145,0.3915246570407138,0.7471098981125993,0.2190616573924666,0.5650602773209409
2021-10-05 02:50:00,0.5111576011157601,0.027888446215139417,0.11511541325390895,0.1537225495447243,0.6262579995026893,0.00044543429844097997,0.5,0.05335373652993769,0.48223167924783145,0.3915246570407138,0.7471098981125993,0.2190616573924666,0.5600434539885631
2021-10-05 03:00:00,0.5920502092050209,-0.1872509960159363,0.11034996276991804,0.14658096768434214,0.6262579995026893,0.00033407572383073496,0.5,0.04855759561580286,0.48802753967592577,0.39363015193473333,0.6674237849664765,0.214722855860992,0.7267679587187109
2021-10-05 03:10:00,0.6283124128312413,-0.29083665338645437,0.10945644080416961,0.13479735761471168,0.6262579995026893,0.00044543429844097997,0.5,0.04855759561580286,0.48802753967592577,0.39363015193473333,0.6674237849664765,0.214722855860992,0.8080782171794137
2021-10-05 03:20:00,0.6429567642956765,-0.40239043824701204,0.10647803425167512,0.1247991430101767,0.6262579995026893,0.00044543429844097997,0.5,0.04855759561580286,0.48802753967592577,0.39363015193473333,0.6674237849664765,0.214722855860992,0.821227575176909
2021-10-05 03:30:00,0.6052998605299861,-0.043824701195219196,0.10588235294117632,0.11622924477771823,0.618458075407991,0.00044543429844097997,0.5,0.04855759561580286,0.48802753967592577,0.39363015193473333,0.6674237849664765,0.214722855860992,0.7373146038595592
2021-10-05 03:40:00,0.6743375174337517,0.2828685258964143,0.10558451228592691,0.10551687198714532,0.6168745337713156,0.0008908685968819599,0.5,0.04855759561580286,0.48802753967592577,0.39363015193473333,0.6674237849664765,0.214722855860992,0.9204927803008586
2021-10-05 03:50:00,0.691771269177127,-0.33864541832669326,0.10111690245718519,0.0958757364756293,0.6261271282930468,0.000779510022271715,0.5,0.04855759561580286,0.48802753967592577,0.39363015193473333,0.6674237849664765,0.214722855860992,0.9554596617227696
2021-10-05 04:00:00,0.689679218967922,-0.3067729083665339,0.09575577066269525,0.09337618282449567,0.6228160866890893,0.000556792873051225,0.5,-0.012872024529196224,0.4994985733045592,0.46555062629057153,0.5848444857959638,0.21188587939865522,0.9661647328635877
2021-10-05 04:10:00,0.6366806136680614,0.1872509960159361,0.09575577066269525,0.09087662917336181,0.6161547421182815,0.00033407572383073496,0.5,-0.012872024529196224,0.4994985733045592,0.46555062629057153,0.5848444857959638,0.21188587939865522,0.8376586146023507
2021-10-05 04:20:00,0.6485355648535566,0.2828685258964143,0.09456440804169763,0.09016247098732366,0.6161547421182815,0.00033407572383073496,0.5,-0.012872024529196224,0.4994985733045592,0.46555062629057153,0.5848444857959638,0.21188587939865522,0.8424113946014455
2021-10-05 04:30:00,0.6701534170153417,0.3705179282868525,0.09456440804169763,0.08766291733619003,0.6161547421182815,0.0006681514476614699,0.5,-0.012872024529196224,0.4994985733045592,0.46555062629057153,0.5848444857959638,0.21188587939865522,0.9172035547776755
2021-10-05 04:40:00,0.6631799163179917,-0.13147410358565736,0.09337304542069957,0.08230673094090357,0.6234180942534452,0.000556792873051225,0.5,-0.012872024529196224,0.4994985733045592,0.46555062629057153,0.5848444857959638,0.21188587939865522,0.869441887834392
2021-10-05 04:50:00,0.6157601115760112,-0.3944223107569722,0.08830975428145926,0.08801999642920899,0.6261009540511182,0.000556792873051225,0.5,-0.012872024529196224,0.4994985733045592,0.46555062629057153,0.5848444857959638,0.21188587939865522,0.7609577983312461
2021-10-05 05:00:00,0.5829846582984658,-0.4103585657370519,0.0856291883842144,0.09159078735940018,0.6261009540511182,0.00044543429844097997,0.5,-0.02526543222435429,0.5065185470407219,0.4689477230333888,0.4967018061748252,0.20941358451246156,0.6881874556784405
2021-10-05 05:10:00,0.5676429567642958,-0.29083665338645437,0.0826507818317197,0.09337618282449567,0.6220308594312337,0.00044543429844097997,0.5,-0.02526543222435429,0.5065185470407219,0.4689477230333888,0.4967018061748252,0.20941358451246156,0.6522775623519471
2021-10-05 05:20:00,0.5453277545327755,0.17131474103585642,0.0826507818317197,0.09051955008034285,0.6148460300218556,0.00033407572383073496,0.5,-0.02526543222435429,0.5065185470407219,0.4689477230333888,0.4967018061748252,0.20941358451246156,0.5900387766495164
2021-10-05 05:30:00,0.5369595536959554,0.22709163346613526,0.0784810126582276,0.08052133547580786,0.6148460300218556,0.00044543429844097997,0.5,-0.02526543222435429,0.5065185470407219,0.4689477230333888,0.4967018061748252,0.20941358451246156,0.5990992350287431
2021-10-05 05:40:00,0.6122733612273361,0.4183266932270917,0.07937453462397603,0.07088019996429229,0.6148460300218556,0.00044543429844097997,0.5,-0.02526543222435429,0.5065185470407219,0.4689477230333888,0.4967018061748252,0.20941358451246156,0.7714440907102011
2021-10-05 05:50:00,0.6080892608089261,0.13147410358565725,0.07877885331347723,0.058739510801642636,0.6226328669955896,0.00033407572383073496,0.5,-0.02526543222435429,0.5065185470407219,0.4689477230333888,0.4967018061748252,0.20941358451246156,0.7616443109977821
2021-10-05 06:00:00,0.5543933054393305,0.027888446215139417,0.07490692479523453,0.054454561685413294,0.6261271282930468,0.00044543429844097997,0.5,-0.03905126469912357,0.5564945532704813,0.4802875687792251,0.44776639262829415,0.19176859634616278,0.6706097137770267
2021-10-05 06:10:00,0.5871687587168759,-0.4103585657370519,0.07371556217423669,0.05481164077843248,0.6261271282930468,0.00022271714922048998,0.5,-0.03905126469912357,0.5564945532704813,0.4802875687792251,0.44776639262829415,0.19176859634616278,0.6707002429198666
2021-10-05 06:20:00,0.49721059972105996,-0.23505976095617542,0.07192851824273983,0.06088198535975731,0.6163903102956381,0.00022271714922048998,0.5,-0.03905126469912357,0.5564945532704813,0.4802875687792251,0.44776639262829415,0.19176859634616278,0.488895091811639
2021-10-05 06:30:00,0.5244072524407252,-0.03585657370517936,0.07073715562174243,0.0576682735225853,0.6149376398686053,0.00044543429844097997,0.5,-0.03905126469912357,0.5564945532704813,0.4802875687792251,0.44776639262829415,0.19176859634616278,0.5557508637989046
2021-10-05 06:40:00,0.5174337517433751,-0.05179282868525903,0.0701414743112434,0.050883770755222324,0.6149376398686053,0.0006681514476614699,0.5,-0.03905126469912357,0.5564945532704813,0.4802875687792251,0.44776639262829415,0.19176859634616278,0.5379166226594444
2021-10-05 06:50:00,0.5829846582984658,-0.2589641434262948,0.0701414743112434,0.0448134261738975,0.6149376398686053,0.00033407572383073496,0.5,-0.03905126469912357,0.5564945532704813,0.4802875687792251,0.44776639262829415,0.19176859634616278,0.7011632994854927
2021-10-05 07:00:00,0.590655509065551,-0.36254980079681276,0.07371556217423669,0.04017139796464919,0.6149376398686053,0.00022271714922048998,0.5,-0.05117597990543077,0.5485722988330685,0.48571927132097326,0.44487477970498185,0.18484295640945966,0.68561491920274
2021-10-05 07:10:00,0.5432357043235705,-0.33067729083665354,0.07163067758749042,0.04017139796464919,0.6149376398686053,0.00022271714922048998,0.5,-0.05117597990543077,0.5485722988330685,0.48571927132097326,0.44487477970498185,0.18484295640945966,0.5745658373191304
2021-10-05 07:20:00,0.5599721059972106,-0.2509960159362551,0.06805658972449735,0.04017139796464919,0.6149376398686053,0.00011135857461024499,0.5,-0.05117597990543077,0.5485722988330685,0.48571927132097326,0.44487477970498185,0.18484295640945966,0.6289889403563831
2021-10-05 07:30:00,0.4825662482566248,-0.059760956175298974,0.06895011169024556,0.03767184431351556,0.6149376398686053,0.00033407572383073496,0.5,-0.05117597990543077,0.5485722988330685,0.48571927132097326,0.44487477970498185,0.18484295640945966,0.47687734809964244
2021-10-05 07:40:00,0.5285913528591353,0.298804780876494,0.06775874906924773,0.03517229066238192,0.6181178102629203,0.00033407572383073496,0.5,-0.05117597990543077,0.5485722988330685,0.48571927132097326,0.44487477970498185,0.18484295640945966,0.5593569413220273
2021-10-05 07:50:00,0.5502092050209205,0.22709163346613526,0.06775874906924773,0.02803070880199976,0.6261271282930468,0.00044543429844097997,0.5,-0.05117597990543077,0.5485722988330685,0.48571927132097326,0.44487477970498185,0.18484295640945966,0.612014726073902
2021-10-05 08:00:00,0.4867503486750349,0.298804780876494,0.06775874906924773,0.02231744331369412,0.6261271282930468,0.00033407572383073496,0.5,-0.06635423715981115,0.5545491901024978,0.5071460392715442,0.4209700623012777,0.18789914017463133,0.4676056550537894
2021-10-05 08:10:00,0.401673640167364,0.22709163346613526,0.06805658972449735,0.02231744331369412,0.6261271282930468,0.00033407572383073496,0.5,-0.06635423715981115,0.5545491901024978,0.5071460392715442,0.4209700623012777,0.18789914017463133,0.31025846070280794
2021-10-05 08:20:00,0.34239888423988846,-0.2270916334661356,0.07282204020848826,0.019817889662560484,0.6261271282930468,0.00022271714922048998,0.5,-0.06635423715981115,0.5545491901024978,0.5071460392715442,0.4209700623012777,0.18789914017463133,0.20127646091404258
2021-10-05 08:30:00,0.3723849372384937,0.14741035856573692,0.07371556217423669,0.013747545081235657,0.6261271282930468,0.00022271714922048998,0.5,-0.06635423715981115,0.5545491901024978,0.5071460392715442,0.4209700623012777,0.18789914017463133,0.24198439881105058
2021-10-05 08:40:00,0.3089260808926081,-0.33864541832669326,0.07907669396872663,0.008034279592929794,0.6261271282930468,0.00022271714922048998,0.5,-0.06635423715981115,0.5545491901024978,0.5071460392715442,0.4209700623012777,0.18789914017463133,0.16274122244519215
2021-10-05 08:50:00,0.3312412831241283,-0.3784860557768924,0.0826507818317197,0.008034279592929794,0.6261271282930468,0.00022271714922048998,0.5,-0.06635423715981115,0.5545491901024978,0.5071460392715442,0.4209700623012777,0.18789914017463133,0.17976070129909322
2021-10-05 09:00:00,0.28103207810320785,-0.5458167330677292,0.0856291883842144,0.008034279592929794,0.6261271282930468,0.00022271714922048998,0.5,-0.050760667235225765,0.5736436336050702,0.4872321638154413,0.36866574430735843,0.21593048961849604,0.13024126016566834
2021-10-05 09:10:00,0.2608089260808926,-0.20318725099601598,0.08830975428145926,0.0033922513836814883,0.6261271282930468,0.00033407572383073496,0.5,-0.050760667235225765,0.5736436336050702,0.4872321638154413,0.36866574430735843,0.21593048961849604,0.11230140169289499
2021-10-05 09:20:00,0.25732217573221755,0.06772908366533859,0.09247952345495158,-0.0012497768255668174,0.6261271282930468,0.00033407572383073496,0.5,-0.050760667235225765,0.5736436336050702,0.4872321638154413,0.36866574430735843,0.21593048961849604,0.1118261236929855
2021-10-05 09:30:00,0.2608089260808926,-0.06772908366533881,0.09575577066269525,-0.0026780931976432276,0.6261271282930468,0.00033407572383073496,0.5,-0.050760667235225765,0.5736436336050702,0.4872321638154413,0.36866574430735843,0.21593048961849604,0.11233912216907826
2021-10-05 09:40:00,0.21617852161785217,0.17928286852589648,0.101712583767684,-0.0026780931976432276,0.6261271282930468,0.00033407572383073496,0.5,-0.050760667235225765,0.5736436336050702,0.4872321638154413,0.36866574430735843,0.21593048961849604,0.08442596979344268
2021-10-05 09:50:00,0.14016736401673638,-0.01195219123505975,0.10737155621742356,0.0016068559185860032,0.6261271282930468,0.00022271714922048998,0.5,-0.050760667235225765,0.5736436336050702,0.4872321638154413,0.36866574430735843,0.21593048961849604,0.0350875869456976
2021-10-05 10:00:00,0.22663877266387727,-0.003984063745020028,0.10945644080416961,0.004106409569719638,0.6352488516051353,0.00033407572383073496,0.5,0.12181061915674696,0.5785170987939907,0.3368990928605297,0.38508343178524646,0.2531412868263751,0.08138569941306939
2021-10-05 10:10:00,0.2315202231520223,-0.043824701195219196,0.1133283693224123,0.0005356186395288898,0.6299878289775033,0.00033407572383073496,0.5,0.12181061915674696,0.5785170987939907,0.3368990928605297,0.38508343178524646,0.2531412868263751,0.08815275284035186
2021-10-05 10:20:00,0.17433751743375175,0.24302788844621515,0.11630677587490679,-0.0016068559185858922,0.6302495713967885,0.00022271714922048998,0.5,0.12181061915674696,0.5785170987939907,0.3368990928605297,0.38508343178524646,0.2531412868263751,0.04994191046667774
2021-10-05 10:30:00,0.20292887029288703,0.09163346613545809,0.1243484735666418,0.0033922513836814883,0.6453913703524361,0.00033407572383073496,0.5,0.12181061915674696,0.5785170987939907,0.3368990928605297,0.38508343178524646,0.2531412868263751,0.07453566093818369
2021-10-05 10:40:00,0.16736401673640167,0.394422310756972,0.12732688011913607,0.008034279592929794,0.6453913703524361,0.00022271714922048998,0.5,0.12181061915674696,0.5785170987939907,0.3368990928605297,0.38508343178524646,0.2531412868263751,0.04831238589555955
2021-10-05 10:50:00,0.14086471408647142,0.5697211155378485,0.13417721518987324,0.013747545081235657,0.6345290599521012,0.00022271714922048998,0.5,0.12181061915674696,0.5785170987939907,0.3368990928605297,0.38508343178524646,0.2531412868263751,0.035630761802737
2021-10-05 11:00:00,0.17852161785216178,0.13147410358565725,0.14638868205510036,0.024102838778789604,0.6463467301828271,0.00033407572383073496,0.5,0.11385504013544012,0.5808388911717307,0.34366741626495123,0.271678909611794,0.3180359029889649,0.04844063551458273
2021-10-05 11:10:00,0.08368200836820083,-0.33067729083665354,0.1514519731943409,0.0337439742903054,0.6463467301828271,0.641314031180401,0.5,0.11385504013544012,0.5808388911717307,0.34366741626495123,0.271678909611794,0.3180359029889649,0.0
2021-10-05 11:20:00,0.07740585774058578,-0.37671536077910583,0.16634400595681287,0.06409569719692909,0.6463467301828271,0.9996659242761693,0.5,0.11385504013544012,0.5808388911717307,0.34366741626495123,0.271678909611794,0.3180359029889649,0.0
2021-10-05 11:30:00,0.059274755927475595,-0.42275343072155835,0.18064035740878626,0.09159078735940018,0.6463467301828271,0.9996659242761693,0.5,0.11385504013544012,0.5808388911717307,0.34366741626495123,0.271678909611794,0.3180359029889649,0.0
2021-10-05 11:40:00,0.04184100418410042,-0.46879150066401065,0.18838421444527165,0.10480271380110695,0.6463467301828271,0.9996659242761693,0.5,0.11385504013544012,0.5808388911717307,0.34366741626495123,0.271678909611794,0.3180359029889649,0.0
2021-10-05 11:50:00,0.08228730822873082,-0.5148295706064632,0.19940431868950093,0.1137296911265846,0.6463467301828271,0.9996659242761693,0.5,0.11385504013544012,0.5808388911717307,0.34366741626495123,0.271678909611794,0.3180359029889649,0.0
2021-10-05 12:00:00,0.0801952580195258,-0.5608676405489155,0.21161578555472804,0.12372790573111936,0.6463467301828271,0.9996659242761693,0.5,0.11703075455027867,0.567770188530693,0.353087296179585,0.13381670692424288,0.47871413072127245,0.0
2021-10-05 12:10:00,0.14783821478382148,-0.606905710491368,0.2253164556962024,0.1312265666845207,0.6463467301828271,0.9996659242761693,0.5,0.11703075455027867,0.567770188530693,0.353087296179585,0.13381670692424288,0.47871413072127245,0.0
2021-10-05 12:20:00,0.07601115760111576,-0.6529437804338204,0.23574087862993265,0.13515443670773086,0.6463467301828271,0.9996659242761693,0.5,0.11703075455027867,0.567770188530693,0.353087296179585,0.13381670692424288,0.47871413072127245,0.0
2021-10-05 12:30:00,0.12133891213389121,-0.6989818503762728,0.24378257632166767,0.142653097661132,0.6463467301828271,0.9996659242761693,0.5,0.11703075455027867,0.567770188530693,0.353087296179585,0.13381670692424288,0.47871413072127245,0.0
2021-10-05 12:40:00,0.15271966527196654,-0.7450199203187251,0.255398361876396,0.15015175861453312,0.6463467301828271,0.9996659242761693,0.5,0.11703075455027867,0.567770188530693,0.353087296179585,0.13381670692424288,0.47871413072127245,0.0
2021-10-05 12:50:00,0.13807531380753138,-0.3067729083665339,0.26641846612062525,0.1555079450098198,0.6463467301828271,0.9996659242761693,0.5,0.11703075455027867,0.567770188530693,0.353087296179585,0.13381670692424288,0.47871413072127245,0.0
2021-10-05 13:00:00,0.1394700139470014,-0.04116865869853925,0.2765450483991063,0.16300660596322092,0.6463467301828271,0.9996659242761693,0.5,0.2426097058157446,0.5627904036413082,0.2947191935839155,0.13981503174120088,0.5736815233310534,0.0
2021-10-05 13:10:00,0.11227336122733612,0.22443559096945553,0.2857781087118392,0.1680057132654884,0.6463467301828271,0.9996659242761693,0.5,0.2426097058157446,0.5627904036413082,0.2947191935839155,0.13981503174120088,0.5736815233310534,0.0
2021-10-05 13:20:00,0.061366806136680614,0.49003984063745,0.2944154877140728,0.17586145331190872,0.6463467301828271,0.9996659242761693,0.5,0.2426097058157446,0.5627904036413082,0.2947191935839155,0.13981503174120088,0.5736815233310534,0.0
2021-10-05 13:30:00,0.0801952580195258,0.3784860557768923,0.303350707371556,0.18621674700946267,0.6463467301828271,0.9996659242761693,0.5,0.2426097058157446,0.5627904036413082,0.2947191935839155,0.13981503174120088,0.5736815233310534,0.0
2021-10-05 13:40:00,0.10320781032078104,0.28605577689243034,0.31347728965003685,0.1969291198000358,0.6463467301828271,0.9996659242761693,0.5,0.2426097058157446,0.5627904036413082,0.2947191935839155,0.13981503174120088,0.5736815233310534,0.0
2021-10-05 13:50:00,0.07391910739191074,0.19362549800796813,0.3259865971705136,0.20228530619532248,0.6463467301828271,0.9996659242761693,0.5,0.2426097058157446,0.5627904036413082,0.2947191935839155,0.13981503174120088,0.5736815233310534,0.0
2021-10-05 14:00:00,0.04184100418410042,0.10119521912350593,0.33224125093075174,0.21264059989287643,0.6463467301828271,0.9996659242761693,0.5,0.25692481846747217,0.5402851092075734,0.2852563236813836,0.19075097781788666,0.6274523384392843,0.0
2021-10-05 14:10:00,0.07670850767085077,0.008764940239043728,0.3453462397617275,0.22156757721835385,0.6463467301828271,0.9996659242761693,0.5,0.25692481846747217,0.5402851092075734,0.2852563236813836,0.19075097781788666,0.6274523384392843,0.0
2021-10-05 14:20:00,0.058577405857740586,-0.08366533864541836,0.35160089352196544,0.22799500089269786,0.6463467301828271,0.9996659242761693,0.5,0.25692481846747217,0.5402851092075734,0.2852563236813836,0.19075097781788666,0.6274523384392843,0.0
2021-10-05 14:30:00,0.17503486750348674,-0.17609561752988057,0.3694713328369321,0.23299410819496535,0.6463467301828271,0.9996659242761693,0.5,0.25692481846747217,0.5402851092075734,0.2852563236813836,0.19075097781788666,0.6274523384392843,0.0
2021-10-05 14:40:00,0.1603905160390516,-0.26852589641434266,0.3760238272524199,0.23299410819496535,0.6463467301828271,0.9996659242761693,0.5,0.25692481846747217,0.5402851092075734,0.2852563236813836,0.19075097781788666,0.6274523384392843,0.0
2021-10-05 14:50:00,0.26638772663877264,-0.36095617529880486,0.37572598659717027,0.23727905731119447,0.5487822433942757,0.9996659242761693,0.5,0.25692481846747217,0.5402851092075734,0.2852563236813836,0.19075097781788666,0.6274523384392843,0.0
2021-10-05 15:00:00,0.22315202231520226,-0.45338645418326706,0.3694713328369321,0.27120157114800936,0.33527895198335317,0.538195991091314,0.5,0.2711829306892781,0.5288686721818826,0.27410530416557766,0.2385457032261385,0.6967215841019035,0.021274348567376315
2021-10-05 15:10:00,0.20013947001394702,-0.5458167330677292,0.3679821295606849,0.2626316729155509,0.3293635733075081,0.00011135857461024499,0.5,0.2711829306892781,0.5288686721818826,0.27410530416557766,0.2385457032261385,0.6967215841019035,0.0649169395114444
2021-10-05 15:20:00,0.18340306834030684,0.10756972111553775,0.3685778108711839,0.26834493840385654,0.31296541073929146,0.00011135857461024499,0.5,0.2711829306892781,0.5288686721818826,0.27410530416557766,0.2385457032261385,0.6967215841019035,0.04106251037313095
2021-10-05 15:30:00,0.19177126917712692,0.4183266932270917,0.3739389426656736,0.2883413676129263,0.3188807894151366,0.00011135857461024499,0.5,0.2711829306892781,0.5288686721818826,0.27410530416557766,0.2385457032261385,0.6967215841019035,0.03372210570786246
2021-10-05 15:40:00,0.14504881450488147,-0.01195219123505975,0.3769173492181681,0.31762185324049286,0.3681276256036435,0.013585746102449888,0.5,0.2711829306892781,0.5288686721818826,0.27410530416557766,0.2385457032261385,0.6967215841019035,0.0211687312340631
2021-10-05 15:50:00,0.17642956764295675,0.12350597609561742,0.37513030528667146,0.33547580789144793,0.3674078339506092,0.9932071269487751,0.5,0.2711829306892781,0.5288686721818826,0.27410530416557766,0.2385457032261385,0.6967215841019035,0.0
2021-10-05 16:00:00,0.1680613668061367,0.2589641434262948,0.37155621742367817,0.3279771469380468,0.31041342215126094,0.22483296213808465,0.5,0.3197956589619917,0.5146361998465563,0.2663031920256236,0.2766727913090893,0.7339559770796379,0.0
2021-10-05 16:10:00,0.13737796373779637,-0.08366533864541836,0.3769173492181681,0.3233351187287985,0.3473191032704715,0.8350779510022271,0.5,0.3197956589619917,0.5146361998465563,0.2663031920256236,0.2766727913090893,0.7339559770796379,0.0
2021-10-05 16:20:00,0.17852161785216178,-0.031872509960159334,0.372747580044676,0.3215497232637028,0.35218751226917594,0.8724944320712694,0.5,0.3197956589619917,0.5146361998465563,0.2663031920256236,0.2766727913090893,0.7339559770796379,0.0
2021-10-05 16:30:00,0.2315202231520223,0.019920318725099362,0.372747580044676,0.3158364577753974,0.37531245501302163,0.00957683741648107,0.5,0.3197956589619917,0.5146361998465563,0.2663031920256236,0.2766727913090893,0.7339559770796379,0.06122033284548185
2021-10-05 16:40:00,0.19316596931659694,-0.6733067729083666,0.38198064035740864,0.31155150865916803,0.34509429270654746,0.00011135857461024499,0.5,0.3197956589619917,0.5146361998465563,0.2663031920256236,0.2766727913090893,0.7339559770796379,0.0423902711347828
2021-10-05 16:50:00,0.14295676429567641,0.585657370517928,0.38525688756515253,0.32904838421710414,0.3581290651869495,0.018596881959910914,0.5,0.3197956589619917,0.5146361998465563,0.2663031920256236,0.2766727913090893,0.7339559770796379,0.021146098948353124
2021-10-05 17:00:00,0.13528591352859135,-0.33067729083665354,0.3831720029784065,0.35011605070523144,0.3888445380900656,0.9959910913140312,0.5,0.32313430321894,0.5093144678124293,0.2688888051915673,0.2609275502970062,0.7341525428247058,0.0
2021-10-05 17:10:00,0.14435146443514643,-0.19920318725099595,0.3804914370811614,0.34011783610069646,0.3888445380900656,0.9993318485523385,0.5,0.32313430321894,0.5093144678124293,0.2688888051915673,0.2609275502970062,0.7341525428247058,0.0
2021-10-05 17:20:00,0.22733612273361226,-0.06772908366533881,0.3763216679076691,0.32726298875200865,0.35591734174398976,0.21280623608017818,0.5,0.32313430321894,0.5093144678124293,0.2688888051915673,0.2609275502970062,0.7341525428247058,0.054589073132459226
2021-10-05 17:30:00,0.19316596931659694,0.6414342629482073,0.3778108711839163,0.32690590965898947,0.38762743584038944,0.00011135857461024499,0.5,0.32313430321894,0.5093144678124293,0.2688888051915673,0.2609275502970062,0.7341525428247058,0.054589073132459226
2021-10-05 17:40:00,0.23709902370990238,-0.2509960159362551,0.3840655249441547,0.3440457061239066,0.40017798484511385,0.00011135857461024499,0.5,0.32313430321894,0.5093144678124293,0.2688888051915673,0.2609275502970062,0.7341525428247058,0.06805528312989423
2021-10-05 17:50:00,0.26429567642956764,-0.06772908366533881,0.3718540580789278,0.34797357614711655,0.38664590176807,0.00022271714922048998,0.5,0.32313430321894,0.5093144678124293,0.2688888051915673,0.2609275502970062,0.7341525428247058,0.09947643979057592
2021-10-05 18:00:00,0.18131101813110181,0.41035856573705165,0.33611317944899466,0.2911980003570791,0.3972595568700842,0.00022271714922048998,0.5,0.17680739558064884,0.5202653969604064,0.4026883579688791,0.18341136735282437,0.686438297180897,0.06539976160659053
2021-10-05 18:10:00,0.22733612273361226,-0.2509960159362551,0.3241995532390167,0.24584895554365294,0.4053735718679248,0.00033407572383073496,0.5,0.17680739558064884,0.5202653969604064,0.4026883579688791,0.18341136735282437,0.686438297180897,0.09237744617288049
2021-10-05 18:20:00,0.200836820083682,-0.36254980079681276,0.3146686522710349,0.22371005177646874,0.38767978432424655,0.00033407572383073496,0.5,0.17680739558064884,0.5202653969604064,0.4026883579688791,0.18341136735282437,0.686438297180897,0.06193702189296437
2021-10-05 18:30:00,0.18410041841004185,0.36254980079681287,0.3096053611317944,0.22263881449741119,0.4076638180366701,0.00033407572383073496,0.5,0.17680739558064884,0.5202653969604064,0.4026883579688791,0.18341136735282437,0.686438297180897,0.04699971332438101
2021-10-05 18:40:00,0.24546722454672246,-0.14741035856573714,0.30424422933730444,0.21978218175325837,0.3905458638154193,0.00033407572383073496,0.5,0.17680739558064884,0.5202653969604064,0.4026883579688791,0.18341136735282437,0.686438297180897,0.09336572264888272
2021-10-05 18:50:00,0.16248256624825663,0.09163346613545809,0.30067014147431115,0.20692733440457056,0.3986467916922956,0.00033407572383073496,0.5,0.17680739558064884,0.5202653969604064,0.4026883579688791,0.18341136735282437,0.686438297180897,0.04675830227680794
2021-10-05 19:00:00,0.15760111576011157,0.15537848605577675,0.295309009679821,0.1922870915907875,0.4116423028098049,0.00044543429844097997,0.5,0.18864707528425995,0.5230900527862955,0.40626223359998537,0.2293573373624765,0.613003983553984,0.042752387706142404
2021-10-05 19:10:00,0.1596931659693166,0.027888446215139417,0.2917349218168279,0.18550258882342452,0.40538665898888904,0.00044543429844097997,0.5,0.18864707528425995,0.5230900527862955,0.40626223359998537,0.2293573373624765,0.613003983553984,0.03802223999275767
2021-10-05 19:20:00,0.11576011157601115,0.40239043824701204,0.28696947133283657,0.1822888769862525,0.395231053120624,0.00044543429844097997,0.5,0.18864707528425995,0.5230900527862955,0.40626223359998537,0.2293573373624765,0.613003983553984,0.0152390723780497
2021-10-05 19:30:00,0.10599721059972106,0.07569721115537842,0.2836932241250929,0.18264595607927148,0.395231053120624,0.00044543429844097997,0.5,0.18864707528425995,0.5230900527862955,0.40626223359998537,0.2293573373624765,0.613003983553984,0.0057938651417535495
2021-10-05 19:40:00,0.07601115760111576,0.15537848605577675,0.2789277736411018,0.18014640242813784,0.395231053120624,0.26859688195991094,0.5,0.18864707528425995,0.5230900527862955,0.40626223359998537,0.2293573373624765,0.613003983553984,0.0
2021-10-05 19:50:00,0.10599721059972106,-0.5219123505976095,0.28488458674609074,0.17978932333511866,0.395231053120624,0.9996659242761693,0.5,0.18864707528425995,0.5230900527862955,0.40626223359998537,0.2293573373624765,0.613003983553984,0.0
2021-10-05 20:00:00,0.11297071129707113,-0.33067729083665354,0.2947133283693222,0.20335654347437981,0.395231053120624,0.9996659242761693,0.5,0.18101722253481456,0.5303715155154924,0.44835247529121913,0.2419003503149096,0.5877236450663578,0.0
2021-10-05 20:10:00,0.13737796373779637,-0.3127490039840638,0.29709605361131786,0.21014104624174257,0.395231053120624,0.9996659242761693,0.5,0.18101722253481456,0.5303715155154924,0.44835247529121913,0.2419003503149096,0.5877236450663578,0.0
2021-10-05 20:20:00,0.14504881450488147,-0.2948207171314742,0.3000744601638121,0.2029994643813604,0.395231053120624,0.9996659242761693,0.5,0.18101722253481456,0.5303715155154924,0.44835247529121913,0.2419003503149096,0.5877236450663578,0.0
2021-10-05 20:30:00,0.13668061366806136,-0.27689243027888455,0.29709605361131786,0.19800035707909291,0.395231053120624,0.9996659242761693,0.5,0.18101722253481456,0.5303715155154924,0.44835247529121913,0.2419003503149096,0.5877236450663578,0.0
2021-10-05 20:40:00,0.12691771269177127,-0.2589641434262949,0.2941176470588236,0.190501696125692,0.395231053120624,0.9996659242761693,0.5,0.18101722253481456,0.5303715155154924,0.44835247529121913,0.2419003503149096,0.5877236450663578,0.0
2021-10-05 20:50:00,0.1324965132496513,-0.2410358565737053,0.28905435591958284,0.18443135154436718,0.395231053120624,0.9996659242761693,0.5,0.18101722253481456,0.5303715155154924,0.44835247529121913,0.2419003503149096,0.5877236450663578,0.0
2021-10-05 21:00:00,0.1206415620641562,-0.22310756972111556,0.2881608339538346,0.18121763970719518,0.395231053120624,0.9996659242761693,0.5,0.18210836885715298,0.5445235296991152,0.4502622959925342,0.19900181160254826,0.5569076618890602,0.0
2021-10-05 21:10:00,0.10599721059972106,-0.20517928286852594,0.28488458674609074,0.17621853240492769,0.395231053120624,0.9996659242761693,0.5,0.18210836885715298,0.5445235296991152,0.4502622959925342,0.19900181160254826,0.5569076618890602,0.0
2021-10-05 21:20:00,0.10460251046025104,-0.1872509960159363,0.28220402084884566,0.17264774147473672,0.395231053120624,0.9996659242761693,0.5,0.18210836885715298,0.5445235296991152,0.4502622959925342,0.19900181160254826,0.5569076618890602,0.0
2021-10-05 21:30:00,0.1087866108786611,-0.1693227091633468,0.2765450483991063,0.1680057132654884,0.395231053120624,0.9996659242761693,0.5,0.18210836885715298,0.5445235296991152,0.4502622959925342,0.19900181160254826,0.5569076618890602,0.0
2021-10-05 21:40:00,0.09902370990237098,-0.15139442231075717,0.27058823529411735,0.1647920014283164,0.395231053120624,0.9996659242761693,0.5,0.18210836885715298,0.5445235296991152,0.4502622959925342,0.19900181160254826,0.5569076618890602,0.0
2021-10-05 21:50:00,0.05788005578800558,-0.13346613545816743,0.26969471332836914,0.1647920014283164,0.395231053120624,0.9996659242761693,0.5,0.18210836885715298,0.5445235296991152,0.4502622959925342,0.19900181160254826,0.5569076618890602,0.0
2021-10-05 22:00:00,0.061366806136680614,-0.11553784860557781,0.264929262844378,0.16157828959114462,0.395231053120624,0.9996659242761693,0.5,0.1112086392506495,0.5443999689661435,0.46243175973491796,0.16138945304115784,0.4945814401067813,0.0
2021-10-05 22:10:00,0.06555090655509065,-0.09760956175298818,0.2604616530156365,0.1555079450098198,0.395231053120624,0.9996659242761693,0.5,0.1112086392506495,0.5443999689661435,0.46243175973491796,0.16138945304115784,0.4945814401067813,0.0
2021-10-05 22:20:00,0.06624825662482565,-0.07968127490039856,0.255398361876396,0.15265131226566697,0.395231053120624,0.9996659242761693,0.5,0.1112086392506495,0.5443999689661435,0.46243175973491796,0.16138945304115784,0.4945814401067813,0.0
2021-10-05 22:30:00,0.04184100418410042,-0.06175298804780893,0.2530156366344005,0.15086591680057126,0.395231053120624,0.9996659242761693,0.5,0.1112086392506495,0.5443999689661435,0.46243175973491796,0.16138945304115784,0.4945814401067813,0.0
2021-10-05 22:40:00,0.06415620641562064,-0.043824701195219196,0.25003723008190604,0.14515265131226562,0.395231053120624,0.9996659242761693,0.5,0.1112086392506495,0.5443999689661435,0.46243175973491796,0.16138945304115784,0.4945814401067813,0.0
2021-10-05 22:50:00,0.045327754532775454,-0.02589641434262957,0.24586746090841394,0.1412247812890557,0.395231053120624,0.9996659242761693,0.5,0.1112086392506495,0.5443999689661435,0.46243175973491796,0.16138945304115784,0.4945814401067813,0.0
2021-10-05 23:00:00,0.19456066945606695,-0.007968127490039945,0.24616530156366334,0.13943938582395998,0.39457669707241105,0.9996659242761693,0.5,0.057433286316594945,0.5346731531262305,0.501521325633687,0.17139858891245774,0.3523172287946148,0.0
2021-10-05 23:10:00,0.24337517433751746,0.009960159362549792,0.24646314221891252,0.14015354400999835,0.2630380442606431,0.7055679287305122,0.5,0.057433286316594945,0.5346731531262305,0.501521325633687,0.17139858891245774,0.3523172287946148,0.012387404378592877
2021-10-05 23:20:00,0.2085076708507671,0.027888446215139417,0.24229337304542042,0.15158007498660964,0.19783800761670442,0.00022271714922048998,0.5,0.057433286316594945,0.5346731531262305,0.501521325633687,0.17139858891245774,0.3523172287946148,0.08000512998476093
2021-10-05 23:30:00,0.18758716875871687,0.5139442231075697,0.2518242740134027,0.16871987145152634,0.19129444713457489,0.00011135857461024499,0.5,0.057433286316594945,0.5346731531262305,0.501521325633687,0.17139858891245774,0.3523172287946148,0.0609034808455422
2021-10-05 23:40:00,0.19525801952580193,0.20318725099601576,0.2577810871183914,0.18835922156757734,0.20411982567954876,0.00022271714922048998,0.5,0.057433286316594945,0.5346731531262305,0.501521325633687,0.17139858891245774,0.3523172287946148,0.06459254341626809
2021-10-05 23:50:00,0.20223152022315202,-0.0916334661354582,0.2613551749813847,0.2097839671487236,0.20411982567954876,0.00033407572383073496,0.5,0.057433286316594945,0.5346731531262305,0.501521325633687,0.17139858891245774,0.3523172287946148,0.07607465636646198
2021-10-06 00:00:00,0.2684797768479777,-0.4342629482071714,0.2613551749813847,0.2212104981253349,0.20411982567954876,0.00022271714922048998,0.5,0.046790582288241955,0.526202059153984,0.5374946880733981,0.3108698841453566,0.25903809356676455,0.1327458997842389
2021-10-06 00:10:00,0.30404463040446306,-0.17131474103585675,0.2571854058078924,0.2115693626138191,0.19374173875489134,0.00022271714922048998,0.5,0.046790582288241955,0.526202059153984,0.5374946880733981,0.3108698841453566,0.25903809356676455,0.16890474825354196
2021-10-06 00:20:00,0.40376569037656906,0.13147410358565725,0.21310498883097528,0.1569362613818961,0.190744788054076,0.00033407572383073496,0.5,0.046790582288241955,0.526202059153984,0.5374946880733981,0.3108698841453566,0.25903809356676455,0.31545634232086545
2021-10-06 00:30:00,0.45188284518828453,-0.21912350597609564,0.18540580789277716,0.10765934654525999,0.19643768567352868,0.00044543429844097997,0.5,0.046790582288241955,0.526202059153984,0.5374946880733981,0.3108698841453566,0.25903809356676455,0.40677761516061384
2021-10-06 00:40:00,0.4804741980474198,-0.1633466135458168,0.17170513775130303,0.08623460096411373,0.19024747745743414,0.00033407572383073496,0.5,0.046790582288241955,0.526202059153984,0.5374946880733981,0.3108698841453566,0.25903809356676455,0.456025468865519
2021-10-06 00:50:00,0.5181311018131102,-0.17131474103585675,0.16157855547282196,0.07195143724334963,0.19024747745743414,0.00044543429844097997,0.5,0.046790582288241955,0.526202059153984,0.5374946880733981,0.3108698841453566,0.25903809356676455,0.536272009897853
2021-10-06 01:00:00,0.5425383542538355,-0.059760956175298974,0.15026061057334306,0.06445277628994828,0.19024747745743414,0.0006681514476614699,0.5,-0.04419754634661943,0.519771154028511,0.6128230383725588,0.43871910861702174,0.23363337489501243,0.5972509316957617
2021-10-06 01:10:00,0.5432357043235705,-0.05179282868525903,0.1401340282948622,0.05695411533654715,0.19024747745743414,0.000779510022271715,0.5,-0.04419754634661943,0.519771154028511,0.6128230383725588,0.43871910861702174,0.23363337489501243,0.6115319039787559
2021-10-06 01:20:00,0.5397489539748954,-0.17928286852589637,0.12822040208488428,0.05266916622031781,0.19024747745743414,0.0006681514476614699,0.5,-0.04419754634661943,0.519771154028511,0.6128230383725588,0.43871910861702174,0.23363337489501243,0.6184422952155348
2021-10-06 01:30:00,0.5627615062761506,-0.4183266932270917,0.11511541325390895,0.04874129619710765,0.1893052047480075,0.00044543429844097997,0.5,-0.04419754634661943,0.519771154028511,0.6128230383725588,0.43871910861702174,0.23363337489501243,0.6465289617816136
2021-10-06 01:40:00,0.5481171548117155,0.1872509960159361,0.10588235294117632,0.04159971433672571,0.17901872767009988,0.0006681514476614699,0.5,-0.04419754634661943,0.519771154028511,0.6128230383725588,0.43871910861702174,0.23363337489501243,0.6335757502602714
2021-10-06 01:50:00,0.5857740585774059,-0.06772908366533881,0.09664929262844368,0.033386895197286215,0.17901872767009988,0.0006681514476614699,0.5,-0.04419754634661943,0.519771154028511,0.6128230383725588,0.43871910861702174,0.23363337489501243,0.6995413190096111
2021-10-06 02:00:00,0.5376569037656904,-0.06772908366533881,0.0895011169024571,0.032672737011248065,0.17901872767009988,0.000556792873051225,0.5,-0.060605365244679965,0.5104724904958807,0.6582638360232511,0.5331360928453166,0.227727070771116,0.6110339936931364
2021-10-06 02:10:00,0.5369595536959554,0.019920318725099362,0.08413998510796716,0.02945902517407606,0.17901872767009988,0.00044543429844097997,0.5,-0.060605365244679965,0.5104724904958807,0.6582638360232511,0.5331360928453166,0.227727070771116,0.5986767656954902
2021-10-06 02:20:00,0.5327754532775453,-0.12350597609561753,0.07967237527922544,0.02945902517407606,0.17901872767009988,0.00044543429844097997,0.5,-0.060605365244679965,0.5104724904958807,0.6582638360232511,0.5331360928453166,0.227727070771116,0.5752297176999562
2021-10-06 02:30:00,0.5418410041841004,-0.4820717131474104,0.07669396872673095,0.02517407605784694,0.1786915496459934,0.0006681514476614699,0.5,-0.060605365244679965,0.5104724904958807,0.6582638360232511,0.5331360928453166,0.227727070771116,0.5882508260784284
2021-10-06 02:40:00,0.5327754532775453,-0.0916334661354582,0.07520476545048371,0.02803070880199976,0.16780306500372982,0.00033407572383073496,0.5,-0.060605365244679965,0.5104724904958807,0.6582638360232511,0.5331360928453166,0.227727070771116,0.6139082939783032
2021-10-06 02:50:00,0.5550906555090656,0.05179282868525892,0.07341772151898729,0.022674522406713082,0.16780306500372982,0.00011135857461024499,0.5,-0.060605365244679965,0.5104724904958807,0.6582638360232511,0.5331360928453166,0.227727070771116,0.6391961012115817
2021-10-06 03:00:00,0.5794979079497908,0.07569721115537842,0.07073715562174243,0.021246206034636783,0.16780306500372982,0.00033407572383073496,0.5,-0.06742093566756047,0.5110529385903169,0.7413362175937603,0.5771247544412046,0.21739334926751,0.7157686678636631
2021-10-06 03:10:00,0.6485355648535566,-0.33864541832669326,0.07192851824273983,0.019460810569541076,0.16780306500372982,0.00044543429844097997,0.5,-0.06742093566756047,0.5110529385903169,0.7413362175937603,0.5771247544412046,0.21739334926751,0.8243659187953589
2021-10-06 03:20:00,0.6813110181311018,-0.3227091633466136,0.0701414743112434,0.022674522406713082,0.16780306500372982,0.00022271714922048998,0.5,-0.06742093566756047,0.5110529385903169,0.7413362175937603,0.5771247544412046,0.21739334926751,0.9064381308749642
2021-10-06 03:30:00,0.6213389121338913,-0.298804780876494,0.07282204020848826,0.023745759685770418,0.16780306500372982,0.00033407572383073496,0.5,-0.06742093566756047,0.5110529385903169,0.7413362175937603,0.5771247544412046,0.21739334926751,0.7660425185207538
2021-10-06 03:40:00,0.5711297071129707,-0.2509960159362551,0.07133283693224102,0.031958578825209694,0.16780306500372982,0.00044543429844097997,0.5,-0.06742093566756047,0.5110529385903169,0.7413362175937603,0.5771247544412046,0.21739334926751,0.6533035593041326
2021-10-06 03:50:00,0.5690376569037657,-0.36254980079681276,0.07073715562174243,0.03302981610426703,0.16780306500372982,0.00033407572383073496,0.5,-0.06742093566756047,0.5110529385903169,0.7413362175937603,0.5771247544412046,0.21739334926751,0.6268162409282255
2021-10-06 04:00:00,0.50697350069735,-0.4422310756972112,0.06775874906924773,0.03945723977861104,0.16780306500372982,0.00033407572383073496,0.5,-0.11385957615560949,0.4938435146419481,0.8729317409030206,0.5938505889140844,0.20952231911952665,0.5013956576187818
2021-10-06 04:10:00,0.4783821478382148,-0.06772908366533881,0.06775874906924773,0.03660060703445822,0.15725484550653704,0.00033407572383073496,0.5,-0.11385957615560949,0.4938435146419481,0.8729317409030206,0.5938505889140844,0.20952231911952665,0.4555351026751362
2021-10-06 04:20:00,0.4818688981868898,-0.3067729083665339,0.06775874906924773,0.033386895197286215,0.15661357657928834,0.00033407572383073496,0.5,-0.11385957615560949,0.4938435146419481,0.8729317409030206,0.5938505889140844,0.20952231911952665,0.4426422439156872
2021-10-06 04:30:00,0.42329149232914925,-0.1872509960159363,0.06716306775874892,0.032672737011248065,0.15661357657928834,0.00022271714922048998,0.5,-0.11385957615560949,0.4938435146419481,0.8729317409030206,0.5938505889140844,0.20952231911952665,0.33309443698417246
2021-10-06 04:40:00,0.397489539748954,0.07569721115537842,0.06478034251675346,0.025888234243884867,0.15661357657928834,0.00022271714922048998,0.5,-0.11385957615560949,0.4938435146419481,0.8729317409030206,0.5938505889140844,0.20952231911952665,0.3059809587036227
2021-10-06 04:50:00,0.3926080892608089,0.06772908366533859,0.06478034251675346,0.014818782360292992,0.15661357657928834,0.00022271714922048998,0.5,-0.11385957615560949,0.4938435146419481,0.8729317409030206,0.5938505889140844,0.20952231911952665,0.2901760791828236
2021-10-06 05:00:00,0.4211994421199442,-0.2589641434262948,0.06478034251675346,0.011605070523120764,0.15661357657928834,0.00033407572383073496,0.5,-0.11734470718155388,0.4843523262463127,0.862894403020611,0.601230837823651,0.2081136464351853,0.33307180469846254
2021-10-06 05:10:00,0.4511854951185495,-0.3705179282868527,0.06478034251675346,0.008748437778968166,0.15661357657928834,0.00033407572383073496,0.5,-0.11734470718155388,0.4843523262463127,0.862894403020611,0.601230837823651,0.2081136464351853,0.3657754575493761
2021-10-06 05:20:00,0.4546722454672245,-0.2749003984063746,0.06478034251675346,0.004463488662738824,0.15661357657928834,0.00033407572383073496,0.5,-0.11734470718155388,0.4843523262463127,0.862894403020611,0.601230837823651,0.2081136464351853,0.38407743259350907
2021-10-06 05:30:00,0.4470013947001395,0.003984063745019917,0.06478034251675346,-0.005177646848776973,0.15661357657928834,0.00033407572383073496,0.5,-0.11734470718155388,0.4843523262463127,0.862894403020611,0.601230837823651,0.2081136464351853,0.391297131734991
2021-10-06 05:40:00,0.46582984658298465,-0.12350597609561753,0.06478034251675346,-0.00981967505802539,0.15661357657928834,0.00033407572383073496,0.5,-0.11734470718155388,0.4843523262463127,0.862894403020611,0.601230837823651,0.2081136464351853,0.4319598050605791
2021-10-06 05:50:00,0.46164574616457466,-0.059760956175298974,0.06537602382725227,-0.00981967505802539,0.15661357657928834,0.00033407572383073496,0.5,-0.11734470718155388,0.4843523262463127,0.862894403020611,0.601230837823651,0.2081136464351853,0.41653213030161296
2021-10-06 06:00:00,0.5139470013947002,-0.36254980079681276,0.0656738644825019,-0.00981967505802539,0.15661357657928834,0.00033407572383073496,0.5,-0.14369498199433473,0.47761970305194945,0.9523267665175713,0.6444120465261959,0.20358285820960415,0.4808832626703079
2021-10-06 06:10:00,0.5181311018131102,-0.3466135458167332,0.06775874906924773,-0.00981967505802539,0.15661357657928834,0.00033407572383073496,0.5,-0.14369498199433473,0.47761970305194945,0.9523267665175713,0.6444120465261959,0.20358285820960415,0.4726979193385338
2021-10-06 06:20:00,0.5181311018131102,-0.2589641434262948,0.06775874906924773,-0.005891805034815012,0.15661357657928834,0.00022271714922048998,0.5,-0.14369498199433473,0.47761970305194945,0.9523267665175713,0.6444120465261959,0.20358285820960415,0.5081777992365376
2021-10-06 06:30:00,0.49860529986053004,-0.14741035856573714,0.06775874906924773,-0.0026780931976432276,0.15661357657928834,0.00033407572383073496,0.5,-0.14369498199433473,0.47761970305194945,0.9523267665175713,0.6444120465261959,0.20358285820960415,0.48654133409780165
2021-10-06 06:40:00,0.49790794979079495,0.346613545816733,0.06775874906924773,-0.0033922513836815993,0.15892999698996219,0.00022271714922048998,0.5,-0.14369498199433473,0.47761970305194945,0.9523267665175713,0.6444120465261959,0.20358285820960415,0.47979691295622917
2021-10-06 06:50:00,0.5251046025104603,-0.3466135458167332,0.06775874906924773,-0.0030351722906623024,0.16780306500372982,0.00022271714922048998,0.5,-0.14369498199433473,0.47761970305194945,0.9523267665175713,0.6444120465261959,0.20358285820960415,0.5074761983795283
2021-10-06 07:00:00,0.502092050209205,-0.2509960159362551,0.06507818317200287,-0.0026780931976432276,0.16780306500372982,0.00033407572383073496,0.5,-0.13437139265491604,0.4809041197447193,0.9398337999459012,0.6363535017462426,0.21202181349618462,0.4721472003862577
2021-10-06 07:10:00,0.42538354253835425,0.11553784860557759,0.06478034251675346,-0.0030351722906623024,0.16780306500372982,0.00022271714922048998,0.5,-0.13437139265491604,0.4809041197447193,0.9398337999459012,0.6363535017462426,0.21202181349618462,0.3493066976477511
2021-10-06 07:20:00,0.4435146443514645,0.2111553784860556,0.06299329858525682,-0.009462595965006093,0.16780306500372982,0.00033407572383073496,0.5,-0.13437139265491604,0.4809041197447193,0.9398337999459012,0.6363535017462426,0.21202181349618462,0.3756733104998718
2021-10-06 07:30:00,0.44002789400278935,0.19521912350597592,0.06001489203276256,-0.014461703267273585,0.16780306500372982,0.00033407572383073496,0.5,-0.13437139265491604,0.4809041197447193,0.9398337999459012,0.6363535017462426,0.21202181349618462,0.3725274227861853
2021-10-06 07:40:00,0.4463040446304045,0.07569721115537842,0.0588235294117645,-0.01696125691840733,0.16780306500372982,0.00033407572383073496,0.5,-0.13437139265491604,0.4809041197447193,0.9398337999459012,0.6363535017462426,0.21202181349618462,0.3810975149750291
2021-10-06 07:50:00,0.4860529986052998,-0.0916334661354582,0.05971705137751293,-0.01981788966256015,0.16780306500372982,0.00033407572383073496,0.5,-0.13437139265491604,0.4809041197447193,0.9398337999459012,0.6363535017462426,0.21202181349618462,0.436576791345414
2021-10-06 08:00:00,0.4476987447698745,-0.043824701195219196,0.05971705137751293,-0.02053204784859841,0.16780306500372982,0.00033407572383073496,0.5,-0.1344365645917599,0.48099607191809296,0.9300027886425778,0.6319616295578815,0.21325408143081626,0.3815048961178086
2021-10-06 08:10:00,0.44490934449093444,0.05179282868525892,0.0588235294117645,-0.021246206034636783,0.16780306500372982,0.00033407572383073496,0.5,-0.1344365645917599,0.48099607191809296,0.9300027886425778,0.6319616295578815,0.21325408143081626,0.38578239811699383
2021-10-06 08:20:00,0.4665271966527197,0.11553784860557759,0.0588235294117645,-0.027316550615961277,0.16780306500372982,0.00033407572383073496,0.5,-0.1344365645917599,0.48099607191809296,0.9300027886425778,0.6319616295578815,0.21325408143081626,0.43526411877423543
2021-10-06 08:30:00,0.5034867503486751,-0.003984063745020028,0.0588235294117645,-0.027673629708980574,0.16780306500372982,0.00022271714922048998,0.5,-0.1344365645917599,0.48099607191809296,0.9300027886425778,0.6319616295578815,0.21325408143081626,0.515918040949349
2021-10-06 08:40:00,0.5362622036262203,0.027888446215139417,0.06001489203276256,-0.025531155150865903,0.16780306500372982,0.00022271714922048998,0.5,-0.1344365645917599,0.48099607191809296,0.9300027886425778,0.6319616295578815,0.21325408143081626,0.5609261131312522
2021-10-06 08:50:00,0.5411436541143654,-0.23505976095617542,0.06448250186150384,-0.02053204784859841,0.16776380364083704,0.00022271714922048998,0.5,-0.1344365645917599,0.48099607191809296,0.9300027886425778,0.6319616295578815,0.21325408143081626,0.5345896766600782
2021-10-06 09:00:00,0.5195258019525802,0.2589641434262948,0.06537602382725227,-0.017318336011426405,0.15916556516731883,0.00022271714922048998,0.5,-0.12629370797302275,0.4946595901806575,0.877132331932925,0.6109371698191365,0.2181007913838536,0.5307421880893824
2021-10-06 09:10:00,0.4818688981868898,-0.15537848605577698,0.069843633655994,-0.013033386895197285,0.1677507165198728,0.00033407572383073496,0.5,-0.12629370797302275,0.4946595901806575,0.877132331932925,0.6109371698191365,0.2181007913838536,0.4579190367699202
2021-10-06 09:20:00,0.43235704323570434,0.29083665338645415,0.07609828741623215,-0.005891805034815012,0.16913795134208426,0.00033407572383073496,0.5,-0.12629370797302275,0.4946595901806575,0.877132331932925,0.6109371698191365,0.2181007913838536,0.35320699488510343
2021-10-06 09:30:00,0.5118549511854951,-0.1633466135458168,0.08443782576321657,-0.002321014104624264,0.17892711782335002,0.00033407572383073496,0.5,-0.12629370797302275,0.4946595901806575,0.877132331932925,0.6109371698191365,0.2181007913838536,0.5105240128551383
2021-10-06 09:40:00,0.4700139470013947,-0.20318725099601598,0.09128816083395375,0.0048205677557580096,0.17892711782335002,0.00033407572383073496,0.5,-0.12629370797302275,0.4946595901806575,0.877132331932925,0.6109371698191365,0.2181007913838536,0.4379950812499057
2021-10-06 09:50:00,0.46234309623430964,-0.20318725099601598,0.09992553983618757,0.011605070523120764,0.17831202313802985,0.00044543429844097997,0.5,-0.12629370797302275,0.4946595901806575,0.877132331932925,0.6109371698191365,0.2181007913838536,0.4107608974455694
2021-10-06 10:00:00,0.45746164574616455,0.019920318725099362,0.11094564408041685,0.019817889662560484,0.17589090575964195,0.00044543429844097997,0.5,0.13023030641816846,0.49264526288264493,0.5821193100246438,0.6917027105696204,0.24314731567672862,0.39151591049685414
2021-10-06 10:10:00,0.4504881450488145,-0.019920318725099695,0.12256142963514494,0.02660239242992324,0.17695096255774692,0.00033407572383073496,0.5,0.13023030641816846,0.49264526288264493,0.5821193100246438,0.6917027105696204,0.24314731567672862,0.37985273926098045
2021-10-06 10:20:00,0.4511854951185495,0.043824701195219085,0.13268801191362622,0.03231565791822888,0.18129588671788094,0.00033407572383073496,0.5,0.13023030641816846,0.49264526288264493,0.5821193100246438,0.6917027105696204,0.24314731567672862,0.39009007649712574
2021-10-06 10:30:00,0.48117154811715485,0.03585657370517925,0.14311243484735647,0.039814318871630006,0.17456910654225177,0.00033407572383073496,0.5,0.13023030641816846,0.49264526288264493,0.5821193100246438,0.6917027105696204,0.24314731567672862,0.4439775487725757
2021-10-06 10:40:00,0.4246861924686192,-0.02788844621513953,0.15591958302308262,0.04767005891805054,0.17471306487285862,0.00033407572383073496,0.5,0.13023030641816846,0.49264526288264493,0.5821193100246438,0.6917027105696204,0.24314731567672862,0.3262066780331035
2021-10-06 10:50:00,0.46373779637377965,-0.13147410358565736,0.1669396872673119,0.05552579896447085,0.18350761016084072,0.00044543429844097997,0.5,0.13023030641816846,0.49264526288264493,0.5821193100246438,0.6917027105696204,0.24314731567672862,0.397634171733784
2021-10-06 11:00:00,0.5271966527196652,0.12350597609561742,0.17736411020104237,0.06838064631315843,0.18282707987069927,0.0006681514476614699,0.5,0.13439944260316872,0.4848436956727874,0.5583548505197541,0.7074634113681557,0.2612638543943311,0.5372602863738551
2021-10-06 11:10:00,0.5244072524407252,-0.0916334661354582,0.18510796723752776,0.07552222817354037,0.18727670099854732,0.0010022271714922048,0.5,0.13439944260316872,0.4848436956727874,0.5583548505197541,0.7074634113681557,0.2612638543943311,0.546999713324381
2021-10-06 11:20:00,0.5139470013947002,-0.19521912350597614,0.1940431868950112,0.0898053918943047,0.19277329180353614,0.000779510022271715,0.5,0.13439944260316872,0.4848436956727874,0.5583548505197541,0.7074634113681557,0.2612638543943311,0.5080948141889343
2021-10-06 11:30:00,0.4818688981868898,0.01195219123505975,0.2026805658972448,0.10301731833601147,0.1944877046498541,0.0010022271714922048,0.5,0.13439944260316872,0.4848436956727874,0.5583548505197541,0.7074634113681557,0.2612638543943311,0.44068077915415604
2021-10-06 11:40:00,0.509065550906555,-0.11553784860557781,0.21608339538346977,0.11980003570790942,0.19641151143160018,0.000556792873051225,0.5,0.13439944260316872,0.4848436956727874,0.5583548505197541,0.7074634113681557,0.2612638543943311,0.5055222777132339
2021-10-06 11:50:00,0.5774058577405857,-0.043824701195219196,0.2285927029039463,0.13015532940546337,0.18925285626415048,0.0022271714922049,0.5,0.13439944260316872,0.4848436956727874,0.5583548505197541,0.7074634113681557,0.2612638543943311,0.6563664619702159
2021-10-06 12:00:00,0.6094839609483961,0.12350597609561742,0.23752792256142952,0.13836814854490287,0.19417361374671185,0.00111358574610245,0.5,0.14905655783442384,0.46875206533201835,0.5303586037105559,0.6980975834294821,0.2707977655512853,0.7211476077674005
2021-10-06 12:10:00,0.5794979079497908,-0.0916334661354582,0.24616530156366334,0.15158007498660964,0.20601745821936635,0.0289532293986637,0.5,0.14905655783442384,0.46875206533201835,0.5303586037105559,0.6980975834294821,0.2707977655512853,0.5891334852211174
2021-10-06 12:20:00,0.6080892608089261,0.09163346613545809,0.25510052122114657,0.1697911087305839,0.20677651123529334,0.0544543429844098,0.5,0.14905655783442384,0.46875206533201835,0.5303586037105559,0.6980975834294821,0.2707977655512853,0.5115122893311405
2021-10-06 12:30:00,0.5857740585774059,0.03585657370517925,0.26284437825763196,0.17693269059096606,0.20559867034851007,0.03530066815144766,0.5,0.14905655783442384,0.46875206533201835,0.5303586037105559,0.6980975834294821,0.2707977655512853,0.6037916622659445
2021-10-06 12:40:00,0.6520223152022315,0.003984063745019917,0.2714817572598658,0.18621674700946267,0.21109526115349886,0.05489977728285078,0.5,0.14905655783442384,0.46875206533201835,0.5303586037105559,0.6980975834294821,0.2707977655512853,0.5954101724580171
2021-10-06 12:50:00,0.7126917712691772,0.05976095617529875,0.27803425167535356,0.19264417068380646,0.21375194670924344,0.06792873051224944,0.5,0.14905655783442384,0.46875206533201835,0.5303586037105559,0.6980975834294821,0.2707977655512853,0.6489506163525809
2021-10-06 13:00:00,0.7245467224546723,-0.043824701195219196,0.2836932241250929,0.19942867345116966,0.2176388216356284,0.05723830734966592,0.5,0.33198557945823226,0.45158574396492207,0.3469066294238949,0.6643142432990533,0.2739535891763913,0.7651674034733015
2021-10-06 13:10:00,0.6108786610878661,-0.2270916334661356,0.28696947133283657,0.20371362256739878,0.21087278009710642,0.007238307349665925,0.5,0.33198557945823226,0.45158574396492207,0.3469066294238949,0.6643142432990533,0.2739535891763913,0.6939134239630641
2021-10-06 13:20:00,0.5397489539748954,0.10756972111553775,0.2950111690245716,0.21799678628816288,0.20446009082461952,0.000779510022271715,0.5,0.33198557945823226,0.45158574396492207,0.3469066294238949,0.6643142432990533,0.2739535891763913,0.5611826123692986
2021-10-06 13:30:00,0.6234309623430963,-0.1394422310756973,0.3036485480268054,0.23120871272986965,0.2019342764785175,0.011024498886414253,0.5,0.33198557945823226,0.45158574396492207,0.3469066294238949,0.6643142432990533,0.2739535891763913,0.7390044811925707
2021-10-06 13:40:00,0.6080892608089261,0.36254980079681287,0.30900967982129557,0.23335118728798432,0.2018426666317677,0.00957683741648107,0.5,0.33198557945823226,0.45158574396492207,0.3469066294238949,0.6643142432990533,0.2739535891763913,0.7172473105300482
2021-10-06 13:50:00,0.6234309623430963,-0.13147410358565736,0.31347728965003685,0.24192108552044278,0.21343785580610122,0.0013363028953229399,0.5,0.33198557945823226,0.45158574396492207,0.3469066294238949,0.6643142432990533,0.2739535891763913,0.7450171250961872
2021-10-06 14:00:00,0.6582984658298465,0.05976095617529875,0.3185405807892776,0.2594179610783791,0.2143016057897423,0.003006681514476615,0.5,0.35203325436433497,0.41609795205269035,0.29892929567308946,0.6191943231305408,0.27622844913422867,0.8046079333705508
2021-10-06 14:10:00,0.5599721059972106,0.019920318725099362,0.32717795979151143,0.270487412961971,0.2067634241143291,0.0012249443207126948,0.5,0.35203325436433497,0.41609795205269035,0.29892929567308946,0.6191943231305408,0.27622844913422867,0.5988729121716433
2021-10-06 14:20:00,0.6485355648535566,0.06772908366533859,0.33462397617274764,0.2783431530083913,0.21553179516038265,0.0017817371937639199,0.5,0.35203325436433497,0.41609795205269035,0.29892929567308946,0.6191943231305408,0.27622844913422867,0.7840276415649471
2021-10-06 14:30:00,0.5760111576011158,0.12350597609561742,0.33641102010424406,0.27798607391537233,0.21477274214445566,0.0006681514476614699,0.5,0.35203325436433497,0.41609795205269035,0.29892929567308946,0.6191943231305408,0.27622844913422867,0.6341641896887307
2021-10-06 14:40:00,0.5788005578800558,0.13147410358565725,0.33968726731198795,0.28405641849669716,0.20850401120257553,0.0010022271714922048,0.5,0.35203325436433497,0.41609795205269035,0.29892929567308946,0.6191943231305408,0.27622844913422867,0.6423570771157415
2021-10-06 14:50:00,0.5697350069735007,-0.08366533864541836,0.34385703648548005,0.29691126584538474,0.20643624609022262,0.00044543429844097997,0.5,0.35203325436433497,0.41609795205269035,0.29892929567308946,0.6191943231305408,0.27622844913422867,0.6205244655008525
2021-10-06 15:00:00,0.5627615062761506,0.03585657370517925,0.3465376023827249,0.30655240135690076,0.20985198466189425,0.0016703786191536749,0.5,0.3627980974063634,0.40015861749907466,0.2654056016588302,0.5907199911983294,0.2858702257149598,0.6292228073087195
2021-10-06 15:10:00,0.6080892608089261,-0.02788844621513953,0.35189873417721507,0.29833958221746126,0.209891246024787,0.0016703786191536749,0.5,0.3627980974063634,0.40015861749907466,0.2654056016588302,0.5907199911983294,0.2858702257149598,0.7204158305294447
2021-10-06 15:20:00,0.5899581589958159,0.17928286852589648,0.35487714072970933,0.2990537404034994,0.20753556425122038,0.00111358574610245,0.5,0.3627980974063634,0.40015861749907466,0.2654056016588302,0.5907199911983294,0.2858702257149598,0.6792401587277638
2021-10-06 15:30:00,0.6297071129707112,0.027888446215139417,0.356664184661206,0.3026245313336904,0.2168666814987371,0.0017817371937639199,0.5,0.3627980974063634,0.40015861749907466,0.2654056016588302,0.5907199911983294,0.2858702257149598,0.7720627065196071
2021-10-06 15:40:00,0.5941422594142259,-0.33067729083665354,0.3602382725241995,0.30655240135690076,0.2180183481435919,0.0008908685968819599,0.5,0.3627980974063634,0.40015861749907466,0.2654056016588302,0.5907199911983294,0.2858702257149598,0.6931062057727417
2021-10-06 15:50:00,0.5460251046025105,0.05179282868525892,0.3641102010424422,0.31726477414747367,0.20201279920430307,0.0010022271714922048,0.5,0.3627980974063634,0.40015861749907466,0.2654056016588302,0.5907199911983294,0.2858702257149598,0.5785717518897958
2021-10-06 16:00:00,0.6032078103207811,0.03585657370517925,0.36708860759493644,0.32690590965898947,0.21169726871785477,0.0006681514476614699,0.5,0.42268870594348695,0.37253273641047596,0.2063694422600712,0.5602363029046317,0.2900266652011628,0.6830650150127495
2021-10-06 16:10:00,0.5836820083682008,-0.21115537848605592,0.37036485480268033,0.324763435100875,0.2090013217992174,0.0008908685968819599,0.5,0.42268870594348695,0.37253273641047596,0.2063694422600712,0.5602363029046317,0.2900266652011628,0.6236175445478824
2021-10-06 16:20:00,0.5801952580195259,-0.0916334661354582,0.37572598659717027,0.32547759328691295,0.21860726858698357,0.00111358574610245,0.5,0.42268870594348695,0.37253273641047596,0.2063694422600712,0.5602363029046317,0.2900266652011628,0.6358842434026887
2021-10-06 16:30:00,0.5578800557880056,-0.003984063745020028,0.37870439314966475,0.3297625424031425,0.21148787478242664,0.000556792873051225,0.5,0.42268870594348695,0.37253273641047596,0.2063694422600712,0.5602363029046317,0.2900266652011628,0.6045913363610302
2021-10-06 16:40:00,0.5397489539748954,0.01195219123505975,0.3804914370811614,0.33690412426352423,0.21235162476606773,0.00155902004454343,0.5,0.42268870594348695,0.37253273641047596,0.2063694422600712,0.5602363029046317,0.2900266652011628,0.552386197323355
2021-10-06 16:50:00,0.5502092050209205,0.027888446215139417,0.3804914370811614,0.3408319942867344,0.2136734239834579,0.00044543429844097997,0.5,0.42268870594348695,0.37253273641047596,0.2063694422600712,0.5602363029046317,0.2900266652011628,0.5702958794151818
2021-10-06 17:00:00,0.599023709902371,-0.14741035856573714,0.3781087118391657,0.3411890733797538,0.21820156783709155,0.000779510022271715,0.5,0.4195781301124031,0.36546103957679144,0.21185643575970603,0.5566163532232061,0.28422432573537804,0.6828236039651765
2021-10-06 17:10:00,0.5718270571827057,0.12350597609561742,0.3772151898734175,0.32869130512408495,0.21316302626585176,0.0014476614699331849,0.5,0.4195781301124031,0.36546103957679144,0.21185643575970603,0.5566163532232061,0.28422432573537804,0.6306939058798678
2021-10-06 17:20:00,0.598326359832636,0.11553784860557759,0.3772151898734175,0.32904838421710414,0.2111737838792844,0.0010022271714922048,0.5,0.4195781301124031,0.36546103957679144,0.21185643575970603,0.5566163532232061,0.28422432573537804,0.6817372542510977
2021-10-06 17:30:00,0.6673640167364017,0.17131474103585642,0.3733432613551748,0.33047670058918044,0.21490361335409824,0.00111358574610245,0.5,0.4195781301124031,0.36546103957679144,0.21185643575970603,0.5566163532232061,0.28422432573537804,0.8821612324033978
2021-10-06 17:40:00,0.5655509065550907,-0.0916334661354582,0.37036485480268033,0.3311908587752188,0.21283584824174528,0.000779510022271715,0.5,0.4195781301124031,0.36546103957679144,0.21185643575970603,0.5566163532232061,0.28422432573537804,0.6106567889313035
2021-10-06 17:50:00,0.5781032078103208,0.027888446215139417,0.36708860759493644,0.34333154793786824,0.21341168156417267,0.000779510022271715,0.5,0.4195781301124031,0.36546103957679144,0.21185643575970603,0.5566163532232061,0.28422432573537804,0.6348205259743199
2021-10-06 18:00:00,0.6868898186889818,0.09163346613545809,0.3623231571109453,0.33976075700767727,0.21559723076520398,0.000556792873051225,0.5,0.23273242183786835,0.3535790946733826,0.38179268756791696,0.5567467669188626,0.28299324486948285,0.9027188919232916
2021-10-06 18:10:00,0.6094839609483961,-0.0916334661354582,0.35577066269545776,0.3233351187287985,0.21256101870149588,0.0008908685968819599,0.5,0.23273242183786835,0.3535790946733826,0.38179268756791696,0.5567467669188626,0.28299324486948285,0.7402718891923292
2021-10-06 18:20:00,0.6861924686192469,0.01195219123505975,0.35100521221146663,0.3219068023567222,0.21256101870149588,0.0012249443207126948,0.5,0.23273242183786835,0.3535790946733826,0.38179268756791696,0.5567467669188626,0.28299324486948285,0.9019871146853358
2021-10-06 18:30:00,0.5725244072524408,0.14741035856573692,0.3450483991064779,0.31762185324049286,0.2070513407755428,0.000556792873051225,0.5,0.23273242183786835,0.3535790946733826,0.38179268756791696,0.5567467669188626,0.28299324486948285,0.6661058889207417
2021-10-06 18:40:00,0.5578800557880056,-0.2828685258964144,0.3376023827252417,0.3233351187287985,0.20807213621075502,0.000556792873051225,0.5,0.23273242183786835,0.3535790946733826,0.38179268756791696,0.5567467669188626,0.28299324486948285,0.6386076617831223
2021-10-06 18:50:00,0.5739191073919108,-0.12350597609561753,0.3301563663440057,0.3236921978218177,0.20266715525251602,0.0006681514476614699,0.5,0.23273242183786835,0.3535790946733826,0.38179268756791696,0.5567467669188626,0.28299324486948285,0.6733482203479336
2021-10-06 19:00:00,0.6373779637377964,-0.019920318725099695,0.3253909158600148,0.31726477414747367,0.19488031827878186,0.00022271714922048998,0.5,0.21955731778456755,0.3725528509483998,0.4067786207112573,0.501656604447072,0.28217622035892176,0.7699805362342894
2021-10-06 19:10:00,0.5341701534170153,-0.043824701195219196,0.31734921816827977,0.3090519550080342,0.19272094331967912,0.00022271714922048998,0.5,0.21955731778456755,0.3725528509483998,0.4067786207112573,0.501656604447072,0.28217622035892176,0.5601113508456931
2021-10-06 19:20:00,0.5013947001394701,-0.11553784860557781,0.3099032017870438,0.3104802713801109,0.18516967452330163,0.00022271714922048998,0.5,0.21955731778456755,0.3725528509483998,0.4067786207112573,0.501656604447072,0.28217622035892176,0.4699518686723902
2021-10-06 19:30:00,0.5139470013947002,0.11553784860557759,0.30394638868205504,0.30155329405463327,0.18554920103126513,0.00022271714922048998,0.5,0.21955731778456755,0.3725528509483998,0.4067786207112573,0.501656604447072,0.28217622035892176,0.4968163918101302
2021-10-06 19:40:00,0.48535564853556484,0.1633466135458166,0.29798957557706607,0.29405463310123214,0.18150528065330906,0.00022271714922048998,0.5,0.21955731778456755,0.3725528509483998,0.4067786207112573,0.501656604447072,0.28217622035892176,0.45204218658056344
2021-10-06 19:50:00,0.5146443514644351,-0.09960159362549814,0.2947133283693222,0.2847705766827351,0.18150528065330906,0.00022271714922048998,0.5,0.21955731778456755,0.3725528509483998,0.4067786207112573,0.501656604447072,0.28217622035892176,0.5034099310469695
2021-10-06 20:00:00,0.5306834030683404,-0.3705179282868527,0.2899478778853313,0.2783431530083913,0.18146601929041628,0.00022271714922048998,0.5,0.20875175062028406,0.382768162709371,0.44747479474182994,0.5003111057811392,0.2633507556890552,0.525499041899905
2021-10-06 20:10:00,0.5062761506276151,0.09163346613545809,0.28696947133283657,0.27262988752008566,0.17203020507518552,0.00033407572383073496,0.5,0.20875175062028406,0.382768162709371,0.44747479474182994,0.5003111057811392,0.2633507556890552,0.49463614828673597
2021-10-06 20:20:00,0.5306834030683404,0.14741035856573692,0.2836932241250929,0.2612033565434744,0.17617882242085564,0.00022271714922048998,0.5,0.20875175062028406,0.382768162709371,0.44747479474182994,0.5003111057811392,0.2633507556890552,0.5488555607525989
2021-10-06 20:30:00,0.5083682008368201,-0.29083665338645437,0.2789277736411018,0.2558471701481879,0.17883550797660022,0.00033407572383073496,0.5,0.20875175062028406,0.382768162709371,0.44747479474182994,0.5003111057811392,0.2633507556890552,0.49173921571585927
2021-10-06 20:40:00,0.5167364016736402,0.2350597609561753,0.27743857036485475,0.24727727191572946,0.1702765308659748,0.00022271714922048998,0.5,0.20875175062028406,0.382768162709371,0.44747479474182994,0.5003111057811392,0.2633507556890552,0.5053336753323174
2021-10-06 20:50:00,0.394700139470014,-0.2270916334661356,0.272970960536113,0.24370648098553827,0.16840507256808576,0.00022271714922048998,0.5,0.20875175062028406,0.382768162709371,0.44747479474182994,0.5003111057811392,0.2633507556890552,0.2682378502346214
2021-10-06 21:00:00,0.3368200836820084,-0.12350597609561753,0.27029039463886795,0.24370648098553827,0.15328944785436652,0.00022271714922048998,0.5,0.20538062045418237,0.3991758786461211,0.4697105099868025,0.5158138632070037,0.24464354412802466,0.19294777977277186
2021-10-06 21:10:00,0.39400278940027894,0.1872509960159361,0.2688011913626207,0.23120871272986965,0.15385219405582967,0.00033407572383073496,0.5,0.20538062045418237,0.3991758786461211,0.4697105099868025,0.5158138632070037,0.24464354412802466,0.27087828356745175
2021-10-06 21:20:00,0.45258019525801957,-0.02788844621513953,0.2673119880863737,0.22192465631137304,0.15270052741097487,0.00022271714922048998,0.5,0.20538062045418237,0.3991758786461211,0.4697105099868025,0.5158138632070037,0.24464354412802466,0.3729876125956214
2021-10-06 21:30:00,0.5125523012552301,0.3545816733067728,0.26641846612062525,0.2094268880557042,0.14950726989569565,0.00033407572383073496,0.5,0.20538062045418237,0.3991758786461211,0.4697105099868025,0.5158138632070037,0.24464354412802466,0.5104862923789549
2021-10-06 21:40:00,0.4679218967921897,-0.21115537848605592,0.2595681310498881,0.20442778075343693,0.15900851971574773,0.00022271714922048998,0.5,0.20538062045418237,0.3991758786461211,0.4697105099868025,0.5158138632070037,0.24464354412802466,0.4255473241094196
2021-10-06 21:50:00,0.4895397489539749,0.05179282868525892,0.25480268056589694,0.20335654347437981,0.1534857546688304,0.00022271714922048998,0.5,0.20538062045418237,0.3991758786461211,0.4697105099868025,0.5158138632070037,0.24464354412802466,0.45601792477028236
2021-10-06 22:00:00,0.40027894002789405,-0.1633466135458168,0.2524199553239015,0.20228530619532248,0.15437567889440004,0.00022271714922048998,0.5,0.13063744758145068,0.4176640125054965,0.543724051452548,0.4889733233152206,0.23062472139539128,0.29342004013458667
2021-10-06 22:10:00,0.4344490934449094,0.394422310756972,0.24795234549516,0.19907159435815025,0.14770124720262792,0.00022271714922048998,0.5,0.13063744758145068,0.4176640125054965,0.543724051452548,0.4889733233152206,0.23062472139539128,0.3372135129833879
2021-10-06 22:20:00,0.44142259414225943,0.09960159362549792,0.24556962025316453,0.18835922156757734,0.14770124720262792,0.00022271714922048998,0.5,0.13063744758145068,0.4176640125054965,0.543724051452548,0.4889733233152206,0.23062472139539128,0.35541741478944433
2021-10-06 22:30:00,0.41492329149232915,-0.3705179282868527,0.24348473566641826,0.18657382610248163,0.1435395427359935,0.00022271714922048998,0.5,0.13063744758145068,0.4176640125054965,0.543724051452548,0.4889733233152206,0.23062472139539128,0.30280489460898957
2021-10-06 22:40:00,0.4351464435146444,-0.019920318725099695,0.2413998510796722,0.1822888769862525,0.13643323605240082,0.00022271714922048998,0.5,0.13063744758145068,0.4176640125054965,0.543724051452548,0.4889733233152206,0.23062472139539128,0.33246827707952986
2021-10-06 22:50:00,0.39400278940027894,0.298804780876494,0.23752792256142952,0.17193358328869857,0.13643323605240082,0.00022271714922048998,0.5,0.13063744758145068,0.4176640125054965,0.543724051452548,0.4889733233152206,0.23062472139539128,0.2638471868068863
2021-10-06 23:00:00,0.44421199442119946,0.3784860557768923,0.23752792256142952,0.16336368505623988,0.1446912093808483,0.00022271714922048998,0.5,0.07958997712978655,0.41409511877634786,0.6195383534733184,0.4613866181864446,0.21610892950196645,0.353878419361166
2021-10-06 23:10:00,0.5034867503486751,0.043824701195219085,0.23752792256142952,0.15300839135868594,0.16678226956851763,0.00022271714922048998,0.5,0.07958997712978655,0.41409511877634786,0.6195383534733184,0.4613866181864446,0.21610892950196645,0.46833743229174524
2021-10-06 23:20:00,0.41352859135285913,0.019920318725099362,0.23484735666418444,0.15479378682378164,0.15403541374932928,0.00033407572383073496,0.5,0.07958997712978655,0.41409511877634786,0.6195383534733184,0.4613866181864446,0.21610892950196645,0.3161881195588213
2021-10-06 23:30:00,0.4093444909344491,-0.23505976095617542,0.2333581533879372,0.15479378682378164,0.15140490243551322,0.00022271714922048998,0.5,0.07958997712978655,0.41409511877634786,0.6195383534733184,0.4613866181864446,0.21610892950196645,0.28845602546886556
2021-10-06 23:40:00,0.4177126917712692,0.24302788844621515,0.2285927029039463,0.1533654704517049,0.154323330410543,0.00022271714922048998,0.5,0.07958997712978655,0.41409511877634786,0.6195383534733184,0.4613866181864446,0.21610892950196645,0.3070446761319915
2021-10-06 23:50:00,0.4470013947001395,0.4262948207171313,0.2285927029039463,0.14443849312622747,0.15916556516731883,0.00022271714922048998,0.5,0.07958997712978655,0.41409511877634786,0.6195383534733184,0.4613866181864446,0.21610892950196645,0.34951793231437756
2021-10-07 00:00:00,0.45536959553695955,0.07569721115537842,0.2285927029039463,0.14015354400999835,0.173417439897397,0.00022271714922048998,0.5,0.07647940129870245,0.41196585126161295,0.6382041243250159,0.45642004877854825,0.20524086340042955,0.36447032907343424
2021-10-07 00:10:00,0.45397489539748953,0.13147410358565725,0.2285927029039463,0.14015354400999835,0.1880226668935101,0.00022271714922048998,0.5,0.07647940129870245,0.41196585126161295,0.6382041243250159,0.45642004877854825,0.20524086340042955,0.38104470630837245
2021-10-07 00:20:00,0.41841004184100417,0.027888446215139417,0.2285927029039463,0.14015354400999835,0.1917394092473597,0.00022271714922048998,0.5,0.07647940129870245,0.41196585126161295,0.6382041243250159,0.45642004877854825,0.20524086340042955,0.3310348989845648
2021-10-07 00:30:00,0.32566248256624825,0.027888446215139417,0.2220402084884585,0.13979646491697917,0.15041028124222952,0.00033407572383073496,0.5,0.07647940129870245,0.41196585126161295,0.6382041243250159,0.45642004877854825,0.20524086340042955,0.1815863723463645
2021-10-07 00:40:00,0.3472803347280335,-0.33864541832669326,0.21667907669396835,0.13336904124263538,0.15152268652419154,0.00022271714922048998,0.5,0.07647940129870245,0.41196585126161295,0.6382041243250159,0.45642004877854825,0.20524086340042955,0.20446761319914902
2021-10-07 00:50:00,0.3563458856345886,0.01195219123505975,0.21191362620997745,0.13408319942867353,0.12564944837785136,0.00033407572383073496,0.5,0.07647940129870245,0.41196585126161295,0.6382041243250159,0.45642004877854825,0.20524086340042955,0.21354315976884894
2021-10-07 01:00:00,0.3528591352859135,0.298804780876494,0.21250930752047625,0.12658453847527218,0.13291280051301516,0.00033407572383073496,0.5,0.07489156076782799,0.4142646555960085,0.6229800887876406,0.39846317177636315,0.19693353853146522,0.20488253843716522
2021-10-07 01:10:00,0.3117154811715481,-0.03585657370517936,0.21191362620997745,0.11551508659168008,0.13741477012472025,0.00033407572383073496,0.5,0.07489156076782799,0.4142646555960085,0.6229800887876406,0.39846317177636315,0.19693353853146522,0.16037237654088146
2021-10-07 01:20:00,0.3312412831241283,0.2669322709163344,0.2065524944154875,0.10944474201035526,0.13831778147125412,0.00033407572383073496,0.5,0.07489156076782799,0.4142646555960085,0.6229800887876406,0.39846317177636315,0.19693353853146522,0.1858563302503131
2021-10-07 01:30:00,0.36541143654114366,0.019920318725099362,0.20476545048399108,0.10444563470808776,0.1345879519964403,0.00033407572383073496,0.5,0.07489156076782799,0.4142646555960085,0.6229800887876406,0.39846317177636315,0.19693353853146522,0.2085187923412345
2021-10-07 01:40:00,0.3368200836820084,-0.09960159362549814,0.20476545048399108,0.10158900196393517,0.14810694795251994,0.00033407572383073496,0.5,0.07489156076782799,0.4142646555960085,0.6229800887876406,0.39846317177636315,0.19693353853146522,0.18240867872716024
2021-10-07 01:50:00,0.3054393305439331,-0.03585657370517936,0.20774385703648535,0.09908944831280131,0.13716611482639934,0.00033407572383073496,0.5,0.07489156076782799,0.4142646555960085,0.6229800887876406,0.39846317177636315,0.19693353853146522,0.15048961178085912
2021-10-07 02:00:00,0.3507670850767085,0.36254980079681287,0.20774385703648535,0.09373326191751485,0.14669353888837994,0.00033407572383073496,0.5,0.06699298217644234,0.41527900300856024,0.6460047146954869,0.3402674817571405,0.1863238996835431,0.20676856224632978
2021-10-07 02:10:00,0.3200836820083682,-0.3067729083665339,0.20893521965748318,0.09373326191751485,0.15247804635458245,0.00033407572383073496,0.5,0.06699298217644234,0.41527900300856024,0.6460047146954869,0.3402674817571405,0.1863238996835431,0.16292228073087195
2021-10-07 02:20:00,0.3277545327754533,0.25099601593625476,0.21072226358897983,0.09551865738261034,0.13984897462407248,0.00033407572383073496,0.5,0.06699298217644234,0.41527900300856024,0.6460047146954869,0.3402674817571405,0.1863238996835431,0.1795042020610468
2021-10-07 02:30:00,0.29288702928870297,-0.3227091633466136,0.21072226358897983,0.09373326191751485,0.1445079896873487,0.00044543429844097997,0.5,0.06699298217644234,0.41527900300856024,0.6460047146954869,0.3402674817571405,0.1863238996835431,0.14127072740166272
2021-10-07 02:40:00,0.25523012552301255,0.05179282868525892,0.209530900967982,0.09337618282449567,0.13694363377000696,0.00033407572383073496,0.5,0.06699298217644234,0.41527900300856024,0.6460047146954869,0.3402674817571405,0.1863238996835431,0.10757879807474689
2021-10-07 02:50:00,0.23849372384937237,0.346613545816733,0.20506329113924027,0.09266202463845752,0.14957270550051693,0.00022271714922048998,0.5,0.06699298217644234,0.41527900300856024,0.6460047146954869,0.3402674817571405,0.1863238996835431,0.0929357092203932
2021-10-07 03:00:00,0.23082287308228733,0.5776892430278884,0.20476545048399108,0.09230494554543855,0.14957270550051693,0.00022271714922048998,0.5,0.059151437368067494,0.4270919837819357,0.6705194065555546,0.3115194573598609,0.15591200865328872,0.08601022979314092
2021-10-07 03:10:00,0.25523012552301255,0.4422310756972112,0.20476545048399108,0.09016247098732366,0.14957270550051693,0.00033407572383073496,0.5,0.059151437368067494,0.4270919837819357,0.6705194065555546,0.3115194573598609,0.15591200865328872,0.10798617921752643
2021-10-07 03:20:00,0.30264993026499304,0.3067729083665336,0.20476545048399108,0.08694875915015166,0.1547682925233278,0.00044543429844097997,0.5,0.059151437368067494,0.4270919837819357,0.6705194065555546,0.3115194573598609,0.15591200865328872,0.15188526939964092
2021-10-07 03:30:00,0.43654114365411434,0.2749003984063745,0.20476545048399108,0.08444920549901802,0.1634057923597388,0.00022271714922048998,0.5,0.059151437368067494,0.4270919837819357,0.6705194065555546,0.3115194573598609,0.15591200865328872,0.3430300104108514
2021-10-07 03:40:00,0.5564853556485356,-0.03585657370517936,0.2026805658972448,0.0830208891269415,0.1737577050424677,0.00022271714922048998,0.5,0.059151437368067494,0.4270919837819357,0.6705194065555546,0.3115194573598609,0.15591200865328872,0.6076542390271135
2021-10-07 03:50:00,0.7670850767085077,0.05976095617529875,0.20476545048399108,0.08444920549901802,0.17467380350996584,0.015590200445434297,0.5,0.059151437368067494,0.4270919837819357,0.6705194065555546,0.3115194573598609,0.15591200865328872,0.4537735564373765
2021-10-07 04:00:00,0.3772663877266388,0.33864541832669315,0.20357408786299303,0.0958757364756293,0.19804740155213255,0.00033407572383073496,0.5,0.00732220385208171,0.42391676029505093,0.7287888477630687,0.3381325846970137,0.131604578030727,0.29989287384763946
2021-10-07 04:10:00,0.11087866108786612,0.43426294820717115,0.1985107967237525,0.11480092840564193,0.22257266623915403,0.22650334075723833,0.5,0.00732220385208171,0.42391676029505093,0.7287888477630687,0.3381325846970137,0.131604578030727,0.016280157520708542
2021-10-07 04:20:00,0.07810320781032079,-0.8486055776892429,0.20744601638123594,0.1376539903588645,0.21304524217717347,0.9993318485523385,0.5,0.00732220385208171,0.42391676029505093,0.7287888477630687,0.3381325846970137,0.131604578030727,0.0
2021-10-07 04:30:00,0.1617852161785216,-0.49800796812749004,0.22233804914370792,0.1583645777539724,0.21304524217717347,0.9993318485523385,0.5,0.00732220385208171,0.42391676029505093,0.7287888477630687,0.3381325846970137,0.131604578030727,0.0
2021-10-07 04:40:00,0.32566248256624825,-0.14741035856573714,0.2285927029039463,0.16157828959114462,0.17015874677729648,0.29265033407572383,0.5,0.00732220385208171,0.42391676029505093,0.7287888477630687,0.3381325846970137,0.131604578030727,0.12937368921345263
2021-10-07 04:50:00,0.32566248256624825,0.5139442231075697,0.2134028294862247,0.14943760042849497,0.2102184240488935,0.00022271714922048998,0.5,0.00732220385208171,0.42391676029505093,0.7287888477630687,0.3381325846970137,0.131604578030727,0.16779576625375317
2021-10-07 05:00:00,0.299860529986053,-0.4103585657370519,0.1904690990320177,0.10801642563827896,0.21626467393438117,0.00022271714922048998,0.5,0.009960499936128686,0.4057102299666378,0.7474372450798339,0.363935293754884,0.14778831764926037,0.14460521749626568
2021-10-07 05:10:00,0.2189679218967922,-0.4183266932270917,0.18153387937453447,0.094447420103553,0.17000170132572537,0.00033407572383073496,0.5,0.009960499936128686,0.4057102299666378,0.7474372450798339,0.363935293754884,0.14778831764926037,0.07642168474734826
2021-10-07 05:20:00,0.09623430962343095,0.4661354581673305,0.17736411020104237,0.09337618282449567,0.15408776223318632,0.000779510022271715,0.5,0.009960499936128686,0.4057102299666378,0.7474372450798339,0.363935293754884,0.14778831764926037,0.00152390723780497
2021-10-07 05:30:00,0.09065550906555091,-0.3227091633466136,0.1746835443037973,0.08944831280128551,0.15408776223318632,0.28496659242761696,0.5,0.009960499936128686,0.4057102299666378,0.7474372450798339,0.363935293754884,0.14778831764926037,0.0
2021-10-07 05:40:00,0.1394700139470014,-0.20053120849933603,0.18034251675353663,0.08730583824317106,0.15408776223318632,0.9993318485523385,0.5,0.009960499936128686,0.4057102299666378,0.7474372450798339,0.363935293754884,0.14778831764926037,0.0
2021-10-07 05:50:00,0.17573221757322177,-0.07835325365205847,0.1943410275502604,0.11230137475450808,0.15328944785436652,0.9993318485523385,0.5,0.009960499936128686,0.4057102299666378,0.7474372450798339,0.363935293754884,0.14778831764926037,0.0
2021-10-07 06:00:00,0.23361227336122734,0.043824701195219085,0.20029784065524936,0.12301374754508143,0.13111986494091166,0.09487750556792873,0.5,-0.093958454724682,0.41206355044582377,0.9170113157510624,0.374388007966821,0.17259579152939045,0.06917935332015632
2021-10-07 06:10:00,0.23361227336122734,0.1633466135458166,0.21667907669396835,0.1455097304052848,0.12998128541702111,0.00033407572383073496,0.5,-0.093958454724682,0.41206355044582377,0.9170113157510624,0.374388007966821,0.17259579152939045,0.08363383979359355
2021-10-07 06:20:00,0.28172942817294283,-0.059760956175298974,0.20714817572598654,0.14800928405641844,0.14272814123620944,0.00022271714922048998,0.5,-0.093958454724682,0.41206355044582377,0.9170113157510624,0.374388007966821,0.17259579152939045,0.1232177075003395
2021-10-07 06:30:00,0.3242677824267783,0.1633466135458166,0.1833209233060311,0.09480449919657197,0.15951891743335386,0.00022271714922048998,0.5,-0.093958454724682,0.41206355044582377,0.9170113157510624,0.374388007966821,0.17259579152939045,0.16095327187410413
2021-10-07 06:40:00,0.3898186889818689,0.019920318725099362,0.17676842889054334,0.07373683270844489,0.16696548926201726,0.00022271714922048998,0.5,-0.093958454724682,0.41206355044582377,0.9170113157510624,0.374388007966821,0.17259579152939045,0.24633734176260239
2021-10-07 06:50:00,0.44142259414225943,0.03585657370517925,0.1746835443037973,0.06802356722013925,0.16394236431927342,0.00022271714922048998,0.5,-0.093958454724682,0.41206355044582377,0.9170113157510624,0.374388007966821,0.17259579152939045,0.3478506872670761
2021-10-07 07:00:00,0.4595536959553696,0.07569721115537842,0.16991809381980638,0.0576682735225853,0.17208255355904256,0.00022271714922048998,0.5,-0.09422718056662238,0.4211696891154489,0.9154692560081679,0.44488418214820424,0.15616649290471024,0.3819726300224814
2021-10-07 07:10:00,0.47280334728033474,-0.36254980079681276,0.1669396872673119,0.06088198535975731,0.17038122783368886,0.00022271714922048998,0.5,-0.09422718056662238,0.4211696891154489,0.9154692560081679,0.44488418214820424,0.15616649290471024,0.3795509754515141
2021-10-07 07:20:00,0.396792189679219,-0.26693227091633476,0.16515264333581525,0.06266738082485257,0.1639816256821662,0.00022271714922048998,0.5,-0.09422718056662238,0.4211696891154489,0.9154692560081679,0.44488418214820424,0.15616649290471024,0.285332770040889
2021-10-07 07:30:00,0.4191073919107392,-0.3466135458167332,0.16068503350707353,0.06838064631315843,0.1602387090863881,0.00022271714922048998,0.5,-0.09422718056662238,0.4211696891154489,0.9154692560081679,0.44488418214820424,0.15616649290471024,0.3087571857507129
2021-10-07 07:40:00,0.4351464435146444,0.12350597609561742,0.15979151154132532,0.05838243170862345,0.15276596301579615,0.00022271714922048998,0.5,-0.09422718056662238,0.4211696891154489,0.9154692560081679,0.44488418214820424,0.15616649290471024,0.3747227545000528
2021-10-07 07:50:00,0.499302649930265,-0.15537848605577698,0.15353685778108694,0.05231208712729862,0.15276596301579615,0.00022271714922048998,0.5,-0.09422718056662238,0.4211696891154489,0.9154692560081679,0.44488418214820424,0.15616649290471024,0.5081249905698809
2021-10-07 08:00:00,0.49790794979079495,-0.043824701195219196,0.14936708860759484,0.050883770755222324,0.15276596301579615,0.00022271714922048998,0.5,-0.07799850111215889,0.4129572106308202,0.8481839646837884,0.5458213719963529,0.15919136439749632,0.5021500671424476
2021-10-07 08:10:00,0.45746164574616455,0.29083665338645415,0.14519731943410275,0.050883770755222324,0.15423172056379317,0.00022271714922048998,0.5,-0.07799850111215889,0.4129572106308202,0.8481839646837884,0.5458213719963529,0.15919136439749632,0.41487997344478483
2021-10-07 08:20:00,0.3668061366806137,0.01195219123505975,0.14549516008935193,0.05338332440635596,0.1550562091845415,0.00033407572383073496,0.5,-0.07799850111215889,0.4129572106308202,0.8481839646837884,0.5458213719963529,0.15919136439749632,0.24685034023869518
2021-10-07 08:30:00,0.3591352859135286,0.05976095617529875,0.15026061057334306,0.051597928941260696,0.1587075159335698,0.00033407572383073496,0.5,-0.07799850111215889,0.4129572106308202,0.8481839646837884,0.5458213719963529,0.15919136439749632,0.2309775638607662
2021-10-07 08:40:00,0.36750348675034866,0.2669322709163344,0.15055845122859246,0.04731297982503113,0.15271361453193913,0.00033407572383073496,0.5,-0.07799850111215889,0.4129572106308202,0.8481839646837884,0.5458213719963529,0.15919136439749632,0.24759720566712434
2021-10-07 08:50:00,0.33333333333333337,0.1633466135458166,0.1475800446760982,0.04088555615068734,0.15271361453193913,0.00033407572383073496,0.5,-0.07799850111215889,0.4129572106308202,0.8481839646837884,0.5458213719963529,0.15919136439749632,0.19301567662990177
2021-10-07 09:00:00,0.28661087866108786,-0.019920318725099695,0.1520476545048397,0.038386002499553706,0.15271361453193913,0.00033407572383073496,0.5,-0.05512525252457878,0.43047409965891636,0.6764362999341709,0.5434687993348174,0.13737007196107656,0.12370052959548562
2021-10-07 09:10:00,0.24476987447698745,0.2589641434262948,0.15889798957557688,0.03517229066238192,0.16010783787674548,0.00033407572383073496,0.5,-0.05512525252457878,0.43047409965891636,0.6764362999341709,0.5434687993348174,0.13737007196107656,0.09258868083950693
2021-10-07 09:20:00,0.23221757322175732,-0.3067729083665339,0.16157855547282196,0.04017139796464919,0.16646817866537542,0.00022271714922048998,0.5,-0.05512525252457878,0.43047409965891636,0.6764362999341709,0.5434687993348174,0.13737007196107656,0.08429772017441949
2021-10-07 09:30:00,0.23709902370990238,0.09163346613545809,0.16604616530156346,0.04017139796464919,0.16646817866537542,0.00033407572383073496,0.5,-0.05512525252457878,0.43047409965891636,0.6764362999341709,0.5434687993348174,0.13737007196107656,0.08763221026902243
2021-10-07 09:40:00,0.1492329149232915,-0.17131474103585675,0.1669396872673119,0.04267095161578305,0.15389145541872243,0.00033407572383073496,0.5,-0.05512525252457878,0.43047409965891636,0.6764362999341709,0.5434687993348174,0.13737007196107656,0.03983282284955565
2021-10-07 09:50:00,0.14783821478382148,0.14741035856573692,0.17647058823529393,0.050883770755222324,0.16302626585177526,0.00022271714922048998,0.5,-0.05512525252457878,0.43047409965891636,0.6764362999341709,0.5434687993348174,0.13737007196107656,0.03579673189794348
2021-10-07 10:00:00,0.12412831241283125,0.13147410358565725,0.18272524199553208,0.06123906445277627,0.18327204198348407,0.00022271714922048998,0.5,0.16193041678354136,0.4560339303519763,0.3657460088107917,0.502123996283332,0.14096003874507884,0.01916954599634866
2021-10-07 10:10:00,0.15829846582984658,-0.31474103585657376,0.18421444527177955,0.06980896268523495,0.1855884623941579,0.00033407572383073496,0.5,0.16193041678354136,0.4560339303519763,0.3657460088107917,0.502123996283332,0.14096003874507884,0.04115303951597085
2021-10-07 10:20:00,0.2629009762900976,-0.36254980079681276,0.1868950111690244,0.07016604177825392,0.1855884623941579,0.00033407572383073496,0.5,0.16193041678354136,0.4560339303519763,0.3657460088107917,0.502123996283332,0.14096003874507884,0.10806162016989304
2021-10-07 10:30:00,0.2831241283124128,0.5617529880478087,0.19166046165301553,0.06516693447598643,0.178822420855636,0.00033407572383073496,0.5,0.16193041678354136,0.4560339303519763,0.3657460088107917,0.502123996283332,0.14096003874507884,0.13305520768894188
2021-10-07 10:40:00,0.27475592747559274,0.09163346613545809,0.1973194341027551,0.06445277628994828,0.20368795068772821,0.00033407572383073496,0.5,0.16193041678354136,0.4560339303519763,0.3657460088107917,0.502123996283332,0.14096003874507884,0.1357635378789022
2021-10-07 10:50:00,0.37796373779637377,-0.03585657370517936,0.2014892032762472,0.0687377254061774,0.22059651097355093,0.00033407572383073496,0.5,0.16193041678354136,0.4560339303519763,0.3657460088107917,0.502123996283332,0.14096003874507884,0.2497397287143353
2021-10-07 11:00:00,0.502092050209205,-0.01195219123505975,0.20387192851824265,0.07088019996429229,0.2215649579249061,0.00022271714922048998,0.5,0.20520961916441838,0.46688428681032196,0.3138439047488973,0.3887098004423335,0.2084853025958986,0.48778610981185033
2021-10-07 11:10:00,0.3821478382147839,-0.15537848605577698,0.20178704393149638,0.07766470273165504,0.2175341246679143,0.00022271714922048998,0.5,0.20520961916441838,0.46688428681032196,0.3138439047488973,0.3887098004423335,0.2084853025958986,0.2529761455708617
2021-10-07 11:20:00,0.3891213389121339,-0.043824701195219196,0.2023827252419954,0.08444920549901802,0.20795435212207666,0.00033407572383073496,0.5,0.20520961916441838,0.46688428681032196,0.3138439047488973,0.3887098004423335,0.2084853025958986,0.25756295547474994
2021-10-07 11:30:00,0.2733612273361227,0.12350597609561742,0.20774385703648535,0.09266202463845752,0.17808954208163746,0.00022271714922048998,0.5,0.20520961916441838,0.46688428681032196,0.3138439047488973,0.3887098004423335,0.2084853025958986,0.13939979178297146
2021-10-07 11:40:00,0.2635983263598326,0.003984063745019917,0.21548771407297096,0.10337439742903043,0.1997618143984505,0.00022271714922048998,0.5,0.20520961916441838,0.46688428681032196,0.3138439047488973,0.3887098004423335,0.2084853025958986,0.10552680417037584
2021-10-07 11:50:00,0.3075313807531381,0.12350597609561742,0.2217423678332091,0.11123013747545074,0.1822381594273076,0.00022271714922048998,0.5,0.20520961916441838,0.46688428681032196,0.3138439047488973,0.3887098004423335,0.2084853025958986,0.16698854806343075
2021-10-07 12:00:00,0.3179916317991632,-0.2749003984063746,0.22829486224869666,0.11158721656847015,0.20474800748583322,0.00022271714922048998,0.5,0.2256481589261372,0.4601344225834556,0.3295654320931293,0.3810988210005762,0.34718860196517154,0.16065905215987447
2021-10-07 12:10:00,0.298465829846583,0.5378486055776892,0.2327624720774384,0.11337261203356541,0.18844145476436638,0.00022271714922048998,0.5,0.2256481589261372,0.4601344225834556,0.3295654320931293,0.3810988210005762,0.34718860196517154,0.1573094738747982
2021-10-07 12:20:00,0.2705718270571827,0.346613545816733,0.23961280714817557,0.11801464024281394,0.2087526665008965,0.00033407572383073496,0.5,0.2256481589261372,0.4601344225834556,0.3295654320931293,0.3810988210005762,0.34718860196517154,0.12344403035743923
2021-10-07 12:30:00,0.3403068340306834,-0.6175298804780878,0.24348473566641826,0.12979825031244419,0.2177042572404497,0.00033407572383073496,0.5,0.2256481589261372,0.4601344225834556,0.3295654320931293,0.3810988210005762,0.34718860196517154,0.1810281092988518
2021-10-07 12:40:00,0.3075313807531381,-0.059760956175298974,0.24616530156366334,0.13872522763792183,0.19833531821334627,0.00044543429844097997,0.5,0.2256481589261372,0.4601344225834556,0.3295654320931293,0.3810988210005762,0.34718860196517154,0.15852407320790018
2021-10-07 12:50:00,0.39191073919107394,0.43426294820717115,0.25152643335815306,0.13979646491697917,0.21663111332138044,0.00033407572383073496,0.5,0.2256481589261372,0.4601344225834556,0.3295654320931293,0.3810988210005762,0.34718860196517154,0.2725002640433333
2021-10-07 13:00:00,0.3284518828451883,-0.1394422310756973,0.2524199553239015,0.13479735761471168,0.2284749577940349,0.00033407572383073496,0.5,0.3446639559499076,0.44994209886582887,0.25178386257305607,0.35446580387968374,0.3869935942367052,0.17285031006231424
2021-10-07 13:10:00,0.31241283124128316,-0.08366533864541836,0.2530156366344005,0.14443849312622747,0.2105325149520357,0.00033407572383073496,0.5,0.3446639559499076,0.44994209886582887,0.25178386257305607,0.35446580387968374,0.3869935942367052,0.15498589254190745
2021-10-07 13:20:00,0.33333333333333337,0.24302788844621515,0.257483246463142,0.14800928405641844,0.20872649225896797,0.00033407572383073496,0.5,0.3446639559499076,0.44994209886582887,0.25178386257305607,0.35446580387968374,0.3869935942367052,0.19886235043831196
2021-10-07 13:30:00,0.3598326359832636,-0.2509960159362551,0.26165301563663435,0.14479557221924666,0.19036526154611247,0.00033407572383073496,0.5,0.3446639559499076,0.44994209886582887,0.25178386257305607,0.35446580387968374,0.3869935942367052,0.22352399776694784
2021-10-07 13:40:00,0.36192468619246865,0.21912350597609564,0.2685033507073715,0.15443670773076223,0.2068026854772219,0.00044543429844097997,0.5,0.3446639559499076,0.44994209886582887,0.25178386257305607,0.35446580387968374,0.3869935942367052,0.2531421156660682
2021-10-07 13:50:00,0.3200836820083682,0.14741035856573692,0.27029039463886795,0.16229244777718255,0.19580950386724424,0.00033407572383073496,0.5,0.3446639559499076,0.44994209886582887,0.25178386257305607,0.35446580387968374,0.3869935942367052,0.1737782337764232
2021-10-07 14:00:00,0.3207810320781032,0.24302788844621515,0.27773641102010416,0.16229244777718255,0.22922092368899766,0.00044543429844097997,0.5,0.3417081051009214,0.41321007910760504,0.2701357684688602,0.3211815888313904,0.366321995933172,0.1676147079680734
2021-10-07 14:10:00,0.299163179916318,0.05179282868525892,0.27773641102010416,0.16550615961435455,0.2172200337647721,0.00022271714922048998,0.5,0.3417081051009214,0.41321007910760504,0.2701357684688602,0.3211815888313904,0.366321995933172,0.1467930051148966
2021-10-07 14:20:00,0.2831241283124128,-0.13147410358565736,0.2825018615040953,0.17229066238171753,0.22084516627187184,0.00022271714922048998,0.5,0.3417081051009214,0.41321007910760504,0.2701357684688602,0.3211815888313904,0.366321995933172,0.12649938892828583
2021-10-07 14:30:00,0.3242677824267783,0.2828685258964143,0.2917349218168279,0.1730048205677559,0.2090013217992174,0.00033407572383073496,0.5,0.3417081051009214,0.41321007910760504,0.2701357684688602,0.3211815888313904,0.366321995933172,0.1906468307255911
2021-10-07 14:40:00,0.2210599721059972,0.05976095617529875,0.2985852568875649,0.17479021603285116,0.22240253366661866,0.00033407572383073496,0.5,0.3417081051009214,0.41321007910760504,0.2701357684688602,0.3211815888313904,0.366321995933172,0.07777207779471008
2021-10-07 14:50:00,0.15481171548117156,-0.17131474103585675,0.302755026061057,0.18514550973040533,0.2076926097027915,0.03864142538975501,0.5,0.3417081051009214,0.41321007910760504,0.2701357684688602,0.3211815888313904,0.366321995933172,0.0
2021-10-07 15:00:00,0.14783821478382148,-0.33067729083665354,0.3000744601638121,0.18300303517229088,0.22888065854392695,0.8250556792873052,0.5,0.3395421221170005,0.3859031571204039,0.27796172166404987,0.312277484140611,0.3599693906434755,0.0
2021-10-07 15:10:00,0.14295676429567641,-0.4900398406374502,0.31705137751303036,0.21371183717193376,0.22888065854392695,0.9995545657015591,0.5,0.3395421221170005,0.3859031571204039,0.27796172166404987,0.312277484140611,0.3599693906434755,0.0
2021-10-07 15:20:00,0.12622036262203626,-0.649402390438247,0.32777364110201024,0.23263702910194617,0.22888065854392695,0.9995545657015591,0.5,0.3395421221170005,0.3859031571204039,0.27796172166404987,0.312277484140611,0.3599693906434755,0.0
2021-10-07 15:30:00,0.1806136680613668,-0.8087649402390438,0.33283693224125077,0.23727905731119447,0.20091348104330528,0.7619153674832962,0.5,0.3395421221170005,0.3859031571204039,0.27796172166404987,0.312277484140611,0.3599693906434755,0.0
2021-10-07 15:40:00,0.1199442119944212,-0.35856573705179284,0.33581533879374503,0.24406356007855767,0.17627043226760544,0.9995545657015591,0.5,0.3395421221170005,0.3859031571204039,0.27796172166404987,0.312277484140611,0.3599693906434755,0.0
2021-10-07 15:50:00,0.1415620641562064,0.09163346613545809,0.3379002233804913,0.2497768255668631,0.17627043226760544,0.9995545657015591,0.5,0.3395421221170005,0.3859031571204039,0.27796172166404987,0.312277484140611,0.3599693906434755,0.0
2021-10-07 16:00:00,0.16945606694560672,-0.3545816733067729,0.3459419210722261,0.2576325656132834,0.17627043226760544,0.9995545657015591,0.5,0.3666903695955903,0.36014792805891815,0.2651493103150481,0.3024777153656033,0.35001290080016045,0.0
2021-10-07 16:10:00,0.11157601115760113,-0.8007968127490039,0.35547282204020836,0.2604891983574362,0.17627043226760544,0.9995545657015591,0.5,0.3666903695955903,0.36014792805891815,0.2651493103150481,0.3024777153656033,0.35001290080016045,0.0
2021-10-07 16:20:00,0.13737796373779637,-0.059760956175298974,0.3635145197319434,0.26691662203178,0.17627043226760544,0.9995545657015591,0.5,0.3666903695955903,0.36014792805891815,0.2651493103150481,0.3024777153656033,0.35001290080016045,0.0
2021-10-07 16:30:00,0.1708507670850767,0.09163346613545809,0.37006701414743093,0.27298696661310484,0.17627043226760544,0.9995545657015591,0.5,0.3666903695955903,0.36014792805891815,0.2651493103150481,0.3024777153656033,0.35001290080016045,0.0
2021-10-07 16:40:00,0.22454672245467225,0.3067729083665336,0.37870439314966475,0.27584359935725766,0.17627043226760544,0.8150334075723831,0.5,0.3666903695955903,0.36014792805891815,0.2651493103150481,0.3024777153656033,0.35001290080016045,0.0
2021-10-07 16:50:00,0.1708507670850767,-0.3227091633466136,0.3849590469099031,0.28119978575254434,0.17627043226760544,0.000779510022271715,0.5,0.3666903695955903,0.36014792805891815,0.2651493103150481,0.3024777153656033,0.35001290080016045,0.041839552182506755
2021-10-07 17:00:00,0.19107391910739194,-0.02788844621513953,0.3930007446016379,0.3076236386359579,0.1704074020756174,0.00033407572383073496,0.5,0.3676919295195853,0.34292988359429577,0.26429014462770356,0.31691152348681306,0.34064763509811363,0.05338201789459391
2021-10-07 17:10:00,0.28033472803347276,0.019920318725099362,0.4001489203276245,0.3311908587752188,0.18516967452330163,0.00022271714922048998,0.5,0.3676919295195853,0.34292988359429577,0.26429014462770356,0.31691152348681306,0.34064763509811363,0.11485884997812212
2021-10-07 17:20:00,0.301952580195258,-0.03585657370517936,0.3962769918093818,0.32440635600785583,0.1952467576657811,0.00033407572383073496,0.5,0.3676919295195853,0.34292988359429577,0.26429014462770356,0.31691152348681306,0.34064763509811363,0.13768728216425005
2021-10-07 17:30:00,0.2482566248256625,0.01195219123505975,0.35577066269545776,0.26798785931083735,0.18091636020991742,0.00033407572383073496,0.5,0.3676919295195853,0.34292988359429577,0.26429014462770356,0.31691152348681306,0.34064763509811363,0.10126439036166392
2021-10-07 17:40:00,0.2377963737796374,0.019920318725099362,0.33968726731198795,0.235493661846099,0.186452212377799,0.00033407572383073496,0.5,0.3676919295195853,0.34292988359429577,0.26429014462770356,0.31691152348681306,0.34064763509811363,0.08966911598292017
2021-10-07 17:50:00,0.3319386331938633,0.31474103585657365,0.33998510796723735,0.2240671308694877,0.1901296933687558,0.00022271714922048998,0.5,0.3676919295195853,0.34292988359429577,0.26429014462770356,0.31691152348681306,0.34064763509811363,0.1751361709190217
2021-10-07 18:00:00,0.3270571827057183,0.019920318725099362,0.3414743112434846,0.21906802356722022,0.19020821609454136,0.00022271714922048998,0.5,0.23320473493799487,0.34724588873212464,0.41258480535997655,0.38128277437773545,0.3423082692349398,0.17309926520512395
2021-10-07 18:10:00,0.3758716875871687,-0.03585657370517936,0.33641102010424406,0.2158543117300482,0.17866537540406488,0.00033407572383073496,0.5,0.23320473493799487,0.34724588873212464,0.41258480535997655,0.38128277437773545,0.3423082692349398,0.24155438538256108
2021-10-07 18:20:00,0.36750348675034866,0.09163346613545809,0.32866716306775867,0.2112122835207999,0.17651908756592635,0.00022271714922048998,0.5,0.23320473493799487,0.34724588873212464,0.41258480535997655,0.38128277437773545,0.3423082692349398,0.2086319537697844
2021-10-07 18:30:00,0.4107391910739191,-0.14741035856573714,0.3185405807892776,0.20906980896268523,0.19230215544882281,0.00022271714922048998,0.5,0.23320473493799487,0.34724588873212464,0.41258480535997655,0.38128277437773545,0.3423082692349398,0.27815079137559034
2021-10-07 18:40:00,0.41841004184100417,-0.298804780876494,0.311392405063291,0.20121406891626492,0.1891743335383649,0.00022271714922048998,0.5,0.23320473493799487,0.34724588873212464,0.41258480535997655,0.38128277437773545,0.3423082692349398,0.30153748660923096
2021-10-07 18:50:00,0.39051603905160387,-0.2589641434262948,0.302755026061057,0.1922870915907875,0.1827485571449137,0.00022271714922048998,0.5,0.23320473493799487,0.34724588873212464,0.41258480535997655,0.38128277437773545,0.3423082692349398,0.27003334490094605
2021-10-07 19:00:00,0.3179916317991632,-0.2589641434262948,0.2944154877140728,0.18336011426530985,0.17799793223488766,0.00022271714922048998,0.5,0.23337573622775887,0.3648978325148627,0.4024602193605347,0.3677426775256233,0.33451307116077966,0.18309519139369615
2021-10-07 19:10:00,0.4086471408647141,0.3306772908366533,0.2866716306775874,0.17550437421888954,0.17799793223488766,0.00033407572383073496,0.5,0.23337573622775887,0.3648978325148627,0.4024602193605347,0.3677426775256233,0.33451307116077966,0.2788825686135462
2021-10-07 19:20:00,0.46722454672245467,0.17131474103585642,0.27862993298585237,0.1680057132654884,0.18556228815222942,0.00022271714922048998,0.5,0.23337573622775887,0.3648978325148627,0.4024602193605347,0.3677426775256233,0.33451307116077966,0.3739532567859137
2021-10-07 19:30:00,0.38633193863319387,-0.3067729083665339,0.27326880119136243,0.1647920014283164,0.18314117077384146,0.00033407572383073496,0.5,0.23337573622775887,0.3648978325148627,0.4024602193605347,0.3677426775256233,0.33451307116077966,0.2637491135688097
2021-10-07 19:40:00,0.25174337517433754,-0.47410358565737054,0.26909903201787033,0.16264952687020195,0.17808954208163746,0.00022271714922048998,0.5,0.23337573622775887,0.3648978325148627,0.4024602193605347,0.3677426775256233,0.33451307116077966,0.11513798150187848
2021-10-07 19:50:00,0.33472803347280333,-0.2589641434262948,0.2673119880863737,0.16336368505623988,0.16447893627880802,0.00022271714922048998,0.5,0.23337573622775887,0.3648978325148627,0.4024602193605347,0.3677426775256233,0.33451307116077966,0.17466089291911222
2021-10-07 20:00:00,0.29288702928870297,-0.4820717131474104,0.2646314221891286,0.16086413140510625,0.1642041067385586,0.00022271714922048998,0.5,0.22733372400918817,0.3530676107089799,0.4038697583442743,0.3879400929340417,0.304290941070751,0.13519773073615282
2021-10-07 20:10:00,0.27266387726638774,-0.42629482071713154,0.2613551749813847,0.15229423317264779,0.1642041067385586,0.00022271714922048998,0.5,0.22733372400918817,0.3530676107089799,0.4038697583442743,0.3879400929340417,0.304290941070751,0.11463252712102237
2021-10-07 20:20:00,0.29288702928870297,-0.4103585657370519,0.25867460908413986,0.14872344224245682,0.1642041067385586,0.00022271714922048998,0.5,0.22733372400918817,0.3530676107089799,0.4038697583442743,0.3879400929340417,0.304290941070751,0.1299545845466753
2021-10-07 20:30:00,0.2315202231520223,0.38645418326693215,0.255398361876396,0.14193893947509362,0.1642041067385586,0.00022271714922048998,0.5,0.22733372400918817,0.3530676107089799,0.4038697583442743,0.3879400929340417,0.304290941070751,0.10203388807580308
2021-10-07 20:40:00,0.2670850767085077,0.36254980079681287,0.2524199553239015,0.13979646491697917,0.1642041067385586,0.00022271714922048998,0.5,0.22733372400918817,0.3530676107089799,0.4038697583442743,0.3879400929340417,0.304290941070751,0.12926052778490277
2021-10-07 20:50:00,0.32496513249651326,-0.1872509960159363,0.25033507073715544,0.13408319942867353,0.1642041067385586,0.00011135857461024499,0.5,0.22733372400918817,0.3530676107089799,0.4038697583442743,0.3879400929340417,0.304290941070751,0.17355191091932345
2021-10-07 21:00:00,0.33891213389121344,-0.36254980079681276,0.24676098287416215,0.12944117121942522,0.1642041067385586,0.00011135857461024499,0.5,0.21625132620222032,0.3661822894367065,0.4091803533979908,0.45114105607215593,0.29914105092814114,0.17978333358480317
2021-10-07 21:10:00,0.33751743375174337,-0.38645418326693237,0.2446760982874161,0.1283699339403679,0.1642041067385586,0.00011135857461024499,0.5,0.21625132620222032,0.3661822894367065,0.4091803533979908,0.45114105607215593,0.29914105092814114,0.1791269972992139
2021-10-07 21:20:00,0.37517433751743373,0.07569721115537842,0.24080416976917318,0.12408498482413854,0.15482064100718484,0.00033407572383073496,0.5,0.21625132620222032,0.3661822894367065,0.4091803533979908,0.45114105607215593,0.29914105092814114,0.23293148452706067
2021-10-07 21:30:00,0.401673640167364,-0.21115537848605592,0.23574087862993265,0.11801464024281394,0.15263509180615356,0.00022271714922048998,0.5,0.21625132620222032,0.3661822894367065,0.4091803533979908,0.45114105607215593,0.29914105092814114,0.2884786577545755
2021-10-07 21:40:00,0.48326359832635984,-0.11553784860557781,0.22829486224869666,0.12015711480092839,0.16314404994045362,0.00022271714922048998,0.5,0.21625132620222032,0.3661822894367065,0.4091803533979908,0.45114105607215593,0.29914105092814114,0.4170903933491257
2021-10-07 21:50:00,0.496513249651325,-0.23505976095617542,0.22084884586746067,0.1151580074986609,0.17400636034078865,0.00022271714922048998,0.5,0.21625132620222032,0.3661822894367065,0.4091803533979908,0.45114105607215593,0.29914105092814114,0.4407335878208127
2021-10-07 22:00:00,0.5055788005578801,-0.23505976095617542,0.21459419210722253,0.1137296911265846,0.17111410660768736,0.00022271714922048998,0.5,0.12787704583681725,0.36176571160925036,0.4393607198578363,0.4593236226945367,0.28249315937538644,0.46073298429319376
2021-10-07 22:10:00,0.5146443514644351,0.01195219123505975,0.20774385703648535,0.11123013747545074,0.17090471267225923,0.00022271714922048998,0.5,0.12787704583681725,0.36176571160925036,0.4393607198578363,0.4593236226945367,0.28249315937538644,0.4936554159059704
2021-10-07 22:20:00,0.4288702928870293,-0.2270916334661356,0.20357408786299303,0.11480092840564193,0.1661802620041617,0.00022271714922048998,0.5,0.12787704583681725,0.36176571160925036,0.4393607198578363,0.4593236226945367,0.28249315937538644,0.32147653031971873
2021-10-07 22:30:00,0.4386331938633194,0.3306772908366533,0.19910647803425152,0.11622924477771823,0.16392927719830916,0.00022271714922048998,0.5,0.12787704583681725,0.36176571160925036,0.4393607198578363,0.4593236226945367,0.28249315937538644,0.3484617589812454
2021-10-07 22:40:00,0.4818688981868898,0.13147410358565725,0.19583023082650763,0.10801642563827896,0.18058918218581096,0.00022271714922048998,0.5,0.12787704583681725,0.36176571160925036,0.4393607198578363,0.4593236226945367,0.28249315937538644,0.42587172020459585
2021-10-07 22:50:00,0.4246861924686192,-0.29083665338645437,0.1943410275502604,0.10444563470808776,0.1851435002813731,0.00022271714922048998,0.5,0.12787704583681725,0.36176571160925036,0.4393607198578363,0.4593236226945367,0.28249315937538644,0.3293450216515533
2021-10-07 23:00:00,0.43096234309623427,0.1633466135458166,0.19285182427401315,0.10730226745224059,0.17544594364685712,0.00022271714922048998,0.5,0.07246499009579987,0.365863330335309,0.48321963813082575,0.42419528114276855,0.24584979964092843,0.3303332981275556
2021-10-07 23:10:00,0.4121338912133891,-0.06772908366533881,0.1910647803425165,0.10337439742903043,0.17850832995249374,0.00022271714922048998,0.5,0.07246499009579987,0.365863330335309,0.48321963813082575,0.42419528114276855,0.24584979964092843,0.3033631576565023
2021-10-07 23:20:00,0.4086471408647141,0.003984063745019917,0.1868950111690244,0.1008748437778968,0.17387548913114606,0.00022271714922048998,0.5,0.07246499009579987,0.365863330335309,0.48321963813082575,0.42419528114276855,0.24584979964092843,0.30086606213316835
2021-10-07 23:30:00,0.4281729428172943,-0.02788844621513953,0.1868950111690244,0.094447420103553,0.1734436141393255,0.00033407572383073496,0.5,0.07246499009579987,0.365863330335309,0.48321963813082575,0.42419528114276855,0.24584979964092843,0.3346560646981608
2021-10-07 23:40:00,0.3842398884239888,-0.42629482071713154,0.18421444527177955,0.09373326191751485,0.16264673934381174,0.00022271714922048998,0.5,0.07246499009579987,0.365863330335309,0.48321963813082575,0.42419528114276855,0.24584979964092843,0.2593207296648913
2021-10-07 23:50:00,0.3507670850767085,-0.17131474103585675,0.18034251675353663,0.09516157828959115,0.1534595804269019,0.00033407572383073496,0.5,0.07246499009579987,0.365863330335309,0.48321963813082575,0.42419528114276855,0.24584979964092843,0.20276264767566424
2021-10-08 00:00:00,0.35948396094839613,-0.1354581673306774,0.17915112434847336,0.08516339939296547,0.1524649592336182,0.00033407572383073496,0.5,0.06810854296028013,0.36522253862709736,0.49448314177425895,0.44648350157708727,0.22357319632037778,0.2136299168640705
2021-10-08 00:10:00,0.3682008368200837,-0.09960159362549814,0.17795979151154118,0.07516514908052141,0.15147033804033452,0.00033407572383073496,0.5,0.06810854296028013,0.36522253862709736,0.49448314177425895,0.44648350157708727,0.22357319632037778,0.22449718605247673
2021-10-08 00:20:00,0.4093444909344491,0.003984063745019917,0.17587490692479513,0.07730762363863608,0.15147033804033452,0.00033407572383073496,0.5,0.06810854296028013,0.36522253862709736,0.49448314177425895,0.44648350157708727,0.22357319632037778,0.2872866907071835
2021-10-08 00:30:00,0.4065550906555091,-0.059760956175298974,0.1746835443037973,0.07123727905731125,0.15147033804033452,0.00033407572383073496,0.5,0.06810854296028013,0.36522253862709736,0.49448314177425895,0.44648350157708727,0.22357319632037778,0.2846236250886431
2021-10-08 00:40:00,0.3563458856345886,-0.20318725099601598,0.17021593447505579,0.0687377254061774,0.15147033804033452,0.00022271714922048998,0.5,0.06810854296028013,0.36522253862709736,0.49448314177425895,0.44648350157708727,0.22357319632037778,0.2157309473874798
2021-10-08 00:50:00,0.3235704323570432,-0.4103585657370519,0.16902457185405795,0.06552401356900561,0.15147033804033452,0.00022271714922048998,0.5,0.06810854296028013,0.36522253862709736,0.49448314177425895,0.44648350157708727,0.22357319632037778,0.1717865926339454
2021-10-08 01:00:00,0.33472803347280333,-0.17131474103585675,0.1672375279225613,0.061596143545795234,0.15147033804033452,0.00022271714922048998,0.5,0.03688888384886635,0.3591651892059645,0.4799479605562423,0.4386656050987621,0.22518129655243604,0.1832687055841393
2021-10-08 01:10:00,0.3486750348675035,-0.21115537848605592,0.16455696202531622,0.059453668987680786,0.15147033804033452,0.00022271714922048998,0.5,0.03688888384886635,0.3591651892059645,0.4799479605562423,0.4386656050987621,0.22518129655243604,0.2019026208186852
2021-10-08 01:20:00,0.37866108786610875,-0.019920318725099695,0.16068503350707353,0.054454561685413294,0.15147033804033452,0.00033407572383073496,0.5,0.03688888384886635,0.3591651892059645,0.4799479605562423,0.4386656050987621,0.22518129655243604,0.2478084403337508
2021-10-08 01:30:00,0.3716875871687587,-0.05179282868525903,0.15889798957557688,0.05231208712729862,0.15147033804033452,0.00033407572383073496,0.5,0.03688888384886635,0.3591651892059645,0.4799479605562423,0.4386656050987621,0.22518129655243604,0.23010999290855047
2021-10-08 01:40:00,0.40585774058577406,-0.019920318725099695,0.15711094564408024,0.04874129619710765,0.15147033804033452,0.00022271714922048998,0.5,0.03688888384886635,0.3591651892059645,0.4799479605562423,0.4386656050987621,0.22518129655243604,0.2856571661360653
2021-10-08 01:50:00,0.45676429567642957,0.05976095617529875,0.15323901712583754,0.04374218889484016,0.15147033804033452,0.00022271714922048998,0.5,0.03688888384886635,0.3591651892059645,0.4799479605562423,0.4386656050987621,0.22518129655243604,0.35415755088492235
2021-10-08 02:00:00,0.48884239888423986,0.3705179282868525,0.1478778853313476,0.04017139796464919,0.15147033804033452,0.00022271714922048998,0.5,0.03601760109238028,0.36178295264175764,0.5352825425014366,0.4091768128285319,0.23503136257136664,0.4326312295366417
2021-10-08 02:10:00,0.4951185495118549,0.3784860557768923,0.1434102755026061,0.03731476522049637,0.15374749708811558,0.00022271714922048998,0.5,0.03601760109238028,0.36178295264175764,0.5352825425014366,0.4091768128285319,0.23503136257136664,0.45450156162771405
2021-10-08 02:20:00,0.4393305439330544,-0.2589641434262948,0.13715562174236773,0.039100160685591856,0.1626990878276688,0.00022271714922048998,0.5,0.03601760109238028,0.36178295264175764,0.5352825425014366,0.4091768128285319,0.23503136257136664,0.3577334520270984
2021-10-08 02:30:00,0.4198047419804742,-0.20318725099601598,0.1317944899478778,0.04017139796464919,0.1626990878276688,0.00022271714922048998,0.5,0.03601760109238028,0.36178295264175764,0.5352825425014366,0.4091768128285319,0.23503136257136664,0.32069948851034297
2021-10-08 02:40:00,0.4211994421199442,-0.01195219123505975,0.12732688011913607,0.04017139796464919,0.1626990878276688,0.00022271714922048998,0.5,0.03601760109238028,0.36178295264175764,0.5352825425014366,0.4091768128285319,0.23503136257136664,0.30694660289391495
2021-10-08 02:50:00,0.45188284518828453,0.40239043824701204,0.1243484735666418,0.032672737011248065,0.1626990878276688,0.00022271714922048998,0.5,0.03601760109238028,0.36178295264175764,0.5352825425014366,0.4091768128285319,0.23503136257136664,0.3523846885043077
2021-10-08 03:00:00,0.46373779637377965,0.49800796812749004,0.12256142963514494,0.024102838778789604,0.1626990878276688,0.00022271714922048998,0.5,0.03320833707165871,0.36024850074854964,0.5472931081469578,0.3992750094629398,0.2380813984208564,0.387125247069119
2021-10-08 03:10:00,0.36541143654114366,0.2589641434262948,0.117200297840655,0.019460810569541076,0.17199094371229276,0.00033407572383073496,0.5,0.03320833707165871,0.36024850074854964,0.5472931081469578,0.3992750094629398,0.2380813984208564,0.2340253783363761
2021-10-08 03:20:00,0.30613668061366806,0.24302788844621515,0.11511541325390895,0.01624709873236929,0.17396709897789586,0.00033407572383073496,0.5,0.03320833707165871,0.36024850074854964,0.5472931081469578,0.3992750094629398,0.2380813984208564,0.15524239177995383
2021-10-08 03:30:00,0.37447698744769875,0.019920318725099362,0.11034996276991804,0.00839135868594898,0.18039287537134707,0.00033407572383073496,0.5,0.03320833707165871,0.36024850074854964,0.5472931081469578,0.3992750094629398,0.2380813984208564,0.22590038776649518
2021-10-08 03:40:00,0.35006973500697347,0.1872509960159361,0.10647803425167512,0.004463488662738824,0.17452984517935902,0.00044543429844097997,0.5,0.03320833707165871,0.36024850074854964,0.5472931081469578,0.3992750094629398,0.2380813984208564,0.198507777962189
2021-10-08 03:50:00,0.3682008368200837,0.2589641434262948,0.10379746835443027,-0.0008926977325478536,0.17391475049403884,0.00033407572383073496,0.5,0.03320833707165871,0.36024850074854964,0.5472931081469578,0.3992750094629398,0.2380813984208564,0.23020052205139038
2021-10-08 04:00:00,0.3591352859135286,0.05179282868525892,0.09843633655994011,-0.0030351722906623024,0.17391475049403884,0.00022271714922048998,0.5,0.0024935436757038687,0.3543980437175127,0.5799368389576032,0.4451674307502783,0.23936952833194497,0.20882055615070086
2021-10-08 04:10:00,0.4205020920502092,0.2749003984063745,0.09337304542069957,-0.005534725941796048,0.17391475049403884,0.00033407572383073496,0.5,0.0024935436757038687,0.3543980437175127,0.5799368389576032,0.4451674307502783,0.23936952833194497,0.3211295019388325
2021-10-08 04:20:00,0.49442119944211993,-0.059760956175298974,0.09158600148920315,-0.01053383324406354,0.18212037533862924,0.00022271714922048998,0.5,0.0024935436757038687,0.3543980437175127,0.5799368389576032,0.4451674307502783,0.23936952833194497,0.45980506057908477
2021-10-08 04:30:00,0.5202231520223152,-0.2749003984063746,0.09158600148920315,-0.006605963220853384,0.1851435002813731,0.00033407572383073496,0.5,0.0024935436757038687,0.3543980437175127,0.5799368389576032,0.4451674307502783,0.23936952833194497,0.5032137845708164
2021-10-08 04:40:00,0.5411436541143654,-0.2509960159362551,0.08979895755770673,-0.0016068559185858922,0.1851435002813731,0.00033407572383073496,0.5,0.0024935436757038687,0.3543980437175127,0.5799368389576032,0.4451674307502783,0.23936952833194497,0.5453777328484994
2021-10-08 04:50:00,0.5264993026499303,-0.2828685258964144,0.08682055100521202,0.001963935011605189,0.18077240187931057,0.00011135857461024499,0.5,0.0024935436757038687,0.3543980437175127,0.5799368389576032,0.4451674307502783,0.23936952833194497,0.5517374051330024
2021-10-08 05:00:00,0.4686192468619247,0.09163346613545809,0.08294862248696933,0.0008926977325478536,0.17391475049403884,0.00022271714922048998,0.5,-0.0015371771879543195,0.3298554339424209,0.5720528048938077,0.49998695655104786,0.22292350265278782,0.42879128506118264
2021-10-08 05:10:00,0.4804741980474198,0.19521912350597592,0.08086373790022328,0.0008926977325478536,0.17391475049403884,0.00022271714922048998,0.5,-0.0015371771879543195,0.3298554339424209,0.5720528048938077,0.49998695655104786,0.22292350265278782,0.4570363776272312
2021-10-08 05:20:00,0.5425383542538355,0.027888446215139417,0.07669396872673095,0.0008926977325478536,0.1803274397665258,0.00022271714922048998,0.5,-0.0015371771879543195,0.3298554339424209,0.5720528048938077,0.49998695655104786,0.22292350265278782,0.5725213875099959
2021-10-08 05:30:00,0.5627615062761506,-0.29083665338645437,0.07669396872673095,0.0008926977325478536,0.1851435002813731,0.00033407572383073496,0.5,-0.0015371771879543195,0.3298554339424209,0.5720528048938077,0.49998695655104786,0.22292350265278782,0.6139233821687765
2021-10-08 05:40:00,0.5223152022315203,-0.08366533864541836,0.07669396872673095,0.0008926977325478536,0.17593016712253473,0.00022271714922048998,0.5,-0.0015371771879543195,0.3298554339424209,0.5720528048938077,0.49998695655104786,0.22292350265278782,0.5430767838013187
2021-10-08 05:50:00,0.5251046025104603,-0.11553784860557781,0.07609828741623215,0.005177646848776973,0.17387548913114606,0.00022271714922048998,0.5,-0.0015371771879543195,0.3298554339424209,0.5720528048938077,0.49998695655104786,0.22292350265278782,0.5582705916079485
2021-10-08 06:00:00,0.603905160390516,-0.31474103585657376,0.07371556217423669,0.008034279592929794,0.17387548913114606,0.00011135857461024499,0.5,-0.06864235915740768,0.33495015904852393,0.6466288938118132,0.5584444503691489,0.17464802024690002,0.6865805633930323
2021-10-08 06:10:00,0.5509065550906556,-0.3784860557768924,0.0704393149664928,0.008034279592929794,0.1704728376804387,0.00033407572383073496,0.5,-0.06864235915740768,0.33495015904852393,0.6466288938118132,0.5584444503691489,0.17464802024690002,0.5623594912262172
2021-10-08 06:20:00,0.5264993026499303,0.13147410358565725,0.06478034251675346,0.008034279592929794,0.16260747798091899,0.00022271714922048998,0.5,-0.06864235915740768,0.33495015904852393,0.6466288938118132,0.5584444503691489,0.17464802024690002,0.5678591366537411
2021-10-08 06:30:00,0.5808926080892608,0.3784860557768923,0.05912137006701412,0.0026780931976433386,0.16260747798091899,0.00011135857461024499,0.5,-0.06864235915740768,0.33495015904852393,0.6466288938118132,0.5584444503691489,0.17464802024690002,0.6712132413959594
2021-10-08 06:40:00,0.5801952580195259,-0.02788844621513953,0.05703648548026785,-0.0008926977325478536,0.1714674588737224,0.00022271714922048998,0.5,-0.06864235915740768,0.33495015904852393,0.6466288938118132,0.5584444503691489,0.17464802024690002,0.6842796143458515
2021-10-08 06:50:00,0.5411436541143654,-0.17928286852589637,0.04988830975428127,0.0008926977325478536,0.1681433301488006,0.00033407572383073496,0.5,-0.06864235915740768,0.33495015904852393,0.6466288938118132,0.5584444503691489,0.17464802024690002,0.570710804653198
2021-10-08 07:00:00,0.6443514644351465,0.2828685258964143,0.04154877140729707,-0.005177646848776973,0.16472759157712896,0.00044543429844097997,0.5,-0.06948922745239439,0.3916444209455557,0.5940058514572909,0.6762459437482485,0.1504664642035167,0.8247506676524284
2021-10-08 07:10:00,0.6527196652719665,-0.11553784860557781,0.032911392405063244,-0.0112479914301018,0.1697268717854759,0.00044543429844097997,0.5,-0.06948922745239439,0.3916444209455557,0.5940058514572909,0.6762459437482485,0.1504664642035167,0.8911990584969144
2021-10-08 07:20:00,0.5843793584379359,-0.043824701195219196,0.025465376023827258,-0.013033386895197285,0.1630524400937038,0.000556792873051225,0.5,-0.06948922745239439,0.3916444209455557,0.5940058514572909,0.6762459437482485,0.1504664642035167,0.7257419617665254
2021-10-08 07:30:00,0.5495118549511855,0.043824701195219085,0.016530156366343807,-0.013033386895197285,0.1630524400937038,0.000556792873051225,0.5,-0.06948922745239439,0.3916444209455557,0.5940058514572909,0.6762459437482485,0.1504664642035167,0.640184377687584
2021-10-08 07:40:00,0.5132496513249651,-0.1633466135458168,0.006403574087862962,-0.01696125691840733,0.1630524400937038,0.00022271714922048998,0.5,-0.06948922745239439,0.3916444209455557,0.5940058514572909,0.6762459437482485,0.1504664642035167,0.524835161519079
2021-10-08 07:50:00,0.5822873082287308,-0.2509960159362551,-0.0013402829486225398,-0.017318336011426405,0.1578045045870359,0.00044543429844097997,0.5,-0.06948922745239439,0.3916444209455557,0.5940058514572909,0.6762459437482485,0.1504664642035167,0.6588182929221298
2021-10-08 08:00:00,0.612970711297071,0.3705179282868525,-0.0034251675353685895,-0.026959471522942313,0.15181060318540524,0.03752783964365256,0.5,-0.10696259084130844,0.39759257716080343,0.5531793125076644,0.7473989328335795,0.14476719853854744,0.6332362659746217
2021-10-08 08:10:00,0.6889818688981869,-0.12350597609561753,-0.0028294862248698927,-0.03660060703445822,0.16017327348156682,0.05712694877505568,0.5,-0.10696259084130844,0.39759257716080343,0.5531793125076644,0.7473989328335795,0.14476719853854744,0.7143956425305914
2021-10-08 08:20:00,0.698744769874477,-0.15537848605577698,-0.0019359642591214588,-0.038386002499553595,0.1483032547669838,0.019599109131403118,0.5,-0.10696259084130844,0.39759257716080343,0.5531793125076644,0.7473989328335795,0.14476719853854744,0.905781794589375
2021-10-08 08:30:00,0.689679218967922,0.15537848605577675,0.0034251675353684785,-0.04052847705766838,0.15092067895983563,0.005233853006681514,0.5,-0.10696259084130844,0.39759257716080343,0.5531793125076644,0.7473989328335795,0.14476719853854744,0.969227635529671
2021-10-08 08:40:00,0.6220362622036262,-0.07569721115537853,0.00699925539836177,-0.03088734154615247,0.1518236903063695,0.0008908685968819599,0.5,-0.10696259084130844,0.39759257716080343,0.5531793125076644,0.7473989328335795,0.14476719853854744,0.7999155061333494
2021-10-08 08:50:00,0.5244072524407252,0.09960159362549792,0.0019359642591212367,-0.024102838778789493,0.15797463715957127,0.0035634743875278397,0.5,-0.10696259084130844,0.39759257716080343,0.5531793125076644,0.7473989328335795,0.14476719853854744,0.5445177059915204
2021-10-08 09:00:00,0.5557880055788006,0.019920318725099362,-0.0022338049143708627,-0.026959471522942313,0.16309170145659657,0.00022271714922048998,0.5,-0.10276086868788625,0.42122715922380793,0.5530603608597339,0.6843303271654416,0.1505883849434979,0.6212864191197549
2021-10-08 09:10:00,0.48884239888423986,-0.09960159362549814,-0.009381980640357557,-0.027673629708980574,0.16038266741699495,0.00022271714922048998,0.5,-0.10276086868788625,0.42122715922380793,0.5530603608597339,0.6843303271654416,0.1505883849434979,0.4619023190548757
2021-10-08 09:20:00,0.3800557880055788,-0.2270916334661356,-0.016232315711094625,-0.02945902517407606,0.16174372799727788,0.00022271714922048998,0.5,-0.10276086868788625,0.42122715922380793,0.5530603608597339,0.6843303271654416,0.1505883849434979,0.2529082487137318
2021-10-08 09:30:00,0.3396094839609484,0.298804780876494,-0.012956068503350737,-0.03802892340653463,0.16314404994045362,0.00022271714922048998,0.5,-0.10276086868788625,0.42122715922380793,0.5530603608597339,0.6843303271654416,0.1505883849434979,0.20538799281802134
2021-10-08 09:40:00,0.36959553695955366,0.22709163346613526,-0.0031273268801192966,-0.04981253347616499,0.17231812173639924,0.00044543429844097997,0.5,-0.10276086868788625,0.42122715922380793,0.5530603608597339,0.6843303271654416,0.1505883849434979,0.24608084252455603
2021-10-08 09:50:00,0.3723849372384937,0.17131474103585642,0.005807892777363932,-0.0526691662203177,0.18726361387758308,0.000556792873051225,0.5,-0.10276086868788625,0.42122715922380793,0.5530603608597339,0.6843303271654416,0.1505883849434979,0.24377989347737525
2021-10-08 10:00:00,0.3688981868898187,-0.01195219123505975,0.012360387192851485,-0.05159792894126036,0.19444844328696131,0.0026726057906458797,0.5,0.000987084683160555,0.44829558026131505,0.46929113568007946,0.6043362387997321,0.15365275203598397,0.26830574709175126
2021-10-08 10:10:00,0.37447698744769875,0.17928286852589648,0.014743112434847383,-0.050883770755222324,0.19698734475402757,0.0034521158129175947,0.5,0.000987084683160555,0.44829558026131505,0.46929113568007946,0.6043362387997321,0.15365275203598397,0.25956968480770104
2021-10-08 10:20:00,0.3849372384937238,-0.03585657370517936,0.014147431124348353,-0.05374040349937503,0.19876719320516678,0.0024498886414253897,0.5,0.000987084683160555,0.44829558026131505,0.46929113568007946,0.6043362387997321,0.15365275203598397,0.28404272975542044
2021-10-08 10:30:00,0.4281729428172943,0.12350597609561742,0.016530156366343807,-0.05409748259239411,0.2069204695659002,0.005011135857461025,0.5,0.000987084683160555,0.44829558026131505,0.46929113568007946,0.6043362387997321,0.15365275203598397,0.3439051254583038
2021-10-08 10:40:00,0.4463040446304045,-0.059760956175298974,0.017125837676842837,-0.0526691662203177,0.198727931842274,0.005790645879732739,0.5,0.000987084683160555,0.44829558026131505,0.46929113568007946,0.6043362387997321,0.15365275203598397,0.35848031745552755
2021-10-08 10:50:00,0.37517433751743373,0.1872509960159361,0.017125837676842837,-0.04981253347616499,0.1921189357553232,0.0014476614699331849,0.5,0.000987084683160555,0.44829558026131505,0.46929113568007946,0.6043362387997321,0.15365275203598397,0.2581212185222626
2021-10-08 11:00:00,0.3758716875871687,-0.06772908366533881,0.021295606850334936,-0.052312087127298734,0.2037533862925495,0.001893095768374165,0.5,0.009341666713916785,0.4811081386293946,0.4792464248245241,0.3733500686431786,0.1434814113654075,0.2575101468080933
2021-10-08 11:10:00,0.19525801952580193,0.15537848605577675,0.026061057334326065,-0.04624174254597391,0.20483961733258302,0.00033407572383073496,0.5,0.009341666713916785,0.4811081386293946,0.4792464248245241,0.3733500686431786,0.1434814113654075,0.0661994357016763
2021-10-08 11:20:00,0.21338912133891214,0.4183266932270917,0.03320923306031265,-0.04374218889484016,0.21737707921634322,0.0010022271714922048,0.5,0.009341666713916785,0.4811081386293946,0.4792464248245241,0.3733500686431786,0.1434814113654075,0.08352067836504368
2021-10-08 11:30:00,0.25383542538354253,-0.4422310756972112,0.034996276991809294,-0.04659882163899287,0.20290272342987267,0.0006681514476614699,0.5,0.009341666713916785,0.4811081386293946,0.4792464248245241,0.3733500686431786,0.1434814113654075,0.10175475655204672
2021-10-08 11:40:00,0.22733612273361226,0.6175298804780875,0.038570364854802586,-0.04374218889484016,0.1915692766748243,0.00033407572383073496,0.5,0.009341666713916785,0.4811081386293946,0.4792464248245241,0.3733500686431786,0.1434814113654075,0.09340344312506602
2021-10-08 11:50:00,0.08507670850767085,0.17131474103585642,0.04780342516753522,-0.03660060703445822,0.23863056366229993,0.5687082405345212,0.5,0.009341666713916785,0.4811081386293946,0.4792464248245241,0.3733500686431786,0.1434814113654075,0.0025272719042805196
2021-10-08 12:00:00,0.17503486750348674,0.21912350597609564,0.07311988086373788,-0.0016068559185858922,0.2377144651948018,0.9993318485523385,0.5,0.01620606605979602,0.4913205768849493,0.455009075452755,0.06695214507020535,0.5067039494316765,0.0
2021-10-08 12:10:00,0.21687587168758715,0.2669322709163344,0.09545793000744607,0.03017318336011443,0.23776681367865884,0.21302895322939866,0.5,0.01620606605979602,0.4913205768849493,0.455009075452755,0.06695214507020535,0.5067039494316765,0.039372633040119495
2021-10-08 12:20:00,0.19386331938633192,0.4262948207171313,0.11451973194341014,0.05695411533654715,0.25790789284265353,0.03875278396436526,0.5,0.01620606605979602,0.4913205768849493,0.455009075452755,0.06695214507020535,0.5067039494316765,0.022081566757698748
2021-10-08 12:30:00,0.1903765690376569,-0.003984063745020028,0.1288160833953833,0.07945009819675053,0.2745416235882268,0.00022271714922048998,0.5,0.01620606605979602,0.4913205768849493,0.455009075452755,0.06695214507020535,0.5067039494316765,0.04208850732531647
2021-10-08 12:40:00,0.3054393305439331,0.4422310756972112,0.1291139240506327,0.09837529012676294,0.2923008467367264,0.026726057906458798,0.5,0.01620606605979602,0.4913205768849493,0.455009075452755,0.06695214507020535,0.5067039494316765,0.11993602607239313
2021-10-08 12:50:00,0.34449093444909346,-0.003984063745020028,0.07818317200297842,0.041956793429744677,0.3159885356820353,0.03151447661469933,0.5,0.01620606605979602,0.4913205768849493,0.455009075452755,0.06695214507020535,0.5067039494316765,0.16206979796912957
2021-10-08 13:00:00,0.3451882845188285,0.40239043824701204,0.055845122859270235,0.0005356186395288898,0.34309196319901586,0.052672605790645886,0.5,0.047645588737061706,0.48405060817742246,0.4700180342365162,0.3300911993759413,0.640281144770443,0.11070205350272343
2021-10-08 13:10:00,0.6610878661087867,0.21912350597609564,0.054951600893522023,-0.007677200499910719,0.36757796652314456,0.9487750556792873,0.5,0.047645588737061706,0.48405060817742246,0.4700180342365162,0.3300911993759413,0.640281144770443,0.005756144665570258
2021-10-08 13:20:00,0.6101813110181311,0.03585657370517925,0.0814594192107223,0.016604177825388255,0.36757796652314456,0.9993318485523385,0.5,0.047645588737061706,0.48405060817742246,0.4700180342365162,0.3300911993759413,0.640281144770443,0.0
2021-10-08 13:30:00,0.6457461645746164,-0.14741035856573714,0.08324646314221873,0.023388680592751232,0.36757796652314456,0.9993318485523385,0.5,0.047645588737061706,0.48405060817742246,0.4700180342365162,0.3300911993759413,0.640281144770443,0.0
2021-10-08 13:40:00,0.6297071129707112,-0.33067729083665354,0.08205510052122111,0.024816996964827753,0.3593461674366257,0.3748329621380846,0.5,0.047645588737061706,0.48405060817742246,0.4700180342365162,0.3300911993759413,0.640281144770443,0.296105738038837
2021-10-08 13:50:00,0.6471408647140864,0.06772908366533859,0.051079672375279106,0.0112479914301018,0.3651830233866852,0.04097995545657016,0.5,0.047645588737061706,0.48405060817742246,0.4700180342365162,0.3300911993759413,0.640281144770443,0.6975873983433166
2021-10-08 14:00:00,0.6143654114365412,-0.003984063745020028,0.025465376023827258,-0.01053383324406354,0.36680582638625325,0.0400890868596882,0.5,0.06819812935862335,0.49178608476266306,0.48384330999065767,0.6519786898318354,0.6955157312253761,0.6448164521628922
2021-10-08 14:10:00,0.5955369595536959,-0.02788844621513953,0.02427401340282942,-0.01696125691840733,0.38028556097944016,0.03930957683741648,0.5,0.06819812935862335,0.49178608476266306,0.48384330999065767,0.6519786898318354,0.6955157312253761,0.5706353637008313
2021-10-08 14:20:00,0.7914923291492328,-0.07569721115537853,0.032315711094564215,-0.016604177825388367,0.3659682506445407,0.0979955456570156,0.5,0.06819812935862335,0.49178608476266306,0.48384330999065767,0.6519786898318354,0.6955157312253761,0.6613229325407004
2021-10-08 14:30:00,0.797768479776848,0.003984063745019917,0.03142218912881578,-0.015175861453311956,0.3628796900969755,0.09955456570155902,0.5,0.06819812935862335,0.49178608476266306,0.48384330999065767,0.6519786898318354,0.6955157312253761,0.6480981335908385
2021-10-08 14:40:00,0.808228730822873,-0.17131474103585675,0.025167535368577854,-0.01624709873236929,0.3570559212678803,0.11770601336302897,0.5,0.06819812935862335,0.49178608476266306,0.48384330999065767,0.6519786898318354,0.6955157312253761,0.5674517555109615
2021-10-08 14:50:00,0.9421199442119944,0.20318725099601576,0.028741623231570923,-0.019460810569541076,0.3632723037259034,0.13530066815144767,0.5,0.06819812935862335,0.49178608476266306,0.48384330999065767,0.6519786898318354,0.6955157312253761,0.6438055434011799
2021-10-08 15:00:00,0.9790794979079498,-0.08366533864541836,0.024571854058078824,-0.024102838778789493,0.3574877962597008,0.13474387527839643,0.5,0.058622157191109414,0.5108058171243691,0.5134826873992541,0.9574774505268042,0.7076921729842878,0.7875959986118864
2021-10-08 15:10:00,0.96456589958159,-0.019920318725099695,0.02576321667907644,-0.02945902517407606,0.3591760348640903,0.15155902004454344,0.5,0.058622157191109414,0.5108058171243691,0.5134826873992541,0.9574774505268042,0.7076921729842878,0.7656426814732109
2021-10-08 15:20:00,0.9500523012552301,-0.09960159362549814,0.029635145197319357,-0.03374397429030518,0.3626048605567262,0.1841870824053452,0.5,0.058622157191109414,0.5108058171243691,0.5134826873992541,0.9574774505268042,0.7076921729842878,0.7422031775729138
2021-10-08 15:30:00,0.9355387029288703,0.027888446215139417,0.03172002978406541,-0.04088555615068734,0.370627265707817,0.20979955456570157,0.5,0.058622157191109414,0.5108058171243691,0.5134826873992541,0.9574774505268042,0.7076921729842878,0.6813072408226082
2021-10-08 15:40:00,0.9210251046025104,0.4183266932270917,0.02218912881608337,-0.04909837529012662,0.36608603473321905,0.23028953229398663,0.5,0.058622157191109414,0.5108058171243691,0.5134826873992541,0.9574774505268042,0.7076921729842878,0.6522247536852905
2021-10-08 15:50:00,0.9065115062761506,-0.21115537848605592,0.01325390915859992,-0.0526691662203177,0.37976207614086976,0.22717149220489977,0.5,0.058622157191109414,0.5108058171243691,0.5134826873992541,0.9574774505268042,0.7076921729842878,0.518611282948836
2021-10-08 16:00:00,0.8919979079497908,-0.5697211155378487,-0.0019359642591214588,-0.06052490626673801,0.3801023412859405,0.23619153674832963,0.5,-0.015876737654270556,0.5362650751278019,0.6172529093379199,0.9582473659737442,0.7104369721143085,0.6140139113116164
2021-10-08 16:10:00,0.877484309623431,0.2669322709163344,-0.006999255398362103,-0.06802356722013914,0.3669236104749316,0.20979955456570157,0.5,-0.015876737654270556,0.5362650751278019,0.6172529093379199,0.9590172814206841,0.7104369721143085,0.6413612565445026
2021-10-08 16:20:00,0.8629707112970711,0.49003984063745,-0.0037230081906179935,-0.07016604177825392,0.3661907317009331,0.23028953229398663,0.5,-0.015876737654270556,0.5362650751278019,0.6172529093379199,0.9597872872757321,0.7104369721143085,0.7761516061378758
2021-10-08 16:30:00,0.8484571129707112,0.31474103585657365,-0.004318689501117023,-0.07052312087127288,0.3661776445799689,0.2192650334075724,0.5,-0.015876737654270556,0.5362650751278019,0.6172529093379199,0.9605572931307799,0.7104369721143085,0.8430224663156148
2021-10-08 16:40:00,0.8339435146443515,-0.11553784860557781,-0.005212211466865346,-0.07052312087127288,0.37389904594888174,0.21525612472160355,0.5,-0.015876737654270556,0.5362650751278019,0.6172529093379199,0.9613272085777199,0.7104369721143085,0.8730328771670414
2021-10-08 16:50:00,0.8194299163179916,-0.12350597609561753,-0.007892777364110204,-0.07052312087127288,0.3662299930638259,0.2200445434298441,0.5,-0.015876737654270556,0.5362650751278019,0.6172529093379199,0.9620971240246599,0.7104369721143085,0.7854761078503856
2021-10-08 17:00:00,0.8049163179916319,0.1394422310756971,-0.006403574087863073,-0.06909480449919658,0.3677350119747157,0.2071269487750557,0.5,-0.0431471241465361,0.5550204449910487,0.6396112538404073,0.9628671298797077,0.7273116604849724,0.844584094029603
2021-10-08 17:10:00,0.790402719665272,-0.3227091633466136,-0.006999255398362103,-0.07052312087127288,0.37009069374828235,0.2174832962138085,0.5,-0.0431471241465361,0.5550204449910487,0.6396112538404073,0.9636370453266476,0.7273116604849724,0.7733301145193656
2021-10-08 17:20:00,0.7758891213389122,-0.4581673306772909,-0.016827997021593544,-0.07052312087127288,0.3663477771525042,0.19042316258351896,0.5,-0.0431471241465361,0.5550204449910487,0.6396112538404073,0.9644069607735876,0.7273116604849724,0.8269610875567694
2021-10-08 17:30:00,0.7613755230125523,0.4820717131474104,-0.00967982129560696,-0.07052312087127288,0.3799845571972622,0.1408685968819599,0.5,-0.0431471241465361,0.5550204449910487,0.6396112538404073,0.9651770570367432,0.7273116604849724,0.8516529112663519
2021-10-08 17:40:00,0.7468619246861925,-0.20318725099601598,-0.02069992553983646,-0.07266559542938766,0.42737302220884427,0.019042316258351892,0.5,-0.0431471241465361,0.5550204449910487,0.6396112538404073,0.9659469724836832,0.7273116604849724,0.8763447349759345
2021-10-08 17:50:00,0.6645746164574616,-0.08366533864541836,-0.041846612062546584,-0.06945188359221555,0.42499116619334915,0.008129175946547884,0.5,-0.0431471241465361,0.5550204449910487,0.6396112538404073,0.9667168879306232,0.7273116604849724,0.9010365586855168
2021-10-08 18:00:00,0.6213389121338913,0.10756972111553775,-0.056440804169769265,-0.07088019996429196,0.42499116619334915,0.004231625835189309,0.5,-0.13006384114857383,0.6139071915220116,0.6432480292768158,0.9674868937856711,0.7508018759768529,0.8201412254628303
2021-10-08 18:10:00,0.7210599721059973,0.2828685258964143,-0.06775874906924817,-0.07659346545259771,0.4393215636492128,0.019710467706013365,0.5,-0.13006384114857383,0.6139071915220116,0.6432480292768158,0.9674868937856711,0.7508018759768529,0.819186897415393
2021-10-08 18:20:00,0.603905160390516,-0.01195219123505975,-0.08503350707371571,-0.07766470273165504,0.45835023753124554,0.0028953229398663697,0.5,-0.13006384114857383,0.6139071915220116,0.6432480292768158,0.9674868937856711,0.7508018759768529,0.8182325693679556
2021-10-08 18:30:00,0.5885634588563459,0.003984063745019917,-0.10022338049143709,-0.08052133547580786,0.46117705565952544,0.0008908685968819599,0.5,-0.13006384114857383,0.6139071915220116,0.6432480292768158,0.9674868937856711,0.7508018759768529,0.7315886355749355
2021-10-08 18:40:00,0.5948396094839609,-0.07569721115537853,-0.11303052866716312,-0.08766291733619003,0.4572378322492835,0.0014476614699331849,0.5,-0.13006384114857383,0.6139071915220116,0.6432480292768158,0.9674868937856711,0.7508018759768529,0.7616065905215987
2021-10-08 18:50:00,0.5411436541143654,0.05179282868525892,-0.12166790766939695,-0.09730405284770571,0.460496525369384,0.0036748329621380848,0.5,-0.13006384114857383,0.6139071915220116,0.6432480292768158,0.9674868937856711,0.7508018759768529,0.6322555335938561
2021-10-08 19:00:00,0.4693165969316597,-0.26693227091633476,-0.12851824274013413,-0.09837529012676305,0.46595385481148005,0.004677060133630289,0.5,-0.15520893542608405,0.6567454102934737,0.6408930910016883,0.7940948109758916,0.7699590774530926,0.4442642243915687
2021-10-08 19:10:00,0.4072524407252441,-0.21115537848605592,-0.12941176470588256,-0.10408855561506858,0.46595385481148005,0.000779510022271715,0.5,-0.15520893542608405,0.6567454102934737,0.6408930910016883,0.7940948109758916,0.7699590774530926,0.322751482414714
2021-10-08 19:20:00,0.37517433751743373,-0.298804780876494,-0.131794489947878,-0.11372969112658449,0.45617777545117855,0.0016703786191536749,0.5,-0.15520893542608405,0.6567454102934737,0.6408930910016883,0.7940948109758916,0.7699590774530926,0.26238363233097456
2021-10-08 19:30:00,0.31729428172942814,-0.33864541832669326,-0.1314966492926286,-0.12515622210319588,0.4546727565402887,0.00033407572383073496,0.5,-0.15520893542608405,0.6567454102934737,0.6408930910016883,0.7940948109758916,0.7699590774530926,0.1701646121580639
2021-10-08 19:40:00,0.301255230125523,-0.3067729083665339,-0.13030528667163077,-0.13943938582395987,0.448574158170944,0.0023385300668151447,0.5,-0.15520893542608405,0.6567454102934737,0.6408930910016883,0.7940948109758916,0.7699590774530926,0.1615718876835101
2021-10-08 19:50:00,0.3472803347280335,-0.05179282868525903,-0.13000744601638126,-0.14443849312622736,0.42993809791783905,0.01091314031180401,0.5,-0.15520893542608405,0.6567454102934737,0.6408930910016883,0.7940948109758916,0.7699590774530926,0.2070929583415061
2021-10-08 20:00:00,0.5815899581589958,-0.15537848605577698,-0.12434847356664191,-0.14515265131226573,0.40873696195573944,0.05545657015590201,0.5,-0.16083566832753937,0.6752076826040881,0.6460331210591719,0.6533177243180528,0.7707924047077468,0.5327564615175703
2021-10-08 20:10:00,0.5948396094839609,0.06772908366533859,-0.11720029784065533,-0.1376539903588645,0.4117600868984832,0.08775055679287305,0.5,-0.16083566832753937,0.6752076826040881,0.6460331210591719,0.6533177243180528,0.7707924047077468,0.42132263077689097
2021-10-08 20:20:00,0.7545327754532776,0.019920318725099362,-0.1195830230826509,-0.14086770219603628,0.42122207535564254,0.14888641425389754,0.5,-0.16083566832753937,0.6752076826040881,0.6460331210591719,0.6533177243180528,0.7707924047077468,0.32249498317666764
2021-10-08 20:30:00,0.7831241283124128,0.15537848605577675,-0.12553983618763975,-0.14015354400999824,0.4277918100797006,0.15545657015590203,0.5,-0.16083566832753937,0.6752076826040881,0.6460331210591719,0.6533177243180528,0.7707924047077468,0.3221630429862547
2021-10-08 20:40:00,0.6792189679218968,0.08366533864541825,-0.13566641846612082,-0.1505088377075522,0.42944078732119717,0.08841870824053452,0.5,-0.16083566832753937,0.6752076826040881,0.6460331210591719,0.6533177243180528,0.7707924047077468,0.5071668904748253
2021-10-08 20:50:00,0.6338912133891214,0.027888446215139417,-0.14013402829486243,-0.15265131226566697,0.42606431011241835,0.008797327394209355,0.5,-0.16083566832753937,0.6752076826040881,0.6460331210591719,0.6533177243180528,0.7707924047077468,0.8361875160312024
2021-10-08 21:00:00,0.5592747559274756,0.05179282868525892,-0.14072970960536124,-0.15265131226566697,0.4213398594443209,0.004677060133630289,0.5,-0.17111192196177538,0.7026870149163664,0.6860909127915759,0.6288481370561427,0.7429863048910785,0.6648309368257465
2021-10-08 21:10:00,0.5097629009762901,-0.003984063745020028,-0.1425167535368579,-0.1490805213354759,0.40602792791613773,0.0064587973273942095,0.5,-0.17111192196177538,0.7026870149163664,0.6860909127915759,0.6288481370561427,0.7429863048910785,0.5581197097032152
2021-10-08 21:20:00,0.4909344490934449,-0.059760956175298974,-0.14162323157110956,-0.15158007498660953,0.40775542788342,0.006124721603563475,0.5,-0.17111192196177538,0.7026870149163664,0.6860909127915759,0.6288481370561427,0.7429863048910785,0.5082004315222476
2021-10-08 21:30:00,0.4665271966527197,-0.0916334661354582,-0.1434102755026062,-0.1490805213354759,0.40415646961824875,0.008017817371937639,0.5,-0.17111192196177538,0.7026870149163664,0.6860909127915759,0.6288481370561427,0.7429863048910785,0.4157626325874738
2021-10-08 21:40:00,0.4867503486750349,-0.2589641434262948,-0.1434102755026062,-0.15229423317264768,0.40533431050503205,0.005679287305122495,0.5,-0.17111192196177538,0.7026870149163664,0.6860909127915759,0.6288481370561427,0.7429863048910785,0.46118563000739327
2021-10-08 21:50:00,0.42538354253835425,0.05179282868525892,-0.14072970960536124,-0.153365470451705,0.4009239507400767,0.007015590200445435,0.5,-0.17111192196177538,0.7026870149163664,0.6860909127915759,0.6288481370561427,0.7429863048910785,0.3726104078337885
2021-10-08 22:00:00,0.5209205020920502,0.03585657370517925,-0.14162323157110956,-0.15550794500981968,0.41576474591354645,0.010356347438752784,0.5,-0.22296553658617124,0.7198131072076152,0.7578721452397086,0.6211708613488569,0.7400178889091177,0.543710487801198
2021-10-08 22:10:00,0.6297071129707112,0.14741035856573692,-0.14072970960536124,-0.1597928941260488,0.42340762455667375,0.004231625835189309,0.5,-0.22296553658617124,0.7198131072076152,0.7578721452397086,0.6211708613488569,0.7400178889091177,0.8133138192736544
2021-10-08 22:20:00,0.5076708507670851,-0.19521912350597614,-0.14430379746835464,-0.15515086591680072,0.41840834434832685,0.0064587973273942095,0.5,-0.22296553658617124,0.7198131072076152,0.7578721452397086,0.6211708613488569,0.7400178889091177,0.5412511127540475
2021-10-08 22:30:00,0.4916317991631799,-0.0916334661354582,-0.14817572598659734,-0.1505088377075522,0.408213477117169,0.010133630289532295,0.5,-0.22296553658617124,0.7198131072076152,0.7578721452397086,0.6211708613488569,0.7400178889091177,0.5048734855228812
2021-10-08 22:40:00,0.45536959553695955,-0.08366533864541836,-0.15204765450484004,-0.15300839135868594,0.40723194304484955,0.0036748329621380848,0.5,-0.22296553658617124,0.7198131072076152,0.7578721452397086,0.6211708613488569,0.7400178889091177,0.4214659685863874
2021-10-08 22:50:00,0.4560669456066946,0.2350597609561753,-0.15353685778108728,-0.15943581503302984,0.40119878028032613,0.0006681514476614699,0.5,-0.22296553658617124,0.7198131072076152,0.7578721452397086,0.6211708613488569,0.7400178889091177,0.43825158048795204
2021-10-08 23:00:00,0.5292887029288703,0.3227091633466135,-0.15591958302308284,-0.1662203178003927,0.4169294996793656,0.00311804008908686,0.5,-0.25648962735593717,0.7432838994617921,0.7552294657181479,0.5653073298404044,0.766263503232334,0.606560345217798
2021-10-08 23:10:00,0.5829846582984658,-0.17928286852589637,-0.1624720774385705,-0.16979110873058378,0.434885029642329,0.00044543429844097997,0.5,-0.25648962735593717,0.7432838994617921,0.7552294657181479,0.5653073298404044,0.766263503232334,0.722769588243282
2021-10-08 23:20:00,0.6004184100418409,-0.4342629482071714,-0.16902457185405817,-0.16693447598643107,0.434885029642329,0.00011135857461024499,0.5,-0.25648962735593717,0.7432838994617921,0.7552294657181479,0.5653073298404044,0.766263503232334,0.7178810145299275
2021-10-08 23:30:00,0.5648535564853556,-0.36254980079681276,-0.17349218168279978,-0.16586323870737363,0.434885029642329,0.00011135857461024499,0.5,-0.25648962735593717,0.7432838994617921,0.7552294657181479,0.5653073298404044,0.766263503232334,0.6351675543552062
2021-10-08 23:40:00,0.5690376569037657,-0.5219123505976095,-0.17944899478778864,-0.17050526691662193,0.434125976626402,0.00011135857461024499,0.5,-0.25648962735593717,0.7432838994617921,0.7552294657181479,0.5653073298404044,0.766263503232334,0.6035200748374248
2021-10-08 23:50:00,0.5237099023709902,-0.019920318725099695,-0.18302308265078193,-0.17157650419567938,0.42366936697595897,0.00022271714922048998,0.5,-0.25648962735593717,0.7432838994617921,0.7552294657181479,0.5653073298404044,0.766263503232334,0.5571842418938697
2021-10-09 00:00:00,0.5634588563458857,0.20318725099601576,-0.18659717051377522,-0.17800392787002317,0.42760859038620097,0.00022271714922048998,0.5,-0.2712689149539578,0.7514159197947172,0.7414569446394212,0.4836965275258504,0.815017860614812,0.6152285106447184
2021-10-09 00:10:00,0.4797768479776848,-0.3227091633466136,-0.1898734177215191,-0.18121763970719518,0.4348326811584719,0.00033407572383073496,0.5,-0.2712689149539578,0.7514159197947172,0.7414569446394212,0.4836965275258504,0.815017860614812,0.4071623640176834
2021-10-09 00:20:00,0.40027894002789405,-0.17928286852589637,-0.19493670886075953,-0.1822888769862525,0.42648309798327466,0.00022271714922048998,0.5,-0.2712689149539578,0.7514159197947172,0.7414569446394212,0.4836965275258504,0.815017860614812,0.2847066101362464
2021-10-09 00:30:00,0.34797768479776847,-0.2509960159362551,-0.20000000000000007,-0.19085877521871086,0.42360393137113767,0.00022271714922048998,0.5,-0.2712689149539578,0.7514159197947172,0.7414569446394212,0.4836965275258504,0.815017860614812,0.21777539719661423
2021-10-09 00:40:00,0.41631799163179917,-0.06772908366533881,-0.20655249441548773,-0.19621496161399754,0.42360393137113767,0.00022271714922048998,0.5,-0.2712689149539578,0.7514159197947172,0.7414569446394212,0.4836965275258504,0.815017860614812,0.30988880003621166
2021-10-09 00:50:00,0.34239888423988846,-0.17131474103585675,-0.21161578555472838,-0.2029994643813604,0.42360393137113767,0.00022271714922048998,0.5,-0.2712689149539578,0.7514159197947172,0.7414569446394212,0.4836965275258504,0.815017860614812,0.20719103157958266
2021-10-09 01:00:00,0.3688981868898187,-0.13147410358565736,-0.21429635145197334,-0.20871272986966605,0.42360393137113767,0.00022271714922048998,0.5,-0.336505289966757,0.7474734703612285,0.7843415500008433,0.3883071136889028,0.8690695747546966,0.2334897475745734
2021-10-09 01:10:00,0.3451882845188285,-0.29083665338645437,-0.2163812360387194,-0.2126405998928762,0.42360393137113767,0.00022271714922048998,0.5,-0.336505289966757,0.7474734703612285,0.7843415500008433,0.3883071136889028,0.8690695747546966,0.21586674110173967
2021-10-09 01:20:00,0.42329149232914925,0.12350597609561742,-0.2211466865227104,-0.21478307445099076,0.42649618510423887,0.00022271714922048998,0.5,-0.336505289966757,0.7474734703612285,0.7843415500008433,0.3883071136889028,0.8690695747546966,0.30756521870332093
2021-10-09 01:30:00,0.41841004184100417,-0.17928286852589637,-0.22174236783320933,-0.2208534190323156,0.4347934197955792,0.00033407572383073496,0.5,-0.336505289966757,0.7474734703612285,0.7843415500008433,0.3883071136889028,0.8690695747546966,0.3024352339423933
2021-10-09 01:40:00,0.2545327754532775,-0.298804780876494,-0.22591213700670154,-0.2304945545438314,0.4440721885592389,0.00022271714922048998,0.5,-0.336505289966757,0.7474734703612285,0.7843415500008433,0.3883071136889028,0.8690695747546966,0.14363957330597343
2021-10-09 01:50:00,0.298465829846583,0.019920318725099362,-0.231571109456441,-0.23906445277628985,0.4460090824619492,0.00033407572383073496,0.5,-0.336505289966757,0.7474734703612285,0.7843415500008433,0.3883071136889028,0.8690695747546966,0.1486865730192978
2021-10-09 02:00:00,0.16875871687587168,0.3067729083665336,-0.23842144452717806,-0.24513479735761468,0.4460090824619492,0.00033407572383073496,0.5,-0.35448063736419877,0.7442953733689273,0.8138087138296001,0.3014108544882413,0.9174724372496912,0.0503643797999306
2021-10-09 02:10:00,0.12761506276150628,0.3784860557768923,-0.24259121370067016,-0.246206034636672,0.45647877923335645,0.00022271714922048998,0.5,-0.35448063736419877,0.7442953733689273,0.8138087138296001,0.3014108544882413,0.9174724372496912,0.029474780089623853
2021-10-09 02:20:00,0.11157601115760113,-0.12350597609561753,-0.24884586746090853,-0.24656311372969109,0.452107680831294,0.00033407572383073496,0.5,-0.35448063736419877,0.7442953733689273,0.8138087138296001,0.3014108544882413,0.9174724372496912,0.003764503523092476
2021-10-09 02:30:00,0.0801952580195258,0.5697211155378485,-0.2527177959791512,-0.25513301196214966,0.4567012602897489,0.011024498886414253,0.5,-0.35448063736419877,0.7442953733689273,0.8138087138296001,0.3014108544882413,0.9174724372496912,0.0
2021-10-09 02:40:00,0.10669456066945607,0.3705179282868525,-0.2551005212211468,-0.28048562756650597,0.4624203321511301,0.8053452115812917,0.5,-0.35448063736419877,0.7442953733689273,0.8138087138296001,0.3014108544882413,0.9174724372496912,0.0
2021-10-09 02:50:00,0.1087866108786611,0.36254980079681287,-0.24169769173492195,-0.2512051419389395,0.4624203321511301,0.9992204899777284,0.5,-0.35448063736419877,0.7442953733689273,0.8138087138296001,0.3014108544882413,0.9174724372496912,0.0
2021-10-09 03:00:00,0.08437935843793584,-0.1394422310756973,-0.23276247207743872,-0.22835207998571683,0.4624203321511301,0.9992204899777284,0.5,-0.37750857758078704,0.7440223903542186,0.8754051235695843,0.1990570147932366,0.9298115671679485,0.0
2021-10-09 03:10:00,0.08298465829846582,-0.23771580345285526,-0.22948622486969483,-0.22692376361364042,0.4624203321511301,0.9992204899777284,0.5,-0.37750857758078704,0.7440223903542186,0.8754051235695843,0.1990570147932366,0.9298115671679485,0.0
2021-10-09 03:20:00,0.12343096234309624,-0.3359893758300134,-0.22323157110945657,-0.23156579182288872,0.4624203321511301,0.9992204899777284,0.5,-0.37750857758078704,0.7440223903542186,0.8754051235695843,0.1990570147932366,0.9298115671679485,0.0
2021-10-09 03:30:00,0.1311018131101813,-0.4342629482071714,-0.22204020848845885,-0.23799321549723262,0.4624203321511301,0.9992204899777284,0.5,-0.37750857758078704,0.7440223903542186,0.8754051235695843,0.1990570147932366,0.9298115671679485,0.0
2021-10-09 03:40:00,0.1297071129707113,-0.649402390438247,-0.22233804914370825,-0.24406356007855734,0.4624203321511301,0.9992204899777284,0.5,-0.37750857758078704,0.7440223903542186,0.8754051235695843,0.1990570147932366,0.9298115671679485,0.0
2021-10-09 03:50:00,0.15271966527196654,-0.6105577689243028,-0.22740134028294878,-0.2515622210319586,0.4624203321511301,0.9992204899777284,0.5,-0.37750857758078704,0.7440223903542186,0.8754051235695843,0.1990570147932366,0.9298115671679485,0.0
2021-10-09 04:00:00,0.14365411436541145,-0.5717131474103586,-0.23008190618019375,-0.2608462774504553,0.4624203321511301,0.9992204899777284,0.5,-0.4118876747993728,0.7409103839865301,0.8615522023364995,0.12051045064323339,0.9475004607609246,0.0
2021-10-09 04:10:00,0.19107391910739194,-0.5328685258964143,-0.23008190618019375,-0.2690590965898947,0.45667508604782037,0.9935412026726058,0.5,-0.4118876747993728,0.7409103839865301,0.8615522023364995,0.12051045064323339,0.9475004607609246,0.0
2021-10-09 04:20:00,0.18479776847977683,-0.4940239043824701,-0.23276247207743872,-0.2751294411712194,0.43942626061692686,0.9978841870824053,0.5,-0.4118876747993728,0.7409103839865301,0.8615522023364995,0.12051045064323339,0.9475004607609246,0.0
2021-10-09 04:30:00,0.1499302649930265,-0.14741035856573714,-0.23067758749069256,-0.27620067845027674,0.45668817316878463,0.9527839643652561,0.5,-0.4118876747993728,0.7409103839865301,0.8615522023364995,0.12051045064323339,0.9475004607609246,0.0
2021-10-09 04:40:00,0.21617852161785217,0.5219123505976095,-0.22948622486969483,-0.2687020174968755,0.44912381725144285,0.3188195991091314,0.5,-0.4118876747993728,0.7409103839865301,0.8615522023364995,0.12051045064323339,0.9475004607609246,0.020301160281847398
2021-10-09 04:50:00,0.1799163179916318,0.6254980079681274,-0.20387192851824287,-0.2240671308694876,0.44912381725144285,0.00011135857461024499,0.5,-0.4118876747993728,0.7409103839865301,0.8615522023364995,0.12051045064323339,0.9475004607609246,0.02085942332936011
2021-10-09 05:00:00,0.13668061366806136,0.3306772908366533,-0.18749069247952344,-0.18014640242813773,0.44912381725144285,0.00011135857461024499,0.5,-0.41157418911135035,0.7319306795552973,0.8738686436481279,0.10855645555462819,0.9838449648261156,0.006337039998792945
2021-10-09 05:10:00,0.1206415620641562,0.043824701195219085,-0.18093819806403577,-0.14658096768434214,0.44912381725144285,0.0034521158129175947,0.5,-0.41157418911135035,0.7319306795552973,0.8738686436481279,0.10855645555462819,0.9838449648261156,0.0
2021-10-09 05:20:00,0.11227336122733612,0.09960159362549792,-0.18421444527177966,-0.15622210319585772,0.44912381725144285,0.5996659242761693,0.5,-0.41157418911135035,0.7319306795552973,0.8738686436481279,0.10855645555462819,0.9838449648261156,0.0
2021-10-09 05:30:00,0.1317991631799163,0.09960159362549792,-0.19702159344750558,-0.17014818782360286,0.44912381725144285,0.9995545657015591,0.5,-0.41157418911135035,0.7319306795552973,0.8738686436481279,0.10855645555462819,0.9838449648261156,0.0
2021-10-09 05:40:00,0.1206415620641562,0.09960159362549792,-0.2014892032762473,-0.1840742724513479,0.44912381725144285,0.9995545657015591,0.5,-0.41157418911135035,0.7319306795552973,0.8738686436481279,0.10855645555462819,0.9838449648261156,0.0
2021-10-09 05:50:00,0.09693165969316596,0.09960159362549792,-0.21876396128071496,-0.19585788252097835,0.44912381725144285,0.9995545657015591,0.5,-0.41157418911135035,0.7319306795552973,0.8738686436481279,0.10855645555462819,0.9838449648261156,0.0
2021-10-09 06:00:00,0.10251046025104603,0.6972111553784857,-0.2321667907669398,-0.20728441349758975,0.44912381725144285,0.9995545657015591,0.5,-0.47092327688767655,0.7848865109035157,0.8873388398562081,0.1257994424863602,0.0262194854731645,0.0
2021-10-09 06:10:00,0.07880055788005579,0.4422310756972112,-0.24288905435591968,-0.2208534190323156,0.44912381725144285,0.9995545657015591,0.5,-0.47092327688767655,0.7848865109035157,0.9008090360642882,0.1257994424863602,0.0262194854731645,0.0
2021-10-09 06:20:00,0.0697350069735007,0.1872509960159361,-0.2479523454951601,-0.22942331726477416,0.44912381725144285,0.9995545657015591,0.5,-0.47092327688767655,0.7848865109035157,0.9142792322723684,0.1257994424863602,0.0262194854731645,0.0
2021-10-09 06:30:00,0.056485355648535567,-0.4103585657370519,-0.25003723008190626,-0.23727905731119447,0.44912381725144285,0.9995545657015591,0.5,-0.47092327688767655,0.7848865109035157,0.9277494284804484,0.1257994424863602,0.0262194854731645,0.0
2021-10-09 06:40:00,0.0502092050209205,-0.3944223107569722,-0.24646314221891308,-0.2447777182645956,0.44912381725144285,0.9995545657015591,0.5,-0.47092327688767655,0.7848865109035157,0.9412196246885287,0.1257994424863602,0.0262194854731645,0.0
2021-10-09 06:50:00,0.0794979079497908,0.13147410358565725,-0.2482501861504096,-0.25370469559007325,0.44912381725144285,0.9995545657015591,0.5,-0.47092327688767655,0.7848865109035157,0.9546898208966088,0.1257994424863602,0.0262194854731645,0.0
2021-10-09 07:00:00,0.06555090655509065,0.12350597609561742,-0.2509307520476546,-0.2612033565434745,0.44912381725144285,0.9995545657015591,0.5,-0.4508267730585751,0.781053254675912,0.968160017104689,0.09689257104348722,0.16919927443502308,0.0
2021-10-09 07:10:00,0.0397489539748954,-0.13147410358565736,-0.2527177959791512,-0.26691662203178,0.44912381725144285,0.9995545657015591,0.5,-0.4508267730585751,0.781053254675912,0.968160017104689,0.09689257104348722,0.16919927443502308,0.0
2021-10-09 07:20:00,0.03695955369595537,0.003984063745019917,-0.25390915860014907,-0.27441528298518114,0.44912381725144285,0.9995545657015591,0.5,-0.4508267730585751,0.781053254675912,0.968160017104689,0.09689257104348722,0.16919927443502308,0.0
2021-10-09 07:30:00,0.05090655509065551,0.1394422310756971,-0.2583767684288907,-0.2797714693804677,0.44912381725144285,0.9995545657015591,0.5,-0.4508267730585751,0.781053254675912,0.968160017104689,0.09689257104348722,0.16919927443502308,0.0
2021-10-09 07:40:00,0.05160390516039052,0.6733067729083664,-0.26403574087863,-0.28584181396179253,0.44912381725144285,0.9995545657015591,0.5,-0.4508267730585751,0.781053254675912,0.968160017104689,0.09689257104348722,0.16919927443502308,0.0
2021-10-09 07:50:00,0.060669456066945605,0.019920318725099362,-0.2643335815338794,-0.2929833958221746,0.44912381725144285,0.9995545657015591,0.5,-0.4508267730585751,0.781053254675912,0.968160017104689,0.09689257104348722,0.16919927443502308,0.0
2021-10-09 08:00:00,0.07810320781032079,-0.11288180610889786,-0.26492926284437834,-0.2986966613104802,0.44912381725144285,0.9995545657015591,0.5,-0.4378796373718701,0.7778176875752518,0.9237398195206756,0.12468820026882643,0.195289122387804,0.0
2021-10-09 08:10:00,0.06415620641562064,-0.2456839309428951,-0.2589724497393895,-0.3026245313336904,0.44912381725144285,0.9995545657015591,0.5,-0.4378796373718701,0.7778176875752518,0.9237398195206756,0.12468820026882643,0.195289122387804,0.0
2021-10-09 08:20:00,0.08437935843793584,-0.3784860557768924,-0.25361131794489955,-0.30440992679878587,0.44912381725144285,0.9995545657015591,0.5,-0.4378796373718701,0.7778176875752518,0.9237398195206756,0.12468820026882643,0.195289122387804,0.0
2021-10-09 08:30:00,0.07670850767085077,-0.5112881806108898,-0.24497393894266584,-0.30619532226388146,0.44912381725144285,0.9995545657015591,0.5,-0.4378796373718701,0.7778176875752518,0.9237398195206756,0.12468820026882643,0.195289122387804,0.0
2021-10-09 08:40:00,0.0502092050209205,-0.6440903054448872,-0.2402084884586747,-0.3054811640778432,0.44912381725144285,0.9995545657015591,0.5,-0.4378796373718701,0.7778176875752518,0.9237398195206756,0.12468820026882643,0.195289122387804,0.0
2021-10-09 08:50:00,0.060669456066945605,-0.7768924302788845,-0.2324646314221892,-0.3026245313336904,0.44912381725144285,0.9995545657015591,0.5,-0.4378796373718701,0.7778176875752518,0.9237398195206756,0.12468820026882643,0.195289122387804,0.0
2021-10-09 09:00:00,0.0899581589958159,-0.7370517928286854,-0.22323157110945657,-0.3022674522406713,0.44912381725144285,0.9995545657015591,0.5,-0.4236093179193142,0.795558710025947,0.8580323495220439,0.13028242796587042,0.10936580557935206,0.0
2021-10-09 09:10:00,0.06555090655509065,-0.6972111553784861,-0.22174236783320933,-0.29833958221746115,0.44912381725144285,0.9995545657015591,0.5,-0.4236093179193142,0.795558710025947,0.8580323495220439,0.13028242796587042,0.10936580557935206,0.0
2021-10-09 09:20:00,0.0599721059972106,0.346613545816733,-0.2241250930752049,-0.29548294947330833,0.44912381725144285,0.9995545657015591,0.5,-0.4236093179193142,0.795558710025947,0.8580323495220439,0.13028242796587042,0.10936580557935206,0.0
2021-10-09 09:30:00,0.05439330543933055,0.1772908366533863,-0.21906180193596436,-0.29012676307802165,0.44912381725144285,0.9995545657015591,0.5,-0.4236093179193142,0.795558710025947,0.8580323495220439,0.13028242796587042,0.10936580557935206,0.0
2021-10-09 09:40:00,0.06694560669456066,0.007968127490039612,-0.21340282948622502,-0.28584181396179253,0.44912381725144285,0.9995545657015591,0.5,-0.4236093179193142,0.795558710025947,0.8580323495220439,0.13028242796587042,0.10936580557935206,0.0
2021-10-09 09:50:00,0.058577405857740586,-0.16135458167330696,-0.20536113179449,-0.2819139439385824,0.44912381725144285,0.9995545657015591,0.5,-0.4236093179193142,0.795558710025947,0.8580323495220439,0.13028242796587042,0.10936580557935206,0.0
2021-10-09 10:00:00,0.04393305439330544,-0.33067729083665354,-0.1976172747580046,-0.27620067845027674,0.44912381725144285,0.9995545657015591,0.5,-0.23438997032575637,0.8086791357645108,0.594647530922673,0.09578274823324759,0.06668414562396734,0.0
2021-10-09 10:10:00,0.05230125523012552,-0.3345019920318725,-0.18868205510052138,-0.2704874129619711,0.44912381725144285,0.9995545657015591,0.5,-0.23438997032575637,0.8086791357645108,0.594647530922673,0.09578274823324759,0.06668414562396734,0.0
2021-10-09 10:20:00,0.045327754532775454,-0.33832669322709175,-0.17944899478778864,-0.26441706838064627,0.44912381725144285,0.9995545657015591,0.5,-0.23438997032575637,0.8086791357645108,0.594647530922673,0.09578274823324759,0.06668414562396734,0.0
2021-10-09 10:30:00,0.08926080892608089,-0.3421513944223108,-0.1705137751303054,-0.25691840742724503,0.44912381725144285,0.9995545657015591,0.5,-0.23438997032575637,0.8086791357645108,0.594647530922673,0.09578274823324759,0.06668414562396734,0.0
2021-10-09 10:40:00,0.05369595536959554,-0.34597609561753007,-0.1618763961280716,-0.25370469559007325,0.44912381725144285,0.9995545657015591,0.5,-0.23438997032575637,0.8086791357645108,0.594647530922673,0.09578274823324759,0.06668414562396734,0.0
2021-10-09 10:50:00,0.12343096234309624,-0.349800796812749,-0.15323901712583776,-0.2447777182645956,0.44912381725144285,0.9995545657015591,0.5,-0.23438997032575637,0.8086791357645108,0.594647530922673,0.09578274823324759,0.06668414562396734,0.0
2021-10-09 11:00:00,0.12203626220362622,-0.3536254980079683,-0.1431124348473568,-0.24192108552044278,0.44912381725144285,0.9995545657015591,0.5,-0.22724053547718104,0.810618751921657,0.5325268715957542,0.06818509016219876,0.10718770228266408,0.0
2021-10-09 11:10:00,0.13668061366806136,-0.3574501992031873,-0.13566641846612082,-0.23870737368327077,0.44912381725144285,0.9995545657015591,0.5,-0.22724053547718104,0.810618751921657,0.5325268715957542,0.06818509016219876,0.10718770228266408,0.0
2021-10-09 11:20:00,0.12761506276150628,-0.3612749003984066,-0.12822040208488483,-0.23227995000892698,0.44912381725144285,0.9995545657015591,0.5,-0.22724053547718104,0.810618751921657,0.5325268715957542,0.06818509016219876,0.10718770228266408,0.0
2021-10-09 11:30:00,0.14504881450488147,-0.36509960159362564,-0.12077438570364873,-0.22335297268344934,0.44912381725144285,0.9995545657015591,0.5,-0.22724053547718104,0.810618751921657,0.5325268715957542,0.06818509016219876,0.10718770228266408,0.0
2021-10-09 11:40:00,0.13668061366806136,-0.3689243027888447,-0.11273268801191372,-0.21835386538118184,0.44912381725144285,0.9995545657015591,0.5,-0.22724053547718104,0.810618751921657,0.5325268715957542,0.06818509016219876,0.10718770228266408,0.0
2021-10-09 11:50:00,0.1317991631799163,-0.37274900398406385,-0.1037974683544306,-0.20764149259060882,0.44912381725144285,0.9995545657015591,0.5,-0.22724053547718104,0.810618751921657,0.5325268715957542,0.06818509016219876,0.10718770228266408,0.0
2021-10-09 12:00:00,0.08716875871687588,-0.3765737051792829,-0.09575577066269558,-0.1983574361721121,0.44912381725144285,0.9995545657015591,0.5,-0.21154520527659215,0.7981477384075627,0.468886218183446,0.04719407690297404,0.32537057452352075,0.0
2021-10-09 12:10:00,0.13598326359832635,-0.38039840637450206,-0.08592702903946403,-0.18514550973040522,0.44912381725144285,0.9995545657015591,0.5,-0.21154520527659215,0.7981477384075627,0.468886218183446,0.04719407690297404,0.32537057452352075,0.0
2021-10-09 12:20:00,0.07322175732217574,-0.3842231075697212,-0.07877885331347734,-0.17693269059096584,0.44912381725144285,0.9995545657015591,0.5,-0.21154520527659215,0.7981477384075627,0.468886218183446,0.04719407690297404,0.32537057452352075,0.0
2021-10-09 12:30:00,0.1087866108786611,-0.38804780876494027,-0.07073715562174243,-0.16336368505623988,0.44912381725144285,0.9995545657015591,0.5,-0.21154520527659215,0.7981477384075627,0.468886218183446,0.04719407690297404,0.32537057452352075,0.0
2021-10-09 12:40:00,0.06694560669456066,-0.39187250996015943,-0.06209977661950872,-0.15122299589359034,0.44912381725144285,0.9995545657015591,0.5,-0.21154520527659215,0.7981477384075627,0.468886218183446,0.04719407690297404,0.32537057452352075,0.0
2021-10-09 12:50:00,0.07740585774058578,-0.3956972111553786,-0.050781831720029924,-0.13372612033565434,0.44912381725144285,0.9995545657015591,0.5,-0.21154520527659215,0.7981477384075627,0.468886218183446,0.04719407690297404,0.32537057452352075,0.0
2021-10-09 13:00:00,0.09065550906555091,-0.39952191235059764,-0.0424422933730455,-0.11872879842885198,0.44912381725144285,0.9995545657015591,0.5,-0.06357752575442188,0.7876738111589736,0.29891750195959527,0.048165882695682144,0.4348930426101704,0.0
2021-10-09 13:10:00,0.09483960948396096,-0.4033466135458168,-0.03350707371556216,-0.11087305838243178,0.44912381725144285,0.9995545657015591,0.5,-0.06357752575442188,0.7876738111589736,0.29891750195959527,0.048165882695682144,0.4348930426101704,0.0
2021-10-09 13:20:00,0.12482566248256625,-0.40717131474103596,-0.026061057334326176,-0.10123192287091587,0.44912381725144285,0.9995545657015591,0.5,-0.06357752575442188,0.7876738111589736,0.29891750195959527,0.048165882695682144,0.4348930426101704,0.0
2021-10-09 13:30:00,0.06624825662482565,-0.410996015936255,-0.01921072226358911,-0.09694697375468664,0.44912381725144285,0.9995545657015591,0.5,-0.06357752575442188,0.7876738111589736,0.29891750195959527,0.048165882695682144,0.4348930426101704,0.0
2021-10-09 13:40:00,0.09274755927475593,-0.41482071713147417,-0.011466865227103606,-0.08266381003392254,0.44912381725144285,0.9995545657015591,0.5,-0.06357752575442188,0.7876738111589736,0.29891750195959527,0.048165882695682144,0.4348930426101704,0.0
2021-10-09 13:50:00,0.10808926080892609,-0.41864541832669333,-0.0019359642591214588,-0.06945188359221555,0.44912381725144285,0.9995545657015591,0.5,-0.06357752575442188,0.7876738111589736,0.29891750195959527,0.048165882695682144,0.4348930426101704,0.0
2021-10-09 14:00:00,0.10460251046025104,-0.4224701195219125,0.00431868950111669,-0.05981074808069986,0.44912381725144285,0.9995545657015591,0.5,-0.04408354548677673,0.7655047168591438,0.24825424507108376,0.025102875625569388,0.5428799986620801,0.0
2021-10-09 14:10:00,0.14365411436541145,-0.42629482071713154,0.013551749813849545,-0.05052669166220303,0.44912381725144285,0.9995545657015591,0.5,-0.04408354548677673,0.7655047168591438,0.24825424507108376,0.025102875625569388,0.5428799986620801,0.0
2021-10-09 14:20:00,0.12343096234309624,-0.4047639230312793,0.017721518987341645,-0.04552758435993576,0.44912381725144285,0.9995545657015591,0.5,-0.04408354548677673,0.7655047168591438,0.24825424507108376,0.025102875625569388,0.5428799986620801,0.0
2021-10-09 14:30:00,0.0808926080892608,-0.3832330253454269,0.02308265078183136,-0.04017139796464908,0.44912381725144285,0.9995545657015591,0.5,-0.04408354548677673,0.7655047168591438,0.24825424507108376,0.025102875625569388,0.5428799986620801,0.0
2021-10-09 14:40:00,0.10320781032078104,-0.36170212765957455,0.03052866716306757,-0.02803070880199965,0.44912381725144285,0.9995545657015591,0.5,-0.04408354548677673,0.7655047168591438,0.24825424507108376,0.025102875625569388,0.5428799986620801,0.0
2021-10-09 14:50:00,0.09344490934449094,-0.3401712299737223,0.03827252419955318,-0.01838957329048374,0.44912381725144285,0.9995545657015591,0.5,-0.04408354548677673,0.7655047168591438,0.24825424507108376,0.025102875625569388,0.5428799986620801,0.0
2021-10-09 15:00:00,0.039051603905160395,-0.3186403322878699,0.04571854058078917,-0.006605963220853384,0.44912381725144285,0.9995545657015591,0.5,-0.026796272325307458,0.7450683463263684,0.22465388304212375,0.014031713902518384,0.637381628792135,0.0
2021-10-09 15:10:00,0.10808926080892609,-0.29710943460201744,0.05286671630677553,0.004463488662738824,0.44912381725144285,0.9995545657015591,0.5,-0.026796272325307458,0.7450683463263684,0.22465388304212375,0.014031713902518384,0.637381628792135,0.0
2021-10-09 15:20:00,0.06206415620641562,-0.2755785369161652,0.06001489203276256,0.012319228709159136,0.44912381725144285,0.9995545657015591,0.5,-0.026796272325307458,0.7450683463263684,0.22465388304212375,0.014031713902518384,0.637381628792135,0.0
2021-10-09 15:30:00,0.13807531380753138,-0.2540476392303129,0.06626954579300048,0.021603285127655747,0.44912381725144285,0.9995545657015591,0.5,-0.026796272325307458,0.7450683463263684,0.22465388304212375,0.014031713902518384,0.637381628792135,0.0
2021-10-09 15:40:00,0.099721059972106,-0.23251674154446056,0.06775874906924773,0.024816996964827753,0.44912381725144285,0.9995545657015591,0.5,-0.026796272325307458,0.7450683463263684,0.22465388304212375,0.014031713902518384,0.637381628792135,0.0
2021-10-09 15:50:00,0.099721059972106,-0.2109858438586082,0.07371556217423669,0.030530262453133394,0.44912381725144285,0.9995545657015591,0.5,-0.026796272325307458,0.7450683463263684,0.22465388304212375,0.014031713902518384,0.637381628792135,0.0
2021-10-09 16:00:00,0.11436541143654114,-0.18945494617275593,0.07758749069247939,0.0337439742903054,0.44912381725144285,0.9995545657015591,0.5,0.031066768549237178,0.7308732295614774,0.16228644343069235,0.011844824947696148,0.8058574498543396,0.0
2021-10-09 16:10:00,0.08577405857740586,-0.16792404848690357,0.0826507818317197,0.03445813247634355,0.44912381725144285,0.9995545657015591,0.5,0.031066768549237178,0.7308732295614774,0.16228644343069235,0.011844824947696148,0.8058574498543396,0.0
2021-10-09 16:20:00,0.08716875871687588,-0.1463931508010513,0.0826507818317197,0.039814318871630006,0.44912381725144285,0.9995545657015591,0.5,0.031066768549237178,0.7308732295614774,0.16228644343069235,0.011844824947696148,0.8058574498543396,0.0
2021-10-09 16:30:00,0.060669456066945605,-0.12486225311519883,0.0856291883842144,0.04267095161578305,0.44912381725144285,0.9995545657015591,0.5,0.031066768549237178,0.7308732295614774,0.16228644343069235,0.011844824947696148,0.8058574498543396,0.0
2021-10-09 16:40:00,0.03626220362622037,-0.10333135542934657,0.0895011169024571,0.04981253347616499,0.44912381725144285,0.9995545657015591,0.5,0.031066768549237178,0.7308732295614774,0.16228644343069235,0.011844824947696148,0.8058574498543396,0.0
2021-10-09 16:50:00,0.10111576011157601,-0.0818004577434942,0.09128816083395375,0.054454561685413294,0.44912381725144285,0.9995545657015591,0.5,0.031066768549237178,0.7308732295614774,0.16228644343069235,0.011844824947696148,0.8058574498543396,0.0
2021-10-09 17:00:00,0.11715481171548117,-0.060269560057641836,0.09426656738644801,0.054454561685413294,0.44912381725144285,0.9995545657015591,0.5,0.04291458640668133,0.7202929826124198,0.15587155098872535,0.00039652670659024456,0.5680453912721674,0.0
2021-10-09 17:10:00,0.0794979079497908,-0.03873866237178958,0.09486224869694704,0.054454561685413294,0.44912381725144285,0.9995545657015591,0.5,0.04291458640668133,0.7202929826124198,0.15587155098872535,0.00039652670659024456,0.5680453912721674,0.0
2021-10-09 17:20:00,0.08577405857740586,-0.01720776468593732,0.09664929262844368,0.054454561685413294,0.44912381725144285,0.9995545657015591,0.5,0.04291458640668133,0.7202929826124198,0.15587155098872535,0.00039652670659024456,0.5680453912721674,0.0
2021-10-09 17:30:00,0.05230125523012552,0.004323132999915158,0.09784065524944152,0.054454561685413294,0.44912381725144285,0.9995545657015591,0.5,0.04291458640668133,0.7202929826124198,0.15587155098872535,0.00039652670659024456,0.5680453912721674,0.0
2021-10-09 17:40:00,0.03626220362622037,0.025854030685767526,0.09486224869694704,0.054454561685413294,0.44912381725144285,0.9995545657015591,0.5,0.04291458640668133,0.7202929826124198,0.15587155098872535,0.00039652670659024456,0.5680453912721674,0.0
2021-10-09 17:50:00,0.0801952580195258,0.04738492837161967,0.09992553983618757,0.05338332440635596,0.44912381725144285,0.9995545657015591,0.5,0.04291458640668133,0.7202929826124198,0.15587155098872535,0.00039652670659024456,0.5680453912721674,0.0
2021-10-09 18:00:00,0.08437935843793584,0.06891582605747204,0.10022338049143698,0.04909837529012684,0.44912381725144285,0.9995545657015591,0.5,-0.09435749108722069,0.7071610628521858,0.2655329230389179,0.07656120698239313,0.6600487352125647,0.0
2021-10-09 18:10:00,0.03347280334728033,0.09044672374332463,0.09516008935219644,0.04231387252276364,0.44912381725144285,0.9995545657015591,0.5,-0.09435749108722069,0.7071610628521858,0.2655329230389179,0.07656120698239313,0.6600487352125647,0.0
2021-10-09 18:20:00,0.024407252440725242,0.11197762142917678,0.09307520476545039,0.03767184431351556,0.44912381725144285,0.9995545657015591,0.5,-0.09435749108722069,0.7071610628521858,0.2655329230389179,0.07656120698239313,0.6600487352125647,0.0
2021-10-09 18:30:00,0.03486750348675035,0.13350851911502915,0.09158600148920315,0.030887341546152358,0.44912381725144285,0.9995545657015591,0.5,-0.09435749108722069,0.7071610628521858,0.2655329230389179,0.07656120698239313,0.6600487352125647,0.0
2021-10-09 18:40:00,0.03138075313807531,0.1550394168008815,0.08741623231571105,0.02088912694161782,0.44912381725144285,0.9995545657015591,0.5,-0.09435749108722069,0.7071610628521858,0.2655329230389179,0.07656120698239313,0.6600487352125647,0.0
2021-10-09 18:50:00,0.03626220362622037,0.17657031448673388,0.08324646314221873,0.00839135868594898,0.44912381725144285,0.9995545657015591,0.5,-0.09435749108722069,0.7071610628521858,0.2655329230389179,0.07656120698239313,0.6600487352125647,0.0
2021-10-09 19:00:00,0.044630404463040445,0.19810121217258603,0.07788533134772879,-0.005177646848776973,0.44912381725144285,0.9995545657015591,0.5,-0.07656535221029259,0.7349938363308806,0.3104423695117542,0.12163504613830511,0.6361191297846621,0.0
2021-10-09 19:10:00,0.0599721059972106,0.2196321098584384,0.07103499627699161,-0.025174076057846828,0.44912381725144285,0.9995545657015591,0.5,-0.07656535221029259,0.7349938363308806,0.3104423695117542,0.12163504613830511,0.6361191297846621,0.0
2021-10-09 19:20:00,0.08577405857740586,0.24116300754429076,0.06597170513775108,-0.04731297982503124,0.44912381725144285,0.9995545657015591,0.5,-0.07656535221029259,0.7349938363308806,0.3104423695117542,0.12163504613830511,0.6361191297846621,0.0
2021-10-09 19:30:00,0.0794979079497908,0.26269390523014313,0.05852568875651509,-0.06873772540617751,0.44912381725144285,0.9995545657015591,0.5,-0.07656535221029259,0.7349938363308806,0.3104423695117542,0.12163504613830511,0.6361191297846621,0.0
2021-10-09 19:40:00,0.0599721059972106,0.2842248029159953,0.050483991064780076,-0.08659168005713269,0.44912381725144285,0.9995545657015591,0.5,-0.07656535221029259,0.7349938363308806,0.3104423695117542,0.12163504613830511,0.6361191297846621,0.0
2021-10-09 19:50:00,0.044630404463040445,0.30575570060184765,0.04095309009679826,-0.10194608105695413,0.44912381725144285,0.9995545657015591,0.5,-0.07656535221029259,0.7349938363308806,0.3104423695117542,0.12163504613830511,0.6361191297846621,0.0
2021-10-09 20:00:00,0.04741980474198048,0.32728659828770024,0.03261355174981384,-0.1151580074986609,0.44912381725144285,0.9995545657015591,0.5,-0.06732321111538409,0.7353099219268574,0.2684426731047661,0.13733546281048767,0.6011791642257553,0.0
2021-10-09 20:10:00,0.039051603905160395,0.3488174959735524,0.025465376023827258,-0.12658453847527218,0.44912381725144285,0.9995545657015591,0.5,-0.06732321111538409,0.7353099219268574,0.2684426731047661,0.13733546281048767,0.6011791642257553,0.0
2021-10-09 20:20:00,0.038354253835425386,0.370348393659405,0.01801935964259105,-0.1376539903588645,0.44912381725144285,0.9995545657015591,0.5,-0.06732321111538409,0.7353099219268574,0.2684426731047661,0.13733546281048767,0.6011791642257553,0.0
2021-10-09 20:30:00,0.044630404463040445,0.3918792913452571,0.012062546537602303,-0.15015175861453323,0.44912381725144285,0.9995545657015591,0.5,-0.06732321111538409,0.7353099219268574,0.2684426731047661,0.13733546281048767,0.6011791642257553,0.0
2021-10-09 20:40:00,0.04951185495118549,0.4134101890311095,0.006701414743112366,-0.1597928941260488,0.44912381725144285,0.9995545657015591,0.5,-0.06732321111538409,0.7353099219268574,0.2684426731047661,0.13733546281048767,0.6011791642257553,0.0
2021-10-09 20:50:00,0.06415620641562064,0.43494108671696163,0.004914370811615498,-0.1680057132654883,0.44912381725144285,0.9995545657015591,0.5,-0.06732321111538409,0.7353099219268574,0.2684426731047661,0.13733546281048767,0.6011791642257553,0.0
2021-10-09 21:00:00,0.08786610878661089,0.456471984402814,-0.000148920327624813,-0.17336189966077487,0.44912381725144285,0.9995545657015591,0.5,-0.08353561426218137,0.750528006620558,0.35153306228082554,0.08253418679038033,0.5628099382598354,0.0
2021-10-09 21:10:00,0.13528591352859135,0.4780028820886666,-0.0007446016381237319,-0.18050348152115692,0.44912381725144285,0.9995545657015591,0.5,-0.08353561426218137,0.750528006620558,0.35153306228082554,0.08253418679038033,0.5628099382598354,0.0
2021-10-09 21:20:00,0.09832635983263598,0.49953377977451874,-0.0022338049143708627,-0.18835922156757723,0.44912381725144285,0.9995545657015591,0.5,-0.08353561426218137,0.750528006620558,0.35153306228082554,0.08253418679038033,0.5628099382598354,0.0
2021-10-09 21:30:00,0.08228730822873082,0.5210646774603713,-0.004914370811615942,-0.19407248705588287,0.44912381725144285,0.9995545657015591,0.5,-0.08353561426218137,0.750528006620558,0.35153306228082554,0.08253418679038033,0.5628099382598354,0.0
2021-10-09 21:40:00,0.1199442119944212,0.5425955751462235,-0.009381980640357557,-0.20049991073022666,0.44912381725144285,0.9995545657015591,0.5,-0.08353561426218137,0.750528006620558,0.35153306228082554,0.08253418679038033,0.5628099382598354,0.0
2021-10-09 21:50:00,0.1087866108786611,0.5641264728320758,-0.012062546537602414,-0.20549901803249415,0.44912381725144285,0.9995545657015591,0.5,-0.08353561426218137,0.750528006620558,0.35153306228082554,0.08253418679038033,0.5628099382598354,0.0
2021-10-09 22:00:00,0.10669456066945607,0.585657370517928,-0.014147431124348686,-0.21049812533476164,0.44912381725144285,0.9995545657015591,0.5,-0.1621303685549742,0.757861192447281,0.36193866837815014,0.05004722750493924,0.25949919224460116,0.0
2021-10-09 22:10:00,0.11924686192468618,0.5014940239043824,-0.01861504095309008,-0.21549723263702913,0.44912381725144285,0.9995545657015591,0.5,-0.1621303685549742,0.757861192447281,0.36193866837815014,0.05004722750493924,0.25949919224460116,0.0
2021-10-09 22:20:00,0.11785216178521618,0.4173306772908367,-0.01861504095309008,-0.22049633993929663,0.44912381725144285,0.9995545657015591,0.5,-0.1621303685549742,0.757861192447281,0.36193866837815014,0.05004722750493924,0.25949919224460116,0.0
2021-10-09 22:30:00,0.1087866108786611,0.33316733067729065,-0.022486969471332885,-0.222281735404392,0.44912381725144285,0.9995545657015591,0.5,-0.1621303685549742,0.757861192447281,0.36193866837815014,0.05004722750493924,0.25949919224460116,0.0
2021-10-09 22:40:00,0.10669456066945607,0.24900398406374502,-0.024571854058079046,-0.22585252633458308,0.44912381725144285,0.9995545657015591,0.5,-0.1621303685549742,0.757861192447281,0.36193866837815014,0.05004722750493924,0.25949919224460116,0.0
2021-10-09 22:50:00,0.11087866108786612,0.16484063745019895,-0.026656738644825095,-0.2319228709159079,0.44912381725144285,0.9995545657015591,0.5,-0.1621303685549742,0.757861192447281,0.36193866837815014,0.05004722750493924,0.25949919224460116,0.0
2021-10-09 23:00:00,0.11924686192468618,0.08067729083665331,-0.028443782576321852,-0.2351365827530797,0.44912381725144285,0.9995545657015591,0.5,-0.21817756717895898,0.7584445140471335,0.4896342769445456,0.18757890990303466,0.18169145758253105,0.0
2021-10-09 23:10:00,0.11576011157601115,-0.003486055776892427,-0.03320923306031276,-0.2415640064274236,0.44912381725144285,0.9995545657015591,0.5,-0.21817756717895898,0.7584445140471335,0.4896342769445456,0.18757890990303466,0.18169145758253105,0.0
2021-10-09 23:20:00,0.11715481171548117,-0.08764940239043839,-0.03350707371556216,-0.24406356007855734,0.44912381725144285,0.9995545657015591,0.5,-0.21817756717895898,0.7584445140471335,0.4896342769445456,0.18757890990303466,0.18169145758253105,0.0
2021-10-09 23:30:00,0.14504881450488147,-0.17181274900398402,-0.03618763961280724,-0.24549187645063375,0.44912381725144285,0.9995545657015591,0.5,-0.21817756717895898,0.7584445140471335,0.4896342769445456,0.18757890990303466,0.18169145758253105,0.0
2021-10-09 23:40:00,0.1290097629009763,-0.25597609561753,-0.03648548026805687,-0.2508480628459203,0.44912381725144285,0.9995545657015591,0.5,-0.21817756717895898,0.7584445140471335,0.4896342769445456,0.18757890990303466,0.18169145758253105,0.0
2021-10-09 23:50:00,0.16527196652719667,-0.34013944223107573,-0.0385703648548027,-0.2544188537761113,0.44912381725144285,0.9995545657015591,0.5,-0.21817756717895898,0.7584445140471335,0.4896342769445456,0.18757890990303466,0.18169145758253105,0.0
2021-10-10 00:00:00,0.14225941422594143,-0.42430278884462147,-0.0424422933730455,-0.256204249241207,0.44912381725144285,0.9995545657015591,0.5,-0.22731381221476865,0.7502377825733421,0.4669010698927165,0.3179681230439276,0.1881054792299982,0.0
2021-10-10 00:10:00,0.1394700139470014,-0.5084661354581673,-0.04333581533879394,-0.256204249241207,0.44912381725144285,0.9995545657015591,0.5,-0.22731381221476865,0.7502377825733421,0.4669010698927165,0.3179681230439276,0.1881054792299982,0.0
2021-10-10 00:20:00,0.1771269177126918,-0.5926294820717131,-0.04542069992553999,-0.25834672379932155,0.44912381725144285,0.9995545657015591,0.5,-0.22731381221476865,0.7502377825733421,0.4669010698927165,0.3179681230439276,0.1881054792299982,0.0
2021-10-10 00:30:00,0.1792189679218968,-0.6767928286852589,-0.04542069992553999,-0.26334583110158893,0.44742249152608915,0.9995545657015591,0.5,-0.22731381221476865,0.7502377825733421,0.4669010698927165,0.3179681230439276,0.1881054792299982,0.0
2021-10-10 00:40:00,0.20502092050209206,-0.7609561752988048,-0.04542069992553999,-0.25977504017139796,0.2922615853738336,0.9995545657015591,0.5,-0.22731381221476865,0.7502377825733421,0.4669010698927165,0.3179681230439276,0.1881054792299982,0.0
2021-10-10 00:50:00,0.19595536959553697,-0.019920318725099695,-0.048101265822784844,-0.2351365827530797,0.1744644095745377,0.11804008908685969,0.5,-0.22731381221476865,0.7502377825733421,0.4669010698927165,0.3179681230439276,0.1881054792299982,0.05191846341868219
2021-10-10 01:00:00,0.199442119944212,0.36254980079681287,-0.04005956813105005,-0.21371183717193354,0.1816361518629517,0.00033407572383073496,0.5,-0.2875464566845095,0.7312237972224689,0.5117395004563406,0.38216889136576887,0.19292859341318044,0.055177512560918573
2021-10-10 01:10:00,0.19316596931659694,0.33864541832669315,-0.03380491437081179,-0.18478843063738626,0.1816361518629517,0.00044543429844097997,0.5,-0.2875464566845095,0.7312237972224689,0.5117395004563406,0.38216889136576887,0.19292859341318044,0.06814581227273413
2021-10-10 01:20:00,0.2580195258019526,-0.3466135458167332,-0.02963514519731958,-0.15765041956793413,0.1816361518629517,0.00022271714922048998,0.5,-0.2875464566845095,0.7312237972224689,0.5117395004563406,0.38216889136576887,0.19292859341318044,0.13024126016566834
2021-10-10 01:30:00,0.3068340306834031,-0.4422310756972112,-0.0269545793000745,-0.1376539903588645,0.1816361518629517,0.00022271714922048998,0.5,-0.2875464566845095,0.7312237972224689,0.5117395004563406,0.38216889136576887,0.19292859341318044,0.17909682091826729
2021-10-10 01:40:00,0.32217573221757323,-0.2749003984063746,-0.021593447505584784,-0.12444206391715751,0.1816361518629517,0.00022271714922048998,0.5,-0.2875464566845095,0.7312237972224689,0.5117395004563406,0.38216889136576887,0.19292859341318044,0.19692351796249075
2021-10-10 01:50:00,0.301255230125523,-0.5378486055776892,-0.01861504095309008,-0.1101589001963934,0.1782465875332086,0.00033407572383073496,0.5,-0.2875464566845095,0.7312237972224689,0.5117395004563406,0.38216889136576887,0.19292859341318044,0.16876141044404544
2021-10-10 02:00:00,0.29288702928870297,0.4422310756972112,-0.01176470588235301,-0.09730405284770571,0.16780306500372982,0.00022271714922048998,0.5,-0.29165859243958836,0.7155861807377435,0.49209751448122185,0.4373378173811684,0.19548079119646236,0.1539825278754319
2021-10-10 02:10:00,0.296373779637378,0.21912350597609564,-0.006105733432613669,-0.08837707552222807,0.16780306500372982,0.00022271714922048998,0.5,-0.29165859243958836,0.7155861807377435,0.49209751448122185,0.4373378173811684,0.19548079119646236,0.15761123768426452
2021-10-10 02:20:00,0.3207810320781032,0.6414342629482073,-0.0022338049143708627,-0.08087841456882694,0.16780306500372982,0.00022271714922048998,0.5,-0.29165859243958836,0.7155861807377435,0.49209751448122185,0.4373378173811684,0.19548079119646236,0.18298957406038294
2021-10-10 02:30:00,0.3417015341701534,0.1394422310756971,-0.0007446016381237319,-0.07623638635957874,0.17877007237177897,0.00022271714922048998,0.5,-0.29165859243958836,0.7155861807377435,0.49209751448122185,0.4373378173811684,0.19548079119646236,0.21185328243583748
2021-10-10 02:40:00,0.3702928870292887,-0.29083665338645437,-0.0010424422933731359,-0.06802356722013914,0.1816361518629517,0.00022271714922048998,0.5,-0.29165859243958836,0.7155861807377435,0.49209751448122185,0.4373378173811684,0.19548079119646236,0.2794257434705856
2021-10-10 02:50:00,0.3814504881450488,0.05179282868525892,-0.0007446016381237319,-0.06338153901089094,0.17217416340579236,0.00022271714922048998,0.5,-0.29165859243958836,0.7155861807377435,0.49209751448122185,0.4373378173811684,0.19548079119646236,0.2876638954690164
2021-10-10 03:00:00,0.37517433751743373,0.19521912350597592,0.007297096053611174,-0.059453668987680564,0.17042048919658165,0.00022271714922048998,0.5,-0.28656117306818074,0.6994945503969745,0.4752048587056057,0.4795316791372558,0.19336075451184812,0.2827149689937686
2021-10-10 03:10:00,0.3814504881450488,-0.2509960159362551,0.00699925539836177,-0.0526691662203177,0.17042048919658165,0.00022271714922048998,0.5,-0.28656117306818074,0.6994945503969745,0.4752048587056057,0.4795316791372558,0.19336075451184812,0.3017487212758574
2021-10-10 03:20:00,0.402370990237099,-0.09960159362549814,-0.029337304542070175,-0.07230851633636859,0.17042048919658165,0.00033407572383073496,0.5,-0.28656117306818074,0.6994945503969745,0.4752048587056057,0.4795316791372558,0.19336075451184812,0.3265310741282798
2021-10-10 03:30:00,0.41283124128312415,-0.02788844621513953,-0.0615040953090098,-0.11408677021960356,0.17042048919658165,0.00033407572383073496,0.5,-0.28656117306818074,0.6994945503969745,0.4752048587056057,0.4795316791372558,0.19336075451184812,0.35045340012372317
2021-10-10 03:40:00,0.42329149232914925,0.027888446215139417,-0.07163067758749087,-0.13158364577753967,0.17042048919658165,0.00022271714922048998,0.5,-0.28656117306818074,0.6994945503969745,0.4752048587056057,0.4795316791372558,0.19336075451184812,0.36387434554973824
2021-10-10 03:50:00,0.4177126917712692,0.05976095617529875,-0.07758749069247961,-0.14122478128905558,0.17042048919658165,0.00033407572383073496,0.5,-0.28656117306818074,0.6994945503969745,0.4752048587056057,0.4795316791372558,0.19336075451184812,0.3508456930760294
2021-10-10 04:00:00,0.39400278940027894,0.13147410358565725,-0.0808637379002235,-0.14193893947509362,0.17042048919658165,0.00022271714922048998,0.5,-0.34140322450998484,0.6875120328039384,0.523915304904904,0.5148699121523419,0.18783199993369087,0.3124387042262021
2021-10-10 04:10:00,0.4065550906555091,-0.019920318725099695,-0.08443782576321679,-0.14336725584717003,0.17042048919658165,0.00033407572383073496,0.5,-0.34140322450998484,0.6875120328039384,0.523915304904904,0.5148699121523419,0.18783199993369087,0.3347918584124206
2021-10-10 04:20:00,0.4170153417015342,-0.24302788844621515,-0.08711839166046176,-0.142653097661132,0.17042048919658165,0.00033407572383073496,0.5,-0.34140322450998484,0.6875120328039384,0.523915304904904,0.5148699121523419,0.18783199993369087,0.3502874300285167
2021-10-10 04:30:00,0.41841004184100417,-0.20318725099601598,-0.08950111690245721,-0.1422960185681127,0.17042048919658165,0.00033407572383073496,0.5,-0.34140322450998484,0.6875120328039384,0.523915304904904,0.5148699121523419,0.18783199993369087,0.3419210284110627
2021-10-10 04:40:00,0.41422594142259417,-0.29083665338645437,-0.09337304542070002,-0.14193893947509362,0.17042048919658165,0.00033407572383073496,0.5,-0.34140322450998484,0.6875120328039384,0.523915304904904,0.5148699121523419,0.18783199993369087,0.3387902288878495
2021-10-10 04:50:00,0.4344490934449094,-0.4103585657370519,-0.0963514519731945,-0.1440814140332084,0.1693473452775124,0.00033407572383073496,0.5,-0.34140322450998484,0.6875120328039384,0.523915304904904,0.5148699121523419,0.18783199993369087,0.35488932812287827
2021-10-10 05:00:00,0.43584379358437936,0.1633466135458166,-0.10081906180193612,-0.1490805213354759,0.15919173940924738,0.00033407572383073496,0.5,-0.33377337176053956,0.6769289123494642,0.5083486176055795,0.5432191825488848,0.18667965601441153,0.37289708345278155
2021-10-10 05:10:00,0.4205020920502092,0.09960159362549792,-0.10201042442293384,-0.14979467952151393,0.15919173940924738,0.00033407572383073496,0.5,-0.33377337176053956,0.6769289123494642,0.5083486176055795,0.5432191825488848,0.18667965601441153,0.33928059507823227
2021-10-10 05:20:00,0.41422594142259417,0.043824701195219085,-0.10201042442293384,-0.15015175861453323,0.15919173940924738,0.00033407572383073496,0.5,-0.33377337176053956,0.6769289123494642,0.5083486176055795,0.5432191825488848,0.18667965601441153,0.33751527679285426
2021-10-10 05:30:00,0.41422594142259417,-0.07569721115537853,-0.10201042442293384,-0.1490805213354759,0.15919173940924738,0.00033407572383073496,0.5,-0.33377337176053956,0.6769289123494642,0.5083486176055795,0.5432191825488848,0.18667965601441153,0.3432563332679512
2021-10-10 05:40:00,0.4198047419804742,-0.38645418326693237,-0.10201042442293384,-0.1490805213354759,0.15919173940924738,0.00033407572383073496,0.5,-0.33377337176053956,0.6769289123494642,0.5083486176055795,0.5432191825488848,0.18667965601441153,0.3563906030749732
2021-10-10 05:50:00,0.43165969316596936,-0.3466135458167332,-0.10320178704393157,-0.1490805213354759,0.15919173940924738,0.00033407572383073496,0.5,-0.33377337176053956,0.6769289123494642,0.5083486176055795,0.5432191825488848,0.18667965601441153,0.3773631878328832
2021-10-10 06:00:00,0.44002789400278935,-0.2270916334661356,-0.10409530900967989,-0.1490805213354759,0.15919173940924738,0.00044543429844097997,0.5,-0.3464191956368823,0.6609924513012692,0.48452151192363463,0.572995590132801,0.18640045255706247,0.3905050017351419
2021-10-10 06:10:00,0.4581589958158996,-0.23505976095617542,-0.10498883097542833,-0.1490805213354759,0.1550169478216487,0.0006681514476614699,0.5,-0.3464191956368823,0.6609924513012692,0.48452151192363463,0.572995590132801,0.18640045255706247,0.41825972811080764
2021-10-10 06:20:00,0.4665271966527197,0.394422310756972,-0.10498883097542833,-0.15122299589359034,0.1479237282590203,0.000779510022271715,0.5,-0.3464191956368823,0.6609924513012692,0.48452151192363463,0.572995590132801,0.18640045255706247,0.440703411439866
2021-10-10 06:30:00,0.4588563458856346,0.49800796812749004,-0.10528667163067773,-0.15086591680057126,0.1479237282590203,0.0006681514476614699,0.5,-0.3464191956368823,0.6609924513012692,0.48452151192363463,0.572995590132801,0.18640045255706247,0.44123904220166876
2021-10-10 06:40:00,0.46513249651324967,0.13147410358565725,-0.1079672375279227,-0.14979467952151393,0.15483372812814908,0.0027839643652561247,0.5,-0.3464191956368823,0.6609924513012692,0.48452151192363463,0.572995590132801,0.18640045255706247,0.47499132429047786
2021-10-10 06:50:00,0.4881450488145049,-0.05179282868525903,-0.10528667163067773,-0.1490805213354759,0.1591524780463546,0.0032293986636971047,0.5,-0.3464191956368823,0.6609924513012692,0.48452151192363463,0.572995590132801,0.18640045255706247,0.5234168716145873
2021-10-10 07:00:00,0.5,0.07569721115537842,-0.10498883097542833,-0.1490805213354759,0.1591524780463546,0.007906458797327393,0.5,-0.3414439152791504,0.6755007801567207,0.4914756180191203,0.5908953196419944,0.19256081689986831,0.5172835221871841
2021-10-10 07:10:00,0.5125523012552301,0.13147410358565725,-0.10677587490692497,-0.1490805213354759,0.1591524780463546,0.003006681514476615,0.5,-0.3414439152791504,0.6755007801567207,0.4914756180191203,0.5908953196419944,0.19256081689986831,0.5363248185645095
2021-10-10 07:20:00,0.5223152022315203,0.1394422310756971,-0.10588235294117665,-0.14765220496339948,0.1591524780463546,0.00111358574610245,0.5,-0.3414439152791504,0.6755007801567207,0.4914756180191203,0.5908953196419944,0.19256081689986831,0.5433332830393651
2021-10-10 07:30:00,0.5453277545327755,0.09163346613545809,-0.10677587490692497,-0.14515265131226573,0.1591524780463546,0.00044543429844097997,0.5,-0.3414439152791504,0.6755007801567207,0.4914756180191203,0.5908953196419944,0.19256081689986831,0.6060171703607586
2021-10-10 07:40:00,0.5606694560669455,0.1394422310756971,-0.10618019359642605,-0.14193893947509362,0.1591524780463546,0.000556792873051225,0.5,-0.3414439152791504,0.6755007801567207,0.4914756180191203,0.5908953196419944,0.19256081689986831,0.664068983206844
2021-10-10 07:50:00,0.5788005578800558,0.22709163346613526,-0.10498883097542833,-0.14193893947509362,0.1591524780463546,0.000779510022271715,0.5,-0.3414439152791504,0.6755007801567207,0.4914756180191203,0.5908953196419944,0.19256081689986831,0.7035019690088568
2021-10-10 08:00:00,0.5564853556485356,-0.01195219123505975,-0.10498883097542833,-0.13801106945188357,0.1591524780463546,0.0012249443207126948,0.5,-0.3385857889823407,0.674621487498815,0.5063676541809286,0.5962833716489554,0.19918618068617597,0.6567210344463389
2021-10-10 08:10:00,0.5334728033472803,-0.08366533864541836,-0.10230826507818325,-0.1344402785216925,0.1591524780463546,0.00033407572383073496,0.5,-0.3385857889823407,0.674621487498815,0.5063676541809286,0.5962833716489554,0.19918618068617597,0.6181405314060685
2021-10-10 08:20:00,0.5334728033472803,-0.15537848605577698,-0.09754281459419223,-0.12908409212640592,0.1591524780463546,0.0006681514476614699,0.5,-0.3385857889823407,0.674621487498815,0.5063676541809286,0.5962833716489554,0.19918618068617597,0.6528282813042232
2021-10-10 08:30:00,0.5502092050209205,0.01195219123505975,-0.09426656738644845,-0.12408498482413843,0.1591524780463546,0.0023385300668151447,0.5,-0.3385857889823407,0.674621487498815,0.5063676541809286,0.5962833716489554,0.19918618068617597,0.6373930624500204
2021-10-10 08:40:00,0.5397489539748954,0.019920318725099362,-0.09307520476545061,-0.12587038028923414,0.1591524780463546,0.0012249443207126948,0.5,-0.3385857889823407,0.674621487498815,0.5063676541809286,0.5962833716489554,0.19918618068617597,0.635657920545589
2021-10-10 08:50:00,0.5627615062761506,0.1633466135458166,-0.08950111690245721,-0.12408498482413843,0.1591524780463546,0.0017817371937639199,0.5,-0.3385857889823407,0.674621487498815,0.5063676541809286,0.5962833716489554,0.19918618068617597,0.6696742459676811
2021-10-10 09:00:00,0.5383542538354253,0.08366533864541825,-0.08652271034996295,-0.12265666845206213,0.1591524780463546,0.0034521158129175947,0.5,-0.3365338068582625,0.6680124250374276,0.46330753807245323,0.6089200564419915,0.2062473095696323,0.6288984112135432
2021-10-10 09:10:00,0.5404463040446305,0.003984063745019917,-0.0805658972449741,-0.12051419389394735,0.1591524780463546,0.00311804008908686,0.5,-0.3365338068582625,0.6680124250374276,0.46330753807245323,0.6089200564419915,0.2062473095696323,0.6100381731218975
2021-10-10 09:20:00,0.5195258019525802,0.12350597609561742,-0.07580044676098296,-0.11444384931262286,0.1591524780463546,0.004899777282850779,0.5,-0.3365338068582625,0.6680124250374276,0.46330753807245323,0.6089200564419915,0.2062473095696323,0.5588137664649879
2021-10-10 09:30:00,0.4881450488145049,0.15537848605577675,-0.06865227103499649,-0.11301553294054623,0.16614100064126894,0.008797327394209355,0.5,-0.3365338068582625,0.6680124250374276,0.46330753807245323,0.6089200564419915,0.2062473095696323,0.5040436350468488
2021-10-10 09:40:00,0.5355648535564853,0.043824701195219085,-0.0618019359642592,-0.10980182110337433,0.1703681407127246,0.0071269487750556795,0.5,-0.3365338068582625,0.6680124250374276,0.46330753807245323,0.6089200564419915,0.2062473095696323,0.6025996952185524
2021-10-10 09:50:00,0.5543933054393305,0.07569721115537842,-0.05346239761727478,-0.10408855561506858,0.17227886037350645,0.02928730512249443,0.5,-0.3365338068582625,0.6680124250374276,0.46330753807245323,0.6089200564419915,0.2062473095696323,0.5755314815094226
2021-10-10 10:00:00,0.5781032078103208,0.298804780876494,-0.04274013402829491,-0.09944652740582038,0.17183389826072162,0.061358574610244986,0.5,-0.03760183948959106,0.6659751096960707,0.2398009424064781,0.699923040658674,0.2314678219603443,0.474259547052522
2021-10-10 10:10:00,0.605997210599721,-0.003984063745020028,-0.03469843633656011,-0.09730405284770571,0.17547211788878567,0.07583518930957683,0.5,-0.03760183948959106,0.6659751096960707,0.2398009424064781,0.699923040658674,0.2314678219603443,0.4686165638155016
2021-10-10 10:20:00,0.6297071129707112,-0.03585657370517936,-0.02338049143708132,-0.0930191037314766,0.17989556477470522,0.06948775055679288,0.5,-0.03760183948959106,0.6659751096960707,0.2398009424064781,0.699923040658674,0.2314678219603443,0.5421111396110265
2021-10-10 10:30:00,0.6645746164574616,-0.3705179282868527,-0.013551749813849767,-0.08444920549901802,0.18159689050005892,0.021269487750556794,0.5,-0.03760183948959106,0.6659751096960707,0.2398009424064781,0.699923040658674,0.2314678219603443,0.8477903345051828
2021-10-10 10:40:00,0.5941422594142259,0.06772908366533859,-0.004616530156366427,-0.07480806998750233,0.18301029956419887,0.008463251670378619,0.5,-0.03760183948959106,0.6659751096960707,0.2398009424064781,0.699923040658674,0.2314678219603443,0.7521462950948293
2021-10-10 10:50:00,0.590655509065551,0.12350597609561742,0.005807892777363932,-0.062310301731833606,0.17914959887974247,0.007795100222717149,0.5,-0.03760183948959106,0.6659751096960707,0.2398009424064781,0.699923040658674,0.2314678219603443,0.6980626763432262
2021-10-10 11:00:00,0.5878661087866108,0.1394422310756971,0.019806403574087694,-0.05052669166220303,0.1840310949994111,0.009354120267260579,0.5,-0.03068043971379053,0.6505300180743503,0.2426272487790019,0.7538297519571451,0.2515647320012225,0.698243734628906
2021-10-10 11:10:00,0.6276150627615062,0.13147410358565725,0.033804914370811234,-0.04088555615068734,0.1870018714582979,0.019042316258351892,0.5,-0.03068043971379053,0.6505300180743503,0.2426272487790019,0.7538297519571451,0.2515647320012225,0.7669779863300994
2021-10-10 11:20:00,0.6771269177126918,0.08366533864541825,0.04542069992553954,-0.029101946081056984,0.1930742955857141,0.0477728285077951,0.5,-0.03068043971379053,0.6505300180743503,0.2426272487790019,0.7538297519571451,0.2515647320012225,0.7379030432880185
2021-10-10 11:30:00,0.6631799163179917,-0.13147410358565736,0.051675353685778136,-0.02053204784859841,0.19706586747981314,0.0477728285077951,0.5,-0.03068043971379053,0.6505300180743503,0.2426272487790019,0.7538297519571451,0.2515647320012225,0.7172774869109948
2021-10-10 11:40:00,0.6743375174337517,-0.019920318725099695,0.06001489203276256,-0.0112479914301018,0.19104579183625398,0.06291759465478843,0.5,-0.03068043971379053,0.6505300180743503,0.2426272487790019,0.7538297519571451,0.2515647320012225,0.6439866016868597
2021-10-10 11:50:00,0.6729428172942817,-0.02788844621513953,0.06775874906924773,-0.0016068559185858922,0.18909581081257934,0.08006681514476616,0.5,-0.03068043971379053,0.6505300180743503,0.2426272487790019,0.7538297519571451,0.2515647320012225,0.5288033556135613
2021-10-10 12:00:00,0.693863319386332,-0.10756972111553798,0.07639612807148177,0.004106409569719638,0.19649003415738572,0.08619153674832962,0.5,-0.017603026859576487,0.6313809779688353,0.23529041765851164,0.7653233347154209,0.2633169203398609,0.5312778188511852
2021-10-10 12:10:00,0.6506276150627616,0.2111553784860556,0.08741623231571105,0.005891805034815345,0.19133370849746767,0.09933184855233854,0.5,-0.017603026859576487,0.6313809779688353,0.23529041765851164,0.7653233347154209,0.2633169203398609,0.42028908972946877
2021-10-10 12:20:00,0.6771269177126918,-0.059760956175298974,0.0939687267311986,0.008034279592929794,0.1968041250605279,0.07605790645879733,0.5,-0.017603026859576487,0.6313809779688353,0.23529041765851164,0.7653233347154209,0.2633169203398609,0.5605187319884727
2021-10-10 12:30:00,0.6164574616457461,-0.05179282868525903,0.09843633655994011,0.01410462417425462,0.18896493960293675,0.06703786191536748,0.5,-0.017603026859576487,0.6313809779688353,0.23529041765851164,0.7653233347154209,0.2633169203398609,0.512560918569036
2021-10-10 12:40:00,0.6589958158995816,0.09163346613545809,0.11064780342516745,0.020174968755579448,0.19255081074714372,0.06982182628062361,0.5,-0.017603026859576487,0.6313809779688353,0.23529041765851164,0.7653233347154209,0.2633169203398609,0.5361211279931197
2021-10-10 12:50:00,0.6380753138075315,-0.019920318725099695,0.117200297840655,0.03624352794143926,0.18871628430461584,0.06592427616926504,0.5,-0.017603026859576487,0.6313809779688353,0.23529041765851164,0.7653233347154209,0.2633169203398609,0.5225945652337916
2021-10-10 13:00:00,0.6269177126917713,0.11553784860557759,0.12643335815338785,0.0337439742903054,0.18876863278847286,0.06069042316258352,0.5,0.1762699438967681,0.6028987922656754,0.1251053032778788,0.7737944840182421,0.2702693146162522,0.5698884982724022
2021-10-10 13:10:00,0.6178521617852162,-0.043824701195219196,0.13417721518987324,0.03624352794143926,0.1887293714255801,0.04320712694877506,0.5,0.1762699438967681,0.6028987922656754,0.1251053032778788,0.7737944840182421,0.2702693146162522,0.6162771398826139
2021-10-10 13:20:00,0.6311018131101813,0.10756972111553775,0.14192107222635886,0.05195500803427966,0.19084948502179008,0.06046770601336303,0.5,0.1762699438967681,0.6028987922656754,0.1251053032778788,0.7737944840182421,0.2702693146162522,0.5514130090378261
2021-10-10 13:30:00,0.6018131101813111,0.10756972111553775,0.14966492926284403,0.06445277628994828,0.1999188598500216,0.04599109131403118,0.5,0.1762699438967681,0.6028987922656754,0.1251053032778788,0.7737944840182421,0.2702693146162522,0.5259818639950511
2021-10-10 13:40:00,0.5711297071129707,-0.31474103585657376,0.15681310498883105,0.06945188359221577,0.20270641661540878,0.03864142538975501,0.5,0.1762699438967681,0.6028987922656754,0.1251053032778788,0.7737944840182421,0.2702693146162522,0.5429560782775322
2021-10-10 13:50:00,0.6018131101813111,-0.11553784860557781,0.16604616530156346,0.07266559542938755,0.20440774234076245,0.03763919821826281,0.5,0.1762699438967681,0.6028987922656754,0.1251053032778788,0.7737944840182421,0.2702693146162522,0.606251037313095
2021-10-10 14:00:00,0.604602510460251,0.05179282868525892,0.171109456440804,0.07695054454561667,0.20201279920430307,0.03897550111358575,0.5,0.1846082162667686,0.5685000589068618,0.12316568125751927,0.7840347391765967,0.2763425472246155,0.5773571525566938
2021-10-10 14:10:00,0.604602510460251,-0.03585657370517936,0.17647058823529393,0.08516336368505639,0.19798196594731124,0.040311804008908686,0.5,0.1846082162667686,0.5685000589068618,0.12316568125751927,0.7840347391765967,0.2763425472246155,0.5744828522715271
2021-10-10 14:20:00,0.602510460251046,-0.02788844621513953,0.18272524199553208,0.0958757364756293,0.19651620839931422,0.03329621380846325,0.5,0.1846082162667686,0.5685000589068618,0.12316568125751927,0.7840347391765967,0.2763425472246155,0.6211883458816784
2021-10-10 14:30:00,0.6255230125523014,0.01195219123505975,0.1871928518242738,0.10194608105695413,0.2072476475900067,0.02928730512249443,0.5,0.1846082162667686,0.5685000589068618,0.12316568125751927,0.7840347391765967,0.2763425472246155,0.6925856632014122
2021-10-10 14:40:00,0.6443514644351465,-0.15537848605577698,0.19166046165301553,0.1008748437778968,0.2029943332766225,0.025612472160356347,0.5,0.1846082162667686,0.5685000589068618,0.12316568125751927,0.7840347391765967,0.2763425472246155,0.7416600027158743
2021-10-10 14:50:00,0.6331938633193863,0.06772908366533859,0.19791511541325368,0.1040885556150688,0.20253628404287344,0.03585746102449889,0.5,0.1846082162667686,0.5685000589068618,0.12316568125751927,0.7840347391765967,0.2763425472246155,0.6852150821551971
2021-10-10 15:00:00,0.6478382147838214,-0.003984063745020028,0.2068503350707369,0.11194429566148911,0.19571789402049444,0.04020044543429844,0.5,0.18941249533473647,0.5339260417175503,0.12258144859012497,0.7883015498292893,0.28000212369709104,0.6988774386287853
2021-10-10 15:10:00,0.6101813110181311,-0.09960159362549814,0.2139985107967235,0.12515622210319588,0.19476253419010353,0.021937639198218263,0.5,0.18941249533473647,0.5339260417175503,0.12258144859012497,0.7883015498292893,0.28000212369709104,0.6638728367306909
2021-10-10 15:20:00,0.6373779637377964,0.05179282868525892,0.21727475800446738,0.13336904124263538,0.1982567954875607,0.011581291759465479,0.5,0.18941249533473647,0.5339260417175503,0.12258144859012497,0.7883015498292893,0.28000212369709104,0.7696259637581665
2021-10-10 15:30:00,0.6171548117154811,-0.043824701195219196,0.2211466865227103,0.1408677021960365,0.197615526560312,0.0033407572383073497,0.5,0.18941249533473647,0.5339260417175503,0.12258144859012497,0.7883015498292893,0.28000212369709104,0.8026162922280732
2021-10-10 15:40:00,0.6729428172942817,-0.05179282868525903,0.2256142963514518,0.14443849312622747,0.2012930075512688,0.00913140311804009,0.5,0.18941249533473647,0.5339260417175503,0.12258144859012497,0.7883015498292893,0.28000212369709104,0.9071774522081567
2021-10-10 15:50:00,0.7112970711297071,-0.10756972111553798,0.2291883842144451,0.1537225495447243,0.19609742052845794,0.02694877505567929,0.5,0.18941249533473647,0.5339260417175503,0.12258144859012497,0.7883015498292893,0.28000212369709104,0.869555049262942
2021-10-10 16:00:00,0.6771269177126918,0.03585657370517925,0.23365599404318682,0.16336368505623988,0.20087421968041252,0.02839643652561247,0.5,0.2650676750862093,0.5076880637458434,0.08194627215300072,0.8002639890351732,0.28103068152235655,0.8105074158456176
2021-10-10 16:10:00,0.6806136680613668,0.08366533864541825,0.23782576321667914,0.1697911087305839,0.19957859470495085,0.04064587973273942,0.5,0.2650676750862093,0.5076880637458434,0.08194627215300072,0.8002639890351732,0.28103068152235655,0.7822547791843325
2021-10-10 16:20:00,0.6485355648535566,-0.08366533864541836,0.23752792256142952,0.18585966791644348,0.19481488267396058,0.020155902004454343,0.5,0.2650676750862093,0.5076880637458434,0.08194627215300072,0.8002639890351732,0.28103068152235655,0.7340781870030327
2021-10-10 16:30:00,0.6889818688981869,0.1394422310756971,0.24288905435591945,0.18585966791644348,0.20774495818664854,0.020601336302895325,0.5,0.2650676750862093,0.5076880637458434,0.08194627215300072,0.8002639890351732,0.28103068152235655,0.8449084901247794
2021-10-10 16:40:00,0.7078103207810321,0.01195219123505975,0.24556962025316453,0.18657382610248163,0.21036238237950033,0.02783964365256125,0.5,0.2650676750862093,0.5076880637458434,0.08194627215300072,0.8002639890351732,0.28103068152235655,0.8869592769739125
2021-10-10 16:50:00,0.7566248256624826,-0.003984063745020028,0.24616530156366334,0.18621674700946267,0.20383190901833506,0.04933184855233853,0.5,0.2650676750862093,0.5076880637458434,0.08194627215300072,0.8002639890351732,0.28103068152235655,0.8669372482158215
2021-10-10 17:00:00,0.7280334728033473,0.05179282868525892,0.24348473566641826,0.18336011426530985,0.20765334833989874,0.055345211581291756,0.5,0.255442840642607,0.49393259330990524,0.08759317826248672,0.827323768588632,0.28073176222042545,0.7794559198515323
2021-10-10 17:10:00,0.7517433751743374,-0.01195219123505975,0.2449739389426655,0.17907516514908073,0.20604363246129484,0.06403118040089087,0.5,0.255442840642607,0.49393259330990524,0.08759317826248672,0.827323768588632,0.28073176222042545,0.8151093139399792
2021-10-10 17:20:00,0.8040446304044631,0.03585657370517925,0.24288905435591945,0.17621853240492769,0.20248393555901636,0.08028953229398664,0.5,0.255442840642607,0.49393259330990524,0.08759317826248672,0.827323768588632,0.28073176222042545,0.8192736545106146
2021-10-10 17:30:00,0.7273361227336123,0.03585657370517925,0.23871928518242735,0.17693269059096606,0.20167253405923233,0.06403118040089087,0.5,0.255442840642607,0.49393259330990524,0.08759317826248672,0.827323768588632,0.28073176222042545,0.7807157837560541
2021-10-10 17:40:00,0.7733612273361228,0.027888446215139417,0.23752792256142952,0.17871808605606132,0.20688120820300743,0.07249443207126949,0.5,0.255442840642607,0.49393259330990524,0.08759317826248672,0.827323768588632,0.28073176222042545,0.8057169153703396
2021-10-10 17:50:00,0.7210599721059973,-0.06772908366533881,0.23663440059568108,0.1822888769862525,0.20688120820300743,0.06347438752783965,0.5,0.255442840642607,0.49393259330990524,0.08759317826248672,0.827323768588632,0.28073176222042545,0.7987461713716674
2021-10-10 18:00:00,0.7796373779637378,-0.17928286852589637,0.2330603127326878,0.17907516514908073,0.2032429885749434,0.08507795100222718,0.5,0.07353168860354953,0.47443873255423175,0.17920928096772368,0.7914362701547648,0.28366846301575266,0.7673250147109857
2021-10-10 18:10:00,0.7224546722454672,0.15537848605577675,0.22948622486969472,0.17657561149794687,0.19875410608420255,0.07394209354120267,0.5,0.07353168860354953,0.47443873255423175,0.17920928096772368,0.7914362701547648,0.28366846301575266,0.7312642394797593
2021-10-10 18:20:00,0.703626220362622,-0.059760956175298974,0.22382725241995538,0.17586145331190872,0.19867558335841698,0.052672605790645886,0.5,0.07353168860354953,0.47443873255423175,0.17920928096772368,0.7914362701547648,0.28366846301575266,0.7607767400455664
2021-10-10 18:30:00,0.7719665271966527,-0.1394422310756973,0.21935964259121343,0.17550437421888954,0.19867558335841698,0.08374164810690422,0.5,0.07353168860354953,0.47443873255423175,0.17920928096772368,0.7914362701547648,0.28366846301575266,0.7155197127208535
2021-10-10 18:40:00,0.7719665271966527,-0.003984063745020028,0.2142963514519729,0.17014818782360308,0.19867558335841698,0.0665924276169265,0.5,0.07353168860354953,0.47443873255423175,0.17920928096772368,0.7914362701547648,0.28366846301575266,0.8451876216485357
2021-10-10 18:50:00,0.7315202231520224,-0.20318725099601598,0.20506329113924027,0.16300660596322092,0.19867558335841698,0.03697104677060133,0.5,0.07353168860354953,0.47443873255423175,0.17920928096772368,0.7914362701547648,0.28366846301575266,0.9065512923035142
2021-10-10 19:00:00,0.6910739191073919,-0.3227091633466136,0.1952345495160086,0.16229244777718255,0.19867558335841698,0.02817371937639198,0.5,0.06810854296028013,0.4838092337223119,0.16286015052582845,0.6951538050279071,0.26823121568461494,0.8466059115530274
2021-10-10 19:10:00,0.7071129707112971,-0.36254980079681276,0.18659717051377522,0.16264952687020195,0.1962413788590648,0.027394209354120267,0.5,0.06810854296028013,0.4838092337223119,0.16286015052582845,0.6951538050279071,0.26823121568461494,0.9189462407773435
2021-10-10 19:20:00,0.6443514644351465,-0.02788844621513953,0.18064035740878626,0.15765041956793446,0.18875554566750863,0.00623608017817372,0.5,0.06810854296028013,0.4838092337223119,0.16286015052582845,0.6951538050279071,0.26823121568461494,0.840721517268434
2021-10-10 19:30:00,0.6889818688981869,-0.12350597609561753,0.17676842889054334,0.15443670773076223,0.1887293714255801,0.005345211581291759,0.5,0.06810854296028013,0.4838092337223119,0.16286015052582845,0.6951538050279071,0.26823121568461494,0.9529173016280159
2021-10-10 19:40:00,0.6471408647140864,0.06772908366533859,0.1708116157855546,0.1551508659168006,0.18253916320948557,0.004342984409799555,0.5,0.06810854296028013,0.4838092337223119,0.16286015052582845,0.6951538050279071,0.26823121568461494,0.8372361452690978
2021-10-10 19:50:00,0.6980474198047419,0.2589641434262948,0.16902457185405795,0.14872344224245682,0.17879624661370747,0.01202672605790646,0.5,0.06810854296028013,0.4838092337223119,0.16286015052582845,0.6951538050279071,0.26823121568461494,0.9354150006789687
2021-10-10 20:00:00,0.6715481171548118,0.05976095617529875,0.16485480268056585,0.14372433494018932,0.17879624661370747,0.011135857461024499,0.5,0.06546214207548928,0.4839414149715373,0.15764986544387416,0.7132490149480181,0.24321822941800625,0.9220393198243735
2021-10-10 20:10:00,0.6603905160390516,-0.21912350597609564,0.15860014892032748,0.14372433494018932,0.17879624661370747,0.0013363028953229399,0.5,0.06546214207548928,0.4839414149715373,0.15764986544387416,0.7132490149480181,0.24321822941800625,0.886815939164416
2021-10-10 20:20:00,0.6875871687587168,-0.14741035856573714,0.15711094564408024,0.14515265131226562,0.17260603839761293,0.0006681514476614699,0.5,0.06546214207548928,0.4839414149715373,0.15764986544387416,0.7132490149480181,0.24321822941800625,0.9671831857205365
2021-10-10 20:30:00,0.691771269177127,0.12350597609561742,0.15711094564408024,0.14301017675415095,0.16886312180183483,0.0017817371937639199,0.5,0.06546214207548928,0.4839414149715373,0.15764986544387416,0.7132490149480181,0.24321822941800625,0.9946059719057895
2021-10-10 20:40:00,0.7412831241283124,-0.13147410358565736,0.15413253909158597,0.14372433494018932,0.1672403188022667,0.0044543429844098,0.5,0.06546214207548928,0.4839414149715373,0.15764986544387416,0.7132490149480181,0.24321822941800625,0.9730902122908399
2021-10-10 20:50:00,0.7224546722454672,0.17131474103585642,0.15264333581533873,0.14193893947509362,0.16379840598866657,0.00757238307349666,0.5,0.06546214207548928,0.4839414149715373,0.15764986544387416,0.7132490149480181,0.24321822941800625,0.9515744526758906
2021-10-10 21:00:00,0.7684797768479776,-0.20318725099601598,0.1511541325390915,0.14193893947509362,0.16886312180183483,0.02249443207126949,0.5,0.07574653386355834,0.4873350248701881,0.13711637617989444,0.7587396354813837,0.2273442844516394,0.9300587685018935
2021-10-10 21:10:00,0.7649930264993027,-0.20318725099601598,0.148175725986597,0.14372433494018932,0.16886312180183483,0.04164810690423163,0.5,0.07574653386355834,0.4873350248701881,0.13711637617989444,0.7587396354813837,0.2273442844516394,0.9085429334459918
2021-10-10 21:20:00,0.8172942817294282,-0.05179282868525903,0.14519731943410275,0.1440814140332083,0.16886312180183483,0.0811804008908686,0.5,0.07574653386355834,0.4873350248701881,0.13711637617989444,0.7587396354813837,0.2273442844516394,0.8870271738310425
2021-10-10 21:30:00,0.8535564853556485,-0.1394422310756973,0.14519731943410275,0.14372433494018932,0.16886312180183483,0.09543429844097996,0.5,0.07574653386355834,0.4873350248701881,0.13711637617989444,0.7587396354813837,0.2273442844516394,0.8338563906030749
2021-10-10 21:40:00,0.8528591352859136,-0.19521912350597614,0.14281459419210707,0.14229601856811303,0.16886312180183483,0.09521158129175948,0.5,0.07574653386355834,0.4873350248701881,0.13711637617989444,0.7587396354813837,0.2273442844516394,0.8209710759388626
2021-10-10 21:50:00,0.8242677824267782,-0.36254980079681276,0.13894266567386415,0.135868594893769,0.16886312180183483,0.07939866369710467,0.5,0.07574653386355834,0.4873350248701881,0.13711637617989444,0.7587396354813837,0.2273442844516394,0.8629690541213393
2021-10-10 22:00:00,0.8333333333333333,-0.2509960159362551,0.1362620997766193,0.13086948759150152,0.16886312180183483,0.08028953229398664,0.5,-0.010787456436696097,0.4810880240914708,0.16805471065645713,0.7972322435446043,0.22210669015848275,0.9119075999215415
2021-10-10 22:10:00,0.7880055788005579,-0.2509960159362551,0.1356664184661205,0.12265666845206202,0.16886312180183483,0.059131403118040084,0.5,-0.010787456436696097,0.4810880240914708,0.16805471065645713,0.7972322435446043,0.22210669015848275,0.9537924166754681
2021-10-10 22:20:00,0.8472803347280335,0.03585657370517925,0.13507073715562168,0.1183717193358329,0.16886312180183483,0.08585746102449889,0.5,-0.010787456436696097,0.4810880240914708,0.16805471065645713,0.7972322435446043,0.22210669015848275,0.9074264073509664
2021-10-10 22:30:00,0.8172942817294282,-0.33864541832669326,0.13090096798212936,0.1151580074986609,0.16886312180183483,0.08953229398663697,0.5,-0.010787456436696097,0.4810880240914708,0.16805471065645713,0.7972322435446043,0.22210669015848275,0.8109147969883973
2021-10-10 22:40:00,0.8193863319386332,-0.3227091633466136,0.12822040208488428,0.11337261203356541,0.16597086806873357,0.08964365256124723,0.5,-0.010787456436696097,0.4810880240914708,0.16805471065645713,0.7972322435446043,0.22210669015848275,0.795223078896148
2021-10-10 22:50:00,0.8193863319386332,0.29083665338645415,0.12792256142963487,0.10480271380110695,0.15896925835285497,0.09810690423162584,0.5,-0.010787456436696097,0.4810880240914708,0.16805471065645713,0.7972322435446043,0.22210669015848275,0.7580005129984762
2021-10-10 23:00:00,0.810320781032078,0.3784860557768923,0.12613551749813845,0.09301910373147648,0.16038266741699495,0.0935412026726058,0.5,-0.05317909975342061,0.47052501817492043,0.17520753448361354,0.8253845146740167,0.2209566356257482,0.7763552967092656
2021-10-10 23:10:00,0.8647140864714087,-0.08366533864541836,0.11868950111690246,0.08659168005713269,0.16886312180183483,0.10100222717149221,0.5,-0.05317909975342061,0.47052501817492043,0.17520753448361354,0.8253845146740167,0.2209566356257482,0.814166302035397
2021-10-10 23:20:00,0.8633193863319387,-0.3545816733067729,0.1127326880119135,0.08552044277807536,0.16886312180183483,0.09443207126948776,0.5,-0.05317909975342061,0.47052501817492043,0.17520753448361354,0.8253845146740167,0.2209566356257482,0.8468020580291806
2021-10-10 23:30:00,0.8598326359832636,-0.5856573705179284,0.10796723752792259,0.08087841456882705,0.16886312180183483,0.08942093541202673,0.5,-0.05317909975342061,0.47052501817492043,0.17520753448361354,0.8253845146740167,0.2209566356257482,0.8961404408769256
2021-10-10 23:40:00,0.9211994421199443,-0.3705179282868527,0.10647803425167512,0.07659346545259771,0.16886312180183483,0.1066815144766147,0.5,-0.05317909975342061,0.47052501817492043,0.17520753448361354,0.8253845146740167,0.2209566356257482,0.9126997299213905
2021-10-10 23:50:00,0.892608089260809,-0.36254980079681276,0.10558451228592691,0.07159435815033022,0.16890238316472758,0.10801781737193764,0.5,-0.05317909975342061,0.47052501817492043,0.17520753448361354,0.8253845146740167,0.2209566356257482,0.8428112316489884
2021-10-11 00:00:00,0.900976290097629,-0.3944223107569722,0.1005212211466866,0.0687377254061774,0.16894164452762037,0.10679287305122495,0.5,-0.05280454455856032,0.45602818334113915,0.18070873116509084,0.8334633831966277,0.21949612899594306,0.8753036498332755
2021-10-11 00:10:00,0.8486750348675035,-0.5697211155378487,0.09486224869694704,0.0687377254061774,0.16895473164858466,0.08797327394209355,0.5,-0.05280454455856032,0.45602818334113915,0.18070873116509084,0.8334633831966277,0.21949612899594306,0.8867706745929961
2021-10-11 00:20:00,0.8779637377963738,-0.6414342629482073,0.08860759493670867,0.06552401356900561,0.16895473164858466,0.09532293986636972,0.5,-0.05280454455856032,0.45602818334113915,0.18070873116509084,0.8334633831966277,0.21949612899594306,0.8674276144062042
2021-10-11 00:30:00,0.8389121338912133,-0.6175298804780878,0.08473566641846597,0.061596143545795234,0.16895473164858466,0.08919821826280623,0.5,-0.05280454455856032,0.45602818334113915,0.18070873116509084,0.8334633831966277,0.21949612899594306,0.8596647404076829
2021-10-11 00:40:00,0.902370990237099,-0.649402390438247,0.08205510052122111,0.058025352615604486,0.16895473164858466,0.09944320712694878,0.5,-0.05280454455856032,0.45602818334113915,0.18070873116509084,0.8334633831966277,0.21949612899594306,0.9021229083995956
2021-10-11 00:50:00,0.9797768479776848,-0.4820717131474104,0.08175725986597171,0.051597928941260696,0.16895473164858466,0.12216035634743877,0.5,-0.05280454455856032,0.45602818334113915,0.18070873116509084,0.8334633831966277,0.21949612899594306,0.8756431341189251
2021-10-11 01:00:00,0.9323570432357042,-0.5856573705179284,0.07818317200297842,0.04374218889484016,0.16895473164858466,0.1086859688195991,0.5,-0.10901457296538664,0.4346205679770804,0.2812990889546547,0.8437811181034589,0.21546366677961776,0.8635122289783785
2021-10-11 01:10:00,0.9288702928870293,-0.5697211155378487,0.07609828741623215,0.039814318871630006,0.16895473164858466,0.1111358574610245,0.5,-0.10901457296538664,0.4346205679770804,0.2812990889546547,0.8437811181034589,0.21546366677961776,0.8608868838360216
2021-10-11 01:20:00,0.9330543933054394,-0.6733067729083666,0.07371556217423669,0.036957686127477185,0.16895473164858466,0.1111358574610245,0.5,-0.10901457296538664,0.4346205679770804,0.2812990889546547,0.8437811181034589,0.21546366677961776,0.8500988276476001
2021-10-11 01:30:00,0.9191073919107392,-0.7131474103585658,0.07163067758749042,0.03302981610426703,0.16895473164858466,0.1079064587973274,0.5,-0.10901457296538664,0.4346205679770804,0.2812990889546547,0.8437811181034589,0.21546366677961776,0.8471943509814868
2021-10-11 01:40:00,0.9937238493723849,-0.649402390438247,0.07550260610573334,0.031244420639171766,0.16895473164858466,0.12360801781737193,0.5,-0.10901457296538664,0.4346205679770804,0.2812990889546547,0.8437811181034589,0.21546366677961776,0.8750094301190458
2021-10-11 01:50:00,0.9058577405857741,-0.5936254980079682,0.07222635889798945,0.02945902517407606,0.16674300820562485,0.11069042316258351,0.5,-0.10901457296538664,0.4346205679770804,0.2812990889546547,0.8437811181034589,0.21546366677961776,0.8126650270833019
2021-10-11 02:00:00,0.9246861924686193,0.38645418326693215,0.07877885331347723,0.021960364220674933,0.15510855766839854,0.12260579064587973,0.5,-0.1098695794142065,0.4199455758073848,0.3107932641917369,0.8600093734728483,0.21055723659885822,0.8170028818443804
2021-10-11 02:10:00,0.903068340306834,0.5697211155378485,0.07669396872673095,0.01410462417425462,0.15510855766839854,0.11358574610244988,0.5,-0.1098695794142065,0.4199455758073848,0.3107932641917369,0.8600093734728483,0.21055723659885822,0.8428489521251716
2021-10-11 02:20:00,0.9232914923291493,0.22709163346613526,0.0740134028294861,0.006605963220853273,0.1622802999568125,0.1178173719376392,0.5,-0.1098695794142065,0.4199455758073848,0.3107932641917369,0.8600093734728483,0.21055723659885822,0.8223214689862245
2021-10-11 02:30:00,0.9312412831241282,-0.47410358565737054,0.06031273268801174,0.010890912337082836,0.16895473164858466,0.14265033407572383,0.5,-0.1098695794142065,0.4199455758073848,0.3107932641917369,0.8600093734728483,0.21055723659885822,0.8252561220332846
2021-10-11 02:40:00,0.9391910739191074,-0.3944223107569722,0.0588235294117645,0.00839135868594898,0.16895473164858466,0.1403118040089087,0.5,-0.1098695794142065,0.4199455758073848,0.3107932641917369,0.8600093734728483,0.21055723659885822,0.809398433845829
2021-10-11 02:50:00,0.9471408647140865,-0.2270916334661356,0.05941921072226353,0.005891805034815345,0.16895473164858466,0.15089086859688197,0.5,-0.1098695794142065,0.4199455758073848,0.3107932641917369,0.8600093734728483,0.21055723659885822,0.813125216892738
2021-10-11 03:00:00,0.9550906555090656,-0.3545816733067729,0.05703648548026785,0.0008926977325478536,0.16895473164858466,0.14710467706013364,0.5,-0.10637631023442895,0.4059458574109154,0.33161677735637446,0.8580891052608939,0.207672941887227,0.8322645865081402
2021-10-11 03:10:00,0.9630404463040447,-0.49800796812749004,0.05346239761727456,-0.0008926977325478536,0.16546047035112746,0.1202672605790646,0.5,-0.10637631023442895,0.4059458574109154,0.33161677735637446,0.8580891052608939,0.207672941887227,0.8496537260286374
2021-10-11 03:20:00,0.9114365411436541,0.40239043824701204,0.0546537602382724,-0.008391358685948758,0.15510855766839854,0.1210467706013363,0.5,-0.10637631023442895,0.4059458574109154,0.33161677735637446,0.8580891052608939,0.207672941887227,0.8275570710804654
2021-10-11 03:30:00,0.9721059972105996,0.5059760956175297,0.05763216679076688,-0.01624709873236929,0.15510855766839854,0.13184855233853007,0.5,-0.10637631023442895,0.4059458574109154,0.33161677735637446,0.8580891052608939,0.207672941887227,0.8077010124175809
2021-10-11 03:40:00,0.9232914923291493,0.3545816733067728,0.05137751303052851,-0.01696125691840733,0.15510855766839854,0.11982182628062361,0.5,-0.10637631023442895,0.4059458574109154,0.33161677735637446,0.8580891052608939,0.207672941887227,0.8433996710774477
2021-10-11 03:50:00,0.9546722454672245,0.4501992031872508,0.04988830975428127,-0.019103731476522,0.15506929630550575,0.1329621380846325,0.5,-0.10637631023442895,0.4059458574109154,0.33161677735637446,0.8580891052608939,0.207672941887227,0.808138569941307
2021-10-11 04:00:00,0.9689679218967922,0.585657370517928,0.0507818317200297,-0.022317443313693897,0.1550169478216487,0.1344097995545657,0.5,-0.14019354130763462,0.3995609283721313,0.3549608480415524,0.8451994405003111,0.20673605288870936,0.8601475625028291
2021-10-11 04:10:00,0.9832635983263598,0.4262948207171313,0.0546537602382724,-0.027673629708980574,0.1550169478216487,0.13184855233853007,0.5,-0.14019354130763462,0.3995609283721313,0.3549608480415524,0.8451994405003111,0.20673605288870936,0.8817991158320382
2021-10-11 04:20:00,0.9400278940027894,0.33864541832669315,0.04869694713328343,-0.023031601499732157,0.1550169478216487,0.12806236080178174,0.5,-0.14019354130763462,0.3995609283721313,0.3549608480415524,0.8451994405003111,0.20673605288870936,0.8190020670820948
2021-10-11 04:30:00,0.9490934449093444,0.49003984063745,0.047505584512285814,-0.023031601499732157,0.1550169478216487,0.13240534521158132,0.5,-0.14019354130763462,0.3995609283721313,0.3549608480415524,0.8451994405003111,0.20673605288870936,0.7664649878540067
2021-10-11 04:40:00,0.9679218967921898,0.5458167330677288,0.04780342516753522,-0.027673629708980574,0.1550169478216487,0.13619153674832962,0.5,-0.14019354130763462,0.3995609283721313,0.3549608480415524,0.8451994405003111,0.20673605288870936,0.7438779667154518
2021-10-11 04:50:00,0.9546722454672245,0.4183266932270917,0.04601638123603857,-0.029101946081056984,0.1550169478216487,0.1309576837416481,0.5,-0.14019354130763462,0.3995609283721313,0.3549608480415524,0.8451994405003111,0.20673605288870936,0.7866454426120676
2021-10-11 05:00:00,0.9602510460251046,0.4183266932270917,0.04452717795979133,-0.029816104267095023,0.1550169478216487,0.133630289532294,0.5,-0.1442812626012142,0.38735427735649197,0.35907507865328986,0.8283751244754878,0.20532322518591864,0.8206768562246329
2021-10-11 05:10:00,0.9602510460251046,0.4661354581673305,0.04690990320178701,-0.031244420639171433,0.1550169478216487,0.12806236080178174,0.5,-0.1442812626012142,0.38735427735649197,0.35907507865328986,0.8283751244754878,0.20532322518591864,0.8785626989755119
2021-10-11 05:20:00,0.9421199442119944,0.36254980079681287,0.04542069992553954,-0.02803070880199965,0.1550169478216487,0.1202672605790646,0.5,-0.1442812626012142,0.38735427735649197,0.35907507865328986,0.8283751244754878,0.20532322518591864,0.8846734161172052
2021-10-11 05:30:00,0.9574616457461647,0.40239043824701204,0.04690990320178701,-0.027673629708980574,0.1550169478216487,0.12271714922048997,0.5,-0.1442812626012142,0.38735427735649197,0.35907507865328986,0.8283751244754878,0.20532322518591864,0.9064381308749642
2021-10-11 05:40:00,0.9198047419804741,0.3545816733067728,0.04422933730454215,-0.027673629708980574,0.1550169478216487,0.11714922048997772,0.5,-0.1442812626012142,0.38735427735649197,0.35907507865328986,0.8283751244754878,0.20532322518591864,0.8825459812604673
2021-10-11 05:50:00,0.903068340306834,0.38645418326693215,0.04035740878629923,-0.027673629708980574,0.1550169478216487,0.1026726057906459,0.5,-0.1442812626012142,0.38735427735649197,0.35907507865328986,0.8283751244754878,0.20532322518591864,0.9610951008645534
2021-10-11 06:00:00,0.9302649930264993,0.47410358565737054,0.03618763961280713,-0.027673629708980574,0.1550169478216487,0.10534521158129177,0.5,-0.1562186668570017,0.3938685141390849,0.3748955210139246,0.8123567515286054,0.20492116817263614,0.9841951204792009
2021-10-11 06:10:00,0.9421199442119944,0.5776892430278884,0.042144452717795655,-0.027673629708980574,0.1550169478216487,0.10634743875278398,0.5,-0.1562186668570017,0.3938685141390849,0.3748955210139246,0.8123567515286054,0.20492116817263614,0.9676358314347361
2021-10-11 06:20:00,0.9490934449093444,-0.059760956175298974,0.03618763961280713,-0.022674522406713193,0.16713562183455263,0.09632516703786193,0.5,-0.1562186668570017,0.3938685141390849,0.3748955210139246,0.8123567515286054,0.20492116817263614,0.9664228918025862
2021-10-11 06:30:00,0.9811715481171548,-0.12350597609561753,0.028741623231570923,-0.012319228709159136,0.16886312180183483,0.09933184855233854,0.5,-0.1562186668570017,0.3938685141390849,0.3748955210139246,0.8123567515286054,0.20492116817263614,0.9652099521704363
2021-10-11 06:40:00,0.9581589958158996,-0.17131474103585675,0.026061057334326065,-0.006963042313872458,0.16886312180183483,0.09142538975501115,0.5,-0.1562186668570017,0.3938685141390849,0.3748955210139246,0.8123567515286054,0.20492116817263614,0.9639970879792388
2021-10-11 06:50:00,0.9274755927475593,-0.08366533864541836,0.026061057334326065,-0.0026780931976432276,0.16886312180183483,0.08719376391982182,0.5,-0.1562186668570017,0.3938685141390849,0.3748955210139246,0.8123567515286054,0.20492116817263614,0.9627841483470888
2021-10-11 07:00:00,0.9225941422594143,-0.2270916334661356,0.02427401340282942,0.0012497768255668174,0.16886312180183483,0.08674832962138085,0.5,-0.14854808998530133,0.3953857249997857,0.3626740634808676,0.8278195666523964,0.19818403819688646,0.961571208714939
2021-10-11 07:10:00,0.8947001394700139,-0.5219123505976095,0.016530156366343807,0.008748437778968166,0.16886312180183483,0.07861915367483296,0.5,-0.14854808998530133,0.3953857249997857,0.3626740634808676,0.8278195666523964,0.19818403819688646,0.960358269082789
2021-10-11 07:20:00,0.8849372384937239,-0.5458167330677292,0.012956068503350515,0.010890912337082836,0.16886312180183483,0.06982182628062361,0.5,-0.14854808998530133,0.3953857249997857,0.3626740634808676,0.8278195666523964,0.19818403819688646,0.9591454048915914
2021-10-11 07:30:00,0.8403068340306835,-0.47410358565737054,0.007297096053611174,0.010533833244063429,0.16886312180183483,0.05846325167037862,0.5,-0.14854808998530133,0.3953857249997857,0.3626740634808676,0.8278195666523964,0.19818403819688646,0.9579324652594415
2021-10-11 07:40:00,0.9205020920502092,-0.3545816733067729,0.0040208488458675085,0.008034279592929794,0.16886312180183483,0.08084632516703787,0.5,-0.14854808998530133,0.3953857249997857,0.3626740634808676,0.8278195666523964,0.19818403819688646,0.9567195256272916
2021-10-11 07:50:00,0.8779637377963738,-0.5856573705179284,0.004914370811615498,0.010176754151044465,0.16892855740665613,0.06971046770601336,0.5,-0.14854808998530133,0.3953857249997857,0.3626740634808676,0.8278195666523964,0.19818403819688646,0.9555066614360941
2021-10-11 08:00:00,0.9260808926080892,-0.4820717131474104,0.005212211466865124,0.011605070523120764,0.16895473164858466,0.08541202672605791,0.5,-0.14444409238405553,0.38985710057556283,0.35871150256094786,0.8311744307206265,0.19724763686354496,0.9542937218039441
2021-10-11 08:10:00,0.9832635983263598,-0.33864541832669326,0.014147431124348353,0.012319228709159136,0.16895473164858466,0.10111358574610245,0.5,-0.14444409238405553,0.38985710057556283,0.35871150256094786,0.8311744307206265,0.19724763686354496,0.9530807821717941
2021-10-11 08:20:00,0.9825662482566249,-0.33067729083665354,0.01742367833209224,0.013033386895197285,0.16895473164858466,0.10601336302895323,0.5,-0.14444409238405553,0.38985710057556283,0.35871150256094786,0.8311744307206265,0.19724763686354496,0.9518678425396443
2021-10-11 08:30:00,0.9816945606694562,-0.1633466135458168,0.026061057334326065,0.01624709873236929,0.16895473164858466,0.13697104677060135,0.5,-0.14444409238405553,0.38985710057556283,0.35871150256094786,0.8311744307206265,0.19724763686354496,0.9506549029074943
2021-10-11 08:40:00,0.9808229428172943,-0.2270916334661356,0.03320923306031265,0.013747545081235657,0.16895473164858466,0.12839643652561247,0.5,-0.14444409238405553,0.38985710057556283,0.35871150256094786,0.8311744307206265,0.19724763686354496,0.9494419632753445
2021-10-11 08:50:00,0.9799511854951186,-0.11553784860557781,0.03827252419955318,0.018746652383502926,0.16895473164858466,0.12639198218262807,0.5,-0.14444409238405553,0.38985710057556283,0.35871150256094786,0.8311744307206265,0.19724763686354496,0.9482290236431945
2021-10-11 09:00:00,0.9790794979079498,0.09960159362549792,0.049590469099031864,0.02231744331369412,0.16895473164858466,0.1036748329621381,0.5,-0.15364550935670895,0.3916358004293021,0.37490807561216033,0.7888870327360981,0.20737408649583183,0.9470160840110446
2021-10-11 09:10:00,0.9156206415620642,0.043824701195219085,0.05644080416976904,0.027673629708980574,0.16895473164858466,0.08530066815144767,0.5,-0.15364550935670895,0.3916358004293021,0.37490807561216033,0.7888870327360981,0.20737408649583183,0.945803219819847
2021-10-11 09:20:00,0.8744769874476986,0.1872509960159361,0.06329113924050622,0.035529369755400886,0.16895473164858466,0.0757238307349666,0.5,-0.15364550935670895,0.3916358004293021,0.37490807561216033,0.7888870327360981,0.20737408649583183,0.9445902801876972
2021-10-11 09:30:00,0.9435146443514644,0.17131474103585642,0.07639612807148177,0.0433851098018212,0.17502715577600084,0.09342984409799555,0.5,-0.15364550935670895,0.3916358004293021,0.37490807561216033,0.7888870327360981,0.20737408649583183,0.9433773405555472
2021-10-11 09:40:00,0.9365411436541143,-0.4661354581673308,0.0746090841399849,0.055882878057489815,0.18282707987069927,0.08930957683741649,0.5,-0.15364550935670895,0.3916358004293021,0.37490807561216033,0.7888870327360981,0.20737408649583183,0.9421644763643496
2021-10-11 09:50:00,0.9511854951185496,-0.4900398406374503,0.0784810126582276,0.06766648812712006,0.1828401669916635,0.08975501113585747,0.5,-0.15364550935670895,0.3916358004293021,0.37490807561216033,0.7888870327360981,0.20737408649583183,0.9409515367321998
2021-10-11 10:00:00,0.9435146443514644,-0.33864541832669326,0.08592702903946359,0.07302267452240674,0.17870463676695764,0.08741648106904232,0.5,0.11521491229971881,0.40388842753163035,0.20202339543040523,0.8175165682671541,0.22388606506932116,0.9397385971000498
2021-10-11 10:10:00,0.9421199442119944,-0.1633466135458168,0.10498883097542788,0.07516514908052141,0.1810210571776315,0.08942093541202673,0.5,0.11521491229971881,0.40388842753163035,0.20202339543040523,0.8175165682671541,0.22388606506932116,0.9385256574679
2021-10-11 10:20:00,0.9609483960948396,0.043824701195219085,0.10707371556217415,0.08194965184788416,0.18287942835455628,0.10055679287305122,0.5,0.11521491229971881,0.40388842753163035,0.20202339543040523,0.8175165682671541,0.22388606506932116,0.9373127932767024
2021-10-11 10:30:00,0.9567642956764296,0.17928286852589648,0.10945644080416961,0.07945009819675053,0.18874245854654434,0.09142538975501115,0.5,0.11521491229971881,0.40388842753163035,0.20202339543040523,0.8175165682671541,0.22388606506932116,0.9360998536445524
2021-10-11 10:40:00,0.810320781032078,-0.003984063745020028,0.10558451228592691,0.08373504731297987,0.19130753425553912,0.06937639198218264,0.5,0.11521491229971881,0.40388842753163035,0.20202339543040523,0.8175165682671541,0.22388606506932116,0.9348869140124025
2021-10-11 10:50:00,0.9288702928870293,0.3067729083665336,0.11213700670141469,0.09230494554543855,0.1967125152137781,0.1155902004454343,0.5,0.11521491229971881,0.40388842753163035,0.20202339543040523,0.8175165682671541,0.22388606506932116,0.8989770206859092
2021-10-11 11:00:00,0.8793584379358438,-0.21912350597609564,0.11600893521965738,0.09159078735940018,0.2091976286136813,0.094543429844098,0.5,0.1310690365593219,0.3985810630245942,0.19474274296666677,0.8973642859061615,0.24524104345030276,0.9358299259169848
2021-10-11 11:10:00,0.8730822873082287,-0.3067729083665339,0.11183916604616506,0.09337618282449567,0.21070264752457107,0.1032293986636971,0.5,0.1310690365593219,0.3985810630245942,0.19474274296666677,0.8973642859061615,0.24524104345030276,0.8389863753640026
2021-10-11 11:20:00,0.9079497907949791,-0.33067729083665354,0.1088607594936708,0.09337618282449567,0.21074190888746386,0.11625835189309576,0.5,0.1310690365593219,0.3985810630245942,0.19474274296666677,0.8973642859061615,0.24524104345030276,0.7667214870920531
2021-10-11 11:30:00,0.8563458856345886,0.2111553784860556,0.11362620997766193,0.08623460096411373,0.19724908717331274,0.0834075723830735,0.5,0.1310690365593219,0.3985810630245942,0.19474274296666677,0.8973642859061615,0.24524104345030276,0.9843082819077509
2021-10-11 11:40:00,0.8814504881450489,-0.2509960159362551,0.11988086373789986,0.0830208891269415,0.2013584431560901,0.07494432071269488,0.5,0.1310690365593219,0.3985810630245942,0.19474274296666677,0.8973642859061615,0.24524104345030276,0.7954003651342095
2021-10-11 11:50:00,0.8702928870292888,0.05179282868525892,0.12494415487714061,0.09087662917336181,0.1968041250605279,0.1380846325167038,0.5,0.1310690365593219,0.3985810630245942,0.19474274296666677,0.8973642859061615,0.24524104345030276,0.6064924483606681
2021-10-11 12:00:00,0.8110181311018132,-0.0916334661354582,0.13030528667163077,0.09908944831280131,0.198322231092382,0.14955456570155903,0.5,0.13026289238659028,0.39606674578384904,0.1921310060912628,0.9183617497838854,0.2603005289415734,0.40677007106537716
2021-10-11 12:10:00,0.801255230125523,-0.298804780876494,0.1359642591213699,0.09551865738261034,0.19039143578804102,0.05334075723830735,0.5,0.13026289238659028,0.39606674578384904,0.1921310060912628,0.9183617497838854,0.2603005289415734,0.9878615507642169
2021-10-11 12:20:00,0.7719665271966527,0.15537848605577675,0.15055845122859246,0.09551865738261034,0.18502571619269476,0.027616926503340758,0.5,0.13026289238659028,0.39606674578384904,0.1921310060912628,0.9183617497838854,0.2603005289415734,0.7855326885646605
2021-10-11 12:30:00,0.7301255230125524,0.019920318725099362,0.16008935219657472,0.10587395108016429,0.19024747745743414,0.09064587973273942,0.5,0.13026289238659028,0.39606674578384904,0.1921310060912628,0.9183617497838854,0.2603005289415734,0.583203826365104
2021-10-11 12:40:00,0.8165969316596933,0.13147410358565725,0.16932241250930735,0.11408677021960378,0.1889125911190797,0.13830734966592428,0.5,0.13026289238659028,0.39606674578384904,0.1921310060912628,0.9183617497838854,0.2603005289415734,0.4358072936312748
2021-10-11 12:50:00,0.7852161785216178,-0.12350597609561753,0.17587490692479513,0.1151580074986609,0.19444844328696131,0.1111358574610245,0.5,0.13026289238659028,0.39606674578384904,0.1921310060912628,0.9183617497838854,0.2603005289415734,0.5470374338005644
2021-10-11 13:00:00,0.6799163179916318,0.027888446215139417,0.18064035740878626,0.11587216568469927,0.19744539398777664,0.019599109131403118,0.5,0.26067053718152366,0.3760039309554138,0.14302654840996015,0.8893639820293222,0.26319934551632107,0.7938802299440227
2021-10-11 13:10:00,0.6157601115760112,-0.01195219123505975,0.19136262099776613,0.12801285484734892,0.19036526154611247,0.019487750556792874,0.5,0.26067053718152366,0.3760039309554138,0.14302654840996015,0.8893639820293222,0.26319934551632107,0.721290945576897
2021-10-11 13:20:00,0.6541143654114366,0.027888446215139417,0.2068503350707369,0.14658096768434214,0.20266715525251602,0.07293986636971046,0.5,0.26067053718152366,0.3760039309554138,0.14302654840996015,0.8893639820293222,0.26319934551632107,0.5289391493278212
2021-10-11 13:30:00,0.7203626220362622,-0.21912350597609564,0.21876396128071485,0.15086591680057126,0.20803287484786223,0.09075723830734968,0.5,0.26067053718152366,0.3760039309554138,0.14302654840996015,0.8893639820293222,0.26319934551632107,0.5553510267513617
2021-10-11 13:40:00,0.7287308228730822,0.20318725099601576,0.22710349962769927,0.1533654704517049,0.2020258863252673,0.07160356347438752,0.5,0.26067053718152366,0.3760039309554138,0.14302654840996015,0.8893639820293222,0.26319934551632107,0.6965689454863678
2021-10-11 13:50:00,0.7559274755927475,0.08366533864541825,0.22740134028294823,0.1537225495447243,0.2118804884113544,0.043875278396436526,0.5,0.26067053718152366,0.3760039309554138,0.14302654840996015,0.8893639820293222,0.26319934551632107,0.9048463267800294
2021-10-11 14:00:00,0.6708507670850766,-0.059760956175298974,0.2285927029039463,0.15622210319585794,0.21305832929813773,0.004899777282850779,0.5,0.2636996647680976,0.37211895163028413,0.1460345794215932,0.8049655722787927,0.2787823638879512,0.8570922039319824
2021-10-11 14:10:00,0.5613668061366807,0.019920318725099362,0.2369322412509307,0.17836100696304236,0.19987959848712883,0.0026726057906458797,0.5,0.2636996647680976,0.37211895163028413,0.1460345794215932,0.8049655722787927,0.2787823638879512,0.638019222354663
2021-10-11 14:20:00,0.6283124128312413,-0.019920318725099695,0.24378257632166767,0.19585788252097847,0.2223632723037259,0.004342984409799555,0.5,0.2636996647680976,0.37211895163028413,0.1460345794215932,0.8049655722787927,0.2787823638879512,0.7803687553751679
2021-10-11 14:30:00,0.5948396094839609,0.019920318725099362,0.2482501861504094,0.19657204070701662,0.21756029890984283,0.0038975501113585743,0.5,0.2636996647680976,0.37211895163028413,0.1460345794215932,0.8049655722787927,0.2787823638879512,0.7004390663427735
2021-10-11 14:40:00,0.5843793584379359,0.027888446215139417,0.2524199553239015,0.2062131762185324,0.20635772336443706,0.0026726057906458797,0.5,0.2636996647680976,0.37211895163028413,0.1460345794215932,0.8049655722787927,0.2787823638879512,0.6493957179715436
2021-10-11 14:50:00,0.5920502092050209,-0.02788844621513953,0.2518242740134027,0.20871272986966627,0.21516535577338342,0.00111358574610245,0.5,0.2636996647680976,0.37211895163028413,0.1460345794215932,0.8049655722787927,0.2787823638879512,0.6751814354904416
2021-10-11 15:00:00,0.5955369595536959,-0.01195219123505975,0.24646314221891252,0.21085520442778072,0.2121422308306396,0.0012249443207126948,0.5,0.26451394709466225,0.3723200970095429,0.1579220085531054,0.6738275539841563,0.2955236834744224,0.6738989393002097
2021-10-11 15:10:00,0.5843793584379359,0.11553784860557759,0.23782576321667914,0.20764149259060893,0.2158458860635249,0.0010022271714922048,0.5,0.26451394709466225,0.3723200970095429,0.1579220085531054,0.6738275539841563,0.2955236834744224,0.6845813781553179
2021-10-11 15:20:00,0.6150627615062761,0.003984063745019917,0.2285927029039463,0.19907159435815025,0.22070120794126502,0.0008908685968819599,0.5,0.26451394709466225,0.3723200970095429,0.1579220085531054,0.6738275539841563,0.2955236834744224,0.741976854715814
2021-10-11 15:30:00,0.5446304044630405,0.12350597609561742,0.22055100521221127,0.19264417068380646,0.22487599952886367,0.00044543429844097997,0.5,0.26451394709466225,0.3723200970095429,0.1579220085531054,0.6738275539841563,0.2955236834744224,0.5655053789399038
2021-10-11 15:40:00,0.5411436541143654,0.003984063745019917,0.21906180193596425,0.20228530619532248,0.22707463585085919,0.000556792873051225,0.5,0.26451394709466225,0.3723200970095429,0.1579220085531054,0.6738275539841563,0.2955236834744224,0.5513602003711695
2021-10-11 15:50:00,0.502092050209205,-0.1872509960159363,0.21727475800446738,0.19657204070701662,0.2383949954849433,0.00022271714922048998,0.5,0.26451394709466225,0.3723200970095429,0.1579220085531054,0.6738275539841563,0.2955236834744224,0.4630490215308478
2021-10-11 16:00:00,0.4344490934449094,0.17928286852589648,0.21667907669396835,0.20121406891626492,0.24705866956328276,0.00022271714922048998,0.5,0.29529391242746117,0.375647616283581,0.167103731543631,0.5058210550399919,0.3403747707323104,0.3562321770750034
2021-10-11 16:10:00,0.3800557880055788,-0.09960159362549814,0.21667907669396835,0.20192822710230307,0.24978079072384868,0.00022271714922048998,0.5,0.29529391242746117,0.375647616283581,0.167103731543631,0.5058210550399919,0.3403747707323104,0.28589857718363837
2021-10-11 16:20:00,0.3200836820083682,-0.1633466135458168,0.21727475800446738,0.1969291198000358,0.254191150488804,0.00022271714922048998,0.5,0.29529391242746117,0.375647616283581,0.167103731543631,0.5058210550399919,0.3403747707323104,0.18283114806041312
2021-10-11 16:30:00,0.32984658298465835,-0.01195219123505975,0.21935964259121343,0.18585966791644348,0.2561411315124786,0.00022271714922048998,0.5,0.29529391242746117,0.375647616283581,0.167103731543631,0.5058210550399919,0.3403747707323104,0.2100200672933295
2021-10-11 16:40:00,0.4191073919107392,0.6095617529880477,0.2217423678332091,0.18121763970719518,0.2891730248262685,0.00033407572383073496,0.5,0.29529391242746117,0.375647616283581,0.167103731543631,0.5058210550399919,0.3403747707323104,0.3737344780240506
2021-10-11 16:50:00,0.5878661087866108,0.1872509960159361,0.20327624720774362,0.1697911087305839,0.33449372472549765,0.00044543429844097997,0.5,0.29529391242746117,0.375647616283581,0.167103731543631,0.5058210550399919,0.3403747707323104,0.7160930639588394
2021-10-11 17:00:00,0.4881450488145049,-0.003984063745020028,0.18540580789277716,0.1505088377075523,0.34678253131093695,0.00022271714922048998,0.5,0.2871673654694795,0.39268175640145186,0.18867595529396342,0.36018344768483224,0.42680615462717736,0.4680205802918056
2021-10-11 17:10:00,0.4421199442119944,-0.2749003984063746,0.17617274758004453,0.14158186038207465,0.34641609192393763,0.00022271714922048998,0.5,0.2871673654694795,0.39268175640145186,0.18867595529396342,0.36018344768483224,0.42680615462717736,0.3582389064079545
2021-10-11 17:20:00,0.3723849372384937,-0.19521912350597614,0.17498138495904692,0.1376539903588645,0.338655429192132,0.00022271714922048998,0.5,0.2871673654694795,0.39268175640145186,0.18867595529396342,0.36018344768483224,0.42680615462717736,0.2510901217616971
2021-10-11 17:30:00,0.29567642956764295,0.07569721115537842,0.17498138495904692,0.12801285484734892,0.33811885723259744,0.00022271714922048998,0.5,0.2871673654694795,0.39268175640145186,0.18867595529396342,0.36018344768483224,0.42680615462717736,0.14851305882885468
2021-10-11 17:40:00,0.3849372384937238,-0.29083665338645437,0.17795979151154118,0.1219425102660241,0.33068537252489827,0.00022271714922048998,0.5,0.2871673654694795,0.39268175640145186,0.18867595529396342,0.36018344768483224,0.42680615462717736,0.27207025061484374
2021-10-11 17:50:00,0.36750348675034866,0.15537848605577675,0.1746835443037973,0.10944474201035526,0.33222965279868083,0.00022271714922048998,0.5,0.2871673654694795,0.39268175640145186,0.18867595529396342,0.36018344768483224,0.42680615462717736,0.23509663985998158
2021-10-11 18:00:00,0.37866108786610875,0.05976095617529875,0.16991809381980638,0.09516157828959115,0.33113033463768304,0.00022271714922048998,0.5,0.14043328331481675,0.43410908401267767,0.24310673298030822,0.46672687142675506,0.600301995177088,0.24586960785792963
2021-10-11 18:10:00,0.3814504881450488,-0.19521912350597614,0.16634400595681287,0.09016247098732366,0.3356453913703525,0.00022271714922048998,0.5,0.14043328331481675,0.43410908401267767,0.24310673298030822,0.46672687142675506,0.600301995177088,0.26695535404438947
2021-10-11 18:20:00,0.399581589958159,0.2350597609561753,0.1591958302308265,0.07945009819675053,0.3367185352894217,0.00022271714922048998,0.5,0.14043328331481675,0.43410908401267767,0.24310673298030822,0.46672687142675506,0.600301995177088,0.30562638622749977
2021-10-11 18:30:00,0.37796373779637377,-0.07569721115537853,0.14966492926284403,0.07016604177825392,0.35031605397128684,0.00022271714922048998,0.5,0.14043328331481675,0.43410908401267767,0.24310673298030822,0.46672687142675506,0.600301995177088,0.2685697904250343
2021-10-11 18:40:00,0.49302649930264997,0.05179282868525892,0.14400595681310469,0.062310301731833606,0.3476201070526495,0.00044543429844097997,0.5,0.14043328331481675,0.43410908401267767,0.24310673298030822,0.46672687142675506,0.600301995177088,0.45930715029346536
2021-10-11 18:50:00,0.5062761506276151,-0.24302788844621515,0.13894266567386415,0.055168719871451444,0.3548441978249205,0.00044543429844097997,0.5,0.14043328331481675,0.43410908401267767,0.24310673298030822,0.46672687142675506,0.600301995177088,0.5214403186625829
2021-10-11 19:00:00,0.3528591352859135,-0.17928286852589637,0.13358153387937444,0.055882878057489815,0.3460496525369384,0.00022271714922048998,0.5,0.11961205020440446,0.4709761585255476,0.20059242485977846,0.7049206833332583,0.6684647732924581,0.24559802042940992
2021-10-11 19:10:00,0.31729428172942814,-0.33864541832669326,0.1288160833953833,0.05231208712729862,0.3328840088468938,0.00022271714922048998,0.5,0.11961205020440446,0.4709761585255476,0.20059242485977846,0.7049206833332583,0.6684647732924581,0.16802208911085295
2021-10-11 19:20:00,0.3158995815899582,-0.2589641434262948,0.12673119880863726,0.04517050526691668,0.3139076834487181,0.00033407572383073496,0.5,0.11961205020440446,0.4709761585255476,0.20059242485977846,0.7049206833332583,0.6684647732924581,0.17481931891908203
2021-10-11 19:30:00,0.3682008368200837,0.298804780876494,0.12375279225614277,0.03767184431351556,0.30805774037769434,0.00022271714922048998,0.5,0.11961205020440446,0.4709761585255476,0.20059242485977846,0.7049206833332583,0.6684647732924581,0.23414608386016267
2021-10-11 19:40:00,0.34797768479776847,-0.29083665338645437,0.11511541325390895,0.02874486698803791,0.3320595202261455,0.00033407572383073496,0.5,0.11961205020440446,0.4709761585255476,0.20059242485977846,0.7049206833332583,0.6684647732924581,0.22160025348159995
2021-10-11 19:50:00,0.2796373779637378,-0.50597609561753,0.10796723752792259,0.018032494197464777,0.3320595202261455,0.00022271714922048998,0.5,0.11961205020440446,0.4709761585255476,0.20059242485977846,0.7049206833332583,0.6684647732924581,0.1361407426407351
2021-10-11 20:00:00,0.32217573221757323,0.22709163346613526,0.10111690245718519,0.00910551687198713,0.31911635759249324,0.00022271714922048998,0.5,0.10103007681550036,0.4883694868206678,0.20220093520343585,0.601308353735371,0.6962214349751432,0.17844802872791465
2021-10-11 20:10:00,0.2105997210599721,0.5697211155378485,0.09337304542069957,-0.0008926977325478536,0.31821334624595937,0.00022271714922048998,0.5,0.10103007681550036,0.4883694868206678,0.20220093520343585,0.601308353735371,0.6962214349751432,0.08011829141331081
2021-10-11 20:20:00,0.1924686192468619,0.784860557768924,0.09099032017870412,-0.0026780931976432276,0.31822643336692363,0.00033407572383073496,0.5,0.10103007681550036,0.4883694868206678,0.20220093520343585,0.601308353735371,0.6962214349751432,0.06681050741584563
2021-10-11 20:30:00,0.24476987447698745,0.3306772908366533,0.08830975428145926,-0.011605070523120875,0.3341665467013912,0.00022271714922048998,0.5,0.10103007681550036,0.4883694868206678,0.20220093520343585,0.601308353735371,0.6962214349751432,0.10972132112195784
2021-10-11 20:40:00,0.3186889818688982,0.17928286852589648,0.0856291883842144,-0.018032494197464666,0.33716349740220647,0.00022271714922048998,0.5,0.10103007681550036,0.4883694868206678,0.20220093520343585,0.601308353735371,0.6962214349751432,0.16524586206376268
2021-10-11 20:50:00,0.2838214783821479,0.4501992031872508,0.0826507818317197,-0.02624531333690394,0.3620159401133345,0.00033407572383073496,0.5,0.10103007681550036,0.4883694868206678,0.20220093520343585,0.601308353735371,0.6962214349751432,0.1375137679738069
2021-10-11 21:00:00,0.2719665271966527,0.33864541832669315,0.0826507818317197,-0.031244420639171433,0.3848137048330738,0.00022271714922048998,0.5,0.08141395753417946,0.5135758763473156,0.2298128084040227,0.5205696280296923,0.693767160081355,0.12096202302457867
2021-10-11 21:10:00,0.3117154811715481,0.019920318725099362,0.08533134772896478,-0.031244420639171433,0.38999620473492036,0.00022271714922048998,0.5,0.08141395753417946,0.5135758763473156,0.2298128084040227,0.5205696280296923,0.693767160081355,0.1563513737797426
2021-10-11 21:20:00,0.33751743375174337,-0.043824701195219196,0.0856291883842144,-0.03088734154615247,0.38999620473492036,0.00033407572383073496,0.5,0.08141395753417946,0.5135758763473156,0.2298128084040227,0.5205696280296923,0.693767160081355,0.19082034491603422
2021-10-11 21:30:00,0.30264993026499304,-0.3784860557768924,0.08652271034996262,-0.028744866988037687,0.37601915954509174,0.00022271714922048998,0.5,0.08141395753417946,0.5135758763473156,0.2298128084040227,0.5205696280296923,0.693767160081355,0.16138328530259366
2021-10-11 21:40:00,0.4470013947001395,-0.13147410358565736,0.08354430379746813,-0.027673629708980574,0.3623562052584052,0.00033407572383073496,0.5,0.08141395753417946,0.5135758763473156,0.2298128084040227,0.5205696280296923,0.693767160081355,0.38157279297493857
2021-10-11 21:50:00,0.36192468619246865,0.298804780876494,0.07580044676098274,-0.027673629708980574,0.36438470900786535,0.00022271714922048998,0.5,0.08141395753417946,0.5135758763473156,0.2298128084040227,0.5205696280296923,0.693767160081355,0.27873168670881304
2021-10-11 22:00:00,0.29428172942817293,-0.45019920318725104,0.0701414743112434,-0.03017318336011432,0.37355878080381094,0.00022271714922048998,0.5,0.027076771807834188,0.5188286442514092,0.2648367135003907,0.5660475010198427,0.6848647525419853,0.16193400425486973
2021-10-11 22:10:00,0.3284518828451883,-0.5298804780876495,0.06478034251675346,-0.036957686127477296,0.37355878080381094,0.00022271714922048998,0.5,0.027076771807834188,0.5188286442514092,0.2648367135003907,0.5660475010198427,0.6848647525419853,0.19166528358253995
2021-10-11 22:20:00,0.38772663877266383,-0.23505976095617542,0.05763216679076688,-0.037671844313515335,0.3650652392980069,0.00022271714922048998,0.5,0.027076771807834188,0.5188286442514092,0.2648367135003907,0.5660475010198427,0.6848647525419853,0.2636057757593132
2021-10-11 22:30:00,0.36541143654114366,-0.03585657370517936,0.05346239761727456,-0.038386002499553595,0.361688762089228,0.00022271714922048998,0.5,0.027076771807834188,0.5188286442514092,0.2648367135003907,0.5660475010198427,0.6848647525419853,0.23250147109857117
2021-10-11 22:40:00,0.33054393305439334,0.3705179282868525,0.04839910647803425,-0.04302803070880201,0.36281425449215426,0.00022271714922048998,0.5,0.027076771807834188,0.5188286442514092,0.2648367135003907,0.5660475010198427,0.6848647525419853,0.2030794996756039
2021-10-11 22:50:00,0.3458856345885635,0.17928286852589648,0.04154877140729707,-0.0526691662203177,0.3781785345041945,0.00022271714922048998,0.5,0.027076771807834188,0.5188286442514092,0.2648367135003907,0.5660475010198427,0.6848647525419853,0.20813404348416495
2021-10-11 23:00:00,0.20781032078103207,-0.3784860557768924,0.0355919583023081,-0.058739510801642525,0.38680294721964115,0.00033407572383073496,0.5,-0.015249732925136095,0.5243285336214505,0.2982655505502021,0.5608062717801234,0.6902265150030118,0.07462619008102359
2021-10-11 23:10:00,0.25871687587168757,0.01195219123505975,0.03201787043931481,-0.062310301731833606,0.3868291214615697,0.00022271714922048998,0.5,-0.015249732925136095,0.5243285336214505,0.2982655505502021,0.5608062717801234,0.6902265150030118,0.10911024940778852
2021-10-11 23:20:00,0.2175732217573222,0.4820717131474104,0.028741623231570923,-0.07016604177825392,0.3868291214615697,0.00033407572383073496,0.5,-0.015249732925136095,0.5243285336214505,0.2982655505502021,0.5608062717801234,0.6902265150030118,0.08003530636570756
2021-10-11 23:30:00,0.1631799163179916,0.03585657370517925,0.026061057334326065,-0.07159435815033022,0.3868291214615697,0.00022271714922048998,0.5,-0.015249732925136095,0.5243285336214505,0.2982655505502021,0.5608062717801234,0.6902265150030118,0.043529429515518206
2021-10-11 23:40:00,0.21338912133891214,-0.31474103585657376,0.025167535368577854,-0.07266559542938766,0.3868291214615697,0.00022271714922048998,0.5,-0.015249732925136095,0.5243285336214505,0.2982655505502021,0.5608062717801234,0.6902265150030118,0.082343799508125
2021-10-11 23:50:00,0.2907949790794979,0.019920318725099362,0.018912881608339482,-0.07909301910373145,0.37686982240776856,0.00033407572383073496,0.5,-0.015249732925136095,0.5243285336214505,0.2982655505502021,0.5608062717801234,0.6902265150030118,0.1507989196855621
2021-10-12 00:00:00,0.2705718270571827,-0.24302788844621515,0.017125837676842837,-0.08123549366184613,0.40344976508617864,0.00033407572383073496,0.5,-0.024133561779761004,0.5297077357639365,0.3106508519309416,0.4880441087821476,0.6935937869140221,0.1314558594987703
2021-10-12 00:10:00,0.2907949790794979,-0.5697211155378487,0.01801935964259105,-0.08123549366184613,0.4034759393281072,0.00022271714922048998,0.5,-0.024133561779761004,0.5297077357639365,0.3106508519309416,0.4880441087821476,0.6935937869140221,0.128151545785114
2021-10-12 00:20:00,0.30404463040446306,-0.24302788844621515,0.023380491437080986,-0.07802178182467412,0.39435421601601867,0.00033407572383073496,0.5,-0.024133561779761004,0.5297077357639365,0.3106508519309416,0.4880441087821476,0.6935937869140221,0.14339816225840035
2021-10-12 00:30:00,0.27266387726638774,-0.07569721115537853,0.02308265078183136,-0.08123549366184613,0.3964219811283715,0.00033407572383073496,0.5,-0.024133561779761004,0.5297077357639365,0.3106508519309416,0.4880441087821476,0.6935937869140221,0.11983040873907992
2021-10-12 00:40:00,0.2482566248256625,-0.4820717131474104,0.022486969471332774,-0.08123549366184613,0.38215701927732915,0.00033407572383073496,0.5,-0.024133561779761004,0.5297077357639365,0.3106508519309416,0.4880441087821476,0.6935937869140221,0.10279584169470556
2021-10-12 00:50:00,0.28521617852161785,0.40239043824701204,0.016827997021593433,-0.08230673094090324,0.3755218489484498,0.00033407572383073496,0.5,-0.024133561779761004,0.5297077357639365,0.3106508519309416,0.4880441087821476,0.6935937869140221,0.1363595214025982
2021-10-12 01:00:00,0.3242677824267783,-0.3545816733067729,0.017125837676842837,-0.08373504731297987,0.38956432974309985,0.00044543429844097997,0.5,-0.08087290371663491,0.5215642214093411,0.32456616571283425,0.4033921946970456,0.7069021359479349,0.16366914615930112
2021-10-12 01:10:00,0.33891213389121344,-0.36254980079681276,0.01742367833209224,-0.08123549366184613,0.38956432974309985,0.00033407572383073496,0.5,-0.08087290371663491,0.5215642214093411,0.32456616571283425,0.4033921946970456,0.7069021359479349,0.1865956515835056
2021-10-12 01:20:00,0.3200836820083682,-0.10756972111553798,0.021891288160833966,-0.07909301910373145,0.38956432974309985,0.00033407572383073496,0.5,-0.08087290371663491,0.5215642214093411,0.32456616571283425,0.4033921946970456,0.7069021359479349,0.16787120720611978
2021-10-12 01:30:00,0.299860529986053,-0.3545816733067729,0.02367833209233039,-0.08123549366184613,0.38956432974309985,0.00033407572383073496,0.5,-0.08087290371663491,0.5215642214093411,0.32456616571283425,0.4033921946970456,0.7069021359479349,0.14194215187772533
2021-10-12 01:40:00,0.2684797768479777,0.09960159362549792,0.026061057334326065,-0.0798071772897695,0.38956432974309985,0.00022271714922048998,0.5,-0.08087290371663491,0.5215642214093411,0.32456616571283425,0.4033921946970456,0.7069021359479349,0.11255035683570469
2021-10-12 01:50:00,0.1924686192468619,0.13147410358565725,0.02576321667907644,-0.08016425638278879,0.3885697085498161,0.00033407572383073496,0.5,-0.08087290371663491,0.5215642214093411,0.32456616571283425,0.4033921946970456,0.7069021359479349,0.05114896570454305
2021-10-12 02:00:00,0.16875871687587168,-0.043824701195219196,0.012658227848101111,-0.08052133547580786,0.35640156521966737,0.00022271714922048998,0.5,-0.09158077968183165,0.5159695063605055,0.3438088140127578,0.352717546133834,0.7365756115931724,0.0466753172292047
2021-10-12 02:10:00,0.1324965132496513,0.5298804780876492,0.0007446016381233989,-0.0815925727548652,0.3706534399497455,0.00011135857461024499,0.5,-0.09158077968183165,0.5159695063605055,0.3438088140127578,0.352717546133834,0.7365756115931724,0.022979314090861083
2021-10-12 02:20:00,0.10529986052998605,0.7609561752988048,-0.0034251675353685895,-0.08730583824317073,0.38032482234233295,0.00022271714922048998,0.5,-0.09158077968183165,0.5159695063605055,0.3438088140127578,0.352717546133834,0.7365756115931724,0.005107352475217647
2021-10-12 02:30:00,0.07182705718270573,0.4083665338645419,-0.004914370811615942,-0.08230673094090324,0.38032482234233295,0.5716035634743876,0.5,-0.09158077968183165,0.5159695063605055,0.3438088140127578,0.352717546133834,0.7365756115931724,0.0
2021-10-12 02:40:00,0.09135285913528592,0.055776892430278835,-0.0016381236038721658,-0.06588109266202469,0.38032482234233295,0.9993318485523385,0.5,-0.09158077968183165,0.5159695063605055,0.3438088140127578,0.352717546133834,0.7365756115931724,0.0
2021-10-12 02:50:00,0.18131101813110181,-0.296812749003984,0.0007446016381233989,-0.04981253347616499,0.3852194055829658,0.9974387527839643,0.5,-0.09158077968183165,0.5159695063605055,0.3438088140127578,0.352717546133834,0.7365756115931724,0.0
2021-10-12 03:00:00,0.1708507670850767,-0.649402390438247,0.012956068503350515,-0.04659882163899287,0.416903325437437,0.5223830734966592,0.5,-0.09235430453305171,0.5270411227360379,0.3489976675078248,0.3806906283933739,0.7567364182763581,0.0
2021-10-12 03:10:00,0.12343096234309624,-0.3466135458167332,0.027550260610573307,-0.04159971433672538,0.4010548219497193,0.48663697104677067,0.5,-0.09235430453305171,0.5270411227360379,0.3489976675078248,0.3806906283933739,0.7567364182763581,0.0
2021-10-12 03:20:00,0.12273361227336123,-0.27755644090305454,0.03142218912881578,-0.031958578825209805,0.3953880985721951,0.9995545657015591,0.5,-0.09235430453305171,0.5270411227360379,0.3489976675078248,0.3806906283933739,0.7567364182763581,0.0
2021-10-12 03:30:00,0.13598326359832635,-0.20849933598937587,0.03172002978406541,-0.027673629708980574,0.3953880985721951,0.9995545657015591,0.5,-0.09235430453305171,0.5270411227360379,0.3489976675078248,0.3806906283933739,0.7567364182763581,0.0
2021-10-12 03:40:00,0.1708507670850767,-0.1394422310756973,0.026061057334326065,-0.03160149973219073,0.3953880985721951,0.9995545657015591,0.5,-0.09235430453305171,0.5270411227360379,0.3489976675078248,0.3806906283933739,0.7567364182763581,0.0
2021-10-12 03:50:00,0.14016736401673638,-0.07038512616201864,0.026061057334326065,-0.03802892340653463,0.3953880985721951,0.9995545657015591,0.5,-0.09235430453305171,0.5270411227360379,0.3489976675078248,0.3806906283933739,0.7567364182763581,0.0
2021-10-12 04:00:00,0.13807531380753138,-0.0013280212483400833,0.024869694713328228,-0.041956793429744677,0.3953880985721951,0.9995545657015591,0.5,-0.12976256269130082,0.5371932173778129,0.39055744572006773,0.41951245758153966,0.7768574539887956,0.0
2021-10-12 04:10:00,0.15550906555090654,0.06772908366533859,0.020997766195085532,-0.04588466345295483,0.3953880985721951,0.9995545657015591,0.5,-0.12976256269130082,0.5371932173778129,0.39055744572006773,0.41951245758153966,0.7768574539887956,0.0
2021-10-12 04:20:00,0.1415620641562064,0.35856573705179273,0.008488458674609012,-0.05016961256918395,0.3953880985721951,0.9995545657015591,0.5,-0.12976256269130082,0.5371932173778129,0.39055744572006773,0.41951245758153966,0.7768574539887956,0.0
2021-10-12 04:30:00,0.1506276150627615,0.6494023904382469,0.005212211466865124,-0.05374040349937503,0.3953880985721951,0.9995545657015591,0.5,-0.12976256269130082,0.5371932173778129,0.39055744572006773,0.41951245758153966,0.7768574539887956,0.0
2021-10-12 04:40:00,0.16248256624825663,0.49269588313413015,0.0040208488458675085,-0.05981074808069986,0.3953880985721951,0.9995545657015591,0.5,-0.12976256269130082,0.5371932173778129,0.39055744572006773,0.41951245758153966,0.7768574539887956,0.0
2021-10-12 04:50:00,0.18270571827057183,0.3359893758300132,-0.0019359642591214588,-0.06659525084806284,0.3953880985721951,0.8318485523385302,0.5,-0.12976256269130082,0.5371932173778129,0.39055744572006773,0.41951245758153966,0.7768574539887956,0.0
2021-10-12 05:00:00,0.10460251046025104,0.17928286852589648,0.00431868950111669,-0.07052312087127288,0.40639436730313694,0.2164810690423163,0.5,-0.13365483488052765,0.5445350237207895,0.4106940067772004,0.3846269070035569,0.7981847666102727,0.0
2021-10-12 05:10:00,0.17852161785216178,0.08366533864541825,0.008488458674609012,-0.06266738082485268,0.4118255225033045,0.9995545657015591,0.5,-0.13365483488052765,0.5445350237207895,0.4106940067772004,0.3846269070035569,0.7981847666102727,0.0
2021-10-12 05:20:00,0.19456066945606695,0.21912350597609564,0.010871183916604465,-0.055168719871451444,0.4118255225033045,0.06380846325167039,0.5,-0.13365483488052765,0.5445350237207895,0.4106940067772004,0.3846269070035569,0.7981847666102727,0.03741871237382501
2021-10-12 05:30:00,0.3200836820083682,0.4262948207171313,0.029337304542069953,-0.036957686127477296,0.42657470783002455,0.00011135857461024499,0.5,-0.13365483488052765,0.5445350237207895,0.4106940067772004,0.3846269070035569,0.7981847666102727,0.14164793216349564
2021-10-12 05:40:00,0.3591352859135286,-0.23505976095617542,0.0394638868205508,-0.03088734154615247,0.4434309196319902,0.00011135857461024499,0.5,-0.13365483488052765,0.5445350237207895,0.4106940067772004,0.3846269070035569,0.7981847666102727,0.21746608929191122
2021-10-12 05:50:00,0.300557880055788,-0.21912350597609564,0.04720774385703619,-0.020889126941617486,0.440290010600568,0.00011135857461024499,0.5,-0.13365483488052765,0.5445350237207895,0.4106940067772004,0.3846269070035569,0.7981847666102727,0.14889026359068758
2021-10-12 06:00:00,0.2635983263598326,0.6095617529880477,0.06180193596425898,-0.006605963220853384,0.4403554462053893,0.00022271714922048998,0.5,-0.16688578534685394,0.5713821848411099,0.49411702939944513,0.29653826430851465,0.7543877191419301,0.09571193626748345
2021-10-12 06:10:00,0.17433751743375175,0.13147410358565725,0.06775874906924773,0.010890912337082836,0.4540707489759328,0.00033407572383073496,0.5,-0.16688578534685394,0.5713821848411099,0.49411702939944513,0.29653826430851465,0.7543877191419301,0.0455361588484693
2021-10-12 06:20:00,0.23221757322175732,0.3306772908366533,0.04542069992553954,0.010176754151044465,0.4690031539961524,0.00033407572383073496,0.5,-0.16688578534685394,0.5713821848411099,0.49411702939944513,0.29653826430851465,0.7543877191419301,0.08587443607888107
2021-10-12 06:30:00,0.21478382147838215,0.07569721115537842,0.007297096053611174,-0.0526691662203177,0.47054743426993495,0.00022271714922048998,0.5,-0.16688578534685394,0.5713821848411099,0.49411702939944513,0.29653826430851465,0.7543877191419301,0.07830016446127616
2021-10-12 06:40:00,0.2391910739191074,0.08366533864541825,-0.0019359642591214588,-0.08123549366184613,0.47054743426993495,0.00033407572383073496,0.5,-0.16688578534685394,0.5713821848411099,0.49411702939944513,0.29653826430851465,0.7543877191419301,0.09872957436214676
2021-10-12 06:50:00,0.17364016736401675,-0.02788844621513953,-0.008488458674609234,-0.09230494554543822,0.46181832458677413,0.00033407572383073496,0.5,-0.16688578534685394,0.5713821848411099,0.49411702939944513,0.29653826430851465,0.7543877191419301,0.061944565988201035
2021-10-12 07:00:00,0.21478382147838215,0.4820717131474104,-0.025167535368577965,-0.10051776468487772,0.4653387601261599,0.00033407572383073496,0.5,-0.17432018899194635,0.5766263322289499,0.5125318351005516,0.2172542864263642,0.7528635278860735,0.05897219246495768
2021-10-12 07:10:00,0.12761506276150628,-0.50597609561753,-0.04214445271779621,-0.11087305838243178,0.46266898744945095,0.00033407572383073496,0.5,-0.17432018899194635,0.5766263322289499,0.5125318351005516,0.2172542864263642,0.7528635278860735,0.018958311329722227
2021-10-12 07:20:00,0.100418410041841,0.043824701195219085,-0.04780342516753544,-0.10980182110337433,0.45647877923335645,0.00033407572383073496,0.5,-0.17432018899194635,0.5766263322289499,0.5125318351005516,0.2172542864263642,0.7528635278860735,0.004699971332438101
2021-10-12 07:30:00,0.10599721059972106,0.06772908366533859,-0.04690990320178712,-0.10730226745224059,0.45647877923335645,0.00033407572383073496,0.5,-0.17432018899194635,0.5766263322289499,0.5125318351005516,0.2172542864263642,0.7528635278860735,0.011142628664544262
2021-10-12 07:40:00,0.10390516039051603,-0.20318725099601598,-0.0498883097542816,-0.10623103017318325,0.45352108989543394,0.00033407572383073496,0.5,-0.17432018899194635,0.5766263322289499,0.5125318351005516,0.2172542864263642,0.7528635278860735,0.006850038474885707
2021-10-12 07:50:00,0.08716875871687588,-0.003984063745020028,-0.05137751303052884,-0.10908766291733607,0.4400282681812828,0.00033407572383073496,0.5,-0.17432018899194635,0.5766263322289499,0.5125318351005516,0.2172542864263642,0.7528635278860735,0.0
2021-10-12 08:00:00,0.06485355648535565,-0.5139442231075697,-0.05107967237527933,-0.1105159792894127,0.4400282681812828,0.49777282850779514,0.5,-0.19632215482304027,0.5806406192978885,0.5508606430718844,0.1910579223850433,0.8357455537514504,0.0
2021-10-12 08:10:00,0.06903765690376569,-0.4494748279608838,-0.03678332092330627,-0.09694697375468664,0.4400282681812828,0.9996659242761693,0.5,-0.19632215482304027,0.5806406192978885,0.5508606430718844,0.1910579223850433,0.8357455537514504,0.0
2021-10-12 08:20:00,0.0885634588563459,-0.38500543281419786,-0.027550260610573418,-0.07445099089448304,0.4400282681812828,0.9996659242761693,0.5,-0.19632215482304027,0.5806406192978885,0.5508606430718844,0.1910579223850433,0.8357455537514504,0.0
2021-10-12 08:30:00,0.11436541143654114,-0.3205360376675118,-0.022486969471332885,-0.07052312087127288,0.4400282681812828,0.9996659242761693,0.5,-0.19632215482304027,0.5806406192978885,0.5508606430718844,0.1910579223850433,0.8357455537514504,0.0
2021-10-12 08:40:00,0.11506276150627615,-0.2560666425208259,-0.015338793745346302,-0.07623638635957874,0.4400282681812828,0.9996659242761693,0.5,-0.19632215482304027,0.5806406192978885,0.5508606430718844,0.1910579223850433,0.8357455537514504,0.0
2021-10-12 08:50:00,0.11785216178521618,-0.19159724737413997,-0.012658227848101444,-0.07766470273165504,0.4400282681812828,0.9996659242761693,0.5,-0.19632215482304027,0.5806406192978885,0.5508606430718844,0.1910579223850433,0.8357455537514504,0.0
2021-10-12 09:00:00,0.13319386331938632,-0.12712785222745393,-0.012658227848101444,-0.08123549366184613,0.4400282681812828,0.9996659242761693,0.5,-0.1734081821132052,0.5940254075349072,0.5087818146517742,0.21486312758437373,0.9177647420890283,0.0
2021-10-12 09:10:00,0.13528591352859135,-0.0626584570807679,-0.009084139985108153,-0.08480628459203698,0.4400282681812828,0.9996659242761693,0.5,-0.1734081821132052,0.5940254075349072,0.5087818146517742,0.21486312758437373,0.9177647420890283,0.0
2021-10-12 09:20:00,0.12691771269177127,0.001810938065918144,-0.008786299329858527,-0.08837707552222807,0.4400282681812828,0.9996659242761693,0.5,-0.1734081821132052,0.5940254075349072,0.5087818146517742,0.21486312758437373,0.9177647420890283,0.0
2021-10-12 09:30:00,0.16596931659693165,0.06628033321260407,-0.00967982129560696,-0.09194786645241915,0.4400282681812828,0.9996659242761693,0.5,-0.1734081821132052,0.5940254075349072,0.5087818146517742,0.21486312758437373,0.9177647420890283,0.0
2021-10-12 09:40:00,0.18619246861924685,0.13074972835929,-0.009977661950856476,-0.09409034101053393,0.4005182499901847,0.9761692650334076,0.5,-0.1734081821132052,0.5940254075349072,0.5087818146517742,0.21486312758437373,0.9177647420890283,0.0
2021-10-12 09:50:00,0.17154811715481172,0.19521912350597592,-0.01176470588235301,-0.08587752187109432,0.37841410268155107,0.9015590200445434,0.5,-0.1734081821132052,0.5940254075349072,0.5087818146517742,0.21486312758437373,0.9177647420890283,0.0
2021-10-12 10:00:00,0.16527196652719667,-0.09960159362549814,-0.006701414743112699,-0.06980896268523484,0.3865673790422845,0.9888641425389755,0.5,-0.035256683708983605,0.6021373133299044,0.38432732145617615,0.23712743507415096,0.8916614215174072,0.0
2021-10-12 10:10:00,0.20781032078103207,-0.3944223107569722,-0.000148920327624813,-0.06266738082485268,0.3645417544594365,0.30846325167037864,0.5,-0.035256683708983605,0.6021373133299044,0.38432732145617615,0.23712743507415096,0.8916614215174072,0.022224904567195256
2021-10-12 10:20:00,0.1087866108786611,-0.9203187250996016,0.0117647058823529,-0.039814318871630006,0.35301200088992424,0.7669265033407573,0.5,-0.035256683708983605,0.6021373133299044,0.38432732145617615,0.23712743507415096,0.8916614215174072,0.0
2021-10-12 10:30:00,0.09344490934449094,0.05976095617529875,0.013551749813849545,-0.024102838778789493,0.35162476606771276,0.9992204899777284,0.5,-0.035256683708983605,0.6021373133299044,0.38432732145617615,0.23712743507415096,0.8916614215174072,0.0
2021-10-12 10:40:00,0.10599721059972106,0.97609561752988,0.01325390915859992,-0.015175861453311956,0.35162476606771276,0.9992204899777284,0.5,-0.035256683708983605,0.6021373133299044,0.38432732145617615,0.23712743507415096,0.8916614215174072,0.0
2021-10-12 10:50:00,0.12412831241283125,0.7768924302788842,0.022784810126582178,-0.0008926977325478536,0.35162476606771276,0.9992204899777284,0.5,-0.035256683708983605,0.6021373133299044,0.38432732145617615,0.23712743507415096,0.8916614215174072,0.0
2021-10-12 11:00:00,0.1206415620641562,0.5776892430278882,0.02844378257632152,0.0008926977325478536,0.35162476606771276,0.9992204899777284,0.5,-0.0017651789076396085,0.5951661891858513,0.3554994276244532,0.28175430558537923,0.801784516707962,0.0
2021-10-12 11:10:00,0.14225941422594143,0.3784860557768921,0.03886820551005199,0.007320121406891644,0.35162476606771276,0.9992204899777284,0.5,-0.0017651789076396085,0.5951661891858513,0.3554994276244532,0.28175430558537923,0.801784516707962,0.0
2021-10-12 11:20:00,0.17782426778242677,0.17928286852589648,0.049590469099031864,0.01767541510444559,0.35162476606771276,0.9992204899777284,0.5,-0.0017651789076396085,0.5951661891858513,0.3554994276244532,0.28175430558537923,0.801784516707962,0.0
2021-10-12 11:30:00,0.18619246861924685,0.298804780876494,0.062099776619508384,0.023745759685770418,0.3529596524060672,0.15300668151447663,0.5,-0.0017651789076396085,0.5951661891858513,0.3554994276244532,0.28175430558537923,0.801784516707962,0.032364168565263966
2021-10-12 11:40:00,0.2105997210599721,-0.19521912350597614,0.08324646314221873,0.03660060703445822,0.36807527711978644,0.00011135857461024499,0.5,-0.0017651789076396085,0.5951661891858513,0.3554994276244532,0.28175430558537923,0.801784516707962,0.07335878208126499
2021-10-12 11:50:00,0.24616457461645744,-0.29083665338645437,0.09962769918093817,0.053740403499375144,0.36807527711978644,0.00011135857461024499,0.5,-0.0017651789076396085,0.5951661891858513,0.3554994276244532,0.28175430558537923,0.801784516707962,0.0929357092203932
2021-10-12 12:00:00,0.2622036262203626,-0.3784860557768924,0.11243484735666387,0.06480985538296746,0.3551582887280627,0.00033407572383073496,0.5,0.02706049550016787,0.6023844347958521,0.3328429431173981,0.45522789130443725,0.7419768482577629,0.11124522835976282
2021-10-12 12:10:00,0.22036262203626222,-0.1633466135458168,0.12345495160089337,0.07659346545259771,0.3598434780332675,0.0014476614699331849,0.5,0.02706049550016787,0.6023844347958521,0.3328429431173981,0.45522789130443725,0.7419768482577629,0.08446369026962595
2021-10-12 12:20:00,0.29497907949790797,0.03585657370517925,0.13477289650037205,0.09123370826638122,0.35496198191359885,0.0036748329621380848,0.5,0.02706049550016787,0.6023844347958521,0.3328429431173981,0.45522789130443725,0.7419768482577629,0.13555230321227577
2021-10-12 12:30:00,0.33403068340306835,-0.13147410358565736,0.14221891288160804,0.10051776468487783,0.3699205611757469,0.007795100222717149,0.5,0.02706049550016787,0.6023844347958521,0.3328429431173981,0.45522789130443725,0.7419768482577629,0.16394073358782082
2021-10-12 12:40:00,0.28870292887029286,0.019920318725099362,0.13387937453462384,0.08873415461524736,0.3558257318972399,0.011581291759465479,0.5,0.02706049550016787,0.6023844347958521,0.3328429431173981,0.45522789130443725,0.7419768482577629,0.1408256257826999
2021-10-12 12:50:00,0.24895397489539747,-0.19521912350597614,0.10379746835443027,0.0337439742903054,0.35137611076939185,0.00022271714922048998,0.5,0.02706049550016787,0.6023844347958521,0.3328429431173981,0.45522789130443725,0.7419768482577629,0.10887638245545211
2021-10-12 13:00:00,0.3207810320781032,0.1394422310756971,0.09664929262844368,0.011605070523120764,0.3533915273978877,0.00033407572383073496,0.5,0.14187457037051598,0.5861232676354224,0.2630006986190069,0.5447066671482863,0.7396928513162666,0.17926279101347375
2021-10-12 13:10:00,0.33054393305439334,-0.05179282868525903,0.09486224869694704,0.008034279592929794,0.35726531520330845,0.00033407572383073496,0.5,0.14187457037051598,0.5861232676354224,0.2630006986190069,0.5447066671482863,0.7396928513162666,0.18933415815441254
2021-10-12 13:20:00,0.33891213389121344,-0.1872509960159363,0.09873417721518973,0.00910551687198713,0.3557472091714544,0.00033407572383073496,0.5,0.14187457037051598,0.5861232676354224,0.2630006986190069,0.5447066671482863,0.7396928513162666,0.21402598186399505
2021-10-12 13:30:00,0.3326359832635983,-0.24302788844621515,0.10528667163067751,0.008034279592929794,0.3701692164740679,0.00033407572383073496,0.5,0.14187457037051598,0.5861232676354224,0.2630006986190069,0.5447066671482863,0.7396928513162666,0.19918674653348822
2021-10-12 13:40:00,0.32914923291492326,0.12350597609561742,0.11064780342516745,0.011962149616140172,0.36344243629843875,0.00022271714922048998,0.5,0.14187457037051598,0.5861232676354224,0.2630006986190069,0.5447066671482863,0.7396928513162666,0.20490517072287523
2021-10-12 13:50:00,0.37308228730822873,-0.02788844621513953,0.117200297840655,0.018746652383502926,0.37362421640863225,0.00022271714922048998,0.5,0.14187457037051598,0.5861232676354224,0.2630006986190069,0.5447066671482863,0.7396928513162666,0.2671741328062525
2021-10-12 14:00:00,0.2691771269177127,0.01195219123505975,0.12345495160089337,0.030530262453133394,0.38887071233199405,0.00033407572383073496,0.5,0.15110857331159155,0.5744482151221095,0.24858725895963976,0.5698719719229766,0.7463079966414992,0.13788342864040318
2021-10-12 14:10:00,0.2649930264993026,-0.20318725099601598,0.13149664929262816,0.03945723977861104,0.386240201018178,0.00033407572383073496,0.5,0.15110857331159155,0.5744482151221095,0.24858725895963976,0.5698719719229766,0.7463079966414992,0.12704256378532525
2021-10-12 14:20:00,0.32147838214783825,-0.019920318725099695,0.1362620997766193,0.05052669166220336,0.38171205716454437,0.00022271714922048998,0.5,0.15110857331159155,0.5744482151221095,0.24858725895963976,0.5698719719229766,0.7463079966414992,0.1758604040617409
2021-10-12 14:30:00,0.32566248256624825,-0.03585657370517936,0.14192107222635886,0.050883770755222324,0.37893758752012147,0.00033407572383073496,0.5,0.15110857331159155,0.5744482151221095,0.24858725895963976,0.5698719719229766,0.7463079966414992,0.1973535313909803
2021-10-12 14:40:00,0.29567642956764295,0.346613545816733,0.14281459419210707,0.05016961256918395,0.3896559395898496,0.00022271714922048998,0.5,0.15110857331159155,0.5744482151221095,0.24858725895963976,0.5698719719229766,0.7463079966414992,0.15461623187531118
2021-10-12 14:50:00,0.2412831241283124,-0.02788844621513953,0.14847356664184663,0.05695411533654715,0.4020232689010744,0.00044543429844097997,0.5,0.15110857331159155,0.5744482151221095,0.24858725895963976,0.5698719719229766,0.7463079966414992,0.0956666716960635
2021-10-12 15:00:00,0.3716875871687587,-0.31474103585657376,0.15472822040208456,0.06980896268523495,0.385023098768502,0.00022271714922048998,0.5,0.15843711425067442,0.55241417557693,0.2401487935474945,0.5796629620707066,0.7541585053942762,0.2420975602396005
2021-10-12 15:10:00,0.25871687587168757,0.38645418326693215,0.15800446760982845,0.06838064631315843,0.3911609585007394,0.00033407572383073496,0.5,0.15843711425067442,0.55241417557693,0.2401487935474945,0.5796629620707066,0.7541585053942762,0.12950193883247582
2021-10-12 15:20:00,0.2608089260808926,0.10756972111553775,0.163663440059568,0.062310301731833606,0.4061849733677088,0.00033407572383073496,0.5,0.15843711425067442,0.55241417557693,0.2401487935474945,0.5796629620707066,0.7541585053942762,0.13050530349895137
2021-10-12 15:30:00,0.30613668061366806,-0.01195219123505975,0.16604616530156346,0.06980896268523495,0.384120087421968,0.00044543429844097997,0.5,0.15843711425067442,0.55241417557693,0.2401487935474945,0.5796629620707066,0.7541585053942762,0.15768667863663113
2021-10-12 15:40:00,0.2608089260808926,0.394422310756972,0.16902457185405795,0.07230851633636859,0.40397324992474903,0.00033407572383073496,0.5,0.15843711425067442,0.55241417557693,0.2401487935474945,0.5796629620707066,0.7541585053942762,0.1237759705478522
2021-10-12 15:50:00,0.3186889818688982,-0.4183266932270917,0.17379002233804886,0.07302267452240674,0.4029655416105011,0.00033407572383073496,0.5,0.15843711425067442,0.55241417557693,0.2401487935474945,0.5796629620707066,0.7541585053942762,0.17431386453822595
2021-10-12 16:00:00,0.3193863319386332,0.06772908366533859,0.17587490692479513,0.07909301910373157,0.40379003023124943,0.00022271714922048998,0.5,0.19069909076142766,0.5537187470366975,0.21469669168582514,0.5580082945341709,0.7573898006933573,0.16457443758770013
2021-10-12 16:10:00,0.2907949790794979,0.10756972111553775,0.17736411020104237,0.08266381003392254,0.3960817159833008,0.00022271714922048998,0.5,0.19069909076142766,0.5537187470366975,0.21469669168582514,0.5580082945341709,0.7573898006933573,0.1436244851155001
2021-10-12 16:20:00,0.299163179916318,0.05976095617529875,0.18272524199553208,0.0815925727548652,0.39486461373362475,0.00033407572383073496,0.5,0.19069909076142766,0.5537187470366975,0.21469669168582514,0.5580082945341709,0.7573898006933573,0.16672450473014772
2021-10-12 16:30:00,0.32914923291492326,0.06772908366533859,0.18510796723752776,0.08123549366184624,0.39668372354765674,0.00033407572383073496,0.5,0.19069909076142766,0.5537187470366975,0.21469669168582514,0.5580082945341709,0.7573898006933573,0.19604085881980177
2021-10-12 16:40:00,0.2873082287308229,-0.3466135458167332,0.18391660461653014,0.08230673094090357,0.38151575035008045,0.00033407572383073496,0.5,0.19069909076142766,0.5537187470366975,0.21469669168582514,0.5580082945341709,0.7573898006933573,0.15067067006653892
2021-10-12 16:50:00,0.24198047419804744,0.15537848605577675,0.18451228592702873,0.08123549366184624,0.37429165957780947,0.00022271714922048998,0.5,0.19069909076142766,0.5537187470366975,0.21469669168582514,0.5580082945341709,0.7573898006933573,0.09842781055268042
2021-10-12 17:00:00,0.28521617852161785,-0.03585657370517936,0.1871928518242738,0.08623460096411373,0.3788852390362644,0.00033407572383073496,0.5,0.19626878987987206,0.551284887947656,0.21328994261280468,0.5135371519888132,0.7529235662771158,0.14668738778158336
2021-10-12 17:10:00,0.298465829846583,0.12350597609561742,0.1898734177215189,0.0801642563827889,0.3817382314064729,0.00033407572383073496,0.5,0.19626878987987206,0.551284887947656,0.21328994261280468,0.5135371519888132,0.7529235662771158,0.1564569911130558
2021-10-12 17:20:00,0.2398884239888424,0.38645418326693215,0.1907669396872671,0.07945009819675053,0.38052112915679676,0.00022271714922048998,0.5,0.19626878987987206,0.551284887947656,0.21328994261280468,0.5135371519888132,0.7529235662771158,0.10670368302729454
2021-10-12 17:30:00,0.26429567642956764,-0.4422310756972112,0.1910647803425165,0.07945009819675053,0.39257436756487946,0.00033407572383073496,0.5,0.19626878987987206,0.551284887947656,0.21328994261280468,0.5135371519888132,0.7529235662771158,0.12361000045264571
2021-10-12 17:40:00,0.2524407252440725,-0.40239043824701204,0.18838421444527165,0.07909301910373157,0.3632984779678319,0.00033407572383073496,0.5,0.19626878987987206,0.551284887947656,0.21328994261280468,0.5135371519888132,0.7529235662771158,0.10189055026630657
2021-10-12 17:50:00,0.28172942817294283,0.11553784860557759,0.1868950111690244,0.07302267452240674,0.3590189894125192,0.00033407572383073496,0.5,0.19626878987987206,0.551284887947656,0.21328994261280468,0.5135371519888132,0.7529235662771158,0.13528071578375606
2021-10-12 18:00:00,0.2601115760111576,-0.14741035856573714,0.1857036485480268,0.06980896268523495,0.3580112810982712,0.00033407572383073496,0.5,0.04899728939441794,0.5629139643742799,0.34106189328160336,0.4574606370597524,0.7342992464032785,0.11521342245424507
2021-10-12 18:10:00,0.3096234309623431,-0.02788844621513953,0.18659717051377522,0.06409569719692909,0.36243472798419074,0.00022271714922048998,0.5,0.04899728939441794,0.5629139643742799,0.34106189328160336,0.4574606370597524,0.7342992464032785,0.16633975587307814
2021-10-12 18:20:00,0.29497907949790797,0.09960159362549792,0.18391660461653014,0.059453668987680786,0.36594207640261217,0.00033407572383073496,0.5,0.04899728939441794,0.5629139643742799,0.34106189328160336,0.4574606370597524,0.7342992464032785,0.15491799568477752
2021-10-12 18:30:00,0.29428172942817293,-0.09960159362549814,0.18391660461653014,0.05481164077843248,0.3683501066600359,0.00022271714922048998,0.5,0.04899728939441794,0.5629139643742799,0.34106189328160336,0.4574606370597524,0.7342992464032785,0.14920711559062722
2021-10-12 18:40:00,0.301255230125523,0.14741035856573692,0.17915115413253901,0.05231208712729862,0.351232152438785,0.00022271714922048998,0.5,0.04899728939441794,0.5629139643742799,0.34106189328160336,0.4574606370597524,0.7342992464032785,0.1475474146385624
2021-10-12 18:50:00,0.3068340306834031,-0.01195219123505975,0.17379002233804886,0.04838421710408847,0.35377105390585123,0.00022271714922048998,0.5,0.04899728939441794,0.5629139643742799,0.34106189328160336,0.4574606370597524,0.7342992464032785,0.14882236673355764
2021-10-12 19:00:00,0.3110181311018131,0.06772908366533859,0.1678332092330601,0.04052847705766838,0.34861472824593315,0.00022271714922048998,0.5,0.04482001505558464,0.5828216099101452,0.33548067688813865,0.3799799121754918,0.6795928780267303,0.15604960997027625
2021-10-12 19:10:00,0.26429567642956764,-0.21115537848605592,0.16217423678332077,0.033386895197286215,0.34861472824593315,0.00022271714922048998,0.5,0.04482001505558464,0.5828216099101452,0.33548067688813865,0.3799799121754918,0.6795928780267303,0.12095447892934201
2021-10-12 19:20:00,0.25174337517433754,-0.31474103585657376,0.15681310498883105,0.030530262453133394,0.34445302377929876,0.00022271714922048998,0.5,0.04482001505558464,0.5828216099101452,0.33548067688813865,0.3799799121754918,0.6795928780267303,0.09999698236190535
2021-10-12 19:30:00,0.27615062761506276,0.15537848605577675,0.1514519731943409,0.026959471522942202,0.33479472850767555,0.00033407572383073496,0.5,0.04482001505558464,0.5828216099101452,0.33548067688813865,0.3799799121754918,0.6795928780267303,0.12185222626250435
2021-10-12 19:40:00,0.2629009762900976,0.13147410358565725,0.1434102755026061,0.02053204784859841,0.322388137833558,0.00022271714922048998,0.5,0.04482001505558464,0.5828216099101452,0.33548067688813865,0.3799799121754918,0.6795928780267303,0.1090800730268419
2021-10-12 19:50:00,0.2705718270571827,0.17928286852589648,0.13447505584512287,0.013390465988216471,0.3312088573634686,0.00022271714922048998,0.5,0.04482001505558464,0.5828216099101452,0.33548067688813865,0.3799799121754918,0.6795928780267303,0.11718997540624954
2021-10-12 20:00:00,0.2907949790794979,-0.2270916334661356,0.13000744601638115,0.00767720049991083,0.3347685542657471,0.00033407572383073496,0.5,0.03393303299988015,0.608338338021937,0.3423924270663442,0.3362171261963999,0.6604196494553176,0.135635288259879
2021-10-12 20:10:00,0.29428172942817293,-0.07569721115537853,0.12583767684288882,0.0012497768255668174,0.3347685542657471,0.00022271714922048998,0.5,0.03393303299988015,0.608338338021937,0.3423924270663442,0.3362171261963999,0.6604196494553176,0.13763447349759345
2021-10-12 20:20:00,0.24755927475592746,0.019920318725099362,0.12077438570364829,-0.002321014104624264,0.3347685542657471,0.00022271714922048998,0.5,0.03393303299988015,0.608338338021937,0.3423924270663442,0.3362171261963999,0.6604196494553176,0.10782775321755662
2021-10-12 20:30:00,0.2684797768479777,0.027888446215139417,0.11839166046165284,-0.005177646848776973,0.3347685542657471,0.00022271714922048998,0.5,0.03393303299988015,0.608338338021937,0.3423924270663442,0.3362171261963999,0.6604196494553176,0.1175747242633191
2021-10-12 20:40:00,0.25871687587168757,-0.003984063745020028,0.11600893521965738,-0.00981967505802539,0.3347685542657471,0.00022271714922048998,0.5,0.03393303299988015,0.608338338021937,0.3423924270663442,0.3362171261963999,0.6604196494553176,0.10960815969340797
2021-10-12 20:50:00,0.23361227336122734,0.003984063745019917,0.11451973194341014,-0.010890912337082503,0.3347685542657471,0.00033407572383073496,0.5,0.03393303299988015,0.608338338021937,0.3423924270663442,0.3362171261963999,0.6604196494553176,0.09117793503025183
2021-10-12 21:00:00,0.16666666666666669,0.12350597609561742,0.11034996276991804,-0.012319228709159136,0.3347685542657471,0.00022271714922048998,0.5,0.018119632862532153,0.6283666707853576,0.3540248329953103,0.2617521355267978,0.678125417930619,0.046584788086364806
2021-10-12 21:10:00,0.11227336122733612,0.5776892430278884,0.10945644080416961,-0.004463488662738713,0.3347685542657471,0.00011135857461024499,0.5,0.018119632862532153,0.6283666707853576,0.3540248329953103,0.2617521355267978,0.678125417930619,0.01790213799659007
2021-10-12 21:20:00,0.13528591352859135,0.4661354581673305,0.10647803425167512,-0.0005356186395285567,0.34590569420633155,0.00011135857461024499,0.5,0.018119632862532153,0.6283666707853576,0.3540248329953103,0.2617521355267978,0.678125417930619,0.03122501018452857
2021-10-12 21:30:00,0.100418410041841,0.6733067729083664,0.10647803425167512,-0.0005356186395285567,0.3583777204852705,0.00111358574610245,0.5,0.018119632862532153,0.6283666707853576,0.3540248329953103,0.2617521355267978,0.678125417930619,0.005891938379830107
2021-10-12 21:40:00,0.0815899581589958,0.20318725099601576,0.10230826507818302,0.0026780931976433386,0.38491840180078785,0.2863028953229399,0.5,0.018119632862532153,0.6283666707853576,0.3540248329953103,0.2617521355267978,0.678125417930619,0.0
2021-10-12 21:50:00,0.13668061366806136,0.3784860557768923,0.10618019359642594,0.023388680592751232,0.38491840180078785,0.9993318485523385,0.5,0.018119632862532153,0.6283666707853576,0.3540248329953103,0.2617521355267978,0.678125417930619,0.0
2021-10-12 22:00:00,0.14086471408647142,0.2669322709163344,0.11868950111690246,0.0590965898946616,0.38491840180078785,0.9993318485523385,0.5,-0.07758322179504329,0.6142060360854812,0.4457132197509954,0.1377685990146615,0.7374325132215457,0.0
2021-10-12 22:10:00,0.11018131101813111,-0.4900398406374503,0.12702903946388688,0.07266559542938755,0.38491840180078785,0.9993318485523385,0.5,-0.07758322179504329,0.6142060360854812,0.4457132197509954,0.1377685990146615,0.7374325132215457,0.0
2021-10-12 22:20:00,0.0815899581589958,-0.5272244355909695,0.1332836932241248,0.07837886091769342,0.38491840180078785,0.9993318485523385,0.5,-0.07758322179504329,0.6142060360854812,0.4457132197509954,0.1377685990146615,0.7374325132215457,0.0
2021-10-12 22:30:00,0.08716875871687588,-0.5644090305444889,0.13268801191362622,0.07623638635957874,0.38491840180078785,0.9993318485523385,0.5,-0.07758322179504329,0.6142060360854812,0.4457132197509954,0.1377685990146615,0.7374325132215457,0.0
2021-10-12 22:40:00,0.08647140864714087,-0.601593625498008,0.12643335815338785,0.055882878057489815,0.38491840180078785,0.9993318485523385,0.5,-0.07758322179504329,0.6142060360854812,0.4457132197509954,0.1377685990146615,0.7374325132215457,0.0
2021-10-12 22:50:00,0.06555090655509065,-0.6387782204515273,0.12137006701414732,0.04374218889484016,0.38491840180078785,0.9993318485523385,0.5,-0.07758322179504329,0.6142060360854812,0.4457132197509954,0.1377685990146615,0.7374325132215457,0.0
2021-10-12 23:00:00,0.06415620641562064,-0.6759628154050465,0.11630677587490679,0.03588644884841985,0.38491840180078785,0.9993318485523385,0.5,-0.11970613926982765,0.600372981003256,0.5021678240357657,0.11090832303292211,0.05361865773797059,0.0
2021-10-12 23:10:00,0.05299860529986053,-0.7131474103585658,0.11243484735666387,0.030530262453133394,0.38491840180078785,0.9993318485523385,0.5,-0.11970613926982765,0.600372981003256,0.5021678240357657,0.11090832303292211,0.05361865773797059,0.0
2021-10-12 23:20:00,0.058577405857740586,-0.13147410358565736,0.10826507818317177,0.025531155150865903,0.38491840180078785,0.9993318485523385,0.5,-0.11970613926982765,0.600372981003256,0.5021678240357657,0.11090832303292211,0.05361865773797059,0.0
2021-10-12 23:30:00,0.06485355648535565,-0.06241699867197892,0.10647803425167512,0.021603285127655747,0.38491840180078785,0.9993318485523385,0.5,-0.11970613926982765,0.600372981003256,0.5021678240357657,0.11090832303292211,0.05361865773797059,0.0
2021-10-12 23:40:00,0.07252440725244073,0.006640106241699861,0.10647803425167512,0.018746652383502926,0.38491840180078785,0.9993318485523385,0.5,-0.11970613926982765,0.600372981003256,0.5021678240357657,0.11090832303292211,0.05361865773797059,0.0
2021-10-12 23:50:00,0.08368200836820083,0.07569721115537842,0.10647803425167512,0.013390465988216471,0.38491840180078785,0.9993318485523385,0.5,-0.11970613926982765,0.600372981003256,0.5021678240357657,0.11090832303292211,0.05361865773797059,0.0
2021-10-13 00:00:00,0.08228730822873082,0.14475431606905698,0.10379746835443027,0.011605070523120764,0.38491840180078785,0.9993318485523385,0.5,-0.11004058070397038,0.6231426379354457,0.5023576647787849,0.08868096533684668,0.1257500970152904,0.0
2021-10-13 00:10:00,0.08577405857740586,0.21381142098273576,0.1005212211466866,0.008748437778968166,0.38491840180078785,0.9993318485523385,0.5,-0.11004058070397038,0.6231426379354457,0.5023576647787849,0.08868096533684668,0.1257500970152904,0.0
2021-10-13 00:20:00,0.11087866108786612,0.2828685258964143,0.09694713328369309,0.008034279592929794,0.38491840180078785,0.9993318485523385,0.5,-0.11004058070397038,0.6231426379354457,0.5023576647787849,0.08868096533684668,0.1257500970152904,0.0
2021-10-13 00:30:00,0.12482566248256625,0.27330677290836647,0.09247952345495158,0.005891805034815345,0.38491840180078785,0.9993318485523385,0.5,-0.11004058070397038,0.6231426379354457,0.5023576647787849,0.08868096533684668,0.1257500970152904,0.0
2021-10-13 00:40:00,0.1492329149232915,0.2637450199203186,0.09158600148920315,0.0005356186395288898,0.38491840180078785,0.9993318485523385,0.5,-0.11004058070397038,0.6231426379354457,0.5023576647787849,0.08868096533684668,0.1257500970152904,0.0
2021-10-13 00:50:00,0.17364016736401675,0.2541832669322708,0.09158600148920315,-0.0026780931976432276,0.38491840180078785,0.9993318485523385,0.5,-0.11004058070397038,0.6231426379354457,0.5023576647787849,0.08868096533684668,0.1257500970152904,0.0
2021-10-13 01:00:00,0.18131101813110181,0.24462151394422293,0.09218168279970218,-0.005534725941796048,0.40495478399706847,0.9536748329621382,0.5,-0.14014467903154637,0.6321280893775114,0.5431401992275245,0.19029391058754971,0.0481388380677942,0.0
2021-10-13 01:10:00,0.15550906555090654,0.2350597609561753,0.09813849590469093,-0.004106409569719638,0.4211304655088927,0.11737193763919822,0.5,-0.14014467903154637,0.6321280893775114,0.5431401992275245,0.19029391058754971,0.0481388380677942,0.0
2021-10-13 01:20:00,0.13528591352859135,-0.40239043824701204,0.1085629188384214,0.002321014104624153,0.4278572456845219,0.940423162583519,0.5,-0.14014467903154637,0.6321280893775114,0.5431401992275245,0.19029391058754971,0.0481388380677942,0.0
2021-10-13 01:30:00,0.12831241283124128,-0.12350597609561753,0.10647803425167512,0.010533833244063429,0.4278572456845219,0.9989977728285078,0.5,-0.14014467903154637,0.6321280893775114,0.5431401992275245,0.19029391058754971,0.0481388380677942,0.0
2021-10-13 01:40:00,0.11366806136680613,0.9203187250996017,0.10230826507818302,0.0112479914301018,0.4278572456845219,0.9989977728285078,0.5,-0.14014467903154637,0.6321280893775114,0.5431401992275245,0.19029391058754971,0.0481388380677942,0.0
2021-10-13 01:50:00,0.1087866108786611,0.7290836653386452,0.09247952345495158,0.005177646848776973,0.4278572456845219,0.9989977728285078,0.5,-0.14014467903154637,0.6321280893775114,0.5431401992275245,0.19029391058754971,0.0481388380677942,0.0
2021-10-13 02:00:00,0.19804741980474197,0.5378486055776892,0.08830975428145926,-0.001963935011604967,0.4316917721270498,0.9989977728285078,0.5,-0.13573940297302778,0.6348004494162471,0.5187812351112293,0.2778126748152081,0.060364739356825,0.0
2021-10-13 02:10:00,0.18410041841004185,0.346613545816733,0.08443782576321657,-0.004463488662738713,0.5231445734252922,0.2730512249443207,0.5,-0.13573940297302778,0.6348004494162471,0.5187812351112293,0.2778126748152081,0.060364739356825,0.024269354376329648
2021-10-13 02:20:00,0.15132496513249652,0.33864541832669315,0.09426656738644801,0.0126763078021781,0.5240344976508619,0.00011135857461024499,0.5,-0.13573940297302778,0.6348004494162471,0.5187812351112293,0.2778126748152081,0.060364739356825,0.036641670564449204
2021-10-13 02:30:00,0.11366806136680613,-0.15537848605577698,0.10558451228592691,0.03874308159257289,0.5240344976508619,0.00011135857461024499,0.5,-0.13573940297302778,0.6348004494162471,0.5187812351112293,0.2778126748152081,0.060364739356825,0.019999396472381067
2021-10-13 02:40:00,0.12133891213389121,-0.40239043824701204,0.1130305286671629,0.07230851633636859,0.5240344976508619,0.00011135857461024499,0.5,-0.13573940297302778,0.6348004494162471,0.5187812351112293,0.2778126748152081,0.060364739356825,0.025981863995051074
2021-10-13 02:50:00,0.14016736401673638,-0.3784860557768924,0.11779597915115403,0.09873236921978235,0.5240344976508619,0.00011135857461024499,0.5,-0.13573940297302778,0.6348004494162471,0.5187812351112293,0.2778126748152081,0.060364739356825,0.04529474780089624
2021-10-13 03:00:00,0.1415620641562064,-0.0916334661354582,0.12405063291139218,0.12051419389394757,0.5240344976508619,0.00011135857461024499,0.5,-0.12358213515138816,0.6320505047312286,0.5559319398743805,0.2926546484211877,0.07606662576779537,0.03465757351720808
2021-10-13 03:10:00,0.1680613668061367,0.6414342629482073,0.1288160833953833,0.13979646491697917,0.5387182473727604,0.00022271714922048998,0.5,-0.12358213515138816,0.6320505047312286,0.5559319398743805,0.2926546484211877,0.07606662576779537,0.029919881708586688
2021-10-13 03:20:00,0.14225941422594143,0.6494023904382469,0.12285927029039456,0.15300839135868594,0.613406446715787,0.025723830734966594,0.5,-0.12358213515138816,0.6320505047312286,0.5559319398743805,0.2926546484211877,0.07606662576779537,0.0
2021-10-13 03:30:00,0.2873082287308229,-0.09960159362549814,0.11660461653015619,0.1390823067309408,0.6430095143369411,0.17427616926503342,0.5,-0.12358213515138816,0.6320505047312286,0.5559319398743805,0.2926546484211877,0.07606662576779537,0.0535102675136171
2021-10-13 03:40:00,0.1799163179916318,-0.4422310756972112,0.12345495160089337,0.11622924477771823,0.6527463323343498,0.00044543429844097997,0.5,-0.12358213515138816,0.6320505047312286,0.5559319398743805,0.2926546484211877,0.07606662576779537,0.054460823513436035
2021-10-13 03:50:00,0.20362622036262204,-0.2509960159362551,0.12732688011913607,0.12265666845206202,0.6527463323343498,0.00022271714922048998,0.5,-0.12358213515138816,0.6320505047312286,0.5559319398743805,0.2926546484211877,0.07606662576779537,0.06935286751059946
2021-10-13 04:00:00,0.22384937238493724,0.1633466135458166,0.1285182427401339,0.11872879842885187,0.6527463323343498,0.00022271714922048998,0.5,-0.17181220342849757,0.6418922607878597,0.6117717492879704,0.292772242247143,0.08532501721511561,0.07471671922386348
2021-10-13 04:10:00,0.15760111576011157,-0.19521912350597614,0.1285182427401339,0.12087127298696676,0.6527463323343498,0.00022271714922048998,0.5,-0.17181220342849757,0.6418922607878597,0.6117717492879704,0.292772242247143,0.08532501721511561,0.03445388294581831
2021-10-13 04:20:00,0.12343096234309624,-0.05179282868525903,0.12673119880863726,0.14229601856811303,0.6527463323343498,0.00022271714922048998,0.5,-0.17181220342849757,0.6418922607878597,0.6117717492879704,0.292772242247143,0.08532501721511561,0.013270063521281893
2021-10-13 04:30:00,0.09344490934449094,-0.2749003984063746,0.1243484735666418,0.17193358328869857,0.6527463323343498,0.0006681514476614699,0.5,-0.17181220342849757,0.6418922607878597,0.6117717492879704,0.292772242247143,0.08532501721511561,0.0
2021-10-13 04:40:00,0.08228730822873082,-0.6334661354581674,0.12047654504839889,0.1922870915907875,0.6527463323343498,0.701781737193764,0.5,-0.17181220342849757,0.6418922607878597,0.6117717492879704,0.292772242247143,0.08532501721511561,0.0
2021-10-13 04:50:00,0.08716875871687588,-0.5936254980079682,0.10201042442293362,0.1662203178003927,0.6527463323343498,0.9995545657015591,0.5,-0.17181220342849757,0.6418922607878597,0.6117717492879704,0.292772242247143,0.08532501721511561,0.0
2021-10-13 05:00:00,0.09693165969316596,-0.3944223107569722,0.09099032017870412,0.14729512587038052,0.6527463323343498,0.9995545657015591,0.5,-0.18977531024210015,0.6376854488559158,0.5984971004584712,0.30309637804801404,0.06969186102807019,0.0
2021-10-13 05:10:00,0.09693165969316596,-0.6733067729083666,0.0856291883842144,0.13229780396357804,0.6527463323343498,0.9995545657015591,0.5,-0.18977531024210015,0.6376854488559158,0.5984971004584712,0.30309637804801404,0.06969186102807019,0.0
2021-10-13 05:20:00,0.0885634588563459,-0.6805087342935949,0.0856291883842144,0.11872879842885187,0.6527463323343498,0.9995545657015591,0.5,-0.18977531024210015,0.6376854488559158,0.5984971004584712,0.30309637804801404,0.06969186102807019,0.0
2021-10-13 05:30:00,0.08507670850767085,-0.6877106956788233,0.08384214445271776,0.10623103017318325,0.6527463323343498,0.9995545657015591,0.5,-0.18977531024210015,0.6376854488559158,0.5984971004584712,0.30309637804801404,0.06969186102807019,0.0
2021-10-13 05:40:00,0.08926080892608089,-0.6949126570640515,0.0784810126582276,0.09516157828959115,0.6527463323343498,0.9995545657015591,0.5,-0.18977531024210015,0.6376854488559158,0.5984971004584712,0.30309637804801404,0.06969186102807019,0.0
2021-10-13 05:50:00,0.09693165969316596,-0.7021146184492799,0.07252419955323886,0.08373504731297987,0.6527463323343498,0.9995545657015591,0.5,-0.18977531024210015,0.6376854488559158,0.5984971004584712,0.30309637804801404,0.06969186102807019,0.0
2021-10-13 06:00:00,0.100418410041841,-0.7093165798345081,0.06775874906924773,0.07266559542938755,0.6527463323343498,0.9995545657015591,0.5,-0.2236495417452271,0.6592769685667261,0.7145211175317102,0.3165096504063536,0.05958171413987631,0.0
2021-10-13 06:10:00,0.11715481171548117,-0.7165185412197363,0.06597170513775108,0.059453668987680786,0.6527463323343498,0.9995545657015591,0.5,-0.2236495417452271,0.6592769685667261,0.7145211175317102,0.3165096504063536,0.05958171413987631,0.0
2021-10-13 06:20:00,0.11715481171548117,-0.7237205026049648,0.06597170513775108,0.04731297982503113,0.6527463323343498,0.9995545657015591,0.5,-0.2236495417452271,0.6592769685667261,0.7145211175317102,0.3165096504063536,0.05958171413987631,0.0
2021-10-13 06:30:00,0.11506276150627615,-0.730922463990193,0.06716306775874892,0.03874308159257289,0.6527463323343498,0.9995545657015591,0.5,-0.2236495417452271,0.6592769685667261,0.7145211175317102,0.3165096504063536,0.05958171413987631,0.0
2021-10-13 06:40:00,0.07182705718270573,-0.7381244253754214,0.06478034251675346,0.030530262453133394,0.6527463323343498,0.9995545657015591,0.5,-0.2236495417452271,0.6592769685667261,0.7145211175317102,0.3165096504063536,0.05958171413987631,0.0
2021-10-13 06:50:00,0.055788005578800565,-0.7453263867606497,0.06478034251675346,0.029101946081057095,0.6527463323343498,0.9995545657015591,0.5,-0.2236495417452271,0.6592769685667261,0.7145211175317102,0.3165096504063536,0.05958171413987631,0.0
2021-10-13 07:00:00,0.06206415620641562,-0.7303095311063439,0.06180193596425898,0.023031601499732268,0.6527463323343498,0.9995545657015591,0.5,-0.22999283242107083,0.6813914662636092,0.729878815155353,0.3043939875391882,0.0736402072536318,0.0
2021-10-13 07:10:00,0.10460251046025104,-0.7152926754520379,0.0588235294117645,0.019817889662560484,0.6527463323343498,0.9995545657015591,0.5,-0.22999283242107083,0.6813914662636092,0.729878815155353,0.3043939875391882,0.0736402072536318,0.0
2021-10-13 07:20:00,0.09902370990237098,-0.7002758197977322,0.055845122859270235,0.010533833244063429,0.6527463323343498,0.9995545657015591,0.5,-0.22999283242107083,0.6813914662636092,0.729878815155353,0.3043939875391882,0.0736402072536318,0.0
2021-10-13 07:30:00,0.10739191073919108,-0.6852589641434264,0.055845122859270235,0.0048205677557580096,0.6527463323343498,0.9995545657015591,0.5,-0.22999283242107083,0.6813914662636092,0.729878815155353,0.3043939875391882,0.0736402072536318,0.0
2021-10-13 07:40:00,0.10739191073919108,-0.6702421084891206,0.05733432613551748,-0.0001785395465094819,0.6527463323343498,0.9995545657015591,0.5,-0.22999283242107083,0.6813914662636092,0.729878815155353,0.3043939875391882,0.0736402072536318,0.0
2021-10-13 07:50:00,0.1317991631799163,-0.6552252528348146,0.0588235294117645,-0.006248884127834309,0.6527463323343498,0.9995545657015591,0.5,-0.22999283242107083,0.6813914662636092,0.729878815155353,0.3043939875391882,0.0736402072536318,0.0
2021-10-13 08:00:00,0.1499302649930265,-0.6402083971805088,0.05703648548026785,-0.01481878236029266,0.6527463323343498,0.9995545657015591,0.5,-0.21607668942570324,0.7042559488745933,0.7212699115610984,0.3122777282425024,0.060804261837740986,0.0
2021-10-13 08:10:00,0.12343096234309624,-0.625191541526203,0.05197319434102754,-0.018032494197464666,0.6527463323343498,0.9995545657015591,0.5,-0.21607668942570324,0.7042559488745933,0.7212699115610984,0.3122777282425024,0.060804261837740986,0.0
2021-10-13 08:20:00,0.14365411436541145,-0.610174685871897,0.04988830975428127,-0.02053204784859841,0.6527463323343498,0.9995545657015591,0.5,-0.21607668942570324,0.7042559488745933,0.7212699115610984,0.3122777282425024,0.060804261837740986,0.0
2021-10-13 08:30:00,0.14574616457461645,-0.5951578302175913,0.050483991064780076,-0.023745759685770196,0.6527463323343498,0.9995545657015591,0.5,-0.21607668942570324,0.7042559488745933,0.7212699115610984,0.3122777282425024,0.060804261837740986,0.0
2021-10-13 08:40:00,0.15550906555090654,-0.5801409745632854,0.055845122859270235,-0.027673629708980574,0.6527463323343498,0.9995545657015591,0.5,-0.21607668942570324,0.7042559488745933,0.7212699115610984,0.3122777282425024,0.060804261837740986,0.0
2021-10-13 08:50:00,0.13389121338912133,-0.5651241189089795,0.0588235294117645,-0.027673629708980574,0.6527463323343498,0.9995545657015591,0.5,-0.21607668942570324,0.7042559488745933,0.7212699115610984,0.3122777282425024,0.060804261837740986,0.0
2021-10-13 09:00:00,0.14225941422594143,-0.5501072632546737,0.06001489203276256,-0.029101946081056984,0.6527463323343498,0.9995545657015591,0.5,-0.20886214934646297,0.7159683569583373,0.6889728905643571,0.25192516295212064,0.0801550452706377,0.0
2021-10-13 09:10:00,0.13668061366806136,-0.5350904076003677,0.06478034251675346,-0.029101946081056984,0.6527463323343498,0.9995545657015591,0.5,-0.20886214934646297,0.7159683569583373,0.6889728905643571,0.25192516295212064,0.0801550452706377,0.0
2021-10-13 09:20:00,0.12273361227336123,-0.520073551946062,0.06418466120625443,-0.027673629708980574,0.6527463323343498,0.9995545657015591,0.5,-0.20886214934646297,0.7159683569583373,0.6889728905643571,0.25192516295212064,0.0801550452706377,0.0
2021-10-13 09:30:00,0.18270571827057183,-0.5050566962917562,0.05912137006701412,-0.03231565791822877,0.6527463323343498,0.9995545657015591,0.5,-0.20886214934646297,0.7159683569583373,0.6889728905643571,0.25192516295212064,0.0801550452706377,0.0
2021-10-13 09:40:00,0.16387726638772665,-0.4900398406374503,0.0588235294117645,-0.038386002499553595,0.6125819580950387,0.572271714922049,0.5,-0.20886214934646297,0.7159683569583373,0.6889728905643571,0.25192516295212064,0.0801550452706377,0.0
2021-10-13 09:50:00,0.11297071129707113,0.4820717131474104,0.06775874906924773,-0.03088734154615247,0.6169661436180656,0.4514476614699332,0.5,-0.20886214934646297,0.7159683569583373,0.6889728905643571,0.25192516295212064,0.0801550452706377,0.0
2021-10-13 10:00:00,0.11924686192468618,-0.3944223107569722,0.07550260610573334,-0.01696125691840733,0.6251194199787988,0.9993318485523385,0.5,0.008136486178646374,0.7238532558253148,0.4307336818439078,0.16157095635859287,0.12095161700923573,0.0
2021-10-13 10:10:00,0.08926080892608089,0.6334661354581672,0.07669396872673095,-0.005177646848776973,0.6251194199787988,0.9993318485523385,0.5,0.008136486178646374,0.7238532558253148,0.4307336818439078,0.16157095635859287,0.12095161700923573,0.0
2021-10-13 10:20:00,0.1094839609483961,0.6099239406012313,0.0826507818317197,-0.002321014104624264,0.6251194199787988,0.9993318485523385,0.5,0.008136486178646374,0.7238532558253148,0.4307336818439078,0.16157095635859287,0.12095161700923573,0.0
2021-10-13 10:30:00,0.11157601115760113,0.5863817457442955,0.0892032762472077,0.0008926977325478536,0.6251194199787988,0.9993318485523385,0.5,0.008136486178646374,0.7238532558253148,0.4307336818439078,0.16157095635859287,0.12095161700923573,0.0
2021-10-13 10:40:00,0.11506276150627615,0.5628395508873596,0.10230826507818302,0.0008926977325478536,0.6251194199787988,0.9993318485523385,0.5,0.008136486178646374,0.7238532558253148,0.4307336818439078,0.16157095635859287,0.12095161700923573,0.0
2021-10-13 10:50:00,0.10739191073919108,0.5392973560304237,0.11124348473566648,0.006248884127834309,0.6251194199787988,0.9993318485523385,0.5,0.008136486178646374,0.7238532558253148,0.4307336818439078,0.16157095635859287,0.12095161700923573,0.0
2021-10-13 11:00:00,0.11785216178521618,0.5157551611734879,0.12226358897989575,0.00839135868594898,0.6251194199787988,0.9993318485523385,0.5,0.03762175128401046,0.7306347286117834,0.3765072017106718,0.0598085665055188,0.434904660156238,0.0
2021-10-13 11:10:00,0.1087866108786611,0.49221296631655176,0.13090096798212936,0.011962149616140172,0.6251194199787988,0.9993318485523385,0.5,0.03762175128401046,0.7306347286117834,0.3765072017106718,0.0598085665055188,0.434904660156238,0.0
2021-10-13 11:20:00,0.10181311018131102,0.4686707714596159,0.14132539091585983,0.017318336011426627,0.6251194199787988,0.9993318485523385,0.5,0.03762175128401046,0.7306347286117834,0.3765072017106718,0.0598085665055188,0.434904660156238,0.0
2021-10-13 11:30:00,0.12343096234309624,0.44512857660268024,0.14906924795234544,0.02053204784859841,0.6251194199787988,0.9993318485523385,0.5,0.03762175128401046,0.7306347286117834,0.3765072017106718,0.0598085665055188,0.434904660156238,0.0
2021-10-13 11:40:00,0.08716875871687588,0.42158638174574414,0.1523454951600891,0.023745759685770418,0.6251194199787988,0.9993318485523385,0.5,0.03762175128401046,0.7306347286117834,0.3765072017106718,0.0598085665055188,0.434904660156238,0.0
2021-10-13 11:50:00,0.10111576011157601,0.3980441868888085,0.16276991809381958,0.02945902517407606,0.6251194199787988,0.9993318485523385,0.5,0.03762175128401046,0.7306347286117834,0.3765072017106718,0.0598085665055188,0.434904660156238,0.0
2021-10-13 12:00:00,0.10251046025104603,0.3745019920318724,0.17349218168279945,0.033386895197286215,0.6251194199787988,0.9993318485523385,0.5,0.05477057577104838,0.7263675730660599,0.3509350068739596,0.19065762240566145,0.6241284417753751,0.0
2021-10-13 12:10:00,0.11018131101813111,0.3509597971749365,0.1833209233060311,0.03945723977861104,0.6251194199787988,0.9993318485523385,0.5,0.05477057577104838,0.7263675730660599,0.3509350068739596,0.19065762240566145,0.6241284417753751,0.0
2021-10-13 12:20:00,0.1311018131101813,0.32741760231800043,0.1943410275502604,0.041242635243706305,0.6251194199787988,0.9993318485523385,0.5,0.05477057577104838,0.7263675730660599,0.3509350068739596,0.19065762240566145,0.6241284417753751,0.0
2021-10-13 12:30:00,0.10669456066945607,0.3038754074610648,0.19970215934475055,0.04731297982503113,0.6251194199787988,0.9993318485523385,0.5,0.05477057577104838,0.7263675730660599,0.3509350068739596,0.19065762240566145,0.6241284417753751,0.0
2021-10-13 12:40:00,0.1387726638772664,0.2803332126041289,0.20744601638123594,0.050883770755222324,0.6251194199787988,0.9993318485523385,0.5,0.05477057577104838,0.7263675730660599,0.3509350068739596,0.19065762240566145,0.6241284417753751,0.0
2021-10-13 12:50:00,0.14574616457461645,0.25679101774719304,0.21727475800446738,0.05409748259239433,0.6251194199787988,0.9993318485523385,0.5,0.05477057577104838,0.7263675730660599,0.3509350068739596,0.19065762240566145,0.6241284417753751,0.0
2021-10-13 13:00:00,0.16875871687587168,0.23324882289025695,0.22293373045420695,0.05623995715050878,0.6058159165565167,0.9993318485523385,0.5,0.18111494708699105,0.7161350202725815,0.27477209282743126,0.3116987366378414,0.6838611473350393,0.0
2021-10-13 13:10:00,0.16457461645746163,0.20970662803332107,0.2175725986597168,0.06480985538296746,0.5358129065186948,0.9993318485523385,0.5,0.18111494708699105,0.7161350202725815,0.27477209282743126,0.3116987366378414,0.6838611473350393,0.0
2021-10-13 13:20:00,0.1506276150627615,0.18616443317638542,0.2214445271779597,0.07873594001071238,0.4718430592453966,0.9993318485523385,0.5,0.18111494708699105,0.7161350202725815,0.27477209282743126,0.3116987366378414,0.6838611473350393,0.0
2021-10-13 13:30:00,0.17294281729428174,0.16262223831944933,0.22769918093819785,0.09373326191751485,0.47155514258418296,0.9993318485523385,0.5,0.18111494708699105,0.7161350202725815,0.27477209282743126,0.3116987366378414,0.6838611473350393,0.0
2021-10-13 13:40:00,0.24686192468619247,0.13908004346251346,0.22978406552494413,0.11408677021960378,0.3816204473177946,0.42683741648106904,0.5,0.18111494708699105,0.7161350202725815,0.27477209282743126,0.3116987366378414,0.6838611473350393,0.01772862380614693
2021-10-13 13:50:00,0.21687587168758715,0.11553784860557759,0.23603871928518227,0.1137296911265846,0.37057491722395985,0.00011135857461024499,0.5,0.18111494708699105,0.7161350202725815,0.27477209282743126,0.3116987366378414,0.6838611473350393,0.08542179036468157
2021-10-13 14:00:00,0.2412831241283124,0.21912350597609564,0.24348473566641826,0.12301374754508143,0.35922838334794727,0.00044543429844097997,0.5,0.19760421422956176,0.6990290425192607,0.27405584665737626,0.4648322791174463,0.7350646492625038,0.10138509588545044
2021-10-13 14:10:00,0.36401673640167365,0.1633466135458166,0.2527177959791511,0.12872701303338685,0.37680438680294726,0.00022271714922048998,0.5,0.19760421422956176,0.6990290425192607,0.27405584665737626,0.4648322791174463,0.7350646492625038,0.22160025348159995
2021-10-13 14:20:00,0.3507670850767085,-0.09960159362549814,0.25807892777364083,0.13158364577753967,0.3780084019316591,0.00044543429844097997,0.5,0.19760421422956176,0.6990290425192607,0.27405584665737626,0.4648322791174463,0.7350646492625038,0.22207553148150944
2021-10-13 14:30:00,0.3284518828451883,0.2589641434262948,0.26105733432613554,0.14051062310301732,0.38718247372760467,0.00033407572383073496,0.5,0.19760421422956176,0.6990290425192607,0.27405584665737626,0.4648322791174463,0.7350646492625038,0.2226036181480755
2021-10-13 14:40:00,0.2712691771269177,0.22709163346613526,0.2688011913626207,0.15479378682378164,0.3936736857258772,0.00033407572383073496,0.5,0.19760421422956176,0.6990290425192607,0.27405584665737626,0.4648322791174463,0.7350646492625038,0.1495767762572235
2021-10-13 14:50:00,0.3158995815899582,0.06772908366533859,0.26612062546537585,0.1697911087305839,0.39118713274266786,0.00033407572383073496,0.5,0.19760421422956176,0.6990290425192607,0.27405584665737626,0.4648322791174463,0.7350646492625038,0.19871146853357877
2021-10-13 15:00:00,0.31659693165969316,-0.06772908366533881,0.22769918093819785,0.13372612033565434,0.4025467537396448,0.00033407572383073496,0.5,0.20906933873831246,0.686753427373588,0.2701555514721408,0.5679055684535569,0.7492563152607659,0.17953437844199344
2021-10-13 15:10:00,0.403068340306834,-0.06772908366533881,0.21250930752047625,0.1137296911265846,0.38750965175171115,0.00033407572383073496,0.5,0.20906933873831246,0.686753427373588,0.2701555514721408,0.5679055684535569,0.7492563152607659,0.2728020278527996
2021-10-13 15:20:00,0.3319386331938633,-0.40239043824701204,0.20595681310498848,0.10730226745224059,0.40142126133671857,0.00022271714922048998,0.5,0.20906933873831246,0.686753427373588,0.2701555514721408,0.5679055684535569,0.7492563152607659,0.191333343392127
2021-10-13 15:30:00,0.35006973500697347,0.05179282868525892,0.20744601638123594,0.10765934654525999,0.3830207692609703,0.00033407572383073496,0.5,0.20906933873831246,0.686753427373588,0.2701555514721408,0.5679055684535569,0.7492563152607659,0.2247385971000498
2021-10-13 15:40:00,0.41631799163179917,0.10756972111553775,0.20923306031273237,0.10801642563827896,0.3935951630000916,0.00033407572383073496,0.5,0.20906933873831246,0.686753427373588,0.2701555514721408,0.5679055684535569,0.7492563152607659,0.30739924860811446
2021-10-13 15:50:00,0.301255230125523,-0.298804780876494,0.2056589724497393,0.10515979289412614,0.37571815576291373,0.00033407572383073496,0.5,0.20906933873831246,0.686753427373588,0.2701555514721408,0.5679055684535569,0.7492563152607659,0.14924483606681052
2021-10-13 16:00:00,0.36401673640167365,0.17928286852589648,0.21042442293373043,0.10658810926620266,0.37684364816584004,0.00033407572383073496,0.5,0.22349031409604958,0.6780495794624846,0.25311984936511145,0.6273416667540808,0.7483358985081973,0.24874390814309644
2021-10-13 16:10:00,0.40376569037656906,0.2589641434262948,0.21102010424422923,0.10194608105695413,0.3800107314391907,0.00022271714922048998,0.5,0.22349031409604958,0.6780495794624846,0.25311984936511145,0.6273416667540808,0.7483358985081973,0.30624500203690574
2021-10-13 16:20:00,0.3668061366806137,0.2111553784860556,0.21102010424422923,0.10301731833601147,0.3818560154951512,0.00044543429844097997,0.5,0.22349031409604958,0.6780495794624846,0.25311984936511145,0.6273416667540808,0.7483358985081973,0.257781734236613
2021-10-13 16:30:00,0.46722454672245467,-0.019920318725099695,0.2142963514519729,0.10123192287091598,0.3868814699454267,0.00044543429844097997,0.5,0.22349031409604958,0.6780495794624846,0.25311984936511145,0.6273416667540808,0.7483358985081973,0.4575569201985606
2021-10-13 16:40:00,0.43654114365411434,0.11553784860557759,0.21608339538346977,0.11337261203356541,0.3789245003991572,0.00033407572383073496,0.5,0.22349031409604958,0.6780495794624846,0.25311984936511145,0.6273416667540808,0.7483358985081973,0.3994372104953453
2021-10-13 16:50:00,0.4804741980474198,-0.02788844621513953,0.2178704393149664,0.1137296911265846,0.40227192419939534,0.000556792873051225,0.5,0.22349031409604958,0.6780495794624846,0.25311984936511145,0.6273416667540808,0.7483358985081973,0.4674472290538196
2021-10-13 17:00:00,0.3800557880055788,0.15537848605577675,0.21667907669396835,0.12015711480092839,0.3951132690319456,0.00022271714922048998,0.5,0.22778972744855874,0.6790409388316918,0.24144660928834832,0.6673519557247439,0.7480294322055917,0.26915822985349364
2021-10-13 17:10:00,0.5320781032078103,0.12350597609561742,0.21667907669396835,0.12551330119621507,0.3917106175812383,0.00044543429844097997,0.5,0.22778972744855874,0.6790409388316918,0.24144660928834832,0.6673519557247439,0.7480294322055917,0.5632119739879596
2021-10-13 17:20:00,0.43096234309623427,-0.23505976095617542,0.21131794489947864,0.12265666845206202,0.39489078797555327,0.00022271714922048998,0.5,0.22778972744855874,0.6790409388316918,0.24144660928834832,0.6673519557247439,0.7480294322055917,0.3307557674608084
2021-10-13 17:30:00,0.4428172942817294,0.09960159362549792,0.2137006701414743,0.12122835207998572,0.3893418486867074,0.00022271714922048998,0.5,0.22778972744855874,0.6790409388316918,0.24144660928834832,0.6673519557247439,0.7480294322055917,0.3736892134526306
2021-10-13 17:40:00,0.40446304044630405,-0.07569721115537853,0.21102010424422923,0.12908409212640604,0.3866589888890343,0.00022271714922048998,0.5,0.22778972744855874,0.6790409388316918,0.24144660928834832,0.6673519557247439,0.7480294322055917,0.3072936312748012
2021-10-13 17:50:00,0.4714086471408647,0.2828685258964143,0.21072226358897983,0.12587038028923425,0.3989216212325451,0.00033407572383073496,0.5,0.22778972744855874,0.6790409388316918,0.24144660928834832,0.6673519557247439,0.7480294322055917,0.43435128325059974
2021-10-13 18:00:00,0.47419804741980476,-0.03585657370517936,0.2068503350707369,0.12051419389394757,0.42156234050071323,0.0006681514476614699,0.5,0.09847322897596333,0.6982761840997475,0.30741620408044734,0.6652360443672777,0.7579582134971304,0.4500580895333223
2021-10-13 18:10:00,0.4825662482566248,0.05976095617529875,0.20446760982874146,0.11730048205677557,0.42442841999188596,0.00044543429844097997,0.5,0.09847322897596333,0.6982761840997475,0.30741620408044734,0.6652360443672777,0.7579582134971304,0.4576399052461638
2021-10-13 18:20:00,0.5885634588563459,-0.13147410358565736,0.20178704393149638,0.1151580074986609,0.4383400295768934,0.00044543429844097997,0.5,0.09847322897596333,0.6982761840997475,0.30741620408044734,0.6652360443672777,0.7579582134971304,0.6772334293948127
2021-10-13 18:30:00,0.5146443514644351,-0.003984063745020028,0.1982129560685031,0.11587216568469927,0.43358940466686735,0.00033407572383073496,0.5,0.09847322897596333,0.6982761840997475,0.30741620408044734,0.6652360443672777,0.7579582134971304,0.5121610815214931
2021-10-13 18:40:00,0.43096234309623427,0.21912350597609564,0.1940431868950112,0.11301553294054645,0.44001518106031856,0.00033407572383073496,0.5,0.09847322897596333,0.6982761840997475,0.30741620408044734,0.6652360443672777,0.7579582134971304,0.3657151047874828
2021-10-13 18:50:00,0.45188284518828453,-0.09960159362549814,0.19017125837676807,0.11301553294054645,0.44042088181021055,0.00033407572383073496,0.5,0.09847322897596333,0.6982761840997475,0.30741620408044734,0.6652360443672777,0.7579582134971304,0.3970985409719812
2021-10-13 19:00:00,0.49023709902370993,0.15537848605577675,0.1862993298585256,0.11123013747545074,0.4335763175459031,0.00044543429844097997,0.5,0.09688535509199925,0.7241434798725307,0.3263892455536115,0.5229335649903919,0.7865577848467765,0.4995548983810371
2021-10-13 19:10:00,0.4463040446304045,0.21912350597609564,0.18272524199553208,0.10301731833601147,0.4350028137310073,0.00033407572383073496,0.5,0.09688535509199925,0.7241434798725307,0.3263892455536115,0.5229335649903919,0.7865577848467765,0.41303167011180353
2021-10-13 19:20:00,0.5850767085076709,0.10756972111553775,0.17676842889054334,0.09551865738261034,0.451152321000903,0.00033407572383073496,0.5,0.09688535509199925,0.7241434798725307,0.3263892455536115,0.5229335649903919,0.7865577848467765,0.6894774959639091
2021-10-13 19:30:00,0.5725244072524408,-0.05179282868525903,0.17349218168279945,0.09337618282449567,0.4512962793315099,0.00011135857461024499,0.5,0.09688535509199925,0.7241434798725307,0.3263892455536115,0.5229335649903919,0.7865577848467765,0.6394375122591548
2021-10-13 19:40:00,0.4602510460251046,0.2828685258964143,0.16604616530156346,0.09337618282449567,0.4531546505084346,0.00033407572383073496,0.5,0.09688535509199925,0.7241434798725307,0.3263892455536115,0.5229335649903919,0.7865577848467765,0.440462000392293
2021-10-13 19:50:00,0.46513249651324967,-0.003984063745020028,0.15860014892032748,0.09266202463845752,0.46252502911884413,0.00022271714922048998,0.5,0.09688535509199925,0.7241434798725307,0.3263892455536115,0.5229335649903919,0.7865577848467765,0.4004405751618208
2021-10-13 20:00:00,0.3891213389121339,0.05179282868525892,0.15055845122859246,0.08837707552222818,0.45676669589457014,0.00033407572383073496,0.5,0.08258651874793821,0.7363041548014854,0.34887541869268085,0.4340174892101589,0.8422820052002109,0.2864191197549678
2021-10-13 20:10:00,0.49023709902370993,0.2111553784860556,0.14281459419210707,0.07766470273165504,0.46184449882870265,0.00022271714922048998,0.5,0.08258651874793821,0.7363041548014854,0.34887541869268085,0.4340174892101589,0.8422820052002109,0.45795675724610346
2021-10-13 20:20:00,0.5474198047419805,0.1633466135458166,0.1365599404318687,0.06802356722013925,0.46255120336077266,0.00033407572383073496,0.5,0.08258651874793821,0.7363041548014854,0.34887541869268085,0.4340174892101589,0.8422820052002109,0.5842977201744195
2021-10-13 20:30:00,0.5104602510460251,0.25099601593625476,0.13298585256887563,0.06266738082485257,0.46255120336077266,0.00022271714922048998,0.5,0.08258651874793821,0.7363041548014854,0.34887541869268085,0.4340174892101589,0.8422820052002109,0.5074384779033451
2021-10-13 20:40:00,0.5125523012552301,0.05179282868525892,0.12613551749813845,0.058739510801642636,0.4696313358024368,0.00022271714922048998,0.5,0.08258651874793821,0.7363041548014854,0.34887541869268085,0.4340174892101589,0.8422820052002109,0.4983629313336452
2021-10-13 20:50:00,0.5606694560669455,-0.03585657370517936,0.12256142963514494,0.060167827173718935,0.47381921451099973,0.00022271714922048998,0.5,0.08258651874793821,0.7363041548014854,0.34887541869268085,0.4340174892101589,0.8422820052002109,0.5949726149342909
2021-10-13 21:00:00,0.5955369595536959,0.24302788844621515,0.11868950111690246,0.054454561685413294,0.47381921451099973,0.00011135857461024499,0.5,0.0616024225015952,0.7648438106130042,0.3722310294631058,0.4308589011441959,0.8975922328309751,0.6573471943509815
2021-10-13 21:10:00,0.5829846582984658,0.24302788844621515,0.11571109456440776,0.053740403499375144,0.47381921451099973,0.00011135857461024499,0.5,0.0616024225015952,0.7648438106130042,0.3722310294631058,0.4308589011441959,0.8975922328309751,0.6432171039727206
2021-10-13 21:20:00,0.6234309623430963,0.3545816733067728,0.11213700670141469,0.050883770755222324,0.47381921451099973,0.00011135857461024499,0.5,0.0616024225015952,0.7648438106130042,0.3722310294631058,0.4308589011441959,0.8975922328309751,0.7521991037614859
2021-10-13 21:30:00,0.5362622036262203,0.394422310756972,0.10826507818317177,0.050883770755222324,0.47381921451099973,0.00022271714922048998,0.5,0.0616024225015952,0.7648438106130042,0.3722310294631058,0.4308589011441959,0.8975922328309751,0.5226322857099748
2021-10-13 21:40:00,0.4916317991631799,-0.03585657370517936,0.10588235294117632,0.050883770755222324,0.47381921451099973,0.00022271714922048998,0.5,0.0616024225015952,0.7648438106130042,0.3722310294631058,0.4308589011441959,0.8975922328309751,0.4315448798225629
2021-10-13 21:50:00,0.6213389121338913,0.2589641434262948,0.10588235294117632,0.04731297982503113,0.47381921451099973,0.00011135857461024499,0.5,0.0616024225015952,0.7648438106130042,0.3722310294631058,0.4308589011441959,0.8975922328309751,0.7141542314830183
2021-10-13 22:00:00,0.5753138075313807,0.1633466135458166,0.10141474311243459,0.04374218889484016,0.47381921451099973,0.00011135857461024499,0.5,-0.002009456934991216,0.779176855637962,0.43520616235479626,0.4335367260147394,0.9353915618793294,0.6300526577847518
2021-10-13 22:10:00,0.6157601115760112,0.3705179282868525,0.09635145197319428,0.04231387252276364,0.4742118281399275,0.00011135857461024499,0.5,-0.002009456934991216,0.779176855637962,0.43520616235479626,0.4335367260147394,0.9353915618793294,0.7120871493881739
2021-10-13 22:20:00,0.4874476987447699,-0.01195219123505975,0.08860759493670867,0.041956793429744677,0.485047964298334,0.00022271714922048998,0.5,-0.002009456934991216,0.779176855637962,0.43520616235479626,0.4335367260147394,0.9353915618793294,0.4282330220136699
2021-10-13 22:30:00,0.5146443514644351,0.19521912350597592,0.0784810126582276,0.03874308159257289,0.485047964298334,0.00022271714922048998,0.5,-0.002009456934991216,0.779176855637962,0.43520616235479626,0.4335367260147394,0.9353915618793294,0.4774129788614452
2021-10-13 22:40:00,0.5202231520223152,0.4262948207171313,0.0826507818317197,0.03231565791822888,0.485047964298334,0.00022271714922048998,0.5,-0.002009456934991216,0.779176855637962,0.43520616235479626,0.4335367260147394,0.9353915618793294,0.48406687086017774
2021-10-13 22:50:00,0.5432357043235705,0.21912350597609564,0.08235294117647052,0.02874486698803791,0.485047964298334,0.00022271714922048998,0.5,-0.002009456934991216,0.779176855637962,0.43520616235479626,0.4335367260147394,0.9353915618793294,0.49253888981094496
2021-10-13 23:00:00,0.5453277545327755,-0.1633466135458168,0.07699180938198036,0.02231744331369412,0.485047964298334,0.00022271714922048998,0.5,-0.06143595723200057,0.7971046559408294,0.49480651778942186,0.41623502805773227,0.9563738240183176,0.5068047739034658
2021-10-13 23:10:00,0.5627615062761506,-0.3944223107569722,0.07073715562174243,0.02053204784859841,0.485047964298334,0.00022271714922048998,0.5,-0.06143595723200057,0.7971046559408294,0.49480651778942186,0.41623502805773227,0.9563738240183176,0.5467809345625179
2021-10-13 23:20:00,0.6136680613668062,-0.06772908366533881,0.06775874906924773,0.018032494197464777,0.485047964298334,0.00022271714922048998,0.5,-0.06143595723200057,0.7971046559408294,0.49480651778942186,0.41623502805773227,0.9563738240183176,0.6905034929160946
2021-10-13 23:30:00,0.6589958158995816,0.10756972111553775,0.06775874906924773,0.011605070523120764,0.485047964298334,0.00022271714922048998,0.5,-0.06143595723200057,0.7971046559408294,0.49480651778942186,0.41623502805773227,0.9563738240183176,0.8099868732742883
2021-10-13 23:40:00,0.5767085076708507,0.3784860557768923,0.06269545793000741,0.011605070523120764,0.48831974453939875,0.00022271714922048998,0.5,-0.06143595723200057,0.7971046559408294,0.49480651778942186,0.41623502805773227,0.9563738240183176,0.6238438674049821
2021-10-13 23:50:00,0.5536959553695956,-0.23505976095617542,0.0588235294117645,0.011605070523120764,0.4962767140856683,0.00022271714922048998,0.5,-0.06143595723200057,0.7971046559408294,0.49480651778942186,0.41623502805773227,0.9563738240183176,0.5399158078971589
2021-10-14 00:00:00,0.48326359832635984,-0.2589641434262948,0.05614296351451942,0.015175861453311956,0.4962767140856683,0.00033407572383073496,0.5,-0.07344663822537556,0.7909898364113375,0.5245008057135343,0.40800047677330475,0.9691261836230208,0.3742701087858533
2021-10-14 00:10:00,0.47419804741980476,-0.45019920318725104,0.04810126582278462,0.0126763078021781,0.4962767140856683,0.00033407572383073496,0.5,-0.07344663822537556,0.7909898364113375,0.5245008057135343,0.40800047677330475,0.9691261836230208,0.3633613470736454
2021-10-14 00:20:00,0.4511854951185495,-0.298804780876494,0.042144452717795655,0.0026780931976433386,0.49172239599010614,0.00022271714922048998,0.5,-0.07344663822537556,0.7909898364113375,0.5245008057135343,0.40800047677330475,0.9691261836230208,0.3450970925056958
2021-10-14 00:30:00,0.48117154811715485,0.29083665338645415,0.033804914370811234,-0.006248884127834309,0.48500870293544124,0.00022271714922048998,0.5,-0.07344663822537556,0.7909898364113375,0.5245008057135343,0.40800047677330475,0.9691261836230208,0.42588680839506915
2021-10-14 00:40:00,0.504881450488145,0.40239043824701204,0.031124348473566377,-0.019103731476522,0.48724660062032954,0.00033407572383073496,0.5,-0.07344663822537556,0.7909898364113375,0.5245008057135343,0.40800047677330475,0.9691261836230208,0.44917543039063323
2021-10-14 00:50:00,0.46582984658298465,-0.2509960159362551,0.03201787043931481,-0.021603285127655747,0.49618510423891843,0.00022271714922048998,0.5,-0.07344663822537556,0.7909898364113375,0.5245008057135343,0.40800047677330475,0.9691261836230208,0.34493112241048934
2021-10-14 01:00:00,0.31729428172942814,-0.3466135458167332,0.02993298585256876,-0.028387787895018723,0.49618510423891843,0.00033407572383073496,0.5,-0.1614707778574176,0.8003258555144029,0.6522636257654342,0.3459868794795824,0.9803645279185426,0.15884092520783985
2021-10-14 01:10:00,0.1199442119944212,0.10756972111553775,0.026656738644824873,-0.03302981610426714,0.49618510423891843,0.00022271714922048998,0.5,-0.1614707778574176,0.8003258555144029,0.6522636257654342,0.3459868794795824,0.9803645279185426,0.026773993994900193
2021-10-14 01:20:00,0.11785216178521618,0.38645418326693215,0.023976172747579794,-0.031244420639171433,0.49643375953723945,0.00022271714922048998,0.5,-0.1614707778574176,0.8003258555144029,0.6522636257654342,0.3459868794795824,0.9803645279185426,0.015058014092369903
2021-10-14 01:30:00,0.19525801952580193,-0.13147410358565736,0.02367833209233039,-0.030530262453133394,0.5107772441140673,0.00044543429844097997,0.5,-0.1614707778574176,0.8003258555144029,0.6522636257654342,0.3459868794795824,0.9803645279185426,0.06637294989211945
2021-10-14 01:40:00,0.25592747559274753,0.12350597609561742,0.029039463886820327,-0.04338510980182109,0.49622436560181127,0.00044543429844097997,0.5,-0.1614707778574176,0.8003258555144029,0.6522636257654342,0.3459868794795824,0.9803645279185426,0.10112859664740409
2021-10-14 01:50:00,0.17503486750348674,-0.11553784860557781,0.02784810126582271,-0.0526691662203177,0.4889217521037547,0.00044543429844097997,0.5,-0.1614707778574176,0.8003258555144029,0.6522636257654342,0.3459868794795824,0.9803645279185426,0.04324275389652519
2021-10-14 02:00:00,0.11087866108786612,0.15537848605577675,0.024869694713328228,-0.05016961256918395,0.4823781916216252,0.006570155902004454,0.5,-0.15579521603296353,0.7994034602752249,0.6652278336203771,0.24728207375431713,0.9957502594675365,0.0076497125699714836
2021-10-14 02:10:00,0.05718270571827057,0.17928286852589626,0.023976172747579794,-0.04624174254597391,0.4823781916216252,0.9859688195991092,0.5,-0.15579521603296353,0.7994034602752249,0.6652278336203771,0.24728207375431713,0.9957502594675365,0.0
2021-10-14 02:20:00,0.03486750348675035,0.20318725099601576,0.026061057334326065,-0.021960364220674822,0.4823781916216252,0.9993318485523385,0.5,-0.15579521603296353,0.7994034602752249,0.6652278336203771,0.24728207375431713,0.9957502594675365,0.0
2021-10-14 02:30:00,0.06624825662482565,0.22709163346613526,0.02784810126582271,-0.010176754151044465,0.4823781916216252,0.9993318485523385,0.5,-0.15579521603296353,0.7994034602752249,0.6652278336203771,0.24728207375431713,0.9957502594675365,0.0
2021-10-14 02:40:00,0.0697350069735007,0.25099601593625476,0.037974683544303556,-0.00981967505802539,0.4823781916216252,0.9993318485523385,0.5,-0.15579521603296353,0.7994034602752249,0.6652278336203771,0.24728207375431713,0.9957502594675365,0.0
2021-10-14 02:50:00,0.04393305439330544,0.2749003984063745,0.0397617274758002,-0.01410462417425462,0.4823781916216252,0.9993318485523385,0.5,-0.15579521603296353,0.7994034602752249,0.6652278336203771,0.24728207375431713,0.9957502594675365,0.0
2021-10-14 03:00:00,0.08507670850767085,0.298804780876494,0.04422933730454215,-0.01981788966256015,0.4823781916216252,0.9993318485523385,0.5,-0.18541075830583653,0.8114434479766243,0.7383981879783508,0.20501501759406782,0.00701892347703411,0.0
2021-10-14 03:10:00,0.11297071129707113,0.3227091633466135,0.04690990320178701,-0.024102838778789493,0.4823781916216252,0.9993318485523385,0.5,-0.18541075830583653,0.8114434479766243,0.7383981879783508,0.20501501759406782,0.00701892347703411,0.0
2021-10-14 03:20:00,0.0885634588563459,0.346613545816733,0.04690990320178701,-0.030530262453133394,0.4823781916216252,0.9993318485523385,0.5,-0.18541075830583653,0.8114434479766243,0.7383981879783508,0.20501501759406782,0.00701892347703411,0.0
2021-10-14 03:30:00,0.07880055788005579,0.3705179282868525,0.04393149664929252,-0.031244420639171433,0.4823781916216252,0.9993318485523385,0.5,-0.18541075830583653,0.8114434479766243,0.7383981879783508,0.20501501759406782,0.00701892347703411,0.0
2021-10-14 03:40:00,0.10529986052998605,0.394422310756972,0.036485480268056314,-0.036243527941438924,0.4823781916216252,0.9993318485523385,0.5,-0.18541075830583653,0.8114434479766243,0.7383981879783508,0.20501501759406782,0.00701892347703411,0.0
2021-10-14 03:50:00,0.05788005578800558,0.41832669322709126,0.025465376023827258,-0.04088555615068734,0.4823781916216252,0.9993318485523385,0.5,-0.18541075830583653,0.8114434479766243,0.7383981879783508,0.20501501759406782,0.00701892347703411,0.0
2021-10-14 04:00:00,0.04672245467224547,0.4422310756972112,0.008488458674609012,-0.04517050526691657,0.4823781916216252,0.9993318485523385,0.5,-0.27586960676373984,0.8130612315269523,0.8720838616726758,0.2626194024243325,0.04892657488059835,0.0
2021-10-14 04:10:00,0.04184100418410042,0.394422310756972,-0.0007446016381237319,-0.04909837529012662,0.4823781916216252,0.9993318485523385,0.5,-0.27586960676373984,0.8130612315269523,0.8720838616726758,0.2626194024243325,0.04892657488059835,0.0
2021-10-14 04:20:00,0.07322175732217574,0.346613545816733,-0.0037230081906179935,-0.05016961256918395,0.4823781916216252,0.9993318485523385,0.5,-0.27586960676373984,0.8130612315269523,0.8720838616726758,0.2626194024243325,0.04892657488059835,0.0
2021-10-14 04:30:00,0.11157601115760113,0.298804780876494,-0.0013402829486225398,-0.05409748259239411,0.4823781916216252,0.9993318485523385,0.5,-0.27586960676373984,0.8130612315269523,0.8720838616726758,0.2626194024243325,0.04892657488059835,0.0
2021-10-14 04:40:00,0.17224546722454673,0.25099601593625476,-0.0010424422933731359,-0.060167827173718935,0.48245671434741066,0.9993318485523385,0.5,-0.27586960676373984,0.8130612315269523,0.8720838616726758,0.2626194024243325,0.04892657488059835,0.0
2021-10-14 04:50:00,0.32496513249651326,0.20318725099601576,-0.004616530156366427,-0.06659525084806284,0.5870751593356978,0.5810690423162583,0.5,-0.27586960676373984,0.8130612315269523,0.8720838616726758,0.2626194024243325,0.04892657488059835,0.05520768894186521
2021-10-14 05:00:00,0.303347280334728,0.15537848605577675,0.00699925539836177,-0.04624174254597391,0.6067581892659434,0.00011135857461024499,0.5,-0.2916504209326658,0.8054723037180279,0.9241288852518598,0.3034225976237765,0.08143558010921405,0.16648309368257466
2021-10-14 05:10:00,0.29288702928870297,-0.40239043824701204,0.020402084884586502,-0.03160149973219073,0.6148460300218556,0.00022271714922048998,0.5,-0.2916504209326658,0.8054723037180279,0.9241288852518598,0.3034225976237765,0.08143558010921405,0.17794257434705857
2021-10-14 05:20:00,0.3263598326359832,-0.4900398406374503,0.023976172747579794,-0.023031601499732157,0.6148460300218556,0.00033407572383073496,0.5,-0.2916504209326658,0.8054723037180279,0.9241288852518598,0.3034225976237765,0.08143558010921405,0.20534272824660138
2021-10-14 05:30:00,0.32984658298465835,0.38645418326693215,0.02367833209233039,-0.022674522406713193,0.6148460300218556,0.00033407572383073496,0.5,-0.2916504209326658,0.8054723037180279,0.9241288852518598,0.3034225976237765,0.08143558010921405,0.20317757291368047
2021-10-14 05:40:00,0.32217573221757323,0.4262948207171313,-0.029932985852568983,-0.07123727905731125,0.6195573935689888,0.00033407572383073496,0.5,-0.2916504209326658,0.8054723037180279,0.9241288852518598,0.3034225976237765,0.08143558010921405,0.19327217586794815
2021-10-14 05:50:00,0.33472803347280333,-0.06772908366533881,-0.05107967237527933,-0.10480271380110695,0.62871837824397,0.00022271714922048998,0.5,-0.2916504209326658,0.8054723037180279,0.9241288852518598,0.3034225976237765,0.08143558010921405,0.2043318194848892
2021-10-14 06:00:00,0.3054393305439331,0.22709163346613526,-0.059121370067014345,-0.11908587752187105,0.62871837824397,0.00033407572383073496,0.5,-0.31304982984921415,0.8102394492064839,0.9643474772929801,0.3560618324534389,0.11020259928589907,0.16173031368347995
2021-10-14 06:10:00,0.3110181311018131,-0.07569721115537853,-0.06358897989575596,-0.1283699339403679,0.62871837824397,0.00022271714922048998,0.5,-0.31304982984921415,0.8102394492064839,0.9643474772929801,0.3560618324534389,0.11020259928589907,0.17521161187138826
2021-10-14 06:20:00,0.3089260808926081,-0.1633466135458168,-0.06775874906924817,-0.1312265666845207,0.6248053290756566,0.00022271714922048998,0.5,-0.31304982984921415,0.8102394492064839,0.9643474772929801,0.3560618324534389,0.11020259928589907,0.16440092339725695
2021-10-14 06:30:00,0.32147838214783825,0.07569721115537842,-0.07222635889798967,-0.1347973576147118,0.6280901964376857,0.00022271714922048998,0.5,-0.31304982984921415,0.8102394492064839,0.9643474772929801,0.3560618324534389,0.11020259928589907,0.18208428263198395
2021-10-14 06:40:00,0.32147838214783825,-0.17928286852589637,-0.07371556217423691,-0.13801106945188357,0.6286660297601131,0.00033407572383073496,0.5,-0.31304982984921415,0.8102394492064839,0.9643474772929801,0.3560618324534389,0.11020259928589907,0.18452102539342458
2021-10-14 06:50:00,0.3437935843793584,-0.3784860557768924,-0.07788533134772901,-0.13551151580074983,0.6286660297601131,0.00022271714922048998,0.5,-0.31304982984921415,0.8102394492064839,0.9643474772929801,0.3560618324534389,0.11020259928589907,0.20624047557976372
2021-10-14 07:00:00,0.32566248256624825,-0.38645418326693237,-0.07997021593447506,-0.13658275307980716,0.6286660297601131,0.00033407572383073496,0.5,-0.3101347031224829,0.8332361130666933,0.9713794472603521,0.40304493715457307,0.13706731552614432,0.18735006110717142
2021-10-14 07:10:00,0.3158995815899582,-0.4661354581673308,-0.08116157855547301,-0.13979646491697895,0.6286660297601131,0.00022271714922048998,0.5,-0.3101347031224829,0.8332361130666933,0.9713794472603521,0.40304493715457307,0.13706731552614432,0.17358963139550673
2021-10-14 07:20:00,0.33403068340306835,-0.03585657370517936,-0.08116157855547301,-0.1469380467773611,0.6286660297601131,0.00022271714922048998,0.5,-0.3101347031224829,0.8332361130666933,0.9713794472603521,0.40304493715457307,0.13706731552614432,0.18845149901172353
2021-10-14 07:30:00,0.3193863319386332,0.06772908366533859,-0.08205510052122122,-0.15015175861453323,0.6286660297601131,0.00022271714922048998,0.5,-0.3101347031224829,0.8332361130666933,0.9713794472603521,0.40304493715457307,0.13706731552614432,0.1889116888211597
2021-10-14 07:40:00,0.3472803347280335,0.25099601593625476,-0.08622486969471344,-0.15265131226566697,0.6286660297601131,0.00022271714922048998,0.5,-0.3101347031224829,0.8332361130666933,0.9713794472603521,0.40304493715457307,0.13706731552614432,0.21365632119739877
2021-10-14 07:50:00,0.33891213389121344,0.22709163346613526,-0.08771407297096068,-0.15265131226566697,0.6286660297601131,0.00022271714922048998,0.5,-0.3101347031224829,0.8332361130666933,0.9713794472603521,0.40304493715457307,0.13706731552614432,0.21398826138781174
2021-10-14 08:00:00,0.31729428172942814,0.3705179282868525,-0.09099032017870456,-0.15265131226566697,0.6286660297601131,0.00022271714922048998,0.5,-0.322699112107405,0.8265322249265117,0.9925778229743314,0.40110364905753004,0.1503868266740884,0.18227288501290043
2021-10-14 08:10:00,0.3117154811715481,-0.02788844621513953,-0.09307520476545061,-0.15657918228887702,0.6414128855793014,0.00022271714922048998,0.5,-0.322699112107405,0.8265322249265117,0.9925778229743314,0.40110364905753004,0.1503868266740884,0.18980943615432203
2021-10-14 08:20:00,0.3207810320781032,-0.05179282868525903,-0.09516008935219666,-0.15729334047491517,0.6424598552564421,0.00033407572383073496,0.5,-0.322699112107405,0.8265322249265117,0.9925778229743314,0.40110364905753004,0.1503868266740884,0.1921405615824494
2021-10-14 08:30:00,0.3486750348675035,-0.3466135458167332,-0.0966492926284439,-0.15800749866095343,0.6382981507898078,0.00022271714922048998,0.5,-0.322699112107405,0.8265322249265117,0.9925778229743314,0.40110364905753004,0.1503868266740884,0.22056671243417778
2021-10-14 08:40:00,0.3451882845188285,-0.19521912350597614,-0.0966492926284439,-0.15265131226566697,0.62871837824397,0.00033407572383073496,0.5,-0.322699112107405,0.8265322249265117,0.9925778229743314,0.40110364905753004,0.1503868266740884,0.2147728472924242
2021-10-14 08:50:00,0.32217573221757323,-0.5298804780876495,-0.09843633655994066,-0.15265131226566697,0.62871837824397,0.00044543429844097997,0.5,-0.322699112107405,0.8265322249265117,0.9925778229743314,0.40110364905753004,0.1503868266740884,0.1848605096790742
2021-10-14 09:00:00,0.3228730822873082,-0.19521912350597614,-0.0963514519731945,-0.15265131226566697,0.62871837824397,0.00033407572383073496,0.5,-0.2884340157486618,0.8282189726068732,0.8670924577680437,0.3736763695862382,0.1620800792173649,0.19328726405842148
2021-10-14 09:10:00,0.3493723849372385,-0.5458167330677292,-0.09605361131794499,-0.15229423317264768,0.6279331509861147,0.00022271714922048998,0.5,-0.2884340157486618,0.8282189726068732,0.8670924577680437,0.3736763695862382,0.1620800792173649,0.21773767672043093
2021-10-14 09:20:00,0.301255230125523,0.3784860557768923,-0.09426656738644845,-0.15122299589359034,0.617097014827708,0.00033407572383073496,0.5,-0.2884340157486618,0.8282189726068732,0.8670924577680437,0.3736763695862382,0.1620800792173649,0.16815033872987611
2021-10-14 09:30:00,0.32217573221757323,-0.24302788844621515,-0.088607594936709,-0.15265131226566697,0.6302888327596812,0.00033407572383073496,0.5,-0.2884340157486618,0.8282189726068732,0.8670924577680437,0.3736763695862382,0.1620800792173649,0.18212954720340388
2021-10-14 09:40:00,0.36192468619246865,-0.15537848605577698,-0.08413998510796727,-0.14943760042849485,0.6309955372917512,0.00033407572383073496,0.5,-0.2884340157486618,0.8282189726068732,0.8670924577680437,0.3736763695862382,0.1620800792173649,0.24349321785838224
2021-10-14 09:50:00,0.3284518828451883,0.13147410358565725,-0.07609828741623248,-0.14515265131226573,0.6309955372917512,0.00033407572383073496,0.5,-0.2884340157486618,0.8282189726068732,0.8670924577680437,0.3736763695862382,0.1620800792173649,0.19949605443819124
2021-10-14 10:00:00,0.34309623430962344,-0.12350597609561753,-0.06716306775874914,-0.14086770219603628,0.6412296658858018,0.00022271714922048998,0.5,-0.04576911056982769,0.8314602867183706,0.5457420446012882,0.3935279016554243,0.21001941526777423,0.21572340329224315
2021-10-14 10:10:00,0.3451882845188285,0.19521912350597592,-0.060610573343261476,-0.13194072487055875,0.6370287000562745,0.00022271714922048998,0.5,-0.04576911056982769,0.8314602867183706,0.5457420446012882,0.3935279016554243,0.21001941526777423,0.22621723976643482
2021-10-14 10:20:00,0.36959553695955366,-0.2509960159362551,-0.05465376023827262,-0.1280128548473486,0.6490295899805003,0.00022271714922048998,0.5,-0.04576911056982769,0.8314602867183706,0.5457420446012882,0.3935279016554243,0.21001941526777423,0.2517389139520497
2021-10-14 10:30:00,0.3688981868898187,0.03585657370517925,-0.050781831720029924,-0.12194251026602376,0.6412296658858018,0.00033407572383073496,0.5,-0.04576911056982769,0.8314602867183706,0.5457420446012882,0.3935279016554243,0.21001941526777423,0.2543868913801168
2021-10-14 10:40:00,0.35355648535564854,0.12350597609561742,-0.04363365599404323,-0.11622924477771823,0.6408108780149454,0.00022271714922048998,0.5,-0.04576911056982769,0.8314602867183706,0.5457420446012882,0.3935279016554243,0.21001941526777423,0.2263530334806947
2021-10-14 10:50:00,0.3528591352859135,0.019920318725099362,-0.03618763961280724,-0.11194429566148911,0.6483097983274659,0.00022271714922048998,0.5,-0.04576911056982769,0.8314602867183706,0.5457420446012882,0.3935279016554243,0.21001941526777423,0.2240671726239872
2021-10-14 11:00:00,0.3270571827057183,-0.2749003984063746,-0.028741623231571256,-0.10837350473129803,0.6493436808836424,0.00033407572383073496,0.5,-0.017741442180918554,0.8230351688328129,0.48460254614861076,0.40264632780680903,0.28171543956653333,0.19582208005793866
2021-10-14 11:10:00,0.3096234309623431,0.043824701195219085,-0.020402084884586835,-0.10266023924299217,0.6477208778840744,0.00033407572383073496,0.5,-0.017741442180918554,0.8230351688328129,0.48460254614861076,0.40264632780680903,0.28171543956653333,0.18006246510855953
2021-10-14 11:20:00,0.3284518828451883,0.2828685258964143,-0.008488458674609234,-0.1023031601499732,0.6487285861983223,0.00022271714922048998,0.5,-0.017741442180918554,0.8230351688328129,0.48460254614861076,0.40264632780680903,0.28171543956653333,0.19869638034310547
2021-10-14 11:30:00,0.3138075313807531,-0.07569721115537853,0.0019359642591212367,-0.09480449919657197,0.651293661907317,0.00022271714922048998,0.5,-0.017741442180918554,0.8230351688328129,0.48460254614861076,0.40264632780680903,0.28171543956653333,0.18085459510840865
2021-10-14 11:40:00,0.301952580195258,-0.08366533864541836,0.011169024571854091,-0.08980539189430448,0.6614230935336535,0.00022271714922048998,0.5,-0.017741442180918554,0.8230351688328129,0.48460254614861076,0.40264632780680903,0.28171543956653333,0.1584486322555336
2021-10-14 11:50:00,0.2894002789400279,-0.29083665338645437,0.017721518987341645,-0.08337796821996057,0.6549449686563453,0.00022271714922048998,0.5,-0.017741442180918554,0.8230351688328129,0.48460254614861076,0.40264632780680903,0.28171543956653333,0.1525717820661768
2021-10-14 12:00:00,0.28103207810320785,0.24302788844621515,0.029337304542069953,-0.07873594001071249,0.6544214838177749,0.00022271714922048998,0.5,-0.0067241829577053824,0.8101704850764505,0.4623248554287288,0.34984715199344757,0.31508813566753835,0.14422801273443278
2021-10-14 12:10:00,0.30474198047419804,-0.3466135458167332,0.03886820551005199,-0.07016604177825392,0.6573791731556975,0.00033407572383073496,0.5,-0.0067241829577053824,0.8101704850764505,0.4623248554287288,0.34984715199344757,0.31508813566753835,0.16124749158833382
2021-10-14 12:20:00,0.23082287308228733,0.1394422310756971,0.047505584512285814,-0.06409569719692909,0.6523406315844578,0.00033407572383073496,0.5,-0.0067241829577053824,0.8101704850764505,0.4623248554287288,0.34984715199344757,0.31508813566753835,0.10121912579024397
2021-10-14 12:30:00,0.2085076708507671,0.08366533864541825,0.05912137006701412,-0.058739510801642525,0.6474198741018964,0.00044543429844097997,0.5,-0.0067241829577053824,0.8101704850764505,0.4623248554287288,0.34984715199344757,0.31508813566753835,0.07735715255669388
2021-10-14 12:40:00,0.17294281729428174,0.07569721115537842,0.06954579300074437,-0.05124084984824129,0.6404575257489105,0.00022271714922048998,0.5,-0.0067241829577053824,0.8101704850764505,0.4623248554287288,0.34984715199344757,0.31508813566753835,0.05185811065678893
2021-10-14 12:50:00,0.20502092050209206,0.17131474103585642,0.08116157855547268,-0.04159971433672538,0.6553244951643088,0.00033407572383073496,0.5,-0.0067241829577053824,0.8101704850764505,0.4623248554287288,0.34984715199344757,0.31508813566753835,0.06908882417731642
2021-10-14 13:00:00,0.16387726638772665,-0.10756972111553798,0.08860759493670867,-0.03267273701124784,0.68144638860897,0.00033407572383073496,0.5,0.12646017324261716,0.7903375506814515,0.3123597990604849,0.2701930794807672,0.30302939599749446,0.045935995896012195
2021-10-14 13:10:00,0.12691771269177127,0.17131474103585642,0.09545793000744607,-0.02624531333690394,0.6586878852521234,0.005011135857461025,0.5,0.12646017324261716,0.7903375506814515,0.3123597990604849,0.2701930794807672,0.30302939599749446,0.014771338473376886
2021-10-14 13:20:00,0.1094839609483961,0.47410358565737054,0.10707371556217415,-0.018746652383503037,0.6915103846304851,0.17193763919821825,0.5,0.12646017324261716,0.7903375506814515,0.3123597990604849,0.2701930794807672,0.30302939599749446,0.0
2021-10-14 13:30:00,0.06694560669456066,0.2549800796812749,0.11690245718540582,-0.01481878236029266,0.6939315020088731,0.9995545657015591,0.5,0.12646017324261716,0.7903375506814515,0.3123597990604849,0.2701930794807672,0.30302939599749446,0.0
2021-10-14 13:40:00,0.07043235704323571,0.03585657370517925,0.13536857781087108,0.024102838778789604,0.6939315020088731,0.9995545657015591,0.5,0.12646017324261716,0.7903375506814515,0.3123597990604849,0.2701930794807672,0.30302939599749446,0.0
2021-10-14 13:50:00,0.045327754532775454,-0.15059760956175305,0.14966492926284403,0.04731297982503113,0.6939315020088731,0.9995545657015591,0.5,0.12646017324261716,0.7903375506814515,0.3123597990604849,0.2701930794807672,0.30302939599749446,0.0
2021-10-14 14:00:00,0.06206415620641562,-0.33705179282868525,0.163663440059568,0.06373861810391013,0.6939315020088731,0.9995545657015591,0.5,0.1318181803021321,0.7592376015424985,0.29249246438774074,0.22969292321821821,0.2892167003039719,0.0
2021-10-14 14:10:00,0.055090655509065556,-0.5235059760956177,0.1752792256142961,0.07230851633636859,0.6939315020088731,0.9995545657015591,0.5,0.1318181803021321,0.7592376015424985,0.29249246438774074,0.22969292321821821,0.2892167003039719,0.0
2021-10-14 14:20:00,0.056485355648535567,-0.70996015936255,0.1860014892032762,0.08123549366184624,0.6939315020088731,0.9995545657015591,0.5,0.1318181803021321,0.7592376015424985,0.29249246438774074,0.22969292321821821,0.2892167003039719,0.0
2021-10-14 14:30:00,0.04114365411436541,-0.7105976095617532,0.19463886820551002,0.0898053918943047,0.6939315020088731,0.9995545657015591,0.5,0.1318181803021321,0.7592376015424985,0.29249246438774074,0.22969292321821821,0.2892167003039719,0.0
2021-10-14 14:40:00,0.055090655509065556,-0.7112350597609562,0.20595681310498848,0.09801821103374397,0.6939315020088731,0.9995545657015591,0.5,0.1318181803021321,0.7592376015424985,0.29249246438774074,0.22969292321821821,0.2892167003039719,0.0
2021-10-14 14:50:00,0.03765690376569038,-0.7118725099601594,0.2139985107967235,0.1040885556150688,0.6939315020088731,0.9995545657015591,0.5,0.1318181803021321,0.7592376015424985,0.29249246438774074,0.22969292321821821,0.2892167003039719,0.0
2021-10-14 15:00:00,0.07601115760111576,-0.7125099601593627,0.22055100521221127,0.11015890019639363,0.6939315020088731,0.9995545657015591,0.5,0.1366387356777663,0.7349306192116843,0.2793807717070589,0.21917645320858478,0.3003512283249741,0.0
2021-10-14 15:10:00,0.055090655509065556,-0.7131474103585658,0.22620997766195083,0.11230137475450808,0.6939315020088731,0.9995545657015591,0.5,0.1366387356777663,0.7349306192116843,0.2793807717070589,0.21917645320858478,0.3003512283249741,0.0
2021-10-14 15:20:00,0.07391910739191074,-0.6585088218554356,0.2300819061801933,0.1151580074986609,0.6939315020088731,0.9995545657015591,0.5,0.1366387356777663,0.7349306192116843,0.2793807717070589,0.21917645320858478,0.3003512283249741,0.0
2021-10-14 15:30:00,0.04951185495118549,-0.603870233352305,0.2369322412509307,0.11622924477771823,0.6939315020088731,0.9995545657015591,0.5,0.1366387356777663,0.7349306192116843,0.2793807717070589,0.21917645320858478,0.3003512283249741,0.0
2021-10-14 15:40:00,0.0885634588563459,-0.5492316448491747,0.24646314221891252,0.1219425102660241,0.6939315020088731,0.9995545657015591,0.5,0.1366387356777663,0.7349306192116843,0.2793807717070589,0.21917645320858478,0.3003512283249741,0.0
2021-10-14 15:50:00,0.1680613668061367,-0.49459305634604445,0.25837676842889046,0.12158543117300469,0.6939315020088731,0.9995545657015591,0.5,0.1366387356777663,0.7349306192116843,0.2793807717070589,0.21917645320858478,0.3003512283249741,0.0
2021-10-14 16:00:00,0.07601115760111576,-0.43995446784291414,0.2607594936708859,0.11587216568469927,0.6939315020088731,0.9995545657015591,0.5,0.17780081735081055,0.7211780222811626,0.22214131481136973,0.2267735007609136,0.31623554013600813,0.0
2021-10-14 16:10:00,0.055090655509065556,-0.38531587933978384,0.25510052122114657,0.12515622210319588,0.6939315020088731,0.9995545657015591,0.5,0.17780081735081055,0.7211780222811626,0.22214131481136973,0.2267735007609136,0.31623554013600813,0.0
2021-10-14 16:20:00,0.10808926080892609,-0.33067729083665354,0.2637379002233804,0.12944117121942522,0.6939315020088731,0.9995545657015591,0.5,0.17780081735081055,0.7211780222811626,0.22214131481136973,0.2267735007609136,0.31623554013600813,0.0
2021-10-14 16:30:00,0.06903765690376569,-0.2760387023335231,0.27446016381236027,0.12979825031244419,0.6939315020088731,0.9995545657015591,0.5,0.17780081735081055,0.7211780222811626,0.22214131481136973,0.2267735007609136,0.31623554013600813,0.0
2021-10-14 16:40:00,0.1311018131101813,-0.2214001138303927,0.27743857036485475,0.12908409212640604,0.6939315020088731,0.9995545657015591,0.5,0.17780081735081055,0.7211780222811626,0.22214131481136973,0.2267735007609136,0.31623554013600813,0.0
2021-10-14 16:50:00,0.09344490934449094,-0.1667615253272624,0.27773641102010416,0.12908409212640604,0.6939315020088731,0.9995545657015591,0.5,0.17780081735081055,0.7211780222811626,0.22214131481136973,0.2267735007609136,0.31623554013600813,0.0
2021-10-14 17:00:00,0.03417015341701534,-0.1121229368241321,0.2759493670886075,0.12908409212640604,0.6939315020088731,0.9995545657015591,0.5,0.1764002544173664,0.7183677339823643,0.2229288305188841,0.2390543121187935,0.33230195946165764,0.0
2021-10-14 17:10:00,0.048814504881450484,-0.0574843483210018,0.2714817572598658,0.1312265666845207,0.6939315020088731,0.9995545657015591,0.5,0.1764002544173664,0.7183677339823643,0.2229288305188841,0.2390543121187935,0.33230195946165764,0.0
2021-10-14 17:20:00,0.03765690376569038,-0.002845759817871385,0.2762472077438567,0.13301196214961597,0.6939315020088731,0.9995545657015591,0.5,0.1764002544173664,0.7183677339823643,0.2229288305188841,0.2390543121187935,0.33230195946165764,0.0
2021-10-14 17:30:00,0.03626220362622037,0.05179282868525892,0.2768428890543557,0.13301196214961597,0.6939315020088731,0.9995545657015591,0.5,0.1764002544173664,0.7183677339823643,0.2229288305188841,0.2390543121187935,0.33230195946165764,0.0
2021-10-14 17:40:00,0.10529986052998605,0.08156846299014453,0.2845867460908411,0.13158364577753967,0.6939315020088731,0.9995545657015591,0.5,0.1764002544173664,0.7183677339823643,0.2229288305188841,0.2390543121187935,0.33230195946165764,0.0
2021-10-14 17:50:00,0.15550906555090654,0.11134409729503036,0.2923306031273267,0.12372790573111936,0.6939315020088731,0.9995545657015591,0.5,0.1764002544173664,0.7183677339823643,0.2229288305188841,0.2390543121187935,0.33230195946165764,0.0
2021-10-14 18:00:00,0.09762900976290097,0.14111973159991598,0.2845867460908411,0.1151580074986609,0.6939315020088731,0.9995545657015591,0.5,0.019935475113092016,0.7223274244483604,0.34499921819092805,0.2791173903836639,0.3612298967537157,0.0
2021-10-14 18:10:00,0.08368200836820083,0.1708953659048018,0.27773641102010416,0.11444384931262275,0.6939315020088731,0.9995545657015591,0.5,0.019935475113092016,0.7223274244483604,0.34499921819092805,0.2791173903836639,0.3612298967537157,0.0
2021-10-14 18:20:00,0.07322175732217574,0.20067100020968742,0.2768428890543557,0.11123013747545074,0.6939315020088731,0.9995545657015591,0.5,0.019935475113092016,0.7223274244483604,0.34499921819092805,0.2791173903836639,0.3612298967537157,0.0
2021-10-14 18:30:00,0.06764295676429567,0.23044663451457326,0.27058823529411735,0.10551687198714532,0.6939315020088731,0.9995545657015591,0.5,0.019935475113092016,0.7223274244483604,0.34499921819092805,0.2791173903836639,0.3612298967537157,0.0
2021-10-14 18:40:00,0.06555090655509065,0.26022226881945887,0.257483246463142,0.10051776468487783,0.6939315020088731,0.9995545657015591,0.5,0.019935475113092016,0.7223274244483604,0.34499921819092805,0.2791173903836639,0.3612298967537157,0.0
2021-10-14 18:50:00,0.08926080892608089,0.2899979031243447,0.24169769173492162,0.09123370826638122,0.6939315020088731,0.9995545657015591,0.5,0.019935475113092016,0.7223274244483604,0.34499921819092805,0.2791173903836639,0.3612298967537157,0.0
2021-10-14 19:00:00,0.08228730822873082,0.31977353742923054,0.22680565897244964,0.08123549366184624,0.6939315020088731,0.9995545657015591,0.5,0.023298467125360434,0.7335886921814814,0.3323047439768681,0.2454502337127069,0.3717073752823175,0.0
2021-10-14 19:10:00,0.0885634588563459,0.3495491717341159,0.20804169769173497,0.07159435815033022,0.6939315020088731,0.9995545657015591,0.5,0.023298467125360434,0.7335886921814814,0.3323047439768681,0.2454502337127069,0.3717073752823175,0.0
2021-10-14 19:20:00,0.0697350069735007,0.37932480603900176,0.19553239017125823,0.06266738082485257,0.6939315020088731,0.9995545657015591,0.5,0.023298467125360434,0.7335886921814814,0.3323047439768681,0.2454502337127069,0.3717073752823175,0.0
2021-10-14 19:30:00,0.08716875871687588,0.4091004403438874,0.1874906924795232,0.053026245313336995,0.6939315020088731,0.9995545657015591,0.5,0.023298467125360434,0.7335886921814814,0.3323047439768681,0.2454502337127069,0.3717073752823175,0.0
2021-10-14 19:40:00,0.1394700139470014,0.4388760746487732,0.17319434102755027,0.04374218889484016,0.6939315020088731,0.9995545657015591,0.5,0.023298467125360434,0.7335886921814814,0.3323047439768681,0.2454502337127069,0.3717073752823175,0.0
2021-10-14 19:50:00,0.1387726638772664,0.46865170895365904,0.16008935219657472,0.0337439742903054,0.6939315020088731,0.9995545657015591,0.5,0.023298467125360434,0.7335886921814814,0.3323047439768681,0.2454502337127069,0.3717073752823175,0.0
2021-10-14 20:00:00,0.14365411436541145,0.49842734325854465,0.14966492926284403,0.02660239242992324,0.6939315020088731,0.9995545657015591,0.5,0.019512057642143255,0.7511515572962623,0.34507327763910656,0.24908501032382932,0.32160807235594974,0.0
2021-10-14 20:10:00,0.1499302649930265,0.5282029775634305,0.14251675353685767,0.020174968755579448,0.6939315020088731,0.9995545657015591,0.5,0.019512057642143255,0.7511515572962623,0.34507327763910656,0.24908501032382932,0.32160807235594974,0.0
2021-10-14 20:20:00,0.1324965132496513,0.5579786118683163,0.1362620997766193,0.013390465988216471,0.6939315020088731,0.9995545657015591,0.5,0.019512057642143255,0.7511515572962623,0.34507327763910656,0.24908501032382932,0.32160807235594974,0.0
2021-10-14 20:30:00,0.12482566248256625,0.5877542461732017,0.13387937453462384,0.008748437778968166,0.6939315020088731,0.9995545657015591,0.5,0.019512057642143255,0.7511515572962623,0.34507327763910656,0.24908501032382932,0.32160807235594974,0.0
2021-10-14 20:40:00,0.10808926080892609,0.6175298804780875,0.1332836932241248,0.007320121406891644,0.6939315020088731,0.9995545657015591,0.5,0.019512057642143255,0.7511515572962623,0.34507327763910656,0.24908501032382932,0.32160807235594974,0.0
2021-10-14 20:50:00,0.1394700139470014,0.9920318725099599,0.13268801191362622,0.0012497768255668174,0.6939315020088731,0.9995545657015591,0.5,0.019512057642143255,0.7511515572962623,0.34507327763910656,0.24908501032382932,0.32160807235594974,0.0
2021-10-14 21:00:00,0.26429567642956764,0.043824701195219085,0.1365599404318687,0.001963935011605189,0.681145384826792,0.2526726057906459,0.5,0.0067522329059579445,0.7494245805400491,0.36878434839796354,0.3118417261013079,0.2909591446505751,0.06119015646453521
2021-10-14 21:10:00,0.24407252440725244,0.08366533864541825,0.14728220402084857,0.015890019639350328,0.6774548167148708,0.00033407572383073496,0.5,0.0067522329059579445,0.7494245805400491,0.36878434839796354,0.3118417261013079,0.2909591446505751,0.08745115198334265
2021-10-14 21:20:00,0.23361227336122734,0.01195219123505975,0.15591958302308262,0.031244420639171766,0.6774548167148708,0.00022271714922048998,0.5,0.0067522329059579445,0.7494245805400491,0.36878434839796354,0.3118417261013079,0.2909591446505751,0.08397332407924318
2021-10-14 21:30:00,0.23361227336122734,-0.09960159362549814,0.15979151154132532,0.0448134261738975,0.6774548167148708,0.00033407572383073496,0.5,0.0067522329059579445,0.7494245805400491,0.36878434839796354,0.3118417261013079,0.2909591446505751,0.08781326855470224
2021-10-14 21:40:00,0.22384937238493724,-0.1633466135458168,0.16008935219657472,0.055882878057489815,0.6774548167148708,0.00033407572383073496,0.5,0.0067522329059579445,0.7494245805400491,0.36878434839796354,0.3118417261013079,0.2909591446505751,0.08622146445976735
2021-10-14 21:50:00,0.2524407252440725,0.12350597609561742,0.16276991809381958,0.0673094090341011,0.6774548167148708,0.00022271714922048998,0.5,0.0067522329059579445,0.7494245805400491,0.36878434839796354,0.3118417261013079,0.2909591446505751,0.10155106598065695
2021-10-14 22:00:00,0.23500697350069735,-0.17131474103585675,0.16604616530156346,0.07230851633636859,0.6774548167148708,0.00022271714922048998,0.5,-0.0850176254401358,0.7537808147537255,0.4831147628506141,0.3631345220207152,0.2758333244689883,0.09433891093441164
2021-10-14 22:10:00,0.22454672245467225,-0.019920318725099695,0.16753536857781093,0.0815925727548652,0.6774548167148708,0.00033407572383073496,0.5,-0.0850176254401358,0.7537808147537255,0.4831147628506141,0.3631345220207152,0.2758333244689883,0.07521462950948293
2021-10-14 22:20:00,0.24407252440725244,0.12350597609561742,0.17021593447505579,0.09409034101053382,0.6774548167148708,0.00033407572383073496,0.5,-0.0850176254401358,0.7537808147537255,0.4831147628506141,0.3631345220207152,0.2758333244689883,0.0881980174117718
2021-10-14 22:30:00,0.20292887029288703,0.07569721115537842,0.17498138495904692,0.1008748437778968,0.6774548167148708,0.00033407572383073496,0.5,-0.0850176254401358,0.7537808147537255,0.4831147628506141,0.3631345220207152,0.2758333244689883,0.06429832370203842
2021-10-14 22:40:00,0.23221757322175732,0.003984063745019917,0.17498138495904692,0.11301553294054645,0.6774548167148708,0.00033407572383073496,0.5,-0.0850176254401358,0.7537808147537255,0.4831147628506141,0.3631345220207152,0.2758333244689883,0.08174781598442898
2021-10-14 22:50:00,0.2391910739191074,-0.02788844621513953,0.17379002233804886,0.11908587752187128,0.6774548167148708,0.00033407572383073496,0.5,-0.0850176254401358,0.7537808147537255,0.4831147628506141,0.3631345220207152,0.2758333244689883,0.08601777388837757
2021-10-14 23:00:00,0.23709902370990238,0.13147410358565725,0.1720029784065522,0.12015711480092839,0.6774548167148708,0.00033407572383073496,0.5,-0.15244036217452805,0.7554704359395076,0.545003732773728,0.3754744060363019,0.2689832837494601,0.08819047331653515
2021-10-14 23:10:00,0.2105997210599721,0.17131474103585642,0.13536857781087108,0.09016247098732366,0.6774548167148708,0.00033407572383073496,0.5,-0.15244036217452805,0.7554704359395076,0.545003732773728,0.3754744060363019,0.2689832837494601,0.06662190503492917
2021-10-14 23:20:00,0.17154811715481172,-0.03585657370517936,0.09218168279970218,0.026245313336904275,0.6774548167148708,0.00033407572383073496,0.5,-0.15244036217452805,0.7554704359395076,0.545003732773728,0.3754744060363019,0.2689832837494601,0.05907026570303423
2021-10-14 23:30:00,0.15550906555090654,0.01195219123505975,0.07818317200297842,-0.0026780931976432276,0.6774548167148708,0.00033407572383073496,0.5,-0.15244036217452805,0.7554704359395076,0.545003732773728,0.3754744060363019,0.2689832837494601,0.046003892753142116
2021-10-14 23:40:00,0.1394700139470014,-0.21912350597609564,0.06865227103499616,-0.017675415104445702,0.6774548167148708,0.00022271714922048998,0.5,-0.15244036217452805,0.7554704359395076,0.545003732773728,0.3754744060363019,0.2689832837494601,0.03839944475459058
2021-10-14 23:50:00,0.1199442119944212,-0.42629482071713154,0.06001489203276256,-0.027316550615961277,0.6774548167148708,0.00011135857461024499,0.5,-0.15244036217452805,0.7554704359395076,0.545003732773728,0.3754744060363019,0.2689832837494601,0.024880426090498963
2021-10-15 00:00:00,0.10216178521617852,-0.5179282868525897,0.051377572598659604,-0.034279592929833846,0.6606248053290756,0.01013362995545657,0.5,-0.16100663626421385,0.7583611823900094,0.5580688846710512,0.38958000560337513,0.2559862557180343,0.012440213045249482
2021-10-15 00:10:00,0.08437935843793584,-0.6095617529880479,0.042740134028294685,-0.041242635243706416,0.6437947415947967,0.020155902004454343,0.5,-0.16100663626421385,0.7583611823900094,0.5580688846710512,0.38958000560337513,0.2559862557180343,0.0
2021-10-15 00:20:00,0.11366806136680613,0.38645418326693215,0.0394638868205508,-0.05409748259239411,0.6280509350747928,0.9692650334075725,0.5,-0.16100663626421385,0.7583611823900094,0.5580688846710512,0.38958000560337513,0.2559862557180343,0.0
2021-10-15 00:30:00,0.1094839609483961,0.6414342629482073,0.053164556962025156,-0.024102838778789493,0.6280509350747928,0.9985523385300669,0.5,-0.16100663626421385,0.7583611823900094,0.5580688846710512,0.38958000560337513,0.2559862557180343,0.0
2021-10-15 00:40:00,0.11576011157601115,-0.11553784860557781,0.05793000744601606,-0.006963042313872458,0.6280509350747928,0.9985523385300669,0.5,-0.16100663626421385,0.7583611823900094,0.5580688846710512,0.38958000560337513,0.2559862557180343,0.0
2021-10-15 00:50:00,0.11297071129707113,-0.10934041611332457,0.06299329858525682,-0.0026780931976432276,0.6280509350747928,0.9985523385300669,0.5,-0.16100663626421385,0.7583611823900094,0.5580688846710512,0.38958000560337513,0.2559862557180343,0.0
2021-10-15 01:00:00,0.1206415620641562,-0.10314298362107144,0.06478034251675346,-0.005534725941796048,0.6280509350747928,0.9985523385300669,0.5,-0.21667114153950529,0.7436804432094766,0.5735570740278715,0.4051723665049867,0.23422515005624886,0.0
2021-10-15 01:10:00,0.1297071129707113,-0.0969455511288182,0.06478034251675346,-0.01053383324406354,0.6280509350747928,0.9985523385300669,0.5,-0.21667114153950529,0.7436804432094766,0.5735570740278715,0.4051723665049867,0.23422515005624886,0.0
2021-10-15 01:20:00,0.12552301255230125,-0.09074811863656485,0.06418466120625443,-0.01696125691840733,0.6280509350747928,0.9985523385300669,0.5,-0.21667114153950529,0.7436804432094766,0.5735570740278715,0.4051723665049867,0.23422515005624886,0.0
2021-10-15 01:30:00,0.13737796373779637,-0.08455068614431172,0.06239761727475801,-0.01981788966256015,0.6280509350747928,0.9985523385300669,0.5,-0.21667114153950529,0.7436804432094766,0.5735570740278715,0.4051723665049867,0.23422515005624886,0.0
2021-10-15 01:40:00,0.16736401673640167,-0.07835325365205847,0.0588235294117645,-0.02624531333690394,0.6280509350747928,0.9985523385300669,0.5,-0.21667114153950529,0.7436804432094766,0.5735570740278715,0.4051723665049867,0.23422515005624886,0.0
2021-10-15 01:50:00,0.18270571827057183,-0.07215582115980534,0.054951600893522023,-0.03017318336011432,0.6280509350747928,0.9985523385300669,0.5,-0.21667114153950529,0.7436804432094766,0.5735570740278715,0.4051723665049867,0.23422515005624886,0.0
2021-10-15 02:00:00,0.17852161785216178,-0.0659583886675521,0.054951600893522023,-0.031244420639171433,0.6280509350747928,0.9985523385300669,0.5,-0.21730628442247302,0.731752522219383,0.580769754121364,0.42526539671201513,0.2162830868237876,0.0
2021-10-15 02:10:00,0.1680613668061367,-0.059760956175298974,0.04929262844378246,-0.036243527941438924,0.6100823179908651,0.32516703786191536,0.5,-0.21730628442247302,0.731752522219383,0.580769754121364,0.42526539671201513,0.2162830868237876,0.0
2021-10-15 02:20:00,0.18200836820083682,-0.1872509960159363,0.05614296351451942,-0.035529369755400886,0.6162332648440669,0.37917594654788417,0.5,-0.21730628442247302,0.731752522219383,0.580769754121364,0.42526539671201513,0.2162830868237876,0.0
2021-10-15 02:30:00,0.19316596931659694,-0.1633466135458168,0.06001489203276256,-0.027316550615961277,0.6162332648440669,0.16369710467706014,0.5,-0.21730628442247302,0.731752522219383,0.580769754121364,0.42526539671201513,0.2162830868237876,0.012840050092792371
2021-10-15 02:40:00,0.22663877266387727,-0.06772908366533881,0.06895011169024556,-0.013390465988216249,0.6162332648440669,0.00022271714922048998,0.5,-0.21730628442247302,0.731752522219383,0.580769754121364,0.42526539671201513,0.2162830868237876,0.08704377084056308
2021-10-15 02:50:00,0.24198047419804744,0.019920318725099362,0.07937453462397603,0.003749330476700674,0.6162332648440669,0.00022271714922048998,0.5,-0.21730628442247302,0.731752522219383,0.580769754121364,0.42526539671201513,0.2162830868237876,0.1037992063611811
2021-10-15 03:00:00,0.21827057182705717,-0.03585657370517936,0.08741623231571105,0.01624709873236929,0.6162332648440669,0.00022271714922048998,0.5,-0.2177785641695098,0.7204481519049897,0.5879050775994644,0.4425056352372668,0.20049597682467918,0.08748887245952593
2021-10-15 03:10:00,0.198744769874477,-0.019920318725099695,0.09277736411020099,0.02945902517407606,0.6162332648440669,0.00022271714922048998,0.5,-0.2177785641695098,0.7204481519049897,0.5879050775994644,0.4425056352372668,0.20049597682467918,0.07416600027158743
2021-10-15 03:20:00,0.17433751743375175,-0.5617529880478087,0.09456440804169763,0.04409926798785935,0.6162332648440669,0.00033407572383073496,0.5,-0.2177785641695098,0.7204481519049897,0.5879050775994644,0.4425056352372668,0.20049597682467918,0.059756778369570135
2021-10-15 03:30:00,0.18898186889818688,-0.5856573705179284,0.09635145197319428,0.06088198535975731,0.6159191739409248,0.00033407572383073496,0.5,-0.2177785641695098,0.7204481519049897,0.5879050775994644,0.4425056352372668,0.20049597682467918,0.0620049187500943
2021-10-15 03:40:00,0.199442119944212,0.1394422310756971,0.10349962769918086,0.07587930726655978,0.5997958409129577,0.00033407572383073496,0.5,-0.2177785641695098,0.7204481519049897,0.5879050775994644,0.4425056352372668,0.20049597682467918,0.06650119951114264
2021-10-15 03:50:00,0.2189679218967922,0.17131474103585642,0.09128816083395375,0.07266559542938755,0.5997696666710289,0.00022271714922048998,0.5,-0.2177785641695098,0.7204481519049897,0.5879050775994644,0.4425056352372668,0.20049597682467918,0.0917965508396578
2021-10-15 04:00:00,0.22245467224546722,0.3067729083665336,0.04184661206254625,-0.0008926977325478536,0.5997696666710289,0.00022271714922048998,0.5,-0.27055232382648,0.7161608818213424,0.6430501992440104,0.46433060452666775,0.18854503894574817,0.09442944007725154
2021-10-15 04:10:00,0.23640167364016737,0.36254980079681287,0.025465376023827258,-0.04231387252276375,0.5997696666710289,0.00022271714922048998,0.5,-0.27055232382648,0.7161608818213424,0.6430501992440104,0.46433060452666775,0.18854503894574817,0.10057787769512802
2021-10-15 04:20:00,0.2391910739191074,0.33864541832669315,0.016530156366343807,-0.06195322263881431,0.5997696666710289,0.00022271714922048998,0.5,-0.27055232382648,0.7161608818213424,0.6430501992440104,0.46433060452666775,0.18854503894574817,0.10189809436154322
2021-10-15 04:30:00,0.23709902370990238,0.14741035856573692,0.011466865227103495,-0.07695054454561678,0.5997696666710289,0.00022271714922048998,0.5,-0.27055232382648,0.7161608818213424,0.6430501992440104,0.46433060452666775,0.18854503894574817,0.10174721245681007
2021-10-15 04:40:00,0.23640167364016737,-0.1633466135458168,0.00699925539836177,-0.08373504731297987,0.5997696666710289,0.00022271714922048998,0.5,-0.27055232382648,0.7161608818213424,0.6430501992440104,0.46433060452666775,0.18854503894574817,0.09435399912488494
2021-10-15 04:50:00,0.23082287308228733,-0.26693227091633476,0.005212211466865124,-0.08980539189430448,0.5997696666710289,0.00022271714922048998,0.5,-0.27055232382648,0.7161608818213424,0.6430501992440104,0.46433060452666775,0.18854503894574817,0.09090634760173212
2021-10-15 05:00:00,0.22594142259414227,-0.08366533864541836,0.0010424422933730249,-0.09444742010355289,0.5997696666710289,0.00022271714922048998,0.5,-0.2687853438520085,0.7023881703528969,0.6458115767852544,0.4838727238873513,0.17977600046844308,0.09138162560164159
2021-10-15 05:10:00,0.24058577405857742,-0.08366533864541836,-0.0016381236038721658,-0.09908944831280142,0.5997696666710289,0.00022271714922048998,0.5,-0.2687853438520085,0.7023881703528969,0.6458115767852544,0.4838727238873513,0.17977600046844308,0.10382183864689108
2021-10-15 05:20:00,0.2210599721059972,0.003984063745019917,-0.0040208488458676195,-0.10158900196393505,0.5997696666710289,0.00022271714922048998,0.5,-0.2687853438520085,0.7023881703528969,0.6458115767852544,0.4838727238873513,0.17977600046844308,0.0954478929342004
2021-10-15 05:30:00,0.2510460251046025,-0.14741035856573714,-0.0075949367088608,-0.10301731833601147,0.5997696666710289,0.00022271714922048998,0.5,-0.2687853438520085,0.7023881703528969,0.6458115767852544,0.4838727238873513,0.17977600046844308,0.1153718484542149
2021-10-15 05:40:00,0.2684797768479777,-0.20318725099601598,-0.00967982129560696,-0.10908766291733607,0.5997696666710289,0.00033407572383073496,0.5,-0.2687853438520085,0.7023881703528969,0.6458115767852544,0.4838727238873513,0.17977600046844308,0.13959593825912459
2021-10-15 05:50:00,0.28451882845188287,-0.12350597609561753,-0.011169024571854091,-0.10801642563827896,0.5997696666710289,0.00022271714922048998,0.5,-0.2687853438520085,0.7023881703528969,0.6458115767852544,0.4838727238873513,0.17977600046844308,0.14646860901972028
2021-10-15 06:00:00,0.29288702928870297,-0.2749003984063746,-0.012658227848101444,-0.10980182110337433,0.5997696666710289,0.00022271714922048998,0.5,-0.30728468162641676,0.7000031608559606,0.6984532608159449,0.4904835907578147,0.18299722569004107,0.15887110158878645
2021-10-15 06:10:00,0.299163179916318,-0.29083665338645437,-0.014743112434847494,-0.10980182110337433,0.5997696666710289,0.00033407572383073496,0.5,-0.30728468162641676,0.7000031608559606,0.6984532608159449,0.4904835907578147,0.18299722569004107,0.1683012206346093
2021-10-15 06:20:00,0.32914923291492326,-0.45019920318725104,-0.01861504095309008,-0.10694518835922162,0.5997696666710289,0.00033407572383073496,0.5,-0.30728468162641676,0.7000031608559606,0.6984532608159449,0.4904835907578147,0.18299722569004107,0.19018664091615492
2021-10-15 06:30:00,0.3117154811715481,-0.3227091633466136,-0.020402084884586835,-0.10694518835922162,0.5997696666710289,0.00033407572383073496,0.5,-0.30728468162641676,0.7000031608559606,0.6984532608159449,0.4904835907578147,0.18299722569004107,0.175460567014198
2021-10-15 06:40:00,0.33472803347280333,-0.5458167330677292,-0.024571854058079046,-0.10515979289412591,0.5997696666710289,0.00033407572383073496,0.5,-0.30728468162641676,0.7000031608559606,0.6984532608159449,0.4904835907578147,0.18299722569004107,0.20301914691371065
2021-10-15 06:50:00,0.33821478382147835,-0.3705179282868527,-0.024571854058079046,-0.10266023924299217,0.5997696666710289,0.00033407572383073496,0.5,-0.30728468162641676,0.7000031608559606,0.6984532608159449,0.4904835907578147,0.18299722569004107,0.20922039319824373
2021-10-15 07:00:00,0.3319386331938633,-0.2509960159362551,-0.024571854058079046,-0.10408855561506858,0.5997696666710289,0.00033407572383073496,0.5,-0.29960599995397275,0.7335369690839553,0.6901345079364718,0.5243969377474145,0.18699714632871628,0.21134782805498137
2021-10-15 07:10:00,0.32914923291492326,-0.24302788844621515,-0.027252419955324125,-0.10266023924299217,0.5997696666710289,0.00033407572383073496,0.5,-0.29960599995397275,0.7335369690839553,0.6901345079364718,0.5243969377474145,0.18699714632871628,0.20780210329375198
2021-10-15 07:20:00,0.31659693165969316,-0.2509960159362551,-0.027550260610573418,-0.10301731833601147,0.5997696666710289,0.00022271714922048998,0.5,-0.29960599995397275,0.7335369690839553,0.6901345079364718,0.5243969377474145,0.18699714632871628,0.1924498694871524
2021-10-15 07:30:00,0.3396094839609484,-0.11553784860557781,-0.027550260610573418,-0.10337439742903054,0.5997696666710289,0.00033407572383073496,0.5,-0.29960599995397275,0.7335369690839553,0.6901345079364718,0.5243969377474145,0.18699714632871628,0.22176622357680642
2021-10-15 07:40:00,0.3584379358437936,-0.21115537848605592,-0.027550260610573418,-0.10266023924299217,0.5997696666710289,0.00022271714922048998,0.5,-0.29960599995397275,0.7335369690839553,0.6901345079364718,0.5243969377474145,0.18699714632871628,0.2541077598563604
2021-10-15 07:50:00,0.3507670850767085,-0.2509960159362551,-0.02963514519731958,-0.10123192287091587,0.5997696666710289,0.00022271714922048998,0.5,-0.29960599995397275,0.7335369690839553,0.6901345079364718,0.5243969377474145,0.18699714632871628,0.24467764081053758
2021-10-15 08:00:00,0.33333333333333337,-0.21115537848605592,-0.029932985852568983,-0.09980360649883946,0.5997696666710289,0.00033407572383073496,0.5,-0.29380829911584294,0.7167700649699601,0.6807631978311742,0.5586534739146309,0.19140843046618902,0.22295819062419847
2021-10-15 08:10:00,0.36401673640167365,-0.38645418326693237,-0.027550260610573418,-0.1008748437778968,0.5987096098729241,0.00022271714922048998,0.5,-0.29380829911584294,0.7167700649699601,0.6807631978311742,0.5586534739146309,0.19140843046618902,0.23602456357409057
2021-10-15 08:20:00,0.3647140864714087,0.07569721115537842,-0.023976172747580238,-0.09837529012676305,0.5885147426417663,0.00022271714922048998,0.5,-0.29380829911584294,0.7167700649699601,0.6807631978311742,0.5586534739146309,0.19140843046618902,0.24027943328756582
2021-10-15 08:30:00,0.3612273361227336,-0.24302788844621515,-0.017721518987341978,-0.09908944831280142,0.5885147426417663,0.00022271714922048998,0.5,-0.29380829911584294,0.7167700649699601,0.6807631978311742,0.5586534739146309,0.19140843046618902,0.2581061303317893
2021-10-15 08:40:00,0.37447698744769875,-0.003984063745020028,-0.012658227848101444,-0.09908944831280142,0.5885147426417663,0.00022271714922048998,0.5,-0.29380829911584294,0.7167700649699601,0.6807631978311742,0.5586534739146309,0.19140843046618902,0.27413733270968815
2021-10-15 08:50:00,0.401673640167364,0.06772908366533859,-0.009084139985108153,-0.09373326191751463,0.5885147426417663,0.00022271714922048998,0.5,-0.29380829911584294,0.7167700649699601,0.6807631978311742,0.5586534739146309,0.19140843046618902,0.28449537546961995
2021-10-15 09:00:00,0.3668061366806137,0.08366533864541825,-0.004616530156366427,-0.09159078735940018,0.5885147426417663,0.00022271714922048998,0.5,-0.28756273299217583,0.7291606203323509,0.6561057132679404,0.5748377909435775,0.2008443342605934,0.24316127766796927
2021-10-15 09:10:00,0.35495118549511856,0.027888446215139417,0.0004467609828739949,-0.09123370826638089,0.5885147426417663,0.00033407572383073496,0.5,-0.28756273299217583,0.7291606203323509,0.6561057132679404,0.5748377909435775,0.2008443342605934,0.23041930081325349
2021-10-15 09:20:00,0.3410041841004184,0.01195219123505975,0.005510052122114528,-0.08837707552222807,0.5885147426417663,0.00033407572383073496,0.5,-0.28756273299217583,0.7291606203323509,0.6561057132679404,0.5748377909435775,0.2008443342605934,0.20719103157958266
2021-10-15 09:30:00,0.30264993026499304,0.17131474103585642,0.010275502606105658,-0.0894483128012854,0.5884754812788734,0.00033407572383073496,0.5,-0.28756273299217583,0.7291606203323509,0.6561057132679404,0.5748377909435775,0.2008443342605934,0.15259441435188678
2021-10-15 09:40:00,0.24058577405857742,0.6733067729083664,0.015040953090096565,-0.09266202463845752,0.5884754812788734,0.00033407572383073496,0.5,-0.28756273299217583,0.7291606203323509,0.6561057132679404,0.5748377909435775,0.2008443342605934,0.10920832264586508
2021-10-15 09:50:00,0.27475592747559274,-0.043824701195219196,0.02308265078183136,-0.09194786645241915,0.5986965227519598,0.00022271714922048998,0.5,-0.28756273299217583,0.7291606203323509,0.6561057132679404,0.5748377909435775,0.2008443342605934,0.13253466511761244
2021-10-15 10:00:00,0.3270571827057183,-0.2509960159362551,0.03052866716306757,-0.08516336368505628,0.6023478295009881,0.00033407572383073496,0.5,0.03388417072379202,0.7400569528773854,0.35976000173481726,0.6311686419618037,0.2224657112062482,0.19094859453505741
2021-10-15 10:10:00,0.36541143654114366,0.12350597609561742,0.03737900223380475,-0.08087841456882694,0.6027273560089516,0.00022271714922048998,0.5,0.03388417072379202,0.7400569528773854,0.35976000173481726,0.6311686419618037,0.2224657112062482,0.2313698568130724
2021-10-15 10:20:00,0.36262203626220363,-0.20318725099601598,0.04571854058078917,-0.0733797536154257,0.6136158406512151,0.00022271714922048998,0.5,0.03388417072379202,0.7400569528773854,0.35976000173481726,0.6311686419618037,0.2224657112062482,0.23941186233535014
2021-10-15 10:30:00,0.35495118549511856,0.13147410358565725,0.052271034996276944,-0.06873772540617751,0.6151601209249976,0.00022271714922048998,0.5,0.03388417072379202,0.7400569528773854,0.35976000173481726,0.6311686419618037,0.2224657112062482,0.21823558700605036
2021-10-15 10:40:00,0.36610878661087864,0.12350597609561742,0.062099776619508384,-0.062310301731833606,0.6296868251953253,0.00022271714922048998,0.5,0.03388417072379202,0.7400569528773854,0.35976000173481726,0.6311686419618037,0.2224657112062482,0.24887970185735625
2021-10-15 10:50:00,0.4372384937238493,-0.01195219123505975,0.06716306775874892,-0.05338332440635607,0.6438470900786536,0.00022271714922048998,0.5,0.03388417072379202,0.7400569528773854,0.35976000173481726,0.6311686419618037,0.2224657112062482,0.37019629735805787
2021-10-15 11:00:00,0.46234309623430964,-0.02788844621513953,0.07282204020848826,-0.042670951615782826,0.6383766735155932,0.00022271714922048998,0.5,0.04314258812636673,0.7263014824414472,0.3309575975419365,0.7157081787687767,0.24815323705595857,0.4437361377250027
2021-10-15 11:10:00,0.5083682008368201,-0.08366533864541836,0.07699180938198036,-0.03517229066238159,0.6418578476920863,0.00044543429844097997,0.5,0.04314258812636673,0.7263014824414472,0.3309575975419365,0.7157081787687767,0.24815323705595857,0.5290824871373176
2021-10-15 11:20:00,0.49721059972105996,-0.06772908366533881,0.0826507818317197,-0.025174076057846828,0.6401041734828755,0.00022271714922048998,0.5,0.04314258812636673,0.7263014824414472,0.3309575975419365,0.7157081787687767,0.24815323705595857,0.49425894352490307
2021-10-15 11:30:00,0.5251046025104603,-0.17928286852589637,0.09039463886820531,-0.01267630780217821,0.6418840219340147,0.0010022271714922048,0.5,0.04314258812636673,0.7263014824414472,0.3309575975419365,0.7157081787687767,0.24815323705595857,0.5712238031292907
2021-10-15 11:40:00,0.5467224546722455,-0.01195219123505975,0.0939687267311986,-0.005534725941796048,0.6485584536257869,0.0006681514476614699,0.5,0.04314258812636673,0.7263014824414472,0.3309575975419365,0.7157081787687767,0.24815323705595857,0.6022224904567195
2021-10-15 11:50:00,0.5502092050209205,-0.03585657370517936,0.09932985852568854,-0.0008926977325478536,0.645234324900865,0.0022271714922049,0.5,0.04314258812636673,0.7263014824414472,0.3309575975419365,0.7157081787687767,0.24815323705595857,0.6091706021696818
2021-10-15 12:00:00,0.5843793584379359,-0.01195219123505975,0.10826507818317177,0.00767720049991083,0.6406669196843385,0.0024498886414253897,0.5,0.05148086049636724,0.7098477904180082,0.3095853596645107,0.7560768906832391,0.25858348208619397,0.6850113915838074
2021-10-15 12:10:00,0.6087866108786611,0.1394422310756971,0.1174981384959044,0.019103731476522112,0.6490295899805003,0.024610244988864143,0.5,0.05148086049636724,0.7098477904180082,0.3095853596645107,0.7560768906832391,0.25858348208619397,0.7258928436712586
2021-10-15 12:20:00,0.6359832635983264,-0.298804780876494,0.11839166046165284,0.025531155150865903,0.6463859915457199,0.04253897550111359,0.5,0.05148086049636724,0.7098477904180082,0.3095853596645107,0.7560768906832391,0.25858348208619397,0.650006789685713
2021-10-15 12:30:00,0.5934449093444909,-0.003984063745020028,0.12524199553239002,0.03302981610426703,0.6413212757325515,0.019710467706013365,0.5,0.05148086049636724,0.7098477904180082,0.3095853596645107,0.7560768906832391,0.25858348208619397,0.6594067323505892
2021-10-15 12:40:00,0.6478382147838214,0.21912350597609564,0.13507073715562168,0.0448134261738975,0.6447501014251874,0.019487750556792874,0.5,0.05148086049636724,0.7098477904180082,0.3095853596645107,0.7560768906832391,0.25858348208619397,0.8034914072755255
2021-10-15 12:50:00,0.6373779637377964,0.07569721115537842,0.13507073715562168,0.050883770755222324,0.6496054233029276,0.019933184855233856,0.5,0.05148086049636724,0.7098477904180082,0.3095853596645107,0.7560768906832391,0.25858348208619397,0.7616820314739653
2021-10-15 13:00:00,0.5850767085076709,-0.2589641434262948,0.1332836932241248,0.05338332440635596,0.6398031697006975,0.04064587973273942,0.5,0.19638279073971487,0.6968336843799131,0.18890548885766725,0.7809181908808106,0.2672882210069435,0.5674517555109615
2021-10-15 13:10:00,0.6262203626220363,0.21912350597609564,0.13477289650037205,0.054454561685413294,0.6366229993063827,0.0712694877505568,0.5,0.19638279073971487,0.6968336843799131,0.18890548885766725,0.7809181908808106,0.2672882210069435,0.5016747891425382
2021-10-15 13:20:00,0.6338912133891214,-0.01195219123505975,0.14638868205510036,0.05981074808069997,0.635981730379134,0.0824053452115813,0.5,0.19638279073971487,0.6968336843799131,0.18890548885766725,0.7809181908808106,0.2672882210069435,0.42360849163359837
2021-10-15 13:30:00,0.6311018131101813,0.027888446215139417,0.1594936708860759,0.07195143724334963,0.6406014840795173,0.08485523385300668,0.5,0.19638279073971487,0.6968336843799131,0.18890548885766725,0.7809181908808106,0.2672882210069435,0.43689364334535363
2021-10-15 13:40:00,0.6666666666666667,-0.05179282868525903,0.16842889054355892,0.07373683270844489,0.6447501014251874,0.09142538975501115,0.5,0.19638279073971487,0.6968336843799131,0.18890548885766725,0.7809181908808106,0.2672882210069435,0.4395491648686573
2021-10-15 13:50:00,0.6701534170153417,0.05179282868525892,0.1752792256142961,0.07516514908052141,0.631440499404536,0.0935412026726058,0.5,0.19638279073971487,0.6968336843799131,0.18890548885766725,0.7809181908808106,0.2672882210069435,0.47176245152918816
2021-10-15 14:00:00,0.6659693165969317,-0.07569721115537853,0.1830230826507817,0.07730762363863608,0.6457578097394355,0.0779510022271715,0.5,0.1996155055844746,0.6710985698563553,0.18385321417371026,0.7927215118167772,0.2718181400492363,0.5045189130467583
2021-10-15 14:10:00,0.6094839609483961,0.17131474103585642,0.1862993298585256,0.08087841456882705,0.6410464461923022,0.05278396436525613,0.5,0.1996155055844746,0.6710985698563553,0.18385321417371026,0.7927215118167772,0.2718181400492363,0.5606620697979691
2021-10-15 14:20:00,0.6750348675034867,-0.09960159362549814,0.1874906924795232,0.0830208891269415,0.6515292300846737,0.05634743875278396,0.5,0.1996155055844746,0.6710985698563553,0.18385321417371026,0.7927215118167772,0.2718181400492363,0.6323611509271694
2021-10-15 14:30:00,0.5788005578800558,0.08366533864541825,0.1940431868950112,0.08766291733619003,0.6405622227166246,0.04086859688195991,0.5,0.1996155055844746,0.6710985698563553,0.18385321417371026,0.7927215118167772,0.2718181400492363,0.557154065512923
2021-10-15 14:40:00,0.6534170153417015,-0.0916334661354582,0.19880863737900212,0.09337618282449567,0.6515423172056379,0.050890868596881966,0.5,0.1996155055844746,0.6710985698563553,0.18385321417371026,0.7927215118167772,0.2718181400492363,0.641972328258672
2021-10-15 14:50:00,0.6638772663877266,0.03585657370517925,0.20178704393149638,0.09658989466166767,0.6373166167174883,0.04075723830734967,0.5,0.1996155055844746,0.6710985698563553,0.18385321417371026,0.7927215118167772,0.2718181400492363,0.7338216877649864
2021-10-15 15:00:00,0.6617852161785216,-0.059760956175298974,0.20506329113924027,0.10301731833601147,0.6454698930782218,0.016592427616926503,0.5,0.19957478146221952,0.6575040157238241,0.18487546282399583,0.7979081345593204,0.2741845412906217,0.8100095055599983
2021-10-15 15:10:00,0.704323570432357,0.08366533864541825,0.209530900967982,0.11301553294054645,0.6467786051746477,0.02427616926503341,0.5,0.19957478146221952,0.6575040157238241,0.18487546282399583,0.7979081345593204,0.2741845412906217,0.8632708179308055
2021-10-15 15:20:00,0.6792189679218968,-0.01195219123505975,0.20774385703648535,0.11587216568469927,0.6461111620054705,0.018374164810690423,0.5,0.19957478146221952,0.6575040157238241,0.18487546282399583,0.7979081345593204,0.2741845412906217,0.8701359445961647
2021-10-15 15:30:00,0.6750348675034867,0.027888446215139417,0.21518987341772133,0.1283699339403679,0.647053434714897,0.010356347438752784,0.5,0.19957478146221952,0.6575040157238241,0.18487546282399583,0.7979081345593204,0.2741845412906217,0.9084146838269688
2021-10-15 15:40:00,0.7099023709902371,-0.17131474103585675,0.21667907669396835,0.13194072487055908,0.6427085105547631,0.021380846325167038,0.5,0.19957478146221952,0.6575040157238241,0.18487546282399583,0.7979081345593204,0.2741845412906217,0.8827873923080406
2021-10-15 15:50:00,0.6743375174337517,0.22709163346613526,0.21667907669396835,0.1408677021960365,0.6456269385297929,0.0178173719376392,0.5,0.19957478146221952,0.6575040157238241,0.18487546282399583,0.7979081345593204,0.2741845412906217,0.837168248411968
2021-10-15 16:00:00,0.7649930264993027,-0.019920318725099695,0.22233804914370792,0.14800928405641844,0.6501943437463193,0.023719376391982183,0.5,0.23584299766895245,0.6455559801958025,0.16628324416398235,0.8061365380924103,0.2712771598704474,0.8417776906015662
2021-10-15 16:10:00,0.6541143654114366,0.05179282868525892,0.2256142963514518,0.1551508659168006,0.6432843438771904,0.00824053452115813,0.5,0.23584299766895245,0.6455559801958025,0.16628324416398235,0.8061365380924103,0.2712771598704474,0.8463871327911644
2021-10-15 16:20:00,0.6366806136680614,-0.17928286852589637,0.22620997766195083,0.17086234600964123,0.6396722984910549,0.010356347438752784,0.5,0.23584299766895245,0.6455559801958025,0.16628324416398235,0.8061365380924103,0.2712771598704474,0.7726662341385399
2021-10-15 16:30:00,0.5878661087866108,0.13147410358565725,0.22829486224869666,0.18121763970719518,0.6383897606365575,0.01091314031180401,0.5,0.23584299766895245,0.6455559801958025,0.16628324416398235,0.8061365380924103,0.2712771598704474,0.6395129532115214
2021-10-15 16:40:00,0.6052998605299861,0.1394422310756971,0.22620997766195083,0.18264595607927148,0.643258169635262,0.01002227171492205,0.5,0.23584299766895245,0.6455559801958025,0.16628324416398235,0.8061365380924103,0.2712771598704474,0.7101558610075894
2021-10-15 16:50:00,0.5732217573221757,0.027888446215139417,0.21608339538346977,0.1780039278700234,0.6476161809163602,0.00311804008908686,0.5,0.23584299766895245,0.6455559801958025,0.16628324416398235,0.8061365380924103,0.2712771598704474,0.665260950254236
2021-10-15 17:00:00,0.6450488145048815,-0.003984063745020028,0.20714817572598654,0.1780039278700234,0.649068851343393,0.00155902004454343,0.5,0.2299638819394021,0.6543000571827577,0.17038606150459631,0.8114930376697116,0.2695727692462799,0.7921149116586448
2021-10-15 17:10:00,0.5941422594142259,-0.1394422310756973,0.20506329113924027,0.17621853240492769,0.6538849118582403,0.0013363028953229399,0.5,0.2299638819394021,0.6543000571827577,0.17038606150459631,0.8114930376697116,0.2695727692462799,0.7109102705312552
2021-10-15 17:20:00,0.612970711297071,0.09960159362549792,0.2101265822784808,0.17550437421888954,0.6435591734174398,0.0034521158129175947,0.5,0.2299638819394021,0.6543000571827577,0.17038606150459631,0.8114930376697116,0.2695727692462799,0.7765740754711289
2021-10-15 17:30:00,0.5760111576011158,-0.13147410358565736,0.21250930752047625,0.17764684877700399,0.6489903286176074,0.0014476614699331849,0.5,0.2299638819394021,0.6543000571827577,0.17038606150459631,0.8114930376697116,0.2695727692462799,0.7119438115786774
2021-10-15 17:40:00,0.6541143654114366,0.07569721115537842,0.2137006701414743,0.17621853240492769,0.6489903286176074,0.0064587973273942095,0.5,0.2299638819394021,0.6543000571827577,0.17038606150459631,0.8114930376697116,0.2695727692462799,0.8465153824101875
2021-10-15 17:50:00,0.6171548117154811,0.07569721115537842,0.21072226358897983,0.17336189966077487,0.6489903286176074,0.006347438752783964,0.5,0.2299638819394021,0.6543000571827577,0.17038606150459631,0.8114930376697116,0.2695727692462799,0.7796445222324487
2021-10-15 18:00:00,0.604602510460251,-0.09960159362549814,0.20476545048399108,0.17336189966077487,0.6473413513761107,0.0036748329621380848,0.5,0.06132555850582144,0.6643458321240683,0.2361394382159688,0.7633413177657655,0.27746996019958314,0.761734840140622
2021-10-15 18:10:00,0.5648535564853556,-0.09960159362549814,0.20327624720774362,0.17586145331190872,0.6502990407140333,0.0014476614699331849,0.5,0.06132555850582144,0.6643458321240683,0.2361394382159688,0.7633413177657655,0.27746996019958314,0.6850717443457006
2021-10-15 18:20:00,0.5739191073919108,-0.09960159362549814,0.20029784065524936,0.17693269059096606,0.6502990407140333,0.0012249443207126948,0.5,0.06132555850582144,0.6643458321240683,0.2361394382159688,0.7633413177657655,0.27746996019958314,0.6964557840578179
2021-10-15 18:30:00,0.5606694560669455,0.03585657370517925,0.1952345495160086,0.17479021603285116,0.6502990407140333,0.0010022271714922048,0.5,0.06132555850582144,0.6643458321240683,0.2361394382159688,0.7633413177657655,0.27746996019958314,0.6668904748253542
2021-10-15 18:40:00,0.5529986052998606,0.06772908366533859,0.1907669396872671,0.1730048205677559,0.6475638324325033,0.0010022271714922048,0.5,0.06132555850582144,0.6643458321240683,0.2361394382159688,0.7633413177657655,0.27746996019958314,0.6260693754997964
2021-10-15 18:50:00,0.4909344490934449,-0.10756972111553798,0.18451228592702873,0.1665773968934119,0.6502597793511405,0.0010022271714922048,0.5,0.06132555850582144,0.6643458321240683,0.2361394382159688,0.7633413177657655,0.27746996019958314,0.4933234757155574
2021-10-15 19:00:00,0.43096234309623427,0.1394422310756971,0.17676842889054334,0.16443492233529722,0.6419625446598003,0.00044543429844097997,0.5,0.06686270500893343,0.6710497202642498,0.25378004369253815,0.6483673831655257,0.2703501922879489,0.38538256106945096
2021-10-15 19:10:00,0.4867503486750349,-0.1633466135458168,0.1708116157855546,0.15907873594001076,0.6455091544411145,0.002561247216035635,0.5,0.06686270500893343,0.6710497202642498,0.25378004369253815,0.6483673831655257,0.2703501922879489,0.5101015435218854
2021-10-15 19:20:00,0.6743375174337517,-0.19521912350597614,0.16604616530156346,0.14515265131226562,0.6388608969912708,0.0014476614699331849,0.5,0.06686270500893343,0.6710497202642498,0.25378004369253815,0.6483673831655257,0.2703501922879489,0.8921194381157868
2021-10-15 19:30:00,0.5718270571827057,-0.05179282868525903,0.16187639612807136,0.13086948759150152,0.6388608969912708,0.00155902004454343,0.5,0.06686270500893343,0.6710497202642498,0.25378004369253815,0.6483673831655257,0.2703501922879489,0.7021364877710217
2021-10-15 19:40:00,0.6199442119944213,-0.20318725099601598,0.15651526433358143,0.1283699339403679,0.6388608969912708,0.0010022271714922048,0.5,0.06686270500893343,0.6710497202642498,0.25378004369253815,0.6483673831655257,0.2703501922879489,0.7901308146114036
2021-10-15 19:50:00,0.6582984658298465,-0.33864541832669326,0.1514519731943409,0.12087127298696676,0.6388608969912708,0.0008908685968819599,0.5,0.06686270500893343,0.6710497202642498,0.25378004369253815,0.6483673831655257,0.2703501922879489,0.8604870467884786
2021-10-15 20:00:00,0.6429567642956765,-0.26693227091633476,0.1475800446760982,0.1151580074986609,0.6360209917420266,0.0006681514476614699,0.5,0.07345027371212876,0.6834029200562054,0.2502544842425209,0.6704375573251933,0.26169026993582106,0.8417097937444362
2021-10-15 20:10:00,0.6087866108786611,0.3067729083665336,0.14519731943410275,0.11265845384752704,0.6289277721793983,0.000779510022271715,0.5,0.07345027371212876,0.6834029200562054,0.2502544842425209,0.6704375573251933,0.26169026993582106,0.7805498136608477
2021-10-15 20:20:00,0.6080892608089261,0.043824701195219085,0.1434102755026061,0.11123013747545074,0.6289146850584341,0.0010022271714922048,0.5,0.07345027371212876,0.6834029200562054,0.2502544842425209,0.6704375573251933,0.26169026993582106,0.7759252832807761
2021-10-15 20:30:00,0.603905160390516,-0.02788844621513953,0.14221891288160804,0.11158721656847015,0.6289146850584341,0.0012249443207126948,0.5,0.07345027371212876,0.6834029200562054,0.2502544842425209,0.6704375573251933,0.26169026993582106,0.7503960649999245
2021-10-15 20:40:00,0.5432357043235705,-0.06772908366533881,0.13983618763961259,0.1151580074986609,0.6289146850584341,0.000779510022271715,0.5,0.07345027371212876,0.6834029200562054,0.2502544842425209,0.6704375573251933,0.26169026993582106,0.6396336587353079
2021-10-15 20:50:00,0.5753138075313807,-0.3705179282868527,0.1362620997766193,0.11622924477771823,0.6289146850584341,0.0006681514476614699,0.5,0.07345027371212876,0.6834029200562054,0.2502544842425209,0.6704375573251933,0.26169026993582106,0.6916124749158834
2021-10-15 21:00:00,0.6227336122733612,0.043824701195219085,0.13804914370811594,0.11587216568469927,0.6196620905367028,0.00044543429844097997,0.5,0.07564884266447147,0.6954199197142603,0.23863843733549833,0.7159542877201224,0.2541498317620025,0.7994175958477301
2021-10-15 21:10:00,0.6101813110181311,0.07569721115537842,0.13775130305286676,0.10623103017318325,0.6177121095130282,0.00033407572383073496,0.5,0.07564884266447147,0.6954199197142603,0.23863843733549833,0.7159542877201224,0.2541498317620025,0.7883956727069722
2021-10-15 21:20:00,0.6220362622036262,-0.08366533864541836,0.1362620997766193,0.10444563470808776,0.6177121095130282,0.0006681514476614699,0.5,0.07564884266447147,0.6954199197142603,0.23863843733549833,0.7159542877201224,0.2541498317620025,0.8155921360351253
2021-10-15 21:30:00,0.6276150627615062,-0.1872509960159363,0.1332836932241248,0.10444563470808776,0.6177121095130282,0.000779510022271715,0.5,0.07564884266447147,0.6954199197142603,0.23863843733549833,0.7159542877201224,0.2541498317620025,0.8031217466089292
2021-10-15 21:40:00,0.612970711297071,-0.09960159362549814,0.1317944899478778,0.10444563470808776,0.6177121095130282,0.00044543429844097997,0.5,0.07564884266447147,0.6954199197142603,0.23863843733549833,0.7159542877201224,0.2541498317620025,0.8092022873696758
2021-10-15 21:50:00,0.6157601115760112,-0.24302788844621515,0.1291139240506327,0.10301731833601147,0.6177121095130282,0.000779510022271715,0.5,0.07564884266447147,0.6954199197142603,0.23863843733549833,0.7159542877201224,0.2541498317620025,0.8060337673702793
2021-10-15 22:00:00,0.6743375174337517,-0.33864541832669326,0.12941176470588234,0.1026602392429925,0.6177121095130282,0.0022271714922049,0.5,0.01686565675735263,0.6967848347878077,0.26985741146757297,0.7572861443305553,0.24474063979288632,0.9355357062027551
2021-10-15 22:10:00,0.6213389121338913,-0.3545816733067729,0.1276247207743857,0.1008748437778968,0.6177121095130282,0.0008908685968819599,0.5,0.01686565675735263,0.6967848347878077,0.26985741146757297,0.7572861443305553,0.24474063979288632,0.8238076557478462
2021-10-15 22:20:00,0.6324965132496514,-0.33864541832669326,0.1243484735666418,0.10373147652204961,0.6162201777231027,0.0010022271714922048,0.5,0.01686565675735263,0.6967848347878077,0.26985741146757297,0.7572861443305553,0.24474063979288632,0.8608038987884183
2021-10-15 22:30:00,0.6757322175732218,-0.1394422310756973,0.1243484735666418,0.1026602392429925,0.6077658975801913,0.000556792873051225,0.5,0.01686565675735263,0.6967848347878077,0.26985741146757297,0.7572861443305553,0.24474063979288632,0.9320805105843656
2021-10-15 22:40:00,0.6443514644351465,0.25099601593625476,0.12256142963514494,0.09551865738261034,0.6077658975801913,0.0006681514476614699,0.5,0.01686565675735263,0.6967848347878077,0.26985741146757297,0.7572861443305553,0.24474063979288632,0.8963893960197354
2021-10-15 22:50:00,0.6408647140864714,0.027888446215139417,0.1174981384959044,0.09301910373147648,0.6134457080786798,0.0006681514476614699,0.5,0.01686565675735263,0.6967848347878077,0.26985741146757297,0.7572861443305553,0.24474063979288632,0.8732139354527212
2021-10-15 23:00:00,0.6269177126917713,-0.3705179282868527,0.1127326880119135,0.09766113194072501,0.6156574315216397,0.00044543429844097997,0.5,-0.018295170172465625,0.7055432793018537,0.2719210577008067,0.7852842696359857,0.23516557942058358,0.8441691687915869
2021-10-15 23:10:00,0.6478382147838214,0.17928286852589648,0.10945644080416961,0.0958757364756293,0.6077789847011555,0.0006681514476614699,0.5,-0.018295170172465625,0.7055432793018537,0.2719210577008067,0.7852842696359857,0.23516557942058358,0.9299078111562081
2021-10-15 23:20:00,0.6694560669456067,0.2589641434262948,0.10766939687267296,0.08873415461524736,0.6077789847011555,0.000779510022271715,0.5,-0.018295170172465625,0.7055432793018537,0.2719210577008067,0.7852842696359857,0.23516557942058358,0.9607329842931938
2021-10-15 23:30:00,0.7384937238493724,-0.003984063745020028,0.10647803425167512,0.0830208891269415,0.6077789847011555,0.00868596881959911,0.5,-0.018295170172465625,0.7055432793018537,0.2719210577008067,0.7852842696359857,0.23516557942058358,0.9547986480981336
2021-10-15 23:40:00,0.7496513249651325,-0.13147410358565736,0.10558451228592691,0.08052133547580786,0.6077789847011555,0.012917594654788419,0.5,-0.018295170172465625,0.7055432793018537,0.2719210577008067,0.7852842696359857,0.23516557942058358,0.9488643873440259
2021-10-15 23:50:00,0.7608089260808927,-0.15537848605577698,0.10201042442293362,0.08194965184788416,0.6031199696378794,0.019599109131403118,0.5,-0.018295170172465625,0.7055432793018537,0.2719210577008067,0.7852842696359857,0.23516557942058358,0.9429300511489657
2021-10-16 00:00:00,0.7119944211994422,0.1872509960159361,0.09843633655994011,0.07945009819675053,0.5978327727683188,0.0064587973273942095,0.5,-0.02546901948254021,0.7111466148669429,0.2692980343684029,0.8061941280571473,0.22672929531653188,0.9369957903948579
2021-10-16 00:10:00,0.8005578800557881,0.03585657370517925,0.09516008935219644,0.07945009819675053,0.6038659355328421,0.031403118040089086,0.5,-0.02546901948254021,0.7111466148669429,0.2692980343684029,0.8061941280571473,0.22672929531653188,0.9310614541997979
2021-10-16 00:20:00,0.7629009762900976,-0.09960159362549814,0.0936708860759492,0.0815925727548652,0.6077789847011555,0.026169265033407576,0.5,-0.02546901948254021,0.7111466148669429,0.2692980343684029,0.8061941280571473,0.22672929531653188,0.9251271934456902
2021-10-16 00:30:00,0.7301255230125524,0.05179282868525892,0.09158600148920315,0.0830208891269415,0.6077789847011555,0.009688195991091315,0.5,-0.02546901948254021,0.7111466148669429,0.2692980343684029,0.8061941280571473,0.22672929531653188,0.9191928572506299
2021-10-16 00:40:00,0.7217573221757322,-0.02788844621513953,0.08652271034996262,0.0830208891269415,0.6077789847011555,0.004342984409799555,0.5,-0.02546901948254021,0.7111466148669429,0.2692980343684029,0.8061941280571473,0.22672929531653188,0.9132585964965222
2021-10-16 00:50:00,0.7252440725244073,0.01195219123505975,0.08503350707371538,0.0830208891269415,0.6077789847011555,0.008463251670378619,0.5,-0.02546901948254021,0.7111466148669429,0.2692980343684029,0.8061941280571473,0.22672929531653188,0.9073242603014621
2021-10-16 01:00:00,0.7803347280334728,-0.15537848605577698,0.0826507818317197,0.08516336368505639,0.6077789847011555,0.026726057906458798,0.5,-0.108835466874879,0.7106121428591957,0.33307133535398964,0.819305563906427,0.2208659421293526,0.9013899995473543
2021-10-16 01:10:00,0.7384937238493724,0.24302788844621515,0.07907669396872663,0.0830208891269415,0.6077789847011555,0.014142538975501114,0.5,-0.108835466874879,0.7106121428591957,0.33307133535398964,0.819305563906427,0.2208659421293526,0.8954556633522941
2021-10-16 01:20:00,0.7873082287308228,0.09960159362549792,0.0784810126582276,0.07837886091769342,0.6124379997644318,0.043429844097995544,0.5,-0.108835466874879,0.7106121428591957,0.33307133535398964,0.819305563906427,0.2208659421293526,0.8895214025981864
2021-10-16 01:30:00,0.7928870292887029,-0.20318725099601598,0.07222635889798945,0.07873594001071238,0.6177906322388138,0.07505567928730512,0.5,-0.108835466874879,0.7106121428591957,0.33307133535398964,0.819305563906427,0.2208659421293526,0.8835870664031263
2021-10-16 01:40:00,0.8458856345885635,-0.13147410358565736,0.06805658972449735,0.07445099089448326,0.6177906322388138,0.11180400890868596,0.5,-0.108835466874879,0.7106121428591957,0.33307133535398964,0.819305563906427,0.2208659421293526,0.7038037328183231
2021-10-16 01:50:00,0.8695955369595537,-0.11553784860557781,0.06537602382725227,0.06695232994108213,0.6177906322388138,0.13530066815144767,0.5,-0.108835466874879,0.7106121428591957,0.33307133535398964,0.819305563906427,0.2208659421293526,0.5570635363700831
2021-10-16 02:00:00,0.898186889818689,-0.11553784860557781,0.06388682055100503,0.05481164077843248,0.6178691549645994,0.12661469933184855,0.5,-0.11204373390504985,0.7081926512972448,0.33722779506888356,0.8351406344145269,0.2176635635690484,0.6862637113930926
2021-10-16 02:10:00,0.8919107391910739,-0.29083665338645437,0.05763216679076688,0.041956793429744677,0.6178691549645994,0.15846325167037864,0.5,-0.11204373390504985,0.7081926512972448,0.33722779506888356,0.8351406344145269,0.2176635635690484,0.4676735519109193
2021-10-16 02:20:00,0.9511854951185496,-0.26693227091633476,0.055249441548771205,0.034101053383324365,0.6178691549645994,0.216815144766147,0.5,-0.11204373390504985,0.7081926512972448,0.33722779506888356,0.8351406344145269,0.2176635635690484,0.2562880033797547
2021-10-16 02:30:00,0.9428172942817294,-0.5776892430278885,0.04929262844378246,0.015175861453311956,0.6178691549645994,0.2200445434298441,0.5,-0.11204373390504985,0.7081926512972448,0.33722779506888356,0.8351406344145269,0.2176635635690484,0.23814445433559156
2021-10-16 02:40:00,0.9442119944211994,-0.601593625498008,0.04244229337304528,-0.0033922513836815993,0.6178691549645994,0.17806236080178175,0.5,-0.11204373390504985,0.7081926512972448,0.33722779506888356,0.8351406344145269,0.2176635635690484,0.3632330974546223
2021-10-16 02:50:00,0.8124128312412832,-0.5139442231075697,0.02993298585256876,-0.021246206034636783,0.6178691549645994,0.1301781737193764,0.5,-0.11204373390504985,0.7081926512972448,0.33722779506888356,0.8351406344145269,0.2176635635690484,0.4663684234349775
2021-10-16 03:00:00,0.7914923291492328,-0.36254980079681276,0.019210722263588886,-0.03160149973219073,0.6178691549645994,0.11893095768374165,0.5,-0.11901399595693851,0.7106782334838084,0.35079792080635525,0.8488128717571566,0.21605474225942203,0.5171477284729242
2021-10-16 03:10:00,0.804741980474198,-0.29083665338645437,0.015338793745345969,-0.03802892340653463,0.6142178482155711,0.09476614699331849,0.5,-0.11901399595693851,0.7106782334838084,0.35079792080635525,0.8488128717571566,0.21605474225942203,0.7758875628045929
2021-10-16 03:20:00,0.8152022315202231,0.09960159362549792,0.02159344750558434,-0.04017139796464908,0.6079360301527267,0.05434298440979955,0.5,-0.11901399595693851,0.7106782334838084,0.35079792080635525,0.8488128717571566,0.21605474225942203,0.7817266925177664
2021-10-16 03:30:00,0.8312412831241283,-0.01195219123505975,0.017721518987341645,-0.038386002499553595,0.6079360301527267,0.05734966592427618,0.5,-0.11901399595693851,0.7106782334838084,0.35079792080635525,0.8488128717571566,0.21605474225942203,0.7875658222309398
2021-10-16 03:40:00,0.8535564853556485,-0.14741035856573714,0.015338793745345969,-0.03267273701124784,0.6079360301527267,0.0643652561247216,0.5,-0.11901399595693851,0.7106782334838084,0.35079792080635525,0.8488128717571566,0.21605474225942203,0.7934049519441134
2021-10-16 03:50:00,0.8591352859135286,-0.09960159362549814,0.013551749813849545,-0.02803070880199965,0.6079360301527267,0.06870824053452115,0.5,-0.11901399595693851,0.7106782334838084,0.35079792080635525,0.8488128717571566,0.21605474225942203,0.7992440062163345
2021-10-16 04:00:00,0.8423988842398884,-0.06772908366533881,0.012658227848101111,-0.022674522406713193,0.6079360301527267,0.061135857461024505,0.5,-0.1711689223916968,0.7082156393405894,0.3490193527229592,0.858374252433234,0.21464384382119986,0.8050831359295081
2021-10-16 04:10:00,0.8479776847977685,-0.20318725099601598,0.006403574087862962,-0.017318336011426405,0.6079360301527267,0.06425389755011135,0.5,-0.1711689223916968,0.7082156393405894,0.3490193527229592,0.858374252433234,0.21464384382119986,0.8109222656426816
2021-10-16 04:20:00,0.8709902370990237,-0.31474103585657376,0.005212211466865124,-0.011605070523120875,0.6079360301527267,0.07026726057906459,0.5,-0.1711689223916968,0.7082156393405894,0.3490193527229592,0.858374252433234,0.21464384382119986,0.8167614707968074
2021-10-16 04:30:00,0.8905160390516039,-0.11553784860557781,0.005212211466865124,-0.00981967505802539,0.6079360301527267,0.08073496659242763,0.5,-0.1711689223916968,0.7082156393405894,0.3490193527229592,0.858374252433234,0.21464384382119986,0.822600600509981
2021-10-16 04:40:00,0.9191073919107392,-0.043824701195219196,0.005212211466865124,-0.00981967505802539,0.6079360301527267,0.08830734966592428,0.5,-0.1711689223916968,0.7082156393405894,0.3490193527229592,0.858374252433234,0.21464384382119986,0.8284397302231544
2021-10-16 04:50:00,0.9344490934449093,-0.059760956175298974,0.005212211466865124,-0.00981967505802539,0.6079360301527267,0.09198218262806236,0.5,-0.1711689223916968,0.7082156393405894,0.3490193527229592,0.858374252433234,0.21464384382119986,0.8342788599363278
2021-10-16 05:00:00,0.9574616457461647,-0.01195219123505975,0.005212211466865124,-0.00981967505802539,0.6079360301527267,0.09743875278396437,0.5,-0.17269976249264984,0.7068909533428938,0.3599820532652291,0.8708907125243746,0.21491522407321065,0.8401179896495012
2021-10-16 05:10:00,0.9623430962343097,-0.05179282868525903,0.005212211466865124,-0.007677200499910719,0.6079360301527267,0.09933184855233854,0.5,-0.17269976249264984,0.7068909533428938,0.3599820532652291,0.8708907125243746,0.21491522407321065,0.8459571193626748
2021-10-16 05:20:00,0.9525801952580195,-0.15537848605577698,0.00014892032762459095,-0.0026780931976432276,0.6079360301527267,0.09821826280623609,0.5,-0.17269976249264984,0.7068909533428938,0.3599820532652291,0.8708907125243746,0.21491522407321065,0.8517962490758483
2021-10-16 05:30:00,0.9539748953974895,-0.0916334661354582,-0.0022338049143708627,-0.003749330476700563,0.6079360301527267,0.09766146993318485,0.5,-0.17269976249264984,0.7068909533428938,0.3599820532652291,0.8708907125243746,0.21491522407321065,0.8576353787890219
2021-10-16 05:40:00,0.9253835425383542,-0.059760956175298974,-0.0037230081906179935,-0.004463488662738713,0.6079360301527267,0.09153674832962139,0.5,-0.17269976249264984,0.7068909533428938,0.3599820532652291,0.8708907125243746,0.21491522407321065,0.8634745085021953
2021-10-16 05:50:00,0.9218967921896792,-0.06772908366533881,-0.006105733432613669,-0.0030351722906623024,0.6079360301527267,0.08986636971046771,0.5,-0.17269976249264984,0.7068909533428938,0.3599820532652291,0.8708907125243746,0.21491522407321065,0.8693135627744165
2021-10-16 06:00:00,0.9267782426778243,-0.11553784860557781,-0.008488458674609234,-0.004106409569719638,0.6079360301527267,0.08919821826280623,0.5,-0.21445626292640674,0.7073564612206075,0.41418279013137566,0.903597924946381,0.2187403299451606,0.87515269248759
2021-10-16 06:10:00,0.9163179916317992,-0.21115537848605592,-0.00967982129560696,-0.0001785395465094819,0.6079360301527267,0.08964365256124723,0.5,-0.21445626292640674,0.7073564612206075,0.41418279013137566,0.903597924946381,0.2187403299451606,0.8809918976417158
2021-10-16 06:20:00,0.9253835425383542,-0.21115537848605592,-0.00967982129560696,0.0008926977325478536,0.6079360301527267,0.09376391982182629,0.5,-0.21445626292640674,0.7073564612206075,0.41418279013137566,0.903597924946381,0.2187403299451606,0.8868310273548893
2021-10-16 06:30:00,0.9581589958158996,-0.14741035856573714,-0.00819061801935983,0.0008926977325478536,0.6079360301527267,0.10289532293986638,0.5,-0.21445626292640674,0.7073564612206075,0.41418279013137566,0.903597924946381,0.2187403299451606,0.8926701570680629
2021-10-16 06:40:00,0.9860529986052999,-0.01195219123505975,-0.0031273268801192966,-0.001963935011604967,0.6079360301527267,0.1089086859688196,0.5,-0.21445626292640674,0.7073564612206075,0.41418279013137566,0.903597924946381,0.2187403299451606,0.8985092867812363
2021-10-16 06:50:00,0.9881450488145049,0.05179282868525892,0.0022338049143706407,-0.007320121406891644,0.6079360301527267,0.11091314031180402,0.5,-0.21445626292640674,0.7073564612206075,0.41418279013137566,0.903597924946381,0.2187403299451606,0.9043484164944099
2021-10-16 07:00:00,0.9972105997210601,-0.003984063745020028,-0.0007446016381237319,-0.008034279592929794,0.6079229430317624,0.1121380846325167,0.5,-0.20581671209913344,0.712810374503964,0.4078524827098454,0.9315493996681311,0.22606336281538483,0.9101875462075834
2021-10-16 07:10:00,0.9948860529986053,0.003984063745019917,-0.0034251675353685895,-0.00981967505802539,0.6078967687898339,0.12048997772828508,0.5,-0.20581671209913344,0.712810374503964,0.4078524827098454,0.9315493996681311,0.22606336281538483,0.9160266759207568
2021-10-16 07:20:00,0.9925616457461646,-0.17928286852589637,-0.009381980640357557,-0.00981967505802539,0.6078967687898339,0.1291759465478842,0.5,-0.20581671209913344,0.712810374503964,0.4078524827098454,0.9315493996681311,0.22606336281538483,0.9218658056339304
2021-10-16 07:30:00,0.9902371687587169,-0.1872509960159363,-0.017125837676842948,-0.013033386895197285,0.6078967687898339,0.1200445434298441,0.5,-0.20581671209913344,0.712810374503964,0.4078524827098454,0.9315493996681311,0.22606336281538483,0.9277049353471039
2021-10-16 07:40:00,0.9879126220362623,-0.24302788844621515,-0.026061057334326176,-0.01696125691840733,0.6078967687898339,0.127728285077951,0.5,-0.20581671209913344,0.712810374503964,0.4078524827098454,0.9315493996681311,0.22606336281538483,0.9335440650602774
2021-10-16 07:50:00,0.9855880753138075,-0.3705179282868527,-0.029932985852568983,-0.023031601499732157,0.6078967687898339,0.11959910913140312,0.5,-0.20581671209913344,0.712810374503964,0.4078524827098454,0.9315493996681311,0.22606336281538483,0.9393831947734509
2021-10-16 08:00:00,0.9832635983263598,-0.4581673306772909,-0.03827252419955329,-0.022317443313693897,0.6078967687898339,0.10723830734966594,0.5,-0.1994978692378786,0.7283129362340434,0.4032276984365214,0.9564764519560529,0.22260923481885195,0.9452222490456721
2021-10-16 08:10:00,0.9827406555090656,-0.4422310756972112,-0.0424422933730455,-0.023388680592751232,0.6078967687898339,0.11258351893095768,0.5,-0.1994978692378786,0.7283129362340434,0.4032276984365214,0.9564764519560529,0.22260923481885195,0.9510613787588456
2021-10-16 08:20:00,0.9822175732217574,-0.5298804780876495,-0.04422933730454226,-0.027673629708980574,0.6078967687898339,0.111358574610245,0.5,-0.1994978692378786,0.7283129362340434,0.4032276984365214,0.9564764519560529,0.22260923481885195,0.9569005839129714
2021-10-16 08:30:00,0.981694490934449,-0.4820717131474104,-0.0424422933730455,-0.03088734154615247,0.6078182460640484,0.1158129175946548,0.5,-0.1994978692378786,0.7283129362340434,0.4032276984365214,0.9564764519560529,0.22260923481885195,0.962739713626145
2021-10-16 08:40:00,0.9811715481171548,-0.5139442231075697,-0.0424422933730455,-0.031244420639171433,0.6078051589430842,0.10690423162583519,0.5,-0.1994978692378786,0.7283129362340434,0.4032276984365214,0.9564764519560529,0.22260923481885195,0.9685788433393184
2021-10-16 08:50:00,0.9700139470013948,-0.4422310756972112,-0.0424422933730455,-0.03088734154615247,0.6078051589430842,0.10244988864142539,0.5,-0.1994978692378786,0.7283129362340434,0.4032276984365214,0.9564764519560529,0.22260923481885195,0.9744179730524919
2021-10-16 09:00:00,0.9762900976290098,-0.3466135458167332,-0.03946388682055113,-0.029816104267095023,0.6078051589430842,0.10534521158129177,0.5,-0.2062401629231715,0.7303761131241614,0.43341630781440044,0.9906162712559609,0.2199479211882647,0.9802571027656652
2021-10-16 09:10:00,0.9316596931659693,-0.1872509960159363,-0.03648548026805687,-0.02945902517407606,0.6078051589430842,0.11169265033407572,0.5,-0.2062401629231715,0.7303761131241614,0.43341630781440044,0.9906162712559609,0.2199479211882647,0.9860962324788388
2021-10-16 09:20:00,0.8912133891213389,0.019920318725099362,-0.034400595681310486,-0.02660239242992324,0.6078051589430842,0.17316258351893096,0.5,-0.2062401629231715,0.7303761131241614,0.43341630781440044,0.9906162712559609,0.2199479211882647,0.370656487167494
2021-10-16 09:30:00,0.8465829846582985,0.31474103585657365,-0.02635889798957569,-0.028744866988037687,0.6078051589430842,0.1809576837416481,0.5,-0.2062401629231715,0.7303761131241614,0.43341630781440044,0.9906162712559609,0.2199479211882647,0.3032952607993723
2021-10-16 09:40:00,0.9037656903765691,-0.003984063745020028,-0.01236038719285204,-0.03910016068559197,0.6160107837876746,0.22416481069042316,0.5,-0.2062401629231715,0.7303761131241614,0.43341630781440044,0.9906162712559609,0.2199479211882647,0.23165653243206544
2021-10-16 09:50:00,0.9055652719665273,0.13147410358565725,0.0004467609828739949,-0.049455454383145914,0.6178691549645994,0.160913140311804,0.5,-0.2062401629231715,0.7303761131241614,0.43341630781440044,0.9906162712559609,0.2199479211882647,0.7129773526260996
2021-10-16 10:00:00,0.9073649232914924,0.21912350597609564,0.01325390915859992,-0.059453668987680564,0.6178691549645994,0.1566815144766147,0.5,-0.0009102058119092593,0.739163292692389,0.2640654300006962,0.9879918142915152,0.2223032136670227,0.7304419330989634
2021-10-16 10:10:00,0.9091645048814505,0.19521912350597592,0.016827997021593433,-0.05766827352258519,0.6178691549645994,0.17071269487750557,0.5,-0.0009102058119092593,0.739163292692389,0.2640654300006962,0.9853673573270695,0.2223032136670227,0.5947991007438478
2021-10-16 10:20:00,0.9109641562064157,0.1872509960159361,0.01950856291883829,-0.05981074808069986,0.617908416327492,0.17616926503340757,0.5,-0.0009102058119092593,0.739163292692389,0.2640654300006962,0.9827429455666776,0.2223032136670227,0.5856707455074913
2021-10-16 10:30:00,0.9127637377963738,0.5059760956175297,0.025167535368577854,-0.06088198535975731,0.617908416327492,0.19287305122494433,0.5,-0.0009102058119092593,0.739163292692389,0.2640654300006962,0.9801185338062858,0.2223032136670227,0.49837047542888185
2021-10-16 10:40:00,0.9145633891213389,0.5139442231075697,0.027550260610573307,-0.06338153901089094,0.617908416327492,0.18897550111358574,0.5,-0.0009102058119092593,0.739163292692389,0.2640654300006962,0.9774941672499481,0.2223032136670227,0.49415332619158986
2021-10-16 10:50:00,0.916362970711297,0.2589641434262948,0.03052866716306757,-0.06338153901089094,0.6225543442698042,0.2066815144766147,0.5,-0.0009102058119092593,0.739163292692389,0.2640654300006962,0.9748697102855023,0.2223032136670227,0.392843671258506
2021-10-16 11:00:00,0.9181625523012552,-0.3545816733067729,0.02635889798957547,-0.06088198535975731,0.631793851670571,0.21937639198218262,0.5,-0.00026689142201896665,0.7267123937162184,0.28022738279616777,0.9722452533210566,0.2400736420987276,0.3801545030704468
2021-10-16 11:10:00,0.9199622036262204,-0.33067729083665354,0.024869694713328228,-0.06338153901089094,0.6318069387915353,0.22917594654788417,0.5,-0.00026689142201896665,0.7267123937162184,0.28022738279616777,0.9696207963566109,0.2400736420987276,0.3732969205003244
2021-10-16 11:20:00,0.9217617852161786,0.03585657370517925,0.02844378257632152,-0.06480985538296735,0.6318200259124994,0.23329621380846324,0.5,-0.00026689142201896665,0.7267123937162184,0.28022738279616777,0.9669963393921652,0.2400736420987276,0.38117295592739564
2021-10-16 11:30:00,0.9235614365411436,-0.15537848605577698,0.03410275502606086,-0.06480985538296735,0.6318200259124994,0.23619153674832963,0.5,-0.00026689142201896665,0.7267123937162184,0.28022738279616777,0.9643718824277194,0.2400736420987276,0.34630414774356116
2021-10-16 11:40:00,0.9253610181311018,-0.0916334661354582,0.04095309009679826,-0.06302445991787176,0.6318200259124994,0.23285077951002228,0.5,-0.00026689142201896665,0.7267123937162184,0.28022738279616777,0.9617474254632737,0.2400736420987276,0.3544065060277321
2021-10-16 11:50:00,0.927160669456067,-0.11553784860557781,0.049590469099031864,-0.06123906445277627,0.6318200259124994,0.2316258351893096,0.5,-0.00026689142201896665,0.7267123937162184,0.28022738279616777,0.959122968498828,0.2400736420987276,0.3911009852588379
2021-10-16 12:00:00,0.9289602510460251,-0.4661354581673308,0.055845122859270235,-0.060167827173718935,0.6318200259124994,0.3755011135857461,0.5,0.003495070246609222,0.7143879289784403,0.28295946627486174,0.9564986019424901,0.25359320600615287,0.24383270214403185
2021-10-16 12:10:00,0.9307598326359833,-0.449516220830962,0.07520476545048371,-0.05374040349937503,0.6318200259124994,0.9995545657015591,0.5,0.003495070246609222,0.7143879289784403,0.28295946627486174,0.9538742353861523,0.25359320600615287,0.0
2021-10-16 12:20:00,0.9325595536959553,-0.43289698349459316,0.10618019359642594,-0.035529369755400886,0.6318200259124994,0.9995545657015591,0.5,0.003495070246609222,0.7143879289784403,0.28295946627486174,0.9512497784217067,0.25359320600615287,0.0
2021-10-16 12:30:00,0.9343591352859135,-0.4162777461582243,0.11511541325390895,-0.031244420639171433,0.6318200259124994,0.9995545657015591,0.5,0.003495070246609222,0.7143879289784403,0.28295946627486174,0.948625321457261,0.25359320600615287,0.0
2021-10-16 12:40:00,0.9361587866108787,-0.3996585088218555,0.11213700670141469,-0.031244420639171433,0.6318200259124994,0.9995545657015591,0.5,0.003495070246609222,0.7143879289784403,0.28295946627486174,0.9460008644928152,0.25359320600615287,0.0
2021-10-16 12:50:00,0.9379583682008368,-0.3830392714854868,0.10915860014891998,-0.031244420639171433,0.6318200259124994,0.9995545657015591,0.5,0.003495070246609222,0.7143879289784403,0.28295946627486174,0.9433764075283695,0.25359320600615287,0.0
2021-10-16 13:00:00,0.939758019525802,-0.36642003414911783,0.1174981384959044,-0.031244420639171433,0.6318200259124994,0.9995545657015591,0.5,0.16315184027338847,0.6977158505432353,0.22118285366525156,0.9407519505639238,0.26190879895335967,0.0
2021-10-16 13:10:00,0.9415576011157601,-0.349800796812749,0.11868950111690246,-0.031244420639171433,0.6318200259124994,0.9995545657015591,0.5,0.16315184027338847,0.6977158505432353,0.22118285366525156,0.938127493599478,0.26190879895335967,0.0
2021-10-16 13:20:00,0.9433571827057182,-0.3331815594763803,0.13507073715562168,-0.02803070880199965,0.6318200259124994,0.9995545657015591,0.5,0.16315184027338847,0.6977158505432353,0.22118285366525156,0.9355030366350323,0.26190879895335967,0.0
2021-10-16 13:30:00,0.9451568340306834,-0.31656232214001145,0.13477289650037205,-0.02624531333690394,0.6318200259124994,0.9995545657015591,0.5,0.16315184027338847,0.6977158505432353,0.22118285366525156,0.9328785796705866,0.26190879895335967,0.0
2021-10-16 13:40:00,0.9469564156206416,-0.29994308480364273,0.1365599404318687,-0.020889126941617486,0.6318200259124994,0.9995545657015591,0.5,0.16315184027338847,0.6977158505432353,0.22118285366525156,0.9302543035223566,0.26190879895335967,0.0
2021-10-16 13:50:00,0.9487560669456067,-0.2833238474672739,0.14638868205510036,-0.02053204784859841,0.6318200259124994,0.9995545657015591,0.5,0.16315184027338847,0.6977158505432353,0.22118285366525156,0.9276298465579109,0.26190879895335967,0.0
2021-10-16 14:00:00,0.9505556485355648,-0.26670461013090496,0.14698436336559917,-0.017675415104445702,0.6318200259124994,0.9995545657015591,0.5,0.1655946872530829,0.6700497403787847,0.21958043039952665,0.9250053895934652,0.2670718118740935,0.0
2021-10-16 14:10:00,0.9523552649930265,-0.25008537279453624,0.14936708860759484,-0.01696125691840733,0.6318200259124994,0.9995545657015591,0.5,0.1655946872530829,0.6700497403787847,0.21958043039952665,0.9223809326290195,0.2670718118740935,0.0
2021-10-16 14:20:00,0.9541548814504882,-0.2334661354581674,0.1594936708860759,-0.01696125691840733,0.6318200259124994,0.9995545657015591,0.5,0.1655946872530829,0.6700497403787847,0.21958043039952665,0.9197564756645737,0.2670718118740935,0.0
2021-10-16 14:30:00,0.9559544630404463,-0.21684689812179847,0.17170513775130303,-0.0112479914301018,0.6318200259124994,0.9995545657015591,0.5,0.1655946872530829,0.6700497403787847,0.21958043039952665,0.9171320187001281,0.2670718118740935,0.0
2021-10-16 14:40:00,0.9577541143654115,-0.20022766078542975,0.17676842889054334,-0.008034279592929794,0.6318200259124994,0.9995545657015591,0.5,0.1655946872530829,0.6700497403787847,0.21958043039952665,0.9145075617356824,0.2670718118740935,0.0
2021-10-16 14:50:00,0.9595536959553695,-0.18360842344906092,0.1794489947877882,-0.0030351722906623024,0.6318200259124994,0.9995545657015591,0.5,0.1655946872530829,0.6700497403787847,0.21958043039952665,0.9118831047712367,0.2670718118740935,0.0
2021-10-16 15:00:00,0.9449093444909346,-0.1669891861126922,0.18093819806403566,-0.0001785395465094819,0.6318200259124994,0.9995545657015591,0.5,0.16502468295386952,0.638096360130687,0.22271705093248328,0.9092586478067909,0.270862637523945,0.0
2021-10-16 15:10:00,0.9302649930264993,-0.15036994877632337,0.17706626954579274,0.0008926977325478536,0.6318200259124994,0.9995545657015591,0.5,0.16502468295386952,0.638096360130687,0.22271705093248328,0.9066342360463991,0.270862637523945,0.0
2021-10-16 15:20:00,0.9860529986052999,-0.13375071143995465,0.17795979151154118,0.0008926977325478536,0.6318200259124994,0.9995545657015591,0.5,0.16502468295386952,0.638096360130687,0.22271705093248328,0.9040099146941154,0.270862637523945,0.0
2021-10-16 15:30:00,0.9490934449093444,-0.11713147410358571,0.18391660461653014,0.0016068559185860032,0.6318200259124994,0.9995545657015591,0.5,0.16502468295386952,0.638096360130687,0.22271705093248328,0.9013854577296695,0.270862637523945,0.0
2021-10-16 15:40:00,0.9567642956764296,-0.10051223676721688,0.19166046165301553,0.008034279592929794,0.6318200259124994,0.9995545657015591,0.5,0.16502468295386952,0.638096360130687,0.22271705093248328,0.8987610007652238,0.270862637523945,0.0
2021-10-16 15:50:00,0.9776847977684797,-0.08389299943084805,0.1982129560685031,0.009462595965006315,0.6318200259124994,0.9995545657015591,0.5,0.16502468295386952,0.638096360130687,0.22271705093248328,0.8961365438007781,0.270862637523945,0.0
2021-10-16 16:00:00,0.9674570432357044,-0.06727376209447922,0.1943410275502604,0.008748437778968166,0.6318200259124994,0.9995545657015591,0.5,0.21542073421489993,0.6232432106250729,0.21277292143091478,0.8935120868363324,0.27435721477652236,0.0
2021-10-16 16:10:00,0.9572291492329149,-0.0506545247581105,0.19285182427401315,0.008034279592929794,0.6318200259124994,0.9995545657015591,0.5,0.21542073421489993,0.6232432106250729,0.21277292143091478,0.8908876298718866,0.27435721477652236,0.0
2021-10-16 16:20:00,0.9470013947001394,-0.03403528742174167,0.19285182427401315,0.008034279592929794,0.6318200259124994,0.9995545657015591,0.5,0.21542073421489993,0.6232432106250729,0.21277292143091478,0.888263172907441,0.27435721477652236,0.0
2021-10-16 16:30:00,0.9400278940027894,-0.017416050085372836,0.20029784065524936,0.010890912337082836,0.6318200259124994,0.9995545657015591,0.5,0.21542073421489993,0.6232432106250729,0.21277292143091478,0.8856387159429953,0.27435721477652236,0.0
2021-10-16 16:40:00,0.9295676429567643,-0.0007968127490041166,0.20476545048399108,0.011605070523120764,0.6318200259124994,0.9995545657015591,0.5,0.21542073421489993,0.6232432106250729,0.21277292143091478,0.8830142589785496,0.27435721477652236,0.0
2021-10-16 16:50:00,0.9741980474198048,0.015822424587364825,0.2026805658972448,0.0112479914301018,0.6318200259124994,0.9995545657015591,0.5,0.21542073421489993,0.6232432106250729,0.21277292143091478,0.8803899376262656,0.27435721477652236,0.0
2021-10-16 17:00:00,0.9867503486750349,0.032441661923733545,0.20089352196574817,0.008034279592929794,0.6318200259124994,0.9995545657015591,0.5,0.2073511876868397,0.6054562120876888,0.22641190723749766,0.877765525865874,0.2768535080689473,0.0
2021-10-16 17:10:00,0.9825662482566249,0.049060899260102486,0.20327624720774362,0.00767720049991083,0.6318200259124994,0.9995545657015591,0.5,0.2073511876868397,0.6054562120876888,0.22641190723749766,0.8751410689014283,0.2768535080689473,0.0
2021-10-16 17:20:00,0.9065550906555091,0.0656801365964712,0.20595681310498848,0.006248884127834309,0.6318200259124994,0.9995545657015591,0.5,0.2073511876868397,0.6054562120876888,0.22641190723749766,0.8725166119369824,0.2768535080689473,0.0
2021-10-16 17:30:00,0.8807531380753139,0.08229937393284015,0.20119136262099757,0.006248884127834309,0.6318200259124994,0.9995545657015591,0.5,0.2073511876868397,0.6054562120876888,0.22641190723749766,0.8698921549725367,0.2768535080689473,0.0
2021-10-16 17:40:00,0.8437935843793585,0.09891861126920887,0.20119136262099757,0.004463488662738824,0.6318200259124994,0.9995545657015591,0.5,0.2073511876868397,0.6054562120876888,0.22641190723749766,0.8672676980080911,0.2768535080689473,0.0
2021-10-16 17:50:00,0.8458856345885635,0.11553784860557759,0.2014892032762472,0.006248884127834309,0.6396984727329834,0.7240534521158128,0.5,0.2073511876868397,0.6054562120876888,0.22641190723749766,0.8646432410436454,0.2768535080689473,0.2590491422363716
2021-10-16 18:00:00,0.9246861924686193,0.01195219123505975,0.20357408786299303,0.021603285127655747,0.6479302718195025,0.09565701559020044,0.5,0.05004774494759068,0.6073297376202225,0.33655276348899643,0.8620187840791995,0.27925912926111257,0.6279780315946708
2021-10-16 18:10:00,0.9707112970711297,0.5378486055776892,0.2062546537602381,0.034815211569362514,0.6417531507243721,0.1202672605790646,0.5,0.05004774494759068,0.6073297376202225,0.33655276348899643,0.8593943271147538,0.27925912926111257,0.9969069209529702
2021-10-16 18:20:00,0.9476987447698745,-0.08366533864541836,0.1862993298585256,0.025888234243884867,0.6498671657222128,0.16358574610244989,0.5,0.05004774494759068,0.6073297376202225,0.33655276348899643,0.856769960558416,0.27925912926111257,0.47060820495797934
2021-10-16 18:30:00,0.9435147140864715,0.14741035856573692,0.17498138495904692,0.02231744331369412,0.6417138893614794,0.16926503340757237,0.5,0.05004774494759068,0.6073297376202225,0.33655276348899643,0.8541455487980244,0.27925912926111257,0.5369434343739156
2021-10-16 18:40:00,0.9393305439330545,-0.05179282868525903,0.16545048399106466,0.02231744331369412,0.6416615408776223,0.16213808463251672,0.5,0.05004774494759068,0.6073297376202225,0.33655276348899643,0.8515211370376325,0.27925912926111257,0.4681488299108288
2021-10-16 18:50:00,0.9818688981868898,-0.1394422310756973,0.15740878629932964,0.02231744331369412,0.6416615408776223,0.16592427616926506,0.5,0.05004774494759068,0.6073297376202225,0.33655276348899643,0.8488966800731869,0.27925912926111257,0.5247521764714759
2021-10-16 19:00:00,0.9609483960948396,-0.20318725099601598,0.1511541325390915,0.02231744331369412,0.6416615408776223,0.11403118040089087,0.5,0.06237598070590478,0.6036430301689351,0.33351340938883584,0.8462722231087412,0.2713083662736409,0.9434117416298263
2021-10-16 19:10:00,0.9874476987447699,-0.3466135458167332,0.14609084139985096,0.02731655061596161,0.6416615408776223,0.09910913140311804,0.5,0.06237598070590478,0.6036430301689351,0.33351340938883584,0.8462722231087412,0.2713083662736409,0.9122546283024278
2021-10-16 19:20:00,0.9344490934449093,-0.47410358565737054,0.1437081161578555,0.03731476522049637,0.6416615408776223,0.08552338530066815,0.5,0.06237598070590478,0.6036430301689351,0.33351340938883584,0.8462722231087412,0.2713083662736409,0.8810975149750291
2021-10-16 19:30:00,0.8577405857740587,-0.6334661354581674,0.13834698436336557,0.04767005891805054,0.6407977908939813,0.058240534521158134,0.5,0.06237598070590478,0.6036430301689351,0.33351340938883584,0.8462722231087412,0.2713083662736409,0.8499404016476305
2021-10-16 19:40:00,0.8417015341701535,0.08366533864541825,0.14281459419210707,0.05266916622031781,0.627854628260329,0.05412026726057907,0.5,0.06237598070590478,0.6036430301689351,0.33351340938883584,0.8462722231087412,0.2713083662736409,0.8187832883202317
2021-10-16 19:50:00,0.7594142259414226,-0.14741035856573714,0.1434102755026061,0.06088198535975731,0.627854628260329,0.025612472160356347,0.5,0.06237598070590478,0.6036430301689351,0.33351340938883584,0.8462722231087412,0.2713083662736409,0.7876261749928332
2021-10-16 20:00:00,0.7761506276150628,-0.21912350597609564,0.13983618763961259,0.07480806998750222,0.627854628260329,0.08608017817371938,0.5,0.0655516951207431,0.6144186754864143,0.3401348820381363,0.8531374531908021,0.25834799287965826,0.7564690616654345
2021-10-16 20:10:00,0.7475592747559275,-0.38645418326693237,0.1362620997766193,0.08266381003392254,0.627854628260329,0.06893095768374166,0.5,0.0655516951207431,0.6144186754864143,0.3401348820381363,0.8531374531908021,0.25834799287965826,0.7994854927048599
2021-10-16 20:20:00,0.7656903765690377,0.08366533864541825,0.13834698436336557,0.08552044277807536,0.6189422988836687,0.06714922048997773,0.5,0.0655516951207431,0.6144186754864143,0.3401348820381363,0.8531374531908021,0.25834799287965826,0.8786532281183518
2021-10-16 20:30:00,0.7705718270571827,0.1394422310756971,0.1401340282948622,0.08194965184788416,0.6179215034484563,0.07327394209354121,0.5,0.0655516951207431,0.6144186754864143,0.3401348820381363,0.8531374531908021,0.25834799287965826,0.8408950314588772
2021-10-16 20:40:00,0.8110181311018132,0.003984063745019917,0.13804914370811594,0.08266381003392254,0.6179215034484563,0.08752783964365257,0.5,0.0655516951207431,0.6144186754864143,0.3401348820381363,0.8531374531908021,0.25834799287965826,0.8166407652730209
2021-10-16 20:50:00,0.795676429567643,-0.003984063745020028,0.1362620997766193,0.07945009819675053,0.6179215034484563,0.09253897550111359,0.5,0.0655516951207431,0.6144186754864143,0.3401348820381363,0.8531374531908021,0.25834799287965826,0.7553600796656457
2021-10-16 21:00:00,0.7482566248256626,-0.07569721115537853,0.13298585256887563,0.0801642563827889,0.6179215034484563,0.08741648106904232,0.5,0.06940327654080414,0.6031689017749634,0.33823863044804575,0.861192906013465,0.2513339068744482,0.6889871297735263
2021-10-16 21:10:00,0.7482566248256626,-0.07569721115537853,0.1285182427401339,0.07945009819675053,0.6179215034484563,0.0856347438752784,0.5,0.06940327654080414,0.6031689017749634,0.33823863044804575,0.861192906013465,0.2513339068744482,0.6831253677746428
2021-10-16 21:20:00,0.6715481171548118,-0.07569721115537853,0.12107222635889792,0.07873594001071238,0.6096111816361519,0.036302895322939864,0.5,0.06940327654080414,0.6031689017749634,0.33823863044804575,0.861192906013465,0.2513339068744482,0.8051360200371169
2021-10-16 21:30:00,0.6562064156206415,0.1633466135458166,0.11183916604616506,0.07088019996429229,0.6080669013623693,0.002561247216035635,0.5,0.06940327654080414,0.6031689017749634,0.33823863044804575,0.861192906013465,0.2513339068744482,0.9310092490607601
2021-10-16 21:40:00,0.695258019525802,0.2350597609561753,0.10796723752792259,0.06838064631315843,0.6080669013623693,0.003006681514476615,0.5,0.06940327654080414,0.6031689017749634,0.33823863044804575,0.861192906013465,0.2513339068744482,0.9191182461487394
2021-10-16 21:50:00,0.7203626220362622,0.1394422310756971,0.10707371556217415,0.06195322263881464,0.6080669013623693,0.009465478841870824,0.5,0.06940327654080414,0.6031689017749634,0.33823863044804575,0.861192906013465,0.2513339068744482,0.9072272432367187
2021-10-16 22:00:00,0.7405857740585774,-0.40239043824701204,0.10081906180193578,0.06552401356900561,0.6080669013623693,0.00757238307349666,0.5,-0.0202738755589561,0.6065510176519441,0.3922970818675206,0.8354666460516411,0.24727384225341048,0.8953362403246979
2021-10-16 22:10:00,0.7196652719665272,0.2111553784860556,0.09426656738644801,0.06766648812712006,0.5994948371307797,0.004565701559020045,0.5,-0.0202738755589561,0.6065510176519441,0.3922970818675206,0.8354666460516411,0.24727384225341048,0.8834452374126771
2021-10-16 22:20:00,0.694560669456067,0.33864541832669315,0.08830975428145926,0.061596143545795234,0.5995471856146366,0.03485523385300668,0.5,-0.0202738755589561,0.6065510176519441,0.3922970818675206,0.8354666460516411,0.24727384225341048,0.8715542345006564
2021-10-16 22:30:00,0.691771269177127,0.06772908366533859,0.08116157855547268,0.06266738082485257,0.6007904621062413,0.05,0.5,-0.0202738755589561,0.6065510176519441,0.3922970818675206,0.8354666460516411,0.24727384225341048,0.8016732803234909
2021-10-16 22:40:00,0.7182705718270572,0.11553784860557759,0.07580044676098274,0.05838243170862345,0.603054534033058,0.06959910913140312,0.5,-0.0202738755589561,0.6065510176519441,0.3922970818675206,0.8354666460516411,0.24727384225341048,0.7504639618570544
2021-10-16 22:50:00,0.7377963737796374,-0.3705179282868527,0.06835443037974676,0.05623995715050878,0.6080669013623693,0.08140311804008908,0.5,-0.0202738755589561,0.6065510176519441,0.3922970818675206,0.8354666460516411,0.24727384225341048,0.7072891048176592
2021-10-16 23:00:00,0.702231520223152,-0.26693227091633476,0.06239761727475801,0.053740403499375144,0.6032115794846291,0.07149220489977728,0.5,-0.0895531786661633,0.5986862333228946,0.4200390663589142,0.7908727564181776,0.2371834962385986,0.7034265280564902
2021-10-16 23:10:00,0.7210599721059973,-0.17928286852589637,0.05614296351451942,0.04445634708087853,0.5981206894295323,0.07360801781737195,0.5,-0.0895531786661633,0.5986862333228946,0.4200390663589142,0.7908727564181776,0.2371834962385986,0.7229280142432518
2021-10-16 23:20:00,0.7496513249651325,-0.40239043824701204,0.04601638123603857,0.03802892340653452,0.5981206894295323,0.07149220489977728,0.5,-0.0895531786661633,0.5986862333228946,0.4200390663589142,0.7908727564181776,0.2371834962385986,0.748796716809753
2021-10-16 23:30:00,0.7336122733612274,0.05976095617529875,0.040655249441548635,0.02731655061596161,0.5898234547381922,0.06726057906458797,0.5,-0.0895531786661633,0.5986862333228946,0.4200390663589142,0.7908727564181776,0.2371834962385986,0.7876337190880698
2021-10-16 23:40:00,0.7747559274755927,0.3227091633466135,0.037974683544303556,0.011962149616140172,0.588148303254767,0.09075723830734968,0.5,-0.0895531786661633,0.5986862333228946,0.4200390663589142,0.7908727564181776,0.2371834962385986,0.698175837771776
2021-10-16 23:50:00,0.7740585774058577,0.14741035856573692,0.03261355174981384,0.0026780931976433386,0.5939720720838623,0.10957683741648107,0.5,-0.0895531786661633,0.5986862333228946,0.4200390663589142,0.7908727564181776,0.2371834962385986,0.5477993874194668
2021-10-17 00:00:00,0.7615062761506276,-0.01195219123505975,0.023976172747579794,-0.0005356186395285567,0.5980945151876038,0.11247216035634744,0.5,-0.09189016293984809,0.5884450600131624,0.4241978087280328,0.7433188149237157,0.22698267697227317,0.5294596918991505
2021-10-17 00:10:00,0.7768479776847979,0.3227091633466135,0.02367833209233039,-0.013390465988216249,0.5980945151876038,0.10935412026726059,0.5,-0.09189016293984809,0.5884450600131624,0.4241978087280328,0.7433188149237157,0.22698267697227317,0.5725892843671259
2021-10-17 00:20:00,0.7496513249651325,0.25099601593625476,0.022486969471332774,-0.024459917871808567,0.5980945151876038,0.07750556792873052,0.5,-0.09189016293984809,0.5884450600131624,0.4241978087280328,0.7433188149237157,0.22698267697227317,0.7697089488057697
2021-10-17 00:30:00,0.7140864714086471,0.17131474103585642,0.017721518987341645,-0.027673629708980574,0.5980945151876038,0.05334075723830735,0.5,-0.09189016293984809,0.5884450600131624,0.4241978087280328,0.7433188149237157,0.22698267697227317,0.8715014258339998
2021-10-17 00:40:00,0.7217573221757322,0.06772908366533859,0.014445271779597979,-0.027673629708980574,0.5980945151876038,0.04198218262806236,0.5,-0.09189016293984809,0.5884450600131624,0.4241978087280328,0.7433188149237157,0.22698267697227317,0.9686467401964483
2021-10-17 00:50:00,0.710599721059972,0.027888446215139417,0.010871183916604465,-0.027316550615961277,0.5980945151876038,0.011692650334075724,0.5,-0.09189016293984809,0.5884450600131624,0.4241978087280328,0.7433188149237157,0.22698267697227317,0.9739936176954299
2021-10-17 01:00:00,0.7482566248256626,0.3545816733067728,0.01325390915859992,-0.02660239242992324,0.5980945151876038,0.01224944320712695,0.5,-0.1627899258994412,0.5853014450858758,0.48657945152130666,0.6854357742232585,0.21259667126069584,0.9793404951944114
2021-10-17 01:10:00,0.7433751743375174,0.3705179282868525,0.014147431124348353,-0.027673629708980574,0.5980945151876038,0.01447661469933185,0.5,-0.1627899258994412,0.5853014450858758,0.48657945152130666,0.6854357742232585,0.21259667126069584,0.9846872972524406
2021-10-17 01:20:00,0.6980474198047419,0.2589641434262948,0.012062546537602303,-0.020889126941617486,0.5996257083404223,0.0008908685968819599,0.5,-0.1627899258994412,0.5853014450858758,0.48657945152130666,0.6854357742232585,0.21259667126069584,0.9900342501923745
2021-10-17 01:30:00,0.6345885634588563,-0.1394422310756973,0.007297096053611174,-0.013033386895197285,0.6015626022431325,0.000556792873051225,0.5,-0.1627899258994412,0.5853014450858758,0.48657945152130666,0.6854357742232585,0.21259667126069584,0.8201638577485403
2021-10-17 01:40:00,0.602510460251046,-0.17928286852589637,0.0037230081906181045,-0.003749330476700563,0.5980945151876038,0.00033407572383073496,0.5,-0.1627899258994412,0.5853014450858758,0.48657945152130666,0.6854357742232585,0.21259667126069584,0.7967847066101363
2021-10-17 01:50:00,0.5878661087866108,-0.2509960159362551,0.0019359642591212367,-0.0005356186395285567,0.5980945151876038,0.00022271714922048998,0.5,-0.1627899258994412,0.5853014450858758,0.48657945152130666,0.6854357742232585,0.21259667126069584,0.7412526215730947
2021-10-17 02:00:00,0.5850767085076709,-0.12350597609561753,-0.0007446016381237319,-0.0008926977325478536,0.5980945151876038,0.00022271714922048998,0.5,-0.17357104524913602,0.5758935883473604,0.48743671499679736,0.629992197416847,0.19710222622290072,0.7315282828130423
2021-10-17 02:10:00,0.5641562064156206,0.027888446215139417,-0.0007446016381237319,-0.0008926977325478536,0.5980945151876038,0.00022271714922048998,0.5,-0.17357104524913602,0.5758935883473604,0.48743671499679736,0.629992197416847,0.19710222622290072,0.6974968692004767
2021-10-17 02:20:00,0.5481171548117155,0.25099601593625476,-0.0028294862248698927,-0.006248884127834309,0.5980945151876038,0.00033407572383073496,0.5,-0.17357104524913602,0.5758935883473604,0.48743671499679736,0.629992197416847,0.19710222622290072,0.6429304283537276
2021-10-17 02:30:00,0.5411436541143654,0.09960159362549792,-0.0037230081906179935,-0.00981967505802539,0.5980945151876038,0.00033407572383073496,0.5,-0.17357104524913602,0.5758935883473604,0.48743671499679736,0.629992197416847,0.19710222622290072,0.6425833999728413
2021-10-17 02:40:00,0.5111576011157601,0.09163346613545809,-0.007297096053611507,-0.0112479914301018,0.5980945151876038,0.00044543429844097997,0.5,-0.17357104524913602,0.5758935883473604,0.48743671499679736,0.629992197416847,0.19710222622290072,0.5479200929432533
2021-10-17 02:50:00,0.5118549511854951,0.03585657370517925,-0.00967982129560696,-0.01696125691840733,0.5980945151876038,0.00033407572383073496,0.5,-0.17357104524913602,0.5758935883473604,0.48743671499679736,0.629992197416847,0.19710222622290072,0.5641323536068319
2021-10-17 03:00:00,0.5376569037656904,0.2111553784860556,-0.011466865227103606,-0.01981788966256015,0.5980945151876038,0.00033407572383073496,0.5,-0.17984919734122518,0.5760200225857528,0.4802949239983935,0.5835901094619909,0.18742222641787787,0.602320563694796
2021-10-17 03:10:00,0.5167364016736402,0.29083665338645415,-0.012658227848101444,-0.02945902517407606,0.5980945151876038,0.00033407572383073496,0.5,-0.17984919734122518,0.5760200225857528,0.4802949239983935,0.5835901094619909,0.18742222641787787,0.5483425622765062
2021-10-17 03:20:00,0.509065550906555,0.1872509960159361,-0.014147431124348686,-0.03160149973219073,0.5980945151876038,0.00033407572383073496,0.5,-0.17984919734122518,0.5760200225857528,0.4802949239983935,0.5835901094619909,0.18742222641787787,0.5396970291352958
2021-10-17 03:30:00,0.5097629009762901,0.2350597609561753,-0.018317200297840674,-0.038386002499553595,0.5980945151876038,0.00022271714922048998,0.5,-0.17984919734122518,0.5760200225857528,0.4802949239983935,0.5835901094619909,0.18742222641787787,0.5197202649486247
2021-10-17 03:40:00,0.47698744769874474,0.3067729083665336,-0.019806403574088027,-0.042670951615782826,0.5980945151876038,0.00033407572383073496,0.5,-0.17984919734122518,0.5760200225857528,0.4802949239983935,0.5835901094619909,0.18742222641787787,0.45644039410353515
2021-10-17 03:50:00,0.4714086471408647,0.10756972111553775,-0.023678332092330612,-0.04838421710408858,0.5980945151876038,0.00033407572383073496,0.5,-0.17984919734122518,0.5760200225857528,0.4802949239983935,0.5835901094619909,0.18742222641787787,0.43558097077417507
2021-10-17 04:00:00,0.44979079497907953,-0.01195219123505975,-0.024571854058079046,-0.05159792894126036,0.5980945151876038,0.00033407572383073496,0.5,-0.23168653565795483,0.571942518397618,0.5048870992879768,0.5301689258662261,0.17961706441329867,0.41574000030176383
2021-10-17 04:10:00,0.4490934449093445,-0.1394422310756973,-0.024571854058079046,-0.05302624531333677,0.5980945151876038,0.00033407572383073496,0.5,-0.23168653565795483,0.571942518397618,0.5048870992879768,0.5301689258662261,0.17961706441329867,0.4026132745899784
2021-10-17 04:20:00,0.4595536959553696,-0.298804780876494,-0.02635889798957569,-0.059453668987680564,0.5980945151876038,0.00033407572383073496,0.5,-0.23168653565795483,0.571942518397618,0.5048870992879768,0.5301689258662261,0.17961706441329867,0.4065588363987507
2021-10-17 04:30:00,0.42538354253835425,-0.29083665338645437,-0.027550260610573418,-0.06123906445277627,0.5980945151876038,0.00022271714922048998,0.5,-0.23168653565795483,0.571942518397618,0.5048870992879768,0.5301689258662261,0.17961706441329867,0.35808802450322136
2021-10-17 04:40:00,0.396792189679219,-0.298804780876494,-0.027550260610573418,-0.06338153901089094,0.5980945151876038,0.00022271714922048998,0.5,-0.23168653565795483,0.571942518397618,0.5048870992879768,0.5301689258662261,0.17961706441329867,0.29441586070582554
2021-10-17 04:50:00,0.36262203626220363,-0.09960159362549814,-0.027550260610573418,-0.06980896268523484,0.5980945151876038,0.00022271714922048998,0.5,-0.23168653565795483,0.571942518397618,0.5048870992879768,0.5301689258662261,0.17961706441329867,0.2519501486186762
2021-10-17 05:00:00,0.3723849372384937,-0.3227091633466136,-0.027550260610573418,-0.07659346545259771,0.5980945151876038,0.00022271714922048998,0.5,-0.2253269686744449,0.5682759254842585,0.4924599492464515,0.4788933888546183,0.17139176204823936,0.2577289255699564
2021-10-17 05:10:00,0.3668061366806137,-0.1872509960159363,-0.027550260610573418,-0.08087841456882694,0.5980945151876038,0.00022271714922048998,0.5,-0.2253269686744449,0.5682759254842585,0.4924599492464515,0.4788933888546183,0.17139176204823936,0.24913620109540263
2021-10-17 05:20:00,0.3688981868898187,-0.17131474103585675,-0.027550260610573418,-0.08373504731297987,0.5980945151876038,0.00022271714922048998,0.5,-0.2253269686744449,0.5682759254842585,0.4924599492464515,0.4788933888546183,0.17139176204823936,0.24956621452389216
2021-10-17 05:30:00,0.3668061366806137,-0.07569721115537853,-0.027550260610573418,-0.08909123370826644,0.5980945151876038,0.00022271714922048998,0.5,-0.2253269686744449,0.5682759254842585,0.4924599492464515,0.4788933888546183,0.17139176204823936,0.24462483214388098
2021-10-17 05:40:00,0.3598326359832636,0.17928286852589648,-0.027550260610573418,-0.09658989466166767,0.5980945151876038,0.00022271714922048998,0.5,-0.2253269686744449,0.5682759254842585,0.4924599492464515,0.4788933888546183,0.17139176204823936,0.23306727824132054
2021-10-17 05:50:00,0.3577405857740586,0.31474103585657365,-0.028443782576321852,-0.1008748437778968,0.5980945151876038,0.00022271714922048998,0.5,-0.2253269686744449,0.5682759254842585,0.4924599492464515,0.4788933888546183,0.17139176204823936,0.21847699805362344
2021-10-17 06:00:00,0.3542538354253836,0.36254980079681287,-0.03201787043931503,-0.10266023924299217,0.6015887764850611,0.00033407572383073496,0.5,-0.2797374644914672,0.5757154310114461,0.5809211701849344,0.42013695158691045,0.16182566943561127,0.20899407034114398
2021-10-17 06:10:00,0.29776847977684795,-0.01195219123505975,-0.03112434847356671,-0.1037314765220495,0.6092447422491526,0.00033407572383073496,0.5,-0.2797374644914672,0.5757154310114461,0.5809211701849344,0.42013695158691045,0.16182566943561127,0.15784510463660092
2021-10-17 06:20:00,0.30404463040446306,0.019920318725099362,-0.031422189128816336,-0.10944474201035537,0.6092447422491526,0.00022271714922048998,0.5,-0.2797374644914672,0.5757154310114461,0.5809211701849344,0.42013695158691045,0.16182566943561127,0.15903707168399295
2021-10-17 06:30:00,0.29497907949790797,0.13147410358565725,-0.03350707371556216,-0.11337261203356541,0.6092447422491526,0.00033407572383073496,0.5,-0.2797374644914672,0.5757154310114461,0.5809211701849344,0.42013695158691045,0.16182566943561127,0.15307723644703292
2021-10-17 06:40:00,0.29218967921896793,0.15537848605577675,-0.03350707371556216,-0.11587216568469916,0.6092447422491526,0.00033407572383073496,0.5,-0.2797374644914672,0.5757154310114461,0.5809211701849344,0.42013695158691045,0.16182566943561127,0.1399882312114308
2021-10-17 06:50:00,0.26569037656903766,0.2350597609561753,-0.03588979895755784,-0.12015711480092839,0.6092447422491526,0.00022271714922048998,0.5,-0.2797374644914672,0.5757154310114461,0.5809211701849344,0.42013695158691045,0.16182566943561127,0.12176169711966445
2021-10-17 07:00:00,0.2733612273361227,0.22709163346613526,-0.03648548026805687,-0.12051419389394735,0.6092447422491526,0.00022271714922048998,0.5,-0.2945329950440645,0.5998126474467479,0.5968367231382641,0.3829008354073877,0.16431040853676082,0.13041477435611148
2021-10-17 07:10:00,0.28451882845188287,0.05976095617529875,-0.037676842889054374,-0.12372790573111947,0.6092447422491526,0.00033407572383073496,0.5,-0.2945329950440645,0.5998126474467479,0.5968367231382641,0.3829008354073877,0.16431040853676082,0.14115756597311285
2021-10-17 07:20:00,0.2873082287308229,0.25099601593625476,-0.04005956813105005,-0.12408498482413843,0.6092447422491526,0.00022271714922048998,0.5,-0.2945329950440645,0.5998126474467479,0.5968367231382641,0.3829008354073877,0.16431040853676082,0.1403503477827904
2021-10-17 07:30:00,0.25523012552301255,0.40239043824701204,-0.0424422933730455,-0.1283699339403679,0.6092447422491526,0.00022271714922048998,0.5,-0.2945329950440645,0.5998126474467479,0.5968367231382641,0.3829008354073877,0.16431040853676082,0.11523605473995505
2021-10-17 07:40:00,0.25871687587168757,0.20318725099601576,-0.0424422933730455,-0.1312265666845207,0.6092447422491526,0.00022271714922048998,0.5,-0.2945329950440645,0.5998126474467479,0.5968367231382641,0.3829008354073877,0.16431040853676082,0.113470736454577
2021-10-17 07:50:00,0.2635983263598326,0.01195219123505975,-0.0424422933730455,-0.1312265666845207,0.6092447422491526,0.00022271714922048998,0.5,-0.2945329950440645,0.5998126474467479,0.5968367231382641,0.3829008354073877,0.16431040853676082,0.11778595892994553
2021-10-17 08:00:00,0.2398884239888424,0.3067729083665336,-0.04482501861504107,-0.1312265666845207,0.6092447422491526,0.00022271714922048998,0.5,-0.29890571848725067,0.6001574680969064,0.608029210872485,0.3601929134137301,0.1436743414345983,0.0999668059809587
2021-10-17 08:10:00,0.21617852161785217,0.24302788844621515,-0.04542069992553999,-0.1312265666845207,0.6092447422491526,0.00033407572383073496,0.5,-0.29890571848725067,0.6001574680969064,0.608029210872485,0.3601929134137301,0.1436743414345983,0.0823060790319417
2021-10-17 08:20:00,0.19525801952580193,0.36254980079681287,-0.04542069992553999,-0.1312265666845207,0.6092447422491526,0.00033407572383073496,0.5,-0.29890571848725067,0.6001574680969064,0.608029210872485,0.3601929134137301,0.1436743414345983,0.07053729046275481
2021-10-17 08:30:00,0.19804741980474197,0.346613545816733,-0.04303797468354453,-0.13051240849848234,0.6092447422491526,0.00033407572383073496,0.5,-0.29890571848725067,0.6001574680969064,0.608029210872485,0.3601929134137301,0.1436743414345983,0.06898320684400319
2021-10-17 08:40:00,0.16875871687587168,0.49800796812749004,-0.041250930752047776,-0.12908409212640592,0.6092447422491526,0.00022271714922048998,0.5,-0.29890571848725067,0.6001574680969064,0.608029210872485,0.3601929134137301,0.1436743414345983,0.051511082275902655
2021-10-17 08:50:00,0.1387726638772664,0.5537848605577689,-0.03648548026805687,-0.12408498482413843,0.6092447422491526,0.00011135857461024499,0.5,-0.29890571848725067,0.6001574680969064,0.608029210872485,0.3601929134137301,0.1436743414345983,0.037071683992938725
2021-10-17 09:00:00,0.12482566248256625,0.29083665338645415,-0.034996276991809516,-0.12122835207998572,0.6092447422491526,0.00011135857461024499,0.5,-0.27680602810398036,0.6119215992781765,0.5850816879517833,0.2651484245900711,0.1304925772204281,0.027762270470902423
2021-10-17 09:10:00,0.10181311018131102,0.585657370517928,-0.030826507818317306,-0.1169434029637566,0.6092447422491526,0.00022271714922048998,0.5,-0.27680602810398036,0.6119215992781765,0.5850816879517833,0.2651484245900711,0.1304925772204281,0.009965749807625572
2021-10-17 09:20:00,0.07182705718270573,0.29083665338645415,-0.027550260610573418,-0.11765756114979464,0.6238499692452658,0.16247216035634746,0.5,-0.27680602810398036,0.6119215992781765,0.5850816879517833,0.2651484245900711,0.1304925772204281,0.0
2021-10-17 09:30:00,0.08577405857740586,0.6095617529880477,-0.0195085629188384,-0.12087127298696665,0.6257214275431547,0.9996659242761693,0.5,-0.27680602810398036,0.6119215992781765,0.5850816879517833,0.2651484245900711,0.1304925772204281,0.0
2021-10-17 09:40:00,0.099721059972106,0.47410358565737054,-0.00551005212211475,-0.08694875915015177,0.6257214275431547,0.9996659242761693,0.5,-0.27680602810398036,0.6119215992781765,0.5850816879517833,0.2651484245900711,0.1304925772204281,0.0
2021-10-17 09:50:00,0.09344490934449094,0.6175298804780875,0.0022338049143706407,-0.06909480449919658,0.6257214275431547,0.9996659242761693,0.5,-0.27680602810398036,0.6119215992781765,0.5850816879517833,0.2651484245900711,0.1304925772204281,0.0
2021-10-17 10:00:00,0.09414225941422595,0.17928286852589648,0.009977661950856032,-0.061596143545795345,0.6257214275431547,0.9996659242761693,0.5,0.02832260975918044,0.6231196498921012,0.32650756313092405,0.18492624560892182,0.17005910177658115,0.0
2021-10-17 10:10:00,0.10251046025104603,0.31792828685258945,0.018317200297840452,-0.05981074808069986,0.6257214275431547,0.9996659242761693,0.5,0.02832260975918044,0.6231196498921012,0.32650756313092405,0.18492624560892182,0.17005910177658115,0.0
2021-10-17 10:20:00,0.12831241283124128,0.45657370517928286,0.02784810126582271,-0.059453668987680564,0.6257214275431547,0.9996659242761693,0.5,0.02832260975918044,0.6231196498921012,0.32650756313092405,0.18492624560892182,0.17005910177658115,0.0
2021-10-17 10:30:00,0.14016736401673638,0.595219123505976,0.033507073715562274,-0.05302624531333677,0.6257214275431547,0.9996659242761693,0.5,0.02832260975918044,0.6231196498921012,0.32650756313092405,0.18492624560892182,0.17005910177658115,0.0
2021-10-17 10:40:00,0.11645746164574616,0.733864541832669,0.0394638868205508,-0.049455454383145914,0.6257214275431547,0.9996659242761693,0.5,0.02832260975918044,0.6231196498921012,0.32650756313092405,0.18492624560892182,0.17005910177658115,0.0
2021-10-17 10:50:00,0.11297071129707113,0.733864541832669,0.0507818317200297,-0.04338510980182109,0.6257214275431547,0.9996659242761693,0.5,0.02832260975918044,0.6231196498921012,0.32650756313092405,0.18492624560892182,0.17005910177658115,0.0
2021-10-17 11:00:00,0.1087866108786611,0.733864541832669,0.05852568875651509,-0.04017139796464908,0.6257214275431547,0.9996659242761693,0.5,0.027654914260880403,0.6107693236055621,0.30720125414095667,0.08556980084388653,0.2650634355097293,0.0
2021-10-17 11:10:00,0.09623430962343095,0.733864541832669,0.06865227103499616,-0.03445813247634355,0.6257214275431547,0.9996659242761693,0.5,0.027654914260880403,0.6107693236055621,0.30720125414095667,0.08556980084388653,0.2650634355097293,0.0
2021-10-17 11:20:00,0.11297071129707113,0.733864541832669,0.08116157855547268,-0.031244420639171433,0.6257214275431547,0.9996659242761693,0.5,0.027654914260880403,0.6107693236055621,0.30720125414095667,0.08556980084388653,0.2650634355097293,0.0
2021-10-17 11:30:00,0.07601115760111576,0.733864541832669,0.09039463886820531,-0.02624531333690394,0.6257214275431547,0.9996659242761693,0.5,0.027654914260880403,0.6107693236055621,0.30720125414095667,0.08556980084388653,0.2650634355097293,0.0
2021-10-17 11:40:00,0.0885634588563459,0.733864541832669,0.09992553983618757,-0.018746652383503037,0.6257214275431547,0.9996659242761693,0.5,0.027654914260880403,0.6107693236055621,0.30720125414095667,0.08556980084388653,0.2650634355097293,0.0
2021-10-17 11:50:00,0.0801952580195258,0.733864541832669,0.11392405063291133,-0.012319228709159136,0.6257214275431547,0.9996659242761693,0.5,0.027654914260880403,0.6107693236055621,0.30720125414095667,0.08556980084388653,0.2650634355097293,0.0
2021-10-17 12:00:00,0.058577405857740586,0.733864541832669,0.12107222635889792,-0.002321014104624264,0.6257214275431547,0.9996659242761693,0.5,0.03148204786635267,0.5973529268089453,0.2996553065306611,0.07570000646889902,0.6225000318864946,0.0
2021-10-17 12:10:00,0.06276150627615062,0.733864541832669,0.13030528667163077,0.006605963220853273,0.6257214275431547,0.9996659242761693,0.5,0.03148204786635267,0.5973529268089453,0.2996553065306611,0.07570000646889902,0.6225000318864946,0.0
2021-10-17 12:20:00,0.05788005578800558,0.733864541832669,0.14162323157110923,0.01624709873236929,0.6257214275431547,0.9996659242761693,0.5,0.03148204786635267,0.5973529268089453,0.2996553065306611,0.07570000646889902,0.6225000318864946,0.0
2021-10-17 12:30:00,0.03138075313807531,0.733864541832669,0.14966492926284403,0.025531155150865903,0.6257214275431547,0.9996659242761693,0.5,0.03148204786635267,0.5973529268089453,0.2996553065306611,0.07570000646889902,0.6225000318864946,0.0
2021-10-17 12:40:00,0.045327754532775454,0.733864541832669,0.16485480268056585,0.03624352794143926,0.6257214275431547,0.9996659242761693,0.5,0.03148204786635267,0.5973529268089453,0.2996553065306611,0.07570000646889902,0.6225000318864946,0.0
2021-10-17 12:50:00,0.07391910739191074,0.733864541832669,0.18123603871928506,0.04517050526691668,0.6257214275431547,0.9996659242761693,0.5,0.03148204786635267,0.5973529268089453,0.2996553065306611,0.07570000646889902,0.6225000318864946,0.0
2021-10-17 13:00:00,0.0599721059972106,0.733864541832669,0.19136262099776613,0.053740403499375144,0.6257214275431547,0.9996659242761693,0.5,0.18490135657020823,0.5900283614984759,0.22913219700269746,0.18567720247563357,0.7171601101286459,0.0
2021-10-17 13:10:00,0.039051603905160395,0.733864541832669,0.19702159344750547,0.06552401356900561,0.6257214275431547,0.9996659242761693,0.5,0.18490135657020823,0.5900283614984759,0.22913219700269746,0.18567720247563357,0.7171601101286459,0.0
2021-10-17 13:20:00,0.07531380753138076,0.733864541832669,0.21102010424422923,0.07373683270844489,0.6257214275431547,0.9996659242761693,0.5,0.18490135657020823,0.5900283614984759,0.22913219700269746,0.18567720247563357,0.7171601101286459,0.0
2021-10-17 13:30:00,0.09623430962343095,0.733864541832669,0.22650781831720024,0.08052133547580786,0.6257214275431547,0.9996659242761693,0.5,0.18490135657020823,0.5900283614984759,0.22913219700269746,0.18567720247563357,0.7171601101286459,0.0
2021-10-17 13:40:00,0.09344490934449094,0.733864541832669,0.2372300819061801,0.08659168005713269,0.6257214275431547,0.9996659242761693,0.5,0.18490135657020823,0.5900283614984759,0.22913219700269746,0.18567720247563357,0.7171601101286459,0.0
2021-10-17 13:50:00,0.10181311018131102,0.733864541832669,0.24527177959791513,0.09159078735940018,0.6257214275431547,0.9996659242761693,0.5,0.18490135657020823,0.5900283614984759,0.22913219700269746,0.18567720247563357,0.7171601101286459,0.0
2021-10-17 14:00:00,0.09553695955369597,0.733864541832669,0.25063291139240484,0.09516157828959115,0.6257214275431547,0.9996659242761693,0.5,0.2003646159741952,0.5656437945213746,0.21863553836463298,0.2970372176152451,0.7414023297748358,0.0
2021-10-17 14:10:00,0.12412831241283125,0.733864541832669,0.25093075204765447,0.10123192287091598,0.6257214275431547,0.9996659242761693,0.5,0.2003646159741952,0.5656437945213746,0.21863553836463298,0.2970372176152451,0.7414023297748358,0.0
2021-10-17 14:20:00,0.14853556485355648,0.733864541832669,0.257483246463142,0.10444563470808776,0.6257214275431547,0.9996659242761693,0.5,0.2003646159741952,0.5656437945213746,0.21863553836463298,0.2970372176152451,0.7414023297748358,0.0
2021-10-17 14:30:00,0.1324965132496513,0.733864541832669,0.255994043186895,0.10480271380110695,0.6257214275431547,0.9996659242761693,0.5,0.2003646159741952,0.5656437945213746,0.21863553836463298,0.2970372176152451,0.7414023297748358,0.0
2021-10-17 14:40:00,0.18131101813110181,0.6122177954847277,0.26612062546537585,0.10908766291733629,0.6182094201096701,0.9996659242761693,0.5,0.2003646159741952,0.5656437945213746,0.21863553836463298,0.2970372176152451,0.7414023297748358,0.0
2021-10-17 14:50:00,0.22036262203626222,0.43957503320053104,0.26105733432613554,0.11765756114979453,0.4803627749931293,0.9928730512249443,0.5,0.2003646159741952,0.5656437945213746,0.21863553836463298,0.2970372176152451,0.7414023297748358,0.0
2021-10-17 15:00:00,0.2733612273361227,0.2669322709163344,0.2685033507073715,0.13836814854490287,0.36958029603067616,0.04131403118040089,0.5,0.22066474041457207,0.5540693146976933,0.20465174495599994,0.3956441656045114,0.7470694139841312,0.0738114277954645
2021-10-17 15:10:00,0.28103207810320785,-0.043824701195219196,0.2747580044676097,0.13729691126584553,0.37713156482705373,0.14988864142538977,0.5,0.22066474041457207,0.5540693146976933,0.20465174495599994,0.3956441656045114,0.7470694139841312,0.07790032741373328
2021-10-17 15:20:00,0.3326359832635983,0.39043824701195207,0.2762472077438567,0.15265131226566697,0.37713156482705373,0.9992204899777284,0.5,0.22066474041457207,0.5540693146976933,0.20465174495599994,0.3956441656045114,0.7470694139841312,0.0
2021-10-17 15:30:00,0.31450488145048816,0.8247011952191232,0.2726731198808636,0.16264952687020195,0.37713156482705373,0.9992204899777284,0.5,0.22066474041457207,0.5540693146976933,0.20465174495599994,0.3956441656045114,0.7470694139841312,0.0
2021-10-17 15:40:00,0.3158995815899582,0.43426294820717115,0.2711839166046164,0.1662203178003927,0.37713156482705373,0.9992204899777284,0.5,0.22066474041457207,0.5540693146976933,0.20465174495599994,0.3956441656045114,0.7470694139841312,0.0
2021-10-17 15:50:00,0.33751743375174337,0.6015936254980081,0.26909903201787033,0.1697911087305839,0.37713156482705373,0.9992204899777284,0.5,0.22066474041457207,0.5540693146976933,0.20465174495599994,0.3956441656045114,0.7470694139841312,0.0
2021-10-17 16:00:00,0.33751743375174337,0.36254980079681287,0.2679076693968725,0.1647920014283164,0.37713156482705373,0.9992204899777284,0.5,0.27072696060299695,0.5417850790357669,0.17732418902050928,0.45482048524777385,0.7428343436983762,0.0
2021-10-17 16:10:00,0.38772663877266383,0.043824701195219085,0.27029039463886795,0.1647920014283164,0.37713156482705373,0.9992204899777284,0.5,0.27072696060299695,0.5417850790357669,0.17732418902050928,0.45482048524777385,0.7428343436983762,0.0
2021-10-17 16:20:00,0.3396094839609484,-0.11288180610889786,0.27058823529411735,0.16193536868416358,0.37713156482705373,0.9992204899777284,0.5,0.27072696060299695,0.5417850790357669,0.17732418902050928,0.45482048524777385,0.7428343436983762,0.0
2021-10-17 16:30:00,0.44072524407252445,-0.2695883134130147,0.27416232315711087,0.1601499732190681,0.37713156482705373,0.9992204899777284,0.5,0.27072696060299695,0.5417850790357669,0.17732418902050928,0.45482048524777385,0.7428343436983762,0.0
2021-10-17 16:40:00,0.40585774058577406,-0.42629482071713154,0.2759493670886075,0.1537225495447243,0.37707921634319663,0.9992204899777284,0.5,0.27072696060299695,0.5417850790357669,0.17732418902050928,0.45482048524777385,0.7428343436983762,0.0
2021-10-17 16:50:00,0.41283124128312415,0.12350597609561742,0.270886075949367,0.14622388859132296,0.37185745507845724,0.15256124721603564,0.5,0.27072696060299695,0.5417850790357669,0.17732418902050928,0.45482048524777385,0.7428343436983762,0.20077100653318647
2021-10-17 17:00:00,0.42329149232914925,-0.19521912350597614,0.27386448250186124,0.13729691126584553,0.38083522005993903,0.0006681514476614699,0.5,0.27570224096072904,0.541287962598455,0.17660337754200497,0.4791809499234395,0.7326525197548086,0.2989649501335305
2021-10-17 17:10:00,0.3849372384937238,-0.10756972111553798,0.27833209233060296,0.13801106945188346,0.36939707633717656,0.00033407572383073496,0.5,0.27570224096072904,0.541287962598455,0.17660337754200497,0.4791809499234395,0.7326525197548086,0.2590642304268449
2021-10-17 17:20:00,0.36262203626220363,0.01195219123505975,0.2842889054355917,0.14372433494018932,0.35960790985591073,0.00033407572383073496,0.5,0.27570224096072904,0.541287962598455,0.17660337754200497,0.4791809499234395,0.7326525197548086,0.23414608386016267
2021-10-17 17:30:00,0.401673640167364,0.05179282868525892,0.2667163067758749,0.1408677021960365,0.35684652733245215,0.00044543429844097997,0.5,0.27570224096072904,0.541287962598455,0.17660337754200497,0.4791809499234395,0.7326525197548086,0.31260467432140865
2021-10-17 17:40:00,0.41352859135285913,0.10756972111553775,0.23961280714817557,0.10908766291733629,0.36493436808836427,0.000556792873051225,0.5,0.27570224096072904,0.541287962598455,0.17660337754200497,0.4791809499234395,0.7326525197548086,0.3364440152692488
2021-10-17 17:50:00,0.41283124128312415,-0.17131474103585675,0.23097542814594174,0.09337618282449567,0.3665833453298609,0.0006681514476614699,0.5,0.27570224096072904,0.541287962598455,0.17660337754200497,0.4791809499234395,0.7326525197548086,0.3231513194622569
2021-10-17 18:00:00,0.4470013947001395,0.2111553784860556,0.22472077438570337,0.08873415461524736,0.3585216788158774,0.00044543429844097997,0.5,0.08177223642137355,0.5422965630001696,0.28842426730286774,0.5174294560953101,0.7189231820175194,0.3777781130708994
2021-10-17 18:10:00,0.4895397489539749,0.01195219123505975,0.21816827997021582,0.09016247098732366,0.3571213568727016,0.000779510022271715,0.5,0.08177223642137355,0.5422965630001696,0.28842426730286774,0.5174294560953101,0.7189231820175194,0.4585527407697995
2021-10-17 18:20:00,0.4818688981868898,-0.13147410358565736,0.21161578555472804,0.09016247098732366,0.3571213568727016,0.000779510022271715,0.5,0.08177223642137355,0.5422965630001696,0.28842426730286774,0.5174294560953101,0.7189231820175194,0.45450910572295067
2021-10-17 18:30:00,0.5432357043235705,0.09960159362549792,0.2056589724497393,0.09016247098732366,0.3571213568727016,0.0008908685968819599,0.5,0.08177223642137355,0.5422965630001696,0.28842426730286774,0.5174294560953101,0.7189231820175194,0.5782775321755662
2021-10-17 18:40:00,0.4693165969316597,0.14741035856573692,0.20089352196574817,0.09159078735940018,0.3619112431456204,0.0006681514476614699,0.5,0.08177223642137355,0.5422965630001696,0.28842426730286774,0.5174294560953101,0.7189231820175194,0.41719601068243883
2021-10-17 18:50:00,0.44421199442119946,0.05976095617529875,0.19493670886075942,0.09194786645241915,0.3565455235502742,0.00044543429844097997,0.5,0.08177223642137355,0.5422965630001696,0.28842426730286774,0.5174294560953101,0.7189231820175194,0.36272764307376615
2021-10-17 19:00:00,0.4302649930264993,-0.17131474103585675,0.18957557706626949,0.09016247098732366,0.3565455235502742,0.00044543429844097997,0.5,0.06640670156956285,0.5559169786814658,0.33001245187879563,0.4870776009045629,0.678450540274398,0.3503930473618299
2021-10-17 19:10:00,0.41143654114365413,-0.1394422310756973,0.18391660461653014,0.08730583824317106,0.3565455235502742,0.00044543429844097997,0.5,0.06640670156956285,0.5559169786814658,0.33001245187879563,0.4870776009045629,0.678450540274398,0.31542616593991885
2021-10-17 19:20:00,0.4337517433751743,-0.043824701195219196,0.17766195085629177,0.08087841456882705,0.3565455235502742,0.00033407572383073496,0.5,0.06640670156956285,0.5559169786814658,0.33001245187879563,0.4870776009045629,0.678450540274398,0.35298821612324033
2021-10-17 19:30:00,0.4302649930264993,0.3227091633466135,0.17230081906180184,0.07195143724334963,0.35790658413055715,0.00044543429844097997,0.5,0.06640670156956285,0.5559169786814658,0.33001245187879563,0.4870776009045629,0.678450540274398,0.33839793593554324
2021-10-17 19:40:00,0.35564853556485354,-0.42629482071713154,0.1678332092330601,0.0687377254061774,0.3673031369828951,0.00022271714922048998,0.5,0.06640670156956285,0.5559169786814658,0.33001245187879563,0.4870776009045629,0.678450540274398,0.22623987205214477
2021-10-17 19:50:00,0.3682008368200837,0.1872509960159361,0.16217423678332077,0.06552401356900561,0.36185889466176335,0.00033407572383073496,0.5,0.06640670156956285,0.5559169786814658,0.33001245187879563,0.4870776009045629,0.678450540274398,0.23660545890731324
2021-10-17 20:00:00,0.37099023709902373,-0.3705179282868527,0.1591958302308265,0.057311194429566115,0.3686511104422138,0.00022271714922048998,0.5,0.047458311139631615,0.5630461456235095,0.3539834915910189,0.4590778030491363,0.6791541238616046,0.24544713852467676
2021-10-17 20:10:00,0.33472803347280333,0.05179282868525892,0.15621742367833202,0.05195500803427966,0.36091662195233665,0.00022271714922048998,0.5,0.047458311139631615,0.5630461456235095,0.3539834915910189,0.4590778030491363,0.6791541238616046,0.19255548682046564
2021-10-17 20:20:00,0.31520223152022314,0.4501992031872508,0.14936708860759484,0.04088555615068734,0.3573830992919868,0.00022271714922048998,0.5,0.047458311139631615,0.5630461456235095,0.3539834915910189,0.4590778030491363,0.6791541238616046,0.16853508758694571
2021-10-17 20:30:00,0.2496513249651325,0.36254980079681287,0.14519731943410275,0.03302981610426703,0.36344243629843875,0.00033407572383073496,0.5,0.047458311139631615,0.5630461456235095,0.3539834915910189,0.4590778030491363,0.6791541238616046,0.11545483350181812
2021-10-17 20:40:00,0.20711297071129708,0.05976095617529875,0.1434102755026061,0.030887341546152358,0.3712423603931371,0.00033407572383073496,0.5,0.047458311139631615,0.5630461456235095,0.3539834915910189,0.4590778030491363,0.6791541238616046,0.08415438236492298
2021-10-17 20:50:00,0.18340306834030684,0.2589641434262948,0.14132539091585983,0.02945902517407606,0.3712423603931371,0.00022271714922048998,0.5,0.047458311139631615,0.5630461456235095,0.3539834915910189,0.4590778030491363,0.6791541238616046,0.06963199903435581
2021-10-17 21:00:00,0.25523012552301255,0.41035856573705165,0.13775130305286676,0.025531155150865903,0.3712423603931371,0.00033407572383073496,0.5,0.030130347208996655,0.5692098147451068,0.37933287401257776,0.38417504728023544,0.7054961980787864,0.11626959578737722
2021-10-17 21:10:00,0.3228730822873082,0.6653386454183265,0.1362620997766193,0.017318336011426627,0.37172658386881474,0.00022271714922048998,0.5,0.030130347208996655,0.5692098147451068,0.37933287401257776,0.38417504728023544,0.7054961980787864,0.16268841377853555
2021-10-17 21:20:00,0.3075313807531381,-0.03585657370517936,0.1362620997766193,0.011605070523120764,0.3850623601313947,0.00022271714922048998,0.5,0.030130347208996655,0.5692098147451068,0.37933287401257776,0.38417504728023544,0.7054961980787864,0.1533865443517359
2021-10-17 21:30:00,0.300557880055788,0.07569721115537842,0.13447505584512287,0.009819675058025501,0.3850623601313947,0.00022271714922048998,0.5,0.030130347208996655,0.5692098147451068,0.37933287401257776,0.38417504728023544,0.7054961980787864,0.1469287988291564
2021-10-17 21:40:00,0.2768479776847978,0.3227091633466135,0.1332836932241248,0.007320121406891644,0.3850623601313947,0.00033407572383073496,0.5,0.030130347208996655,0.5692098147451068,0.37933287401257776,0.38417504728023544,0.7054961980787864,0.11844983931077145
2021-10-17 21:50:00,0.27266387726638774,0.6653386454183265,0.1288160833953833,0.0008926977325478536,0.3850623601313947,0.00044543429844097997,0.5,0.030130347208996655,0.5692098147451068,0.37933287401257776,0.38417504728023544,0.7054961980787864,0.11143383074067928
2021-10-17 22:00:00,0.24407252440725244,-0.003984063745020028,0.12732688011913607,0.0008926977325478536,0.39788773867636856,0.00022271714922048998,0.5,-0.07960261795069956,0.5720287235601587,0.4660435527889787,0.30877324779649623,0.720877053809635,0.09180409493489446
2021-10-17 22:10:00,0.21617852161785217,0.09960159362549792,0.12732688011913607,0.0008926977325478536,0.3988430985067595,0.00033407572383073496,0.5,-0.07960261795069956,0.5720287235601587,0.4660435527889787,0.30877324779649623,0.720877053809635,0.0782926203660395
2021-10-17 22:20:00,0.12412831241283125,0.4183266932270917,0.12494415487714061,0.004463488662738824,0.3988430985067595,0.00022271714922048998,0.5,-0.07960261795069956,0.5720287235601587,0.4660435527889787,0.30877324779649623,0.720877053809635,0.03716975723101529
2021-10-17 22:30:00,0.11924686192468618,0.5378486055776892,0.12375279225614277,0.011962149616140172,0.39885618562772374,0.00033407572383073496,0.5,-0.07960261795069956,0.5720287235601587,0.4660435527889787,0.30877324779649623,0.720877053809635,0.03406158999351208
2021-10-17 22:40:00,0.13389121338912133,0.4661354581673305,0.11898734177215187,0.012319228709159136,0.4077816021253485,0.00033407572383073496,0.5,-0.07960261795069956,0.5720287235601587,0.4660435527889787,0.30877324779649623,0.720877053809635,0.0422469333252863
2021-10-17 22:50:00,0.11227336122733612,0.01195219123505975,0.11839166046165284,0.011605070523120764,0.4153459580426902,0.00033407572383073496,0.5,-0.07960261795069956,0.5720287235601587,0.4660435527889787,0.30877324779649623,0.720877053809635,0.026042216756944344
2021-10-17 23:00:00,0.11366806136680613,-0.3705179282868527,0.11571109456440776,0.011605070523120764,0.4153459580426902,0.00033407572383073496,0.5,-0.156723499219371,0.5626093727999731,0.5547629672830975,0.2544725650861968,0.7503505714497074,0.020059749234274334
2021-10-17 23:10:00,0.10739191073919108,-0.003984063745020028,0.11451973194341014,0.011605070523120764,0.4153459580426902,0.00033407572383073496,0.5,-0.156723499219371,0.5626093727999731,0.5547629672830975,0.2544725650861968,0.7503505714497074,0.011037011331231047
2021-10-17 23:20:00,0.09135285913528592,0.06772908366533859,0.10796723752792259,0.011605070523120764,0.4153459580426902,0.0006681514476614699,0.5,-0.156723499219371,0.5626093727999731,0.5547629672830975,0.2544725650861968,0.7503505714497074,0.0
2021-10-17 23:30:00,0.0899581589958159,0.9601593625498008,0.10260610573343243,0.003749330476700674,0.4153459580426902,0.8661469933184855,0.5,-0.156723499219371,0.5626093727999731,0.5547629672830975,0.2544725650861968,0.7503505714497074,0.0
2021-10-17 23:40:00,0.09693165969316596,0.5776892430278884,0.10647803425167512,0.023745759685770418,0.4153459580426902,0.9993318485523385,0.5,-0.156723499219371,0.5626093727999731,0.5547629672830975,0.2544725650861968,0.7503505714497074,0.0
2021-10-17 23:50:00,0.08647140864714087,0.4621513944223108,0.10528667163067751,0.036957686127477185,0.4153459580426902,0.9993318485523385,0.5,-0.156723499219371,0.5626093727999731,0.5547629672830975,0.2544725650861968,0.7503505714497074,0.0
2021-10-18 00:00:00,0.09553695955369597,0.346613545816733,0.1046909903201787,0.038386002499553706,0.4153459580426902,0.9993318485523385,0.5,-0.16007021492397333,0.562359377828609,0.5724804221185644,0.22008154685846798,0.854942187194726,0.0
2021-10-18 00:10:00,0.11506276150627615,0.35168417240130356,0.09992553983618757,0.031958578825209694,0.4153459580426902,0.9993318485523385,0.5,-0.16007021492397333,0.562359377828609,0.5724804221185644,0.22008154685846798,0.854942187194726,0.0
2021-10-18 00:20:00,0.12412831241283125,0.3567547989858746,0.09843633655994011,0.025531155150865903,0.4153459580426902,0.9993318485523385,0.5,-0.16007021492397333,0.562359377828609,0.5724804221185644,0.22008154685846798,0.854942187194726,0.0
2021-10-18 00:30:00,0.11785216178521618,0.3618254255704454,0.09456440804169763,0.019817889662560484,0.4153459580426902,0.9993318485523385,0.5,-0.16007021492397333,0.562359377828609,0.5724804221185644,0.22008154685846798,0.854942187194726,0.0
2021-10-18 00:40:00,0.11854951185495119,0.3668960521550164,0.09456440804169763,0.014461703267273585,0.4153459580426902,0.9993318485523385,0.5,-0.16007021492397333,0.562359377828609,0.5724804221185644,0.22008154685846798,0.854942187194726,0.0
2021-10-18 00:50:00,0.12343096234309624,0.371966678739587,0.09456440804169763,0.011605070523120764,0.4153459580426902,0.9993318485523385,0.5,-0.16007021492397333,0.562359377828609,0.5724804221185644,0.22008154685846798,0.854942187194726,0.0
2021-10-18 01:00:00,0.1324965132496513,0.3770373053241578,0.09456440804169763,0.008748437778968166,0.4153459580426902,0.9993318485523385,0.5,-0.20072743088155887,0.5606783771590805,0.5984012289810346,0.2210971915427004,0.9636522734544402,0.0
2021-10-18 01:10:00,0.11785216178521618,0.3821079319087286,0.09456440804169763,0.0048205677557580096,0.4153459580426902,0.9993318485523385,0.5,-0.20072743088155887,0.5606783771590805,0.5984012289810346,0.2210971915427004,0.9636522734544402,0.0
2021-10-18 01:20:00,0.0801952580195258,0.3871785584932992,0.09456440804169763,0.0008926977325478536,0.4153459580426902,0.9993318485523385,0.5,-0.20072743088155887,0.5606783771590805,0.5984012289810346,0.2210971915427004,0.9636522734544402,0.0
2021-10-18 01:30:00,0.06903765690376569,0.3922491850778702,0.09188384214445255,0.001963935011605189,0.4153459580426902,0.9993318485523385,0.5,-0.20072743088155887,0.5606783771590805,0.5984012289810346,0.2210971915427004,0.9636522734544402,0.0
2021-10-18 01:40:00,0.06276150627615062,0.397319811662441,0.0895011169024571,0.0008926977325478536,0.4153459580426902,0.9993318485523385,0.5,-0.20072743088155887,0.5606783771590805,0.5984012289810346,0.2210971915427004,0.9636522734544402,0.0
2021-10-18 01:50:00,0.04741980474198048,0.40239043824701204,0.0856291883842144,0.0008926977325478536,0.4153459580426902,0.9993318485523385,0.5,-0.20072743088155887,0.5606783771590805,0.5984012289810346,0.2210971915427004,0.9636522734544402,0.0
2021-10-18 02:00:00,0.061366806136680614,-0.21912350597609564,0.0856291883842144,0.0008926977325478536,0.4153459580426902,0.9993318485523385,0.5,-0.19470172832374377,0.5555635375150495,0.5922857446848714,0.22753926647570058,0.032719817465751956,0.0
2021-10-18 02:10:00,0.07043235704323571,-0.14581673306772924,0.08741623231571105,-0.0001785395465094819,0.4153459580426902,0.9993318485523385,0.5,-0.19470172832374377,0.5555635375150495,0.5922857446848714,0.22753926647570058,0.032719817465751956,0.0
2021-10-18 02:20:00,0.06903765690376569,-0.07250996015936251,0.08979895755770673,-0.0026780931976432276,0.4153459580426902,0.9993318485523385,0.5,-0.19470172832374377,0.5555635375150495,0.5922857446848714,0.22753926647570058,0.032719817465751956,0.0
2021-10-18 02:30:00,0.08716875871687588,0.0007968127490038945,0.08592702903946359,-0.006248884127834309,0.4153459580426902,0.9993318485523385,0.5,-0.19470172832374377,0.5555635375150495,0.5922857446848714,0.22753926647570058,0.032719817465751956,0.0
2021-10-18 02:40:00,0.07322175732217574,0.07410358565737041,0.08294862248696933,-0.010176754151044465,0.4153459580426902,0.9993318485523385,0.5,-0.19470172832374377,0.5555635375150495,0.5922857446848714,0.22753926647570058,0.032719817465751956,0.0
2021-10-18 02:50:00,0.060669456066945605,0.14741035856573692,0.08026805658972425,-0.01624709873236929,0.4153459580426902,0.9993318485523385,0.5,-0.19470172832374377,0.5555635375150495,0.5922857446848714,0.22753926647570058,0.032719817465751956,0.0
2021-10-18 03:00:00,0.07252440725244073,0.22071713147410343,0.07669396872673095,-0.017318336011426405,0.4153459580426902,0.9993318485523385,0.5,-0.21737956116006052,0.5556152606125756,0.6348884422495457,0.22833739829311844,0.07996082198564648,0.0
2021-10-18 03:10:00,0.058577405857740586,0.29402390438246995,0.07758749069247939,-0.02053204784859841,0.4153459580426902,0.9993318485523385,0.5,-0.21737956116006052,0.5556152606125756,0.6348884422495457,0.22833739829311844,0.07996082198564648,0.0
2021-10-18 03:20:00,0.05299860529986053,0.3673306772908367,0.07669396872673095,-0.021246206034636783,0.4153459580426902,0.9993318485523385,0.5,-0.21737956116006052,0.5556152606125756,0.6348884422495457,0.22833739829311844,0.07996082198564648,0.0
2021-10-18 03:30:00,0.04602510460251046,0.440637450199203,0.07103499627699161,-0.027316550615961277,0.4153459580426902,0.9993318485523385,0.5,-0.21737956116006052,0.5556152606125756,0.6348884422495457,0.22833739829311844,0.07996082198564648,0.0
2021-10-18 03:40:00,0.045327754532775454,0.5139442231075697,0.06150409530900958,-0.030530262453133394,0.4153459580426902,0.9993318485523385,0.5,-0.21737956116006052,0.5556152606125756,0.6348884422495457,0.22833739829311844,0.07996082198564648,0.0
2021-10-18 03:50:00,0.04602510460251046,0.43426294820717115,0.0588235294117645,-0.033386895197286104,0.4153459580426902,0.9993318485523385,0.5,-0.21737956116006052,0.5556152606125756,0.6348884422495457,0.22833739829311844,0.07996082198564648,0.0
2021-10-18 04:00:00,0.03626220362622037,0.3545816733067728,0.0588235294117645,-0.038386002499553595,0.4153459580426902,0.9993318485523385,0.5,-0.283426149422508,0.5516124675653071,0.7217264424060343,0.261583280303659,0.10904664053113473,0.0
2021-10-18 04:10:00,0.03207810320781032,0.2749003984063745,0.05703648548026785,-0.03910016068559197,0.4153459580426902,0.9993318485523385,0.5,-0.283426149422508,0.5516124675653071,0.7217264424060343,0.261583280303659,0.10904664053113473,0.0
2021-10-18 04:20:00,0.03347280334728033,0.19521912350597592,0.052271034996276944,-0.041956793429744677,0.4153459580426902,0.9993318485523385,0.5,-0.283426149422508,0.5516124675653071,0.7217264424060343,0.261583280303659,0.10904664053113473,0.0
2021-10-18 04:30:00,0.02580195258019526,0.11553784860557759,0.04720774385703619,-0.04731297982503124,0.4153459580426902,0.9993318485523385,0.5,-0.283426149422508,0.5516124675653071,0.7217264424060343,0.261583280303659,0.10904664053113473,0.0
2021-10-18 04:40:00,0.07043235704323571,0.03585657370517925,0.03827252419955318,-0.04909837529012662,0.4153459580426902,0.9993318485523385,0.5,-0.283426149422508,0.5516124675653071,0.7217264424060343,0.261583280303659,0.10904664053113473,0.0
2021-10-18 04:50:00,0.08577405857740586,-0.043824701195219196,0.034996276991809294,-0.05552579896447052,0.4153459580426902,0.9993318485523385,0.5,-0.283426149422508,0.5516124675653071,0.7217264424060343,0.261583280303659,0.10904664053113473,0.0
2021-10-18 05:00:00,0.0794979079497908,-0.12350597609561753,0.034996276991809294,-0.06266738082485268,0.4153459580426902,0.9993318485523385,0.5,-0.2922367348926348,0.5393425994304716,0.7379353164272353,0.3251103274053739,0.12072281673496194,0.0
2021-10-18 05:10:00,0.06276150627615062,-0.20318725099601598,0.034996276991809294,-0.06373861810391002,0.4153459580426902,0.9993318485523385,0.5,-0.2922367348926348,0.5393425994304716,0.7379353164272353,0.3251103274053739,0.12072281673496194,0.0
2021-10-18 05:20:00,0.08228730822873082,-0.2828685258964144,0.034996276991809294,-0.07016604177825392,0.4153459580426902,0.9993318485523385,0.5,-0.2922367348926348,0.5393425994304716,0.7379353164272353,0.3251103274053739,0.12072281673496194,0.0
2021-10-18 05:30:00,0.11087866108786612,-0.36254980079681276,0.04095309009679826,-0.07552222817354037,0.4153459580426902,0.9993318485523385,0.5,-0.2922367348926348,0.5393425994304716,0.7379353164272353,0.3251103274053739,0.12072281673496194,0.0
2021-10-18 05:40:00,0.12622036262203626,-0.4422310756972112,0.04184661206254625,-0.08016425638278879,0.4153459580426902,0.9993318485523385,0.5,-0.2922367348926348,0.5393425994304716,0.7379353164272353,0.3251103274053739,0.12072281673496194,0.0
2021-10-18 05:50:00,0.17852161785216178,-0.5219123505976095,0.04095309009679826,-0.08373504731297987,0.41535904516365446,0.9993318485523385,0.5,-0.2922367348926348,0.5393425994304716,0.7379353164272353,0.3251103274053739,0.12072281673496194,0.0
2021-10-18 06:00:00,0.22663877266387727,-0.601593625498008,0.04005956813104983,-0.08552044277807536,0.5429977359280731,0.8909799554565703,0.5,-0.32080182161233517,0.5406644119227507,0.7252701362757255,0.3809293057982497,0.123173530144669,0.0
2021-10-18 06:10:00,0.18340306834030684,-0.6812749003984064,0.0397617274758002,-0.0590965898946616,0.6290455562680766,0.005456570155902005,0.5,-0.32080182161233517,0.5406644119227507,0.7252701362757255,0.3809293057982497,0.123173530144669,0.05966624922673024
2021-10-18 06:20:00,0.17573221757322177,0.15537848605577675,0.053760238272523964,-0.03588644884841985,0.6281818062844354,0.00033407572383073496,0.5,-0.32080182161233517,0.5406644119227507,0.7252701362757255,0.3809293057982497,0.123173530144669,0.048282209514612914
2021-10-18 06:30:00,0.1415620641562064,0.36254980079681287,0.06061057334326114,-0.006605963220853384,0.6281818062844354,0.00033407572383073496,0.5,-0.32080182161233517,0.5406644119227507,0.7252701362757255,0.3809293057982497,0.123173530144669,0.027935784661345567
2021-10-18 06:40:00,0.14086471408647142,-0.08366533864541836,0.06746090841399854,0.021960364220674933,0.6238499692452658,0.00033407572383073496,0.5,-0.32080182161233517,0.5406644119227507,0.7252701362757255,0.3809293057982497,0.123173530144669,0.0423902711347828
2021-10-18 06:50:00,0.17433751743375175,0.6573705179282865,0.07550260610573334,0.04267095161578305,0.6117051209904333,0.00033407572383073496,0.5,-0.32080182161233517,0.5406644119227507,0.7252701362757255,0.3809293057982497,0.123173530144669,0.046630052657784755
2021-10-18 07:00:00,0.18340306834030684,0.689243027888446,0.08413998510796716,0.058025352615604486,0.6117051209904333,0.00033407572383073496,0.5,-0.32230824725178886,0.5547560824925938,0.7082705761939201,0.41281597423288785,0.15161288278250223,0.04957224980008147
2021-10-18 07:10:00,0.1394700139470014,-0.26693227091633476,0.08890543559195829,0.07409391180146407,0.627200272212116,0.00033407572383073496,0.5,-0.32230824725178886,0.5547560824925938,0.7082705761939201,0.41281597423288785,0.15161288278250223,0.05639965598925721
2021-10-18 07:20:00,0.13389121338912133,-0.7848605577689244,0.09247952345495158,0.09016247098732366,0.6259046472366544,0.00022271714922048998,0.5,-0.32230824725178886,0.5547560824925938,0.7082705761939201,0.41281597423288785,0.15161288278250223,0.05585648113221782
2021-10-18 07:30:00,0.14365411436541145,-0.601593625498008,0.09456440804169763,0.10694518835922162,0.6076612006124773,0.00033407572383073496,0.5,-0.32230824725178886,0.5547560824925938,0.7082705761939201,0.41281597423288785,0.15161288278250223,0.0639588394163888
2021-10-18 07:40:00,0.20641562064156208,0.1872509960159361,0.10022338049143698,0.11408677021960378,0.5952938713012524,0.00033407572383073496,0.5,-0.32230824725178886,0.5547560824925938,0.7082705761939201,0.41281597423288785,0.15161288278250223,0.08687780074535661
2021-10-18 07:50:00,0.21548117154811713,-0.3067729083665339,0.10141474311243459,0.10694518835922162,0.5952938713012524,0.00033407572383073496,0.5,-0.32230824725178886,0.5547560824925938,0.7082705761939201,0.41281597423288785,0.15161288278250223,0.09276219502995006
2021-10-18 08:00:00,0.21199442119944212,-0.4183266932270917,0.10588235294117632,0.10444563470808776,0.5952938713012524,0.00033407572383073496,0.5,-0.3130986921253023,0.5492217110575379,0.6656120804148649,0.4624000297904117,0.16210895344174173,0.08992561522096655
2021-10-18 08:10:00,0.22175732217573224,-0.4581673306772909,0.10766939687267296,0.10444563470808776,0.5952938713012524,0.00033407572383073496,0.5,-0.3130986921253023,0.5492217110575379,0.6656120804148649,0.4624000297904117,0.16210895344174173,0.09388626522021215
2021-10-18 08:20:00,0.22873082287308227,-0.5856573705179284,0.10826507818317177,0.10444563470808776,0.5952938713012524,0.00033407572383073496,0.5,-0.3130986921253023,0.5492217110575379,0.6656120804148649,0.4624000297904117,0.16210895344174173,0.09770357740996122
2021-10-18 08:30:00,0.2377963737796374,-0.3067729083665339,0.09784065524944152,0.09409034101053382,0.5952938713012524,0.00033407572383073496,0.5,-0.3130986921253023,0.5492217110575379,0.6656120804148649,0.4624000297904117,0.16210895344174173,0.09908414683826969
2021-10-18 08:40:00,0.2189679218967922,-0.33067729083665354,0.06388682055100503,0.022674522406713082,0.5952938713012524,0.00033407572383073496,0.5,-0.3130986921253023,0.5492217110575379,0.6656120804148649,0.4624000297904117,0.16210895344174173,0.0828492538889811
2021-10-18 08:50:00,0.22315202231520226,-0.5139442231075697,0.05733432613551748,-0.01696125691840733,0.5952938713012524,0.00033407572383073496,0.5,-0.3130986921253023,0.5492217110575379,0.6656120804148649,0.4624000297904117,0.16210895344174173,0.09309413522036303
2021-10-18 09:00:00,0.24755927475592746,-0.4900398406374503,0.055845122859270235,-0.03445813247634355,0.5952938713012524,0.00033407572383073496,0.5,-0.27643147290911985,0.5479257601140197,0.5630307408848861,0.5006178876137016,0.17217071144022889,0.11012115816950073
2021-10-18 09:10:00,0.2894002789400279,-0.14741035856573714,0.06150409530900958,-0.04231387252276375,0.5952938713012524,0.00022271714922048998,0.5,-0.27643147290911985,0.5479257601140197,0.5630307408848861,0.5006178876137016,0.17217071144022889,0.12974334988004887
2021-10-18 09:20:00,0.29497907949790797,-0.6175298804780878,0.069843633655994,-0.041242635243706416,0.5952938713012524,0.7350779510022273,0.5,-0.27643147290911985,0.5479257601140197,0.5630307408848861,0.5006178876137016,0.17217071144022889,0.031496597613048266
2021-10-18 09:30:00,0.298465829846583,-0.11553784860557781,0.09635145197319428,-0.010176754151044465,0.5952938713012524,0.9995545657015591,0.5,-0.27643147290911985,0.5479257601140197,0.5630307408848861,0.5006178876137016,0.17217071144022889,0.0
2021-10-18 09:40:00,0.3723849372384937,-0.0916334661354582,0.10737155621742356,0.0069630423138726805,0.5952938713012524,0.562249443207127,0.5,-0.27643147290911985,0.5479257601140197,0.5630307408848861,0.5006178876137016,0.17217071144022889,0.06822879732033738
2021-10-18 09:50:00,0.34658298465829845,-0.21912350597609564,0.12166790766939672,0.023031601499732268,0.5952938713012524,0.008017817371937639,0.5,-0.27643147290911985,0.5479257601140197,0.5630307408848861,0.5006178876137016,0.17217071144022889,0.22027249271994812
2021-10-18 10:00:00,0.3326359832635983,-0.02788844621513953,0.11213700670141469,0.004463488662738824,0.5952938713012524,0.002561247216035635,0.5,0.06335312616840039,0.5596554092302751,0.2709222696633859,0.495661136526324,0.189663208789993,0.19773073615281322
2021-10-18 10:10:00,0.31659693165969316,0.07569721115537842,0.10826507818317177,-0.019103731476522,0.5952938713012524,0.0010022271714922048,0.5,0.06335312616840039,0.5596554092302751,0.2709222696633859,0.495661136526324,0.189663208789993,0.1690405419678018
2021-10-18 10:20:00,0.303347280334728,0.19521912350597592,0.11898734177215187,-0.024816996964827642,0.6024656135896664,0.00044543429844097997,0.5,0.06335312616840039,0.5596554092302751,0.2709222696633859,0.495661136526324,0.189663208789993,0.16107397739789067
2021-10-18 10:30:00,0.3417015341701534,0.19521912350597592,0.12970960536113174,-0.017318336011426405,0.61608930651346,0.00155902004454343,0.5,0.06335312616840039,0.5596554092302751,0.2709222696633859,0.495661136526324,0.189663208789993,0.21078956500746868
2021-10-18 10:40:00,0.4198047419804742,0.2350597609561753,0.13834698436336557,-0.006963042313872458,0.6275667115991153,0.04298440979955456,0.5,0.06335312616840039,0.5596554092302751,0.2709222696633859,0.495661136526324,0.189663208789993,0.24697858985771837
2021-10-18 10:50:00,0.4804741980474198,-0.21115537848605592,0.14489947877885312,0.0026780931976433386,0.6352619387260996,0.028507795100222718,0.5,0.06335312616840039,0.5596554092302751,0.2709222696633859,0.495661136526324,0.189663208789993,0.3858276626884138
2021-10-18 11:00:00,0.5299860529986052,0.01195219123505975,0.15413253909158597,0.013033386895197285,0.6366229993063827,0.10033407572383074,0.5,0.11243820089432965,0.5587358874965178,0.22693615682443233,0.5953367173918672,0.2242796205919692,0.2279372934803929
2021-10-18 11:10:00,0.5634588563458857,0.003984063745019917,0.15860014892032748,0.019460810569541076,0.6346468440407795,0.11280623608017819,0.5,0.11243820089432965,0.5587358874965178,0.22693615682443233,0.5953367173918672,0.2242796205919692,0.2376465440499721
2021-10-18 11:20:00,0.5195258019525802,-0.019920318725099695,0.163663440059568,0.02231744331369412,0.6367146091531324,0.08552338530066815,0.5,0.11243820089432965,0.5587358874965178,0.22693615682443233,0.5953367173918672,0.2242796205919692,0.2657407547112875
2021-10-18 11:30:00,0.5446304044630405,0.13147410358565725,0.16872673119880832,0.029101946081057095,0.6336914842103886,0.09721603563474389,0.5,0.11243820089432965,0.5587358874965178,0.22693615682443233,0.5953367173918672,0.2242796205919692,0.25818911537939254
2021-10-18 11:40:00,0.5585774058577406,-0.1872509960159363,0.1720029784065522,0.034101053383324365,0.638010234128594,0.11091314031180402,0.5,0.11243820089432965,0.5587358874965178,0.22693615682443233,0.5953367173918672,0.2242796205919692,0.22598337281409842
2021-10-18 11:50:00,0.6004184100418409,-0.01195219123505975,0.17766195085629177,0.04017139796464919,0.6331287380089253,0.14966592427616926,0.5,0.11243820089432965,0.5587358874965178,0.22693615682443233,0.5953367173918672,0.2242796205919692,0.17026268539614045
2021-10-18 12:00:00,0.5543933054393305,0.03585657370517925,0.18451228592702873,0.04052847705766838,0.6361126015887766,0.11881959910913141,0.5,0.13029544500192292,0.5421500142238533,0.21086817329454344,0.6726006888374195,0.2530665784664962,0.19929236386680146
2021-10-18 12:10:00,0.5857740585774059,0.043824701195219085,0.1898734177215189,0.04838421710408847,0.6306029236628234,0.13574610244988863,0.5,0.13029544500192292,0.5421500142238533,0.21086817329454344,0.6726006888374195,0.2530665784664962,0.19294777977277186
2021-10-18 12:20:00,0.5746164574616458,-0.1872509960159363,0.19463886820551002,0.05409748259239433,0.6370025258143461,0.1408685968819599,0.5,0.13029544500192292,0.5421500142238533,0.21086817329454344,0.6726006888374195,0.2530665784664962,0.16943283492010805
2021-10-18 12:30:00,0.6115760111576011,0.1633466135458166,0.19642591213700666,0.055882878057489815,0.6398686053055189,0.15501113585746104,0.5,0.13029544500192292,0.5421500142238533,0.21086817329454344,0.6726006888374195,0.2530665784664962,0.1692744089201382
2021-10-18 12:40:00,0.6241283124128312,-0.19521912350597614,0.20178704393149638,0.06766648812712006,0.6344767114682441,0.1544543429844098,0.5,0.13029544500192292,0.5421500142238533,0.21086817329454344,0.6726006888374195,0.2530665784664962,0.16924423253919157
2021-10-18 12:50:00,0.599023709902371,0.12350597609561742,0.2014892032762472,0.06338153901089094,0.636439779612883,0.14810690423162584,0.5,0.13029544500192292,0.5421500142238533,0.21086817329454344,0.6726006888374195,0.2530665784664962,0.16928195301537485
2021-10-18 13:00:00,0.6115760111576011,-0.02788844621513953,0.20387192851824265,0.060167827173718935,0.6439779612882962,0.15378619153674833,0.5,0.25528811566050935,0.5306358780139475,0.1566744112051945,0.7027976930209429,0.2703651384614494,0.16922914434871825
2021-10-18 13:10:00,0.6143654114365412,-0.07569721115537853,0.21131794489947864,0.06766648812712006,0.630328094122574,0.15189309576837418,0.5,0.25528811566050935,0.5306358780139475,0.1566744112051945,0.7027976930209429,0.2703651384614494,0.16918387977729832
2021-10-18 13:20:00,0.6317991631799164,0.1872509960159361,0.21667907669396835,0.07516514908052141,0.6429964272159768,0.16391982182628065,0.5,0.25528811566050935,0.5306358780139475,0.1566744112051945,0.7027976930209429,0.2703651384614494,0.17062480196750004
2021-10-18 13:30:00,0.5871687587168759,-0.059760956175298974,0.21935964259121343,0.07159435815033022,0.6480873172710736,0.14020044543429844,0.5,0.25528811566050935,0.5306358780139475,0.1566744112051945,0.7027976930209429,0.2703651384614494,0.1869577681548652
2021-10-18 13:40:00,0.6164574616457461,-0.05179282868525903,0.2217423678332091,0.07016604177825392,0.6512020520605672,0.12338530066815145,0.5,0.25528811566050935,0.5306358780139475,0.1566744112051945,0.7027976930209429,0.2703651384614494,0.2687734809964241
2021-10-18 13:50:00,0.6178521617852162,-0.02788844621513953,0.2253164556962024,0.07516514908052141,0.6378793629189514,0.11180400890868596,0.5,0.25528811566050935,0.5306358780139475,0.1566744112051945,0.7027976930209429,0.2703651384614494,0.2838692155649773
2021-10-18 14:00:00,0.6338912133891214,-0.1394422310756973,0.22769918093819785,0.0830208891269415,0.6458101582232925,0.1269487750556793,0.5,0.24607042238018972,0.5041019289841875,0.16138327324246088,0.7158857945375716,0.27484712432394365,0.256921707379634
2021-10-18 14:10:00,0.6513249651324965,0.12350597609561742,0.23365599404318682,0.0830208891269415,0.646084987763542,0.10356347438752785,0.5,0.24607042238018972,0.5041019289841875,0.16138327324246088,0.7158857945375716,0.27484712432394365,0.37059613440560074
2021-10-18 14:20:00,0.6234309623430963,-0.13147410358565736,0.23514519731943406,0.09051955008034285,0.6410726204342307,0.06069042316258352,0.5,0.24607042238018972,0.5041019289841875,0.16138327324246088,0.7158857945375716,0.27484712432394365,0.49975104485719035
2021-10-18 14:30:00,0.6443514644351465,-0.12350597609561753,0.23633655994043168,0.10158900196393517,0.6294119956550759,0.07494432071269488,0.5,0.24607042238018972,0.5041019289841875,0.16138327324246088,0.7158857945375716,0.27484712432394365,0.4957149539055781
2021-10-18 14:40:00,0.598326359832636,0.019920318725099362,0.2411020104244228,0.10658810926620266,0.6284958971875777,0.05801781737193764,0.5,0.24607042238018972,0.5041019289841875,0.16138327324246088,0.7158857945375716,0.27484712432394365,0.4905925132398871
2021-10-18 14:50:00,0.6206415620641562,-0.059760956175298974,0.240506329113924,0.11658632387073742,0.6440564840140818,0.04766146993318486,0.5,0.24607042238018972,0.5041019289841875,0.16138327324246088,0.7158857945375716,0.27484712432394365,0.5540534423706565
2021-10-18 15:00:00,0.6652719665271966,0.05179282868525892,0.23931496649292616,0.12265666845206202,0.6290455562680766,0.046325167037861915,0.5,0.24589128293659268,0.48433795871922186,0.16138238554359574,0.7197000583653227,0.2725998878890827,0.687116194154835
2021-10-18 15:10:00,0.596931659693166,-0.02788844621513953,0.23752792256142952,0.12908409212640604,0.6277499312926149,0.025389755011135856,0.5,0.24589128293659268,0.48433795871922186,0.16138238554359574,0.7197000583653227,0.2725998878890827,0.6353561567361227
2021-10-18 15:20:00,0.6478382147838214,-0.003984063745020028,0.24199553239017124,0.13836814854490287,0.6305244009370378,0.015924276169265034,0.5,0.24589128293659268,0.48433795871922186,0.16138238554359574,0.7197000583653227,0.2725998878890827,0.7767098691853885
2021-10-18 15:30:00,0.5557880055788006,0.03585657370517925,0.2446760982874161,0.14729512587038052,0.6254204237609768,0.0022271714922049,0.5,0.24589128293659268,0.48433795871922186,0.16138238554359574,0.7197000583653227,0.2725998878890827,0.6099476439790577
2021-10-18 15:40:00,0.5697350069735007,-0.12350597609561753,0.24676098287416215,0.1587216568469918,0.6282865032521496,0.0014476614699331849,0.5,0.24589128293659268,0.48433795871922186,0.16138238554359574,0.7197000583653227,0.2725998878890827,0.6442280127344329
2021-10-18 15:50:00,0.592747559274756,0.11553784860557759,0.2491437081161576,0.16550615961435455,0.6286398555181846,0.0026726057906458797,0.5,0.24589128293659268,0.48433795871922186,0.16138238554359574,0.7197000583653227,0.2725998878890827,0.6824011346319235
2021-10-18 16:00:00,0.5941422594142259,-0.12350597609561753,0.2512285927029039,0.17264774147473672,0.6313096281948933,0.00155902004454343,0.5,0.2677955242155101,0.4723008445232432,0.1517907993056166,0.7396920032669,0.2652375928315504,0.6836006457745523
2021-10-18 16:10:00,0.5711297071129707,-0.2270916334661356,0.2533134772896499,0.17764684877700399,0.6182486814725628,0.00155902004454343,0.5,0.2677955242155101,0.4723008445232432,0.1517907993056166,0.7396920032669,0.2652375928315504,0.6542842916848982
2021-10-18 16:20:00,0.604602510460251,-0.08366533864541836,0.25897244973938927,0.18693090519550082,0.6175027155776002,0.004677060133630289,0.5,0.2677955242155101,0.4723008445232432,0.1517907993056166,0.7396920032669,0.2652375928315504,0.7226036181480755
2021-10-18 16:30:00,0.598326359832636,-0.15537848605577698,0.2667163067758749,0.19550080342795928,0.6165342686262449,0.0016703786191536749,0.5,0.2677955242155101,0.4723008445232432,0.1517907993056166,0.7396920032669,0.2652375928315504,0.7032605579612837
2021-10-18 16:40:00,0.6004184100418409,-0.20318725099601598,0.26284437825763196,0.19942867345116966,0.6209577155121645,0.006570155902004454,0.5,0.2677955242155101,0.4723008445232432,0.1517907993056166,0.7396920032669,0.2652375928315504,0.7353455950027914
2021-10-18 16:50:00,0.698744769874477,0.01195219123505975,0.2613551749813847,0.20014283163720759,0.6120192118935754,0.0027839643652561247,0.5,0.2677955242155101,0.4723008445232432,0.1517907993056166,0.7396920032669,0.2652375928315504,0.944588620486745
2021-10-18 17:00:00,0.6255230125523014,-0.06772908366533881,0.2598659717051375,0.20085698982324596,0.6166782269568518,0.009799554565701559,0.5,0.25935138913950007,0.47172039642880714,0.153716725400628,0.7461580815525495,0.26389754450194186,0.7901383587066403
2021-10-18 17:10:00,0.7398884239888424,-0.019920318725099695,0.2604616530156365,0.20442778075343693,0.6183533784402769,0.01247216035634744,0.5,0.25935138913950007,0.47172039642880714,0.153716725400628,0.7461580815525495,0.26389754450194186,0.8256144665570259
2021-10-18 17:20:00,0.6875871687587168,-0.003984063745020028,0.2556962025316454,0.20585609712551345,0.6175027155776002,0.019042316258351892,0.5,0.25935138913950007,0.47172039642880714,0.153716725400628,0.7461580815525495,0.26389754450194186,0.8610905744074114
2021-10-18 17:30:00,0.603905160390516,0.13147410358565725,0.255398361876396,0.2112122835207999,0.6106581513132926,0.01180400890868597,0.5,0.25935138913950007,0.47172039642880714,0.153716725400628,0.7461580815525495,0.26389754450194186,0.7330220136699006
2021-10-18 17:40:00,0.6750348675034867,-0.02788844621513953,0.255398361876396,0.21514015354401006,0.6112078103937915,0.0064587973273942095,0.5,0.25935138913950007,0.47172039642880714,0.153716725400628,0.7461580815525495,0.26389754450194186,0.9107382651598595
2021-10-18 17:50:00,0.6513249651324965,0.24302788844621515,0.25390915860014873,0.21656846991608636,0.6112078103937915,0.0016703786191536749,0.5,0.25935138913950007,0.47172039642880714,0.153716725400628,0.7461580815525495,0.26389754450194186,0.8654284291684899
2021-10-18 18:00:00,0.5878661087866108,0.019920318725099362,0.25063291139240484,0.21978218175325837,0.6166913140778161,0.004120267260579065,0.5,0.09562324083298668,0.48913383926185533,0.25226474172972185,0.6933268741465564,0.26331757778476506,0.6902243613923382
2021-10-18 18:10:00,0.6080892608089261,-0.17928286852589637,0.24676098287416215,0.2258525263345832,0.6159060868199605,0.0026726057906458797,0.5,0.09562324083298668,0.48913383926185533,0.25226474172972185,0.6933268741465564,0.26331757778476506,0.7227318677670987
2021-10-18 18:20:00,0.590655509065551,-0.15537848605577698,0.24348473566641826,0.225495447241564,0.6133279239900014,0.0024498886414253897,0.5,0.09562324083298668,0.48913383926185533,0.25226474172972185,0.6933268741465564,0.26331757778476506,0.6988849827240219
2021-10-18 18:30:00,0.6394700139470014,0.13147410358565725,0.24288905435591945,0.21906802356722022,0.6117967308371831,0.0032293986636971047,0.5,0.09562324083298668,0.48913383926185533,0.25226474172972185,0.6933268741465564,0.26331757778476506,0.8150187847971393
2021-10-18 18:40:00,0.5446304044630405,-0.0916334661354582,0.23603871928518227,0.21871094447420125,0.6076742877334416,0.0024498886414253897,0.5,0.09562324083298668,0.48913383926185533,0.25226474172972185,0.6933268741465564,0.26331757778476506,0.5935015163631426
2021-10-18 18:50:00,0.5223152022315203,-0.059760956175298974,0.2288905435591957,0.21514015354401006,0.6020599128397743,0.0021158129175946547,0.5,0.09562324083298668,0.48913383926185533,0.25226474172972185,0.6933268741465564,0.26331757778476506,0.5321378457081642
2021-10-18 19:00:00,0.5788005578800558,-0.12350597609561753,0.22084884586746067,0.2112122835207999,0.6021253484445958,0.0006681514476614699,0.5,0.09632352229970875,0.4949785492820551,0.25881380351445055,0.6138827021380048,0.26200377473353265,0.678508381489808
2021-10-18 19:10:00,0.5781032078103208,0.20318725099601576,0.21459419210722253,0.1987145152651313,0.595019041761003,0.00111358574610245,0.5,0.09632352229970875,0.4949785492820551,0.25881380351445055,0.6138827021380048,0.26200377473353265,0.7002881844380403
2021-10-18 19:20:00,0.592747559274756,-0.059760956175298974,0.2068503350707369,0.18693090519550082,0.595019041761003,0.0024498886414253897,0.5,0.09632352229970875,0.4949785492820551,0.25881380351445055,0.6138827021380048,0.26200377473353265,0.7047241124371955
2021-10-18 19:30:00,0.5822873082287308,-0.20318725099601598,0.20029784065524936,0.18157471880021436,0.595019041761003,0.00155902004454343,0.5,0.09632352229970875,0.4949785492820551,0.25881380351445055,0.6138827021380048,0.26200377473353265,0.6631033390165518
2021-10-18 19:40:00,0.5892608089260809,-0.2749003984063746,0.1952345495160086,0.17550437421888954,0.595019041761003,0.0036748329621380848,0.5,0.09632352229970875,0.4949785492820551,0.25881380351445055,0.6138827021380048,0.26200377473353265,0.676961841966293
2021-10-18 19:50:00,0.5578800557880056,-0.2589641434262948,0.18897989575577068,0.17229066238171753,0.595019041761003,0.008129175946547884,0.5,0.09632352229970875,0.4949785492820551,0.25881380351445055,0.6138827021380048,0.26200377473353265,0.588944882840201
2021-10-18 20:00:00,0.604602510460251,-0.21912350597609564,0.18481012658227836,0.1662203178003927,0.595019041761003,0.0020044543429844097,0.5,0.09971906692730981,0.4999755752039473,0.258082466463688,0.6272082243868093,0.24079747171009225,0.7190428051963729
2021-10-18 20:10:00,0.5794979079497908,-0.11553784860557781,0.1794489947877882,0.15729334047491506,0.595019041761003,0.0024498886414253897,0.5,0.09971906692730981,0.4999755752039473,0.258082466463688,0.6272082243868093,0.24079747171009225,0.6724806493957179
2021-10-18 20:20:00,0.5913528591352859,0.05976095617529875,0.1752792256142961,0.1519371540796286,0.595019041761003,0.009242761692650333,0.5,0.09971906692730981,0.4999755752039473,0.258082466463688,0.6272082243868093,0.24079747171009225,0.6960484029150384
2021-10-18 20:30:00,0.5788005578800558,0.10756972111553775,0.1708116157855546,0.1440814140332083,0.5949797803981102,0.028841870824053453,0.5,0.09971906692730981,0.4999755752039473,0.258082466463688,0.6272082243868093,0.24079747171009225,0.6215580065482746
2021-10-18 20:40:00,0.6094839609483961,0.05179282868525892,0.16604616530156346,0.13801106945188346,0.5949797803981102,0.019710467706013365,0.5,0.09971906692730981,0.4999755752039473,0.258082466463688,0.6272082243868093,0.24079747171009225,0.7102463901504293
2021-10-18 20:50:00,0.5864714086471409,0.01195219123505975,0.16157855547282196,0.13301196214961597,0.5949797803981102,0.013697104677060134,0.5,0.09971906692730981,0.4999755752039473,0.258082466463688,0.6272082243868093,0.24079747171009225,0.694071849963034
2021-10-18 21:00:00,0.590655509065551,0.06772908366533859,0.15711094564408024,0.12979825031244419,0.5949797803981102,0.016035634743875277,0.5,0.10168963415996735,0.49496130824954776,0.258055962311857,0.6724760612606692,0.231066485746758,0.714667229959111
2021-10-18 21:10:00,0.6157601115760112,0.08366533864541825,0.15026061057334306,0.12229958935904306,0.5949797803981102,0.01937639198218263,0.5,0.10168963415996735,0.49496130824954776,0.258055962311857,0.6724760612606692,0.231066485746758,0.7519048840472562
2021-10-18 21:20:00,0.6722454672245468,-0.08366533864541836,0.14489947877885312,0.11480092840564193,0.5949797803981102,0.02338530066815145,0.5,0.10168963415996735,0.49496130824954776,0.258055962311857,0.6724760612606692,0.231066485746758,0.8363157656502256
2021-10-18 21:30:00,0.6868898186889818,-0.17131474103585675,0.14102755026061065,0.10837350473129792,0.5949797803981102,0.0044543429844098,0.5,0.10168963415996735,0.49496130824954776,0.258055962311857,0.6724760612606692,0.231066485746758,0.9460974395340767
2021-10-18 21:40:00,0.6555090655509066,0.01195219123505975,0.13507073715562168,0.10337439742903043,0.5949797803981102,0.0013363028953229399,0.5,0.10168963415996735,0.49496130824954776,0.258055962311857,0.6724760612606692,0.231066485746758,0.910504398207523
2021-10-18 21:50:00,0.6931659693165969,-0.0916334661354582,0.1332836932241248,0.10373147652204961,0.5949797803981102,0.0016703786191536749,0.5,0.10168963415996735,0.49496130824954776,0.258055962311857,0.6724760612606692,0.231066485746758,0.9916864070492026
2021-10-18 22:00:00,0.6854951185495118,-0.06772908366533881,0.13030528667163077,0.10158900196393517,0.5949797803981102,0.0022271714922049,0.5,0.020187924647365962,0.5050329447396192,0.3151956164922783,0.6883287523090003,0.21949085026354942,0.986843097907268
2021-10-18 22:10:00,0.6834030683403068,0.019920318725099362,0.1276247207743857,0.10194608105695413,0.5949797803981102,0.000556792873051225,0.5,0.020187924647365962,0.5050329447396192,0.3151956164922783,0.6883287523090003,0.21949085026354942,0.9756023960046473
2021-10-18 22:20:00,0.6666666666666667,0.10756972111553775,0.12732688011913607,0.10194608105695413,0.5949797803981102,0.002561247216035635,0.5,0.020187924647365962,0.5050329447396192,0.3151956164922783,0.6883287523090003,0.21949085026354942,0.9365239826787575
2021-10-18 22:30:00,0.6548117154811716,0.2350597609561753,0.12732688011913607,0.10337439742903043,0.5949797803981102,0.001893095768374165,0.5,0.020187924647365962,0.5050329447396192,0.3151956164922783,0.6883287523090003,0.21949085026354942,0.906860600208217
2021-10-18 22:40:00,0.6471408647140864,0.3067729083665336,0.12494415487714061,0.10337439742903043,0.5949797803981102,0.00044543429844097997,0.5,0.020187924647365962,0.5050329447396192,0.3151956164922783,0.6883287523090003,0.21949085026354942,0.882779848212804
2021-10-18 22:50:00,0.6548117154811716,0.14741035856573692,0.1243484735666418,0.10444563470808776,0.5949797803981102,0.00111358574610245,0.5,0.020187924647365962,0.5050329447396192,0.3151956164922783,0.6883287523090003,0.21949085026354942,0.9161700137302534
2021-10-18 23:00:00,0.6959553695955369,-0.1394422310756973,0.1243484735666418,0.10444563470808776,0.5949797803981102,0.003006681514476615,0.5,-0.02301803434901284,0.5087024111583952,0.33924819768597203,0.740624924532397,0.21395730489604656,0.9864432608597251
2021-10-18 23:10:00,0.6596931659693167,0.05179282868525892,0.12047654504839889,0.10444563470808776,0.5949797803981102,0.01759465478841871,0.5,-0.02301803434901284,0.5087024111583952,0.33924819768597203,0.740624924532397,0.21395730489604656,0.872376540881452
2021-10-18 23:20:00,0.6311018131101813,0.11553784860557759,0.1174981384959044,0.10444563470808776,0.5949797803981102,0.0013363028953229399,0.5,-0.02301803434901284,0.5087024111583952,0.33924819768597203,0.740624924532397,0.21395730489604656,0.8659187953588726
2021-10-18 23:30:00,0.5941422594142259,0.12350597609561742,0.11183916604616506,0.10444563470808776,0.5949797803981102,0.00378619153674833,0.5,-0.02301803434901284,0.5087024111583952,0.33924819768597203,0.740624924532397,0.21395730489604656,0.7558353576655552
2021-10-18 23:40:00,0.5941422594142259,0.2589641434262948,0.10766939687267296,0.10373147652204961,0.5949797803981102,0.005011135857461025,0.5,-0.02301803434901284,0.5087024111583952,0.33924819768597203,0.740624924532397,0.21395730489604656,0.732041281289135
2021-10-18 23:50:00,0.5850767085076709,0.2589641434262948,0.10498883097542788,0.1008748437778968,0.5949797803981102,0.002561247216035635,0.5,-0.02301803434901284,0.5087024111583952,0.33924819768597203,0.740624924532397,0.21395730489604656,0.7312340630988126
2021-10-19 00:00:00,0.5934449093444909,0.2589641434262948,0.10081906180193578,0.09480449919657197,0.5949797803981102,0.004788418708240535,0.5,-0.021446436772715072,0.4999525871606028,0.3344467613384825,0.7628479607209145,0.2136477431005283,0.7539342456659173
2021-10-19 00:10:00,0.6087866108786611,0.31474103585657365,0.09843633655994011,0.08909123370826633,0.5986049129052099,0.005902004454342985,0.5,-0.021446436772715072,0.4999525871606028,0.3344467613384825,0.7628479607209145,0.2136477431005283,0.7583022768079424
2021-10-19 00:20:00,0.6548117154811716,-0.14741035856573714,0.09456440804169763,0.0848062845920372,0.6061430945806232,0.024387527839643652,0.5,-0.021446436772715072,0.4999525871606028,0.3344467613384825,0.7628479607209145,0.2136477431005283,0.8049549617514372
2021-10-19 00:30:00,0.6471408647140864,-0.20318725099601598,0.09456440804169763,0.0830208891269415,0.6061430945806232,0.027505567928730514,0.5,-0.021446436772715072,0.4999525871606028,0.3344467613384825,0.7628479607209145,0.2136477431005283,0.7659293570922039
2021-10-19 00:40:00,0.6220362622036262,-0.40239043824701204,0.09099032017870412,0.0830208891269415,0.6043370718875554,0.020601336302895325,0.5,-0.021446436772715072,0.4999525871606028,0.3344467613384825,0.7628479607209145,0.2136477431005283,0.727250780813857
2021-10-19 00:50:00,0.5913528591352859,0.21912350597609564,0.08771407297096023,0.07837886091769342,0.5980945151876038,0.014810690423162584,0.5,-0.021446436772715072,0.4999525871606028,0.3344467613384825,0.7628479607209145,0.2136477431005283,0.7228374851004119
2021-10-19 01:00:00,0.599721059972106,-0.21115537848605592,0.08533134772896478,0.07230851633636859,0.606130007459659,0.022160356347438754,0.5,-0.05809737968123119,0.5057369535670271,0.3426110546154191,0.757908784969714,0.2082924467185038,0.6868144303453687
2021-10-19 01:10:00,0.590655509065551,-0.298804780876494,0.0826507818317197,0.07266559542938755,0.606130007459659,0.01826280623608018,0.5,-0.05809737968123119,0.5057369535670271,0.3426110546154191,0.757908784969714,0.2082924467185038,0.6863089759645126
2021-10-19 01:20:00,0.6150627615062761,-0.21912350597609564,0.07997021593447484,0.0687377254061774,0.606130007459659,0.015701559020044543,0.5,-0.05809737968123119,0.5057369535670271,0.3426110546154191,0.757908784969714,0.2082924467185038,0.7280504549089427
2021-10-19 01:30:00,0.5808926080892608,-0.4103585657370519,0.07758749069247939,0.06445277628994828,0.606130007459659,0.010133630289532295,0.5,-0.05809737968123119,0.5057369535670271,0.3426110546154191,0.757908784969714,0.2082924467185038,0.6796928044419633
2021-10-19 01:40:00,0.5857740585774059,-0.4581673306772909,0.07371556217423669,0.06445277628994828,0.606130007459659,0.011915367483296215,0.5,-0.05809737968123119,0.5057369535670271,0.3426110546154191,0.757908784969714,0.2082924467185038,0.693785174344041
2021-10-19 01:50:00,0.5669456066945607,-0.07569721115537853,0.07103499627699161,0.05981074808069997,0.5983300833649606,0.007683741648106904,0.5,-0.05809737968123119,0.5057369535670271,0.3426110546154191,0.757908784969714,0.2082924467185038,0.6857658011074732
2021-10-19 02:00:00,0.5934449093444909,0.043824701195219085,0.06775874906924773,0.0480271380110695,0.5948489091884676,0.0035634743875278397,0.5,-0.07145165653121877,0.4939900634182643,0.35014926656417555,0.7656307222823062,0.20812647244612517,0.7741599649953982
2021-10-19 02:10:00,0.6450488145048815,0.019920318725099362,0.06686522710349951,0.04088555615068734,0.5948489091884676,0.005790645879732739,0.5,-0.07145165653121877,0.4939900634182643,0.35014926656417555,0.7656307222823062,0.20812647244612517,0.8642892707877545
2021-10-19 02:20:00,0.6331938633193863,0.1872509960159361,0.06478034251675346,0.0337439742903054,0.5948489091884676,0.0034521158129175947,0.5,-0.07145165653121877,0.4939900634182643,0.35014926656417555,0.7656307222823062,0.20812647244612517,0.8652700031685201
2021-10-19 02:30:00,0.6234309623430963,0.22709163346613526,0.06150409530900958,0.03160149973219073,0.5948489091884676,0.0035634743875278397,0.5,-0.07145165653121877,0.4939900634182643,0.35014926656417555,0.7656307222823062,0.20812647244612517,0.8509739426950526
2021-10-19 02:40:00,0.6373779637377964,0.2111553784860556,0.05941921072226353,0.030887341546152358,0.5948489091884676,0.004231625835189309,0.5,-0.07145165653121877,0.4939900634182643,0.35014926656417555,0.7656307222823062,0.20812647244612517,0.8785626989755119
2021-10-19 02:50:00,0.6408647140864714,0.24302788844621515,0.0588235294117645,0.02945902517407606,0.5948489091884676,0.00512249443207127,0.5,-0.07145165653121877,0.4939900634182643,0.35014926656417555,0.7656307222823062,0.20812647244612517,0.877016159451997
2021-10-19 03:00:00,0.6541143654114366,0.25099601593625476,0.0588235294117645,0.02945902517407606,0.5948489091884676,0.008797327394209355,0.5,-0.07629665972144184,0.49485211504366267,0.35709538336987484,0.7575442594786311,0.20838852481648512,0.9061816316369179
2021-10-19 03:10:00,0.6415620641562064,0.24302788844621515,0.05644080416976904,0.02945902517407606,0.5982646477601392,0.0026726057906458797,0.5,-0.07629665972144184,0.49485211504366267,0.35709538336987484,0.7575442594786311,0.20838852481648512,0.882689319069964
2021-10-19 03:20:00,0.6485355648535566,-0.3227091633466136,0.053760238272523964,0.03231565791822888,0.6047035112745548,0.009799554565701559,0.5,-0.07629665972144184,0.49485211504366267,0.35709538336987484,0.7575442594786311,0.20838852481648512,0.8628181722166062
2021-10-19 03:30:00,0.6785216178521618,-0.17928286852589637,0.051675353685778136,0.03624352794143926,0.5999397992435643,0.011915367483296215,0.5,-0.07629665972144184,0.49485211504366267,0.35709538336987484,0.7575442594786311,0.20838852481648512,0.9409825429636224
2021-10-19 03:40:00,0.6924686192468619,0.12350597609561742,0.055845122859270235,0.030530262453133394,0.5948096478255749,0.007015590200445435,0.5,-0.07629665972144184,0.49485211504366267,0.35709538336987484,0.7575442594786311,0.20838852481648512,0.9449583565942936
2021-10-19 03:50:00,0.7133891213389122,0.298804780876494,0.0588235294117645,0.02945902517407606,0.5948096478255749,0.011247216035634744,0.5,-0.07629665972144184,0.49485211504366267,0.35709538336987484,0.7575442594786311,0.20838852481648512,0.9489340193430601
2021-10-19 04:00:00,0.6854951185495118,0.3784860557768923,0.05793000744601606,0.029816104267095245,0.5947442122207536,0.012583518930957683,0.5,-0.10829801519099824,0.5031651662179228,0.3721349043574221,0.7290251122473301,0.20747362020870216,0.9529097575327791
2021-10-19 04:10:00,0.7064156206415622,0.31474103585657365,0.05644080416976904,0.03302981610426703,0.5970737197523917,0.00913140311804009,0.5,-0.10829801519099824,0.5031651662179228,0.3721349043574221,0.7290251122473301,0.20747362020870216,0.9564573683178177
2021-10-19 04:20:00,0.7287308228730822,-0.38645418326693237,0.055845122859270235,0.03660060703445822,0.6046511627906976,0.017037861915367485,0.5,-0.10829801519099824,0.5031651662179228,0.3721349043574221,0.7290251122473301,0.20747362020870216,0.9600049791028563
2021-10-19 04:30:00,0.7489539748953975,-0.45019920318725104,0.055845122859270235,0.04088555615068734,0.6046642499116619,0.019933184855233856,0.5,-0.10829801519099824,0.5031651662179228,0.3721349043574221,0.7290251122473301,0.20747362020870216,0.9635525898878947
2021-10-19 04:40:00,0.7677824267782427,0.043824701195219085,0.05703648548026785,0.04374218889484016,0.5965240606718929,0.032628062360801784,0.5,-0.10829801519099824,0.5031651662179228,0.3721349043574221,0.7290251122473301,0.20747362020870216,0.967100125231981
2021-10-19 04:50:00,0.7754532775453277,0.3067729083665336,0.06269545793000741,0.04017139796464919,0.5947311250997893,0.02817371937639198,0.5,-0.10829801519099824,0.5031651662179228,0.3721349043574221,0.7290251122473301,0.20747362020870216,0.9706477360170195
2021-10-19 05:00:00,0.7440725244072525,0.2350597609561753,0.06418466120625443,0.04017139796464919,0.5947311250997893,0.015701559020044543,0.5,-0.10551316563177593,0.4756915809164775,0.36978326324950794,0.7631863582688121,0.20420172699211278,0.9741954222430105
2021-10-19 05:10:00,0.7119944211994422,0.298804780876494,0.06031273268801174,0.0433851098018212,0.5947311250997893,0.01670378619153675,0.5,-0.10551316563177593,0.4756915809164775,0.36978326324950794,0.7631863582688121,0.20420172699211278,0.9777430330280489
2021-10-19 05:20:00,0.695258019525802,0.1872509960159361,0.0588235294117645,0.05016961256918395,0.5947311250997893,0.012806236080178173,0.5,-0.10551316563177593,0.4756915809164775,0.36978326324950794,0.7631863582688121,0.20420172699211278,0.9812906438130875
2021-10-19 05:30:00,0.7217573221757322,0.2828685258964143,0.0588235294117645,0.050883770755222324,0.5947311250997893,0.023496659242761692,0.5,-0.10551316563177593,0.4756915809164775,0.36978326324950794,0.7631863582688121,0.20420172699211278,0.9450601264390361
2021-10-19 05:40:00,0.6834030683403068,0.24302788844621515,0.0588235294117645,0.050883770755222324,0.5947311250997893,0.025946547884187085,0.5,-0.10551316563177593,0.4756915809164775,0.36978326324950794,0.7631863582688121,0.20420172699211278,0.9088296090649849
2021-10-19 05:50:00,0.6785216178521618,0.2111553784860556,0.055845122859270235,0.050883770755222324,0.5947311250997893,0.03017817371937639,0.5,-0.10551316563177593,0.4756915809164775,0.36978326324950794,0.7631863582688121,0.20420172699211278,0.8775216138328531
2021-10-19 06:00:00,0.6743375174337517,0.3067729083665336,0.055845122859270235,0.050883770755222324,0.5947311250997893,0.02817371937639198,0.5,-0.13425739179507334,0.49996695468769364,0.4025418876561288,0.7197960717759205,0.197910368280459,0.8743078292620367
2021-10-19 06:10:00,0.6380753138075315,-0.03585657370517936,0.05137751303052851,0.050883770755222324,0.6011438143722763,0.00957683741648107,0.5,-0.13425739179507334,0.49996695468769364,0.4025418876561288,0.7197960717759205,0.197910368280459,0.8124764247023855
2021-10-19 06:20:00,0.6213389121338913,-0.29083665338645437,0.04690990320178701,0.05338332440635596,0.601994477234953,0.01091314031180401,0.5,-0.13425739179507334,0.49996695468769364,0.4025418876561288,0.7197960717759205,0.197910368280459,0.7828507627080284
2021-10-19 06:30:00,0.6610878661087867,0.24302788844621515,0.047505584512285814,0.04874129619710765,0.5946918637368964,0.01002227171492205,0.5,-0.13425739179507334,0.49996695468769364,0.4025418876561288,0.7197960717759205,0.197910368280459,0.8990524616382758
2021-10-19 06:40:00,0.6596931659693167,0.1394422310756971,0.048994787788533056,0.04159971433672571,0.5946918637368964,0.006570155902004454,0.5,-0.13425739179507334,0.49996695468769364,0.4025418876561288,0.7197960717759205,0.197910368280459,0.9178976115394482
2021-10-19 06:50:00,0.6680613668061367,0.06772908366533859,0.04690990320178701,0.04017139796464919,0.5946918637368964,0.004565701559020045,0.5,-0.13425739179507334,0.49996695468769364,0.4025418876561288,0.7197960717759205,0.197910368280459,0.9399414578209636
2021-10-19 07:00:00,0.603905160390516,0.06772908366533859,0.04393149664929252,0.04017139796464919,0.5946918637368964,0.003006681514476615,0.5,-0.12936355968185165,0.517978086647681,0.3976159198392707,0.6981474254193715,0.1997199106314746,0.7843746699458335
2021-10-19 07:10:00,0.6192468619246863,0.03585657370517925,0.037676842889054374,0.04017139796464919,0.5946918637368964,0.0066815144766146995,0.5,-0.12936355968185165,0.517978086647681,0.3976159198392707,0.6981474254193715,0.1997199106314746,0.7942574347058557
2021-10-19 07:20:00,0.6589958158995816,-0.02788844621513953,0.036485480268056314,0.0337439742903054,0.5946918637368964,0.004677060133630289,0.5,-0.12936355968185165,0.517978086647681,0.3976159198392707,0.6981474254193715,0.1997199106314746,0.904876503160976
2021-10-19 07:30:00,0.5885634588563459,0.19521912350597592,0.032911392405063244,0.02945902517407606,0.5946918637368964,0.001893095768374165,0.5,-0.12936355968185165,0.517978086647681,0.3976159198392707,0.6981474254193715,0.1997199106314746,0.7201291549104516
2021-10-19 07:40:00,0.5327754532775453,0.1872509960159361,0.02635889798957547,0.029101946081057095,0.5946918637368964,0.003006681514476615,0.5,-0.12936355968185165,0.517978086647681,0.3976159198392707,0.6981474254193715,0.1997199106314746,0.5723780497004994
2021-10-19 07:50:00,0.5320781032078103,0.1633466135458166,0.02308265078183136,0.02231744331369412,0.5946918637368964,0.0008908685968819599,0.5,-0.12936355968185165,0.517978086647681,0.3976159198392707,0.6981474254193715,0.1997199106314746,0.5995292484572325
2021-10-19 08:00:00,0.5258019525801952,0.298804780876494,0.02308265078183136,0.018389573290483963,0.5946918637368964,0.003006681514476615,0.5,-0.12623670754310146,0.5079007031467766,0.3968976446432383,0.7207706711791629,0.20227950675396691,0.558964648369721
2021-10-19 08:10:00,0.5334728033472803,0.31474103585657365,0.02010424422933732,0.009462595965006315,0.5946918637368964,0.0069042316258351895,0.5,-0.12623670754310146,0.5079007031467766,0.3968976446432383,0.7207706711791629,0.20227950675396691,0.5622236975119574
2021-10-19 08:20:00,0.5460251046025105,0.36254980079681287,0.02010424422933732,0.005534725941795937,0.5946918637368964,0.00512249443207127,0.5,-0.12623670754310146,0.5079007031467766,0.3968976446432383,0.7207706711791629,0.20227950675396691,0.6052250403609095
2021-10-19 08:30:00,0.5808926080892608,0.17131474103585642,0.020402084884586502,-0.0016068559185858922,0.5946918637368964,0.00378619153674833,0.5,-0.12623670754310146,0.5079007031467766,0.3968976446432383,0.7207706711791629,0.20227950675396691,0.711642047769211
2021-10-19 08:40:00,0.604602510460251,0.06772908366533859,0.02308265078183136,-0.0026780931976432276,0.5946918637368964,0.017483296213808463,0.5,-0.12623670754310146,0.5079007031467766,0.3968976446432383,0.7207706711791629,0.20227950675396691,0.7480347631908505
2021-10-19 08:50:00,0.606694560669456,0.17131474103585642,0.02308265078183136,-0.007677200499910719,0.5946918637368964,0.037416481069042315,0.5,-0.12623670754310146,0.5079007031467766,0.3968976446432383,0.7207706711791629,0.20227950675396691,0.6715451815863723
2021-10-19 09:00:00,0.598326359832636,0.2350597609561753,0.02308265078183136,-0.00981967505802539,0.5946918637368964,0.03608017817371938,0.5,-0.12164412053406304,0.5231647639271618,0.39181214465889985,0.7253014735069454,0.1994908238712768,0.6817598865368077
2021-10-19 09:10:00,0.6150627615062761,0.298804780876494,0.023976172747579794,-0.00981967505802539,0.5946918637368964,0.032405345211581296,0.5,-0.12164412053406304,0.5231647639271618,0.39181214465889985,0.7253014735069454,0.1994908238712768,0.7124869864357167
2021-10-19 09:20:00,0.597629009762901,0.3545816733067728,0.029337304542069953,-0.00981967505802539,0.5946918637368964,0.046993318485523385,0.5,-0.12164412053406304,0.5231647639271618,0.39181214465889985,0.7253014735069454,0.1994908238712768,0.6063340223606983
2021-10-19 09:30:00,0.5885634588563459,-0.06772908366533881,0.032911392405063244,-0.008391358685948758,0.6029760113072725,0.05334075723830735,0.5,-0.12164412053406304,0.5231647639271618,0.39181214465889985,0.7253014735069454,0.1994908238712768,0.5389048991354467
2021-10-19 09:40:00,0.612970711297071,-0.33864541832669326,0.0355919583023081,-0.0026780931976432276,0.6058551779194096,0.05400890868596882,0.5,-0.12164412053406304,0.5231647639271618,0.39181214465889985,0.7253014735069454,0.1994908238712768,0.5636344433212125
2021-10-19 09:50:00,0.6366806136680614,-0.1394422310756973,0.04452717795979133,-0.0026780931976432276,0.6058682650403738,0.02405345211581292,0.5,-0.12164412053406304,0.5231647639271618,0.39181214465889985,0.7253014735069454,0.1994908238712768,0.769195950329677
2021-10-19 10:00:00,0.6715481171548118,-0.2509960159362551,0.04929262844378246,-0.0001785395465094819,0.605933700645195,0.005345211581291759,0.5,0.01871408497633431,0.5599168982233137,0.331032291060733,0.6213087337134158,0.205724412738041,0.9089955791601914
2021-10-19 10:10:00,0.694560669456067,-0.05179282868525903,0.05614296351451942,0.004106409569719638,0.605933700645195,0.005679287305122495,0.5,0.01871408497633431,0.5599168982233137,0.331032291060733,0.6213087337134158,0.205724412738041,0.9869713475262912
2021-10-19 10:20:00,0.7064156206415622,-0.02788844621513953,0.06120625465375995,0.010890912337082836,0.605933700645195,0.010467706013363028,0.5,0.01871408497633431,0.5599168982233137,0.331032291060733,0.6213087337134158,0.205724412738041,0.9192517766344284
2021-10-19 10:30:00,0.6366806136680614,0.22709163346613526,0.06924795234549497,0.018032494197464777,0.605933700645195,0.00512249443207127,0.5,0.01871408497633431,0.5599168982233137,0.331032291060733,0.6213087337134158,0.205724412738041,0.8515322057425653
2021-10-19 10:40:00,0.6785216178521618,0.24302788844621515,0.07520476545048371,0.028387787895018723,0.6090876967975815,0.013028953229398663,0.5,0.01871408497633431,0.5599168982233137,0.331032291060733,0.6213087337134158,0.205724412738041,0.9166226594444529
2021-10-19 10:50:00,0.6722454672245468,0.043824701195219085,0.0814594192107223,0.03624352794143926,0.6141393254897854,0.030623608017817373,0.5,0.01871408497633431,0.5599168982233137,0.331032291060733,0.6213087337134158,0.205724412738041,0.8075124100366644
2021-10-19 11:00:00,0.7440725244072525,0.10756972111553775,0.09039463886820531,0.04159971433672571,0.6159584353038174,0.06347438752783965,0.5,0.03829761828923317,0.539288002827529,0.3062784277635683,0.7959705983987556,0.22841439412862954,0.8203373719389835
2021-10-19 11:10:00,0.6499302649930265,0.06772908366533859,0.09516008935219644,0.0448134261738975,0.621795291253877,0.06291759465478843,0.5,0.03829761828923317,0.539288002827529,0.3062784277635683,0.7959705983987556,0.22841439412862954,0.594067323505892
2021-10-19 11:20:00,0.6673640167364017,-0.11553784860557781,0.10558451228592691,0.05338332440635596,0.6237321851565875,0.08897550111358575,0.5,0.03829761828923317,0.539288002827529,0.3062784277635683,0.7959705983987556,0.22841439412862954,0.5100487348552288
2021-10-19 11:30:00,0.7747559274755927,0.2350597609561753,0.11094564408041685,0.054454561685413294,0.6218607268586983,0.1339643652561247,0.5,0.03829761828923317,0.539288002827529,0.3062784277635683,0.7959705983987556,0.22841439412862954,0.39460144544864734
2021-10-19 11:40:00,0.8110181311018132,-0.003984063745020028,0.11362620997766193,0.04588466345295483,0.6235489654630878,0.12227171492204901,0.5,0.03829761828923317,0.539288002827529,0.3062784277635683,0.7959705983987556,0.22841439412862954,0.48785400666898016
2021-10-19 11:50:00,0.7914923291492328,0.05976095617529875,0.117200297840655,0.041242635243706305,0.6195966549318815,0.1244988864142539,0.5,0.03829761828923317,0.539288002827529,0.3062784277635683,0.7959705983987556,0.22841439412862954,0.47922356171824315
2021-10-19 12:00:00,0.8005578800557881,-0.08366533864541836,0.12673119880863726,0.04052847705766838,0.6195966549318815,0.10968819599109131,0.5,0.05282442299989021,0.5361099058352278,0.29491245830827173,0.8287983248286026,0.2494453947201685,0.5951234968390241
2021-10-19 12:10:00,0.7970711297071129,0.01195219123505975,0.12941176470588234,0.04052847705766838,0.6255512949706195,0.09276169265033408,0.5,0.05282442299989021,0.5361099058352278,0.29491245830827173,0.8287983248286026,0.2494453947201685,0.6860223003455196
2021-10-19 12:20:00,0.7754532775453277,0.01195219123505975,0.13447505584512287,0.0448134261738975,0.6291764274777192,0.08530066815144767,0.5,0.05282442299989021,0.5361099058352278,0.29491245830827173,0.8287983248286026,0.2494453947201685,0.7428670579537396
2021-10-19 12:30:00,0.8305439330543933,-0.31474103585657376,0.1362620997766193,0.05338332440635596,0.6282341547682925,0.0844097995545657,0.5,0.05282442299989021,0.5361099058352278,0.29491245830827173,0.8287983248286026,0.2494453947201685,0.8492991535525144
2021-10-19 12:40:00,0.7887029288702929,0.06772908366533859,0.13864482501861475,0.05481164077843248,0.6260486055672613,0.07783964365256126,0.5,0.05282442299989021,0.5361099058352278,0.29491245830827173,0.8287983248286026,0.2494453947201685,0.8241773164144425
2021-10-19 12:50:00,0.7552301255230126,0.003984063745019917,0.14162323157110923,0.06552401356900561,0.6330371281621756,0.07461024498886415,0.5,0.05282442299989021,0.5361099058352278,0.29491245830827173,0.8287983248286026,0.2494453947201685,0.7866831630882508
2021-10-19 13:00:00,0.7580195258019525,-0.059760956175298974,0.14281459419210707,0.07123727905731125,0.6411511431600162,0.07717149220489977,0.5,0.15247655027661366,0.5502791610513579,0.21892873261838067,0.8015973730146463,0.2664344357118752,0.7608597250931696
2021-10-19 13:10:00,0.7698744769874476,0.24302788844621515,0.15174981384959052,0.07730762363863608,0.6393843818298414,0.08051224944320713,0.5,0.15247655027661366,0.5502791610513579,0.21892873261838067,0.8015973730146463,0.2664344357118752,0.7693468322344101
2021-10-19 13:20:00,0.8514644351464435,-0.0916334661354582,0.15800446760982845,0.08123549366184624,0.6335867872426745,0.09532293986636972,0.5,0.15247655027661366,0.5502791610513579,0.21892873261838067,0.8015973730146463,0.2664344357118752,0.8193868159391645
2021-10-19 13:30:00,0.8131101813110182,0.019920318725099362,0.16068503350707353,0.0830208891269415,0.631087147138501,0.09142538975501115,0.5,0.15247655027661366,0.5502791610513579,0.21892873261838067,0.8015973730146463,0.2664344357118752,0.7704256378532522
2021-10-19 13:40:00,0.8152022315202231,0.19521912350597592,0.16455696202531622,0.0830208891269415,0.631492847888393,0.08719376391982182,0.5,0.15247655027661366,0.5502791610513579,0.21892873261838067,0.8015973730146463,0.2664344357118752,0.7945139339439022
2021-10-19 13:50:00,0.7684797768479776,-0.01195219123505975,0.1633655994043186,0.08801999642920899,0.627802279776472,0.07060133630289532,0.5,0.15247655027661366,0.5502791610513579,0.21892873261838067,0.8015973730146463,0.2664344357118752,0.8198771821295472
2021-10-19 14:00:00,0.7447698744769874,-0.06772908366533881,0.16128071481757233,0.09194786645241915,0.6269777911557237,0.06536748329621381,0.5,0.15244399766128125,0.5314950561339293,0.2181824315010341,0.7887380401742666,0.26628696881920627,0.7414261357635379
2021-10-19 14:10:00,0.7482566248256626,-0.1872509960159363,0.16306775874906898,0.0994465274058205,0.6312049312271794,0.08073496659242763,0.5,0.15244399766128125,0.5314950561339293,0.2181824315010341,0.7887380401742666,0.26628696881920627,0.6977533684385232
2021-10-19 14:20:00,0.7733612273361228,-0.2509960159362551,0.16217423678332077,0.10551687198714532,0.6273965790265799,0.08741648106904232,0.5,0.15244399766128125,0.5314950561339293,0.2181824315010341,0.7887380401742666,0.26628696881920627,0.6891757321544427
2021-10-19 14:30:00,0.7189679218967923,-0.17928286852589637,0.163663440059568,0.11123013747545074,0.6239023177291227,0.0655902004454343,0.5,0.15244399766128125,0.5314950561339293,0.2181824315010341,0.7887380401742666,0.26628696881920627,0.7228223969099387
2021-10-19 14:40:00,0.7119944211994422,0.019920318725099362,0.16842889054355892,0.10944474201035526,0.621140935205664,0.06926503340757238,0.5,0.15244399766128125,0.5314950561339293,0.2181824315010341,0.7887380401742666,0.26628696881920627,0.6621075184453129
2021-10-19 14:50:00,0.705718270571827,0.09960159362549792,0.17021593447505579,0.11158721656847015,0.6237452722775517,0.06146993318485523,0.5,0.15244399766128125,0.5314950561339293,0.2181824315010341,0.7887380401742666,0.26628696881920627,0.6805905517751256
2021-10-19 15:00:00,0.6659693165969317,-0.11553784860557781,0.17557706626954572,0.11337261203356541,0.6230254806245175,0.05256124721603563,0.5,0.14969170071739146,0.5230728117537882,0.21996176046917168,0.7487875109629302,0.27112670390980154,0.6932495435822381
2021-10-19 15:10:00,0.6576011157601116,0.09960159362549792,0.1833209233060311,0.1219425102660241,0.6244912381725145,0.056458797327394214,0.5,0.14969170071739146,0.5230728117537882,0.21996176046917168,0.7487875109629302,0.27112670390980154,0.6507159346379588
2021-10-19 15:20:00,0.7168758716875872,-0.06772908366533881,0.18391660461653014,0.12301374754508143,0.6266244388896888,0.03942093541202673,0.5,0.14969170071739146,0.5230728117537882,0.21996176046917168,0.7487875109629302,0.27112670390980154,0.8362252365073857
2021-10-19 15:30:00,0.710599721059972,-0.10756972111553798,0.18540580789277716,0.12908409212640604,0.6210624124798786,0.02293986636971047,0.5,0.14969170071739146,0.5230728117537882,0.21996176046917168,0.7487875109629302,0.27112670390980154,0.8955369132579929
2021-10-19 15:40:00,0.7008368200836821,0.01195219123505975,0.1868950111690244,0.12908409212640604,0.6250147230110848,0.029398663697104678,0.5,0.14969170071739146,0.5230728117537882,0.21996176046917168,0.7487875109629302,0.27112670390980154,0.8638215368830816
2021-10-19 15:50:00,0.696652719665272,-0.1394422310756973,0.1868950111690244,0.13194072487055908,0.6258653858737616,0.048775055679287305,0.5,0.14969170071739146,0.5230728117537882,0.21996176046917168,0.7487875109629302,0.27112670390980154,0.7211325195769271
2021-10-19 16:00:00,0.6436541143654114,-0.15537848605577698,0.1868950111690244,0.1408677021960365,0.6241247987855152,0.03641425389755011,0.5,0.18411152205823234,0.5242940515564358,0.20446203102710436,0.7222117764192079,0.2808969098239158,0.7128415589118398
2021-10-19 16:10:00,0.6171548117154811,-0.059760956175298974,0.19017125837676807,0.14836636314943763,0.6272395335750088,0.036302895322939864,0.5,0.18411152205823234,0.5242940515564358,0.20446203102710436,0.7222117764192079,0.2808969098239158,0.6197926882628966
2021-10-19 16:20:00,0.6199442119944213,-0.01195219123505975,0.19166046165301553,0.15300839135868594,0.6218214654958055,0.032739420935412024,0.5,0.18411152205823234,0.5242940515564358,0.20446203102710436,0.7222117764192079,0.2808969098239158,0.6770674592996062
2021-10-19 16:30:00,0.6471408647140864,-0.23505976095617542,0.19285182427401315,0.15086591680057126,0.6219915980683409,0.0017817371937639199,0.5,0.18411152205823234,0.5242940515564358,0.20446203102710436,0.7222117764192079,0.2808969098239158,0.8488314196478417
2021-10-19 16:40:00,0.6380753138075315,0.06772908366533859,0.19285182427401315,0.15265131226566697,0.6321079425737132,0.00512249443207127,0.5,0.18411152205823234,0.5242940515564358,0.20446203102710436,0.7222117764192079,0.2808969098239158,0.8058527090845995
2021-10-19 16:50:00,0.6492329149232915,0.31474103585657365,0.19285182427401315,0.14872344224245682,0.6320163327269634,0.001893095768374165,0.5,0.18411152205823234,0.5242940515564358,0.20446203102710436,0.7222117764192079,0.2808969098239158,0.8641233006925481
2021-10-19 17:00:00,0.6366806136680614,-0.043824701195219196,0.19285182427401315,0.14836636314943763,0.6323958592349269,0.0016703786191536749,0.5,0.16338798014690692,0.5337565048978896,0.2186029471348695,0.7045321092854719,0.2833055412023221,0.7991007438477904
2021-10-19 17:10:00,0.599023709902371,0.01195219123505975,0.1904690990320177,0.15265131226566697,0.6322126395414274,0.0016703786191536749,0.5,0.16338798014690692,0.5337565048978896,0.2186029471348695,0.7045321092854719,0.2833055412023221,0.7392609804306169
2021-10-19 17:20:00,0.597629009762901,-0.06772908366533881,0.18778853313477262,0.15729334047491506,0.6351179803954927,0.0013363028953229399,0.5,0.16338798014690692,0.5337565048978896,0.2186029471348695,0.7045321092854719,0.2833055412023221,0.7291745250992049
2021-10-19 17:30:00,0.5808926080892608,-0.12350597609561753,0.18540580789277716,0.15800749866095343,0.6348824122181361,0.00044543429844097997,0.5,0.16338798014690692,0.5337565048978896,0.2186029471348695,0.7045321092854719,0.2833055412023221,0.6935965719631245
2021-10-19 17:40:00,0.5892608089260809,-0.19521912350597614,0.18183172002978387,0.15765041956793446,0.6320555940898562,0.000556792873051225,0.5,0.16338798014690692,0.5337565048978896,0.2186029471348695,0.7045321092854719,0.2833055412023221,0.6852075380599605
2021-10-19 17:50:00,0.601115760111576,0.21912350597609564,0.17736411020104237,0.1519371540796286,0.6203164465849158,0.0008908685968819599,0.5,0.16338798014690692,0.5337565048978896,0.2186029471348695,0.7045321092854719,0.2833055412023221,0.7331879837651071
2021-10-19 18:00:00,0.49581589958159,-0.0916334661354582,0.17259865971705124,0.14836636314943763,0.6251586813416917,0.00044543429844097997,0.5,0.023624193397222326,0.5596783972736196,0.3092917849683922,0.6063171708520925,0.2883924041637846,0.4836896660983448
2021-10-19 18:10:00,0.5557880055788006,0.10756972111553775,0.16902457185405795,0.14800928405641844,0.6295428668647184,0.000556792873051225,0.5,0.023624193397222326,0.5596783972736196,0.3092917849683922,0.6063171708520925,0.2883924041637846,0.6282269867374806
2021-10-19 18:20:00,0.5251046025104603,-0.19521912350597614,0.16604616530156346,0.142653097661132,0.6295428668647184,0.00044543429844097997,0.5,0.023624193397222326,0.5596783972736196,0.3092917849683922,0.6063171708520925,0.2883924041637846,0.5434917090393349
2021-10-19 18:30:00,0.48884239888423986,-0.059760956175298974,0.16098287416232293,0.13836814854490287,0.6234704427373022,0.00033407572383073496,0.5,0.023624193397222326,0.5596783972736196,0.3092917849683922,0.6063171708520925,0.2883924041637846,0.4599710306742913
2021-10-19 18:40:00,0.5251046025104603,-0.15537848605577698,0.15591958302308262,0.13086948759150152,0.6191255185771682,0.00044543429844097997,0.5,0.023624193397222326,0.5596783972736196,0.3092917849683922,0.6063171708520925,0.2883924041637846,0.5236507385669237
2021-10-19 18:50:00,0.44142259414225943,0.298804780876494,0.14847356664184663,0.11765756114979453,0.6181963329887058,0.00033407572383073496,0.5,0.023624193397222326,0.5596783972736196,0.3092917849683922,0.6063171708520925,0.2883924041637846,0.3696757547867284
2021-10-19 19:00:00,0.46513249651324967,0.019920318725099362,0.14400595681310469,0.10694518835922162,0.6222402533666619,0.00033407572383073496,0.5,0.009708083754944141,0.5560089308548395,0.3180183720693415,0.5044450436376403,0.25777385619271515,0.4085127570650452
2021-10-19 19:10:00,0.45746164574616455,-0.07569721115537853,0.13834698436336557,0.10123192287091598,0.6186282079805264,0.00033407572383073496,0.5,0.009708083754944141,0.5560089308548395,0.3180183720693415,0.5044450436376403,0.25777385619271515,0.38689138011678265
2021-10-19 19:20:00,0.399581589958159,-0.02788844621513953,0.13417721518987324,0.0898053918943047,0.611993037651647,0.00033407572383073496,0.5,0.009708083754944141,0.5560089308548395,0.3180183720693415,0.5044450436376403,0.25777385619271515,0.2928919534680206
2021-10-19 19:30:00,0.4351464435146444,0.17928286852589648,0.1288160833953833,0.07730762363863608,0.6069544960804072,0.00033407572383073496,0.5,0.009708083754944141,0.5560089308548395,0.3180183720693415,0.5044450436376403,0.25777385619271515,0.34575342879128507
2021-10-19 19:40:00,0.4072524407252441,-0.059760956175298974,0.12553983618763942,0.06766648812712006,0.6026095719202733,0.000556792873051225,0.5,0.009708083754944141,0.5560089308548395,0.3180183720693415,0.5044450436376403,0.25777385619271515,0.29296739442038716
2021-10-19 19:50:00,0.4867503486750349,0.14741035856573692,0.1195830230826509,0.05409748259239433,0.6033031893313789,0.00022271714922048998,0.5,0.009708083754944141,0.5560089308548395,0.3180183720693415,0.5044450436376403,0.25777385619271515,0.4432910361060398
2021-10-19 20:00:00,0.46443514644351463,-0.3227091633466136,0.11660461653015619,0.050883770755222324,0.6069544960804072,0.00033407572383073496,0.5,-0.0016430398939639712,0.5723792912211544,0.3313400689386939,0.4873609579963665,0.23374899933571971,0.3935679044012252
2021-10-19 20:10:00,0.47629009762900976,-0.3545816733067729,0.1130305286671629,0.04731297982503113,0.6064440983628011,0.00033407572383073496,0.5,-0.0016430398939639712,0.5723792912211544,0.3313400689386939,0.4873609579963665,0.23374899933571971,0.4129713173499102
2021-10-19 20:20:00,0.42189679218967924,0.2589641434262948,0.10826507818317177,0.04088555615068734,0.5956733978092159,0.00033407572383073496,0.5,-0.0016430398939639712,0.5723792912211544,0.3313400689386939,0.4873609579963665,0.23374899933571971,0.3201487695580669
2021-10-19 20:30:00,0.4288702928870293,0.2669322709163344,0.1046909903201787,0.031244420639171766,0.5956733978092159,0.00033407572383073496,0.5,-0.0016430398939639712,0.5723792912211544,0.3313400689386939,0.4873609579963665,0.23374899933571971,0.3386770674592996
2021-10-19 20:40:00,0.4260808926080893,0.1394422310756971,0.09843633655994011,0.02231744331369412,0.5956733978092159,0.00033407572383073496,0.5,-0.0016430398939639712,0.5723792912211544,0.3313400689386939,0.4873609579963665,0.23374899933571971,0.3316912352701541
2021-10-19 20:50:00,0.4093444909344491,-0.03585657370517936,0.09247952345495158,0.01767541510444559,0.5956733978092159,0.00033407572383073496,0.5,-0.0016430398939639712,0.5723792912211544,0.3313400689386939,0.4873609579963665,0.23374899933571971,0.3251052401285514
2021-10-19 21:00:00,0.4421199442119944,-0.14741035856573714,0.0856291883842144,0.010533833244063429,0.5956733978092159,0.00033407572383073496,0.5,-0.011886740912867455,0.5743361484108079,0.3407315424896428,0.5491446203492478,0.20835672487892343,0.37258777554807854
2021-10-19 21:10:00,0.4909344490934449,-0.21115537848605592,0.08056589724497387,0.0030351722906625245,0.5956733978092159,0.00044543429844097997,0.5,-0.011886740912867455,0.5743361484108079,0.3407315424896428,0.5491446203492478,0.20835672487892343,0.4505333675332318
2021-10-19 21:20:00,0.5125523012552301,-0.08366533864541836,0.07520476545048371,-0.0016068559185858922,0.5956733978092159,0.00033407572383073496,0.5,-0.011886740912867455,0.5743361484108079,0.3407315424896428,0.5491446203492478,0.20835672487892343,0.5228963290432579
2021-10-19 21:30:00,0.49442119944211993,0.027888446215139417,0.06924795234549497,-0.0033922513836815993,0.5956733978092159,0.00033407572383073496,0.5,-0.011886740912867455,0.5743361484108079,0.3407315424896428,0.5491446203492478,0.20835672487892343,0.5190262081868522
2021-10-19 21:40:00,0.5404463040446305,-0.019920318725099695,0.06478034251675346,-0.00981967505802539,0.5956733978092159,0.0006681514476614699,0.5,-0.011886740912867455,0.5743361484108079,0.3407315424896428,0.5491446203492478,0.20835672487892343,0.6010757879807475
2021-10-19 21:50:00,0.5474198047419805,0.07569721115537842,0.06061057334326114,-0.01553294054633092,0.5956733978092159,0.000556792873051225,0.5,-0.011886740912867455,0.5743361484108079,0.3407315424896428,0.5491446203492478,0.20835672487892343,0.6179670172156253
2021-10-19 22:00:00,0.5188284518828452,0.22709163346613526,0.05673864482501845,-0.01553294054633092,0.5956733978092159,0.000556792873051225,0.5,-0.09006618253545529,0.5844307729442239,0.3924975749969216,0.6067472693438406,0.19688916683574775,0.5718725953196433
2021-10-19 22:10:00,0.5474198047419805,0.2828685258964143,0.0507818317200297,-0.01696125691840733,0.5989975265341378,0.000556792873051225,0.5,-0.09006618253545529,0.5844307729442239,0.3924975749969216,0.6067472693438406,0.19688916683574775,0.6042971166468005
2021-10-19 22:20:00,0.5683403068340307,-0.40239043824701204,0.04810126582278462,-0.01696125691840733,0.6069544960804072,0.0010022271714922048,0.5,-0.09006618253545529,0.5844307729442239,0.3924975749969216,0.6067472693438406,0.19688916683574775,0.6444845119724791
2021-10-19 22:30:00,0.5774058577405857,-0.2749003984063746,0.0466120625465376,-0.01624709873236929,0.6069544960804072,0.000556792873051225,0.5,-0.09006618253545529,0.5844307729442239,0.3924975749969216,0.6067472693438406,0.19688916683574775,0.6770221947281863
2021-10-19 22:40:00,0.5711297071129707,-0.3227091633466136,0.04184661206254625,-0.016604177825388367,0.6069544960804072,0.00044543429844097997,0.5,-0.09006618253545529,0.5844307729442239,0.3924975749969216,0.6067472693438406,0.19688916683574775,0.6441148513058829
2021-10-19 22:50:00,0.5781032078103208,-0.21115537848605592,0.0394638868205508,-0.01696125691840733,0.6069544960804072,0.00044543429844097997,0.5,-0.09006618253545529,0.5844307729442239,0.3924975749969216,0.6067472693438406,0.19688916683574775,0.6698628483485976
2021-10-19 23:00:00,0.5509065550906556,-0.38645418326693237,0.034400595681310264,-0.01624709873236929,0.6069544960804072,0.00044543429844097997,0.5,-0.1465775227526439,0.5888358567500098,0.4192173108380296,0.629798724065925,0.20269659469167794,0.6000347028380887
2021-10-19 23:10:00,0.49372384937238495,-0.0916334661354582,0.030826507818317195,-0.011605070523120875,0.5991545719857089,0.00033407572383073496,0.5,-0.1465775227526439,0.5888358567500098,0.4192173108380296,0.629798724065925,0.20269659469167794,0.5269173318043967
2021-10-19 23:20:00,0.49372384937238495,0.24302788844621515,0.026656738644824873,-0.019460810569541076,0.5957126591721088,0.00044543429844097997,0.5,-0.1465775227526439,0.5888358567500098,0.4192173108380296,0.629798724065925,0.20269659469167794,0.5288863406611645
2021-10-19 23:30:00,0.496513249651325,0.12350597609561742,0.02308265078183136,-0.02624531333690394,0.5957126591721088,0.00033407572383073496,0.5,-0.1465775227526439,0.5888358567500098,0.4192173108380296,0.629798724065925,0.20269659469167794,0.5253330718046985
2021-10-19 23:40:00,0.509065550906555,0.1394422310756971,0.021295606850334936,-0.02945902517407606,0.5957126591721088,0.00022271714922048998,0.5,-0.1465775227526439,0.5888358567500098,0.4192173108380296,0.629798724065925,0.20269659469167794,0.5493459269429817
2021-10-19 23:50:00,0.499302649930265,0.36254980079681287,0.016827997021593433,-0.031958578825209805,0.5957126591721088,0.00044543429844097997,0.5,-0.1465775227526439,0.5888358567500098,0.4192173108380296,0.629798724065925,0.20269659469167794,0.5238846055192601
2021-10-20 00:00:00,0.500697350069735,0.3705179282868525,0.014147431124348353,-0.038386002499553595,0.5957126591721088,0.00033407572383073496,0.5,-0.14050295791874057,0.5929507165085758,0.41336369770708653,0.6402799168318529,0.20758436855339196,0.5407381142779546
2021-10-20 00:10:00,0.500697350069735,0.298804780876494,0.014147431124348353,-0.03874308159257267,0.5957126591721088,0.00022271714922048998,0.5,-0.14050295791874057,0.5929507165085758,0.41336369770708653,0.6402799168318529,0.20758436855339196,0.5437180318964348
2021-10-20 00:20:00,0.4839609483960949,0.3545816733067728,0.010871183916604465,-0.041956793429744677,0.5977280758006046,0.0028953229398663697,0.5,-0.14050295791874057,0.5929507165085758,0.41336369770708653,0.6402799168318529,0.20758436855339196,0.48747680190714726
2021-10-20 00:30:00,0.5055788005578801,-0.45019920318725104,0.008190618019359386,-0.041242635243706416,0.6069544960804072,0.00913140311804009,0.5,-0.14050295791874057,0.5929507165085758,0.41336369770708653,0.6402799168318529,0.20758436855339196,0.4990569880954177
2021-10-20 00:40:00,0.4951185495118549,0.1394422310756971,0.008190618019359386,-0.04159971433672538,0.596380102341286,0.00913140311804009,0.5,-0.14050295791874057,0.5929507165085758,0.41336369770708653,0.6402799168318529,0.20758436855339196,0.5124024925690662
2021-10-20 00:50:00,0.4881450488145049,0.2350597609561753,0.008190618019359386,-0.04909837529012662,0.5956603106882516,0.009242761692650333,0.5,-0.14050295791874057,0.5929507165085758,0.41336369770708653,0.6402799168318529,0.20758436855339196,0.504503824856285
2021-10-20 01:00:00,0.4916317991631799,0.09163346613545809,0.005807892777363932,-0.04909837529012662,0.5956603106882516,0.009354120267260579,0.5,-0.18131489885842378,0.5955397448901915,0.42773871268700486,0.6347474017092666,0.20782076917974404,0.5004903661903828
2021-10-20 01:10:00,0.49581589958159,-0.08366533864541836,0.005212211466865124,-0.05124084984824129,0.5956603106882516,0.011247216035634744,0.5,-0.18131489885842378,0.5955397448901915,0.42773871268700486,0.6347474017092666,0.20782076917974404,0.4853116465742263
2021-10-20 01:20:00,0.4860529986052998,-0.1394422310756973,0.0031273268801190746,-0.0526691662203177,0.5956603106882516,0.00957683741648107,0.5,-0.18131489885842378,0.5955397448901915,0.42773871268700486,0.6347474017092666,0.20782076917974404,0.4652141768637687
2021-10-20 01:30:00,0.4686192468619247,0.03585657370517925,-0.0007446016381237319,-0.054454561685413405,0.5956603106882516,0.00111358574610245,0.5,-0.18131489885842378,0.5955397448901915,0.42773871268700486,0.6347474017092666,0.20782076917974404,0.45102373372361454
2021-10-20 01:40:00,0.4783821478382148,0.20318725099601576,-0.0007446016381237319,-0.06123906445277627,0.5956603106882516,0.0006681514476614699,0.5,-0.18131489885842378,0.5955397448901915,0.42773871268700486,0.6347474017092666,0.20782076917974404,0.4870467884786578
2021-10-20 01:50:00,0.46234309623430964,0.29083665338645415,-0.0007446016381237319,-0.06338153901089094,0.5956603106882516,0.000556792873051225,0.5,-0.18131489885842378,0.5955397448901915,0.42773871268700486,0.6347474017092666,0.20782076917974404,0.4539885631516212
2021-10-20 02:00:00,0.46234309623430964,0.2350597609561753,-0.0007446016381237319,-0.06338153901089094,0.5956603106882516,0.00033407572383073496,0.5,-0.18624945509390067,0.5873732424922475,0.42804572968022425,0.6219761263659886,0.2065767141971888,0.4501033541047422
2021-10-20 02:10:00,0.4546722454672245,0.17131474103585642,-0.0007446016381237319,-0.06373861810391002,0.5956603106882516,0.00033407572383073496,0.5,-0.18624945509390067,0.5873732424922475,0.42804572968022425,0.6219761263659886,0.2065767141971888,0.4275540534423707
2021-10-20 02:20:00,0.45676429567642957,0.15537848605577675,-0.0022338049143708627,-0.06802356722013914,0.5956603106882516,0.00044543429844097997,0.5,-0.18624945509390067,0.5873732424922475,0.42804572968022425,0.6219761263659886,0.2065767141971888,0.43042835372753746
2021-10-20 02:30:00,0.4686192468619247,0.2828685258964143,-0.0037230081906179935,-0.07088019996429196,0.5956603106882516,0.000556792873051225,0.5,-0.18624945509390067,0.5873732424922475,0.42804572968022425,0.6219761263659886,0.2065767141971888,0.45812272734131
2021-10-20 02:40:00,0.48884239888423986,0.3784860557768923,-0.0037230081906179935,-0.0733797536154257,0.5956603106882516,0.00033407572383073496,0.5,-0.18624945509390067,0.5873732424922475,0.42804572968022425,0.6219761263659886,0.2065767141971888,0.49511142628664545
2021-10-20 02:50:00,0.5167364016736402,0.09960159362549792,-0.0037230081906179935,-0.07730762363863586,0.6020206514768816,0.00044543429844097997,0.5,-0.18624945509390067,0.5873732424922475,0.42804572968022425,0.6219761263659886,0.2065767141971888,0.5339182521840156
2021-10-20 03:00:00,0.5055788005578801,-0.4661354581673308,-0.0037230081906179935,-0.06980896268523484,0.6068236248707648,0.00033407572383073496,0.5,-0.1873731873846609,0.5932265730287051,0.4264751367595213,0.6203362589007092,0.20464556899164008,0.5091660757125398
2021-10-20 03:10:00,0.4909344490934449,-0.47410358565737054,-0.0037230081906179935,-0.06409569719692909,0.6068236248707648,0.000779510022271715,0.5,-0.1873731873846609,0.5932265730287051,0.4264751367595213,0.6203362589007092,0.20464556899164008,0.4762134677188165
2021-10-20 03:20:00,0.49023709902370993,0.019920318725099362,-0.0037230081906179935,-0.06338153901089094,0.598657261389067,0.0026726057906458797,0.5,-0.1873731873846609,0.5932265730287051,0.4264751367595213,0.6203362589007092,0.20464556899164008,0.4897777509543281
2021-10-20 03:30:00,0.5230125523012552,0.17131474103585642,-0.0037230081906179935,-0.06838064631315821,0.6008166363481698,0.005233853006681514,0.5,-0.1873731873846609,0.5932265730287051,0.4264751367595213,0.6203362589007092,0.20464556899164008,0.5363700831359295
2021-10-20 03:40:00,0.5292887029288703,-0.3944223107569722,-0.0037230081906179935,-0.06516693447598643,0.6068236248707648,0.00033407572383073496,0.5,-0.1873731873846609,0.5932265730287051,0.4264751367595213,0.6203362589007092,0.20464556899164008,0.5632044298927229
2021-10-20 03:50:00,0.5209205020920502,-0.33864541832669326,-0.0037230081906179935,-0.06338153901089094,0.6068236248707648,0.00022271714922048998,0.5,-0.1873731873846609,0.5932265730287051,0.4264751367595213,0.6203362589007092,0.20464556899164008,0.5250614843761788
2021-10-20 04:00:00,0.5202231520223152,-0.4900398406374503,-0.0037230081906179935,-0.06052490626673801,0.6068236248707648,0.00022271714922048998,0.5,-0.24653906664047343,0.5925369317283838,0.5007173240901055,0.6153493928725875,0.20136814251200102,0.5371169485643588
2021-10-20 04:10:00,0.5076708507670851,-0.5139442231075697,-0.0037230081906179935,-0.05981074808069986,0.6068236248707648,0.00033407572383073496,0.5,-0.24653906664047343,0.5925369317283838,0.5007173240901055,0.6153493928725875,0.20136814251200102,0.5088265914268902
2021-10-20 04:20:00,0.4874476987447699,-0.02788844621513953,-0.008488458674609234,-0.060167827173718935,0.5998220151548861,0.000779510022271715,0.5,-0.24653906664047343,0.5925369317283838,0.5007173240901055,0.6153493928725875,0.20136814251200102,0.4629584923880079
2021-10-20 04:30:00,0.4755927475592748,0.4581673306772909,-0.009977661950856476,-0.06588109266202469,0.5965109735509284,0.000779510022271715,0.5,-0.24653906664047343,0.5925369317283838,0.5007173240901055,0.6153493928725875,0.20136814251200102,0.46025016219804765
2021-10-20 04:40:00,0.5223152022315203,-0.298804780876494,-0.012658227848101444,-0.07052312087127288,0.606797450628836,0.00022271714922048998,0.5,-0.24653906664047343,0.5925369317283838,0.5007173240901055,0.6153493928725875,0.20136814251200102,0.5450533367533232
2021-10-20 04:50:00,0.5529986052998606,-0.33864541832669326,-0.011169024571854091,-0.06980896268523484,0.6068236248707648,0.00044543429844097997,0.5,-0.24653906664047343,0.5925369317283838,0.5007173240901055,0.6153493928725875,0.20136814251200102,0.609344116360125
2021-10-20 05:00:00,0.596931659693166,-0.3705179282868527,-0.00967982129560696,-0.06373861810391002,0.6068236248707648,0.00022271714922048998,0.5,-0.24664492934648297,0.581488303396196,0.49985549530616546,0.6159164325253831,0.19833137782422738,0.7242784072906137
2021-10-20 05:10:00,0.5557880055788006,-0.42629482071713154,-0.00967982129560696,-0.06266738082485268,0.6068236248707648,0.00022271714922048998,0.5,-0.24664492934648297,0.581488303396196,0.49985549530616546,0.6159164325253831,0.19833137782422738,0.6572566652081416
2021-10-20 05:20:00,0.5781032078103208,-0.2589641434262948,-0.00967982129560696,-0.059453668987680564,0.6030807082749866,0.00033407572383073496,0.5,-0.24664492934648297,0.581488303396196,0.49985549530616546,0.6159164325253831,0.19833137782422738,0.7173529278633614
2021-10-20 05:30:00,0.5690376569037657,0.394422310756972,-0.00967982129560696,-0.05981074808069986,0.5955163523576448,0.00022271714922048998,0.5,-0.24664492934648297,0.581488303396196,0.49985549530616546,0.6159164325253831,0.19833137782422738,0.7112648430073781
2021-10-20 05:40:00,0.5774058577405857,0.346613545816733,-0.00967982129560696,-0.06088198535975731,0.5955163523576448,0.00022271714922048998,0.5,-0.24664492934648297,0.581488303396196,0.49985549530616546,0.6159164325253831,0.19833137782422738,0.7251308900523561
2021-10-20 05:50:00,0.5760111576011158,0.21912350597609564,-0.011466865227103606,-0.05981074808069986,0.5955163523576448,0.00011135857461024499,0.5,-0.24664492934648297,0.581488303396196,0.49985549530616546,0.6159164325253831,0.19833137782422738,0.7298987582419241
2021-10-20 06:00:00,0.5822873082287308,0.33864541832669315,-0.012658227848101444,-0.05981074808069986,0.5984871288165318,0.00022271714922048998,0.5,-0.2776447582451339,0.576611964701859,0.5149752896339472,0.608148567893974,0.197851114321777,0.7518294430948896
2021-10-20 06:10:00,0.6143654114365412,-0.33067729083665354,-0.012658227848101444,-0.05374040349937503,0.606797450628836,0.00033407572383073496,0.5,-0.2776447582451339,0.576611964701859,0.5149752896339472,0.608148567893974,0.197851114321777,0.780036815184755
2021-10-20 06:20:00,0.5885634588563459,-0.33864541832669326,-0.012658227848101444,-0.04909837529012662,0.606797450628836,0.00011135857461024499,0.5,-0.2776447582451339,0.576611964701859,0.5149752896339472,0.608148567893974,0.197851114321777,0.7248140380524164
2021-10-20 06:30:00,0.6220362622036262,-0.15537848605577698,-0.012658227848101444,-0.04909837529012662,0.606797450628836,0.00044543429844097997,0.5,-0.2776447582451339,0.576611964701859,0.5149752896339472,0.608148567893974,0.197851114321777,0.7796973308991053
2021-10-20 06:40:00,0.6234309623430963,-0.298804780876494,-0.012658227848101444,-0.04874129619710765,0.606797450628836,0.00033407572383073496,0.5,-0.2776447582451339,0.576611964701859,0.5149752896339472,0.608148567893974,0.197851114321777,0.7747106839476743
2021-10-20 06:50:00,0.5718270571827057,-0.3784860557768924,-0.015338793745346302,-0.04624174254597391,0.606797450628836,0.00044543429844097997,0.5,-0.2776447582451339,0.576611964701859,0.5149752896339472,0.608148567893974,0.197851114321777,0.6836987190126288
2021-10-20 07:00:00,0.5523012552301255,-0.3545816733067729,-0.01861504095309008,-0.041956793429744677,0.606797450628836,0.00033407572383073496,0.5,-0.2702836313376291,0.59910863861934,0.5044268908334567,0.6119444788758198,0.19649720129608422,0.6461366688293073
2021-10-20 07:10:00,0.5781032078103208,-0.23505976095617542,-0.01861504095309008,-0.041956793429744677,0.606797450628836,0.00033407572383073496,0.5,-0.2702836313376291,0.59910863861934,0.5044268908334567,0.6119444788758198,0.19649720129608422,0.6685199993964723
2021-10-20 07:20:00,0.5411436541143654,-0.3227091633466136,-0.01861504095309008,-0.041956793429744677,0.606797450628836,0.00022271714922048998,0.5,-0.2702836313376291,0.59910863861934,0.5044268908334567,0.6119444788758198,0.19649720129608422,0.5923170934109873
2021-10-20 07:30:00,0.5564853556485356,-0.26693227091633476,-0.01861504095309008,-0.041956793429744677,0.606797450628836,0.00011135857461024499,0.5,-0.2702836313376291,0.59910863861934,0.5044268908334567,0.6119444788758198,0.19649720129608422,0.6231573547384462
2021-10-20 07:40:00,0.5453277545327755,-0.3545816733067729,-0.021295606850335158,-0.04624174254597391,0.606797450628836,0.00033407572383073496,0.5,-0.2702836313376291,0.59910863861934,0.5044268908334567,0.6119444788758198,0.19649720129608422,0.6046516891229236
2021-10-20 07:50:00,0.5383542538354253,-0.3545816733067729,-0.023976172747580238,-0.04838421710408858,0.606797450628836,0.00033407572383073496,0.5,-0.2702836313376291,0.59910863861934,0.5044268908334567,0.6119444788758198,0.19649720129608422,0.5902500113161429
2021-10-20 08:00:00,0.5348675034867504,-0.3944223107569722,-0.024571854058079046,-0.04909837529012662,0.606797450628836,0.00022271714922048998,0.5,-0.262319914162489,0.598792553023359,0.4950335150706539,0.6348766853035742,0.19592336109845332,0.5944294400772516
2021-10-20 08:10:00,0.5516039051603905,-0.38645418326693237,-0.024571854058079046,-0.05016961256918395,0.606797450628836,0.00033407572383073496,0.5,-0.262319914162489,0.598792553023359,0.4950335150706539,0.6348766853035742,0.19592336109845332,0.6140063672163798
2021-10-20 08:20:00,0.5676429567642958,-0.3705179282868527,-0.02010424422933743,-0.0526691662203177,0.606797450628836,0.00011135857461024499,0.5,-0.262319914162489,0.598792553023359,0.4950335150706539,0.6348766853035742,0.19592336109845332,0.6553178327323204
2021-10-20 08:30:00,0.5850767085076709,-0.2749003984063746,-0.01653015636634425,-0.0526691662203177,0.606797450628836,0.00022271714922048998,0.5,-0.262319914162489,0.598792553023359,0.4950335150706539,0.6348766853035742,0.19592336109845332,0.697029135295804
2021-10-20 08:40:00,0.6080892608089261,-0.21912350597609564,-0.011466865227103606,-0.0526691662203177,0.606797450628836,0.00022271714922048998,0.5,-0.262319914162489,0.598792553023359,0.4950335150706539,0.6348766853035742,0.19592336109845332,0.7405057561446656
2021-10-20 08:50:00,0.5753138075313807,-0.3227091633466136,-0.00967982129560696,-0.05159792894126036,0.606797450628836,0.00022271714922048998,0.5,-0.262319914162489,0.598792553023359,0.4950335150706539,0.6348766853035742,0.19592336109845332,0.6915370339635167
2021-10-20 09:00:00,0.5788005578800558,-0.3545816733067729,-0.004616530156366427,-0.04517050526691657,0.606797450628836,0.00022271714922048998,0.5,-0.2569537689491409,0.6108152996922469,0.4900068568396627,0.6516878469486971,0.1989115568355322,0.6923140757728926
2021-10-20 09:10:00,0.5725244072524408,-0.33864541832669326,-0.0031273268801192966,-0.041956793429744677,0.606797450628836,0.00033407572383073496,0.5,-0.2569537689491409,0.6108152996922469,0.4900068568396627,0.6516878469486971,0.1989115568355322,0.6870407532024685
2021-10-20 09:20:00,0.5509065550906556,-0.3545816733067729,0.0004467609828739949,-0.039814318871630006,0.606797450628836,0.00033407572383073496,0.5,-0.2569537689491409,0.6108152996922469,0.4900068568396627,0.6516878469486971,0.1989115568355322,0.6326930911175822
2021-10-20 09:30:00,0.5648535564853556,-0.3067729083665339,0.006105733432613558,-0.036243527941438924,0.606797450628836,0.00044543429844097997,0.5,-0.2569537689491409,0.6108152996922469,0.4900068568396627,0.6516878469486971,0.1989115568355322,0.660138509588545
2021-10-20 09:40:00,0.5934449093444909,-0.2589641434262948,0.012062546537602303,-0.031244420639171433,0.606797450628836,0.00044543429844097997,0.5,-0.2569537689491409,0.6108152996922469,0.4900068568396627,0.6516878469486971,0.1989115568355322,0.7543265386182235
2021-10-20 09:50:00,0.5934449093444909,0.027888446215139417,0.02010424422933732,-0.02945902517407606,0.606797450628836,0.0008908685968819599,0.5,-0.2569537689491409,0.6108152996922469,0.4900068568396627,0.6516878469486971,0.1989115568355322,0.758136306712736
2021-10-20 10:00:00,0.5578800557880056,-0.14741035856573714,0.02635889798957547,-0.024816996964827642,0.6162463519650312,0.0012249443207126948,0.5,0.010066362642138227,0.6262776323464787,0.278837246373338,0.6563562142534715,0.21898841175024422,0.6634654555879114
2021-10-20 10:10:00,0.6136680613668062,-0.2828685258964144,0.03261355174981384,-0.01981788966256015,0.6180523746580989,0.00757238307349666,0.5,0.010066362642138227,0.6262776323464787,0.278837246373338,0.6563562142534715,0.21898841175024422,0.7872338820405269
2021-10-20 10:20:00,0.612970711297071,-0.1633466135458168,0.04035740878629923,-0.011605070523120875,0.6180785489000274,0.058797327394209356,0.5,0.010066362642138227,0.6262776323464787,0.278837246373338,0.6563562142534715,0.21898841175024422,0.5813479789368862
2021-10-20 10:30:00,0.5725244072524408,-0.003984063745020028,0.05018615040953067,-0.0033922513836815993,0.6180785489000274,0.05757238307349666,0.5,0.010066362642138227,0.6262776323464787,0.278837246373338,0.6563562142534715,0.21898841175024422,0.495782850762708
2021-10-20 10:40:00,0.6073919107391912,-0.03585657370517936,0.06061057334326114,0.0001785395465094819,0.6180785489000274,0.0680400890868597,0.5,0.010066362642138227,0.6262776323464787,0.278837246373338,0.6563562142534715,0.21898841175024422,0.5183774159964996
2021-10-20 10:50:00,0.704323570432357,-0.059760956175298974,0.06954579300074437,0.0008926977325478536,0.6180785489000274,0.08953229398663697,0.5,0.010066362642138227,0.6262776323464787,0.278837246373338,0.6563562142534715,0.21898841175024422,0.5459661722769589
2021-10-20 11:00:00,0.6868898186889818,0.027888446215139417,0.0784810126582276,0.0008926977325478536,0.6180785489000274,0.08919821826280623,0.5,0.02056251319531599,0.6275822038062463,0.249351440868413,0.7839531006551561,0.24770437085469366,0.5181510931393999
2021-10-20 11:10:00,0.6534170153417015,0.03585657370517925,0.0895011169024571,0.0030351722906625245,0.6253549881561555,0.07939866369710467,0.5,0.02056251319531599,0.6275822038062463,0.249351440868413,0.7839531006551561,0.24770437085469366,0.5095206481886627
2021-10-20 11:20:00,0.698744769874477,-0.01195219123505975,0.10141474311243459,0.010890912337082836,0.6255382078496552,0.09521158129175948,0.5,0.02056251319531599,0.6275822038062463,0.249351440868413,0.7839531006551561,0.24770437085469366,0.5027460506661436
2021-10-20 11:30:00,0.7287308228730822,0.027888446215139417,0.11094564408041685,0.014461703267273585,0.6323042493881771,0.1042316258351893,0.5,0.02056251319531599,0.6275822038062463,0.249351440868413,0.7839531006551561,0.24770437085469366,0.48687327428821464
2021-10-20 11:40:00,0.7838214783821479,-0.13147410358565736,0.11481757259865955,0.018746652383502926,0.6318854615173208,0.11670378619153676,0.5,0.02056251319531599,0.6275822038062463,0.249351440868413,0.7839531006551561,0.24770437085469366,0.49392700333449013
2021-10-20 11:50:00,0.6290097629009763,-0.10756972111553798,0.12256142963514494,0.020174968755579448,0.6294905183808613,0.6257238307349666,0.5,0.02056251319531599,0.6275822038062463,0.249351440868413,0.7839531006551561,0.24770437085469366,0.1881120147260739
2021-10-20 12:00:00,0.6785216178521618,0.585657370517928,0.148175725986597,0.04374218889484016,0.6294905183808613,0.9992204899777284,0.5,0.02510620457517665,0.6185708908154155,0.24849430420704588,0.8258483986756899,0.2607464060748613,0.0
2021-10-20 12:10:00,0.6164574616457461,0.40239043824701204,0.1708116157855546,0.06552401356900561,0.6294905183808613,0.9992204899777284,0.5,0.02510620457517665,0.6185708908154155,0.24849430420704588,0.8258483986756899,0.2607464060748613,0.0
2021-10-20 12:20:00,0.598326359832636,-0.06772908366533881,0.1862993298585256,0.06945188359221577,0.6294905183808613,0.9992204899777284,0.5,0.02510620457517665,0.6185708908154155,0.24849430420704588,0.8258483986756899,0.2607464060748613,0.0
2021-10-20 12:30:00,0.6569037656903766,0.2669322709163344,0.19880863737900212,0.07230851633636859,0.6294905183808613,0.9992204899777284,0.5,0.02510620457517665,0.6185708908154155,0.24849430420704588,0.8258483986756899,0.2607464060748613,0.0
2021-10-20 12:40:00,0.603905160390516,0.3545816733067728,0.20297840655249444,0.07266559542938755,0.6294905183808613,0.9992204899777284,0.5,0.02510620457517665,0.6185708908154155,0.24849430420704588,0.8258483986756899,0.2607464060748613,0.0
2021-10-20 12:50:00,0.6868898186889818,0.15139442231075684,0.20744601638123594,0.07909301910373157,0.6294905183808613,0.9992204899777284,0.5,0.02510620457517665,0.6185708908154155,0.24849430420704588,0.8258483986756899,0.2607464060748613,0.0
2021-10-20 13:00:00,0.6373779637377964,-0.05179282868525903,0.2142963514519729,0.08087841456882705,0.6294905183808613,0.9992204899777284,0.5,0.17776009322855568,0.6095078547270627,0.17835404651821046,0.8273512526534358,0.2685816082542898,0.0
2021-10-20 13:10:00,0.6192468619246863,0.8007968127490039,0.2217423678332091,0.0830208891269415,0.6294905183808613,0.9992204899777284,0.5,0.17776009322855568,0.6095078547270627,0.17835404651821046,0.8273512526534358,0.2685816082542898,0.0
2021-10-20 13:20:00,0.596234309623431,0.21912350597609564,0.22323157110945635,0.08801999642920899,0.6294905183808613,0.9992204899777284,0.5,0.17776009322855568,0.6095078547270627,0.17835404651821046,0.8273512526534358,0.2685816082542898,0.0
2021-10-20 13:30:00,0.6276150627615062,0.2669322709163344,0.22978406552494413,0.09016247098732366,0.6294905183808613,0.9992204899777284,0.5,0.17776009322855568,0.6095078547270627,0.17835404651821046,0.8273512526534358,0.2685816082542898,0.0
2021-10-20 13:40:00,0.596931659693166,0.3577689243027886,0.22710349962769927,0.09159078735940018,0.6294905183808613,0.9992204899777284,0.5,0.17776009322855568,0.6095078547270627,0.17835404651821046,0.8273512526534358,0.2685816082542898,0.0
2021-10-20 13:50:00,0.598326359832636,0.44860557768924303,0.22680565897244964,0.09337618282449567,0.6294905183808613,0.9992204899777284,0.5,0.17776009322855568,0.6095078547270627,0.17835404651821046,0.8273512526534358,0.2685816082542898,0.0
2021-10-20 14:00:00,0.6192468619246863,0.5394422310756972,0.23097542814594174,0.0994465274058205,0.6294905183808613,0.9992204899777284,0.5,0.17657939386096366,0.5862382078521405,0.17902387871903025,0.8097830587167498,0.27187052501466835,0.0
2021-10-20 14:10:00,0.605997210599721,0.6302788844621514,0.23425167535368563,0.1008748437778968,0.6294905183808613,0.9992204899777284,0.5,0.17657939386096366,0.5862382078521405,0.17902387871903025,0.8097830587167498,0.27187052501466835,0.0
2021-10-20 14:20:00,0.5815899581589958,0.7211155378486056,0.2369322412509307,0.1040885556150688,0.6294905183808613,0.9992204899777284,0.5,0.17657939386096366,0.5862382078521405,0.17902387871903025,0.8097830587167498,0.27187052501466835,0.0
2021-10-20 14:30:00,0.6345885634588563,0.6494023904382469,0.24586746090841394,0.10444563470808776,0.6294905183808613,0.9992204899777284,0.5,0.17657939386096366,0.5862382078521405,0.17902387871903025,0.8097830587167498,0.27187052501466835,0.0
2021-10-20 14:40:00,0.6073919107391912,0.97609561752988,0.24378257632166767,0.10444563470808776,0.6294905183808613,0.9992204899777284,0.5,0.17657939386096366,0.5862382078521405,0.17902387871903025,0.8097830587167498,0.27187052501466835,0.0
2021-10-20 14:50:00,0.5732217573221757,0.6992031872509958,0.24318689501116886,0.10944474201035526,0.6294905183808613,0.9992204899777284,0.5,0.17657939386096366,0.5862382078521405,0.17902387871903025,0.8097830587167498,0.27187052501466835,0.0
2021-10-20 15:00:00,0.6241283124128312,0.4223107569721116,0.24735666418466096,0.11123013747545074,0.6294905183808613,0.9992204899777284,0.5,0.1738189587632406,0.5669454924757258,0.18069833240695615,0.7768859892681378,0.2770064020776019,0.0
2021-10-20 15:10:00,0.5676429567642958,0.14541832669322696,0.25152643335815306,0.11123013747545074,0.6338092682990668,0.955902004454343,0.5,0.1738189587632406,0.5669454924757258,0.18069833240695615,0.7768859892681378,0.2770064020776019,0.0
2021-10-20 15:20:00,0.5864714086471409,-0.13147410358565736,0.2601638123603871,0.11730048205677557,0.6465299498763267,0.050890868596881966,0.5,0.1738189587632406,0.5669454924757258,0.18069833240695615,0.7768859892681378,0.2770064020776019,0.603935000075441
2021-10-20 15:30:00,0.5781032078103208,0.05179282868525892,0.2595681310498881,0.12229958935904306,0.648519192262894,0.01091314031180401,0.5,0.1738189587632406,0.5669454924757258,0.18069833240695615,0.7768859892681378,0.2770064020776019,0.7383481449069813
2021-10-20 15:40:00,0.5627615062761506,-0.03585657370517936,0.22978406552494413,0.09658989466166767,0.6496185104238918,0.0033407572383073497,0.5,0.1738189587632406,0.5669454924757258,0.18069833240695615,0.7768859892681378,0.2770064020776019,0.7225206331004723
2021-10-20 15:50:00,0.5634588563458857,-0.003984063745020028,0.22263588979895732,0.09409034101053382,0.6439910484092605,0.0016703786191536749,0.5,0.1738189587632406,0.5669454924757258,0.18069833240695615,0.7768859892681378,0.2770064020776019,0.7009973293902863
2021-10-20 16:00:00,0.5739191073919108,0.17131474103585642,0.2134028294862247,0.10301731833601147,0.6412034916438734,0.005902004454342985,0.5,0.2243127345764473,0.5573163758200278,0.15437032539362786,0.7528273972647751,0.27878855431803307,0.6950978469152195
2021-10-20 16:10:00,0.5320781032078103,0.003984063745019917,0.21578555472822036,0.10980182110337444,0.6453651961105076,0.037416481069042315,0.5,0.2243127345764473,0.5573163758200278,0.15437032539362786,0.7528273972647751,0.27878855431803307,0.5636721637973957
2021-10-20 16:20:00,0.5767085076708507,-0.24302788844621515,0.22650781831720024,0.11944295661489024,0.643768567352868,0.05155902004454343,0.5,0.2243127345764473,0.5573163758200278,0.15437032539362786,0.7528273972647751,0.27878855431803307,0.5909591562683888
2021-10-20 16:30:00,0.5808926080892608,0.14741035856573692,0.2285927029039463,0.12265666845206202,0.6365575637015612,0.021269487750556794,0.5,0.2243127345764473,0.5573163758200278,0.15437032539362786,0.7528273972647751,0.27878855431803307,0.7322676041462347
2021-10-20 16:40:00,0.5878661087866108,0.09960159362549792,0.22680565897244964,0.12872701303338685,0.644776275667116,0.0024498886414253897,0.5,0.2243127345764473,0.5573163758200278,0.15437032539362786,0.7528273972647751,0.27878855431803307,0.7863210465168912
2021-10-20 16:50:00,0.6338912133891214,-0.1872509960159363,0.2285927029039463,0.13658275307980716,0.644422923401081,0.0036748329621380848,0.5,0.2243127345764473,0.5573163758200278,0.15437032539362786,0.7528273972647751,0.27878855431803307,0.8627125548832928
2021-10-20 17:00:00,0.5885634588563459,-0.01195219123505975,0.2285927029039463,0.1469380467773611,0.6403004802973393,0.0023385300668151447,0.5,0.21886517447167875,0.5579226854632249,0.14852520880896558,0.7526900673488637,0.2801736526286553,0.7926279101347377
2021-10-20 17:10:00,0.5788005578800558,0.11553784860557759,0.2259121370067012,0.15086591680057126,0.652916464906885,0.0006681514476614699,0.5,0.21886517447167875,0.5579226854632249,0.14852520880896558,0.7526900673488637,0.2801736526286553,0.7947855213724219
2021-10-20 17:20:00,0.602510460251046,-0.1872509960159363,0.22650781831720024,0.15122299589359045,0.6587402337359805,0.0006681514476614699,0.5,0.21886517447167875,0.5579226854632249,0.14852520880896558,0.7526900673488637,0.2801736526286553,0.8047437270848108
2021-10-20 17:30:00,0.5718270571827057,0.027888446215139417,0.2285927029039463,0.1551508659168006,0.6503383020769262,0.00111358574610245,0.5,0.21886517447167875,0.5579226854632249,0.14852520880896558,0.7526900673488637,0.2801736526286553,0.7771172503281681
2021-10-20 17:40:00,0.592747559274756,-0.09960159362549814,0.2256142963514518,0.15622210319585794,0.6585570140424808,0.0008908685968819599,0.5,0.21886517447167875,0.5579226854632249,0.14852520880896558,0.7526900673488637,0.2801736526286553,0.7689469951868673
2021-10-20 17:50:00,0.5376569037656904,-0.043824701195219196,0.21816827997021582,0.16050705231208706,0.6517647982620303,0.0006681514476614699,0.5,0.21886517447167875,0.5579226854632249,0.14852520880896558,0.7526900673488637,0.2801736526286553,0.6905638456779879
2021-10-20 18:00:00,0.6094839609483961,-0.0916334661354582,0.21578555472822036,0.15943581503302973,0.6590804988810511,0.00044543429844097997,0.5,0.052116003379335085,0.5302048522012484,0.22045760369242148,0.6989736741583485,0.29408388913781564,0.8365194562216153
2021-10-20 18:10:00,0.5683403068340307,-0.3545816733067729,0.2056589724497393,0.16157828959114462,0.6580727905668032,0.000556792873051225,0.5,0.052116003379335085,0.5302048522012484,0.22045760369242148,0.6989736741583485,0.29408388913781564,0.7205667124341778
2021-10-20 18:20:00,0.48884239888423986,0.03585657370517925,0.19970215934475055,0.16157828959114462,0.6502990407140333,0.00033407572383073496,0.5,0.052116003379335085,0.5302048522012484,0.22045760369242148,0.6989736741583485,0.29408388913781564,0.5639890157973355
2021-10-20 18:30:00,0.4072524407252441,-0.21912350597609564,0.1910647803425165,0.16157828959114462,0.6499980369318553,0.00022271714922048998,0.5,0.052116003379335085,0.5302048522012484,0.22045760369242148,0.6989736741583485,0.29408388913781564,0.4209756023960046
2021-10-20 18:40:00,0.4330543933054393,-0.02788844621513953,0.18183172002978387,0.1587216568469918,0.6466739082069335,0.00033407572383073496,0.5,0.052116003379335085,0.5302048522012484,0.22045760369242148,0.6989736741583485,0.29408388913781564,0.44771942000995824
2021-10-20 18:50:00,0.41841004184100417,-0.19521912350597614,0.17498138495904692,0.1505088377075523,0.6466608210859693,0.00022271714922048998,0.5,0.052116003379335085,0.5302048522012484,0.22045760369242148,0.6989736741583485,0.29408388913781564,0.4537697843897582
2021-10-20 19:00:00,0.42329149232914925,-0.003984063745020028,0.1669396872673119,0.1376539903588645,0.6459933779167921,0.00022271714922048998,0.5,0.05893157380221559,0.5609082575925209,0.24259351622212613,0.6257797582002498,0.2791893178376433,0.435362192012312
2021-10-20 19:10:00,0.36052998605299863,0.06772908366533859,0.1594936708860759,0.12944117121942522,0.6432189082723692,0.00022271714922048998,0.5,0.05893157380221559,0.5609082575925209,0.24259351622212613,0.6257797582002498,0.2791893178376433,0.30202785279961375
2021-10-20 19:20:00,0.47629009762900976,0.14741035856573692,0.15353685778108694,0.11301553294054645,0.6501419952624622,0.00022271714922048998,0.5,0.05893157380221559,0.5609082575925209,0.24259351622212613,0.6257797582002498,0.2791893178376433,0.5088341355221269
2021-10-20 19:30:00,0.5013947001394701,0.19521912350597592,0.1511541325390915,0.09801821103374397,0.6501419952624622,0.00022271714922048998,0.5,0.05893157380221559,0.5609082575925209,0.24259351622212613,0.6257797582002498,0.2791893178376433,0.5559620984655311
2021-10-20 19:40:00,0.4386331938633194,-0.2509960159362551,0.14579300074460155,0.0958757364756293,0.6447501014251874,0.00044543429844097997,0.5,0.05893157380221559,0.5609082575925209,0.24259351622212613,0.6257797582002498,0.2791893178376433,0.5191695459963487
2021-10-20 19:50:00,0.6192468619246863,-0.21912350597609564,0.14519731943410275,0.09194786645241915,0.6388216356283781,0.00033407572383073496,0.5,0.05893157380221559,0.5609082575925209,0.24259351622212613,0.6257797582002498,0.2791893178376433,0.878977624213528
2021-10-20 20:00:00,0.6220362622036262,-0.3466135458167332,0.14519731943410275,0.0898053918943047,0.6388216356283781,0.00044543429844097997,0.5,0.0609021410348729,0.5536239213579033,0.23127319985132314,0.6436306311679301,0.25817037994294806,0.9297720174419483
2021-10-20 20:10:00,0.6304044630404463,-0.12350597609561753,0.14519731943410275,0.09016247098732366,0.6325398175655338,0.000556792873051225,0.5,0.0609021410348729,0.5536239213579033,0.23127319985132314,0.6436306311679301,0.25817037994294806,0.9221524812529233
2021-10-20 20:20:00,0.6338912133891214,0.1394422310756971,0.14519731943410275,0.09016247098732366,0.6288885108165054,0.000556792873051225,0.5,0.0609021410348729,0.5536239213579033,0.23127319985132314,0.6436306311679301,0.25817037994294806,0.9325557885842752
2021-10-20 20:30:00,0.6018131101813111,0.09960159362549792,0.14221891288160804,0.09123370826638122,0.6288885108165054,0.00033407572383073496,0.5,0.0609021410348729,0.5536239213579033,0.23127319985132314,0.6436306311679301,0.25817037994294806,0.8581031126936947
2021-10-20 20:40:00,0.5536959553695956,0.08366533864541825,0.14072970960536102,0.09373326191751485,0.6288885108165054,0.000556792873051225,0.5,0.0609021410348729,0.5536239213579033,0.23127319985132314,0.6436306311679301,0.25817037994294806,0.7301401692894972
2021-10-20 20:50:00,0.5251046025104603,0.10756972111553775,0.1365599404318687,0.10016068559185864,0.6288885108165054,0.0006681514476614699,0.5,0.0609021410348729,0.5536239213579033,0.23127319985132314,0.6436306311679301,0.25817037994294806,0.6544728940658147
2021-10-20 21:00:00,0.5334728033472803,0.17131474103585642,0.1356664184661205,0.10301731833601147,0.6288885108165054,0.00033407572383073496,0.5,0.06150469794941871,0.5531440459530986,0.2371823575684001,0.6495917892117273,0.24359597013960937,0.6765469167282767
2021-10-20 21:10:00,0.5062761506276151,-0.05179282868525903,0.1323901712583766,0.1040885556150688,0.6288885108165054,0.0006681514476614699,0.5,0.06150469794941871,0.5531440459530986,0.2371823575684001,0.6495917892117273,0.24359597013960937,0.6400259516876141
2021-10-20 21:20:00,0.5376569037656904,0.11553784860557759,0.12970960536113174,0.10301731833601147,0.6288885108165054,0.00033407572383073496,0.5,0.06150469794941871,0.5531440459530986,0.2371823575684001,0.6495917892117273,0.24359597013960937,0.6877272658690043
2021-10-20 21:30:00,0.5857740585774059,0.1633466135458166,0.1291139240506327,0.09694697375468664,0.6288885108165054,0.000779510022271715,0.5,0.06150469794941871,0.5531440459530986,0.2371823575684001,0.6495917892117273,0.24359597013960937,0.8377491437451907
2021-10-20 21:40:00,0.5606694560669455,-0.10756972111553798,0.12822040208488428,0.09409034101053382,0.6288885108165054,0.00044543429844097997,0.5,0.06150469794941871,0.5531440459530986,0.2371823575684001,0.6495917892117273,0.24359597013960937,0.7449718605247673
2021-10-20 21:50:00,0.5118549511854951,-0.1633466135458168,0.12524199553239002,0.0994465274058205,0.6185235110128123,0.00022271714922048998,0.5,0.06150469794941871,0.5531440459530986,0.2371823575684001,0.6495917892117273,0.24359597013960937,0.6153492161685049
2021-10-20 22:00:00,0.4714086471408647,-0.17131474103585675,0.12077438570364829,0.10051776468487783,0.6176204996662785,0.00033407572383073496,0.5,-0.010355867458824886,0.5635403885554049,0.275893763750614,0.6729372782231591,0.23861665471647553,0.5423751829443095
2021-10-20 22:10:00,0.4735006973500697,-0.1633466135458168,0.11809381980640343,0.09801821103374397,0.6176204996662785,0.00033407572383073496,0.5,-0.010355867458824886,0.5635403885554049,0.275893763750614,0.6729372782231591,0.23861665471647553,0.5387540172307135
2021-10-20 22:20:00,0.48465829846582986,-0.23505976095617542,0.11541325390915858,0.09337618282449567,0.6176204996662785,0.00022271714922048998,0.5,-0.010355867458824886,0.5635403885554049,0.275893763750614,0.6729372782231591,0.23861665471647553,0.5467432140863346
2021-10-20 22:30:00,0.49442119944211993,-0.3545816733067729,0.11541325390915858,0.09016247098732366,0.6176204996662785,0.00022271714922048998,0.5,-0.010355867458824886,0.5635403885554049,0.275893763750614,0.6729372782231591,0.23861665471647553,0.5770327564615176
2021-10-20 22:40:00,0.5160390516039052,-0.4342629482071714,0.11213700670141469,0.08694875915015166,0.6176204996662785,0.00022271714922048998,0.5,-0.010355867458824886,0.5635403885554049,0.275893763750614,0.6729372782231591,0.23861665471647553,0.6084916335983825
2021-10-20 22:50:00,0.49302649930264997,-0.19521912350597614,0.10945644080416961,0.0801642563827889,0.6176204996662785,0.00033407572383073496,0.5,-0.010355867458824886,0.5635403885554049,0.275893763750614,0.6729372782231591,0.23861665471647553,0.5843278965553661
2021-10-20 23:00:00,0.5425383542538355,-0.03585657370517936,0.10796723752792259,0.07195143724334963,0.6176204996662785,0.00033407572383073496,0.5,-0.05344782559536099,0.5642127888232146,0.309954769206538,0.6963278447171936,0.23679933195239353,0.7063385488178403
2021-10-20 23:10:00,0.4679218967921897,0.20318725099601576,0.10439314966492907,0.0658810926620248,0.6176204996662785,0.00022271714922048998,0.5,-0.05344782559536099,0.5642127888232146,0.309954769206538,0.6963278447171936,0.23679933195239353,0.508011829141331
2021-10-20 23:20:00,0.46443514644351463,0.21912350597609564,0.09992553983618757,0.06088198535975731,0.6206436246090222,0.00044543429844097997,0.5,-0.05344782559536099,0.5642127888232146,0.309954769206538,0.6963278447171936,0.23679933195239353,0.5043303106658419
2021-10-20 23:30:00,0.4735006973500697,-0.3466135458167332,0.09516008935219644,0.05981074808069997,0.6257737760270118,0.00022271714922048998,0.5,-0.05344782559536099,0.5642127888232146,0.309954769206538,0.6963278447171936,0.23679933195239353,0.5112331578073841
2021-10-20 23:40:00,0.4874476987447699,0.2749003984063745,0.09456440804169763,0.053026245313336995,0.6176204996662785,0.00022271714922048998,0.5,-0.05344782559536099,0.5642127888232146,0.309954769206538,0.6963278447171936,0.23679933195239353,0.5827587247461412
2021-10-20 23:50:00,0.5439330543933054,0.17131474103585642,0.09158600148920315,0.04374218889484016,0.6176204996662785,0.00044543429844097997,0.5,-0.05344782559536099,0.5642127888232146,0.309954769206538,0.6963278447171936,0.23679933195239353,0.7013066372949892
2021-10-21 00:00:00,0.5620641562064157,0.20318725099601576,0.09158600148920315,0.04017139796464919,0.6176204996662785,0.00033407572383073496,0.5,-0.04399399244152291,0.5740459243635919,0.29730949887243224,0.7008695231403572,0.2369964701135657,0.7585210555698055
2021-10-21 00:10:00,0.5460251046025105,0.10756972111553775,0.09009679821295591,0.04017139796464919,0.6176204996662785,0.00033407572383073496,0.5,-0.04399399244152291,0.5740459243635919,0.29730949887243224,0.7008695231403572,0.2369964701135657,0.7246556120524466
2021-10-21 00:20:00,0.5843793584379359,-0.01195219123505975,0.0856291883842144,0.04017139796464919,0.6176204996662785,0.000779510022271715,0.5,-0.04399399244152291,0.5740459243635919,0.29730949887243224,0.7008695231403572,0.2369964701135657,0.8389411107925826
2021-10-21 00:30:00,0.5732217573221757,0.2828685258964143,0.0856291883842144,0.04017139796464919,0.6176204996662785,0.0006681514476614699,0.5,-0.04399399244152291,0.5740459243635919,0.29730949887243224,0.7008695231403572,0.2369964701135657,0.7548169048086063
2021-10-21 00:40:00,0.5509065550906556,0.2589641434262948,0.08354430379746813,0.04017139796464919,0.6176204996662785,0.00044543429844097997,0.5,-0.04399399244152291,0.5740459243635919,0.29730949887243224,0.7008695231403572,0.2369964701135657,0.7364093124311601
2021-10-21 00:50:00,0.5411436541143654,0.3705179282868525,0.0826507818317197,0.04017139796464919,0.6176204996662785,0.00033407572383073496,0.5,-0.04399399244152291,0.5740459243635919,0.29730949887243224,0.7008695231403572,0.2369964701135657,0.715331110339937
2021-10-21 01:00:00,0.5411436541143654,0.1633466135458166,0.07907669396872663,0.04017139796464919,0.6211932836895211,0.00044543429844097997,0.5,-0.09544860405646949,0.5628478737496672,0.3363312192150789,0.692668486141531,0.2323467079794522,0.6865051224406657
2021-10-21 01:10:00,0.5251046025104603,0.05179282868525892,0.07669396872673095,0.04017139796464919,0.6176204996662785,0.00111358574610245,0.5,-0.09544860405646949,0.5628478737496672,0.3363312192150789,0.692668486141531,0.2323467079794522,0.6637747634926143
2021-10-21 01:20:00,0.5843793584379359,-0.11553784860557781,0.07669396872673095,0.04017139796464919,0.6176204996662785,0.0013363028953229399,0.5,-0.09544860405646949,0.5628478737496672,0.3363312192150789,0.692668486141531,0.2323467079794522,0.8139173468925873
2021-10-21 01:30:00,0.596234309623431,-0.003984063745020028,0.07669396872673095,0.03660060703445822,0.6176204996662785,0.0014476614699331849,0.5,-0.09544860405646949,0.5628478737496672,0.3363312192150789,0.692668486141531,0.2323467079794522,0.8711393092626402
2021-10-21 01:40:00,0.6213389121338913,-0.03585657370517936,0.07669396872673095,0.03302981610426703,0.6176204996662785,0.0016703786191536749,0.5,-0.09544860405646949,0.5628478737496672,0.3363312192150789,0.692668486141531,0.2323467079794522,0.8888905653544971
2021-10-21 01:50:00,0.5899581589958159,-0.20318725099601598,0.07490692479523453,0.0337439742903054,0.617607412545314,0.0014476614699331849,0.5,-0.09544860405646949,0.5628478737496672,0.3363312192150789,0.692668486141531,0.2323467079794522,0.8085836715602698
2021-10-21 02:00:00,0.5760111576011158,-0.38645418326693237,0.07073715562174243,0.04052847705766838,0.6175943254243499,0.000556792873051225,0.5,-0.09544046590263644,0.5617387006583211,0.33506041488255045,0.6945093398714997,0.2265134374815221,0.7993949635620201
2021-10-21 02:10:00,0.6080892608089261,-0.29083665338645437,0.06716306775874892,0.041956793429744677,0.6175943254243499,0.00044543429844097997,0.5,-0.09544046590263644,0.5617387006583211,0.33506041488255045,0.6945093398714997,0.2265134374815221,0.8793925494515443
2021-10-21 02:20:00,0.6457461645746164,-0.1633466135458168,0.06478034251675346,0.03624352794143926,0.6175943254243499,0.0033407572383073497,0.5,-0.09544046590263644,0.5617387006583211,0.33506041488255045,0.6945093398714997,0.2265134374815221,0.9887970185735625
2021-10-21 02:30:00,0.6331938633193863,-0.08366533864541836,0.06478034251675346,0.030887341546152358,0.6175943254243499,0.0028953229398663697,0.5,-0.09544046590263644,0.5617387006583211,0.33506041488255045,0.6945093398714997,0.2265134374815221,0.9280745960137001
2021-10-21 02:40:00,0.5794979079497908,0.08366533864541825,0.06418466120625443,0.035529369755400886,0.6175943254243499,0.00033407572383073496,0.5,-0.09544046590263644,0.5617387006583211,0.33506041488255045,0.6945093398714997,0.2265134374815221,0.7938651417535495
2021-10-21 02:50:00,0.4714086471408647,0.11553784860557759,0.05793000744601606,0.03874308159257289,0.6175943254243499,0.00022271714922048998,0.5,-0.09544046590263644,0.5617387006583211,0.33506041488255045,0.6945093398714997,0.2265134374815221,0.5060126439036167
2021-10-21 03:00:00,0.45258019525801957,-0.19521912350597614,0.0546537602382724,0.04231387252276364,0.6175943254243499,0.00022271714922048998,0.5,-0.09146677882198895,0.559120937222528,0.3370434073331789,0.6850272199836247,0.22499145113915417,0.4719963184815245
2021-10-21 03:10:00,0.5034867503486751,-0.02788844621513953,0.05018615040953067,0.03874308159257289,0.6175943254243499,0.00033407572383073496,0.5,-0.09146677882198895,0.559120937222528,0.3370434073331789,0.6850272199836247,0.22499145113915417,0.590468790078006
2021-10-21 03:20:00,0.5244072524407252,-0.1633466135458168,0.04988830975428127,0.030887341546152358,0.6175943254243499,0.00044543429844097997,0.5,-0.09146677882198895,0.559120937222528,0.3370434073331789,0.6850272199836247,0.22499145113915417,0.650248200733286
2021-10-21 03:30:00,0.5188284518828452,-0.14741035856573714,0.04810126582278462,0.025888234243884867,0.6175943254243499,0.0006681514476614699,0.5,-0.09146677882198895,0.559120937222528,0.3370434073331789,0.6850272199836247,0.22499145113915417,0.6735669991097968
2021-10-21 03:40:00,0.5599721059972106,-0.21912350597609564,0.04690990320178701,0.02053204784859841,0.6175943254243499,0.00033407572383073496,0.5,-0.09146677882198895,0.559120937222528,0.3370434073331789,0.6850272199836247,0.22499145113915417,0.7526970140471053
2021-10-21 03:50:00,0.5655509065550907,-0.4342629482071714,0.043335815338793715,0.018746652383502926,0.6175943254243499,0.00022271714922048998,0.5,-0.09146677882198895,0.559120937222528,0.3370434073331789,0.6850272199836247,0.22499145113915417,0.7728548365194563
2021-10-21 04:00:00,0.5613668061366807,-0.3784860557768924,0.040655249441548635,0.018746652383502926,0.6175943254243499,0.00033407572383073496,0.5,-0.15351523218920016,0.5590347320599873,0.37246094346918046,0.6709629459626759,0.22336929503514769,0.7585059673793322
2021-10-21 04:10:00,0.5690376569037657,-0.553784860557769,0.03588979895755773,0.018746652383502926,0.6175943254243499,0.00011135857461024499,0.5,-0.15351523218920016,0.5590347320599873,0.37246094346918046,0.6709629459626759,0.22336929503514769,0.7413054302397514
2021-10-21 04:20:00,0.5516039051603905,-0.33864541832669326,0.034996276991809294,0.018746652383502926,0.6145973747235346,0.00033407572383073496,0.5,-0.15351523218920016,0.5590347320599873,0.37246094346918046,0.6709629459626759,0.22336929503514769,0.7282164250041493
2021-10-21 04:30:00,0.5850767085076709,0.09960159362549792,0.03588979895755773,0.013390465988216471,0.6063394013950871,0.00033407572383073496,0.5,-0.15351523218920016,0.5590347320599873,0.37246094346918046,0.6709629459626759,0.22336929503514769,0.8333735685079289
2021-10-21 04:40:00,0.606694560669456,0.03585657370517925,0.03588979895755773,0.00910551687198713,0.6063394013950871,0.00022271714922048998,0.5,-0.15351523218920016,0.5590347320599873,0.37246094346918046,0.6709629459626759,0.22336929503514769,0.8352822246028034
2021-10-21 04:50:00,0.5850767085076709,0.09960159362549792,0.034996276991809294,0.008034279592929794,0.6063394013950871,0.00033407572383073496,0.5,-0.15351523218920016,0.5590347320599873,0.37246094346918046,0.6709629459626759,0.22336929503514769,0.8379226579356338
2021-10-21 05:00:00,0.5634588563458857,0.1872509960159361,0.034400595681310264,0.008034279592929794,0.6117574694742904,0.00033407572383073496,0.5,-0.16268406319343165,0.554026212116425,0.3928326179114551,0.6451876848063663,0.22562564761327544,0.7746050666143609
2021-10-21 05:10:00,0.5369595536959554,-0.3784860557768924,0.030826507818317195,0.010890912337082836,0.6177121095130282,0.00022271714922048998,0.5,-0.16268406319343165,0.554026212116425,0.3928326179114551,0.6451876848063663,0.22562564761327544,0.6934456900583914
2021-10-21 05:20:00,0.5397489539748954,0.027888446215139417,0.02635889798957547,0.01553294054633092,0.6095326589103663,0.00011135857461024499,0.5,-0.16268406319343165,0.554026212116425,0.3928326179114551,0.6451876848063663,0.22562564761327544,0.6971498408195905
2021-10-21 05:30:00,0.5237099023709902,-0.11553784860557781,0.026061057334326065,0.010533833244063429,0.6173325830050648,0.0006681514476614699,0.5,-0.16268406319343165,0.554026212116425,0.3928326179114551,0.6451876848063663,0.22562564761327544,0.654729393303861
2021-10-21 05:40:00,0.5885634588563459,-0.09960159362549814,0.026061057334326065,0.008748437778968166,0.6177513708759209,0.00044543429844097997,0.5,-0.16268406319343165,0.554026212116425,0.3928326179114551,0.6451876848063663,0.22562564761327544,0.8002700786094724
2021-10-21 05:50:00,0.5536959553695956,-0.12350597609561753,0.025167535368577854,0.0033922513836814883,0.6177513708759209,0.00044543429844097997,0.5,-0.16268406319343165,0.554026212116425,0.3928326179114551,0.6451876848063663,0.22562564761327544,0.7233731158622146
2021-10-21 06:00:00,0.5334728033472803,-0.10756972111553798,0.021891288160833966,0.004106409569719638,0.6177513708759209,0.00033407572383073496,0.5,-0.1478233940570799,0.554669877330053,0.41040626553076726,0.6062196205036604,0.2292607382922155,0.6707530515865232
2021-10-21 06:10:00,0.48326359832635984,-0.3227091633466136,0.018912881608339482,0.0026780931976433386,0.6177513708759209,0.00022271714922048998,0.5,-0.1478233940570799,0.554669877330053,0.41040626553076726,0.6062196205036604,0.2292607382922155,0.5303423510418396
2021-10-21 06:20:00,0.44002789400278935,-0.5219123505976095,0.014743112434847383,0.008034279592929794,0.6177513708759209,0.00022271714922048998,0.5,-0.1478233940570799,0.554669877330053,0.41040626553076726,0.6062196205036604,0.2292607382922155,0.44510916305807446
2021-10-21 06:30:00,0.396792189679219,-0.33864541832669326,0.012956068503350515,0.002321014104624153,0.6137990603447148,0.00022271714922048998,0.5,-0.1478233940570799,0.554669877330053,0.41040626553076726,0.6062196205036604,0.2292607382922155,0.34544412088658205
2021-10-21 06:40:00,0.4686192468619247,0.09960159362549792,0.00908413998510782,-0.010176754151044465,0.6065095339676225,0.00022271714922048998,0.5,-0.1478233940570799,0.554669877330053,0.41040626553076726,0.6062196205036604,0.2292607382922155,0.5005808953332227
2021-10-21 06:50:00,0.46373779637377965,0.20318725099601576,0.008190618019359386,-0.025174076057846828,0.6128698747562523,0.00022271714922048998,0.5,-0.1478233940570799,0.554669877330053,0.41040626553076726,0.6062196205036604,0.2292607382922155,0.4887743862878525
2021-10-21 07:00:00,0.5160390516039052,-0.19521912350597614,0.007594936708860578,-0.027673629708980574,0.6177906322388138,0.00022271714922048998,0.5,-0.1737257702312336,0.5755142856321873,0.4356591424042715,0.611087500420965,0.21647322928212553,0.6328892375937354
2021-10-21 07:10:00,0.49721059972105996,-0.29083665338645437,0.005212211466865124,-0.027673629708980574,0.6130923558126448,0.00011135857461024499,0.5,-0.1737257702312336,0.5755142856321873,0.4356591424042715,0.611087500420965,0.21647322928212553,0.5711559062721608
2021-10-21 07:20:00,0.4470013947001395,-0.0916334661354582,0.004914370811615498,-0.03088734154615247,0.6066011438143722,0.00022271714922048998,0.5,-0.1737257702312336,0.5755142856321873,0.4356591424042715,0.611087500420965,0.21647322928212553,0.4738974304811624
2021-10-21 07:30:00,0.4428172942817294,-0.11553784860557781,-0.000148920327624813,-0.031244420639171433,0.6066011438143722,0.00022271714922048998,0.5,-0.1737257702312336,0.5755142856321873,0.4356591424042715,0.611087500420965,0.21647322928212553,0.43060941201321723
2021-10-21 07:40:00,0.4818688981868898,-0.03585657370517936,-0.0007446016381237319,-0.037671844313515335,0.6066011438143722,0.00022271714922048998,0.5,-0.1737257702312336,0.5755142856321873,0.4356591424042715,0.611087500420965,0.21647322928212553,0.5396593086591126
2021-10-21 07:50:00,0.46234309623430964,0.2350597609561753,-0.0010424422933731359,-0.04517050526691657,0.6066011438143722,0.00022271714922048998,0.5,-0.1737257702312336,0.5755142856321873,0.4356591424042715,0.611087500420965,0.21647322928212553,0.5185584742821794
2021-10-21 08:00:00,0.4665271966527197,0.14741035856573692,-0.0037230081906179935,-0.04909837529012662,0.6066011438143722,0.00022271714922048998,0.5,-0.17459705298771977,0.5829250561051932,0.4334284819702654,0.592667390883467,0.21360498278393128,0.4729016099099235
2021-10-21 08:10:00,0.49442119944211993,0.21912350597609564,-0.0037230081906179935,-0.05195500803427966,0.6066011438143722,0.00022271714922048998,0.5,-0.17459705298771977,0.5829250561051932,0.4334284819702654,0.592667390883467,0.21360498278393128,0.5665011995111426
2021-10-21 08:20:00,0.4665271966527197,0.4581673306772909,-0.0037230081906179935,-0.0526691662203177,0.6069675832013715,0.00022271714922048998,0.5,-0.17459705298771977,0.5829250561051932,0.4334284819702654,0.592667390883467,0.21360498278393128,0.5070009203796189
2021-10-21 08:30:00,0.47280334728033474,-0.2509960159362551,-0.0037230081906179935,-0.052312087127298734,0.6146628103283558,0.00022271714922048998,0.5,-0.17459705298771977,0.5829250561051932,0.4334284819702654,0.592667390883467,0.21360498278393128,0.519999396472381
2021-10-21 08:40:00,0.4679218967921897,0.22709163346613526,-0.0028294862248698927,-0.05302624531333677,0.6066273180563008,0.00011135857461024499,0.5,-0.17459705298771977,0.5829250561051932,0.4334284819702654,0.592667390883467,0.21360498278393128,0.524857793804789
2021-10-21 08:50:00,0.5,0.10756972111553775,-0.0031273268801192966,-0.05623995715050878,0.6066273180563008,0.00022271714922048998,0.5,-0.17459705298771977,0.5829250561051932,0.4334284819702654,0.592667390883467,0.21360498278393128,0.5793789700801183
2021-10-21 09:00:00,0.4435146443514645,0.21912350597609564,-0.0016381236038721658,-0.058025352615604264,0.6133540982319299,0.00022271714922048998,0.5,-0.17520778140918813,0.6028327016410586,0.4418914225082642,0.5622557397701499,0.22083123787474201,0.462867963245168
2021-10-21 09:10:00,0.43165969316596936,-0.21115537848605592,0.0040208488458675085,-0.0526691662203177,0.6172671474002434,0.00022271714922048998,0.5,-0.17520778140918813,0.6028327016410586,0.4418914225082642,0.5622557397701499,0.22083123787474201,0.4228842584908792
2021-10-21 09:20:00,0.43096234309623427,0.15537848605577675,0.0016381236038716107,-0.05159792894126036,0.6137205376189293,0.00022271714922048998,0.5,-0.17520778140918813,0.6028327016410586,0.4418914225082642,0.5622557397701499,0.22083123787474201,0.4282631983946165
2021-10-21 09:30:00,0.4923291492329149,-0.03585657370517936,0.008190618019359386,-0.0526691662203177,0.617908416327492,0.00022271714922048998,0.5,-0.17520778140918813,0.6028327016410586,0.4418914225082642,0.5622557397701499,0.22083123787474201,0.555434011798965
2021-10-21 09:40:00,0.40794979079497906,-0.2270916334661356,0.015636634400595373,-0.05052669166220303,0.617908416327492,0.00022271714922048998,0.5,-0.17520778140918813,0.6028327016410586,0.4418914225082642,0.5622557397701499,0.22083123787474201,0.39223259954433665
2021-10-21 09:50:00,0.3772663877266388,0.027888446215139417,0.023976172747579794,-0.04374218889484016,0.617908416327492,0.00022271714922048998,0.5,-0.17520778140918813,0.6028327016410586,0.4418914225082642,0.5622557397701499,0.22083123787474201,0.3101151228933114
2021-10-21 10:00:00,0.4700139470013947,0.14741035856573692,0.03261355174981384,-0.04231387252276375,0.617908416327492,0.00022271714922048998,0.5,0.059151437368067494,0.6146571764361083,0.24602459915006641,0.5910155533847006,0.24613697413146393,0.5253481599951718
2021-10-21 10:10:00,0.49023709902370993,0.11553784860557759,0.03201787043931481,-0.041956793429744677,0.625171768462656,0.010133630289532295,0.5,0.059151437368067494,0.6146571764361083,0.24602459915006641,0.5910155533847006,0.24613697413146393,0.543710487801198
2021-10-21 10:20:00,0.4721059972105997,-0.09960159362549814,0.03410275502606086,-0.03945723977861093,0.6291633403567549,0.032405345211581296,0.5,0.059151437368067494,0.6146571764361083,0.24602459915006641,0.5910155533847006,0.24613697413146393,0.43928512153537425
2021-10-21 10:30:00,0.49860529986053004,-0.0916334661354582,0.039166046165301394,-0.03802892340653463,0.6337045713313528,0.037750556792873056,0.5,0.059151437368067494,0.6146571764361083,0.24602459915006641,0.5910155533847006,0.24613697413146393,0.4643013413401331
2021-10-21 10:40:00,0.5313807531380753,0.019920318725099362,0.04601638123603857,-0.036957686127477296,0.63790553716088,0.03708240534521158,0.5,0.059151437368067494,0.6146571764361083,0.24602459915006641,0.5910155533847006,0.24613697413146393,0.5304479683751527
2021-10-21 10:50:00,0.4909344490934449,-0.059760956175298974,0.04810126582278462,-0.030530262453133394,0.6404967871118032,0.020601336302895325,0.5,0.059151437368067494,0.6146571764361083,0.24602459915006641,0.5910155533847006,0.24613697413146393,0.4975481690480861
2021-10-21 11:00:00,0.5223152022315203,-0.01195219123505975,0.05405807892777359,-0.027673629708980574,0.6429179044901911,0.00155902004454343,0.5,0.06827140609621085,0.6092003896473354,0.25625697715456247,0.5900127647334126,0.2855806979273436,0.642568311782368
2021-10-21 11:10:00,0.5404463040446305,0.14741035856573692,0.0588235294117645,-0.023388680592751232,0.640483699990839,0.0008908685968819599,0.5,0.06827140609621085,0.6092003896473354,0.25625697715456247,0.5900127647334126,0.2855806979273436,0.6703607586342171
2021-10-21 11:20:00,0.4818688981868898,0.01195219123505975,0.06686522710349951,-0.01481878236029266,0.6441873552237244,0.0006681514476614699,0.5,0.06827140609621085,0.6092003896473354,0.25625697715456247,0.5900127647334126,0.2855806979273436,0.5442159421820542
2021-10-21 11:30:00,0.45397489539748953,0.08366533864541825,0.0746090841399849,-0.002321014104624264,0.6433236052400833,0.000556792873051225,0.5,0.06827140609621085,0.6092003896473354,0.25625697715456247,0.5900127647334126,0.2855806979273436,0.4879068153356368
2021-10-21 11:40:00,0.4093444909344491,-0.059760956175298974,0.0895011169024571,0.006605963220853273,0.6479433589404667,0.00044543429844097997,0.5,0.06827140609621085,0.6092003896473354,0.25625697715456247,0.5900127647334126,0.2855806979273436,0.38136910240354877
2021-10-21 11:50:00,0.3926080892608089,0.07569721115537842,0.10528667163067751,0.02231744331369412,0.6553114080433445,0.00033407572383073496,0.5,0.06827140609621085,0.6092003896473354,0.25625697715456247,0.5900127647334126,0.2855806979273436,0.32767023250901517
2021-10-21 12:00:00,0.35006973500697347,-0.0916334661354582,0.1133283693224123,0.023745759685770418,0.6539372603420974,0.00022271714922048998,0.5,0.07429710865402606,0.6054504650768517,0.25915252403856825,0.506120983937975,0.3185385749146621,0.2545453173800866
2021-10-21 12:10:00,0.36610878661087864,0.05976095617529875,0.11988086373789986,0.038386002499553706,0.6618418814045098,0.00033407572383073496,0.5,0.07429710865402606,0.6054504650768517,0.25915252403856825,0.506120983937975,0.3185385749146621,0.2596753021410142
2021-10-21 12:20:00,0.3263598326359832,-0.2509960159362551,0.12643335815338785,0.03660060703445822,0.6572875633089477,0.00033407572383073496,0.5,0.07429710865402606,0.6054504650768517,0.25915252403856825,0.506120983937975,0.3185385749146621,0.23051737405133002
2021-10-21 12:30:00,0.25662482566248257,0.49003984063745,0.13804914370811594,0.03302981610426703,0.6639358207587913,0.00044543429844097997,0.5,0.07429710865402606,0.6054504650768517,0.25915252403856825,0.506120983937975,0.3185385749146621,0.13674427025966776
2021-10-21 12:40:00,0.2377963737796374,-0.20318725099601598,0.1475800446760982,0.03945723977861104,0.6564761618091636,0.00044543429844097997,0.5,0.07429710865402606,0.6054504650768517,0.25915252403856825,0.506120983937975,0.3185385749146621,0.11535676026374157
2021-10-21 12:50:00,0.2789400278940028,0.5617529880478087,0.16187639612807136,0.04017139796464919,0.6587009723730877,0.00033407572383073496,0.5,0.07429710865402606,0.6054504650768517,0.25915252403856825,0.506120983937975,0.3185385749146621,0.15724157701766828
2021-10-21 13:00:00,0.24198047419804744,0.298804780876494,0.16842889054355892,0.04088555615068734,0.6817343052701835,0.00033407572383073496,0.5,0.2162187402337985,0.5842497421028888,0.19079983823590396,0.39071652592787987,0.3488639488631062,0.1129803702641942
2021-10-21 13:10:00,0.18619246861924685,0.33864541832669315,0.17289650037230064,0.04445634708087853,0.6817343052701835,0.00044543429844097997,0.5,0.2162187402337985,0.5842497421028888,0.19079983823590396,0.39071652592787987,0.3488639488631062,0.07169908112920018
2021-10-21 13:20:00,0.1924686192468619,-0.02788844621513953,0.17974683544303782,0.05409748259239433,0.6734894190627004,0.00033407572383073496,0.5,0.2162187402337985,0.5842497421028888,0.19079983823590396,0.39071652592787987,0.3488639488631062,0.07406792703351088
2021-10-21 13:30:00,0.1499302649930265,0.3306772908366533,0.18868205510052105,0.06409569719692909,0.672154532724346,0.00022271714922048998,0.5,0.2162187402337985,0.5842497421028888,0.19079983823590396,0.39071652592787987,0.3488639488631062,0.04822185675271965
2021-10-21 13:40:00,0.12691771269177127,0.9681274900398404,0.1973194341027551,0.07409391180146407,0.7003834526442527,0.00022271714922048998,0.5,0.2162187402337985,0.5842497421028888,0.19079983823590396,0.39071652592787987,0.3488639488631062,0.030281998279946286
2021-10-21 13:50:00,0.09344490934449094,-0.11553784860557781,0.20327624720774362,0.08766291733619003,0.7250134142989884,0.6037861915367483,0.5,0.2162187402337985,0.5842497421028888,0.19079983823590396,0.39071652592787987,0.3488639488631062,0.0009128355236356503
2021-10-21 14:00:00,0.11924686192468618,-0.8645418326693228,0.22055100521221127,0.11622924477771823,0.7250134142989884,0.9993318485523385,0.5,0.22143829861888187,0.559856554609534,0.18308345244349894,0.27031077275564114,0.3771363838534765,0.0
2021-10-21 14:10:00,0.0794979079497908,-0.05179282868525903,0.23186895011169018,0.14015354400999835,0.7250134142989884,0.9993318485523385,0.5,0.22143829861888187,0.559856554609534,0.18308345244349894,0.27031077275564114,0.3771363838534765,0.0
2021-10-21 14:20:00,0.06276150627615062,-0.2270916334661356,0.240506329113924,0.14836636314943763,0.7250134142989884,0.9993318485523385,0.5,0.22143829861888187,0.559856554609534,0.18308345244349894,0.27031077275564114,0.3771363838534765,0.0
2021-10-21 14:30:00,0.08716875871687588,0.2589641434262948,0.25033507073715544,0.1533654704517049,0.7250134142989884,0.9993318485523385,0.5,0.22143829861888187,0.559856554609534,0.18308345244349894,0.27031077275564114,0.3771363838534765,0.0
2021-10-21 14:40:00,0.09274755927475593,0.6573705179282865,0.2595681310498881,0.15800749866095343,0.7250134142989884,0.9993318485523385,0.5,0.22143829861888187,0.559856554609534,0.18308345244349894,0.27031077275564114,0.3771363838534765,0.0
2021-10-21 14:50:00,0.11785216178521618,0.5968127490039838,0.2720774385703646,0.16157828959114462,0.7250134142989884,0.9993318485523385,0.5,0.22143829861888187,0.559856554609534,0.18308345244349894,0.27031077275564114,0.3771363838534765,0.0
2021-10-21 15:00:00,0.08368200836820083,0.5362549800796812,0.27773641102010416,0.16443492233529722,0.7250134142989884,0.9993318485523385,0.5,0.22599829965949803,0.5406730324390043,0.17810967570204617,0.18750310270455425,0.4188959470428141,0.0
2021-10-21 15:10:00,0.06834030683403068,0.47569721115537833,0.28101265822784804,0.1697911087305839,0.7250134142989884,0.9993318485523385,0.5,0.22599829965949803,0.5406730324390043,0.17810967570204617,0.18750310270455425,0.4188959470428141,0.0
2021-10-21 15:20:00,0.06345885634588563,0.41513944223107546,0.28548026805658955,0.17514729512587035,0.7250134142989884,0.9993318485523385,0.5,0.22599829965949803,0.5406730324390043,0.17810967570204617,0.18750310270455425,0.4188959470428141,0.0
2021-10-21 15:30:00,0.08926080892608089,0.3545816733067728,0.2911392405063289,0.17657561149794687,0.7250134142989884,0.9993318485523385,0.5,0.22599829965949803,0.5406730324390043,0.17810967570204617,0.18750310270455425,0.4188959470428141,0.0
2021-10-21 15:40:00,0.10739191073919108,0.31587933978372207,0.29650037230081905,0.18157471880021436,0.7250134142989884,0.9993318485523385,0.5,0.22599829965949803,0.5406730324390043,0.17810967570204617,0.18750310270455425,0.4188959470428141,0.0
2021-10-21 15:50:00,0.10808926080892609,0.27717700626067154,0.3057334326135517,0.18264595607927148,0.7250134142989884,0.9993318485523385,0.5,0.22599829965949803,0.5406730324390043,0.17810967570204617,0.18750310270455425,0.4188959470428141,0.0
2021-10-21 16:00:00,0.055788005578800565,0.2384746727376208,0.31198808637378983,0.1837171933583288,0.7250134142989884,0.9993318485523385,0.5,0.2563548141682588,0.530897367006986,0.15624083371662903,0.13154323231631554,0.45011337230289,0.0
2021-10-21 16:10:00,0.11576011157601115,0.19977233921457027,0.3224125093075203,0.18657382610248163,0.7250134142989884,0.9993318485523385,0.5,0.2563548141682588,0.530897367006986,0.15624083371662903,0.13154323231631554,0.45011337230289,0.0
2021-10-21 16:20:00,0.09693165969316596,0.16107000569151952,0.3307520476545047,0.18443135154436718,0.7250134142989884,0.9993318485523385,0.5,0.2563548141682588,0.530897367006986,0.15624083371662903,0.13154323231631554,0.45011337230289,0.0
2021-10-21 16:30:00,0.044630404463040445,0.122367672168469,0.3289650037230081,0.18621674700946267,0.7250134142989884,0.9993318485523385,0.5,0.2563548141682588,0.530897367006986,0.15624083371662903,0.13154323231631554,0.45011337230289,0.0
2021-10-21 16:40:00,0.0801952580195258,0.08366533864541847,0.3334326135517496,0.19300124977682542,0.7250134142989884,0.9993318485523385,0.5,0.2563548141682588,0.530897367006986,0.15624083371662903,0.13154323231631554,0.45011337230289,0.0
2021-10-21 16:50:00,0.05230125523012552,0.044963005122367505,0.3384959046909901,0.1937154079628638,0.7250134142989884,0.9993318485523385,0.5,0.2563548141682588,0.530897367006986,0.15624083371662903,0.13154323231631554,0.45011337230289,0.0
2021-10-21 17:00:00,0.04393305439330544,0.00626067159931698,0.33611317944899466,0.19907159435815025,0.7250134142989884,0.9993318485523385,0.5,0.2587406940711212,0.5242394549534933,0.15315658741671642,0.10882782453132321,0.4489966015436377,0.0
2021-10-21 17:10:00,0.05718270571827057,-0.03244166192373377,0.3379002233804913,0.19907159435815025,0.7250134142989884,0.9993318485523385,0.5,0.2587406940711212,0.5242394549534933,0.15315658741671642,0.10882782453132321,0.4489966015436377,0.0
2021-10-21 17:20:00,0.03695955369595537,-0.07114399544678429,0.33998510796723735,0.1937154079628638,0.7250134142989884,0.9993318485523385,0.5,0.2587406940711212,0.5242394549534933,0.15315658741671642,0.10882782453132321,0.4489966015436377,0.0
2021-10-21 17:30:00,0.07670850767085077,-0.10984632896983493,0.34743112434847334,0.19550080342795928,0.7250134142989884,0.9993318485523385,0.5,0.2587406940711212,0.5242394549534933,0.15315658741671642,0.10882782453132321,0.4489966015436377,0.0
2021-10-21 17:40:00,0.056485355648535567,-0.14854866249288556,0.35160089352196544,0.1937154079628638,0.7250134142989884,0.9993318485523385,0.5,0.2587406940711212,0.5242394549534933,0.15315658741671642,0.10882782453132321,0.4489966015436377,0.0
2021-10-21 17:50:00,0.01882845188284519,-0.1872509960159362,0.34802680565897237,0.1937154079628638,0.7250134142989884,0.9993318485523385,0.5,0.2587406940711212,0.5242394549534933,0.15315658741671642,0.10882782453132321,0.4489966015436377,0.0
2021-10-21 18:00:00,0.0397489539748954,-0.22595332953898684,0.34772896500372297,0.1937154079628638,0.7250134142989884,0.9993318485523385,0.5,0.08329497172158296,0.5255497734240981,0.2771650753396368,0.1584021612172471,0.46075862682523905,0.0
2021-10-21 18:10:00,0.0404463040446304,-0.2646556630620376,0.3456440804169767,0.18907337975361527,0.7250134142989884,0.9993318485523385,0.5,0.08329497172158296,0.5255497734240981,0.2771650753396368,0.1584021612172471,0.46075862682523905,0.0
2021-10-21 18:20:00,0.055090655509065556,-0.3033579965850882,0.33998510796723735,0.184074272451348,0.7250134142989884,0.9993318485523385,0.5,0.08329497172158296,0.5255497734240981,0.2771650753396368,0.1584021612172471,0.46075862682523905,0.0
2021-10-21 18:30:00,0.06694560669456066,-0.34206033010813885,0.3307520476545047,0.1780039278700234,0.7250134142989884,0.9993318485523385,0.5,0.08329497172158296,0.5255497734240981,0.2771650753396368,0.1584021612172471,0.46075862682523905,0.0
2021-10-21 18:40:00,0.06834030683403068,-0.3807626636311895,0.31675353685778074,0.17229066238171753,0.7250134142989884,0.9993318485523385,0.5,0.08329497172158296,0.5255497734240981,0.2771650753396368,0.1584021612172471,0.46075862682523905,0.0
2021-10-21 18:50:00,0.07601115760111576,-0.4194649971542401,0.303350707371556,0.16300660596322092,0.7250134142989884,0.9993318485523385,0.5,0.08329497172158296,0.5255497734240981,0.2771650753396368,0.1584021612172471,0.46075862682523905,0.0
2021-10-21 19:00:00,0.10460251046025104,-0.4581673306772909,0.29262844378257613,0.15657918228887713,0.7250134142989884,0.9993318485523385,0.5,0.05043857645011718,0.5326358377848734,0.4642284622379878,0.15568210671950003,0.4340032809629552,0.0
2021-10-21 19:10:00,0.23291492329149233,-0.7609561752988048,0.28696947133283657,0.14836636314943763,0.7113635471332662,0.6630289532293987,0.5,0.05043857645011718,0.5326358377848734,0.4642284622379878,0.15568210671950003,0.4340032809629552,0.021576112376842645
2021-10-21 19:20:00,0.24407252440725244,-0.2749003984063746,0.28190618019359626,0.1455097304052848,0.693120100509089,0.00022271714922048998,0.5,0.05043857645011718,0.5326358377848734,0.4642284622379878,0.15568210671950003,0.4340032809629552,0.12168625616729786
2021-10-21 19:30:00,0.2503486750348675,-0.19521912350597614,0.2836932241250929,0.1519371540796286,0.679889021214223,0.00033407572383073496,0.5,0.05043857645011718,0.5326358377848734,0.4642284622379878,0.15568210671950003,0.4340032809629552,0.11949092445343029
2021-10-21 19:40:00,0.23361227336122734,-0.5219123505976095,0.2765450483991063,0.15729334047491506,0.679889021214223,0.00022271714922048998,0.5,0.05043857645011718,0.5326358377848734,0.4642284622379878,0.15568210671950003,0.4340032809629552,0.1176275329299757
2021-10-21 19:50:00,0.26429567642956764,-0.5139442231075697,0.270886075949367,0.1637207641492593,0.6766957636989439,0.00022271714922048998,0.5,0.05043857645011718,0.5326358377848734,0.4642284622379878,0.15568210671950003,0.4340032809629552,0.1511610362569217
2021-10-21 20:00:00,0.2768479776847978,-0.21912350597609564,0.2673119880863737,0.16193536868416358,0.6659643245082514,0.00022271714922048998,0.5,0.04846800921745986,0.5373713747137272,0.4410775294630424,0.17774018427432953,0.32540216244482634,0.16784103082517313
2021-10-21 20:10:00,0.394700139470014,-0.21115537848605592,0.2524199553239015,0.1569362613818961,0.6659643245082514,0.00022271714922048998,0.5,0.04846800921745986,0.5373713747137272,0.4410775294630424,0.17774018427432953,0.32540216244482634,0.325444724414201
2021-10-21 20:20:00,0.3563458856345886,-0.043824701195219196,0.20089352196574817,0.10765934654525999,0.6659643245082514,0.00022271714922048998,0.5,0.04846800921745986,0.5373713747137272,0.4410775294630424,0.17774018427432953,0.32540216244482634,0.2769814566139083
2021-10-21 20:30:00,0.3521617852161785,-0.19521912350597614,0.18183172002978387,0.07373683270844489,0.6659643245082514,0.00022271714922048998,0.5,0.04846800921745986,0.5373713747137272,0.4410775294630424,0.17774018427432953,0.32540216244482634,0.266766751663473
2021-10-21 20:40:00,0.38772663877266383,-0.4581673306772909,0.1720029784065522,0.06302445991787198,0.6659643245082514,0.00022271714922048998,0.5,0.04846800921745986,0.5373713747137272,0.4410775294630424,0.17774018427432953,0.32540216244482634,0.3005341219427554
2021-10-21 20:50:00,0.37796373779637377,-0.4661354581673308,0.1669396872673119,0.055168719871451444,0.6659643245082514,0.00022271714922048998,0.5,0.04846800921745986,0.5373713747137272,0.4410775294630424,0.17774018427432953,0.32540216244482634,0.2945516544200854
2021-10-21 21:00:00,0.34658298465829845,-0.09960159362549814,0.16098287416232293,0.05195500803427966,0.6573922602766618,0.00022271714922048998,0.5,0.0344704513306715,0.5300812914682765,0.40933468618640384,0.2690898655032156,0.2672807373610612,0.24838933566697347
2021-10-21 21:10:00,0.3472803347280335,-0.4342629482071714,0.15413253909158597,0.0433851098018212,0.6547094004789886,0.00022271714922048998,0.5,0.0344704513306715,0.5300812914682765,0.40933468618640384,0.2690898655032156,0.2672807373610612,0.23275042624138087
2021-10-21 21:20:00,0.3354253835425383,-0.2828685258964144,0.14996276991809365,0.04017139796464919,0.6547094004789886,0.00022271714922048998,0.5,0.0344704513306715,0.5300812914682765,0.40933468618640384,0.2690898655032156,0.2672807373610612,0.2311510780512093
2021-10-21 21:30:00,0.29707112970711297,0.1633466135458166,0.14519731943410275,0.033386895197286215,0.6411773174019448,0.00033407572383073496,0.5,0.0344704513306715,0.5300812914682765,0.40933468618640384,0.2690898655032156,0.2672807373610612,0.1897038188210088
2021-10-21 21:40:00,0.3103207810320781,-0.21115537848605592,0.14519731943410275,0.029816104267095245,0.6408501393778383,0.00033407572383073496,0.5,0.0344704513306715,0.5300812914682765,0.40933468618640384,0.2690898655032156,0.2672807373610612,0.21279629434041974
2021-10-21 21:50:00,0.3410041841004184,0.01195219123505975,0.14519731943410275,0.031958578825209694,0.6295297797437541,0.00033407572383073496,0.5,0.0344704513306715,0.5300812914682765,0.40933468618640384,0.2690898655032156,0.2672807373610612,0.2230713520527483
2021-10-21 22:00:00,0.3647140864714087,0.5139442231075697,0.14519731943410275,0.023745759685770418,0.6270694010024734,0.00022271714922048998,0.5,-0.04139638712664151,0.5345438453824216,0.45576311223164073,0.340748073177155,0.23804391711452488,0.2741071563287415
2021-10-21 22:10:00,0.38284518828451886,0.4581673306772909,0.14460163812360372,0.021246206034636783,0.6270694010024734,0.00022271714922048998,0.5,-0.04139638712664151,0.5345438453824216,0.45576311223164073,0.340748073177155,0.23804391711452488,0.3112165607978635
2021-10-21 22:20:00,0.35564853556485354,0.14741035856573692,0.1401340282948622,0.02053204784859841,0.6270694010024734,0.00022271714922048998,0.5,-0.04139638712664151,0.5345438453824216,0.45576311223164073,0.340748073177155,0.23804391711452488,0.27655144318541874
2021-10-21 22:30:00,0.36262203626220363,0.346613545816733,0.13536857781087108,0.018746652383502926,0.6270694010024734,0.00033407572383073496,0.5,-0.04139638712664151,0.5345438453824216,0.45576311223164073,0.340748073177155,0.23804391711452488,0.2768154865187018
2021-10-21 22:40:00,0.35704323570432356,0.346613545816733,0.13119880863737876,0.013747545081235657,0.6270694010024734,0.00022271714922048998,0.5,-0.04139638712664151,0.5345438453824216,0.45576311223164073,0.340748073177155,0.23804391711452488,0.28979133032575405
2021-10-21 22:50:00,0.35355648535564854,-0.05179282868525903,0.12613551749813845,0.011962149616140172,0.6270694010024734,0.00022271714922048998,0.5,-0.04139638712664151,0.5345438453824216,0.45576311223164073,0.340748073177155,0.23804391711452488,0.2680266155679949
2021-10-21 23:00:00,0.3263598326359832,-0.45019920318725104,0.1243484735666418,0.018032494197464777,0.6270694010024734,0.00033407572383073496,0.5,-0.11793098778843336,0.5286847678351311,0.5318580539079231,0.39567260799525905,0.22144671467502564,0.2198198470057486
2021-10-21 23:10:00,0.3263598326359832,-0.19521912350597614,0.12077438570364829,0.018032494197464777,0.6155658216748897,0.00033407572383073496,0.5,-0.11793098778843336,0.5286847678351311,0.5318580539079231,0.39567260799525905,0.22144671467502564,0.22325241033842813
2021-10-21 23:20:00,0.3396094839609484,-0.4422310756972112,0.11392405063291133,0.011605070523120764,0.6131839656593945,0.00033407572383073496,0.5,-0.11793098778843336,0.5286847678351311,0.5318580539079231,0.39567260799525905,0.22144671467502564,0.2447681699533775
2021-10-21 23:30:00,0.35564853556485354,0.2350597609561753,0.1088607594936708,0.006605963220853273,0.6024787007106307,0.00022271714922048998,0.5,-0.11793098778843336,0.5286847678351311,0.5318580539079231,0.39567260799525905,0.22144671467502564,0.2619913393786683
2021-10-21 23:40:00,0.3207810320781032,-0.059760956175298974,0.10618019359642594,0.0001785395465094819,0.6127913520304669,0.00022271714922048998,0.5,-0.11793098778843336,0.5286847678351311,0.5318580539079231,0.39567260799525905,0.22144671467502564,0.22480649395717972
2021-10-21 23:50:00,0.3284518828451883,-0.4342629482071714,0.1005212211466866,0.0008926977325478536,0.6131708785384303,0.00022271714922048998,0.5,-0.11793098778843336,0.5286847678351311,0.5318580539079231,0.39567260799525905,0.22144671467502564,0.2195859800534122
2021-10-22 00:00:00,0.33437935843793587,-0.11155378486055789,0.09605361131794465,-0.005891805034815012,0.6062347306016149,0.000278396425389755,0.5,-0.11968172480832817,0.526891700454301,0.5271034119720396,0.43973042275288543,0.20616157692018222,0.2301363972418788
2021-10-22 00:10:00,0.3403068340306834,0.2111553784860556,0.09158600148920315,-0.01267630780217821,0.5992985303163157,0.00033407572383073496,0.5,-0.11968172480832817,0.526891700454301,0.5271034119720396,0.43973042275288543,0.20616157692018222,0.2406868144303454
2021-10-22 00:20:00,0.3486750348675035,-0.12350597609561753,0.08711839166046165,-0.01696125691840733,0.5992985303163157,0.00022271714922048998,0.5,-0.11968172480832817,0.526891700454301,0.5271034119720396,0.43973042275288543,0.20616157692018222,0.25373809918976414
2021-10-22 00:30:00,0.36541143654114366,-0.4183266932270917,0.08384214445271776,-0.015890019639349995,0.5992985303163157,0.00022271714922048998,0.5,-0.11968172480832817,0.526891700454301,0.5271034119720396,0.43973042275288543,0.20616157692018222,0.27406189175732154
2021-10-22 00:40:00,0.3451882845188285,-0.2270916334661356,0.0814594192107223,-0.01696125691840733,0.5992985303163157,0.00022271714922048998,0.5,-0.11968172480832817,0.526891700454301,0.5271034119720396,0.43973042275288543,0.20616157692018222,0.24852512938123333
2021-10-22 00:50:00,0.3563458856345886,0.09163346613545809,0.07788533134772879,-0.02053204784859841,0.5992985303163157,0.00022271714922048998,0.5,-0.11968172480832817,0.526891700454301,0.5271034119720396,0.43973042275288543,0.20616157692018222,0.2710819741388415
2021-10-22 01:00:00,0.38354253835425384,0.2669322709163344,0.07669396872673095,-0.027673629708980574,0.5992985303163157,0.00022271714922048998,0.5,-0.16423935110897359,0.5152310154680789,0.5055560437899314,0.484354255551688,0.19838796060038055,0.31522247536852904
2021-10-22 01:10:00,0.42747559274755925,0.3306772908366533,0.0740134028294861,-0.03088734154615247,0.5992985303163157,0.00022271714922048998,0.5,-0.16423935110897359,0.5152310154680789,0.5055560437899314,0.484354255551688,0.19838796060038055,0.3870875265929357
2021-10-22 01:20:00,0.405160390516039,0.09960159362549792,0.07252419955323886,-0.03088734154615247,0.5992985303163157,0.00022271714922048998,0.5,-0.16423935110897359,0.5152310154680789,0.5055560437899314,0.484354255551688,0.19838796060038055,0.36881572792974937
2021-10-22 01:30:00,0.41631799163179917,0.24302788844621515,0.06865227103499616,-0.027673629708980574,0.5992985303163157,0.00022271714922048998,0.5,-0.16423935110897359,0.5152310154680789,0.5055560437899314,0.484354255551688,0.19838796060038055,0.38993919459239257
2021-10-22 01:40:00,0.4609483960948396,0.31474103585657365,0.06775874906924773,-0.027673629708980574,0.5992985303163157,0.00022271714922048998,0.5,-0.16423935110897359,0.5152310154680789,0.5055560437899314,0.484354255551688,0.19838796060038055,0.4699367804819168
2021-10-22 01:50:00,0.47419804741980476,0.43426294820717115,0.06775874906924773,-0.027673629708980574,0.5992985303163157,0.00022271714922048998,0.5,-0.16423935110897359,0.5152310154680789,0.5055560437899314,0.484354255551688,0.19838796060038055,0.4830710502889389
2021-10-22 02:00:00,0.4421199442119944,0.019920318725099362,0.06775874906924773,-0.023745759685770196,0.6079491172736909,0.00022271714922048998,0.5,-0.15862892786827398,0.4953693460189025,0.46584052337710585,0.533988424323425,0.19604640555237884,0.4309187199179203
2021-10-22 02:10:00,0.46582984658298465,-0.24302788844621515,0.06775874906924773,-0.018032494197464666,0.6105534543455785,0.00022271714922048998,0.5,-0.15862892786827398,0.4953693460189025,0.46584052337710585,0.533988424323425,0.19604640555237884,0.47118155619596547
2021-10-22 02:20:00,0.4909344490934449,-0.3466135458167332,0.06775874906924773,-0.016604177825388367,0.6105534543455785,0.00033407572383073496,0.5,-0.15862892786827398,0.4953693460189025,0.46584052337710585,0.533988424323425,0.19604640555237884,0.49732184619098635
2021-10-22 02:30:00,0.47419804741980476,-0.5378486055776892,0.06537602382725227,-0.0112479914301018,0.6105534543455785,0.00022271714922048998,0.5,-0.15862892786827398,0.4953693460189025,0.46584052337710585,0.533988424323425,0.19604640555237884,0.47628136457594644
2021-10-22 02:40:00,0.44421199442119946,-0.21115537848605592,0.06478034251675346,-0.00981967505802539,0.6024787007106307,0.00022271714922048998,0.5,-0.15862892786827398,0.4953693460189025,0.46584052337710585,0.533988424323425,0.19604640555237884,0.45736831781764414
2021-10-22 02:50:00,0.45676429567642957,-0.1633466135458168,0.06478034251675346,-0.00981967505802539,0.5992985303163157,0.00022271714922048998,0.5,-0.15862892786827398,0.4953693460189025,0.46584052337710585,0.533988424323425,0.19604640555237884,0.49633356971498405
2021-10-22 03:00:00,0.46373779637377965,-0.08366533864541836,0.06478034251675346,-0.00981967505802539,0.5992985303163157,0.00011135857461024499,0.5,-0.15212280740958894,0.49235791234084547,0.43551685695759984,0.5588226817293905,0.195079306599284,0.49865715104787484
2021-10-22 03:10:00,0.44421199442119946,0.03585657370517925,0.06478034251675346,-0.00981967505802539,0.5992985303163157,0.00022271714922048998,0.5,-0.15212280740958894,0.49235791234084547,0.43551685695759984,0.5588226817293905,0.195079306599284,0.47220000905291426
2021-10-22 03:20:00,0.42189679218967924,0.10756972111553775,0.06180193596425898,-0.00981967505802539,0.5992985303163157,0.00022271714922048998,0.5,-0.15212280740958894,0.49235791234084547,0.43551685695759984,0.5588226817293905,0.195079306599284,0.4300964135371245
2021-10-22 03:30:00,0.42329149232914925,-0.03585657370517936,0.0588235294117645,-0.00981967505802539,0.5992985303163157,0.00022271714922048998,0.5,-0.15212280740958894,0.49235791234084547,0.43551685695759984,0.5588226817293905,0.195079306599284,0.4295456945848484
2021-10-22 03:40:00,0.4456066945606694,-0.06772908366533881,0.0588235294117645,-0.00981967505802539,0.5992985303163157,0.00022271714922048998,0.5,-0.15212280740958894,0.49235791234084547,0.43551685695759984,0.5588226817293905,0.195079306599284,0.4710457624817056
2021-10-22 03:50:00,0.4470013947001395,-0.06772908366533881,0.05793000744601606,-0.00981967505802539,0.5992985303163157,0.00022271714922048998,0.5,-0.15212280740958894,0.49235791234084547,0.43551685695759984,0.5588226817293905,0.195079306599284,0.4966127012387404
2021-10-22 04:00:00,0.4602510460251046,-0.043824701195219196,0.055845122859270235,-0.01410462417425462,0.5992985303163157,0.00011135857461024499,0.5,-0.18384733223646144,0.4778582040016435,0.4506815434851337,0.5763061361465349,0.1918035337352935,0.5254613214237217
2021-10-22 04:10:00,0.4776847977684798,-0.03585657370517936,0.055845122859270235,-0.01696125691840733,0.5992985303163157,0.00011135857461024499,0.5,-0.18384733223646144,0.4778582040016435,0.4506815434851337,0.5763061361465349,0.1918035337352935,0.5541137951325498
2021-10-22 04:20:00,0.4700139470013947,-0.03585657370517936,0.055845122859270235,-0.012319228709159136,0.5992985303163157,0.00011135857461024499,0.5,-0.18384733223646144,0.4778582040016435,0.4506815434851337,0.5763061361465349,0.1918035337352935,0.5326131237080737
2021-10-22 04:30:00,0.4860529986052998,-0.21912350597609564,0.055845122859270235,-0.00910551687198713,0.5992985303163157,0.00022271714922048998,0.5,-0.18384733223646144,0.4778582040016435,0.4506815434851337,0.5763061361465349,0.1918035337352935,0.5289165170421112
2021-10-22 04:40:00,0.5244072524407252,-0.19521912350597614,0.054951600893522023,-0.008391358685948758,0.5992985303163157,0.00044543429844097997,0.5,-0.18384733223646144,0.4778582040016435,0.4506815434851337,0.5763061361465349,0.1918035337352935,0.6312446248321439
2021-10-22 04:50:00,0.4860529986052998,0.019920318725099362,0.053760238272523964,-0.00910551687198713,0.5992985303163157,0.000556792873051225,0.5,-0.18384733223646144,0.4778582040016435,0.4506815434851337,0.5763061361465349,0.1918035337352935,0.5739396774144877
2021-10-22 05:00:00,0.46582984658298465,0.019920318725099362,0.04988830975428127,-0.008034279592929794,0.5992985303163157,0.00033407572383073496,0.5,-0.18376591734504066,0.47219739832819524,0.44960210166510756,0.597219041320933,0.19034423557036068,0.5262081868521509
2021-10-22 05:10:00,0.4463040446304045,-0.01195219123505975,0.04780342516753522,-0.003749330476700563,0.5992985303163157,0.00022271714922048998,0.5,-0.18376591734504066,0.47219739832819524,0.44960210166510756,0.597219041320933,0.19034423557036068,0.4905925132398871
2021-10-22 05:20:00,0.4490934449093445,-0.03585657370517936,0.04690990320178701,-0.004463488662738713,0.5992985303163157,0.00022271714922048998,0.5,-0.18376591734504066,0.47219739832819524,0.44960210166510756,0.597219041320933,0.19034423557036068,0.49821959352414863
2021-10-22 05:30:00,0.45746164574616455,0.09960159362549792,0.04690990320178701,-0.008391358685948758,0.5992985303163157,0.00022271714922048998,0.5,-0.18376591734504066,0.47219739832819524,0.44960210166510756,0.597219041320933,0.19034423557036068,0.5045868099038883
2021-10-22 05:40:00,0.4686192468619247,0.17928286852589648,0.04690990320178701,-0.0112479914301018,0.5992985303163157,0.00022271714922048998,0.5,-0.18376591734504066,0.47219739832819524,0.44960210166510756,0.597219041320933,0.19034423557036068,0.5238770614240233
2021-10-22 05:50:00,0.48117154811715485,0.043824701195219085,0.04690990320178701,-0.016604177825388367,0.5992985303163157,0.00022271714922048998,0.5,-0.18376591734504066,0.47219739832819524,0.44960210166510756,0.597219041320933,0.19034423557036068,0.5582026947508185
2021-10-22 06:00:00,0.4860529986052998,0.05179282868525892,0.044825018615040735,-0.016604177825388367,0.5992985303163157,0.00022271714922048998,0.5,-0.20575971166921203,0.48113112667273905,0.4971468724403362,0.6132883049917564,0.1944124412821847,0.5796128370324547
2021-10-22 06:10:00,0.4665271966527197,0.043824701195219085,0.042740134028294685,-0.01696125691840733,0.5992985303163157,0.00022271714922048998,0.5,-0.20575971166921203,0.48113112667273905,0.4971468724403362,0.6132883049917564,0.1944124412821847,0.5419074490396367
2021-10-22 06:20:00,0.4435146443514645,0.17928286852589648,0.04035740878629923,-0.01696125691840733,0.5992985303163157,0.00022271714922048998,0.5,-0.20575971166921203,0.48113112667273905,0.4971468724403362,0.6132883049917564,0.1944124412821847,0.43668995277396383
2021-10-22 06:30:00,0.4679218967921897,0.10756972111553775,0.037974683544303556,-0.018032494197464666,0.5992985303163157,0.00022271714922048998,0.5,-0.20575971166921203,0.48113112667273905,0.4971468724403362,0.6132883049917564,0.1944124412821847,0.5043831193324985
2021-10-22 06:40:00,0.4595536959553696,0.06772908366533859,0.037974683544303556,-0.01838957329048374,0.5992985303163157,0.00011135857461024499,0.5,-0.20575971166921203,0.48113112667273905,0.4971468724403362,0.6132883049917564,0.1944124412821847,0.507506374760475
2021-10-22 06:50:00,0.47419804741980476,0.1394422310756971,0.03588979895755773,-0.02053204784859841,0.5992985303163157,0.00022271714922048998,0.5,-0.20575971166921203,0.48113112667273905,0.4971468724403362,0.6132883049917564,0.1944124412821847,0.5170119347586645
2021-10-22 07:00:00,0.48117154811715485,0.10756972111553775,0.034996276991809294,-0.02053204784859841,0.5992985303163157,0.00033407572383073496,0.5,-0.19933500610194776,0.47626053498923926,0.49142121476009876,0.6271666909020367,0.19644362898404388,0.5449854398961933
2021-10-22 07:10:00,0.4602510460251046,0.17131474103585642,0.03410275502606086,-0.02053204784859841,0.5992985303163157,0.00022271714922048998,0.5,-0.19933500610194776,0.47626053498923926,0.49142121476009876,0.6271666909020367,0.19644362898404388,0.5146657211400637
2021-10-22 07:20:00,0.4790794979079498,0.298804780876494,0.03201787043931481,-0.02053204784859841,0.5992985303163157,0.00022271714922048998,0.5,-0.19933500610194776,0.47626053498923926,0.49142121476009876,0.6271666909020367,0.19644362898404388,0.539515970849616
2021-10-22 07:30:00,0.5230125523012552,0.38645418326693215,0.03201787043931481,-0.02624531333690394,0.5992985303163157,0.00011135857461024499,0.5,-0.19933500610194776,0.47626053498923926,0.49142121476009876,0.6271666909020367,0.19644362898404388,0.6290342049278029
2021-10-22 07:40:00,0.5362622036262203,0.38645418326693215,0.03201787043931481,-0.027673629708980574,0.5992985303163157,0.00011135857461024499,0.5,-0.19933500610194776,0.47626053498923926,0.49142121476009876,0.6271666909020367,0.19644362898404388,0.6615794317787468
2021-10-22 07:50:00,0.5418410041841004,0.47410358565737054,0.03201787043931481,-0.027673629708980574,0.5992985303163157,0.00011135857461024499,0.5,-0.19933500610194776,0.47626053498923926,0.49142121476009876,0.6271666909020367,0.19644362898404388,0.6690858065392218
2021-10-22 08:00:00,0.5139470013947002,0.09960159362549792,0.03201787043931481,-0.025531155150865903,0.6093887005797595,0.00011135857461024499,0.5,-0.19651760392739304,0.4692692963072582,0.48555352526143686,0.6477988879421929,0.19974897575384346,0.6165487273111336
2021-10-22 08:10:00,0.5313807531380753,-0.1394422310756973,0.03201787043931481,-0.018746652383503037,0.6105665414665428,0.00011135857461024499,0.5,-0.19651760392739304,0.4692692963072582,0.48555352526143686,0.6477988879421929,0.19974897575384346,0.6656683313970155
2021-10-22 08:20:00,0.5167364016736402,-0.07569721115537853,0.03201787043931481,-0.01410462417425462,0.6105665414665428,0.00011135857461024499,0.5,-0.19651760392739304,0.4692692963072582,0.48555352526143686,0.6477988879421929,0.19974897575384346,0.6219729317862909
2021-10-22 08:30:00,0.5557880055788006,-0.2589641434262948,0.034400595681310264,-0.00910551687198713,0.6105665414665428,0.00011135857461024499,0.5,-0.19651760392739304,0.4692692963072582,0.48555352526143686,0.6477988879421929,0.19974897575384346,0.6810960061559818
2021-10-22 08:40:00,0.5299860529986052,-0.4581673306772909,0.034996276991809294,-0.003749330476700563,0.6105665414665428,0.00011135857461024499,0.5,-0.19651760392739304,0.4692692963072582,0.48555352526143686,0.6477988879421929,0.19974897575384346,0.6741101739668361
2021-10-22 08:50:00,0.5488145048814504,-0.4183266932270917,0.0355919583023081,-0.0005356186395285567,0.6105665414665428,0.00044543429844097997,0.5,-0.19651760392739304,0.4692692963072582,0.48555352526143686,0.6477988879421929,0.19974897575384346,0.6832460732984293
2021-10-22 09:00:00,0.5557880055788006,-0.4342629482071714,0.039166046165301394,0.0008926977325478536,0.6105665414665428,0.00022271714922048998,0.5,-0.18501175529638736,0.47174913148298875,0.46084189106742873,0.6888385636294904,0.20473246759156258,0.6747212456810054
2021-10-22 09:10:00,0.4686192468619247,-0.13147410358565736,0.04303797468354409,0.0008926977325478536,0.6105665414665428,0.00033407572383073496,0.5,-0.18501175529638736,0.47174913148298875,0.46084189106742873,0.6888385636294904,0.20473246759156258,0.5015616277139883
2021-10-22 09:20:00,0.4504881450488145,-0.043824701195219196,0.04601638123603857,0.0033922513836814883,0.6105665414665428,0.0012249443207126948,0.5,-0.18501175529638736,0.47174913148298875,0.46084189106742873,0.6888385636294904,0.20473246759156258,0.4700348537199933
2021-10-22 09:30:00,0.4435146443514645,0.15537848605577675,0.04929262844378246,0.004106409569719638,0.6105665414665428,0.0017817371937639199,0.5,-0.18501175529638736,0.47174913148298875,0.46084189106742873,0.6888385636294904,0.20473246759156258,0.47631154095689304
2021-10-22 09:40:00,0.49023709902370993,0.31474103585657365,0.05703648548026785,0.0008926977325478536,0.6105665414665428,0.0013363028953229399,0.5,-0.18501175529638736,0.47174913148298875,0.46084189106742873,0.6888385636294904,0.20473246759156258,0.561348582464505
2021-10-22 09:50:00,0.49790794979079495,-0.01195219123505975,0.06537602382725227,0.0008926977325478536,0.6105665414665428,0.0006681514476614699,0.5,-0.18501175529638736,0.47174913148298875,0.46084189106742873,0.6888385636294904,0.20473246759156258,0.5943992636963049
2021-10-22 10:00:00,0.4511854951185495,-0.043824701195219196,0.07133283693224102,0.007320121406891644,0.6105665414665428,0.03184855233853007,0.5,0.07937825171776747,0.4733755355495746,0.24222524800721118,0.6845455888703693,0.21719052918182424,0.43635801258355084
2021-10-22 10:10:00,0.5181311018131102,0.13147410358565725,0.08175725986597171,0.011605070523120764,0.6135765792883224,0.05857461024498886,0.5,0.07937825171776747,0.4733755355495746,0.24222524800721118,0.6845455888703693,0.21719052918182424,0.42314075772892557
2021-10-22 10:20:00,0.5829846582984658,-0.10756972111553798,0.08801191362620986,0.010890912337082836,0.6109198937325778,0.02405345211581292,0.5,0.07937825171776747,0.4733755355495746,0.24222524800721118,0.6845455888703693,0.21719052918182424,0.7029814264375274
2021-10-22 10:30:00,0.5432357043235705,0.027888446215139417,0.09664929262844368,0.013747545081235657,0.6105665414665428,0.013028953229398663,0.5,0.07937825171776747,0.4733755355495746,0.24222524800721118,0.6845455888703693,0.21719052918182424,0.6743214086334627
2021-10-22 10:40:00,0.5160390516039052,0.12350597609561742,0.10915860014891998,0.02231744331369412,0.6105665414665428,0.015924276169265034,0.5,0.07937825171776747,0.4733755355495746,0.24222524800721118,0.6845455888703693,0.21719052918182424,0.606537712932088
2021-10-22 10:50:00,0.5376569037656904,0.05976095617529875,0.11988086373789986,0.030887341546152358,0.6184057269241339,0.06325167037861915,0.5,0.07937825171776747,0.4733755355495746,0.24222524800721118,0.6845455888703693,0.21719052918182424,0.45149146762828735
2021-10-22 11:00:00,0.5767085076708507,-0.24302788844621515,0.1291139240506327,0.041956793429744677,0.621847639737734,0.12238307349665925,0.5,0.09707266604251918,0.46547914266092283,0.2226863619145737,0.7946447634962928,0.23559398785930616,0.2689771715678139
2021-10-22 11:10:00,0.6415620641562064,-0.0916334661354582,0.13983618763961259,0.04267095161578305,0.621847639737734,0.12371937639198217,0.5,0.09707266604251918,0.46547914266092283,0.2226863619145737,0.7946447634962928,0.23559398785930616,0.34963863783816407
2021-10-22 11:20:00,0.6171548117154811,-0.01195219123505975,0.14460163812360372,0.04017139796464919,0.621847639737734,0.09153674832962139,0.5,0.09707266604251918,0.46547914266092283,0.2226863619145737,0.7946447634962928,0.23559398785930616,0.4539583867706746
2021-10-22 11:30:00,0.6464435146443515,-0.03585657370517936,0.15294117647058791,0.04017139796464919,0.6275797987200795,0.11547884187082405,0.5,0.09707266604251918,0.46547914266092283,0.2226863619145737,0.7946447634962928,0.23559398785930616,0.38084101573698265
2021-10-22 11:40:00,0.6680613668061367,0.298804780876494,0.16396128071481741,0.04088555615068734,0.6229469578987319,0.1158129175946548,0.5,0.09707266604251918,0.46547914266092283,0.2226863619145737,0.7946447634962928,0.23559398785930616,0.40779606801756263
2021-10-22 11:50:00,0.7789400278940027,0.027888446215139417,0.1708116157855546,0.04267095161578305,0.6316498933399641,0.14053452115812917,0.5,0.09707266604251918,0.46547914266092283,0.2226863619145737,0.7946447634962928,0.23559398785930616,0.4201004873485523
2021-10-22 12:00:00,0.7301255230125524,0.1872509960159361,0.17676842889054334,0.04374218889484016,0.6316498933399641,0.13763919821826281,0.5,0.10515035072441248,0.46014591660512577,0.21896855225318898,0.8214220177125408,0.2508003467088775,0.3912216907826245
2021-10-22 12:10:00,0.6701534170153417,0.027888446215139417,0.18361876396128052,0.04874129619710765,0.6316498933399641,0.13407572383073496,0.5,0.10515035072441248,0.46014591660512577,0.21896855225318898,0.8214220177125408,0.2508003467088775,0.3389863753640026
2021-10-22 12:20:00,0.6408647140864714,-0.059760956175298974,0.1898734177215189,0.05552579896447085,0.6307730562353588,0.1388641425389755,0.5,0.10515035072441248,0.46014591660512577,0.21896855225318898,0.8214220177125408,0.2508003467088775,0.27755480785189435
2021-10-22 12:30:00,0.6471408647140864,-0.05179282868525903,0.1874906924795232,0.055168719871451444,0.629019382026148,0.14387527839643652,0.5,0.10515035072441248,0.46014591660512577,0.21896855225318898,0.8214220177125408,0.2508003467088775,0.2618555456644085
2021-10-22 12:40:00,0.5955369595536959,-0.08366533864541836,0.19166046165301553,0.05659703624352819,0.6288361623326484,0.13596881959910914,0.5,0.10515035072441248,0.46014591660512577,0.21896855225318898,0.8214220177125408,0.2508003467088775,0.2366130030025499
2021-10-22 12:50:00,0.5627615062761506,-0.01195219123505975,0.20029784065524936,0.06445277628994828,0.6300009160984674,0.12193763919821826,0.5,0.10515035072441248,0.46014591660512577,0.21896855225318898,0.8214220177125408,0.2508003467088775,0.2509543280474373
2021-10-22 13:00:00,0.601115760111576,-0.11553784860557781,0.21518987341772133,0.07302267452240674,0.63083849184018,0.1393095768374165,0.5,0.2672173817624639,0.4429163781188332,0.15445199368922197,0.8045494237580948,0.2576422680116271,0.22750728005190338
2021-10-22 13:10:00,0.6018131101813111,-0.15537848605577698,0.22323157110945635,0.07873594001071238,0.6282734161311854,0.14610244988864143,0.5,0.2672173817624639,0.4429163781188332,0.15445199368922197,0.8045494237580948,0.2576422680116271,0.20533518415136473
2021-10-22 13:20:00,0.5892608089260809,0.20318725099601576,0.2327624720774384,0.0830208891269415,0.6202248367381659,0.14599109131403118,0.5,0.2672173817624639,0.4429163781188332,0.15445199368922197,0.8045494237580948,0.2576422680116271,0.19710457624817054
2021-10-22 13:30:00,0.6157601115760112,-0.2509960159362551,0.24229337304542042,0.09016247098732366,0.6369501773304891,0.15211581291759466,0.5,0.2672173817624639,0.4429163781188332,0.15445199368922197,0.8045494237580948,0.2576422680116271,0.20216666415196827
2021-10-22 13:40:00,0.6004184100418409,0.09960159362549792,0.24318689501116886,0.09016247098732366,0.6386907644187355,0.15412026726057906,0.5,0.2672173817624639,0.4429163781188332,0.15445199368922197,0.8045494237580948,0.2576422680116271,0.19117491739215717
2021-10-22 13:50:00,0.603905160390516,-0.21115537848605592,0.24199553239017124,0.09016247098732366,0.637408226564238,0.15178173719376392,0.5,0.2672173817624639,0.4429163781188332,0.15445199368922197,0.8045494237580948,0.2576422680116271,0.18821763205938713
2021-10-22 14:00:00,0.5655509065550907,-0.003984063745020028,0.2530156366344005,0.09837529012676294,0.633508264516889,0.1433184855233853,0.5,0.26594709599652844,0.42200875269750276,0.16007100069151742,0.7775909916936001,0.2643830019858579,0.19389079167735412
2021-10-22 14:10:00,0.5878661087866108,0.11553784860557759,0.26195085629188375,0.1023031601499731,0.6265328290429388,0.14398663697104677,0.5,0.26594709599652844,0.42200875269750276,0.16007100069151742,0.7775909916936001,0.2643830019858579,0.20110294672359944
2021-10-22 14:20:00,0.5655509065550907,0.12350597609561742,0.26999255398361877,0.1023031601499731,0.6329978667992829,0.1349665924276169,0.5,0.26594709599652844,0.42200875269750276,0.16007100069151742,0.7775909916936001,0.2643830019858579,0.20482218567527197
2021-10-22 14:30:00,0.5788005578800558,-0.0916334661354582,0.27773641102010416,0.11087305838243178,0.6471057831987541,0.14220489977728284,0.5,0.26594709599652844,0.42200875269750276,0.16007100069151742,0.7775909916936001,0.2643830019858579,0.21788101452992745
2021-10-22 14:40:00,0.5146443514644351,-0.12350597609561753,0.2825018615040953,0.11408677021960378,0.6426169007080133,0.11692650334075724,0.5,0.26594709599652844,0.42200875269750276,0.16007100069151742,0.7775909916936001,0.2643830019858579,0.2199480966247718
2021-10-22 14:50:00,0.5160390516039052,-0.05179282868525903,0.28518242740134014,0.12051419389394757,0.6477994006098599,0.10913140311804011,0.5,0.26594709599652844,0.42200875269750276,0.16007100069151742,0.7775909916936001,0.2643830019858579,0.23946467100200675
2021-10-22 15:00:00,0.5306834030683404,0.027888446215139417,0.28845867460908403,0.1233708266381004,0.6412951014906231,0.10434298440979956,0.5,0.259310665017245,0.40820730617487566,0.1647536122052,0.7406603645106967,0.2691706063638053,0.2570499569986572
2021-10-22 15:10:00,0.5202231520223152,-0.019920318725099695,0.29381980640357397,0.13051240849848234,0.6365313894596327,0.09743875278396437,0.5,0.259310665017245,0.40820730617487566,0.1647536122052,0.7406603645106967,0.2691706063638053,0.2672193973776725
2021-10-22 15:20:00,0.5502092050209205,-0.01195219123505975,0.29798957557706607,0.13801106945188346,0.6470665218358614,0.10089086859688197,0.5,0.259310665017245,0.40820730617487566,0.1647536122052,0.7406603645106967,0.2691706063638053,0.29366899527739637
2021-10-22 15:30:00,0.5188284518828452,0.14741035856573692,0.3000744601638121,0.14729512587038052,0.6569996466477339,0.07706013363028953,0.5,0.259310665017245,0.40820730617487566,0.1647536122052,0.7406603645106967,0.2691706063638053,0.32638019222354664
2021-10-22 15:40:00,0.5523012552301255,-0.019920318725099695,0.29769173492181666,0.14729512587038052,0.6683461805237466,0.07616926503340757,0.5,0.259310665017245,0.40820730617487566,0.1647536122052,0.7406603645106967,0.2691706063638053,0.3763145585949877
2021-10-22 15:50:00,0.5041841004184101,0.003984063745019917,0.30483991064780347,0.15122299589359045,0.662509324573687,0.05278396436525613,0.5,0.259310665017245,0.40820730617487566,0.1647536122052,0.7406603645106967,0.2691706063638053,0.38141436697496867
2021-10-22 16:00:00,0.5390516039051604,0.10756972111553775,0.302755026061057,0.1555079450098198,0.6567248171074845,0.04710467706013364,0.5,0.27610938212401126,0.39560698491697244,0.15404783707733014,0.728115606681781,0.269983136574333,0.47226036181480757
2021-10-22 16:10:00,0.5125523012552301,-0.23505976095617542,0.29739389426656726,0.15943581503302973,0.6540812186727041,0.014699331848552339,0.5,0.27610938212401126,0.39560698491697244,0.15404783707733014,0.728115606681781,0.269983136574333,0.563227062178433
2021-10-22 16:20:00,0.4665271966527197,-0.0916334661354582,0.3024571854058078,0.17086234600964123,0.6505476960123543,0.000556792873051225,0.5,0.27610938212401126,0.39560698491697244,0.15404783707733014,0.728115606681781,0.269983136574333,0.47538361724278405
2021-10-22 16:30:00,0.5062761506276151,0.06772908366533859,0.29977661950856294,0.17621853240492769,0.6516339270523877,0.000779510022271715,0.5,0.27610938212401126,0.39560698491697244,0.15404783707733014,0.728115606681781,0.269983136574333,0.5791601913182552
2021-10-22 16:40:00,0.49302649930264997,0.07569721115537842,0.29352196574832456,0.1822888769862525,0.6516339270523877,0.0008908685968819599,0.5,0.27610938212401126,0.39560698491697244,0.15404783707733014,0.728115606681781,0.269983136574333,0.5537893990373735
2021-10-22 16:50:00,0.5571827057182706,0.4262948207171313,0.28220402084884566,0.18264595607927148,0.6516339270523877,0.000556792873051225,0.5,0.27610938212401126,0.39560698491697244,0.15404783707733014,0.728115606681781,0.269983136574333,0.6928723388204052
2021-10-22 17:00:00,0.5425383542538355,0.2589641434262948,0.2750558451228593,0.18264595607927148,0.6516339270523877,0.00044543429844097997,0.5,0.2688133938002608,0.3994488616608297,0.15356797243365308,0.7167749040339768,0.26898943166514205,0.6898245243447954
2021-10-22 17:10:00,0.5104602510460251,0.09163346613545809,0.26969471332836914,0.18514550973040533,0.6516339270523877,0.00033407572383073496,0.5,0.2688133938002608,0.3994488616608297,0.15356797243365308,0.7167749040339768,0.26898943166514205,0.6156887004541546
2021-10-22 17:20:00,0.5732217573221757,-0.17928286852589637,0.26641846612062525,0.18693090519550082,0.6620905367028307,0.00011135857461024499,0.5,0.2688133938002608,0.3994488616608297,0.15356797243365308,0.7167749040339768,0.26898943166514205,0.7345006563362856
2021-10-22 17:30:00,0.4735006973500697,-0.13147410358565736,0.26165301563663435,0.19478664524192113,0.6521966732538509,0.00022271714922048998,0.5,0.2688133938002608,0.3994488616608297,0.15356797243365308,0.7167749040339768,0.26898943166514205,0.5506585995141603
2021-10-22 17:40:00,0.4895397489539749,-0.12350597609561753,0.26254653760238256,0.20014283163720759,0.6484668437790371,0.000556792873051225,0.5,0.2688133938002608,0.3994488616608297,0.15356797243365308,0.7167749040339768,0.26898943166514205,0.5261930986616775
2021-10-22 17:50:00,0.4797768479776848,-0.02788844621513953,0.26314221891288136,0.20264238528834144,0.6459017680700422,0.000556792873051225,0.5,0.2688133938002608,0.3994488616608297,0.15356797243365308,0.7167749040339768,0.26898943166514205,0.5216741856149192
2021-10-22 18:00:00,0.47629009762900976,0.03585657370517925,0.26641846612062525,0.2029994643813604,0.6445407074897593,0.00033407572383073496,0.5,0.11644447394339918,0.4009746930377841,0.20767955897091353,0.6357486263002878,0.279493176590384,0.5398101905638457
2021-10-22 18:10:00,0.4923291492329149,-0.17131474103585675,0.2673119880863737,0.2065702553115516,0.6399733022732329,0.00044543429844097997,0.5,0.11644447394339918,0.4009746930377841,0.20767955897091353,0.6357486263002878,0.279493176590384,0.5680251067489477
2021-10-22 18:20:00,0.5292887029288703,0.17131474103585642,0.2646314221891286,0.2065702553115516,0.630027090340396,0.00033407572383073496,0.5,0.11644447394339918,0.4009746930377841,0.20767955897091353,0.6357486263002878,0.279493176590384,0.6379136050213499
2021-10-22 18:30:00,0.5362622036262203,-0.3944223107569722,0.257483246463142,0.20442778075343693,0.6300140032194317,0.00022271714922048998,0.5,0.11644447394339918,0.4009746930377841,0.20767955897091353,0.6357486263002878,0.279493176590384,0.6264390361663926
2021-10-22 18:40:00,0.4790794979079498,-0.24302788844621515,0.2497393894266564,0.20442778075343693,0.618863776157883,0.00022271714922048998,0.5,0.11644447394339918,0.4009746930377841,0.20767955897091353,0.6357486263002878,0.279493176590384,0.5181510931393999
2021-10-22 18:50:00,0.48117154811715485,-0.01195219123505975,0.24169769173492162,0.20371362256739878,0.6156574315216397,0.00022271714922048998,0.5,0.11644447394339918,0.4009746930377841,0.20767955897091353,0.6357486263002878,0.279493176590384,0.5094527513315328
2021-10-22 19:00:00,0.4700139470013947,-0.2589641434262948,0.2333581533879372,0.19835743617211232,0.6187198178272761,0.00022271714922048998,0.5,0.10771533671778255,0.39571617812285337,0.21203194650675916,0.615380222037384,0.24665548225434203,0.47840879943268405
2021-10-22 19:10:00,0.4560669456066946,0.15537848605577675,0.2256142963514518,0.19085877521871097,0.6113255944824698,0.00022271714922048998,0.5,0.10771533671778255,0.39571617812285337,0.21203194650675916,0.615380222037384,0.24665548225434203,0.4547806931514704
2021-10-22 19:20:00,0.4860529986052998,-0.1872509960159363,0.21876396128071485,0.1780039278700234,0.6187198178272761,0.00022271714922048998,0.5,0.10771533671778255,0.39571617812285337,0.21203194650675916,0.615380222037384,0.24665548225434203,0.5161443638064487
2021-10-22 19:30:00,0.4951185495118549,-0.2828685258964144,0.21161578555472804,0.17407605784681324,0.6187198178272761,0.00022271714922048998,0.5,0.10771533671778255,0.39571617812285337,0.21203194650675916,0.615380222037384,0.24665548225434203,0.5552680417037584
2021-10-22 19:40:00,0.5788005578800558,-0.09960159362549814,0.20506329113924027,0.16407784324227825,0.6102524505634005,0.00022271714922048998,0.5,0.10771533671778255,0.39571617812285337,0.21203194650675916,0.615380222037384,0.24665548225434203,0.7274846477661934
2021-10-22 19:50:00,0.5801952580195259,0.08366533864541825,0.20178704393149638,0.15479378682378164,0.6074387195560849,0.00022271714922048998,0.5,0.10771533671778255,0.39571617812285337,0.21203194650675916,0.615380222037384,0.24665548225434203,0.800745356609382
2021-10-22 20:00:00,0.601115760111576,-0.13147410358565736,0.19702159344750547,0.1519371540796286,0.6073994581931921,0.00022271714922048998,0.5,0.08410925404814784,0.41676460530966286,0.2255117805882324,0.6834511083160415,0.21240510859910142,0.8294959035562866
2021-10-22 20:10:00,0.5543933054393305,-0.4342629482071714,0.19195830230826494,0.1533654704517049,0.6073994581931921,0.0006681514476614699,0.5,0.08410925404814784,0.41676460530966286,0.2255117805882324,0.6834511083160415,0.21240510859910142,0.7106914917693921
2021-10-22 20:20:00,0.5899581589958159,-0.38645418326693237,0.1857036485480268,0.15443670773076223,0.6042192877988772,0.00044543429844097997,0.5,0.08410925404814784,0.41676460530966286,0.2255117805882324,0.6834511083160415,0.21240510859910142,0.8044268750848711
2021-10-22 20:30:00,0.5878661087866108,0.027888446215139417,0.1830230826507817,0.1519371540796286,0.596131447042965,0.00022271714922048998,0.5,0.08410925404814784,0.41676460530966286,0.2255117805882324,0.6834511083160415,0.21240510859910142,0.8345278150791376
2021-10-22 20:40:00,0.604602510460251,0.043824701195219085,0.17676842889054334,0.1469380467773611,0.596131447042965,0.00033407572383073496,0.5,0.08410925404814784,0.41676460530966286,0.2255117805882324,0.6834511083160415,0.21240510859910142,0.8812936614511823
2021-10-22 20:50:00,0.6241283124128312,-0.06772908366533881,0.1746835443037973,0.14372433494018932,0.596131447042965,0.00044543429844097997,0.5,0.08410925404814784,0.41676460530966286,0.2255117805882324,0.6834511083160415,0.21240510859910142,0.8974682016385775
2021-10-22 21:00:00,0.6248256624825663,-0.38645418326693237,0.1678332092330601,0.1440814140332083,0.5959744015913939,0.0016703786191536749,0.5,0.07647940129870245,0.4149744114342535,0.21139774907466907,0.7528568703079529,0.19496101097604793,0.9057742504941383
2021-10-22 21:10:00,0.6122733612273361,-0.05179282868525903,0.16217423678332077,0.142653097661132,0.5861459737472353,0.00044543429844097997,0.5,0.07647940129870245,0.4149744114342535,0.21139774907466907,0.7528568703079529,0.19496101097604793,0.915558942016084
2021-10-22 21:20:00,0.6345885634588563,0.11553784860557759,0.15502606105733419,0.1344402785216927,0.5861459737472353,0.0016703786191536749,0.5,0.07647940129870245,0.4149744114342535,0.21139774907466907,0.7528568703079529,0.19496101097604793,0.982671213241396
2021-10-22 21:30:00,0.690376569037657,0.21912350597609564,0.15055845122859246,0.1283699339403679,0.5861459737472353,0.0027839643652561247,0.5,0.07647940129870245,0.4149744114342535,0.21139774907466907,0.7528568703079529,0.19496101097604793,0.9670800579386514
2021-10-22 21:40:00,0.7133891213389122,0.17131474103585642,0.1478778853313476,0.11872879842885187,0.5861459737472353,0.026726057906458798,0.5,0.07647940129870245,0.4149744114342535,0.21139774907466907,0.7528568703079529,0.19496101097604793,0.9514889026359069
2021-10-22 21:50:00,0.7217573221757322,0.17928286852589648,0.1443037974683543,0.11872879842885187,0.5861459737472353,0.066815144766147,0.5,0.07647940129870245,0.4149744114342535,0.21139774907466907,0.7528568703079529,0.19496101097604793,0.9358978227741147
2021-10-22 22:00:00,0.7775453277545328,0.33864541832669315,0.14400595681310469,0.1137296911265846,0.5861459737472353,0.08151447661469934,0.5,0.0021107836208313913,0.41847721453878944,0.2658594694071706,0.790551807635106,0.1919362242341899,0.9225372301099929
2021-10-22 22:10:00,0.8263598326359832,0.2589641434262948,0.1434102755026061,0.10551687198714532,0.5861459737472353,0.09376391982182629,0.5,0.0021107836208313913,0.41847721453878944,0.2658594694071706,0.790551807635106,0.1919362242341899,0.9652292650542421
2021-10-22 22:20:00,0.7873082287308228,0.31474103585657365,0.14132539091585983,0.09980360649883946,0.5861459737472353,0.06091314031180401,0.5,0.0021107836208313913,0.41847721453878944,0.2658594694071706,0.790551807635106,0.1919362242341899,0.8715595908082744
2021-10-22 22:30:00,0.8458856345885635,0.20318725099601576,0.14102755026061065,0.09373326191751485,0.5903338524557983,0.07282850779510022,0.5,0.0021107836208313913,0.41847721453878944,0.2658594694071706,0.790551807635106,0.1919362242341899,0.777889992003259
2021-10-22 22:40:00,0.8563458856345886,-0.23505976095617542,0.13060312732687973,0.0994465274058205,0.5960398371962152,0.07472160356347439,0.5,0.0021107836208313913,0.41847721453878944,0.2658594694071706,0.790551807635106,0.1919362242341899,0.6842203177572914
2021-10-22 22:50:00,0.7803347280334728,-0.38645418326693237,0.12256142963514494,0.10301731833601147,0.5960398371962152,0.04665924276169266,0.5,0.0021107836208313913,0.41847721453878944,0.2658594694071706,0.790551807635106,0.1919362242341899,0.5905506435113237
2021-10-22 23:00:00,0.7029288702928871,0.05179282868525892,0.11451973194341014,0.10480271380110695,0.5894962767140858,0.008129175946547884,0.5,-0.05587436291429959,0.418692727445139,0.30150577822213454,0.7885437531503734,0.19358420186193226,0.4968810447063084
2021-10-22 23:10:00,0.7747559274755927,-0.03585657370517936,0.11660461653015619,0.09980360649883946,0.5942730758660403,0.05178173719376392,0.5,-0.05587436291429959,0.418692727445139,0.30150577822213454,0.7885437531503734,0.19358420186193226,0.4032114006367217
2021-10-22 23:20:00,0.8277545327754532,-0.20318725099601598,0.10975428145941901,0.10694518835922162,0.5960398371962152,0.19242761692650337,0.5,-0.05587436291429959,0.418692727445139,0.30150577822213454,0.7885437531503734,0.19358420186193226,0.30954177165532537
2021-10-22 23:30:00,0.8493723849372384,-0.24302788844621515,0.10409530900967967,0.10515979289412614,0.5960398371962152,0.22683741648106906,0.5,-0.05587436291429959,0.418692727445139,0.30150577822213454,0.7885437531503734,0.19358420186193226,0.19302322072513844
2021-10-22 23:40:00,0.9079497907949791,-0.20318725099601598,0.0975428145941919,0.08444920549901802,0.5960398371962152,0.1943207126948775,0.5,-0.05587436291429959,0.418692727445139,0.30150577822213454,0.7885437531503734,0.19358420186193226,0.32319658403367685
2021-10-22 23:50:00,0.9755927475592748,-0.12350597609561753,0.09456440804169763,0.06088198535975731,0.5960398371962152,0.1851893095768374,0.5,-0.05587436291429959,0.418692727445139,0.30150577822213454,0.7885437531503734,0.19358420186193226,0.4360637928693212
2021-10-23 00:00:00,0.9546722454672245,-0.1633466135458168,0.09456440804169763,0.04409926798785935,0.5960398371962152,0.20890868596881962,0.5,-0.061167231390060084,0.4318907378299856,0.31615065365705936,0.7698516960242897,0.19512374164979357,0.3271044253662658
2021-10-23 00:10:00,0.8688981868898188,-0.15537848605577698,0.09039463886820531,0.031244420639171766,0.5960398371962152,0.2073496659242762,0.5,-0.061167231390060084,0.4318907378299856,0.31615065365705936,0.7698516960242897,0.19512374164979357,0.25932827376012796
2021-10-23 00:20:00,0.896094839609484,-0.20318725099601598,0.0856291883842144,0.019460810569541076,0.5960398371962152,0.17160356347438754,0.5,-0.061167231390060084,0.4318907378299856,0.31615065365705936,0.7698516960242897,0.19512374164979357,0.40434841649440983
2021-10-23 00:30:00,0.9037656903765691,-0.11553784860557781,0.0856291883842144,0.010890912337082836,0.5960398371962152,0.16937639198218266,0.5,-0.061167231390060084,0.4318907378299856,0.31615065365705936,0.7698516960242897,0.19512374164979357,0.43165804125111273
2021-10-23 00:40:00,0.8828451882845189,-0.17928286852589637,0.08443782576321657,0.0026780931976433386,0.5960398371962152,0.16069042316258353,0.5,-0.061167231390060084,0.4318907378299856,0.31615065365705936,0.7698516960242897,0.19512374164979357,0.47347496114790955
2021-10-23 00:50:00,0.9211994421199443,-0.03585657370517936,0.08533134772896478,0.0008926977325478536,0.5960398371962152,0.16102449888641426,0.5,-0.061167231390060084,0.4318907378299856,0.31615065365705936,0.7698516960242897,0.19512374164979357,0.4923578315252652
2021-10-23 01:00:00,0.9100418410041842,-0.03585657370517936,0.0856291883842144,-0.0005356186395285567,0.5960398371962152,0.14587973273942093,0.5,-0.12596798170116108,0.43396253523636147,0.3696607608061168,0.7488095705412596,0.1939235915381718,0.5731022828432186
2021-10-23 01:10:00,0.901673640167364,-0.019920318725099695,0.0856291883842144,-0.0026780931976432276,0.5960398371962152,0.12706013363028953,0.5,-0.12596798170116108,0.43396253523636147,0.3696607608061168,0.7488095705412596,0.1939235915381718,0.7602033888075803
2021-10-23 01:20:00,0.8877266387726639,-0.13147410358565736,0.08384214445271776,-0.0001785395465094819,0.5960398371962152,0.11737193763919822,0.5,-0.12596798170116108,0.43396253523636147,0.3696607608061168,0.7488095705412596,0.1939235915381718,0.8294732712705766
2021-10-23 01:30:00,0.8291492329149234,-0.23505976095617542,0.0814594192107223,0.004106409569719638,0.5960398371962152,0.0987750556792873,0.5,-0.12596798170116108,0.43396253523636147,0.3696607608061168,0.7488095705412596,0.1939235915381718,0.8630973037403624
2021-10-23 01:40:00,0.804741980474198,-0.21912350597609564,0.07669396872673095,0.008034279592929794,0.5960398371962152,0.09175946547884188,0.5,-0.12596798170116108,0.43396253523636147,0.3696607608061168,0.7488095705412596,0.1939235915381718,0.8612263681216711
2021-10-23 01:50:00,0.7754532775453277,-0.21115537848605592,0.07371556217423669,0.00839135868594898,0.5960398371962152,0.08708240534521158,0.5,-0.12596798170116108,0.43396253523636147,0.3696607608061168,0.7488095705412596,0.1939235915381718,0.8357499585074761
2021-10-23 02:00:00,0.7803347280334728,-0.1633466135458168,0.07371556217423669,0.011605070523120764,0.5960398371962152,0.0844097995545657,0.5,-0.11852543990223541,0.43206314815506697,0.371944429543785,0.7446418471748334,0.18951182001339487,0.8886114338307408
2021-10-23 02:10:00,0.7656903765690377,-0.12350597609561753,0.07341772151898729,0.017318336011426627,0.5960398371962152,0.07750556792873052,0.5,-0.11852543990223541,0.43206314815506697,0.371944429543785,0.7446418471748334,0.18951182001339487,0.9119075999215415
2021-10-23 02:20:00,0.7370990237099024,-0.20318725099601598,0.06895011169024556,0.018746652383502926,0.5960398371962152,0.055122494432071276,0.5,-0.11852543990223541,0.43206314815506697,0.371944429543785,0.7446418471748334,0.18951182001339487,0.9688202543868915
2021-10-23 02:30:00,0.6980474198047419,-0.0916334661354582,0.06775874906924773,0.02231744331369412,0.5960398371962152,0.04131403118040089,0.5,-0.11852543990223541,0.43206314815506697,0.371944429543785,0.7446418471748334,0.18951182001339487,0.9645955610543627
2021-10-23 02:40:00,0.6868898186889818,-0.07569721115537853,0.06775874906924773,0.029816104267095245,0.5960398371962152,0.042093541202672606,0.5,-0.11852543990223541,0.43206314815506697,0.371944429543785,0.7446418471748334,0.18951182001339487,0.9478250373432715
2021-10-23 02:50:00,0.7447698744769874,-0.1872509960159363,0.06775874906924773,0.03302981610426703,0.5960398371962152,0.06180400890868597,0.5,-0.11852543990223541,0.43206314815506697,0.371944429543785,0.7446418471748334,0.18951182001339487,0.9669870392443835
2021-10-23 03:00:00,0.7259414225941423,-0.36254980079681276,0.06537602382725227,0.03624352794143926,0.5960398371962152,0.056458797327394214,0.5,-0.1146331677130088,0.4391061099345699,0.3782775268760343,0.748590240471476,0.1883858486378196,0.9174223335395386
2021-10-23 03:10:00,0.704323570432357,0.17928286852589648,0.06656738644825011,0.03660060703445822,0.5869966366099122,0.053006681514476614,0.5,-0.1146331677130088,0.4391061099345699,0.3782775268760343,0.748590240471476,0.1883858486378196,0.9451996922009145
2021-10-23 03:20:00,0.6792189679218968,-0.24302788844621515,0.0635889798957554,0.03517229066238192,0.5960005758333223,0.026503340757238307,0.5,-0.1146331677130088,0.4391061099345699,0.3782775268760343,0.748590240471476,0.1883858486378196,0.9598050605790848
2021-10-23 03:30:00,0.7608089260808927,-0.17928286852589637,0.06061057334326114,0.04017139796464919,0.5960136629542866,0.038418708240534526,0.5,-0.1146331677130088,0.4391061099345699,0.3782775268760343,0.748590240471476,0.1883858486378196,0.9477024457956758
2021-10-23 03:40:00,0.793584379358438,-0.21912350597609564,0.06716306775874892,0.04017139796464919,0.5960136629542866,0.05178173719376392,0.5,-0.1146331677130088,0.4391061099345699,0.3782775268760343,0.748590240471476,0.1883858486378196,0.9355998310122667
2021-10-23 03:50:00,0.7566248256624826,-0.11553784860557781,0.0704393149664928,0.04374218889484016,0.5960136629542866,0.05389755011135858,0.5,-0.1146331677130088,0.4391061099345699,0.3782775268760343,0.748590240471476,0.1883858486378196,0.9234971407879053
2021-10-23 04:00:00,0.7161785216178521,-0.11553784860557781,0.06835443037974676,0.05016961256918395,0.5960136629542866,0.05556792873051225,0.5,-0.16343320693624197,0.43690213127896865,0.4316325403519371,0.7401514572712857,0.18863176776594265,0.9113946014454486
2021-10-23 04:10:00,0.7231520223152021,-0.17928286852589637,0.06478034251675346,0.053026245313336995,0.5960136629542866,0.057015590200445436,0.5,-0.16343320693624197,0.43690213127896865,0.4316325403519371,0.7401514572712857,0.18863176776594265,0.9223033631576565
2021-10-23 04:20:00,0.7266387726638772,-0.12350597609561753,0.06507818317200287,0.050883770755222324,0.5960136629542866,0.06057906458797328,0.5,-0.16343320693624197,0.43690213127896865,0.4316325403519371,0.7401514572712857,0.18863176776594265,0.9209982346817146
2021-10-23 04:30:00,0.6813110181311018,0.08366533864541825,0.06924795234549497,0.053740403499375144,0.5960136629542866,0.05155902004454343,0.5,-0.16343320693624197,0.43690213127896865,0.4316325403519371,0.7401514572712857,0.18863176776594265,0.9340344312506601
2021-10-23 04:40:00,0.6457461645746164,0.21912350597609564,0.0704393149664928,0.050883770755222324,0.5960136629542866,0.02928730512249443,0.5,-0.16343320693624197,0.43690213127896865,0.4316325403519371,0.7401514572712857,0.18863176776594265,0.9509332045807747
2021-10-23 04:50:00,0.6122733612273361,0.09163346613545809,0.06626954579300048,0.05195500803427966,0.5960136629542866,0.020935412026726056,0.5,-0.16343320693624197,0.43690213127896865,0.4316325403519371,0.7401514572712857,0.18863176776594265,0.8887321393545272
2021-10-23 05:00:00,0.6262203626220363,0.05179282868525892,0.06061057334326114,0.054454561685413294,0.5960136629542866,0.021269487750556794,0.5,-0.16126722395232118,0.44125836549264924,0.44160837338440395,0.7382004050985886,0.18633087454598518,0.8875778927833186
2021-10-23 05:10:00,0.6380753138075315,0.01195219123505975,0.0588235294117645,0.05231208712729862,0.5960136629542866,0.03229398663697105,0.5,-0.16126722395232118,0.44125836549264924,0.44160837338440395,0.7382004050985886,0.18633087454598518,0.8977473331623339
2021-10-23 05:20:00,0.6582984658298465,0.15537848605577675,0.05763216679076688,0.05016961256918395,0.5960136629542866,0.03485523385300668,0.5,-0.16126722395232118,0.44125836549264924,0.44160837338440395,0.7382004050985886,0.18633087454598518,0.9312129396321499
2021-10-23 05:30:00,0.696652719665272,0.17928286852589648,0.055845122859270235,0.0433851098018212,0.5960136629542866,0.04086859688195991,0.5,-0.16126722395232118,0.44125836549264924,0.44160837338440395,0.7382004050985886,0.18633087454598518,0.9602275299123376
2021-10-23 05:40:00,0.7384937238493724,0.24302788844621515,0.05793000744601606,0.039814318871630006,0.5960136629542866,0.05077951002227171,0.5,-0.16126722395232118,0.44125836549264924,0.44160837338440395,0.7382004050985886,0.18633087454598518,0.9763681216711679
2021-10-23 05:50:00,0.7433751743375174,0.2589641434262948,0.0588235294117645,0.0337439742903054,0.5960136629542866,0.05924276169265034,0.5,-0.16126722395232118,0.44125836549264924,0.44160837338440395,0.7382004050985886,0.18633087454598518,0.9925087134299982
2021-10-23 06:00:00,0.7635983263598326,0.3067729083665336,0.05912137006701412,0.03302981610426703,0.5960398371962152,0.08285077951002227,0.5,-0.1864693186597528,0.4722836034907359,0.45287923224700555,0.7548383448089607,0.18204235921351797,0.896306410972132
2021-10-23 06:10:00,0.7803347280334728,0.31474103585657365,0.06388682055100503,0.03160149973219073,0.5960398371962152,0.08719376391982182,0.5,-0.1864693186597528,0.4722836034907359,0.45287923224700555,0.7548383448089607,0.18204235921351797,0.916773541349186
2021-10-23 06:20:00,0.789400278940028,0.33864541832669315,0.06478034251675346,0.02945902517407606,0.5960398371962152,0.08173719376391982,0.5,-0.1864693186597528,0.4722836034907359,0.45287923224700555,0.7548383448089607,0.18204235921351797,0.9682619913393787
2021-10-23 06:30:00,0.8221757322175731,0.40239043824701204,0.06478034251675346,0.02803070880199976,0.5960398371962152,0.08819599109131403,0.5,-0.1864693186597528,0.4722836034907359,0.45287923224700555,0.7548383448089607,0.18204235921351797,0.9568025106748947
2021-10-23 06:40:00,0.8270571827057183,0.40239043824701204,0.06478034251675346,0.02231744331369412,0.5960398371962152,0.09777282850779509,0.5,-0.1864693186597528,0.4722836034907359,0.45287923224700555,0.7548383448089607,0.18204235921351797,0.9004028546856375
2021-10-23 06:50:00,0.795676429567643,0.3067729083665336,0.062099776619508384,0.021603285127655747,0.5960398371962152,0.11247216035634744,0.5,-0.1864693186597528,0.4722836034907359,0.45287923224700555,0.7548383448089607,0.18204235921351797,0.7518520753805996
2021-10-23 07:00:00,0.8242677824267782,0.2350597609561753,0.054355919583022994,0.02231744331369412,0.5960398371962152,0.13129175946547883,0.5,-0.1832691897834151,0.48309947788406693,0.45188500951803406,0.7699485231078587,0.18755578582219068,0.6145721743591291
2021-10-23 07:10:00,0.8451882845188284,0.29083665338645415,0.05256887565152635,0.016604177825388255,0.5960398371962152,0.16837416481069042,0.5,-0.1832691897834151,0.48309947788406693,0.45188500951803406,0.7699485231078587,0.18755578582219068,0.42109630791979114
2021-10-23 07:20:00,0.8444909344490934,0.2749003984063745,0.04869694713328343,0.008034279592929794,0.5960398371962152,0.19877505567928733,0.5,-0.1832691897834151,0.48309947788406693,0.45188500951803406,0.7699485231078587,0.18755578582219068,0.2918056037539418
2021-10-23 07:30:00,0.8193863319386332,0.346613545816733,0.04154877140729707,-0.008748437778968055,0.5960398371962152,0.1779510022271715,0.5,-0.1832691897834151,0.48309947788406693,0.45188500951803406,0.7699485231078587,0.18755578582219068,0.3458288697436517
2021-10-23 07:40:00,0.8500697350069735,0.4183266932270917,0.04095309009679826,-0.024816996964827642,0.5960398371962152,0.21325167037861914,0.5,-0.1832691897834151,0.48309947788406693,0.45188500951803406,0.7699485231078587,0.18755578582219068,0.23818217481177484
2021-10-23 07:50:00,0.8542538354253836,0.6015936254980081,0.04422933730454215,-0.03660060703445822,0.5960398371962152,0.1655902004454343,0.5,-0.1832691897834151,0.48309947788406693,0.45188500951803406,0.7699485231078587,0.18755578582219068,0.41933853372964985
2021-10-23 08:00:00,0.8751743375174338,0.7450199203187249,0.04690990320178701,-0.04909837529012662,0.5960398371962152,0.1536748329621381,0.5,-0.18007719906091046,0.4837804986681303,0.4529922236311272,0.8001490803300226,0.19648651628809702,0.524239177995383
2021-10-23 08:10:00,0.8800557880055787,0.40239043824701204,0.04601638123603857,-0.052312087127298734,0.6014709923963828,0.15155902004454344,0.5,-0.18007719906091046,0.4837804986681303,0.4529922236311272,0.8001490803300226,0.19648651628809702,0.5236431944716871
2021-10-23 08:20:00,0.8995815899581591,-0.40239043824701204,0.03618763961280713,-0.044099267987859125,0.6098990982973655,0.17026726057906458,0.5,-0.18007719906091046,0.4837804986681303,0.4529922236311272,0.8001490803300226,0.19648651628809702,0.42411394601445446
2021-10-23 08:30:00,0.9239888423988842,-0.3227091633466136,0.034996276991809294,-0.041956793429744677,0.6098990982973655,0.17951002227171495,0.5,-0.18007719906091046,0.4837804986681303,0.4529922236311272,0.8001490803300226,0.19648651628809702,0.41718092249196553
2021-10-23 08:40:00,0.9177126917712692,-0.3705179282868527,0.034996276991809294,-0.04731297982503124,0.6098990982973655,0.1905345211581292,0.5,-0.18007719906091046,0.4837804986681303,0.4529922236311272,0.8001490803300226,0.19648651628809702,0.3646589314543507
2021-10-23 08:50:00,0.9476987447698745,-0.4103585657370519,0.03618763961280713,-0.04909837529012662,0.6098990982973655,0.1975501113585746,0.5,-0.18007719906091046,0.4837804986681303,0.4529922236311272,0.8001490803300226,0.19648651628809702,0.3632330974546223
2021-10-23 09:00:00,0.9456066945606695,-0.45019920318725104,0.04184661206254625,-0.05016961256918395,0.6099383596602584,0.20256124721603566,0.5,-0.1605262183633439,0.4974382699198577,0.43192167655372987,0.8512123481450746,0.20520361495074624,0.34567798783891845
2021-10-23 09:10:00,0.9818688981868898,-0.3705179282868527,0.047505584512285814,-0.0526691662203177,0.6099383596602584,0.19977728285077953,0.5,-0.1605262183633439,0.4974382699198577,0.43192167655372987,0.8512123481450746,0.20520361495074624,0.3957330597341461
2021-10-23 09:20:00,0.9944211994421199,-0.3784860557768924,0.05346239761727456,-0.0526691662203177,0.6099383596602584,0.21525612472160355,0.5,-0.1605262183633439,0.4974382699198577,0.43192167655372987,0.8512123481450746,0.20520361495074624,0.347895951838496
2021-10-23 09:30:00,0.9941887726638773,-0.33864541832669326,0.06180193596425898,-0.0526691662203177,0.6100168823860439,0.2252783964365256,0.5,-0.1605262183633439,0.4974382699198577,0.43192167655372987,0.8512123481450746,0.20520361495074624,0.3280625254613214
2021-10-23 09:40:00,0.9939562761506276,-0.33067729083665354,0.0701414743112434,-0.050883770755222324,0.6100168823860439,0.2257238307349666,0.5,-0.1605262183633439,0.4974382699198577,0.43192167655372987,0.8512123481450746,0.20520361495074624,0.3267272206044329
2021-10-23 09:50:00,0.9937238493723849,-0.1872509960159363,0.07788533134772879,-0.04874129619710765,0.6100168823860439,0.216369710467706,0.5,-0.1605262183633439,0.4974382699198577,0.43192167655372987,0.8512123481450746,0.20520361495074624,0.36953996107246856
2021-10-23 10:00:00,0.9934914225941422,-0.23505976095617542,0.08711839166046165,-0.04338510980182109,0.6100561437489367,0.25233853006681517,0.5,0.10066365977447278,0.5173143068961249,0.2554997700225869,0.8581821352039306,0.2138776776478784,0.2521613832853026
2021-10-23 10:10:00,0.9932589260808926,-0.19521912350597614,0.09486224869694704,-0.039814318871630006,0.6100561437489367,0.24075723830734969,0.5,0.10066365977447278,0.5173143068961249,0.2554997700225869,0.8581821352039306,0.2138776776478784,0.2784525551850567
2021-10-23 10:20:00,0.99302649930265,-0.06772908366533881,0.10588235294117632,-0.034815211569362514,0.6100561437489367,0.23596881959910915,0.5,0.10066365977447278,0.5173143068961249,0.2554997700225869,0.8581821352039306,0.2138776776478784,0.27978786004194517
2021-10-23 10:30:00,0.9958158995815899,-0.12350597609561753,0.11392405063291133,-0.03088734154615247,0.6100561437489367,0.23608017817371937,0.5,0.10066365977447278,0.5173143068961249,0.2554997700225869,0.8581821352039306,0.2138776776478784,0.2713837379483079
2021-10-23 10:40:00,0.9574616457461647,-0.11553784860557781,0.12137006701414732,-0.024816996964827642,0.6100561437489367,0.2319599109131403,0.5,0.10066365977447278,0.5173143068961249,0.2554997700225869,0.8581821352039306,0.2138776776478784,0.2687885691868974
2021-10-23 10:50:00,0.9647837517433752,0.17928286852589648,0.13447505584512287,-0.018032494197464666,0.6100561437489367,0.22461024498886417,0.5,0.10066365977447278,0.5173143068961249,0.2554997700225869,0.8581821352039306,0.2138776776478784,0.3288923759373538
2021-10-23 11:00:00,0.9721059972105996,0.22709163346613526,0.1520476545048397,-0.011605070523120875,0.6100561437489367,0.16447661469933184,0.5,0.12212817392168618,0.5135844968635693,0.23822033117001123,0.9828837561947436,0.22616020394959044,0.6647253194924333
2021-10-23 11:10:00,0.9732216875871688,0.3705179282868525,0.16515264333581525,0.0001785395465094819,0.6100561437489367,0.1775055679287305,0.5,0.12212817392168618,0.5135844968635693,0.23822033117001123,0.9828837561947436,0.22616020394959044,0.5636268992259759
2021-10-23 11:20:00,0.9743375174337517,0.21912350597609564,0.17259865971705124,0.00910551687198713,0.6100561437489367,0.1975501113585746,0.5,0.12212817392168618,0.5135844968635693,0.23822033117001123,0.9828837561947436,0.22616020394959044,0.5192298987582419
2021-10-23 11:30:00,0.9754532775453277,0.05976095617529875,0.1788533134772894,0.01767541510444559,0.6154218633442828,0.18429844097995546,0.5,0.12212817392168618,0.5135844968635693,0.23822033117001123,0.9828837561947436,0.22616020394959044,0.5045340012372316
2021-10-23 11:40:00,0.9765690376569037,-0.29083665338645437,0.18421444527177955,0.02231744331369412,0.6184188140450981,0.18407572383073498,0.5,0.12212817392168618,0.5135844968635693,0.23822033117001123,0.9828837561947436,0.22616020394959044,0.4963260256197474
2021-10-23 11:50:00,0.9776847977684797,0.31474103585657365,0.19374534623976158,0.029101946081057095,0.615526560311997,0.194988864142539,0.5,0.12212817392168618,0.5135844968635693,0.23822033117001123,0.9828837561947436,0.22616020394959044,0.45967681096006163
2021-10-23 12:00:00,0.9788005578800558,-0.2270916334661356,0.19463886820551002,0.03231565791822888,0.6153956891023544,0.22060133630289533,0.5,0.13145172990801535,0.525460694756141,0.24069079711173225,0.9813039649171685,0.23865805818460814,0.38986375364002596
2021-10-23 12:10:00,0.9799163179916318,0.003984063745019917,0.20029784065524936,0.0337439742903054,0.6234311813744094,0.2022271714922049,0.5,0.13145172990801535,0.525460694756141,0.24069079711173225,0.9797241284355396,0.23865805818460814,0.4342833863934698
2021-10-23 12:20:00,0.9810320781032078,-0.07569721115537853,0.20178704393149638,0.03945723977861104,0.6181701587467773,0.19955456570155905,0.5,0.13145172990801535,0.525460694756141,0.24069079711173225,0.9781442919539105,0.23865805818460814,0.4919278180967757
2021-10-23 12:30:00,0.9821479079497909,0.09163346613545809,0.20506329113924027,0.04088555615068734,0.6238368821243016,0.19587973273942094,0.5,0.13145172990801535,0.525460694756141,0.24069079711173225,0.9765645006763356,0.23865805818460814,0.5001508819047332
2021-10-23 12:40:00,0.9832635983263598,-0.17928286852589637,0.20863737900223356,0.04517050526691668,0.6239546662129798,0.1973273942093541,0.5,0.13145172990801535,0.525460694756141,0.24069079711173225,0.9749847093987606,0.23865805818460814,0.4157928089684204
2021-10-23 12:50:00,0.9937238493723849,-0.1394422310756973,0.2139985107967235,0.050883770755222324,0.6206174503670938,0.19866369710467707,0.5,0.13145172990801535,0.525460694756141,0.24069079711173225,0.9734049181211856,0.23865805818460814,0.38845300783077086
2021-10-23 13:00:00,0.999302649930265,0.13147410358565725,0.21935964259121343,0.050883770755222324,0.6150946853201764,0.22037861915367482,0.5,0.271940245939011,0.5212538828241972,0.1787730403825627,0.9718251268436106,0.24440599866946433,0.32486382908097833
2021-10-23 13:10:00,0.9511854951185496,0.31474103585657365,0.2217423678332091,0.053026245313336995,0.6120192118935754,0.21703786191536747,0.5,0.271940245939011,0.5212538828241972,0.1787730403825627,0.9702452451579278,0.24440599866946433,0.3020806614662704
2021-10-23 13:20:00,0.9679218967921898,0.17131474103585642,0.22650781831720024,0.05481164077843248,0.6120192118935754,0.23340757238307352,0.5,0.271940245939011,0.5212538828241972,0.1787730403825627,0.9686654538803527,0.24440599866946433,0.27219850023386694
2021-10-23 13:30:00,0.9393305439330545,0.12350597609561742,0.2285927029039463,0.05623995715050878,0.6196359162947743,0.22115812917594654,0.5,0.271940245939011,0.5212538828241972,0.1787730403825627,0.9670855721946697,0.24440599866946433,0.2810024593750472
2021-10-23 13:40:00,0.9588563458856346,-0.1633466135458168,0.2333581533879372,0.062310301731833606,0.6259569957205113,0.2356347438752784,0.5,0.271940245939011,0.5212538828241972,0.1787730403825627,0.9655057809170947,0.24440599866946433,0.2565143262368544
2021-10-23 13:50:00,0.9693165969316597,-0.29083665338645437,0.23454951600893525,0.06409569719692909,0.6168221852874587,0.2356347438752784,0.5,0.271940245939011,0.5212538828241972,0.1787730403825627,0.9639259896395198,0.24440599866946433,0.2530742188089382
2021-10-23 14:00:00,0.9605997210599722,0.298804780876494,0.2372300819061801,0.059453668987680786,0.6153040792556045,0.21659242761692651,0.5,0.2723229392877047,0.5130730128991666,0.17900561748523283,0.9623461983619448,0.24568825603591918,0.35320699488510343
2021-10-23 14:10:00,0.9518828451882846,-0.05179282868525903,0.23991064780342497,0.06088198535975731,0.6176204996662785,0.1943207126948775,0.5,0.2723229392877047,0.5130730128991666,0.17900561748523283,0.960766316676262,0.24568825603591918,0.3815954252606485
2021-10-23 14:20:00,0.9888423988842399,0.2111553784860556,0.24646314221891252,0.06445277628994828,0.6121893444661108,0.20256124721603566,0.5,0.2723229392877047,0.5130730128991666,0.17900561748523283,0.959186525398687,0.24568825603591918,0.38563906030749734
2021-10-23 14:30:00,0.9644351464435147,-0.019920318725099695,0.24705882352941155,0.07123727905731125,0.6121893444661108,0.19476614699331848,0.5,0.2723229392877047,0.5130730128991666,0.17900561748523283,0.957606734121112,0.24568825603591918,0.40403156449447014
2021-10-23 14:40:00,0.9546722454672245,0.20318725099601576,0.2518242740134027,0.07516514908052141,0.6121893444661108,0.1858574610244989,0.5,0.2723229392877047,0.5130730128991666,0.17900561748523283,0.956026942843537,0.24568825603591918,0.43731611267860643
2021-10-23 14:50:00,0.9539748953974895,0.31474103585657365,0.255994043186895,0.08194965184788416,0.6121893444661108,0.1975501113585746,0.5,0.2723229392877047,0.5130730128991666,0.17900561748523283,0.9544471515659619,0.24568825603591918,0.39107835297312793
2021-10-23 15:00:00,0.9540483263598327,-0.06772908366533881,0.25807892777364083,0.0830208891269415,0.6158668254570677,0.22639198218262804,0.5,0.27152493326880633,0.4978003316025277,0.1763893153013795,0.9528673602883869,0.2406603291476905,0.33087647298459494
2021-10-23 15:10:00,0.9541216875871688,0.027888446215139417,0.2562918838421444,0.0830208891269415,0.6122024315870751,0.21937639198218262,0.5,0.27152493326880633,0.4978003316025277,0.1763893153013795,0.951287478602704,0.2406603291476905,0.3604417822170587
2021-10-23 15:20:00,0.9541951185495119,-0.059760956175298974,0.25807892777364083,0.0830208891269415,0.61618091636021,0.2076837416481069,0.5,0.27152493326880633,0.4978003316025277,0.1763893153013795,0.949707687325129,0.2406603291476905,0.38124839687976225
2021-10-23 15:30:00,0.9542685495118549,-0.019920318725099695,0.2568875651526432,0.08409212640599906,0.6122024315870751,0.20501113585746103,0.5,0.27152493326880633,0.4978003316025277,0.1763893153013795,0.948127896047554,0.2406603291476905,0.4219412465862969
2021-10-23 15:40:00,0.954341980474198,0.01195219123505975,0.2613551749813847,0.08766291733619003,0.6122024315870751,0.2043429844097996,0.5,0.27152493326880633,0.4978003316025277,0.1763893153013795,0.946548104769979,0.2406603291476905,0.397015555924378
2021-10-23 15:50:00,0.9544153417015342,-0.1633466135458168,0.26254653760238256,0.09016247098732366,0.6122024315870751,0.2158129175946548,0.5,0.27152493326880633,0.4978003316025277,0.1763893153013795,0.944968313492404,0.2406603291476905,0.3762089412616745
2021-10-23 16:00:00,0.9544887029288702,-0.019920318725099695,0.26224869694713293,0.09016247098732366,0.6122024315870751,0.22728285077951002,0.5,0.27873136854730296,0.49945834422870744,0.16313026460908217,0.943388522214829,0.23087975666678107,0.3662809119302322
2021-10-23 16:10:00,0.9545621338912134,0.05976095617529875,0.2652271034996274,0.09016247098732366,0.6122024315870751,0.24443207126948774,0.5,0.27873136854730296,0.49945834422870744,0.16313026460908217,0.9418086405291461,0.23087975666678107,0.28294129185086836
2021-10-23 16:20:00,0.9546355648535565,0.2350597609561753,0.2673119880863737,0.09016247098732366,0.6122024315870751,0.24944320712694876,0.5,0.27873136854730296,0.49945834422870744,0.16313026460908217,0.9402288492515712,0.23087975666678107,0.3037252742278619
2021-10-23 16:30:00,0.9547089260808926,0.019920318725099362,0.26284437825763196,0.08694875915015166,0.6122024315870751,0.24565701559020045,0.5,0.27873136854730296,0.49945834422870744,0.16313026460908217,0.9386489675658883,0.23087975666678107,0.3146340359400697
2021-10-23 16:40:00,0.9547823570432358,0.003984063745019917,0.26284437825763196,0.08373504731297987,0.6204604049155227,0.1765033407572383,0.5,0.27873136854730296,0.49945834422870744,0.16313026460908217,0.9370691762883133,0.23087975666678107,0.5703411439866017
2021-10-23 16:50:00,0.9548557880055788,0.027888446215139417,0.2595681310498881,0.08837707552222818,0.6152648178927118,0.18630289532293987,0.5,0.27873136854730296,0.49945834422870744,0.16313026460908217,0.9354893850107384,0.23087975666678107,0.5734870317002881
2021-10-23 17:00:00,0.9549292189679219,0.22709163346613526,0.25837676842889046,0.09123370826638122,0.6122024315870751,0.18173719376391984,0.5,0.26532009126739386,0.5038461870019861,0.1587602499100571,0.9339095937331634,0.23064804123845445,0.5547399550371924
2021-10-23 17:10:00,0.9550025453277545,0.19521912350597592,0.25390915860014873,0.09337618282449567,0.6121893444661108,0.18452115812917597,0.5,0.26532009126739386,0.5038461870019861,0.1587602499100571,0.9323297120474804,0.23064804123845445,0.6360954780693151
2021-10-23 17:20:00,0.9550759414225941,0.17131474103585642,0.24765450483991058,0.09337618282449567,0.6125819580950387,0.18975501113585747,0.5,0.26532009126739386,0.5038461870019861,0.1587602499100571,0.9307499207699054,0.23064804123845445,0.6412330069254795
2021-10-23 17:30:00,0.9551493723849372,-0.3784860557768924,0.24348473566641826,0.09337618282449567,0.6249885487691563,0.18296213808463252,0.5,0.26532009126739386,0.5038461870019861,0.1587602499100571,0.9291701294923304,0.23064804123845445,0.5291503839944476
2021-10-23 17:40:00,0.9552228033472804,0.14741035856573692,0.23931496649292616,0.09266202463845752,0.6121893444661108,0.1744988864142539,0.5,0.26532009126739386,0.5038461870019861,0.1587602499100571,0.9275903382147554,0.23064804123845445,0.6175370037871358
2021-10-23 17:50:00,0.9552961645746165,0.2350597609561753,0.23752792256142952,0.09337618282449567,0.6121893444661108,0.16737193763919822,0.5,0.26532009126739386,0.5038461870019861,0.1587602499100571,0.9260105469371804,0.23064804123845445,0.6444467914962959
2021-10-23 18:00:00,0.9553695955369595,0.24302788844621515,0.23544303797468324,0.09337618282449567,0.6121631702241823,0.15601336302895324,0.5,0.11065491125910243,0.5190096750927442,0.23302881457834876,0.9244307104555514,0.23989276416724847,0.6619189160643963
2021-10-23 18:10:00,0.9539748953974895,0.07569721115537842,0.2288905435591957,0.09623281556864849,0.6121500831032181,0.16213808463251672,0.5,0.11065491125910243,0.5190096750927442,0.23302881457834876,0.9244307104555514,0.23989276416724847,0.5902424672209062
2021-10-23 18:20:00,0.9696653417015342,0.20318725099601576,0.22501861504095277,0.094447420103553,0.6121500831032181,0.18730512249443207,0.5,0.11065491125910243,0.5190096750927442,0.23302881457834876,0.9244307104555514,0.23989276416724847,0.4898833682876413
2021-10-23 18:30:00,0.9853556485355649,0.01195219123505975,0.21846612062546522,0.09159078735940018,0.6121500831032181,0.1848552338530067,0.5,0.11065491125910243,0.5190096750927442,0.23302881457834876,0.9244307104555514,0.23989276416724847,0.4645804728638895
2021-10-23 18:40:00,0.9539748953974895,-0.29083665338645437,0.20804169769173497,0.08909123370826633,0.6121500831032181,0.17973273942093543,0.5,0.11065491125910243,0.5190096750927442,0.23302881457834876,0.9244307104555514,0.23989276416724847,0.44180484934441816
2021-10-23 18:50:00,0.9218967921896792,-0.31474103585657376,0.20059568131049876,0.0815925727548652,0.6121500831032181,0.17182628062360802,0.5,0.11065491125910243,0.5190096750927442,0.23302881457834876,0.9244307104555514,0.23989276416724847,0.44976386981909255
2021-10-23 19:00:00,0.9358437935843794,-0.5298804780876495,0.1940431868950112,0.07659346545259771,0.6121500831032181,0.15779510022271714,0.5,0.11247892501658474,0.5299376161973768,0.21436748222097693,0.7743983197709561,0.24284930807248578,0.5243070748525129
2021-10-23 19:10:00,0.8814504881450489,-0.4342629482071714,0.18778853313477262,0.07123727905731125,0.6121500831032181,0.15178173719376392,0.5,0.11247892501658474,0.5299376161973768,0.21436748222097693,0.7743983197709561,0.24284930807248578,0.5036890625707259
2021-10-23 19:20:00,0.8891213389121339,-0.20318725099601598,0.18272524199553208,0.0687377254061774,0.6121500831032181,0.16258351893095768,0.5,0.11247892501658474,0.5299376161973768,0.21436748222097693,0.7743983197709561,0.24284930807248578,0.4468443049625058
2021-10-23 19:30:00,0.8647140864714087,-0.5139442231075697,0.17647058823529393,0.06302445991787198,0.6121500831032181,0.16080178173719376,0.5,0.11247892501658474,0.5299376161973768,0.21436748222097693,0.7743983197709561,0.24284930807248578,0.41243568658810753
2021-10-23 19:40:00,0.804741980474198,-0.3067729083665339,0.16991809381980638,0.055882878057489815,0.6089437384669746,0.14521158129175946,0.5,0.11247892501658474,0.5299376161973768,0.21436748222097693,0.7743983197709561,0.24284930807248578,0.4328273760127948
2021-10-23 19:50:00,0.8110181311018132,0.17131474103585642,0.16872673119880832,0.04838421710408847,0.6022169582913455,0.14665924276169265,0.5,0.11247892501658474,0.5299376161973768,0.21436748222097693,0.7743983197709561,0.24284930807248578,0.4541771655325377
2021-10-23 20:00:00,0.7468619246861925,-0.08366533864541836,0.16187639612807136,0.04374218889484016,0.6022169582913455,0.13797327394209355,0.5,0.10739778195284333,0.5649857617806557,0.20021185567487496,0.7708453715383007,0.21295196104465214,0.41654721849208626
2021-10-23 20:10:00,0.8054393305439331,-0.15537848605577698,0.15681310498883105,0.0433851098018212,0.6022169582913455,0.14832962138084632,0.5,0.10739778195284333,0.5649857617806557,0.20021185567487496,0.7708453715383007,0.21295196104465214,0.4450563543914179
2021-10-23 20:20:00,0.8375174337517434,-0.23505976095617542,0.1508562918838421,0.04017139796464919,0.6022169582913455,0.16592427616926506,0.5,0.10739778195284333,0.5649857617806557,0.20021185567487496,0.7708453715383007,0.21295196104465214,0.3913273081159377
2021-10-23 20:30:00,0.9037656903765691,-0.26693227091633476,0.14519731943410275,0.036957686127477185,0.6022169582913455,0.18752783964365258,0.5,0.10739778195284333,0.5649857617806557,0.20021185567487496,0.7708453715383007,0.21295196104465214,0.37172020459586286
2021-10-23 20:40:00,0.8298465829846583,-0.12350597609561753,0.14281459419210707,0.030887341546152358,0.6022169582913455,0.15913140311804008,0.5,0.10739778195284333,0.5649857617806557,0.20021185567487496,0.7708453715383007,0.21295196104465214,0.4204852362056219
2021-10-23 20:50:00,0.8654114365411437,-0.17131474103585675,0.13715562174236773,0.023031601499732268,0.6022169582913455,0.15256124721603564,0.5,0.10739778195284333,0.5649857617806557,0.20021185567487496,0.7708453715383007,0.21295196104465214,0.49154306923970603
2021-10-23 21:00:00,0.9762900976290098,-0.3784860557768924,0.13507073715562168,0.02231744331369412,0.6022169582913455,0.16993318485523384,0.5,0.09958878975980112,0.5605088403394198,0.18749620350217494,0.8218067946197949,0.18938409036144394,0.5065030100939995
2021-10-23 21:10:00,0.9156206415620642,-0.17131474103585675,0.1332836932241248,0.019103731476522112,0.6022169582913455,0.17783964365256125,0.5,0.09958878975980112,0.5605088403394198,0.18749620350217494,0.8218067946197949,0.18938409036144394,0.4443924740105919
2021-10-23 21:20:00,0.8856345885634588,-0.05179282868525903,0.1332836932241248,0.018032494197464777,0.6022169582913455,0.16291759465478844,0.5,0.09958878975980112,0.5605088403394198,0.18749620350217494,0.8218067946197949,0.18938409036144394,0.4808681744798346
2021-10-23 21:30:00,0.8172942817294282,-0.06772908366533881,0.1291139240506327,0.017318336011426627,0.6022169582913455,0.1648106904231626,0.5,0.09958878975980112,0.5605088403394198,0.18749620350217494,0.8218067946197949,0.18938409036144394,0.3803506495465999
2021-10-23 21:40:00,0.8542538354253836,-0.3227091633466136,0.12077438570364829,0.013747545081235657,0.6022169582913455,0.15768374164810692,0.5,0.09958878975980112,0.5605088403394198,0.18749620350217494,0.8218067946197949,0.18938409036144394,0.43244262715572523
2021-10-23 21:50:00,0.8800557880055787,-0.4422310756972112,0.11451973194341014,0.009819675058025501,0.6022169582913455,0.14977728285077951,0.5,0.09958878975980112,0.5605088403394198,0.18749620350217494,0.8218067946197949,0.18938409036144394,0.5019162001901112
2021-10-23 22:00:00,0.8612273361227336,-0.5617529880478087,0.10945644080416961,0.006605963220853273,0.6022169582913455,0.139086859688196,0.5,0.04591116137792284,0.5777297583094587,0.2174181227781373,0.8583753373305288,0.18348126297070055,0.5195542948534183
2021-10-23 22:10:00,0.7622036262203626,-0.0916334661354582,0.10647803425167512,0.0008926977325478536,0.5897318448914424,0.10712694877505567,0.5,0.04591116137792284,0.5777297583094587,0.2174181227781373,0.8583753373305288,0.18348126297070055,0.6758679481569776
2021-10-23 22:20:00,0.7803347280334728,-0.043824701195219196,0.10290394638868205,0.004106409569719638,0.5886848752143017,0.09821826280623609,0.5,0.04591116137792284,0.5777297583094587,0.2174181227781373,0.8583753373305288,0.18348126297070055,0.8109977820360005
2021-10-23 22:30:00,0.7817294281729429,0.01195219123505975,0.1005212211466866,0.00910551687198713,0.5886848752143017,0.09153674832962139,0.5,0.04591116137792284,0.5777297583094587,0.2174181227781373,0.8583753373305288,0.18348126297070055,0.8987356096383361
2021-10-23 22:40:00,0.8089260808926081,0.22709163346613526,0.10379746835443027,0.011605070523120764,0.5886848752143017,0.09721603563474389,0.5,0.04591116137792284,0.5777297583094587,0.2174181227781373,0.8583753373305288,0.18348126297070055,0.882070703260558
2021-10-23 22:50:00,0.8305439330543933,0.3306772908366533,0.10528667163067751,0.011605070523120764,0.5886848752143017,0.11046770601336303,0.5,0.04591116137792284,0.5777297583094587,0.2174181227781373,0.8583753373305288,0.18348126297070055,0.789549919278181
2021-10-23 23:00:00,0.7573221757322175,0.13147410358565725,0.09903201787043914,0.016604177825388255,0.5886848752143017,0.07449888641425391,0.5,0.009146217609564022,0.5797412121020549,0.23850502887747818,0.8398071393122784,0.1818209044827945,0.9015118366854263
2021-10-23 23:10:00,0.793584379358438,0.2589641434262948,0.09873417721518973,0.019103731476522112,0.5886848752143017,0.07182628062360802,0.5,0.009146217609564022,0.5797412121020549,0.23850502887747818,0.8398071393122784,0.1818209044827945,0.9225723855937957
2021-10-23 23:20:00,0.696652719665272,-0.0916334661354582,0.09635145197319428,0.02517407605784694,0.5886848752143017,0.027505567928730514,0.5,0.009146217609564022,0.5797412121020549,0.23850502887747818,0.8398071393122784,0.1818209044827945,0.9436330853840699
2021-10-23 23:30:00,0.6492329149232915,-0.38645418326693237,0.08890543559195829,0.03445813247634355,0.5886848752143017,0.006792873051224944,0.5,0.009146217609564022,0.5797412121020549,0.23850502887747818,0.8398071393122784,0.1818209044827945,0.9646936342924394
2021-10-23 23:40:00,0.6234309623430963,-0.14741035856573714,0.0856291883842144,0.04302803070880201,0.5886848752143017,0.008463251670378619,0.5,0.009146217609564022,0.5797412121020549,0.23850502887747818,0.8398071393122784,0.1818209044827945,0.9053216047799387
2021-10-23 23:50:00,0.6931659693165969,0.1394422310756971,0.0856291883842144,0.046241742545973796,0.5886848752143017,0.06325167037861915,0.5,0.009146217609564022,0.5797412121020549,0.23850502887747818,0.8398071393122784,0.1818209044827945,0.8138419059402205
2021-10-24 00:00:00,0.7147838214783822,0.2749003984063745,0.08860759493670867,0.04374218889484016,0.5886848752143017,0.06815144766146994,0.5,0.00982208461478673,0.5906634061958546,0.22600749699735861,0.7883899689588229,0.18468260015105875,0.8282813042231846
2021-10-24 00:10:00,0.7210599721059973,0.3784860557768923,0.0856291883842144,0.04231387252276364,0.5893915797463716,0.07349665924276169,0.5,0.00982208461478673,0.5906634061958546,0.22600749699735861,0.7883899689588229,0.18468260015105875,0.7908927682303061
2021-10-24 00:20:00,0.7189679218967923,-0.24302788844621515,0.08116157855547268,0.0448134261738975,0.5951106516077528,0.05968819599109132,0.5,0.00982208461478673,0.5906634061958546,0.22600749699735861,0.7883899689588229,0.18468260015105875,0.8494575795524844
2021-10-24 00:30:00,0.7398884239888424,0.3705179282868525,0.0856291883842144,0.041956793429744677,0.5903992880606195,0.05334075723830735,0.5,0.00982208461478673,0.5906634061958546,0.22600749699735861,0.7883899689588229,0.18468260015105875,0.9110739773978906
2021-10-24 00:40:00,0.702231520223152,-0.20318725099601598,0.08235294117647052,0.041956793429744677,0.5985787386632815,0.03986636971046771,0.5,0.00982208461478673,0.5906634061958546,0.22600749699735861,0.7883899689588229,0.18468260015105875,0.972690375243297
2021-10-24 00:50:00,0.601115760111576,-0.11553784860557781,0.07639612807148177,0.049455454383146025,0.5985918257842457,0.010467706013363028,0.5,0.00982208461478673,0.5906634061958546,0.22600749699735861,0.7883899689588229,0.18468260015105875,0.8747076663095795
2021-10-24 01:00:00,0.5509065550906556,-0.02788844621513953,0.0701414743112434,0.053026245313336995,0.5986180000261742,0.000556792873051225,0.5,-0.04353798900215233,0.5867180832569451,0.2780687527843626,0.6959926114530727,0.19156827794114978,0.7351569926218748
2021-10-24 01:10:00,0.6227336122733612,0.03585657370517925,0.06895011169024556,0.051597928941260696,0.5986180000261742,0.0010022271714922048,0.5,-0.04353798900215233,0.5867180832569451,0.2780687527843626,0.6959926114530727,0.19156827794114978,0.9350076195361892
2021-10-24 01:20:00,0.6101813110181311,-0.15537848605577698,0.06626954579300048,0.049455454383146025,0.5986180000261742,0.00033407572383073496,0.5,-0.04353798900215233,0.5867180832569451,0.2780687527843626,0.6959926114530727,0.19156827794114978,0.8876156132595018
2021-10-24 01:30:00,0.6164574616457461,-0.21115537848605592,0.06478034251675346,0.050883770755222324,0.5986180000261742,0.000779510022271715,0.5,-0.04353798900215233,0.5867180832569451,0.2780687527843626,0.6959926114530727,0.19156827794114978,0.9123376133500309
2021-10-24 01:40:00,0.602510460251046,-0.38645418326693237,0.06120625465375995,0.050883770755222324,0.592846579680936,0.000556792873051225,0.5,-0.04353798900215233,0.5867180832569451,0.2780687527843626,0.6959926114530727,0.19156827794114978,0.819107684415408
2021-10-24 01:50:00,0.5592747559274756,-0.12350597609561753,0.06001489203276256,0.053026245313336995,0.5873238146340186,0.000779510022271715,0.5,-0.04353798900215233,0.5867180832569451,0.2780687527843626,0.6959926114530727,0.19156827794114978,0.7612520180454758
2021-10-24 02:00:00,0.6018131101813111,0.05976095617529875,0.05793000744601606,0.050883770755222324,0.5873238146340186,0.00378619153674833,0.5,-0.06023081004981967,0.5834279195533423,0.2711941591443699,0.6177262581927179,0.1928962635739146,0.8508985017426861
2021-10-24 02:10:00,0.5676429567642958,0.346613545816733,0.05703648548026785,0.04302803070880201,0.5873238146340186,0.01714922048997773,0.5,-0.06023081004981967,0.5834279195533423,0.2711941591443699,0.6177262581927179,0.1928962635739146,0.7347420673838586
2021-10-24 02:20:00,0.6317991631799164,0.3705179282868525,0.05703648548026785,0.03624352794143926,0.5901637198832629,0.055122494432071276,0.5,-0.06023081004981967,0.5834279195533423,0.2711941591443699,0.6177262581927179,0.1928962635739146,0.7065045189130468
2021-10-24 02:30:00,0.6380753138075315,-0.14741035856573714,0.055249441548771205,0.03802892340653452,0.5985787386632815,0.05679287305122494,0.5,-0.06023081004981967,0.5834279195533423,0.2711941591443699,0.6177262581927179,0.1928962635739146,0.732327956908128
2021-10-24 02:40:00,0.6520223152022315,-0.19521912350597614,0.055249441548771205,0.03802892340653452,0.5985787386632815,0.0579064587973274,0.5,-0.06023081004981967,0.5834279195533423,0.2711941591443699,0.6177262581927179,0.1928962635739146,0.7618329133786985
2021-10-24 02:50:00,0.6576011157601116,-0.2509960159362551,0.053760238272523964,0.038386002499553706,0.5985787386632815,0.053563474387527836,0.5,-0.06023081004981967,0.5834279195533423,0.2711941591443699,0.6177262581927179,0.1928962635739146,0.7318375907177452
2021-10-24 03:00:00,0.6283124128312413,-0.21912350597609564,0.047505584512285814,0.034101053383324365,0.5936448940597558,0.032405345211581296,0.5,-0.067135933517954,0.5946087291347597,0.2797063035623229,0.5144474621865227,0.18230492036731802,0.7744617288048644
2021-10-24 03:10:00,0.5836820083682008,0.13147410358565725,0.043335815338793715,0.026959471522942202,0.5886325267304445,0.022605790645879732,0.5,-0.067135933517954,0.5946087291347597,0.2797063035623229,0.5144474621865227,0.18230492036731802,0.7658463720446007
2021-10-24 03:20:00,0.6297071129707112,0.298804780876494,0.04154877140729707,0.019460810569541076,0.5886325267304445,0.04075723830734967,0.5,-0.067135933517954,0.5946087291347597,0.2797063035623229,0.5144474621865227,0.18230492036731802,0.773986450804955
2021-10-24 03:30:00,0.6499302649930265,0.20318725099601576,0.04095309009679826,0.015175861453311956,0.5886325267304445,0.04298440979955456,0.5,-0.067135933517954,0.5946087291347597,0.2797063035623229,0.5144474621865227,0.18230492036731802,0.8005793865141754
2021-10-24 03:40:00,0.6185495118549511,0.3545816733067728,0.03886820551005199,0.011605070523120764,0.5886325267304445,0.036748329621380846,0.5,-0.067135933517954,0.5946087291347597,0.2797063035623229,0.5144474621865227,0.18230492036731802,0.7845029195648567
2021-10-24 03:50:00,0.5878661087866108,-0.10756972111553798,0.03678332092330594,0.013747545081235657,0.5985002159374959,0.0200445434298441,0.5,-0.067135933517954,0.5946087291347597,0.2797063035623229,0.5144474621865227,0.18230492036731802,0.7736922310907253
2021-10-24 04:00:00,0.5774058577405857,-0.4183266932270917,0.03469843633655967,0.02088912694161782,0.5999136250016358,0.02149220489977728,0.5,-0.12200243277434675,0.6051947230946504,0.32551004323473914,0.4193617472656579,0.17302638376333762,0.7148407441495541
2021-10-24 04:10:00,0.5369595536959554,-0.3784860557768924,0.03201787043931481,0.02231744331369412,0.5999136250016358,0.010690423162583519,0.5,-0.12200243277434675,0.6051947230946504,0.32551004323473914,0.4193617472656579,0.17302638376333762,0.685282979012327
2021-10-24 04:20:00,0.5425383542538355,-0.3545816733067729,0.03201787043931481,0.02231744331369412,0.5999136250016358,0.0020044543429844097,0.5,-0.12200243277434675,0.6051947230946504,0.32551004323473914,0.4193617472656579,0.17302638376333762,0.6701947885390105
2021-10-24 04:30:00,0.5216178521617852,-0.20318725099601598,0.02725241995532368,0.02053204784859841,0.5999136250016358,0.00033407572383073496,0.5,-0.12200243277434675,0.6051947230946504,0.32551004323473914,0.4193617472656579,0.17302638376333762,0.6516287701615945
2021-10-24 04:40:00,0.5034867503486751,-0.01195219123505975,0.026061057334326065,0.016604177825388255,0.5999136250016358,0.000779510022271715,0.5,-0.12200243277434675,0.6051947230946504,0.32551004323473914,0.4193617472656579,0.17302638376333762,0.6166920651206301
2021-10-24 04:50:00,0.5432357043235705,0.14741035856573692,0.025167535368577854,0.010176754151044465,0.6034733219039143,0.0024498886414253897,0.5,-0.12200243277434675,0.6051947230946504,0.32551004323473914,0.4193617472656579,0.17302638376333762,0.6816542692034944
2021-10-24 05:00:00,0.5543933054393305,-0.24302788844621515,0.026061057334326065,0.008034279592929794,0.6111685490308987,0.00044543429844097997,0.5,-0.12149756705888803,0.6084561517440757,0.31889858890120254,0.4033212243323383,0.1901258549364141,0.7366884439549165
2021-10-24 05:10:00,0.5299860529986052,-0.09960159362549814,0.02635889798957547,0.008034279592929794,0.6111685490308987,0.00022271714922048998,0.5,-0.12149756705888803,0.6084561517440757,0.31889858890120254,0.4033212243323383,0.1901258549364141,0.6918237095825097
2021-10-24 05:20:00,0.5306834030683404,0.003984063745019917,0.029337304542069953,0.009819675058025501,0.6111685490308987,0.00011135857461024499,0.5,-0.12149756705888803,0.6084561517440757,0.31889858890120254,0.4033212243323383,0.1901258549364141,0.6732803234908038
2021-10-24 05:30:00,0.5125523012552301,0.21912350597609564,0.026061057334326065,0.008034279592929794,0.6111685490308987,0.00033407572383073496,0.5,-0.12149756705888803,0.6084561517440757,0.31889858890120254,0.4033212243323383,0.1901258549364141,0.6185177361679014
2021-10-24 05:40:00,0.48884239888423986,-0.13147410358565736,0.02367833209233039,0.008034279592929794,0.6111685490308987,0.00022271714922048998,0.5,-0.12149756705888803,0.6084561517440757,0.31889858890120254,0.4033212243323383,0.1901258549364141,0.5643435882734583
2021-10-24 05:50:00,0.47419804741980476,-0.01195219123505975,0.021295606850334936,0.006605963220853273,0.6111685490308987,0.00044543429844097997,0.5,-0.12149756705888803,0.6084561517440757,0.31889858890120254,0.4033212243323383,0.1901258549364141,0.5475353440861838
2021-10-24 06:00:00,0.5,0.3306772908366533,0.022784810126582178,-0.0016068559185858922,0.6111685490308987,0.0010022271714922048,0.5,-0.1208461478682541,0.6109101253710412,0.33480488442351003,0.46470332099232703,0.1961878092802939,0.581747815984429
2021-10-24 06:10:00,0.496513249651325,0.05976095617529875,0.022486969471332774,-0.0048205677557580096,0.6217167685280915,0.000556792873051225,0.5,-0.1208461478682541,0.6109101253710412,0.33480488442351003,0.46470332099232703,0.1961878092802939,0.5600208217028533
2021-10-24 06:20:00,0.4686192468619247,0.17928286852589648,0.018317200297840452,-0.007677200499910719,0.6254596851238695,0.000779510022271715,0.5,-0.1208461478682541,0.6109101253710412,0.33480488442351003,0.46470332099232703,0.1961878092802939,0.5197655295200447
2021-10-24 06:30:00,0.3410041841004184,-0.003984063745020028,0.017721518987341645,-0.00910551687198713,0.6277106699297221,0.00044543429844097997,0.5,-0.1208461478682541,0.6109101253710412,0.33480488442351003,0.46470332099232703,0.1961878092802939,0.26339454109268673
2021-10-24 06:40:00,0.2698744769874477,-0.09960159362549814,0.012360387192851485,-0.01838957329048374,0.6238107078823729,0.00033407572383073496,0.5,-0.1208461478682541,0.6109101253710412,0.33480488442351003,0.46470332099232703,0.1961878092802939,0.12936614511821598
2021-10-24 06:50:00,0.22245467224546722,0.5059760956175297,0.0019359642591212367,-0.033386895197286104,0.6332203478556753,0.00033407572383073496,0.5,-0.1208461478682541,0.6109101253710412,0.33480488442351003,0.46470332099232703,0.1961878092802939,0.0939843384582887
2021-10-24 07:00:00,0.1771269177126918,0.2350597609561753,-0.0195085629188384,-0.04874129619710765,0.6474853097067176,0.00022271714922048998,0.5,-0.1348518439088754,0.6316223524239458,0.35467133139738893,0.468487777266901,0.21175806499577626,0.06468307255910799
2021-10-24 07:10:00,0.29776847977684795,-0.19521912350597614,-0.04780342516753544,-0.0733797536154257,0.663621729855649,0.00033407572383073496,0.5,-0.1348518439088754,0.6316223524239458,0.35467133139738893,0.468487777266901,0.21175806499577626,0.16697345987295745
2021-10-24 07:20:00,0.4170153417015342,-0.11553784860557781,-0.06567386448250201,-0.0930191037314766,0.6637133397023989,0.00155902004454343,0.5,-0.1348518439088754,0.6316223524239458,0.35467133139738893,0.468487777266901,0.21175806499577626,0.35282979012327054
2021-10-24 07:30:00,0.5062761506276151,-0.14741035856573714,-0.07014147431124362,-0.09908944831280142,0.6637133397023989,0.005233853006681514,0.5,-0.1348518439088754,0.6316223524239458,0.35467133139738893,0.468487777266901,0.21175806499577626,0.5374338005642983
2021-10-24 07:40:00,0.5411436541143654,-0.21115537848605592,-0.06686522710349974,-0.09908944831280142,0.6637133397023989,0.00033407572383073496,0.5,-0.1348518439088754,0.6316223524239458,0.35467133139738893,0.468487777266901,0.21175806499577626,0.6507461110189056
2021-10-24 07:50:00,0.5041841004184101,-0.0916334661354582,-0.06924795234549519,-0.09908944831280142,0.6637133397023989,0.00033407572383073496,0.5,-0.1348518439088754,0.6316223524239458,0.35467133139738893,0.468487777266901,0.21175806499577626,0.5997103067429124
2021-10-24 08:00:00,0.45746164574616455,-0.2589641434262948,-0.07073715562174243,-0.09908944831280142,0.6637133397023989,0.00022271714922048998,0.5,-0.15414223691833462,0.642412365268516,0.3765201367512783,0.4632606878552584,0.2075334251873524,0.4560103806750457
2021-10-24 08:10:00,0.43165969316596936,-0.03585657370517936,-0.0769918093819808,-0.1023031601499732,0.6637133397023989,0.00022271714922048998,0.5,-0.15414223691833462,0.642412365268516,0.3765201367512783,0.4632606878552584,0.2075334251873524,0.41513647268283116
2021-10-24 08:20:00,0.4665271966527197,-0.36254980079681276,-0.07907669396872685,-0.10301731833601147,0.6613314836869038,0.00022271714922048998,0.5,-0.15414223691833462,0.642412365268516,0.3765201367512783,0.4632606878552584,0.2075334251873524,0.43934547429726756
2021-10-24 08:30:00,0.45536959553695955,0.2749003984063745,-0.07907669396872685,-0.11123013747545074,0.6524322414312075,0.00022271714922048998,0.5,-0.15414223691833462,0.642412365268516,0.3765201367512783,0.4632606878552584,0.2075334251873524,0.4394058270591608
2021-10-24 08:40:00,0.3284518828451883,-0.21912350597609564,-0.07818317200297853,-0.11622924477771823,0.6524322414312075,0.00022271714922048998,0.5,-0.15414223691833462,0.642412365268516,0.3765201367512783,0.4632606878552584,0.2075334251873524,0.25440952366582675
2021-10-24 08:50:00,0.303347280334728,-0.33864541832669326,-0.07818317200297853,-0.11658632387073731,0.6422766355629425,0.00022271714922048998,0.5,-0.15414223691833462,0.642412365268516,0.3765201367512783,0.4632606878552584,0.2075334251873524,0.1920575765348462
2021-10-24 09:00:00,0.3368200836820084,-0.019920318725099695,-0.08026805658972458,-0.12158543117300469,0.6276714085668293,0.00033407572383073496,0.5,-0.14899595527083886,0.6528661779791811,0.378869748833215,0.44951009380550533,0.2141506695568815,0.24228616262051694
2021-10-24 09:10:00,0.3702928870292887,0.22709163346613526,-0.07818317200297853,-0.12551330119621484,0.624779154833728,0.00022271714922048998,0.5,-0.14899595527083886,0.6528661779791811,0.378869748833215,0.44951009380550533,0.2141506695568815,0.31124673717881013
2021-10-24 09:20:00,0.37517433751743373,-0.24302788844621515,-0.07639612807148188,-0.12408498482413843,0.621638245802306,0.00022271714922048998,0.5,-0.14899595527083886,0.6528661779791811,0.378869748833215,0.44951009380550533,0.2141506695568815,0.30368000965644193
2021-10-24 09:30:00,0.28870292887029286,0.43426294820717115,-0.07222635889798967,-0.12729869666131055,0.6134980565625368,0.00022271714922048998,0.5,-0.14899595527083886,0.6528661779791811,0.378869748833215,0.44951009380550533,0.2141506695568815,0.16430285015918042
2021-10-24 09:40:00,0.2482566248256625,0.5697211155378485,-0.06865227103499649,-0.13301196214961608,0.6134980565625368,0.00022271714922048998,0.5,-0.14899595527083886,0.6528661779791811,0.378869748833215,0.44951009380550533,0.2141506695568815,0.12242557750049037
2021-10-24 09:50:00,0.24616457461645744,0.346613545816733,-0.061206254653760395,-0.13408319942867342,0.6189553860046328,0.00022271714922048998,0.5,-0.14899595527083886,0.6528661779791811,0.378869748833215,0.44951009380550533,0.2141506695568815,0.12985651130859877
2021-10-24 10:00:00,0.2914923291492329,-0.17131474103585675,-0.05405807892777381,-0.1280128548473486,0.6218214654958055,0.00022271714922048998,0.5,-0.012407882935992487,0.6715554572178154,0.2677014445523633,0.4499967606503712,0.25336509485417924,0.17137921149116586
2021-10-24 10:10:00,0.31520223152022314,0.13147410358565725,-0.04720774385703663,-0.12551330119621484,0.6249362002852992,0.00022271714922048998,0.5,-0.012407882935992487,0.6715554572178154,0.2677014445523633,0.4499967606503712,0.25336509485417924,0.21087255005507188
2021-10-24 10:20:00,0.3933054393305439,-0.03585657370517936,-0.04065524944154886,-0.12194251026602376,0.6273965790265799,0.00022271714922048998,0.5,-0.012407882935992487,0.6715554572178154,0.2677014445523633,0.4499967606503712,0.25336509485417924,0.3263198394616534
2021-10-24 10:30:00,0.3814504881450488,0.1872509960159361,-0.03261355174981406,-0.11301553294054623,0.6273965790265799,0.00022271714922048998,0.5,-0.012407882935992487,0.6715554572178154,0.2677014445523633,0.4499967606503712,0.25336509485417924,0.3130271436546615
2021-10-24 10:40:00,0.3891213389121339,-0.01195219123505975,-0.02338049143708132,-0.10551687198714521,0.6273965790265799,0.00022271714922048998,0.5,-0.012407882935992487,0.6715554572178154,0.2677014445523633,0.4499967606503712,0.25336509485417924,0.3400727250780814
2021-10-24 10:50:00,0.42329149232914925,-0.05179282868525903,-0.011169024571854091,-0.09623281556864838,0.6273965790265799,0.00022271714922048998,0.5,-0.012407882935992487,0.6715554572178154,0.2677014445523633,0.4499967606503712,0.25336509485417924,0.40934260754107765
2021-10-24 11:00:00,0.45746164574616455,0.3784860557768923,0.0007446016381233989,-0.0894483128012854,0.6273965790265799,0.00022271714922048998,0.5,0.00863324709336144,0.6715497102069782,0.29933662263807115,0.4549357555853559,0.3170155284910139,0.49409297342969666
2021-10-24 11:10:00,0.49023709902370993,0.06772908366533859,0.008786299329858416,-0.08302088912694161,0.6353404614518853,0.00022271714922048998,0.5,0.00863324709336144,0.6715497102069782,0.29933662263807115,0.4549357555853559,0.3170155284910139,0.5639512953211521
2021-10-24 11:20:00,0.4211994421199442,0.19521912350597592,0.016530156366343807,-0.07088019996429196,0.6386776772977713,0.00022271714922048998,0.5,0.00863324709336144,0.6715497102069782,0.29933662263807115,0.4549357555853559,0.3170155284910139,0.4018136004948927
2021-10-24 11:30:00,0.3821478382147839,0.09163346613545809,0.025167535368577854,-0.06123906445277627,0.6526285482456715,0.00022271714922048998,0.5,0.00863324709336144,0.6715497102069782,0.29933662263807115,0.4549357555853559,0.3170155284910139,0.31589389984459165
2021-10-24 11:40:00,0.3270571827057183,0.15537848605577675,0.03410275502606086,-0.05374040349937503,0.6514114459959953,0.00022271714922048998,0.5,0.00863324709336144,0.6715497102069782,0.29933662263807115,0.4549357555853559,0.3170155284910139,0.25286298414231184
2021-10-24 11:50:00,0.2873082287308229,-0.13147410358565736,0.04035740878629923,-0.052312087127298734,0.6723508395388098,0.00022271714922048998,0.5,0.00863324709336144,0.6715497102069782,0.29933662263807115,0.4549357555853559,0.3170155284910139,0.15484255473241096
2021-10-24 12:00:00,0.19595536959553697,0.15537848605577675,0.04601638123603857,-0.044099267987859125,0.6925835285495544,0.00033407572383073496,0.5,0.016670207652999647,0.6681532268029109,0.3385168606352094,0.32797756630279434,0.4062808361475766,0.07726662341385399
2021-10-24 12:10:00,0.18898186889818688,-0.3466135458167332,0.04988830975428127,-0.038386002499553595,0.6934080171703028,0.00033407572383073496,0.5,0.016670207652999647,0.6681532268029109,0.3385168606352094,0.32797756630279434,0.4062808361475766,0.06965463132006579
2021-10-24 12:20:00,0.1324965132496513,-0.06772908366533881,0.05941921072226353,-0.034101053383324476,0.6845349491565351,0.00022271714922048998,0.5,0.016670207652999647,0.6681532268029109,0.3385168606352094,0.32797756630279434,0.4062808361475766,0.038346636087933976
2021-10-24 12:30:00,0.1680613668061367,-0.003984063745020028,0.06626954579300048,-0.025531155150865903,0.7069008388844538,0.00033407572383073496,0.5,0.016670207652999647,0.6681532268029109,0.3385168606352094,0.32797756630279434,0.4062808361475766,0.061378758845451666
2021-10-24 12:40:00,0.11297071129707113,0.394422310756972,0.07133283693224102,-0.023745759685770196,0.7277355354595543,0.00033407572383073496,0.5,0.016670207652999647,0.6681532268029109,0.3385168606352094,0.32797756630279434,0.4062808361475766,0.01894322313924891
2021-10-24 12:50:00,0.11645746164574616,0.3295389869095049,0.07788533134772879,-0.00981967505802539,0.749394720655403,0.8747216035634744,0.5,0.016670207652999647,0.6681532268029109,0.3385168606352094,0.32797756630279434,0.4062808361475766,0.0
2021-10-24 13:00:00,0.13737796373779637,0.26465566306203736,0.0975428145941919,0.02231744331369412,0.749394720655403,0.9993318485523385,0.5,0.12846332644369673,0.6552569344869504,0.2672814361750223,0.26516577390597856,0.5740047800429279,0.0
2021-10-24 13:10:00,0.16666666666666669,0.19977233921457027,0.1133283693224123,0.04017139796464919,0.749394720655403,0.9993318485523385,0.5,0.12846332644369673,0.6552569344869504,0.2672814361750223,0.26516577390597856,0.5740047800429279,0.0
2021-10-24 13:20:00,0.16108786610878661,0.13488901536710296,0.12315711094564374,0.04517050526691668,0.7401683003756004,0.9993318485523385,0.5,0.12846332644369673,0.6552569344869504,0.2672814361750223,0.26516577390597856,0.5740047800429279,0.0
2021-10-24 13:30:00,0.1394700139470014,0.07000569151963565,0.13000744601638115,0.05231208712729862,0.7006713693054665,0.9993318485523385,0.5,0.12846332644369673,0.6552569344869504,0.2672814361750223,0.26516577390597856,0.5740047800429279,0.0
2021-10-24 13:40:00,0.13389121338912133,0.0051223676721683375,0.13775130305286676,0.054454561685413294,0.7006713693054665,0.9993318485523385,0.5,0.12846332644369673,0.6552569344869504,0.2672814361750223,0.26516577390597856,0.5740047800429279,0.0
2021-10-24 13:50:00,0.10251046025104603,-0.059760956175298974,0.14489947877885312,0.058739510801642636,0.7006713693054665,0.9993318485523385,0.5,0.12846332644369673,0.6552569344869504,0.2672814361750223,0.26516577390597856,0.5740047800429279,0.0
2021-10-24 14:00:00,0.08437935843793584,-0.12464428002276629,0.15294117647058791,0.06552401356900561,0.7006713693054665,0.9993318485523385,0.5,0.12717676437009517,0.632602217771483,0.27417238883695855,0.3755263364534839,0.6648374207900563,0.0
2021-10-24 14:10:00,0.04114365411436541,-0.18952760387023349,0.1591958302308265,0.07052312087127288,0.7006713693054665,0.9993318485523385,0.5,0.12717676437009517,0.632602217771483,0.27417238883695855,0.3755263364534839,0.6648374207900563,0.0
2021-10-24 14:20:00,0.03556485355648536,-0.2544109277177008,0.16753536857781093,0.07909301910373157,0.7006713693054665,0.9993318485523385,0.5,0.12717676437009517,0.632602217771483,0.27417238883695855,0.3755263364534839,0.6648374207900563,0.0
2021-10-24 14:30:00,0.07670850767085077,-0.3192942515651681,0.17766195085629177,0.08444920549901802,0.7006713693054665,0.9993318485523385,0.5,0.12717676437009517,0.632602217771483,0.27417238883695855,0.3755263364534839,0.6648374207900563,0.0
2021-10-24 14:40:00,0.09693165969316596,-0.3841775754126353,0.18540580789277716,0.09016247098732366,0.7006713693054665,0.9993318485523385,0.5,0.12717676437009517,0.632602217771483,0.27417238883695855,0.3755263364534839,0.6648374207900563,0.0
2021-10-24 14:50:00,0.061366806136680614,-0.4490608992601026,0.1907669396872671,0.09230494554543855,0.7006713693054665,0.9993318485523385,0.5,0.12717676437009517,0.632602217771483,0.27417238883695855,0.3755263364534839,0.6648374207900563,0.0
2021-10-24 15:00:00,0.058577405857740586,-0.5139442231075699,0.1952345495160086,0.09837529012676294,0.7006713693054665,0.9993318485523385,0.5,0.12356946097738541,0.6178984905476058,0.28044283999215275,0.4573495887808096,0.6927836944736313,0.0
2021-10-24 15:10:00,0.08368200836820083,-0.578827546955037,0.202084884586746,0.1008748437778968,0.7006713693054665,0.9993318485523385,0.5,0.12356946097738541,0.6178984905476058,0.28044283999215275,0.4573495887808096,0.6927836944736313,0.0
2021-10-24 15:20:00,0.08298465829846582,-0.6437108708025044,0.20595681310498848,0.1040885556150688,0.7006713693054665,0.9993318485523385,0.5,0.12356946097738541,0.6178984905476058,0.28044283999215275,0.4573495887808096,0.6927836944736313,0.0
2021-10-24 15:30:00,0.09414225941422595,-0.7085941946499718,0.21280714817572588,0.10444563470808776,0.7006713693054665,0.9993318485523385,0.5,0.12356946097738541,0.6178984905476058,0.28044283999215275,0.4573495887808096,0.6927836944736313,0.0
2021-10-24 15:40:00,0.048814504881450484,-0.7132287177819336,0.21667907669396835,0.10444563470808776,0.7006713693054665,0.9993318485523385,0.5,0.12356946097738541,0.6178984905476058,0.28044283999215275,0.4573495887808096,0.6927836944736313,0.0
2021-10-24 15:50:00,0.0404463040446304,-0.7178632409138956,0.22233804914370792,0.10801642563827896,0.7006713693054665,0.9993318485523385,0.5,0.12356946097738541,0.6178984905476058,0.28044283999215275,0.4573495887808096,0.6927836944736313,0.0
2021-10-24 16:00:00,0.09344490934449094,-0.7224977640458576,0.22829486224869666,0.11194429566148911,0.7006713693054665,0.9993318485523385,0.5,0.10577735545354705,0.604249339812132,0.2865390485415298,0.4771426991306658,0.7059259633659735,0.0
2021-10-24 16:10:00,0.0808926080892608,-0.7271322871778194,0.2244229337304542,0.1151580074986609,0.7006713693054665,0.9993318485523385,0.5,0.10577735545354705,0.604249339812132,0.2865390485415298,0.4771426991306658,0.7059259633659735,0.0
2021-10-24 16:20:00,0.08437935843793584,-0.7317668103097814,0.2288905435591957,0.11194429566148911,0.7006713693054665,0.9993318485523385,0.5,0.10577735545354705,0.604249339812132,0.2865390485415298,0.4771426991306658,0.7059259633659735,0.0
2021-10-24 16:30:00,0.0801952580195258,-0.7364013334417432,0.23633655994043168,0.11123013747545074,0.7006713693054665,0.9993318485523385,0.5,0.10577735545354705,0.604249339812132,0.2865390485415298,0.4771426991306658,0.7059259633659735,0.0
2021-10-24 16:40:00,0.12691771269177127,-0.7410358565737052,0.2533134772896499,0.10658810926620266,0.7006713693054665,0.9993318485523385,0.5,0.10577735545354705,0.604249339812132,0.2865390485415298,0.4771426991306658,0.7059259633659735,0.0
2021-10-24 16:50:00,0.16736401673640167,-0.6653386454183265,0.26165301563663435,0.10444563470808776,0.7006713693054665,0.9993318485523385,0.5,0.10577735545354705,0.604249339812132,0.2865390485415298,0.4771426991306658,0.7059259633659735,0.0
2021-10-24 17:00:00,0.0899581589958159,-0.5896414342629481,0.26284437825763196,0.10444563470808776,0.7006713693054665,0.9993318485523385,0.5,0.10110335355308786,0.6055510377664832,0.2984163325431546,0.5031865627755685,0.7177692267191197,0.0
2021-10-24 17:10:00,0.13737796373779637,-0.5139442231075697,0.26284437825763196,0.10444563470808776,0.7006713693054665,0.9993318485523385,0.5,0.10110335355308786,0.6055510377664832,0.2984163325431546,0.5031865627755685,0.7177692267191197,0.0
2021-10-24 17:20:00,0.15550906555090654,-0.4382470119521913,0.2640357408786298,0.09980360649883946,0.6819960476894688,0.9993318485523385,0.5,0.10110335355308786,0.6055510377664832,0.2984163325431546,0.5031865627755685,0.7177692267191197,0.0
2021-10-24 17:30:00,0.1631799163179916,-0.36254980079681276,0.2598659717051375,0.09980360649883946,0.6599573359856564,0.9993318485523385,0.5,0.10110335355308786,0.6055510377664832,0.2984163325431546,0.5031865627755685,0.7177692267191197,0.0
2021-10-24 17:40:00,0.24198047419804744,-0.28685258964143434,0.2491437081161576,0.10587395108016429,0.5226472628286504,0.9993318485523385,0.5,0.10110335355308786,0.6055510377664832,0.2984163325431546,0.5031865627755685,0.7177692267191197,0.0
2021-10-24 17:50:00,0.30474198047419804,-0.21115537848605592,0.23395383469843622,0.13015532940546337,0.3507217547211789,0.5655902004454343,0.5,0.10110335355308786,0.6055510377664832,0.2984163325431546,0.5031865627755685,0.7177692267191197,0.04659233218160146
2021-10-24 18:00:00,0.27615062761506276,-0.06772908366533881,0.2285927029039463,0.11051597928941259,0.36793131878917956,0.00033407572383073496,0.5,0.012321932024402349,0.6189530670360093,0.354439007922966,0.5284819376951052,0.7386538844098061,0.15399761606590523
2021-10-24 18:10:00,0.3354253835425383,-0.2509960159362551,0.22323157110945635,0.10337439742903043,0.3596864325816964,0.00033407572383073496,0.5,0.012321932024402349,0.6189530670360093,0.354439007922966,0.5284819376951052,0.7386538844098061,0.27310379166226595
2021-10-24 18:20:00,0.36401673640167365,0.394422310756972,0.22382725241995538,0.09551865738261034,0.3540982319299577,0.00033407572383073496,0.5,0.012321932024402349,0.6189530670360093,0.354439007922966,0.5284819376951052,0.7386538844098061,0.2994854927048599
2021-10-24 18:30:00,0.4093444909344491,-0.21912350597609564,0.20387192851824265,0.08801999642920899,0.3599350878800172,0.00033407572383073496,0.5,0.012321932024402349,0.6189530670360093,0.354439007922966,0.5284819376951052,0.7386538844098061,0.3684083467869698
2021-10-24 18:40:00,0.36541143654114366,0.03585657370517925,0.16157855547282196,0.05124084984824129,0.3539804478412794,0.00022271714922048998,0.5,0.012321932024402349,0.6189530670360093,0.354439007922966,0.5284819376951052,0.7386538844098061,0.2802178734704347
2021-10-24 18:50:00,0.40027894002789405,-0.01195219123505975,0.14579300074460155,0.03160149973219073,0.3539804478412794,0.00022271714922048998,0.5,0.012321932024402349,0.6189530670360093,0.354439007922966,0.5284819376951052,0.7386538844098061,0.3444332121248699
2021-10-24 19:00:00,0.4177126917712692,0.019920318725099362,0.1365599404318687,0.022674522406713082,0.3539804478412794,0.00033407572383073496,0.5,0.014846193895517334,0.6365647817428955,0.3605343287734779,0.4074496201718246,0.7215667301863573,0.4111984549692955
2021-10-24 19:10:00,0.49721059972105996,-0.003984063745020028,0.12375279225614277,0.018746652383502926,0.36376961432254523,0.00022271714922048998,0.5,0.014846193895517334,0.6365647817428955,0.3605343287734779,0.4074496201718246,0.7215667301863573,0.6113357575026027
2021-10-24 19:20:00,0.46373779637377965,0.07569721115537842,0.10945644080416961,0.018746652383502926,0.36519611050764944,0.00033407572383073496,0.5,0.014846193895517334,0.6365647817428955,0.3605343287734779,0.4074496201718246,0.7215667301863573,0.5371923895167253
2021-10-24 19:30:00,0.3493723849372385,0.14741035856573692,0.09784065524944152,0.012319228709159136,0.3680098415149652,0.00033407572383073496,0.5,0.014846193895517334,0.6365647817428955,0.3605343287734779,0.4074496201718246,0.7215667301863573,0.2945365662296121
2021-10-24 19:40:00,0.3528591352859135,0.03585657370517925,0.08860759493670867,0.008748437778968166,0.37518158380337907,0.00033407572383073496,0.5,0.014846193895517334,0.6365647817428955,0.3605343287734779,0.4074496201718246,0.7215667301863573,0.27426558232871134
2021-10-24 19:50:00,0.2698744769874477,-0.24302788844621515,0.08324646314221873,0.0033922513836814883,0.37518158380337907,0.00033407572383073496,0.5,0.014846193895517334,0.6365647817428955,0.3605343287734779,0.4074496201718246,0.7215667301863573,0.17804064758513513
2021-10-24 20:00:00,0.2601115760111576,-0.2828685258964144,0.07758749069247939,-0.00910551687198713,0.37518158380337907,0.00033407572383073496,0.5,0.004830527949388541,0.6430100543954593,0.37977279220732285,0.37685003772460024,0.7059160416720824,0.15681156358917878
2021-10-24 20:10:00,0.33333333333333337,-0.12350597609561753,0.07311988086373788,-0.01696125691840733,0.37518158380337907,0.00022271714922048998,0.5,0.004830527949388541,0.6430100543954593,0.37977279220732285,0.37685003772460024,0.7059160416720824,0.2596753021410142
2021-10-24 20:20:00,0.3110181311018131,-0.02788844621513953,0.06656738644825011,-0.020889126941617486,0.37518158380337907,0.00022271714922048998,0.5,0.004830527949388541,0.6430100543954593,0.37977279220732285,0.37685003772460024,0.7059160416720824,0.22591547595696848
2021-10-24 20:30:00,0.25592747559274753,0.09960159362549792,0.06329113924050622,-0.03160149973219073,0.37518158380337907,0.00033407572383073496,0.5,0.004830527949388541,0.6430100543954593,0.37977279220732285,0.37685003772460024,0.7059160416720824,0.14996152511429306
2021-10-24 20:40:00,0.3075313807531381,0.3784860557768923,0.05763216679076688,-0.03874308159257267,0.37518158380337907,0.00033407572383073496,0.5,0.004830527949388541,0.6430100543954593,0.37977279220732285,0.37685003772460024,0.7059160416720824,0.19840216062887578
2021-10-24 20:50:00,0.30613668061366806,0.3306772908366533,0.053164556962025156,-0.04338510980182109,0.3809268299066889,0.00022271714922048998,0.5,0.004830527949388541,0.6430100543954593,0.37977279220732285,0.37685003772460024,0.7059160416720824,0.18345730796505577
2021-10-24 21:00:00,0.31729428172942814,-0.20318725099601598,0.04869694713328343,-0.04909837529012662,0.3890146706626009,0.00022271714922048998,0.5,-0.0037683321087191857,0.6370475306531208,0.391699533717149,0.34786026204677606,0.70002317848963,0.220694962053201
2021-10-24 21:10:00,0.30474198047419804,-0.02788844621513953,0.04571854058078917,-0.05016961256918395,0.3890146706626009,0.00033407572383073496,0.5,-0.0037683321087191857,0.6370475306531208,0.391699533717149,0.34786026204677606,0.70002317848963,0.19528644929613592
2021-10-24 21:20:00,0.3326359832635983,-0.2589641434262948,0.04095309009679826,-0.05052669166220303,0.3890146706626009,0.00033407572383073496,0.5,-0.0037683321087191857,0.6370475306531208,0.391699533717149,0.34786026204677606,0.70002317848963,0.2238182174811775
2021-10-24 21:30:00,0.3193863319386332,-0.42629482071713154,0.03618763961280713,-0.0526691662203177,0.3890146706626009,0.00022271714922048998,0.5,-0.0037683321087191857,0.6370475306531208,0.391699533717149,0.34786026204677606,0.70002317848963,0.20178945939013537
2021-10-24 21:40:00,0.24198047419804744,-0.24302788844621515,0.033804914370811234,-0.057311194429566115,0.38033790946329715,0.00022271714922048998,0.5,-0.0037683321087191857,0.6370475306531208,0.391699533717149,0.34786026204677606,0.70002317848963,0.12677097635680554
2021-10-24 21:50:00,0.24058577405857742,0.3705179282868525,0.03052866716306757,-0.06445277628994805,0.37518158380337907,0.00033407572383073496,0.5,-0.0037683321087191857,0.6370475306531208,0.391699533717149,0.34786026204677606,0.70002317848963,0.11792175264420539
2021-10-24 22:00:00,0.21548117154811713,0.4501992031872508,0.026061057334326065,-0.07266559542938766,0.3779167920849092,0.00022271714922048998,0.5,-0.04418940819278616,0.6454841425603527,0.41667101005039975,0.3388319818197858,0.6923234013464189,0.0956289512198802
2021-10-24 22:10:00,0.20432357043235705,-0.33864541832669326,0.026061057334326065,-0.07766470273165504,0.3890146706626009,0.00022271714922048998,0.5,-0.04418940819278616,0.6454841425603527,0.41667101005039975,0.3388319818197858,0.6923234013464189,0.08251731369856813
2021-10-24 22:20:00,0.2315202231520223,-0.3705179282868527,0.026061057334326065,-0.07766470273165504,0.3890146706626009,0.00022271714922048998,0.5,-0.04418940819278616,0.6454841425603527,0.41667101005039975,0.3388319818197858,0.6923234013464189,0.10490064426573323
2021-10-24 22:30:00,0.23500697350069735,0.1633466135458166,0.02427401340282942,-0.07873594001071249,0.3890146706626009,0.00033407572383073496,0.5,-0.04418940819278616,0.6454841425603527,0.41667101005039975,0.3388319818197858,0.6923234013464189,0.1110490818836097
2021-10-24 22:40:00,0.2412831241283124,0.3705179282868525,0.02308265078183136,-0.08123549366184613,0.3890146706626009,0.00022271714922048998,0.5,-0.04418940819278616,0.6454841425603527,0.41667101005039975,0.3388319818197858,0.6923234013464189,0.1164355658825837
2021-10-24 22:50:00,0.2482566248256625,0.09163346613545809,0.02308265078183136,-0.08194965184788428,0.3890146706626009,0.00022271714922048998,0.5,-0.04418940819278616,0.6454841425603527,0.41667101005039975,0.3388319818197858,0.6923234013464189,0.11805754635846524
2021-10-24 23:00:00,0.22175732217573224,0.14741035856573692,0.020402084884586502,-0.08766291733619003,0.3890146706626009,0.00022271714922048998,0.5,-0.09818462469269307,0.652943762625464,0.47140487349213256,0.32875132409432034,0.7005736138153978,0.09848816331457369
2021-10-24 23:10:00,0.2085076708507671,0.394422310756972,0.017125837676842837,-0.08837707552222807,0.3890146706626009,0.00022271714922048998,0.5,-0.09818462469269307,0.652943762625464,0.47140487349213256,0.32875132409432034,0.7005736138153978,0.08673446293586011
2021-10-24 23:20:00,0.1882845188284519,0.585657370517928,0.017125837676842837,-0.08837707552222807,0.3890146706626009,0.00033407572383073496,0.5,-0.09818462469269307,0.652943762625464,0.47140487349213256,0.32875132409432034,0.7005736138153978,0.06968480770101242
2021-10-24 23:30:00,0.1680613668061367,0.5378486055776892,0.016530156366343807,-0.08837707552222807,0.3890146706626009,0.00033407572383073496,0.5,-0.09818462469269307,0.652943762625464,0.47140487349213256,0.32875132409432034,0.7005736138153978,0.05297463675181435
2021-10-24 23:40:00,0.11087866108786612,0.47410358565737054,0.014147431124348353,-0.08123549366184613,0.3953619243302666,0.00033407572383073496,0.5,-0.09818462469269307,0.652943762625464,0.47140487349213256,0.32875132409432034,0.7005736138153978,0.01271934456900584
2021-10-24 23:50:00,0.11924686192468618,-0.26693227091633476,0.014147431124348353,-0.07766470273165504,0.40545209459371034,0.00033407572383073496,0.5,-0.09818462469269307,0.652943762625464,0.47140487349213256,0.32875132409432034,0.7005736138153978,0.0193430601867918
2021-10-25 00:00:00,0.15341701534170155,-0.3466135458167332,0.011466865227103495,-0.07945009819675053,0.40545209459371034,0.00033407572383073496,0.5,-0.11575686665067952,0.6556477312237978,0.4897501850535099,0.30249005607233265,0.7151936882523825,0.045309835991369556
2021-10-25 00:10:00,0.12622036262203626,-0.09960159362549814,0.008190618019359386,-0.08123549366184613,0.40545209459371034,0.00033407572383073496,0.5,-0.11575686665067952,0.6556477312237978,0.4897501850535099,0.30249005607233265,0.7151936882523825,0.03532899799327067
2021-10-25 00:20:00,0.17364016736401675,-0.36254980079681276,0.008190618019359386,-0.08302088912694161,0.40545209459371034,0.00022271714922048998,0.5,-0.11575686665067952,0.6556477312237978,0.4897501850535099,0.30249005607233265,0.7151936882523825,0.054996454275238776
2021-10-25 00:30:00,0.18549511854951187,-0.5139442231075697,0.008488458674609012,-0.08837707552222807,0.39848974624072453,0.00022271714922048998,0.5,-0.11575686665067952,0.6556477312237978,0.4897501850535099,0.30249005607233265,0.7151936882523825,0.06810809179655085
2021-10-25 00:40:00,0.14853556485355648,-0.03585657370517936,0.008190618019359386,-0.0894483128012854,0.39987698106293595,0.00022271714922048998,0.5,-0.11575686665067952,0.6556477312237978,0.4897501850535099,0.30249005607233265,0.7151936882523825,0.03676237608823574
2021-10-25 00:50:00,0.1387726638772664,0.10756972111553775,0.006105733432613558,-0.08694875915015177,0.4005575113530775,0.00022271714922048998,0.5,-0.11575686665067952,0.6556477312237978,0.4897501850535099,0.30249005607233265,0.7151936882523825,0.03091570227982558
2021-10-25 01:00:00,0.11715481171548117,0.03585657370517925,0.005212211466865124,-0.08837707552222807,0.38918480323513627,0.00022271714922048998,0.5,-0.1460319662680195,0.6501248538104121,0.5204810516238739,0.26927544622631727,0.7354645649949617,0.016483848092098317
2021-10-25 01:10:00,0.11297071129707113,-0.31474103585657376,0.00431868950111669,-0.0880199964292091,0.3890931933883865,0.00022271714922048998,0.5,-0.1460319662680195,0.6501248538104121,0.5204810516238739,0.26927544622631727,0.7354645649949617,0.009354678093456253
2021-10-25 01:20:00,0.0808926080892608,0.1872509960159361,0.0019359642591212367,-0.08409212640599895,0.3728913376346338,0.00044543429844097997,0.5,-0.1460319662680195,0.6501248538104121,0.5204810516238739,0.26927544622631727,0.7354645649949617,0.0
2021-10-25 01:30:00,0.08577405857740586,-0.3705179282868527,-0.000148920327624813,-0.1023031601499732,0.37273429218306264,0.6417594654788419,0.5,-0.1460319662680195,0.6501248538104121,0.5204810516238739,0.26927544622631727,0.7354645649949617,0.0
2021-10-25 01:40:00,0.08716875871687588,-0.3721115537848606,0.010573343261355062,-0.08087841456882694,0.37273429218306264,0.9993318485523385,0.5,-0.1460319662680195,0.6501248538104121,0.5204810516238739,0.26927544622631727,0.7354645649949617,0.0
2021-10-25 01:50:00,0.05369595536959554,-0.3737051792828686,0.015636634400595373,-0.05481164077843248,0.37273429218306264,0.9993318485523385,0.5,-0.1460319662680195,0.6501248538104121,0.5204810516238739,0.26927544622631727,0.7354645649949617,0.0
2021-10-25 02:00:00,0.056485355648535567,-0.3752988047808765,0.016530156366343807,-0.04909837529012662,0.37273429218306264,0.9993318485523385,0.5,-0.1476849453826483,0.6376797018450787,0.5338457384811244,0.2339290222366547,0.7677743808120747,0.0
2021-10-25 02:10:00,0.04951185495118549,-0.3768924302788845,0.015040953090096565,-0.04909837529012662,0.37273429218306264,0.9993318485523385,0.5,-0.1476849453826483,0.6376797018450787,0.5338457384811244,0.2339290222366547,0.7677743808120747,0.0
2021-10-25 02:20:00,0.04184100418410042,-0.3784860557768924,0.012360387192851485,-0.05052669166220303,0.37273429218306264,0.9993318485523385,0.5,-0.1476849453826483,0.6376797018450787,0.5338457384811244,0.2339290222366547,0.7677743808120747,0.0
2021-10-25 02:30:00,0.05788005578800558,-0.38007968127490044,0.008190618019359386,-0.05409748259239411,0.37273429218306264,0.9993318485523385,0.5,-0.1476849453826483,0.6376797018450787,0.5338457384811244,0.2339290222366547,0.7677743808120747,0.0
2021-10-25 02:40:00,0.06206415620641562,-0.38167330677290845,0.008190618019359386,-0.05981074808069986,0.37273429218306264,0.9993318485523385,0.5,-0.1476849453826483,0.6376797018450787,0.5338457384811244,0.2339290222366547,0.7677743808120747,0.0
2021-10-25 02:50:00,0.055090655509065556,-0.38326693227091646,0.006701414743112366,-0.05981074808069986,0.37273429218306264,0.9993318485523385,0.5,-0.1476849453826483,0.6376797018450787,0.5338457384811244,0.2339290222366547,0.7677743808120747,0.0
2021-10-25 03:00:00,0.06903765690376569,-0.38486055776892436,0.004914370811615498,-0.06338153901089094,0.37273429218306264,0.9993318485523385,0.5,-0.1521716696856772,0.6328004896453253,0.5556230206693072,0.20686194674888778,0.7828564442284482,0.0
2021-10-25 03:10:00,0.0885634588563459,-0.38645418326693237,0.0019359642591212367,-0.06338153901089094,0.37273429218306264,0.9993318485523385,0.5,-0.1521716696856772,0.6328004896453253,0.5556230206693072,0.20686194674888778,0.7828564442284482,0.0
2021-10-25 03:20:00,0.100418410041841,-0.38804780876494027,-0.0007446016381237319,-0.06980896268523484,0.37273429218306264,0.9993318485523385,0.5,-0.1521716696856772,0.6328004896453253,0.5556230206693072,0.20686194674888778,0.7828564442284482,0.0
2021-10-25 03:30:00,0.11645746164574616,-0.3896414342629483,-0.0013402829486225398,-0.0751651490805213,0.37273429218306264,0.9993318485523385,0.5,-0.1521716696856772,0.6328004896453253,0.5556230206693072,0.20686194674888778,0.7828564442284482,0.0
2021-10-25 03:40:00,0.08507670850767085,-0.3912350597609562,-0.0028294862248698927,-0.0783788609176932,0.37273429218306264,0.9993318485523385,0.5,-0.1521716696856772,0.6328004896453253,0.5556230206693072,0.20686194674888778,0.7828564442284482,0.0
2021-10-25 03:50:00,0.07880055788005579,-0.3928286852589642,-0.004616530156366427,-0.08123549366184613,0.37273429218306264,0.9993318485523385,0.5,-0.1521716696856772,0.6328004896453253,0.5556230206693072,0.20686194674888778,0.7828564442284482,0.0
2021-10-25 04:00:00,0.0815899581589958,-0.3944223107569722,-0.00967982129560696,-0.08123549366184613,0.37273429218306264,0.9993318485523385,0.5,-0.20410673255458323,0.6261799331622636,0.6235517668567991,0.2045498950013163,0.7841500648881866,0.0
2021-10-25 04:10:00,0.0808926080892608,-0.3960159362549802,-0.00967982129560696,-0.08194965184788428,0.37273429218306264,0.9993318485523385,0.5,-0.20410673255458323,0.6261799331622636,0.6235517668567991,0.2045498950013163,0.7841500648881866,0.0
2021-10-25 04:20:00,0.08368200836820083,-0.3976095617529881,-0.01176470588235301,-0.08837707552222807,0.37273429218306264,0.9993318485523385,0.5,-0.20410673255458323,0.6261799331622636,0.6235517668567991,0.2045498950013163,0.7841500648881866,0.0
2021-10-25 04:30:00,0.07322175732217574,-0.3992031872509961,-0.013551749813849767,-0.09051955008034285,0.37273429218306264,0.9993318485523385,0.5,-0.20410673255458323,0.6261799331622636,0.6235517668567991,0.2045498950013163,0.7841500648881866,0.0
2021-10-25 04:40:00,0.059274755927475595,-0.40079681274900403,-0.01861504095309008,-0.09194786645241915,0.37273429218306264,0.9993318485523385,0.5,-0.20410673255458323,0.6261799331622636,0.6235517668567991,0.2045498950013163,0.7841500648881866,0.0
2021-10-25 04:50:00,0.04184100418410042,-0.40239043824701204,-0.020997766195085754,-0.09409034101053393,0.37273429218306264,0.9993318485523385,0.5,-0.20410673255458323,0.6261799331622636,0.6235517668567991,0.2045498950013163,0.7841500648881866,0.0
2021-10-25 05:00:00,0.0404463040446304,-0.40398406374501994,-0.027848101265822822,-0.09908944831280142,0.37273429218306264,0.9993318485523385,0.5,-0.2156532719547546,0.6221139229958031,0.6589296101721159,0.21639561733989154,0.8110134456761032,0.0
2021-10-25 05:10:00,0.048117154811715475,-0.40557768924302795,-0.031422189128816336,-0.1023031601499732,0.37273429218306264,0.9993318485523385,0.5,-0.2156532719547546,0.6221139229958031,0.6589296101721159,0.21639561733989154,0.8110134456761032,0.0
2021-10-25 05:20:00,0.03138075313807531,-0.40717131474103596,-0.03380491437081179,-0.10515979289412591,0.37273429218306264,0.9993318485523385,0.5,-0.2156532719547546,0.6221139229958031,0.6589296101721159,0.21639561733989154,0.8110134456761032,0.0
2021-10-25 05:30:00,0.01185495118549512,-0.40876494023904386,-0.037676842889054374,-0.10980182110337433,0.37273429218306264,0.9993318485523385,0.5,-0.2156532719547546,0.6221139229958031,0.6589296101721159,0.21639561733989154,0.8110134456761032,0.0
2021-10-25 05:40:00,0.04741980474198048,-0.4103585657370519,-0.04274013402829491,-0.1101589001963934,0.37273429218306264,0.9993318485523385,0.5,-0.2156532719547546,0.6221139229958031,0.6589296101721159,0.21639561733989154,0.8110134456761032,0.0
2021-10-25 05:50:00,0.06276150627615062,-0.4032959072799711,-0.04542069992553999,-0.11337261203356541,0.37273429218306264,0.9993318485523385,0.5,-0.2156532719547546,0.6221139229958031,0.6589296101721159,0.21639561733989154,0.8110134456761032,0.0
2021-10-25 06:00:00,0.055788005578800565,-0.39623324882289035,-0.04542069992553999,-0.11337261203356541,0.37273429218306264,0.9993318485523385,0.5,-0.20102874269192117,0.6363866244069812,0.628409508675164,0.17588019114791695,0.9291597113791419,0.0
2021-10-25 06:10:00,0.06555090655509065,-0.3891705903658096,-0.04542069992553999,-0.11337261203356541,0.37273429218306264,0.9993318485523385,0.5,-0.20102874269192117,0.6363866244069812,0.628409508675164,0.17588019114791695,0.9291597113791419,0.0
2021-10-25 06:20:00,0.08786610878661089,-0.3821079319087288,-0.04542069992553999,-0.11944295661489024,0.37273429218306264,0.9993318485523385,0.5,-0.20102874269192117,0.6363866244069812,0.628409508675164,0.17588019114791695,0.9291597113791419,0.0
2021-10-25 06:30:00,0.08716875871687588,-0.37504527345164806,-0.039761727475800646,-0.12444206391715751,0.37273429218306264,0.9993318485523385,0.5,-0.20102874269192117,0.6363866244069812,0.628409508675164,0.17588019114791695,0.9291597113791419,0.0
2021-10-25 06:40:00,0.08298465829846582,-0.3679826149945672,-0.0385703648548027,-0.1312265666845207,0.37273429218306264,0.9993318485523385,0.5,-0.20102874269192117,0.6363866244069812,0.628409508675164,0.17588019114791695,0.9291597113791419,0.0
2021-10-25 06:50:00,0.10111576011157601,-0.36091995653748654,-0.034996276991809516,-0.1344402785216925,0.37273429218306264,0.9993318485523385,0.5,-0.20102874269192117,0.6363866244069812,0.628409508675164,0.17588019114791695,0.9291597113791419,0.0
2021-10-25 07:00:00,0.09274755927475593,-0.35385729808040567,-0.03350707371556216,-0.13729691126584542,0.37273429218306264,0.9993318485523385,0.5,-0.2113782730637448,0.6317085575864866,0.6629511396595067,0.1426296350381976,0.9801586340139519,0.0
2021-10-25 07:10:00,0.09693165969316596,-0.3467946396233249,-0.03350707371556216,-0.14051062310301732,0.37273429218306264,0.9993318485523385,0.5,-0.2113782730637448,0.6317085575864866,0.6629511396595067,0.1426296350381976,0.9801586340139519,0.0
2021-10-25 07:20:00,0.10181311018131102,-0.33973198116624426,-0.03350707371556216,-0.14193893947509362,0.37273429218306264,0.9993318485523385,0.5,-0.2113782730637448,0.6317085575864866,0.6629511396595067,0.1426296350381976,0.9801586340139519,0.0
2021-10-25 07:30:00,0.07531380753138076,-0.3326693227091634,-0.03350707371556216,-0.14193893947509362,0.37273429218306264,0.9993318485523385,0.5,-0.2113782730637448,0.6317085575864866,0.6629511396595067,0.1426296350381976,0.9801586340139519,0.0
2021-10-25 07:40:00,0.060669456066945605,-0.3256066642520826,-0.035591958302308435,-0.14193893947509362,0.37273429218306264,0.9993318485523385,0.5,-0.2113782730637448,0.6317085575864866,0.6629511396595067,0.1426296350381976,0.9801586340139519,0.0
2021-10-25 07:50:00,0.056485355648535567,-0.31854400579500197,-0.0385703648548027,-0.142653097661132,0.37273429218306264,0.9993318485523385,0.5,-0.2113782730637448,0.6317085575864866,0.6629511396595067,0.1426296350381976,0.9801586340139519,0.0
2021-10-25 08:00:00,0.0404463040446304,-0.3114813473379211,-0.04274013402829491,-0.14836636314943752,0.37273429218306264,0.9993318485523385,0.5,-0.21447257258716257,0.6357975557962915,0.6828265904361607,0.11879886242595092,0.03225157164489823,0.0
2021-10-25 08:10:00,0.03138075313807531,-0.30441868888084034,-0.046612062546537714,-0.1490805213354759,0.37273429218306264,0.9993318485523385,0.5,-0.21447257258716257,0.6357975557962915,0.6828265904361607,0.11879886242595092,0.03225157164489823,0.0
2021-10-25 08:20:00,0.013947001394700141,-0.2973560304237597,-0.05137751303052884,-0.1505088377075522,0.37273429218306264,0.9993318485523385,0.5,-0.21447257258716257,0.6357975557962915,0.6828265904361607,0.11879886242595092,0.03225157164489823,0.0
2021-10-25 08:30:00,0.013947001394700141,-0.2902933719666788,-0.054355919583023216,-0.15265131226566697,0.37273429218306264,0.9993318485523385,0.5,-0.21447257258716257,0.6357975557962915,0.6828265904361607,0.11879886242595092,0.03225157164489823,0.0
2021-10-25 08:40:00,0.028591352859135284,-0.28323071350959794,-0.054355919583023216,-0.15265131226566697,0.37273429218306264,0.9993318485523385,0.5,-0.21447257258716257,0.6357975557962915,0.6828265904361607,0.11879886242595092,0.03225157164489823,0.0
2021-10-25 08:50:00,0.03277545327754532,-0.2761680550525173,-0.05733432613551759,-0.15265131226566697,0.37273429218306264,0.9993318485523385,0.5,-0.21447257258716257,0.6357975557962915,0.6828265904361607,0.11879886242595092,0.03225157164489823,0.0
2021-10-25 09:00:00,0.028591352859135284,-0.26910539659543653,-0.0618019359642592,-0.15265131226566697,0.37273429218306264,0.9993318485523385,0.5,-0.20064601599013832,0.6448462243575576,0.655035402064813,0.09564954996786752,0.08745278651883026,0.0
2021-10-25 09:10:00,0.01185495118549512,-0.26204273813835566,-0.06805658972449746,-0.1519371540796286,0.37273429218306264,0.9993318485523385,0.5,-0.20064601599013832,0.6448462243575576,0.655035402064813,0.09564954996786752,0.08745278651883026,0.0
2021-10-25 09:20:00,0.04602510460251046,-0.254980079681275,-0.0689501116902459,-0.1490805213354759,0.37273429218306264,0.9993318485523385,0.5,-0.20064601599013832,0.6448462243575576,0.655035402064813,0.09564954996786752,0.08745278651883026,0.0
2021-10-25 09:30:00,0.07252440725244073,-0.24791742122419425,-0.06358897989575596,-0.1490805213354759,0.37273429218306264,0.9993318485523385,0.5,-0.20064601599013832,0.6448462243575576,0.655035402064813,0.09564954996786752,0.08745278651883026,0.0
2021-10-25 09:40:00,0.08368200836820083,-0.24085476276711337,-0.06001489203276256,-0.1490805213354759,0.37273429218306264,0.9993318485523385,0.5,-0.20064601599013832,0.6448462243575576,0.655035402064813,0.09564954996786752,0.08745278651883026,0.0
2021-10-25 09:50:00,0.05369595536959554,-0.23379210431003272,-0.054355919583023216,-0.1469380467773611,0.37273429218306264,0.9993318485523385,0.5,-0.20064601599013832,0.6448462243575576,0.655035402064813,0.09564954996786752,0.08745278651883026,0.0
2021-10-25 10:00:00,0.04393305439330544,-0.22672944585295196,-0.050186150409531005,-0.13729691126584542,0.37273429218306264,0.9993318485523385,0.5,-0.0573238214769215,0.6600786765783447,0.5025570165810734,0.003164634379403643,0.8330840281046071,0.0
2021-10-25 10:10:00,0.06276150627615062,-0.2196667873958711,-0.04333581533879394,-0.129441171219425,0.37273429218306264,0.9993318485523385,0.5,-0.0573238214769215,0.6600786765783447,0.5025570165810734,0.003164634379403643,0.8330840281046071,0.0
2021-10-25 10:20:00,0.04741980474198048,-0.21260412893879044,-0.03916604616530173,-0.12158543117300469,0.37273429218306264,0.9993318485523385,0.5,-0.0573238214769215,0.6600786765783447,0.5025570165810734,0.003164634379403643,0.8330840281046071,0.0
2021-10-25 10:30:00,0.043235704323570434,-0.20554147048170968,-0.03410275502606119,-0.11194429566148911,0.37273429218306264,0.9993318485523385,0.5,-0.0573238214769215,0.6600786765783447,0.5025570165810734,0.003164634379403643,0.8330840281046071,0.0
2021-10-25 10:40:00,0.03207810320781032,-0.1984788120246288,-0.027252419955324125,-0.10051776468487772,0.37273429218306264,0.9993318485523385,0.5,-0.0573238214769215,0.6600786765783447,0.5025570165810734,0.003164634379403643,0.8330840281046071,0.0
2021-10-25 10:50:00,0.03347280334728033,-0.19141615356754815,-0.01921072226358911,-0.08837707552222807,0.37273429218306264,0.9993318485523385,0.5,-0.0573238214769215,0.6600786765783447,0.5025570165810734,0.003164634379403643,0.8330840281046071,0.0
2021-10-25 11:00:00,0.058577405857740586,-0.18435349511046728,-0.009381980640357557,-0.07730762363863586,0.37273429218306264,0.9993318485523385,0.5,-0.03962940715216978,0.6549293548692992,0.47707562065685405,0.1507811735979444,0.6792430789914236,0.0
2021-10-25 11:10:00,0.07880055788005579,-0.17729083665338652,0.0010424422933730249,-0.06445277628994805,0.37273429218306264,0.9993318485523385,0.5,-0.03962940715216978,0.6549293548692992,0.47707562065685405,0.1507811735979444,0.6792430789914236,0.0
2021-10-25 11:20:00,0.05090655509065551,-0.17022817819630576,0.010871183916604465,-0.05159792894126036,0.37273429218306264,0.9993318485523385,0.5,-0.03962940715216978,0.6549293548692992,0.47707562065685405,0.1507811735979444,0.6792430789914236,0.0
2021-10-25 11:30:00,0.060669456066945605,-0.163165519739225,0.01950856291883829,-0.03874308159257267,0.37273429218306264,0.9993318485523385,0.5,-0.03962940715216978,0.6549293548692992,0.47707562065685405,0.1507811735979444,0.6792430789914236,0.0
2021-10-25 11:40:00,0.07601115760111576,-0.15610286128214423,0.026061057334326065,-0.03160149973219073,0.37273429218306264,0.9993318485523385,0.5,-0.03962940715216978,0.6549293548692992,0.47707562065685405,0.1507811735979444,0.6792430789914236,0.0
2021-10-25 11:50:00,0.0808926080892608,-0.14904020282506347,0.03261355174981384,-0.031244420639171433,0.37273429218306264,0.9993318485523385,0.5,-0.03962940715216978,0.6549293548692992,0.47707562065685405,0.1507811735979444,0.6792430789914236,0.0
2021-10-25 12:00:00,0.08577405857740586,-0.1419775443679827,0.03737900223380475,-0.030530262453133394,0.37273429218306264,0.9993318485523385,0.5,-0.01638157001663998,0.6555184234799889,0.45273441051786195,0.27051173189789784,0.7074410384785632,0.0
2021-10-25 12:10:00,0.10808926080892609,-0.13491488591090195,0.04631422189128798,-0.027316550615961277,0.37273429218306264,0.9993318485523385,0.5,-0.01638157001663998,0.6555184234799889,0.45273441051786195,0.27051173189789784,0.7074410384785632,0.0
2021-10-25 12:20:00,0.10739191073919108,-0.1278522274538212,0.05286671630677553,-0.019460810569541076,0.37273429218306264,0.9993318485523385,0.5,-0.01638157001663998,0.6555184234799889,0.45273441051786195,0.27051173189789784,0.7074410384785632,0.0
2021-10-25 12:30:00,0.1290097629009763,-0.12078956899674043,0.06180193596425898,-0.00981967505802539,0.37273429218306264,0.9993318485523385,0.5,-0.01638157001663998,0.6555184234799889,0.45273441051786195,0.27051173189789784,0.7074410384785632,0.0
2021-10-25 12:40:00,0.14435146443514643,-0.11372691053965966,0.06775874906924773,-0.0030351722906623024,0.37273429218306264,0.9993318485523385,0.5,-0.01638157001663998,0.6555184234799889,0.45273441051786195,0.27051173189789784,0.7074410384785632,0.0
2021-10-25 12:50:00,0.18131101813110181,-0.1066642520825789,0.07580044676098274,-0.0001785395465094819,0.372498724005706,0.9993318485523385,0.5,-0.01638157001663998,0.6555184234799889,0.45273441051786195,0.27051173189789784,0.7074410384785632,0.0
2021-10-25 13:00:00,0.24058577405857742,-0.09960159362549814,0.0826507818317197,-0.0030351722906623024,0.34165237989294733,0.1403118040089087,0.5,0.08542023058324877,0.6382285413799167,0.3700315653035036,0.35102214096786694,0.7215479893942556,0.0713520527483139
2021-10-25 13:10:00,0.2377963737796374,0.06772908366533859,0.0939687267311986,-0.014461703267273585,0.35025061836646554,0.00011135857461024499,0.5,0.08542023058324877,0.6382285413799167,0.3700315653035036,0.35102214096786694,0.7215479893942556,0.10300707636133198
2021-10-25 13:20:00,0.22245467224546722,0.13147410358565725,0.10766939687267296,0.0001785395465094819,0.3615186295166926,0.00022271714922048998,0.5,0.08542023058324877,0.6382285413799167,0.3700315653035036,0.35102214096786694,0.7215479893942556,0.09200024141104758
2021-10-25 13:30:00,0.25871687587168757,-0.3944223107569722,0.11630677587490679,0.016604177825388255,0.37255107248956304,0.00022271714922048998,0.5,0.08542023058324877,0.6382285413799167,0.3700315653035036,0.35102214096786694,0.7215479893942556,0.13472999683148001
2021-10-25 13:40:00,0.2719665271966527,-0.08366533864541836,0.12077438570364829,0.02945902517407606,0.355982777348811,0.00022271714922048998,0.5,0.08542023058324877,0.6382285413799167,0.3700315653035036,0.35102214096786694,0.7215479893942556,0.14036543597326373
2021-10-25 13:50:00,0.2482566248256625,0.03585657370517925,0.13060312732687973,0.041956793429744677,0.36134849694415727,0.00033407572383073496,0.5,0.08542023058324877,0.6382285413799167,0.3700315653035036,0.35102214096786694,0.7215479893942556,0.12550356835704696
2021-10-25 14:00:00,0.23082287308228733,0.19521912350597592,0.13715562174236773,0.05659703624352819,0.36405753098375887,0.00033407572383073496,0.5,0.0993607880401155,0.624978807897544,0.3599270159355896,0.4050335538961056,0.7196483898734846,0.11368197112120343
2021-10-25 14:10:00,0.2412831241283124,0.01195219123505975,0.1478778853313476,0.07730762363863608,0.3574747091387365,0.00022271714922048998,0.5,0.0993607880401155,0.624978807897544,0.3599270159355896,0.4050335538961056,0.7196483898734846,0.11895529369162758
2021-10-25 14:20:00,0.2733612273361227,0.08366533864541825,0.16008935219657472,0.08873415461524736,0.37210611037677827,0.00022271714922048998,0.5,0.0993607880401155,0.624978807897544,0.3599270159355896,0.4050335538961056,0.7196483898734846,0.15552906739894684
2021-10-25 14:30:00,0.3138075313807531,0.3067729083665336,0.16962025316455676,0.09658989466166767,0.3752731936501289,0.00022271714922048998,0.5,0.0993607880401155,0.624978807897544,0.3599270159355896,0.4050335538961056,0.7196483898734846,0.2015631365330356
2021-10-25 14:40:00,0.3207810320781032,0.2669322709163344,0.1788533134772894,0.10194608105695413,0.37781209511719516,0.00022271714922048998,0.5,0.0993607880401155,0.624978807897544,0.3599270159355896,0.4050335538961056,0.7196483898734846,0.2152330371018604
2021-10-25 14:50:00,0.3361227336122734,-0.4103585657370519,0.1830230826507817,0.10730226745224059,0.3804426064310113,0.00033407572383073496,0.5,0.0993607880401155,0.624978807897544,0.3599270159355896,0.4050335538961056,0.7196483898734846,0.22859362976598216
2021-10-25 15:00:00,0.3507670850767085,-0.06772908366533881,0.1478778853313476,0.0848062845920372,0.36675347790239626,0.00022271714922048998,0.5,0.1106956353813573,0.6127664098710675,0.35302591814376594,0.4248000209765615,0.7229162339408165,0.2722286766148136
2021-10-25 15:10:00,0.31450488145048816,0.1394422310756971,0.12822040208488428,0.04981253347616499,0.36969808011935457,0.00033407572383073496,0.5,0.1106956353813573,0.6127664098710675,0.35302591814376594,0.4248000209765615,0.7229162339408165,0.22296573471943512
2021-10-25 15:20:00,0.3521617852161785,0.05179282868525892,0.12405063291139218,0.031958578825209694,0.3640051824999018,0.00044543429844097997,0.5,0.1106956353813573,0.6127664098710675,0.35302591814376594,0.4248000209765615,0.7229162339408165,0.2743108469001313
2021-10-25 15:30:00,0.36750348675034866,0.29083665338645415,0.11898734177215187,0.022674522406713082,0.3694755990629622,0.00033407572383073496,0.5,0.1106956353813573,0.6127664098710675,0.35302591814376594,0.4248000209765615,0.7229162339408165,0.3161805754635847
2021-10-25 15:40:00,0.3800557880055788,-0.2589641434262948,0.11600893521965738,0.026959471522942202,0.3662299930638259,0.00022271714922048998,0.5,0.1106956353813573,0.6127664098710675,0.35302591814376594,0.4248000209765615,0.7229162339408165,0.28496310937429276
2021-10-25 15:50:00,0.3528591352859135,0.2350597609561753,0.11541325390915858,0.02803070880199976,0.3493999555037887,0.00022271714922048998,0.5,0.1106956353813573,0.6127664098710675,0.35302591814376594,0.4248000209765615,0.7229162339408165,0.27485402175717066
2021-10-25 16:00:00,0.37796373779637377,0.15537848605577675,0.11541325390915858,0.026959471522942202,0.35511902736517,0.00033407572383073496,0.5,0.12349618423979813,0.6041315260899932,0.3502594680375781,0.4311219254525311,0.7180950276260669,0.3327775849842329
2021-10-25 16:10:00,0.39191073919107394,-0.12350597609561753,0.11154132539091588,0.02231744331369412,0.36144010679090705,0.00022271714922048998,0.5,0.12349618423979813,0.6041315260899932,0.3502594680375781,0.4311219254525311,0.7180950276260669,0.361671469740634
2021-10-25 16:20:00,0.38284518828451886,0.06772908366533859,0.10975428145941901,0.02231744331369412,0.3607203151378728,0.00022271714922048998,0.5,0.12349618423979813,0.6041315260899932,0.3502594680375781,0.4311219254525311,0.7180950276260669,0.32577666460461396
2021-10-25 16:30:00,0.403068340306834,-0.01195219123505975,0.10945644080416961,0.024102838778789604,0.35240999332556827,0.00033407572383073496,0.5,0.12349618423979813,0.6041315260899932,0.3502594680375781,0.4311219254525311,0.7180950276260669,0.35280715783756056
2021-10-25 16:40:00,0.4198047419804742,-0.14741035856573714,0.10945644080416961,0.02231744331369412,0.3603931371137663,0.00022271714922048998,0.5,0.12349618423979813,0.6041315260899932,0.3502594680375781,0.4311219254525311,0.7180950276260669,0.4115153069692352
2021-10-25 16:50:00,0.41352859135285913,-0.1394422310756973,0.10945644080416961,0.02231744331369412,0.3603931371137663,0.00022271714922048998,0.5,0.12349618423979813,0.6041315260899932,0.3502594680375781,0.4311219254525311,0.7180950276260669,0.3977397890670972
2021-10-25 17:00:00,0.39539748953974896,-0.05179282868525903,0.10915860014891998,0.02231744331369412,0.3517556372773553,0.00022271714922048998,0.5,0.12743731870511277,0.6074130692773424,0.34819163693826577,0.43134267492960876,0.7090253951129182,0.3589857718363837
2021-10-25 17:10:00,0.36610878661087864,0.17928286852589648,0.10647803425167512,0.02517407605784694,0.350931148656607,0.00022271714922048998,0.5,0.12743731870511277,0.6074130692773424,0.34819163693826577,0.43134267492960876,0.7090253951129182,0.30945124251248546
2021-10-25 17:20:00,0.4344490934449094,-0.05179282868525903,0.10647803425167512,0.023031601499732268,0.36250016358901205,0.00022271714922048998,0.5,0.12743731870511277,0.6074130692773424,0.34819163693826577,0.43134267492960876,0.7090253951129182,0.4207568236341416
2021-10-25 17:30:00,0.394700139470014,-0.1872509960159363,0.10647803425167512,0.02053204784859841,0.3606025310491945,0.00022271714922048998,0.5,0.12743731870511277,0.6074130692773424,0.34819163693826577,0.43134267492960876,0.7090253951129182,0.3544065060277321
2021-10-25 17:40:00,0.4511854951185495,0.2111553784860556,0.10647803425167512,0.02088912694161782,0.3566763947599168,0.00022271714922048998,0.5,0.12743731870511277,0.6074130692773424,0.34819163693826577,0.43134267492960876,0.7090253951129182,0.47688489219487906
2021-10-25 17:50:00,0.4783821478382148,-0.1872509960159363,0.10647803425167512,0.019817889662560484,0.36209446283912,0.00022271714922048998,0.5,0.12743731870511277,0.6074130692773424,0.34819163693826577,0.43134267492960876,0.7090253951129182,0.5214327745673462
2021-10-25 18:00:00,0.45327754532775455,-0.2509960159362551,0.10647803425167512,0.02231744331369412,0.36209446283912,0.00022271714922048998,0.5,0.02345319210745833,0.6208179720522892,0.41644921214823505,0.5140114871677606,0.6730231002900876,0.46111018905502665
2021-10-25 18:10:00,0.3842398884239888,-0.13147410358565736,0.10201042442293362,0.027673629708980574,0.3564670008244886,0.00022271714922048998,0.5,0.02345319210745833,0.6208179720522892,0.41644921214823505,0.5140114871677606,0.6730231002900876,0.3426905261252018
2021-10-25 18:20:00,0.4337517433751743,-0.2749003984063746,0.09843633655994011,0.023745759685770418,0.3610213189200508,0.00022271714922048998,0.5,0.02345319210745833,0.6208179720522892,0.41644921214823505,0.5140114871677606,0.6730231002900876,0.4073132459224165
2021-10-25 18:30:00,0.4511854951185495,0.01195219123505975,0.09456440804169763,0.02053204784859841,0.3579458454934499,0.00022271714922048998,0.5,0.02345319210745833,0.6208179720522892,0.41644921214823505,0.5140114871677606,0.6730231002900876,0.4543054151515609
2021-10-25 18:40:00,0.399581589958159,0.08366533864541825,0.09128816083395375,0.018746652383502926,0.35454319404274254,0.00022271714922048998,0.5,0.02345319210745833,0.6208179720522892,0.41644921214823505,0.5140114871677606,0.6730231002900876,0.34822789202890897
2021-10-25 18:50:00,0.3598326359832636,-0.01195219123505975,0.08533134772896478,0.014461703267273585,0.3507610160840716,0.00022271714922048998,0.5,0.02345319210745833,0.6208179720522892,0.41644921214823505,0.5140114871677606,0.6730231002900876,0.2825791752795087
2021-10-25 19:00:00,0.3831938633193863,0.07569721115537842,0.08041697691734906,0.00910551687198713,0.3507610160840716,0.00022271714922048998,0.5,0.03431575970166323,0.6337027703465754,0.41752358140331747,0.5021328834003393,0.6562931651151638,0.32056746684370147
2021-10-25 19:10:00,0.4065550906555091,0.1633466135458166,0.07550260610573334,0.003749330476700674,0.3507610160840716,0.00022271714922048998,0.5,0.03431575970166323,0.6337027703465754,0.41752358140331747,0.5021328834003393,0.6562931651151638,0.3585557584078941
2021-10-25 19:20:00,0.4170153417015342,0.38645418326693215,0.07252419955323886,-0.0030351722906623024,0.3507610160840716,0.00022271714922048998,0.5,0.03431575970166323,0.6337027703465754,0.41752358140331747,0.5021328834003393,0.6562931651151638,0.36913257992968906
2021-10-25 19:30:00,0.3723849372384937,0.03585657370517925,0.06775874906924773,-0.009462595965006093,0.35942469016241113,0.00022271714922048998,0.5,0.03431575970166323,0.6337027703465754,0.41752358140331747,0.5021328834003393,0.6562931651151638,0.31309504051179143
2021-10-25 19:40:00,0.3472803347280335,-0.08366533864541836,0.0656738644825019,-0.00981967505802539,0.36195050450851324,0.00022271714922048998,0.5,0.03431575970166323,0.6337027703465754,0.41752358140331747,0.5021328834003393,0.6562931651151638,0.2564690616654345
2021-10-25 19:50:00,0.28103207810320785,0.1872509960159361,0.06329113924050622,-0.01696125691840733,0.36195050450851324,0.00022271714922048998,0.5,0.03431575970166323,0.6337027703465754,0.41752358140331747,0.5021328834003393,0.6562931651151638,0.18913801167825944
2021-10-25 20:00:00,0.2301255230125523,0.6175298804780875,0.0588235294117645,-0.028387787895018723,0.36195050450851324,0.00022271714922048998,0.5,0.037377473256658966,0.6481938581695195,0.4100860598686941,0.4485118978860991,0.6628606531873897,0.13318345730796505
2021-10-25 20:10:00,0.2294281729428173,0.4422310756972112,0.05644080416976904,-0.036957686127477296,0.3660729476122548,0.00022271714922048998,0.5,0.037377473256658966,0.6481938581695195,0.4100860598686941,0.4485118978860991,0.6628606531873897,0.1268313291186988
2021-10-25 20:20:00,0.2545327754532775,0.06772908366533859,0.055845122859270235,-0.04159971433672538,0.3758490269725563,0.00022271714922048998,0.5,0.037377473256658966,0.6481938581695195,0.4100860598686941,0.4485118978860991,0.6628606531873897,0.14972765816195663
2021-10-25 20:30:00,0.28451882845188287,0.17928286852589648,0.055845122859270235,-0.04659882163899287,0.3758490269725563,0.00022271714922048998,0.5,0.037377473256658966,0.6481938581695195,0.4100860598686941,0.4485118978860991,0.6628606531873897,0.17346138177648357
2021-10-25 20:40:00,0.296373779637378,0.2749003984063745,0.055845122859270235,-0.05052669166220303,0.3758490269725563,0.00033407572383073496,0.5,0.037377473256658966,0.6481938581695195,0.4100860598686941,0.4485118978860991,0.6628606531873897,0.17393665977639303
2021-10-25 20:50:00,0.301952580195258,0.5298804780876492,0.052271034996276944,-0.0526691662203177,0.3758490269725563,0.00044543429844097997,0.5,0.037377473256658966,0.6481938581695195,0.4100860598686941,0.4485118978860991,0.6628606531873897,0.17672797501395657
2021-10-25 21:00:00,0.2719665271966527,0.2589641434262948,0.04988830975428127,-0.05338332440635607,0.38404156469618256,0.00022271714922048998,0.5,0.019202641031037304,0.6587137615047974,0.4217770539227603,0.3846395370162316,0.6857788518770159,0.14788689892421203
2021-10-25 21:10:00,0.2831241283124128,-0.33067729083665354,0.04988830975428127,-0.0526691662203177,0.3896690267108139,0.00033407572383073496,0.5,0.019202641031037304,0.6587137615047974,0.4217770539227603,0.3846395370162316,0.6857788518770159,0.15433710035155485
2021-10-25 21:20:00,0.2705718270571827,-0.09960159362549814,0.04988830975428127,-0.057311194429566115,0.3896690267108139,0.00022271714922048998,0.5,0.019202641031037304,0.6587137615047974,0.4217770539227603,0.3846395370162316,0.6857788518770159,0.1403880682589737
2021-10-25 21:30:00,0.2691771269177127,-0.06772908366533881,0.04690990320178701,-0.05981074808069986,0.3896690267108139,0.00033407572383073496,0.5,0.019202641031037304,0.6587137615047974,0.4217770539227603,0.3846395370162316,0.6857788518770159,0.14059930292560013
2021-10-25 21:40:00,0.2712691771269177,-0.20318725099601598,0.0466120625465376,-0.06338153901089094,0.3896690267108139,0.00033407572383073496,0.5,0.019202641031037304,0.6587137615047974,0.4217770539227603,0.3846395370162316,0.6857788518770159,0.1471852980672028
2021-10-25 21:50:00,0.25383542538354253,-0.4342629482071714,0.042740134028294685,-0.06338153901089094,0.3896690267108139,0.00022271714922048998,0.5,0.019202641031037304,0.6587137615047974,0.4217770539227603,0.3846395370162316,0.6857788518770159,0.12287067911945321
2021-10-25 22:00:00,0.1680613668061367,-0.17131474103585675,0.03886820551005199,-0.06338153901089094,0.37905537160879976,0.00033407572383073496,0.5,-0.05994580790021298,0.6676934659360302,0.4964387423741913,0.3159835385040077,0.7147448428915099,0.06957164627246254
2021-10-25 22:10:00,0.18131101813110181,-0.5298804780876495,0.03320923306031265,-0.06338153901089094,0.3749591027469867,0.00033407572383073496,0.5,-0.05994580790021298,0.6676934659360302,0.4964387423741913,0.3159835385040077,0.7147448428915099,0.07132187636736727
2021-10-25 22:20:00,0.26429567642956764,0.08366533864541825,0.029039463886820327,-0.06909480449919658,0.3628404287340828,0.00033407572383073496,0.5,-0.05994580790021298,0.6676934659360302,0.4964387423741913,0.3159835385040077,0.7147448428915099,0.14111984549692955
2021-10-25 22:30:00,0.2754532775453278,-0.03585657370517936,0.02427401340282942,-0.07766470273165504,0.36134849694415727,0.00033407572383073496,0.5,-0.05994580790021298,0.6676934659360302,0.4964387423741913,0.3159835385040077,0.7147448428915099,0.14407713082969958
2021-10-25 22:40:00,0.29776847977684795,0.17928286852589648,0.017721518987341645,-0.08123549366184613,0.3571344439936658,0.00022271714922048998,0.5,-0.05994580790021298,0.6676934659360302,0.4964387423741913,0.3159835385040077,0.7147448428915099,0.17988895091811638
2021-10-25 22:50:00,0.20013947001394702,0.29083665338645415,0.012956068503350515,-0.08266381003392254,0.3689521142243918,0.00022271714922048998,0.5,-0.05994580790021298,0.6676934659360302,0.4964387423741913,0.3159835385040077,0.7147448428915099,0.10474976236100005
2021-10-25 23:00:00,0.29009762900976294,0.394422310756972,0.008190618019359386,-0.08659168005713269,0.3731399929329547,0.00022271714922048998,0.5,-0.1293716978356847,0.6642653739723647,0.5697161278524777,0.24674839469333937,0.7538125220958348,0.16490637777811307
2021-10-25 23:10:00,0.21199442119944212,0.40239043824701204,0.00699925539836177,-0.09194786645241915,0.3731399929329547,0.00033407572383073496,0.5,-0.1293716978356847,0.6642653739723647,0.5697161278524777,0.24674839469333937,0.7538125220958348,0.09670775683872233
2021-10-25 23:20:00,0.11576011157601115,0.12350597609561742,0.0025316455696200446,-0.09051955008034285,0.3731399929329547,0.00033407572383073496,0.5,-0.1293716978356847,0.6642653739723647,0.5697161278524777,0.24674839469333937,0.7538125220958348,0.034529323898184895
2021-10-25 23:30:00,0.11924686192468618,0.3067729083665336,-0.0025316455696204887,-0.08409212640599895,0.3731399929329547,0.00033407572383073496,0.5,-0.1293716978356847,0.6642653739723647,0.5697161278524777,0.24674839469333937,0.7538125220958348,0.023069843233700982
2021-10-25 23:40:00,0.12761506276150628,0.6573705179282865,-0.004616530156366427,-0.08730583824317073,0.37520775804530765,0.00022271714922048998,0.5,-0.1293716978356847,0.6642653739723647,0.5697161278524777,0.24674839469333937,0.7538125220958348,0.024676735519109195
2021-10-25 23:50:00,0.11645746164574616,0.06772908366533859,-0.00967982129560696,-0.08837707552222807,0.38956432974309985,0.00011135857461024499,0.5,-0.1293716978356847,0.6642653739723647,0.5697161278524777,0.24674839469333937,0.7538125220958348,0.023650738566923672
2021-10-26 00:00:00,0.12622036262203626,0.14741035856573692,-0.01236038719285204,-0.09194786645241915,0.38956432974309985,0.00022271714922048998,0.5,-0.13825556004339912,0.6630326401480428,0.5811891284280869,0.16264308802864588,0.806045620533709,0.026411877423540595
2021-10-26 00:10:00,0.11018131101813111,0.6573705179282865,-0.012658227848101444,-0.09873236921978212,0.38956432974309985,0.00033407572383073496,0.5,-0.13825556004339912,0.6630326401480428,0.5811891284280869,0.16264308802864588,0.806045620533709,0.013239887140335261
2021-10-26 00:20:00,0.099721059972106,0.6494023904382469,-0.013253909158600363,-0.09908944831280142,0.3946028713143395,0.00033407572383073496,0.5,-0.13825556004339912,0.6630326401480428,0.5811891284280869,0.16264308802864588,0.806045620533709,0.010169440379015345
2021-10-26 00:30:00,0.09553695955369597,0.5059760956175297,-0.01861504095309008,-0.09694697375468664,0.4094960149716663,0.00022271714922048998,0.5,-0.13825556004339912,0.6630326401480428,0.5811891284280869,0.16264308802864588,0.806045620533709,0.0027535947613802677
2021-10-26 00:40:00,0.09553695955369597,0.4581673306772909,-0.023976172747580238,-0.09730405284770571,0.4223999162424258,0.00022271714922048998,0.5,-0.13825556004339912,0.6630326401480428,0.5811891284280869,0.16264308802864588,0.806045620533709,0.00640493685592287
2021-10-26 00:50:00,0.09414225941422595,0.5298804780876492,-0.024571854058079046,-0.09908944831280142,0.4223999162424258,0.00022271714922048998,0.5,-0.13825556004339912,0.6630326401480428,0.5811891284280869,0.16264308802864588,0.806045620533709,0.0021877876186308974
2021-10-26 01:00:00,0.099721059972106,0.5378486055776892,-0.024571854058079046,-0.09908944831280142,0.4223999162424258,0.00011135857461024499,0.5,-0.17230079283629007,0.6637653840296321,0.6147276596948067,0.0953287458377687,0.9054491862666181,0.0023839340947840125
2021-10-26 01:10:00,0.09205020920502092,0.1633466135458166,-0.027550260610573418,-0.10123192287091587,0.4223999162424258,0.00011135857461024499,0.5,-0.17230079283629007,0.6637653840296321,0.6147276596948067,0.0953287458377687,0.9054491862666181,0.0
2021-10-26 01:20:00,0.07740585774058578,0.1633466135458166,-0.027550260610573418,-0.10658810926620232,0.4223999162424258,0.00044543429844097997,0.5,-0.17230079283629007,0.6637653840296321,0.6147276596948067,0.0953287458377687,0.9054491862666181,0.0
2021-10-26 01:30:00,0.08716875871687588,0.15139442231075684,-0.02546537602382737,-0.11908587752187105,0.4223999162424258,0.9479955456570156,0.5,-0.17230079283629007,0.6637653840296321,0.6147276596948067,0.0953287458377687,0.9054491862666181,0.0
2021-10-26 01:40:00,0.08228730822873082,0.1394422310756971,-0.018912881608339704,-0.09266202463845752,0.4223999162424258,0.9992204899777284,0.5,-0.17230079283629007,0.6637653840296321,0.6147276596948067,0.0953287458377687,0.9054491862666181,0.0
2021-10-26 01:50:00,0.07461645746164575,0.12749003984063734,-0.01861504095309008,-0.0783788609176932,0.4223999162424258,0.9992204899777284,0.5,-0.17230079283629007,0.6637653840296321,0.6147276596948067,0.0953287458377687,0.9054491862666181,0.0
2021-10-26 02:00:00,0.08368200836820083,0.11553784860557759,-0.01861504095309008,-0.07730762363863586,0.4223999162424258,0.9992204899777284,0.5,-0.1340375282292211,0.6541937374822933,0.5659604007681386,0.09910324817966208,0.0622503152387878,0.0
2021-10-26 02:10:00,0.07880055788005579,0.10358565737051784,-0.01861504095309008,-0.07766470273165504,0.4223999162424258,0.9992204899777284,0.5,-0.1340375282292211,0.6541937374822933,0.5659604007681386,0.09910324817966208,0.0622503152387878,0.0
2021-10-26 02:20:00,0.08577405857740586,0.09163346613545809,-0.0195085629188384,-0.07873594001071249,0.4223999162424258,0.9992204899777284,0.5,-0.1340375282292211,0.6541937374822933,0.5659604007681386,0.09910324817966208,0.0622503152387878,0.0
2021-10-26 02:30:00,0.09205020920502092,0.07968127490039834,-0.023976172747580238,-0.08266381003392254,0.4223999162424258,0.9992204899777284,0.5,-0.1340375282292211,0.6541937374822933,0.5659604007681386,0.09910324817966208,0.0622503152387878,0.0
2021-10-26 02:40:00,0.10529986052998605,0.06772908366533859,-0.024571854058079046,-0.08837707552222807,0.4223999162424258,0.9992204899777284,0.5,-0.1340375282292211,0.6541937374822933,0.5659604007681386,0.09910324817966208,0.0622503152387878,0.0
2021-10-26 02:50:00,0.11018131101813111,0.055776892430278835,-0.024571854058079046,-0.09087662917336181,0.4223999162424258,0.9992204899777284,0.5,-0.1340375282292211,0.6541937374822933,0.5659604007681386,0.09910324817966208,0.0622503152387878,0.0
2021-10-26 03:00:00,0.09414225941422595,0.043824701195219085,-0.019806403574088027,-0.09194786645241915,0.4223999162424258,0.9992204899777284,0.5,-0.1923810203577253,0.6444870361803083,0.6481756456772806,0.17806237164847935,0.1247037209326154,0.0
2021-10-26 03:10:00,0.08437935843793584,0.031872509960159334,-0.01861504095309008,-0.09194786645241915,0.4223999162424258,0.9992204899777284,0.5,-0.1923810203577253,0.6444870361803083,0.6481756456772806,0.17806237164847935,0.1247037209326154,0.0
2021-10-26 03:20:00,0.08647140864714087,0.019920318725099584,-0.01861504095309008,-0.09194786645241915,0.4223999162424258,0.9992204899777284,0.5,-0.1923810203577253,0.6444870361803083,0.6481756456772806,0.17806237164847935,0.1247037209326154,0.0
2021-10-26 03:30:00,0.09693165969316596,0.007968127490039834,-0.01861504095309008,-0.09730405284770571,0.4223999162424258,0.9992204899777284,0.5,-0.1923810203577253,0.6444870361803083,0.6481756456772806,0.17806237164847935,0.1247037209326154,0.0
2021-10-26 03:40:00,0.08577405857740586,-0.003984063745020028,-0.01861504095309008,-0.09908944831280142,0.4223999162424258,0.9992204899777284,0.5,-0.1923810203577253,0.6444870361803083,0.6481756456772806,0.17806237164847935,0.1247037209326154,0.0
2021-10-26 03:50:00,0.08507670850767085,-0.015936254980079778,-0.021891288160834188,-0.1008748437778968,0.4223999162424258,0.9992204899777284,0.5,-0.1923810203577253,0.6444870361803083,0.6481756456772806,0.17806237164847935,0.1247037209326154,0.0
2021-10-26 04:00:00,0.08368200836820083,-0.02788844621513953,-0.022486969471332885,-0.10266023924299217,0.4223999162424258,0.9992204899777284,0.5,-0.22607611241725523,0.6417514590223764,0.6865493458483657,0.2819852711786504,0.13818069430317165,0.0
2021-10-26 04:10:00,0.07531380753138076,-0.03984063745019917,-0.01861504095309008,-0.10623103017318325,0.4223999162424258,0.9992204899777284,0.5,-0.22607611241725523,0.6417514590223764,0.6865493458483657,0.2819852711786504,0.13818069430317165,0.0
2021-10-26 04:20:00,0.07880055788005579,-0.05179282868525903,-0.02218912881608348,-0.10980182110337433,0.4223999162424258,0.9992204899777284,0.5,-0.22607611241725523,0.6417514590223764,0.6865493458483657,0.2819852711786504,0.13818069430317165,0.0
2021-10-26 04:30:00,0.09762900976290097,-0.06374501992031878,-0.02903946388682077,-0.11230137475450808,0.4223999162424258,0.9992204899777284,0.5,-0.22607611241725523,0.6417514590223764,0.6865493458483657,0.2819852711786504,0.13818069430317165,0.0
2021-10-26 04:40:00,0.10529986052998605,-0.07569721115537853,-0.03350707371556216,-0.11551508659167986,0.4223999162424258,0.9992204899777284,0.5,-0.22607611241725523,0.6417514590223764,0.6865493458483657,0.2819852711786504,0.13818069430317165,0.0
2021-10-26 04:50:00,0.11785216178521618,-0.08764940239043839,-0.03350707371556216,-0.12051419389394735,0.4223999162424258,0.9992204899777284,0.5,-0.22607611241725523,0.6417514590223764,0.6865493458483657,0.2819852711786504,0.13818069430317165,0.0
2021-10-26 05:00:00,0.12761506276150628,-0.09960159362549803,-0.03172002978406563,-0.1230137475450811,0.4223999162424258,0.9992204899777284,0.5,-0.23620581257631612,0.6251311036846974,0.7046731131358255,0.34737881174973645,0.13236069496695757,0.0
2021-10-26 05:10:00,0.11018131101813111,-0.11155378486055778,-0.027550260610573418,-0.12408498482413843,0.4223999162424258,0.9992204899777284,0.5,-0.23620581257631612,0.6251311036846974,0.7046731131358255,0.34737881174973645,0.13236069496695757,0.0
2021-10-26 05:20:00,0.09135285913528592,-0.12350597609561753,-0.027550260610573418,-0.12551330119621484,0.4223999162424258,0.9992204899777284,0.5,-0.23620581257631612,0.6251311036846974,0.7046731131358255,0.34737881174973645,0.13236069496695757,0.0
2021-10-26 05:30:00,0.11227336122733612,-0.1354581673306774,-0.027550260610573418,-0.13194072487055875,0.4223999162424258,0.9992204899777284,0.5,-0.23620581257631612,0.6251311036846974,0.7046731131358255,0.34737881174973645,0.13236069496695757,0.0
2021-10-26 05:40:00,0.15829846582984658,-0.14741035856573714,-0.0269545793000745,-0.1347973576147118,0.4223999162424258,0.9992204899777284,0.5,-0.23620581257631612,0.6251311036846974,0.7046731131358255,0.34737881174973645,0.13236069496695757,0.0
2021-10-26 05:50:00,0.2315202231520223,-0.15936254980079678,-0.025167535368577965,-0.14086770219603628,0.49203648689324836,0.9984409799554566,0.5,-0.23620581257631612,0.6251311036846974,0.7046731131358255,0.34737881174973645,0.13236069496695757,0.0
2021-10-26 06:00:00,0.1924686192468619,-0.17131474103585675,-0.021593447505584784,-0.1183717193358329,0.5981861250343538,0.04354120267260579,0.5,-0.3108919850191264,0.6352372222397834,0.8168890288916814,0.37094291660689926,0.14434989886245225,0.05637702370354724
2021-10-26 06:10:00,0.18619246861924685,0.6095617529880477,-0.0031273268801192966,-0.08552044277807536,0.5896271479237282,0.00011135857461024499,0.5,-0.3108919850191264,0.6352372222397834,0.8168890288916814,0.37094291660689926,0.14434989886245225,0.05947764684581379
2021-10-26 06:20:00,0.18898186889818688,0.5458167330677288,0.00699925539836177,-0.06052490626673801,0.5896271479237282,0.00011135857461024499,0.5,-0.3108919850191264,0.6352372222397834,0.8168890288916814,0.37094291660689926,0.14434989886245225,0.06906619189160644
2021-10-26 06:30:00,0.16736401673640167,0.6095617529880477,0.015636634400595373,-0.041242635243706416,0.5896271479237282,0.00011135857461024499,0.5,-0.3108919850191264,0.6352372222397834,0.8168890288916814,0.37094291660689926,0.14434989886245225,0.057448285227152715
2021-10-26 06:40:00,0.19456066945606695,0.49800796812749004,0.022784810126582178,-0.021960364220674822,0.5977149886796403,0.00022271714922048998,0.5,-0.3108919850191264,0.6352372222397834,0.8168890288916814,0.37094291660689926,0.14434989886245225,0.07064290779606802
2021-10-26 06:50:00,0.19316596931659694,0.19521912350597592,0.026954579300074277,-0.010176754151044465,0.606025310491945,0.00022271714922048998,0.5,-0.3108919850191264,0.6352372222397834,0.8168890288916814,0.37094291660689926,0.14434989886245225,0.07368317817644131
2021-10-26 07:00:00,0.21338912133891214,0.47410358565737054,0.033507073715562274,-0.0005356186395285567,0.606025310491945,0.00022271714922048998,0.5,-0.30009455600867585,0.6347487263187251,0.7961800288806485,0.3992476790919193,0.15804185032559795,0.08368664846025017
2021-10-26 07:10:00,0.19525801952580193,0.4501992031872508,0.04125093075204744,0.005891805034815345,0.6129614846030021,0.00033407572383073496,0.5,-0.30009455600867585,0.6347487263187251,0.7961800288806485,0.3992476790919193,0.15804185032559795,0.07092203931982438
2021-10-26 07:20:00,0.15481171548117156,0.10756972111553775,0.048994787788533056,0.021603285127655747,0.6198845715930952,0.00022271714922048998,0.5,-0.30009455600867585,0.6347487263187251,0.7961800288806485,0.3992476790919193,0.15804185032559795,0.05154125865684928
2021-10-26 07:30:00,0.14295676429567641,-0.4820717131474104,0.04988830975428127,0.04302803070880201,0.6198845715930952,0.00022271714922048998,0.5,-0.30009455600867585,0.6347487263187251,0.7961800288806485,0.3992476790919193,0.15804185032559795,0.05441555894201608
2021-10-26 07:40:00,0.1680613668061367,-0.3784860557768924,0.04988830975428127,0.06052490626673812,0.6089960869508317,0.00022271714922048998,0.5,-0.30009455600867585,0.6347487263187251,0.7961800288806485,0.3992476790919193,0.15804185032559795,0.06499992455904763
2021-10-26 07:50:00,0.20223152022315202,-0.1394422310756973,0.05137751303052851,0.06445277628994828,0.6035125832668071,0.00022271714922048998,0.5,-0.30009455600867585,0.6347487263187251,0.7961800288806485,0.3992476790919193,0.15804185032559795,0.08707394722150973
2021-10-26 08:00:00,0.2196652719665272,0.298804780876494,0.055249441548771205,0.05838243170862345,0.6035125832668071,0.00033407572383073496,0.5,-0.2856654424971059,0.6297775619455939,0.757865424091158,0.42232907697934263,0.16440025396813218,0.09934819017155273
2021-10-26 08:10:00,0.2112970711297071,0.43426294820717115,0.03201787043931481,0.031958578825209694,0.613511143683501,0.00033407572383073496,0.5,-0.2856654424971059,0.6297775619455939,0.757865424091158,0.42232907697934263,0.16440025396813218,0.09788463569564103
2021-10-26 08:20:00,0.18549511854951187,0.784860557768924,-0.017721518987341978,-0.04909837529012662,0.6173849314889217,0.00022271714922048998,0.5,-0.2856654424971059,0.6297775619455939,0.757865424091158,0.42232907697934263,0.16440025396813218,0.08044268750848711
2021-10-26 08:30:00,0.19177126917712692,0.3227091633466135,-0.03469843633656011,-0.08373504731297987,0.6285482456714347,0.00033407572383073496,0.5,-0.2856654424971059,0.6297775619455939,0.757865424091158,0.42232907697934263,0.16440025396813218,0.07882825112784224
2021-10-26 08:40:00,0.19386331938633192,0.043824701195219085,-0.04422933730454226,-0.10051776468487772,0.6338092682990668,0.00022271714922048998,0.5,-0.2856654424971059,0.6297775619455939,0.757865424091158,0.42232907697934263,0.16440025396813218,0.08994824750667653
2021-10-26 08:50:00,0.28103207810320785,0.01195219123505975,-0.050781831720029924,-0.11265845384752715,0.6338092682990668,0.00011135857461024499,0.5,-0.2856654424971059,0.6297775619455939,0.757865424091158,0.42232907697934263,0.16440025396813218,0.1646272462543567
2021-10-26 09:00:00,0.3193863319386332,-0.08366533864541836,-0.054355919583023216,-0.12015711480092839,0.6338092682990668,0.00011135857461024499,0.5,-0.26889934471185106,0.6419899599720704,0.6741385548287838,0.40887499440109365,0.1727178609308356,0.20034853719993362
2021-10-26 09:10:00,0.300557880055788,-0.2270916334661356,-0.054355919583023216,-0.12194251026602376,0.6338092682990668,0.00011135857461024499,0.5,-0.26889934471185106,0.6419899599720704,0.6741385548287838,0.40887499440109365,0.1727178609308356,0.1868672390120253
2021-10-26 09:20:00,0.30264993026499304,-0.5219123505976095,-0.05197319434102765,-0.12015711480092839,0.6322780751462486,0.00011135857461024499,0.5,-0.26889934471185106,0.6419899599720704,0.6741385548287838,0.40887499440109365,0.1727178609308356,0.17976824539432987
2021-10-26 09:30:00,0.24407252440725244,0.24302788844621515,-0.044527177959791664,-0.1169434029637566,0.6199107458350238,0.00022271714922048998,0.5,-0.26889934471185106,0.6419899599720704,0.6741385548287838,0.40887499440109365,0.1727178609308356,0.12223697511957392
2021-10-26 09:40:00,0.18340306834030684,-0.0916334661354582,-0.03737900223380497,-0.12051419389394735,0.6199107458350238,0.00033407572383073496,0.5,-0.26889934471185106,0.6419899599720704,0.6741385548287838,0.40887499440109365,0.1727178609308356,0.07783997465184002
2021-10-26 09:50:00,0.17294281729428174,-0.3545816733067729,-0.03410275502606119,-0.11765756114979464,0.6199107458350238,0.00022271714922048998,0.5,-0.26889934471185106,0.6419899599720704,0.6741385548287838,0.40887499440109365,0.1727178609308356,0.0679345776061077
2021-10-26 10:00:00,0.18758716875871687,-0.11553784860557781,-0.027550260610573418,-0.11337261203356541,0.6199107458350238,0.00022271714922048998,0.5,-0.008621440099685795,0.6449036944659167,0.3824796396754218,0.3891563532097208,0.20576007120473983,0.0795751165562714
2021-10-26 10:10:00,0.2210599721059972,-0.29083665338645437,-0.020997766195085754,-0.11337261203356541,0.6199107458350238,0.00033407572383073496,0.5,-0.008621440099685795,0.6449036944659167,0.3824796396754218,0.3891563532097208,0.20576007120473983,0.1069450940748676
2021-10-26 10:20:00,0.2482566248256625,-0.2509960159362551,-0.011169024571854091,-0.11194429566148911,0.6127128293046813,0.00022271714922048998,0.5,-0.008621440099685795,0.6449036944659167,0.3824796396754218,0.3891563532097208,0.20576007120473983,0.13201412254628303
2021-10-26 10:30:00,0.27475592747559274,0.38645418326693215,0.0007446016381233989,-0.10980182110337433,0.6061430945806232,0.00022271714922048998,0.5,-0.008621440099685795,0.6449036944659167,0.3824796396754218,0.3891563532097208,0.20576007120473983,0.16437829111154698
2021-10-26 10:40:00,0.3075313807531381,0.4501992031872508,0.012658227848101111,-0.10408855561506858,0.6099776210231511,0.00022271714922048998,0.5,-0.008621440099685795,0.6449036944659167,0.3824796396754218,0.3891563532097208,0.20576007120473983,0.19248004586809903
2021-10-26 10:50:00,0.24198047419804744,-0.2589641434262948,0.021891288160833966,-0.09444742010355289,0.6200416170446663,0.00022271714922048998,0.5,-0.008621440099685795,0.6449036944659167,0.3824796396754218,0.3891563532097208,0.20576007120473983,0.1328288848318421
2021-10-26 11:00:00,0.25383542538354253,-0.21912350597609564,0.031124348473566377,-0.08730583824317073,0.6200416170446663,0.00022271714922048998,0.5,0.02253308042797353,0.6517828664365961,0.3621510820351689,0.43658598355580996,0.25495097756098273,0.13475262911719
2021-10-26 11:10:00,0.23291492329149233,0.21912350597609564,0.04422933730454215,-0.08087841456882694,0.6200416170446663,0.00022271714922048998,0.5,0.02253308042797353,0.6517828664365961,0.3621510820351689,0.43658598355580996,0.25495097756098273,0.11603572883504082
2021-10-26 11:20:00,0.20013947001394702,0.1633466135458166,0.0546537602382724,-0.07587930726655945,0.6200416170446663,0.00022271714922048998,0.5,0.02253308042797353,0.6517828664365961,0.3621510820351689,0.43658598355580996,0.25495097756098273,0.09277728322042338
2021-10-26 11:30:00,0.17433751743375175,0.25099601593625476,0.06388682055100503,-0.06873772540617751,0.6223056889714832,0.00033407572383073496,0.5,0.02253308042797353,0.6517828664365961,0.3621510820351689,0.43658598355580996,0.25495097756098273,0.07247612293857597
2021-10-26 11:40:00,0.1924686192468619,-0.01195219123505975,0.07222635889798945,-0.06052490626673801,0.6365575637015612,0.00033407572383073496,0.5,0.02253308042797353,0.6517828664365961,0.3621510820351689,0.43658598355580996,0.25495097756098273,0.0714953905578104
2021-10-26 11:50:00,0.15481171548117156,-0.1394422310756973,0.07699180938198036,-0.0526691662203177,0.6354451584195993,0.00033407572383073496,0.5,0.02253308042797353,0.6517828664365961,0.3621510820351689,0.43658598355580996,0.25495097756098273,0.04837273865745282
2021-10-26 12:00:00,0.18340306834030684,0.14741035856573692,0.08473566641846597,-0.04374218889484016,0.6394759916765911,0.00033407572383073496,0.5,0.03722274827456107,0.6329642794541488,0.375788419258145,0.4628171366370537,0.2877395730446256,0.06146928798829157
2021-10-26 12:10:00,0.1603905160390516,-0.5298804780876495,0.08979895755770673,-0.04088555615068734,0.619217128423918,0.00033407572383073496,0.5,0.03722274827456107,0.6329642794541488,0.375788419258145,0.4628171366370537,0.2877395730446256,0.0549738219895288
2021-10-26 12:20:00,0.20571827057182707,-0.08366533864541836,0.10349962769918086,-0.03445813247634355,0.6280771093167213,0.00022271714922048998,0.5,0.03722274827456107,0.6329642794541488,0.375788419258145,0.4628171366370537,0.2877395730446256,0.08681744798346334
2021-10-26 12:30:00,0.2189679218967922,-0.01195219123505975,0.11213700670141469,-0.031244420639171433,0.6134980565625368,0.00033407572383073496,0.5,0.03722274827456107,0.6329642794541488,0.375788419258145,0.4628171366370537,0.2877395730446256,0.09618721426739292
2021-10-26 12:40:00,0.1882845188284519,0.09960159362549792,0.12166790766939672,-0.028744866988037687,0.6267422229783669,0.00033407572383073496,0.5,0.03722274827456107,0.6329642794541488,0.375788419258145,0.4628171366370537,0.2877395730446256,0.07439232312868718
2021-10-26 12:50:00,0.18479776847977683,-0.14741035856573714,0.1276247207743857,-0.02053204784859841,0.6313619766787505,0.00022271714922048998,0.5,0.03722274827456107,0.6329642794541488,0.375788419258145,0.4628171366370537,0.2877395730446256,0.07261946074807249
2021-10-26 13:00:00,0.199442119944212,-0.2749003984063746,0.13477289650037205,-0.014461703267273585,0.6313619766787505,0.00022271714922048998,0.5,0.17191353011433774,0.6158209461303927,0.28854271169430395,0.515161930340883,0.30200380639981383,0.09218129969672738
2021-10-26 13:10:00,0.2796373779637378,0.08366533864541825,0.14162323157110923,-0.00981967505802539,0.6381411053382366,0.00011135857461024499,0.5,0.17191353011433774,0.6158209461303927,0.28854271169430395,0.515161930340883,0.30200380639981383,0.1617906664453732
2021-10-26 13:20:00,0.27615062761506276,-0.043824701195219196,0.14251675353685767,-0.007320121406891644,0.6471581316826112,0.00022271714922048998,0.5,0.17191353011433774,0.6158209461303927,0.28854271169430395,0.515161930340883,0.30200380639981383,0.13737043016431041
2021-10-26 13:30:00,0.22663877266387727,-0.2828685258964144,0.14460163812360372,0.0005356186395288898,0.6375783591367735,0.00033407572383073496,0.5,0.17191353011433774,0.6158209461303927,0.28854271169430395,0.515161930340883,0.30200380639981383,0.11303317893085084
2021-10-26 13:40:00,0.17852161785216178,-0.11553784860557781,0.15294117647058791,0.006248884127834309,0.6508486997945323,0.00033407572383073496,0.5,0.17191353011433774,0.6158209461303927,0.28854271169430395,0.515161930340883,0.30200380639981383,0.05280112256137121
2021-10-26 13:50:00,0.2510460251046025,0.003984063745019917,0.1591958302308265,0.019103731476522112,0.6560050254544503,0.00022271714922048998,0.5,0.17191353011433774,0.6158209461303927,0.28854271169430395,0.515161930340883,0.30200380639981383,0.13913574844968843
2021-10-26 14:00:00,0.2315202231520223,0.027888446215139417,0.16306775874906898,0.019817889662560484,0.6490819384643572,0.00033407572383073496,0.5,0.1752357980043513,0.5901231871772702,0.2945632122118958,0.5589745131058104,0.3076952491373167,0.11496446731143534
2021-10-26 14:10:00,0.197350069735007,-0.2749003984063746,0.16753536857781093,0.02231744331369412,0.6402219575715539,0.00022271714922048998,0.5,0.1752357980043513,0.5901231871772702,0.2945632122118958,0.5589745131058104,0.3076952491373167,0.07938651417535496
2021-10-26 14:20:00,0.24616457461645744,0.11553784860557759,0.17408786299329848,0.03017318336011443,0.6391488136524845,0.00022271714922048998,0.5,0.1752357980043513,0.5901231871772702,0.2945632122118958,0.5589745131058104,0.3076952491373167,0.1196191740724535
2021-10-26 14:30:00,0.3054393305439331,0.17928286852589648,0.17498138495904692,0.033386895197286215,0.6447501014251874,0.00022271714922048998,0.5,0.1752357980043513,0.5901231871772702,0.2945632122118958,0.5589745131058104,0.3076952491373167,0.20986918538859636
2021-10-26 14:40:00,0.23082287308228733,0.027888446215139417,0.17736411020104237,0.030887341546152358,0.6326314274122835,0.00033407572383073496,0.5,0.1752357980043513,0.5901231871772702,0.2945632122118958,0.5589745131058104,0.3076952491373167,0.11001554083618753
2021-10-26 14:50:00,0.31450488145048816,0.01195219123505975,0.18272524199553208,0.031958578825209694,0.6405491355956604,0.00022271714922048998,0.5,0.1752357980043513,0.5901231871772702,0.2945632122118958,0.5589745131058104,0.3076952491373167,0.20614240234168718
2021-10-26 15:00:00,0.32147838214783825,0.41035856573705165,0.18361876396128052,0.03302981610426703,0.6367015220321681,0.00022271714922048998,0.5,0.1742912385102775,0.5676638688302245,0.29842939439788463,0.5555254437891407,0.3083253750660448,0.245198183381867
2021-10-26 15:10:00,0.25313807531380755,-0.11553784860557781,0.18391660461653014,0.03302981610426703,0.6514637944798524,0.00033407572383073496,0.5,0.1742912385102775,0.5676638688302245,0.29842939439788463,0.5555254437891407,0.3083253750660448,0.13402085187923413
2021-10-26 15:20:00,0.3138075313807531,-0.17928286852589637,0.1868950111690244,0.03767184431351556,0.6549580557773096,0.00022271714922048998,0.5,0.1742912385102775,0.5676638688302245,0.29842939439788463,0.5555254437891407,0.3083253750660448,0.20511640538950163
2021-10-26 15:30:00,0.3117154811715481,0.13147410358565725,0.1860014892032762,0.04017139796464919,0.6399733022732329,0.00022271714922048998,0.5,0.1742912385102775,0.5676638688302245,0.29842939439788463,0.5555254437891407,0.3083253750660448,0.23225251595576143
2021-10-26 15:40:00,0.30822873082287305,0.22709163346613526,0.1868950111690244,0.04017139796464919,0.6667888131289997,0.00022271714922048998,0.5,0.1742912385102775,0.5676638688302245,0.29842939439788463,0.5555254437891407,0.3083253750660448,0.19146159301115018
2021-10-26 15:50:00,0.3361227336122734,-0.17131474103585675,0.1871928518242738,0.041956793429744677,0.6563845519624137,0.00022271714922048998,0.5,0.1742912385102775,0.5676638688302245,0.29842939439788463,0.5555254437891407,0.3083253750660448,0.25193506042820285
2021-10-26 16:00:00,0.2894002789400279,-0.019920318725099695,0.1868950111690244,0.04374218889484016,0.6465168627553625,0.00033407572383073496,0.5,0.19671662181231997,0.5508021390374348,0.28692976285632077,0.546020025731858,0.3042447040210009,0.18227288501290043
2021-10-26 16:10:00,0.3186889818688982,0.003984063745019917,0.18897989575577068,0.05016961256918395,0.6549711428982739,0.00022271714922048998,0.5,0.19671662181231997,0.5508021390374348,0.28692976285632077,0.546020025731858,0.3042447040210009,0.21348280700695568
2021-10-26 16:20:00,0.3193863319386332,-0.298804780876494,0.1904690990320177,0.050883770755222324,0.6597872034131211,0.00033407572383073496,0.5,0.19671662181231997,0.5508021390374348,0.28692976285632077,0.546020025731858,0.3042447040210009,0.2529082487137318
2021-10-26 16:30:00,0.32217573221757323,-0.13147410358565736,0.1910647803425165,0.050883770755222324,0.6538456504953475,0.00033407572383073496,0.5,0.19671662181231997,0.5508021390374348,0.28692976285632077,0.546020025731858,0.3042447040210009,0.2180545287203706
2021-10-26 16:40:00,0.3891213389121339,0.13147410358565725,0.19017125837676807,0.046241742545973796,0.6597872034131211,0.00022271714922048998,0.5,0.19671662181231997,0.5508021390374348,0.28692976285632077,0.546020025731858,0.3042447040210009,0.3385412737450398
2021-10-26 16:50:00,0.3284518828451883,0.29083665338645415,0.1868950111690244,0.04981253347616499,0.6457578097394355,0.00022271714922048998,0.5,0.19671662181231997,0.5508021390374348,0.28692976285632077,0.546020025731858,0.3042447040210009,0.24537924166754682
2021-10-26 17:00:00,0.3723849372384937,-0.19521912350597614,0.1868950111690244,0.050883770755222324,0.660389210977477,0.00022271714922048998,0.5,0.18894021558769958,0.5494314769530503,0.29659312588825365,0.5434322111735471,0.3049748513277754,0.30627517841785235
2021-10-26 17:10:00,0.3821478382147839,-0.09960159362549814,0.18391660461653014,0.050883770755222324,0.6557956315190221,0.00022271714922048998,0.5,0.18894021558769958,0.5494314769530503,0.29659312588825365,0.5434322111735471,0.3049748513277754,0.32187636736726166
2021-10-26 17:20:00,0.42398884239888424,0.2589641434262948,0.18093819806403566,0.055168719871451444,0.6524191543102432,0.00044543429844097997,0.5,0.18894021558769958,0.5494314769530503,0.29659312588825365,0.5434322111735471,0.3049748513277754,0.41770900915853165
2021-10-26 17:30:00,0.43165969316596936,0.2669322709163344,0.17557706626954572,0.050883770755222324,0.6596039837196215,0.00022271714922048998,0.5,0.18894021558769958,0.5494314769530503,0.29659312588825365,0.5434322111735471,0.3049748513277754,0.41970819439624607
2021-10-26 17:40:00,0.44839609483960946,0.019920318725099362,0.171109456440804,0.050883770755222324,0.6607818246064048,0.00022271714922048998,0.5,0.18894021558769958,0.5494314769530503,0.29659312588825365,0.5434322111735471,0.3049748513277754,0.4462181450578632
2021-10-26 17:50:00,0.44002789400278935,0.33864541832669315,0.1669396872673119,0.050883770755222324,0.6564630746881993,0.00022271714922048998,0.5,0.18894021558769958,0.5494314769530503,0.29659312588825365,0.5434322111735471,0.3049748513277754,0.4482550507717609
2021-10-26 18:00:00,0.5097629009762901,-0.02788844621513953,0.15979151154132532,0.050883770755222324,0.65963015796155,0.00022271714922048998,0.5,0.018477945102815863,0.5636725698046302,0.4594651969416999,0.5430736706992078,0.3269547827742836,0.552076889418652
2021-10-26 18:10:00,0.45536959553695955,0.09960159362549792,0.15323901712583754,0.050883770755222324,0.6581774875345172,0.00022271714922048998,0.5,0.018477945102815863,0.5636725698046302,0.4594651969416999,0.5430736706992078,0.3269547827742836,0.46393168067353685
2021-10-26 18:20:00,0.41841004184100417,-0.0916334661354582,0.14668652271034976,0.05338332440635596,0.6543953095758464,0.00022271714922048998,0.5,0.018477945102815863,0.5636725698046302,0.4594651969416999,0.5430736706992078,0.3269547827742836,0.3989996529716191
2021-10-26 18:30:00,0.4435146443514645,0.1633466135458166,0.1401340282948622,0.050883770755222324,0.6532436429309916,0.00022271714922048998,0.5,0.018477945102815863,0.5636725698046302,0.4594651969416999,0.5430736706992078,0.3269547827742836,0.4442944007725153
2021-10-26 18:40:00,0.4100418410041841,0.03585657370517925,0.13298585256887563,0.04409926798785935,0.6532436429309916,0.00022271714922048998,0.5,0.018477945102815863,0.5636725698046302,0.4594651969416999,0.5430736706992078,0.3269547827742836,0.3692080208820556
2021-10-26 18:50:00,0.3472803347280335,-0.23505976095617542,0.12613551749813845,0.04374218889484016,0.6532436429309916,0.00022271714922048998,0.5,0.018477945102815863,0.5636725698046302,0.4594651969416999,0.5430736706992078,0.3269547827742836,0.2814928255654299
2021-10-26 19:00:00,0.33333333333333337,-0.3067729083665339,0.12166790766939672,0.04159971433672571,0.6532436429309916,0.00022271714922048998,0.5,0.014325085225481704,0.5678592671986502,0.4722758328929713,0.4587127622318383,0.31184556210397385,0.23568507928844096
2021-10-26 19:10:00,0.28870292887029286,-0.3784860557768924,0.11660461653015619,0.03445813247634355,0.6463074688199343,0.00033407572383073496,0.5,0.014325085225481704,0.5678592671986502,0.4722758328929713,0.4587127622318383,0.31184556210397385,0.18516981758377718
2021-10-26 19:20:00,0.394700139470014,-0.12350597609561753,0.11362620997766193,0.02803070880199976,0.6393451204669485,0.00022271714922048998,0.5,0.014325085225481704,0.5678592671986502,0.4722758328929713,0.4587127622318383,0.31184556210397385,0.35730343859860886
2021-10-26 19:30:00,0.3410041841004184,0.003984063745019917,0.10945644080416961,0.02231744331369412,0.6393451204669485,0.00022271714922048998,0.5,0.014325085225481704,0.5678592671986502,0.4722758328929713,0.4587127622318383,0.31184556210397385,0.2814852814701933
2021-10-26 19:40:00,0.3702928870292887,-0.03585657370517936,0.10737155621742356,0.019817889662560484,0.6393451204669485,0.00022271714922048998,0.5,0.014325085225481704,0.5678592671986502,0.4722758328929713,0.4587127622318383,0.31184556210397385,0.32070703260557964
2021-10-26 19:50:00,0.3682008368200837,0.05179282868525892,0.10498883097542788,0.013747545081235657,0.6393451204669485,0.00022271714922048998,0.5,0.014325085225481704,0.5678592671986502,0.4722758328929713,0.4587127622318383,0.31184556210397385,0.34646257374353095
2021-10-26 20:00:00,0.37866108786610875,0.09163346613545809,0.1005212211466866,0.011605070523120764,0.6393451204669485,0.00022271714922048998,0.5,0.010758505955027253,0.5763246141600595,0.4790482143493478,0.48051820336993123,0.28568818183300826,0.3536671846945396
2021-10-26 20:10:00,0.4337517433751743,-0.2749003984063746,0.1005212211466866,0.009819675058025501,0.6393451204669485,0.00022271714922048998,0.5,0.010758505955027253,0.5763246141600595,0.4790482143493478,0.48051820336993123,0.28568818183300826,0.4205682212532251
2021-10-26 20:20:00,0.4211994421199442,-0.3705179282868527,0.0975428145941919,0.010890912337082836,0.6393451204669485,0.00022271714922048998,0.5,0.010758505955027253,0.5763246141600595,0.4790482143493478,0.48051820336993123,0.28568818183300826,0.3985470072574196
2021-10-26 20:30:00,0.4295676429567643,-0.33067729083665354,0.09456440804169763,0.011605070523120764,0.6393451204669485,0.00022271714922048998,0.5,0.010758505955027253,0.5763246141600595,0.4790482143493478,0.48051820336993123,0.28568818183300826,0.39744556935286757
2021-10-26 20:40:00,0.41422594142259417,-0.2270916334661356,0.0939687267311986,0.010176754151044465,0.6393451204669485,0.00022271714922048998,0.5,0.010758505955027253,0.5763246141600595,0.4790482143493478,0.48051820336993123,0.28568818183300826,0.3813389260226021
2021-10-26 20:50:00,0.41562064156206413,-0.45019920318725104,0.09158600148920315,0.00839135868594898,0.6393451204669485,0.00022271714922048998,0.5,0.010758505955027253,0.5763246141600595,0.4790482143493478,0.48051820336993123,0.28568818183300826,0.3743304615477466
2021-10-26 21:00:00,0.4107391910739191,-0.019920318725099695,0.08741623231571105,0.008034279592929794,0.6321864652994988,0.00022271714922048998,0.5,-0.0010974834093395724,0.5788532989278955,0.5083302295576584,0.4913070730086898,0.2665968910145727,0.3792114911658645
2021-10-26 21:10:00,0.4191073919107392,0.2589641434262948,0.0856291883842144,0.0008926977325478536,0.6315975448561071,0.00022271714922048998,0.5,-0.0010974834093395724,0.5788532989278955,0.5083302295576584,0.4913070730086898,0.2665968910145727,0.3870347179262791
2021-10-26 21:20:00,0.40446304044630405,-0.21912350597609564,0.08354430379746813,0.0008926977325478536,0.6346730182827081,0.00022271714922048998,0.5,-0.0010974834093395724,0.5788532989278955,0.5083302295576584,0.4913070730086898,0.2665968910145727,0.34920862440967454
2021-10-26 21:30:00,0.3933054393305439,0.1633466135458166,0.08175725986597171,-0.0008926977325478536,0.6280901964376857,0.00022271714922048998,0.5,-0.0010974834093395724,0.5788532989278955,0.5083302295576584,0.4913070730086898,0.2665968910145727,0.34409372783922026
2021-10-26 21:40:00,0.41143654114365413,0.09960159362549792,0.07728965003722998,-0.005534725941796048,0.6280901964376857,0.00022271714922048998,0.5,-0.0010974834093395724,0.5788532989278955,0.5083302295576584,0.4913070730086898,0.2665968910145727,0.37303287716704137
2021-10-26 21:50:00,0.4344490934449094,0.2350597609561753,0.07580044676098274,-0.0112479914301018,0.6280901964376857,0.00022271714922048998,0.5,-0.0010974834093395724,0.5788532989278955,0.5083302295576584,0.4913070730086898,0.2665968910145727,0.4481946980098677
2021-10-26 22:00:00,0.42189679218967924,0.38645418326693215,0.0704393149664928,-0.01696125691840733,0.6280901964376857,0.00022271714922048998,0.5,-0.07726563367701478,0.5828848270293414,0.5971313123473713,0.4739532818999064,0.2560362876642575,0.39401300602018796
2021-10-26 22:10:00,0.43096234309623427,0.3705179282868525,0.06507818317200287,-0.02053204784859841,0.6280901964376857,0.00022271714922048998,0.5,-0.07726563367701478,0.5828848270293414,0.5971313123473713,0.4739532818999064,0.2560362876642575,0.42123210163405106
2021-10-26 22:20:00,0.4107391910739191,0.10756972111553775,0.06180193596425898,-0.02053204784859841,0.6280901964376857,0.00022271714922048998,0.5,-0.07726563367701478,0.5828848270293414,0.5971313123473713,0.4739532818999064,0.2560362876642575,0.3803280172608899
2021-10-26 22:30:00,0.36750348675034866,0.09960159362549792,0.05733432613551748,-0.02053204784859841,0.6280901964376857,0.00022271714922048998,0.5,-0.07726563367701478,0.5828848270293414,0.5971313123473713,0.4739532818999064,0.2560362876642575,0.30837243689364335
2021-10-26 22:40:00,0.37099023709902373,0.027888446215139417,0.05256887565152635,-0.026959471522942313,0.6280901964376857,0.00033407572383073496,0.5,-0.07726563367701478,0.5828848270293414,0.5971313123473713,0.4739532818999064,0.2560362876642575,0.3077689092747107
2021-10-26 22:50:00,0.3821478382147839,-0.05179282868525903,0.048994787788533056,-0.029816104267095023,0.6280901964376857,0.00022271714922048998,0.5,-0.07726563367701478,0.5828848270293414,0.5971313123473713,0.4739532818999064,0.2560362876642575,0.3304389154608688
2021-10-26 23:00:00,0.3591352859135286,-0.08366533864541836,0.04690990320178701,-0.03160149973219073,0.6280901964376857,0.00022271714922048998,0.5,-0.13847539025616185,0.584442266965894,0.6764261548042834,0.46156850121793286,0.2387392115052249,0.3009113267045883
2021-10-26 23:10:00,0.36192468619246865,-0.5139442231075697,0.04512285927029036,-0.031244420639171433,0.6272787949379017,0.00033407572383073496,0.5,-0.13847539025616185,0.584442266965894,0.6764261548042834,0.46156850121793286,0.2387392115052249,0.27308870347179265
2021-10-26 23:20:00,0.3507670850767085,-0.02788844621513953,0.04095309009679826,-0.034101053383324476,0.6169007080132441,0.00044543429844097997,0.5,-0.13847539025616185,0.584442266965894,0.6764261548042834,0.46156850121793286,0.2387392115052249,0.2730208066146627
2021-10-26 23:30:00,0.3396094839609484,0.003984063745019917,0.037974683544303556,-0.04088555615068734,0.6169007080132441,0.00044543429844097997,0.5,-0.13847539025616185,0.584442266965894,0.6764261548042834,0.46156850121793286,0.2387392115052249,0.25523937414185915
2021-10-26 23:40:00,0.33891213389121344,-0.2270916334661356,0.034996276991809294,-0.041956793429744677,0.6169007080132441,0.00044543429844097997,0.5,-0.13847539025616185,0.584442266965894,0.6764261548042834,0.46156850121793286,0.2387392115052249,0.24854776166694328
2021-10-26 23:50:00,0.36750348675034866,-0.26693227091633476,0.032315711094564215,-0.04767005891805021,0.6169007080132441,0.00033407572383073496,0.5,-0.13847539025616185,0.584442266965894,0.6764261548042834,0.46156850121793286,0.2387392115052249,0.298821612324034
2021-10-27 00:00:00,0.37447698744769875,-0.26693227091633476,0.029337304542069953,-0.04981253347616499,0.6169007080132441,0.00033407572383073496,0.5,-0.1394281212571581,0.580985439948047,0.6941035363766948,0.46859412432423253,0.2229772022301561,0.3144152571782066
2021-10-27 00:10:00,0.37796373779637377,-0.26693227091633476,0.026061057334326065,-0.0526691662203177,0.6169007080132441,0.00033407572383073496,0.5,-0.1394281212571581,0.580985439948047,0.6941035363766948,0.46859412432423253,0.2229772022301561,0.32167267679587186
2021-10-27 00:20:00,0.37447698744769875,-0.26693227091633476,0.023976172747579794,-0.055168719871451444,0.6169007080132441,0.00033407572383073496,0.5,-0.1394281212571581,0.580985439948047,0.6941035363766948,0.46859412432423253,0.2229772022301561,0.3069692351796249
2021-10-27 00:30:00,0.36192468619246865,-0.24302788844621515,0.02308265078183136,-0.059453668987680564,0.6169007080132441,0.00022271714922048998,0.5,-0.1394281212571581,0.580985439948047,0.6941035363766948,0.46859412432423253,0.2229772022301561,0.27885239223259956
2021-10-27 00:40:00,0.35006973500697347,-0.4342629482071714,0.019210722263588886,-0.05695411533654715,0.6169007080132441,0.00022271714922048998,0.5,-0.1394281212571581,0.580985439948047,0.6941035363766948,0.46859412432423253,0.2229772022301561,0.2626929402356775
2021-10-27 00:50:00,0.3577405857740586,-0.043824701195219196,0.017125837676842837,-0.056597036243527854,0.6070461059271571,0.00022271714922048998,0.5,-0.1394281212571581,0.580985439948047,0.6941035363766948,0.46859412432423253,0.2229772022301561,0.285642077945592
2021-10-27 01:00:00,0.3821478382147839,-0.21115537848605592,0.015338793745345969,-0.06195322263881431,0.6056457839839813,0.00033407572383073496,0.5,-0.1896531712284243,0.5817325513567272,0.7659110193484113,0.48408839242876456,0.2105384535702284,0.3147698296543296
2021-10-27 01:10:00,0.3521617852161785,-0.15537848605577698,0.012956068503350515,-0.06338153901089094,0.6056457839839813,0.000556792873051225,0.5,-0.1896531712284243,0.5817325513567272,0.7659110193484113,0.48408839242876456,0.2105384535702284,0.2564313411892512
2021-10-27 01:20:00,0.3633193863319386,-0.29083665338645437,0.00908413998510782,-0.0669523299410818,0.6056457839839813,0.00044543429844097997,0.5,-0.1896531712284243,0.5817325513567272,0.7659110193484113,0.48408839242876456,0.2105384535702284,0.27193445690058393
2021-10-27 01:30:00,0.3716875871687587,-0.4581673306772909,0.008190618019359386,-0.06802356722013914,0.6056457839839813,0.00033407572383073496,0.5,-0.1896531712284243,0.5817325513567272,0.7659110193484113,0.48408839242876456,0.2105384535702284,0.29670172156253305
2021-10-27 01:40:00,0.33751743375174337,-0.3705179282868527,0.008190618019359386,-0.06445277628994805,0.6056457839839813,0.00022271714922048998,0.5,-0.1896531712284243,0.5817325513567272,0.7659110193484113,0.48408839242876456,0.2105384535702284,0.25560149071321875
2021-10-27 01:50:00,0.3235704323570432,-0.36254980079681276,0.005510052122114528,-0.07052312087127288,0.6056457839839813,0.00011135857461024499,0.5,-0.1896531712284243,0.5817325513567272,0.7659110193484113,0.48408839242876456,0.2105384535702284,0.22290538195754186
2021-10-27 02:00:00,0.29218967921896793,-0.2828685258964144,0.005212211466865124,-0.07587930726655945,0.6056457839839813,0.00011135857461024499,0.5,-0.1883747473086559,0.573864893522257,0.7728585311094702,0.4981386260705553,0.20437429433094945,0.18880607148784648
2021-10-27 02:10:00,0.2705718270571827,-0.11553784860557781,0.005212211466865124,-0.08123549366184613,0.6056457839839813,0.00011135857461024499,0.5,-0.1883747473086559,0.573864893522257,0.7728585311094702,0.4981386260705553,0.20437429433094945,0.15126665359023492
2021-10-27 02:20:00,0.27266387726638774,0.19521912350597592,0.0040208488458675085,-0.0880199964292091,0.6056457839839813,0.00011135857461024499,0.5,-0.1883747473086559,0.573864893522257,0.7728585311094702,0.4981386260705553,0.20437429433094945,0.1436772937821567
2021-10-27 02:30:00,0.28033472803347276,0.15537848605577675,0.0022338049143706407,-0.09194786645241915,0.6056457839839813,0.00011135857461024499,0.5,-0.1883747473086559,0.573864893522257,0.7728585311094702,0.4981386260705553,0.20437429433094945,0.16094572777886748
2021-10-27 02:40:00,0.299163179916318,0.043824701195219085,0.0010424422933730249,-0.09194786645241915,0.6056457839839813,0.00011135857461024499,0.5,-0.1883747473086559,0.573864893522257,0.7728585311094702,0.4981386260705553,0.20437429433094945,0.1788026012040376
2021-10-27 02:50:00,0.296373779637378,-0.043824701195219196,-0.0007446016381237319,-0.09194786645241915,0.6056457839839813,0.00011135857461024499,0.5,-0.1883747473086559,0.573864893522257,0.7728585311094702,0.4981386260705553,0.20437429433094945,0.17634322615688702
2021-10-27 03:00:00,0.28870292887029286,-0.0916334661354582,-0.0007446016381237319,-0.09194786645241915,0.6056457839839813,0.00011135857461024499,0.5,-0.19143646086365163,0.573818917435568,0.781301181387694,0.49352211685647657,0.19953583133789055,0.1666716960634911
2021-10-27 03:10:00,0.296373779637378,-0.059760956175298974,-0.0007446016381237319,-0.0930191037314766,0.6056457839839813,0.00011135857461024499,0.5,-0.19143646086365163,0.573818917435568,0.781301181387694,0.49352211685647657,0.19953583133789055,0.16646800549210133
2021-10-27 03:20:00,0.29009762900976294,0.06772908366533859,-0.0007446016381237319,-0.09837529012676305,0.6056457839839813,0.00011135857461024499,0.5,-0.19143646086365163,0.573818917435568,0.781301181387694,0.49352211685647657,0.19953583133789055,0.16154171130256348
2021-10-27 03:30:00,0.27475592747559274,0.2589641434262948,-0.0037230081906179935,-0.10016068559185842,0.6056457839839813,0.00011135857461024499,0.5,-0.19143646086365163,0.573818917435568,0.781301181387694,0.49352211685647657,0.19953583133789055,0.14466557025815893
2021-10-27 03:40:00,0.26638772663877264,0.15537848605577675,-0.0037230081906179935,-0.10266023924299217,0.6056457839839813,0.00011135857461024499,0.5,-0.19143646086365163,0.573818917435568,0.781301181387694,0.49352211685647657,0.19953583133789055,0.13991279025906425
2021-10-27 03:50:00,0.2914923291492329,-0.0916334661354582,-0.004616530156366427,-0.1023031601499732,0.6056457839839813,0.00011135857461024499,0.5,-0.19143646086365163,0.573818917435568,0.781301181387694,0.49352211685647657,0.19953583133789055,0.16062887577892782
2021-10-27 04:00:00,0.29218967921896793,0.003984063745019917,-0.006701414743112699,-0.10194608105695413,0.6056457839839813,0.00011135857461024499,0.5,-0.24713555329273384,0.5737413327892852,0.8485390442298496,0.48636055611912726,0.1961029669323961,0.1668527543491709
2021-10-27 04:10:00,0.29009762900976294,-0.17928286852589637,-0.0075949367088608,-0.10266023924299217,0.6056457839839813,0.00011135857461024499,0.5,-0.24713555329273384,0.5737413327892852,0.8485390442298496,0.48636055611912726,0.1961029669323961,0.17339348491935364
2021-10-27 04:20:00,0.2705718270571827,-0.50597609561753,-0.009084139985108153,-0.09908944831280142,0.6056457839839813,0.00011135857461024499,0.5,-0.24713555329273384,0.5737413327892852,0.8485390442298496,0.48636055611912726,0.1961029669323961,0.15646453520829248
2021-10-27 04:30:00,0.25313807531380755,-0.298804780876494,-0.00967982129560696,-0.10051776468487772,0.6056457839839813,0.00011135857461024499,0.5,-0.24713555329273384,0.5737413327892852,0.8485390442298496,0.48636055611912726,0.1961029669323961,0.13651040330733136
2021-10-27 04:40:00,0.25732217573221755,-0.12350597609561753,-0.00967982129560696,-0.10266023924299217,0.6056457839839813,0.00011135857461024499,0.5,-0.24713555329273384,0.5737413327892852,0.8485390442298496,0.48636055611912726,0.1961029669323961,0.1403352595923171
2021-10-27 04:50:00,0.2733612273361227,-0.1394422310756973,-0.00967982129560696,-0.10266023924299217,0.6056457839839813,0.00011135857461024499,0.5,-0.24713555329273384,0.5737413327892852,0.8485390442298496,0.48636055611912726,0.1961029669323961,0.15227756235194714
2021-10-27 05:00:00,0.29497907949790797,-0.15537848605577698,-0.00967982129560696,-0.10266023924299217,0.6056457839839813,0.00011135857461024499,0.5,-0.250036438250257,0.5675431816026691,0.8681459026927331,0.47161641312671426,0.18765659163259737,0.1763130497759404
2021-10-27 05:10:00,0.28103207810320785,-0.043824701195219196,-0.00967982129560696,-0.10266023924299217,0.6056457839839813,0.00011135857461024499,0.5,-0.250036438250257,0.5675431816026691,0.8681459026927331,0.47161641312671426,0.18765659163259737,0.15570258158939
2021-10-27 05:20:00,0.2622036262203626,-0.019920318725099695,-0.011466865227103606,-0.10551687198714521,0.6056457839839813,0.00011135857461024499,0.5,-0.250036438250257,0.5675431816026691,0.8681459026927331,0.47161641312671426,0.18765659163259737,0.13497140787905307
2021-10-27 05:30:00,0.2670850767085077,0.11553784860557759,-0.012658227848101444,-0.10837350473129803,0.6056457839839813,0.00011135857461024499,0.5,-0.250036438250257,0.5675431816026691,0.8681459026927331,0.47161641312671426,0.18765659163259737,0.13764956168806675
2021-10-27 05:40:00,0.22245467224546722,0.3545816733067728,-0.015338793745346302,-0.11158721656846982,0.6056457839839813,0.00022271714922048998,0.5,-0.250036438250257,0.5675431816026691,0.8681459026927331,0.47161641312671426,0.18765659163259737,0.1016491392187335
2021-10-27 05:50:00,0.20641562064156208,0.6334661354581672,-0.01861504095309008,-0.11337261203356541,0.6056457839839813,0.00033407572383073496,0.5,-0.250036438250257,0.5675431816026691,0.8681459026927331,0.47161641312671426,0.18765659163259737,0.08985771836383663
2021-10-27 06:00:00,0.19595536959553697,0.585657370517928,-0.023082650781831915,-0.11337261203356541,0.6056457839839813,0.00033407572383073496,0.5,-0.26339274963870274,0.5791234084371877,0.9441705893445448,0.45365187004496205,0.17849624450478907,0.08261538693664469
2021-10-27 06:10:00,0.18967921896792192,0.5537848605577689,-0.02486969471332856,-0.1180146402428136,0.6114302914501839,0.00022271714922048998,0.5,-0.26339274963870274,0.5791234084371877,0.9441705893445448,0.45365187004496205,0.17849624450478907,0.07620290598548517
2021-10-27 06:20:00,0.16527196652719667,0.05179282868525892,-0.027550260610573418,-0.12051419389394735,0.6220439465521981,0.00022271714922048998,0.5,-0.26339274963870274,0.5791234084371877,0.9441705893445448,0.45365187004496205,0.17849624450478907,0.05615070084644749
2021-10-27 06:30:00,0.16945606694560672,0.19521912350597592,-0.03201787043931503,-0.12051419389394735,0.6220439465521981,0.00022271714922048998,0.5,-0.26339274963870274,0.5791234084371877,0.9441705893445448,0.45365187004496205,0.17849624450478907,0.05742565294144274
2021-10-27 06:40:00,0.15202231520223153,0.3784860557768923,-0.035591958302308435,-0.12372790573111947,0.6220439465521981,0.00022271714922048998,0.5,-0.26339274963870274,0.5791234084371877,0.9441705893445448,0.45365187004496205,0.17849624450478907,0.05650527332257043
2021-10-27 06:50:00,0.12482566248256625,0.41035856573705165,-0.04005956813105005,-0.12194251026602376,0.6220439465521981,0.00022271714922048998,0.5,-0.26339274963870274,0.5791234084371877,0.9441705893445448,0.45365187004496205,0.17849624450478907,0.03873138494500355
2021-10-27 07:00:00,0.11854951185495119,0.4581673306772909,-0.043931496649292856,-0.12051419389394735,0.6220439465521981,0.00033407572383073496,0.5,-0.2648370718255447,0.5842008925107834,0.9592551293459676,0.4478767809280491,0.16620421026043802,0.03245469770810387
2021-10-27 07:10:00,0.10808926080892609,0.49800796812749004,-0.048101265822784844,-0.12051419389394735,0.6220439465521981,0.00033407572383073496,0.5,-0.2648370718255447,0.5842008925107834,0.9592551293459676,0.4478767809280491,0.16620421026043802,0.023017034567044375
2021-10-27 07:20:00,0.12761506276150628,-0.3705179282868527,-0.05137751303052884,-0.12229958935904306,0.6220439465521981,0.00033407572383073496,0.5,-0.2648370718255447,0.5842008925107834,0.9592551293459676,0.4478767809280491,0.16620421026043802,0.03627200989785295
2021-10-27 07:30:00,0.13807531380753138,-0.5298804780876495,-0.052866716306776085,-0.13051240849848234,0.6205520147622724,0.00022271714922048998,0.5,-0.2648370718255447,0.5842008925107834,0.9592551293459676,0.4478767809280491,0.16620421026043802,0.040406174087541685
2021-10-27 07:40:00,0.1708507670850767,0.3067729083665336,-0.05256887565152657,-0.13336904124263516,0.605632696863017,0.00022271714922048998,0.5,-0.2648370718255447,0.5842008925107834,0.9592551293459676,0.4478767809280491,0.16620421026043802,0.0560224512274243
2021-10-27 07:50:00,0.14365411436541145,0.4581673306772909,-0.05256887565152657,-0.13229780396357804,0.6161154807553886,0.00022271714922048998,0.5,-0.2648370718255447,0.5842008925107834,0.9592551293459676,0.4478767809280491,0.16620421026043802,0.04312959246797532
2021-10-27 08:00:00,0.12622036262203626,-0.17131474103585675,-0.05524944154877154,-0.1344402785216925,0.6220439465521981,0.00033407572383073496,0.5,-0.26447675839989226,0.5881203539009278,0.9556997685769059,0.42744255956258875,0.15418247506855345,0.03313366627940311
2021-10-27 08:10:00,0.12133891213389121,-0.17131474103585675,-0.06001489203276256,-0.13372612033565434,0.6220439465521981,0.00033407572383073496,0.5,-0.26447675839989226,0.5881203539009278,0.9556997685769059,0.42744255956258875,0.15418247506855345,0.028026313804185465
2021-10-27 08:20:00,0.1094839609483961,0.2589641434262948,-0.060610573343261476,-0.1312265666845207,0.6220439465521981,0.00033407572383073496,0.5,-0.26447675839989226,0.5881203539009278,0.9556997685769059,0.42744255956258875,0.15418247506855345,0.016076466949318767
2021-10-27 08:30:00,0.10111576011157601,0.5298804780876492,-0.06329113924050644,-0.1312265666845207,0.6220439465521981,0.00033407572383073496,0.5,-0.26447675839989226,0.5881203539009278,0.9556997685769059,0.42744255956258875,0.15418247506855345,0.014326236854414049
2021-10-27 08:40:00,0.09902370990237098,0.5617529880478087,-0.06329113924050644,-0.12622745938225322,0.6220439465521981,0.00033407572383073496,0.5,-0.26447675839989226,0.5881203539009278,0.9556997685769059,0.42744255956258875,0.15418247506855345,0.012613727235692623
2021-10-27 08:50:00,0.09902370990237098,0.5537848605577689,-0.06090841399851088,-0.12622745938225322,0.6220439465521981,0.00044543429844097997,0.5,-0.26447675839989226,0.5881203539009278,0.9556997685769059,0.42744255956258875,0.15418247506855345,0.010041190759992154
2021-10-27 09:00:00,0.09693165969316596,0.5458167330677288,-0.06031273268801207,-0.12515622210319588,0.6220439465521981,0.00033407572383073496,0.5,-0.2491386731407237,0.6035482044901407,0.8977079234859378,0.3750392537313217,0.15386632020657712,0.009603633236265976
2021-10-27 09:10:00,0.10390516039051603,0.6334661354581672,-0.05822784810126602,-0.12408498482413843,0.6220439465521981,0.00033407572383073496,0.5,-0.2491386731407237,0.6035482044901407,0.8977079234859378,0.3750392537313217,0.15386632020657712,0.01372270923548139
2021-10-27 09:20:00,0.10181311018131102,0.20318725099601576,-0.05554728220402094,-0.12408498482413843,0.6220439465521981,0.00033407572383073496,0.5,-0.2491386731407237,0.6035482044901407,0.8977079234859378,0.3750392537313217,0.15386632020657712,0.011135084569307603
2021-10-27 09:30:00,0.100418410041841,0.49003984063745,-0.05376023827252441,-0.12122835207998572,0.6220439465521981,0.00033407572383073496,0.5,-0.2491386731407237,0.6035482044901407,0.8977079234859378,0.3750392537313217,0.15386632020657712,0.012462845330959458
2021-10-27 09:40:00,0.09414225941422595,0.689243027888446,-0.0498883097542816,-0.12051419389394735,0.6220439465521981,0.00033407572383073496,0.5,-0.2491386731407237,0.6035482044901407,0.8977079234859378,0.3750392537313217,0.15386632020657712,0.0056203509513104094
2021-10-27 09:50:00,0.09274755927475593,0.585657370517928,-0.04571854058078939,-0.12051419389394735,0.6220439465521981,0.00044543429844097997,0.5,-0.2491386731407237,0.6035482044901407,0.8977079234859378,0.3750392537313217,0.15386632020657712,0.0009128355236356503
2021-10-27 10:00:00,0.0697350069735007,0.5697211155378485,-0.041846612062546584,-0.12158543117300469,0.6220439465521981,0.21469933184855236,0.5,0.003877796948392298,0.6279528860051657,0.6080997195252029,0.2979004703927887,0.18654130498713742,0.0
2021-10-27 10:10:00,0.09902370990237098,0.01195219123505975,-0.02903946388682077,-0.12051419389394735,0.6220439465521981,0.9996659242761693,0.5,0.003877796948392298,0.6279528860051657,0.6080997195252029,0.2979004703927887,0.18654130498713742,0.0
2021-10-27 10:20:00,0.09762900976290097,0.4422310756972112,-0.00967982129560696,-0.08730583824317073,0.6220439465521981,0.9996659242761693,0.5,0.003877796948392298,0.6279528860051657,0.6080997195252029,0.2979004703927887,0.18654130498713742,0.0
2021-10-27 10:30:00,0.10808926080892609,0.585657370517928,0.0034251675353684785,-0.06945188359221555,0.6220439465521981,0.9996659242761693,0.5,0.003877796948392298,0.6279528860051657,0.6080997195252029,0.2979004703927887,0.18654130498713742,0.0
2021-10-27 10:40:00,0.14783821478382148,0.6812749003984064,0.014743112434847383,-0.06088198535975731,0.6220439465521981,0.9996659242761693,0.5,0.003877796948392298,0.6279528860051657,0.6080997195252029,0.2979004703927887,0.18654130498713742,0.0
2021-10-27 10:50:00,0.15341701534170155,0.7768924302788842,0.02367833209233039,-0.05981074808069986,0.6220439465521981,0.9996659242761693,0.5,0.003877796948392298,0.6279528860051657,0.6080997195252029,0.2979004703927887,0.18654130498713742,0.0
2021-10-27 11:00:00,0.14435146443514643,0.7747471651854119,0.03172002978406541,-0.055882878057489815,0.6220439465521981,0.9996659242761693,0.5,0.006206676421333546,0.6244730709439743,0.574523524463776,0.20815239591791573,0.2668036115880517,0.0
2021-10-27 11:10:00,0.13807531380753138,0.7726019000919397,0.04154877140729707,-0.05159792894126036,0.6220439465521981,0.9996659242761693,0.5,0.006206676421333546,0.6244730709439743,0.574523524463776,0.20815239591791573,0.2668036115880517,0.0
2021-10-27 11:20:00,0.12482566248256625,0.7704566349984676,0.05405807892777359,-0.04874129619710765,0.6220439465521981,0.9996659242761693,0.5,0.006206676421333546,0.6244730709439743,0.574523524463776,0.20815239591791573,0.2668036115880517,0.0
2021-10-27 11:30:00,0.11157601115760113,0.7683113699049955,0.06388682055100503,-0.042670951615782826,0.6220439465521981,0.9996659242761693,0.5,0.006206676421333546,0.6244730709439743,0.574523524463776,0.20815239591791573,0.2668036115880517,0.0
2021-10-27 11:40:00,0.12133891213389121,0.7661661048115231,0.0704393149664928,-0.037671844313515335,0.6220439465521981,0.9996659242761693,0.5,0.006206676421333546,0.6244730709439743,0.574523524463776,0.20815239591791573,0.2668036115880517,0.0
2021-10-27 11:50:00,0.11715481171548117,0.7640208397180503,0.08175725986597171,-0.03088734154615247,0.6220439465521981,0.9996659242761693,0.5,0.006206676421333546,0.6244730709439743,0.574523524463776,0.20815239591791573,0.2668036115880517,0.0
2021-10-27 12:00:00,0.09135285913528592,0.7618755746245782,0.09039463886820531,-0.025888234243884978,0.6220439465521981,0.9996659242761693,0.5,0.00949635834292506,0.618812265270526,0.5427303359800709,0.09314023676965275,0.4085366796643922,0.0
2021-10-27 12:10:00,0.08368200836820083,0.7597303095311061,0.10081906180193578,-0.018746652383503037,0.6220439465521981,0.9996659242761693,0.5,0.00949635834292506,0.618812265270526,0.5427303359800709,0.09314023676965275,0.4085366796643922,0.0
2021-10-27 12:20:00,0.08298465829846582,0.757585044437634,0.1174981384959044,-0.0112479914301018,0.6220439465521981,0.9996659242761693,0.5,0.00949635834292506,0.618812265270526,0.5427303359800709,0.09314023676965275,0.4085366796643922,0.0
2021-10-27 12:30:00,0.09135285913528592,0.7554397793441616,0.12970960536113174,-0.003749330476700563,0.6220439465521981,0.9996659242761693,0.5,0.00949635834292506,0.618812265270526,0.5427303359800709,0.09314023676965275,0.4085366796643922,0.0
2021-10-27 12:40:00,0.0599721059972106,0.7532945142506895,0.13894266567386415,0.0030351722906625245,0.6220439465521981,0.9996659242761693,0.5,0.00949635834292506,0.618812265270526,0.5427303359800709,0.09314023676965275,0.4085366796643922,0.0
2021-10-27 12:50:00,0.03277545327754532,0.7511492491572171,0.14400595681310469,0.013390465988216471,0.6220439465521981,0.9996659242761693,0.5,0.00949635834292506,0.618812265270526,0.5427303359800709,0.09314023676965275,0.4085366796643922,0.0
2021-10-27 13:00:00,0.059274755927475595,0.7490039840637448,0.15651526433358143,0.023031601499732268,0.6220439465521981,0.9996659242761693,0.5,0.13944799969848787,0.6013557198562096,0.3910751009725756,0.11105252396503451,0.6529537076251218,0.0
2021-10-27 13:10:00,0.06903765690376569,0.6095617529880477,0.16962025316455676,0.030887341546152358,0.6220439465521981,0.9996659242761693,0.5,0.13944799969848787,0.6013557198562096,0.3910751009725756,0.11105252396503451,0.6529537076251218,0.0
2021-10-27 13:20:00,0.0815899581589958,0.4701195219123504,0.1830230826507817,0.03767184431351556,0.6220439465521981,0.9996659242761693,0.5,0.13944799969848787,0.6013557198562096,0.3910751009725756,0.11105252396503451,0.6529537076251218,0.0
2021-10-27 13:30:00,0.045327754532775454,0.3306772908366533,0.1868950111690244,0.04552758435993587,0.6220439465521981,0.9996659242761693,0.5,0.13944799969848787,0.6013557198562096,0.3910751009725756,0.11105252396503451,0.6529537076251218,0.0
2021-10-27 13:40:00,0.04672245467224547,0.191235059760956,0.19910647803425152,0.055168719871451444,0.6220439465521981,0.9996659242761693,0.5,0.13944799969848787,0.6013557198562096,0.3910751009725756,0.11105252396503451,0.6529537076251218,0.0
2021-10-27 13:50:00,0.07043235704323571,0.05179282868525892,0.20089352196574817,0.06695232994108213,0.6220439465521981,0.9996659242761693,0.5,0.13944799969848787,0.6013557198562096,0.3910751009725756,0.11105252396503451,0.6529537076251218,0.0
2021-10-27 14:00:00,0.07182705718270573,-0.08764940239043839,0.21697691734921798,0.07230851633636859,0.6220439465521981,0.9996659242761693,0.5,0.15057929313463325,0.5849307628869522,0.3575238882934966,0.1901476393097662,0.7187559570437405,0.0
2021-10-27 14:10:00,0.14295676429567641,-0.2270916334661356,0.2285927029039463,0.07802178182467423,0.6220439465521981,0.9996659242761693,0.5,0.15057929313463325,0.5849307628869522,0.3575238882934966,0.1901476393097662,0.7187559570437405,0.0
2021-10-27 14:20:00,0.10460251046025104,-0.3665338645418328,0.23454951600893525,0.07945009819675053,0.6220439465521981,0.9996659242761693,0.5,0.15057929313463325,0.5849307628869522,0.3575238882934966,0.1901476393097662,0.7187559570437405,0.0
2021-10-27 14:30:00,0.14016736401673638,-0.50597609561753,0.22382725241995538,0.08087841456882705,0.6220439465521981,0.9996659242761693,0.5,0.15057929313463325,0.5849307628869522,0.3575238882934966,0.1901476393097662,0.7187559570437405,0.0
2021-10-27 14:40:00,0.15620641562064158,-0.5418326693227091,0.21518987341772133,0.07945009819675053,0.6220439465521981,0.9996659242761693,0.5,0.15057929313463325,0.5849307628869522,0.3575238882934966,0.1901476393097662,0.7187559570437405,0.0
2021-10-27 14:50:00,0.13389121338912133,-0.5776892430278885,0.2217423678332091,0.0801642563827889,0.5749303110808653,0.9996659242761693,0.5,0.15057929313463325,0.5849307628869522,0.3575238882934966,0.1901476393097662,0.7187559570437405,0.0
2021-10-27 15:00:00,0.20362622036262204,-0.6135458167330679,0.22382725241995538,0.08694875915015166,0.5071390244860033,0.9996659242761693,0.5,0.16434067779481354,0.5638421066242909,0.31945340069192324,0.2781426644090703,0.7372183090021843,0.0
2021-10-27 15:10:00,0.18479776847977683,-0.649402390438247,0.2256142963514518,0.11123013747545074,0.3710198793367447,0.5291759465478842,0.5,0.16434067779481354,0.5638421066242909,0.31945340069192324,0.2781426644090703,0.7372183090021843,0.016159451996922012
2021-10-27 15:20:00,0.24058577405857742,0.09960159362549792,0.23127326880119137,0.11123013747545074,0.3760976822708772,0.00011135857461024499,0.5,0.16434067779481354,0.5638421066242909,0.31945340069192324,0.2781426644090703,0.7372183090021843,0.11056625978846357
2021-10-27 15:30:00,0.18131101813110181,-0.21912350597609564,0.23484735666418444,0.1169434029637566,0.3916713562183455,0.00022271714922048998,0.5,0.16434067779481354,0.5638421066242909,0.31945340069192324,0.2781426644090703,0.7372183090021843,0.05299726903752433
2021-10-27 15:40:00,0.22175732217573224,-0.05179282868525903,0.23871928518242735,0.13551151580074983,0.37550876182748555,0.00022271714922048998,0.5,0.16434067779481354,0.5638421066242909,0.31945340069192324,0.2781426644090703,0.7372183090021843,0.0941653967439685
2021-10-27 15:50:00,0.20362622036262204,0.22709163346613526,0.2411020104244228,0.1469380467773611,0.3775372655769457,0.00033407572383073496,0.5,0.16434067779481354,0.5638421066242909,0.31945340069192324,0.2781426644090703,0.7372183090021843,0.08419964693634292
2021-10-27 16:00:00,0.1924686192468619,0.22709163346613526,0.2488458674609082,0.16443492233529722,0.4009762992239337,0.00022271714922048998,0.5,0.20771760472786682,0.5531268049205914,0.2435169766701325,0.3516052461414377,0.7438506690470701,0.08166483093682575
2021-10-27 16:10:00,0.1882845188284519,-0.10756972111553798,0.25390915860014873,0.18300303517229088,0.39411864783866196,0.02839643652561247,0.5,0.20771760472786682,0.5531268049205914,0.2435169766701325,0.3516052461414377,0.7438506690470701,0.04623021561024187
2021-10-27 16:20:00,0.2719665271966527,-0.003984063745020028,0.2562918838421444,0.20049991073022677,0.38498383740560915,0.01737193763919822,0.5,0.20771760472786682,0.5531268049205914,0.2435169766701325,0.3516052461414377,0.7438506690470701,0.12082622931031882
2021-10-27 16:30:00,0.2398884239888424,-0.17131474103585675,0.2655249441548768,0.19621496161399765,0.38100535263247437,0.00022271714922048998,0.5,0.20771760472786682,0.5531268049205914,0.2435169766701325,0.3516052461414377,0.7438506690470701,0.11541711302563484
2021-10-27 16:40:00,0.2085076708507671,0.06772908366533859,0.2673119880863737,0.20014283163720759,0.38184292837418693,0.00022271714922048998,0.5,0.20771760472786682,0.5531268049205914,0.2435169766701325,0.3516052461414377,0.7438506690470701,0.10032892255231832
2021-10-27 16:50:00,0.2482566248256625,-0.17928286852589637,0.23931496649292616,0.18621674700946267,0.37031317480467474,0.00022271714922048998,0.5,0.20771760472786682,0.5531268049205914,0.2435169766701325,0.3516052461414377,0.7438506690470701,0.13059583264179128
2021-10-27 17:00:00,0.24198047419804744,-0.003984063745020028,0.20446760982874146,0.12872701303338685,0.38045569355197556,0.00022271714922048998,0.5,0.2133361661223998,0.5459344208593515,0.23047274910320223,0.39905110474289623,0.7491545555161429,0.1202151575961495
2021-10-27 17:10:00,0.24895397489539747,0.08366533864541825,0.19493670886075942,0.10158900196393517,0.37058800434492417,0.00022271714922048998,0.5,0.2133361661223998,0.5459344208593515,0.23047274910320223,0.39905110474289623,0.7491545555161429,0.12903420492780301
2021-10-27 17:20:00,0.24198047419804744,-0.043824701195219196,0.18778853313477262,0.08409212640599906,0.37587520121448487,0.00033407572383073496,0.5,0.2133361661223998,0.5459344208593515,0.23047274910320223,0.39905110474289623,0.7491545555161429,0.12037358359611933
2021-10-27 17:30:00,0.2105997210599721,-0.12350597609561753,0.18272524199553208,0.07266559542938755,0.3702346520788891,0.00033407572383073496,0.5,0.2133361661223998,0.5459344208593515,0.23047274910320223,0.39905110474289623,0.7491545555161429,0.09606650874360638
2021-10-27 17:40:00,0.2684797768479777,-0.3067729083665339,0.17795979151154118,0.06552401356900561,0.3623562052584052,0.00033407572383073496,0.5,0.2133361661223998,0.5459344208593515,0.23047274910320223,0.39905110474289623,0.7491545555161429,0.14681563740060655
2021-10-27 17:50:00,0.3158995815899582,-0.13147410358565736,0.1746835443037973,0.054454561685413294,0.36209446283912,0.00022271714922048998,0.5,0.2133361661223998,0.5459344208593515,0.23047274910320223,0.39905110474289623,0.7491545555161429,0.20934864281726692
2021-10-27 18:00:00,0.2838214783821479,-0.20318725099601598,0.16902457185405795,0.05124084984824129,0.36209446283912,0.00022271714922048998,0.5,0.041733887039089534,0.5537331145637884,0.37727074954882706,0.43676797507702764,0.7176188769055378,0.16293736892134525
2021-10-27 18:10:00,0.33751743375174337,-0.24302788844621515,0.163663440059568,0.04374218889484016,0.34742380023818564,0.00033407572383073496,0.5,0.041733887039089534,0.5537331145637884,0.37727074954882706,0.43676797507702764,0.7176188769055378,0.23444030357439233
2021-10-27 18:20:00,0.3584379358437936,0.41035856573705165,0.15860014892032748,0.04052847705766838,0.3506955804792504,0.00022271714922048998,0.5,0.041733887039089534,0.5537331145637884,0.37727074954882706,0.43676797507702764,0.7176188769055378,0.2702370354723358
2021-10-27 18:30:00,0.3193863319386332,-0.4820717131474104,0.15443037974683538,0.039100160685591856,0.35947703864626823,0.00044543429844097997,0.5,0.041733887039089534,0.5537331145637884,0.37727074954882706,0.43676797507702764,0.7176188769055378,0.20936373100774022
2021-10-27 18:40:00,0.28521617852161785,-0.1633466135458168,0.14877140729709604,0.034815211569362514,0.3479603721977202,0.00022271714922048998,0.5,0.041733887039089534,0.5537331145637884,0.37727074954882706,0.43676797507702764,0.7176188769055378,0.1642500414925238
2021-10-27 18:50:00,0.30264993026499304,0.2749003984063745,0.14251675353685767,0.02945902517407606,0.3456439517870464,0.00033407572383073496,0.5,0.041733887039089534,0.5537331145637884,0.37727074954882706,0.43676797507702764,0.7176188769055378,0.19675754786728428
2021-10-27 19:00:00,0.3682008368200837,0.2350597609561753,0.13536857781087108,0.024816996964827753,0.35155933046289145,0.00044543429844097997,0.5,0.0384441717644084,0.5724166467915897,0.38430500217042374,0.4018225562499886,0.6937011010399589,0.28393711242210723
2021-10-27 19:10:00,0.34658298465829845,-0.4422310756972112,0.13149664929262816,0.02231744331369412,0.35947703864626823,0.00033407572383073496,0.5,0.0384441717644084,0.5724166467915897,0.38430500217042374,0.4018225562499886,0.6937011010399589,0.2524857793804789
2021-10-27 19:20:00,0.37796373779637377,-0.3705179282868527,0.12613551749813845,0.02231744331369412,0.35947703864626823,0.00033407572383073496,0.5,0.0384441717644084,0.5724166467915897,0.38430500217042374,0.4018225562499886,0.6937011010399589,0.298512304419331
2021-10-27 19:30:00,0.3451882845188285,-0.07569721115537853,0.12196574832464635,0.02088912694161782,0.35381031526874407,0.00022271714922048998,0.5,0.0384441717644084,0.5724166467915897,0.38430500217042374,0.4018225562499886,0.6937011010399589,0.25057712328560433
2021-10-27 19:40:00,0.33751743375174337,-0.12350597609561753,0.11690245718540582,0.015890019639350328,0.3594116030414469,0.00022271714922048998,0.5,0.0384441717644084,0.5724166467915897,0.38430500217042374,0.4018225562499886,0.6937011010399589,0.22390874662401739
2021-10-27 19:50:00,0.3458856345885635,0.003984063745019917,0.11362620997766193,0.011605070523120764,0.3594116030414469,0.00022271714922048998,0.5,0.0384441717644084,0.5724166467915897,0.38430500217042374,0.4018225562499886,0.6937011010399589,0.24359883519169545
2021-10-27 20:00:00,0.34309623430962344,-0.02788844621513953,0.10945644080416961,0.010533833244063429,0.3594116030414469,0.00022271714922048998,0.5,0.04014604650821507,0.5874795621927161,0.3870803292652631,0.4019245094732759,0.6836265487079278,0.24092822547791845
2021-10-27 20:10:00,0.37099023709902373,0.17928286852589648,0.10677587490692453,0.008034279592929794,0.3594116030414469,0.00033407572383073496,0.5,0.04014604650821507,0.5874795621927161,0.3870803292652631,0.4019245094732759,0.6836265487079278,0.2938198771821296
2021-10-27 20:20:00,0.3396094839609484,0.24302788844621515,0.10260610573343243,0.001963935011605189,0.3594116030414469,0.00044543429844097997,0.5,0.04014604650821507,0.5874795621927161,0.3870803292652631,0.4019245094732759,0.6836265487079278,0.227846764337553
2021-10-27 20:30:00,0.3403068340306834,0.2350597609561753,0.09843633655994011,-0.0016068559185858922,0.3594116030414469,0.00033407572383073496,0.5,0.04014604650821507,0.5874795621927161,0.3870803292652631,0.4019245094732759,0.6836265487079278,0.23516453671711154
2021-10-27 20:40:00,0.3312412831241283,0.2111553784860556,0.09486224869694704,-0.004463488662738713,0.3594116030414469,0.00022271714922048998,0.5,0.04014604650821507,0.5874795621927161,0.3870803292652631,0.4019245094732759,0.6836265487079278,0.22818624862320264
2021-10-27 20:50:00,0.29497907949790797,0.2589641434262948,0.09218168279970218,-0.010176754151044465,0.3594116030414469,0.00022271714922048998,0.5,0.04014604650821507,0.5874795621927161,0.3870803292652631,0.4019245094732759,0.6836265487079278,0.19027717005899483
2021-10-27 21:00:00,0.2294281729428173,0.5059760956175297,0.09009679821295591,-0.016604177825388367,0.3655232885317559,0.00022271714922048998,0.5,0.033485167714342845,0.5904593873111751,0.3983429452098311,0.3647097296072193,0.6926676885148119,0.12447757140486142
2021-10-27 21:10:00,0.299163179916318,0.3227091633466135,0.0856291883842144,-0.020174968755579448,0.37331012550549003,0.00011135857461024499,0.5,0.033485167714342845,0.5904593873111751,0.3983429452098311,0.3647097296072193,0.6926676885148119,0.1828915008223064
2021-10-27 21:20:00,0.3326359832635983,0.4501992031872508,0.0856291883842144,-0.02624531333690394,0.37331012550549003,0.00022271714922048998,0.5,0.033485167714342845,0.5904593873111751,0.3983429452098311,0.3647097296072193,0.6926676885148119,0.23992486081144287
2021-10-27 21:30:00,0.35495118549511856,0.09960159362549792,0.0856291883842144,-0.025888234243884978,0.3830469435028988,0.00011135857461024499,0.5,0.033485167714342845,0.5904593873111751,0.3983429452098311,0.3647097296072193,0.6926676885148119,0.25066765242844424
2021-10-27 21:40:00,0.31311018131101814,0.03585657370517925,0.0856291883842144,-0.02053204784859841,0.3871301252437476,0.00011135857461024499,0.5,0.033485167714342845,0.5904593873111751,0.3983429452098311,0.3647097296072193,0.6926676885148119,0.18855711634503675
2021-10-27 21:50:00,0.2733612273361227,0.36254980079681287,0.0856291883842144,-0.026959471522942313,0.3871301252437476,0.00011135857461024499,0.5,0.033485167714342845,0.5904593873111751,0.3983429452098311,0.3647097296072193,0.6926676885148119,0.14233444483003152
2021-10-27 22:00:00,0.25313807531380755,0.4581673306772909,0.08503350707371538,-0.028744866988037687,0.3897998979204565,0.00022271714922048998,0.5,-0.030501266917103975,0.5973126977330936,0.47694969423212596,0.3103094714068706,0.7175334835376718,0.12273488540519335
2021-10-27 22:10:00,0.23361227336122734,-0.059760956175298974,0.0826507818317197,-0.027673629708980574,0.4010286477077908,0.00022271714922048998,0.5,-0.030501266917103975,0.5973126977330936,0.47694969423212596,0.3103094714068706,0.7175334835376718,0.1014680809330537
2021-10-27 22:20:00,0.21548117154811713,-0.003984063745020028,0.0826507818317197,-0.027673629708980574,0.4010286477077908,0.00022271714922048998,0.5,-0.030501266917103975,0.5973126977330936,0.47694969423212596,0.3103094714068706,0.7175334835376718,0.09253587217285031
2021-10-27 22:30:00,0.15550906555090654,0.49003984063745,0.07758749069247939,-0.02803070880199965,0.4010286477077908,0.00033407572383073496,0.5,-0.030501266917103975,0.5973126977330936,0.47694969423212596,0.3103094714068706,0.7175334835376718,0.06162771398826139
2021-10-27 22:40:00,0.1589958158995816,0.25099601593625476,0.07580044676098274,-0.031244420639171433,0.4010286477077908,0.00022271714922048998,0.5,-0.030501266917103975,0.5973126977330936,0.47694969423212596,0.3103094714068706,0.7175334835376718,0.06264616684521027
2021-10-27 22:50:00,0.15411436541143653,-0.059760956175298974,0.07222635889798945,-0.031244420639171433,0.4010286477077908,0.00022271714922048998,0.5,-0.030501266917103975,0.5973126977330936,0.47694969423212596,0.3103094714068706,0.7175334835376718,0.04490245484859001
2021-10-27 23:00:00,0.15481171548117156,-0.5617529880478087,0.06775874906924773,-0.03302981610426714,0.4010286477077908,0.00022271714922048998,0.5,-0.089667179526006,0.6036516506851887,0.5467861052808318,0.2783211661773229,0.7607991754760604,0.04135673008736063
2021-10-27 23:10:00,0.15829846582984658,-0.8087649402390438,0.07133283693224102,-0.038386002499553595,0.4010286477077908,0.00022271714922048998,0.5,-0.089667179526006,0.6036516506851887,0.5467861052808318,0.2783211661773229,0.7607991754760604,0.04497789580095659
2021-10-27 23:20:00,0.1492329149232915,-0.17928286852589637,0.0701414743112434,-0.038386002499553595,0.38714321236471194,0.00022271714922048998,0.5,-0.089667179526006,0.6036516506851887,0.5467861052808318,0.2783211661773229,0.7607991754760604,0.039063325135416514
2021-10-27 23:30:00,0.11227336122733612,-0.03585657370517936,0.06775874906924773,-0.03802892340653463,0.38459122377668137,0.00033407572383073496,0.5,-0.089667179526006,0.6036516506851887,0.5467861052808318,0.2783211661773229,0.7607991754760604,0.01768335923472698
2021-10-27 23:40:00,0.10320781032078104,0.06772908366533859,0.06537602382725227,-0.031958578825209805,0.38459122377668137,0.00022271714922048998,0.5,-0.089667179526006,0.6036516506851887,0.5467861052808318,0.2783211661773229,0.7607991754760604,0.009950661617152254
2021-10-27 23:50:00,0.11157601115760113,0.2589641434262948,0.05971705137751293,-0.031244420639171433,0.38459122377668137,0.00022271714922048998,0.5,-0.089667179526006,0.6036516506851887,0.5467861052808318,0.2783211661773229,0.7607991754760604,0.014250795902047468
2021-10-28 00:00:00,0.11297071129707113,0.17131474103585642,0.05733432613551748,-0.031244420639171433,0.38459122377668137,0.00022271714922048998,0.5,-0.1051223007761598,0.6022551270520432,0.570803305334043,0.26561478577390096,0.8111509908748813,0.018007755329903286
2021-10-28 00:10:00,0.10460251046025104,0.31474103585657365,0.054951600893522023,-0.031244420639171433,0.38459122377668137,0.00022271714922048998,0.5,-0.1051223007761598,0.6022551270520432,0.570803305334043,0.26561478577390096,0.8111509908748813,0.01136895152164401
2021-10-28 00:20:00,0.1087866108786611,0.6254980079681274,0.04988830975428127,-0.03445813247634355,0.38459122377668137,0.00022271714922048998,0.5,-0.1051223007761598,0.6022551270520432,0.570803305334043,0.26561478577390096,0.8111509908748813,0.012734432759479155
2021-10-28 00:30:00,0.1206415620641562,0.5776892430278884,0.047505584512285814,-0.03874308159257267,0.389525068380207,0.00022271714922048998,0.5,-0.1051223007761598,0.6022551270520432,0.570803305334043,0.26561478577390096,0.8111509908748813,0.02056520361513044
2021-10-28 00:40:00,0.1304044630404463,-0.10756972111553798,0.04571854058078917,-0.04624174254597391,0.4010940833126121,0.00022271714922048998,0.5,-0.1051223007761598,0.6022551270520432,0.570803305334043,0.26561478577390096,0.8111509908748813,0.034076678183985395
2021-10-28 00:50:00,0.11018131101813111,0.2589641434262948,0.037974683544303556,-0.052312087127298734,0.4010940833126121,0.00022271714922048998,0.5,-0.1051223007761598,0.6022551270520432,0.570803305334043,0.26561478577390096,0.8111509908748813,0.022745447138524676
2021-10-28 01:00:00,0.09483960948396096,0.7450199203187249,0.032911392405063244,-0.0526691662203177,0.4010940833126121,0.00022271714922048998,0.5,-0.19532873305287834,0.5968213283066146,0.6484096177353104,0.2575674968033822,0.8619722577807091,0.011459480664483908
2021-10-28 01:10:00,0.10808926080892609,0.38645418326693215,0.03201787043931481,-0.0526691662203177,0.41479629896219133,0.00022271714922048998,0.5,-0.19532873305287834,0.5968213283066146,0.6484096177353104,0.2575674968033822,0.8619722577807091,0.007566727522368242
2021-10-28 01:20:00,0.0815899581589958,0.6095617529880477,0.030230826507818165,-0.054454561685413405,0.42900891232937666,0.000556792873051225,0.5,-0.19532873305287834,0.5968213283066146,0.6484096177353104,0.2575674968033822,0.8619722577807091,0.0
2021-10-28 01:30:00,0.08437935843793584,0.5541035856573702,0.023976172747579794,-0.0733797536154257,0.45107379827511745,0.716815144766147,0.5,-0.19532873305287834,0.5968213283066146,0.6484096177353104,0.2575674968033822,0.8619722577807091,0.0
2021-10-28 01:40:00,0.09135285913528592,0.49864541832669307,0.03142218912881578,-0.05016961256918395,0.45107379827511745,0.9993318485523385,0.5,-0.19532873305287834,0.5968213283066146,0.6484096177353104,0.2575674968033822,0.8619722577807091,0.0
2021-10-28 01:50:00,0.06624825662482565,0.44318725099601575,0.034400595681310264,-0.029816104267095023,0.45107379827511745,0.9993318485523385,0.5,-0.19532873305287834,0.5968213283066146,0.6484096177353104,0.2575674968033822,0.8619722577807091,0.0
2021-10-28 02:00:00,0.0502092050209205,0.38772908366533865,0.03678332092330594,-0.028387752187109427,0.45107379827511745,0.9993318485523385,0.5,-0.21712714497887586,0.5924047504791585,0.6704904929353754,0.2420876397512507,0.8870400034280945,0.0
2021-10-28 02:10:00,0.03417015341701534,0.3322709163346611,0.039166046165301394,-0.026959471522942313,0.45107379827511745,0.9993318485523385,0.5,-0.21712714497887586,0.5924047504791585,0.6704904929353754,0.2420876397512507,0.8870400034280945,0.0
2021-10-28 02:20:00,0.039051603905160395,0.276812749003984,0.0397617274758002,-0.029101946081056984,0.45107379827511745,0.9993318485523385,0.5,-0.21712714497887586,0.5924047504791585,0.6704904929353754,0.2420876397512507,0.8870400034280945,0.0
2021-10-28 02:30:00,0.05230125523012552,0.22135458167330668,0.03886820551005199,-0.03374397429030518,0.45107379827511745,0.9993318485523385,0.5,-0.21712714497887586,0.5924047504791585,0.6704904929353754,0.2420876397512507,0.8870400034280945,0.0
2021-10-28 02:40:00,0.05090655509065551,0.16589641434262936,0.033507073715562274,-0.03910016068559197,0.45107379827511745,0.9993318485523385,0.5,-0.21712714497887586,0.5924047504791585,0.6704904929353754,0.2420876397512507,0.8870400034280945,0.0
2021-10-28 02:50:00,0.03765690376569038,0.11043824701195204,0.027550260610573307,-0.041956793429744677,0.45107379827511745,0.9993318485523385,0.5,-0.21712714497887586,0.5924047504791585,0.6704904929353754,0.2420876397512507,0.8870400034280945,0.0
2021-10-28 03:00:00,0.05439330543933055,0.05498007968127494,0.021295606850334936,-0.044099267987859125,0.45107379827511745,0.9993318485523385,0.5,-0.23302196000764464,0.5939823049536348,0.6886812180800925,0.20913620790735393,0.8760687784969422,0.0
2021-10-28 03:10:00,0.07670850767085077,-0.00047808764940238113,0.015040953090096565,-0.04909837529012662,0.45107379827511745,0.9993318485523385,0.5,-0.23302196000764464,0.5939823049536348,0.6886812180800925,0.20913620790735393,0.8760687784969422,0.0
2021-10-28 03:20:00,0.0801952580195258,-0.055936254980079814,0.014147431124348353,-0.0526691662203177,0.45107379827511745,0.9993318485523385,0.5,-0.23302196000764464,0.5939823049536348,0.6886812180800925,0.20913620790735393,0.8760687784969422,0.0
2021-10-28 03:30:00,0.09762900976290097,-0.11139442231075714,0.01325390915859992,-0.055882878057489815,0.45107379827511745,0.9993318485523385,0.5,-0.23302196000764464,0.5939823049536348,0.6886812180800925,0.20913620790735393,0.8760687784969422,0.0
2021-10-28 03:40:00,0.10460251046025104,-0.16685258964143435,0.0040208488458675085,-0.06195322263881431,0.45107379827511745,0.9993318485523385,0.5,-0.23302196000764464,0.5939823049536348,0.6886812180800925,0.20913620790735393,0.8760687784969422,0.0
2021-10-28 03:50:00,0.11436541143654114,-0.22231075697211167,-0.004616530156366427,-0.06802356722013914,0.45107379827511745,0.9993318485523385,0.5,-0.23302196000764464,0.5939823049536348,0.6886812180800925,0.20913620790735393,0.8760687784969422,0.0
2021-10-28 04:00:00,0.1415620641562064,-0.2777689243027889,-0.009381980640357557,-0.07552222817354037,0.45107379827511745,0.9993318485523385,0.5,-0.242703794881168,0.5959995057570681,0.6853520937075213,0.20285008696049414,0.841612765189895,0.0
2021-10-28 04:10:00,0.08437935843793584,-0.3332270916334662,-0.006999255398362103,-0.0798071772897695,0.45107379827511745,0.9993318485523385,0.5,-0.242703794881168,0.5959995057570681,0.6853520937075213,0.20285008696049414,0.841612765189895,0.0
2021-10-28 04:20:00,0.06903765690376569,-0.3886852589641434,-0.0037230081906179935,-0.08123549366184613,0.45107379827511745,0.9993318485523385,0.5,-0.242703794881168,0.5959995057570681,0.6853520937075213,0.20285008696049414,0.841612765189895,0.0
2021-10-28 04:30:00,0.0794979079497908,-0.44414342629482073,-0.005212211466865346,-0.08444920549901802,0.45107379827511745,0.9993318485523385,0.5,-0.242703794881168,0.5959995057570681,0.6853520937075213,0.20285008696049414,0.841612765189895,0.0
2021-10-28 04:40:00,0.09274755927475593,-0.49960159362549794,-0.00967982129560696,-0.08837707552222807,0.45107379827511745,0.9993318485523385,0.5,-0.242703794881168,0.5959995057570681,0.6853520937075213,0.20285008696049414,0.841612765189895,0.0
2021-10-28 04:50:00,0.11576011157601115,-0.5550597609561754,-0.009977661950856476,-0.09123370826638089,0.45107379827511745,0.9993318485523385,0.5,-0.242703794881168,0.5959995057570681,0.6853520937075213,0.20285008696049414,0.841612765189895,0.0
2021-10-28 05:00:00,0.14504881450488147,-0.6105179282868527,-0.012658227848101444,-0.09658989466166767,0.45107379827511745,0.9993318485523385,0.5,-0.2551135122370818,0.5946029821239226,0.6957221918502396,0.20889636423788627,0.8343399126494859,0.0
2021-10-28 05:10:00,0.17294281729428174,-0.6659760956175299,-0.014743112434847494,-0.1008748437778968,0.44941173391265654,0.9993318485523385,0.5,-0.2551135122370818,0.5946029821239226,0.6957221918502396,0.20889636423788627,0.8343399126494859,0.0
2021-10-28 05:20:00,0.1387726638772664,-0.7214342629482073,-0.02010424422933743,-0.10801642563827896,0.4080826059075265,0.9993318485523385,0.5,-0.2551135122370818,0.5946029821239226,0.6957221918502396,0.20889636423788627,0.8343399126494859,0.0
2021-10-28 05:30:00,0.18340306834030684,-0.2671447543160693,-0.025763216679076772,-0.11444384931262286,0.35914986062216175,0.47861915367483293,0.5,-0.2551135122370818,0.5946029821239226,0.6957221918502396,0.20889636423788627,0.8343399126494859,0.0
2021-10-28 05:40:00,0.15132496513249652,0.18714475431606892,-0.025763216679076772,-0.108730583824317,0.36732931122482365,0.5766146993318486,0.5,-0.2551135122370818,0.5946029821239226,0.6957221918502396,0.20889636423788627,0.8343399126494859,0.0
2021-10-28 05:50:00,0.1311018131101813,0.6414342629482073,-0.03588979895755784,-0.10266023924299217,0.36735548546675223,0.9995545657015591,0.5,-0.2551135122370818,0.5946029821239226,0.6957221918502396,0.20889636423788627,0.8343399126494859,0.0
2021-10-28 06:00:00,0.10320781032078104,0.47410358565737054,-0.0424422933730455,-0.1037314765220495,0.36735548546675223,0.9995545657015591,0.5,-0.2856247183748507,0.6067923921070546,0.7337491822074205,0.21183027911488841,0.8638008802054105,0.0
2021-10-28 06:10:00,0.1317991631799163,0.3067729083665336,-0.04303797468354453,-0.10944474201035537,0.36735548546675223,0.9995545657015591,0.5,-0.2856247183748507,0.6067923921070546,0.7337491822074205,0.21183027911488841,0.8638008802054105,0.0
2021-10-28 06:20:00,0.1206415620641562,0.8486055776892429,-0.04542069992553999,-0.11301553294054623,0.36735548546675223,0.9995545657015591,0.5,-0.2856247183748507,0.6067923921070546,0.7337491822074205,0.21183027911488841,0.8638008802054105,0.0
2021-10-28 06:30:00,0.12273361227336123,0.6812749003984064,-0.0498883097542816,-0.11872879842885198,0.36735548546675223,0.9995545657015591,0.5,-0.2856247183748507,0.6067923921070546,0.7337491822074205,0.21183027911488841,0.8638008802054105,0.0
2021-10-28 06:40:00,0.1087866108786611,0.5139442231075697,-0.04571854058078939,-0.1247991430101768,0.36735548546675223,0.9995545657015591,0.5,-0.2856247183748507,0.6067923921070546,0.7337491822074205,0.21183027911488841,0.8638008802054105,0.0
2021-10-28 06:50:00,0.10460251046025104,0.346613545816733,-0.04482501861504107,-0.1312265666845207,0.36735548546675223,0.9995545657015591,0.5,-0.2856247183748507,0.6067923921070546,0.7337491822074205,0.21183027911488841,0.8638008802054105,0.0
2021-10-28 07:00:00,0.1206415620641562,0.019920318725099362,-0.0424422933730455,-0.1312265666845207,0.36735548546675223,0.9995545657015591,0.5,-0.2973422924178756,0.6248868557241661,0.7507345391073833,0.22484174167844406,0.8806071776337335,0.0
2021-10-28 07:10:00,0.13598326359832635,-0.8645418326693228,-0.03886820551005232,-0.13194072487055875,0.36735548546675223,0.9995545657015591,0.5,-0.2973422924178756,0.6248868557241661,0.7507345391073833,0.22484174167844406,0.8806071776337335,0.0
2021-10-28 07:20:00,0.11645746164574616,0.38645418326693215,-0.04333581533879394,-0.13551151580074983,0.36735548546675223,0.9995545657015591,0.5,-0.2973422924178756,0.6248868557241661,0.7507345391073833,0.22484174167844406,0.8806071776337335,0.0
2021-10-28 07:30:00,0.13319386331938632,0.38273572377158005,-0.05167535368577825,-0.14336725584717003,0.36735548546675223,0.9995545657015591,0.5,-0.2973422924178756,0.6248868557241661,0.7507345391073833,0.22484174167844406,0.8806071776337335,0.0
2021-10-28 07:40:00,0.12622036262203626,0.37901726427622817,-0.05673864482501878,-0.1490805213354759,0.36735548546675223,0.9995545657015591,0.5,-0.2973422924178756,0.6248868557241661,0.7507345391073833,0.22484174167844406,0.8806071776337335,0.0
2021-10-28 07:50:00,0.12203626220362622,0.3752988047808763,-0.0615040953090098,-0.15479378682378142,0.36735548546675223,0.9995545657015591,0.5,-0.2973422924178756,0.6248868557241661,0.7507345391073833,0.22484174167844406,0.8806071776337335,0.0
2021-10-28 08:00:00,0.11297071129707113,0.3715803452855244,-0.06329113924050644,-0.1597928941260488,0.36735548546675223,0.9995545657015591,0.5,-0.3012915650370237,0.6320102756553768,0.7542666928918274,0.25248885750492367,0.8932096956525513,0.0
2021-10-28 08:10:00,0.10390516039051603,0.3678618857901723,-0.06478034251675369,-0.16086413140510625,0.36735548546675223,0.9995545657015591,0.5,-0.3012915650370237,0.6320102756553768,0.7542666928918274,0.25248885750492367,0.8932096956525513,0.0
2021-10-28 08:20:00,0.10181311018131102,0.36414342629482044,-0.06924795234549519,-0.16729155507945004,0.36735548546675223,0.9995545657015591,0.5,-0.3012915650370237,0.6320102756553768,0.7542666928918274,0.25248885750492367,0.8932096956525513,0.0
2021-10-28 08:30:00,0.09414225941422595,0.36042496679946856,-0.07043931496649303,-0.17050526691662193,0.36735548546675223,0.9995545657015591,0.5,-0.3012915650370237,0.6320102756553768,0.7542666928918274,0.25248885750492367,0.8932096956525513,0.0
2021-10-28 08:40:00,0.099721059972106,0.3567065073041169,-0.07222635889798967,-0.17050526691662193,0.36735548546675223,0.9995545657015591,0.5,-0.3012915650370237,0.6320102756553768,0.7542666928918274,0.25248885750492367,0.8932096956525513,0.0
2021-10-28 08:50:00,0.11157601115760113,0.3529880478087648,-0.07222635889798967,-0.17050526691662193,0.36735548546675223,0.9995545657015591,0.5,-0.3012915650370237,0.6320102756553768,0.7542666928918274,0.25248885750492367,0.8932096956525513,0.0
2021-10-28 09:00:00,0.12343096234309624,0.3492695883134129,-0.07222635889798967,-0.1694340296375647,0.36735548546675223,0.9995545657015591,0.5,-0.2715050548274762,0.6528977865387793,0.687027815536683,0.2516959603169536,0.8973636126176895,0.0
2021-10-28 09:10:00,0.11645746164574616,0.34555112881806105,-0.07133283693224135,-0.16336368505623988,0.36735548546675223,0.9995545657015591,0.5,-0.2715050548274762,0.6528977865387793,0.687027815536683,0.2516959603169536,0.8973636126176895,0.0
2021-10-28 09:20:00,0.1290097629009763,0.34183266932270917,-0.06805658972449746,-0.15765041956793413,0.36735548546675223,0.9995545657015591,0.5,-0.2715050548274762,0.6528977865387793,0.687027815536683,0.2516959603169536,0.8973636126176895,0.0
2021-10-28 09:30:00,0.15341701534170155,0.33811420982735707,-0.06239761727475812,-0.1505088377075522,0.36735548546675223,0.9995545657015591,0.5,-0.2715050548274762,0.6528977865387793,0.687027815536683,0.2516959603169536,0.8973636126176895,0.0
2021-10-28 09:40:00,0.17364016736401675,0.3343957503320052,-0.05971705137751315,-0.14443849312622736,0.36735548546675223,0.9995545657015591,0.5,-0.2715050548274762,0.6528977865387793,0.687027815536683,0.2516959603169536,0.8973636126176895,0.0
2021-10-28 09:50:00,0.16457461645746163,0.3306772908366533,-0.052866716306776085,-0.13658275307980716,0.40342359084425017,0.9353006681514476,0.5,-0.2715050548274762,0.6528977865387793,0.687027815536683,0.2516959603169536,0.8973636126176895,0.0
2021-10-28 10:00:00,0.11715481171548117,-0.47410358565737054,-0.04154877140729718,-0.1283699339403679,0.4040779468924631,0.9993318485523385,0.5,-0.03514268284914113,0.6677250744956282,0.4272097709774973,0.22125904917828715,0.8315709458892498,0.0
2021-10-28 10:10:00,0.11297071129707113,-0.5235059760956176,-0.034400595681310486,-0.11765756114979464,0.4040779468924631,0.9993318485523385,0.5,-0.03514268284914113,0.6677250744956282,0.4272097709774973,0.22125904917828715,0.8315709458892498,0.0
2021-10-28 10:20:00,0.12133891213389121,-0.5729083665338646,-0.025167535368577965,-0.10837350473129803,0.4040779468924631,0.9993318485523385,0.5,-0.03514268284914113,0.6677250744956282,0.4272097709774973,0.22125904917828715,0.8315709458892498,0.0
2021-10-28 10:30:00,0.11645746164574616,-0.6223107569721116,-0.01444527177959809,-0.10123192287091587,0.4040779468924631,0.9993318485523385,0.5,-0.03514268284914113,0.6677250744956282,0.4272097709774973,0.22125904917828715,0.8315709458892498,0.0
2021-10-28 10:40:00,0.15202231520223153,-0.4693227091633466,-0.006701414743112699,-0.09373326191751463,0.4040779468924631,0.9993318485523385,0.5,-0.03514268284914113,0.6677250744956282,0.4272097709774973,0.22125904917828715,0.8315709458892498,0.0
2021-10-28 10:50:00,0.2175732217573222,-0.31633466135458166,0.0022338049143706407,-0.08766291733619003,0.38381908363979006,0.6308463251670379,0.5,-0.03514268284914113,0.6677250744956282,0.4272097709774973,0.22125904917828715,0.8315709458892498,0.03514039561235421
2021-10-28 11:00:00,0.28591352859135283,-0.1633466135458168,0.015040953090096565,-0.07802178182467412,0.37109840206253025,0.00022271714922048998,0.5,-0.025965713691076475,0.6643228440807238,0.40832359717899447,0.3466701477959038,0.760525441926969,0.16978740739623097
2021-10-28 11:10:00,0.3068340306834031,0.1394422310756971,0.03320923306031265,-0.055882878057489815,0.37109840206253025,0.011024498886414253,0.5,-0.025965713691076475,0.6643228440807238,0.40832359717899447,0.3466701477959038,0.760525441926969,0.17675815139490322
2021-10-28 11:20:00,0.28591352859135283,-0.15537848605577698,0.04929262844378246,-0.03088734154615247,0.37109840206253025,0.7587973273942094,0.5,-0.025965713691076475,0.6643228440807238,0.40832359717899447,0.3466701477959038,0.760525441926969,0.03183608189869789
2021-10-28 11:30:00,0.3361227336122734,0.19521912350597592,0.05405807892777359,-0.01481878236029266,0.37109840206253025,0.9995545657015591,0.5,-0.025965713691076475,0.6643228440807238,0.40832359717899447,0.3466701477959038,0.760525441926969,0.0
2021-10-28 11:40:00,0.3668061366806137,-0.12350597609561753,0.05673864482501845,-0.008748437778968055,0.37109840206253025,0.9995545657015591,0.5,-0.025965713691076475,0.6643228440807238,0.40832359717899447,0.3466701477959038,0.760525441926969,0.0
2021-10-28 11:50:00,0.3361227336122734,-0.06772908366533881,0.0588235294117645,-0.0033922513836815993,0.3710722278206018,0.953118040089087,0.5,-0.025965713691076475,0.6643228440807238,0.40832359717899447,0.3466701477959038,0.760525441926969,0.0
2021-10-28 12:00:00,0.3633193863319386,-0.11553784860557781,0.07133283693224102,-0.0026780931976432276,0.37569198152098526,0.06481069042316259,0.5,-0.004704753448959709,0.6547684385658922,0.38160157868366185,0.4650495840456126,0.7450850143519904,0.16420477692110386
2021-10-28 12:10:00,0.32914923291492326,-0.02788844621513953,0.08175725986597171,0.006248884127834309,0.3727866406669197,0.03763919821826281,0.5,-0.004704753448959709,0.6547684385658922,0.38160157868366185,0.4650495840456126,0.7450850143519904,0.17234485568145813
2021-10-28 12:20:00,0.38284518828451886,0.1394422310756971,0.09813849590469093,0.021603285127655747,0.37261650809438435,0.025167037861915365,0.5,-0.004704753448959709,0.6547684385658922,0.38160157868366185,0.4650495840456126,0.7450850143519904,0.2654012704256379
2021-10-28 12:30:00,0.36052998605299863,-0.10756972111553798,0.11243484735666387,0.03588644884841985,0.37719700043187504,0.06391982182628063,0.5,-0.004704753448959709,0.6547684385658922,0.38160157868366185,0.4650495840456126,0.7450850143519904,0.16901790968209182
2021-10-28 12:40:00,0.39121338912133896,0.003984063745019917,0.1195830230826509,0.053026245313336995,0.3684286293858214,0.06826280623608018,0.5,-0.004704753448959709,0.6547684385658922,0.38160157868366185,0.4650495840456126,0.7450850143519904,0.17517389139520498
2021-10-28 12:50:00,0.41841004184100417,-0.03585657370517936,0.13030528667163077,0.06945188359221577,0.3736373035295965,0.07316258351893096,0.5,-0.004704753448959709,0.6547684385658922,0.38160157868366185,0.4650495840456126,0.7450850143519904,0.20623293148452707
2021-10-28 13:00:00,0.44142259414225943,0.019920318725099362,0.1401340282948622,0.07980717728976972,0.37084974676420934,0.0680400890868597,0.5,0.12396032583300154,0.6398664394681727,0.27085607269087014,0.5553305239084922,0.7421376288265478,0.25674819318919084
2021-10-28 13:10:00,0.4665271966527197,0.14741035856573692,0.13119880863737876,0.07766470273165504,0.373912133069846,0.05857461024498886,0.5,0.12396032583300154,0.6398664394681727,0.27085607269087014,0.5553305239084922,0.7421376288265478,0.32516559289044467
2021-10-28 13:20:00,0.41283124128312415,-0.01195219123505975,0.09694713328369309,0.04088555615068734,0.3813717920194736,0.02951002227171492,0.5,0.12396032583300154,0.6398664394681727,0.27085607269087014,0.5553305239084922,0.7421376288265478,0.3177271149870996
2021-10-28 13:30:00,0.4463040446304045,-0.15537848605577698,0.09247952345495158,0.029816104267095245,0.3855334964861081,0.034966592427616926,0.5,0.12396032583300154,0.6398664394681727,0.27085607269087014,0.5553305239084922,0.7421376288265478,0.3497140787905307
2021-10-28 13:40:00,0.4797768479776848,0.043824701195219085,0.09158600148920315,0.026245313336904275,0.38203923518865085,0.02694877505567929,0.5,0.12396032583300154,0.6398664394681727,0.27085607269087014,0.5553305239084922,0.7421376288265478,0.45251746458047293
2021-10-28 13:50:00,0.44072524407252445,0.043824701195219085,0.09694713328369309,0.026959471522942202,0.3798013375037626,0.04298440979955456,0.5,0.12396032583300154,0.6398664394681727,0.27085607269087014,0.5553305239084922,0.7421376288265478,0.3288697436516439
2021-10-28 14:00:00,0.44490934449093444,-0.0916334661354582,0.10379746835443027,0.03445813247634355,0.3816727958016516,0.009354120267260579,0.5,0.14290057810909995,0.6181944616056588,0.24893942178085834,0.625633586371385,0.7468602128482434,0.4246420326810206
2021-10-28 14:10:00,0.4372384937238493,0.043824701195219085,0.10588235294117632,0.039100160685591856,0.3710460535786732,0.008017817371937639,0.5,0.14290057810909995,0.6181944616056588,0.24893942178085834,0.625633586371385,0.7468602128482434,0.41915747544397003
2021-10-28 14:20:00,0.4093444909344491,-0.15537848605577698,0.11124348473566648,0.03945723977861104,0.3739383073117745,0.00824053452115813,0.5,0.14290057810909995,0.6181944616056588,0.24893942178085834,0.625633586371385,0.7468602128482434,0.3680386861203736
2021-10-28 14:30:00,0.5041841004184101,0.1633466135458166,0.11541325390915858,0.04017139796464919,0.37009069374828235,0.001893095768374165,0.5,0.14290057810909995,0.6181944616056588,0.24893942178085834,0.625633586371385,0.7468602128482434,0.5749883066523832
2021-10-28 14:40:00,0.41283124128312415,-0.0916334661354582,0.11779597915115403,0.04517050526691668,0.36963264451453326,0.0006681514476614699,0.5,0.14290057810909995,0.6181944616056588,0.24893942178085834,0.625633586371385,0.7468602128482434,0.3836021545935996
2021-10-28 14:50:00,0.4191073919107392,-0.08366533864541836,0.12256142963514494,0.05481164077843248,0.3741215270052741,0.00044543429844097997,0.5,0.14290057810909995,0.6181944616056588,0.24893942178085834,0.625633586371385,0.7468602128482434,0.3630143186927592
2021-10-28 15:00:00,0.39051603905160387,0.10756972111553775,0.12464631422189121,0.058739510801642636,0.37027391344178195,0.00022271714922048998,0.5,0.15388528471698049,0.6028470691681493,0.24426822353829922,0.6556177065832186,0.7524030652570051,0.3352294159361468
2021-10-28 15:10:00,0.3758716875871687,-0.12350597609561753,0.1276247207743857,0.06266738082485257,0.38032482234233295,0.00033407572383073496,0.5,0.15388528471698049,0.6028470691681493,0.24426822353829922,0.6556177065832186,0.7524030652570051,0.29415181737254253
2021-10-28 15:20:00,0.401673640167364,0.1394422310756971,0.13268801191362622,0.06766648812712006,0.3901663373074557,0.00022271714922048998,0.5,0.15388528471698049,0.6028470691681493,0.24426822353829922,0.6556177065832186,0.7524030652570051,0.33848846507838315
2021-10-28 15:30:00,0.37308228730822873,0.019920318725099362,0.13477289650037205,0.062310301731833606,0.3877713941709963,0.00033407572383073496,0.5,0.15388528471698049,0.6028470691681493,0.24426822353829922,0.6556177065832186,0.7524030652570051,0.30624500203690574
2021-10-28 15:40:00,0.3716875871687587,0.003984063745019917,0.13685778108711832,0.060167827173718935,0.38609624268757115,0.00022271714922048998,0.5,0.15388528471698049,0.6028470691681493,0.24426822353829922,0.6556177065832186,0.7524030652570051,0.2949213150866817
2021-10-28 15:50:00,0.3682008368200837,0.17928286852589648,0.14251675353685767,0.0658810926620248,0.38466974650246694,0.00022271714922048998,0.5,0.15388528471698049,0.6028470691681493,0.24426822353829922,0.6556177065832186,0.7524030652570051,0.30095659127600827
2021-10-28 16:00:00,0.42677824267782427,0.10756972111553775,0.14519731943410275,0.06945188359221577,0.3776157883027313,0.00044543429844097997,0.5,0.1778170936584771,0.5948558506007074,0.23362471414511368,0.6489325694521092,0.755515810402194,0.4061363670654979
2021-10-28 16:10:00,0.37935843793584384,-0.01195219123505975,0.14728220402084857,0.0687377254061774,0.37620237923859134,0.00022271714922048998,0.5,0.1778170936584771,0.5948558506007074,0.23362471414511368,0.6489325694521092,0.755515810402194,0.32684792612821945
2021-10-28 16:20:00,0.4246861924686192,-0.059760956175298974,0.1511541325390915,0.07123727905731125,0.37914698145554965,0.00033407572383073496,0.5,0.1778170936584771,0.5948558506007074,0.23362471414511368,0.6489325694521092,0.755515810402194,0.38446218145057864
2021-10-28 16:30:00,0.3647140864714087,0.11553784860557759,0.1511541325390915,0.07302267452240674,0.3723547656750991,0.00033407572383073496,0.5,0.1778170936584771,0.5948558506007074,0.23362471414511368,0.6489325694521092,0.755515810402194,0.2786487016612098
2021-10-28 16:40:00,0.35355648535564854,0.09163346613545809,0.15383469843633635,0.07266559542938755,0.37794296632683777,0.00033407572383073496,0.5,0.1778170936584771,0.5948558506007074,0.23362471414511368,0.6489325694521092,0.755515810402194,0.27084056309126847
2021-10-28 16:50:00,0.3270571827057183,0.11553784860557759,0.15711094564408024,0.07088019996429229,0.37190980356231435,0.00033407572383073496,0.5,0.1778170936584771,0.5948558506007074,0.23362471414511368,0.6489325694521092,0.755515810402194,0.22891048176592182
2021-10-28 17:00:00,0.3612273361227336,0.2669322709163344,0.15711094564408024,0.06945188359221577,0.3676041407650731,0.00033407572383073496,0.5,0.17929096668259836,0.6036142951147534,0.2429307149767607,0.6142654900668849,0.755319074877398,0.27827149689937686
2021-10-28 17:10:00,0.41422594142259417,0.01195219123505975,0.15711094564408024,0.06945188359221577,0.37488058002120117,0.00033407572383073496,0.5,0.17929096668259836,0.6036142951147534,0.2429307149767607,0.6142654900668849,0.755319074877398,0.3726179519290252
2021-10-28 17:20:00,0.33403068340306835,0.03585657370517925,0.15711094564408024,0.07373683270844489,0.372145371739671,0.00022271714922048998,0.5,0.17929096668259836,0.6036142951147534,0.2429307149767607,0.6142654900668849,0.755319074877398,0.22639075395687794
2021-10-28 17:30:00,0.3807531380753138,-0.09960159362549814,0.15711094564408024,0.07088019996429229,0.37878054206855033,0.00022271714922048998,0.5,0.17929096668259836,0.6036142951147534,0.2429307149767607,0.6142654900668849,0.755319074877398,0.2975994688956954
2021-10-28 17:40:00,0.37796373779637377,0.03585657370517925,0.15711094564408024,0.06980896268523495,0.36331156508879614,0.00022271714922048998,0.5,0.17929096668259836,0.6036142951147534,0.2429307149767607,0.6142654900668849,0.755319074877398,0.30475127118004736
2021-10-28 17:50:00,0.3765690376569038,-0.2589641434262948,0.1553239017125836,0.061596143545795234,0.3698682126918899,0.00033407572383073496,0.5,0.17929096668259836,0.6036142951147534,0.2429307149767607,0.6142654900668849,0.755319074877398,0.3033857899422122
2021-10-28 18:00:00,0.35355648535564854,-0.01195219123505975,0.15174981384959052,0.06266738082485257,0.36490819384643575,0.00022271714922048998,0.5,-0.009631171530603333,0.6178984905476058,0.3588819407430572,0.5211389007627533,0.710478057696993,0.2692713912820436
2021-10-28 18:10:00,0.38772663877266383,-0.31474103585657376,0.14936708860759484,0.058739510801642636,0.36301056130661813,0.00044543429844097997,0.5,-0.009631171530603333,0.6178984905476058,0.3588819407430572,0.5211389007627533,0.710478057696993,0.31339680432125777
2021-10-28 18:20:00,0.3319386331938633,-0.19521912350597614,0.14400595681310469,0.05338332440635596,0.3513368494064991,0.00044543429844097997,0.5,-0.009631171530603333,0.6178984905476058,0.3588819407430572,0.5211389007627533,0.710478057696993,0.2345383768124689
2021-10-28 18:30:00,0.397489539748954,-0.26693227091633476,0.13953834698436318,0.050883770755222324,0.3572914894452369,0.00033407572383073496,0.5,-0.009631171530603333,0.6178984905476058,0.3588819407430572,0.5211389007627533,0.710478057696993,0.3168067353682273
2021-10-28 18:40:00,0.3193863319386332,-0.23505976095617542,0.13477289650037205,0.04517050526691668,0.35091806153564276,0.00033407572383073496,0.5,-0.009631171530603333,0.6178984905476058,0.3588819407430572,0.5211389007627533,0.710478057696993,0.21287173529278636
2021-10-28 18:50:00,0.3158995815899582,0.24302788844621515,0.1285182427401339,0.034815211569362514,0.3460758267788669,0.00033407572383073496,0.5,-0.009631171530603333,0.6178984905476058,0.3588819407430572,0.5211389007627533,0.710478057696993,0.2057727416750909
2021-10-28 19:00:00,0.24058577405857742,0.17131474103585642,0.1243484735666418,0.024459917871808567,0.3460758267788669,0.00033407572383073496,0.5,-0.012139190447141623,0.629938478249001,0.35705492966444863,0.40719304196158324,0.6772748337197837,0.12418335169063176
2021-10-28 19:10:00,0.24267782426778242,0.043824701195219085,0.11928518242740127,0.016604177825388255,0.3460758267788669,0.00033407572383073496,0.5,-0.012139190447141623,0.629938478249001,0.35705492966444863,0.40719304196158324,0.6772748337197837,0.11678259426347
2021-10-28 19:20:00,0.2635983263598326,0.03585657370517925,0.11630677587490679,0.010533833244063429,0.3460758267788669,0.00033407572383073496,0.5,-0.012139190447141623,0.629938478249001,0.35705492966444863,0.40719304196158324,0.6772748337197837,0.13955067368770463
2021-10-28 19:30:00,0.29776847977684795,0.5776892430278884,0.11213700670141469,0.004106409569719638,0.3460758267788669,0.00033407572383073496,0.5,-0.012139190447141623,0.629938478249001,0.35705492966444863,0.40719304196158324,0.6772748337197837,0.16323158863557494
2021-10-28 19:40:00,0.29776847977684795,0.5139442231075697,0.10826507818317177,-0.0026780931976432276,0.3460758267788669,0.00033407572383073496,0.5,-0.012139190447141623,0.629938478249001,0.35705492966444863,0.40719304196158324,0.6772748337197837,0.17055690511037014
2021-10-28 19:50:00,0.31450488145048816,0.6573705179282865,0.10647803425167512,-0.008034279592929794,0.3460758267788669,0.00033407572383073496,0.5,-0.012139190447141623,0.629938478249001,0.35705492966444863,0.40719304196158324,0.6772748337197837,0.18252184015571013
2021-10-28 20:00:00,0.3242677824267783,0.6573705179282865,0.10409530900967967,-0.014461703267273585,0.3460758267788669,0.00033407572383073496,0.5,-0.03416557073973492,0.6339700063504469,0.3638151369649601,0.32292104986834075,0.6809419574708055,0.1897264511067188
2021-10-28 20:10:00,0.28172942817294283,0.08366533864541825,0.10201042442293362,-0.01696125691840733,0.3574747091387365,0.00033407572383073496,0.5,-0.03416557073973492,0.6339700063504469,0.3638151369649601,0.32292104986834075,0.6809419574708055,0.1439866016868597
2021-10-28 20:20:00,0.2705718270571827,-0.2509960159362551,0.10320178704393146,-0.01696125691840733,0.3599612621219458,0.00033407572383073496,0.5,-0.03416557073973492,0.6339700063504469,0.3638151369649601,0.32292104986834075,0.6809419574708055,0.13540896540277925
2021-10-28 20:30:00,0.24546722454672246,-0.019920318725099695,0.10230826507818302,-0.01696125691840733,0.3599612621219458,0.00033407572383073496,0.5,-0.03416557073973492,0.6339700063504469,0.3638151369649601,0.32292104986834075,0.6809419574708055,0.11342547188315705
2021-10-28 20:40:00,0.19525801952580193,0.19521912350597592,0.1005212211466866,-0.01696125691840733,0.3599612621219458,0.00022271714922048998,0.5,-0.03416557073973492,0.6339700063504469,0.3638151369649601,0.32292104986834075,0.6809419574708055,0.06997902741524209
2021-10-28 20:50:00,0.11576011157601115,0.3227091633466135,0.09635145197319428,-0.013390465988216249,0.3599612621219458,0.00022271714922048998,0.5,-0.03416557073973492,0.6339700063504469,0.3638151369649601,0.32292104986834075,0.6809419574708055,0.02525763085233188
2021-10-28 21:00:00,0.12761506276150628,0.298804780876494,0.09337304542069957,-0.008034279592929794,0.3599612621219458,0.00022271714922048998,0.5,-0.05588253442122226,0.6345964305315718,0.37772880216324606,0.23979589366471527,0.7138708115722834,0.030719555803672464
2021-10-28 21:10:00,0.13319386331938632,0.5059760956175297,0.09158600148920315,-0.0033922513836815993,0.37173967098977895,0.00022271714922048998,0.5,-0.05588253442122226,0.6345964305315718,0.37772880216324606,0.23979589366471527,0.7138708115722834,0.03686799342154895
2021-10-28 21:20:00,0.12552301255230125,0.2589641434262948,0.09158600148920315,-0.00981967505802539,0.3764772087788408,0.00022271714922048998,0.5,-0.05588253442122226,0.6345964305315718,0.37772880216324606,0.23979589366471527,0.7138708115722834,0.03326945999366296
2021-10-28 21:30:00,0.11297071129707113,0.3227091633466135,0.09009679821295591,-0.00981967505802539,0.3764772087788408,0.00022271714922048998,0.5,-0.05588253442122226,0.6345964305315718,0.37772880216324606,0.23979589366471527,0.7138708115722834,0.022843520376601235
2021-10-28 21:40:00,0.11018131101813111,0.346613545816733,0.08592702903946359,-0.00981967505802539,0.3764772087788408,0.00022271714922048998,0.5,-0.05588253442122226,0.6345964305315718,0.37772880216324606,0.23979589366471527,0.7138708115722834,0.018083196282269867
2021-10-28 21:50:00,0.1290097629009763,0.5458167330677288,0.0856291883842144,-0.008748437778968055,0.3764772087788408,0.00022271714922048998,0.5,-0.05588253442122226,0.6345964305315718,0.37772880216324606,0.23979589366471527,0.7138708115722834,0.030712011708435807
2021-10-28 22:00:00,0.11297071129707113,0.7689243027888444,0.08473566641846597,-0.00981967505802539,0.3764772087788408,0.00033407572383073496,0.5,-0.12800368751757296,0.6344383877335813,0.4501742869907605,0.17625535767330056,0.7962221604708745,0.01797757894895665
2021-10-28 22:10:00,0.10669456066945607,0.20318725099601576,0.0826507818317197,-0.00981967505802539,0.3907290835089189,0.00044543429844097997,0.5,-0.12800368751757296,0.6344383877335813,0.4501742869907605,0.17625535767330056,0.7962221604708745,0.006088084855983222
2021-10-28 22:20:00,0.08228730822873082,0.17928286852589648,0.07788533134772879,-0.01053383324406354,0.39291463270995014,0.0006681514476614699,0.5,-0.12800368751757296,0.6344383877335813,0.4501742869907605,0.17625535767330056,0.7962221604708745,0.0
2021-10-28 22:30:00,0.0808926080892608,0.3207682092144244,0.07669396872673095,-0.029816104267095023,0.39291463270995014,0.5409799554565702,0.5,-0.12800368751757296,0.6344383877335813,0.4501742869907605,0.17625535767330056,0.7962221604708745,0.0
2021-10-28 22:40:00,0.08647140864714087,0.46225354990295187,0.0784810126582276,-0.01624709873236929,0.39291463270995014,0.9995545657015591,0.5,-0.12800368751757296,0.6344383877335813,0.4501742869907605,0.17625535767330056,0.7962221604708745,0.0
2021-10-28 22:50:00,0.09623430962343095,0.6037388905914802,0.07669396872673095,0.008034279592929794,0.39291463270995014,0.9995545657015591,0.5,-0.12800368751757296,0.6344383877335813,0.4501742869907605,0.17625535767330056,0.7962221604708745,0.0
2021-10-28 23:00:00,0.09623430962343095,0.7452242312800079,0.07669396872673095,0.011605070523120764,0.39291463270995014,0.9995545657015591,0.5,-0.16149522567200647,0.6278436927992848,0.5090658782886232,0.1932740149668818,0.9401755411405317,0.0
2021-10-28 23:10:00,0.10739191073919108,0.70946981305547,0.07669396872673095,0.011605070523120764,0.39291463270995014,0.9995545657015591,0.5,-0.16149522567200647,0.6278436927992848,0.5090658782886232,0.1932740149668818,0.9401755411405317,0.0
2021-10-28 23:20:00,0.11576011157601115,0.6737153948309322,0.0784810126582276,0.007320121406891644,0.39291463270995014,0.9995545657015591,0.5,-0.16149522567200647,0.6278436927992848,0.5090658782886232,0.1932740149668818,0.9401755411405317,0.0
2021-10-28 23:30:00,0.13458856345885634,0.6379609766063947,0.07669396872673095,0.0001785395465094819,0.39291463270995014,0.9995545657015591,0.5,-0.16149522567200647,0.6278436927992848,0.5090658782886232,0.1932740149668818,0.9401755411405317,0.0
2021-10-28 23:40:00,0.12691771269177127,0.602206558381857,0.07669396872673095,-0.0048205677557580096,0.39291463270995014,0.9995545657015591,0.5,-0.16149522567200647,0.6278436927992848,0.5090658782886232,0.1932740149668818,0.9401755411405317,0.0
2021-10-28 23:50:00,0.12552301255230125,0.5664521401573193,0.07669396872673095,-0.00981967505802539,0.39291463270995014,0.9995545657015591,0.5,-0.16149522567200647,0.6278436927992848,0.5090658782886232,0.1932740149668818,0.9401755411405317,0.0
2021-10-29 00:00:00,0.1384239888423989,0.5306977219327815,0.07669396872673095,-0.013211926441706878,0.39291463270995014,0.9995545657015591,0.5,-0.18730804880090646,0.6201168367302978,0.5616034479238436,0.2797462239782142,0.020775484601770467,0.0
2021-10-29 00:10:00,0.15132496513249652,0.4949433037082438,0.07669396872673095,-0.016604177825388367,0.39291463270995014,0.9995545657015591,0.5,-0.18730804880090646,0.6201168367302978,0.5616034479238436,0.2797462239782142,0.020775484601770467,0.0
2021-10-29 00:20:00,0.14365411436541145,0.45918888548370607,0.07669396872673095,-0.01696125691840733,0.39291463270995014,0.9995545657015591,0.5,-0.18730804880090646,0.6201168367302978,0.5616034479238436,0.2797462239782142,0.020775484601770467,0.0
2021-10-29 00:30:00,0.13389121338912133,0.42343446725916833,0.07877885331347723,-0.01981788966256015,0.39291463270995014,0.9995545657015591,0.5,-0.18730804880090646,0.6201168367302978,0.5616034479238436,0.2797462239782142,0.020775484601770467,0.0
2021-10-29 00:40:00,0.11366806136680613,0.3876800490346306,0.07669396872673095,-0.02053204784859841,0.39291463270995014,0.9995545657015591,0.5,-0.18730804880090646,0.6201168367302978,0.5616034479238436,0.2797462239782142,0.020775484601770467,0.0
2021-10-29 00:50:00,0.11854951185495119,0.35192563081009265,0.07669396872673095,-0.024459917871808567,0.39291463270995014,0.9995545657015591,0.5,-0.18730804880090646,0.6201168367302978,0.5616034479238436,0.2797462239782142,0.020775484601770467,0.0
2021-10-29 01:00:00,0.09902370990237098,0.3161712125855549,0.07669396872673095,-0.027673629708980574,0.39291463270995014,0.9995545657015591,0.5,-0.27003118180335495,0.6059676960520916,0.6650248042085042,0.34701812860323966,0.05563351101834075,0.0
2021-10-29 01:10:00,0.11436541143654114,0.2804167943610172,0.07192851824273983,-0.031244420639171433,0.39291463270995014,0.9995545657015591,0.5,-0.27003118180335495,0.6059676960520916,0.6650248042085042,0.34701812860323966,0.05563351101834075,0.0
2021-10-29 01:20:00,0.11297071129707113,0.24466237613647945,0.06686522710349951,-0.031958578825209805,0.39291463270995014,0.9995545657015591,0.5,-0.27003118180335495,0.6059676960520916,0.6650248042085042,0.34701812860323966,0.05563351101834075,0.0
2021-10-29 01:30:00,0.11854951185495119,0.20890795791194172,0.06299329858525682,-0.036243527941438924,0.39291463270995014,0.9995545657015591,0.5,-0.27003118180335495,0.6059676960520916,0.6650248042085042,0.34701812860323966,0.05563351101834075,0.0
2021-10-29 01:40:00,0.12761506276150628,0.173153539687404,0.0588235294117645,-0.038386002499553595,0.39291463270995014,0.9995545657015591,0.5,-0.27003118180335495,0.6059676960520916,0.6650248042085042,0.34701812860323966,0.05563351101834075,0.0
2021-10-29 01:50:00,0.1199442119944212,0.13739912146286626,0.0588235294117645,-0.041242635243706416,0.39291463270995014,0.9995545657015591,0.5,-0.27003118180335495,0.6059676960520916,0.6650248042085042,0.34701812860323966,0.05563351101834075,0.0
2021-10-29 02:00:00,0.10181311018131102,0.10164470323832853,0.05644080416976904,-0.041956793429744677,0.39291463270995014,0.9995545657015591,0.5,-0.2971712911281117,0.592013953742311,0.7392851259587623,0.3563467355238877,0.06857150766647266,0.0
2021-10-29 02:10:00,0.10739191073919108,0.0658902850137908,0.055845122859270235,-0.04374218889484016,0.39291463270995014,0.9995545657015591,0.5,-0.2971712911281117,0.592013953742311,0.7392851259587623,0.3563467355238877,0.06857150766647266,0.0
2021-10-29 02:20:00,0.10251046025104603,0.030135866789253063,0.0546537602382724,-0.04909837529012662,0.39291463270995014,0.9995545657015591,0.5,-0.2971712911281117,0.592013953742311,0.7392851259587623,0.3563467355238877,0.06857150766647266,0.0
2021-10-29 02:30:00,0.1290097629009763,-0.005618551435284669,0.05018615040953067,-0.05016961256918395,0.39291463270995014,0.9995545657015591,0.5,-0.2971712911281117,0.592013953742311,0.7392851259587623,0.3563467355238877,0.06857150766647266,0.0
2021-10-29 02:40:00,0.1087866108786611,-0.0413729696598224,0.05018615040953067,-0.0526691662203177,0.39291463270995014,0.9995545657015591,0.5,-0.2971712911281117,0.592013953742311,0.7392851259587623,0.3563467355238877,0.06857150766647266,0.0
2021-10-29 02:50:00,0.12412831241283125,-0.07712738788436024,0.04988830975428127,-0.05623995715050878,0.39291463270995014,0.9995545657015591,0.5,-0.2971712911281117,0.592013953742311,0.7392851259587623,0.3563467355238877,0.06857150766647266,0.0
2021-10-29 03:00:00,0.11715481171548117,-0.11288180610889798,0.04988830975428127,-0.060167827173718935,0.39291463270995014,0.9995545657015591,0.5,-0.31673854813334434,0.5895542331045085,0.8017537632408213,0.3628196938665491,0.08397291646992353,0.0
2021-10-29 03:10:00,0.10739191073919108,-0.1486362243334356,0.04988830975428127,-0.06338153901089094,0.39291463270995014,0.9995545657015591,0.5,-0.31673854813334434,0.5895542331045085,0.8017537632408213,0.3628196938665491,0.08397291646992353,0.0
2021-10-29 03:20:00,0.10529986052998605,-0.18439064255797333,0.04988830975428127,-0.06338153901089094,0.39291463270995014,0.9995545657015591,0.5,-0.31673854813334434,0.5895542331045085,0.8017537632408213,0.3628196938665491,0.08397291646992353,0.0
2021-10-29 03:30:00,0.10181311018131102,-0.22014506078251106,0.04988830975428127,-0.06409569719692909,0.39291463270995014,0.9995545657015591,0.5,-0.31673854813334434,0.5895542331045085,0.8017537632408213,0.3628196938665491,0.08397291646992353,0.0
2021-10-29 03:40:00,0.1206415620641562,-0.2558994790070489,0.04869694713328343,-0.06945188359221555,0.39291463270995014,0.9995545657015591,0.5,-0.31673854813334434,0.5895542331045085,0.8017537632408213,0.3628196938665491,0.08397291646992353,0.0
2021-10-29 03:50:00,0.12691771269177127,-0.29165389723158663,0.04690990320178701,-0.07445099089448304,0.39291463270995014,0.9995545657015591,0.5,-0.31673854813334434,0.5895542331045085,0.8017537632408213,0.3628196938665491,0.08397291646992353,0.0
2021-10-29 04:00:00,0.10808926080892609,-0.32740831545612437,0.04690990320178701,-0.07766470273165504,0.39291463270995014,0.9995545657015591,0.5,-0.364284611251398,0.5755487676972019,0.885370431029793,0.3688960770438743,0.09214969212081607,0.0
2021-10-29 04:10:00,0.07880055788005579,-0.3631627336806621,0.04393149664929252,-0.07766470273165504,0.39291463270995014,0.9995545657015591,0.5,-0.364284611251398,0.5755487676972019,0.885370431029793,0.3688960770438743,0.09214969212081607,0.0
2021-10-29 04:20:00,0.045327754532775454,-0.39891715190519994,0.040655249441548635,-0.07873594001071249,0.39291463270995014,0.9995545657015591,0.5,-0.364284611251398,0.5755487676972019,0.885370431029793,0.3688960770438743,0.09214969212081607,0.0
2021-10-29 04:30:00,0.04393305439330544,-0.43467157012973767,0.0352941176470587,-0.08123549366184613,0.39291463270995014,0.9995545657015591,0.5,-0.364284611251398,0.5755487676972019,0.885370431029793,0.3688960770438743,0.09214969212081607,0.0
2021-10-29 04:40:00,0.024407252440725242,-0.4704259883542753,0.03320923306031265,-0.08409212640599895,0.39291463270995014,0.9995545657015591,0.5,-0.364284611251398,0.5755487676972019,0.885370431029793,0.3688960770438743,0.09214969212081607,0.0
2021-10-29 04:50:00,0.028591352859135284,-0.506180406578813,0.026656738644824873,-0.08837707552222807,0.39291463270995014,0.9995545657015591,0.5,-0.364284611251398,0.5755487676972019,0.885370431029793,0.3688960770438743,0.09214969212081607,0.0
2021-10-29 05:00:00,0.03695955369595537,-0.5419348248033509,0.024869694713328228,-0.0894483128012854,0.39291463270995014,0.9995545657015591,0.5,-0.3757497357601487,0.5624915590778343,0.9118402162332985,0.3783543924769372,0.09485919346185792,0.0
2021-10-29 05:10:00,0.018131101813110184,-0.5776892430278885,0.020402084884586502,-0.09194786645241915,0.39291463270995014,0.9995545657015591,0.5,-0.3757497357601487,0.5624915590778343,0.9118402162332985,0.3783543924769372,0.09485919346185792,0.0
2021-10-29 05:20:00,0.02580195258019526,-0.5637787831723953,0.015040953090096565,-0.09730405284770571,0.39291463270995014,0.9995545657015591,0.5,-0.3757497357601487,0.5624915590778343,0.9118402162332985,0.3783543924769372,0.09485919346185792,0.0
2021-10-29 05:30:00,0.05299860529986053,-0.5498683233169019,0.0117647058823529,-0.10051776468487772,0.39291463270995014,0.9995545657015591,0.5,-0.3757497357601487,0.5624915590778343,0.9118402162332985,0.3783543924769372,0.09485919346185792,0.0
2021-10-29 05:40:00,0.07252440725244073,-0.5359578634614086,0.012658227848101111,-0.10266023924299217,0.39291463270995014,0.9995545657015591,0.5,-0.3757497357601487,0.5624915590778343,0.9118402162332985,0.3783543924769372,0.09485919346185792,0.0
2021-10-29 05:50:00,0.10529986052998605,-0.5220474036059153,0.014147431124348353,-0.10551687198714521,0.39291463270995014,0.9995545657015591,0.5,-0.3757497357601487,0.5624915590778343,0.9118402162332985,0.3783543924769372,0.09485919346185792,0.0
2021-10-29 06:00:00,0.11227336122733612,-0.5081369437504221,0.015338793745345969,-0.10980182110337433,0.39291463270995014,0.9995545657015591,0.5,-0.42756265961537887,0.5651208165353018,0.9800049635047975,0.43142178202402776,0.09249294060406461,0.0
2021-10-29 06:10:00,0.09762900976290097,-0.49422648389492885,0.015040953090096565,-0.11337261203356541,0.39291463270995014,0.9995545657015591,0.5,-0.42756265961537887,0.5651208165353018,0.9800049635047975,0.43142178202402776,0.09249294060406461,0.0
2021-10-29 06:20:00,0.11227336122733612,-0.4803160240394355,0.009977661950856032,-0.11872879842885198,0.39291463270995014,0.9995545657015591,0.5,-0.42756265961537887,0.5651208165353018,0.9800049635047975,0.43142178202402776,0.09249294060406461,0.0
2021-10-29 06:30:00,0.14295676429567641,-0.4664055641839422,0.008190618019359386,-0.12194251026602376,0.39291463270995014,0.9995545657015591,0.5,-0.42756265961537887,0.5651208165353018,0.9800049635047975,0.43142178202402776,0.09249294060406461,0.0
2021-10-29 06:40:00,0.15760111576011157,-0.45249510432844897,0.010573343261355062,-0.1280128548473486,0.39291463270995014,0.9995545657015591,0.5,-0.42756265961537887,0.5651208165353018,0.9800049635047975,0.43142178202402776,0.09249294060406461,0.0
2021-10-29 06:50:00,0.11506276150627615,-0.43858464447295564,0.016232315711094403,-0.1312265666845207,0.39291463270995014,0.9995545657015591,0.5,-0.42756265961537887,0.5651208165353018,0.9800049635047975,0.43142178202402776,0.09249294060406461,0.0
2021-10-29 07:00:00,0.0899581589958159,-0.4246741846174623,0.016827997021593433,-0.1312265666845207,0.39291463270995014,0.9995545657015591,0.5,-0.4307790981524724,0.5857985615231877,0.9761203932708876,0.4179261478793845,0.11415205338670696,0.0
2021-10-29 07:10:00,0.09274755927475593,-0.4107637247619691,0.014147431124348353,-0.12587038028923414,0.39291463270995014,0.9995545657015591,0.5,-0.4307790981524724,0.5857985615231877,0.9761203932708876,0.4179261478793845,0.11415205338670696,0.0
2021-10-29 07:20:00,0.11924686192468618,-0.3968532649064759,0.014147431124348353,-0.1312265666845207,0.39291463270995014,0.9995545657015591,0.5,-0.4307790981524724,0.5857985615231877,0.9761203932708876,0.4179261478793845,0.11415205338670696,0.0
2021-10-29 07:30:00,0.11087866108786612,-0.38294280505098255,0.017125837676842837,-0.13194072487055875,0.39291463270995014,0.9995545657015591,0.5,-0.4307790981524724,0.5857985615231877,0.9761203932708876,0.4179261478793845,0.11415205338670696,0.0
2021-10-29 07:40:00,0.11436541143654114,-0.3690323451954892,0.015636634400595373,-0.1358685948937688,0.39291463270995014,0.9995545657015591,0.5,-0.4307790981524724,0.5857985615231877,0.9761203932708876,0.4179261478793845,0.11415205338670696,0.0
2021-10-29 07:50:00,0.09902370990237098,-0.3551218853399959,0.011169024571854091,-0.14193893947509362,0.39291463270995014,0.9995545657015591,0.5,-0.4307790981524724,0.5857985615231877,0.9761203932708876,0.4179261478793845,0.11415205338670696,0.0
2021-10-29 08:00:00,0.10251046025104603,-0.3412114254845028,0.008786299329858416,-0.14193893947509362,0.39291463270995014,0.9995545657015591,0.5,-0.43095720365029555,0.5914306321424585,0.9207898693776483,0.4010864263129737,0.11999401571751976,0.0
2021-10-29 08:10:00,0.099721059972106,-0.32730096562900934,0.00908413998510782,-0.14443849312622736,0.39291463270995014,0.9995545657015591,0.5,-0.43095720365029555,0.5914306321424585,0.9207898693776483,0.4010864263129737,0.11999401571751976,0.0
2021-10-29 08:20:00,0.09623430962343095,-0.3133905057735161,0.00908413998510782,-0.1487234422424566,0.39291463270995014,0.9995545657015591,0.5,-0.43095720365029555,0.5914306321424585,0.9207898693776483,0.4010864263129737,0.11999401571751976,0.0
2021-10-29 08:30:00,0.08437935843793584,-0.2994800459180228,0.010275502606105658,-0.1490805213354759,0.39291463270995014,0.9995545657015591,0.5,-0.43095720365029555,0.5914306321424585,0.9207898693776483,0.4010864263129737,0.11999401571751976,0.0
2021-10-29 08:40:00,0.11785216178521618,-0.2855695860625296,0.014147431124348353,-0.1455097304052847,0.39291463270995014,0.9995545657015591,0.5,-0.43095720365029555,0.5914306321424585,0.9207898693776483,0.4010864263129737,0.11999401571751976,0.0
2021-10-29 08:50:00,0.11297071129707113,-0.27165912620703636,0.014147431124348353,-0.1422960185681127,0.39291463270995014,0.9995545657015591,0.5,-0.43095720365029555,0.5914306321424585,0.9207898693776483,0.4010864263129737,0.11999401571751976,0.0
2021-10-29 09:00:00,0.11436541143654114,-0.2577486663515429,0.017721518987341645,-0.1358685948937688,0.39291463270995014,0.9995545657015591,0.5,-0.3851445339456072,0.6059619490412544,0.8527649980844727,0.3785963245736976,0.11970898250780887,0.0
2021-10-29 09:10:00,0.12622036262203626,-0.24383820649604981,0.023976172747579794,-0.1297982503124443,0.39291463270995014,0.9995545657015591,0.5,-0.3851445339456072,0.6059619490412544,0.8527649980844727,0.3785963245736976,0.11970898250780887,0.0
2021-10-29 09:20:00,0.11366806136680613,-0.22992774664055637,0.02844378257632152,-0.12122835207998572,0.39291463270995014,0.9995545657015591,0.5,-0.3851445339456072,0.6059619490412544,0.8527649980844727,0.3785963245736976,0.11970898250780887,0.0
2021-10-29 09:30:00,0.1387726638772664,-0.21601728678506327,0.0355919583023081,-0.11265845384752715,0.39291463270995014,0.9995545657015591,0.5,-0.3851445339456072,0.6059619490412544,0.8527649980844727,0.3785963245736976,0.11970898250780887,0.0
2021-10-29 09:40:00,0.13389121338912133,-0.20210682692956983,0.04363365599404312,-0.10551687198714521,0.39291463270995014,0.9995545657015591,0.5,-0.3851445339456072,0.6059619490412544,0.8527649980844727,0.3785963245736976,0.11970898250780887,0.0
2021-10-29 09:50:00,0.1094839609483961,-0.1881963670740766,0.04810126582278462,-0.09730405284770571,0.39291463270995014,0.9995545657015591,0.5,-0.3851445339456072,0.6059619490412544,0.8527649980844727,0.3785963245736976,0.11970898250780887,0.0
2021-10-29 10:00:00,0.08647140864714087,-0.17428590721858328,0.05822784810126569,-0.08337796821996057,0.39291463270995014,0.9995545657015591,0.5,-0.023775282892566807,0.6207576284385095,0.4549780059924746,0.30815819239759096,0.14284286925271678,0.0
2021-10-29 10:10:00,0.09205020920502092,-0.16037544736308995,0.06716306775874892,-0.06373861810391002,0.39291463270995014,0.9995545657015591,0.5,-0.023775282892566807,0.6207576284385095,0.4549780059924746,0.30815819239759096,0.14284286925271678,0.0
2021-10-29 10:20:00,0.0899581589958159,-0.14646498750759684,0.07550260610573334,-0.04588466345295483,0.39291463270995014,0.9995545657015591,0.5,-0.023775282892566807,0.6207576284385095,0.4549780059924746,0.30815819239759096,0.14284286925271678,0.0
2021-10-29 10:30:00,0.061366806136680614,-0.1325545276521034,0.07728965003722998,-0.02945902517407606,0.39291463270995014,0.9995545657015591,0.5,-0.023775282892566807,0.6207576284385095,0.4549780059924746,0.30815819239759096,0.14284286925271678,0.0
2021-10-29 10:40:00,0.06903765690376569,-0.1186440677966103,0.08056589724497387,-0.01410462417425462,0.39291463270995014,0.9995545657015591,0.5,-0.023775282892566807,0.6207576284385095,0.4549780059924746,0.30815819239759096,0.14284286925271678,0.0
2021-10-29 10:50:00,0.08368200836820083,-0.10473360794111686,0.09128816083395375,0.002321014104624153,0.39291463270995014,0.9995545657015591,0.5,-0.023775282892566807,0.6207576284385095,0.4549780059924746,0.30815819239759096,0.14284286925271678,0.0
2021-10-29 11:00:00,0.099721059972106,-0.09082314808562364,0.1046909903201787,0.01696125691840744,0.39291463270995014,0.9995545657015591,0.5,0.03563490774368683,0.6078900711767306,0.3632878438390592,0.2816367298410456,0.2050832630754855,0.0
2021-10-29 11:10:00,0.13389121338912133,-0.07691268823013031,0.11660461653015619,0.02945902517407606,0.39291463270995014,0.9995545657015591,0.5,0.03563490774368683,0.6078900711767306,0.3632878438390592,0.2816367298410456,0.2050832630754855,0.0
2021-10-29 11:20:00,0.15690376569037656,-0.06300222837463709,0.12643335815338785,0.038386002499553706,0.39291463270995014,0.9995545657015591,0.5,0.03563490774368683,0.6078900711767306,0.3632878438390592,0.2816367298410456,0.2050832630754855,0.0
2021-10-29 11:30:00,0.14086471408647142,-0.049091768519143764,0.1320923306031272,0.04374218889484016,0.39291463270995014,0.9995545657015591,0.5,0.03563490774368683,0.6078900711767306,0.3632878438390592,0.2816367298410456,0.2050832630754855,0.0
2021-10-29 11:40:00,0.12133891213389121,-0.035181308663650435,0.13536857781087108,0.05124084984824129,0.39291463270995014,0.9995545657015591,0.5,0.03563490774368683,0.6078900711767306,0.3632878438390592,0.2816367298410456,0.2050832630754855,0.0
2021-10-29 11:50:00,0.11645746164574616,-0.021270848808157217,0.14102755026061065,0.06195322263881464,0.39291463270995014,0.9995545657015591,0.5,0.03563490774368683,0.6078900711767306,0.3632878438390592,0.2816367298410456,0.2050832630754855,0.0
2021-10-29 12:00:00,0.11366806136680613,-0.007360388952663888,0.14728220402084857,0.07159435815033022,0.39291463270995014,0.9995545657015591,0.5,0.0574984249003494,0.606887217785849,0.3252943324105069,0.2630045680864507,0.26815693107937627,0.0
2021-10-29 12:10:00,0.11715481171548117,0.006550070902829219,0.15830230826507807,0.08337796821996091,0.39291463270995014,0.9995545657015591,0.5,0.0574984249003494,0.606887217785849,0.3252943324105069,0.2630045680864507,0.26815693107937627,0.0
2021-10-29 12:20:00,0.12691771269177127,0.02046053075832277,0.16842889054355892,0.09658989466166767,0.39291463270995014,0.9995545657015591,0.5,0.0574984249003494,0.606887217785849,0.3252943324105069,0.2630045680864507,0.26815693107937627,0.0
2021-10-29 12:30:00,0.11785216178521618,0.03437099061381588,0.1746835443037973,0.10801642563827896,0.39291463270995014,0.9995545657015591,0.5,0.0574984249003494,0.606887217785849,0.3252943324105069,0.2630045680864507,0.26815693107937627,0.0
2021-10-29 12:40:00,0.08507670850767085,0.048281450469309206,0.18183172002978387,0.12087127298696676,0.39291463270995014,0.9995545657015591,0.5,0.0574984249003494,0.606887217785849,0.3252943324105069,0.2630045680864507,0.26815693107937627,0.0
2021-10-29 12:50:00,0.07531380753138076,0.062191910324802535,0.1904690990320177,0.135868594893769,0.39291463270995014,0.9995545657015591,0.5,0.0574984249003494,0.606887217785849,0.3252943324105069,0.2630045680864507,0.26815693107937627,0.0
2021-10-29 13:00:00,0.08716875871687588,0.07610237018029564,0.19761727475800428,0.14836636314943763,0.39291463270995014,0.9995545657015591,0.5,0.18980336019035282,0.5858617786423839,0.2176073294505385,0.20857028027428562,0.2792798629504468,0.0
2021-10-29 13:10:00,0.04393305439330544,0.0900128300357892,0.2068503350707369,0.1597928941260489,0.39291463270995014,0.9995545657015591,0.5,0.18980336019035282,0.5858617786423839,0.2176073294505385,0.20857028027428562,0.2792798629504468,0.0
2021-10-29 13:20:00,0.07670850767085077,0.1039232898912823,0.21489203276247193,0.17193358328869857,0.39291463270995014,0.9995545657015591,0.5,0.18980336019035282,0.5858617786423839,0.2176073294505385,0.20857028027428562,0.2792798629504468,0.0
2021-10-29 13:30:00,0.055090655509065556,0.11783374974677563,0.21906180193596425,0.18193179789323355,0.39291463270995014,0.9995545657015591,0.5,0.18980336019035282,0.5858617786423839,0.2176073294505385,0.20857028027428562,0.2792798629504468,0.0
2021-10-29 13:40:00,0.06345885634588563,0.13174420960226874,0.22740134028294823,0.19085877521871097,0.39291463270995014,0.9995545657015591,0.5,0.18980336019035282,0.5858617786423839,0.2176073294505385,0.20857028027428562,0.2792798629504468,0.0
2021-10-29 13:50:00,0.07322175732217574,0.1456546694577623,0.2333581533879372,0.20121406891626492,0.39291463270995014,0.9995545657015591,0.5,0.18980336019035282,0.5858617786423839,0.2176073294505385,0.20857028027428562,0.2792798629504468,0.0
2021-10-29 14:00:00,0.08786610878661089,0.15956512931325562,0.23871928518242735,0.20549901803249426,0.39291463270995014,0.9995545657015591,0.5,0.19318262851028756,0.5683678776576322,0.2078276778672705,0.13153637034092536,0.2523086592531532,0.0
2021-10-29 14:10:00,0.07182705718270573,0.17347558916874872,0.24199553239017124,0.2115693626138191,0.39291463270995014,0.9995545657015591,0.5,0.19318262851028756,0.5683678776576322,0.2078276778672705,0.13153637034092536,0.2523086592531532,0.0
2021-10-29 14:20:00,0.045327754532775454,0.18738604902424205,0.24527177959791513,0.21549723263702902,0.39291463270995014,0.9995545657015591,0.5,0.19318262851028756,0.5683678776576322,0.2078276778672705,0.13153637034092536,0.2523086592531532,0.0
2021-10-29 14:30:00,0.042538354253835425,0.20129650887973516,0.2518242740134027,0.22192465631137304,0.39291463270995014,0.9995545657015591,0.5,0.19318262851028756,0.5683678776576322,0.2078276778672705,0.13153637034092536,0.2523086592531532,0.0
2021-10-29 14:40:00,0.061366806136680614,0.2152069687352287,0.2571854058078924,0.2258525263345832,0.39291463270995014,0.9995545657015591,0.5,0.19318262851028756,0.5683678776576322,0.2078276778672705,0.13153637034092536,0.2523086592531532,0.0
2021-10-29 14:50:00,0.0697350069735007,0.22911742859072182,0.2613551749813847,0.2258525263345832,0.39291463270995014,0.9995545657015591,0.5,0.19318262851028756,0.5683678776576322,0.2078276778672705,0.13153637034092536,0.2523086592531532,0.0
2021-10-29 15:00:00,0.044630404463040445,0.24302788844621515,0.2637379002233804,0.2287091590787358,0.39291463270995014,0.9995545657015591,0.5,0.19410277354286176,0.5524630251690353,0.19671381488967743,0.06854313791235007,0.14911468162164462,0.0
2021-10-29 15:10:00,0.08716875871687588,0.09163346613545809,0.2679076693968725,0.23299410819496535,0.39291463270995014,0.9995545657015591,0.5,0.19410277354286176,0.5524630251690353,0.19671381488967743,0.06854313791235007,0.14911468162164462,0.0
2021-10-29 15:20:00,0.0502092050209205,-0.059760956175298974,0.2676098287416231,0.2287091590787358,0.39291463270995014,0.9995545657015591,0.5,0.19410277354286176,0.5524630251690353,0.19671381488967743,0.06854313791235007,0.14911468162164462,0.0
2021-10-29 15:30:00,0.06764295676429567,-0.06772908366533881,0.270886075949367,0.22478128905552563,0.39291463270995014,0.9995545657015591,0.5,0.19410277354286176,0.5524630251690353,0.19671381488967743,0.06854313791235007,0.14911468162164462,0.0
2021-10-29 15:40:00,0.07043235704323571,-0.07569721115537853,0.2753536857781087,0.222281735404392,0.39291463270995014,0.9995545657015591,0.5,0.19410277354286176,0.5524630251690353,0.19671381488967743,0.06854313791235007,0.14911468162164462,0.0
2021-10-29 15:50:00,0.056485355648535567,-0.6414342629482073,0.270886075949367,0.21728262810212473,0.39291463270995014,0.9995545657015591,0.5,0.19410277354286176,0.5524630251690353,0.19671381488967743,0.06854313791235007,0.14911468162164462,0.0
2021-10-29 16:00:00,0.048117154811715475,-0.6309760956175299,0.2747580044676097,0.21514015354401006,0.39291463270995014,0.9995545657015591,0.5,0.22769200289638203,0.5469976178640087,0.16137642527978685,0.05602173792219332,0.010034801645931155,0.0
2021-10-29 16:10:00,0.05718270571827057,-0.6205179282868526,0.27773641102010416,0.21514015354401006,0.39291463270995014,0.9995545657015591,0.5,0.22769200289638203,0.5469976178640087,0.16137642527978685,0.05602173792219332,0.010034801645931155,0.0
2021-10-29 16:20:00,0.05090655509065551,-0.6100597609561753,0.2789277736411018,0.21514015354401006,0.39291463270995014,0.9995545657015591,0.5,0.22769200289638203,0.5469976178640087,0.16137642527978685,0.05602173792219332,0.010034801645931155,0.0
2021-10-29 16:30:00,0.03695955369595537,-0.5996015936254979,0.2789277736411018,0.2115693626138191,0.39291463270995014,0.9995545657015591,0.5,0.22769200289638203,0.5469976178640087,0.16137642527978685,0.05602173792219332,0.010034801645931155,0.0
2021-10-29 16:40:00,0.03695955369595537,-0.5891434262948207,0.2789277736411018,0.21049812533476153,0.39291463270995014,0.9995545657015591,0.5,0.22769200289638203,0.5469976178640087,0.16137642527978685,0.05602173792219332,0.010034801645931155,0.0
2021-10-29 16:50:00,0.061366806136680614,-0.5786852589641435,0.2798212956068502,0.20442778075343693,0.39291463270995014,0.9995545657015591,0.5,0.22769200289638203,0.5469976178640087,0.16137642527978685,0.05602173792219332,0.010034801645931155,0.0
2021-10-29 17:00:00,0.055788005578800565,-0.5682270916334662,0.28071481757259864,0.19978575254418862,0.39291463270995014,0.9995545657015591,0.5,0.23458898821068352,0.5491441264112509,0.1522676204103274,0.051861847514236316,0.9250676984369504,0.0
2021-10-29 17:10:00,0.03626220362622037,-0.5577689243027889,0.2789277736411018,0.190501696125692,0.39291463270995014,0.9995545657015591,0.5,0.23458898821068352,0.5491441264112509,0.1522676204103274,0.051861847514236316,0.9250676984369504,0.0
2021-10-29 17:20:00,0.0397489539748954,-0.5473107569721116,0.2762472077438567,0.184074272451348,0.39291463270995014,0.9995545657015591,0.5,0.23458898821068352,0.5491441264112509,0.1522676204103274,0.051861847514236316,0.9250676984369504,0.0
2021-10-29 17:30:00,0.02510460251046025,-0.5368525896414342,0.2756515264333579,0.17514729512587035,0.39291463270995014,0.9995545657015591,0.5,0.23458898821068352,0.5491441264112509,0.1522676204103274,0.051861847514236316,0.9250676984369504,0.0
2021-10-29 17:40:00,0.048117154811715475,-0.5263944223107571,0.27029039463886795,0.1665773968934119,0.39291463270995014,0.9995545657015591,0.5,0.23458898821068352,0.5491441264112509,0.1522676204103274,0.051861847514236316,0.9250676984369504,0.0
2021-10-29 17:50:00,0.09274755927475593,-0.5159362549800798,0.2685033507073715,0.15657918228887713,0.39291463270995014,0.9995545657015591,0.5,0.23458898821068352,0.5491441264112509,0.1522676204103274,0.051861847514236316,0.9250676984369504,0.0
2021-10-29 18:00:00,0.099721059972106,-0.5054780876494025,0.2643335815338794,0.14336725584717036,0.39291463270995014,0.9995545657015591,0.5,0.054477435467608526,0.5547445884709236,0.27204913996563596,0.045348410749421544,0.9222630306956154,0.0
2021-10-29 18:10:00,0.13668061366806136,-0.4950199203187252,0.255994043186895,0.12765577575432951,0.39291463270995014,0.9995545657015591,0.5,0.054477435467608526,0.5547445884709236,0.27204913996563596,0.045348410749421544,0.9222630306956154,0.0
2021-10-29 18:20:00,0.17782426778242677,-0.4845617529880478,0.24705882352941155,0.10944474201035526,0.391239481226525,0.9995545657015591,0.5,0.054477435467608526,0.5547445884709236,0.27204913996563596,0.045348410749421544,0.9222630306956154,0.0
2021-10-29 18:30:00,0.1596931659693166,-0.47410358565737054,0.2402084884586746,0.0994465274058205,0.29495753229247096,0.384075723830735,0.5,0.054477435467608526,0.5547445884709236,0.27204913996563596,0.045348410749421544,0.9222630306956154,0.0
2021-10-29 18:40:00,0.12133891213389121,0.49800796812749004,0.23454951600893525,0.09159078735940018,0.2961746345421471,0.6730512249443207,0.5,0.054477435467608526,0.5547445884709236,0.27204913996563596,0.045348410749421544,0.9222630306956154,0.0
2021-10-29 18:50:00,0.15271966527196654,-0.2589641434262948,0.2300819061801933,0.08659168005713269,0.2992631950897122,0.9993318485523385,0.5,0.054477435467608526,0.5547445884709236,0.27204913996563596,0.045348410749421544,0.9222630306956154,0.0
2021-10-29 19:00:00,0.15132496513249652,-0.01195219123505975,0.22680565897244964,0.07873594001071238,0.2992631950897122,0.9993318485523385,0.5,0.05197758805799291,0.5640834810794056,0.27231354741332797,0.0541909176840403,0.5549608288699226,0.0
2021-10-29 19:10:00,0.16108786610878661,0.2111553784860556,0.22084884586746067,0.06980896268523495,0.2992631950897122,0.9993318485523385,0.5,0.05197758805799291,0.5640834810794056,0.27231354741332797,0.0541909176840403,0.5549608288699226,0.0
2021-10-29 19:20:00,0.1311018131101813,0.47410358565737054,0.21489203276247193,0.05838243170862345,0.2992631950897122,0.9993318485523385,0.5,0.05197758805799291,0.5640834810794056,0.27231354741332797,0.0541909176840403,0.5549608288699226,0.0
2021-10-29 19:30:00,0.15132496513249652,0.5041372969659821,0.19970215934475055,0.04767005891805054,0.2992631950897122,0.9993318485523385,0.5,0.05197758805799291,0.5640834810794056,0.27231354741332797,0.0541909176840403,0.5549608288699226,0.0
2021-10-29 19:40:00,0.14853556485355648,0.5341710082745939,0.19017125837676807,0.036957686127477185,0.2992631950897122,0.9993318485523385,0.5,0.05197758805799291,0.5640834810794056,0.27231354741332797,0.0541909176840403,0.5549608288699226,0.0
2021-10-29 19:50:00,0.1297071129707113,0.5642047195832056,0.18391660461653014,0.029816104267095245,0.2992631950897122,0.9993318485523385,0.5,0.05197758805799291,0.5640834810794056,0.27231354741332797,0.0541909176840403,0.5549608288699226,0.0
2021-10-29 20:00:00,0.16945606694560672,0.5942384308918174,0.1782576321667908,0.021246206034636783,0.2992631950897122,0.9993318485523385,0.5,0.04968943270730675,0.5789797331662879,0.2622395602491999,0.06589008938377862,0.48195611075046874,0.0
2021-10-29 20:10:00,0.12273361227336123,0.6242721422004291,0.1752792256142961,0.01410462417425462,0.2992631950897122,0.9993318485523385,0.5,0.04968943270730675,0.5789797331662879,0.2622395602491999,0.06589008938377862,0.48195611075046874,0.0
2021-10-29 20:20:00,0.100418410041841,0.6543058535090409,0.1720029784065522,0.00839135868594898,0.2992631950897122,0.9993318485523385,0.5,0.04968943270730675,0.5789797331662879,0.2622395602491999,0.06589008938377862,0.48195611075046874,0.0
2021-10-29 20:30:00,0.15271966527196654,0.6843395648176527,0.16813104988830951,-0.0012497768255668174,0.2992631950897122,0.9993318485523385,0.5,0.04968943270730675,0.5789797331662879,0.2622395602491999,0.06589008938377862,0.48195611075046874,0.0
2021-10-29 20:40:00,0.15550906555090654,0.714373276126264,0.16842889054355892,-0.014461703267273585,0.2992631950897122,0.9993318485523385,0.5,0.04968943270730675,0.5789797331662879,0.2622395602491999,0.06589008938377862,0.48195611075046874,0.0
2021-10-29 20:50:00,0.15202231520223153,0.7444069874348758,0.1666418466120625,-0.02053204784859841,0.2992631950897122,0.9993318485523385,0.5,0.04968943270730675,0.5789797331662879,0.2622395602491999,0.06589008938377862,0.48195611075046874,0.0
2021-10-29 21:00:00,0.1297071129707113,0.7744406987434875,0.16187639612807136,-0.02624531333690394,0.2992631950897122,0.9993318485523385,0.5,-7.147567075571626e-05,0.5936777133793281,0.29039927046370984,0.07704223868989313,0.22537360140986262,0.0
2021-10-29 21:10:00,0.15481171548117156,0.7391970579221574,0.15860014892032748,-0.02945902517407606,0.2992631950897122,0.9993318485523385,0.5,-7.147567075571626e-05,0.5936777133793281,0.29039927046370984,0.07704223868989313,0.22537360140986262,0.0
2021-10-29 21:20:00,0.16945606694560672,0.7039534171008275,0.1514519731943409,-0.034815211569362514,0.3293373990655796,0.9993318485523385,0.5,-7.147567075571626e-05,0.5936777133793281,0.29039927046370984,0.07704223868989313,0.22537360140986262,0.0
2021-10-29 21:30:00,0.1903765690376569,0.6687097762794973,0.1511541325390915,-0.031244420639171433,0.3896690267108139,0.6766146993318486,0.5,-7.147567075571626e-05,0.5936777133793281,0.29039927046370984,0.07704223868989313,0.22537360140986262,0.0
2021-10-29 21:40:00,0.18340306834030684,0.6334661354581672,0.155621742367833,-0.025531155150865903,0.3916844433393098,0.008129175946547884,0.5,-7.147567075571626e-05,0.5936777133793281,0.29039927046370984,0.07704223868989313,0.22537360140986262,0.043951898848771064
2021-10-29 21:50:00,0.197350069735007,0.4501992031872508,0.16008935219657472,-0.006605963220853384,0.41450838230097764,0.00011135857461024499,0.5,-7.147567075571626e-05,0.5936777133793281,0.29039927046370984,0.07704223868989313,0.22537360140986262,0.06834195874888725
2021-10-29 22:00:00,0.1506276150627615,0.17928286852589648,0.16306775874906898,0.010176754151044465,0.45450262396775337,0.00011135857461024499,0.5,-0.08404047997764019,0.6017321490659662,0.3609147711442578,0.19493740662183884,0.15443836896409946,0.03435580970774175
2021-10-29 22:10:00,0.12691771269177127,-0.5378486055776892,0.16396128071481741,0.028387787895018723,0.45112614675897456,0.00011135857461024499,0.5,-0.08404047997764019,0.6017321490659662,0.3609147711442578,0.19493740662183884,0.15443836896409946,0.008660621331683691
2021-10-29 22:20:00,0.07601115760111576,-0.45019920318725104,0.1633655994043186,0.04909837529012684,0.44606143094580625,0.7289532293986637,0.5,-0.08404047997764019,0.6017321490659662,0.3609147711442578,0.19493740662183884,0.15443836896409946,0.0
2021-10-29 22:30:00,0.15760111576011157,-0.36254980079681276,0.1511541325390915,0.04017139796464919,0.44606143094580625,0.997772828507795,0.5,-0.08404047997764019,0.6017321490659662,0.3609147711442578,0.19493740662183884,0.15443836896409946,0.0
2021-10-29 22:40:00,0.14016736401673638,-0.2749003984063746,0.15174981384959052,0.024459917871808567,0.44606143094580625,0.997772828507795,0.5,-0.08404047997764019,0.6017321490659662,0.3609147711442578,0.19493740662183884,0.15443836896409946,0.0
2021-10-29 22:50:00,0.19316596931659694,-0.1872509960159363,0.1508562918838421,0.01410462417425462,0.44845637408226563,0.997772828507795,0.5,-0.08404047997764019,0.6017321490659662,0.3609147711442578,0.19493740662183884,0.15443836896409946,0.0
2021-10-29 23:00:00,0.3068340306834031,-0.09960159362549814,0.1434102755026061,0.01410462417425462,0.5804138147648898,0.5700445434298441,0.5,-0.15842537396317757,0.6056257489073495,0.4268478434687619,0.335211480648902,0.13802720676014882,0.060971377702672115
2021-10-29 23:10:00,0.28591352859135283,-0.01195219123505975,0.14966492926284403,0.026245313336904275,0.5989844394131736,0.00011135857461024499,0.5,-0.15842537396317757,0.6056257489073495,0.4268478434687619,0.335211480648902,0.13802720676014882,0.18225025272719045
2021-10-29 23:20:00,0.2907949790794979,-0.5139442231075697,0.15800446760982845,0.034101053383324365,0.5989844394131736,0.00011135857461024499,0.5,-0.15842537396317757,0.6056257489073495,0.4268478434687619,0.335211480648902,0.13802720676014882,0.19634262262926808
2021-10-29 23:30:00,0.3682008368200837,0.2350597609561753,0.16306775874906898,0.04017139796464919,0.5869835494889479,0.00022271714922048998,0.5,-0.15842537396317757,0.6056257489073495,0.4268478434687619,0.335211480648902,0.13802720676014882,0.2782186882327203
2021-10-29 23:40:00,0.37099023709902373,-0.2509960159362551,0.16753536857781093,0.04267095161578305,0.5963670152203218,0.00033407572383073496,0.5,-0.15842537396317757,0.6056257489073495,0.4268478434687619,0.335211480648902,0.13802720676014882,0.3063355311797456
2021-10-29 23:50:00,0.41143654114365413,-0.24302788844621515,0.16604616530156346,0.0448134261738975,0.5963670152203218,0.00022271714922048998,0.5,-0.15842537396317757,0.6056257489073495,0.4268478434687619,0.335211480648902,0.13802720676014882,0.38440937278392207
2021-10-30 00:00:00,0.37308228730822873,0.12350597609561742,0.1708116157855546,0.05231208712729862,0.5963670152203218,0.00022271714922048998,0.5,-0.1701510528069461,0.6095768188570919,0.45230172072816166,0.4113082382173151,0.13678097854150098,0.31144288365496325
2021-10-30 00:10:00,0.37447698744769875,-0.03585657370517936,0.17289650037230064,0.05981074808069997,0.5963670152203218,0.00022271714922048998,0.5,-0.1701510528069461,0.6095768188570919,0.45230172072816166,0.4113082382173151,0.13678097854150098,0.30837243689364335
2021-10-30 00:20:00,0.43165969316596936,0.13147410358565725,0.13417721518987324,0.03517229066238192,0.5963670152203218,0.00022271714922048998,0.5,-0.1701510528069461,0.6095768188570919,0.45230172072816166,0.4113082382173151,0.13678097854150098,0.4040994613516001
2021-10-30 00:30:00,0.4560669456066946,0.14741035856573692,0.11362620997766193,0.005534725941795937,0.5963670152203218,0.00033407572383073496,0.5,-0.1701510528069461,0.6095768188570919,0.45230172072816166,0.4113082382173151,0.13678097854150098,0.4655385729589451
2021-10-30 00:40:00,0.46164574616457466,0.05179282868525892,0.10528667163067751,-0.0026780931976432276,0.5963670152203218,0.00011135857461024499,0.5,-0.1701510528069461,0.6095768188570919,0.45230172072816166,0.4113082382173151,0.13678097854150098,0.4913544668587896
2021-10-30 00:50:00,0.47489539748953974,0.027888446215139417,0.09664929262844368,-0.0026780931976432276,0.5963670152203218,0.00011135857461024499,0.5,-0.1701510528069461,0.6095768188570919,0.45230172072816166,0.4113082382173151,0.13678097854150098,0.5145374715210405
2021-10-30 01:00:00,0.4679218967921897,-0.12350597609561753,0.09069247952345472,-0.0026780931976432276,0.5963670152203218,0.00022271714922048998,0.5,-0.20593071295897614,0.6031516607424562,0.501995610455926,0.4609647468325161,0.14027229135505317,0.4810190563845678
2021-10-30 01:10:00,0.4707112970711297,-0.4342629482071714,0.0856291883842144,-0.0026780931976432276,0.5963670152203218,0.00022271714922048998,0.5,-0.20593071295897614,0.6031516607424562,0.501995610455926,0.4609647468325161,0.14027229135505317,0.45730796505575083
2021-10-30 01:20:00,0.45327754532775455,-0.33067729083665354,0.08235294117647052,-0.0026780931976432276,0.5963670152203218,0.00022271714922048998,0.5,-0.20593071295897614,0.6031516607424562,0.501995610455926,0.4609647468325161,0.14027229135505317,0.4351509573456855
2021-10-30 01:30:00,0.42677824267782427,-0.298804780876494,0.07609828741623215,-0.0026780931976432276,0.5934224130033634,0.00022271714922048998,0.5,-0.20593071295897614,0.6031516607424562,0.501995610455926,0.4609647468325161,0.14027229135505317,0.3821612324033979
2021-10-30 01:40:00,0.42538354253835425,-0.043824701195219196,0.0701414743112434,-0.007320121406891644,0.5852037010378086,0.00022271714922048998,0.5,-0.20593071295897614,0.6031516607424562,0.501995610455926,0.4609647468325161,0.14027229135505317,0.38788720068802146
2021-10-30 01:50:00,0.39400278940027894,0.17928286852589648,0.06746090841399854,-0.01481878236029266,0.5852037010378086,0.00022271714922048998,0.5,-0.20593071295897614,0.6031516607424562,0.501995610455926,0.4609647468325161,0.14027229135505317,0.35563619355130743
2021-10-30 02:00:00,0.41283124128312415,0.3067729083665336,0.06448250186150384,-0.019103731476522,0.5852037010378086,0.00033407572383073496,0.5,-0.20894356423788363,0.5961086989629532,0.5103255229782754,0.4818743882742187,0.14502084528407674,0.3751452238333057
2021-10-30 02:10:00,0.399581589958159,0.08366533864541825,0.06180193596425898,-0.022674522406713193,0.5939851592048265,0.00033407572383073496,0.5,-0.20894356423788363,0.5961086989629532,0.5103255229782754,0.4818743882742187,0.14502084528407674,0.3420568221253225
2021-10-30 02:20:00,0.39400278940027894,-0.12350597609561753,0.06180193596425898,-0.02053204784859841,0.5964455379461072,0.00033407572383073496,0.5,-0.20894356423788363,0.5961086989629532,0.5103255229782754,0.4818743882742187,0.14502084528407674,0.35482897536098496
2021-10-30 02:30:00,0.39191073919107394,-0.043824701195219196,0.06269545793000741,-0.02053204784859841,0.5964455379461072,0.00022271714922048998,0.5,-0.20894356423788363,0.5961086989629532,0.5103255229782754,0.4818743882742187,0.14502084528407674,0.3414834708873365
2021-10-30 02:40:00,0.38633193863319387,0.11553784860557759,0.06478034251675346,-0.023388680592751232,0.5964455379461072,0.00044543429844097997,0.5,-0.20894356423788363,0.5961086989629532,0.5103255229782754,0.4818743882742187,0.14502084528407674,0.3390090076497126
2021-10-30 02:50:00,0.403068340306834,0.003984063745019917,0.06478034251675346,-0.027673629708980574,0.5964455379461072,0.00033407572383073496,0.5,-0.20894356423788363,0.5961086989629532,0.5103255229782754,0.4818743882742187,0.14502084528407674,0.3672163797395778
2021-10-30 03:00:00,0.4093444909344491,-0.043824701195219196,0.06478034251675346,-0.027673629708980574,0.5964455379461072,0.00033407572383073496,0.5,-0.20504315389482375,0.6035453309847242,0.5265520241626559,0.48962294173377885,0.14860557557221346,0.3837077719269128
2021-10-30 03:10:00,0.40097629009762903,0.08366533864541825,0.06478034251675346,-0.027673629708980574,0.5964455379461072,0.00033407572383073496,0.5,-0.20504315389482375,0.6035453309847242,0.5265520241626559,0.48962294173377885,0.14860557557221346,0.3571072921224558
2021-10-30 03:20:00,0.3884239888423989,0.2350597609561753,0.0635889798957554,-0.027673629708980574,0.5964455379461072,0.00033407572383073496,0.5,-0.20504315389482375,0.6035453309847242,0.5265520241626559,0.48962294173377885,0.14860557557221346,0.3505212969808531
2021-10-30 03:30:00,0.405160390516039,0.09163346613545809,0.05971705137751293,-0.028744866988037687,0.5964455379461072,0.00022271714922048998,0.5,-0.20504315389482375,0.6035453309847242,0.5265520241626559,0.48962294173377885,0.14860557557221346,0.3654510614541998
2021-10-30 03:40:00,0.39400278940027894,-0.0916334661354582,0.0588235294117645,-0.030530262453133394,0.5964455379461072,0.00033407572383073496,0.5,-0.20504315389482375,0.6035453309847242,0.5265520241626559,0.48962294173377885,0.14860557557221346,0.35206783650436807
2021-10-30 03:50:00,0.4246861924686192,-0.2270916334661356,0.0588235294117645,-0.027673629708980574,0.5964455379461072,0.00022271714922048998,0.5,-0.20504315389482375,0.6035453309847242,0.5265520241626559,0.48962294173377885,0.14860557557221346,0.3602758121218522
2021-10-30 04:00:00,0.37447698744769875,-0.0916334661354582,0.0588235294117645,-0.027673629708980574,0.5964455379461072,0.00033407572383073496,0.5,-0.23399096731630709,0.6037550968802367,0.5973235625587388,0.48792057514350284,0.1527028886429344,0.29802193822894824
2021-10-30 04:10:00,0.3486750348675035,-0.043824701195219196,0.05733432613551748,-0.027673629708980574,0.5964455379461072,0.00033407572383073496,0.5,-0.23399096731630709,0.6037550968802367,0.5973235625587388,0.48792057514350284,0.1527028886429344,0.26113885661692593
2021-10-30 04:20:00,0.3437935843793584,-0.15537848605577698,0.055845122859270235,-0.028387787895018723,0.5964455379461072,0.00033407572383073496,0.5,-0.23399096731630709,0.6037550968802367,0.5973235625587388,0.48792057514350284,0.1527028886429344,0.253609849570741
2021-10-30 04:30:00,0.3284518828451883,-0.02788844621513953,0.055845122859270235,-0.03160149973219073,0.5964455379461072,0.00033407572383073496,0.5,-0.23399096731630709,0.6037550968802367,0.5973235625587388,0.48792057514350284,0.1527028886429344,0.22847292424219565
2021-10-30 04:40:00,0.31241283124128316,-0.07569721115537853,0.055845122859270235,-0.038386002499553595,0.5964455379461072,0.00033407572383073496,0.5,-0.23399096731630709,0.6037550968802367,0.5973235625587388,0.48792057514350284,0.1527028886429344,0.20086153567602638
2021-10-30 04:50:00,0.3417015341701534,-0.3227091633466136,0.053760238272523964,-0.03910016068559197,0.5964455379461072,0.00033407572383073496,0.5,-0.23399096731630709,0.6037550968802367,0.5973235625587388,0.48792057514350284,0.1527028886429344,0.22338820405268797
2021-10-30 05:00:00,0.3263598326359832,-0.21115537848605592,0.04988830975428127,-0.038386002499553595,0.5964455379461072,0.00033407572383073496,0.5,-0.2282095427858435,0.6073757137069071,0.6030334952876506,0.4934376576020694,0.15329390049007463,0.2206874179579643
2021-10-30 05:10:00,0.32984658298465835,-0.09960159362549814,0.04869694713328343,-0.041956793429744677,0.5964455379461072,0.00033407572383073496,0.5,-0.2282095427858435,0.6073757137069071,0.6030334952876506,0.4934376576020694,0.15329390049007463,0.21155906272160782
2021-10-30 05:20:00,0.32984658298465835,-0.4900398406374503,0.04690990320178701,-0.041956793429744677,0.5964455379461072,0.00033407572383073496,0.5,-0.2282095427858435,0.6073757137069071,0.6030334952876506,0.4934376576020694,0.15329390049007463,0.20965040662673323
2021-10-30 05:30:00,0.2189679218967922,-0.13147410358565736,0.03142218912881578,-0.050883770755222324,0.590975121383047,0.00022271714922048998,0.5,-0.2282095427858435,0.6073757137069071,0.6030334952876506,0.4934376576020694,0.15329390049007463,0.0857235541741479
2021-10-30 05:40:00,0.14783821478382148,0.4262948207171313,-0.015636634400595817,-0.07659346545259771,0.5962361440106791,0.01514476614699332,0.5,-0.2282095427858435,0.6073757137069071,0.6030334952876506,0.4934376576020694,0.15329390049007463,0.025189733995201958
2021-10-30 05:50:00,0.11087866108786612,-0.003984063745020028,-0.03916604616530173,-0.09730405284770571,0.5993901401630655,0.39766146993318485,0.5,-0.2282095427858435,0.6073757137069071,0.6030334952876506,0.4934376576020694,0.15329390049007463,0.0
2021-10-30 06:00:00,0.1415620641562064,0.4183266932270917,-0.037081161578555566,-0.0958757364756293,0.5967988902121422,0.9993318485523385,0.5,-0.242084961658956,0.6279184039401512,0.6191530921658419,0.5332947771563158,0.14348693406932514,0.0
2021-10-30 06:10:00,0.15550906555090654,0.26852589641434266,-0.035591958302308435,-0.06659525084806284,0.5967988902121422,0.9993318485523385,0.5,-0.242084961658956,0.6279184039401512,0.6191530921658419,0.5332947771563158,0.14348693406932514,0.0
2021-10-30 06:20:00,0.16596931659693165,0.11872509960159339,-0.04363365599404323,-0.06338153901089094,0.5967988902121422,0.9993318485523385,0.5,-0.242084961658956,0.6279184039401512,0.6191530921658419,0.5332947771563158,0.14348693406932514,0.0
2021-10-30 06:30:00,0.1631799163179916,-0.03107569721115544,-0.050186150409531005,-0.06623817175504376,0.5967988902121422,0.9993318485523385,0.5,-0.242084961658956,0.6279184039401512,0.6191530921658419,0.5332947771563158,0.14348693406932514,0.0
2021-10-30 06:40:00,0.18200836820083682,-0.1808764940239045,-0.054951600893522135,-0.07909301910373145,0.601785083299525,0.9989977728285078,0.5,-0.242084961658956,0.6279184039401512,0.6191530921658419,0.5332947771563158,0.14348693406932514,0.0
2021-10-30 06:50:00,0.23709902370990238,-0.33067729083665354,-0.0495904690990322,-0.08087841456882694,0.6411380560390519,0.04944320712694878,0.5,-0.242084961658956,0.6279184039401512,0.6191530921658419,0.5332947771563158,0.14348693406932514,0.09576474493414006
2021-10-30 07:00:00,0.20292887029288703,-0.5697211155378487,-0.027252419955324125,-0.05338332440635607,0.6303019198806454,0.00022271714922048998,0.5,-0.2306523897655378,0.6433376340131105,0.6311470451611725,0.5357446922276353,0.1491302741251734,0.0864628755073404
2021-10-30 07:10:00,0.20362622036262204,-0.7131474103585658,-0.012658227848101444,-0.030530262453133394,0.6303019198806454,0.00044543429844097997,0.5,-0.2306523897655378,0.6433376340131105,0.6311470451611725,0.5357446922276353,0.1491302741251734,0.07899422122304872
2021-10-30 07:20:00,0.19525801952580193,0.03585657370517925,-0.0025316455696204887,-0.014461703267273585,0.6188245147949902,0.00033407572383073496,0.5,-0.2306523897655378,0.6433376340131105,0.6311470451611725,0.5357446922276353,0.1491302741251734,0.05532085037041508
2021-10-30 07:30:00,0.15341701534170155,-0.06772908366533881,0.009977661950856032,0.0030351722906625245,0.6302364842758242,0.00033407572383073496,0.5,-0.2306523897655378,0.6433376340131105,0.6311470451611725,0.5357446922276353,0.1491302741251734,0.04746744722905382
2021-10-30 07:40:00,0.1297071129707113,-0.5139442231075697,0.014445271779597979,0.028387787895018723,0.6303019198806454,0.00022271714922048998,0.5,-0.2306523897655378,0.6433376340131105,0.6311470451611725,0.5357446922276353,0.1491302741251734,0.03874647313547686
2021-10-30 07:50:00,0.14644351464435149,-0.6812749003984064,0.009977661950856032,0.05016961256918395,0.6303019198806454,0.00022271714922048998,0.5,-0.2306523897655378,0.6433376340131105,0.6311470451611725,0.5357446922276353,0.1491302741251734,0.04374066418214463
2021-10-30 08:00:00,0.18340306834030684,-0.3545816733067729,-0.04780342516753544,-0.015890019639349995,0.6152124694088548,0.00033407572383073496,0.5,-0.22482210295898608,0.6586505443856012,0.6537587642825993,0.5334278578911555,0.15446884373059278,0.05895710427448437
2021-10-30 08:10:00,0.1701534170153417,-0.15537848605577698,-0.07073715562174243,-0.08016425638278879,0.6138252345866433,0.00033407572383073496,0.5,-0.22482210295898608,0.6586505443856012,0.6537587642825993,0.5334278578911555,0.15446884373059278,0.051752493323475715
2021-10-30 08:20:00,0.1680613668061367,-0.08366533864541836,-0.08116157855547301,-0.10408855561506858,0.6267945714622241,0.00022271714922048998,0.5,-0.22482210295898608,0.6586505443856012,0.6537587642825993,0.5334278578911555,0.15446884373059278,0.04094934894458108
2021-10-30 08:30:00,0.17573221757322177,-0.4103585657370519,-0.08711839166046176,-0.1230137475450811,0.6241378859064793,0.00033407572383073496,0.5,-0.22482210295898608,0.6586505443856012,0.6537587642825993,0.5334278578911555,0.15446884373059278,0.05040210027611389
2021-10-30 08:40:00,0.1771269177126918,0.3545816733067728,-0.08294862248696955,-0.13229780396357804,0.6136681891350722,0.00033407572383073496,0.5,-0.22482210295898608,0.6586505443856012,0.6537587642825993,0.5334278578911555,0.15446884373059278,0.05875341370309459
2021-10-30 08:50:00,0.1924686192468619,0.20318725099601576,-0.07907669396872685,-0.13801106945188357,0.6136681891350722,0.00044543429844097997,0.5,-0.22482210295898608,0.6586505443856012,0.6537587642825993,0.5334278578911555,0.15446884373059278,0.07654993436637145
2021-10-30 09:00:00,0.21478382147838215,0.36254980079681287,-0.07401340282948643,-0.1422960185681127,0.6136681891350722,0.00022271714922048998,0.5,-0.22923555052442735,0.677285227021297,0.6548351625636591,0.5157715793349353,0.16094800216263583,0.08838661979268826
2021-10-30 09:10:00,0.16875871687587168,0.31474103585657365,-0.07222635889798967,-0.1455097304052847,0.626388870712332,0.00022271714922048998,0.5,-0.22923555052442735,0.677285227021297,0.6548351625636591,0.5157715793349353,0.16094800216263583,0.0617333313215746
2021-10-30 09:20:00,0.1394700139470014,0.31474103585657365,-0.07222635889798967,-0.14193893947509362,0.6275274502362225,0.00022271714922048998,0.5,-0.22923555052442735,0.677285227021297,0.6548351625636591,0.5157715793349353,0.16094800216263583,0.037094316278648704
2021-10-30 09:30:00,0.10669456066945607,0.5378486055776892,-0.07133283693224135,-0.1347973576147118,0.6292549502035047,0.00022271714922048998,0.5,-0.22923555052442735,0.677285227021297,0.6548351625636591,0.5157715793349353,0.16094800216263583,0.021462950948292772
2021-10-30 09:40:00,0.14225941422594143,0.13147410358565725,-0.07103499627699195,-0.13301196214961608,0.6439517870463676,0.00022271714922048998,0.5,-0.22923555052442735,0.677285227021297,0.6548351625636591,0.5157715793349353,0.16094800216263583,0.05601490713218764
2021-10-30 09:50:00,0.200836820083682,0.24302788844621515,-0.07252419955323908,-0.13979646491697895,0.6439517870463676,0.00033407572383073496,0.5,-0.22923555052442735,0.677285227021297,0.6548351625636591,0.5157715793349353,0.16094800216263583,0.09050651055418923
2021-10-30 10:00:00,0.21478382147838215,0.4183266932270917,-0.07460908413998513,-0.14836636314943752,0.6439517870463676,0.00022271714922048998,0.5,0.02224804492527732,0.695247509389179,0.4209199172613932,0.47150672096939017,0.1860023177055811,0.09465576293435128
2021-10-30 10:10:00,0.22733612273361226,-0.3067729083665339,-0.07043931496649303,-0.1487234422424566,0.6567771655913416,0.00022271714922048998,0.5,0.02224804492527732,0.695247509389179,0.4209199172613932,0.47150672096939017,0.1860023177055811,0.10211687312340632
2021-10-30 10:20:00,0.22594142259414227,-0.5139442231075697,-0.060610573343261476,-0.14158186038207465,0.6578241352684823,0.00033407572383073496,0.5,0.02224804492527732,0.695247509389179,0.4209199172613932,0.47150672096939017,0.1860023177055811,0.10614541997978182
2021-10-30 10:30:00,0.25871687587168757,-0.06772908366533881,-0.04571854058078939,-0.1312265666845207,0.647655442279253,0.00033407572383073496,0.5,0.02224804492527732,0.695247509389179,0.4209199172613932,0.47150672096939017,0.1860023177055811,0.1318783288320232
2021-10-30 10:40:00,0.2545327754532775,-0.07569721115537853,-0.029337304542070175,-0.1233708266381004,0.643925612804439,0.00033407572383073496,0.5,0.02224804492527732,0.695247509389179,0.4209199172613932,0.47150672096939017,0.1860023177055811,0.12655219759494243
2021-10-30 10:50:00,0.23640167364016737,0.11553784860557759,-0.01236038719285204,-0.11444384931262286,0.643925612804439,0.00022271714922048998,0.5,0.02224804492527732,0.695247509389179,0.4209199172613932,0.47150672096939017,0.1860023177055811,0.12081868521508217
2021-10-30 11:00:00,0.2754532775453278,0.394422310756972,0.0037230081906181045,-0.10623103017318325,0.643925612804439,0.00011135857461024499,0.5,0.05409470876582545,0.6985003175223508,0.3813963934316879,0.5051055652740123,0.2295206918961508,0.1493353652096504
2021-10-30 11:10:00,0.2691771269177127,0.2669322709163344,0.018912881608339482,-0.09730405284770571,0.643925612804439,0.00033407572383073496,0.5,0.05409470876582545,0.6985003175223508,0.3813963934316879,0.5051055652740123,0.2295206918961508,0.1441148513058829
2021-10-30 11:20:00,0.2796373779637378,0.19521912350597592,0.032911392405063244,-0.08766291733619003,0.643925612804439,0.00022271714922048998,0.5,0.05409470876582545,0.6985003175223508,0.3813963934316879,0.5051055652740123,0.2295206918961508,0.1501878479713928
2021-10-30 11:30:00,0.28870292887029286,-0.09960159362549814,0.047505584512285814,-0.07766470273165504,0.643925612804439,0.00011135857461024499,0.5,0.05409470876582545,0.6985003175223508,0.3813963934316879,0.5051055652740123,0.2295206918961508,0.16896510101543522
2021-10-30 11:40:00,0.27405857740585776,-0.14741035856573714,0.06120625465375995,-0.06552401356900539,0.643925612804439,0.00011135857461024499,0.5,0.05409470876582545,0.6985003175223508,0.3813963934316879,0.5051055652740123,0.2295206918961508,0.1571661360653017
2021-10-30 11:50:00,0.301255230125523,-0.24302788844621515,0.07609828741623215,-0.055882878057489815,0.643925612804439,0.00022271714922048998,0.5,0.05409470876582545,0.6985003175223508,0.3813963934316879,0.5051055652740123,0.2295206918961508,0.19085052129698085
2021-10-30 12:00:00,0.30404463040446306,-0.0916334661354582,0.08979895755770673,-0.04552758435993576,0.6402481318134824,0.00033407572383073496,0.5,0.06726170801838283,0.6937073104851338,0.3600813487240026,0.5787228352790093,0.2695774544443053,0.18774235405947767
2021-10-30 12:10:00,0.3716875871687587,0.03585657370517925,0.10647803425167512,-0.03517229066238159,0.6301448744290743,0.00022271714922048998,0.5,0.06726170801838283,0.6937073104851338,0.3600813487240026,0.5787228352790093,0.2695774544443053,0.3033933340374489
2021-10-30 12:20:00,0.41631799163179917,-0.24302788844621515,0.1174981384959044,-0.023745759685770196,0.6433759537239403,0.0010022271714922048,0.5,0.06726170801838283,0.6937073104851338,0.3600813487240026,0.5787228352790093,0.2695774544443053,0.3899995473542858
2021-10-30 12:30:00,0.42189679218967924,0.22709163346613526,0.12613551749813845,-0.012319228709159136,0.6329324311944615,0.04242761692650334,0.5,0.06726170801838283,0.6937073104851338,0.3600813487240026,0.5787228352790093,0.2695774544443053,0.3158109147969884
2021-10-30 12:40:00,0.4191073919107392,-0.1633466135458168,0.13536857781087108,-0.002321014104624264,0.6367538705160251,0.04810690423162584,0.5,0.06726170801838283,0.6937073104851338,0.3600813487240026,0.5787228352790093,0.2695774544443053,0.27030493232946573
2021-10-30 12:50:00,0.4421199442119944,-0.298804780876494,0.14221891288160804,0.008034279592929794,0.6512544005444242,0.06102449888641426,0.5,0.06726170801838283,0.6937073104851338,0.3600813487240026,0.5787228352790093,0.2695774544443053,0.26592935709220394
2021-10-30 13:00:00,0.41841004184100417,-0.02788844621513953,0.14728220402084857,0.014818782360292992,0.6412296658858018,0.015256124721603564,0.5,0.18740123733291347,0.6821012221018542,0.2656040657622537,0.5784460237342182,0.2784492491148497,0.32106160508170256
2021-10-30 13:10:00,0.36610878661087864,-0.02788844621513953,0.15413253909158597,0.023388680592751232,0.6437423931109395,0.00022271714922048998,0.5,0.18740123733291347,0.6821012221018542,0.2656040657622537,0.5784460237342182,0.2784492491148497,0.27968224270863196
2021-10-30 13:20:00,0.3486750348675035,-0.12350597609561753,0.15979151154132532,0.03160149973219073,0.6375783591367735,0.00033407572383073496,0.5,0.18740123733291347,0.6821012221018542,0.2656040657622537,0.5784460237342182,0.2784492491148497,0.24081506404936856
2021-10-30 13:30:00,0.3089260808926081,0.20318725099601576,0.17021593447505579,0.03767184431351556,0.6338747039038882,0.00022271714922048998,0.5,0.18740123733291347,0.6821012221018542,0.2656040657622537,0.5784460237342182,0.2784492491148497,0.20688926777011635
2021-10-30 13:40:00,0.27475592747559274,0.06772908366533859,0.18034251675353663,0.04159971433672571,0.6469879991100758,0.00033407572383073496,0.5,0.18740123733291347,0.6821012221018542,0.2656040657622537,0.5784460237342182,0.2784492491148497,0.16348054377838464
2021-10-30 13:50:00,0.26778242677824265,-0.2749003984063746,0.1862993298585256,0.04588466345295483,0.6349085864600647,0.00033407572383073496,0.5,0.18740123733291347,0.6821012221018542,0.2656040657622537,0.5784460237342182,0.2784492491148497,0.1388867933068787
2021-10-30 14:00:00,0.2789400278940028,0.15537848605577675,0.1940431868950112,0.053026245313336995,0.6259308214785829,0.00033407572383073496,0.5,0.1858133634489494,0.6623774809127404,0.2552802547746469,0.515214122941578,0.281415799464906,0.1573321061605082
2021-10-30 14:10:00,0.2510460251046025,-0.08366533864541836,0.20119136262099757,0.05695411533654715,0.6347646281294578,0.00022271714922048998,0.5,0.1858133634489494,0.6623774809127404,0.2552802547746469,0.515214122941578,0.281415799464906,0.1420704014967485
2021-10-30 14:20:00,0.2496513249651325,0.1394422310756971,0.20595681310498848,0.061596143545795234,0.6326445145332478,0.00022271714922048998,0.5,0.1858133634489494,0.6623774809127404,0.2552802547746469,0.515214122941578,0.281415799464906,0.1309730374036242
2021-10-30 14:30:00,0.29358437935843795,-0.07569721115537853,0.21072226358897983,0.06445277628994828,0.6581382261716244,0.00011135857461024499,0.5,0.1858133634489494,0.6623774809127404,0.2552802547746469,0.515214122941578,0.281415799464906,0.1751889795856783
2021-10-30 14:40:00,0.3277545327754533,-0.17928286852589637,0.21072226358897983,0.0687377254061774,0.6517909725039588,0.00022271714922048998,0.5,0.1858133634489494,0.6623774809127404,0.2552802547746469,0.515214122941578,0.281415799464906,0.218001720053714
2021-10-30 14:50:00,0.2768479776847978,0.29083665338645415,0.2139985107967235,0.0687377254061774,0.6365837379434898,0.00033407572383073496,0.5,0.1858133634489494,0.6623774809127404,0.2552802547746469,0.515214122941578,0.281415799464906,0.17425351177633266
2021-10-30 15:00:00,0.2629009762900976,-0.2589641434262948,0.21816827997021582,0.07230851633636859,0.6488071089241078,0.00033407572383073496,0.5,0.1832157914871575,0.6514581603243613,0.2486926414963458,0.457572462848423,0.27962084288754274,0.1415272266397091
2021-10-30 15:10:00,0.30404463040446306,0.2350597609561753,0.22055100521221127,0.07159435815033022,0.6450249309654369,0.00022271714922048998,0.5,0.1832157914871575,0.6514581603243613,0.2486926414963458,0.457572462848423,0.27962084288754274,0.1990434087239917
2021-10-30 15:20:00,0.29358437935843795,-0.13147410358565736,0.2244229337304542,0.07230851633636859,0.6438863514415464,0.00033407572383073496,0.5,0.1832157914871575,0.6514581603243613,0.2486926414963458,0.457572462848423,0.27962084288754274,0.16041009701706474
2021-10-30 15:30:00,0.2294281729428173,0.5298804780876492,0.2256142963514518,0.07980717728976972,0.6514507073588881,0.00022271714922048998,0.5,0.1832157914871575,0.6514581603243613,0.2486926414963458,0.457572462848423,0.27962084288754274,0.11510026102569519
2021-10-30 15:40:00,0.3193863319386332,-0.23505976095617542,0.22680565897244964,0.0830208891269415,0.67437934328827,0.00011135857461024499,0.5,0.1832157914871575,0.6514581603243613,0.2486926414963458,0.457572462848423,0.27962084288754274,0.20310967605655056
2021-10-30 15:50:00,0.29358437935843795,-0.11553784860557781,0.22978406552494413,0.07945009819675053,0.6582821845022313,0.00022271714922048998,0.5,0.1832157914871575,0.6514581603243613,0.2486926414963458,0.457572462848423,0.27962084288754274,0.1792024382515805
2021-10-30 16:00:00,0.35704323570432356,0.043824701195219085,0.23127326880119137,0.07945009819675053,0.6697465024669222,0.00033407572383073496,0.5,0.21668288182700213,0.6497426775898183,0.23477086019414992,0.43006978301513643,0.2788762584685798,0.2555939466179821
2021-10-30 16:10:00,0.3319386331938633,0.2111553784860556,0.2300819061801933,0.07802178182467423,0.6557171087932365,0.00022271714922048998,0.5,0.21668288182700213,0.6497426775898183,0.23477086019414992,0.43006978301513643,0.2788762584685798,0.22352399776694784
2021-10-30 16:20:00,0.28870292887029286,0.07569721115537842,0.2291883842144451,0.07766470273165504,0.6590543246391227,0.00022271714922048998,0.5,0.21668288182700213,0.6497426775898183,0.23477086019414992,0.43006978301513643,0.2788762584685798,0.19085806539221753
2021-10-30 16:30:00,0.2698744769874477,0.1394422310756971,0.23246463142218898,0.08123549366184624,0.6558610671238434,0.00022271714922048998,0.5,0.21668288182700213,0.6497426775898183,0.23477086019414992,0.43006978301513643,0.2788762584685798,0.1482716477812816
2021-10-30 16:40:00,0.3277545327754533,0.17928286852589648,0.23425167535368563,0.07980717728976972,0.6558479800028791,0.00022271714922048998,0.5,0.21668288182700213,0.6497426775898183,0.23477086019414992,0.43006978301513643,0.2788762584685798,0.23284095538422075
2021-10-30 16:50:00,0.2782426778242678,-0.01195219123505975,0.23067758749069234,0.07945009819675053,0.6594469382680503,0.00022271714922048998,0.5,0.21668288182700213,0.6497426775898183,0.23477086019414992,0.43006978301513643,0.2788762584685798,0.1582147653031972
2021-10-30 17:00:00,0.33821478382147835,0.298804780876494,0.2285927029039463,0.07909301910373157,0.6558872413657719,0.00022271714922048998,0.5,0.21188674091286708,0.6411882519604518,0.23724893498328653,0.44061072649958033,0.28283526302642664,0.23792567557372846
2021-10-30 17:10:00,0.3277545327754533,0.06772908366533859,0.22680565897244964,0.07766470273165504,0.6582821845022313,0.00033407572383073496,0.5,0.21188674091286708,0.6411882519604518,0.23724893498328653,0.44061072649958033,0.28283526302642664,0.21763960348235437
2021-10-30 17:20:00,0.31659693165969316,0.09163346613545809,0.22412509307520456,0.08230673094090357,0.653008074753635,0.00022271714922048998,0.5,0.21188674091286708,0.6411882519604518,0.23724893498328653,0.44061072649958033,0.28283526302642664,0.2086470419602577
2021-10-30 17:30:00,0.301255230125523,0.31474103585657365,0.21995532390171224,0.08052133547580786,0.6611090026305113,0.00022271714922048998,0.5,0.21188674091286708,0.6411882519604518,0.23724893498328653,0.44061072649958033,0.28283526302642664,0.1809903888226685
2021-10-30 17:40:00,0.3284518828451883,-0.4820717131474104,0.21846612062546522,0.07802178182467423,0.671395479708419,0.00022271714922048998,0.5,0.21188674091286708,0.6411882519604518,0.23724893498328653,0.44061072649958033,0.28283526302642664,0.21249453053095343
2021-10-30 17:50:00,0.3284518828451883,-0.17131474103585675,0.21608339538346977,0.07837886091769342,0.671395479708419,0.00044543429844097997,0.5,0.21188674091286708,0.6411882519604518,0.23724893498328653,0.44061072649958033,0.28283526302642664,0.21260014786426665
2021-10-30 18:00:00,0.3103207810320781,-0.36254980079681276,0.20833953834698438,0.07230851633636859,0.671395479708419,0.00044543429844097997,0.5,0.03666902028301422,0.6548891257934475,0.3674720758470201,0.4213238292275196,0.3254697267182789,0.19163510720159332
2021-10-30 18:10:00,0.3075313807531381,-0.24302788844621515,0.20059568131049876,0.07052312087127288,0.671395479708419,0.00033407572383073496,0.5,0.03666902028301422,0.6548891257934475,0.3674720758470201,0.4213238292275196,0.3254697267182789,0.18627879958356594
2021-10-30 18:20:00,0.3110181311018131,0.31474103585657365,0.18957557706626949,0.06195322263881464,0.671395479708419,0.00044543429844097997,0.5,0.03666902028301422,0.6548891257934475,0.3674720758470201,0.4213238292275196,0.3254697267182789,0.19732335501003365
2021-10-30 18:30:00,0.30474198047419804,0.1633466135458166,0.17915115413253901,0.05266916622031781,0.671395479708419,0.00044543429844097997,0.5,0.03666902028301422,0.6548891257934475,0.3674720758470201,0.4213238292275196,0.3254697267182789,0.185328243583747
2021-10-30 18:40:00,0.33751743375174337,0.3545816733067728,0.16753536857781093,0.04517050526691668,0.6780437371582626,0.00044543429844097997,0.5,0.03666902028301422,0.6548891257934475,0.3674720758470201,0.4213238292275196,0.3254697267182789,0.21338473376887912
2021-10-30 18:50:00,0.30404463040446306,-0.5458167330677292,0.15740878629932964,0.04231387252276364,0.6851762180837837,0.00044543429844097997,0.5,0.03666902028301422,0.6548891257934475,0.3674720758470201,0.4213238292275196,0.3254697267182789,0.18476998053623428
2021-10-30 19:00:00,0.300557880055788,-0.13147410358565736,0.1478778853313476,0.03660060703445822,0.6751776576670898,0.00044543429844097997,0.5,0.036701606251436036,0.6648429485613802,0.36962220931254447,0.38407722570747954,0.33675918415956824,0.18817991158320382
2021-10-30 19:10:00,0.26778242677824265,0.1633466135458166,0.14072970960536102,0.02731655061596161,0.6712776956197407,0.00044543429844097997,0.5,0.036701606251436036,0.6648429485613802,0.36962220931254447,0.38407722570747954,0.33675918415956824,0.14898833682876414
2021-10-30 19:20:00,0.29567642956764295,-0.3705179282868527,0.13447505584512287,0.023388680592751232,0.6712776956197407,0.00044543429844097997,0.5,0.036701606251436036,0.6648429485613802,0.36962220931254447,0.38407722570747954,0.33675918415956824,0.17836504368031142
2021-10-30 19:30:00,0.399581589958159,-0.553784860557769,0.1288160833953833,0.02231744331369412,0.6712776956197407,0.00033407572383073496,0.5,0.036701606251436036,0.6648429485613802,0.36962220931254447,0.38407722570747954,0.33675918415956824,0.33235511565097997
2021-10-30 19:40:00,0.41422594142259417,-0.298804780876494,0.12643335815338785,0.02231744331369412,0.6657156692099305,0.00033407572383073496,0.5,0.036701606251436036,0.6648429485613802,0.36962220931254447,0.38407722570747954,0.33675918415956824,0.34371652307738737
2021-10-30 19:50:00,0.37377963737796377,-0.10756972111553798,0.12256142963514494,0.018746652383502926,0.6601012943162633,0.00033407572383073496,0.5,0.036701606251436036,0.6648429485613802,0.36962220931254447,0.38407722570747954,0.33675918415956824,0.2776453369947342
2021-10-30 20:00:00,0.31450488145048816,-0.3944223107569722,0.11779597915115403,0.018746652383502926,0.6601012943162633,0.00044543429844097997,0.5,0.022679633903148533,0.6779231452240921,0.3878727907235976,0.3839416677904831,0.31562979413162345,0.18927380539251926
2021-10-30 20:10:00,0.299860529986053,-0.17928286852589637,0.1130305286671629,0.014461703267273585,0.6520265406813155,0.00044543429844097997,0.5,0.022679633903148533,0.6779231452240921,0.3878727907235976,0.3839416677904831,0.31562979413162345,0.16984776015812422
2021-10-30 20:20:00,0.2838214783821479,0.36254980079681287,0.10915860014891998,0.0030351722906625245,0.6461765976102917,0.00044543429844097997,0.5,0.022679633903148533,0.6779231452240921,0.3878727907235976,0.3839416677904831,0.31562979413162345,0.1574000030176381
2021-10-30 20:30:00,0.25732217573221755,0.17928286852589648,0.10647803425167512,-0.001963935011604967,0.6461765976102917,0.00044543429844097997,0.5,0.022679633903148533,0.6779231452240921,0.3878727907235976,0.3839416677904831,0.31562979413162345,0.13565792054558898
2021-10-30 20:40:00,0.2594142259414226,-0.06772908366533881,0.101712583767684,-0.007320121406891644,0.6461765976102917,0.00044543429844097997,0.5,0.022679633903148533,0.6779231452240921,0.3878727907235976,0.3839416677904831,0.31562979413162345,0.13701585768818747
2021-10-30 20:50:00,0.2754532775453278,-0.17131474103585675,0.09664929262844368,-0.013390465988216249,0.6461765976102917,0.00044543429844097997,0.5,0.022679633903148533,0.6779231452240921,0.3878727907235976,0.3839416677904831,0.31562979413162345,0.15531783273232042
2021-10-30 21:00:00,0.2824267782426778,-0.42629482071713154,0.09456440804169763,-0.01696125691840733,0.6461765976102917,0.00044543429844097997,0.5,0.01026181174649099,0.6823684581057299,0.40500449112218706,0.377882950357443,0.2822559531984101,0.16318632406415498
2021-10-30 21:10:00,0.3277545327754533,-0.07569721115537853,0.09456440804169763,-0.01696125691840733,0.6331679993718182,0.00044543429844097997,0.5,0.01026181174649099,0.6823684581057299,0.40500449112218706,0.377882950357443,0.2822559531984101,0.21468986224482098
2021-10-30 21:20:00,0.3451882845188285,-0.059760956175298974,0.0936708860759492,-0.01696125691840733,0.6323042493881771,0.00044543429844097997,0.5,0.01026181174649099,0.6823684581057299,0.40500449112218706,0.377882950357443,0.2822559531984101,0.23119634262262925
2021-10-30 21:30:00,0.3417015341701534,0.043824701195219085,0.09337304542069957,-0.01696125691840733,0.6323042493881771,0.00033407572383073496,0.5,0.01026181174649099,0.6823684581057299,0.40500449112218706,0.377882950357443,0.2822559531984101,0.2468654284291685
2021-10-30 21:40:00,0.3591352859135286,-0.2749003984063746,0.09218168279970218,-0.01696125691840733,0.6323042493881771,0.00033407572383073496,0.5,0.01026181174649099,0.6823684581057299,0.40500449112218706,0.377882950357443,0.2822559531984101,0.2737601279478552
2021-10-30 21:50:00,0.39609483960948394,-0.2589641434262948,0.09247952345495158,-0.015890019639349995,0.6323042493881771,0.00022271714922048998,0.5,0.01026181174649099,0.6823684581057299,0.40500449112218706,0.377882950357443,0.2822559531984101,0.3312310454607179
2021-10-30 22:00:00,0.4072524407252441,-0.059760956175298974,0.09158600148920315,-0.00981967505802539,0.6323042493881771,0.00022271714922048998,0.5,-0.0705966500823989,0.6824776513116109,0.47039150183049844,0.4000427189520468,0.2459504781860071,0.35918946240777344
2021-10-30 22:10:00,0.4337517433751743,-0.003984063745020028,0.09158600148920315,-0.012319228709159136,0.6323042493881771,0.00022271714922048998,0.5,-0.0705966500823989,0.6824776513116109,0.47039150183049844,0.4000427189520468,0.2459504781860071,0.4186293887774039
2021-10-30 22:20:00,0.44421199442119946,-0.03585657370517936,0.09158600148920315,-0.009462595965006093,0.6323042493881771,0.00022271714922048998,0.5,-0.0705966500823989,0.6824776513116109,0.47039150183049844,0.4000427189520468,0.2459504781860071,0.45492403096096684
2021-10-30 22:30:00,0.45188284518828453,-0.17928286852589637,0.09069247952345472,-0.0033922513836815993,0.6323042493881771,0.00022271714922048998,0.5,-0.0705966500823989,0.6824776513116109,0.47039150183049844,0.4000427189520468,0.2459504781860071,0.47679436305203915
2021-10-30 22:40:00,0.4470013947001395,-0.2828685258964144,0.08592702903946359,-0.0012497768255668174,0.6283388517360066,0.00022271714922048998,0.5,-0.0705966500823989,0.6824776513116109,0.47039150183049844,0.4000427189520468,0.2459504781860071,0.45783605172231695
2021-10-30 22:50:00,0.4295676429567643,-0.09960159362549814,0.08413998510796716,0.0008926977325478536,0.6210231511169857,0.00022271714922048998,0.5,-0.0705966500823989,0.6824776513116109,0.47039150183049844,0.4000427189520468,0.2459504781860071,0.41128144001689876
2021-10-30 23:00:00,0.4344490934449094,-0.13147410358565736,0.0826507818317197,0.0008926977325478536,0.6210231511169857,0.00022271714922048998,0.5,-0.11341171087007218,0.6753858399400026,0.5073900296453376,0.43845345343274644,0.2276748764258041,0.4223486277290765
2021-10-30 23:10:00,0.42538354253835425,-0.06772908366533881,0.07818317200297842,-0.001963935011604967,0.6210231511169857,0.00022271714922048998,0.5,-0.11341171087007218,0.6753858399400026,0.5073900296453376,0.43845345343274644,0.2276748764258041,0.41306184649275013
2021-10-30 23:20:00,0.4177126917712692,-0.15537848605577698,0.07550260610573334,-0.0026780931976432276,0.6172409731583148,0.00022271714922048998,0.5,-0.11341171087007218,0.6753858399400026,0.5073900296453376,0.43845345343274644,0.2276748764258041,0.3941035351630279
2021-10-30 23:30:00,0.4379358437935844,-0.01195219123505975,0.07163067758749042,-0.0026780931976432276,0.6097420528457944,0.00044543429844097997,0.5,-0.11341171087007218,0.6753858399400026,0.5073900296453376,0.43845345343274644,0.2276748764258041,0.4579190367699202
2021-10-30 23:40:00,0.4295676429567643,-0.17131474103585675,0.06686522710349951,-0.008748437778968055,0.6097420528457944,0.00033407572383073496,0.5,-0.11341171087007218,0.6753858399400026,0.5073900296453376,0.43845345343274644,0.2276748764258041,0.41939888649154305
2021-10-30 23:50:00,0.4281729428172943,0.05976095617529875,0.06478034251675346,-0.010176754151044465,0.6097420528457944,0.00033407572383073496,0.5,-0.11341171087007218,0.6753858399400026,0.5073900296453376,0.43845345343274644,0.2276748764258041,0.41696968782533916
2021-10-31 00:00:00,0.43584379358437936,0.13147410358565725,0.06031273268801174,-0.01624709873236929,0.6097420528457944,0.00022271714922048998,0.5,-0.11115617484089746,0.6716502828966097,0.5137993422658665,0.47103548678854407,0.22093887016399877,0.4534453882945818
2021-10-31 00:10:00,0.43654114365411434,-0.08366533864541836,0.05793000744601606,-0.01696125691840733,0.6097420528457944,0.00022271714922048998,0.5,-0.11115617484089746,0.6716502828966097,0.5137993422658665,0.47103548678854407,0.22093887016399877,0.43874949077357156
2021-10-31 00:20:00,0.4386331938633194,-0.1872509960159363,0.055845122859270235,-0.01696125691840733,0.6097420528457944,0.00022271714922048998,0.5,-0.11115617484089746,0.6716502828966097,0.5137993422658665,0.47103548678854407,0.22093887016399877,0.433219668965101
2021-10-31 00:30:00,0.4504881450488145,-0.33067729083665354,0.05554728220402061,-0.01696125691840733,0.6097420528457944,0.00033407572383073496,0.5,-0.11115617484089746,0.6716502828966097,0.5137993422658665,0.47103548678854407,0.22093887016399877,0.43912669553540445
2021-10-31 00:40:00,0.44072524407252445,-0.4581673306772909,0.0507818317200297,-0.017318336011426405,0.6097420528457944,0.00022271714922048998,0.5,-0.11115617484089746,0.6716502828966097,0.5137993422658665,0.47103548678854407,0.22093887016399877,0.4377913906785159
2021-10-31 00:50:00,0.42398884239888424,-0.42629482071713154,0.04988830975428127,-0.01696125691840733,0.6096897043619374,0.00022271714922048998,0.5,-0.11115617484089746,0.6716502828966097,0.5137993422658665,0.47103548678854407,0.22093887016399877,0.38430375545060885
2021-10-31 01:00:00,0.39121338912133896,-0.14741035856573714,0.04810126582278462,-0.01696125691840733,0.5985656515423172,0.00033407572383073496,0.5,-0.1785300492992017,0.6561218596177653,0.5721476618582556,0.4944765552516557,0.21245217231773983,0.3453460476485055
2021-10-31 01:10:00,0.3856345885634589,-0.08366533864541836,0.04690990320178701,-0.02053204784859841,0.5985002159374959,0.00033407572383073496,0.5,-0.1785300492992017,0.6561218596177653,0.5721476618582556,0.4944765552516557,0.21245217231773983,0.34098556060171703
2021-10-31 01:20:00,0.38772663877266383,0.06772908366533859,0.042740134028294685,-0.024816996964827642,0.5985002159374959,0.00033407572383073496,0.5,-0.1785300492992017,0.6561218596177653,0.5721476618582556,0.4944765552516557,0.21245217231773983,0.3453988563151621
2021-10-31 01:30:00,0.397489539748954,-0.059760956175298974,0.04095309009679826,-0.03088734154615247,0.5985002159374959,0.00022271714922048998,0.5,-0.1785300492992017,0.6561218596177653,0.5721476618582556,0.4944765552516557,0.21245217231773983,0.37446625526200644
2021-10-31 01:40:00,0.41422594142259417,-0.01195219123505975,0.04095309009679826,-0.03160149973219073,0.5985002159374959,0.00022271714922048998,0.5,-0.1785300492992017,0.6561218596177653,0.5721476618582556,0.4944765552516557,0.21245217231773983,0.3908822064969748
2021-10-31 01:50:00,0.4372384937238493,0.12350597609561742,0.037676842889054374,-0.037671844313515335,0.5985002159374959,0.00022271714922048998,0.5,-0.1785300492992017,0.6561218596177653,0.5721476618582556,0.4944765552516557,0.21245217231773983,0.440416735820873
2021-10-31 02:00:00,0.4735006973500697,-0.05179282868525903,0.034996276991809294,-0.038386002499553595,0.5985002159374959,0.00011135857461024499,0.5,-0.18602145337421538,0.6358377848721433,0.5892163356374192,0.5117778644537988,0.2032303879917687,0.5300933958990298
2021-10-31 02:10:00,0.4783821478382148,-0.23505976095617542,0.034996276991809294,-0.038386002499553595,0.5985002159374959,0.00011135857461024499,0.5,-0.18602145337421538,0.6358377848721433,0.5892163356374192,0.5117778644537988,0.2032303879917687,0.5346123089457882
2021-10-31 02:20:00,0.48884239888423986,-0.3227091633466136,0.034996276991809294,-0.03445813247634355,0.5985002159374959,0.00011135857461024499,0.5,-0.18602145337421538,0.6358377848721433,0.5892163356374192,0.5117778644537988,0.2032303879917687,0.5352233806599574
2021-10-31 02:30:00,0.5,-0.4820717131474104,0.03201787043931481,-0.031244420639171433,0.5985002159374959,0.00011135857461024499,0.5,-0.18602145337421538,0.6358377848721433,0.5892163356374192,0.5117778644537988,0.2032303879917687,0.543423812182205
2021-10-31 02:40:00,0.5125523012552301,-0.40239043824701204,0.03201787043931481,-0.028387787895018723,0.5950059546400387,0.00011135857461024499,0.5,-0.18602145337421538,0.6358377848721433,0.5892163356374192,0.5117778644537988,0.2032303879917687,0.5823739758890717
2021-10-31 02:50:00,0.49860529986053004,0.09960159362549792,0.03052866716306757,-0.027673629708980574,0.5872191176663046,0.00011135857461024499,0.5,-0.18602145337421538,0.6358377848721433,0.5892163356374192,0.5117778644537988,0.2032303879917687,0.5830529444603709
2021-10-31 03:00:00,0.48884239888423986,0.25099601593625476,0.025465376023827258,-0.031244420639171433,0.5872191176663046,0.00011135857461024499,0.5,-0.18311446480131743,0.6239500929579015,0.5902582404768617,0.5453241816477267,0.20109097446628454,0.5873379905547927
2021-10-31 03:10:00,0.500697350069735,0.33864541832669315,0.02308265078183136,-0.031244420639171433,0.5872714661501617,0.00011135857461024499,0.5,-0.18311446480131743,0.6239500929579015,0.5902582404768617,0.5453241816477267,0.20109097446628454,0.5766102871282648
2021-10-31 03:20:00,0.4665271966527197,-0.019920318725099695,0.019806403574087694,-0.03088734154615247,0.5983955189697818,0.00011135857461024499,0.5,-0.18311446480131743,0.6239500929579015,0.5902582404768617,0.5453241816477267,0.20109097446628454,0.517615462377597
2021-10-31 03:30:00,0.4714086471408647,0.20318725099601576,0.017125837676842837,-0.029816104267095023,0.598460954574603,0.00011135857461024499,0.5,-0.18311446480131743,0.6239500929579015,0.5902582404768617,0.5453241816477267,0.20109097446628454,0.5493911915144017
2021-10-31 03:40:00,0.5446304044630405,0.4422310756972112,0.017125837676842837,-0.034101053383324476,0.598460954574603,0.00011135857461024499,0.5,-0.18311446480131743,0.6239500929579015,0.5902582404768617,0.5453241816477267,0.20109097446628454,0.7051465817704483
2021-10-31 03:50:00,0.5348675034867504,0.15537848605577675,0.017125837676842837,-0.03731476522049626,0.598460954574603,0.00011135857461024499,0.5,-0.18311446480131743,0.6239500929579015,0.5902582404768617,0.5453241816477267,0.20109097446628454,0.685041567964754
2021-10-31 04:00:00,0.5111576011157601,-0.019920318725099695,0.014445271779597979,-0.03160149973219073,0.598460954574603,0.00011135857461024499,0.5,-0.23068497573395974,0.6170680474818055,0.6524844091546103,0.5548601305230496,0.1992077835587985,0.656585240732079
2021-10-31 04:10:00,0.500697350069735,0.01195219123505975,0.014147431124348353,-0.028744866988037687,0.598460954574603,0.00011135857461024499,0.5,-0.23068497573395974,0.6170680474818055,0.6524844091546103,0.5548601305230496,0.1992077835587985,0.6259788463569564
2021-10-31 04:20:00,0.5181311018131102,-0.1394422310756973,0.012062546537602303,-0.027673629708980574,0.598460954574603,0.00011135857461024499,0.5,-0.23068497573395974,0.6170680474818055,0.6524844091546103,0.5548601305230496,0.1992077835587985,0.6467251082577666
2021-10-31 04:30:00,0.5153417015341701,-0.298804780876494,0.009679821295606628,-0.025174076057846828,0.598460954574603,0.00011135857461024499,0.5,-0.23068497573395974,0.6170680474818055,0.6524844091546103,0.5548601305230496,0.1992077835587985,0.6160583611207509
2021-10-31 04:40:00,0.5083682008368201,-0.3466135458167332,0.008190618019359386,-0.02053204784859841,0.598460954574603,0.00011135857461024499,0.5,-0.23068497573395974,0.6170680474818055,0.6524844091546103,0.5548601305230496,0.1992077835587985,0.5774099612233505
2021-10-31 04:50:00,0.4714086471408647,-0.3067729083665339,0.007297096053611174,-0.02053204784859841,0.59436468571279,0.00011135857461024499,0.5,-0.23068497573395974,0.6170680474818055,0.6524844091546103,0.5548601305230496,0.1992077835587985,0.5002036905713898
2021-10-31 05:00:00,0.47280334728033474,0.1394422310756971,0.005212211466865124,-0.02660239242992324,0.5871798563034117,0.00011135857461024499,0.5,-0.2353996684035845,0.6075481240319885,0.6568147310329505,0.5587997903964683,0.19099329318918246,0.5210103052340933
2021-10-31 05:10:00,0.4693165969316597,0.33864541832669315,0.004616530156366094,-0.031244420639171433,0.5871798563034117,0.00011135857461024499,0.5,-0.2353996684035845,0.6075481240319885,0.6568147310329505,0.5587997903964683,0.19099329318918246,0.49032846990660417
2021-10-31 05:20:00,0.46513249651324967,0.2828685258964143,0.0022338049143706407,-0.037671844313515335,0.5905432463912264,0.00011135857461024499,0.5,-0.2353996684035845,0.6075481240319885,0.6568147310329505,0.5587997903964683,0.19099329318918246,0.4876654042880637
2021-10-31 05:30:00,0.47280334728033474,-0.3944223107569722,0.00014892032762459095,-0.03802892340653463,0.596026750075251,0.00011135857461024499,0.5,-0.2353996684035845,0.6075481240319885,0.6568147310329505,0.5587997903964683,0.19099329318918246,0.49640901066735066
2021-10-31 05:40:00,0.45188284518828453,0.3705179282868525,0.0016381236038716107,-0.03910016068559197,0.5871275078195548,0.00011135857461024499,0.5,-0.2353996684035845,0.6075481240319885,0.6568147310329505,0.5587997903964683,0.19099329318918246,0.46463328153054606
2021-10-31 05:50:00,0.42677824267782427,0.41035856573705165,-0.00044676098287421695,-0.04338510980182109,0.5871275078195548,0.00011135857461024499,0.5,-0.2353996684035845,0.6075481240319885,0.6568147310329505,0.5587997903964683,0.19099329318918246,0.39872052144786274
2021-10-31 06:00:00,0.3933054393305439,0.4183266932270917,-0.0007446016381237319,-0.04767005891805021,0.5871275078195548,0.00011135857461024499,0.5,-0.22910524000382904,0.6143784464105625,0.6213479910169948,0.5792462711013611,0.19024090723888912,0.3431356277441646
2021-10-31 06:10:00,0.39191073919107394,0.019920318725099362,-0.0007446016381237319,-0.0526691662203177,0.5949405190352175,0.00011135857461024499,0.5,-0.22910524000382904,0.6143784464105625,0.6213479910169948,0.5792462711013611,0.19024090723888912,0.34188330793487937
2021-10-31 06:20:00,0.37517433751743373,-0.298804780876494,-0.0007446016381237319,-0.05052669166220303,0.5959874887123582,0.00011135857461024499,0.5,-0.22910524000382904,0.6143784464105625,0.6213479910169948,0.5792462711013611,0.19024090723888912,0.3094965070839054
2021-10-31 06:30:00,0.3716875871687587,0.2749003984063745,-0.0013402829486225398,-0.057311194429566115,0.5870489850937692,0.00011135857461024499,0.5,-0.22910524000382904,0.6143784464105625,0.6213479910169948,0.5792462711013611,0.19024090723888912,0.288644627849782
2021-10-31 06:40:00,0.3598326359832636,0.027888446215139417,-0.0037230081906179935,-0.06338153901089094,0.5957126591721088,0.00011135857461024499,0.5,-0.22910524000382904,0.6143784464105625,0.6213479910169948,0.5792462711013611,0.19024090723888912,0.2825716311842721
2021-10-31 06:50:00,0.3668061366806137,-0.1633466135458168,-0.0037230081906179935,-0.06338153901089094,0.5982777348811035,0.00011135857461024499,0.5,-0.22910524000382904,0.6143784464105625,0.6213479910169948,0.5792462711013611,0.19024090723888912,0.3020731173710337
2021-10-31 07:00:00,0.3598326359832636,-0.21912350597609564,-0.0037230081906179935,-0.06373861810391002,0.5982777348811035,0.00011135857461024499,0.5,-0.2169724199967782,0.6173898800886196,0.6136024379761633,0.5335043431504453,0.1941662462272697,0.2927486156585241
2021-10-31 07:10:00,0.37935843793584384,-0.33864541832669326,-0.0037230081906179935,-0.06480985538296735,0.5982777348811035,0.00011135857461024499,0.5,-0.2169724199967782,0.6173898800886196,0.6136024379761633,0.5335043431504453,0.1941662462272697,0.31229536641670563
2021-10-31 07:20:00,0.3688981868898187,-0.21115537848605592,-0.004318689501117023,-0.07052312087127288,0.5982777348811035,0.00011135857461024499,0.5,-0.2169724199967782,0.6173898800886196,0.6136024379761633,0.5335043431504453,0.1941662462272697,0.3044570514658177
2021-10-31 07:30:00,0.36541143654114366,0.03585657370517925,-0.009381980640357557,-0.07659346545259771,0.5982777348811035,0.00011135857461024499,0.5,-0.2169724199967782,0.6173898800886196,0.6136024379761633,0.5335043431504453,0.1941662462272697,0.30365737737073195
2021-10-31 07:40:00,0.4198047419804742,0.29083665338645415,-0.00967982129560696,-0.08194965184788428,0.5982777348811035,0.00011135857461024499,0.5,-0.2169724199967782,0.6173898800886196,0.6136024379761633,0.5335043431504453,0.1941662462272697,0.3681971121203434
2021-10-31 07:50:00,0.405160390516039,0.3227091633466135,-0.00967982129560696,-0.0880199964292091,0.6032770150894505,0.00011135857461024499,0.5,-0.2169724199967782,0.6173898800886196,0.6136024379761633,0.5335043431504453,0.1941662462272697,0.36233535012145995
2021-10-31 08:00:00,0.3842398884239888,-0.043824701195219196,-0.00967982129560696,-0.08373504731297987,0.6094410490636165,0.00011135857461024499,0.5,-0.21306383814679575,0.6336654147761401,0.6108240673423577,0.4935033571740857,0.19230974602680778,0.3349050198409705
2021-10-31 08:10:00,0.397489539748954,-0.0916334661354582,-0.00967982129560696,-0.0815925727548652,0.6094410490636165,0.0006681514476614699,0.5,-0.21306383814679575,0.6336654147761401,0.6108240673423577,0.4935033571740857,0.19230974602680778,0.35670745507491286
2021-10-31 08:20:00,0.43584379358437936,-0.21912350597609564,-0.00967982129560696,-0.08409212640599895,0.6094410490636165,0.000779510022271715,0.5,-0.21306383814679575,0.6336654147761401,0.6108240673423577,0.4935033571740857,0.19230974602680778,0.40418244639920337
2021-10-31 08:30:00,0.4246861924686192,-0.3545816733067729,-0.00967982129560696,-0.08123549366184613,0.6094410490636165,0.00022271714922048998,0.5,-0.21306383814679575,0.6336654147761401,0.6108240673423577,0.4935033571740857,0.19230974602680778,0.37021892964376785
2021-10-31 08:40:00,0.403068340306834,-0.3466135458167332,-0.00967982129560696,-0.08123549366184613,0.6094410490636165,0.00022271714922048998,0.5,-0.21306383814679575,0.6336654147761401,0.6108240673423577,0.4935033571740857,0.19230974602680778,0.332068440031987
2021-10-31 08:50:00,0.3612273361227336,-0.20318725099601598,-0.00967982129560696,-0.08052133547580786,0.6094410490636165,0.00022271714922048998,0.5,-0.21306383814679575,0.6336654147761401,0.6108240673423577,0.4935033571740857,0.19230974602680778,0.27591773918553947
2021-10-31 09:00:00,0.31241283124128316,-0.0916334661354582,-0.005807892777364376,-0.0815925727548652,0.6094410490636165,0.00022271714922048998,0.5,-0.20820255864890636,0.637510165025418,0.5956294526816559,0.46622763785489,0.19151262825882073,0.20856405691265445
2021-10-31 09:10:00,0.3193863319386332,-0.29083665338645437,-0.0028294862248698927,-0.08587752187109432,0.6094410490636165,0.00022271714922048998,0.5,-0.20820255864890636,0.637510165025418,0.5956294526816559,0.46622763785489,0.19151262825882073,0.20999743500761955
2021-10-31 09:20:00,0.3186889818688982,-0.6175298804780878,-0.0031273268801192966,-0.0815925727548652,0.6094410490636165,0.00033407572383073496,0.5,-0.20820255864890636,0.637510165025418,0.5956294526816559,0.46622763785489,0.19151262825882073,0.19254794272522896
2021-10-31 09:30:00,0.28521617852161785,-0.50597609561753,-0.000148920327624813,-0.08730583824317073,0.6094410490636165,0.00022271714922048998,0.5,-0.20820255864890636,0.637510165025418,0.5956294526816559,0.46622763785489,0.19151262825882073,0.15775457549376104
2021-10-31 09:40:00,0.24616457461645744,-0.33864541832669326,0.005510052122114528,-0.09087662917336181,0.6094410490636165,0.00022271714922048998,0.5,-0.20820255864890636,0.637510165025418,0.5956294526816559,0.46622763785489,0.19151262825882073,0.11530395159708497
2021-10-31 09:50:00,0.2315202231520223,-0.298804780876494,0.008190618019359386,-0.09194786645241915,0.6094410490636165,0.00022271714922048998,0.5,-0.20820255864890636,0.637510165025418,0.5956294526816559,0.46622763785489,0.19151262825882073,0.10404816150399082
2021-10-31 10:00:00,0.2391910739191074,0.09163346613545809,0.013551749813849545,-0.09194786645241915,0.6094410490636165,0.00022271714922048998,0.5,0.008559937002684537,0.6568143744235029,0.4209437583166288,0.4192552917185969,0.22958463077498634,0.11742384235858594
2021-10-31 10:10:00,0.2670850767085077,0.31474103585657365,0.01801935964259105,-0.09230494554543822,0.6094410490636165,0.00033407572383073496,0.5,0.008559937002684537,0.6568143744235029,0.4209437583166288,0.4192552917185969,0.22958463077498634,0.14422801273443278
2021-10-31 10:20:00,0.2775453277545328,0.36254980079681287,0.023380491437080986,-0.09194786645241915,0.6212587192943425,0.00022271714922048998,0.5,0.008559937002684537,0.6568143744235029,0.4209437583166288,0.4192552917185969,0.22958463077498634,0.16362388158788116
2021-10-31 10:30:00,0.34658298465829845,0.47410358565737054,0.026061057334326065,-0.09051955008034285,0.6370679614191673,0.00022271714922048998,0.5,0.008559937002684537,0.6568143744235029,0.4209437583166288,0.4192552917185969,0.22958463077498634,0.2505318587141844
2021-10-31 10:40:00,0.37517433751743373,-0.07569721115537853,0.024571854058078824,-0.08194965184788428,0.6509533967622463,0.00022271714922048998,0.5,0.008559937002684537,0.6568143744235029,0.4209437583166288,0.4192552917185969,0.22958463077498634,0.3109147969883972
2021-10-31 10:50:00,0.37866108786610875,0.13147410358565725,0.024869694713328228,-0.07695054454561678,0.6478386619727525,0.00022271714922048998,0.5,0.008559937002684537,0.6568143744235029,0.4209437583166288,0.4192552917185969,0.22958463077498634,0.31916803717730136
2021-10-31 11:00:00,0.43235704323570434,-0.08366533864541836,0.026061057334326065,-0.07159435815033022,0.6573399117928046,0.00033407572383073496,0.5,-0.002522494157372712,0.6440991129488773,0.4194024594584758,0.44215982422452077,0.29162092213327284,0.40597794106552804
2021-10-31 11:10:00,0.4260808926080893,0.17928286852589648,0.026061057334326065,-0.06373861810391002,0.651594665689495,0.00033407572383073496,0.5,-0.002522494157372712,0.6440991129488773,0.4194024594584758,0.44215982422452077,0.29162092213327284,0.41174917392157157
2021-10-31 11:20:00,0.37517433751743373,-0.059760956175298974,0.026061057334326065,-0.06123906445277627,0.653413775503527,0.00022271714922048998,0.5,-0.002522494157372712,0.6440991129488773,0.4194024594584758,0.44215982422452077,0.29162092213327284,0.2988140682287973
2021-10-31 11:30:00,0.43584379358437936,0.1633466135458166,0.03052866716306757,-0.058025352615604264,0.6544083966968106,0.00022271714922048998,0.5,-0.002522494157372712,0.6440991129488773,0.4194024594584758,0.44215982422452077,0.29162092213327284,0.4081430963984489
2021-10-31 11:40:00,0.33821478382147835,0.14741035856573692,0.032911392405063244,-0.05838243170862356,0.6511366164557458,0.00022271714922048998,0.5,-0.002522494157372712,0.6440991129488773,0.4194024594584758,0.44215982422452077,0.29162092213327284,0.2438477903345052
2021-10-31 11:50:00,0.3926080892608089,0.15537848605577675,0.040655249441548635,-0.0526691662203177,0.6543822224548821,0.00022271714922048998,0.5,-0.002522494157372712,0.6440991129488773,0.4194024594584758,0.44215982422452077,0.29162092213327284,0.33034084222279225
2021-10-31 12:00:00,0.3542538354253836,-0.10756972111553798,0.04571854058078917,-0.049455454383145914,0.6615539647432961,0.000556792873051225,0.5,-0.008075916968150798,0.6452542621269123,0.41208236780229984,0.3831874291094543,0.345280903868014,0.26473739004481195
2021-10-31 12:10:00,0.3096234309623431,-0.19521912350597614,0.05018615040953067,-0.04231387252276375,0.6502597793511405,0.000556792873051225,0.5,-0.008075916968150798,0.6452542621269123,0.41208236780229984,0.3831874291094543,0.345280903868014,0.1990132323430451
2021-10-31 12:20:00,0.3326359832635983,-0.20318725099601598,0.05941921072226353,-0.04159971433672538,0.6389263325960922,0.00033407572383073496,0.5,-0.008075916968150798,0.6452542621269123,0.41208236780229984,0.3831874291094543,0.345280903868014,0.2209967258626673
2021-10-31 12:30:00,0.29358437935843795,0.09960159362549792,0.07073715562174243,-0.04017139796464908,0.633311957702425,0.00022271714922048998,0.5,-0.008075916968150798,0.6452542621269123,0.41208236780229984,0.3831874291094543,0.345280903868014,0.17411771806207282
2021-10-31 12:40:00,0.2608089260808926,0.09960159362549792,0.08384214445271776,-0.034101053383324476,0.6406538325633744,0.00033407572383073496,0.5,-0.008075916968150798,0.6452542621269123,0.41208236780229984,0.3831874291094543,0.345280903868014,0.1370460340691341
2021-10-31 12:50:00,0.25662482566248257,0.24302788844621515,0.09188384214445255,-0.02945902517407606,0.6490034157385716,0.00033407572383073496,0.5,-0.008075916968150798,0.6452542621269123,0.41208236780229984,0.3831874291094543,0.345280903868014,0.1495692321619868
2021-10-31 13:00:00,0.2907949790794979,0.3306772908366533,0.09843633655994011,-0.02660239242992324,0.6530735103584562,0.00022271714922048998,0.5,0.12029605536346022,0.6270649728310065,0.29128253083453715,0.28840318002440696,0.4068197386782048,0.17300873606228406
2021-10-31 13:10:00,0.29497907949790797,-0.3466135458167332,0.10260610573343243,-0.021246206034636783,0.6578633966313752,0.0016703786191536749,0.5,0.12029605536346022,0.6270649728310065,0.29128253083453715,0.28840318002440696,0.4068197386782048,0.17181676901489204
2021-10-31 13:20:00,0.2594142259414226,-0.10756972111553798,0.1088607594936708,-0.019103731476522,0.6585570140424808,0.003006681514476615,0.5,0.12029605536346022,0.6270649728310065,0.29128253083453715,0.28840318002440696,0.4068197386782048,0.13430752749822714
2021-10-31 13:30:00,0.2719665271966527,0.08366533864541825,0.11779597915115403,-0.01553294054633092,0.6589888890343013,0.004899777282850779,0.5,0.12029605536346022,0.6270649728310065,0.29128253083453715,0.28840318002440696,0.4068197386782048,0.14335289768698042
2021-10-31 13:40:00,0.2719665271966527,-0.3067729083665339,0.12524199553239002,-0.006963042313872458,0.6625485859365798,0.004899777282850779,0.5,0.12029605536346022,0.6270649728310065,0.29128253083453715,0.28840318002440696,0.4068197386782048,0.13598231664076527
2021-10-31 13:50:00,0.24476987447698745,0.20318725099601576,0.1320923306031272,-0.0008926977325478536,0.6605986049129052,0.004008908685968819,0.5,0.12029605536346022,0.6270649728310065,0.29128253083453715,0.28840318002440696,0.4068197386782048,0.11765770931092236
2021-10-31 14:00:00,0.21408647140864714,0.19521912350597592,0.14043186895011162,0.0026780931976433386,0.6722199683291672,0.0027839643652561247,0.5,0.11811376271878382,0.616277833491857,0.28753200312926536,0.23555928836087442,0.5048629461468114,0.08746624017381595
2021-10-31 14:10:00,0.17573221757322177,0.6334661354581672,0.14936708860759484,0.010533833244063429,0.683422543874573,0.00022271714922048998,0.5,0.11811376271878382,0.616277833491857,0.28753200312926536,0.23555928836087442,0.5048629461468114,0.06495465998762769
2021-10-31 14:20:00,0.13389121338912133,-0.019920318725099695,0.15174981384959052,0.020174968755579448,0.7157869940191858,0.00011135857461024499,0.5,0.11811376271878382,0.616277833491857,0.28753200312926536,0.23555928836087442,0.5048629461468114,0.030372527422786184
2021-10-31 14:30:00,0.1680613668061367,0.10756972111553775,0.15443037974683538,0.031244420639171766,0.6981586420803287,0.00011135857461024499,0.5,0.11811376271878382,0.616277833491857,0.28753200312926536,0.23555928836087442,0.5048629461468114,0.04699216922914435
2021-10-31 14:40:00,0.14853556485355648,-0.03585657370517936,0.16008935219657472,0.03945723977861104,0.7294237740639437,0.00011135857461024499,0.5,0.11811376271878382,0.616277833491857,0.28753200312926536,0.23555928836087442,0.5048629461468114,0.04208850732531647
2021-10-31 14:50:00,0.17852161785216178,0.7689243027888444,0.1591958302308265,0.04231387252276364,0.748688016123333,0.00022271714922048998,0.5,0.11811376271878382,0.616277833491857,0.28753200312926536,0.23555928836087442,0.5048629461468114,0.0740830152239842
2021-10-31 15:00:00,0.2601115760111576,0.05976095617529875,0.14877140729709604,0.03802892340653452,0.7831333185012629,0.00033407572383073496,0.5,0.12278776461924257,0.6025137425396611,0.2783828713685032,0.26031838046592576,0.6103954152886769,0.13276853206994887
2021-10-31 15:10:00,0.1903765690376569,-0.11553784860557781,0.14192107222635886,0.031244420639171766,0.7932627501275994,0.00033407572383073496,0.5,0.12278776461924257,0.6025137425396611,0.2783828713685032,0.26031838046592576,0.6103954152886769,0.07522971769995625
2021-10-31 15:20:00,0.19456066945606695,0.2350597609561753,0.1365599404318687,0.02874486698803791,0.7843504207509391,0.00033407572383073496,0.5,0.12278776461924257,0.6025137425396611,0.2783828713685032,0.26031838046592576,0.6103954152886769,0.0805709371275103
2021-10-31 15:30:00,0.23709902370990238,0.24302788844621515,0.1356664184661205,0.029101946081057095,0.7912604206200679,0.00033407572383073496,0.5,0.12278776461924257,0.6025137425396611,0.2783828713685032,0.26031838046592576,0.6103954152886769,0.11579431778746777
2021-10-31 15:40:00,0.13319386331938632,0.22709163346613526,0.1332836932241248,0.02231744331369412,0.7851225608878302,0.00022271714922048998,0.5,0.12278776461924257,0.6025137425396611,0.2783828713685032,0.26031838046592576,0.6103954152886769,0.03157958266065151
2021-10-31 15:50:00,0.22384937238493724,0.1394422310756971,0.13358153387937444,0.025888234243884867,0.7956315190221304,0.00022271714922048998,0.5,0.12278776461924257,0.6025137425396611,0.2783828713685032,0.26031838046592576,0.6103954152886769,0.11596028788267423
2021-10-31 16:00:00,0.20920502092050208,-0.15537848605577698,0.13268801191362622,0.024816996964827753,0.7785266519218437,0.00033407572383073496,0.5,0.13087358745496913,0.5899450298413559,0.2739167315637944,0.36346793808186717,0.6719245193029687,0.08196659474629209
2021-10-31 16:10:00,0.2545327754532775,0.4183266932270917,0.13119880863737876,0.021246206034636783,0.7913127691039248,0.00033407572383073496,0.5,0.13087358745496913,0.5899450298413559,0.2739167315637944,0.36346793808186717,0.6719245193029687,0.132632738355689
2021-10-31 16:20:00,0.299163179916318,0.15537848605577675,0.12375279225614277,0.010176754151044465,0.805067333237361,0.00022271714922048998,0.5,0.13087358745496913,0.5899450298413559,0.2739167315637944,0.36346793808186717,0.6719245193029687,0.18253692834618346
2021-10-31 16:30:00,0.3158995815899582,0.2350597609561753,0.11690245718540582,0.004463488662738824,0.8141759694284855,0.00033407572383073496,0.5,0.13087358745496913,0.5899450298413559,0.2739167315637944,0.36346793808186717,0.6719245193029687,0.19031489053517814
2021-10-31 16:40:00,0.2894002789400279,-0.40239043824701204,0.11362620997766193,0.0008926977325478536,0.8339375220845167,0.00022271714922048998,0.5,0.13087358745496913,0.5899450298413559,0.2739167315637944,0.36346793808186717,0.6719245193029687,0.16317877996891833
2021-10-31 16:50:00,0.2733612273361227,0.1872509960159361,0.10945644080416961,0.0008926977325478536,0.8360183743178339,0.00022271714922048998,0.5,0.13087358745496913,0.5899450298413559,0.2739167315637944,0.36346793808186717,0.6719245193029687,0.15211159225674065
2021-10-31 17:00:00,0.29707112970711297,-0.10756972111553798,0.10945644080416961,-0.0026780931976432276,0.851788355079766,0.00022271714922048998,0.5,0.13175304171837765,0.5898703187004853,0.2720427992594563,0.47107617947791325,0.6953036046541754,0.18519244986948716
2021-10-31 17:10:00,0.3410041841004184,0.10756972111553775,0.11243484735666387,-0.0026780931976432276,0.8585805708602164,0.00022271714922048998,0.5,0.13175304171837765,0.5898703187004853,0.2720427992594563,0.47107617947791325,0.6953036046541754,0.22568915309986876
2021-10-31 17:20:00,0.3361227336122734,0.21912350597609564,0.11571109456440776,-0.0001785395465094819,0.851788355079766,0.00022271714922048998,0.5,0.13175304171837765,0.5898703187004853,0.2720427992594563,0.47107617947791325,0.6953036046541754,0.2505394028094211
2021-10-31 17:30:00,0.2705718270571827,0.5458167330677288,0.11839166046165284,0.0008926977325478536,0.851788355079766,0.00022271714922048998,0.5,0.13175304171837765,0.5898703187004853,0.2720427992594563,0.47107617947791325,0.6953036046541754,0.14296814882991082
2021-10-31 17:40:00,0.4588563458856346,0.17131474103585642,0.12375279225614277,0.0030351722906625245,0.851788355079766,0.00033407572383073496,0.5,0.13175304171837765,0.5898703187004853,0.2720427992594563,0.47107617947791325,0.6953036046541754,0.490464263620864
2021-10-31 17:50:00,0.4679218967921897,0.09960159362549792,0.1243484735666418,0.010533833244063429,0.851788355079766,0.00033407572383073496,0.5,0.13175304171837765,0.5898703187004853,0.2720427992594563,0.47107617947791325,0.6953036046541754,0.5016144363806448
2021-10-31 18:00:00,0.5348675034867504,-0.1633466135458168,0.12107222635889792,0.01696125691840744,0.851788355079766,0.0028953229398663697,0.5,0.026637044676129706,0.5758907148419439,0.33732011575085946,0.587906671696465,0.7016805898682154,0.6634428233022014
2021-10-31 18:10:00,0.4825662482566248,-0.2270916334661356,0.11809381980640343,0.023388680592751232,0.8475743021292745,0.00033407572383073496,0.5,0.026637044676129706,0.5758907148419439,0.33732011575085946,0.587906671696465,0.7016805898682154,0.5487499434192857
2021-10-31 18:20:00,0.48465829846582986,-0.01195219123505975,0.11511541325390895,0.028387787895018723,0.8452578817186007,0.00033407572383073496,0.5,0.026637044676129706,0.5758907148419439,0.33732011575085946,0.587906671696465,0.7016805898682154,0.5560752598940809
2021-10-31 18:30:00,0.5076708507670851,0.1633466135458166,0.11094564408041685,0.030530262453133394,0.8441193021947102,0.00022271714922048998,0.5,0.026637044676129706,0.5758907148419439,0.33732011575085946,0.587906671696465,0.7016805898682154,0.6108755676931665
2021-10-31 18:40:00,0.4916317991631799,-0.17131474103585675,0.1085629188384214,0.031958578825209694,0.8519061391684444,0.00044543429844097997,0.5,0.026637044676129706,0.5758907148419439,0.33732011575085946,0.587906671696465,0.7016805898682154,0.5762858910330884
2021-10-31 18:50:00,0.49372384937238495,0.06772908366533859,0.10647803425167512,0.03302981610426703,0.8549554383531166,0.00033407572383073496,0.5,0.026637044676129706,0.5758907148419439,0.33732011575085946,0.587906671696465,0.7016805898682154,0.5721366386529264
2021-10-31 19:00:00,0.4504881450488145,-0.2589641434262948,0.10588235294117632,0.03731476522049637,0.8632395859234927,0.00033407572383073496,0.5,0.03322461337932503,0.5921691230348809,0.33456102086384004,0.5771978041923939,0.7034618940436222,0.4548712222943103
2021-10-31 19:10:00,0.46582984658298465,0.20318725099601576,0.10141474311243459,0.038386002499553706,0.8632395859234927,0.00022271714922048998,0.5,0.03322461337932503,0.5921691230348809,0.33456102086384004,0.5771978041923939,0.7034618940436222,0.4870015239072378
2021-10-31 19:20:00,0.40794979079497906,0.19521912350597592,0.09903201787043914,0.0337439742903054,0.8632395859234927,0.00022271714922048998,0.5,0.03322461337932503,0.5921691230348809,0.33456102086384004,0.5771978041923939,0.7034618940436222,0.37021892964376785
2021-10-31 19:30:00,0.35704323570432356,-0.19521912350597614,0.09486224869694704,0.03302981610426703,0.8632395859234927,0.00022271714922048998,0.5,0.03322461337932503,0.5921691230348809,0.33456102086384004,0.5771978041923939,0.7034618940436222,0.27169304585301085
2021-10-31 19:40:00,0.37447698744769875,-0.3067729083665339,0.09426656738644801,0.030887341546152358,0.8624412715446729,0.00022271714922048998,0.5,0.03322461337932503,0.5921691230348809,0.33456102086384004,0.5771978041923939,0.7034618940436222,0.28306954146989155
2021-10-31 19:50:00,0.2496513249651325,-0.3545816733067729,0.09158600148920315,0.025888234243884867,0.8519061391684444,0.000556792873051225,0.5,0.03322461337932503,0.5921691230348809,0.33456102086384004,0.5771978041923939,0.7034618940436222,0.1366461970215912
2021-10-31 20:00:00,0.28103207810320785,-0.23505976095617542,0.09099032017870412,0.018746652383502926,0.8423001923806782,0.00033407572383073496,0.5,0.04839473247987214,0.6127031927518712,0.31331458259701883,0.6017502233627686,0.7181353921311833,0.16684521025393426
2021-10-31 20:10:00,0.3765690376569038,-0.2270916334661356,0.0856291883842144,0.01624709873236929,0.8269751737315307,0.00022271714922048998,0.5,0.04839473247987214,0.6127031927518712,0.31331458259701883,0.6017502233627686,0.7181353921311833,0.2897611539448074
2021-10-31 20:20:00,0.37377963737796377,0.07569721115537842,0.07818317200297842,0.009819675058025501,0.8243184881757862,0.00022271714922048998,0.5,0.04839473247987214,0.6127031927518712,0.31331458259701883,0.6017502233627686,0.7181353921311833,0.2732848499479458
2021-10-31 20:30:00,0.37308228730822873,0.3705179282868525,0.07371556217423669,0.0001785395465094819,0.8258365942076402,0.00022271714922048998,0.5,0.04839473247987214,0.6127031927518712,0.31331458259701883,0.6017502233627686,0.7181353921311833,0.2985877453716976
2021-10-31 20:40:00,0.3702928870292887,-0.36254980079681276,0.06865227103499616,-0.0026780931976432276,0.8354818023582992,0.00022271714922048998,0.5,0.04839473247987214,0.6127031927518712,0.31331458259701883,0.6017502233627686,0.7181353921311833,0.2951627261342547
2021-10-31 20:50:00,0.34309623430962344,-0.1633466135458168,0.06775874906924773,-0.0048205677557580096,0.8354818023582992,0.00022271714922048998,0.5,0.04839473247987214,0.6127031927518712,0.31331458259701883,0.6017502233627686,0.7181353921311833,0.2578948956651629
2021-10-31 21:00:00,0.30613668061366806,0.05179282868525892,0.06537602382725227,-0.01481878236029266,0.8354818023582992,0.00022271714922048998,0.5,0.04925787708252516,0.6163899002031586,0.3021217144204271,0.563080433489671,0.7325485550966968,0.19536189024850248
2021-10-31 21:10:00,0.2594142259414226,0.4581673306772909,0.062099776619508384,-0.025531155150865903,0.8354818023582992,0.00022271714922048998,0.5,0.04925787708252516,0.6163899002031586,0.3021217144204271,0.563080433489671,0.7325485550966968,0.14896570454305416
2021-10-31 21:20:00,0.3138075313807531,0.15537848605577675,0.05733432613551748,-0.031244420639171433,0.8354818023582992,0.00022271714922048998,0.5,0.04925787708252516,0.6163899002031586,0.3021217144204271,0.563080433489671,0.7325485550966968,0.22150218024352342
2021-10-31 21:30:00,0.303347280334728,0.2669322709163344,0.053760238272523964,-0.035529369755400886,0.8432555522110691,0.00022271714922048998,0.5,0.04925787708252516,0.6163899002031586,0.3021217144204271,0.563080433489671,0.7325485550966968,0.20258913348522115
2021-10-31 21:40:00,0.3598326359832636,-0.03585657370517936,0.04988830975428127,-0.03910016068559197,0.8494064990642708,0.00022271714922048998,0.5,0.04925787708252516,0.6163899002031586,0.3021217144204271,0.563080433489671,0.7325485550966968,0.2639980687116194
2021-10-31 21:50:00,0.29428172942817293,-0.20318725099601598,0.04929262844378246,-0.044099267987859125,0.8494064990642708,0.00022271714922048998,0.5,0.04925787708252516,0.6163899002031586,0.3021217144204271,0.563080433489671,0.7325485550966968,0.1818579597748842
2021-10-31 22:00:00,0.2880055788005579,-0.3545816733067729,0.04690990320178701,-0.04731297982503124,0.8460169347345278,0.00033407572383073496,0.5,-0.04743839934521221,0.6182892872844532,0.38339219410879916,0.5031764099450505,0.7358976375134457,0.18279342758422984
2021-10-31 22:10:00,0.2733612273361227,0.22709163346613526,0.044825018615040735,-0.04731297982503124,0.8354556281163706,0.00022271714922048998,0.5,-0.04743839934521221,0.6182892872844532,0.38339219410879916,0.5031764099450505,0.7358976375134457,0.1649214659685864
2021-10-31 22:20:00,0.25313807531380755,0.15537848605577675,0.04095309009679826,-0.050883770755222324,0.8354556281163706,0.00022271714922048998,0.5,-0.04743839934521221,0.6182892872844532,0.38339219410879916,0.5031764099450505,0.7358976375134457,0.14150459435399912
2021-10-31 22:30:00,0.22454672245467225,0.29083665338645415,0.037676842889054374,-0.05766827352258519,0.8354556281163706,0.00033407572383073496,0.5,-0.04743839934521221,0.6182892872844532,0.38339219410879916,0.5031764099450505,0.7358976375134457,0.12576761169033
2021-10-31 22:40:00,0.1680613668061367,0.41035856573705165,0.032911392405063244,-0.06052490626673801,0.8354556281163706,0.00033407572383073496,0.5,-0.04743839934521221,0.6182892872844532,0.38339219410879916,0.5031764099450505,0.7358976375134457,0.07654993436637145
2021-10-31 22:50:00,0.18758716875871687,0.15537848605577675,0.027550260610573307,-0.06409569719692909,0.8354556281163706,0.00033407572383073496,0.5,-0.04743839934521221,0.6182892872844532,0.38339219410879916,0.5031764099450505,0.7358976375134457,0.08160447817493248
2021-10-31 23:00:00,0.19665271966527195,0.4581673306772909,0.023976172747579794,-0.07052312087127288,0.8425357605580348,0.00033407572383073496,0.5,-0.10157203116646096,0.6195421356466989,0.457472059361184,0.41821834688414145,0.7400568118148416,0.08858276626884139
2021-10-31 23:10:00,0.2280334728033473,-0.12350597609561753,0.02308265078183136,-0.07552222817354037,0.8519061391684444,0.00033407572383073496,0.5,-0.10157203116646096,0.6195421356466989,0.457472059361184,0.41821834688414145,0.7400568118148416,0.10582102388460553
2021-10-31 23:20:00,0.22524407252440726,0.394422310756972,0.018317200297840452,-0.08230673094090324,0.8521547944667652,0.00033407572383073496,0.5,-0.10157203116646096,0.6195421356466989,0.457472059361184,0.41821834688414145,0.7400568118148416,0.09915958779063627
2021-10-31 23:30:00,0.21269177126917713,0.07569721115537842,0.016827997021593433,-0.08694875915015177,0.8657784873905591,0.00044543429844097997,0.5,-0.10157203116646096,0.6195421356466989,0.457472059361184,0.41821834688414145,0.7400568118148416,0.08665147788825686
2021-10-31 23:40:00,0.14714086471408647,0.4501992031872508,0.014147431124348353,-0.08837707552222807,0.8657915745115232,0.00022271714922048998,0.5,-0.10157203116646096,0.6195421356466989,0.457472059361184,0.41821834688414145,0.7400568118148416,0.04698462513390769
2021-10-31 23:50:00,0.17364016736401675,-0.10756972111553798,0.008488458674609012,-0.08337796821996057,0.8810642446768135,0.00033407572383073496,0.5,-0.10157203116646096,0.6195421356466989,0.457472059361184,0.41821834688414145,0.7400568118148416,0.07599167131885873
2021-11-01 00:00:00,0.17503486750348674,0.20318725099601576,0.004765450483990907,-0.0896268523477951,0.8816531651202053,0.00033407572383073496,0.5,-0.12424172584894466,0.6147088995336303,0.48769325996882656,0.3520185106434935,0.7600545485426976,0.07267604900644266
2021-11-01 00:10:00,0.17642956764295675,0.5139442231075697,0.0010424422933730249,-0.0958757364756293,0.8822420855635968,0.00033407572383073496,0.5,-0.12424172584894466,0.6147088995336303,0.48769325996882656,0.3520185106434935,0.7600545485426976,0.06936041160583611
2021-11-01 00:20:00,0.18340306834030684,0.8247011952191232,-0.0022338049143708627,-0.09908944831280142,0.8822420855635968,0.00033407572383073496,0.5,-0.12424172584894466,0.6147088995336303,0.48769325996882656,0.3520185106434935,0.7600545485426976,0.06025468865518959
2021-11-01 00:30:00,0.13458856345885634,0.17928286852589648,-0.005807892777364376,-0.09908944831280142,0.8822420855635968,0.00033407572383073496,0.5,-0.12424172584894466,0.6147088995336303,0.48769325996882656,0.3520185106434935,0.7600545485426976,0.030116028184739806
2021-11-01 00:40:00,0.1387726638772664,0.49003984063745,-0.00967982129560696,-0.09908944831280142,0.8822420855635968,0.00033407572383073496,0.5,-0.12424172584894466,0.6147088995336303,0.48769325996882656,0.3520185106434935,0.7600545485426976,0.05043982075229718
2021-11-01 00:50:00,0.15202231520223153,-0.12350597609561753,-0.00967982129560696,-0.09908944831280142,0.895329206527856,0.00022271714922048998,0.5,-0.12424172584894466,0.6147088995336303,0.48769325996882656,0.3520185106434935,0.7600545485426976,0.05526049760852181
2021-11-01 01:00:00,0.13389121338912133,-0.5776892430278885,-0.00967982129560696,-0.09908944831280142,0.8821635628378114,0.00033407572383073496,0.5,-0.18768260399576697,0.6090394733439283,0.5727809715914806,0.32127997997522606,0.789679434118976,0.038263651040330734
2021-11-01 01:10:00,0.12412831241283125,-0.5458167330677292,-0.012062546537602414,-0.09908944831280142,0.8821504757168471,0.00022271714922048998,0.5,-0.18768260399576697,0.6090394733439283,0.5727809715914806,0.32127997997522606,0.789679434118976,0.023122651900357588
2021-11-01 01:20:00,0.12831241283124128,-0.6095617529880479,-0.012658227848101444,-0.09908944831280142,0.8812867257332061,0.00011135857461024499,0.5,-0.18768260399576697,0.6090394733439283,0.5727809715914806,0.32127997997522606,0.789679434118976,0.022194728186248625
2021-11-01 01:30:00,0.11506276150627615,-0.4422310756972112,-0.012658227848101444,-0.09873236921978212,0.8656476161809165,0.00011135857461024499,0.5,-0.18768260399576697,0.6090394733439283,0.5727809715914806,0.32127997997522606,0.789679434118976,0.014318692759177392
2021-11-01 01:40:00,0.10390516039051603,-0.07569721115537853,-0.013253909158600363,-0.09230494554543822,0.8656476161809165,0.00011135857461024499,0.5,-0.18768260399576697,0.6090394733439283,0.5727809715914806,0.32127997997522606,0.789679434118976,0.0022556844757608222
2021-11-01 01:50:00,0.07810320781032079,0.15537848605577675,-0.017721518987341978,-0.09801821103374397,0.8656476161809165,0.000556792873051225,0.5,-0.18768260399576697,0.6090394733439283,0.5727809715914806,0.32127997997522606,0.789679434118976,0.0
2021-11-01 02:00:00,0.07461645746164575,0.2669322709163344,-0.01861504095309008,-0.11587216568469916,0.8656476161809165,0.9487750556792873,0.5,-0.20579229763763407,0.6003327519274042,0.6082318598419871,0.3148273724976547,0.8280845728043791,0.0
2021-11-01 02:10:00,0.09135285913528592,0.3705179282868525,-0.01027550260610588,-0.0880199964292091,0.8656476161809165,0.9993318485523385,0.5,-0.20579229763763407,0.6003327519274042,0.6082318598419871,0.3148273724976547,0.8280845728043791,0.0
2021-11-01 02:20:00,0.09693165969316596,0.41567065073041154,-0.01176470588235301,-0.07230851633636859,0.8656476161809165,0.9993318485523385,0.5,-0.20579229763763407,0.6003327519274042,0.6082318598419871,0.3148273724976547,0.8280845728043791,0.0
2021-11-01 02:30:00,0.10669456066945607,0.4608233731739706,-0.012658227848101444,-0.07445099089448304,0.8656476161809165,0.9993318485523385,0.5,-0.20579229763763407,0.6003327519274042,0.6082318598419871,0.3148273724976547,0.8280845728043791,0.0
2021-11-01 02:40:00,0.12133891213389121,0.5059760956175297,-0.012658227848101444,-0.07766470273165504,0.8656476161809165,0.9993318485523385,0.5,-0.20579229763763407,0.6003327519274042,0.6082318598419871,0.3148273724976547,0.8280845728043791,0.0
2021-11-01 02:50:00,0.13319386331938632,0.5511288180610889,-0.012658227848101444,-0.0798071772897695,0.8656476161809165,0.9993318485523385,0.5,-0.20579229763763407,0.6003327519274042,0.6082318598419871,0.3148273724976547,0.8280845728043791,0.0
2021-11-01 03:00:00,0.17852161785216178,0.5962815405046478,-0.012658227848101444,-0.08516336368505628,0.8656476161809165,0.9993318485523385,0.5,-0.22413813115301962,0.597154654935103,0.6464287811247831,0.3069886459912677,0.8772768360090863,0.0
2021-11-01 03:10:00,0.1792189679218968,0.6414342629482073,-0.009381980640357557,-0.09123370826638089,0.888209812723299,0.9920935412026727,0.5,-0.22413813115301962,0.597154654935103,0.6464287811247831,0.3069886459912677,0.8772768360090863,0.0
2021-11-01 03:20:00,0.17224546722454673,-0.4900398406374503,0.0016381236038716107,-0.08837707552222807,0.8992684299380979,0.9995545657015591,0.5,-0.22413813115301962,0.597154654935103,0.6464287811247831,0.3069886459912677,0.8772768360090863,0.0
2021-11-01 03:30:00,0.18688981868898188,-0.043824701195219196,0.0040208488458675085,-0.08980539189430448,0.8992684299380979,0.9370824053452117,0.5,-0.22413813115301962,0.597154654935103,0.6464287811247831,0.3069886459912677,0.8772768360090863,0.0
2021-11-01 03:40:00,0.1882845188284519,0.3227091633466135,0.009977661950856032,-0.08052133547580786,0.8992684299380979,0.005679287305122495,0.5,-0.22413813115301962,0.597154654935103,0.6464287811247831,0.3069886459912677,0.8772768360090863,0.051247038942619616
2021-11-01 03:50:00,0.19107391910739194,0.4183266932270917,0.025465376023827258,-0.04659882163899287,0.9093193388386489,0.00011135857461024499,0.5,-0.22413813115301962,0.597154654935103,0.6464287811247831,0.3069886459912677,0.8772768360090863,0.046396185705448345
2021-11-01 04:00:00,0.17642956764295675,0.4183266932270917,0.03588979895755773,-0.01981788966256015,0.9158236379578857,0.00011135857461024499,0.5,-0.2872858689964022,0.5938529972098259,0.7156852711862967,0.29621118585572703,0.9249949401820323,0.04189236084916336
2021-11-01 04:10:00,0.18898186889818688,0.6175298804780875,0.04631422189128798,0.0069630423138726805,0.9158236379578857,0.00011135857461024499,0.5,-0.2872858689964022,0.5938529972098259,0.7156852711862967,0.29621118585572703,0.9249949401820323,0.052861475323264476
2021-11-01 04:20:00,0.18898186889818688,0.6812749003984064,0.052271034996276944,0.024102838778789604,0.9158236379578857,0.00011135857461024499,0.5,-0.2872858689964022,0.5938529972098259,0.7156852711862967,0.29621118585572703,0.9249949401820323,0.05914570665540082
2021-11-01 04:30:00,0.16596931659693165,0.6733067729083664,0.05852568875651509,0.038386002499553706,0.9158236379578857,0.00011135857461024499,0.5,-0.2872858689964022,0.5938529972098259,0.7156852711862967,0.29621118585572703,0.9249949401820323,0.04417067761063415
2021-11-01 04:40:00,0.11715481171548117,0.7928286852589641,0.06090841399851055,0.06445277628994828,0.9158236379578857,0.00011135857461024499,0.5,-0.2872858689964022,0.5938529972098259,0.7156852711862967,0.29621118585572703,0.9249949401820323,0.015623821235119273
2021-11-01 04:50:00,0.12412831241283125,0.5139442231075697,0.06597170513775108,0.09766113194072501,0.9269215165355773,0.00011135857461024499,0.5,-0.2872858689964022,0.5938529972098259,0.7156852711862967,0.29621118585572703,0.9249949401820323,0.009045370188753264
2021-11-01 05:00:00,0.08298465829846582,-0.1633466135458168,0.06656738644825011,0.12801285484734892,0.9475075578123568,0.3484409799554566,0.5,-0.2860807218142213,0.5846003097638844,0.7255530585854619,0.285805520023145,0.9617787919467171,0.0
2021-11-01 05:10:00,0.05439330543933055,-0.15360779105799038,0.052271034996276944,0.12372790573111936,0.9487115729410688,0.9995545657015591,0.5,-0.2860807218142213,0.5846003097638844,0.7255530585854619,0.285805520023145,0.9617787919467171,0.0
2021-11-01 05:20:00,0.08298465829846582,-0.14386896857016396,0.03618763961280713,0.0973040528477056,0.9487115729410688,0.9995545657015591,0.5,-0.2860807218142213,0.5846003097638844,0.7255530585854619,0.285805520023145,0.9617787919467171,0.0
2021-11-01 05:30:00,0.099721059972106,-0.1341301460823373,0.03201787043931481,0.07587930726655978,0.9487115729410688,0.9995545657015591,0.5,-0.2860807218142213,0.5846003097638844,0.7255530585854619,0.285805520023145,0.9617787919467171,0.0
2021-11-01 05:40:00,0.07740585774058578,-0.12439132359451088,0.026061057334326065,0.05623995715050878,0.9487115729410688,0.9995545657015591,0.5,-0.2860807218142213,0.5846003097638844,0.7255530585854619,0.285805520023145,0.9617787919467171,0.0
2021-11-01 05:50:00,0.055788005578800565,-0.11465250110668446,0.018912881608339482,0.04302803070880201,0.9487115729410688,0.9995545657015591,0.5,-0.2860807218142213,0.5846003097638844,0.7255530585854619,0.285805520023145,0.9617787919467171,0.0
2021-11-01 06:00:00,0.05160390516039052,-0.10491367861885803,0.015338793745345969,0.033386895197286215,0.9487115729410688,0.9995545657015591,0.5,-0.32285380373641326,0.5811406092406209,0.8077187191722792,0.28858214287400974,0.9906025739605433,0.0
2021-11-01 06:10:00,0.06555090655509065,-0.0951748561310316,0.012062546537602303,0.022674522406713082,0.9487115729410688,0.9995545657015591,0.5,-0.32285380373641326,0.5811406092406209,0.8077187191722792,0.28858214287400974,0.9906025739605433,0.0
2021-11-01 06:20:00,0.07391910739191074,-0.08543603364320496,0.008190618019359386,0.0112479914301018,0.9487115729410688,0.9995545657015591,0.5,-0.32285380373641326,0.5811406092406209,0.8077187191722792,0.28858214287400974,0.9906025739605433,0.0
2021-11-01 06:30:00,0.07810320781032079,-0.07569721115537853,0.0034251675353684785,0.0008926977325478536,0.9487115729410688,0.9995545657015591,0.5,-0.32285380373641326,0.5811406092406209,0.8077187191722792,0.28858214287400974,0.9906025739605433,0.0
2021-11-01 06:40:00,0.0815899581589958,-0.0659583886675521,-0.0025316455696204887,-0.006963042313872458,0.9487115729410688,0.9995545657015591,0.5,-0.32285380373641326,0.5811406092406209,0.8077187191722792,0.28858214287400974,0.9906025739605433,0.0
2021-11-01 06:50:00,0.09344490934449094,-0.05621956617972568,-0.00819061801935983,-0.016604177825388367,0.9487115729410688,0.9995545657015591,0.5,-0.32285380373641326,0.5811406092406209,0.8077187191722792,0.28858214287400974,0.9906025739605433,0.0
2021-11-01 07:00:00,0.0801952580195258,-0.04648074369189914,-0.00967982129560696,-0.023031601499732157,0.9487115729410688,0.9995545657015591,0.5,-0.32266652613898306,0.5957179022261058,0.8402173746255338,0.2946595386221436,0.993849048567645,0.0
2021-11-01 07:10:00,0.05439330543933055,-0.036741921204072714,-0.012956068503350737,-0.029816104267095023,0.9487115729410688,0.9995545657015591,0.5,-0.32266652613898306,0.5957179022261058,0.8402173746255338,0.2946595386221436,0.993849048567645,0.0
2021-11-01 07:20:00,0.06694560669456066,-0.027003098716246288,-0.01921072226358911,-0.036243527941438924,0.9487115729410688,0.9995545657015591,0.5,-0.32266652613898306,0.5957179022261058,0.8402173746255338,0.2946595386221436,0.993849048567645,0.0
2021-11-01 07:30:00,0.07043235704323571,-0.01726427622841975,-0.02546537602382737,-0.041242635243706416,0.9487115729410688,0.9995545657015591,0.5,-0.32266652613898306,0.5957179022261058,0.8402173746255338,0.2946595386221436,0.993849048567645,0.0
2021-11-01 07:40:00,0.0801952580195258,-0.007525453740593213,-0.030230826507818387,-0.0480271380110695,0.9487115729410688,0.9995545657015591,0.5,-0.32266652613898306,0.5957179022261058,0.8402173746255338,0.2946595386221436,0.993849048567645,0.0
2021-11-01 07:50:00,0.07670850767085077,0.002213368747233213,-0.034996276991809516,-0.0526691662203177,0.9487115729410688,0.9995545657015591,0.5,-0.32266652613898306,0.5957179022261058,0.8402173746255338,0.2946595386221436,0.993849048567645,0.0
2021-11-01 08:00:00,0.056485355648535567,0.01195219123505975,-0.0424422933730455,-0.059453668987680564,0.9487115729410688,0.9995545657015591,0.5,-0.33668849848727067,0.6145537302410604,0.8919220290969935,0.28102226209484177,0.9999098578014446,0.0
2021-11-01 08:10:00,0.06834030683403068,0.021691013722886066,-0.043931496649292856,-0.06338153901089094,0.9487115729410688,0.9995545657015591,0.5,-0.33668849848727067,0.6145537302410604,0.8919220290969935,0.28102226209484177,0.9999098578014446,0.0
2021-11-01 08:20:00,0.07322175732217574,0.0314298362107126,-0.0424422933730455,-0.06623817175504376,0.9487115729410688,0.9995545657015591,0.5,-0.33668849848727067,0.6145537302410604,0.8919220290969935,0.28102226209484177,0.9999098578014446,0.0
2021-11-01 08:30:00,0.0808926080892608,0.04116865869853914,-0.041846612062546584,-0.07052312087127288,0.9487115729410688,0.9995545657015591,0.5,-0.33668849848727067,0.6145537302410604,0.8919220290969935,0.28102226209484177,0.9999098578014446,0.0
2021-11-01 08:40:00,0.09344490934449094,0.050907481186365455,-0.041846612062546584,-0.07587930726655945,0.9487115729410688,0.9995545657015591,0.5,-0.33668849848727067,0.6145537302410604,0.8919220290969935,0.28102226209484177,0.9999098578014446,0.0
2021-11-01 08:50:00,0.1094839609483961,0.06064630367419199,-0.04154877140729718,-0.08052133547580786,0.9487115729410688,0.9995545657015591,0.5,-0.33668849848727067,0.6145537302410604,0.8919220290969935,0.28102226209484177,0.9999098578014446,0.0
2021-11-01 09:00:00,0.11297071129707113,0.07038512616201853,-0.04154877140729718,-0.08766291733619003,0.9487115729410688,0.9995545657015591,0.5,-0.3123576865363251,0.6250017959408884,0.8471088345439644,0.23928191453045056,0.9931233319282399,0.0
2021-11-01 09:10:00,0.11924686192468618,0.08012394864984507,-0.03618763961280724,-0.09123370826638089,0.9487115729410688,0.9995545657015591,0.5,-0.3123576865363251,0.6250017959408884,0.8471088345439644,0.23928191453045056,0.9931233319282399,0.0
2021-11-01 09:20:00,0.13389121338912133,0.08986277113767138,-0.03350707371556216,-0.09194786645241915,0.9487115729410688,0.9995545657015591,0.5,-0.3123576865363251,0.6250017959408884,0.8471088345439644,0.23928191453045056,0.9931233319282399,0.0
2021-11-01 09:30:00,0.13737796373779637,0.09960159362549792,-0.030230826507818387,-0.0930191037314766,0.9487115729410688,0.9995545657015591,0.5,-0.3123576865363251,0.6250017959408884,0.8471088345439644,0.23928191453045056,0.9931233319282399,0.0
2021-11-01 09:40:00,0.12482566248256625,0.10934041611332423,-0.0269545793000745,-0.09908944831280142,0.9487115729410688,0.9995545657015591,0.5,-0.3123576865363251,0.6250017959408884,0.8471088345439644,0.23928191453045056,0.9931233319282399,0.0
2021-11-01 09:50:00,0.12691771269177127,0.11907923860115077,-0.024571854058079046,-0.09908944831280142,0.9487115729410688,0.9995545657015591,0.5,-0.3123576865363251,0.6250017959408884,0.8471088345439644,0.23928191453045056,0.9931233319282399,0.0
2021-11-01 10:00:00,0.13319386331938632,0.1288180610889773,-0.024571854058079046,-0.10051776468487772,0.9487115729410688,0.9995545657015591,0.5,-0.1310246769503136,0.6463778027453492,0.6283559931150077,0.12031258345826712,0.9315468249137255,0.0
2021-11-01 10:10:00,0.13668061366806136,0.13855688357680385,-0.01921072226358911,-0.10266023924299217,0.9487115729410688,0.9995545657015591,0.5,-0.1310246769503136,0.6463778027453492,0.6283559931150077,0.12031258345826712,0.9315468249137255,0.0
2021-11-01 10:20:00,0.1499302649930265,0.14829570606463038,-0.015338793745346302,-0.09908944831280142,0.9487115729410688,0.9995545657015591,0.5,-0.1310246769503136,0.6463778027453492,0.6283559931150077,0.12031258345826712,0.9315468249137255,0.0
2021-11-01 10:30:00,0.15411436541143653,0.1580345285524567,-0.007892777364110204,-0.09908944831280142,0.9487115729410688,0.9995545657015591,0.5,-0.1310246769503136,0.6463778027453492,0.6283559931150077,0.12031258345826712,0.9315468249137255,0.0
2021-11-01 10:40:00,0.12552301255230125,0.16777335104028324,-0.0034251675353685895,-0.0958757364756293,0.9487115729410688,0.9995545657015591,0.5,-0.1310246769503136,0.6463778027453492,0.6283559931150077,0.12031258345826712,0.9315468249137255,0.0
2021-11-01 10:50:00,0.13737796373779637,0.17751217352810955,-0.00044676098287421695,-0.09194786645241915,0.9487115729410688,0.9995545657015591,0.5,-0.1310246769503136,0.6463778027453492,0.6283559931150077,0.12031258345826712,0.9315468249137255,0.0
2021-11-01 11:00:00,0.1387726638772664,0.1872509960159361,0.004914370811615498,-0.09087662917336181,0.9487115729410688,0.9995545657015591,0.5,-0.11311860391972184,0.6532224926510098,0.5541187515352435,0.17702729826185765,0.7273714443453587,0.0
2021-11-01 11:10:00,0.14225941422594143,0.19698981850376263,0.006403574087862962,-0.08766291733619003,0.9487115729410688,0.9995545657015591,0.5,-0.11311860391972184,0.6532224926510098,0.5541187515352435,0.17702729826185765,0.7273714443453587,0.0
2021-11-01 11:20:00,0.15690376569037656,0.20672864099158916,0.012062546537602303,-0.08302088912694161,0.9487115729410688,0.9995545657015591,0.5,-0.11311860391972184,0.6532224926510098,0.5541187515352435,0.17702729826185765,0.7273714443453587,0.0
2021-11-01 11:30:00,0.17433751743375175,0.21646746347941548,0.021295606850334936,-0.0815925727548652,0.9487115729410688,0.9995545657015591,0.5,-0.11311860391972184,0.6532224926510098,0.5541187515352435,0.17702729826185765,0.7273714443453587,0.0
2021-11-01 11:40:00,0.16108786610878661,0.22620628596724202,0.024571854058078824,-0.0798071772897695,0.867898600986769,0.996770601336303,0.5,-0.11311860391972184,0.6532224926510098,0.5541187515352435,0.17702729826185765,0.7273714443453587,0.0
2021-11-01 11:50:00,0.14086471408647142,0.23594510845506855,0.026061057334326065,-0.06480985538296735,0.8116894164452763,0.9995545657015591,0.5,-0.11311860391972184,0.6532224926510098,0.5541187515352435,0.17702729826185765,0.7273714443453587,0.0
2021-11-01 12:00:00,0.16945606694560672,0.24568393094289487,0.02993298585256876,-0.05481164077843248,0.8116894164452763,0.9995545657015591,0.5,-0.10605061731565668,0.6488116618343908,0.4989624702478215,0.3562980417169687,0.7169366627785618,0.0
2021-11-01 12:10:00,0.2580195258019526,0.2554227534307214,0.03678332092330594,-0.04624174254597391,0.7023203465469631,0.9995545657015591,0.5,-0.10605061731565668,0.6488116618343908,0.4989624702478215,0.3562980417169687,0.7169366627785618,0.0
2021-11-01 12:20:00,0.25592747559274753,0.26516157591854794,0.048994787788533056,-0.011605070523120875,0.450039915718941,0.8698218262806237,0.5,-0.10605061731565668,0.6488116618343908,0.4989624702478215,0.3562980417169687,0.7169366627785618,0.0
2021-11-01 12:30:00,0.30474198047419804,0.2749003984063745,0.06001489203276256,-0.009462595965006093,0.38523249270393006,0.016146993318485525,0.5,-0.10605061731565668,0.6488116618343908,0.4989624702478215,0.3562980417169687,0.7169366627785618,0.14772092882900553
2021-11-01 12:40:00,0.3361227336122734,-0.003984063745020028,0.07550260610573334,-0.008034279592929794,0.38215701927732915,0.0400890868596882,0.5,-0.10605061731565668,0.6488116618343908,0.4989624702478215,0.3562980417169687,0.7169366627785618,0.16282420749279541
2021-11-01 12:50:00,0.3702928870292887,0.21912350597609564,0.08979895755770673,0.006605963220853273,0.37588828833544913,0.06102449888641426,0.5,-0.10605061731565668,0.6488116618343908,0.4989624702478215,0.3562980417169687,0.7169366627785618,0.16683012206346093
2021-11-01 13:00:00,0.3200836820083682,0.394422310756972,0.09843633655994011,0.019460810569541076,0.3639004855321878,0.030623608017817373,0.5,0.04968129455347392,0.644127848003059,0.350431301175047,0.47764139025388336,0.7407274931466782,0.1789308508230608
2021-11-01 13:10:00,0.3577405857740586,0.10756972111553775,0.10707371556217415,0.031244420639171766,0.36594207640261217,0.05434298440979955,0.5,0.04968129455347392,0.644127848003059,0.350431301175047,0.47764139025388336,0.7407274931466782,0.18468699548863104
2021-11-01 13:20:00,0.41841004184100417,0.09960159362549792,0.11541325390915858,0.0433851098018212,0.376948345133554,0.09276169265033408,0.5,0.04968129455347392,0.644127848003059,0.350431301175047,0.47764139025388336,0.7407274931466782,0.16907071834874846
2021-11-01 13:30:00,0.4421199442119944,-0.043824701195219196,0.12524199553239002,0.058739510801642636,0.37261650809438435,0.1076837416481069,0.5,0.04968129455347392,0.644127848003059,0.350431301175047,0.47764139025388336,0.7407274931466782,0.1693272175867948
2021-11-01 13:40:00,0.5251046025104603,0.1394422310756971,0.13715562174236773,0.06909480449919658,0.37905537160879976,0.394543429844098,0.5,0.04968129455347392,0.644127848003059,0.350431301175047,0.47764139025388336,0.7407274931466782,0.11444392474010591
2021-11-01 13:50:00,0.5292887029288703,-0.043824701195219196,0.15413253909158597,0.08194965184788416,0.3862532881391422,0.9993318485523385,0.5,0.04968129455347392,0.644127848003059,0.350431301175047,0.47764139025388336,0.7407274931466782,0.0
2021-11-01 14:00:00,0.5013947001394701,-0.553784860557769,0.15443037974683538,0.08944831280128551,0.3862532881391422,0.9993318485523385,0.5,0.07327927242236476,0.6187864037217651,0.32907542231956477,0.5741474075091636,0.7504465647967608,0.0
2021-11-01 14:10:00,0.5041841004184101,-0.5219123505976095,0.1511541325390915,0.08552044277807536,0.3862532881391422,0.9993318485523385,0.5,0.07327927242236476,0.6187864037217651,0.32907542231956477,0.5741474075091636,0.7504465647967608,0.0
2021-11-01 14:20:00,0.5139470013947002,-0.8087649402390438,0.16068503350707353,0.0830208891269415,0.3862532881391422,0.9993318485523385,0.5,0.07327927242236476,0.6187864037217651,0.32907542231956477,0.5741474075091636,0.7504465647967608,0.0
2021-11-01 14:30:00,0.49372384937238495,-0.2749003984063746,0.15591958302308262,0.0830208891269415,0.38256272002722125,0.2826280623608018,0.5,0.07327927242236476,0.6187864037217651,0.32907542231956477,0.5741474075091636,0.7504465647967608,0.33624032469785897
2021-11-01 14:40:00,0.5251046025104603,0.12350597609561742,0.14579300074460155,0.07587930726655978,0.38039025794715414,0.007461024498886415,0.5,0.07327927242236476,0.6187864037217651,0.32907542231956477,0.5741474075091636,0.7504465647967608,0.5660560978921798
2021-11-01 14:50:00,0.5195258019525802,-0.10756972111553798,0.11124348473566648,0.04088555615068734,0.38523249270393006,0.02494432071269488,0.5,0.07327927242236476,0.6187864037217651,0.32907542231956477,0.5741474075091636,0.7504465647967608,0.4575342879128506
2021-11-01 15:00:00,0.6073919107391912,0.1394422310756971,0.10230826507818302,0.02945902517407606,0.3826281556320425,0.04832962138084632,0.5,0.09246380272581445,0.6101199113810928,0.31819806768247316,0.6545604741693487,0.7513629960327359,0.5620426392262776
2021-11-01 15:10:00,0.5704323570432357,-0.11553784860557781,0.09486224869694704,0.027673629708980574,0.38307311774482733,0.01002227171492205,0.5,0.09246380272581445,0.6101199113810928,0.31819806768247316,0.6545604741693487,0.7513629960327359,0.6099778203600043
2021-11-01 15:20:00,0.5955369595536959,-0.003984063745020028,0.09813849590469093,0.02945902517407606,0.3901009017026345,0.0012249443207126948,0.5,0.09246380272581445,0.6101199113810928,0.31819806768247316,0.6545604741693487,0.7513629960327359,0.702747559485191
2021-11-01 15:30:00,0.5850767085076709,-0.12350597609561753,0.09903201787043914,0.029816104267095245,0.38417243590582506,0.0027839643652561247,0.5,0.09246380272581445,0.6101199113810928,0.31819806768247316,0.6545604741693487,0.7513629960327359,0.6929477797727719
2021-11-01 15:40:00,0.5355648535564853,0.06772908366533859,0.09605361131794465,0.035529369755400886,0.3814503147452592,0.0008908685968819599,0.5,0.09246380272581445,0.6101199113810928,0.31819806768247316,0.6545604741693487,0.7513629960327359,0.5994990720762858
2021-11-01 15:50:00,0.5676429567642958,-0.05179282868525903,0.09813849590469093,0.04552758435993587,0.3791731556974781,0.005345211581291759,0.5,0.09246380272581445,0.6101199113810928,0.31819806768247316,0.6545604741693487,0.7513629960327359,0.6150248200733286
2021-11-01 16:00:00,0.5753138075313807,0.13147410358565725,0.09932985852568854,0.049455454383146025,0.38184292837418693,0.005902004454342985,0.5,0.10200722227799597,0.5926863540101208,0.30967159326855415,0.7205557711066669,0.7525663047141908,0.6330023990222853
2021-11-01 16:10:00,0.5341701534170153,-0.06772908366533881,0.10111690245718519,0.04909837529012684,0.38179057989032994,0.009910913140311804,0.5,0.10200722227799597,0.5926863540101208,0.30967159326855415,0.7205557711066669,0.7525663047141908,0.5737435309383345
2021-11-01 16:20:00,0.5216178521617852,0.043824701195219085,0.10141474311243459,0.05552579896447085,0.38252345866432846,0.013585746102449888,0.5,0.10200722227799597,0.5926863540101208,0.30967159326855415,0.7205557711066669,0.7525663047141908,0.5136020037116948
2021-11-01 16:30:00,0.5132496513249651,0.019920318725099362,0.1005212211466866,0.05231208712729862,0.36989438693381843,0.000779510022271715,0.5,0.10200722227799597,0.5926863540101208,0.30967159326855415,0.7205557711066669,0.7525663047141908,0.5537441344659535
2021-11-01 16:40:00,0.50278940027894,-0.0916334661354582,0.10409530900967967,0.050883770755222324,0.3746057504809517,0.004788418708240535,0.5,0.10200722227799597,0.5926863540101208,0.30967159326855415,0.7205557711066669,0.7525663047141908,0.49489264752478235
2021-11-01 16:50:00,0.41631799163179917,-0.043824701195219196,0.10260610573343243,0.05124084984824129,0.3784664511654081,0.0010022271714922048,0.5,0.10200722227799597,0.5926863540101208,0.30967159326855415,0.7205557711066669,0.7525663047141908,0.3466360879339741
2021-11-01 17:00:00,0.5390516039051604,0.1633466135458166,0.10409530900967967,0.055882878057489815,0.37515540956145055,0.0014476614699331849,0.5,0.1042953442755925,0.5912467277957071,0.30627804732119746,0.733373742237679,0.7619053884926537,0.5783001644612762
2021-11-01 17:10:00,0.5425383542538355,0.027888446215139417,0.10647803425167512,0.055882878057489815,0.38396304197039693,0.0013363028953229399,0.5,0.1042953442755925,0.5912467277957071,0.30627804732119746,0.733373742237679,0.7619053884926537,0.5988201035049867
2021-11-01 17:20:00,0.4707112970711297,-0.1394422310756973,0.10409530900967967,0.05659703624352819,0.38125400793079534,0.00022271714922048998,0.5,0.1042953442755925,0.5912467277957071,0.30627804732119746,0.733373742237679,0.7619053884926537,0.41112301401692897
2021-11-01 17:30:00,0.49442119944211993,0.09960159362549792,0.1005212211466866,0.06302445991787198,0.38052112915679676,0.00033407572383073496,0.5,0.1042953442755925,0.5912467277957071,0.30627804732119746,0.733373742237679,0.7619053884926537,0.4912639377159498
2021-11-01 17:40:00,0.47629009762900976,-0.02788844621513953,0.1005212211466866,0.06195322263881464,0.37662116710944754,0.00044543429844097997,0.5,0.1042953442755925,0.5912467277957071,0.30627804732119746,0.733373742237679,0.7619053884926537,0.4509860132474312
2021-11-01 17:50:00,0.44072524407252445,-0.1394422310756973,0.09932985852568854,0.05838243170862345,0.368507152111607,0.00022271714922048998,0.5,0.1042953442755925,0.5912467277957071,0.30627804732119746,0.733373742237679,0.7619053884926537,0.3826365104033073
2021-11-01 18:00:00,0.4686192468619247,-0.12350597609561753,0.09456440804169763,0.051597928941260696,0.3635209590242242,0.00022271714922048998,0.5,-0.03589999809887401,0.5929392224869057,0.45884735853155334,0.6087179581575752,0.7507369192532651,0.42302005220513905
2021-11-01 18:10:00,0.4602510460251046,-0.01195219123505975,0.09426656738644801,0.04231387252276364,0.36161023936344244,0.00022271714922048998,0.5,-0.03589999809887401,0.5929392224869057,0.45884735853155334,0.6087179581575752,0.7507369192532651,0.4157173680160538
2021-11-01 18:20:00,0.4881450488145049,0.17928286852589648,0.09158600148920315,0.035529369755400886,0.3633377393307246,0.00022271714922048998,0.5,-0.03589999809887401,0.5929392224869057,0.45884735853155334,0.6087179581575752,0.7507369192532651,0.47062329314845275
2021-11-01 18:30:00,0.47629009762900976,-0.11553784860557781,0.08979895755770673,0.030530262453133394,0.359869652275196,0.00022271714922048998,0.5,-0.03589999809887401,0.5929392224869057,0.45884735853155334,0.6087179581575752,0.7507369192532651,0.45644039410353515
2021-11-01 18:40:00,0.41143654114365413,0.09163346613545809,0.08533134772896478,0.02945902517407606,0.361335409823193,0.00022271714922048998,0.5,-0.03589999809887401,0.5929392224869057,0.45884735853155334,0.6087179581575752,0.7507369192532651,0.31439262489249664
2021-11-01 18:50:00,0.42538354253835425,-0.1394422310756973,0.0826507818317197,0.025531155150865903,0.3632723037259034,0.00022271714922048998,0.5,-0.03589999809887401,0.5929392224869057,0.45884735853155334,0.6087179581575752,0.7507369192532651,0.33154789746065755
2021-11-01 19:00:00,0.43096234309623427,-0.29083665338645437,0.07997021593447484,0.02088912694161782,0.3632723037259034,0.00022271714922048998,0.5,-0.04694167178358655,0.6210076234098736,0.4939760120940094,0.42165377361732786,0.7768839963122276,0.35320699488510343
2021-11-01 19:10:00,0.4463040446304045,0.003984063745019917,0.07669396872673095,0.014818782360292992,0.3632723037259034,0.00022271714922048998,0.5,-0.04694167178358655,0.6210076234098736,0.4939760120940094,0.42165377361732786,0.7768839963122276,0.3764050877378276
2021-11-01 19:20:00,0.4693165969316597,-0.23505976095617542,0.07371556217423669,0.008034279592929794,0.3632723037259034,0.00022271714922048998,0.5,-0.04694167178358655,0.6210076234098736,0.4939760120940094,0.42165377361732786,0.7768839963122276,0.40117989649501334
2021-11-01 19:30:00,0.42189679218967924,-0.07569721115537853,0.07371556217423669,0.008034279592929794,0.3531166978576383,0.00022271714922048998,0.5,-0.04694167178358655,0.6210076234098736,0.4939760120940094,0.42165377361732786,0.7768839963122276,0.330567165079892
2021-11-01 19:40:00,0.3758716875871687,0.15537848605577675,0.06895011169024556,0.0048205677557580096,0.35201737969664054,0.00033407572383073496,0.5,-0.04694167178358655,0.6210076234098736,0.4939760120940094,0.42165377361732786,0.7768839963122276,0.2506978288093909
2021-11-01 19:50:00,0.3410041841004184,0.29083665338645415,0.06626954579300048,-0.006248884127834309,0.35475258797817066,0.00033407572383073496,0.5,-0.04694167178358655,0.6210076234098736,0.4939760120940094,0.42165377361732786,0.7768839963122276,0.19821355824795933
2021-11-01 20:00:00,0.33891213389121344,-0.3067729083665339,0.06478034251675346,-0.01624709873236929,0.36324612948397483,0.00022271714922048998,0.5,-0.06309710785355205,0.6234070004339006,0.532648232712033,0.3509492177880288,0.8358034719799321,0.192216002534816
2021-11-01 20:10:00,0.31311018131101814,-0.50597609561753,0.06478034251675346,-0.02053204784859841,0.36324612948397483,0.00033407572383073496,0.5,-0.06309710785355205,0.6234070004339006,0.532648232712033,0.3509492177880288,0.8358034719799321,0.16250735549285575
2021-11-01 20:20:00,0.300557880055788,-0.15537848605577698,0.0635889798957554,-0.02945902517407606,0.36324612948397483,0.00033407572383073496,0.5,-0.06309710785355205,0.6234070004339006,0.532648232712033,0.3509492177880288,0.8358034719799321,0.1446957466391056
2021-11-01 20:30:00,0.22663877266387727,0.3784860557768923,0.05912137006701412,-0.03445813247634355,0.36324612948397483,0.00022271714922048998,0.5,-0.06309710785355205,0.6234070004339006,0.532648232712033,0.3509492177880288,0.8358034719799321,0.10599453807504866
2021-11-01 20:40:00,0.2175732217573222,0.2669322709163344,0.05614296351451942,-0.038386002499553595,0.3717134967478504,0.00022271714922048998,0.5,-0.06309710785355205,0.6234070004339006,0.532648232712033,0.3509492177880288,0.8358034719799321,0.09989890912382877
2021-11-01 20:50:00,0.2175732217573222,-0.33067729083665354,0.05286671630677553,-0.041956793429744677,0.37464501184384447,0.00022271714922048998,0.5,-0.06309710785355205,0.6234070004339006,0.532648232712033,0.3509492177880288,0.8358034719799321,0.09061967198273911
2021-11-01 21:00:00,0.2580195258019526,0.10756972111553775,0.047505584512285814,-0.04767005891805021,0.36319378100011773,0.00033407572383073496,0.5,-0.07663049079404705,0.6241225032829828,0.5814782646298797,0.3570490889917884,0.9107277177588671,0.11873651492976446
2021-11-01 21:10:00,0.3193863319386332,0.05179282868525892,0.04810126582278462,-0.04909837529012662,0.36319378100011773,0.00044543429844097997,0.5,-0.07663049079404705,0.6241225032829828,0.5814782646298797,0.3570490889917884,0.9107277177588671,0.1790741886325573
2021-11-01 21:20:00,0.3103207810320781,0.003984063745019917,0.048994787788533056,-0.049455454383145914,0.36319378100011773,0.00033407572383073496,0.5,-0.07663049079404705,0.6241225032829828,0.5814782646298797,0.3570490889917884,0.9107277177588671,0.17322751482414714
2021-11-01 21:30:00,0.27405857740585776,-0.38645418326693237,0.04690990320178701,-0.055168719871451444,0.3629058643389041,0.00033407572383073496,0.5,-0.07663049079404705,0.6241225032829828,0.5814782646298797,0.3570490889917884,0.9107277177588671,0.11860826531074128
2021-11-01 21:40:00,0.2782426778242678,0.14741035856573692,0.040655249441548635,-0.06052490626673801,0.3493214327780032,0.00022271714922048998,0.5,-0.07663049079404705,0.6241225032829828,0.5814782646298797,0.3570490889917884,0.9107277177588671,0.12493776121429759
2021-11-01 21:50:00,0.2105997210599721,0.4183266932270917,0.03320923306031265,-0.06802356722013914,0.36092970907330096,0.00033407572383073496,0.5,-0.07663049079404705,0.6241225032829828,0.5814782646298797,0.3570490889917884,0.9107277177588671,0.07745522579477043
2021-11-01 22:00:00,0.15550906555090654,0.10756972111553775,0.019806403574087694,-0.06409569719692909,0.41310806035780184,0.00011135857461024499,0.5,-0.17557419845021538,0.624901223251257,0.713806519945262,0.35664957556294535,0.959062400772033,0.030025499041899904
2021-11-01 22:10:00,0.17852161785216178,-0.2270916334661356,0.012658227848101111,-0.06945188359221555,0.4090903142217744,0.00033407572383073496,0.5,-0.17557419845021538,0.624901223251257,0.713806519945262,0.35664957556294535,0.959062400772033,0.055003998370475427
2021-11-01 22:20:00,0.23500697350069735,-0.13147410358565736,0.008190618019359386,-0.0783788609176932,0.4209734200573216,0.00022271714922048998,0.5,-0.17557419845021538,0.624901223251257,0.713806519945262,0.35664957556294535,0.959062400772033,0.09588545045792658
2021-11-01 22:30:00,0.18688981868898188,-0.11553784860557781,0.009977661950856032,-0.08123549366184613,0.42098650717828584,0.00022271714922048998,0.5,-0.17557419845021538,0.624901223251257,0.713806519945262,0.35664957556294535,0.959062400772033,0.060775231226519004
2021-11-01 22:40:00,0.14295676429567641,-0.12350597609561753,0.014445271779597979,-0.08016425638278879,0.42098650717828584,0.00022271714922048998,0.5,-0.17557419845021538,0.624901223251257,0.713806519945262,0.35664957556294535,0.959062400772033,0.03220574256529414
2021-11-01 22:50:00,0.16736401673640167,-0.043824701195219196,0.014147431124348353,-0.07766470273165504,0.4307887607805159,0.00011135857461024499,0.5,-0.17557419845021538,0.624901223251257,0.713806519945262,0.35664957556294535,0.959062400772033,0.047625873229023646
2021-11-01 23:00:00,0.20223152022315202,-0.21912350597609564,0.011466865227103495,-0.0815925727548652,0.42204656397639084,0.00011135857461024499,0.5,-0.238070517102964,0.6219874887574107,0.8232288473724811,0.33116078153735135,0.9926559155549933,0.07992968903239435
2021-11-01 23:10:00,0.17433751743375175,-0.10756972111553798,0.00431868950111669,-0.0880199964292091,0.4433523969062046,0.00011135857461024499,0.5,-0.238070517102964,0.6219874887574107,0.8232288473724811,0.33116078153735135,0.9926559155549933,0.049081883609698694
2021-11-01 23:20:00,0.13807531380753138,0.2828685258964143,0.0034251675353684785,-0.0880199964292091,0.45170198008140183,0.00011135857461024499,0.5,-0.238070517102964,0.6219874887574107,0.8232288473724811,0.33116078153735135,0.9926559155549933,0.029738823422906895
2021-11-01 23:30:00,0.1311018131101813,0.5378486055776892,0.0022338049143706407,-0.0815925727548652,0.4761094606797451,0.00011135857461024499,0.5,-0.238070517102964,0.6219874887574107,0.8232288473724811,0.33116078153735135,0.9926559155549933,0.02687206723297675
2021-11-01 23:40:00,0.1415620641562064,0.4262948207171313,0.0004467609828739949,-0.08194965184788428,0.48341207417780163,0.00011135857461024499,0.5,-0.238070517102964,0.6219874887574107,0.8232288473724811,0.33116078153735135,0.9926559155549933,0.033601400184075925
2021-11-01 23:50:00,0.1206415620641562,-0.3705179282868527,0.0022338049143706407,-0.0880199964292091,0.48341207417780163,0.00011135857461024499,0.5,-0.238070517102964,0.6219874887574107,0.8232288473724811,0.33116078153735135,0.9926559155549933,0.023092475519410956
2021-11-02 00:00:00,0.10599721059972106,-0.5298804780876495,-0.0007446016381237319,-0.08302088912694161,0.47650207430867286,0.00011135857461024499,0.5,-0.2527357704880525,0.6170393124276239,0.8865968504190637,0.2854451442642151,0.021282467987794013,0.00853991580789716
2021-11-02 00:10:00,0.15481171548117156,0.14741035856573692,-0.0007446016381237319,-0.08194965184788428,0.4670008244886208,0.00011135857461024499,0.5,-0.2527357704880525,0.6170393124276239,0.8865968504190637,0.2854451442642151,0.021282467987794013,0.04196025770629328
2021-11-02 00:20:00,0.19177126917712692,0.38645418326693215,-0.0019359642591214588,-0.08980539189430448,0.47567758568792456,0.00011135857461024499,0.5,-0.2527357704880525,0.6170393124276239,0.8865968504190637,0.2854451442642151,0.021282467987794013,0.055547173227514825
2021-11-02 00:30:00,0.13528591352859135,0.19521912350597592,-0.0075949367088608,-0.09766113194072468,0.4834644226616587,0.000556792873051225,0.5,-0.2527357704880525,0.6170393124276239,0.8865968504190637,0.2854451442642151,0.021282467987794013,0.019154457805875342
2021-11-02 00:40:00,0.08368200836820083,0.38645418326693215,-0.02010424422933743,-0.10551687198714521,0.4929264111188179,0.14097995545657016,0.5,-0.2527357704880525,0.6170393124276239,0.8865968504190637,0.2854451442642151,0.021282467987794013,0.0
2021-11-02 00:50:00,0.09205020920502092,0.43426294820717115,-0.018912881608339704,-0.11194429566148911,0.49992802083469656,0.9993318485523385,0.5,-0.2527357704880525,0.6170393124276239,0.8865968504190637,0.2854451442642151,0.021282467987794013,0.0
2021-11-02 01:00:00,0.12552301255230125,0.6414342629482073,-0.011466865227103606,-0.08123549366184613,0.49992802083469656,0.9993318485523385,0.5,-0.2871372809827688,0.605042427307497,0.9318162306099621,0.26587710489899447,0.04281670625220886,0.0
2021-11-02 01:10:00,0.12203626220362622,0.8486055776892429,-0.010573343261355284,-0.07088019996429196,0.49992802083469656,0.9993318485523385,0.5,-0.2871372809827688,0.605042427307497,0.9318162306099621,0.26587710489899447,0.04281670625220886,0.0
2021-11-02 01:20:00,0.1317991631799163,0.3067729083665336,-0.011466865227103606,-0.07052312087127288,0.49992802083469656,0.9993318485523385,0.5,-0.2871372809827688,0.605042427307497,0.9318162306099621,0.26587710489899447,0.04281670625220886,0.0
2021-11-02 01:30:00,0.16248256624825663,-0.10756972111553798,-0.012062546537602414,-0.07159435815033022,0.49992802083469656,0.9993318485523385,0.5,-0.2871372809827688,0.605042427307497,0.9318162306099621,0.26587710489899447,0.04281670625220886,0.0
2021-11-02 01:40:00,0.17154811715481172,-0.14741035856573714,-0.0075949367088608,-0.07766470273165504,0.4999541950766251,0.39855233853006683,0.5,-0.2871372809827688,0.605042427307497,0.9318162306099621,0.26587710489899447,0.04281670625220886,0.0
2021-11-02 01:50:00,0.13668061366806136,0.5298804780876492,0.00014892032762459095,-0.07802178182467412,0.4999672821975893,0.6689309576837417,0.5,-0.2871372809827688,0.605042427307497,0.9318162306099621,0.26587710489899447,0.04281670625220886,0.0
2021-11-02 02:00:00,0.200836820083682,0.8964143426294817,-0.010573343261355284,-0.07230851633636859,0.5080289487115729,0.8412026726057907,0.5,-0.28788028775711494,0.591962230644785,0.9468379976202062,0.27163010731514553,0.0429553751649311,0.0
2021-11-02 02:10:00,0.23430962343096234,-0.3227091633466136,-0.0028294862248698927,-0.059453668987680564,0.5293086073994583,0.00022271714922048998,0.5,-0.28788028775711494,0.591962230644785,0.9468379976202062,0.27163010731514553,0.0429553751649311,0.06366461970215913
2021-11-02 02:20:00,0.19665271966527195,-0.17131474103585675,0.014147431124348353,-0.031958578825209805,0.5293086073994583,0.00011135857461024499,0.5,-0.28788028775711494,0.591962230644785,0.9468379976202062,0.27163010731514553,0.0429553751649311,0.038286283326040706
2021-11-02 02:30:00,0.2412831241283124,-0.47410358565737054,0.017125837676842837,-0.011962149616139839,0.5252385127795737,0.00011135857461024499,0.5,-0.28788028775711494,0.591962230644785,0.9468379976202062,0.27163010731514553,0.0429553751649311,0.07630852331879838
2021-11-02 02:40:00,0.21199442119944212,0.2350597609561753,0.021891288160833966,-0.0026780931976432276,0.5154886076612006,0.00011135857461024499,0.5,-0.28788028775711494,0.591962230644785,0.9468379976202062,0.27163010731514553,0.0429553751649311,0.0715331110339937
2021-11-02 02:50:00,0.18688981868898188,0.18326693227091617,0.021891288160833966,0.006605963220853273,0.5457067699676749,0.1989977728285078,0.5,-0.28788028775711494,0.591962230644785,0.9468379976202062,0.27163010731514553,0.0429553751649311,0.023273533805090757
2021-11-02 03:00:00,0.1506276150627615,0.13147410358565725,0.004616530156366094,0.011605070523120764,0.6552459724385233,0.0844097995545657,0.5,-0.28405315415164256,0.5916001689621192,0.9507334738687452,0.282611374448342,0.0390241450144998,0.0
2021-11-02 03:10:00,0.13458856345885634,0.1138603480813587,0.004616530156366094,0.003749330476700674,0.6622475821544018,0.9993318485523385,0.5,-0.28405315415164256,0.5916001689621192,0.9507334738687452,0.282611374448342,0.0390241450144998,0.0
2021-11-02 03:20:00,0.08437935843793584,0.09624659257705992,-0.01444527177959809,-0.001963935011604967,0.6622475821544018,0.9993318485523385,0.5,-0.28405315415164256,0.5916001689621192,0.9507334738687452,0.282611374448342,0.0390241450144998,0.0
2021-11-02 03:30:00,0.07880055788005579,0.07863283707276159,-0.03112434847356671,-0.01267630780217821,0.6622475821544018,0.9993318485523385,0.5,-0.28405315415164256,0.5916001689621192,0.9507334738687452,0.282611374448342,0.0390241450144998,0.0
2021-11-02 03:40:00,0.04741980474198048,0.06101908156846303,-0.03648548026805687,-0.021960364220674822,0.6622475821544018,0.9993318485523385,0.5,-0.28405315415164256,0.5916001689621192,0.9507334738687452,0.282611374448342,0.0390241450144998,0.0
2021-11-02 03:50:00,0.06764295676429567,0.04340532606416425,-0.04065524944154886,-0.02945902517407606,0.6622475821544018,0.9993318485523385,0.5,-0.28405315415164256,0.5916001689621192,0.9507334738687452,0.282611374448342,0.0390241450144998,0.0
2021-11-02 04:00:00,0.06555090655509065,0.025791570559865695,-0.044527177959791664,-0.03874308159257267,0.6622475821544018,0.9993318485523385,0.5,-0.3147109804707656,0.5851204142445409,0.9533249887689025,0.2920106624277521,0.02613760857413257,0.0
2021-11-02 04:10:00,0.0808926080892608,0.00817781505556714,-0.04542069992553999,-0.04731297982503124,0.6622475821544018,0.9993318485523385,0.5,-0.3147109804707656,0.5851204142445409,0.9559165036690594,0.2920106624277521,0.02613760857413257,0.0
2021-11-02 04:20:00,0.0808926080892608,-0.009435940448731528,-0.04512285927029036,-0.05552579896447052,0.6622475821544018,0.9993318485523385,0.5,-0.3147109804707656,0.5851204142445409,0.9585080185692166,0.2920106624277521,0.02613760857413257,0.0
2021-11-02 04:30:00,0.08577405857740586,-0.027049695953030084,-0.0424422933730455,-0.06195322263881431,0.6622475821544018,0.9993318485523385,0.5,-0.3147109804707656,0.5851204142445409,0.9610995334693737,0.2920106624277521,0.02613760857413257,0.0
2021-11-02 04:40:00,0.08437935843793584,-0.04466345145732864,-0.03737900223380497,-0.06945188359221555,0.6622475821544018,0.9993318485523385,0.5,-0.3147109804707656,0.5851204142445409,0.9636910483695309,0.2920106624277521,0.02613760857413257,0.0
2021-11-02 04:50:00,0.11506276150627615,-0.062277206961627196,-0.03201787043931503,-0.07909301910373145,0.6622475821544018,0.9993318485523385,0.5,-0.3147109804707656,0.5851204142445409,0.9662825632696881,0.2920106624277521,0.02613760857413257,0.0
2021-11-02 05:00:00,0.07601115760111576,-0.07989096246592586,-0.03172002978406563,-0.08587752187109432,0.6622475821544018,0.9993318485523385,0.5,-0.3225393174557063,0.5741436235478028,0.9688740781698452,0.29600130343321984,0.012234483084642995,0.0
2021-11-02 05:10:00,0.061366806136680614,-0.09750471797022442,-0.041250930752047776,-0.09051955008034285,0.6622475821544018,0.9993318485523385,0.5,-0.3225393174557063,0.5741436235478028,0.9714655930700024,0.29600130343321984,0.012234483084642995,0.0
2021-11-02 05:20:00,0.07740585774058578,-0.11511847347452309,-0.052271034996277055,-0.09551865738261023,0.6622475821544018,0.9993318485523385,0.5,-0.3225393174557063,0.5741436235478028,0.9740571079701594,0.29600130343321984,0.012234483084642995,0.0
2021-11-02 05:30:00,0.06834030683403068,-0.13273222897882164,-0.05346239761727478,-0.10016068559185842,0.6622475821544018,0.9993318485523385,0.5,-0.3225393174557063,0.5741436235478028,0.9766486228703166,0.29600130343321984,0.012234483084642995,0.0
2021-11-02 05:40:00,0.0808926080892608,-0.1503459844831203,-0.054355919583023216,-0.1037314765220495,0.6622475821544018,0.9993318485523385,0.5,-0.3225393174557063,0.5741436235478028,0.9792401377704738,0.29600130343321984,0.012234483084642995,0.0
2021-11-02 05:50:00,0.0794979079497908,-0.16795973998741887,-0.054355919583023216,-0.1105159792894127,0.6622475821544018,0.9993318485523385,0.5,-0.3225393174557063,0.5741436235478028,0.9818316526706309,0.29600130343321984,0.012234483084642995,0.0
2021-11-02 06:00:00,0.09693165969316596,-0.18557349549171753,-0.05733432613551759,-0.11622924477771823,0.6622475821544018,0.9993318485523385,0.5,-0.34335648148920217,0.5979305013979607,0.9844231675707881,0.2867411625726901,0.0012051812601567753,0.0
2021-11-02 06:10:00,0.08298465829846582,-0.20318725099601598,-0.06031273268801207,-0.12051419389394735,0.6622475821544018,0.9993318485523385,0.5,-0.34335648148920217,0.5979305013979607,0.9844231675707881,0.2867411625726901,0.0012051812601567753,0.0
2021-11-02 06:20:00,0.13807531380753138,-0.22080100650031464,-0.05793000744601651,-0.12194251026602376,0.6622475821544018,0.9993318485523385,0.5,-0.34335648148920217,0.5979305013979607,0.9844231675707881,0.2867411625726901,0.0012051812601567753,0.0
2021-11-02 06:30:00,0.14714086471408647,-0.2384147620046132,-0.048696947133283874,-0.1312265666845207,0.6622475821544018,0.9993318485523385,0.5,-0.34335648148920217,0.5979305013979607,0.9844231675707881,0.2867411625726901,0.0012051812601567753,0.0
2021-11-02 06:40:00,0.12761506276150628,-0.25602851750891187,-0.0424422933730455,-0.1347973576147118,0.6622475821544018,0.9993318485523385,0.5,-0.34335648148920217,0.5979305013979607,0.9844231675707881,0.2867411625726901,0.0012051812601567753,0.0
2021-11-02 06:50:00,0.11785216178521618,-0.2736422730132104,-0.04422933730454226,-0.13979646491697895,0.6622475821544018,0.9993318485523385,0.5,-0.34335648148920217,0.5979305013979607,0.9844231675707881,0.2867411625726901,0.0012051812601567753,0.0
2021-11-02 07:00:00,0.12273361227336123,-0.2912560285175091,-0.05167535368577825,-0.1469380467773611,0.6622475821544018,0.9993318485523385,0.5,-0.34473159601537307,0.5925800343096563,0.9729081915202694,0.2779665403740558,0.9770025561360618,0.0
2021-11-02 07:10:00,0.12761506276150628,-0.30886978402180765,-0.048696947133283874,-0.15015175861453323,0.6622475821544018,0.9993318485523385,0.5,-0.34473159601537307,0.5925800343096563,0.9729081915202694,0.2779665403740558,0.9770025561360618,0.0
2021-11-02 07:20:00,0.13807531380753138,-0.3264835395261063,-0.04303797468354453,-0.15407962863774327,0.6622475821544018,0.9993318485523385,0.5,-0.34473159601537307,0.5925800343096563,0.9729081915202694,0.2779665403740558,0.9770025561360618,0.0
2021-11-02 07:30:00,0.1771269177126918,-0.34409729503040476,-0.041250930752047776,-0.1612212104981252,0.6622475821544018,0.9993318485523385,0.5,-0.34473159601537307,0.5925800343096563,0.9729081915202694,0.2779665403740558,0.9770025561360618,0.0
2021-11-02 07:40:00,0.16248256624825663,-0.3617110505347033,-0.040357408786299453,-0.1612212104981252,0.6622475821544018,0.9993318485523385,0.5,-0.34473159601537307,0.5925800343096563,0.9729081915202694,0.2779665403740558,0.9770025561360618,0.0
2021-11-02 07:50:00,0.15550906555090654,-0.379324806039002,-0.0424422933730455,-0.16336368505623988,0.6622475821544018,0.9993318485523385,0.5,-0.34473159601537307,0.5925800343096563,0.9729081915202694,0.2779665403740558,0.9770025561360618,0.0
2021-11-02 08:00:00,0.14086471408647142,-0.39693856154330054,-0.04422933730454226,-0.16336368505623988,0.6622475821544018,0.9993318485523385,0.5,-0.3465952999493367,0.6085768389716311,0.9655254536870382,0.26546802629233474,0.9515449009231655,0.0
2021-11-02 08:10:00,0.1415620641562064,-0.4145523170475992,-0.04542069992553999,-0.16907695054454563,0.6622475821544018,0.9993318485523385,0.5,-0.3465952999493367,0.6085768389716311,0.9655254536870382,0.26546802629233474,0.9515449009231655,0.0
2021-11-02 08:20:00,0.12482566248256625,-0.43216607255189776,-0.04542069992553999,-0.17157650419567938,0.6622475821544018,0.9993318485523385,0.5,-0.3465952999493367,0.6085768389716311,0.9655254536870382,0.26546802629233474,0.9515449009231655,0.0
2021-11-02 08:30:00,0.13598326359832635,-0.44977982805619643,-0.04482501861504107,-0.1740760578468129,0.6622475821544018,0.9993318485523385,0.5,-0.3465952999493367,0.6085768389716311,0.9655254536870382,0.26546802629233474,0.9515449009231655,0.0
2021-11-02 08:40:00,0.13528591352859135,-0.4673935835604951,-0.04512285927029036,-0.17550437421888943,0.6622475821544018,0.9993318485523385,0.5,-0.3465952999493367,0.6085768389716311,0.9655254536870382,0.26546802629233474,0.9515449009231655,0.0
2021-11-02 08:50:00,0.1290097629009763,-0.48500733906479354,-0.0495904690990322,-0.18121763970719518,0.6622475821544018,0.9993318485523385,0.5,-0.3465952999493367,0.6085768389716311,0.9655254536870382,0.26546802629233474,0.9515449009231655,0.0
2021-11-02 09:00:00,0.12761506276150628,-0.5026210945690921,-0.052271034996277055,-0.1840742724513479,0.6622475821544018,0.9993318485523385,0.5,-0.33607780341889193,0.6226742565523112,0.9468846652176885,0.23462891660402033,0.9245933285973977,0.0
2021-11-02 09:10:00,0.1324965132496513,-0.5202348500733908,-0.054355919583023216,-0.18478843063738626,0.6622475821544018,0.9993318485523385,0.5,-0.33607780341889193,0.6226742565523112,0.9468846652176885,0.23462891660402033,0.9245933285973977,0.0
2021-11-02 09:20:00,0.15620641562064158,-0.5378486055776892,-0.054355919583023216,-0.18478843063738626,0.6622475821544018,0.9993318485523385,0.5,-0.33607780341889193,0.6226742565523112,0.9468846652176885,0.23462891660402033,0.9245933285973977,0.0
2021-11-02 09:30:00,0.14954285216178523,-0.5077467906153166,-0.05074874162323173,-0.18336011426530985,0.6622475821544018,0.9993318485523385,0.5,-0.33607780341889193,0.6226742565523112,0.9468846652176885,0.23462891660402033,0.9245933285973977,0.0
2021-11-02 09:40:00,0.14287928870292887,-0.47764497565294384,-0.047141563663440245,-0.18193179789323333,0.6622475821544018,0.9993318485523385,0.5,-0.33607780341889193,0.6226742565523112,0.9468846652176885,0.23462891660402033,0.9245933285973977,0.0
2021-11-02 09:50:00,0.13621571827057183,-0.4475431606905711,-0.04353438570364876,-0.18050348152115692,0.6622475821544018,0.9993318485523385,0.5,-0.33607780341889193,0.6226742565523112,0.9468846652176885,0.23462891660402033,0.9245933285973977,0.0
2021-11-02 10:00:00,0.12955214783821478,-0.41744134572819835,-0.039927207743857274,-0.1790751651490804,0.6622475821544018,0.9993318485523385,0.5,-0.08075076470295905,0.6248236386049699,0.6833869820483195,0.1551519174114875,0.8629487274077268,0.0
2021-11-02 10:10:00,0.12288857740585775,-0.3873395307658257,-0.03632000000000013,-0.17764684877700399,0.6622475821544018,0.9993318485523385,0.5,-0.08075076470295905,0.6248236386049699,0.6833869820483195,0.1551519174114875,0.8629487274077268,0.0
2021-11-02 10:20:00,0.1162250069735007,-0.35723771580345287,-0.032712822040208644,-0.17621853240492769,0.6622475821544018,0.9993318485523385,0.5,-0.08075076470295905,0.6248236386049699,0.6833869820483195,0.1551519174114875,0.8629487274077268,0.0
2021-11-02 10:30:00,0.10956144351464435,-0.32713590084108013,-0.02910564408041716,-0.17479021603285128,0.6622475821544018,0.9993318485523385,0.5,-0.08075076470295905,0.6248236386049699,0.6833869820483195,0.1551519174114875,0.8629487274077268,0.0
2021-11-02 10:40:00,0.10289787308228732,-0.2970340858787074,-0.025498466120625674,-0.17336189966077487,0.6622475821544018,0.9993318485523385,0.5,-0.08075076470295905,0.6248236386049699,0.6833869820483195,0.1551519174114875,0.8629487274077268,0.0
2021-11-02 10:50:00,0.09623430962343095,-0.26693227091633476,-0.021891288160834188,-0.17193358328869845,0.6622475821544018,0.9993318485523385,0.5,-0.08075076470295905,0.6248236386049699,0.6833869820483195,0.1551519174114875,0.8629487274077268,0.0
2021-11-02 11:00:00,0.12203626220362622,-0.23683045595396202,-0.013253909158600363,-0.17050526691662193,0.6622475821544018,0.9993318485523385,0.5,-0.07337336148778795,0.6302344493070541,0.6556187470333422,0.2537169793243602,0.7496307909876001,0.0
2021-11-02 11:10:00,0.199442119944212,-0.20672864099158927,-0.007297096053611507,-0.17050526691662193,0.6622475821544018,0.9993318485523385,0.5,-0.07337336148778795,0.6302344493070541,0.6556187470333422,0.2537169793243602,0.7496307909876001,0.0
2021-11-02 11:20:00,0.22175732217573224,-0.17662682602921664,-0.0010424422933731359,-0.17050526691662193,0.6622475821544018,0.9993318485523385,0.5,-0.07337336148778795,0.6302344493070541,0.6556187470333422,0.2537169793243602,0.7496307909876001,0.0
2021-11-02 11:30:00,0.23570432357043236,-0.14652501106684368,0.0040208488458675085,-0.17050526691662193,0.6622475821544018,0.9993318485523385,0.5,-0.07337336148778795,0.6302344493070541,0.6556187470333422,0.2537169793243602,0.7496307909876001,0.0
2021-11-02 11:40:00,0.2545327754532775,-0.11642319610447105,0.010573343261355062,-0.1694340296375647,0.6622475821544018,0.9993318485523385,0.5,-0.07337336148778795,0.6302344493070541,0.6556187470333422,0.2537169793243602,0.7496307909876001,0.0
2021-11-02 11:50:00,0.2894002789400279,-0.08632138114209842,0.01801935964259105,-0.1647920014283163,0.6622475821544018,0.9993318485523385,0.5,-0.07337336148778795,0.6302344493070541,0.6556187470333422,0.2537169793243602,0.7496307909876001,0.0
2021-11-02 12:00:00,0.37796373779637377,-0.056219566179725566,0.02784810126582271,-0.16229244777718255,0.6622475821544018,0.9993318485523385,0.5,-0.06101253976105192,0.6152749801009755,0.5874084734914731,0.41727716231758155,0.7298646424227427,0.0
2021-11-02 12:10:00,0.41143654114365413,-0.026117751217352936,0.038570364854802586,-0.1597928941260488,0.6622475821544018,0.9993318485523385,0.5,-0.06101253976105192,0.6152749801009755,0.5874084734914731,0.41727716231758155,0.7298646424227427,0.0
2021-11-02 12:20:00,0.0,0.003984063745019917,0.03812196574832449,-0.1607823960007142,0.6374605750480952,0.0,0.5,-0.06101253976105192,0.6152749801009755,0.5874084734914731,0.41727716231758155,0.7298646424227427,0.0
2021-11-02 12:30:00,0.0,0.003984063745019917,0.03767350707371553,-0.16177193358328856,0.6387038515396998,0.0,0.5,-0.06101253976105192,0.6152749801009755,0.5874084734914731,0.41727716231758155,0.7298646424227427,0.0
2021-11-02 12:40:00,0.0,0.003984063745019917,0.037225107967237436,-0.16276147116586315,0.6229469578987319,0.0,0.5,-0.06101253976105192,0.6152749801009755,0.5874084734914731,0.41727716231758155,0.7298646424227427,0.0
2021-11-02 12:50:00,0.0,0.003984063745019917,0.036776738644825,-0.16375108016425632,0.6558610671238434,0.0,0.5,-0.06101253976105192,0.6152749801009755,0.5874084734914731,0.41727716231758155,0.7298646424227427,0.0
2021-11-02 13:00:00,0.00044661746164574616,0.003984063745019917,0.036328279970215815,-0.1647405820389215,0.655884309850676,0.0037419819599109135,0.5,0.059916857418544245,0.6052723077409374,0.41646087904760565,0.5673632734998956,0.7295265456844316,0.0
2021-11-02 13:10:00,0.0008932349372384938,0.003984063745019917,0.035879880863737945,-0.16573011962149609,0.6559075264032665,0.007483963808463252,0.5,0.059916857418544245,0.6052723077409374,0.41646087904760565,0.5673632734998956,0.7295265456844316,0.0
2021-11-02 13:20:00,0.0013398523709902371,0.003984063745019917,0.03543151154132529,-0.16671965720407067,0.6559307691300991,0.011225945434298442,0.5,0.059916857418544245,0.6052723077409374,0.41646087904760565,0.5673632734998956,0.7295265456844316,0.0
2021-11-02 13:30:00,0.0017864698744769875,0.003984063745019917,0.0349830528667161,-0.16770923049455444,0.6559540118569315,0.014967927616926504,0.5,0.059916857418544245,0.6052723077409374,0.41646087904760565,0.5673632734998956,0.7295265456844316,0.0
2021-11-02 13:40:00,0.002233087308228731,0.003984063745019917,0.03453465376023801,-0.16869876807712902,0.6559772545837641,0.01870990868596882,0.5,0.059916857418544245,0.6052723077409374,0.41646087904760565,0.5673632734998956,0.7295265456844316,0.0
2021-11-02 13:50:00,0.0026797046722454674,0.003984063745019917,0.0340862844378258,-0.1696883056597036,0.6560004449621127,0.022451890868596884,0.5,0.059916857418544245,0.6052723077409374,0.41646087904760565,0.5673632734998956,0.7295265456844316,0.0
2021-11-02 14:00:00,0.003126322315202232,0.003984063745019917,0.03363782576321661,-0.17067787895018738,0.6560237007760663,0.026193873051224944,0.5,0.08206537672481318,0.5790515708017379,0.37172250482749664,0.6986518755390627,0.7296517103009178,0.0
2021-11-02 14:10:00,0.0035729396792189678,0.003984063745019917,0.03318942665673852,-0.17166738082485278,0.6560469435028987,0.029935855233853007,0.5,0.08206537672481318,0.5790515708017379,0.37172250482749664,0.6986518755390627,0.7296517103009178,0.0
2021-11-02 14:20:00,0.004019557322175732,0.003984063745019917,0.032741027550260426,-0.17265691840742725,0.6560701993168523,0.03367783741648107,0.5,0.08206537672481318,0.5790515708017379,0.37172250482749664,0.6986518755390627,0.7296517103009178,0.0
2021-11-02 14:30:00,0.004466174686192469,0.003984063745019917,0.0322925986597169,-0.17364649169791113,0.656093389695201,0.03741981737193764,0.5,0.08206537672481318,0.5790515708017379,0.37172250482749664,0.6986518755390627,0.7296517103009178,0.0
2021-11-02 14:40:00,0.004912792189679219,0.003984063745019917,0.031844199553238806,-0.1746360292804856,0.6561166324220334,0.041161799554565705,0.5,0.08206537672481318,0.5790515708017379,0.37172250482749664,0.6986518755390627,0.7296517103009178,0.0
2021-11-02 14:50:00,0.005359409344490935,0.003984063745019917,0.031395800446760935,-0.1756255668630602,0.656139888235987,0.04490378173719377,0.5,0.08206537672481318,0.5790515708017379,0.37172250482749664,0.6986518755390627,0.7296517103009178,0.0
2021-11-02 15:00:00,0.005806027196652719,0.003984063745019917,0.030947401340282843,-0.17661514015354407,0.6561630917014565,0.04864576391982183,0.5,0.09639679903729648,0.5603795325956109,0.33942066489405887,0.7935869886337753,0.7349757791614847,0.0
2021-11-02 15:10:00,0.006252644630404464,0.003984063745019917,0.030498972449739092,-0.17760467773611854,0.6561863344282891,0.05238774610244989,0.5,0.09639679903729648,0.5603795325956109,0.33942066489405887,0.7935869886337753,0.7349757791614847,0.0
2021-11-02 15:20:00,0.00669926220362622,0.003984063745019917,0.030050573343261222,-0.17859417961078372,0.6562095771551216,0.05612972828507795,0.5,0.09639679903729648,0.5603795325956109,0.33942066489405887,0.7935869886337753,0.7349757791614847,0.0
2021-11-02 15:30:00,0.0071458793584379355,0.003984063745019917,0.029602144452717694,-0.1795837529012676,0.6562328198819543,0.059871710467706014,0.5,0.09639679903729648,0.5603795325956109,0.33942066489405887,0.7935869886337753,0.7349757791614847,0.0
2021-11-02 15:40:00,0.007592497210599722,0.003984063745019917,0.029153745346239823,-0.18057329048384207,0.6562560364345448,0.06361369265033408,0.5,0.09639679903729648,0.5603795325956109,0.33942066489405887,0.7935869886337753,0.7349757791614847,0.0
2021-11-02 15:50:00,0.008039114644351465,0.003984063745019917,0.02870534623976151,-0.18156282806641666,0.6562792660742564,0.06735567483296213,0.5,0.09639679903729648,0.5603795325956109,0.33942066489405887,0.7935869886337753,0.7349757791614847,0.0
2021-11-02 16:00:00,0.008485731520223153,0.003984063745019917,0.02825691734921798,-0.18255240135690054,0.6563024957139679,0.07109765033407572,0.5,0.11529632719113936,0.549394121382615,0.2743757986912022,0.8339585484036367,0.7378822066474425,0.0
2021-11-02 16:10:00,0.008932349372384938,0.003984063745019917,0.02780851824274011,-0.18354193893947512,0.6563257122665584,0.0748396325167038,0.5,0.11529632719113936,0.549394121382615,0.2743757986912022,0.8339585484036367,0.7378822066474425,0.0
2021-11-02 16:20:00,0.009378966527196653,0.003984063745019917,0.027360119136262018,-0.1845314765220496,0.656348954993391,0.07858161469933185,0.5,0.11529632719113936,0.549394121382615,0.2743757986912022,0.8339585484036367,0.7378822066474425,0.0
2021-11-02 16:30:00,0.009825584379358439,0.003984063745019917,0.02691169024571849,-0.18552101410462418,0.6563722108073445,0.08232359688195992,0.5,0.11529632719113936,0.549394121382615,0.2743757986912022,0.8339585484036367,0.7378822066474425,0.0
2021-11-02 16:40:00,0.010272201534170152,0.003984063745019917,0.026463291139240397,-0.18651055168719866,0.6563954535341769,0.08606557906458798,0.5,0.11529632719113936,0.549394121382615,0.2743757986912022,0.8339585484036367,0.7378822066474425,0.0
2021-11-02 16:50:00,0.01071881868898187,0.003984063745019917,0.026014877140729586,-0.18750008926977313,0.6564186569996466,0.08980756124721605,0.5,0.11529632719113936,0.549394121382615,0.2743757986912022,0.8339585484036367,0.7378822066474425,0.0
2021-11-02 17:00:00,0.011165437238493725,0.003984063745019917,0.025566463142218776,-0.188489662560257,0.6564418997264793,0.09354954342984409,0.5,0.11558946749457921,0.5484918406813649,0.2659240177960796,0.8270190480609297,0.7325348176659406,0.0
2021-11-02 17:10:00,0.011612054393305439,0.003984063745019917,0.025118064035740684,-0.1894792001428316,0.6564651424533117,0.09729152561247216,0.5,0.11558946749457921,0.5484918406813649,0.2659240177960796,0.8270190480609297,0.7325348176659406,0.0
2021-11-02 17:20:00,0.012058672245467224,0.003984063745019917,0.024669650037230095,-0.19046873772540607,0.6564883851801442,0.10103350779510022,0.5,0.11558946749457921,0.5484918406813649,0.2659240177960796,0.8270190480609297,0.7325348176659406,0.0
2021-11-02 17:30:00,0.012505289400278941,0.003984063745019917,0.024221236038719063,-0.1914582931619353,0.6565115886456139,0.10477548997772829,0.5,0.11558946749457921,0.5484918406813649,0.2659240177960796,0.8270190480609297,0.7325348176659406,0.0
2021-11-02 17:40:00,0.012951906555090655,0.003984063745019917,0.02377283693224097,-0.19244781289055524,0.6565348313724464,0.10851747216035634,0.5,0.11558946749457921,0.5484918406813649,0.2659240177960796,0.8270190480609297,0.7325348176659406,0.0
2021-11-02 17:50:00,0.01339852440725244,0.003984063745019917,0.023324422933730382,-0.19343735047312982,0.6565580871863999,0.11225945434298441,0.5,0.11558946749457921,0.5484918406813649,0.2659240177960796,0.8270190480609297,0.7325348176659406,0.0
2021-11-02 18:00:00,0.013845141562064157,0.003984063745019917,0.02287600893521935,-0.1944268880557044,0.6565812906518695,0.11600143652561247,0.5,-0.008743612466451056,0.5423885151735474,0.3110465119965527,0.7586957875490484,0.7127105810928737,0.0
2021-11-02 18:10:00,0.014291758716875871,0.003984063745019917,0.02242760982874148,-0.19541646134618817,0.656604546465823,0.11974341870824054,0.5,-0.008743612466451056,0.5423885151735474,0.3110465119965527,0.7586957875490484,0.7127105810928737,0.0
2021-11-02 18:20:00,0.014738377266387727,0.003984063745019917,0.02197918093819795,-0.19640599892876276,0.6566277761055346,0.1234854008908686,0.5,-0.008743612466451056,0.5423885151735474,0.3110465119965527,0.7586957875490484,0.7127105810928737,0.0
2021-11-02 18:30:00,0.015184993723849372,0.003984063745019917,0.02153078183171986,-0.19739553651133723,0.6566510057452462,0.12722738307349668,0.5,-0.008743612466451056,0.5423885151735474,0.3110465119965527,0.7586957875490484,0.7127105810928737,0.0
2021-11-02 18:40:00,0.01563161087866109,0.003984063745019917,0.021082382725241766,-0.19838509194786635,0.6566742222978367,0.13096936525612474,0.5,-0.008743612466451056,0.5423885151735474,0.3110465119965527,0.7586957875490484,0.7127105810928737,0.0
2021-11-02 18:50:00,0.016078229428172944,0.003984063745019917,0.020633953834698238,-0.1993746116764863,0.6566974650246692,0.1347113474387528,0.5,-0.008743612466451056,0.5423885151735474,0.3110465119965527,0.7586957875490484,0.7127105810928737,0.0
2021-11-02 19:00:00,0.016524846582984656,0.003984063745019917,0.020185554728220367,-0.20036414925906088,0.6567207077515018,0.1384533184855234,0.5,-0.007815329280043581,0.5631122362481221,0.3092950821356057,0.6288881878479459,0.7042544749971759,0.0
2021-11-02 19:10:00,0.016971463737796375,0.003984063745019917,0.019737155621742053,-0.20135372254954464,0.6567439243040923,0.14219530066815145,0.5,-0.007815329280043581,0.5631122362481221,0.3092950821356057,0.6288881878479459,0.7042544749971759,0.0
2021-11-02 19:20:00,0.01741808158995816,0.003984063745019917,0.019288726731198524,-0.20234326013211923,0.6567671539438039,0.14593728285077953,0.5,-0.007815329280043581,0.5631122362481221,0.3092950821356057,0.6288881878479459,0.7042544749971759,0.0
2021-11-02 19:30:00,0.017864698744769876,0.003984063745019917,0.018840327624720654,-0.2033327977146938,0.6567904097577575,0.1496792650334076,0.5,-0.007815329280043581,0.5631122362481221,0.3092950821356057,0.6288881878479459,0.7042544749971759,0.0
2021-11-02 19:40:00,0.01831131589958159,0.003984063745019917,0.018391928518242784,-0.20432237100517758,0.6568136524845899,0.15342124721603562,0.5,-0.007815329280043581,0.5631122362481221,0.3092950821356057,0.6288881878479459,0.7042544749971759,0.0
2021-11-02 19:50:00,0.018757933054393307,0.003984063745019917,0.017943499627699033,-0.20531189073379752,0.6568368428629386,0.1571632293986637,0.5,-0.007815329280043581,0.5631122362481221,0.3092950821356057,0.6288881878479459,0.7042544749971759,0.0
2021-11-02 20:00:00,0.019204552301255232,0.003984063745019917,0.01749510052122094,-0.20630141046241735,0.656860098676892,0.16090521158129176,0.5,-0.012855748221530017,0.5601036760754816,0.31024415903657787,0.5618839997120559,0.7083589535504591,0.0
2021-11-02 20:10:00,0.019651169456066948,0.003984063745019917,0.01704670141474307,-0.20729098375290134,0.6568833414037246,0.16464719376391984,0.5,-0.012855748221530017,0.5601036760754816,0.31024415903657787,0.5618839997120559,0.7083589535504591,0.0
2021-11-02 20:20:00,0.02009778661087866,0.003984063745019917,0.01659827252419932,-0.2082805213354757,0.6569065972176781,0.16838917594654787,0.5,-0.012855748221530017,0.5601036760754816,0.31024415903657787,0.5618839997120559,0.7083589535504591,0.0
2021-11-02 20:30:00,0.020544403765690375,0.003984063745019917,0.01614987341772145,-0.20927005891805028,0.6569297875960268,0.17213115812917595,0.5,-0.012855748221530017,0.5601036760754816,0.31024415903657787,0.5618839997120559,0.7083589535504591,0.0
2021-11-02 20:40:00,0.020991020223152024,0.003984063745019917,0.015701474311243357,-0.21025963220853428,0.6569530303228592,0.175873140311804,0.5,-0.012855748221530017,0.5601036760754816,0.31024415903657787,0.5618839997120559,0.7083589535504591,0.0
2021-11-02 20:50:00,0.02143763737796374,0.003984063745019917,0.015253045420699829,-0.21124916979110875,0.6569762730496919,0.1796151224944321,0.5,-0.012855748221530017,0.5601036760754816,0.31024415903657787,0.5618839997120559,0.7083589535504591,0.0
2021-11-02 21:00:00,0.02188425662482566,0.003984063745019917,0.014804646314221737,-0.21223867166577393,0.6569994896022825,0.1833570935412027,0.5,-0.01613729198928837,0.55669569864974,0.316059093859825,0.49055381073522636,0.7152187889764221,0.0
2021-11-02 21:10:00,0.02233087377963738,0.003984063745019917,0.014356247207743866,-0.2132282449562577,0.6570227323291149,0.18709908685968818,0.5,-0.01613729198928837,0.55669569864974,0.316059093859825,0.49055381073522636,0.7152187889764221,0.0
2021-11-02 21:20:00,0.022777490934449092,0.003984063745019917,0.013907818317200338,-0.21421778253883228,0.6570459750559474,0.19084105790645878,0.5,-0.01613729198928837,0.55669569864974,0.316059093859825,0.49055381073522636,0.7152187889764221,0.0
2021-11-02 21:30:00,0.023224107391910737,0.003984063745019917,0.013459419210722023,-0.21520732012140686,0.65706921778278,0.19458305122494432,0.5,-0.01613729198928837,0.55669569864974,0.316059093859825,0.49055381073522636,0.7152187889764221,0.0
2021-11-02 21:40:00,0.023670725244072526,0.003984063745019917,0.013011020104244153,-0.21619689341189063,0.6570924343353706,0.19832502227171495,0.5,-0.01613729198928837,0.55669569864974,0.316059093859825,0.49055381073522636,0.7152187889764221,0.0
2021-11-02 21:50:00,0.024117344490934448,0.003984063745019917,0.012562591213700625,-0.21718643099446522,0.6571156639750821,0.20206701559020043,0.5,-0.01613729198928837,0.55669569864974,0.316059093859825,0.49055381073522636,0.7152187889764221,0.0
2021-11-02 22:00:00,0.024563960948396094,0.003984063745019917,0.012114192107222532,-0.2181759685770398,0.6571388936147936,0.20580898663697103,0.5,-0.11328143370256327,0.5536038068199794,0.41531054813249085,0.4379511007811586,0.7276095619421513,0.0
2021-11-02 22:10:00,0.025010578800557882,0.003984063745019917,0.011665763216679004,-0.2191655061596144,0.6571621101673842,0.20955097995545657,0.5,-0.11328143370256327,0.5536038068199794,0.41531054813249085,0.4379511007811586,0.7276095619421513,0.0
2021-11-02 22:20:00,0.025457196652719664,0.003984063745019917,0.011217364110200911,-0.22015504374218886,0.6571853528942169,0.21329296213808466,0.5,-0.11328143370256327,0.5536038068199794,0.41531054813249085,0.4379511007811586,0.7276095619421513,0.0
2021-11-02 22:30:00,0.02590381311018131,0.003984063745019917,0.010768965003723041,-0.22114458132476333,0.6572086087081702,0.21703494432071269,0.5,-0.11328143370256327,0.5536038068199794,0.41531054813249085,0.4379511007811586,0.7276095619421513,0.0
2021-11-02 22:40:00,0.026350430264993025,0.003984063745019917,0.01032053611317929,-0.22213415461524721,0.6572318514350028,0.22077692650334077,0.5,-0.11328143370256327,0.5536038068199794,0.41531054813249085,0.4379511007811586,0.7276095619421513,0.0
2021-11-02 22:50:00,0.02679704881450488,0.003984063745019917,0.009872137006701198,-0.2231236921978218,0.6572550549004724,0.22451890868596883,0.5,-0.11328143370256327,0.5536038068199794,0.41531054813249085,0.4379511007811586,0.7276095619421513,0.0
2021-11-02 23:00:00,0.027243665969316596,0.003984063745019917,0.009423737900223328,-0.22411322978039627,0.657278297627305,0.22826089086859688,0.5,-0.17668975923405295,0.5508050125428513,0.48459366915995916,0.394141727504062,0.756769405560528,0.0
2021-11-02 23:10:00,0.027690283124128315,0.003984063745019917,0.008975309009679577,-0.22510280307088015,0.6573015403541375,0.23200287305122494,0.5,-0.17668975923405295,0.5508050125428513,0.48459366915995916,0.394141727504062,0.756769405560528,0.0
2021-11-02 23:20:00,0.02813690027894003,0.003984063745019917,0.008526909903201485,-0.22609230494554544,0.6573247830809701,0.23574485523385302,0.5,-0.17668975923405295,0.5508050125428513,0.48459366915995916,0.394141727504062,0.756769405560528,0.0
2021-11-02 23:30:00,0.028583517433751742,0.003984063745019917,0.008078510796723615,-0.22708184252812003,0.6573479865464396,0.2394868485523385,0.5,-0.17668975923405295,0.5508050125428513,0.48459366915995916,0.394141727504062,0.756769405560528,0.0
2021-11-02 23:40:00,0.029030134588563457,0.003984063745019917,0.007630081906180086,-0.2280714158186038,0.6573712292732722,0.24322881959910914,0.5,-0.17668975923405295,0.5508050125428513,0.48459366915995916,0.394141727504062,0.756769405560528,0.0
2021-11-02 23:50:00,0.029476753835425383,0.003984063745019917,0.007181682799701994,-0.22906095340117838,0.6573944850872256,0.24697081291759468,0.5,-0.17668975923405295,0.5508050125428513,0.48459366915995916,0.394141727504062,0.756769405560528,0.0
2021-11-03 00:00:00,0.0299233709902371,0.003984063745019917,0.0067332836932239015,-0.23005049098375296,0.6574176885526952,0.25071278396436525,0.5,-0.2008332935875684,0.5447907657029909,0.5288507837810316,0.36667505722015487,0.7984853817643803,0.0
2021-11-03 00:10:00,0.030369988145048814,0.003984063745019917,0.006284854802680373,-0.23104006427423673,0.6574409443666488,0.25445477728285076,0.5,-0.2008332935875684,0.5447907657029909,0.5288507837810316,0.36667505722015487,0.7984853817643803,0.0
2021-11-03 00:20:00,0.030816605299860533,0.003984063745019917,0.005836455696202281,-0.23202958400285656,0.6574641740063604,0.25819674832962136,0.5,-0.2008332935875684,0.5447907657029909,0.5288507837810316,0.36667505722015487,0.7984853817643803,0.0
2021-11-03 00:30:00,0.03126322175732218,0.003984063745019917,0.00538805658972441,-0.23301910373147638,0.6574874036460718,0.26193874164810693,0.5,-0.2008332935875684,0.5447907657029909,0.5288507837810316,0.36667505722015487,0.7984853817643803,0.0
2021-11-03 00:40:00,0.03170983960948396,0.003984063745019917,0.004939627699180882,-0.23400867702196038,0.6575106201986625,0.26568071269487753,0.5,-0.2008332935875684,0.5447907657029909,0.5288507837810316,0.36667505722015487,0.7984853817643803,0.0
2021-11-03 00:50:00,0.03215645885634589,0.003984063745019917,0.0044912285927027895,-0.23499821460453474,0.6575338629254951,0.26942270601336304,0.5,-0.2008332935875684,0.5447907657029909,0.5288507837810316,0.36667505722015487,0.7984853817643803,0.0
2021-11-03 01:00:00,0.03260307531380753,0.003984063745019917,0.004042829486224697,-0.23598775218710932,0.6575571056523275,0.27316467706013364,0.5,-0.2554880674319422,0.5313341398305224,0.6067045105374295,0.3514410378950453,0.8381482706265667,0.0
2021-11-03 01:10:00,0.03304969316596931,0.003984063745019917,0.0035944005956811687,-0.23697732547759331,0.6575803222049181,0.27690664810690424,0.5,-0.2554880674319422,0.5313341398305224,0.6067045105374295,0.3514410378950453,0.8381482706265667,0.0
2021-11-03 01:20:00,0.03349630962343096,0.003984063745019917,0.0031460014892032984,-0.2379668630601678,0.6576035518446297,0.28064864142538976,0.5,-0.2554880674319422,0.5313341398305224,0.6067045105374295,0.3514410378950453,0.8381482706265667,0.0
2021-11-03 01:30:00,0.03394292677824268,0.003984063745019917,0.002697602382724984,-0.23895638278878772,0.6576267814843412,0.28439061247216035,0.5,-0.2554880674319422,0.5313341398305224,0.6067045105374295,0.3514410378950453,0.8381482706265667,0.0
2021-11-03 01:40:00,0.03438954672245467,0.003984063745019917,0.0022491734921814555,-0.23994593822531685,0.6576500503854157,0.28813260579064587,0.5,-0.2554880674319422,0.5313341398305224,0.6067045105374295,0.3514410378950453,0.8381482706265667,0.0
2021-11-03 01:50:00,0.03483616317991632,0.003984063745019917,0.0018007743857035852,-0.24093547580789143,0.6576732407637644,0.29187457683741647,0.5,-0.2554880674319422,0.5313341398305224,0.6067045105374295,0.3514410378950453,0.8381482706265667,0.0
2021-11-03 02:00:00,0.03528277824267782,0.003984063745019917,0.0013523752792257149,-0.24192501339046601,0.6576964965777178,0.29561657015590204,0.5,-0.26389147838569715,0.5123690040717588,0.6338984043866527,0.3361518153792475,0.8619845538899449,0.0
2021-11-03 02:10:00,0.03572939748953975,0.003984063745019917,0.0009039463886819643,-0.2429145866809499,0.6577197393045504,0.29935854120267263,0.5,-0.26389147838569715,0.5123690040717588,0.6338984043866527,0.3361518153792475,0.8619845538899449,0.0
2021-11-03 02:20:00,0.03617601813110181,0.003984063745019917,0.00045554728220387197,-0.24390412426352437,0.6577429951185039,0.30310053452115815,0.5,-0.26389147838569715,0.5123690040717588,0.6338984043866527,0.3361518153792475,0.8619845538899449,0.0
2021-11-03 02:30:00,0.03662263179916318,0.003984063745019917,7.148175726001682e-06,-0.24489366184609884,0.6577661854968525,0.30684250556792875,0.5,-0.26389147838569715,0.5123690040717588,0.6338984043866527,0.3361518153792475,0.8619845538899449,0.0
2021-11-03 02:40:00,0.037069251046025105,0.003984063745019917,-0.00044128071481763786,-0.24588319942867343,0.657789428223685,0.31058449888641426,0.5,-0.26389147838569715,0.5123690040717588,0.6338984043866527,0.3361518153792475,0.8619845538899449,0.0
2021-11-03 02:50:00,0.03751586471408647,0.003984063745019917,-0.0008896798212956192,-0.2468727370112479,0.6578126709505177,0.31432646993318486,0.5,-0.26389147838569715,0.5123690040717588,0.6338984043866527,0.3361518153792475,0.8619845538899449,0.0
2021-11-03 03:00:00,0.037962485355648536,0.003984063745019917,-0.0013380789277737115,-0.24786227459382248,0.6578358744159871,0.3180684632516704,0.5,-0.26968917922382696,0.49229469522164926,0.6516324718723104,0.3126536180327492,0.8776016193491533,0.0
2021-11-03 03:10:00,0.03840910390516039,0.003984063745019917,-0.001786507818317351,-0.24885184788430625,0.6578591302299407,0.321810434298441,0.5,-0.26968917922382696,0.49229469522164926,0.6516324718723104,0.3126536180327492,0.8776016193491533,0.0
2021-11-03 03:20:00,0.038855718270571826,0.003984063745019917,-0.0022349069247953324,-0.24984138546688084,0.6578823729567733,0.32555242761692654,0.5,-0.26968917922382696,0.49229469522164926,0.6516324718723104,0.3126536180327492,0.8776016193491533,0.0
2021-11-03 03:30:00,0.03930233821478382,0.003984063745019917,-0.0026833060312734247,-0.2508309230494554,0.6579056156836057,0.32929439866369714,0.5,-0.26968917922382696,0.49229469522164926,0.6516324718723104,0.3126536180327492,0.8776016193491533,0.0
2021-11-03 03:40:00,0.0397489539748954,0.003984063745019917,-0.0031317349218170643,-0.2518204963399392,0.6579288322361964,0.33303639198218266,0.5,-0.26968917922382696,0.49229469522164926,0.6516324718723104,0.3126536180327492,0.8776016193491533,0.0
2021-11-03 03:50:00,0.04019557182705718,0.003984063745019917,-0.0035801340282949345,-0.2528099982146046,0.6579520618759079,0.33677836302895325,0.5,-0.26968917922382696,0.49229469522164926,0.6516324718723104,0.3126536180327492,0.8776016193491533,0.0
2021-11-03 04:00:00,0.040642191771269175,0.003984063745019917,-0.004028548026805856,-0.25379953579717907,0.6579752915156194,0.34052035634743877,0.5,-0.30435734766893596,0.48234374595913304,0.6853685795435883,0.28910321904474523,0.8856285111776322,0.0
2021-11-03 04:10:00,0.04108880753138075,0.003984063745019917,-0.004476962025316555,-0.25478910908766295,0.657998547329573,0.34426232739420937,0.5,-0.30435734766893596,0.48234374595913304,0.6853685795435883,0.28910321904474523,0.8856285111776322,0.0
2021-11-03 04:20:00,0.04153542538354254,0.003984063745019917,-0.004925390915860084,-0.2557786466702374,0.6580217507950427,0.3480043207126949,0.5,-0.30435734766893596,0.48234374595913304,0.6853685795435883,0.28910321904474523,0.8856285111776322,0.0
2021-11-03 04:30:00,0.041982041143654114,0.003984063745019917,-0.005373775130305347,-0.256768184252812,0.6580449935218751,0.3517462917594655,0.5,-0.30435734766893596,0.48234374595913304,0.6853685795435883,0.28910321904474523,0.8856285111776322,0.0
2021-11-03 04:40:00,0.04242866108786611,0.003984063745019917,-0.005822189128816158,-0.2577577575432959,0.6580682493358286,0.355488285077951,0.5,-0.30435734766893596,0.48234374595913304,0.6853685795435883,0.28910321904474523,0.8856285111776322,0.0
2021-11-03 04:50:00,0.042875275453277545,0.003984063745019917,-0.006270618019359797,-0.25874729512587036,0.6580914528012982,0.3592302561247216,0.5,-0.30435734766893596,0.48234374595913304,0.6853685795435883,0.28910321904474523,0.8856285111776322,0.0
2021-11-03 05:00:00,0.04332189470013947,0.003984063745019917,-0.006719002233804949,-0.25973679700053565,0.6581146955281307,0.36297222717149225,0.5,-0.31546622782895073,0.45832698767553476,0.7167535533634466,0.27499813480388696,0.8982016887030329,0.0
2021-11-03 05:10:00,0.04376851464435147,0.003984063745019917,-0.007167416232315871,-0.2607263345831101,0.6581379382549633,0.3667141982182628,0.5,-0.31546622782895073,0.45832698767553476,0.7167535533634466,0.27499813480388696,0.8982016887030329,0.0
2021-11-03 05:20:00,0.044215129009762905,0.003984063745019917,-0.00761584512285951,-0.261715907873594,0.6581611809817959,0.3704562138084632,0.5,-0.31546622782895073,0.45832698767553476,0.7167535533634466,0.27499813480388696,0.8982016887030329,0.0
2021-11-03 05:30:00,0.04466174755927476,0.003984063745019917,-0.00806424422933738,-0.2627054454561686,0.6581843844472653,0.3741981848552339,0.5,-0.31546622782895073,0.45832698767553476,0.7167535533634466,0.27499813480388696,0.8982016887030329,0.0
2021-11-03 05:40:00,0.04510836122733612,0.003984063745019917,-0.008512643335815584,-0.26369498303874317,0.658207627174098,0.37794015590200447,0.5,-0.31546622782895073,0.45832698767553476,0.7167535533634466,0.27499813480388696,0.8982016887030329,0.0
2021-11-03 05:50:00,0.045554981868898184,0.003984063745019917,-0.008961072226359112,-0.26468455632922694,0.6582308829880515,0.38168212694877507,0.5,-0.31546622782895073,0.45832698767553476,0.7167535533634466,0.27499813480388696,0.8982016887030329,0.0
2021-11-03 06:00:00,0.04600160111576011,0.003984063745019917,-0.009409471332837094,-0.26567407605784676,0.6582540733664001,0.38542414253897556,0.5,-0.3434470684802299,0.45412017574359104,0.7530048923620741,0.24559890080534993,0.9376644503360703,0.0
2021-11-03 06:10:00,0.046448214783821475,0.003984063745019917,-0.009857870439314964,-0.2666635957864666,0.6582773422674746,0.3891661135857461,0.5,-0.3434470684802299,0.45412017574359104,0.7530048923620741,0.24559890080534993,0.9376644503360703,0.0
2021-11-03 06:20:00,0.046894835425383544,0.003984063745019917,-0.010306299329858604,-0.26765316907695047,0.6583005719071862,0.39290808463251675,0.5,-0.3434470684802299,0.45412017574359104,0.7530048923620741,0.24559890080534993,0.9376644503360703,0.0
2021-11-03 06:30:00,0.04734145048814505,0.003984063745019917,-0.010754698436336807,-0.26864270665952494,0.6583238015468976,0.3966500556792873,0.5,-0.3434470684802299,0.45412017574359104,0.7530048923620741,0.24559890080534993,0.9376644503360703,0.0
2021-11-03 06:40:00,0.047788068340306834,0.003984063745019917,-0.011203097542814677,-0.26963224424209953,0.6583470180994883,0.4003920712694877,0.5,-0.3434470684802299,0.45412017574359104,0.7530048923620741,0.24559890080534993,0.9376644503360703,0.0
2021-11-03 06:50:00,0.048234688981868896,0.003984063745019917,-0.011651526433358317,-0.2706218175325834,0.6583702608263209,0.4041340423162584,0.5,-0.3434470684802299,0.45412017574359104,0.7530048923620741,0.24559890080534993,0.9376644503360703,0.0
2021-11-03 07:00:00,0.048681304044630405,0.003984063745019917,-0.012099925539836187,-0.2716113551151579,0.6583935035531533,0.407876013363029,0.5,-0.34698413026649455,0.46084992543253356,0.7789122569274435,0.2253756196372592,0.9675986851358671,0.0
2021-11-03 07:10:00,0.04912792189679219,0.003984063745019917,-0.01254832464631439,-0.27260087484377793,0.6584167462799858,0.4116179844097996,0.5,-0.34698413026649455,0.46084992543253356,0.7789122569274435,0.2253756196372592,0.9675986851358671,0.0
2021-11-03 07:20:00,0.049574539748953976,0.003984063745019917,-0.01299675353685803,-0.27359043028030705,0.6584399497454555,0.41536000000000006,0.5,-0.34698413026649455,0.46084992543253356,0.7789122569274435,0.2253756196372592,0.9675986851358671,0.0
2021-11-03 07:30:00,0.050021157601115765,0.003984063745019917,-0.0134451526433359,-0.27457996786288164,0.658463179385167,0.4191019710467706,0.5,-0.34698413026649455,0.46084992543253356,0.7789122569274435,0.2253756196372592,0.9675986851358671,0.0
2021-11-03 07:40:00,0.0504677719665272,0.003984063745019917,-0.013893551749813882,-0.2755695054454562,0.6584864482862415,0.42284394209354126,0.5,-0.34698413026649455,0.46084992543253356,0.7789122569274435,0.2253756196372592,0.9675986851358671,0.0
2021-11-03 07:50:00,0.05091439330543933,0.003984063745019917,-0.01434198064035741,-0.27655907873594,0.6585096386645902,0.4265859131403118,0.5,-0.34698413026649455,0.46084992543253356,0.7789122569274435,0.2253756196372592,0.9675986851358671,0.0
2021-11-03 08:00:00,0.05136101115760112,0.003984063745019917,-0.014790379746835614,-0.2775486163185146,0.6585328944785436,0.43032792873051223,0.5,-0.348719558218318,0.450927711224199,0.8017022767066423,0.22436188256410364,0.986861801653051,0.0
2021-11-03 08:10:00,0.05180762552301255,0.003984063745019917,-0.015238778853313484,-0.27853815390108905,0.6585561372053762,0.4340698997772829,0.5,-0.348719558218318,0.450927711224199,0.8017022767066423,0.22436188256410364,0.986861801653051,0.0
2021-11-03 08:20:00,0.05225424686192469,0.003984063745019917,-0.015687207743857123,-0.27952769148366363,0.6585793930193298,0.4378118708240535,0.5,-0.348719558218318,0.450927711224199,0.8017022767066423,0.22436188256410364,0.986861801653051,0.0
2021-11-03 08:30:00,0.052700859832635984,0.003984063745019917,-0.016135606850335105,-0.2805172290662381,0.6586025833976783,0.4415538418708241,0.5,-0.348719558218318,0.450927711224199,0.8017022767066423,0.22436188256410364,0.986861801653051,0.0
2021-11-03 08:40:00,0.05314747907949791,0.003984063745019917,-0.016584005956813197,-0.2815067666488127,0.6586258261245108,0.44529585746102457,0.5,-0.348719558218318,0.450927711224199,0.8017022767066423,0.22436188256410364,0.986861801653051,0.0
2021-11-03 08:50:00,0.053594098326359835,0.003984063745019917,-0.017032434847356837,-0.28249633993929646,0.6586490688513434,0.4490378285077951,0.5,-0.348719558218318,0.450927711224199,0.8017022767066423,0.22436188256410364,0.986861801653051,0.0
2021-11-03 09:00:00,0.05404071129707113,0.003984063745019917,-0.017480833953834707,-0.28348587752187104,0.6586722723168131,0.45277979955456576,0.5,-0.33150152607060923,0.45285008634883794,0.7684802734924114,0.23228090051112327,0.9975105329085532,0.0
2021-11-03 09:10:00,0.054487332635983265,0.003984063745019917,-0.01792923306031291,-0.28447541510444563,0.6586955150436455,0.4565217706013363,0.5,-0.33150152607060923,0.45285008634883794,0.7684802734924114,0.23228090051112327,0.9975105329085532,0.0
2021-11-03 09:20:00,0.0549339470013947,0.003984063745019917,-0.01837766195085655,-0.2854649883949294,0.6587187708575991,0.46026374164810696,0.5,-0.33150152607060923,0.45285008634883794,0.7684802734924114,0.23228090051112327,0.9975105329085532,0.0
2021-11-03 09:30:00,0.05538056485355648,0.003984063745019917,-0.01882606105733442,-0.2864544902695948,0.6587420135844315,0.4640057572383074,0.5,-0.33150152607060923,0.45285008634883794,0.7684802734924114,0.23228090051112327,0.9975105329085532,0.0
2021-11-03 09:40:00,0.05582718619246862,0.003984063745019917,-0.019274460163812623,-0.28744402785216916,0.6587652301370222,0.46774772828507793,0.5,-0.33150152607060923,0.45285008634883794,0.7684802734924114,0.23228090051112327,0.9975105329085532,0.0
2021-11-03 09:50:00,0.05627380055788006,0.003984063745019917,-0.019722889054356152,-0.28843360114265315,0.6587884597767337,0.4714896993318486,0.5,-0.33150152607060923,0.45285008634883794,0.7684802734924114,0.23228090051112327,0.9975105329085532,0.0
2021-11-03 10:00:00,0.056720418410041835,0.003984063745019917,-0.020171288160834133,-0.2894231387252276,0.6588116894164452,0.4752316703786192,0.5,-0.07176921129615788,0.44662032660262796,0.5110224934015442,0.14231590986294787,0.9953327900117134,0.0
2021-11-03 10:10:00,0.057167036262203624,0.003984063745019917,-0.020619687267312004,-0.2904126763078022,0.6588349452303988,0.4789736859688196,0.5,-0.07176921129615788,0.44662032660262796,0.5110224934015442,0.14231590986294787,0.9953327900117134,0.0
2021-11-03 10:20:00,0.05761365411436541,0.003984063745019917,-0.021068116157855643,-0.2914022495982861,0.6588581486958685,0.48271565701559027,0.5,-0.07176921129615788,0.44662032660262796,0.5110224934015442,0.14231590986294787,0.9953327900117134,0.0
2021-11-03 10:30:00,0.058060269177126915,0.003984063745019917,-0.021516515264333846,-0.29239178718086056,0.6588813914227009,0.4864576280623608,0.5,-0.07176921129615788,0.44662032660262796,0.5110224934015442,0.14231590986294787,0.9953327900117134,0.0
2021-11-03 10:40:00,0.058506889818688984,0.003984063745019917,-0.021964914370811717,-0.29338128905552574,0.6589046341495335,0.49019959910913147,0.5,-0.07176921129615788,0.44662032660262796,0.5110224934015442,0.14231590986294787,0.9953327900117134,0.0
2021-11-03 10:50:00,0.058953507670850766,0.003984063745019917,-0.022413343261355356,-0.2943708623460095,0.6589278507021241,0.49394161469933184,0.5,-0.07176921129615788,0.44662032660262796,0.5110224934015442,0.14231590986294787,0.9953327900117134,0.0
2021-11-03 11:00:00,0.05940012273361227,0.003984063745019917,-0.022861772151898885,-0.2953603999285841,0.6589510934289565,0.49768358574610244,0.5,-0.060491364384837376,0.43341944271236066,0.4355206613813077,0.11466635301755476,0.9034489290411604,0.0
2021-11-03 11:10:00,0.05984674337517434,0.003984063745019917,-0.02331014147431143,-0.2963499375111587,0.658974336155789,0.5014255567928732,0.5,-0.060491364384837376,0.43341944271236066,0.4355206613813077,0.11466635301755476,0.9034489290411604,0.0
2021-11-03 11:20:00,0.060293357043235705,0.003984063745019917,-0.02375857036485496,-0.29733951080164256,0.6589975788826217,0.5051675278396437,0.5,-0.060491364384837376,0.43341944271236066,0.4355206613813077,0.11466635301755476,0.9034489290411604,0.0
2021-11-03 11:30:00,0.06073997629009763,0.003984063745019917,-0.024206999255398598,-0.29832904838421703,0.6590207823480912,0.5089095434298441,0.5,-0.060491364384837376,0.43341944271236066,0.4355206613813077,0.11466635301755476,0.9034489290411604,0.0
2021-11-03 11:40:00,0.06118659693165969,0.003984063745019917,-0.02465536857781092,-0.2993185859667916,0.6590440250749238,0.5126515144766147,0.5,-0.060491364384837376,0.43341944271236066,0.4355206613813077,0.11466635301755476,0.9034489290411604,0.0
2021-11-03 11:50:00,0.061633210599721065,0.003984063745019917,-0.02510379746835445,-0.3003081235493662,0.6590672808888773,0.5163934855233853,0.5,-0.060491364384837376,0.43341944271236066,0.4355206613813077,0.11466635301755476,0.9034489290411604,0.0
2021-11-03 12:00:00,0.062079829149232914,0.003984063745019917,-0.02555222635889809,-0.3012976611319407,0.6590904712672259,0.5201354565701559,0.5,-0.05363510319279119,0.42007775705661016,0.40133778755261046,0.15418221812769364,0.7645797190321728,0.0
2021-11-03 12:10:00,0.06252644351464436,0.003984063745019917,-0.026000595681310523,-0.30228719871451515,0.6591137139940585,0.5238774721603563,0.5,-0.05363510319279119,0.42007775705661016,0.40133778755261046,0.15418221812769364,0.7645797190321728,0.0
2021-11-03 12:20:00,0.06297306345885635,0.003984063745019917,-0.026449024571854163,-0.30327677200499903,0.659136969808012,0.527619443207127,0.5,-0.05363510319279119,0.42007775705661016,0.40133778755261046,0.15418221812769364,0.7645797190321728,0.0
2021-11-03 12:30:00,0.06341967921896792,0.003984063745019917,-0.026897453462397802,-0.3042663095875736,0.6591601994477234,0.5313614142538975,0.5,-0.05363510319279119,0.42007775705661016,0.40133778755261046,0.15418221812769364,0.7645797190321728,0.0
2021-11-03 12:40:00,0.0638662970711297,0.003984063745019917,-0.027345822784810236,-0.3052558471701481,0.659183416000314,0.5351033853006681,0.5,-0.05363510319279119,0.42007775705661016,0.40133778755261046,0.15418221812769364,0.7645797190321728,0.0
2021-11-03 12:50:00,0.0643129170153417,0.003984063745019917,-0.027794251675353876,-0.30624538475272267,0.6592066587271467,0.5388454008908686,0.5,-0.05363510319279119,0.42007775705661016,0.40133778755261046,0.15418221812769364,0.7645797190321728,0.0
2021-11-03 13:00:00,0.06475953277545328,0.003984063745019917,-0.028242680565897404,-0.30723492233529726,0.6592299014539791,0.5425873719376392,0.5,0.1006066593445516,0.3967621340950032,0.2735125749519026,0.2574196072204672,0.716231806815947,0.0
2021-11-03 13:10:00,0.06520615062761506,0.003984063745019917,-0.02869104988830995,-0.30822445991787184,0.6592531441808117,0.5463293429844098,0.5,0.1006066593445516,0.3967621340950032,0.2735125749519026,0.2574196072204672,0.716231806815947,0.0
2021-11-03 13:20:00,0.06565276638772664,0.003984063745019917,-0.029139478778853367,-0.3092140332083556,0.6592763476462813,0.5500713140311804,0.5,0.1006066593445516,0.3967621340950032,0.2735125749519026,0.2574196072204672,0.716231806815947,0.0
2021-11-03 13:30:00,0.06609938633193863,0.003984063745019917,-0.029587907669396896,-0.3102035707909302,0.6592995772859929,0.553813285077951,0.5,0.1006066593445516,0.3967621340950032,0.2735125749519026,0.2574196072204672,0.716231806815947,0.0
2021-11-03 13:40:00,0.06654600418410042,0.003984063745019917,-0.030036276991809663,-0.3111931083735048,0.6593228330999463,0.5575553006681515,0.5,0.1006066593445516,0.3967621340950032,0.2735125749519026,0.2574196072204672,0.716231806815947,0.0
2021-11-03 13:50:00,0.06699261994421199,0.003984063745019917,-0.03048470588235297,-0.31218268166398855,0.659346036565416,0.561297271714922,0.5,0.1006066593445516,0.3967621340950032,0.2735125749519026,0.2574196072204672,0.716231806815947,0.0
2021-11-03 14:00:00,0.06743923988842399,0.003984063745019917,-0.03093313477289661,-0.31317218353865384,0.6593692923793695,0.5650392427616927,0.5,0.12023905493353904,0.3693086633314859,0.24004011384357504,0.3807958634309782,0.7275563077934311,0.0
2021-11-03 14:10:00,0.06788585425383542,0.003984063745019917,-0.03138150409530904,-0.3141617211212283,0.659392535106202,0.5687812138084632,0.5,0.12023905493353904,0.3693086633314859,0.24004011384357504,0.3807958634309782,0.7275563077934311,0.0
2021-11-03 14:20:00,0.06833247280334728,0.003984063745019917,-0.03182993298585268,-0.3151512944117122,0.6594157909201556,0.5725232293986637,0.5,0.12023905493353904,0.3693086633314859,0.24004011384357504,0.3807958634309782,0.7275563077934311,0.0
2021-11-03 14:30:00,0.06877909344490934,0.003984063745019917,-0.03227836187639632,-0.31614083199428666,0.6594389812985041,0.5762652004454343,0.5,0.12023905493353904,0.3693086633314859,0.24004011384357504,0.3807958634309782,0.7275563077934311,0.0
2021-11-03 14:40:00,0.06922570711297071,0.003984063745019917,-0.032726731198808756,-0.31713036957686125,0.6594622240253367,0.5800071714922049,0.5,0.12023905493353904,0.3693086633314859,0.24004011384357504,0.3807958634309782,0.7275563077934311,0.0
2021-11-03 14:50:00,0.06967232635983264,0.003984063745019917,-0.033175160089352396,-0.31811994286734513,0.6594854667521692,0.5837491425389755,0.5,0.12023905493353904,0.3693086633314859,0.24004011384357504,0.3807958634309782,0.7275563077934311,0.0
2021-11-03 15:00:00,0.0701189470013947,0.003984063745019917,-0.033623588979895924,-0.3191094804499196,0.6595086702176388,0.587491158129176,0.5,0.13551503674009568,0.3346283264417099,0.2140744147813528,0.47872750805822967,0.7426668641939412,0.0
2021-11-03 15:10:00,0.07056555788005578,0.003984063745019917,-0.03407197319434119,-0.3200989823245849,0.6595319129444713,0.5912331291759465,0.5,0.13551503674009568,0.3346283264417099,0.2140744147813528,0.47872750805822967,0.7426668641939412,0.0
2021-11-03 15:20:00,0.07101217573221758,0.003984063745019917,-0.034520387192852,-0.32108855561506877,0.6595551687584249,0.5949751002227172,0.5,0.13551503674009568,0.3346283264417099,0.2140744147813528,0.47872750805822967,0.7426668641939412,0.0
2021-11-03 15:30:00,0.07145879358437936,0.003984063745019917,-0.03496881608339564,-0.32207809319764336,0.6595784114852573,0.5987170712694877,0.5,0.13551503674009568,0.3346283264417099,0.2140744147813528,0.47872750805822967,0.7426668641939412,0.0
2021-11-03 15:40:00,0.07190541143654114,0.003984063745019917,-0.0354172002978409,-0.32306763078021794,0.6596016280378479,0.6024590868596882,0.5,0.13551503674009568,0.3346283264417099,0.2140744147813528,0.47872750805822967,0.7426668641939412,0.0
2021-11-03 15:50:00,0.07235203626220361,0.003984063745019917,-0.03586561429635149,-0.3240572040707017,0.6596248576775594,0.6062010579064588,0.5,0.13551503674009568,0.3346283264417099,0.2140744147813528,0.47872750805822967,0.7426668641939412,0.0
2021-11-03 16:00:00,0.07279864714086472,0.003984063745019917,-0.03631404318689513,-0.3250467416532763,0.6596480873172711,0.6099430289532294,0.5,0.17611525226775981,0.3196803512573015,0.16208354083294307,0.5338113148400343,0.7507583734644238,0.0
2021-11-03 16:10:00,0.0732452649930265,0.003984063745019917,-0.0367624274013405,-0.32603627923585066,0.6596713431312246,0.613685,0.5,0.17611525226775981,0.3196803512573015,0.16208354083294307,0.5338113148400343,0.7507583734644238,0.0
2021-11-03 16:20:00,0.0736918828451883,0.003984063745019917,-0.0372108413998512,-0.32702581681842524,0.6596945465966942,0.6174270155902005,0.5,0.17611525226775981,0.3196803512573015,0.16208354083294307,0.5338113148400343,0.7507583734644238,0.0
2021-11-03 16:30:00,0.07413850069735006,0.003984063745019917,-0.03765927029039484,-0.3280153544009997,0.6597177893235266,0.6211689866369711,0.5,0.17611525226775981,0.3196803512573015,0.16208354083294307,0.5338113148400343,0.7507583734644238,0.0
2021-11-03 16:40:00,0.07458511854951184,0.003984063745019917,-0.03810766939687271,-0.3290048919835743,0.6597410320503593,0.6249109576837417,0.5,0.17611525226775981,0.3196803512573015,0.16208354083294307,0.5338113148400343,0.7507583734644238,0.0
2021-11-03 16:50:00,0.07503172942817295,0.003984063745019917,-0.038556068503350915,-0.3299944295661489,0.659764235515829,0.6286529287305123,0.5,0.17611525226775981,0.3196803512573015,0.16208354083294307,0.5338113148400343,0.7507583734644238,0.0
2021-11-03 17:00:00,0.07547835425383542,0.003984063745019917,-0.039004497393894444,-0.33098400285663265,0.6597874913297823,0.6323949443207127,0.5,0.17951893504919392,0.3047582376216582,0.15561246973422424,0.5190416134755159,0.7488759033566339,0.0
2021-11-03 17:10:00,0.0759249721059972,0.003984063745019917,-0.039452896500372425,-0.33197354043920724,0.659810734056615,0.6361369153674833,0.5,0.17951893504919392,0.3047582376216582,0.15561246973422424,0.5190416134755159,0.7488759033566339,0.0
2021-11-03 17:20:00,0.076371589958159,0.003984063745019917,-0.039901295606850296,-0.3329630780217818,0.6598339767834475,0.639878886414254,0.5,0.17951893504919392,0.3047582376216582,0.15561246973422424,0.5190416134755159,0.7488759033566339,0.0
2021-11-03 17:30:00,0.07681820781032078,0.003984063745019917,-0.040349724497393935,-0.3339526156043564,0.659857180248917,0.6436208574610245,0.5,0.17951893504919392,0.3047582376216582,0.15561246973422424,0.5190416134755159,0.7488759033566339,0.0
2021-11-03 17:40:00,0.07726481868898187,0.003984063745019917,-0.040798138495904857,-0.3349421531869309,0.6598804229757496,0.6473628396436526,0.5,0.17951893504919392,0.3047582376216582,0.15561246973422424,0.5190416134755159,0.7488759033566339,0.0
2021-11-03 17:50:00,0.07771143654114365,0.003984063745019917,-0.04124652271035001,-0.33593169076950546,0.6599036787897031,0.6511048440979955,0.5,0.17951893504919392,0.3047582376216582,0.15561246973422424,0.5190416134755159,0.7488759033566339,0.0
2021-11-03 18:00:00,0.07815805439330543,0.003984063745019917,-0.04169495160089365,-0.33692126405998923,0.6599268691680517,0.6548468151447662,0.5,-0.022146718239437257,0.27881335720258377,0.250524471511651,0.44559795416013365,0.718429901884009,0.0
2021-11-03 18:10:00,0.07860467921896791,0.003984063745019917,-0.04214338049143718,-0.3379108016425638,0.6599501118948843,0.6585887861915367,0.5,-0.022146718239437257,0.27881335720258377,0.250524471511651,0.44559795416013365,0.718429901884009,0.0
2021-11-03 18:20:00,0.0790512970711297,0.003984063745019917,-0.04259174981384972,-0.3389003392251383,0.6599733546217168,0.6623307683741648,0.5,-0.022146718239437257,0.27881335720258377,0.250524471511651,0.44559795416013365,0.718429901884009,0.0
2021-11-03 18:30:00,0.0794979079497908,0.003984063745019917,-0.04304017870439325,-0.3398898946616674,0.6599965973485493,0.6660727728285079,0.5,-0.022146718239437257,0.27881335720258377,0.250524471511651,0.44559795416013365,0.718429901884009,0.0
2021-11-03 18:40:00,0.07994452580195259,0.003984063745019917,-0.04348860759493689,-0.34087941439028746,0.66001981390114,0.6698147438752784,0.5,-0.022146718239437257,0.27881335720258377,0.250524471511651,0.44559795416013365,0.718429901884009,0.0
2021-11-03 18:50:00,0.08039114365411436,0.003984063745019917,-0.043936976917349435,-0.34186895197286205,0.6600430566279725,0.6735567260579065,0.5,-0.022146718239437257,0.27881335720258377,0.250524471511651,0.44559795416013365,0.718429901884009,0.0
2021-11-03 19:00:00,0.08083776150627614,0.003984063745019917,-0.04438540580789274,-0.3428585252633458,0.6600662993548049,0.6772986971046772,0.5,-0.05703881932731503,0.2928762927182494,0.27262791962571575,0.36118022419694434,0.6746257311696322,0.0
2021-11-03 19:10:00,0.08128438633193864,0.003984063745019917,-0.04483383469843638,-0.3438480628459204,0.6600895420816375,0.6810407015590201,0.5,-0.05703881932731503,0.2928762927182494,0.27262791962571575,0.36118022419694434,0.6746257311696322,0.0
2021-11-03 19:20:00,0.08173099721059972,0.003984063745019917,-0.04528220402084904,-0.344837600428495,0.6601127455471072,0.6847826726057907,0.5,-0.05703881932731503,0.2928762927182494,0.27262791962571575,0.36118022419694434,0.6746257311696322,0.0
2021-11-03 19:30:00,0.0821776150627615,0.003984063745019917,-0.045730632911392455,-0.34582717371897875,0.6601359751868187,0.6885246547884187,0.5,-0.05703881932731503,0.2928762927182494,0.27262791962571575,0.36118022419694434,0.6746257311696322,0.0
2021-11-03 19:40:00,0.0826242329149233,0.003984063745019917,-0.046179061801936094,-0.34681667559364393,0.6601592310007721,0.6922666258351893,0.5,-0.05703881932731503,0.2928762927182494,0.27262791962571575,0.36118022419694434,0.6746257311696322,0.0
2021-11-03 19:50:00,0.08307085076708508,0.003984063745019917,-0.04662743112434853,-0.3478062131762184,0.6601824344662418,0.6960086302895323,0.5,-0.05703881932731503,0.2928762927182494,0.27262791962571575,0.36118022419694434,0.6746257311696322,0.0
2021-11-03 20:00:00,0.08351746164574617,0.003984063745019917,-0.04707586001489217,-0.3487957864667024,0.6602056902801953,0.6997506124721604,0.5,-0.05918038784973634,0.2952354406664247,0.2789931009312342,0.33113681434794506,0.6366920368884689,0.0
2021-11-03 20:10:00,0.08396407949790795,0.003984063745019917,-0.047524288905435697,-0.34978532404927676,0.6602289330070278,0.703492583518931,0.5,-0.05918038784973634,0.2952354406664247,0.2789931009312342,0.33113681434794506,0.6366920368884689,0.0
2021-11-03 20:20:00,0.08441070432357042,0.003984063745019917,-0.04797265822784824,-0.35077486163185134,0.6602521888209814,0.7072345545657016,0.5,-0.05918038784973634,0.2952354406664247,0.2789931009312342,0.33113681434794506,0.6366920368884689,0.0
2021-11-03 20:30:00,0.08485732217573222,0.003984063745019917,-0.04842108711839177,-0.35176443492233533,0.6602753791993299,0.7109765590200445,0.5,-0.05918038784973634,0.2952354406664247,0.2789931009312342,0.33113681434794506,0.6366920368884689,0.0
2021-11-03 20:40:00,0.085303940027894,0.003984063745019917,-0.04886951600893541,-0.3527539725049097,0.6602986219261625,0.7147185412026726,0.5,-0.05918038784973634,0.2952354406664247,0.2789931009312342,0.33113681434794506,0.6366920368884689,0.0
2021-11-03 20:50:00,0.08575055090655509,0.003984063745019917,-0.049317885331347955,-0.3537434743795751,0.6603218646529949,0.7184604677060135,0.5,-0.05918038784973634,0.2952354406664247,0.2789931009312342,0.33113681434794506,0.6366920368884689,0.0
2021-11-03 21:00:00,0.08619716875871689,0.003984063745019917,-0.04976631422189137,-0.35473304767005887,0.6603451073798275,0.7222024498886415,0.5,-0.07454592270154692,0.29616358291643574,0.3104762288827536,0.28360678579802473,0.643568789711157,0.0
2021-11-03 21:10:00,0.08664378661087865,0.003984063745019917,-0.05021474311243501,-0.35572258525263345,0.6603683108452971,0.7259444320712695,0.5,-0.07454592270154692,0.29616358291643574,0.3104762288827536,0.28360678579802473,0.643568789711157,0.0
2021-11-03 21:20:00,0.08709041143654114,0.003984063745019917,-0.050663112434847446,-0.35671212283520803,0.6603915666592507,0.7296864142538976,0.5,-0.07454592270154692,0.29616358291643574,0.3104762288827536,0.28360678579802473,0.643568789711157,0.0
2021-11-03 21:30:00,0.08753702928870294,0.003984063745019917,-0.051111541325390974,-0.3577016961256918,0.6604148093860831,0.7334283964365256,0.5,-0.07454592270154692,0.29616358291643574,0.3104762288827536,0.28360678579802473,0.643568789711157,0.0
2021-11-03 21:40:00,0.08798364016736401,0.003984063745019917,-0.051559970215934614,-0.3586912337082664,0.6604380259386737,0.7371704899777283,0.5,-0.07454592270154692,0.29616358291643574,0.3104762288827536,0.28360678579802473,0.643568789711157,0.0
2021-11-03 21:50:00,0.08843025801952581,0.003984063745019917,-0.05200833953834705,-0.35968077129084086,0.6604612555783854,0.7409124276169264,0.5,-0.07454592270154692,0.29616358291643574,0.3104762288827536,0.28360678579802473,0.643568789711157,0.0
2021-11-03 22:00:00,0.08887687587168759,0.003984063745019917,-0.05245676842889069,-0.36067030887341545,0.6604844852180969,0.7446543986636971,0.5,-0.15600694144498262,0.2924510139163874,0.38436866286046756,0.21276475539984152,0.6840130237768136,0.0
2021-11-03 22:10:00,0.08932349372384937,0.003984063745019917,-0.052905197319434216,-0.3616598464559899,0.6605077410320503,0.7483963251670379,0.5,-0.15600694144498262,0.2924510139163874,0.38436866286046756,0.21276475539984152,0.6840130237768136,0.0
2021-11-03 22:20:00,0.08977011157601117,0.003984063745019917,-0.05335356664184676,-0.3626493840385645,0.6605309444975199,0.7521383073496659,0.5,-0.15600694144498262,0.2924510139163874,0.38436866286046756,0.21276475539984152,0.6840130237768136,0.0
2021-11-03 22:30:00,0.09021672245467224,0.003984063745019917,-0.05380199553239029,-0.3636389573290483,0.6605541872243524,0.755880289532294,0.5,-0.15600694144498262,0.2924510139163874,0.38436866286046756,0.21276475539984152,0.6840130237768136,0.0
2021-11-03 22:40:00,0.09066334728033472,0.003984063745019917,-0.05425042442293393,-0.36462849491162286,0.6605774299511851,0.759622271714922,0.5,-0.15600694144498262,0.2924510139163874,0.38436866286046756,0.21276475539984152,0.6840130237768136,0.0
2021-11-03 22:50:00,0.09110996513249651,0.003984063745019917,-0.054698793745346364,-0.36561803249419744,0.6606006334166548,0.7633642538975501,0.5,-0.15600694144498262,0.2924510139163874,0.38436866286046756,0.21276475539984152,0.6840130237768136,0.0
2021-11-03 23:00:00,0.0915565829846583,0.003984063745019917,-0.05514722263588989,-0.3666075879307267,0.6606238630563662,0.7671063474387528,0.5,-0.1456003772901482,0.2821178884332774,0.3517136455928225,0.1566735672348672,0.7735338966064703,0.0
2021-11-03 23:10:00,0.09200320083682008,0.003984063745019917,-0.05559565152643342,-0.3675971076593466,0.6606471319574407,0.7708482850779511,0.5,-0.1456003772901482,0.2821178884332774,0.3517136455928225,0.1566735672348672,0.7735338966064703,0.0
2021-11-03 23:20:00,0.09244981171548118,0.003984063745019917,-0.056044020848845966,-0.3685866452419211,0.6606703746842731,0.7745902561247217,0.5,-0.1456003772901482,0.2821178884332774,0.3517136455928225,0.1566735672348672,0.7735338966064703,0.0
2021-11-03 23:30:00,0.09289642956764295,0.003984063745019917,-0.056492449739389494,-0.36957621853240497,0.6606935781497428,0.7783321826280624,0.5,-0.1456003772901482,0.2821178884332774,0.3517136455928225,0.1566735672348672,0.7735338966064703,0.0
2021-11-03 23:40:00,0.09334305439330544,0.003984063745019917,-0.056940878629933134,-0.37056575611497944,0.6607168208765754,0.7820741648106905,0.5,-0.1456003772901482,0.2821178884332774,0.3517136455928225,0.1566735672348672,0.7735338966064703,0.0
2021-11-03 23:50:00,0.09378967224546723,0.003984063745019917,-0.057389277736411115,-0.371555293697554,0.6607400766905288,0.7858161469933185,0.5,-0.1456003772901482,0.2821178884332774,0.3517136455928225,0.1566735672348672,0.7735338966064703,0.0
2021-11-04 00:00:00,0.09423629009762902,0.003984063745019917,-0.05783767684288921,-0.3725448669880379,0.6607633063302404,0.7895581291759466,0.5,-0.16989049847192828,0.2751094087187891,0.3717919989672258,0.15314184682594853,0.9000762725285644,0.0
2021-11-04 00:10:00,0.0946829009762901,0.003984063745019917,-0.058286105733432736,-0.3735343867166576,0.6607865097957101,0.7933001113585746,0.5,-0.16989049847192828,0.2751094087187891,0.3717919989672258,0.15314184682594853,0.9000762725285644,0.0
2021-11-04 00:20:00,0.09512951882845189,0.003984063745019917,-0.05873450483991072,-0.37452390644527755,0.6608097525225425,0.7970422048997773,0.5,-0.16989049847192828,0.2751094087187891,0.3717919989672258,0.15314184682594853,0.9000762725285644,0.0
2021-11-04 00:30:00,0.09557613668061367,0.003984063745019917,-0.05918290394638881,-0.37551347973576144,0.6608329952493751,0.8007841425389755,0.5,-0.16989049847192828,0.2751094087187891,0.3717919989672258,0.15314184682594853,0.9000762725285644,0.0
2021-11-04 00:40:00,0.09602276150627614,0.003984063745019917,-0.05963133283693234,-0.376503017318336,0.6608562118019657,0.8045261135857461,0.5,-0.16989049847192828,0.2751094087187891,0.3717919989672258,0.15314184682594853,0.9000762725285644,0.0
2021-11-04 00:50:00,0.09646937935843794,0.003984063745019917,-0.06007973194341043,-0.3774925549009106,0.6608794545287981,0.8082680400890869,0.5,-0.16989049847192828,0.2751094087187891,0.3717919989672258,0.15314184682594853,0.9000762725285644,0.0
2021-11-04 01:00:00,0.09691599023709901,0.003984063745019917,-0.06052813104988841,-0.3784821281913944,0.6609026972556307,0.8120100222717149,0.5,-0.2463762368576321,0.2600608608447533,0.45517989407723514,0.1980489553492576,0.9774820988388159,0.0
2021-11-04 01:10:00,0.09736260808926081,0.003984063745019917,-0.06097655994043194,-0.37947166577396896,0.6609259399824633,0.815752004454343,0.5,-0.2463762368576321,0.2600608608447533,0.45517989407723514,0.1980489553492576,0.9774820988388159,0.0
2021-11-04 01:20:00,0.09780922594142259,0.003984063745019917,-0.06142495904691003,-0.3804611855025889,0.660949143447933,0.819493986636971,0.5,-0.2463762368576321,0.2600608608447533,0.45517989407723514,0.1980489553492576,0.9774820988388159,0.0
2021-11-04 01:30:00,0.09825584379358437,0.003984063745019917,-0.061873358153388014,-0.3814507409391181,0.6609723730876444,0.8232359688195992,0.5,-0.2463762368576321,0.2600608608447533,0.45517989407723514,0.1980489553492576,0.9774820988388159,0.0
2021-11-04 01:40:00,0.09870245467224546,0.003984063745019917,-0.062321787043931653,-0.3824402785216925,0.6609956289015979,0.8269779510022272,0.5,-0.2463762368576321,0.2600608608447533,0.45517989407723514,0.1980489553492576,0.9774820988388159,0.0
2021-11-04 01:50:00,0.09914907949790795,0.003984063745019917,-0.06277018615040963,-0.38342981610426696,0.6610188323670675,0.8307200000000001,0.5,-0.2463762368576321,0.2600608608447533,0.45517989407723514,0.1980489553492576,0.9774820988388159,0.0
2021-11-04 02:00:00,0.09959569735006973,0.003984063745019917,-0.06321858525688773,-0.38441938939475084,0.6610420750939001,0.8344619710467707,0.5,-0.25789022364247094,0.25010703807682066,0.4870858203168147,0.23641429591897692,0.009681285240410169,0.0
2021-11-04 02:10:00,0.10004231520223153,0.003984063745019917,-0.06366701414743126,-0.38540892697732543,0.6610653309078536,0.8382038975501113,0.5,-0.25789022364247094,0.25010703807682066,0.4870858203168147,0.23641429591897692,0.009681285240410169,0.0
2021-11-04 02:20:00,0.10048893305439331,0.003984063745019917,-0.06411541325390924,-0.3863984645598999,0.661088586721807,0.8419458797327395,0.5,-0.25789022364247094,0.25010703807682066,0.4870858203168147,0.23641429591897692,0.009681285240410169,0.0
2021-11-04 02:30:00,0.1009355439330544,0.003984063745019917,-0.06456381236038733,-0.3873880021424745,0.6611117771001557,0.8456878619153675,0.5,-0.25789022364247094,0.25010703807682066,0.4870858203168147,0.23641429591897692,0.009681285240410169,0.0
2021-11-04 02:40:00,0.10138216178521618,0.003984063745019917,-0.06501224125093086,-0.38837753972504907,0.6611350198269883,0.8494298440979956,0.5,-0.25789022364247094,0.25010703807682066,0.4870858203168147,0.23641429591897692,0.009681285240410169,0.0
2021-11-04 02:50:00,0.10182877963737796,0.003984063745019917,-0.06546064035740895,-0.38936707730762365,0.6611582625538207,0.8531718262806236,0.5,-0.25789022364247094,0.25010703807682066,0.4870858203168147,0.23641429591897692,0.009681285240410169,0.0
2021-11-04 03:00:00,0.10227540446304044,0.003984063745019917,-0.06590903946388693,-0.3903566505981074,0.6611815052806533,0.8569138084632517,0.5,-0.26846775573397985,0.24548931487010156,0.5082579455072103,0.2603823351614594,0.020381206612194825,0.0
2021-11-04 03:10:00,0.10272202231520224,0.003984063745019917,-0.06635746835443046,-0.391346188180682,0.6612047087461229,0.8606558574610245,0.5,-0.26846775573397985,0.24548931487010156,0.5082579455072103,0.2603823351614594,0.020381206612194825,0.0
2021-11-04 03:20:00,0.10316863319386331,0.003984063745019917,-0.06680586746090855,-0.3923357257632566,0.6612279645600764,0.8643978285077951,0.5,-0.26846775573397985,0.24548931487010156,0.5082579455072103,0.2603823351614594,0.020381206612194825,0.0
2021-11-04 03:30:00,0.1036152510460251,0.003984063745019917,-0.06725426656738653,-0.39332529905374036,0.661251194199788,0.8681397995545658,0.5,-0.26846775573397985,0.24548931487010156,0.5082579455072103,0.2603823351614594,0.020381206612194825,0.0
2021-11-04 03:40:00,0.10406186889818689,0.003984063745019917,-0.06770269545793006,-0.39431480092840565,0.6612744238394995,0.8718817371937639,0.5,-0.26846775573397985,0.24548931487010156,0.5082579455072103,0.2603823351614594,0.020381206612194825,0.0
2021-11-04 03:50:00,0.10450848675034867,0.003984063745019917,-0.06815110945644098,-0.3953043385109801,0.6612976534792112,0.875623719376392,0.5,-0.26846775573397985,0.24548931487010156,0.5082579455072103,0.2603823351614594,0.020381206612194825,0.0
2021-11-04 04:00:00,0.10495511157601115,0.003984063745019917,-0.06859949367088625,-0.3962938760935547,0.6613208831189227,0.87936570155902,0.5,-0.32912381767466936,0.24111009261308064,0.5919463900901357,0.2719376304941928,0.02236756190673428,0.0
2021-11-04 04:10:00,0.10540172245467225,0.003984063745019917,-0.06904792256142978,-0.3972834493840385,0.6613441389328761,0.8831076837416482,0.5,-0.32912381767466936,0.24111009261308064,0.5919463900901357,0.2719376304941928,0.02236756190673428,0.0
2021-11-04 04:20:00,0.10584834030683403,0.003984063745019917,-0.06949633655994059,-0.39827298696661306,0.6613673423983457,0.8868496659242762,0.5,-0.32912381767466936,0.24111009261308064,0.5919463900901357,0.2719376304941928,0.02236756190673428,0.0
2021-11-04 04:30:00,0.10629495815899583,0.003984063745019917,-0.06994472077438585,-0.39926252454918765,0.6613905851251783,0.8905917149220491,0.5,-0.32912381767466936,0.24111009261308064,0.5919463900901357,0.2719376304941928,0.02236756190673428,0.0
2021-11-04 04:40:00,0.10674157601115761,0.003984063745019917,-0.07039314966492938,-0.4002520978396714,0.6614138278520109,0.8943336859688197,0.5,-0.32912381767466936,0.24111009261308064,0.5919463900901357,0.2719376304941928,0.02236756190673428,0.0
2021-11-04 04:50:00,0.10718819386331938,0.003984063745019917,-0.07084156366344019,-0.4012415997143368,0.6614370313174806,0.8980756570155902,0.5,-0.32912381767466936,0.24111009261308064,0.5919463900901357,0.2719376304941928,0.02236756190673428,0.0
2021-11-04 05:00:00,0.10763480474198048,0.003984063745019917,-0.07128994787788545,-0.4022311372969112,0.661460260957192,0.9018175946547885,0.5,-0.3226543189082334,0.23157292813075633,0.5943950440025987,0.26562407068658306,0.024243976630183343,0.0
2021-11-04 05:10:00,0.10808142956764295,0.003984063745019917,-0.07173837676842898,-0.40322071058739517,0.6614835298582665,0.9055595768374165,0.5,-0.3226543189082334,0.23157292813075633,0.5943950440025987,0.26562407068658306,0.024243976630183343,0.0
2021-11-04 05:20:00,0.10852804741980474,0.003984063745019917,-0.07218680565897251,-0.40421024816996964,0.6615067725850989,0.9093015590200446,0.5,-0.3226543189082334,0.23157292813075633,0.5943950440025987,0.26562407068658306,0.024243976630183343,0.0
2021-11-04 05:30:00,0.10897466527196653,0.003984063745019917,-0.07263517498138505,-0.40519978575254423,0.6615299760505686,0.9130435412026726,0.5,-0.3226543189082334,0.23157292813075633,0.5943950440025987,0.26562407068658306,0.024243976630183343,0.0
2021-11-04 05:40:00,0.10942128312412831,0.003984063745019917,-0.07308360387192858,-0.4061893590430281,0.6615532187774011,0.9167855233853007,0.5,-0.3226543189082334,0.23157292813075633,0.5943950440025987,0.26562407068658306,0.024243976630183343,0.0
2021-11-04 05:50:00,0.1098678940027894,0.003984063745019917,-0.07353203276247222,-0.4071788787716478,0.6615764745913546,0.9205275055679287,0.5,-0.3226543189082334,0.23157292813075633,0.5943950440025987,0.26562407068658306,0.024243976630183343,0.0
2021-11-04 06:00:00,0.11031451185495118,0.003984063745019917,-0.07398040208488477,-0.40816839850026776,0.6615997042310662,0.9242695434298441,0.5,-0.36719873738544473,0.22425410983112407,0.6772415696189882,0.3265227551935906,0.060637201086252035,0.0
2021-11-04 06:10:00,0.11076113668061367,0.003984063745019917,-0.0744288309754283,-0.40915797179075153,0.6616229076965359,0.9280115144766148,0.5,-0.36719873738544473,0.22425410983112407,0.6772415696189882,0.3265227551935906,0.060637201086252035,0.0
2021-11-04 06:20:00,0.11120775453277544,0.003984063745019917,-0.07487725986597182,-0.4101475093733261,0.6616461504233683,0.931753452115813,0.5,-0.36719873738544473,0.22425410983112407,0.6772415696189882,0.3265227551935906,0.060637201086252035,0.0
2021-11-04 06:30:00,0.11165437238493724,0.003984063745019917,-0.0753256589724498,-0.4111370469559007,0.6616693931502009,0.9354954342984411,0.5,-0.36719873738544473,0.22425410983112407,0.6772415696189882,0.3265227551935906,0.060637201086252035,0.0
2021-11-04 06:40:00,0.11210098326359832,0.003984063745019917,-0.0757740580789279,-0.41212662024638447,0.6616926097027915,0.9392374164810691,0.5,-0.36719873738544473,0.22425410983112407,0.6772415696189882,0.3265227551935906,0.060637201086252035,0.0
2021-11-04 06:50:00,0.11254760111576012,0.003984063745019917,-0.07622248696947143,-0.41311615782895905,0.6617158524296239,0.9429793986636972,0.5,-0.36719873738544473,0.22425410983112407,0.6772415696189882,0.3265227551935906,0.060637201086252035,0.0
2021-11-04 07:00:00,0.1129942189679219,0.003984063745019917,-0.07667088607594952,-0.4141056775575791,0.6617390951564566,0.9467213808463252,0.5,-0.3652047562839722,0.22894079716787238,0.6922774129969512,0.34304563250502895,0.08375608886199938,0.0
2021-11-04 07:10:00,0.11344083682008367,0.003984063745019917,-0.0771192851824275,-0.4150952329941082,0.6617623378832891,0.9504633630289532,0.5,-0.3652047562839722,0.22894079716787238,0.6922774129969512,0.34304563250502895,0.08375608886199938,0.0
2021-11-04 07:20:00,0.11388744769874477,0.003984063745019917,-0.07756771407297103,-0.4160847705766827,0.6617855413487587,0.9542054008908687,0.5,-0.3652047562839722,0.22894079716787238,0.6922774129969512,0.34304563250502895,0.08375608886199938,0.0
2021-11-04 07:30:00,0.11433407252440725,0.003984063745019917,-0.07801611317944912,-0.41707430815925717,0.6618087709884702,0.9579473719376392,0.5,-0.3652047562839722,0.22894079716787238,0.6922774129969512,0.34304563250502895,0.08375608886199938,0.0
2021-11-04 07:40:00,0.11478069037656903,0.003984063745019917,-0.0784645122859271,-0.41806388144974105,0.6618320268024238,0.9616893095768375,0.5,-0.3652047562839722,0.22894079716787238,0.6922774129969512,0.34304563250502895,0.08375608886199938,0.0
2021-11-04 07:50:00,0.11522730822873083,0.003984063745019917,-0.07891294117647074,-0.41905341903231563,0.6618552302678933,0.9654312917594655,0.5,-0.3652047562839722,0.22894079716787238,0.6922774129969512,0.34304563250502895,0.08375608886199938,0.0
2021-11-04 08:00:00,0.11567392608089261,0.003984063745019917,-0.07936134028294872,-0.4200429566148901,0.6618784729947259,0.9691732739420936,0.5,-0.38704485957181967,0.2426445445062887,0.686070622531801,0.35341131083148347,0.08025846919004122,0.0
2021-11-04 08:10:00,0.1161205369595537,0.003984063745019917,-0.07980973938942681,-0.4210324941974647,0.6619017288086794,0.9729152561247216,0.5,-0.38704485957181967,0.2426445445062887,0.686070622531801,0.35341131083148347,0.08025846919004122,0.0
2021-11-04 08:20:00,0.11656715481171548,0.003984063745019917,-0.08025816827997034,-0.4220220317800393,0.6619249846226328,0.9766572383073496,0.5,-0.38704485957181967,0.2426445445062887,0.686070622531801,0.35341131083148347,0.08025846919004122,0.0
2021-11-04 08:30:00,0.11701377963737797,0.003984063745019917,-0.08070656738644832,-0.42301156936261386,0.6619481750009816,0.9803992204899777,0.5,-0.38704485957181967,0.2426445445062887,0.686070622531801,0.35341131083148347,0.08025846919004122,0.0
2021-11-04 08:40:00,0.11746039748953976,0.003984063745019917,-0.08115496649292642,-0.42400114265309763,0.6619714177278141,0.9841412583518931,0.5,-0.38704485957181967,0.2426445445062887,0.686070622531801,0.35341131083148347,0.08025846919004122,0.0
2021-11-04 08:50:00,0.11790701534170153,0.003984063745019917,-0.08160339538346995,-0.4249906802356722,0.6619946604546465,0.9878832293986637,0.5,-0.38704485957181967,0.2426445445062887,0.686070622531801,0.35341131083148347,0.08025846919004122,0.0
2021-11-04 09:00:00,0.11835362622036262,0.003984063745019917,-0.08205179448994804,-0.4259802178182468,0.6620179031814791,0.991625167037862,0.5,-0.36761708518679237,0.2564287499964085,0.6388721811281055,0.3109123488336407,0.07918334059087949,0.0
2021-11-04 09:10:00,0.11880024407252442,0.003984063745019917,-0.08250019359642602,-0.42696979110873057,0.6620411066469488,0.9953671492204901,0.5,-0.36761708518679237,0.2564287499964085,0.6388721811281055,0.3109123488336407,0.07918334059087949,0.0
2021-11-04 09:20:00,0.11924686192468618,0.003984063745019917,-0.08294862248696955,-0.42795929298339586,0.6620643624609022,0.9991091314031181,0.5,-0.36761708518679237,0.2564287499964085,0.6388721811281055,0.3109123488336407,0.07918334059087949,0.0
2021-11-04 09:30:00,0.10739191073919108,0.003984063745019917,-0.0808637379002235,-0.4254597393322621,0.6622475821544018,0.9995545657015591,0.5,-0.36761708518679237,0.2564287499964085,0.6388721811281055,0.3109123488336407,0.07918334059087949,0.0
2021-11-04 09:40:00,0.10808926080892609,0.003984063745019917,-0.07818317200297853,-0.4161756829137653,0.6622475821544018,0.9995545657015591,0.5,-0.36761708518679237,0.2564287499964085,0.6388721811281055,0.3109123488336407,0.07918334059087949,0.0
2021-11-04 09:50:00,0.1199442119944212,0.003984063745019917,-0.07460908413998513,-0.4076057846813069,0.6622475821544018,0.9995545657015591,0.5,-0.36761708518679237,0.2564287499964085,0.6388721811281055,0.3109123488336407,0.07918334059087949,0.0
2021-11-04 10:00:00,0.11227336122733612,0.003984063745019917,-0.07043931496649303,-0.39939296554186754,0.6622475821544018,0.9995545657015591,0.5,-0.08852717092757956,0.26781070495708476,0.44455743582856605,0.2035513374494784,0.09730291089085887,0.0
2021-11-04 10:10:00,0.07112970711297072,0.003984063745019917,-0.06358897989575596,-0.39260846277450456,0.6622475821544018,0.9995545657015591,0.5,-0.08852717092757956,0.26781070495708476,0.44455743582856605,0.2035513374494784,0.09730291089085887,0.0
2021-11-04 10:20:00,0.06834030683403068,0.003984063745019917,-0.05763216679076699,-0.38510980182110344,0.6622475821544018,0.9995545657015591,0.5,-0.08852717092757956,0.26781070495708476,0.44455743582856605,0.2035513374494784,0.09730291089085887,0.0
2021-11-04 10:30:00,0.0697350069735007,0.003984063745019917,-0.050186150409531005,-0.37653990358864486,0.6622475821544018,0.9995545657015591,0.5,-0.08852717092757956,0.26781070495708476,0.44455743582856605,0.2035513374494784,0.09730291089085887,0.0
2021-11-04 10:40:00,0.048117154811715475,0.003984063745019917,-0.04154877140729718,-0.37011247991430096,0.6622475821544018,0.9995545657015591,0.5,-0.08852717092757956,0.26781070495708476,0.44455743582856605,0.2035513374494784,0.09730291089085887,0.0
2021-11-04 10:50:00,0.0502092050209205,0.003984063745019917,-0.03410275502606119,-0.360114265309766,0.6622475821544018,0.9995545657015591,0.5,-0.08852717092757956,0.26781070495708476,0.44455743582856605,0.2035513374494784,0.09730291089085887,0.0
2021-11-04 11:00:00,0.05160390516039052,0.003984063745019917,-0.02635889798957569,-0.35297268344938415,0.6622475821544018,0.9995545657015591,0.5,-0.062054823807301984,0.258250552431416,0.3671663269950366,0.10412545473716477,0.13514807407471527,0.0
2021-11-04 11:10:00,0.04184100418410042,0.003984063745019917,-0.017423678332092574,-0.34333154793786824,0.6622475821544018,0.9995545657015591,0.5,-0.062054823807301984,0.258250552431416,0.3671663269950366,0.10412545473716477,0.13514807407471527,0.0
2021-11-04 11:20:00,0.0,0.003984063745019917,-0.2882601042442293,-0.3367612926263168,0.6345290599521012,0.0,0.5,-0.062054823807301984,0.258250552431416,0.3671663269950366,0.10412545473716477,0.13514807407471527,0.0
2021-11-04 11:30:00,0.0,0.003984063745019917,-0.5590965390915861,-0.33019103731476507,0.6308254047192158,0.0,0.5,-0.062054823807301984,0.258250552431416,0.3671663269950366,0.10412545473716477,0.13514807407471527,0.0
2021-11-04 11:40:00,0.05439330543933055,0.003984063745019917,-0.8299329858525689,-0.3236207998571683,0.6621428851866878,0.9003340757238307,0.5,-0.062054823807301984,0.258250552431416,0.3671663269950366,0.10412545473716477,0.13514807407471527,0.0
2021-11-04 11:50:00,0.04672245467224547,0.003984063745019917,-0.39359641102010434,-0.3170505266916622,0.6621952336705448,0.8173719376391984,0.5,-0.062054823807301984,0.258250552431416,0.3671663269950366,0.10412545473716477,0.13514807407471527,0.0
2021-11-04 12:00:00,0.07112970711297072,0.003984063745019917,0.042740134028294685,-0.3104802713801106,0.6622475821544018,0.9995545657015591,0.5,-0.040484413600989755,0.2582649199585068,0.31884164935970916,0.013140222152469877,0.5613811890531918,0.0
2021-11-04 12:10:00,0.058577405857740586,0.003984063745019917,0.051079672375279106,-0.3054811640778432,0.6622475821544018,0.9995545657015591,0.5,-0.040484413600989755,0.2582649199585068,0.31884164935970916,0.013140222152469877,0.5613811890531918,0.0
2021-11-04 12:20:00,0.08437935843793584,0.003984063745019917,0.06418466120625443,-0.2990537404034993,0.662208320791509,0.9994432071269488,0.5,-0.040484413600989755,0.2582649199585068,0.31884164935970916,0.013140222152469877,0.5613811890531918,0.0
2021-11-04 12:30:00,0.07112970711297072,0.003984063745019917,-0.9026061057334327,-0.287032065702553,0.6622214079124733,0.8866369710467706,0.5,-0.040484413600989755,0.2582649199585068,0.31884164935970916,0.013140222152469877,0.5613811890531918,0.0
2021-11-04 12:40:00,0.08647140864714087,0.003984063745019917,-0.40729711094564414,-0.27501042670951603,0.662208320791509,0.8207126948775056,0.5,-0.040484413600989755,0.2582649199585068,0.31884164935970916,0.013140222152469877,0.5613811890531918,0.0
2021-11-04 12:50:00,0.099721059972106,0.003984063745019917,0.08801191362620986,-0.26298875200856986,0.6622344950334376,0.9995545657015591,0.5,-0.040484413600989755,0.2582649199585068,0.31884164935970916,0.013140222152469877,0.5613811890531918,0.0
2021-11-04 13:00:00,0.11157601115760113,0.003984063745019917,0.10111690245718519,-0.25191930012497765,0.6622475821544018,0.9996659242761693,0.5,0.06998141899385057,0.24279971379885856,0.23779309438762541,0.08766808714071622,0.6943186977249312,0.0
2021-11-04 13:10:00,0.09902370990237098,0.003984063745019917,0.10588235294117632,-0.24263524370648093,0.6622344950334376,0.9998886414253898,0.5,0.06998141899385057,0.24279971379885856,0.23779309438762541,0.08766808714071622,0.6943186977249312,0.0
2021-11-04 13:20:00,0.0,0.003984063745019917,0.10473349218168249,-0.2457979289412605,0.6360340788629909,0.0,0.5,0.06998141899385057,0.24279971379885856,0.23779309438762541,0.08766808714071622,0.6943186977249312,0.0
2021-11-04 13:30:00,0.0,0.003984063745019917,0.10358472077438563,-0.24896064988394928,0.638664590176807,0.0,0.5,0.06998141899385057,0.24279971379885856,0.23779309438762541,0.08766808714071622,0.6943186977249312,0.0
2021-11-04 13:40:00,0.0,0.003984063745019917,0.10243588979895746,-0.25212337082663805,0.661449267775582,0.0,0.5,0.06998141899385057,0.24279971379885856,0.23779309438762541,0.08766808714071622,0.6943186977249312,0.0
2021-11-04 13:50:00,0.0,0.003984063745019917,0.10128708860759472,-0.2552860203535082,0.6259439085995471,0.0,0.5,0.06998141899385057,0.24279971379885856,0.23779309438762541,0.08766808714071622,0.6943186977249312,0.0
2021-11-04 14:00:00,0.0,0.003984063745019917,0.10013825763216655,-0.2584487412961971,0.6229076965358391,0.0,0.5,0.08499681311230023,0.2326418721462506,0.2211099355441854,0.15025017061696072,0.7333393979615458,0.0
2021-11-04 14:10:00,0.0,0.003984063745019917,0.09898945644080404,-0.26161142653097647,0.6285351585504705,0.0,0.5,0.08499681311230023,0.2326418721462506,0.2211099355441854,0.15025017061696072,0.7333393979615458,0.0
2021-11-04 14:20:00,0.11436541143654114,-0.06589028501379113,0.09784065524944152,-0.26477414747366534,0.662208320791509,0.9932071269487751,0.5,0.08499681311230023,0.2326418721462506,0.2211099355441854,0.15025017061696072,0.7333393979615458,0.0
2021-11-04 14:30:00,0.1317991631799163,-0.13576463377260195,0.16128071481757233,-0.19407248705588287,0.6622214079124733,1.0,0.5,0.08499681311230023,0.2326418721462506,0.2211099355441854,0.15025017061696072,0.7333393979615458,0.0
2021-11-04 14:40:00,0.04741980474198048,-0.20563898253141288,0.16217423678332077,-0.1905016961256918,0.6622214079124733,1.0,0.5,0.08499681311230023,0.2326418721462506,0.2211099355441854,0.15025017061696072,0.7333393979615458,0.0
2021-11-04 14:50:00,0.10251046025104603,-0.2755133312902238,0.18212956068503328,-0.1837171933583288,0.6622214079124733,1.0,0.5,0.08499681311230023,0.2326418721462506,0.2211099355441854,0.15025017061696072,0.7333393979615458,0.0
2021-11-04 15:00:00,0.1199442119944212,-0.34538768004903475,0.1904690990320177,-0.17764684877700399,0.6622214079124733,1.0,0.5,0.10479207183721817,0.2058866631993039,0.20472504351943688,0.19927043217276294,0.7498010689398918,0.0
2021-11-04 15:10:00,0.10669456066945607,-0.4152620288078456,0.18838421444527165,-0.17014818782360286,0.6622214079124733,1.0,0.5,0.10479207183721817,0.2058866631993039,0.20472504351943688,0.19927043217276294,0.7498010689398918,0.0
2021-11-04 15:20:00,0.15690376569037656,-0.4851363775666565,0.19702159344750547,-0.16193536868416358,0.6622214079124733,1.0,0.5,0.10479207183721817,0.2058866631993039,0.20472504351943688,0.19927043217276294,0.7498010689398918,0.0
2021-11-04 15:30:00,0.15690376569037656,-0.5550107263254673,0.20387192851824265,-0.15729334047491517,0.6018112575414535,1.0,0.5,0.10479207183721817,0.2058866631993039,0.20472504351943688,0.19927043217276294,0.7498010689398918,0.0
2021-11-04 15:40:00,0.14365411436541145,-0.6248850750842784,0.18778853313477262,-0.14443849312622736,0.5676538718247373,1.0,0.5,0.10479207183721817,0.2058866631993039,0.20472504351943688,0.19927043217276294,0.7498010689398918,0.0
2021-11-04 15:50:00,0.1701534170153417,-0.6947594238430893,0.18183172002978387,-0.1344402785216925,0.5676538718247373,1.0,0.5,0.10479207183721817,0.2058866631993039,0.20472504351943688,0.19927043217276294,0.7498010689398918,0.0
2021-11-04 16:00:00,0.17782426778242677,-0.6442435386658495,0.18391660461653014,-0.1312265666845207,0.5674837392522019,1.0,0.5,0.11557319118691312,0.2045964592666229,0.2117604374681459,0.2138430800252862,0.7439607391064637,0.0
2021-11-04 16:10:00,0.18479776847977683,-0.5937276534886098,0.1720029784065522,-0.1233708266381004,0.4316917721270498,0.9938752783964365,0.5,0.11557319118691312,0.2045964592666229,0.2117604374681459,0.2138430800252862,0.7439607391064637,0.0
2021-11-04 16:20:00,0.13737796373779637,-0.54321176831137,0.16902457185405795,-0.09837529012676305,0.3206998992291686,0.9995545657015591,0.5,0.11557319118691312,0.2045964592666229,0.2117604374681459,0.2138430800252862,0.7439607391064637,0.0
2021-11-04 16:30:00,0.16527196652719667,-0.49269588313413015,0.16753536857781093,-0.1008748437778968,0.3206998992291686,0.9995545657015591,0.5,0.11557319118691312,0.2045964592666229,0.2117604374681459,0.2138430800252862,0.7439607391064637,0.0
2021-11-04 16:40:00,0.14644351464435149,-0.08100929614873842,0.1603871928518239,-0.10730226745224059,0.3206998992291686,0.9995545657015591,0.5,0.11557319118691312,0.2045964592666229,0.2117604374681459,0.2138430800252862,0.7439607391064637,0.0
2021-11-04 16:50:00,0.1903765690376569,0.3306772908366533,0.1553239017125836,-0.11265845384752715,0.34519898967426155,0.9978841870824053,0.5,0.11557319118691312,0.2045964592666229,0.2117604374681459,0.2138430800252862,0.7439607391064637,0.0
2021-11-04 17:00:00,0.17364016736401675,-0.7450199203187251,0.14936708860759484,-0.11872879842885198,0.3578934970095929,0.5507795100222718,0.5,0.12628103379902011,0.19880921935478219,0.19736703444030654,0.2230887827109831,0.72542723999435,0.0
2021-11-04 17:10:00,0.10669456066945607,-0.8645418326693228,0.14519731943410275,-0.12765577575432951,0.35361400845428015,0.48452115812917596,0.5,0.12628103379902011,0.19880921935478219,0.19736703444030654,0.2230887827109831,0.72542723999435,0.0
2021-11-04 17:20:00,0.197350069735007,-0.17928286852589637,0.14400595681310469,-0.13194072487055875,0.35220059939014015,0.5145879732739421,0.5,0.12628103379902011,0.19880921935478219,0.19736703444030654,0.2230887827109831,0.72542723999435,0.0010109087617122079
2021-11-04 17:30:00,0.14365411436541145,0.08366533864541825,0.13864482501861475,-0.15407962863774327,0.3565062621873814,0.06570155902004456,0.5,0.12628103379902011,0.19880921935478219,0.19736703444030654,0.2230887827109831,0.72542723999435,0.0
2021-11-04 17:40:00,0.2105997210599721,-0.4661354581673308,0.1359642591213699,-0.15122299589359034,0.36418840219340143,0.4377505567928731,0.5,0.12628103379902011,0.19880921935478219,0.19736703444030654,0.2230887827109831,0.72542723999435,0.017917226187063387
2021-11-04 17:50:00,0.1394700139470014,-0.4422310756972112,0.1332836932241248,-0.14979467952151393,0.3396500503854157,0.00011135857461024499,0.5,0.12628103379902011,0.19880921935478219,0.19736703444030654,0.2230887827109831,0.72542723999435,0.01585014409221902
2021-11-04 18:00:00,0.10111576011157601,-0.4406374501992033,0.1332836932241248,-0.12908409212640592,0.3376869822407768,0.7940979955456571,0.5,-0.01270102323943223,0.19443861761401493,0.31753330804659713,0.21632460177113022,0.7571404893051371,0.0
2021-11-04 18:10:00,0.12831241283124128,-0.4390438247011953,0.1288160833953833,-0.12729869666131055,0.3376869822407768,0.9993318485523385,0.5,-0.01270102323943223,0.19443861761401493,0.31753330804659713,0.21632460177113022,0.7571404893051371,0.0
2021-11-04 18:20:00,0.13668061366806136,-0.4374501992031873,0.12345495160089337,-0.132654883056597,0.3376869822407768,0.9993318485523385,0.5,-0.01270102323943223,0.19443861761401493,0.31753330804659713,0.21632460177113022,0.7571404893051371,0.0
2021-11-04 18:30:00,0.17224546722454673,-0.4358565737051793,0.1174981384959044,-0.1362256739867881,0.3376869822407768,0.9993318485523385,0.5,-0.01270102323943223,0.19443861761401493,0.31753330804659713,0.21632460177113022,0.7571404893051371,0.0
2021-11-04 18:40:00,0.16596931659693165,-0.4342629482071714,0.1130305286671629,-0.14193893947509362,0.32297705827694967,0.5178173719376392,0.5,-0.01270102323943223,0.19443861761401493,0.31753330804659713,0.21632460177113022,0.7571404893051371,0.0
2021-11-04 18:50:00,0.1206415620641562,0.06772908366533859,0.10945644080416961,-0.13729691126584542,0.33340749368546413,0.5325167037861915,0.5,-0.01270102323943223,0.19443861761401493,0.31753330804659713,0.21632460177113022,0.7571404893051371,0.0
2021-11-04 19:00:00,0.1094839609483961,-0.298804780876494,0.10945644080416961,-0.1347973576147118,0.3383544254099541,0.9968819599109131,0.5,-0.06997778350709749,0.22761611117017677,0.3375746316969112,0.13036738446487106,0.8203771213951656,0.0
2021-11-04 19:10:00,0.1415620641562064,0.3227091633466135,0.10647803425167512,-0.1347973576147118,0.3383544254099541,0.9968819599109131,0.5,-0.06997778350709749,0.22761611117017677,0.3375746316969112,0.13036738446487106,0.8203771213951656,0.0
2021-11-04 19:20:00,0.12343096234309624,0.38932270916334644,0.09873417721518973,-0.13658275307980716,0.3383544254099541,0.9968819599109131,0.5,-0.06997778350709749,0.22761611117017677,0.3375746316969112,0.13036738446487106,0.8203771213951656,0.0
2021-11-04 19:30:00,0.1094839609483961,0.4559362549800794,0.0939687267311986,-0.14193893947509362,0.3383544254099541,0.9968819599109131,0.5,-0.06997778350709749,0.22761611117017677,0.3375746316969112,0.13036738446487106,0.8203771213951656,0.0
2021-11-04 19:40:00,0.07601115760111576,0.5225498007968123,0.09039463886820531,-0.142653097661132,0.3383544254099541,0.9968819599109131,0.5,-0.06997778350709749,0.22761611117017677,0.3375746316969112,0.13036738446487106,0.8203771213951656,0.0
2021-11-04 19:50:00,0.07670850767085077,0.5891633466135457,0.0856291883842144,-0.14443849312622736,0.3383544254099541,0.9968819599109131,0.5,-0.06997778350709749,0.22761611117017677,0.3375746316969112,0.13036738446487106,0.8203771213951656,0.0
2021-11-04 20:00:00,0.0599721059972106,0.6557768924302789,0.08443782576321657,-0.14836636314943752,0.3383544254099541,0.9968819599109131,0.5,-0.029524154807697767,0.2335441528475007,0.2879074997492251,0.020965871126048086,0.917704788448914,0.0
2021-11-04 20:10:00,0.045327754532775454,0.5155378486055773,0.0826507818317197,-0.1490805213354759,0.3383544254099541,0.9968819599109131,0.5,-0.029524154807697767,0.2335441528475007,0.2879074997492251,0.020965871126048086,0.917704788448914,0.0
2021-11-04 20:20:00,0.07252440725244073,0.3752988047808763,0.08026805658972425,-0.1490805213354759,0.3383544254099541,0.9968819599109131,0.5,-0.029524154807697767,0.2335441528475007,0.2879074997492251,0.020965871126048086,0.917704788448914,0.0
2021-11-04 20:30:00,0.03417015341701534,0.2350597609561751,0.07669396872673095,-0.14943760042849485,0.3383544254099541,0.9968819599109131,0.5,-0.029524154807697767,0.2335441528475007,0.2879074997492251,0.020965871126048086,0.917704788448914,0.0
2021-11-04 20:40:00,0.0697350069735007,0.09482071713147389,0.07669396872673095,-0.15265131226566697,0.3383544254099541,0.9968819599109131,0.5,-0.029524154807697767,0.2335441528475007,0.2879074997492251,0.020965871126048086,0.917704788448914,0.0
2021-11-04 20:50:00,0.10390516039051603,-0.04541832669322743,0.0740134028294861,-0.15265131226566697,0.3383544254099541,0.9968819599109131,0.5,-0.029524154807697767,0.2335441528475007,0.2879074997492251,0.020965871126048086,0.917704788448914,0.0
2021-11-04 21:00:00,0.09135285913528592,-0.18565737051792852,0.07371556217423669,-0.15265131226566697,0.3383544254099541,0.9968819599109131,0.5,-0.006878874586713546,0.2389722045820921,0.29434128749560745,0.1452615054674917,0.23064895293614268,0.0
2021-11-04 21:10:00,0.07670850767085077,-0.3258964143426297,0.07192851824273983,-0.15800749866095343,0.3383544254099541,0.9968819599109131,0.5,-0.006878874586713546,0.2389722045820921,0.29434128749560745,0.1452615054674917,0.23064895293614268,0.0
2021-11-04 21:20:00,0.07182705718270573,-0.4661354581673308,0.06924795234549497,-0.1597928941260488,0.3383544254099541,0.9968819599109131,0.5,-0.006878874586713546,0.2389722045820921,0.29434128749560745,0.1452615054674917,0.23064895293614268,0.0
2021-11-04 21:30:00,0.1087866108786611,-0.4223107569721116,0.07282204020848826,-0.1612212104981252,0.3383544254099541,0.9968819599109131,0.5,-0.006878874586713546,0.2389722045820921,0.29434128749560745,0.1452615054674917,0.23064895293614268,0.0
2021-11-04 21:40:00,0.11715481171548117,-0.37848605577689254,0.07148175725986561,-0.16282806641671121,0.3383544254099541,0.9968819599109131,0.5,-0.006878874586713546,0.2389722045820921,0.29434128749560745,0.1452615054674917,0.23064895293614268,0.0
2021-11-04 21:50:00,0.12552301255230125,-0.33466135458167334,0.0701414743112434,-0.16443492233529733,0.3383544254099541,0.9968819599109131,0.5,-0.006878874586713546,0.2389722045820921,0.29434128749560745,0.1452615054674917,0.23064895293614268,0.0
2021-11-04 22:00:00,0.1708507670850767,-0.29083665338645437,0.06775874906924773,-0.17014818782360286,0.3383544254099541,0.9968819599109131,0.5,-0.11085486303053516,0.23766475961690378,0.36413090413270743,0.3011222266037467,0.19488833747205783,0.0
2021-11-04 22:10:00,0.5153417015341701,-0.24701195219123517,0.06716306775874892,-0.17014818782360286,0.22689141615735955,0.9153674832962139,0.5,-0.11085486303053516,0.23766475961690378,0.36413090413270743,0.3011222266037467,0.19488833747205783,0.0
2021-11-04 22:20:00,0.4693165969316597,-0.20318725099601598,0.05971705137751293,-0.15122299589359034,0.16070984544110142,0.0010022271714922048,0.5,-0.11085486303053516,0.23766475961690378,0.36413090413270743,0.3011222266037467,0.19488833747205783,0.4562291594369087
2021-11-04 22:30:00,0.5362622036262203,-0.10756972111553798,0.05614296351451942,-0.1308694875915014,0.14698145554959363,0.00022271714922048998,0.5,-0.11085486303053516,0.23766475961690378,0.36413090413270743,0.3011222266037467,0.19488833747205783,0.620690435596059
2021-11-04 22:40:00,0.5418410041841004,-0.09960159362549814,0.04988830975428127,-0.11087305838243178,0.14780594417034196,0.00011135857461024499,0.5,-0.11085486303053516,0.23766475961690378,0.36413090413270743,0.3011222266037467,0.19488833747205783,0.5895106899829503
2021-11-04 22:50:00,0.5104602510460251,-0.12350597609561753,0.04869694713328343,-0.09051955008034285,0.15232100090301137,0.00022271714922048998,0.5,-0.11085486303053516,0.23766475961690378,0.36413090413270743,0.3011222266037467,0.19488833747205783,0.5932450171250963
2021-11-04 23:00:00,0.599023709902371,-0.3227091633466136,0.04154877140729707,-0.07302267452240663,0.15135255395165617,0.0013363028953229399,0.5,-0.14956595957005203,0.2316620067987135,0.3910475823077558,0.47301759414630734,0.16868226098506942,0.783522187184091
2021-11-04 23:10:00,0.5383542538354253,0.08366533864541825,0.03588979895755773,-0.05695411533654715,0.1410137283898915,0.0033407572383073497,0.5,-0.14956595957005203,0.2316620067987135,0.3910475823077558,0.47301759414630734,0.16868226098506942,0.6168806675015466
2021-11-04 23:20:00,0.5223152022315203,0.1394422310756971,0.028145941921072115,-0.04838421710408858,0.1410137283898915,0.0022271714922049,0.5,-0.14956595957005203,0.2316620067987135,0.3910475823077558,0.47301759414630734,0.16868226098506942,0.5450231603723766
2021-11-04 23:30:00,0.5864714086471409,0.11553784860557759,-0.018317200297840674,-0.0815925727548652,0.1410137283898915,0.0017817371937639199,0.5,-0.14956595957005203,0.2316620067987135,0.3910475823077558,0.47301759414630734,0.16868226098506942,0.7085565128174178
2021-11-04 23:40:00,0.5578800557880056,-0.01195219123505975,-0.035591958302308435,-0.09908944831280142,0.1410137283898915,0.0017817371937639199,0.5,-0.14956595957005203,0.2316620067987135,0.3910475823077558,0.47301759414630734,0.16868226098506942,0.6312898894035638
2021-11-04 23:50:00,0.5788005578800558,0.01195219123505975,-0.04631422189128831,-0.10266023924299217,0.1410137283898915,0.0012249443207126948,0.5,-0.14956595957005203,0.2316620067987135,0.3910475823077558,0.47301759414630734,0.16868226098506942,0.6734689258717202
2021-11-05 00:00:00,0.704323570432357,-0.13147410358565736,-0.05376023827252441,-0.10408855561506858,0.15166664485479842,0.00957683741648107,0.5,-0.17152720127889098,0.22813908915625378,0.4482035955101206,0.6696470107480288,0.17063742571511342,0.9607329842931938
2021-11-05 00:10:00,0.694560669456067,0.019920318725099362,-0.054355919583023216,-0.10266023924299217,0.14496603892109775,0.02071269487750557,0.5,-0.17152720127889098,0.22813908915625378,0.4482035955101206,0.6696470107480288,0.17063742571511342,0.9336345942031172
2021-11-05 00:20:00,0.6764295676429567,0.2350597609561753,-0.055845122859270346,-0.10266023924299217,0.1454633495177396,0.04476614699331848,0.5,-0.17152720127889098,0.22813908915625378,0.4482035955101206,0.6696470107480288,0.17063742571511342,0.7696636842343498
2021-11-05 00:30:00,0.7594142259414226,-0.20318725099601598,-0.057036485480268184,-0.09980360649883946,0.15226865241915433,0.030846325167037864,0.5,-0.17152720127889098,0.22813908915625378,0.4482035955101206,0.6696470107480288,0.17063742571511342,0.8556022451227424
2021-11-05 00:40:00,0.6729428172942817,0.10756972111553775,-0.05256887565152657,-0.09409034101053393,0.15270052741097487,0.0016703786191536749,0.5,-0.17152720127889098,0.22813908915625378,0.4482035955101206,0.6696470107480288,0.17063742571511342,0.9415408060111351
2021-11-05 00:50:00,0.7147838214783822,0.11553784860557759,-0.055845122859270346,-0.09016247098732377,0.1554749970553978,0.0066815144766146995,0.5,-0.17152720127889098,0.22813908915625378,0.4482035955101206,0.6696470107480288,0.17063742571511342,0.959955942483818
2021-11-05 01:00:00,0.693863319386332,-0.059760956175298974,-0.06031273268801207,-0.09123370826638089,0.14709923963827198,0.0021158129175946547,0.5,-0.2183648447763893,0.22214783035973362,0.537442313840354,0.7409516594343747,0.16371138314203415,0.9783710789565007
2021-11-05 01:10:00,0.6785216178521618,0.05179282868525892,-0.07192851824274027,-0.08873415461524714,0.13381581185954902,0.00033407572383073496,0.5,-0.2183648447763893,0.22214783035973362,0.537442313840354,0.7409516594343747,0.16371138314203415,0.9175656713490351
2021-11-05 01:20:00,0.7119944211994422,0.13147410358565725,-0.07282204020848859,-0.09194786645241915,0.14797607674287735,0.0020044543429844097,0.5,-0.2183648447763893,0.22214783035973362,0.537442313840354,0.7409516594343747,0.16371138314203415,0.9481833818670127
2021-11-05 01:30:00,0.6980474198047419,0.10756972111553775,-0.07252419955323908,-0.08980539189430448,0.1505804138147649,0.00623608017817372,0.5,-0.2183648447763893,0.22214783035973362,0.537442313840354,0.7409516594343747,0.16371138314203415,0.9788010923849904
2021-11-05 01:40:00,0.6366806136680614,-0.02788844621513953,-0.07907669396872685,-0.08730583824317073,0.1438405465181715,0.0010022271714922048,0.5,-0.2183648447763893,0.22214783035973362,0.537442313840354,0.7409516594343747,0.16371138314203415,0.846349412314981
2021-11-05 01:50:00,0.7224546722454672,-0.02788844621513953,-0.08116157855547301,-0.0880199964292091,0.1406996374867493,0.004565701559020045,0.5,-0.2183648447763893,0.22214783035973362,0.537442313840354,0.7409516594343747,0.16371138314203415,0.8510068349502844
2021-11-05 02:00:00,0.8444909344490934,0.09163346613545809,-0.07937453462397637,-0.08980539189430448,0.14427242150999203,0.05846325167037862,0.5,-0.22837240592177432,0.21858755714683864,0.5685907793197108,0.7907113779455628,0.14766345007783027,0.8556643330265402
2021-11-05 02:10:00,0.8396094839609484,-0.4661354581673308,-0.0805658972449741,-0.08980539189430448,0.1505804138147649,0.055122494432071276,0.5,-0.22837240592177432,0.21858755714683864,0.5685907793197108,0.7907113779455628,0.14766345007783027,0.8603217556618435
2021-11-05 02:20:00,0.8312412831241283,-0.29083665338645437,-0.07818317200297853,-0.08302088912694161,0.1505804138147649,0.04988864142538976,0.5,-0.22837240592177432,0.21858755714683864,0.5685907793197108,0.7907113779455628,0.14766345007783027,0.8649792537380991
2021-11-05 02:30:00,0.8451882845188284,0.003984063745019917,-0.07877885331347734,-0.08123549366184613,0.14283283820392353,0.05846325167037862,0.5,-0.22837240592177432,0.21858755714683864,0.5685907793197108,0.7907113779455628,0.14766345007783027,0.8696366763734026
2021-11-05 02:40:00,0.9058577405857741,-0.13147410358565736,-0.08175725986597182,-0.08123549366184613,0.1406996374867493,0.0799554565701559,0.5,-0.22837240592177432,0.21858755714683864,0.5685907793197108,0.7907113779455628,0.14766345007783027,0.8742941744496583
2021-11-05 02:50:00,0.9281729428172943,-0.21115537848605592,-0.08830975428145948,-0.08123549366184613,0.14064728900289225,0.09042316258351893,0.5,-0.22837240592177432,0.21858755714683864,0.5685907793197108,0.7907113779455628,0.14766345007783027,0.8789515216440092
2021-11-05 03:00:00,0.907252440725244,-0.3227091633466136,-0.0927773641102011,-0.0783788609176932,0.14064728900289225,0.0824053452115813,0.5,-0.2613102160846609,0.22490639556101,0.5456629125881659,0.8215899055689247,0.13382723280624864,0.8836090951612173
2021-11-05 03:10:00,0.8842398884239888,-0.1872509960159363,-0.09039463886820565,-0.07766470273165504,0.14064728900289225,0.07327394209354121,0.5,-0.2613102160846609,0.22490639556101,0.5456629125881659,0.8215899055689247,0.13382723280624864,0.8882664423555684
2021-11-05 03:20:00,0.7712691771269178,-0.21115537848605592,-0.09784065524944163,-0.07766470273165504,0.14064728900289225,0.038084632516703784,0.5,-0.2613102160846609,0.22490639556101,0.5456629125881659,0.8215899055689247,0.13382723280624864,0.892923940431824
2021-11-05 03:30:00,0.7252440725244073,-0.2270916334661356,-0.10856291883842151,-0.07766470273165504,0.13725772467314917,0.045211581291759464,0.5,-0.2613102160846609,0.22490639556101,0.5456629125881659,0.8215899055689247,0.13382723280624864,0.8975813630671273
2021-11-05 03:40:00,0.6910739191073919,-0.13147410358565736,-0.11690245718540593,-0.07623638635957874,0.12693198623234875,0.053563474387527836,0.5,-0.2613102160846609,0.22490639556101,0.5456629125881659,0.8215899055689247,0.13382723280624864,0.7789806418516227
2021-11-05 03:50:00,0.7259414225941423,-0.043824701195219196,-0.12017870439314982,-0.08123549366184613,0.12985041420737853,0.06291759465478843,0.5,-0.2613102160846609,0.22490639556101,0.5456629125881659,0.8215899055689247,0.13382723280624864,0.8011150172759782
2021-11-05 04:00:00,0.8200836820083682,-0.12350597609561753,-0.12494415487714083,-0.0894483128012854,0.13076651267487668,0.09031180400890869,0.5,-0.3416556406911695,0.21171413218699636,0.5432691691912188,0.8494485311638539,0.1354489120820829,0.8204580774627699
2021-11-05 04:10:00,0.8744769874476986,0.21912350597609564,-0.12107222635889814,-0.09908944831280142,0.1328081035453011,0.1,0.5,-0.3416556406911695,0.21171413218699636,0.5432691691912188,0.8494485311638539,0.1354489120820829,0.8770991444996002
2021-11-05 04:20:00,0.9337517433751744,-0.0916334661354582,-0.12107222635889814,-0.10730226745224059,0.1445995995340985,0.11469933184855235,0.5,-0.3416556406911695,0.21171413218699636,0.5432691691912188,0.8494485311638539,0.1354489120820829,0.9031790817327279
2021-11-05 04:30:00,0.9895397489539749,0.17928286852589648,-0.11660461653015652,-0.11123013747545074,0.1445995995340985,0.1304008908685969,0.5,-0.3416556406911695,0.21171413218699636,0.5432691691912188,0.8494485311638539,0.1354489120820829,0.8734251701193476
2021-11-05 04:40:00,0.9890516039051603,0.47410358565737054,-0.10618019359642605,-0.12087127298696665,0.14751802750912826,0.14454342984409801,0.5,-0.3416556406911695,0.21171413218699636,0.5432691691912188,0.8494485311638539,0.1354489120820829,0.8734855228812408
2021-11-05 04:50:00,0.9885634588563459,-0.2270916334661356,-0.11749813849590485,-0.12265666845206213,0.15849812199814164,0.15289532293986638,0.5,-0.3416556406911695,0.21171413218699636,0.5432691691912188,0.8494485311638539,0.1354489120820829,0.8984866544955263
2021-11-05 05:00:00,0.9880753138075314,-0.29083665338645437,-0.13000744601638126,-0.12444206391715751,0.15852429624007017,0.1413140311804009,0.5,-0.3430806514392025,0.19201625254664342,0.47595623238789597,0.8628575000962572,0.14316494917711506,0.9043422303363158
2021-11-05 05:10:00,0.987587168758717,-0.49800796812749004,-0.15770662695457938,-0.13194072487055875,0.15852429624007017,0.12583518930957685,0.5,-0.3430806514392025,0.19201625254664342,0.47595623238789597,0.8628575000962572,0.14316494917711506,0.9101978816180576
2021-11-05 05:20:00,0.9870990237099023,-0.4820717131474104,-0.1815338793745348,-0.13943938582395987,0.15852429624007017,0.1299554565701559,0.5,-0.3430806514392025,0.19201625254664342,0.47595623238789597,0.8628575000962572,0.14316494917711506,0.9160533820178947
2021-11-05 05:30:00,0.9866108786610879,-0.5378486055776892,-0.193149664929263,-0.1505088377075522,0.15852429624007017,0.13474387527839643,0.5,-0.3430806514392025,0.19201625254664342,0.47595623238789597,0.8628575000962572,0.14316494917711506,0.921908957858684
2021-11-05 05:40:00,0.9861227336122733,-0.05179282868525903,-0.19255398361876408,-0.15872165684699147,0.1468767585818796,0.12895322939866372,0.5,-0.3430806514392025,0.19201625254664342,0.47595623238789597,0.8628575000962572,0.14316494917711506,0.9277646091404258
2021-11-05 05:50:00,0.9856345885634589,0.29083665338645415,-0.17944899478778864,-0.16586323870737363,0.14456033817120573,0.13719376391982183,0.5,-0.3430806514392025,0.19201625254664342,0.47595623238789597,0.8628575000962572,0.14316494917711506,0.9336201849812152
2021-11-05 06:00:00,0.9851464435146444,-0.14741035856573714,-0.18481012658227858,-0.16086413140510625,0.14454725105024147,0.12149220489977729,0.5,-0.40296312182249294,0.23510446628946968,0.502584281617646,0.8628493633665455,0.12371129840222096,0.9394757608220046
2021-11-05 06:10:00,0.9846582984658298,-0.4422310756972112,-0.1895755770662696,-0.15229423317264768,0.14172043292196151,0.10556792873051225,0.5,-0.40296312182249294,0.23510446628946968,0.502584281617646,0.8628493633665455,0.12371129840222096,0.9453314121037464
2021-11-05 06:20:00,1.0,-0.20318725099601598,-0.1812360387192853,-0.1469380467773611,0.13058329298137702,0.11202672605790646,0.5,-0.40296312182249294,0.23510446628946968,0.502584281617646,0.8628493633665455,0.12371129840222096,0.9511869125035834
2021-11-05 06:30:00,0.9679218967921898,-0.298804780876494,-0.1657483246463144,-0.14051062310301732,0.12994202405412833,0.09732739420935413,0.5,-0.40296312182249294,0.23510446628946968,0.502584281617646,0.8628493633665455,0.12371129840222096,0.9570424883443729
2021-11-05 06:40:00,0.6861924686192469,-0.10756972111553798,-0.16157855547282218,-0.13158364577753967,0.1106385206318462,0.005790645879732739,0.5,-0.40296312182249294,0.23510446628946968,0.502584281617646,0.8628493633665455,0.12371129840222096,0.9628981396261146
2021-11-05 06:50:00,0.6248256624825663,-0.043824701195219196,-0.17647058823529427,-0.12229958935904306,0.09834971404640694,0.006347438752783964,0.5,-0.40296312182249294,0.23510446628946968,0.502584281617646,0.8628493633665455,0.12371129840222096,0.8092324637506224
2021-11-05 07:00:00,0.7189679218967923,0.06772908366533859,-0.1967237527922563,-0.12729869666131055,0.09660912695816049,0.0089086859688196,0.5,-0.4333766367611749,0.25365007025720837,0.4834089716173506,0.8565981851533919,0.10933153591638559,0.8720295125005659
2021-11-05 07:10:00,0.7301255230125524,-0.03585657370517936,-0.21399851079672383,-0.13801106945188357,0.10200102079543523,0.009799554565701559,0.5,-0.4333766367611749,0.25365007025720837,0.4834089716173506,0.8565981851533919,0.10933153591638559,0.9348265612505093
2021-11-05 07:20:00,0.705020920502092,0.31474103585657365,-0.22978406552494424,-0.14979467952151393,0.11084791456727437,0.008463251670378619,0.5,-0.4333766367611749,0.25365007025720837,0.4834089716173506,0.8565981851533919,0.10933153591638559,0.9976236100004527
2021-11-05 07:30:00,0.5425383542538355,-0.13147410358565736,-0.2476545048399108,-0.15907873594001076,0.10940833126120586,0.00022271714922048998,0.5,-0.4333766367611749,0.25365007025720837,0.4834089716173506,0.8565981851533919,0.10933153591638559,0.6438281756868899
2021-11-05 07:40:00,0.5550906555090656,-0.02788844621513953,-0.2583767684288907,-0.16300660596322092,0.10659460025389017,0.00022271714922048998,0.5,-0.4333766367611749,0.25365007025720837,0.4834089716173506,0.8565981851533919,0.10933153591638559,0.6418516227348854
2021-11-05 07:50:00,0.5223152022315203,-0.059760956175298974,-0.26046165301563673,-0.17300482056775568,0.11456465692112393,0.00022271714922048998,0.5,-0.4333766367611749,0.25365007025720837,0.4834089716173506,0.8565981851533919,0.10933153591638559,0.5429108137061123
2021-11-05 08:00:00,0.4225941422594142,-0.2749003984063746,-0.25420699925539847,-0.16871987145152645,0.11784952428315296,0.00022271714922048998,0.5,-0.46324459521523254,0.28133629495958257,0.4647203742234062,0.676174286281921,0.12412735793604777,0.33391674336496824
2021-11-05 08:10:00,0.33751743375174337,-0.1633466135458168,-0.24854802680565913,-0.16193536868416358,0.10744526311656699,0.00033407572383073496,0.5,-0.46324459521523254,0.28133629495958257,0.4647203742234062,0.676174286281921,0.12412735793604777,0.1996695686286344
2021-11-05 08:20:00,0.13598326359832635,0.29083665338645415,-0.2589724497393895,-0.18800214247455804,0.11398882359869653,0.0900890868596882,0.5,-0.46324459521523254,0.28133629495958257,0.4647203742234062,0.676174286281921,0.12412735793604777,0.03243960951763055
2021-11-05 08:30:00,0.028591352859135284,0.17131474103585642,-0.2506329113924052,-0.1840742724513479,0.12050620983889755,0.9993318485523385,0.5,-0.46324459521523254,0.28133629495958257,0.4647203742234062,0.676174286281921,0.12412735793604777,0.0
2021-11-05 08:40:00,0.015341701534170154,0.05179282868525892,-0.2279970215934476,-0.15443670773076235,0.12050620983889755,0.9993318485523385,0.5,-0.46324459521523254,0.28133629495958257,0.4647203742234062,0.676174286281921,0.12412735793604777,0.0
2021-11-05 08:50:00,0.05090655509065551,-0.06772908366533881,-0.21787043931496664,-0.14158186038207465,0.12050620983889755,0.9993318485523385,0.5,-0.46324459521523254,0.28133629495958257,0.4647203742234062,0.676174286281921,0.12412735793604777,0.0
2021-11-05 09:00:00,0.09623430962343095,-0.1872509960159363,-0.20714817572598676,-0.1422960185681127,0.12050620983889755,0.9993318485523385,0.5,-0.46971816305858516,0.35588651952403183,0.4513244910917517,0.5391673081319314,0.11834136345088402,0.0
2021-11-05 09:10:00,0.11645746164574616,-0.3067729083665339,-0.1964259121370069,-0.15015175861453323,0.12050620983889755,0.9993318485523385,0.5,-0.46971816305858516,0.35588651952403183,0.4513244910917517,0.5391673081319314,0.11834136345088402,0.0
2021-11-05 09:20:00,0.08368200836820083,-0.42629482071713154,-0.1895755770662696,-0.15765041956793413,0.12050620983889755,0.9993318485523385,0.5,-0.46971816305858516,0.35588651952403183,0.4513244910917517,0.5391673081319314,0.11834136345088402,0.0
2021-11-05 09:30:00,0.08298465829846582,-0.5458167330677292,-0.1964259121370069,-0.15907873594001076,0.12050620983889755,0.9993318485523385,0.5,-0.46971816305858516,0.35588651952403183,0.4513244910917517,0.5391673081319314,0.11834136345088402,0.0
2021-11-05 09:40:00,0.08577405857740586,-0.6653386454183268,-0.2008935219657484,-0.15300839135868594,0.12050620983889755,0.9993318485523385,0.5,-0.46971816305858516,0.35588651952403183,0.4513244910917517,0.5391673081319314,0.11834136345088402,0.0
2021-11-05 09:50:00,0.09344490934449094,-0.7848605577689244,-0.19434102755026073,-0.15265131226566697,0.12050620983889755,0.9993318485523385,0.5,-0.46971816305858516,0.35588651952403183,0.4513244910917517,0.5391673081319314,0.11834136345088402,0.0
2021-11-05 10:00:00,0.11506276150627615,-0.6311895276038704,-0.19523454951600916,-0.15800749866095343,0.12050620983889755,0.9993318485523385,0.5,-0.43347436131335126,0.4246150221116258,0.3546160404395023,0.6560211979688095,0.08393752337088466,0.0
2021-11-05 10:10:00,0.09205020920502092,-0.47751849743881625,-0.19195830230826516,-0.15657918228887702,0.12050620983889755,0.9993318485523385,0.5,-0.43347436131335126,0.4246150221116258,0.3546160404395023,0.6560211979688095,0.08393752337088466,0.0
2021-11-05 10:20:00,0.14853556485355648,-0.32384746727376224,-0.19493670886075953,-0.16014997321906788,0.12050620983889755,0.9993318485523385,0.5,-0.43347436131335126,0.4246150221116258,0.3546160404395023,0.6560211979688095,0.08393752337088466,0.0
2021-11-05 10:30:00,0.17364016736401675,-0.170176437108708,-0.19523454951600916,-0.1712194251026602,0.12050620983889755,0.9993318485523385,0.5,-0.43347436131335126,0.4246150221116258,0.3546160404395023,0.6560211979688095,0.08393752337088466,0.0
2021-11-05 10:40:00,0.11227336122733612,-0.0165054069436541,-0.1964259121370069,-0.18014640242813773,0.12050620983889755,0.9993318485523385,0.5,-0.43347436131335126,0.4246150221116258,0.3546160404395023,0.6560211979688095,0.08393752337088466,0.0
2021-11-05 10:50:00,0.20920502092050208,0.13716562322140002,-0.1976172747580046,-0.18264595607927148,0.1332138042951931,0.9993318485523385,0.5,-0.43347436131335126,0.4246150221116258,0.3546160404395023,0.6560211979688095,0.08393752337088466,0.0
2021-11-05 11:00:00,0.20781032078103207,0.29083665338645415,-0.1967237527922563,-0.17728976968398502,0.21466804517674157,0.18351893095768376,0.5,-0.4251279507895177,0.44341062105072443,0.3611625659417591,0.4361591668783788,0.14020999525486222,0.03839944475459058
2021-11-05 11:10:00,0.22733612273361226,0.36254980079681287,-0.17676842889054356,-0.12694161756829125,0.21676198453102302,0.00022271714922048998,0.5,-0.4251279507895177,0.44341062105072443,0.3611625659417591,0.4361591668783788,0.14020999525486222,0.07126906770071066
2021-11-05 11:20:00,0.19107391910739194,0.043824701195219085,-0.162174236783321,-0.10016068559185842,0.22093677611862164,0.00022271714922048998,0.5,-0.4251279507895177,0.44341062105072443,0.3611625659417591,0.4361591668783788,0.14020999525486222,0.05415905970396971
2021-11-05 11:30:00,0.2315202231520223,0.07569721115537842,-0.15681310498883105,-0.08052133547580786,0.2217874389812985,0.00022271714922048998,0.5,-0.4251279507895177,0.44341062105072443,0.3611625659417591,0.4361591668783788,0.14020999525486222,0.07845859046124598
2021-11-05 11:40:00,0.15620641562064158,0.2749003984063745,-0.14877140729709615,-0.07730762363863586,0.23478295009880776,0.00022271714922048998,0.5,-0.4251279507895177,0.44341062105072443,0.3611625659417591,0.4361591668783788,0.14020999525486222,0.02204384628151546
2021-11-05 11:50:00,0.10320781032078104,-0.5936254980079682,-0.15651526433358165,-0.04517050526691657,0.23004541230974598,0.018485523385300667,0.5,-0.4251279507895177,0.44341062105072443,0.3611625659417591,0.4361591668783788,0.14020999525486222,0.0
2021-11-05 12:00:00,0.07740585774058578,-0.3227091633466136,-0.1660461653015637,-0.049455454383145914,0.21831935192576984,0.5326280623608017,0.5,-0.3969781433869328,0.4893608461898751,0.3607397676536991,0.3360938095372141,0.09269900401051144,0.0
2021-11-05 12:10:00,0.061366806136680614,0.8087649402390438,-0.17527922561429654,-0.060167827173718935,0.21831935192576984,0.9995545657015591,0.5,-0.3969781433869328,0.4893608461898751,0.3607397676536991,0.3360938095372141,0.09269900401051144,0.0
2021-11-05 12:20:00,0.08298465829846582,0.20318725099601576,-0.18004467609828745,-0.06445277628994805,0.21831935192576984,0.9995545657015591,0.5,-0.3969781433869328,0.4893608461898751,0.3607397676536991,0.3360938095372141,0.09269900401051144,0.0
2021-11-05 12:30:00,0.0808926080892608,0.3359893758300132,-0.17944899478778864,-0.07552222817354037,0.21831935192576984,0.9995545657015591,0.5,-0.3969781433869328,0.4893608461898751,0.3607397676536991,0.3360938095372141,0.09269900401051144,0.0
2021-11-05 12:40:00,0.08647140864714087,0.46879150066401065,-0.1782576321667909,-0.08659168005713269,0.21831935192576984,0.9995545657015591,0.5,-0.3969781433869328,0.4893608461898751,0.3607397676536991,0.3360938095372141,0.09269900401051144,0.0
2021-11-05 12:50:00,0.20711297071129708,0.6015936254980081,-0.185703648548027,-0.0958757364756293,0.22292601850518903,0.8845211581291761,0.5,-0.3969781433869328,0.4893608461898751,0.3607397676536991,0.3360938095372141,0.09269900401051144,0.0
2021-11-05 13:00:00,0.14295676429567641,0.38645418326693215,-0.17706626954579308,-0.09873236921978212,0.24224260904843545,0.005345211581291759,0.5,-0.3678756049833518,0.5201475832382677,0.39281980968497215,0.3956547071898934,0.06032192596669599,0.020768894186520212
2021-11-05 13:10:00,0.12343096234309624,0.394422310756972,-0.16693968726731212,-0.07623638635957874,0.27815366897436233,0.022271714922048998,0.5,-0.3678756049833518,0.5201475832382677,0.39281980968497215,0.3956547071898934,0.06032192596669599,0.009603633236265976
2021-11-05 13:20:00,0.09274755927475593,0.19521912350597592,-0.1737900223380493,-0.07123727905731125,0.3152556569080368,0.6260579064587973,0.5,-0.3678756049833518,0.5201475832382677,0.39281980968497215,0.3956547071898934,0.06032192596669599,0.0
2021-11-05 13:30:00,0.1094839609483961,0.09960159362549792,-0.1779597915115415,-0.08016425638278879,0.32402402795409035,0.9995545657015591,0.5,-0.3678756049833518,0.5201475832382677,0.39281980968497215,0.3956547071898934,0.06032192596669599,0.0
2021-11-05 13:40:00,0.07880055788005579,0.003984063745019917,-0.185703648548027,-0.09087662917336181,0.32402402795409035,0.9995545657015591,0.5,-0.3678756049833518,0.5201475832382677,0.39281980968497215,0.3956547071898934,0.06032192596669599,0.0
2021-11-05 13:50:00,0.11645746164574616,0.2828685258964143,-0.1889798957557708,-0.10051776468487772,0.32402402795409035,0.9995545657015591,0.5,-0.3678756049833518,0.5201475832382677,0.39281980968497215,0.3956547071898934,0.06032192596669599,0.0
2021-11-05 14:00:00,0.09832635983263598,0.5617529880478087,-0.19046909903201792,-0.10944474201035537,0.32402402795409035,0.9995545657015591,0.5,-0.3535360445170356,0.5215182453226522,0.40270877504277763,0.4265524465361858,0.050295831714473674,0.0
2021-11-05 14:10:00,0.18270571827057183,0.8406374501992031,-0.19821295606850342,-0.12087127298696665,0.32402402795409035,0.9995545657015591,0.5,-0.3535360445170356,0.5215182453226522,0.40270877504277763,0.4265524465361858,0.050295831714473674,0.0
2021-11-05 14:20:00,0.22733612273361226,0.6573705179282865,-0.2011913626209978,-0.13408319942867342,0.346180523746581,0.2158129175946548,0.5,-0.3535360445170356,0.5215182453226522,0.40270877504277763,0.4265524465361858,0.050295831714473674,0.03268102056520362
2021-11-05 14:30:00,0.21408647140864714,-0.4581673306772909,-0.18004467609828745,-0.13015532940546326,0.3579327583724856,0.00011135857461024499,0.5,-0.3535360445170356,0.5215182453226522,0.40270877504277763,0.4265524465361858,0.050295831714473674,0.085323717126605
2021-11-05 14:40:00,0.18549511854951187,0.8007968127490039,-0.16872673119880877,-0.10801642563827896,0.35671565612280953,0.00033407572383073496,0.5,-0.3535360445170356,0.5215182453226522,0.40270877504277763,0.4265524465361858,0.050295831714473674,0.04488736665811669
2021-11-05 14:50:00,0.25174337517433754,-0.1633466135458168,-0.16366344005956823,-0.09623281556864838,0.4325816963526194,0.00022271714922048998,0.5,-0.3535360445170356,0.5215182453226522,0.40270877504277763,0.4265524465361858,0.050295831714473674,0.1239947493097153
2021-11-05 15:00:00,0.32566248256624825,0.08366533864541825,-0.16366344005956823,-0.10551687198714521,0.4544241012419678,0.00022271714922048998,0.5,-0.36022947592624044,0.5342766093785459,0.4303642723018805,0.3837217410271874,0.0431072913423864,0.21539900719706684
2021-11-05 15:10:00,0.3891213389121339,0.24302788844621515,-0.17081161578555493,-0.11622924477771823,0.4603394799178129,0.00022271714922048998,0.5,-0.36022947592624044,0.5342766093785459,0.4303642723018805,0.3837217410271874,0.0431072913423864,0.33071050288938847
2021-11-05 15:20:00,0.31241283124128316,0.2669322709163344,-0.2628443782576322,-0.1790751651490804,0.4708876994150057,0.00022271714922048998,0.5,-0.36022947592624044,0.5342766093785459,0.4303642723018805,0.3837217410271874,0.0431072913423864,0.19383043891546087
2021-11-05 15:30:00,0.23221757322175732,0.36254980079681287,-0.3057334326135518,-0.24513479735761468,0.4715289683422544,0.00022271714922048998,0.5,-0.36022947592624044,0.5342766093785459,0.4303642723018805,0.3837217410271874,0.0431072913423864,0.11302563483561416
2021-11-05 15:40:00,0.1882845188284519,0.20318725099601576,-0.3224125093075205,-0.27262988752008577,0.47989163863841594,0.00033407572383073496,0.5,-0.36022947592624044,0.5342766093785459,0.4303642723018805,0.3837217410271874,0.0431072913423864,0.07247612293857597
2021-11-05 15:50:00,0.15829846582984658,-0.01195219123505975,-0.33075204765450494,-0.2844134975897161,0.48536205520147624,0.00022271714922048998,0.5,-0.36022947592624044,0.5342766093785459,0.4303642723018805,0.3837217410271874,0.0431072913423864,0.05105843656170316
2021-11-05 16:00:00,0.09065550906555091,-0.2749003984063746,-0.3399851079672377,-0.29369755400821274,0.4779154833728128,0.384075723830735,0.5,-0.39316728608912677,0.5626323608433176,0.48113481393895197,0.24377776508371596,0.9894580312947225,0.0046773390467281266
2021-11-05 16:10:00,0.08437935843793584,-0.10756972111553798,-0.3247952345495161,-0.2754865202642386,0.4689246312703668,0.9995545657015591,0.5,-0.39316728608912677,0.5626323608433176,0.48113481393895197,0.24377776508371596,0.9894580312947225,0.0
2021-11-05 16:20:00,0.07670850767085077,-0.07835325365205847,-0.3021593447505585,-0.24727727191572935,0.4689246312703668,0.9995545657015591,0.5,-0.39316728608912677,0.5626323608433176,0.48113481393895197,0.24377776508371596,0.9894580312947225,0.0
2021-11-05 16:30:00,0.07043235704323571,-0.049136786188579085,-0.29292628443782587,-0.24192108552044278,0.4689246312703668,0.9995545657015591,0.5,-0.39316728608912677,0.5626323608433176,0.48113481393895197,0.24377776508371596,0.9894580312947225,0.0
2021-11-05 16:40:00,0.06624825662482565,-0.019920318725099584,-0.2902457185405809,-0.24192108552044278,0.4689246312703668,0.9995545657015591,0.5,-0.39316728608912677,0.5626323608433176,0.48113481393895197,0.24377776508371596,0.9894580312947225,0.0
2021-11-05 16:50:00,0.0794979079497908,0.009296148738379806,-0.286969471332837,-0.24513479735761468,0.4689246312703668,0.9995545657015591,0.5,-0.39316728608912677,0.5626323608433176,0.48113481393895197,0.24377776508371596,0.9894580312947225,0.0
2021-11-05 17:00:00,0.06485355648535565,0.038512616201859196,-0.28369322412509324,-0.24727727191572935,0.4689246312703668,0.9995545657015591,0.5,-0.3919376910923571,0.6014160634699893,0.48932725995132625,0.21145252691761868,0.8888167282746681,0.0
2021-11-05 17:10:00,0.061366806136680614,0.06772908366533859,-0.2860759493670887,-0.2529905374040349,0.4689246312703668,0.9995545657015591,0.5,-0.3919376910923571,0.6014160634699893,0.48932725995132625,0.21145252691761868,0.8888167282746681,0.0
2021-11-05 17:20:00,0.055090655509065556,-0.24302788844621515,-0.28428890543559204,-0.2576325656132833,0.4689246312703668,0.9995545657015591,0.5,-0.3919376910923571,0.6014160634699893,0.48932725995132625,0.21145252691761868,0.8888167282746681,0.0
2021-11-05 17:30:00,0.03347280334728033,-0.7450199203187251,-0.2857781087118393,-0.2626316729155508,0.4689246312703668,0.9995545657015591,0.5,-0.3919376910923571,0.6014160634699893,0.48932725995132625,0.21145252691761868,0.8888167282746681,0.0
2021-11-05 17:40:00,0.05718270571827057,-0.44422310756972117,-0.28369322412509324,-0.26584538475272257,0.4689246312703668,0.9995545657015591,0.5,-0.3919376910923571,0.6014160634699893,0.48932725995132625,0.21145252691761868,0.8888167282746681,0.0
2021-11-05 17:50:00,0.09832635983263598,-0.14342629482071723,-0.2819061801935965,-0.2704874129619711,0.4689246312703668,0.9995545657015591,0.5,-0.3919376910923571,0.6014160634699893,0.48932725995132625,0.21145252691761868,0.8888167282746681,0.0
2021-11-05 18:00:00,0.35704323570432356,0.1573705179282867,-0.28458674609084145,-0.2797714693804677,0.3889099736948869,0.7671492204899778,0.5,-0.43263566452528723,0.6480904119744715,0.6308260786143579,0.4571293817523794,0.7626199960915595,0.015736982663669147
2021-11-05 18:10:00,0.23082287308228733,0.4581673306772909,-0.28518242740134037,-0.2619175147295125,0.32971692557354304,0.00011135857461024499,0.5,-0.43263566452528723,0.6480904119744715,0.6308260786143579,0.4571293817523794,0.7626199960915595,0.1230894578813163
2021-11-05 18:20:00,0.1617852161785216,0.043824701195219085,-0.2708860759493672,-0.22978039635779324,0.32971692557354304,0.00022271714922048998,0.5,-0.43263566452528723,0.6480904119744715,0.6308260786143579,0.4571293817523794,0.7626199960915595,0.05852709084599484
2021-11-05 18:30:00,0.24476987447698745,0.09960159362549792,-0.26582278481012667,-0.20049991073022666,0.3426208268443025,0.00022271714922048998,0.5,-0.43263566452528723,0.6480904119744715,0.6308260786143579,0.4571293817523794,0.7626199960915595,0.14296060473467417
2021-11-05 18:40:00,0.2482566248256625,-0.4103585657370519,-0.2670141474311244,-0.19442956614890183,0.3462066979885095,0.00033407572383073496,0.5,-0.43263566452528723,0.6480904119744715,0.6308260786143579,0.4571293817523794,0.7626199960915595,0.14208548968722182
2021-11-05 18:50:00,0.32496513249651326,0.03585657370517925,-0.2628443782576322,-0.1901446170326727,0.3462066979885095,0.00033407572383073496,0.5,-0.43263566452528723,0.6480904119744715,0.6308260786143579,0.4571293817523794,0.7626199960915595,0.25886053985545515
2021-11-05 19:00:00,0.3361227336122734,0.12350597609561742,-0.3030528667163068,-0.20978396714872327,0.3462066979885095,0.00022271714922048998,0.5,-0.4255595064142994,0.7046783541710389,0.6668911276654269,0.5101109830458765,0.7928923279075394,0.28058753413703097
2021-11-05 19:10:00,0.29428172942817293,-0.1394422310756973,-0.3548771407297098,-0.2622745938225317,0.3462066979885095,0.00022271714922048998,0.5,-0.4255595064142994,0.7046783541710389,0.6668911276654269,0.5101109830458765,0.7928923279075394,0.2080359702460884
2021-11-05 19:20:00,0.2698744769874477,-0.3944223107569722,-0.37066269545793007,-0.2915550794500982,0.3462066979885095,0.00044543429844097997,0.5,-0.4255595064142994,0.7046783541710389,0.6668911276654269,0.5101109830458765,0.7928923279075394,0.18325361739366597
2021-11-05 19:30:00,0.24407252440725244,-0.0916334661354582,-0.37781087118391665,-0.30512408498482413,0.3471620578189004,0.00044543429844097997,0.5,-0.4255595064142994,0.7046783541710389,0.6668911276654269,0.5101109830458765,0.7928923279075394,0.15540836187516033
2021-11-05 19:40:00,0.12343096234309624,0.36254980079681287,-0.37781087118391665,-0.31940724870558823,0.4238918480323513,0.00033407572383073496,0.5,-0.4255595064142994,0.7046783541710389,0.6668911276654269,0.5101109830458765,0.7928923279075394,0.02120645171024639
2021-11-05 19:50:00,0.09483960948396096,-0.42629482071713154,-0.38495904690990335,-0.32762006784502773,0.4079386475769196,0.00033407572383073496,0.5,-0.4255595064142994,0.7046783541710389,0.6668911276654269,0.5101109830458765,0.7928923279075394,0.0067821416177557825
2021-11-05 20:00:00,0.09135285913528592,-0.4103585657370519,-0.3873417721518988,-0.32869130512408495,0.38425095863161063,0.01002227171492205,0.5,-0.4394430634412452,0.7345886720669422,0.6163790332122385,0.4607185836363057,0.8189106788659346,0.0
2021-11-05 20:10:00,0.17852161785216178,0.5458167330677288,-0.3879374534623977,-0.3647562935190145,0.3481435918912198,0.47861915367483293,0.5,-0.4394430634412452,0.7345886720669422,0.6163790332122385,0.4607185836363057,0.8189106788659346,0.0
2021-11-05 20:20:00,0.21338912133891214,-0.19521912350597614,-0.36202531645569636,-0.33547580789144793,0.3481435918912198,0.00824053452115813,0.5,-0.4394430634412452,0.7345886720669422,0.6163790332122385,0.4607185836363057,0.8189106788659346,0.10516468759901626
2021-11-05 20:30:00,0.23361227336122734,-0.21115537848605592,-0.3295606850335072,-0.26620246384574175,0.3481435918912198,0.00022271714922048998,0.5,-0.4394430634412452,0.7345886720669422,0.6163790332122385,0.4607185836363057,0.8189106788659346,0.1350015842599997
2021-11-05 20:40:00,0.15620641562064158,-0.5219123505976095,-0.3137751303052868,-0.22799500089269775,0.3481435918912198,0.00022271714922048998,0.5,-0.4394430634412452,0.7345886720669422,0.6163790332122385,0.4607185836363057,0.8189106788659346,0.07384914827164778
2021-11-05 20:50:00,0.17573221757322177,-0.2509960159362551,-0.3021593447505585,-0.19800035707909291,0.3481435918912198,0.00022271714922048998,0.5,-0.4394430634412452,0.7345886720669422,0.6163790332122385,0.4607185836363057,0.8189106788659346,0.0710804653197942
2021-11-05 21:00:00,0.11645746164574616,-0.4581673306772909,-0.29233060312732695,-0.1790751651490804,0.3481435918912198,0.00022271714922048998,0.5,-0.4542385939938425,0.7527319852761593,0.5624293883108067,0.3586896706811204,0.8294629930197432,0.016657362282541454
2021-11-05 21:10:00,0.08298465829846582,-0.4223107569721116,-0.2902457185405809,-0.15443670773076235,0.3481435918912198,0.5757238307349667,0.5,-0.4542385939938425,0.7527319852761593,0.5624293883108067,0.3586896706811204,0.8294629930197432,0.0
2021-11-05 21:20:00,0.10111576011157601,-0.38645418326693237,-0.2979895755770663,-0.17014818782360286,0.3481435918912198,0.9995545657015591,0.5,-0.4542385939938425,0.7527319852761593,0.5624293883108067,0.3586896706811204,0.8294629930197432,0.0
2021-11-05 21:30:00,0.0899581589958159,-0.3505976095617531,-0.3021593447505585,-0.19621496161399754,0.3481435918912198,0.9995545657015591,0.5,-0.4542385939938425,0.7527319852761593,0.5624293883108067,0.3586896706811204,0.8294629930197432,0.0
2021-11-05 21:40:00,0.100418410041841,-0.31474103585657376,-0.31139240506329124,-0.21514015354400995,0.3481435918912198,0.9995545657015591,0.5,-0.4542385939938425,0.7527319852761593,0.5624293883108067,0.3586896706811204,0.8294629930197432,0.0
2021-11-05 21:50:00,0.23500697350069735,-0.2788844621513944,-0.3128816083395384,-0.23227995000892698,0.2909266990354792,0.9995545657015591,0.5,-0.4542385939938425,0.7527319852761593,0.5624293883108067,0.3586896706811204,0.8294629930197432,0.0
2021-11-05 22:00:00,0.15132496513249652,-0.24302788844621515,-0.31556217423678345,-0.2272808427066595,0.16843124681001428,0.06926503340757238,0.5,-0.4961813714323452,0.7758608303855982,0.6587089535970636,0.3067304675575163,0.8272306391257187,0.04213377189673643
2021-11-05 22:10:00,0.21199442119944212,-0.36254980079681276,-0.3137751303052868,-0.1997857525441885,0.1595974401591394,0.00011135857461024499,0.5,-0.4961813714323452,0.7758608303855982,0.6587089535970636,0.3067304675575163,0.8272306391257187,0.11599046426362086
2021-11-05 22:20:00,0.1680613668061367,-0.3784860557768924,-0.31198808637379016,-0.1933583288698446,0.1595974401591394,0.00033407572383073496,0.5,-0.4961813714323452,0.7758608303855982,0.6587089535970636,0.3067304675575163,0.8272306391257187,0.08188360969868884
2021-11-05 22:30:00,0.12343096234309624,0.027888446215139417,-0.31169024571854065,-0.17978932333511877,0.16454437188362933,0.00033407572383073496,0.5,-0.4961813714323452,0.7758608303855982,0.6587089535970636,0.3067304675575163,0.8272306391257187,0.03845225342124719
2021-11-05 22:40:00,0.15341701534170155,-0.33067729083665354,-0.3054355919583024,-0.16264952687020162,0.1621886901100627,0.00033407572383073496,0.5,-0.4961813714323452,0.7758608303855982,0.6587089535970636,0.3067304675575163,0.8272306391257187,0.06499992455904763
2021-11-05 22:50:00,0.11297071129707113,-0.21434262948207183,-0.30692479523454963,-0.15765041956793413,0.1791626860007067,0.4922048997772829,0.5,-0.4961813714323452,0.7758608303855982,0.6587089535970636,0.3067304675575163,0.8272306391257187,0.01872444437738582
2021-11-05 23:00:00,0.055090655509065556,-0.09800796812749002,-0.3161578555472824,-0.16229244777718255,0.21113452251639164,0.9996659242761693,0.5,-0.5069004206825176,0.7983575043030751,0.7199832554631208,0.2850184179948918,0.7976928430473548,0.0
2021-11-05 23:10:00,0.10251046025104603,0.018326693227091573,-0.31973194341027555,-0.1822888769862525,0.21113452251639164,0.9996659242761693,0.5,-0.5069004206825176,0.7983575043030751,0.7199832554631208,0.2850184179948918,0.7976928430473548,0.0
2021-11-05 23:20:00,0.25174337517433754,0.13466135458167328,-0.30811615785554747,-0.2001428316372077,0.2387614348719425,0.9996659242761693,0.5,-0.5069004206825176,0.7983575043030751,0.7199832554631208,0.2850184179948918,0.7976928430473548,0.0
2021-11-05 23:30:00,0.14086471408647142,0.25099601593625476,-0.3203276247207745,-0.20049991073022666,0.3578804098886286,0.23830734966592426,0.5,-0.5069004206825176,0.7983575043030751,0.7199832554631208,0.2850184179948918,0.7976928430473548,0.011157716855017577
2021-11-05 23:40:00,0.05230125523012552,0.4820717131474104,-0.3173492181682801,-0.18943045884663456,0.35578647053434714,0.8328507795100224,0.5,-0.5069004206825176,0.7983575043030751,0.7199832554631208,0.2850184179948918,0.7976928430473548,0.0
2021-11-05 23:50:00,0.07810320781032079,0.33864541832669315,-0.33134772896500375,-0.1937154079628638,0.35578647053434714,0.9993318485523385,0.5,-0.5069004206825176,0.7983575043030751,0.7199832554631208,0.2850184179948918,0.7976928430473548,0.0
2021-11-06 00:00:00,0.2510460251046025,0.19521912350597592,-0.3241995532390173,-0.20371362256739867,0.34666474722225854,0.9993318485523385,0.5,-0.49918405001896127,0.8208426841988818,0.7403267771699578,0.3200618482517133,0.7594051519201636,0.0
2021-11-06 00:10:00,0.31241283124128316,0.05179282868525892,-0.3247952345495161,-0.222281735404392,0.19319207967439242,0.5329621380846326,0.5,-0.49918405001896127,0.8208426841988818,0.7403267771699578,0.3200618482517133,0.7594051519201636,0.04984383722860117
2021-11-06 00:20:00,0.24267782426778242,-0.0916334661354582,-0.3376023827252421,-0.22799500089269775,0.15945348182853256,0.00011135857461024499,0.5,-0.49918405001896127,0.8208426841988818,0.7403267771699578,0.3200618482517133,0.7594051519201636,0.13555230321227577
2021-11-06 00:30:00,0.22384937238493724,-0.10756972111553798,-0.3373045420699926,-0.21978218175325825,0.1436442397037076,0.00033407572383073496,0.5,-0.49918405001896127,0.8208426841988818,0.7403267771699578,0.3200618482517133,0.7594051519201636,0.10043453988563152
2021-11-06 00:40:00,0.17224546722454673,-0.17928286852589637,-0.3322412509307522,-0.2065702553115515,0.13994058447082228,0.00022271714922048998,0.5,-0.49918405001896127,0.8208426841988818,0.7403267771699578,0.3200618482517133,0.7594051519201636,0.06727069722528177
2021-11-06 00:50:00,0.14783821478382148,-0.5219123505976095,-0.33432613551749824,-0.19228709159078738,0.12763869076441872,0.00033407572383073496,0.5,-0.49918405001896127,0.8208426841988818,0.7403267771699578,0.3200618482517133,0.7594051519201636,0.045702128943675785
2021-11-06 01:00:00,0.1290097629009763,-0.5936254980079682,-0.33432613551749824,-0.18014640242813773,0.12134378558061011,0.00033407572383073496,0.5,-0.5188429279609956,0.8328366958135923,0.7854150315570607,0.40510190242568367,0.7372031299720356,0.02746805075667275
2021-11-06 01:10:00,0.1206415620641562,0.2749003984063745,-0.3283693224125095,-0.16586323870737363,0.10706573660860347,0.00022271714922048998,0.5,-0.5188429279609956,0.8328366958135923,0.7854150315570607,0.40510190242568367,0.7372031299720356,0.006397392760686211
2021-11-06 01:20:00,0.1087866108786611,0.1633466135458166,-0.325390915860015,-0.14943760042849485,0.10706573660860347,0.000556792873051225,0.5,-0.5188429279609956,0.8328366958135923,0.7854150315570607,0.40510190242568367,0.7372031299720356,0.0009581000950556
2021-11-06 01:30:00,0.09414225941422595,0.3784860557768923,-0.3298585256887566,-0.1490805213354759,0.12161861512085957,0.18351893095768376,0.5,-0.5188429279609956,0.8328366958135923,0.7854150315570607,0.40510190242568367,0.7372031299720356,0.0
2021-11-06 01:40:00,0.09553695955369597,-0.649402390438247,-0.3518987341772153,-0.17514729512587035,0.12352933478164141,0.9993318485523385,0.5,-0.5188429279609956,0.8328366958135923,0.7854150315570607,0.40510190242568367,0.7372031299720356,0.0
2021-11-06 01:50:00,0.09902370990237098,-0.8247011952191236,-0.3563663440059569,-0.1937154079628638,0.12352933478164141,0.9993318485523385,0.5,-0.5188429279609956,0.8328366958135923,0.7854150315570607,0.40510190242568367,0.7372031299720356,0.0
2021-11-06 02:00:00,0.09344490934449094,0.2589641434262948,-0.37364110201042455,-0.21228352079985702,0.12352933478164141,0.9993318485523385,0.5,-0.5177324368467588,0.8411899760637,0.7626853753006921,0.5102795308814484,0.7219040636105721,0.0
2021-11-06 02:10:00,0.08368200836820083,0.4422310756972112,-0.3837676842889055,-0.22906623817175498,0.12352933478164141,0.9993318485523385,0.5,-0.5177324368467588,0.8411899760637,0.7626853753006921,0.5102795308814484,0.7219040636105721,0.0
2021-11-06 02:20:00,0.08228730822873082,0.44792259533295375,-0.3947877885331348,-0.24584895554365294,0.12352933478164141,0.9993318485523385,0.5,-0.5177324368467588,0.8411899760637,0.7626853753006921,0.5102795308814484,0.7219040636105721,0.0
2021-11-06 02:30:00,0.06555090655509065,0.4536141149686965,-0.40491437081161596,-0.2612033565434745,0.12352933478164141,0.9993318485523385,0.5,-0.5177324368467588,0.8411899760637,0.7626853753006921,0.5102795308814484,0.7219040636105721,0.0
2021-11-06 02:40:00,0.05718270571827057,0.4593056346044393,-0.40848845867460915,-0.2733440457061238,0.12352933478164141,0.9993318485523385,0.5,-0.5177324368467588,0.8411899760637,0.7626853753006921,0.5102795308814484,0.7219040636105721,0.0
2021-11-06 02:50:00,0.04741980474198048,0.46499715424018206,-0.41176470588235303,-0.2819139439385824,0.12352933478164141,0.9993318485523385,0.5,-0.5177324368467588,0.8411899760637,0.7626853753006921,0.5102795308814484,0.7219040636105721,0.0
2021-11-06 03:00:00,0.058577405857740586,0.4706886738759246,-0.41176470588235303,-0.2894126048919836,0.12352933478164141,0.9993318485523385,0.5,-0.5250762535008238,0.8685256331050828,0.7724543744975784,0.5682098821447734,0.7115781650344324,0.0
2021-11-06 03:10:00,0.06415620641562064,0.4763801935116676,-0.41206254653760244,-0.2986966613104802,0.12352933478164141,0.9993318485523385,0.5,-0.5250762535008238,0.8685256331050828,0.7724543744975784,0.5682098821447734,0.7115781650344324,0.0
2021-11-06 03:20:00,0.08228730822873082,0.4820717131474104,-0.4174236783320924,-0.3054811640778432,0.12352933478164141,0.9993318485523385,0.5,-0.5250762535008238,0.8685256331050828,0.7724543744975784,0.5682098821447734,0.7115781650344324,0.0
2021-11-06 03:30:00,0.08716875871687588,0.4877632327831529,-0.414445271779598,-0.3119085877521871,0.12352933478164141,0.9993318485523385,0.5,-0.5250762535008238,0.8685256331050828,0.7724543744975784,0.5682098821447734,0.7115781650344324,0.0
2021-11-06 03:40:00,0.0801952580195258,0.49345475241889547,-0.41682799702159357,-0.3169076950544545,0.12352933478164141,0.9993318485523385,0.5,-0.5250762535008238,0.8685256331050828,0.7724543744975784,0.5682098821447734,0.7115781650344324,0.0
2021-11-06 03:50:00,0.09553695955369597,0.49914627205463846,-0.41623231571109465,-0.3247634351008748,0.12352933478164141,0.9993318485523385,0.5,-0.5250762535008238,0.8685256331050828,0.7724543744975784,0.5682098821447734,0.7115781650344324,0.0
2021-11-06 04:00:00,0.11785216178521618,0.5048377916903812,-0.41653015636634405,-0.3329762542403142,0.12352933478164141,0.9993318485523385,0.5,-0.5667462360204696,0.8883097179079764,0.7960314027277972,0.5991346083112763,0.7059143880564339,0.0
2021-11-06 04:10:00,0.1297071129707113,0.5105293113261238,-0.42010424422933734,-0.3436886270308872,0.12352933478164141,0.9993318485523385,0.5,-0.5667462360204696,0.8883097179079764,0.7960314027277972,0.5991346083112763,0.7059143880564339,0.0
2021-11-06 04:20:00,0.10808926080892609,0.5162208309618668,-0.42338049143708123,-0.34975897161221203,0.12352933478164141,0.9993318485523385,0.5,-0.5667462360204696,0.8883097179079764,0.7960314027277972,0.5991346083112763,0.7059143880564339,0.0
2021-11-06 04:30:00,0.11157601115760113,0.5219123505976095,-0.42844378257632176,-0.35761471165863234,0.12352933478164141,0.9993318485523385,0.5,-0.5667462360204696,0.8883097179079764,0.7960314027277972,0.5991346083112763,0.7059143880564339,0.0
2021-11-06 04:40:00,0.10251046025104603,0.5276038702333521,-0.4263588979895757,-0.360114265309766,0.12352933478164141,0.9993318485523385,0.5,-0.5667462360204696,0.8883097179079764,0.7960314027277972,0.5991346083112763,0.7059143880564339,0.0
2021-11-06 04:50:00,0.07112970711297072,0.5332953898690949,-0.42784810126582296,-0.3665416889841099,0.12352933478164141,0.9993318485523385,0.5,-0.5667462360204696,0.8883097179079764,0.7960314027277972,0.5991346083112763,0.7059143880564339,0.0
2021-11-06 05:00:00,0.07322175732217574,0.5389869095048376,-0.43529411764705894,-0.3697554008212819,0.12352933478164141,0.9993318485523385,0.5,-0.5683127305740767,0.8924303246773795,0.7683357053915152,0.5992433421426565,0.711229256300678,0.0
2021-11-06 05:10:00,0.11018131101813111,0.5446784291405804,-0.4332092330603129,-0.37546866630958753,0.12352933478164141,0.9993318485523385,0.5,-0.5683127305740767,0.8924303246773795,0.7683357053915152,0.5992433421426565,0.711229256300678,0.0
2021-11-06 05:20:00,0.18758716875871687,0.5503699487763232,-0.42755026061057344,-0.384038564542046,0.12466791430553192,0.9993318485523385,0.5,-0.5683127305740767,0.8924303246773795,0.7683357053915152,0.5992433421426565,0.711229256300678,0.0
2021-11-06 05:30:00,0.1617852161785216,0.5560614684120659,-0.4376768428890544,-0.3933226209605427,0.25006870738506237,0.6025612472160357,0.5,-0.5683127305740767,0.8924303246773795,0.7683357053915152,0.5992433421426565,0.711229256300678,0.0
2021-11-06 05:40:00,0.14225941422594143,0.5617529880478087,-0.4486969471332838,-0.3954650955186574,0.2908612634306579,0.4534521158129176,0.5,-0.5683127305740767,0.8924303246773795,0.7683357053915152,0.5992433421426565,0.711229256300678,0.0
2021-11-06 05:50:00,0.15202231520223153,0.40239043824701204,-0.44750558451228606,-0.3890376718443135,0.29714308149350227,0.9995545657015591,0.5,-0.5683127305740767,0.8924303246773795,0.7683357053915152,0.5992433421426565,0.711229256300678,0.0
2021-11-06 06:00:00,0.15341701534170155,0.24302788844621515,-0.44690990320178703,-0.3886805927512945,0.29714308149350227,0.9995545657015591,0.5,-0.6574147753519335,0.9072403716017211,0.7766752557872577,0.5887136544676471,0.7189073247020746,0.0
2021-11-06 06:10:00,0.15829846582984658,0.1872509960159361,-0.4460163812360388,-0.3951080164256383,0.29714308149350227,0.9995545657015591,0.5,-0.6574147753519335,0.9072403716017211,0.7766752557872577,0.5887136544676471,0.7189073247020746,0.0
2021-11-06 06:20:00,0.16108786610878661,0.3067729083665336,-0.44750558451228606,-0.4015354400999822,0.29714308149350227,0.9995545657015591,0.5,-0.6574147753519335,0.9072403716017211,0.7766752557872577,0.5887136544676471,0.7189073247020746,0.0
2021-11-06 06:30:00,0.1394700139470014,-0.5458167330677292,-0.45078183172002995,-0.41010533833244067,0.2952192747117562,0.260913140311804,0.5,-0.6574147753519335,0.9072403716017211,0.7766752557872577,0.5887136544676471,0.7189073247020746,0.0
2021-11-06 06:40:00,0.1499302649930265,-0.1394422310756973,-0.4486969471332838,-0.42010355293697543,0.2806925704414286,0.7809576837416481,0.5,-0.6574147753519335,0.9072403716017211,0.7766752557872577,0.5887136544676471,0.7189073247020746,0.0
2021-11-06 06:50:00,0.18270571827057183,0.2669322709163344,-0.4489947877885332,-0.42117479021603277,0.2841737446179215,0.9830734966592428,0.5,-0.6574147753519335,0.9072403716017211,0.7766752557872577,0.5887136544676471,0.7189073247020746,0.0
2021-11-06 07:00:00,0.3284518828451883,0.7211155378486056,-0.45495160089352205,-0.407962863774326,0.3356584784913167,0.015478841870824054,0.5,-0.6824051780004357,0.9250790932366313,0.792140999044202,0.5404724576593051,0.735691913110711,0.2608748132836429
2021-11-06 07:10:00,0.3772663877266388,-0.12350597609561753,-0.44393149664929277,-0.3676129262631672,0.3626572090405832,0.00022271714922048998,0.5,-0.6824051780004357,0.9250790932366313,0.792140999044202,0.5404724576593051,0.735691913110711,0.4413144831540354
2021-11-06 07:20:00,0.32984658298465835,-0.07569721115537853,-0.44750558451228606,-0.3472594179610783,0.35390192511549384,0.00033407572383073496,0.5,-0.6824051780004357,0.9250790932366313,0.792140999044202,0.5404724576593051,0.735691913110711,0.3100472260361815
2021-11-06 07:30:00,0.2301255230125523,-0.2749003984063746,-0.43916604616530164,-0.32726298875200854,0.3517163759144626,0.00044543429844097997,0.5,-0.6824051780004357,0.9250790932366313,0.792140999044202,0.5404724576593051,0.735691913110711,0.14749460597190578
2021-11-06 07:40:00,0.15760111576011157,-0.03585657370517936,-0.43201787043931505,-0.3019103731476521,0.33950609205480886,0.00033407572383073496,0.5,-0.6824051780004357,0.9250790932366313,0.792140999044202,0.5404724576593051,0.735691913110711,0.07469408693815352
2021-11-06 07:50:00,0.2099023709902371,0.043824701195219085,-0.43142218912881614,-0.27905731119442967,0.33950609205480886,0.00033407572383073496,0.5,-0.6824051780004357,0.9250790932366313,0.792140999044202,0.5404724576593051,0.735691913110711,0.11749928331095252
2021-11-06 08:00:00,0.2649930264993026,0.2111553784860556,-0.43618763961280715,-0.2751294411712194,0.33950609205480886,0.00044543429844097997,0.5,-0.6916045604346308,0.9600122986031921,0.8144109541025447,0.5066649966456865,0.7341349893792124,0.18649003425019237
2021-11-06 08:10:00,0.3193863319386332,0.43426294820717115,-0.4418466120625466,-0.2815568648455633,0.33950609205480886,0.00044543429844097997,0.5,-0.6916045604346308,0.9600122986031921,0.8144109541025447,0.5066649966456865,0.7341349893792124,0.24200703109676058
2021-11-06 08:20:00,0.2615062761506276,-0.3784860557768924,-0.4719285182427403,-0.28727013033386894,0.33950609205480886,0.00044543429844097997,0.5,-0.6916045604346308,0.9600122986031921,0.8144109541025447,0.5066649966456865,0.7341349893792124,0.19282707424898532
2021-11-06 08:30:00,0.2301255230125523,0.5139442231075697,-0.5675353685778108,-0.3626138189608997,0.3406315844577351,0.00044543429844097997,0.5,-0.6916045604346308,0.9600122986031921,0.8144109541025447,0.5066649966456865,0.7341349893792124,0.1396336587353079
2021-11-06 08:40:00,0.16875871687587168,0.4581673306772909,-0.6011913626209978,-0.4290305302624531,0.36161023936344244,0.00033407572383073496,0.5,-0.6916045604346308,0.9600122986031921,0.8144109541025447,0.5066649966456865,0.7341349893792124,0.09283009188707998
2021-11-06 08:50:00,0.15271966527196654,0.5617529880478087,-0.6083395383469845,-0.4543831458668094,0.3671853528942169,0.00022271714922048998,0.5,-0.6916045604346308,0.9600122986031921,0.8144109541025447,0.5066649966456865,0.7341349893792124,0.06014152722663971
2021-11-06 09:00:00,0.1311018131101813,0.585657370517928,-0.6083395383469845,-0.46795215140153545,0.3671853528942169,0.00022271714922048998,0.5,-0.6962001825748119,0.9817647346174094,0.8257880832007175,0.4588189646361972,0.7250715047817456,0.04273729951566908
2021-11-06 09:10:00,0.11715481171548117,0.593625498007968,-0.6068503350707373,-0.4718800214247456,0.38300768214000597,0.00022271714922048998,0.5,-0.6962001825748119,0.9817647346174094,0.8257880832007175,0.4588189646361972,0.7250715047817456,0.03283944656517344
2021-11-06 09:20:00,0.12203626220362622,0.6254980079681274,-0.6005956813104989,-0.47295125870380283,0.38360968970436193,0.00033407572383073496,0.5,-0.6962001825748119,0.9817647346174094,0.8257880832007175,0.4588189646361972,0.7250715047817456,0.02726436018528298
2021-11-06 09:30:00,0.12761506276150628,0.12350597609561742,-0.5970215934475057,-0.47009462595965,0.38360968970436193,0.00033407572383073496,0.5,-0.6962001825748119,0.9817647346174094,0.8257880832007175,0.4588189646361972,0.7250715047817456,0.037305550945275136
2021-11-06 09:40:00,0.11087866108786612,0.43426294820717115,-0.5955323901712585,-0.4718800214247456,0.3932418107340566,0.00033407572383073496,0.5,-0.6962001825748119,0.9817647346174094,0.8257880832007175,0.4588189646361972,0.7250715047817456,0.024337251233459572
2021-11-06 09:50:00,0.17433751743375175,0.06772908366533859,-0.5994043186895012,-0.4765220496339939,0.40004711363547135,0.00033407572383073496,0.5,-0.6962001825748119,0.9817647346174094,0.8257880832007175,0.4588189646361972,0.7250715047817456,0.07525234998566623
2021-11-06 10:00:00,0.10739191073919108,0.2749003984063745,-0.6014892032762473,-0.4797357614711658,0.40004711363547135,0.00022271714922048998,0.5,-0.6205765548459872,0.9824946049935782,0.7298051361495453,0.5506254147486641,0.7330930545230389,0.021749626567285785
2021-11-06 10:10:00,0.10669456066945607,0.003984063745019917,-0.6014892032762473,-0.46938046777361186,0.40004711363547135,0.00022271714922048998,0.5,-0.6205765548459872,0.9832233259675837,0.7298051361495453,0.5506254147486641,0.7330930545230389,0.012711800473769182
2021-11-06 10:20:00,0.12482566248256625,-0.3784860557768924,-0.608041697691735,-0.46938046777361186,0.38944654565442155,0.00033407572383073496,0.5,-0.6205765548459872,0.9839529089932095,0.7298051361495453,0.5506254147486641,0.7330930545230389,0.025325527709461806
2021-11-06 10:30:00,0.13528591352859135,0.027888446215139417,-0.6002978406552495,-0.46331012319228704,0.39006164033974167,0.00044543429844097997,0.5,-0.6205765548459872,0.9846813426166722,0.7298051361495453,0.5506254147486641,0.7330930545230389,0.03440861837439836
2021-11-06 10:40:00,0.11576011157601115,0.5298804780876492,-0.5982129560685034,-0.4543831458668094,0.38351807985761216,0.00022271714922048998,0.5,-0.6205765548459872,0.9854112129928451,0.7298051361495453,0.5506254147486641,0.7330930545230389,0.02978408799432684
2021-11-06 10:50:00,0.12552301255230125,-0.2589641434262948,-0.5991064780342518,-0.45009819675058027,0.372446375521849,0.00022271714922048998,0.5,-0.6205765548459872,0.9861410833690138,0.7298051361495453,0.5506254147486641,0.7330930545230389,0.03474055856481132
2021-11-06 11:00:00,0.14016736401673638,0.394422310756972,-0.5937453462397617,-0.449384038564542,0.3699990839015325,0.00033407572383073496,0.5,-0.6100387129309595,0.9868680802397661,0.7226968240797701,0.6184878832161627,0.749837532957215,0.053525355704090415
2021-11-06 11:10:00,0.23430962343096234,0.3067729083665336,-0.5880863737900224,-0.4465274058203892,0.3898522464043135,0.00044543429844097997,0.5,-0.6100387129309595,0.987597950615939,0.7226968240797701,0.6184878832161627,0.749837532957215,0.12858910330884016
2021-11-06 11:20:00,0.36959553695955366,0.043824701195219085,-0.5731943410275504,-0.4483128012854848,0.4209079844525003,0.00044543429844097997,0.5,-0.6100387129309595,0.9883278209921078,0.7226968240797701,0.6184878832161627,0.749837532957215,0.25241788252334896
2021-11-06 11:30:00,0.2894002789400279,-0.4183266932270917,-0.5612807148175727,-0.44367077307623637,0.41746607163890015,0.00033407572383073496,0.5,-0.6100387129309595,0.9890576913682807,0.7226968240797701,0.6184878832161627,0.749837532957215,0.1764488434902002
2021-11-06 11:40:00,0.199442119944212,-0.043824701195219196,-0.5535368577810872,-0.4383145866809498,0.40700946198845717,0.00022271714922048998,0.5,-0.6100387129309595,0.9897875617444495,0.7226968240797701,0.6184878832161627,0.749837532957215,0.10879339740784888
2021-11-06 11:50:00,0.2705718270571827,0.2111553784860556,-0.549367088607595,-0.4383145866809498,0.41546374213136855,0.00022271714922048998,0.5,-0.6100387129309595,0.9905174321206183,0.7226968240797701,0.6184878832161627,0.749837532957215,0.15914268901730616
2021-11-06 12:00:00,0.21269177126917713,-0.01195219123505975,-0.5484735666418468,-0.4383145866809498,0.415843268639332,0.00022271714922048998,0.5,-0.5891696181371433,0.9912473024967912,0.6571195921860687,0.6465634249843942,0.7571130141657528,0.1079937233127631
2021-11-06 12:10:00,0.14225941422594143,0.2589641434262948,-0.5401340282948623,-0.4304588466345296,0.4069309392626716,0.00022271714922048998,0.5,-0.5891696181371433,0.99197717287296,0.6571195921860687,0.6465634249843942,0.7571130141657528,0.05667124341777691
2021-11-06 12:20:00,0.10460251046025104,0.19521912350597592,-0.5326880119136264,-0.4140332083556507,0.4069309392626716,0.00033407572383073496,0.5,-0.5891696181371433,0.9927058938469654,0.6571195921860687,0.6465634249843942,0.7571130141657528,0.013949032092581136
2021-11-06 12:30:00,0.11715481171548117,0.01195219123505975,-0.5249441548771407,-0.4001071237279057,0.4069309392626716,0.00022271714922048998,0.5,-0.5891696181371433,0.9934354768725913,0.6571195921860687,0.6465634249843942,0.7571130141657528,0.02313774009083091
2021-11-06 12:40:00,0.12552301255230125,0.4501992031872508,-0.5157110945644081,-0.39260846277450456,0.4069309392626716,0.00022271714922048998,0.5,-0.5891696181371433,0.9941639104960539,0.6571195921860687,0.6465634249843942,0.7571130141657528,0.040406174087541685
2021-11-06 12:50:00,0.18270571827057183,0.47410358565737054,-0.5130305286671633,-0.3936797000535618,0.4069309392626716,0.00033407572383073496,0.5,-0.5891696181371433,0.9948937808722268,0.6571195921860687,0.6465634249843942,0.7571130141657528,0.08350559017457036
2021-11-06 13:00:00,0.200836820083682,-0.09960159362549814,-0.5130305286671633,-0.4004642028209249,0.4069309392626716,0.00022271714922048998,0.5,-0.4953111226216329,0.9956219271451465,0.5456962647026711,0.6682702489583817,0.758566991083892,0.09613440560073631
2021-11-06 13:10:00,0.2698744769874477,-0.49800796812749004,-0.5130305286671633,-0.4061774683092304,0.4034105037232859,0.00033407572383073496,0.5,-0.4953111226216329,0.9963506481191479,0.5456962647026711,0.6682702489583817,0.758566991083892,0.15641172654163588
2021-11-06 13:20:00,0.27475592747559274,-0.12350597609561753,-0.5079672375279226,-0.40724870558828774,0.39309785240344974,0.007238307349665925,0.5,-0.4953111226216329,0.9970805184953208,0.5456962647026711,0.6682702489583817,0.758566991083892,0.1536581317802556
2021-11-06 13:30:00,0.27615062761506276,-0.06772908366533881,-0.5049888309754282,-0.4061774683092304,0.39309785240344974,0.00601336302895323,0.5,-0.4953111226216329,0.9978103888714895,0.5456962647026711,0.6682702489583817,0.758566991083892,0.17185448949107535
2021-11-06 13:40:00,0.44002789400278935,0.24302788844621515,-0.49694713328369333,-0.3997500446348865,0.39309785240344974,0.09910913140311804,0.5,-0.4953111226216329,0.9985402592476625,0.5456962647026711,0.6682702489583817,0.758566991083892,0.21415423148301826
2021-11-06 13:50:00,0.5390516039051604,0.027888446215139417,-0.49367088607594944,-0.38653811819317974,0.39309785240344974,0.06069042316258352,0.5,-0.4953111226216329,0.9992701296238312,0.5456962647026711,0.6682702489583817,0.758566991083892,0.5054845572370505
2021-11-06 14:00:00,0.509065550906555,-0.24302788844621515,-0.480565897244974,-0.3726120335654347,0.39309785240344974,0.45423162583518933,0.5,-0.4724887374955099,1.0,0.4625850780103422,0.710090906045027,0.761424064908923,0.2564237970940145
2021-11-06 14:10:00,0.46234309623430964,0.19521912350597592,-0.47728965003723023,-0.3690412426352436,0.39309785240344974,0.0566815144766147,0.5,-0.4724887374955099,1.0,0.4625850780103422,0.710090906045027,0.761424064908923,0.3755978695475052
2021-11-06 14:20:00,0.4686192468619247,0.298804780876494,-0.4728220402084885,-0.3729691126584538,0.39309785240344974,0.004008908685968819,0.5,-0.4724887374955099,1.0,0.4625850780103422,0.710090906045027,0.761424064908923,0.5602999532266096
2021-11-06 14:30:00,0.4665271966527197,0.3545816733067728,-0.46656738644825024,-0.3647562935190145,0.3944196516208399,0.00011135857461024499,0.5,-0.4724887374955099,1.0,0.4625850780103422,0.710090906045027,0.761424064908923,0.5712087149388174
2021-11-06 14:40:00,0.3800557880055788,-0.10756972111553798,-0.46269545793000755,-0.3569005534725942,0.4001387234822211,0.00022271714922048998,0.5,-0.4724887374955099,1.0,0.4625850780103422,0.710090906045027,0.761424064908923,0.36233535012145995
2021-11-06 14:50:00,0.3563458856345886,0.03585657370517925,-0.4561429635145199,-0.3469023388680593,0.39650050385415714,0.00022271714922048998,0.5,-0.4724887374955099,1.0,0.4625850780103422,0.710090906045027,0.761424064908923,0.32588228193792723
2021-11-06 15:00:00,0.3926080892608089,0.09960159362549792,-0.4492926284437827,-0.3486877343331547,0.4009108636191125,0.00033407572383073496,0.5,-0.46352959736483923,0.9795205268859564,0.4333204363369639,0.7247148152947339,0.7601326491626733,0.4014137634473498
2021-11-06 15:10:00,0.3612273361227336,-0.15537848605577698,-0.44422933730454206,-0.34475986430994454,0.4044836476423552,0.00022271714922048998,0.5,-0.46352959736483923,0.9795205268859564,0.4333204363369639,0.7247148152947339,0.7601326491626733,0.3355311797456131
2021-11-06 15:20:00,0.4288702928870293,-0.17928286852589637,-0.4379746835443039,-0.3361899660774862,0.400282681812828,0.00022271714922048998,0.5,-0.46352959736483923,0.9795205268859564,0.4333204363369639,0.7247148152947339,0.7601326491626733,0.4724791405766706
2021-11-06 15:30:00,0.44072524407252445,-0.1633466135458168,-0.4332092330603129,-0.3301196214961615,0.40500713248092557,0.00022271714922048998,0.5,-0.46352959736483923,0.9795205268859564,0.4333204363369639,0.7247148152947339,0.7601326491626733,0.501237231618812
2021-11-06 15:40:00,0.40794979079497906,-0.1394422310756973,-0.42784810126582296,-0.32762006784502773,0.4063289316983157,0.00033407572383073496,0.5,-0.46352959736483923,0.9795205268859564,0.4333204363369639,0.7247148152947339,0.7601326491626733,0.4657573517208081
2021-11-06 15:50:00,0.4337517433751743,0.027888446215139417,-0.4209977661950858,-0.31940724870558823,0.4063289316983157,0.7175946547884187,0.5,-0.46352959736483923,0.9795205268859564,0.4333204363369639,0.7247148152947339,0.7601326491626733,0.10391236778973098
2021-11-06 16:00:00,0.4386331938633194,-0.1633466135458168,-0.38495904690990335,-0.2672737011247991,0.4063289316983157,0.9995545657015591,0.5,-0.42645520363228495,0.9771383908944367,0.37849945159232257,0.7212769565834446,0.7559703371318366,0.0
2021-11-06 16:10:00,0.37099023709902373,-0.21115537848605592,-0.3548771407297098,-0.24013569005534718,0.4063289316983157,0.9995545657015591,0.5,-0.42645520363228495,0.9771383908944367,0.37849945159232257,0.7212769565834446,0.7559703371318366,0.0
2021-11-06 16:20:00,0.46443514644351463,0.24302788844621515,-0.34623976172747584,-0.24084984824138556,0.4063289316983157,0.9995545657015591,0.5,-0.42645520363228495,0.9771383908944367,0.37849945159232257,0.7212769565834446,0.7559703371318366,0.0
2021-11-06 16:30:00,0.5125523012552301,-0.01195219123505975,-0.3361131794489949,-0.24513479735761468,0.40036120453861357,0.21380846325167038,0.5,-0.42645520363228495,0.9771383908944367,0.37849945159232257,0.7212769565834446,0.7559703371318366,0.5247069119000558
2021-11-06 16:40:00,0.6018131101813111,-0.09960159362549814,-0.3691734921816828,-0.28084270665952504,0.4027430605541087,0.0023385300668151447,0.5,-0.42645520363228495,0.9771383908944367,0.37849945159232257,0.7212769565834446,0.7559703371318366,0.8432940537441345
2021-11-06 16:50:00,0.5502092050209205,0.12350597609561742,-0.3790022338049145,-0.30333868951972864,0.4124537043095889,0.000556792873051225,0.5,-0.42645520363228495,0.9771383908944367,0.37849945159232257,0.7212769565834446,0.7559703371318366,0.7144635393877212
2021-11-06 17:00:00,0.6115760111576011,0.1633466135458166,-0.37751303052866725,-0.3036957686127477,0.4186046511627907,0.0024498886414253897,0.5,-0.42393704537654475,0.9720264247558263,0.3115025355849942,0.6950552601902881,0.7600646397384446,0.8425622765061785
2021-11-06 17:10:00,0.5355648535564853,-0.05179282868525903,-0.37781087118391665,-0.3019103731476521,0.4155946133410111,0.00033407572383073496,0.5,-0.42393704537654475,0.9720264247558263,0.3115025355849942,0.6950552601902881,0.7600646397384446,0.6269746669281954
2021-11-06 17:20:00,0.4700139470013947,-0.29083665338645437,-0.3763216679076695,-0.2979825031244421,0.4011333446755048,0.00033407572383073496,0.5,-0.42393704537654475,0.9720264247558263,0.3115025355849942,0.6950552601902881,0.7600646397384446,0.4415332619158984
2021-11-06 17:30:00,0.43584379358437936,-0.23505976095617542,-0.37602382725242,-0.2958400285663274,0.38787609113871035,0.00022271714922048998,0.5,-0.42393704537654475,0.9720264247558263,0.3115025355849942,0.6950552601902881,0.7600646397384446,0.3830061710699036
2021-11-06 17:40:00,0.3807531380753138,0.19521912350597592,-0.37602382725242,-0.30476700589180505,0.386240201018178,0.00033407572383073496,0.5,-0.42393704537654475,0.9720264247558263,0.3115025355849942,0.6950552601902881,0.7600646397384446,0.2871810733738703
2021-11-06 17:50:00,0.38354253835425384,-0.10756972111553798,-0.37602382725242,-0.30619532226388146,0.4005967727159702,0.00022271714922048998,0.5,-0.42393704537654475,0.9720264247558263,0.3115025355849942,0.6950552601902881,0.7600646397384446,0.3059809587036227
2021-11-06 18:00:00,0.48326359832635984,0.19521912350597592,-0.37602382725242,-0.3122656668452063,0.3960293674994438,0.00022271714922048998,0.5,-0.5185976159878702,0.9759746212001481,0.404260219030818,0.4746441354564812,0.7649284157496712,0.492229581906242
2021-11-06 18:10:00,0.4470013947001395,-0.11553784860557781,-0.37602382725242,-0.3133369041242635,0.38855662142885183,0.00044543429844097997,0.5,-0.5185976159878702,0.9759746212001481,0.404260219030818,0.4746441354564812,0.7649284157496712,0.3787060367850084
2021-11-06 18:20:00,0.44421199442119946,-0.05179282868525903,-0.37751303052866725,-0.31405106231030167,0.3855727578490008,0.10857461024498886,0.5,-0.5185976159878702,0.9759746212001481,0.404260219030818,0.4746441354564812,0.7649284157496712,0.33518415136472685
2021-11-06 18:30:00,0.4260808926080893,-0.23505976095617542,-0.3790022338049145,-0.3169076950544545,0.38681603434060546,0.00033407572383073496,0.5,-0.5185976159878702,0.9759746212001481,0.404260219030818,0.4746441354564812,0.7649284157496712,0.3914102931635409
2021-11-06 18:40:00,0.37377963737796377,0.09163346613545809,-0.38108711839166054,-0.3197643277986073,0.37919932993940664,0.00033407572383073496,0.5,-0.5185976159878702,0.9759746212001481,0.404260219030818,0.4746441354564812,0.7649284157496712,0.2902137996590069
2021-11-06 18:50:00,0.2635983263598326,0.2589641434262948,-0.3843633655994044,-0.3344045706123906,0.3742262239729882,0.00044543429844097997,0.5,-0.5185976159878702,0.9759746212001481,0.404260219030818,0.4746441354564812,0.7649284157496712,0.13470736454577004
2021-11-06 19:00:00,0.30822873082287305,0.043824701195219085,-0.3870439314966494,-0.3472594179610783,0.3742262239729882,0.00033407572383073496,0.5,-0.5277644124536434,0.9842416962877193,0.4043842432436922,0.36198741490677455,0.7712359074256899,0.1988095417716553
2021-11-06 19:10:00,0.3396094839609484,0.4183266932270917,-0.3879374534623977,-0.3476164970540975,0.37926476554422794,0.00033407572383073496,0.5,-0.5277644124536434,0.9842416962877193,0.4043842432436922,0.36198741490677455,0.7712359074256899,0.2188240264345097
2021-11-06 19:20:00,0.32984658298465835,-0.38645418326693237,-0.3879374534623977,-0.3486877343331547,0.38808548507413854,0.00033407572383073496,0.5,-0.5277644124536434,0.9842416962877193,0.4043842432436922,0.36198741490677455,0.7712359074256899,0.19519592015329604
2021-11-06 19:30:00,0.3200836820083682,-0.50597609561753,-0.3879374534623977,-0.3486877343331547,0.38808548507413854,0.00033407572383073496,0.5,-0.5277644124536434,0.9842416962877193,0.4043842432436922,0.36198741490677455,0.7712359074256899,0.19616910843882493
2021-11-06 19:40:00,0.35006973500697347,0.03585657370517925,-0.3879374534623977,-0.3490448134261739,0.38808548507413854,0.00044543429844097997,0.5,-0.5277644124536434,0.9842416962877193,0.4043842432436922,0.36198741490677455,0.7712359074256899,0.22663216500445105
2021-11-06 19:50:00,0.30613668061366806,0.2749003984063745,-0.3879374534623977,-0.3540439207284414,0.38808548507413854,0.00044543429844097997,0.5,-0.5277644124536434,0.9842416962877193,0.4043842432436922,0.36198741490677455,0.7712359074256899,0.1689500128249619
2021-11-06 20:00:00,0.32914923291492326,0.5298804780876492,-0.3903201787043933,-0.36047134440278517,0.38808548507413854,0.00044543429844097997,0.5,-0.5334745947849777,0.9909427109224844,0.4190235388571791,0.303857478704433,0.7809279279689002,0.18581860977412978
2021-11-06 20:10:00,0.3451882845188285,0.21912350597609564,-0.3938942665673866,-0.35940010712372794,0.39691929172501345,0.00044543429844097997,0.5,-0.5334745947849777,0.9909427109224844,0.4190235388571791,0.303857478704433,0.7809279279689002,0.21992546433906182
2021-11-06 20:20:00,0.394700139470014,-0.2749003984063746,-0.3938942665673866,-0.35261560435636485,0.3993665833453298,0.00022271714922048998,0.5,-0.5334745947849777,0.9909427109224844,0.4190235388571791,0.303857478704433,0.7809279279689002,0.28463871327911644
2021-11-06 20:30:00,0.3228730822873082,0.01195219123505975,-0.3938942665673866,-0.3501160507052312,0.3907290835089189,0.00022271714922048998,0.5,-0.5334745947849777,0.9909427109224844,0.4190235388571791,0.303857478704433,0.7809279279689002,0.18977171567813875
2021-11-06 20:40:00,0.24337517433751746,0.2350597609561753,-0.3953834698436338,-0.3611855025888234,0.3980055227650469,0.00033407572383073496,0.5,-0.5334745947849777,0.9909427109224844,0.4190235388571791,0.303857478704433,0.7809279279689002,0.10715632874149403
2021-11-06 20:50:00,0.21687587168758715,-0.3466135458167332,-0.4037230081906181,-0.37011247991430096,0.42360393137113767,0.00022271714922048998,0.5,-0.5334745947849777,0.9909427109224844,0.4190235388571791,0.303857478704433,0.7809279279689002,0.09478401255337447
2021-11-06 21:00:00,0.20571827057182707,-0.2270916334661356,-0.4111690245718541,-0.37653990358864486,0.417662378453364,0.00033407572383073496,0.5,-0.5497073433163577,0.9796613286514355,0.45252072871960725,0.2656474863865311,0.8025541596144367,0.08312838541273745
2021-11-06 21:10:00,0.20711297071129708,0.38645418326693215,-0.414445271779598,-0.37796821996072116,0.4200573215898235,0.00022271714922048998,0.5,-0.5497073433163577,0.9796613286514355,0.45252072871960725,0.2656474863865311,0.8025541596144367,0.08047286388943374
2021-11-06 21:20:00,0.18200836820083682,0.4501992031872508,-0.4177215189873419,-0.38439564363506507,0.4262213555639895,0.00022271714922048998,0.5,-0.5497073433163577,0.9796613286514355,0.45252072871960725,0.2656474863865311,0.8025541596144367,0.0717669779863301
2021-11-06 21:30:00,0.1771269177126918,0.5219123505976095,-0.4177215189873419,-0.38475272272808425,0.4309196319901585,0.00022271714922048998,0.5,-0.5497073433163577,0.9796613286514355,0.45252072871960725,0.2656474863865311,0.8025541596144367,0.06315162122606635
2021-11-06 21:40:00,0.17782426778242677,-0.3944223107569722,-0.4177215189873419,-0.3883235136582752,0.4426849537370274,0.00022271714922048998,0.5,-0.5497073433163577,0.9796613286514355,0.45252072871960725,0.2656474863865311,0.8025541596144367,0.05695037494153326
2021-11-06 21:50:00,0.201534170153417,-0.059760956175298974,-0.4177215189873419,-0.3883235136582752,0.428419991885985,0.00033407572383073496,0.5,-0.5497073433163577,0.9796613286514355,0.45252072871960725,0.2656474863865311,0.8025541596144367,0.0650602773209409
2021-11-06 22:00:00,0.20362622036262204,-0.15537848605577698,-0.4177215189873419,-0.39082306730940897,0.4261951813220609,0.00033407572383073496,0.5,-0.6189815767539639,0.9814141669564138,0.5396900941810452,0.23323934398548263,0.8637503394757472,0.06933777932012614
2021-11-06 22:10:00,0.2684797768479777,-0.02788844621513953,-0.41682799702159357,-0.3954650955186574,0.4261951813220609,0.00022271714922048998,0.5,-0.6189815767539639,0.9814141669564138,0.5396900941810452,0.23323934398548263,0.8637503394757472,0.11153944807399248
2021-11-06 22:20:00,0.2391910739191074,0.36254980079681287,-0.4177215189873419,-0.39725049098375276,0.4261951813220609,0.00022271714922048998,0.5,-0.6189815767539639,0.9814141669564138,0.5396900941810452,0.23323934398548263,0.8637503394757472,0.10222249045671952
2021-11-06 22:30:00,0.20223152022315202,0.41035856573705165,-0.4177215189873419,-0.39903588644884846,0.4261951813220609,0.00022271714922048998,0.5,-0.6189815767539639,0.9814141669564138,0.5396900941810452,0.23323934398548263,0.8637503394757472,0.07811156208035971
2021-11-06 22:40:00,0.15481171548117156,0.7529880478087649,-0.4177215189873419,-0.3968934118907338,0.4261951813220609,0.00022271714922048998,0.5,-0.6189815767539639,0.9814141669564138,0.5396900941810452,0.23323934398548263,0.8637503394757472,0.05821023884605519
2021-11-06 22:50:00,0.18758716875871687,0.2749003984063745,-0.41950856291883853,-0.3954650955186574,0.43747627959325225,0.00022271714922048998,0.5,-0.6189815767539639,0.9814141669564138,0.5396900941810452,0.23323934398548263,0.8637503394757472,0.07777962188994673
2021-11-06 23:00:00,0.20432357043235705,0.47410358565737054,-0.42069992553983626,-0.3983217282628101,0.44264569237413465,0.00022271714922048998,0.5,-0.6832255639423752,0.9726700899694544,0.6473839451036877,0.26276952508751283,0.9468860862784493,0.07071834874843459
2021-11-06 23:10:00,0.18340306834030684,0.7370517928286848,-0.42069992553983626,-0.39903588644884846,0.44264569237413465,0.00022271714922048998,0.5,-0.6832255639423752,0.9726700899694544,0.6473839451036877,0.26276952508751283,0.9468860862784493,0.06488676313049777
2021-11-06 23:20:00,0.18688981868898188,0.6334661354581672,-0.4212956068503352,-0.4001071237279057,0.4513486278153669,0.00022271714922048998,0.5,-0.6832255639423752,0.9726700899694544,0.6473839451036877,0.26276952508751283,0.9468860862784493,0.0719103157958266
2021-11-06 23:30:00,0.1903765690376569,0.6494023904382469,-0.4260610573343262,-0.40403499375111596,0.46338877910248527,0.00022271714922048998,0.5,-0.6832255639423752,0.9726700899694544,0.6473839451036877,0.26276952508751283,0.9468860862784493,0.06125805332166514
2021-11-06 23:40:00,0.20711297071129708,-0.003984063745020028,-0.4266567386448251,-0.40546331012319237,0.47561215008310326,0.00022271714922048998,0.5,-0.6832255639423752,0.9726700899694544,0.6473839451036877,0.26276952508751283,0.9468860862784493,0.06852301703456705
2021-11-06 23:50:00,0.1882845188284519,-0.17928286852589637,-0.4293373045420701,-0.4097482592394215,0.47561215008310326,0.00022271714922048998,0.5,-0.6832255639423752,0.9726700899694544,0.6473839451036877,0.26276952508751283,0.9468860862784493,0.0577575931318557
2021-11-07 00:00:00,0.15550906555090654,0.593625498007968,-0.43588979895755786,-0.407962863774326,0.47561215008310326,0.00022271714922048998,0.5,-0.6882110169923985,0.9495297508383452,0.6955055933271423,0.3030610736818762,0.9973944421988057,0.033050681231799876
2021-11-07 00:10:00,0.2112970711297071,0.6972111553784857,-0.43857036485480283,-0.4093911801464024,0.47561215008310326,0.00022271714922048998,0.5,-0.6882110169923985,0.9495297508383452,0.6955055933271423,0.3030610736818762,0.9973944421988057,0.07262700484330914
2021-11-07 00:20:00,0.24546722454672246,0.5697211155378485,-0.44035740878629936,-0.4158186038207463,0.47561215008310326,0.00022271714922048998,0.5,-0.6882110169923985,0.9495297508383452,0.6955055933271423,0.3030610736818762,0.9973944421988057,0.10496099702762647
2021-11-07 00:30:00,0.21408647140864714,0.043824701195219085,-0.43857036485480283,-0.41688984109980365,0.47561215008310326,0.00022271714922048998,0.5,-0.6882110169923985,0.9495297508383452,0.6955055933271423,0.3030610736818762,0.9973944421988057,0.07442249950963381
2021-11-07 00:40:00,0.1771269177126918,-0.2589641434262948,-0.43559195830230835,-0.414747366541689,0.47561215008310326,0.00022271714922048998,0.5,-0.6882110169923985,0.9495297508383452,0.6955055933271423,0.3030610736818762,0.9973944421988057,0.05123949484738296
2021-11-07 00:50:00,0.14365411436541145,-0.4661354581673308,-0.43559195830230835,-0.41546152472772724,0.47561215008310326,0.00022271714922048998,0.5,-0.6882110169923985,0.9495297508383452,0.6955055933271423,0.3030610736818762,0.9973944421988057,0.036656758754922525
2021-11-07 01:00:00,0.13528591352859135,-0.2749003984063746,-0.43559195830230835,-0.40724870558828774,0.47561215008310326,0.00022271714922048998,0.5,-0.7169939327394927,0.9267342323573946,0.7139978824577643,0.3461946011483106,0.029096251523666423,0.030040587232373222
2021-11-07 01:10:00,0.12552301255230125,-0.36254980079681276,-0.43559195830230835,-0.4061774683092304,0.4698799911007578,0.00022271714922048998,0.5,-0.7169939327394927,0.9267342323573946,0.7139978824577643,0.3461946011483106,0.029096251523666423,0.02455602999532266
2021-11-07 01:20:00,0.12831241283124128,0.6653386454183265,-0.43559195830230835,-0.401178361006963,0.4590438549423512,0.00022271714922048998,0.5,-0.7169939327394927,0.9267342323573946,0.7139978824577643,0.3461946011483106,0.029096251523666423,0.03104395189884877
2021-11-07 01:30:00,0.14086471408647142,0.5697211155378485,-0.43559195830230835,-0.40082128191394384,0.4668306919160854,0.00022271714922048998,0.5,-0.7169939327394927,0.9267342323573946,0.7139978824577643,0.3461946011483106,0.029096251523666423,0.03363912066025922
2021-11-07 01:40:00,0.14365411436541145,0.4262948207171313,-0.43648548026805667,-0.4001071237279057,0.4754551046315321,0.00022271714922048998,0.5,-0.7169939327394927,0.9267342323573946,0.7139978824577643,0.3461946011483106,0.029096251523666423,0.02025589571042745
2021-11-07 01:50:00,0.18200836820083682,0.6334661354581672,-0.43857036485480283,-0.4076057846813069,0.4754551046315321,0.00022271714922048998,0.5,-0.7169939327394927,0.9267342323573946,0.7139978824577643,0.3461946011483106,0.029096251523666423,0.042624138087119214
2021-11-07 02:00:00,0.14504881450488147,0.7211155378486056,-0.43857036485480283,-0.407962863774326,0.4754551046315321,0.00022271714922048998,0.5,-0.7264091096626235,0.9045536440358988,0.7456892392002239,0.3600158310527718,0.049748835887025,0.022760535328997994
2021-11-07 02:10:00,0.10808926080892609,0.6334661354581672,-0.43976172747580056,-0.40582038921621133,0.4754551046315321,0.00022271714922048998,0.5,-0.7264091096626235,0.9045536440358988,0.7456892392002239,0.3600158310527718,0.049748835887025,0.004126620094452072
2021-11-07 02:20:00,0.11854951185495119,0.5537848605577689,-0.4445271779597916,-0.4061774683092304,0.4754551046315321,0.00022271714922048998,0.5,-0.7264091096626235,0.9045536440358988,0.7456892392002239,0.3600158310527718,0.049748835887025,0.011700891712056974
2021-11-07 02:30:00,0.1094839609483961,0.2589641434262948,-0.4409530900967983,-0.4061774683092304,0.48856839983771977,0.00022271714922048998,0.5,-0.7264091096626235,0.9045536440358988,0.7456892392002239,0.3600158310527718,0.049748835887025,0.008743606379286933
2021-11-07 02:40:00,0.09135285913528592,-0.14741035856573714,-0.43976172747580056,-0.4061774683092304,0.49191870280457,0.007906458797327393,0.5,-0.7264091096626235,0.9045536440358988,0.7456892392002239,0.3600158310527718,0.049748835887025,0.0
2021-11-07 02:50:00,0.10529986052998605,-0.38645418326693237,-0.4260610573343262,-0.37796821996072116,0.49191870280457,0.988195991091314,0.5,-0.7264091096626235,0.9045536440358988,0.7456892392002239,0.3600158310527718,0.049748835887025,0.0
2021-11-07 03:00:00,0.11297071129707113,-0.601593625498008,-0.4105733432613553,-0.34333154793786824,0.49191870280457,0.9996659242761693,0.5,-0.736455327038716,0.8893987764613944,0.7674294916643175,0.36651008050484535,0.06539290993870579,0.0
2021-11-07 03:10:00,0.1206415620641562,-0.6865869853917663,-0.3995532390171259,-0.33976075700767716,0.49191870280457,0.9996659242761693,0.5,-0.736455327038716,0.8893987764613944,0.7674294916643175,0.36651008050484535,0.06539290993870579,0.0
2021-11-07 03:20:00,0.11854951185495119,-0.6922310756972112,-0.3938942665673866,-0.3469023388680593,0.49191870280457,0.9996659242761693,0.5,-0.736455327038716,0.8893987764613944,0.7674294916643175,0.36651008050484535,0.06539290993870579,0.0
2021-11-07 03:30:00,0.10529986052998605,-0.6978751660026561,-0.3903201787043933,-0.3540439207284414,0.49191870280457,0.9996659242761693,0.5,-0.736455327038716,0.8893987764613944,0.7674294916643175,0.36651008050484535,0.06539290993870579,0.0
2021-11-07 03:40:00,0.08647140864714087,-0.703519256308101,-0.3879374534623977,-0.3629708980539189,0.49191870280457,0.9996659242761693,0.5,-0.736455327038716,0.8893987764613944,0.7674294916643175,0.36651008050484535,0.06539290993870579,0.0
2021-11-07 03:50:00,0.09065550906555091,-0.709163346613546,-0.3879374534623977,-0.37332619175147286,0.49191870280457,0.9996659242761693,0.5,-0.736455327038716,0.8893987764613944,0.7674294916643175,0.36651008050484535,0.06539290993870579,0.0
2021-11-07 04:00:00,0.08368200836820083,-0.6354581673306774,-0.3879374534623977,-0.38153901089091236,0.49191870280457,0.9996659242761693,0.5,-0.7853673659364231,0.872413485935629,0.7834605722842407,0.36392887477922253,0.07773722883673467,0.0
2021-11-07 04:10:00,0.07531380753138076,-0.5617529880478089,-0.3900223380491439,-0.39118014640242804,0.49191870280457,0.9996659242761693,0.5,-0.7853673659364231,0.872413485935629,0.7834605722842407,0.36392887477922253,0.07773722883673467,0.0
2021-11-07 04:20:00,0.0815899581589958,-0.48804780876494036,-0.3938942665673866,-0.4001071237279057,0.49191870280457,0.9996659242761693,0.5,-0.7853673659364231,0.872413485935629,0.7834605722842407,0.36392887477922253,0.07773722883673467,0.0
2021-11-07 04:30:00,0.07810320781032079,-0.4143426294820718,-0.3938942665673866,-0.40867702196036415,0.49191870280457,0.9996659242761693,0.5,-0.7853673659364231,0.872413485935629,0.7834605722842407,0.36392887477922253,0.07773722883673467,0.0
2021-11-07 04:40:00,0.06276150627615062,-0.34063745019920333,-0.3959791511541326,-0.4176039992858417,0.49191870280457,0.9996659242761693,0.5,-0.7853673659364231,0.872413485935629,0.7834605722842407,0.36392887477922253,0.07773722883673467,0.0
2021-11-07 04:50:00,0.07252440725244073,-0.26693227091633476,-0.40163812360387197,-0.4254597393322621,0.49191870280457,0.9996659242761693,0.5,-0.7853673659364231,0.872413485935629,0.7834605722842407,0.36392887477922253,0.07773722883673467,0.0
2021-11-07 05:00:00,0.055788005578800565,-0.2270916334661356,-0.4031273268801192,-0.43402963756472057,0.49191870280457,0.9996659242761693,0.5,-0.8026220531294703,0.8426238552672808,0.7711106520439837,0.37067199967074377,0.08241453002076841,0.0
2021-11-07 05:10:00,0.04602510460251046,-0.1872509960159363,-0.4078927773641102,-0.4429566148901982,0.49191870280457,0.9996659242761693,0.5,-0.8026220531294703,0.8426238552672808,0.7711106520439837,0.37067199967074377,0.08241453002076841,0.0
2021-11-07 05:20:00,0.03277545327754532,0.6095617529880477,-0.41295606850335087,-0.4508123549366184,0.49191870280457,0.9996659242761693,0.5,-0.8026220531294703,0.8426238552672808,0.7711106520439837,0.37067199967074377,0.08241453002076841,0.0
2021-11-07 05:30:00,0.043235704323570434,0.5090407600367759,-0.4183172002978408,-0.45973933226209607,0.49191870280457,0.9996659242761693,0.5,-0.8026220531294703,0.8426238552672808,0.7711106520439837,0.37067199967074377,0.08241453002076841,0.0
2021-11-07 05:40:00,0.043235704323570434,0.40851976708550386,-0.42069992553983626,-0.46938046777361186,0.49191870280457,0.9996659242761693,0.5,-0.8026220531294703,0.8426238552672808,0.7711106520439837,0.37067199967074377,0.08241453002076841,0.0
2021-11-07 05:50:00,0.0502092050209205,0.30799877413423205,-0.4230826507818318,-0.47759328691305125,0.49191870280457,0.9996659242761693,0.5,-0.8026220531294703,0.8426238552672808,0.7711106520439837,0.37067199967074377,0.08241453002076841,0.0
2021-11-07 06:00:00,0.055788005578800565,0.20747778118296045,-0.4269545793000745,-0.4850919478664524,0.49191870280457,0.9996659242761693,0.5,-0.841367803528957,0.8228167824210427,0.7728315197011448,0.388305160873772,0.07812844189930596,0.0
2021-11-07 06:10:00,0.06206415620641562,0.10695678823168864,-0.4296351451973195,-0.4929476879128727,0.49191870280457,0.9996659242761693,0.5,-0.841367803528957,0.8228167824210427,0.7728315197011448,0.388305160873772,0.07812844189930596,0.0
2021-11-07 06:20:00,0.0599721059972106,0.006435795280416601,-0.432613551749814,-0.5011605070523122,0.49191870280457,0.9996659242761693,0.5,-0.841367803528957,0.8228167824210427,0.7728315197011448,0.388305160873772,0.07812844189930596,0.0
2021-11-07 06:30:00,0.055090655509065556,-0.09408519767085521,-0.43559195830230835,-0.5090162470987323,0.49191870280457,0.9996659242761693,0.5,-0.841367803528957,0.8228167824210427,0.7728315197011448,0.388305160873772,0.07812844189930596,0.0
2021-11-07 06:40:00,0.06206415620641562,-0.19460619062212692,-0.43559195830230835,-0.5165149080521336,0.49191870280457,0.9996659242761693,0.5,-0.841367803528957,0.8228167824210427,0.7728315197011448,0.388305160873772,0.07812844189930596,0.0
2021-11-07 06:50:00,0.060669456066945605,-0.29512718357339873,-0.43559195830230835,-0.5254418853776112,0.49191870280457,0.9996659242761693,0.5,-0.841367803528957,0.8228167824210427,0.7728315197011448,0.388305160873772,0.07812844189930596,0.0
2021-11-07 07:00:00,0.048814504881450484,-0.39564817652467066,-0.4382725241995533,-0.5311551508659168,0.49191870280457,0.9996659242761693,0.5,-0.8405396463171686,0.8217363443838783,0.7560928162715709,0.3989217307404806,0.08021780236030283,0.0
2021-11-07 07:10:00,0.05090655509065551,-0.4961691694759425,-0.44333581533879385,-0.514372433494019,0.49191870280457,0.9996659242761693,0.5,-0.8405396463171686,0.8217363443838783,0.7560928162715709,0.3989217307404806,0.08021780236030283,0.0
2021-11-07 07:20:00,0.038354253835425386,-0.5966901624272143,-0.44750558451228606,-0.4575968577039814,0.49191870280457,0.9996659242761693,0.5,-0.8405396463171686,0.8217363443838783,0.7560928162715709,0.3989217307404806,0.08021780236030283,0.0
2021-11-07 07:30:00,0.04393305439330544,-0.6972111553784861,-0.44661206254653774,-0.40867702196036415,0.49191870280457,0.9996659242761693,0.5,-0.8405396463171686,0.8217363443838783,0.7560928162715709,0.3989217307404806,0.08021780236030283,0.0
2021-11-07 07:40:00,0.043235704323570434,0.4183266932270917,-0.44750558451228606,-0.3679700053561864,0.49191870280457,0.9996659242761693,0.5,-0.8405396463171686,0.8217363443838783,0.7560928162715709,0.3989217307404806,0.08021780236030283,0.0
2021-11-07 07:50:00,0.03347280334728033,0.5205843293492698,-0.45078183172002995,-0.38796643456525615,0.49191870280457,0.9996659242761693,0.5,-0.8405396463171686,0.8217363443838783,0.7560928162715709,0.3989217307404806,0.08021780236030283,0.0
2021-11-07 08:00:00,0.03556485355648536,0.6228419654714474,-0.450186150409531,-0.4258168184252812,0.49191870280457,0.9996659242761693,0.5,-0.832224854522162,0.8031936139215603,0.7390606649600022,0.4086666489164209,0.0763526923830846,0.0
2021-11-07 08:10:00,0.03695955369595537,0.7250996015936253,-0.448101265822785,-0.4540260667737904,0.49191870280457,0.9996659242761693,0.5,-0.832224854522162,0.8031936139215603,0.7390606649600022,0.4086666489164209,0.0763526923830846,0.0
2021-11-07 08:20:00,0.044630404463040445,0.6075697211155375,-0.44839910647803427,-0.473308337796822,0.49191870280457,0.9996659242761693,0.5,-0.832224854522162,0.8031936139215603,0.7390606649600022,0.4086666489164209,0.0763526923830846,0.0
2021-11-07 08:30:00,0.04184100418410042,0.49003984063745,-0.4460163812360388,-0.4865202642385289,0.49191870280457,0.9996659242761693,0.5,-0.832224854522162,0.8031936139215603,0.7390606649600022,0.4086666489164209,0.0763526923830846,0.0
2021-11-07 08:40:00,0.05439330543933055,0.2828685258964143,-0.43559195830230835,-0.4897339760757008,0.49191870280457,0.9996659242761693,0.5,-0.832224854522162,0.8031936139215603,0.7390606649600022,0.4086666489164209,0.0763526923830846,0.0
2021-11-07 08:50:00,0.04114365411436541,0.038512616201859196,-0.4215934475055846,-0.49187645063381535,0.49191870280457,0.9996659242761693,0.5,-0.832224854522162,0.8031936139215603,0.7390606649600022,0.4086666489164209,0.0763526923830846,0.0
2021-11-07 09:00:00,0.04741980474198048,-0.20584329349269592,-0.40938198064035747,-0.4818782360292805,0.49191870280457,0.9996659242761693,0.5,-0.8258748932284223,0.8065125126793448,0.7191885113505615,0.38053910440452104,0.07455825487042167,0.0
2021-11-07 09:10:00,0.038354253835425386,-0.45019920318725104,-0.3938942665673866,-0.4290305302624531,0.49191870280457,0.9996659242761693,0.5,-0.8258748932284223,0.8065125126793448,0.7191885113505615,0.38053910440452104,0.07455825487042167,0.0
2021-11-07 09:20:00,0.04951185495118549,0.5378486055776892,-0.3828741623231572,-0.37225495447241563,0.49191870280457,0.9996659242761693,0.5,-0.8258748932284223,0.8065125126793448,0.7191885113505615,0.38053910440452104,0.07455825487042167,0.0
2021-11-07 09:30:00,0.05718270571827057,0.5106120970662802,-0.3724497393894267,-0.3229780396357793,0.49191870280457,0.9996659242761693,0.5,-0.8258748932284223,0.8065125126793448,0.7191885113505615,0.38053910440452104,0.07455825487042167,0.0
2021-11-07 09:40:00,0.0599721059972106,0.4833755885548714,-0.3518987341772153,-0.3329762542403142,0.49191870280457,0.9996659242761693,0.5,-0.8258748932284223,0.8065125126793448,0.7191885113505615,0.38053910440452104,0.07455825487042167,0.0
2021-11-07 09:50:00,0.07043235704323571,0.4561390800434624,-0.3408786299329859,-0.36368505623995717,0.49191870280457,0.9996659242761693,0.5,-0.8258748932284223,0.8065125126793448,0.7191885113505615,0.38053910440452104,0.07455825487042167,0.0
2021-11-07 10:00:00,0.048117154811715475,0.4289025715320536,-0.3292628443782577,-0.38510980182110344,0.49191870280457,0.9996659242761693,0.5,-0.4994150868697893,0.8177450453582842,0.43281356028496154,0.279160243826812,0.08227583471021613,0.0
2021-11-07 10:10:00,0.03486750348675035,0.40166606302064456,-0.3244973938942667,-0.3936797000535618,0.49191870280457,0.9996659242761693,0.5,-0.4994150868697893,0.8177450453582842,0.43281356028496154,0.279160243826812,0.08227583471021613,0.0
2021-11-07 10:20:00,0.03695955369595537,0.37442955450923576,-0.3143708116157856,-0.3954650955186574,0.49191870280457,0.9996659242761693,0.5,-0.4994150868697893,0.8177450453582842,0.43281356028496154,0.279160243826812,0.08227583471021613,0.0
2021-11-07 10:30:00,0.0697350069735007,0.34719304599782674,-0.30483991064780347,-0.3904659882163899,0.49191870280457,0.9996659242761693,0.5,-0.4994150868697893,0.8177450453582842,0.43281356028496154,0.279160243826812,0.08227583471021613,0.0
2021-11-07 10:40:00,0.07601115760111576,0.31995653748641795,-0.30037230081906185,-0.3883235136582752,0.49191870280457,0.9996659242761693,0.5,-0.4994150868697893,0.8177450453582842,0.43281356028496154,0.279160243826812,0.08227583471021613,0.0
2021-11-07 10:50:00,0.07670850767085077,0.29272002897500893,-0.2941176470588236,-0.3883235136582752,0.49191870280457,0.9996659242761693,0.5,-0.4994150868697893,0.8177450453582842,0.43281356028496154,0.279160243826812,0.08227583471021613,0.0
2021-11-07 11:00:00,0.08437935843793584,0.2654835204635999,-0.29173492181682814,-0.3883235136582752,0.49191870280457,0.9996659242761693,0.5,-0.4278720762264848,0.8111532239294041,0.3297731536275751,0.15331871220744792,0.10268930752901284,0.0
2021-11-07 11:10:00,0.08577405857740586,0.2382470119521911,-0.28875651526433366,-0.3883235136582752,0.49191870280457,0.9996659242761693,0.5,-0.4278720762264848,0.8111532239294041,0.3297731536275751,0.15331871220744792,0.10268930752901284,0.0
2021-11-07 11:20:00,0.0801952580195258,0.2110105034407821,-0.2830975428145942,-0.3883235136582752,0.49191870280457,0.9996659242761693,0.5,-0.4278720762264848,0.8111532239294041,0.3297731536275751,0.15331871220744792,0.10268930752901284,0.0
2021-11-07 11:30:00,0.07810320781032079,0.1837739949293733,-0.28041697691734935,-0.387252276379218,0.49191870280457,0.9996659242761693,0.5,-0.4278720762264848,0.8111532239294041,0.3297731536275751,0.15331871220744792,0.10268930752901284,0.0
2021-11-07 11:40:00,0.09065550906555091,0.15653748641796428,-0.27624720774385714,-0.38475272272808425,0.49191870280457,0.9996659242761693,0.5,-0.4278720762264848,0.8111532239294041,0.3297731536275751,0.15331871220744792,0.10268930752901284,0.0
2021-11-07 11:50:00,0.1087866108786611,0.12930097790655548,-0.2705882352941178,-0.38475272272808425,0.49191870280457,0.9996659242761693,0.5,-0.4278720762264848,0.8111532239294041,0.3297731536275751,0.15331871220744792,0.10268930752901284,0.0
2021-11-07 12:00:00,0.10251046025104603,0.10206446939514646,-0.26880119136262115,-0.38653811819317974,0.49191870280457,0.9996659242761693,0.5,-0.4201200844633639,0.7981879674834145,0.29400878086354587,0.03898740295861983,0.2044992258129155,0.0
2021-11-07 12:10:00,0.10669456066945607,0.07482796088373767,-0.26880119136262115,-0.3883235136582752,0.49191870280457,0.9996659242761693,0.5,-0.4201200844633639,0.7981879674834145,0.29400878086354587,0.03898740295861983,0.2044992258129155,0.0
2021-11-07 12:20:00,0.07322175732217574,0.047591452372328646,-0.2705882352941178,-0.3854668809141224,0.49191870280457,0.9996659242761693,0.5,-0.4201200844633639,0.7981879674834145,0.29400878086354587,0.03898740295861983,0.2044992258129155,0.0
2021-11-07 12:30:00,0.06555090655509065,0.02035494386091985,-0.26880119136262115,-0.37796821996072116,0.49191870280457,0.9996659242761693,0.5,-0.4201200844633639,0.7981879674834145,0.29400878086354587,0.03898740295861983,0.2044992258129155,0.0
2021-11-07 12:40:00,0.07182705718270573,-0.006881564650489058,-0.2664184661206256,-0.3665416889841099,0.49191870280457,0.9996659242761693,0.5,-0.4201200844633639,0.7981879674834145,0.29400878086354587,0.03898740295861983,0.2044992258129155,0.0
2021-11-07 12:50:00,0.07322175732217574,-0.034118073161897966,-0.2750558451228593,-0.35761471165863234,0.49191870280457,0.9996659242761693,0.5,-0.4201200844633639,0.7981879674834145,0.29400878086354587,0.03898740295861983,0.2044992258129155,0.0
2021-11-07 13:00:00,0.055090655509065556,-0.061354581673306874,-0.27267311988086385,-0.34940189251919307,0.49191870280457,0.9996659242761693,0.5,-0.2649337624319472,0.7848807638926827,0.18707061530339583,0.04382554584107156,0.5984565826209896,0.0
2021-11-07 13:10:00,0.021617852161785217,-0.08859109018471578,-0.2676098287416233,-0.3408319942867345,0.49191870280457,0.9996659242761693,0.5,-0.2649337624319472,0.7848807638926827,0.18707061530339583,0.04382554584107156,0.5984565826209896,0.0
2021-11-07 13:20:00,0.010460251046025104,-0.1158275986961248,-0.2589724497393895,-0.33190501696125685,0.49191870280457,0.9996659242761693,0.5,-0.2649337624319472,0.7848807638926827,0.18707061530339583,0.04382554584107156,0.5984565826209896,0.0
2021-11-07 13:30:00,0.01185495118549512,-0.1430641072075336,-0.24944154877140734,-0.32226388144974105,0.49191870280457,0.9996659242761693,0.5,-0.2649337624319472,0.7848807638926827,0.18707061530339583,0.04382554584107156,0.5984565826209896,0.0
2021-11-07 13:40:00,0.011157601115760111,-0.17030061571894262,-0.2405063291139241,-0.3119085877521871,0.49191870280457,0.9996659242761693,0.5,-0.2649337624319472,0.7848807638926827,0.18707061530339583,0.04382554584107156,0.5984565826209896,0.0
2021-11-07 13:50:00,0.01882845188284519,-0.1975371242303514,-0.23335815338793753,-0.301196214961614,0.49191870280457,0.9996659242761693,0.5,-0.2649337624319472,0.7848807638926827,0.18707061530339583,0.04382554584107156,0.5984565826209896,0.0
2021-11-07 14:00:00,0.022315202231520222,-0.22477363274176043,-0.2285927029039465,-0.28905552579896443,0.49191870280457,0.9996659242761693,0.5,-0.25525192755842385,0.7557462924596369,0.17086998420022836,0.12029911265018892,0.692362960578783,0.0
2021-11-07 14:10:00,0.0202231520223152,-0.25201014125316923,-0.22204020848845885,-0.2801285484734869,0.49191870280457,0.9996659242761693,0.5,-0.25525192755842385,0.7557462924596369,0.17086998420022836,0.12029911265018892,0.692362960578783,0.0
2021-11-07 14:20:00,0.016736401673640166,-0.27924664976457825,-0.21459419210722275,-0.27084449205499006,0.49191870280457,0.9996659242761693,0.5,-0.25525192755842385,0.7557462924596369,0.17086998420022836,0.12029911265018892,0.692362960578783,0.0
2021-11-07 14:30:00,0.048117154811715475,-0.30648315827598704,-0.21221146686522718,-0.2612033565434745,0.49191870280457,0.9996659242761693,0.5,-0.25525192755842385,0.7557462924596369,0.17086998420022836,0.12029911265018892,0.692362960578783,0.0
2021-11-07 14:40:00,0.05299860529986053,-0.33371966678739606,-0.20685033507073725,-0.24799143010176738,0.49191870280457,0.9996659242761693,0.5,-0.25525192755842385,0.7557462924596369,0.17086998420022836,0.12029911265018892,0.692362960578783,0.0
2021-11-07 14:50:00,0.099721059972106,-0.36095617529880486,-0.19940431868950126,-0.23906445277628985,0.49191870280457,0.9996659242761693,0.5,-0.25525192755842385,0.7557462924596369,0.17086998420022836,0.12029911265018892,0.692362960578783,0.0
2021-11-07 15:00:00,0.099721059972106,-0.3881926838102139,-0.19017125837676851,-0.23906445277628985,0.49191870280457,0.9996659242761693,0.5,-0.2434773864385672,0.7333214561776057,0.15741399117399063,0.1943870020608982,0.7104557551429382,0.0
2021-11-07 15:10:00,0.10599721059972106,-0.4154291923216228,-0.1937453462397618,-0.24192108552044278,0.49191870280457,0.9996659242761693,0.5,-0.2434773864385672,0.7333214561776057,0.15741399117399063,0.1943870020608982,0.7104557551429382,0.0
2021-11-07 15:20:00,0.14853556485355648,-0.4426657008330317,-0.19017125837676851,-0.24192108552044278,0.49191870280457,0.9996659242761693,0.5,-0.2434773864385672,0.7333214561776057,0.15741399117399063,0.1943870020608982,0.7104557551429382,0.0
2021-11-07 15:30:00,0.14504881450488147,-0.4699022093444406,-0.17944899478778864,-0.24120692733440452,0.49191870280457,0.9996659242761693,0.5,-0.2434773864385672,0.7333214561776057,0.15741399117399063,0.1943870020608982,0.7104557551429382,0.0
2021-11-07 15:40:00,0.13319386331938632,-0.4971387178558495,-0.17319434102755038,-0.2351365827530797,0.49191870280457,0.9996659242761693,0.5,-0.2434773864385672,0.7333214561776057,0.15741399117399063,0.1943870020608982,0.7104557551429382,0.0
2021-11-07 15:50:00,0.14574616457461645,-0.5243752263672583,-0.1702159344750559,-0.2319228709159079,0.49191870280457,0.9996659242761693,0.5,-0.2434773864385672,0.7333214561776057,0.15741399117399063,0.1943870020608982,0.7104557551429382,0.0
2021-11-07 16:00:00,0.11506276150627615,-0.5516117348786673,-0.1660461653015637,-0.22906623817175498,0.49191870280457,0.9996659242761693,0.5,-0.198349722485619,0.7141436810179133,0.14782735068683164,0.24852287983129306,0.713568330786271,0.0
2021-11-07 16:10:00,0.12412831241283125,-0.5788482433900761,-0.1618763961280716,-0.22335297268344934,0.49191870280457,0.9996659242761693,0.5,-0.198349722485619,0.7141436810179133,0.14782735068683164,0.24852287983129306,0.713568330786271,0.0
2021-11-07 16:20:00,0.1492329149232915,-0.6060847519014851,-0.1586001489203277,-0.22013926084627744,0.49191870280457,0.9996659242761693,0.5,-0.198349722485619,0.7141436810179133,0.14782735068683164,0.24852287983129306,0.713568330786271,0.0
2021-11-07 16:30:00,0.15341701534170155,-0.6333212604128939,-0.15502606105733452,-0.21621139082306728,0.49191870280457,0.9996659242761693,0.5,-0.198349722485619,0.7141436810179133,0.14782735068683164,0.24852287983129306,0.713568330786271,0.0
2021-11-07 16:40:00,0.13668061366806136,-0.6605577689243028,-0.15264333581533884,-0.21335475807891446,0.49191870280457,0.9996659242761693,0.5,-0.198349722485619,0.7141436810179133,0.14782735068683164,0.24852287983129306,0.713568330786271,0.0
2021-11-07 16:50:00,0.1506276150627615,-0.6877942774357119,-0.15264333581533884,-0.21335475807891446,0.49191870280457,0.9996659242761693,0.5,-0.198349722485619,0.7141436810179133,0.14782735068683164,0.24852287983129306,0.713568330786271,0.0
2021-11-07 17:00:00,0.1617852161785216,-0.7150307859471207,-0.14817572598659734,-0.21335475807891446,0.49191870280457,0.9996659242761693,0.5,-0.1873731873846609,0.7158850253012172,0.1318094587357621,0.28530164851534434,0.7057235461945358,0.0
2021-11-07 17:10:00,0.18131101813110181,-0.7422672944585297,-0.1466865227103501,-0.21156936261381898,0.4574472261847116,0.9996659242761693,0.5,-0.1873731873846609,0.7158850253012172,0.1318094587357621,0.28530164851534434,0.7057235461945358,0.0
2021-11-07 17:20:00,0.1317991631799163,-0.5814398969777457,-0.15145197319434112,-0.21871094447420092,0.3498580047375378,0.9996659242761693,0.5,-0.1873731873846609,0.7158850253012172,0.1318094587357621,0.28530164851534434,0.7057235461945358,0.0
2021-11-07 17:30:00,0.15690376569037656,-0.4206124994969619,-0.1627699180938199,-0.24370648098553827,0.34967478504403815,0.9996659242761693,0.5,-0.1873731873846609,0.7158850253012172,0.1318094587357621,0.28530164851534434,0.7057235461945358,0.0
2021-11-07 17:40:00,0.15829846582984658,-0.25978510201617777,-0.17498138495904703,-0.27584359935725755,0.34967478504403815,0.9996659242761693,0.5,-0.1873731873846609,0.7158850253012172,0.1318094587357621,0.28530164851534434,0.7057235461945358,0.0
2021-11-07 17:50:00,0.16945606694560672,-0.09895770453539399,-0.18868205510052138,-0.3036957686127477,0.34967478504403815,0.9996659242761693,0.5,-0.1873731873846609,0.7158850253012172,0.1318094587357621,0.28530164851534434,0.7057235461945358,0.0
2021-11-07 18:00:00,0.13598326359832635,0.06186969294539013,-0.20238272524199552,-0.32547759328691306,0.34967478504403815,0.9996659242761693,0.5,-0.3461667794556976,0.7144568931084737,0.15623068858674158,0.2331406183316477,0.6508716613081512,0.0
2021-11-07 18:10:00,0.1317991631799163,0.22269709042617403,-0.2128071481757261,-0.34297446884484917,0.34967478504403815,0.9996659242761693,0.5,-0.3461667794556976,0.7144568931084737,0.15623068858674158,0.2331406183316477,0.6508716613081512,0.0
2021-11-07 18:20:00,0.14504881450488147,0.38352448790695814,-0.22174236783320933,-0.35761471165863234,0.34967478504403815,0.9996659242761693,0.5,-0.3461667794556976,0.7144568931084737,0.15623068858674158,0.2331406183316477,0.6508716613081512,0.0
2021-11-07 18:30:00,0.1903765690376569,0.5443518853877418,-0.22620997766195106,-0.37225495447241563,0.32227035374487967,0.5287305122494432,0.5,-0.3461667794556976,0.7144568931084737,0.15623068858674158,0.2331406183316477,0.6508716613081512,0.0
2021-11-07 18:40:00,0.19456066945606695,0.7051792828685257,-0.2288905435591959,-0.3758257454026066,0.3131617175537554,0.24187082405345212,0.5,-0.3461667794556976,0.7144568931084737,0.15623068858674158,0.2331406183316477,0.6508716613081512,0.0
2021-11-07 18:50:00,0.21199442119944212,0.08366533864541825,-0.22204020848845885,-0.36047134440278517,0.32813338393686775,0.00033407572383073496,0.5,-0.3461667794556976,0.7144568931084737,0.15623068858674158,0.2331406183316477,0.6508716613081512,0.03612867208835645
2021-11-07 19:00:00,0.19316596931659694,0.06772908366533859,-0.21191362620997778,-0.32547759328691306,0.329612228605829,0.00011135857461024499,0.5,-0.37957686936562085,0.7161436407888351,0.1855629221879951,0.23016073093177458,0.6631948066456357,0.023673370852633643
2021-11-07 19:10:00,0.1792189679218968,0.593625498007968,-0.20327624720774395,-0.2922692376361363,0.329612228605829,0.00011135857461024499,0.5,-0.37957686936562085,0.7161436407888351,0.1855629221879951,0.23016073093177458,0.6631948066456357,0.01894322313924891
2021-11-07 19:20:00,0.14016736401673638,0.01195219123505975,-0.2008935219657484,-0.26298875200856986,0.3446100692308699,0.00011135857461024499,0.5,-0.37957686936562085,0.7161436407888351,0.1855629221879951,0.23016073093177458,0.6631948066456357,0.0036362539040692855
2021-11-07 19:30:00,0.13807531380753138,0.1872509960159361,-0.20178704393149682,-0.23227995000892698,0.346128175262724,0.00011135857461024499,0.5,-0.37957686936562085,0.7161436407888351,0.1855629221879951,0.23016073093177458,0.6631948066456357,0.0011768788569186898
2021-11-07 19:40:00,0.1603905160390516,0.3545816733067728,-0.19970215934475066,-0.20121406891626503,0.346128175262724,0.00011135857461024499,0.5,-0.37957686936562085,0.7161436407888351,0.1855629221879951,0.23016073093177458,0.6631948066456357,0.005944747046486715
2021-11-07 19:50:00,0.18131101813110181,0.5139442231075697,-0.19463886820551013,-0.1808605606141761,0.3567549174857023,0.00011135857461024499,0.5,-0.37957686936562085,0.7161436407888351,0.1855629221879951,0.23016073093177458,0.6631948066456357,0.018566018377415998
2021-11-07 20:00:00,0.21548117154811713,0.6334661354581672,-0.18868205510052138,-0.16836279235850737,0.36252633783094057,0.00011135857461024499,0.5,-0.3962126899833669,0.7288560287580441,0.2060681319024135,0.20931080404534483,0.7420262019186898,0.02958039742293707
2021-11-07 20:10:00,0.2210599721059972,0.15537848605577675,-0.182427401340283,-0.16229244777718255,0.3744094436664878,0.00011135857461024499,0.5,-0.3962126899833669,0.7288560287580441,0.2060681319024135,0.20931080404534483,0.7420262019186898,0.02779999094708572
2021-11-07 20:20:00,0.22384937238493724,-0.2270916334661356,-0.1821295606850335,-0.15586502410283876,0.37641177317401947,0.00011135857461024499,0.5,-0.3962126899833669,0.7288560287580441,0.2060681319024135,0.20931080404534483,0.7420262019186898,0.036920802088205563
2021-11-07 20:30:00,0.23291492329149233,0.1872509960159361,-0.17498138495904703,-0.14729512587038018,0.37641177317401947,0.00011135857461024499,0.5,-0.3962126899833669,0.7288560287580441,0.2060681319024135,0.20931080404534483,0.7420262019186898,0.04601898094361544
2021-11-07 20:40:00,0.24198047419804744,0.43426294820717115,-0.16366344005956823,-0.14193893947509362,0.38090065566476033,0.00011135857461024499,0.5,-0.3962126899833669,0.7288560287580441,0.2060681319024135,0.20931080404534483,0.7420262019186898,0.055871569322691134
2021-11-07 20:50:00,0.2210599721059972,0.09960159362549792,-0.16157855547282218,-0.13836814854490254,0.3902186857913128,0.00011135857461024499,0.5,-0.3962126899833669,0.7288560287580441,0.2060681319024135,0.20931080404534483,0.7420262019186898,0.057448285227152715
2021-11-07 21:00:00,0.18967921896792192,0.585657370517928,-0.16157855547282218,-0.1308694875915014,0.3902186857913128,0.00011135857461024499,0.5,-0.39990954642133025,0.7276204214283056,0.21028901319209287,0.2322324869693388,0.8196263890605208,0.03564584999321031
2021-11-07 21:10:00,0.13598326359832635,0.6812749003984064,-0.16455696202531667,-0.1180146402428136,0.3902186857913128,0.00011135857461024499,0.5,-0.39990954642133025,0.7276204214283056,0.21028901319209287,0.2322324869693388,0.8196263890605208,0.009920485236205622
2021-11-07 21:20:00,0.1206415620641562,0.8884462151394421,-0.1663440059568132,-0.09908944831280142,0.3902186857913128,0.00011135857461024499,0.5,-0.39990954642133025,0.7276204214283056,0.21028901319209287,0.2322324869693388,0.8196263890605208,0.002029361618661074
2021-11-07 21:30:00,0.10251046025104603,0.47410358565737054,-0.17259865971705146,-0.073736832708445,0.4005967727159702,0.00011135857461024499,0.5,-0.39990954642133025,0.7276204214283056,0.21028901319209287,0.2322324869693388,0.8196263890605208,0.003530636570756069
2021-11-07 21:40:00,0.11297071129707113,0.38645418326693215,-0.17200297840655265,-0.04517050526691657,0.40661684835952944,0.00011135857461024499,0.5,-0.39990954642133025,0.7276204214283056,0.21028901319209287,0.2322324869693388,0.8196263890605208,0.01202528780723328
2021-11-07 21:50:00,0.14504881450488147,0.09163346613545809,-0.16664184661206272,-0.028744866988037687,0.40661684835952944,0.00011135857461024499,0.5,-0.39990954642133025,0.7276204214283056,0.21028901319209287,0.2322324869693388,0.8196263890605208,0.034491603422001596
2021-11-07 22:00:00,0.19456066945606695,-0.31474103585657376,-0.16306775874906942,-0.03267273701124784,0.40661684835952944,0.00011135857461024499,0.5,-0.454579595980686,0.737344363762798,0.25925524347867884,0.2703500008336622,0.8692461278879984,0.05883639875069783
2021-11-07 22:10:00,0.20571827057182707,0.11553784860557759,-0.1618763961280716,-0.04874129619710765,0.40661684835952944,0.00011135857461024499,0.5,-0.454579595980686,0.737344363762798,0.25925524347867884,0.2703500008336622,0.8692461278879984,0.07566727522368243
2021-11-07 22:20:00,0.22594142259414227,-0.17131474103585675,-0.15651526433358165,-0.06516693447598643,0.40661684835952944,0.00011135857461024499,0.5,-0.454579595980686,0.737344363762798,0.25925524347867884,0.2703500008336622,0.8692461278879984,0.08543687855515489
2021-11-07 22:30:00,0.20362622036262204,0.15537848605577675,-0.1580044676098289,-0.0798071772897695,0.40661684835952944,0.00022271714922048998,0.5,-0.454579595980686,0.737344363762798,0.25925524347867884,0.2703500008336622,0.8692461278879984,0.07100502436742762
2021-11-07 22:40:00,0.21269177126917713,0.2350597609561753,-0.16038719285182446,-0.0862346009641134,0.41601340121186736,0.00022271714922048998,0.5,-0.454579595980686,0.737344363762798,0.25925524347867884,0.2703500008336622,0.8692461278879984,0.07364545770025802
2021-11-07 22:50:00,0.18619246861924685,-0.50597609561753,-0.16306775874906942,-0.09194786645241915,0.42047610946067976,0.00033407572383073496,0.5,-0.454579595980686,0.737344363762798,0.25925524347867884,0.2703500008336622,0.8692461278879984,0.06932269112965282
2021-11-07 23:00:00,0.1882845188284519,-0.50597609561753,-0.16455696202531667,-0.09051955008034285,0.420489196581644,0.00033407572383073496,0.5,-0.48523635500094564,0.7377955041134251,0.30444748544712824,0.28848594864719623,0.908322541717478,0.07166136065301688
2021-11-07 23:10:00,0.20920502092050208,-0.3705179282868527,-0.16455696202531667,-0.09230494554543822,0.4205022837026083,0.00033407572383073496,0.5,-0.48523635500094564,0.7377955041134251,0.30444748544712824,0.28848594864719623,0.908322541717478,0.07817191484225297
2021-11-07 23:20:00,0.2496513249651325,-0.1394422310756973,-0.1618763961280716,-0.09873236921978212,0.4205022837026083,0.00033407572383073496,0.5,-0.48523635500094564,0.7377955041134251,0.30444748544712824,0.28848594864719623,0.908322541717478,0.09308659112512636
2021-11-07 23:30:00,0.2545327754532775,0.394422310756972,-0.15562174236783333,-0.1023031601499732,0.4205022837026083,0.00033407572383073496,0.5,-0.48523635500094564,0.7377955041134251,0.30444748544712824,0.28848594864719623,0.908322541717478,0.09138916969687826
2021-11-07 23:40:00,0.2377963737796374,0.09960159362549792,-0.15651526433358165,-0.10266023924299217,0.4307756736595516,0.00033407572383073496,0.5,-0.48523635500094564,0.7377955041134251,0.30444748544712824,0.28848594864719623,0.908322541717478,0.09383345655355553
2021-11-07 23:50:00,0.2775453277545328,-0.298804780876494,-0.16425912137006715,-0.1037314765220495,0.4295585714098756,0.00033407572383073496,0.5,-0.48523635500094564,0.7377955041134251,0.30444748544712824,0.28848594864719623,0.908322541717478,0.1190382787392308
2021-11-08 00:00:00,0.2635983263598326,-0.22310756972111556,-0.16336556962025317,-0.10801635422246025,0.43188807894151365,0.00033407572383073496,0.5,-0.4982669734706192,0.7399621271985911,0.3266757186588088,0.27731596362955374,0.9237601708445997,0.11753323173951748
2021-11-08 00:10:00,0.2496513249651325,-0.14741035856573714,-0.1624720774385705,-0.11230137475450808,0.4342175864731518,0.00033407572383073496,0.5,-0.4982669734706192,0.7399621271985911,0.3266757186588088,0.27731596362955374,0.9237601708445997,0.11602818473980417
2021-11-08 00:20:00,0.24546722454672246,-0.3784860557768924,-0.1660461653015637,-0.10658810926620232,0.4343353705618301,0.00033407572383073496,0.5,-0.4982669734706192,0.7399621271985911,0.3266757186588088,0.27731596362955374,0.9237601708445997,0.10630384597975165
2021-11-08 00:30:00,0.2545327754532775,-0.4183266932270917,-0.17230081906180206,-0.10266023924299217,0.4343353705618301,0.00033407572383073496,0.5,-0.4982669734706192,0.7399621271985911,0.3266757186588088,0.27731596362955374,0.9237601708445997,0.10756370988427359
2021-11-08 00:40:00,0.2391910739191074,-0.3784860557768924,-0.17289650037230098,-0.10194608105695413,0.4337333629974742,0.00033407572383073496,0.5,-0.4982669734706192,0.7399621271985911,0.3266757186588088,0.27731596362955374,0.9237601708445997,0.0994236311239193
2021-11-08 00:50:00,0.2775453277545328,0.043824701195219085,-0.1862993298585257,-0.11158721656846982,0.4205022837026083,0.00033407572383073496,0.5,-0.4982669734706192,0.7399621271985911,0.3266757186588088,0.27731596362955374,0.9237601708445997,0.11718997540624954
2021-11-08 01:00:00,0.26638772663877264,0.17928286852589648,-0.2503350707371558,-0.19585788252097835,0.4205022837026083,0.00033407572383073496,0.5,-0.5084373643988457,0.7364650711048923,0.34845033775039613,0.25906448329492476,0.9300603697727283,0.10403307331351752
2021-11-08 01:10:00,0.16596931659693165,-0.08366533864541836,-0.27624720774385714,-0.24442063917157653,0.4205022837026083,0.00033407572383073496,0.5,-0.5084373643988457,0.7364650711048923,0.34845033775039613,0.25906448329492476,0.9300603697727283,0.039432985802012765
2021-11-08 01:20:00,0.09623430962343095,-0.8326693227091634,-0.30424422933730466,-0.2619175147295125,0.4120741778016254,0.2623608017817372,0.5,-0.5084373643988457,0.7364650711048923,0.34845033775039613,0.25906448329492476,0.9300603697727283,0.0
2021-11-08 01:30:00,0.09902370990237098,-0.5904382470119522,-0.31496649292628454,-0.2779860739153722,0.4040517726505346,0.9995545657015591,0.5,-0.5084373643988457,0.7364650711048923,0.34845033775039613,0.25906448329492476,0.9300603697727283,0.0
2021-11-08 01:40:00,0.1499302649930265,-0.3482071713147411,-0.2979895755770663,-0.2576325656132833,0.4040517726505346,0.9995545657015591,0.5,-0.5084373643988457,0.7364650711048923,0.34845033775039613,0.25906448329492476,0.9300603697727283,0.0
2021-11-08 01:50:00,0.17294281729428174,-0.10597609561752985,-0.29292628443782587,-0.26013211926441704,0.3770661292222324,0.9828507795100223,0.5,-0.5084373643988457,0.7364650711048923,0.34845033775039613,0.25906448329492476,0.9300603697727283,0.0
2021-11-08 02:00:00,0.1792189679218968,0.1362549800796813,-0.30811615785554747,-0.26620246384574175,0.32988705814607844,0.8858574610244989,0.5,-0.489588733059549,0.7341174171783914,0.3301803537784332,0.23734823879609335,0.9285521211389886,0.0
2021-11-08 02:10:00,0.13807531380753138,0.3784860557768923,-0.30067014147431137,-0.27084449205499006,0.3443221525696562,0.17483296213808464,0.5,-0.489588733059549,0.7341174171783914,0.3301803537784332,0.23734823879609335,0.9285521211389886,0.0
2021-11-08 02:20:00,0.15690376569037656,0.29083665338645415,-0.29530900967982143,-0.2690590965898947,0.34638991768200916,0.9993318485523385,0.5,-0.489588733059549,0.7341174171783914,0.3301803537784332,0.23734823879609335,0.9285521211389886,0.0
2021-11-08 02:30:00,0.18410041841004185,0.4262948207171313,-0.3137751303052868,-0.2672737011247991,0.34960934943921684,0.934521158129176,0.5,-0.489588733059549,0.7341174171783914,0.3301803537784332,0.23734823879609335,0.9285521211389886,0.0
2021-11-08 02:40:00,0.14365411436541145,-0.4183266932270917,-0.3102010424422935,-0.2751294411712194,0.3627619060082972,0.13207126948775055,0.5,-0.489588733059549,0.7341174171783914,0.3301803537784332,0.23734823879609335,0.9285521211389886,0.0
2021-11-08 02:50:00,0.16875871687587168,-0.3067729083665339,-0.30037230081906185,-0.2783431530083913,0.3627619060082972,0.3866369710467706,0.5,-0.489588733059549,0.7341174171783914,0.3301803537784332,0.23734823879609335,0.9285521211389886,0.0
2021-11-08 03:00:00,0.14225941422594143,0.689243027888446,-0.30007446016381245,-0.27941439028744863,0.3627619060082972,0.6693763919821827,0.5,-0.5001836087575875,0.7289997040289439,0.34052483546818574,0.215532879888563,0.9377894451728285,0.0
2021-11-08 03:10:00,0.18200836820083682,0.4847277556440901,-0.32390171258376776,-0.27762899482235315,0.3627619060082972,0.9985523385300669,0.5,-0.5001836087575875,0.7289997040289439,0.34052483546818574,0.215532879888563,0.9377894451728285,0.0
2021-11-08 03:20:00,0.1799163179916318,0.28021248339973437,-0.33790022338049164,-0.287627209426888,0.37091518236903065,0.8177060133630291,0.5,-0.5001836087575875,0.7289997040289439,0.34052483546818574,0.215532879888563,0.9377894451728285,0.0
2021-11-08 03:30:00,0.11576011157601115,0.07569721115537842,-0.3212211466865228,-0.29833958221746115,0.3765819057465548,0.2321826280623608,0.5,-0.5001836087575875,0.7289997040289439,0.34052483546818574,0.215532879888563,0.9377894451728285,0.0
2021-11-08 03:40:00,0.13737796373779637,0.11553784860557759,-0.31943410275502615,-0.2958400285663274,0.3734540838360969,0.9981069042316258,0.5,-0.5001836087575875,0.7289997040289439,0.34052483546818574,0.215532879888563,0.9377894451728285,0.0
2021-11-08 03:50:00,0.17503486750348674,-0.4900398406374503,-0.32688011913626225,-0.2972683449384038,0.3734540838360969,0.9981069042316258,0.5,-0.5001836087575875,0.7289997040289439,0.34052483546818574,0.215532879888563,0.9377894451728285,0.0
2021-11-08 04:00:00,0.18479776847977683,-0.601593625498008,-0.3286671630677588,-0.30798071772897684,0.3691353339178914,0.77728285077951,0.5,-0.5992311112282176,0.736738054119601,0.40178087610044544,0.19564202029243719,0.938365659507932,0.0
2021-11-08 04:10:00,0.13668061366806136,0.7290836653386452,-0.32390171258376776,-0.31905016961256916,0.3569512243001662,0.2767260579064588,0.5,-0.5992311112282176,0.736738054119601,0.40178087610044544,0.19564202029243719,0.938365659507932,0.0
2021-11-08 04:20:00,0.15620641562064158,0.3545816733067728,-0.3331347728965004,-0.3201214068916265,0.3569512243001662,0.9996659242761693,0.5,-0.5992311112282176,0.736738054119601,0.40178087610044544,0.19564202029243719,0.938365659507932,0.0
2021-11-08 04:30:00,0.1603905160390516,0.01195219123505975,-0.3486224869694715,-0.3261917514729513,0.3569512243001662,0.9996659242761693,0.5,-0.5992311112282176,0.736738054119601,0.40178087610044544,0.19564202029243719,0.938365659507932,0.0
2021-11-08 04:40:00,0.1680613668061367,-0.5139442231075697,-0.35070737155621756,-0.33654704517050527,0.3569512243001662,0.9996659242761693,0.5,-0.5992311112282176,0.736738054119601,0.40178087610044544,0.19564202029243719,0.938365659507932,0.0
2021-11-08 04:50:00,0.14783821478382148,-0.9601593625498008,-0.3432613551749816,-0.3469023388680593,0.3569512243001662,0.9996659242761693,0.5,-0.5992311112282176,0.736738054119601,0.40178087610044544,0.19564202029243719,0.938365659507932,0.0
2021-11-08 05:00:00,0.14295676429567641,-0.4661354581673308,-0.3489203276247208,-0.3569005534725942,0.3569512243001662,0.9996659242761693,0.5,-0.6155320668275842,0.7203274646774344,0.4297293139850489,0.20059089683361614,0.9439995021802734,0.0
2021-11-08 05:10:00,0.18619246861924685,-0.12350597609561753,-0.3521965748324647,-0.3665416889841099,0.3569512243001662,0.9996659242761693,0.5,-0.6155320668275842,0.7203274646774344,0.4297293139850489,0.20059089683361614,0.9439995021802734,0.0
2021-11-08 05:20:00,0.15411436541143653,0.15537848605577675,-0.3554728220402086,-0.37868237814675954,0.3569512243001662,0.17405345211581294,0.5,-0.6155320668275842,0.7203274646774344,0.4297293139850489,0.20059089683361614,0.9439995021802734,0.0
2021-11-08 05:30:00,0.1708507670850767,0.3784860557768923,-0.3566641846612064,-0.38332440635600784,0.3569512243001662,0.8873051224944322,0.5,-0.6155320668275842,0.7203274646774344,0.4297293139850489,0.20059089683361614,0.9439995021802734,0.0
2021-11-08 05:40:00,0.1708507670850767,0.3227091633466135,-0.36887565152643353,-0.38296732726298865,0.3569512243001662,0.494097995545657,0.5,-0.6155320668275842,0.7203274646774344,0.4297293139850489,0.20059089683361614,0.9439995021802734,0.0
2021-11-08 05:50:00,0.17573221757322177,0.1872509960159361,-0.3605361131794491,-0.387252276379218,0.3569512243001662,0.4546770601336303,0.5,-0.6155320668275842,0.7203274646774344,0.4297293139850489,0.20059089683361614,0.9439995021802734,0.0
2021-11-08 06:00:00,0.17782426778242677,0.2589641434262948,-0.3605361131794491,-0.38653811819317974,0.3569512243001662,0.16280623608017816,0.5,-0.6608531119933374,0.7320801018370343,0.4488982832791647,0.24357424739200548,0.01183130013444101,0.0
2021-11-08 06:10:00,0.2280334728033473,-0.043824701195219196,-0.34981384959046924,-0.3726120335654347,0.3569512243001662,0.025612472160356347,0.5,-0.6608531119933374,0.7320801018370343,0.4488982832791647,0.24357424739200548,0.01183130013444101,0.0506887758951069
2021-11-08 06:20:00,0.2189679218967922,-0.1872509960159363,-0.3334326135517499,-0.3265488305659704,0.3569512243001662,0.00011135857461024499,0.5,-0.6608531119933374,0.7320801018370343,0.4488982832791647,0.24357424739200548,0.01183130013444101,0.05676931665585346
2021-11-08 06:30:00,0.21687587168758715,-0.11553784860557781,-0.32688011913626225,-0.2961971076593465,0.3569512243001662,0.1925389755011136,0.5,-0.6608531119933374,0.7320801018370343,0.4488982832791647,0.24357424739200548,0.01183130013444101,0.04360487046788478
2021-11-08 06:40:00,0.22524407252440726,0.03585657370517925,-0.34266567386448255,-0.28548473486877346,0.3569512243001662,0.9995545657015591,0.5,-0.6608531119933374,0.7320801018370343,0.4488982832791647,0.24357424739200548,0.01183130013444101,0.0
2021-11-08 06:50:00,0.23221757322175732,0.08366533864541825,-0.3641102010424424,-0.3122656668452063,0.3569512243001662,0.9995545657015591,0.5,-0.6608531119933374,0.7320801018370343,0.4488982832791647,0.24357424739200548,0.01183130013444101,0.0
2021-11-08 07:00:00,0.21338912133891214,0.4820717131474104,-0.3718540580789278,-0.33511872879842897,0.3569512243001662,0.9995545657015591,0.5,-0.6364571281055479,0.7445683563836359,0.43790654230259196,0.23457548541224701,0.052264659683477876,0.0
2021-11-08 07:10:00,0.22454672245467225,0.4183266932270917,-0.3822784810126584,-0.3519014461703267,0.3569512243001662,0.9995545657015591,0.5,-0.6364571281055479,0.7445683563836359,0.43790654230259196,0.23457548541224701,0.052264659683477876,0.0
2021-11-08 07:20:00,0.25592747559274753,0.5139442231075697,-0.3867460908413999,-0.3683270844492056,0.3569512243001662,0.9995545657015591,0.5,-0.6364571281055479,0.7445683563836359,0.43790654230259196,0.23457548541224701,0.052264659683477876,0.0
2021-11-08 07:30:00,0.20920502092050208,0.7211155378486056,-0.3906180193596427,-0.38332440635600784,0.3569512243001662,0.9995545657015591,0.5,-0.6364571281055479,0.7445683563836359,0.43790654230259196,0.23457548541224701,0.052264659683477876,0.0
2021-11-08 07:40:00,0.1882845188284519,0.6162018592297474,-0.3980640357408788,-0.3983217282628101,0.3569512243001662,0.9995545657015591,0.5,-0.6364571281055479,0.7445683563836359,0.43790654230259196,0.23457548541224701,0.052264659683477876,0.0
2021-11-08 07:50:00,0.18270571827057183,0.5112881806108898,-0.4055100521221148,-0.4097482592394215,0.3569512243001662,0.9995545657015591,0.5,-0.6364571281055479,0.7445683563836359,0.43790654230259196,0.23457548541224701,0.052264659683477876,0.0
2021-11-08 08:00:00,0.198744769874477,0.40637450199203173,-0.41146686522710363,-0.41974647384395647,0.3569512243001662,0.9995545657015591,0.5,-0.6614434616771334,0.7377035519400473,0.4437109515535808,0.23761813412062952,0.0434681541250734,0.0
2021-11-08 08:10:00,0.197350069735007,0.3014608233731737,-0.4153387937453463,-0.42974468844849134,0.3569512243001662,0.9995545657015591,0.5,-0.6614434616771334,0.7377035519400473,0.4437109515535808,0.23761813412062952,0.0434681541250734,0.0
2021-11-08 08:20:00,0.1771269177126918,0.1965471447543159,-0.4180193596425913,-0.43902874486698795,0.3569512243001662,0.9995545657015591,0.5,-0.6614434616771334,0.7377035519400473,0.4437109515535808,0.23761813412062952,0.0434681541250734,0.0
2021-11-08 08:30:00,0.15550906555090654,0.09163346613545809,-0.42069992553983626,-0.44545616854133185,0.3569512243001662,0.9995545657015591,0.5,-0.6614434616771334,0.7377035519400473,0.4437109515535808,0.23761813412062952,0.0434681541250734,0.0
2021-11-08 08:40:00,0.1631799163179916,0.2749003984063745,-0.42457185405807896,-0.4497411176575611,0.3569512243001662,0.9995545657015591,0.5,-0.6614434616771334,0.7377035519400473,0.4437109515535808,0.23761813412062952,0.0434681541250734,0.0
2021-11-08 08:50:00,0.0,0.003984063745019917,-0.4236117944899479,-0.45212290662381716,0.3458140843595817,0.0,0.5,-0.6614434616771334,0.7377035519400473,0.4437109515535808,0.23761813412062952,0.0434681541250734,0.0
2021-11-08 09:00:00,0.0,0.003984063745019917,-0.4226517319434103,-0.454504706302446,0.3474107131172214,0.0,0.5,-0.5945438681512349,0.7530509443775567,0.4373097550369619,0.2108459789216675,0.02980640177950095,0.0
2021-11-08 09:10:00,0.0,0.003984063745019917,-0.42169166939687275,-0.4568865095518657,0.34900734187486093,0.0,0.5,-0.5945438681512349,0.7530509443775567,0.4373097550369619,0.2108459789216675,0.02980640177950095,0.0
2021-11-08 09:20:00,0.002536515062761506,-0.002955918262434243,-0.4207316098287417,-0.4592682949473308,0.34909320647550746,0.010976773496659242,0.5,-0.5945438681512349,0.7530509443775567,0.4373097550369619,0.2108459789216675,0.02980640177950095,0.0
2021-11-08 09:30:00,0.0050730299860529985,-0.009895900269888291,-0.41977155026061075,-0.46165008034279587,0.349179057989033,0.021953546770601337,0.5,-0.5945438681512349,0.7530509443775567,0.4373097550369619,0.2108459789216675,0.02980640177950095,0.0
2021-11-08 09:40:00,0.007609545048814505,-0.01683588227734234,-0.41881148771407306,-0.4640318871630066,0.3492649225896795,0.03293032071269488,0.5,-0.5945438681512349,0.7530509443775567,0.4373097550369619,0.2108459789216675,0.02980640177950095,0.0
2021-11-08 09:50:00,0.010146059972105997,-0.023775864284796278,-0.4178514266567388,-0.46641367612926266,0.3493507741032051,0.043907093541202674,0.5,-0.5945438681512349,0.7530509443775567,0.4373097550369619,0.2108459789216675,0.02980640177950095,0.0
2021-11-08 10:00:00,0.012682576011157602,-0.030715846292250437,-0.4168913667907671,-0.4687954650955186,0.34943663870385155,0.05488386414253898,0.5,-0.43861247145392457,0.7650708175410281,0.28076875228978754,0.12724134331775475,0.012618881894727627,0.0
2021-11-08 10:10:00,0.015219089958158996,-0.0376558282997046,-0.4159313060312734,-0.4711772540617746,0.3495224836738166,0.0658606425389755,0.5,-0.43861247145392457,0.7650708175410281,0.28076875228978754,0.12724134331775475,0.012618881894727627,0.0
2021-11-08 10:20:00,0.01775560460251046,-0.044595810307158534,-0.414971244973939,-0.4735590573111944,0.3496083417309026,0.07683741202672606,0.5,-0.43861247145392457,0.7650708175410281,0.28076875228978754,0.12724134331775475,0.012618881894727627,0.0
2021-11-08 10:30:00,0.020292119944211994,-0.05153579231461258,-0.41401118391660474,-0.47594085698982314,0.34969419978798866,0.08781418708240535,0.5,-0.43861247145392457,0.7650708175410281,0.28076875228978754,0.12724134331775475,0.012618881894727627,0.0
2021-11-08 10:40:00,0.02282863528591353,-0.05847577432206663,-0.4130511243484737,-0.4783226423852883,0.34978005784507465,0.09879096325167039,0.5,-0.43861247145392457,0.7650708175410281,0.28076875228978754,0.12724134331775475,0.012618881894727627,0.0
2021-11-08 10:50:00,0.02536515132496513,-0.06541575632952068,-0.4120910647803425,-0.4807044277807534,0.3498659159021607,0.10976772828507796,0.5,-0.43861247145392457,0.7650708175410281,0.28076875228978754,0.12724134331775475,0.012618881894727627,0.0
2021-11-08 11:00:00,0.02790166666666667,-0.07235573833697484,-0.41113100223380494,-0.4830862346009641,0.3499517739592467,0.12074449888641425,0.5,-0.4263086501571097,0.7629530440479676,0.241187908476218,0.08600652172953892,0.8604235596130531,0.0
2021-11-08 11:10:00,0.030438179916317993,-0.07929572034442878,-0.4101709396872675,-0.4854680235672201,0.35003763332504484,0.13172128062360802,0.5,-0.4263086501571097,0.7629530440479676,0.241187908476218,0.08600652172953892,0.8604235596130531,0.0
2021-11-08 11:20:00,0.03297469665271967,-0.08623570235188294,-0.4092108771407299,-0.48784981253347615,0.35012349007341875,0.14269805122494433,0.5,-0.4263086501571097,0.7629530440479676,0.241187908476218,0.08600652172953892,0.8604235596130531,0.0
2021-11-08 11:30:00,0.035511208507670845,-0.09317568435933687,-0.40825082055100537,-0.4902316014997322,0.3502093494392169,0.15367482182628062,0.5,-0.4263086501571097,0.7629530440479676,0.241187908476218,0.08600652172953892,0.8604235596130531,0.0
2021-11-08 11:40:00,0.038047726638772664,-0.10011566636679103,-0.4072907580044677,-0.49261340474915183,0.35029520618759086,0.16465160356347439,0.5,-0.4263086501571097,0.7629530440479676,0.241187908476218,0.08600652172953892,0.8604235596130531,0.0
2021-11-08 11:50:00,0.04058423988842399,-0.10705564837424497,-0.4063306954579301,-0.4949952044277808,0.3503810577011163,0.1756283741648107,0.5,-0.4263086501571097,0.7629530440479676,0.241187908476218,0.08600652172953892,0.8604235596130531,0.0
2021-11-08 12:00:00,0.04312075592747559,-0.11399563038169913,-0.40537063886820557,-0.49737698982324585,0.3504669092146419,0.18660515590200444,0.5,-0.40854913060169307,0.7618409974512008,0.19222852615230607,0.14680049556596805,0.7675114167440266,0.0
2021-11-08 12:10:00,0.04565726987447699,-0.12093561238915318,-0.404410576321668,-0.4997587752187109,0.3505527738152884,0.19758192650334078,0.5,-0.40854913060169307,0.7618409974512008,0.19222852615230607,0.14680049556596805,0.7675114167440266,0.0
2021-11-08 12:20:00,0.048193784518828456,-0.12787559439660712,-0.4034505137751304,-0.5021405820389215,0.3506386305636623,0.20855868596881963,0.5,-0.40854913060169307,0.7618409974512008,0.19222852615230607,0.14680049556596805,0.7675114167440266,0.0
2021-11-08 12:30:00,0.05073030264993026,-0.13481557640406128,-0.40249045420699936,-0.5045223781467595,0.3507244899294604,0.21953546770601337,0.5,-0.40854913060169307,0.7618409974512008,0.19222852615230607,0.14680049556596805,0.7675114167440266,0.0
2021-11-08 12:40:00,0.05326681729428173,-0.14175555841151544,-0.40153039166046167,-0.5069041599714337,0.3508103466778344,0.23051223830734965,0.5,-0.40854913060169307,0.7618409974512008,0.19222852615230607,0.14680049556596805,0.7675114167440266,0.0
2021-11-08 12:50:00,0.05580333333333334,-0.14869554041896937,-0.40057033507073725,-0.5092859489376897,0.3508962060436325,0.24148900890868596,0.5,-0.40854913060169307,0.7618409974512008,0.19222852615230607,0.14680049556596805,0.7675114167440266,0.0
2021-11-08 13:00:00,0.05833984658298466,-0.15563552242642342,-0.3996102725241997,-0.5116677521871094,0.35098206410071847,0.2524658017817372,0.5,-0.2549425109473179,0.7568755800889068,0.1336412887510673,0.2274306230524282,0.7455088437397516,0.0
2021-11-08 13:10:00,0.060876359832635986,-0.16257550443387747,-0.3986502099776621,-0.5140495554365292,0.35106792215780447,0.2634425723830735,0.5,-0.2549425109473179,0.7568755800889068,0.1336412887510673,0.2274306230524282,0.7455088437397516,0.0
2021-11-08 13:20:00,0.06341287308228731,-0.16951548644133152,-0.39769015040953093,-0.5164313372612033,0.3511537802148905,0.2744193429844098,0.5,-0.2549425109473179,0.7568755800889068,0.1336412887510673,0.2274306230524282,0.7455088437397516,0.0
2021-11-08 13:30:00,0.06594939330543934,-0.17645546844878557,-0.3967300908413999,-0.5188131226566685,0.3512396251848556,0.28539610244988867,0.5,-0.2549425109473179,0.7568755800889068,0.1336412887510673,0.2274306230524282,0.7455088437397516,0.0
2021-11-08 13:40:00,0.06848590655509065,-0.18339545045623962,-0.3957700282948623,-0.5211949294768791,0.3513254897855021,0.2963728841870824,0.5,-0.2549425109473179,0.7568755800889068,0.1336412887510673,0.2274306230524282,0.7455088437397516,0.0
2021-11-08 13:50:00,0.07102241980474197,-0.19033543246369378,-0.3948099657483247,-0.5235767291555079,0.3514113412990277,0.30734964365256123,0.5,-0.2549425109473179,0.7568755800889068,0.1336412887510673,0.2274306230524282,0.7455088437397516,0.0
2021-11-08 14:00:00,0.07355894002789401,-0.19727541447114771,-0.39384990618019367,-0.5259585074093911,0.35149720589967415,0.31832641425389757,0.5,-0.23421083088215933,0.7380656136227173,0.11823641627344779,0.3048259755603917,0.7373772239390647,0.0
2021-11-08 14:10:00,0.07609545327754533,-0.20421539647860187,-0.3928898466120627,-0.5283402963756472,0.35158305741319973,0.32930320712694877,0.5,-0.23421083088215933,0.7380656136227173,0.11823641627344779,0.3048259755603917,0.7373772239390647,0.0
2021-11-08 14:20:00,0.07863196652719666,-0.21115537848605592,-0.39192978406552503,-0.530722099625067,0.3516689220138462,0.34027997772828505,0.5,-0.23421083088215933,0.7380656136227173,0.11823641627344779,0.3048259755603917,0.7373772239390647,0.0
2021-11-08 14:30:00,0.08116847977684798,-0.21809536049350986,-0.390969724497394,-0.5331039100160686,0.3517547735273717,0.3512567483296214,0.5,-0.23421083088215933,0.7380656136227173,0.11823641627344779,0.3048259755603917,0.7373772239390647,0.0
2021-11-08 14:40:00,0.083705,-0.2250353425009639,-0.3900096649292629,-0.5354856882699518,0.35184063812801825,0.3622335412026726,0.5,-0.23421083088215933,0.7380656136227173,0.11823641627344779,0.3048259755603917,0.7373772239390647,0.0
2021-11-08 14:50:00,0.08624151324965133,-0.23197532450841796,-0.38904960238272535,-0.5378674736654169,0.3519264948763921,0.3732103118040089,0.5,-0.23421083088215933,0.7380656136227173,0.11823641627344779,0.3048259755603917,0.7373772239390647,0.0
2021-11-08 15:00:00,0.08877802649930265,-0.23891530651587212,-0.3880895428145943,-0.5402492769148366,0.35201235424219024,0.3841870824053452,0.5,-0.21692355772068994,0.7215056018988137,0.11849968239402744,0.35734137840465324,0.7334064745698223,0.0
2021-11-08 15:10:00,0.09131453974895398,-0.24585528852332605,-0.3871294802680567,-0.5426310765934654,0.3520982057557158,0.39516385300668155,0.5,-0.21692355772068994,0.7215056018988137,0.11849968239402744,0.35734137840465324,0.7334064745698223,0.0
2021-11-08 15:20:00,0.0938510529986053,-0.2527952705307802,-0.38616941772151914,-0.5450128548473487,0.35218405726924135,0.40614062360801784,0.5,-0.21692355772068994,0.7215056018988137,0.11849968239402744,0.35734137840465324,0.7334064745698223,0.0
2021-11-08 15:30:00,0.09638756624825663,-0.25973525253823426,-0.3852093611317945,-0.5473946438136047,0.35226992186988787,0.41711737193763926,0.5,-0.21692355772068994,0.7215056018988137,0.11849968239402744,0.35734137840465324,0.7334064745698223,0.0
2021-11-08 15:40:00,0.09892408647140866,-0.2666752345456883,-0.3842492926284439,-0.5497764470630244,0.35235577338341334,0.4280941648106904,0.5,-0.21692355772068994,0.7215056018988137,0.11849968239402744,0.35734137840465324,0.7334064745698223,0.0
2021-11-08 15:50:00,0.10146060669456067,-0.27361521655314236,-0.3832892330603128,-0.552158257454026,0.35244163798405986,0.43907093541202674,0.5,-0.21692355772068994,0.7215056018988137,0.11849968239402744,0.35734137840465324,0.7334064745698223,0.0
2021-11-08 16:00:00,0.103997119944212,-0.2805551985605963,-0.3823291794489949,-0.5545400357079093,0.3525274894975854,0.4500477060133631,0.5,-0.1858667617452071,0.7181321065380868,0.13265809885084848,0.38151763656045745,0.7263463846493822,0.0
2021-11-08 16:10:00,0.10653363319386332,-0.28749518056805046,-0.3813691139240507,-0.5569218211033744,0.3526133540982319,0.4610244766146993,0.5,-0.1858667617452071,0.7181321065380868,0.13265809885084848,0.38151763656045745,0.7263463846493822,0.0
2021-11-08 16:20:00,0.10907014644351463,-0.2944351625755044,-0.38040905435591965,-0.5593036243527941,0.35269920561175744,0.4720012249443208,0.5,-0.1858667617452071,0.7181321065380868,0.13265809885084848,0.38151763656045745,0.7263463846493822,0.0
2021-11-08 16:30:00,0.11160665969316597,-0.30137514458295855,-0.3794489947877887,-0.5616854240314229,0.35278507021240396,0.48297801781737193,0.5,-0.1858667617452071,0.7181321065380868,0.13265809885084848,0.38151763656045745,0.7263463846493822,0.0
2021-11-08 16:40:00,0.11414317991631799,-0.3083151265904126,-0.378488932241251,-0.5640672022853062,0.35287092172592954,0.49395478841870827,0.5,-0.1858667617452071,0.7181321065380868,0.13265809885084848,0.38151763656045745,0.7263463846493822,0.0
2021-11-08 16:50:00,0.11667969316596932,-0.31525510859786665,-0.3775288756515265,-0.5664489912515622,0.35295677323945507,0.504931592427617,0.5,-0.1858667617452071,0.7181321065380868,0.13265809885084848,0.38151763656045745,0.7263463846493822,0.0
2021-11-08 17:00:00,0.11921620641562064,-0.3221950906053207,-0.37656881608339554,-0.568830794500982,0.3530426326052532,0.5159083518930958,0.5,-0.18713704751114246,0.7203475792153623,0.11458226730210688,0.39995770820818144,0.7199055027930348,0.0
2021-11-08 17:10:00,0.12175271966527197,-0.32913507261277486,-0.37560875055845133,-0.5712126048919836,0.3531284893536271,0.5268851336302895,0.5,-0.18713704751114246,0.7203475792153623,0.11458226730210688,0.39995770820818144,0.7199055027930348,0.0
2021-11-08 17:20:00,0.12428923291492329,-0.3360750546202288,-0.3746486909903203,-0.5735943831458667,0.35321434871942525,0.5378619153674833,0.5,-0.18713704751114246,0.7203475792153623,0.11458226730210688,0.39995770820818144,0.7199055027930348,0.0
2021-11-08 17:30:00,0.12682574616457462,-0.34301503662768273,-0.37368862546537607,-0.5759761685413319,0.3533002054677991,0.5488386748329621,0.5,-0.18713704751114246,0.7203475792153623,0.11458226730210688,0.39995770820818144,0.7199055027930348,0.0
2021-11-08 17:40:00,0.12936226638772663,-0.349955018635137,-0.37272856887565164,-0.5783579717907517,0.3533860700684457,0.5598154454342985,0.5,-0.18713704751114246,0.7203475792153623,0.11458226730210688,0.39995770820818144,0.7199055027930348,0.0
2021-11-08 17:50:00,0.13189878661087867,-0.35689500064259105,-0.3717685093075206,-0.5807397714693805,0.35347192158197116,0.5707922048997773,0.5,-0.18713704751114246,0.7203475792153623,0.11458226730210688,0.39995770820818144,0.7199055027930348,0.0
2021-11-08 18:00:00,0.13443529986053,-0.3638349826500451,-0.3708084437825765,-0.5831215497232637,0.3535577861826177,0.5817689866369711,0.5,-0.36689032136702315,0.723735442103176,0.1961790397304845,0.3264273203948835,0.6874906200000017,0.0
2021-11-08 18:10:00,0.1369718131101813,-0.37077496465749904,-0.36984838719285196,-0.5855033386895196,0.3536436376961432,0.5927457683741648,0.5,-0.36689032136702315,0.723735442103176,0.1961790397304845,0.3264273203948835,0.6874906200000017,0.0
2021-11-08 18:20:00,0.13950831938633193,-0.3777149466649531,-0.36888832166790775,-0.5878851455097304,0.35372950229678973,0.6037225278396436,0.5,-0.36689032136702315,0.723735442103176,0.1961790397304845,0.3264273203948835,0.6874906200000017,0.0
2021-11-08 18:30:00,0.14204483960948394,-0.38465492867240714,-0.3679282620997767,-0.5902669523299411,0.35381534726675473,0.61469929844098,0.5,-0.36689032136702315,0.723735442103176,0.1961790397304845,0.3264273203948835,0.6874906200000017,0.0
2021-11-08 18:40:00,0.14458136680613667,-0.3915949106798613,-0.36696820551005227,-0.5926487305838243,0.3539012053238408,0.6256760579064589,0.5,-0.36689032136702315,0.723735442103176,0.1961790397304845,0.3264273203948835,0.6874906200000017,0.0
2021-11-08 18:50:00,0.14711788005578802,-0.39853489268731535,-0.36600813998510806,-0.5950305159792895,0.3539870633809268,0.6366528396436526,0.5,-0.36689032136702315,0.723735442103176,0.1961790397304845,0.3264273203948835,0.6874906200000017,0.0
2021-11-08 19:00:00,0.1496543933054393,-0.4054748746947694,-0.365048080416977,-0.5974123192287091,0.35407292143801283,0.6476296547884187,0.5,-0.38806986671771915,0.7390224909269058,0.2174982693042483,0.3285754170387648,0.6886417768505447,0.0
2021-11-08 19:10:00,0.15219090655509065,-0.41241485670222344,-0.36408802382725247,-0.5997941081949651,0.3541587794950989,0.658606425389755,0.5,-0.38806986671771915,0.7390224909269058,0.2174982693042483,0.3285754170387648,0.6886417768505447,0.0
2021-11-08 19:20:00,0.154727419804742,-0.4193548387096775,-0.36312795830230826,-0.6021759043028031,0.3542446375521849,0.6695831848552339,0.5,-0.38806986671771915,0.7390224909269058,0.2174982693042483,0.3285754170387648,0.6886417768505447,0.0
2021-11-08 19:30:00,0.157263940027894,-0.42629482071713154,-0.3621678987341773,-0.6045577004106409,0.354330496917983,0.6805599665924277,0.5,-0.38806986671771915,0.7390224909269058,0.2174982693042483,0.3285754170387648,0.6886417768505447,0.0
2021-11-08 19:40:00,0.15980045327754533,-0.4332348027245856,-0.3612078421444528,-0.6069394929476879,0.35441635366635693,0.6915367483296214,0.5,-0.38806986671771915,0.7390224909269058,0.2174982693042483,0.3285754170387648,0.6886417768505447,0.0
2021-11-08 19:50:00,0.16233695955369595,-0.44017478473203964,-0.36024777364110205,-0.6093212854847349,0.35450221303215507,0.7025134966592428,0.5,-0.38806986671771915,0.7390224909269058,0.2174982693042483,0.3285754170387648,0.6886417768505447,0.0
2021-11-08 20:00:00,0.16487347977684796,-0.4471147667394937,-0.35928771705137763,-0.6117030780217818,0.354588069780529,0.713490311804009,0.5,-0.4141351060278039,0.7603726361826055,0.24228206073458097,0.3337153711160062,0.7287955717087689,0.0
2021-11-08 20:10:00,0.1674099930264993,-0.45405474874694773,-0.35832765450484005,-0.6140848741296197,0.35467392129405456,0.7244670824053452,0.5,-0.4141351060278039,0.7603726361826055,0.24228206073458097,0.3337153711160062,0.7287955717087689,0.0
2021-11-08 20:20:00,0.16994651324965132,-0.4609947307544019,-0.3573675949367089,-0.6164666666666667,0.35475977280758003,0.7354438084632517,0.5,-0.4141351060278039,0.7603726361826055,0.24228206073458097,0.3337153711160062,0.7287955717087689,0.0
2021-11-08 20:30:00,0.17248302649930267,-0.46793471276185583,-0.35640753536857794,-0.6188484592037136,0.35484563740822656,0.746420601336303,0.5,-0.4141351060278039,0.7603726361826055,0.24228206073458097,0.3337153711160062,0.7287955717087689,0.0
2021-11-08 20:40:00,0.17501953974895396,-0.4748746947693099,-0.35544746984363373,-0.6212302553115514,0.35493149415660047,0.7573973273942094,0.5,-0.4141351060278039,0.7603726361826055,0.24228206073458097,0.3337153711160062,0.7287955717087689,0.0
2021-11-08 20:50:00,0.1775560529986053,-0.48181467677676393,-0.3544874162323157,-0.6236120478485985,0.3550173535223986,0.7683741648106904,0.5,-0.4141351060278039,0.7603726361826055,0.24228206073458097,0.3337153711160062,0.7287955717087689,0.0
2021-11-08 21:00:00,0.18009256624825662,-0.488754658784218,-0.3535273477289651,-0.6259938403856454,0.3551032102707725,0.7793508908685969,0.5,-0.4323587671764242,0.7570910929952563,0.25766550162531326,0.3231223706430291,0.7804544906674281,0.0
2021-11-08 21:10:00,0.18262907949790796,-0.49569464079167214,-0.35256728816083405,-0.6283756329226924,0.35518906963657065,0.7903277282850779,0.5,-0.4323587671764242,0.7570910929952563,0.25766550162531326,0.3231223706430291,0.7804544906674281,0.0
2021-11-08 21:20:00,0.18516559274755925,-0.5026346227991261,-0.3516072315711095,-0.6307574290305302,0.3552749276936567,0.8013044543429844,0.5,-0.4323587671764242,0.7570910929952563,0.25766550162531326,0.3231223706430291,0.7804544906674281,0.0
2021-11-08 21:30:00,0.1877021059972106,-0.5095746048065801,-0.3506471660461654,-0.6331392251383682,0.3553607857507427,0.8122812472160357,0.5,-0.4323587671764242,0.7570910929952563,0.25766550162531326,0.3231223706430291,0.7804544906674281,0.0
2021-11-08 21:40:00,0.1902386262203626,-0.5165145868140342,-0.34968710647803436,-0.6355210141046241,0.3554466438078287,0.8232579732739421,0.5,-0.4323587671764242,0.7570910929952563,0.25766550162531326,0.3231223706430291,0.7804544906674281,0.0
2021-11-08 21:50:00,0.19277513947001396,-0.5234545688214882,-0.3487270498883098,-0.6379028066416712,0.35553248877779375,0.8342347438752785,0.5,-0.4323587671764242,0.7570910929952563,0.25766550162531326,0.3231223706430291,0.7804544906674281,0.0
2021-11-08 22:00:00,0.19531164574616455,-0.5303945508289423,-0.3477669843633657,-0.640284602749509,0.3556183533784403,0.8452115144766148,0.5,-0.48572494440873815,0.7634817690448775,0.3052013954118904,0.2795659954151007,0.8288479402519717,0.0
2021-11-08 22:10:00,0.1978481659693166,-0.5373345328363964,-0.3468069247952347,-0.6426663952865559,0.3557042048919658,0.856188307349666,0.5,-0.48572494440873815,0.7634817690448775,0.3052013954118904,0.2795659954151007,0.8288479402519717,0.0
2021-11-08 22:20:00,0.2003846792189679,-0.5442745148438505,-0.34584686820551014,-0.645048187823603,0.3557900694926123,0.867165144766147,0.5,-0.48572494440873815,0.7634817690448775,0.3052013954118904,0.2795659954151007,0.8288479402519717,0.0
2021-11-08 22:30:00,0.20292121338912134,-0.5512144968513045,-0.34488680268056604,-0.6474299839314408,0.3558759210061379,0.8781418708240535,0.5,-0.48572494440873815,0.7634817690448775,0.3052013954118904,0.2795659954151007,0.8288479402519717,0.0
2021-11-08 22:40:00,0.20545772663877268,-0.5581544788587586,-0.3439267431124349,-0.6498117764684878,0.3559617856067844,0.8891187082405345,0.5,-0.48572494440873815,0.7634817690448775,0.3052013954118904,0.2795659954151007,0.8288479402519717,0.0
2021-11-08 22:50:00,0.207994239888424,-0.5650944608662126,-0.3429666775874908,-0.6521935725763257,0.35604763712030996,0.900095434298441,0.5,-0.48572494440873815,0.7634817690448775,0.3052013954118904,0.2795659954151007,0.8288479402519717,0.0
2021-11-08 23:00:00,0.21053075313807532,-0.5720344428736668,-0.34200662099776624,-0.6545753615425817,0.3561335017209564,0.9110722160356347,0.5,-0.5349932276551812,0.7561399627019009,0.306825123450379,0.2299259591571605,0.8811583759957257,0.0
2021-11-08 23:10:00,0.21306726638772663,-0.5789744248811208,-0.3410465614296353,-0.6569571576504196,0.3562193584693304,0.9220489420935412,0.5,-0.5349932276551812,0.7561399627019009,0.306825123450379,0.2299259591571605,0.8811583759957257,0.0
2021-11-08 23:20:00,0.21560378661087867,-0.5859144068885748,-0.3400864988830976,-0.6593389501874665,0.3563052178351285,0.9330257238307349,0.5,-0.5349932276551812,0.7561399627019009,0.306825123450379,0.2299259591571605,0.8811583759957257,0.0
2021-11-08 23:30:00,0.21814029986053,-0.5928543888960288,-0.33912643931496667,-0.6617207427245134,0.356391069348654,0.9440024498886416,0.5,-0.5349932276551812,0.7561399627019009,0.306825123450379,0.2299259591571605,0.8811583759957257,0.0
2021-11-08 23:40:00,0.22067681311018134,-0.5997943709034829,-0.33816637379002246,-0.6641025352615604,0.3564769208621795,0.9549792873051226,0.5,-0.5349932276551812,0.7561399627019009,0.306825123450379,0.2299259591571605,0.8811583759957257,0.0
2021-11-08 23:50:00,0.22321331938633193,-0.6067343529109369,-0.3372063142218914,-0.6664843313693982,0.35656278546282605,0.965956013363029,0.5,-0.5349932276551812,0.7561399627019009,0.306825123450379,0.2299259591571605,0.8811583759957257,0.0
2021-11-09 00:00:00,0.22574983960948397,-0.6136743349183911,-0.33624625465376035,-0.6688661239064453,0.3566486369763516,0.9769328507795101,0.5,-0.5394127454829079,0.7651972517794206,0.33103114973362063,0.19207680367953883,0.9544214788543943,0.0
2021-11-09 00:10:00,0.2282863528591353,-0.6206143169258451,-0.3352861950856293,-0.6712479164434922,0.3567345015769981,0.9879095768374165,0.5,-0.5394127454829079,0.7651972517794206,0.33103114973362063,0.19207680367953883,0.9544214788543943,0.0
2021-11-09 00:20:00,0.23082287308228733,-0.6275542989332992,-0.33432613551749824,-0.6736297089805392,0.35682035309052357,0.9988864142538976,0.5,-0.5394127454829079,0.7651972517794206,0.33103114973362063,0.19207680367953883,0.9544214788543943,0.0
2021-11-09 00:30:00,0.19386331938633192,-0.6344942809407532,-0.3331347728965004,-0.6500624888412783,0.40545209459371034,0.9933184855233853,0.5,-0.5394127454829079,0.7651972517794206,0.33103114973362063,0.19207680367953883,0.9544214788543943,0.0
2021-11-09 00:40:00,0.2099023709902371,-0.6414342629482073,-0.32688011913626225,-0.5718621674700946,0.42806663961995006,0.6438752783964365,0.5,-0.5394127454829079,0.7651972517794206,0.33103114973362063,0.19207680367953883,0.9544214788543943,0.013096549330838753
2021-11-09 00:50:00,0.22454672245467225,-0.26693227091633476,-0.3221146686522711,-0.49973219068023567,0.4286948214262345,0.00011135857461024499,0.5,-0.5394127454829079,0.7651972517794206,0.33103114973362063,0.19207680367953883,0.9544214788543943,0.08223818217481178
2021-11-09 01:00:00,0.21548117154811713,-0.5298804780876495,-0.31466865227103513,-0.43438671665773965,0.4243368101451362,0.00011135857461024499,0.5,-0.6074136580234359,0.7537923087753998,0.41525741301470526,0.19158473042982008,0.010562353665383203,0.08693060941201322
2021-11-09 01:10:00,0.23709902370990238,0.003984063745019917,-0.30364854802680574,-0.39475093733261923,0.4149271701718339,0.00011135857461024499,0.5,-0.6074136580234359,0.7537923087753998,0.41525741301470526,0.19158473042982008,0.010562353665383203,0.10202634398056643
2021-11-09 01:20:00,0.25732217573221755,0.22709163346613526,-0.2932241250930754,-0.360114265309766,0.4149271701718339,0.00011135857461024499,0.5,-0.6074136580234359,0.7537923087753998,0.41525741301470526,0.19158473042982008,0.010562353665383203,0.10640946331306488
2021-11-09 01:30:00,0.2301255230125523,0.394422310756972,-0.2833953834698437,-0.335832886984467,0.4195076625093246,0.00011135857461024499,0.5,-0.6074136580234359,0.7537923087753998,0.41525741301470526,0.19158473042982008,0.010562353665383203,0.07974108665147789
2021-11-09 01:40:00,0.17224546722454673,0.25099601593625476,-0.27714072970960546,-0.31440814140332085,0.42881260551491274,0.00011135857461024499,0.5,-0.6074136580234359,0.7537923087753998,0.41525741301470526,0.19158473042982008,0.010562353665383203,0.052876563513737804
2021-11-09 01:50:00,0.14435146443514643,0.394422310756972,-0.26909903201787055,-0.29048384217104095,0.42881260551491274,0.00011135857461024499,0.5,-0.6074136580234359,0.7537923087753998,0.41525741301470526,0.19158473042982008,0.010562353665383203,0.041017245801711
2021-11-09 02:00:00,0.15550906555090654,0.298804780876494,-0.2643335815338794,-0.2622745938225317,0.42881260551491274,0.00011135857461024499,0.5,-0.6108316159271676,0.757151436609036,0.4355275093439817,0.19690906280232792,0.037416611641107766,0.04001388113523545
2021-11-09 02:10:00,0.16387726638772665,0.19521912350597592,-0.2583767684288907,-0.24084984824138556,0.42881260551491274,0.00011135857461024499,0.5,-0.6108316159271676,0.757151436609036,0.4355275093439817,0.19690906280232792,0.037416611641107766,0.04566440846749249
2021-11-09 02:20:00,0.1903765690376569,-0.11553784860557781,-0.25331347728965015,-0.2237100517764684,0.42881260551491274,0.00011135857461024499,0.5,-0.6108316159271676,0.757151436609036,0.4355275093439817,0.19690906280232792,0.037416611641107766,0.04974576399052462
2021-11-09 02:30:00,0.15341701534170155,-0.6095617529880479,-0.2482501861504096,-0.2112122835207998,0.4252529086126343,0.00011135857461024499,0.5,-0.6108316159271676,0.757151436609036,0.4355275093439817,0.19690906280232792,0.037416611641107766,0.03140606847020837
2021-11-09 02:40:00,0.1087866108786611,-0.09960159362549814,-0.24259121370067016,-0.19407248705588287,0.4124013558257319,0.00011135857461024499,0.5,-0.6108316159271676,0.757151436609036,0.4355275093439817,0.19690906280232792,0.037416611641107766,0.003206240475579764
2021-11-09 02:50:00,0.10669456066945607,-0.019920318725099695,-0.24199553239017135,-0.1726477414747366,0.4124013558257319,0.00011135857461024499,0.5,-0.6108316159271676,0.757151436609036,0.4355275093439817,0.19690906280232792,0.037416611641107766,0.0
2021-11-09 03:00:00,0.10808926080892609,-0.17131474103585675,-0.23931496649292638,-0.15229423317264768,0.4124013558257319,0.00011135857461024499,0.5,-0.6147198190394778,0.7519906208783161,0.39955490778901226,0.21164344171908686,0.06202765232106389,0.003817312189749083
2021-11-09 03:10:00,0.10460251046025104,-0.6175298804780878,-0.23752792256142974,-0.13408319942867342,0.407860124851134,0.00011135857461024499,0.5,-0.6147198190394778,0.7519906208783161,0.39955490778901226,0.21164344171908686,0.06202765232106389,0.0
2021-11-09 03:20:00,0.09205020920502092,-0.3227091633466136,-0.23425167535368596,-0.12515622210319588,0.395937757652694,0.21169265033407575,0.5,-0.6147198190394778,0.7519906208783161,0.39955490778901226,0.21164344171908686,0.06202765232106389,0.0
2021-11-09 03:30:00,0.0885634588563459,-0.32470119521912355,-0.24437825763216692,-0.15586502410283876,0.395937757652694,0.9992204899777284,0.5,-0.6147198190394778,0.7519906208783161,0.39955490778901226,0.21164344171908686,0.06202765232106389,0.0
2021-11-09 03:40:00,0.09832635983263598,-0.3266932270916335,-0.2551005212211468,-0.1855025888234243,0.395937757652694,0.9992204899777284,0.5,-0.6147198190394778,0.7519906208783161,0.39955490778901226,0.21164344171908686,0.06202765232106389,0.0
2021-11-09 03:50:00,0.09274755927475593,-0.32868525896414336,-0.2595681310498884,-0.2126405998928762,0.395937757652694,0.9992204899777284,0.5,-0.6147198190394778,0.7519906208783161,0.39955490778901226,0.21164344171908686,0.06202765232106389,0.0
2021-11-09 04:00:00,0.0885634588563459,-0.3306772908366534,-0.26612062546537607,-0.23335118728798432,0.395937757652694,0.9992204899777284,0.5,-0.6544721656794709,0.738976514840221,0.44774123121549947,0.23337248800599794,0.08632037046038903,0.0
2021-11-09 04:10:00,0.06485355648535565,-0.3326693227091634,-0.27654504839910654,-0.25049098375290113,0.395937757652694,0.9992204899777284,0.5,-0.6544721656794709,0.738976514840221,0.44774123121549947,0.23337248800599794,0.08632037046038903,0.0
2021-11-09 04:20:00,0.056485355648535567,-0.33466135458167334,-0.2905435591958303,-0.2683449384038563,0.395937757652694,0.9992204899777284,0.5,-0.6544721656794709,0.738976514840221,0.44774123121549947,0.23337248800599794,0.08632037046038903,0.0
2021-11-09 04:30:00,0.059274755927475595,-0.3366533864541834,-0.29947877885331353,-0.2833422603106588,0.395937757652694,0.9992204899777284,0.5,-0.6544721656794709,0.738976514840221,0.44774123121549947,0.23337248800599794,0.08632037046038903,0.0
2021-11-09 04:40:00,0.09065550906555091,-0.33864541832669326,-0.3063291139240507,-0.2961971076593465,0.395937757652694,0.9992204899777284,0.5,-0.6544721656794709,0.738976514840221,0.44774123121549947,0.23337248800599794,0.08632037046038903,0.0
2021-11-09 04:50:00,0.0899581589958159,-0.1633466135458168,-0.3131794489947879,-0.30798071772897684,0.395937757652694,0.9992204899777284,0.5,-0.6544721656794709,0.738976514840221,0.44774123121549947,0.23337248800599794,0.08632037046038903,0.0
2021-11-09 05:00:00,0.09693165969316596,-0.3784860557768924,-0.3173492181682801,-0.31762185324049275,0.395937757652694,0.9992204899777284,0.5,-0.6593100313085452,0.7267756108354146,0.42831990181543295,0.2662153035490547,0.09927849114691709,0.0
2021-11-09 05:10:00,0.0899581589958159,-0.35434021489798395,-0.3164556962025318,-0.32869130512408495,0.395937757652694,0.9992204899777284,0.5,-0.6593100313085452,0.7267756108354146,0.42831990181543295,0.2662153035490547,0.09927849114691709,0.0
2021-11-09 05:20:00,0.09553695955369597,-0.33019437401907525,-0.31883842144452734,-0.34297446884484917,0.395937757652694,0.9992204899777284,0.5,-0.6593100313085452,0.7267756108354146,0.42831990181543295,0.2662153035490547,0.09927849114691709,0.0
2021-11-09 05:30:00,0.09623430962343095,-0.30604853314016667,-0.32360387192851836,-0.3536868416354222,0.395937757652694,0.9992204899777284,0.5,-0.6593100313085452,0.7267756108354146,0.42831990181543295,0.2662153035490547,0.09927849114691709,0.0
2021-11-09 05:40:00,0.09902370990237098,-0.2819026922612581,-0.31883842144452734,-0.3629708980539189,0.395937757652694,0.9992204899777284,0.5,-0.6593100313085452,0.7267756108354146,0.42831990181543295,0.2662153035490547,0.09927849114691709,0.0
2021-11-09 05:50:00,0.08507670850767085,-0.2577568513823495,-0.3244973938942667,-0.37368327084449204,0.395937757652694,0.9992204899777284,0.5,-0.6593100313085452,0.7267756108354146,0.42831990181543295,0.2662153035490547,0.09927849114691709,0.0
2021-11-09 06:00:00,0.09832635983263598,-0.2336110105034409,-0.3334326135517499,-0.3811819317978933,0.395937757652694,0.9992204899777284,0.5,-0.6823675223624127,0.7286807449275463,0.5589886675094734,0.35416145402522403,0.09620782775515707,0.0
2021-11-09 06:10:00,0.10251046025104603,-0.2094651696245322,-0.3376023827252421,-0.3886805927512945,0.395937757652694,0.9992204899777284,0.5,-0.6823675223624127,0.7286807449275463,0.5589886675094734,0.35416145402522403,0.09620782775515707,0.0
2021-11-09 06:20:00,0.08368200836820083,-0.18531932874562362,-0.34236783320923314,-0.39760757007677205,0.395937757652694,0.9992204899777284,0.5,-0.6823675223624127,0.7286807449275463,0.5589886675094734,0.35416145402522403,0.09620782775515707,0.0
2021-11-09 06:30:00,0.0502092050209205,-0.16117348786671504,-0.3489203276247208,-0.4033208355650776,0.395937757652694,0.9992204899777284,0.5,-0.6823675223624127,0.7286807449275463,0.5589886675094734,0.35416145402522403,0.09620782775515707,0.0
2021-11-09 06:40:00,0.059274755927475595,-0.13702764698780645,-0.3516008935219658,-0.4065345474022497,0.395937757652694,0.9992204899777284,0.5,-0.6823675223624127,0.7286807449275463,0.5589886675094734,0.35416145402522403,0.09620782775515707,0.0
2021-11-09 06:50:00,0.06834030683403068,-0.11288180610889786,-0.3521965748324647,-0.41046241742545975,0.395937757652694,0.9992204899777284,0.5,-0.6823675223624127,0.7286807449275463,0.5589886675094734,0.35416145402522403,0.09620782775515707,0.0
2021-11-09 07:00:00,0.06834030683403068,-0.08873596522998906,-0.3524944154877142,-0.4176039992858417,0.395937757652694,0.9992204899777284,0.5,-0.6843574010338791,0.7250687486171252,0.5776502534950924,0.35013333885902864,0.10219731005217078,0.0
2021-11-09 07:10:00,0.07601115760111576,-0.06459012435108069,-0.35338793745346253,-0.42188894840207114,0.395937757652694,0.9992204899777284,0.5,-0.6843574010338791,0.7250687486171252,0.5776502534950924,0.35013333885902864,0.10219731005217078,0.0
2021-11-09 07:20:00,0.07740585774058578,-0.04044428347217188,-0.3521965748324647,-0.42760221389037667,0.395937757652694,0.9992204899777284,0.5,-0.6843574010338791,0.7250687486171252,0.5776502534950924,0.35013333885902864,0.10219731005217078,0.0
2021-11-09 07:30:00,0.09623430962343095,-0.016298442593263296,-0.35398361876396145,-0.4308159257275487,0.395937757652694,0.9992204899777284,0.5,-0.6843574010338791,0.7250687486171252,0.5776502534950924,0.35013333885902864,0.10219731005217078,0.0
2021-11-09 07:40:00,0.10181311018131102,0.00784739828564529,-0.35398361876396145,-0.43795750758793073,0.395937757652694,0.9992204899777284,0.5,-0.6843574010338791,0.7250687486171252,0.5776502534950924,0.35013333885902864,0.10219731005217078,0.0
2021-11-09 07:50:00,0.10529986052998605,0.03199323916455388,-0.3566641846612064,-0.4447420103552937,0.395937757652694,0.9992204899777284,0.5,-0.6843574010338791,0.7250687486171252,0.5776502534950924,0.35013333885902864,0.10219731005217078,0.0
2021-11-09 08:00:00,0.10808926080892609,0.056139080043462464,-0.35904690990320187,-0.44902695947152294,0.395937757652694,0.9992204899777284,0.5,-0.691597422873482,0.7278129462913108,0.6747603244767618,0.37825675172039713,0.10615657942193377,0.0
2021-11-09 08:10:00,0.06624825662482565,0.08028492092237105,-0.36291883842144457,-0.4558114622388859,0.395937757652694,0.9992204899777284,0.5,-0.691597422873482,0.7278129462913108,0.6747603244767618,0.37825675172039713,0.10615657942193377,0.0
2021-11-09 08:20:00,0.02092050209205021,0.10443076180127964,-0.37423678332092347,-0.4575968577039814,0.395937757652694,0.9992204899777284,0.5,-0.691597422873482,0.7278129462913108,0.6747603244767618,0.37825675172039713,0.10615657942193377,0.0
2021-11-09 08:30:00,0.015341701534170154,0.12857660268018822,-0.38525688756515275,-0.45973933226209607,0.395937757652694,0.9992204899777284,0.5,-0.691597422873482,0.7278129462913108,0.6747603244767618,0.37825675172039713,0.10615657942193377,0.0
2021-11-09 08:40:00,0.013947001394700141,0.1527224435590968,-0.3921072226358898,-0.4636672022853062,0.395937757652694,0.9992204899777284,0.5,-0.691597422873482,0.7278129462913108,0.6747603244767618,0.37825675172039713,0.10615657942193377,0.0
2021-11-09 08:50:00,0.011157601115760111,0.1768682844380054,-0.3938942665673866,-0.4668809141224781,0.395937757652694,0.9992204899777284,0.5,-0.691597422873482,0.7278129462913108,0.6747603244767618,0.37825675172039713,0.10615657942193377,0.0
2021-11-09 09:00:00,0.015341701534170154,0.2010141253169142,-0.3938942665673866,-0.4668809141224781,0.395937757652694,0.9992204899777284,0.5,-0.6871280088238934,0.7334220288672372,0.6852498815239051,0.3517643734521656,0.09841048075591648,0.0
2021-11-09 09:10:00,0.019525801952580198,0.22515996619582257,-0.3912137006701416,-0.4640242813783253,0.395937757652694,0.9992204899777284,0.5,-0.6871280088238934,0.7334220288672372,0.6852498815239051,0.3517643734521656,0.09841048075591648,0.0
2021-11-09 09:20:00,0.03138075313807531,0.24930580707473138,-0.38525688756515275,-0.4575968577039814,0.395937757652694,0.9992204899777284,0.5,-0.6871280088238934,0.7334220288672372,0.6852498815239051,0.3517643734521656,0.09841048075591648,0.0
2021-11-09 09:30:00,0.044630404463040445,0.27345164795363974,-0.3798957557706627,-0.449384038564542,0.395937757652694,0.9992204899777284,0.5,-0.6871280088238934,0.7334220288672372,0.6852498815239051,0.3517643734521656,0.09841048075591648,0.0
2021-11-09 09:40:00,0.055788005578800565,0.29759748883254855,-0.37393894266567396,-0.4418853776111408,0.395937757652694,0.9992204899777284,0.5,-0.6871280088238934,0.7334220288672372,0.6852498815239051,0.3517643734521656,0.09841048075591648,0.0
2021-11-09 09:50:00,0.058577405857740586,0.32174332971145736,-0.3682799702159346,-0.4315300839135868,0.395937757652694,0.9992204899777284,0.5,-0.6871280088238934,0.7334220288672372,0.6852498815239051,0.3517643734521656,0.09841048075591648,0.0
2021-11-09 10:00:00,0.04184100418410042,0.3458891705903657,-0.3605361131794491,-0.4226031065881092,0.395937757652694,0.9992204899777284,0.5,-0.4460469084521065,0.7550078015672104,0.5159682442216827,0.23043445956008599,0.10533527262759533,0.0
2021-11-09 10:10:00,0.028591352859135284,0.37003501146927453,-0.35368577810871193,-0.4111765756114979,0.395937757652694,0.9992204899777284,0.5,-0.4460469084521065,0.7550078015672104,0.5159682442216827,0.23043445956008599,0.10533527262759533,0.0
2021-11-09 10:20:00,0.02092050209205021,0.3941808523481829,-0.348324646314222,-0.39725049098375276,0.395937757652694,0.9992204899777284,0.5,-0.4460469084521065,0.7550078015672104,0.5159682442216827,0.23043445956008599,0.10533527262759533,0.0
2021-11-09 10:30:00,0.027894002789400282,0.4183266932270917,-0.3402829486224871,-0.383681485449027,0.395937757652694,0.9992204899777284,0.5,-0.4460469084521065,0.7550078015672104,0.5159682442216827,0.23043445956008599,0.10533527262759533,0.0
2021-11-09 10:40:00,0.044630404463040445,0.015936254980079667,-0.3331347728965004,-0.3711837171933583,0.395937757652694,0.9992204899777284,0.5,-0.4460469084521065,0.7550078015672104,0.5159682442216827,0.23043445956008599,0.10533527262759533,0.0
2021-11-09 10:50:00,0.026499302649930265,-0.38645418326693237,-0.32688011913626225,-0.3583288698446706,0.395937757652694,0.9992204899777284,0.5,-0.4460469084521065,0.7550078015672104,0.5159682442216827,0.23043445956008599,0.10533527262759533,0.0
2021-11-09 11:00:00,0.024407252440725242,-0.3003984063745021,-0.3218168279970217,-0.3469023388680593,0.395937757652694,0.9992204899777284,0.5,-0.3890958744563029,0.7575364863350463,0.4109308955600727,0.10157837807227703,0.17808793370663256,0.0
2021-11-09 11:10:00,0.048814504881450484,-0.21434262948207183,-0.3137751303052868,-0.3340474915193715,0.395937757652694,0.9992204899777284,0.5,-0.3890958744563029,0.7575364863350463,0.4109308955600727,0.10157837807227703,0.17808793370663256,0.0
2021-11-09 11:20:00,0.05369595536959554,-0.12828685258964156,-0.3015636634400597,-0.32226388144974105,0.395937757652694,0.9992204899777284,0.5,-0.3890958744563029,0.7575364863350463,0.4109308955600727,0.10157837807227703,0.17808793370663256,0.0
2021-11-09 11:30:00,0.06624825662482565,-0.042231075697211296,-0.2914370811615786,-0.3119085877521871,0.395937757652694,0.9992204899777284,0.5,-0.3890958744563029,0.7575364863350463,0.4109308955600727,0.10157837807227703,0.17808793370663256,0.0
2021-11-09 11:40:00,0.09274755927475593,0.043824701195219085,-0.2816083395383471,-0.30440992679878587,0.395937757652694,0.9992204899777284,0.5,-0.3890958744563029,0.7575364863350463,0.4109308955600727,0.10157837807227703,0.17808793370663256,0.0
2021-11-09 11:50:00,0.11854951185495119,0.12988047808764924,-0.2705882352941178,-0.3026245313336904,0.395937757652694,0.9992204899777284,0.5,-0.3890958744563029,0.7575364863350463,0.4109308955600727,0.10157837807227703,0.17808793370663256,0.0
2021-11-09 12:00:00,0.14644351464435149,0.21593625498007962,-0.26403574087863,-0.3026245313336904,0.395937757652694,0.9992204899777284,0.5,-0.3792837290621812,0.768998899447426,0.3487426443052786,0.0780724417917419,0.5510950192112722,0.0
2021-11-09 12:10:00,0.16387726638772665,0.3019920318725098,-0.2580789277736413,-0.3058382431708624,0.395937757652694,0.9992204899777284,0.5,-0.3792837290621812,0.768998899447426,0.3487426443052786,0.0780724417917419,0.5510950192112722,0.0
2021-11-09 12:20:00,0.1903765690376569,0.3880478087649404,-0.2515264333581535,-0.30619532226388146,0.38723482221146166,0.9752783964365256,0.5,-0.3792837290621812,0.768998899447426,0.3487426443052786,0.0780724417917419,0.5510950192112722,0.0
2021-11-09 12:30:00,0.199442119944212,0.47410358565737054,-0.2440804169769174,-0.301196214961614,0.3427386109329808,0.01826280623608018,0.5,-0.3792837290621812,0.768998899447426,0.3487426443052786,0.0780724417917419,0.5510950192112722,0.061612625797788076
2021-11-09 12:40:00,0.23849372384937237,0.17928286852589648,-0.2244229337304543,-0.27441528298518114,0.34673018282707985,0.00033407572383073496,0.5,-0.3792837290621812,0.768998899447426,0.3487426443052786,0.0780724417917419,0.5510950192112722,0.09968767445720234
2021-11-09 12:50:00,0.22733612273361226,-0.08366533864541836,-0.21221146686522718,-0.24906266738082483,0.35962099697687505,0.00033407572383073496,0.5,-0.3792837290621812,0.768998899447426,0.3487426443052786,0.0780724417917419,0.5510950192112722,0.10275812121852228
2021-11-09 13:00:00,0.2712691771269177,-0.31474103585657376,-0.2050632911392406,-0.22442420996250667,0.35602203871170385,0.010356347438752784,0.5,-0.2175505624498245,0.7670133072035908,0.20470069520770695,0.2225686196621375,0.6621835268948154,0.13858502949741236
2021-11-09 13:10:00,0.28870292887029286,-0.06772908366533881,-0.19463886820551013,-0.2029994643813604,0.3597126068236249,0.02071269487750557,0.5,-0.2175505624498245,0.7670133072035908,0.20470069520770695,0.2225686196621375,0.6621835268948154,0.1550915098752207
2021-11-09 13:20:00,0.25662482566248257,-0.003984063745020028,-0.18749069247952344,-0.18585966791644348,0.36399209537893756,0.0020044543429844097,0.5,-0.2175505624498245,0.7670133072035908,0.20470069520770695,0.2225686196621375,0.6621835268948154,0.13103339016551746
2021-11-09 13:30:00,0.26638772663877264,-0.12350597609561753,-0.1815338793745348,-0.16871987145152645,0.3574354477758438,0.00022271714922048998,0.5,-0.2175505624498245,0.7670133072035908,0.20470069520770695,0.2225686196621375,0.6621835268948154,0.15710578330340844
2021-11-09 13:40:00,0.2873082287308229,-0.019920318725099695,-0.16753536857781093,-0.15300839135868594,0.3604716598395519,0.00022271714922048998,0.5,-0.2175505624498245,0.7670133072035908,0.20470069520770695,0.2225686196621375,0.6621835268948154,0.1569850777796219
2021-11-09 13:50:00,0.32566248256624825,-0.14741035856573714,-0.16038719285182446,-0.1390823067309409,0.35243616756749685,0.00033407572383073496,0.5,-0.2175505624498245,0.7670133072035908,0.20470069520770695,0.2225686196621375,0.6621835268948154,0.22774114700423978
2021-11-09 14:00:00,0.28172942817294283,0.19521912350597592,-0.15026061057334328,-0.13408319942867342,0.36236929237936943,0.00033407572383073496,0.5,-0.20621571510858272,0.7532635837784899,0.19276317449737543,0.3348712116531707,0.6944777396492676,0.17818398539463162
2021-11-09 14:10:00,0.32496513249651326,-0.003984063745020028,-0.14787788533134782,-0.1247991430101768,0.36356022038711705,0.00033407572383073496,0.5,-0.20621571510858272,0.7532635837784899,0.19276317449737543,0.3348712116531707,0.6944777396492676,0.22173604719585982
2021-11-09 14:20:00,0.2712691771269177,-0.0916334661354582,-0.14400595681310513,-0.1183717193358329,0.3667665650233605,0.00033407572383073496,0.5,-0.20621571510858272,0.7532635837784899,0.19276317449737543,0.3348712116531707,0.6944777396492676,0.15031609759041598
2021-11-09 14:30:00,0.3096234309623431,0.027888446215139417,-0.13685778108711855,-0.10266023924299217,0.3652353718705422,0.00022271714922048998,0.5,-0.20621571510858272,0.7532635837784899,0.19276317449737543,0.3348712116531707,0.6944777396492676,0.1930835734870317
2021-11-09 14:40:00,0.2789400278940028,-0.298804780876494,-0.1309009679821297,-0.09801821103374397,0.3703524361675675,0.00022271714922048998,0.5,-0.20621571510858272,0.7532635837784899,0.19276317449737543,0.3348712116531707,0.6944777396492676,0.16706398901579733
2021-11-09 14:50:00,0.28661087866108786,-0.33864541832669326,-0.12822040208488483,-0.08766291733619003,0.3659682506445407,0.00022271714922048998,0.5,-0.20621571510858272,0.7532635837784899,0.19276317449737543,0.3348712116531707,0.6944777396492676,0.17945893748962688
2021-11-09 15:00:00,0.2635983263598326,0.03585657370517925,-0.12196574832464646,-0.0783788609176932,0.3615840651215139,0.00033407572383073496,0.5,-0.20280386082022595,0.7405511958092809,0.18903648784733915,0.3886838804377964,0.7030132184624774,0.15835055901745704
2021-11-09 15:10:00,0.301255230125523,-0.47410358565737054,-0.11481757259865988,-0.073736832708445,0.35632304249388175,0.00033407572383073496,0.5,-0.20280386082022595,0.7405511958092809,0.18903648784733915,0.3886838804377964,0.7030132184624774,0.20126891681880593
2021-11-09 15:20:00,0.3089260808926081,0.09163346613545809,-0.11362620997766204,-0.07766470273165504,0.36350787190326,0.00033407572383073496,0.5,-0.20280386082022595,0.7405511958092809,0.18903648784733915,0.3886838804377964,0.7030132184624774,0.19936780481916802
2021-11-09 15:30:00,0.300557880055788,-0.059760956175298974,-0.10469099032017881,-0.07195143724334929,0.3681276256036435,0.00022271714922048998,0.5,-0.20280386082022595,0.7405511958092809,0.18903648784733915,0.3886838804377964,0.7030132184624774,0.19894533548591517
2021-11-09 15:40:00,0.32496513249651326,-0.09960159362549814,-0.13387937453462406,-0.08873415461524714,0.3664917354831111,0.00022271714922048998,0.5,-0.20280386082022595,0.7405511958092809,0.18903648784733915,0.3886838804377964,0.7030132184624774,0.2421805452872037
2021-11-09 15:50:00,0.299163179916318,0.17928286852589648,-0.17617274758004486,-0.15622210319585772,0.3576186674693434,0.00033407572383073496,0.5,-0.20280386082022595,0.7405511958092809,0.18903648784733915,0.3886838804377964,0.7030132184624774,0.20639890157973353
2021-11-09 16:00:00,0.3410041841004184,-0.01195219123505975,-0.18778853313477306,-0.18585966791644348,0.3717527581107432,0.00033407572383073496,0.5,-0.19077687016609512,0.7355943989632403,0.2068302847852092,0.4182025254652576,0.7104772518684968,0.24851004119076
2021-11-09 16:10:00,0.3193863319386332,0.346613545816733,-0.19136262099776635,-0.1933583288698446,0.3674209210715735,0.00033407572383073496,0.5,-0.19077687016609512,0.7355943989632403,0.2068302847852092,0.4182025254652576,0.7104772518684968,0.23464399414578208
2021-11-09 16:20:00,0.31520223152022314,-0.23505976095617542,-0.19136262099776635,-0.20228530619532226,0.3811231367211527,0.00033407572383073496,0.5,-0.19077687016609512,0.7355943989632403,0.2068302847852092,0.4182025254652576,0.7104772518684968,0.2225658976718922
2021-11-09 16:30:00,0.29707112970711297,-0.33864541832669326,-0.19136262099776635,-0.2051419389394752,0.37443561790841634,0.00033407572383073496,0.5,-0.19077687016609512,0.7355943989632403,0.2068302847852092,0.4182025254652576,0.7104772518684968,0.19174072453490654
2021-11-09 16:40:00,0.25174337517433754,0.05179282868525892,-0.19046909903201792,-0.20978396714872327,0.3674209210715735,0.00022271714922048998,0.5,-0.19077687016609512,0.7355943989632403,0.2068302847852092,0.4182025254652576,0.7104772518684968,0.1454124356865881
2021-11-09 16:50:00,0.2391910739191074,0.17131474103585642,-0.19136262099776635,-0.21514015354400995,0.3674209210715735,0.00033407572383073496,0.5,-0.19077687016609512,0.7355943989632403,0.2068302847852092,0.4182025254652576,0.7104772518684968,0.12996212864191198
2021-11-09 17:00:00,0.2398884239888424,0.05179282868525892,-0.19166046165301565,-0.22049633993929663,0.3674209210715735,0.00022271714922048998,0.5,-0.19979100954131834,0.733643288784424,0.20580790932080006,0.4258361340564242,0.7142911642268914,0.13019599559424838
2021-11-09 17:10:00,0.24267782426778242,0.22709163346613526,-0.19463886820551013,-0.22335297268344934,0.3674209210715735,0.00022271714922048998,0.5,-0.19979100954131834,0.733643288784424,0.20580790932080006,0.4258361340564242,0.7142911642268914,0.13213482807006957
2021-11-09 17:20:00,0.25592747559274753,-0.24302788844621515,-0.1973194341027551,-0.22799500089269775,0.36198976587140597,0.00022271714922048998,0.5,-0.19979100954131834,0.733643288784424,0.20580790932080006,0.4258361340564242,0.7142911642268914,0.1377702672118533
2021-11-09 17:30:00,0.1799163179916318,0.019920318725099362,-0.1973194341027551,-0.23085163363685057,0.3535223986075303,0.00022271714922048998,0.5,-0.19979100954131834,0.733643288784424,0.20580790932080006,0.4258361340564242,0.7142911642268914,0.07246857884333932
2021-11-09 17:40:00,0.20641562064156208,-0.21912350597609564,-0.1973194341027551,-0.23299410819496513,0.3535223986075303,0.00022271714922048998,0.5,-0.19979100954131834,0.733643288784424,0.20580790932080006,0.4258361340564242,0.7142911642268914,0.09261885722045356
2021-11-09 17:50:00,0.20781032078103207,0.2828685258964143,-0.20000000000000007,-0.2351365827530797,0.34110272081244847,0.00033407572383073496,0.5,-0.19979100954131834,0.733643288784424,0.20580790932080006,0.4258361340564242,0.7142911642268914,0.09446716055343483
2021-11-09 18:00:00,0.201534170153417,0.3227091633466135,-0.20000000000000007,-0.2415640064274236,0.35357474709138736,0.00022271714922048998,0.5,-0.3540653246939939,0.7401862606211943,0.2280943502152099,0.3912838096825668,0.7037493227869419,0.08639497865021048
2021-11-09 18:10:00,0.16596931659693165,0.22709163346613526,-0.2011913626209978,-0.2447777182645956,0.3638481370483307,0.00033407572383073496,0.5,-0.3540653246939939,0.7401862606211943,0.2280943502152099,0.3912838096825668,0.7037493227869419,0.06149192027400154
2021-11-09 18:20:00,0.1631799163179916,0.298804780876494,-0.20565897244973952,-0.24549187645063375,0.37003834526442525,0.00033407572383073496,0.5,-0.3540653246939939,0.7401862606211943,0.2280943502152099,0.3912838096825668,0.7037493227869419,0.0697074399867224
2021-11-09 18:30:00,0.20432357043235705,0.1633466135458166,-0.21161578555472838,-0.2512051419389395,0.3817644056484015,0.00022271714922048998,0.5,-0.3540653246939939,0.7401862606211943,0.2280943502152099,0.3912838096825668,0.7037493227869419,0.08990298293525657
2021-11-09 18:40:00,0.16945606694560672,-0.2270916334661356,-0.21399851079672383,-0.2540617746830922,0.386541204800356,0.00022271714922048998,0.5,-0.3540653246939939,0.7401862606211943,0.2280943502152099,0.3912838096825668,0.7037493227869419,0.059560631893417024
2021-11-09 18:50:00,0.14574616457461645,-0.10756972111553798,-0.21757259865971712,-0.256204249241207,0.386541204800356,0.00022271714922048998,0.5,-0.3540653246939939,0.7401862606211943,0.2280943502152099,0.3912838096825668,0.7037493227869419,0.043401179896495015
2021-11-09 19:00:00,0.09832635983263598,-0.26693227091633476,-0.22144452717795982,-0.2558471701481878,0.385939197236,0.007238307349665925,0.5,-0.3630061873316295,0.7607289508544384,0.24613480062346899,0.32940708122340556,0.6687800164567462,0.005590174570363777
2021-11-09 19:10:00,0.09762900976290097,-0.42629482071713154,-0.2241250930752049,-0.2526334583110159,0.3700645195063538,0.2920935412026726,0.5,-0.3630061873316295,0.7607289508544384,0.24613480062346899,0.32940708122340556,0.6687800164567462,0.0
2021-11-09 19:20:00,0.12412831241283125,-0.4382470119521914,-0.21221146686522718,-0.23799321549723262,0.3700645195063538,0.9993318485523385,0.5,-0.3630061873316295,0.7607289508544384,0.24613480062346899,0.32940708122340556,0.6687800164567462,0.0
2021-11-09 19:30:00,0.10460251046025104,-0.45019920318725104,-0.19702159344750558,-0.20335654347437948,0.3700645195063538,0.9993318485523385,0.5,-0.3630061873316295,0.7607289508544384,0.24613480062346899,0.32940708122340556,0.6687800164567462,0.0
2021-11-09 19:40:00,0.09832635983263598,-0.4621513944223108,-0.193149664929263,-0.19550080342795917,0.3700645195063538,0.9993318485523385,0.5,-0.3630061873316295,0.7607289508544384,0.24613480062346899,0.32940708122340556,0.6687800164567462,0.0
2021-11-09 19:50:00,0.08368200836820083,-0.47410358565737054,-0.19195830230826516,-0.19728619889305476,0.3700645195063538,0.9993318485523385,0.5,-0.3630061873316295,0.7607289508544384,0.24613480062346899,0.32940708122340556,0.6687800164567462,0.0
2021-11-09 20:00:00,0.09832635983263598,-0.5617529880478087,-0.1973194341027551,-0.20442778075343682,0.3700645195063538,0.9993318485523385,0.5,-0.3730788870607691,0.7620967394334022,0.24364036681238882,0.3043093384277545,0.6814053035765307,0.0
2021-11-09 20:10:00,0.09832635983263598,-0.14741035856573714,-0.1973194341027551,-0.20978396714872327,0.3700645195063538,0.9993318485523385,0.5,-0.3730788870607691,0.7620967394334022,0.24364036681238882,0.3043093384277545,0.6814053035765307,0.0
2021-11-09 20:20:00,0.09762900976290097,0.2350597609561753,-0.1973194341027551,-0.21692554900910554,0.3700645195063538,0.9993318485523385,0.5,-0.3730788870607691,0.7620967394334022,0.24364036681238882,0.3043093384277545,0.6814053035765307,0.0
2021-11-09 20:30:00,0.08507670850767085,0.298804780876494,-0.1973194341027551,-0.22335297268344934,0.3700645195063538,0.9993318485523385,0.5,-0.3730788870607691,0.7620967394334022,0.24364036681238882,0.3043093384277545,0.6814053035765307,0.0
2021-11-09 20:40:00,0.07461645746164575,0.24780876494023896,-0.19940431868950126,-0.23120871272986965,0.3700645195063538,0.9993318485523385,0.5,-0.3730788870607691,0.7620967394334022,0.24364036681238882,0.3043093384277545,0.6814053035765307,0.0
2021-11-09 20:50:00,0.08507670850767085,0.19681274900398393,-0.21399851079672383,-0.24120692733440452,0.3700645195063538,0.9993318485523385,0.5,-0.3730788870607691,0.7620967394334022,0.24364036681238882,0.3043093384277545,0.6814053035765307,0.0
2021-11-09 21:00:00,0.09553695955369597,0.1458167330677289,-0.22561429635145203,-0.2515622210319586,0.3700645195063538,0.9993318485523385,0.5,-0.3858794359192096,0.7592519690695894,0.2645280479235646,0.27783121751813994,0.7460436757249865,0.0
2021-11-09 21:10:00,0.11576011157601115,0.09482071713147411,-0.23067758749069256,-0.25977504017139796,0.3700645195063538,0.9993318485523385,0.5,-0.3858794359192096,0.7592519690695894,0.2645280479235646,0.27783121751813994,0.7460436757249865,0.0
2021-11-09 21:20:00,0.12831241283124128,0.043824701195219085,-0.2276991809381982,-0.26620246384574175,0.3700645195063538,0.9993318485523385,0.5,-0.3858794359192096,0.7592519690695894,0.2645280479235646,0.27783121751813994,0.7460436757249865,0.0
2021-11-09 21:30:00,0.12761506276150628,-0.50597609561753,-0.22293373045420706,-0.27227280842706647,0.3700645195063538,0.9993318485523385,0.5,-0.3858794359192096,0.7592519690695894,0.2645280479235646,0.27783121751813994,0.7460436757249865,0.0
2021-11-09 21:40:00,0.1290097629009763,-0.2828685258964144,-0.2211466865227104,-0.28048562756650597,0.3700645195063538,0.9993318485523385,0.5,-0.3858794359192096,0.7592519690695894,0.2645280479235646,0.27783121751813994,0.7460436757249865,0.0
2021-11-09 21:50:00,0.11018131101813111,-0.6653386454183268,-0.2211466865227104,-0.2883413676129263,0.3700645195063538,0.9993318485523385,0.5,-0.3858794359192096,0.7592519690695894,0.2645280479235646,0.27783121751813994,0.7460436757249865,0.0
2021-11-09 22:00:00,0.10599721059972106,-0.5325365205843295,-0.22323157110945657,-0.29833958221746115,0.3700645195063538,0.9993318485523385,0.5,-0.4532003790245088,0.7530825529371549,0.3266796498966402,0.2750593591745619,0.8181223801961582,0.0
2021-11-09 22:10:00,0.10669456066945607,-0.3997343957503321,-0.2285927029039465,-0.30476700589180505,0.3700645195063538,0.9993318485523385,0.5,-0.4532003790245088,0.7530825529371549,0.3266796498966402,0.2750593591745619,0.8181223801961582,0.0
2021-11-09 22:20:00,0.11297071129707113,-0.26693227091633476,-0.23425167535368596,-0.3133369041242635,0.3700645195063538,0.9993318485523385,0.5,-0.4532003790245088,0.7530825529371549,0.3266796498966402,0.2750593591745619,0.8181223801961582,0.0
2021-11-09 22:30:00,0.1324965132496513,0.346613545816733,-0.24139985107967243,-0.3211926441706838,0.3700645195063538,0.9993318485523385,0.5,-0.4532003790245088,0.7530825529371549,0.3266796498966402,0.2750593591745619,0.8181223801961582,0.0
2021-11-09 22:40:00,0.1317991631799163,0.22177954847277537,-0.24854802680565913,-0.32726298875200854,0.3700645195063538,0.9993318485523385,0.5,-0.4532003790245088,0.7530825529371549,0.3266796498966402,0.2750593591745619,0.8181223801961582,0.0
2021-11-09 22:50:00,0.13737796373779637,0.09694555112881797,-0.2524199553239018,-0.33511872879842897,0.3700645195063538,0.9993318485523385,0.5,-0.4532003790245088,0.7530825529371549,0.3266796498966402,0.2750593591745619,0.8181223801961582,0.0
2021-11-09 23:00:00,0.09414225941422595,-0.02788844621513953,-0.24914370811615805,-0.3394036779146581,0.3700645195063538,0.9993318485523385,0.5,-0.4959981629118315,0.7549043553721624,0.3777956332063797,0.2653005362316254,0.8806597534971576,0.0
2021-11-09 23:10:00,0.07810320781032079,-0.856573705179283,-0.2479523454951601,-0.34618818068202095,0.3700645195063538,0.9993318485523385,0.5,-0.4959981629118315,0.7549043553721624,0.3777956332063797,0.2653005362316254,0.8806597534971576,0.0
2021-11-09 23:20:00,0.06834030683403068,0.4581673306772909,-0.254504839910648,-0.35118728798428844,0.3700645195063538,0.9993318485523385,0.5,-0.4959981629118315,0.7549043553721624,0.3777956332063797,0.2653005362316254,0.8806597534971576,0.0
2021-11-09 23:30:00,0.06834030683403068,0.5298804780876492,-0.2598659717051379,-0.3569005534725942,0.3700645195063538,0.9993318485523385,0.5,-0.4959981629118315,0.7549043553721624,0.3777956332063797,0.2653005362316254,0.8806597534971576,0.0
2021-11-09 23:40:00,0.059274755927475595,0.5155378486055775,-0.2598659717051379,-0.3615425816818424,0.3700645195063538,0.9993318485523385,0.5,-0.4959981629118315,0.7549043553721624,0.3777956332063797,0.2653005362316254,0.8806597534971576,0.0
2021-11-09 23:50:00,0.059274755927475595,0.5011952191235058,-0.26195085629188397,-0.3676129262631672,0.3700645195063538,0.9993318485523385,0.5,-0.4959981629118315,0.7549043553721624,0.3777956332063797,0.2653005362316254,0.8806597534971576,0.0
2021-11-10 00:00:00,0.06415620641562064,0.4868525896414342,-0.26582278481012667,-0.3743974290305303,0.3700645195063538,0.9993318485523385,0.5,-0.5093626124541104,0.7456430474099673,0.4279658367823605,0.23804001451536888,0.9223060241467327,0.0
2021-11-10 00:10:00,0.059274755927475595,0.47250996015936253,-0.26582278481012667,-0.37796821996072116,0.3700645195063538,0.9993318485523385,0.5,-0.5093626124541104,0.7456430474099673,0.4279658367823605,0.23804001451536888,0.9223060241467327,0.0
2021-11-10 00:20:00,0.0599721059972106,0.4581673306772909,-0.26582278481012667,-0.38439564363506507,0.3700645195063538,0.9993318485523385,0.5,-0.5093626124541104,0.7456430474099673,0.4279658367823605,0.23804001451536888,0.9223060241467327,0.0
2021-11-10 00:30:00,0.06624825662482565,0.593625498007968,-0.2679076693968728,-0.38796643456525615,0.3700645195063538,0.9993318485523385,0.5,-0.5093626124541104,0.7456430474099673,0.4279658367823605,0.23804001451536888,0.9223060241467327,0.0
2021-11-10 00:40:00,0.09065550906555091,-0.33067729083665354,-0.26880119136262115,-0.3922513836814855,0.3700645195063538,0.9993318485523385,0.5,-0.5093626124541104,0.7456430474099673,0.4279658367823605,0.23804001451536888,0.9223060241467327,0.0
2021-11-10 00:50:00,0.08926080892608089,-0.3944223107569722,-0.2708860759493672,-0.39760757007677205,0.3700645195063538,0.9993318485523385,0.5,-0.5093626124541104,0.7456430474099673,0.4279658367823605,0.23804001451536888,0.9223060241467327,0.0
2021-11-10 01:00:00,0.09483960948396096,0.095617529880478,-0.28041697691734935,-0.40367791465809677,0.3700645195063538,0.9993318485523385,0.5,-0.56483673829465,0.7415109466188899,0.5200024551214327,0.22950136651918385,0.9556982243539356,0.0
2021-11-10 01:10:00,0.12133891213389121,0.585657370517928,-0.28369322412509324,-0.4076057846813069,0.3700645195063538,0.9993318485523385,0.5,-0.56483673829465,0.7415109466188899,0.5200024551214327,0.22950136651918385,0.9556982243539356,0.0
2021-11-10 01:20:00,0.13458856345885634,0.2749003984063745,-0.282204020848846,-0.4097482592394215,0.3700645195063538,0.9993318485523385,0.5,-0.56483673829465,0.7415109466188899,0.5200024551214327,0.22950136651918385,0.9556982243539356,0.0
2021-11-10 01:30:00,0.11854951185495119,0.15537848605577675,-0.2753536857781088,-0.4158186038207463,0.3700645195063538,0.9993318485523385,0.5,-0.56483673829465,0.7415109466188899,0.5200024551214327,0.22950136651918385,0.9556982243539356,0.0
2021-11-10 01:40:00,0.12343096234309624,-0.5298804780876495,-0.27475800446761,-0.42010355293697543,0.3700645195063538,0.9993318485523385,0.5,-0.56483673829465,0.7415109466188899,0.5200024551214327,0.22950136651918385,0.9556982243539356,0.0
2021-11-10 01:50:00,0.11715481171548117,-0.8167330677290838,-0.27773641102010427,-0.42653097661131933,0.3700645195063538,0.9993318485523385,0.5,-0.56483673829465,0.7415109466188899,0.5200024551214327,0.22950136651918385,0.9556982243539356,0.0
2021-11-10 02:00:00,0.11366806136680613,-0.5830013280212485,-0.2816083395383471,-0.4315300839135868,0.3700645195063538,0.9993318485523385,0.5,-0.5654230522546189,0.7315571238509573,0.5578232457136509,0.2242501019794868,0.9705102854850266,0.0
2021-11-10 02:10:00,0.1094839609483961,-0.34926958831341315,-0.28518242740134037,-0.4386716657739689,0.3700645195063538,0.9993318485523385,0.5,-0.5654230522546189,0.7315571238509573,0.5578232457136509,0.2242501019794868,0.9705102854850266,0.0
2021-11-10 02:20:00,0.10529986052998605,-0.11553784860557781,-0.2908413998510798,-0.4450990894483128,0.3700645195063538,0.9993318485523385,0.5,-0.5654230522546189,0.7315571238509573,0.5578232457136509,0.2242501019794868,0.9705102854850266,0.0
2021-11-10 02:30:00,0.12273361227336123,0.5298804780876492,-0.29560685033507084,-0.44688448491340826,0.3700645195063538,0.9993318485523385,0.5,-0.5654230522546189,0.7315571238509573,0.5578232457136509,0.2242501019794868,0.9705102854850266,0.0
2021-11-10 02:40:00,0.11366806136680613,0.41035856573705165,-0.30007446016381245,-0.45009819675058027,0.3700645195063538,0.9993318485523385,0.5,-0.5654230522546189,0.7315571238509573,0.5578232457136509,0.2242501019794868,0.9705102854850266,0.0
2021-11-10 02:50:00,0.1206415620641562,0.29083665338645415,-0.3054355919583024,-0.456168541331905,0.3700645195063538,0.9993318485523385,0.5,-0.5654230522546189,0.7315571238509573,0.5578232457136509,0.2242501019794868,0.9705102854850266,0.0
2021-11-10 03:00:00,0.11715481171548117,0.17131474103585642,-0.30722263588979903,-0.45831101589001966,0.3700645195063538,0.9993318485523385,0.5,-0.5554887678468213,0.7210372205156793,0.5769130829946445,0.22867057025237902,0.9945732385788578,0.0
2021-11-10 03:10:00,0.11645746164574616,0.24302788844621515,-0.3021593447505585,-0.4611676486341725,0.3700645195063538,0.9993318485523385,0.5,-0.5554887678468213,0.7210372205156793,0.5769130829946445,0.22867057025237902,0.9945732385788578,0.0
2021-11-10 03:20:00,0.11018131101813111,0.21912350597609564,-0.30811615785554747,-0.4668809141224781,0.3700645195063538,0.9993318485523385,0.5,-0.5554887678468213,0.7210372205156793,0.5769130829946445,0.22867057025237902,0.9945732385788578,0.0
2021-11-10 03:30:00,0.11506276150627615,0.19521912350597592,-0.31466865227103513,-0.4718800214247456,0.3700645195063538,0.9993318485523385,0.5,-0.5554887678468213,0.7210372205156793,0.5769130829946445,0.22867057025237902,0.9945732385788578,0.0
2021-11-10 03:40:00,0.1094839609483961,0.17131474103585642,-0.3209233060312734,-0.46830923049455453,0.3700645195063538,0.9993318485523385,0.5,-0.5554887678468213,0.7210372205156793,0.5769130829946445,0.22867057025237902,0.9945732385788578,0.0
2021-11-10 03:50:00,0.100418410041841,0.14741035856573692,-0.32747580044676106,-0.41331905016961257,0.3700645195063538,0.9993318485523385,0.5,-0.5554887678468213,0.7210372205156793,0.5769130829946445,0.22867057025237902,0.9945732385788578,0.0
2021-11-10 04:00:00,0.08368200836820083,0.12350597609561742,-0.3283693224125095,-0.3618996607748617,0.3700645195063538,0.9993318485523385,0.5,-0.5975872708601062,0.7157672115790785,0.6467924840312486,0.26417419586007107,0.019061465160689506,0.0
2021-11-10 04:10:00,0.0801952580195258,0.09960159362549792,-0.32688011913626225,-0.35725763256561327,0.3700645195063538,0.9993318485523385,0.5,-0.5975872708601062,0.7157672115790785,0.6467924840312486,0.26417419586007107,0.019061465160689506,0.0
2021-11-10 04:20:00,0.06834030683403068,0.07569721115537842,-0.325390915860015,-0.3804677736118549,0.3700645195063538,0.9993318485523385,0.5,-0.5975872708601062,0.7157672115790785,0.6467924840312486,0.26417419586007107,0.019061465160689506,0.0
2021-11-10 04:30:00,0.06555090655509065,0.05179282868525892,-0.32658227848101273,-0.3997500446348865,0.3700645195063538,0.9993318485523385,0.5,-0.5975872708601062,0.7157672115790785,0.6467924840312486,0.26417419586007107,0.019061465160689506,0.0
2021-11-10 04:40:00,0.07182705718270573,0.027888446215139417,-0.33164556962025327,-0.41653276200678446,0.3700645195063538,0.9993318485523385,0.5,-0.5975872708601062,0.7157672115790785,0.6467924840312486,0.26417419586007107,0.019061465160689506,0.0
2021-11-10 04:50:00,0.07182705718270573,0.003984063745019917,-0.3331347728965004,-0.43117300482056775,0.3700645195063538,0.9993318485523385,0.5,-0.5975872708601062,0.7157672115790785,0.6467924840312486,0.26417419586007107,0.019061465160689506,0.0
2021-11-10 05:00:00,0.06485355648535565,-0.856573705179283,-0.3283693224125095,-0.4433136939832173,0.3700645195063538,0.9993318485523385,0.5,-0.6586423024571555,0.7077213964086939,0.7136798326357923,0.30321605126045115,0.03726266032989183,0.0
2021-11-10 05:10:00,0.06485355648535565,-0.4183266932270917,-0.33164556962025327,-0.4383145866809498,0.3700645195063538,0.9993318485523385,0.5,-0.6586423024571555,0.7077213964086939,0.7136798326357923,0.30321605126045115,0.03726266032989183,0.0
2021-11-10 05:20:00,0.06206415620641562,-0.3545816733067729,-0.3373045420699926,-0.3868951972861988,0.3700645195063538,0.9993318485523385,0.5,-0.6586423024571555,0.7077213964086939,0.7136798326357923,0.30321605126045115,0.03726266032989183,0.0
2021-11-10 05:30:00,0.0697350069735007,-0.043824701195219196,-0.3396872673119882,-0.34261738975183,0.3700645195063538,0.9993318485523385,0.5,-0.6586423024571555,0.7077213964086939,0.7136798326357923,0.30321605126045115,0.03726266032989183,0.0
2021-11-10 05:40:00,0.05788005578800558,-0.4422310756972112,-0.3373045420699926,-0.3476164970540975,0.3700645195063538,0.9993318485523385,0.5,-0.6586423024571555,0.7077213964086939,0.7136798326357923,0.30321605126045115,0.03726266032989183,0.0
2021-11-10 05:50:00,0.04393305439330544,-0.38147410358565736,-0.3376023827252421,-0.37368327084449204,0.3700645195063538,0.9993318485523385,0.5,-0.6586423024571555,0.7077213964086939,0.7136798326357923,0.30321605126045115,0.03726266032989183,0.0
2021-11-10 06:00:00,0.043235704323570434,-0.32071713147410363,-0.34236783320923314,-0.3986788073558293,0.3700645195063538,0.9993318485523385,0.5,-0.7374915074695911,0.697776194157015,0.8710389132942671,0.323103538634152,0.06158746739354968,0.0
2021-11-10 06:10:00,0.0397489539748954,-0.2599601593625499,-0.3414743112434848,-0.418675236564899,0.3700645195063538,0.9993318485523385,0.5,-0.7374915074695911,0.697776194157015,0.8710389132942671,0.323103538634152,0.06158746739354968,0.0
2021-11-10 06:20:00,0.0397489539748954,-0.19920318725099595,-0.3432613551749816,-0.4368862703088734,0.3700645195063538,0.9993318485523385,0.5,-0.7374915074695911,0.697776194157015,0.8710389132942671,0.323103538634152,0.06158746739354968,0.0
2021-11-10 06:30:00,0.0404463040446304,-0.13844621513944233,-0.3495160089352197,-0.42653097661131933,0.3700645195063538,0.9993318485523385,0.5,-0.7374915074695911,0.697776194157015,0.8710389132942671,0.323103538634152,0.06158746739354968,0.0
2021-11-10 06:40:00,0.03277545327754532,-0.0776892430278886,-0.35785554728220414,-0.37511158721656845,0.3700645195063538,0.9993318485523385,0.5,-0.7374915074695911,0.697776194157015,0.8710389132942671,0.323103538634152,0.06158746739354968,0.0
2021-11-10 06:50:00,0.045327754532775454,-0.01693227091633487,-0.3602382725241997,-0.33654704517050527,0.3700645195063538,0.9993318485523385,0.5,-0.7374915074695911,0.697776194157015,0.8710389132942671,0.323103538634152,0.06158746739354968,0.0
2021-11-10 07:00:00,0.06276150627615062,0.043824701195219085,-0.3548771407297098,-0.3501160507052312,0.3700645195063538,0.9993318485523385,0.5,-0.7562770681166812,0.7092213662368874,0.9282320830348446,0.3011585254590715,0.09777033782323734,0.0
2021-11-10 07:10:00,0.06694560669456066,0.10458167330677282,-0.34981384959046924,-0.3808248527048741,0.3700645195063538,0.9993318485523385,0.5,-0.7562770681166812,0.7092213662368874,0.9282320830348446,0.3011585254590715,0.09777033782323734,0.0
2021-11-10 07:20:00,0.06276150627615062,0.16533864541832655,-0.3492181682799703,-0.4061774683092304,0.3700645195063538,0.9993318485523385,0.5,-0.7562770681166812,0.7092213662368874,0.9282320830348446,0.3011585254590715,0.09777033782323734,0.0
2021-11-10 07:30:00,0.04951185495118549,0.22609561752988028,-0.3518987341772153,-0.42795929298339586,0.3700645195063538,0.9993318485523385,0.5,-0.7562770681166812,0.7092213662368874,0.9282320830348446,0.3011585254590715,0.09777033782323734,0.0
2021-11-10 07:40:00,0.03417015341701534,0.286852589641434,-0.3632166790766941,-0.4315300839135868,0.3700645195063538,0.9993318485523385,0.5,-0.7562770681166812,0.7092213662368874,0.9282320830348446,0.3011585254590715,0.09777033782323734,0.0
2021-11-10 07:50:00,0.039051603905160395,0.3476095617529882,-0.37334326135517504,-0.3854668809141224,0.3700645195063538,0.9993318485523385,0.5,-0.7562770681166812,0.7092213662368874,0.9282320830348446,0.3011585254590715,0.09777033782323734,0.0
2021-11-10 08:00:00,0.005578800557880056,0.40836653386454147,-0.3825763216679078,-0.3422603106588108,0.3700645195063538,0.9993318485523385,0.5,-0.7649369643285373,0.7117443039938862,0.9762829689773341,0.328871621122702,0.09752448204990642,0.0
2021-11-10 08:10:00,0.006276150627615063,0.46912350597609564,-0.3879374534623977,-0.3440457061239065,0.3700645195063538,0.9993318485523385,0.5,-0.7649369643285373,0.7117443039938862,0.9762829689773341,0.328871621122702,0.09752448204990642,0.0
2021-11-10 08:20:00,0.017433751743375175,0.5298804780876492,-0.38972449739389436,-0.3776111408677022,0.3700645195063538,0.9993318485523385,0.5,-0.7649369643285373,0.7117443039938862,0.9762829689773341,0.328871621122702,0.09752448204990642,0.0
2021-11-10 08:30:00,0.018131101813110184,0.6024789729969011,-0.39270290394638885,-0.4065345474022497,0.3700645195063538,0.9993318485523385,0.5,-0.7649369643285373,0.7117443039938862,0.9762829689773341,0.328871621122702,0.09752448204990642,0.0
2021-11-10 08:40:00,0.013249651324965132,0.6750774679061531,-0.3944899478778854,-0.42974468844849134,0.3700645195063538,0.9993318485523385,0.5,-0.7649369643285373,0.7117443039938862,0.9762829689773341,0.328871621122702,0.09752448204990642,0.0
2021-11-10 08:50:00,0.02092050209205021,0.747675962815405,-0.39687267311988095,-0.41224781289055523,0.3700645195063538,0.9993318485523385,0.5,-0.7649369643285373,0.7117443039938862,0.9762829689773341,0.328871621122702,0.09752448204990642,0.0
2021-11-10 09:00:00,0.013249651324965132,0.6892430278884463,-0.3959791511541326,-0.3615425816818424,0.3700645195063538,0.9993318485523385,0.5,-0.7446205635804942,0.7131982977353908,0.9278922211836146,0.3287501759113499,0.08465142600879233,0.0
2021-11-10 09:10:00,0.024407252440725242,0.6308100929614875,-0.391511541325391,-0.32762006784502773,0.3700645195063538,0.9993318485523385,0.5,-0.7446205635804942,0.7131982977353908,0.9278922211836146,0.3287501759113499,0.08465142600879233,0.0
2021-11-10 09:20:00,0.05090655509065551,0.5723771580345285,-0.38168279970215946,-0.3408319942867345,0.3700645195063538,0.9993318485523385,0.5,-0.7446205635804942,0.7131982977353908,0.9278922211836146,0.3287501759113499,0.08465142600879233,0.0
2021-11-10 09:30:00,0.048814504881450484,0.5139442231075697,-0.37304542069992563,-0.36225673986788076,0.3700645195063538,0.9993318485523385,0.5,-0.7446205635804942,0.7131982977353908,0.9278922211836146,0.3287501759113499,0.08465142600879233,0.0
2021-11-10 09:40:00,0.038354253835425386,0.4555112881806107,-0.3647058823529413,-0.3790394572397786,0.3700645195063538,0.9993318485523385,0.5,-0.7446205635804942,0.7131982977353908,0.9278922211836146,0.3287501759113499,0.08465142600879233,0.0
2021-11-10 09:50:00,0.029288702928870293,0.39707835325365215,-0.3560685033507075,-0.3868951972861988,0.3700645195063538,0.9993318485523385,0.5,-0.7446205635804942,0.7131982977353908,0.9278922211836146,0.3287501759113499,0.08465142600879233,0.0
2021-11-10 10:00:00,0.06276150627615062,0.33864541832669315,-0.3402829486224871,-0.3883235136582752,0.3700645195063538,0.9993318485523385,0.5,-0.4487910338890736,0.7215458309746655,0.6911688039284988,0.2134948008711943,0.08110212633240035,0.0
2021-11-10 10:10:00,0.07322175732217574,0.28021248339973437,-0.3215189873417723,-0.39260846277450456,0.3700645195063538,0.9993318485523385,0.5,-0.4487910338890736,0.7215458309746655,0.6911688039284988,0.2134948008711943,0.08110212633240035,0.0
2021-11-10 10:20:00,0.010460251046025104,0.2217795484727756,-0.3176470588235296,-0.3918943045884663,0.3700645195063538,0.9993318485523385,0.5,-0.4487910338890736,0.7215458309746655,0.6911688039284988,0.2134948008711943,0.08110212633240035,0.0
2021-11-10 10:30:00,0.016736401673640166,0.1633466135458168,-0.3161578555472824,-0.38796643456525615,0.3700645195063538,0.9993318485523385,0.5,-0.4487910338890736,0.7215458309746655,0.6911688039284988,0.2134948008711943,0.08110212633240035,0.0
2021-11-10 10:40:00,0.05090655509065551,0.10491367861885781,-0.3063291139240507,-0.38439564363506507,0.3700645195063538,0.9993318485523385,0.5,-0.4487910338890736,0.7215458309746655,0.6911688039284988,0.2134948008711943,0.08110212633240035,0.0
2021-11-10 10:50:00,0.06485355648535565,0.04648074369189903,-0.29650037230081916,-0.37796821996072116,0.3700645195063538,0.9993318485523385,0.5,-0.4487910338890736,0.7215458309746655,0.6911688039284988,0.2134948008711943,0.08110212633240035,0.0
2021-11-10 11:00:00,0.05090655509065551,-0.01195219123505975,-0.28875651526433366,-0.37332619175147286,0.3700645195063538,0.9993318485523385,0.5,-0.39642441539538587,0.7256664377440686,0.5355914617065097,0.12001944420918798,0.08294935672643751,0.0
2021-11-10 11:10:00,0.04184100418410042,-0.07038512616201853,-0.28131049888309767,-0.36225673986788076,0.3700645195063538,0.9993318485523385,0.5,-0.39642441539538587,0.7256664377440686,0.5355914617065097,0.12001944420918798,0.08294935672643751,0.0
2021-11-10 11:20:00,0.05160390516039052,-0.1288180610889773,-0.27773641102010427,-0.360114265309766,0.3700645195063538,0.9993318485523385,0.5,-0.39642441539538587,0.7256664377440686,0.5355914617065097,0.12001944420918798,0.08294935672643751,0.0
2021-11-10 11:30:00,0.06624825662482565,-0.1872509960159362,-0.2711839166046166,-0.36689876807712907,0.3700645195063538,0.9993318485523385,0.5,-0.39642441539538587,0.7256664377440686,0.5355914617065097,0.12001944420918798,0.08294935672643751,0.0
2021-11-10 11:40:00,0.07880055788005579,-0.24568393094289498,-0.2676098287416233,-0.37189787537939656,0.3700645195063538,0.9993318485523385,0.5,-0.39642441539538587,0.7256664377440686,0.5355914617065097,0.12001944420918798,0.08294935672643751,0.0
2021-11-10 11:50:00,0.09832635983263598,-0.30411686586985387,-0.2631422189128817,-0.37546866630958753,0.3700645195063538,0.9993318485523385,0.5,-0.39642441539538587,0.7256664377440686,0.5355914617065097,0.12001944420918798,0.08294935672643751,0.0
2021-11-10 12:00:00,0.11087866108786612,-0.36254980079681265,-0.2598659717051379,-0.3793965363327976,0.3700645195063538,0.9993318485523385,0.5,-0.3795850075194541,0.721910766162752,0.4548695799168024,0.06970541098639223,0.8290880085094688,0.0
2021-11-10 12:10:00,0.13598326359832635,-0.42098273572377154,-0.25688756515264344,-0.384038564542046,0.3700645195063538,0.9993318485523385,0.5,-0.3795850075194541,0.721910766162752,0.4548695799168024,0.06970541098639223,0.8290880085094688,0.0
2021-11-10 12:20:00,0.13598326359832635,-0.47941567065073043,-0.2503350707371558,-0.3772540617746831,0.3700645195063538,0.9993318485523385,0.5,-0.3795850075194541,0.721910766162752,0.4548695799168024,0.06970541098639223,0.8290880085094688,0.0
2021-11-10 12:30:00,0.11715481171548117,-0.5378486055776891,-0.2440804169769174,-0.36725584717014825,0.3700645195063538,0.9993318485523385,0.5,-0.3795850075194541,0.721910766162752,0.4548695799168024,0.06970541098639223,0.8290880085094688,0.0
2021-11-10 12:40:00,0.12133891213389121,-0.596281540504648,-0.23663440059568142,-0.3579717907516514,0.3700645195063538,0.9993318485523385,0.5,-0.3795850075194541,0.721910766162752,0.4548695799168024,0.06970541098639223,0.8290880085094688,0.0
2021-11-10 12:50:00,0.1094839609483961,-0.6547144754316069,-0.2279970215934476,-0.35582931619353686,0.3700645195063538,0.9993318485523385,0.5,-0.3795850075194541,0.721910766162752,0.4548695799168024,0.06970541098639223,0.8290880085094688,0.0
2021-11-10 13:00:00,0.11366806136680613,-0.7131474103585655,-0.2202531645569621,-0.3483306552401356,0.3700645195063538,0.9993318485523385,0.5,-0.2305221125980289,0.717221205320583,0.32260891652929524,0.18082312787640636,0.7629712367262587,0.0
2021-11-10 13:10:00,0.15271966527196654,-0.5159362549800794,-0.21399851079672383,-0.3454740224959829,0.3700645195063538,0.9993318485523385,0.5,-0.2305221125980289,0.717221205320583,0.32260891652929524,0.18082312787640636,0.7629712367262587,0.0
2021-11-10 13:20:00,0.16736401673640167,-0.31872509960159356,-0.2092330603127328,-0.3454740224959829,0.3700645195063538,0.9993318485523385,0.5,-0.2305221125980289,0.717221205320583,0.32260891652929524,0.18082312787640636,0.7629712367262587,0.0
2021-11-10 13:30:00,0.16945606694560672,-0.12151394422310746,-0.20357408786299336,-0.3454740224959829,0.3501197471568229,0.5762806236080178,0.5,-0.2305221125980289,0.717221205320583,0.32260891652929524,0.18082312787640636,0.7629712367262587,0.0
2021-11-10 13:40:00,0.14225941422594143,0.07569721115537842,-0.19702159344750558,-0.34654525977504014,0.3424245200298386,0.46024498886414256,0.5,-0.2305221125980289,0.717221205320583,0.32260891652929524,0.18082312787640636,0.7629712367262587,0.0
2021-11-10 13:50:00,0.15690376569037656,0.2729083665338645,-0.19166046165301565,-0.3386895197286198,0.34797345931868445,0.9995545657015591,0.5,-0.2305221125980289,0.717221205320583,0.32260891652929524,0.18082312787640636,0.7629712367262587,0.0
2021-11-10 14:00:00,0.1705021059972106,0.4701195219123504,-0.18108714817572602,-0.3297625424031423,0.3522594914344794,0.49983298440979956,0.5,-0.20967643167302774,0.7042502018637561,0.3121837810569374,0.2743108162043313,0.7579025001821375,0.02948232418486051
2021-11-10 14:10:00,0.18410041841004185,0.15537848605577675,-0.1705137751303054,-0.32083556507766464,0.3565455235502742,0.00011135857461024499,0.5,-0.20967643167302774,0.7042502018637561,0.3121837810569374,0.2743108162043313,0.7579025001821375,0.05896464836972102
2021-11-10 14:20:00,0.16527196652719667,0.2669322709163344,-0.16008935219657494,-0.28227102303160145,0.3692400308856055,0.00011135857461024499,0.5,-0.20967643167302774,0.7042502018637561,0.3121837810569374,0.2743108162043313,0.7579025001821375,0.04133409780165065
2021-11-10 14:30:00,0.21827057182705717,0.05179282868525892,-0.14877140729709615,-0.24513479735761468,0.3711376634254231,0.00011135857461024499,0.5,-0.20967643167302774,0.7042502018637561,0.3121837810569374,0.2743108162043313,0.7579025001821375,0.07362282541454804
2021-11-10 14:40:00,0.19107391910739194,-0.20318725099601598,-0.13626209977661963,-0.21406891626495272,0.3756003716742354,0.00022271714922048998,0.5,-0.20967643167302774,0.7042502018637561,0.3121837810569374,0.2743108162043313,0.7579025001821375,0.06881723674879672
2021-11-10 14:50:00,0.201534170153417,-0.05179282868525903,-0.1276247207743858,-0.18693090519550082,0.35955556137205374,0.00022271714922048998,0.5,-0.20967643167302774,0.7042502018637561,0.3121837810569374,0.2743108162043313,0.7579025001821375,0.0743168821763206
2021-11-10 15:00:00,0.2210599721059972,0.019920318725099362,-0.12077438570364873,-0.16443492233529733,0.35916294774312596,0.000779510022271715,0.5,-0.19264160804583252,0.6925176792420842,0.30269491425906886,0.33005081407413905,0.7502912963727614,0.10600962626552199
2021-11-10 15:10:00,0.21827057182705717,-0.14741035856573714,-0.11392405063291144,-0.1469380467773611,0.3549881561555273,0.00111358574610245,0.5,-0.19264160804583252,0.6925176792420842,0.30269491425906886,0.33005081407413905,0.7502912963727614,0.09657196312446248
2021-11-10 15:20:00,0.25871687587168757,-0.2589641434262948,-0.10915860014892054,-0.132654883056597,0.3592938189527686,0.0012249443207126948,0.5,-0.19264160804583252,0.6925176792420842,0.30269491425906886,0.33005081407413905,0.7502912963727614,0.1348733346409765
2021-11-10 15:30:00,0.25523012552301255,-0.3705179282868527,-0.10409530900967989,-0.12158543117300469,0.3592938189527686,0.0023385300668151447,0.5,-0.19264160804583252,0.6925176792420842,0.30269491425906886,0.33005081407413905,0.7502912963727614,0.1271783574995851
2021-11-10 15:40:00,0.24267782426778242,-0.10756972111553798,-0.10022338049143709,-0.11158721656846982,0.3592938189527686,0.0033407572383073497,0.5,-0.19264160804583252,0.6925176792420842,0.30269491425906886,0.33005081407413905,0.7502912963727614,0.122455753881437
2021-11-10 15:50:00,0.2824267782426778,-0.17928286852589637,-0.09486224869694715,-0.10158900196393505,0.35073484184214315,0.018485523385300667,0.5,-0.19264160804583252,0.6925176792420842,0.30269491425906886,0.33005081407413905,0.7502912963727614,0.1443487182582193
2021-11-10 16:00:00,0.2622036262203626,0.14741035856573692,-0.08443782576321679,-0.10051776468487772,0.3454999934564395,0.0006681514476614699,0.5,-0.1569677772467225,0.6916958566925376,0.2683026703123191,0.3686418223220062,0.7416317133022177,0.13370399987929446
2021-11-10 16:10:00,0.2705718270571827,-0.08366533864541836,-0.08116157855547301,-0.09409034101053393,0.3454999934564395,0.00022271714922048998,0.5,-0.1569677772467225,0.6916958566925376,0.2683026703123191,0.3686418223220062,0.7416317133022177,0.1726390753956878
2021-11-10 16:20:00,0.2649930264993026,0.05976095617529875,-0.0769918093819808,-0.09087662917336181,0.35225294787399725,0.00022271714922048998,0.5,-0.1569677772467225,0.6916958566925376,0.2683026703123191,0.3686418223220062,0.7416317133022177,0.13654057968827799
2021-11-10 16:30:00,0.22594142259414227,-0.2270916334661356,-0.07431124348473583,-0.08266381003392254,0.3592938189527686,0.00022271714922048998,0.5,-0.1569677772467225,0.6916958566925376,0.2683026703123191,0.3686418223220062,0.7416317133022177,0.10771459178900675
2021-11-10 16:40:00,0.25383542538354253,0.12350597609561742,-0.07431124348473583,-0.07266559542938766,0.356938137179202,0.00022271714922048998,0.5,-0.1569677772467225,0.6916958566925376,0.2683026703123191,0.3686418223220062,0.7416317133022177,0.13846432397362585
2021-11-10 16:50:00,0.26569037656903766,-0.2509960159362551,-0.07222635889798967,-0.07052312087127288,0.36438470900786535,0.00033407572383073496,0.5,-0.1569677772467225,0.6916958566925376,0.2683026703123191,0.3686418223220062,0.7416317133022177,0.1395582177829413
2021-11-10 17:00:00,0.2831241283124128,0.01195219123505975,-0.06597170513775141,-0.07052312087127288,0.3545955425265995,0.00022271714922048998,0.5,-0.1516423895087191,0.6901527842830759,0.25074512808670335,0.3945291262464454,0.724452551248309,0.17019478853901052
2021-11-10 17:10:00,0.3242677824267783,-0.5378486055776892,-0.06835443037974687,-0.06516693447598643,0.35967334546073215,0.0008908685968819599,0.5,-0.1516423895087191,0.6901527842830759,0.25074512808670335,0.3945291262464454,0.724452551248309,0.23014016928949713
2021-11-10 17:20:00,0.26429567642956764,-0.2509960159362551,-0.06567386448250201,-0.06445277628994805,0.35967334546073215,0.004677060133630289,0.5,-0.1516423895087191,0.6901527842830759,0.25074512808670335,0.3945291262464454,0.724452551248309,0.15389954282782867
2021-11-10 17:30:00,0.28661087866108786,-0.1633466135458168,-0.06805658972449746,-0.060167827173718935,0.3563753909777388,0.004565701559020045,0.5,-0.1516423895087191,0.6901527842830759,0.25074512808670335,0.3945291262464454,0.724452551248309,0.17260889901474116
2021-11-10 17:40:00,0.3277545327754533,-0.11553784860557781,-0.07818317200297853,-0.06802356722013914,0.34767245553650655,0.00044543429844097997,0.5,-0.1516423895087191,0.6901527842830759,0.25074512808670335,0.3945291262464454,0.724452551248309,0.240716990811292
2021-11-10 17:50:00,0.34449093444909346,0.2749003984063745,-0.13030528667163077,-0.11944295661489024,0.34584025860151024,0.00033407572383073496,0.5,-0.1516423895087191,0.6901527842830759,0.25074512808670335,0.3945291262464454,0.724452551248309,0.2450020369057139
2021-11-10 18:00:00,0.3228730822873082,0.17928286852589648,-0.15323901712583776,-0.15729334047491517,0.34584025860151024,0.00033407572383073496,0.5,-0.314812740746769,0.6871384770995982,0.4138297396112919,0.3707679769180983,0.6800842077774081,0.21559515367321996
2021-11-10 18:10:00,0.2377963737796374,0.3306772908366533,-0.16366344005956823,-0.18943045884663456,0.35289421680124583,0.00022271714922048998,0.5,-0.314812740746769,0.6871384770995982,0.4138297396112919,0.3707679769180983,0.6800842077774081,0.11281440016898774
2021-11-10 18:20:00,0.23849372384937237,-0.03585657370517936,-0.1702159344750559,-0.20764149259060882,0.3597387810655534,0.00022271714922048998,0.5,-0.314812740746769,0.6871384770995982,0.4138297396112919,0.3707679769180983,0.6800842077774081,0.11483621769241215
2021-11-10 18:30:00,0.18898186889818688,0.25099601593625476,-0.17587490692479535,-0.21656846991608647,0.3597387810655534,0.00022271714922048998,0.5,-0.314812740746769,0.6871384770995982,0.4138297396112919,0.3707679769180983,0.6800842077774081,0.08355085474599032
2021-11-10 18:40:00,0.2189679218967922,0.3067729083665336,-0.1818317200297842,-0.22442420996250667,0.3597387810655534,0.00022271714922048998,0.5,-0.314812740746769,0.6871384770995982,0.4138297396112919,0.3707679769180983,0.6800842077774081,0.10334656064698161
2021-11-10 18:50:00,0.22315202231520226,0.2350597609561753,-0.18689501116902474,-0.23299410819496513,0.3597387810655534,0.00022271714922048998,0.5,-0.314812740746769,0.6871384770995982,0.4138297396112919,0.3707679769180983,0.6800842077774081,0.10364078036121128
2021-11-10 19:00:00,0.2524407252440725,0.05976095617529875,-0.19195830230826516,-0.23870737368327077,0.3597387810655534,0.00022271714922048998,0.5,-0.33338250690492344,0.7090317148792987,0.43819720027386777,0.36032077760074366,0.694026265620266,0.12004164340570636
2021-11-10 19:10:00,0.27266387726638774,-0.043824701195219196,-0.19702159344750558,-0.24192108552044278,0.3597387810655534,0.00022271714922048998,0.5,-0.33338250690492344,0.7090317148792987,0.43819720027386777,0.36032077760074366,0.694026265620266,0.14296060473467417
2021-11-10 19:20:00,0.2782426778242678,-0.2749003984063746,-0.2008935219657484,-0.24406356007855734,0.3597387810655534,0.00033407572383073496,0.5,-0.33338250690492344,0.7090317148792987,0.43819720027386777,0.36032077760074366,0.694026265620266,0.15139490320925814
2021-11-10 19:30:00,0.23291492329149233,-0.20318725099601598,-0.2089352196574834,-0.24870558828780576,0.3597387810655534,0.00022271714922048998,0.5,-0.33338250690492344,0.7090317148792987,0.43819720027386777,0.36032077760074366,0.694026265620266,0.10762406264616685
2021-11-10 19:40:00,0.21408647140864714,-0.3227091633466136,-0.21846612062546544,-0.2544188537761113,0.3597387810655534,0.00022271714922048998,0.5,-0.33338250690492344,0.7090317148792987,0.43819720027386777,0.36032077760074366,0.694026265620266,0.09244534303001042
2021-11-10 19:50:00,0.15271966527196654,0.2669322709163344,-0.22382725241995538,-0.2608462774504553,0.3597387810655534,0.00033407572383073496,0.5,-0.33338250690492344,0.7090317148792987,0.43819720027386777,0.36032077760074366,0.694026265620266,0.05759162303664922
2021-11-10 20:00:00,0.16666666666666669,0.2828685258964143,-0.22978406552494424,-0.26156043563649345,0.3597387810655534,0.00033407572383073496,0.5,-0.3574466609054764,0.7160459416046243,0.4665538528223181,0.33105740890676993,0.7329502517101313,0.06004345398856316
2021-11-10 20:10:00,0.13528591352859135,0.47410358565737054,-0.2321667907669398,-0.2594179610783788,0.3597387810655534,0.00033407572383073496,0.5,-0.3574466609054764,0.7160459416046243,0.4665538528223181,0.33105740890676993,0.7329502517101313,0.04634337703879174
2021-11-10 20:20:00,0.13528591352859135,0.22709163346613526,-0.23514519731943417,-0.2622745938225317,0.3597387810655534,0.00022271714922048998,0.5,-0.3574466609054764,0.7160459416046243,0.4665538528223181,0.33105740890676993,0.7329502517101313,0.03847488570695717
2021-11-10 20:30:00,0.11576011157601115,0.38645418326693215,-0.23901712583767698,-0.26334583110158893,0.3597387810655534,0.00022271714922048998,0.5,-0.3574466609054764,0.7160459416046243,0.4665538528223181,0.33105740890676993,0.7329502517101313,0.02129698085308629
2021-11-10 20:40:00,0.1304044630404463,0.24302788844621515,-0.23901712583767698,-0.26334583110158893,0.3597387810655534,0.00011135857461024499,0.5,-0.3574466609054764,0.7160459416046243,0.4665538528223181,0.33105740890676993,0.7329502517101313,0.034401074279161704
2021-11-10 20:50:00,0.11645746164574616,0.29083665338645415,-0.2399106478034252,-0.26477414747366534,0.3597387810655534,0.00033407572383073496,0.5,-0.3574466609054764,0.7160459416046243,0.4665538528223181,0.33105740890676993,0.7329502517101313,0.022677550281394752
2021-11-10 21:00:00,0.09623430962343095,0.5458167330677288,-0.24199553239017135,-0.2622745938225317,0.3648558453625787,0.00033407572383073496,0.5,-0.3751247655694724,0.7238906113957501,0.48373678612683924,0.2999406378374501,0.7806062823582743,0.009226428474433062
2021-11-10 21:10:00,0.10111576011157601,-0.298804780876494,-0.24199553239017135,-0.2619175147295125,0.3762416406014841,0.00011135857461024499,0.5,-0.3751247655694724,0.7238906113957501,0.48373678612683924,0.2999406378374501,0.7806062823582743,0.007996740950857763
2021-11-10 21:20:00,0.10529986052998605,0.03585657370517925,-0.2440804169769174,-0.2608462774504553,0.36277499312926154,0.00011135857461024499,0.5,-0.3751247655694724,0.7238906113957501,0.48373678612683924,0.2999406378374501,0.7806062823582743,0.012477933521432774
2021-11-10 21:30:00,0.09623430962343095,0.5776892430278884,-0.24229337304542087,-0.2622745938225317,0.35979112954941045,0.00011135857461024499,0.5,-0.3751247655694724,0.7238906113957501,0.48373678612683924,0.2999406378374501,0.7806062823582743,0.008260784284140803
2021-11-10 21:40:00,0.11854951185495119,0.40239043824701204,-0.2431868950111692,-0.26334583110158893,0.3745926633599875,0.00011135857461024499,0.5,-0.3751247655694724,0.7238906113957501,0.48373678612683924,0.2999406378374501,0.7806062823582743,0.027158742851969765
2021-11-10 21:50:00,0.11018131101813111,0.33864541832669315,-0.2479523454951601,-0.26655954293876094,0.3762678148434126,0.00011135857461024499,0.5,-0.3751247655694724,0.7238906113957501,0.48373678612683924,0.2999406378374501,0.7806062823582743,0.02099521704361996
2021-11-10 22:00:00,0.11018131101813111,0.31474103585657365,-0.25003723008190626,-0.26691662203178,0.3762678148434126,0.00011135857461024499,0.5,-0.46473267665547235,0.7384851454137421,0.5743726156567001,0.2666087686754788,0.8240539548238224,0.018814973520225722
2021-11-10 22:10:00,0.0899581589958159,0.5219123505976095,-0.25390915860014907,-0.26691662203178,0.37881980343144317,0.00044543429844097997,0.5,-0.46473267665547235,0.7384851454137421,0.5743726156567001,0.2666087686754788,0.8240539548238224,0.00034702838088628035
2021-11-10 22:20:00,0.07252440725244073,0.4183266932270917,-0.25688756515264344,-0.27084449205499006,0.4009762992239337,0.4253897550111359,0.5,-0.46473267665547235,0.7384851454137421,0.5743726156567001,0.2666087686754788,0.8240539548238224,0.0
2021-11-10 22:30:00,0.09832635983263598,0.298804780876494,-0.24467609828741632,-0.24584895554365294,0.40923427255238126,0.9962138084632516,0.5,-0.46473267665547235,0.7384851454137421,0.5743726156567001,0.2666087686754788,0.8240539548238224,0.0
2021-11-10 22:40:00,0.09623430962343095,-0.12350597609561753,-0.23693224125093093,-0.21978218175325825,0.40923427255238126,0.9962138084632516,0.5,-0.46473267665547235,0.7384851454137421,0.5743726156567001,0.2666087686754788,0.8240539548238224,0.0
2021-11-10 22:50:00,0.10460251046025104,0.346613545816733,-0.23127326880119148,-0.21478307445099076,0.40923427255238126,0.9962138084632516,0.5,-0.46473267665547235,0.7384851454137421,0.5743726156567001,0.2666087686754788,0.8240539548238224,0.0
2021-11-10 23:00:00,0.11018131101813111,0.5458167330677288,-0.23842144452717806,-0.22192465631137293,0.40923427255238126,0.9962138084632516,0.5,-0.5265236441718979,0.7503067467033712,0.5913400917652362,0.23397077270088637,0.8706435434261203,0.0
2021-11-10 23:10:00,0.12412831241283125,0.7450199203187249,-0.23395383469843645,-0.22763792179967846,0.40923427255238126,0.9962138084632516,0.5,-0.5265236441718979,0.7503067467033712,0.5913400917652362,0.23397077270088637,0.8706435434261203,0.0
2021-11-10 23:20:00,0.1311018131101813,0.5458167330677288,-0.23306031273268812,-0.2351365827530797,0.40923427255238126,0.9962138084632516,0.5,-0.5265236441718979,0.7503067467033712,0.5913400917652362,0.23397077270088637,0.8706435434261203,0.0
2021-11-10 23:30:00,0.12761506276150628,0.3227091633466135,-0.23306031273268812,-0.24299232279950012,0.40923427255238126,0.9962138084632516,0.5,-0.5265236441718979,0.7503067467033712,0.5913400917652362,0.23397077270088637,0.8706435434261203,0.0
2021-11-10 23:40:00,0.1387726638772664,0.4581673306772909,-0.2363365599404319,-0.24656311372969109,0.40923427255238126,0.9962138084632516,0.5,-0.5265236441718979,0.7503067467033712,0.5913400917652362,0.23397077270088637,0.8706435434261203,0.0
2021-11-10 23:50:00,0.12482566248256625,0.38645418326693215,-0.23663440059568142,-0.25370469559007325,0.40923427255238126,0.9962138084632516,0.5,-0.5265236441718979,0.7503067467033712,0.5913400917652362,0.23397077270088637,0.8706435434261203,0.0
2021-11-11 00:00:00,0.11924686192468618,0.10756972111553775,-0.2318689501116903,-0.2594179610783788,0.40923427255238126,0.9962138084632516,0.5,-0.5386921186316028,0.7494935446700782,0.6654060074640258,0.20833690982534409,0.924472149497505,0.0
2021-11-11 00:10:00,0.12133891213389121,0.08252703471826961,-0.22293373045420706,-0.26513122656668453,0.40923427255238126,0.9962138084632516,0.5,-0.5386921186316028,0.7494935446700782,0.6654060074640258,0.20833690982534409,0.924472149497505,0.0
2021-11-11 00:20:00,0.12343096234309624,0.057484348321001466,-0.21727475800446772,-0.27227280842706647,0.40923427255238126,0.9962138084632516,0.5,-0.5386921186316028,0.7494935446700782,0.6654060074640258,0.20833690982534409,0.924472149497505,0.0
2021-11-11 00:30:00,0.12412831241283125,0.032441661923733545,-0.21518987341772167,-0.28084270665952504,0.40923427255238126,0.9962138084632516,0.5,-0.5386921186316028,0.7494935446700782,0.6654060074640258,0.20833690982534409,0.924472149497505,0.0
2021-11-11 00:40:00,0.12133891213389121,0.007398975526465401,-0.2163812360387194,-0.2865559721478307,0.40923427255238126,0.9962138084632516,0.5,-0.5386921186316028,0.7494935446700782,0.6654060074640258,0.20833690982534409,0.924472149497505,0.0
2021-11-11 00:50:00,0.11854951185495119,-0.01764371087080252,-0.21995532390171268,-0.29012676307802165,0.40923427255238126,0.9962138084632516,0.5,-0.5386921186316028,0.7494935446700782,0.6654060074640258,0.20833690982534409,0.924472149497505,0.0
2021-11-11 01:00:00,0.11087866108786612,-0.042686397268070664,-0.21935964259121388,-0.2979825031244421,0.40923427255238126,0.9962138084632516,0.5,-0.5633160708859881,0.755435953874493,0.6973241078594703,0.20083642717307126,0.9844580672110543,0.0
2021-11-11 01:10:00,0.099721059972106,-0.06772908366533881,-0.22144452717795982,-0.3036957686127477,0.40923427255238126,0.9962138084632516,0.5,-0.5633160708859881,0.755435953874493,0.6973241078594703,0.20083642717307126,0.9844580672110543,0.0
2021-11-11 01:20:00,0.09553695955369597,-0.09277177006260673,-0.2241250930752049,-0.3101231922870915,0.40923427255238126,0.9962138084632516,0.5,-0.5633160708859881,0.755435953874493,0.6973241078594703,0.20083642717307126,0.9844580672110543,0.0
2021-11-11 01:30:00,0.09623430962343095,-0.11781445645987487,-0.22918838421444532,-0.318336011426531,0.40923427255238126,0.9962138084632516,0.5,-0.5633160708859881,0.755435953874493,0.6973241078594703,0.20083642717307126,0.9844580672110543,0.0
2021-11-11 01:40:00,0.09414225941422595,-0.14285714285714302,-0.23276247207743872,-0.325834672379932,0.40923427255238126,0.9962138084632516,0.5,-0.5633160708859881,0.755435953874493,0.6973241078594703,0.20083642717307126,0.9844580672110543,0.0
2021-11-11 01:50:00,0.09623430962343095,-0.16789982925441094,-0.23752792256142974,-0.33369041242635245,0.40923427255238126,0.9962138084632516,0.5,-0.5633160708859881,0.755435953874493,0.6973241078594703,0.20083642717307126,0.9844580672110543,0.0
2021-11-11 02:00:00,0.09135285913528592,-0.19294251565167908,-0.2402084884586747,-0.3404749151937154,0.40923427255238126,0.9962138084632516,0.5,-0.5469937359562649,0.7366662164841511,0.693727405686117,0.20705834932250597,0.031157082043564648,0.0
2021-11-11 02:10:00,0.08298465829846582,-0.21798520204894722,-0.2434847356664186,-0.3476164970540975,0.40923427255238126,0.9962138084632516,0.5,-0.5469937359562649,0.7366662164841511,0.693727405686117,0.20705834932250597,0.031157082043564648,0.0
2021-11-11 02:20:00,0.07322175732217574,-0.24302788844621515,-0.2479523454951601,-0.3533297625424031,0.40923427255238126,0.9962138084632516,0.5,-0.5469937359562649,0.7366662164841511,0.693727405686117,0.20705834932250597,0.031157082043564648,0.0
2021-11-11 02:30:00,0.06555090655509065,-0.2680705748434833,-0.2479523454951601,-0.3586859489376897,0.40923427255238126,0.9962138084632516,0.5,-0.5469937359562649,0.7366662164841511,0.693727405686117,0.20705834932250597,0.031157082043564648,0.0
2021-11-11 02:40:00,0.06415620641562064,-0.29311326124075143,-0.24944154877140734,-0.3647562935190145,0.40923427255238126,0.9962138084632516,0.5,-0.5469937359562649,0.7366662164841511,0.693727405686117,0.20705834932250597,0.031157082043564648,0.0
2021-11-11 02:50:00,0.056485355648535567,-0.31815594763801935,-0.2527177959791512,-0.3711837171933583,0.40923427255238126,0.9962138084632516,0.5,-0.5469937359562649,0.7366662164841511,0.693727405686117,0.20705834932250597,0.031157082043564648,0.0
2021-11-11 03:00:00,0.04741980474198048,-0.3431986340352874,-0.25778108711839176,-0.3758257454026066,0.40923427255238126,0.9962138084632516,0.5,-0.5547579349501355,0.7358903700212934,0.7257483523357958,0.23403099354156356,0.06375676215115895,0.0
2021-11-11 03:10:00,0.043235704323570434,-0.36824132043255553,-0.2625465376023829,-0.38153901089091236,0.40923427255238126,0.9962138084632516,0.5,-0.5547579349501355,0.7358903700212934,0.7257483523357958,0.23403099354156356,0.06375676215115895,0.0
2021-11-11 03:20:00,0.029288702928870293,-0.3932840068298237,-0.2702903946388683,-0.38653811819317974,0.40923427255238126,0.9962138084632516,0.5,-0.5547579349501355,0.7358903700212934,0.7257483523357958,0.23403099354156356,0.06375676215115895,0.0
2021-11-11 03:30:00,0.04184100418410042,-0.4183266932270917,-0.2756515264333582,-0.39296554186752364,0.40923427255238126,0.9962138084632516,0.5,-0.5547579349501355,0.7358903700212934,0.7257483523357958,0.23403099354156356,0.06375676215115895,0.0
2021-11-11 03:40:00,0.04393305439330544,-0.35723771580345287,-0.28071481757259875,-0.39760757007677205,0.40923427255238126,0.9962138084632516,0.5,-0.5547579349501355,0.7358903700212934,0.7257483523357958,0.23403099354156356,0.06375676215115895,0.0
2021-11-11 03:50:00,0.017433751743375175,-0.29614873837981426,-0.2860759493670887,-0.40367791465809677,0.40923427255238126,0.9962138084632516,0.5,-0.5547579349501355,0.7358903700212934,0.7257483523357958,0.23403099354156356,0.06375676215115895,0.0
2021-11-11 04:00:00,0.01882845188284519,-0.23505976095617542,-0.2908413998510798,-0.40867702196036415,0.40923427255238126,0.9962138084632516,0.5,-0.60701058593707,0.7220084653469628,0.7752775105170123,0.2852994515983222,0.0748243408292127,0.0
2021-11-11 04:10:00,0.030683403068340307,-0.23526944852170262,-0.2932241250930754,-0.41510444563470794,0.40923427255238126,0.9962138084632516,0.5,-0.60701058593707,0.7220084653469628,0.7752775105170123,0.2852994515983222,0.0748243408292127,0.0
2021-11-11 04:20:00,0.03138075313807531,-0.23547913608723003,-0.2979895755770663,-0.41974647384395647,0.40923427255238126,0.9962138084632516,0.5,-0.60701058593707,0.7220084653469628,0.7752775105170123,0.2852994515983222,0.0748243408292127,0.0
2021-11-11 04:30:00,0.02510460251046025,-0.23568882365275756,-0.30007446016381245,-0.4258168184252812,0.40923427255238126,0.9962138084632516,0.5,-0.60701058593707,0.7220084653469628,0.7752775105170123,0.2852994515983222,0.0748243408292127,0.0
2021-11-11 04:40:00,0.048814504881450484,-0.23589851121828476,-0.3015636634400597,-0.4304588466345296,0.40923427255238126,0.9962138084632516,0.5,-0.60701058593707,0.7220084653469628,0.7752775105170123,0.2852994515983222,0.0748243408292127,0.0
2021-11-11 04:50:00,0.03556485355648536,-0.23610819878381217,-0.3015636634400597,-0.435457953936797,0.40923427255238126,0.9962138084632516,0.5,-0.60701058593707,0.7220084653469628,0.7752775105170123,0.2852994515983222,0.0748243408292127,0.0
2021-11-11 05:00:00,0.043235704323570434,-0.23631788634933948,-0.3015636634400597,-0.43938582396000714,0.40923427255238126,0.9962138084632516,0.5,-0.6323989576492477,0.7131034720565964,0.8218715558076621,0.3284943028843502,0.07457806102336965,0.0
2021-11-11 05:10:00,0.028591352859135284,-0.2365275739148669,-0.3015636634400597,-0.44545616854133185,0.40923427255238126,0.9962138084632516,0.5,-0.6323989576492477,0.7131034720565964,0.8218715558076621,0.3284943028843502,0.07457806102336965,0.0
2021-11-11 05:20:00,0.04951185495118549,-0.2367372614803943,-0.3015636634400597,-0.4479557221924656,0.40923427255238126,0.9962138084632516,0.5,-0.6323989576492477,0.7131034720565964,0.8218715558076621,0.3284943028843502,0.07457806102336965,0.0
2021-11-11 05:30:00,0.055090655509065556,-0.23694694904592162,-0.3015636634400597,-0.4511694340296376,0.40923427255238126,0.9962138084632516,0.5,-0.6323989576492477,0.7131034720565964,0.8218715558076621,0.3284943028843502,0.07457806102336965,0.0
2021-11-11 05:40:00,0.044630404463040445,-0.23715663661144892,-0.30037230081906185,-0.4565256204249242,0.40923427255238126,0.9962138084632516,0.5,-0.6323989576492477,0.7131034720565964,0.8218715558076621,0.3284943028843502,0.07457806102336965,0.0
2021-11-11 05:50:00,0.06694560669456066,-0.23736632417697634,-0.30007446016381245,-0.45973933226209607,0.40923427255238126,0.9962138084632516,0.5,-0.6323989576492477,0.7131034720565964,0.8218715558076621,0.3284943028843502,0.07457806102336965,0.0
2021-11-11 06:00:00,0.09205020920502092,-0.23757601174250376,-0.29918093819806413,-0.46473843956436345,0.40923427255238126,0.9962138084632516,0.5,-0.6536884014297802,0.7106839804946457,0.8403864178522836,0.3869487137859716,0.0760508634845386,0.0
2021-11-11 06:10:00,0.09205020920502092,-0.23778569930803106,-0.3015636634400597,-0.4668809141224781,0.40923427255238126,0.9962138084632516,0.5,-0.6536884014297802,0.7106839804946457,0.8403864178522836,0.3869487137859716,0.0760508634845386,0.0
2021-11-11 06:20:00,0.05160390516039052,-0.23799538687355848,-0.302457185405808,-0.47009462595965,0.40923427255238126,0.9962138084632516,0.5,-0.6536884014297802,0.7106839804946457,0.8403864178522836,0.3869487137859716,0.0760508634845386,0.0
2021-11-11 06:30:00,0.03138075313807531,-0.23820507443908578,-0.3057334326135518,-0.4704517050526692,0.40923427255238126,0.9962138084632516,0.5,-0.6536884014297802,0.7106839804946457,0.8403864178522836,0.3869487137859716,0.0760508634845386,0.0
2021-11-11 06:40:00,0.03138075313807531,-0.2384147620046132,-0.31228592702903957,-0.4604534904481342,0.40923427255238126,0.9962138084632516,0.5,-0.6536884014297802,0.7106839804946457,0.8403864178522836,0.3869487137859716,0.0760508634845386,0.0
2021-11-11 06:50:00,0.03486750348675035,-0.23862444957014062,-0.31913626209977675,-0.40403499375111596,0.40923427255238126,0.9962138084632516,0.5,-0.6536884014297802,0.7106839804946457,0.8403864178522836,0.3869487137859716,0.0760508634845386,0.0
2021-11-11 07:00:00,0.048814504881450484,-0.23883413713566792,-0.31943410275502615,-0.35440099982146045,0.40923427255238126,0.9962138084632516,0.5,-0.6641702768606605,0.7007531457700573,0.8624567674800906,0.39472784326762606,0.08287705973886542,0.0
2021-11-11 07:10:00,0.04951185495118549,-0.23904382470119534,-0.3179448994787789,-0.35582931619353686,0.40923427255238126,0.9962138084632516,0.5,-0.6641702768606605,0.7007531457700573,0.8624567674800906,0.39472784326762606,0.08287705973886542,0.0
2021-11-11 07:20:00,0.060669456066945605,-0.23925351226672265,-0.31496649292628454,-0.3776111408677022,0.40923427255238126,0.9962138084632516,0.5,-0.6641702768606605,0.7007531457700573,0.8624567674800906,0.39472784326762606,0.08287705973886542,0.0
2021-11-11 07:30:00,0.0599721059972106,-0.23946319983225006,-0.3104988830975429,-0.3965363327977147,0.40923427255238126,0.9962138084632516,0.5,-0.6641702768606605,0.7007531457700573,0.8624567674800906,0.39472784326762606,0.08287705973886542,0.0
2021-11-11 07:40:00,0.060669456066945605,-0.23967288739777737,-0.309903201787044,-0.41153365470451697,0.40923427255238126,0.9962138084632516,0.5,-0.6641702768606605,0.7007531457700573,0.8624567674800906,0.39472784326762606,0.08287705973886542,0.0
2021-11-11 07:50:00,0.061366806136680614,-0.23988257496330478,-0.30752047654504844,-0.4236743438671665,0.40923427255238126,0.9962138084632516,0.5,-0.6641702768606605,0.7007531457700573,0.8624567674800906,0.39472784326762606,0.08287705973886542,0.0
2021-11-11 08:00:00,0.06903765690376569,-0.2400922625288321,-0.30752047654504844,-0.43438671665773965,0.40923427255238126,0.9962138084632516,0.5,-0.6789790819428709,0.6933624898349753,0.8754690378878753,0.40272148406691255,0.09648450813569744,0.0
2021-11-11 08:10:00,0.08577405857740586,-0.2403019500943595,-0.30752047654504844,-0.44688448491340826,0.40923427255238126,0.9962138084632516,0.5,-0.6789790819428709,0.6933624898349753,0.8754690378878753,0.40272148406691255,0.09648450813569744,0.0
2021-11-11 08:20:00,0.08228730822873082,-0.24051163765988692,-0.30752047654504844,-0.4540260667737904,0.40923427255238126,0.9962138084632516,0.5,-0.6789790819428709,0.6933624898349753,0.8754690378878753,0.40272148406691255,0.09648450813569744,0.0
2021-11-11 08:30:00,0.09414225941422595,-0.24072132522541423,-0.30752047654504844,-0.414747366541689,0.40923427255238126,0.9962138084632516,0.5,-0.6789790819428709,0.6933624898349753,0.8754690378878753,0.40272148406691255,0.09648450813569744,0.0
2021-11-11 08:40:00,0.07740585774058578,-0.24093101279094165,-0.3054355919583024,-0.35725763256561327,0.40923427255238126,0.9962138084632516,0.5,-0.6789790819428709,0.6933624898349753,0.8754690378878753,0.40272148406691255,0.09648450813569744,0.0
2021-11-11 08:50:00,0.09135285913528592,-0.24114070035646895,-0.30290394638868223,-0.35743617211212286,0.40923427255238126,0.9962138084632516,0.5,-0.6789790819428709,0.6933624898349753,0.8754690378878753,0.40272148406691255,0.09648450813569744,0.0
2021-11-11 09:00:00,0.10529986052998605,-0.24135038792199637,-0.30037230081906185,-0.35761471165863234,0.40923427255238126,0.9962138084632516,0.5,-0.6816580687960836,0.6950291229774129,0.8184118128877896,0.3980539575575416,0.10765300933035388,0.0
2021-11-11 09:10:00,0.10808926080892609,-0.24156007548752367,-0.29590469099032024,-0.37689698268166394,0.40923427255238126,0.9962138084632516,0.5,-0.6816580687960836,0.6950291229774129,0.8184118128877896,0.3980539575575416,0.10765300933035388,0.0
2021-11-11 09:20:00,0.10529986052998605,-0.2417697630530511,-0.2827997021593449,-0.3904659882163899,0.40923427255238126,0.9962138084632516,0.5,-0.6816580687960836,0.6950291229774129,0.8184118128877896,0.3980539575575416,0.10765300933035388,0.0
2021-11-11 09:30:00,0.09065550906555091,-0.24197945061857828,-0.2741623231571111,-0.3983217282628101,0.40923427255238126,0.9962138084632516,0.5,-0.6816580687960836,0.6950291229774129,0.8184118128877896,0.3980539575575416,0.10765300933035388,0.0
2021-11-11 09:40:00,0.11366806136680613,-0.2421891381841058,-0.26850335070737164,-0.4001071237279057,0.40923427255238126,0.9962138084632516,0.5,-0.6816580687960836,0.6950291229774129,0.8184118128877896,0.3980539575575416,0.10765300933035388,0.0
2021-11-11 09:50:00,0.1290097629009763,-0.24239882574963323,-0.26880119136262115,-0.40260667737903943,0.40923427255238126,0.9962138084632516,0.5,-0.6816580687960836,0.6950291229774129,0.8184118128877896,0.3980539575575416,0.10765300933035388,0.0
2021-11-11 10:00:00,0.17573221757322177,-0.24260851331516042,-0.2676098287416233,-0.4051062310301732,0.40923427255238126,0.9962138084632516,0.5,-0.3946899880362468,0.7018996744318386,0.5458360138668709,0.3219635556791144,0.13144662758719494,0.0
2021-11-11 10:10:00,0.21827057182705717,-0.24281820088068795,-0.26046165301563673,-0.40689162649526867,0.5226603499496146,0.9953229398663697,0.5,-0.3946899880362468,0.7018996744318386,0.5458360138668709,0.3219635556791144,0.13144662758719494,0.0
2021-11-11 10:20:00,0.19386331938633192,-0.24302788844621515,-0.24556962025316464,-0.39582217461167646,0.6469356506262188,0.04242761692650334,0.5,-0.3946899880362468,0.7018996744318386,0.5458360138668709,0.3219635556791144,0.13144662758719494,0.06318934170224966
2021-11-11 10:30:00,0.15690376569037656,-0.09960159362549814,-0.23335815338793753,-0.3486877343331547,0.6442135294656528,0.00033407572383073496,0.5,-0.3946899880362468,0.7018996744318386,0.5458360138668709,0.3219635556791144,0.13144662758719494,0.05050771760942711
2021-11-11 10:40:00,0.14783821478382148,-0.5856573705179284,-0.23008190618019375,-0.3101231922870915,0.6398947795474474,0.00033407572383073496,0.5,-0.3946899880362468,0.7018996744318386,0.5458360138668709,0.3219635556791144,0.13144662758719494,0.04180937580156012
2021-11-11 10:50:00,0.17294281729428174,-0.5139442231075697,-0.2241250930752049,-0.2765577575432959,0.6277368441716507,0.00033407572383073496,0.5,-0.3946899880362468,0.7018996744318386,0.5458360138668709,0.3219635556791144,0.13144662758719494,0.0613184060835584
2021-11-11 11:00:00,0.14783821478382148,-0.4581673306772909,-0.21429635145197334,-0.24834850919478657,0.6277368441716507,0.00011135857461024499,0.5,-0.3124961018576671,0.7024715020100168,0.4043586267907264,0.26833965902379947,0.18044979813358453,0.04227710970623293
2021-11-11 11:10:00,0.13598326359832635,-0.3227091633466136,-0.20268056589724515,-0.21692554900910554,0.619112431456204,0.00011135857461024499,0.5,-0.3124961018576671,0.7024715020100168,0.4043586267907264,0.26833965902379947,0.18044979813358453,0.029127751708737572
2021-11-11 11:20:00,0.13528591352859135,0.3067729083665336,-0.18719285182427414,-0.18800214247455804,0.6113648558453625,0.00011135857461024499,0.5,-0.3124961018576671,0.7024715020100168,0.4043586267907264,0.26833965902379947,0.18044979813358453,0.01736650723478733
2021-11-11 11:30:00,0.1297071129707113,0.6175298804780875,-0.1696202531645571,-0.1612212104981252,0.6113648558453625,0.00011135857461024499,0.5,-0.3124961018576671,0.7024715020100168,0.4043586267907264,0.26833965902379947,0.18044979813358453,0.012115816950073178
2021-11-11 11:40:00,0.13319386331938632,0.22709163346613526,-0.15770662695457938,-0.1358685948937688,0.6220570336731623,0.00011135857461024499,0.5,-0.3124961018576671,0.7024715020100168,0.4043586267907264,0.26833965902379947,0.18044979813358453,0.01974289723433469
2021-11-11 11:50:00,0.15550906555090654,0.17131474103585642,-0.1431124348473568,-0.1183717193358329,0.6277368441716507,0.00033407572383073496,0.5,-0.3124961018576671,0.7024715020100168,0.4043586267907264,0.26833965902379947,0.18044979813358453,0.03285453475564675
2021-11-11 12:00:00,0.14644351464435149,0.19521912350597592,-0.1311988086373791,-0.10444563470808788,0.6277368441716507,0.00033407572383073496,0.5,-0.27743303283311493,0.7008623389759425,0.34437465863223105,0.27125557364651726,0.24319961589123257,0.03278663789851683
2021-11-11 12:10:00,0.17154811715481172,0.3227091633466135,-0.11928518242740138,-0.09337618282449556,0.6277368441716507,0.00033407572383073496,0.5,-0.27743303283311493,0.7008623389759425,0.34437465863223105,0.27125557364651726,0.24319961589123257,0.0445252500867571
2021-11-11 12:20:00,0.14225941422594143,0.019920318725099362,-0.11124348473566659,-0.0862346009641134,0.6277368441716507,0.00022271714922048998,0.5,-0.27743303283311493,0.7008623389759425,0.34437465863223105,0.27125557364651726,0.24319961589123257,0.038044872278467645
2021-11-11 12:30:00,0.1492329149232915,-0.13147410358565736,-0.10171258376768444,-0.06909480449919658,0.6277368441716507,0.00022271714922048998,0.5,-0.27743303283311493,0.7008623389759425,0.34437465863223105,0.27125557364651726,0.24319961589123257,0.04236763884907283
2021-11-11 12:40:00,0.15829846582984658,-0.14741035856573714,-0.08979895755770673,-0.055882878057489815,0.6277368441716507,0.00033407572383073496,0.5,-0.27743303283311493,0.7008623389759425,0.34437465863223105,0.27125557364651726,0.24319961589123257,0.04089654027792447
2021-11-11 12:50:00,0.15481171548117156,-0.5298804780876495,-0.07758749069247961,-0.042670951615782826,0.6277368441716507,0.00022271714922048998,0.5,-0.27743303283311493,0.7008623389759425,0.34437465863223105,0.27125557364651726,0.24319961589123257,0.04100970170647434
2021-11-11 13:00:00,0.15271966527196654,-0.36254980079681276,-0.06775874906924817,-0.031244420639171433,0.6277368441716507,0.00022271714922048998,0.5,-0.10587958267280317,0.6855005790113422,0.22309863463037555,0.26199458294977324,0.26592199075375095,0.036377627231166165
2021-11-11 13:10:00,0.14295676429567641,-0.33067729083665354,-0.056440804169769265,-0.01624709873236929,0.6277368441716507,0.00022271714922048998,0.5,-0.10587958267280317,0.6855005790113422,0.22309863463037555,0.26199458294977324,0.26592199075375095,0.032628211898547005
2021-11-11 13:20:00,0.18688981868898188,-0.6892430278884463,-0.04542069992553999,-0.0033922513836815993,0.6272787949379017,0.00044543429844097997,0.5,-0.10587958267280317,0.6855005790113422,0.22309863463037555,0.26199458294977324,0.26592199075375095,0.05151862637113932
2021-11-11 13:30:00,0.17433751743375175,0.1633466135458166,-0.03410275502606119,0.0005356186395288898,0.6112601588776485,0.00033407572383073496,0.5,-0.10587958267280317,0.6855005790113422,0.22309863463037555,0.26199458294977324,0.26592199075375095,0.04655461170541817
2021-11-11 13:40:00,0.16945606694560672,0.2350597609561753,-0.02486969471332856,0.013390465988216471,0.6112601588776485,0.00044543429844097997,0.5,-0.10587958267280317,0.6855005790113422,0.22309863463037555,0.26199458294977324,0.26592199075375095,0.05062087903797697
2021-11-11 13:50:00,0.20223152022315202,0.21912350597609564,-0.01236038719285204,0.021603285127655747,0.6112601588776485,0.00022271714922048998,0.5,-0.10587958267280317,0.6855005790113422,0.22309863463037555,0.26199458294977324,0.26592199075375095,0.06945848484391266
2021-11-11 14:00:00,0.200836820083682,0.3067729083665336,-0.0019359642591214588,0.023388680592751232,0.6112601588776485,0.00033407572383073496,0.5,-0.09092118898427504,0.6596533977764828,0.20811706769731042,0.2569707490463282,0.2664504416887841,0.06879460446308674
2021-11-11 14:10:00,0.20502092050209206,0.4422310756972112,0.007594936708860578,0.02874486698803791,0.6112601588776485,0.00022271714922048998,0.5,-0.09092118898427504,0.6596533977764828,0.20811706769731042,0.2569707490463282,0.2664504416887841,0.06718016808244187
2021-11-11 14:20:00,0.17642956764295675,0.593625498007968,0.013849590469098949,0.031958578825209694,0.6159322610618889,0.00022271714922048998,0.5,-0.09092118898427504,0.6596533977764828,0.20811706769731042,0.2569707490463282,0.2664504416887841,0.05348763522790712
2021-11-11 14:30:00,0.19595536959553697,-0.003984063745020028,0.02308265078183136,0.04052847705766838,0.6277237570506864,0.00022271714922048998,0.5,-0.09092118898427504,0.6596533977764828,0.20811706769731042,0.2569707490463282,0.2664504416887841,0.06496220408286435
2021-11-11 14:40:00,0.1596931659693166,0.2589641434262948,0.0355919583023081,0.05409748259239433,0.631689154702857,0.00022271714922048998,0.5,-0.09092118898427504,0.6596533977764828,0.20811706769731042,0.2569707490463282,0.2664504416887841,0.046396185705448345
2021-11-11 14:50:00,0.16666666666666669,-0.7290836653386454,0.04184661206254625,0.06766648812712006,0.6441219196189031,0.00033407572383073496,0.5,-0.09092118898427504,0.6596533977764828,0.20811706769731042,0.2569707490463282,0.2664504416887841,0.048236944943192965
2021-11-11 15:00:00,0.1708507670850767,-0.5378486055776892,0.04839910647803425,0.07659346545259771,0.6390572038057348,0.00044543429844097997,0.5,-0.07638621276669555,0.6383664696399792,0.19164201083068708,0.2653657747222914,0.27677869356200446,0.053834663608793396
2021-11-11 15:10:00,0.14016736401673638,0.47410358565737054,0.053164556962025156,0.0848062845920372,0.6329847796783185,0.00022271714922048998,0.5,-0.07638621276669555,0.6383664696399792,0.19164201083068708,0.2653657747222914,0.27677869356200446,0.030712011708435807
2021-11-11 15:20:00,0.14016736401673638,-0.20318725099601598,0.05733432613551748,0.10515979289412614,0.6432319953933334,0.00011135857461024499,0.5,-0.07638621276669555,0.6383664696399792,0.19164201083068708,0.2653657747222914,0.27677869356200446,0.03538935075516393
2021-11-11 15:30:00,0.15760111576011157,-0.3944223107569722,0.06478034251675346,0.12658453847527218,0.6432319953933334,0.00011135857461024499,0.5,-0.07638621276669555,0.6383664696399792,0.19164201083068708,0.2653657747222914,0.27677869356200446,0.0374564328500083
2021-11-11 15:40:00,0.17364016736401675,-0.6095617529880479,0.07222635889798945,0.13729691126584553,0.6432319953933334,0.00033407572383073496,0.5,-0.07638621276669555,0.6383664696399792,0.19164201083068708,0.2653657747222914,0.27677869356200446,0.05780285770327565
2021-11-11 15:50:00,0.1771269177126918,-0.5776892430278885,0.0814594192107223,0.13515443670773086,0.6432319953933334,0.00033407572383073496,0.5,-0.07638621276669555,0.6383664696399792,0.19164201083068708,0.2653657747222914,0.27677869356200446,0.05668633160825023
2021-11-11 16:00:00,0.15341701534170155,-0.3466135458167332,0.08294862248696933,0.14301017675415095,0.6432319953933334,0.00022271714922048998,0.5,-0.015428872368733137,0.62332079527136,0.15276917026913892,0.27324990418046957,0.2866455711084682,0.04516649818187305
2021-11-11 16:10:00,0.17224546722454673,-0.6653386454183268,0.08771407297096023,0.15086591680057126,0.6383766735155932,0.00044543429844097997,0.5,-0.015428872368733137,0.62332079527136,0.15276917026913892,0.27324990418046957,0.2866455711084682,0.054679602275299125
2021-11-11 16:20:00,0.12203626220362622,0.36254980079681287,0.08890543559195829,0.1587216568469918,0.6267553100993312,0.00011135857461024499,0.5,-0.015428872368733137,0.62332079527136,0.15276917026913892,0.27324990418046957,0.2866455711084682,0.025031307995232132
2021-11-11 16:30:00,0.14086471408647142,0.6972111553784857,0.0892032762472077,0.18336011426530985,0.6267553100993312,0.00011135857461024499,0.5,-0.015428872368733137,0.62332079527136,0.15276917026913892,0.27324990418046957,0.2866455711084682,0.026638200280640345
2021-11-11 16:40:00,0.14435146443514643,0.7211155378486056,0.09575577066269525,0.20085698982324596,0.6375521848948449,0.00022271714922048998,0.5,-0.015428872368733137,0.62332079527136,0.15276917026913892,0.27324990418046957,0.2866455711084682,0.032213286660530804
2021-11-11 16:50:00,0.14365411436541145,0.5139442231075697,0.10022338049143698,0.2115693626138191,0.6432319953933334,0.00022271714922048998,0.5,-0.015428872368733137,0.62332079527136,0.15276917026913892,0.27324990418046957,0.2866455711084682,0.030712011708435807
2021-11-11 17:00:00,0.14504881450488147,-0.36254980079681276,0.10022338049143698,0.21942510266023918,0.6432319953933334,0.00033407572383073496,0.5,-0.009737034236612874,0.6194674245058284,0.12688273003416248,0.28477659438786096,0.3008574617347524,0.03517057199330084
2021-11-11 17:10:00,0.12691771269177127,0.027888446215139417,0.05971705137751293,0.16336368505623988,0.6432319953933334,0.00022271714922048998,0.5,-0.009737034236612874,0.6194674245058284,0.12688273003416248,0.28477659438786096,0.3008574617347524,0.034491603422001596
2021-11-11 17:20:00,0.15550906555090654,-0.2828685258964144,0.015338793745345969,0.0448134261738975,0.6432319953933334,0.00033407572383073496,0.5,-0.009737034236612874,0.6194674245058284,0.12688273003416248,0.28477659438786096,0.3008574617347524,0.05329903284699067
2021-11-11 17:30:00,0.11924686192468618,-0.02788844621513953,-0.004914370811615942,-0.017675415104445702,0.6432319953933334,0.00033407572383073496,0.5,-0.009737034236612874,0.6194674245058284,0.12688273003416248,0.28477659438786096,0.3008574617347524,0.032907343422303365
2021-11-11 17:40:00,0.11645746164574616,0.09960159362549792,-0.019806403574088027,-0.049455454383145914,0.6432319953933334,0.00033407572383073496,0.5,-0.009737034236612874,0.6194674245058284,0.12688273003416248,0.28477659438786096,0.3008574617347524,0.02998023447047996
2021-11-11 17:50:00,0.1617852161785216,0.38645418326693215,-0.03320923306031276,-0.07623638635957874,0.6432319953933334,0.00033407572383073496,0.5,-0.009737034236612874,0.6194674245058284,0.12688273003416248,0.28477659438786096,0.3008574617347524,0.05882885465546118
2021-11-11 18:00:00,0.15550906555090654,0.298804780876494,-0.04690990320178712,-0.10266023924299217,0.6432319953933334,0.00033407572383073496,0.5,-0.216614141109584,0.6031114316666044,0.26129073697647487,0.25568013714270604,0.2858083430881489,0.05596964256076769
2021-11-11 18:10:00,0.16945606694560672,0.08366533864541825,-0.05882352941176483,-0.11908587752187105,0.6432319953933334,0.00033407572383073496,0.5,-0.216614141109584,0.6031114316666044,0.26129073697647487,0.25568013714270604,0.2858083430881489,0.06980551322479896
2021-11-11 18:20:00,0.12831241283124128,-0.019920318725099695,-0.07163067758749087,-0.13194072487055875,0.6432319953933334,0.00033407572383073496,0.5,-0.216614141109584,0.6031114316666044,0.26129073697647487,0.25568013714270604,0.2858083430881489,0.041613229325407
2021-11-11 18:30:00,0.10529986052998605,0.043824701195219085,-0.085331347728965,-0.1347973576147118,0.6432319953933334,0.00011135857461024499,0.5,-0.216614141109584,0.6031114316666044,0.26129073697647487,0.25568013714270604,0.2858083430881489,0.018234078187003035
2021-11-11 18:40:00,0.11854951185495119,0.2828685258964143,-0.09486224869694715,-0.1422960185681127,0.6432319953933334,0.00022271714922048998,0.5,-0.216614141109584,0.6031114316666044,0.26129073697647487,0.25568013714270604,0.2858083430881489,0.029452147803913878
2021-11-11 18:50:00,0.15760111576011157,0.5617529880478087,-0.10171258376768444,-0.15479378682378142,0.6432319953933334,0.00044543429844097997,0.5,-0.216614141109584,0.6031114316666044,0.26129073697647487,0.25568013714270604,0.2858083430881489,0.051971272085338804
2021-11-11 19:00:00,0.13458856345885634,0.33864541832669315,-0.10618019359642605,-0.16336368505623988,0.6432319953933334,0.00033407572383073496,0.5,-0.2571980803295819,0.6119043582456691,0.3658994539003396,0.2750239824819377,0.2637792488787058,0.045573879324652594
2021-11-11 19:10:00,0.15271966527196654,0.15537848605577675,-0.11034996276991826,-0.16979110873058378,0.6432319953933334,0.00033407572383073496,0.5,-0.2571980803295819,0.6119043582456691,0.3658994539003396,0.2750239824819377,0.2637792488787058,0.05590928979887442
2021-11-11 19:20:00,0.21199442119944212,0.394422310756972,-0.11303052866716312,-0.17371897875379394,0.6432319953933334,0.00033407572383073496,0.5,-0.2571980803295819,0.6119043582456691,0.3658994539003396,0.2750239824819377,0.2637792488787058,0.09393907388686874
2021-11-11 19:30:00,0.24198047419804744,0.5458167330677288,-0.11451973194341047,-0.18193179789323333,0.6432319953933334,0.00022271714922048998,0.5,-0.2571980803295819,0.6119043582456691,0.3658994539003396,0.2750239824819377,0.2637792488787058,0.1183517660726949
2021-11-11 19:40:00,0.22454672245467225,0.5298804780876492,-0.11928518242740138,-0.18478843063738626,0.6432319953933334,0.00022271714922048998,0.5,-0.2571980803295819,0.6119043582456691,0.3658994539003396,0.2750239824819377,0.2637792488787058,0.10630384597975165
2021-11-11 19:50:00,0.2280334728033473,0.25099601593625476,-0.12137006701414754,-0.18621674700946256,0.6432319953933334,0.00022271714922048998,0.5,-0.2571980803295819,0.6119043582456691,0.3658994539003396,0.2750239824819377,0.2637792488787058,0.11446655702581589
2021-11-11 20:00:00,0.2629009762900976,0.22709163346613526,-0.12285927029039478,-0.1919300124977681,0.6432319953933334,0.00022271714922048998,0.5,-0.29484244500825996,0.6184502035878602,0.42088301435142755,0.25854779191742283,0.24987242519216266,0.15027083301899605
2021-11-11 20:10:00,0.27475592747559274,0.33864541832669315,-0.12375279225614311,-0.1919300124977681,0.6432319953933334,0.00033407572383073496,0.5,-0.29484244500825996,0.6184502035878602,0.42088301435142755,0.25854779191742283,0.24987242519216266,0.15901443939828297
2021-11-11 20:20:00,0.300557880055788,0.6733067729083664,-0.12851824274013413,-0.19478664524192102,0.6432319953933334,0.00022271714922048998,0.5,-0.29484244500825996,0.6184502035878602,0.42088301435142755,0.25854779191742283,0.24987242519216266,0.17470615749053217
2021-11-11 20:30:00,0.2210599721059972,0.5458167330677288,-0.1309009679821297,-0.19550080342795917,0.6432319953933334,0.00033407572383073496,0.5,-0.29484244500825996,0.6184502035878602,0.42088301435142755,0.25854779191742283,0.24987242519216266,0.10674894759871449
2021-11-11 20:40:00,0.15132496513249652,0.09960159362549792,-0.13417721518987347,-0.19550080342795917,0.6432319953933334,0.00044543429844097997,0.5,-0.29484244500825996,0.6184502035878602,0.42088301435142755,0.25854779191742283,0.24987242519216266,0.05234847684717172
2021-11-11 20:50:00,0.1506276150627615,-0.6733067729083666,-0.13775130305286676,-0.1919300124977681,0.6432319953933334,0.00033407572383073496,0.5,-0.29484244500825996,0.6184502035878602,0.42088301435142755,0.25854779191742283,0.24987242519216266,0.046630052657784755
2021-11-11 21:00:00,0.19595536959553697,-0.7768924302788845,-0.14072970960536124,-0.1937154079628638,0.6432319953933334,0.00033407572383073496,0.5,-0.31333483199882073,0.6263839520469431,0.44259194372699356,0.23087901430828855,0.2112090076367369,0.07645940522353153
2021-11-11 21:10:00,0.19804741980474197,0.05179282868525892,-0.14072970960536124,-0.19728619889305476,0.6279462381070788,0.00022271714922048998,0.5,-0.31333483199882073,0.6263839520469431,0.44259194372699356,0.23087901430828855,0.2112090076367369,0.08280398931756115
2021-11-11 21:20:00,0.15202231520223153,0.08366533864541825,-0.14072970960536124,-0.20228530619532226,0.6267553100993312,0.00044543429844097997,0.5,-0.31333483199882073,0.6263839520469431,0.44259194372699356,0.23087901430828855,0.2112090076367369,0.059100442083980874
2021-11-11 21:30:00,0.13319386331938632,-0.3067729083665339,-0.14072970960536124,-0.19621496161399754,0.6267553100993312,0.00022271714922048998,0.5,-0.31333483199882073,0.6263839520469431,0.44259194372699356,0.23087901430828855,0.2112090076367369,0.03874647313547686
2021-11-11 21:40:00,0.10529986052998605,-0.5378486055776892,-0.14370811615785561,-0.19407248705588287,0.6084464278703328,0.00011135857461024499,0.5,-0.31333483199882073,0.6263839520469431,0.44259194372699356,0.23087901430828855,0.2112090076367369,0.01158018618827044
2021-11-11 21:50:00,0.09344490934449094,-0.5697211155378487,-0.14817572598659734,-0.19121585431173005,0.5866171101019487,0.00033407572383073496,0.5,-0.31333483199882073,0.6263839520469431,0.44259194372699356,0.23087901430828855,0.2112090076367369,0.007046184951038822
2021-11-11 22:00:00,0.10808926080892609,-0.10756972111553798,-0.15264333581533884,-0.18693090519550082,0.5609532658910367,0.00022271714922048998,0.5,-0.37409672329243027,0.6380992336361078,0.40539824897594423,0.24559924435615998,0.14591372326459695,0.010305234093275193
2021-11-11 22:10:00,0.10739191073919108,0.06772908366533859,-0.15264333581533884,-0.18514550973040522,0.5609532658910367,0.00022271714922048998,0.5,-0.37409672329243027,0.6380992336361078,0.40539824897594423,0.24559924435615998,0.14591372326459695,0.011482112950193885
2021-11-11 22:20:00,0.12482566248256625,0.1872509960159361,-0.15264333581533884,-0.18978753793965364,0.5609532658910367,0.00022271714922048998,0.5,-0.37409672329243027,0.6380992336361078,0.40539824897594423,0.24559924435615998,0.14591372326459695,0.02137996590068953
2021-11-11 22:30:00,0.11645746164574616,0.17131474103585642,-0.15413253909158608,-0.1919300124977681,0.5609532658910367,0.00022271714922048998,0.5,-0.37409672329243027,0.6380992336361078,0.40539824897594423,0.24559924435615998,0.14591372326459695,0.01410745809255096
2021-11-11 22:40:00,0.1199442119944212,-0.1633466135458168,-0.15562174236783333,-0.1919300124977681,0.5609532658910367,0.00022271714922048998,0.5,-0.37409672329243027,0.6380992336361078,0.40539824897594423,0.24559924435615998,0.14591372326459695,0.018392504186972858
2021-11-11 22:50:00,0.1394700139470014,0.05976095617529875,-0.1544303797468355,-0.19442956614890183,0.5609532658910367,0.00033407572383073496,0.5,-0.37409672329243027,0.6380992336361078,0.40539824897594423,0.24559924435615998,0.14591372326459695,0.035962701993149965
2021-11-11 23:00:00,0.1589958158995816,-0.043824701195219196,-0.15264333581533884,-0.20407070166041774,0.5609532658910367,0.00033407572383073496,0.5,-0.42246724142934,0.6326884229340236,0.41747830876119474,0.28522289401254614,0.09508519528827489,0.04835765046697949
2021-11-11 23:10:00,0.16527196652719667,-0.043824701195219196,-0.15264333581533884,-0.2112122835207998,0.5609532658910367,0.00044543429844097997,0.5,-0.42246724142934,0.6326884229340236,0.41747830876119474,0.28522289401254614,0.09508519528827489,0.056112980370264194
2021-11-11 23:20:00,0.14504881450488147,-0.1872509960159363,-0.15204765450484004,-0.2129976789858954,0.5609532658910367,0.00033407572383073496,0.5,-0.42246724142934,0.6326884229340236,0.41747830876119474,0.28522289401254614,0.09508519528827489,0.043506797229808235
2021-11-11 23:30:00,0.11297071129707113,0.09960159362549792,-0.14966492926284458,-0.204784859846456,0.5609532658910367,0.00033407572383073496,0.5,-0.42246724142934,0.6326884229340236,0.41747830876119474,0.28522289401254614,0.09508519528827489,0.0211687312340631
2021-11-11 23:40:00,0.1304044630404463,0.05976095617529875,-0.15234549516008944,-0.19692911980003558,0.5609532658910367,0.00022271714922048998,0.5,-0.42246724142934,0.6326884229340236,0.41747830876119474,0.28522289401254614,0.09508519528827489,0.03210766932721759
2021-11-11 23:50:00,0.13598326359832635,-0.03585657370517936,-0.1508562918838423,-0.20407070166041774,0.5609532658910367,0.00022271714922048998,0.5,-0.42246724142934,0.6326884229340236,0.41747830876119474,0.28522289401254614,0.09508519528827489,0.03827119513556739
2021-11-12 00:00:00,0.10669456066945607,0.394422310756972,-0.1466865227103501,-0.19907159435815036,0.5609532658910367,0.00022271714922048998,0.5,-0.4322274894162309,0.6306568546034995,0.4482833615938608,0.30600816102020045,0.058415494687508805,0.015291881044706308
2021-11-12 00:10:00,0.10739191073919108,0.3545816733067728,-0.14877140729709615,-0.19300124977682553,0.5609532658910367,0.00022271714922048998,0.5,-0.4322274894162309,0.6306568546034995,0.4482833615938608,0.30600816102020045,0.058415494687508805,0.015782247235089097
2021-11-12 00:20:00,0.10390516039051603,-0.49800796812749004,-0.1466865227103501,-0.1919300124977681,0.5609532658910367,0.00022271714922048998,0.5,-0.4322274894162309,0.6306568546034995,0.4482833615938608,0.30600816102020045,0.058415494687508805,0.01158018618827044
2021-11-12 00:30:00,0.07601115760111576,-0.33067729083665354,-0.14579300074460166,-0.19121585431173005,0.5609532658910367,0.000556792873051225,0.5,-0.4322274894162309,0.6306568546034995,0.4482833615938608,0.30600816102020045,0.058415494687508805,0.0
2021-11-12 00:40:00,0.06485355648535565,0.298804780876494,-0.12464631422189132,-0.14479557221924644,0.5609532658910367,0.5230512249443208,0.5,-0.4322274894162309,0.6306568546034995,0.4482833615938608,0.30600816102020045,0.058415494687508805,0.0
2021-11-12 00:50:00,0.09135285913528592,0.9203187250996017,-0.11839166046165317,-0.10908766291733607,0.5609532658910367,0.9993318485523385,0.5,-0.4322274894162309,0.6306568546034995,0.4482833615938608,0.30600816102020045,0.058415494687508805,0.0
2021-11-12 01:00:00,0.07043235704323571,-0.2270916334661356,-0.11392405063291144,-0.10266023924299217,0.5609532658910367,0.9993318485523385,0.5,-0.4872985765234942,0.6352314752289463,0.5299089208282941,0.297155344849037,0.022323754846707938,0.0
2021-11-12 01:10:00,0.055788005578800565,-0.17211155378486054,-0.10558451228592702,-0.10337439742903054,0.5609532658910367,0.9993318485523385,0.5,-0.4872985765234942,0.6352314752289463,0.5299089208282941,0.297155344849037,0.022323754846707938,0.0
2021-11-12 01:20:00,0.05090655509065551,-0.11713147410358571,-0.10201042442293384,-0.1105159792894127,0.5609532658910367,0.9993318485523385,0.5,-0.4872985765234942,0.6352314752289463,0.5299089208282941,0.297155344849037,0.022323754846707938,0.0
2021-11-12 01:30:00,0.017433751743375175,-0.06215139442231088,-0.10290394638868217,-0.1151580074986609,0.5609532658910367,0.9993318485523385,0.5,-0.4872985765234942,0.6352314752289463,0.5299089208282941,0.297155344849037,0.022323754846707938,0.0
2021-11-12 01:40:00,0.028591352859135284,-0.007171314741035828,-0.11064780342516767,-0.12194251026602376,0.5609532658910367,0.9993318485523385,0.5,-0.4872985765234942,0.6352314752289463,0.5299089208282941,0.297155344849037,0.022323754846707938,0.0
2021-11-12 01:50:00,0.06415620641562064,0.047808764940239,-0.12017870439314982,-0.12408498482413843,0.5609532658910367,0.9993318485523385,0.5,-0.4872985765234942,0.6352314752289463,0.5299089208282941,0.297155344849037,0.022323754846707938,0.0
2021-11-12 02:00:00,0.06834030683403068,0.10278884462151394,-0.12285927029039478,-0.129441171219425,0.5609532658910367,0.9993318485523385,0.5,-0.508309121769795,0.6327315255152919,0.5843319628530997,0.2370637968069949,0.9741331011729951,0.0
2021-11-12 02:10:00,0.05230125523012552,0.15776892430278866,-0.12702903946388688,-0.13872522763792183,0.5609532658910367,0.9993318485523385,0.5,-0.508309121769795,0.6327315255152919,0.5843319628530997,0.2370637968069949,0.9741331011729951,0.0
2021-11-12 02:20:00,0.1806136680613668,0.21274900398406382,-0.15889798957557721,-0.15443670773076235,0.5597623378832891,0.9993318485523385,0.5,-0.508309121769795,0.6327315255152919,0.5843319628530997,0.2370637968069949,0.9741331011729951,0.0
2021-11-12 02:30:00,0.25662482566248257,0.26772908366533854,-0.16396128071481764,-0.1694340296375647,0.40995406420541547,0.9014476614699333,0.5,-0.508309121769795,0.6327315255152919,0.5843319628530997,0.2370637968069949,0.9741331011729951,0.0
2021-11-12 02:40:00,0.20781032078103207,0.3227091633466135,-0.16813104988830985,-0.16979110873058378,0.32952061875907923,0.006570155902004454,0.5,-0.508309121769795,0.6327315255152919,0.5843319628530997,0.2370637968069949,0.9741331011729951,0.073668089985968
2021-11-12 02:50:00,0.199442119944212,0.6972111553784857,-0.1583023082650783,-0.15943581503302984,0.33609035348313726,0.00033407572383073496,0.5,-0.508309121769795,0.6327315255152919,0.5843319628530997,0.2370637968069949,0.9741331011729951,0.06687086017773888
2021-11-12 03:00:00,0.2377963737796374,0.20318725099601576,-0.1627699180938199,-0.1519371540796286,0.35104893274528537,0.00022271714922048998,0.5,-0.48389889611279746,0.6374900504874901,0.5413559245085668,0.1829796143927015,0.8663308813038297,0.1084086485507793
2021-11-12 03:10:00,0.2085076708507671,0.5697211155378485,-0.16008935219657494,-0.14479557221924644,0.35286804255931736,0.00033407572383073496,0.5,-0.48389889611279746,0.6374900504874901,0.5413559245085668,0.1829796143927015,0.8663308813038297,0.07034868808183835
2021-11-12 03:20:00,0.16945606694560672,0.6334661354581672,-0.15621742367833225,-0.1312265666845207,0.3648820196045072,0.00033407572383073496,0.5,-0.48389889611279746,0.6374900504874901,0.5413559245085668,0.1829796143927015,0.8663308813038297,0.04358223818217481
2021-11-12 03:30:00,0.14714086471408647,0.1633466135458166,-0.16098287416232326,-0.11587216568469916,0.3648820196045072,0.00022271714922048998,0.5,-0.48389889611279746,0.6374900504874901,0.5413559245085668,0.1829796143927015,0.8663308813038297,0.03247732999381384
2021-11-12 03:40:00,0.19107391910739194,-0.13147410358565736,-0.1663440059568132,-0.10408855561506858,0.3648820196045072,0.00022271714922048998,0.5,-0.48389889611279746,0.6374900504874901,0.5413559245085668,0.1829796143927015,0.8663308813038297,0.05049262941895379
2021-11-12 03:50:00,0.1206415620641562,0.22709163346613526,-0.16872673119880877,-0.09908944831280142,0.3648820196045072,0.00022271714922048998,0.5,-0.48389889611279746,0.6374900504874901,0.5413559245085668,0.1829796143927015,0.8663308813038297,0.018098284472743184
2021-11-12 04:00:00,0.11018131101813111,0.11553784860557759,-0.17140729709605362,-0.07909301910373145,0.3648820196045072,0.00022271714922048998,0.5,-0.511230352111901,0.6459985000301719,0.6050558001165929,0.2306049421291671,0.773765400018541,0.0047452359038580505
2021-11-12 04:10:00,0.13319386331938632,0.47410358565737054,-0.17349218168279978,-0.05302624531333677,0.370731962675531,0.00022271714922048998,0.5,-0.511230352111901,0.6459985000301719,0.6050558001165929,0.2306049421291671,0.773765400018541,0.01001855847428218
2021-11-12 04:20:00,0.11785216178521618,-0.2589641434262948,-0.17349218168279978,-0.03802892340653463,0.3777597466333381,0.00022271714922048998,0.5,-0.511230352111901,0.6459985000301719,0.6050558001165929,0.2306049421291671,0.773765400018541,0.01028260180756522
2021-11-12 04:30:00,0.14504881450488147,-0.31474103585657376,-0.17855547282204032,-0.023388680592751232,0.3648820196045072,0.00022271714922048998,0.5,-0.511230352111901,0.6459985000301719,0.6050558001165929,0.2306049421291671,0.773765400018541,0.03129290704165849
2021-11-12 04:40:00,0.16875871687587168,-0.1633466135458168,-0.177661950856292,-0.023031601499732157,0.3648820196045072,0.00022271714922048998,0.5,-0.511230352111901,0.6459985000301719,0.6050558001165929,0.2306049421291671,0.773765400018541,0.041733934849193535
2021-11-12 04:50:00,0.19665271966527195,-0.2828685258964144,-0.17617274758004486,-0.034101053383324476,0.3648820196045072,0.00044543429844097997,0.5,-0.511230352111901,0.6459985000301719,0.6050558001165929,0.2306049421291671,0.773765400018541,0.06475096941623791
2021-11-12 05:00:00,0.18270571827057183,-0.29083665338645437,-0.17706626954579308,-0.0480271380110695,0.3648820196045072,0.00033407572383073496,0.5,-0.499602397820309,0.6348751605571176,0.5899546474649794,0.21192785658575297,0.7853745735280158,0.05848937036981155
2021-11-12 05:10:00,0.13528591352859135,0.29083665338645415,-0.17349218168279978,-0.05052669166220303,0.3648820196045072,0.00022271714922048998,0.5,-0.499602397820309,0.6348751605571176,0.5899546474649794,0.21192785658575297,0.7853745735280158,0.024397603995352842
2021-11-12 05:20:00,0.13598326359832635,-0.20318725099601598,-0.17676842889054356,-0.038386002499553595,0.3648820196045072,0.00022271714922048998,0.5,-0.499602397820309,0.6348751605571176,0.5899546474649794,0.21192785658575297,0.7853745735280158,0.02976145570861687
2021-11-12 05:30:00,0.11785216178521618,-0.07569721115537853,-0.21429635145197334,-0.054454561685413405,0.3648820196045072,0.00044543429844097997,0.5,-0.499602397820309,0.6348751605571176,0.5899546474649794,0.21192785658575297,0.7853745735280158,0.021809979329179052
2021-11-12 05:40:00,0.12343096234309624,0.043824701195219085,-0.28756515264333593,-0.15265131226566697,0.3648820196045072,0.00033407572383073496,0.5,-0.499602397820309,0.6348751605571176,0.5899546474649794,0.21192785658575297,0.7853745735280158,0.025906423042684493
2021-11-12 05:50:00,0.11018131101813111,0.12350597609561742,-0.31466865227103513,-0.2144259953579718,0.3648820196045072,0.00022271714922048998,0.5,-0.499602397820309,0.6348751605571176,0.5899546474649794,0.21192785658575297,0.7853745735280158,0.025106748947598716
2021-11-12 06:00:00,0.13598326359832635,0.41035856573705165,-0.3283693224125095,-0.24513479735761468,0.3648820196045072,0.00033407572383073496,0.5,-0.5118808040629399,0.6348895280842043,0.5526512584970219,0.23186646974447542,0.9413561235132916,0.04650934713399822
2021-11-12 06:10:00,0.24337517433751746,0.47410358565737054,-0.3408786299329859,-0.2733440457061238,0.3720014134090641,0.00022271714922048998,0.5,-0.5118808040629399,0.6348895280842043,0.5526512584970219,0.23186646974447542,0.9413561235132916,0.1329797667365753
2021-11-12 06:20:00,0.2824267782426778,0.29083665338645415,-0.3516008935219658,-0.2926263167291554,0.3813848791404379,0.00022271714922048998,0.5,-0.5118808040629399,0.6348895280842043,0.5526512584970219,0.23186646974447542,0.9413561235132916,0.1653363912066026
2021-11-12 06:30:00,0.2503486750348675,0.5776892430278884,-0.35845122859270295,-0.31119442956614896,0.3813848791404379,0.00022271714922048998,0.5,-0.5118808040629399,0.6348895280842043,0.5526512584970219,0.23186646974447542,0.9413561235132916,0.13559756778369572
2021-11-12 06:40:00,0.2796373779637378,0.25099601593625476,-0.3611317944899479,-0.31905016961256916,0.3813848791404379,0.00022271714922048998,0.5,-0.5118808040629399,0.6348895280842043,0.5526512584970219,0.23186646974447542,0.9413561235132916,0.16093818368363083
2021-11-12 06:50:00,0.2670850767085077,0.22709163346613526,-0.36619508562918845,-0.3265488305659704,0.3813848791404379,0.000779510022271715,0.5,-0.5118808040629399,0.6348895280842043,0.5526512584970219,0.23186646974447542,0.9413561235132916,0.1438809843535465
2021-11-12 07:00:00,0.29009762900976294,0.33864541832669315,-0.36887565152643353,-0.3326191751472952,0.3813848791404379,0.014699331848552339,0.5,-0.5440948855371999,0.6379727993977153,0.607908230198577,0.21441567073590734,0.9436482612677023,0.15892391025544306
2021-11-12 07:10:00,0.299163179916318,0.31474103585657365,-0.36589724497393905,-0.32262096054276024,0.3813848791404379,0.6038975501113586,0.5,-0.5440948855371999,0.6379727993977153,0.607908230198577,0.21441567073590734,0.9436482612677023,0.044012251610664334
2021-11-12 07:20:00,0.34239888423988846,0.38645418326693215,-0.3405807892777365,-0.2765577575432959,0.3825365457852927,0.010579064587973273,0.5,-0.5440948855371999,0.6379727993977153,0.607908230198577,0.21441567073590734,0.9436482612677023,0.23913273081159378
2021-11-12 07:30:00,0.34797768479776847,-0.003984063745020028,-0.3644080416976918,-0.2979825031244421,0.39516561751580276,0.0010022271714922048,0.5,-0.5440948855371999,0.6379727993977153,0.607908230198577,0.21441567073590734,0.9436482612677023,0.25078081385699413
2021-11-12 07:40:00,0.3458856345885635,-0.059760956175298974,-0.37006701414743126,-0.31297982503124433,0.39516561751580276,0.00022271714922048998,0.5,-0.5440948855371999,0.6379727993977153,0.607908230198577,0.21441567073590734,0.9436482612677023,0.24718982452434482
2021-11-12 07:50:00,0.33751743375174337,-0.4342629482071714,-0.37393894266567396,-0.31405106231030167,0.39516561751580276,0.00022271714922048998,0.5,-0.5440948855371999,0.6379727993977153,0.607908230198577,0.21441567073590734,0.9436482612677023,0.22885012900402857
2021-11-12 08:00:00,0.3193863319386332,-0.649402390438247,-0.37602382725242,-0.3136939832172826,0.39516561751580276,0.00022271714922048998,0.5,-0.5614126767755434,0.6416939889140173,0.6295288969441221,0.2197606975243152,0.8986032158146112,0.1956862863436788
2021-11-12 08:10:00,0.2914923291492329,-0.6175298804780878,-0.3790022338049145,-0.318336011426531,0.3930716781615213,0.00033407572383073496,0.5,-0.5614126767755434,0.6416939889140173,0.6295288969441221,0.2197606975243152,0.8986032158146112,0.15795826606515082
2021-11-12 08:20:00,0.27615062761506276,0.25099601593625476,-0.38078927773641114,-0.33226209605427603,0.381240920809831,0.00022271714922048998,0.5,-0.5614126767755434,0.6416939889140173,0.6295288969441221,0.2197606975243152,0.8986032158146112,0.15331110339936932
2021-11-12 08:30:00,0.2768479776847978,0.2749003984063745,-0.38495904690990335,-0.3408319942867345,0.381240920809831,0.00022271714922048998,0.5,-0.5614126767755434,0.6416939889140173,0.6295288969441221,0.2197606975243152,0.8986032158146112,0.1499917014952397
2021-11-12 08:40:00,0.2719665271966527,0.6175298804780875,-0.38495904690990335,-0.3454740224959829,0.381240920809831,0.00033407572383073496,0.5,-0.5614126767755434,0.6416939889140173,0.6295288969441221,0.2197606975243152,0.8986032158146112,0.1487620139716644
2021-11-12 08:50:00,0.2629009762900976,0.38645418326693215,-0.3864482501861505,-0.3472594179610783,0.3880985721951028,0.00022271714922048998,0.5,-0.5614126767755434,0.6416939889140173,0.6295288969441221,0.2197606975243152,0.8986032158146112,0.13445086530772365
2021-11-12 09:00:00,0.2649930264993026,-0.09960159362549814,-0.3879374534623977,-0.3490448134261739,0.3950740076690529,0.00022271714922048998,0.5,-0.5500615531266354,0.6667681971914355,0.5959865612536946,0.26656304929530994,0.7925670360619042,0.14081053759222656
2021-11-12 09:10:00,0.20920502092050208,0.043824701195219085,-0.3879374534623977,-0.35083020889126937,0.3950740076690529,0.00033407572383073496,0.5,-0.5500615531266354,0.6667681971914355,0.5959865612536946,0.26656304929530994,0.7925670360619042,0.09309413522036303
2021-11-12 09:20:00,0.14435146443514643,0.298804780876494,-0.3879374534623977,-0.3472594179610783,0.4014081742157543,0.00044543429844097997,0.5,-0.5500615531266354,0.6667681971914355,0.5959865612536946,0.26656304929530994,0.7925670360619042,0.04743727084810719
2021-11-12 09:30:00,0.1492329149232915,-0.11553784860557781,-0.3879374534623977,-0.34011783610069624,0.41156378008401934,0.00044543429844097997,0.5,-0.5500615531266354,0.6667681971914355,0.5959865612536946,0.26656304929530994,0.7925670360619042,0.05311043046607421
2021-11-12 09:40:00,0.1499302649930265,-0.06772908366533881,-0.3879374534623977,-0.33833244063560075,0.41156378008401934,0.00033407572383073496,0.5,-0.5500615531266354,0.6667681971914355,0.5959865612536946,0.26656304929530994,0.7925670360619042,0.05750863798904598
2021-11-12 09:50:00,0.1603905160390516,-0.5458167330677292,-0.3864482501861505,-0.34011783610069624,0.4098101058748086,0.00033407572383073496,0.5,-0.5500615531266354,0.6667681971914355,0.5959865612536946,0.26656304929530994,0.7925670360619042,0.04847835599076603
2021-11-12 10:00:00,0.14435146443514643,0.13147410358565725,-0.38198064035740886,-0.33547580789144793,0.3951394432738742,0.00033407572383073496,0.5,-0.3548063302829709,0.6819000767225954,0.41593548813355863,0.2706234311152175,0.7247037282684334,0.03624183351690632
2021-11-12 10:10:00,0.11785216178521618,0.11553784860557759,-0.3766195085629189,-0.32904838421710414,0.3951394432738742,0.00033407572383073496,0.5,-0.3548063302829709,0.6819000767225954,0.41593548813355863,0.2706234311152175,0.7247037282684334,0.020369057138977322
2021-11-12 10:20:00,0.14714086471408647,-0.40239043824701204,-0.37006701414743126,-0.32047848598464557,0.3951394432738742,0.000556792873051225,0.5,-0.3548063302829709,0.6819000767225954,0.41593548813355863,0.2706234311152175,0.7247037282684334,0.043446444467914964
2021-11-12 10:30:00,0.197350069735007,-0.49800796812749004,-0.3638123603871929,-0.3169076950544545,0.3951394432738742,0.00033407572383073496,0.5,-0.3548063302829709,0.6819000767225954,0.41593548813355863,0.2706234311152175,0.7247037282684334,0.07872263379452903
2021-11-12 10:40:00,0.23640167364016737,-0.5856573705179284,-0.3572598659717052,-0.3165506159614354,0.3830600306238631,0.12839643652561247,0.5,-0.3548063302829709,0.6819000767225954,0.41593548813355863,0.2706234311152175,0.7247037282684334,0.08990298293525657
2021-11-12 10:50:00,0.23291492329149233,-0.07569721115537853,-0.3340282948622487,-0.2879842885199072,0.37862349661697925,0.99543429844098,0.5,-0.3548063302829709,0.6819000767225954,0.41593548813355863,0.2706234311152175,0.7247037282684334,0.0
2021-11-12 11:00:00,0.23291492329149233,0.20318725099601576,-0.2973938942665675,-0.23120871272986965,0.37862349661697925,0.99543429844098,0.5,-0.3640810573463015,0.678762208806146,0.3939826951983227,0.3494754661802184,0.7192717939840896,0.0
2021-11-12 11:10:00,0.2824267782426778,0.346613545816733,-0.2789277736411021,-0.20764149259060882,0.37862349661697925,0.99543429844098,0.5,-0.3640810573463015,0.678762208806146,0.3939826951983227,0.3494754661802184,0.7192717939840896,0.0
2021-11-12 11:20:00,0.23849372384937237,0.3784860557768923,-0.2670141474311244,-0.1987145152651313,0.381437227624295,0.6325167037861915,0.5,-0.3640810573463015,0.678762208806146,0.3939826951983227,0.3494754661802184,0.7192717939840896,0.0279659610422922
2021-11-12 11:30:00,0.20920502092050208,-0.29083665338645437,-0.24288905435591968,-0.18300303517229055,0.38254963290625693,0.00044543429844097997,0.5,-0.3640810573463015,0.678762208806146,0.3939826951983227,0.3494754661802184,0.7192717939840896,0.0986315011240702
2021-11-12 11:40:00,0.22594142259414227,-0.298804780876494,-0.22204020848845885,-0.15586502410283876,0.3773016973995891,0.00044543429844097997,0.5,-0.3640810573463015,0.678762208806146,0.3939826951983227,0.3494754661802184,0.7192717939840896,0.11349336874028698
2021-11-12 11:50:00,0.3277545327754533,0.2111553784860556,-0.20714817572598676,-0.13872522763792183,0.36980277708706866,0.0008908685968819599,0.5,-0.3640810573463015,0.678762208806146,0.3939826951983227,0.3494754661802184,0.7192717939840896,0.21506706700665387
2021-11-12 12:00:00,0.3458856345885635,0.19521912350597592,-0.24973938942665685,-0.18693090519550082,0.36577194383007683,0.014253897550111359,0.5,-0.3584461862910131,0.6702997353501531,0.378838552558811,0.3675704229576272,0.7364783461485828,0.2509543280474373
2021-11-12 12:10:00,0.36541143654114366,-0.10756972111553798,-0.2631422189128817,-0.21978218175325825,0.3710198793367447,0.0579064587973274,0.5,-0.3584461862910131,0.6702997353501531,0.378838552558811,0.3675704229576272,0.7364783461485828,0.1944565988201035
2021-11-12 12:20:00,0.38702928870292885,-0.23505976095617542,-0.2637379002233806,-0.23406534547402247,0.37204067477195685,0.08574610244988864,0.5,-0.3584461862910131,0.6702997353501531,0.378838552558811,0.3675704229576272,0.7364783461485828,0.17400455663352296
2021-11-12 12:30:00,0.398186889818689,-0.08366533864541836,-0.2598659717051379,-0.23585074093911806,0.3706403528287812,0.06737193763919821,0.5,-0.3584461862910131,0.6702997353501531,0.378838552558811,0.3675704229576272,0.7364783461485828,0.23127178357499587
2021-11-12 12:40:00,0.44142259414225943,-0.1394422310756973,-0.2589724497393895,-0.23370826638100328,0.3725903338524558,0.07884187082405346,0.5,-0.3584461862910131,0.6702997353501531,0.378838552558811,0.3675704229576272,0.7364783461485828,0.25220664785672253
2021-11-12 12:50:00,0.40376569037656906,0.15537848605577675,-0.25688756515264344,-0.2301374754508122,0.36708065592650274,0.06280623608017817,0.5,-0.3584461862910131,0.6702997353501531,0.378838552558811,0.3675704229576272,0.7364783461485828,0.24513783061997374
2021-11-12 13:00:00,0.4100418410041841,-0.17131474103585675,-0.2562918838421445,-0.23120871272986965,0.3708366596432451,0.05111358574610245,0.5,-0.20744527675226299,0.6553862422307594,0.28534052825944956,0.4037182696198354,0.7429226202650272,0.2912397966111924
2021-11-12 13:10:00,0.403068340306834,0.019920318725099362,-0.2509307520476546,-0.22799500089269775,0.36998599678056826,0.03908685968819599,0.5,-0.20744527675226299,0.6553862422307594,0.28534052825944956,0.4037182696198354,0.7429226202650272,0.3257389441284307
2021-11-12 13:20:00,0.40446304044630405,0.10756972111553775,-0.24467609828741632,-0.22192465631137293,0.3770006936174112,0.0334075723830735,0.5,-0.20744527675226299,0.6553862422307594,0.28534052825944956,0.4037182696198354,0.7429226202650272,0.2992742580382335
2021-11-12 13:30:00,0.37447698744769875,-0.05179282868525903,-0.23693224125093093,-0.21406891626495272,0.37389904594888174,0.030734966592427616,0.5,-0.20744527675226299,0.6553862422307594,0.28534052825944956,0.4037182696198354,0.7429226202650272,0.2969959412767627
2021-11-12 13:40:00,0.4100418410041841,0.01195219123505975,-0.23067758749069256,-0.20764149259060882,0.3782832314719085,0.04587973273942094,0.5,-0.20744527675226299,0.6553862422307594,0.28534052825944956,0.4037182696198354,0.7429226202650272,0.31451333041628315
2021-11-12 13:50:00,0.4086471408647141,-0.09960159362549814,-0.22352941176470598,-0.20335654347437948,0.3716873225059219,0.0232739420935412,0.5,-0.20744527675226299,0.6553862422307594,0.28534052825944956,0.4037182696198354,0.7429226202650272,0.34928406536204115
2021-11-12 14:00:00,0.3821478382147839,-0.17131474103585675,-0.21578555472822047,-0.19585788252097835,0.37650338302076924,0.010801781737193764,0.5,-0.19164001476874803,0.6430043073846221,0.2799160541227462,0.4610412863366706,0.7390033444414004,0.3301748721275858
2021-11-12 14:10:00,0.397489539748954,-0.13147410358565736,-0.20685033507073725,-0.18943045884663456,0.3735064323199539,0.01514476614699332,0.5,-0.19164001476874803,0.6430043073846221,0.2799160541227462,0.4610412863366706,0.7390033444414004,0.36139988231211434
2021-11-12 14:20:00,0.42747559274755925,-0.03585657370517936,-0.19702159344750558,-0.18478843063738626,0.36467262566907904,0.005233853006681514,0.5,-0.19164001476874803,0.6430043073846221,0.2799160541227462,0.4610412863366706,0.7390033444414004,0.44637657105783307
2021-11-12 14:30:00,0.398186889818689,0.019920318725099362,-0.1895755770662696,-0.18264595607927148,0.36776118621664416,0.00022271714922048998,0.5,-0.19164001476874803,0.6430043073846221,0.2799160541227462,0.4610412863366706,0.7390033444414004,0.37801952411847245
2021-11-12 14:40:00,0.4337517433751743,-0.08366533864541836,-0.18302308265078193,-0.17621853240492769,0.3699467354176755,0.00033407572383073496,0.5,-0.19164001476874803,0.6430043073846221,0.2799160541227462,0.4610412863366706,0.7390033444414004,0.4294928859181918
2021-11-12 14:50:00,0.43096234309623427,-0.13147410358565736,-0.17855547282204032,-0.1740760578468129,0.3675910536441088,0.00033407572383073496,0.5,-0.19164001476874803,0.6430043073846221,0.2799160541227462,0.4610412863366706,0.7390033444414004,0.4286177708707395
2021-11-12 15:00:00,0.4211994421199442,0.003984063745019917,-0.17349218168279978,-0.1694340296375647,0.36693669759589587,0.00033407572383073496,0.5,-0.17502047045866842,0.6324527954897461,0.2697961602458774,0.5475022214569469,0.7259568993942555,0.436576791345414
2021-11-12 15:10:00,0.40376569037656906,0.027888446215139417,-0.17289650037230098,-0.16907695054454563,0.3675648794021803,0.0010022271714922048,0.5,-0.17502047045866842,0.6324527954897461,0.2697961602458774,0.5475022214569469,0.7259568993942555,0.3838284774506993
2021-11-12 15:20:00,0.398884239888424,-0.05179282868525903,-0.1699180938198066,-0.17050526691662193,0.3712947088769942,0.00033407572383073496,0.5,-0.17502047045866842,0.6324527954897461,0.2697961602458774,0.5475022214569469,0.7259568993942555,0.36469665193053397
2021-11-12 15:30:00,0.41562064156206413,-0.043824701195219196,-0.16455696202531667,-0.16836279235850737,0.3724202012799205,0.0044543429844098,0.5,-0.17502047045866842,0.6324527954897461,0.2697961602458774,0.5475022214569469,0.7259568993942555,0.4112738959216621
2021-11-12 15:40:00,0.4463040446304045,0.20318725099601576,-0.1618763961280716,-0.16014997321906788,0.36516993626572086,0.00957683741648107,0.5,-0.17502047045866842,0.6324527954897461,0.2697961602458774,0.5475022214569469,0.7259568993942555,0.46019735353139096
2021-11-12 15:50:00,0.4281729428172943,-0.09960159362549814,-0.16157855547282218,-0.1597928941260488,0.36668804229757496,0.0038975501113585743,0.5,-0.17502047045866842,0.6324527954897461,0.2697961602458774,0.5475022214569469,0.7259568993942555,0.42064366220559174
2021-11-12 16:00:00,0.46722454672245467,0.14741035856573692,-0.15770662695457938,-0.1597928941260488,0.35719987959848715,0.00033407572383073496,0.5,-0.14651238416888945,0.6313752309579982,0.2625555810451944,0.6088468529970188,0.7211349297654097,0.5481162394194065
2021-11-12 16:10:00,0.5278940027894004,0.1394422310756971,-0.1553239017125838,-0.1583645777539725,0.3592938189527686,0.000556792873051225,0.5,-0.14651238416888945,0.6313752309579982,0.2625555810451944,0.6088468529970188,0.7211349297654097,0.6719978273005719
2021-11-12 16:20:00,0.5125523012552301,0.19521912350597592,-0.15562174236783333,-0.15729334047491517,0.36539241732211336,0.000556792873051225,0.5,-0.14651238416888945,0.6313752309579982,0.2625555810451944,0.6088468529970188,0.7211349297654097,0.6090649848363686
2021-11-12 16:30:00,0.5397489539748954,-0.01195219123505975,-0.1553239017125838,-0.15265131226566697,0.36434544764497256,0.000556792873051225,0.5,-0.14651238416888945,0.6313752309579982,0.2625555810451944,0.6088468529970188,0.7211349297654097,0.7042412903420493
2021-11-12 16:40:00,0.4546722454672245,-0.21912350597609564,-0.15562174236783333,-0.15086591680057126,0.3655494627736845,0.00033407572383073496,0.5,-0.14651238416888945,0.6313752309579982,0.2625555810451944,0.6088468529970188,0.7211349297654097,0.5131644461879687
2021-11-12 16:50:00,0.48465829846582986,-0.05179282868525903,-0.15562174236783333,-0.14943760042849485,0.3639266597741163,0.00033407572383073496,0.5,-0.14651238416888945,0.6313752309579982,0.2625555810451944,0.6088468529970188,0.7211349297654097,0.5878887095070688
2021-11-12 17:00:00,0.48884239888423986,-0.20318725099601598,-0.16128071481757278,-0.15515086591680072,0.3684678907487142,0.00011135857461024499,0.5,-0.14156151827265684,0.6332430094796946,0.24713739308459762,0.6204869240125369,0.7148817098049914,0.5762783469378517
2021-11-12 17:10:00,0.3856345885634589,-0.13147410358565736,-0.16902457185405817,-0.16086413140510625,0.3715041028124223,0.00022271714922048998,0.5,-0.14156151827265684,0.6332430094796946,0.24713739308459762,0.6204869240125369,0.7148817098049914,0.36960031383436187
2021-11-12 17:20:00,0.3633193863319386,0.2111553784860556,-0.17498138495904703,-0.16586323870737363,0.3715041028124223,0.00022271714922048998,0.5,-0.14156151827265684,0.6332430094796946,0.24713739308459762,0.6204869240125369,0.7148817098049914,0.3022089110852935
2021-11-12 17:30:00,0.32147838214783825,0.06772908366533859,-0.17944899478778864,-0.17657561149794665,0.3715041028124223,0.00011135857461024499,0.5,-0.14156151827265684,0.6332430094796946,0.24713739308459762,0.6204869240125369,0.7148817098049914,0.25520919776091255
2021-11-12 17:40:00,0.4086471408647141,0.19521912350597592,-0.17944899478778864,-0.18121763970719518,0.37866275797987203,0.00022271714922048998,0.5,-0.14156151827265684,0.6332430094796946,0.24713739308459762,0.6204869240125369,0.7148817098049914,0.39300209725847585
2021-11-12 17:50:00,0.36750348675034866,-0.11553784860557781,-0.17944899478778864,-0.18014640242813773,0.38039025794715414,0.00022271714922048998,0.5,-0.14156151827265684,0.6332430094796946,0.24713739308459762,0.6204869240125369,0.7148817098049914,0.3008132534665118
2021-11-12 18:00:00,0.403068340306834,0.027888446215139417,-0.17944899478778864,-0.1840742724513479,0.38367512530918324,0.00022271714922048998,0.5,-0.27940360006577236,0.6283408092365966,0.3316513976121155,0.5092741384766527,0.7052730049814865,0.38186701268916823
2021-11-12 18:10:00,0.3354253835425383,-0.019920318725099695,-0.1812360387192853,-0.18693090519550082,0.3858475873892503,0.00033407572383073496,0.5,-0.27940360006577236,0.6283408092365966,0.3316513976121155,0.5092741384766527,0.7052730049814865,0.24467764081053758
2021-11-12 18:20:00,0.3158995815899582,0.05976095617529875,-0.182427401340283,-0.1937154079628638,0.38083522005993903,0.00044543429844097997,0.5,-0.27940360006577236,0.6283408092365966,0.3316513976121155,0.5092741384766527,0.7052730049814865,0.2064215338654435
2021-11-12 18:30:00,0.32566248256624825,0.2350597609561753,-0.18510796723752798,-0.20085698982324574,0.38083522005993903,0.00044543429844097997,0.5,-0.27940360006577236,0.6283408092365966,0.3316513976121155,0.5092741384766527,0.7052730049814865,0.21763205938711772
2021-11-12 18:40:00,0.32984658298465835,0.09163346613545809,-0.18838421444527187,-0.20549901803249415,0.38083522005993903,0.00044543429844097997,0.5,-0.27940360006577236,0.6283408092365966,0.3316513976121155,0.5092741384766527,0.7052730049814865,0.22487439081430963
2021-11-12 18:50:00,0.299163179916318,0.12350597609561742,-0.19046909903201792,-0.20728441349758975,0.38083522005993903,0.00044543429844097997,0.5,-0.27940360006577236,0.6283408092365966,0.3316513976121155,0.5092741384766527,0.7052730049814865,0.18262745748902334
2021-11-12 19:00:00,0.25174337517433754,0.22709163346613526,-0.19136262099776635,-0.21906802356722022,0.38083522005993903,0.00044543429844097997,0.5,-0.2988242702427405,0.6604665998097757,0.3624180257653328,0.5169935986070882,0.6801807524223015,0.12893613168972645
2021-11-12 19:10:00,0.24058577405857742,0.07569721115537842,-0.1934475055845124,-0.22442420996250667,0.38083522005993903,0.00044543429844097997,0.5,-0.2988242702427405,0.6604665998097757,0.3624180257653328,0.5169935986070882,0.6801807524223015,0.12054709778656246
2021-11-12 19:20:00,0.20292887029288703,0.2749003984063745,-0.19612807148175737,-0.23085163363685057,0.38083522005993903,0.00044543429844097997,0.5,-0.2988242702427405,0.6604665998097757,0.3624180257653328,0.5169935986070882,0.6801807524223015,0.08640252274544714
2021-11-12 19:30:00,0.1631799163179916,-0.17131474103585675,-0.19880863737900234,-0.22906623817175498,0.38083522005993903,0.00022271714922048998,0.5,-0.2988242702427405,0.6604665998097757,0.3624180257653328,0.5169935986070882,0.6801807524223015,0.06607118608265311
2021-11-12 19:40:00,0.28172942817294283,0.09163346613545809,-0.20029784065524958,-0.23227995000892698,0.38083522005993903,0.00033407572383073496,0.5,-0.2988242702427405,0.6604665998097757,0.3624180257653328,0.5169935986070882,0.6801807524223015,0.1510176984474252
2021-11-12 19:50:00,0.29567642956764295,0.24302788844621515,-0.20029784065524958,-0.23477950366006073,0.3903102956380626,0.00033407572383073496,0.5,-0.2988242702427405,0.6604665998097757,0.3624180257653328,0.5169935986070882,0.6801807524223015,0.1812242557750049
2021-11-12 20:00:00,0.3235704323570432,-0.4900398406374503,-0.20029784065524958,-0.23263702910194595,0.39473374252398213,0.00033407572383073496,0.5,-0.30877483095820435,0.6830494788897933,0.4108099148861647,0.49135177981805,0.7021984622201971,0.2123738250071669
2021-11-12 20:10:00,0.3207810320781032,0.22709163346613526,-0.20178704393149682,-0.22585252633458308,0.38260198139011403,0.00033407572383073496,0.5,-0.30877483095820435,0.6830494788897933,0.4108099148861647,0.49135177981805,0.7021984622201971,0.2152330371018604
2021-11-12 20:20:00,0.298465829846583,0.3067729083665336,-0.20536113179449,-0.23263702910194595,0.38090065566476033,0.00033407572383073496,0.5,-0.30877483095820435,0.6830494788897933,0.4108099148861647,0.49135177981805,0.7021984622201971,0.1849661270123874
2021-11-12 20:30:00,0.2503486750348675,-0.12350597609561753,-0.20625465376023833,-0.23477950366006073,0.38090065566476033,0.00033407572383073496,0.5,-0.30877483095820435,0.6830494788897933,0.4108099148861647,0.49135177981805,0.7021984622201971,0.14384326387736318
2021-11-12 20:40:00,0.20641562064156208,-0.17131474103585675,-0.21072226358897994,-0.23477950366006073,0.37307455732813344,0.00033407572383073496,0.5,-0.30877483095820435,0.6830494788897933,0.4108099148861647,0.49135177981805,0.7021984622201971,0.1040179851230442
2021-11-12 20:50:00,0.23361227336122734,0.20318725099601576,-0.21221146686522718,-0.23942153186930903,0.3737158262553821,0.00022271714922048998,0.5,-0.30877483095820435,0.6830494788897933,0.4108099148861647,0.49135177981805,0.7021984622201971,0.12451529188104472
2021-11-12 21:00:00,0.2210599721059972,0.019920318725099362,-0.21399851079672383,-0.24299232279950012,0.3694232505791051,0.00011135857461024499,0.5,-0.3218115196901632,0.689520613091118,0.41953193667866456,0.419773963033662,0.7403257120601875,0.12554128883323024
2021-11-12 21:10:00,0.24546722454672246,0.4262948207171313,-0.21876396128071496,-0.24549187645063375,0.36714609153132405,0.00011135857461024499,0.5,-0.3218115196901632,0.689520613091118,0.41953193667866456,0.419773963033662,0.7403257120601875,0.1406445674970201
2021-11-12 21:20:00,0.2608089260808926,0.12350597609561742,-0.22382725241995538,-0.24834850919478657,0.36714609153132405,0.00011135857461024499,0.5,-0.3218115196901632,0.689520613091118,0.41953193667866456,0.419773963033662,0.7403257120601875,0.15596662492267305
2021-11-12 21:30:00,0.3361227336122734,0.20318725099601576,-0.23097542814594196,-0.2512051419389395,0.3777073981494811,0.00033407572383073496,0.5,-0.3218115196901632,0.689520613091118,0.41953193667866456,0.419773963033662,0.7403257120601875,0.2412224451921481
2021-11-12 21:40:00,0.3493723849372385,0.17131474103585642,-0.23484735666418477,-0.24692019282271016,0.38101843975343863,0.00033407572383073496,0.5,-0.3218115196901632,0.689520613091118,0.41953193667866456,0.419773963033662,0.7403257120601875,0.25287807233278514
2021-11-12 21:50:00,0.3242677824267783,0.1633466135458166,-0.23931496649292638,-0.2526334583110159,0.38101843975343863,0.00033407572383073496,0.5,-0.3218115196901632,0.689520613091118,0.41953193667866456,0.419773963033662,0.7403257120601875,0.21467477405434768
2021-11-12 22:00:00,0.2705718270571827,0.24302788844621515,-0.24199553239017135,-0.25656132833422596,0.38101843975343863,0.00033407572383073496,0.5,-0.38631916305091385,0.684167272497393,0.48250351877489445,0.34909176512944834,0.7717241844757268,0.14387344025830984
2021-11-12 22:10:00,0.21269177126917713,0.49003984063745,-0.24467609828741632,-0.26334583110158893,0.38101843975343863,0.00033407572383073496,0.5,-0.38631916305091385,0.684167272497393,0.48250351877489445,0.34909176512944834,0.7717241844757268,0.09536490788659716
2021-11-12 22:20:00,0.17433751743375175,0.33864541832669315,-0.24914370811615805,-0.26620246384574175,0.38101843975343863,0.00022271714922048998,0.5,-0.38631916305091385,0.684167272497393,0.48250351877489445,0.34909176512944834,0.7717241844757268,0.06169561084539132
2021-11-12 22:30:00,0.15481171548117156,0.4581673306772909,-0.2521221146686523,-0.26691662203178,0.38101843975343863,0.00022271714922048998,0.5,-0.38631916305091385,0.684167272497393,0.48250351877489445,0.34909176512944834,0.7717241844757268,0.050756672752236824
2021-11-12 22:40:00,0.12622036262203626,0.1394422310756971,-0.2583767684288907,-0.2690590965898947,0.38101843975343863,0.00033407572383073496,0.5,-0.38631916305091385,0.684167272497393,0.48250351877489445,0.34909176512944834,0.7717241844757268,0.029240913137287446
2021-11-12 22:50:00,0.099721059972106,-0.21115537848605592,-0.2643335815338794,-0.2690590965898947,0.3687688945308921,0.00033407572383073496,0.5,-0.38631916305091385,0.684167272497393,0.48250351877489445,0.34909176512944834,0.7717241844757268,0.0030100939994266492
2021-11-12 23:00:00,0.09832635983263598,-0.05179282868525903,-0.2679076693968728,-0.2654883056597036,0.36456792870136506,0.04844097995545657,0.5,-0.43387333096971115,0.6894803840152662,0.5069915796690075,0.297179755038172,0.8047820192084278,0.0
2021-11-12 23:10:00,0.14086471408647142,-0.36254980079681276,-0.2631422189128817,-0.2640599892876272,0.36456792870136506,0.9667037861915369,0.5,-0.43387333096971115,0.6894803840152662,0.5069915796690075,0.297179755038172,0.8047820192084278,0.0
2021-11-12 23:20:00,0.17503486750348674,-0.7848605577689244,-0.23842144452717806,-0.22763792179967846,0.36456792870136506,0.9974387527839643,0.5,-0.43387333096971115,0.6894803840152662,0.5069915796690075,0.297179755038172,0.8047820192084278,0.0
2021-11-12 23:30:00,0.2503486750348675,0.07569721115537842,-0.2318689501116903,-0.21478307445099076,0.3473452775124001,0.21826280623608021,0.5,-0.43387333096971115,0.6894803840152662,0.5069915796690075,0.297179755038172,0.8047820192084278,0.08556512817417808
2021-11-12 23:40:00,0.21199442119944212,0.40239043824701204,-0.21399851079672383,-0.2001428316372077,0.35781497428380726,0.00022271714922048998,0.5,-0.43387333096971115,0.6894803840152662,0.5069915796690075,0.297179755038172,0.8047820192084278,0.09427855817251837
2021-11-12 23:50:00,0.12343096234309624,0.2828685258964143,-0.20208488458674623,-0.17300482056775568,0.3652877203543992,0.00022271714922048998,0.5,-0.43387333096971115,0.6894803840152662,0.5069915796690075,0.297179755038172,0.8047820192084278,0.028743002851668
2021-11-13 00:00:00,0.17852161785216178,0.394422310756972,-0.19583023082650786,-0.1440814140332084,0.3780345761735876,0.00033407572383073496,0.5,-0.4511850519457693,0.6703543319530957,0.5318361150645414,0.2733621187240043,0.839615136910438,0.0563468473226006
2021-11-13 00:10:00,0.20711297071129708,0.4422310756972112,-0.18451228592702917,-0.13301196214961608,0.38179057989032994,0.00033407572383073496,0.5,-0.4511850519457693,0.6703543319530957,0.5318361150645414,0.2733621187240043,0.839615136910438,0.060986465893145436
2021-11-13 00:20:00,0.1903765690376569,0.09960159362549792,-0.17944899478778864,-0.12372790573111947,0.38179057989032994,0.00022271714922048998,0.5,-0.4511850519457693,0.6703543319530957,0.5318361150645414,0.2733621187240043,0.839615136910438,0.052205139037675215
2021-11-13 00:30:00,0.16596931659693165,0.20318725099601576,-0.17587490692479535,-0.11158721656846982,0.3926005418068079,0.00022271714922048998,0.5,-0.4511850519457693,0.6703543319530957,0.5318361150645414,0.2733621187240043,0.839615136910438,0.0376374911356881
2021-11-13 00:40:00,0.19456066945606695,0.20318725099601576,-0.21876396128071496,-0.13372612033565434,0.40944366648780933,0.00033407572383073496,0.5,-0.4511850519457693,0.6703543319530957,0.5318361150645414,0.2733621187240043,0.839615136910438,0.0824343286509649
2021-11-13 00:50:00,0.24337517433751746,-0.019920318725099695,-0.2753536857781088,-0.22335297268344934,0.4146654277525487,0.00044543429844097997,0.5,-0.4511850519457693,0.6703543319530957,0.5318361150645414,0.2733621187240043,0.839615136910438,0.11799719359657196
2021-11-13 01:00:00,0.2789400278940028,-0.01195219123505975,-0.29203276247207755,-0.26013211926441704,0.4146654277525487,0.00044543429844097997,0.5,-0.5116375266282729,0.6703744464910195,0.5933273958960668,0.2773558788091949,0.8636919124638253,0.15766404635092116
2021-11-13 01:10:00,0.3284518828451883,-0.6812749003984064,-0.30037230081906185,-0.26655954293876094,0.4146654277525487,0.00044543429844097997,0.5,-0.5116375266282729,0.6703744464910195,0.5933273958960668,0.2773558788091949,0.8636919124638253,0.22282994100517525
2021-11-13 01:20:00,0.2608089260808926,-0.23505976095617542,-0.3063291139240507,-0.2690590965898947,0.4146654277525487,0.00044543429844097997,0.5,-0.5116375266282729,0.6703744464910195,0.5933273958960668,0.2773558788091949,0.8636919124638253,0.1414744179730525
2021-11-13 01:30:00,0.2775453277545328,0.1872509960159361,-0.309903201787044,-0.29084092126406,0.4146654277525487,0.00022271714922048998,0.5,-0.5116375266282729,0.6703744464910195,0.5933273958960668,0.2773558788091949,0.8636919124638253,0.16700363625390408
2021-11-13 01:40:00,0.3486750348675035,0.5298804780876492,-0.3096053611317946,-0.29548294947330833,0.4146654277525487,0.00033407572383073496,0.5,-0.5116375266282729,0.6703744464910195,0.5933273958960668,0.2773558788091949,0.8636919124638253,0.26362840804502313
2021-11-13 01:50:00,0.3207810320781032,0.1633466135458166,-0.3021593447505585,-0.2883413676129263,0.4146654277525487,0.00044543429844097997,0.5,-0.5116375266282729,0.6703744464910195,0.5933273958960668,0.2773558788091949,0.8636919124638253,0.2310454607178961
2021-11-13 02:00:00,0.296373779637378,0.11553784860557759,-0.2985852568875653,-0.28548473486877346,0.4146654277525487,0.00044543429844097997,0.5,-0.5286153498255467,0.6635096420474309,0.6075381865859318,0.3010612011309091,0.8772346906229934,0.20461095100864557
2021-11-13 02:10:00,0.2894002789400279,0.12350597609561742,-0.2988830975428147,-0.291198000357079,0.4146654277525487,0.00044543429844097997,0.5,-0.5286153498255467,0.6635096420474309,0.6075381865859318,0.3010612011309091,0.8772346906229934,0.17276732501471098
2021-11-13 02:20:00,0.28591352859135283,0.19521912350597592,-0.3015636634400597,-0.29548294947330833,0.4146654277525487,0.00044543429844097997,0.5,-0.5286153498255467,0.6635096420474309,0.6075381865859318,0.3010612011309091,0.8772346906229934,0.16311842720702507
2021-11-13 02:30:00,0.2622036262203626,0.1394422310756971,-0.3015636634400597,-0.2979825031244421,0.4146654277525487,0.00044543429844097997,0.5,-0.5286153498255467,0.6635096420474309,0.6075381865859318,0.3010612011309091,0.8772346906229934,0.15184000482822096
2021-11-13 02:40:00,0.21827057182705717,-0.17928286852589637,-0.3021593447505585,-0.3026245313336904,0.4146654277525487,0.00033407572383073496,0.5,-0.5286153498255467,0.6635096420474309,0.6075381865859318,0.3010612011309091,0.8772346906229934,0.10007242331427192
2021-11-13 02:50:00,0.16248256624825663,-0.45019920318725104,-0.30752047654504844,-0.3026245313336904,0.4146654277525487,0.00022271714922048998,0.5,-0.5286153498255467,0.6635096420474309,0.6075381865859318,0.3010612011309091,0.8772346906229934,0.05906272160779758
2021-11-13 03:00:00,0.15620641562064158,-0.5298804780876495,-0.3104988830975429,-0.30333868951972864,0.4146654277525487,0.00022271714922048998,0.5,-0.5421731805806307,0.6597079943794253,0.6281287422055284,0.32482461066195395,0.8807321724704916,0.057221962370052955
2021-11-13 03:10:00,0.15620641562064158,-0.40239043824701204,-0.3140729709605362,-0.30619532226388146,0.405740011254924,0.00022271714922048998,0.5,-0.5421731805806307,0.6597079943794253,0.6281287422055284,0.32482461066195395,0.8807321724704916,0.05053034989513708
2021-11-13 03:20:00,0.14783821478382148,0.027888446215139417,-0.3185405807892778,-0.3090519550080342,0.3982541780633678,0.00022271714922048998,0.5,-0.5421731805806307,0.6597079943794253,0.6281287422055284,0.32482461066195395,0.8807321724704916,0.04558142341988926
2021-11-13 03:30:00,0.1708507670850767,0.003984063745019917,-0.3244973938942667,-0.31476522049634004,0.3982541780633678,0.00022271714922048998,0.5,-0.5421731805806307,0.6597079943794253,0.6281287422055284,0.32482461066195395,0.8807321724704916,0.057885842750878894
2021-11-13 03:40:00,0.16248256624825663,0.24302788844621515,-0.32717795979151165,-0.31762185324049275,0.3982541780633678,0.00022271714922048998,0.5,-0.5421731805806307,0.6597079943794253,0.6281287422055284,0.32482461066195395,0.8807321724704916,0.056520361513043745
2021-11-13 03:50:00,0.13807531380753138,0.2749003984063745,-0.3289650037230083,-0.3186930905195501,0.3982541780633678,0.00022271714922048998,0.5,-0.5421731805806307,0.6597079943794253,0.6281287422055284,0.32482461066195395,0.8807321724704916,0.03907841332588983
2021-11-13 04:00:00,0.15481171548117156,0.019920318725099362,-0.3340282948622487,-0.32226388144974105,0.3982541780633678,0.00022271714922048998,0.5,-0.568043004139452,0.658949388949075,0.687851346455298,0.3327881455613072,0.8845719060747501,0.046630052657784755
2021-11-13 04:10:00,0.13319386331938632,0.12350597609561742,-0.33432613551749824,-0.3247634351008748,0.3982541780633678,0.00022271714922048998,0.5,-0.568043004139452,0.658949388949075,0.687851346455298,0.3327881455613072,0.8845719060747501,0.034484059326764946
2021-11-13 04:20:00,0.14504881450488147,0.20318725099601576,-0.33432613551749824,-0.32547759328691306,0.3982541780633678,0.00022271714922048998,0.5,-0.568043004139452,0.658949388949075,0.687851346455298,0.3327881455613072,0.8845719060747501,0.046931816467251086
2021-11-13 04:30:00,0.12343096234309624,0.4183266932270917,-0.33432613551749824,-0.32690590965898936,0.3982541780633678,0.00022271714922048998,0.5,-0.568043004139452,0.658949388949075,0.687851346455298,0.3327881455613072,0.8845719060747501,0.036739743802525766
2021-11-13 04:40:00,0.10739191073919108,0.5458167330677288,-0.33432613551749824,-0.3233351187287984,0.3982541780633678,0.00022271714922048998,0.5,-0.568043004139452,0.658949388949075,0.687851346455298,0.3327881455613072,0.8845719060747501,0.02180243523394239
2021-11-13 04:50:00,0.14016736401673638,0.06772908366533859,-0.33432613551749824,-0.3247634351008748,0.3982541780633678,0.00022271714922048998,0.5,-0.568043004139452,0.658949388949075,0.687851346455298,0.3327881455613072,0.8845719060747501,0.03544215942182054
2021-11-13 05:00:00,0.14365411436541145,-0.2828685258964144,-0.33432613551749824,-0.32833422603106577,0.3982541780633678,0.00022271714922048998,0.5,-0.5709744071738494,0.645926662394722,0.7016601363733723,0.32662618206903676,0.8909357051558741,0.038195754183200814
2021-11-13 05:10:00,0.10739191073919108,-0.5856573705179284,-0.3358153387937455,-0.3265488305659704,0.38900158354163666,0.00022271714922048998,0.5,-0.5709744071738494,0.645926662394722,0.7016601363733723,0.32662618206903676,0.8909357051558741,0.006080540760746564
2021-11-13 05:20:00,0.10390516039051603,-0.06772908366533881,-0.3420699925539836,-0.325120514193894,0.3653008074753635,0.00022271714922048998,0.5,-0.5709744071738494,0.645926662394722,0.7016601363733723,0.32662618206903676,0.8909357051558741,0.00592211476077674
2021-11-13 05:30:00,0.07670850767085077,0.2749003984063745,-0.3486224869694715,-0.325834672379932,0.3652877203543992,0.00033407572383073496,0.5,-0.5709744071738494,0.645926662394722,0.7016601363733723,0.32662618206903676,0.8909357051558741,0.0
2021-11-13 05:40:00,0.09205020920502092,0.6733067729083664,-0.35040953090096805,-0.32869130512408495,0.3652877203543992,0.6621380846325168,0.5,-0.5709744071738494,0.645926662394722,0.7016601363733723,0.32662618206903676,0.8909357051558741,0.0
2021-11-13 05:50:00,0.14295676429567641,0.7290836653386454,-0.3373045420699926,-0.29976789858953756,0.3652877203543992,0.9993318485523385,0.5,-0.5709744071738494,0.645926662394722,0.7016601363733723,0.32662618206903676,0.8909357051558741,0.0
2021-11-13 06:00:00,0.15620641562064158,0.784860557768924,-0.33164556962025327,-0.28227102303160145,0.3652877203543992,0.9993318485523385,0.5,-0.6011253332390554,0.6543805153344613,0.7226026011859403,0.29277144665579335,0.9241973983815331,0.0
2021-11-13 06:10:00,0.11436541143654114,0.49800796812749004,-0.32658227848101273,-0.2844134975897161,0.3652877203543992,0.9993318485523385,0.5,-0.6011253332390554,0.6543805153344613,0.7226026011859403,0.29277144665579335,0.9241973983815331,0.0
2021-11-13 06:20:00,0.11436541143654114,0.7370517928286848,-0.3256887565152644,-0.2847705766827352,0.3652877203543992,0.9993318485523385,0.5,-0.6011253332390554,0.6543805153344613,0.7226026011859403,0.29277144665579335,0.9241973983815331,0.0
2021-11-13 06:30:00,0.1206415620641562,0.6573705179282865,-0.3283693224125095,-0.2922692376361363,0.3652877203543992,0.9993318485523385,0.5,-0.6011253332390554,0.6543805153344613,0.7226026011859403,0.29277144665579335,0.9241973983815331,0.0
2021-11-13 06:40:00,0.13458856345885634,0.5776892430278884,-0.3322412509307522,-0.3040528477057667,0.3652877203543992,0.9993318485523385,0.5,-0.6011253332390554,0.6543805153344613,0.7226026011859403,0.29277144665579335,0.9241973983815331,0.0
2021-11-13 06:50:00,0.13389121338912133,0.49800796812749004,-0.33134772896500375,-0.3136939832172826,0.3652877203543992,0.9993318485523385,0.5,-0.6011253332390554,0.6543805153344613,0.7226026011859403,0.29277144665579335,0.9241973983815331,0.0
2021-11-13 07:00:00,0.10529986052998605,0.4501992031872508,-0.3289650037230083,-0.31905016961256916,0.3652877203543992,0.9993318485523385,0.5,-0.6109069272032135,0.6540356946843028,0.7320280609220123,0.2548444588380742,0.9255075549198845,0.0
2021-11-13 07:10:00,0.11506276150627615,0.38645418326693215,-0.32777364110201046,-0.32547759328691306,0.3652877203543992,0.9993318485523385,0.5,-0.6109069272032135,0.6540356946843028,0.7320280609220123,0.2548444588380742,0.9255075549198845,0.0
2021-11-13 07:20:00,0.09135285913528592,0.24302788844621515,-0.3256887565152644,-0.3311908587752187,0.3652877203543992,0.9993318485523385,0.5,-0.6109069272032135,0.6540356946843028,0.7320280609220123,0.2548444588380742,0.9255075549198845,0.0
2021-11-13 07:30:00,0.09344490934449094,0.33864541832669315,-0.325390915860015,-0.3394036779146581,0.3652877203543992,0.9993318485523385,0.5,-0.6109069272032135,0.6540356946843028,0.7320280609220123,0.2548444588380742,0.9255075549198845,0.0
2021-11-13 07:40:00,0.10739191073919108,0.49003984063745,-0.33194341027550267,-0.3469023388680593,0.3652877203543992,0.9993318485523385,0.5,-0.6109069272032135,0.6540356946843028,0.7320280609220123,0.2548444588380742,0.9255075549198845,0.0
2021-11-13 07:50:00,0.1206415620641562,0.5590969455511288,-0.3358153387937455,-0.3565434743795751,0.3652877203543992,0.9993318485523385,0.5,-0.6109069272032135,0.6540356946843028,0.7320280609220123,0.2548444588380742,0.9255075549198845,0.0
2021-11-13 08:00:00,0.12133891213389121,0.6281540504648073,-0.34177215189873433,-0.3697554008212819,0.3652877203543992,0.9993318485523385,0.5,-0.6149987175737095,0.6527052616757699,0.7359547334449552,0.2874832504040162,0.8942219507337237,0.0
2021-11-13 08:10:00,0.1199442119944212,0.6972111553784857,-0.3477289650037231,-0.37975361542581687,0.3652877203543992,0.9993318485523385,0.5,-0.6149987175737095,0.6527052616757699,0.7359547334449552,0.2874832504040162,0.8942219507337237,0.0
2021-11-13 08:20:00,0.1206415620641562,0.7662682602921644,-0.3492181682799703,-0.3890376718443135,0.3652877203543992,0.9993318485523385,0.5,-0.6149987175737095,0.6527052616757699,0.7359547334449552,0.2874832504040162,0.8942219507337237,0.0
2021-11-13 08:30:00,0.12691771269177127,0.7087206728640989,-0.3521965748324647,-0.3968934118907338,0.3652877203543992,0.9993318485523385,0.5,-0.6149987175737095,0.6527052616757699,0.7359547334449552,0.2874832504040162,0.8942219507337237,0.0
2021-11-13 08:40:00,0.12552301255230125,0.6511730854360336,-0.35398361876396145,-0.40367791465809677,0.3652877203543992,0.9993318485523385,0.5,-0.6149987175737095,0.6527052616757699,0.7359547334449552,0.2874832504040162,0.8942219507337237,0.0
2021-11-13 08:50:00,0.11715481171548117,0.593625498007968,-0.3554728220402086,-0.4061774683092304,0.3652877203543992,0.9993318485523385,0.5,-0.6149987175737095,0.6527052616757699,0.7359547334449552,0.2874832504040162,0.8942219507337237,0.0
2021-11-13 09:00:00,0.08577405857740586,0.2111553784860556,-0.3480268056589725,-0.4083199428673451,0.3652877203543992,0.9993318485523385,0.5,-0.5967495746647264,0.6674262299321586,0.702610608229704,0.2966536702582585,0.871416408535092,0.0
2021-11-13 09:10:00,0.11366806136680613,0.7370517928286848,-0.3492181682799703,-0.4097482592394215,0.3652877203543992,0.9993318485523385,0.5,-0.5967495746647264,0.6674262299321586,0.702610608229704,0.2966536702582585,0.871416408535092,0.0
2021-11-13 09:20:00,0.12622036262203626,0.7595074248460698,-0.3521965748324647,-0.41010533833244067,0.3652877203543992,0.9993318485523385,0.5,-0.5967495746647264,0.6674262299321586,0.702610608229704,0.2966536702582585,0.871416408535092,0.0
2021-11-13 09:30:00,0.13389121338912133,0.7009647360969344,-0.3521965748324647,-0.41546152472772724,0.3652877203543992,0.9993318485523385,0.5,-0.5967495746647264,0.6674262299321586,0.702610608229704,0.2966536702582585,0.871416408535092,0.0
2021-11-13 09:40:00,0.11785216178521618,0.6424220473477986,-0.3492181682799703,-0.41331905016961257,0.3652877203543992,0.9993318485523385,0.5,-0.5967495746647264,0.6674262299321586,0.702610608229704,0.2966536702582585,0.871416408535092,0.0
2021-11-13 09:50:00,0.1297071129707113,0.583879358598663,-0.3432613551749816,-0.4097482592394215,0.3652877203543992,0.9993318485523385,0.5,-0.5967495746647264,0.6674262299321586,0.702610608229704,0.2966536702582585,0.871416408535092,0.0
2021-11-13 10:00:00,0.12552301255230125,0.5253366698495272,-0.33819806403574093,-0.407962863774326,0.3652877203543992,0.9993318485523385,0.5,-0.39748297574930225,0.6850494386607192,0.4954948648522863,0.2631984753962906,0.8236752390497389,0.0
2021-11-13 10:10:00,0.1290097629009763,0.46679398110039183,-0.332836932241251,-0.40260667737903943,0.3652877203543992,0.9993318485523385,0.5,-0.39748297574930225,0.6850494386607192,0.4954948648522863,0.2631984753962906,0.8236752390497389,0.0
2021-11-13 10:20:00,0.10739191073919108,0.408251292351256,-0.32300819061801955,-0.3983217282628101,0.3652877203543992,0.9993318485523385,0.5,-0.39748297574930225,0.6850494386607192,0.4954948648522863,0.2631984753962906,0.8236752390497389,0.0
2021-11-13 10:30:00,0.1304044630404463,0.3497086036021204,-0.31109456440804184,-0.39082306730940897,0.3652877203543992,0.9993318485523385,0.5,-0.39748297574930225,0.6850494386607192,0.4954948648522863,0.2631984753962906,0.8236752390497389,0.0
2021-11-13 10:40:00,0.1492329149232915,0.2911659148529846,-0.30424422933730466,-0.3861810391001608,0.3652877203543992,0.9993318485523385,0.5,-0.39748297574930225,0.6850494386607192,0.4954948648522863,0.2631984753962906,0.8236752390497389,0.0
2021-11-13 10:50:00,0.15411436541143653,0.232623226103849,-0.2941176470588236,-0.3790394572397786,0.3652877203543992,0.9993318485523385,0.5,-0.39748297574930225,0.6850494386607192,0.4954948648522863,0.2631984753962906,0.8236752390497389,0.0
2021-11-13 11:00:00,0.1806136680613668,0.1740805373547134,-0.28131049888309767,-0.3726120335654347,0.38714321236471194,0.5577951002227172,0.5,-0.3736733058214816,0.688411439999772,0.4345714576662118,0.33914498373017227,0.7639732311098281,0.0
2021-11-13 11:10:00,0.20502092050209206,0.11553784860557759,-0.25658972449739403,-0.32726298875200854,0.3943018675321616,0.28296213808463255,0.5,-0.3736733058214816,0.688411439999772,0.4345714576662118,0.33914498373017227,0.7639732311098281,0.013730253330718046
2021-11-13 11:20:00,0.27475592747559274,0.33864541832669315,-0.23306031273268812,-0.28905552579896443,0.3943018675321616,0.00033407572383073496,0.5,-0.3736733058214816,0.688411439999772,0.4345714576662118,0.33914498373017227,0.7639732311098281,0.13753640025951688
2021-11-13 11:30:00,0.303347280334728,0.17928286852589648,-0.21787043931496664,-0.24727727191572935,0.3943018675321616,0.019487750556792874,0.5,-0.3736733058214816,0.688411439999772,0.4345714576662118,0.33914498373017227,0.7639732311098281,0.15035381806659928
2021-11-13 11:40:00,0.3507670850767085,-0.1394422310756973,-0.19821295606850342,-0.2158543117300481,0.3893680229286359,0.0757238307349666,0.5,-0.3736733058214816,0.688411439999772,0.4345714576662118,0.33914498373017227,0.7639732311098281,0.17632059387117704
2021-11-13 11:50:00,0.3723849372384937,-0.09960159362549814,-0.18093819806403577,-0.1887163006605963,0.3804164321890827,0.9996659242761693,0.5,-0.3736733058214816,0.688411439999772,0.4345714576662118,0.33914498373017227,0.7639732311098281,0.0
2021-11-13 12:00:00,0.4086471408647141,-0.08366533864541836,-0.182427401340283,-0.1837171933583288,0.3804164321890827,0.9996659242761693,0.5,-0.3540409102324944,0.6784116411451504,0.4097375746570598,0.43106437165103717,0.7412423127980189,0.0
2021-11-13 12:10:00,0.35704323570432356,0.4581673306772909,-0.17944899478778864,-0.18514550973040522,0.38069126172933215,0.987305122494432,0.5,-0.3540409102324944,0.6784116411451504,0.4097375746570598,0.43106437165103717,0.7412423127980189,0.0
2021-11-13 12:20:00,0.399581589958159,-0.17131474103585675,-0.1705137751303054,-0.18478843063738626,0.38391069348653994,0.01024498886414254,0.5,-0.3540409102324944,0.6784116411451504,0.4097375746570598,0.43106437165103717,0.7412423127980189,0.31956787422484423
2021-11-13 12:30:00,0.3842398884239888,-0.03585657370517936,-0.14877140729709615,-0.1676486341724691,0.3801285155278691,0.00033407572383073496,0.5,-0.3540409102324944,0.6784116411451504,0.4097375746570598,0.43106437165103717,0.7412423127980189,0.2911492674683525
2021-11-13 12:40:00,0.42398884239888424,-0.019920318725099695,-0.13655994043186903,-0.14658096768434214,0.3783748413186583,0.037305122494432075,0.5,-0.3540409102324944,0.6784116411451504,0.4097375746570598,0.43106437165103717,0.7412423127980189,0.2920771911824615
2021-11-13 12:50:00,0.41631799163179917,-0.03585657370517936,-0.12405063291139262,-0.12372790573111947,0.3783748413186583,0.04799554565701559,0.5,-0.3540409102324944,0.6784116411451504,0.4097375746570598,0.43106437165103717,0.7412423127980189,0.23724670700242922
2021-11-13 13:00:00,0.3891213389121339,-0.20318725099601598,-0.11630677587490701,-0.10551687198714521,0.3756396330371281,0.04732739420935412,0.5,-0.20154171320812364,0.6602568339142633,0.29944441464312543,0.516491652791986,0.7372849615779486,0.21615341672073268
2021-11-13 13:10:00,0.37866108786610875,0.06772908366533859,-0.12226358897989587,-0.0958757364756293,0.3712292732721728,0.03585746102449889,0.5,-0.20154171320812364,0.6602568339142633,0.29944441464312543,0.516491652791986,0.7372849615779486,0.22409734900493386
2021-11-13 13:20:00,0.36401673640167365,-0.059760956175298974,-0.1663440059568132,-0.14015354400999824,0.38460431089764563,0.033853006681514475,0.5,-0.20154171320812364,0.6602568339142633,0.29944441464312543,0.516491652791986,0.7372849615779486,0.19622191710548156
2021-11-13 13:30:00,0.4260808926080893,0.01195219123505975,-0.17557706626954583,-0.15479378682378142,0.3802462996165474,0.04799554565701559,0.5,-0.20154171320812364,0.6602568339142633,0.29944441464312543,0.516491652791986,0.7372849615779486,0.25135416509498015
2021-11-13 13:40:00,0.398186889818689,0.10756972111553775,-0.1773641102010426,-0.1694340296375647,0.3815942730758661,0.042093541202672606,0.5,-0.20154171320812364,0.6602568339142633,0.29944441464312543,0.516491652791986,0.7372849615779486,0.24005311043046607
2021-11-13 13:50:00,0.4463040446304045,0.12350597609561742,-0.17349218168279978,-0.17157650419567938,0.3787936291895146,0.052895322939866374,0.5,-0.20154171320812364,0.6602568339142633,0.29944441464312543,0.516491652791986,0.7372849615779486,0.27870905442310306
2021-11-13 14:00:00,0.401673640167364,0.003984063745019917,-0.16932241250930757,-0.17300482056775568,0.38385834500268284,0.021158129175946547,0.5,-0.18337505248942465,0.6366825954650343,0.29977007331251304,0.5814983822733899,0.7373541583487857,0.2934653047060066
2021-11-13 14:10:00,0.37796373779637377,-0.24302788844621515,-0.1627699180938199,-0.1726477414747366,0.38436874272028904,0.01670378619153675,0.5,-0.18337505248942465,0.6366825954650343,0.29977007331251304,0.5814983822733899,0.7373541583487857,0.2696485960438765
2021-11-13 14:20:00,0.4456066945606694,0.05976095617529875,-0.16038719285182446,-0.16550615961435466,0.37702686785933964,0.03585746102449889,0.5,-0.18337505248942465,0.6366825954650343,0.29977007331251304,0.5814983822733899,0.7373541583487857,0.3195905065105542
2021-11-13 14:30:00,0.41562064156206413,-0.06772908366533881,-0.1553239017125838,-0.16229244777718255,0.3850361858894662,0.022160356347438754,0.5,-0.18337505248942465,0.6366825954650343,0.29977007331251304,0.5814983822733899,0.7373541583487857,0.2958869592769739
2021-11-13 14:40:00,0.4121338912133891,-0.059760956175298974,-0.15204765450484004,-0.1597928941260488,0.380481867793904,0.020155902004454343,0.5,-0.18337505248942465,0.6366825954650343,0.29977007331251304,0.5814983822733899,0.7373541583487857,0.31002459375047153
2021-11-13 14:50:00,0.405160390516039,0.01195219123505975,-0.14758004467609842,-0.15800749866095343,0.3757574171258065,0.016926503340757237,0.5,-0.18337505248942465,0.6366825954650343,0.29977007331251304,0.5814983822733899,0.7373541583487857,0.3085534951793232
2021-11-13 15:00:00,0.43235704323570434,-0.01195219123505975,-0.14579300074460166,-0.15443670773076235,0.3738728717069532,0.01714922048997773,0.5,-0.17211348188577047,0.6152606125738846,0.2994388348216873,0.6323296628835512,0.7339071324800228,0.35043831193324987
2021-11-13 15:10:00,0.4839609483960949,0.07569721115537842,-0.14489947877885334,-0.15265131226566697,0.3743440080616665,0.00824053452115813,0.5,-0.17211348188577047,0.6152606125738846,0.2994388348216873,0.6323296628835512,0.7339071324800228,0.46980853086289365
2021-11-13 15:20:00,0.4463040446304045,-0.043824701195219196,-0.14072970960536124,-0.15265131226566697,0.37316616717488316,0.009799554565701559,0.5,-0.17211348188577047,0.6152606125738846,0.2994388348216873,0.6323296628835512,0.7339071324800228,0.3936810658297751
2021-11-13 15:30:00,0.4679218967921897,0.043824701195219085,-0.14043186895011173,-0.14943760042849485,0.3678658831843583,0.03819599109131403,0.5,-0.17211348188577047,0.6152606125738846,0.2994388348216873,0.6323296628835512,0.7339071324800228,0.39033148754469876
2021-11-13 15:40:00,0.5076708507670851,0.03585657370517925,-0.1353685778108712,-0.14515265131226573,0.3686772846841424,0.046993318485523385,0.5,-0.17211348188577047,0.6152606125738846,0.2994388348216873,0.6323296628835512,0.7339071324800228,0.4085353893507552
2021-11-13 15:50:00,0.4867503486750349,0.03585657370517925,-0.13417721518987347,-0.14193893947509362,0.37531245501302163,0.0244988864142539,0.5,-0.17211348188577047,0.6152606125738846,0.2994388348216873,0.6323296628835512,0.7339071324800228,0.4662703501969009
2021-11-13 16:00:00,0.49721059972105996,-0.0916334661354582,-0.13268801191362634,-0.13979646491697895,0.3693054664904268,0.0017817371937639199,0.5,-0.1464065214628799,0.609757849698427,0.2901976360071965,0.6785483127874631,0.7265470209398435,0.5455286147532327
2021-11-13 16:10:00,0.5299860529986052,0.11553784860557759,-0.13239017125837682,-0.14193893947509362,0.3730614702071691,0.0008908685968819599,0.5,-0.1464065214628799,0.609757849698427,0.2901976360071965,0.6785483127874631,0.7265470209398435,0.6266427267377823
2021-11-13 16:20:00,0.6192468619246863,-0.01195219123505975,-0.131794489947878,-0.13979646491697895,0.38681603434060546,0.000556792873051225,0.5,-0.1464065214628799,0.609757849698427,0.2901976360071965,0.6785483127874631,0.7265470209398435,0.8278362026042216
2021-11-13 16:30:00,0.592747559274756,-0.09960159362549814,-0.13000744601638126,-0.13408319942867342,0.38995694337202763,0.00033407572383073496,0.5,-0.1464065214628799,0.609757849698427,0.2901976360071965,0.6785483127874631,0.7265470209398435,0.7589359808078218
2021-11-13 16:40:00,0.5327754532775453,-0.2270916334661356,-0.12881608339538353,-0.1312265666845207,0.38546806088128677,0.00022271714922048998,0.5,-0.1464065214628799,0.609757849698427,0.2901976360071965,0.6785483127874631,0.7265470209398435,0.5938938093154488
2021-11-13 16:50:00,0.5313807531380753,0.06772908366533859,-0.13030528667163077,-0.1312265666845207,0.3835704283414692,0.000556792873051225,0.5,-0.1464065214628799,0.609757849698427,0.2901976360071965,0.6785483127874631,0.7265470209398435,0.6052325844561461
2021-11-13 17:00:00,0.4825662482566248,-0.10756972111553798,-0.131794489947878,-0.12444206391715751,0.37702686785933964,0.00044543429844097997,0.5,-0.1439066740532643,0.613272146824633,0.2789343859920105,0.6774318449812923,0.7245183560369209,0.495209499524722
2021-11-13 17:10:00,0.4874476987447699,-0.13147410358565736,-0.13417721518987347,-0.13015532940546326,0.37857114813312215,0.00022271714922048998,0.5,-0.1439066740532643,0.613272146824633,0.2789343859920105,0.6774318449812923,0.7245183560369209,0.4924030960966852
2021-11-13 17:20:00,0.4923291492329149,-0.11553784860557781,-0.1347728965003725,-0.13336904124263516,0.3772755231576605,0.000556792873051225,0.5,-0.1439066740532643,0.613272146824633,0.2789343859920105,0.6774318449812923,0.7245183560369209,0.5386031353259804
2021-11-13 17:30:00,0.5446304044630405,-0.2270916334661356,-0.139240506329114,-0.13801106945188357,0.3674601824344662,0.00022271714922048998,0.5,-0.1439066740532643,0.613272146824633,0.2789343859920105,0.6774318449812923,0.7245183560369209,0.6179443849299154
2021-11-13 17:40:00,0.5139470013947002,-0.043824701195219196,-0.1505584512285929,-0.1440814140332084,0.3654055044430776,0.00022271714922048998,0.5,-0.1439066740532643,0.613272146824633,0.2789343859920105,0.6774318449812923,0.7245183560369209,0.571570831510177
2021-11-13 17:50:00,0.5418410041841004,0.019920318725099362,-0.16128071481757278,-0.15229423317264768,0.3654055044430776,0.00033407572383073496,0.5,-0.1439066740532643,0.613272146824633,0.2789343859920105,0.6774318449812923,0.7245183560369209,0.639897702068591
2021-11-13 18:00:00,0.3884239888423989,0.40239043824701204,-0.17110945644080433,-0.16050705231208717,0.3668712619910746,0.00022271714922048998,0.5,-0.28443588085342564,0.6057062070590531,0.3952078464463576,0.514012029616408,0.7238070553914402,0.32333237774793666
2021-11-13 18:10:00,0.3542538354253836,0.05179282868525892,-0.17855547282204032,-0.16871987145152645,0.37499836410987947,0.00022271714922048998,0.5,-0.28443588085342564,0.6057062070590531,0.3952078464463576,0.514012029616408,0.7238070553914402,0.2571555743319704
2021-11-13 18:20:00,0.25871687587168757,0.49800796812749004,-0.1812360387192853,-0.1808605606141761,0.3654578529269346,0.00022271714922048998,0.5,-0.28443588085342564,0.6057062070590531,0.3952078464463576,0.514012029616408,0.7238070553914402,0.13918855711634504
2021-11-13 18:30:00,0.3117154811715481,0.11553784860557759,-0.18451228592702917,-0.19157293340474912,0.3654578529269346,0.00022271714922048998,0.5,-0.28443588085342564,0.6057062070590531,0.3952078464463576,0.514012029616408,0.7238070553914402,0.18151847548923458
2021-11-13 18:40:00,0.2775453277545328,-0.06772908366533881,-0.18868205510052138,-0.19442956614890183,0.3654578529269346,0.00022271714922048998,0.5,-0.28443588085342564,0.6057062070590531,0.3952078464463576,0.514012029616408,0.7238070553914402,0.15100261025695189
2021-11-13 18:50:00,0.2670850767085077,0.36254980079681287,-0.19136262099776635,-0.20442778075343682,0.37133397023988696,0.00022271714922048998,0.5,-0.28443588085342564,0.6057062070590531,0.3952078464463576,0.514012029616408,0.7238070553914402,0.138019222354663
2021-11-13 19:00:00,0.3277545327754533,0.12350597609561742,-0.19255398361876408,-0.21085520442778072,0.37938254963290624,0.00033407572383073496,0.5,-0.28449288128334693,0.621134057648266,0.41986748684969244,0.4921310977082124,0.7217141970790262,0.20467884786577548
2021-11-13 19:10:00,0.3361227336122734,0.09163346613545809,-0.1967237527922563,-0.2094268880557043,0.37938254963290624,0.00011135857461024499,0.5,-0.28449288128334693,0.621134057648266,0.41986748684969244,0.4921310977082124,0.7217141970790262,0.20056731596179672
2021-11-13 19:20:00,0.3193863319386332,0.24302788844621515,-0.1973194341027551,-0.2176397071951437,0.37938254963290624,0.00022271714922048998,0.5,-0.28449288128334693,0.621134057648266,0.41986748684969244,0.4921310977082124,0.7217141970790262,0.17293329510991745
2021-11-13 19:30:00,0.25871687587168757,0.5776892430278884,-0.19851079672375294,-0.22335297268344934,0.38160736019683034,0.00022271714922048998,0.5,-0.28449288128334693,0.621134057648266,0.41986748684969244,0.4921310977082124,0.7217141970790262,0.11654118321589692
2021-11-13 19:40:00,0.2496513249651325,-0.13147410358565736,-0.19880863737900234,-0.2240671308694876,0.3931763751292353,0.00022271714922048998,0.5,-0.28449288128334693,0.621134057648266,0.41986748684969244,0.4921310977082124,0.7217141970790262,0.10399535283733422
2021-11-13 19:50:00,0.2754532775453278,-0.5617529880478087,-0.20029784065524958,-0.225495447241564,0.3931763751292353,0.00022271714922048998,0.5,-0.28449288128334693,0.621134057648266,0.41986748684969244,0.4921310977082124,0.7217141970790262,0.12661255035683572
2021-11-13 20:00:00,0.27475592747559274,-0.50597609561753,-0.20029784065524958,-0.23085163363685057,0.3931763751292353,0.00022271714922048998,0.5,-0.2738013149789058,0.6278839218751365,0.4191266387396604,0.45507285948099757,0.7252232117216638,0.1240626461668452
2021-11-13 20:10:00,0.2503486750348675,-0.09960159362549814,-0.2008935219657484,-0.23263702910194595,0.3822617162450433,0.00022271714922048998,0.5,-0.2738013149789058,0.6278839218751365,0.4191266387396604,0.45507285948099757,0.7252232117216638,0.10565505378939904
2021-11-13 20:20:00,0.20711297071129708,0.24302788844621515,-0.20565897244973952,-0.23477950366006073,0.3792909397861565,0.00022271714922048998,0.5,-0.2738013149789058,0.6278839218751365,0.4191266387396604,0.45507285948099757,0.7252232117216638,0.07557674608084253
2021-11-13 20:30:00,0.16387726638772665,0.13147410358565725,-0.2083395383469845,-0.23620782003213703,0.3792909397861565,0.00033407572383073496,0.5,-0.2738013149789058,0.6278839218751365,0.4191266387396604,0.45507285948099757,0.7252232117216638,0.052159874466255265
2021-11-13 20:40:00,0.1631799163179916,0.20318725099601576,-0.21221146686522718,-0.23477950366006073,0.3792909397861565,0.00033407572383073496,0.5,-0.2738013149789058,0.6278839218751365,0.4191266387396604,0.45507285948099757,0.7252232117216638,0.05270304932329466
2021-11-13 20:50:00,0.17503486750348674,0.36254980079681287,-0.21221146686522718,-0.2369219782181754,0.3792909397861565,0.00033407572383073496,0.5,-0.2738013149789058,0.6278839218751365,0.4191266387396604,0.45507285948099757,0.7252232117216638,0.05540383541801832
2021-11-13 21:00:00,0.199442119944212,0.7768924302788842,-0.21399851079672383,-0.24263524370648093,0.3792909397861565,0.00022271714922048998,0.5,-0.27694447677841183,0.6166686302287044,0.4248302307623926,0.4129116260110539,0.7399904137697333,0.0668859483682122
2021-11-13 21:10:00,0.2524407252440725,0.043824701195219085,-0.21518987341772167,-0.24549187645063375,0.394170996322519,0.00022271714922048998,0.5,-0.27694447677841183,0.6166686302287044,0.4248302307623926,0.4129116260110539,0.7399904137697333,0.1036181480755013
2021-11-13 21:20:00,0.23500697350069735,0.1872509960159361,-0.21518987341772167,-0.2515622210319586,0.3957414508382301,0.00022271714922048998,0.5,-0.27694447677841183,0.6166686302287044,0.4248302307623926,0.4129116260110539,0.7399904137697333,0.09016702626853962
2021-11-13 21:30:00,0.28172942817294283,0.05179282868525892,-0.21518987341772167,-0.2526334583110159,0.3957414508382301,0.00022271714922048998,0.5,-0.27694447677841183,0.6166686302287044,0.4248302307623926,0.4129116260110539,0.7399904137697333,0.13810220740226625
2021-11-13 21:40:00,0.23500697350069735,0.17928286852589648,-0.21816827997021604,-0.2526334583110159,0.3957414508382301,0.00022271714922048998,0.5,-0.27694447677841183,0.6166686302287044,0.4248302307623926,0.4129116260110539,0.7399904137697333,0.10419149931348734
2021-11-13 21:50:00,0.31450488145048816,-0.10756972111553798,-0.21846612062546544,-0.2508480628459203,0.3957414508382301,0.00044543429844097997,0.5,-0.27694447677841183,0.6166686302287044,0.4248302307623926,0.4129116260110539,0.7399904137697333,0.16280157520708544
2021-11-13 22:00:00,0.28870292887029286,-0.2270916334661356,-0.21995532390171268,-0.25227637921799684,0.39470756828205367,0.00033407572383073496,0.5,-0.3330079517100629,0.613111230521226,0.4823671935920317,0.3763229222922565,0.7600780381654887,0.1367593584501411
2021-11-13 22:10:00,0.2733612273361227,0.38645418326693215,-0.2211466865227104,-0.2547759328691306,0.38396304197039693,0.00022271714922048998,0.5,-0.3330079517100629,0.613111230521226,0.4823671935920317,0.3763229222922565,0.7600780381654887,0.12197293178629087
2021-11-13 22:20:00,0.25313807531380755,0.03585657370517925,-0.22174236783320933,-0.256204249241207,0.3957414508382301,0.00033407572383073496,0.5,-0.3330079517100629,0.613111230521226,0.4823671935920317,0.3763229222922565,0.7600780381654887,0.10708843188436411
2021-11-13 22:30:00,0.14574616457461645,0.4661354581673305,-0.2241250930752049,-0.2547759328691306,0.3957414508382301,0.00033407572383073496,0.5,-0.3330079517100629,0.613111230521226,0.4823671935920317,0.3763229222922565,0.7600780381654887,0.043702943705961346
2021-11-13 22:40:00,0.18200836820083682,0.38645418326693215,-0.2282948622486971,-0.2494197464738439,0.405988666553245,0.00033407572383073496,0.5,-0.3330079517100629,0.613111230521226,0.4823671935920317,0.3763229222922565,0.7600780381654887,0.07879807474689561
2021-11-13 22:50:00,0.2594142259414226,0.043824701195219085,-0.23008190618019375,-0.25513301196214966,0.41224431037416076,0.00022271714922048998,0.5,-0.3330079517100629,0.613111230521226,0.4823671935920317,0.3763229222922565,0.7600780381654887,0.13108619883217407
2021-11-13 23:00:00,0.24616457461645744,0.15537848605577675,-0.23008190618019375,-0.2576325656132833,0.41224431037416076,0.00022271714922048998,0.5,-0.39081602669314464,0.6115537905846735,0.5313530800677746,0.3526980631865799,0.7944597668672972,0.12069043559605896
2021-11-13 23:10:00,0.3772663877266388,0.17131474103585642,-0.23037974683544316,-0.2558471701481878,0.424781772257921,0.00033407572383073496,0.5,-0.39081602669314464,0.6115537905846735,0.5313530800677746,0.3526980631865799,0.7944597668672972,0.22193219367201292
2021-11-13 23:20:00,0.40027894002789405,-0.24302788844621515,-0.23306031273268812,-0.2529905374040349,0.4261428328382039,0.00022271714922048998,0.5,-0.39081602669314464,0.6115537905846735,0.5313530800677746,0.3526980631865799,0.7944597668672972,0.22675287052823756
2021-11-13 23:30:00,0.39191073919107394,0.003984063745019917,-0.23306031273268812,-0.24370648098553827,0.4261428328382039,0.00022271714922048998,0.5,-0.39081602669314464,0.6115537905846735,0.5313530800677746,0.3526980631865799,0.7944597668672972,0.22131357786260694
2021-11-13 23:40:00,0.2698744769874477,0.3705179282868525,-0.23514519731943417,-0.25013390465988217,0.43029145018387405,0.00033407572383073496,0.5,-0.39081602669314464,0.6115537905846735,0.5313530800677746,0.3526980631865799,0.7944597668672972,0.13452630626009024
2021-11-13 23:50:00,0.2733612273361227,0.07569721115537842,-0.23901712583767698,-0.25691840742724503,0.4399628325764615,0.00022271714922048998,0.5,-0.39081602669314464,0.6115537905846735,0.5313530800677746,0.3526980631865799,0.7944597668672972,0.1155302744541847
2021-11-14 00:00:00,0.24198047419804744,-0.21115537848605592,-0.23901712583767698,-0.26298875200856986,0.4399628325764615,0.00022271714922048998,0.5,-0.41152736137372037,0.595677673150254,0.5499255157245075,0.34193583681722167,0.8299074285536387,0.12620516921405617
2021-11-14 00:10:00,0.2894002789400279,-0.02788844621513953,-0.23901712583767698,-0.26334583110158893,0.4399628325764615,0.00033407572383073496,0.5,-0.41152736137372037,0.595677673150254,0.5499255157245075,0.34193583681722167,0.8299074285536387,0.1399882312114308
2021-11-14 00:20:00,0.299860529986053,0.003984063745019917,-0.24139985107967243,-0.26334583110158893,0.4399628325764615,0.00044543429844097997,0.5,-0.41152736137372037,0.595677673150254,0.5499255157245075,0.34193583681722167,0.8299074285536387,0.14509558368664846
2021-11-14 00:30:00,0.34797768479776847,-0.6653386454183268,-0.2431868950111692,-0.26298875200856986,0.4399628325764615,0.00044543429844097997,0.5,-0.41152736137372037,0.595677673150254,0.5499255157245075,0.34193583681722167,0.8299074285536387,0.1986737480573955
2021-11-14 00:40:00,0.3493723849372385,0.003984063745019917,-0.24288905435591968,-0.2594179610783788,0.4271112797895591,0.00033407572383073496,0.5,-0.41152736137372037,0.595677673150254,0.5499255157245075,0.34193583681722167,0.8299074285536387,0.20071819786652986
2021-11-14 00:50:00,0.37377963737796377,0.20318725099601576,-0.243782576321668,-0.26334583110158893,0.4260512229914541,0.00033407572383073496,0.5,-0.41152736137372037,0.595677673150254,0.5499255157245075,0.34193583681722167,0.8299074285536387,0.2227092354813887
2021-11-14 01:00:00,0.3647140864714087,-0.17131474103585675,-0.24199553239017135,-0.25513301196214966,0.4260512229914541,0.00033407572383073496,0.5,-0.46314076704768137,0.5898846862275762,0.5980202793537603,0.3390477046060638,0.8544318621212905,0.21193626748344072
2021-11-14 01:10:00,0.3486750348675035,-0.003984063745020028,-0.24199553239017135,-0.25191930012497765,0.4260512229914541,0.00022271714922048998,0.5,-0.46314076704768137,0.5898846862275762,0.5980202793537603,0.3390477046060638,0.8544318621212905,0.1976703833909199
2021-11-14 01:20:00,0.397489539748954,-0.003984063745020028,-0.24527177959791513,-0.2558471701481878,0.4260512229914541,0.00033407572383073496,0.5,-0.46314076704768137,0.5898846862275762,0.5980202793537603,0.3390477046060638,0.8544318621212905,0.267362735187169
2021-11-14 01:30:00,0.39051603905160387,0.05179282868525892,-0.2476545048399108,-0.2494197464738439,0.41822512465482725,0.00022271714922048998,0.5,-0.46314076704768137,0.5898846862275762,0.5980202793537603,0.3390477046060638,0.8544318621212905,0.2788222158516529
2021-11-14 01:40:00,0.37308228730822873,0.06772908366533859,-0.2479523454951601,-0.2526334583110159,0.41606574969572446,0.005233853006681514,0.5,-0.46314076704768137,0.5898846862275762,0.5980202793537603,0.3390477046060638,0.8544318621212905,0.24353093833456554
2021-11-14 01:50:00,0.4086471408647141,0.17928286852589648,-0.24914370811615805,-0.25191930012497765,0.4184476057112196,0.04075723830734967,0.5,-0.46314076704768137,0.5898846862275762,0.5980202793537603,0.3390477046060638,0.8544318621212905,0.229657347194351
2021-11-14 02:00:00,0.41352859135285913,-0.07569721115537853,-0.2509307520476546,-0.2526334583110159,0.4261690070801324,0.07182628062360802,0.5,-0.48323423574564006,0.5877295571640803,0.6192707756725365,0.32642140770462635,0.8625937555092185,0.17270697225281773
2021-11-14 02:10:00,0.3598326359832636,0.11553784860557759,-0.2509307520476546,-0.256204249241207,0.4152281739540118,0.02795100222717149,0.5,-0.48323423574564006,0.5877295571640803,0.6192707756725365,0.32642140770462635,0.8625937555092185,0.1944943192962868
2021-11-14 02:20:00,0.3158995815899582,-0.11553784860557781,-0.25301563663440074,-0.256204249241207,0.41495334441376247,0.013363028953229399,0.5,-0.48323423574564006,0.5877295571640803,0.6192707756725365,0.32642140770462635,0.8625937555092185,0.179323143775367
2021-11-14 02:30:00,0.29428172942817293,-0.33864541832669326,-0.25718540580789295,-0.2626316729155508,0.41035976495530746,0.000556792873051225,0.5,-0.48323423574564006,0.5877295571640803,0.6192707756725365,0.32642140770462635,0.8625937555092185,0.1476379437814023
2021-11-14 02:40:00,0.3270571827057183,-0.21115537848605592,-0.26046165301563673,-0.26334583110158893,0.4011726060383976,0.00022271714922048998,0.5,-0.48323423574564006,0.5877295571640803,0.6192707756725365,0.32642140770462635,0.8625937555092185,0.18451348129818793
2021-11-14 02:50:00,0.25313807531380755,0.3067729083665336,-0.2676098287416233,-0.2687020174968755,0.4011726060383976,0.00033407572383073496,0.5,-0.48323423574564006,0.5877295571640803,0.6192707756725365,0.32642140770462635,0.8625937555092185,0.12417580759539508
2021-11-14 03:00:00,0.28521617852161785,-0.10756972111553798,-0.2711839166046166,-0.27727191572933396,0.4011726060383976,0.00033407572383073496,0.5,-0.5009195113238742,0.587396230535592,0.6464495786410522,0.3146915795195777,0.8720020357806464,0.13122953664167056
2021-11-14 03:10:00,0.2894002789400279,-0.24302788844621515,-0.27475800446761,-0.2811997857525441,0.4011726060383976,0.00033407572383073496,0.5,-0.5009195113238742,0.587396230535592,0.6464495786410522,0.3146915795195777,0.8720020357806464,0.13611056625978846
2021-11-14 03:20:00,0.27615062761506276,-0.4661354581673308,-0.2780342516753538,-0.2787002321014105,0.3990001439583306,0.00044543429844097997,0.5,-0.5009195113238742,0.587396230535592,0.6464495786410522,0.3146915795195777,0.8720020357806464,0.1204490245484859
2021-11-14 03:30:00,0.24895397489539747,0.5139442231075697,-0.28071481757259875,-0.2851276557757543,0.38737878054206853,0.00044543429844097997,0.5,-0.5009195113238742,0.587396230535592,0.6464495786410522,0.3146915795195777,0.8720020357806464,0.10027611388566168
2021-11-14 03:40:00,0.25174337517433754,0.5298804780876492,-0.28131049888309767,-0.29012676307802165,0.38737878054206853,0.00033407572383073496,0.5,-0.5009195113238742,0.587396230535592,0.6464495786410522,0.3146915795195777,0.8720020357806464,0.10137000769497714
2021-11-14 03:50:00,0.2398884239888424,0.5059760956175297,-0.28369322412509324,-0.29012676307802165,0.38737878054206853,0.00044543429844097997,0.5,-0.5009195113238742,0.587396230535592,0.6464495786410522,0.3146915795195777,0.8720020357806464,0.09615703788644628
2021-11-14 04:00:00,0.19804741980474197,-0.14741035856573714,-0.28845867460908414,-0.29548294947330833,0.38737878054206853,0.00033407572383073496,0.5,-0.5345300866546618,0.5931001387903126,0.6942790471237479,0.30781267069079027,0.8892416599802376,0.07348703170028818
2021-11-14 04:10:00,0.19525801952580193,-0.5378486055776892,-0.289650037230082,-0.29548294947330833,0.38737878054206853,0.00022271714922048998,0.5,-0.5345300866546618,0.5931001387903126,0.6942790471237479,0.30781267069079027,0.8892416599802376,0.08286434207945442
2021-11-14 04:20:00,0.1799163179916318,-0.4103585657370519,-0.2908413998510798,-0.29548294947330833,0.38737878054206853,0.00033407572383073496,0.5,-0.5345300866546618,0.5931001387903126,0.6942790471237479,0.30781267069079027,0.8892416599802376,0.06565626084463691
2021-11-14 04:30:00,0.198744769874477,-0.21115537848605592,-0.2932241250930754,-0.30155329405463305,0.38737878054206853,0.00033407572383073496,0.5,-0.5345300866546618,0.5931001387903126,0.6942790471237479,0.30781267069079027,0.8892416599802376,0.06824388551081069
2021-11-14 04:40:00,0.19177126917712692,-0.1633466135458168,-0.2941176470588236,-0.30619532226388146,0.38737878054206853,0.00033407572383073496,0.5,-0.5345300866546618,0.5931001387903126,0.6942790471237479,0.30781267069079027,0.8892416599802376,0.06487167494002444
2021-11-14 04:50:00,0.18131101813110181,0.06772908366533859,-0.2979895755770663,-0.30333868951972864,0.38737878054206853,0.00033407572383073496,0.5,-0.5345300866546618,0.5931001387903126,0.6942790471237479,0.30781267069079027,0.8892416599802376,0.05728231513194623
2021-11-14 05:00:00,0.20223152022315202,0.2669322709163344,-0.2985852568875653,-0.3058382431708624,0.38737878054206853,0.00033407572383073496,0.5,-0.5416662803267136,0.5818245035301008,0.717190301205102,0.31123794459345866,0.9079407732427535,0.06981305732003562
2021-11-14 05:10:00,0.21199442119944212,0.5059760956175297,-0.2985852568875653,-0.30619532226388146,0.38737878054206853,0.00033407572383073496,0.5,-0.5416662803267136,0.5818245035301008,0.717190301205102,0.31123794459345866,0.9079407732427535,0.07354738446218145
2021-11-14 05:20:00,0.20641562064156208,0.08366533864541825,-0.2985852568875653,-0.3072665595429388,0.38737878054206853,0.00033407572383073496,0.5,-0.5416662803267136,0.5818245035301008,0.717190301205102,0.31123794459345866,0.9079407732427535,0.06364953151168581
2021-11-14 05:30:00,0.22594142259414227,0.2749003984063745,-0.2985852568875653,-0.3133369041242635,0.38737878054206853,0.00033407572383073496,0.5,-0.5416662803267136,0.5818245035301008,0.717190301205102,0.31123794459345866,0.9079407732427535,0.0865911251263636
2021-11-14 05:40:00,0.22036262203626222,0.33864541832669315,-0.2976917349218169,-0.3133369041242635,0.38737878054206853,0.00022271714922048998,0.5,-0.5416662803267136,0.5818245035301008,0.717190301205102,0.31123794459345866,0.9079407732427535,0.07959774884198138
2021-11-14 05:50:00,0.11157601115760113,0.38645418326693215,-0.29679821295606856,-0.30512408498482413,0.40123804164321897,0.00022271714922048998,0.5,-0.5416662803267136,0.5818245035301008,0.717190301205102,0.31123794459345866,0.9079407732427535,0.030221645518053022
2021-11-14 06:00:00,0.1094839609483961,0.6334661354581672,-0.2985852568875653,-0.30155329405463305,0.40381620447317795,0.00033407572383073496,0.5,-0.5301217754650005,0.5816262316562586,0.6423993891617295,0.328764342861859,0.9612345470510313,0.032168022089110855
2021-11-14 06:10:00,0.10599721059972106,0.29083665338645415,-0.29918093819806413,-0.2944117121942511,0.40381620447317795,0.00022271714922048998,0.5,-0.5301217754650005,0.5816262316562586,0.6423993891617295,0.328764342861859,0.9612345470510313,0.01781160885375017
2021-11-14 06:20:00,0.09135285913528592,0.689243027888446,-0.3015636634400597,-0.29191215854311736,0.40381620447317795,0.00022271714922048998,0.5,-0.5301217754650005,0.5816262316562586,0.6423993891617295,0.328764342861859,0.9612345470510313,0.00901519380780663
2021-11-14 06:30:00,0.08716875871687588,0.5458167330677288,-0.3015636634400597,-0.29476879128727007,0.40381620447317795,0.00022271714922048998,0.5,-0.5301217754650005,0.5816262316562586,0.6423993891617295,0.328764342861859,0.9612345470510313,0.0
2021-11-14 06:40:00,0.09065550906555091,0.14741035856573692,-0.29977661950856305,-0.29548294947330833,0.41581709439740355,0.02305122494432071,0.5,-0.5301217754650005,0.5816262316562586,0.6423993891617295,0.328764342861859,0.9612345470510313,0.0
2021-11-14 06:50:00,0.10669456066945607,-0.6414342629482073,-0.2950111690245719,-0.287627209426888,0.4203321511300729,0.9432071269487751,0.5,-0.5301217754650005,0.5816262316562586,0.6423993891617295,0.328764342861859,0.9612345470510313,0.0
2021-11-14 07:00:00,0.11506276150627615,-0.3784860557768924,-0.28131049888309767,-0.2515622210319586,0.4203321511300729,0.9972160356347439,0.5,-0.5341066691837132,0.5798187967483419,0.6464459010314682,0.3163037821038375,0.9718354515516706,0.0
2021-11-14 07:10:00,0.11854951185495119,-0.3545816733067729,-0.2682055100521221,-0.23906445277628985,0.4203321511300729,0.9972160356347439,0.5,-0.5341066691837132,0.5798187967483419,0.6464459010314682,0.3163037821038375,0.9718354515516706,0.0
2021-11-14 07:20:00,0.12552301255230125,-0.33067729083665354,-0.25778108711839176,-0.23477950366006073,0.4203321511300729,0.9972160356347439,0.5,-0.5341066691837132,0.5798187967483419,0.6464459010314682,0.3163037821038375,0.9718354515516706,0.0
2021-11-14 07:30:00,0.11576011157601115,-0.059760956175298974,-0.25003723008190626,-0.24084984824138556,0.4203321511300729,0.9972160356347439,0.5,-0.5341066691837132,0.5798187967483419,0.6464459010314682,0.3163037821038375,0.9718354515516706,0.0
2021-11-14 07:40:00,0.10529986052998605,0.1958093551719049,-0.24973938942665685,-0.24406356007855734,0.4203321511300729,0.9972160356347439,0.5,-0.5341066691837132,0.5798187967483419,0.6464459010314682,0.3163037821038375,0.9718354515516706,0.0
2021-11-14 07:50:00,0.11018131101813111,0.45137966651910877,-0.2527177959791512,-0.2497768255668631,0.4203321511300729,0.9972160356347439,0.5,-0.5341066691837132,0.5798187967483419,0.6464459010314682,0.3163037821038375,0.9718354515516706,0.0
2021-11-14 08:00:00,0.15620641562064158,0.7069499778663124,-0.25361131794489955,-0.2608462774504553,0.4203321511300729,0.9972160356347439,0.5,-0.5430668432601577,0.5809796929372097,0.6603588053450123,0.3149340540649855,0.9754257890167811,0.0
2021-11-14 08:10:00,0.15620641562064158,0.6122177954847277,-0.24944154877140734,-0.27155865024102843,0.4203321511300729,0.9972160356347439,0.5,-0.5430668432601577,0.5809796929372097,0.6603588053450123,0.3149340540649855,0.9754257890167811,0.0
2021-11-14 08:20:00,0.1492329149232915,0.5174856131031429,-0.2479523454951601,-0.2787002321014105,0.4203321511300729,0.9972160356347439,0.5,-0.5430668432601577,0.5809796929372097,0.6603588053450123,0.3149340540649855,0.9754257890167811,0.0
2021-11-14 08:30:00,0.13458856345885634,0.42275343072155813,-0.24586746090841405,-0.2847705766827352,0.4203321511300729,0.9972160356347439,0.5,-0.5430668432601577,0.5809796929372097,0.6603588053450123,0.3149340540649855,0.9754257890167811,0.0
2021-11-14 08:40:00,0.13807531380753138,0.32802124833997315,-0.24199553239017135,-0.2883413676129263,0.4203321511300729,0.9972160356347439,0.5,-0.5430668432601577,0.5809796929372097,0.6603588053450123,0.3149340540649855,0.9754257890167811,0.0
2021-11-14 08:50:00,0.16387726638772665,0.2332890659583884,-0.24437825763216692,-0.29369755400821274,0.4203321511300729,0.9972160356347439,0.5,-0.5430668432601577,0.5809796929372097,0.6603588053450123,0.3149340540649855,0.9754257890167811,0.0
2021-11-14 09:00:00,0.1799163179916318,0.13855688357680385,-0.24169769173492195,-0.301196214961614,0.4288780411197341,0.9732739420935413,0.5,-0.5332058689430372,0.5787555997436847,0.6427307544666787,0.30483921130738934,0.9642398510828272,0.0
2021-11-14 09:10:00,0.16527196652719667,0.043824701195219085,-0.23067758749069256,-0.2926263167291554,0.43386423420711673,0.19020044543429843,0.5,-0.5332058689430372,0.5787555997436847,0.6427307544666787,0.30483921130738934,0.9642398510828272,0.0
2021-11-14 09:20:00,0.1924686192468619,0.6254980079681274,-0.21518987341772167,-0.2637029101946081,0.43022601457905274,0.6710467706013363,0.5,-0.5332058689430372,0.5787555997436847,0.6427307544666787,0.30483921130738934,0.9642398510828272,0.0
2021-11-14 09:30:00,0.2175732217573222,0.4422310756972112,-0.19970215934475066,-0.24906266738082483,0.4335501433039745,0.0069042316258351895,0.5,-0.5332058689430372,0.5787555997436847,0.6427307544666787,0.30483921130738934,0.9642398510828272,0.04644899437210496
2021-11-14 09:40:00,0.2294281729428173,-0.043824701195219196,-0.18034251675353707,-0.2126405998928762,0.44403292719634607,0.00011135857461024499,0.5,-0.5332058689430372,0.5787555997436847,0.6427307544666787,0.30483921130738934,0.9642398510828272,0.059364485417263906
2021-11-14 09:50:00,0.22384937238493724,-0.21115537848605592,-0.16813104988830985,-0.18014640242813773,0.44403292719634607,0.00011135857461024499,0.5,-0.5332058689430372,0.5787555997436847,0.6427307544666787,0.30483921130738934,0.9642398510828272,0.05460416132293254
2021-11-14 10:00:00,0.19177126917712692,-0.03585657370517936,-0.15591958302308284,-0.14979467952151393,0.44403292719634607,0.00011135857461024499,0.5,-0.33718522604889645,0.5872238202105148,0.4336350621775989,0.21535622244571181,0.9267511433555276,0.03488389637430783
2021-11-14 10:10:00,0.17364016736401675,-0.17131474103585675,-0.14609084139985118,-0.12051419389394735,0.44403292719634607,0.00011135857461024499,0.5,-0.33718522604889645,0.5872238202105148,0.4336350621775989,0.21535622244571181,0.9267511433555276,0.029934969899060006
2021-11-14 10:20:00,0.1603905160390516,-0.5617529880478087,-0.13834698436336568,-0.09480449919657197,0.4416379840598867,0.00011135857461024499,0.5,-0.33718522604889645,0.5872238202105148,0.4336350621775989,0.21535622244571181,0.9267511433555276,0.022096654948172065
2021-11-14 10:30:00,0.15690376569037656,-0.33067729083665354,-0.12851824274013413,-0.06909480449919658,0.4275431547813796,0.00011135857461024499,0.5,-0.33718522604889645,0.5872238202105148,0.4336350621775989,0.21535622244571181,0.9267511433555276,0.018037931710849917
2021-11-14 10:40:00,0.15411436541143653,-0.33067729083665354,-0.11988086373790041,-0.04159971433672538,0.4275431547813796,0.00011135857461024499,0.5,-0.33718522604889645,0.5872238202105148,0.4336350621775989,0.21535622244571181,0.9267511433555276,0.01329269580699187
2021-11-14 10:50:00,0.13458856345885634,-0.31474103585657376,-0.11481757259865988,-0.013390465988216249,0.42262239729881823,0.00011135857461024499,0.5,-0.33718522604889645,0.5872238202105148,0.4336350621775989,0.21535622244571181,0.9267511433555276,0.011104908188360971
2021-11-14 11:00:00,0.09902370990237098,-0.4900398406374503,-0.1079672375279227,0.021603285127655747,0.4123751815838034,0.5410913140311805,0.5,-0.2928230154995143,0.588241041128483,0.37125532159617897,0.2117410191899514,0.8418835310671454,0.0
2021-11-14 11:10:00,0.10111576011157601,-0.4852589641434264,-0.10945644080416994,0.02660239242992324,0.4132781929303373,0.9995545657015591,0.5,-0.2928230154995143,0.588241041128483,0.37125532159617897,0.2117410191899514,0.8418835310671454,0.0
2021-11-14 11:20:00,0.12412831241283125,-0.4804780876494025,-0.10618019359642605,0.011962149616140172,0.4132781929303373,0.9995545657015591,0.5,-0.2928230154995143,0.588241041128483,0.37125532159617897,0.2117410191899514,0.8418835310671454,0.0
2021-11-14 11:30:00,0.1499302649930265,-0.47569721115537855,-0.10498883097542833,0.0005356186395288898,0.4132781929303373,0.9995545657015591,0.5,-0.2928230154995143,0.588241041128483,0.37125532159617897,0.2117410191899514,0.8418835310671454,0.0
2021-11-14 11:40:00,0.16248256624825663,-0.47091633466135463,-0.10320178704393157,-0.00910551687198713,0.4132781929303373,0.9995545657015591,0.5,-0.2928230154995143,0.588241041128483,0.37125532159617897,0.2117410191899514,0.8418835310671454,0.0
2021-11-14 11:50:00,0.1806136680613668,-0.4661354581673308,-0.09873417721518996,-0.015175861453311956,0.39385690541937685,0.8347438752783964,0.5,-0.2928230154995143,0.588241041128483,0.37125532159617897,0.2117410191899514,0.8418835310671454,0.0
2021-11-14 12:00:00,0.1324965132496513,0.2828685258964143,-0.09188384214445289,-0.00981967505802539,0.39489078797555327,0.20400890868596883,0.5,-0.26886675874342914,0.5766838023373089,0.3444351489691851,0.3059338817187437,0.7756471068122346,0.0
2021-11-14 12:10:00,0.13528591352859135,-0.42629482071713154,-0.08116157855547301,0.0005356186395288898,0.3993142348614728,0.9992204899777284,0.5,-0.26886675874342914,0.5766838023373089,0.3444351489691851,0.3059338817187437,0.7756471068122346,0.0
2021-11-14 12:20:00,0.14574616457461645,-0.42629482071713154,-0.07371556217423691,0.01553294054633092,0.3993142348614728,0.9992204899777284,0.5,-0.26886675874342914,0.5766838023373089,0.3444351489691851,0.3059338817187437,0.7756471068122346,0.0
2021-11-14 12:30:00,0.201534170153417,-0.24701195219123517,-0.06597170513775141,0.018746652383502926,0.3899176820091348,0.833184855233853,0.5,-0.26886675874342914,0.5766838023373089,0.3444351489691851,0.3059338817187437,0.7756471068122346,0.0
2021-11-14 12:40:00,0.23221757322175732,-0.06772908366533881,-0.05137751303052884,0.01410462417425462,0.37669968983523316,0.004120267260579065,0.5,-0.26886675874342914,0.5766838023373089,0.3444351489691851,0.3059338817187437,0.7756471068122346,0.07791541560420659
2021-11-14 12:50:00,0.18898186889818688,0.003984063745019917,-0.035591958302308435,0.01624709873236929,0.37516849668241486,0.00011135857461024499,0.5,-0.26886675874342914,0.5766838023373089,0.3444351489691851,0.3059338817187437,0.7756471068122346,0.06461517570197807
2021-11-14 13:00:00,0.22315202231520226,-0.3545816733067729,-0.021891288160834188,0.027673629708980574,0.3808090458180105,0.00011135857461024499,0.5,-0.0832669217733304,0.5666150393526581,0.2276290691957461,0.3706345345508269,0.7531888200095805,0.07449039636676373
2021-11-14 13:10:00,0.23709902370990238,0.33864541832669315,-0.007297096053611507,0.03624352794143926,0.3808090458180105,0.00011135857461024499,0.5,-0.0832669217733304,0.5666150393526581,0.2276290691957461,0.3706345345508269,0.7531888200095805,0.08063883398464022
2021-11-14 13:20:00,0.200836820083682,-0.3545816733067729,0.00699925539836177,0.04445634708087853,0.3868814699454267,0.00022271714922048998,0.5,-0.0832669217733304,0.5666150393526581,0.2276290691957461,0.3706345345508269,0.7531888200095805,0.060081174464746444
2021-11-14 13:30:00,0.1806136680613668,-0.02788844621513953,0.014147431124348353,0.05981074808069997,0.38083522005993903,0.00033407572383073496,0.5,-0.0832669217733304,0.5666150393526581,0.2276290691957461,0.3706345345508269,0.7531888200095805,0.05404589827541983
2021-11-14 13:40:00,0.24198047419804744,0.07569721115537842,0.02427401340282942,0.07230851633636859,0.38681603434060546,0.00044543429844097997,0.5,-0.0832669217733304,0.5666150393526581,0.2276290691957461,0.3706345345508269,0.7531888200095805,0.0941276762677852
2021-11-14 13:50:00,0.25313807531380755,0.14741035856573692,0.03320923306031265,0.07730762363863608,0.3873133449372473,0.0022271714922049,0.5,-0.0832669217733304,0.5666150393526581,0.2276290691957461,0.3706345345508269,0.7531888200095805,0.10641700740830153
2021-11-14 14:00:00,0.24895397489539747,0.38645418326693215,0.042740134028294685,0.07945009819675053,0.38083522005993903,0.00033407572383073496,0.5,-0.058585969089023804,0.5394230575821751,0.22378330408365574,0.4192838606806956,0.7488693739228399,0.10644718378924815
2021-11-14 14:10:00,0.2698744769874477,0.10756972111553775,0.023976172747579794,0.06195322263881464,0.3764510345369122,0.013919821826280624,0.5,-0.058585969089023804,0.5394230575821751,0.22378330408365574,0.4192838606806956,0.7488693739228399,0.13723463645005055
2021-11-14 14:20:00,0.22594142259414227,-0.36254980079681276,-0.0019359642591214588,0.008034279592929794,0.38083522005993903,0.9905345211581292,0.5,-0.058585969089023804,0.5394230575821751,0.22378330408365574,0.4192838606806956,0.7488693739228399,0.0
2021-11-14 14:30:00,0.301255230125523,-0.21912350597609564,0.013849590469098949,0.038386002499553706,0.38083522005993903,0.9644766146993319,0.5,-0.058585969089023804,0.5394230575821751,0.22378330408365574,0.4192838606806956,0.7488693739228399,0.0
2021-11-14 14:40:00,0.32914923291492326,-0.08366533864541836,0.029635145197319357,0.05195500803427966,0.38083522005993903,0.01804008908685969,0.5,-0.058585969089023804,0.5394230575821751,0.22378330408365574,0.4192838606806956,0.7488693739228399,0.1591577772077795
2021-11-14 14:50:00,0.3068340306834031,0.019920318725099362,0.02993298585256876,0.03802892340653452,0.3813717920194736,0.014810690423162584,0.5,-0.058585969089023804,0.5394230575821751,0.22378330408365574,0.4192838606806956,0.7488693739228399,0.14724565082909608
2021-11-14 15:00:00,0.28661087866108786,0.07569721115537842,-0.0016381236038721658,-0.019460810569541076,0.3755218489484498,0.00913140311804009,0.5,-0.03859526125975299,0.5261963121431469,0.22081737536105567,0.4359974267733323,0.7511011342824963,0.14059930292560013
2021-11-14 15:10:00,0.3410041841004184,0.019920318725099362,-0.009381980640357557,-0.04838421710408858,0.3755218489484498,0.03418708240534521,0.5,-0.03859526125975299,0.5261963121431469,0.22081737536105567,0.4359974267733323,0.7511011342824963,0.16185856330250314
2021-11-14 15:20:00,0.2838214783821479,-0.3067729083665339,-0.00967982129560696,-0.060167827173718935,0.38078287157608204,0.014810690423162584,0.5,-0.03859526125975299,0.5261963121431469,0.22081737536105567,0.4359974267733323,0.7511011342824963,0.13793623730705978
2021-11-14 15:30:00,0.3117154811715481,0.17928286852589648,-0.010573343261355284,-0.06195322263881431,0.3682846710552145,0.008574610244988864,0.5,-0.03859526125975299,0.5261963121431469,0.22081737536105567,0.4359974267733323,0.7511011342824963,0.17297101558610076
2021-11-14 15:40:00,0.32147838214783825,0.027888446215139417,-0.009977661950856476,-0.06909480449919658,0.37820470874612294,0.008351893095768375,0.5,-0.03859526125975299,0.5261963121431469,0.22081737536105567,0.4359974267733323,0.7511011342824963,0.1763130497759404
2021-11-14 15:50:00,0.3682008368200837,-0.1872509960159363,-0.01027550260610588,-0.06909480449919658,0.3765295572626978,0.012694877505567928,0.5,-0.03859526125975299,0.5261963121431469,0.22081737536105567,0.4359974267733323,0.7511011342824963,0.20771157415091207
2021-11-14 16:00:00,0.3612273361227336,-0.059760956175298974,-0.012658227848101444,-0.06266738082485268,0.36799675439400087,0.004788418708240535,0.5,-0.006545043514108229,0.5156821558187061,0.19835745274557015,0.4232063972584767,0.7495738903259986,0.2249800081476229
2021-11-14 16:10:00,0.2824267782426778,0.10756972111553775,-0.012658227848101444,-0.06195322263881431,0.36971116724031877,0.00022271714922048998,0.5,-0.006545043514108229,0.5156821558187061,0.19835745274557015,0.4232063972584767,0.7495738903259986,0.14657422635303347
2021-11-14 16:20:00,0.2754532775453278,0.027888446215139417,-0.012658227848101444,-0.0733797536154257,0.37015612935310366,0.00033407572383073496,0.5,-0.006545043514108229,0.5156821558187061,0.19835745274557015,0.4232063972584767,0.7495738903259986,0.13674427025966776
2021-11-14 16:30:00,0.2796373779637378,0.03585657370517925,-0.01444527177959809,-0.0783788609176932,0.3671722657732525,0.00033407572383073496,0.5,-0.006545043514108229,0.5156821558187061,0.19835745274557015,0.4232063972584767,0.7495738903259986,0.14106703683027297
2021-11-14 16:40:00,0.2789400278940028,0.12350597609561742,-0.017423678332092574,-0.08409212640599895,0.361741110573085,0.00022271714922048998,0.5,-0.006545043514108229,0.5156821558187061,0.19835745274557015,0.4232063972584767,0.7495738903259986,0.1402447304494772
2021-11-14 16:50:00,0.2398884239888424,-0.019920318725099695,-0.023678332092330612,-0.09087662917336181,0.3566502205179882,0.00033407572383073496,0.5,-0.006545043514108229,0.5156821558187061,0.19835745274557015,0.4232063972584767,0.7495738903259986,0.10063823045702129
2021-11-14 17:00:00,0.21478382147838215,-0.019920318725099695,-0.027252419955324125,-0.09016247098732377,0.35784114852573584,0.00033407572383073496,0.5,-0.006349627762844867,0.5073920926877904,0.19411970517745292,0.37122500798519215,0.7372594370992688,0.0740075742716176
2021-11-14 17:10:00,0.22663877266387727,-0.03585657370517936,-0.03231571109456466,-0.08980539189430448,0.350473099422858,0.00033407572383073496,0.5,-0.006349627762844867,0.5073920926877904,0.19411970517745292,0.37122500798519215,0.7372594370992688,0.08915611750682742
2021-11-14 17:20:00,0.2280334728033473,-0.11553784860557781,-0.03469843633656011,-0.1023031601499732,0.35250160317231816,0.00033407572383073496,0.5,-0.006349627762844867,0.5073920926877904,0.19411970517745292,0.37122500798519215,0.7372594370992688,0.0902424672209062
2021-11-14 17:30:00,0.1792189679218968,-0.17928286852589637,-0.03886820551005232,-0.10980182110337433,0.35702974702595175,0.000556792873051225,0.5,-0.006349627762844867,0.5073920926877904,0.19411970517745292,0.37122500798519215,0.7372594370992688,0.059100442083980874
2021-11-14 17:40:00,0.2175732217573222,-0.23505976095617542,-0.04303797468354453,-0.1151580074986609,0.35702974702595175,0.00044543429844097997,0.5,-0.006349627762844867,0.5073920926877904,0.19411970517745292,0.37122500798519215,0.7372594370992688,0.08067655446082352
2021-11-14 17:50:00,0.18688981868898188,-0.3705179282868527,-0.04720774385703663,-0.12229958935904306,0.3532083077043881,0.00033407572383073496,0.5,-0.006349627762844867,0.5073920926877904,0.19411970517745292,0.37122500798519215,0.7372594370992688,0.06196719827391101
2021-11-14 18:00:00,0.18758716875871687,-0.019920318725099695,-0.05376023827252441,-0.1247991430101768,0.3405792359738781,0.00044543429844097997,0.5,-0.24062533040404277,0.5010100371544269,0.3555679072511935,0.29565438944155736,0.6616023517127663,0.06597311284457655
2021-11-14 18:10:00,0.18410041841004185,-0.043824701195219196,-0.060610573343261476,-0.13158364577753967,0.3405792359738781,0.00033407572383073496,0.5,-0.24062533040404277,0.5010100371544269,0.3555679072511935,0.29565438944155736,0.6616023517127663,0.06498483636857431
2021-11-14 18:20:00,0.18131101813110181,0.4820717131474104,-0.06656738644825033,-0.13515443670773075,0.347894936592899,0.00033407572383073496,0.5,-0.24062533040404277,0.5010100371544269,0.3555679072511935,0.29565438944155736,0.6616023517127663,0.059560631893417024
2021-11-14 18:30:00,0.12412831241283125,-0.09960159362549814,-0.07371556217423691,-0.14158186038207465,0.35201737969664054,0.00033407572383073496,0.5,-0.24062533040404277,0.5010100371544269,0.3555679072511935,0.29565438944155736,0.6616023517127663,0.0173363308538407
2021-11-14 18:40:00,0.13389121338912133,0.33864541832669315,-0.07967237527922577,-0.13979646491697895,0.3406054102158066,0.00033407572383073496,0.5,-0.24062533040404277,0.5010100371544269,0.3555679072511935,0.29565438944155736,0.6616023517127663,0.030153748660923095
2021-11-14 18:50:00,0.14435146443514643,0.40239043824701204,-0.085331347728965,-0.14443849312622736,0.3515200690999987,0.00033407572383073496,0.5,-0.24062533040404277,0.5010100371544269,0.3555679072511935,0.29565438944155736,0.6616023517127663,0.03735835961193174
2021-11-14 19:00:00,0.1492329149232915,-0.3944223107569722,-0.0924795234549517,-0.15407962863774327,0.3570559212678803,0.00033407572383073496,0.5,-0.2731824817566939,0.5130557718666593,0.4221705581482703,0.2634333014157694,0.6584086227488166,0.03810522504036091
2021-11-14 19:10:00,0.11854951185495119,-0.3067729083665339,-0.09724497393894282,-0.15907873594001076,0.3570559212678803,0.00033407572383073496,0.5,-0.2731824817566939,0.5130557718666593,0.4221705581482703,0.2634333014157694,0.6584086227488166,0.013496386378381641
2021-11-14 19:20:00,0.17364016736401675,-0.15537848605577698,-0.10320178704393157,-0.16050705231208717,0.34648152752875894,0.00022271714922048998,0.5,-0.2731824817566939,0.5130557718666593,0.4221705581482703,0.2634333014157694,0.6584086227488166,0.05024367427614406
2021-11-14 19:30:00,0.1589958158995816,0.5059760956175297,-0.1082650781831721,-0.16729155507945004,0.3406708458206279,0.00022271714922048998,0.5,-0.2731824817566939,0.5130557718666593,0.4221705581482703,0.2634333014157694,0.6584086227488166,0.044163133515397496
2021-11-14 19:40:00,0.12691771269177127,0.3067729083665336,-0.11392405063291144,-0.16729155507945004,0.3406708458206279,0.00022271714922048998,0.5,-0.2731824817566939,0.5130557718666593,0.4221705581482703,0.2634333014157694,0.6584086227488166,0.02256438885284488
2021-11-14 19:50:00,0.0899581589958159,0.4820717131474104,-0.12107222635889814,-0.16336368505623988,0.3442828912067634,0.0021158129175946547,0.5,-0.2731824817566939,0.5130557718666593,0.4221705581482703,0.2634333014157694,0.6584086227488166,0.0013126725711785387
2021-11-14 20:00:00,0.06834030683403068,0.07569721115537842,-0.12405063291139262,-0.18157471880021414,0.3571213568727016,0.6461024498886415,0.5,-0.2815207541266944,0.5134005925168178,0.4832387870634884,0.1779035517253183,0.7280970759559638,0.0
2021-11-14 20:10:00,0.10460251046025104,-0.4661354581673308,-0.11362620997766204,-0.16871987145152645,0.3571213568727016,0.9996659242761693,0.5,-0.2815207541266944,0.5134005925168178,0.4832387870634884,0.1779035517253183,0.7280970759559638,0.0
2021-11-14 20:20:00,0.10460251046025104,-0.17928286852589637,-0.11094564408041707,-0.15086591680057126,0.3571213568727016,0.9996659242761693,0.5,-0.2815207541266944,0.5134005925168178,0.4832387870634884,0.1779035517253183,0.7280970759559638,0.0
2021-11-14 20:30:00,0.10320781032078104,-0.003984063745020028,-0.10915860014892054,-0.14979467952151393,0.3571213568727016,0.9996659242761693,0.5,-0.2815207541266944,0.5134005925168178,0.4832387870634884,0.1779035517253183,0.7280970759559638,0.0
2021-11-14 20:40:00,0.0808926080892608,0.09760956175298796,-0.1160089352196576,-0.15372254954472397,0.3571213568727016,0.9996659242761693,0.5,-0.2815207541266944,0.5134005925168178,0.4832387870634884,0.1779035517253183,0.7280970759559638,0.0
2021-11-14 20:50:00,0.061366806136680614,0.19920318725099584,-0.11481757259865988,-0.1597928941260488,0.3571213568727016,0.9996659242761693,0.5,-0.2815207541266944,0.5134005925168178,0.4832387870634884,0.1779035517253183,0.7280970759559638,0.0
2021-11-14 21:00:00,0.0502092050209205,0.30079681274900394,-0.11392405063291144,-0.1612212104981252,0.3571213568727016,0.9996659242761693,0.5,-0.2554208943097296,0.5059668340004675,0.4465777116315309,0.18662507724217853,0.9128625519555179,0.0
2021-11-14 21:10:00,0.03626220362622037,0.40239043824701204,-0.11392405063291144,-0.16336368505623988,0.3571213568727016,0.9996659242761693,0.5,-0.2554208943097296,0.5059668340004675,0.4465777116315309,0.18662507724217853,0.9128625519555179,0.0
2021-11-14 21:20:00,0.03765690376569038,0.5537848605577689,-0.11392405063291144,-0.16336368505623988,0.3571213568727016,0.9996659242761693,0.5,-0.2554208943097296,0.5059668340004675,0.4465777116315309,0.18662507724217853,0.9128625519555179,0.0
2021-11-14 21:30:00,0.026499302649930265,0.21912350597609564,-0.11392405063291144,-0.16336368505623988,0.3571213568727016,0.9996659242761693,0.5,-0.2554208943097296,0.5059668340004675,0.4465777116315309,0.18662507724217853,0.9128625519555179,0.0
2021-11-14 21:40:00,0.0404463040446304,0.3545816733067728,-0.11749813849590485,-0.16729155507945004,0.3571213568727016,0.9996659242761693,0.5,-0.2554208943097296,0.5059668340004675,0.4465777116315309,0.18662507724217853,0.9128625519555179,0.0
2021-11-14 21:50:00,0.05788005578800558,0.49003984063745,-0.11988086373790041,-0.17050526691662193,0.3571213568727016,0.9996659242761693,0.5,-0.2554208943097296,0.5059668340004675,0.4465777116315309,0.18662507724217853,0.9128625519555179,0.0
2021-11-14 22:00:00,0.07391910739191074,0.6254980079681274,-0.11720029784065533,-0.1740760578468129,0.3571213568727016,0.9996659242761693,0.5,-0.35614075403997636,0.4983721591807059,0.5203577882957412,0.2811804310796258,0.013551974885284555,0.0
2021-11-14 22:10:00,0.11366806136680613,0.7609561752988048,-0.11451973194341047,-0.18014640242813773,0.3571213568727016,0.9996659242761693,0.5,-0.35614075403997636,0.4983721591807059,0.5203577882957412,0.2811804310796258,0.013551974885284555,0.0
2021-11-14 22:20:00,0.14644351464435149,0.7211155378486056,-0.11839166046165317,-0.18478843063738626,0.3571213568727016,0.9996659242761693,0.5,-0.35614075403997636,0.4983721591807059,0.5203577882957412,0.2811804310796258,0.013551974885284555,0.0
2021-11-14 22:30:00,0.09623430962343095,0.6812749003984064,-0.11392405063291144,-0.18478843063738626,0.3571213568727016,0.9996659242761693,0.5,-0.35614075403997636,0.4983721591807059,0.5203577882957412,0.2811804310796258,0.013551974885284555,0.0
2021-11-14 22:40:00,0.09832635983263598,0.6414342629482073,-0.11511541325390917,-0.18835922156757723,0.3571213568727016,0.9996659242761693,0.5,-0.35614075403997636,0.4983721591807059,0.5203577882957412,0.2811804310796258,0.013551974885284555,0.0
2021-11-14 22:50:00,0.09762900976290097,0.6015936254980081,-0.11392405063291144,-0.19157293340474912,0.3571213568727016,0.9996659242761693,0.5,-0.35614075403997636,0.4983721591807059,0.5203577882957412,0.2811804310796258,0.013551974885284555,0.0
2021-11-14 23:00:00,0.10181311018131102,0.5617529880478087,-0.11392405063291144,-0.1933583288698446,0.3571213568727016,0.9996659242761693,0.5,-0.38742655232782885,0.5016508288626386,0.5279165441325198,0.330283949462,0.06376635512259789,0.0
2021-11-14 23:10:00,0.1603905160390516,0.5219123505976095,-0.1118391660461654,-0.19550080342795917,0.3571213568727016,0.9996659242761693,0.5,-0.38742655232782885,0.5016508288626386,0.5279165441325198,0.330283949462,0.06376635512259789,0.0
2021-11-14 23:20:00,0.14574616457461645,0.4820717131474104,-0.11094564408041707,-0.19800035707909291,0.3571213568727016,0.9996659242761693,0.5,-0.38742655232782885,0.5016508288626386,0.5279165441325198,0.330283949462,0.06376635512259789,0.0
2021-11-14 23:30:00,0.11924686192468618,0.4422310756972112,-0.11094564408041707,-0.20264238528834144,0.3571213568727016,0.9996659242761693,0.5,-0.38742655232782885,0.5016508288626386,0.5279165441325198,0.330283949462,0.06376635512259789,0.0
2021-11-14 23:40:00,0.10111576011157601,0.40239043824701204,-0.11094564408041707,-0.20264238528834144,0.3571213568727016,0.9996659242761693,0.5,-0.38742655232782885,0.5016508288626386,0.5279165441325198,0.330283949462,0.06376635512259789,0.0
2021-11-14 23:50:00,0.1094839609483961,0.36254980079681287,-0.11154132539091599,-0.2029994643813604,0.3571213568727016,0.9996659242761693,0.5,-0.38742655232782885,0.5016508288626386,0.5279165441325198,0.330283949462,0.06376635512259789,0.0
2021-11-15 00:00:00,0.17468619246861924,0.3227091633466135,-0.11198808637379021,-0.2081771469380468,0.42163431966601667,0.8566814031180402,0.5,-0.4015951448574706,0.47750188932981485,0.5582597399270591,0.34817661809796585,0.0815367143642009,0.00544306471324894
2021-11-15 00:10:00,0.2398884239888424,0.2828685258964143,-0.11243484735666431,-0.21335475807891446,0.4861472824593318,0.7136971046770602,0.5,-0.4015951448574706,0.47750188932981485,0.5582597399270591,0.34817661809796585,0.0815367143642009,0.01088612942649788
2021-11-15 00:20:00,0.1701534170153417,0.24302788844621515,-0.10737155621742378,-0.17978932333511877,0.5293216945204224,0.00011135857461024499,0.5,-0.4015951448574706,0.47750188932981485,0.5582597399270591,0.34817661809796585,0.0815367143642009,0.054898381037162214
2021-11-15 00:30:00,0.15132496513249652,0.08366533864541825,-0.09426656738644845,-0.13693983217282624,0.5377236261794768,0.00011135857461024499,0.5,-0.4015951448574706,0.47750188932981485,0.5582597399270591,0.34817661809796585,0.0815367143642009,0.030002866756189933
2021-11-15 00:40:00,0.11366806136680613,0.43426294820717115,-0.085331347728965,-0.10301731833601147,0.5377236261794768,0.00011135857461024499,0.5,-0.4015951448574706,0.47750188932981485,0.5582597399270591,0.34817661809796585,0.0815367143642009,0.003025182189899965
2021-11-15 00:50:00,0.10460251046025104,0.5378486055776892,-0.07877885331347734,-0.06766648812712017,0.5377236261794768,0.00011135857461024499,0.5,-0.4015951448574706,0.47750188932981485,0.5582597399270591,0.34817661809796585,0.0815367143642009,0.0012523198092852725
2021-11-15 01:00:00,0.1297071129707113,-0.07569721115537853,-0.07192851824274027,-0.035529369755400886,0.5524204630223397,0.00011135857461024499,0.5,-0.47264653096183984,0.4761427212671005,0.6349926834591393,0.35749944794051863,0.08949490820189475,0.03741871237382501
2021-11-15 01:10:00,0.11715481171548117,-0.23505976095617542,-0.06329113924050644,-0.022317443313693897,0.5541741372315505,0.00011135857461024499,0.5,-0.47264653096183984,0.4761427212671005,0.6349926834591393,0.35749944794051863,0.08949490820189475,0.032967696184196635
2021-11-15 01:20:00,0.09553695955369597,-0.5139442231075697,-0.06031273268801207,-0.006963042313872458,0.5541741372315505,0.00011135857461024499,0.5,-0.47264653096183984,0.4761427212671005,0.6349926834591393,0.35749944794051863,0.08949490820189475,0.016227348854051936
2021-11-15 01:30:00,0.09693165969316596,-0.08366533864541836,-0.05763216679076699,0.018746652383502926,0.5541741372315505,0.00011135857461024499,0.5,-0.47264653096183984,0.4761427212671005,0.6349926834591393,0.35749944794051863,0.08949490820189475,0.011384039712117325
2021-11-15 01:40:00,0.09483960948396096,0.17928286852589648,-0.054355919583023216,0.05052669166220336,0.5541741372315505,0.00011135857461024499,0.5,-0.47264653096183984,0.4761427212671005,0.6349926834591393,0.35749944794051863,0.08949490820189475,0.008381489807927335
2021-11-15 01:50:00,0.0801952580195258,0.6254980079681274,-0.05346239761727478,0.08837707552222818,0.5620918454149272,0.00011135857461024499,0.5,-0.47264653096183984,0.4761427212671005,0.6349926834591393,0.35749944794051863,0.08949490820189475,0.003575901142176019
2021-11-15 02:00:00,0.09065550906555091,0.25099601593625476,-0.04512285927029036,0.12729869666131055,0.5706508225255525,0.00011135857461024499,0.5,-0.49280110251972586,0.45488452818477854,0.6893297455081486,0.3667611799837475,0.0948908025014276,0.014069737616367668
2021-11-15 02:10:00,0.06345885634588563,0.41035856573705165,-0.03648548026805687,0.15800749866095343,0.5754276216775073,0.01447661469933185,0.5,-0.49280110251972586,0.45488452818477854,0.6893297455081486,0.3667611799837475,0.0948908025014276,0.0
2021-11-15 02:20:00,0.07391910739191074,0.44422310756972094,-0.04154877140729718,0.14158186038207465,0.5871667691824475,0.994097995545657,0.5,-0.49280110251972586,0.45488452818477854,0.6893297455081486,0.3667611799837475,0.0948908025014276,0.0
2021-11-15 02:30:00,0.06624825662482565,0.47808764940239024,-0.057036485480268184,0.10194608105695413,0.5871667691824475,0.9995545657015591,0.5,-0.49280110251972586,0.45488452818477854,0.6893297455081486,0.3667611799837475,0.0948908025014276,0.0
2021-11-15 02:40:00,0.06485355648535565,0.5119521912350598,-0.06656738644825033,0.07230851633636859,0.5871667691824475,0.9995545657015591,0.5,-0.49280110251972586,0.45488452818477854,0.6893297455081486,0.3667611799837475,0.0948908025014276,0.0
2021-11-15 02:50:00,0.06345885634588563,0.5458167330677288,-0.07282204020848859,0.04838421710408847,0.5871667691824475,0.9995545657015591,0.5,-0.49280110251972586,0.45488452818477854,0.6893297455081486,0.3667611799837475,0.0948908025014276,0.0
2021-11-15 03:00:00,0.07182705718270573,0.6972111553784857,-0.0769918093819808,0.03017318336011443,0.5871667691824475,0.9995545657015591,0.5,-0.5029491135249113,0.44407440080228466,0.705408508238543,0.3815121216658751,0.0992833989203306,0.0
2021-11-15 03:10:00,0.04951185495118549,-0.856573705179283,-0.0772896500372302,0.010890912337082836,0.5871667691824475,0.9995545657015591,0.5,-0.5029491135249113,0.44407440080228466,0.705408508238543,0.3815121216658751,0.0992833989203306,0.0
2021-11-15 03:20:00,0.08368200836820083,-0.703187250996016,-0.07907669396872685,-0.006248884127834309,0.5871667691824475,0.9995545657015591,0.5,-0.5029491135249113,0.44407440080228466,0.705408508238543,0.3815121216658751,0.0992833989203306,0.0
2021-11-15 03:30:00,0.09065550906555091,-0.5498007968127492,-0.08622486969471344,-0.022317443313693897,0.5871667691824475,0.9995545657015591,0.5,-0.5029491135249113,0.44407440080228466,0.705408508238543,0.3815121216658751,0.0992833989203306,0.0
2021-11-15 03:40:00,0.09483960948396096,-0.39641434262948216,-0.08711839166046176,-0.034101053383324476,0.5871667691824475,0.9995545657015591,0.5,-0.5029491135249113,0.44407440080228466,0.705408508238543,0.3815121216658751,0.0992833989203306,0.0
2021-11-15 03:50:00,0.1094839609483961,-0.24302788844621515,-0.09158600148920337,-0.04731297982503124,0.5871667691824475,0.9995545657015591,0.5,-0.5029491135249113,0.44407440080228466,0.705408508238543,0.3815121216658751,0.0992833989203306,0.0
2021-11-15 04:00:00,0.09274755927475593,-0.08964143426294835,-0.09307520476545061,-0.060167827173718935,0.5871667691824475,0.9995545657015591,0.5,-0.5433223279255746,0.4355860657975267,0.737595200947758,0.39350220767115696,0.10278957260071143,0.0
2021-11-15 04:10:00,0.07601115760111576,0.06374501992031867,-0.09307520476545061,-0.07123727905731125,0.5871667691824475,0.9995545657015591,0.5,-0.5433223279255746,0.4355860657975267,0.737595200947758,0.39350220767115696,0.10278957260071143,0.0
2021-11-15 04:20:00,0.06903765690376569,0.21713147410358546,-0.09545793000744618,-0.07945009819675053,0.5871667691824475,0.9995545657015591,0.5,-0.5433223279255746,0.4355860657975267,0.737595200947758,0.39350220767115696,0.10278957260071143,0.0
2021-11-15 04:30:00,0.08228730822873082,0.3705179282868525,-0.09962769918093839,-0.08766291733619003,0.5871667691824475,0.9995545657015591,0.5,-0.5433223279255746,0.4355860657975267,0.737595200947758,0.39350220767115696,0.10278957260071143,0.0
2021-11-15 04:40:00,0.09344490934449094,0.5239043824701195,-0.1037974683544306,-0.09623281556864838,0.5871667691824475,0.9995545657015591,0.5,-0.5433223279255746,0.4355860657975267,0.737595200947758,0.39350220767115696,0.10278957260071143,0.0
2021-11-15 04:50:00,0.10669456066945607,0.6772908366533861,-0.10498883097542833,-0.10480271380110695,0.5871667691824475,0.9995545657015591,0.5,-0.5433223279255746,0.4355860657975267,0.737595200947758,0.39350220767115696,0.10278957260071143,0.0
2021-11-15 05:00:00,0.09553695955369597,0.4953519256308099,-0.10766939687267318,-0.11230137475450808,0.5871667691824475,0.9995545657015591,0.5,-0.540805170262519,0.4173910294907878,0.6927727489637067,0.404884046008059,0.10124765839750538,0.0
2021-11-15 05:10:00,0.1199442119944212,0.3134130146082337,-0.11094564408041707,-0.12015711480092839,0.5871667691824475,0.9995545657015591,0.5,-0.540805170262519,0.4173910294907878,0.6927727489637067,0.404884046008059,0.10124765839750538,0.0
2021-11-15 05:20:00,0.11366806136680613,0.13147410358565725,-0.11064780342516767,-0.12372790573111947,0.5871667691824475,0.9995545657015591,0.5,-0.540805170262519,0.4173910294907878,0.6927727489637067,0.404884046008059,0.10124765839750538,0.0
2021-11-15 05:30:00,0.12203626220362622,-0.298804780876494,-0.10498883097542833,-0.129441171219425,0.5871667691824475,0.9995545657015591,0.5,-0.540805170262519,0.4173910294907878,0.6927727489637067,0.404884046008059,0.10124765839750538,0.0
2021-11-15 05:40:00,0.11157601115760113,0.019920318725099362,-0.10201042442293384,-0.13408319942867342,0.5871667691824475,0.9995545657015591,0.5,-0.540805170262519,0.4173910294907878,0.6927727489637067,0.404884046008059,0.10124765839750538,0.0
2021-11-15 05:50:00,0.10460251046025104,-0.08366533864541836,-0.10201042442293384,-0.13979646491697895,0.5871667691824475,0.9995545657015591,0.5,-0.540805170262519,0.4173910294907878,0.6927727489637067,0.404884046008059,0.10124765839750538,0.0
2021-11-15 06:00:00,0.09135285913528592,-0.6972111553784861,-0.10171258376768444,-0.1422960185681127,0.5871667691824475,0.9995545657015591,0.5,-0.5676623119761273,0.40817282410986105,0.717439110515592,0.4336386792380266,0.09949640523395156,0.0
2021-11-15 06:10:00,0.08298465829846582,-0.06772908366533881,-0.10081906180193612,-0.1487234422424566,0.5871667691824475,0.9995545657015591,0.5,-0.5676623119761273,0.40817282410986105,0.717439110515592,0.4336386792380266,0.09949640523395156,0.0
2021-11-15 06:20:00,0.05718270571827057,-0.0629150066401063,-0.10409530900967989,-0.15086591680057126,0.5871667691824475,0.9995545657015591,0.5,-0.5676623119761273,0.40817282410986105,0.717439110515592,0.4336386792380266,0.09949640523395156,0.0
2021-11-15 06:30:00,0.06555090655509065,-0.0581009296148739,-0.10498883097542833,-0.15515086591680072,0.5871667691824475,0.9995545657015591,0.5,-0.5676623119761273,0.40817282410986105,0.717439110515592,0.4336386792380266,0.09949640523395156,0.0
2021-11-15 06:40:00,0.0697350069735007,-0.0532868525896415,-0.10975428145941923,-0.16193536868416358,0.5871667691824475,0.9995545657015591,0.5,-0.5676623119761273,0.40817282410986105,0.717439110515592,0.4336386792380266,0.09949640523395156,0.0
2021-11-15 06:50:00,0.0801952580195258,-0.0484727755644091,-0.11213700670141491,-0.1694340296375647,0.5871667691824475,0.9995545657015591,0.5,-0.5676623119761273,0.40817282410986105,0.717439110515592,0.4336386792380266,0.09949640523395156,0.0
2021-11-15 07:00:00,0.10251046025104603,-0.0436586985391767,-0.11392405063291144,-0.1740760578468129,0.5871667691824475,0.9995545657015591,0.5,-0.5683972139497296,0.4184312384521005,0.7323226501311195,0.4279948626937954,0.10289581636410772,0.0
2021-11-15 07:10:00,0.1094839609483961,-0.0388446215139443,-0.11362620997766204,-0.1790751651490804,0.5871667691824475,0.9995545657015591,0.5,-0.5683972139497296,0.4184312384521005,0.7323226501311195,0.4279948626937954,0.10289581636410772,0.0
2021-11-15 07:20:00,0.10599721059972106,-0.0340305444887119,-0.11392405063291144,-0.1837171933583288,0.5871667691824475,0.9995545657015591,0.5,-0.5683972139497296,0.4184312384521005,0.7323226501311195,0.4279948626937954,0.10289581636410772,0.0
2021-11-15 07:30:00,0.11854951185495119,-0.0292164674634795,-0.11303052866716312,-0.18978753793965364,0.5871667691824475,0.9995545657015591,0.5,-0.5683972139497296,0.4184312384521005,0.7323226501311195,0.4279948626937954,0.10289581636410772,0.0
2021-11-15 07:40:00,0.1311018131101813,-0.02440239043824699,-0.11094564408041707,-0.19228709159078738,0.5871667691824475,0.9995545657015591,0.5,-0.5683972139497296,0.4184312384521005,0.7323226501311195,0.4279948626937954,0.10289581636410772,0.0
2021-11-15 07:50:00,0.1290097629009763,-0.01958831341301459,-0.10915860014892054,-0.19550080342795917,0.5871667691824475,0.9995545657015591,0.5,-0.5683972139497296,0.4184312384521005,0.7323226501311195,0.4279948626937954,0.10289581636410772,0.0
2021-11-15 08:00:00,0.12691771269177127,-0.014774236387782302,-0.1079672375279227,-0.19800035707909291,0.5871667691824475,0.9995545657015591,0.5,-0.5640204214296269,0.4250862770001767,0.7247609775694983,0.42670828299178587,0.10141532879993247,0.0
2021-11-15 08:10:00,0.11157601115760113,-0.009960159362549903,-0.10647803425167546,-0.20264238528834144,0.5871667691824475,0.9995545657015591,0.5,-0.5640204214296269,0.4250862770001767,0.7247609775694983,0.42670828299178587,0.10141532879993247,0.0
2021-11-15 08:20:00,0.09414225941422595,-0.0051460823373175035,-0.11005212211466875,-0.2062131762185324,0.5871667691824475,0.9995545657015591,0.5,-0.5640204214296269,0.4250862770001767,0.7247609775694983,0.42670828299178587,0.10141532879993247,0.0
2021-11-15 08:30:00,0.09623430962343095,-0.0003320053120851041,-0.1118391660461654,-0.20871272986966605,0.5871667691824475,0.9995545657015591,0.5,-0.5640204214296269,0.4250862770001767,0.7247609775694983,0.42670828299178587,0.10141532879993247,0.0
2021-11-15 08:40:00,0.10390516039051603,0.004482071713147295,-0.11094564408041707,-0.2158543117300481,0.5871667691824475,0.9995545657015591,0.5,-0.5640204214296269,0.4250862770001767,0.7247609775694983,0.42670828299178587,0.10141532879993247,0.0
2021-11-15 08:50:00,0.1087866108786611,0.009296148738379806,-0.10618019359642605,-0.22049633993929663,0.5871667691824475,0.9995545657015591,0.5,-0.5640204214296269,0.4250862770001767,0.7247609775694983,0.42670828299178587,0.10141532879993247,0.0
2021-11-15 09:00:00,0.11157601115760113,0.014110225763612094,-0.09337304542070002,-0.22049633993929663,0.5871667691824475,0.9995545657015591,0.5,-0.5505969369189684,0.4305631783268735,0.6228936015553499,0.417657997431331,0.0976288918587942,0.0
2021-11-15 09:10:00,0.11227336122733612,0.018924302788844605,-0.08026805658972458,-0.22049633993929663,0.5871667691824475,0.9995545657015591,0.5,-0.5505969369189684,0.4305631783268735,0.6228936015553499,0.417657997431331,0.0976288918587942,0.0
2021-11-15 09:20:00,0.11576011157601115,0.023738379814076893,-0.06775874906924817,-0.21978218175325825,0.5871667691824475,0.9995545657015591,0.5,-0.5505969369189684,0.4305631783268735,0.6228936015553499,0.417657997431331,0.0976288918587942,0.0
2021-11-15 09:30:00,0.10460251046025104,0.028552456839309404,-0.05465376023827262,-0.21478307445099076,0.5871667691824475,0.9995545657015591,0.5,-0.5505969369189684,0.4305631783268735,0.6228936015553499,0.417657997431331,0.0976288918587942,0.0
2021-11-15 09:40:00,0.099721059972106,0.03336653386454169,-0.04482501861504107,-0.21335475807891446,0.5871667691824475,0.9995545657015591,0.5,-0.5505969369189684,0.4305631783268735,0.6228936015553499,0.417657997431331,0.0976288918587942,0.0
2021-11-15 09:50:00,0.09065550906555091,0.0381806108897742,-0.04482501861504107,-0.20728441349758975,0.5871667691824475,0.9995545657015591,0.5,-0.5505969369189684,0.4305631783268735,0.6228936015553499,0.417657997431331,0.0976288918587942,0.0
2021-11-15 10:00:00,0.08577405857740586,0.04299468791500649,-0.037974683544304,-0.20371362256739867,0.5871667691824475,0.9995545657015591,0.5,-0.2545597842455348,0.4489564865074546,0.3829951390878286,0.32150179626797704,0.1069346599085069,0.0
2021-11-15 10:10:00,0.09135285913528592,0.047808764940239,-0.030230826507818387,-0.1987145152651313,0.5871667691824475,0.9995545657015591,0.5,-0.2545597842455348,0.4489564865074546,0.3829951390878286,0.32150179626797704,0.1069346599085069,0.0
2021-11-15 10:20:00,0.09274755927475593,0.05262284196547151,-0.012956068503350737,-0.1951437243349402,0.5871667691824475,0.9995545657015591,0.5,-0.2545597842455348,0.4489564865074546,0.3829951390878286,0.32150179626797704,0.1069346599085069,0.0
2021-11-15 10:30:00,0.08926080892608089,0.0574369189907038,-0.004318689501117023,-0.1919300124977681,0.5871667691824475,0.9995545657015591,0.5,-0.2545597842455348,0.4489564865074546,0.3829951390878286,0.32150179626797704,0.1069346599085069,0.0
2021-11-15 10:40:00,0.08647140864714087,0.06225099601593609,-0.0025316455696204887,-0.18621674700946256,0.5871667691824475,0.9995545657015591,0.5,-0.2545597842455348,0.4489564865074546,0.3829951390878286,0.32150179626797704,0.1069346599085069,0.0
2021-11-15 10:50:00,0.09065550906555091,0.0670650730411686,0.0034251675353684785,-0.18157471880021414,0.5871667691824475,0.9995545657015591,0.5,-0.2545597842455348,0.4489564865074546,0.3829951390878286,0.32150179626797704,0.1069346599085069,0.0
2021-11-15 11:00:00,0.08926080892608089,0.07187915006640089,0.006701414743112366,-0.1758614533119086,0.5871667691824475,0.9995545657015591,0.5,-0.19636287894529536,0.4534334079486905,0.3119944475704126,0.1944171622056961,0.1353112290588449,0.0
2021-11-15 11:10:00,0.07043235704323571,0.0766932270916334,0.013551749813849545,-0.17157650419567938,0.5871667691824475,0.9995545657015591,0.5,-0.19636287894529536,0.4534334079486905,0.3119944475704126,0.1944171622056961,0.1353112290588449,0.0
2021-11-15 11:20:00,0.07043235704323571,0.08150730411686569,0.02367833209233039,-0.16372076414925896,0.5871667691824475,0.9995545657015591,0.5,-0.19636287894529536,0.4534334079486905,0.3119944475704126,0.1944171622056961,0.1353112290588449,0.0
2021-11-15 11:30:00,0.08228730822873082,0.0863213811420982,0.0355919583023081,-0.15872165684699147,0.5871667691824475,0.9995545657015591,0.5,-0.19636287894529536,0.4534334079486905,0.3119944475704126,0.1944171622056961,0.1353112290588449,0.0
2021-11-15 11:40:00,0.099721059972106,0.09113545816733049,0.04988830975428127,-0.15229423317264768,0.5871667691824475,0.9995545657015591,0.5,-0.19636287894529536,0.4534334079486905,0.3119944475704126,0.1944171622056961,0.1353112290588449,0.0
2021-11-15 11:50:00,0.0885634588563459,0.095949535192563,0.0588235294117645,-0.1490805213354759,0.5871667691824475,0.9995545657015591,0.5,-0.19636287894529536,0.4534334079486905,0.3119944475704126,0.1944171622056961,0.1353112290588449,0.0
2021-11-15 12:00:00,0.07810320781032079,0.1007636122177955,0.06180193596425898,-0.142653097661132,0.5871667691824475,0.9995545657015591,0.5,-0.1602819403359924,0.45704540425911155,0.2689894956057004,0.05887034732489833,0.2951442469006428,0.0
2021-11-15 12:10:00,0.07252440725244073,0.1055776892430278,0.06775874906924773,-0.13408319942867342,0.5871667691824475,0.9995545657015591,0.5,-0.1602819403359924,0.45704540425911155,0.2689894956057004,0.05887034732489833,0.2951442469006428,0.0
2021-11-15 12:20:00,0.04741980474198048,0.1103917662682603,0.06626954579300048,-0.1280128548473486,0.5871667691824475,0.9995545657015591,0.5,-0.1602819403359924,0.45704540425911155,0.2689894956057004,0.05887034732489833,0.2951442469006428,0.0
2021-11-15 12:30:00,0.05230125523012552,0.1152058432934926,0.07282204020848826,-0.12051419389394735,0.5871667691824475,0.9995545657015591,0.5,-0.1602819403359924,0.45704540425911155,0.2689894956057004,0.05887034732489833,0.2951442469006428,0.0
2021-11-15 12:40:00,0.04741980474198048,0.1200199203187251,0.08116157855547268,-0.11158721656846982,0.5871667691824475,0.9995545657015591,0.5,-0.1602819403359924,0.45704540425911155,0.2689894956057004,0.05887034732489833,0.2951442469006428,0.0
2021-11-15 12:50:00,0.05299860529986053,0.12483399734395739,0.09039463886820531,-0.10194608105695413,0.5871667691824475,0.9995545657015591,0.5,-0.1602819403359924,0.45704540425911155,0.2689894956057004,0.05887034732489833,0.2951442469006428,0.0
2021-11-15 13:00:00,0.0599721059972106,0.12964807436918968,0.10558451228592691,-0.09266202463845752,0.5871667691824475,0.9995545657015591,0.5,0.0025912348747907377,0.4526575614858328,0.18130247489175466,0.15133360330050216,0.6511533661683011,0.0
2021-11-15 13:10:00,0.05718270571827057,0.1344621513944224,0.11094564408041685,-0.0862346009641134,0.5871667691824475,0.9995545657015591,0.5,0.0025912348747907377,0.4526575614858328,0.18130247489175466,0.15133360330050216,0.6511533661683011,0.0
2021-11-15 13:20:00,0.09902370990237098,0.13927622841965448,0.12047654504839889,-0.0798071772897695,0.5871667691824475,0.9995545657015591,0.5,0.0025912348747907377,0.4526575614858328,0.18130247489175466,0.15133360330050216,0.6511533661683011,0.0
2021-11-15 13:30:00,0.13807531380753138,0.144090305444887,0.12732688011913607,-0.07766470273165504,0.5871667691824475,0.9995545657015591,0.5,0.0025912348747907377,0.4526575614858328,0.18130247489175466,0.15133360330050216,0.6511533661683011,0.0
2021-11-15 13:40:00,0.1317991631799163,0.1489043824701195,0.12583767684288882,-0.07766470273165504,0.5871667691824475,0.9995545657015591,0.5,0.0025912348747907377,0.4526575614858328,0.18130247489175466,0.15133360330050216,0.6511533661683011,0.0
2021-11-15 13:50:00,0.16945606694560672,0.1537184594953518,0.12077438570364829,-0.07766470273165504,0.5871667691824475,0.9995545657015591,0.5,0.0025912348747907377,0.4526575614858328,0.18130247489175466,0.15133360330050216,0.6511533661683011,0.0
2021-11-15 14:00:00,0.1499302649930265,0.1585325365205843,0.11392405063291133,-0.07766470273165504,0.5871667691824475,0.9995545657015591,0.5,0.0031449295132481847,0.43426137979983104,0.1903620758812599,0.2652393661058152,0.7034518875988032,0.0
2021-11-15 14:10:00,0.17294281729428174,0.1633466135458166,0.10439314966492907,-0.07730762363863586,0.5608878302862154,0.9995545657015591,0.5,0.0031449295132481847,0.43426137979983104,0.1903620758812599,0.2652393661058152,0.7034518875988032,0.0
2021-11-15 14:20:00,0.17573221757322177,0.1633466135458166,0.10528667163067751,-0.06909480449919658,0.5226472628286504,0.9995545657015591,0.5,0.0031449295132481847,0.43426137979983104,0.1903620758812599,0.2652393661058152,0.7034518875988032,0.0
2021-11-15 14:30:00,0.18619246861924685,0.1633466135458166,0.10796723752792259,-0.05838243170862356,0.42293648820196045,0.9995545657015591,0.5,0.0031449295132481847,0.43426137979983104,0.1903620758812599,0.2652393661058152,0.7034518875988032,0.0
2021-11-15 14:40:00,0.22873082287308227,0.1633466135458166,0.11154132539091588,-0.035529369755400886,0.3566633076389525,0.11458797327394209,0.5,0.0031449295132481847,0.43426137979983104,0.1903620758812599,0.2652393661058152,0.7034518875988032,0.0531481509422575
2021-11-15 14:50:00,0.2545327754532775,-0.05179282868525903,0.11779597915115403,-0.028744866988037687,0.36218607268586983,0.00022271714922048998,0.5,0.0031449295132481847,0.43426137979983104,0.1903620758812599,0.2652393661058152,0.7034518875988032,0.1078126650270833
2021-11-15 15:00:00,0.2315202231520223,0.019920318725099362,0.11868950111690246,-0.012319228709159136,0.3655232885317559,0.00033407572383073496,0.5,-0.004729201263548477,0.41760366889171674,0.20133073668733864,0.35745233627548806,0.7104244217522886,0.09506314407713083
2021-11-15 15:10:00,0.24895397489539747,-0.23505976095617542,0.11928518242740127,0.005891805034815345,0.36285351585504705,0.00044543429844097997,0.5,-0.004729201263548477,0.41760366889171674,0.20133073668733864,0.35745233627548806,0.7104244217522886,0.10257706293284247
2021-11-15 15:20:00,0.21269177126917713,0.05179282868525892,0.1243484735666418,0.02053204784859841,0.3690698983130701,0.00022271714922048998,0.5,-0.004729201263548477,0.41760366889171674,0.20133073668733864,0.35745233627548806,0.7104244217522886,0.07174434570062012
2021-11-15 15:30:00,0.26429567642956764,0.3545816733067728,0.12941176470588234,0.03660060703445822,0.36693669759589587,0.00044543429844097997,0.5,-0.004729201263548477,0.41760366889171674,0.20133073668733864,0.35745233627548806,0.7104244217522886,0.10085700921888438
2021-11-15 15:40:00,0.24616457461645744,-0.02788844621513953,0.1332836932241248,0.046241742545973796,0.3685856748373925,0.00033407572383073496,0.5,-0.004729201263548477,0.41760366889171674,0.20133073668733864,0.35745233627548806,0.7104244217522886,0.10358797169455468
2021-11-15 15:50:00,0.2510460251046025,0.08366533864541825,0.13060312732687973,0.05266916622031781,0.3699336482967112,0.00033407572383073496,0.5,-0.004729201263548477,0.41760366889171674,0.20133073668733864,0.35745233627548806,0.7104244217522886,0.11457971845436576
2021-11-15 16:00:00,0.24476987447698745,0.14741035856573692,0.13804914370811594,0.06480985538296746,0.37965737917315573,0.00033407572383073496,0.5,0.0043582482023518665,0.41804618872609023,0.19234671691549501,0.3983444840123022,0.7169023186459275,0.09225674064909396
2021-11-15 16:10:00,0.27405857740585776,-0.003984063745020028,0.14221891288160804,0.07195143724334963,0.36833701953907166,0.00022271714922048998,0.5,0.0043582482023518665,0.41804618872609023,0.19234671691549501,0.3983444840123022,0.7169023186459275,0.11396110264495979
2021-11-15 16:20:00,0.29497907949790797,-0.05179282868525903,0.14221891288160804,0.07409391180146407,0.36921385664367695,0.00033407572383073496,0.5,0.0043582482023518665,0.41804618872609023,0.19234671691549501,0.3983444840123022,0.7169023186459275,0.13533352445041266
2021-11-15 16:30:00,0.3186889818688982,-0.06772908366533881,0.14132539091585983,0.07230851633636859,0.36136158406512153,0.00033407572383073496,0.5,0.0043582482023518665,0.41804618872609023,0.19234671691549501,0.3983444840123022,0.7169023186459275,0.17397438025257633
2021-11-15 16:40:00,0.33054393305439334,0.019920318725099362,0.14162323157110923,0.06980896268523495,0.35903207653348346,0.00022271714922048998,0.5,0.0043582482023518665,0.41804618872609023,0.19234671691549501,0.3983444840123022,0.7169023186459275,0.18799130920228738
2021-11-15 16:50:00,0.2622036262203626,-0.003984063745020028,0.1362620997766193,0.07016604177825392,0.3663477771525042,0.00033407572383073496,0.5,0.0043582482023518665,0.41804618872609023,0.19234671691549501,0.3983444840123022,0.7169023186459275,0.12604674321408635
2021-11-15 17:00:00,0.33403068340306835,-0.10756972111553798,0.13715562174236773,0.07552222817354037,0.3565586106712384,0.00022271714922048998,0.5,-0.008328333149335565,0.4194340918429821,0.19922410046620675,0.39684511074671097,0.7295318032985613,0.1999336119619174
2021-11-15 17:10:00,0.32566248256624825,-0.019920318725099695,0.11422189128816074,0.05838243170862345,0.3524623418094253,0.00022271714922048998,0.5,-0.008328333149335565,0.4194340918429821,0.19922410046620675,0.39684511074671097,0.7295318032985613,0.19719510539101046
2021-11-15 17:20:00,0.32566248256624825,-0.06772908366533881,0.06478034251675346,0.004463488662738824,0.3524623418094253,0.00022271714922048998,0.5,-0.008328333149335565,0.4194340918429821,0.19922410046620675,0.39684511074671097,0.7295318032985613,0.18765182491663776
2021-11-15 17:30:00,0.3368200836820084,0.29083665338645415,0.04512285927029036,-0.03160149973219073,0.3524623418094253,0.00033407572383073496,0.5,-0.008328333149335565,0.4194340918429821,0.19922410046620675,0.39684511074671097,0.7295318032985613,0.1913484315826003
2021-11-15 17:40:00,0.3242677824267783,0.4422310756972112,0.030826507818317195,-0.0480271380110695,0.3524623418094253,0.00022271714922048998,0.5,-0.008328333149335565,0.4194340918429821,0.19922410046620675,0.39684511074671097,0.7295318032985613,0.18117899120358497
2021-11-15 17:50:00,0.37099023709902373,-0.06772908366533881,0.017721518987341645,-0.05981074808069986,0.35767101595320044,0.00022271714922048998,0.5,-0.008328333149335565,0.4194340918429821,0.19922410046620675,0.39684511074671097,0.7295318032985613,0.24003047814475612
2021-11-15 18:00:00,0.3647140864714087,-0.13147410358565736,0.0028294862248696706,-0.062310301731833606,0.3527240842287105,0.00022271714922048998,0.5,-0.17535433488436314,0.4282011568732817,0.2879036953255173,0.32448473042108666,0.6971398588304791,0.23217707500339485
2021-11-15 18:10:00,0.36959553695955366,0.03585657370517925,-0.009977661950856476,-0.07409391180146396,0.3527240842287105,0.00022271714922048998,0.5,-0.17535433488436314,0.4282011568732817,0.2879036953255173,0.32448473042108666,0.6971398588304791,0.24697858985771837
2021-11-15 18:20:00,0.3668061366806137,0.08366533864541825,-0.02427401340282964,-0.08373504731297987,0.3527240842287105,0.00022271714922048998,0.5,-0.17535433488436314,0.4282011568732817,0.2879036953255173,0.32448473042108666,0.6971398588304791,0.232063913574845
2021-11-15 18:30:00,0.40446304044630405,0.3705179282868525,-0.035591958302308435,-0.09159078735940018,0.3527240842287105,0.00022271714922048998,0.5,-0.17535433488436314,0.4282011568732817,0.2879036953255173,0.32448473042108666,0.6971398588304791,0.298798980038324
2021-11-15 18:40:00,0.37796373779637377,-0.019920318725099695,-0.04482501861504107,-0.09837529012676305,0.36234311813744097,0.00022271714922048998,0.5,-0.17535433488436314,0.4282011568732817,0.2879036953255173,0.32448473042108666,0.6971398588304791,0.267362735187169
2021-11-15 18:50:00,0.3682008368200837,-0.059760956175298974,-0.052866716306776085,-0.10123192287091587,0.3638481370483307,0.00022271714922048998,0.5,-0.17535433488436314,0.4282011568732817,0.2879036953255173,0.32448473042108666,0.6971398588304791,0.2512560918569036
2021-11-15 19:00:00,0.33751743375174337,-0.11553784860557781,-0.06090841399851088,-0.10837350473129803,0.3638481370483307,0.00033407572383073496,0.5,-0.19996201083108245,0.4448243857163814,0.339618621740988,0.33172189945907904,0.715017558873721,0.21083482957888863
2021-11-15 19:10:00,0.3403068340306834,-0.05179282868525903,-0.06835443037974687,-0.11872879842885198,0.3638481370483307,0.00022271714922048998,0.5,-0.19996201083108245,0.4448243857163814,0.339618621740988,0.33172189945907904,0.715017558873721,0.21930684852965585
2021-11-15 19:20:00,0.2712691771269177,0.09960159362549792,-0.07580044676098296,-0.12694161756829125,0.3638481370483307,0.00022271714922048998,0.5,-0.19996201083108245,0.4448243857163814,0.339618621740988,0.33172189945907904,0.715017558873721,0.15379392549451545
2021-11-15 19:30:00,0.24616457461645744,-0.043824701195219196,-0.0808637379002235,-0.13658275307980716,0.3638481370483307,0.00033407572383073496,0.5,-0.19996201083108245,0.4448243857163814,0.339618621740988,0.33172189945907904,0.715017558873721,0.12196538769105421
2021-11-15 19:40:00,0.18758716875871687,0.593625498007968,-0.08771407297096068,-0.14658096768434214,0.3666487809346821,0.00033407572383073496,0.5,-0.19996201083108245,0.4448243857163814,0.339618621740988,0.33172189945907904,0.715017558873721,0.07791541560420659
2021-11-15 19:50:00,0.2698744769874477,-0.09960159362549814,-0.09307520476545061,-0.15122299589359034,0.3804164321890827,0.00022271714922048998,0.5,-0.19996201083108245,0.4448243857163814,0.339618621740988,0.33172189945907904,0.715017558873721,0.12099974350076195
2021-11-15 20:00:00,0.200836820083682,-0.1394422310756973,-0.09426656738644845,-0.15443670773076235,0.3804164321890827,0.00033407572383073496,0.5,-0.21731442257630607,0.4783524469335389,0.3605410499220284,0.3214183495843785,0.7596905032931944,0.07532024684279615
2021-11-15 20:10:00,0.19804741980474197,0.05179282868525892,-0.09605361131794499,-0.1597928941260488,0.3804164321890827,0.00033407572383073496,0.5,-0.21731442257630607,0.4783524469335389,0.3605410499220284,0.3214183495843785,0.7596905032931944,0.07011482112950194
2021-11-15 20:20:00,0.21478382147838215,0.4661354581673305,-0.10022338049143709,-0.16193536868416358,0.3804164321890827,0.00033407572383073496,0.5,-0.21731442257630607,0.4783524469335389,0.3605410499220284,0.3214183495843785,0.7596905032931944,0.07675362493776121
2021-11-15 20:30:00,0.19456066945606695,0.12350597609561742,-0.10201042442293384,-0.16336368505623988,0.39103008729109684,0.00033407572383073496,0.5,-0.21731442257630607,0.4783524469335389,0.3605410499220284,0.3214183495843785,0.7596905032931944,0.06338548817840277
2021-11-15 20:40:00,0.1596931659693166,-0.3944223107569722,-0.10290394638868217,-0.16407784324227825,0.3942495190483046,0.00011135857461024499,0.5,-0.21731442257630607,0.4783524469335389,0.3605410499220284,0.3214183495843785,0.7596905032931944,0.04666777313396804
2021-11-15 20:50:00,0.18410041841004185,-0.2589641434262948,-0.10498883097542833,-0.1680057132654883,0.3942495190483046,0.00011135857461024499,0.5,-0.21731442257630607,0.4783524469335389,0.3605410499220284,0.3214183495843785,0.7596905032931944,0.05770478446519909
2021-11-15 21:00:00,0.1680613668061367,-0.4661354581673308,-0.10558451228592702,-0.17050526691662193,0.3942495190483046,0.00011135857461024499,0.5,-0.23535080612749615,0.4818006534351323,0.39712388103972873,0.32542460407008184,0.8061402570322979,0.04942136789534832
2021-11-15 21:10:00,0.18688981868898188,-0.21115537848605592,-0.11034996276991826,-0.1740760578468129,0.3942495190483046,0.00022271714922048998,0.5,-0.23535080612749615,0.4818006534351323,0.39712388103972873,0.32542460407008184,0.8061402570322979,0.06009626265521976
2021-11-15 21:20:00,0.20502092050209206,0.10756972111553775,-0.1118391660461654,-0.1758614533119086,0.3942495190483046,0.00033407572383073496,0.5,-0.23535080612749615,0.4818006534351323,0.39712388103972873,0.32542460407008184,0.8061402570322979,0.06644084674924935
2021-11-15 21:30:00,0.14016736401673638,0.6095617529880477,-0.11630677587490701,-0.17800392787002317,0.3942495190483046,0.00022271714922048998,0.5,-0.23535080612749615,0.4818006534351323,0.39712388103972873,0.32542460407008184,0.8061402570322979,0.04308432789655537
2021-11-15 21:40:00,0.1415620641562064,0.29083665338645415,-0.12107222635889814,-0.1740760578468129,0.4050202196018898,0.00011135857461024499,0.5,-0.23535080612749615,0.4818006534351323,0.39712388103972873,0.32542460407008184,0.8061402570322979,0.03981019056384568
2021-11-15 21:50:00,0.14853556485355648,-0.5697211155378487,-0.12613551749813867,-0.17871808605606143,0.40765073091570586,0.00011135857461024499,0.5,-0.23535080612749615,0.4818006534351323,0.39712388103972873,0.32542460407008184,0.8061402570322979,0.03712449265959534
2021-11-15 22:00:00,0.12761506276150628,0.22709163346613526,-0.12970960536113185,-0.18050348152115692,0.3942495190483046,0.00011135857461024499,0.5,-0.30864455379069544,0.5014669245158871,0.4701799758723449,0.3116420869174266,0.8334163584453483,0.02957285332770041
2021-11-15 22:10:00,0.13807531380753138,0.17928286852589648,-0.13298585256887574,-0.18050348152115692,0.3942495190483046,0.00011135857461024499,0.5,-0.30864455379069544,0.5014669245158871,0.4701799758723449,0.3116420869174266,0.8334163584453483,0.031119392851215354
2021-11-15 22:20:00,0.15550906555090654,0.3705179282868525,-0.13775130305286676,-0.1837171933583288,0.3948122652497677,0.00011135857461024499,0.5,-0.30864455379069544,0.5014669245158871,0.4701799758723449,0.3116420869174266,0.8334163584453483,0.04402733980113765
2021-11-15 22:30:00,0.1924686192468619,-0.3227091633466136,-0.14013402829486243,-0.19121585431173005,0.4107654657051995,0.00033407572383073496,0.5,-0.30864455379069544,0.5014669245158871,0.4701799758723449,0.3116420869174266,0.8334163584453483,0.07401511836685426
2021-11-15 22:40:00,0.20432357043235705,-0.3227091633466136,-0.14072970960536124,-0.19550080342795917,0.4107654657051995,0.00044543429844097997,0.5,-0.30864455379069544,0.5014669245158871,0.4701799758723449,0.3116420869174266,0.8334163584453483,0.0829020625556377
2021-11-15 22:50:00,0.18967921896792192,-0.1633466135458168,-0.14370811615785561,-0.19585788252097835,0.4107654657051995,0.00033407572383073496,0.5,-0.30864455379069544,0.5014669245158871,0.4701799758723449,0.3116420869174266,0.8334163584453483,0.0844561461743893
2021-11-15 23:00:00,0.23709902370990238,-0.33067729083665354,-0.1466865227103501,-0.20121406891626503,0.4107654657051995,0.00044543429844097997,0.5,-0.3328450885741321,0.513624725939421,0.47140893154408753,0.2952102596114619,0.8424872205416335,0.11060398026464688
2021-11-15 23:10:00,0.23221757322175732,-0.3466135458167332,-0.1469843633655995,-0.20264238528834144,0.4107654657051995,0.000556792873051225,0.5,-0.3328450885741321,0.513624725939421,0.47140893154408753,0.2952102596114619,0.8424872205416335,0.11046064245515035
2021-11-15 23:20:00,0.21408647140864714,-0.17928286852589637,-0.1508562918838423,-0.20264238528834144,0.4107654657051995,0.00033407572383073496,0.5,-0.3328450885741321,0.513624725939421,0.47140893154408753,0.2952102596114619,0.8424872205416335,0.10174721245681007
2021-11-15 23:30:00,0.2398884239888424,-0.5139442231075697,-0.15264333581533884,-0.20442778075343682,0.4107654657051995,0.00033407572383073496,0.5,-0.3328450885741321,0.513624725939421,0.47140893154408753,0.2952102596114619,0.8424872205416335,0.10551171597990254
2021-11-15 23:40:00,0.20223152022315202,0.10756972111553775,-0.1553239017125838,-0.2062131762185324,0.3991833636518302,0.00033407572383073496,0.5,-0.3328450885741321,0.513624725939421,0.47140893154408753,0.2952102596114619,0.8424872205416335,0.0786924574135824
2021-11-15 23:50:00,0.15690376569037656,0.5378486055776892,-0.162174236783321,-0.2062131762185324,0.39686694324115634,0.00033407572383073496,0.5,-0.3328450885741321,0.513624725939421,0.47140893154408753,0.2952102596114619,0.8424872205416335,0.05279357846613456
2021-11-16 00:00:00,0.14504881450488147,0.3545816733067728,-0.16664184661206272,-0.2062131762185324,0.39686694324115634,0.00022271714922048998,0.5,-0.3412973618039753,0.5167884554046315,0.48597645036362047,0.2797059200437091,0.851563000970464,0.03707922808817538
2021-11-16 00:10:00,0.13458856345885634,-0.3705179282868527,-0.17110945644080433,-0.20871272986966605,0.39686694324115634,0.00022271714922048998,0.5,-0.3412973618039753,0.5167884554046315,0.48597645036362047,0.2797059200437091,0.851563000970464,0.024314618947749594
2021-11-16 00:20:00,0.11924686192468618,-0.3705179282868527,-0.1740878629932987,-0.2112122835207998,0.38927641308188615,0.00022271714922048998,0.5,-0.3412973618039753,0.5167884554046315,0.48597645036362047,0.2797059200437091,0.851563000970464,0.01402447304494772
2021-11-16 00:30:00,0.11157601115760113,0.2749003984063745,-0.17915115413253924,-0.20728441349758975,0.3803509965842614,0.00022271714922048998,0.5,-0.3412973618039753,0.5167884554046315,0.48597645036362047,0.2797059200437091,0.851563000970464,0.010456115998008358
2021-11-16 00:40:00,0.11924686192468618,0.3306772908366533,-0.18302308265078193,-0.20442778075343682,0.3803509965842614,0.00022271714922048998,0.5,-0.3412973618039753,0.5167884554046315,0.48597645036362047,0.2797059200437091,0.851563000970464,0.015488027520859425
2021-11-16 00:50:00,0.09693165969316596,-0.2749003984063746,-0.1895755770662696,-0.20407070166041774,0.3803509965842614,0.00033407572383073496,0.5,-0.3412973618039753,0.5167884554046315,0.48597645036362047,0.2797059200437091,0.851563000970464,0.0008223063807957512
2021-11-16 01:00:00,0.10320781032078104,0.05976095617529875,-0.19493670886075953,-0.21085520442778072,0.3803509965842614,0.00033407572383073496,0.5,-0.38782558869036765,0.5286790208242939,0.5383336903150913,0.27593755641234263,0.8628657084552053,0.009618721426739292
2021-11-16 01:10:00,0.1324965132496513,0.3545816733067728,-0.19910647803425174,-0.2176397071951437,0.3803509965842614,0.00022271714922048998,0.5,-0.38782558869036765,0.5286790208242939,0.5383336903150913,0.27593755641234263,0.8628657084552053,0.02854685637551489
2021-11-16 01:20:00,0.11297071129707113,0.2828685258964143,-0.20357408786299336,-0.222281735404392,0.3803509965842614,0.00033407572383073496,0.5,-0.38782558869036765,0.5286790208242939,0.5383336903150913,0.27593755641234263,0.8628657084552053,0.011814053140606847
2021-11-16 01:30:00,0.07740585774058578,0.043824701195219085,-0.20804169769173497,-0.22763792179967846,0.3803509965842614,0.024610244988864143,0.5,-0.38782558869036765,0.5286790208242939,0.5383336903150913,0.27593755641234263,0.8628657084552053,0.0
2021-11-16 01:40:00,0.09832635983263598,-0.5936254980079682,-0.21012658227848113,-0.25691840742724503,0.3803509965842614,0.7851893095768375,0.5,-0.38782558869036765,0.5286790208242939,0.5383336903150913,0.27593755641234263,0.8628657084552053,0.0
2021-11-16 01:50:00,0.11436541143654114,-0.7529880478087649,-0.19493670886075953,-0.23263702910194595,0.3803509965842614,0.9995545657015591,0.5,-0.38782558869036765,0.5286790208242939,0.5383336903150913,0.27593755641234263,0.8628657084552053,0.0
2021-11-16 02:00:00,0.10111576011157601,-0.6752988047808766,-0.18838421444527187,-0.2144259953579718,0.3803509965842614,0.9995545657015591,0.5,-0.3966442789612381,0.5310812713537375,0.5739824085984034,0.2855089271843438,0.8676411225931091,0.0
2021-11-16 02:10:00,0.1394700139470014,-0.5976095617529881,-0.18838421444527187,-0.2172826281021245,0.3803509965842614,0.9995545657015591,0.5,-0.3966442789612381,0.5310812713537375,0.5739824085984034,0.2855089271843438,0.8676411225931091,0.0
2021-11-16 02:20:00,0.17573221757322177,-0.5199203187250996,-0.1892777364110202,-0.22478128905552575,0.3803509965842614,0.9995545657015591,0.5,-0.3966442789612381,0.5310812713537375,0.5739824085984034,0.2855089271843438,0.8676411225931091,0.0
2021-11-16 02:30:00,0.18340306834030684,-0.4422310756972112,-0.1964259121370069,-0.23335118728798432,0.35914986062216175,0.8347438752783964,0.5,-0.3966442789612381,0.5310812713537375,0.5739824085984034,0.2855089271843438,0.8676411225931091,0.0
2021-11-16 02:40:00,0.12482566248256625,0.17131474103585642,-0.19553239017125845,-0.23477950366006073,0.3632199552420463,0.21202672605790646,0.5,-0.3966442789612381,0.5310812713537375,0.5739824085984034,0.2855089271843438,0.8676411225931091,0.0
2021-11-16 02:50:00,0.2398884239888424,0.2111553784860556,-0.19434102755026073,-0.2301374754508122,0.37202758765099264,0.43630289532293987,0.5,-0.3966442789612381,0.5310812713537375,0.5739824085984034,0.2855089271843438,0.8676411225931091,0.04313713656321198
2021-11-16 03:00:00,0.27405857740585776,0.24302788844621515,-0.17527922561429654,-0.19300124977682553,0.37993220871340516,0.00022271714922048998,0.5,-0.4094041036974235,0.5467246348493,0.5972304809920213,0.3042480417305932,0.8675747245480009,0.11301054664514086
2021-11-16 03:10:00,0.20920502092050208,0.019920318725099362,-0.1580044676098289,-0.16407784324227825,0.37993220871340516,0.00033407572383073496,0.5,-0.4094041036974235,0.5467246348493,0.5972304809920213,0.3042480417305932,0.8675747245480009,0.06644839084448602
2021-11-16 03:20:00,0.18200836820083682,-0.21912350597609564,-0.1553239017125838,-0.13658275307980716,0.37993220871340516,0.00033407572383073496,0.5,-0.4094041036974235,0.5467246348493,0.5972304809920213,0.3042480417305932,0.8675747245480009,0.0467658463720446
2021-11-16 03:30:00,0.15132496513249652,-0.38645418326693237,-0.15353685778108728,-0.1151580074986609,0.37993220871340516,0.00033407572383073496,0.5,-0.4094041036974235,0.5467246348493,0.5972304809920213,0.3042480417305932,0.8675747245480009,0.033495782850762705
2021-11-16 03:40:00,0.2175732217573222,-0.4342629482071714,-0.15264333581533884,-0.10051776468487772,0.37312690581199043,0.00033407572383073496,0.5,-0.4094041036974235,0.5467246348493,0.5972304809920213,0.3042480417305932,0.8675747245480009,0.07035623217707501
2021-11-16 03:50:00,0.3054393305439331,-0.043824701195219196,-0.15353685778108728,-0.10123192287091587,0.35400662208320793,0.00033407572383073496,0.5,-0.4094041036974235,0.5467246348493,0.5972304809920213,0.3042480417305932,0.8675747245480009,0.15910496854112288
2021-11-16 04:00:00,0.3054393305439331,-0.19521912350597614,-0.20268056589724515,-0.14443849312622736,0.3621991598068341,0.00022271714922048998,0.5,-0.43485151037798053,0.5719971150005606,0.6352355325058204,0.3291044220005637,0.8567587677629759,0.15592890444648974
2021-11-16 04:10:00,0.3158995815899582,-0.17131474103585675,-0.24676098287416237,-0.21014104624174257,0.3634686105403672,0.00033407572383073496,0.5,-0.43485151037798053,0.5719971150005606,0.6352355325058204,0.3291044220005637,0.8567587677629759,0.17136412330069256
2021-11-16 04:20:00,0.24755927475592746,-0.11553784860557781,-0.26612062546537607,-0.24084984824138556,0.3634686105403672,0.00033407572383073496,0.5,-0.43485151037798053,0.5719971150005606,0.6352355325058204,0.3291044220005637,0.8567587677629759,0.11129049293118277
2021-11-16 04:30:00,0.23849372384937237,-0.07569721115537853,-0.2830975428145942,-0.2619175147295125,0.3634686105403672,0.00033407572383073496,0.5,-0.43485151037798053,0.5719971150005606,0.6352355325058204,0.3291044220005637,0.8567587677629759,0.09740935769573156
2021-11-16 04:40:00,0.2391910739191074,-0.17928286852589637,-0.2947133283693225,-0.2751294411712194,0.36022300454123096,0.00022271714922048998,0.5,-0.43485151037798053,0.5719971150005606,0.6352355325058204,0.3291044220005637,0.8567587677629759,0.09508577636284081
2021-11-16 04:50:00,0.2105997210599721,0.15537848605577675,-0.30483991064780347,-0.28548473486877346,0.3606548795330516,0.00033407572383073496,0.5,-0.43485151037798053,0.5719971150005606,0.6352355325058204,0.3291044220005637,0.8567587677629759,0.07817191484225297
2021-11-16 05:00:00,0.19386331938633192,-0.11553784860557781,-0.3131794489947879,-0.2929833958221746,0.36349478478229574,0.00033407572383073496,0.5,-0.4456763889810731,0.575948184950303,0.6636351750421688,0.3359774814247696,0.8375712929773669,0.06714244760625858
2021-11-16 05:10:00,0.28451882845188287,-0.2270916334661356,-0.3185405807892778,-0.3019103731476521,0.36349478478229574,0.00033407572383073496,0.5,-0.4456763889810731,0.575948184950303,0.6636351750421688,0.3359774814247696,0.8375712929773669,0.13584652292650543
2021-11-16 05:20:00,0.1806136680613668,0.24302788844621515,-0.32688011913626225,-0.30476700589180505,0.36349478478229574,0.00044543429844097997,0.5,-0.4456763889810731,0.575948184950303,0.6636351750421688,0.3359774814247696,0.8375712929773669,0.06830423827270396
2021-11-16 05:30:00,0.16875871687587168,0.6573705179282865,-0.3358153387937455,-0.3115515086591679,0.3642800120401513,0.00033407572383073496,0.5,-0.4456763889810731,0.575948184950303,0.6636351750421688,0.3359774814247696,0.8375712929773669,0.06630505303498951
2021-11-16 05:40:00,0.2608089260808926,0.003984063745019917,-0.3420699925539836,-0.3165506159614354,0.38986533352527775,0.00022271714922048998,0.5,-0.4456763889810731,0.575948184950303,0.6636351750421688,0.3359774814247696,0.8375712929773669,0.11758226835855577
2021-11-16 05:50:00,0.24267782426778242,-0.0916334661354582,-0.3364110201042444,-0.3229780396357793,0.3812278336888668,0.00033407572383073496,0.5,-0.4456763889810731,0.575948184950303,0.6636351750421688,0.3359774814247696,0.8375712929773669,0.10162650693302352
2021-11-16 06:00:00,0.15829846582984658,-0.38645418326693237,-0.33432613551749824,-0.3236921978218176,0.3800107314391907,0.00033407572383073496,0.5,-0.47378243713026025,0.5909852388026685,0.695741087154655,0.3307807691373839,0.8616920795487516,0.05592437798934773
2021-11-16 06:10:00,0.22454672245467225,-0.4422310756972112,-0.3373045420699926,-0.3215497232637029,0.3598827393961602,0.00033407572383073496,0.5,-0.47378243713026025,0.5909852388026685,0.695741087154655,0.3307807691373839,0.8616920795487516,0.08333962007936388
2021-11-16 06:20:00,0.25313807531380755,0.08366533864541825,-0.34177215189873433,-0.32762006784502773,0.34967478504403815,0.00033407572383073496,0.5,-0.47378243713026025,0.5909852388026685,0.695741087154655,0.3307807691373839,0.8616920795487516,0.11295773797848424
2021-11-16 06:30:00,0.2705718270571827,0.41035856573705165,-0.35011169024571853,-0.32762006784502773,0.3583908076062347,0.00022271714922048998,0.5,-0.47378243713026025,0.5909852388026685,0.695741087154655,0.3307807691373839,0.8616920795487516,0.14464293797244895
2021-11-16 06:40:00,0.198744769874477,0.22709163346613526,-0.3524944154877142,-0.33047670058918044,0.36356022038711705,0.00044543429844097997,0.5,-0.47378243713026025,0.5909852388026685,0.695741087154655,0.3307807691373839,0.8616920795487516,0.08443351388867934
2021-11-16 06:50:00,0.17782426778242677,0.36254980079681287,-0.35755770662695463,-0.3340474915193715,0.36435853476593677,0.00044543429844097997,0.5,-0.47378243713026025,0.5909852388026685,0.695741087154655,0.3307807691373839,0.8616920795487516,0.06689349246344886
2021-11-16 07:00:00,0.21338912133891214,-0.2270916334661356,-0.36202531645569636,-0.33690412426352434,0.3726426823363128,0.00033407572383073496,0.5,-0.48755506178159536,0.5996287430999964,0.737732413829486,0.2991294510892504,0.84020568276641,0.0838073539840367
2021-11-16 07:10:00,0.18967921896792192,0.3705179282868525,-0.3670886075949368,-0.33654704517050527,0.36358639462904563,0.00033407572383073496,0.5,-0.48755506178159536,0.5996287430999964,0.737732413829486,0.2991294510892504,0.84020568276641,0.07762873998521358
2021-11-16 07:20:00,0.17224546722454673,0.47410358565737054,-0.3670886075949368,-0.3379753615425817,0.36358639462904563,0.00044543429844097997,0.5,-0.48755506178159536,0.5996287430999964,0.737732413829486,0.2991294510892504,0.84020568276641,0.06929251474870618
2021-11-16 07:30:00,0.21408647140864714,0.1633466135458166,-0.36976917349218186,-0.3436886270308872,0.37956576932640584,0.00033407572383073496,0.5,-0.48755506178159536,0.5996287430999964,0.737732413829486,0.2991294510892504,0.84020568276641,0.08263801922235467
2021-11-16 07:40:00,0.21827057182705717,0.29083665338645415,-0.3709605361131796,-0.3486877343331547,0.3878368297758176,0.00033407572383073496,0.5,-0.48755506178159536,0.5996287430999964,0.737732413829486,0.2991294510892504,0.84020568276641,0.07956757246103476
2021-11-16 07:50:00,0.16666666666666669,0.43426294820717115,-0.3754281459419212,-0.3504731297982504,0.3938961667822696,0.00033407572383073496,0.5,-0.48755506178159536,0.5996287430999964,0.737732413829486,0.2991294510892504,0.84020568276641,0.050469997133243814
2021-11-16 08:00:00,0.16736401673640167,0.5298804780876492,-0.37810871183916617,-0.3490448134261739,0.3938961667822696,0.00044543429844097997,0.5,-0.4871265412879563,0.6289413718689565,0.7438793480283004,0.33248162591225777,0.7997174376827559,0.04911960408588198
2021-11-16 08:10:00,0.11018131101813111,0.7768924302788842,-0.3790022338049145,-0.34654525977504014,0.39394851526612656,0.00022271714922048998,0.5,-0.4871265412879563,0.6289413718689565,0.7438793480283004,0.33248162591225777,0.7997174376827559,0.025778173423661302
2021-11-16 08:20:00,0.12622036262203626,0.394422310756972,-0.3790022338049145,-0.3454740224959829,0.4101241967779508,0.00022271714922048998,0.5,-0.4871265412879563,0.6289413718689565,0.7438793480283004,0.33248162591225777,0.7997174376827559,0.04657724399112815
2021-11-16 08:30:00,0.1290097629009763,0.31474103585657365,-0.37393894266567396,-0.3476164970540975,0.4103728520762718,0.00033407572383073496,0.5,-0.4871265412879563,0.6289413718689565,0.7438793480283004,0.33248162591225777,0.7997174376827559,0.034144575041115316
2021-11-16 08:40:00,0.09414225941422595,-0.1872509960159363,-0.37006701414743126,-0.33833244063560075,0.4103728520762718,0.00033407572383073496,0.5,-0.4871265412879563,0.6289413718689565,0.7438793480283004,0.33248162591225777,0.7997174376827559,0.008124990569880954
2021-11-16 08:50:00,0.09205020920502092,0.043824701195219085,-0.37006701414743126,-0.33476164970540967,0.4103728520762718,0.00033407572383073496,0.5,-0.4871265412879563,0.6289413718689565,0.7438793480283004,0.33248162591225777,0.7997174376827559,0.0
2021-11-16 09:00:00,0.09274755927475593,-0.06772908366533881,-0.36649292628443786,-0.36082842349580435,0.4103728520762718,0.4096881959910913,0.5,-0.48362816908548834,0.6389325502073244,0.6975660692072863,0.3542181579905036,0.7703296524142615,0.0
2021-11-16 09:10:00,0.11854951185495119,-0.45019920318725104,-0.3518987341772153,-0.3579717907516514,0.4103728520762718,0.9968819599109131,0.5,-0.48362816908548834,0.6389325502073244,0.6975660692072863,0.3542181579905036,0.7703296524142615,0.0
2021-11-16 09:20:00,0.13528591352859135,-0.10756972111553798,-0.33909158600148936,-0.32404927691483665,0.4103728520762718,0.9968819599109131,0.5,-0.48362816908548834,0.6389325502073244,0.6975660692072863,0.3542181579905036,0.7703296524142615,0.0
2021-11-16 09:30:00,0.16108786610878661,-0.4183266932270917,-0.3256887565152644,-0.3136939832172826,0.4103728520762718,0.9968819599109131,0.5,-0.48362816908548834,0.6389325502073244,0.6975660692072863,0.3542181579905036,0.7703296524142615,0.0
2021-11-16 09:40:00,0.2398884239888424,-0.45019920318725104,-0.30841399851079676,-0.30833779682199614,0.4103728520762718,0.3036748329621381,0.5,-0.48362816908548834,0.6389325502073244,0.6975660692072863,0.3542181579905036,0.7703296524142615,0.055328394465651735
2021-11-16 09:50:00,0.31729428172942814,-0.1394422310756973,-0.27594936708860773,-0.2594179610783788,0.4103728520762718,0.00022271714922048998,0.5,-0.48362816908548834,0.6389325502073244,0.6975660692072863,0.3542181579905036,0.7703296524142615,0.18123934396547822
2021-11-16 10:00:00,0.3451882845188285,0.3227091633466135,-0.24616530156366356,-0.22156757721835385,0.411393647511484,0.00022271714922048998,0.5,-0.3424943374792335,0.6611849761642743,0.563114945462952,0.33108670113373195,0.7679086187795556,0.20249860434238123
2021-11-16 10:10:00,0.2824267782426778,-0.13147410358565736,-0.2580789277736413,-0.22442420996250667,0.4142859012445852,0.00022271714922048998,0.5,-0.3424943374792335,0.6611849761642743,0.563114945462952,0.33108670113373195,0.7679086187795556,0.14108966911598292
2021-11-16 10:20:00,0.3228730822873082,-0.2509960159362551,-0.28399106478034264,-0.2687020174968755,0.4078208634882412,0.00022271714922048998,0.5,-0.3424943374792335,0.6611849761642743,0.563114945462952,0.33108670113373195,0.7679086187795556,0.1819107684415408
2021-11-16 10:30:00,0.2880055788005579,-0.07569721115537853,-0.289650037230082,-0.27905731119442967,0.3959639318946225,0.00022271714922048998,0.5,-0.3424943374792335,0.6611849761642743,0.563114945462952,0.33108670113373195,0.7679086187795556,0.14096141949695973
2021-11-16 10:40:00,0.2280334728033473,0.2589641434262948,-0.28518242740134037,-0.2847705766827352,0.3939877766290194,0.00033407572383073496,0.5,-0.3424943374792335,0.6611849761642743,0.563114945462952,0.33108670113373195,0.7679086187795556,0.10131719902832055
2021-11-16 10:50:00,0.19804741980474197,-0.31474103585657376,-0.2819061801935965,-0.2819139439385824,0.39316328800827105,0.00033407572383073496,0.5,-0.3424943374792335,0.6611849761642743,0.563114945462952,0.33108670113373195,0.7679086187795556,0.06444920560677159
2021-11-16 11:00:00,0.1799163179916318,-0.15537848605577698,-0.27594936708860773,-0.27584359935725755,0.372197720223528,0.00022271714922048998,0.5,-0.3220721073782705,0.6607165947811399,0.5007563828401722,0.39767053677190606,0.7680259815868394,0.05854972313170482
2021-11-16 11:10:00,0.16875871687587168,0.15537848605577675,-0.27475800446761,-0.2740582038921622,0.37041787177238883,0.00022271714922048998,0.5,-0.3220721073782705,0.6607165947811399,0.5007563828401722,0.39767053677190606,0.7680259815868394,0.052770946180424584
2021-11-16 11:20:00,0.15481171548117156,-0.2270916334661356,-0.2699925539836189,-0.2769148366363149,0.3747627959325228,0.00022271714922048998,0.5,-0.3220721073782705,0.6607165947811399,0.5007563828401722,0.39767053677190606,0.7680259815868394,0.04076829065890128
2021-11-16 11:30:00,0.2105997210599721,0.33864541832669315,-0.2667163067758751,-0.2754865202642386,0.37516849668241486,0.00033407572383073496,0.5,-0.3220721073782705,0.6607165947811399,0.5007563828401722,0.39767053677190606,0.7680259815868394,0.08430526426965615
2021-11-16 11:40:00,0.198744769874477,-0.1872509960159363,-0.26135517498138505,-0.27441528298518114,0.37184436795749304,0.00033407572383073496,0.5,-0.3220721073782705,0.6607165947811399,0.5007563828401722,0.39767053677190606,0.7680259815868394,0.0790696621754153
2021-11-16 11:50:00,0.20432357043235705,-0.12350597609561753,-0.2556962025316457,-0.2654883056597036,0.3795265079635131,0.00033407572383073496,0.5,-0.3220721073782705,0.6607165947811399,0.5007563828401722,0.39767053677190606,0.7680259815868394,0.07786260693754998
2021-11-16 12:00:00,0.19177126917712692,-0.11553784860557781,-0.24973938942665685,-0.26013211926441704,0.37002525814346104,0.00033407572383073496,0.5,-0.3169746880068628,0.6575212567563313,0.4611563900939401,0.4561877270636584,0.7471223288512673,0.0687116194154835
2021-11-16 12:10:00,0.13389121338912133,-0.19521912350597614,-0.24199553239017135,-0.24656311372969109,0.36301056130661813,0.00022271714922048998,0.5,-0.3169746880068628,0.6575212567563313,0.4611563900939401,0.4561877270636584,0.7471223288512673,0.029150383994447547
2021-11-16 12:20:00,0.13737796373779637,0.21912350597609564,-0.23395383469843645,-0.2301374754508122,0.365274633233435,0.00011135857461024499,0.5,-0.3169746880068628,0.6575212567563313,0.4611563900939401,0.4561877270636584,0.7471223288512673,0.036656758754922525
2021-11-16 12:30:00,0.1799163179916318,-0.003984063745020028,-0.22293373045420706,-0.22049633993929663,0.37946107235869186,0.00011135857461024499,0.5,-0.3169746880068628,0.6575212567563313,0.4611563900939401,0.4561877270636584,0.7471223288512673,0.06462271979721472
2021-11-16 12:40:00,0.24546722454672246,-0.2589641434262948,-0.21399851079672383,-0.21978218175325825,0.37523393228723617,0.00022271714922048998,0.5,-0.3169746880068628,0.6575212567563313,0.4611563900939401,0.4561877270636584,0.7471223288512673,0.11263334188330795
2021-11-16 12:50:00,0.26778242677824265,0.043824701195219085,-0.20268056589724515,-0.2144259953579718,0.35737001217102254,0.0012249443207126948,0.5,-0.3169746880068628,0.6575212567563313,0.4611563900939401,0.4561877270636584,0.7471223288512673,0.13401330778399745
2021-11-16 13:00:00,0.24616457461645744,0.1394422310756971,-0.19851079672375294,-0.21335475807891446,0.3655363756527202,0.0071269487750556795,0.5,-0.17262648575506234,0.6453663288382139,0.3425030089821176,0.5161945355861589,0.7350504027704354,0.11582449416841438
2021-11-16 13:10:00,0.24476987447698745,0.12350597609561742,-0.19106478034251695,-0.21335475807891446,0.3655363756527202,0.009020044543429844,0.5,-0.17262648575506234,0.6453663288382139,0.3425030089821176,0.5161945355861589,0.7350504027704354,0.1189326614059176
2021-11-16 13:20:00,0.3179916317991632,0.14741035856573692,-0.182427401340283,-0.20442778075343682,0.3723809399170277,0.026169265033407576,0.5,-0.17262648575506234,0.6453663288382139,0.3425030089821176,0.5161945355861589,0.7350504027704354,0.16070431673129443
2021-11-16 13:30:00,0.3933054393305439,0.027888446215139417,-0.17349218168279978,-0.1951437243349402,0.38069126172933215,0.07037861915367484,0.5,-0.17262648575506234,0.6453663288382139,0.3425030089821176,0.5161945355861589,0.7350504027704354,0.16906317425351178
2021-11-16 13:40:00,0.3403068340306834,-0.0916334661354582,-0.165450483991065,-0.19085877521871086,0.3820654094305794,0.043429844097995544,0.5,-0.17262648575506234,0.6453663288382139,0.3425030089821176,0.5161945355861589,0.7350504027704354,0.16590219834935196
2021-11-16 13:50:00,0.3591352859135286,0.01195219123505975,-0.15413253909158608,-0.18121763970719518,0.3725118111266702,0.015701559020044543,0.5,-0.17262648575506234,0.6453663288382139,0.3425030089821176,0.5161945355861589,0.7350504027704354,0.22849555652790562
2021-11-16 14:00:00,0.396792189679219,-0.019920318725099695,-0.1434102755026062,-0.1712194251026602,0.3781261860203374,0.000556792873051225,0.5,-0.1437763968857554,0.6215823244934725,0.31263879013239015,0.5517870052414916,0.7400133943312124,0.30378562698975514
2021-11-16 14:10:00,0.33054393305439334,-0.059760956175298974,-0.13596425912137022,-0.1615782895911445,0.373205428537776,0.00022271714922048998,0.5,-0.1437763968857554,0.6215823244934725,0.31263879013239015,0.5517870052414916,0.7400133943312124,0.20285317681850415
2021-11-16 14:20:00,0.3633193863319386,-0.19521912350597614,-0.12941176470588256,-0.15765041956793413,0.36978968996610434,0.00022271714922048998,0.5,-0.1437763968857554,0.6215823244934725,0.31263879013239015,0.5517870052414916,0.7400133943312124,0.2430707485251294
2021-11-16 14:30:00,0.32914923291492326,0.13147410358565725,-0.12285927029039478,-0.14979467952151393,0.35950321288819675,0.00022271714922048998,0.5,-0.1437763968857554,0.6215823244934725,0.31263879013239015,0.5517870052414916,0.7400133943312124,0.21122712253119486
2021-11-16 14:40:00,0.36959553695955366,-0.01195219123505975,-0.11660461653015652,-0.1487234422424566,0.3655494627736845,0.00033407572383073496,0.5,-0.1437763968857554,0.6215823244934725,0.31263879013239015,0.5517870052414916,0.7400133943312124,0.27017668271044254
2021-11-16 14:50:00,0.44002789400278935,-0.09960159362549814,-0.11332836932241275,-0.14158186038207465,0.3652877203543992,0.00033407572383073496,0.5,-0.1437763968857554,0.6215823244934725,0.31263879013239015,0.5517870052414916,0.7400133943312124,0.3795962400229341
2021-11-16 15:00:00,0.46373779637377965,0.11553784860557759,-0.11064780342516767,-0.1362256739867881,0.3647380612739004,0.00044543429844097997,0.5,-0.11930713626037825,0.6045424373647644,0.28818446179515284,0.5734502977115216,0.7410766138966883,0.42633191001403203
2021-11-16 15:10:00,0.40376569037656906,0.21912350597609564,-0.10588235294117665,-0.1312265666845207,0.3612045386135504,0.00111358574610245,0.5,-0.11930713626037825,0.6045424373647644,0.28818446179515284,0.5734502977115216,0.7410766138966883,0.3220800579386514
2021-11-16 15:20:00,0.42329149232914925,-0.2749003984063746,-0.10230826507818325,-0.12015711480092839,0.36838936802292865,0.00033407572383073496,0.5,-0.11930713626037825,0.6045424373647644,0.28818446179515284,0.5734502977115216,0.7410766138966883,0.3438447726964105
2021-11-16 15:30:00,0.41527196652719667,-0.19920318725099595,-0.09813849590469104,-0.12087127298696665,0.36853332635353553,0.004287305122494432,0.5,-0.11930713626037825,0.6045424373647644,0.28818446179515284,0.5734502977115216,0.7410766138966883,0.3213784570816422
2021-11-16 15:40:00,0.4072524407252441,-0.12350597609561753,-0.09396872673119894,-0.12158543117300469,0.3686772846841424,0.00824053452115813,0.5,-0.11930713626037825,0.6045424373647644,0.28818446179515284,0.5734502977115216,0.7410766138966883,0.2989121414668739
2021-11-16 15:50:00,0.41352859135285913,0.24302788844621515,-0.09069247952345505,-0.10337439742903054,0.37437018230359503,0.0035634743875278397,0.5,-0.11930713626037825,0.6045424373647644,0.28818446179515284,0.5734502977115216,0.7410766138966883,0.3155242391779954
2021-11-16 16:00:00,0.38702928870292885,-0.06772908366533881,-0.08711839166046176,-0.10944474201035537,0.3601183075735169,0.00044543429844097997,0.5,-0.07576734619139402,0.5941604622895533,0.24160233703212092,0.5510676912125474,0.7380693594820598,0.28733195527860345
2021-11-16 16:10:00,0.3668061366806137,-0.17131474103585675,-0.08562918838421452,-0.11123013747545074,0.3693316407323553,0.00033407572383073496,0.5,-0.07576734619139402,0.5941604622895533,0.24160233703212092,0.5510676912125474,0.7380693594820598,0.2576082200461699
2021-11-16 16:20:00,0.3410041841004184,0.14741035856573692,-0.08294862248696955,-0.11230137475450808,0.3631806938791535,0.00044543429844097997,0.5,-0.07576734619139402,0.5941604622895533,0.24160233703212092,0.5510676912125474,0.7380693594820598,0.209876729483833
2021-11-16 16:30:00,0.3682008368200837,-0.12350597609561753,-0.08116157855547301,-0.12051419389394735,0.35979112954941045,0.0017817371937639199,0.5,-0.07576734619139402,0.5941604622895533,0.24160233703212092,0.5510676912125474,0.7380693594820598,0.25300632195180833
2021-11-16 16:40:00,0.35495118549511856,-0.1394422310756973,-0.08175725986597182,-0.12587038028923414,0.3599612621219458,0.00011135857461024499,0.5,-0.07576734619139402,0.5941604622895533,0.24160233703212092,0.5510676912125474,0.7380693594820598,0.22179639995775308
2021-11-16 16:50:00,0.33403068340306835,-0.07569721115537853,-0.08175725986597182,-0.1297982503124443,0.36516993626572086,0.00033407572383073496,0.5,-0.07576734619139402,0.5941604622895533,0.24160233703212092,0.5510676912125474,0.7380693594820598,0.19785144167659974
2021-11-16 17:00:00,0.298465829846583,-0.07569721115537853,-0.08235294117647074,-0.1312265666845207,0.36231694389551244,0.00022271714922048998,0.5,-0.07556379228629762,0.5967638581982556,0.22357355352323244,0.4861400236215086,0.7190112043313862,0.1695686286343679
2021-11-16 17:10:00,0.29218967921896793,0.06772908366533859,-0.0847356664184663,-0.13229780396357804,0.35489654630877754,0.00033407572383073496,0.5,-0.07556379228629762,0.5967638581982556,0.22357355352323244,0.4861400236215086,0.7190112043313862,0.16597763930171855
2021-11-16 17:20:00,0.2377963737796374,0.298804780876494,-0.08711839166046176,-0.14193893947509362,0.353352266034995,0.00022271714922048998,0.5,-0.07556379228629762,0.5967638581982556,0.22357355352323244,0.4861400236215086,0.7190112043313862,0.09854851607646695
2021-11-16 17:30:00,0.2496513249651325,0.019920318725099362,-0.08711839166046176,-0.14515265131226573,0.3431835730457657,0.00022271714922048998,0.5,-0.07556379228629762,0.5967638581982556,0.22357355352323244,0.4861400236215086,0.7190112043313862,0.109276219502995
2021-11-16 17:40:00,0.22315202231520226,0.019920318725099362,-0.08979895755770673,-0.15158007498660953,0.3412466791430553,0.00022271714922048998,0.5,-0.07556379228629762,0.5967638581982556,0.22357355352323244,0.4861400236215086,0.7190112043313862,0.08757940160236584
2021-11-16 17:50:00,0.20432357043235705,0.19521912350597592,-0.09307520476545061,-0.15407962863774327,0.3412466791430553,0.00022271714922048998,0.5,-0.07556379228629762,0.5967638581982556,0.22357355352323244,0.4861400236215086,0.7190112043313862,0.07901685350875869
2021-11-16 18:00:00,0.2280334728033473,0.05179282868525892,-0.09575577066269558,-0.16014997321906788,0.3412466791430553,0.00022271714922048998,0.5,-0.2626944693573494,0.5967897197470166,0.3798893343869051,0.3482918613131155,0.6932936805433546,0.09226428474433061
2021-11-16 18:10:00,0.1882845188284519,0.05976095617529875,-0.0999255398361878,-0.1662203178003927,0.3412466791430553,0.00022271714922048998,0.5,-0.2626944693573494,0.5967897197470166,0.3798893343869051,0.3482918613131155,0.6932936805433546,0.06286494560707334
2021-11-16 18:20:00,0.19665271966527195,0.4661354581673305,-0.1037974683544306,-0.16836279235850737,0.34898116763293247,0.00022271714922048998,0.5,-0.2626944693573494,0.5967897197470166,0.3798893343869051,0.3482918613131155,0.6932936805433546,0.06842494379649049
2021-11-16 18:30:00,0.2594142259414226,0.027888446215139417,-0.10707371556217438,-0.1744331369398322,0.35765792883223624,0.00033407572383073496,0.5,-0.2626944693573494,0.5967897197470166,0.3798893343869051,0.3482918613131155,0.6932936805433546,0.1094195573124915
2021-11-16 18:40:00,0.18758716875871687,0.298804780876494,-0.11154132539091599,-0.18121763970719518,0.35765792883223624,0.00033407572383073496,0.5,-0.2626944693573494,0.5967897197470166,0.3798893343869051,0.3482918613131155,0.6932936805433546,0.06303845979751649
2021-11-16 18:50:00,0.15341701534170155,0.10756972111553775,-0.1160089352196576,-0.18121763970719518,0.35765792883223624,0.00033407572383073496,0.5,-0.2626944693573494,0.5967897197470166,0.3798893343869051,0.3482918613131155,0.6932936805433546,0.04048161503990826
2021-11-16 19:00:00,0.12552301255230125,0.1394422310756971,-0.12077438570364873,-0.18014640242813773,0.36456792870136506,0.00033407572383073496,0.5,-0.30009455600867585,0.5910111003514295,0.44074755911345265,0.27049532282631267,0.6887173335533197,0.020497306758000516
2021-11-16 19:10:00,0.10181311018131102,0.4501992031872508,-0.12285927029039478,-0.17657561149794665,0.3583908076062347,0.0026726057906458797,0.5,-0.30009455600867585,0.5910111003514295,0.44074755911345265,0.27049532282631267,0.6887173335533197,0.007023552665328847
2021-11-16 19:20:00,0.099721059972106,0.5298804780876492,-0.12315711094564419,-0.1840742724513479,0.3825758071481855,0.14309576837416482,0.5,-0.30009455600867585,0.5910111003514295,0.44074755911345265,0.27049532282631267,0.6887173335533197,0.0
2021-11-16 19:30:00,0.12133891213389121,0.4661354581673305,-0.12524199553239035,-0.19657204070701662,0.3905589509363835,0.9995545657015591,0.5,-0.30009455600867585,0.5910111003514295,0.44074755911345265,0.27049532282631267,0.6887173335533197,0.0
2021-11-16 19:40:00,0.1589958158995816,0.40239043824701204,-0.12166790766939695,-0.17086234600964112,0.3905589509363835,0.9995545657015591,0.5,-0.30009455600867585,0.5910111003514295,0.44074755911345265,0.27049532282631267,0.6887173335533197,0.0
2021-11-16 19:50:00,0.23430962343096234,0.33864541832669315,-0.11660461653015652,-0.16050705231208717,0.4316786850060855,0.33619153674832963,0.5,-0.30009455600867585,0.5910111003514295,0.44074755911345265,0.27049532282631267,0.6887173335533197,0.05015314513330417
2021-11-16 20:00:00,0.22315202231520226,0.19521912350597592,-0.0924795234549517,-0.12587038028923414,0.43102432895787257,0.00011135857461024499,0.5,-0.31408397574163105,0.592427738522503,0.5018868039378829,0.19313022087125495,0.6782950173197427,0.09167584531587127
2021-11-16 20:10:00,0.24476987447698745,0.15537848605577675,-0.07520476545048416,-0.09516157828959104,0.43102432895787257,0.00011135857461024499,0.5,-0.31408397574163105,0.592427738522503,0.5018868039378829,0.19313022087125495,0.6782950173197427,0.10552680417037584
2021-11-16 20:20:00,0.2719665271966527,-0.0916334661354582,-0.06656738644825033,-0.07587930726655945,0.43102432895787257,0.00011135857461024499,0.5,-0.31408397574163105,0.592427738522503,0.5018868039378829,0.19313022087125495,0.6782950173197427,0.11927968978680388
2021-11-16 20:30:00,0.299860529986053,-0.17928286852589637,-0.10022338049143709,-0.11158721656846982,0.43102432895787257,0.00011135857461024499,0.5,-0.31408397574163105,0.592427738522503,0.5018868039378829,0.19313022087125495,0.6782950173197427,0.13248940054619252
2021-11-16 20:40:00,0.2670850767085077,-0.2828685258964144,-0.11332836932241275,-0.15657918228887702,0.43102432895787257,0.00011135857461024499,0.5,-0.31408397574163105,0.592427738522503,0.5018868039378829,0.19313022087125495,0.6782950173197427,0.09515367321997073
2021-11-16 20:50:00,0.23709902370990238,0.31474103585657365,-0.11928518242740138,-0.17371897875379394,0.43102432895787257,0.00011135857461024499,0.5,-0.31408397574163105,0.592427738522503,0.5018868039378829,0.19313022087125495,0.6782950173197427,0.10207915264722302
2021-11-16 21:00:00,0.23082287308228733,0.40239043824701204,-0.12256142963514527,-0.1822888769862525,0.43102432895787257,0.00011135857461024499,0.5,-0.2804296078043562,0.5781349225733969,0.45175172787413753,0.12033604436226912,0.7655304941229106,0.10252425426618586
2021-11-16 21:10:00,0.2280334728033473,0.15537848605577675,-0.12285927029039478,-0.18478843063738626,0.43102432895787257,0.00011135857461024499,0.5,-0.2804296078043562,0.5781349225733969,0.45175172787413753,0.12033604436226912,0.7655304941229106,0.09390889750592211
2021-11-16 21:20:00,0.20711297071129708,0.346613545816733,-0.12226358897989587,-0.18478843063738626,0.43102432895787257,0.00011135857461024499,0.5,-0.2804296078043562,0.5781349225733969,0.45175172787413753,0.12033604436226912,0.7655304941229106,0.08178553646061228
2021-11-16 21:30:00,0.16108786610878661,0.5378486055776892,-0.12196574832464646,-0.18478843063738626,0.43597126068236247,0.00011135857461024499,0.5,-0.2804296078043562,0.5781349225733969,0.45175172787413753,0.12033604436226912,0.7655304941229106,0.04690164008630445
2021-11-16 21:40:00,0.11087866108786612,0.05976095617529875,-0.12345495160089359,-0.1822888769862525,0.44748792713091046,0.00011135857461024499,0.5,-0.2804296078043562,0.5781349225733969,0.45175172787413753,0.12033604436226912,0.7655304941229106,0.007943932284201155
2021-11-16 21:50:00,0.09832635983263598,0.593625498007968,-0.12911392405063304,-0.17728976968398502,0.45685830574132,0.00011135857461024499,0.5,-0.2804296078043562,0.5781349225733969,0.45175172787413753,0.12033604436226912,0.7655304941229106,0.0
2021-11-16 22:00:00,0.10529986052998605,0.5059760956175297,-0.13715562174236795,-0.17550437421888943,0.4845637408226564,0.00011135857461024499,0.5,-0.3912374096256349,0.5784682492018853,0.5446662803908462,0.16333581303305442,0.9253267617393334,0.005597718665600435
2021-11-16 22:10:00,0.07391910739191074,0.5537848605577689,-0.14609084139985118,-0.18300303517229055,0.4978209943594508,0.00044543429844097997,0.5,-0.3912374096256349,0.5784682492018853,0.5446662803908462,0.16333581303305442,0.9253267617393334,0.0
2021-11-16 22:20:00,0.07880055788005579,0.6812749003984064,-0.14519731943410286,-0.1983574361721121,0.5133946683069192,0.9451002227171493,0.5,-0.3912374096256349,0.5784682492018853,0.5446662803908462,0.16333581303305442,0.9253267617393334,0.0
2021-11-16 22:30:00,0.11227336122733612,0.8645418326693224,-0.13834698436336568,-0.1740760578468129,0.5133946683069192,0.9976614699331849,0.5,-0.3912374096256349,0.5784682492018853,0.5446662803908462,0.16333581303305442,0.9253267617393334,0.0
2021-11-16 22:40:00,0.11645746164574616,0.4236387782204516,-0.14013402829486243,-0.16336368505623988,0.5133946683069192,0.9976614699331849,0.5,-0.3912374096256349,0.5784682492018853,0.5446662803908462,0.16333581303305442,0.9253267617393334,0.0
2021-11-16 22:50:00,0.11366806136680613,-0.01726427622841975,-0.14072970960536124,-0.16729155507945004,0.5133946683069192,0.9976614699331849,0.5,-0.3912374096256349,0.5784682492018853,0.5446662803908462,0.16333581303305442,0.9253267617393334,0.0
2021-11-16 23:00:00,0.08577405857740586,-0.4581673306772909,-0.13834698436336568,-0.17193358328869845,0.5133946683069192,0.9976614699331849,0.5,-0.4361594517819388,0.5644685308054159,0.5913868861768421,0.2573735894935423,0.9877870519872372,0.0
2021-11-16 23:10:00,0.05439330543933055,-0.03585657370517936,-0.1386448250186152,-0.17514729512587035,0.5133946683069192,0.9976614699331849,0.5,-0.4361594517819388,0.5644685308054159,0.5913868861768421,0.2573735894935423,0.9877870519872372,0.0
2021-11-16 23:20:00,0.038354253835425386,-0.42629482071713154,-0.13775130305286676,-0.18121763970719518,0.5133946683069192,0.997772828507795,0.5,-0.4361594517819388,0.5644685308054159,0.5913868861768421,0.2573735894935423,0.9877870519872372,0.0
2021-11-16 23:30:00,0.055090655509065556,-0.29766647694934556,-0.13775130305286676,-0.1840742724513479,0.5133946683069192,0.997772828507795,0.5,-0.4361594517819388,0.5644685308054159,0.5913868861768421,0.2573735894935423,0.9877870519872372,0.0
2021-11-16 23:40:00,0.04602510460251046,-0.1690381331815597,-0.1386448250186152,-0.18478843063738626,0.5133946683069192,0.997772828507795,0.5,-0.4361594517819388,0.5644685308054159,0.5913868861768421,0.2573735894935423,0.9877870519872372,0.0
2021-11-16 23:50:00,0.03626220362622037,-0.04040978941377349,-0.14072970960536124,-0.18764506338153897,0.5133946683069192,0.997772828507795,0.5,-0.4361594517819388,0.5644685308054159,0.5913868861768421,0.2573735894935423,0.9877870519872372,0.0
2021-11-17 00:00:00,0.038354253835425386,0.08821855435401238,-0.14072970960536124,-0.19121585431173005,0.5133946683069192,0.997772828507795,0.5,-0.4460305987913509,0.5520406198725898,0.6222146387376314,0.2982713877371007,0.0036254104557260497,0.0
2021-11-17 00:10:00,0.03207810320781032,0.21684689812179836,-0.14162323157110956,-0.1919300124977681,0.5133946683069192,0.997772828507795,0.5,-0.4460305987913509,0.5520406198725898,0.6222146387376314,0.2982713877371007,0.0036254104557260497,0.0
2021-11-17 00:20:00,0.024407252440725242,0.34547524188958456,-0.1469843633655995,-0.19442956614890183,0.5133946683069192,0.997772828507795,0.5,-0.4460305987913509,0.5520406198725898,0.6222146387376314,0.2982713877371007,0.0036254104557260497,0.0
2021-11-17 00:30:00,0.022315202231520222,0.47410358565737054,-0.15264333581533884,-0.19585788252097835,0.5133946683069192,0.997772828507795,0.5,-0.4460305987913509,0.5520406198725898,0.6222146387376314,0.2982713877371007,0.0036254104557260497,0.0
2021-11-17 00:40:00,0.05369595536959554,0.4501992031872508,-0.15711094564408057,-0.20192822710230307,0.5133946683069192,0.997772828507795,0.5,-0.4460305987913509,0.5520406198725898,0.6222146387376314,0.2982713877371007,0.0036254104557260497,0.0
2021-11-17 00:50:00,0.09902370990237098,0.4262948207171313,-0.16098287416232326,-0.2051419389394752,0.5133946683069192,0.997772828507795,0.5,-0.4460305987913509,0.5520406198725898,0.6222146387376314,0.2982713877371007,0.0036254104557260497,0.0
2021-11-17 01:00:00,0.11018131101813111,0.40239043824701204,-0.15711094564408057,-0.2126405998928762,0.5133946683069192,0.997772828507795,0.5,-0.511738286311592,0.5364978290666587,0.6955832035707814,0.318311800425327,0.012779725818304674,0.0
2021-11-17 01:10:00,0.09832635983263598,0.1872509960159361,-0.15562174236783333,-0.21371183717193354,0.5133946683069192,0.997772828507795,0.5,-0.511738286311592,0.5364978290666587,0.6955832035707814,0.318311800425327,0.012779725818304674,0.0
2021-11-17 01:20:00,0.08507670850767085,0.7370517928286848,-0.15591958302308284,-0.2194251026602393,0.5133946683069192,0.997772828507795,0.5,-0.511738286311592,0.5364978290666587,0.6955832035707814,0.318311800425327,0.012779725818304674,0.0
2021-11-17 01:30:00,0.04951185495118549,0.2934926958831341,-0.16038719285182446,-0.22049633993929663,0.5133946683069192,0.997772828507795,0.5,-0.511738286311592,0.5364978290666587,0.6955832035707814,0.318311800425327,0.012779725818304674,0.0
2021-11-17 01:40:00,0.038354253835425386,-0.1500664010624171,-0.16157855547282218,-0.22335297268344934,0.5133946683069192,0.997772828507795,0.5,-0.511738286311592,0.5364978290666587,0.6955832035707814,0.318311800425327,0.012779725818304674,0.0
2021-11-17 01:50:00,0.0299860529986053,-0.5936254980079682,-0.16157855547282218,-0.2240671308694876,0.5133946683069192,0.997772828507795,0.5,-0.511738286311592,0.5364978290666587,0.6955832035707814,0.318311800425327,0.012779725818304674,0.0
2021-11-17 02:00:00,0.03486750348675035,-0.24701195219123517,-0.16157855547282218,-0.2287091590787359,0.5133946683069192,0.997772828507795,0.5,-0.512429395678707,0.5199033352777407,0.7098826373330381,0.3204655475759525,0.030199276516005694,0.0
2021-11-17 02:10:00,0.030683403068340307,0.09960159362549792,-0.16336559940431883,-0.23120871272986965,0.5133946683069192,0.997772828507795,0.5,-0.512429395678707,0.5199033352777407,0.7098826373330381,0.3204655475759525,0.030199276516005694,0.0
2021-11-17 02:20:00,0.02580195258019526,0.07616592453714555,-0.16783320923306044,-0.23406534547402247,0.5133946683069192,0.997772828507795,0.5,-0.512429395678707,0.5199033352777407,0.7098826373330381,0.3204655475759525,0.030199276516005694,0.0
2021-11-17 02:30:00,0.04393305439330544,0.05273025544879295,-0.17110945644080433,-0.2369219782181754,0.5133946683069192,0.997772828507795,0.5,-0.512429395678707,0.5199033352777407,0.7098826373330381,0.3204655475759525,0.030199276516005694,0.0
2021-11-17 02:40:00,0.04114365411436541,0.029294586360440578,-0.17349218168279978,-0.24192108552044278,0.5133946683069192,0.997772828507795,0.5,-0.512429395678707,0.5199033352777407,0.7098826373330381,0.3204655475759525,0.030199276516005694,0.0
2021-11-17 02:50:00,0.044630404463040445,0.005858917272087982,-0.17557706626954583,-0.2447777182645956,0.5133946683069192,0.997772828507795,0.5,-0.512429395678707,0.5199033352777407,0.7098826373330381,0.3204655475759525,0.030199276516005694,0.0
2021-11-17 03:00:00,0.0502092050209205,-0.017576751816264502,-0.17944899478778864,-0.24727727191572935,0.5133946683069192,0.997772828507795,0.5,-0.5107825201794529,0.5086593085771269,0.7092258669869484,0.31783748332800127,0.052516350766608585,0.0
2021-11-17 03:10:00,0.05369595536959554,-0.041012420904616875,-0.1812360387192853,-0.2529905374040349,0.5133946683069192,0.997772828507795,0.5,-0.5107825201794529,0.5086593085771269,0.7092258669869484,0.31783748332800127,0.052516350766608585,0.0
2021-11-17 03:20:00,0.05369595536959554,-0.06444808999296947,-0.182427401340283,-0.256204249241207,0.5133946683069192,0.997772828507795,0.5,-0.5107825201794529,0.5086593085771269,0.7092258669869484,0.31783748332800127,0.052516350766608585,0.0
2021-11-17 03:30:00,0.027894002789400282,-0.08788375908132184,-0.182427401340283,-0.26013211926441704,0.5133946683069192,0.997772828507795,0.5,-0.5107825201794529,0.5086593085771269,0.7092258669869484,0.31783748332800127,0.052516350766608585,0.0
2021-11-17 03:40:00,0.03207810320781032,-0.11131942816967433,-0.18451228592702917,-0.2637029101946081,0.5133946683069192,0.997772828507795,0.5,-0.5107825201794529,0.5086593085771269,0.7092258669869484,0.31783748332800127,0.052516350766608585,0.0
2021-11-17 03:50:00,0.05369595536959554,-0.1347550972580268,-0.1892777364110202,-0.26691662203178,0.5133946683069192,0.997772828507795,0.5,-0.5107825201794529,0.5086593085771269,0.7092258669869484,0.31783748332800127,0.052516350766608585,0.0
2021-11-17 04:00:00,0.05718270571827057,-0.1581907663463793,-0.19136262099776635,-0.27120157114800925,0.5133946683069192,0.997772828507795,0.5,-0.5302011891710523,0.49085506900723136,0.7344972587224974,0.3216309171276905,0.06931303938479466,0.0
2021-11-17 04:10:00,0.048117154811715475,-0.18162643543473178,-0.19136262099776635,-0.2740582038921622,0.5133946683069192,0.997772828507795,0.5,-0.5302011891710523,0.49085506900723136,0.7344972587224974,0.3216309171276905,0.06931303938479466,0.0
2021-11-17 04:20:00,0.0599721059972106,-0.20506210452308415,-0.19195830230826516,-0.27727191572933396,0.5133946683069192,0.997772828507795,0.5,-0.5302011891710523,0.49085506900723136,0.7344972587224974,0.3216309171276905,0.06931303938479466,0.0
2021-11-17 04:30:00,0.07810320781032079,-0.22849777361143675,-0.19612807148175737,-0.27905731119442967,0.5133946683069192,0.997772828507795,0.5,-0.5302011891710523,0.49085506900723136,0.7344972587224974,0.3216309171276905,0.06931303938479466,0.0
2021-11-17 04:40:00,0.12691771269177127,-0.25193344269978923,-0.19523454951600916,-0.2851276557757543,0.5133946683069192,0.997772828507795,0.5,-0.5302011891710523,0.49085506900723136,0.7344972587224974,0.3216309171276905,0.06931303938479466,0.0
2021-11-17 04:50:00,0.197350069735007,-0.2753691117881416,-0.19821295606850342,-0.2958400285663274,0.5667639475991677,0.9875278396436526,0.5,-0.5302011891710523,0.49085506900723136,0.7344972587224974,0.3216309171276905,0.06931303938479466,0.0
2021-11-17 05:00:00,0.18549511854951187,-0.298804780876494,-0.19553239017125845,-0.29512587038028915,0.62871837824397,0.284075723830735,0.5,-0.5224919227155552,0.4712548885510934,0.7192179322272352,0.3503208271932072,0.07537503568733064,0.0
2021-11-17 05:10:00,0.21408647140864714,0.49003984063745,-0.18332092330603145,-0.28227102303160145,0.6168090981664944,0.2173719376391982,0.5,-0.5224919227155552,0.4712548885510934,0.7192179322272352,0.3503208271932072,0.07537503568733064,0.030206557327579705
2021-11-17 05:20:00,0.17642956764295675,-0.059760956175298974,-0.17081161578555493,-0.24299232279950012,0.6296868251953253,0.00022271714922048998,0.5,-0.5224919227155552,0.4712548885510934,0.7192179322272352,0.3503208271932072,0.07537503568733064,0.04805588665751317
2021-11-17 05:30:00,0.1806136680613668,0.1633466135458166,-0.1583023082650783,-0.20228530619532226,0.6449071468767585,0.00022271714922048998,0.5,-0.5224919227155552,0.4712548885510934,0.7192179322272352,0.3503208271932072,0.07537503568733064,0.05059070265703035
2021-11-17 05:40:00,0.1708507670850767,-0.17131474103585675,-0.15383469843633668,-0.1726477414747366,0.6461765976102917,0.00022271714922048998,0.5,-0.5224919227155552,0.4712548885510934,0.7192179322272352,0.3503208271932072,0.07537503568733064,0.050884922371260015
2021-11-17 05:50:00,0.1799163179916318,-0.09960159362549814,-0.14996276991809387,-0.1490805213354759,0.6346337569198153,0.00022271714922048998,0.5,-0.5224919227155552,0.4712548885510934,0.7192179322272352,0.3503208271932072,0.07537503568733064,0.06035276189326614
2021-11-17 06:00:00,0.16945606694560672,0.5059760956175297,-0.13715562174236795,-0.13194072487055875,0.6297260865582182,0.00033407572383073496,0.5,-0.5202322842563746,0.4641027335657053,0.7034856256824978,0.3980825898053159,0.08567331101836581,0.05351781160885375
2021-11-17 06:10:00,0.1903765690376569,0.40239043824701204,-0.1306031273268803,-0.11658632387073731,0.6297260865582182,0.00022271714922048998,0.5,-0.5202322842563746,0.4641027335657053,0.7034856256824978,0.3980825898053159,0.08567331101836581,0.07240822608144605
2021-11-17 06:20:00,0.198744769874477,0.41035856573705165,-0.12583767684288916,-0.10980182110337433,0.6297260865582182,0.00033407572383073496,0.5,-0.5202322842563746,0.4641027335657053,0.7034856256824978,0.3980825898053159,0.08567331101836581,0.072453490652866
2021-11-17 06:30:00,0.19456066945606695,0.21912350597609564,-0.12107222635889814,-0.10158900196393505,0.6297260865582182,0.00044543429844097997,0.5,-0.5202322842563746,0.4641027335657053,0.7034856256824978,0.3980825898053159,0.08567331101836581,0.0652941442732773
2021-11-17 06:40:00,0.1799163179916318,0.13147410358565725,-0.11422189128816096,-0.09087662917336181,0.6297260865582182,0.00033407572383073496,0.5,-0.5202322842563746,0.4641027335657053,0.7034856256824978,0.3980825898053159,0.08567331101836581,0.04820676856224633
2021-11-17 06:50:00,0.16387726638772665,0.1872509960159361,-0.10766939687267318,-0.07945009819675053,0.6297260865582182,0.00033407572383073496,0.5,-0.5202322842563746,0.4641027335657053,0.7034856256824978,0.3980825898053159,0.08567331101836581,0.041575508849223716
2021-11-17 07:00:00,0.15829846582984658,-0.003984063745020028,-0.10290394638868217,-0.06266738082485268,0.6297260865582182,0.00044543429844097997,0.5,-0.5169446035201518,0.45882123060743013,0.6893222634748566,0.41833500046577443,0.08568238992679857,0.04318994522986858
2021-11-17 07:10:00,0.14365411436541145,-0.21115537848605592,-0.1005212211466866,-0.04624174254597391,0.6297260865582182,0.00033407572383073496,0.5,-0.5169446035201518,0.45882123060743013,0.6893222634748566,0.41833500046577443,0.08568238992679857,0.031247642470238545
2021-11-17 07:20:00,0.11645746164574616,-0.49800796812749004,-0.09605361131794499,-0.02660239242992324,0.6297260865582182,0.00022271714922048998,0.5,-0.5169446035201518,0.45882123060743013,0.6893222634748566,0.41833500046577443,0.08568238992679857,0.02911266351826426
2021-11-17 07:30:00,0.11297071129707113,-0.42629482071713154,-0.09337304542070002,-0.005177646848776973,0.6216775071651987,0.00022271714922048998,0.5,-0.5169446035201518,0.45882123060743013,0.6893222634748566,0.41833500046577443,0.08568238992679857,0.03532145389803401
2021-11-17 07:40:00,0.12203626220362622,-0.07569721115537853,-0.09158600148920337,0.011605070523120764,0.6132101399013232,0.00022271714922048998,0.5,-0.5169446035201518,0.45882123060743013,0.6893222634748566,0.41833500046577443,0.08568238992679857,0.03833909199269732
2021-11-17 07:50:00,0.14086471408647142,0.003984063745019917,-0.08265078183172014,0.02945902517407606,0.6132101399013232,0.00044543429844097997,0.5,-0.5169446035201518,0.45882123060743013,0.6893222634748566,0.41833500046577443,0.08568238992679857,0.04619249513405857
2021-11-17 08:00:00,0.14574616457461645,0.346613545816733,-0.07371556217423691,0.04517050526691668,0.6132101399013232,0.00022271714922048998,0.5,-0.5247403545366707,0.4520598723588895,0.6900911375062029,0.43044001325782827,0.08038690908255636,0.03879928180213347
2021-11-17 08:10:00,0.11715481171548117,-0.3705179282868527,-0.06835443037974687,0.062310301731833606,0.6132101399013232,0.00011135857461024499,0.5,-0.5247403545366707,0.4520598723588895,0.6900911375062029,0.43044001325782827,0.08038690908255636,0.029421971422967243
2021-11-17 08:20:00,0.11785216178521618,-0.45019920318725104,-0.06239761727475812,0.08087841456882705,0.6132101399013232,0.00022271714922048998,0.5,-0.5247403545366707,0.4520598723588895,0.6900911375062029,0.43044001325782827,0.08038690908255636,0.028788267423087946
2021-11-17 08:30:00,0.12133891213389121,-0.15537848605577698,-0.056440804169769265,0.09373326191751485,0.6132101399013232,0.00022271714922048998,0.5,-0.5247403545366707,0.4520598723588895,0.6900911375062029,0.43044001325782827,0.08038690908255636,0.027890520089925614
2021-11-17 08:40:00,0.1087866108786611,-0.15537848605577698,-0.05137751303052884,0.11337261203356541,0.6132101399013232,0.00033407572383073496,0.5,-0.5247403545366707,0.4520598723588895,0.6900911375062029,0.43044001325782827,0.08038690908255636,0.019999396472381067
2021-11-17 08:50:00,0.12203626220362622,-0.3944223107569722,-0.04720774385703663,0.1362256739867882,0.6080799884833336,0.00022271714922048998,0.5,-0.5247403545366707,0.4520598723588895,0.6900911375062029,0.43044001325782827,0.08038690908255636,0.02686452313774009
2021-11-17 09:00:00,0.15411436541143653,0.346613545816733,-0.040357408786299453,0.14372433494018932,0.5967988902121422,0.00022271714922048998,0.5,-0.5132660912814024,0.4293333180079722,0.6360779587288509,0.4239991317118525,0.07692290190653245,0.03358631199360261
2021-11-17 09:10:00,0.1317991631799163,-0.07569721115537853,-0.030826507818317306,0.14372433494018932,0.5967988902121422,0.00022271714922048998,0.5,-0.5132660912814024,0.4293333180079722,0.6360779587288509,0.4239991317118525,0.07692290190653245,0.030251821898999654
2021-11-17 09:20:00,0.13458856345885634,-0.06772908366533881,-0.019806403574088027,0.15265131226566697,0.5967727159702138,0.00022271714922048998,0.5,-0.5132660912814024,0.4293333180079722,0.6360779587288509,0.4239991317118525,0.07692290190653245,0.0429334459918222
2021-11-17 09:30:00,0.11436541143654114,-0.40239043824701204,-0.005212211466865346,0.1583645777539724,0.5967727159702138,0.00022271714922048998,0.5,-0.5132660912814024,0.4293333180079722,0.6360779587288509,0.4239991317118525,0.07692290190653245,0.032318903993844024
2021-11-17 09:40:00,0.11854951185495119,0.019920318725099362,0.010871183916604465,0.17836100696304236,0.5967727159702138,0.00022271714922048998,0.5,-0.5132660912814024,0.4293333180079722,0.6360779587288509,0.4239991317118525,0.07692290190653245,0.015819967711272385
2021-11-17 09:50:00,0.0899581589958159,-0.4820717131474104,0.028741623231570923,0.20906980896268523,0.5953593069060736,0.00022271714922048998,0.5,-0.5132660912814024,0.4293333180079722,0.6360779587288509,0.4239991317118525,0.07692290190653245,0.001878479713927909
2021-11-17 10:00:00,0.07322175732217574,-0.09960159362549814,0.04452717795979133,0.24727727191572946,0.5710957846383374,0.0014476614699331849,0.5,-0.30625056908708925,0.42573281571922544,0.3701463320853556,0.35344044936466207,0.07549170437062017,0.0
2021-11-17 10:10:00,0.06485355648535565,0.09960159362549792,0.029039463886820327,0.19264417068380646,0.5800866367407834,0.572271714922049,0.5,-0.30625056908708925,0.42573281571922544,0.3701463320853556,0.35344044936466207,0.07549170437062017,0.0
2021-11-17 10:20:00,0.1087866108786611,0.6414342629482073,0.02427401340282942,0.1537225495447243,0.5802567693133187,0.9993318485523385,0.5,-0.30625056908708925,0.42573281571922544,0.3701463320853556,0.35344044936466207,0.07549170437062017,0.0
2021-11-17 10:30:00,0.0899581589958159,0.2669322709163344,0.03261355174981384,0.1647920014283164,0.5802829435552472,0.9993318485523385,0.5,-0.30625056908708925,0.42573281571922544,0.3701463320853556,0.35344044936466207,0.07549170437062017,0.0
2021-11-17 10:40:00,0.100418410041841,0.2011952191235058,0.03827252419955318,0.16336368505623988,0.5802960306762115,0.9993318485523385,0.5,-0.30625056908708925,0.42573281571922544,0.3701463320853556,0.35344044936466207,0.07549170437062017,0.0
2021-11-17 10:50:00,0.13389121338912133,0.13545816733067717,0.05256887565152635,0.15407962863774327,0.5802960306762115,0.9727171492204899,0.5,-0.30625056908708925,0.42573281571922544,0.3701463320853556,0.35344044936466207,0.07549170437062017,0.0
2021-11-17 11:00:00,0.199442119944212,0.06972111553784854,0.06388682055100503,0.1362256739867882,0.5802960306762115,0.6814031180400891,0.5,-0.20338200327327216,0.42113520705043433,0.31966606797718916,0.2711862667909954,0.0790084093958301,0.0
2021-11-17 11:10:00,0.0,0.003984063745019917,-0.033606373790022404,0.12558471701481877,0.5477483608380992,0.0,0.5,-0.20338200327327216,0.42113520705043433,0.31966606797718916,0.2711862667909954,0.0790084093958301,0.0
2021-11-17 11:20:00,0.0,0.003984063745019917,-0.1310995383469844,0.11494376004284934,0.5524073759013755,0.0,0.5,-0.20338200327327216,0.42113520705043433,0.31966606797718916,0.2711862667909954,0.0790084093958301,0.0
2021-11-17 11:30:00,0.0,0.003984063745019917,-0.22859271779597923,0.10430280307088036,0.5542657470783002,0.0,0.5,-0.20338200327327216,0.42113520705043433,0.31966606797718916,0.2711862667909954,0.0790084093958301,0.0
2021-11-17 11:40:00,0.0,0.003984063745019917,-0.3260858823529412,0.09366184609891093,0.5573281333839368,0.0,0.5,-0.20338200327327216,0.42113520705043433,0.31966606797718916,0.2711862667909954,0.0790084093958301,0.0
2021-11-17 11:50:00,0.0,0.003984063745019917,-0.42357906180193605,0.0830208891269415,0.5558885500778683,0.0,0.5,-0.20338200327327216,0.42113520705043433,0.31966606797718916,0.2711862667909954,0.0790084093958301,0.0
2021-11-17 12:00:00,0.0,0.003984063745019917,-0.5210722382725244,0.07237993215497251,0.5585975841174701,0.0,0.5,-0.10723131668324881,0.3946299930748518,0.27352107149818333,0.19337592298611508,0.07054183558796731,0.0
2021-11-17 12:10:00,0.0,0.003984063745019917,-0.6185654117647059,0.061738975183003086,0.5597492507623248,0.0,0.5,-0.10723131668324881,0.3946299930748518,0.27352107149818333,0.19337592298611508,0.07054183558796731,0.0
2021-11-17 12:20:00,0.0,0.003984063745019917,-0.7160585852568877,0.05109801821103388,0.5597492507623248,0.0,0.5,-0.10723131668324881,0.3946299930748518,0.27352107149818333,0.19337592298611508,0.07054183558796731,0.0
2021-11-17 12:30:00,0.10111576011157601,0.03213811420982737,-0.8135517498138497,0.04045706123906445,0.5801782465875333,0.8926503340757238,0.5,-0.10723131668324881,0.3946299930748518,0.27352107149818333,0.19337592298611508,0.07054183558796731,0.0
2021-11-17 12:40:00,0.10181311018131102,0.06029216467463483,0.11600893521965738,0.029816104267095245,0.5802960306762115,0.9995545657015591,0.5,-0.10723131668324881,0.3946299930748518,0.27352107149818333,0.19337592298611508,0.07054183558796731,0.0
2021-11-17 12:50:00,0.0815899581589958,0.08844621513944229,0.12256142963514494,0.03660060703445822,0.5802960306762115,0.9995545657015591,0.5,-0.10723131668324881,0.3946299930748518,0.27352107149818333,0.19337592298611508,0.07054183558796731,0.0
2021-11-17 13:00:00,0.07601115760111576,0.11660026560424952,0.13298585256887563,0.04409926798785935,0.5802960306762115,0.9995545657015591,0.5,0.05467285121887189,0.3831647064570555,0.1621757347007954,0.10674085280919816,0.01929247034845192,0.0
2021-11-17 13:10:00,0.08786610878661089,0.14475431606905698,0.14311243484735647,0.054454561685413294,0.5802960306762115,0.9995545657015591,0.5,0.05467285121887189,0.3831647064570555,0.1621757347007954,0.10674085280919816,0.01929247034845192,0.0
2021-11-17 13:20:00,0.08647140864714087,0.17290836653386443,0.1520476545048397,0.06302445991787198,0.5802960306762115,0.9995545657015591,0.5,0.05467285121887189,0.3831647064570555,0.1621757347007954,0.10674085280919816,0.01929247034845192,0.0
2021-11-17 13:30:00,0.0599721059972106,0.2010624169986719,0.16157855547282196,0.07052312087127288,0.5802960306762115,0.9995545657015591,0.5,0.05467285121887189,0.3831647064570555,0.1621757347007954,0.10674085280919816,0.01929247034845192,0.0
2021-11-17 13:40:00,0.03626220362622037,0.22921646746347935,0.1720029784065522,0.07802178182467423,0.5802960306762115,0.9995545657015591,0.5,0.05467285121887189,0.3831647064570555,0.1621757347007954,0.10674085280919816,0.01929247034845192,0.0
2021-11-17 13:50:00,0.045327754532775454,0.2573705179282868,0.18212956068503328,0.08587752187109432,0.5802960306762115,0.9995545657015591,0.5,0.05467285121887189,0.3831647064570555,0.1621757347007954,0.10674085280919816,0.01929247034845192,0.0
2021-11-17 14:00:00,0.03347280334728033,0.28552456839309426,0.1904690990320177,0.09301910373147648,0.5802960306762115,0.9995545657015591,0.5,0.07087711621183601,0.35826290850471443,0.14926453514951452,0.10250691454454063,0.8934767302659925,0.0
2021-11-17 14:10:00,0.048117154811715475,0.3136786188579015,0.19910647803425152,0.10194608105695413,0.5802960306762115,0.9995545657015591,0.5,0.07087711621183601,0.35826290850471443,0.14926453514951452,0.10250691454454063,0.8934767302659925,0.0
2021-11-17 14:20:00,0.04741980474198048,0.34183266932270917,0.209530900967982,0.11158721656847015,0.5802960306762115,0.9995545657015591,0.5,0.07087711621183601,0.35826290850471443,0.14926453514951452,0.10250691454454063,0.8934767302659925,0.0
2021-11-17 14:30:00,0.038354253835425386,0.3699867197875166,0.21846612062546522,0.1183717193358329,0.5802960306762115,0.9995545657015591,0.5,0.07087711621183601,0.35826290850471443,0.14926453514951452,0.10250691454454063,0.8934767302659925,0.0
2021-11-17 14:40:00,0.03347280334728033,0.3981407702523241,0.22710349962769927,0.1269416175682916,0.5802960306762115,0.9995545657015591,0.5,0.07087711621183601,0.35826290850471443,0.14926453514951452,0.10250691454454063,0.8934767302659925,0.0
2021-11-17 14:50:00,0.03765690376569038,0.4262948207171313,0.2327624720774384,0.13336904124263538,0.5802960306762115,0.9995545657015591,0.5,0.07087711621183601,0.35826290850471443,0.14926453514951452,0.10250691454454063,0.8934767302659925,0.0
2021-11-17 15:00:00,0.06345885634588563,0.4953519256308099,0.24616530156366334,0.13979646491697917,0.5802960306762115,0.9995545657015591,0.5,0.08668237819535096,0.34211380805558633,0.13745395537689983,0.13243334534271844,0.8322405249032778,0.0
2021-11-17 15:10:00,0.07810320781032079,0.5644090305444887,0.25390915860014873,0.1440814140332083,0.5802960306762115,0.9995545657015591,0.5,0.08668237819535096,0.34211380805558633,0.13745395537689983,0.13243334534271844,0.8322405249032778,0.0
2021-11-17 15:20:00,0.07322175732217574,0.6334661354581672,0.255994043186895,0.15015175861453312,0.5802960306762115,0.9995545657015591,0.5,0.08668237819535096,0.34211380805558633,0.13745395537689983,0.13243334534271844,0.8322405249032778,0.0
2021-11-17 15:30:00,0.06764295676429567,0.702523240371846,0.25361131794489955,0.14800928405641844,0.5802960306762115,0.9995545657015591,0.5,0.08668237819535096,0.34211380805558633,0.13745395537689983,0.13243334534271844,0.8322405249032778,0.0
2021-11-17 15:40:00,0.06555090655509065,0.7715803452855245,0.25093075204765447,0.14372433494018932,0.5802960306762115,0.9995545657015591,0.5,0.08668237819535096,0.34211380805558633,0.13745395537689983,0.13243334534271844,0.8322405249032778,0.0
2021-11-17 15:50:00,0.07391910739191074,0.8406374501992031,0.24854802680565902,0.1455097304052848,0.5802960306762115,0.9995545657015591,0.5,0.08668237819535096,0.34211380805558633,0.13745395537689983,0.13243334534271844,0.8322405249032778,0.0
2021-11-17 16:00:00,0.08368200836820083,0.706772908366534,0.24646314221891252,0.14943760042849497,0.5802960306762115,0.9995545657015591,0.5,0.1342284413134045,0.32997612116997616,0.10599796564782932,0.13480769731744896,0.8159461636496389,0.0
2021-11-17 16:10:00,0.12412831241283125,0.5729083665338643,0.24646314221891252,0.14622388859132296,0.5802960306762115,0.9995545657015591,0.5,0.1342284413134045,0.32997612116997616,0.10599796564782932,0.13480769731744896,0.8159461636496389,0.0
2021-11-17 16:20:00,0.18758716875871687,0.43904382470119496,0.24795234549516,0.14336725584717036,0.5767625080158616,0.9995545657015591,0.5,0.1342284413134045,0.32997612116997616,0.10599796564782932,0.13480769731744896,0.8159461636496389,0.0
2021-11-17 16:30:00,0.1903765690376569,0.3051792828685258,0.2521221146686521,0.145866809498304,0.4385363363913573,0.8726057906458797,0.5,0.1342284413134045,0.32997612116997616,0.10599796564782932,0.13480769731744896,0.8159461636496389,0.0
2021-11-17 16:40:00,0.17852161785216178,0.17131474103585642,0.25480268056589694,0.1537225495447243,0.41983484053343106,0.01937639198218263,0.5,0.1342284413134045,0.32997612116997616,0.10599796564782932,0.13480769731744896,0.8159461636496389,0.039629132278165884
2021-11-17 16:50:00,0.17503486750348674,0.19521912350597592,0.263440059568131,0.1697911087305839,0.4037376817473924,0.00011135857461024499,0.5,0.1342284413134045,0.32997612116997616,0.10599796564782932,0.13480769731744896,0.8159461636496389,0.04746744722905382
2021-11-17 17:00:00,0.14714086471408647,-0.2589641434262948,0.2679076693968725,0.19585788252097847,0.4037376817473924,0.00011135857461024499,0.5,0.14277030094159104,0.3165022542650003,0.10428331188272434,0.09658411666092856,0.784961683401026,0.03025936599423631
2021-11-17 17:10:00,0.19316596931659694,-0.36254980079681276,0.27029039463886795,0.22299589359043037,0.3857167161796077,0.00011135857461024499,0.5,0.14277030094159104,0.3165022542650003,0.10428331188272434,0.09658411666092856,0.784961683401026,0.05275585798995127
2021-11-17 17:20:00,0.1297071129707113,-0.21434262948207183,0.2676098287416231,0.23656489912515632,0.3430657889570873,0.4621380846325167,0.5,0.14277030094159104,0.3165022542650003,0.10428331188272434,0.09658411666092856,0.784961683401026,0.009543280474372709
2021-11-17 17:30:00,0.12761506276150628,-0.06613545816733069,0.2491437081161576,0.23477950366006062,0.3308162437345408,0.9988864142538976,0.5,0.14277030094159104,0.3165022542650003,0.10428331188272434,0.09658411666092856,0.784961683401026,0.0
2021-11-17 17:40:00,0.13598326359832635,0.08207171314741024,0.22948622486969472,0.2065702553115516,0.3308162437345408,0.9988864142538976,0.5,0.14277030094159104,0.3165022542650003,0.10428331188272434,0.09658411666092856,0.784961683401026,0.0
2021-11-17 17:50:00,0.22315202231520226,0.2302788844621515,0.21042442293373043,0.18550258882342452,0.2645168889296044,0.7651447661469932,0.5,0.14277030094159104,0.3165022542650003,0.10428331188272434,0.09658411666092856,0.784961683401026,0.0
2021-11-17 18:00:00,0.13737796373779637,0.3784860557768923,0.20446760982874146,0.18443135154436718,0.2177958670871995,0.0014476614699331849,0.5,-0.04204783967036485,0.2949423431137881,0.22541489459780711,0.030924307938595623,0.5285643979083403,0.017917226187063387
2021-11-17 18:10:00,0.09205020920502092,-0.17131474103585675,0.20059568131049876,0.1987145152651313,0.20952480663778777,0.7416481069042316,0.5,-0.04204783967036485,0.2949423431137881,0.22541489459780711,0.030924307938595623,0.5285643979083403,0.0
2021-11-17 18:20:00,0.22036262203626222,-0.7211155378486056,0.18391660461653014,0.18264595607927148,0.20953789375875204,0.8798440979955457,0.5,-0.04204783967036485,0.2949423431137881,0.22541489459780711,0.030924307938595623,0.5285643979083403,0.0
2021-11-17 18:30:00,0.1924686192468619,0.05179282868525892,0.17795979151154118,0.15800749866095343,0.2241300336339009,0.004899777282850779,0.5,-0.04204783967036485,0.2949423431137881,0.22541489459780711,0.030924307938595623,0.5285643979083403,0.051186686180726346
2021-11-17 18:40:00,0.17573221757322177,-0.4183266932270917,0.18004467609828723,0.15800749866095343,0.2241300336339009,0.00011135857461024499,0.5,-0.04204783967036485,0.2949423431137881,0.22541489459780711,0.030924307938595623,0.5285643979083403,0.040081777992365376
2021-11-17 18:50:00,0.12831241283124128,-0.33067729083665354,0.17557706626954572,0.17693269059096606,0.2144586512413134,0.00011135857461024499,0.5,-0.04204783967036485,0.2949423431137881,0.22541489459780711,0.030924307938595623,0.5285643979083403,0.012998476092762196
2021-11-17 19:00:00,0.18549511854951187,0.4183266932270917,0.18212956068503328,0.20121406891626492,0.21464187093481307,0.00011135857461024499,0.5,-0.009948759648631955,0.2934596143181019,0.17143811147392635,0.08592990085808734,0.129468725989324,0.030546041613229328
2021-11-17 19:10:00,0.14016736401673638,-0.3227091633466136,0.17736411020104237,0.21728262810212473,0.2195233670544817,0.00011135857461024499,0.5,-0.009948759648631955,0.2934596143181019,0.17143811147392635,0.08592990085808734,0.129468725989324,0.013051284759418804
2021-11-17 19:20:00,0.11576011157601115,-0.1394422310756973,0.1746835443037973,0.23799321549723285,0.2004292575676277,0.000556792873051225,0.5,-0.009948759648631955,0.2934596143181019,0.17143811147392635,0.08592990085808734,0.129468725989324,0.005001735141904431
2021-11-17 19:30:00,0.11227336122733612,0.3784860557768923,0.16515264333581525,0.2447777182645956,0.19126827289264636,0.19198218262806235,0.5,-0.009948759648631955,0.2934596143181019,0.17143811147392635,0.08592990085808734,0.129468725989324,0.0
2021-11-17 19:40:00,0.18688981868898188,0.689243027888446,0.14579300074460155,0.21835386538118184,0.19126827289264636,0.685857461024499,0.5,-0.009948759648631955,0.2934596143181019,0.17143811147392635,0.08592990085808734,0.129468725989324,0.0
2021-11-17 19:50:00,0.10529986052998605,-0.20318725099601598,0.14132539091585983,0.19835743617211232,0.20690738244493598,0.361804008908686,0.5,-0.009948759648631955,0.2934596143181019,0.17143811147392635,0.08592990085808734,0.129468725989324,0.0
2021-11-17 20:00:00,0.19316596931659694,-0.04780876494023911,0.13477289650037205,0.18550258882342452,0.2035701665990499,0.8974387527839645,0.5,-0.09561960534623348,0.3142063234360212,0.27249349665470685,0.14054391998877241,0.10077519642638537,0.0
2021-11-17 20:10:00,0.08577405857740586,0.10756972111553775,0.12643335815338785,0.17157650419567938,0.20189501511562472,0.5092427616926504,0.5,-0.09561960534623348,0.3142063234360212,0.27249349665470685,0.14054391998877241,0.10077519642638537,0.0
2021-11-17 20:20:00,0.1394700139470014,0.43426294820717115,0.12732688011913607,0.1637207641492593,0.20643624609022262,0.9993318485523385,0.5,-0.09561960534623348,0.3142063234360212,0.27249349665470685,0.14054391998877241,0.10077519642638537,0.0
2021-11-17 20:30:00,0.10390516039051603,0.7609561752988048,0.12256142963514494,0.1551508659168006,0.20643624609022262,0.9993318485523385,0.5,-0.09561960534623348,0.3142063234360212,0.27249349665470685,0.14054391998877241,0.10077519642638537,0.0
2021-11-17 20:40:00,0.10320781032078104,0.6095617529880477,0.11124348473566648,0.14193893947509362,0.20643624609022262,0.9993318485523385,0.5,-0.09561960534623348,0.3142063234360212,0.27249349665470685,0.14054391998877241,0.10077519642638537,0.0
2021-11-17 20:50:00,0.11924686192468618,0.4581673306772909,0.10766939687267296,0.12908409212640604,0.20643624609022262,0.9993318485523385,0.5,-0.09561960534623348,0.3142063234360212,0.27249349665470685,0.14054391998877241,0.10077519642638537,0.0
2021-11-17 21:00:00,0.0885634588563459,0.40239043824701204,0.10081906180193578,0.11622924477771823,0.20643624609022262,0.9993318485523385,0.5,-0.10460115875303477,0.3258468938843195,0.25715811831681645,0.18732115638739047,0.09202494125558196,0.0
2021-11-17 21:10:00,0.11854951185495119,0.346613545816733,0.09247952345495158,0.10480271380110695,0.20643624609022262,0.9993318485523385,0.5,-0.10460115875303477,0.3258468938843195,0.25715811831681645,0.18732115638739047,0.09202494125558196,0.0
2021-11-17 21:20:00,0.09135285913528592,0.29083665338645415,0.0856291883842144,0.0898053918943047,0.20643624609022262,0.9993318485523385,0.5,-0.10460115875303477,0.3258468938843195,0.25715811831681645,0.18732115638739047,0.09202494125558196,0.0
2021-11-17 21:30:00,0.12203626220362622,0.2350597609561753,0.0826507818317197,0.0801642563827889,0.20643624609022262,0.9993318485523385,0.5,-0.10460115875303477,0.3258468938843195,0.25715811831681645,0.18732115638739047,0.09202494125558196,0.0
2021-11-17 21:40:00,0.07461645746164575,0.17928286852589626,0.07788533134772879,0.07016604177825392,0.20643624609022262,0.9993318485523385,0.5,-0.10460115875303477,0.3258468938843195,0.25715811831681645,0.18732115638739047,0.09202494125558196,0.0
2021-11-17 21:50:00,0.08647140864714087,0.12350597609561742,0.07103499627699161,0.06302445991787198,0.20643624609022262,0.9993318485523385,0.5,-0.10460115875303477,0.3258468938843195,0.25715811831681645,0.18732115638739047,0.09202494125558196,0.0
2021-11-17 22:00:00,0.07880055788005579,0.06772908366533859,0.06716306775874892,0.053740403499375144,0.20643624609022262,0.9993318485523385,0.5,-0.17267534803115048,0.33441856054619745,0.3180264881732514,0.20179118199662802,0.08153323763104782,0.0
2021-11-17 22:10:00,0.028591352859135284,0.22509960159362552,0.05971705137751293,0.04695590073201217,0.20643624609022262,0.9993318485523385,0.5,-0.17267534803115048,0.33441856054619745,0.3180264881732514,0.20179118199662802,0.08153323763104782,0.0
2021-11-17 22:20:00,0.027196652719665274,0.38247011952191245,0.05346239761727456,0.04088555615068734,0.20643624609022262,0.9993318485523385,0.5,-0.17267534803115048,0.33441856054619745,0.3180264881732514,0.20179118199662802,0.08153323763104782,0.0
2021-11-17 22:30:00,0.03486750348675035,0.5398406374501992,0.04869694713328343,0.03231565791822888,0.20643624609022262,0.9993318485523385,0.5,-0.17267534803115048,0.33441856054619745,0.3180264881732514,0.20179118199662802,0.08153323763104782,0.0
2021-11-17 22:40:00,0.0397489539748954,0.6972111553784857,0.04690990320178701,0.02945902517407606,0.20643624609022262,0.9993318485523385,0.5,-0.17267534803115048,0.33441856054619745,0.3180264881732514,0.20179118199662802,0.08153323763104782,0.0
2021-11-17 22:50:00,0.03347280334728033,0.6854933208343097,0.04452717795979133,0.023745759685770418,0.20643624609022262,0.9993318485523385,0.5,-0.17267534803115048,0.33441856054619745,0.3180264881732514,0.20179118199662802,0.08153323763104782,0.0
2021-11-17 23:00:00,0.04602510460251046,0.6737754862901333,0.04154877140729707,0.016604177825388255,0.20643624609022262,0.9993318485523385,0.5,-0.21004284871405499,0.3266629694230289,0.31719357300949064,0.15712646665142965,0.06201609312809435,0.0
2021-11-17 23:10:00,0.05788005578800558,0.6620576517459573,0.04631422189128798,0.011605070523120764,0.20643624609022262,0.9993318485523385,0.5,-0.21004284871405499,0.3266629694230289,0.31719357300949064,0.15712646665142965,0.06201609312809435,0.0
2021-11-17 23:20:00,0.059274755927475595,0.6503398172017809,0.04839910647803425,0.00839135868594898,0.20643624609022262,0.9993318485523385,0.5,-0.21004284871405499,0.3266629694230289,0.31719357300949064,0.15712646665142965,0.06201609312809435,0.0
2021-11-17 23:30:00,0.056485355648535567,0.6386219826576047,0.04988830975428127,0.006248884127834309,0.20643624609022262,0.9993318485523385,0.5,-0.21004284871405499,0.3266629694230289,0.31719357300949064,0.15712646665142965,0.06201609312809435,0.0
2021-11-17 23:40:00,0.08437935843793584,0.6269041481134285,0.054355919583022994,-0.0001785395465094819,0.20643624609022262,0.9993318485523385,0.5,-0.21004284871405499,0.3266629694230289,0.31719357300949064,0.15712646665142965,0.06201609312809435,0.0
2021-11-17 23:50:00,0.09623430962343095,0.6151863135692521,0.055845122859270235,-0.005534725941796048,0.20643624609022262,0.9993318485523385,0.5,-0.21004284871405499,0.3266629694230289,0.31719357300949064,0.15712646665142965,0.06201609312809435,0.0
2021-11-18 00:00:00,0.11436541143654114,0.6034684790250762,0.055845122859270235,-0.014461703267273585,0.20643624609022262,0.9993318485523385,0.5,-0.22020513484153792,0.31520917682690275,0.32071748387590127,0.14280397803348632,0.04657142550586643,0.0
2021-11-18 00:10:00,0.10808926080892609,0.5917506444808998,0.055845122859270235,-0.019460810569541076,0.20643624609022262,0.9993318485523385,0.5,-0.22020513484153792,0.31520917682690275,0.32071748387590127,0.14280397803348632,0.04657142550586643,0.0
2021-11-18 00:20:00,0.09274755927475593,0.5800328099367236,0.055845122859270235,-0.021603285127655747,0.20643624609022262,0.9993318485523385,0.5,-0.22020513484153792,0.31520917682690275,0.32071748387590127,0.14280397803348632,0.04657142550586643,0.0
2021-11-18 00:30:00,0.10739191073919108,0.5683149753925472,0.05793000744601606,-0.027673629708980574,0.20643624609022262,0.9993318485523385,0.5,-0.22020513484153792,0.31520917682690275,0.32071748387590127,0.14280397803348632,0.04657142550586643,0.0
2021-11-18 00:40:00,0.11297071129707113,0.5565971408483712,0.0588235294117645,-0.029101946081056984,0.20643624609022262,0.9993318485523385,0.5,-0.22020513484153792,0.31520917682690275,0.32071748387590127,0.14280397803348632,0.04657142550586643,0.0
2021-11-18 00:50:00,0.100418410041841,0.5448793063041948,0.0588235294117645,-0.031958578825209805,0.20643624609022262,0.9993318485523385,0.5,-0.22020513484153792,0.31520917682690275,0.32071748387590127,0.14280397803348632,0.04657142550586643,0.0
2021-11-18 01:00:00,0.099721059972106,0.5331614717600188,0.05912137006701412,-0.03731476522049626,0.20643624609022262,0.9993318485523385,0.5,-0.3075941315906122,0.303456539667307,0.364056210613911,0.18785533269296173,0.039925444736420526,0.0
2021-11-18 01:10:00,0.18270571827057183,0.5214436372158424,0.06448250186150384,-0.04088555615068734,0.20643624609022262,0.9993318485523385,0.5,-0.3075941315906122,0.303456539667307,0.364056210613911,0.18785533269296173,0.039925444736420526,0.0
2021-11-18 01:20:00,0.21548117154811713,0.509725802671666,0.062099776619508384,-0.04767005891805021,0.15487298949104186,0.9975501113585746,0.5,-0.3075941315906122,0.303456539667307,0.364056210613911,0.18785533269296173,0.039925444736420526,0.0
2021-11-18 01:30:00,0.1394700139470014,0.49800796812749004,0.0588235294117645,-0.03267273701124784,0.06817081310282551,0.03507795100222717,0.5,-0.3075941315906122,0.303456539667307,0.364056210613911,0.18785533269296173,0.039925444736420526,0.030591306184649274
2021-11-18 01:40:00,0.09205020920502092,0.01195219123505975,0.06478034251675346,-0.005891805034815012,0.07313083194827971,0.00011135857461024499,0.5,-0.3075941315906122,0.303456539667307,0.364056210613911,0.18785533269296173,0.039925444736420526,0.0022255080948141892
2021-11-18 01:50:00,0.07880055788005579,-0.1394422310756973,0.07341772151898729,0.034815211569362514,0.07313083194827971,0.010801781737193764,0.5,-0.3075941315906122,0.303456539667307,0.364056210613911,0.18785533269296173,0.039925444736420526,0.0
2021-11-18 02:00:00,0.11785216178521618,-0.49800796812749004,0.07669396872673095,0.03160149973219073,0.07313083194827971,0.7628062360801782,0.5,-0.31392925075953326,0.29325559543342666,0.38112425032245667,0.23061268106320396,0.049354665433872805,0.0
2021-11-18 02:10:00,0.11924686192468618,-0.3466135458167332,0.07669396872673095,0.025888234243884867,0.07313083194827971,0.9995545657015591,0.5,-0.31392925075953326,0.29325559543342666,0.38112425032245667,0.23061268106320396,0.049354665433872805,0.0
2021-11-18 02:20:00,0.1324965132496513,-0.19521912350597614,0.07669396872673095,0.017318336011426627,0.07313083194827971,0.9995545657015591,0.5,-0.31392925075953326,0.29325559543342666,0.38112425032245667,0.23061268106320396,0.049354665433872805,0.0
2021-11-18 02:30:00,0.14225941422594143,-0.043824701195219196,0.07669396872673095,0.00910551687198713,0.07313083194827971,0.9995545657015591,0.5,-0.31392925075953326,0.29325559543342666,0.38112425032245667,0.23061268106320396,0.049354665433872805,0.0
2021-11-18 02:40:00,0.18619246861924685,0.10756972111553775,0.07669396872673095,0.0016068559185860032,0.07074897593278455,0.9943207126948777,0.5,-0.31392925075953326,0.29325559543342666,0.38112425032245667,0.23061268106320396,0.049354665433872805,0.0
2021-11-18 02:50:00,0.14365411436541145,0.2589641434262948,0.07580044676098274,-0.0026780931976432276,0.06325005562026412,0.09053452115812918,0.5,-0.31392925075953326,0.29325559543342666,0.38112425032245667,0.23061268106320396,0.049354665433872805,0.0
2021-11-18 03:00:00,0.16875871687587168,-0.5936254980079682,0.07669396872673095,-0.0008926977325478536,0.06813155173993274,0.9830734966592428,0.5,-0.32281411355993206,0.2920745847066308,0.39707429671740374,0.2673265276849669,0.05811364995026478,0.0
2021-11-18 03:10:00,0.1324965132496513,-0.6308100929614875,0.07669396872673095,-0.0001785395465094819,0.06813155173993274,0.9996659242761693,0.5,-0.32281411355993206,0.2920745847066308,0.39707429671740374,0.2673265276849669,0.05811364995026478,0.0
2021-11-18 03:20:00,0.12552301255230125,-0.6679946879150067,0.0784810126582276,-0.005534725941796048,0.06813155173993274,0.9996659242761693,0.5,-0.32281411355993206,0.2920745847066308,0.39707429671740374,0.2673265276849669,0.05811364995026478,0.0
2021-11-18 03:30:00,0.11576011157601115,-0.7051792828685259,0.07490692479523453,-0.011605070523120875,0.06813155173993274,0.9996659242761693,0.5,-0.32281411355993206,0.2920745847066308,0.39707429671740374,0.2673265276849669,0.05811364995026478,0.0
2021-11-18 03:40:00,0.0899581589958159,-0.6815025611838361,0.07371556217423669,-0.018032494197464666,0.06813155173993274,0.9996659242761693,0.5,-0.32281411355993206,0.2920745847066308,0.39707429671740374,0.2673265276849669,0.05811364995026478,0.0
2021-11-18 03:50:00,0.07531380753138076,-0.6578258394991463,0.06924795234549497,-0.024459917871808567,0.06813155173993274,0.9996659242761693,0.5,-0.32281411355993206,0.2920745847066308,0.39707429671740374,0.2673265276849669,0.05811364995026478,0.0
2021-11-18 04:00:00,0.07531380753138076,-0.6341491178144565,0.06716306775874892,-0.03017318336011432,0.06813155173993274,0.9996659242761693,0.5,-0.38164109207353825,0.2882528225006973,0.4662855141367947,0.276323101788514,0.06736154728758988,0.0
2021-11-18 04:10:00,0.06834030683403068,-0.6104723961297667,0.06478034251675346,-0.035529369755400886,0.06813155173993274,0.9996659242761693,0.5,-0.38164109207353825,0.2882528225006973,0.4662855141367947,0.276323101788514,0.06736154728758988,0.0
2021-11-18 04:20:00,0.08786610878661089,-0.5867956744450769,0.05941921072226353,-0.04088555615068734,0.06813155173993274,0.9996659242761693,0.5,-0.38164109207353825,0.2882528225006973,0.4662855141367947,0.276323101788514,0.06736154728758988,0.0
2021-11-18 04:30:00,0.07880055788005579,-0.563118952760387,0.05644080416976904,-0.04874129619710765,0.06813155173993274,0.9996659242761693,0.5,-0.38164109207353825,0.2882528225006973,0.4662855141367947,0.276323101788514,0.06736154728758988,0.0
2021-11-18 04:40:00,0.08437935843793584,-0.5394422310756972,0.050483991064780076,-0.05302624531333677,0.06813155173993274,0.9996659242761693,0.5,-0.38164109207353825,0.2882528225006973,0.4662855141367947,0.276323101788514,0.06736154728758988,0.0
2021-11-18 04:50:00,0.07252440725244073,-0.5157655093910074,0.04839910647803425,-0.059453668987680564,0.06813155173993274,0.9996659242761693,0.5,-0.38164109207353825,0.2882528225006973,0.4662855141367947,0.276323101788514,0.06736154728758988,0.0
2021-11-18 05:00:00,0.07461645746164575,-0.4920887877063177,0.0466120625465376,-0.06338153901089094,0.06813155173993274,0.9996659242761693,0.5,-0.39363956583616366,0.27217555968701906,0.48609337298557354,0.2712258022565834,0.07521517765323786,0.0
2021-11-18 05:10:00,0.09205020920502092,-0.4684120660216279,0.04005956813104983,-0.06909480449919658,0.06813155173993274,0.9996659242761693,0.5,-0.39363956583616366,0.27217555968701906,0.48609337298557354,0.2712258022565834,0.07521517765323786,0.0
2021-11-18 05:20:00,0.0697350069735007,-0.44473534433693807,0.03410275502606086,-0.07695054454561678,0.06813155173993274,0.9996659242761693,0.5,-0.39363956583616366,0.27217555968701906,0.48609337298557354,0.2712258022565834,0.07521517765323786,0.0
2021-11-18 05:30:00,0.05299860529986053,-0.42105862265224825,0.029337304542069953,-0.07909301910373145,0.06813155173993274,0.9996659242761693,0.5,-0.39363956583616366,0.27217555968701906,0.48609337298557354,0.2712258022565834,0.07521517765323786,0.0
2021-11-18 05:40:00,0.044630404463040445,-0.39738190096755843,0.026656738644824873,-0.08230673094090324,0.06813155173993274,0.9996659242761693,0.5,-0.39363956583616366,0.27217555968701906,0.48609337298557354,0.2712258022565834,0.07521517765323786,0.0
2021-11-18 05:50:00,0.06206415620641562,-0.3737051792828686,0.02308265078183136,-0.08730583824317073,0.06813155173993274,0.9996659242761693,0.5,-0.39363956583616366,0.27217555968701906,0.48609337298557354,0.2712258022565834,0.07521517765323786,0.0
2021-11-18 06:00:00,0.03347280334728033,-0.3500284575981788,0.020699925539835906,-0.08837707552222807,0.06813155173993274,0.9996659242761693,0.5,-0.3783534113373155,0.25325927352036093,0.4665949405983623,0.3755956794722489,0.079404710292803,0.0
2021-11-18 06:10:00,0.0397489539748954,-0.326351735913489,0.01325390915859992,-0.09087662917336181,0.06813155173993274,0.9996659242761693,0.5,-0.3783534113373155,0.25325927352036093,0.4665949405983623,0.3755956794722489,0.079404710292803,0.0
2021-11-18 06:20:00,0.056485355648535567,-0.30267501422879917,0.006701414743112366,-0.09694697375468664,0.06813155173993274,0.9996659242761693,0.5,-0.3783534113373155,0.25325927352036093,0.4665949405983623,0.3755956794722489,0.079404710292803,0.0
2021-11-18 06:30:00,0.07740585774058578,-0.27899829254410935,-0.0037230081906179935,-0.10266023924299217,0.06813155173993274,0.9996659242761693,0.5,-0.3783534113373155,0.25325927352036093,0.4665949405983623,0.3755956794722489,0.079404710292803,0.0
2021-11-18 06:40:00,0.0502092050209205,-0.25532157085941953,-0.01176470588235301,-0.10980182110337433,0.06813155173993274,0.9996659242761693,0.5,-0.3783534113373155,0.25325927352036093,0.4665949405983623,0.3755956794722489,0.079404710292803,0.0
2021-11-18 06:50:00,0.04602510460251046,-0.23164484917472972,-0.021891288160834188,-0.11444384931262286,0.06813155173993274,0.9996659242761693,0.5,-0.3783534113373155,0.25325927352036093,0.4665949405983623,0.3755956794722489,0.079404710292803,0.0
2021-11-18 07:00:00,0.03347280334728033,-0.2079681274900399,-0.029932985852568983,-0.12087127298696665,0.06813155173993274,0.9996659242761693,0.5,-0.3994820598734652,0.25059553399787887,0.4906499312604043,0.4086116355827592,0.0820475376619446,0.0
2021-11-18 07:10:00,0.03207810320781032,-0.18429140580535008,-0.03618763961280724,-0.12622745938225322,0.06813155173993274,0.9996659242761693,0.5,-0.3994820598734652,0.25059553399787887,0.4906499312604043,0.4086116355827592,0.0820475376619446,0.0
2021-11-18 07:20:00,0.038354253835425386,-0.16061468412066027,-0.04214445271779621,-0.13301196214961608,0.06813155173993274,0.9996659242761693,0.5,-0.3994820598734652,0.25059553399787887,0.4906499312604043,0.4086116355827592,0.0820475376619446,0.0
2021-11-18 07:30:00,0.05230125523012552,-0.13693796243597045,-0.04542069992553999,-0.13801106945188357,0.06813155173993274,0.9996659242761693,0.5,-0.3994820598734652,0.25059553399787887,0.4906499312604043,0.4086116355827592,0.0820475376619446,0.0
2021-11-18 07:40:00,0.0404463040446304,-0.11326124075128063,-0.048696947133283874,-0.14372433494018932,0.06813155173993274,0.9996659242761693,0.5,-0.3994820598734652,0.25059553399787887,0.4906499312604043,0.4086116355827592,0.0820475376619446,0.0
2021-11-18 07:50:00,0.02301255230125523,-0.08958451906659082,-0.05256887565152657,-0.15015175861453323,0.06813155173993274,0.9996659242761693,0.5,-0.3994820598734652,0.25059553399787887,0.4906499312604043,0.4086116355827592,0.0820475376619446,0.0
2021-11-18 08:00:00,0.027196652719665274,-0.065907797381901,-0.05733432613551759,-0.15372254954472397,0.06813155173993274,0.9996659242761693,0.5,-0.41099397876675614,0.24983118155669137,0.5086232969972825,0.4308034809740486,0.08228655639729346,0.0
2021-11-18 08:10:00,0.015341701534170154,-0.042231075697211296,-0.0618019359642592,-0.16014997321906788,0.06813155173993274,0.9996659242761693,0.5,-0.41099397876675614,0.24983118155669137,0.5086232969972825,0.4308034809740486,0.08228655639729346,0.0
2021-11-18 08:20:00,0.009065550906555092,-0.01855435401252148,-0.06329113924050644,-0.1647920014283163,0.06813155173993274,0.9996659242761693,0.5,-0.41099397876675614,0.24983118155669137,0.5086232969972825,0.4308034809740486,0.08228655639729346,0.0
2021-11-18 08:30:00,0.026499302649930265,0.0051223676721683375,-0.06835443037974687,-0.17157650419567938,0.06813155173993274,0.9996659242761693,0.5,-0.41099397876675614,0.24983118155669137,0.5086232969972825,0.4308034809740486,0.08228655639729346,0.0
2021-11-18 08:40:00,0.04951185495118549,0.028799089356858154,-0.06924795234549519,-0.17479021603285128,0.06813155173993274,0.9996659242761693,0.5,-0.41099397876675614,0.24983118155669137,0.5086232969972825,0.4308034809740486,0.08228655639729346,0.0
2021-11-18 08:50:00,0.0801952580195258,0.05247581104154797,-0.06448250186150428,-0.1808605606141761,0.06813155173993274,0.9996659242761693,0.5,-0.41099397876675614,0.24983118155669137,0.5086232969972825,0.4308034809740486,0.08228655639729346,0.0
2021-11-18 09:00:00,0.05788005578800558,0.07615253272623779,-0.06329113924050644,-0.18121763970719518,0.06813155173993274,0.9996659242761693,0.5,-0.406454356463812,0.2487766050682879,0.4923332619369818,0.41327156781106594,0.08197048656411707,0.0
2021-11-18 09:10:00,0.048117154811715475,0.0998292544109276,-0.06239761727475812,-0.18264595607927148,0.06813155173993274,0.9996659242761693,0.5,-0.406454356463812,0.2487766050682879,0.4923332619369818,0.41327156781106594,0.08197048656411707,0.0
2021-11-18 09:20:00,0.04741980474198048,0.12350597609561742,-0.05793000744601651,-0.18264595607927148,0.06813155173993274,0.9996659242761693,0.5,-0.406454356463812,0.2487766050682879,0.4923332619369818,0.41327156781106594,0.08197048656411707,0.0
2021-11-18 09:30:00,0.04741980474198048,0.13576463377260173,-0.052271034996277055,-0.18121763970719518,0.06813155173993274,0.9996659242761693,0.5,-0.406454356463812,0.2487766050682879,0.4923332619369818,0.41327156781106594,0.08197048656411707,0.0
2021-11-18 09:40:00,0.07182705718270573,0.14802329144958626,-0.04422933730454226,-0.17978932333511877,0.06813155173993274,0.9996659242761693,0.5,-0.406454356463812,0.2487766050682879,0.4923332619369818,0.41327156781106594,0.08197048656411707,0.0
2021-11-18 09:50:00,0.0885634588563459,0.16028194912657057,-0.03529411764705892,-0.1744331369398322,0.06813155173993274,0.9996659242761693,0.5,-0.406454356463812,0.2487766050682879,0.4923332619369818,0.41327156781106594,0.08197048656411707,0.0
2021-11-18 10:00:00,0.08298465829846582,0.17254060680355487,-0.029932985852568983,-0.1740760578468129,0.06813155173993274,0.9996659242761693,0.5,-0.1769096227999052,0.2675492159640463,0.30962632062643136,0.302175462979247,0.07225259698107675,0.0
2021-11-18 10:10:00,0.07043235704323571,0.18479926448053918,-0.022486969471332885,-0.1712194251026602,0.06813155173993274,0.9996659242761693,0.5,-0.1769096227999052,0.2675492159640463,0.30962632062643136,0.302175462979247,0.07225259698107675,0.0
2021-11-18 10:20:00,0.07670850767085077,0.1970579221575237,-0.013849590469099171,-0.16836279235850737,0.06813155173993274,0.9996659242761693,0.5,-0.1769096227999052,0.2675492159640463,0.30962632062643136,0.302175462979247,0.07225259698107675,0.0
2021-11-18 10:30:00,0.099721059972106,0.20931657983450802,-0.00967982129560696,-0.16336368505623988,0.06813155173993274,0.9996659242761693,0.5,-0.1769096227999052,0.2675492159640463,0.30962632062643136,0.302175462979247,0.07225259698107675,0.0
2021-11-18 10:40:00,0.1792189679218968,0.22157523751149255,-0.00967982129560696,-0.16336368505623988,0.06813155173993274,0.9996659242761693,0.5,-0.1769096227999052,0.2675492159640463,0.30962632062643136,0.302175462979247,0.07225259698107675,0.0
2021-11-18 10:50:00,0.15132496513249652,0.23383389518847686,-0.01653015636634425,-0.1676486341724691,0.06749040059677272,0.9996659242761693,0.5,-0.1769096227999052,0.2675492159640463,0.30962632062643136,0.302175462979247,0.07225259698107675,0.0
2021-11-18 11:00:00,0.14086471408647142,0.24609255286546117,-0.027252419955324125,-0.16050705231208717,0.06684926254073366,0.9996659242761693,0.5,-0.15054310503254764,0.27453183412977367,0.2670808162314977,0.2150002133983938,0.04088590560781027,0.0
2021-11-18 11:10:00,0.15411436541143653,0.2583512105424455,-0.03320923306031276,-0.15122299589359034,0.06620812448469462,0.9996659242761693,0.5,-0.15054310503254764,0.27453183412977367,0.2670808162314977,0.2150002133983938,0.04088590560781027,0.0
2021-11-18 11:20:00,0.1297071129707113,0.27060986821943,-0.035591958302308435,-0.14515265131226573,0.06556697334153459,0.9996659242761693,0.5,-0.15054310503254764,0.27453183412977367,0.2670808162314977,0.2150002133983938,0.04088590560781027,0.0
2021-11-18 11:30:00,0.1290097629009763,0.2828685258964143,-0.037676842889054374,-0.13979646491697895,0.06492583528549556,0.9996659242761693,0.5,-0.15054310503254764,0.27453183412977367,0.2670808162314977,0.2150002133983938,0.04088590560781027,0.0
2021-11-18 11:40:00,0.1199442119944212,0.2951271835733986,-0.041846612062546584,-0.13301196214961608,0.06428469199460812,0.9996659242761693,0.5,-0.15054310503254764,0.27453183412977367,0.2670808162314977,0.2150002133983938,0.04088590560781027,0.0
2021-11-18 11:50:00,0.0815899581589958,0.30738584125038293,-0.04303797468354453,-0.12694161756829125,0.06364354608629649,0.9996659242761693,0.5,-0.15054310503254764,0.27453183412977367,0.2670808162314977,0.2150002133983938,0.04088590560781027,0.0
2021-11-18 12:00:00,0.07252440725244073,0.31964449892736746,-0.04542069992553999,-0.1183717193358329,0.06300240803025743,0.9996659242761693,0.5,-0.08954504051233025,0.28791949587220894,0.224281810403501,0.14258346361748925,0.9839769981579798,0.0
2021-11-18 12:10:00,0.06276150627615062,0.33190315660435177,-0.04154877140729718,-0.1105159792894127,0.062361263430657905,0.9996659242761693,0.5,-0.08954504051233025,0.28791949587220894,0.224281810403501,0.14258346361748925,0.9839769981579798,0.0
2021-11-18 12:20:00,0.058577405857740586,0.3441618142813361,-0.03618763961280724,-0.10301731833601147,0.06172011883105836,0.9996659242761693,0.5,-0.08954504051233025,0.28791949587220894,0.224281810403501,0.14258346361748925,0.9839769981579798,0.0
2021-11-18 12:30:00,0.0815899581589958,0.3564204719583204,-0.03231571109456466,-0.10016068559185842,0.06107896768789835,0.9996659242761693,0.5,-0.08954504051233025,0.28791949587220894,0.224281810403501,0.14258346361748925,0.9839769981579798,0.0
2021-11-18 12:40:00,0.08786610878661089,0.3686791296353047,-0.027550260610573418,-0.09980360649883946,0.06043782963185929,0.9996659242761693,0.5,-0.08954504051233025,0.28791949587220894,0.224281810403501,0.14258346361748925,0.9839769981579798,0.0
2021-11-18 12:50:00,0.09135285913528592,0.3809377873122892,-0.027252419955324125,-0.10266023924299217,0.05979669157582025,0.9996659242761693,0.5,-0.08954504051233025,0.28791949587220894,0.224281810403501,0.14258346361748925,0.9839769981579798,0.0
2021-11-18 13:00:00,0.09205020920502092,0.39319644498927353,-0.02427401340282964,-0.10016068559185842,0.05915554043266022,0.9996659242761693,0.5,0.028306333451514343,0.28834190116865444,0.16885845857179146,0.1429529796361286,0.7847445112319518,0.0
2021-11-18 13:10:00,0.1387726638772664,0.40545510266625784,-0.01921072226358911,-0.10016068559185842,0.05851440237662118,0.9996659242761693,0.5,0.028306333451514343,0.28834190116865444,0.16885845857179146,0.1429529796361286,0.7847445112319518,0.0
2021-11-18 13:20:00,0.15411436541143653,0.41771376034324215,-0.023976172747580238,-0.11087305838243178,0.05787325908573375,0.9996659242761693,0.5,0.028306333451514343,0.28834190116865444,0.16885845857179146,0.1429529796361286,0.7847445112319518,0.0
2021-11-18 13:30:00,0.18898186889818688,0.4299724180202269,-0.026061057334326176,-0.12122835207998572,0.05723211317742211,0.9720489977728286,0.5,0.028306333451514343,0.28834190116865444,0.16885845857179146,0.1429529796361286,0.7847445112319518,0.0
2021-11-18 13:40:00,0.2412831241283124,0.4422310756972112,-0.022486969471332885,-0.1247991430101768,0.05659097512138305,0.013363028953229399,0.5,0.028306333451514343,0.28834190116865444,0.16885845857179146,0.1429529796361286,0.7847445112319518,0.06122033284548185
2021-11-18 13:50:00,0.19386331938633192,0.20318725099601576,-0.00819061801935983,-0.12444206391715751,0.055949829213071435,0.00033407572383073496,0.5,0.028306333451514343,0.28834190116865444,0.16885845857179146,0.1429529796361286,0.7847445112319518,0.04501561627713988
2021-11-18 14:00:00,0.14295676429567641,0.29083665338645415,-0.0037230081906179935,-0.11123013747545074,0.055308685922183985,0.00022271714922048998,0.5,0.048435456602127225,0.28153169332800837,0.15090221274159837,0.20261115641291633,0.7013017468288039,0.014167810854444228
2021-11-18 14:10:00,0.16527196652719667,0.36254980079681287,0.005212211466865124,-0.08552044277807536,0.054667547866144944,0.00033407572383073496,0.5,0.048435456602127225,0.28153169332800837,0.15090221274159837,0.20261115641291633,0.7013017468288039,0.025227454471385247
2021-11-18 14:20:00,0.12273361227336123,-0.059760956175298974,0.009679821295606628,-0.057311194429566115,0.05402639672298491,0.00033407572383073496,0.5,0.048435456602127225,0.28153169332800837,0.15090221274159837,0.20261115641291633,0.7013017468288039,0.006985832189145556
2021-11-18 14:30:00,0.13807531380753138,0.17928286852589648,0.01325390915859992,-0.026959471522942313,0.05338525866694587,0.00022271714922048998,0.5,0.048435456602127225,0.28153169332800837,0.15090221274159837,0.20261115641291633,0.7013017468288039,0.017668271044253666
2021-11-18 14:40:00,0.18549511854951187,-0.0916334661354582,0.018912881608339482,-0.0030351722906623024,0.05274412061090681,0.00033407572383073496,0.5,0.048435456602127225,0.28153169332800837,0.15090221274159837,0.20261115641291633,0.7013017468288039,0.05026630656185403
2021-11-18 14:50:00,0.16736401673640167,-0.2509960159362551,0.029039463886820327,0.006248884127834309,0.052102969467746806,0.00022271714922048998,0.5,0.048435456602127225,0.28153169332800837,0.15090221274159837,0.20261115641291633,0.7013017468288039,0.03449914751723825
2021-11-18 15:00:00,0.27615062761506276,-0.03585657370517936,0.03052866716306757,0.015175861453311956,0.05146182486814726,0.00022271714922048998,0.5,0.04364745384182567,0.2717445338743199,0.1473667617899408,0.32003604577771655,0.6347345188613441,0.13017336330853843
2021-11-18 15:10:00,0.3486750348675035,0.05179282868525892,0.032315711094564215,-0.0026780931976432276,0.0508206933556687,0.00022271714922048998,0.5,0.04364745384182567,0.2717445338743199,0.1473667617899408,0.32003604577771655,0.6347345188613441,0.22077040300556755
2021-11-18 15:20:00,0.2894002789400279,-0.38645418326693237,0.02725241995532368,-0.016604177825388367,0.05017954221250868,0.00022271714922048998,0.5,0.04364745384182567,0.2717445338743199,0.1473667617899408,0.32003604577771655,0.6347345188613441,0.1477661934004255
2021-11-18 15:30:00,0.23221757322175732,-0.3466135458167332,0.031124348473566377,-0.015890019639349995,0.049538396304197055,0.00033407572383073496,0.5,0.04364745384182567,0.2717445338743199,0.1473667617899408,0.32003604577771655,0.6347345188613441,0.09108740588741192
2021-11-18 15:40:00,0.20711297071129708,0.3306772908366533,0.03588979895755773,-0.0012497768255668174,0.04889725955687009,0.00033407572383073496,0.5,0.04364745384182567,0.2717445338743199,0.1473667617899408,0.32003604577771655,0.6347345188613441,0.06340057636887608
2021-11-18 15:50:00,0.11436541143654114,0.33864541832669315,0.0355919583023081,0.01696125691840744,0.048256114957270564,0.02839643652561247,0.5,0.04364745384182567,0.2717445338743199,0.1473667617899408,0.32003604577771655,0.6347345188613441,0.015880320473165656
2021-11-18 16:00:00,0.10529986052998605,0.1593625498007969,0.03320923306031265,0.04409926798785935,0.04761496381411054,0.9938752783964365,0.5,0.016279376150473146,0.3034249311077089,0.16346378575413253,0.5869989923746958,0.7033317685801906,0.0
2021-11-18 16:10:00,0.10181311018131102,-0.019920318725099584,0.025465376023827258,0.03302981610426703,0.0469738257580715,0.9944320712694877,0.5,0.016279376150473146,0.3034249311077089,0.16346378575413253,0.5869989923746958,0.7033317685801906,0.0
2021-11-18 16:20:00,0.12831241283124128,-0.19920318725099595,0.018912881608339482,0.017318336011426627,0.046332687702032437,0.9944320712694877,0.5,0.016279376150473146,0.3034249311077089,0.16346378575413253,0.5869989923746958,0.7033317685801906,0.0
2021-11-18 16:30:00,0.24895397489539747,-0.3784860557768924,0.015040953090096565,0.005891805034815345,0.045691536558872425,0.4916481069042316,0.5,0.016279376150473146,0.3034249311077089,0.16346378575413253,0.5869989923746958,0.7033317685801906,0.03428791285061183
2021-11-18 16:40:00,0.2733612273361227,0.3306772908366533,0.023976172747579794,0.0008926977325478536,0.045050391959272885,0.00011135857461024499,0.5,0.016279376150473146,0.3034249311077089,0.16346378575413253,0.5869989923746958,0.7033317685801906,0.11488902635906875
2021-11-18 16:50:00,0.35006973500697347,-0.03585657370517936,0.0352941176470587,-0.0033922513836815993,0.04440926044679433,0.013140311804008908,0.5,0.016279376150473146,0.3034249311077089,0.16346378575413253,0.5869989923746958,0.7033317685801906,0.1893794227258325
2021-11-18 17:00:00,0.3270571827057183,0.21912350597609564,0.032315711094564215,-0.012319228709159136,0.0437681093036343,0.019599109131403118,0.5,-0.0011707601469270745,0.338039177372868,0.15769361631651385,0.7266554253309676,0.7346477736189208,0.1592633945410927
2021-11-18 17:10:00,0.3284518828451883,-0.0916334661354582,0.03469843633655967,-0.01553294054633092,0.04312696339532268,0.03407572383073497,0.5,-0.0011707601469270745,0.338039177372868,0.15769361631651385,0.7266554253309676,0.7346477736189208,0.154510614541998
2021-11-18 17:20:00,0.46373779637377965,-0.31474103585657376,0.028145941921072115,-0.01838957329048374,0.04248582664799572,0.4306236080178174,0.5,-0.0011707601469270745,0.338039177372868,0.15769361631651385,0.7266554253309676,0.7346477736189208,0.10871041236024563
2021-11-18 17:30:00,0.5585774058577406,-0.6414342629482073,0.034400595681310264,-0.013390465988216249,0.04184468204839619,0.9985523385300669,0.5,-0.0011707601469270745,0.338039177372868,0.15769361631651385,0.7266554253309676,0.7346477736189208,0.0
2021-11-18 17:40:00,0.5258019525801952,-0.6972111553784861,0.034400595681310264,-0.018746652383503037,0.04120353090523616,0.9985523385300669,0.5,-0.0011707601469270745,0.338039177372868,0.15769361631651385,0.7266554253309676,0.7346477736189208,0.0
2021-11-18 17:50:00,0.45676429567642957,-0.5171314741035857,0.013551749813849545,-0.03231565791822877,0.04056239808404549,0.9985523385300669,0.5,-0.0011707601469270745,0.338039177372868,0.15769361631651385,0.7266554253309676,0.7346477736189208,0.0
2021-11-18 18:00:00,0.6401673640167364,-0.33705179282868525,0.0019359642591212367,-0.04552758435993576,0.03992125479315806,0.9985523385300669,0.5,-0.10572489104379501,0.37204424048941775,0.26714105294020446,0.6706932856992203,0.6829717249694083,0.0
2021-11-18 18:10:00,0.7768479776847979,-0.15697211155378488,-0.015040953090096898,-0.062310301731833606,0.03928010364999805,0.9985523385300669,0.5,-0.10572489104379501,0.37204424048941775,0.26714105294020446,0.6706932856992203,0.6829717249694083,0.0
2021-11-18 18:20:00,0.7601115760111576,0.023107569721115384,-0.03648548026805687,-0.0798071772897695,0.03863896559395899,0.8148106904231627,0.5,-0.10572489104379501,0.37204424048941775,0.26714105294020446,0.6706932856992203,0.6829717249694083,0.030493232946572718
2021-11-18 18:30:00,0.7001394700139469,0.20318725099601576,-0.035591958302308435,-0.09266202463845752,0.03799782753791995,0.11469933184855235,0.5,-0.10572489104379501,0.37204424048941775,0.26714105294020446,0.6706932856992203,0.6829717249694083,0.47752614028999507
2021-11-18 18:40:00,0.7119944211994422,-0.1394422310756973,-0.03946388682055113,-0.10337439742903054,0.037356676394759925,0.08763919821826281,0.5,-0.10572489104379501,0.37204424048941775,0.26714105294020446,0.6706932856992203,0.6829717249694083,0.6636616020640645
2021-11-18 18:50:00,0.8730822873082287,0.2589641434262948,-0.0689501116902459,-0.14122478128905558,0.036715538338720884,0.12327394209354121,0.5,-0.10572489104379501,0.37204424048941775,0.26714105294020446,0.6706932856992203,0.6829717249694083,0.6756718016808244
2021-11-18 19:00:00,0.7433751743375174,-0.2589641434262948,-0.08711839166046176,-0.16729155507945004,0.03607439373912134,0.0989977728285078,0.5,-0.13211585662574143,0.43049134069142364,0.2949053567173505,0.9772730290180064,0.6768967962309965,0.598261840457474
2021-11-18 19:10:00,0.6603905160390516,-0.17131474103585675,-0.0966492926284439,-0.1744331369398322,0.03543324913952181,0.09866369710467705,0.5,-0.13211585662574143,0.43049134069142364,0.2949053567173505,0.9772730290180064,0.6768967962309965,0.449952472200009
2021-11-18 19:20:00,0.6073919107391912,0.09960159362549792,-0.10290394638868217,-0.18193179789323333,0.034792111083482756,0.08518930957683743,0.5,-0.13211585662574143,0.43049134069142364,0.2949053567173505,0.9772730290180064,0.6768967962309965,0.4319447168701057
2021-11-18 19:30:00,0.6736401673640168,-0.019920318725099695,-0.10707371556217438,-0.18978753793965364,0.034150959940322745,0.10601336302895323,0.5,-0.13211585662574143,0.43049134069142364,0.2949053567173505,0.9772730290180064,0.6768967962309965,0.40265099506616175
2021-11-18 19:40:00,0.6680613668061367,0.05179282868525892,-0.11064780342516767,-0.19621496161399754,0.03350982188428368,0.10445434298440981,0.5,-0.13211585662574143,0.43049134069142364,0.2949053567173505,0.9772730290180064,0.6768967962309965,0.4466028939149328
2021-11-18 19:50:00,0.8214783821478382,0.13147410358565725,-0.11213700670141491,-0.20192822710230307,0.03286867074112368,0.1477728285077951,0.5,-0.13211585662574143,0.43049134069142364,0.2949053567173505,0.9772730290180064,0.6768967962309965,0.4207417354436683
2021-11-18 20:00:00,0.8357740585774058,0.3306772908366533,-0.11481757259865988,-0.204784859846456,0.03222753268508462,0.19821826280623608,0.5,-0.149215818836691,0.4677894410169927,0.32109158554050143,0.9344175968914954,0.716021673141979,0.40835433106507535
2021-11-18 20:10:00,0.8500697350069735,0.22709163346613526,-0.12107222635889814,-0.21549723263702913,0.03158638939419718,0.18663697104677063,0.5,-0.149215818836691,0.4677894410169927,0.32109158554050143,0.9344175968914954,0.716021673141979,0.6139988231211431
2021-11-18 20:20:00,0.8643653765690377,0.49003984063745,-0.11690245718540593,-0.21335475807891446,0.030945243485885548,0.20378619153674835,0.5,-0.149215818836691,0.4677894410169927,0.32109158554050143,0.9344175968914954,0.716021673141979,0.758951068998295
2021-11-18 20:30:00,0.8786610878661087,0.2749003984063745,-0.11779597915115425,-0.21192644170683805,0.030304105429846507,0.17293986636971045,0.5,-0.149215818836691,0.4677894410169927,0.32109158554050143,0.9344175968914954,0.716021673141979,0.8711091328816936
2021-11-18 20:40:00,0.8929567642956764,0.07569721115537842,-0.12256142963514527,-0.21085520442778072,0.029662960830246964,0.1435412026726058,0.5,-0.149215818836691,0.4677894410169927,0.32109158554050143,0.9344175968914954,0.716021673141979,0.8715340917663745
2021-11-18 20:50:00,0.907252440725244,0.09960159362549792,-0.12702903946388688,-0.2062131762185324,0.029021816230647438,0.14654788418708242,0.5,-0.149215818836691,0.4677894410169927,0.32109158554050143,0.9344175968914954,0.716021673141979,0.8719591260920079
2021-11-18 21:00:00,0.9215481171548117,0.3705179282868525,-0.12137006701414754,-0.2029994643813604,0.02838067817460838,0.15200445434298443,0.5,-0.17364432198672353,0.4824155835945829,0.37604065254997204,0.6437760887727424,0.716845333233398,0.8723840849766888
2021-11-18 21:10:00,0.9358437935843794,-0.5378486055776892,-0.13328369322412525,-0.19657204070701662,0.027739527031448368,0.09409799554565701,0.5,-0.17364432198672353,0.4824155835945829,0.37604065254997204,0.6437760887727424,0.716845333233398,0.8728091193023222
2021-11-18 21:20:00,0.9490934449093444,0.24302788844621515,-0.13626209977661963,-0.1933583288698446,0.02709838897540931,0.09777282850779509,0.5,-0.17364432198672353,0.4824155835945829,0.37604065254997204,0.6437760887727424,0.716845333233398,0.8732340027460507
2021-11-18 21:30:00,0.8514644351464435,0.003984063745019917,-0.14013402829486243,-0.19300124977682553,0.02645725091937025,0.07427616926503341,0.5,-0.17364432198672353,0.4824155835945829,0.37604065254997204,0.6437760887727424,0.716845333233398,0.873659037071684
2021-11-18 21:40:00,0.8375174337517434,-0.21115537848605592,-0.14877140729709615,-0.18621674700946256,0.02581609977621024,0.07149220489977728,0.5,-0.17364432198672353,0.4824155835945829,0.37604065254997204,0.6437760887727424,0.716845333233398,0.874083995956365
2021-11-18 21:50:00,0.7629009762900976,-0.02788844621513953,-0.15174981384959063,-0.1837171933583288,0.025174956485322808,0.031403118040089086,0.5,-0.17364432198672353,0.4824155835945829,0.37604065254997204,0.6437760887727424,0.716845333233398,0.8745090302819982
2021-11-18 22:00:00,0.6150627615062761,-0.059760956175298974,-0.16098287416232326,-0.18907337975361538,0.02453382366413214,0.0033407572383073497,0.5,-0.22111710836718956,0.4970762082371919,0.4972072359631666,0.607640600898885,0.7127626481728575,0.8749339891666793
2021-11-18 22:10:00,0.5822873082287308,0.003984063745019917,-0.16902457185405817,-0.1919300124977681,0.023892672520972113,0.00044543429844097997,0.5,-0.22111710836718956,0.4970762082371919,0.4972072359631666,0.607640600898885,0.7127626481728575,0.7459978574769528
2021-11-18 22:20:00,0.590655509065551,0.1872509960159361,-0.17200297840655265,-0.19621496161399754,0.023251527921372587,0.0006681514476614699,0.5,-0.22111710836718956,0.4970762082371919,0.4972072359631666,0.607640600898885,0.7127626481728575,0.7600298746171372
2021-11-18 22:30:00,0.5683403068340307,0.13147410358565725,-0.17617274758004486,-0.20264238528834144,0.02261039117404564,0.00011135857461024499,0.5,-0.22111710836718956,0.4970762082371919,0.4972072359631666,0.607640600898885,0.7127626481728575,0.7034189839612536
2021-11-18 22:40:00,0.48326359832635984,-0.3784860557768924,-0.1818317200297842,-0.20264238528834144,0.021969245265734003,0.00033407572383073496,0.5,-0.22111710836718956,0.4970762082371919,0.4972072359631666,0.607640600898885,0.7127626481728575,0.4871146853357877
2021-11-18 22:50:00,0.3682008368200837,-0.10756972111553798,-0.18838421444527187,-0.20906980896268523,0.021328107209694944,0.00022271714922048998,0.5,-0.22111710836718956,0.4970762082371919,0.4972072359631666,0.607640600898885,0.7127626481728575,0.27588756280459287
2021-11-18 23:00:00,0.37203626220362623,-0.05179282868525903,-0.19568131049888315,-0.22442424567041597,0.020686942979413984,0.000278396425389755,0.5,-0.25760522149286424,0.5003520044137039,0.5283257733093554,0.4910938997310548,0.7226643786353957,0.27417505318587143
2021-11-18 23:10:00,0.3758716875871687,0.003984063745019917,-0.20297840655249455,-0.2397786109623281,0.020045818010495892,0.00033407572383073496,0.5,-0.25760522149286424,0.5003520044137039,0.5283257733093554,0.4910938997310548,0.7226643786353957,0.27246254356715
2021-11-18 23:20:00,0.37377963737796377,-0.06772908366533881,-0.21012658227848113,-0.2515622210319586,0.019404679954456834,0.00022271714922048998,0.5,-0.25760522149286424,0.5003520044137039,0.5283257733093554,0.4910938997310548,0.7226643786353957,0.2609502542360095
2021-11-18 23:30:00,0.3807531380753138,0.19521912350597592,-0.21548771407297107,-0.2612033565434745,0.018763528811296806,0.00022271714922048998,0.5,-0.25760522149286424,0.5003520044137039,0.5283257733093554,0.4910938997310548,0.7226643786353957,0.2609502542360095
2021-11-18 23:40:00,0.3437935843793584,0.15537848605577675,-0.22174236783320933,-0.27262988752008577,0.018122390755257747,0.00033407572383073496,0.5,-0.25760522149286424,0.5003520044137039,0.5283257733093554,0.4910938997310548,0.7226643786353957,0.19969220091434434
2021-11-18 23:50:00,0.2789400278940028,0.14741035856573692,-0.22531645569620262,-0.2861988930548115,0.017481252699218724,0.00022271714922048998,0.5,-0.25760522149286424,0.5003520044137039,0.5283257733093554,0.4910938997310548,0.7226643786353957,0.1306260090227379
2021-11-19 00:00:00,0.13458856345885634,-0.2509960159362551,-0.23097542814594196,-0.30012497768255664,0.01684008846893773,0.00033407572383073496,0.5,-0.264575483544753,0.48155353196918455,0.5439944191640489,0.3567259704141271,0.7216136244031395,0.03732063913574845
2021-11-19 00:10:00,0.11436541143654114,0.15537848605577675,-0.23454951600893525,-0.2958400285663274,0.016198963500019637,0.00033407572383073496,0.5,-0.264575483544753,0.48155353196918455,0.5439944191640489,0.3567259704141271,0.7216136244031395,0.015472939330386109
2021-11-19 00:20:00,0.11297071129707113,0.4183266932270917,-0.23901712583767698,-0.29691126584538485,0.015557825443980577,0.00022271714922048998,0.5,-0.264575483544753,0.48155353196918455,0.5439944191640489,0.3567259704141271,0.7216136244031395,0.009339589902982936
2021-11-19 00:30:00,0.10669456066945607,0.6733067729083664,-0.2405063291139241,-0.3004820567755758,0.014916661213699618,0.00022271714922048998,0.5,-0.264575483544753,0.48155353196918455,0.5439944191640489,0.3567259704141271,0.7216136244031395,0.0007921299998491181
2021-11-19 00:40:00,0.11366806136680613,0.5617529880478087,-0.24199553239017135,-0.3069094804499196,0.014275523157660558,0.00033407572383073496,0.5,-0.264575483544753,0.48155353196918455,0.5439944191640489,0.3567259704141271,0.7216136244031395,0.008072181903224345
2021-11-19 00:50:00,0.0794979079497908,0.394422310756972,-0.2431868950111692,-0.31405106231030167,0.01363437201450053,0.35579064587973275,0.5,-0.264575483544753,0.48155353196918455,0.5439944191640489,0.3567259704141271,0.7216136244031395,0.0
2021-11-19 01:00:00,0.08577405857740586,-0.7290836653386454,-0.2285927029039465,-0.31619353686841634,0.012993233958461472,0.9995545657015591,0.5,-0.345743361984749,0.4850735761062278,0.6248982792211127,0.26026983131197945,0.7539254756318851,0.0
2021-11-19 01:10:00,0.10111576011157601,-0.13147410358565736,-0.20655249441548773,-0.29084092126406,0.012352095902422448,0.9995545657015591,0.5,-0.345743361984749,0.4850735761062278,0.6248982792211127,0.26026983131197945,0.7539254756318851,0.0
2021-11-19 01:20:00,0.07810320781032079,-0.6175298804780878,-0.1976172747580046,-0.2851276557757543,0.011710944759262421,0.9995545657015591,0.5,-0.345743361984749,0.4850735761062278,0.6248982792211127,0.26026983131197945,0.7539254756318851,0.0
2021-11-19 01:30:00,0.06764295676429567,-0.19123505976095634,-0.19046909903201792,-0.2883413676129263,0.011069806703223361,0.9995545657015591,0.5,-0.345743361984749,0.4850735761062278,0.6248982792211127,0.26026983131197945,0.7539254756318851,0.0
2021-11-19 01:40:00,0.06903765690376569,0.2350597609561753,-0.19017125837676851,-0.29476879128727007,0.010428668647184301,0.9995545657015591,0.5,-0.345743361984749,0.4850735761062278,0.6248982792211127,0.26026983131197945,0.7539254756318851,0.0
2021-11-19 01:50:00,0.04951185495118549,0.18548030101814938,-0.19136262099776635,-0.2979825031244421,0.009787517504024311,0.9995545657015591,0.5,-0.345743361984749,0.4850735761062278,0.6248982792211127,0.26026983131197945,0.7539254756318851,0.0
2021-11-19 02:00:00,0.03556485355648536,0.1359008410801239,-0.19136262099776635,-0.3036957686127477,0.009146379447985251,0.9995545657015591,0.5,-0.38390886868655205,0.4699302025533978,0.6975817941586118,0.1584318783623163,0.8489264065458043,0.0
2021-11-19 02:10:00,0.09483960948396096,0.0863213811420982,-0.1895755770662696,-0.3104802713801106,0.008505241391946191,0.9995545657015591,0.5,-0.38390886868655205,0.4699302025533978,0.6975817941586118,0.1584318783623163,0.8489264065458043,0.0
2021-11-19 02:20:00,0.100418410041841,0.03674192120407249,-0.19076693968726743,-0.3233351187287984,0.007864090248786164,0.9995545657015591,0.5,-0.38390886868655205,0.4699302025533978,0.6975817941586118,0.1584318783623163,0.8489264065458043,0.0
2021-11-19 02:30:00,0.08437935843793584,-0.012837538733953102,-0.19136262099776635,-0.32762006784502773,0.0072229521927471415,0.9995545657015591,0.5,-0.38390886868655205,0.4699302025533978,0.6975817941586118,0.1584318783623163,0.8489264065458043,0.0
2021-11-19 02:40:00,0.055788005578800565,-0.06241699867197892,-0.19136262099776635,-0.3315479378682379,0.0065818141367080816,0.9995545657015591,0.5,-0.38390886868655205,0.4699302025533978,0.6975817941586118,0.1584318783623163,0.8489264065458043,0.0
2021-11-19 02:50:00,0.03765690376569038,-0.11199645861000451,-0.19136262099776635,-0.33476164970540967,0.005940662993548054,0.9995545657015591,0.5,-0.38390886868655205,0.4699302025533978,0.6975817941586118,0.1584318783623163,0.8489264065458043,0.0
2021-11-19 03:00:00,0.015341701534170154,-0.1615759185480301,-0.1937453462397618,-0.33476164970540967,0.005299524937508995,0.9995545657015591,0.5,-0.3739990320933433,0.4609993477142704,0.7074961223411359,0.139258416143247,0.042421070302681246,0.0
2021-11-19 03:10:00,0.01603905160390516,-0.21115537848605592,-0.19940431868950126,-0.3372612033565434,0.004658386881469972,0.9995545657015591,0.5,-0.3739990320933433,0.4609993477142704,0.7074961223411359,0.139258416143247,0.042421070302681246,0.0
2021-11-19 03:20:00,0.008368200836820083,-0.0013280212483400833,-0.20178704393149682,-0.3386895197286198,0.004017222651188976,0.9995545657015591,0.5,-0.3739990320933433,0.4609993477142704,0.7074961223411359,0.139258416143247,0.042421070302681246,0.0
2021-11-19 03:30:00,0.02370990237099024,0.20849933598937564,-0.21161578555472838,-0.34475986430994454,0.0033760845951499164,0.9995545657015591,0.5,-0.3739990320933433,0.4609993477142704,0.7074961223411359,0.139258416143247,0.042421070302681246,0.0
2021-11-19 03:40:00,0.05788005578800558,0.4183266932270917,-0.21787043931496664,-0.3454740224959829,0.002734946539110857,0.9995545657015591,0.5,-0.3739990320933433,0.4609993477142704,0.7074961223411359,0.139258416143247,0.042421070302681246,0.0
2021-11-19 03:50:00,0.09832635983263598,0.2788844621513944,-0.21757259865971712,-0.34618818068202095,0.0020938084830718342,0.9995545657015591,0.5,-0.3739990320933433,0.4609993477142704,0.7074961223411359,0.139258416143247,0.042421070302681246,0.0
2021-11-19 04:00:00,0.403068340306834,0.1394422310756973,-0.2166790766939689,-0.35940010712372794,0.001452670427032775,0.9995545657015591,0.5,-0.47867526865079746,0.4563758774967184,0.8574563597726832,0.2376386477203137,0.19427421752023863,0.0
2021-11-19 04:10:00,0.3633193863319386,0.0,-0.2285927029039465,-0.36511337261203347,0.1848294093782309,0.3736080178173719,0.5,-0.47867526865079746,0.4563758774967184,0.8574563597726832,0.2376386477203137,0.19427421752023863,0.0938938093154488
2021-11-19 04:20:00,0.3103207810320781,-0.1394422310756973,-0.21578555472822047,-0.3133369041242635,0.20393660598604915,0.00022271714922048998,0.5,-0.47867526865079746,0.4563758774967184,0.8574563597726832,0.2376386477203137,0.19427421752023863,0.17451001101437905
2021-11-19 04:30:00,0.33054393305439334,-0.03585657370517936,-0.21191362620997778,-0.2819139439385824,0.20260171964769472,0.00022271714922048998,0.5,-0.47867526865079746,0.4563758774967184,0.8574563597726832,0.2376386477203137,0.19427421752023863,0.19241969310620577
2021-11-19 04:40:00,0.4302649930264993,0.2749003984063745,-0.20714817572598676,-0.26620246384574175,0.20538927641308188,0.00022271714922048998,0.5,-0.47867526865079746,0.4563758774967184,0.8574563597726832,0.2376386477203137,0.19427421752023863,0.38971287173529284
2021-11-19 04:50:00,0.3089260808926081,-0.043824701195219196,-0.19910647803425174,-0.2515622210319586,0.20794126500111243,0.00022271714922048998,0.5,-0.47867526865079746,0.4563758774967184,0.8574563597726832,0.2376386477203137,0.19427421752023863,0.18779516272613425
2021-11-19 05:00:00,0.28591352859135283,-0.11553784860557781,-0.1937453462397618,-0.23549366184609888,0.20794126500111243,0.00022271714922048998,0.5,-0.4736592975239001,0.4533989258836759,0.8621309819965793,0.3355822442994305,0.2402578058653678,0.14719284216243947
2021-11-19 05:10:00,0.296373779637378,-0.2828685258964144,-0.1892777364110202,-0.22299589359043037,0.20794126500111243,0.00033407572383073496,0.5,-0.4736592975239001,0.4533989258836759,0.8621309819965793,0.3355822442994305,0.2402578058653678,0.1648460250162198
2021-11-19 05:20:00,0.3117154811715481,-0.47410358565737054,-0.23752792256142974,-0.246206034636672,0.20634463624347282,0.00033407572383073496,0.5,-0.4736592975239001,0.4533989258836759,0.8621309819965793,0.3355822442994305,0.2402578058653678,0.19651613681971122
2021-11-19 05:30:00,0.2705718270571827,0.05179282868525892,-0.29560685033507084,-0.3197643277986073,0.19405582965803353,0.00033407572383073496,0.5,-0.4736592975239001,0.4533989258836759,0.8621309819965793,0.3355822442994305,0.2402578058653678,0.129652820737209
2021-11-19 05:40:00,0.201534170153417,0.2589641434262948,-0.3104988830975429,-0.3586859489376897,0.19405582965803353,0.00022271714922048998,0.5,-0.4736592975239001,0.4533989258836759,0.8621309819965793,0.3355822442994305,0.2402578058653678,0.08261538693664469
2021-11-19 05:50:00,0.24407252440725244,0.20318725099601576,-0.3215189873417723,-0.37832529905374035,0.19711821596367016,0.00022271714922048998,0.5,-0.4736592975239001,0.4533989258836759,0.8621309819965793,0.3355822442994305,0.2402578058653678,0.11317651674034734
2021-11-19 06:00:00,0.28033472803347276,0.01195219123505975,-0.32717795979151165,-0.38975183003035174,0.20790200363821965,0.00022271714922048998,0.5,-0.5100008238213103,0.4499277313387381,0.8908860845213598,0.4157120171534876,0.21156885563126251,0.16417460054015723
2021-11-19 06:10:00,0.2649930264993026,-0.0916334661354582,-0.33819806403574093,-0.3983217282628101,0.20593893549358078,0.00022271714922048998,0.5,-0.5100008238213103,0.4499277313387381,0.8908860845213598,0.4157120171534876,0.21156885563126251,0.15248125292333692
2021-11-19 06:20:00,0.3186889818688982,-0.4581673306772909,-0.35100521221146697,-0.4061774683092304,0.19401656829514075,0.00022271714922048998,0.5,-0.5100008238213103,0.4499277313387381,0.8908860845213598,0.4157120171534876,0.21156885563126251,0.18581860977412978
2021-11-19 06:30:00,0.40027894002789405,-0.2270916334661356,-0.3480268056589725,-0.401178361006963,0.18193715564512963,0.00022271714922048998,0.5,-0.5100008238213103,0.4499277313387381,0.8908860845213598,0.4157120171534876,0.21156885563126251,0.29891968556211057
2021-11-19 06:40:00,0.42538354253835425,0.019920318725099362,-0.3432613551749816,-0.39725049098375276,0.17310334899425475,0.00022271714922048998,0.5,-0.5100008238213103,0.4499277313387381,0.8908860845213598,0.4157120171534876,0.21156885563126251,0.3455497382198953
2021-11-19 06:50:00,0.4588563458856346,0.4183266932270917,-0.3411764705882354,-0.39903588644884846,0.16890238316472758,0.00022271714922048998,0.5,-0.5100008238213103,0.4499277313387381,0.8908860845213598,0.4157120171534876,0.21156885563126251,0.44339665343935303
2021-11-19 07:00:00,0.4804741980474198,0.2589641434262948,-0.3370067014147432,-0.394036779146581,0.17373153080053919,0.00022271714922048998,0.5,-0.5057583775456329,0.47046180105572843,0.8978795029951594,0.47597507841704095,0.20769575322472186,0.4836972101935815
2021-11-19 07:10:00,0.4246861924686192,-0.059760956175298974,-0.3289650037230083,-0.3854668809141224,0.18009187158916912,0.00022271714922048998,0.5,-0.5057583775456329,0.47046180105572843,0.8978795029951594,0.47597507841704095,0.20769575322472186,0.3540594776468458
2021-11-19 07:20:00,0.40794979079497906,0.05179282868525892,-0.325390915860015,-0.37796821996072116,0.16913795134208426,0.00022271714922048998,0.5,-0.5057583775456329,0.47046180105572843,0.8978795029951594,0.47597507841704095,0.20769575322472186,0.353569111456463
2021-11-19 07:30:00,0.41352859135285913,0.11553784860557759,-0.32807148175726,-0.384038564542046,0.16890238316472758,0.00022271714922048998,0.5,-0.5057583775456329,0.47046180105572843,0.8978795029951594,0.47597507841704095,0.20769575322472186,0.3439202136487771
2021-11-19 07:40:00,0.37935843793584384,0.11553784860557759,-0.33938942665673866,-0.3876093554722372,0.16890238316472758,0.00033407572383073496,0.5,-0.5057583775456329,0.47046180105572843,0.8978795029951594,0.47597507841704095,0.20769575322472186,0.28294129185086836
2021-11-19 07:50:00,0.3507670850767085,-0.36254980079681276,-0.3480268056589725,-0.3951080164256383,0.16890238316472758,0.00033407572383073496,0.5,-0.5057583775456329,0.47046180105572843,0.8978795029951594,0.47597507841704095,0.20769575322472186,0.23143020957496566
2021-11-19 08:00:00,0.4211994421199442,-0.21912350597609564,-0.3492181682799703,-0.3954650955186574,0.16890238316472758,0.00022271714922048998,0.5,-0.5054815469029489,0.4525771033341293,0.9030238447328451,0.5725007413541695,0.17863052498666998,0.2969959412767627
2021-11-19 08:10:00,0.41562064156206413,-0.298804780876494,-0.348324646314222,-0.3954650955186574,0.1649369855125571,0.00022271714922048998,0.5,-0.5054815469029489,0.4525771033341293,0.9030238447328451,0.5725007413541695,0.17863052498666998,0.3253919157475444
2021-11-19 08:20:00,0.4393305439330544,-0.17928286852589637,-0.3396872673119882,-0.3936797000535618,0.15768672049835758,0.00022271714922048998,0.5,-0.5054815469029489,0.4525771033341293,0.9030238447328451,0.5725007413541695,0.17863052498666998,0.3787060367850084
2021-11-19 08:30:00,0.48535564853556484,-0.4183266932270917,-0.3325390915860017,-0.38796643456525615,0.15768672049835758,0.00022271714922048998,0.5,-0.5054815469029489,0.4525771033341293,0.9030238447328451,0.5725007413541695,0.17863052498666998,0.43497744315524245
2021-11-19 08:40:00,0.4490934449093445,-0.14741035856573714,-0.32628443782576333,-0.38475272272808425,0.15768672049835758,0.00022271714922048998,0.5,-0.5054815469029489,0.4525771033341293,0.9030238447328451,0.5725007413541695,0.17863052498666998,0.38729876125956214
2021-11-19 08:50:00,0.397489539748954,-0.2828685258964144,-0.3209233060312734,-0.37796821996072116,0.15768672049835758,0.00022271714922048998,0.5,-0.5054815469029489,0.4525771033341293,0.9030238447328451,0.5725007413541695,0.17863052498666998,0.30110747318074144
2021-11-19 09:00:00,0.3584379358437936,0.17131474103585642,-0.31586001489203286,-0.37689698268166394,0.15768672049835758,0.00022271714922048998,0.5,-0.5027048354975598,0.45480694353849155,0.9012102759513374,0.5810456455914217,0.16954275605279173,0.24334988004888575
2021-11-19 09:10:00,0.3486750348675035,0.15537848605577675,-0.30722263588979903,-0.38153901089091236,0.16522490217377078,0.00022271714922048998,0.5,-0.5027048354975598,0.45480694353849155,0.9012102759513374,0.5810456455914217,0.16954275605279173,0.22392383481449069
2021-11-19 09:20:00,0.3235704323570432,0.1872509960159361,-0.3015636634400597,-0.3811819317978933,0.16890238316472758,0.00033407572383073496,0.5,-0.5027048354975598,0.45480694353849155,0.9012102759513374,0.5810456455914217,0.16954275605279173,0.198507777962189
2021-11-19 09:30:00,0.3158995815899582,-0.12350597609561753,-0.29918093819806413,-0.384038564542046,0.16890238316472758,0.00033407572383073496,0.5,-0.5027048354975598,0.45480694353849155,0.9012102759513374,0.5810456455914217,0.16954275605279173,0.178749792537381
2021-11-19 09:40:00,0.30822873082287305,-0.2270916334661356,-0.2979895755770663,-0.3790394572397786,0.16890238316472758,0.00033407572383073496,0.5,-0.5027048354975598,0.45480694353849155,0.9012102759513374,0.5810456455914217,0.16954275605279173,0.16429530606394377
2021-11-19 09:50:00,0.3103207810320781,0.22709163346613526,-0.29262844378257635,-0.38475272272808425,0.16890238316472758,0.00033407572383073496,0.5,-0.5027048354975598,0.45480694353849155,0.9012102759513374,0.5810456455914217,0.16954275605279173,0.1677052371109133
2021-11-19 10:00:00,0.31311018131101814,0.3705179282868525,-0.289650037230082,-0.38475272272808425,0.16890238316472758,0.00033407572383073496,0.5,-0.35563692227029153,0.4665969362685225,0.7295348952521681,0.5236455559625955,0.18222334301418916,0.1692593207296649
2021-11-19 10:10:00,0.30404463040446306,0.3784860557768923,-0.2860759493670887,-0.38475272272808425,0.16890238316472758,0.00033407572383073496,0.5,-0.35563692227029153,0.4665969362685225,0.7295348952521681,0.5236455559625955,0.18222334301418916,0.15826002987461715
2021-11-19 10:20:00,0.2719665271966527,0.4262948207171313,-0.282204020848846,-0.38475272272808425,0.16890238316472758,0.00033407572383073496,0.5,-0.35563692227029153,0.4665969362685225,0.7295348952521681,0.5236455559625955,0.18222334301418916,0.1301205546418818
2021-11-19 10:30:00,0.30613668061366806,0.47410358565737054,-0.2783320923306033,-0.38475272272808425,0.16890238316472758,0.00033407572383073496,0.5,-0.35563692227029153,0.4665969362685225,0.7295348952521681,0.5236455559625955,0.18222334301418916,0.15779984006518097
2021-11-19 10:40:00,0.2796373779637378,-0.03585657370517936,-0.26612062546537607,-0.38011069451883595,0.16890238316472758,0.00022271714922048998,0.5,-0.35563692227029153,0.4665969362685225,0.7295348952521681,0.5236455559625955,0.18222334301418916,0.13886416102116872
2021-11-19 10:50:00,0.300557880055788,0.15537848605577675,-0.2583767684288907,-0.37511158721656845,0.16890238316472758,0.00033407572383073496,0.5,-0.35563692227029153,0.4665969362685225,0.7295348952521681,0.5236455559625955,0.18222334301418916,0.15994236311239193
2021-11-19 11:00:00,0.28870292887029286,0.298804780876494,-0.25688756515264344,-0.3693983217282628,0.16890238316472758,0.00022271714922048998,0.5,-0.3355485232419336,0.45625806377457956,0.6705861107845649,0.5222293671970899,0.21880009268728282,0.14631018301975043
2021-11-19 11:10:00,0.27615062761506276,0.346613545816733,-0.2521221146686523,-0.3679700053561864,0.1808509246050961,0.00033407572383073496,0.5,-0.3355485232419336,0.45625806377457956,0.6705861107845649,0.5222293671970899,0.21880009268728282,0.13376435264118774
2021-11-19 11:20:00,0.3361227336122734,0.394422310756972,-0.2440804169769174,-0.36047134440278517,0.18278781850780648,0.00022271714922048998,0.5,-0.3355485232419336,0.45625806377457956,0.6705861107845649,0.5222293671970899,0.21880009268728282,0.21398826138781174
2021-11-19 11:30:00,0.3542538354253836,0.14741035856573692,-0.23723008190618022,-0.35261560435636485,0.18848071612725917,0.00033407572383073496,0.5,-0.3355485232419336,0.45625806377457956,0.6705861107845649,0.5222293671970899,0.21880009268728282,0.240716990811292
2021-11-19 11:40:00,0.3577405857740586,-0.2509960159362551,-0.23127326880119148,-0.34333154793786824,0.1926031592310008,0.00022271714922048998,0.5,-0.3355485232419336,0.45625806377457956,0.6705861107845649,0.5222293671970899,0.21880009268728282,0.23195829624153178
2021-11-19 11:50:00,0.37796373779637377,0.2828685258964143,-0.22620997766195106,-0.33690412426352434,0.18531363285390845,0.00022271714922048998,0.5,-0.3355485232419336,0.45625806377457956,0.6705861107845649,0.5222293671970899,0.21880009268728282,0.26014303604568706
2021-11-19 12:00:00,0.37935843793584384,-0.21115537848605592,-0.22174236783320933,-0.3301196214961615,0.19202732590857338,0.00022271714922048998,0.5,-0.32058195804648293,0.43834463099880305,0.6021728078308229,0.5283055514765778,0.2501272062107683,0.2557221962370053
2021-11-19 12:10:00,0.398884239888424,0.2589641434262948,-0.2166790766939689,-0.32404927691483665,0.18624281844237087,0.00022271714922048998,0.5,-0.32058195804648293,0.43834463099880305,0.6021728078308229,0.5283055514765778,0.2501272062107683,0.2979766736575283
2021-11-19 12:20:00,0.3354253835425383,-0.02788844621513953,-0.21221146686522718,-0.3215497232637029,0.18774783735326067,0.00022271714922048998,0.5,-0.32058195804648293,0.43834463099880305,0.6021728078308229,0.5283055514765778,0.2501272062107683,0.2025438689138012
2021-11-19 12:30:00,0.3591352859135286,-0.19521912350597614,-0.21221146686522718,-0.3169076950544545,0.19446153040792555,0.00022271714922048998,0.5,-0.32058195804648293,0.43834463099880305,0.6021728078308229,0.5283055514765778,0.2501272062107683,0.22504036090951612
2021-11-19 12:40:00,0.3417015341701534,-0.36254980079681276,-0.21102010424422946,-0.3133369041242635,0.19050921987671934,0.00033407572383073496,0.5,-0.32058195804648293,0.43834463099880305,0.6021728078308229,0.5283055514765778,0.2501272062107683,0.20918267272206043
2021-11-19 12:50:00,0.3312412831241283,-0.1872509960159363,-0.2050632911392406,-0.30976611319407255,0.17815497768645874,0.00022271714922048998,0.5,-0.32058195804648293,0.43834463099880305,0.6021728078308229,0.5283055514765778,0.2501272062107683,0.19093350634458411
2021-11-19 13:00:00,0.3507670850767085,-0.01195219123505975,-0.19880863737900234,-0.3069094804499196,0.16975304602740443,0.00022271714922048998,0.5,-0.16387293406794634,0.4148795857554592,0.4092189048915632,0.5153852383674145,0.2620536582961638,0.20337371938983356
2021-11-19 13:10:00,0.3472803347280335,0.15537848605577675,-0.19166046165301565,-0.3058382431708624,0.17221342476868515,0.00033407572383073496,0.5,-0.16387293406794634,0.4148795857554592,0.4092189048915632,0.5153852383674145,0.2620536582961638,0.20664031262730664
2021-11-19 13:20:00,0.3179916317991632,0.14741035856573692,-0.18600148920327642,-0.3026245313336904,0.17065605737393832,0.00033407572383073496,0.5,-0.16387293406794634,0.4148795857554592,0.4092189048915632,0.5153852383674145,0.2620536582961638,0.1777388837756688
2021-11-19 13:30:00,0.31450488145048816,-0.17131474103585675,-0.17706626954579308,-0.2994108194965186,0.17803719359778045,0.00022271714922048998,0.5,-0.16387293406794634,0.4148795857554592,0.4092189048915632,0.5153852383674145,0.2620536582961638,0.1773239585376526
2021-11-19 13:40:00,0.31659693165969316,-0.14741035856573714,-0.1705137751303054,-0.2897696839850026,0.18048448521809687,0.00033407572383073496,0.5,-0.16387293406794634,0.4148795857554592,0.4092189048915632,0.5153852383674145,0.2620536582961638,0.17466843701434887
2021-11-19 13:50:00,0.298465829846583,0.1633466135458166,-0.16366344005956823,-0.2861988930548115,0.17422884139718103,0.00022271714922048998,0.5,-0.16387293406794634,0.4148795857554592,0.4092189048915632,0.5153852383674145,0.2620536582961638,0.15725666520814158
2021-11-19 14:00:00,0.3193863319386332,0.1872509960159361,-0.16068503350707375,-0.2819139439385824,0.17463454214707305,0.00022271714922048998,0.5,-0.15792050824771875,0.3927449735206481,0.3823015926458968,0.525932157827791,0.2583325807149895,0.17146219653876912
2021-11-19 14:10:00,0.3110181311018131,-0.07569721115537853,-0.15562174236783333,-0.27762899482235315,0.1764536519611051,0.00033407572383073496,0.5,-0.15792050824771875,0.3927449735206481,0.3823015926458968,0.525932157827791,0.2583325807149895,0.1647932163495632
2021-11-19 14:20:00,0.3054393305439331,-0.3784860557768924,-0.15502606105733452,-0.2754865202642386,0.1804452238552041,0.00022271714922048998,0.5,-0.15792050824771875,0.3927449735206481,0.3823015926458968,0.525932157827791,0.2583325807149895,0.14851305882885468
2021-11-19 14:30:00,0.299860529986053,-0.29083665338645437,-0.15264333581533884,-0.27762899482235315,0.16836581120519298,0.00022271714922048998,0.5,-0.15792050824771875,0.3927449735206481,0.3823015926458968,0.525932157827791,0.2583325807149895,0.15634382968450594
2021-11-19 14:40:00,0.301255230125523,0.2111553784860556,-0.15174981384959063,-0.2769148366363149,0.16665139835887502,0.00033407572383073496,0.5,-0.15792050824771875,0.3927449735206481,0.3823015926458968,0.525932157827791,0.2583325807149895,0.15918040949348944
2021-11-19 14:50:00,0.31450488145048816,0.3705179282868525,-0.1466865227103501,-0.2751294411712194,0.17242281870411327,0.00022271714922048998,0.5,-0.15792050824771875,0.3927449735206481,0.3823015926458968,0.525932157827791,0.2583325807149895,0.16699609215866743
2021-11-19 15:00:00,0.3682008368200837,-0.21115537848605592,-0.14043186895011173,-0.27120157114800925,0.1693866066404052,0.00033407572383073496,0.5,-0.1575948153289466,0.366650670819841,0.3679558717285285,0.5560630375211909,0.26171710902643724,0.2385820118593177
2021-11-19 15:10:00,0.36052998605299863,-0.11553784860557781,-0.1309009679821297,-0.26477414747366534,0.1764536519611051,0.00033407572383073496,0.5,-0.1575948153289466,0.366650670819841,0.3679558717285285,0.5560630375211909,0.26171710902643724,0.22849555652790562
2021-11-19 15:20:00,0.3361227336122734,-0.13147410358565736,-0.11332836932241275,-0.25513301196214966,0.18324586774155555,0.00022271714922048998,0.5,-0.1575948153289466,0.366650670819841,0.3679558717285285,0.5560630375211909,0.26171710902643724,0.21244172186429683
2021-11-19 15:30:00,0.4609483960948396,0.027888446215139417,-0.10320178704393157,-0.24763435100874842,0.18231668215309313,0.00022271714922048998,0.5,-0.1575948153289466,0.366650670819841,0.3679558717285285,0.5560630375211909,0.26171710902643724,0.3840472562125624
2021-11-19 15:40:00,0.36052998605299863,-0.11553784860557781,-0.09396872673119894,-0.24227816461346185,0.18052374658098963,0.00022271714922048998,0.5,-0.1575948153289466,0.366650670819841,0.3679558717285285,0.5560630375211909,0.26171710902643724,0.2382953362403247
2021-11-19 15:50:00,0.37377963737796377,-0.003984063745020028,-0.08235294117647074,-0.23299410819496513,0.16899399301147738,0.00022271714922048998,0.5,-0.1575948153289466,0.366650670819841,0.3679558717285285,0.5560630375211909,0.26171710902643724,0.25333826214222127
2021-11-19 16:00:00,0.3577405857740586,0.10756972111553775,-0.07967237527922577,-0.2287091590787359,0.1721610762848281,0.00022271714922048998,0.5,-0.14323897855496415,0.3624869614691655,0.34576492186918445,0.5906538124633411,0.26944018489444743,0.21920877529157928
2021-11-19 16:10:00,0.36401673640167365,0.07569721115537842,-0.07818317200297853,-0.2240671308694876,0.17569459894517805,0.00022271714922048998,0.5,-0.14323897855496415,0.3624869614691655,0.34576492186918445,0.5906538124633411,0.26944018489444743,0.23486277290764518
2021-11-19 16:20:00,0.3800557880055788,0.019920318725099362,-0.07371556217423691,-0.2237100517764684,0.17931973145227784,0.00033407572383073496,0.5,-0.14323897855496415,0.3624869614691655,0.34576492186918445,0.5906538124633411,0.26944018489444743,0.2698598307105029
2021-11-19 16:30:00,0.3884239888423989,0.05976095617529875,-0.07014147431124362,-0.22049633993929663,0.17782779966235226,0.00022271714922048998,0.5,-0.14323897855496415,0.3624869614691655,0.34576492186918445,0.5906538124633411,0.26944018489444743,0.27783393937565065
2021-11-19 16:40:00,0.3765690376569038,0.12350597609561742,-0.06984363365599422,-0.2158543117300481,0.18579785632958604,0.00022271714922048998,0.5,-0.14323897855496415,0.3624869614691655,0.34576492186918445,0.5906538124633411,0.26944018489444743,0.2562502829035714
2021-11-19 16:50:00,0.3584379358437936,0.12350597609561742,-0.0734177215189874,-0.21692554900910554,0.18909581081257934,0.00033407572383073496,0.5,-0.14323897855496415,0.3624869614691655,0.34576492186918445,0.5906538124633411,0.26944018489444743,0.22172850310062317
2021-11-19 17:00:00,0.3486750348675035,-0.06772908366533881,-0.06984363365599422,-0.2194251026602393,0.19461857585949668,0.00022271714922048998,0.5,-0.15291264192156495,0.35716235592962203,0.3457352473642636,0.6246441600384458,0.27346847097405935,0.22315433710035157
2021-11-19 17:10:00,0.35564853556485354,0.003984063745019917,-0.06865227103499649,-0.2144259953579718,0.20027221211605659,0.00022271714922048998,0.5,-0.15291264192156495,0.35716235592962203,0.3457352473642636,0.6246441600384458,0.27346847097405935,0.22749219186143008
2021-11-19 17:20:00,0.3528591352859135,-0.019920318725099695,-0.07222635889798967,-0.21621139082306728,0.20253628404287344,0.00022271714922048998,0.5,-0.15291264192156495,0.35716235592962203,0.3457352473642636,0.6246441600384458,0.27346847097405935,0.22375786471928424
2021-11-19 17:30:00,0.35146443514644354,0.10756972111553775,-0.07580044676098296,-0.22049633993929663,0.2049704885422256,0.00022271714922048998,0.5,-0.15291264192156495,0.35716235592962203,0.3457352473642636,0.6246441600384458,0.27346847097405935,0.2230939843384583
2021-11-19 17:40:00,0.3284518828451883,0.06772908366533859,-0.0805658972449741,-0.22656668452062123,0.20018060226930678,0.00022271714922048998,0.5,-0.15291264192156495,0.35716235592962203,0.3457352473642636,0.6246441600384458,0.27346847097405935,0.18848167539267016
2021-11-19 17:50:00,0.3284518828451883,0.4183266932270917,-0.08771407297096068,-0.23120871272986965,0.20018060226930678,0.00044543429844097997,0.5,-0.15291264192156495,0.35716235592962203,0.3457352473642636,0.6246441600384458,0.27346847097405935,0.1944037901534469
2021-11-19 18:00:00,0.32914923291492326,0.4661354581673305,-0.09724497393894282,-0.23585074093911806,0.2059912839774378,0.00022271714922048998,0.5,-0.26713233138429004,0.355788820339821,0.427660722000995,0.5647357697822134,0.27344057180216286,0.18028124387042263
2021-11-19 18:10:00,0.397489539748954,0.05976095617529875,-0.11868950111690268,-0.24870558828780576,0.22138173823140647,0.00022271714922048998,0.5,-0.26713233138429004,0.355788820339821,0.427660722000995,0.5647357697822134,0.27344057180216286,0.26122938575976584
2021-11-19 18:20:00,0.5341701534170153,0.1633466135458166,-0.14043186895011173,-0.2540617746830922,0.21663111332138044,0.00022271714922048998,0.5,-0.26713233138429004,0.355788820339821,0.427660722000995,0.5647357697822134,0.27344057180216286,0.5230622991384644
2021-11-19 18:30:00,0.47419804741980476,-0.21912350597609564,-0.1586001489203277,-0.25691840742724503,0.21659185195848765,0.00022271714922048998,0.5,-0.26713233138429004,0.355788820339821,0.427660722000995,0.5647357697822134,0.27344057180216286,0.4384250946783952
2021-11-19 18:40:00,0.37796373779637377,0.027888446215139417,-0.17200297840655265,-0.2640599892876272,0.2055070605017602,0.00022271714922048998,0.5,-0.26713233138429004,0.355788820339821,0.427660722000995,0.5647357697822134,0.27344057180216286,0.3322419542224301
2021-11-19 18:50:00,0.46443514644351463,-0.24302788844621515,-0.18093819806403577,-0.26691662203178,0.20538927641308188,0.0008908685968819599,0.5,-0.26713233138429004,0.355788820339821,0.427660722000995,0.5647357697822134,0.27344057180216286,0.4770282300043756
2021-11-19 19:00:00,0.5871687587168759,-0.2828685258964144,-0.182427401340283,-0.26691662203178,0.19668634097184962,0.00044543429844097997,0.5,-0.2841427405499859,0.36980577976879775,0.4680650967331794,0.6193200265637753,0.26523602424470183,0.7271602516710172
2021-11-19 19:10:00,0.5306834030683404,-0.2509960159362551,-0.1818317200297842,-0.26513122656668453,0.18763005326458232,0.00022271714922048998,0.5,-0.2841427405499859,0.36980577976879775,0.4680650967331794,0.6193200265637753,0.26523602424470183,0.5735549285574181
2021-11-19 19:20:00,0.5202231520223152,-0.13147410358565736,-0.17885331347728972,-0.2604891983574361,0.18287942835455628,0.00022271714922048998,0.5,-0.2841427405499859,0.36980577976879775,0.4680650967331794,0.6193200265637753,0.26523602424470183,0.5468790078005945
2021-11-19 19:30:00,0.49372384937238495,-0.15537848605577698,-0.1740878629932987,-0.2554900910551686,0.174883197445394,0.00022271714922048998,0.5,-0.2841427405499859,0.36980577976879775,0.4680650967331794,0.6193200265637753,0.26523602424470183,0.49346681352505395
2021-11-19 19:40:00,0.4881450488145049,0.05179282868525892,-0.17170513775130314,-0.2526334583110159,0.1716114172043292,0.000556792873051225,0.5,-0.2841427405499859,0.36980577976879775,0.4680650967331794,0.6193200265637753,0.26523602424470183,0.4890308855258989
2021-11-19 19:50:00,0.5237099023709902,-0.11155378486055778,-0.17110945644080433,-0.24906263167291554,0.17039431495465315,0.0003897550111358575,0.5,-0.2841427405499859,0.36980577976879775,0.4680650967331794,0.6193200265637753,0.26523602424470183,0.54043257842087
2021-11-19 20:00:00,0.5592747559274756,-0.2749003984063746,-0.1705137751303054,-0.24549187645063375,0.16917721270497704,0.00022271714922048998,0.5,-0.2852094390577353,0.3686161485257482,0.48208617349414884,0.6645251202107474,0.24636739634399016,0.5918342713158411
2021-11-19 20:10:00,0.5627615062761506,0.36254980079681287,-0.1705137751303054,-0.24549187645063375,0.1603957545379592,0.00033407572383073496,0.5,-0.2852094390577353,0.3686161485257482,0.48208617349414884,0.6645251202107474,0.24636739634399016,0.6353637008313594
2021-11-19 20:20:00,0.5843793584379359,0.3705179282868525,-0.1705137751303054,-0.24549187645063375,0.16200547041656307,0.00033407572383073496,0.5,-0.2852094390577353,0.3686161485257482,0.48208617349414884,0.6645251202107474,0.24636739634399016,0.7119211792929674
2021-11-19 20:30:00,0.6464435146443515,-0.3067729083665339,-0.17349218168279978,-0.24227816461346185,0.1716114172043292,0.00033407572383073496,0.5,-0.2852094390577353,0.3686161485257482,0.48208617349414884,0.6645251202107474,0.24636739634399016,0.8364440152692488
2021-11-19 20:40:00,0.6513249651324965,-0.3466135458167332,-0.17349218168279978,-0.2351365827530797,0.1716114172043292,0.0020044543429844097,0.5,-0.2852094390577353,0.3686161485257482,0.48208617349414884,0.6645251202107474,0.24636739634399016,0.8196659474629208
2021-11-19 20:50:00,0.5815899581589958,-0.36254980079681276,-0.17676842889054356,-0.23156579182288872,0.16692622789912448,0.015367483296213808,0.5,-0.2852094390577353,0.3686161485257482,0.48208617349414884,0.6645251202107474,0.24636739634399016,0.6621301507310228
2021-11-19 21:00:00,0.5627615062761506,-0.36254980079681276,-0.17974683544303804,-0.23120871272986965,0.16171755375534938,0.04398663697104677,0.5,-0.27183888590008154,0.39319898737669173,0.47054076205396783,0.6677435765257668,0.21872979359863737,0.5374338005642983
2021-11-19 21:10:00,0.602510460251046,-0.4183266932270917,-0.182427401340283,-0.23335118728798432,0.16034340605410216,0.007238307349665925,0.5,-0.27183888590008154,0.39319898737669173,0.47054076205396783,0.6677435765257668,0.21872979359863737,0.7191182461487394
2021-11-19 21:20:00,0.5948396094839609,0.2589641434262948,-0.182427401340283,-0.23727905731119447,0.15050189108897932,0.00033407572383073496,0.5,-0.27183888590008154,0.39319898737669173,0.47054076205396783,0.6677435765257668,0.21872979359863737,0.7252968601475624
2021-11-19 21:30:00,0.5767085076708507,0.14741035856573692,-0.1862993298585257,-0.24192108552044278,0.15050189108897932,0.00022271714922048998,0.5,-0.27183888590008154,0.39319898737669173,0.47054076205396783,0.6677435765257668,0.21872979359863737,0.675815139490321
2021-11-19 21:40:00,0.5850767085076709,0.43426294820717115,-0.19106478034251695,-0.24192108552044278,0.15050189108897932,0.00044543429844097997,0.5,-0.27183888590008154,0.39319898737669173,0.47054076205396783,0.6677435765257668,0.21872979359863737,0.7219095613863029
2021-11-19 21:50:00,0.5850767085076709,0.2589641434262948,-0.19136262099776635,-0.24406356007855734,0.15050189108897932,0.000556792873051225,0.5,-0.27183888590008154,0.39319898737669173,0.47054076205396783,0.6677435765257668,0.21872979359863737,0.7160477993874195
2021-11-19 22:00:00,0.5753138075313807,0.12350597609561742,-0.19612807148175737,-0.24513479735761468,0.1555011712973263,0.027282850779510027,0.5,-0.298066988346097,0.4105290985526157,0.4796882452311232,0.6183026641254926,0.1905985925564542,0.6236552650240657
2021-11-19 22:10:00,0.5794979079497908,-0.4581673306772909,-0.19851079672375294,-0.24192108552044278,0.1614165499731714,0.06325167037861915,0.5,-0.298066988346097,0.4105290985526157,0.4796882452311232,0.6183026641254926,0.1905985925564542,0.48644326085972506
2021-11-19 22:20:00,0.596931659693166,-0.3944223107569722,-0.20029784065524958,-0.24370648098553827,0.15050189108897932,0.03652561247216036,0.5,-0.298066988346097,0.4105290985526157,0.4796882452311232,0.6183026641254926,0.1905985925564542,0.5974093576957316
2021-11-19 22:30:00,0.5411436541143654,-0.3545816733067729,-0.20208488458674623,-0.24549187645063375,0.1492062661135177,0.0010022271714922048,0.5,-0.298066988346097,0.4105290985526157,0.4796882452311232,0.6183026641254926,0.1905985925564542,0.6091781462649185
2021-11-19 22:40:00,0.5585774058577406,-0.20318725099601598,-0.20446760982874168,-0.24692019282271016,0.1392338799387523,0.003006681514476615,0.5,-0.298066988346097,0.4105290985526157,0.4796882452311232,0.6183026641254926,0.1905985925564542,0.6245681005477013
2021-11-19 22:50:00,0.590655509065551,-0.15537848605577698,-0.2011913626209978,-0.24549187645063375,0.1392338799387523,0.00033407572383073496,0.5,-0.298066988346097,0.4105290985526157,0.4796882452311232,0.6183026641254926,0.1905985925564542,0.7040225115801862
2021-11-19 23:00:00,0.599721059972106,-0.24302788844621515,-0.20029784065524958,-0.24549187645063375,0.1392338799387523,0.000779510022271715,0.5,-0.29455744285865326,0.4397497751482022,0.4666682391617992,0.49330897070127394,0.16437264100428775,0.7194652745296256
2021-11-19 23:10:00,0.6206415620641562,-0.23505976095617542,-0.19940431868950126,-0.24442063917157653,0.1392338799387523,0.00022271714922048998,0.5,-0.29455744285865326,0.4397497751482022,0.4666682391617992,0.49330897070127394,0.16437264100428775,0.7924468518490578
2021-11-19 23:20:00,0.6359832635983264,0.01195219123505975,-0.1976172747580046,-0.24299232279950012,0.1392338799387523,0.00022271714922048998,0.5,-0.29455744285865326,0.4397497751482022,0.4666682391617992,0.49330897070127394,0.16437264100428775,0.841958748887246
2021-11-19 23:30:00,0.6311018131101813,-0.05179282868525903,-0.1934475055845124,-0.24013569005534718,0.1392338799387523,0.00011135857461024499,0.5,-0.29455744285865326,0.4397497751482022,0.4666682391617992,0.49330897070127394,0.16437264100428775,0.8336451559364485
2021-11-19 23:40:00,0.5509065550906556,0.09960159362549792,-0.19136262099776635,-0.23477950366006073,0.14026776249492875,0.00011135857461024499,0.5,-0.29455744285865326,0.4397497751482022,0.4666682391617992,0.49330897070127394,0.16437264100428775,0.6252697014047106
2021-11-19 23:50:00,0.3898186889818689,-0.26693227091633476,-0.19136262099776635,-0.23370826638100328,0.1440892018164924,0.00022271714922048998,0.5,-0.29455744285865326,0.4397497751482022,0.4666682391617992,0.49330897070127394,0.16437264100428775,0.2824282933747756
2021-11-20 00:00:00,0.3814504881450488,0.003984063745019917,-0.19136262099776635,-0.23549366184609888,0.1321668346180524,0.00022271714922048998,0.5,-0.3003714200044494,0.4974526374469485,0.4599848812201852,0.23230291488539873,0.1165339409845571,0.2500641248095116
2021-11-20 00:10:00,0.3235704323570432,0.027888446215139417,-0.19136262099776635,-0.25049098375290113,0.14565965633220349,0.00022271714922048998,0.5,-0.3003714200044494,0.4974526374469485,0.4599848812201852,0.23230291488539873,0.1165339409845571,0.18353274891742233
2021-11-20 00:20:00,0.30474198047419804,-0.2749003984063746,-0.19136262099776635,-0.25656132833422596,0.13665571710879326,0.00022271714922048998,0.5,-0.3003714200044494,0.4974526374469485,0.4599848812201852,0.23230291488539873,0.1165339409845571,0.14972765816195663
2021-11-20 00:30:00,0.17642956764295675,-0.12350597609561753,-0.19076693968726743,-0.2654883056597036,0.13211448613419535,0.00022271714922048998,0.5,-0.3003714200044494,0.4974526374469485,0.4599848812201852,0.23230291488539873,0.1165339409845571,0.053291488751754004
2021-11-20 00:40:00,0.09065550906555091,0.47410358565737054,-0.18838421444527187,-0.26013211926441704,0.12280954312860715,0.000556792873051225,0.5,-0.3003714200044494,0.4974526374469485,0.4599848812201852,0.23230291488539873,0.1165339409845571,0.0
2021-11-20 00:50:00,0.059274755927475595,0.4247011952191233,-0.18361876396128085,-0.26156043563649345,0.12280954312860715,0.8742761692650335,0.5,-0.3003714200044494,0.4974526374469485,0.4599848812201852,0.23230291488539873,0.1165339409845571,0.0
2021-11-20 01:00:00,0.026499302649930265,0.3752988047808763,-0.1663440059568132,-0.24049276914836637,0.12280954312860715,0.9993318485523385,0.5,-0.31962112224474304,0.5540175916001714,0.5443330128740431,0.25228781699536984,0.702634460173994,0.0
2021-11-20 01:10:00,0.24267782426778242,0.3258964143426295,-0.16157855547282218,-0.22299589359043037,0.11320359634084097,0.9993318485523385,0.5,-0.31962112224474304,0.5540175916001714,0.5443330128740431,0.25228781699536984,0.702634460173994,0.0
2021-11-20 01:20:00,0.4211994421199442,0.27649402390438227,-0.14430379746835464,-0.22121049812533466,0.11132777610553456,0.6456570155902004,0.5,-0.31962112224474304,0.5540175916001714,0.5443330128740431,0.25228781699536984,0.702634460173994,0.07532024684279615
2021-11-20 01:30:00,0.3891213389121339,0.22709163346613526,-0.13715562174236795,-0.19585788252097835,0.10945195325280392,0.00022271714922048998,0.5,-0.31962112224474304,0.5540175916001714,0.5443330128740431,0.25228781699536984,0.702634460173994,0.31062812136940415
2021-11-20 01:40:00,0.4714086471408647,-0.06772908366533881,-0.1627699180938199,-0.20585609712551323,0.10757613432620959,0.00044543429844097997,0.5,-0.31962112224474304,0.5540175916001714,0.5443330128740431,0.25228781699536984,0.702634460173994,0.43934547429726756
2021-11-20 01:50:00,0.46582984658298465,-0.14741035856573714,-0.2014892032762473,-0.25691840742724503,0.10570030492991847,0.00033407572383073496,0.5,-0.31962112224474304,0.5540175916001714,0.5443330128740431,0.25228781699536984,0.702634460173994,0.4382742127736621
2021-11-20 02:00:00,0.4700139470013947,0.1394422310756971,-0.21608339538346988,-0.2740582038921622,0.10382450170786929,0.00044543429844097997,0.5,-0.3233423931442059,0.5825227653466757,0.562720553538577,0.39771528878532025,0.7131334776646825,0.4551729861037766
2021-11-20 02:10:00,0.37866108786610875,0.003984063745019917,-0.22263588979895765,-0.28369933940367775,0.10194867231157818,0.000556792873051225,0.5,-0.3233423931442059,0.5825227653466757,0.562720553538577,0.39771528878532025,0.7131334776646825,0.28216425004149254
2021-11-20 02:20:00,0.32566248256624825,0.25099601593625476,-0.2279970215934476,-0.2894126048919836,0.10007285600240803,0.00044543429844097997,0.5,-0.3233423931442059,0.5825227653466757,0.562720553538577,0.39771528878532025,0.7131334776646825,0.2279372934803929
2021-11-20 02:30:00,0.398186889818689,0.4183266932270917,-0.2318689501116903,-0.3040528477057667,0.09819702660611693,0.00044543429844097997,0.5,-0.3233423931442059,0.5825227653466757,0.562720553538577,0.39771528878532025,0.7131334776646825,0.3082215549889102
2021-11-20 02:40:00,0.401673640167364,0.346613545816733,-0.2324646314221892,-0.30940903410105336,0.09632121029694679,0.0020044543429844097,0.5,-0.3233423931442059,0.5825227653466757,0.562720553538577,0.39771528878532025,0.7131334776646825,0.3147773737495662
2021-11-20 02:50:00,0.3354253835425383,0.027888446215139417,-0.22233804914370825,-0.3069094804499196,0.09444538744421616,0.0006681514476614699,0.5,-0.3233423931442059,0.5825227653466757,0.562720553538577,0.39771528878532025,0.7131334776646825,0.21196644386438737
2021-11-20 03:00:00,0.36052998605299863,-0.42629482071713154,-0.21876396128071496,-0.30619532226388146,0.09256956459148553,0.000779510022271715,0.5,-0.33187608126546964,0.6051429999971285,0.6098631967278914,0.47116961625743564,0.7535500668112267,0.20964286253149658
2021-11-20 03:10:00,0.199442119944212,0.4262948207171313,-0.22591213700670154,-0.3101231922870915,0.09069374828231538,0.000779510022271715,0.5,-0.33187608126546964,0.6051429999971285,0.6098631967278914,0.47116961625743564,0.7535500668112267,0.08275118065090453
2021-11-20 03:20:00,0.07531380753138076,0.33333333333333326,-0.22620997766195106,-0.3076236386359579,0.08881793197314525,0.8610244988864142,0.5,-0.33187608126546964,0.6051429999971285,0.6098631967278914,0.47116961625743564,0.7535500668112267,0.0
2021-11-20 03:30:00,0.35355648535564854,0.2403718459495352,-0.20357408786299336,-0.26941617568291376,0.08694210912041461,0.6339643652561248,0.5,-0.33187608126546964,0.6051429999971285,0.6098631967278914,0.47116961625743564,0.7535500668112267,0.08438824931725938
2021-11-20 03:40:00,0.3577405857740586,0.14741035856573692,-0.20000000000000007,-0.25227637921799684,0.08506628626768399,0.00022271714922048998,0.5,-0.33187608126546964,0.6051429999971285,0.6098631967278914,0.47116961625743564,0.7535500668112267,0.2495058617619989
2021-11-20 03:50:00,0.2894002789400279,0.3784860557768923,-0.24676098287416237,-0.301196214961614,0.08319046995851383,0.00033407572383073496,0.5,-0.33187608126546964,0.6051429999971285,0.6098631967278914,0.47116961625743564,0.7535500668112267,0.15195316625677083
2021-11-20 04:00:00,0.2635983263598326,-0.1394422310756973,-0.2634400595681312,-0.33547580789144793,0.08131464056222273,0.00022271714922048998,0.5,-0.3610437582528052,0.6306626016143367,0.8139853659037657,0.4591389189300817,0.755850175876696,0.13120690435596058
2021-11-20 04:10:00,0.22663877266387727,0.21912350597609564,-0.26969471332836936,-0.34797357614711666,0.07943882425305257,0.00033407572383073496,0.5,-0.3610437582528052,0.6306626016143367,0.8139853659037657,0.4591389189300817,0.755850175876696,0.09651915445780587
2021-11-20 04:20:00,0.2545327754532775,0.49003984063745,-0.2756515264333582,-0.3565434743795751,0.07756299485676146,0.00033407572383073496,0.5,-0.3610437582528052,0.6306626016143367,0.8139853659037657,0.4591389189300817,0.755850175876696,0.1280610166422741
2021-11-20 04:30:00,0.2294281729428173,-0.29083665338645437,-0.28816083395383485,-0.3618996607748617,0.07568717854759131,0.00044543429844097997,0.5,-0.3610437582528052,0.6306626016143367,0.8139853659037657,0.4591389189300817,0.755850175876696,0.09779410655280112
2021-11-20 04:40:00,0.09483960948396096,-0.06772908366533881,-0.30275502606105753,-0.37511158721656845,0.07381135569486069,0.26681514476614704,0.5,-0.3610437582528052,0.6306626016143367,0.8139853659037657,0.4591389189300817,0.755850175876696,0.006103173046456538
2021-11-20 04:50:00,0.11785216178521618,-0.03784860557768932,-0.29262844378257635,-0.35725763256561327,0.07193554592925103,0.9992204899777284,0.5,-0.3610437582528052,0.6306626016143367,0.8139853659037657,0.4591389189300817,0.755850175876696,0.0
2021-11-20 05:00:00,0.14225941422594143,-0.007968127490039945,-0.26582278481012667,-0.32690590965898936,0.07005971653295992,0.9992204899777284,0.5,-0.36822574571671296,0.6468346901068093,0.8940901701680681,0.4939988388094726,0.7186670869427213,0.0
2021-11-20 05:10:00,0.200836820083682,0.021912350597609542,-0.2598659717051379,-0.325120514193894,0.06818390022378978,0.9684855233853007,0.5,-0.36822574571671296,0.6468346901068093,0.8940901701680681,0.4939988388094726,0.7186670869427213,0.0
2021-11-20 05:20:00,0.5264993026499303,0.05179282868525892,-0.2589724497393895,-0.31619353686841634,0.06630807737105915,0.044543429844097995,0.5,-0.36822574571671296,0.6468346901068093,0.8940901701680681,0.4939988388094726,0.7186670869427213,0.49889856209544786
2021-11-20 05:30:00,0.5913528591352859,-0.01195219123505975,-0.2866716306775876,-0.3201214068916265,0.06443225451832853,0.017260579064587975,0.5,-0.36822574571671296,0.6468346901068093,0.8940901701680681,0.4939988388094726,0.7186670869427213,0.7203705659580246
2021-11-20 05:40:00,0.6101813110181311,0.21912350597609564,-0.32271034996277004,-0.3536868416354222,0.06255643820915838,0.0014476614699331849,0.5,-0.36822574571671296,0.6468346901068093,0.8940901701680681,0.4939988388094726,0.7186670869427213,0.796218899467387
2021-11-20 05:50:00,0.5216178521617852,-0.0916334661354582,-0.33909158600148936,-0.36368505623995717,0.06068060881286727,0.0023385300668151447,0.5,-0.36822574571671296,0.6468346901068093,0.8940901701680681,0.4939988388094726,0.7186670869427213,0.5825173136985682
2021-11-20 06:00:00,0.46582984658298465,-0.11553784860557781,-0.34981384959046924,-0.3679700053561864,0.05880479250369713,0.00378619153674833,0.5,-0.42904260290178564,0.6597597174769473,0.8973656521663593,0.5846888391973903,0.7074287001327995,0.4334007272507808
2021-11-20 06:10:00,0.4198047419804742,-0.10756972111553798,-0.3521965748324647,-0.3715407962863774,0.056928963107406014,0.004565701559020045,0.5,-0.42904260290178564,0.6597597174769473,0.9006412102531248,0.5846888391973903,0.7074287001327995,0.34485568145812273
2021-11-20 06:20:00,0.4686192468619247,-0.05179282868525903,-0.35368577810871193,-0.37653990358864486,0.05505315988535682,0.005456570155902005,0.5,-0.42904260290178564,0.6597597174769473,0.9039167049328285,0.5846888391973903,0.7074287001327995,0.4579341249603935
2021-11-20 06:30:00,0.5292887029288703,0.2350597609561753,-0.35011169024571853,-0.3818960899839313,0.05317733048906573,0.010467706013363028,0.5,-0.42904260290178564,0.6597597174769473,0.907192263019594,0.5846888391973903,0.7074287001327995,0.6141421609306397
2021-11-20 06:40:00,0.5362622036262203,-0.26693227091633476,-0.3492181682799703,-0.3772540617746831,0.05130151417989557,0.0028953229398663697,0.5,-0.42904260290178564,0.6597597174769473,0.9104677576992977,0.5846888391973903,0.7074287001327995,0.6568417399701254
2021-11-20 06:50:00,0.44142259414225943,-0.14741035856573714,-0.3495160089352197,-0.3772540617746831,0.04942568478360446,0.0022271714922049,0.5,-0.42904260290178564,0.6597597174769473,0.9137433157860632,0.5846888391973903,0.7074287001327995,0.43982829639241366
2021-11-20 07:00:00,0.40794979079497906,0.12350597609561742,-0.3527922561429636,-0.37796821996072116,0.04754986847443431,0.002561247216035635,0.5,-0.4280786986158135,0.6739519607364217,0.9170187977843544,0.5675942933380316,0.71645169268195,0.35295049564705705
2021-11-20 07:10:00,0.37796373779637377,-0.043824701195219196,-0.35785554728220414,-0.38475272272808425,0.045674045621703685,0.000556792873051225,0.5,-0.4280786986158135,0.6739519607364217,0.9202944065967693,0.5675942933380316,0.71645169268195,0.3181420402251158
2021-11-20 07:20:00,0.3807531380753138,-0.17928286852589637,-0.36202531645569636,-0.38975183003035174,0.04379822276897306,0.00033407572383073496,0.5,-0.4280786986158135,0.6739519607364217,0.9235698885950606,0.5675942933380316,0.71645169268195,0.3216877649863452
2021-11-20 07:30:00,0.3417015341701534,0.17928286852589648,-0.3670886075949368,-0.39903588644884846,0.041922401224954525,0.00033407572383073496,0.5,-0.4280786986158135,0.6739519607364217,0.926845446681826,0.5675942933380316,0.71645169268195,0.22226413386242588
2021-11-20 07:40:00,0.30474198047419804,-0.5219123505976095,-0.3709605361131796,-0.4076057846813069,0.04004659015063277,0.00022271714922048998,0.5,-0.4280786986158135,0.6739519607364217,0.9301209413615297,0.5675942933380316,0.71645169268195,0.17589058044268752
2021-11-20 07:50:00,0.31729428172942814,0.1872509960159361,-0.3763216679076695,-0.4176039992858417,0.03817076729790215,0.00022271714922048998,0.5,-0.4280786986158135,0.6739519607364217,0.9333964994482952,0.5675942933380316,0.71645169268195,0.18851939586885344
2021-11-20 08:00:00,0.3458856345885635,0.1394422310756971,-0.3793000744601639,-0.4272451347973576,0.03629494444517152,0.00022271714922048998,0.5,-0.43510699504339745,0.6815667500941072,0.9366719941279988,0.5394940972787737,0.7328696919238827,0.2155197127208534
2021-11-20 08:10:00,0.35564853556485354,0.2589641434262948,-0.3843633655994044,-0.42795929298339586,0.03441912813600138,0.00022271714922048998,0.5,-0.43510699504339745,0.6815667500941072,0.9399475522147643,0.5394940972787737,0.7328696919238827,0.22909908414683827
2021-11-20 08:20:00,0.3403068340306834,0.3227091633466135,-0.38495904690990335,-0.4318871630066059,0.032543298739710264,0.00033407572383073496,0.5,-0.43510699504339745,0.6815667500941072,0.9432230342130556,0.5394940972787737,0.7328696919238827,0.202702294913771
2021-11-20 08:30:00,0.27405857740585776,0.4501992031872508,-0.38495904690990335,-0.43938582396000714,0.03066748243054012,0.00022271714922048998,0.5,-0.43510699504339745,0.6815667500941072,0.9464986430254706,0.5394940972787737,0.7328696919238827,0.14053895016370688
2021-11-20 08:40:00,0.23640167364016737,0.3306772908366533,-0.38495904690990335,-0.4429566148901982,0.02879165303424901,0.00022271714922048998,0.5,-0.43510699504339745,0.6815667500941072,0.9497741250237618,0.5394940972787737,0.7328696919238827,0.11655627140637023
2021-11-20 08:50:00,0.32217573221757323,-0.4422310756972112,-0.38495904690990335,-0.4347437957507587,0.026915836725078867,0.00022271714922048998,0.5,-0.43510699504339745,0.6815667500941072,0.9530496831105273,0.5394940972787737,0.7328696919238827,0.20571238891319765
2021-11-20 09:00:00,0.3235704323570432,-0.3466135458167332,-0.38495904690990335,-0.43295840028566324,0.02504001387234824,0.00033407572383073496,0.5,-0.43904609497025404,0.6944946509696658,0.956325177790231,0.5260966101760748,0.7550090470907115,0.1997902741524209
2021-11-20 09:10:00,0.4198047419804742,0.019920318725099362,-0.3867460908413999,-0.43117300482056775,0.023164204106738563,0.00022271714922048998,0.5,-0.43904609497025404,0.6944946509696658,0.9596007358769965,0.5260966101760748,0.7550090470907115,0.3653907086923065
2021-11-20 09:20:00,0.3591352859135286,0.07569721115537842,-0.3879374534623977,-0.43117300482056775,0.02128837471044745,0.00022271714922048998,0.5,-0.43904609497025404,0.6944946509696658,0.9628762305567001,0.5260966101760748,0.7550090470907115,0.28767898365948974
2021-11-20 09:30:00,0.3891213389121339,-0.26693227091633476,-0.38912881608339545,-0.42974468844849134,0.019412545314156357,0.00022271714922048998,0.5,-0.43904609497025404,0.6944946509696658,0.9661517886434656,0.5260966101760748,0.7550090470907115,0.31427946346394675
2021-11-20 09:40:00,0.401673640167364,0.2111553784860556,-0.3879374534623977,-0.42760221389037667,0.017536729004986196,0.00033407572383073496,0.5,-0.43904609497025404,0.6944946509696658,0.9694272706417568,0.5260966101760748,0.7550090470907115,0.3536822728850129
2021-11-20 09:50:00,0.496513249651325,0.3067729083665336,-0.38585256887565167,-0.4272451347973576,0.01566092578293704,0.00022271714922048998,0.5,-0.43904609497025404,0.6944946509696658,0.9727028794541718,0.5260966101760748,0.7550090470907115,0.5200597492342743
2021-11-20 10:00:00,0.47698744769874474,0.12350597609561742,-0.38495904690990335,-0.418675236564899,0.01378509638664591,0.00022271714922048998,0.5,-0.41044231866675696,0.7197958661751079,0.9759783614524631,0.5314896346289707,0.7643389724893795,0.48823875552604973
2021-11-20 10:10:00,0.3772663877266388,-0.0916334661354582,-0.38495904690990335,-0.41688984109980365,0.01190928007747575,0.00033407572383073496,0.5,-0.41044231866675696,0.7197958661751079,0.9759783614524631,0.5314896346289707,0.7643389724893795,0.2736846869954886
2021-11-20 10:20:00,0.22175732217573224,-0.17131474103585675,-0.38495904690990335,-0.4208177111230138,0.010033463768305623,0.00033407572383073496,0.5,-0.41044231866675696,0.7197958661751079,0.9759783614524631,0.5314896346289707,0.7643389724893795,0.09701706474342532
2021-11-20 10:30:00,0.22594142259414227,-0.29083665338645437,-0.38495904690990335,-0.4301017675415104,0.008157634372014494,0.00033407572383073496,0.5,-0.41044231866675696,0.7197958661751079,0.9759783614524631,0.5314896346289707,0.7643389724893795,0.09601370007694977
2021-11-20 10:40:00,0.22594142259414227,0.7131474103585655,-0.38078927773641114,-0.43117300482056775,0.006281818062844369,0.00033407572383073496,0.5,-0.41044231866675696,0.7197958661751079,0.9759783614524631,0.5314896346289707,0.7643389724893795,0.10528539312280279
2021-11-20 10:50:00,0.29707112970711297,0.43426294820717115,-0.3763216679076695,-0.43438671665773965,0.004405988666553239,0.00033407572383073496,0.5,-0.41044231866675696,0.7197958661751079,0.9759783614524631,0.5314896346289707,0.7643389724893795,0.16563061092083228
2021-11-20 11:00:00,0.2635983263598326,0.3784860557768923,-0.37274758004467623,-0.4322442420996251,0.002530172357383115,0.00033407572383073496,0.5,-0.39580554882008445,0.7132701353708406,0.803330062797086,0.5418826794896888,0.7775983496583494,0.13587669930745208
2021-11-20 11:10:00,0.24476987447698745,0.31474103585657365,-0.3682799702159346,-0.43117300482056775,0.0006543560482129536,0.00033407572383073496,0.5,-0.39580554882008445,0.7132701353708406,0.803330062797086,0.5418826794896888,0.7775983496583494,0.10434238121822051
2021-11-20 11:20:00,0.2838214783821479,0.12350597609561742,-0.3611317944899479,-0.4268880557043385,0.0006543560482129536,0.00033407572383073496,0.5,-0.39580554882008445,0.7132701353708406,0.803330062797086,0.5418826794896888,0.7775983496583494,0.1527000316852
2021-11-20 11:30:00,0.33054393305439334,0.38645418326693215,-0.35815338793745355,-0.41974647384395647,0.0006543560482129536,0.00044543429844097997,0.5,-0.39580554882008445,0.7132701353708406,0.803330062797086,0.5418826794896888,0.7775983496583494,0.19767792748615656
2021-11-20 11:40:00,0.23570432357043236,0.05976095617529875,-0.35815338793745355,-0.4204606320299946,0.00965829527162319,0.00033407572383073496,0.5,-0.39580554882008445,0.7132701353708406,0.803330062797086,0.5418826794896888,0.7775983496583494,0.10066086274273127
2021-11-20 11:50:00,0.20013947001394702,-0.21912350597609564,-0.3569620253164557,-0.4204606320299946,0.0038083522005993857,0.00022271714922048998,0.5,-0.39580554882008445,0.7132701353708406,0.803330062797086,0.5418826794896888,0.7775983496583494,0.07759101950903027
2021-11-20 12:00:00,0.1903765690376569,-0.49800796812749004,-0.3527922561429636,-0.4204606320299946,0.0006543560482129536,0.00044543429844097997,0.5,-0.373551166807806,0.7153103242176184,0.6548723191018719,0.6013025314532217,0.7659327839928414,0.06815335636797079
2021-11-20 12:10:00,0.18688981868898188,-0.23505976095617542,-0.35011169024571853,-0.4193893947509374,0.0006985774299511987,0.00022271714922048998,0.5,-0.373551166807806,0.7153103242176184,0.6548723191018719,0.6013025314532217,0.7659327839928414,0.057908475036588865
2021-11-20 12:20:00,0.21199442119944212,-0.043824701195219196,-0.3453462397617276,-0.414747366541689,0.0007427857245684754,0.0012249443207126948,0.5,-0.373551166807806,0.7153103242176184,0.6548723191018719,0.6013025314532217,0.7659327839928414,0.08297750350800429
2021-11-20 12:30:00,0.25662482566248257,0.05976095617529875,-0.3364110201042444,-0.4076057846813069,0.0007870201934276515,0.0034521158129175947,0.5,-0.373551166807806,0.7153103242176184,0.6548723191018719,0.6013025314532217,0.7659327839928414,0.12169380026253451
2021-11-20 12:40:00,0.3633193863319386,0.07569721115537842,-0.32777364110201046,-0.3965363327977147,0.000831254662286865,0.049109131403118046,0.5,-0.373551166807806,0.7153103242176184,0.6548723191018719,0.6013025314532217,0.7659327839928414,0.17539267015706808
2021-11-20 12:50:00,0.49790794979079495,-0.059760956175298974,-0.32360387192851836,-0.3854668809141224,0.0008754629569041045,0.09265033407572383,0.5,-0.373551166807806,0.7153103242176184,0.6548723191018719,0.6013025314532217,0.7659327839928414,0.227846764337553
2021-11-20 13:00:00,0.5062761506276151,-0.06772908366533881,-0.31943410275502615,-0.3726120335654347,0.000919697425763318,0.08953229398663697,0.5,-0.3039461374287371,0.7055001767205854,0.5186645661175235,0.7327720762795549,0.7574005701744004,0.26238363233097456
2021-11-20 13:10:00,0.5132496513249651,0.027888446215139417,-0.3173492181682801,-0.3615425816818424,0.0009639318946224942,0.07873051224944322,0.5,-0.3039461374287371,0.7055001767205854,0.5186645661175235,0.7327720762795549,0.7574005701744004,0.30754258641761095
2021-11-20 13:20:00,0.5278940027894004,-0.043824701195219196,-0.31556217423678345,-0.3522585252633458,0.0010081663634817076,0.07360801781737195,0.5,-0.3039461374287371,0.7055001767205854,0.5186645661175235,0.7327720762795549,0.7574005701744004,0.3469982045053337
2021-11-20 13:30:00,0.5648535564853556,-0.08366533864541836,-0.3104988830975429,-0.34654525977504014,0.0010523746580989842,0.06826280623608018,0.5,-0.3039461374287371,0.7055001767205854,0.5186645661175235,0.7327720762795549,0.7574005701744004,0.41835780134888423
2021-11-20 13:40:00,0.5404463040446305,0.03585657370517925,-0.3087118391660463,-0.3440457061239065,0.0010966091269581605,0.019487750556792874,0.5,-0.3039461374287371,0.7055001767205854,0.5186645661175235,0.7327720762795549,0.7574005701744004,0.5916079484587414
2021-11-20 13:50:00,0.5467224546722455,0.01195219123505975,-0.30275502606105753,-0.335832886984467,0.001140843595817374,0.00623608017817372,0.5,-0.3039461374287371,0.7055001767205854,0.5186645661175235,0.7327720762795549,0.7574005701744004,0.6528282813042232
2021-11-20 14:00:00,0.5878661087866108,0.05976095617529875,-0.2979895755770663,-0.3294054633101231,0.0011850518904346506,0.03930957683741648,0.5,-0.2935884355499909,0.6996612137112186,0.5130711755681939,0.8376600371575842,0.7662889432379579,0.6339755873078142
2021-11-20 14:10:00,0.590655509065551,-0.298804780876494,-0.2950111690245719,-0.3233351187287984,0.001229286359293827,0.029732739420935413,0.5,-0.2935884355499909,0.6996612137112186,0.5130711755681939,0.8376600371575842,0.7662889432379579,0.6181254432155951
2021-11-20 14:20:00,0.50697350069735,0.06772908366533859,-0.28756515264333593,-0.31619353686841634,0.001273507741032072,0.00512249443207127,0.5,-0.2935884355499909,0.6996612137112186,0.5130711755681939,0.8376600371575842,0.7662889432379579,0.540753202468428
2021-11-20 14:30:00,0.5794979079497908,-0.06772908366533881,-0.27594936708860773,-0.30976611319407255,0.0013177291227702797,0.009688195991091315,0.5,-0.2935884355499909,0.6996612137112186,0.5130711755681939,0.8376600371575842,0.7662889432379579,0.7301099929085505
2021-11-20 14:40:00,0.7112970711297071,0.027888446215139417,-0.2628443782576322,-0.3004820567755758,0.0013619635916294933,0.02928730512249443,0.5,-0.2935884355499909,0.6996612137112186,0.5130711755681939,0.8376600371575842,0.7662889432379579,0.9517705991520437
2021-11-20 14:50:00,0.602510460251046,-0.08366533864541836,-0.2548026805658973,-0.28869844670594524,0.0014061980604886694,0.0477728285077951,0.5,-0.2935884355499909,0.6996612137112186,0.5130711755681939,0.8376600371575842,0.7662889432379579,0.5951159527437875
2021-11-20 15:00:00,0.5892608089260809,0.12350597609561742,-0.2470588235294119,-0.27941439028744863,0.0014504063551059462,0.09342984409799555,0.5,-0.28987530280436125,0.6864258477559367,0.5203984956294146,0.8792323974166726,0.7772894241894711,0.3358480317455528
2021-11-20 15:10:00,0.6666666666666667,-0.043824701195219196,-0.24288905435591968,-0.28262810212462053,0.0014946408239651595,0.10623608017817371,0.5,-0.28987530280436125,0.6864258477559367,0.5203984956294146,0.8792323974166726,0.7772894241894711,0.40931243116013094
2021-11-20 15:20:00,0.7447698744769874,0.05179282868525892,-0.23425167535368596,-0.27905731119442967,0.0015388752928243358,0.10701559020044543,0.5,-0.28987530280436125,0.6864258477559367,0.5203984956294146,0.8792323974166726,0.7772894241894711,0.5016823332377748
2021-11-20 15:30:00,0.8138075313807531,-0.08366533864541836,-0.22561429635145203,-0.2687020174968755,0.0015830835874416126,0.10935412026726059,0.5,-0.28987530280436125,0.6864258477559367,0.5203984956294146,0.8792323974166726,0.7772894241894711,0.6028033857899422
2021-11-20 15:40:00,0.7384937238493724,-0.14741035856573714,-0.2241250930752049,-0.26334583110158893,0.0016273180563007887,0.09955456570155902,0.5,-0.28987530280436125,0.6864258477559367,0.5203984956294146,0.8792323974166726,0.7772894241894711,0.5498815577047844
2021-11-20 15:50:00,0.7405857740585774,-0.03585657370517936,-0.22263588979895765,-0.2619175147295125,0.0016715525251600023,0.09097995545657016,0.5,-0.28987530280436125,0.6864258477559367,0.5203984956294146,0.8792323974166726,0.7772894241894711,0.5726420930337824
2021-11-20 16:00:00,0.7754532775453277,0.003984063745019917,-0.22174236783320933,-0.2590608819853597,0.0017157739068982473,0.13819599109131403,0.5,-0.266782190650929,0.6976382658969523,0.4350004698463279,0.8541127758589078,0.7884897781173494,0.41643405706353637
2021-11-20 16:10:00,0.7608089260808927,-0.003984063745020028,-0.21935964259121388,-0.26334583110158893,0.001759995288636455,0.08919821826280623,0.5,-0.266782190650929,0.6976382658969523,0.4350004698463279,0.8541127758589078,0.7884897781173494,0.7263530334806947
2021-11-20 16:20:00,0.8019525801952581,0.043824701195219085,-0.21340282948622502,-0.26013211926441704,0.0018042166703747002,0.09532293986636972,0.5,-0.266782190650929,0.6976382658969523,0.4350004698463279,0.8541127758589078,0.7884897781173494,0.7698975511866862
2021-11-20 16:30:00,0.7712691771269178,-0.019920318725099695,-0.2125093075204767,-0.25370469559007325,0.0018484511392338765,0.07783964365256126,0.5,-0.266782190650929,0.6976382658969523,0.4350004698463279,0.8541127758589078,0.7884897781173494,0.8118804411786895
2021-11-20 16:40:00,0.6750348675034867,0.01195219123505975,-0.21429635145197334,-0.2526334583110159,0.001892659433851153,0.04020044543429844,0.5,-0.266782190650929,0.6976382658969523,0.4350004698463279,0.8541127758589078,0.7884897781173494,0.8312461336511912
2021-11-20 16:50:00,0.6206415620641562,-0.2509960159362551,-0.2241250930752049,-0.2526334583110159,0.0019368939027103666,0.04064587973273942,0.5,-0.266782190650929,0.6976382658969523,0.4350004698463279,0.8541127758589078,0.7884897781173494,0.7184845421488602
2021-11-20 17:00:00,0.7071129707112971,0.09960159362549792,-0.23097542814594196,-0.25656132833422596,0.0028529923702084866,0.06670378619153676,0.5,-0.2805680231256982,0.7069800320108509,0.44309907340724314,0.7874820907392162,0.8015101896245024,0.8086515684173998
2021-11-20 17:10:00,0.6764295676429567,-0.10756972111553798,-0.23693224125093093,-0.2637029101946081,0.002093939354281444,0.04131403118040089,0.5,-0.2805680231256982,0.7069800320108509,0.44309907340724314,0.7874820907392162,0.8015101896245024,0.8445161971724732
2021-11-20 17:20:00,0.704323570432357,-0.059760956175298974,-0.24199553239017135,-0.2683449384038563,0.002146287838138507,0.02071269487750557,0.5,-0.2805680231256982,0.7069800320108509,0.44309907340724314,0.7874820907392162,0.8015101896245024,0.5147751105209952
2021-11-20 17:30:00,0.7559274755927475,0.585657370517928,-0.23484735666418477,-0.2654883056597036,0.019096713823925887,0.8040089086859689,0.5,-0.2805680231256982,0.7069800320108509,0.44309907340724314,0.7874820907392162,0.8015101896245024,0.18503402386951734
2021-11-20 17:40:00,0.7182705718270572,0.9601593625498008,-0.20774385703648557,-0.23942153186930903,0.0360471659839552,0.9955456570155903,0.5,-0.2805680231256982,0.7069800320108509,0.44309907340724314,0.7874820907392162,0.8015101896245024,0.0
2021-11-20 17:50:00,0.7350069735006973,0.7723392145702899,-0.193149664929263,-0.22513836814854493,0.05299759851330307,0.9955456570155903,0.5,-0.2805680231256982,0.7069800320108509,0.44309907340724314,0.7874820907392162,0.8015101896245024,0.0
2021-11-20 18:00:00,0.7447698744769874,0.5845190665907798,-0.19553239017125845,-0.2365648991251561,0.0699480441297719,0.9955456570155903,0.5,-0.39947188718117377,0.731378966515043,0.6203360143107203,0.6168673721267862,0.8170434728170933,0.0
2021-11-20 18:10:00,0.7064156206415622,0.39669891861126905,-0.21370067014147442,-0.2594179610783788,0.08689848320268025,0.9955456570155903,0.5,-0.39947188718117377,0.731378966515043,0.6203360143107203,0.6168673721267862,0.8170434728170933,0.0
2021-11-20 18:20:00,0.8291492329149234,0.20887877063175853,-0.2131049888309755,-0.24263524370648093,0.30784834644226616,0.9955456570155903,0.5,-0.39947188718117377,0.731378966515043,0.6203360143107203,0.6168673721267862,0.8170434728170933,0.0
2021-11-20 18:30:00,0.8451882845188284,0.021058622652248005,-0.23306031273268812,-0.26334583110158893,0.3761500307547343,0.9955456570155903,0.5,-0.39947188718117377,0.731378966515043,0.6203360143107203,0.6168673721267862,0.8170434728170933,0.0
2021-11-20 18:40:00,0.8354253835425384,-0.1667615253272624,-0.2363365599404319,-0.27441528298518114,0.43001662064362467,0.5802895322939866,0.5,-0.39947188718117377,0.731378966515043,0.6203360143107203,0.6168673721267862,0.8170434728170933,0.4351585014409222
2021-11-20 18:50:00,0.8319386331938633,-0.3545816733067729,-0.2580789277736413,-0.2512051419389395,0.45441101412100354,0.06035634743875278,0.5,-0.39947188718117377,0.731378966515043,0.6203360143107203,0.6168673721267862,0.8170434728170933,0.5081038671032183
2021-11-20 19:00:00,0.8131101813110182,0.11553784860557759,-0.28786299329858545,-0.26620246384574175,0.44798523772755233,0.05111358574610245,0.5,-0.41666243638315104,0.7589071484194309,0.6553154076497069,0.5440122153490168,0.8409015495732141,0.5810492629418954
2021-11-20 19:10:00,0.7866108786610878,0.003984063745019917,-0.2988830975428147,-0.26334583110158893,0.4484301998403371,0.03897550111358575,0.5,-0.41666243638315104,0.7589071484194309,0.6553154076497069,0.5440122153490168,0.8409015495732141,0.6539945984278105
2021-11-20 19:20:00,0.7405857740585774,0.05179282868525892,-0.3060312732688013,-0.26298875200856986,0.4502623967753334,0.016258351893095768,0.5,-0.41666243638315104,0.7589071484194309,0.6553154076497069,0.5440122153490168,0.8409015495732141,0.7269399640901066
2021-11-20 19:30:00,0.592747559274756,-0.11553784860557781,-0.3182427401340283,-0.25656132833422596,0.4544241012419678,0.0012249443207126948,0.5,-0.41666243638315104,0.7589071484194309,0.6553154076497069,0.5440122153490168,0.8409015495732141,0.7998853297524028
2021-11-20 19:40:00,0.5076708507670851,0.41035856573705165,-0.3292628443782577,-0.2590608819853597,0.45450262396775337,0.00011135857461024499,0.5,-0.41666243638315104,0.7589071484194309,0.6553154076497069,0.5440122153490168,0.8409015495732141,0.6020414321710397
2021-11-20 19:50:00,0.4463040446304045,0.33864541832669315,-0.3370067014147432,-0.2683449384038563,0.45450262396775337,0.000556792873051225,0.5,-0.41666243638315104,0.7589071484194309,0.6553154076497069,0.5440122153490168,0.8409015495732141,0.44527513315328093
2021-11-20 20:00:00,0.4804741980474198,-0.24302788844621515,-0.34594192107222654,-0.27620067845027674,0.45450262396775337,0.00022271714922048998,0.5,-0.43102537736519264,0.7768952923360737,0.6742512925846583,0.4950308292796147,0.8695539513169401,0.5014937308568583
2021-11-20 20:10:00,0.5634588563458857,-0.07569721115537853,-0.3492181682799703,-0.2851276557757543,0.4492023399772284,0.00022271714922048998,0.5,-0.43102537736519264,0.7768952923360737,0.6742512925846583,0.4950308292796147,0.8695539513169401,0.6603799206361182
2021-11-20 20:20:00,0.46443514644351463,0.003984063745019917,-0.35428145941921074,-0.2897696839850026,0.440996715132638,0.00033407572383073496,0.5,-0.43102537736519264,0.7768952923360737,0.6742512925846583,0.4950308292796147,0.8695539513169401,0.4964618193340073
2021-11-20 20:30:00,0.5146443514644351,-0.2589641434262948,-0.35338793745346253,-0.29476879128727007,0.4613471882320608,0.00011135857461024499,0.5,-0.43102537736519264,0.7768952923360737,0.6742512925846583,0.4950308292796147,0.8695539513169401,0.5705599227484648
2021-11-20 20:40:00,0.48326359832635984,-0.06772908366533881,-0.3593447505584514,-0.2961971076593465,0.46137336247398936,0.00022271714922048998,0.5,-0.43102537736519264,0.7768952923360737,0.6742512925846583,0.4950308292796147,0.8695539513169401,0.4849193536219201
2021-11-20 20:50:00,0.5355648535564853,0.019920318725099362,-0.35845122859270295,-0.30298161042670946,0.46137336247398936,0.00022271714922048998,0.5,-0.43102537736519264,0.7768952923360737,0.6742512925846583,0.4950308292796147,0.8695539513169401,0.6098118502647978
2021-11-20 21:00:00,0.5467224546722455,0.09163346613545809,-0.3611317944899479,-0.30619532226388146,0.46137336247398936,0.00022271714922048998,0.5,-0.44708512342144,0.7874209426821888,0.6977233187205419,0.42785554379951,0.8838744278888255,0.6157565973112845
2021-11-20 21:10:00,0.5613668061366807,0.3067729083665336,-0.35904690990320187,-0.3069094804499196,0.46137336247398936,0.00022271714922048998,0.5,-0.44708512342144,0.7874209426821888,0.6977233187205419,0.42785554379951,0.8838744278888255,0.6602214946361483
2021-11-20 21:20:00,0.5306834030683404,0.08366533864541825,-0.35874906924795247,-0.3069094804499196,0.46137336247398936,0.00022271714922048998,0.5,-0.44708512342144,0.7874209426821888,0.6977233187205419,0.42785554379951,0.8838744278888255,0.5902575554113795
2021-11-20 21:30:00,0.49023709902370993,0.14741035856573692,-0.36142963514519744,-0.30655240135690043,0.46137336247398936,0.00033407572383073496,0.5,-0.44708512342144,0.7874209426821888,0.6977233187205419,0.42785554379951,0.8838744278888255,0.48450442838390395
2021-11-20 21:40:00,0.5146443514644351,0.19521912350597592,-0.3641102010424424,-0.31297982503124433,0.46738035099658426,0.00022271714922048998,0.5,-0.44708512342144,0.7874209426821888,0.6977233187205419,0.42785554379951,0.8838744278888255,0.5085248276174239
2021-11-20 21:50:00,0.4470013947001395,-0.2589641434262948,-0.3641102010424424,-0.3133369041242635,0.46707934721440625,0.00033407572383073496,0.5,-0.44708512342144,0.7874209426821888,0.6977233187205419,0.42785554379951,0.8838744278888255,0.39825278754318993
2021-11-20 22:00:00,0.3716875871687587,-0.07569721115537853,-0.3516008935219658,-0.2986966613104802,0.4612817526272396,0.00033407572383073496,0.5,-0.5174922278963239,0.7994235748131528,0.7134548643805377,0.36447210093639537,0.8967049728644326,0.2883202317546057
2021-11-20 22:10:00,0.26569037656903766,-0.5458167330677292,-0.36291883842144457,-0.31476522049634004,0.45106071115415314,0.00022271714922048998,0.5,-0.5174922278963239,0.7994235748131528,0.7134548643805377,0.36447210093639537,0.8967049728644326,0.12178432940537443
2021-11-20 22:20:00,0.15202231520223153,-0.3944223107569722,-0.378704393149665,-0.3361899660774862,0.4444517150672024,0.00033407572383073496,0.5,-0.5174922278963239,0.7994235748131528,0.7134548643805377,0.36447210093639537,0.8967049728644326,0.04930820646679844
2021-11-20 22:30:00,0.24198047419804744,0.5537848605577689,-0.3873417721518988,-0.34940189251919307,0.4425671696483491,0.00044543429844097997,0.5,-0.5174922278963239,0.7994235748131528,0.7134548643805377,0.36447210093639537,0.8967049728644326,0.1156057154065513
2021-11-20 22:40:00,0.26778242677824265,0.4820717131474104,-0.39657483246463154,-0.3661846098910908,0.45073353313004666,0.00044543429844097997,0.5,-0.5174922278963239,0.7994235748131528,0.7134548643805377,0.36447210093639537,0.8967049728644326,0.1441148513058829
2021-11-20 22:50:00,0.2315202231520223,0.003984063745019917,-0.40878629932985866,-0.3772540617746831,0.46393843818298414,0.00033407572383073496,0.5,-0.5174922278963239,0.7994235748131528,0.7134548643805377,0.36447210093639537,0.8967049728644326,0.09430119045822835
2021-11-20 23:00:00,0.2880055788005579,0.5298804780876492,-0.41206254653760244,-0.3822531690769505,0.47470913873656934,0.00044543429844097997,0.5,-0.5748483685169516,0.7988143916645352,0.748546361404781,0.3337181556857297,0.9256437432701979,0.14185916683012206
2021-11-20 23:10:00,0.38284518828451886,-0.02788844621513953,-0.4177215189873419,-0.384038564542046,0.48876470665218363,0.00044543429844097997,0.5,-0.5748483685169516,0.7988143916645352,0.748546361404781,0.3337181556857297,0.9256437432701979,0.2198424792914586
2021-11-20 23:20:00,0.3702928870292887,-0.3466135458167332,-0.4102755026061059,-0.3711837171933583,0.4916438732643206,0.00044543429844097997,0.5,-0.5748483685169516,0.7988143916645352,0.748546361404781,0.3337181556857297,0.9256437432701979,0.21069903586462876
2021-11-20 23:30:00,0.3138075313807531,-0.2589641434262948,-0.4153387937453463,-0.37868237814675954,0.4916438732643206,0.00044543429844097997,0.5,-0.5748483685169516,0.7988143916645352,0.748546361404781,0.3337181556857297,0.9256437432701979,0.17076813977699656
2021-11-20 23:40:00,0.16596931659693165,0.19521912350597592,-0.4174236783320924,-0.3858239600071416,0.49630288832759684,0.00033407572383073496,0.5,-0.5748483685169516,0.7988143916645352,0.748546361404781,0.3337181556857297,0.9256437432701979,0.07203102131961314
2021-11-20 23:50:00,0.1631799163179916,0.43426294820717115,-0.42069992553983626,-0.3886805927512945,0.5056078313331851,0.00022271714922048998,0.5,-0.5748483685169516,0.7988143916645352,0.748546361404781,0.3337181556857297,0.9256437432701979,0.06720280036815185
2021-11-21 00:00:00,0.22873082287308227,0.4422310756972112,-0.42069992553983626,-0.3951080164256383,0.5114446872832445,0.00022271714922048998,0.5,-0.5809504162965864,0.8039895749223459,0.7569084847145231,0.318184777033717,0.9698581751655638,0.12090167026268539
2021-11-21 00:10:00,0.25732217573221755,0.027888446215139417,-0.419210722263589,-0.39903588644884846,0.5207103689259399,0.00033407572383073496,0.5,-0.5809504162965864,0.8039895749223459,0.7569084847145231,0.318184777033717,0.9698581751655638,0.10133983131403052
2021-11-21 00:20:00,0.301255230125523,0.4183266932270917,-0.42010424422933734,-0.39903588644884846,0.5207103689259399,0.00033407572383073496,0.5,-0.5809504162965864,0.8039895749223459,0.7569084847145231,0.318184777033717,0.9698581751655638,0.14236462121097818
2021-11-21 00:30:00,0.2280334728033473,0.027888446215139417,-0.4180193596425913,-0.39760757007677205,0.5207103689259399,0.00033407572383073496,0.5,-0.5809504162965864,0.8039895749223459,0.7569084847145231,0.318184777033717,0.9698581751655638,0.11314634035940069
2021-11-21 00:40:00,0.16875871687587168,-0.6414342629482073,-0.41206254653760244,-0.39903588644884846,0.5207103689259399,0.00022271714922048998,0.5,-0.5809504162965864,0.8039895749223459,0.7569084847145231,0.318184777033717,0.9698581751655638,0.08307557674608085
2021-11-21 00:50:00,0.23709902370990238,-0.38645418326693237,-0.4067014147431125,-0.3968934118907338,0.506720236615147,0.00022271714922048998,0.5,-0.5809504162965864,0.8039895749223459,0.7569084847145231,0.318184777033717,0.9698581751655638,0.11802736997751859
2021-11-21 01:00:00,0.1708507670850767,0.003984063745019917,-0.4064035740878631,-0.3954650955186574,0.5041289866642238,0.00022271714922048998,0.5,-0.616230313755848,0.8029062633797609,0.7777903323760135,0.32827069651106267,0.018110503340038102,0.07013745341521191
2021-11-21 01:10:00,0.25174337517433754,-0.20318725099601598,-0.40521221146686526,-0.3954650955186574,0.5014723011084792,0.00022271714922048998,0.5,-0.616230313755848,0.8029062633797609,0.7777903323760135,0.32827069651106267,0.018110503340038102,0.13123708073690724
2021-11-21 01:20:00,0.2684797768479777,0.027888446215139417,-0.40104244229337316,-0.3936797000535618,0.4901650285953593,0.00033407572383073496,0.5,-0.616230313755848,0.8029062633797609,0.7777903323760135,0.32827069651106267,0.018110503340038102,0.12950948292771247
2021-11-21 01:30:00,0.34797768479776847,0.10756972111553775,-0.3947877885331348,-0.3826102481699697,0.4901650285953593,0.00033407572383073496,0.5,-0.616230313755848,0.8029062633797609,0.7777903323760135,0.32827069651106267,0.018110503340038102,0.2059537999607707
2021-11-21 01:40:00,0.23640167364016737,0.07569721115537842,-0.3938942665673866,-0.3808248527048741,0.4901650285953593,0.00033407572383073496,0.5,-0.616230313755848,0.8029062633797609,0.7777903323760135,0.32827069651106267,0.018110503340038102,0.09547806931514703
2021-11-21 01:50:00,0.18270571827057183,0.09163346613545809,-0.3938942665673866,-0.3883235136582752,0.4901650285953593,0.00033407572383073496,0.5,-0.616230313755848,0.8029062633797609,0.7777903323760135,0.32827069651106267,0.018110503340038102,0.06933023522488949
2021-11-21 02:00:00,0.15620641562064158,0.3227091633466135,-0.3938942665673866,-0.387252276379218,0.49284788839303245,0.00033407572383073496,0.5,-0.6285524792518768,0.8005758504857672,0.7956278801865233,0.335791032783832,0.059696336852401284,0.0671198153205486
2021-11-21 02:10:00,0.1387726638772664,-0.1394422310756973,-0.3938942665673866,-0.3876093554722372,0.5231053120623994,0.00033407572383073496,0.5,-0.6285524792518768,0.8005758504857672,0.7956278801865233,0.335791032783832,0.059696336852401284,0.05449854398961932
2021-11-21 02:20:00,0.11576011157601115,-0.6175298804780878,-0.3938942665673866,-0.3883235136582752,0.5246365052152177,0.00033407572383073496,0.5,-0.6285524792518768,0.8005758504857672,0.7956278801865233,0.335791032783832,0.059696336852401284,0.02547640961419497
2021-11-21 02:30:00,0.07182705718270573,0.5537848605577689,-0.40044676098287424,-0.39582217461167646,0.5084477365824293,0.49721603563474387,0.5,-0.6285524792518768,0.8005758504857672,0.7956278801865233,0.335791032783832,0.059696336852401284,0.0
2021-11-21 02:40:00,0.14086471408647142,0.5438247011952191,-0.40044676098287424,-0.3965363327977147,0.508434649461465,0.9972160356347439,0.5,-0.6285524792518768,0.8005758504857672,0.7956278801865233,0.335791032783832,0.059696336852401284,0.0
2021-11-21 02:50:00,0.13668061366806136,0.5338645418326693,-0.4058078927773642,-0.38475272272808425,0.508434649461465,0.9972160356347439,0.5,-0.6285524792518768,0.8005758504857672,0.7956278801865233,0.335791032783832,0.059696336852401284,0.0
2021-11-21 03:00:00,0.1617852161785216,0.5239043824701195,-0.4138495904690991,-0.3886805927512945,0.508434649461465,0.9972160356347439,0.5,-0.6445063292490252,0.8033602772358045,0.8226088531222335,0.3276571418867487,0.09378806621798746,0.0
2021-11-21 03:10:00,0.14435146443514643,0.5139442231075697,-0.4061057334326137,-0.40082128191394384,0.508434649461465,0.9972160356347439,0.5,-0.6445063292490252,0.8033602772358045,0.8226088531222335,0.3276571418867487,0.09378806621798746,0.0
2021-11-21 03:20:00,0.13598326359832635,0.5039840637450199,-0.4037230081906181,-0.4083199428673451,0.508434649461465,0.9972160356347439,0.5,-0.6445063292490252,0.8033602772358045,0.8226088531222335,0.3276571418867487,0.09378806621798746,0.0
2021-11-21 03:30:00,0.14714086471408647,0.4940239043824701,-0.3956813104988832,-0.41831815747188006,0.508434649461465,0.9972160356347439,0.5,-0.6445063292490252,0.8033602772358045,0.8226088531222335,0.3276571418867487,0.09378806621798746,0.0
2021-11-21 03:40:00,0.18270571827057183,0.48406374501992033,-0.3980640357408788,-0.4272451347973576,0.5172030205075187,0.9972160356347439,0.5,-0.6445063292490252,0.8033602772358045,0.8226088531222335,0.3276571418867487,0.09378806621798746,0.0
2021-11-21 03:50:00,0.2315202231520223,0.47410358565737054,-0.4055100521221148,-0.4172469201928227,0.6185235110128123,0.2888641425389755,0.5,-0.6445063292490252,0.8033602772358045,0.8226088531222335,0.3276571418867487,0.09378806621798746,0.0643209559877484
2021-11-21 04:00:00,0.16387726638772665,-0.2270916334661356,-0.38525688756515275,-0.35725763256561327,0.6203557079478085,0.00022271714922048998,0.5,-0.7039613130844504,0.8036418807667668,0.8434099201869951,0.3459291539026835,0.11248596045649907,0.06084312808364893
2021-11-21 04:10:00,0.14225941422594143,-0.03585657370517936,-0.3682799702159346,-0.318336011426531,0.6203557079478085,0.00022271714922048998,0.5,-0.7039613130844504,0.8036418807667668,0.8434099201869951,0.3459291539026835,0.11248596045649907,0.04220166875386635
2021-11-21 04:20:00,0.13458856345885634,0.5458167330677288,-0.3563663440059569,-0.2861988930548115,0.6203557079478085,0.00022271714922048998,0.5,-0.7039613130844504,0.8036418807667668,0.8434099201869951,0.3459291539026835,0.11248596045649907,0.016951581996771128
2021-11-21 04:30:00,0.201534170153417,0.7768924302788842,-0.3477289650037231,-0.2626316729155508,0.6203557079478085,0.00033407572383073496,0.5,-0.7039613130844504,0.8036418807667668,0.8434099201869951,0.3459291539026835,0.11248596045649907,0.06145419979781824
2021-11-21 04:40:00,0.1924686192468619,0.5219123505976095,-0.33909158600148936,-0.256204249241207,0.6203557079478085,0.00022271714922048998,0.5,-0.7039613130844504,0.8036418807667668,0.8434099201869951,0.3459291539026835,0.11248596045649907,0.0722573441767129
2021-11-21 04:50:00,0.20711297071129708,0.05976095617529875,-0.33492181682799715,-0.2529905374040349,0.6203557079478085,0.00022271714922048998,0.5,-0.7039613130844504,0.8036418807667668,0.8434099201869951,0.3459291539026835,0.11248596045649907,0.09171356579205456
2021-11-21 05:00:00,0.20920502092050208,-0.3466135458167332,-0.3325390915860017,-0.24834850919478657,0.6203557079478085,0.00022271714922048998,0.5,-0.7207254096843364,0.7965529429005749,0.851019401673211,0.36323011051320575,0.12333223278742143,0.09373538331547898
2021-11-21 05:10:00,0.20292887029288703,0.3067729083665336,-0.325390915860015,-0.2447777182645956,0.6284828100666134,0.00033407572383073496,0.5,-0.7207254096843364,0.7965529429005749,0.851019401673211,0.36323011051320575,0.12333223278742143,0.08214010893673522
2021-11-21 05:20:00,0.22594142259414227,-0.17928286852589637,-0.3206254653760239,-0.2415640064274236,0.635379722814778,0.00033407572383073496,0.5,-0.7207254096843364,0.7965529429005749,0.851019401673211,0.36323011051320575,0.12333223278742143,0.10366341264692125
2021-11-21 05:30:00,0.24267782426778242,-0.5139442231075697,-0.3241995532390173,-0.23906445277628985,0.635379722814778,0.00033407572383073496,0.5,-0.7207254096843364,0.7965529429005749,0.851019401673211,0.36323011051320575,0.12333223278742143,0.11814053140606846
2021-11-21 05:40:00,0.29497907949790797,-0.3227091633466136,-0.31913626209977675,-0.23585074093911806,0.635379722814778,0.00033407572383073496,0.5,-0.7207254096843364,0.7965529429005749,0.851019401673211,0.36323011051320575,0.12333223278742143,0.16860298444407562
2021-11-21 05:50:00,0.2503486750348675,-0.1394422310756973,-0.3721518987341773,-0.2811997857525441,0.635379722814778,0.00033407572383073496,0.5,-0.7207254096843364,0.7965529429005749,0.851019401673211,0.36323011051320575,0.12333223278742143,0.11008343769331744
2021-11-21 06:00:00,0.25871687587168757,-0.08366533864541836,-0.4150409530900969,-0.3522585252633458,0.635379722814778,0.00033407572383073496,0.5,-0.7865674100959135,0.784110664440658,0.8274189128301274,0.3949576606779268,0.12824181097888204,0.12461336511912127
2021-11-21 06:10:00,0.28661087866108786,-0.10756972111553798,-0.4329113924050634,-0.3808248527048741,0.635379722814778,0.00022271714922048998,0.5,-0.7865674100959135,0.784110664440658,0.8274189128301274,0.3949576606779268,0.12824181097888204,0.17783695701374533
2021-11-21 06:20:00,0.35146443514644354,-0.3067729083665339,-0.45048399106478043,-0.37689698268166394,0.6245959351402285,0.00022271714922048998,0.5,-0.7865674100959135,0.784110664440658,0.8274189128301274,0.3949576606779268,0.12824181097888204,0.23910255443064712
2021-11-21 06:30:00,0.3598326359832636,0.20318725099601576,-0.4641846612062548,-0.38653811819317974,0.6245697608983,0.00033407572383073496,0.5,-0.7865674100959135,0.784110664440658,0.8274189128301274,0.3949576606779268,0.12824181097888204,0.25121082728548366
2021-11-21 06:40:00,0.37377963737796377,-0.10756972111553798,-0.47818317200297844,-0.3997500446348865,0.6215204617136275,0.00033407572383073496,0.5,-0.7865674100959135,0.784110664440658,0.8274189128301274,0.3949576606779268,0.12824181097888204,0.26406596556874934
2021-11-21 06:50:00,0.4191073919107392,-0.15537848605577698,-0.48920327624720783,-0.4001071237279057,0.6154611247071756,0.00033407572383073496,0.5,-0.7865674100959135,0.784110664440658,0.8274189128301274,0.3949576606779268,0.12824181097888204,0.3633538029784088
2021-11-21 07:00:00,0.4393305439330544,0.3067729083665336,-0.496053611317945,-0.41224781289055523,0.6102393634424362,0.00022271714922048998,0.5,-0.7660057307278345,0.7852830546512003,0.7521438244628756,0.42392717589876894,0.1532158318253668,0.4105194863979963
2021-11-21 07:10:00,0.4072524407252441,0.2669322709163344,-0.5011169024571854,-0.41688984109980365,0.6138644959495362,0.00022271714922048998,0.5,-0.7660057307278345,0.7852830546512003,0.7521438244628756,0.42392717589876894,0.1532158318253668,0.3428036875537517
2021-11-21 07:20:00,0.3647140864714087,-0.20318725099601598,-0.5052866716306776,-0.41224781289055523,0.618562772375705,0.00033407572383073496,0.5,-0.7660057307278345,0.7852830546512003,0.7521438244628756,0.42392717589876894,0.1532158318253668,0.2612520180454758
2021-11-21 07:30:00,0.37447698744769875,-0.2828685258964144,-0.5076693968726732,-0.41546152472772724,0.6215073745926634,0.00033407572383073496,0.5,-0.7660057307278345,0.7852830546512003,0.7521438244628756,0.42392717589876894,0.1532158318253668,0.2606560345217798
2021-11-21 07:40:00,0.4170153417015342,-0.33067729083665354,-0.5127326880119136,-0.4179610783788609,0.6179215034484563,0.00022271714922048998,0.5,-0.7660057307278345,0.7852830546512003,0.7521438244628756,0.42392717589876894,0.1532158318253668,0.3403971211732577
2021-11-21 07:50:00,0.4302649930264993,0.2350597609561753,-0.5130305286671633,-0.42188894840207114,0.6147544201751057,0.00022271714922048998,0.5,-0.7660057307278345,0.7852830546512003,0.7521438244628756,0.42392717589876894,0.1532158318253668,0.3800790621180802
2021-11-21 08:00:00,0.4295676429567643,-0.10756972111553798,-0.5130305286671633,-0.4251026602392429,0.6215204617136275,0.00022271714922048998,0.5,-0.735351973485628,0.7829698827897139,0.6733869275182465,0.4558150648428639,0.17929259923655178,0.3903541198304087
2021-11-21 08:10:00,0.4386331938633194,-0.4183266932270917,-0.5130305286671633,-0.42296018568112836,0.6215204617136275,0.00022271714922048998,0.5,-0.735351973485628,0.7829698827897139,0.6733869275182465,0.4558150648428639,0.17929259923655178,0.39071623640176834
2021-11-21 08:20:00,0.4665271966527197,-0.17131474103585675,-0.5139240506329115,-0.4251026602392429,0.6156705186426039,0.00022271714922048998,0.5,-0.735351973485628,0.7829698827897139,0.6733869275182465,0.4558150648428639,0.17929259923655178,0.45834905019840966
2021-11-21 08:30:00,0.46164574616457466,0.3227091633466135,-0.5160089352196575,-0.4301017675415104,0.6119799505306828,0.00022271714922048998,0.5,-0.735351973485628,0.7829698827897139,0.6733869275182465,0.4558150648428639,0.17929259923655178,0.4515140999139973
2021-11-21 08:40:00,0.4546722454672245,-0.33067729083665354,-0.518987341772152,-0.42795929298339586,0.6215204617136275,0.00033407572383073496,0.5,-0.735351973485628,0.7829698827897139,0.6733869275182465,0.4558150648428639,0.17929259923655178,0.4374896268690496
2021-11-21 08:50:00,0.4379358437935844,-0.3944223107569722,-0.5160089352196575,-0.42296018568112836,0.6215204617136275,0.00033407572383073496,0.5,-0.735351973485628,0.7829698827897139,0.6733869275182465,0.4558150648428639,0.17929259923655178,0.4004405751618208
2021-11-21 09:00:00,0.4379358437935844,-0.06772908366533881,-0.5139240506329115,-0.4240314229601856,0.6111423747889702,0.00033407572383073496,0.5,-0.6880176357795935,0.7924524506690956,0.6482115340742575,0.4947294900151483,0.18627923122064155,0.3987582419240461
2021-11-21 09:10:00,0.4679218967921897,-0.36254980079681276,-0.5076693968726732,-0.42296018568112836,0.6103440604101503,0.00033407572383073496,0.5,-0.6880176357795935,0.7924524506690956,0.6482115340742575,0.4947294900151483,0.18627923122064155,0.4295985032515051
2021-11-21 09:20:00,0.42398884239888424,-0.1394422310756973,-0.5011169024571854,-0.4204606320299946,0.6103440604101503,0.00022271714922048998,0.5,-0.6880176357795935,0.7924524506690956,0.6482115340742575,0.4947294900151483,0.18627923122064155,0.36928346183442223
2021-11-21 09:30:00,0.4288702928870293,-0.21912350597609564,-0.4954579300074461,-0.4193893947509374,0.6091007839185457,0.00022271714922048998,0.5,-0.6880176357795935,0.7924524506690956,0.6482115340742575,0.4947294900151483,0.18627923122064155,0.36791798059658704
2021-11-21 09:40:00,0.4093444909344491,0.09163346613545809,-0.4909903201787045,-0.4179610783788609,0.599062962138959,0.00022271714922048998,0.5,-0.6880176357795935,0.7924524506690956,0.6482115340742575,0.4947294900151483,0.18627923122064155,0.3260708843188437
2021-11-21 09:50:00,0.39121338912133896,0.29083665338645415,-0.48235294117647065,-0.4236743438671665,0.5994948371307797,0.00022271714922048998,0.5,-0.6880176357795935,0.7924524506690956,0.6482115340742575,0.4947294900151483,0.18627923122064155,0.28364289270787757
2021-11-21 10:00:00,0.35704323570432356,-0.003984063745020028,-0.4769918093819807,-0.4226031065881092,0.6102393634424362,0.00022271714922048998,0.5,-0.518051025557472,0.7968891430344798,0.47606795563078175,0.49690862376247424,0.20519604655393595,0.2599846100457172
2021-11-21 10:10:00,0.3451882845188285,-0.31474103585657376,-0.473119880863738,-0.4208177111230138,0.6102393634424362,0.00022271714922048998,0.5,-0.518051025557472,0.7968891430344798,0.47606795563078175,0.49690862376247424,0.20519604655393595,0.24271617604900647
2021-11-21 10:20:00,0.3312412831241283,-0.1633466135458168,-0.46746090841399857,-0.42010355293697543,0.6102393634424362,0.00022271714922048998,0.5,-0.518051025557472,0.7968891430344798,0.47606795563078175,0.49690862376247424,0.20519604655393595,0.21531602214946363
2021-11-21 10:30:00,0.3702928870292887,-0.08366533864541836,-0.457632166790767,-0.418675236564899,0.6103309732891862,0.00022271714922048998,0.5,-0.518051025557472,0.7968891430344798,0.47606795563078175,0.49690862376247424,0.20519604655393595,0.27307361528131935
2021-11-21 10:40:00,0.398884239888424,0.298804780876494,-0.44780342516753546,-0.41688984109980365,0.6103440604101503,0.002561247216035635,0.5,-0.518051025557472,0.7968891430344798,0.47606795563078175,0.49690862376247424,0.20519604655393595,0.3247883881286117
2021-11-21 10:50:00,0.42398884239888424,-0.10756972111553798,-0.44005956813105007,-0.4111765756114979,0.6201332268914161,0.014587973273942095,0.5,-0.518051025557472,0.7968891430344798,0.47606795563078175,0.49690862376247424,0.20519604655393595,0.3594610498362932
2021-11-21 11:00:00,0.4198047419804742,-0.2749003984063746,-0.4349962769918094,-0.40260667737903943,0.6212063708104854,0.01915367483296214,0.5,-0.49675747934693326,0.8031878669107231,0.47965425904600023,0.5689921473392536,0.2306873459401624,0.3339620079363882
2021-11-21 11:10:00,0.4191073919107392,0.09960159362549792,-0.4254653760238273,-0.3986788073558293,0.613458795199644,0.005456570155902005,0.5,-0.49675747934693326,0.8031878669107231,0.47965425904600023,0.5689921473392536,0.2306873459401624,0.3552514446942378
2021-11-21 11:20:00,0.41143654114365413,-0.08366533864541836,-0.4138495904690991,-0.39475093733261923,0.6192040413029537,0.00022271714922048998,0.5,-0.49675747934693326,0.8031878669107231,0.47965425904600023,0.5689921473392536,0.2306873459401624,0.352995760218477
2021-11-21 11:30:00,0.43584379358437936,0.01195219123505975,-0.4037230081906181,-0.3858239600071416,0.6108021096438995,0.00022271714922048998,0.5,-0.49675747934693326,0.8031878669107231,0.47965425904600023,0.5689921473392536,0.2306873459401624,0.405095281922839
2021-11-21 11:40:00,0.42747559274755925,0.11553784860557759,-0.39300074460163825,-0.38439564363506507,0.6124118255225034,0.00022271714922048998,0.5,-0.49675747934693326,0.8031878669107231,0.47965425904600023,0.5689921473392536,0.2306873459401624,0.3815577047844652
2021-11-21 11:50:00,0.40097629009762903,-0.03585657370517936,-0.3831720029784067,-0.3758257454026066,0.6145057648767847,0.00022271714922048998,0.5,-0.49675747934693326,0.8031878669107231,0.47965425904600023,0.5689921473392536,0.2306873459401624,0.3322268660319568
2021-11-21 12:00:00,0.41841004184100417,-0.17131474103585675,-0.37364110201042455,-0.37082663810033933,0.6209969768750573,0.00022271714922048998,0.5,-0.4823334355049641,0.7964667377380342,0.4559712142084573,0.5950124506312355,0.25104450663003186,0.3472094391719601
2021-11-21 12:10:00,0.41841004184100417,-0.043824701195219196,-0.36530156366344013,-0.3626138189608997,0.6179215034484563,0.00033407572383073496,0.5,-0.4823334355049641,0.7964667377380342,0.4559712142084573,0.5950124506312355,0.25104450663003186,0.34742821793382317
2021-11-21 12:20:00,0.4344490934449094,-0.11553784860557781,-0.3554728220402086,-0.35761471165863234,0.6195050450851317,0.00033407572383073496,0.5,-0.4823334355049641,0.7964667377380342,0.4559712142084573,0.5950124506312355,0.25104450663003186,0.37866077221358846
2021-11-21 12:30:00,0.3849372384937238,0.027888446215139417,-0.34296351451973206,-0.35083020889126937,0.6259700828414758,0.00868596881959911,0.5,-0.4823334355049641,0.7964667377380342,0.4559712142084573,0.5950124506312355,0.25104450663003186,0.27477103670956743
2021-11-21 12:40:00,0.37099023709902373,-0.01195219123505975,-0.332836932241251,-0.34475986430994454,0.6265328290429388,0.00022271714922048998,0.5,-0.4823334355049641,0.7964667377380342,0.4559712142084573,0.5950124506312355,0.25104450663003186,0.2693996409010668
2021-11-21 12:50:00,0.3403068340306834,-0.059760956175298974,-0.32271034996277004,-0.33976075700767716,0.6301710486710028,0.00022271714922048998,0.5,-0.4823334355049641,0.7964667377380342,0.4559712142084573,0.5950124506312355,0.25104450663003186,0.23582841709793748
2021-11-21 13:00:00,0.37796373779637377,-0.17131474103585675,-0.31526433358153394,-0.3361899660774862,0.6358508591694914,0.00022271714922048998,0.5,-0.30837582794875495,0.7805015416356577,0.364838526942358,0.5621726999230369,0.2625178947034413,0.2843973022315434
2021-11-21 13:10:00,0.38772663877266383,-0.03585657370517936,-0.3096053611317946,-0.33369041242635245,0.6374736621690594,0.00033407572383073496,0.5,-0.30837582794875495,0.7805015416356577,0.364838526942358,0.5621726999230369,0.2625178947034413,0.2972675287052824
2021-11-21 13:20:00,0.3682008368200837,-0.11553784860557781,-0.30424422933730466,-0.3308337796821995,0.6322388137833558,0.00033407572383073496,0.5,-0.30837582794875495,0.7805015416356577,0.364838526942358,0.5621726999230369,0.2625178947034413,0.261976251188195
2021-11-21 13:30:00,0.36610878661087864,0.09960159362549792,-0.2947133283693225,-0.32690590965898936,0.6314143251626075,0.00033407572383073496,0.5,-0.30837582794875495,0.7805015416356577,0.364838526942358,0.5621726999230369,0.2625178947034413,0.2691355975677837
2021-11-21 13:40:00,0.3403068340306834,0.12350597609561742,-0.2860759493670887,-0.32404927691483665,0.6384682833623431,0.00033407572383073496,0.5,-0.30837582794875495,0.7805015416356577,0.364838526942358,0.5621726999230369,0.2625178947034413,0.22531194833803583
2021-11-21 13:50:00,0.3270571827057183,0.15537848605577675,-0.2789277736411021,-0.3186930905195501,0.6311525827433223,0.00033407572383073496,0.5,-0.30837582794875495,0.7805015416356577,0.364838526942358,0.5621726999230369,0.2625178947034413,0.21340736605458907
2021-11-21 14:00:00,0.36192468619246865,0.06772908366533859,-0.26880119136262115,-0.315122299589359,0.6398162568216618,0.00022271714922048998,0.5,-0.29901971934709326,0.7545968902924391,0.36038722439010973,0.4999452512908701,0.2686989924577095,0.24573381414366977
2021-11-21 14:10:00,0.3577405857740586,0.12350597609561742,-0.2628443782576322,-0.31119442956614896,0.6395806886443052,0.00022271714922048998,0.5,-0.29901971934709326,0.7545968902924391,0.36038722439010973,0.4999452512908701,0.2686989924577095,0.2406792703351087
2021-11-21 14:20:00,0.35006973500697347,-0.02788844621513953,-0.25658972449739403,-0.30619532226388146,0.6307337948724661,0.00022271714922048998,0.5,-0.29901971934709326,0.7545968902924391,0.36038722439010973,0.4999452512908701,0.2686989924577095,0.23102282843218616
2021-11-21 14:30:00,0.3158995815899582,-0.2589641434262948,-0.2473566641846613,-0.3040528477057667,0.643061862820798,0.00033407572383073496,0.5,-0.29901971934709326,0.7545968902924391,0.36038722439010973,0.4999452512908701,0.2686989924577095,0.1887079982497699
2021-11-21 14:40:00,0.3263598326359832,-0.2589641434262948,-0.23842144452717806,-0.2958400285663274,0.6431011241836908,0.00044543429844097997,0.5,-0.29901971934709326,0.7545968902924391,0.36038722439010973,0.4999452512908701,0.2686989924577095,0.19069209529701103
2021-11-21 14:50:00,0.3089260808926081,0.06772908366533859,-0.23067758749069256,-0.29548294947330833,0.6369109159675962,0.00044543429844097997,0.5,-0.29901971934709326,0.7545968902924391,0.36038722439010973,0.4999452512908701,0.2686989924577095,0.17760309006140892
2021-11-21 15:00:00,0.3179916317991632,-0.2589641434262948,-0.2241250930752049,-0.2926263167291554,0.6431142113046551,0.00044543429844097997,0.5,-0.2955508646288152,0.7354852057573552,0.35495260512351884,0.43858553967839925,0.2756965000699066,0.18388732139354527
2021-11-21 15:10:00,0.32914923291492326,-0.15537848605577698,-0.21995532390171268,-0.2883413676129263,0.6517647982620303,0.00044543429844097997,0.5,-0.2955508646288152,0.7354852057573552,0.35495260512351884,0.43858553967839925,0.2756965000699066,0.19778354481946983
2021-11-21 15:20:00,0.2824267782426778,-0.1633466135458168,-0.2131049888309755,-0.2851276557757543,0.6431011241836908,0.00044543429844097997,0.5,-0.2955508646288152,0.7354852057573552,0.35495260512351884,0.43858553967839925,0.2756965000699066,0.14524646559138163
2021-11-21 15:30:00,0.28870292887029286,-0.0916334661354582,-0.20595681310498903,-0.2847705766827352,0.6464252529086127,0.00011135857461024499,0.5,-0.2955508646288152,0.7354852057573552,0.35495260512351884,0.43858553967839925,0.2756965000699066,0.1587579401602366
2021-11-21 15:40:00,0.2824267782426778,-0.06772908366533881,-0.2005956813104991,-0.2833422603106588,0.6431011241836908,0.00022271714922048998,0.5,-0.2955508646288152,0.7354852057573552,0.35495260512351884,0.43858553967839925,0.2756965000699066,0.15190035759011422
2021-11-21 15:50:00,0.26778242677824265,-0.14741035856573714,-0.19612807148175737,-0.28084270665952504,0.6464514271505412,0.00022271714922048998,0.5,-0.2955508646288152,0.7354852057573552,0.35495260512351884,0.43858553967839925,0.2756965000699066,0.13912820435445178
2021-11-21 16:00:00,0.2768479776847978,0.1872509960159361,-0.19225614296351468,-0.27762899482235315,0.6439910484092605,0.00022271714922048998,0.5,-0.23668623047718595,0.7257583899174465,0.3173027599699045,0.394890903331048,0.28412377417775553,0.13258747378426905
2021-11-21 16:10:00,0.31729428172942814,-0.043824701195219196,-0.19136262099776635,-0.27762899482235315,0.6512674876653884,0.00033407572383073496,0.5,-0.23668623047718595,0.7257583899174465,0.3173027599699045,0.394890903331048,0.28412377417775553,0.1766902545377733
2021-11-21 16:20:00,0.298465829846583,-0.09960159362549814,-0.19136262099776635,-0.27762899482235315,0.6435329991755114,0.00033407572383073496,0.5,-0.23668623047718595,0.7257583899174465,0.3173027599699045,0.394890903331048,0.28412377417775553,0.1517042111139611
2021-11-21 16:30:00,0.24267782426778242,-0.02788844621513953,-0.18868205510052138,-0.27727191572933396,0.6382196280640221,0.00033407572383073496,0.5,-0.23668623047718595,0.7257583899174465,0.3173027599699045,0.394890903331048,0.28412377417775553,0.11325195769271391
2021-11-21 16:40:00,0.28033472803347276,0.10756972111553775,-0.18838421444527187,-0.27762899482235315,0.6503121278349975,0.00022271714922048998,0.5,-0.23668623047718595,0.7257583899174465,0.3173027599699045,0.394890903331048,0.28412377417775553,0.1423042684490849
2021-11-21 16:50:00,0.2705718270571827,0.1394422310756971,-0.18838421444527187,-0.27762899482235315,0.6508748740364607,0.00022271714922048998,0.5,-0.23668623047718595,0.7257583899174465,0.3173027599699045,0.394890903331048,0.28412377417775553,0.1348054377838466
2021-11-21 17:00:00,0.301255230125523,-0.13147410358565736,-0.1889798957557708,-0.27762899482235315,0.6572090405831622,0.00022271714922048998,0.5,-0.2480699400945161,0.7233044162904768,0.33485561007294734,0.3687425640766475,0.2873421375967045,0.15669840216062889
2021-11-21 17:10:00,0.24337517433751746,-0.1633466135458168,-0.19136262099776635,-0.2801285484734869,0.6536886050437765,0.00022271714922048998,0.5,-0.2480699400945161,0.7233044162904768,0.33485561007294734,0.3687425640766475,0.2873421375967045,0.11172805045490894
2021-11-21 17:20:00,0.2873082287308229,-0.1872509960159363,-0.19553239017125845,-0.2801285484734869,0.6573006504299119,0.00033407572383073496,0.5,-0.2480699400945161,0.7233044162904768,0.33485561007294734,0.3687425640766475,0.2873421375967045,0.13866801454501562
2021-11-21 17:30:00,0.2622036262203626,-0.003984063745020028,-0.19851079672375294,-0.2847705766827352,0.6573006504299119,0.00033407572383073496,0.5,-0.2480699400945161,0.7233044162904768,0.33485561007294734,0.3687425640766475,0.2873421375967045,0.12088658207221209
2021-11-21 17:40:00,0.2684797768479777,0.20318725099601576,-0.20327624720774395,-0.2883413676129263,0.6573006504299119,0.00033407572383073496,0.5,-0.2480699400945161,0.7233044162904768,0.33485561007294734,0.3687425640766475,0.2873421375967045,0.12480196750003773
2021-11-21 17:50:00,0.2733612273361227,0.2589641434262948,-0.2125093075204767,-0.2922692376361363,0.6573006504299119,0.00033407572383073496,0.5,-0.2480699400945161,0.7233044162904768,0.33485561007294734,0.3687425640766475,0.2873421375967045,0.13197640207009972
2021-11-21 18:00:00,0.2649930264993026,0.31474103585657365,-0.22263588979895765,-0.3004820567755758,0.6573006504299119,0.00033407572383073496,0.5,-0.40339467744727464,0.7216234156209526,0.44092509888648324,0.29682470431679786,0.2639944917832115,0.12069043559605896
2021-11-21 18:10:00,0.2615062761506276,0.40239043824701204,-0.23454951600893525,-0.30512408498482413,0.6573006504299119,0.00033407572383073496,0.5,-0.40339467744727464,0.7216234156209526,0.44092509888648324,0.29682470431679786,0.2639944917832115,0.12149010969114474
2021-11-21 18:20:00,0.26569037656903766,-0.0916334661354582,-0.2506329113924052,-0.3115515086591679,0.6573006504299119,0.00033407572383073496,0.5,-0.40339467744727464,0.7216234156209526,0.44092509888648324,0.29682470431679786,0.2639944917832115,0.1182084282631984
2021-11-21 18:30:00,0.2524407252440725,-0.5139442231075697,-0.2643335815338794,-0.31619353686841634,0.6573006504299119,0.00033407572383073496,0.5,-0.40339467744727464,0.7216234156209526,0.44092509888648324,0.29682470431679786,0.2639944917832115,0.1163073162635605
2021-11-21 18:40:00,0.2301255230125523,-0.4661354581673308,-0.2753536857781088,-0.3179789323335118,0.6573006504299119,0.00033407572383073496,0.5,-0.40339467744727464,0.7216234156209526,0.44092509888648324,0.29682470431679786,0.2639944917832115,0.09851079560028367
2021-11-21 18:50:00,0.18270571827057183,-0.6254980079681276,-0.28369322412509324,-0.32404927691483665,0.6573006504299119,0.00033407572383073496,0.5,-0.40339467744727464,0.7216234156209526,0.44092509888648324,0.29682470431679786,0.2639944917832115,0.07612746503311858
2021-11-21 19:00:00,0.1499302649930265,-0.6573705179282869,-0.2911392405063292,-0.3265488305659704,0.6542513512452395,0.00022271714922048998,0.5,-0.4212560239848737,0.7313100023850095,0.46793790216721537,0.33054120573305074,0.22725876381844534,0.05518505665615523
2021-11-21 19:10:00,0.13807531380753138,0.05179282868525892,-0.29620253164556976,-0.32762006784502773,0.6408108780149454,0.00022271714922048998,0.5,-0.4212560239848737,0.7313100023850095,0.46793790216721537,0.33054120573305074,0.22725876381844534,0.04268449084901248
2021-11-21 19:20:00,0.15132496513249652,0.06772908366533859,-0.30067014147431137,-0.32904838421710414,0.6408108780149454,0.00022271714922048998,0.5,-0.4212560239848737,0.7313100023850095,0.46793790216721537,0.33054120573305074,0.22725876381844534,0.05335184151364727
2021-11-21 19:30:00,0.15620641562064158,0.31474103585657365,-0.3033507073715562,-0.3344045706123906,0.6408108780149454,0.00022271714922048998,0.5,-0.4212560239848737,0.7313100023850095,0.46793790216721537,0.33054120573305074,0.22725876381844534,0.06198228646438433
2021-11-21 19:40:00,0.1708507670850767,0.10756972111553775,-0.30811615785554747,-0.3376182824495625,0.6408108780149454,0.00033407572383073496,0.5,-0.4212560239848737,0.7313100023850095,0.46793790216721537,0.33054120573305074,0.22725876381844534,0.07283823950993558
2021-11-21 19:50:00,0.24686192468619247,-0.3784860557768924,-0.3104988830975429,-0.34333154793786824,0.6408108780149454,0.00022271714922048998,0.5,-0.4212560239848737,0.7313100023850095,0.46793790216721537,0.33054120573305074,0.22725876381844534,0.11076995035985336
2021-11-21 20:00:00,0.2482566248256625,-0.4103585657370519,-0.31109456440804184,-0.3454740224959829,0.6408108780149454,0.00022271714922048998,0.5,-0.4450789017361284,0.7272037631426973,0.5040020635194191,0.3462933448837671,0.2016546809537684,0.1039274559802043
2021-11-21 20:10:00,0.20571827057182707,-0.45019920318725104,-0.31496649292628454,-0.34797357614711666,0.6408108780149454,0.00022271714922048998,0.5,-0.4450789017361284,0.7272037631426973,0.5040020635194191,0.3462933448837671,0.2016546809537684,0.07277788674804231
2021-11-21 20:20:00,0.19386331938633192,-0.5617529880478087,-0.3167535368577812,-0.3469023388680593,0.6408108780149454,0.00033407572383073496,0.5,-0.4450789017361284,0.7272037631426973,0.5040020635194191,0.3462933448837671,0.2016546809537684,0.06627487665404287
2021-11-21 20:30:00,0.1924686192468619,-0.11553784860557781,-0.31943410275502615,-0.3490448134261739,0.6296606509533967,0.00033407572383073496,0.5,-0.4450789017361284,0.7272037631426973,0.5040020635194191,0.3462933448837671,0.2016546809537684,0.0637023401783424
2021-11-21 20:40:00,0.13458856345885634,0.003984063745019917,-0.31943410275502615,-0.34797357614711666,0.6259308214785829,0.00022271714922048998,0.5,-0.4450789017361284,0.7272037631426973,0.5040020635194191,0.3462933448837671,0.2016546809537684,0.0316173031368348
2021-11-21 20:50:00,0.12343096234309624,0.05976095617529875,-0.31883842144452734,-0.3376182824495625,0.6259308214785829,0.00033407572383073496,0.5,-0.4450789017361284,0.7272037631426973,0.5040020635194191,0.3462933448837671,0.2016546809537684,0.014069737616367668
2021-11-21 21:00:00,0.13458856345885634,-0.3466135458167332,-0.2863737900223382,-0.2747723620782002,0.6259308214785829,0.00033407572383073496,0.5,-0.4619152744809175,0.7192154180806718,0.5012623711933095,0.35899364082152685,0.17014535376860343,0.018664091615492553
2021-11-21 21:10:00,0.14225941422594143,-0.5219123505976095,-0.26522710349962786,-0.2144259953579718,0.6259308214785829,0.00033407572383073496,0.5,-0.4619152744809175,0.7192154180806718,0.5012623711933095,0.35899364082152685,0.17014535376860343,0.026977684566289965
2021-11-21 21:20:00,0.14714086471408647,-0.7609561752988048,-0.25331347728965015,-0.17764684877700399,0.6259308214785829,0.00022271714922048998,0.5,-0.4619152744809175,0.7192154180806718,0.5012623711933095,0.35899364082152685,0.17014535376860343,0.031738008660621334
2021-11-21 21:30:00,0.18479776847977683,-0.23505976095617542,-0.2434847356664186,-0.15407962863774327,0.6112078103937915,0.00022271714922048998,0.5,-0.4619152744809175,0.7192154180806718,0.5012623711933095,0.35899364082152685,0.17014535376860343,0.05452872037056596
2021-11-21 21:40:00,0.17364016736401675,-0.08366533864541836,-0.23335815338793753,-0.14086770219603628,0.6094148748216879,0.00022271714922048998,0.5,-0.4619152744809175,0.7192154180806718,0.5012623711933095,0.35899364082152685,0.17014535376860343,0.05738038837002279
2021-11-21 21:50:00,0.16736401673640167,-0.03585657370517936,-0.2244229337304543,-0.13158364577753967,0.6094148748216879,0.00022271714922048998,0.5,-0.4619152744809175,0.7192154180806718,0.5012623711933095,0.35899364082152685,0.17014535376860343,0.04887064894307226
2021-11-21 22:00:00,0.15829846582984658,-0.07569721115537853,-0.21995532390171268,-0.12229958935904306,0.6094148748216879,0.00022271714922048998,0.5,-0.5296800137948379,0.7106006488375256,0.5215582107896753,0.35485383547882254,0.14882113664003913,0.04353697361075486
2021-11-21 22:10:00,0.15271966527196654,-0.17928286852589637,-0.21548771407297107,-0.11087305838243178,0.6094148748216879,0.00033407572383073496,0.5,-0.5296800137948379,0.7106006488375256,0.5215582107896753,0.35485383547882254,0.14882113664003913,0.03963667637340254
2021-11-21 22:20:00,0.1415620641562064,-0.49800796812749004,-0.21518987341772167,-0.09980360649883946,0.6094148748216879,0.00022271714922048998,0.5,-0.5296800137948379,0.7106006488375256,0.5215582107896753,0.35485383547882254,0.14882113664003913,0.034250192374428536
2021-11-21 22:30:00,0.13737796373779637,-0.4183266932270917,-0.21518987341772167,-0.08909123370826644,0.5978851212521757,0.00022271714922048998,0.5,-0.5296800137948379,0.7106006488375256,0.5215582107896753,0.35485383547882254,0.14882113664003913,0.04232237427765288
2021-11-21 22:40:00,0.1506276150627615,-0.3466135458167332,-0.21459419210722275,-0.0815925727548652,0.592898928164793,0.00022271714922048998,0.5,-0.5296800137948379,0.7106006488375256,0.5215582107896753,0.35485383547882254,0.14882113664003913,0.051254583037856266
2021-11-21 22:50:00,0.18758716875871687,-0.12350597609561753,-0.21221146686522718,-0.0815925727548652,0.592898928164793,0.00022271714922048998,0.5,-0.5296800137948379,0.7106006488375256,0.5215582107896753,0.35485383547882254,0.14882113664003913,0.06302337160704317
2021-11-21 23:00:00,0.16875871687587168,0.019920318725099362,-0.20744601638123616,-0.08909123370826644,0.592898928164793,0.00022271714922048998,0.5,-0.5868152902569289,0.7105862813104348,0.44037688143018944,0.3543126525448885,0.13383074149466967,0.056286494560707334
2021-11-21 23:10:00,0.14714086471408647,0.1872509960159361,-0.20387192851824287,-0.08730583824317073,0.592898928164793,0.00022271714922048998,0.5,-0.5868152902569289,0.7105862813104348,0.44037688143018944,0.3543126525448885,0.13383074149466967,0.03795434313562775
2021-11-21 23:20:00,0.19804741980474197,0.6573705179282865,-0.19880863737900234,-0.07945009819675053,0.592898928164793,0.00022271714922048998,0.5,-0.5868152902569289,0.7105862813104348,0.44037688143018944,0.3543126525448885,0.13383074149466967,0.0478144756099401
2021-11-21 23:30:00,0.16945606694560672,0.5617529880478087,-0.19791511541325402,-0.08230673094090324,0.5996780568242792,0.00022271714922048998,0.5,-0.5868152902569289,0.7105862813104348,0.44037688143018944,0.3543126525448885,0.13383074149466967,0.03705659580246541
2021-11-21 23:40:00,0.12831241283124128,0.21912350597609564,-0.20029784065524958,-0.0751651490805213,0.6094017877007237,0.00022271714922048998,0.5,-0.5868152902569289,0.7105862813104348,0.44037688143018944,0.3543126525448885,0.13383074149466967,0.021621376948262595
2021-11-21 23:50:00,0.13598326359832635,-0.298804780876494,-0.20416976917349228,-0.056597036243527854,0.6094017877007237,0.00022271714922048998,0.5,-0.5868152902569289,0.7105862813104348,0.44037688143018944,0.3543126525448885,0.13383074149466967,0.02918056037539418
2021-11-22 00:00:00,0.14330543933054393,-0.09960159362549803,-0.20312732688011925,-0.050348152115693656,0.6094017877007237,0.00022271714922048998,0.5,-0.5899818659252498,0.7028421842089405,0.4390501520691563,0.354580459442132,0.12428243546205506,0.03274137332709688
2021-11-22 00:10:00,0.1506276150627615,0.09960159362549792,-0.20208488458674623,-0.044099267987859125,0.6094017877007237,0.00022271714922048998,0.5,-0.5899818659252498,0.7028421842089405,0.4390501520691563,0.354580459442132,0.12428243546205506,0.03630218627879958
2021-11-22 00:20:00,0.16457461645746163,0.03585657370517925,-0.2479523454951601,-0.08480628459203698,0.6094017877007237,0.00022271714922048998,0.5,-0.5899818659252498,0.7028421842089405,0.4390501520691563,0.354580459442132,0.12428243546205506,0.048772575704995706
2021-11-22 00:30:00,0.17364016736401675,0.07569721115537842,-0.31169024571854065,-0.201571148009284,0.6094017877007237,0.00022271714922048998,0.5,-0.5899818659252498,0.7028421842089405,0.4390501520691563,0.354580459442132,0.12428243546205506,0.058693060941201323
2021-11-22 00:40:00,0.16945606694560672,0.027888446215139417,-0.3298585256887566,-0.2637029101946081,0.6094017877007237,0.00022271714922048998,0.5,-0.5899818659252498,0.7028421842089405,0.4390501520691563,0.354580459442132,0.12428243546205506,0.0529293721803944
2021-11-22 00:50:00,0.16248256624825663,0.13147410358565725,-0.33909158600148936,-0.2944117121942511,0.6094017877007237,0.00022271714922048998,0.5,-0.5899818659252498,0.7028421842089405,0.4390501520691563,0.354580459442132,0.12428243546205506,0.05060579084750366
2021-11-22 01:00:00,0.1297071129707113,0.4422310756972112,-0.34713328369322427,-0.3133369041242635,0.6094017877007237,0.00022271714922048998,0.5,-0.6258164919687429,0.6885723563031789,0.5125049505063498,0.36010321048906435,0.11753570195573444,0.033556135612655975
2021-11-22 01:10:00,0.12761506276150628,0.43426294820717115,-0.3513030528667165,-0.32262096054276024,0.6094017877007237,0.00022271714922048998,0.5,-0.6258164919687429,0.6885723563031789,0.5125049505063498,0.36010321048906435,0.11753570195573444,0.038723840849766884
2021-11-22 01:20:00,0.1506276150627615,0.6175298804780875,-0.3548771407297098,-0.3315479378682379,0.6133671853528943,0.00022271714922048998,0.5,-0.6258164919687429,0.6885723563031789,0.5125049505063498,0.36010321048906435,0.11753570195573444,0.04209605142055313
2021-11-22 01:30:00,0.14225941422594143,0.47410358565737054,-0.3602382725241997,-0.3372612033565434,0.6258915601156901,0.00022271714922048998,0.5,-0.6258164919687429,0.6885723563031789,0.5125049505063498,0.36010321048906435,0.11753570195573444,0.03701133123104546
2021-11-22 01:40:00,0.11157601115760113,0.593625498007968,-0.36619508562918845,-0.3454740224959829,0.6258915601156901,0.00033407572383073496,0.5,-0.6258164919687429,0.6885723563031789,0.5125049505063498,0.36010321048906435,0.11753570195573444,0.016182084282631983
2021-11-22 01:50:00,0.1324965132496513,0.15537848605577675,-0.3358153387937455,-0.3069094804499196,0.6258915601156901,0.00033407572383073496,0.5,-0.6258164919687429,0.6885723563031789,0.5125049505063498,0.36010321048906435,0.11753570195573444,0.017781432472803536
2021-11-22 02:00:00,0.1317991631799163,0.13147410358565725,-0.3030528667163068,-0.23299410819496513,0.6258915601156901,0.00033407572383073496,0.5,-0.6378027585006185,0.6748657354593461,0.5332606181148649,0.3595699834686261,0.10708215847857186,0.01837741599649954
2021-11-22 02:10:00,0.13528591352859135,0.2111553784860556,-0.2854802680565899,-0.18621674700946256,0.6258915601156901,0.00033407572383073496,0.5,-0.6378027585006185,0.6748657354593461,0.5332606181148649,0.3595699834686261,0.10708215847857186,0.016031202377898818
2021-11-22 02:20:00,0.11366806136680613,0.21912350597609564,-0.27297096053611336,-0.1519371540796286,0.6361780371935978,0.00033407572383073496,0.5,-0.6378027585006185,0.6748657354593461,0.5332606181148649,0.3595699834686261,0.10708215847857186,0.009950661617152254
2021-11-22 02:30:00,0.15132496513249652,-0.5298804780876495,-0.26850335070737164,-0.1230137475450811,0.6384813704833073,0.00033407572383073496,0.5,-0.6378027585006185,0.6748657354593461,0.5332606181148649,0.3595699834686261,0.10708215847857186,0.031753096851094655
2021-11-22 02:40:00,0.1680613668061367,0.027888446215139417,-0.2598659717051379,-0.11337261203356541,0.6259569957205113,0.00022271714922048998,0.5,-0.6378027585006185,0.6748657354593461,0.5332606181148649,0.3595699834686261,0.10708215847857186,0.03842207704030056
2021-11-22 02:50:00,0.1506276150627615,-0.38645418326693237,-0.25658972449739403,-0.10980182110337433,0.6259569957205113,0.00022271714922048998,0.5,-0.6378027585006185,0.6748657354593461,0.5332606181148649,0.3595699834686261,0.10708215847857186,0.0296105738038837
2021-11-22 03:00:00,0.12691771269177127,-0.49800796812749004,-0.251824274013403,-0.09730405284770571,0.6259569957205113,0.00022271714922048998,0.5,-0.6444554324344788,0.6648917981534855,0.5413244746059156,0.35941543080815835,0.09392542079664527,0.012508109902379407
2021-11-22 03:10:00,0.10808926080892609,-0.019920318725099695,-0.24854802680565913,-0.073736832708445,0.6259569957205113,0.00022271714922048998,0.5,-0.6444554324344788,0.6648917981534855,0.5413244746059156,0.35941543080815835,0.09392542079664527,0.0
2021-11-22 03:20:00,0.10460251046025104,0.15537848605577675,-0.2440804169769174,-0.04231387252276375,0.6259569957205113,0.00033407572383073496,0.5,-0.6444554324344788,0.6648917981534855,0.5413244746059156,0.35941543080815835,0.09392542079664527,0.0
2021-11-22 03:30:00,0.09623430962343095,-0.08366533864541836,-0.24199553239017135,-0.01053383324406354,0.6259569957205113,0.00044543429844097997,0.5,-0.6444554324344788,0.6648917981534855,0.5413244746059156,0.35941543080815835,0.09392542079664527,0.0
2021-11-22 03:40:00,0.08507670850767085,-0.17131474103585675,-0.24259121370067016,0.01696125691840744,0.6259569957205113,0.019933184855233856,0.5,-0.6444554324344788,0.6648917981534855,0.5413244746059156,0.35941543080815835,0.09392542079664527,0.0
2021-11-22 03:50:00,0.09693165969316596,-0.7370517928286854,-0.2503350707371558,-0.021603285127655747,0.6259569957205113,0.6439866369710467,0.5,-0.6444554324344788,0.6648917981534855,0.5413244746059156,0.35941543080815835,0.09392542079664527,0.0
2021-11-22 04:00:00,0.12133891213389121,-0.8406374501992032,-0.2676098287416233,-0.054454561685413405,0.6259569957205113,0.9957683741648108,0.5,-0.689674683971139,0.6601591347300483,0.5487999135634934,0.3595422191386878,0.0778325491780577,0.0
2021-11-22 04:10:00,0.1206415620641562,-0.17928286852589637,-0.2825018615040954,-0.08194965184788428,0.6259569957205113,0.9957683741648108,0.5,-0.689674683971139,0.6601591347300483,0.5487999135634934,0.3595422191386878,0.0778325491780577,0.0
2021-11-22 04:20:00,0.09553695955369597,0.8884462151394421,-0.30007446016381245,-0.10551687198714521,0.6259569957205113,0.9957683741648108,0.5,-0.689674683971139,0.6601591347300483,0.5487999135634934,0.3595422191386878,0.0778325491780577,0.0
2021-11-22 04:30:00,0.08716875871687588,0.5059760956175297,-0.3090096798212957,-0.12729869666131055,0.6259569957205113,0.9957683741648108,0.5,-0.689674683971139,0.6601591347300483,0.5487999135634934,0.3595422191386878,0.0778325491780577,0.0
2021-11-22 04:40:00,0.07670850767085077,0.5909694555112879,-0.3179448994787789,-0.15015175861453323,0.6259569957205113,0.9957683741648108,0.5,-0.689674683971139,0.6601591347300483,0.5487999135634934,0.3595422191386878,0.0778325491780577,0.0
2021-11-22 04:50:00,0.07531380753138076,0.6759628154050463,-0.32747580044676106,-0.17014818782360286,0.6259569957205113,0.9957683741648108,0.5,-0.689674683971139,0.6601591347300483,0.5487999135634934,0.3595422191386878,0.0778325491780577,0.0
2021-11-22 05:00:00,0.07670850767085077,0.7609561752988048,-0.3337304542069994,-0.18693090519550082,0.6259569957205113,0.9957683741648108,0.5,-0.6900971008494032,0.64452726525616,0.5536393941480608,0.3654342601839897,0.06026604287197497,0.0
2021-11-22 05:10:00,0.08437935843793584,0.4183266932270917,-0.3358153387937455,-0.20049991073022666,0.6259569957205113,0.9957683741648108,0.5,-0.6900971008494032,0.64452726525616,0.5536393941480608,0.3654342601839897,0.06026604287197497,0.0
2021-11-22 05:20:00,0.09344490934449094,0.38247011952191245,-0.34177215189873433,-0.21406891626495272,0.6259569957205113,0.9957683741648108,0.5,-0.6900971008494032,0.64452726525616,0.5536393941480608,0.3654342601839897,0.06026604287197497,0.0
2021-11-22 05:30:00,0.07810320781032079,0.346613545816733,-0.34713328369322427,-0.22978039635779324,0.6259569957205113,0.9957683741648108,0.5,-0.6900971008494032,0.64452726525616,0.5536393941480608,0.3654342601839897,0.06026604287197497,0.0
2021-11-22 05:40:00,0.07461645746164575,0.31075697211155373,-0.3492181682799703,-0.24084984824138556,0.6259569957205113,0.9957683741648108,0.5,-0.6900971008494032,0.64452726525616,0.5536393941480608,0.3654342601839897,0.06026604287197497,0.0
2021-11-22 05:50:00,0.07880055788005579,0.2749003984063745,-0.348324646314222,-0.25227637921799684,0.6259569957205113,0.9957683741648108,0.5,-0.6900971008494032,0.64452726525616,0.5536393941480608,0.3654342601839897,0.06026604287197497,0.0
2021-11-22 06:00:00,0.06206415620641562,0.23904382470119523,-0.35338793745346253,-0.2637029101946081,0.6259569957205113,0.9957683741648108,0.5,-0.6904197586370326,0.6414526144589068,0.621599209795833,0.3755906166182061,0.04842750723125415,0.0
2021-11-22 06:10:00,0.06485355648535565,0.20318725099601576,-0.35815338793745355,-0.27227280842706647,0.6259569957205113,0.9957683741648108,0.5,-0.6904197586370326,0.6414526144589068,0.621599209795833,0.3755906166182061,0.04842750723125415,0.0
2021-11-22 06:20:00,0.06624825662482565,0.20982735723771584,-0.3548771407297098,-0.28048562756650597,0.6259569957205113,0.9957683741648108,0.5,-0.6904197586370326,0.6414526144589068,0.621599209795833,0.3755906166182061,0.04842750723125415,0.0
2021-11-22 06:30:00,0.06206415620641562,0.21646746347941548,-0.3521965748324647,-0.28869844670594524,0.6259569957205113,0.9957683741648108,0.5,-0.6904197586370326,0.6414526144589068,0.621599209795833,0.3755906166182061,0.04842750723125415,0.0
2021-11-22 06:40:00,0.04741980474198048,0.22310756972111534,-0.35428145941921074,-0.2994108194965186,0.6259569957205113,0.9957683741648108,0.5,-0.6904197586370326,0.6414526144589068,0.621599209795833,0.3755906166182061,0.04842750723125415,0.0
2021-11-22 06:50:00,0.04602510460251046,0.22974767596281542,-0.3521965748324647,-0.30798071772897684,0.6259569957205113,0.9957683741648108,0.5,-0.6904197586370326,0.6414526144589068,0.621599209795833,0.3755906166182061,0.04842750723125415,0.0
2021-11-22 07:00:00,0.02301255230125523,0.23638778220451506,-0.3554728220402086,-0.31440814140332085,0.6259569957205113,0.9957683741648108,0.5,-0.7018339863312368,0.6375992436933752,0.6004395123895497,0.37029228561753247,0.04694356933175586,0.0
2021-11-22 07:10:00,0.005578800557880056,0.24302788844621515,-0.3605361131794491,-0.31940724870558823,0.6259569957205113,0.9957683741648108,0.5,-0.7018339863312368,0.6375992436933752,0.6004395123895497,0.37029228561753247,0.04694356933175586,0.0
2021-11-22 07:20:00,0.009762900976290099,0.249667994687915,-0.36589724497393905,-0.3265488305659704,0.6259569957205113,0.9957683741648108,0.5,-0.7018339863312368,0.6375992436933752,0.6004395123895497,0.37029228561753247,0.04694356933175586,0.0
2021-11-22 07:30:00,0.006973500697350071,0.25630810092961465,-0.368577810871184,-0.3340474915193715,0.6259569957205113,0.9957683741648108,0.5,-0.7018339863312368,0.6375992436933752,0.6004395123895497,0.37029228561753247,0.04694356933175586,0.0
2021-11-22 07:40:00,0.015341701534170154,0.26294820717131473,-0.37066269545793007,-0.3404749151937154,0.6259569957205113,0.9957683741648108,0.5,-0.7018339863312368,0.6375992436933752,0.6004395123895497,0.37029228561753247,0.04694356933175586,0.0
2021-11-22 07:50:00,0.0404463040446304,0.2695883134130146,-0.3691734921816828,-0.3458311015890019,0.6259569957205113,0.9957683741648108,0.5,-0.7018339863312368,0.6375992436933752,0.6004395123895497,0.37029228561753247,0.04694356933175586,0.0
2021-11-22 08:00:00,0.04672245467224547,0.27622841965471423,-0.36649292628443786,-0.34975897161221203,0.6259569957205113,0.9957683741648108,0.5,-0.7076683422147052,0.6437686598258097,0.5969953676068793,0.36409531610588014,0.035382628270110704,0.0
2021-11-22 08:10:00,0.08647140864714087,0.2828685258964143,-0.3611317944899479,-0.35618639528655593,0.6259569957205113,0.9957683741648108,0.5,-0.7076683422147052,0.6437686598258097,0.5969953676068793,0.36409531610588014,0.035382628270110704,0.0
2021-11-22 08:20:00,0.08228730822873082,0.2895086321381142,-0.35815338793745355,-0.3586859489376897,0.6259569957205113,0.9957683741648108,0.5,-0.7076683422147052,0.6437686598258097,0.5969953676068793,0.36409531610588014,0.035382628270110704,0.0
2021-11-22 08:30:00,0.10599721059972106,0.29614873837981404,-0.3527922561429636,-0.359757186216747,0.6259569957205113,0.9957683741648108,0.5,-0.7076683422147052,0.6437686598258097,0.5969953676068793,0.36409531610588014,0.035382628270110704,0.0
2021-11-22 08:40:00,0.1304044630404463,0.3027888446215139,-0.3441548771407298,-0.360114265309766,0.6259569957205113,0.9957683741648108,0.5,-0.7076683422147052,0.6437686598258097,0.5969953676068793,0.36409531610588014,0.035382628270110704,0.0
2021-11-22 08:50:00,0.18758716875871687,0.30942895086321376,-0.33134772896500375,-0.36582753079807184,0.6230647419874102,0.9957683741648108,0.5,-0.7076683422147052,0.6437686598258097,0.5969953676068793,0.36409531610588014,0.035382628270110704,0.0
2021-11-22 09:00:00,0.20223152022315202,0.3160690571049136,-0.31913626209977675,-0.37046955900732004,0.4669092146418709,0.7570155902004455,0.5,-0.6990409986181816,0.6496535989218611,0.5680208766482824,0.3473322515741641,0.011374849419795883,0.0022104199043408725
2021-11-22 09:10:00,0.15132496513249652,0.3227091633466135,-0.302457185405808,-0.33190501696125685,0.4101241967779508,0.00044543429844097997,0.5,-0.6990409986181816,0.6496535989218611,0.5680208766482824,0.3473322515741641,0.011374849419795883,0.014341325044887368
2021-11-22 09:20:00,0.09065550906555091,0.3227091633466135,-0.28071481757259875,-0.28369933940367775,0.41029432935048615,0.03363028953229399,0.5,-0.6990409986181816,0.6496535989218611,0.5680208766482824,0.3473322515741641,0.011374849419795883,0.0
2021-11-22 09:30:00,0.12482566248256625,0.2749003984063745,-0.27624720774385714,-0.28227102303160145,0.41029432935048615,0.9923162583518931,0.5,-0.6990409986181816,0.6496535989218611,0.5680208766482824,0.3473322515741641,0.011374849419795883,0.0
2021-11-22 09:40:00,0.16945606694560672,0.3227091633466135,-0.28071481757259875,-0.27762899482235315,0.41029432935048615,0.9995545657015591,0.5,-0.6990409986181816,0.6496535989218611,0.5680208766482824,0.3473322515741641,0.011374849419795883,0.0
2021-11-22 09:50:00,0.17573221757322177,0.6972111553784857,-0.2792256142963515,-0.27762899482235315,0.42004423446885925,0.6981069042316258,0.5,-0.6990409986181816,0.6496535989218611,0.5680208766482824,0.3473322515741641,0.011374849419795883,0.0
2021-11-22 10:00:00,0.14435146443514643,-0.8007968127490039,-0.26075949367088613,-0.28369933940367775,0.4323723024171912,0.361804008908686,0.5,-0.457228031403935,0.658607441804333,0.4459445287124296,0.25154865838674,0.9766051843208046,0.0
2021-11-22 10:10:00,0.14504881450488147,-0.4103585657370519,-0.25003723008190626,-0.27584359935725755,0.4129771891481593,0.3105790645879733,0.5,-0.457228031403935,0.658607441804333,0.4459445287124296,0.25154865838674,0.9766051843208046,0.0
2021-11-22 10:20:00,0.15550906555090654,0.15537848605577675,-0.24288905435591968,-0.26620246384574175,0.40609336352095904,0.7435412026726058,0.5,-0.457228031403935,0.658607441804333,0.4459445287124296,0.25154865838674,0.9766051843208046,0.0
2021-11-22 10:30:00,0.18688981868898188,-0.24701195219123517,-0.25331347728965015,-0.25334761649705406,0.40897253013309603,0.9971046770601337,0.5,-0.457228031403935,0.658607441804333,0.4459445287124296,0.25154865838674,0.9766051843208046,0.0
2021-11-22 10:40:00,0.16596931659693165,-0.649402390438247,-0.251228592702904,-0.2526334583110159,0.453625786863148,0.08452115812917595,0.5,-0.457228031403935,0.658607441804333,0.4459445287124296,0.25154865838674,0.9766051843208046,0.0
2021-11-22 10:50:00,0.23221757322175732,-0.5298804780876495,-0.23931496649292638,-0.24692019282271016,0.426954234337988,0.31124721603563477,0.5,-0.457228031403935,0.658607441804333,0.4459445287124296,0.25154865838674,0.9766051843208046,0.033495782850762705
2021-11-22 11:00:00,0.18131101813110181,-0.08366533864541836,-0.21340282948622502,-0.21906802356722022,0.41814660192904163,0.00011135857461024499,0.5,-0.40471789456621476,0.6714060349360785,0.3685267889129456,0.1951886959577676,0.8909300235092323,0.044744028848620186
2021-11-22 11:10:00,0.18131101813110181,-0.33864541832669326,-0.1964259121370069,-0.18907337975361538,0.409574537697452,0.00011135857461024499,0.5,-0.40471789456621476,0.6714060349360785,0.3685267889129456,0.1951886959577676,0.8909300235092323,0.057350211989076146
2021-11-22 11:20:00,0.21478382147838215,0.10756972111553775,-0.17676842889054356,-0.16550615961435466,0.4016699166350395,0.00011135857461024499,0.5,-0.40471789456621476,0.6714060349360785,0.3685267889129456,0.1951886959577676,0.8909300235092323,0.07544849646181934
2021-11-22 11:30:00,0.22315202231520226,-0.03585657370517936,-0.16455696202531667,-0.1455097304052847,0.4111580793341273,0.00011135857461024499,0.5,-0.40471789456621476,0.6714060349360785,0.3685267889129456,0.1951886959577676,0.8909300235092323,0.08217782941291851
2021-11-22 11:40:00,0.22524407252440726,-0.33067729083665354,-0.15294117647058836,-0.12908409212640592,0.4098886286005942,0.00011135857461024499,0.5,-0.40471789456621476,0.6714060349360785,0.3685267889129456,0.1951886959577676,0.8909300235092323,0.09465576293435128
2021-11-22 11:50:00,0.2398884239888424,0.13147410358565725,-0.14132539091586016,-0.11980003570790931,0.3893025873238147,0.00011135857461024499,0.5,-0.40471789456621476,0.6714060349360785,0.3685267889129456,0.1951886959577676,0.8909300235092323,0.09909923502874302
2021-11-22 12:00:00,0.23709902370990238,-0.13147410358565736,-0.13239017125837682,-0.10587395108016429,0.39546662129798066,0.00011135857461024499,0.5,-0.3732824409658655,0.6677308215064655,0.31688947274111395,0.2678508766292086,0.7775290681365843,0.09003123255427976
2021-11-22 12:10:00,0.23570432357043236,-0.059760956175298974,-0.12166790766939695,-0.09266202463845752,0.3880331365902815,0.00011135857461024499,0.5,-0.3732824409658655,0.6677308215064655,0.31688947274111395,0.2678508766292086,0.7775290681365843,0.10104561159980084
2021-11-22 12:20:00,0.28451882845188287,-0.0916334661354582,-0.1160089352196576,-0.08337796821996057,0.3880331365902815,0.00022271714922048998,0.5,-0.3732824409658655,0.6677308215064655,0.31688947274111395,0.2678508766292086,0.7775290681365843,0.1488827194954509
2021-11-22 12:30:00,0.3138075313807531,-0.05179282868525903,-0.10618019359642605,-0.08123549366184613,0.3957414508382301,0.0034521158129175947,0.5,-0.3732824409658655,0.6677308215064655,0.31688947274111395,0.2678508766292086,0.7775290681365843,0.16349563196885797
2021-11-22 12:40:00,0.3270571827057183,0.19521912350597592,-0.0966492926284439,-0.07766470273165504,0.38811165931606706,0.007683741648106904,0.5,-0.3732824409658655,0.6677308215064655,0.31688947274111395,0.2678508766292086,0.7775290681365843,0.17622252063310048
2021-11-22 12:50:00,0.3486750348675035,0.11553784860557759,-0.08741623231571116,-0.07016604177825392,0.3908337804766329,0.029955456570155903,0.5,-0.3732824409658655,0.6677308215064655,0.31688947274111395,0.2678508766292086,0.7775290681365843,0.17514371501425835
2021-11-22 13:00:00,0.32496513249651326,0.07569721115537842,-0.09426656738644845,-0.06659525084806284,0.3843556555993247,0.483184855233853,0.5,-0.22597024971124569,0.6492398141416693,0.2100007646891653,0.3684396969151575,0.7446474475334729,0.07922054408014848
2021-11-22 13:10:00,0.3110181311018131,0.3306772908366533,-0.12226358897989587,-0.07873594001071249,0.3869730797921765,0.9995545657015591,0.5,-0.22597024971124569,0.6492398141416693,0.2100007646891653,0.3684396969151575,0.7446474475334729,0.0
2021-11-22 13:20:00,0.3668061366806137,-0.4900398406374503,-0.12017870439314982,-0.06373861810391002,0.3869730797921765,0.9995545657015591,0.5,-0.22597024971124569,0.6492398141416693,0.2100007646891653,0.3684396969151575,0.7446474475334729,0.0
2021-11-22 13:30:00,0.3437935843793584,-0.2589641434262948,-0.11213700670141491,-0.06302445991787176,0.3828113753255421,0.40278396436525615,0.5,-0.22597024971124569,0.6492398141416693,0.2100007646891653,0.3684396969151575,0.7446474475334729,0.11079258264556333
2021-11-22 13:40:00,0.3354253835425383,-0.019920318725099695,-0.09962769918093839,-0.06980896268523484,0.37987986022954806,0.005679287305122495,0.5,-0.22597024971124569,0.6492398141416693,0.2100007646891653,0.3684396969151575,0.7446474475334729,0.18647494605971907
2021-11-22 13:50:00,0.33333333333333337,-0.03585657370517936,-0.0924795234549517,-0.06373861810391002,0.3830600306238631,0.002561247216035635,0.5,-0.22597024971124569,0.6492398141416693,0.2100007646891653,0.3684396969151575,0.7446474475334729,0.2184091011964935
2021-11-22 14:00:00,0.3898186889818689,-0.02788844621513953,-0.14162323157110956,-0.11087305838243178,0.3830600306238631,0.009020044543429844,0.5,-0.21174472345786155,0.6270304907659918,0.21301158561151737,0.4474933149383596,0.7352650310223089,0.285355402326599
2021-11-22 14:10:00,0.3821478382147839,-0.1394422310756973,-0.16336559940431883,-0.15515086591680072,0.37738022012537464,0.00022271714922048998,0.5,-0.21174472345786155,0.6270304907659918,0.21301158561151737,0.4474933149383596,0.7352650310223089,0.26835855575840795
2021-11-22 14:20:00,0.3800557880055788,0.027888446215139417,-0.16932241250930757,-0.16871987145152645,0.3791731556974781,0.00022271714922048998,0.5,-0.21174472345786155,0.6270304907659918,0.21301158561151737,0.4474933149383596,0.7352650310223089,0.2946799040391086
2021-11-22 14:30:00,0.394700139470014,-0.14741035856573714,-0.1705137751303054,-0.17371897875379394,0.3824972844223999,0.00022271714922048998,0.5,-0.21174472345786155,0.6270304907659918,0.21301158561151737,0.4474933149383596,0.7352650310223089,0.3119257057501094
2021-11-22 14:40:00,0.4100418410041841,0.13147410358565725,-0.1705137751303054,-0.17836100696304236,0.382902985172292,0.00022271714922048998,0.5,-0.21174472345786155,0.6270304907659918,0.21301158561151737,0.4474933149383596,0.7352650310223089,0.34180032288727613
2021-11-22 14:50:00,0.39609483960948394,-0.06772908366533881,-0.16723752792256152,-0.18193179789323333,0.38637107222782063,0.00022271714922048998,0.5,-0.21174472345786155,0.6270304907659918,0.21301158561151737,0.4474933149383596,0.7352650310223089,0.3038158033707018
2021-11-22 15:00:00,0.3528591352859135,-0.043824701195219196,-0.16455696202531667,-0.1808605606141761,0.3744617921503448,0.00022271714922048998,0.5,-0.1993105916404485,0.6108267937139212,0.21174065446486534,0.4986132686370695,0.7353363476778347,0.24414955414397152
2021-11-22 15:10:00,0.35006973500697347,-0.12350597609561753,-0.16425912137006715,-0.18050348152115692,0.3761238565128057,0.00022271714922048998,0.5,-0.1993105916404485,0.6108267937139212,0.21174065446486534,0.4986132686370695,0.7353363476778347,0.24986797833335847
2021-11-22 15:20:00,0.39121338912133896,-0.0916334661354582,-0.16157855547282218,-0.1837171933583288,0.37724934891573203,0.00022271714922048998,0.5,-0.1993105916404485,0.6108267937139212,0.21174065446486534,0.4986132686370695,0.7353363476778347,0.28214161775578256
2021-11-22 15:30:00,0.37308228730822873,-0.07569721115537853,-0.16157855547282218,-0.18121763970719518,0.36863802332124956,0.00022271714922048998,0.5,-0.1993105916404485,0.6108267937139212,0.21174065446486534,0.4986132686370695,0.7353363476778347,0.27509543280474374
2021-11-22 15:40:00,0.41631799163179917,0.09960159362549792,-0.16157855547282218,-0.17764684877700399,0.3710722278206018,0.00022271714922048998,0.5,-0.1993105916404485,0.6108267937139212,0.21174065446486534,0.4986132686370695,0.7353363476778347,0.31826274574890234
2021-11-22 15:50:00,0.39400278940027894,0.019920318725099362,-0.16157855547282218,-0.17800392787002317,0.3705356558610671,0.00022271714922048998,0.5,-0.1993105916404485,0.6108267937139212,0.21174065446486534,0.4986132686370695,0.7353363476778347,0.3039365088944883
2021-11-22 16:00:00,0.35704323570432356,-0.043824701195219196,-0.16157855547282218,-0.1790751651490804,0.3656148983785057,0.00022271714922048998,0.5,-0.17021622474378995,0.6118411411264729,0.19464496927737635,0.5183238183027846,0.7367978718745201,0.24777826395280414
2021-11-22 16:10:00,0.3563458856345886,0.2669322709163344,-0.16396128071481764,-0.18336011426530985,0.3650390650560783,0.00022271714922048998,0.5,-0.17021622474378995,0.6118411411264729,0.19464496927737635,0.5183238183027846,0.7367978718745201,0.2629192630927773
2021-11-22 16:20:00,0.3800557880055788,-0.0916334661354582,-0.16455696202531667,-0.18693090519550082,0.3647249741529361,0.00022271714922048998,0.5,-0.17021622474378995,0.6118411411264729,0.19464496927737635,0.5183238183027846,0.7367978718745201,0.2885314664212321
2021-11-22 16:30:00,0.35006973500697347,0.1394422310756971,-0.16455696202531667,-0.18835922156757723,0.37357186792477526,0.00022271714922048998,0.5,-0.17021622474378995,0.6118411411264729,0.19464496927737635,0.5183238183027846,0.7367978718745201,0.23355010033646664
2021-11-22 16:40:00,0.3598326359832636,-0.1394422310756973,-0.16783320923306044,-0.18514550973040522,0.37333629974741855,0.00022271714922048998,0.5,-0.17021622474378995,0.6118411411264729,0.19464496927737635,0.5183238183027846,0.7367978718745201,0.23361799719359658
2021-11-22 16:50:00,0.38702928870292885,0.33864541832669315,-0.1705137751303054,-0.19121585431173005,0.37656881862559055,0.00022271714922048998,0.5,-0.17021622474378995,0.6118411411264729,0.19464496927737635,0.5183238183027846,0.7367978718745201,0.2976371893718786
2021-11-22 17:00:00,0.3633193863319386,-0.14741035856573714,-0.17140729709605362,-0.19764327798607395,0.3738728717069532,0.00022271714922048998,0.5,-0.1690192157154422,0.608680285166679,0.1863803660286775,0.5056803167384124,0.731378148670612,0.24296513119181617
2021-11-22 17:10:00,0.40376569037656906,-0.059760956175298974,-0.1743857036485481,-0.1997857525441885,0.36426692491918705,0.00022271714922048998,0.5,-0.1690192157154422,0.608680285166679,0.1863803660286775,0.5056803167384124,0.731378148670612,0.33456553555532087
2021-11-22 17:20:00,0.41283124128312415,-0.15537848605577698,-0.18034251675353707,-0.20549901803249415,0.36137467118608574,0.00033407572383073496,0.5,-0.1690192157154422,0.608680285166679,0.1863803660286775,0.5056803167384124,0.731378148670612,0.3358555758407894
2021-11-22 17:30:00,0.47280334728033474,-0.01195219123505975,-0.1862993298585257,-0.21049812533476164,0.36137467118608574,0.00022271714922048998,0.5,-0.1690192157154422,0.608680285166679,0.1863803660286775,0.5056803167384124,0.731378148670612,0.4470781719148423
2021-11-22 17:40:00,0.4463040446304045,-0.07569721115537853,-0.19195830230826516,-0.21335475807891446,0.36137467118608574,0.00033407572383073496,0.5,-0.1690192157154422,0.608680285166679,0.1863803660286775,0.5056803167384124,0.731378148670612,0.4043408723991732
2021-11-22 17:50:00,0.43654114365411434,-0.059760956175298974,-0.19702159344750558,-0.2194251026602393,0.36137467118608574,0.00022271714922048998,0.5,-0.1690192157154422,0.608680285166679,0.1863803660286775,0.5056803167384124,0.731378148670612,0.3681669357393968
2021-11-22 18:00:00,0.42189679218967924,0.15537848605577675,-0.20208488458674623,-0.22156757721835385,0.36137467118608574,0.00022271714922048998,0.5,-0.3234319461894596,0.622973101115785,0.2833406695303832,0.4030298028373093,0.711717575865115,0.3638366250735549
2021-11-22 18:10:00,0.4344490934449094,0.2828685258964143,-0.21012658227848113,-0.22585252633458308,0.36137467118608574,0.00022271714922048998,0.5,-0.3234319461894596,0.622973101115785,0.2833406695303832,0.4030298028373093,0.711717575865115,0.3820103504986647
2021-11-22 18:20:00,0.32984658298465835,0.2589641434262948,-0.21787043931496664,-0.23477950366006073,0.3653531559592205,0.00022271714922048998,0.5,-0.3234319461894596,0.622973101115785,0.2833406695303832,0.4030298028373093,0.711717575865115,0.22149463614828677
2021-11-22 18:30:00,0.32914923291492326,0.1633466135458166,-0.22382725241995538,-0.24656311372969109,0.3726819436992056,0.00022271714922048998,0.5,-0.3234319461894596,0.622973101115785,0.2833406695303832,0.4030298028373093,0.711717575865115,0.22082321167222413
2021-11-22 18:40:00,0.3898186889818689,0.25099601593625476,-0.23067758749069256,-0.2529905374040349,0.37650338302076924,0.00022271714922048998,0.5,-0.3234319461894596,0.622973101115785,0.2833406695303832,0.4030298028373093,0.711717575865115,0.3025483953709432
2021-11-22 18:50:00,0.3723849372384937,-0.31474103585657376,-0.2357408786299332,-0.256204249241207,0.38346573137375506,0.00033407572383073496,0.5,-0.3234319461894596,0.622973101115785,0.2833406695303832,0.4030298028373093,0.711717575865115,0.28552891651704215
2021-11-22 19:00:00,0.31311018131101814,0.13147410358565725,-0.24080416976917363,-0.2612033565434745,0.3726557694572771,0.00033407572383073496,0.5,-0.35094661070907673,0.6354153795756977,0.3591620731420748,0.39188749174149734,0.7129687115793043,0.195505228057999
2021-11-22 19:10:00,0.3765690376569038,0.22709163346613526,-0.243782576321668,-0.270130333868952,0.37646412165787646,0.00044543429844097997,0.5,-0.35094661070907673,0.6354153795756977,0.3591620731420748,0.39188749174149734,0.7129687115793043,0.2727039546147231
2021-11-22 19:20:00,0.3821478382147839,-0.29083665338645437,-0.2479523454951601,-0.2672737011247991,0.38392378060750415,0.00022271714922048998,0.5,-0.35094661070907673,0.6354153795756977,0.3591620731420748,0.39188749174149734,0.7129687115793043,0.27731339680432127
2021-11-22 19:30:00,0.36052998605299863,-0.29083665338645437,-0.2479523454951601,-0.26691662203178,0.38392378060750415,0.00011135857461024499,0.5,-0.35094661070907673,0.6354153795756977,0.3591620731420748,0.39188749174149734,0.7129687115793043,0.24894759871448618
2021-11-22 19:40:00,0.3849372384937238,-0.15537848605577698,-0.2503350707371558,-0.26691662203178,0.38392378060750415,0.00022271714922048998,0.5,-0.35094661070907673,0.6354153795756977,0.3591620731420748,0.39188749174149734,0.7129687115793043,0.27425803823347467
2021-11-22 19:50:00,0.4093444909344491,0.17131474103585642,-0.2509307520476546,-0.2690590965898947,0.38392378060750415,0.00022271714922048998,0.5,-0.35094661070907673,0.6354153795756977,0.3591620731420748,0.39188749174149734,0.7129687115793043,0.3067957209891818
2021-11-22 20:00:00,0.42398884239888424,0.2589641434262948,-0.25390915860014907,-0.27620067845027674,0.38392378060750415,0.00033407572383073496,0.5,-0.36301229094700427,0.651144948233801,0.4002003916781021,0.3897091987895749,0.7317828132337594,0.32415468412873244
2021-11-22 20:10:00,0.4100418410041841,0.2111553784860556,-0.25688756515264344,-0.27762899482235315,0.38392378060750415,0.00044543429844097997,0.5,-0.36301229094700427,0.651144948233801,0.4002003916781021,0.3897091987895749,0.7317828132337594,0.3018543386091706
2021-11-22 20:20:00,0.44002789400278935,0.22709163346613526,-0.2580789277736413,-0.27762899482235315,0.3905589509363835,0.00033407572383073496,0.5,-0.36301229094700427,0.651144948233801,0.4002003916781021,0.3897091987895749,0.7317828132337594,0.3545573879324653
2021-11-22 20:30:00,0.4086471408647141,-0.07569721115537853,-0.2598659717051379,-0.27762899482235315,0.3951394432738742,0.00033407572383073496,0.5,-0.36301229094700427,0.651144948233801,0.4002003916781021,0.3897091987895749,0.7317828132337594,0.3153809013684989
2021-11-22 20:40:00,0.38702928870292885,-0.19521912350597614,-0.2598659717051379,-0.27762899482235315,0.3951394432738742,0.00033407572383073496,0.5,-0.36301229094700427,0.651144948233801,0.4002003916781021,0.3897091987895749,0.7317828132337594,0.2719872655672405
2021-11-22 20:50:00,0.401673640167364,0.05179282868525892,-0.2598659717051379,-0.27762899482235315,0.3951394432738742,0.00033407572383073496,0.5,-0.36301229094700427,0.651144948233801,0.4002003916781021,0.3897091987895749,0.7317828132337594,0.2905231075637099
2021-11-22 21:00:00,0.3884239888423989,0.1633466135458166,-0.2601638123603872,-0.28405641849669694,0.3951394432738742,0.00044543429844097997,0.5,-0.3740824815232223,0.6545069495728537,0.4287253265685607,0.3849799506649356,0.7649957466107317,0.26753624937761217
2021-11-22 21:10:00,0.2733612273361227,0.4501992031872508,-0.26552494415487726,-0.28869844670594524,0.3967229849105495,0.00044543429844097997,0.5,-0.3740824815232223,0.6545069495728537,0.4287253265685607,0.3849799506649356,0.7649957466107317,0.16713188587292727
2021-11-22 21:20:00,0.37447698744769875,-0.23505976095617542,-0.26880119136262115,-0.2922692376361363,0.4028346704008585,0.00044543429844097997,0.5,-0.3740824815232223,0.6545069495728537,0.4287253265685607,0.3849799506649356,0.7649957466107317,0.25019991852377144
2021-11-22 21:30:00,0.3368200836820084,0.33864541832669315,-0.26850335070737164,-0.29084092126406,0.39516561751580276,0.00011135857461024499,0.5,-0.3740824815232223,0.6545069495728537,0.4287253265685607,0.3849799506649356,0.7649957466107317,0.20097469710457624
2021-11-22 21:40:00,0.28172942817294283,0.4262948207171313,-0.26880119136262115,-0.2986966613104802,0.39516561751580276,0.00011135857461024499,0.5,-0.3740824815232223,0.6545069495728537,0.4287253265685607,0.3849799506649356,0.7649957466107317,0.1540504247325618
2021-11-22 21:50:00,0.2768479776847978,-0.09960159362549814,-0.26880119136262115,-0.3026245313336904,0.40697020062556444,0.00011135857461024499,0.5,-0.3740824815232223,0.6545069495728537,0.4287253265685607,0.3849799506649356,0.7649957466107317,0.15676629901775882
2021-11-22 22:00:00,0.30822873082287305,-0.3227091633466136,-0.26880119136262115,-0.3026245313336904,0.4090248786169531,0.00011135857461024499,0.5,-0.444777656631945,0.6615786464065382,0.4869171575324356,0.38071191950278616,0.8024321327273914,0.18121671167976824
2021-11-22 22:10:00,0.2705718270571827,-0.06772908366533881,-0.27237527922561433,-0.30440992679878587,0.4090248786169531,0.00011135857461024499,0.5,-0.444777656631945,0.6615786464065382,0.4869171575324356,0.38071191950278616,0.8024321327273914,0.1594746292077191
2021-11-22 22:20:00,0.2768479776847978,0.09163346613545809,-0.27475800446761,-0.3072665595429388,0.4090248786169531,0.00011135857461024499,0.5,-0.444777656631945,0.6615786464065382,0.4869171575324356,0.38071191950278616,0.8024321327273914,0.16093063958839415
2021-11-22 22:30:00,0.28870292887029286,0.11553784860557759,-0.27475800446761,-0.3133369041242635,0.4090248786169531,0.00011135857461024499,0.5,-0.444777656631945,0.6615786464065382,0.4869171575324356,0.38071191950278616,0.8024321327273914,0.17290311872897085
2021-11-22 22:40:00,0.2705718270571827,0.003984063745019917,-0.2789277736411021,-0.31405106231030167,0.4090248786169531,0.00011135857461024499,0.5,-0.444777656631945,0.6615786464065382,0.4869171575324356,0.38071191950278616,0.8024321327273914,0.15703034235104185
2021-11-22 22:50:00,0.25523012552301255,0.05976095617529875,-0.2819061801935965,-0.3169076950544545,0.4090248786169531,0.00011135857461024499,0.5,-0.444777656631945,0.6615786464065382,0.4869171575324356,0.38071191950278616,0.8024321327273914,0.143405706353637
2021-11-22 23:00:00,0.2873082287308229,-0.4661354581673308,-0.2872673119880864,-0.3169076950544545,0.4090248786169531,0.00011135857461024499,0.5,-0.47964427595946,0.6712767271922696,0.5007674156689248,0.3641512335206209,0.8283057304900465,0.15021802435233944
2021-11-22 23:10:00,0.2719665271966527,0.08366533864541825,-0.2947133283693225,-0.31762185324049275,0.39831961366818913,0.00011135857461024499,0.5,-0.47964427595946,0.6712767271922696,0.5007674156689248,0.3641512335206209,0.8283057304900465,0.13211973987959624
2021-11-22 23:20:00,0.2622036262203626,0.4422310756972112,-0.3015636634400597,-0.325834672379932,0.395231053120624,0.00011135857461024499,0.5,-0.47964427595946,0.6712767271922696,0.5007674156689248,0.3641512335206209,0.8283057304900465,0.12465862969054123
2021-11-22 23:30:00,0.3284518828451883,0.298804780876494,-0.3015636634400597,-0.32690590965898936,0.395231053120624,0.00011135857461024499,0.5,-0.47964427595946,0.6712767271922696,0.5007674156689248,0.3641512335206209,0.8283057304900465,0.19041296377325467
2021-11-22 23:40:00,0.37308228730822873,0.25099601593625476,-0.3015636634400597,-0.3179789323335118,0.395231053120624,0.00011135857461024499,0.5,-0.47964427595946,0.6712767271922696,0.5007674156689248,0.3641512335206209,0.8283057304900465,0.2507506374760475
2021-11-22 23:50:00,0.3312412831241283,0.19521912350597592,-0.3015636634400597,-0.31940724870558823,0.4014605226996113,0.00011135857461024499,0.5,-0.47964427595946,0.6712767271922696,0.5007674156689248,0.3641512335206209,0.8283057304900465,0.2130754258641761
2021-11-23 00:00:00,0.3228730822873082,0.09960159362549792,-0.3015636634400597,-0.32404927691483665,0.4064336286660298,0.00011135857461024499,0.5,-0.48732909460036833,0.6672940486829291,0.49804560413424187,0.3562499717259944,0.83603302500917,0.21489355281621078
2021-11-23 00:10:00,0.3507670850767085,0.4422310756972112,-0.3015636634400597,-0.32404927691483665,0.40751985970606325,0.00011135857461024499,0.5,-0.48732909460036833,0.6672940486829291,0.49804560413424187,0.3562499717259944,0.83603302500917,0.24127525385880472
2021-11-23 00:20:00,0.37796373779637377,0.043824701195219085,-0.3015636634400597,-0.3172647741474738,0.41785868526782793,0.00022271714922048998,0.5,-0.48732909460036833,0.6672940486829291,0.49804560413424187,0.3562499717259944,0.83603302500917,0.2800745356609382
2021-11-23 00:30:00,0.4246861924686192,0.3705179282868525,-0.29977661950856305,-0.3133369041242635,0.4190757875175041,0.00033407572383073496,0.5,-0.48732909460036833,0.6672940486829291,0.49804560413424187,0.3562499717259944,0.83603302500917,0.3523092475519411
2021-11-23 00:40:00,0.45397489539748953,-0.2270916334661356,-0.2985852568875653,-0.30940903410105336,0.4291005221761265,0.00022271714922048998,0.5,-0.48732909460036833,0.6672940486829291,0.49804560413424187,0.3562499717259944,0.83603302500917,0.3800941503085535
2021-11-23 00:50:00,0.48535564853556484,-0.3784860557768924,-0.2941176470588236,-0.3040528477057667,0.4291005221761265,0.00022271714922048998,0.5,-0.48732909460036833,0.6672940486829291,0.49804560413424187,0.3562499717259944,0.83603302500917,0.4393228420115576
2021-11-23 01:00:00,0.4504881450488145,-0.2509960159362551,-0.2914370811615786,-0.2979825031244421,0.4232636662260669,0.00022271714922048998,0.5,-0.5415360031592047,0.6686733312835672,0.5279930130490466,0.34855185694983576,0.8399273698884852,0.39458635725817404
2021-11-23 01:10:00,0.3521617852161785,-0.20318725099601598,-0.2908413998510798,-0.2979825031244421,0.41795029511457776,0.00022271714922048998,0.5,-0.5415360031592047,0.6686733312835672,0.5279930130490466,0.34855185694983576,0.8399273698884852,0.28109298851788705
2021-11-23 01:20:00,0.30474198047419804,-0.6095617529880479,-0.2935219657483248,-0.2972683449384038,0.41795029511457776,0.00033407572383073496,0.5,-0.5415360031592047,0.6686733312835672,0.5279930130490466,0.34855185694983576,0.8399273698884852,0.18685969491678864
2021-11-23 01:30:00,0.2796373779637378,-0.26693227091633476,-0.2973938942665675,-0.3058382431708624,0.4115506929630551,0.00033407572383073496,0.5,-0.5415360031592047,0.6686733312835672,0.5279930130490466,0.34855185694983576,0.8399273698884852,0.1630957949213151
2021-11-23 01:40:00,0.2510460251046025,0.3705179282868525,-0.2985852568875653,-0.3154793786823781,0.40779468924631274,0.00033407572383073496,0.5,-0.5415360031592047,0.6686733312835672,0.5279930130490466,0.34855185694983576,0.8399273698884852,0.13304766359370523
2021-11-23 01:50:00,0.2775453277545328,-0.2509960159362551,-0.2985852568875653,-0.3169076950544545,0.41788485950975646,0.00033407572383073496,0.5,-0.5415360031592047,0.6686733312835672,0.5279930130490466,0.34855185694983576,0.8399273698884852,0.14388852844878314
2021-11-23 02:00:00,0.2705718270571827,-0.4103585657370519,-0.2973938942665675,-0.3172647741474738,0.41788485950975646,0.00033407572383073496,0.5,-0.5467087338066582,0.6646561707092121,0.5361020153680964,0.35609248080201955,0.8324261513875746,0.15440499720868475
2021-11-23 02:10:00,0.30822873082287305,-0.649402390438247,-0.29679821295606856,-0.3186930905195501,0.41788485950975646,0.00033407572383073496,0.5,-0.5467087338066582,0.6646561707092121,0.5361020153680964,0.35609248080201955,0.8324261513875746,0.183826968631652
2021-11-23 02:20:00,0.30822873082287305,-0.19521912350597614,-0.3012658227848103,-0.3169076950544545,0.40661684835952944,0.00033407572383073496,0.5,-0.5467087338066582,0.6646561707092121,0.5361020153680964,0.35609248080201955,0.8324261513875746,0.18630143186927592
2021-11-23 02:30:00,0.28591352859135283,0.15537848605577675,-0.30722263588979903,-0.3233351187287984,0.4039994241666776,0.00033407572383073496,0.5,-0.5467087338066582,0.6646561707092121,0.5361020153680964,0.35609248080201955,0.8324261513875746,0.16713942996816394
2021-11-23 02:40:00,0.2838214783821479,0.40239043824701204,-0.3104988830975429,-0.32833422603106577,0.4039994241666776,0.00033407572383073496,0.5,-0.5467087338066582,0.6646561707092121,0.5361020153680964,0.35609248080201955,0.8324261513875746,0.16955354044389456
2021-11-23 02:50:00,0.2608089260808926,0.394422310756972,-0.3131794489947879,-0.33476164970540967,0.4039994241666776,0.00033407572383073496,0.5,-0.5467087338066582,0.6646561707092121,0.5361020153680964,0.35609248080201955,0.8324261513875746,0.1491543069239706
2021-11-23 03:00:00,0.25871687587168757,0.2828685258964143,-0.3164556962025318,-0.3376182824495625,0.4039994241666776,0.00033407572383073496,0.5,-0.5546012087826689,0.666256713227033,0.5526502439840331,0.36550608942572216,0.8307466072346625,0.13802676644989967
2021-11-23 03:10:00,0.2629009762900976,0.08366533864541825,-0.3185405807892778,-0.3386895197286198,0.4039994241666776,0.00033407572383073496,0.5,-0.5546012087826689,0.666256713227033,0.5526502439840331,0.36550608942572216,0.8307466072346625,0.13603512530742187
2021-11-23 03:20:00,0.25592747559274753,-0.05179282868525903,-0.32300819061801955,-0.3408319942867345,0.4039994241666776,0.00033407572383073496,0.5,-0.5546012087826689,0.666256713227033,0.5526502439840331,0.36550608942572216,0.8307466072346625,0.13091268464173092
2021-11-23 03:30:00,0.26638772663877264,-0.02788844621513953,-0.32628443782576333,-0.3454740224959829,0.4039994241666776,0.00033407572383073496,0.5,-0.5546012087826689,0.666256713227033,0.5526502439840331,0.36550608942572216,0.8307466072346625,0.1322329013081461
2021-11-23 03:40:00,0.2894002789400279,-0.33067729083665354,-0.33075204765450494,-0.3454740224959829,0.4039994241666776,0.00033407572383073496,0.5,-0.5546012087826689,0.666256713227033,0.5526502439840331,0.36550608942572216,0.8307466072346625,0.1364123300692548
2021-11-23 03:50:00,0.27615062761506276,-0.2589641434262948,-0.33492181682799715,-0.34618818068202095,0.4039994241666776,0.00033407572383073496,0.5,-0.5546012087826689,0.666256713227033,0.5526502439840331,0.36550608942572216,0.8307466072346625,0.13405102826018075
2021-11-23 04:00:00,0.2635983263598326,-0.043824701195219196,-0.3373045420699926,-0.34975897161221203,0.4039994241666776,0.00033407572383073496,0.5,-0.5864030794240456,0.666940607516517,0.6032891525608146,0.37672010319191557,0.8336666026495206,0.13307783997465183
2021-11-23 04:10:00,0.2608089260808926,0.22709163346613526,-0.33879374534623985,-0.3547580789144795,0.4039994241666776,0.00033407572383073496,0.5,-0.5864030794240456,0.666940607516517,0.6032891525608146,0.37672010319191557,0.8336666026495206,0.15138735911402146
2021-11-23 04:20:00,0.26429567642956764,0.17928286852589648,-0.3432613551749816,-0.35618639528655593,0.4039994241666776,0.00033407572383073496,0.5,-0.5864030794240456,0.666940607516517,0.6032891525608146,0.37672010319191557,0.8336666026495206,0.15514431854187727
2021-11-23 04:30:00,0.27475592747559274,0.07569721115537842,-0.3489203276247208,-0.35618639528655593,0.4039994241666776,0.00033407572383073496,0.5,-0.5864030794240456,0.666940607516517,0.6032891525608146,0.37672010319191557,0.8336666026495206,0.15079137559032546
2021-11-23 04:40:00,0.28172942817294283,-0.15537848605577698,-0.35428145941921074,-0.359757186216747,0.4039994241666776,0.00033407572383073496,0.5,-0.5864030794240456,0.666940607516517,0.6032891525608146,0.37672010319191557,0.8336666026495206,0.14119528644929613
2021-11-23 04:50:00,0.23221757322175732,0.09163346613545809,-0.35845122859270295,-0.3611855025888234,0.4039994241666776,0.00033407572383073496,0.5,-0.5864030794240456,0.666940607516517,0.6032891525608146,0.37672010319191557,0.8336666026495206,0.11522096654948172
2021-11-23 05:00:00,0.25313807531380755,0.03585657370517925,-0.3611317944899479,-0.3665416889841099,0.4039994241666776,0.00033407572383073496,0.5,-0.5916226378091289,0.6577683782222791,0.6184604334227753,0.3801547162521309,0.8416214995371776,0.12877016159451998
2021-11-23 05:10:00,0.2894002789400279,-0.2749003984063746,-0.3635145197319435,-0.36689876807712907,0.4039994241666776,0.00033407572383073496,0.5,-0.5916226378091289,0.6577683782222791,0.6184604334227753,0.3801547162521309,0.8416214995371776,0.14474101121052554
2021-11-23 05:20:00,0.2824267782426778,-0.29083665338645437,-0.3670886075949368,-0.36689876807712907,0.4039994241666776,0.00033407572383073496,0.5,-0.5916226378091289,0.6577683782222791,0.6184604334227753,0.3801547162521309,0.8416214995371776,0.1336134707364546
2021-11-23 05:30:00,0.30264993026499304,-0.1633466135458168,-0.36530156366344013,-0.36689876807712907,0.4039994241666776,0.00033407572383073496,0.5,-0.5916226378091289,0.6577683782222791,0.6184604334227753,0.3801547162521309,0.8416214995371776,0.1698703924438342
2021-11-23 05:40:00,0.34309623430962344,-0.17131474103585675,-0.3647058823529413,-0.36368505623995717,0.4039994241666776,0.00033407572383073496,0.5,-0.5916226378091289,0.6577683782222791,0.6184604334227753,0.3801547162521309,0.8416214995371776,0.22763552967092657
2021-11-23 05:50:00,0.3758716875871687,-0.36254980079681276,-0.3611317944899479,-0.35582931619353686,0.4039994241666776,0.00033407572383073496,0.5,-0.5916226378091289,0.6577683782222791,0.6184604334227753,0.3801547162521309,0.8416214995371776,0.24976236100004526
2021-11-23 06:00:00,0.3521617852161785,-0.2828685258964144,-0.3611317944899479,-0.3476164970540975,0.4039994241666776,0.00033407572383073496,0.5,-0.6295967978365853,0.6571505745574078,0.6290803553889726,0.38901859837570224,0.8796390185993583,0.22301854338609173
2021-11-23 06:10:00,0.3458856345885635,-0.24302788844621515,-0.3638123603871929,-0.34975897161221203,0.4039994241666776,0.00033407572383073496,0.5,-0.6295967978365853,0.6571505745574078,0.6290803553889726,0.38901859837570224,0.8796390185993583,0.22445946557629343
2021-11-23 06:20:00,0.33821478382147835,-0.47410358565737054,-0.3670886075949368,-0.35083020889126937,0.4039994241666776,0.00033407572383073496,0.5,-0.6295967978365853,0.6571505745574078,0.6290803553889726,0.38901859837570224,0.8796390185993583,0.18937187863059585
2021-11-23 06:30:00,0.29567642956764295,0.06772908366533859,-0.3670886075949368,-0.3579717907516514,0.4039994241666776,0.00033407572383073496,0.5,-0.6295967978365853,0.6571505745574078,0.6290803553889726,0.38901859837570224,0.8796390185993583,0.17939858472773362
2021-11-23 06:40:00,0.30404463040446306,-0.17131474103585675,-0.3676842889054357,-0.3583288698446706,0.4039994241666776,0.00033407572383073496,0.5,-0.6295967978365853,0.6571505745574078,0.6290803553889726,0.38901859837570224,0.8796390185993583,0.17135657920545588
2021-11-23 06:50:00,0.27266387726638774,-0.15537848605577698,-0.37006701414743126,-0.3629708980539189,0.4039994241666776,0.00033407572383073496,0.5,-0.6295967978365853,0.6571505745574078,0.6290803553889726,0.38901859837570224,0.8796390185993583,0.14651387359114024
2021-11-23 07:00:00,0.25592747559274753,0.14741035856573692,-0.371258376768429,-0.3683270844492056,0.4039994241666776,0.00033407572383073496,0.5,-0.6313067773811354,0.6605901605427474,0.6420635853624544,0.35432391739513375,0.8546175736343872,0.13872836730690888
2021-11-23 07:10:00,0.24546722454672246,0.22709163346613526,-0.37364110201042455,-0.37332619175147286,0.4039994241666776,0.00033407572383073496,0.5,-0.6313067773811354,0.6605901605427474,0.6420635853624544,0.35432391739513375,0.8546175736343872,0.12452283597628137
2021-11-23 07:20:00,0.2398884239888424,0.2589641434262948,-0.37602382725242,-0.37689698268166394,0.4039994241666776,0.00033407572383073496,0.5,-0.6313067773811354,0.6605901605427474,0.6420635853624544,0.35432391739513375,0.8546175736343872,0.12812891349940403
2021-11-23 07:30:00,0.26429567642956764,0.2749003984063745,-0.37602382725242,-0.3758257454026066,0.4039994241666776,0.00033407572383073496,0.5,-0.6313067773811354,0.6605901605427474,0.6420635853624544,0.35432391739513375,0.8546175736343872,0.15118366854263168
2021-11-23 07:40:00,0.3277545327754533,0.08366533864541825,-0.37364110201042455,-0.37368327084449204,0.4156862231877609,0.00033407572383073496,0.5,-0.6313067773811354,0.6605901605427474,0.6420635853624544,0.35432391739513375,0.8546175736343872,0.232327956908128
2021-11-23 07:50:00,0.402370990237099,0.019920318725099362,-0.3682799702159346,-0.36404213533297614,0.41788485950975646,0.00033407572383073496,0.5,-0.6313067773811354,0.6605901605427474,0.6420635853624544,0.35432391739513375,0.8546175736343872,0.3519546750758181
2021-11-23 08:00:00,0.44072524407252445,0.17928286852589648,-0.3641102010424424,-0.3579717907516514,0.41788485950975646,0.00033407572383073496,0.5,-0.634490629949807,0.668449197860964,0.6701346525045727,0.3850306244094177,0.856575345914296,0.421873349729167
2021-11-23 08:10:00,0.4776847977684798,0.2589641434262948,-0.35874906924795247,-0.3504731297982504,0.41788485950975646,0.00022271714922048998,0.5,-0.634490629949807,0.668449197860964,0.6701346525045727,0.3850306244094177,0.856575345914296,0.4830861384794122
2021-11-23 08:20:00,0.5620641562064157,0.41035856573705165,-0.35428145941921074,-0.3458311015890019,0.41788485950975646,0.00022271714922048998,0.5,-0.634490629949807,0.668449197860964,0.6701346525045727,0.3850306244094177,0.856575345914296,0.6381323837832129
2021-11-23 08:30:00,0.6841004184100419,0.1633466135458166,-0.34713328369322427,-0.3376182824495625,0.4241143290887438,0.00022271714922048998,0.5,-0.634490629949807,0.668449197860964,0.6701346525045727,0.3850306244094177,0.856575345914296,0.8612640885978545
2021-11-23 08:40:00,0.7266387726638772,-0.1872509960159363,-0.33521965748324656,-0.3244063560078556,0.429179044901912,0.00022271714922048998,0.5,-0.634490629949807,0.668449197860964,0.6701346525045727,0.3850306244094177,0.856575345914296,0.9687297252440514
2021-11-23 08:50:00,0.7154811715481172,-0.08366533864541836,-0.3292628443782577,-0.3136939832172826,0.429179044901912,0.00011135857461024499,0.5,-0.634490629949807,0.668449197860964,0.6701346525045727,0.3850306244094177,0.856575345914296,0.9592392534363354
2021-11-23 09:00:00,0.6652719665271966,-0.1633466135458168,-0.33075204765450494,-0.30619532226388146,0.429179044901912,0.00011135857461024499,0.5,-0.6361029182952702,0.6851385173286764,0.6792140364973583,0.38935371410928277,0.8582929654636515,0.7906589012779697
2021-11-23 09:10:00,0.5278940027894004,0.043824701195219085,-0.34236783320923314,-0.30476700589180505,0.429179044901912,0.00011135857461024499,0.5,-0.6361029182952702,0.6851385173286764,0.6792140364973583,0.38935371410928277,0.8582929654636515,0.5395838677067459
2021-11-23 09:20:00,0.5118549511854951,0.22709163346613526,-0.3489203276247208,-0.30655240135690043,0.429179044901912,0.00011135857461024499,0.5,-0.6361029182952702,0.6851385173286764,0.6792140364973583,0.38935371410928277,0.8582929654636515,0.5888392655068877
2021-11-23 09:30:00,0.5592747559274756,0.2749003984063745,-0.3405807892777365,-0.30619532226388146,0.429179044901912,0.00022271714922048998,0.5,-0.6361029182952702,0.6851385173286764,0.6792140364973583,0.38935371410928277,0.8582929654636515,0.6920047678681895
2021-11-23 09:40:00,0.6262203626220363,0.17928286852589648,-0.33104988830975446,-0.30155329405463305,0.429179044901912,0.00033407572383073496,0.5,-0.6361029182952702,0.6851385173286764,0.6792140364973583,0.38935371410928277,0.8582929654636515,0.8348597552695506
2021-11-23 09:50:00,0.6220362622036262,0.2669322709163344,-0.3224125093075205,-0.2926263167291554,0.429179044901912,0.018374164810690423,0.5,-0.6361029182952702,0.6851385173286764,0.6792140364973583,0.38935371410928277,0.8582929654636515,0.7571555743319703
2021-11-23 10:00:00,0.6262203626220363,0.2111553784860556,-0.3134772896500374,-0.2844134975897161,0.429179044901912,0.005011135857461025,0.5,-0.4311862059626652,0.699207199855175,0.5062029226343808,0.34026608947227877,0.8460337167684745,0.8009792235617182
2021-11-23 10:10:00,0.5606694560669455,0.05976095617529875,-0.3104988830975429,-0.27620067845027674,0.4354608629647564,0.0010022271714922048,0.5,-0.4311862059626652,0.699207199855175,0.5062029226343808,0.34026608947227877,0.8460337167684745,0.6856828160598699
2021-11-23 10:20:00,0.5097629009762901,-0.31474103585657376,-0.30841399851079676,-0.2676307802178183,0.43881116593160674,0.000779510022271715,0.5,-0.4311862059626652,0.699207199855175,0.5062029226343808,0.34026608947227877,0.8460337167684745,0.5535102675136171
2021-11-23 10:30:00,0.5564853556485356,0.08366533864541825,-0.3057334326135518,-0.26691662203178,0.429179044901912,0.00044543429844097997,0.5,-0.4311862059626652,0.699207199855175,0.5062029226343808,0.34026608947227877,0.8460337167684745,0.6391055720687417
2021-11-23 10:40:00,0.5299860529986052,-0.02788844621513953,-0.30394638868205526,-0.26620246384574175,0.4291659577809478,0.00011135857461024499,0.5,-0.4311862059626652,0.699207199855175,0.5062029226343808,0.34026608947227877,0.8460337167684745,0.5871342999834029
2021-11-23 10:50:00,0.4735006973500697,-0.11553784860557781,-0.29918093819806413,-0.2604891983574361,0.4291659577809478,0.00022271714922048998,0.5,-0.4311862059626652,0.699207199855175,0.5062029226343808,0.34026608947227877,0.8460337167684745,0.46686633372059694
2021-11-23 11:00:00,0.45258019525801957,-0.3466135458167332,-0.2911392405063292,-0.2547759328691306,0.42819751082959256,0.00033407572383073496,0.5,-0.40657856336903564,0.703187004859099,0.4451710893726341,0.36933708779424695,0.8047604799684692,0.4106175596360728
2021-11-23 11:10:00,0.4191073919107392,-0.15537848605577698,-0.282204020848846,-0.2526334583110159,0.41715198073575793,0.00033407572383073496,0.5,-0.40657856336903564,0.703187004859099,0.4451710893726341,0.36933708779424695,0.8047604799684692,0.3593554325029799
2021-11-23 11:20:00,0.4456066945606694,-0.1872509960159363,-0.27207743857036504,-0.2497768255668631,0.4066691968433864,0.00033407572383073496,0.5,-0.40657856336903564,0.703187004859099,0.4451710893726341,0.36933708779424695,0.8047604799684692,0.4151289285875945
2021-11-23 11:30:00,0.4776847977684798,-0.0916334661354582,-0.2631422189128817,-0.2447777182645956,0.39660520082187123,0.00033407572383073496,0.5,-0.40657856336903564,0.703187004859099,0.4451710893726341,0.36933708779424695,0.8047604799684692,0.4860811442883656
2021-11-23 11:40:00,0.2907949790794979,-0.02788844621513953,-0.2637379002233806,-0.24192108552044278,0.3783748413186583,0.00022271714922048998,0.5,-0.40657856336903564,0.703187004859099,0.4451710893726341,0.36933708779424695,0.8047604799684692,0.15710578330340844
2021-11-23 11:50:00,0.2601115760111576,-0.3466135458167332,-0.26582278481012667,-0.24299232279950012,0.3754564133436285,0.00033407572383073496,0.5,-0.40657856336903564,0.703187004859099,0.4451710893726341,0.36933708779424695,0.8047604799684692,0.13761938530712012
2021-11-23 12:00:00,0.2733612273361227,-0.3944223107569722,-0.26850335070737164,-0.24549187645063375,0.3684286293858214,0.00033407572383073496,0.5,-0.38285844648646883,0.7070288816029563,0.3942143846021277,0.47700654452015717,0.7719089631728712,0.15001433378094964
2021-11-23 12:10:00,0.3193863319386332,-0.02788844621513953,-0.2667163067758751,-0.24799143010176738,0.3684286293858214,0.00022271714922048998,0.5,-0.38285844648646883,0.7070288816029563,0.3942143846021277,0.47700654452015717,0.7719089631728712,0.1958296241531753
2021-11-23 12:20:00,0.32496513249651326,0.2589641434262948,-0.2583767684288907,-0.25013390465988217,0.36988129981285417,0.0071269487750556795,0.5,-0.38285844648646883,0.7070288816029563,0.3942143846021277,0.47700654452015717,0.7719089631728712,0.20587081491316747
2021-11-23 12:30:00,0.402370990237099,0.043824701195219085,-0.24467609828741632,-0.24549187645063375,0.379722814777977,0.06870824053452115,0.5,-0.38285844648646883,0.7070288816029563,0.3942143846021277,0.47700654452015717,0.7719089631728712,0.17526442053804486
2021-11-23 12:40:00,0.5097629009762901,0.043824701195219085,-0.2276991809381982,-0.23799321549723262,0.39862061745036714,0.10979955456570156,0.5,-0.38285844648646883,0.7070288816029563,0.3942143846021277,0.47700654452015717,0.7719089631728712,0.2211928723388204
2021-11-23 12:50:00,0.5251046025104603,-0.03585657370517936,-0.2163812360387194,-0.2272808427066595,0.3973773409587625,0.07516703786191536,0.5,-0.38285844648646883,0.7070288816029563,0.3942143846021277,0.47700654452015717,0.7719089631728712,0.3241924046049158
2021-11-23 13:00:00,0.5543933054393305,0.10756972111553775,-0.20625465376023833,-0.21049812533476164,0.4018662234495034,0.034966592427616926,0.5,-0.22649139173437072,0.6929946811414723,0.250959443955576,0.5419659996019364,0.7538901986832984,0.5598246752267001
2021-11-23 13:10:00,0.48884239888423986,0.06772908366533859,-0.19910647803425174,-0.20585609712551323,0.40482391278742597,0.013028953229398663,0.5,-0.22649139173437072,0.6929946811414723,0.250959443955576,0.5419659996019364,0.7538901986832984,0.4766359370520693
2021-11-23 13:20:00,0.4700139470013947,0.17928286852589648,-0.19434102755026073,-0.201571148009284,0.390428079726741,0.02271714922048998,0.5,-0.22649139173437072,0.6929946811414723,0.250959443955576,0.5419659996019364,0.7538901986832984,0.41020263439805665
2021-11-23 13:30:00,0.5209205020920502,0.027888446215139417,-0.19017125837676851,-0.19657204070701662,0.386842208582534,0.016592427616926503,0.5,-0.22649139173437072,0.6929946811414723,0.250959443955576,0.5419659996019364,0.7538901986832984,0.5474221826576339
2021-11-23 13:40:00,0.509065550906555,0.10756972111553775,-0.18332092330603145,-0.1919300124977681,0.3997330227323291,0.02405345211581292,0.5,-0.22649139173437072,0.6929946811414723,0.250959443955576,0.5419659996019364,0.7538901986832984,0.48918931152586875
2021-11-23 13:50:00,0.5683403068340307,-0.17928286852589637,-0.177661950856292,-0.18478843063738626,0.39947128031304396,0.046213808463251675,0.5,-0.22649139173437072,0.6929946811414723,0.250959443955576,0.5419659996019364,0.7538901986832984,0.5288561642802179
2021-11-23 14:00:00,0.5934449093444909,0.13147410358565725,-0.17140729709605362,-0.17550437421888943,0.38994385625106337,0.0071269487750556795,0.5,-0.21082457842528735,0.6708859304554221,0.22605099424175112,0.5725133984892765,0.74217087008563,0.7559032545226851
2021-11-23 14:10:00,0.5753138075313807,-0.07569721115537853,-0.1705137751303054,-0.1680057132654883,0.3937391213306985,0.018708240534521157,0.5,-0.21082457842528735,0.6708859304554221,0.22605099424175112,0.5725133984892765,0.74217087008563,0.6662190503492916
2021-11-23 14:20:00,0.5209205020920502,-0.05179282868525903,-0.16693968726731212,-0.15443670773076235,0.39516561751580276,0.03418708240534521,0.5,-0.21082457842528735,0.6708859304554221,0.22605099424175112,0.5725133984892765,0.74217087008563,0.4299078111562081
2021-11-23 14:30:00,0.4721059972105997,0.07569721115537842,-0.162174236783321,-0.14943760042849485,0.3956498409914803,0.026391982182628063,0.5,-0.21082457842528735,0.6708859304554221,0.22605099424175112,0.5725133984892765,0.74217087008563,0.35879716945546725
2021-11-23 14:40:00,0.46513249651324967,-0.03585657370517936,-0.16157855547282218,-0.15800749866095343,0.3900223789768488,0.014699331848552339,0.5,-0.21082457842528735,0.6708859304554221,0.22605099424175112,0.5725133984892765,0.74217087008563,0.411409689635922
2021-11-23 14:50:00,0.4693165969316597,-0.17928286852589637,-0.15770662695457938,-0.15872165684699147,0.3919200115166665,0.00044543429844097997,0.5,-0.21082457842528735,0.6708859304554221,0.22605099424175112,0.5725133984892765,0.74217087008563,0.4661421005778777
2021-11-23 15:00:00,0.4302649930264993,-0.06772908366533881,-0.15353685778108728,-0.15729334047491517,0.38825561764667393,0.00033407572383073496,0.5,-0.20236416704161098,0.645708275982956,0.21497225877639337,0.5841095492459732,0.7461806273893964,0.37489626869049597
2021-11-23 15:10:00,0.38284518828451886,0.01195219123505975,-0.15174981384959063,-0.15515086591680072,0.3852194055829658,0.00033407572383073496,0.5,-0.20236416704161098,0.645708275982956,0.21497225877639337,0.5841095492459732,0.7461806273893964,0.30204294099008705
2021-11-23 15:20:00,0.36750348675034866,0.05976095617529875,-0.14906924795234555,-0.15407962863774327,0.3766735155933047,0.00033407572383073496,0.5,-0.20236416704161098,0.645708275982956,0.21497225877639337,0.5841095492459732,0.7461806273893964,0.2705614315675121
2021-11-23 15:30:00,0.36959553695955366,-0.03585657370517936,-0.15145197319434112,-0.15122299589359034,0.37531245501302163,0.00022271714922048998,0.5,-0.20236416704161098,0.645708275982956,0.21497225877639337,0.5841095492459732,0.7461806273893964,0.2699126393771595
2021-11-23 15:40:00,0.3688981868898187,0.09960159362549792,-0.14996276991809387,-0.16014997321906788,0.3808090458180105,0.00033407572383073496,0.5,-0.20236416704161098,0.645708275982956,0.21497225877639337,0.5841095492459732,0.7461806273893964,0.27804517404227713
2021-11-23 15:50:00,0.398884239888424,0.003984063745019917,-0.1466865227103501,-0.17014818782360286,0.3844472654460745,0.00022271714922048998,0.5,-0.20236416704161098,0.645708275982956,0.21497225877639337,0.5841095492459732,0.7461806273893964,0.321604779938742
2021-11-23 16:00:00,0.3842398884239888,0.019920318725099362,-0.1466865227103501,-0.17336189966077487,0.38172514428550863,0.00022271714922048998,0.5,-0.17272421030723872,0.6408434313102891,0.19510669950137957,0.5796424123077792,0.7531424342983665,0.2925449250871343
2021-11-23 16:10:00,0.39609483960948394,0.06772908366533859,-0.1466865227103501,-0.17193358328869845,0.38069126172933215,0.00022271714922048998,0.5,-0.17272421030723872,0.6408434313102891,0.19510669950137957,0.5796424123077792,0.7531424342983665,0.2951400938485448
2021-11-23 16:20:00,0.3103207810320781,0.2111553784860556,-0.1466865227103501,-0.1712194251026602,0.37213228461870673,0.00022271714922048998,0.5,-0.17272421030723872,0.6408434313102891,0.19510669950137957,0.5796424123077792,0.7531424342983665,0.17945893748962688
2021-11-23 16:30:00,0.3326359832635983,0.05179282868525892,-0.1466865227103501,-0.17764684877700399,0.37815236026226595,0.00033407572383073496,0.5,-0.17272421030723872,0.6408434313102891,0.19510669950137957,0.5796424123077792,0.7531424342983665,0.21057078624560557
2021-11-23 16:40:00,0.3598326359832636,-0.02788844621513953,-0.1466865227103501,-0.18121763970719518,0.3734540838360969,0.00033407572383073496,0.5,-0.17272421030723872,0.6408434313102891,0.19510669950137957,0.5796424123077792,0.7531424342983665,0.2410640191921783
2021-11-23 16:50:00,0.33333333333333337,-0.2509960159362551,-0.1466865227103501,-0.18693090519550082,0.37824397010901567,0.00033407572383073496,0.5,-0.17272421030723872,0.6408434313102891,0.19510669950137957,0.5796424123077792,0.7531424342983665,0.20839054272221136
2021-11-23 17:00:00,0.37517433751743373,0.019920318725099362,-0.14906924795234555,-0.1933583288698446,0.3844472654460745,0.00022271714922048998,0.5,-0.16294465088153898,0.6303206544695947,0.17584997483373718,0.5328224671189856,0.7510628896620685,0.2568311782367941
2021-11-23 17:10:00,0.3312412831241283,-0.05179282868525903,-0.15204765450484004,-0.19300124977682553,0.3792516784232637,0.00022271714922048998,0.5,-0.16294465088153898,0.6303206544695947,0.17584997483373718,0.5328224671189856,0.7510628896620685,0.2040602320563695
2021-11-23 17:20:00,0.33403068340306835,0.2111553784860556,-0.15383469843633668,-0.19942867345116932,0.37993220871340516,0.00033407572383073496,0.5,-0.16294465088153898,0.6303206544695947,0.17584997483373718,0.5328224671189856,0.7510628896620685,0.2014047105330658
2021-11-23 17:30:00,0.31241283124128316,-0.17131474103585675,-0.15621742367833225,-0.2062131762185324,0.37993220871340516,0.00033407572383073496,0.5,-0.16294465088153898,0.6303206544695947,0.17584997483373718,0.5328224671189856,0.7510628896620685,0.1848605096790742
2021-11-23 17:40:00,0.35146443514644354,0.05976095617529875,-0.16098287416232326,-0.2126405998928762,0.37993220871340516,0.00033407572383073496,0.5,-0.16294465088153898,0.6303206544695947,0.17584997483373718,0.5328224671189856,0.7510628896620685,0.23004209605142056
2021-11-23 17:50:00,0.3270571827057183,-0.019920318725099695,-0.16455696202531667,-0.2144259953579718,0.3772755231576605,0.00033407572383073496,0.5,-0.16294465088153898,0.6303206544695947,0.17584997483373718,0.5328224671189856,0.7510628896620685,0.20107277034265278
2021-11-23 18:00:00,0.26429567642956764,0.003984063745019917,-0.1699180938198066,-0.222281735404392,0.3737681747392391,0.00033407572383073496,0.5,-0.33536124564450354,0.6398348309085745,0.29020080636028633,0.3976699039151507,0.7531389575652135,0.141044404544563
2021-11-23 18:10:00,0.26429567642956764,0.49003984063745,-0.1740878629932987,-0.23299410819496513,0.36998599678056826,0.00033407572383073496,0.5,-0.33536124564450354,0.6398348309085745,0.29020080636028633,0.3976699039151507,0.7531389575652135,0.13512228978378624
2021-11-23 18:20:00,0.37308228730822873,0.17928286852589648,-0.17944899478778864,-0.23477950366006073,0.3825758071481855,0.00011135857461024499,0.5,-0.33536124564450354,0.6398348309085745,0.29020080636028633,0.3976699039151507,0.7531389575652135,0.25061484376178766
2021-11-23 18:30:00,0.39191073919107394,-0.03585657370517936,-0.182427401340283,-0.23477950366006073,0.3825758071481855,0.00022271714922048998,0.5,-0.33536124564450354,0.6398348309085745,0.29020080636028633,0.3976699039151507,0.7531389575652135,0.2751029768999804
2021-11-23 18:40:00,0.3103207810320781,-0.5139442231075697,-0.1862993298585257,-0.2383502945902518,0.37505071259373657,0.00033407572383073496,0.5,-0.33536124564450354,0.6398348309085745,0.29020080636028633,0.3976699039151507,0.7531389575652135,0.16934230577726814
2021-11-23 18:50:00,0.30474198047419804,0.2589641434262948,-0.19195830230826516,-0.24192108552044278,0.3579851068563427,0.00033407572383073496,0.5,-0.33536124564450354,0.6398348309085745,0.29020080636028633,0.3976699039151507,0.7531389575652135,0.17070024291986663
2021-11-23 19:00:00,0.2391910739191074,0.2350597609561753,-0.19851079672375294,-0.25013390465988217,0.3676695763698944,0.00033407572383073496,0.5,-0.365294309329226,0.6359383575617747,0.34008694629941805,0.34000532536664124,0.7303463050101856,0.117974561310862
2021-11-23 19:10:00,0.28172942817294283,0.08366533864541825,-0.20178704393149682,-0.2572754865202642,0.37143866720760105,0.00033407572383073496,0.5,-0.365294309329226,0.6359383575617747,0.34008694629941805,0.34000532536664124,0.7303463050101856,0.1498634518762165
2021-11-23 19:20:00,0.2524407252440725,-0.2828685258964144,-0.21012658227848113,-0.2626316729155508,0.3652877203543992,0.00033407572383073496,0.5,-0.365294309329226,0.6359383575617747,0.34008694629941805,0.34000532536664124,0.7303463050101856,0.12167116797682455
2021-11-23 19:30:00,0.2503486750348675,0.31474103585657365,-0.21995532390171268,-0.26691662203178,0.35760558034837914,0.00044543429844097997,0.5,-0.365294309329226,0.6359383575617747,0.34008694629941805,0.34000532536664124,0.7303463050101856,0.11657135959684356
2021-11-23 19:40:00,0.12482566248256625,0.4262948207171313,-0.22620997766195106,-0.2740582038921622,0.3640313567418303,0.00022271714922048998,0.5,-0.365294309329226,0.6359383575617747,0.34008694629941805,0.34000532536664124,0.7303463050101856,0.039131221992546435
2021-11-23 19:50:00,0.15132496513249652,0.003984063745019917,-0.23276247207743872,-0.2747723620782002,0.3741215270052741,0.00022271714922048998,0.5,-0.365294309329226,0.6359383575617747,0.34008694629941805,0.34000532536664124,0.7303463050101856,0.04824448903842962
2021-11-23 20:00:00,0.23849372384937237,0.38645418326693215,-0.23842144452717806,-0.28262810212462053,0.379068458729764,0.00033407572383073496,0.5,-0.37712791877055185,0.6469094012476756,0.3784579833739075,0.33178617058299037,0.723849370557261,0.10103052340932751
2021-11-23 20:10:00,0.24895397489539747,-0.2749003984063746,-0.23901712583767698,-0.28691305124084987,0.3832694245592912,0.00033407572383073496,0.5,-0.37712791877055185,0.6469094012476756,0.3784579833739075,0.33178617058299037,0.723849370557261,0.1012719344569006
2021-11-23 20:20:00,0.15620641562064158,0.3067729083665336,-0.2431868950111692,-0.2883413676129263,0.3761500307547343,0.00022271714922048998,0.5,-0.37712791877055185,0.6469094012476756,0.3784579833739075,0.33178617058299037,0.723849370557261,0.05100562789504655
2021-11-23 20:30:00,0.19665271966527195,0.593625498007968,-0.24973938942665685,-0.2883413676129263,0.3761500307547343,0.00033407572383073496,0.5,-0.37712791877055185,0.6469094012476756,0.3784579833739075,0.33178617058299037,0.723849370557261,0.06854564932027703
2021-11-23 20:40:00,0.22733612273361226,0.5298804780876492,-0.2509307520476546,-0.2940546331012319,0.3775896140608027,0.00022271714922048998,0.5,-0.37712791877055185,0.6469094012476756,0.3784579833739075,0.33178617058299037,0.723849370557261,0.08180816874632225
2021-11-23 20:50:00,0.201534170153417,0.2669322709163344,-0.25390915860014907,-0.29976789858953756,0.3899307691300991,0.00033407572383073496,0.5,-0.37712791877055185,0.6469094012476756,0.3784579833739075,0.33178617058299037,0.723849370557261,0.06773843112995459
2021-11-23 21:00:00,0.22524407252440726,0.09960159362549792,-0.2598659717051379,-0.30476700589180505,0.3899307691300991,0.00033407572383073496,0.5,-0.38557405503193065,0.6537454706370868,0.41085987965086046,0.34755465551961645,0.7613167932973862,0.07667818398539464
2021-11-23 21:10:00,0.22873082287308227,0.4501992031872508,-0.26075949367088613,-0.3101231922870915,0.3899307691300991,0.00022271714922048998,0.5,-0.38557405503193065,0.6537454706370868,0.41085987965086046,0.34755465551961645,0.7613167932973862,0.08313592950797412
2021-11-23 21:20:00,0.17852161785216178,0.7370517928286848,-0.26522710349962786,-0.30833779682199614,0.3906112994202406,0.00022271714922048998,0.5,-0.38557405503193065,0.6537454706370868,0.41085987965086046,0.34755465551961645,0.7613167932973862,0.0724006819862094
2021-11-23 21:30:00,0.21687587168758715,0.4661354581673305,-0.26582278481012667,-0.30940903410105336,0.41049063616495,0.00033407572383073496,0.5,-0.38557405503193065,0.6537454706370868,0.41085987965086046,0.34755465551961645,0.7613167932973862,0.08970683645910346
2021-11-23 21:40:00,0.24337517433751746,-0.19521912350597614,-0.26582278481012667,-0.3133369041242635,0.4202405412833231,0.00044543429844097997,0.5,-0.38557405503193065,0.6537454706370868,0.41085987965086046,0.34755465551961645,0.7613167932973862,0.11344810416886703
2021-11-23 21:50:00,0.16875871687587168,-0.4661354581673308,-0.2673119880863739,-0.31440814140332085,0.4130687989949091,0.00022271714922048998,0.5,-0.38557405503193065,0.6537454706370868,0.41085987965086046,0.34755465551961645,0.7613167932973862,0.059643616941020265
2021-11-23 22:00:00,0.1297071129707113,0.298804780876494,-0.26880119136262115,-0.3101231922870915,0.40379003023124943,0.00033407572383073496,0.5,-0.4453079374015876,0.6501593358754267,0.4808484676478783,0.34794318436334876,0.8135721092605153,0.03636253904069285
2021-11-23 22:10:00,0.1680613668061367,0.5059760956175297,-0.26880119136262115,-0.30619532226388146,0.4122704846160893,0.00033407572383073496,0.5,-0.4453079374015876,0.6501593358754267,0.4808484676478783,0.34794318436334876,0.8135721092605153,0.05536611494183503
2021-11-23 22:20:00,0.2510460251046025,-0.4342629482071714,-0.2673119880863739,-0.31262274593822525,0.4202405412833231,0.00033407572383073496,0.5,-0.4453079374015876,0.6501593358754267,0.4808484676478783,0.34794318436334876,0.8135721092605153,0.1058059356941322
2021-11-23 22:30:00,0.31520223152022314,-0.21912350597609564,-0.26165301563663446,-0.3133369041242635,0.4202405412833231,0.00022271714922048998,0.5,-0.4453079374015876,0.6501593358754267,0.4808484676478783,0.34794318436334876,0.8135721092605153,0.16118713882644053
2021-11-23 22:40:00,0.3716875871687587,0.3306772908366533,-0.2580789277736413,-0.3086948759150152,0.42027980264621584,0.00022271714922048998,0.5,-0.4453079374015876,0.6501593358754267,0.4808484676478783,0.34794318436334876,0.8135721092605153,0.22697164929010066
2021-11-23 22:50:00,0.2622036262203626,0.05179282868525892,-0.25688756515264344,-0.30619532226388146,0.43143002970776456,0.00022271714922048998,0.5,-0.4453079374015876,0.6501593358754267,0.4808484676478783,0.34794318436334876,0.8135721092605153,0.12962264435626236
2021-11-23 23:00:00,0.21617852161785217,0.38645418326693215,-0.259270290394639,-0.30619532226388146,0.43678266218214656,0.00033407572383073496,0.5,-0.49021980686560007,0.6459036743513775,0.5227893223015191,0.3359314727386555,0.8625458434476839,0.06585240732079002
2021-11-23 23:10:00,0.2670850767085077,0.043824701195219085,-0.26165301563663446,-0.30976611319407255,0.44535472641373625,0.00044543429844097997,0.5,-0.49021980686560007,0.6459036743513775,0.5227893223015191,0.3359314727386555,0.8625458434476839,0.10433483712298386
2021-11-23 23:20:00,0.2712691771269177,-0.06772908366533881,-0.2556962025316457,-0.30940903410105336,0.44535472641373625,0.00044543429844097997,0.5,-0.49021980686560007,0.6459036743513775,0.5227893223015191,0.3359314727386555,0.8625458434476839,0.10901217616971197
2021-11-23 23:30:00,0.2210599721059972,0.05179282868525892,-0.2548026805658973,-0.30655240135690043,0.44535472641373625,0.00044543429844097997,0.5,-0.49021980686560007,0.6459036743513775,0.5227893223015191,0.3359314727386555,0.8625458434476839,0.07949967560390482
2021-11-23 23:40:00,0.21338912133891214,0.13147410358565725,-0.25748324646314225,-0.3072665595429388,0.44535472641373625,0.00044543429844097997,0.5,-0.49021980686560007,0.6459036743513775,0.5227893223015191,0.3359314727386555,0.8625458434476839,0.06765544608235136
2021-11-23 23:50:00,0.19525801952580193,0.4661354581673305,-0.2628443782576322,-0.31297982503124433,0.44535472641373625,0.00044543429844097997,0.5,-0.49021980686560007,0.6459036743513775,0.5227893223015191,0.3359314727386555,0.8625458434476839,0.06785159255850445
2021-11-24 00:00:00,0.18758716875871687,0.47410358565737054,-0.26582278481012667,-0.31083735047312977,0.4528143853633639,0.00044543429844097997,0.5,-0.5089422301143045,0.638142336217376,0.5441680276992482,0.3271303067195395,0.8987583992098106,0.0800277622704709
2021-11-24 00:10:00,0.1771269177126918,-0.14741035856573714,-0.2625465376023829,-0.3133369041242635,0.46180523746580987,0.00044543429844097997,0.5,-0.5089422301143045,0.638142336217376,0.5441680276992482,0.3271303067195395,0.8987583992098106,0.0747846160809934
2021-11-24 00:20:00,0.21408647140864714,0.2111553784860556,-0.26522710349962786,-0.31405106231030167,0.46180523746580987,0.00044543429844097997,0.5,-0.5089422301143045,0.638142336217376,0.5441680276992482,0.3271303067195395,0.8987583992098106,0.06850792884409374
2021-11-24 00:30:00,0.2796373779637378,0.3067729083665336,-0.27207743857036504,-0.3169076950544545,0.4751802750912827,0.00044543429844097997,0.5,-0.5089422301143045,0.638142336217376,0.5441680276992482,0.3271303067195395,0.8987583992098106,0.08447123436486262
2021-11-24 00:40:00,0.21338912133891214,-0.01195219123505975,-0.27982129560685043,-0.3229780396357793,0.47562523720406746,0.00044543429844097997,0.5,-0.5089422301143045,0.638142336217376,0.5441680276992482,0.3271303067195395,0.8987583992098106,0.057501093893809314
2021-11-24 00:50:00,0.22036262203626222,-0.20318725099601598,-0.2756515264333582,-0.3233351187287984,0.47562523720406746,0.00044543429844097997,0.5,-0.5089422301143045,0.638142336217376,0.5441680276992482,0.3271303067195395,0.8987583992098106,0.06033012960755617
2021-11-24 01:00:00,0.2622036262203626,-0.043824701195219196,-0.2744601638123605,-0.32047848598464557,0.47562523720406746,0.00044543429844097997,0.5,-0.5646647364122015,0.6271914070693989,0.6093265193568445,0.3151505724426131,0.9328878485736862,0.09476892436290116
2021-11-24 01:10:00,0.2482566248256625,-0.21912350597609564,-0.2673119880863739,-0.3169076950544545,0.47562523720406746,0.00044543429844097997,0.5,-0.5646647364122015,0.6271914070693989,0.6093265193568445,0.3151505724426131,0.9328878485736862,0.0915626838873214
2021-11-24 01:20:00,0.15202231520223153,-0.4422310756972112,-0.2628443782576322,-0.3165506159614354,0.4682833623431182,0.00044543429844097997,0.5,-0.5646647364122015,0.6271914070693989,0.6093265193568445,0.3151505724426131,0.9328878485736862,0.044744028848620186
2021-11-24 01:30:00,0.1199442119944212,-0.40239043824701204,-0.26046165301563673,-0.31083735047312977,0.44608760518773477,0.00044543429844097997,0.5,-0.5646647364122015,0.6271914070693989,0.6093265193568445,0.3151505724426131,0.9328878485736862,0.01736650723478733
2021-11-24 01:40:00,0.09274755927475593,-0.2749003984063746,-0.26582278481012667,-0.3040528477057667,0.4275431547813796,0.00044543429844097997,0.5,-0.5646647364122015,0.6271914070693989,0.6093265193568445,0.3151505724426131,0.9328878485736862,0.0
2021-11-24 01:50:00,0.08228730822873082,-0.10756972111553798,-0.26582278481012667,-0.30440992679878587,0.4261951813220609,0.01002227171492205,0.5,-0.5646647364122015,0.6271914070693989,0.6093265193568445,0.3151505724426131,0.9328878485736862,0.0
2021-11-24 02:00:00,0.11506276150627615,-0.7689243027888446,-0.2628443782576322,-0.3301196214961615,0.4261951813220609,0.8625835189309576,0.5,-0.5717337569620407,0.6123842336504737,0.6366718292696382,0.32413513130861926,0.9565106909317992,0.0
2021-11-24 02:10:00,0.13668061366806136,-0.6294820717131474,-0.24944154877140734,-0.301196214961614,0.4261951813220609,0.9993318485523385,0.5,-0.5717337569620407,0.6123842336504737,0.6366718292696382,0.32413513130861926,0.9565106909317992,0.0
2021-11-24 02:20:00,0.1589958158995816,-0.4900398406374503,-0.24646314221891308,-0.2851276557757543,0.4261951813220609,0.9993318485523385,0.5,-0.5717337569620407,0.6123842336504737,0.6366718292696382,0.32413513130861926,0.9565106909317992,0.0
2021-11-24 02:30:00,0.1617852161785216,-0.6573705179282869,-0.2476545048399108,-0.28548473486877346,0.4261951813220609,0.9993318485523385,0.5,-0.5717337569620407,0.6123842336504737,0.6366718292696382,0.32413513130861926,0.9565106909317992,0.0
2021-11-24 02:40:00,0.18619246861924685,-0.601593625498008,-0.24467609828741632,-0.29048384217104095,0.4261951813220609,0.9974387527839643,0.5,-0.5717337569620407,0.6123842336504737,0.6366718292696382,0.32413513130861926,0.9565106909317992,0.0
2021-11-24 02:50:00,0.198744769874477,0.019920318725099362,-0.2363365599404319,-0.28262810212462053,0.4142204656397639,0.033073496659242765,0.5,-0.5717337569620407,0.6123842336504737,0.6366718292696382,0.32413513130861926,0.9565106909317992,0.047972901609909926
2021-11-24 03:00:00,0.18270571827057183,-0.26693227091633476,-0.21906180193596436,-0.24192108552044278,0.42523982149167006,0.00011135857461024499,0.5,-0.5789391249416738,0.5965253572485616,0.67149435353774,0.3396239749266768,0.9750372365776067,0.056475096941623795
2021-11-24 03:10:00,0.22873082287308227,-0.07569721115537853,-0.20655249441548773,-0.21156936261381898,0.42523982149167006,0.00011135857461024499,0.5,-0.5789391249416738,0.5965253572485616,0.67149435353774,0.3396239749266768,0.9750372365776067,0.08918629388777403
2021-11-24 03:20:00,0.21827057182705717,0.1394422310756971,-0.19553239017125845,-0.19478664524192102,0.42523982149167006,0.00011135857461024499,0.5,-0.5789391249416738,0.5965253572485616,0.67149435353774,0.3396239749266768,0.9750372365776067,0.07921299998491181
2021-11-24 03:30:00,0.20013947001394702,0.2111553784860556,-0.18778853313477306,-0.18157471880021414,0.42523982149167006,0.00011135857461024499,0.5,-0.5789391249416738,0.5965253572485616,0.67149435353774,0.3396239749266768,0.9750372365776067,0.060488555607525994
2021-11-24 03:40:00,0.197350069735007,0.22709163346613526,-0.17885331347728972,-0.1647920014283163,0.4366517909725039,0.00011135857461024499,0.5,-0.5789391249416738,0.5965253572485616,0.67149435353774,0.3396239749266768,0.9750372365776067,0.06225387389290402
2021-11-24 03:50:00,0.18479776847977683,-0.21115537848605592,-0.1740878629932987,-0.15015175861453323,0.44170341966470794,0.00011135857461024499,0.5,-0.5789391249416738,0.5965253572485616,0.67149435353774,0.3396239749266768,0.9750372365776067,0.0598548516076467
2021-11-24 04:00:00,0.19177126917712692,0.09163346613545809,-0.16783320923306044,-0.13551151580074983,0.44170341966470794,0.00011135857461024499,0.5,-0.631365812349515,0.5890053935696705,0.7618402859810665,0.3475021736129762,0.9868049009914498,0.05382711951355674
2021-11-24 04:10:00,0.14435146443514643,-0.24302788844621515,-0.1627699180938199,-0.12158543117300469,0.44170341966470794,0.00011135857461024499,0.5,-0.631365812349515,0.5890053935696705,0.7618402859810665,0.3475021736129762,0.9868049009914498,0.02251912428142493
2021-11-24 04:20:00,0.12273361227336123,-0.0916334661354582,-0.15770662695457938,-0.09730405284770571,0.44170341966470794,0.00011135857461024499,0.5,-0.631365812349515,0.5890053935696705,0.7618402859810665,0.3475021736129762,0.9868049009914498,0.005303498951370763
2021-11-24 04:30:00,0.11366806136680613,-0.2589641434262948,-0.15562174236783333,-0.06516693447598643,0.44170341966470794,0.00011135857461024499,0.5,-0.631365812349515,0.5890053935696705,0.7618402859810665,0.3475021736129762,0.9868049009914498,0.003243960951763055
2021-11-24 04:40:00,0.1317991631799163,-0.45019920318725104,-0.1544303797468355,-0.034101053383324476,0.44170341966470794,0.00011135857461024499,0.5,-0.631365812349515,0.5890053935696705,0.7618402859810665,0.3475021736129762,0.9868049009914498,0.006261599046426362
2021-11-24 04:50:00,0.13389121338912133,-0.5617529880478087,-0.15264333581533884,-0.015890019639349995,0.44170341966470794,0.00011135857461024499,0.5,-0.631365812349515,0.5890053935696705,0.7618402859810665,0.3475021736129762,0.9868049009914498,0.01388867933068787
2021-11-24 05:00:00,0.13737796373779637,-0.2828685258964144,-0.14877140729709615,0.0005356186395288898,0.44170341966470794,0.00011135857461024499,0.5,-0.6388531807007019,0.5715545951661912,0.7935547228940201,0.35894350048488133,0.0015642545478385143,0.01889795856782896
2021-11-24 05:10:00,0.13598326359832635,-0.3067729083665339,-0.14489947877885334,0.013747545081235657,0.44170341966470794,0.00011135857461024499,0.5,-0.6388531807007019,0.5715545951661912,0.7935547228940201,0.35894350048488133,0.0015642545478385143,0.01903375228208881
2021-11-24 05:20:00,0.14365411436541145,0.09163346613545809,-0.13834698436336568,0.024816996964827753,0.44170341966470794,0.00011135857461024499,0.5,-0.6388531807007019,0.5715545951661912,0.7935547228940201,0.35894350048488133,0.0015642545478385143,0.021198907615009734
2021-11-24 05:30:00,0.13389121338912133,0.49003984063745,-0.162174236783321,0.0008926977325478536,0.44170341966470794,0.00011135857461024499,0.5,-0.6388531807007019,0.5715545951661912,0.7935547228940201,0.35894350048488133,0.0015642545478385143,0.027038037328183235
2021-11-24 05:40:00,0.1199442119944212,0.784860557768924,-0.21102010424422946,-0.11337261203356541,0.4424886469225635,0.00011135857461024499,0.5,-0.6388531807007019,0.5715545951661912,0.7935547228940201,0.35894350048488133,0.0015642545478385143,0.028969325708767747
2021-11-24 05:50:00,0.14644351464435149,0.01195219123505975,-0.22561429635145203,-0.17300482056775568,0.45811466935388884,0.00011135857461024499,0.5,-0.6388531807007019,0.5715545951661912,0.7935547228940201,0.35894350048488133,0.0015642545478385143,0.043250297991761846
2021-11-24 06:00:00,0.20013947001394702,-0.12350597609561753,-0.23127326880119148,-0.21156936261381898,0.45811466935388884,0.00011135857461024499,0.5,-0.6512262096581876,0.5800400566655286,0.8507563891808785,0.3880214240679153,0.01694831303015139,0.07968073388958463
2021-11-24 06:10:00,0.26569037656903766,-0.4581673306772909,-0.23097542814594196,-0.23870737368327077,0.45811466935388884,0.00011135857461024499,0.5,-0.6512262096581876,0.5800400566655286,0.8507563891808785,0.3880214240679153,0.01694831303015139,0.11214297569292515
2021-11-24 06:20:00,0.22663877266387727,-0.2589641434262948,-0.23008190618019375,-0.2526334583110159,0.45811466935388884,0.00011135857461024499,0.5,-0.6512262096581876,0.5800400566655286,0.8507563891808785,0.3880214240679153,0.01694831303015139,0.09276219502995006
2021-11-24 06:30:00,0.1701534170153417,-0.09960159362549814,-0.23097542814594196,-0.26298875200856986,0.45811466935388884,0.00011135857461024499,0.5,-0.6512262096581876,0.5800400566655286,0.8507563891808785,0.3880214240679153,0.01694831303015139,0.05583384884650784
2021-11-24 06:40:00,0.15411436541143653,-0.45019920318725104,-0.23306031273268812,-0.26691662203178,0.4556019421287511,0.00011135857461024499,0.5,-0.6512262096581876,0.5800400566655286,0.8507563891808785,0.3880214240679153,0.01694831303015139,0.04447244142010049
2021-11-24 06:50:00,0.15271966527196654,-0.6573705179282869,-0.23306031273268812,-0.26798785931083735,0.4416118098179581,0.00011135857461024499,0.5,-0.6512262096581876,0.5800400566655286,0.8507563891808785,0.3880214240679153,0.01694831303015139,0.04134918599212397
2021-11-24 07:00:00,0.16108786610878661,-0.24302788844621515,-0.23306031273268812,-0.27441528298518114,0.4416118098179581,0.00011135857461024499,0.5,-0.6546909952995492,0.5705287537319652,0.8709384765083811,0.37233230840922116,0.0343687145715956,0.04912714818111864
2021-11-24 07:10:00,0.15271966527196654,-0.08366533864541836,-0.23306031273268812,-0.27762899482235315,0.4416118098179581,0.00011135857461024499,0.5,-0.6546909952995492,0.5705287537319652,0.8709384765083811,0.37233230840922116,0.0343687145715956,0.0447968375152768
2021-11-24 07:20:00,0.14714086471408647,-0.3545816733067729,-0.23306031273268812,-0.27762899482235315,0.4416118098179581,0.00011135857461024499,0.5,-0.6546909952995492,0.5705287537319652,0.8709384765083811,0.37233230840922116,0.0343687145715956,0.0412888332302307
2021-11-24 07:30:00,0.13458856345885634,-0.40239043824701204,-0.23306031273268812,-0.2787002321014105,0.4416118098179581,0.00011135857461024499,0.5,-0.6546909952995492,0.5705287537319652,0.8709384765083811,0.37233230840922116,0.0343687145715956,0.030983599136955507
2021-11-24 07:40:00,0.1317991631799163,-0.6733067729083666,-0.23365599404318704,-0.2819139439385824,0.4416118098179581,0.00011135857461024499,0.5,-0.6546909952995492,0.5705287537319652,0.8709384765083811,0.37233230840922116,0.0343687145715956,0.029504956470570484
2021-11-24 07:50:00,0.12761506276150628,-0.7290836653386454,-0.23782576321667914,-0.28369933940367775,0.4416118098179581,0.00011135857461024499,0.5,-0.6546909952995492,0.5705287537319652,0.8709384765083811,0.37233230840922116,0.0343687145715956,0.015616277139882614
2021-11-24 08:00:00,0.09483960948396096,-0.5219123505976095,-0.23901712583767698,-0.27905731119442967,0.4416118098179581,0.00044543429844097997,0.5,-0.655873762558689,0.5610576798742578,0.882494540334944,0.3791937142283177,0.046066458914058445,0.0
2021-11-24 08:10:00,0.0697350069735007,-0.6733067729083666,-0.23723008190618022,-0.28084270665952504,0.4416118098179581,0.8714922048997774,0.5,-0.655873762558689,0.5610576798742578,0.882494540334944,0.3791937142283177,0.046066458914058445,0.0
2021-11-24 08:20:00,0.0697350069735007,-0.5936254980079682,-0.23037974683544316,-0.2612033565434745,0.4416118098179581,0.9993318485523385,0.5,-0.655873762558689,0.5610576798742578,0.882494540334944,0.3791937142283177,0.046066458914058445,0.0
2021-11-24 08:30:00,0.06345885634588563,0.11553784860557759,-0.2321667907669398,-0.2508480628459203,0.4416118098179581,0.9993318485523385,0.5,-0.655873762558689,0.5610576798742578,0.882494540334944,0.3791937142283177,0.046066458914058445,0.0
2021-11-24 08:40:00,0.07810320781032079,0.06491680337473626,-0.23127326880119148,-0.2526334583110159,0.4416118098179581,0.9993318485523385,0.5,-0.655873762558689,0.5610576798742578,0.882494540334944,0.3791937142283177,0.046066458914058445,0.0
2021-11-24 08:50:00,0.0899581589958159,0.014295758143894943,-0.23008190618019375,-0.25656132833422596,0.4416118098179581,0.9993318485523385,0.5,-0.655873762558689,0.5610576798742578,0.882494540334944,0.3791937142283177,0.046066458914058445,0.0
2021-11-24 09:00:00,0.1094839609483961,-0.03632528708694638,-0.22978406552494424,-0.2626316729155508,0.4416118098179581,0.9993318485523385,0.5,-0.6502918228564053,0.5677069714114968,0.8713730685099353,0.3625376205698778,0.041403099396623934,0.0
2021-11-24 09:10:00,0.11157601115760113,-0.08694633231778781,-0.22352941176470598,-0.2637029101946081,0.4416118098179581,0.9993318485523385,0.5,-0.6502918228564053,0.5677069714114968,0.8713730685099353,0.3625376205698778,0.041403099396623934,0.0
2021-11-24 09:20:00,0.11924686192468618,-0.13756737754862913,-0.21757259865971712,-0.26334583110158893,0.4416118098179581,0.9993318485523385,0.5,-0.6502918228564053,0.5677069714114968,0.8713730685099353,0.3625376205698778,0.041403099396623934,0.0
2021-11-24 09:30:00,0.11645746164574616,-0.18818842277947045,-0.21161578555472838,-0.2619175147295125,0.4416118098179581,0.9993318485523385,0.5,-0.6502918228564053,0.5677069714114968,0.8713730685099353,0.3625376205698778,0.041403099396623934,0.0
2021-11-24 09:40:00,0.10669456066945607,-0.23880946801031178,-0.20446760982874168,-0.256204249241207,0.4416118098179581,0.9993318485523385,0.5,-0.6502918228564053,0.5677069714114968,0.8713730685099353,0.3625376205698778,0.041403099396623934,0.0
2021-11-24 09:50:00,0.08368200836820083,-0.2894305132411532,-0.19910647803425174,-0.256204249241207,0.4416118098179581,0.9993318485523385,0.5,-0.6502918228564053,0.5677069714114968,0.8713730685099353,0.3625376205698778,0.041403099396623934,0.0
2021-11-24 10:00:00,0.09205020920502092,-0.34005155847199453,-0.19523454951600916,-0.25513301196214966,0.4416118098179581,0.9993318485523385,0.5,-0.39214941650437607,0.571433907938636,0.6014637900658127,0.25904621181631665,0.02648954611154488,0.0
2021-11-24 10:10:00,0.099721059972106,-0.39067260370283574,-0.19017125837676851,-0.2494197464738439,0.4416118098179581,0.9993318485523385,0.5,-0.39214941650437607,0.571433907938636,0.6014637900658127,0.25904621181631665,0.02648954611154488,0.0
2021-11-24 10:20:00,0.1206415620641562,-0.4412936489336773,-0.18719285182427414,-0.24549187645063375,0.4416118098179581,0.9993318485523385,0.5,-0.39214941650437607,0.571433907938636,0.6014637900658127,0.25904621181631665,0.02648954611154488,0.0
2021-11-24 10:30:00,0.1394700139470014,-0.4919146941645185,-0.1815338793745348,-0.24442063917157653,0.4416118098179581,0.9993318485523385,0.5,-0.39214941650437607,0.571433907938636,0.6014637900658127,0.25904621181631665,0.02648954611154488,0.0
2021-11-24 10:40:00,0.1506276150627615,-0.5425357393953598,-0.17617274758004486,-0.24192108552044278,0.4416118098179581,0.9993318485523385,0.5,-0.39214941650437607,0.571433907938636,0.6014637900658127,0.25904621181631665,0.02648954611154488,0.0
2021-11-24 10:50:00,0.16248256624825663,-0.5931567846262011,-0.16872673119880877,-0.23763613640421344,0.4416118098179581,0.9993318485523385,0.5,-0.39214941650437607,0.571433907938636,0.6014637900658127,0.25904621181631665,0.02648954611154488,0.0
2021-11-24 11:00:00,0.12412831241283125,-0.6437778298570426,-0.16366344005956823,-0.23406534547402247,0.4416118098179581,0.9993318485523385,0.5,-0.3400107997303736,0.5745286732738131,0.48932180694401173,0.15672269500070413,0.9917210830863724,0.0
2021-11-24 11:10:00,0.10251046025104603,-0.6943988750878839,-0.15979151154132543,-0.22620960542760216,0.4416118098179581,0.9993318485523385,0.5,-0.3400107997303736,0.5745286732738131,0.48932180694401173,0.15672269500070413,0.9917210830863724,0.0
2021-11-24 11:20:00,0.14574616457461645,-0.7450199203187251,-0.15204765450484004,-0.2126405998928762,0.4416118098179581,0.9993318485523385,0.5,-0.3400107997303736,0.5745286732738131,0.48932180694401173,0.15672269500070413,0.9917210830863724,0.0
2021-11-24 11:30:00,0.14853556485355648,-0.5484727755644091,-0.1425167535368579,-0.20264238528834144,0.4416118098179581,0.9993318485523385,0.5,-0.3400107997303736,0.5745286732738131,0.48932180694401173,0.15672269500070413,0.9917210830863724,0.0
2021-11-24 11:40:00,0.18270571827057183,-0.351925630810093,-0.13387937453462406,-0.19585788252097835,0.4416118098179581,0.9993318485523385,0.5,-0.3400107997303736,0.5745286732738131,0.48932180694401173,0.15672269500070413,0.9917210830863724,0.0
2021-11-24 11:50:00,0.17642956764295675,-0.15537848605577698,-0.12643335815338808,-0.19121585431173005,0.39956289015979374,0.5248329621380847,0.5,-0.3400107997303736,0.5745286732738131,0.48932180694401173,0.15672269500070413,0.9917210830863724,0.0
2021-11-24 12:00:00,0.14086471408647142,-0.7051792828685259,-0.11064780342516767,-0.1744331369398322,0.4030964128201437,0.5080178173719376,0.5,-0.30064014584638976,0.5698793415075,0.38873664853351514,0.11940647723757537,0.8475808035570102,0.0
2021-11-24 12:10:00,0.15341701534170155,-0.7091633466135459,-0.0999255398361878,-0.14658096768434214,0.4030964128201437,0.9993318485523385,0.5,-0.30064014584638976,0.5698793415075,0.38873664853351514,0.11940647723757537,0.8475808035570102,0.0
2021-11-24 12:20:00,0.16108786610878661,-0.7131474103585658,-0.09188384214445289,-0.12694161756829125,0.4030964128201437,0.9993318485523385,0.5,-0.30064014584638976,0.5698793415075,0.38873664853351514,0.11940647723757537,0.8475808035570102,0.0
2021-11-24 12:30:00,0.1701534170153417,-0.7171314741035857,-0.08145941921072242,-0.11301553294054623,0.4030964128201437,0.9993318485523385,0.5,-0.30064014584638976,0.5698793415075,0.38873664853351514,0.11940647723757537,0.8475808035570102,0.0
2021-11-24 12:40:00,0.1617852161785216,-0.7211155378486056,-0.07520476545048416,-0.10337439742903054,0.38260198139011403,0.5211581291759465,0.5,-0.30064014584638976,0.5698793415075,0.38873664853351514,0.11940647723757537,0.8475808035570102,0.0
2021-11-24 12:50:00,0.18619246861924685,-0.043824701195219196,-0.06597170513775141,-0.09623281556864838,0.37756343981887425,0.38674832962138084,0.5,-0.30064014584638976,0.5698793415075,0.38873664853351514,0.11940647723757537,0.8475808035570102,0.0
2021-11-24 13:00:00,0.16457461645746163,-0.2270916334661356,-0.054355919583023216,-0.08194965184788428,0.37756343981887425,0.007906458797327393,0.5,-0.10695445268747528,0.5665546957388784,0.21779526798170376,0.20830970602567472,0.7533805521730311,0.03857295894503372
2021-11-24 13:10:00,0.18967921896792192,-0.3545816733067729,-0.03678332092330627,-0.06980896268523484,0.37756343981887425,0.00011135857461024499,0.5,-0.10695445268747528,0.5665546957388784,0.21779526798170376,0.20830970602567472,0.7533805521730311,0.05666369932254025
2021-11-24 13:20:00,0.18270571827057183,-0.4581673306772909,-0.023082650781831915,-0.04981253347616499,0.37756343981887425,0.00011135857461024499,0.5,-0.10695445268747528,0.5665546957388784,0.21779526798170376,0.20830970602567472,0.7533805521730311,0.044381912277260585
2021-11-24 13:30:00,0.16596931659693165,-0.14741035856573714,-0.010871183916604688,-0.026959471522942313,0.3637957885644737,0.00011135857461024499,0.5,-0.10695445268747528,0.5665546957388784,0.21779526798170376,0.20830970602567472,0.7533805521730311,0.03587217285031006
2021-11-24 13:40:00,0.16596931659693165,-0.24302788844621515,-0.005212211466865346,-0.001963935011604967,0.33417963382235544,0.00011135857461024499,0.5,-0.10695445268747528,0.5665546957388784,0.21779526798170376,0.20830970602567472,0.7533805521730311,0.040323189039938444
2021-11-24 13:50:00,0.18200836820083682,0.1394422310756971,0.0025316455696200446,0.0112479914301018,0.34139063747366216,0.00011135857461024499,0.5,-0.10695445268747528,0.5665546957388784,0.21779526798170376,0.20830970602567472,0.7533805521730311,0.05224285951385851
2021-11-24 14:00:00,0.19525801952580193,0.21912350597609564,0.008488458674609012,0.02088912694161782,0.34917747444739633,0.00011135857461024499,0.5,-0.08998476764403462,0.5411241727896273,0.1875939771914654,0.2951863285852988,0.7362324270204598,0.05882885465546118
2021-11-24 14:10:00,0.22315202231520226,0.08366533864541825,0.016530156366343807,0.024816996964827753,0.35162476606771276,0.00011135857461024499,0.5,-0.08998476764403462,0.5411241727896273,0.1875939771914654,0.2951863285852988,0.7362324270204598,0.08967666007815683
2021-11-24 14:20:00,0.20223152022315202,-0.3705179282868527,0.022486969471332774,0.03231565791822888,0.35924147046891153,0.00022271714922048998,0.5,-0.08998476764403462,0.5411241727896273,0.1875939771914654,0.2951863285852988,0.7362324270204598,0.06813072408226081
2021-11-24 14:30:00,0.2412831241283124,0.3067729083665336,0.031124348473566377,0.04017139796464919,0.34843150855243354,0.00033407572383073496,0.5,-0.08998476764403462,0.5411241727896273,0.1875939771914654,0.2951863285852988,0.7362324270204598,0.0961721260769196
2021-11-24 14:40:00,0.22036262203626222,0.01195219123505975,0.0355919583023081,0.04267095161578305,0.368860504377642,0.00033407572383073496,0.5,-0.08998476764403462,0.5411241727896273,0.1875939771914654,0.2951863285852988,0.7362324270204598,0.07461110189055027
2021-11-24 14:50:00,0.2210599721059972,0.003984063745019917,0.04601638123603857,0.05052669166220336,0.3680491028778579,0.00022271714922048998,0.5,-0.08998476764403462,0.5411241727896273,0.1875939771914654,0.2951863285852988,0.7362324270204598,0.07046184951038822
2021-11-24 15:00:00,0.20781032078103207,-0.043824701195219196,0.05346239761727456,0.06302445991787198,0.3695017733048907,0.00022271714922048998,0.5,-0.07559637825471954,0.5287795935139253,0.17513943529924395,0.35271980633653166,0.7290197823729492,0.06960182265340918
2021-11-24 15:10:00,0.2698744769874477,-0.298804780876494,0.06061057334326114,0.07195143724334963,0.36312834539529654,0.00022271714922048998,0.5,-0.07559637825471954,0.5287795935139253,0.17513943529924395,0.35271980633653166,0.7290197823729492,0.11648083045400366
2021-11-24 15:20:00,0.23221757322175732,0.1633466135458166,0.06835443037974676,0.07409391180146407,0.3626964704034759,0.00033407572383073496,0.5,-0.07559637825471954,0.5287795935139253,0.17513943529924395,0.35271980633653166,0.7290197823729492,0.09254341626808697
2021-11-24 15:30:00,0.24476987447698745,0.12350597609561742,0.055845122859270235,0.06552401356900561,0.3660729476122548,0.00011135857461024499,0.5,-0.07559637825471954,0.5287795935139253,0.17513943529924395,0.35271980633653166,0.7290197823729492,0.10550417188466588
2021-11-24 15:40:00,0.2622036262203626,0.03585657370517925,0.009381980640357446,-0.00981967505802539,0.36293203858083267,0.00011135857461024499,0.5,-0.07559637825471954,0.5287795935139253,0.17513943529924395,0.35271980633653166,0.7290197823729492,0.12823453083271724
2021-11-24 15:50:00,0.20502092050209206,0.2589641434262948,-0.0025316455696204887,-0.04909837529012662,0.3654316786850061,0.00022271714922048998,0.5,-0.07559637825471954,0.5287795935139253,0.17513943529924395,0.35271980633653166,0.7290197823729492,0.08299259169847761
2021-11-24 16:00:00,0.1792189679218968,-0.38645418326693237,-0.00551005212211475,-0.06588109266202469,0.3642538377982228,0.00022271714922048998,0.5,-0.032260142090831834,0.5211504366291493,0.1468724403361741,0.3832574682706502,0.7295861600429617,0.059236235798240715
2021-11-24 16:10:00,0.20432357043235705,-0.12350597609561753,-0.008488458674609234,-0.0751651490805213,0.3617803719359778,0.00022271714922048998,0.5,-0.032260142090831834,0.5211504366291493,0.1468724403361741,0.3832574682706502,0.7295861600429617,0.08001267407999758
2021-11-24 16:20:00,0.21827057182705717,-0.2270916334661356,-0.00967982129560696,-0.08337796821996057,0.3521744251482117,0.00033407572383073496,0.5,-0.032260142090831834,0.5211504366291493,0.1468724403361741,0.3832574682706502,0.7295861600429617,0.0841694705553963
2021-11-24 16:30:00,0.1701534170153417,0.027888446215139417,-0.01027550260610588,-0.08873415461524714,0.3479341979557917,0.00022271714922048998,0.5,-0.032260142090831834,0.5211504366291493,0.1468724403361741,0.3832574682706502,0.7295861600429617,0.05290673989468443
2021-11-24 16:40:00,0.23221757322175732,-0.043824701195219196,-0.012658227848101444,-0.09694697375468664,0.3380926829906689,0.00022271714922048998,0.5,-0.032260142090831834,0.5211504366291493,0.1468724403361741,0.3832574682706502,0.7295861600429617,0.09778656245756447
2021-11-24 16:50:00,0.24476987447698745,0.09960159362549792,-0.016232315711094625,-0.10551687198714521,0.34737145175432854,0.00033407572383073496,0.5,-0.032260142090831834,0.5211504366291493,0.1468724403361741,0.3832574682706502,0.7295861600429617,0.10910270531255187
2021-11-24 17:00:00,0.23709902370990238,0.24302788844621515,-0.01921072226358911,-0.11337261203356541,0.3479341979557917,0.00022271714922048998,0.5,-0.03270797402327985,0.5181476234673459,0.15036109687622576,0.3572475167070237,0.7253427794424362,0.09814867902892406
2021-11-24 17:10:00,0.2608089260808926,0.24302788844621515,-0.024571854058079046,-0.12051419389394735,0.3588226825980553,0.00033407572383073496,0.5,-0.03270797402327985,0.5181476234673459,0.15036109687622576,0.3572475167070237,0.7253427794424362,0.11854791254884801
2021-11-24 17:20:00,0.27615062761506276,-0.3705179282868527,-0.025763216679076772,-0.12408498482413843,0.3617803719359778,0.00033407572383073496,0.5,-0.03270797402327985,0.5181476234673459,0.15036109687622576,0.3572475167070237,0.7253427794424362,0.12274997359566668
2021-11-24 17:30:00,0.2398884239888424,-0.01195219123505975,-0.02903946388682077,-0.12444206391715751,0.3617803719359778,0.00033407572383073496,0.5,-0.03270797402327985,0.5181476234673459,0.15036109687622576,0.3572475167070237,0.7253427794424362,0.10591909712268209
2021-11-24 17:40:00,0.25732217573221755,-0.17928286852589637,-0.03469843633656011,-0.1312265666845207,0.3617803719359778,0.00044543429844097997,0.5,-0.03270797402327985,0.5181476234673459,0.15036109687622576,0.3572475167070237,0.7253427794424362,0.11285966474040768
2021-11-24 17:50:00,0.2838214783821479,-0.3466135458167332,-0.04005956813105005,-0.13515443670773075,0.3617803719359778,0.00044543429844097997,0.5,-0.03270797402327985,0.5181476234673459,0.15036109687622576,0.3572475167070237,0.7253427794424362,0.13559756778369572
2021-11-24 18:00:00,0.29776847977684795,-0.2828685258964144,-0.04571854058078939,-0.14586680949830377,0.3617803719359778,0.00044543429844097997,0.5,-0.26341919863866037,0.52507277152471,0.2926457826631651,0.28294083967517836,0.7245922166096475,0.14223637159195499
2021-11-24 18:10:00,0.2824267782426778,0.01195219123505975,-0.05316455696202538,-0.15229423317264768,0.3617803719359778,0.00044543429844097997,0.5,-0.26341919863866037,0.52507277152471,0.2926457826631651,0.28294083967517836,0.7245922166096475,0.13070899407034114
2021-11-24 18:20:00,0.2615062761506276,0.15537848605577675,-0.061206254653760395,-0.15800749866095343,0.3617803719359778,0.00044543429844097997,0.5,-0.26341919863866037,0.52507277152471,0.2926457826631651,0.28294083967517836,0.7245922166096475,0.11887230864402432
2021-11-24 18:30:00,0.2622036262203626,0.3306772908366533,-0.0695457930007447,-0.16586323870737363,0.36939707633717656,0.000556792873051225,0.5,-0.26341919863866037,0.52507277152471,0.2926457826631651,0.28294083967517836,0.7245922166096475,0.12375333826214222
2021-11-24 18:40:00,0.2377963737796374,0.4501992031872508,-0.07639612807148188,-0.17157650419567938,0.3756658072790567,0.000556792873051225,0.5,-0.26341919863866037,0.52507277152471,0.2926457826631651,0.28294083967517836,0.7245922166096475,0.09899361769542979
2021-11-24 18:50:00,0.20711297071129708,0.20318725099601576,-0.08294862248696955,-0.1740760578468129,0.38425095863161063,0.000556792873051225,0.5,-0.26341919863866037,0.52507277152471,0.2926457826631651,0.28294083967517836,0.7245922166096475,0.07259682846236251
2021-11-24 19:00:00,0.17364016736401675,-0.5378486055776892,-0.08741623231571116,-0.17943224424209958,0.38949889413827854,0.00033407572383073496,0.5,-0.3034005809441126,0.52408715916634,0.3456758983544219,0.2744058622481744,0.7699377924659182,0.04839537094316279
2021-11-24 19:10:00,0.15481171548117156,-0.6733067729083666,-0.09396872673119894,-0.18121763970719518,0.38949889413827854,0.00022271714922048998,0.5,-0.3034005809441126,0.52408715916634,0.3456758983544219,0.2744058622481744,0.7699377924659182,0.03926701570680628
2021-11-24 19:20:00,0.12831241283124128,-0.5856573705179284,-0.09754281459419223,-0.18193179789323333,0.38949889413827854,0.00033407572383073496,0.5,-0.3034005809441126,0.52408715916634,0.3456758983544219,0.2744058622481744,0.7699377924659182,0.021749626567285785
2021-11-24 19:30:00,0.1317991631799163,-0.6095617529880479,-0.10469099032017881,-0.18121763970719518,0.38949889413827854,0.00022271714922048998,0.5,-0.3034005809441126,0.52408715916634,0.3456758983544219,0.2744058622481744,0.7699377924659182,0.028139475232735335
2021-11-24 19:40:00,0.11924686192468618,-0.2828685258964144,-0.11273268801191372,-0.18478843063738626,0.3747366216905943,0.00033407572383073496,0.5,-0.3034005809441126,0.52408715916634,0.3456758983544219,0.2744058622481744,0.7699377924659182,0.021138554853116467
2021-11-24 19:50:00,0.16875871687587168,-0.4183266932270917,-0.11868950111690268,-0.18514550973040522,0.3729567732394551,0.00022271714922048998,0.5,-0.3034005809441126,0.52408715916634,0.3456758983544219,0.2744058622481744,0.7699377924659182,0.043227665706051875
2021-11-24 20:00:00,0.16596931659693165,-0.5776892430278885,-0.12137006701414754,-0.19621496161399754,0.3729567732394551,0.00033407572383073496,0.5,-0.3123240999752187,0.5357248561092175,0.3764785417187397,0.2531297786635012,0.8028099156855226,0.05305007770418094
2021-11-24 20:10:00,0.1311018131101813,0.19521912350597592,-0.12643335815338808,-0.20264238528834144,0.3729567732394551,0.00033407572383073496,0.5,-0.3123240999752187,0.5357248561092175,0.3764785417187397,0.2531297786635012,0.8028099156855226,0.03575146732652353
2021-11-24 20:20:00,0.2175732217573222,0.7051792828685257,-0.12911392405063304,-0.20442778075343682,0.37325777702163304,0.00022271714922048998,0.5,-0.3123240999752187,0.5357248561092175,0.3764785417187397,0.2531297786635012,0.8028099156855226,0.08122727341309957
2021-11-24 20:30:00,0.22036262203626222,0.13147410358565725,-0.131794489947878,-0.21014104624174257,0.38932876156574314,0.00033407572383073496,0.5,-0.3123240999752187,0.5357248561092175,0.3764785417187397,0.2531297786635012,0.8028099156855226,0.07857175188979586
2021-11-24 20:40:00,0.199442119944212,0.4422310756972112,-0.131794489947878,-0.2172826281021245,0.38935493580767166,0.00022271714922048998,0.5,-0.3123240999752187,0.5357248561092175,0.3764785417187397,0.2531297786635012,0.8028099156855226,0.06365707560692246
2021-11-24 20:50:00,0.2105997210599721,0.5378486055776892,-0.1353685778108712,-0.22049633993929663,0.38935493580767166,0.00022271714922048998,0.5,-0.3123240999752187,0.5357248561092175,0.3764785417187397,0.2531297786635012,0.8028099156855226,0.0663427735111728
2021-11-24 21:00:00,0.19665271966527195,0.4422310756972112,-0.139240506329114,-0.22192465631137293,0.38935493580767166,0.00022271714922048998,0.5,-0.31859104542924255,0.536147261405663,0.37753059168806974,0.2533993213964166,0.8607728498649194,0.058821310560224514
2021-11-24 21:10:00,0.14295676429567641,0.5458167330677288,-0.1428145941921073,-0.22192465631137293,0.38935493580767166,0.00022271714922048998,0.5,-0.31859104542924255,0.536147261405663,0.37753059168806974,0.2533993213964166,0.8607728498649194,0.03566848227892029
2021-11-24 21:20:00,0.1199442119944212,0.6573705179282865,-0.14936708860759507,-0.22049633993929663,0.38935493580767166,0.00022271714922048998,0.5,-0.31859104542924255,0.536147261405663,0.37753059168806974,0.2533993213964166,0.8607728498649194,0.020301160281847398
2021-11-24 21:30:00,0.099721059972106,0.6494023904382469,-0.15353685778108728,-0.21978218175325825,0.38935493580767166,0.00022271714922048998,0.5,-0.31859104542924255,0.536147261405663,0.37753059168806974,0.2533993213964166,0.8607728498649194,0.009369766283929569
2021-11-24 21:40:00,0.09483960948396096,0.6175298804780875,-0.15621742367833225,-0.21871094447420092,0.3941971705644476,0.00033407572383073496,0.5,-0.31859104542924255,0.536147261405663,0.37753059168806974,0.2533993213964166,0.8607728498649194,0.00879641504594354
2021-11-24 21:50:00,0.1094839609483961,0.4820717131474104,-0.16128071481757278,-0.21978218175325825,0.40585779534360233,0.00022271714922048998,0.5,-0.31859104542924255,0.536147261405663,0.37753059168806974,0.2533993213964166,0.8607728498649194,0.025378336376118412
2021-11-24 22:00:00,0.14574616457461645,0.7529880478087649,-0.16157855547282218,-0.222281735404392,0.40585779534360233,0.00022271714922048998,0.5,-0.37989035505364355,0.5372018378940665,0.4437640866713664,0.2835315843338673,0.8939629721822687,0.04520421865805634
2021-11-24 22:10:00,0.18200836820083682,0.3067729083665336,-0.16306775874906942,-0.2304945545438314,0.4197955791705382,0.00022271714922048998,0.5,-0.37989035505364355,0.5372018378940665,0.4437640866713664,0.2835315843338673,0.8939629721822687,0.05816497427463524
2021-11-24 22:20:00,0.2824267782426778,0.05179282868525892,-0.16455696202531667,-0.23799321549723262,0.422308306395676,0.00044543429844097997,0.5,-0.37989035505364355,0.5372018378940665,0.4437640866713664,0.2835315843338673,0.8939629721822687,0.12823453083271724
2021-11-24 22:30:00,0.29497907949790797,-0.12350597609561753,-0.1627699180938199,-0.24192108552044278,0.422308306395676,0.00044543429844097997,0.5,-0.37989035505364355,0.5372018378940665,0.4437640866713664,0.2835315843338673,0.8939629721822687,0.13456402673627352
2021-11-24 22:40:00,0.2196652719665272,-0.3784860557768924,-0.1618763961280716,-0.24299232279950012,0.4189056549449687,0.00022271714922048998,0.5,-0.37989035505364355,0.5372018378940665,0.4437640866713664,0.2835315843338673,0.8939629721822687,0.09770357740996122
2021-11-24 22:50:00,0.17433751743375175,0.3067729083665336,-0.16455696202531667,-0.24192108552044278,0.40847521953645416,0.00033407572383073496,0.5,-0.37989035505364355,0.5372018378940665,0.4437640866713664,0.2835315843338673,0.8939629721822687,0.06726315313004512
2021-11-24 23:00:00,0.19107391910739194,0.1633466135458166,-0.16455696202531667,-0.24192108552044278,0.40847521953645416,0.00022271714922048998,0.5,-0.40395147392305386,0.54778208484312,0.4678610528083178,0.2852476929565452,0.9067109219599947,0.07944686693724821
2021-11-24 23:10:00,0.1701534170153417,0.40239043824701204,-0.16515264333581536,-0.24192108552044278,0.40847521953645416,0.00022271714922048998,0.5,-0.40395147392305386,0.54778208484312,0.4678610528083178,0.2852476929565452,0.9067109219599947,0.07462619008102359
2021-11-24 23:20:00,0.1708507670850767,0.33864541832669315,-0.1696202531645571,-0.24370648098553827,0.40847521953645416,0.00022271714922048998,0.5,-0.40395147392305386,0.54778208484312,0.4678610528083178,0.2852476929565452,0.9067109219599947,0.07589359808078217
2021-11-24 23:30:00,0.1617852161785216,0.2828685258964143,-0.17110945644080433,-0.24549187645063375,0.40847521953645416,0.00022271714922048998,0.5,-0.40395147392305386,0.54778208484312,0.4678610528083178,0.2852476929565452,0.9067109219599947,0.05891183970306441
2021-11-24 23:40:00,0.1297071129707113,0.1872509960159361,-0.1743857036485481,-0.24263524370648093,0.40847521953645416,0.00022271714922048998,0.5,-0.40395147392305386,0.54778208484312,0.4678610528083178,0.2852476929565452,0.9067109219599947,0.03676237608823574
2021-11-24 23:50:00,0.11018131101813111,-0.003984063745020028,-0.18064035740878648,-0.24192108552044278,0.40847521953645416,0.00022271714922048998,0.5,-0.40395147392305386,0.54778208484312,0.4678610528083178,0.2852476929565452,0.9067109219599947,0.015970849616005554
2021-11-25 00:00:00,0.10529986052998605,-0.08366533864541836,-0.185703648548027,-0.24192108552044278,0.40847521953645416,0.00022271714922048998,0.5,-0.4142653831953127,0.5508998382216457,0.48182886763737814,0.2696349359857897,0.905570025807055,0.007385669236688443
2021-11-25 00:10:00,0.10599721059972106,0.14741035856573692,-0.19255398361876408,-0.24192108552044278,0.40847521953645416,0.00022271714922048998,0.5,-0.4142653831953127,0.5508998382216457,0.48182886763737814,0.2696349359857897,0.905570025807055,0.006208790379769754
2021-11-25 00:20:00,0.10390516039051603,-0.21115537848605592,-0.1976172747580046,-0.24192108552044278,0.40847521953645416,0.00022271714922048998,0.5,-0.4142653831953127,0.5508998382216457,0.48182886763737814,0.2696349359857897,0.905570025807055,0.0043906634277351125
2021-11-25 00:30:00,0.09832635983263598,-0.21115537848605592,-0.2005956813104991,-0.2447777182645956,0.40847521953645416,0.00022271714922048998,0.5,-0.4142653831953127,0.5508998382216457,0.48182886763737814,0.2696349359857897,0.905570025807055,0.0
2021-11-25 00:40:00,0.100418410041841,-0.3545816733067729,-0.20565897244973952,-0.24549187645063375,0.40847521953645416,0.00022271714922048998,0.5,-0.4142653831953127,0.5508998382216457,0.48182886763737814,0.2696349359857897,0.905570025807055,0.00056580714274937
2021-11-25 00:50:00,0.11087866108786612,-0.29083665338645437,-0.21042442293373054,-0.2515622210319586,0.40847521953645416,0.00022271714922048998,0.5,-0.4142653831953127,0.5508998382216457,0.48182886763737814,0.2696349359857897,0.905570025807055,0.010418395521825068
2021-11-25 01:00:00,0.12133891213389121,-0.6095617529880479,-0.21429635145197334,-0.25691840742724503,0.40840978393163296,0.00022271714922048998,0.5,-0.45336934577581467,0.563629467223362,0.5111137995705313,0.24312990058245113,0.8989892243365849,0.019810794091464613
2021-11-25 01:10:00,0.17154811715481172,-0.043824701195219196,-0.21935964259121388,-0.26298875200856986,0.392247189540773,0.00022271714922048998,0.5,-0.45336934577581467,0.563629467223362,0.5111137995705313,0.24312990058245113,0.8989892243365849,0.04724866846719073
2021-11-25 01:20:00,0.1882845188284519,-0.3784860557768924,-0.2211466865227104,-0.27298696661310484,0.3920377956053448,0.00022271714922048998,0.5,-0.45336934577581467,0.563629467223362,0.5111137995705313,0.24312990058245113,0.8989892243365849,0.057169153703396355
2021-11-25 01:30:00,0.15411436541143653,-0.4342629482071714,-0.22293373045420706,-0.27762899482235315,0.38039025794715414,0.00022271714922048998,0.5,-0.45336934577581467,0.563629467223362,0.5111137995705313,0.24312990058245113,0.8989892243365849,0.04899135446685879
2021-11-25 01:40:00,0.15481171548117156,-0.6175298804780878,-0.22978406552494424,-0.27762899482235315,0.3755218489484498,0.00022271714922048998,0.5,-0.45336934577581467,0.563629467223362,0.5111137995705313,0.24312990058245113,0.8989892243365849,0.0387766495164235
2021-11-25 01:50:00,0.12343096234309624,-0.6254980079681276,-0.2363365599404319,-0.2819139439385824,0.37520775804530765,0.00022271714922048998,0.5,-0.45336934577581467,0.563629467223362,0.5111137995705313,0.24312990058245113,0.8989892243365849,0.020633100472260364
2021-11-25 02:00:00,0.12831241283124128,0.1394422310756971,-0.24497393894266584,-0.2851276557757543,0.35909751213830465,0.00022271714922048998,0.5,-0.46329956110669557,0.5553710126520444,0.5239968463863746,0.2184246736280911,0.8895834032314297,0.025491497804668285
2021-11-25 02:10:00,0.11924686192468618,0.21912350597609564,-0.2521221146686523,-0.28548473486877346,0.3590713378963762,0.00022271714922048998,0.5,-0.46329956110669557,0.5553710126520444,0.5239968463863746,0.2184246736280911,0.8895834032314297,0.023484768471717186
2021-11-25 02:20:00,0.1492329149232915,0.2589641434262948,-0.2586746090841401,-0.29012676307802165,0.3590713378963762,0.00022271714922048998,0.5,-0.46329956110669557,0.5553710126520444,0.5239968463863746,0.2184246736280911,0.8895834032314297,0.037305550945275136
2021-11-25 02:30:00,0.20641562064156208,0.15537848605577675,-0.2643335815338794,-0.3026245313336904,0.3590713378963762,0.00022271714922048998,0.5,-0.46329956110669557,0.5553710126520444,0.5239968463863746,0.2184246736280911,0.8895834032314297,0.07283069541469891
2021-11-25 02:40:00,0.1680613668061367,-0.1633466135458168,-0.27207743857036504,-0.3076236386359579,0.3590713378963762,0.00022271714922048998,0.5,-0.46329956110669557,0.5553710126520444,0.5239968463863746,0.2184246736280911,0.8895834032314297,0.05020595379996077
2021-11-25 02:50:00,0.18967921896792192,-0.21115537848605592,-0.2819061801935965,-0.31476522049634004,0.3590713378963762,0.00022271714922048998,0.5,-0.46329956110669557,0.5553710126520444,0.5239968463863746,0.2184246736280911,0.8895834032314297,0.06442657332106161
2021-11-25 03:00:00,0.2377963737796374,0.14741035856573692,-0.28845867460908414,-0.32226388144974105,0.3590713378963762,0.00022271714922048998,0.5,-0.4794234118009235,0.5550664210777376,0.5507920366310205,0.20532940274850522,0.8923479604425606,0.09157022798255805
2021-11-25 03:10:00,0.23082287308228733,0.24302788844621515,-0.289650037230082,-0.32404927691483665,0.3590713378963762,0.00022271714922048998,0.5,-0.4794234118009235,0.5550664210777376,0.5507920366310205,0.20532940274850522,0.8923479604425606,0.08644778731686709
2021-11-25 03:20:00,0.1506276150627615,0.3067729083665336,-0.2911392405063292,-0.3211926441706838,0.3590713378963762,0.00033407572383073496,0.5,-0.4794234118009235,0.5550664210777376,0.5507920366310205,0.20532940274850522,0.8923479604425606,0.03956877951627261
2021-11-25 03:30:00,0.16666666666666669,0.346613545816733,-0.2976917349218169,-0.32047848598464557,0.3590713378963762,0.00044543429844097997,0.5,-0.4794234118009235,0.5550664210777376,0.5507920366310205,0.20532940274850522,0.8923479604425606,0.04383119332498454
2021-11-25 03:40:00,0.15690376569037656,0.1633466135458166,-0.30483991064780347,-0.32547759328691306,0.3590713378963762,0.00044543429844097997,0.5,-0.4794234118009235,0.5550664210777376,0.5507920366310205,0.20532940274850522,0.8923479604425606,0.03962158818292923
2021-11-25 03:50:00,0.099721059972106,0.22709163346613526,-0.31228592702903957,-0.32404927691483665,0.3590713378963762,0.0006681514476614699,0.5,-0.4794234118009235,0.5550664210777376,0.5507920366310205,0.20532940274850522,0.8923479604425606,0.0048583973324079245
2021-11-25 04:00:00,0.07670850767085077,0.585657370517928,-0.3179448994787789,-0.3394036779146581,0.3590713378963762,0.35456570155902006,0.5,-0.5475250506716812,0.5542043694523393,0.6200430736852198,0.2020945192802791,0.9140387247791725,0.0
2021-11-25 04:10:00,0.10669456066945607,0.5704799848226141,-0.3161578555472824,-0.3444027852169256,0.3590713378963762,0.9995545657015591,0.5,-0.5475250506716812,0.5542043694523393,0.6200430736852198,0.2020945192802791,0.9140387247791725,0.0
2021-11-25 04:20:00,0.1094839609483961,0.5553025991273002,-0.3107967237527923,-0.32083556507766464,0.3590713378963762,0.9995545657015591,0.5,-0.5475250506716812,0.5542043694523393,0.6200430736852198,0.2020945192802791,0.9140387247791725,0.0
2021-11-25 04:30:00,0.10251046025104603,0.5401252134319863,-0.3104988830975429,-0.3169076950544545,0.3590713378963762,0.9995545657015591,0.5,-0.5475250506716812,0.5542043694523393,0.6200430736852198,0.2020945192802791,0.9140387247791725,0.0
2021-11-25 04:40:00,0.10669456066945607,0.5249478277366724,-0.31139240506329124,-0.3215497232637029,0.3590713378963762,0.9995545657015591,0.5,-0.5475250506716812,0.5542043694523393,0.6200430736852198,0.2020945192802791,0.9140387247791725,0.0
2021-11-25 04:50:00,0.10599721059972106,0.5097704420413582,-0.3143708116157856,-0.3261917514729513,0.3590713378963762,0.9995545657015591,0.5,-0.5475250506716812,0.5542043694523393,0.6200430736852198,0.2020945192802791,0.9140387247791725,0.0
2021-11-25 05:00:00,0.11785216178521618,0.49459305634604434,-0.3134772896500374,-0.33547580789144793,0.3590713378963762,0.9995545657015591,0.5,-0.5446974758048351,0.5456700583608965,0.6186805827413333,0.2119254607708934,0.9367104527649635,0.0
2021-11-25 05:10:00,0.1311018131101813,0.4794156706507302,-0.3087118391660463,-0.3458311015890019,0.3590713378963762,0.9995545657015591,0.5,-0.5446974758048351,0.5456700583608965,0.6186805827413333,0.2119254607708934,0.9367104527649635,0.0
2021-11-25 05:20:00,0.12343096234309624,0.4642382849554163,-0.3104988830975429,-0.3490448134261739,0.3590713378963762,0.9995545657015591,0.5,-0.5446974758048351,0.5456700583608965,0.6186805827413333,0.2119254607708934,0.9367104527649635,0.0
2021-11-25 05:30:00,0.1311018131101813,0.4490608992601022,-0.3104988830975429,-0.35440099982146045,0.3590713378963762,0.9995545657015591,0.5,-0.5446974758048351,0.5456700583608965,0.6186805827413333,0.2119254607708934,0.9367104527649635,0.0
2021-11-25 05:40:00,0.13319386331938632,0.43388351356478827,-0.31556217423678345,-0.3583288698446706,0.3590713378963762,0.9995545657015591,0.5,-0.5446974758048351,0.5456700583608965,0.6186805827413333,0.2119254607708934,0.9367104527649635,0.0
2021-11-25 05:50:00,0.11366806136680613,0.41870612786947436,-0.3164556962025318,-0.359757186216747,0.3590713378963762,0.9995545657015591,0.5,-0.5446974758048351,0.5456700583608965,0.6186805827413333,0.2119254607708934,0.9367104527649635,0.0
2021-11-25 06:00:00,0.11018131101813111,0.40352874217416046,-0.31556217423678345,-0.36225673986788076,0.3590713378963762,0.9995545657015591,0.5,-0.5829769833664808,0.5492878016821506,0.647023412550312,0.3215768802015942,0.011599437434009922,0.0
2021-11-25 06:10:00,0.09902370990237098,0.38835135647884655,-0.3161578555472824,-0.36689876807712907,0.3590713378963762,0.9995545657015591,0.5,-0.5829769833664808,0.5492878016821506,0.647023412550312,0.3215768802015942,0.011599437434009922,0.0
2021-11-25 06:20:00,0.08228730822873082,0.3731739707835324,-0.32360387192851836,-0.36689876807712907,0.3590713378963762,0.9995545657015591,0.5,-0.5829769833664808,0.5492878016821506,0.647023412550312,0.3215768802015942,0.011599437434009922,0.0
2021-11-25 06:30:00,0.07670850767085077,0.3579965850882185,-0.32330603127326885,-0.3697554008212819,0.3590713378963762,0.9995545657015591,0.5,-0.5829769833664808,0.5492878016821506,0.647023412550312,0.3215768802015942,0.011599437434009922,0.0
2021-11-25 06:40:00,0.08298465829846582,0.3428191993929044,-0.32688011913626225,-0.3740403499375111,0.3590713378963762,0.9995545657015591,0.5,-0.5829769833664808,0.5492878016821506,0.647023412550312,0.3215768802015942,0.011599437434009922,0.0
2021-11-25 06:50:00,0.09344490934449094,0.3276418136975905,-0.3283693224125095,-0.3740403499375111,0.3590713378963762,0.9995545657015591,0.5,-0.5829769833664808,0.5492878016821506,0.647023412550312,0.3215768802015942,0.011599437434009922,0.0
2021-11-25 07:00:00,0.12273361227336123,0.3124644280022766,-0.3283693224125095,-0.3772540617746831,0.3590713378963762,0.9995545657015591,0.5,-0.560229942869493,0.5534400170111518,0.6283288548925586,0.2564618508477279,0.04806954070733109,0.0
2021-11-25 07:10:00,0.14365411436541145,0.2972870423069627,-0.3283693224125095,-0.3808248527048741,0.3590713378963762,0.9995545657015591,0.5,-0.560229942869493,0.5534400170111518,0.6283288548925586,0.2564618508477279,0.04806954070733109,0.0
2021-11-25 07:20:00,0.18479776847977683,0.28210965661164833,-0.32628443782576333,-0.3858239600071416,0.35958173561398227,0.9995545657015591,0.5,-0.560229942869493,0.5534400170111518,0.6283288548925586,0.2564618508477279,0.04806954070733109,0.0
2021-11-25 07:30:00,0.20432357043235705,0.2669322709163344,-0.3224125093075205,-0.3826102481699697,0.3926005418068079,0.3487750556792873,0.5,-0.560229942869493,0.5534400170111518,0.6283288548925586,0.2564618508477279,0.04806954070733109,0.015465395235149448
2021-11-25 07:40:00,0.18479776847977683,0.19521912350597592,-0.2988830975428147,-0.3294054633101231,0.3932418107340566,0.00011135857461024499,0.5,-0.560229942869493,0.5534400170111518,0.6283288548925586,0.2564618508477279,0.04806954070733109,0.02456357409055932
2021-11-25 07:50:00,0.13807531380753138,0.3705179282868525,-0.282204020848846,-0.28869844670594524,0.39826726518433214,0.00044543429844097997,0.5,-0.560229942869493,0.5534400170111518,0.6283288548925586,0.2564618508477279,0.04806954070733109,0.004534001237231619
2021-11-25 08:00:00,0.10808926080892609,0.14741035856573692,-0.2744601638123605,-0.28691305124084987,0.4097184960280588,0.4471046770601336,0.5,-0.5528545408396908,0.5715747097041151,0.6358422112730908,0.19844506039243254,0.04855137835406796,0.0
2021-11-25 08:10:00,0.12412831241283125,-0.04116865869853925,-0.28518242740134037,-0.29655418675236567,0.4097184960280588,0.9972160356347439,0.5,-0.5528545408396908,0.5715747097041151,0.6358422112730908,0.19844506039243254,0.04855137835406796,0.0
2021-11-25 08:20:00,0.11087866108786612,-0.22974767596281553,-0.2899478778853314,-0.3040528477057667,0.4097184960280588,0.9972160356347439,0.5,-0.5528545408396908,0.5715747097041151,0.6358422112730908,0.19844506039243254,0.04855137835406796,0.0
2021-11-25 08:30:00,0.08437935843793584,-0.4183266932270917,-0.2950111690245719,-0.31119442956614896,0.4097184960280588,0.9972160356347439,0.5,-0.5528545408396908,0.5715747097041151,0.6358422112730908,0.19844506039243254,0.04855137835406796,0.0
2021-11-25 08:40:00,0.10251046025104603,-0.1872509960159363,-0.2985852568875653,-0.3169076950544545,0.4097184960280588,0.9972160356347439,0.5,-0.5528545408396908,0.5715747097041151,0.6358422112730908,0.19844506039243254,0.04855137835406796,0.0
2021-11-25 08:50:00,0.14365411436541145,-0.26693227091633476,-0.2973938942665675,-0.3233351187287984,0.4097184960280588,0.9972160356347439,0.5,-0.5528545408396908,0.5715747097041151,0.6358422112730908,0.19844506039243254,0.04855137835406796,0.0
2021-11-25 09:00:00,0.11436541143654114,-0.03585657370517936,-0.2973938942665675,-0.32726298875200854,0.4097184960280588,0.9972160356347439,0.5,-0.5558338055574918,0.5940024194915627,0.6653601007512849,0.16745418261337386,0.002993665089592591,0.0
2021-11-25 09:10:00,0.11715481171548117,-0.38645418326693237,-0.29560685033507084,-0.33333333333333326,0.4097184960280588,0.9972160356347439,0.5,-0.5558338055574918,0.5940024194915627,0.6653601007512849,0.16745418261337386,0.002993665089592591,0.0
2021-11-25 09:20:00,0.11436541143654114,-0.36723693461448337,-0.2893521965748326,-0.33476164970540967,0.4097184960280588,0.9972160356347439,0.5,-0.5558338055574918,0.5940024194915627,0.6653601007512849,0.16745418261337386,0.002993665089592591,0.0
2021-11-25 09:30:00,0.09414225941422595,-0.34801968596203425,-0.28369322412509324,-0.3344045706123906,0.4097184960280588,0.9972160356347439,0.5,-0.5558338055574918,0.5940024194915627,0.6653601007512849,0.16745418261337386,0.002993665089592591,0.0
2021-11-25 09:40:00,0.10599721059972106,-0.32880243730958536,-0.28131049888309767,-0.33047670058918044,0.4097184960280588,0.9972160356347439,0.5,-0.5558338055574918,0.5940024194915627,0.6653601007512849,0.16745418261337386,0.002993665089592591,0.0
2021-11-25 09:50:00,0.11436541143654114,-0.30958518865713625,-0.2753536857781088,-0.32762006784502773,0.4097184960280588,0.9972160356347439,0.5,-0.5558338055574918,0.5940024194915627,0.6653601007512849,0.16745418261337386,0.002993665089592591,0.0
2021-11-25 10:00:00,0.07252440725244073,-0.29036794000468713,-0.2705882352941178,-0.32690590965898936,0.4097184960280588,0.9972160356347439,0.5,-0.3609542052075513,0.6180479128293385,0.49023778535872614,0.16247626698793502,0.929632978900886,0.0
2021-11-25 10:10:00,0.060669456066945605,-0.27115069135223824,-0.27267311988086385,-0.3186930905195501,0.4097184960280588,0.9972160356347439,0.5,-0.3609542052075513,0.6180479128293385,0.49023778535872614,0.16247626698793502,0.929632978900886,0.0
2021-11-25 10:20:00,0.08786610878661089,-0.25193344269978923,-0.2682055100521221,-0.30940903410105336,0.4097184960280588,0.9972160356347439,0.5,-0.3609542052075513,0.6180479128293385,0.49023778535872614,0.16247626698793502,0.929632978900886,0.0
2021-11-25 10:30:00,0.08716875871687588,-0.23271619404734012,-0.26463142218912894,-0.3022674522406713,0.4097184960280588,0.9972160356347439,0.5,-0.3609542052075513,0.6180479128293385,0.49023778535872614,0.16247626698793502,0.929632978900886,0.0
2021-11-25 10:40:00,0.0794979079497908,-0.213498945394891,-0.2583767684288907,-0.29084092126406,0.4097184960280588,0.9972160356347439,0.5,-0.3609542052075513,0.6180479128293385,0.49023778535872614,0.16247626698793502,0.929632978900886,0.0
2021-11-25 10:50:00,0.05090655509065551,-0.1942816967424421,-0.25688756515264344,-0.2797714693804677,0.4097184960280588,0.9972160356347439,0.5,-0.3609542052075513,0.6180479128293385,0.49023778535872614,0.16247626698793502,0.929632978900886,0.0
2021-11-25 11:00:00,0.0397489539748954,-0.1750644480899931,-0.25688756515264344,-0.2683449384038563,0.4097184960280588,0.9972160356347439,0.5,-0.35922791600224535,0.6328263511940863,0.4540574622693109,0.1571130410474054,0.7956997090679313,0.0
2021-11-25 11:10:00,0.03695955369595537,-0.155847199437544,-0.2515264333581535,-0.2554900910551686,0.4097184960280588,0.9972160356347439,0.5,-0.35922791600224535,0.6328263511940863,0.4540574622693109,0.1571130410474054,0.7956997090679313,0.0
2021-11-25 11:20:00,0.07880055788005579,-0.13662995078509488,-0.24616530156366356,-0.24370648098553827,0.4097184960280588,0.9972160356347439,0.5,-0.35922791600224535,0.6328263511940863,0.4540574622693109,0.1571130410474054,0.7956997090679313,0.0
2021-11-25 11:30:00,0.10181311018131102,-0.11741270213264599,-0.2354430379746837,-0.23799321549723262,0.4097184960280588,0.9972160356347439,0.5,-0.35922791600224535,0.6328263511940863,0.4540574622693109,0.1571130410474054,0.7956997090679313,0.0
2021-11-25 11:40:00,0.15829846582984658,-0.09819545348019698,-0.22620997766195106,-0.23477950366006073,0.4097184960280588,0.9972160356347439,0.5,-0.35922791600224535,0.6328263511940863,0.4540574622693109,0.1571130410474054,0.7956997090679313,0.0
2021-11-25 11:50:00,0.20013947001394702,-0.07897820482774787,-0.2211466865227104,-0.2365648991251561,0.38631872374396353,0.6839643652561248,0.5,-0.35922791600224535,0.6328263511940863,0.4540574622693109,0.1571130410474054,0.7956997090679313,0.003251505046999713
2021-11-25 12:00:00,0.18479776847977683,-0.059760956175298974,-0.20714817572598676,-0.22656668452062123,0.3723285914331706,0.00011135857461024499,0.5,-0.35766445657978085,0.6369325904363985,0.42168409917016647,0.2869954896210446,0.732119044340166,0.051812846085368985
2021-11-25 12:10:00,0.18758716875871687,-0.24302788844621515,-0.18778853313477306,-0.2001428316372077,0.36081192498462267,0.00011135857461024499,0.5,-0.35766445657978085,0.6369325904363985,0.42168409917016647,0.2869954896210446,0.732119044340166,0.05051526170466376
2021-11-25 12:20:00,0.19665271966527195,0.5378486055776892,-0.1737900223380493,-0.17657561149794665,0.35583881901820413,0.00011135857461024499,0.5,-0.35766445657978085,0.6369325904363985,0.42168409917016647,0.2869954896210446,0.732119044340166,0.06447183789248155
2021-11-25 12:30:00,0.24476987447698745,-0.08366533864541836,-0.16425912137006715,-0.15907873594001076,0.37009069374828235,0.00011135857461024499,0.5,-0.35766445657978085,0.6369325904363985,0.42168409917016647,0.2869954896210446,0.732119044340166,0.10267513617091902
2021-11-25 12:40:00,0.2698744769874477,0.1872509960159361,-0.1505584512285929,-0.1440814140332084,0.36988129981285417,0.00022271714922048998,0.5,-0.35766445657978085,0.6369325904363985,0.42168409917016647,0.2869954896210446,0.732119044340166,0.10809934064607632
2021-11-25 12:50:00,0.28172942817294283,-0.21912350597609564,-0.13983618763961292,-0.13158364577753967,0.3723809399170277,0.00044543429844097997,0.5,-0.35766445657978085,0.6369325904363985,0.42168409917016647,0.2869954896210446,0.732119044340166,0.13001493730856858
2021-11-25 13:00:00,0.2775453277545328,-0.07569721115537853,-0.1350707371556218,-0.12229958935904306,0.3593854287995184,0.0010022271714922048,0.5,-0.18968575719684633,0.6377659070076194,0.2961329174337336,0.3778433787286119,0.7205002033895841,0.12920017502300948
2021-11-25 13:10:00,0.2705718270571827,0.003984063745019917,-0.1273268801191364,-0.11301553294054623,0.35950321288819675,0.0038975501113585743,0.5,-0.18968575719684633,0.6377659070076194,0.2961329174337336,0.3778433787286119,0.7205002033895841,0.12579778807127662
2021-11-25 13:20:00,0.2907949790794979,-0.07569721115537853,-0.11898734177215198,-0.10515979289412591,0.35950321288819675,0.00033407572383073496,0.5,-0.18968575719684633,0.6377659070076194,0.2961329174337336,0.3778433787286119,0.7205002033895841,0.14486171673431206
2021-11-25 13:30:00,0.2831241283124128,-0.50597609561753,-0.11362620997766204,-0.09908944831280142,0.35950321288819675,0.0006681514476614699,0.5,-0.18968575719684633,0.6377659070076194,0.2961329174337336,0.3778433787286119,0.7205002033895841,0.1540353365420885
2021-11-25 13:40:00,0.29428172942817293,0.019920318725099362,-0.10528667163067773,-0.09266202463845752,0.3656672468623627,0.00044543429844097997,0.5,-0.18968575719684633,0.6377659070076194,0.2961329174337336,0.3778433787286119,0.7205002033895841,0.14826410368604495
2021-11-25 13:50:00,0.30474198047419804,-0.003984063745020028,-0.10290394638868217,-0.08444920549901802,0.359568648493018,0.0027839643652561247,0.5,-0.18968575719684633,0.6377659070076194,0.2961329174337336,0.3778433787286119,0.7205002033895841,0.16306561854036847
2021-11-25 14:00:00,0.3263598326359832,0.1633466135458166,-0.09456440804169786,-0.07909301910373145,0.359568648493018,0.000779510022271715,0.5,-0.17953160922319666,0.6194789185275027,0.2811150816613208,0.4264767297458133,0.7202127321318647,0.1731294415860706
2021-11-25 14:10:00,0.31241283124128316,-0.15537848605577698,-0.08294862248696955,-0.07766470273165504,0.3639397468950806,0.00044543429844097997,0.5,-0.17953160922319666,0.6194789185275027,0.2811150816613208,0.4264767297458133,0.7202127321318647,0.170051450729514
2021-11-25 14:20:00,0.28521617852161785,-0.07569721115537853,-0.08771407297096068,-0.07052312087127288,0.3612045386135504,0.00033407572383073496,0.5,-0.17953160922319666,0.6194789185275027,0.2811150816613208,0.4264767297458133,0.7202127321318647,0.14576700816271104
2021-11-25 14:30:00,0.2622036262203626,0.11553784860557759,-0.10647803425167546,-0.0798071772897695,0.36103440604101505,0.00033407572383073496,0.5,-0.17953160922319666,0.6194789185275027,0.2811150816613208,0.4264767297458133,0.7202127321318647,0.1361407426407351
2021-11-25 14:40:00,0.2622036262203626,0.11553784860557759,-0.1580044676098289,-0.15086591680057126,0.3610605802829435,0.00044543429844097997,0.5,-0.17953160922319666,0.6194789185275027,0.2811150816613208,0.4264767297458133,0.7202127321318647,0.12419089578586841
2021-11-25 14:50:00,0.2670850767085077,0.2589641434262948,-0.17110945644080433,-0.1837171933583288,0.35577338341338294,0.00033407572383073496,0.5,-0.17953160922319666,0.6194789185275027,0.2811150816613208,0.4264767297458133,0.7202127321318647,0.1355824795932224
2021-11-25 15:00:00,0.27615062761506276,-0.3545816733067729,-0.17349218168279978,-0.19585788252097835,0.37561345879519964,0.00022271714922048998,0.5,-0.17448305212787718,0.6085682184553773,0.2805094174070393,0.43668751186099,0.7210893923970917,0.1459405223531542
2021-11-25 15:10:00,0.3207810320781032,-0.3944223107569722,-0.17349218168279978,-0.1997857525441885,0.36243472798419074,0.00022271714922048998,0.5,-0.17448305212787718,0.6085682184553773,0.2805094174070393,0.43668751186099,0.7210893923970917,0.19018664091615492
2021-11-25 15:20:00,0.3117154811715481,-0.31474103585657376,-0.1737900223380493,-0.20335654347437948,0.36243472798419074,0.00033407572383073496,0.5,-0.17448305212787718,0.6085682184553773,0.2805094174070393,0.43668751186099,0.7210893923970917,0.19160493082064667
2021-11-25 15:30:00,0.3200836820083682,-0.13147410358565736,-0.17349218168279978,-0.20764149259060882,0.36243472798419074,0.00022271714922048998,0.5,-0.17448305212787718,0.6085682184553773,0.2805094174070393,0.43668751186099,0.7210893923970917,0.1931363821536883
2021-11-25 15:40:00,0.3235704323570432,0.06772908366533859,-0.1746835443037975,-0.21228352079985702,0.36243472798419074,0.00022271714922048998,0.5,-0.17448305212787718,0.6085682184553773,0.2805094174070393,0.43668751186099,0.7210893923970917,0.20077100653318647
2021-11-25 15:50:00,0.30822873082287305,0.043824701195219085,-0.1743857036485481,-0.2158543117300481,0.36243472798419074,0.00033407572383073496,0.5,-0.17448305212787718,0.6085682184553773,0.2805094174070393,0.43668751186099,0.7210893923970917,0.18556965463132005
2021-11-25 16:00:00,0.24895397489539747,0.22709163346613526,-0.17349218168279978,-0.21871094447420092,0.36243472798419074,0.00022271714922048998,0.5,-0.13982709091351786,0.6088469484809231,0.2585532004904663,0.4255820511099611,0.7217055474826715,0.11869879445358118
2021-11-25 16:10:00,0.2482566248256625,0.24302788844621515,-0.17349218168279978,-0.22049633993929663,0.3634816976613315,0.00022271714922048998,0.5,-0.13982709091351786,0.6088469484809231,0.2585532004904663,0.4255820511099611,0.7217055474826715,0.12305173740513302
2021-11-25 16:20:00,0.2580195258019526,-0.14741035856573714,-0.17349218168279978,-0.22049633993929663,0.36954103466778343,0.00022271714922048998,0.5,-0.13982709091351786,0.6088469484809231,0.2585532004904663,0.4255820511099611,0.7217055474826715,0.11756718016808244
2021-11-25 16:30:00,0.2196652719665272,0.07569721115537842,-0.17349218168279978,-0.22335297268344934,0.36252633783094057,0.00022271714922048998,0.5,-0.13982709091351786,0.6088469484809231,0.2585532004904663,0.4255820511099611,0.7217055474826715,0.09392398569639543
2021-11-25 16:40:00,0.23291492329149233,-0.1394422310756973,-0.17349218168279978,-0.2240671308694876,0.3622122469277983,0.00022271714922048998,0.5,-0.13982709091351786,0.6088469484809231,0.2585532004904663,0.4255820511099611,0.7217055474826715,0.09650406626733256
2021-11-25 16:50:00,0.16527196652719667,0.24302788844621515,-0.17349218168279978,-0.2240671308694876,0.36263103479865466,0.00033407572383073496,0.5,-0.13982709091351786,0.6088469484809231,0.2585532004904663,0.4255820511099611,0.7217055474826715,0.05201653665675876
2021-11-25 17:00:00,0.18340306834030684,-0.21912350597609564,-0.17349218168279978,-0.2240671308694876,0.3618196332988706,0.00033407572383073496,0.5,-0.14103227144878816,0.6047665707873718,0.24110649380887111,0.38168749531359397,0.7204476275261601,0.058021636465138735
2021-11-25 17:10:00,0.15202231520223153,0.298804780876494,-0.17587490692479535,-0.2272808427066595,0.3487194252136473,0.00033407572383073496,0.5,-0.14103227144878816,0.6047665707873718,0.24110649380887111,0.38168749531359397,0.7204476275261601,0.04616231875311194
2021-11-25 17:20:00,0.16387726638772665,-0.1872509960159363,-0.17855547282204032,-0.23085163363685057,0.3619112431456204,0.00033407572383073496,0.5,-0.14103227144878816,0.6047665707873718,0.24110649380887111,0.38168749531359397,0.7204476275261601,0.05070386408558021
2021-11-25 17:30:00,0.14295676429567641,-0.01195219123505975,-0.18004467609828745,-0.23477950366006073,0.3619112431456204,0.00033407572383073496,0.5,-0.14103227144878816,0.6047665707873718,0.24110649380887111,0.38168749531359397,0.7204476275261601,0.036958522564388856
2021-11-25 17:40:00,0.13668061366806136,0.01195219123505975,-0.18272524199553253,-0.23477950366006073,0.3619112431456204,0.00033407572383073496,0.5,-0.14103227144878816,0.6047665707873718,0.24110649380887111,0.38168749531359397,0.7204476275261601,0.0339861490411455
2021-11-25 17:50:00,0.17364016736401675,-0.0916334661354582,-0.18838421444527187,-0.24227816461346185,0.3619112431456204,0.00033407572383073496,0.5,-0.14103227144878816,0.6047665707873718,0.24110649380887111,0.38168749531359397,0.7204476275261601,0.05308025408512757
2021-11-25 18:00:00,0.16596931659693165,0.298804780876494,-0.193149664929263,-0.2497768255668631,0.3619112431456204,0.00033407572383073496,0.5,-0.37842872261336136,0.6028844247385846,0.40504037951916394,0.2691056326772347,0.7180576307927916,0.05247672646619491
2021-11-25 18:10:00,0.16108786610878661,0.11553784860557759,-0.19880863737900234,-0.2558471701481878,0.3619112431456204,0.00033407572383073496,0.5,-0.37842872261336136,0.6028844247385846,0.40504037951916394,0.2691056326772347,0.7180576307927916,0.04954961751437151
2021-11-25 18:20:00,0.1903765690376569,-0.043824701195219196,-0.2047654504839912,-0.2640599892876272,0.3619112431456204,0.00022271714922048998,0.5,-0.37842872261336136,0.6028844247385846,0.40504037951916394,0.2691056326772347,0.7180576307927916,0.059802042940990084
2021-11-25 18:30:00,0.20502092050209206,-0.043824701195219196,-0.21191362620997778,-0.27227280842706647,0.3619112431456204,0.00022271714922048998,0.5,-0.37842872261336136,0.6028844247385846,0.40504037951916394,0.2691056326772347,0.7180576307927916,0.06917180922491965
2021-11-25 18:40:00,0.1324965132496513,0.3227091633466135,-0.21757259865971712,-0.2740582038921622,0.3619112431456204,0.00033407572383073496,0.5,-0.37842872261336136,0.6028844247385846,0.40504037951916394,0.2691056326772347,0.7180576307927916,0.03310348989845648
2021-11-25 18:50:00,0.12691771269177127,0.3306772908366533,-0.22263588979895765,-0.27155865024102843,0.3713732316027797,0.00033407572383073496,0.5,-0.37842872261336136,0.6028844247385846,0.40504037951916394,0.2691056326772347,0.7180576307927916,0.03244715361286721
2021-11-25 19:00:00,0.1206415620641562,-0.26693227091633476,-0.2282948622486971,-0.2740582038921622,0.37592754969834186,0.00022271714922048998,0.5,-0.4140373814756274,0.6126773312031103,0.48382593645572536,0.23154562041032267,0.7592891459613442,0.016234892949288593
2021-11-25 19:10:00,0.1206415620641562,-0.003984063745020028,-0.23306031273268812,-0.27620067845027674,0.36185889466176335,0.00044543429844097997,0.5,-0.4140373814756274,0.6126773312031103,0.48382593645572536,0.23154562041032267,0.7592891459613442,0.015616277139882614
2021-11-25 19:20:00,0.12133891213389121,0.08366533864541825,-0.23514519731943417,-0.2765577575432959,0.36185889466176335,0.00044543429844097997,0.5,-0.4140373814756274,0.6126773312031103,0.48382593645572536,0.23154562041032267,0.7592891459613442,0.012824961902319056
2021-11-25 19:30:00,0.08716875871687588,0.2111553784860556,-0.23901712583767698,-0.2751294411712194,0.36185889466176335,0.018708240534521157,0.5,-0.4140373814756274,0.6126773312031103,0.48382593645572536,0.23154562041032267,0.7592891459613442,0.0009581000950556
2021-11-25 19:40:00,0.10669456066945607,0.20173850054328146,-0.2360387192851825,-0.28548473486877346,0.36185889466176335,0.9959910913140312,0.5,-0.4140373814756274,0.6126773312031103,0.48382593645572536,0.23154562041032267,0.7592891459613442,0.0
2021-11-25 19:50:00,0.10669456066945607,0.1923216226005069,-0.23306031273268812,-0.2619175147295125,0.36185889466176335,0.9993318485523385,0.5,-0.4140373814756274,0.6126773312031103,0.48382593645572536,0.23154562041032267,0.7592891459613442,0.0
2021-11-25 20:00:00,0.11645746164574616,0.18290474465773277,-0.23306031273268812,-0.2554900910551686,0.36185889466176335,0.9993318485523385,0.5,-0.41853224393248945,0.6207892369981075,0.4890383773777807,0.2156889242828113,0.8254475543472071,0.0
2021-11-25 20:10:00,0.11157601115760113,0.1734878667149582,-0.23306031273268812,-0.25870380289234074,0.36185889466176335,0.9993318485523385,0.5,-0.41853224393248945,0.6207892369981075,0.4890383773777807,0.2156889242828113,0.8254475543472071,0.0
2021-11-25 20:20:00,0.11785216178521618,0.16407098877218385,-0.23306031273268812,-0.26584538475272257,0.36185889466176335,0.9993318485523385,0.5,-0.41853224393248945,0.6207892369981075,0.4890383773777807,0.2156889242828113,0.8254475543472071,0.0
2021-11-25 20:30:00,0.12622036262203626,0.1546541108294095,-0.23306031273268812,-0.27441528298518114,0.36185889466176335,0.9993318485523385,0.5,-0.41853224393248945,0.6207892369981075,0.4890383773777807,0.2156889242828113,0.8254475543472071,0.0
2021-11-25 20:40:00,0.13458856345885634,0.14523723288663515,-0.23306031273268812,-0.28227102303160145,0.36185889466176335,0.9993318485523385,0.5,-0.41853224393248945,0.6207892369981075,0.4890383773777807,0.2156889242828113,0.8254475543472071,0.0
2021-11-25 20:50:00,0.15620641562064158,0.1358203549438608,-0.23454951600893525,-0.28905552579896443,0.36185889466176335,0.9993318485523385,0.5,-0.41853224393248945,0.6207892369981075,0.4890383773777807,0.2156889242828113,0.8254475543472071,0.0
2021-11-25 21:00:00,0.1806136680613668,0.12640347700108645,-0.23842144452717806,-0.29548294947330833,0.36185889466176335,0.9993318485523385,0.5,-0.41020414425478036,0.6270534788093364,0.5034182112943956,0.22815442132352456,0.9160104042695655,0.0
2021-11-25 21:10:00,0.17782426778242677,0.1169865990583121,-0.23901712583767698,-0.3022674522406713,0.38850427294499484,0.7604677060133631,0.5,-0.41020414425478036,0.6270534788093364,0.5034182112943956,0.22815442132352456,0.9160104042695655,0.0
2021-11-25 21:20:00,0.13807531380753138,0.10756972111553775,-0.22352941176470598,-0.2944117121942511,0.4165630602923663,0.30300668151447663,0.5,-0.41020414425478036,0.6270534788093364,0.5034182112943956,0.22815442132352456,0.9160104042695655,0.0
2021-11-25 21:30:00,0.18270571827057183,0.97609561752988,-0.22382725241995538,-0.2811997857525441,0.41889256782400447,0.9971046770601337,0.5,-0.41020414425478036,0.6270534788093364,0.5034182112943956,0.22815442132352456,0.9160104042695655,0.0
2021-11-25 21:40:00,0.1631799163179916,-0.3227091633466136,-0.2202531645569621,-0.27762899482235315,0.4448050673332373,0.10345211581291759,0.5,-0.41020414425478036,0.6270534788093364,0.5034182112943956,0.22815442132352456,0.9160104042695655,0.0
2021-11-25 21:50:00,0.19456066945606695,-0.4103585657370519,-0.20416976917349228,-0.270130333868952,0.4448050673332373,0.20066815144766148,0.5,-0.41020414425478036,0.6270534788093364,0.5034182112943956,0.22815442132352456,0.9160104042695655,0.030319718756129578
2021-11-25 22:00:00,0.1771269177126918,-0.15537848605577698,-0.18868205510052138,-0.23335118728798432,0.4448050673332373,0.00011135857461024499,0.5,-0.48290447374995127,0.6268494599246569,0.5943291006583302,0.24730989232912023,0.970081368262864,0.03794679904039108
2021-11-25 22:10:00,0.1492329149232915,0.09960159362549792,-0.17885331347728972,-0.20407070166041774,0.4448050673332373,0.00011135857461024499,0.5,-0.48290447374995127,0.6268494599246569,0.5943291006583302,0.24730989232912023,0.970081368262864,0.018068108091796552
2021-11-25 22:20:00,0.12412831241283125,0.6414342629482073,-0.17200297840655265,-0.1758614533119086,0.4448050673332373,0.000556792873051225,0.5,-0.48290447374995127,0.6268494599246569,0.5943291006583302,0.24730989232912023,0.970081368262864,0.001606892285408211
2021-11-25 22:30:00,0.0899581589958159,0.3784860557768923,-0.1705137751303054,-0.14443849312622736,0.45735561633796185,0.3111358574610245,0.5,-0.48290447374995127,0.6268494599246569,0.5943291006583302,0.24730989232912023,0.970081368262864,0.0
2021-11-25 22:40:00,0.06903765690376569,-0.7211155378486056,-0.18332092330603145,-0.14658096768434214,0.4613210139901323,0.9995545657015591,0.5,-0.48290447374995127,0.6268494599246569,0.5943291006583302,0.24730989232912023,0.970081368262864,0.0
2021-11-25 22:50:00,0.09902370990237098,-0.24302788844621515,-0.19255398361876408,-0.16693447598643107,0.4613210139901323,0.9995545657015591,0.5,-0.48290447374995127,0.6268494599246569,0.5943291006583302,0.24730989232912023,0.970081368262864,0.0
2021-11-25 23:00:00,0.1094839609483961,-0.23223771580345298,-0.19880863737900234,-0.18443135154436707,0.4613210139901323,0.9995545657015591,0.5,-0.5316505810274954,0.6268437129138197,0.6605378668875262,0.2394564383419551,0.0019852082393559583,0.0
2021-11-25 23:10:00,0.09205020920502092,-0.2214475431606907,-0.19821295606850342,-0.19800035707909291,0.4613210139901323,0.9995545657015591,0.5,-0.5316505810274954,0.6268437129138197,0.6605378668875262,0.2394564383419551,0.0019852082393559583,0.0
2021-11-25 23:20:00,0.06555090655509065,-0.21065737051792832,-0.2008935219657484,-0.2094268880557043,0.4613210139901323,0.9995545657015591,0.5,-0.5316505810274954,0.6268437129138197,0.6605378668875262,0.2394564383419551,0.0019852082393559583,0.0
2021-11-25 23:30:00,0.08228730822873082,-0.19986719787516605,-0.20029784065524958,-0.22156757721835385,0.4613210139901323,0.9995545657015591,0.5,-0.5316505810274954,0.6268437129138197,0.6605378668875262,0.2394564383419551,0.0019852082393559583,0.0
2021-11-25 23:40:00,0.07461645746164575,-0.18907702523240388,-0.2047654504839912,-0.22978039635779324,0.4613210139901323,0.9995545657015591,0.5,-0.5316505810274954,0.6268437129138197,0.6605378668875262,0.2394564383419551,0.0019852082393559583,0.0
2021-11-25 23:50:00,0.0502092050209205,-0.1782868525896415,-0.21102010424422946,-0.23799321549723262,0.4613210139901323,0.9995545657015591,0.5,-0.5316505810274954,0.6268437129138197,0.6605378668875262,0.2394564383419551,0.0019852082393559583,0.0
2021-11-26 00:00:00,0.061366806136680614,-0.16749667994687922,-0.21518987341772167,-0.24584895554365294,0.4613210139901323,0.9995545657015591,0.5,-0.5338155634187318,0.6193438637728567,0.6773948878944125,0.2245130539613357,0.016582448553350303,0.0
2021-11-26 00:10:00,0.04741980474198048,-0.15670650730411706,-0.2211466865227104,-0.25370469559007325,0.4613210139901323,0.9995545657015591,0.5,-0.5338155634187318,0.6193438637728567,0.6773948878944125,0.2245130539613357,0.016582448553350303,0.0
2021-11-26 00:20:00,0.055090655509065556,-0.14591633466135467,-0.22710349962769927,-0.2604891983574361,0.4613210139901323,0.9995545657015591,0.5,-0.5338155634187318,0.6193438637728567,0.6773948878944125,0.2245130539613357,0.016582448553350303,0.0
2021-11-26 00:30:00,0.04393305439330544,-0.1351261620185924,-0.23663440059568142,-0.26620246384574175,0.4613210139901323,0.9995545657015591,0.5,-0.5338155634187318,0.6193438637728567,0.6773948878944125,0.2245130539613357,0.016582448553350303,0.0
2021-11-26 00:40:00,0.03277545327754532,-0.12433598937583012,-0.2434847356664186,-0.27298696661310484,0.4613210139901323,0.9995545657015591,0.5,-0.5338155634187318,0.6193438637728567,0.6773948878944125,0.2245130539613357,0.016582448553350303,0.0
2021-11-26 00:50:00,0.0404463040446304,-0.11354581673306774,-0.24914370811615805,-0.27941439028744863,0.4613210139901323,0.9995545657015591,0.5,-0.5338155634187318,0.6193438637728567,0.6773948878944125,0.2245130539613357,0.016582448553350303,0.0
2021-11-26 01:00:00,0.038354253835425386,-0.10275564409030558,-0.2509307520476546,-0.2861988930548115,0.4613210139901323,0.9995545657015591,0.5,-0.5695229474258586,0.6171168970739109,0.7241029390821726,0.23051287955288494,0.03797149375081488,0.0
2021-11-26 01:10:00,0.03138075313807531,-0.0919654714475433,-0.2556962025316457,-0.291198000357079,0.4613210139901323,0.9995545657015591,0.5,-0.5695229474258586,0.6171168970739109,0.7241029390821726,0.23051287955288494,0.03797149375081488,0.0
2021-11-26 01:20:00,0.048814504881450484,-0.08117529880478092,-0.25688756515264344,-0.29833958221746115,0.4613210139901323,0.9995545657015591,0.5,-0.5695229474258586,0.6171168970739109,0.7241029390821726,0.23051287955288494,0.03797149375081488,0.0
2021-11-26 01:30:00,0.06345885634588563,-0.07038512616201864,-0.2556962025316457,-0.3040528477057667,0.4613210139901323,0.9995545657015591,0.5,-0.5695229474258586,0.6171168970739109,0.7241029390821726,0.23051287955288494,0.03797149375081488,0.0
2021-11-26 01:40:00,0.07182705718270573,-0.05959495351925648,-0.2524199553239018,-0.3090519550080342,0.4613210139901323,0.9995545657015591,0.5,-0.5695229474258586,0.6171168970739109,0.7241029390821726,0.23051287955288494,0.03797149375081488,0.0
2021-11-26 01:50:00,0.08298465829846582,-0.04880478087649409,-0.2509307520476546,-0.3133369041242635,0.4613210139901323,0.9995545657015591,0.5,-0.5695229474258586,0.6171168970739109,0.7241029390821726,0.23051287955288494,0.03797149375081488,0.0
2021-11-26 02:00:00,0.09623430962343095,-0.03801460823373182,-0.24973938942665685,-0.3169076950544545,0.4613210139901323,0.9995545657015591,0.5,-0.5702334349379616,0.5956949141827613,0.7418274955085608,0.25716367994860273,0.05172313376428676,0.0
2021-11-26 02:10:00,0.06903765690376569,-0.027224435590969653,-0.251228592702904,-0.3233351187287984,0.4613210139901323,0.9995545657015591,0.5,-0.5702334349379616,0.5956949141827613,0.7418274955085608,0.25716367994860273,0.05172313376428676,0.0
2021-11-26 02:20:00,0.06555090655509065,-0.016434262948207268,-0.2583767684288907,-0.3261917514729513,0.4613210139901323,0.9995545657015591,0.5,-0.5702334349379616,0.5956949141827613,0.7418274955085608,0.25716367994860273,0.05172313376428676,0.0
2021-11-26 02:30:00,0.0885634588563459,-0.005644090305444993,-0.2598659717051379,-0.33047670058918044,0.4613210139901323,0.9995545657015591,0.5,-0.5702334349379616,0.5956949141827613,0.7418274955085608,0.25716367994860273,0.05172313376428676,0.0
2021-11-26 02:40:00,0.07391910739191074,0.0051460823373172815,-0.2625465376023829,-0.33654704517050527,0.4613210139901323,0.9995545657015591,0.5,-0.5702334349379616,0.5956949141827613,0.7418274955085608,0.25716367994860273,0.05172313376428676,0.0
2021-11-26 02:50:00,0.0697350069735007,0.015936254980079667,-0.2679076693968728,-0.3404749151937154,0.4613210139901323,0.9995545657015591,0.5,-0.5702334349379616,0.5956949141827613,0.7418274955085608,0.25716367994860273,0.05172313376428676,0.0
2021-11-26 03:00:00,0.07391910739191074,0.02672642762284183,-0.2702903946388683,-0.34618818068202095,0.4613210139901323,0.9995545657015591,0.5,-0.5711230285405722,0.5882324206122294,0.7577393708523064,0.30531469466930705,0.06252629093620186,0.0
2021-11-26 03:10:00,0.058577405857740586,0.037516600265603994,-0.2786299329858527,-0.34975897161221203,0.4613210139901323,0.9995545657015591,0.5,-0.5711230285405722,0.5882324206122294,0.7577393708523064,0.30531469466930705,0.06252629093620186,0.0
2021-11-26 03:20:00,0.04741980474198048,0.04830677290836638,-0.2819061801935965,-0.35618639528655593,0.4613210139901323,0.9995545657015591,0.5,-0.5711230285405722,0.5882324206122294,0.7577393708523064,0.30531469466930705,0.06252629093620186,0.0
2021-11-26 03:30:00,0.02510460251046025,0.059096945551128766,-0.2890543559195832,-0.3586859489376897,0.4613210139901323,0.9995545657015591,0.5,-0.5711230285405722,0.5882324206122294,0.7577393708523064,0.30531469466930705,0.06252629093620186,0.0
2021-11-26 03:40:00,0.03347280334728033,0.06988711819389093,-0.2938198064035742,-0.3647562935190145,0.4613210139901323,0.9995545657015591,0.5,-0.5711230285405722,0.5882324206122294,0.7577393708523064,0.30531469466930705,0.06252629093620186,0.0
2021-11-26 03:50:00,0.01185495118549512,0.08067729083665331,-0.3030528667163068,-0.3715407962863774,0.4613210139901323,0.9995545657015591,0.5,-0.5711230285405722,0.5882324206122294,0.7577393708523064,0.30531469466930705,0.06252629093620186,0.0
2021-11-26 04:00:00,0.006973500697350071,0.09146746347941548,-0.31258376768428897,-0.37689698268166394,0.4613210139901323,0.9995545657015591,0.5,-0.6170812511277514,0.5824825362708239,0.8048362341430035,0.327784282808899,0.06599052596717987,0.0
2021-11-26 04:10:00,0.015341701534170154,0.10225763612217786,-0.3164556962025318,-0.383681485449027,0.4613210139901323,0.9995545657015591,0.5,-0.6170812511277514,0.5824825362708239,0.8048362341430035,0.327784282808899,0.06599052596717987,0.0
2021-11-26 04:20:00,0.03626220362622037,0.11304780876494025,-0.31943410275502615,-0.3868951972861988,0.4613210139901323,0.9995545657015591,0.5,-0.6170812511277514,0.5824825362708239,0.8048362341430035,0.327784282808899,0.06599052596717987,0.0
2021-11-26 04:30:00,0.03417015341701534,0.12383798140770241,-0.3212211466865228,-0.39260846277450456,0.4613210139901323,0.9995545657015591,0.5,-0.6170812511277514,0.5824825362708239,0.8048362341430035,0.327784282808899,0.06599052596717987,0.0
2021-11-26 04:40:00,0.05299860529986053,0.13462815405046458,-0.3215189873417723,-0.3954650955186574,0.4613210139901323,0.9995545657015591,0.5,-0.6170812511277514,0.5824825362708239,0.8048362341430035,0.327784282808899,0.06599052596717987,0.0
2021-11-26 04:50:00,0.0599721059972106,0.14541832669322696,-0.32717795979151165,-0.3983217282628101,0.4613210139901323,0.9995545657015591,0.5,-0.6170812511277514,0.5824825362708239,0.8048362341430035,0.327784282808899,0.06599052596717987,0.0
2021-11-26 05:00:00,0.04184100418410042,0.15620849933598935,-0.32777364110201046,-0.40082128191394384,0.4613210139901323,0.9995545657015591,0.5,-0.6187983682334504,0.5626007522837195,0.7647795837377118,0.32988315223802467,0.06882811180258287,0.0
2021-11-26 05:10:00,0.027196652719665274,0.1669986719787515,-0.3325390915860017,-0.4061774683092304,0.4613210139901323,0.9995545657015591,0.5,-0.6187983682334504,0.5626007522837195,0.7647795837377118,0.32988315223802467,0.06882811180258287,0.0
2021-11-26 05:20:00,0.03347280334728033,0.1777888446215139,-0.3340282948622487,-0.4097482592394215,0.4613210139901323,0.9995545657015591,0.5,-0.6187983682334504,0.5626007522837195,0.7647795837377118,0.32988315223802467,0.06882811180258287,0.0
2021-11-26 05:30:00,0.055788005578800565,0.18857901726427606,-0.330156366344006,-0.4158186038207463,0.4613210139901323,0.9995545657015591,0.5,-0.6187983682334504,0.5626007522837195,0.7647795837377118,0.32988315223802467,0.06882811180258287,0.0
2021-11-26 05:40:00,0.07391910739191074,0.19936918990703845,-0.3325390915860017,-0.41974647384395647,0.4613210139901323,0.9995545657015591,0.5,-0.6187983682334504,0.5626007522837195,0.7647795837377118,0.32988315223802467,0.06882811180258287,0.0
2021-11-26 05:50:00,0.11157601115760113,0.21015936254980083,-0.33432613551749824,-0.4251026602392429,0.4613210139901323,0.9995545657015591,0.5,-0.6187983682334504,0.5626007522837195,0.7647795837377118,0.32988315223802467,0.06882811180258287,0.0
2021-11-26 06:00:00,0.13389121338912133,0.220949535192563,-0.33432613551749824,-0.4290305302624531,0.4613210139901323,0.9995545657015591,0.5,-0.6344458701037248,0.5664799845980121,0.751762367579107,0.37666448412393094,0.07766271109697594,0.0
2021-11-26 06:10:00,0.12691771269177127,0.23173970783532516,-0.33432613551749824,-0.4318871630066059,0.4613210139901323,0.9995545657015591,0.5,-0.6344458701037248,0.5664799845980121,0.751762367579107,0.37666448412393094,0.07766271109697594,0.0
2021-11-26 06:20:00,0.09693165969316596,0.24252988047808755,-0.33432613551749824,-0.43760042849491165,0.4613210139901323,0.9995545657015591,0.5,-0.6344458701037248,0.5664799845980121,0.751762367579107,0.37666448412393094,0.07766271109697594,0.0
2021-11-26 06:30:00,0.07461645746164575,0.2533200531208497,-0.3298585256887566,-0.4383145866809498,0.4613210139901323,0.9995545657015591,0.5,-0.6344458701037248,0.5664799845980121,0.751762367579107,0.37666448412393094,0.07766271109697594,0.0
2021-11-26 06:40:00,0.0502092050209205,0.2641102257636121,-0.33045420699925554,-0.4383145866809498,0.4613210139901323,0.9995545657015591,0.5,-0.6344458701037248,0.5664799845980121,0.751762367579107,0.37666448412393094,0.07766271109697594,0.0
2021-11-26 06:50:00,0.04184100418410042,0.2749003984063745,-0.3298585256887566,-0.4397429030530262,0.4613210139901323,0.9995545657015591,0.5,-0.6344458701037248,0.5664799845980121,0.751762367579107,0.37666448412393094,0.07766271109697594,0.0
2021-11-26 07:00:00,0.043235704323570434,0.2768924302788842,-0.33075204765450494,-0.4447420103552937,0.4613210139901323,0.9995545657015591,0.5,-0.6102127493518661,0.5577416546218898,0.7130333342337136,0.38104153842340593,0.08414163111493288,0.0
2021-11-26 07:10:00,0.05160390516039052,0.2788844621513944,-0.3292628443782577,-0.44545616854133185,0.4613210139901323,0.9995545657015591,0.5,-0.6102127493518661,0.5577416546218898,0.7130333342337136,0.38104153842340593,0.08414163111493288,0.0
2021-11-26 07:20:00,0.039051603905160395,0.28087649402390436,-0.3283693224125095,-0.44902695947152294,0.4613210139901323,0.9995545657015591,0.5,-0.6102127493518661,0.5577416546218898,0.7130333342337136,0.38104153842340593,0.08414163111493288,0.0
2021-11-26 07:30:00,0.016736401673640166,0.2828685258964143,-0.3325390915860017,-0.45009819675058027,0.4613210139901323,0.9995545657015591,0.5,-0.6102127493518661,0.5577416546218898,0.7130333342337136,0.38104153842340593,0.08414163111493288,0.0
2021-11-26 07:40:00,0.013249651324965132,0.28486055776892427,-0.33432613551749824,-0.456168541331905,0.4613210139901323,0.9995545657015591,0.5,-0.6102127493518661,0.5577416546218898,0.7130333342337136,0.38104153842340593,0.08414163111493288,0.0
2021-11-26 07:50:00,0.015341701534170154,0.286852589641434,-0.3367088607594937,-0.4572397786109623,0.4613210139901323,0.9995545657015591,0.5,-0.6102127493518661,0.5577416546218898,0.7130333342337136,0.38104153842340593,0.08414163111493288,0.0
2021-11-26 08:00:00,0.048117154811715475,0.2888446215139442,-0.3373045420699926,-0.45973933226209607,0.4613210139901323,0.9995545657015591,0.5,-0.6013716458048651,0.5517848778903884,0.6994609258420172,0.399436975588256,0.08224155948981175,0.0
2021-11-26 08:10:00,0.05230125523012552,0.29083665338645415,-0.3373045420699926,-0.4618818068202106,0.4613210139901323,0.9995545657015591,0.5,-0.6013716458048651,0.5517848778903884,0.6994609258420172,0.399436975588256,0.08224155948981175,0.0
2021-11-26 08:20:00,0.055090655509065556,0.2928286852589641,-0.33492181682799715,-0.4668809141224781,0.4613210139901323,0.9995545657015591,0.5,-0.6013716458048651,0.5517848778903884,0.6994609258420172,0.399436975588256,0.08224155948981175,0.0
2021-11-26 08:30:00,0.014644351464435146,0.29482071713147406,-0.33432613551749824,-0.4668809141224781,0.4613210139901323,0.9995545657015591,0.5,-0.6013716458048651,0.5517848778903884,0.6994609258420172,0.399436975588256,0.08224155948981175,0.0
2021-11-26 08:40:00,0.011157601115760111,0.2968127490039838,-0.33462397617274764,-0.4686663095875737,0.4613210139901323,0.9995545657015591,0.5,-0.6013716458048651,0.5517848778903884,0.6994609258420172,0.399436975588256,0.08224155948981175,0.0
2021-11-26 08:50:00,0.038354253835425386,0.298804780876494,-0.3373045420699926,-0.4704517050526692,0.4613210139901323,0.9995545657015591,0.5,-0.6013716458048651,0.5517848778903884,0.6994609258420172,0.399436975588256,0.08224155948981175,0.0
2021-11-26 09:00:00,0.03695955369595537,0.30079681274900394,-0.3373045420699926,-0.4704517050526692,0.4613210139901323,0.9995545657015591,0.5,-0.5953622529078058,0.5494573385018112,0.6837891096342338,0.39225644722986763,0.0710405961888673,0.0
2021-11-26 09:10:00,0.03765690376569038,0.3027888446215139,-0.33521965748324656,-0.4704517050526692,0.4613210139901323,0.9995545657015591,0.5,-0.5953622529078058,0.5494573385018112,0.6837891096342338,0.39225644722986763,0.0710405961888673,0.0
2021-11-26 09:20:00,0.03765690376569038,0.30478087649402386,-0.3286671630677588,-0.4704517050526692,0.4613210139901323,0.9995545657015591,0.5,-0.5953622529078058,0.5494573385018112,0.6837891096342338,0.39225644722986763,0.0710405961888673,0.0
2021-11-26 09:30:00,0.01603905160390516,0.3067729083665336,-0.32300819061801955,-0.4686663095875737,0.4613210139901323,0.9995545657015591,0.5,-0.5953622529078058,0.5494573385018112,0.6837891096342338,0.39225644722986763,0.0710405961888673,0.0
2021-11-26 09:40:00,0.008368200836820083,0.3087649402390438,-0.3167535368577812,-0.4668809141224781,0.4613210139901323,0.9995545657015591,0.5,-0.5953622529078058,0.5494573385018112,0.6837891096342338,0.39225644722986763,0.0710405961888673,0.0
2021-11-26 09:50:00,0.006973500697350071,0.31075697211155373,-0.3087118391660463,-0.4622388859132297,0.4613210139901323,0.9995545657015591,0.5,-0.5953622529078058,0.5494573385018112,0.6837891096342338,0.39225644722986763,0.0710405961888673,0.0
2021-11-26 10:00:00,0.004881450488145049,0.3127490039840637,-0.30037230081906185,-0.45795393679700047,0.4613210139901323,0.9995545657015591,0.5,-0.34156605429282616,0.5629426994284615,0.502043292566397,0.29867017790108047,0.06423898659557398,0.0
2021-11-26 10:10:00,0.019525801952580198,0.31474103585657365,-0.29173492181682814,-0.4540260667737904,0.4613210139901323,0.9995545657015591,0.5,-0.34156605429282616,0.5629426994284615,0.502043292566397,0.29867017790108047,0.06423898659557398,0.0
2021-11-26 10:20:00,0.039051603905160395,0.37250996015936266,-0.2825018615040954,-0.4479557221924656,0.4613210139901323,0.9995545657015591,0.5,-0.34156605429282616,0.5629426994284615,0.502043292566397,0.29867017790108047,0.06423898659557398,0.0
2021-11-26 10:30:00,0.03626220362622037,0.43027888446215123,-0.27267311988086385,-0.44367077307623637,0.4613210139901323,0.9995545657015591,0.5,-0.34156605429282616,0.5629426994284615,0.502043292566397,0.29867017790108047,0.06423898659557398,0.0
2021-11-26 10:40:00,0.055788005578800565,0.48804780876494,-0.26492926284437834,-0.43438671665773965,0.4613210139901323,0.9995545657015591,0.5,-0.34156605429282616,0.5629426994284615,0.502043292566397,0.29867017790108047,0.06423898659557398,0.0
2021-11-26 10:50:00,0.07670850767085077,0.5458167330677288,-0.25658972449739403,-0.42831637207641493,0.4613210139901323,0.9995545657015591,0.5,-0.34156605429282616,0.5629426994284615,0.502043292566397,0.29867017790108047,0.06423898659557398,0.0
2021-11-26 11:00:00,0.09693165969316596,0.6035856573705178,-0.24973938942665685,-0.42117479021603277,0.4613210139901323,0.9995545657015591,0.5,-0.32642852116070087,0.5600347119454483,0.45779480130572897,0.18651976083727717,0.057051755277985124,0.0
2021-11-26 11:10:00,0.07670850767085077,0.6613545816733069,-0.24497393894266584,-0.4158186038207463,0.4613210139901323,0.9995545657015591,0.5,-0.32642852116070087,0.5600347119454483,0.45779480130572897,0.18651976083727717,0.057051755277985124,0.0
2021-11-26 11:20:00,0.05788005578800558,0.7191235059760954,-0.23931496649292638,-0.407962863774326,0.4613210139901323,0.9995545657015591,0.5,-0.32642852116070087,0.5600347119454483,0.45779480130572897,0.18651976083727717,0.057051755277985124,0.0
2021-11-26 11:30:00,0.045327754532775454,0.7768924302788842,-0.23067758749069256,-0.3968934118907338,0.4613210139901323,0.9995545657015591,0.5,-0.32642852116070087,0.5600347119454483,0.45779480130572897,0.18651976083727717,0.057051755277985124,0.0
2021-11-26 11:40:00,0.022315202231520222,0.74136786188579,-0.2205510052122116,-0.384038564542046,0.4613210139901323,0.9995545657015591,0.5,-0.32642852116070087,0.5600347119454483,0.45779480130572897,0.18651976083727717,0.057051755277985124,0.0
2021-11-26 11:50:00,0.019525801952580198,0.7058432934926957,-0.20953090096798221,-0.36868416354222455,0.4613210139901323,0.9995545657015591,0.5,-0.32642852116070087,0.5600347119454483,0.45779480130572897,0.18651976083727717,0.057051755277985124,0.0
2021-11-26 12:00:00,0.03765690376569038,0.6703187250996014,-0.1964259121370069,-0.35261560435636485,0.4613210139901323,0.9995545657015591,0.5,-0.31161668094734785,0.5542445985281911,0.4186716296642076,0.057326190403055054,0.02650711567360819,0.0
2021-11-26 12:10:00,0.056485355648535567,0.6347941567065072,-0.18659717051377522,-0.3386895197286198,0.4613210139901323,0.9995545657015591,0.5,-0.31161668094734785,0.5542445985281911,0.4186716296642076,0.057326190403055054,0.02650711567360819,0.0
2021-11-26 12:20:00,0.060669456066945605,0.5992695883134129,-0.1773641102010426,-0.3265488305659704,0.4613210139901323,0.9995545657015591,0.5,-0.31161668094734785,0.5542445985281911,0.4186716296642076,0.057326190403055054,0.02650711567360819,0.0
2021-11-26 12:30:00,0.061366806136680614,0.5637450199203187,-0.16813104988830985,-0.315122299589359,0.4613210139901323,0.9995545657015591,0.5,-0.31161668094734785,0.5542445985281911,0.4186716296642076,0.057326190403055054,0.02650711567360819,0.0
2021-11-26 12:40:00,0.03695955369595537,0.5282204515272244,-0.1586001489203277,-0.3022674522406713,0.4613210139901323,0.9995545657015591,0.5,-0.31161668094734785,0.5542445985281911,0.4186716296642076,0.057326190403055054,0.02650711567360819,0.0
2021-11-26 12:50:00,0.05230125523012552,0.49269588313413015,-0.14877140729709615,-0.2861988930548115,0.4613210139901323,0.9995545657015591,0.5,-0.31161668094734785,0.5542445985281911,0.4186716296642076,0.057326190403055054,0.02650711567360819,0.0
2021-11-26 13:00:00,0.07810320781032079,0.4571713147410359,-0.13834698436336568,-0.27155865024102843,0.4613210139901323,0.9995545657015591,0.5,-0.1259435672396617,0.541417270342264,0.27273317534829816,0.08534106381047525,0.7288658707974142,0.0
2021-11-26 13:10:00,0.06345885634588563,0.4216467463479414,-0.12941176470588256,-0.2608462774504553,0.4613210139901323,0.9995545657015591,0.5,-0.1259435672396617,0.541417270342264,0.27273317534829816,0.08534106381047525,0.7288658707974142,0.0
2021-11-26 13:20:00,0.0794979079497908,0.38612217795484716,-0.12137006701414754,-0.24799143010176738,0.4613210139901323,0.9995545657015591,0.5,-0.1259435672396617,0.541417270342264,0.27273317534829816,0.08534106381047525,0.7288658707974142,0.0
2021-11-26 13:30:00,0.08716875871687588,0.3505976095617529,-0.11303052866716312,-0.23727905731119447,0.4613210139901323,0.9995545657015591,0.5,-0.1259435672396617,0.541417270342264,0.27273317534829816,0.08534106381047525,0.7288658707974142,0.0
2021-11-26 13:40:00,0.11506276150627615,0.31507304116865864,-0.10677587490692497,-0.22799500089269775,0.4613210139901323,0.9995545657015591,0.5,-0.1259435672396617,0.541417270342264,0.27273317534829816,0.08534106381047525,0.7288658707974142,0.0
2021-11-26 13:50:00,0.12482566248256625,0.2795484727755644,-0.09962769918093839,-0.22013926084627744,0.4613210139901323,0.9995545657015591,0.5,-0.1259435672396617,0.541417270342264,0.27273317534829816,0.08534106381047525,0.7288658707974142,0.0
2021-11-26 14:00:00,0.12482566248256625,0.2440239043824699,-0.09426656738644845,-0.21014104624174257,0.4613210139901323,0.9995545657015591,0.5,-0.11195414750670662,0.5166907562204206,0.25283426395877934,0.17270829500846996,0.7313360032845193,0.0
2021-11-26 14:10:00,0.1290097629009763,0.20849933598937564,-0.08622486969471344,-0.20228530619532226,0.4613210139901323,0.9995545657015591,0.5,-0.11195414750670662,0.5166907562204206,0.25283426395877934,0.17270829500846996,0.7313360032845193,0.0
2021-11-26 14:20:00,0.13668061366806136,0.1729747675962814,-0.07937453462397637,-0.19407248705588287,0.4613210139901323,0.9995545657015591,0.5,-0.11195414750670662,0.5166907562204206,0.25283426395877934,0.17270829500846996,0.7313360032845193,0.0
2021-11-26 14:30:00,0.12343096234309624,0.13745019920318713,-0.07282204020848859,-0.18621674700946256,0.4613210139901323,0.9995545657015591,0.5,-0.11195414750670662,0.5166907562204206,0.25283426395877934,0.17270829500846996,0.7313360032845193,0.0
2021-11-26 14:40:00,0.13737796373779637,0.10192563081009287,-0.06626954579300093,-0.17800392787002317,0.4613210139901323,0.9995545657015591,0.5,-0.11195414750670662,0.5166907562204206,0.25283426395877934,0.17270829500846996,0.7313360032845193,0.0
2021-11-26 14:50:00,0.15271966527196654,0.06640106241699861,-0.060610573343261476,-0.17050526691662193,0.4613210139901323,0.9995545657015591,0.5,-0.11195414750670662,0.5166907562204206,0.25283426395877934,0.17270829500846996,0.7313360032845193,0.0
2021-11-26 15:00:00,0.16666666666666669,0.030876494023904355,-0.054355919583023216,-0.1615782895911445,0.4613210139901323,0.9995545657015591,0.5,-0.10236189903152637,0.5034812518138997,0.24381397534758803,0.24122938654207438,0.7327876905382417,0.0
2021-11-26 15:10:00,0.15690376569037656,-0.004648074369190014,-0.0495904690990322,-0.15443670773076235,0.3951917917577312,0.9995545657015591,0.5,-0.10236189903152637,0.5034812518138997,0.24381397534758803,0.24122938654207438,0.7327876905382417,0.0
2021-11-26 15:20:00,0.16387726638772665,-0.04017264276228427,-0.04542069992553999,-0.1490805213354759,0.37184436795749304,0.9995545657015591,0.5,-0.10236189903152637,0.5034812518138997,0.24381397534758803,0.24122938654207438,0.7327876905382417,0.0
2021-11-26 15:30:00,0.1589958158995816,-0.07569721115537853,-0.043931496649292856,-0.15300839135868594,0.3614139325489785,0.2702672605790646,0.5,-0.10236189903152637,0.5034812518138997,0.24381397534758803,0.24122938654207438,0.7327876905382417,0.0
2021-11-26 15:40:00,0.20571827057182707,0.2749003984063745,-0.03737900223380497,-0.17371897875379394,0.35293347816413867,0.3100222717149221,0.5,-0.10236189903152637,0.5034812518138997,0.24381397534758803,0.24122938654207438,0.7327876905382417,0.016016114187425504
2021-11-26 15:50:00,0.1617852161785216,-0.33864541832669326,-0.03380491437081179,-0.1919300124977681,0.37556111031134265,0.0631403118040089,0.5,-0.10236189903152637,0.5034812518138997,0.24381397534758803,0.24122938654207438,0.7327876905382417,0.0
2021-11-26 16:00:00,0.17154811715481172,-0.6573705179282869,-0.027848101265822822,-0.18800214247455804,0.37681747392391146,0.726837416481069,0.5,-0.06243751715599544,0.5031134431203967,0.20315102661739684,0.28167313718609993,0.7268750264824074,0.0
2021-11-26 16:10:00,0.20920502092050208,0.05976095617529875,-0.026656738644825095,-0.17514729512587035,0.3634031749355459,0.11737193763919822,0.5,-0.06243751715599544,0.5031134431203967,0.20315102661739684,0.28167313718609993,0.7268750264824074,0.025657467899874768
2021-11-26 16:20:00,0.24686192468619247,-0.06772908366533881,-0.01593447505584522,-0.1740760578468129,0.3618981560246561,0.00011135857461024499,0.5,-0.06243751715599544,0.5031134431203967,0.20315102661739684,0.28167313718609993,0.7268750264824074,0.09338081083935604
2021-11-26 16:30:00,0.16248256624825663,0.12350597609561742,-0.011169024571854091,-0.15907873594001076,0.3570690083888446,0.00011135857461024499,0.5,-0.06243751715599544,0.5031134431203967,0.20315102661739684,0.28167313718609993,0.7268750264824074,0.03913876608778309
2021-11-26 16:40:00,0.16596931659693165,-0.07569721115537853,-0.00819061801935983,-0.1390823067309409,0.36562798549946995,0.00011135857461024499,0.5,-0.06243751715599544,0.5031134431203967,0.20315102661739684,0.28167313718609993,0.7268750264824074,0.04172639075395688
2021-11-26 16:50:00,0.16457461645746163,-0.11553784860557781,-0.0037230081906179935,-0.1183717193358329,0.35080027744696446,0.00011135857461024499,0.5,-0.06243751715599544,0.5031134431203967,0.20315102661739684,0.28167313718609993,0.7268750264824074,0.0445252500867571
2021-11-26 17:00:00,0.16108786610878661,-0.19521912350597614,-0.0019359642591214588,-0.1023031601499732,0.34916438732643207,0.00011135857461024499,0.5,-0.05840679629233725,0.5038634280344935,0.20019422851169552,0.29135581842055674,0.6993918015816296,0.03517057199330084
2021-11-26 17:10:00,0.19595536959553697,-0.10756972111553798,-0.0010424422933731359,-0.08694875915015177,0.3228723613092356,0.00011135857461024499,0.5,-0.05840679629233725,0.5038634280344935,0.20019422851169552,0.29135581842055674,0.6993918015816296,0.05757653484617589
2021-11-26 17:20:00,0.19107391910739194,0.09163346613545809,-0.0007446016381237319,-0.07659346545259771,0.32560756959076576,0.00011135857461024499,0.5,-0.05840679629233725,0.5038634280344935,0.20019422851169552,0.29135581842055674,0.6993918015816296,0.05308025408512757
2021-11-26 17:30:00,0.197350069735007,-0.08366533864541836,-0.0007446016381237319,-0.06516693447598643,0.33041054298464884,0.00011135857461024499,0.5,-0.05840679629233725,0.5038634280344935,0.20019422851169552,0.29135581842055674,0.6993918015816296,0.06388339846402222
2021-11-26 17:40:00,0.199442119944212,-0.03585657370517936,-0.0019359642591214588,-0.05981074808069986,0.32384080826059075,0.00011135857461024499,0.5,-0.05840679629233725,0.5038634280344935,0.20019422851169552,0.29135581842055674,0.6993918015816296,0.06492448360668106
2021-11-26 17:50:00,0.20502092050209206,-0.19521912350597614,0.00014892032762459095,-0.05195500803427966,0.32408946355891166,0.00011135857461024499,0.5,-0.05840679629233725,0.5038634280344935,0.20019422851169552,0.29135581842055674,0.6993918015816296,0.06565626084463691
2021-11-26 18:00:00,0.24407252440725244,0.09960159362549792,-0.0016381236038721658,-0.04909837529012662,0.31218018348143595,0.00011135857461024499,0.5,-0.30700785098373273,0.4950906159933567,0.4051188774616682,0.2828032114125108,0.6794374823374029,0.10241863693287263
2021-11-26 18:10:00,0.20920502092050208,0.298804780876494,-0.0034251675353685895,-0.052312087127298734,0.31808247503631676,0.00011135857461024499,0.5,-0.30700785098373273,0.4950906159933567,0.4051188774616682,0.2828032114125108,0.6794374823374029,0.06964708722482912
2021-11-26 18:20:00,0.18200836820083682,-0.019920318725099695,-0.004318689501117023,-0.04588466345295483,0.32611796730837184,0.00011135857461024499,0.5,-0.30700785098373273,0.4950906159933567,0.4051188774616682,0.2828032114125108,0.6794374823374029,0.045309835991369556
2021-11-26 18:30:00,0.11087866108786612,0.09960159362549792,-0.010573343261355284,-0.027673629708980574,0.32611796730837184,0.002561247216035635,0.5,-0.30700785098373273,0.4950906159933567,0.4051188774616682,0.2828032114125108,0.6794374823374029,0.002587624666173786
2021-11-26 18:40:00,0.09553695955369597,0.6494023904382469,-0.021295606850335158,-0.01267630780217821,0.3302142361701849,0.1566815144766147,0.5,-0.30700785098373273,0.4950906159933567,0.4051188774616682,0.2828032114125108,0.6794374823374029,0.0
2021-11-26 18:50:00,0.100418410041841,0.23107569721115517,-0.03261355174981406,-0.036243527941438924,0.3425553912394812,0.9961024498886415,0.5,-0.30700785098373273,0.4950906159933567,0.4051188774616682,0.2828032114125108,0.6794374823374029,0.0
2021-11-26 19:00:00,0.10599721059972106,-0.1872509960159363,-0.046612062546537714,-0.05302624531333677,0.3425553912394812,0.9961024498886415,0.5,-0.35267903688284696,0.5014697980213035,0.4977961607531339,0.2716533874029317,0.7347542821942331,0.0
2021-11-26 19:10:00,0.09902370990237098,-0.16472571253447754,-0.06388682055100525,-0.06802356722013914,0.3425553912394812,0.9961024498886415,0.5,-0.35267903688284696,0.5014697980213035,0.4977961607531339,0.2716533874029317,0.7347542821942331,0.0
2021-11-26 19:20:00,0.09414225941422595,-0.14220042905301877,-0.07788533134772901,-0.08444920549901802,0.3425553912394812,0.9961024498886415,0.5,-0.35267903688284696,0.5014697980213035,0.4977961607531339,0.2716533874029317,0.7347542821942331,0.0
2021-11-26 19:30:00,0.09483960948396096,-0.1196751455715599,-0.08890543559195851,-0.09837529012676305,0.3425553912394812,0.9961024498886415,0.5,-0.35267903688284696,0.5014697980213035,0.4977961607531339,0.2716533874029317,0.7347542821942331,0.0
2021-11-26 19:40:00,0.11018131101813111,-0.09714986209010112,-0.09545793000744618,-0.11230137475450808,0.3425553912394812,0.9961024498886415,0.5,-0.35267903688284696,0.5014697980213035,0.4977961607531339,0.2716533874029317,0.7347542821942331,0.0
2021-11-26 19:50:00,0.09762900976290097,-0.07462457860864247,-0.10201042442293384,-0.12622745938225322,0.3425553912394812,0.9961024498886415,0.5,-0.35267903688284696,0.5014697980213035,0.4977961607531339,0.2716533874029317,0.7347542821942331,0.0
2021-11-26 20:00:00,0.100418410041841,-0.0520992951271837,-0.10469099032017881,-0.1390823067309409,0.3425553912394812,0.9961024498886415,0.5,-0.3688527504458474,0.5076219731212308,0.5383948147226633,0.2682981436206484,0.8312646490885005,0.0
2021-11-26 20:10:00,0.09274755927475593,-0.029574011645724818,-0.09873417721518996,-0.15015175861453323,0.3425553912394812,0.9961024498886415,0.5,-0.3688527504458474,0.5076219731212308,0.5383948147226633,0.2682981436206484,0.8312646490885005,0.0
2021-11-26 20:20:00,0.08507670850767085,-0.007048728164266049,-0.10201042442293384,-0.1583645777539725,0.3425553912394812,0.9961024498886415,0.5,-0.3688527504458474,0.5076219731212308,0.5383948147226633,0.2682981436206484,0.8312646490885005,0.0
2021-11-26 20:30:00,0.09205020920502092,0.015476555317192497,-0.10498883097542833,-0.1662203178003927,0.3425553912394812,0.9961024498886415,0.5,-0.3688527504458474,0.5076219731212308,0.5383948147226633,0.2682981436206484,0.8312646490885005,0.0
2021-11-26 20:40:00,0.10320781032078104,0.03800183879865138,-0.10737155621742378,-0.1740760578468129,0.3425553912394812,0.9961024498886415,0.5,-0.3688527504458474,0.5076219731212308,0.5383948147226633,0.2682981436206484,0.8312646490885005,0.0
2021-11-26 20:50:00,0.10390516039051603,0.06052712228011026,-0.11094564408041707,-0.18193179789323333,0.3425553912394812,0.9961024498886415,0.5,-0.3688527504458474,0.5076219731212308,0.5383948147226633,0.2682981436206484,0.8312646490885005,0.0
2021-11-26 21:00:00,0.11157601115760113,0.08305240576156891,-0.11243484735666431,-0.18728798428852,0.3425553912394812,0.9961024498886415,0.5,-0.3706156613434025,0.5133977190114013,0.4927192841291998,0.2970086124899032,0.9236271199458552,0.0
2021-11-26 21:10:00,0.1317991631799163,0.1055776892430278,-0.1160089352196576,-0.19442956614890183,0.3425553912394812,0.9961024498886415,0.5,-0.3706156613434025,0.5133977190114013,0.4927192841291998,0.2970086124899032,0.9236271199458552,0.0
2021-11-26 21:20:00,0.14225941422594143,0.12810297272448667,-0.11988086373790041,-0.20228530619532226,0.3425553912394812,0.9961024498886415,0.5,-0.3706156613434025,0.5133977190114013,0.4927192841291998,0.2970086124899032,0.9236271199458552,0.0
2021-11-26 21:30:00,0.13737796373779637,0.15062825620594533,-0.12047654504839911,-0.20728441349758975,0.3425553912394812,0.9961024498886415,0.5,-0.3706156613434025,0.5133977190114013,0.4927192841291998,0.2970086124899032,0.9236271199458552,0.0
2021-11-26 21:40:00,0.12552301255230125,0.173153539687404,-0.12285927029039478,-0.21621139082306728,0.3425553912394812,0.9961024498886415,0.5,-0.3706156613434025,0.5133977190114013,0.4927192841291998,0.2970086124899032,0.9236271199458552,0.0
2021-11-26 21:50:00,0.1094839609483961,0.19567882316886287,-0.12464631422189132,-0.22049633993929663,0.3425553912394812,0.9961024498886415,0.5,-0.3706156613434025,0.5133977190114013,0.4927192841291998,0.2970086124899032,0.9236271199458552,0.0
2021-11-26 22:00:00,0.09762900976290097,0.21820410665032175,-0.12881608339538353,-0.2240671308694876,0.3425553912394812,0.9961024498886415,0.5,-0.4114459131292103,0.5164838638303247,0.5108514211488168,0.3051831327906801,0.973900156439404,0.0
2021-11-26 22:10:00,0.10390516039051603,0.2407293901317804,-0.12881608339538353,-0.22942331726477416,0.3425553912394812,0.9961024498886415,0.5,-0.4114459131292103,0.5164838638303247,0.5108514211488168,0.3051831327906801,0.973900156439404,0.0
2021-11-26 22:20:00,0.11018131101813111,0.2632546736132393,-0.1306031273268803,-0.23370826638100328,0.3425553912394812,0.9961024498886415,0.5,-0.4114459131292103,0.5164838638303247,0.5108514211488168,0.3051831327906801,0.973900156439404,0.0
2021-11-26 22:30:00,0.11436541143654114,0.28577995709469795,-0.13655994043186903,-0.2383502945902518,0.3425553912394812,0.9961024498886415,0.5,-0.4114459131292103,0.5164838638303247,0.5108514211488168,0.3051831327906801,0.973900156439404,0.0
2021-11-26 22:40:00,0.13319386331938632,0.3083052405761568,-0.13775130305286676,-0.24406356007855734,0.3425553912394812,0.9961024498886415,0.5,-0.4114459131292103,0.5164838638303247,0.5108514211488168,0.3051831327906801,0.973900156439404,0.0
2021-11-26 22:50:00,0.1311018131101813,0.3308305240576157,-0.1389426656738647,-0.2512051419389395,0.3425553912394812,0.9961024498886415,0.5,-0.4114459131292103,0.5164838638303247,0.5108514211488168,0.3051831327906801,0.973900156439404,0.0
2021-11-26 23:00:00,0.12831241283124128,0.35335580753907436,-0.14072970960536124,-0.256204249241207,0.3425553912394812,0.9961024498886415,0.5,-0.45015904420718533,0.5158430721221131,0.5482133982418743,0.30475493286919797,0.00860985067022358,0.0
2021-11-26 23:10:00,0.1304044630404463,0.37588109102053324,-0.14370811615785561,-0.2608462774504553,0.3425553912394812,0.9961024498886415,0.5,-0.45015904420718533,0.5158430721221131,0.5482133982418743,0.30475493286919797,0.00860985067022358,0.0
2021-11-26 23:20:00,0.1297071129707113,0.3984063745019917,-0.1466865227103501,-0.26584538475272257,0.3425553912394812,0.9961024498886415,0.5,-0.45015904420718533,0.5158430721221131,0.5482133982418743,0.30475493286919797,0.00860985067022358,0.0
2021-11-26 23:30:00,0.13528591352859135,0.42093165798345056,-0.1466865227103501,-0.26691662203178,0.3425553912394812,0.9961024498886415,0.5,-0.45015904420718533,0.5158430721221131,0.5482133982418743,0.30475493286919797,0.00860985067022358,0.0
2021-11-26 23:40:00,0.13389121338912133,0.44345694146490944,-0.14370811615785561,-0.27298696661310484,0.3425553912394812,0.9961024498886415,0.5,-0.45015904420718533,0.5158430721221131,0.5482133982418743,0.30475493286919797,0.00860985067022358,0.0
2021-11-26 23:50:00,0.11018131101813111,0.4659822249463681,-0.14072970960536124,-0.27762899482235315,0.3425553912394812,0.9961024498886415,0.5,-0.45015904420718533,0.5158430721221131,0.5482133982418743,0.30475493286919797,0.00860985067022358,0.0
2021-11-27 00:00:00,0.10529986052998605,0.488507508427827,-0.14519731943410286,-0.2815568648455633,0.3425553912394812,0.9961024498886415,0.5,-0.46891201888585343,0.5072283028789668,0.5787225937241973,0.30651092954908465,0.03186360190308803,0.0
2021-11-27 00:10:00,0.10111576011157601,0.5110327919092859,-0.14877140729709615,-0.2879842885199072,0.3425553912394812,0.9961024498886415,0.5,-0.46891201888585343,0.5072283028789668,0.5787225937241973,0.30651092954908465,0.03186360190308803,0.0
2021-11-27 00:20:00,0.08507670850767085,0.5335580753907445,-0.15383469843633668,-0.2883413676129263,0.3425553912394812,0.9961024498886415,0.5,-0.46891201888585343,0.5072283028789668,0.5787225937241973,0.30651092954908465,0.03186360190308803,0.0
2021-11-27 00:30:00,0.11157601115760113,0.5560833588722034,-0.15562174236783333,-0.28869844670594524,0.3425553912394812,0.9961024498886415,0.5,-0.46891201888585343,0.5072283028789668,0.5787225937241973,0.30651092954908465,0.03186360190308803,0.0
2021-11-27 00:40:00,0.12412831241283125,0.5786086423536623,-0.15711094564408057,-0.30012497768255664,0.3425553912394812,0.9961024498886415,0.5,-0.46891201888585343,0.5072283028789668,0.5787225937241973,0.30651092954908465,0.03186360190308803,0.0
2021-11-27 00:50:00,0.11087866108786612,0.6011339258351209,-0.1618763961280716,-0.30333868951972864,0.3425553912394812,0.9961024498886415,0.5,-0.46891201888585343,0.5072283028789668,0.5787225937241973,0.30651092954908465,0.03186360190308803,0.0
2021-11-27 01:00:00,0.12343096234309624,0.6236592093165798,-0.16455696202531667,-0.30619532226388146,0.3425553912394812,0.9961024498886415,0.5,-0.5301645007726243,0.49413086518374755,0.6245409170208268,0.3257005296154154,0.04491327193144898,0.0
2021-11-27 01:10:00,0.12273361227336123,0.6461844927980387,-0.16455696202531667,-0.30619532226388146,0.3425553912394812,0.9961024498886415,0.5,-0.5301645007726243,0.49413086518374755,0.6245409170208268,0.3257005296154154,0.04491327193144898,0.0
2021-11-27 01:20:00,0.10599721059972106,0.6687097762794973,-0.16932241250930757,-0.30655240135690043,0.3425553912394812,0.9961024498886415,0.5,-0.5301645007726243,0.49413086518374755,0.6245409170208268,0.3257005296154154,0.04491327193144898,0.0
2021-11-27 01:30:00,0.09832635983263598,0.6912350597609562,-0.1705137751303054,-0.3119085877521871,0.3425553912394812,0.9961024498886415,0.5,-0.5301645007726243,0.49413086518374755,0.6245409170208268,0.3257005296154154,0.04491327193144898,0.0
2021-11-27 01:40:00,0.09762900976290097,0.7137603432424147,-0.17230081906180206,-0.3133369041242635,0.3425553912394812,0.9961024498886415,0.5,-0.5301645007726243,0.49413086518374755,0.6245409170208268,0.3257005296154154,0.04491327193144898,0.0
2021-11-27 01:50:00,0.10669456066945607,0.7362856267238735,-0.17349218168279978,-0.3154793786823781,0.3425553912394812,0.9961024498886415,0.5,-0.5301645007726243,0.49413086518374755,0.6245409170208268,0.3257005296154154,0.04491327193144898,0.0
2021-11-27 02:00:00,0.0801952580195258,0.7588109102053324,-0.17349218168279978,-0.3169076950544545,0.3425553912394812,0.9961024498886415,0.5,-0.5463626621502137,0.47625766148382276,0.6471774917104779,0.3478489791149092,0.047848891805103794,0.0
2021-11-27 02:10:00,0.05090655509065551,0.7595888634809871,-0.17349218168279978,-0.3197643277986073,0.3425553912394812,0.9961024498886415,0.5,-0.5463626621502137,0.47625766148382276,0.6471774917104779,0.3478489791149092,0.047848891805103794,0.0
2021-11-27 02:20:00,0.0404463040446304,0.7603668167566418,-0.17885331347728972,-0.32404927691483665,0.3425553912394812,0.9961024498886415,0.5,-0.5463626621502137,0.47625766148382276,0.6471774917104779,0.3478489791149092,0.047848891805103794,0.0
2021-11-27 02:30:00,0.06903765690376569,0.7611447700322966,-0.1812360387192853,-0.325120514193894,0.3425553912394812,0.9961024498886415,0.5,-0.5463626621502137,0.47625766148382276,0.6471774917104779,0.3478489791149092,0.047848891805103794,0.0
2021-11-27 02:40:00,0.048117154811715475,0.7619227233079515,-0.182427401340283,-0.32762006784502773,0.3425553912394812,0.9961024498886415,0.5,-0.5463626621502137,0.47625766148382276,0.6471774917104779,0.3478489791149092,0.047848891805103794,0.0
2021-11-27 02:50:00,0.03277545327754532,0.7627006765836064,-0.18600148920327642,-0.3311908587752187,0.3425553912394812,0.9961024498886415,0.5,-0.5463626621502137,0.47625766148382276,0.6471774917104779,0.3478489791149092,0.047848891805103794,0.0
2021-11-27 03:00:00,0.04672245467224547,0.7634786298592613,-0.1889798957557708,-0.33476164970540967,0.3425553912394812,0.9961024498886415,0.5,-0.5567325712597095,0.4666917619473168,0.6749355815955677,0.37201319491074014,0.04849561724510894,0.0
2021-11-27 03:10:00,0.07112970711297072,0.7642565831349157,-0.19136262099776635,-0.3376182824495625,0.3425553912394812,0.9961024498886415,0.5,-0.5567325712597095,0.4666917619473168,0.6749355815955677,0.37201319491074014,0.04849561724510894,0.0
2021-11-27 03:20:00,0.05230125523012552,0.7650345364105706,-0.19136262099776635,-0.339046598821639,0.3425553912394812,0.9961024498886415,0.5,-0.5567325712597095,0.4666917619473168,0.6749355815955677,0.37201319491074014,0.04849561724510894,0.0
2021-11-27 03:30:00,0.05788005578800558,0.7658124896862253,-0.19225614296351468,-0.3451169434029637,0.3425553912394812,0.9961024498886415,0.5,-0.5567325712597095,0.4666917619473168,0.6749355815955677,0.37201319491074014,0.04849561724510894,0.0
2021-11-27 03:40:00,0.05299860529986053,0.7665904429618802,-0.1937453462397618,-0.3454740224959829,0.3425553912394812,0.9961024498886415,0.5,-0.5567325712597095,0.4666917619473168,0.6749355815955677,0.37201319491074014,0.04849561724510894,0.0
2021-11-27 03:50:00,0.03695955369595537,0.767368396237535,-0.19136262099776635,-0.3454740224959829,0.3425553912394812,0.9961024498886415,0.5,-0.5567325712597095,0.4666917619473168,0.6749355815955677,0.37201319491074014,0.04849561724510894,0.0
2021-11-27 04:00:00,0.03347280334728033,0.7681463495131899,-0.19583023082650786,-0.3490448134261739,0.3425553912394812,0.9961024498886415,0.5,-0.5952421150794989,0.4643728430749975,0.7511024268799276,0.3781486869090154,0.0525164143992726,0.0
2021-11-27 04:10:00,0.029288702928870293,0.7689243027888448,-0.19851079672375294,-0.3504731297982504,0.3425553912394812,0.9961024498886415,0.5,-0.5952421150794989,0.4643728430749975,0.7511024268799276,0.3781486869090154,0.0525164143992726,0.0
2021-11-27 04:20:00,0.039051603905160395,0.6972111553784861,-0.2014892032762473,-0.35618639528655593,0.3425553912394812,0.9961024498886415,0.5,-0.5952421150794989,0.4643728430749975,0.7511024268799276,0.3781486869090154,0.0525164143992726,0.0
2021-11-27 04:30:00,0.04184100418410042,0.6254980079681274,-0.20625465376023833,-0.3579717907516514,0.3425553912394812,0.9961024498886415,0.5,-0.5952421150794989,0.4643728430749975,0.7511024268799276,0.3781486869090154,0.0525164143992726,0.0
2021-11-27 04:40:00,0.055788005578800565,0.5537848605577689,-0.20982874162323173,-0.3615425816818424,0.3425553912394812,0.9961024498886415,0.5,-0.5952421150794989,0.4643728430749975,0.7511024268799276,0.3781486869090154,0.0525164143992726,0.0
2021-11-27 04:50:00,0.08507670850767085,0.4820717131474104,-0.21399851079672383,-0.3679700053561864,0.3425553912394812,0.9961024498886415,0.5,-0.5952421150794989,0.4643728430749975,0.7511024268799276,0.3781486869090154,0.0525164143992726,0.0
2021-11-27 05:00:00,0.0815899581589958,0.4103585657370519,-0.2205510052122116,-0.37511158721656845,0.3425553912394812,0.9961024498886415,0.5,-0.603633318802504,0.4509363317404526,0.7829345472995757,0.3813594223716194,0.06667208820668964,0.0
2021-11-27 05:10:00,0.05299860529986053,0.33864541832669315,-0.22204020848845885,-0.37832529905374035,0.3425553912394812,0.9961024498886415,0.5,-0.603633318802504,0.4509363317404526,0.7829345472995757,0.3813594223716194,0.06667208820668964,0.0
2021-11-27 05:20:00,0.039051603905160395,0.26693227091633465,-0.22740134028294878,-0.38296732726298865,0.3425553912394812,0.9961024498886415,0.5,-0.603633318802504,0.4509363317404526,0.7829345472995757,0.3813594223716194,0.06667208820668964,0.0
2021-11-27 05:30:00,0.03347280334728033,0.19521912350597614,-0.23395383469843645,-0.3854668809141224,0.3425553912394812,0.9961024498886415,0.5,-0.603633318802504,0.4509363317404526,0.7829345472995757,0.3813594223716194,0.06667208820668964,0.0
2021-11-27 05:40:00,0.05090655509065551,0.12350597609561764,-0.23931496649292638,-0.3883235136582752,0.3425553912394812,0.9961024498886415,0.5,-0.603633318802504,0.4509363317404526,0.7829345472995757,0.3813594223716194,0.06667208820668964,0.0
2021-11-27 05:50:00,0.055788005578800565,0.05179282868525892,-0.24199553239017135,-0.3936797000535618,0.3425553912394812,0.9961024498886415,0.5,-0.603633318802504,0.4509363317404526,0.7829345472995757,0.3813594223716194,0.06667208820668964,0.0
2021-11-27 06:00:00,0.05718270571827057,-0.019920318725099473,-0.2440804169769174,-0.39725049098375276,0.3425553912394812,0.9961024498886415,0.5,-0.622885055581256,0.44605137252986204,0.9067545894348364,0.3735570399246112,0.07419742126428365,0.0
2021-11-27 06:10:00,0.07531380753138076,-0.09163346613545809,-0.2479523454951601,-0.40082128191394384,0.3425553912394812,0.9961024498886415,0.5,-0.622885055581256,0.44605137252986204,0.9067545894348364,0.3735570399246112,0.07419742126428365,0.0
2021-11-27 06:20:00,0.08368200836820083,-0.1633466135458166,-0.2479523454951601,-0.4061774683092304,0.3425553912394812,0.9961024498886415,0.5,-0.622885055581256,0.44605137252986204,0.9067545894348364,0.3735570399246112,0.07419742126428365,0.0
2021-11-27 06:30:00,0.0599721059972106,-0.2350597609561752,-0.2479523454951601,-0.4097482592394215,0.3425553912394812,0.9961024498886415,0.5,-0.622885055581256,0.44605137252986204,0.9067545894348364,0.3735570399246112,0.07419742126428365,0.0
2021-11-27 06:40:00,0.03626220362622037,-0.3067729083665338,-0.2509307520476546,-0.4097482592394215,0.3425553912394812,0.9961024498886415,0.5,-0.622885055581256,0.44605137252986204,0.9067545894348364,0.3735570399246112,0.07419742126428365,0.0
2021-11-27 06:50:00,0.04672245467224547,-0.3784860557768923,-0.2548026805658973,-0.4126048919835744,0.3425553912394812,0.9961024498886415,0.5,-0.622885055581256,0.44605137252986204,0.9067545894348364,0.3735570399246112,0.07419742126428365,0.0
2021-11-27 07:00:00,0.06903765690376569,-0.45019920318725104,-0.25688756515264344,-0.41688984109980365,0.3425553912394812,0.9961024498886415,0.5,-0.6044567732286759,0.4492754456088522,0.8801994583261525,0.3685149164609365,0.09030116323141253,0.0
2021-11-27 07:10:00,0.0808926080892608,-0.5219123505976095,-0.25688756515264344,-0.41974647384395647,0.3425553912394812,0.9961024498886415,0.5,-0.6044567732286759,0.4492754456088522,0.8801994583261525,0.3685149164609365,0.09030116323141253,0.0
2021-11-27 07:20:00,0.048117154811715475,-0.5856573705179284,-0.25718540580789295,-0.4204606320299946,0.3425553912394812,0.9961024498886415,0.5,-0.6044567732286759,0.4492754456088522,0.8801994583261525,0.3685149164609365,0.09030116323141253,0.0
2021-11-27 07:30:00,0.03417015341701534,0.4820717131474104,-0.2598659717051379,-0.4204606320299946,0.3425553912394812,0.9961024498886415,0.5,-0.6044567732286759,0.4492754456088522,0.8801994583261525,0.3685149164609365,0.09030116323141253,0.0
2021-11-27 07:40:00,0.0202231520223152,-0.26693227091633476,-0.2628443782576322,-0.4204606320299946,0.3425553912394812,0.9961024498886415,0.5,-0.6044567732286759,0.4492754456088522,0.8801994583261525,0.3685149164609365,0.09030116323141253,0.0
2021-11-27 07:50:00,0.014644351464435146,-0.253309343272073,-0.2679076693968728,-0.4251026602392429,0.3425553912394812,0.9961024498886415,0.5,-0.6044567732286759,0.4492754456088522,0.8801994583261525,0.3685149164609365,0.09030116323141253,0.0
2021-11-27 08:00:00,0.022315202231520222,-0.23968641562781146,-0.2738644825018616,-0.42760221389037667,0.3425553912394812,0.9961024498886415,0.5,-0.5923107120451014,0.44994497237124537,0.805530795097924,0.3861228899651017,0.10593699060098677,0.0
2021-11-27 08:10:00,0.04602510460251046,-0.2260634879835497,-0.27475800446761,-0.43117300482056775,0.3425553912394812,0.9961024498886415,0.5,-0.5923107120451014,0.44994497237124537,0.805530795097924,0.3861228899651017,0.10593699060098677,0.0
2021-11-27 08:20:00,0.03556485355648536,-0.21244056033928815,-0.27684288905435606,-0.4318871630066059,0.3425553912394812,0.9961024498886415,0.5,-0.5923107120451014,0.44994497237124537,0.805530795097924,0.3861228899651017,0.10593699060098677,0.0
2021-11-27 08:30:00,0.03277545327754532,-0.1988176326950264,-0.28071481757259875,-0.43795750758793073,0.3425553912394812,0.9961024498886415,0.5,-0.5923107120451014,0.44994497237124537,0.805530795097924,0.3861228899651017,0.10593699060098677,0.0
2021-11-27 08:40:00,0.022315202231520222,-0.18519470505076463,-0.28071481757259875,-0.4397429030530262,0.3425553912394812,0.9961024498886415,0.5,-0.5923107120451014,0.44994497237124537,0.805530795097924,0.3861228899651017,0.10593699060098677,0.0
2021-11-27 08:50:00,0.055090655509065556,-0.1715717774065031,-0.28101265822784816,-0.44545616854133185,0.3425553912394812,0.9961024498886415,0.5,-0.5923107120451014,0.44994497237124537,0.805530795097924,0.3861228899651017,0.10593699060098677,0.0
2021-11-27 09:00:00,0.05788005578800558,-0.15794884976224155,-0.28071481757259875,-0.44081414033208355,0.3425553912394812,0.9961024498886415,0.5,-0.5758916865089756,0.4601775251647239,0.7547980440696834,0.3889526637426053,0.11346001287590007,0.0
2021-11-27 09:10:00,0.07322175732217574,-0.1443259221179798,-0.2753536857781088,-0.4336725584717015,0.3425553912394812,0.9961024498886415,0.5,-0.5758916865089756,0.4601775251647239,0.7547980440696834,0.3889526637426053,0.11346001287590007,0.0
2021-11-27 09:20:00,0.08368200836820083,-0.13070299447371803,-0.26522710349962786,-0.42760221389037667,0.3425553912394812,0.9961024498886415,0.5,-0.5758916865089756,0.4601775251647239,0.7547980440696834,0.3889526637426053,0.11346001287590007,0.0
2021-11-27 09:30:00,0.09693165969316596,-0.11708006682945649,-0.2583767684288907,-0.4161756829137653,0.3425553912394812,0.9961024498886415,0.5,-0.5758916865089756,0.4601775251647239,0.7547980440696834,0.3889526637426053,0.11346001287590007,0.0
2021-11-27 09:40:00,0.09344490934449094,-0.10345713918519472,-0.2509307520476546,-0.4033208355650776,0.3425553912394812,0.9961024498886415,0.5,-0.5758916865089756,0.4601775251647239,0.7547980440696834,0.3889526637426053,0.11346001287590007,0.0
2021-11-27 09:50:00,0.100418410041841,-0.08983421154093318,-0.24527177959791513,-0.3876093554722372,0.3425553912394812,0.9961024498886415,0.5,-0.5758916865089756,0.4601775251647239,0.7547980440696834,0.3889526637426053,0.11346001287590007,0.0
2021-11-27 10:00:00,0.11645746164574616,-0.07621128389667142,-0.24199553239017135,-0.37546866630958753,0.3425553912394812,0.9961024498886415,0.5,-0.31958039812248795,0.47612260672917667,0.48377977611473744,0.31188806929742124,0.11592779234379628,0.0
2021-11-27 10:10:00,0.09553695955369597,-0.06258835625240988,-0.23901712583767698,-0.3740403499375111,0.3425553912394812,0.9961024498886415,0.5,-0.31958039812248795,0.47612260672917667,0.48377977611473744,0.31188806929742124,0.11592779234379628,0.0
2021-11-27 10:20:00,0.06415620641562064,-0.04896542860814812,-0.23365599404318704,-0.37189787537939656,0.3425553912394812,0.9961024498886415,0.5,-0.31958039812248795,0.47612260672917667,0.48377977611473744,0.31188806929742124,0.11592779234379628,0.0
2021-11-27 10:30:00,0.07182705718270573,-0.03534250096388647,-0.22650781831720035,-0.35904302803070876,0.3425553912394812,0.9961024498886415,0.5,-0.31958039812248795,0.47612260672917667,0.48377977611473744,0.31188806929742124,0.11592779234379628,0.0
2021-11-27 10:40:00,0.09832635983263598,-0.02171957331962482,-0.2202531645569621,-0.34333154793786824,0.3425553912394812,0.9961024498886415,0.5,-0.31958039812248795,0.47612260672917667,0.48377977611473744,0.31188806929742124,0.11592779234379628,0.0
2021-11-27 10:50:00,0.11087866108786612,-0.008096645675363168,-0.21072226358897994,-0.3311908587752187,0.3425553912394812,0.9961024498886415,0.5,-0.31958039812248795,0.47612260672917667,0.48377977611473744,0.31188806929742124,0.11592779234379628,0.0
2021-11-27 11:00:00,0.12831241283124128,0.005526281968898594,-0.20029784065524958,-0.32047848598464557,0.3425553912394812,0.9961024498886415,0.5,-0.295363587031385,0.48863959632995996,0.4176832403849215,0.2184033553962465,0.1318948794136995,0.0
2021-11-27 11:10:00,0.11854951185495119,0.019149209613160023,-0.19821295606850342,-0.31297982503124433,0.3425553912394812,0.9961024498886415,0.5,-0.295363587031385,0.48863959632995996,0.4176832403849215,0.2184033553962465,0.1318948794136995,0.0
2021-11-27 11:20:00,0.11506276150627615,0.032772137257421896,-0.19046909903201792,-0.3026245313336904,0.3425553912394812,0.9961024498886415,0.5,-0.295363587031385,0.48863959632995996,0.4176832403849215,0.2184033553962465,0.1318948794136995,0.0
2021-11-27 11:30:00,0.11924686192468618,0.04639506490168355,-0.182427401340283,-0.29048384217104095,0.3425553912394812,0.9961024498886415,0.5,-0.295363587031385,0.48863959632995996,0.4176832403849215,0.2184033553962465,0.1318948794136995,0.0
2021-11-27 11:40:00,0.11715481171548117,0.0600179925459452,-0.17140729709605362,-0.27941439028744863,0.3425553912394812,0.9961024498886415,0.5,-0.295363587031385,0.48863959632995996,0.4176832403849215,0.2184033553962465,0.1318948794136995,0.0
2021-11-27 11:50:00,0.11297071129707113,0.07364092019020685,-0.16425912137006715,-0.2687020174968755,0.3425553912394812,0.9961024498886415,0.5,-0.295363587031385,0.48863959632995996,0.4176832403849215,0.2184033553962465,0.1318948794136995,0.0
2021-11-27 12:00:00,0.14504881450488147,0.0872638478344685,-0.15919583023082662,-0.2590608819853597,0.3425553912394812,0.9961024498886415,0.5,-0.2603819328982535,0.4888436152146352,0.3689854755979825,0.16865812026394517,0.20658014841594188,0.0
2021-11-27 12:10:00,0.1792189679218968,0.10088677547873015,-0.15353685778108728,-0.2558471701481878,0.3425553912394812,0.9961024498886415,0.5,-0.2603819328982535,0.4888436152146352,0.3689854755979825,0.16865812026394517,0.20658014841594188,0.0
2021-11-27 12:20:00,0.16596931659693165,0.1145097031229918,-0.14072970960536124,-0.2526334583110159,0.3425553912394812,0.9961024498886415,0.5,-0.2603819328982535,0.4888436152146352,0.3689854755979825,0.16865812026394517,0.20658014841594188,0.0
2021-11-27 12:30:00,0.18131101813110181,0.12813263076725345,-0.1311988086373791,-0.24692019282271016,0.33975474735312977,0.9961024498886415,0.5,-0.2603819328982535,0.4888436152146352,0.3689854755979825,0.16865812026394517,0.20658014841594188,0.0
2021-11-27 12:40:00,0.22454672245467225,0.1417555584115151,-0.12196574832464646,-0.24084984824138556,0.19714439020559868,0.6346325167037863,0.5,-0.2603819328982535,0.4888436152146352,0.3689854755979825,0.16865812026394517,0.20658014841594188,0.013254975330808577
2021-11-27 12:50:00,0.25732217573221755,0.15537848605577675,-0.10588235294117665,-0.24584895554365294,0.17541976940492862,0.00011135857461024499,0.5,-0.2603819328982535,0.4888436152146352,0.3689854755979825,0.16865812026394517,0.20658014841594188,0.10651508064637807
2021-11-27 13:00:00,0.2914923291492329,-0.043824701195219196,-0.08622486969471344,-0.23156579182288872,0.18505189043462328,0.00011135857461024499,0.5,-0.10636000057367323,0.47713120713089124,0.2586658114322172,0.09845854796217396,0.2568925743621266,0.1253300541666038
2021-11-27 13:10:00,0.23570432357043236,-0.33067729083665354,-0.07252419955323908,-0.21156936261381898,0.18505189043462328,0.00011135857461024499,0.5,-0.10636000057367323,0.47713120713089124,0.2586658114322172,0.09845854796217396,0.2568925743621266,0.08120464112738959
2021-11-27 13:20:00,0.2112970711297071,-0.29083665338645437,-0.0615040953090098,-0.1933583288698446,0.18505189043462328,0.00011135857461024499,0.5,-0.10636000057367323,0.47713120713089124,0.2586658114322172,0.09845854796217396,0.2568925743621266,0.05601490713218764
2021-11-27 13:30:00,0.15411436541143653,-0.17131474103585675,-0.05197319434102765,-0.17300482056775568,0.18505189043462328,0.00011135857461024499,0.5,-0.10636000057367323,0.47713120713089124,0.2586658114322172,0.09845854796217396,0.2568925743621266,0.025340615899935123
2021-11-27 13:40:00,0.1771269177126918,0.394422310756972,-0.04065524944154886,-0.14729512587038018,0.18505189043462328,0.00011135857461024499,0.5,-0.10636000057367323,0.47713120713089124,0.2586658114322172,0.09845854796217396,0.2568925743621266,0.030983599136955507
2021-11-27 13:50:00,0.1701534170153417,0.019920318725099362,-0.028443782576321852,-0.1230137475450811,0.17621808378374842,0.00011135857461024499,0.5,-0.10636000057367323,0.47713120713089124,0.2586658114322172,0.09845854796217396,0.2568925743621266,0.03833154789746066
2021-11-27 14:00:00,0.15271966527196654,-0.10756972111553798,-0.016827997021593544,-0.09908944831280142,0.1637853188677023,0.0024498886414253897,0.5,-0.08512348814614523,0.47792142112083974,0.2412196120071163,0.0,0.33221368289500675,0.021221539900719708
2021-11-27 14:10:00,0.14365411436541145,0.24302788844621515,-0.0022338049143708627,-0.08444920549901802,0.17701639816256823,0.194988864142539,0.5,-0.08512348814614523,0.47792142112083974,0.2412196120071163,0.0,0.33221368289500675,0.0
2021-11-27 14:20:00,0.1680613668061367,0.22709163346613526,-0.000148920327624813,-0.0880199964292091,0.17227886037350645,0.9986636971046772,0.5,-0.08512348814614523,0.47792142112083974,0.2412196120071163,0.0,0.33221368289500675,0.0
2021-11-27 14:30:00,0.15760111576011157,0.13306772908366526,0.004616530156366094,-0.08909123370826644,0.17227886037350645,0.9986636971046772,0.5,-0.08512348814614523,0.47792142112083974,0.2412196120071163,0.0,0.33221368289500675,0.0
2021-11-27 14:40:00,0.15202231520223153,0.03904382470119505,0.012360387192851485,-0.09230494554543822,0.17227886037350645,0.9986636971046772,0.5,-0.08512348814614523,0.47792142112083974,0.2412196120071163,0.0,0.33221368289500675,0.0
2021-11-27 14:50:00,0.15760111576011157,-0.05498007968127505,0.014743112434847383,-0.09766113194072468,0.17227886037350645,0.9986636971046772,0.5,-0.08512348814614523,0.47792142112083974,0.2412196120071163,0.0,0.33221368289500675,0.0
2021-11-27 15:00:00,0.16457461645746163,-0.14900398406374504,0.020997766195085532,-0.09908944831280142,0.18001334886338355,0.9839643652561247,0.5,-0.06158254406026509,0.4757318099923293,0.21398742029256781,0.08899780959181917,0.716031340305214,0.0
2021-11-27 15:10:00,0.19386331938633192,-0.24302788844621515,0.026954579300074277,-0.09766113194072468,0.20907984452500297,0.5551224944320713,0.5,-0.06158254406026509,0.4757318099923293,0.21398742029256781,0.08899780959181917,0.716031340305214,0.016536656758754924
2021-11-27 15:20:00,0.23640167364016737,0.3306772908366533,0.03588979895755773,-0.09087662917336181,0.2057949771629739,0.00011135857461024499,0.5,-0.06158254406026509,0.4757318099923293,0.21398742029256781,0.08899780959181917,0.716031340305214,0.08412420598397635
2021-11-27 15:30:00,0.16457461645746163,-0.1394422310756973,0.04363365599404312,-0.07695054454561678,0.2182408291999843,0.00022271714922048998,0.5,-0.06158254406026509,0.4757318099923293,0.21398742029256781,0.08899780959181917,0.716031340305214,0.041537788373040424
2021-11-27 15:40:00,0.19456066945606695,0.394422310756972,0.04929262844378246,-0.054454561685413405,0.20732617031579226,0.00022271714922048998,0.5,-0.06158254406026509,0.4757318099923293,0.21398742029256781,0.08899780959181917,0.716031340305214,0.04983629313336452
2021-11-27 15:50:00,0.18270571827057183,0.3545816733067728,0.05673864482501845,-0.03517229066238159,0.21355563989477955,0.00022271714922048998,0.5,-0.06158254406026509,0.4757318099923293,0.21398742029256781,0.08899780959181917,0.716031340305214,0.04120584818262746
2021-11-27 16:00:00,0.15760111576011157,0.4581673306772909,0.06031273268801174,-0.015890019639349995,0.22994071534203192,0.00022271714922048998,0.5,-0.03775656447168885,0.49483487401115533,0.15966113744406388,0.19060080090984158,0.6629167482983669,0.017042111139611026
2021-11-27 16:10:00,0.17642956764295675,0.05976095617529875,0.06507818317200287,0.005177646848776973,0.24516103702346523,0.00033407572383073496,0.5,-0.03775656447168885,0.49483487401115533,0.15966113744406388,0.19060080090984158,0.6629167482983669,0.041145495420734195
2021-11-27 16:20:00,0.19107391910739194,-0.31474103585657376,0.07371556217423669,0.018032494197464777,0.24516103702346523,0.00022271714922048998,0.5,-0.03775656447168885,0.49483487401115533,0.15966113744406388,0.19060080090984158,0.6629167482983669,0.05150353818066599
2021-11-27 16:30:00,0.2189679218967922,0.17131474103585642,0.07728965003722998,0.02231744331369412,0.24516103702346523,0.00022271714922048998,0.5,-0.03775656447168885,0.49483487401115533,0.15966113744406388,0.19060080090984158,0.6629167482983669,0.06859845798693363
2021-11-27 16:40:00,0.16248256624825663,0.17131474103585642,0.07699180938198036,0.025531155150865903,0.2526599573359857,0.00044543429844097997,0.5,-0.03775656447168885,0.49483487401115533,0.15966113744406388,0.19060080090984158,0.6629167482983669,0.03489144046954449
2021-11-27 16:50:00,0.17782426778242677,-0.02788844621513953,0.0740134028294861,0.0337439742903054,0.2525421732473073,0.00044543429844097997,0.5,-0.03775656447168885,0.49483487401115533,0.15966113744406388,0.19060080090984158,0.6629167482983669,0.046139686467401964
2021-11-27 17:00:00,0.17364016736401675,-0.20318725099601598,0.0701414743112434,0.04695590073201217,0.2615330253497533,0.00011135857461024499,0.5,-0.0202738755589561,0.5204579218234116,0.14847067873582043,0.3120611375383885,0.6487057479736349,0.04181691989679678
2021-11-27 17:10:00,0.12831241283124128,0.2828685258964143,0.06746090841399854,0.05695411533654715,0.2651581578568531,0.00011135857461024499,0.5,-0.0202738755589561,0.5204579218234116,0.14847067873582043,0.3120611375383885,0.6487057479736349,0.019652368091494787
2021-11-27 17:20:00,0.1297071129707113,-0.21115537848605592,0.0588235294117645,0.07873594001071238,0.278035884885684,0.00011135857461024499,0.5,-0.0202738755589561,0.5204579218234116,0.14847067873582043,0.3120611375383885,0.6487057479736349,0.014529927425803824
2021-11-27 17:30:00,0.13668061366806136,0.09163346613545809,0.055249441548771205,0.09551865738261034,0.278035884885684,0.00011135857461024499,0.5,-0.0202738755589561,0.5204579218234116,0.14847067873582043,0.3120611375383885,0.6487057479736349,0.019569383043891546
2021-11-27 17:40:00,0.16387726638772665,0.4501992031872508,0.051675353685778136,0.11123013747545074,0.27981573333682325,0.00011135857461024499,0.5,-0.0202738755589561,0.5204579218234116,0.14847067873582043,0.3120611375383885,0.6487057479736349,0.026200642756914163
2021-11-27 17:50:00,0.11297071129707113,0.5697211155378485,0.051079672375279106,0.12265666845206202,0.29452565730065045,0.000556792873051225,0.5,-0.0202738755589561,0.5204579218234116,0.14847067873582043,0.3120611375383885,0.6487057479736349,0.0
2021-11-27 18:00:00,0.10111576011157601,0.6972111553784857,0.04095309009679826,0.13658275307980716,0.30148800565363626,0.01447661469933185,0.5,-0.21580799693685238,0.5522733738114467,0.3445320349596103,0.3382405319778552,0.6834934555726553,0.0
2021-11-27 18:10:00,0.08926080892608089,0.5192563081009296,0.02159344750558434,0.10301731833601147,0.32877465286411645,0.994097995545657,0.5,-0.21580799693685238,0.5522733738114467,0.3445320349596103,0.3382405319778552,0.6834934555726553,0.0
2021-11-27 18:20:00,0.06415620641562064,0.3413014608233731,-0.0013402829486225398,0.07802178182467423,0.32877465286411645,0.9993318485523385,0.5,-0.21580799693685238,0.5522733738114467,0.3445320349596103,0.3382405319778552,0.6834934555726553,0.0
2021-11-27 18:30:00,0.04184100418410042,0.1633466135458166,-0.012062546537602414,0.05409748259239433,0.32877465286411645,0.9993318485523385,0.5,-0.21580799693685238,0.5522733738114467,0.3445320349596103,0.3382405319778552,0.6834934555726553,0.0
2021-11-27 18:40:00,0.0502092050209205,0.031872509960159334,-0.01861504095309008,0.035529369755400886,0.32877465286411645,0.9993318485523385,0.5,-0.21580799693685238,0.5522733738114467,0.3445320349596103,0.3382405319778552,0.6834934555726553,0.0
2021-11-27 18:50:00,0.12831241283124128,-0.09960159362549803,-0.027252419955324125,0.018032494197464777,0.32877465286411645,0.9993318485523385,0.5,-0.21580799693685238,0.5522733738114467,0.3445320349596103,0.3382405319778552,0.6834934555726553,0.0
2021-11-27 19:00:00,0.2301255230125523,-0.2310756972111554,-0.03529411764705892,-0.004106409569719638,0.36455484158040075,0.9206013363028954,0.5,-0.25305335860608114,0.5822641498590536,0.3964015477917413,0.28287077339155003,0.7719384737238879,0.0
2021-11-27 19:10:00,0.2503486750348675,-0.36254980079681276,-0.041250930752047776,-0.003749330476700563,0.42486029498370653,0.005790645879732739,0.5,-0.25305335860608114,0.5822641498590536,0.3964015477917413,0.28287077339155003,0.7719384737238879,0.10576067112271226
2021-11-27 19:20:00,0.23361227336122734,0.08366533864541825,-0.027550260610573418,-0.0112479914301018,0.4154113936475115,0.00011135857461024499,0.5,-0.25305335860608114,0.5822641498590536,0.3964015477917413,0.28287077339155003,0.7719384737238879,0.08987280655430994
2021-11-27 19:30:00,0.24407252440725244,0.14741035856573692,-0.02427401340282964,-0.01410462417425462,0.4154113936475115,0.00011135857461024499,0.5,-0.25305335860608114,0.5822641498590536,0.3964015477917413,0.28287077339155003,0.7719384737238879,0.10375394178976116
2021-11-27 19:40:00,0.2601115760111576,0.2350597609561753,-0.02069992553983646,-0.023031601499732157,0.4238394995484943,0.00011135857461024499,0.5,-0.25305335860608114,0.5822641498590536,0.3964015477917413,0.28287077339155003,0.7719384737238879,0.10662824207492796
2021-11-27 19:50:00,0.15411436541143653,0.3545816733067728,-0.01861504095309008,-0.024459917871808567,0.4292837418696261,0.00011135857461024499,0.5,-0.25305335860608114,0.5822641498590536,0.3964015477917413,0.28287077339155003,0.7719384737238879,0.044962807610483276
2021-11-27 20:00:00,0.1492329149232915,0.3784860557768923,-0.021593447505584784,-0.004463488662738713,0.4311813744094437,0.00011135857461024499,0.5,-0.28043774595818927,0.6123583721017127,0.46806611124616815,0.20486638666466794,0.9100569513982307,0.0333524450412662
2021-11-27 20:10:00,0.11227336122733612,0.2589641434262948,-0.025167535368577965,0.017318336011426627,0.44578660140555676,0.4194877505567929,0.5,-0.28043774595818927,0.6123583721017127,0.46806611124616815,0.20486638666466794,0.9100569513982307,0.004692427237201442
2021-11-27 20:20:00,0.0801952580195258,0.23854581673306763,-0.041846612062546584,0.01553294054633092,0.44578660140555676,0.9995545657015591,0.5,-0.28043774595818927,0.6123583721017127,0.46806611124616815,0.20486638666466794,0.9100569513982307,0.0
2021-11-27 20:30:00,0.09623430962343095,0.21812749003984044,-0.056440804169769265,-0.013033386895197285,0.44578660140555676,0.9995545657015591,0.5,-0.28043774595818927,0.6123583721017127,0.46806611124616815,0.20486638666466794,0.9100569513982307,0.0
2021-11-27 20:40:00,0.12343096234309624,0.19770916334661348,-0.06984363365599422,-0.03910016068559197,0.44578660140555676,0.9995545657015591,0.5,-0.28043774595818927,0.6123583721017127,0.46806611124616815,0.20486638666466794,0.9100569513982307,0.0
2021-11-27 20:50:00,0.1708507670850767,0.1772908366533863,-0.07311988086373811,-0.057311194429566115,0.44578660140555676,0.9995545657015591,0.5,-0.28043774595818927,0.6123583721017127,0.46806611124616815,0.20486638666466794,0.9100569513982307,0.0
2021-11-27 21:00:00,0.12761506276150628,0.1568725099601591,-0.08175725986597182,-0.07587930726655945,0.44578660140555676,0.9995545657015591,0.5,-0.3091168335377322,0.6379296968164428,0.5606182289976472,0.17073145844339777,0.0021634758422513257,0.0
2021-11-27 21:10:00,0.10739191073919108,0.13645418326693215,-0.09396872673119894,-0.08766291733619003,0.44578660140555676,0.9995545657015591,0.5,-0.3091168335377322,0.6379296968164428,0.5606182289976472,0.17073145844339777,0.0021634758422513257,0.0
2021-11-27 21:20:00,0.10251046025104603,0.11603585657370519,-0.10409530900967989,-0.09730405284770571,0.44578660140555676,0.9995545657015591,0.5,-0.3091168335377322,0.6379296968164428,0.5606182289976472,0.17073145844339777,0.0021634758422513257,0.0
2021-11-27 21:30:00,0.1596931659693166,0.095617529880478,-0.10647803425167546,-0.11087305838243178,0.44578660140555676,0.9995545657015591,0.5,-0.3091168335377322,0.6379296968164428,0.5606182289976472,0.17073145844339777,0.0021634758422513257,0.0
2021-11-27 21:40:00,0.13807531380753138,0.07519920318725082,-0.1160089352196576,-0.1230137475450811,0.44578660140555676,0.9995545657015591,0.5,-0.3091168335377322,0.6379296968164428,0.5606182289976472,0.17073145844339777,0.0021634758422513257,0.0
2021-11-27 21:50:00,0.15132496513249652,0.054780876494023856,-0.12315711094564419,-0.13408319942867342,0.44578660140555676,0.9995545657015591,0.5,-0.3091168335377322,0.6379296968164428,0.5606182289976472,0.17073145844339777,0.0021634758422513257,0.0
2021-11-27 22:00:00,0.10181311018131102,0.03436254980079667,-0.13685778108711855,-0.142653097661132,0.44578660140555676,0.9995545657015591,0.5,-0.3197025371361637,0.6640498610660152,0.5523200200061962,0.1789588403648682,0.044605994798653265,0.0
2021-11-27 22:10:00,0.11087866108786612,0.013944223107569709,-0.1466865227103501,-0.14979467952151393,0.44578660140555676,0.9995545657015591,0.5,-0.3197025371361637,0.6640498610660152,0.5523200200061962,0.1789588403648682,0.044605994798653265,0.0
2021-11-27 22:20:00,0.10251046025104603,-0.006474103585657476,-0.1472822040208489,-0.15443670773076235,0.44578660140555676,0.9995545657015591,0.5,-0.3197025371361637,0.6640498610660152,0.5523200200061962,0.1789588403648682,0.044605994798653265,0.0
2021-11-27 22:30:00,0.14435146443514643,-0.02689243027888466,-0.15413253909158608,-0.16193536868416358,0.44578660140555676,0.9995545657015591,0.5,-0.3197025371361637,0.6640498610660152,0.5523200200061962,0.1789588403648682,0.044605994798653265,0.0
2021-11-27 22:40:00,0.22036262203626222,-0.047310756972111734,-0.16306775874906942,-0.17229066238171753,0.3928753713470574,0.9577951002227172,0.5,-0.3197025371361637,0.6640498610660152,0.5523200200061962,0.1789588403648682,0.044605994798653265,0.0
2021-11-27 22:50:00,0.22663877266387727,-0.06772908366533881,-0.16485480268056596,-0.16193536868416358,0.288898195286019,0.0089086859688196,0.5,-0.3197025371361637,0.6640498610660152,0.5523200200061962,0.1789588403648682,0.044605994798653265,0.08325663503176065
2021-11-27 23:00:00,0.22175732217573224,0.2350597609561753,-0.15026061057334328,-0.15015175861453323,0.29811152844485744,0.00011135857461024499,0.5,-0.32761739203521556,0.675995023088616,0.5692209186998458,0.19915241342870052,0.0690030696733342,0.07542586417610936
2021-11-27 23:10:00,0.2210599721059972,-0.298804780876494,-0.14609084139985118,-0.142653097661132,0.318396565939459,0.00011135857461024499,0.5,-0.32761739203521556,0.675995023088616,0.5692209186998458,0.19915241342870052,0.0690030696733342,0.08876382455452117
2021-11-27 23:20:00,0.15411436541143653,-0.42629482071713154,-0.14519731943410286,-0.1362256739867881,0.31418251298896754,0.00011135857461024499,0.5,-0.32761739203521556,0.675995023088616,0.5692209186998458,0.19915241342870052,0.0690030696733342,0.03801469589752101
2021-11-27 23:30:00,0.11576011157601115,-0.31474103585657376,-0.1463886820551007,-0.11622924477771823,0.2937927785266519,0.00011135857461024499,0.5,-0.32761739203521556,0.675995023088616,0.5692209186998458,0.19915241342870052,0.0690030696733342,0.0
2021-11-27 23:40:00,0.10320781032078104,0.4661354581673305,-0.14043186895011173,-0.08909123370826644,0.300768214000602,0.0014476614699331849,0.5,-0.32761739203521556,0.675995023088616,0.5692209186998458,0.19915241342870052,0.0690030696733342,0.0
2021-11-27 23:50:00,0.1094839609483961,0.24302788844621515,-0.14400595681310513,-0.08980539189430448,0.31338419861014777,0.45857461024498886,0.5,-0.32761739203521556,0.675995023088616,0.5692209186998458,0.19915241342870052,0.0690030696733342,0.0
2021-11-28 00:00:00,0.1387726638772664,-0.21115537848605592,-0.16157855547282218,-0.10658810926620232,0.31847508866524454,0.9972160356347439,0.5,-0.3366478077181051,0.6945808561322064,0.5589199342544858,0.19474667263658646,0.10119776427574217,0.0
2021-11-28 00:10:00,0.12133891213389121,0.5537848605577689,-0.17974683544303804,-0.12229958935904306,0.31847508866524454,0.9972160356347439,0.5,-0.3366478077181051,0.6945808561322064,0.5589199342544858,0.19474667263658646,0.10119776427574217,0.0
2021-11-28 00:20:00,0.11715481171548117,0.06772908366533859,-0.18838421444527187,-0.13729691126584542,0.31847508866524454,0.9972160356347439,0.5,-0.3366478077181051,0.6945808561322064,0.5589199342544858,0.19474667263658646,0.10119776427574217,0.0
2021-11-28 00:30:00,0.11227336122733612,0.36254980079681287,-0.193149664929263,-0.1519371540796286,0.31847508866524454,0.9972160356347439,0.5,-0.3366478077181051,0.6945808561322064,0.5589199342544858,0.19474667263658646,0.10119776427574217,0.0
2021-11-28 00:40:00,0.12831241283124128,0.13147410358565725,-0.20774385703648557,-0.16514908052133537,0.31847508866524454,0.9972160356347439,0.5,-0.3366478077181051,0.6945808561322064,0.5589199342544858,0.19474667263658646,0.10119776427574217,0.0
2021-11-28 00:50:00,0.1087866108786611,-0.09960159362549803,-0.21459419210722275,-0.17836100696304236,0.31847508866524454,0.9972160356347439,0.5,-0.3366478077181051,0.6945808561322064,0.5589199342544858,0.19474667263658646,0.10119776427574217,0.0
2021-11-28 01:00:00,0.09205020920502092,-0.33067729083665354,-0.21518987341772167,-0.1840742724513479,0.31847508866524454,0.9972160356347439,0.5,-0.3739175838488332,0.6972187341059234,0.5403606872666066,0.15393598260499688,0.12616875353985002,0.0
2021-11-28 01:10:00,0.05299860529986053,0.1872509960159361,-0.21518987341772167,-0.19121585431173005,0.31847508866524454,0.9972160356347439,0.5,-0.3739175838488332,0.6972187341059234,0.5403606872666066,0.15393598260499688,0.12616875353985002,0.0
2021-11-28 01:20:00,0.04602510460251046,0.05179282868525892,-0.21965748324646328,-0.19550080342795917,0.31847508866524454,0.9972160356347439,0.5,-0.3739175838488332,0.6972187341059234,0.5403606872666066,0.15393598260499688,0.12616875353985002,0.0
2021-11-28 01:30:00,0.05230125523012552,-0.5298804780876495,-0.2211466865227104,-0.201571148009284,0.31847508866524454,0.9972160356347439,0.5,-0.3739175838488332,0.6972187341059234,0.5403606872666066,0.15393598260499688,0.12616875353985002,0.0
2021-11-28 01:40:00,0.05160390516039052,-0.4885642614726281,-0.2211466865227104,-0.20549901803249415,0.31847508866524454,0.9972160356347439,0.5,-0.3739175838488332,0.6972187341059234,0.5403606872666066,0.15393598260499688,0.12616875353985002,0.0
2021-11-28 01:50:00,0.06206415620641562,-0.4472480448576067,-0.2211466865227104,-0.2112122835207998,0.31847508866524454,0.9972160356347439,0.5,-0.3739175838488332,0.6972187341059234,0.5403606872666066,0.15393598260499688,0.12616875353985002,0.0
2021-11-28 02:00:00,0.04393305439330544,-0.40593182824258534,-0.22174236783320933,-0.22013926084627744,0.31847508866524454,0.9972160356347439,0.5,-0.38799655662704213,0.7048421439798623,0.5267441475598997,0.14920713227603233,0.13211738338869936,0.0
2021-11-28 02:10:00,0.05369595536959554,-0.36461561162756395,-0.22472077438570381,-0.22335297268344934,0.31847508866524454,0.9972160356347439,0.5,-0.38799655662704213,0.7048421439798623,0.5267441475598997,0.14920713227603233,0.13211738338869936,0.0
2021-11-28 02:20:00,0.05299860529986053,-0.32329939501254246,-0.2276991809381982,-0.2287091590787359,0.31847508866524454,0.9972160356347439,0.5,-0.38799655662704213,0.7048421439798623,0.5267441475598997,0.14920713227603233,0.13211738338869936,0.0
2021-11-28 02:30:00,0.03277545327754532,-0.2819831783975212,-0.231571109456441,-0.23335118728798432,0.31847508866524454,0.9972160356347439,0.5,-0.38799655662704213,0.7048421439798623,0.5267441475598997,0.14920713227603233,0.13211738338869936,0.0
2021-11-28 02:40:00,0.04951185495118549,-0.2406669617824998,-0.2318689501116903,-0.24013569005534718,0.31847508866524454,0.9972160356347439,0.5,-0.38799655662704213,0.7048421439798623,0.5267441475598997,0.14920713227603233,0.13211738338869936,0.0
2021-11-28 02:50:00,0.03626220362622037,-0.1993507451674783,-0.23335815338793753,-0.24442063917157653,0.31847508866524454,0.9972160356347439,0.5,-0.38799655662704213,0.7048421439798623,0.5267441475598997,0.14920713227603233,0.13211738338869936,0.0
2021-11-28 03:00:00,0.0599721059972106,-0.15803452855245692,-0.23723008190618022,-0.24692019282271016,0.31847508866524454,0.9972160356347439,0.5,-0.3966280026535719,0.7036122836609611,0.5091314411905209,0.16885311247107995,0.12539650308351066,0.0
2021-11-28 03:10:00,0.10181311018131102,-0.11671831193743543,-0.23365599404318704,-0.2544188537761113,0.31847508866524454,0.9972160356347439,0.5,-0.3966280026535719,0.7036122836609611,0.5091314411905209,0.16885311247107995,0.12539650308351066,0.0
2021-11-28 03:20:00,0.08228730822873082,-0.07540209532241415,-0.23454951600893525,-0.26156043563649345,0.31847508866524454,0.9972160356347439,0.5,-0.3966280026535719,0.7036122836609611,0.5091314411905209,0.16885311247107995,0.12539650308351066,0.0
2021-11-28 03:30:00,0.10251046025104603,-0.03408587870739288,-0.2363365599404319,-0.26441706838064627,0.31847508866524454,0.9972160356347439,0.5,-0.3966280026535719,0.7036122836609611,0.5091314411905209,0.16885311247107995,0.12539650308351066,0.0
2021-11-28 03:40:00,0.11854951185495119,0.0072303379076286145,-0.23901712583767698,-0.270130333868952,0.31847508866524454,0.9972160356347439,0.5,-0.3966280026535719,0.7036122836609611,0.5091314411905209,0.16885311247107995,0.12539650308351066,0.0
2021-11-28 03:50:00,0.1087866108786611,0.04854655452265,-0.23901712583767698,-0.2765577575432959,0.31847508866524454,0.9972160356347439,0.5,-0.3966280026535719,0.7036122836609611,0.5091314411905209,0.16885311247107995,0.12539650308351066,0.0
2021-11-28 04:00:00,0.09135285913528592,0.08986277113767138,-0.23901712583767698,-0.28405641849669694,0.31847508866524454,0.9972160356347439,0.5,-0.43976875636001733,0.7222354722749825,0.5980735412856695,0.16233036638339396,0.13099682856997777,0.0
2021-11-28 04:10:00,0.07810320781032079,0.13117898775269277,-0.24199553239017135,-0.2865559721478307,0.31847508866524454,0.9972160356347439,0.5,-0.43976875636001733,0.7222354722749825,0.5980735412856695,0.16233036638339396,0.13099682856997777,0.0
2021-11-28 04:20:00,0.06903765690376569,0.17249520436771437,-0.24229337304542087,-0.2894126048919836,0.31847508866524454,0.9972160356347439,0.5,-0.43976875636001733,0.7222354722749825,0.5980735412856695,0.16233036638339396,0.13099682856997777,0.0
2021-11-28 04:30:00,0.06624825662482565,0.21381142098273553,-0.2473566641846613,-0.29548294947330833,0.31847508866524454,0.9972160356347439,0.5,-0.43976875636001733,0.7222354722749825,0.5980735412856695,0.16233036638339396,0.13099682856997777,0.0
2021-11-28 04:40:00,0.05718270571827057,0.2551276375977569,-0.2479523454951601,-0.2994108194965186,0.31847508866524454,0.9972160356347439,0.5,-0.43976875636001733,0.7222354722749825,0.5980735412856695,0.16233036638339396,0.13099682856997777,0.0
2021-11-28 04:50:00,0.06345885634588563,0.2964438542127783,-0.24973938942665685,-0.3026245313336904,0.31847508866524454,0.9972160356347439,0.5,-0.43976875636001733,0.7222354722749825,0.5980735412856695,0.16233036638339396,0.13099682856997777,0.0
2021-11-28 05:00:00,0.061366806136680614,0.3377600708277997,-0.2509307520476546,-0.30619532226388146,0.31847508866524454,0.9972160356347439,0.5,-0.4346387843732772,0.7318645889306847,0.5977405273971135,0.10894396278674116,0.09531228915124007,0.0
2021-11-28 05:10:00,0.07391910739191074,0.3790762874428213,-0.2509307520476546,-0.3069094804499196,0.31847508866524454,0.9972160356347439,0.5,-0.4346387843732772,0.7318645889306847,0.5977405273971135,0.10894396278674116,0.09531228915124007,0.0
2021-11-28 05:20:00,0.07810320781032079,0.4203925040578427,-0.2509307520476546,-0.3133369041242635,0.31847508866524454,0.9972160356347439,0.5,-0.4346387843732772,0.7318645889306847,0.5977405273971135,0.10894396278674116,0.09531228915124007,0.0
2021-11-28 05:30:00,0.09274755927475593,0.46170872067286384,-0.2509307520476546,-0.31583645777539726,0.31847508866524454,0.9972160356347439,0.5,-0.4346387843732772,0.7318645889306847,0.5977405273971135,0.10894396278674116,0.09531228915124007,0.0
2021-11-28 05:40:00,0.14365411436541145,0.5030249372878852,-0.24973938942665685,-0.3236921978218176,0.31847508866524454,0.9972160356347439,0.5,-0.4346387843732772,0.7318645889306847,0.5977405273971135,0.10894396278674116,0.09531228915124007,0.0
2021-11-28 05:50:00,0.1903765690376569,0.5443411539029066,-0.2559940431868951,-0.3340474915193715,0.3105050319980107,0.9972160356347439,0.5,-0.4346387843732772,0.7318645889306847,0.5977405273971135,0.10894396278674116,0.09531228915124007,0.0
2021-11-28 06:00:00,0.14714086471408647,0.585657370517928,-0.2595681310498884,-0.3451169434029637,0.26218738139796627,0.12461024498886414,0.5,-0.4554824307598201,0.7492291821716233,0.590979051955366,0.053713118970479076,0.007756013135239011,0.0
2021-11-28 06:10:00,0.18270571827057183,-0.09960159362549814,-0.25301563663440074,-0.3379753615425817,0.279501642433681,0.9221603563474388,0.5,-0.4554824307598201,0.7492291821716233,0.590979051955366,0.053713118970479076,0.007756013135239011,0.0
2021-11-28 06:20:00,0.17503486750348674,0.6015936254980081,-0.2631422189128817,-0.33476164970540967,0.31299158498122,0.4928730512249443,0.5,-0.4554824307598201,0.7492291821716233,0.590979051955366,0.053713118970479076,0.007756013135239011,0.0
2021-11-28 06:30:00,0.27405857740585776,0.25099601593625476,-0.25390915860014907,-0.315122299589359,0.3424376071508029,0.004342984409799555,0.5,-0.4554824307598201,0.7492291821716233,0.590979051955366,0.053713118970479076,0.007756013135239011,0.12606183140455965
2021-11-28 06:40:00,0.29428172942817293,0.36254980079681287,-0.2503350707371558,-0.27941439028744863,0.3591236863802332,0.00022271714922048998,0.5,-0.4554824307598201,0.7492291821716233,0.590979051955366,0.053713118970479076,0.007756013135239011,0.1600404363504685
2021-11-28 06:50:00,0.13668061366806136,-0.11553784860557781,-0.243782576321668,-0.26013211926441704,0.3852717540668228,0.000779510022271715,0.5,-0.4554824307598201,0.7492291821716233,0.590979051955366,0.053713118970479076,0.007756013135239011,0.013835870664031262
2021-11-28 07:00:00,0.0801952580195258,-0.019920318725099695,-0.2509307520476546,-0.246206034636672,0.3852717540668228,0.8817371937639199,0.5,-0.4644355006282055,0.770599441965251,0.6305576131147109,0.044888259698523864,0.6158610151424869,0.0
2021-11-28 07:10:00,0.06764295676429567,-0.037184594953519445,-0.2673119880863739,-0.25834672379932155,0.3852717540668228,0.9955456570155903,0.5,-0.4644355006282055,0.770599441965251,0.6305576131147109,0.044888259698523864,0.6158610151424869,0.0
2021-11-28 07:20:00,0.03347280334728033,-0.054448871181938974,-0.2750558451228593,-0.2754865202642386,0.3852717540668228,0.9955456570155903,0.5,-0.4644355006282055,0.770599441965251,0.6305576131147109,0.044888259698523864,0.6158610151424869,0.0
2021-11-28 07:30:00,0.030683403068340307,-0.07171314741035861,-0.2866716306775876,-0.2861988930548115,0.3852717540668228,0.9955456570155903,0.5,-0.4644355006282055,0.770599441965251,0.6305576131147109,0.044888259698523864,0.6158610151424869,0.0
2021-11-28 07:40:00,0.06694560669456066,-0.08897742363877825,-0.2893521965748326,-0.2944117121942511,0.3852717540668228,0.9955456570155903,0.5,-0.4644355006282055,0.770599441965251,0.6305576131147109,0.044888259698523864,0.6158610151424869,0.0
2021-11-28 07:50:00,0.18688981868898188,-0.10624169986719789,-0.28399106478034264,-0.30619532226388146,0.3841855230267893,0.9955456570155903,0.5,-0.4644355006282055,0.770599441965251,0.6305576131147109,0.044888259698523864,0.6158610151424869,0.0
2021-11-28 08:00:00,0.2629009762900976,-0.12350597609561753,-0.2941176470588236,-0.31405106231030167,0.32685084608237036,0.24565701559020045,0.5,-0.4763993538839506,0.7872111767866764,0.6800063711415695,0.09031605925402866,0.7637177292915261,0.06691612474915884
2021-11-28 08:10:00,0.2705718270571827,-0.5219123505976095,-0.2985852568875653,-0.2847705766827352,0.3388779102485244,0.00011135857461024499,0.5,-0.4763993538839506,0.7872111767866764,0.6800063711415695,0.09031605925402866,0.7637177292915261,0.11358389788312688
2021-11-28 08:20:00,0.24686192468619247,-0.4900398406374503,-0.2976917349218169,-0.2672737011247991,0.3388779102485244,0.00022271714922048998,0.5,-0.4763993538839506,0.7872111767866764,0.6800063711415695,0.09031605925402866,0.7637177292915261,0.0938032801726089
2021-11-28 08:30:00,0.14295676429567641,-0.26693227091633476,-0.28875651526433366,-0.2529905374040349,0.3388779102485244,0.00022271714922048998,0.5,-0.4763993538839506,0.7872111767866764,0.6800063711415695,0.09031605925402866,0.7637177292915261,0.02599695218552439
2021-11-28 08:40:00,0.17224546722454673,0.10756972111553775,-0.27982129560685043,-0.2383502945902518,0.3388779102485244,0.00022271714922048998,0.5,-0.4763993538839506,0.7872111767866764,0.6800063711415695,0.09031605925402866,0.7637177292915261,0.04709778656245756
2021-11-28 08:50:00,0.23291492329149233,0.5219123505976095,-0.2676098287416233,-0.22978039635779324,0.3481697661331484,0.00022271714922048998,0.5,-0.4763993538839506,0.7872111767866764,0.6800063711415695,0.09031605925402866,0.7637177292915261,0.08871855998310123
2021-11-28 09:00:00,0.30404463040446306,-0.01195219123505975,-0.2756515264333582,-0.2304945545438314,0.35542003114734794,0.00044543429844097997,0.5,-0.46841529132422777,0.8115813762366868,0.7335135615657842,0.1373109170091908,0.7945895105347447,0.16038746473135476
2021-11-28 09:10:00,0.24337517433751746,-0.50597609561753,-0.28071481757259875,-0.22799500089269775,0.35542003114734794,0.00033407572383073496,0.5,-0.46841529132422777,0.8115813762366868,0.7335135615657842,0.1373109170091908,0.7945895105347447,0.11326704588318723
2021-11-28 09:20:00,0.23082287308228733,-0.49800796812749004,-0.27773641102010427,-0.22156757721835385,0.35095732289853554,0.00022271714922048998,0.5,-0.46841529132422777,0.8115813762366868,0.7335135615657842,0.1373109170091908,0.7945895105347447,0.1112301401692895
2021-11-28 09:30:00,0.20223152022315202,-0.2270916334661356,-0.2738644825018616,-0.21335475807891446,0.34162620565101887,0.00022271714922048998,0.5,-0.46841529132422777,0.8115813762366868,0.7335135615657842,0.1373109170091908,0.7945895105347447,0.08644024322163044
2021-11-28 09:40:00,0.25523012552301255,0.1872509960159361,-0.2682055100521221,-0.204784859846456,0.3279894256062609,0.00022271714922048998,0.5,-0.46841529132422777,0.8115813762366868,0.7335135615657842,0.1373109170091908,0.7945895105347447,0.11909108740588742
2021-11-28 09:50:00,0.3242677824267783,0.43426294820717115,-0.26582278481012667,-0.2029994643813604,0.3351088194108178,0.00022271714922048998,0.5,-0.46841529132422777,0.8115813762366868,0.7335135615657842,0.1373109170091908,0.7945895105347447,0.21650044510161898
2021-11-28 10:00:00,0.3117154811715481,-0.24302788844621515,-0.27207743857036504,-0.20585609712551323,0.34930834565703894,0.00033407572383073496,0.5,-0.45002876703967654,0.8467617030691912,0.8921808567232474,0.22433016739984968,0.7415363982404607,0.19966202453339774
2021-11-28 10:10:00,0.32914923291492326,-0.11553784860557781,-0.2673119880863739,-0.1997857525441885,0.342241300336339,0.00022271714922048998,0.5,-0.45002876703967654,0.8467617030691912,0.8921808567232474,0.22433016739984968,0.7415363982404607,0.22058180062465108
2021-11-28 10:20:00,0.37447698744769875,0.2828685258964143,-0.2667163067758751,-0.19550080342795917,0.335318213346246,0.00022271714922048998,0.5,-0.45002876703967654,0.8467617030691912,0.8921808567232474,0.22433016739984968,0.7415363982404607,0.3069239706082049
2021-11-28 10:30:00,0.38354253835425384,0.1633466135458166,-0.27982129560685043,-0.19907159435815036,0.35277643271256753,0.00033407572383073496,0.5,-0.45002876703967654,0.8467617030691912,0.8921808567232474,0.22433016739984968,0.7415363982404607,0.3002172699428158
2021-11-28 10:40:00,0.38284518828451886,-0.29083665338645437,-0.3566641846612064,-0.2512051419389395,0.3573045765662012,0.00022271714922048998,0.5,-0.45002876703967654,0.8467617030691912,0.8921808567232474,0.22433016739984968,0.7415363982404607,0.31731973384432005
2021-11-28 10:50:00,0.5460251046025105,0.10756972111553775,-0.38466120625465394,-0.2883413676129263,0.3571344439936658,0.00044543429844097997,0.5,-0.45002876703967654,0.8467617030691912,0.8921808567232474,0.22433016739984968,0.7415363982404607,0.6723976643481148
2021-11-28 11:00:00,0.4860529986052998,-0.1633466135458168,-0.398957557706627,-0.3101231922870915,0.36505215217704257,0.00022271714922048998,0.5,-0.45181202332181436,0.857301720942397,0.902865888683758,0.47397247554121513,0.7067229541465042,0.5558263047512711
2021-11-28 11:10:00,0.4295676429567643,-0.20318725099601598,-0.4034251675353687,-0.318336011426531,0.36505215217704257,0.00022271714922048998,0.5,-0.45181202332181436,0.857301720942397,0.9135509206442688,0.47397247554121513,0.7067229541465042,0.39937685773345205
2021-11-28 11:20:00,0.4198047419804742,-0.1394422310756973,-0.4031273268801192,-0.32404927691483665,0.36505215217704257,0.00022271714922048998,0.5,-0.45181202332181436,0.857301720942397,0.9242359526047794,0.47397247554121513,0.7067229541465042,0.36164883745492404
2021-11-28 11:30:00,0.4372384937238493,-0.1872509960159363,-0.4058078927773642,-0.3261917514729513,0.36505215217704257,0.00022271714922048998,0.5,-0.45181202332181436,0.857301720942397,0.93492098456529,0.47397247554121513,0.7067229541465042,0.4089654027792447
2021-11-28 11:40:00,0.4295676429567643,0.09960159362549792,-0.4034251675353687,-0.3308337796821995,0.37002525814346104,0.00022271714922048998,0.5,-0.45181202332181436,0.857301720942397,0.9456060165258006,0.47397247554121513,0.7067229541465042,0.39931650497155874
2021-11-28 11:50:00,0.4281729428172943,-0.059760956175298974,-0.4028294862248698,-0.33476164970540967,0.3763070762063054,0.00022271714922048998,0.5,-0.45181202332181436,0.857301720942397,0.9562910484863112,0.47397247554121513,0.7067229541465042,0.40347330144695753
2021-11-28 12:00:00,0.5104602510460251,0.2828685258964143,-0.39776619508562927,-0.33511872879842897,0.37857114813312215,0.26915367483296215,0.5,-0.4508430493662413,0.8712008666492349,0.9669760804468219,0.7429684835055742,0.7069385574508581,0.3397332407924318
2021-11-28 12:10:00,0.5829846582984658,-0.003984063745020028,-0.39687267311988095,-0.3340474915193715,0.38753582599363967,0.0006681514476614699,0.5,-0.4508430493662413,0.8712008666492349,0.9669760804468219,0.7429684835055742,0.7069385574508581,0.7468126197625119
2021-11-28 12:20:00,0.5453277545327755,0.09960159362549792,-0.39657483246463154,-0.33476164970540967,0.3818560154951512,0.00111358574610245,0.5,-0.4508430493662413,0.8712008666492349,0.9669760804468219,0.7429684835055742,0.7069385574508581,0.6602893914932783
2021-11-28 12:30:00,0.5655509065550907,-0.11553784860557781,-0.3938942665673866,-0.3315479378682379,0.3853633639135727,0.0028953229398663697,0.5,-0.4508430493662413,0.8712008666492349,0.9669760804468219,0.7429684835055742,0.7069385574508581,0.7161760490064427
2021-11-28 12:40:00,0.5634588563458857,0.019920318725099362,-0.3921072226358898,-0.32690590965898936,0.38773213280810354,0.000779510022271715,0.5,-0.4508430493662413,0.8712008666492349,0.9669760804468219,0.7429684835055742,0.7069385574508581,0.7291745250992049
2021-11-28 12:50:00,0.5788005578800558,-0.0916334661354582,-0.3921072226358898,-0.32404927691483665,0.3906767350250618,0.00111358574610245,0.5,-0.4508430493662413,0.8712008666492349,0.9669760804468219,0.7429684835055742,0.7069385574508581,0.7456357409055933
2021-11-28 13:00:00,0.6394700139470014,0.298804780876494,-0.3921072226358898,-0.32404927691483665,0.3809399170276531,0.008129175946547884,0.5,-0.40817454205374326,0.8674653096058421,0.9009929165434986,0.8812087186555296,0.7158053487600571,0.887411922688112
2021-11-28 13:10:00,0.6234309623430963,0.2589641434262948,-0.3870439314966494,-0.32047848598464557,0.38762743584038944,0.00044543429844097997,0.5,-0.40817454205374326,0.8674653096058421,0.9009929165434986,0.8812087186555296,0.7158053487600571,0.8711166769769302
2021-11-28 13:20:00,0.4665271966527197,0.09960159362549792,-0.38495904690990335,-0.3154793786823781,0.38545497376032245,0.0017817371937639199,0.5,-0.40817454205374326,0.8674653096058421,0.9009929165434986,0.8812087186555296,0.7158053487600571,0.4836444015269249
2021-11-28 13:30:00,0.49860529986053004,0.10756972111553775,-0.37393894266567396,-0.30155329405463305,0.39172370470220264,0.00022271714922048998,0.5,-0.40817454205374326,0.8674653096058421,0.9009929165434986,0.8812087186555296,0.7158053487600571,0.5556829669417748
2021-11-28 13:40:00,0.6771269177126918,-0.11553784860557781,-0.37691734921816844,-0.30440992679878587,0.39240423499234406,0.011469933184855235,0.5,-0.40817454205374326,0.8674653096058421,0.9009929165434986,0.8812087186555296,0.7158053487600571,0.9550598246752268
2021-11-28 13:50:00,0.6513249651324965,0.07569721115537842,-0.3763216679076695,-0.30333868951972864,0.39173679182316684,0.0021158129175946547,0.5,-0.40817454205374326,0.8674653096058421,0.9009929165434986,0.8812087186555296,0.7158053487600571,0.9190065935392369
2021-11-28 14:00:00,0.6220362622036262,0.1633466135458166,-0.3724497393894267,-0.29191215854311736,0.387601261598461,0.00033407572383073496,0.5,-0.40757195178610794,0.8689825204665429,0.844340989482417,0.9695362647757174,0.7286456456498271,0.8466285438387374
2021-11-28 14:10:00,0.5592747559274756,0.17928286852589648,-0.3673864482501863,-0.2865559721478307,0.391344178194239,0.00022271714922048998,0.5,-0.40757195178610794,0.8689825204665429,0.844340989482417,0.9695362647757174,0.7286456456498271,0.6919368710110597
2021-11-28 14:20:00,0.590655509065551,-0.21115537848605592,-0.36887565152643353,-0.2847705766827352,0.387601261598461,0.00022271714922048998,0.5,-0.40757195178610794,0.8689825204665429,0.844340989482417,0.9695362647757174,0.7286456456498271,0.7498981547143051
2021-11-28 14:30:00,0.4874476987447699,0.03585657370517925,-0.3670886075949368,-0.2851276557757543,0.3832694245592912,0.00022271714922048998,0.5,-0.40757195178610794,0.8689825204665429,0.844340989482417,0.9695362647757174,0.7286456456498271,0.548236944943193
2021-11-28 14:40:00,0.46234309623430964,0.043824701195219085,-0.3605361131794491,-0.28048562756650597,0.38762743584038944,0.0008908685968819599,0.5,-0.40757195178610794,0.8689825204665429,0.844340989482417,0.9695362647757174,0.7286456456498271,0.47177753971966147
2021-11-28 14:50:00,0.5488145048814504,-0.003984063745020028,-0.3602382725241997,-0.2783431530083913,0.3802332124955831,0.001893095768374165,0.5,-0.40757195178610794,0.8689825204665429,0.844340989482417,0.9695362647757174,0.7286456456498271,0.7123662809119302
2021-11-28 15:00:00,0.5620641562064157,-0.019920318725099695,-0.3670886075949368,-0.29369755400821274,0.3834788184947193,0.006124721603563475,0.5,-0.4072503279442523,0.8659854543155767,0.7792954892089424,0.9512802459540715,0.7364221240501496,0.7129396321499163
2021-11-28 15:10:00,0.5850767085076709,-0.11553784860557781,-0.37006701414743126,-0.2979825031244421,0.3747889701744513,0.01492204899777283,0.5,-0.4072503279442523,0.8659854543155767,0.7792954892089424,0.9512802459540715,0.7364221240501496,0.7630626009022738
2021-11-28 15:20:00,0.603905160390516,0.17131474103585642,-0.37006701414743126,-0.2990537404034993,0.37807383753648033,0.00601336302895323,0.5,-0.4072503279442523,0.8659854543155767,0.7792954892089424,0.9512802459540715,0.7364221240501496,0.8394088446972555
2021-11-28 15:30:00,0.7838214783821479,-0.2509960159362551,-0.37006701414743126,-0.29655418675236567,0.37452722775516617,0.045211581291759464,0.5,-0.4072503279442523,0.8659854543155767,0.7792954892089424,0.9512802459540715,0.7364221240501496,0.8568495103882191
2021-11-28 15:40:00,0.7510460251046025,-0.06772908366533881,-0.37334326135517504,-0.29048384217104095,0.3745141406342019,0.04175946547884187,0.5,-0.4072503279442523,0.8659854543155767,0.7792954892089424,0.9512802459540715,0.7364221240501496,0.8742902515201352
2021-11-28 15:50:00,0.809623430962343,-0.2270916334661356,-0.3757259865971706,-0.28727013033386894,0.3745141406342019,0.05924276169265034,0.5,-0.4072503279442523,0.8659854543155767,0.7792954892089424,0.9512802459540715,0.7364221240501496,0.891730917211099
2021-11-28 16:00:00,0.710599721059972,0.06772908366533859,-0.37781087118391665,-0.2847705766827352,0.3745141406342019,0.01714922048997773,0.5,-0.3772663340918938,0.8852379406161396,0.582059707386555,0.9332000709023055,0.7392942924322731,0.9091715829020626
2021-11-28 16:10:00,0.6841004184100419,-0.21912350597609564,-0.3790022338049145,-0.2844134975897161,0.3745141406342019,0.01091314031180401,0.5,-0.3772663340918938,0.8852379406161396,0.582059707386555,0.9332000709023055,0.7392942924322731,0.9266123240339786
2021-11-28 16:20:00,0.6394700139470014,-0.09960159362549814,-0.3793000744601639,-0.2847705766827352,0.3728389891507767,0.014587973273942095,0.5,-0.3772663340918938,0.8852379406161396,0.582059707386555,0.9332000709023055,0.7392942924322731,0.9440529897249424
2021-11-28 16:30:00,0.6729428172942817,-0.11553784860557781,-0.3822784810126584,-0.27941439028744863,0.371085314941566,0.005456570155902005,0.5,-0.3772663340918938,0.8852379406161396,0.582059707386555,0.9332000709023055,0.7392942924322731,0.9530027762270472
2021-11-28 16:40:00,0.6701534170153417,0.1394422310756971,-0.38168279970215946,-0.28369933940367775,0.3745926633599875,0.01002227171492205,0.5,-0.3772663340918938,0.8852379406161396,0.582059707386555,0.9332000709023055,0.7392942924322731,0.9619526381701043
2021-11-28 16:50:00,0.6820083682008368,-0.019920318725099695,-0.3798957557706627,-0.2847705766827352,0.38039025794715414,0.020155902004454343,0.5,-0.3772663340918938,0.8852379406161396,0.582059707386555,0.9332000709023055,0.7392942924322731,0.9709024246722091
2021-11-28 17:00:00,0.6262203626220363,0.1633466135458166,-0.3825763216679078,-0.28369933940367775,0.3746319247228802,0.008797327394209355,0.5,-0.37779868275308415,0.9023352978532068,0.35336032698768144,0.899468172985276,0.7419348723735262,0.9371576866786366
2021-11-28 17:10:00,0.701534170153417,-0.043824701195219196,-0.3790022338049145,-0.287627209426888,0.3778644436010522,0.02427616926503341,0.5,-0.37779868275308415,0.9023352978532068,0.35336032698768144,0.899468172985276,0.7419348723735262,0.9459107231769693
2021-11-28 17:20:00,0.7210599721059973,0.027888446215139417,-0.378704393149665,-0.2844134975897161,0.3746057504809517,0.029955456570155903,0.5,-0.37779868275308415,0.9023352978532068,0.35336032698768144,0.899468172985276,0.7419348723735262,0.9546638351162545
2021-11-28 17:30:00,0.7517433751743374,-0.003984063745020028,-0.3748324646314223,-0.2847705766827352,0.3776419625446598,0.03485523385300668,0.5,-0.37779868275308415,0.9023352978532068,0.35336032698768144,0.899468172985276,0.7419348723735262,0.9634167961736348
2021-11-28 17:40:00,0.6311018131101813,0.10756972111553775,-0.3754281459419212,-0.2787002321014105,0.3745403148761304,0.0027839643652561247,0.5,-0.37779868275308415,0.9023352978532068,0.35336032698768144,0.899468172985276,0.7419348723735262,0.9721698326719678
2021-11-28 17:50:00,0.6478382147838214,0.1872509960159361,-0.37602382725242,-0.27905731119442967,0.3745403148761304,0.0044543429844098,0.5,-0.37779868275308415,0.9023352978532068,0.35336032698768144,0.899468172985276,0.7419348723735262,0.99995473542858
2021-11-28 18:00:00,0.5753138075313807,-0.003984063745020028,-0.37721518987341784,-0.28405641849669694,0.3745141406342019,0.00044543429844097997,0.5,-0.4798682086022288,0.9081311582813011,0.3997398027812113,0.7244256901656458,0.7403651437493516,0.816218295939768
2021-11-28 18:10:00,0.5585774058577406,-0.05179282868525903,-0.38049143708116173,-0.2797714693804677,0.3745141406342019,0.0008908685968819599,0.5,-0.4798682086022288,0.9081311582813011,0.3997398027812113,0.7244256901656458,0.7403651437493516,0.7652202121399581
2021-11-28 18:20:00,0.6255230125523014,0.15537848605577675,-0.3822784810126584,-0.2865559721478307,0.3756003716742354,0.00512249443207127,0.5,-0.4798682086022288,0.9081311582813011,0.3997398027812113,0.7244256901656458,0.7403651437493516,0.9150459435399914
2021-11-28 18:30:00,0.6241283124128312,0.003984063745019917,-0.37751303052866725,-0.29334047491519377,0.3763332504482339,0.0044543429844098,0.5,-0.4798682086022288,0.9081311582813011,0.3997398027812113,0.7244256901656458,0.7403651437493516,0.9459163812483968
2021-11-28 18:40:00,0.6331938633193863,-0.11553784860557781,-0.3790022338049145,-0.2897696839850026,0.37361112928766804,0.0013363028953229399,0.5,-0.4798682086022288,0.9081311582813011,0.3997398027812113,0.7244256901656458,0.7403651437493516,0.9557689696274727
2021-11-28 18:50:00,0.5153417015341701,0.3227091633466135,-0.3822784810126584,-0.2894126048919836,0.37312690581199043,0.00022271714922048998,0.5,-0.4798682086022288,0.9081311582813011,0.3997398027812113,0.7244256901656458,0.7403651437493516,0.6632693091117583
2021-11-28 19:00:00,0.5320781032078103,0.019920318725099362,-0.3879374534623977,-0.29548294947330833,0.3747758830534871,0.00022271714922048998,0.5,-0.4809115265942526,0.9395759280704126,0.4111951761936411,0.6243142608526915,0.7591509221993981,0.7402039923351992
2021-11-28 19:10:00,0.6164574616457461,0.31474103585657365,-0.3840655249441549,-0.30012497768255664,0.3747758830534871,0.00111358574610245,0.5,-0.4809115265942526,0.9395759280704126,0.4111951761936411,0.6243142608526915,0.7591509221993981,0.8851562382123511
2021-11-28 19:20:00,0.7008368200836821,0.25099601593625476,-0.3840655249441549,-0.30440992679878587,0.38342647001086233,0.014587973273942095,0.5,-0.4809115265942526,0.9395759280704126,0.4111951761936411,0.6243142608526915,0.7591509221993981,0.8883600645774553
2021-11-28 19:30:00,0.7196652719665272,0.09163346613545809,-0.37751303052866725,-0.3036957686127477,0.38599154571985705,0.01514476614699332,0.5,-0.4809115265942526,0.9395759280704126,0.4111951761936411,0.6243142608526915,0.7591509221993981,0.8915636646197022
2021-11-28 19:40:00,0.6276150627615062,0.06772908366533859,-0.38138495904690994,-0.2944117121942511,0.3911086100168824,0.00011135857461024499,0.5,-0.4809115265942526,0.9395759280704126,0.4111951761936411,0.6243142608526915,0.7591509221993981,0.8947674155438539
2021-11-28 19:50:00,0.6415620641562064,-0.02788844621513953,-0.38466120625465394,-0.29048384217104095,0.395937757652694,0.0010022271714922048,0.5,-0.4809115265942526,0.9395759280704126,0.4111951761936411,0.6243142608526915,0.7591509221993981,0.9295230622991384
2021-11-28 20:00:00,0.6373779637377964,0.1872509960159361,-0.3798957557706627,-0.2929833958221746,0.395937757652694,0.12338530066815145,0.5,-0.4820107777173346,0.9532681813871587,0.38540042257002266,0.5540629118275217,0.7608434410247139,0.7767928542329919
2021-11-28 20:10:00,0.5774058577405857,0.09960159362549792,-0.38585256887565167,-0.2958400285663274,0.40182696208661056,0.01002227171492205,0.5,-0.4820107777173346,0.9532681813871587,0.38540042257002266,0.5540629118275217,0.7608434410247139,0.669214056158245
2021-11-28 20:20:00,0.6875871687587168,-0.08366533864541836,-0.3912137006701416,-0.30333868951972864,0.3999685909096858,0.0022271714922049,0.5,-0.4820107777173346,0.9532681813871587,0.38540042257002266,0.5540629118275217,0.7608434410247139,0.8183344146536505
2021-11-28 20:30:00,0.6624825662482566,0.24302788844621515,-0.38078927773641114,-0.30619532226388146,0.39646124249126435,0.0023385300668151447,0.5,-0.4820107777173346,0.9532681813871587,0.38540042257002266,0.5540629118275217,0.7608434410247139,0.9674547731490564
2021-11-28 20:40:00,0.6255230125523014,0.1633466135458166,-0.3766195085629189,-0.30155329405463305,0.39646124249126435,0.00022271714922048998,0.5,-0.4820107777173346,0.9532681813871587,0.38540042257002266,0.5540629118275217,0.7608434410247139,0.8949861943057169
2021-11-28 20:50:00,0.5271966527196652,0.12350597609561742,-0.3798957557706627,-0.29691126584538485,0.39646124249126435,0.00022271714922048998,0.5,-0.4820107777173346,0.9532681813871587,0.38540042257002266,0.5540629118275217,0.7608434410247139,0.5995141602667592
2021-11-28 21:00:00,0.4700139470013947,0.2589641434262948,-0.3867460908413999,-0.3008391358685949,0.39646124249126435,0.00022271714922048998,0.5,-0.4931980376376275,0.9657909179987791,0.4197238064476612,0.5002458582496624,0.7669826054091453,0.4574513028652474
2021-11-28 21:10:00,0.4386331938633194,-0.003984063745020028,-0.3861504095309011,-0.29476879128727007,0.4056091400452814,0.00022271714922048998,0.5,-0.4931980376376275,0.9657909179987791,0.4197238064476612,0.5002458582496624,0.7669826054091453,0.41859166830122063
2021-11-28 21:20:00,0.5292887029288703,-0.21115537848605592,-0.39329858525688766,-0.3101231922870915,0.4077423407624557,0.00033407572383073496,0.5,-0.4931980376376275,0.9657909179987791,0.4197238064476612,0.5002458582496624,0.7669826054091453,0.6457820963531844
2021-11-28 21:30:00,0.496513249651325,-0.1633466135458168,-0.3879374534623977,-0.3169076950544545,0.4077423407624557,0.00022271714922048998,0.5,-0.4931980376376275,0.9657909179987791,0.4197238064476612,0.5002458582496624,0.7669826054091453,0.5751014680809331
2021-11-28 21:40:00,0.4344490934449094,-0.03585657370517936,-0.39240506329113933,-0.32226388144974105,0.4077423407624557,0.00011135857461024499,0.5,-0.4931980376376275,0.9657909179987791,0.4197238064476612,0.5002458582496624,0.7669826054091453,0.43589782277411465
2021-11-28 21:50:00,0.37308228730822873,-0.019920318725099695,-0.38495904690990335,-0.3133369041242635,0.4077423407624557,0.00011135857461024499,0.5,-0.4931980376376275,0.9657909179987791,0.4197238064476612,0.5002458582496624,0.7669826054091453,0.328779214508804
2021-11-28 22:00:00,0.38772663877266383,-0.01195219123505975,-0.39240506329113933,-0.325834672379932,0.41475703759929855,0.00022271714922048998,0.5,-0.5561778426754782,0.973408580861881,0.45356174586018466,0.46086999009461826,0.7853990807176874,0.3346862410791074
2021-11-28 22:10:00,0.3577405857740586,-0.043824701195219196,-0.39240506329113933,-0.33547580789144793,0.4081218672704192,0.00022271714922048998,0.5,-0.5561778426754782,0.973408580861881,0.45356174586018466,0.46086999009461826,0.7853990807176874,0.26755888166332215
2021-11-28 22:20:00,0.3451882845188285,-0.07569721115537853,-0.3953834698436338,-0.3394036779146581,0.40765073091570586,0.00022271714922048998,0.5,-0.5561778426754782,0.973408580861881,0.45356174586018466,0.46086999009461826,0.7853990807176874,0.2534438794755345
2021-11-28 22:30:00,0.3772663877266388,0.14741035856573692,-0.39627699180938203,-0.34618818068202095,0.40765073091570586,0.00022271714922048998,0.5,-0.5561778426754782,0.973408580861881,0.45356174586018466,0.46086999009461826,0.7853990807176874,0.28214916185101924
2021-11-28 22:40:00,0.37308228730822873,-0.29083665338645437,-0.39687267311988095,-0.3519014461703267,0.40765073091570586,0.00022271714922048998,0.5,-0.5561778426754782,0.973408580861881,0.45356174586018466,0.46086999009461826,0.7853990807176874,0.2642545679496658
2021-11-28 22:50:00,0.30264993026499304,-0.15537848605577698,-0.40134028294862256,-0.3569005534725942,0.40765073091570586,0.00022271714922048998,0.5,-0.5561778426754782,0.973408580861881,0.45356174586018466,0.46086999009461826,0.7853990807176874,0.19788916215278302
2021-11-28 23:00:00,0.3326359832635983,-0.019920318725099695,-0.40461653015636645,-0.3690412426352436,0.40765073091570586,0.00022271714922048998,0.5,-0.5819082169671836,0.9768970164393261,0.5878242970027355,0.4274224889626333,0.8133981847953422,0.24049821204942892
2021-11-28 23:10:00,0.4072524407252441,0.13147410358565725,-0.40491437081161596,-0.3729691126584538,0.41554226485715406,0.00022271714922048998,0.5,-0.5819082169671836,0.9768970164393261,0.5878242970027355,0.4274224889626333,0.8133981847953422,0.37576383964271165
2021-11-28 23:20:00,0.3898186889818689,-0.23505976095617542,-0.4028294862248698,-0.36689876807712907,0.4188663935820759,0.00022271714922048998,0.5,-0.5819082169671836,0.9768970164393261,0.5878242970027355,0.4274224889626333,0.8133981847953422,0.3660545890731325
2021-11-28 23:30:00,0.35495118549511856,0.17928286852589648,-0.4028294862248698,-0.3683270844492056,0.40789938621402677,0.00022271714922048998,0.5,-0.5819082169671836,0.9768970164393261,0.5878242970027355,0.4274224889626333,0.8133981847953422,0.2815908988035065
2021-11-28 23:40:00,0.37517433751743373,0.03585657370517925,-0.40461653015636645,-0.3729691126584538,0.40755912106895603,0.00022271714922048998,0.5,-0.5819082169671836,0.9768970164393261,0.5878242970027355,0.4274224889626333,0.8133981847953422,0.3003153431808923
2021-11-28 23:50:00,0.33472803347280333,0.13147410358565725,-0.4058078927773642,-0.37011247991430096,0.40755912106895603,0.00022271714922048998,0.5,-0.5819082169671836,0.9768970164393261,0.5878242970027355,0.4274224889626333,0.8133981847953422,0.2495209499524722
2021-11-29 00:00:00,0.32810320781032076,0.05976095617529875,-0.4058078927773642,-0.37689694697375464,0.41130859431233724,0.00022271714922048998,0.5,-0.5846299624811098,0.961276640987108,0.630094868377719,0.3945802068274132,0.8424534702212391,0.2349759343361951
2021-11-29 00:10:00,0.32147838214783825,-0.01195219123505975,-0.4058078927773642,-0.383681485449027,0.41505804138147645,0.00022271714922048998,0.5,-0.5846299624811098,0.961276640987108,0.630094868377719,0.3945802068274132,0.8424534702212391,0.22043091871991793
2021-11-29 00:20:00,0.33751743375174337,-0.29083665338645437,-0.4058078927773642,-0.3811819317978933,0.4125322270353745,0.00022271714922048998,0.5,-0.5846299624811098,0.961276640987108,0.630094868377719,0.3945802068274132,0.8424534702212391,0.23902711347828054
2021-11-29 00:30:00,0.31241283124128316,0.17131474103585642,-0.4058078927773642,-0.38011069451883595,0.4074151627383492,0.00033407572383073496,0.5,-0.5846299624811098,0.961276640987108,0.630094868377719,0.3945802068274132,0.8424534702212391,0.2171794136729182
2021-11-29 00:40:00,0.36541143654114366,0.5378486055776892,-0.4058078927773642,-0.38475272272808425,0.4074151627383492,0.00033407572383073496,0.5,-0.5846299624811098,0.961276640987108,0.630094868377719,0.3945802068274132,0.8424534702212391,0.27655144318541874
2021-11-29 00:50:00,0.37517433751743373,0.36254980079681287,-0.4037230081906181,-0.38296732726298865,0.4074151627383492,0.00033407572383073496,0.5,-0.5846299624811098,0.961276640987108,0.630094868377719,0.3945802068274132,0.8424534702212391,0.32321167222415015
2021-11-29 01:00:00,0.4504881450488145,0.31474103585657365,-0.4028294862248698,-0.3793965363327976,0.41804190496132754,0.00033407572383073496,0.5,-0.6325607868394045,0.9478401296525674,0.7164292896494185,0.3663425904441359,0.8747716811040507,0.392798406687086
2021-11-29 01:10:00,0.4295676429567643,0.1394422310756971,-0.4034251675353687,-0.3776111408677022,0.4186046511627907,0.00022271714922048998,0.5,-0.6325607868394045,0.9478401296525674,0.7164292896494185,0.3663425904441359,0.8747716811040507,0.3182325693679557
2021-11-29 01:20:00,0.35006973500697347,-0.09960159362549814,-0.4108711839166047,-0.3804677736118549,0.4186046511627907,0.00022271714922048998,0.5,-0.6325607868394045,0.9478401296525674,0.7164292896494185,0.3663425904441359,0.8747716811040507,0.228156072242256
2021-11-29 01:30:00,0.4211994421199442,0.2111553784860556,-0.4111690245718541,-0.38475272272808425,0.418617738283755,0.00022271714922048998,0.5,-0.6325607868394045,0.9478401296525674,0.7164292896494185,0.3663425904441359,0.8747716811040507,0.32227620441480453
2021-11-29 01:40:00,0.4755927475592748,0.12350597609561742,-0.4058078927773642,-0.3811819317978933,0.42971561686144666,0.00022271714922048998,0.5,-0.6325607868394045,0.9478401296525674,0.7164292896494185,0.3663425904441359,0.8747716811040507,0.4025076572566652
2021-11-29 01:50:00,0.38702928870292885,0.2669322709163344,-0.4028294862248698,-0.3776111408677022,0.4317964690947638,0.00022271714922048998,0.5,-0.6325607868394045,0.9478401296525674,0.7164292896494185,0.3663425904441359,0.8747716811040507,0.322464806795721
2021-11-29 02:00:00,0.4295676429567643,-0.059760956175298974,-0.3959791511541326,-0.3761828244956258,0.4411799348261376,0.00033407572383073496,0.5,-0.636654611748359,0.9256509208148137,0.7869213297171018,0.35301312640182664,0.902627728116014,0.4127299063023372
2021-11-29 02:10:00,0.4421199442119944,-0.26693227091633476,-0.391511541325391,-0.3683270844492056,0.4411799348261376,0.00033407572383073496,0.5,-0.636654611748359,0.9256509208148137,0.7869213297171018,0.35301312640182664,0.902627728116014,0.4504654706761018
2021-11-29 02:20:00,0.4393305439330544,-0.20318725099601598,-0.3822784810126584,-0.360114265309766,0.4411799348261376,0.00033407572383073496,0.5,-0.636654611748359,0.9256509208148137,0.7869213297171018,0.35301312640182664,0.902627728116014,0.47874828371833367
2021-11-29 02:30:00,0.46513249651324967,-0.003984063745020028,-0.3748324646314223,-0.3519014461703267,0.4411799348261376,0.00044543429844097997,0.5,-0.636654611748359,0.9256509208148137,0.7869213297171018,0.35301312640182664,0.902627728116014,0.531262730660712
2021-11-29 02:40:00,0.4679218967921897,0.21912350597609564,-0.37006701414743126,-0.3490448134261739,0.4411799348261376,0.00044543429844097997,0.5,-0.636654611748359,0.9256509208148137,0.7869213297171018,0.35301312640182664,0.902627728116014,0.46126107095975977
2021-11-29 02:50:00,0.37935843793584384,-0.003984063745020028,-0.36619508562918845,-0.3372612033565434,0.43837929093978617,0.00044543429844097997,0.5,-0.636654611748359,0.9256509208148137,0.7869213297171018,0.35301312640182664,0.902627728116014,0.29552484270561435
2021-11-29 03:00:00,0.28591352859135283,0.3306772908366533,-0.3748324646314223,-0.3376182824495625,0.4299119236759105,0.00044543429844097997,0.5,-0.6418344799569612,0.9087288474082444,0.8512328298432185,0.35172947592251336,0.9348284914406139,0.1804472139656291
2021-11-29 03:10:00,0.06764295676429567,0.15537848605577675,-0.39746835443037987,-0.359757186216747,0.4299119236759105,0.39743875278396434,0.5,-0.6418344799569612,0.9087288474082444,0.8512328298432185,0.35172947592251336,0.9348284914406139,0.00448873666581167
2021-11-29 03:20:00,0.048117154811715475,0.14077025232403706,-0.4078927773641102,-0.360114265309766,0.4299119236759105,0.99543429844098,0.5,-0.6418344799569612,0.9087288474082444,0.8512328298432185,0.35172947592251336,0.9348284914406139,0.0
2021-11-29 03:30:00,0.042538354253835425,0.12616201859229736,-0.4061057334326137,-0.3404749151937154,0.4299119236759105,0.99543429844098,0.5,-0.6418344799569612,0.9087288474082444,0.8512328298432185,0.35172947592251336,0.9348284914406139,0.0
2021-11-29 03:40:00,0.03556485355648536,0.11155378486055767,-0.41176470588235303,-0.3440457061239065,0.4299119236759105,0.99543429844098,0.5,-0.6418344799569612,0.9087288474082444,0.8512328298432185,0.35172947592251336,0.9348284914406139,0.0
2021-11-29 03:50:00,0.056485355648535567,0.09694555112881797,-0.41265822784810136,-0.3522585252633458,0.4299119236759105,0.99543429844098,0.5,-0.6418344799569612,0.9087288474082444,0.8512328298432185,0.35172947592251336,0.9348284914406139,0.0
2021-11-29 04:00:00,0.05160390516039052,0.08233731739707828,-0.4132539091586003,-0.36047134440278517,0.4299119236759105,0.99543429844098,0.5,-0.6629967150542172,0.8976141284514396,0.8601760154672651,0.3578294013711377,0.9640262403978341,0.0
2021-11-29 04:10:00,0.02301255230125523,0.06772908366533836,-0.42755026061057344,-0.3726120335654347,0.4299119236759105,0.99543429844098,0.5,-0.6629967150542172,0.8976141284514396,0.8601760154672651,0.3578294013711377,0.9640262403978341,0.0
2021-11-29 04:20:00,0.018131101813110184,0.05312084993359889,-0.43857036485480283,-0.3793965363327976,0.4299119236759105,0.99543429844098,0.5,-0.6629967150542172,0.8976141284514396,0.8601760154672651,0.3578294013711377,0.9640262403978341,0.0
2021-11-29 04:30:00,0.05160390516039052,0.038512616201859196,-0.43857036485480283,-0.3858239600071416,0.4299119236759105,0.99543429844098,0.5,-0.6629967150542172,0.8976141284514396,0.8601760154672651,0.3578294013711377,0.9640262403978341,0.0
2021-11-29 04:40:00,0.09832635983263598,0.0239043824701195,-0.4296351451973195,-0.3922513836814855,0.4299119236759105,0.99543429844098,0.5,-0.6629967150542172,0.8976141284514396,0.8601760154672651,0.3578294013711377,0.9640262403978341,0.0
2021-11-29 04:50:00,0.1087866108786611,0.009296148738379806,-0.4212956068503352,-0.401178361006963,0.4299119236759105,0.99543429844098,0.5,-0.6629967150542172,0.8976141284514396,0.8601760154672651,0.3578294013711377,0.9640262403978341,0.0
2021-11-29 05:00:00,0.100418410041841,-0.00531208499336,-0.4180193596425913,-0.407962863774326,0.4299119236759105,0.99543429844098,0.5,-0.6619381213472114,0.8739134557638224,0.8220412331050299,0.3658334662252659,0.9811222984704215,0.0
2021-11-29 05:10:00,0.10669456066945607,-0.019920318725099695,-0.41236038719285195,-0.41189073379753616,0.4299119236759105,0.99543429844098,0.5,-0.6619381213472114,0.8739134557638224,0.8220412331050299,0.3658334662252659,0.9811222984704215,0.0
2021-11-29 05:20:00,0.10808926080892609,-0.0345285524568395,-0.41176470588235303,-0.41688984109980365,0.4299119236759105,0.99543429844098,0.5,-0.6619381213472114,0.8739134557638224,0.8220412331050299,0.3658334662252659,0.9811222984704215,0.0
2021-11-29 05:30:00,0.10320781032078104,-0.049136786188579085,-0.40848845867460915,-0.4158186038207463,0.4299119236759105,0.99543429844098,0.5,-0.6619381213472114,0.8739134557638224,0.8220412331050299,0.3658334662252659,0.9811222984704215,0.0
2021-11-29 05:40:00,0.11087866108786612,-0.06374501992031878,-0.4058078927773642,-0.41974647384395647,0.4299119236759105,0.99543429844098,0.5,-0.6619381213472114,0.8739134557638224,0.8220412331050299,0.3658334662252659,0.9811222984704215,0.0
2021-11-29 05:50:00,0.1206415620641562,-0.07835325365205847,-0.4037230081906181,-0.42760221389037667,0.4299119236759105,0.99543429844098,0.5,-0.6619381213472114,0.8739134557638224,0.8220412331050299,0.3658334662252659,0.9811222984704215,0.0
2021-11-29 06:00:00,0.12552301255230125,-0.09296148738379828,-0.3992553983618765,-0.4315300839135868,0.4299119236759105,0.99543429844098,0.5,-0.6980608180245432,0.8562040418727211,0.8679219489504674,0.38311326733853784,0.9881059839009343,0.0
2021-11-29 06:10:00,0.12622036262203626,-0.10756972111553798,-0.39687267311988095,-0.4386716657739689,0.4299119236759105,0.99543429844098,0.5,-0.6980608180245432,0.8562040418727211,0.8679219489504674,0.38311326733853784,0.9881059839009343,0.0
2021-11-29 06:20:00,0.14435146443514643,-0.12217795484727767,-0.3953834698436338,-0.44545616854133185,0.4299119236759105,0.99543429844098,0.5,-0.6980608180245432,0.8562040418727211,0.8679219489504674,0.38311326733853784,0.9881059839009343,0.0
2021-11-29 06:30:00,0.12691771269177127,-0.13678618857901736,-0.3938942665673866,-0.44902695947152294,0.4299119236759105,0.99543429844098,0.5,-0.6980608180245432,0.8562040418727211,0.8679219489504674,0.38311326733853784,0.9881059839009343,0.0
2021-11-29 06:40:00,0.1304044630404463,-0.15139442231075717,-0.3921072226358898,-0.4508123549366184,0.4299119236759105,0.99543429844098,0.5,-0.6980608180245432,0.8562040418727211,0.8679219489504674,0.38311326733853784,0.9881059839009343,0.0
2021-11-29 06:50:00,0.13319386331938632,-0.16600265604249675,-0.3918093819806404,-0.456168541331905,0.4299119236759105,0.99543429844098,0.5,-0.6980608180245432,0.8562040418727211,0.8679219489504674,0.38311326733853784,0.9881059839009343,0.0
2021-11-29 07:00:00,0.21548117154811713,-0.18061088977423645,-0.39300074460163825,-0.4593822531690769,0.4622109382157019,0.6636971046770602,0.5,-0.7001789726781498,0.8419140994290358,0.8271698498913902,0.33938956478449434,0.9983680283491665,0.010207160855198636
2021-11-29 07:10:00,0.23640167364016737,-0.19521912350597614,-0.37393894266567396,-0.4051062310301732,0.48418421431469294,0.00011135857461024499,0.5,-0.7001789726781498,0.8419140994290358,0.8271698498913902,0.33938956478449434,0.9983680283491665,0.07283823950993558
2021-11-29 07:20:00,0.2315202231520223,-0.20318725099601598,-0.353090096798213,-0.3483306552401356,0.48418421431469294,0.00011135857461024499,0.5,-0.7001789726781498,0.8419140994290358,0.8271698498913902,0.33938956478449434,0.9983680283491665,0.08009565912760083
2021-11-29 07:30:00,0.18758716875871687,-0.08366533864541836,-0.3364110201042444,-0.31440814140332085,0.48418421431469294,0.00011135857461024499,0.5,-0.7001789726781498,0.8419140994290358,0.8271698498913902,0.33938956478449434,0.9983680283491665,0.05439292665630611
2021-11-29 07:40:00,0.18410041841004185,-0.50597609561753,-0.325390915860015,-0.2865559721478307,0.48418421431469294,0.00011135857461024499,0.5,-0.7001789726781498,0.8419140994290358,0.8271698498913902,0.33938956478449434,0.9983680283491665,0.04872731113357576
2021-11-29 07:50:00,0.19665271966527195,-0.14741035856573714,-0.31586001489203286,-0.26477414747366534,0.48418421431469294,0.00011135857461024499,0.5,-0.7001789726781498,0.8419140994290358,0.8271698498913902,0.33938956478449434,0.9983680283491665,0.06002836579808983
2021-11-29 08:00:00,0.22454672245467225,-0.29083665338645437,-0.30752047654504844,-0.24799143010176738,0.48418421431469294,0.00011135857461024499,0.5,-0.7018665722996589,0.8489829227573039,0.7904829043782196,0.35652549043484233,0.006652391829812581,0.0776438281756869
2021-11-29 08:10:00,0.20502092050209206,-0.1872509960159363,-0.3012658227848103,-0.24192108552044278,0.48418421431469294,0.00011135857461024499,0.5,-0.7018665722996589,0.8489829227573039,0.7904829043782196,0.35652549043484233,0.006652391829812581,0.062095447892934204
2021-11-29 08:20:00,0.12552301255230125,0.05179282868525892,-0.2985852568875653,-0.22656668452062123,0.48418421431469294,0.00011135857461024499,0.5,-0.7018665722996589,0.8489829227573039,0.7904829043782196,0.35652549043484233,0.006652391829812581,0.007340404665268495
2021-11-29 08:30:00,0.14783821478382148,-0.02788844621513953,-0.29679821295606856,-0.19800035707909291,0.48418421431469294,0.00011135857461024499,0.5,-0.7018665722996589,0.8489829227573039,0.7904829043782196,0.35652549043484233,0.006652391829812581,0.01450729514009385
2021-11-29 08:40:00,0.16108786610878661,-0.2270916334661356,-0.2914370811615786,-0.17800392787002317,0.48418421431469294,0.00011135857461024499,0.5,-0.7018665722996589,0.8489829227573039,0.7904829043782196,0.35652549043484233,0.006652391829812581,0.03762240294521478
2021-11-29 08:50:00,0.1206415620641562,-0.5139442231075697,-0.2860759493670887,-0.1676486341724691,0.4766983811231367,0.00011135857461024499,0.5,-0.7018665722996589,0.8489829227573039,0.7904829043782196,0.35652549043484233,0.006652391829812581,0.018528297901232706
2021-11-29 09:00:00,0.14644351464435149,-0.17131474103585675,-0.28131049888309767,-0.1469380467773611,0.46770752902069074,0.00011135857461024499,0.5,-0.7032101348031818,0.8452847212843422,0.7644919693054023,0.36350458952881287,0.011070851453235737,0.0359023492312567
2021-11-29 09:10:00,0.13389121338912133,-0.20318725099601598,-0.2705882352941178,-0.13943938582395987,0.46770752902069074,0.00011135857461024499,0.5,-0.7032101348031818,0.8452847212843422,0.7644919693054023,0.36350458952881287,0.011070851453235737,0.03822593056414744
2021-11-29 09:20:00,0.21687587168758715,0.41035856573705165,-0.259270290394639,-0.13301196214961608,0.47415947965607047,0.00011135857461024499,0.5,-0.7032101348031818,0.8452847212843422,0.7644919693054023,0.36350458952881287,0.011070851453235737,0.07758347541379362
2021-11-29 09:30:00,0.24895397489539747,-0.553784860557769,-0.24616530156366356,-0.13979646491697895,0.48135739618641293,0.00011135857461024499,0.5,-0.7032101348031818,0.8452847212843422,0.7644919693054023,0.36350458952881287,0.011070851453235737,0.1168504911205999
2021-11-29 09:40:00,0.20223152022315202,0.4501992031872508,-0.23127326880119148,-0.1487234422424566,0.47039038881836387,0.00011135857461024499,0.5,-0.7032101348031818,0.8452847212843422,0.7644919693054023,0.36350458952881287,0.011070851453235737,0.05377431084690013
2021-11-29 09:50:00,0.1324965132496513,0.346613545816733,-0.21965748324646328,-0.129441171219425,0.47039038881836387,0.00011135857461024499,0.5,-0.7032101348031818,0.8452847212843422,0.7644919693054023,0.36350458952881287,0.011070851453235737,0.015661541711302567
2021-11-29 10:00:00,0.15411436541143653,0.40239043824701204,-0.21131794489947897,-0.09730405284770571,0.47039038881836387,0.00011135857461024499,0.5,-0.4879855834606033,0.8557557750275147,0.520886349562878,0.28361689342448876,0.0007585969428954785,0.023235813328907465
2021-11-29 10:10:00,0.1792189679218968,0.5059760956175297,-0.20595681310498903,-0.06945188359221555,0.47039038881836387,0.00011135857461024499,0.5,-0.4879855834606033,0.8557557750275147,0.520886349562878,0.28361689342448876,0.0007585969428954785,0.05834603256031504
2021-11-29 10:20:00,0.23570432357043236,-0.3067729083665339,-0.19612807148175737,-0.06623817175504376,0.47039038881836387,0.00011135857461024499,0.5,-0.4879855834606033,0.8557557750275147,0.520886349562878,0.28361689342448876,0.0007585969428954785,0.09817885540987069
2021-11-29 10:30:00,0.20641562064156208,-0.4820717131474104,-0.19612807148175737,-0.07873594001071249,0.4669353888837995,0.00011135857461024499,0.5,-0.4879855834606033,0.8557557750275147,0.520886349562878,0.28361689342448876,0.0007585969428954785,0.08140078760354272
2021-11-29 10:40:00,0.13389121338912133,-0.2749003984063746,-0.1973194341027551,-0.07123727905731125,0.45653112771721355,0.00011135857461024499,0.5,-0.4879855834606033,0.8557557750275147,0.520886349562878,0.28361689342448876,0.0007585969428954785,0.02343195980506058
2021-11-29 10:50:00,0.11157601115760113,-0.553784860557769,-0.1973194341027551,-0.04302803070880201,0.45653112771721355,0.00011135857461024499,0.5,-0.4879855834606033,0.8557557750275147,0.520886349562878,0.28361689342448876,0.0007585969428954785,0.016574377234938212
2021-11-29 11:00:00,0.14853556485355648,-0.31474103585657376,-0.19166046165301565,-0.008034279592929794,0.45653112771721355,0.00011135857461024499,0.5,-0.4521672670778658,0.854580511311556,0.44263949902334104,0.1878237079368157,0.9562796963031688,0.01803038761561326
2021-11-29 11:10:00,0.0885634588563459,0.298804780876494,-0.19046909903201792,0.02088912694161782,0.45653112771721355,0.27037861915367484,0.5,-0.4521672670778658,0.854580511311556,0.44263949902334104,0.1878237079368157,0.9562796963031688,0.003251505046999713
2021-11-29 11:20:00,0.048814504881450484,0.03585657370517925,-0.21012658227848113,0.02053204784859841,0.45653112771721355,0.9957683741648108,0.5,-0.4521672670778658,0.854580511311556,0.44263949902334104,0.1878237079368157,0.9562796963031688,0.0
2021-11-29 11:30:00,0.07461645746164575,-0.10358565737051795,-0.2169769173492183,-0.005177646848776973,0.45653112771721355,0.9957683741648108,0.5,-0.4521672670778658,0.854580511311556,0.44263949902334104,0.1878237079368157,0.9562796963031688,0.0
2021-11-29 11:40:00,0.07531380753138076,-0.24302788844621515,-0.2202531645569621,-0.021603285127655747,0.45653112771721355,0.9957683741648108,0.5,-0.4521672670778658,0.854580511311556,0.44263949902334104,0.1878237079368157,0.9562796963031688,0.0
2021-11-29 11:50:00,0.1290097629009763,-0.38247011952191234,-0.21727475800446772,-0.03267273701124784,0.45653112771721355,0.9957683741648108,0.5,-0.4521672670778658,0.854580511311556,0.44263949902334104,0.1878237079368157,0.9562796963031688,0.0
2021-11-29 12:00:00,0.22315202231520226,-0.5219123505976095,-0.2131049888309755,-0.0448134261738975,0.44271112797895584,0.5206013363028953,0.5,-0.4234566274756748,0.8536696100940522,0.3598138977373444,0.14896793050413076,0.8434926913804839,0.01485432352098013
2021-11-29 12:10:00,0.15760111576011157,-0.4183266932270917,-0.19553239017125845,-0.04374218889484016,0.43183573045765666,0.20278396436525614,0.5,-0.4234566274756748,0.8536696100940522,0.3598138977373444,0.14896793050413076,0.8434926913804839,0.013511474568854957
2021-11-29 12:20:00,0.10599721059972106,-0.4114968696642004,-0.19136262099776635,-0.025531155150865903,0.4257109578463834,0.9996659242761693,0.5,-0.4234566274756748,0.8536696100940522,0.3598138977373444,0.14896793050413076,0.8434926913804839,0.0
2021-11-29 12:30:00,0.10669456066945607,-0.4046670461013091,-0.18659717051377522,-0.027673629708980574,0.4257109578463834,0.9996659242761693,0.5,-0.4234566274756748,0.8536696100940522,0.3598138977373444,0.14896793050413076,0.8434926913804839,0.0
2021-11-29 12:40:00,0.11157601115760113,-0.3978372225384178,-0.18064035740878648,-0.031244420639171433,0.4257109578463834,0.9996659242761693,0.5,-0.4234566274756748,0.8536696100940522,0.3598138977373444,0.14896793050413076,0.8434926913804839,0.0
2021-11-29 12:50:00,0.10739191073919108,-0.3910073989755265,-0.17319434102755038,-0.031244420639171433,0.4257109578463834,0.9996659242761693,0.5,-0.4234566274756748,0.8536696100940522,0.3598138977373444,0.14896793050413076,0.8434926913804839,0.0
2021-11-29 13:00:00,0.1492329149232915,-0.3841775754126353,-0.16515264333581536,-0.031244420639171433,0.4257109578463834,0.9996659242761693,0.5,-0.26201049755138306,0.8390176059676969,0.2214638737631343,0.22551359145073677,0.7613156062286499,0.0
2021-11-29 13:10:00,0.17573221757322177,-0.3773477518497439,-0.1586001489203277,-0.035529369755400886,0.4257109578463834,0.9996659242761693,0.5,-0.26201049755138306,0.8390176059676969,0.2214638737631343,0.22551359145073677,0.7613156062286499,0.0
2021-11-29 13:20:00,0.2112970711297071,-0.3705179282868527,-0.15383469843633668,-0.03945723977861093,0.4010155605868265,0.3201559020044544,0.5,-0.26201049755138306,0.8390176059676969,0.2214638737631343,0.22551359145073677,0.7613156062286499,0.0412888332302307
2021-11-29 13:30:00,0.2196652719665272,-0.2509960159362551,-0.13655994043186903,-0.04731297982503124,0.3901663373074557,0.00011135857461024499,0.5,-0.26201049755138306,0.8390176059676969,0.2214638737631343,0.22551359145073677,0.7613156062286499,0.0963682725530727
2021-11-29 13:40:00,0.2280334728033473,-0.02788844621513953,-0.12464631422189132,-0.0448134261738975,0.37510306107759356,0.00011135857461024499,0.5,-0.26201049755138306,0.8390176059676969,0.2214638737631343,0.22551359145073677,0.7613156062286499,0.08829609064984838
2021-11-29 13:50:00,0.23640167364016737,0.21912350597609564,-0.11303052866716312,-0.041956793429744677,0.37310073157006196,0.00022271714922048998,0.5,-0.26201049755138306,0.8390176059676969,0.2214638737631343,0.22551359145073677,0.7613156062286499,0.08472773360290901
2021-11-29 14:00:00,0.20432357043235705,0.12350597609561742,-0.10588235294117665,-0.04017139796464908,0.37228933007027787,0.00022271714922048998,0.5,-0.2465227903328071,0.820003620616828,0.20887503571402757,0.28832456113377064,0.7503337810404384,0.0663427735111728
2021-11-29 14:10:00,0.19177126917712692,0.43426294820717115,-0.09724497393894282,-0.03017318336011432,0.3803509965842614,0.00022271714922048998,0.5,-0.2465227903328071,0.820003620616828,0.20887503571402757,0.28832456113377064,0.7503337810404384,0.05387992818021335
2021-11-29 14:20:00,0.17642956764295675,-0.2270916334661356,-0.08950111690245721,-0.017675415104445702,0.3832039889544699,0.00033407572383073496,0.5,-0.2465227903328071,0.820003620616828,0.20887503571402757,0.28832456113377064,0.7503337810404384,0.04827466541937626
2021-11-29 14:30:00,0.16666666666666669,-0.17131474103585675,-0.08682055100521235,-0.0001785395465094819,0.3832039889544699,0.00033407572383073496,0.5,-0.2465227903328071,0.820003620616828,0.20887503571402757,0.28832456113377064,0.7503337810404384,0.03707922808817538
2021-11-29 14:40:00,0.1708507670850767,0.31474103585657365,-0.0805658972449741,0.014818782360292992,0.3832039889544699,0.00022271714922048998,0.5,-0.2465227903328071,0.820003620616828,0.20887503571402757,0.28832456113377064,0.7503337810404384,0.040368453611358386
2021-11-29 14:50:00,0.1680613668061367,0.3306772908366533,-0.07431124348473583,0.025888234243884867,0.3832039889544699,0.00022271714922048998,0.5,-0.2465227903328071,0.820003620616828,0.20887503571402757,0.28832456113377064,0.7503337810404384,0.03621920123119634
2021-11-29 15:00:00,0.18549511854951187,-0.03585657370517936,-0.06924795234549519,0.03445813247634355,0.3832039889544699,0.00022271714922048998,0.5,-0.2334209630170938,0.7944121813641699,0.19661363173203872,0.323904816653725,0.748574355386574,0.05269550522805799
2021-11-29 15:10:00,0.17782426778242677,-0.1633466135458168,-0.06835443037974687,0.039814318871630006,0.3832039889544699,0.00022271714922048998,0.5,-0.2334209630170938,0.7944121813641699,0.19661363173203872,0.323904816653725,0.748574355386574,0.038655943992636964
2021-11-29 15:20:00,0.14365411436541145,-0.5219123505976095,-0.06388682055100525,0.05231208712729862,0.3832039889544699,0.00022271714922048998,0.5,-0.2334209630170938,0.7944121813641699,0.19661363173203872,0.323904816653725,0.748574355386574,0.024646559138162563
2021-11-29 15:30:00,0.13319386331938632,-0.19521912350597614,-0.06656738644825033,0.07230851633636859,0.3832039889544699,0.00022271714922048998,0.5,-0.2334209630170938,0.7944121813641699,0.19661363173203872,0.323904816653725,0.748574355386574,0.018513209710759388
2021-11-29 15:40:00,0.11506276150627615,0.3545816733067728,-0.06478034251675369,0.094447420103553,0.38896232217874394,0.00022271714922048998,0.5,-0.2334209630170938,0.7944121813641699,0.19661363173203872,0.323904816653725,0.748574355386574,0.010124175807595396
2021-11-29 15:50:00,0.10181311018131102,-0.23505976095617542,-0.0653760238272525,0.12515622210319588,0.3996414128855793,0.00022271714922048998,0.5,-0.2334209630170938,0.7944121813641699,0.19661363173203872,0.323904816653725,0.748574355386574,0.003206240475579764
2021-11-29 16:00:00,0.13807531380753138,-0.5617529880478087,-0.06358897989575596,0.15300839135868594,0.3773409587624819,0.00022271714922048998,0.5,-0.18660773398109487,0.7946909113897157,0.13375453376343613,0.3258270467216211,0.7500024685444492,0.01781160885375017
2021-11-29 16:10:00,0.13598326359832635,0.1633466135458166,-0.056440804169769265,0.15586502410283876,0.35803745534019976,0.00022271714922048998,0.5,-0.18660773398109487,0.7946909113897157,0.13375453376343613,0.3258270467216211,0.7500024685444492,0.021312069043559607
2021-11-29 16:20:00,0.11854951185495119,0.11553784860557759,-0.08771407297096068,0.12372790573111936,0.3699990839015325,0.00022271714922048998,0.5,-0.18660773398109487,0.7946909113897157,0.13375453376343613,0.3258270467216211,0.7500024685444492,0.012757065045189132
2021-11-29 16:30:00,0.11854951185495119,0.027888446215139417,-0.14758004467609842,-0.0048205677557580096,0.3745403148761304,0.00022271714922048998,0.5,-0.18660773398109487,0.7946909113897157,0.13375453376343613,0.3258270467216211,0.7500024685444492,0.020399233519923954
2021-11-29 16:40:00,0.1297071129707113,0.2669322709163344,-0.16842889054355936,-0.08087841456882694,0.3745403148761304,0.00022271714922048998,0.5,-0.18660773398109487,0.7946909113897157,0.13375453376343613,0.3258270467216211,0.7500024685444492,0.031971875612957744
2021-11-29 16:50:00,0.12691771269177127,-0.31474103585657376,-0.18034251675353707,-0.13051240849848234,0.3745403148761304,0.00022271714922048998,0.5,-0.18660773398109487,0.7946909113897157,0.13375453376343613,0.3258270467216211,0.7500024685444492,0.028471415423148305
2021-11-29 17:00:00,0.12691771269177127,-0.1633466135458168,-0.18689501116902474,-0.15622210319585772,0.3745403148761304,0.00022271714922048998,0.5,-0.1853211719074932,0.7840761823756434,0.12800681042569348,0.28410620018610555,0.7379057807432899,0.027332257042412902
2021-11-29 17:10:00,0.13319386331938632,-0.33067729083665354,-0.1934475055845124,-0.18014640242813773,0.3693839892162123,0.00022271714922048998,0.5,-0.1853211719074932,0.7840761823756434,0.12800681042569348,0.28410620018610555,0.7379057807432899,0.030538497517992664
2021-11-29 17:20:00,0.12273361227336123,0.2828685258964143,-0.19851079672375294,-0.1937154079628638,0.3745141406342019,0.00022271714922048998,0.5,-0.1853211719074932,0.7840761823756434,0.12800681042569348,0.28410620018610555,0.7379057807432899,0.022096654948172065
2021-11-29 17:30:00,0.14086471408647142,-0.1633466135458168,-0.20387192851824287,-0.20264238528834144,0.3745926633599875,0.00022271714922048998,0.5,-0.1853211719074932,0.7840761823756434,0.12800681042569348,0.28410620018610555,0.7379057807432899,0.032409433136683916
2021-11-29 17:40:00,0.15690376569037656,-0.5378486055776892,-0.21221146686522718,-0.22478128905552575,0.3745926633599875,0.00022271714922048998,0.5,-0.1853211719074932,0.7840761823756434,0.12800681042569348,0.28410620018610555,0.7379057807432899,0.040926716658871105
2021-11-29 17:50:00,0.16945606694560672,-0.45019920318725104,-0.21846612062546544,-0.24013569005534718,0.36948868618392644,0.00022271714922048998,0.5,-0.1853211719074932,0.7840761823756434,0.12800681042569348,0.28410620018610555,0.7379057807432899,0.04586055494364561
2021-11-29 18:00:00,0.21269177126917713,-0.31474103585657376,-0.22650781831720035,-0.2526334583110159,0.3581290651869495,0.00022271714922048998,0.5,-0.4331689804260723,0.7772027574158011,0.35399312946441197,0.22626189031907606,0.7107840999670862,0.07832279674698613
2021-11-29 18:10:00,0.1631799163179916,-0.36254980079681276,-0.23425167535368596,-0.26441706838064627,0.35010666003585866,0.00022271714922048998,0.5,-0.4331689804260723,0.7772027574158011,0.35399312946441197,0.22626189031907606,0.7107840999670862,0.044253662658237394
2021-11-29 18:20:00,0.10460251046025104,0.6334661354581672,-0.24139985107967243,-0.2654883056597036,0.3416785541348759,0.00022271714922048998,0.5,-0.4331689804260723,0.7772027574158011,0.35399312946441197,0.22626189031907606,0.7107840999670862,0.006337039998792945
2021-11-29 18:30:00,0.0815899581589958,0.5617529880478087,-0.24854802680565913,-0.26513122656668453,0.3416785541348759,0.009020044543429844,0.5,-0.4331689804260723,0.7772027574158011,0.35399312946441197,0.22626189031907606,0.7107840999670862,0.0
2021-11-29 18:40:00,0.07810320781032079,0.6175298804780875,-0.2524199553239018,-0.2940546331012319,0.3416785541348759,0.5142538975501114,0.5,-0.4331689804260723,0.7772027574158011,0.35399312946441197,0.22626189031907606,0.7107840999670862,0.0
2021-11-29 18:50:00,0.11436541143654114,0.4501992031872508,-0.24497393894266584,-0.2865559721478307,0.3416785541348759,0.9986636971046772,0.5,-0.4331689804260723,0.7772027574158011,0.35399312946441197,0.22626189031907606,0.7107840999670862,0.0
2021-11-29 19:00:00,0.10460251046025104,0.689243027888446,-0.2399106478034252,-0.25798964470630237,0.3416785541348759,0.9986636971046772,0.5,-0.463110248970807,0.7878720830328118,0.3946641942985131,0.16127921843518628,0.7635286257962045,0.0
2021-11-29 19:10:00,0.0899581589958159,0.6871643859345224,-0.24110201042442314,-0.2529905374040349,0.3416785541348759,0.9986636971046772,0.5,-0.463110248970807,0.7878720830328118,0.3946641942985131,0.16127921843518628,0.7635286257962045,0.0
2021-11-29 19:20:00,0.0808926080892608,0.6850857439805991,-0.24259121370067016,-0.256204249241207,0.3416785541348759,0.9986636971046772,0.5,-0.463110248970807,0.7878720830328118,0.3946641942985131,0.16127921843518628,0.7635286257962045,0.0
2021-11-29 19:30:00,0.09205020920502092,0.6830071020266759,-0.2440804169769174,-0.2619175147295125,0.3416785541348759,0.9986636971046772,0.5,-0.463110248970807,0.7878720830328118,0.3946641942985131,0.16127921843518628,0.7635286257962045,0.0
2021-11-29 19:40:00,0.09693165969316596,0.6809284600727525,-0.24586746090841405,-0.2683449384038563,0.3416785541348759,0.9986636971046772,0.5,-0.463110248970807,0.7878720830328118,0.3946641942985131,0.16127921843518628,0.7635286257962045,0.0
2021-11-29 19:50:00,0.10599721059972106,0.6788498181188289,-0.24288905435591968,-0.2747723620782002,0.3416785541348759,0.9986636971046772,0.5,-0.463110248970807,0.7878720830328118,0.3946641942985131,0.16127921843518628,0.7635286257962045,0.0
2021-11-29 20:00:00,0.1290097629009763,0.6767711761649053,-0.24527177959791513,-0.28048562756650597,0.3416785541348759,0.9986636971046772,0.5,-0.44115511087734305,0.7815561181240611,0.38784527205877783,0.14437269431784264,0.9349829117995888,0.0
2021-11-29 20:10:00,0.1387726638772664,0.674692534210982,-0.2479523454951601,-0.2847705766827352,0.3416785541348759,0.9986636971046772,0.5,-0.44115511087734305,0.7815561181240611,0.38784527205877783,0.14437269431784264,0.9349829117995888,0.0
2021-11-29 20:20:00,0.13319386331938632,0.6726138922570586,-0.2434847356664186,-0.2883413676129263,0.3416785541348759,0.9986636971046772,0.5,-0.44115511087734305,0.7815561181240611,0.38784527205877783,0.14437269431784264,0.9349829117995888,0.0
2021-11-29 20:30:00,0.12482566248256625,0.6705352503031354,-0.24199553239017135,-0.29476879128727007,0.3416785541348759,0.9986636971046772,0.5,-0.44115511087734305,0.7815561181240611,0.38784527205877783,0.14437269431784264,0.9349829117995888,0.0
2021-11-29 20:40:00,0.1290097629009763,0.6684566083492118,-0.24288905435591968,-0.2986966613104802,0.3416785541348759,0.9986636971046772,0.5,-0.44115511087734305,0.7815561181240611,0.38784527205877783,0.14437269431784264,0.9349829117995888,0.0
2021-11-29 20:50:00,0.11715481171548117,0.6663779663952882,-0.2479523454951601,-0.3026245313336904,0.3416785541348759,0.9986636971046772,0.5,-0.44115511087734305,0.7815561181240611,0.38784527205877783,0.14437269431784264,0.9349829117995888,0.0
2021-11-29 21:00:00,0.12203626220362622,0.6642993244413649,-0.2479523454951601,-0.30512408498482413,0.3416785541348759,0.9986636971046772,0.5,-0.4642593963157511,0.7755677328329617,0.40707536576046566,0.2590575670746698,0.05322479461113452,0.0
2021-11-29 21:10:00,0.11087866108786612,0.6622206824874415,-0.2479523454951601,-0.3076236386359579,0.3416785541348759,0.9986636971046772,0.5,-0.4642593963157511,0.7755677328329617,0.40707536576046566,0.2590575670746698,0.05322479461113452,0.0
2021-11-29 21:20:00,0.1087866108786611,0.6601420405335179,-0.2479523454951601,-0.3133369041242635,0.3416785541348759,0.9986636971046772,0.5,-0.4642593963157511,0.7755677328329617,0.40707536576046566,0.2590575670746698,0.05322479461113452,0.0
2021-11-29 21:30:00,0.1311018131101813,0.6580633985795945,-0.2479523454951601,-0.31619353686841634,0.3416785541348759,0.9986636971046772,0.5,-0.4642593963157511,0.7755677328329617,0.40707536576046566,0.2590575670746698,0.05322479461113452,0.0
2021-11-29 21:40:00,0.15481171548117156,0.6559847566256709,-0.24646314221891308,-0.3233351187287984,0.3416785541348759,0.9986636971046772,0.5,-0.4642593963157511,0.7755677328329617,0.40707536576046566,0.2590575670746698,0.05322479461113452,0.0
2021-11-29 21:50:00,0.15271966527196654,0.6539061146717478,-0.2479523454951601,-0.32726298875200854,0.3416785541348759,0.9986636971046772,0.5,-0.4642593963157511,0.7755677328329617,0.40707536576046566,0.2590575670746698,0.05322479461113452,0.0
2021-11-29 22:00:00,0.16945606694560672,0.6518274727178244,-0.24884586746090853,-0.33047670058918044,0.3416785541348759,0.9986636971046772,0.5,-0.5908897703739849,0.7715218372044249,0.4782743945671815,0.33023389953346244,0.08155435283849424,0.0
2021-11-29 22:10:00,0.13807531380753138,0.6497488307639008,-0.25688756515264344,-0.3361899660774862,0.39655285233801413,0.9986636971046772,0.5,-0.5908897703739849,0.7715218372044249,0.4782743945671815,0.33023389953346244,0.08155435283849424,0.0
2021-11-29 22:20:00,0.14086471408647142,0.6476701888099772,-0.26165301563663446,-0.33547580789144793,0.4105168104068786,0.9986636971046772,0.5,-0.5908897703739849,0.7715218372044249,0.4782743945671815,0.33023389953346244,0.08155435283849424,0.0
2021-11-29 22:30:00,0.17782426778242677,0.6455915468560538,-0.26463142218912894,-0.34297446884484917,0.4199395375011451,0.9986636971046772,0.5,-0.5908897703739849,0.7715218372044249,0.4782743945671815,0.33023389953346244,0.08155435283849424,0.0
2021-11-29 22:40:00,0.14365411436541145,0.6435129049021304,-0.26880119136262115,-0.34475986430994454,0.4783997068484904,0.9986636971046772,0.5,-0.5908897703739849,0.7715218372044249,0.4782743945671815,0.33023389953346244,0.08155435283849424,0.0
2021-11-29 22:50:00,0.14016736401673638,0.6414342629482073,-0.2699925539836189,-0.3379753615425817,0.4783997068484904,0.9986636971046772,0.5,-0.5908897703739849,0.7715218372044249,0.4782743945671815,0.33023389953346244,0.08155435283849424,0.0
2021-11-29 23:00:00,0.14295676429567641,0.07569721115537842,-0.2682055100521221,-0.33833244063560075,0.4783997068484904,0.9986636971046772,0.5,-0.6724138931627167,0.7713752884281087,0.5367665213757252,0.34930102373601096,0.08825119222305167,0.0
2021-11-29 23:10:00,0.1492329149232915,-0.4183266932270917,-0.26105733432613565,-0.33833244063560075,0.4783997068484904,0.9986636971046772,0.5,-0.6724138931627167,0.7713752884281087,0.5367665213757252,0.34930102373601096,0.08825119222305167,0.0
2021-11-29 23:20:00,0.18131101813110181,-0.9123505976095618,-0.25748324646314225,-0.3444027852169256,0.4783997068484904,0.9986636971046772,0.5,-0.6724138931627167,0.7713752884281087,0.5367665213757252,0.34930102373601096,0.08825119222305167,0.0
2021-11-29 23:30:00,0.1394700139470014,-0.6573705179282869,-0.2551005212211468,-0.3454740224959829,0.4783997068484904,0.25968819599109133,0.5,-0.6724138931627167,0.7713752884281087,0.5367665213757252,0.34930102373601096,0.08825119222305167,0.0
2021-11-29 23:40:00,0.17852161785216178,-0.24302788844621515,-0.2473566641846613,-0.3444027852169256,0.4783997068484904,0.8016703786191537,0.5,-0.6724138931627167,0.7713752884281087,0.5367665213757252,0.34930102373601096,0.08825119222305167,0.0
2021-11-29 23:50:00,0.17852161785216178,0.10756972111553775,-0.24527177959791513,-0.33833244063560075,0.4787661462354897,0.233630289532294,0.5,-0.6724138931627167,0.7713752884281087,0.5367665213757252,0.34930102373601096,0.08825119222305167,0.0
2021-11-30 00:00:00,0.20502092050209206,-0.42629482071713154,-0.23842144452717806,-0.33190501696125685,0.49490256638442104,0.133184855233853,0.5,-0.6854230989489442,0.7611341151183766,0.5176951989567763,0.34997361485478856,0.08652955020014082,0.036596405993029255
2021-11-30 00:10:00,0.17852161785216178,0.20318725099601576,-0.23097542814594196,-0.2861988930548115,0.49490256638442104,0.00011135857461024499,0.5,-0.6854230989489442,0.7611341151183766,0.5176951989567763,0.34997361485478856,0.08652955020014082,0.05360834075169365
2021-11-30 00:20:00,0.1806136680613668,0.8247011952191232,-0.22323157110945657,-0.25691840742724503,0.49490256638442104,0.00011135857461024499,0.5,-0.6854230989489442,0.7611341151183766,0.5176951989567763,0.34997361485478856,0.08652955020014082,0.05599227484647766
2021-11-30 00:30:00,0.17642956764295675,0.5219123505976095,-0.21757259865971712,-0.23727905731119447,0.49490256638442104,0.00011135857461024499,0.5,-0.6854230989489442,0.7611341151183766,0.5176951989567763,0.34997361485478856,0.08652955020014082,0.05402326598970986
2021-11-30 00:40:00,0.19804741980474197,0.21912350597609564,-0.2131049888309755,-0.222281735404392,0.49490256638442104,0.00011135857461024499,0.5,-0.6854230989489442,0.7611341151183766,0.5176951989567763,0.34997361485478856,0.08652955020014082,0.06093365722648882
2021-11-30 00:50:00,0.17294281729428174,0.2589641434262948,-0.20595681310498903,-0.20692733440457056,0.49490256638442104,0.00011135857461024499,0.5,-0.6854230989489442,0.7611341151183766,0.5176951989567763,0.34997361485478856,0.08652955020014082,0.04187727265869004
2021-11-30 01:00:00,0.18967921896792192,0.5059760956175297,-0.20029784065524958,-0.1933583288698446,0.49490256638442104,0.00011135857461024499,0.5,-0.6940188905228197,0.7592749571129338,0.5337931106198333,0.35548430546012605,0.08164309039461932,0.05414397151349638
2021-11-30 01:10:00,0.17224546722454673,0.4422310756972112,-0.19583023082650786,-0.18193179789323333,0.49490256638442104,0.00011135857461024499,0.5,-0.6940188905228197,0.7592749571129338,0.5337931106198333,0.35548430546012605,0.08164309039461932,0.041711302563483564
2021-11-30 01:20:00,0.14435146443514643,0.6095617529880477,-0.1889798957557708,-0.1694340296375647,0.49490256638442104,0.00011135857461024499,0.5,-0.6940188905228197,0.7592749571129338,0.5337931106198333,0.35548430546012605,0.08164309039461932,0.029248457232524106
2021-11-30 01:30:00,0.1324965132496513,0.5298804780876492,-0.18391660461653025,-0.14979467952151393,0.49490256638442104,0.00011135857461024499,0.5,-0.6940188905228197,0.7592749571129338,0.5337931106198333,0.35548430546012605,0.08164309039461932,0.01732878675860404
2021-11-30 01:40:00,0.11297071129707113,0.41035856573705165,-0.182427401340283,-0.12515622210319588,0.49490256638442104,0.00011135857461024499,0.5,-0.6940188905228197,0.7592749571129338,0.5337931106198333,0.35548430546012605,0.08164309039461932,0.004594353999124885
2021-11-30 01:50:00,0.08228730822873082,0.346613545816733,-0.18391660461653025,-0.10765934654525966,0.49490256638442104,0.37305122494432075,0.5,-0.6940188905228197,0.7592749571129338,0.5337931106198333,0.35548430546012605,0.08164309039461932,0.0
2021-11-30 02:00:00,0.08368200836820083,-0.11553784860557781,-0.20446760982874168,-0.12694161756829125,0.49490256638442104,0.9957683741648108,0.5,-0.6912523851628115,0.7437867629099411,0.5643480860007734,0.369539846057851,0.07452916862978877,0.0
2021-11-30 02:10:00,0.06694560669456066,-0.9203187250996016,-0.21370067014147442,-0.14943760042849485,0.49490256638442104,0.9957683741648108,0.5,-0.6912523851628115,0.7437867629099411,0.5643480860007734,0.369539846057851,0.07452916862978877,0.0
2021-11-30 02:20:00,0.0502092050209205,-0.17131474103585664,-0.2202531645569621,-0.16729155507945004,0.49490256638442104,0.9957683741648108,0.5,-0.6912523851628115,0.7437867629099411,0.5643480860007734,0.369539846057851,0.07452916862978877,0.0
2021-11-30 02:30:00,0.03556485355648536,0.5776892430278884,-0.2434847356664186,-0.18443135154436707,0.49490256638442104,0.9957683741648108,0.5,-0.6912523851628115,0.7437867629099411,0.5643480860007734,0.369539846057851,0.07452916862978877,0.0
2021-11-30 02:40:00,0.056485355648535567,0.5573262505533421,-0.25658972449739403,-0.1987145152651313,0.49490256638442104,0.9957683741648108,0.5,-0.6912523851628115,0.7437867629099411,0.5643480860007734,0.369539846057851,0.07452916862978877,0.0
2021-11-30 02:50:00,0.0899581589958159,0.5369632580787957,-0.25778108711839176,-0.21549723263702913,0.49490256638442104,0.9957683741648108,0.5,-0.6912523851628115,0.7437867629099411,0.5643480860007734,0.369539846057851,0.07452916862978877,0.0
2021-11-30 03:00:00,0.0899581589958159,0.5166002656042494,-0.25688756515264344,-0.23263702910194595,0.49490256638442104,0.9957683741648108,0.5,-0.6901245837951346,0.7367840302062899,0.5145007511834612,0.37559084263847586,0.07018843783374559,0.0
2021-11-30 03:10:00,0.11157601115760113,0.49623727312970334,-0.25688756515264344,-0.24406356007855734,0.49490256638442104,0.9957683741648108,0.5,-0.6901245837951346,0.7367840302062899,0.5145007511834612,0.37559084263847586,0.07018843783374559,0.0
2021-11-30 03:20:00,0.14574616457461645,0.475874280655157,-0.2595681310498884,-0.2547759328691306,0.49490256638442104,0.9957683741648108,0.5,-0.6901245837951346,0.7367840302062899,0.5145007511834612,0.37559084263847586,0.07018843783374559,0.0
2021-11-30 03:30:00,0.13458856345885634,0.4555112881806107,-0.26195085629188397,-0.26477414747366534,0.49490256638442104,0.9957683741648108,0.5,-0.6901245837951346,0.7367840302062899,0.5145007511834612,0.37559084263847586,0.07018843783374559,0.0
2021-11-30 03:40:00,0.16666666666666669,0.4351482957060646,-0.2673119880863739,-0.27298696661310484,0.49490256638442104,0.9957683741648108,0.5,-0.6901245837951346,0.7367840302062899,0.5145007511834612,0.37559084263847586,0.07018843783374559,0.0
2021-11-30 03:50:00,0.19177126917712692,0.4147853032315183,-0.27326880119136276,-0.2829851812176397,0.45000065435604825,0.9957683741648108,0.5,-0.6901245837951346,0.7367840302062899,0.5145007511834612,0.37559084263847586,0.07018843783374559,0.0
2021-11-30 04:00:00,0.16108786610878661,0.394422310756972,-0.28875651526433366,-0.27905731119442967,0.3231210166075565,0.17772828507795102,0.5,-0.7402926333364797,0.7335111075351943,0.568584438613531,0.3723485457054014,0.06683272011401063,0.0
2021-11-30 04:10:00,0.16875871687587168,0.6095617529880477,-0.2950111690245719,-0.2819139439385824,0.34213660336862495,0.3556792873051225,0.5,-0.7402926333364797,0.7335111075351943,0.568584438613531,0.3723485457054014,0.06683272011401063,0.0
2021-11-30 04:20:00,0.13389121338912133,-0.2828685258964144,-0.2950111690245719,-0.2847705766827352,0.3553415084215623,0.5652561247216036,0.5,-0.7402926333364797,0.7335111075351943,0.568584438613531,0.3723485457054014,0.06683272011401063,0.0
2021-11-30 04:30:00,0.1701534170153417,-0.03585657370517936,-0.3164556962025318,-0.28584181396179253,0.3553415084215623,0.9968819599109131,0.5,-0.7402926333364797,0.7335111075351943,0.568584438613531,0.3723485457054014,0.06683272011401063,0.0
2021-11-30 04:40:00,0.17364016736401675,0.1633466135458166,-0.3283693224125095,-0.29334047491519377,0.3559435159859183,0.6261692650334075,0.5,-0.7402926333364797,0.7335111075351943,0.568584438613531,0.3723485457054014,0.06683272011401063,0.0
2021-11-30 04:50:00,0.25313807531380755,0.49003984063745,-0.31883842144452734,-0.301196214961614,0.38764052296135376,0.04320712694877506,0.5,-0.7402926333364797,0.7335111075351943,0.568584438613531,0.3723485457054014,0.06683272011401063,0.053676237608823577
2021-11-30 05:00:00,0.18898186889818688,0.49003984063745,-0.29590469099032024,-0.27441528298518114,0.3924434963552368,0.00011135857461024499,0.5,-0.7428393084837253,0.7228072998531649,0.546218231635381,0.3631802956457488,0.061414295405468985,0.0364983327549527
2021-11-30 05:10:00,0.15690376569037656,-0.08366533864541836,-0.2860759493670887,-0.25334761649705406,0.40659067411760086,0.00011135857461024499,0.5,-0.7428393084837253,0.7228072998531649,0.546218231635381,0.3631802956457488,0.061414295405468985,0.029007046184951042
2021-11-30 05:20:00,0.18688981868898188,0.298804780876494,-0.27982129560685043,-0.2383502945902518,0.3924434963552368,0.00011135857461024499,0.5,-0.7428393084837253,0.7228072998531649,0.546218231635381,0.3631802956457488,0.061414295405468985,0.025959231709341096
2021-11-30 05:30:00,0.16527196652719667,0.2669322709163344,-0.27475800446761,-0.2237100517764684,0.3924434963552368,0.00011135857461024499,0.5,-0.7428393084837253,0.7228072998531649,0.546218231635381,0.3631802956457488,0.061414295405468985,0.02665328847111366
2021-11-30 05:40:00,0.20920502092050208,-0.043824701195219196,-0.26939687267312007,-0.21156936261381898,0.3924434963552368,0.00011135857461024499,0.5,-0.7428393084837253,0.7228072998531649,0.546218231635381,0.3631802956457488,0.061414295405468985,0.04782201970517676
2021-11-30 05:50:00,0.21617852161785217,-0.17131474103585675,-0.2717795979151155,-0.20728441349758975,0.3834395571318266,0.00011135857461024499,0.5,-0.7428393084837253,0.7228072998531649,0.546218231635381,0.3631802956457488,0.061414295405468985,0.07335123798602834
2021-11-30 06:00:00,0.15690376569037656,-0.3545816733067729,-0.2702903946388683,-0.20549901803249415,0.37397756867466725,0.00011135857461024499,0.5,-0.6864460715563853,0.7378845827813822,0.4811136359803119,0.35284041075248024,0.04928101687740235,0.052446550085248275
2021-11-30 06:10:00,0.15760111576011157,0.19521912350597592,-0.2711839166046166,-0.2001428316372077,0.3622122469277983,0.00011135857461024499,0.5,-0.6864460715563853,0.7378845827813822,0.4811136359803119,0.35284041075248024,0.04928101687740235,0.04143217103972721
2021-11-30 06:20:00,0.1415620641562064,0.1633466135458166,-0.2714817572598661,-0.1901446170326727,0.3622122469277983,0.00011135857461024499,0.5,-0.6864460715563853,0.7378845827813822,0.4811136359803119,0.35284041075248024,0.04928101687740235,0.030855349517932316
2021-11-30 06:30:00,0.11576011157601115,0.3306772908366533,-0.27475800446761,-0.17621853240492769,0.3731923414168117,0.00011135857461024499,0.5,-0.6864460715563853,0.7378845827813822,0.4811136359803119,0.35284041075248024,0.04928101687740235,0.013081461140365435
2021-11-30 06:40:00,0.13389121338912133,0.5458167330677288,-0.27267311988086385,-0.15765041956793413,0.37868893222180056,0.00011135857461024499,0.5,-0.6864460715563853,0.7378845827813822,0.4811136359803119,0.35284041075248024,0.04928101687740235,0.01032032228374851
2021-11-30 06:50:00,0.12622036262203626,0.7529880478087649,-0.26612062546537607,-0.13943938582395987,0.3791077200926568,0.00011135857461024499,0.5,-0.6864460715563853,0.7378845827813822,0.4811136359803119,0.35284041075248024,0.04928101687740235,0.0006789685712992441
2021-11-30 07:00:00,0.099721059972106,-0.003984063745020028,-0.2667163067758751,-0.12229958935904306,0.3951394432738742,0.00044543429844097997,0.5,-0.6757056429758561,0.7284106354182541,0.46735962976362994,0.3214581562742901,0.05264967731427319,0.0
2021-11-30 07:10:00,0.11157601115760113,-0.4820717131474104,-0.27267311988086385,-0.14443849312622736,0.3951394432738742,0.6445434298440981,0.5,-0.6757056429758561,0.7284106354182541,0.46735962976362994,0.3214581562742901,0.05264967731427319,0.0
2021-11-30 07:20:00,0.12133891213389121,-0.5916334661354582,-0.28875651526433366,-0.16514908052133537,0.3951394432738742,0.9846325167037863,0.5,-0.6757056429758561,0.7284106354182541,0.46735962976362994,0.3214581562742901,0.05264967731427319,0.0
2021-11-30 07:30:00,0.12412831241283125,-0.701195219123506,-0.30007446016381245,-0.18907337975361538,0.3951394432738742,0.9846325167037863,0.5,-0.6757056429758561,0.7284106354182541,0.46735962976362994,0.3214581562742901,0.05264967731427319,0.0
2021-11-30 07:40:00,0.13737796373779637,-0.405046480743692,-0.30722263588979903,-0.20835565077664697,0.3951394432738742,0.9846325167037863,0.5,-0.6757056429758561,0.7284106354182541,0.46735962976362994,0.3214581562742901,0.05264967731427319,0.0
2021-11-30 07:50:00,0.14435146443514643,-0.10889774236387784,-0.31466865227103513,-0.22906623817175498,0.3951394432738742,0.9846325167037863,0.5,-0.6757056429758561,0.7284106354182541,0.46735962976362994,0.3214581562742901,0.05264967731427319,0.0
2021-11-30 08:00:00,0.1701534170153417,0.1872509960159361,-0.3221146686522711,-0.24549187645063375,0.3951394432738742,0.9846325167037863,0.5,-0.5974905802537036,0.7318416008873402,0.3932334773561335,0.26075146242523484,0.00874951853240916,0.0
2021-11-30 08:10:00,0.14574616457461645,-0.0916334661354582,-0.3325390915860017,-0.2608462774504553,0.3951394432738742,0.9846325167037863,0.5,-0.5974905802537036,0.7318416008873402,0.3932334773561335,0.26075146242523484,0.00874951853240916,0.0
2021-11-30 08:20:00,0.15341701534170155,-0.351925630810093,-0.3337304542069994,-0.27620067845027674,0.3951394432738742,0.9846325167037863,0.5,-0.5974905802537036,0.7318416008873402,0.3932334773561335,0.26075146242523484,0.00874951853240916,0.0
2021-11-30 08:30:00,0.14016736401673638,-0.6122177954847279,-0.33849590469099045,-0.29476879128727007,0.3951394432738742,0.9846325167037863,0.5,-0.5974905802537036,0.7318416008873402,0.3932334773561335,0.26075146242523484,0.00874951853240916,0.0
2021-11-30 08:40:00,0.13528591352859135,-0.8725099601593626,-0.34981384959046924,-0.30798071772897684,0.3951394432738742,0.9846325167037863,0.5,-0.5974905802537036,0.7318416008873402,0.3932334773561335,0.26075146242523484,0.00874951853240916,0.0
2021-11-30 08:50:00,0.15760111576011157,0.03585657370517925,-0.35785554728220414,-0.3165506159614354,0.3951394432738742,0.9846325167037863,0.5,-0.5974905802537036,0.7318416008873402,0.3932334773561335,0.26075146242523484,0.00874951853240916,0.0
2021-11-30 09:00:00,0.14365411436541145,0.2589641434262948,-0.36291883842144457,-0.32690590965898936,0.3951394432738742,0.9846325167037863,0.5,-0.5860030424688224,0.7515883301197985,0.3828637596557859,0.22433655925307874,0.8801919130913989,0.0
2021-11-30 09:10:00,0.16108786610878661,-0.059760956175298974,-0.3691734921816828,-0.3344045706123906,0.3951394432738742,0.9846325167037863,0.5,-0.5860030424688224,0.7515883301197985,0.3828637596557859,0.22433655925307874,0.8801919130913989,0.0
2021-11-30 09:20:00,0.17782426778242677,-0.7609561752988048,-0.36232315711094576,-0.3386895197286198,0.38516705709910876,0.665033407572383,0.5,-0.5860030424688224,0.7515883301197985,0.3828637596557859,0.22433655925307874,0.8801919130913989,0.0
2021-11-30 09:30:00,0.1603905160390516,-0.03585657370517936,-0.3554728220402086,-0.3379753615425817,0.3603277015089451,0.3903118040089087,0.5,-0.5860030424688224,0.7515883301197985,0.3828637596557859,0.22433655925307874,0.8801919130913989,0.0
2021-11-30 09:40:00,0.17782426778242677,0.4581673306772909,-0.3560685033507075,-0.3279771469380467,0.36036696287183784,0.4698218262806236,0.5,-0.5860030424688224,0.7515883301197985,0.3828637596557859,0.22433655925307874,0.8801919130913989,0.0
2021-11-30 09:50:00,0.1317991631799163,-0.08366533864541836,-0.34355919583023087,-0.3215497232637029,0.3738859588279174,0.585412026726058,0.5,-0.5860030424688224,0.7515883301197985,0.3828637596557859,0.22433655925307874,0.8801919130913989,0.0
2021-11-30 10:00:00,0.1680613668061367,-0.5856573705179284,-0.34623976172747584,-0.3090519550080342,0.3738859588279174,0.9939866369710468,0.5,-0.5100781362827249,0.769734516834432,0.342391539367479,0.24586960980285727,0.8170003943371762,0.0
2021-11-30 10:10:00,0.14016736401673638,-0.3545816733067729,-0.3513030528667165,-0.30476700589180505,0.3738859588279174,0.9939866369710468,0.5,-0.5100781362827249,0.769734516834432,0.342391539367479,0.24586960980285727,0.8170003943371762,0.0
2021-11-30 10:20:00,0.12831241283124128,-0.11553784860557781,-0.3521965748324647,-0.301196214961614,0.3738859588279174,0.9939866369710468,0.5,-0.5100781362827249,0.769734516834432,0.342391539367479,0.24586960980285727,0.8170003943371762,0.0
2021-11-30 10:30:00,0.11506276150627615,-0.16533864541832677,-0.35815338793745355,-0.29548294947330833,0.3738859588279174,0.9939866369710468,0.5,-0.5100781362827249,0.769734516834432,0.342391539367479,0.24586960980285727,0.8170003943371762,0.0
2021-11-30 10:40:00,0.11087866108786612,-0.21513944223107573,-0.36559940431868965,-0.29548294947330833,0.3738859588279174,0.9939866369710468,0.5,-0.5100781362827249,0.769734516834432,0.342391539367479,0.24586960980285727,0.8170003943371762,0.0
2021-11-30 10:50:00,0.09762900976290097,-0.2649402390438248,-0.37006701414743126,-0.2940546331012319,0.3738859588279174,0.9939866369710468,0.5,-0.5100781362827249,0.769734516834432,0.342391539367479,0.24586960980285727,0.8170003943371762,0.0
2021-11-30 11:00:00,0.11018131101813111,-0.31474103585657376,-0.37006701414743126,-0.2865559721478307,0.3738859588279174,0.9939866369710468,0.5,-0.5146747923686797,0.7730878976572311,0.35785309775834484,0.21377643116813683,0.7617221361458298,0.0
2021-11-30 11:10:00,0.14435146443514643,-0.39176626826029226,-0.36887565152643353,-0.28227102303160145,0.3738859588279174,0.9939866369710468,0.5,-0.5146747923686797,0.7730878976572311,0.35785309775834484,0.21377643116813683,0.7617221361458298,0.0
2021-11-30 11:20:00,0.16387726638772665,-0.46879150066401065,-0.3611317944899479,-0.27762899482235315,0.3738859588279174,0.9939866369710468,0.5,-0.5146747923686797,0.7730878976572311,0.35785309775834484,0.21377643116813683,0.7617221361458298,0.0
2021-11-30 11:30:00,0.22245467224546722,-0.5458167330677292,-0.3569620253164557,-0.2765577575432959,0.3738859588279174,0.4295100222717149,0.5,-0.5146747923686797,0.7730878976572311,0.35785309775834484,0.21377643116813683,0.7617221361458298,0.03942544170677611
2021-11-30 11:40:00,0.1603905160390516,0.08366533864541825,-0.34177215189873433,-0.25798964470630237,0.3738859588279174,0.00011135857461024499,0.5,-0.5146747923686797,0.7730878976572311,0.35785309775834484,0.21377643116813683,0.7617221361458298,0.03951597084961601
2021-11-30 11:50:00,0.1304044630404463,-0.1633466135458168,-0.325390915860015,-0.23727905731119447,0.3738859588279174,0.00011135857461024499,0.5,-0.5146747923686797,0.7730878976572311,0.35785309775834484,0.21377643116813683,0.7617221361458298,0.0114066719978273
2021-11-30 12:00:00,0.14714086471408647,-0.36254980079681276,-0.3134772896500374,-0.21192644170683805,0.3738859588279174,0.00011135857461024499,0.5,-0.5294214939982783,0.7669385960627245,0.36774536028336363,0.2507602364001114,0.7429994487874665,0.02878072332785129
2021-11-30 12:10:00,0.13458856345885634,-0.20318725099601598,-0.3057334326135518,-0.1919300124977681,0.38647576919553467,0.00011135857461024499,0.5,-0.5294214939982783,0.7669385960627245,0.36774536028336363,0.2507602364001114,0.7429994487874665,0.0161971724731053
2021-11-30 12:20:00,0.11854951185495119,-0.5458167330677292,-0.2938198064035742,-0.17300482056775568,0.38550732224417955,0.013697104677060134,0.5,-0.5294214939982783,0.7669385960627245,0.36774536028336363,0.2507602364001114,0.7429994487874665,0.0017351419044314015
2021-11-30 12:30:00,0.11645746164574616,-0.3466135458167332,-0.29560685033507084,-0.16729155507945004,0.3738859588279174,0.3435412026726058,0.5,-0.5294214939982783,0.7669385960627245,0.36774536028336363,0.2507602364001114,0.7429994487874665,0.0
2021-11-30 12:40:00,0.13807531380753138,-0.03585657370517936,-0.29947877885331353,-0.16550615961435466,0.3738859588279174,0.99543429844098,0.5,-0.5294214939982783,0.7669385960627245,0.36774536028336363,0.2507602364001114,0.7429994487874665,0.0
2021-11-30 12:50:00,0.16666666666666669,-0.5776892430278885,-0.2982874162323158,-0.16193536868416358,0.3738859588279174,0.99543429844098,0.5,-0.5294214939982783,0.7669385960627245,0.36774536028336363,0.2507602364001114,0.7429994487874665,0.0
2021-11-30 13:00:00,0.22245467224546722,-0.36254980079681276,-0.2979895755770663,-0.16693447598643107,0.37030008768371053,0.7119153674832962,0.5,-0.3761812913849304,0.7471918668302662,0.28913620179272054,0.2783039163103341,0.746333860679635,0.007031096760565506
2021-11-30 13:10:00,0.2196652719665272,0.29083665338645415,-0.28428890543559204,-0.17229066238171753,0.3627880802502258,0.00022271714922048998,0.5,-0.3761812913849304,0.7471918668302662,0.28913620179272054,0.2783039163103341,0.746333860679635,0.07551639331894926
2021-11-30 13:20:00,0.22315202231520226,-0.21115537848605592,-0.26463142218912894,-0.17229066238171753,0.3738859588279174,0.00033407572383073496,0.5,-0.3761812913849304,0.7471918668302662,0.28913620179272054,0.2783039163103341,0.746333860679635,0.08815275284035186
2021-11-30 13:30:00,0.199442119944212,0.2589641434262948,-0.251824274013403,-0.16300660596322092,0.3738859588279174,0.00044543429844097997,0.5,-0.3761812913849304,0.7471918668302662,0.28913620179272054,0.2783039163103341,0.746333860679635,0.06626733255880622
2021-11-30 13:40:00,0.22245467224546722,-0.059760956175298974,-0.24169769173492195,-0.15265131226566697,0.36753870516025183,0.00033407572383073496,0.5,-0.3761812913849304,0.7471918668302662,0.28913620179272054,0.2783039163103341,0.746333860679635,0.07596903903314876
2021-11-30 13:50:00,0.197350069735007,-0.02788844621513953,-0.23067758749069256,-0.14729512587038018,0.37331012550549003,0.00033407572383073496,0.5,-0.3761812913849304,0.7471918668302662,0.28913620179272054,0.2783039163103341,0.746333860679635,0.06066961389320579
2021-11-30 14:00:00,0.23361227336122734,0.15537848605577675,-0.22531645569620262,-0.14122478128905558,0.36099514467812227,0.00033407572383073496,0.5,-0.3635517438162539,0.7257181608415947,0.30058713671082465,0.318616394381678,0.734186208394172,0.09237744617288049
2021-11-30 14:10:00,0.22663877266387727,0.003984063745019917,-0.22352941176470598,-0.1362256739867881,0.36505215217704257,0.00022271714922048998,0.5,-0.3635517438162539,0.7257181608415947,0.30058713671082465,0.318616394381678,0.734186208394172,0.09116284683977852
2021-11-30 14:20:00,0.2398884239888424,-0.15537848605577698,-0.21846612062546544,-0.1347973576147118,0.3663739513944328,0.00044543429844097997,0.5,-0.3635517438162539,0.7257181608415947,0.30058713671082465,0.318616394381678,0.734186208394172,0.10436501350393047
2021-11-30 14:30:00,0.21827057182705717,-0.043824701195219196,-0.21459419210722275,-0.13372612033565434,0.36726387562000234,0.00044543429844097997,0.5,-0.3635517438162539,0.7257181608415947,0.30058713671082465,0.318616394381678,0.734186208394172,0.08321137046034069
2021-11-30 14:40:00,0.20920502092050208,0.09163346613545809,-0.21072226358897994,-0.12765577575432951,0.3702477391998534,0.00022271714922048998,0.5,-0.3635517438162539,0.7257181608415947,0.30058713671082465,0.318616394381678,0.734186208394172,0.0782020912231996
2021-11-30 14:50:00,0.24058577405857742,-0.10756972111553798,-0.20178704393149682,-0.12408498482413843,0.3684678907487142,0.00022271714922048998,0.5,-0.3635517438162539,0.7257181608415947,0.30058713671082465,0.318616394381678,0.734186208394172,0.10348235436124145
2021-11-30 15:00:00,0.301255230125523,-0.043824701195219196,-0.19851079672375294,-0.1283699339403679,0.3712685346350656,0.00022271714922048998,0.5,-0.35241234557936496,0.7106178898700329,0.3101084679243331,0.37931394797102386,0.7192539860079402,0.1527000316852
2021-11-30 15:10:00,0.301952580195258,-0.14741035856573714,-0.19553239017125845,-0.1312265666845207,0.3712685346350656,0.00022271714922048998,0.5,-0.35241234557936496,0.7106178898700329,0.3101084679243331,0.37931394797102386,0.7192539860079402,0.16911598292016838
2021-11-30 15:20:00,0.2775453277545328,0.05179282868525892,-0.19195830230826516,-0.1312265666845207,0.3712685346350656,0.00022271714922048998,0.5,-0.35241234557936496,0.7106178898700329,0.3101084679243331,0.37931394797102386,0.7192539860079402,0.14213075425864177
2021-11-30 15:30:00,0.25592747559274753,0.05179282868525892,-0.185703648548027,-0.1283699339403679,0.3712685346350656,0.00022271714922048998,0.5,-0.35241234557936496,0.7106178898700329,0.3101084679243331,0.37931394797102386,0.7192539860079402,0.1059492735036287
2021-11-30 15:40:00,0.29009762900976294,-0.01195219123505975,-0.18600148920327642,-0.12229958935904306,0.36683200062818183,0.00044543429844097997,0.5,-0.35241234557936496,0.7106178898700329,0.3101084679243331,0.37931394797102386,0.7192539860079402,0.14268901730615446
2021-11-30 15:50:00,0.28661087866108786,-0.09960159362549814,-0.24110201042442314,-0.1647920014283163,0.36121762573451466,0.00044543429844097997,0.5,-0.35241234557936496,0.7106178898700329,0.3101084679243331,0.37931394797102386,0.7192539860079402,0.1515231528282813
2021-11-30 16:00:00,0.28591352859135283,0.05179282868525892,-0.2908413998510798,-0.2365648991251561,0.3652091976286137,0.00044543429844097997,0.5,-0.33882192885585904,0.7072156594551284,0.3335397867265432,0.41662763430713123,0.71512008193244,0.15450307044676134
2021-11-30 16:10:00,0.3075313807531381,-0.2509960159362551,-0.30364854802680574,-0.26584538475272257,0.3712423603931371,0.00044543429844097997,0.5,-0.33882192885585904,0.7072156594551284,0.3335397867265432,0.41662763430713123,0.71512008193244,0.17822924996605158
2021-11-30 16:20:00,0.3396094839609484,-0.07569721115537853,-0.31228592702903957,-0.27762899482235315,0.3712423603931371,0.00044543429844097997,0.5,-0.33882192885585904,0.7072156594551284,0.3335397867265432,0.41662763430713123,0.71512008193244,0.22049881557704784
2021-11-30 16:30:00,0.29218967921896793,-0.33864541832669326,-0.3179448994787789,-0.28869844670594524,0.3712423603931371,0.00044543429844097997,0.5,-0.33882192885585904,0.7072156594551284,0.3335397867265432,0.41662763430713123,0.71512008193244,0.1633296618736515
2021-11-30 16:40:00,0.36541143654114366,0.019920318725099362,-0.3215189873417723,-0.291198000357079,0.3621468113229771,0.00044543429844097997,0.5,-0.33882192885585904,0.7072156594551284,0.3335397867265432,0.41662763430713123,0.71512008193244,0.26862259909169095
2021-11-30 16:50:00,0.37377963737796377,-0.07569721115537853,-0.3256887565152644,-0.2986966613104802,0.36620381882189745,0.00044543429844097997,0.5,-0.33882192885585904,0.7072156594551284,0.3335397867265432,0.41662763430713123,0.71512008193244,0.2864417520406778
2021-11-30 17:00:00,0.3765690376569038,-0.2828685258964144,-0.3283693224125095,-0.29655418675236567,0.3686511104422138,0.00022271714922048998,0.5,-0.33932679457131776,0.7024944900533614,0.3217018151032324,0.4161538054135882,0.7193544736550268,0.271511987567331
2021-11-30 17:10:00,0.3814504881450488,-0.03585657370517936,-0.3283693224125095,-0.2979825031244421,0.36557563701561296,0.00022271714922048998,0.5,-0.33932679457131776,0.7024944900533614,0.3217018151032324,0.4161538054135882,0.7193544736550268,0.2802933144228013
2021-11-30 17:20:00,0.3856345885634589,0.01195219123505975,-0.33045420699925554,-0.3026245313336904,0.3686511104422138,0.00022271714922048998,0.5,-0.33932679457131776,0.7024944900533614,0.3217018151032324,0.4161538054135882,0.7193544736550268,0.2919715738491483
2021-11-30 17:30:00,0.3772663877266388,0.03585657370517925,-0.33521965748324656,-0.3040528477057667,0.3689259399824632,0.00022271714922048998,0.5,-0.33932679457131776,0.7024944900533614,0.3217018151032324,0.4161538054135882,0.7193544736550268,0.2813193113749868
2021-11-30 17:40:00,0.3584379358437936,-0.019920318725099695,-0.33849590469099045,-0.3115515086591679,0.370731962675531,0.00022271714922048998,0.5,-0.33932679457131776,0.7024944900533614,0.3217018151032324,0.4161538054135882,0.7193544736550268,0.26312295366416705
2021-11-30 17:50:00,0.2838214783821479,0.22709163346613526,-0.3450483991064781,-0.31940724870558823,0.3740299171585243,0.00022271714922048998,0.5,-0.33932679457131776,0.7024944900533614,0.3217018151032324,0.4161538054135882,0.7193544736550268,0.15349216168504912
2021-11-30 18:00:00,0.25592747559274753,-0.4342629482071714,-0.34981384959046924,-0.33190501696125685,0.38066508748740363,0.00022271714922048998,0.5,-0.4910605381921226,0.7176493576278657,0.5283026931388614,0.33338245229944774,0.7179942854483242,0.1162922280730872
2021-11-30 18:10:00,0.29497907949790797,-0.2589641434262948,-0.35368577810871193,-0.33976075700767716,0.38066508748740363,0.00022271714922048998,0.5,-0.4910605381921226,0.7176493576278657,0.5283026931388614,0.33338245229944774,0.7179942854483242,0.1644461879686769
2021-11-30 18:20:00,0.26569037656903766,-0.02788844621513953,-0.35874906924795247,-0.3483306552401356,0.38066508748740363,0.00022271714922048998,0.5,-0.4910605381921226,0.7176493576278657,0.5283026931388614,0.33338245229944774,0.7179942854483242,0.1324365918795359
2021-11-30 18:30:00,0.2775453277545328,0.14741035856573692,-0.36142963514519744,-0.35440099982146045,0.38066508748740363,0.00022271714922048998,0.5,-0.4910605381921226,0.7176493576278657,0.5283026931388614,0.33338245229944774,0.7179942854483242,0.13156147683208352
2021-11-30 18:40:00,0.25383542538354253,0.05976095617529875,-0.36649292628443786,-0.3579717907516514,0.38066508748740363,0.00022271714922048998,0.5,-0.4910605381921226,0.7176493576278657,0.5283026931388614,0.33338245229944774,0.7179942854483242,0.11452690978770916
2021-11-30 18:50:00,0.22036262203626222,-0.003984063745020028,-0.36887565152643353,-0.3611855025888234,0.38066508748740363,0.00022271714922048998,0.5,-0.4910605381921226,0.7176493576278657,0.5283026931388614,0.33338245229944774,0.7179942854483242,0.09307150293465305
2021-11-30 19:00:00,0.22384937238493724,0.07569721115537842,-0.371258376768429,-0.36689876807712907,0.38066508748740363,0.00022271714922048998,0.5,-0.5099020653233599,0.7248676032378665,0.5875472081426841,0.3078326960866917,0.7346801670908506,0.09144197836353486
2021-11-30 19:10:00,0.21408647140864714,0.4820717131474104,-0.3766195085629189,-0.3726120335654347,0.38464357226053836,0.00022271714922048998,0.5,-0.5099020653233599,0.7248676032378665,0.5875472081426841,0.3078326960866917,0.7346801670908506,0.07633115560450836
2021-11-30 19:20:00,0.16387726638772665,0.24302788844621515,-0.3801935964259122,-0.3740403499375111,0.39440656449987566,0.00022271714922048998,0.5,-0.5099020653233599,0.7248676032378665,0.5875472081426841,0.3078326960866917,0.7346801670908506,0.04343890037267831
2021-11-30 19:30:00,0.12482566248256625,0.38645418326693215,-0.38495904690990335,-0.3690412426352436,0.39440656449987566,0.00033407572383073496,0.5,-0.5099020653233599,0.7248676032378665,0.5875472081426841,0.3078326960866917,0.7346801670908506,0.0255971151379815
2021-11-30 19:40:00,0.12552301255230125,0.6653386454183265,-0.3879374534623977,-0.37046955900732004,0.40673463244820773,0.00022271714922048998,0.5,-0.5099020653233599,0.7248676032378665,0.5875472081426841,0.3078326960866917,0.7346801670908506,0.033820178945939014
2021-11-30 19:50:00,0.18967921896792192,0.6414342629482073,-0.3879374534623977,-0.37975361542581687,0.41092251115677064,0.00033407572383073496,0.5,-0.5099020653233599,0.7248676032378665,0.5875472081426841,0.3078326960866917,0.7346801670908506,0.08601777388837757
2021-11-30 20:00:00,0.29497907949790797,-0.02788844621513953,-0.3879374534623977,-0.384038564542046,0.4220073026134981,0.00033407572383073496,0.5,-0.5270865442630519,0.7269652621930033,0.6492509026312282,0.3204879597459028,0.7593149249706801,0.15930111501727598
2021-11-30 20:10:00,0.27615062761506276,-0.50597609561753,-0.3879374534623977,-0.3793965363327976,0.4218371700409627,0.00033407572383073496,0.5,-0.5270865442630519,0.7269652621930033,0.6492509026312282,0.3204879597459028,0.7593149249706801,0.14436380644869262
2021-11-30 20:20:00,0.2294281729428173,0.20318725099601576,-0.3879374534623977,-0.384038564542046,0.41087016267291365,0.00033407572383073496,0.5,-0.5270865442630519,0.7269652621930033,0.6492509026312282,0.3204879597459028,0.7593149249706801,0.11024940778852392
2021-11-30 20:30:00,0.21617852161785217,-0.11553784860557781,-0.3879374534623977,-0.38475272272808425,0.41087016267291365,0.00033407572383073496,0.5,-0.5270865442630519,0.7269652621930033,0.6492509026312282,0.3204879597459028,0.7593149249706801,0.10837092807459602
2021-11-30 20:40:00,0.20571827057182707,0.003984063745019917,-0.3879374534623977,-0.38475272272808425,0.41087016267291365,0.00044543429844097997,0.5,-0.5270865442630519,0.7269652621930033,0.6492509026312282,0.3204879597459028,0.7593149249706801,0.09850325150504699
2021-11-30 20:50:00,0.23291492329149233,0.2749003984063745,-0.38972449739389436,-0.3854668809141224,0.41087016267291365,0.00044543429844097997,0.5,-0.5270865442630519,0.7269652621930033,0.6492509026312282,0.3204879597459028,0.7593149249706801,0.12201065226247415
2021-11-30 21:00:00,0.18549511854951187,0.1872509960159361,-0.39240506329113933,-0.3883235136582752,0.41087016267291365,0.00044543429844097997,0.5,-0.5296617029487134,0.7334794989755963,0.7003069028605082,0.32822379278468033,0.7884668820289265,0.08694569760248654
2021-11-30 21:10:00,0.25592747559274753,-0.26693227091633476,-0.3938942665673866,-0.3868951972861988,0.40524270065828216,0.00044543429844097997,0.5,-0.5296617029487134,0.7334794989755963,0.7003069028605082,0.32822379278468033,0.7884668820289265,0.11485884997812212
2021-11-30 21:20:00,0.29497907949790797,0.05976095617529875,-0.3938942665673866,-0.3883235136582752,0.3970894242975488,0.00044543429844097997,0.5,-0.5296617029487134,0.7334794989755963,0.7003069028605082,0.32822379278468033,0.7884668820289265,0.1463554475911704
2021-11-30 21:30:00,0.29009762900976294,0.11553784860557759,-0.39240506329113933,-0.38653811819317974,0.3970894242975488,0.00044543429844097997,0.5,-0.5296617029487134,0.7334794989755963,0.7003069028605082,0.32822379278468033,0.7884668820289265,0.1444920560677158
2021-11-30 21:40:00,0.23291492329149233,-0.03585657370517936,-0.3938942665673866,-0.3883235136582752,0.3970894242975488,0.00044543429844097997,0.5,-0.5296617029487134,0.7334794989755963,0.7003069028605082,0.32822379278468033,0.7884668820289265,0.08912594112588078
2021-11-30 21:50:00,0.1792189679218968,0.01195219123505975,-0.39627699180938203,-0.3883235136582752,0.3970894242975488,0.00022271714922048998,0.5,-0.5296617029487134,0.7334794989755963,0.7003069028605082,0.32822379278468033,0.7884668820289265,0.0531481509422575
2021-11-30 22:00:00,0.13528591352859135,0.3067729083665336,-0.4028294862248698,-0.38510980182110344,0.3970894242975488,0.00022271714922048998,0.5,-0.5941916928794155,0.7365685172999403,0.7892476080002974,0.3139982849440893,0.7981026801958317,0.03661903827873923
2021-11-30 22:10:00,0.13598326359832635,0.7290836653386452,-0.40759493670886093,-0.3858239600071416,0.3970894242975488,0.00033407572383073496,0.5,-0.5941916928794155,0.7365685172999403,0.7892476080002974,0.3139982849440893,0.7981026801958317,0.04482701389622343
2021-11-30 22:20:00,0.1882845188284519,0.7211155378486056,-0.41146686522710363,-0.38939475093733256,0.3970894242975488,0.00044543429844097997,0.5,-0.5941916928794155,0.7365685172999403,0.7892476080002974,0.3139982849440893,0.7981026801958317,0.08164974274635244
2021-11-30 22:30:00,0.23709902370990238,0.3067729083665336,-0.4108711839166047,-0.3983217282628101,0.40433968931174835,0.00044543429844097997,0.5,-0.5941916928794155,0.7365685172999403,0.7892476080002974,0.3139982849440893,0.7981026801958317,0.12794031111848755
2021-11-30 22:40:00,0.2796373779637378,-0.3705179282868527,-0.4078927773641102,-0.3968934118907338,0.41183860962426877,0.00044543429844097997,0.5,-0.5941916928794155,0.7365685172999403,0.7892476080002974,0.3139982849440893,0.7981026801958317,0.16699609215866743
2021-11-30 22:50:00,0.3396094839609484,0.3784860557768923,-0.4058078927773642,-0.39582217461167646,0.41183860962426877,0.00044543429844097997,0.5,-0.5941916928794155,0.7365685172999403,0.7892476080002974,0.3139982849440893,0.7981026801958317,0.23929870090680025
2021-11-30 23:00:00,0.3591352859135286,0.2111553784860556,-0.40521221146686526,-0.3890376718443135,0.41183860962426877,0.00044543429844097997,0.5,-0.6252932820540701,0.7349794688037897,0.8421526849656911,0.2916604304585294,0.8271085274877455,0.2717005899482475
2021-11-30 23:10:00,0.3493723849372385,0.027888446215139417,-0.40938198064035747,-0.3818960899839313,0.41183860962426877,0.00044543429844097997,0.5,-0.6252932820540701,0.7349794688037897,0.8421526849656911,0.2916604304585294,0.8271085274877455,0.23960046471626661
2021-11-30 23:20:00,0.32217573221757323,0.2111553784860556,-0.4064035740878631,-0.387252276379218,0.41183860962426877,0.00044543429844097997,0.5,-0.6252932820540701,0.7349794688037897,0.8421526849656911,0.2916604304585294,0.8271085274877455,0.22749219186143008
2021-11-30 23:30:00,0.34309623430962344,0.1394422310756971,-0.4037230081906181,-0.38475272272808425,0.41183860962426877,0.00044543429844097997,0.5,-0.6252932820540701,0.7349794688037897,0.8421526849656911,0.2916604304585294,0.8271085274877455,0.24591487242934956
2021-11-30 23:40:00,0.44421199442119946,0.027888446215139417,-0.40134028294862256,-0.3808248527048741,0.42122207535564254,0.00022271714922048998,0.5,-0.6252932820540701,0.7349794688037897,0.8421526849656911,0.2916604304585294,0.8271085274877455,0.3690118744059025
2021-11-30 23:50:00,0.4211994421199442,-0.21912350597609564,-0.39627699180938203,-0.3711837171933583,0.42311970789546005,0.00022271714922048998,0.5,-0.6252932820540701,0.7349794688037897,0.8421526849656911,0.2916604304585294,0.8271085274877455,0.34473497593433616
2021-12-01 00:00:00,0.3880753138075314,-0.11553784860557781,-0.39642591213700684,-0.3663631494376005,0.4193702477391999,0.000278396425389755,0.5,-0.6316365727299137,0.7306203610846925,0.8453321686724223,0.27850472175880736,0.8688814040753272,0.30005884394284593
2021-12-01 00:10:00,0.35495118549511856,-0.01195219123505975,-0.39657483246463154,-0.3615425816818424,0.4156207875829397,0.00033407572383073496,0.5,-0.6316365727299137,0.7306203610846925,0.8453321686724223,0.27850472175880736,0.8688814040753272,0.25538271195135565
2021-12-01 00:20:00,0.35564853556485354,0.41035856573705165,-0.4022338049143709,-0.3679700053561864,0.41183860962426877,0.00033407572383073496,0.5,-0.6316365727299137,0.7306203610846925,0.8453321686724223,0.27850472175880736,0.8688814040753272,0.24944550900010562
2021-12-01 00:30:00,0.299163179916318,-0.02788844621513953,-0.4061057334326137,-0.3711837171933583,0.41183860962426877,0.00033407572383073496,0.5,-0.6316365727299137,0.7306203610846925,0.8453321686724223,0.27850472175880736,0.8688814040753272,0.20227228148528148
2021-12-01 00:40:00,0.29428172942817293,-0.09960159362549814,-0.41176470588235303,-0.3811819317978933,0.41183860962426877,0.00033407572383073496,0.5,-0.6316365727299137,0.7306203610846925,0.8453321686724223,0.27850472175880736,0.8688814040753272,0.1906468307255911
2021-12-01 00:50:00,0.3054393305439331,0.06772908366533859,-0.41653015636634405,-0.38653811819317974,0.41183860962426877,0.00033407572383073496,0.5,-0.6316365727299137,0.7306203610846925,0.8453321686724223,0.27850472175880736,0.8688814040753272,0.1837967922507054
2021-12-01 01:00:00,0.2880055788005579,-0.019920318725099695,-0.4209977661950858,-0.3904659882163899,0.41183860962426877,0.00033407572383073496,0.5,-0.6587156125478325,0.736002436732595,0.865848791657964,0.27276085960236574,0.8910664663902018,0.16719223863482052
2021-12-01 01:10:00,0.23221757322175732,-0.059760956175298974,-0.4260610573343262,-0.39617925370469553,0.41183860962426877,0.00033407572383073496,0.5,-0.6587156125478325,0.736002436732595,0.865848791657964,0.27276085960236574,0.8910664663902018,0.12678606454727884
2021-12-01 01:20:00,0.21617852161785217,-0.11553784860557781,-0.42874162323157117,-0.40082128191394384,0.41183860962426877,0.00033407572383073496,0.5,-0.6587156125478325,0.736002436732595,0.865848791657964,0.27276085960236574,0.8910664663902018,0.10793337055086984
2021-12-01 01:30:00,0.2112970711297071,-0.42629482071713154,-0.4341027550260611,-0.4061774683092304,0.41183860962426877,0.00033407572383073496,0.5,-0.6587156125478325,0.736002436732595,0.865848791657964,0.27276085960236574,0.8910664663902018,0.09534981969612384
2021-12-01 01:40:00,0.19177126917712692,0.3067729083665336,-0.4379746835443039,-0.4083199428673451,0.41183860962426877,0.00033407572383073496,0.5,-0.6587156125478325,0.736002436732595,0.865848791657964,0.27276085960236574,0.8910664663902018,0.08693815350724987
2021-12-01 01:50:00,0.22524407252440726,0.3545816733067728,-0.43857036485480283,-0.41046241742545975,0.41183860962426877,0.00011135857461024499,0.5,-0.6587156125478325,0.736002436732595,0.865848791657964,0.27276085960236574,0.8910664663902018,0.10344463388505817
2021-12-01 02:00:00,0.21548117154811713,-0.11553784860557781,-0.43857036485480283,-0.41653276200678446,0.41183860962426877,0.00011135857461024499,0.5,-0.6598148970240039,0.7355225613277905,0.8492713957936009,0.2682772774293433,0.8811893278682631,0.0980883262670308
2021-12-01 02:10:00,0.22524407252440726,-0.1633466135458168,-0.44363365599404325,-0.41688984109980365,0.41183860962426877,0.00011135857461024499,0.5,-0.6598148970240039,0.7355225613277905,0.8492713957936009,0.2682772774293433,0.8811893278682631,0.10054770131418139
2021-12-01 02:20:00,0.25732217573221755,-0.42629482071713154,-0.4445271779597916,-0.41653276200678446,0.40854065514127547,0.00011135857461024499,0.5,-0.6598148970240039,0.7355225613277905,0.8492713957936009,0.2682772774293433,0.8811893278682631,0.11565852407320791
2021-12-01 02:30:00,0.2649930264993026,-0.17131474103585675,-0.4418466120625466,-0.41653276200678446,0.3980055227650469,0.00011135857461024499,0.5,-0.6598148970240039,0.7355225613277905,0.8492713957936009,0.2682772774293433,0.8811893278682631,0.1098571148362177
2021-12-01 02:40:00,0.2412831241283124,-0.5378486055776892,-0.44005956813105007,-0.41688984109980365,0.3980055227650469,0.00011135857461024499,0.5,-0.6598148970240039,0.7355225613277905,0.8492713957936009,0.2682772774293433,0.8811893278682631,0.09578737721985002
2021-12-01 02:50:00,0.25383542538354253,-0.3067729083665339,-0.4418466120625466,-0.41974647384395647,0.39176296606509536,0.00011135857461024499,0.5,-0.6598148970240039,0.7355225613277905,0.8492713957936009,0.2682772774293433,0.8811893278682631,0.10667350664634791
2021-12-01 03:00:00,0.28521617852161785,0.03585657370517925,-0.4424422933730455,-0.4204606320299946,0.384120087421968,0.00011135857461024499,0.5,-0.6642547602363134,0.7434476892706198,0.8563363374331072,0.2576037504546531,0.8674951823286325,0.12788750245183098
2021-12-01 03:10:00,0.2398884239888424,-0.07569721115537853,-0.4445271779597916,-0.4204606320299946,0.384120087421968,0.00011135857461024499,0.5,-0.6642547602363134,0.7434476892706198,0.8563363374331072,0.2576037504546531,0.8674951823286325,0.10109842026645743
2021-12-01 03:20:00,0.19386331938633192,0.08366533864541825,-0.4457185405807893,-0.4204606320299946,0.384120087421968,0.00022271714922048998,0.5,-0.6642547602363134,0.7434476892706198,0.8563363374331072,0.2576037504546531,0.8674951823286325,0.0662899648445162
2021-12-01 03:30:00,0.19456066945606695,0.03585657370517925,-0.4486969471332838,-0.4204606320299946,0.384120087421968,0.00022271714922048998,0.5,-0.6642547602363134,0.7434476892706198,0.8563363374331072,0.2576037504546531,0.8674951823286325,0.06483395446384115
2021-12-01 03:40:00,0.1771269177126918,0.7529880478087649,-0.45465376023827264,-0.42188894840207114,0.384120087421968,0.00022271714922048998,0.5,-0.6642547602363134,0.7434476892706198,0.8563363374331072,0.2576037504546531,0.8674951823286325,0.05280112256137121
2021-12-01 03:50:00,0.14574616457461645,0.1872509960159361,-0.45912137006701415,-0.4204606320299946,0.39957597728075805,0.00033407572383073496,0.5,-0.6642547602363134,0.7434476892706198,0.8563363374331072,0.2576037504546531,0.8674951823286325,0.04155287656351374
2021-12-01 04:00:00,0.12831241283124128,0.13147410358565725,-0.46239761727475814,-0.4204606320299946,0.40062294695789874,0.00033407572383073496,0.5,-0.6969615335483719,0.7480050688635591,0.9177029599811403,0.2571709216380461,0.8715127411637292,0.03263575599378366
2021-12-01 04:10:00,0.10460251046025104,0.7051792828685257,-0.4650781831720031,-0.4204606320299946,0.40080616665139834,0.00033407572383073496,0.5,-0.6969615335483719,0.7480050688635591,0.9177029599811403,0.2571709216380461,0.8715127411637292,0.020851879234123454
2021-12-01 04:20:00,0.1589958158995816,0.5697211155378485,-0.4653760238272525,-0.4226031065881092,0.4169949352841868,0.00044543429844097997,0.5,-0.6969615335483719,0.7480050688635591,0.9177029599811403,0.2571709216380461,0.8715127411637292,0.0484481796098194
2021-12-01 04:30:00,0.14644351464435149,0.3227091633466135,-0.4653760238272525,-0.4301017675415104,0.41707345800997236,0.00044543429844097997,0.5,-0.6969615335483719,0.7480050688635591,0.9177029599811403,0.2571709216380461,0.8715127411637292,0.040602320563694796
2021-12-01 04:40:00,0.11506276150627615,-0.1633466135458168,-0.4653760238272525,-0.43117300482056775,0.41707345800997236,0.00044543429844097997,0.5,-0.6969615335483719,0.7480050688635591,0.9177029599811403,0.2571709216380461,0.8715127411637292,0.0202106311390075
2021-12-01 04:50:00,0.10460251046025104,-0.24302788844621515,-0.4659717051377513,-0.42760221389037667,0.41707345800997236,0.00044543429844097997,0.5,-0.6969615335483719,0.7480050688635591,0.9177029599811403,0.2571709216380461,0.8715127411637292,0.00915098752206648
2021-12-01 05:00:00,0.10739191073919108,-0.298804780876494,-0.47103499627699197,-0.42760221389037667,0.40689167789977876,0.00044543429844097997,0.5,-0.6988862736360838,0.7461257963201884,0.9269906995789898,0.2715472754066807,0.8730925609836507,0.007913755903254523
2021-12-01 05:10:00,0.11854951185495119,-0.03585657370517936,-0.4719285182427403,-0.4251026602392429,0.40062294695789874,0.00044543429844097997,0.5,-0.6988862736360838,0.7461257963201884,0.9269906995789898,0.2715472754066807,0.8730925609836507,0.010810688474131297
2021-12-01 05:20:00,0.12343096234309624,-0.13147410358565736,-0.47431124348473575,-0.42153186930905195,0.40062294695789874,0.00044543429844097997,0.5,-0.6988862736360838,0.7461257963201884,0.9269906995789898,0.2715472754066807,0.8730925609836507,0.013941487997344479
2021-12-01 05:30:00,0.12343096234309624,-0.1872509960159363,-0.475800446760983,-0.42653097661131933,0.40062294695789874,0.00044543429844097997,0.5,-0.6988862736360838,0.7461257963201884,0.9269906995789898,0.2715472754066807,0.8730925609836507,0.017057199330084344
2021-12-01 05:40:00,0.09902370990237098,0.3705179282868525,-0.47818317200297844,-0.42653097661131933,0.40062294695789874,0.00044543429844097997,0.5,-0.6988862736360838,0.7461257963201884,0.9269906995789898,0.2715472754066807,0.8730925609836507,0.0012824961902319055
2021-12-01 05:50:00,0.11018131101813111,-0.12350597609561753,-0.44393149664929277,-0.3711837171933583,0.4135530224705867,0.00044543429844097997,0.5,-0.6988862736360838,0.7461257963201884,0.9269906995789898,0.2715472754066807,0.8730925609836507,0.009588545045792658
2021-12-01 06:00:00,0.1311018131101813,-0.45019920318725104,-0.42040208488458686,-0.3036957686127477,0.409574537697452,0.00044543429844097997,0.5,-0.7152971610183766,0.7614185921547553,0.9513713489104194,0.2864866547081198,0.9328702103772649,0.020029572853327703
2021-12-01 06:10:00,0.15690376569037656,0.394422310756972,-0.4019359642591215,-0.2672737011247991,0.4008454280142912,0.00044543429844097997,0.5,-0.7152971610183766,0.7614185921547553,0.9513713489104194,0.2864866547081198,0.9328702103772649,0.039304736182989575
2021-12-01 06:20:00,0.23430962343096234,0.027888446215139417,-0.38912881608339545,-0.2547759328691306,0.4170211095261153,0.00044543429844097997,0.5,-0.7152971610183766,0.7614185921547553,0.9513713489104194,0.2864866547081198,0.9328702103772649,0.10582102388460553
2021-12-01 06:30:00,0.2105997210599721,0.3705179282868525,-0.37334326135517504,-0.2622745938225317,0.42178482155710567,0.00044543429844097997,0.5,-0.7152971610183766,0.7614185921547553,0.9513713489104194,0.2864866547081198,0.9328702103772649,0.08087270093697663
2021-12-01 06:40:00,0.1631799163179916,0.3067729083665336,-0.36619508562918845,-0.25334761649705406,0.4380128515527869,0.00044543429844097997,0.5,-0.7152971610183766,0.7614185921547553,0.9513713489104194,0.2864866547081198,0.9328702103772649,0.04076829065890128
2021-12-01 06:50:00,0.20641562064156208,0.05976095617529875,-0.35904690990320187,-0.24049276914836637,0.4473308816793394,0.00044543429844097997,0.5,-0.7152971610183766,0.7614185921547553,0.9513713489104194,0.2864866547081198,0.9328702103772649,0.043114504277502
2021-12-01 07:00:00,0.1701534170153417,0.01195219123505975,-0.35815338793745355,-0.22942331726477416,0.4473832301631964,0.00044543429844097997,0.5,-0.7212037930467481,0.7459447654788576,0.9538409271532753,0.26331200085739,0.9416245146973254,0.021538391900659357
2021-12-01 07:10:00,0.18479776847977683,-0.17928286852589637,-0.35815338793745355,-0.2112122835207998,0.4473832301631964,0.00044543429844097997,0.5,-0.7212037930467481,0.7459447654788576,0.9538409271532753,0.26331200085739,0.9416245146973254,0.029753911613380205
2021-12-01 07:20:00,0.23500697350069735,-0.4183266932270917,-0.3569620253164557,-0.20442778075343682,0.44237086283388516,0.00044543429844097997,0.5,-0.7212037930467481,0.7459447654788576,0.9538409271532753,0.26331200085739,0.9416245146973254,0.07667818398539464
2021-12-01 07:30:00,0.24058577405857742,-0.08366533864541836,-0.3486224869694715,-0.21371183717193354,0.44340474539006164,0.00044543429844097997,0.5,-0.7212037930467481,0.7459447654788576,0.9538409271532753,0.26331200085739,0.9416245146973254,0.06763281379664138
2021-12-01 07:40:00,0.2391910739191074,0.1394422310756971,-0.34594192107222654,-0.2172826281021245,0.43586656371464844,0.00044543429844097997,0.5,-0.7212037930467481,0.7459447654788576,0.9538409271532753,0.26331200085739,0.9416245146973254,0.062465108559530455
2021-12-01 07:50:00,0.2594142259414226,-0.4900398406374503,-0.34177215189873433,-0.2194251026602393,0.44730470743741085,0.00044543429844097997,0.5,-0.7212037930467481,0.7459447654788576,0.9538409271532753,0.26331200085739,0.9416245146973254,0.08772273941186234
2021-12-01 08:00:00,0.24337517433751746,-0.3784860557768924,-0.35070737155621756,-0.2240671308694876,0.44730470743741085,0.00044543429844097997,0.5,-0.7302260705758044,0.7595623076547332,0.9693728673827354,0.29387233714497174,0.9112318524022207,0.0849087918885888
2021-12-01 08:10:00,0.1903765690376569,0.22709163346613526,-0.40938198064035747,-0.2986966613104802,0.44730470743741085,0.00044543429844097997,0.5,-0.7302260705758044,0.7595623076547332,0.9693728673827354,0.29387233714497174,0.9112318524022207,0.060315041417082854
2021-12-01 08:20:00,0.20362622036262204,-0.043824701195219196,-0.43469843633656013,-0.3579717907516514,0.44730470743741085,0.00044543429844097997,0.5,-0.7302260705758044,0.7595623076547332,0.9693728673827354,0.29387233714497174,0.9112318524022207,0.05907026570303423
2021-12-01 08:30:00,0.2196652719665272,0.15537848605577675,-0.4498883097542815,-0.384038564542046,0.44730470743741085,0.00044543429844097997,0.5,-0.7302260705758044,0.7595623076547332,0.9693728673827354,0.29387233714497174,0.9112318524022207,0.06902847141542315
2021-12-01 08:40:00,0.22384937238493724,-0.3944223107569722,-0.4567386448250187,-0.3983217282628101,0.44473963172841613,0.00044543429844097997,0.5,-0.7302260705758044,0.7595623076547332,0.9693728673827354,0.29387233714497174,0.9112318524022207,0.07120117084358073
2021-12-01 08:50:00,0.199442119944212,-0.03585657370517936,-0.4561429635145199,-0.40546331012319237,0.43341927209433195,0.00044543429844097997,0.5,-0.7302260705758044,0.7595623076547332,0.9693728673827354,0.29387233714497174,0.9112318524022207,0.07784751874707667
2021-12-01 09:00:00,0.2496513249651325,0.08366533864541825,-0.4534623976172749,-0.407962863774326,0.43341927209433195,0.00044543429844097997,0.5,-0.7330638514880314,0.7750792369119034,0.9683471947511127,0.31921038469144086,0.9082687785074457,0.10967605655053789
2021-12-01 09:10:00,0.303347280334728,0.3306772908366533,-0.44720774385703654,-0.4097482592394215,0.43341927209433195,0.00044543429844097997,0.5,-0.7330638514880314,0.7750792369119034,0.9683471947511127,0.31921038469144086,0.9082687785074457,0.14837726511459481
2021-12-01 09:20:00,0.32984658298465835,0.17928286852589648,-0.43946388682055104,-0.4093911801464024,0.43341927209433195,0.00044543429844097997,0.5,-0.7330638514880314,0.7750792369119034,0.9683471947511127,0.31921038469144086,0.9082687785074457,0.1971498408195905
2021-12-01 09:30:00,0.3326359832635983,0.08366533864541825,-0.4335070737155622,-0.40582038921621133,0.43341927209433195,0.00044543429844097997,0.5,-0.7330638514880314,0.7750792369119034,0.9683471947511127,0.31921038469144086,0.9082687785074457,0.20786245605564524
2021-12-01 09:40:00,0.32496513249651326,0.09960159362549792,-0.4293373045420701,-0.4004642028209249,0.43341927209433195,0.00044543429844097997,0.5,-0.7330638514880314,0.7750792369119034,0.9683471947511127,0.31921038469144086,0.9082687785074457,0.19046577243991128
2021-12-01 09:50:00,0.37099023709902373,-0.21115537848605592,-0.4266567386448251,-0.3951080164256383,0.43341927209433195,0.00044543429844097997,0.5,-0.7330638514880314,0.7750792369119034,0.9683471947511127,0.31921038469144086,0.9082687785074457,0.21812996967273715
2021-12-01 10:00:00,0.3772663877266388,-0.1633466135458168,-0.4260610573343262,-0.38975183003035174,0.43341927209433195,0.00044543429844097997,0.5,-0.5729531459134294,0.7998632211421057,0.8337852354627581,0.2659070480643334,0.9024345543531712,0.24290477842992292
2021-12-01 10:10:00,0.3758716875871687,-0.20318725099601598,-0.42367833209233074,-0.3808248527048741,0.43341927209433195,0.00044543429844097997,0.5,-0.5729531459134294,0.7998632211421057,0.8337852354627581,0.2659070480643334,0.9024345543531712,0.25404740709446716
2021-12-01 10:20:00,0.3242677824267783,0.2350597609561753,-0.42367833209233074,-0.383681485449027,0.43341927209433195,0.00044543429844097997,0.5,-0.5729531459134294,0.7998632211421057,0.8337852354627581,0.2659070480643334,0.9024345543531712,0.19188406234440303
2021-12-01 10:30:00,0.299860529986053,0.22709163346613526,-0.42010424422933734,-0.387252276379218,0.43341927209433195,0.00044543429844097997,0.5,-0.5729531459134294,0.7998632211421057,0.8337852354627581,0.2659070480643334,0.9024345543531712,0.16588711015887864
2021-12-01 10:40:00,0.2768479776847978,-0.003984063745020028,-0.4177215189873419,-0.38475272272808425,0.43341927209433195,0.00044543429844097997,0.5,-0.5729531459134294,0.7998632211421057,0.8337852354627581,0.2659070480643334,0.9024345543531712,0.1387811759735655
2021-12-01 10:50:00,0.2712691771269177,0.01195219123505975,-0.4141474311243486,-0.3793965363327976,0.43341927209433195,0.00044543429844097997,0.5,-0.5729531459134294,0.7998632211421057,0.8337852354627581,0.2659070480643334,0.9024345543531712,0.12151274197685472
2021-12-01 11:00:00,0.2294281729428173,-0.19521912350597614,-0.4108711839166047,-0.37653990358864486,0.43341927209433195,0.00044543429844097997,0.5,-0.5482966076906222,0.8047970299448017,0.7547736957579535,0.24629806286704148,0.8457162261762977,0.09758287188617469
2021-12-01 11:10:00,0.26569037656903766,-0.4820717131474104,-0.4061057334326137,-0.3740403499375111,0.4330528327073327,0.00044543429844097997,0.5,-0.5482966076906222,0.8047970299448017,0.7547736957579535,0.24629806286704148,0.8457162261762977,0.12889841121354317
2021-12-01 11:20:00,0.2608089260808926,0.21912350597609564,-0.4034251675353687,-0.37189787537939656,0.41958618523511015,0.00044543429844097997,0.5,-0.5482966076906222,0.8047970299448017,0.7547736957579535,0.24629806286704148,0.8457162261762977,0.12593358178553646
2021-12-01 11:30:00,0.2789400278940028,0.2828685258964143,-0.40134028294862256,-0.36689876807712907,0.41958618523511015,0.00044543429844097997,0.5,-0.5482966076906222,0.8047970299448017,0.7547736957579535,0.24629806286704148,0.8457162261762977,0.14462784978197565
2021-12-01 11:40:00,0.2601115760111576,0.2749003984063745,-0.39746835443037987,-0.36368505623995717,0.41958618523511015,0.00044543429844097997,0.5,-0.5482966076906222,0.8047970299448017,0.7547736957579535,0.24629806286704148,0.8457162261762977,0.12889841121354317
2021-12-01 11:50:00,0.24267782426778242,-0.23505976095617542,-0.3947877885331348,-0.35904302803070876,0.4183821701063983,0.00044543429844097997,0.5,-0.5482966076906222,0.8047970299448017,0.7547736957579535,0.24629806286704148,0.8457162261762977,0.1055343482656125
2021-12-01 12:00:00,0.2398884239888424,0.03585657370517925,-0.38883097542814604,-0.3522585252633458,0.39635654552355026,0.00033407572383073496,0.5,-0.532825210132802,0.8086906297861851,0.7205073782359319,0.29909011452149986,0.7862981280100253,0.10207915264722302
2021-12-01 12:10:00,0.2545327754532775,0.5378486055776892,-0.3828741623231572,-0.3458311015890019,0.40093703786104096,0.00033407572383073496,0.5,-0.532825210132802,0.8086906297861851,0.7205073782359319,0.29909011452149986,0.7862981280100253,0.12926807188013942
2021-12-01 12:20:00,0.28870292887029286,-0.019920318725099695,-0.37781087118391665,-0.34333154793786824,0.4057138370129955,0.24832962138084633,0.5,-0.532825210132802,0.8086906297861851,0.7205073782359319,0.29909011452149986,0.7862981280100253,0.11682031473965328
2021-12-01 12:30:00,0.29707112970711297,-0.2828685258964144,-0.35815338793745355,-0.318336011426531,0.4057138370129955,0.9944320712694877,0.5,-0.532825210132802,0.8086906297861851,0.7205073782359319,0.29909011452149986,0.7862981280100253,0.0
2021-12-01 12:40:00,0.2635983263598326,-0.11553784860557781,-0.332836932241251,-0.27620067845027674,0.4057138370129955,0.9944320712694877,0.5,-0.532825210132802,0.8086906297861851,0.7205073782359319,0.29909011452149986,0.7862981280100253,0.0
2021-12-01 12:50:00,0.3228730822873082,-0.2509960159362551,-0.31526433358153394,-0.25870380289234074,0.4057138370129955,0.9944320712694877,0.5,-0.532825210132802,0.8086906297861851,0.7205073782359319,0.29909011452149986,0.7862981280100253,0.0
2021-12-01 13:00:00,0.31311018131101814,0.12350597609561742,-0.30394638868205526,-0.2626316729155508,0.4057138370129955,0.9944320712694877,0.5,-0.3762138773533523,0.7950845816319796,0.5294979162537282,0.3575474184825743,0.7553847098862819,0.0
2021-12-01 13:10:00,0.3702928870292887,-0.15537848605577698,-0.29233060312732695,-0.26334583110158893,0.4057138370129955,0.9944320712694877,0.5,-0.3762138773533523,0.7950845816319796,0.5294979162537282,0.3575474184825743,0.7553847098862819,0.0
2021-12-01 13:20:00,0.31520223152022314,-0.07569721115537853,-0.2816083395383471,-0.26156043563649345,0.4057138370129955,0.9944320712694877,0.5,-0.3762138773533523,0.7950845816319796,0.5294979162537282,0.3575474184825743,0.7553847098862819,0.0
2021-12-01 13:30:00,0.3682008368200837,-0.05179282868525903,-0.2699925539836189,-0.256204249241207,0.4057138370129955,0.9944320712694877,0.5,-0.3762138773533523,0.7950845816319796,0.5294979162537282,0.3575474184825743,0.7553847098862819,0.0
2021-12-01 13:40:00,0.39400278940027894,-0.2749003984063746,-0.26046165301563673,-0.2554900910551686,0.4057138370129955,0.9944320712694877,0.5,-0.3762138773533523,0.7950845816319796,0.5294979162537282,0.3575474184825743,0.7553847098862819,0.0
2021-12-01 13:50:00,0.42538354253835425,-0.10756972111553798,-0.2476545048399108,-0.2554900910551686,0.4057138370129955,0.7097995545657017,0.5,-0.3762138773533523,0.7950845816319796,0.5294979162537282,0.3575474184825743,0.7553847098862819,0.03787890218326116
2021-12-01 14:00:00,0.4435146443514645,-0.003984063745020028,-0.23842144452717806,-0.2304945545438314,0.4057138370129955,0.1026726057906459,0.5,-0.3631364644991384,0.7805532647331836,0.5044938486907139,0.39240458091467406,0.7543433688423484,0.16919896796777162
2021-12-01 14:10:00,0.48465829846582986,-0.1633466135458168,-0.22472077438570381,-0.2126405998928762,0.4057269241339597,0.11848552338530068,0.5,-0.3631364644991384,0.7805532647331836,0.5044938486907139,0.39240458091467406,0.7543433688423484,0.16935739396774147
2021-12-01 14:20:00,0.4476987447698745,0.09163346613545809,-0.2092330603127328,-0.19621496161399754,0.4057792726178168,0.10400890868596882,0.5,-0.3631364644991384,0.7805532647331836,0.5044938486907139,0.39240458091467406,0.7543433688423484,0.16919142387253497
2021-12-01 14:30:00,0.4121338912133891,0.027888446215139417,-0.19910647803425174,-0.17479021603285128,0.40892018164923905,0.08329621380846326,0.5,-0.3631364644991384,0.7805532647331836,0.5044938486907139,0.39240458091467406,0.7543433688423484,0.16919896796777162
2021-12-01 14:40:00,0.40097629009762903,0.19521912350597592,-0.18749069247952344,-0.15586502410283876,0.4080564316655979,0.07527839643652562,0.5,-0.3631364644991384,0.7805532647331836,0.5044938486907139,0.39240458091467406,0.7543433688423484,0.16925177663442822
2021-12-01 14:50:00,0.3723849372384937,-0.11553784860557781,-0.1967237527922563,-0.15300839135868594,0.4040125112876419,0.021269487750556794,0.5,-0.3631364644991384,0.7805532647331836,0.5044938486907139,0.39240458091467406,0.7543433688423484,0.2324788388128612
2021-12-01 15:00:00,0.3842398884239888,0.1872509960159361,-0.243782576321668,-0.20728441349758975,0.3928622842260931,0.009688195991091315,0.5,-0.34535249712913285,0.767065030301117,0.4776201605035637,0.4123079258705019,0.7530862969508613,0.27576685728080635
2021-12-01 15:10:00,0.41352859135285913,-0.15537848605577698,-0.254504839910648,-0.2319228709159079,0.3888837994529583,0.020155902004454343,0.5,-0.34535249712913285,0.767065030301117,0.4776201605035637,0.4123079258705019,0.7530862969508613,0.31736499841574
2021-12-01 15:20:00,0.3849372384937238,0.05179282868525892,-0.25688756515264344,-0.24120692733440452,0.39458978419337526,0.011581291759465479,0.5,-0.34535249712913285,0.767065030301117,0.4776201605035637,0.4123079258705019,0.7530862969508613,0.27311133575750257
2021-12-01 15:30:00,0.3235704323570432,0.06772908366533859,-0.25688756515264344,-0.24513479735761468,0.39926188637761584,0.00044543429844097997,0.5,-0.34535249712913285,0.767065030301117,0.4776201605035637,0.4123079258705019,0.7530862969508613,0.2055388747227545
2021-12-01 15:40:00,0.3179916317991632,0.31474103585657365,-0.25688756515264344,-0.25370469559007325,0.3975736477732264,0.00033407572383073496,0.5,-0.34535249712913285,0.767065030301117,0.4776201605035637,0.4123079258705019,0.7530862969508613,0.20513903767521163
2021-12-01 15:50:00,0.2545327754532775,0.31474103585657365,-0.25688756515264344,-0.256204249241207,0.3975736477732264,0.00033407572383073496,0.5,-0.34535249712913285,0.767065030301117,0.4776201605035637,0.4123079258705019,0.7530862969508613,0.13109374292741072
2021-12-01 16:00:00,0.24267782426778242,-0.15537848605577698,-0.25688756515264344,-0.26156043563649345,0.3975736477732264,0.00022271714922048998,0.5,-0.3001271419770978,0.7615680144364922,0.43432886224777784,0.40476558426426784,0.7477456071828813,0.12030568673898939
2021-12-01 16:10:00,0.18898186889818688,-0.01195219123505975,-0.2553983618763962,-0.26334583110158893,0.3975736477732264,0.00033407572383073496,0.5,-0.3001271419770978,0.7615680144364922,0.43432886224777784,0.40476558426426784,0.7477456071828813,0.06804019493942091
2021-12-01 16:20:00,0.22036262203626222,-0.23505976095617542,-0.2527177959791512,-0.26620246384574175,0.3975736477732264,0.00033407572383073496,0.5,-0.3001271419770978,0.7615680144364922,0.43432886224777784,0.40476558426426784,0.7477456071828813,0.09211340283959744
2021-12-01 16:30:00,0.13389121338912133,0.2828685258964143,-0.25390915860014907,-0.26691662203178,0.3975736477732264,0.00033407572383073496,0.5,-0.3001271419770978,0.7615680144364922,0.43432886224777784,0.40476558426426784,0.7477456071828813,0.02973127932767023
2021-12-01 16:40:00,0.1499302649930265,-0.3466135458167332,-0.25390915860014907,-0.26334583110158893,0.3975736477732264,0.00022271714922048998,0.5,-0.3001271419770978,0.7615680144364922,0.43432886224777784,0.40476558426426784,0.7477456071828813,0.04194516951581997
2021-12-01 16:50:00,0.14574616457461645,-0.4820717131474104,-0.25301563663440074,-0.26691662203178,0.3975736477732264,0.00022271714922048998,0.5,-0.3001271419770978,0.7615680144364922,0.43432886224777784,0.40476558426426784,0.7477456071828813,0.04028546856375515
2021-12-01 17:00:00,0.15202231520223153,-0.23505976095617542,-0.25688756515264344,-0.2740582038921622,0.38223554200311477,0.00022271714922048998,0.5,-0.2917237310233428,0.7581111874186451,0.4170704745397186,0.3592243080680419,0.7307037360749665,0.03977247008766239
2021-12-01 17:10:00,0.1394700139470014,-0.19521912350597614,-0.259270290394639,-0.2779860739153722,0.38096609126958164,0.00033407572383073496,0.5,-0.2917237310233428,0.7581111874186451,0.4170704745397186,0.3592243080680419,0.7307037360749665,0.0350875869456976
2021-12-01 17:20:00,0.16666666666666669,0.019920318725099362,-0.2634400595681312,-0.28548473486877346,0.3647380612739004,0.00033407572383073496,0.5,-0.2917237310233428,0.7581111874186451,0.4170704745397186,0.3592243080680419,0.7307037360749665,0.053336753323173954
2021-12-01 17:30:00,0.13528591352859135,-0.07569721115537853,-0.2679076693968728,-0.2915550794500982,0.36462027718522205,0.00033407572383073496,0.5,-0.2917237310233428,0.7581111874186451,0.4170704745397186,0.3592243080680419,0.7307037360749665,0.0278754318994523
2021-12-01 17:40:00,0.09414225941422595,-0.2828685258964144,-0.2741623231571111,-0.29512587038028915,0.36462027718522205,0.019599109131403118,0.5,-0.2917237310233428,0.7581111874186451,0.4170704745397186,0.3592243080680419,0.7307037360749665,0.0
2021-12-01 17:50:00,0.12552301255230125,-0.05179282868525903,-0.2792256142963515,-0.318336011426531,0.35027679260839406,0.5224944320712696,0.5,-0.2917237310233428,0.7581111874186451,0.4170704745397186,0.3592243080680419,0.7307037360749665,0.0
2021-12-01 18:00:00,0.1499302649930265,0.4183266932270917,-0.26612062546537607,-0.3101231922870915,0.3481435918912198,0.994988864142539,0.5,-0.47135486586554776,0.753352662446447,0.6010209551462249,0.25836328705080525,0.7162773444621369,0.0
2021-12-01 18:10:00,0.12203626220362622,-0.059760956175298974,-0.2583767684288907,-0.2829851812176397,0.3481435918912198,0.994988864142539,0.5,-0.47135486586554776,0.753352662446447,0.6010209551462249,0.25836328705080525,0.7162773444621369,0.0
2021-12-01 18:20:00,0.11087866108786612,0.29482071713147406,-0.26403574087863,-0.2801285484734869,0.3481435918912198,0.994988864142539,0.5,-0.47135486586554776,0.753352662446447,0.6010209551462249,0.25836328705080525,0.7162773444621369,0.0
2021-12-01 18:30:00,0.100418410041841,0.6494023904382469,-0.26880119136262115,-0.28584181396179253,0.3481435918912198,0.994988864142539,0.5,-0.47135486586554776,0.753352662446447,0.6010209551462249,0.25836328705080525,0.7162773444621369,0.0
2021-12-01 18:40:00,0.11854951185495119,0.8167330677290834,-0.2744601638123605,-0.2922692376361363,0.3481435918912198,0.994988864142539,0.5,-0.47135486586554776,0.753352662446447,0.6010209551462249,0.25836328705080525,0.7162773444621369,0.0
2021-12-01 18:50:00,0.1297071129707113,0.7450199203187249,-0.2827997021593449,-0.301196214961614,0.3481435918912198,0.994988864142539,0.5,-0.47135486586554776,0.753352662446447,0.6010209551462249,0.25836328705080525,0.7162773444621369,0.0
2021-12-01 19:00:00,0.13807531380753138,0.7277556440903055,-0.2938198064035742,-0.31119442956614896,0.3481435918912198,0.994988864142539,0.5,-0.5030865282535688,0.746895895772213,0.6736129102864896,0.18530067982863135,0.8047440288407842,0.0
2021-12-01 19:10:00,0.12343096234309624,0.7104913678618858,-0.2985852568875653,-0.3236921978218176,0.3481435918912198,0.994988864142539,0.5,-0.5030865282535688,0.746895895772213,0.6736129102864896,0.18530067982863135,0.8047440288407842,0.0
2021-12-01 19:20:00,0.11785216178521618,0.693227091633466,-0.2979895755770663,-0.3340474915193715,0.3481435918912198,0.994988864142539,0.5,-0.5030865282535688,0.746895895772213,0.6736129102864896,0.18530067982863135,0.8047440288407842,0.0
2021-12-01 19:30:00,0.11506276150627615,0.6759628154050463,-0.30067014147431137,-0.3386895197286198,0.3481435918912198,0.994988864142539,0.5,-0.5030865282535688,0.746895895772213,0.6736129102864896,0.18530067982863135,0.8047440288407842,0.0
2021-12-01 19:40:00,0.10460251046025104,0.6586985391766267,-0.30781831720029795,-0.3451169434029637,0.3481435918912198,0.994988864142539,0.5,-0.5030865282535688,0.746895895772213,0.6736129102864896,0.18530067982863135,0.8047440288407842,0.0
2021-12-01 19:50:00,0.10808926080892609,0.6414342629482073,-0.3134772896500374,-0.3454740224959829,0.3481435918912198,0.994988864142539,0.5,-0.5030865282535688,0.746895895772213,0.6736129102864896,0.18530067982863135,0.8047440288407842,0.0
2021-12-01 20:00:00,0.08716875871687588,0.6241699867197874,-0.3104988830975429,-0.35083020889126937,0.3481435918912198,0.994988864142539,0.5,-0.515263140867107,0.7454304080090343,0.7169704055147912,0.19299582017803973,0.9479862786446888,0.0
2021-12-01 20:10:00,0.11436541143654114,0.6069057104913678,-0.30841399851079676,-0.35618639528655593,0.3481435918912198,0.994988864142539,0.5,-0.515263140867107,0.7454304080090343,0.7169704055147912,0.19299582017803973,0.9479862786446888,0.0
2021-12-01 20:20:00,0.10739191073919108,0.5896414342629481,-0.30752047654504844,-0.359757186216747,0.3481435918912198,0.994988864142539,0.5,-0.515263140867107,0.7454304080090343,0.7169704055147912,0.19299582017803973,0.9479862786446888,0.0
2021-12-01 20:30:00,0.1199442119944212,0.5723771580345285,-0.30752047654504844,-0.3633279771469381,0.3481435918912198,0.994988864142539,0.5,-0.515263140867107,0.7454304080090343,0.7169704055147912,0.19299582017803973,0.9479862786446888,0.0
2021-12-01 20:40:00,0.12831241283124128,0.5551128818061086,-0.30454206999255407,-0.37082663810033933,0.3481435918912198,0.994988864142539,0.5,-0.515263140867107,0.7454304080090343,0.7169704055147912,0.19299582017803973,0.9479862786446888,0.0
2021-12-01 20:50:00,0.10390516039051603,0.5378486055776892,-0.30722263588979903,-0.3740403499375111,0.3481435918912198,0.994988864142539,0.5,-0.515263140867107,0.7454304080090343,0.7169704055147912,0.19299582017803973,0.9479862786446888,0.0
2021-12-01 21:00:00,0.11227336122733612,0.5205843293492693,-0.30752047654504844,-0.37511158721656845,0.3481435918912198,0.994988864142539,0.5,-0.5193111386311159,0.7400569528773854,0.7384906354744504,0.277488037381334,0.025066518565096063,0.0
2021-12-01 21:10:00,0.10808926080892609,0.5033200531208499,-0.3093075204765452,-0.3776111408677022,0.3481435918912198,0.994988864142539,0.5,-0.5193111386311159,0.7400569528773854,0.7384906354744504,0.277488037381334,0.025066518565096063,0.0
2021-12-01 21:20:00,0.12482566248256625,0.48605577689243007,-0.3104988830975429,-0.3818960899839313,0.3481435918912198,0.994988864142539,0.5,-0.5193111386311159,0.7400569528773854,0.7384906354744504,0.277488037381334,0.025066518565096063,0.0
2021-12-01 21:30:00,0.15550906555090654,0.46879150066401065,-0.30781831720029795,-0.38653811819317974,0.3481435918912198,0.994988864142539,0.5,-0.5193111386311159,0.7400569528773854,0.7384906354744504,0.277488037381334,0.025066518565096063,0.0
2021-12-01 21:40:00,0.17433751743375175,0.451527224435591,-0.3096053611317946,-0.3936797000535618,0.3481435918912198,0.994988864142539,0.5,-0.5193111386311159,0.7400569528773854,0.7384906354744504,0.277488037381334,0.025066518565096063,0.0
2021-12-01 21:50:00,0.14504881450488147,0.43426294820717115,-0.3128816083395384,-0.4001071237279057,0.4031356741830365,0.994988864142539,0.5,-0.5193111386311159,0.7400569528773854,0.7384906354744504,0.277488037381334,0.025066518565096063,0.0
2021-12-01 22:00:00,0.13807531380753138,0.4169986719787515,-0.3203276247207745,-0.39760757007677205,0.43178338197379956,0.994988864142539,0.5,-0.606854860362288,0.7504504219742709,0.8120784619272932,0.3306618734346748,0.04181601342059677,0.0
2021-12-01 22:10:00,0.1297071129707113,0.3997343957503319,-0.31943410275502615,-0.4001071237279057,0.43178338197379956,0.994988864142539,0.5,-0.606854860362288,0.7504504219742709,0.8120784619272932,0.3306618734346748,0.04181601342059677,0.0
2021-12-01 22:20:00,0.11924686192468618,0.38247011952191245,-0.31943410275502615,-0.4061774683092304,0.43178338197379956,0.994988864142539,0.5,-0.606854860362288,0.7504504219742709,0.8120784619272932,0.3306618734346748,0.04181601342059677,0.0
2021-12-01 22:30:00,0.10390516039051603,0.3652058432934926,-0.3206254653760239,-0.40724870558828774,0.43178338197379956,0.994988864142539,0.5,-0.606854860362288,0.7504504219742709,0.8120784619272932,0.3306618734346748,0.04181601342059677,0.0
2021-12-01 22:40:00,0.07880055788005579,0.34794156706507273,-0.31943410275502615,-0.40724870558828774,0.43178338197379956,0.994988864142539,0.5,-0.606854860362288,0.7504504219742709,0.8120784619272932,0.3306618734346748,0.04181601342059677,0.0
2021-12-01 22:50:00,0.0404463040446304,0.3306772908366533,-0.31943410275502615,-0.4061774683092304,0.43178338197379956,0.994988864142539,0.5,-0.606854860362288,0.7504504219742709,0.8120784619272932,0.3306618734346748,0.04181601342059677,0.0
2021-12-01 23:00:00,0.039051603905160395,0.28436254980079667,-0.31973194341027555,-0.4076057846813069,0.43178338197379956,0.994988864142539,0.5,-0.692585774974043,0.7497808952118777,0.8620198928243117,0.3501639510443661,0.052728260041987204,0.0
2021-12-01 23:10:00,0.04114365411436541,0.23804780876494025,-0.3244973938942667,-0.4097482592394215,0.43178338197379956,0.994988864142539,0.5,-0.692585774974043,0.7497808952118777,0.8620198928243117,0.3501639510443661,0.052728260041987204,0.0
2021-12-01 23:20:00,0.060669456066945605,0.1917330677290836,-0.325390915860015,-0.41367612926263164,0.43178338197379956,0.994988864142539,0.5,-0.692585774974043,0.7497808952118777,0.8620198928243117,0.3501639510443661,0.052728260041987204,0.0
2021-12-01 23:30:00,0.05718270571827057,0.14541832669322696,-0.32717795979151165,-0.4172469201928227,0.43178338197379956,0.994988864142539,0.5,-0.692585774974043,0.7497808952118777,0.8620198928243117,0.3501639510443661,0.052728260041987204,0.0
2021-12-01 23:40:00,0.0899581589958159,0.09910358565737032,-0.32658227848101273,-0.4208177111230138,0.43178338197379956,0.994988864142539,0.5,-0.692585774974043,0.7497808952118777,0.8620198928243117,0.3501639510443661,0.052728260041987204,0.0
2021-12-01 23:50:00,0.09902370990237098,0.052788844621513675,-0.3221146686522711,-0.4268880557043385,0.43178338197379956,0.994988864142539,0.5,-0.692585774974043,0.7497808952118777,0.8620198928243117,0.3501639510443661,0.052728260041987204,0.0
2021-12-02 00:00:00,0.10460251046025104,0.006474103585657254,-0.31913626209977675,-0.42760221389037667,0.43178338197379956,0.994988864142539,0.5,-0.707831205350636,0.7470654325918737,0.8401553625190966,0.36260014681730657,0.06941985000685721,0.0
2021-12-02 00:10:00,0.11785216178521618,-0.03984063745019939,-0.31526433358153394,-0.4290305302624531,0.43178338197379956,0.994988864142539,0.5,-0.707831205350636,0.7470654325918737,0.8401553625190966,0.36260014681730657,0.06941985000685721,0.0
2021-12-02 00:20:00,0.0808926080892608,-0.08615537848605581,-0.3104988830975429,-0.43117300482056775,0.43178338197379956,0.994988864142539,0.5,-0.707831205350636,0.7470654325918737,0.8401553625190966,0.36260014681730657,0.06941985000685721,0.0
2021-12-02 00:30:00,0.07182705718270573,-0.13247011952191245,-0.31258376768428897,-0.43117300482056775,0.43178338197379956,0.994988864142539,0.5,-0.707831205350636,0.7470654325918737,0.8401553625190966,0.36260014681730657,0.06941985000685721,0.0
2021-12-02 00:40:00,0.11087866108786612,-0.1787848605577691,-0.3164556962025318,-0.4351008748437779,0.43178338197379956,0.994988864142539,0.5,-0.707831205350636,0.7470654325918737,0.8401553625190966,0.36260014681730657,0.06941985000685721,0.0
2021-12-02 00:50:00,0.14853556485355648,-0.22509960159362574,-0.31139240506329124,-0.44081414033208355,0.43178338197379956,0.994988864142539,0.5,-0.707831205350636,0.7470654325918737,0.8401553625190966,0.36260014681730657,0.06941985000685721,0.0
2021-12-02 01:00:00,0.11924686192468618,-0.27141434262948216,-0.3131794489947879,-0.44545616854133185,0.43178338197379956,0.994988864142539,0.5,-0.7521720365696615,0.7292611930219823,0.8209106851931955,0.3887146734393497,0.08497302910501837,0.0
2021-12-02 01:10:00,0.07252440725244073,-0.3177290836653388,-0.31466865227103513,-0.44545616854133185,0.43178338197379956,0.994988864142539,0.5,-0.7521720365696615,0.7292611930219823,0.8209106851931955,0.3887146734393497,0.08497302910501837,0.0
2021-12-02 01:20:00,0.05718270571827057,-0.36404382470119534,-0.3164556962025318,-0.44545616854133185,0.43178338197379956,0.994988864142539,0.5,-0.7521720365696615,0.7292611930219823,0.8209106851931955,0.3887146734393497,0.08497302910501837,0.0
2021-12-02 01:30:00,0.07322175732217574,-0.4103585657370519,-0.3164556962025318,-0.4411712194251026,0.43178338197379956,0.994988864142539,0.5,-0.7521720365696615,0.7292611930219823,0.8209106851931955,0.3887146734393497,0.08497302910501837,0.0
2021-12-02 01:40:00,0.10739191073919108,-0.2509960159362551,-0.31586001489203286,-0.4450990894483128,0.43178338197379956,0.994988864142539,0.5,-0.7521720365696615,0.7292611930219823,0.8209106851931955,0.3887146734393497,0.08497302910501837,0.0
2021-12-02 01:50:00,0.14644351464435149,-0.09163346613545831,-0.31198808637379016,-0.4529548294947331,0.43178338197379956,0.994988864142539,0.5,-0.7521720365696615,0.7292611930219823,0.8209106851931955,0.3887146734393497,0.08497302910501837,0.0
2021-12-02 02:00:00,0.19177126917712692,0.06772908366533836,-0.3212211466865228,-0.46331012319228704,0.4257763934512047,0.994988864142539,0.5,-0.747114307374735,0.7078248426037419,0.7732715647100136,0.3996864567620267,0.09756944700212017,0.0
2021-12-02 02:10:00,0.18688981868898188,0.22709163346613526,-0.32658227848101273,-0.46616675593643997,0.2519532528039157,0.9795100222717149,0.5,-0.747114307374735,0.7078248426037419,0.7732715647100136,0.3996864567620267,0.09756944700212017,0.0
2021-12-02 02:20:00,0.14783821478382148,0.38645418326693215,-0.3289650037230083,-0.4479557221924656,0.17536742092107158,0.08151447661469934,0.5,-0.747114307374735,0.7078248426037419,0.7732715647100136,0.3996864567620267,0.09756944700212017,0.0
2021-12-02 02:30:00,0.1617852161785216,0.07569721115537842,-0.32360387192851836,-0.44224245670415996,0.1785345041944223,0.9846325167037863,0.5,-0.747114307374735,0.7078248426037419,0.7732715647100136,0.3996864567620267,0.09756944700212017,0.0
2021-12-02 02:40:00,0.17154811715481172,0.22709163346613526,-0.32807148175726,-0.4383145866809498,0.18116501550823835,0.6512249443207127,0.5,-0.747114307374735,0.7078248426037419,0.7732715647100136,0.3996864567620267,0.09756944700212017,0.0
2021-12-02 02:50:00,0.16457461645746163,-0.21912350597609564,-0.3221146686522711,-0.44367077307623637,0.18282707987069927,0.400890868596882,0.5,-0.747114307374735,0.7078248426037419,0.7732715647100136,0.3996864567620267,0.09756944700212017,0.0
2021-12-02 03:00:00,0.21548117154811713,0.10756972111553775,-0.3182427401340283,-0.4190323156579182,0.17857376555731508,0.050445434298440985,0.5,-0.7423660281440041,0.6866873367489753,0.74378969044292,0.41006509057034435,0.10343808948082511,0.053698869894533555
2021-12-02 03:10:00,0.19316596931659694,-0.07569721115537853,-0.30424422933730466,-0.3633279771469381,0.17857376555731508,0.00033407572383073496,0.5,-0.7423660281440041,0.6866873367489753,0.74378969044292,0.41006509057034435,0.10343808948082511,0.06753474055856482
2021-12-02 03:20:00,0.18131101813110181,0.3306772908366533,-0.29262844378257635,-0.3279771469380467,0.1852481972490872,0.00033407572383073496,0.5,-0.7423660281440041,0.6866873367489753,0.74378969044292,0.41006509057034435,0.10343808948082511,0.06159753760731476
2021-12-02 03:30:00,0.20571827057182707,-0.6812749003984064,-0.28816083395383485,-0.3022674522406713,0.19507662509324575,0.00022271714922048998,0.5,-0.7423660281440041,0.6866873367489753,0.74378969044292,0.41006509057034435,0.10343808948082511,0.0786924574135824
2021-12-02 03:40:00,0.17433751743375175,-0.298804780876494,-0.2833953834698437,-0.2829851812176397,0.19507662509324575,0.00033407572383073496,0.5,-0.7423660281440041,0.6866873367489753,0.74378969044292,0.41006509057034435,0.10343808948082511,0.0476334173242603
2021-12-02 03:50:00,0.17433751743375175,0.2589641434262948,-0.27207743857036504,-0.26584538475272257,0.19507662509324575,0.00033407572383073496,0.5,-0.7423660281440041,0.6866873367489753,0.74378969044292,0.41006509057034435,0.10343808948082511,0.036724655612052445
2021-12-02 04:00:00,0.1792189679218968,-0.7051792828685259,-0.26612062546537607,-0.24834850919478657,0.19452696601274688,0.00022271714922048998,0.5,-0.7792195243649321,0.6806328608332589,0.7252858612270511,0.4231389166467346,0.10918173712277193,0.06254054951189704
2021-12-02 04:10:00,0.2175732217573222,0.1872509960159361,-0.25748324646314225,-0.23620782003213703,0.17857376555731508,0.00022271714922048998,0.5,-0.7792195243649321,0.6806328608332589,0.7252858612270511,0.4231389166467346,0.10918173712277193,0.05714652141768638
2021-12-02 04:20:00,0.15620641562064158,-0.23505976095617542,-0.24556962025316464,-0.225495447241564,0.17857376555731508,0.00022271714922048998,0.5,-0.7792195243649321,0.6806328608332589,0.7252858612270511,0.4231389166467346,0.10918173712277193,0.039191574754439705
2021-12-02 04:30:00,0.13458856345885634,-0.5378486055776892,-0.24080416976917363,-0.20442778075343682,0.17857376555731508,0.00033407572383073496,0.5,-0.7792195243649321,0.6806328608332589,0.7252858612270511,0.4231389166467346,0.10918173712277193,0.03411439866016869
2021-12-02 04:40:00,0.12412831241283125,-0.45019920318725104,-0.23514519731943417,-0.1840742724513479,0.17857376555731508,0.00033407572383073496,0.5,-0.7792195243649321,0.6806328608332589,0.7252858612270511,0.4231389166467346,0.10918173712277193,0.0182944309488963
2021-12-02 04:50:00,0.11785216178521618,-0.12350597609561753,-0.23127326880119148,-0.15586502410283876,0.17857376555731508,0.00044543429844097997,0.5,-0.7792195243649321,0.6806328608332589,0.7252858612270511,0.4231389166467346,0.10918173712277193,0.008728518188813617
2021-12-02 05:00:00,0.1631799163179916,-0.5298804780876495,-0.22293373045420706,-0.13194072487055875,0.1713627619060083,0.00033407572383073496,0.5,-0.7532397690231848,0.6654751197533381,0.6530910879218805,0.4436180798826358,0.11569969147308279,0.03493670504096444
2021-12-02 05:10:00,0.2196652719665272,0.09163346613545809,-0.21370067014147442,-0.1280128548473486,0.1621232545052414,0.00033407572383073496,0.5,-0.7532397690231848,0.6654751197533381,0.6530910879218805,0.4436180798826358,0.11569969147308279,0.07072589284367126
2021-12-02 05:20:00,0.22384937238493724,0.09163346613545809,-0.20714817572598676,-0.13801106945188357,0.16671683396369635,0.00022271714922048998,0.5,-0.7532397690231848,0.6654751197533381,0.6530910879218805,0.4436180798826358,0.11569969147308279,0.0918870799824977
2021-12-02 05:30:00,0.19456066945606695,0.5059760956175297,-0.20000000000000007,-0.1469380467773611,0.1821465495805578,0.00033407572383073496,0.5,-0.7532397690231848,0.6654751197533381,0.6530910879218805,0.4436180798826358,0.11569969147308279,0.06288003379754666
2021-12-02 05:40:00,0.2085076708507671,0.3227091633466135,-0.19106478034251695,-0.13801106945188357,0.2038842575021921,0.00022271714922048998,0.5,-0.7532397690231848,0.6654751197533381,0.6530910879218805,0.4436180798826358,0.11569969147308279,0.059311676750607306
2021-12-02 05:50:00,0.22454672245467225,0.05179282868525892,-0.185703648548027,-0.1312265666845207,0.20625302639672302,0.00033407572383073496,0.5,-0.7532397690231848,0.6654751197533381,0.6530910879218805,0.4436180798826358,0.11569969147308279,0.06767053427282467
2021-12-02 06:00:00,0.1882845188284519,-0.4661354581673308,-0.18272524199553253,-0.12658453847527218,0.2021829317768384,0.00033407572383073496,0.5,-0.6935771622057465,0.6523431999931042,0.5465735648096894,0.5178956545445457,0.13419176599879967,0.0686210902726436
2021-12-02 06:10:00,0.23082287308228733,-0.3944223107569722,-0.18451228592702917,-0.12551330119621484,0.1897501668607923,0.00022271714922048998,0.5,-0.6935771622057465,0.6523431999931042,0.5465735648096894,0.5178956545445457,0.13419176599879967,0.09355432502979918
2021-12-02 06:20:00,0.201534170153417,0.08366533864541825,-0.1821295606850335,-0.12908409212640592,0.17825967465417283,0.00022271714922048998,0.5,-0.6935771622057465,0.6523431999931042,0.5465735648096894,0.5178956545445457,0.13419176599879967,0.07958266065150807
2021-12-02 06:30:00,0.22384937238493724,-0.19521912350597614,-0.1782576321667909,-0.1247991430101768,0.17594325424349896,0.00022271714922048998,0.5,-0.6935771622057465,0.6523431999931042,0.5465735648096894,0.5178956545445457,0.13419176599879967,0.10390482369449432
2021-12-02 06:40:00,0.2719665271966527,-0.23505976095617542,-0.17319434102755038,-0.1280128548473486,0.16233264844066955,0.00022271714922048998,0.5,-0.6935771622057465,0.6523431999931042,0.5465735648096894,0.5178956545445457,0.13419176599879967,0.15806388339846403
2021-12-02 06:50:00,0.30264993026499304,-0.4342629482071714,-0.17081161578555493,-0.1344402785216925,0.1621232545052414,0.00033407572383073496,0.5,-0.6935771622057465,0.6523431999931042,0.5465735648096894,0.5178956545445457,0.13419176599879967,0.19069209529701103
2021-12-02 07:00:00,0.2601115760111576,-0.01195219123505975,-0.1660461653015637,-0.14015354400999824,0.1621232545052414,0.00033407572383073496,0.5,-0.6771754135699712,0.6436364785765801,0.5111901416729345,0.5158381829880309,0.14680949528090592,0.14575191997223771
2021-12-02 07:10:00,0.2691771269177127,0.2589641434262948,-0.15979151154132543,-0.1347973576147118,0.1621232545052414,0.00022271714922048998,0.5,-0.6771754135699712,0.6436364785765801,0.5111901416729345,0.5158381829880309,0.14680949528090592,0.1443487182582193
2021-12-02 07:20:00,0.2914923291492329,0.043824701195219085,-0.16515264333581536,-0.14015354400999824,0.1621232545052414,0.00022271714922048998,0.5,-0.6771754135699712,0.6436364785765801,0.5111901416729345,0.5158381829880309,0.14680949528090592,0.17028531768185043
2021-12-02 07:30:00,0.3319386331938633,-0.03585657370517936,-0.21816827997021604,-0.20049991073022666,0.1621232545052414,0.00033407572383073496,0.5,-0.6771754135699712,0.6436364785765801,0.5111901416729345,0.5158381829880309,0.14680949528090592,0.19441887834392022
2021-12-02 07:40:00,0.29358437935843795,-0.1394422310756973,-0.23663440059568142,-0.23406534547402247,0.15660048945832408,0.00022271714922048998,0.5,-0.6771754135699712,0.6436364785765801,0.5111901416729345,0.5158381829880309,0.14680949528090592,0.16259788463569563
2021-12-02 07:50:00,0.28870292887029286,0.027888446215139417,-0.24288905435591968,-0.2608462774504553,0.16216251586813418,0.00033407572383073496,0.5,-0.6771754135699712,0.6436364785765801,0.5111901416729345,0.5158381829880309,0.14680949528090592,0.14055403835418018
2021-12-02 08:00:00,0.2733612273361227,0.17928286852589648,-0.24676098287416237,-0.2754865202642386,0.16216251586813418,0.00033407572383073496,0.5,-0.6566829418625633,0.6421882318459127,0.5057692183316918,0.5161664548278428,0.14844315222478394,0.1305732003560813
2021-12-02 08:10:00,0.26778242677824265,0.09163346613545809,-0.24854802680565913,-0.2851276557757543,0.16216251586813418,0.00033407572383073496,0.5,-0.6566829418625633,0.6421882318459127,0.5057692183316918,0.5161664548278428,0.14844315222478394,0.13973927606862108
2021-12-02 08:20:00,0.22733612273361226,0.5617529880478087,-0.2521221146686523,-0.2926263167291554,0.1680386331810865,0.00022271714922048998,0.5,-0.6566829418625633,0.6421882318459127,0.5057692183316918,0.5161664548278428,0.14844315222478394,0.10448571902771701
2021-12-02 08:30:00,0.2482566248256625,-0.15537848605577698,-0.25390915860014907,-0.2986966613104802,0.17121880357540145,0.00022271714922048998,0.5,-0.6566829418625633,0.6421882318459127,0.5057692183316918,0.5161664548278428,0.14844315222478394,0.11728804864432608
2021-12-02 08:40:00,0.301952580195258,-0.4183266932270917,-0.24437825763216692,-0.2926263167291554,0.16207090602138435,0.00022271714922048998,0.5,-0.6566829418625633,0.6421882318459127,0.5057692183316918,0.5161664548278428,0.14844315222478394,0.1466421232101634
2021-12-02 08:50:00,0.29428172942817293,-0.1633466135458168,-0.23335815338793753,-0.2883413676129263,0.16207090602138435,0.00033407572383073496,0.5,-0.6566829418625633,0.6421882318459127,0.5057692183316918,0.5161664548278428,0.14844315222478394,0.14273428187757442
2021-12-02 09:00:00,0.28033472803347276,-0.5697211155378487,-0.22293373045420706,-0.2851276557757543,0.16036958029603068,0.00033407572383073496,0.5,-0.6341415231622198,0.6442715232739586,0.4789731403881806,0.5095122372696378,0.13965619962426545,0.1479774280670519
2021-12-02 09:10:00,0.2705718270571827,-0.17131474103585675,-0.21221146686522718,-0.2815568648455633,0.14818547067830548,0.00022271714922048998,0.5,-0.6341415231622198,0.6442715232739586,0.4789731403881806,0.5095122372696378,0.13965619962426545,0.13394541092686754
2021-12-02 09:20:00,0.2412831241283124,-0.45019920318725104,-0.19940431868950126,-0.2779860739153722,0.14818547067830548,0.00033407572383073496,0.5,-0.6341415231622198,0.6442715232739586,0.4789731403881806,0.5095122372696378,0.13965619962426545,0.11375741207357001
2021-12-02 09:30:00,0.2622036262203626,-0.601593625498008,-0.18749069247952344,-0.2754865202642386,0.14781903129130625,0.00033407572383073496,0.5,-0.6341415231622198,0.6442715232739586,0.4789731403881806,0.5095122372696378,0.13965619962426545,0.1311163752131207
2021-12-02 09:40:00,0.2615062761506276,0.24302788844621515,-0.17498138495904703,-0.26977325477593284,0.1343000353352266,0.00022271714922048998,0.5,-0.6341415231622198,0.6442715232739586,0.4789731403881806,0.5095122372696378,0.13965619962426545,0.1301582751180651
2021-12-02 09:50:00,0.2914923291492329,0.13147410358565725,-0.16157855547282218,-0.26513122656668453,0.1343000353352266,0.00022271714922048998,0.5,-0.6341415231622198,0.6442715232739586,0.4789731403881806,0.5095122372696378,0.13965619962426545,0.15341672073268253
2021-12-02 10:00:00,0.299163179916318,0.08366533864541825,-0.1511541325390917,-0.25691840742724503,0.1343000353352266,0.00022271714922048998,0.5,-0.4124922662523768,0.6606964802432161,0.3239213158943623,0.44235194145382417,0.14143244764266685,0.15951989377913905
2021-12-02 10:10:00,0.26429567642956764,0.4820717131474104,-0.14072970960536124,-0.2526334583110159,0.13490204289958255,0.00022271714922048998,0.5,-0.4124922662523768,0.6606964802432161,0.3239213158943623,0.44235194145382417,0.14143244764266685,0.13269309111758226
2021-12-02 10:20:00,0.14295676429567641,0.5617529880478087,-0.1347728965003725,-0.2497768255668631,0.1481462093154127,0.00022271714922048998,0.5,-0.4124922662523768,0.6606964802432161,0.3239213158943623,0.44235194145382417,0.14143244764266685,0.04666777313396804
2021-12-02 10:30:00,0.16596931659693165,0.5537848605577689,-0.12911392405063304,-0.24120692733440452,0.1481462093154127,0.00033407572383073496,0.5,-0.4124922662523768,0.6606964802432161,0.3239213158943623,0.44235194145382417,0.14143244764266685,0.06138630294068833
2021-12-02 10:40:00,0.14574616457461645,0.24302788844621515,-0.12583767684288916,-0.23763613640421344,0.1481462093154127,0.00011135857461024499,0.5,-0.4124922662523768,0.6606964802432161,0.3239213158943623,0.44235194145382417,0.14143244764266685,0.043574694086938155
2021-12-02 10:50:00,0.1394700139470014,-0.05179282868525903,-0.12137006701414754,-0.23477950366006073,0.1481462093154127,0.00033407572383073496,0.5,-0.4124922662523768,0.6606964802432161,0.3239213158943623,0.44235194145382417,0.14143244764266685,0.05069631999034356
2021-12-02 11:00:00,0.1094839609483961,0.3067729083665336,-0.11451973194341047,-0.2287091590787359,0.1481462093154127,0.00033407572383073496,0.5,-0.37496803940200585,0.6616246224932272,0.306906791745973,0.33854532483204364,0.1654807090936535,0.01671771504443472
2021-12-02 11:10:00,0.09553695955369597,0.2828685258964143,-0.10707371556217438,-0.21835386538118184,0.1481462093154127,0.00033407572383073496,0.5,-0.37496803940200585,0.6616246224932272,0.306906791745973,0.33854532483204364,0.1654807090936535,0.005303498951370763
2021-12-02 11:20:00,0.09762900976290097,0.1633466135458166,-0.08801191362621008,-0.15086591680057126,0.1481462093154127,0.00044543429844097997,0.5,-0.37496803940200585,0.6616246224932272,0.306906791745973,0.33854532483204364,0.1654807090936535,0.0
2021-12-02 11:30:00,0.0801952580195258,0.12350597609561742,-0.06656738644825033,-0.10337439742903054,0.1481462093154127,0.6830734966592428,0.5,-0.37496803940200585,0.6616246224932272,0.306906791745973,0.33854532483204364,0.1654807090936535,0.0
2021-12-02 11:40:00,0.058577405857740586,0.04837791690381321,-0.06686522710349974,-0.1023031601499732,0.1481462093154127,0.9995545657015591,0.5,-0.37496803940200585,0.6616246224932272,0.306906791745973,0.33854532483204364,0.1654807090936535,0.0
2021-12-02 11:50:00,0.04184100418410042,-0.026750142287990997,-0.055845122859270346,-0.1023031601499732,0.1481462093154127,0.9995545657015591,0.5,-0.37496803940200585,0.6616246224932272,0.306906791745973,0.33854532483204364,0.1654807090936535,0.0
2021-12-02 12:00:00,0.03347280334728033,-0.1018782014797951,-0.04333581533879394,-0.09908944831280142,0.1481462093154127,0.9995545657015591,0.5,-0.3366478077181051,0.6646647912254658,0.28514206415602605,0.23862563303433948,0.26203417558610187,0.0
2021-12-02 12:10:00,0.06485355648535565,-0.1770062606715993,-0.022486969471332885,-0.09444742010355289,0.1481462093154127,0.9995545657015591,0.5,-0.3366478077181051,0.6646647912254658,0.28514206415602605,0.23862563303433948,0.26203417558610187,0.0
2021-12-02 12:20:00,0.19386331938633192,-0.2521343198634035,-0.009977661950856476,-0.08837707552222807,0.14908848202483937,0.9995545657015591,0.5,-0.3366478077181051,0.6646647912254658,0.28514206415602605,0.23862563303433948,0.26203417558610187,0.0
2021-12-02 12:30:00,0.16736401673640167,-0.3272623790552077,-0.02903946388682077,-0.08873415461524714,0.2729449948305872,0.9995545657015591,0.5,-0.3366478077181051,0.6646647912254658,0.28514206415602605,0.23862563303433948,0.26203417558610187,0.0
2021-12-02 12:40:00,0.19316596931659694,-0.40239043824701204,-0.054355919583023216,-0.07552222817354037,0.34836607294761224,0.9922048997772828,0.5,-0.3366478077181051,0.6646647912254658,0.28514206415602605,0.23862563303433948,0.26203417558610187,0.0
2021-12-02 12:50:00,0.21338912133891214,-0.0916334661354582,-0.07133283693224135,-0.062310301731833606,0.34836607294761224,0.9995545657015591,0.5,-0.3366478077181051,0.6646647912254658,0.28514206415602605,0.23862563303433948,0.26203417558610187,0.0
2021-12-02 13:00:00,0.22036262203626222,0.38645418326693215,-0.08711839166046176,-0.056597036243527854,0.34836607294761224,0.9995545657015591,0.5,-0.14314125400278777,0.6657825848330655,0.16925969845884065,0.18728741608151941,0.3995868691248001,0.0
2021-12-02 13:10:00,0.19316596931659694,0.4422310756972112,-0.09724497393894282,-0.0526691662203177,0.34836607294761224,0.9995545657015591,0.5,-0.14314125400278777,0.6657825848330655,0.16925969845884065,0.18728741608151941,0.3995868691248001,0.0
2021-12-02 13:20:00,0.20013947001394702,0.09163346613545809,-0.10141474311243492,-0.0526691662203177,0.34836607294761224,0.9995545657015591,0.5,-0.14314125400278777,0.6657825848330655,0.16925969845884065,0.18728741608151941,0.3995868691248001,0.0
2021-12-02 13:30:00,0.19107391910739194,0.17928286852589648,-0.10856291883842151,-0.056597036243527854,0.34836607294761224,0.9995545657015591,0.5,-0.14314125400278777,0.6657825848330655,0.16925969845884065,0.18728741608151941,0.3995868691248001,0.0
2021-12-02 13:40:00,0.13319386331938632,0.6254980079681274,-0.11481757259865988,-0.05981074808069986,0.34836607294761224,0.9995545657015591,0.5,-0.14314125400278777,0.6657825848330655,0.16925969845884065,0.18728741608151941,0.3995868691248001,0.0
2021-12-02 13:50:00,0.13528591352859135,-0.08366533864541836,-0.11422189128816096,-0.05981074808069986,0.34836607294761224,0.9995545657015591,0.5,-0.14314125400278777,0.6657825848330655,0.16925969845884065,0.18728741608151941,0.3995868691248001,0.0
2021-12-02 14:00:00,0.19456066945606695,-0.059760956175298974,-0.11213700670141491,-0.058025352615604264,0.34836607294761224,0.9995545657015591,0.5,-0.15776578326562107,0.6532138721347561,0.18055389112018339,0.14107446188840578,0.5593264483737495,0.0
2021-12-02 14:10:00,0.2175732217573222,0.027888446215139417,-0.11362620997766204,-0.061596143545795345,0.34836607294761224,0.9995545657015591,0.5,-0.15776578326562107,0.6532138721347561,0.18055389112018339,0.14107446188840578,0.5593264483737495,0.0
2021-12-02 14:20:00,0.17433751743375175,0.7450199203187249,-0.11749813849590485,-0.06980896268523484,0.34836607294761224,0.9995545657015591,0.5,-0.15776578326562107,0.6532138721347561,0.18055389112018339,0.14107446188840578,0.5593264483737495,0.0
2021-12-02 14:30:00,0.12691771269177127,0.5697211155378485,-0.12166790766939695,-0.07766470273165504,0.34836607294761224,0.9995545657015591,0.5,-0.15776578326562107,0.6532138721347561,0.18055389112018339,0.14107446188840578,0.5593264483737495,0.0
2021-12-02 14:40:00,0.14016736401673638,0.019920318725099362,-0.11988086373790041,-0.07945009819675053,0.34836607294761224,0.9995545657015591,0.5,-0.15776578326562107,0.6532138721347561,0.18055389112018339,0.14107446188840578,0.5593264483737495,0.0
2021-12-02 14:50:00,0.17224546722454673,0.33864541832669315,-0.1195830230826509,-0.08409212640599895,0.34836607294761224,0.9995545657015591,0.5,-0.15776578326562107,0.6532138721347561,0.18055389112018339,0.14107446188840578,0.5593264483737495,0.0
2021-12-02 15:00:00,0.22245467224546722,0.29083665338645415,-0.12047654504839911,-0.09409034101053393,0.34836607294761224,0.9995545657015591,0.5,-0.16864462716749218,0.6381595772498833,0.18350650435980617,0.18847865139292974,0.6817482338964592,0.0
2021-12-02 15:10:00,0.22663877266387727,0.346613545816733,-0.12107222635889814,-0.1037314765220495,0.34836607294761224,0.9995545657015591,0.5,-0.16864462716749218,0.6381595772498833,0.18350650435980617,0.18847865139292974,0.6817482338964592,0.0
2021-12-02 15:20:00,0.24755927475592746,0.5776892430278884,-0.1276247207743858,-0.11372969112658449,0.34836607294761224,0.9995545657015591,0.5,-0.16864462716749218,0.6381595772498833,0.18350650435980617,0.18847865139292974,0.6817482338964592,0.0
2021-12-02 15:30:00,0.2545327754532775,0.2828685258964143,-0.12583767684288916,-0.12122835207998572,0.34836607294761224,0.2678173719376392,0.5,-0.16864462716749218,0.6381595772498833,0.18350650435980617,0.18847865139292974,0.6817482338964592,0.05950782322676041
2021-12-02 15:40:00,0.2838214783821479,0.3705179282868525,-0.11005212211466875,-0.12551330119621484,0.34836607294761224,0.00033407572383073496,0.5,-0.16864462716749218,0.6381595772498833,0.18350650435980617,0.18847865139292974,0.6817482338964592,0.13123708073690724
2021-12-02 15:50:00,0.2894002789400279,0.29083665338645415,-0.10141474311243492,-0.1312265666845207,0.3597126068236249,0.00022271714922048998,0.5,-0.16864462716749218,0.6381595772498833,0.18350650435980617,0.18847865139292974,0.6817482338964592,0.14723056263862275
2021-12-02 16:00:00,0.27475592747559274,0.3067729083665336,-0.10022338049143709,-0.13051240849848234,0.37389904594888174,0.00022271714922048998,0.5,-0.16964622044457667,0.6298551465918809,0.18092761234241286,0.24940774918743736,0.7258320740593533,0.1257072589284367
2021-12-02 16:10:00,0.2412831241283124,-0.298804780876494,-0.09754281459419223,-0.11980003570790931,0.3760976822708772,0.00033407572383073496,0.5,-0.16964622044457667,0.6298551465918809,0.18092761234241286,0.24940774918743736,0.7258320740593533,0.09593071502934652
2021-12-02 16:20:00,0.25732217573221755,-0.08366533864541836,-0.09545793000744618,-0.1105159792894127,0.3827590268416851,0.00022271714922048998,0.5,-0.16964622044457667,0.6298551465918809,0.18092761234241286,0.24940774918743736,0.7258320740593533,0.1237759705478522
2021-12-02 16:30:00,0.2594142259414226,-0.4820717131474104,-0.0963514519731945,-0.10480271380110695,0.38999620473492036,0.00022271714922048998,0.5,-0.16964622044457667,0.6298551465918809,0.18092761234241286,0.24940774918743736,0.7258320740593533,0.13479034959337327
2021-12-02 16:40:00,0.301255230125523,-0.14741035856573714,-0.09843633655994066,-0.10194608105695413,0.3801285155278691,0.00022271714922048998,0.5,-0.16964622044457667,0.6298551465918809,0.18092761234241286,0.24940774918743736,0.7258320740593533,0.1556874933989167
2021-12-02 16:50:00,0.27475592747559274,-0.02788844621513953,-0.09367088607594942,-0.10266023924299217,0.3832432503173627,0.00022271714922048998,0.5,-0.16964622044457667,0.6298551465918809,0.18092761234241286,0.24940774918743736,0.7258320740593533,0.13023371607043166
2021-12-02 17:00:00,0.23082287308228733,0.043824701195219085,-0.09456440804169786,-0.10158900196393505,0.3761500307547343,0.00022271714922048998,0.5,-0.17462150080230865,0.6354067590594441,0.14982378543456096,0.3147931530288117,0.7324194899924175,0.09741690179096821
2021-12-02 17:10:00,0.24267782426778242,-0.3705179282868527,-0.10141474311243492,-0.09694697375468664,0.3725118111266702,0.00022271714922048998,0.5,-0.17462150080230865,0.6354067590594441,0.14982378543456096,0.3147931530288117,0.7324194899924175,0.12150519788161807
2021-12-02 17:20:00,0.2775453277545328,0.22709163346613526,-0.1306031273268803,-0.10980182110337433,0.3687688945308921,0.00033407572383073496,0.5,-0.17462150080230865,0.6354067590594441,0.14982378543456096,0.3147931530288117,0.7324194899924175,0.13930926264013158
2021-12-02 17:30:00,0.30264993026499304,0.05179282868525892,-0.20655249441548773,-0.18835922156757723,0.3761500307547343,0.00033407572383073496,0.5,-0.17462150080230865,0.6354067590594441,0.14982378543456096,0.3147931530288117,0.7324194899924175,0.17462317244292894
2021-12-02 17:40:00,0.3417015341701534,0.5378486055776892,-0.23723008190618022,-0.23120871272986965,0.3761500307547343,0.00022271714922048998,0.5,-0.17462150080230865,0.6354067590594441,0.14982378543456096,0.3147931530288117,0.7324194899924175,0.21203434072151728
2021-12-02 17:50:00,0.3326359832635983,0.3784860557768923,-0.2553983618763962,-0.25227637921799684,0.3761500307547343,0.00033407572383073496,0.5,-0.17462150080230865,0.6354067590594441,0.14982378543456096,0.3147931530288117,0.7324194899924175,0.20074083015223984
2021-12-02 18:00:00,0.3410041841004184,0.394422310756972,-0.26969471332836936,-0.2687020174968755,0.3761500307547343,0.00022271714922048998,0.5,-0.3727124366666523,0.6550759036456154,0.2944291696832576,0.37562262108840533,0.7216289732130162,0.21005024367427616
2021-12-02 18:10:00,0.37308228730822873,0.11553784860557759,-0.28369322412509324,-0.27727191572933396,0.38414626166389654,0.00033407572383073496,0.5,-0.3727124366666523,0.6550759036456154,0.2944291696832576,0.37562262108840533,0.7216289732130162,0.2475519410957044
2021-12-02 18:20:00,0.3200836820083682,-0.01195219123505975,-0.2911392405063292,-0.28084270665952504,0.38737878054206853,0.00033407572383073496,0.5,-0.3727124366666523,0.6550759036456154,0.2944291696832576,0.37562262108840533,0.7216289732130162,0.185018935679044
2021-12-02 18:30:00,0.3207810320781032,0.3067729083665336,-0.2973938942665675,-0.2986966613104802,0.38737878054206853,0.00033407572383073496,0.5,-0.3727124366666523,0.6550759036456154,0.2944291696832576,0.37562262108840533,0.7216289732130162,0.18043212577515577
2021-12-02 18:40:00,0.31659693165969316,0.49003984063745,-0.302457185405808,-0.3115515086591679,0.38737878054206853,0.00022271714922048998,0.5,-0.3727124366666523,0.6550759036456154,0.2944291696832576,0.37562262108840533,0.7216289732130162,0.1729106628242075
2021-12-02 18:50:00,0.30264993026499304,0.13147410358565725,-0.30722263588979903,-0.3169076950544545,0.38737878054206853,0.00033407572383073496,0.5,-0.3727124366666523,0.6550759036456154,0.2944291696832576,0.37562262108840533,0.7216289732130162,0.15819213301748722
2021-12-02 19:00:00,0.22036262203626222,-0.11553784860557781,-0.3090096798212957,-0.3215497232637029,0.38737878054206853,0.00022271714922048998,0.5,-0.39303700892161786,0.6667969322456172,0.32549406465516645,0.41812745057245126,0.7308638380805833,0.08836398750697828
2021-12-02 19:10:00,0.13668061366806136,-0.24302788844621515,-0.3137751303052868,-0.3236921978218176,0.38737878054206853,0.00033407572383073496,0.5,-0.39303700892161786,0.6667969322456172,0.32549406465516645,0.41812745057245126,0.7308638380805833,0.034642485326734765
2021-12-02 19:20:00,0.18688981868898188,-0.05179282868525903,-0.3179448994787789,-0.32190680235672187,0.38737878054206853,0.00033407572383073496,0.5,-0.39303700892161786,0.6667969322456172,0.32549406465516645,0.41812745057245126,0.7308638380805833,0.06143911160734493
2021-12-02 19:30:00,0.1415620641562064,0.17131474103585642,-0.31943410275502615,-0.325834672379932,0.38737878054206853,0.00033407572383073496,0.5,-0.39303700892161786,0.6667969322456172,0.32549406465516645,0.41812745057245126,0.7308638380805833,0.03597779018362328
2021-12-02 19:40:00,0.20432357043235705,0.09960159362549792,-0.31943410275502615,-0.3261917514729513,0.38737878054206853,0.00033407572383073496,0.5,-0.39303700892161786,0.6667969322456172,0.32549406465516645,0.41812745057245126,0.7308638380805833,0.072762798557569
2021-12-02 19:50:00,0.25523012552301255,0.08366533864541825,-0.3215189873417723,-0.33654704517050527,0.38737878054206853,0.00022271714922048998,0.5,-0.39303700892161786,0.6667969322456172,0.32549406465516645,0.41812745057245126,0.7308638380805833,0.1082125020746262
2021-12-02 20:00:00,0.27405857740585776,0.21912350597609564,-0.325390915860015,-0.3394036779146581,0.38737878054206853,0.00033407572383073496,0.5,-0.41284040580036907,0.6932647906507644,0.36819516997974905,0.4092829429064045,0.752619559140783,0.12991686407049202
2021-12-02 20:10:00,0.24546722454672246,0.41035856573705165,-0.325390915860015,-0.3454740224959829,0.38737878054206853,0.00022271714922048998,0.5,-0.41284040580036907,0.6932647906507644,0.36819516997974905,0.4092829429064045,0.752619559140783,0.10401044102780754
2021-12-02 20:20:00,0.2670850767085077,0.5059760956175297,-0.325390915860015,-0.3454740224959829,0.38737878054206853,0.00033407572383073496,0.5,-0.41284040580036907,0.6932647906507644,0.36819516997974905,0.4092829429064045,0.752619559140783,0.1190759992154141
2021-12-02 20:30:00,0.22873082287308227,0.08366533864541825,-0.32807148175726,-0.3454740224959829,0.3993665833453298,0.00033407572383073496,0.5,-0.41284040580036907,0.6932647906507644,0.36819516997974905,0.4092829429064045,0.752619559140783,0.09396925026781539
2021-12-02 20:40:00,0.22454672245467225,0.05179282868525892,-0.3331347728965004,-0.3454740224959829,0.40119878028032613,0.00022271714922048998,0.5,-0.41284040580036907,0.6932647906507644,0.36819516997974905,0.4092829429064045,0.752619559140783,0.09771866560043455
2021-12-02 20:50:00,0.2301255230125523,-0.05179282868525903,-0.33432613551749824,-0.3454740224959829,0.40119878028032613,0.00033407572383073496,0.5,-0.41284040580036907,0.6932647906507644,0.36819516997974905,0.4092829429064045,0.752619559140783,0.09359204550598248
2021-12-02 21:00:00,0.24616457461645744,-0.5458167330677292,-0.3364110201042444,-0.3483306552401356,0.40118569315936187,0.00022271714922048998,0.5,-0.418914937281183,0.6891930334734668,0.39657173234560356,0.3707370935084372,0.7582759583420912,0.09834482550507719
2021-12-02 21:10:00,0.19107391910739194,0.1633466135458166,-0.33909158600148936,-0.3490448134261739,0.387601261598461,0.00033407572383073496,0.5,-0.418914937281183,0.6891930334734668,0.39657173234560356,0.3707370935084372,0.7582759583420912,0.062412299892873856
2021-12-02 21:20:00,0.19316596931659694,0.6494023904382469,-0.3453462397617276,-0.3490448134261739,0.38737878054206853,0.00033407572383073496,0.5,-0.418914937281183,0.6891930334734668,0.39657173234560356,0.3707370935084372,0.7582759583420912,0.06240475579763719
2021-12-02 21:30:00,0.1799163179916318,0.20318725099601576,-0.3492181682799703,-0.35440099982146045,0.38737878054206853,0.00033407572383073496,0.5,-0.418914937281183,0.6891930334734668,0.39657173234560356,0.3707370935084372,0.7582759583420912,0.054875748751452236
2021-12-02 21:40:00,0.1596931659693166,0.06772908366533859,-0.3516008935219658,-0.35618639528655593,0.38737878054206853,0.00022271714922048998,0.5,-0.418914937281183,0.6891930334734668,0.39657173234560356,0.3707370935084372,0.7582759583420912,0.043597326372648126
2021-12-02 21:50:00,0.12273361227336123,0.1872509960159361,-0.35457930007446026,-0.35154436707730763,0.38737878054206853,0.00011135857461024499,0.5,-0.418914937281183,0.6891930334734668,0.39657173234560356,0.3707370935084372,0.7582759583420912,0.019260075139188558
2021-12-02 22:00:00,0.1087866108786611,0.4820717131474104,-0.35845122859270295,-0.34654525977504014,0.39103008729109684,0.00022271714922048998,0.5,-0.4990842909283265,0.7025921892375722,0.4760253460852544,0.3285144548516028,0.7587503281816439,0.008826591426890172
2021-12-02 22:10:00,0.09693165969316596,0.05179282868525892,-0.3632166790766941,-0.3536868416354222,0.40388164007799926,0.00033407572383073496,0.5,-0.4990842909283265,0.7025921892375722,0.4760253460852544,0.3285144548516028,0.7587503281816439,0.004903661903827874
2021-12-02 22:20:00,0.10529986052998605,-0.043824701195219196,-0.3670886075949368,-0.35618639528655593,0.40388164007799926,0.00033407572383073496,0.5,-0.4990842909283265,0.7025921892375722,0.4760253460852544,0.3285144548516028,0.7587503281816439,0.010312778188511852
2021-12-02 22:30:00,0.12412831241283125,-0.5139442231075697,-0.3691734921816828,-0.35940010712372794,0.40388164007799926,0.00033407572383073496,0.5,-0.4990842909283265,0.7025921892375722,0.4760253460852544,0.3285144548516028,0.7587503281816439,0.01632542209212849
2021-12-02 22:40:00,0.1297071129707113,0.08366533864541825,-0.37006701414743126,-0.3626138189608997,0.39076834487181167,0.00033407572383073496,0.5,-0.4990842909283265,0.7025921892375722,0.4760253460852544,0.3285144548516028,0.7587503281816439,0.024578662281032636
2021-12-02 22:50:00,0.11297071129707113,0.6972111553784857,-0.37036485480268055,-0.359757186216747,0.38740495478399706,0.00033407572383073496,0.5,-0.4990842909283265,0.7025921892375722,0.4760253460852544,0.3285144548516028,0.7587503281816439,0.010788056188421323
2021-12-02 23:00:00,0.10320781032078104,0.689243027888446,-0.3751303052866718,-0.36082842349580435,0.38922406459802905,0.00033407572383073496,0.5,-0.5345860864918988,0.6836414210058994,0.5166242536830309,0.2842467757530908,0.7928110895581227,0.005642983237020385
2021-12-02 23:10:00,0.09135285913528592,0.2749003984063745,-0.37781087118391665,-0.3611855025888234,0.40388164007799926,0.00022271714922048998,0.5,-0.5345860864918988,0.6836414210058994,0.5166242536830309,0.2842467757530908,0.7928110895581227,0.0027837711423269007
2021-12-02 23:20:00,0.09414225941422595,0.6334661354581672,-0.3790022338049145,-0.36689876807712907,0.40388164007799926,0.00022271714922048998,0.5,-0.5345860864918988,0.6836414210058994,0.5166242536830309,0.2842467757530908,0.7928110895581227,0.0026630656185403683
2021-12-02 23:30:00,0.09483960948396096,0.3067729083665336,-0.3724497393894267,-0.3611855025888234,0.40388164007799926,0.0006681514476614699,0.5,-0.5345860864918988,0.6836414210058994,0.5166242536830309,0.2842467757530908,0.7928110895581227,0.0
2021-12-02 23:40:00,0.08647140864714087,0.043824701195219085,-0.33879374534623985,-0.3133369041242635,0.41514965122822634,0.22817371937639197,0.5,-0.5345860864918988,0.6836414210058994,0.5166242536830309,0.2842467757530908,0.7928110895581227,0.0
2021-12-02 23:50:00,0.13389121338912133,-0.7928286852589642,-0.3295606850335072,-0.30833779682199614,0.4203321511300729,0.9992204899777284,0.5,-0.5345860864918988,0.6836414210058994,0.5166242536830309,0.2842467757530908,0.7928110895581227,0.0
2021-12-03 00:00:00,0.1394700139470014,-0.47410358565737054,-0.3361131794489949,-0.3101231922870915,0.4203321511300729,0.9992204899777284,0.5,-0.5263597804432827,0.6836500415221531,0.5043802232359744,0.23925520797537467,0.8161613006849525,0.0
2021-12-03 00:10:00,0.14783821478382148,-0.5498007968127491,-0.33164556962025327,-0.318336011426531,0.4203321511300729,0.9992204899777284,0.5,-0.5263597804432827,0.6836500415221531,0.5043802232359744,0.23925520797537467,0.8161613006849525,0.0
2021-12-03 00:20:00,0.1596931659693166,-0.6254980079681276,-0.3283693224125095,-0.3301196214961615,0.4203321511300729,0.9992204899777284,0.5,-0.5263597804432827,0.6836500415221531,0.5043802232359744,0.23925520797537467,0.8161613006849525,0.0
2021-12-03 00:30:00,0.1680613668061367,-0.7011952191235061,-0.3283693224125095,-0.34333154793786824,0.4203321511300729,0.9992204899777284,0.5,-0.5263597804432827,0.6836500415221531,0.5043802232359744,0.23925520797537467,0.8161613006849525,0.0
2021-12-03 00:40:00,0.17642956764295675,-0.7768924302788845,-0.33164556962025327,-0.35118728798428844,0.4203321511300729,0.9992204899777284,0.5,-0.5263597804432827,0.6836500415221531,0.5043802232359744,0.23925520797537467,0.8161613006849525,0.0
2021-12-03 00:50:00,0.20641562064156208,-0.5856573705179284,-0.33492181682799715,-0.3569005534725942,0.4203321511300729,0.605456570155902,0.5,-0.5263597804432827,0.6836500415221531,0.5043802232359744,0.23925520797537467,0.8161613006849525,0.0229944022813344
2021-12-03 01:00:00,0.20781032078103207,-0.6254980079681276,-0.3218168279970217,-0.3211926441706838,0.4203321511300729,0.00011135857461024499,0.5,-0.5546785545971731,0.6734692118262007,0.5196762891955508,0.1879824645743012,0.8183420965603052,0.09519893779139067
2021-12-03 01:10:00,0.20920502092050208,-0.38645418326693237,-0.30722263588979903,-0.2844134975897161,0.40621114760963734,0.00022271714922048998,0.5,-0.5546785545971731,0.6734692118262007,0.5196762891955508,0.1879824645743012,0.8183420965603052,0.06709718303483864
2021-12-03 01:20:00,0.20920502092050208,-0.11553784860557781,-0.29590469099032024,-0.26013211926441704,0.40381620447317795,0.00022271714922048998,0.5,-0.5546785545971731,0.6734692118262007,0.5196762891955508,0.1879824645743012,0.8183420965603052,0.06826651779652067
2021-12-03 01:30:00,0.19456066945606695,-0.23505976095617542,-0.2899478778853314,-0.24227816461346185,0.40381620447317795,0.00022271714922048998,0.5,-0.5546785545971731,0.6734692118262007,0.5196762891955508,0.1879824645743012,0.8183420965603052,0.05833094436984172
2021-12-03 01:40:00,0.16387726638772665,0.47410358565737054,-0.2830975428145942,-0.22656668452062123,0.41251913991441025,0.00022271714922048998,0.5,-0.5546785545971731,0.6734692118262007,0.5196762891955508,0.1879824645743012,0.8183420965603052,0.041862184468216726
2021-12-03 01:50:00,0.1387726638772664,0.05179282868525892,-0.2756515264333582,-0.21014104624174257,0.4202667155252516,0.00033407572383073496,0.5,-0.5546785545971731,0.6734692118262007,0.5196762891955508,0.1879824645743012,0.8183420965603052,0.020180454758060868
2021-12-03 02:00:00,0.09414225941422595,-0.553784860557769,-0.2750558451228593,-0.19264417068380646,0.41092251115677064,0.016035634743875277,0.5,-0.5735129441672617,0.6574609131425516,0.548008339804024,0.12322631020477356,0.8613336309170904,0.0
2021-12-03 02:10:00,0.0885634588563459,-0.5362549800796814,-0.2827997021593449,-0.20549901803249415,0.40381620447317795,0.994988864142539,0.5,-0.5735129441672617,0.6574609131425516,0.548008339804024,0.12322631020477356,0.8613336309170904,0.0
2021-12-03 02:20:00,0.08507670850767085,-0.5187250996015936,-0.29590469099032024,-0.225495447241564,0.40381620447317795,0.9995545657015591,0.5,-0.5735129441672617,0.6574609131425516,0.548008339804024,0.12322631020477356,0.8613336309170904,0.0
2021-12-03 02:30:00,0.09483960948396096,-0.5011952191235061,-0.30811615785554747,-0.24299232279950012,0.40381620447317795,0.9995545657015591,0.5,-0.5735129441672617,0.6574609131425516,0.548008339804024,0.12322631020477356,0.8613336309170904,0.0
2021-12-03 02:40:00,0.10529986052998605,-0.4836653386454184,-0.3179448994787789,-0.2594179610783788,0.40381620447317795,0.9995545657015591,0.5,-0.5735129441672617,0.6574609131425516,0.548008339804024,0.12322631020477356,0.8613336309170904,0.0
2021-12-03 02:50:00,0.1415620641562064,-0.4661354581673308,-0.31943410275502615,-0.273701124799143,0.40381620447317795,0.9995545657015591,0.5,-0.5735129441672617,0.6574609131425516,0.548008339804024,0.12322631020477356,0.8613336309170904,0.0
2021-12-03 03:00:00,0.1087866108786611,-0.44860557768924303,-0.3224125093075205,-0.28869844670594524,0.40381620447317795,0.9995545657015591,0.5,-0.5838889568921325,0.6399842531903115,0.5653199894439924,0.11870463909588976,0.9620018155421611,0.0
2021-12-03 03:10:00,0.10320781032078104,-0.43107569721115546,-0.32717795979151165,-0.3040528477057667,0.40381620447317795,0.9995545657015591,0.5,-0.5838889568921325,0.6399842531903115,0.5653199894439924,0.11870463909588976,0.9620018155421611,0.0
2021-12-03 03:20:00,0.12203626220362622,-0.4135458167330678,-0.33164556962025327,-0.31440814140332085,0.40381620447317795,0.9995545657015591,0.5,-0.5838889568921325,0.6399842531903115,0.5653199894439924,0.11870463909588976,0.9620018155421611,0.0
2021-12-03 03:30:00,0.1199442119944212,-0.3960159362549801,-0.3376023827252421,-0.3261917514729513,0.40381620447317795,0.9995545657015591,0.5,-0.5838889568921325,0.6399842531903115,0.5653199894439924,0.11870463909588976,0.9620018155421611,0.0
2021-12-03 03:40:00,0.1199442119944212,-0.3784860557768924,-0.3373045420699926,-0.33547580789144793,0.40381620447317795,0.9995545657015591,0.5,-0.5838889568921325,0.6399842531903115,0.5653199894439924,0.11870463909588976,0.9620018155421611,0.0
2021-12-03 03:50:00,0.13319386331938632,-0.36095617529880486,-0.3402829486224871,-0.3444027852169256,0.40381620447317795,0.9995545657015591,0.5,-0.5838889568921325,0.6399842531903115,0.5653199894439924,0.11870463909588976,0.9620018155421611,0.0
2021-12-03 04:00:00,0.1324965132496513,-0.3434262948207172,-0.34296351451973206,-0.3533297625424031,0.40381620447317795,0.9995545657015591,0.5,-0.6183026746175986,0.6397256377026894,0.6251162726995696,0.17238017686244142,0.9919456327542648,0.0
2021-12-03 04:10:00,0.10599721059972106,-0.3258964143426296,-0.34713328369322427,-0.36225673986788076,0.40381620447317795,0.9995545657015591,0.5,-0.6183026746175986,0.6397256377026894,0.6251162726995696,0.17238017686244142,0.9919456327542648,0.0
2021-12-03 04:20:00,0.11645746164574616,-0.30836653386454194,-0.35815338793745355,-0.37046955900732004,0.40381620447317795,0.9995545657015591,0.5,-0.6183026746175986,0.6397256377026894,0.6251162726995696,0.17238017686244142,0.9919456327542648,0.0
2021-12-03 04:30:00,0.1087866108786611,-0.29083665338645437,-0.36649292628443786,-0.3772540617746831,0.40381620447317795,0.9995545657015591,0.5,-0.6183026746175986,0.6397256377026894,0.6251162726995696,0.17238017686244142,0.9919456327542648,0.0
2021-12-03 04:40:00,0.10320781032078104,-0.28375387339530767,-0.3763216679076695,-0.3776111408677022,0.40381620447317795,0.9995545657015591,0.5,-0.6183026746175986,0.6397256377026894,0.6251162726995696,0.17238017686244142,0.9919456327542648,0.0
2021-12-03 04:50:00,0.10808926080892609,-0.2766710934041612,-0.3795979151154134,-0.3854668809141224,0.40381620447317795,0.9995545657015591,0.5,-0.6183026746175986,0.6397256377026894,0.6251162726995696,0.17238017686244142,0.9919456327542648,0.0
2021-12-03 05:00:00,0.09762900976290097,-0.2695883134130147,-0.38495904690990335,-0.3901089091233708,0.40381620447317795,0.9995545657015591,0.5,-0.6074787966071904,0.6379038352676819,0.61617651105686,0.20808143459401915,0.9776441509493933,0.0
2021-12-03 05:10:00,0.09414225941422595,-0.2625055334218682,-0.38108711839166054,-0.39796464916979113,0.40381620447317795,0.9995545657015591,0.5,-0.6074787966071904,0.6379038352676819,0.61617651105686,0.20808143459401915,0.9776441509493933,0.0
2021-12-03 05:20:00,0.0885634588563459,-0.2554227534307215,-0.37810871183916617,-0.401178361006963,0.40381620447317795,0.9995545657015591,0.5,-0.6074787966071904,0.6379038352676819,0.61617651105686,0.20808143459401915,0.9776441509493933,0.0
2021-12-03 05:30:00,0.06694560669456066,-0.24833997343957503,-0.37840655249441557,-0.4061774683092304,0.40381620447317795,0.9995545657015591,0.5,-0.6074787966071904,0.6379038352676819,0.61617651105686,0.20808143459401915,0.9776441509493933,0.0
2021-12-03 05:40:00,0.04393305439330544,-0.24125719344842855,-0.38049143708116173,-0.4061774683092304,0.40381620447317795,0.9995545657015591,0.5,-0.6074787966071904,0.6379038352676819,0.61617651105686,0.20808143459401915,0.9776441509493933,0.0
2021-12-03 05:50:00,0.05299860529986053,-0.23417441345728207,-0.3861504095309011,-0.40689162649526867,0.40381620447317795,0.9995545657015591,0.5,-0.6074787966071904,0.6379038352676819,0.61617651105686,0.20808143459401915,0.9776441509493933,0.0
2021-12-03 06:00:00,0.10460251046025104,-0.2270916334661356,-0.3879374534623977,-0.4097482592394215,0.40381620447317795,0.9995545657015591,0.5,-0.6402965022948593,0.63740671883037,0.6722590427030076,0.2802579157873489,0.043402365453031326,0.0
2021-12-03 06:10:00,0.07322175732217574,0.1527224435590968,-0.38912881608339545,-0.4143902874486699,0.40381620447317795,0.9995545657015591,0.5,-0.6402965022948593,0.63740671883037,0.6722590427030076,0.2802579157873489,0.043402365453031326,0.0
2021-12-03 06:20:00,0.055090655509065556,0.5325365205843293,-0.38972449739389436,-0.4193893947509374,0.40381620447317795,0.9995545657015591,0.5,-0.6402965022948593,0.63740671883037,0.6722590427030076,0.2802579157873489,0.043402365453031326,0.0
2021-12-03 06:30:00,0.07601115760111576,0.9123505976095616,-0.38853313477289664,-0.42331726477414755,0.40381620447317795,0.9995545657015591,0.5,-0.6402965022948593,0.63740671883037,0.6722590427030076,0.2802579157873489,0.043402365453031326,0.0
2021-12-03 06:40:00,0.07322175732217574,0.49800796812749004,-0.3879374534623977,-0.42760221389037667,0.40381620447317795,0.9995545657015591,0.5,-0.6402965022948593,0.63740671883037,0.6722590427030076,0.2802579157873489,0.043402365453031326,0.0
2021-12-03 06:50:00,0.07810320781032079,0.08366533864541825,-0.3864482501861505,-0.43117300482056775,0.40381620447317795,0.9995545657015591,0.5,-0.6402965022948593,0.63740671883037,0.6722590427030076,0.2802579157873489,0.043402365453031326,0.0
2021-12-03 07:00:00,0.09623430962343095,-0.33067729083665354,-0.38495904690990335,-0.4333154793786824,0.40381620447317795,0.9995545657015591,0.5,-0.6326829258530804,0.6413721563072032,0.6567697120190749,0.23000806780076205,0.07671544997422518,0.0
2021-12-03 07:10:00,0.11506276150627615,-0.4080819578827548,-0.3798957557706627,-0.4386716657739689,0.40381620447317795,0.9995545657015591,0.5,-0.6326829258530804,0.6413721563072032,0.6567697120190749,0.23000806780076205,0.07671544997422518,0.0
2021-12-03 07:20:00,0.11924686192468618,-0.4854866249288561,-0.378704393149665,-0.4479557221924656,0.40381620447317795,0.9995545657015591,0.5,-0.6326829258530804,0.6413721563072032,0.6567697120190749,0.23000806780076205,0.07671544997422518,0.0
2021-12-03 07:30:00,0.05230125523012552,-0.5628912919749574,-0.38466120625465394,-0.456168541331905,0.40381620447317795,0.9995545657015591,0.5,-0.6326829258530804,0.6413721563072032,0.6567697120190749,0.23000806780076205,0.07671544997422518,0.0
2021-12-03 07:40:00,0.0299860529986053,-0.6402959590210586,-0.3980640357408788,-0.456168541331905,0.40381620447317795,0.9995545657015591,0.5,-0.6326829258530804,0.6413721563072032,0.6567697120190749,0.23000806780076205,0.07671544997422518,0.0
2021-12-03 07:50:00,0.027196652719665274,-0.7177006260671599,-0.4058078927773642,-0.4590251740760578,0.40381620447317795,0.9995545657015591,0.5,-0.6326829258530804,0.6413721563072032,0.6567697120190749,0.23000806780076205,0.07671544997422518,0.0
2021-12-03 08:00:00,0.029288702928870293,-0.6922026180990324,-0.41236038719285195,-0.4640242813783253,0.40381620447317795,0.9995545657015591,0.5,-0.659892242838508,0.6338119635524563,0.6942422710279059,0.26430101131303285,0.0624376220144349,0.0
2021-12-03 08:10:00,0.027196652719665274,-0.6667046101309051,-0.4177215189873419,-0.46830923049455453,0.40381620447317795,0.9995545657015591,0.5,-0.659892242838508,0.6338119635524563,0.6942422710279059,0.26430101131303285,0.0624376220144349,0.0
2021-12-03 08:20:00,0.019525801952580198,-0.6412066021627776,-0.42069992553983626,-0.4722371005177646,0.40381620447317795,0.9995545657015591,0.5,-0.659892242838508,0.6338119635524563,0.6942422710279059,0.26430101131303285,0.0624376220144349,0.0
2021-12-03 08:30:00,0.019525801952580198,-0.6157085941946501,-0.4212956068503352,-0.47759328691305125,0.40381620447317795,0.9995545657015591,0.5,-0.659892242838508,0.6338119635524563,0.6942422710279059,0.26430101131303285,0.0624376220144349,0.0
2021-12-03 08:40:00,0.02510460251046025,-0.5902105862265226,-0.4269545793000745,-0.48080699875022315,0.40381620447317795,0.9995545657015591,0.5,-0.659892242838508,0.6338119635524563,0.6942422710279059,0.26430101131303285,0.0624376220144349,0.0
2021-12-03 08:50:00,0.060669456066945605,-0.4035287421741607,-0.4296351451973195,-0.4861631851455097,0.40381620447317795,0.9995545657015591,0.5,-0.659892242838508,0.6338119635524563,0.6942422710279059,0.26430101131303285,0.0624376220144349,0.0
2021-12-03 09:00:00,0.055090655509065556,-0.2168468981217988,-0.4266567386448251,-0.4883056597036244,0.40381620447317795,0.9995545657015591,0.5,-0.6864989695563005,0.641625024783984,0.6999834000312216,0.3057517636261749,0.0270582134459742,0.0
2021-12-03 09:10:00,0.03765690376569038,-0.030165054069436814,-0.4266567386448251,-0.49044813426173894,0.40381620447317795,0.9995545657015591,0.5,-0.6864989695563005,0.641625024783984,0.6999834000312216,0.3057517636261749,0.0270582134459742,0.0
2021-12-03 09:20:00,0.04672245467224547,0.15651678998292518,-0.4215934475055846,-0.4883056597036244,0.40381620447317795,0.9995545657015591,0.5,-0.6864989695563005,0.641625024783984,0.6999834000312216,0.3057517636261749,0.0270582134459742,0.0
2021-12-03 09:30:00,0.045327754532775454,0.34319863403528705,-0.4180193596425913,-0.48366363149437597,0.40381620447317795,0.9995545657015591,0.5,-0.6864989695563005,0.641625024783984,0.6999834000312216,0.3057517636261749,0.0270582134459742,0.0
2021-12-03 09:40:00,0.038354253835425386,0.5298804780876492,-0.4102755026061059,-0.4765220496339939,0.40381620447317795,0.9995545657015591,0.5,-0.6864989695563005,0.641625024783984,0.6999834000312216,0.3057517636261749,0.0270582134459742,0.0
2021-12-03 09:50:00,0.0502092050209205,-0.649402390438247,-0.40074460163812375,-0.46759507230851627,0.40381620447317795,0.9995545657015591,0.5,-0.6864989695563005,0.641625024783984,0.6999834000312216,0.3057517636261749,0.0270582134459742,0.0
2021-12-03 10:00:00,0.08577405857740586,-0.37274900398406374,-0.39270290394638885,-0.45795393679700047,0.40381620447317795,0.9995545657015591,0.5,-0.4712774866979541,0.656742536788053,0.47288492112858993,0.2459341792735248,0.0015348084631012983,0.0
2021-12-03 10:10:00,0.10460251046025104,-0.09609561752988038,-0.3873417721518988,-0.4497411176575611,0.40381620447317795,0.9995545657015591,0.5,-0.4712774866979541,0.656742536788053,0.47288492112858993,0.2459341792735248,0.0015348084631012983,0.0
2021-12-03 10:20:00,0.12552301255230125,0.18055776892430253,-0.38198064035740886,-0.4461703267273701,0.40381620447317795,0.9995545657015591,0.5,-0.4712774866979541,0.656742536788053,0.47288492112858993,0.2459341792735248,0.0015348084631012983,0.0
2021-12-03 10:30:00,0.1680613668061367,0.4572111553784859,-0.37453462397617276,-0.4443849312622745,0.40381620447317795,0.9995545657015591,0.5,-0.4712774866979541,0.656742536788053,0.47288492112858993,0.2459341792735248,0.0015348084631012983,0.0
2021-12-03 10:40:00,0.16945606694560672,0.733864541832669,-0.3670886075949368,-0.43938582396000714,0.40381620447317795,0.9995545657015591,0.5,-0.4712774866979541,0.656742536788053,0.47288492112858993,0.2459341792735248,0.0015348084631012983,0.0
2021-12-03 10:50:00,0.17433751743375175,0.6733067729083664,-0.35815338793745355,-0.4368862703088734,0.43365484027168866,0.4380846325167038,0.5,-0.4712774866979541,0.656742536788053,0.47288492112858993,0.2459341792735248,0.0015348084631012983,0.0
2021-12-03 11:00:00,0.1771269177126918,0.4422310756972112,-0.3361131794489949,-0.435457953936797,0.4380128515527869,0.21280623608017818,0.5,-0.4561928849188337,0.650642084785652,0.43824919406454105,0.15679446095676108,0.9362566893494171,0.0
2021-12-03 11:10:00,0.12412831241283125,0.09960159362549792,-0.3215189873417723,-0.42188894840207114,0.45328552171807723,0.4587973273942094,0.5,-0.4561928849188337,0.650642084785652,0.43824919406454105,0.15679446095676108,0.9362566893494171,0.0
2021-12-03 11:20:00,0.11715481171548117,0.5537848605577689,-0.3164556962025318,-0.4051062310301732,0.45450262396775337,0.9995545657015591,0.5,-0.4561928849188337,0.650642084785652,0.43824919406454105,0.15679446095676108,0.9362566893494171,0.0
2021-12-03 11:30:00,0.10390516039051603,-0.4581673306772909,-0.3134772896500374,-0.3933226209605427,0.45450262396775337,0.9995545657015591,0.5,-0.4561928849188337,0.650642084785652,0.43824919406454105,0.15679446095676108,0.9362566893494171,0.0
2021-12-03 11:40:00,0.0808926080892608,-0.40876494023904386,-0.3015636634400597,-0.38296732726298865,0.45450262396775337,0.9995545657015591,0.5,-0.4561928849188337,0.650642084785652,0.43824919406454105,0.15679446095676108,0.9362566893494171,0.0
2021-12-03 11:50:00,0.08647140864714087,-0.35936254980079696,-0.2935219657483248,-0.37368327084449204,0.45450262396775337,0.9995545657015591,0.5,-0.4561928849188337,0.650642084785652,0.43824919406454105,0.15679446095676108,0.9362566893494171,0.0
2021-12-03 12:00:00,0.10599721059972106,-0.30996015936254984,-0.28428890543559204,-0.3618996607748617,0.45450262396775337,0.9995545657015591,0.5,-0.43490747686212805,0.6544121238940593,0.4246415313464858,0.2002243009968622,0.81497249274835,0.0
2021-12-03 12:10:00,0.11157601115760113,-0.26055776892430293,-0.2738644825018616,-0.3522585252633458,0.45450262396775337,0.9995545657015591,0.5,-0.43490747686212805,0.6544121238940593,0.4246415313464858,0.2002243009968622,0.81497249274835,0.0
2021-12-03 12:20:00,0.14435146443514643,-0.2111553784860558,-0.2631422189128817,-0.3472594179610783,0.45450262396775337,0.9995545657015591,0.5,-0.43490747686212805,0.6544121238940593,0.4246415313464858,0.2002243009968622,0.81497249274835,0.0
2021-12-03 12:30:00,0.1387726638772664,-0.1617529880478088,-0.2548026805658973,-0.3440457061239065,0.45450262396775337,0.9995545657015591,0.5,-0.43490747686212805,0.6544121238940593,0.4246415313464858,0.2002243009968622,0.81497249274835,0.0
2021-12-03 12:40:00,0.12761506276150628,-0.11235059760956179,-0.24646314221891308,-0.3376182824495625,0.45450262396775337,0.9995545657015591,0.5,-0.43490747686212805,0.6544121238940593,0.4246415313464858,0.2002243009968622,0.81497249274835,0.0
2021-12-03 12:50:00,0.17433751743375175,-0.06294820717131477,-0.23782576321667914,-0.3294054633101231,0.45450262396775337,0.9995545657015591,0.5,-0.43490747686212805,0.6544121238940593,0.4246415313464858,0.2002243009968622,0.81497249274835,0.0
2021-12-03 13:00:00,0.198744769874477,-0.013545816733067872,-0.2285927029039465,-0.32262096054276024,0.4058970567064951,0.505011135857461,0.5,-0.2663831876414797,0.6469697448614553,0.3084272930878567,0.2991693210648376,0.7643952793387406,0.005635439141783726
2021-12-03 13:10:00,0.18688981868898188,0.03585657370517925,-0.21012658227848113,-0.2994108194965186,0.394877700854589,0.00011135857461024499,0.5,-0.2663831876414797,0.6469697448614553,0.3084272930878567,0.2991693210648376,0.7643952793387406,0.04677339046728126
2021-12-03 13:20:00,0.22175732217573224,-0.08366533864541836,-0.19017125837676851,-0.2544188537761113,0.38258889426914977,0.00011135857461024499,0.5,-0.2663831876414797,0.6469697448614553,0.3084272930878567,0.2991693210648376,0.7643952793387406,0.07501093893809316
2021-12-03 13:30:00,0.2377963737796374,0.4581673306772909,-0.1746835443037975,-0.21978218175325825,0.3783748413186583,0.00022271714922048998,0.5,-0.2663831876414797,0.6469697448614553,0.3084272930878567,0.2991693210648376,0.7643952793387406,0.08104621512741977
2021-12-03 13:40:00,0.26638772663877264,0.41035856573705165,-0.15979151154132543,-0.19442956614890183,0.3829815078980775,0.00022271714922048998,0.5,-0.2663831876414797,0.6469697448614553,0.3084272930878567,0.2991693210648376,0.7643952793387406,0.11649591864447696
2021-12-03 13:50:00,0.28033472803347276,0.12350597609561742,-0.15234549516008944,-0.17693269059096584,0.3785449738911937,0.0013363028953229399,0.5,-0.2663831876414797,0.6469697448614553,0.3084272930878567,0.2991693210648376,0.7643952793387406,0.13186324064154986
2021-12-03 14:00:00,0.2629009762900976,-0.11553784860557781,-0.14221891288160848,-0.1615782895911445,0.37361112928766804,0.00311804008908686,0.5,-0.2486154965791405,0.6299758338194362,0.30025526414938103,0.37455345480429164,0.7485889408823544,0.11954373312008691
2021-12-03 14:10:00,0.2712691771269177,0.043824701195219085,-0.1389426656738647,-0.14943760042849485,0.3692269437646412,0.005679287305122495,0.5,-0.2486154965791405,0.6299758338194362,0.30025526414938103,0.37455345480429164,0.7485889408823544,0.1266351826425457
2021-12-03 14:20:00,0.28451882845188287,0.1633466135458166,-0.1309009679821297,-0.1376539903588645,0.3644763188546152,0.0020044543429844097,0.5,-0.2486154965791405,0.6299758338194362,0.30025526414938103,0.37455345480429164,0.7485889408823544,0.14237970940145148
2021-12-03 14:30:00,0.2768479776847978,0.11553784860557759,-0.12702903946388688,-0.13229780396357804,0.36808836424075064,0.00757238307349666,0.5,-0.2486154965791405,0.6299758338194362,0.30025526414938103,0.37455345480429164,0.7485889408823544,0.13827572159270937
2021-12-03 14:40:00,0.2873082287308229,-0.1872509960159363,-0.12196574832464646,-0.12372790573111947,0.3750376254727723,0.0006681514476614699,0.5,-0.2486154965791405,0.6299758338194362,0.30025526414938103,0.37455345480429164,0.7485889408823544,0.1337568085459511
2021-12-03 14:50:00,0.28451882845188287,-0.01195219123505975,-0.11451973194341047,-0.11587216568469916,0.3770006936174112,0.000779510022271715,0.5,-0.2486154965791405,0.6299758338194362,0.30025526414938103,0.37455345480429164,0.7485889408823544,0.1331155604508351
2021-12-03 15:00:00,0.26429567642956764,-0.043824701195219196,-0.11154132539091599,-0.10730226745224059,0.37033934904660326,0.000779510022271715,0.5,-0.23224840180333484,0.618386986468664,0.28431688465380445,0.4254383022183882,0.7383200277187442,0.11919670473920063
2021-12-03 15:10:00,0.33054393305439334,0.2749003984063745,-0.10498883097542833,-0.10016068559185842,0.37033934904660326,0.0032293986636971047,0.5,-0.23224840180333484,0.618386986468664,0.28431688465380445,0.4254383022183882,0.7383200277187442,0.17601128596647406
2021-12-03 15:20:00,0.3075313807531381,0.1633466135458166,-0.10201042442293384,-0.09908944831280142,0.37033934904660326,0.013140311804008908,0.5,-0.23224840180333484,0.618386986468664,0.28431688465380445,0.4254383022183882,0.7383200277187442,0.16270350196900885
2021-12-03 15:30:00,0.3054393305439331,0.346613545816733,-0.09337304542070002,-0.09551865738261023,0.37033934904660326,0.00033407572383073496,0.5,-0.23224840180333484,0.618386986468664,0.28431688465380445,0.4254383022183882,0.7383200277187442,0.16354089654027792
2021-12-03 15:40:00,0.30404463040446306,0.33864541832669315,-0.08741623231571116,-0.09051955008034285,0.37033934904660326,0.00033407572383073496,0.5,-0.23224840180333484,0.618386986468664,0.28431688465380445,0.4254383022183882,0.7383200277187442,0.16057606711227124
2021-12-03 15:50:00,0.30264993026499304,-0.09960159362549814,-0.08622486969471344,-0.0880199964292091,0.37033934904660326,0.00022271714922048998,0.5,-0.23224840180333484,0.618386986468664,0.28431688465380445,0.4254383022183882,0.7383200277187442,0.17389139520497307
2021-12-03 16:00:00,0.3200836820083682,-0.26693227091633476,-0.08562918838421452,-0.08194965184788428,0.37033934904660326,0.00022271714922048998,0.5,-0.1997828713874853,0.6160738146071776,0.24340842378033664,0.44869298532623775,0.7293718707948005,0.1930835734870317
2021-12-03 16:10:00,0.3716875871687587,-0.17131474103585675,-0.11243484735666431,-0.0958757364756293,0.37033934904660326,0.00022271714922048998,0.5,-0.1997828713874853,0.6160738146071776,0.24340842378033664,0.44869298532623775,0.7293718707948005,0.25913212728397483
2021-12-03 16:20:00,0.3417015341701534,-0.06772908366533881,-0.1663440059568132,-0.16014997321906788,0.37033934904660326,0.00022271714922048998,0.5,-0.1997828713874853,0.6160738146071776,0.24340842378033664,0.44869298532623775,0.7293718707948005,0.22758272100427
2021-12-03 16:30:00,0.32984658298465835,-0.21912350597609564,-0.18361876396128085,-0.19264417068380646,0.37033934904660326,0.00022271714922048998,0.5,-0.1997828713874853,0.6160738146071776,0.24340842378033664,0.44869298532623775,0.7293718707948005,0.20369811548500988
2021-12-03 16:40:00,0.3263598326359832,-0.10756972111553798,-0.19136262099776635,-0.21621139082306728,0.37033934904660326,0.00022271714922048998,0.5,-0.1997828713874853,0.6160738146071776,0.24340842378033664,0.44869298532623775,0.7293718707948005,0.19824373462890593
2021-12-03 16:50:00,0.3193863319386332,-0.2589641434262948,-0.19880863737900234,-0.22299589359043037,0.37033934904660326,0.00022271714922048998,0.5,-0.1997828713874853,0.6160738146071776,0.24340842378033664,0.44869298532623775,0.7293718707948005,0.19911130558112167
2021-12-03 17:00:00,0.3207810320781032,-0.33067729083665354,-0.20357408786299336,-0.23120871272986965,0.37033934904660326,0.00022271714922048998,0.5,-0.2017778530816421,0.6259471792234068,0.23707152202437953,0.41605502551488854,0.7148125980629543,0.199722377295291
2021-12-03 17:10:00,0.35146443514644354,-0.15537848605577698,-0.2089352196574834,-0.23620782003213703,0.3640313567418303,0.00022271714922048998,0.5,-0.2017778530816421,0.6259471792234068,0.23707152202437953,0.41605502551488854,0.7148125980629543,0.2314075772892557
2021-12-03 17:20:00,0.35564853556485354,0.21912350597609564,-0.21489203276247215,-0.24120692733440452,0.3598042166703747,0.00022271714922048998,0.5,-0.2017778530816421,0.6259471792234068,0.23707152202437953,0.41605502551488854,0.7148125980629543,0.22673023824252758
2021-12-03 17:30:00,0.3284518828451883,0.21912350597609564,-0.22174236783320933,-0.246206034636672,0.36295821282276114,0.00022271714922048998,0.5,-0.2017778530816421,0.6259471792234068,0.23707152202437953,0.41605502551488854,0.7148125980629543,0.21297735262609957
2021-12-03 17:40:00,0.2914923291492329,-0.10756972111553798,-0.22501861504095322,-0.25977504017139796,0.3692007695227127,0.00033407572383073496,0.5,-0.2017778530816421,0.6259471792234068,0.23707152202437953,0.41605502551488854,0.7148125980629543,0.17018724444377387
2021-12-03 17:50:00,0.24895397489539747,-0.08366533864541836,-0.23008190618019375,-0.26477414747366534,0.37698760649644686,0.00033407572383073496,0.5,-0.2017778530816421,0.6259471792234068,0.23707152202437953,0.41605502551488854,0.7148125980629543,0.12175415302442777
2021-12-03 18:00:00,0.2622036262203626,0.1633466135458166,-0.23454951600893525,-0.2672737011247991,0.3667011294185393,0.00033407572383073496,0.5,-0.404471582000405,0.6476019160534133,0.4143718699896533,0.3677652253077354,0.7030147022983979,0.1250584667380841
2021-12-03 18:10:00,0.25174337517433754,-0.2828685258964144,-0.2399106478034252,-0.27620067845027674,0.38546806088128677,0.00033407572383073496,0.5,-0.404471582000405,0.6476019160534133,0.4143718699896533,0.3677652253077354,0.7030147022983979,0.12160327111969461
2021-12-03 18:20:00,0.27475592747559274,0.1633466135458166,-0.24497393894266584,-0.2861988930548115,0.38546806088128677,0.00033407572383073496,0.5,-0.404471582000405,0.6476019160534133,0.4143718699896533,0.3677652253077354,0.7030147022983979,0.1246963501667245
2021-12-03 18:30:00,0.29009762900976294,0.027888446215139417,-0.2503350707371558,-0.2929833958221746,0.38546806088128677,0.00022271714922048998,0.5,-0.404471582000405,0.6476019160534133,0.4143718699896533,0.3677652253077354,0.7030147022983979,0.14314920711559062
2021-12-03 18:40:00,0.2907949790794979,0.36254980079681287,-0.25658972449739403,-0.2972683449384038,0.38546806088128677,0.00022271714922048998,0.5,-0.404471582000405,0.6476019160534133,0.4143718699896533,0.3677652253077354,0.7030147022983979,0.14580472863889435
2021-12-03 18:50:00,0.33054393305439334,-0.06772908366533881,-0.2622486969471334,-0.3026245313336904,0.38546806088128677,0.00022271714922048998,0.5,-0.404471582000405,0.6476019160534133,0.4143718699896533,0.3677652253077354,0.7030147022983979,0.19150685758257013
2021-12-03 19:00:00,0.20571827057182707,0.4501992031872508,-0.2670141474311244,-0.30298161042670946,0.39610789022522935,0.00033407572383073496,0.5,-0.43337460222271673,0.651015640489992,0.4753390280483675,0.3485183155418021,0.7172405001351665,0.0880546796022753
2021-12-03 19:10:00,0.1701534170153417,0.4262948207171313,-0.2705882352941178,-0.3040528477057667,0.3993404091034013,0.00044543429844097997,0.5,-0.43337460222271673,0.651015640489992,0.4753390280483675,0.3485183155418021,0.7172405001351665,0.06601083332075984
2021-12-03 19:20:00,0.25662482566248257,-0.003984063745020028,-0.2750558451228593,-0.3076236386359579,0.3993404091034013,0.00033407572383073496,0.5,-0.43337460222271673,0.651015640489992,0.4753390280483675,0.3485183155418021,0.7172405001351665,0.11485884997812212
2021-12-03 19:30:00,0.19107391910739194,0.38645418326693215,-0.27773641102010427,-0.3133369041242635,0.4124013558257319,0.00022271714922048998,0.5,-0.43337460222271673,0.651015640489992,0.4753390280483675,0.3485183155418021,0.7172405001351665,0.07608220046169863
2021-12-03 19:40:00,0.2377963737796374,0.298804780876494,-0.28071481757259875,-0.31619353686841634,0.4132258444464802,0.00033407572383073496,0.5,-0.43337460222271673,0.651015640489992,0.4753390280483675,0.3485183155418021,0.7172405001351665,0.10938183683630823
2021-12-03 19:50:00,0.3235704323570432,0.4581673306772909,-0.28071481757259875,-0.3169076950544545,0.4132258444464802,0.00868596881959911,0.5,-0.43337460222271673,0.651015640489992,0.4753390280483675,0.3485183155418021,0.7172405001351665,0.1732878675860404
2021-12-03 20:00:00,0.3200836820083682,0.21912350597609564,-0.28071481757259875,-0.3169076950544545,0.4132258444464802,0.018819599109131405,0.5,-0.4431073339107866,0.6775179809601539,0.5040877898669682,0.32196204586371235,0.7685628489837072,0.16865579311073223
2021-12-03 20:10:00,0.35704323570432356,0.043824701195219085,-0.28369322412509324,-0.3172647741474738,0.4240096321210297,0.03485523385300668,0.5,-0.4431073339107866,0.6775179809601539,0.5040877898669682,0.32196204586371235,0.7685628489837072,0.16912352701540506
2021-12-03 20:20:00,0.32984658298465835,0.24302788844621515,-0.28518242740134037,-0.31440814140332085,0.415843268639332,0.011915367483296215,0.5,-0.4431073339107866,0.6775179809601539,0.5040877898669682,0.32196204586371235,0.7685628489837072,0.16519305339710608
2021-12-03 20:30:00,0.3110181311018131,0.14741035856573692,-0.289650037230082,-0.32226388144974105,0.42665323055581,0.000556792873051225,0.5,-0.4431073339107866,0.6775179809601539,0.5040877898669682,0.32196204586371235,0.7685628489837072,0.15437482082773812
2021-12-03 20:40:00,0.2377963737796374,0.10756972111553775,-0.289650037230082,-0.32404927691483665,0.4297287039824109,0.00022271714922048998,0.5,-0.4431073339107866,0.6775179809601539,0.5040877898669682,0.32196204586371235,0.7685628489837072,0.1153190397875583
2021-12-03 20:50:00,0.20013947001394702,0.2111553784860556,-0.289650037230082,-0.32404927691483665,0.4297287039824109,0.00022271714922048998,0.5,-0.4431073339107866,0.6775179809601539,0.5040877898669682,0.32196204586371235,0.7685628489837072,0.08210993255578859
2021-12-03 21:00:00,0.20711297071129708,0.5298804780876492,-0.289650037230082,-0.32404927691483665,0.43289578725576155,0.00022271714922048998,0.5,-0.4500033186324033,0.6756588229547111,0.5226614936649371,0.3143796805881077,0.8254182135759183,0.08637989045973717
2021-12-03 21:10:00,0.24407252440725244,0.1394422310756971,-0.29262844378257635,-0.32690590965898936,0.44617921503448454,0.00033407572383073496,0.5,-0.4500033186324033,0.6756588229547111,0.5226614936649371,0.3143796805881077,0.8254182135759183,0.09223410836338398
2021-12-03 21:20:00,0.22594142259414227,0.346613545816733,-0.29262844378257635,-0.32762006784502773,0.45187211265393723,0.00044543429844097997,0.5,-0.4500033186324033,0.6756588229547111,0.5226614936649371,0.3143796805881077,0.8254182135759183,0.09310922341083634
2021-12-03 21:30:00,0.18410041841004185,-0.1633466135458168,-0.2973938942665675,-0.3279771469380467,0.46002538901467066,0.00044543429844097997,0.5,-0.4500033186324033,0.6756588229547111,0.5226614936649371,0.3143796805881077,0.8254182135759183,0.051194230275963
2021-12-03 21:40:00,0.1596931659693166,-0.3784860557768924,-0.30752047654504844,-0.3344045706123906,0.46002538901467066,0.00044543429844097997,0.5,-0.4500033186324033,0.6756588229547111,0.5226614936649371,0.3143796805881077,0.8254182135759183,0.029293721803944052
2021-12-03 21:50:00,0.14783821478382148,-0.08366533864541836,-0.31139240506329124,-0.3340474915193715,0.4468859195665546,0.00044543429844097997,0.5,-0.4500033186324033,0.6756588229547111,0.5226614936649371,0.3143796805881077,0.8254182135759183,0.038218386468910785
2021-12-03 22:00:00,0.18340306834030684,0.49800796812749004,-0.30841399851079676,-0.33333333333333326,0.4477104081873029,0.00044543429844097997,0.5,-0.5170891558099582,0.6858425261560842,0.5936946495979929,0.3063660776785953,0.8814249018257269,0.06555818760656035
2021-12-03 22:10:00,0.13598326359832635,-0.12350597609561753,-0.30781831720029795,-0.33476164970540967,0.46002538901467066,0.00044543429844097997,0.5,-0.5170891558099582,0.6858425261560842,0.5936946495979929,0.3063660776785953,0.8814249018257269,0.028335621708888457
2021-12-03 22:20:00,0.17642956764295675,0.3784860557768923,-0.3131794489947879,-0.3361899660774862,0.46002538901467066,0.00044543429844097997,0.5,-0.5170891558099582,0.6858425261560842,0.5936946495979929,0.3063660776785953,0.8814249018257269,0.046697949514914676
2021-12-03 22:30:00,0.1596931659693166,0.298804780876494,-0.31943410275502615,-0.3379753615425817,0.46002538901467066,0.00044543429844097997,0.5,-0.5170891558099582,0.6858425261560842,0.5936946495979929,0.3063660776785953,0.8814249018257269,0.03263575599378366
2021-12-03 22:40:00,0.16248256624825663,0.31474103585657365,-0.3221146686522711,-0.339046598821639,0.46002538901467066,0.00044543429844097997,0.5,-0.5170891558099582,0.6858425261560842,0.5936946495979929,0.3063660776785953,0.8814249018257269,0.03497442551714773
2021-12-03 22:50:00,0.09623430962343095,-0.15537848605577698,-0.31973194341027555,-0.3372612033565434,0.46002538901467066,0.22594654788418708,0.5,-0.5170891558099582,0.6858425261560842,0.5936946495979929,0.3063660776785953,0.8814249018257269,0.005514733617997193
2021-12-03 23:00:00,0.11227336122733612,0.003984063745019917,-0.32002978406552507,-0.33226209605427603,0.46002538901467066,0.9972160356347439,0.5,-0.5715474799572948,0.6855954046901366,0.6362960790214313,0.30633359404542415,0.9344328157554052,0.0
2021-12-03 23:10:00,0.08437935843793584,-0.4661354581673308,-0.31198808637379016,-0.31119442956614896,0.46002538901467066,0.9972160356347439,0.5,-0.5715474799572948,0.6855954046901366,0.6362960790214313,0.30633359404542415,0.9344328157554052,0.0
2021-12-03 23:20:00,0.09623430962343095,-0.019920318725099695,-0.3137751303052868,-0.30976611319407255,0.46002538901467066,0.9972160356347439,0.5,-0.5715474799572948,0.6855954046901366,0.6362960790214313,0.30633359404542415,0.9344328157554052,0.0
2021-12-03 23:30:00,0.11715481171548117,0.5378486055776892,-0.31943410275502615,-0.318336011426531,0.46002538901467066,0.9972160356347439,0.5,-0.5715474799572948,0.6855954046901366,0.6362960790214313,0.30633359404542415,0.9344328157554052,0.0
2021-12-03 23:40:00,0.0815899581589958,0.7131474103585655,-0.3224125093075205,-0.325834672379932,0.46002538901467066,0.9972160356347439,0.5,-0.5715474799572948,0.6855954046901366,0.6362960790214313,0.30633359404542415,0.9344328157554052,0.0
2021-12-03 23:50:00,0.1506276150627615,0.6533864541832668,-0.32717795979151165,-0.3340474915193715,0.46002538901467066,0.9972160356347439,0.5,-0.5715474799572948,0.6855954046901366,0.6362960790214313,0.30633359404542415,0.9344328157554052,0.0
2021-12-04 00:00:00,0.197350069735007,0.593625498007968,-0.31973194341027555,-0.3344045706123906,0.46002538901467066,0.3204899777282851,0.5,-0.5840579236434382,0.6763800728146262,0.6459188615338143,0.3184900128876342,0.9845800093471715,0.008290960665087437
2021-12-04 00:10:00,0.15202231520223153,0.5059760956175297,-0.28101265822784816,-0.28369933940367775,0.4641478321184122,0.00011135857461024499,0.5,-0.5840579236434382,0.6763800728146262,0.6459188615338143,0.3184900128876342,0.9845800093471715,0.020572747710367097
2021-12-04 00:20:00,0.12273361227336123,-0.2589641434262948,-0.2583767684288907,-0.2369219782181754,0.4764889871877086,0.00011135857461024499,0.5,-0.5840579236434382,0.6763800728146262,0.6459188615338143,0.3184900128876342,0.9845800093471715,0.011459480664483908
2021-12-04 00:30:00,0.1094839609483961,-0.17131474103585675,-0.2440804169769174,-0.19550080342795917,0.4764889871877086,0.00044543429844097997,0.5,-0.5840579236434382,0.6763800728146262,0.6459188615338143,0.3184900128876342,0.9845800093471715,0.0
2021-12-04 00:40:00,0.11785216178521618,0.1633466135458166,-0.23901712583767698,-0.1837171933583288,0.4764889871877086,0.24688195991091316,0.5,-0.5840579236434382,0.6763800728146262,0.6459188615338143,0.3184900128876342,0.9845800093471715,0.0
2021-12-04 00:50:00,0.1304044630404463,0.346613545816733,-0.24884586746090853,-0.20335654347437948,0.4764889871877086,0.9993318485523385,0.5,-0.5840579236434382,0.6763800728146262,0.6459188615338143,0.3184900128876342,0.9845800093471715,0.0
2021-12-04 01:00:00,0.12203626220362622,0.13306772908366526,-0.2479523454951601,-0.21156936261381898,0.4764889871877086,0.9993318485523385,0.5,-0.6098442977723806,0.6789259986149695,0.6510677685799495,0.34181021475128426,0.009380507809115705,0.0
2021-12-04 01:10:00,0.11924686192468618,-0.08047808764940256,-0.2479523454951601,-0.22263881449741119,0.4764889871877086,0.9993318485523385,0.5,-0.6098442977723806,0.6789259986149695,0.6510677685799495,0.34181021475128426,0.009380507809115705,0.0
2021-12-04 01:20:00,0.12412831241283125,-0.29402390438247017,-0.2479523454951601,-0.23299410819496513,0.4764889871877086,0.9993318485523385,0.5,-0.6098442977723806,0.6789259986149695,0.6510677685799495,0.34181021475128426,0.009380507809115705,0.0
2021-12-04 01:30:00,0.12133891213389121,-0.507569721115538,-0.2479523454951601,-0.24192108552044278,0.4764889871877086,0.9993318485523385,0.5,-0.6098442977723806,0.6789259986149695,0.6510677685799495,0.34181021475128426,0.009380507809115705,0.0
2021-12-04 01:40:00,0.12622036262203626,-0.7211155378486056,-0.2479523454951601,-0.25049098375290113,0.4764889871877086,0.9993318485523385,0.5,-0.6098442977723806,0.6789259986149695,0.6510677685799495,0.34181021475128426,0.009380507809115705,0.0
2021-12-04 01:50:00,0.1387726638772664,-0.5856573705179284,-0.2479523454951601,-0.2576325656132833,0.4764889871877086,0.9993318485523385,0.5,-0.6098442977723806,0.6789259986149695,0.6510677685799495,0.34181021475128426,0.009380507809115705,0.0
2021-12-04 02:00:00,0.17852161785216178,-0.45019920318725104,-0.2479523454951601,-0.26655954293876094,0.4764889871877086,0.9993318485523385,0.5,-0.6340834887865245,0.6678371412069298,0.6714215622307974,0.3548744394866147,0.01028836892009843,0.0
2021-12-04 02:10:00,0.16108786610878661,-0.31474103585657376,-0.24437825763216692,-0.2754865202642386,0.43016057897423143,0.38485523385300674,0.5,-0.6340834887865245,0.6678371412069298,0.6714215622307974,0.3548744394866147,0.01028836892009843,0.0
2021-12-04 02:20:00,0.17642956764295675,0.15537848605577675,-0.23335815338793753,-0.2740582038921622,0.4274253706927013,0.6671492204899777,0.5,-0.6340834887865245,0.6678371412069298,0.6714215622307974,0.3548744394866147,0.01028836892009843,0.0
2021-12-04 02:30:00,0.14783821478382148,0.3227091633466135,-0.2279970215934476,-0.26691662203178,0.4328696130138331,0.08129175946547884,0.5,-0.6340834887865245,0.6678371412069298,0.6714215622307974,0.3548744394866147,0.01028836892009843,0.0
2021-12-04 02:40:00,0.15829846582984658,-0.4422310756972112,-0.22144452717795982,-0.26477414747366534,0.44388896886573925,0.9914253897550112,0.5,-0.6340834887865245,0.6678371412069298,0.6714215622307974,0.3548744394866147,0.01028836892009843,0.0
2021-12-04 02:50:00,0.1297071129707113,-0.1394422310756973,-0.2279970215934476,-0.26334583110158893,0.44388896886573925,0.9995545657015591,0.5,-0.6340834887865245,0.6678371412069298,0.6714215622307974,0.3548744394866147,0.01028836892009843,0.0
2021-12-04 03:00:00,0.09623430962343095,-0.1283561406547723,-0.23008190618019375,-0.2654883056597036,0.44388896886573925,0.9995545657015591,0.5,-0.6441877405383123,0.6733772596528229,0.6965921367380897,0.36992474049564544,0.0069467715385913365,0.0
2021-12-04 03:10:00,0.08368200836820083,-0.11727005023384729,-0.23097542814594196,-0.27120157114800925,0.44388896886573925,0.9995545657015591,0.5,-0.6441877405383123,0.6733772596528229,0.6965921367380897,0.36992474049564544,0.0069467715385913365,0.0
2021-12-04 03:20:00,0.08716875871687588,-0.10618395981292228,-0.23306031273268812,-0.2769148366363149,0.44388896886573925,0.9995545657015591,0.5,-0.6441877405383123,0.6733772596528229,0.6965921367380897,0.36992474049564544,0.0069467715385913365,0.0
2021-12-04 03:30:00,0.07670850767085077,-0.09509786939199738,-0.23335815338793753,-0.2819139439385824,0.44388896886573925,0.9995545657015591,0.5,-0.6441877405383123,0.6733772596528229,0.6965921367380897,0.36992474049564544,0.0069467715385913365,0.0
2021-12-04 03:40:00,0.07531380753138076,-0.08401177897107226,-0.23871928518242747,-0.28584181396179253,0.44388896886573925,0.9995545657015591,0.5,-0.6441877405383123,0.6733772596528229,0.6965921367380897,0.36992474049564544,0.0069467715385913365,0.0
2021-12-04 03:50:00,0.08228730822873082,-0.07292568855014736,-0.2405063291139241,-0.29012676307802165,0.44388896886573925,0.9995545657015591,0.5,-0.6441877405383123,0.6733772596528229,0.6965921367380897,0.36992474049564544,0.0069467715385913365,0.0
2021-12-04 04:00:00,0.100418410041841,-0.06183959812922224,-0.24199553239017135,-0.2976254240314229,0.44388896886573925,0.9995545657015591,0.5,-0.6910345561354176,0.6741329915777567,0.7762245583920071,0.3698882156200508,0.0008204273297900423,0.0
2021-12-04 04:10:00,0.09902370990237098,-0.05075350770829734,-0.24199553239017135,-0.3040528477057667,0.44388896886573925,0.9995545657015591,0.5,-0.6910345561354176,0.6741329915777567,0.7762245583920071,0.3698882156200508,0.0008204273297900423,0.0
2021-12-04 04:20:00,0.08716875871687588,-0.03966741728737222,-0.24199553239017135,-0.3115515086591679,0.44388896886573925,0.9995545657015591,0.5,-0.6910345561354176,0.6741329915777567,0.7762245583920071,0.3698882156200508,0.0008204273297900423,0.0
2021-12-04 04:30:00,0.048814504881450484,-0.02858132686644732,-0.2509307520476546,-0.3154793786823781,0.44388896886573925,0.9995545657015591,0.5,-0.6910345561354176,0.6741329915777567,0.7762245583920071,0.3698882156200508,0.0008204273297900423,0.0
2021-12-04 04:40:00,0.0502092050209205,-0.017495236445522422,-0.26463142218912894,-0.32083556507766464,0.44388896886573925,0.9995545657015591,0.5,-0.6910345561354176,0.6741329915777567,0.7762245583920071,0.3698882156200508,0.0008204273297900423,0.0
2021-12-04 04:50:00,0.06206415620641562,-0.006409146024597301,-0.26880119136262115,-0.32726298875200854,0.44388896886573925,0.9995545657015591,0.5,-0.6910345561354176,0.6741329915777567,0.7762245583920071,0.3698882156200508,0.0008204273297900423,0.0
2021-12-04 05:00:00,0.07810320781032079,0.004676944396327709,-0.2741623231571111,-0.3344045706123906,0.44388896886573925,0.9995545657015591,0.5,-0.6708565707087164,0.6678026591419153,0.7686517261875097,0.36114267770973035,0.9927641202603543,0.0
2021-12-04 05:10:00,0.0794979079497908,0.015763034817252608,-0.2780342516753538,-0.339046598821639,0.44388896886573925,0.9995545657015591,0.5,-0.6708565707087164,0.6678026591419153,0.7686517261875097,0.36114267770973035,0.9927641202603543,0.0
2021-12-04 05:20:00,0.08926080892608089,0.026849125238177507,-0.28369322412509324,-0.3472594179610783,0.44388896886573925,0.9995545657015591,0.5,-0.6708565707087164,0.6678026591419153,0.7686517261875097,0.36114267770973035,0.9927641202603543,0.0
2021-12-04 05:30:00,0.12831241283124128,0.03793521565910263,-0.2827997021593449,-0.3519014461703267,0.44388896886573925,0.9995545657015591,0.5,-0.6708565707087164,0.6678026591419153,0.7686517261875097,0.36114267770973035,0.9927641202603543,0.0
2021-12-04 05:40:00,0.10739191073919108,0.04902130608002753,-0.27684288905435606,-0.3569005534725942,0.44388896886573925,0.9995545657015591,0.5,-0.6708565707087164,0.6678026591419153,0.7686517261875097,0.36114267770973035,0.9927641202603543,0.0
2021-12-04 05:50:00,0.06415620641562064,0.06010739650095265,-0.28518242740134037,-0.359757186216747,0.44388896886573925,0.9995545657015591,0.5,-0.6708565707087164,0.6678026591419153,0.7686517261875097,0.36114267770973035,0.9927641202603543,0.0
2021-12-04 06:00:00,0.0885634588563459,0.07119348692187755,-0.2944154877140731,-0.3647562935190145,0.44388896886573925,0.9995545657015591,0.5,-0.7177776969891834,0.6808483737396085,0.8700594010036324,0.3746385830786973,0.016341978770964556,0.0
2021-12-04 06:10:00,0.12761506276150628,0.08227957734280245,-0.29650037230081916,-0.3740403499375111,0.44388896886573925,0.9995545657015591,0.5,-0.7177776969891834,0.6808483737396085,0.8700594010036324,0.3746385830786973,0.016341978770964556,0.0
2021-12-04 06:20:00,0.15690376569037656,0.09336566776372757,-0.29292628443782587,-0.38296732726298865,0.44388896886573925,0.9995545657015591,0.5,-0.7177776969891834,0.6808483737396085,0.8700594010036324,0.3746385830786973,0.016341978770964556,0.0
2021-12-04 06:30:00,0.17852161785216178,0.10445175818465247,-0.29620253164556976,-0.39118014640242804,0.387601261598461,0.6887527839643653,0.5,-0.7177776969891834,0.6808483737396085,0.8700594010036324,0.3746385830786973,0.016341978770964556,0.0
2021-12-04 06:40:00,0.13458856345885634,0.11553784860557759,-0.29590469099032024,-0.38796643456525615,0.36985512557092565,0.36146993318485526,0.5,-0.7177776969891834,0.6808483737396085,0.8700594010036324,0.3746385830786973,0.016341978770964556,0.0
2021-12-04 06:50:00,0.19525801952580193,-0.33067729083665354,-0.29262844378257635,-0.3776111408677022,0.37325777702163304,0.6184855233853007,0.5,-0.7177776969891834,0.6808483737396085,0.8700594010036324,0.3746385830786973,0.016341978770964556,0.0
2021-12-04 07:00:00,0.14783821478382148,-0.003984063745020028,-0.2866716306775876,-0.3776111408677022,0.37325777702163304,0.4378619153674833,0.5,-0.7123748967304968,0.6711962690405661,0.83148533451727,0.3441916275992423,0.02930839671228409,0.0
2021-12-04 07:10:00,0.1799163179916318,0.05976095617529875,-0.28875651526433366,-0.3743974290305303,0.37325777702163304,0.9995545657015591,0.5,-0.7123748967304968,0.6711962690405661,0.83148533451727,0.3441916275992423,0.02930839671228409,0.0
2021-12-04 07:20:00,0.1603905160390516,0.5697211155378485,-0.29530900967982143,-0.3740403499375111,0.37325777702163304,0.9995545657015591,0.5,-0.7123748967304968,0.6711962690405661,0.83148533451727,0.3441916275992423,0.02930839671228409,0.0
2021-12-04 07:30:00,0.1596931659693166,0.549800796812749,-0.30275502606105753,-0.37868237814675954,0.37325777702163304,0.9995545657015591,0.5,-0.7123748967304968,0.6711962690405661,0.83148533451727,0.3441916275992423,0.02930839671228409,0.0
2021-12-04 07:40:00,0.14853556485355648,0.5298804780876492,-0.30752047654504844,-0.38475272272808425,0.37325777702163304,0.9995545657015591,0.5,-0.7123748967304968,0.6711962690405661,0.83148533451727,0.3441916275992423,0.02930839671228409,0.0
2021-12-04 07:50:00,0.1324965132496513,0.38645418326693215,-0.30752047654504844,-0.38510980182110344,0.37325777702163304,0.9995545657015591,0.5,-0.7123748967304968,0.6711962690405661,0.83148533451727,0.3441916275992423,0.02930839671228409,0.0
2021-12-04 08:00:00,0.1499302649930265,0.41035856573705165,-0.3066269545793002,-0.3886805927512945,0.37325777702163304,0.9995545657015591,0.5,-0.6923180497247869,0.673931846198498,0.8324186864669167,0.3405424128132871,0.032442630802618486,0.0
2021-12-04 08:10:00,0.1506276150627615,0.2350597609561753,-0.3030528667163068,-0.39475093733261923,0.37325777702163304,0.9995545657015591,0.5,-0.6923180497247869,0.673931846198498,0.8324186864669167,0.3405424128132871,0.032442630802618486,0.0
2021-12-04 08:20:00,0.15411436541143653,0.12350597609561742,-0.3015636634400597,-0.3983217282628101,0.37325777702163304,0.9995545657015591,0.5,-0.6923180497247869,0.673931846198498,0.8324186864669167,0.3405424128132871,0.032442630802618486,0.0
2021-12-04 08:30:00,0.1799163179916318,-0.2749003984063746,-0.2982874162323158,-0.40546331012319237,0.3730091217233121,0.9995545657015591,0.5,-0.6923180497247869,0.673931846198498,0.8324186864669167,0.3405424128132871,0.032442630802618486,0.0
2021-12-04 08:40:00,0.1603905160390516,0.5139442231075697,-0.2950111690245719,-0.4093911801464024,0.3569250500582377,0.15957683741648107,0.5,-0.6923180497247869,0.673931846198498,0.8324186864669167,0.3405424128132871,0.032442630802618486,0.0
2021-12-04 08:50:00,0.15341701534170155,0.7131474103585655,-0.289650037230082,-0.407962863774326,0.3568596144534164,0.8923162583518931,0.5,-0.6923180497247869,0.673931846198498,0.8324186864669167,0.3405424128132871,0.032442630802618486,0.0
2021-12-04 09:00:00,0.1806136680613668,0.07569721115537842,-0.29233060312732695,-0.3997500446348865,0.3568596144534164,0.6397550111358575,0.5,-0.6858322746506849,0.6838942894826843,0.8315568576829767,0.34424575493344656,0.02371981603721254,0.0
2021-12-04 09:10:00,0.15760111576011157,0.14741035856573692,-0.2792256142963515,-0.39617925370469553,0.3568596144534164,0.4130289532293987,0.5,-0.6858322746506849,0.6838942894826843,0.8315568576829767,0.34424575493344656,0.02371981603721254,0.0
2021-12-04 09:20:00,0.17154811715481172,0.38645418326693215,-0.2750558451228593,-0.3822531690769505,0.3584431560900917,0.5216035634743876,0.5,-0.6858322746506849,0.6838942894826843,0.8315568576829767,0.34424575493344656,0.02371981603721254,0.0
2021-12-04 09:30:00,0.16527196652719667,-0.7051792828685259,-0.2601638123603872,-0.3697554008212819,0.3733886482312756,0.5385300668151448,0.5,-0.6858322746506849,0.6838942894826843,0.8315568576829767,0.34424575493344656,0.02371981603721254,0.0
2021-12-04 09:40:00,0.13528591352859135,-0.45019920318725104,-0.2521221146686523,-0.3533297625424031,0.3733886482312756,0.12394209354120268,0.5,-0.6858322746506849,0.6838942894826843,0.8315568576829767,0.34424575493344656,0.02371981603721254,0.0
2021-12-04 09:50:00,0.16596931659693165,0.043824701195219085,-0.24229337304542087,-0.3394036779146581,0.3733886482312756,0.924053452115813,0.5,-0.6858322746506849,0.6838942894826843,0.8315568576829767,0.34424575493344656,0.02371981603721254,0.0
2021-12-04 10:00:00,0.1708507670850767,0.38645418326693215,-0.2479523454951601,-0.3211926441706838,0.3733886482312756,0.9884187082405346,0.5,-0.4528543073680644,0.6879516791328911,0.5955137982009387,0.2953913199291682,0.020245963026325052,0.0
2021-12-04 10:10:00,0.14435146443514643,0.7450199203187249,-0.2476545048399108,-0.30976611319407255,0.3733886482312756,0.9884187082405346,0.5,-0.4528543073680644,0.6879516791328911,0.5955137982009387,0.2953913199291682,0.020245963026325052,0.0
2021-12-04 10:20:00,0.1324965132496513,0.689243027888446,-0.24229337304542087,-0.3026245313336904,0.3733886482312756,0.9884187082405346,0.5,-0.4528543073680644,0.6879516791328911,0.5955137982009387,0.2953913199291682,0.020245963026325052,0.0
2021-12-04 10:30:00,0.14435146443514643,-0.003984063745020028,-0.23782576321667914,-0.29191215854311736,0.3733886482312756,0.9884187082405346,0.5,-0.4528543073680644,0.6879516791328911,0.5955137982009387,0.2953913199291682,0.020245963026325052,0.0
2021-12-04 10:40:00,0.15132496513249652,-0.47410358565737054,-0.22650781831720035,-0.2829851812176397,0.3733886482312756,0.9884187082405346,0.5,-0.4528543073680644,0.6879516791328911,0.5955137982009387,0.2953913199291682,0.020245963026325052,0.0
2021-12-04 10:50:00,0.12273361227336123,0.4661354581673305,-0.22263588979895765,-0.273701124799143,0.3733886482312756,0.9884187082405346,0.5,-0.4528543073680644,0.6879516791328911,0.5955137982009387,0.2953913199291682,0.020245963026325052,0.0
2021-12-04 11:00:00,0.11297071129707113,0.6015936254980081,-0.22293373045420706,-0.2640599892876272,0.3733886482312756,0.9884187082405346,0.5,-0.41180625990795217,0.6812592850143839,0.49561660641093586,0.21145039328627205,0.02678703715193449,0.0
2021-12-04 11:10:00,0.13389121338912133,0.2111553784860556,-0.21757259865971712,-0.25513301196214966,0.3733886482312756,0.9884187082405346,0.5,-0.41180625990795217,0.6812592850143839,0.49561660641093586,0.21145039328627205,0.02678703715193449,0.0
2021-12-04 11:20:00,0.15271966527196654,-0.10756972111553798,-0.20804169769173497,-0.24906266738082483,0.3733886482312756,0.9884187082405346,0.5,-0.41180625990795217,0.6812592850143839,0.49561660641093586,0.21145039328627205,0.02678703715193449,0.0
2021-12-04 11:30:00,0.15411436541143653,0.784860557768924,-0.20625465376023833,-0.2447777182645956,0.3733886482312756,0.9884187082405346,0.5,-0.41180625990795217,0.6812592850143839,0.49561660641093586,0.21145039328627205,0.02678703715193449,0.0
2021-12-04 11:40:00,0.12273361227336123,0.7593625498007965,-0.20357408786299336,-0.23870737368327077,0.3733886482312756,0.9884187082405346,0.5,-0.41180625990795217,0.6812592850143839,0.49561660641093586,0.21145039328627205,0.02678703715193449,0.0
2021-12-04 11:50:00,0.1311018131101813,0.733864541832669,-0.19880863737900234,-0.22906623817175498,0.3733886482312756,0.9884187082405346,0.5,-0.41180625990795217,0.6812592850143839,0.49561660641093586,0.21145039328627205,0.02678703715193449,0.0
2021-12-04 12:00:00,0.1596931659693166,0.7083665338645415,-0.19106478034251695,-0.22049633993929663,0.3733886482312756,0.9884187082405346,0.5,-0.35604403008048435,0.6694463042410085,0.41039827624098085,0.15124880049528497,0.9845216670861777,0.0
2021-12-04 12:10:00,0.14295676429567641,0.682868525896414,-0.18421444527177966,-0.2112122835207998,0.3733886482312756,0.9884187082405346,0.5,-0.35604403008048435,0.6694463042410085,0.41039827624098085,0.15124880049528497,0.9845216670861777,0.0
2021-12-04 12:20:00,0.16945606694560672,0.6573705179282865,-0.17587490692479535,-0.20371362256739867,0.3733886482312756,0.9884187082405346,0.5,-0.35604403008048435,0.6694463042410085,0.41039827624098085,0.15124880049528497,0.9845216670861777,0.0
2021-12-04 12:30:00,0.16875871687587168,0.15537848605577675,-0.16723752792256152,-0.19657204070701662,0.3733886482312756,0.9884187082405346,0.5,-0.35604403008048435,0.6694463042410085,0.41039827624098085,0.15124880049528497,0.9845216670861777,0.0
2021-12-04 12:40:00,0.15550906555090654,-0.4661354581673308,-0.15949367088607602,-0.18978753793965364,0.3733886482312756,0.9884187082405346,0.5,-0.35604403008048435,0.6694463042410085,0.41039827624098085,0.15124880049528497,0.9845216670861777,0.0
2021-12-04 12:50:00,0.1589958158995816,-0.42629482071713154,-0.15294117647058836,-0.18300303517229055,0.3733886482312756,0.9884187082405346,0.5,-0.35604403008048435,0.6694463042410085,0.41039827624098085,0.15124880049528497,0.9845216670861777,0.0
2021-12-04 13:00:00,0.19595536959553697,-0.38645418326693237,-0.14519731943410286,-0.18121763970719518,0.3733886482312756,0.6573496659242762,0.5,-0.1451118212354452,0.6511593157608918,0.2669408134390507,0.14220840558183512,0.8757526450311016,0.0023839340947840125
2021-12-04 13:10:00,0.1882845188284519,0.31474103585657365,-0.13000744601638126,-0.18800214247455804,0.3733886482312756,0.00011135857461024499,0.5,-0.1451118212354452,0.6511593157608918,0.2669408134390507,0.14220840558183512,0.8757526450311016,0.03879173770689681
2021-12-04 13:20:00,0.15411436541143653,0.394422310756972,-0.1118391660461654,-0.1744331369398322,0.3733886482312756,0.00011135857461024499,0.5,-0.1451118212354452,0.6511593157608918,0.2669408134390507,0.14220840558183512,0.8757526450311016,0.026238363233097455
2021-12-04 13:30:00,0.1631799163179916,0.6095617529880477,-0.09724497393894282,-0.1505088377075522,0.3733886482312756,0.00011135857461024499,0.5,-0.1451118212354452,0.6511593157608918,0.2669408134390507,0.14220840558183512,0.8757526450311016,0.025800805709371277
2021-12-04 13:40:00,0.1415620641562064,-0.19521912350597614,-0.08145941921072242,-0.12587038028923414,0.3889754092997082,0.00011135857461024499,0.5,-0.1451118212354452,0.6511593157608918,0.2669408134390507,0.14220840558183512,0.8757526450311016,0.018022843520376603
2021-12-04 13:50:00,0.1415620641562064,-0.3705179282868527,-0.07460908413998513,-0.10158900196393505,0.38270667835782807,0.00011135857461024499,0.5,-0.1451118212354452,0.6511593157608918,0.2669408134390507,0.14220840558183512,0.8757526450311016,0.015088190473316535
2021-12-04 14:00:00,0.16387726638772665,-0.24302788844621515,-0.06567386448250201,-0.07695054454561678,0.37331012550549003,0.00011135857461024499,0.5,-0.12621229308160198,0.6265218803070057,0.24049715194500532,0.18664499414835056,0.7923477437302694,0.03775819665947463
2021-12-04 14:10:00,0.18340306834030684,-0.1394422310756973,-0.056440804169769265,-0.060167827173718935,0.37331012550549003,0.00011135857461024499,0.5,-0.12621229308160198,0.6265218803070057,0.24049715194500532,0.18664499414835056,0.7923477437302694,0.04614723056263863
2021-12-04 14:20:00,0.16387726638772665,0.15537848605577675,-0.04780342516753544,-0.04624174254597391,0.37480205729541555,0.00011135857461024499,0.5,-0.12621229308160198,0.6265218803070057,0.24049715194500532,0.18664499414835056,0.7923477437302694,0.03581936418365345
2021-12-04 14:30:00,0.1792189679218968,-0.26693227091633476,-0.04303797468354453,-0.03017318336011432,0.37878054206855033,0.00011135857461024499,0.5,-0.12621229308160198,0.6265218803070057,0.24049715194500532,0.18664499414835056,0.7923477437302694,0.04352188542028154
2021-12-04 14:40:00,0.16457461645746163,-0.1872509960159363,-0.035591958302308435,-0.016604177825388367,0.37316616717488316,0.00011135857461024499,0.5,-0.12621229308160198,0.6265218803070057,0.24049715194500532,0.18664499414835056,0.7923477437302694,0.03490652866001781
2021-12-04 14:50:00,0.18131101813110181,-0.24302788844621515,-0.030528667163067902,-0.0001785395465094819,0.3666356938137179,0.00011135857461024499,0.5,-0.12621229308160198,0.6265218803070057,0.24049715194500532,0.18664499414835056,0.7923477437302694,0.05484557237050561
2021-12-04 15:00:00,0.21687587168758715,0.43426294820717115,-0.02218912881608348,0.0033922513836814883,0.3704702202562459,0.00011135857461024499,0.5,-0.11127017570074016,0.6080136319097023,0.22620583428665852,0.23744357414588174,0.7460957428049704,0.0657090695112935
2021-12-04 15:10:00,0.23291492329149233,0.25099601593625476,-0.013253909158600363,0.0069630423138726805,0.37325777702163304,0.00022271714922048998,0.5,-0.11127017570074016,0.6080136319097023,0.22620583428665852,0.23744357414588174,0.7460957428049704,0.09261885722045356
2021-12-04 15:20:00,0.21408647140864714,-0.21115537848605592,-0.012062546537602414,0.002321014104624153,0.37325777702163304,0.00033407572383073496,0.5,-0.11127017570074016,0.6080136319097023,0.22620583428665852,0.23744357414588174,0.7460957428049704,0.08345278150791376
2021-12-04 15:30:00,0.2294281729428173,0.08366533864541825,-0.010573343261355284,0.007320121406891644,0.37325777702163304,0.00033407572383073496,0.5,-0.11127017570074016,0.6080136319097023,0.22620583428665852,0.23744357414588174,0.7460957428049704,0.08321137046034069
2021-12-04 15:40:00,0.201534170153417,0.08366533864541825,-0.006701414743112699,0.011605070523120764,0.37325777702163304,0.00022271714922048998,0.5,-0.11127017570074016,0.6080136319097023,0.22620583428665852,0.23744357414588174,0.7460957428049704,0.05873832551262127
2021-12-04 15:50:00,0.18967921896792192,-0.2828685258964144,-0.004318689501117023,0.021246206034636783,0.3701823035950321,0.00022271714922048998,0.5,-0.11127017570074016,0.6080136319097023,0.22620583428665852,0.23744357414588174,0.7460957428049704,0.05424204475157295
2021-12-04 16:00:00,0.15411436541143653,0.043824701195219085,-0.0034251675353685895,0.03231565791822888,0.3646071900642578,0.00033407572383073496,0.5,-0.06806425005745076,0.6114503443896255,0.20216504680645897,0.2873119812843962,0.7245471029959698,0.037569594278558174
2021-12-04 16:10:00,0.1324965132496513,-0.1872509960159363,-0.0022338049143708627,0.04552758435993587,0.3687950687728207,0.00033407572383073496,0.5,-0.06806425005745076,0.6114503443896255,0.20216504680645897,0.2873119812843962,0.7245471029959698,0.02251158018618827
2021-12-04 16:20:00,0.12761506276150628,0.09960159362549792,-0.0022338049143708627,0.06945188359221577,0.3614531939118713,0.00044543429844097997,0.5,-0.06806425005745076,0.6114503443896255,0.20216504680645897,0.2873119812843962,0.7245471029959698,0.018015299425139943
2021-12-04 16:30:00,0.1631799163179916,-0.2589641434262948,0.00014892032762459095,0.09301910373147648,0.3614531939118713,0.00033407572383073496,0.5,-0.06806425005745076,0.6114503443896255,0.20216504680645897,0.2873119812843962,0.7245471029959698,0.04424611856300074
2021-12-04 16:40:00,0.1799163179916318,-0.2509960159362551,0.0004467609828739949,0.09551865738261034,0.3614531939118713,0.00022271714922048998,0.5,-0.06806425005745076,0.6114503443896255,0.20216504680645897,0.2873119812843962,0.7245471029959698,0.05412133922778641
2021-12-04 16:50:00,0.1603905160390516,-0.043824701195219196,0.004616530156366094,0.09301910373147648,0.3701430422321394,0.00044543429844097997,0.5,-0.06806425005745076,0.6114503443896255,0.20216504680645897,0.2873119812843962,0.7245471029959698,0.03624183351690632
2021-12-04 17:00:00,0.16736401673640167,-0.42629482071713154,0.004914370811615498,0.10051776468487783,0.3779691405687663,0.00022271714922048998,0.5,-0.057576237658106155,0.6075653650644958,0.1898020647114719,0.3072993424949025,0.7024989926233768,0.04621512741976855
2021-12-04 17:10:00,0.15829846582984658,-0.06772908366533881,0.0031273268801190746,0.10444563470808776,0.3637827014435095,0.00022271714922048998,0.5,-0.057576237658106155,0.6075653650644958,0.1898020647114719,0.3072993424949025,0.7024989926233768,0.033337356850792886
2021-12-04 17:20:00,0.14714086471408647,0.4581673306772909,0.0037230081906181045,0.11087305838243178,0.36268338328251165,0.00033407572383073496,0.5,-0.057576237658106155,0.6075653650644958,0.1898020647114719,0.3072993424949025,0.7024989926233768,0.029738823422906895
2021-12-04 17:30:00,0.17642956764295675,0.3227091633466135,0.006701414743112366,0.11944295661489024,0.3780476632945518,0.00033407572383073496,0.5,-0.057576237658106155,0.6075653650644958,0.1898020647114719,0.3072993424949025,0.7024989926233768,0.039870543325738944
2021-12-04 17:40:00,0.14574616457461645,0.4262948207171313,0.008190618019359386,0.12265666845206202,0.38622711389721376,0.00022271714922048998,0.5,-0.057576237658106155,0.6075653650644958,0.1898020647114719,0.3072993424949025,0.7024989926233768,0.023537577138373796
2021-12-04 17:50:00,0.11227336122733612,0.29083665338645415,0.0016381236038716107,0.13836814854490287,0.3945112614675898,0.00022271714922048998,0.5,-0.057576237658106155,0.6075653650644958,0.1898020647114719,0.3072993424949025,0.7024989926233768,0.006261599046426362
2021-12-04 18:00:00,0.08368200836820083,0.03585657370517925,-0.009381980640357557,0.13658275307980716,0.40889400740731047,0.28496659242761696,0.5,-0.33285322672796536,0.6079044387038214,0.3424155072368382,0.29170117739276324,0.7539302241847026,0.0
2021-12-04 18:10:00,0.11366806136680613,0.2111553784860556,-0.030528667163067902,0.10551687198714532,0.4110141210035204,0.9985523385300669,0.5,-0.33285322672796536,0.6079044387038214,0.3424155072368382,0.29170117739276324,0.7539302241847026,0.0
2021-12-04 18:20:00,0.12552301255230125,0.33864541832669315,-0.04422933730454226,0.07945009819675053,0.4110141210035204,0.9985523385300669,0.5,-0.33285322672796536,0.6079044387038214,0.3424155072368382,0.29170117739276324,0.7539302241847026,0.0
2021-12-04 18:30:00,0.11506276150627615,-0.17131474103585675,-0.05167535368577825,0.05552579896447085,0.4110141210035204,0.9985523385300669,0.5,-0.33285322672796536,0.6079044387038214,0.3424155072368382,0.29170117739276324,0.7539302241847026,0.0
2021-12-04 18:40:00,0.12412831241283125,-0.8964143426294822,-0.057036485480268184,0.03445813247634355,0.4110141210035204,0.9985523385300669,0.5,-0.33285322672796536,0.6079044387038214,0.3424155072368382,0.29170117739276324,0.7539302241847026,0.0
2021-12-04 18:50:00,0.13668061366806136,-0.6281540504648075,-0.06716306775874914,0.013390465988216471,0.4110141210035204,0.9985523385300669,0.5,-0.33285322672796536,0.6079044387038214,0.3424155072368382,0.29170117739276324,0.7539302241847026,0.0
2021-12-04 19:00:00,0.1631799163179916,-0.3598937583001328,-0.07282204020848859,-0.004106409569719638,0.4110141210035204,0.9985523385300669,0.5,-0.36690659767468936,0.6149588945049944,0.37264786748735695,0.2931097085915292,0.7976287343887912,0.0
2021-12-04 19:10:00,0.16527196652719667,-0.0916334661354582,-0.08354430379746858,-0.021603285127655747,0.3943018675321616,0.36247216035634744,0.5,-0.36690659767468936,0.6149588945049944,0.37264786748735695,0.2931097085915292,0.7976287343887912,0.0
2021-12-04 19:20:00,0.1311018131101813,0.5776892430278884,-0.08920327624720792,-0.027316550615961277,0.39948436743400817,0.6896436525612473,0.5,-0.36690659767468936,0.6149588945049944,0.37264786748735695,0.2931097085915292,0.7976287343887912,0.0
2021-12-04 19:30:00,0.16736401673640167,0.5564409030544486,-0.10975428145941923,-0.03017318336011432,0.39948436743400817,0.9951002227171493,0.5,-0.36690659767468936,0.6149588945049944,0.37264786748735695,0.2931097085915292,0.7976287343887912,0.0
2021-12-04 19:40:00,0.1589958158995816,0.535192563081009,-0.12137006701414754,-0.04338510980182109,0.39948436743400817,0.9951002227171493,0.5,-0.36690659767468936,0.6149588945049944,0.37264786748735695,0.2931097085915292,0.7976287343887912,0.0
2021-12-04 19:50:00,0.201534170153417,0.5139442231075697,-0.1273268801191364,-0.05981074808069986,0.4115376058420908,0.6280623608017818,0.5,-0.36690659767468936,0.6149588945049944,0.37264786748735695,0.2931097085915292,0.7976287343887912,0.019260075139188558
2021-12-04 20:00:00,0.19177126917712692,-0.2828685258964144,-0.10618019359642605,-0.06088198535975731,0.423774063943673,0.00011135857461024499,0.5,-0.3843730102797558,0.6240765271962939,0.39130083011257166,0.24788433640595348,0.859987349643,0.054272221132519574
2021-12-04 20:10:00,0.18967921896792192,-0.03585657370517936,-0.08711839166046176,-0.04731297982503124,0.423774063943673,0.00011135857461024499,0.5,-0.3843730102797558,0.6240765271962939,0.39130083011257166,0.24788433640595348,0.859987349643,0.05719178598910633
2021-12-04 20:20:00,0.18270571827057183,-0.1872509960159363,-0.07669396872673129,-0.03874308159257267,0.423774063943673,0.00011135857461024499,0.5,-0.3843730102797558,0.6240765271962939,0.39130083011257166,0.24788433640595348,0.859987349643,0.053246224180334055
2021-12-04 20:30:00,0.19177126917712692,-0.09960159362549814,-0.07192851824274027,-0.03160149973219073,0.423774063943673,0.00011135857461024499,0.5,-0.3843730102797558,0.6240765271962939,0.39130083011257166,0.24788433640595348,0.859987349643,0.056633522941593614
2021-12-04 20:40:00,0.17573221757322177,0.5617529880478087,-0.06924795234549519,-0.02660239242992324,0.423774063943673,0.00011135857461024499,0.5,-0.3843730102797558,0.6240765271962939,0.39130083011257166,0.24788433640595348,0.859987349643,0.03087798180364229
2021-12-04 20:50:00,0.1596931659693166,0.17131474103585642,-0.06775874906924817,-0.013390465988216249,0.423774063943673,0.00011135857461024499,0.5,-0.3843730102797558,0.6240765271962939,0.39130083011257166,0.24788433640595348,0.859987349643,0.033646664755495874
2021-12-04 21:00:00,0.11087866108786612,-0.12350597609561753,-0.06865227103499649,0.0048205677557580096,0.41119734069702013,0.00011135857461024499,0.5,-0.39680710874407943,0.6127290543006322,0.41273469965406373,0.20924062023117626,0.9296071998915502,0.00823060790319417
2021-12-04 21:10:00,0.1094839609483961,0.20318725099601576,-0.07073715562174243,0.03517229066238192,0.4072450301658138,0.00011135857461024499,0.5,-0.39680710874407943,0.6127290543006322,0.41273469965406373,0.20924062023117626,0.9296071998915502,0.0
2021-12-04 21:20:00,0.09623430962343095,-0.11553784860557781,-0.07133283693224135,0.07016604177825392,0.4072450301658138,0.00044543429844097997,0.5,-0.39680710874407943,0.6127290543006322,0.41273469965406373,0.20924062023117626,0.9296071998915502,0.0
2021-12-04 21:30:00,0.10669456066945607,-0.1362549800796813,-0.07639612807148188,0.05052669166220336,0.4072450301658138,0.5464365256124721,0.5,-0.39680710874407943,0.6127290543006322,0.41273469965406373,0.20924062023117626,0.9296071998915502,0.0
2021-12-04 21:40:00,0.11854951185495119,-0.15697211155378488,-0.09307520476545061,0.02053204784859841,0.4072450301658138,0.9993318485523385,0.5,-0.39680710874407943,0.6127290543006322,0.41273469965406373,0.20924062023117626,0.9296071998915502,0.0
2021-12-04 21:50:00,0.1304044630404463,-0.17768924302788847,-0.1043931496649293,-0.0033922513836815993,0.4072450301658138,0.9993318485523385,0.5,-0.39680710874407943,0.6127290543006322,0.41273469965406373,0.20924062023117626,0.9296071998915502,0.0
2021-12-04 22:00:00,0.12343096234309624,-0.19840637450199206,-0.11660461653015652,-0.025174076057846828,0.4072450301658138,0.9993318485523385,0.5,-0.45009187108497273,0.6134388101388771,0.456958208532384,0.20107745518875256,0.9687936835025515,0.0
2021-12-04 22:10:00,0.1290097629009763,-0.21912350597609564,-0.12673119880863748,-0.04231387252276375,0.4072450301658138,0.9993318485523385,0.5,-0.45009187108497273,0.6134388101388771,0.456958208532384,0.20107745518875256,0.9687936835025515,0.0
2021-12-04 22:20:00,0.12133891213389121,-0.08366533864541836,-0.14162323157110956,-0.05981074808069986,0.4072450301658138,0.9993318485523385,0.5,-0.45009187108497273,0.6134388101388771,0.456958208532384,0.20107745518875256,0.9687936835025515,0.0
2021-12-04 22:30:00,0.11924686192468618,-0.8884462151394422,-0.1466865227103501,-0.07802178182467412,0.4072450301658138,0.9993318485523385,0.5,-0.45009187108497273,0.6134388101388771,0.456958208532384,0.20107745518875256,0.9687936835025515,0.0
2021-12-04 22:40:00,0.11645746164574616,-0.33067729083665354,-0.15651526433358165,-0.09159078735940018,0.4072450301658138,0.9993318485523385,0.5,-0.45009187108497273,0.6134388101388771,0.456958208532384,0.20107745518875256,0.9687936835025515,0.0
2021-12-04 22:50:00,0.09414225941422595,0.06772908366533859,-0.16664184661206272,-0.1037314765220495,0.4072450301658138,0.9993318485523385,0.5,-0.45009187108497273,0.6134388101388771,0.456958208532384,0.20107745518875256,0.9687936835025515,0.0
2021-12-04 23:00:00,0.08577405857740586,-0.49800796812749004,-0.17200297840655265,-0.11301553294054623,0.4072450301658138,0.9993318485523385,0.5,-0.477558673921186,0.6055625317881533,0.47313284274021483,0.17963379113526212,0.9620916184591325,0.0
2021-12-04 23:10:00,0.10111576011157601,0.12749003984063734,-0.17855547282204032,-0.1230137475450811,0.4072450301658138,0.9993318485523385,0.5,-0.477558673921186,0.6055625317881533,0.47313284274021483,0.17963379113526212,0.9620916184591325,0.0
2021-12-04 23:20:00,0.09414225941422595,0.7529880478087649,-0.18808637379002247,-0.13372612033565434,0.4072450301658138,0.9993318485523385,0.5,-0.477558673921186,0.6055625317881533,0.47313284274021483,0.17963379113526212,0.9620916184591325,0.0
2021-12-04 23:30:00,0.09344490934449094,0.7330677290836651,-0.19880863737900234,-0.14729512587038018,0.4072450301658138,0.9993318485523385,0.5,-0.477558673921186,0.6055625317881533,0.47313284274021483,0.17963379113526212,0.9620916184591325,0.0
2021-12-04 23:40:00,0.10320781032078104,0.7131474103585655,-0.20029784065524958,-0.1597928941260488,0.4072450301658138,0.9993318485523385,0.5,-0.477558673921186,0.6055625317881533,0.47313284274021483,0.17963379113526212,0.9620916184591325,0.0
2021-12-04 23:50:00,0.08368200836820083,0.693227091633466,-0.2047654504839912,-0.1680057132654883,0.4072450301658138,0.9993318485523385,0.5,-0.477558673921186,0.6055625317881533,0.47313284274021483,0.17963379113526212,0.9620916184591325,0.0
2021-12-05 00:00:00,0.06694560669456066,0.6733067729083664,-0.21221146686522718,-0.1758614533119086,0.4072450301658138,0.9993318485523385,0.5,-0.45918539081315846,0.6025769596588573,0.4579242785259177,0.18411978720476566,0.9635291442495865,0.0
2021-12-05 00:10:00,0.06345885634588563,0.6533864541832668,-0.21399851079672383,-0.18300303517229055,0.4072450301658138,0.9993318485523385,0.5,-0.45918539081315846,0.6025769596588573,0.4579242785259177,0.18411978720476566,0.9635291442495865,0.0
2021-12-05 00:20:00,0.07112970711297072,0.6334661354581672,-0.21965748324646328,-0.18978753793965364,0.4072450301658138,0.9993318485523385,0.5,-0.45918539081315846,0.6025769596588573,0.4579242785259177,0.18411978720476566,0.9635291442495865,0.0
2021-12-05 00:30:00,0.07880055788005579,0.6135458167330676,-0.2211466865227104,-0.19764327798607395,0.4072450301658138,0.9993318485523385,0.5,-0.45918539081315846,0.6025769596588573,0.4579242785259177,0.18411978720476566,0.9635291442495865,0.0
2021-12-05 00:40:00,0.0801952580195258,0.593625498007968,-0.2211466865227104,-0.2051419389394752,0.4072450301658138,0.9993318485523385,0.5,-0.45918539081315846,0.6025769596588573,0.4579242785259177,0.18411978720476566,0.9635291442495865,0.0
2021-12-05 00:50:00,0.07880055788005579,0.5737051792828685,-0.2211466865227104,-0.21085520442778072,0.4072450301658138,0.9993318485523385,0.5,-0.45918539081315846,0.6025769596588573,0.4579242785259177,0.18411978720476566,0.9635291442495865,0.0
2021-12-05 01:00:00,0.07252440725244073,0.5537848605577689,-0.2244229337304543,-0.21906802356722022,0.4072450301658138,0.9993318485523385,0.5,-0.508784470001064,0.5978155611812426,0.4828646853988881,0.21330433811026564,0.996119053547729,0.0
2021-12-05 01:10:00,0.0599721059972106,0.5338645418326693,-0.2244229337304543,-0.22299589359043037,0.4072450301658138,0.9993318485523385,0.5,-0.508784470001064,0.5978155611812426,0.4828646853988881,0.21330433811026564,0.996119053547729,0.0
2021-12-05 01:20:00,0.039051603905160395,0.5139442231075697,-0.22501861504095322,-0.2287091590787359,0.4072450301658138,0.9993318485523385,0.5,-0.508784470001064,0.5978155611812426,0.4828646853988881,0.21330433811026564,0.996119053547729,0.0
2021-12-05 01:30:00,0.039051603905160395,0.4940239043824701,-0.22561429635145203,-0.23120871272986965,0.4072450301658138,0.9993318485523385,0.5,-0.508784470001064,0.5978155611812426,0.4828646853988881,0.21330433811026564,0.996119053547729,0.0
2021-12-05 01:40:00,0.0404463040446304,0.47410358565737054,-0.22472077438570381,-0.23442242456704165,0.4072450301658138,0.9993318485523385,0.5,-0.508784470001064,0.5978155611812426,0.4828646853988881,0.21330433811026564,0.996119053547729,0.0
2021-12-05 01:50:00,0.043235704323570434,0.45418326693227073,-0.23008190618019375,-0.2397786109623281,0.4072450301658138,0.9993318485523385,0.5,-0.508784470001064,0.5978155611812426,0.4828646853988881,0.21330433811026564,0.996119053547729,0.0
2021-12-05 02:00:00,0.056485355648535567,0.43426294820717115,-0.23008190618019375,-0.24442063917157653,0.4072450301658138,0.9993318485523385,0.5,-0.48959687121338213,0.587769786239932,0.46826533623433325,0.24479586886848348,0.030001923559858548,0.0
2021-12-05 02:10:00,0.06206415620641562,0.41434262948207157,-0.23037974683544316,-0.25191930012497765,0.4072450301658138,0.9993318485523385,0.5,-0.48959687121338213,0.587769786239932,0.46826533623433325,0.24479586886848348,0.030001923559858548,0.0
2021-12-05 02:20:00,0.07601115760111576,0.394422310756972,-0.23306031273268812,-0.2576325656132833,0.4072450301658138,0.9993318485523385,0.5,-0.48959687121338213,0.587769786239932,0.46826533623433325,0.24479586886848348,0.030001923559858548,0.0
2021-12-05 02:30:00,0.07601115760111576,0.3745019920318724,-0.23723008190618022,-0.2654883056597036,0.4072450301658138,0.9993318485523385,0.5,-0.48959687121338213,0.587769786239932,0.46826533623433325,0.24479586886848348,0.030001923559858548,0.0
2021-12-05 02:40:00,0.0801952580195258,0.3545816733067728,-0.24199553239017135,-0.27155865024102843,0.4072450301658138,0.9993318485523385,0.5,-0.48959687121338213,0.587769786239932,0.46826533623433325,0.24479586886848348,0.030001923559858548,0.0
2021-12-05 02:50:00,0.0502092050209205,0.33466135458167323,-0.24676098287416237,-0.2769148366363149,0.4072450301658138,0.9993318485523385,0.5,-0.48959687121338213,0.587769786239932,0.46826533623433325,0.24479586886848348,0.030001923559858548,0.0
2021-12-05 03:00:00,0.06485355648535565,0.31474103585657365,-0.25390915860014907,-0.28262810212462053,0.4072450301658138,0.9993318485523385,0.5,-0.49725927657815994,0.578534339826498,0.4806987001679146,0.2680346943942061,0.057410484838132464,0.0
2021-12-05 03:10:00,0.07391910739191074,0.29482071713147406,-0.25688756515264344,-0.29048384217104095,0.4072450301658138,0.9993318485523385,0.5,-0.49725927657815994,0.578534339826498,0.4806987001679146,0.2680346943942061,0.057410484838132464,0.0
2021-12-05 03:20:00,0.0599721059972106,0.2749003984063745,-0.25748324646314225,-0.2972683449384038,0.4072450301658138,0.9993318485523385,0.5,-0.49725927657815994,0.578534339826498,0.4806987001679146,0.2680346943942061,0.057410484838132464,0.0
2021-12-05 03:30:00,0.048814504881450484,0.2549800796812749,-0.26522710349962786,-0.30333868951972864,0.4072450301658138,0.9993318485523385,0.5,-0.49725927657815994,0.578534339826498,0.4806987001679146,0.2680346943942061,0.057410484838132464,0.0
2021-12-05 03:40:00,0.055788005578800565,0.2350597609561753,-0.26612062546537607,-0.30655240135690043,0.4072450301658138,0.9993318485523385,0.5,-0.49725927657815994,0.578534339826498,0.4806987001679146,0.2680346943942061,0.057410484838132464,0.0
2021-12-05 03:50:00,0.04741980474198048,0.21513944223107573,-0.26880119136262115,-0.31297982503124433,0.4072450301658138,0.9993318485523385,0.5,-0.49725927657815994,0.578534339826498,0.4806987001679146,0.2680346943942061,0.057410484838132464,0.0
2021-12-05 04:00:00,0.039051603905160395,0.19521912350597592,-0.2708860759493672,-0.3165506159614354,0.4072450301658138,0.9993318485523385,0.5,-0.5303619844154355,0.5760171490803363,0.5286833891378885,0.2883285119680862,0.07823093856019513,0.0
2021-12-05 04:10:00,0.03765690376569038,0.17529880478087634,-0.2753536857781088,-0.32047848598464557,0.4072450301658138,0.9993318485523385,0.5,-0.5303619844154355,0.5760171490803363,0.5286833891378885,0.2883285119680862,0.07823093856019513,0.0
2021-12-05 04:20:00,0.04672245467224547,0.15537848605577675,-0.28071481757259875,-0.32404927691483665,0.4072450301658138,0.9993318485523385,0.5,-0.5303619844154355,0.5760171490803363,0.5286833891378885,0.2883285119680862,0.07823093856019513,0.0
2021-12-05 04:30:00,0.055090655509065556,0.13545816733067717,-0.28071481757259875,-0.32690590965898936,0.4072450301658138,0.9993318485523385,0.5,-0.5303619844154355,0.5760171490803363,0.5286833891378885,0.2883285119680862,0.07823093856019513,0.0
2021-12-05 04:40:00,0.07880055788005579,0.11553784860557759,-0.28071481757259875,-0.3326191751472952,0.4072450301658138,0.9993318485523385,0.5,-0.5303619844154355,0.5760171490803363,0.5286833891378885,0.2883285119680862,0.07823093856019513,0.0
2021-12-05 04:50:00,0.0885634588563459,0.095617529880478,-0.282204020848846,-0.3379753615425817,0.4072450301658138,0.9993318485523385,0.5,-0.5303619844154355,0.5760171490803363,0.5286833891378885,0.2883285119680862,0.07823093856019513,0.0
2021-12-05 05:00:00,0.09344490934449094,0.07569721115537842,-0.28369322412509324,-0.34475986430994454,0.4072450301658138,0.9993318485523385,0.5,-0.5556923217519177,0.5648622010476798,0.5630261755764369,0.30337686920279694,0.09109121082689738,0.0
2021-12-05 05:10:00,0.13528591352859135,0.055776892430278835,-0.2825018615040954,-0.3472594179610783,0.4072450301658138,0.9993318485523385,0.5,-0.5556923217519177,0.5648622010476798,0.5630261755764369,0.30337686920279694,0.09109121082689738,0.0
2021-12-05 05:20:00,0.11645746164574616,0.03585657370517925,-0.2753536857781088,-0.35582931619353686,0.4072450301658138,0.9993318485523385,0.5,-0.5556923217519177,0.5648622010476798,0.5630261755764369,0.30337686920279694,0.09109121082689738,0.0
2021-12-05 05:30:00,0.11436541143654114,0.015936254980079667,-0.27475800446761,-0.359757186216747,0.4072450301658138,0.9993318485523385,0.5,-0.5556923217519177,0.5648622010476798,0.5630261755764369,0.30337686920279694,0.09109121082689738,0.0
2021-12-05 05:40:00,0.13389121338912133,-0.003984063745020028,-0.2741623231571111,-0.3647562935190145,0.4072450301658138,0.9993318485523385,0.5,-0.5556923217519177,0.5648622010476798,0.5630261755764369,0.30337686920279694,0.09109121082689738,0.0
2021-12-05 05:50:00,0.16736401673640167,-0.02390438247011961,-0.2708860759493672,-0.37011247991430096,0.4072450301658138,0.9993318485523385,0.5,-0.5556923217519177,0.5648622010476798,0.5630261755764369,0.30337686920279694,0.09109121082689738,0.0
2021-12-05 06:00:00,0.1603905160390516,-0.043824701195219196,-0.2744601638123605,-0.37511158721656845,0.441297718914816,0.9993318485523385,0.5,-0.5713530647987158,0.5772987324967596,0.6187351128144785,0.3817392720369926,0.09011359664554339,0.0
2021-12-05 06:10:00,0.08926080892608089,-0.06374501992031878,-0.27982129560685043,-0.3747545081235494,0.49360694140895944,0.9993318485523385,0.5,-0.5713530647987158,0.5772987324967596,0.6187351128144785,0.3817392720369926,0.09011359664554339,0.0
2021-12-05 06:20:00,0.07670850767085077,-0.08366533864541836,-0.27326880119136276,-0.3740403499375111,0.49360694140895944,0.9993318485523385,0.5,-0.5713530647987158,0.5772987324967596,0.6187351128144785,0.3817392720369926,0.09011359664554339,0.0
2021-12-05 06:30:00,0.061366806136680614,-0.10358565737051795,-0.26880119136262115,-0.3740403499375111,0.49360694140895944,0.9993318485523385,0.5,-0.5713530647987158,0.5772987324967596,0.6187351128144785,0.3817392720369926,0.09011359664554339,0.0
2021-12-05 06:40:00,0.07461645746164575,-0.12350597609561753,-0.26880119136262115,-0.3740403499375111,0.49360694140895944,0.9993318485523385,0.5,-0.5713530647987158,0.5772987324967596,0.6187351128144785,0.3817392720369926,0.09011359664554339,0.0
2021-12-05 06:50:00,0.08577405857740586,-0.14342629482071723,-0.26880119136262115,-0.37653990358864486,0.49360694140895944,0.9993318485523385,0.5,-0.5713530647987158,0.5772987324967596,0.6187351128144785,0.3817392720369926,0.09011359664554339,0.0
2021-12-05 07:00:00,0.09483960948396096,-0.1633466135458168,-0.26880119136262115,-0.3776111408677022,0.49360694140895944,0.9993318485523385,0.5,-0.5677844509898029,0.5815486470099757,0.6213383531436016,0.3702368021617097,0.14608296253174446,0.0
2021-12-05 07:10:00,0.058577405857740586,-0.1832669322709164,-0.26880119136262115,-0.3776111408677022,0.49360694140895944,0.9993318485523385,0.5,-0.5677844509898029,0.5815486470099757,0.6213383531436016,0.3702368021617097,0.14608296253174446,0.0
2021-12-05 07:20:00,0.06694560669456066,-0.20318725099601598,-0.2673119880863739,-0.3776111408677022,0.49360694140895944,0.9993318485523385,0.5,-0.5677844509898029,0.5815486470099757,0.6213383531436016,0.3702368021617097,0.14608296253174446,0.0
2021-12-05 07:30:00,0.06345885634588563,-0.22310756972111556,-0.26582278481012667,-0.37868237814675954,0.49360694140895944,0.9993318485523385,0.5,-0.5677844509898029,0.5815486470099757,0.6213383531436016,0.3702368021617097,0.14608296253174446,0.0
2021-12-05 07:40:00,0.09135285913528592,-0.24302788844621515,-0.26582278481012667,-0.3826102481699697,0.49360694140895944,0.9993318485523385,0.5,-0.5677844509898029,0.5815486470099757,0.6213383531436016,0.3702368021617097,0.14608296253174446,0.0
2021-12-05 07:50:00,0.11227336122733612,-0.26294820717131473,-0.26522710349962786,-0.38475272272808425,0.49360694140895944,0.9993318485523385,0.5,-0.5677844509898029,0.5815486470099757,0.6213383531436016,0.3702368021617097,0.14608296253174446,0.0
2021-12-05 08:00:00,0.12691771269177127,-0.2828685258964144,-0.26046165301563673,-0.38796643456525615,0.49360694140895944,0.9993318485523385,0.5,-0.5765227603150267,0.5799222429433898,0.6398511861622458,0.4539934770806903,0.14970625532575701,0.0
2021-12-05 08:10:00,0.11645746164574616,-0.302788844621514,-0.2598659717051379,-0.3883235136582752,0.49360694140895944,0.9993318485523385,0.5,-0.5765227603150267,0.5799222429433898,0.6398511861622458,0.4539934770806903,0.14970625532575701,0.0
2021-12-05 08:20:00,0.14365411436541145,-0.3227091633466136,-0.25778108711839176,-0.394036779146581,0.49360694140895944,0.9993318485523385,0.5,-0.5765227603150267,0.5799222429433898,0.6398511861622458,0.4539934770806903,0.14970625532575701,0.0
2021-12-05 08:30:00,0.17503486750348674,-0.3426294820717132,-0.2509307520476546,-0.3997500446348865,0.5061182290507912,0.9993318485523385,0.5,-0.5765227603150267,0.5799222429433898,0.6398511861622458,0.4539934770806903,0.14970625532575701,0.0
2021-12-05 08:40:00,0.1297071129707113,-0.36254980079681276,-0.2509307520476546,-0.4015354400999822,0.5551033228200127,0.9993318485523385,0.5,-0.5765227603150267,0.5799222429433898,0.6398511861622458,0.4539934770806903,0.14970625532575701,0.0
2021-12-05 08:50:00,0.1924686192468619,-0.38247011952191234,-0.2503350707371558,-0.39903588644884846,0.5618039287537134,0.9993318485523385,0.5,-0.5765227603150267,0.5799222429433898,0.6398511861622458,0.4539934770806903,0.14970625532575701,0.0
2021-12-05 09:00:00,0.19456066945606695,-0.40239043824701204,-0.24080416976917363,-0.3804677736118549,0.6257737760270118,0.09788418708240534,0.5,-0.5851429663504015,0.593387489332112,0.6817721309984824,0.5008768797204242,0.1399938828891964,0.03625692170737964
2021-12-05 09:10:00,0.19107391910739194,-0.49800796812749004,-0.2163812360387194,-0.3186930905195501,0.6194919579641675,0.00022271714922048998,0.5,-0.5851429663504015,0.593387489332112,0.6817721309984824,0.5008768797204242,0.1399938828891964,0.04362750275359476
2021-12-05 09:20:00,0.22873082287308227,0.24302788844621515,-0.19225614296351468,-0.27441528298518114,0.607648113491513,0.00022271714922048998,0.5,-0.5851429663504015,0.593387489332112,0.6817721309984824,0.5008768797204242,0.1399938828891964,0.06028486503613621
2021-12-05 09:30:00,0.24407252440725244,-0.10756972111553798,-0.16396128071481764,-0.23727905731119447,0.6204080564316656,0.00022271714922048998,0.5,-0.5851429663504015,0.593387489332112,0.6817721309984824,0.5008768797204242,0.1399938828891964,0.08023899693709734
2021-12-05 09:40:00,0.2684797768479777,-0.4422310756972112,-0.14043186895011173,-0.2051419389394752,0.6204080564316656,0.00033407572383073496,0.5,-0.5851429663504015,0.593387489332112,0.6817721309984824,0.5008768797204242,0.1399938828891964,0.13040723026087483
2021-12-05 09:50:00,0.2782426778242678,-0.12350597609561753,-0.11541325390915869,-0.1808605606141761,0.6204080564316656,0.00022271714922048998,0.5,-0.5851429663504015,0.593387489332112,0.6817721309984824,0.5008768797204242,0.1399938828891964,0.14654404997208687
2021-12-05 10:00:00,0.2649930264993026,0.24302788844621515,-0.09069247952345505,-0.15657918228887702,0.6258261245108689,0.00022271714922048998,0.5,-0.4051535192679131,0.5997781653817333,0.4492845590996299,0.4922963637294672,0.14674458079384622,0.12154291835780136
2021-12-05 10:10:00,0.3089260808926081,-0.5458167330677292,-0.06656738644825033,-0.13229780396357804,0.634267317532816,0.00022271714922048998,0.5,-0.4051535192679131,0.5997781653817333,0.4492845590996299,0.4922963637294672,0.14674458079384622,0.16554008177799237
2021-12-05 10:20:00,0.3472803347280335,-0.3227091633466136,-0.04542069992553999,-0.11551508659167986,0.6262579995026893,0.00022271714922048998,0.5,-0.4051535192679131,0.5997781653817333,0.4492845590996299,0.4922963637294672,0.14674458079384622,0.21254733919761004
2021-12-05 10:30:00,0.33751743375174337,0.25099601593625476,-0.0269545793000745,-0.10266023924299217,0.6203687950687727,0.00022271714922048998,0.5,-0.4051535192679131,0.5997781653817333,0.4492845590996299,0.4922963637294672,0.14674458079384622,0.19747423691476682
2021-12-05 10:40:00,0.3368200836820084,0.2589641434262948,-0.01176470588235301,-0.08837707552222807,0.6203687950687727,0.00022271714922048998,0.5,-0.4051535192679131,0.5997781653817333,0.4492845590996299,0.4922963637294672,0.14674458079384622,0.19473573034385985
2021-12-05 10:50:00,0.3270571827057183,0.2828685258964143,0.0037230081906181045,-0.07302267452240663,0.6203687950687727,0.00022271714922048998,0.5,-0.4051535192679131,0.5997781653817333,0.4492845590996299,0.4922963637294672,0.14674458079384622,0.19057138977322452
2021-12-05 11:00:00,0.35146443514644354,0.36254980079681287,0.016530156366343807,-0.05838243170862356,0.6240593631806939,0.00022271714922048998,0.5,-0.25086292780757147,0.6005195297795722,0.36660555494050706,0.4355167720676423,0.17036708387037508,0.21695309081581846
2021-12-05 11:10:00,0.32217573221757323,-0.24302788844621515,0.032315711094564215,-0.04552758435993576,0.628508984308542,0.00022271714922048998,0.5,-0.25086292780757147,0.6005195297795722,0.36660555494050706,0.4355167720676423,0.17036708387037508,0.19100894729695067
2021-12-05 11:20:00,0.29707112970711297,0.2111553784860556,0.042144452717795655,-0.03088734154615247,0.6260616926882255,0.00022271714922048998,0.5,-0.25086292780757147,0.6005195297795722,0.36660555494050706,0.4355167720676423,0.17036708387037508,0.1498030991143232
2021-12-05 11:30:00,0.28451882845188287,-0.05179282868525903,0.04869694713328343,-0.018032494197464666,0.6316498933399641,0.00033407572383073496,0.5,-0.25086292780757147,0.6005195297795722,0.36660555494050706,0.4355167720676423,0.17036708387037508,0.14079544940175326
2021-12-05 11:40:00,0.2831241283124128,-0.5378486055776892,0.055249441548771205,-0.005891805034815012,0.6316498933399641,0.00033407572383073496,0.5,-0.25086292780757147,0.6005195297795722,0.36660555494050706,0.4355167720676423,0.17036708387037508,0.14232690073479487
2021-12-05 11:50:00,0.2796373779637378,-0.3466135458167332,0.06269545793000741,0.007320121406891644,0.6316498933399641,0.00033407572383073496,0.5,-0.25086292780757147,0.6005195297795722,0.36660555494050706,0.4355167720676423,0.17036708387037508,0.13414910149825732
2021-12-05 12:00:00,0.3242677824267783,0.2669322709163344,0.054951600893522023,-0.0048205677557580096,0.6316498933399641,0.00033407572383073496,0.5,-0.16985791250350635,0.6051631145350522,0.3166009706099392,0.44061805859713166,0.21202808867719455,0.20276264767566424
2021-12-05 12:10:00,0.3319386331938633,0.3545816733067728,0.03172002978406541,-0.06338153901089094,0.6316498933399641,0.00022271714922048998,0.5,-0.16985791250350635,0.6051631145350522,0.3166009706099392,0.44061805859713166,0.21202808867719455,0.20018256710472715
2021-12-05 12:20:00,0.298465829846583,0.43426294820717115,0.033507073715562274,-0.08694875915015177,0.6316498933399641,0.00033407572383073496,0.5,-0.16985791250350635,0.6051631145350522,0.3166009706099392,0.44061805859713166,0.21202808867719455,0.1623338413024126
2021-12-05 12:30:00,0.35564853556485354,0.1872509960159361,0.03320923306031265,-0.09444742010355289,0.63578542356467,0.00033407572383073496,0.5,-0.16985791250350635,0.6051631145350522,0.3166009706099392,0.44061805859713166,0.21202808867719455,0.2506827406189176
2021-12-05 12:40:00,0.3179916317991632,-0.043824701195219196,0.03410275502606086,-0.09873236921978212,0.6429309916111554,0.00033407572383073496,0.5,-0.16985791250350635,0.6051631145350522,0.3166009706099392,0.44061805859713166,0.21202808867719455,0.17691657739487304
2021-12-05 12:50:00,0.3354253835425383,-0.14741035856573714,0.0352941176470587,-0.09623281556864838,0.6429309916111554,0.00022271714922048998,0.5,-0.16985791250350635,0.6051631145350522,0.3166009706099392,0.44061805859713166,0.21202808867719455,0.20466375967530218
2021-12-05 13:00:00,0.33472803347280333,-0.019920318725099695,0.04422933730454215,-0.08980539189430448,0.6429309916111554,0.014365256124721604,0.5,0.029153201746501045,0.5956920406773448,0.2115293821349589,0.5180656308282225,0.23653132228647183,0.20601415272266396
2021-12-05 13:10:00,0.4330543933054393,-0.12350597609561753,0.047505584512285814,-0.08837707552222807,0.6531258588423133,0.0321826280623608,0.5,0.029153201746501045,0.5956920406773448,0.2115293821349589,0.5180656308282225,0.23653132228647183,0.30848559832219324
2021-12-05 13:20:00,0.39539748953974896,-0.043824701195219196,0.04839910647803425,-0.08194965184788428,0.6392927719830914,0.05256124721603563,0.5,0.029153201746501045,0.5956920406773448,0.2115293821349589,0.5180656308282225,0.23653132228647183,0.20558413929417446
2021-12-05 13:30:00,0.39539748953974896,0.17131474103585642,0.054355919583022994,-0.07873594001071249,0.6433366923610475,0.01915367483296214,0.5,0.029153201746501045,0.5956920406773448,0.2115293821349589,0.5180656308282225,0.23653132228647183,0.2803612112799312
2021-12-05 13:40:00,0.405160390516039,0.09163346613545809,0.06120625465375995,-0.07409391180146396,0.6439517870463676,0.023496659242761692,0.5,0.029153201746501045,0.5956920406773448,0.2115293821349589,0.5180656308282225,0.23653132228647183,0.27937293480392894
2021-12-05 13:50:00,0.41422594142259417,-0.15537848605577698,0.06448250186150384,-0.06802356722013914,0.652916464906885,0.01403118040089087,0.5,0.029153201746501045,0.5956920406773448,0.2115293821349589,0.5180656308282225,0.23653132228647183,0.32204233746246813
2021-12-05 14:00:00,0.45188284518828453,0.12350597609561742,0.06388682055100503,-0.06302445991787176,0.648113491513002,0.016146993318485525,0.5,0.04817486891402001,0.5766263322289499,0.20390455613978825,0.6119512866063452,0.24499291913081922,0.36824992078700003
2021-12-05 14:10:00,0.4072524407252441,-0.07569721115537853,0.0704393149664928,-0.059453668987680564,0.6495399876981064,0.010467706013363028,0.5,0.04817486891402001,0.5766263322289499,0.20390455613978825,0.6119512866063452,0.24499291913081922,0.3183306426060323
2021-12-05 14:20:00,0.4330543933054393,-0.21115537848605592,0.07609828741623215,-0.0526691662203177,0.6496446846658204,0.005567928730512249,0.5,0.04817486891402001,0.5766263322289499,0.20390455613978825,0.6119512866063452,0.24499291913081922,0.35316927440892015
2021-12-05 14:30:00,0.4379358437935844,0.07569721115537842,0.08175725986597171,-0.04909837529012662,0.6457839839813639,0.00033407572383073496,0.5,0.04817486891402001,0.5766263322289499,0.20390455613978825,0.6119512866063452,0.24499291913081922,0.38752508411666187
2021-12-05 14:40:00,0.47280334728033474,0.027888446215139417,0.08473566641846597,-0.0448134261738975,0.6528902906649566,0.00033407572383073496,0.5,0.04817486891402001,0.5766263322289499,0.20390455613978825,0.6119512866063452,0.24499291913081922,0.426286645442612
2021-12-05 14:50:00,0.4700139470013947,0.027888446215139417,0.07937453462397603,-0.041956793429744677,0.6438601771996179,0.010133630289532295,0.5,0.04817486891402001,0.5766263322289499,0.20390455613978825,0.6119512866063452,0.24499291913081922,0.4295683268705584
2021-12-05 15:00:00,0.5,0.13147410358565725,0.07222635889798945,-0.039814318871630006,0.6503121278349975,0.03997772828507795,0.5,0.04845173290979354,0.5616841040553786,0.21281540416231856,0.7028014268757995,0.2556872094286471,0.40348084554219416
2021-12-05 15:10:00,0.5857740585774059,-0.01195219123505975,0.06775874906924773,-0.041956793429744677,0.6535446467131696,0.04532293986636971,0.5,0.04845173290979354,0.5616841040553786,0.21281540416231856,0.7028014268757995,0.2556872094286471,0.5692321619868129
2021-12-05 15:20:00,0.5390516039051604,-0.01195219123505975,0.06269545793000741,-0.041242635243706416,0.650586957375247,0.01224944320712695,0.5,0.04845173290979354,0.5616841040553786,0.21281540416231856,0.7028014268757995,0.2556872094286471,0.5825474900795148
2021-12-05 15:30:00,0.5878661087866108,0.12350597609561742,0.06388682055100503,-0.038386002499553595,0.6515030558427453,0.02472160356347439,0.5,0.04845173290979354,0.5616841040553786,0.21281540416231856,0.7028014268757995,0.2556872094286471,0.651575961494938
2021-12-05 15:40:00,0.596931659693166,0.13147410358565725,0.05852568875651509,-0.038386002499553595,0.6489379801337504,0.040311804008908686,0.5,0.04845173290979354,0.5616841040553786,0.21281540416231856,0.7028014268757995,0.2556872094286471,0.630512847594188
2021-12-05 15:50:00,0.6018131101813111,0.17928286852589648,0.05673864482501845,-0.037671844313515335,0.6472366544083967,0.030734966592427616,0.5,0.04845173290979354,0.5616841040553786,0.21281540416231856,0.7028014268757995,0.2556872094286471,0.6890474825354196
2021-12-05 16:00:00,0.5892608089260809,0.17131474103585642,0.05822784810126569,-0.03231565791822877,0.6472366544083967,0.011581291759465479,0.5,0.033468891406676526,0.5468108400118407,0.2177762458631648,0.782305141664219,0.267372130538889,0.7365149297644733
2021-12-05 16:10:00,0.599721059972106,0.01195219123505975,0.0546537602382724,-0.03017318336011432,0.6503383020769262,0.007683741648106904,0.5,0.033468891406676526,0.5468108400118407,0.2177762458631648,0.782305141664219,0.267372130538889,0.7835825399459844
2021-12-05 16:20:00,0.5557880055788006,-0.05179282868525903,0.04929262844378246,-0.023031601499732157,0.6472366544083967,0.005790645879732739,0.5,0.033468891406676526,0.5468108400118407,0.2177762458631648,0.782305141664219,0.267372130538889,0.6907524480589043
2021-12-05 16:30:00,0.5474198047419805,-0.2828685258964144,0.04869694713328343,-0.019103731476522,0.6471973930455038,0.00033407572383073496,0.5,0.033468891406676526,0.5468108400118407,0.2177762458631648,0.782305141664219,0.267372130538889,0.6552046713037706
2021-12-05 16:40:00,0.5118549511854951,-0.298804780876494,0.04690990320178701,-0.01481878236029266,0.6471843059245396,0.00022271714922048998,0.5,0.033468891406676526,0.5468108400118407,0.2177762458631648,0.782305141664219,0.267372130538889,0.5966549481720658
2021-12-05 16:50:00,0.5146443514644351,-0.298804780876494,0.037676842889054374,-0.00981967505802539,0.6471843059245396,0.00033407572383073496,0.5,0.033468891406676526,0.5468108400118407,0.2177762458631648,0.782305141664219,0.267372130538889,0.5999668059809588
2021-12-05 17:00:00,0.6206415620641562,-0.07569721115537853,0.03261355174981384,-0.013747545081235546,0.6395152530394838,0.0016703786191536749,0.5,0.02065206624056981,0.5457533900180166,0.21161434759776643,0.8222401206809953,0.2684921446189025,0.8058376208941262
2021-12-05 17:10:00,0.7112970711297071,0.06772908366533859,0.03201787043931481,-0.025888234243884978,0.6358770334114198,0.005456570155902005,0.5,0.02065206624056981,0.5457533900180166,0.21161434759776643,0.8222401206809953,0.2684921446189025,0.7446172880486444
2021-12-05 17:20:00,0.6359832635983264,0.3067729083665336,0.028145941921072115,-0.027673629708980574,0.6358246849275628,0.04944320712694878,0.5,0.02065206624056981,0.5457533900180166,0.21161434759776643,0.8222401206809953,0.2684921446189025,0.6833969552031625
2021-12-05 17:30:00,0.6813110181311018,0.41035856573705165,0.026061057334326065,-0.027673629708980574,0.63578542356467,0.06815144766146994,0.5,0.02065206624056981,0.5457533900180166,0.21161434759776643,0.8222401206809953,0.2684921446189025,0.7049127148181119
2021-12-05 17:40:00,0.7426778242677825,0.14741035856573692,0.025465376023827258,-0.030530262453133394,0.63578542356467,0.08073496659242763,0.5,0.02065206624056981,0.5457533900180166,0.21161434759776643,0.8222401206809953,0.2684921446189025,0.7397362584305264
2021-12-05 17:50:00,0.8054393305439331,0.14741035856573692,0.02159344750558434,-0.034101053383324476,0.63578542356467,0.09710467706013363,0.5,0.02065206624056981,0.5457533900180166,0.21161434759776643,0.8222401206809953,0.2684921446189025,0.759373538331548
2021-12-05 18:00:00,0.8270571827057183,-0.019920318725099695,0.015040953090096565,-0.03874308159257267,0.63578542356467,0.10334075723830735,0.5,-0.1442079525105372,0.5359576100480744,0.27144474385259026,0.8753419557171986,0.23606087433084846,0.761448164521629
2021-12-05 18:10:00,0.9079497907949791,-0.12350597609561753,0.007594936708860578,-0.041956793429744677,0.63578542356467,0.11959910913140312,0.5,-0.1442079525105372,0.5359576100480744,0.27144474385259026,0.8753419557171986,0.23606087433084846,0.788554098706942
2021-12-05 18:20:00,0.8500698047419806,-0.2709163346613548,0.0026805658972448576,-0.04517050526691657,0.6357723364437057,0.0962694877505568,0.5,-0.1442079525105372,0.5359576100480744,0.27144474385259026,0.8753419557171986,0.23606087433084846,0.8442823302201368
2021-12-05 18:30:00,0.7921896792189679,-0.4183266932270917,-0.0022338049143708627,-0.04838421710408858,0.6357592493227414,0.07293986636971046,0.5,-0.1442079525105372,0.5359576100480744,0.27144474385259026,0.8753419557171986,0.23606087433084846,0.9000105617333314
2021-12-05 18:40:00,0.7852161785216178,-0.2509960159362551,-0.006701414743112699,-0.042670951615782826,0.6259700828414758,0.08307349665924277,0.5,-0.1442079525105372,0.5359576100480744,0.27144474385259026,0.8753419557171986,0.23606087433084846,0.8064109721321122
2021-12-05 18:50:00,0.8423988842398884,-0.3227091633466136,-0.00967982129560696,-0.041956793429744677,0.6258915601156901,0.11169265033407572,0.5,-0.1442079525105372,0.5359576100480744,0.27144474385259026,0.8753419557171986,0.23606087433084846,0.6927365451061455
2021-12-05 19:00:00,0.9581589958158996,-0.5219123505976095,-0.012658227848101444,-0.0480271380110695,0.6258653858737616,0.10757238307349666,0.5,-0.16489080365269704,0.5396069619289265,0.30150831450460636,0.9481608045988325,0.2261511939533877,0.6978819952623082
2021-12-05 19:10:00,0.9787308228730823,-0.5936254980079682,-0.01236038719285204,-0.050883770755222324,0.6258130373899047,0.11091314031180402,0.5,-0.16489080365269704,0.5396069619289265,0.30150831450460636,0.9481608045988325,0.2261511939533877,0.703027445418471
2021-12-05 19:20:00,0.9826185495118549,-0.17131474103585675,-0.008786299329858527,-0.05623995715050878,0.6160107837876746,0.11158129175946548,0.5,-0.16489080365269704,0.5396069619289265,0.30150831450460636,0.9481608045988325,0.2261511939533877,0.7081728955746338
2021-12-05 19:30:00,0.9865062761506276,-0.019920318725099695,-0.0007446016381237319,-0.059453668987680564,0.6120192118935754,0.16002227171492203,0.5,-0.16489080365269704,0.5396069619289265,0.30150831450460636,0.9481608045988325,0.2261511939533877,0.7133183457307966
2021-12-05 19:40:00,0.9903940027894003,-0.3067729083665339,-0.006701414743112699,-0.054454561685413405,0.6120192118935754,0.15846325167037864,0.5,-0.16489080365269704,0.5396069619289265,0.30150831450460636,0.9481608045988325,0.2261511939533877,0.7184638260633402
2021-12-05 19:50:00,0.994281729428173,-0.45019920318725104,-0.018317200297840674,-0.05981074808069986,0.6120192118935754,0.1710467706013363,0.5,-0.16489080365269704,0.5396069619289265,0.30150831450460636,0.9481608045988325,0.2261511939533877,0.7236092686754078
2021-12-05 20:00:00,0.9926080892608089,-0.4900398406374503,-0.027252419955324125,-0.06623817175504376,0.6120192118935754,0.16870824053452116,0.5,-0.16853876446148275,0.5214119256221877,0.31429650435600176,0.9473163928709767,0.21582285732923928,0.7287546961992849
2021-12-05 20:10:00,0.990934449093445,-0.5458167330677292,-0.03529411764705892,-0.07159435815033022,0.6120192118935754,0.16926503340757237,0.5,-0.16853876446148275,0.5214119256221877,0.31429650435600176,0.946471981143121,0.21582285732923928,0.7339001463554475
2021-12-05 20:20:00,0.9892608089260809,-0.3466135458167332,-0.03916604616530173,-0.07766470273165504,0.605174647629268,0.1724944320712695,0.5,-0.16853876446148275,0.5214119256221877,0.31429650435600176,0.9456275694152654,0.21582285732923928,0.7390455965116104
2021-12-05 20:30:00,0.987587168758717,0.3227091633466135,-0.03172002978406563,-0.07766470273165504,0.5979243826150685,0.17939866369710467,0.5,-0.16853876446148275,0.5214119256221877,0.31429650435600176,0.9447830672793016,0.21582285732923928,0.7441910466677731
2021-12-05 20:40:00,0.9859135285913528,0.3784860557768923,-0.027550260610573418,-0.07230851633636859,0.597845859889283,0.18652561247216037,0.5,-0.16853876446148275,0.5214119256221877,0.31429650435600176,0.943938655551446,0.21582285732923928,0.7493364968239359
2021-12-05 20:50:00,0.9842398884239889,0.4581673306772909,-0.029337304542070175,-0.07052312087127288,0.5978327727683188,0.18953229398663698,0.5,-0.16853876446148275,0.5214119256221877,0.31429650435600176,0.9430942438235903,0.21582285732923928,0.7544819469800987
2021-12-05 21:00:00,0.9825662482566249,0.5697211155378485,-0.03320923306031276,-0.07587930726655945,0.5978327727683188,0.18875278396436526,0.5,-0.1681560711127893,0.5179263635501591,0.31941383468536216,0.9422497416876268,0.21455393475716447,0.7596273971362615
2021-12-05 21:10:00,0.9808926080892608,0.6334661354581672,-0.03529411764705892,-0.07766470273165504,0.5984871288165318,0.18452115812917597,0.5,-0.1681560711127893,0.5179263635501591,0.31941383468536216,0.9414053299597711,0.21455393475716447,0.7647728472924242
2021-12-05 21:20:00,0.9792189679218968,-0.47410358565737054,-0.05197319434102765,-0.08337796821996057,0.6118098179581474,0.17260579064587975,0.5,-0.1681560711127893,0.5179263635501591,0.31941383468536216,0.9405609182319152,0.21455393475716447,0.769918297448587
2021-12-05 21:30:00,0.9775453277545328,-0.6175298804780878,-0.06865227103499649,-0.09016247098732377,0.6118359922000759,0.17884187082405345,0.5,-0.1681560711127893,0.5179263635501591,0.31941383468536216,0.9397164613000056,0.21455393475716447,0.7750637476047497
2021-12-05 21:40:00,0.9758716875871688,0.1633466135458166,-0.06686522710349974,-0.09551865738261023,0.6017327348156678,0.18374164810690424,0.5,-0.1681560711127893,0.5179263635501591,0.31941383468536216,0.938872004368096,0.21455393475716447,0.7802091977609126
2021-12-05 21:50:00,0.9741980474198048,0.09163346613545809,-0.06090841399851088,-0.09266202463845752,0.6075303294028347,0.18942093541202676,0.5,-0.1681560711127893,0.5179263635501591,0.31941383468536216,0.9380275926402403,0.21455393475716447,0.7853546479170753
2021-12-05 22:00:00,0.9725244072524407,-0.5617529880478087,-0.07222635889798967,-0.09908944831280142,0.6118621664420044,0.1848552338530067,0.5,-0.24384990709496934,0.5022197829354003,0.36938100884947,0.9371831809123846,0.2154640908121299,0.7905000980732382
2021-12-05 22:10:00,0.9708507670850768,-0.4900398406374503,-0.08294862248696955,-0.1008748437778968,0.6118621664420044,0.2125835189309577,0.5,-0.24384990709496934,0.5022197829354003,0.36938100884947,0.936338678776421,0.2154640908121299,0.7956455482294009
2021-12-05 22:20:00,0.9691771269177126,-0.36254980079681276,-0.08413998510796727,-0.10623103017318325,0.6118621664420044,0.21414253897550112,0.5,-0.24384990709496934,0.5022197829354003,0.36938100884947,0.9354942670485652,0.2154640908121299,0.633183457307965
2021-12-05 22:30:00,0.9675034867503487,-0.20318725099601598,-0.08384214445271798,-0.11372969112658449,0.6118621664420044,0.2093541202672606,0.5,-0.24384990709496934,0.5022197829354003,0.36938100884947,0.9346498553207095,0.2154640908121299,0.6181480755013051
2021-12-05 22:40:00,0.9658298465829847,-0.21912350597609564,-0.09932985852568887,-0.12158543117300469,0.6118621664420044,0.20334075723830738,0.5,-0.24384990709496934,0.5022197829354003,0.36938100884947,0.9338053983888001,0.2154640908121299,0.5865005959835237
2021-12-05 22:50:00,0.9641562064156207,-0.4661354581673308,-0.10171258376768444,-0.12765577575432951,0.6118621664420044,0.21269487750556795,0.5,-0.24384990709496934,0.5022197829354003,0.36938100884947,0.9329609414568903,0.2154640908121299,0.607488268931907
2021-12-05 23:00:00,0.9624825662482566,0.09163346613545809,-0.10141474311243492,-0.13551151580074983,0.6029629241863083,0.19543429844097998,0.5,-0.27146839978213766,0.5029668943440806,0.37689956460906954,0.9321165297290347,0.21512550640864272,0.653627955399309
2021-12-05 23:10:00,0.9608089260808926,-0.0916334661354582,-0.11779597915115425,-0.1455097304052847,0.6117051209904333,0.17282850779510023,0.5,-0.27146839978213766,0.5029668943440806,0.37689956460906954,0.9312721180011789,0.21512550640864272,0.7846839778505365
2021-12-05 23:20:00,0.9591352859135286,-0.5378486055776892,-0.13000744601638126,-0.1490805213354759,0.6118229050791116,0.1645879732739421,0.5,-0.27146839978213766,0.5029668943440806,0.37689956460906954,0.9304276158652153,0.21512550640864272,0.7590135642832355
2021-12-05 23:30:00,0.957461680613668,-0.07569721115537853,-0.1309009679821297,-0.1490805213354759,0.6014448181544543,0.15979955456570155,0.5,-0.27146839978213766,0.5029668943440806,0.37689956460906954,0.9295832041373596,0.21512550640864272,0.7333431959805061
2021-12-05 23:40:00,0.9557880055788005,0.24302788844621515,-0.12881608339538353,-0.1490805213354759,0.5978589470102472,0.15133630289532293,0.5,-0.27146839978213766,0.5029668943440806,0.37689956460906954,0.9287387924095039,0.21512550640864272,0.7076727975013957
2021-12-05 23:50:00,0.9541143654114366,0.33864541832669315,-0.13030528667163077,-0.1490805213354759,0.5978327727683188,0.15846325167037864,0.5,-0.27146839978213766,0.5029668943440806,0.37689956460906954,0.9278943354775943,0.21512550640864272,0.6820023537577138
2021-12-06 00:00:00,0.9524407252440725,0.4661354581673305,-0.12464631422189132,-0.14622388859132307,0.5978327727683188,0.16748329621380845,0.5,-0.26965662660849443,0.4786455444861755,0.37519708499982946,0.9270498785456847,0.21553324506856697,0.6563319552786034
2021-12-06 00:10:00,0.9507670850767086,0.5378486055776892,-0.12345495160089359,-0.14372433494018932,0.5978327727683188,0.1645879732739421,0.5,-0.26965662660849443,0.4786455444861755,0.37519708499982946,0.9262054668178288,0.21553324506856697,0.630661586975874
2021-12-06 00:20:00,0.9490934449093444,0.6175298804780875,-0.12464631422189132,-0.14193893947509362,0.5989190038083522,0.2022271714922049,0.5,-0.26965662660849443,0.4786455444861755,0.37519708499982946,0.9253610550899731,0.21553324506856697,0.6049911734085731
2021-12-06 00:30:00,0.9474198047419805,-0.21115537848605592,-0.1347728965003725,-0.14479557221924644,0.6117312952323619,0.21492204899777284,0.5,-0.26965662660849443,0.4786455444861755,0.37519708499982946,0.9245165529540096,0.21553324506856697,0.58980490969718
2021-12-06 00:40:00,0.9457461645746165,-0.1394422310756973,-0.14162323157110956,-0.15229423317264768,0.6117574694742904,0.2164810690423163,0.5,-0.26965662660849443,0.4786455444861755,0.37519708499982946,0.9236721412261539,0.21553324506856697,0.5731475474146386
2021-12-06 00:50:00,0.9440725244072524,-0.2749003984063746,-0.14400595681310513,-0.16014997321906788,0.6118359922000759,0.1933184855233853,0.5,-0.26965662660849443,0.4786455444861755,0.37519708499982946,0.9228277294982983,0.21553324506856697,0.8372663216500444
2021-12-06 01:00:00,0.9423988842398884,-0.38645418326693237,-0.154728220402085,-0.1676486341724691,0.6118359922000759,0.18028953229398667,0.5,-0.3067656074948395,0.48237248101331465,0.42409572335854023,0.9219832725663886,0.21686665781731745,0.8384054800307799
2021-12-06 01:10:00,0.9407252440725244,-0.40239043824701204,-0.16157855547282218,-0.17050526691662193,0.6118359922000759,0.17761692650334077,0.5,-0.3067656074948395,0.48237248101331465,0.42409572335854023,0.9211388156344789,0.21686665781731745,0.7932691582298536
2021-12-06 01:20:00,0.9390516736401674,-0.50597609561753,-0.16932241250930757,-0.1740760578468129,0.6118359922000759,0.15033407572383073,0.5,-0.3067656074948395,0.48237248101331465,0.42409572335854023,0.9202944039066232,0.21686665781731745,0.793634745085022
2021-12-06 01:30:00,0.9373779637377964,-0.36254980079681276,-0.17319434102755038,-0.17229066238171753,0.6118359922000759,0.16469933184855234,0.5,-0.3067656074948395,0.48237248101331465,0.42409572335854023,0.9194499921787674,0.21686665781731745,0.7940004828220951
2021-12-06 01:40:00,0.9357043235704323,-0.5617529880478087,-0.17230081906180206,-0.17050526691662193,0.6118359922000759,0.16547884187082404,0.5,-0.3067656074948395,0.48237248101331465,0.42409572335854023,0.918605490042804,0.21686665781731745,0.7943660696772635
2021-12-06 01:50:00,0.9340306834030684,-0.6414342629482073,-0.1740878629932987,-0.17050526691662193,0.6118359922000759,0.15523385300668152,0.5,-0.3067656074948395,0.48237248101331465,0.42409572335854023,0.9177610783149482,0.21686665781731745,0.7947317319733844
2021-12-06 02:00:00,0.9323570432357042,-0.6095617529880479,-0.17855547282204032,-0.1680057132654883,0.6118359922000759,0.1400890868596882,0.5,-0.30402755232015766,0.4673124391176046,0.4177334587778644,0.9169166665870926,0.22019127528092292,0.7950973188285528
2021-12-06 02:10:00,0.9306834030683403,-0.7131474103585658,-0.17944899478778864,-0.16336368505623988,0.6118359922000759,0.1393095768374165,0.5,-0.30402755232015766,0.4673124391176046,0.4177334587778644,0.9160722096551829,0.22019127528092292,0.7954629811246736
2021-12-06 02:20:00,0.9290097977684798,-0.019920318725099695,-0.17319434102755038,-0.16443492233529733,0.6006072424127417,0.14109131403118041,0.5,-0.30402755232015766,0.4673124391176046,0.4177334587778644,0.9152277527232732,0.22019127528092292,0.7958286434207946
2021-12-06 02:30:00,0.9273361227336123,0.36254980079681287,-0.16336559940431883,-0.17050526691662193,0.5979505568569969,0.14075723830734968,0.5,-0.30402755232015766,0.4673124391176046,0.4177334587778644,0.9143833409954175,0.22019127528092292,0.7961942302759631
2021-12-06 02:40:00,0.9256624825662482,0.5378486055776892,-0.15919583023082662,-0.16836279235850737,0.5979112954941043,0.15389755011135858,0.5,-0.30402755232015766,0.4673124391176046,0.4177334587778644,0.9135389292675619,0.22019127528092292,0.7965599680130363
2021-12-06 02:50:00,0.9239888423988842,0.5458167330677288,-0.15591958302308284,-0.16336368505623988,0.5978327727683188,0.15189309576837418,0.5,-0.30402755232015766,0.4673124391176046,0.4177334587778644,0.9126944271315981,0.22019127528092292,0.7969255548682047
2021-12-06 03:00:00,0.9223152022315203,0.5059760956175297,-0.15651526433358165,-0.16336368505623988,0.5978327727683188,0.1556792873051225,0.5,-0.29930472149669995,0.45356846270333656,0.4048169330333926,0.9118500154037424,0.22146691818478376,0.7972911417233731
2021-12-06 03:10:00,0.9206416317991631,0.5139442231075697,-0.15681310498883105,-0.16193536868416358,0.5978327727683188,0.16358574610244989,0.5,-0.29930472149669995,0.45356846270333656,0.4048169330333926,0.9110056036758868,0.22146691818478376,0.797656804019494
2021-12-06 03:20:00,0.9189679218967922,0.5059760956175297,-0.15562174236783333,-0.1597928941260488,0.5978327727683188,0.17461024498886416,0.5,-0.29930472149669995,0.45356846270333656,0.4048169330333926,0.9101611467439772,0.22146691818478376,0.7980224663156148
2021-12-06 03:30:00,0.9172942817294282,0.1872509960159361,-0.15562174236783333,-0.15443670773076235,0.6070722801690855,0.17839643652561246,0.5,-0.29930472149669995,0.45356846270333656,0.4048169330333926,0.9093166898120676,0.22146691818478376,0.7983881286117356
2021-12-06 03:40:00,0.9156206415620642,-0.17131474103585675,-0.16336559940431883,-0.15265131226566697,0.6117443823533262,0.1720489977728285,0.5,-0.29930472149669995,0.45356846270333656,0.4048169330333926,0.9084722780842118,0.22146691818478376,0.7987537154669041
2021-12-06 03:50:00,0.9139470013947001,-0.23505976095617542,-0.17230081906180206,-0.15265131226566697,0.6117443823533262,0.15623608017817373,0.5,-0.29930472149669995,0.45356846270333656,0.4048169330333926,0.9076278663563562,0.22146691818478376,0.7991193023220725
2021-12-06 04:00:00,0.9122733612273362,-0.13147410358565736,-0.1818317200297842,-0.15265131226566697,0.6117443823533262,0.133184855233853,0.5,-0.3129846912654597,0.4573499958334183,0.4084529475850596,0.9067833642203925,0.22152835566081852,0.7994850400591457
2021-12-06 04:10:00,0.9105997907949791,-0.06772908366533881,-0.18838421444527187,-0.153365470451705,0.6117443823533262,0.12416481069042316,0.5,-0.3129846912654597,0.4573499958334183,0.4084529475850596,0.9059389524925368,0.22152835566081852,0.7998506269143141
2021-12-06 04:20:00,0.9089260808926082,-0.08366533864541836,-0.19046909903201792,-0.15907873594001076,0.6117443823533262,0.11881959910913141,0.5,-0.3129846912654597,0.4573499958334183,0.4084529475850596,0.9050945407646811,0.22152835566081852,0.8002163646513875
2021-12-06 04:30:00,0.907252440725244,-0.05179282868525903,-0.19553239017125845,-0.1597928941260488,0.6117443823533262,0.08841870824053452,0.5,-0.3129846912654597,0.4573499958334183,0.4084529475850596,0.9042500838327714,0.22152835566081852,0.8005819515065559
2021-12-06 04:40:00,0.9288702928870293,-0.2270916334661356,-0.20416976917349228,-0.1597928941260488,0.6117443823533262,0.09643652561247217,0.5,-0.3129846912654597,0.4573499958334183,0.4084529475850596,0.9034056269008619,0.22152835566081852,0.8009475383617244
2021-12-06 04:50:00,0.9504881450488145,-0.3227091633466136,-0.21042442293373054,-0.1569362613818961,0.6117443823533262,0.10089086859688197,0.5,-0.3129846912654597,0.4573499958334183,0.4084529475850596,0.9025612151730062,0.22152835566081852,0.8013132006578452
2021-12-06 05:00:00,0.9456066945606695,-0.4581673306772909,-0.2163812360387194,-0.1569362613818961,0.6117443823533262,0.09743875278396437,0.5,-0.3126834128081868,0.44649389236423553,0.3988164691473285,0.9017168034451505,0.21995294539000232,0.8016787875130137
2021-12-06 05:10:00,0.9372384937238494,-0.33864541832669326,-0.2163812360387194,-0.1597928941260488,0.6117443823533262,0.09420935412026728,0.5,-0.3126834128081868,0.44649389236423553,0.3988164691473285,0.9008723013091868,0.21995294539000232,0.8020445252500868
2021-12-06 05:20:00,0.9379358437935843,-0.4103585657370519,-0.21787043931496664,-0.1597928941260488,0.6117443823533262,0.09643652561247217,0.5,-0.3126834128081868,0.44649389236423553,0.3988164691473285,0.9000278895813312,0.21995294539000232,0.8024101121052553
2021-12-06 05:30:00,0.9449093444909346,-0.4422310756972112,-0.2202531645569621,-0.1597928941260488,0.6117443823533262,0.09409799554565701,0.5,-0.3126834128081868,0.44649389236423553,0.3988164691473285,0.8991834778534754,0.21995294539000232,0.8027756989604237
2021-12-06 05:40:00,0.809623430962343,-0.298804780876494,-0.21935964259121388,-0.1612212104981252,0.6094933975474736,0.051224944320712694,0.5,-0.3126834128081868,0.44649389236423553,0.3988164691473285,0.8983390209215657,0.21995294539000232,0.8031414366974968
2021-12-06 05:50:00,0.7545327754532776,0.2749003984063745,-0.21935964259121388,-0.1676486341724691,0.6018897802672389,0.016146993318485525,0.5,-0.3126834128081868,0.44649389236423553,0.3988164691473285,0.8974945639896561,0.21995294539000232,0.8035070235526653
2021-12-06 06:00:00,0.7398884239888424,0.2589641434262948,-0.21995532390171268,-0.17050526691662193,0.6029890984282368,0.01447661469933185,0.5,-0.3608900672164813,0.45489889571186937,0.45977982278233487,0.8966501522618003,0.2214766914950827,0.8038726858487861
2021-12-06 06:10:00,0.6143654114365412,-0.1394422310756973,-0.22620997766195106,-0.1676486341724691,0.6117443823533262,0.0006681514476614699,0.5,-0.3608900672164813,0.45489889571186937,0.45977982278233487,0.8958057405339447,0.2214766914950827,0.8042382727039546
2021-12-06 06:20:00,0.6506276150627616,-0.20318725099601598,-0.23306031273268812,-0.16193536868416358,0.6117443823533262,0.0036748329621380848,0.5,-0.3608900672164813,0.45489889571186937,0.45977982278233487,0.8949612383979811,0.2214766914950827,0.9075622010652262
2021-12-06 06:30:00,0.6610878661087867,-0.24302788844621515,-0.23306031273268812,-0.1694340296375647,0.6117443823533262,0.0016703786191536749,0.5,-0.3608900672164813,0.45489889571186937,0.45977982278233487,0.8941168266701255,0.2214766914950827,0.9357393967741449
2021-12-06 06:40:00,0.6596931659693167,-0.043824701195219196,-0.23425167535368596,-0.1740760578468129,0.6117443823533262,0.000779510022271715,0.5,-0.3608900672164813,0.45489889571186937,0.45977982278233487,0.8932724149422698,0.2214766914950827,0.9133409780165066
2021-12-06 06:50:00,0.5885634588563459,0.17928286852589648,-0.2396128071481759,-0.18300303517229055,0.6158144769732106,0.0008908685968819599,0.5,-0.3608900672164813,0.45489889571186937,0.45977982278233487,0.8924279580103601,0.2214766914950827,0.7566199435701676
2021-12-06 07:00:00,0.5341701534170153,0.08366533864541825,-0.24586746090841405,-0.1855025888234243,0.6230254806245175,0.00022271714922048998,0.5,-0.3637044342598934,0.4745824078251315,0.4628639422681239,0.8915835010784504,0.23453967242084073,0.6165713595968435
2021-12-06 07:10:00,0.36401673640167365,0.17131474103585642,-0.2548026805658973,-0.19264417068380646,0.6372511811126671,0.00011135857461024499,0.5,-0.3637044342598934,0.4745824078251315,0.4628639422681239,0.8915835010784504,0.23453967242084073,0.2502451830951914
2021-12-06 07:20:00,0.27266387726638774,0.4262948207171313,-0.26969471332836936,-0.20692733440457056,0.6817473923911479,0.00022271714922048998,0.5,-0.3637044342598934,0.4745824078251315,0.4628639422681239,0.8915835010784504,0.23453967242084073,0.13582389064079545
2021-12-06 07:30:00,0.25523012552301255,-0.03585657370517936,-0.2860759493670887,-0.22978039635779324,0.6959730928792974,0.00033407572383073496,0.5,-0.3637044342598934,0.4745824078251315,0.4628639422681239,0.8915835010784504,0.23453967242084073,0.1106341566455935
2021-12-06 07:40:00,0.2601115760111576,-0.10756972111553798,-0.2988830975428147,-0.24549187645063375,0.69054193767913,0.00044543429844097997,0.5,-0.3637044342598934,0.4745824078251315,0.4628639422681239,0.8915835010784504,0.23453967242084073,0.11166015359777902
2021-12-06 07:50:00,0.2580195258019526,0.2828685258964143,-0.3104988830975429,-0.2640599892876272,0.691091596759629,0.00044543429844097997,0.5,-0.3637044342598934,0.4745824078251315,0.4628639422681239,0.8915835010784504,0.23453967242084073,0.11218069616910843
2021-12-06 08:00:00,0.25732217573221755,-0.3545816733067729,-0.31883842144452734,-0.2783431530083913,0.704388111659316,0.00044543429844097997,0.5,-0.3845888047686914,0.49334352469921555,0.4828575838079669,0.7520668842610575,0.2343674229674522,0.1153341279780316
2021-12-06 08:10:00,0.2796373779637378,-0.2749003984063746,-0.3250930752047656,-0.28869844670594524,0.704388111659316,0.00044543429844097997,0.5,-0.3845888047686914,0.49334352469921555,0.4828575838079669,0.7520668842610575,0.2343674229674522,0.13720446006910392
2021-12-06 08:20:00,0.2789400278940028,-0.5298804780876495,-0.330156366344006,-0.3040528477057667,0.704388111659316,0.00044543429844097997,0.5,-0.3845888047686914,0.49334352469921555,0.4828575838079669,0.7520668842610575,0.2343674229674522,0.1296679089276823
2021-12-06 08:30:00,0.29428172942817293,-0.36254980079681276,-0.33432613551749824,-0.3069094804499196,0.6923086990093049,0.00044543429844097997,0.5,-0.3845888047686914,0.49334352469921555,0.4828575838079669,0.7520668842610575,0.2343674229674522,0.15137227092354816
2021-12-06 08:40:00,0.29288702928870297,-0.15537848605577698,-0.3361131794489949,-0.31440814140332085,0.69054193767913,0.00044543429844097997,0.5,-0.3845888047686914,0.49334352469921555,0.4828575838079669,0.7520668842610575,0.2343674229674522,0.15018030387615613
2021-12-06 08:50:00,0.27475592747559274,-0.05179282868525903,-0.34177215189873433,-0.3244063560078556,0.69054193767913,0.00044543429844097997,0.5,-0.3845888047686914,0.49334352469921555,0.4828575838079669,0.7520668842610575,0.2343674229674522,0.13123708073690724
2021-12-06 09:00:00,0.19595536959553697,0.08366533864541825,-0.34713328369322427,-0.3297625424031423,0.69054193767913,0.00044543429844097997,0.5,-0.40827630232974677,0.5287910875355956,0.5171389922106961,0.6218658013519093,0.2500745878329443,0.06923216198681292
2021-12-06 09:10:00,0.14295676429567641,0.33864541832669315,-0.3516008935219658,-0.3315479378682379,0.69054193767913,0.00044543429844097997,0.5,-0.40827630232974677,0.5287910875355956,0.5171389922106961,0.6218658013519093,0.2500745878329443,0.03543461532658388
2021-12-06 09:20:00,0.13389121338912133,0.12350597609561742,-0.3521965748324647,-0.3329762542403142,0.69054193767913,0.00044543429844097997,0.5,-0.40827630232974677,0.5287910875355956,0.5171389922106961,0.6218658013519093,0.2500745878329443,0.02665328847111366
2021-12-06 09:30:00,0.18479776847977683,-0.6175298804780878,-0.3521965748324647,-0.3326191751472952,0.69054193767913,0.00044543429844097997,0.5,-0.40827630232974677,0.5287910875355956,0.5171389922106961,0.6218658013519093,0.2500745878329443,0.05870814913167464
2021-12-06 09:40:00,0.14365411436541145,-0.26693227091633476,-0.3521965748324647,-0.33833244063560075,0.69054193767913,0.00044543429844097997,0.5,-0.40827630232974677,0.5287910875355956,0.5171389922106961,0.6218658013519093,0.2500745878329443,0.03280927018422681
2021-12-06 09:50:00,0.14086471408647142,-0.298804780876494,-0.3521965748324647,-0.335832886984467,0.6807396840768999,0.00044543429844097997,0.5,-0.40827630232974677,0.5287910875355956,0.5171389922106961,0.6218658013519093,0.2500745878329443,0.03492161685049112
2021-12-06 10:00:00,0.13319386331938632,0.09960159362549792,-0.3521965748324647,-0.3372612033565434,0.6740129039012708,0.00044543429844097997,0.5,-0.3031155454414165,0.5288629251710454,0.4414706532461816,0.5950817032418927,0.2531283974606431,0.0313457157083151
2021-12-06 10:10:00,0.13389121338912133,0.394422310756972,-0.3521965748324647,-0.33654704517050527,0.6740129039012708,0.00044543429844097997,0.5,-0.3031155454414165,0.5288629251710454,0.4414706532461816,0.5950817032418927,0.2531283974606431,0.02792069647087225
2021-12-06 10:20:00,0.13389121338912133,0.5219123505976095,-0.3521965748324647,-0.33833244063560075,0.6740129039012708,0.00044543429844097997,0.5,-0.3031155454414165,0.5288629251710454,0.4414706532461816,0.5950817032418927,0.2531283974606431,0.026019584471234366
2021-12-06 10:30:00,0.09274755927475593,0.1394422310756971,-0.355770662695458,-0.3404749151937154,0.6740129039012708,0.00044543429844097997,0.5,-0.3031155454414165,0.5288629251710454,0.4414706532461816,0.5950817032418927,0.2531283974606431,0.0
2021-12-06 10:40:00,0.10251046025104603,-0.12350597609561753,-0.3563663440059569,-0.33833244063560075,0.6740129039012708,0.0008908685968819599,0.5,-0.3031155454414165,0.5288629251710454,0.4414706532461816,0.5950817032418927,0.2531283974606431,0.0024593750471505952
2021-12-06 10:50:00,0.10808926080892609,0.41035856573705165,-0.3256887565152644,-0.3169076950544545,0.6828467105521456,0.10100222717149221,0.5,-0.3031155454414165,0.5288629251710454,0.4414706532461816,0.5950817032418927,0.2531283974606431,0.0
2021-12-06 11:00:00,0.201534170153417,-0.6573705179282869,-0.2970960536113181,-0.29334047491519377,0.6905288505581657,0.8743875278396437,0.5,-0.30028186695919556,0.5254635682615574,0.44374100650087245,0.6607153677475809,0.25392454017614974,0.0
2021-12-06 11:10:00,0.22663877266387727,-0.40239043824701204,-0.2786299329858527,-0.26584538475272257,0.6905288505581657,0.003006681514476615,0.5,-0.30028186695919556,0.5254635682615574,0.44374100650087245,0.6607153677475809,0.25392454017614974,0.08494651236477209
2021-12-06 11:20:00,0.23291492329149233,-0.08366533864541836,-0.2551005212211468,-0.23263702910194595,0.6807658583188285,0.00011135857461024499,0.5,-0.30028186695919556,0.5254635682615574,0.44374100650087245,0.6607153677475809,0.25392454017614974,0.10123421398071729
2021-12-06 11:30:00,0.2629009762900976,-0.21115537848605592,-0.2402084884586747,-0.2112122835207998,0.6698511994346364,0.00011135857461024499,0.5,-0.30028186695919556,0.5254635682615574,0.44374100650087245,0.6607153677475809,0.25392454017614974,0.13304766359370523
2021-12-06 11:40:00,0.32984658298465835,0.01195219123505975,-0.24914370811615805,-0.2126405998928762,0.6627579798720079,0.00011135857461024499,0.5,-0.30028186695919556,0.5254635682615574,0.44374100650087245,0.6607153677475809,0.25392454017614974,0.19509784691521947
2021-12-06 11:50:00,0.28591352859135283,0.394422310756972,-0.28131049888309767,-0.2687020174968755,0.6627579798720079,0.00011135857461024499,0.5,-0.30028186695919556,0.5254635682615574,0.44374100650087245,0.6607153677475809,0.25392454017614974,0.14737390044811927
2021-12-06 12:00:00,0.299163179916318,-0.17928286852589637,-0.28518242740134037,-0.2944117121942511,0.6684901388543534,0.00022271714922048998,0.5,-0.309931115864297,0.5120241834216003,0.44959398556119756,0.7551664358325569,0.25956090536955595,0.1485583234002746
2021-12-06 12:10:00,0.28661087866108786,0.31474103585657365,-0.2819061801935965,-0.2979825031244421,0.6701260289748857,0.00033407572383073496,0.5,-0.309931115864297,0.5120241834216003,0.44959398556119756,0.7551664358325569,0.25956090536955595,0.15126665359023492
2021-12-06 12:20:00,0.3186889818688982,-0.11553784860557781,-0.28071481757259875,-0.3026245313336904,0.6767611993037651,0.00033407572383073496,0.5,-0.309931115864297,0.5120241834216003,0.44959398556119756,0.7551664358325569,0.25956090536955595,0.17678832777584985
2021-12-06 12:30:00,0.36401673640167365,0.01195219123505975,-0.277438570364855,-0.301196214961614,0.6816557825443981,0.00033407572383073496,0.5,-0.309931115864297,0.5120241834216003,0.44959398556119756,0.7551664358325569,0.25956090536955595,0.24682016385774855
2021-12-06 12:40:00,0.34658298465829845,-0.03585657370517936,-0.2753536857781088,-0.29548294947330833,0.685542657470783,0.00033407572383073496,0.5,-0.309931115864297,0.5120241834216003,0.44959398556119756,0.7551664358325569,0.25956090536955595,0.22107971091027054
2021-12-06 12:50:00,0.3270571827057183,0.4422310756972112,-0.2714817572598661,-0.29548294947330833,0.6797974113674733,0.00022271714922048998,0.5,-0.309931115864297,0.5120241834216003,0.44959398556119756,0.7551664358325569,0.25956090536955595,0.19312883805845166
2021-12-06 13:00:00,0.3451882845188285,0.1394422310756971,-0.2676098287416233,-0.29548294947330833,0.6792477522869743,0.0010022271714922048,0.5,-0.19889124324641638,0.49844399681615575,0.3474452090067956,0.7448149334974223,0.26654109267077974,0.21217013443577712
2021-12-06 13:10:00,0.3068340306834031,-0.01195219123505975,-0.2625465376023829,-0.2922692376361363,0.6816688696653623,0.0008908685968819599,0.5,-0.19889124324641638,0.49844399681615575,0.3474452090067956,0.7448149334974223,0.26654109267077974,0.16154171130256348
2021-12-06 13:20:00,0.26638772663877264,-0.17928286852589637,-0.25748324646314225,-0.2883413676129263,0.662915025323579,0.00033407572383073496,0.5,-0.19889124324641638,0.49844399681615575,0.3474452090067956,0.7448149334974223,0.26654109267077974,0.13373417626024112
2021-12-06 13:30:00,0.301952580195258,0.19521912350597592,-0.2515264333581535,-0.2883413676129263,0.6546832262370601,0.001893095768374165,0.5,-0.19889124324641638,0.49844399681615575,0.3474452090067956,0.7448149334974223,0.26654109267077974,0.16016114187425504
2021-12-06 13:40:00,0.2914923291492329,0.3306772908366533,-0.2482501861504096,-0.28905552579896443,0.6546832262370601,0.001893095768374165,0.5,-0.19889124324641638,0.49844399681615575,0.3474452090067956,0.7448149334974223,0.26654109267077974,0.15665313758920893
2021-12-06 13:50:00,0.26569037656903766,0.2669322709163344,-0.2402084884586747,-0.2894126048919836,0.6668935100967138,0.00033407572383073496,0.5,-0.19889124324641638,0.49844399681615575,0.3474452090067956,0.7448149334974223,0.26654109267077974,0.12529233369042053
2021-12-06 14:00:00,0.28661087866108786,0.22709163346613526,-0.23842144452717806,-0.2883413676129263,0.668621010063996,0.00033407572383073496,0.5,-0.20596329892739806,0.48233225193746293,0.3521888181139265,0.6468329315540664,0.281622414169193,0.14690616654344643
2021-12-06 14:10:00,0.2635983263598326,0.06772908366533859,-0.23335815338793753,-0.2865559721478307,0.6802031121173653,0.00033407572383073496,0.5,-0.20596329892739806,0.48233225193746293,0.3521888181139265,0.6468329315540664,0.281622414169193,0.12857401511836686
2021-12-06 14:20:00,0.24337517433751746,-0.07569721115537853,-0.2318689501116903,-0.28405641849669694,0.6824017484393609,0.00033407572383073496,0.5,-0.20596329892739806,0.48233225193746293,0.3521888181139265,0.6468329315540664,0.281622414169193,0.11222596074052839
2021-12-06 14:30:00,0.23709902370990238,0.19521912350597592,-0.22650781831720035,-0.2779860739153722,0.6824017484393609,0.00022271714922048998,0.5,-0.20596329892739806,0.48233225193746293,0.3521888181139265,0.6468329315540664,0.281622414169193,0.09896344131448316
2021-12-06 14:40:00,0.21478382147838215,0.41035856573705165,-0.22174236783320933,-0.2754865202642386,0.6892986611875254,0.00022271714922048998,0.5,-0.20596329892739806,0.48233225193746293,0.3521888181139265,0.6468329315540664,0.281622414169193,0.08597250931695762
2021-12-06 14:50:00,0.2510460251046025,-0.3784860557768924,-0.2211466865227104,-0.2740582038921622,0.6902671081388806,0.00011135857461024499,0.5,-0.20596329892739806,0.48233225193746293,0.3521888181139265,0.6468329315540664,0.281622414169193,0.11095855274076981
2021-12-06 15:00:00,0.23849372384937237,0.08366533864541825,-0.2211466865227104,-0.2747723620782002,0.6920600437109841,0.00011135857461024499,0.5,-0.21476978196751872,0.47611685971833956,0.35471444819941067,0.5518785615323695,0.29853820924080543,0.10463660093245017
2021-12-06 15:10:00,0.198744769874477,0.12350597609561742,-0.21995532390171268,-0.27584359935725755,0.7010901571763228,0.00022271714922048998,0.5,-0.21476978196751872,0.47611685971833956,0.35471444819941067,0.5518785615323695,0.29853820924080543,0.06930760293917951
2021-12-06 15:20:00,0.2510460251046025,-0.26693227091633476,-0.21429635145197334,-0.2740582038921622,0.6947167292667287,0.00044543429844097997,0.5,-0.21476978196751872,0.47611685971833956,0.35471444819941067,0.5518785615323695,0.29853820924080543,0.11132821340736605
2021-12-06 15:30:00,0.23849372384937237,0.05179282868525892,-0.20714817572598676,-0.2683449384038563,0.6844433393097853,0.00044543429844097997,0.5,-0.21476978196751872,0.47611685971833956,0.35471444819941067,0.5518785615323695,0.29853820924080543,0.10222249045671952
2021-12-06 15:40:00,0.2412831241283124,-0.003984063745020028,-0.19880863737900234,-0.2683449384038563,0.689782884663203,0.00044543429844097997,0.5,-0.21476978196751872,0.47611685971833956,0.35471444819941067,0.5518785615323695,0.29853820924080543,0.10189809436154322
2021-12-06 15:50:00,0.21687587168758715,0.06772908366533859,-0.1973194341027551,-0.26691662203178,0.6941016345814084,0.00044543429844097997,0.5,-0.21476978196751872,0.47611685971833956,0.35471444819941067,0.5518785615323695,0.29853820924080543,0.0887789127449945
2021-12-06 16:00:00,0.18967921896792192,-0.31474103585657376,-0.1973194341027551,-0.26691662203178,0.6853201764143906,0.00044543429844097997,0.5,-0.20551543364186065,0.4738640314706329,0.34517523619447554,0.4631777203346318,0.307889355716112,0.05956817598865368
2021-12-06 16:10:00,0.20781032078103207,-0.12350597609561753,-0.19910647803425174,-0.2672737011247991,0.6852940021724621,0.00044543429844097997,0.5,-0.20551543364186065,0.4738640314706329,0.34517523619447554,0.4631777203346318,0.307889355716112,0.07546358465229265
2021-12-06 16:20:00,0.19525801952580193,0.17928286852589648,-0.19940431868950126,-0.2672737011247991,0.6970985852822237,0.00044543429844097997,0.5,-0.20551543364186065,0.4738640314706329,0.34517523619447554,0.4631777203346318,0.307889355716112,0.06814581227273413
2021-12-06 16:30:00,0.1506276150627615,-0.01195219123505975,-0.19910647803425174,-0.26798785931083735,0.7076206305374881,0.00044543429844097997,0.5,-0.20551543364186065,0.4738640314706329,0.34517523619447554,0.4631777203346318,0.307889355716112,0.034642485326734765
2021-12-06 16:40:00,0.18340306834030684,0.08366533864541825,-0.19791511541325402,-0.26655954293876094,0.7256023347423801,0.00044543429844097997,0.5,-0.20551543364186065,0.4738640314706329,0.34517523619447554,0.4631777203346318,0.307889355716112,0.06286494560707334
2021-12-06 16:50:00,0.17573221757322177,-0.38645418326693237,-0.20178704393149682,-0.26941617568291376,0.7240711415895617,0.00044543429844097997,0.5,-0.20551543364186065,0.4738640314706329,0.34517523619447554,0.4631777203346318,0.307889355716112,0.04957224980008147
2021-12-06 17:00:00,0.11785216178521618,0.6095617529880477,-0.20655249441548773,-0.2672737011247991,0.7264660847260211,0.00044543429844097997,0.5,-0.20597957523506427,0.490800472404293,0.32636629219724117,0.361145932401615,0.3266993020742458,0.01834723961555291
2021-12-06 17:10:00,0.16736401673640167,0.09960159362549792,-0.21608339538346988,-0.2704874129619711,0.7459528078418028,0.00044543429844097997,0.5,-0.20597957523506427,0.490800472404293,0.32636629219724117,0.361145932401615,0.3266993020742458,0.05827059160794846
2021-12-06 17:20:00,0.17154811715481172,0.06772908366533859,-0.22531645569620262,-0.2815568648455633,0.7420528457944536,0.00044543429844097997,0.5,-0.20597957523506427,0.490800472404293,0.32636629219724117,0.361145932401615,0.3266993020742458,0.05618087722739412
2021-12-06 17:30:00,0.16596931659693165,0.25099601593625476,-0.231571109456441,-0.2844134975897161,0.7484393608250121,0.00044543429844097997,0.5,-0.20597957523506427,0.490800472404293,0.32636629219724117,0.361145932401615,0.3266993020742458,0.048568885133605924
2021-12-06 17:40:00,0.16596931659693165,0.5697211155378485,-0.23901712583767698,-0.28869844670594524,0.7484393608250121,0.00044543429844097997,0.5,-0.20597957523506427,0.490800472404293,0.32636629219724117,0.361145932401615,0.3266993020742458,0.048885737133545576
2021-12-06 17:50:00,0.17642956764295675,0.38645418326693215,-0.24497393894266584,-0.2944117121942511,0.7574825614113151,0.00044543429844097997,0.5,-0.20597957523506427,0.490800472404293,0.32636629219724117,0.361145932401615,0.3266993020742458,0.05343482656125051
2021-12-06 18:00:00,0.2105997210599721,0.6653386454183265,-0.2562918838421445,-0.3019103731476521,0.76490295899805,0.00044543429844097997,0.5,-0.3114334724268343,0.5253917306261076,0.4431884773643765,0.2513021606805303,0.3794253416419182,0.07282315131946226
2021-12-06 18:10:00,0.2085076708507671,0.394422310756972,-0.26612062546537607,-0.30940903410105336,0.7754904398581357,0.00044543429844097997,0.5,-0.3114334724268343,0.5253917306261076,0.4431884773643765,0.2513021606805303,0.3794253416419182,0.07310228284321862
2021-12-06 18:20:00,0.20292887029288703,0.40239043824701204,-0.27714072970960546,-0.31405106231030167,0.7813796442920522,0.00044543429844097997,0.5,-0.3114334724268343,0.5253917306261076,0.4431884773643765,0.2513021606805303,0.3794253416419182,0.07067308417701466
2021-12-06 18:30:00,0.1499302649930265,0.4581673306772909,-0.28369322412509324,-0.3169076950544545,0.786771538129327,0.00044543429844097997,0.5,-0.3114334724268343,0.5253917306261076,0.4431884773643765,0.2513021606805303,0.3794253416419182,0.03864085580216365
2021-12-06 18:40:00,0.11087866108786612,0.043824701195219085,-0.2911392405063292,-0.31405106231030167,0.7978301553441258,0.00044543429844097997,0.5,-0.3114334724268343,0.5253917306261076,0.4431884773643765,0.2513021606805303,0.3794253416419182,0.010765423902711348
2021-12-06 18:50:00,0.10251046025104603,-0.13147410358565736,-0.29650037230081916,-0.3133369041242635,0.7978301553441258,0.000779510022271715,0.5,-0.3114334724268343,0.5253917306261076,0.4431884773643765,0.2513021606805303,0.3794253416419182,0.00113161428549874
2021-12-06 19:00:00,0.0815899581589958,-0.19521912350597614,-0.29977661950856305,-0.3211926441706838,0.7978301553441258,0.016369710467706012,0.5,-0.33889520559344655,0.5550348125181396,0.4503305219910274,0.18546998709230966,0.4618623384390314,0.0
2021-12-06 19:10:00,0.07322175732217574,-0.12350597609561753,-0.2970960536113181,-0.3408319942867345,0.7978301553441258,0.9919821826280624,0.5,-0.33889520559344655,0.5550348125181396,0.4503305219910274,0.18546998709230966,0.4618623384390314,0.0
2021-12-06 19:20:00,0.07880055788005579,0.21912350597609564,-0.28369322412509324,-0.3115515086591679,0.7978301553441258,0.9962138084632516,0.5,-0.33889520559344655,0.5550348125181396,0.4503305219910274,0.18546998709230966,0.4618623384390314,0.0
2021-12-06 19:30:00,0.0808926080892608,0.12350597609561742,-0.279523454951601,-0.2972683449384038,0.7978301553441258,0.9962138084632516,0.5,-0.33889520559344655,0.5550348125181396,0.4503305219910274,0.18546998709230966,0.4618623384390314,0.0
2021-12-06 19:40:00,0.0808926080892608,0.19521912350597592,-0.28041697691734935,-0.29691126584538485,0.7978301553441258,0.9962138084632516,0.5,-0.33889520559344655,0.5550348125181396,0.4503305219910274,0.18546998709230966,0.4618623384390314,0.0
2021-12-06 19:50:00,0.058577405857740586,0.11553784860557759,-0.28071481757259875,-0.3026245313336904,0.7978301553441258,0.9962138084632516,0.5,-0.33889520559344655,0.5550348125181396,0.4503305219910274,0.18546998709230966,0.4618623384390314,0.0
2021-12-06 20:00:00,0.04672245467224547,0.43426294820717115,-0.28101265822784816,-0.30619532226388146,0.7978301553441258,0.9962138084632516,0.5,-0.37079073171008303,0.5552704399624171,0.5075853233956713,0.03304446034040381,0.3885581925120782,0.0
2021-12-06 20:10:00,0.055090655509065556,0.1697211155378484,-0.28369322412509324,-0.3122656668452063,0.7978301553441258,0.9962138084632516,0.5,-0.37079073171008303,0.5552704399624171,0.5075853233956713,0.03304446034040381,0.3885581925120782,0.0
2021-12-06 20:20:00,0.045327754532775454,-0.09482071713147422,-0.2816083395383471,-0.3165506159614354,0.7978301553441258,0.9962138084632516,0.5,-0.37079073171008303,0.5552704399624171,0.5075853233956713,0.03304446034040381,0.3885581925120782,0.0
2021-12-06 20:30:00,0.04672245467224547,-0.35936254980079696,-0.2819061801935965,-0.3201214068916265,0.7978301553441258,0.9962138084632516,0.5,-0.37079073171008303,0.5552704399624171,0.5075853233956713,0.03304446034040381,0.3885581925120782,0.0
2021-12-06 20:40:00,0.027894002789400282,-0.6239043824701196,-0.28458674609084145,-0.32404927691483665,0.7978301553441258,0.9962138084632516,0.5,-0.37079073171008303,0.5552704399624171,0.5075853233956713,0.03304446034040381,0.3885581925120782,0.0
2021-12-06 20:50:00,0.01603905160390516,-0.6239043824701196,-0.2899478778853314,-0.32404927691483665,0.7978301553441258,0.9962138084632516,0.5,-0.37079073171008303,0.5552704399624171,0.5075853233956713,0.03304446034040381,0.3885581925120782,0.0
2021-12-06 21:00:00,0.05090655509065551,-0.6239043824701196,-0.29203276247207755,-0.325120514193894,0.7978301553441258,0.9962138084632516,0.5,-0.3871741361466443,0.5497130804840126,0.5289668187041194,0.12968523720908767,0.13489917615987537,0.0
2021-12-06 21:10:00,0.060669456066945605,-0.6239043824701196,-0.289650037230082,-0.3279771469380467,0.7978301553441258,0.9962138084632516,0.5,-0.3871741361466443,0.5497130804840126,0.5289668187041194,0.12968523720908767,0.13489917615987537,0.0
2021-12-06 21:20:00,0.05439330543933055,-0.6239043824701196,-0.29262844378257635,-0.3340474915193715,0.7978301553441258,0.9962138084632516,0.5,-0.3871741361466443,0.5497130804840126,0.5289668187041194,0.12968523720908767,0.13489917615987537,0.0
2021-12-06 21:30:00,0.05718270571827057,-0.6239043824701196,-0.29262844378257635,-0.33476164970540967,0.7978301553441258,0.9962138084632516,0.5,-0.3871741361466443,0.5497130804840126,0.5289668187041194,0.12968523720908767,0.13489917615987537,0.0
2021-12-06 21:40:00,0.06903765690376569,-0.6239043824701196,-0.2970960536113181,-0.33476164970540967,0.7978301553441258,0.9962138084632516,0.5,-0.3871741361466443,0.5497130804840126,0.5289668187041194,0.12968523720908767,0.13489917615987537,0.0
2021-12-06 21:50:00,0.06555090655509065,-0.6239043824701196,-0.29977661950856305,-0.33833244063560075,0.7978301553441258,0.9962138084632516,0.5,-0.3871741361466443,0.5497130804840126,0.5289668187041194,0.12968523720908767,0.13489917615987537,0.0
2021-12-06 22:00:00,0.0697350069735007,-0.6239043824701196,-0.3060312732688013,-0.3440457061239065,0.7978301553441258,0.9962138084632516,0.5,-0.45348948360412156,0.5464717663725152,0.6016583229314049,0.26061299336716376,0.15089808428560433,0.0
2021-12-06 22:10:00,0.06345885634588563,-0.6239043824701196,-0.30752047654504844,-0.3483306552401356,0.7978301553441258,0.9962138084632516,0.5,-0.45348948360412156,0.5464717663725152,0.6016583229314049,0.26061299336716376,0.15089808428560433,0.0
2021-12-06 22:20:00,0.06485355648535565,-0.6239043824701196,-0.3087118391660463,-0.35297268344938415,0.7978301553441258,0.9962138084632516,0.5,-0.45348948360412156,0.5464717663725152,0.6016583229314049,0.26061299336716376,0.15089808428560433,0.0
2021-12-06 22:30:00,0.060669456066945605,-0.6239043824701196,-0.3104988830975429,-0.35618639528655593,0.7978301553441258,0.9962138084632516,0.5,-0.45348948360412156,0.5464717663725152,0.6016583229314049,0.26061299336716376,0.15089808428560433,0.0
2021-12-06 22:40:00,0.05160390516039052,-0.6239043824701196,-0.3104988830975429,-0.359757186216747,0.7978301553441258,0.9962138084632516,0.5,-0.45348948360412156,0.5464717663725152,0.6016583229314049,0.26061299336716376,0.15089808428560433,0.0
2021-12-06 22:50:00,0.06764295676429567,-0.6239043824701196,-0.3134772896500374,-0.3626138189608997,0.7978301553441258,0.9962138084632516,0.5,-0.45348948360412156,0.5464717663725152,0.6016583229314049,0.26061299336716376,0.15089808428560433,0.0
2021-12-06 23:00:00,0.08507670850767085,-0.6239043824701196,-0.3107967237527923,-0.3697554008212819,0.7978301553441258,0.9962138084632516,0.5,-0.497322380623456,0.5477935788647943,0.6344429442333623,0.3109290200887389,0.16621409999906103,0.0
2021-12-06 23:10:00,0.08926080892608089,-0.7454688289097133,-0.31139240506329124,-0.37511158721656845,0.7978301553441258,0.9962138084632516,0.5,-0.497322380623456,0.5477935788647943,0.6344429442333623,0.3109290200887389,0.16621409999906103,0.0
2021-12-06 23:20:00,0.11297071129707113,-0.7352561584647326,-0.3131794489947879,-0.37832529905374035,0.7978301553441258,0.9962138084632516,0.5,-0.497322380623456,0.5477935788647943,0.6344429442333623,0.3109290200887389,0.16621409999906103,0.0
2021-12-06 23:30:00,0.11366806136680613,-0.7250434880197518,-0.3128816083395384,-0.3858239600071416,0.7978301553441258,0.9962138084632516,0.5,-0.497322380623456,0.5477935788647943,0.6344429442333623,0.3109290200887389,0.16621409999906103,0.0
2021-12-06 23:40:00,0.09693165969316596,-0.7148308175747713,-0.30454206999255407,-0.3883235136582752,0.7978301553441258,0.9962138084632516,0.5,-0.497322380623456,0.5477935788647943,0.6344429442333623,0.3109290200887389,0.16621409999906103,0.0
2021-12-06 23:50:00,0.09344490934449094,-0.7046181471297908,-0.2985852568875653,-0.39296554186752364,0.7978301553441258,0.9962138084632516,0.5,-0.497322380623456,0.5477935788647943,0.6344429442333623,0.3109290200887389,0.16621409999906103,0.0
2021-12-07 00:00:00,0.09902370990237098,-0.69440547668481,-0.2985852568875653,-0.3954650955186574,0.7978301553441258,0.9962138084632516,0.5,-0.5017724832342358,0.541894272241652,0.6390778736365739,0.30777420204087563,0.184581582324396,0.0
2021-12-07 00:10:00,0.11436541143654114,-0.6841928062398295,-0.2950111690245719,-0.3954650955186574,0.7978301553441258,0.9962138084632516,0.5,-0.5017724832342358,0.541894272241652,0.6390778736365739,0.30777420204087563,0.184581582324396,0.0
2021-12-07 00:20:00,0.11087866108786612,-0.6739801357948487,-0.29262844378257635,-0.39760757007677205,0.7978301553441258,0.9962138084632516,0.5,-0.5017724832342358,0.541894272241652,0.6390778736365739,0.30777420204087563,0.184581582324396,0.0
2021-12-07 00:30:00,0.11785216178521618,-0.6637674653498681,-0.2944154877140731,-0.40082128191394384,0.7978301553441258,0.9962138084632516,0.5,-0.5017724832342358,0.541894272241652,0.6390778736365739,0.30777420204087563,0.184581582324396,0.0
2021-12-07 00:40:00,0.14365411436541145,-0.6535547949048875,-0.2938198064035742,-0.4065345474022497,0.7978301553441258,0.9962138084632516,0.5,-0.5017724832342358,0.541894272241652,0.6390778736365739,0.30777420204087563,0.184581582324396,0.0
2021-12-07 00:50:00,0.1806136680613668,-0.6433421244599069,-0.29262844378257635,-0.41010533833244067,0.7978301553441258,0.9962138084632516,0.5,-0.5017724832342358,0.541894272241652,0.6390778736365739,0.30777420204087563,0.184581582324396,0.0
2021-12-07 01:00:00,0.14295676429567641,-0.6331294540149262,-0.2941176470588236,-0.41653276200678446,0.7978301553441258,0.9962138084632516,0.5,-0.543923884247436,0.5476096745180429,0.6639169560247933,0.31932968723063554,0.19091389935340627,0.0
2021-12-07 01:10:00,0.13389121338912133,-0.6229167835699455,-0.29918093819806413,-0.41831815747188006,0.7978301553441258,0.9962138084632516,0.5,-0.543923884247436,0.5476096745180429,0.6639169560247933,0.31932968723063554,0.19091389935340627,0.0
2021-12-07 01:20:00,0.13458856345885634,-0.6127041131249649,-0.3063291139240507,-0.4204606320299946,0.7978301553441258,0.9962138084632516,0.5,-0.543923884247436,0.5476096745180429,0.6639169560247933,0.31932968723063554,0.19091389935340627,0.0
2021-12-07 01:30:00,0.14016736401673638,-0.6024914426799843,-0.30781831720029795,-0.4222460274950901,0.7978301553441258,0.9962138084632516,0.5,-0.543923884247436,0.5476096745180429,0.6639169560247933,0.31932968723063554,0.19091389935340627,0.0
2021-12-07 01:40:00,0.1617852161785216,-0.5922787722350036,-0.30752047654504844,-0.42760221389037667,0.7978301553441258,0.9962138084632516,0.5,-0.543923884247436,0.5476096745180429,0.6639169560247933,0.31932968723063554,0.19091389935340627,0.0
2021-12-07 01:50:00,0.16108786610878661,-0.582066101790023,-0.30752047654504844,-0.42938760935547216,0.7978301553441258,0.9962138084632516,0.5,-0.543923884247436,0.5476096745180429,0.6639169560247933,0.31932968723063554,0.19091389935340627,0.0
2021-12-07 02:00:00,0.12831241283124128,-0.5718534313450424,-0.30752047654504844,-0.43117300482056775,0.7978301553441258,0.9962138084632516,0.5,-0.548044158156348,0.548124031987862,0.6745278741882152,0.31423000092465614,0.20304692362868879,0.0
2021-12-07 02:10:00,0.12761506276150628,-0.5616407609000618,-0.30394638868205526,-0.43117300482056775,0.7978301553441258,0.9962138084632516,0.5,-0.548044158156348,0.548124031987862,0.6745278741882152,0.31423000092465614,0.20304692362868879,0.0
2021-12-07 02:20:00,0.1317991631799163,-0.5514280904550811,-0.3015636634400597,-0.43117300482056775,0.7978301553441258,0.9962138084632516,0.5,-0.548044158156348,0.548124031987862,0.6745278741882152,0.31423000092465614,0.20304692362868879,0.0
2021-12-07 02:30:00,0.1324965132496513,-0.5412154200101005,-0.3015636634400597,-0.43117300482056775,0.7978301553441258,0.9962138084632516,0.5,-0.548044158156348,0.548124031987862,0.6745278741882152,0.31423000092465614,0.20304692362868879,0.0
2021-12-07 02:40:00,0.12343096234309624,-0.5310027495651198,-0.3015636634400597,-0.4318871630066059,0.7978301553441258,0.9962138084632516,0.5,-0.548044158156348,0.548124031987862,0.6745278741882152,0.31423000092465614,0.20304692362868879,0.0
2021-12-07 02:50:00,0.11227336122733612,-0.5207900791201392,-0.3015636634400597,-0.43724334940189247,0.7978301553441258,0.9962138084632516,0.5,-0.548044158156348,0.548124031987862,0.6745278741882152,0.31423000092465614,0.20304692362868879,0.0
2021-12-07 03:00:00,0.10808926080892609,-0.5105774086751586,-0.30483991064780347,-0.4383145866809498,0.7978301553441258,0.9962138084632516,0.5,-0.5486386102701502,0.5445551382587134,0.6779185034107293,0.316420327195741,0.19939650553600802,0.0
2021-12-07 03:10:00,0.099721059972106,-0.5003647382301779,-0.30752047654504844,-0.4383145866809498,0.7978301553441258,0.9962138084632516,0.5,-0.5486386102701502,0.5445551382587134,0.6779185034107293,0.316420327195741,0.19939650553600802,0.0
2021-12-07 03:20:00,0.09832635983263598,-0.49015206778519727,-0.30752047654504844,-0.4383145866809498,0.7978301553441258,0.9962138084632516,0.5,-0.5486386102701502,0.5445551382587134,0.6779185034107293,0.316420327195741,0.19939650553600802,0.0
2021-12-07 03:30:00,0.09274755927475593,-0.4799393973402166,-0.30752047654504844,-0.44081414033208355,0.7978301553441258,0.9962138084632516,0.5,-0.5486386102701502,0.5445551382587134,0.6779185034107293,0.316420327195741,0.19939650553600802,0.0
2021-12-07 03:40:00,0.09135285913528592,-0.469726726895236,-0.30781831720029795,-0.44545616854133185,0.7978301553441258,0.9962138084632516,0.5,-0.5486386102701502,0.5445551382587134,0.6779185034107293,0.316420327195741,0.19939650553600802,0.0
2021-12-07 03:50:00,0.07601115760111576,-0.45951405645025534,-0.3104988830975429,-0.44545616854133185,0.7978301553441258,0.9962138084632516,0.5,-0.5486386102701502,0.5445551382587134,0.6779185034107293,0.316420327195741,0.19939650553600802,0.0
2021-12-07 04:00:00,0.043235704323570434,-0.4493013860052747,-0.3173492181682801,-0.4461703267273701,0.7978301553441258,0.9962138084632516,0.5,-0.5765054500615865,0.547517722344665,0.7163085626037579,0.31895761266254236,0.18859646997696386,0.0
2021-12-07 04:10:00,0.02301255230125523,-0.43908871556029405,-0.32330603127326885,-0.44902695947152294,0.7978301553441258,0.9962138084632516,0.5,-0.5765054500615865,0.547517722344665,0.7163085626037579,0.31895761266254236,0.18859646997696386,0.0
2021-12-07 04:20:00,0.009762900976290099,-0.4288760451153134,-0.32658227848101273,-0.44902695947152294,0.7978301553441258,0.9962138084632516,0.5,-0.5765054500615865,0.547517722344665,0.7163085626037579,0.31895761266254236,0.18859646997696386,0.0
2021-12-07 04:30:00,0.013947001394700141,-0.41866337467033277,-0.3283693224125095,-0.45224067130869483,0.7978301553441258,0.9962138084632516,0.5,-0.5765054500615865,0.547517722344665,0.7163085626037579,0.31895761266254236,0.18859646997696386,0.0
2021-12-07 04:40:00,0.039051603905160395,-0.4084507042253521,-0.3337304542069994,-0.456168541331905,0.7978301553441258,0.9962138084632516,0.5,-0.5765054500615865,0.547517722344665,0.7163085626037579,0.31895761266254236,0.18859646997696386,0.0
2021-12-07 04:50:00,0.055788005578800565,-0.3982380337803715,-0.33432613551749824,-0.45831101589001966,0.7978301553441258,0.9962138084632516,0.5,-0.5765054500615865,0.547517722344665,0.7163085626037579,0.31895761266254236,0.18859646997696386,0.0
2021-12-07 05:00:00,0.06624825662482565,-0.38802536333539084,-0.3370067014147432,-0.4608105695411534,0.7978301553441258,0.9962138084632516,0.5,-0.5751740947888133,0.5383138844908291,0.717889047026101,0.31464570644562545,0.1697396927568398,0.0
2021-12-07 05:10:00,0.05090655509065551,-0.3778126928904102,-0.33790022338049164,-0.4668809141224781,0.7978301553441258,0.9962138084632516,0.5,-0.5751740947888133,0.5383138844908291,0.717889047026101,0.31464570644562545,0.1697396927568398,0.0
2021-12-07 05:20:00,0.04672245467224547,-0.36760002244542955,-0.34296351451973206,-0.46938046777361186,0.7978301553441258,0.9962138084632516,0.5,-0.5751740947888133,0.5383138844908291,0.717889047026101,0.31464570644562545,0.1697396927568398,0.0
2021-12-07 05:30:00,0.03626220362622037,-0.357387352000449,-0.34683544303797476,-0.47116586323870735,0.7978301553441258,0.9962138084632516,0.5,-0.5751740947888133,0.5383138844908291,0.717889047026101,0.31464570644562545,0.1697396927568398,0.0
2021-12-07 05:40:00,0.027196652719665274,-0.34717468155546827,-0.35100521221146697,-0.47723620782003207,0.7978301553441258,0.9962138084632516,0.5,-0.5751740947888133,0.5383138844908291,0.717889047026101,0.31464570644562545,0.1697396927568398,0.0
2021-12-07 05:50:00,0.022315202231520222,-0.3369620111104876,-0.3554728220402086,-0.47759328691305125,0.7978301553441258,0.9962138084632516,0.5,-0.5751740947888133,0.5383138844908291,0.717889047026101,0.31464570644562545,0.1697396927568398,0.0
2021-12-07 06:00:00,0.012552301255230125,-0.3267493406655071,-0.36142963514519744,-0.48044991965720407,0.7978301553441258,0.9962138084632516,0.5,-0.6009635040488983,0.544667204970015,0.8005544820739994,0.30300365549254415,0.15585639064835574,0.0
2021-12-07 06:10:00,0.04184100418410042,-0.31653667022052645,-0.36172747580044684,-0.4811640778432422,0.7978301553441258,0.9962138084632516,0.5,-0.6009635040488983,0.544667204970015,0.8005544820739994,0.30300365549254415,0.15585639064835574,0.0
2021-12-07 06:20:00,0.0697350069735007,-0.3063239997755457,-0.3632166790766941,-0.4875915015175861,0.7978301553441258,0.9962138084632516,0.5,-0.6009635040488983,0.544667204970015,0.8005544820739994,0.30300365549254415,0.15585639064835574,0.0
2021-12-07 06:30:00,0.07112970711297072,-0.29611132933056517,-0.3611317944899479,-0.4883056597036244,0.7978301553441258,0.9962138084632516,0.5,-0.6009635040488983,0.544667204970015,0.8005544820739994,0.30300365549254415,0.15585639064835574,0.0
2021-12-07 06:40:00,0.05090655509065551,-0.2858986588855844,-0.3611317944899479,-0.48901981788966253,0.7978301553441258,0.9962138084632516,0.5,-0.6009635040488983,0.544667204970015,0.8005544820739994,0.30300365549254415,0.15585639064835574,0.0
2021-12-07 06:50:00,0.028591352859135284,-0.2756859884406039,-0.36589724497393905,-0.49187645063381535,0.7978301553441258,0.9962138084632516,0.5,-0.6009635040488983,0.544667204970015,0.8005544820739994,0.30300365549254415,0.15585639064835574,0.0
2021-12-07 07:00:00,0.04393305439330544,-0.2654733179956231,-0.3670886075949368,-0.49187645063381535,0.7978301553441258,0.9962138084632516,0.5,-0.6029778305349536,0.5519860232696472,0.810388790544536,0.2857156453230742,0.14468173097888537,0.0
2021-12-07 07:10:00,0.05369595536959554,-0.2552606475506425,-0.36291883842144457,-0.49187645063381535,0.7978301553441258,0.9962138084632516,0.5,-0.6029778305349536,0.5519860232696472,0.810388790544536,0.2857156453230742,0.14468173097888537,0.0
2021-12-07 07:20:00,0.06276150627615062,-0.24504797710566195,-0.3611317944899479,-0.49187645063381535,0.7978301553441258,0.9962138084632516,0.5,-0.6029778305349536,0.5519860232696472,0.810388790544536,0.2857156453230742,0.14468173097888537,0.0
2021-12-07 07:30:00,0.07810320781032079,-0.2348353066606813,-0.35904690990320187,-0.49401892519193,0.7978301553441258,0.9962138084632516,0.5,-0.6029778305349536,0.5519860232696472,0.810388790544536,0.2857156453230742,0.14468173097888537,0.0
2021-12-07 07:40:00,0.09414225941422595,-0.22462263621570056,-0.3566641846612064,-0.497589716122121,0.7978301553441258,0.9962138084632516,0.5,-0.6029778305349536,0.5519860232696472,0.810388790544536,0.2857156453230742,0.14468173097888537,0.0
2021-12-07 07:50:00,0.11854951185495119,-0.21440996577072002,-0.3521965748324647,-0.4990180324941974,0.7978301553441258,0.9962138084632516,0.5,-0.6029778305349536,0.5519860232696472,0.810388790544536,0.2857156453230742,0.14468173097888537,0.0
2021-12-07 08:00:00,0.15620641562064158,-0.20419729532573938,-0.3495160089352197,-0.5022317443313693,0.7978301553441258,0.9962138084632516,0.5,-0.5811285551474991,0.5697471602582704,0.7804507658748774,0.26258740699494404,0.093176522138637,0.0
2021-12-07 08:10:00,0.1806136680613668,-0.19398462488075863,-0.34653760238272535,-0.5072308516336368,0.7746659512373874,0.9962138084632516,0.5,-0.5811285551474991,0.5697471602582704,0.7804507658748774,0.26258740699494404,0.093176522138637,0.0
2021-12-07 08:20:00,0.17154811715481172,-0.18377195443577798,-0.33938942665673866,-0.500803427959293,0.6025833976783448,0.9962138084632516,0.5,-0.5811285551474991,0.5697471602582704,0.7804507658748774,0.26258740699494404,0.093176522138637,0.0
2021-12-07 08:30:00,0.19386331938633192,-0.17355928399079745,-0.3373045420699926,-0.4818782360292805,0.48024499090445094,0.6434298440979955,0.5,-0.5811285551474991,0.5697471602582704,0.7804507658748774,0.26258740699494404,0.093176522138637,0.0
2021-12-07 08:40:00,0.199442119944212,-0.1633466135458168,-0.33194341027550267,-0.47402249598286017,0.46370287000562754,0.2927616926503341,0.5,-0.5811285551474991,0.5697471602582704,0.7804507658748774,0.26258740699494404,0.093176522138637,0.0
2021-12-07 08:50:00,0.23849372384937237,-0.3466135458167332,-0.32271034996277004,-0.45009819675058027,0.4606928321838478,0.0035634743875278397,0.5,-0.5811285551474991,0.5697471602582704,0.7804507658748774,0.26258740699494404,0.093176522138637,0.0771006533186475
2021-12-07 09:00:00,0.24337517433751746,0.2749003984063745,-0.30483991064780347,-0.39796464916979113,0.46018243446624174,0.00011135857461024499,0.5,-0.5680775912932428,0.5786550270540533,0.75080606227309,0.27697182516680396,0.03991847265269738,0.07313245922416525
2021-12-07 09:10:00,0.18549511854951187,-0.20318725099601598,-0.29262844378257635,-0.35297268344938415,0.46565285102930204,0.00011135857461024499,0.5,-0.5680775912932428,0.5786550270540533,0.75080606227309,0.27697182516680396,0.03991847265269738,0.04469876427720024
2021-12-07 09:20:00,0.10669456066945607,-0.2589641434262948,-0.28518242740134037,-0.32404927691483665,0.46565285102930204,0.00044543429844097997,0.5,-0.5680775912932428,0.5786550270540533,0.75080606227309,0.27697182516680396,0.03991847265269738,0.0
2021-12-07 09:30:00,0.09414225941422595,-0.21115537848605592,-0.2857781087118393,-0.33190501696125685,0.46565285102930204,0.8044543429844098,0.5,-0.5680775912932428,0.5786550270540533,0.75080606227309,0.27697182516680396,0.03991847265269738,0.0
2021-12-07 09:40:00,0.11227336122733612,0.3545816733067728,-0.29530900967982143,-0.3394036779146581,0.46565285102930204,0.9992204899777284,0.5,-0.5680775912932428,0.5786550270540533,0.75080606227309,0.27697182516680396,0.03991847265269738,0.0
2021-12-07 09:50:00,0.09623430962343095,0.46347941567065076,-0.3030528667163068,-0.3476164970540975,0.46565285102930204,0.9992204899777284,0.5,-0.5680775912932428,0.5786550270540533,0.75080606227309,0.27697182516680396,0.03991847265269738,0.0
2021-12-07 10:00:00,0.0885634588563459,0.5723771580345285,-0.30752047654504844,-0.3536868416354222,0.46565285102930204,0.9992204899777284,0.5,-0.4241263575124333,0.5887496515874692,0.5860923965168219,0.232346021471249,0.9898691408186078,0.0
2021-12-07 10:10:00,0.08926080892608089,0.6812749003984064,-0.30752047654504844,-0.35940010712372794,0.46565285102930204,0.9992204899777284,0.5,-0.4241263575124333,0.5887496515874692,0.5860923965168219,0.232346021471249,0.9898691408186078,0.0
2021-12-07 10:20:00,0.08786610878661089,0.6474103585657367,-0.30752047654504844,-0.359757186216747,0.46565285102930204,0.9992204899777284,0.5,-0.4241263575124333,0.5887496515874692,0.5860923965168219,0.232346021471249,0.9898691408186078,0.0
2021-12-07 10:30:00,0.07182705718270573,0.6135458167330676,-0.3063291139240507,-0.36547045170505266,0.46565285102930204,0.9992204899777284,0.5,-0.4241263575124333,0.5887496515874692,0.5860923965168219,0.232346021471249,0.9898691408186078,0.0
2021-12-07 10:40:00,0.07461645746164575,0.5796812749003983,-0.3015636634400597,-0.36689876807712907,0.46565285102930204,0.9992204899777284,0.5,-0.4241263575124333,0.5887496515874692,0.5860923965168219,0.232346021471249,0.9898691408186078,0.0
2021-12-07 10:50:00,0.08577405857740586,0.5458167330677288,-0.30037230081906185,-0.36689876807712907,0.46565285102930204,0.9992204899777284,0.5,-0.4241263575124333,0.5887496515874692,0.5860923965168219,0.232346021471249,0.9898691408186078,0.0
2021-12-07 11:00:00,0.05369595536959554,0.5125380829622683,-0.2947133283693225,-0.36689876807712907,0.46565285102930204,0.9992204899777284,0.5,-0.4101858334086558,0.5920628033344165,0.539554529882924,0.18783435801192722,0.9197297223658992,0.0
2021-12-07 11:10:00,0.038354253835425386,0.47925943285680783,-0.2890543559195832,-0.3661846098910908,0.46565285102930204,0.9992204899777284,0.5,-0.4101858334086558,0.5920628033344165,0.539554529882924,0.18783435801192722,0.9197297223658992,0.0
2021-12-07 11:20:00,0.04184100418410042,0.44598078275134756,-0.2863737900223382,-0.359757186216747,0.46565285102930204,0.9992204899777284,0.5,-0.4101858334086558,0.5920628033344165,0.539554529882924,0.18783435801192722,0.9197297223658992,0.0
2021-12-07 11:30:00,0.06764295676429567,0.41270213264588684,-0.28369322412509324,-0.359757186216747,0.46565285102930204,0.9992204899777284,0.5,-0.4101858334086558,0.5920628033344165,0.539554529882924,0.18783435801192722,0.9197297223658992,0.0
2021-12-07 11:40:00,0.06206415620641562,0.37942348254042657,-0.28101265822784816,-0.35761471165863234,0.46565285102930204,0.9992204899777284,0.5,-0.4101858334086558,0.5920628033344165,0.539554529882924,0.18783435801192722,0.9197297223658992,0.0
2021-12-07 11:50:00,0.05160390516039052,0.3461448324349661,-0.27684288905435606,-0.35261560435636485,0.46565285102930204,0.9992204899777284,0.5,-0.4101858334086558,0.5920628033344165,0.539554529882924,0.18783435801192722,0.9197297223658992,0.0
2021-12-07 12:00:00,0.058577405857740586,0.31286618232950536,-0.27475800446761,-0.3490448134261739,0.46565285102930204,0.9992204899777284,0.5,-0.39013815850255296,0.5681724792892106,0.502725552551329,0.2124820402056041,0.8193601177611756,0.0
2021-12-07 12:10:00,0.06206415620641562,0.27958753222404487,-0.26939687267312007,-0.3490448134261739,0.46565285102930204,0.9992204899777284,0.5,-0.39013815850255296,0.5681724792892106,0.502725552551329,0.2124820402056041,0.8193601177611756,0.0
2021-12-07 12:20:00,0.07740585774058578,0.24630888211858437,-0.2667163067758751,-0.34618818068202095,0.46565285102930204,0.9992204899777284,0.5,-0.39013815850255296,0.5681724792892106,0.502725552551329,0.2124820402056041,0.8193601177611756,0.0
2021-12-07 12:30:00,0.0815899581589958,0.21303023201312388,-0.26105733432613565,-0.3440457061239065,0.46565285102930204,0.9992204899777284,0.5,-0.39013815850255296,0.5681724792892106,0.502725552551329,0.2124820402056041,0.8193601177611756,0.0
2021-12-07 12:40:00,0.09414225941422595,0.17975158190766338,-0.2548026805658973,-0.33833244063560075,0.46565285102930204,0.9992204899777284,0.5,-0.39013815850255296,0.5681724792892106,0.502725552551329,0.2124820402056041,0.8193601177611756,0.0
2021-12-07 12:50:00,0.10808926080892609,0.1464729318022029,-0.24676098287416237,-0.33833244063560075,0.46565285102930204,0.9992204899777284,0.5,-0.39013815850255296,0.5681724792892106,0.502725552551329,0.2124820402056041,0.8193601177611756,0.0
2021-12-07 13:00:00,0.12691771269177127,0.1131942816967424,-0.2399106478034252,-0.33833244063560075,0.46565285102930204,0.9992204899777284,0.5,-0.23170281196562104,0.5661926340562126,0.36181743407599487,0.2908478785479003,0.7690500237159357,0.0
2021-12-07 13:10:00,0.14783821478382148,0.0799156315912819,-0.23365599404318704,-0.3440457061239065,0.46565285102930204,0.9992204899777284,0.5,-0.23170281196562104,0.5661926340562126,0.36181743407599487,0.2908478785479003,0.7690500237159357,0.0
2021-12-07 13:20:00,0.17642956764295675,0.046636981485821405,-0.231571109456441,-0.3454740224959829,0.46565285102930204,0.9992204899777284,0.5,-0.23170281196562104,0.5661926340562126,0.36181743407599487,0.2908478785479003,0.7690500237159357,0.0
2021-12-07 13:30:00,0.17782426778242677,0.01335833138036091,-0.22680565897244986,-0.3454740224959829,0.46158275640941754,0.9992204899777284,0.5,-0.23170281196562104,0.5661926340562126,0.36181743407599487,0.2908478785479003,0.7690500237159357,0.0
2021-12-07 13:40:00,0.1603905160390516,-0.019920318725099695,-0.22233804914370825,-0.3454740224959829,0.38535027679260847,0.25790645879732743,0.5,-0.23170281196562104,0.5661926340562126,0.36181743407599487,0.2908478785479003,0.7690500237159357,0.0
2021-12-07 13:50:00,0.23361227336122734,-0.043824701195219196,-0.21340282948622502,-0.3376182824495625,0.38974754943659945,0.2643652561247216,0.5,-0.23170281196562104,0.5661926340562126,0.36181743407599487,0.2908478785479003,0.7690500237159357,0.03827119513556739
2021-12-07 14:00:00,0.2412831241283124,-0.1394422310756973,-0.19970215934475066,-0.2961971076593465,0.39650050385415714,0.00011135857461024499,0.5,-0.22575038614539356,0.5483079363346135,0.3461968507741432,0.4016804979900337,0.7533878449209213,0.09447470464867148
2021-12-07 14:10:00,0.2105997210599721,-0.1394422310756973,-0.18719285182427414,-0.26334583110158893,0.3898522464043135,0.00011135857461024499,0.5,-0.22575038614539356,0.5483079363346135,0.3461968507741432,0.4016804979900337,0.7533878449209213,0.06922461789157627
2021-12-07 14:20:00,0.23849372384937237,0.4422310756972112,-0.17706626954579308,-0.23906445277628985,0.3898522464043135,0.00022271714922048998,0.5,-0.22575038614539356,0.5483079363346135,0.3461968507741432,0.4016804979900337,0.7533878449209213,0.08060865760369358
2021-12-07 14:30:00,0.13807531380753138,-0.019920318725099695,-0.165450483991065,-0.21228352079985702,0.3898522464043135,0.00022271714922048998,0.5,-0.22575038614539356,0.5483079363346135,0.3461968507741432,0.4016804979900337,0.7533878449209213,0.025461321423721654
2021-12-07 14:40:00,0.24267782426778242,0.4820717131474104,-0.1511541325390917,-0.18050348152115692,0.3898522464043135,0.00022271714922048998,0.5,-0.22575038614539356,0.5483079363346135,0.3461968507741432,0.4016804979900337,0.7533878449209213,0.09091389169696878
2021-12-07 14:50:00,0.2503486750348675,-0.0916334661354582,-0.13834698436336568,-0.16264952687020162,0.3843556555993247,0.00022271714922048998,0.5,-0.22575038614539356,0.5483079363346135,0.3461968507741432,0.4016804979900337,0.7533878449209213,0.1079409146461065
2021-12-07 15:00:00,0.3284518828451883,0.4581673306772909,-0.12941176470588256,-0.15158007498660953,0.37876745494758607,0.00022271714922048998,0.5,-0.2249686897872507,0.5522273977247578,0.3400615834746994,0.5045881596724578,0.7574030293406732,0.1871765469167283
2021-12-07 15:10:00,0.3263598326359832,-0.12350597609561753,-0.11928518242740138,-0.1490805213354759,0.39371294708876997,0.00022271714922048998,0.5,-0.2249686897872507,0.5522273977247578,0.3400615834746994,0.5045881596724578,0.7574030293406732,0.18212954720340388
2021-12-07 15:20:00,0.3368200836820084,-0.1872509960159363,-0.12137006701414754,-0.1505088377075522,0.3856643676957506,0.00033407572383073496,0.5,-0.2249686897872507,0.5522273977247578,0.3400615834746994,0.5045881596724578,0.7574030293406732,0.22086093214840744
2021-12-07 15:30:00,0.31311018131101814,-0.3227091633466136,-0.11988086373790041,-0.14800928405641844,0.381437227624295,0.00022271714922048998,0.5,-0.2249686897872507,0.5522273977247578,0.3400615834746994,0.5045881596724578,0.7574030293406732,0.17928542329918373
2021-12-07 15:40:00,0.3312412831241283,0.019920318725099362,-0.11422189128816096,-0.13658275307980716,0.37650338302076924,0.00022271714922048998,0.5,-0.2249686897872507,0.5522273977247578,0.3400615834746994,0.5045881596724578,0.7574030293406732,0.1969536943434374
2021-12-07 15:50:00,0.28103207810320785,-0.059760956175298974,-0.11064780342516767,-0.12908409212640592,0.37650338302076924,0.00033407572383073496,0.5,-0.2249686897872507,0.5522273977247578,0.3400615834746994,0.5045881596724578,0.7574030293406732,0.14883745492403097
2021-12-07 16:00:00,0.303347280334728,-0.07569721115537853,-0.1043931496649293,-0.11658632387073731,0.37650338302076924,0.00044543429844097997,0.5,-0.22570969537622798,0.551554997456948,0.33540141806089285,0.5492184295285435,0.7558967310897661,0.16829367653937266
2021-12-07 16:10:00,0.33751743375174337,-0.02788844621513953,-0.10349962769918108,-0.10801642563827896,0.3810707882372957,0.00022271714922048998,0.5,-0.22570969537622798,0.551554997456948,0.33540141806089285,0.5492184295285435,0.7558967310897661,0.22818624862320264
2021-12-07 16:20:00,0.3598326359832636,-0.03585657370517936,-0.09158600148920337,-0.10337439742903054,0.38550732224417955,0.00033407572383073496,0.5,-0.22570969537622798,0.551554997456948,0.33540141806089285,0.5492184295285435,0.7558967310897661,0.2617499283310952
2021-12-07 16:30:00,0.3800557880055788,-0.059760956175298974,-0.08771407297096068,-0.10623103017318325,0.37930402690712073,0.00033407572383073496,0.5,-0.22570969537622798,0.551554997456948,0.33540141806089285,0.5492184295285435,0.7558967310897661,0.2749445509000106
2021-12-07 16:40:00,0.3486750348675035,-0.059760956175298974,-0.08950111690245721,-0.10337439742903054,0.3763986860530552,0.00022271714922048998,0.5,-0.22570969537622798,0.551554997456948,0.33540141806089285,0.5492184295285435,0.7558967310897661,0.24750667652428443
2021-12-07 16:50:00,0.39539748953974896,-0.17131474103585675,-0.1428145941921073,-0.1455097304052847,0.38750965175171115,0.00022271714922048998,0.5,-0.22570969537622798,0.551554997456948,0.33540141806089285,0.5492184295285435,0.7558967310897661,0.30012674079997587
2021-12-07 17:00:00,0.42398884239888424,0.003984063745019917,-0.16783320923306044,-0.18764506338153897,0.38550732224417955,0.00022271714922048998,0.5,-0.23343723932476013,0.5546009132000239,0.3298923589037528,0.5057691246228099,0.7397624718417438,0.36060020821702854
2021-12-07 17:10:00,0.4511854951185495,-0.07569721115537853,-0.177661950856292,-0.20192822710230307,0.39435421601601867,0.00022271714922048998,0.5,-0.23343723932476013,0.5546009132000239,0.3298923589037528,0.5057691246228099,0.7397624718417438,0.4036920802088206
2021-12-07 17:20:00,0.4463040446304045,-0.01195219123505975,-0.18451228592702917,-0.20764149259060882,0.38981298504142076,0.00022271714922048998,0.5,-0.23343723932476013,0.5546009132000239,0.3298923589037528,0.5057691246228099,0.7397624718417438,0.3832023175460567
2021-12-07 17:30:00,0.43165969316596936,-0.1394422310756973,-0.1898734177215191,-0.21335475807891446,0.3840023033332897,0.00022271714922048998,0.5,-0.23343723932476013,0.5546009132000239,0.3298923589037528,0.5057691246228099,0.7397624718417438,0.3846356956410218
2021-12-07 17:40:00,0.35355648535564854,0.019920318725099362,-0.19434102755026073,-0.2176397071951437,0.37515540956145055,0.00033407572383073496,0.5,-0.23343723932476013,0.5546009132000239,0.3298923589037528,0.5057691246228099,0.7397624718417438,0.23902711347828054
2021-12-07 17:50:00,0.3682008368200837,-0.1872509960159363,-0.19880863737900234,-0.2237100517764684,0.3776419625446598,0.00022271714922048998,0.5,-0.23343723932476013,0.5546009132000239,0.3298923589037528,0.5057691246228099,0.7397624718417438,0.26160659052159874
2021-12-07 18:00:00,0.39051603905160387,0.05179282868525892,-0.20327624720774395,-0.23085163363685057,0.37524701940820043,0.00022271714922048998,0.5,-0.33991307517819724,0.5515664914786224,0.41922732915379346,0.46921775041176744,0.733188878368236,0.30204294099008705
2021-12-07 18:10:00,0.3396094839609484,-0.1394422310756973,-0.2086373790022339,-0.2369219782181754,0.37679129968198294,0.00022271714922048998,0.5,-0.33991307517819724,0.5515664914786224,0.41922732915379346,0.46921775041176744,0.733188878368236,0.2283748510041191
2021-12-07 18:20:00,0.3563458856345886,0.06772908366533859,-0.21370067014147442,-0.24370648098553827,0.3676695763698944,0.00022271714922048998,0.5,-0.33991307517819724,0.5515664914786224,0.41922732915379346,0.46921775041176744,0.733188878368236,0.26155378185494216
2021-12-07 18:30:00,0.4435146443514645,-0.3067729083665339,-0.21816827997021604,-0.24549187645063375,0.3676695763698944,0.00033407572383073496,0.5,-0.33991307517819724,0.5515664914786224,0.41922732915379346,0.46921775041176744,0.733188878368236,0.3912820435445177
2021-12-07 18:40:00,0.35355648535564854,0.06772908366533859,-0.22472077438570381,-0.24549187645063375,0.3676695763698944,0.00044543429844097997,0.5,-0.33991307517819724,0.5515664914786224,0.41922732915379346,0.46921775041176744,0.733188878368236,0.2638547309021229
2021-12-07 18:50:00,0.3368200836820084,0.2111553784860556,-0.23335815338793753,-0.2544188537761113,0.3676695763698944,0.00044543429844097997,0.5,-0.33991307517819724,0.5515664914786224,0.41922732915379346,0.46921775041176744,0.733188878368236,0.23646212109781675
2021-12-07 19:00:00,0.37796373779637377,0.1633466135458166,-0.23901712583767698,-0.26298875200856986,0.3749460156260224,0.00033407572383073496,0.5,-0.3586579117030321,0.5755229061484409,0.4428123466737987,0.4587748454795384,0.7522483056164458,0.31717639603482356
2021-12-07 19:10:00,0.394700139470014,-0.11553784860557781,-0.24139985107967243,-0.26334583110158893,0.3756003716742354,0.00033407572383073496,0.5,-0.3586579117030321,0.5755229061484409,0.4428123466737987,0.4587748454795384,0.7522483056164458,0.34403337507732695
2021-12-07 19:20:00,0.4225941422594142,-0.1394422310756973,-0.24497393894266584,-0.26584538475272257,0.3788852390362644,0.00022271714922048998,0.5,-0.3586579117030321,0.5755229061484409,0.4428123466737987,0.4587748454795384,0.7522483056164458,0.39776242135280715
2021-12-07 19:30:00,0.43096234309623427,-0.2270916334661356,-0.24914370811615805,-0.26513122656668453,0.3789506746410857,0.00033407572383073496,0.5,-0.3586579117030321,0.5755229061484409,0.4428123466737987,0.4587748454795384,0.7522483056164458,0.4161473814445434
2021-12-07 19:40:00,0.3493723849372385,-0.02788844621513953,-0.25420699925539847,-0.2676307802178183,0.37507688683566504,0.00022271714922048998,0.5,-0.3586579117030321,0.5755229061484409,0.4428123466737987,0.4587748454795384,0.7522483056164458,0.2866605308025409
2021-12-07 19:50:00,0.4302649930264993,-0.08366533864541836,-0.25748324646314225,-0.2704874129619711,0.37897684888301425,0.00022271714922048998,0.5,-0.3586579117030321,0.5755229061484409,0.4428123466737987,0.4587748454795384,0.7522483056164458,0.4062721607797577
2021-12-07 20:00:00,0.45676429567642957,-0.05179282868525903,-0.2598659717051379,-0.2740582038921622,0.37897684888301425,0.00022271714922048998,0.5,-0.36242804487858316,0.5815428999991386,0.4573149366620519,0.40895910106388,0.7527669410046519,0.4492885918191831
2021-12-07 20:10:00,0.37517433751743373,-0.11553784860557781,-0.26522710349962786,-0.2733440457061238,0.3698158642080329,0.00022271714922048998,0.5,-0.36242804487858316,0.5815428999991386,0.4573149366620519,0.40895910106388,0.7527669410046519,0.2986707304193008
2021-12-07 20:20:00,0.3591352859135286,0.09163346613545809,-0.26880119136262115,-0.273701124799143,0.37088900812710207,0.00022271714922048998,0.5,-0.36242804487858316,0.5815428999991386,0.4573149366620519,0.40895910106388,0.7527669410046519,0.28269233670805866
2021-12-07 20:30:00,0.5062761506276151,0.17131474103585642,-0.2699925539836189,-0.27762899482235315,0.37902919736687124,0.00022271714922048998,0.5,-0.36242804487858316,0.5815428999991386,0.4573149366620519,0.40895910106388,0.7527669410046519,0.5552378653228118
2021-12-07 20:40:00,0.47489539748953974,0.09163346613545809,-0.26880119136262115,-0.27727191572933396,0.37902919736687124,0.00022271714922048998,0.5,-0.36242804487858316,0.5815428999991386,0.4573149366620519,0.40895910106388,0.7527669410046519,0.47992516257525236
2021-12-07 20:50:00,0.4700139470013947,0.05179282868525892,-0.26880119136262115,-0.2740582038921622,0.37902919736687124,0.00022271714922048998,0.5,-0.36242804487858316,0.5815428999991386,0.4573149366620519,0.40895910106388,0.7527669410046519,0.47725455286147533
2021-12-07 21:00:00,0.49860529986053004,0.2589641434262948,-0.2711839166046166,-0.2740582038921622,0.3790422844878355,0.00011135857461024499,0.5,-0.3741863096907736,0.5864048711663847,0.48030050381983164,0.3931644429800147,0.7499410733049426,0.5404816150399082
2021-12-07 21:10:00,0.5292887029288703,0.09960159362549792,-0.27207743857036504,-0.2704874129619711,0.3863056366229993,0.00011135857461024499,0.5,-0.3741863096907736,0.5864048711663847,0.48030050381983164,0.3931644429800147,0.7499410733049426,0.5906196719827391
2021-12-07 21:20:00,0.499302649930265,-0.24302788844621515,-0.27475800446761,-0.270130333868952,0.3902972085170983,0.00011135857461024499,0.5,-0.3741863096907736,0.5864048711663847,0.48030050381983164,0.3931644429800147,0.7499410733049426,0.5255820269475081
2021-12-07 21:30:00,0.4909344490934449,-0.03585657370517936,-0.27475800446761,-0.26691662203178,0.3903364698799911,0.00011135857461024499,0.5,-0.3741863096907736,0.5864048711663847,0.48030050381983164,0.3931644429800147,0.7499410733049426,0.4936931363821537
2021-12-07 21:40:00,0.4916317991631799,0.09163346613545809,-0.27475800446761,-0.26691662203178,0.3903364698799911,0.00022271714922048998,0.5,-0.3741863096907736,0.5864048711663847,0.48030050381983164,0.3931644429800147,0.7499410733049426,0.4913921873349729
2021-12-07 21:50:00,0.45327754532775455,0.03585657370517925,-0.27475800446761,-0.26691662203178,0.3903364698799911,0.00033407572383073496,0.5,-0.3741863096907736,0.5864048711663847,0.48030050381983164,0.3931644429800147,0.7499410733049426,0.4017004390663428
2021-12-07 22:00:00,0.47629009762900976,-0.4183266932270917,-0.27773641102010427,-0.26691662203178,0.3903364698799911,0.00022271714922048998,0.5,-0.4310966195643219,0.5931403678661644,0.5431820478883103,0.3972852174160045,0.7726812347474744,0.4336647705840639
2021-12-07 22:10:00,0.42747559274755925,-0.36254980079681276,-0.279523454951601,-0.2690590965898947,0.3831778147125414,0.00022271714922048998,0.5,-0.4310966195643219,0.5931403678661644,0.5431820478883103,0.3972852174160045,0.7726812347474744,0.388958462211627
2021-12-07 22:20:00,0.38633193863319387,-0.21115537848605592,-0.2830975428145942,-0.2733440457061238,0.37897684888301425,0.00022271714922048998,0.5,-0.4310966195643219,0.5931403678661644,0.5431820478883103,0.3972852174160045,0.7726812347474744,0.33306426060322586
2021-12-07 22:30:00,0.3702928870292887,-0.23505976095617542,-0.28786299329858545,-0.2740582038921622,0.3766604284723404,0.00044543429844097997,0.5,-0.4310966195643219,0.5931403678661644,0.5431820478883103,0.3972852174160045,0.7726812347474744,0.30583762089412614
2021-12-07 22:40:00,0.3668061366806137,-0.2749003984063746,-0.2914370811615786,-0.27941439028744863,0.37897684888301425,0.00022271714922048998,0.5,-0.4310966195643219,0.5931403678661644,0.5431820478883103,0.3972852174160045,0.7726812347474744,0.3042382727039546
2021-12-07 22:50:00,0.3354253835425383,-0.21912350597609564,-0.29650037230081916,-0.2883413676129263,0.37897684888301425,0.00022271714922048998,0.5,-0.4310966195643219,0.5931403678661644,0.5431820478883103,0.3972852174160045,0.7726812347474744,0.23456855319341552
2021-12-07 23:00:00,0.34449093444909346,-0.4422310756972112,-0.30394638868205526,-0.3004820567755758,0.37897684888301425,0.00022271714922048998,0.5,-0.4590123549849361,0.6033068300350302,0.596970512038655,0.38871131025773553,0.8020634233981271,0.24244458862048676
2021-12-07 23:10:00,0.3242677824267783,-0.2589641434262948,-0.3102010424422935,-0.3026245313336904,0.37897684888301425,0.00022271714922048998,0.5,-0.4590123549849361,0.6033068300350302,0.596970512038655,0.38871131025773553,0.8020634233981271,0.22053653605323112
2021-12-07 23:20:00,0.3884239888423989,0.25099601593625476,-0.3173492181682801,-0.31119442956614896,0.38091374278572454,0.00022271714922048998,0.5,-0.4590123549849361,0.6033068300350302,0.596970512038655,0.38871131025773553,0.8020634233981271,0.2778641157565973
2021-12-07 23:30:00,0.39191073919107394,-0.12350597609561753,-0.3244973938942667,-0.3133369041242635,0.39024486003324127,0.00022271714922048998,0.5,-0.4590123549849361,0.6033068300350302,0.596970512038655,0.38871131025773553,0.8020634233981271,0.28368061318406085
2021-12-07 23:40:00,0.399581589958159,-0.003984063745020028,-0.32688011913626225,-0.3154793786823781,0.39024486003324127,0.00022271714922048998,0.5,-0.4590123549849361,0.6033068300350302,0.596970512038655,0.38871131025773553,0.8020634233981271,0.28710563242150366
2021-12-07 23:50:00,0.36192468619246865,0.38645418326693215,-0.33104988830975446,-0.3233351187287984,0.39273141301645054,0.00022271714922048998,0.5,-0.4590123549849361,0.6033068300350302,0.596970512038655,0.38871131025773553,0.8020634233981271,0.24280670519184636
2021-12-08 00:00:00,0.37970709205020925,0.36653386454183257,-0.3331347728965004,-0.3231565791822889,0.3914881365248459,0.00022271714922048998,0.5,-0.47442368362860277,0.598424744329856,0.6277050562186032,0.3685960848602158,0.8118503346927104,0.2674985439896193
2021-12-08 00:10:00,0.397489539748954,0.346613545816733,-0.33521965748324656,-0.3229780396357793,0.39024486003324127,0.00022271714922048998,0.5,-0.47442368362860277,0.598424744329856,0.6277050562186032,0.3685960848602158,0.8118503346927104,0.2921903526110114
2021-12-08 00:20:00,0.37308228730822873,0.13147410358565725,-0.3373045420699926,-0.3297625424031423,0.39024486003324127,0.00022271714922048998,0.5,-0.47442368362860277,0.598424744329856,0.6277050562186032,0.3685960848602158,0.8118503346927104,0.25828718861746913
2021-12-08 00:30:00,0.3772663877266388,0.29083665338645415,-0.3399851079672377,-0.33047670058918044,0.39024486003324127,0.00022271714922048998,0.5,-0.47442368362860277,0.598424744329856,0.6277050562186032,0.3685960848602158,0.8118503346927104,0.2743636555667879
2021-12-08 00:40:00,0.42677824267782427,0.4422310756972112,-0.3432613551749816,-0.33476164970540967,0.39024486003324127,0.00033407572383073496,0.5,-0.47442368362860277,0.598424744329856,0.6277050562186032,0.3685960848602158,0.8118503346927104,0.3571148362176924
2021-12-08 00:50:00,0.46513249651324967,0.41035856573705165,-0.3432613551749816,-0.33476164970540967,0.39024486003324127,0.00022271714922048998,0.5,-0.47442368362860277,0.598424744329856,0.6277050562186032,0.3685960848602158,0.8118503346927104,0.4197685471581393
2021-12-08 01:00:00,0.4700139470013947,0.36254980079681287,-0.3477289650037231,-0.3344045706123906,0.39024486003324127,0.00033407572383073496,0.5,-0.49713206789488307,0.6072061768872465,0.6936964630399602,0.34161431846307033,0.8066571965683274,0.4285423299183729
2021-12-08 01:10:00,0.49860529986053004,0.3784860557768923,-0.3492181682799703,-0.33190501696125685,0.39024486003324127,0.00033407572383073496,0.5,-0.49713206789488307,0.6072061768872465,0.6936964630399602,0.34161431846307033,0.8066571965683274,0.5010033646664755
2021-12-08 01:20:00,0.4714086471408647,0.2669322709163344,-0.3513030528667165,-0.3279771469380467,0.39024486003324127,0.00022271714922048998,0.5,-0.49713206789488307,0.6072061768872465,0.6936964630399602,0.34161431846307033,0.8066571965683274,0.43489445810763916
2021-12-08 01:30:00,0.47419804741980476,0.2589641434262948,-0.3521965748324647,-0.32762006784502773,0.39024486003324127,0.00022271714922048998,0.5,-0.49713206789488307,0.6072061768872465,0.6936964630399602,0.34161431846307033,0.8066571965683274,0.4527815079137559
2021-12-08 01:40:00,0.4504881450488145,0.2828685258964143,-0.355770662695458,-0.32762006784502773,0.39024486003324127,0.00022271714922048998,0.5,-0.49713206789488307,0.6072061768872465,0.6936964630399602,0.34161431846307033,0.8066571965683274,0.4053065165894654
2021-12-08 01:50:00,0.47629009762900976,0.2669322709163344,-0.35845122859270295,-0.32762006784502773,0.39218175393595167,0.00044543429844097997,0.5,-0.49713206789488307,0.6072061768872465,0.6936964630399602,0.34161431846307033,0.8066571965683274,0.4497865021048026
2021-12-08 02:00:00,0.38284518828451886,-0.21115537848605592,-0.3632166790766941,-0.32762006784502773,0.4014343484576828,0.00022271714922048998,0.5,-0.5022111430670768,0.6195507561629526,0.7197620916315741,0.33576725545145236,0.798251419186037,0.264405449854399
2021-12-08 02:10:00,0.3772663877266388,-0.06772908366533881,-0.3670886075949368,-0.33226209605427603,0.4014343484576828,0.00011135857461024499,0.5,-0.5022111430670768,0.6195507561629526,0.7197620916315741,0.33576725545145236,0.798251419186037,0.26567285785415756
2021-12-08 02:20:00,0.35006973500697347,0.09960159362549792,-0.36559940431868965,-0.3379753615425817,0.4014343484576828,0.00011135857461024499,0.5,-0.5022111430670768,0.6195507561629526,0.7197620916315741,0.33576725545145236,0.798251419186037,0.25520919776091255
2021-12-08 02:30:00,0.36052998605299863,0.11553784860557759,-0.3605361131794491,-0.3408319942867345,0.4014343484576828,0.00022271714922048998,0.5,-0.5022111430670768,0.6195507561629526,0.7197620916315741,0.33576725545145236,0.798251419186037,0.2708179308055585
2021-12-08 02:40:00,0.3772663877266388,-0.09960159362549814,-0.35785554728220414,-0.33833244063560075,0.4014343484576828,0.00033407572383073496,0.5,-0.5022111430670768,0.6195507561629526,0.7197620916315741,0.33576725545145236,0.798251419186037,0.28144001689877335
2021-12-08 02:50:00,0.3312412831241283,0.05976095617529875,-0.3560685033507075,-0.3376182824495625,0.4014343484576828,0.00044543429844097997,0.5,-0.5022111430670768,0.6195507561629526,0.7197620916315741,0.33576725545145236,0.798251419186037,0.22030266910089472
2021-12-08 03:00:00,0.30264993026499304,0.22709163346613526,-0.35338793745346253,-0.3469023388680593,0.40734972713352785,0.00044543429844097997,0.5,-0.5048952329429799,0.6243092811351507,0.7489524202285267,0.34813213730887543,0.8106390547001971,0.19748932510524012
2021-12-08 03:10:00,0.35006973500697347,-0.21912350597609564,-0.35070737155621756,-0.3483306552401356,0.41526743531690463,0.00044543429844097997,0.5,-0.5048952329429799,0.6243092811351507,0.7489524202285267,0.34813213730887543,0.8106390547001971,0.2595244202362811
2021-12-08 03:20:00,0.3542538354253836,-0.13147410358565736,-0.34623976172747584,-0.3454740224959829,0.41526743531690463,0.00033407572383073496,0.5,-0.5048952329429799,0.6243092811351507,0.7489524202285267,0.34813213730887543,0.8106390547001971,0.27744164642334446
2021-12-08 03:30:00,0.2907949790794979,-0.2270916334661356,-0.3432613551749816,-0.3436886270308872,0.4059624923113165,0.00011135857461024499,0.5,-0.5048952329429799,0.6243092811351507,0.7489524202285267,0.34813213730887543,0.8106390547001971,0.18129215263213483
2021-12-08 03:40:00,0.2775453277545328,-0.02788844621513953,-0.34713328369322427,-0.3472594179610783,0.4014343484576828,0.00011135857461024499,0.5,-0.5048952329429799,0.6243092811351507,0.7489524202285267,0.34813213730887543,0.8106390547001971,0.14925992425728382
2021-12-08 03:50:00,0.3138075313807531,-0.2828685258964144,-0.3492181682799703,-0.3454740224959829,0.4014343484576828,0.00011135857461024499,0.5,-0.5048952329429799,0.6243092811351507,0.7489524202285267,0.34813213730887543,0.8106390547001971,0.17387630701449974
2021-12-08 04:00:00,0.2398884239888424,0.24302788844621515,-0.3492181682799703,-0.3486877343331547,0.4014343484576828,0.00011135857461024499,0.5,-0.5473642554272982,0.6319987816337025,0.8184099106759358,0.34305081288961203,0.8350872532797777,0.12722362207100502
2021-12-08 04:10:00,0.29218967921896793,-0.07569721115537853,-0.3495160089352197,-0.35118728798428844,0.4005967727159702,0.00011135857461024499,0.5,-0.5473642554272982,0.6319987816337025,0.8184099106759358,0.34305081288961203,0.8350872532797777,0.13279116435565883
2021-12-08 04:20:00,0.2196652719665272,-0.45019920318725104,-0.3521965748324647,-0.3551151580074986,0.38762743584038944,0.00022271714922048998,0.5,-0.5473642554272982,0.6319987816337025,0.8184099106759358,0.34305081288961203,0.8350872532797777,0.08260029874617136
2021-12-08 04:30:00,0.13737796373779637,-0.6095617529880479,-0.35874906924795247,-0.35725763256561327,0.38762743584038944,0.00022271714922048998,0.5,-0.5473642554272982,0.6319987816337025,0.8184099106759358,0.34305081288961203,0.8350872532797777,0.040127042563785326
2021-12-08 04:40:00,0.24337517433751746,0.003984063745019917,-0.3611317944899479,-0.359757186216747,0.38762743584038944,0.00033407572383073496,0.5,-0.5473642554272982,0.6319987816337025,0.8184099106759358,0.34305081288961203,0.8350872532797777,0.10214704950435295
2021-12-08 04:50:00,0.28451882845188287,0.5139442231075697,-0.3611317944899479,-0.36689876807712907,0.38762743584038944,0.00033407572383073496,0.5,-0.5473642554272982,0.6319987816337025,0.8184099106759358,0.34305081288961203,0.8350872532797777,0.13729498921194383
2021-12-08 05:00:00,0.2880055788005579,0.4262948207171313,-0.3611317944899479,-0.37189787537939656,0.38762743584038944,0.00033407572383073496,0.5,-0.5597698703532059,0.6233926329068099,0.8465130617913231,0.3331510165840154,0.8543340878932608,0.13847941216409917
2021-12-08 05:10:00,0.25732217573221755,0.4183266932270917,-0.36619508562918845,-0.3743974290305303,0.38762743584038944,0.00033407572383073496,0.5,-0.5597698703532059,0.6233926329068099,0.8465130617913231,0.3331510165840154,0.8543340878932608,0.10951763055056807
2021-12-08 05:20:00,0.24198047419804744,0.01195219123505975,-0.37304542069992563,-0.3776111408677022,0.38762743584038944,0.00033407572383073496,0.5,-0.5597698703532059,0.6233926329068099,0.8465130617913231,0.3331510165840154,0.8543340878932608,0.09829201683842057
2021-12-08 05:30:00,0.2838214783821479,-0.06772908366533881,-0.37602382725242,-0.37653990358864486,0.38762743584038944,0.00033407572383073496,0.5,-0.5597698703532059,0.6233926329068099,0.8465130617913231,0.3331510165840154,0.8543340878932608,0.13117672797501395
2021-12-08 05:40:00,0.26569037656903766,0.5537848605577689,-0.37691734921816844,-0.37653990358864486,0.38762743584038944,0.00033407572383073496,0.5,-0.5597698703532059,0.6233926329068099,0.8465130617913231,0.3331510165840154,0.8543340878932608,0.11808017864417522
2021-12-08 05:50:00,0.27405857740585776,0.11553784860557759,-0.3790022338049145,-0.3811819317978933,0.38762743584038944,0.00033407572383073496,0.5,-0.5597698703532059,0.6233926329068099,0.8465130617913231,0.3331510165840154,0.8543340878932608,0.12185222626250435
2021-12-08 06:00:00,0.21687587168758715,0.40239043824701204,-0.3840655249441549,-0.38475272272808425,0.38762743584038944,0.00033407572383073496,0.5,-0.6058034042164309,0.6249903019192141,0.8796990497944533,0.31562509747858697,0.8961407998300367,0.07820963531843626
2021-12-08 06:10:00,0.13807531380753138,0.6494023904382469,-0.38853313477289664,-0.37868237814675954,0.38773213280810354,0.00022271714922048998,0.5,-0.6058034042164309,0.6249903019192141,0.8796990497944533,0.31562509747858697,0.8961407998300367,0.028320533518415136
2021-12-08 06:20:00,0.11157601115760113,0.4262948207171313,-0.39359642591213706,-0.37832529905374035,0.4039078143199277,0.00022271714922048998,0.5,-0.6058034042164309,0.6249903019192141,0.8796990497944533,0.31562509747858697,0.8961407998300367,0.017570197806177103
2021-12-08 06:30:00,0.10739191073919108,0.49800796812749004,-0.39627699180938203,-0.3776111408677022,0.4040517726505346,0.00022271714922048998,0.5,-0.6058034042164309,0.6249903019192141,0.8796990497944533,0.31562509747858697,0.8961407998300367,0.013111637521312069
2021-12-08 06:40:00,0.1206415620641562,0.6653386454183265,-0.39687267311988095,-0.38153901089091236,0.4040517726505346,0.00022271714922048998,0.5,-0.6058034042164309,0.6249903019192141,0.8796990497944533,0.31562509747858697,0.8961407998300367,0.0270983900900765
2021-12-08 06:50:00,0.11366806136680613,0.5139442231075697,-0.39687267311988095,-0.38439564363506507,0.4040517726505346,0.00022271714922048998,0.5,-0.6058034042164309,0.6249903019192141,0.8796990497944533,0.31562509747858697,0.8961407998300367,0.03228872761289738
2021-12-08 07:00:00,0.12831241283124128,0.36254980079681287,-0.3956813104988832,-0.37832529905374035,0.4040517726505346,0.00022271714922048998,0.5,-0.6185306763372838,0.6244156008356152,0.8879204094270069,0.2541066201878198,0.9037610769904076,0.04369539961072469
2021-12-08 07:10:00,0.1617852161785216,-0.1394422310756973,-0.39359642591213706,-0.38332440635600784,0.41657614741333054,0.00022271714922048998,0.5,-0.6185306763372838,0.6244156008356152,0.8879204094270069,0.2541066201878198,0.9037610769904076,0.05961344056007363
2021-12-08 07:20:00,0.16108786610878661,0.10756972111553775,-0.38853313477289664,-0.38475272272808425,0.4040779468924631,0.00033407572383073496,0.5,-0.6185306763372838,0.6244156008356152,0.8879204094270069,0.2541066201878198,0.9037610769904076,0.06339303227363942
2021-12-08 07:30:00,0.15620641562064158,0.6653386454183265,-0.3831720029784067,-0.38475272272808425,0.40558296580335285,0.00022271714922048998,0.5,-0.6185306763372838,0.6244156008356152,0.8879204094270069,0.2541066201878198,0.9037610769904076,0.05387238408497669
2021-12-08 07:40:00,0.19177126917712692,0.5378486055776892,-0.3837676842889055,-0.3811819317978933,0.4205808064283938,0.00033407572383073496,0.5,-0.6185306763372838,0.6244156008356152,0.8879204094270069,0.2541066201878198,0.9037610769904076,0.05953045551247039
2021-12-08 07:50:00,0.22315202231520226,0.33864541832669315,-0.38495904690990335,-0.38510980182110344,0.4205808064283938,0.00022271714922048998,0.5,-0.6185306763372838,0.6244156008356152,0.8879204094270069,0.2541066201878198,0.9037610769904076,0.07905457398494199
2021-12-08 08:00:00,0.23082287308228733,-0.019920318725099695,-0.38198064035740886,-0.3883235136582752,0.4205808064283938,0.00033407572383073496,0.5,-0.6367055085629054,0.6245190470306632,0.9003421064612177,0.2779624629683892,0.9388625014033954,0.09213603512530742
2021-12-08 08:10:00,0.20711297071129708,-0.36254980079681276,-0.3766195085629189,-0.3861810391001608,0.4205808064283938,0.00033407572383073496,0.5,-0.6367055085629054,0.6245190470306632,0.9003421064612177,0.2779624629683892,0.9388625014033954,0.08779063626899226
2021-12-08 08:20:00,0.20711297071129708,-0.5936254980079682,-0.36976917349218186,-0.3822531690769505,0.4205808064283938,0.00033407572383073496,0.5,-0.6367055085629054,0.6245190470306632,0.9003421064612177,0.2779624629683892,0.9388625014033954,0.0987748389335667
2021-12-08 08:30:00,0.18619246861924685,-0.5697211155378487,-0.3670886075949368,-0.3776111408677022,0.4205808064283938,0.00033407572383073496,0.5,-0.6367055085629054,0.6245190470306632,0.9003421064612177,0.2779624629683892,0.9388625014033954,0.07842841408029935
2021-12-08 08:40:00,0.20641562064156208,0.3067729083665336,-0.3670886075949368,-0.3776111408677022,0.42495190483045636,0.00033407572383073496,0.5,-0.6367055085629054,0.6245190470306632,0.9003421064612177,0.2779624629683892,0.9388625014033954,0.07679134541394451
2021-12-08 08:50:00,0.2482566248256625,0.29083665338645415,-0.3691734921816828,-0.3776111408677022,0.4429074347934198,0.00033407572383073496,0.5,-0.6367055085629054,0.6245190470306632,0.9003421064612177,0.2779624629683892,0.9388625014033954,0.10263741569473574
2021-12-08 09:00:00,0.2635983263598326,-0.3227091633466136,-0.3644080416976918,-0.37653990358864486,0.43854942351232157,0.00033407572383073496,0.5,-0.641660410182965,0.6334930044510587,0.906489040660032,0.3282353198184385,0.9608115657282942,0.12295366416705644
2021-12-08 09:10:00,0.2629009762900976,-0.3545816733067729,-0.3569620253164557,-0.37189787537939656,0.4370313174804675,0.00033407572383073496,0.5,-0.641660410182965,0.6334930044510587,0.906489040660032,0.3282353198184385,0.9608115657282942,0.11417988140682288
2021-12-08 09:20:00,0.2754532775453278,-0.14741035856573714,-0.35040953090096805,-0.3665416889841099,0.4370313174804675,0.00033407572383073496,0.5,-0.641660410182965,0.6334930044510587,0.906489040660032,0.3282353198184385,0.9608115657282942,0.13578617016461217
2021-12-08 09:30:00,0.2824267782426778,-0.09960159362549814,-0.34236783320923314,-0.3615425816818424,0.4370313174804675,0.00033407572383073496,0.5,-0.641660410182965,0.6334930044510587,0.906489040660032,0.3282353198184385,0.9608115657282942,0.14442415921058588
2021-12-08 09:40:00,0.2733612273361227,-0.11553784860557781,-0.3361131794489949,-0.35904302803070876,0.4370313174804675,0.00033407572383073496,0.5,-0.641660410182965,0.6334930044510587,0.906489040660032,0.3282353198184385,0.9608115657282942,0.13336451559364487
2021-12-08 09:50:00,0.22873082287308227,-0.10756972111553798,-0.33045420699925554,-0.3533297625424031,0.4370313174804675,0.00033407572383073496,0.5,-0.641660410182965,0.6334930044510587,0.906489040660032,0.3282353198184385,0.9608115657282942,0.09258113674427026
2021-12-08 10:00:00,0.29218967921896793,0.3705179282868525,-0.3259865971705138,-0.34654525977504014,0.4414285901244585,0.00033407572383073496,0.5,-0.4732277085460288,0.6299269842273308,0.7686529943287456,0.2558101168794446,0.965597156090745,0.14095387540172308
2021-12-08 10:10:00,0.3228730822873082,0.019920318725099362,-0.3206254653760239,-0.3440457061239065,0.4509167528235464,0.00033407572383073496,0.5,-0.4732277085460288,0.6299269842273308,0.7686529943287456,0.2558101168794446,0.965597156090745,0.16267332558806222
2021-12-08 10:20:00,0.30613668061366806,-0.1394422310756973,-0.3143708116157856,-0.3376182824495625,0.4509167528235464,0.00033407572383073496,0.5,-0.4732277085460288,0.6299269842273308,0.7686529943287456,0.2558101168794446,0.965597156090745,0.15139490320925814
2021-12-08 10:30:00,0.3103207810320781,-0.5697211155378487,-0.30841399851079676,-0.3326191751472952,0.4509167528235464,0.00033407572383073496,0.5,-0.4732277085460288,0.6299269842273308,0.7686529943287456,0.2558101168794446,0.965597156090745,0.1639633658735308
2021-12-08 10:40:00,0.301952580195258,-0.2270916334661356,-0.30275502606105753,-0.32762006784502773,0.4509167528235464,0.00033407572383073496,0.5,-0.4732277085460288,0.6299269842273308,0.7686529943287456,0.2558101168794446,0.965597156090745,0.14173091721109887
2021-12-08 10:50:00,0.21687587168758715,0.40239043824701204,-0.3015636634400597,-0.3261917514729513,0.45517006713693053,0.00033407572383073496,0.5,-0.4732277085460288,0.6299269842273308,0.7686529943287456,0.2558101168794446,0.965597156090745,0.07780979827089338
2021-12-08 11:00:00,0.099721059972106,0.6494023904382469,-0.3015636634400597,-0.318336011426531,0.4647760139246967,0.00022271714922048998,0.5,-0.42361338699623086,0.6262718853356415,0.6663733455987954,0.1898296378310125,0.9411626952197927,0.009000105617333313
2021-12-08 11:10:00,0.10111576011157601,0.4422310756972112,-0.2973938942665675,-0.3086948759150152,0.4647760139246967,0.00011135857461024499,0.5,-0.42361338699623086,0.6262718853356415,0.6663733455987954,0.1898296378310125,0.9411626952197927,0.0037192389516725257
2021-12-08 11:20:00,0.10111576011157601,0.4820717131474104,-0.2854802680565899,-0.30333868951972864,0.4647760139246967,0.00011135857461024499,0.5,-0.42361338699623086,0.6262718853356415,0.6663733455987954,0.1898296378310125,0.9411626952197927,0.00888694418878344
2021-12-08 11:30:00,0.08368200836820083,0.31474103585657365,-0.2702903946388683,-0.29655418675236567,0.4647760139246967,0.0020044543429844097,0.5,-0.42361338699623086,0.6262718853356415,0.6663733455987954,0.1898296378310125,0.9411626952197927,0.0
2021-12-08 11:40:00,0.10808926080892609,0.23240371845949537,-0.25688756515264344,-0.3169076950544545,0.4647760139246967,0.619487750556793,0.5,-0.42361338699623086,0.6262718853356415,0.6663733455987954,0.1898296378310125,0.9411626952197927,0.0
2021-12-08 11:50:00,0.14783821478382148,0.15006640106241687,-0.24259121370067016,-0.28584181396179253,0.4647760139246967,0.9944320712694877,0.5,-0.42361338699623086,0.6262718853356415,0.6663733455987954,0.1898296378310125,0.9411626952197927,0.0
2021-12-08 12:00:00,0.10599721059972106,0.06772908366533859,-0.22948622486969483,-0.24799143010176738,0.4647760139246967,0.9944320712694877,0.5,-0.38613185210039425,0.6158439341737372,0.6031864331207041,0.19744749732978162,0.8848852413706056,0.0
2021-12-08 12:10:00,0.09414225941422595,0.07304116865869847,-0.21816827997021604,-0.22942331726477416,0.46480218816662516,0.9944320712694877,0.5,-0.38613185210039425,0.6158439341737372,0.6031864331207041,0.19744749732978162,0.8848852413706056,0.0
2021-12-08 12:20:00,0.09832635983263598,0.07835325365205836,-0.20714817572598676,-0.22121049812533466,0.4648152752875895,0.9944320712694877,0.5,-0.38613185210039425,0.6158439341737372,0.6031864331207041,0.19744749732978162,0.8848852413706056,0.0
2021-12-08 12:30:00,0.1415620641562064,0.08366533864541825,-0.19523454951600916,-0.2129976789858954,0.4648152752875895,0.9944320712694877,0.5,-0.38613185210039425,0.6158439341737372,0.6031864331207041,0.19744749732978162,0.8848852413706056,0.0
2021-12-08 12:40:00,0.15829846582984658,0.08897742363877814,-0.18391660461653025,-0.2079985716836279,0.4648152752875895,0.9944320712694877,0.5,-0.38613185210039425,0.6158439341737372,0.6031864331207041,0.19744749732978162,0.8848852413706056,0.0
2021-12-08 12:50:00,0.19316596931659694,0.09428950863213803,-0.17230081906180206,-0.20192822710230307,0.44157254845506533,0.6883073496659243,0.5,-0.38613185210039425,0.6158439341737372,0.6031864331207041,0.19744749732978162,0.8848852413706056,0.0014710985711483622
2021-12-08 13:00:00,0.16108786610878661,0.09960159362549792,-0.15740878629932997,-0.17800392787002317,0.43229377969140576,0.00011135857461024499,0.5,-0.20887842565412917,0.5903961701919789,0.4511583645898445,0.22079719935904188,0.8408883209258979,0.0429334459918222
2021-12-08 13:10:00,0.22315202231520226,-0.24302788844621515,-0.13209233060312742,-0.13551151580074983,0.4209995942992501,0.00011135857461024499,0.5,-0.20887842565412917,0.5903961701919789,0.4511583645898445,0.22079719935904188,0.8408883209258979,0.06716507989196856
2021-12-08 13:20:00,0.15620641562064158,-0.043824701195219196,-0.11332836932241275,-0.10016068559185842,0.4084883066574184,0.019599109131403118,0.5,-0.20887842565412917,0.5903961701919789,0.4511583645898445,0.22079719935904188,0.8408883209258979,0.01489204399716342
2021-12-08 13:30:00,0.21269177126917713,-0.1394422310756973,-0.10469099032017881,-0.07552222817354037,0.4096661475442017,0.1583518930957684,0.5,-0.20887842565412917,0.5903961701919789,0.4511583645898445,0.22079719935904188,0.8408883209258979,0.009158531617303137
2021-12-08 13:40:00,0.16457461645746163,-0.059760956175298974,-0.08950111690245721,-0.058025352615604264,0.4045490832471765,0.00011135857461024499,0.5,-0.20887842565412917,0.5903961701919789,0.4511583645898445,0.22079719935904188,0.8408883209258979,0.031496597613048266
2021-12-08 13:50:00,0.20432357043235705,0.4422310756972112,-0.07073715562174243,-0.03517229066238159,0.4045490832471765,0.00011135857461024499,0.5,-0.20887842565412917,0.5903961701919789,0.4511583645898445,0.22079719935904188,0.8408883209258979,0.058662884560254695
2021-12-08 14:00:00,0.2601115760111576,-0.3705179282868527,-0.05793000744601651,-0.018746652383503037,0.4045490832471765,0.00011135857461024499,0.5,-0.1908013179806839,0.5699454321321127,0.4245492106645098,0.24366707843720486,0.8146350742953353,0.11628468397785052
2021-12-08 14:10:00,0.19107391910739194,0.043824701195219085,-0.046612062546537714,-0.013390465988216249,0.40157830678828965,0.00011135857461024499,0.5,-0.1908013179806839,0.5699454321321127,0.4245492106645098,0.24366707843720486,0.8146350742953353,0.05271813751376797
2021-12-08 14:20:00,0.24616457461645744,0.24302788844621515,-0.04095309009679826,0.005534725941795937,0.398463571998796,0.00011135857461024499,0.5,-0.1908013179806839,0.5699454321321127,0.4245492106645098,0.24366707843720486,0.8146350742953353,0.08404876503160975
2021-12-08 14:30:00,0.11576011157601115,-0.1633466135458168,-0.03261355174981406,0.021960364220674933,0.40250749237675204,0.48541202672605793,0.5,-0.1908013179806839,0.5699454321321127,0.4245492106645098,0.24366707843720486,0.8146350742953353,0.0024744632376239115
2021-12-08 14:40:00,0.16527196652719667,-0.298804780876494,-0.03946388682055113,0.04302803070880201,0.40250749237675204,0.9979955456570156,0.5,-0.1908013179806839,0.5699454321321127,0.4245492106645098,0.24366707843720486,0.8146350742953353,0.0
2021-12-08 14:50:00,0.22245467224546722,-0.4342629482071714,-0.03588979895755784,0.03945723977861104,0.3563753909777388,0.333630289532294,0.5,-0.1908013179806839,0.5699454321321127,0.4245492106645098,0.24366707843720486,0.8146350742953353,0.03473301446957466
2021-12-08 15:00:00,0.23709902370990238,-0.09960159362549814,-0.02635889798957569,0.02731655061596161,0.33321118687100026,0.00011135857461024499,0.5,-0.1735547689414697,0.5532331246210558,0.4066970792297869,0.25876553080450715,0.7900223644389045,0.08972946874481344
2021-12-08 15:10:00,0.20502092050209206,-0.01195219123505975,-0.021891288160834188,0.019103731476522112,0.3398463571998796,0.00011135857461024499,0.5,-0.1735547689414697,0.5532331246210558,0.4066970792297869,0.25876553080450715,0.7900223644389045,0.06530168836851397
2021-12-08 15:20:00,0.2280334728033473,0.019920318725099362,-0.01653015636634425,0.021246206034636783,0.320163327269634,0.00011135857461024499,0.5,-0.1735547689414697,0.5532331246210558,0.4066970792297869,0.25876553080450715,0.7900223644389045,0.09310922341083634
2021-12-08 15:30:00,0.2524407252440725,0.2111553784860556,-0.058525688756515315,-0.03445813247634355,0.316577456125427,0.00011135857461024499,0.5,-0.1735547689414697,0.5532331246210558,0.4066970792297869,0.25876553080450715,0.7900223644389045,0.1119166528358254
2021-12-08 15:40:00,0.2175732217573222,0.1633466135458166,-0.08801191362621008,-0.10980182110337433,0.316577456125427,0.00011135857461024499,0.5,-0.1735547689414697,0.5532331246210558,0.4066970792297869,0.25876553080450715,0.7900223644389045,0.09068756883986903
2021-12-08 15:50:00,0.201534170153417,0.3067729083665336,-0.0963514519731945,-0.13943938582395987,0.3292981377026868,0.00011135857461024499,0.5,-0.1735547689414697,0.5532331246210558,0.4066970792297869,0.25876553080450715,0.7900223644389045,0.07443004360487046
2021-12-08 16:00:00,0.2099023709902371,-0.06772908366533881,-0.10111690245718552,-0.15407962863774327,0.33612961484603004,0.00011135857461024499,0.5,-0.11904658192536044,0.5462648739824193,0.39149587023465815,0.2757377364122455,0.7700462514240634,0.0777871659851834
2021-12-08 16:10:00,0.1290097629009763,0.2589641434262948,-0.10201042442293384,-0.16264952687020162,0.34268626244912387,0.00011135857461024499,0.5,-0.11904658192536044,0.5462648739824193,0.39149587023465815,0.2757377364122455,0.7700462514240634,0.03269610875567693
2021-12-08 16:20:00,0.14644351464435149,0.29083665338645415,-0.10201042442293384,-0.16336368505623988,0.3346376830561045,0.00011135857461024499,0.5,-0.11904658192536044,0.5462648739824193,0.39149587023465815,0.2757377364122455,0.7700462514240634,0.04641881799115832
2021-12-08 16:30:00,0.16875871687587168,0.47410358565737054,-0.10201042442293384,-0.16871987145152645,0.3329887058146078,0.00011135857461024499,0.5,-0.11904658192536044,0.5462648739824193,0.39149587023465815,0.2757377364122455,0.7700462514240634,0.05550945275133153
2021-12-08 16:40:00,0.17364016736401675,0.38645418326693215,-0.10260610573343276,-0.17550437421888943,0.3329887058146078,0.00011135857461024499,0.5,-0.11904658192536044,0.5462648739824193,0.39149587023465815,0.2757377364122455,0.7700462514240634,0.06020187998853298
2021-12-08 16:50:00,0.15341701534170155,0.41035856573705165,-0.10320178704393157,-0.18050348152115692,0.33339440656449987,0.00011135857461024499,0.5,-0.11904658192536044,0.5462648739824193,0.39149587023465815,0.2757377364122455,0.7700462514240634,0.04991927818096776
2021-12-08 17:00:00,0.21199442119944212,-0.14741035856573714,-0.1037974683544306,-0.18157471880021414,0.3494784782295743,0.4632516703786192,0.5,-0.10416960312825307,0.543713201171243,0.37332353313786204,0.24230624655617095,0.7349773055118052,0.03411439866016869
2021-12-08 17:10:00,0.26638772663877264,0.043824701195219085,-0.085331347728965,-0.1597928941260488,0.34949156535053855,0.9985523385300669,0.5,-0.10416960312825307,0.543713201171243,0.37332353313786204,0.24230624655617095,0.7349773055118052,0.0
2021-12-08 17:20:00,0.2629009762900976,0.31474103585657365,-0.07371556217423691,-0.15872165684699147,0.34949156535053855,0.9985523385300669,0.5,-0.10416960312825307,0.543713201171243,0.37332353313786204,0.24230624655617095,0.7349773055118052,0.0
2021-12-08 17:30:00,0.200836820083682,0.027888446215139417,-0.07014147431124362,-0.15265131226566697,0.34949156535053855,0.9985523385300669,0.5,-0.10416960312825307,0.543713201171243,0.37332353313786204,0.24230624655617095,0.7349773055118052,0.0
2021-12-08 17:40:00,0.16527196652719667,0.5617529880478087,-0.0695457930007447,-0.15872165684699147,0.34949156535053855,0.9985523385300669,0.5,-0.10416960312825307,0.543713201171243,0.37332353313786204,0.24230624655617095,0.7349773055118052,0.0
2021-12-08 17:50:00,0.1631799163179916,0.14741035856573692,-0.06626954579300093,-0.16550615961435466,0.34949156535053855,0.9985523385300669,0.5,-0.10416960312825307,0.543713201171243,0.37332353313786204,0.24230624655617095,0.7349773055118052,0.0
2021-12-08 18:00:00,0.1771269177126918,0.1271278522274537,-0.07222635889798967,-0.1744331369398322,0.34949156535053855,0.9985523385300669,0.5,-0.3101753938916486,0.5599686213208356,0.5224867438026255,0.2285954139922756,0.6331781886642137,0.0
2021-12-08 18:10:00,0.16875871687587168,0.1068453458891705,-0.07311988086373811,-0.18336011426530985,0.34949156535053855,0.9985523385300669,0.5,-0.3101753938916486,0.5599686213208356,0.5224867438026255,0.2285954139922756,0.6331781886642137,0.0
2021-12-08 18:20:00,0.13319386331938632,0.08656283955088728,-0.08116157855547301,-0.1901446170326727,0.34949156535053855,0.9985523385300669,0.5,-0.3101753938916486,0.5599686213208356,0.5224867438026255,0.2285954139922756,0.6331781886642137,0.0
2021-12-08 18:30:00,0.12761506276150628,0.06628033321260407,-0.08771407297096068,-0.19550080342795917,0.34949156535053855,0.9985523385300669,0.5,-0.3101753938916486,0.5599686213208356,0.5224867438026255,0.2285954139922756,0.6331781886642137,0.0
2021-12-08 18:40:00,0.1499302649930265,0.04599782687432086,-0.08324646314221895,-0.20085698982324574,0.34949156535053855,0.9985523385300669,0.5,-0.3101753938916486,0.5599686213208356,0.5224867438026255,0.2285954139922756,0.6331781886642137,0.0
2021-12-08 18:50:00,0.13737796373779637,0.025715320536037645,-0.09843633655994066,-0.20585609712551323,0.34949156535053855,0.9985523385300669,0.5,-0.3101753938916486,0.5599686213208356,0.5224867438026255,0.2285954139922756,0.6331781886642137,0.0
2021-12-08 19:00:00,0.14504881450488147,0.00543281419775421,-0.1118391660461654,-0.2062131762185324,0.34949156535053855,0.9985523385300669,0.5,-0.3325600864245256,0.5661524049803608,0.5562166375818475,0.18067924337267163,0.670593586838755,0.0
2021-12-08 19:10:00,0.13668061366806136,-0.014849692140528892,-0.11779597915115425,-0.20835565077664697,0.34949156535053855,0.9985523385300669,0.5,-0.3325600864245256,0.5661524049803608,0.5562166375818475,0.18067924337267163,0.670593586838755,0.0
2021-12-08 19:20:00,0.17294281729428174,-0.035132198478812104,-0.12345495160089359,-0.2172826281021245,0.34949156535053855,0.9985523385300669,0.5,-0.3325600864245256,0.5661524049803608,0.5562166375818475,0.18067924337267163,0.670593586838755,0.0
2021-12-08 19:30:00,0.16945606694560672,-0.05541470481709543,-0.1276247207743858,-0.22942331726477416,0.3866066404051772,0.5036748329621381,0.5,-0.3325600864245256,0.5661524049803608,0.5562166375818475,0.18067924337267163,0.670593586838755,0.0
2021-12-08 19:40:00,0.15202231520223153,-0.07569721115537853,-0.11541325390915869,-0.225495447241564,0.39797934852311845,0.5521158129175947,0.5,-0.3325600864245256,0.5661524049803608,0.5562166375818475,0.18067924337267163,0.670593586838755,0.0
2021-12-08 19:50:00,0.17782426778242677,-0.6733067729083666,-0.11213700670141491,-0.21478307445099076,0.39797934852311845,0.9993318485523385,0.5,-0.3325600864245256,0.5661524049803608,0.5562166375818475,0.18067924337267163,0.670593586838755,0.0
2021-12-08 20:00:00,0.11785216178521618,-0.6653386454183268,-0.1118391660461654,-0.21335475807891446,0.39797934852311845,0.9993318485523385,0.5,-0.32959609742170626,0.5737068507242664,0.5466969549519457,0.19204687859582145,0.887727729699856,0.0
2021-12-08 20:10:00,0.10669456066945607,-0.6892430278884463,-0.1195830230826509,-0.21978218175325825,0.39797934852311845,0.9993318485523385,0.5,-0.32959609742170626,0.5737068507242664,0.5466969549519457,0.19204687859582145,0.887727729699856,0.0
2021-12-08 20:20:00,0.09483960948396096,-0.6852589641434262,-0.12137006701414754,-0.22263881449741119,0.39797934852311845,0.9993318485523385,0.5,-0.32959609742170626,0.5737068507242664,0.5466969549519457,0.19204687859582145,0.887727729699856,0.0
2021-12-08 20:30:00,0.11227336122733612,-0.6812749003984064,-0.12315711094564419,-0.22478128905552575,0.39797934852311845,0.9993318485523385,0.5,-0.32959609742170626,0.5737068507242664,0.5466969549519457,0.19204687859582145,0.887727729699856,0.0
2021-12-08 20:40:00,0.10669456066945607,0.4183266932270917,-0.12941176470588256,-0.22978039635779324,0.39797934852311845,0.9993318485523385,0.5,-0.32959609742170626,0.5737068507242664,0.5466969549519457,0.19204687859582145,0.887727729699856,0.0
2021-12-08 20:50:00,0.09274755927475593,0.5367103016505406,-0.13745346239761735,-0.23335118728798432,0.39797934852311845,0.9993318485523385,0.5,-0.32959609742170626,0.5737068507242664,0.5466969549519457,0.19204687859582145,0.887727729699856,0.0
2021-12-08 21:00:00,0.0815899581589958,0.6550939100739896,-0.14579300074460166,-0.2397786109623281,0.39797934852311845,0.9993318485523385,0.5,-0.3457067069394105,0.572206880896073,0.5677587518548151,0.291900147556646,0.982773858978381,0.0
2021-12-08 21:10:00,0.08716875871687588,0.7734775184974387,-0.15145197319434112,-0.24263524370648093,0.39797934852311845,0.9993318485523385,0.5,-0.3457067069394105,0.572206880896073,0.5677587518548151,0.291900147556646,0.982773858978381,0.0
2021-12-08 21:20:00,0.11436541143654114,0.7120091064314171,-0.15562174236783333,-0.24584895554365294,0.39797934852311845,0.9993318485523385,0.5,-0.3457067069394105,0.572206880896073,0.5677587518548151,0.291900147556646,0.982773858978381,0.0
2021-12-08 21:30:00,0.12203626220362622,0.6505406943653955,-0.16008935219657494,-0.2526334583110159,0.39797934852311845,0.9993318485523385,0.5,-0.3457067069394105,0.572206880896073,0.5677587518548151,0.291900147556646,0.982773858978381,0.0
2021-12-08 21:40:00,0.12343096234309624,0.5890722822993739,-0.16098287416232326,-0.25834672379932155,0.39797934852311845,0.9993318485523385,0.5,-0.3457067069394105,0.572206880896073,0.5677587518548151,0.291900147556646,0.982773858978381,0.0
2021-12-08 21:50:00,0.11854951185495119,0.5276038702333521,-0.15591958302308284,-0.26477414747366534,0.39797934852311845,0.9993318485523385,0.5,-0.3457067069394105,0.572206880896073,0.5677587518548151,0.291900147556646,0.982773858978381,0.0
2021-12-08 22:00:00,0.11436541143654114,0.4661354581673305,-0.15562174236783333,-0.26691662203178,0.39797934852311845,0.9993318485523385,0.5,-0.42148199116610074,0.574413733057095,0.6615705142959464,0.3031205260536361,0.010395380721413132,0.0
2021-12-08 22:10:00,0.12622036262203626,0.4046670461013089,-0.15562174236783333,-0.2719157293340474,0.39797934852311845,0.9993318485523385,0.5,-0.42148199116610074,0.574413733057095,0.6615705142959464,0.3031205260536361,0.010395380721413132,0.0
2021-12-08 22:20:00,0.13668061366806136,0.3431986340352873,-0.15562174236783333,-0.2754865202642386,0.39797934852311845,0.9993318485523385,0.5,-0.42148199116610074,0.574413733057095,0.6615705142959464,0.3031205260536361,0.010395380721413132,0.0
2021-12-08 22:30:00,0.14853556485355648,0.28173022196926567,-0.15591958302308284,-0.2779860739153722,0.39797934852311845,0.9993318485523385,0.5,-0.42148199116610074,0.574413733057095,0.6615705142959464,0.3031205260536361,0.010395380721413132,0.0
2021-12-08 22:40:00,0.1506276150627615,0.22026180990324407,-0.16128071481757278,-0.2844134975897161,0.39797934852311845,0.9993318485523385,0.5,-0.42148199116610074,0.574413733057095,0.6615705142959464,0.3031205260536361,0.010395380721413132,0.0
2021-12-08 22:50:00,0.1701534170153417,0.15879339783722246,-0.16157855547282218,-0.2883413676129263,0.39797934852311845,0.9993318485523385,0.5,-0.42148199116610074,0.574413733057095,0.6615705142959464,0.3031205260536361,0.010395380721413132,0.0
2021-12-08 23:00:00,0.17294281729428174,0.09732498577120086,-0.16157855547282218,-0.2944117121942511,0.39797934852311845,0.9993318485523385,0.5,-0.48678760719266045,0.5841750309620225,0.7219174244761658,0.3041782285896671,0.018500738571410085,0.0
2021-12-08 23:10:00,0.198744769874477,0.03585657370517925,-0.1580044676098289,-0.2865559721478307,0.4392561280443915,0.24031180400890867,0.5,-0.48678760719266045,0.5841750309620225,0.7219174244761658,0.3041782285896671,0.018500738571410085,0.04135673008736063
2021-12-08 23:20:00,0.201534170153417,-0.6175298804780878,-0.14013402829486243,-0.24192108552044278,0.4381044613995367,0.00011135857461024499,0.5,-0.48678760719266045,0.5841750309620225,0.7219174244761658,0.3041782285896671,0.018500738571410085,0.06460008751150474
2021-12-08 23:30:00,0.20013947001394702,-0.298804780876494,-0.12673119880863748,-0.2062131762185324,0.4255146510319195,0.00011135857461024499,0.5,-0.48678760719266045,0.5841750309620225,0.7219174244761658,0.3041782285896671,0.018500738571410085,0.05100562789504655
2021-12-08 23:40:00,0.22036262203626222,0.5458167330677288,-0.11422189128816096,-0.18121763970719518,0.4216408632264988,0.00011135857461024499,0.5,-0.48678760719266045,0.5841750309620225,0.7219174244761658,0.3041782285896671,0.018500738571410085,0.04705252199103761
2021-12-08 23:50:00,0.21687587168758715,0.29083665338645415,-0.1037974683544306,-0.16193536868416358,0.42852468885369904,0.00011135857461024499,0.5,-0.48678760719266045,0.5841750309620225,0.7219174244761658,0.3041782285896671,0.018500738571410085,0.05618842132263078
2021-12-09 00:00:00,0.15690376569037656,-0.03585657370517936,-0.09843633655994066,-0.1440814140332084,0.43548703720668486,0.00011135857461024499,0.5,-0.4998242625715299,0.5781119345300525,0.7465231688769735,0.3189703511649465,0.016797927371095003,0.03535163027898064
2021-12-09 00:10:00,0.15271966527196654,-0.42629482071713154,-0.09605361131794499,-0.11908587752187105,0.43548703720668486,0.00011135857461024499,0.5,-0.4998242625715299,0.5781119345300525,0.7465231688769735,0.3189703511649465,0.016797927371095003,0.024812529233369043
2021-12-09 00:20:00,0.13458856345885634,-0.6892430278884463,-0.09337304542070002,-0.0958757364756293,0.43548703720668486,0.00011135857461024499,0.5,-0.4998242625715299,0.5781119345300525,0.7465231688769735,0.3189703511649465,0.016797927371095003,0.018649003425019236
2021-12-09 00:30:00,0.11924686192468618,-0.15537848605577698,-0.09188384214445289,-0.06980896268523484,0.43548703720668486,0.00011135857461024499,0.5,-0.4998242625715299,0.5781119345300525,0.7465231688769735,0.3189703511649465,0.016797927371095003,0.006812317998702415
2021-12-09 00:40:00,0.12622036262203626,-0.50597609561753,-0.08801191362621008,-0.041956793429744677,0.43548703720668486,0.00011135857461024499,0.5,-0.4998242625715299,0.5781119345300525,0.7465231688769735,0.3189703511649465,0.016797927371095003,0.006065452570273247
2021-12-09 00:50:00,0.11157601115760113,-0.24302788844621515,-0.08711839166046176,-0.017675415104445702,0.43548703720668486,0.00044543429844097997,0.5,-0.4998242625715299,0.5781119345300525,0.7465231688769735,0.3189703511649465,0.016797927371095003,0.0
2021-12-09 01:00:00,0.08228730822873082,-0.21912350597609564,-0.08950111690245721,-0.0112479914301018,0.43548703720668486,0.5555679287305123,0.5,-0.5206821840803704,0.5795716752823942,0.7780260798317735,0.32878078809668737,0.02255671291815001,0.0
2021-12-09 01:10:00,0.05788005578800558,-0.9362549800796813,-0.10707371556217438,-0.039814318871630006,0.43548703720668486,0.99543429844098,0.5,-0.5206821840803704,0.5795716752823942,0.7780260798317735,0.32878078809668737,0.02255671291815001,0.0
2021-12-09 01:20:00,0.06415620641562064,-0.649402390438247,-0.11988086373790041,-0.06088198535975731,0.43548703720668486,0.99543429844098,0.5,-0.5206821840803704,0.5795716752823942,0.7780260798317735,0.32878078809668737,0.02255671291815001,0.0
2021-12-09 01:30:00,0.09274755927475593,-0.5824701195219124,-0.13596425912137022,-0.08016425638278879,0.43548703720668486,0.99543429844098,0.5,-0.5206821840803704,0.5795716752823942,0.7780260798317735,0.32878078809668737,0.02255671291815001,0.0
2021-12-09 01:40:00,0.11297071129707113,-0.5155378486055777,-0.14072970960536124,-0.09766113194072468,0.43548703720668486,0.99543429844098,0.5,-0.5206821840803704,0.5795716752823942,0.7780260798317735,0.32878078809668737,0.02255671291815001,0.0
2021-12-09 01:50:00,0.14504881450488147,-0.44860557768924303,-0.14072970960536124,-0.11551508659167986,0.43548703720668486,0.99543429844098,0.5,-0.5206821840803704,0.5795716752823942,0.7780260798317735,0.32878078809668737,0.02255671291815001,0.0
2021-12-09 02:00:00,0.2391910739191074,-0.38167330677290845,-0.15026061057334328,-0.13158364577753967,0.4661109002630511,0.5547884187082406,0.5,-0.5056586518080877,0.5753073932420913,0.7552148820939345,0.32270017381991206,0.020122108853696846,0.03274137332709688
2021-12-09 02:10:00,0.2907949790794979,-0.31474103585657376,-0.1314966492926286,-0.12658453847527218,0.46406930939262675,0.00011135857461024499,0.5,-0.5056586518080877,0.5753073932420913,0.7552148820939345,0.32270017381991206,0.020122108853696846,0.1308598759750743
2021-12-09 02:20:00,0.28870292887029286,-0.0916334661354582,-0.10528667163067773,-0.11408677021960356,0.4666867335854786,0.00011135857461024499,0.5,-0.5056586518080877,0.5753073932420913,0.7552148820939345,0.32270017381991206,0.020122108853696846,0.13017336330853843
2021-12-09 02:30:00,0.3193863319386332,-0.4661354581673308,-0.09545793000744618,-0.10980182110337433,0.4684927562785463,0.00011135857461024499,0.5,-0.5056586518080877,0.5753073932420913,0.7552148820939345,0.32270017381991206,0.020122108853696846,0.1917331804396699
2021-12-09 02:40:00,0.24546722454672246,-0.36254980079681276,-0.08682055100521235,-0.10730226745224059,0.46666055934355005,0.00011135857461024499,0.5,-0.5056586518080877,0.5753073932420913,0.7552148820939345,0.32270017381991206,0.020122108853696846,0.1196191740724535
2021-12-09 02:50:00,0.2105997210599721,-0.059760956175298974,-0.07550260610573356,-0.09194786645241915,0.4546727565402887,0.00011135857461024499,0.5,-0.5056586518080877,0.5753073932420913,0.7552148820939345,0.32270017381991206,0.020122108853696846,0.0788886038897355
2021-12-09 03:00:00,0.21338912133891214,-0.5856573705179284,-0.07014147431124362,-0.07302267452240663,0.4527489497585427,0.00011135857461024499,0.5,-0.4859488770515069,0.5845141046013438,0.7283627523077952,0.29646616384245844,0.997011486377473,0.08309820903179083
2021-12-09 03:10:00,0.2719665271966527,0.3784860557768923,-0.06418466120625477,-0.06338153901089094,0.44183429087435055,0.00011135857461024499,0.5,-0.4859488770515069,0.5845141046013438,0.7283627523077952,0.29646616384245844,0.997011486377473,0.10639437512259155
2021-12-09 03:20:00,0.2482566248256625,-0.4422310756972112,-0.06031273268801207,-0.06302445991787176,0.45213385507322246,0.00011135857461024499,0.5,-0.4859488770515069,0.5845141046013438,0.7283627523077952,0.29646616384245844,0.997011486377473,0.09702460883866199
2021-12-09 03:30:00,0.14086471408647142,-0.2589641434262948,-0.07311988086373811,-0.055168719871451444,0.44065644998756726,0.011915367483296215,0.5,-0.4859488770515069,0.5845141046013438,0.7283627523077952,0.29646616384245844,0.997011486377473,0.012296875235752977
2021-12-09 03:40:00,0.10390516039051603,-0.6733067729083666,-0.10111690245718552,-0.06123906445277627,0.3626048605567262,0.433630289532294,0.5,-0.4859488770515069,0.5845141046013438,0.7283627523077952,0.29646616384245844,0.997011486377473,0.0
2021-12-09 03:50:00,0.12622036262203626,-0.49800796812749015,-0.13775130305286676,-0.07659346545259771,0.3463244820771878,0.9993318485523385,0.5,-0.4859488770515069,0.5845141046013438,0.7283627523077952,0.29646616384245844,0.997011486377473,0.0
2021-12-09 04:00:00,0.21269177126917713,-0.3227091633466136,-0.17230081906180206,-0.09444742010355289,0.3629058643389041,0.6907572383073497,0.5,-0.49801859301326157,0.5804222328861224,0.7639556723767262,0.2667787359183448,0.9694080579850267,0.012115816950073178
2021-12-09 04:10:00,0.16108786610878661,-0.14741035856573714,-0.15502606105733452,-0.10658810926620232,0.37298294748138355,0.00011135857461024499,0.5,-0.49801859301326157,0.5804222328861224,0.7639556723767262,0.2667787359183448,0.9694080579850267,0.04413295713445087
2021-12-09 04:20:00,0.2524407252440725,0.12350597609561742,-0.13239017125837682,-0.09159078735940018,0.3796050306892987,0.00011135857461024499,0.5,-0.49801859301326157,0.5804222328861224,0.7639556723767262,0.2667787359183448,0.9694080579850267,0.07848122274695596
2021-12-09 04:30:00,0.2705718270571827,-0.33067729083665354,-0.1273268801191364,-0.09123370826638089,0.3868291214615697,0.00011135857461024499,0.5,-0.49801859301326157,0.5804222328861224,0.7639556723767262,0.2667787359183448,0.9694080579850267,0.11498709959714531
2021-12-09 04:40:00,0.2914923291492329,-0.1394422310756973,-0.11988086373790041,-0.09480449919657197,0.3868291214615697,0.00011135857461024499,0.5,-0.49801859301326157,0.5804222328861224,0.7639556723767262,0.2667787359183448,0.9694080579850267,0.14059175883036348
2021-12-09 04:50:00,0.28591352859135283,0.1872509960159361,-0.11154132539091599,-0.10194608105695413,0.3985813560874743,0.00011135857461024499,0.5,-0.49801859301326157,0.5804222328861224,0.7639556723767262,0.2667787359183448,0.9694080579850267,0.13142568311782368
2021-12-09 05:00:00,0.32566248256624825,-0.31474103585657376,-0.1705137751303054,-0.142653097661132,0.3951394432738742,0.00022271714922048998,0.5,-0.4968165143153128,0.5770228759766344,0.7781255021046706,0.2370516459572921,0.9434960458222159,0.1728427659670776
2021-12-09 05:10:00,0.28661087866108786,0.2669322709163344,-0.20982874162323173,-0.2065702553115515,0.386946905550248,0.00022271714922048998,0.5,-0.4968165143153128,0.5770228759766344,0.7781255021046706,0.2370516459572921,0.9434960458222159,0.1323083422605127
2021-12-09 05:20:00,0.23640167364016737,-0.1633466135458168,-0.23067758749069256,-0.2433494018925193,0.3995890644017223,0.00033407572383073496,0.5,-0.4968165143153128,0.5770228759766344,0.7781255021046706,0.2370516459572921,0.9434960458222159,0.09482173302955776
2021-12-09 05:30:00,0.199442119944212,-0.10756972111553798,-0.2431868950111692,-0.2608462774504553,0.39911792804700896,0.00022271714922048998,0.5,-0.4968165143153128,0.5770228759766344,0.7781255021046706,0.2370516459572921,0.9434960458222159,0.06939058798678276
2021-12-09 05:40:00,0.21478382147838215,0.027888446215139417,-0.2509307520476546,-0.2733440457061238,0.3862532881391422,0.00033407572383073496,0.5,-0.4968165143153128,0.5770228759766344,0.7781255021046706,0.2370516459572921,0.9434960458222159,0.07830770855651281
2021-12-09 05:50:00,0.24058577405857742,0.027888446215139417,-0.2580789277736413,-0.2829851812176397,0.3862532881391422,0.00022271714922048998,0.5,-0.4968165143153128,0.5770228759766344,0.7781255021046706,0.2370516459572921,0.9434960458222159,0.09744707817191484
2021-12-09 06:00:00,0.20641562064156208,-0.4103585657370519,-0.26880119136262115,-0.29048384217104095,0.38223554200311477,0.00022271714922048998,0.5,-0.49572233286183187,0.5771033341283379,0.8073838030718693,0.24549042011667177,0.9557265475583442,0.07876789836594897
2021-12-09 06:10:00,0.12761506276150628,-0.019920318725099695,-0.2816083395383471,-0.29691126584538485,0.37247254976377747,0.00022271714922048998,0.5,-0.49572233286183187,0.5771033341283379,0.8073838030718693,0.24549042011667177,0.9557265475583442,0.03283190246993679
2021-12-09 06:20:00,0.11018131101813111,0.05179282868525892,-0.2905435591958303,-0.30155329405463305,0.37247254976377747,0.00022271714922048998,0.5,-0.49572233286183187,0.5771033341283379,0.8073838030718693,0.24549042011667177,0.9557265475583442,0.013918855711634504
2021-12-09 06:30:00,0.14016736401673638,-0.2589641434262948,-0.29977661950856305,-0.30333868951972864,0.37247254976377747,0.00033407572383073496,0.5,-0.49572233286183187,0.5771033341283379,0.8073838030718693,0.24549042011667177,0.9557265475583442,0.02861475323264481
2021-12-09 06:40:00,0.1297071129707113,-0.4183266932270917,-0.30841399851079676,-0.3136939832172826,0.37247254976377747,0.00022271714922048998,0.5,-0.49572233286183187,0.5771033341283379,0.8073838030718693,0.24549042011667177,0.9557265475583442,0.02690224361392338
2021-12-09 06:50:00,0.10529986052998605,-0.2828685258964144,-0.3173492181682801,-0.3154793786823781,0.37247254976377747,0.00022271714922048998,0.5,-0.49572233286183187,0.5771033341283379,0.8073838030718693,0.24549042011667177,0.9557265475583442,0.012447757140486142
2021-12-09 07:00:00,0.07322175732217574,-0.6095617529880479,-0.3259865971705138,-0.3179789323335118,0.37247254976377747,0.5387527839643653,0.5,-0.5044992984177628,0.5902841034806773,0.8309182217565608,0.2140399436802547,0.9586831762145094,0.0
2021-12-09 07:10:00,0.10460251046025104,-0.4342629482071714,-0.309903201787044,-0.30798071772897684,0.37247254976377747,0.99543429844098,0.5,-0.5044992984177628,0.5902841034806773,0.8309182217565608,0.2140399436802547,0.9586831762145094,0.0
2021-12-09 07:20:00,0.11506276150627615,-0.2589641434262949,-0.2988830975428147,-0.2894126048919836,0.37247254976377747,0.99543429844098,0.5,-0.5044992984177628,0.5902841034806773,0.8309182217565608,0.2140399436802547,0.9586831762145094,0.0
2021-12-09 07:30:00,0.11576011157601115,-0.08366533864541836,-0.3021593447505585,-0.2894126048919836,0.37247254976377747,0.99543429844098,0.5,-0.5044992984177628,0.5902841034806773,0.8309182217565608,0.2140399436802547,0.9586831762145094,0.0
2021-12-09 07:40:00,0.14853556485355648,-0.21912350597609564,-0.30037230081906185,-0.2979825031244421,0.37247254976377747,0.99543429844098,0.5,-0.5044992984177628,0.5902841034806773,0.8309182217565608,0.2140399436802547,0.9586831762145094,0.0
2021-12-09 07:50:00,0.19525801952580193,-0.3545816733067729,-0.3093075204765452,-0.30619532226388146,0.37247254976377747,0.8875278396436527,0.5,-0.5044992984177628,0.5902841034806773,0.8309182217565608,0.2140399436802547,0.9586831762145094,0.0
2021-12-09 08:00:00,0.13528591352859135,-0.05179282868525903,-0.30364854802680574,-0.3154793786823781,0.37247254976377747,0.1688195991091314,0.5,-0.48956631978341847,0.6032752214754321,0.8002250189809039,0.12399265453145117,0.9214262264299364,0.0
2021-12-09 08:10:00,0.16457461645746163,-0.5458167330677292,-0.2941176470588236,-0.31297982503124433,0.37247254976377747,0.996770601336303,0.5,-0.48956631978341847,0.6032752214754321,0.8002250189809039,0.12399265453145117,0.9214262264299364,0.0
2021-12-09 08:20:00,0.17782426778242677,-0.4183266932270917,-0.3012658227848103,-0.30940903410105336,0.37234167855413486,0.996770601336303,0.5,-0.48956631978341847,0.6032752214754321,0.8002250189809039,0.12399265453145117,0.9214262264299364,0.0
2021-12-09 08:30:00,0.22873082287308227,-0.10756972111553798,-0.30067014147431137,-0.30298161042670946,0.3561921712842392,0.1398663697104677,0.5,-0.48956631978341847,0.6032752214754321,0.8002250189809039,0.12399265453145117,0.9214262264299364,0.05349517932314377
2021-12-09 08:40:00,0.2189679218967922,0.13147410358565725,-0.27684288905435606,-0.26691662203178,0.3560482129536323,0.00011135857461024499,0.5,-0.48956631978341847,0.6032752214754321,0.8002250189809039,0.12399265453145117,0.9214262264299364,0.06300828341656985
2021-12-09 08:50:00,0.21199442119944212,0.3067729083665336,-0.2601638123603872,-0.24120692733440452,0.3560482129536323,0.00033407572383073496,0.5,-0.48956631978341847,0.6032752214754321,0.8002250189809039,0.12399265453145117,0.9214262264299364,0.06331004722603618
2021-12-09 09:00:00,0.22873082287308227,0.17131474103585642,-0.24914370811615805,-0.2237100517764684,0.3663477771525042,0.00022271714922048998,0.5,-0.48309988950121463,0.6164962199036231,0.7892431695059715,0.12220871270541034,0.7241024129314182,0.07556165789036921
2021-12-09 09:10:00,0.24267782426778242,0.24302788844621515,-0.243782576321668,-0.21085520442778072,0.37482823153734407,0.00022271714922048998,0.5,-0.48309988950121463,0.6164962199036231,0.7892431695059715,0.12220871270541034,0.7241024129314182,0.08066901036558687
2021-12-09 09:20:00,0.23361227336122734,-0.17131474103585675,-0.23782576321667914,-0.20228530619532226,0.3837143866720761,0.00022271714922048998,0.5,-0.48309988950121463,0.6164962199036231,0.7892431695059715,0.12220871270541034,0.7241024129314182,0.06546011436848378
2021-12-09 09:30:00,0.15829846582984658,-0.26693227091633476,-0.23395383469843645,-0.18978753793965364,0.3837143866720761,0.00022271714922048998,0.5,-0.48309988950121463,0.6164962199036231,0.7892431695059715,0.12220871270541034,0.7241024129314182,0.023763899995473542
2021-12-09 09:40:00,0.1094839609483961,-0.49800796812749004,-0.23723008190618022,-0.16550615961435466,0.3837143866720761,0.00022271714922048998,0.5,-0.48309988950121463,0.6164962199036231,0.7892431695059715,0.12220871270541034,0.7241024129314182,0.0
2021-12-09 09:50:00,0.10181311018131102,-0.4561752988047809,-0.23901712583767698,-0.13229780396357804,0.3837143866720761,0.054788418708240534,0.5,-0.48309988950121463,0.6164962199036231,0.7892431695059715,0.12220871270541034,0.7241024129314182,0.0
2021-12-09 10:00:00,0.0885634588563459,-0.4143426294820718,-0.2482501861504096,-0.1376539903588645,0.3837143866720761,0.994097995545657,0.5,-0.39976299294615514,0.6371222417939871,0.7225948655244011,0.1576237022041099,0.7617101793181782,0.0
2021-12-09 10:10:00,0.12831241283124128,-0.37250996015936266,-0.259270290394639,-0.15515086591680072,0.3837143866720761,0.994097995545657,0.5,-0.39976299294615514,0.6371222417939871,0.7225948655244011,0.1576237022041099,0.7617101793181782,0.0
2021-12-09 10:20:00,0.13528591352859135,-0.33067729083665354,-0.2631422189128817,-0.16907695054454563,0.3837143866720761,0.994097995545657,0.5,-0.39976299294615514,0.6371222417939871,0.7225948655244011,0.1576237022041099,0.7617101793181782,0.0
2021-12-09 10:30:00,0.11645746164574616,-0.5139442231075697,-0.2670141474311244,-0.18121763970719518,0.3837143866720761,0.994097995545657,0.5,-0.39976299294615514,0.6371222417939871,0.7225948655244011,0.1576237022041099,0.7617101793181782,0.0
2021-12-09 10:40:00,0.11715481171548117,-0.6972111553784861,-0.2679076693968728,-0.18657382610248163,0.3837143866720761,0.994097995545657,0.5,-0.39976299294615514,0.6371222417939871,0.7225948655244011,0.1576237022041099,0.7617101793181782,0.0
2021-12-09 10:50:00,0.1311018131101813,0.15537848605577675,-0.2708860759493672,-0.19085877521871086,0.3837143866720761,0.994097995545657,0.5,-0.39976299294615514,0.6371222417939871,0.7225948655244011,0.1576237022041099,0.7617101793181782,0.0
2021-12-09 11:00:00,0.099721059972106,0.40637450199203173,-0.28071481757259875,-0.1919300124977681,0.3837143866720761,0.994097995545657,0.5,-0.4177667905289233,0.6331999068984263,0.7002907974668119,0.10182669298145568,0.8564069335939086,0.0
2021-12-09 11:10:00,0.08298465829846582,0.6573705179282865,-0.28011913626209994,-0.18943045884663456,0.3837143866720761,0.994097995545657,0.5,-0.4177667905289233,0.6331999068984263,0.7002907974668119,0.10182669298145568,0.8564069335939086,0.0
2021-12-09 11:20:00,0.09483960948396096,-0.17928286852589637,-0.27237527922561433,-0.18300303517229055,0.3837143866720761,0.994097995545657,0.5,-0.4177667905289233,0.6331999068984263,0.7002907974668119,0.10182669298145568,0.8564069335939086,0.0
2021-12-09 11:30:00,0.09065550906555091,-0.33864541832669326,-0.2628443782576322,-0.17657561149794665,0.3837143866720761,0.994097995545657,0.5,-0.4177667905289233,0.6331999068984263,0.7002907974668119,0.10182669298145568,0.8564069335939086,0.0
2021-12-09 11:40:00,0.10739191073919108,-0.6892430278884463,-0.2583767684288907,-0.1740760578468129,0.3837143866720761,0.994097995545657,0.5,-0.4177667905289233,0.6331999068984263,0.7002907974668119,0.10182669298145568,0.8564069335939086,0.0
2021-12-09 11:50:00,0.12761506276150628,0.41035856573705165,-0.251824274013403,-0.1740760578468129,0.3837143866720761,0.994097995545657,0.5,-0.4177667905289233,0.6331999068984263,0.7002907974668119,0.10182669298145568,0.8564069335939086,0.0
2021-12-09 12:00:00,0.10808926080892609,0.7609561752988048,-0.2479523454951601,-0.1740760578468129,0.3837143866720761,0.994097995545657,0.5,-0.41696881786311435,0.623927104914557,0.6652452071553093,0.09823617113915398,0.8239843340204732,0.0
2021-12-09 12:10:00,0.10320781032078104,0.707455890722823,-0.24199553239017135,-0.17621853240492769,0.3837143866720761,0.994097995545657,0.5,-0.41696881786311435,0.623927104914557,0.6652452071553093,0.09823617113915398,0.8239843340204732,0.0
2021-12-09 12:20:00,0.11018131101813111,0.653955606146841,-0.23454951600893525,-0.18443135154436707,0.3837143866720761,0.994097995545657,0.5,-0.41696881786311435,0.623927104914557,0.6652452071553093,0.09823617113915398,0.8239843340204732,0.0
2021-12-09 12:30:00,0.09623430962343095,0.6004553215708592,-0.2318689501116903,-0.18800214247455804,0.3837143866720761,0.994097995545657,0.5,-0.41696881786311435,0.623927104914557,0.6652452071553093,0.09823617113915398,0.8239843340204732,0.0
2021-12-09 12:40:00,0.12622036262203626,0.5469550369948775,-0.23008190618019375,-0.1919300124977681,0.3837143866720761,0.994097995545657,0.5,-0.41696881786311435,0.623927104914557,0.6652452071553093,0.09823617113915398,0.8239843340204732,0.0
2021-12-09 12:50:00,0.12412831241283125,0.49345475241889547,-0.22591213700670154,-0.19657204070701662,0.3837143866720761,0.994097995545657,0.5,-0.41696881786311435,0.623927104914557,0.6652452071553093,0.09823617113915398,0.8239843340204732,0.0
2021-12-09 13:00:00,0.11924686192468618,0.4399544678429139,-0.22233804914370825,-0.20335654347437948,0.3837143866720761,0.994097995545657,0.5,-0.2919110086207731,0.6220851879416216,0.5443378318107396,0.1694843237988683,0.751897149732675,0.0
2021-12-09 13:10:00,0.09344490934449094,0.38645418326693215,-0.2169769173492183,-0.20442778075343682,0.3837143866720761,0.994097995545657,0.5,-0.2919110086207731,0.6220851879416216,0.5443378318107396,0.1694843237988683,0.751897149732675,0.0
2021-12-09 13:20:00,0.10599721059972106,0.6494023904382469,-0.21489203276247215,-0.20264238528834144,0.3837143866720761,0.994097995545657,0.5,-0.2919110086207731,0.6220851879416216,0.5443378318107396,0.1694843237988683,0.751897149732675,0.0
2021-12-09 13:30:00,0.11715481171548117,0.6839309428950862,-0.21221146686522718,-0.20442778075343682,0.3837143866720761,0.994097995545657,0.5,-0.2919110086207731,0.6220851879416216,0.5443378318107396,0.1694843237988683,0.751897149732675,0.0
2021-12-09 13:40:00,0.11645746164574616,0.7184594953519254,-0.20714817572598676,-0.2062131762185324,0.3837143866720761,0.994097995545657,0.5,-0.2919110086207731,0.6220851879416216,0.5443378318107396,0.1694843237988683,0.751897149732675,0.0
2021-12-09 13:50:00,0.09762900976290097,0.7529880478087649,-0.2014892032762473,-0.2062131762185324,0.3837143866720761,0.994097995545657,0.5,-0.2919110086207731,0.6220851879416216,0.5443378318107396,0.1694843237988683,0.751897149732675,0.0
2021-12-09 14:00:00,0.13807531380753138,0.14741035856573692,-0.1964259121370069,-0.20335654347437948,0.3837143866720761,0.994097995545657,0.5,-0.2751041867132632,0.6000942509777102,0.5080882682098424,0.24740081576324277,0.7105084582716903,0.0
2021-12-09 14:10:00,0.13319386331938632,-0.4422310756972112,-0.19076693968726743,-0.2029994643813604,0.3837143866720761,0.994097995545657,0.5,-0.2751041867132632,0.6000942509777102,0.5080882682098424,0.24740081576324277,0.7105084582716903,0.0
2021-12-09 14:20:00,0.1199442119944212,-0.7290836653386454,-0.18808637379002247,-0.2062131762185324,0.3837143866720761,0.994097995545657,0.5,-0.2751041867132632,0.6000942509777102,0.5080882682098424,0.24740081576324277,0.7105084582716903,0.0
2021-12-09 14:30:00,0.11576011157601115,-0.19521912350597614,-0.18510796723752798,-0.2062131762185324,0.3837143866720761,0.994097995545657,0.5,-0.2751041867132632,0.6000942509777102,0.5080882682098424,0.24740081576324277,0.7105084582716903,0.0
2021-12-09 14:40:00,0.1199442119944212,-0.2855245683930945,-0.182427401340283,-0.21085520442778072,0.3837143866720761,0.994097995545657,0.5,-0.2751041867132632,0.6000942509777102,0.5080882682098424,0.24740081576324277,0.7105084582716903,0.0
2021-12-09 14:50:00,0.09414225941422595,-0.3758300132802126,-0.17944899478778864,-0.21549723263702913,0.3837143866720761,0.994097995545657,0.5,-0.2751041867132632,0.6000942509777102,0.5080882682098424,0.24740081576324277,0.7105084582716903,0.0
2021-12-09 15:00:00,0.11436541143654114,-0.4661354581673308,-0.17944899478778864,-0.22049633993929663,0.3837143866720761,0.994097995545657,0.5,-0.26726260855179895,0.5999477022013939,0.4822491296429663,0.2938782679168505,0.6916596734808886,0.0
2021-12-09 15:10:00,0.099721059972106,-0.4661354581673308,-0.1743857036485481,-0.22049633993929663,0.3837143866720761,0.994097995545657,0.5,-0.26726260855179895,0.5999477022013939,0.4822491296429663,0.2938782679168505,0.6916596734808886,0.0
2021-12-09 15:20:00,0.11924686192468618,-0.4661354581673308,-0.17349218168279978,-0.22299589359043037,0.3837143866720761,0.994097995545657,0.5,-0.26726260855179895,0.5999477022013939,0.4822491296429663,0.2938782679168505,0.6916596734808886,0.0
2021-12-09 15:30:00,0.11087866108786612,-0.4016660630206448,-0.17349218168279978,-0.22692376361364042,0.3837143866720761,0.994097995545657,0.5,-0.26726260855179895,0.5999477022013939,0.4822491296429663,0.2938782679168505,0.6916596734808886,0.0
2021-12-09 15:40:00,0.11157601115760113,-0.33719666787395886,-0.1705137751303054,-0.23227995000892698,0.3837143866720761,0.994097995545657,0.5,-0.26726260855179895,0.5999477022013939,0.4822491296429663,0.2938782679168505,0.6916596734808886,0.0
2021-12-09 15:50:00,0.12343096234309624,-0.2727272727272728,-0.1705137751303054,-0.23763613640421344,0.3837143866720761,0.994097995545657,0.5,-0.26726260855179895,0.5999477022013939,0.4822491296429663,0.2938782679168505,0.6916596734808886,0.0
2021-12-09 16:00:00,0.11506276150627615,-0.2082578775805869,-0.1705137751303054,-0.24406356007855734,0.3837143866720761,0.994097995545657,0.5,-0.23279395828795935,0.5909277686943095,0.4472897729355073,0.32006343943441246,0.6870754402085952,0.0
2021-12-09 16:10:00,0.11924686192468618,-0.14378848243390085,-0.1705137751303054,-0.2497768255668631,0.3837143866720761,0.994097995545657,0.5,-0.23279395828795935,0.5909277686943095,0.4472897729355073,0.32006343943441246,0.6870754402085952,0.0
2021-12-09 16:20:00,0.12203626220362622,-0.07931908728721482,-0.17319434102755038,-0.2558471701481878,0.3837143866720761,0.994097995545657,0.5,-0.23279395828795935,0.5909277686943095,0.4472897729355073,0.32006343943441246,0.6870754402085952,0.0
2021-12-09 16:30:00,0.1387726638772664,-0.014849692140528892,-0.17349218168279978,-0.2637029101946081,0.3837143866720761,0.994097995545657,0.5,-0.23279395828795935,0.5909277686943095,0.4472897729355073,0.32006343943441246,0.6870754402085952,0.0
2021-12-09 16:40:00,0.13807531380753138,0.049619703006157145,-0.177661950856292,-0.270130333868952,0.3837143866720761,0.994097995545657,0.5,-0.23279395828795935,0.5909277686943095,0.4472897729355073,0.32006343943441246,0.6870754402085952,0.0
2021-12-09 16:50:00,0.13458856345885634,0.11408909815284307,-0.17944899478778864,-0.27584359935725755,0.3837143866720761,0.994097995545657,0.5,-0.23279395828795935,0.5909277686943095,0.4472897729355073,0.32006343943441246,0.6870754402085952,0.0
2021-12-09 17:00:00,0.1324965132496513,0.178558493299529,-0.1821295606850335,-0.2819139439385824,0.3837143866720761,0.994097995545657,0.5,-0.2299765227603151,0.6044447381805537,0.4251632446509486,0.3080475147918907,0.6825291547895453,0.0
2021-12-09 17:10:00,0.1324965132496513,0.24302788844621515,-0.182427401340283,-0.2879842885199072,0.3837143866720761,0.994097995545657,0.5,-0.2299765227603151,0.6044447381805537,0.4251632446509486,0.3080475147918907,0.6825291547895453,0.0
2021-12-09 17:20:00,0.13807531380753138,0.30749728359290085,-0.18749069247952344,-0.2958400285663274,0.3837143866720761,0.994097995545657,0.5,-0.2299765227603151,0.6044447381805537,0.4251632446509486,0.3080475147918907,0.6825291547895453,0.0
2021-12-09 17:30:00,0.1387726638772664,0.371966678739587,-0.19017125837676851,-0.30440992679878587,0.3837143866720761,0.994097995545657,0.5,-0.2299765227603151,0.6044447381805537,0.4251632446509486,0.3080475147918907,0.6825291547895453,0.0
2021-12-09 17:40:00,0.16527196652719667,0.4364360738862729,-0.19434102755026073,-0.31119442956614896,0.3837143866720761,0.994097995545657,0.5,-0.2299765227603151,0.6044447381805537,0.4251632446509486,0.3080475147918907,0.6825291547895453,0.0
2021-12-09 17:50:00,0.14016736401673638,0.5009054690329588,-0.19791511541325402,-0.3169076950544545,0.3837143866720761,0.994097995545657,0.5,-0.2299765227603151,0.6044447381805537,0.4251632446509486,0.3080475147918907,0.6825291547895453,0.0
2021-12-09 18:00:00,0.11715481171548117,0.565374864179645,-0.20178704393149682,-0.3247634351008748,0.3837143866720761,0.994097995545657,0.5,-0.3287736769413082,0.6062722876263983,0.5741560171336026,0.1890113359647205,0.6825549763132813,0.0
2021-12-09 18:10:00,0.09832635983263598,0.6298442593263309,-0.20744601638123616,-0.32762006784502773,0.3837143866720761,0.994097995545657,0.5,-0.3287736769413082,0.6062722876263983,0.5741560171336026,0.1890113359647205,0.6825549763132813,0.0
2021-12-09 18:20:00,0.08298465829846582,0.6943136544730169,-0.21221146686522718,-0.33369041242635245,0.3837143866720761,0.994097995545657,0.5,-0.3287736769413082,0.6062722876263983,0.5741560171336026,0.1890113359647205,0.6825549763132813,0.0
2021-12-09 18:30:00,0.07461645746164575,0.7587830496197028,-0.21221146686522718,-0.33476164970540967,0.3837143866720761,0.994097995545657,0.5,-0.3287736769413082,0.6062722876263983,0.5741560171336026,0.1890113359647205,0.6825549763132813,0.0
2021-12-09 18:40:00,0.07043235704323571,0.7588315809624122,-0.21221146686522718,-0.3379753615425817,0.3837143866720761,0.994097995545657,0.5,-0.3287736769413082,0.6062722876263983,0.5741560171336026,0.1890113359647205,0.6825549763132813,0.0
2021-12-09 18:50:00,0.04672245467224547,0.7588801123051216,-0.21459419210722275,-0.33833244063560075,0.3837143866720761,0.994097995545657,0.5,-0.3287736769413082,0.6062722876263983,0.5741560171336026,0.1890113359647205,0.6825549763132813,0.0
2021-12-09 19:00:00,0.05369595536959554,0.7589286436478311,-0.2205510052122116,-0.34154615247277276,0.3837143866720761,0.994097995545657,0.5,-0.3448313551060078,0.6276569149471126,0.5953077252500997,0.1221262785926203,0.8244238512218232,0.0
2021-12-09 19:10:00,0.04951185495118549,0.7589771749905405,-0.22293373045420706,-0.34475986430994454,0.3837143866720761,0.994097995545657,0.5,-0.3448313551060078,0.6276569149471126,0.5953077252500997,0.1221262785926203,0.8244238512218232,0.0
2021-12-09 19:20:00,0.0404463040446304,0.7590257063332502,-0.2244229337304543,-0.3454740224959829,0.3837143866720761,0.994097995545657,0.5,-0.3448313551060078,0.6276569149471126,0.5953077252500997,0.1221262785926203,0.8244238512218232,0.0
2021-12-09 19:30:00,0.03207810320781032,0.7590742376759596,-0.2288905435591959,-0.3483306552401356,0.3837143866720761,0.994097995545657,0.5,-0.3448313551060078,0.6276569149471126,0.5953077252500997,0.1221262785926203,0.8244238512218232,0.0
2021-12-09 19:40:00,0.02510460251046025,0.759122769018669,-0.23037974683544316,-0.3490448134261739,0.3837143866720761,0.994097995545657,0.5,-0.3448313551060078,0.6276569149471126,0.5953077252500997,0.1221262785926203,0.8244238512218232,0.0
2021-12-09 19:50:00,0.009762900976290099,0.7591713003613785,-0.23306031273268812,-0.3490448134261739,0.3837143866720761,0.994097995545657,0.5,-0.3448313551060078,0.6276569149471126,0.5953077252500997,0.1221262785926203,0.8244238512218232,0.0
2021-12-09 20:00:00,0.02301255230125523,0.7592198317040879,-0.23306031273268812,-0.35118728798428844,0.3837143866720761,0.994097995545657,0.5,-0.36248504530850445,0.6206283206947005,0.5985128254097967,0.1809915762630596,0.9916844495671931,0.0
2021-12-09 20:10:00,0.02510460251046025,0.7592683630467973,-0.23454951600893525,-0.3551151580074986,0.3837143866720761,0.994097995545657,0.5,-0.36248504530850445,0.6206283206947005,0.5985128254097967,0.1809915762630596,0.9916844495671931,0.0
2021-12-09 20:20:00,0.03556485355648536,0.7593168943895068,-0.23901712583767698,-0.3569005534725942,0.3837143866720761,0.994097995545657,0.5,-0.36248504530850445,0.6206283206947005,0.5985128254097967,0.1809915762630596,0.9916844495671931,0.0
2021-12-09 20:30:00,0.0299860529986053,0.7593654257322164,-0.23901712583767698,-0.35904302803070876,0.3837143866720761,0.994097995545657,0.5,-0.36248504530850445,0.6206283206947005,0.5985128254097967,0.1809915762630596,0.9916844495671931,0.0
2021-12-09 20:40:00,0.02510460251046025,0.7594139570749259,-0.23901712583767698,-0.3569005534725942,0.3837143866720761,0.994097995545657,0.5,-0.36248504530850445,0.6206283206947005,0.5985128254097967,0.1809915762630596,0.9916844495671931,0.0
2021-12-09 20:50:00,0.07740585774058578,0.7401362292764424,-0.23425167535368596,-0.35618639528655593,0.3837143866720761,0.994097995545657,0.5,-0.36248504530850445,0.6206283206947005,0.5985128254097967,0.1809915762630596,0.9916844495671931,0.0
2021-12-09 21:00:00,0.10808926080892609,0.7208585014779587,-0.2324646314221892,-0.35618639528655593,0.3837143866720761,0.994097995545657,0.5,-0.4228438645157483,0.6174588442186529,0.6932966181082707,0.2590396120244394,0.05828673162997952,0.0
2021-12-09 21:10:00,0.1311018131101813,0.7015807736794752,-0.23008190618019375,-0.3615425816818424,0.3837143866720761,0.994097995545657,0.5,-0.4228438645157483,0.6174588442186529,0.6932966181082707,0.2590396120244394,0.05828673162997952,0.0
2021-12-09 21:20:00,0.1297071129707113,0.682303045880992,-0.23008190618019375,-0.36689876807712907,0.3837143866720761,0.994097995545657,0.5,-0.4228438645157483,0.6174588442186529,0.6932966181082707,0.2590396120244394,0.05828673162997952,0.0
2021-12-09 21:30:00,0.10669456066945607,0.6630253180825085,-0.23008190618019375,-0.37332619175147286,0.3837143866720761,0.994097995545657,0.5,-0.4228438645157483,0.6174588442186529,0.6932966181082707,0.2590396120244394,0.05828673162997952,0.0
2021-12-09 21:40:00,0.11924686192468618,0.6437475902840251,-0.23008190618019375,-0.3793965363327976,0.3837143866720761,0.994097995545657,0.5,-0.4228438645157483,0.6174588442186529,0.6932966181082707,0.2590396120244394,0.05828673162997952,0.0
2021-12-09 21:50:00,0.06903765690376569,0.6244698624855416,-0.23008190618019375,-0.38475272272808425,0.3837143866720761,0.994097995545657,0.5,-0.4228438645157483,0.6174588442186529,0.6932966181082707,0.2590396120244394,0.05828673162997952,0.0
2021-12-09 22:00:00,0.056485355648535567,0.6051921346870581,-0.2321667907669398,-0.38475272272808425,0.3837143866720761,0.994097995545657,0.5,-0.4533164477758994,0.6183065283169605,0.7347778983780093,0.2822538917488651,0.0578790618822853,0.0
2021-12-09 22:10:00,0.0815899581589958,0.5859144068885747,-0.23723008190618022,-0.3868951972861988,0.3837143866720761,0.994097995545657,0.5,-0.4533164477758994,0.6183065283169605,0.7347778983780093,0.2822538917488651,0.0578790618822853,0.0
2021-12-09 22:20:00,0.099721059972106,0.566636679090091,-0.23782576321667914,-0.39260846277450456,0.3837143866720761,0.994097995545657,0.5,-0.4533164477758994,0.6183065283169605,0.7347778983780093,0.2822538917488651,0.0578790618822853,0.0
2021-12-09 22:30:00,0.1094839609483961,0.5473589512916075,-0.2399106478034252,-0.3983217282628101,0.3837143866720761,0.994097995545657,0.5,-0.4533164477758994,0.6183065283169605,0.7347778983780093,0.2822538917488651,0.0578790618822853,0.0
2021-12-09 22:40:00,0.11645746164574616,0.5280812234931243,-0.2399106478034252,-0.40260667737903943,0.3837143866720761,0.994097995545657,0.5,-0.4533164477758994,0.6183065283169605,0.7347778983780093,0.2822538917488651,0.0578790618822853,0.0
2021-12-09 22:50:00,0.12622036262203626,0.5088034956946408,-0.2402084884586747,-0.40689162649526867,0.3837143866720761,0.994097995545657,0.5,-0.4533164477758994,0.6183065283169605,0.7347778983780093,0.2822538917488651,0.0578790618822853,0.0
2021-12-09 23:00:00,0.11157601115760113,0.4895257678961573,-0.24199553239017135,-0.41010533833244067,0.3837143866720761,0.994097995545657,0.5,-0.4604047797645473,0.6157031324082581,0.753443035159089,0.28561380963032723,0.03347262466983848,0.0
2021-12-09 23:10:00,0.07810320781032079,0.47024804009767385,-0.2396128071481759,-0.41546152472772724,0.3837143866720761,0.994097995545657,0.5,-0.4604047797645473,0.6157031324082581,0.753443035159089,0.28561380963032723,0.03347262466983848,0.0
2021-12-09 23:20:00,0.055090655509065556,0.4509703122991904,-0.23901712583767698,-0.41688984109980365,0.3837143866720761,0.994097995545657,0.5,-0.4604047797645473,0.6157031324082581,0.753443035159089,0.28561380963032723,0.03347262466983848,0.0
2021-12-09 23:30:00,0.03347280334728033,0.4316925845007069,-0.243782576321668,-0.41688984109980365,0.3837143866720761,0.994097995545657,0.5,-0.4604047797645473,0.6157031324082581,0.753443035159089,0.28561380963032723,0.03347262466983848,0.0
2021-12-09 23:40:00,0.008368200836820083,0.41241485670222344,-0.2521221146686523,-0.4176039992858417,0.3837143866720761,0.994097995545657,0.5,-0.4604047797645473,0.6157031324082581,0.753443035159089,0.28561380963032723,0.03347262466983848,0.0
2021-12-09 23:50:00,0.030683403068340307,0.39313712890373975,-0.25688756515264344,-0.4204606320299946,0.3837143866720761,0.994097995545657,0.5,-0.4604047797645473,0.6157031324082581,0.753443035159089,0.28561380963032723,0.03347262466983848,0.0
2021-12-10 00:00:00,0.07182705718270573,0.3738594011052563,-0.25688756515264344,-0.4222460274950901,0.3837143866720761,0.994097995545657,0.5,-0.4710047251321867,0.6266109589749629,0.7771551204309348,0.3048517328303345,0.008165438199695377,0.0
2021-12-10 00:10:00,0.099721059972106,0.3545816733067728,-0.2586746090841401,-0.42760221389037667,0.3837143866720761,0.994097995545657,0.5,-0.4710047251321867,0.6266109589749629,0.7771551204309348,0.3048517328303345,0.008165438199695377,0.0
2021-12-10 00:20:00,0.13458856345885634,-0.14741035856573714,-0.2598659717051379,-0.42974468844849134,0.3837143866720761,0.994097995545657,0.5,-0.4710047251321867,0.6266109589749629,0.7771551204309348,0.3048517328303345,0.008165438199695377,0.0
2021-12-10 00:30:00,0.200836820083682,-0.5617529880478087,-0.2559940431868951,-0.4315300839135868,0.37997147007629795,0.9874164810690423,0.5,-0.4710047251321867,0.6266109589749629,0.7771551204309348,0.3048517328303345,0.008165438199695377,0.0
2021-12-10 00:40:00,0.25174337517433754,-0.0916334661354582,-0.24973938942665685,-0.42296018568112836,0.36694978471686013,0.06993318485523385,0.5,-0.4710047251321867,0.6266109589749629,0.7771551204309348,0.3048517328303345,0.008165438199695377,0.0641927063687252
2021-12-10 00:50:00,0.2754532775453278,-0.298804780876494,-0.23871928518242747,-0.36547045170505266,0.36694978471686013,0.00011135857461024499,0.5,-0.4710047251321867,0.6266109589749629,0.7771551204309348,0.3048517328303345,0.008165438199695377,0.11541711302563484
2021-12-10 01:00:00,0.37308228730822873,0.03585657370517925,-0.2285927029039465,-0.3211926441706838,0.35377105390585123,0.00022271714922048998,0.5,-0.5016035164829302,0.6318637268790563,0.8260485594105782,0.31578042764878284,0.9990298058318643,0.2382802480498514
2021-12-10 01:10:00,0.399581589958159,0.4661354581673305,-0.21548771407297107,-0.2922692376361363,0.35552472811506197,0.00022271714922048998,0.5,-0.5016035164829302,0.6318637268790563,0.8260485594105782,0.31578042764878284,0.9990298058318643,0.3007000920379619
2021-12-10 01:20:00,0.3688981868898187,-0.14741035856573714,-0.21221146686522718,-0.27084449205499006,0.36058944392823017,0.00022271714922048998,0.5,-0.5016035164829302,0.6318637268790563,0.8260485594105782,0.31578042764878284,0.9990298058318643,0.303921420704015
2021-12-10 01:30:00,0.28103207810320785,-0.298804780876494,-0.21489203276247215,-0.25513301196214966,0.35299891376896,0.00022271714922048998,0.5,-0.5016035164829302,0.6318637268790563,0.8260485594105782,0.31578042764878284,0.9990298058318643,0.16837666158697587
2021-12-10 01:40:00,0.24616457461645744,0.1633466135458166,-0.2166790766939689,-0.24299232279950012,0.357749538678986,0.00022271714922048998,0.5,-0.5016035164829302,0.6318637268790563,0.8260485594105782,0.31578042764878284,0.9990298058318643,0.1096232478838813
2021-12-10 01:50:00,0.2705718270571827,-0.1872509960159363,-0.22204020848845885,-0.23370826638100328,0.3547002394943136,0.00011135857461024499,0.5,-0.5016035164829302,0.6318637268790563,0.8260485594105782,0.31578042764878284,0.9990298058318643,0.12172397664348114
2021-12-10 02:00:00,0.27475592747559274,-0.21115537848605592,-0.22263588979895765,-0.22656668452062123,0.35299891376896,0.00022271714922048998,0.5,-0.4919857862473872,0.6411853784550311,0.8135046135612235,0.32322411592766814,0.9934612591646947,0.12493021711906091
2021-12-10 02:10:00,0.2789400278940028,0.4422310756972112,-0.22144452717795982,-0.2208534190323156,0.36434544764497256,0.00022271714922048998,0.5,-0.4919857862473872,0.6411853784550311,0.8135046135612235,0.32322411592766814,0.9934612591646947,0.13502421654570967
2021-12-10 02:20:00,0.3437935843793584,0.14741035856573692,-0.22382725241995538,-0.22049633993929663,0.39027103427516985,0.00022271714922048998,0.5,-0.4919857862473872,0.6411853784550311,0.8135046135612235,0.32322411592766814,0.9934612591646947,0.20524465500852485
2021-12-10 02:30:00,0.33891213389121344,0.15537848605577675,-0.22323157110945657,-0.21978218175325825,0.39447200010469696,0.00022271714922048998,0.5,-0.4919857862473872,0.6411853784550311,0.8135046135612235,0.32322411592766814,0.9934612591646947,0.19219337024910602
2021-12-10 02:40:00,0.3472803347280335,0.2350597609561753,-0.21935964259121388,-0.21371183717193354,0.40865843922995376,0.00022271714922048998,0.5,-0.4919857862473872,0.6411853784550311,0.8135046135612235,0.32322411592766814,0.9934612591646947,0.22349382138600118
2021-12-10 02:50:00,0.34449093444909346,-0.2828685258964144,-0.21757259865971712,-0.20764149259060882,0.4171650678567222,0.00022271714922048998,0.5,-0.4919857862473872,0.6411853784550311,0.8135046135612235,0.32322411592766814,0.9934612591646947,0.2280806312898894
2021-12-10 03:00:00,0.30474198047419804,-0.043824701195219196,-0.21131794489947897,-0.201571148009284,0.40822656423813325,0.00022271714922048998,0.5,-0.48502466294201607,0.6496995750085501,0.7923700253514114,0.3334047650204793,0.009197369945512691,0.15528011225613714
2021-12-10 03:10:00,0.29497907949790797,-0.21912350597609564,-0.20714817572598676,-0.19300124977682553,0.40025650757089953,0.00022271714922048998,0.5,-0.48502466294201607,0.6496995750085501,0.7923700253514114,0.3334047650204793,0.009197369945512691,0.13738551835478371
2021-12-10 03:20:00,0.2377963737796374,-0.01195219123505975,-0.19821295606850342,-0.1822888769862525,0.39439347737891145,0.00022271714922048998,0.5,-0.48502466294201607,0.6496995750085501,0.7923700253514114,0.3334047650204793,0.009197369945512691,0.07674608084252456
2021-12-10 03:30:00,0.201534170153417,-0.15537848605577698,-0.19136262099776635,-0.16586323870737363,0.39439347737891145,0.00022271714922048998,0.5,-0.48502466294201607,0.6496995750085501,0.7923700253514114,0.3334047650204793,0.009197369945512691,0.047701314181390224
2021-12-10 03:40:00,0.13458856345885634,0.3227091633466135,-0.18838421444527187,-0.14336725584717003,0.39439347737891145,0.00022271714922048998,0.5,-0.48502466294201607,0.6496995750085501,0.7923700253514114,0.3334047650204793,0.009197369945512691,0.0033646664755495872
2021-12-10 03:50:00,0.10111576011157601,-0.15537848605577698,-0.19166046165301565,-0.1101589001963934,0.39439347737891145,0.01514476614699332,0.5,-0.48502466294201607,0.6496995750085501,0.7923700253514114,0.3334047650204793,0.009197369945512691,0.0
2021-12-10 04:00:00,0.10111576011157601,0.6812749003984064,-0.20357408786299336,-0.12515622210319588,0.39439347737891145,0.6410913140311805,0.5,-0.5002751963412995,0.6585844537609885,0.7893538782358684,0.3229808457909108,0.04445805107781213,0.0
2021-12-10 04:10:00,0.10599721059972106,0.5211155378486054,-0.22204020848845885,-0.1422960185681127,0.39439347737891145,0.9995545657015591,0.5,-0.5002751963412995,0.6585844537609885,0.7893538782358684,0.3229808457909108,0.04445805107781213,0.0
2021-12-10 04:20:00,0.100418410041841,0.36095617529880464,-0.23037974683544316,-0.15872165684699147,0.39439347737891145,0.9995545657015591,0.5,-0.5002751963412995,0.6585844537609885,0.7893538782358684,0.3229808457909108,0.04445805107781213,0.0
2021-12-10 04:30:00,0.11506276150627615,0.20079681274900385,-0.23782576321667914,-0.17371897875379394,0.39439347737891145,0.9995545657015591,0.5,-0.5002751963412995,0.6585844537609885,0.7893538782358684,0.3229808457909108,0.04445805107781213,0.0
2021-12-10 04:40:00,0.0815899581589958,0.04063745019920306,-0.23782576321667914,-0.18264595607927148,0.39439347737891145,0.9995545657015591,0.5,-0.5002751963412995,0.6585844537609885,0.7893538782358684,0.3229808457909108,0.04445805107781213,0.0
2021-12-10 04:50:00,0.09762900976290097,-0.11952191235059773,-0.24616530156366356,-0.1951437243349402,0.39439347737891145,0.9995545657015591,0.5,-0.5002751963412995,0.6585844537609885,0.7893538782358684,0.3229808457909108,0.04445805107781213,0.0
2021-12-10 05:00:00,0.15271966527196654,-0.2796812749003986,-0.2503350707371558,-0.20835565077664697,0.39439347737891145,0.9995545657015591,0.5,-0.5277277907613944,0.656762651325981,0.844786867940971,0.3379885555403063,0.09121937507049245,0.0
2021-12-10 05:10:00,0.18131101813110181,-0.4398406374501994,-0.25003723008190626,-0.22478128905552575,0.39627802279776475,0.9995545657015591,0.5,-0.5277277907613944,0.656762651325981,0.844786867940971,0.3379885555403063,0.09121937507049245,0.0
2021-12-10 05:20:00,0.15411436541143653,-0.6000000000000002,-0.2521221146686523,-0.22978039635779324,0.5254479067150017,0.9909799554565701,0.5,-0.5277277907613944,0.656762651325981,0.844786867940971,0.3379885555403063,0.09121937507049245,0.0
2021-12-10 05:30:00,0.16527196652719667,-0.4013280212483402,-0.2482501861504096,-0.2237100517764684,0.562288152229391,0.9982182628062362,0.5,-0.5277277907613944,0.656762651325981,0.844786867940971,0.3379885555403063,0.09121937507049245,0.0
2021-12-10 05:40:00,0.19177126917712692,-0.20265604249668023,-0.24437825763216692,-0.23299410819496513,0.562288152229391,0.6682628062360801,0.5,-0.5277277907613944,0.656762651325981,0.844786867940971,0.3379885555403063,0.09121937507049245,0.011821597235843506
2021-12-10 05:50:00,0.24476987447698745,-0.003984063745020028,-0.2360387192851825,-0.22299589359043037,0.5701535119289107,0.00011135857461024499,0.5,-0.5277277907613944,0.656762651325981,0.844786867940971,0.3379885555403063,0.09121937507049245,0.10140018407592377
2021-12-10 06:00:00,0.22454672245467225,0.4581673306772909,-0.21965748324646328,-0.20585609712551323,0.5760950648466844,0.00011135857461024499,0.5,-0.6251345213481452,0.6491794705278937,0.9865899136865031,0.40498627045567,0.11632935113277067,0.07929598503251505
2021-12-10 06:10:00,0.2524407252440725,0.05179282868525892,-0.21042442293373054,-0.19442956614890183,0.5897187577704781,0.00011135857461024499,0.5,-0.6251345213481452,0.6491794705278937,0.9865899136865031,0.40498627045567,0.11632935113277067,0.11648083045400366
2021-12-10 06:20:00,0.22663877266387727,-0.08366533864541836,-0.20387192851824287,-0.18657382610248163,0.5899805001897633,0.00022271714922048998,0.5,-0.6251345213481452,0.6491794705278937,0.9865899136865031,0.40498627045567,0.11632935113277067,0.0904763341732426
2021-12-10 06:30:00,0.20223152022315202,0.08366533864541825,-0.19463886820551013,-0.17728976968398502,0.6004632840821348,0.00033407572383073496,0.5,-0.6251345213481452,0.6491794705278937,0.9865899136865031,0.40498627045567,0.11632935113277067,0.07125397951023735
2021-12-10 06:40:00,0.21617852161785217,0.07569721115537842,-0.19017125837676851,-0.16729155507945004,0.6038528484118778,0.00022271714922048998,0.5,-0.6251345213481452,0.6491794705278937,0.9865899136865031,0.40498627045567,0.11632935113277067,0.0711709944626341
2021-12-10 06:50:00,0.18898186889818688,0.4422310756972112,-0.18361876396128085,-0.15943581503302984,0.6038528484118778,0.00022271714922048998,0.5,-0.6251345213481452,0.6491794705278937,0.9865899136865031,0.40498627045567,0.11632935113277067,0.060835583988412274
2021-12-10 07:00:00,0.18898186889818688,0.40239043824701204,-0.18004467609828745,-0.15158007498660953,0.6140084542801428,0.00022271714922048998,0.5,-0.6061148553659952,0.6541966109877098,0.9472892022719511,0.4478016789128104,0.12447295943850512,0.056776860751090126
2021-12-10 07:10:00,0.16248256624825663,0.09163346613545809,-0.18451228592702917,-0.14479557221924644,0.6203295337058801,0.00033407572383073496,0.5,-0.6061148553659952,0.6541966109877098,0.9472892022719511,0.4478016789128104,0.12447295943850512,0.030440424279916112
2021-12-10 07:20:00,0.14644351464435149,-0.6653386454183268,-0.193149664929263,-0.132654883056597,0.6203295337058801,0.00033407572383073496,0.5,-0.6061148553659952,0.6541966109877098,0.9472892022719511,0.4478016789128104,0.12447295943850512,0.02543868913801168
2021-12-10 07:30:00,0.1882845188284519,0.17928286852589648,-0.1976172747580046,-0.11765756114979464,0.6203295337058801,0.00033407572383073496,0.5,-0.6061148553659952,0.6541966109877098,0.9472892022719511,0.4478016789128104,0.12447295943850512,0.0278754318994523
2021-12-10 07:40:00,0.1806136680613668,-0.11553784860557781,-0.20208488458674623,-0.11980003570790931,0.6203295337058801,0.00033407572383073496,0.5,-0.6061148553659952,0.6541966109877098,0.9472892022719511,0.4478016789128104,0.12447295943850512,0.03689062570725893
2021-12-10 07:50:00,0.15829846582984658,0.394422310756972,-0.2047654504839912,-0.12051419389394735,0.6203295337058801,0.00022271714922048998,0.5,-0.6061148553659952,0.6541966109877098,0.9472892022719511,0.4478016789128104,0.12447295943850512,0.016076466949318767
2021-12-10 08:00:00,0.14086471408647142,0.5697211155378485,-0.2128071481757261,-0.108730583824317,0.6203295337058801,0.00022271714922048998,0.5,-0.6009970906100046,0.6640958371526999,0.9394186105052568,0.4783941281603209,0.11463829530298317,0.006171069903586463
2021-12-10 08:10:00,0.14714086471408647,-0.043824701195219196,-0.2163812360387194,-0.09194786645241915,0.6203295337058801,0.00022271714922048998,0.5,-0.6009970906100046,0.6640958371526999,0.9394186105052568,0.4783941281603209,0.11463829530298317,0.022617197519501486
2021-12-10 08:20:00,0.11785216178521618,-0.11553784860557781,-0.2163812360387194,-0.07945009819675053,0.6203295337058801,0.00044543429844097997,0.5,-0.6009970906100046,0.6640958371526999,0.9394186105052568,0.4783941281603209,0.11463829530298317,0.0016370686663548441
2021-12-10 08:30:00,0.09135285913528592,0.19521912350597592,-0.22501861504095322,-0.07123727905731125,0.6247398934708354,0.0801781737193764,0.5,-0.6009970906100046,0.6640958371526999,0.9394186105052568,0.4783941281603209,0.11463829530298317,0.0
2021-12-10 08:40:00,0.14644351464435149,-0.9920318725099602,-0.23931496649292638,-0.10016068559185842,0.6367276962740966,0.99543429844098,0.5,-0.6009970906100046,0.6640958371526999,0.9394186105052568,0.4783941281603209,0.11463829530298317,0.0
2021-12-10 08:50:00,0.16387726638772665,-0.5338645418326694,-0.254504839910648,-0.11980003570790931,0.6367276962740966,0.99543429844098,0.5,-0.6009970906100046,0.6640958371526999,0.9394186105052568,0.4783941281603209,0.11463829530298317,0.0
2021-12-10 09:00:00,0.21827057182705717,-0.07569721115537853,-0.25778108711839176,-0.1487234422424566,0.6064048369999084,0.23151447661469932,0.5,-0.5927778887694478,0.6778311930507143,0.9288880924961928,0.4982595017108276,0.11848155871392674,0.044766661134330164
2021-12-10 09:10:00,0.20502092050209206,-0.2828685258964144,-0.24110201042442314,-0.15158007498660953,0.6015626022431325,0.00033407572383073496,0.5,-0.5927778887694478,0.6778311930507143,0.9288880924961928,0.4982595017108276,0.11848155871392674,0.06392111894020551
2021-12-10 09:20:00,0.1903765690376569,0.027888446215139417,-0.22650781831720035,-0.13872522763792183,0.5959613144704297,0.00033407572383073496,0.5,-0.5927778887694478,0.6778311930507143,0.9288880924961928,0.4982595017108276,0.11848155871392674,0.05594701027505771
2021-12-10 09:30:00,0.19804741980474197,-0.5776892430278885,-0.22382725241995538,-0.13158364577753967,0.590072110036513,0.00022271714922048998,0.5,-0.5927778887694478,0.6778311930507143,0.9288880924961928,0.4982595017108276,0.11848155871392674,0.07430933808108393
2021-12-10 09:40:00,0.21269177126917713,-0.02788844621513953,-0.2163812360387194,-0.1312265666845207,0.5796024132651058,0.00044543429844097997,0.5,-0.5927778887694478,0.6778311930507143,0.9288880924961928,0.4982595017108276,0.11848155871392674,0.08790379769754213
2021-12-10 09:50:00,0.24058577405857742,-0.17928286852589637,-0.2125093075204767,-0.13194072487055875,0.5698394210257685,0.00044543429844097997,0.5,-0.5927778887694478,0.6778311930507143,0.9288880924961928,0.4982595017108276,0.11848155871392674,0.11187138826440544
2021-12-10 10:00:00,0.2719665271966527,0.13147410358565725,-0.20297840655249455,-0.13693983217282624,0.5657038908010626,0.00044543429844097997,0.5,-0.507500943058605,0.696988853672483,0.82903820237429,0.4499687341369199,0.12711551115872666,0.15251142930428355
2021-12-10 10:10:00,0.2775453277545328,-0.11553784860557781,-0.19553239017125845,-0.14443849312622736,0.5657038908010626,0.00044543429844097997,0.5,-0.507500943058605,0.696988853672483,0.82903820237429,0.4499687341369199,0.12711551115872666,0.13190096111773317
2021-12-10 10:20:00,0.23361227336122734,-0.05179282868525903,-0.22084884586746112,-0.1694340296375647,0.5657038908010626,0.00033407572383073496,0.5,-0.507500943058605,0.696988853672483,0.82903820237429,0.4499687341369199,0.12711551115872666,0.09079318617318224
2021-12-10 10:30:00,0.19177126917712692,0.20318725099601576,-0.25748324646314225,-0.2433494018925193,0.5657038908010626,0.00022271714922048998,0.5,-0.507500943058605,0.696988853672483,0.82903820237429,0.4499687341369199,0.12711551115872666,0.06573170179700348
2021-12-10 10:40:00,0.18270571827057183,0.14741035856573692,-0.26522710349962786,-0.2747723620782002,0.5657038908010626,0.00022271714922048998,0.5,-0.507500943058605,0.696988853672483,0.82903820237429,0.4499687341369199,0.12711551115872666,0.047671137800443596
2021-12-10 10:50:00,0.1317991631799163,0.09163346613545809,-0.2631422189128817,-0.2847705766827352,0.5657038908010626,0.00033407572383073496,0.5,-0.507500943058605,0.696988853672483,0.82903820237429,0.4499687341369199,0.12711551115872666,0.018814973520225722
2021-12-10 11:00:00,0.13737796373779637,0.6573705179282865,-0.2556962025316457,-0.2847705766827352,0.5657038908010626,0.00044543429844097997,0.5,-0.4406563487772591,0.6998106359929556,0.7219346711969744,0.4271802585191168,0.14279349447352577,0.02634398056641067
2021-12-10 11:10:00,0.11854951185495119,0.36254980079681287,-0.251824274013403,-0.2847705766827352,0.5657038908010626,0.00044543429844097997,0.5,-0.4406563487772591,0.6998106359929556,0.7219346711969744,0.4271802585191168,0.14279349447352577,0.015095734568553195
2021-12-10 11:20:00,0.12273361227336123,0.49800796812749004,-0.23723008190618022,-0.26691662203178,0.5657038908010626,0.00044543429844097997,0.5,-0.4406563487772591,0.6998106359929556,0.7219346711969744,0.4271802585191168,0.14279349447352577,0.005688247808440334
2021-12-10 11:30:00,0.07880055788005579,0.4462151394422309,-0.2014892032762473,-0.18835922156757723,0.5657038908010626,0.7557906458797328,0.5,-0.4406563487772591,0.6998106359929556,0.7219346711969744,0.4271802585191168,0.14279349447352577,0.0
2021-12-10 11:40:00,0.06485355648535565,0.394422310756972,-0.18689501116902474,-0.1740760578468129,0.5657038908010626,0.9965478841870824,0.5,-0.4406563487772591,0.6998106359929556,0.7219346711969744,0.4271802585191168,0.14279349447352577,0.0
2021-12-10 11:50:00,0.08368200836820083,0.3426294820717133,-0.1773641102010426,-0.17050526691662193,0.5657038908010626,0.9965478841870824,0.5,-0.4406563487772591,0.6998106359929556,0.7219346711969744,0.4271802585191168,0.14279349447352577,0.0
2021-12-10 12:00:00,0.10390516039051603,0.29083665338645415,-0.16664184661206272,-0.17157650419567938,0.5657038908010626,0.9965478841870824,0.5,-0.3742758960891168,0.6972733307088659,0.63532798000192,0.44598024484442034,0.17053704393721883,0.0
2021-12-10 12:10:00,0.12133891213389121,0.23904382470119523,-0.1657483246463144,-0.18050348152115692,0.5657038908010626,0.9965478841870824,0.5,-0.3742758960891168,0.6972733307088659,0.63532798000192,0.44598024484442034,0.17053704393721883,0.0
2021-12-10 12:20:00,0.1317991631799163,0.1872509960159361,-0.17200297840655265,-0.18943045884663456,0.5657038908010626,0.9965478841870824,0.5,-0.3742758960891168,0.6972733307088659,0.63532798000192,0.44598024484442034,0.17053704393721883,0.0
2021-12-10 12:30:00,0.23221757322175732,0.13545816733067717,-0.17259865971705146,-0.19657204070701662,0.6086034733219039,0.9965478841870824,0.5,-0.3742758960891168,0.6972733307088659,0.63532798000192,0.44598024484442034,0.17053704393721883,0.0
2021-12-10 12:40:00,0.1799163179916318,0.08366533864541825,-0.18093819806403577,-0.18800214247455804,0.7583070500320636,0.3189309576837417,0.5,-0.3742758960891168,0.6972733307088659,0.63532798000192,0.44598024484442034,0.17053704393721883,0.012900402854685638
2021-12-10 12:50:00,0.16108786610878661,-0.3944223107569722,-0.17110945644080433,-0.17050526691662193,0.7417911033751685,0.00033407572383073496,0.5,-0.3742758960891168,0.6972733307088659,0.63532798000192,0.44598024484442034,0.17053704393721883,0.01773616790138359
2021-12-10 13:00:00,0.14714086471408647,-0.7131474103585658,-0.162174236783321,-0.14051062310301732,0.6907775058564867,0.026057906458797325,0.5,-0.25182379696240076,0.6878683474757712,0.4567099064783883,0.42458313192569147,0.216523939513645,0.0004979102856194457
2021-12-10 13:10:00,0.3417015341701534,-0.07569721115537853,-0.1580044676098289,-0.1308694875915014,0.6411511431600162,0.03942093541202673,0.5,-0.25182379696240076,0.6878683474757712,0.4567099064783883,0.42458313192569147,0.216523939513645,0.15746035577953135
2021-12-10 13:20:00,0.398884239888424,0.019920318725099362,-0.14549516008935237,-0.14193893947509362,0.6509533967622463,0.00033407572383073496,0.5,-0.25182379696240076,0.6878683474757712,0.4567099064783883,0.42458313192569147,0.216523939513645,0.32214041070054467
2021-12-10 13:30:00,0.3179916317991632,0.1394422310756971,-0.1627699180938199,-0.16086413140510625,0.6456007642878644,0.00022271714922048998,0.5,-0.25182379696240076,0.6878683474757712,0.4567099064783883,0.42458313192569147,0.216523939513645,0.20110294672359944
2021-12-10 13:40:00,0.28521617852161785,-0.13147410358565736,-0.20536113179449,-0.2144259953579718,0.6460064650377564,0.00022271714922048998,0.5,-0.25182379696240076,0.6878683474757712,0.4567099064783883,0.42458313192569147,0.216523939513645,0.14522383330567165
2021-12-10 13:50:00,0.30264993026499304,0.21912350597609564,-0.2166790766939689,-0.2433494018925193,0.6547879232047742,0.00022271714922048998,0.5,-0.25182379696240076,0.6878683474757712,0.4567099064783883,0.42458313192569147,0.216523939513645,0.16330702958794152
2021-12-10 14:00:00,0.25592747559274753,0.14741035856573692,-0.2211466865227104,-0.2572754865202642,0.6555731504626298,0.00033407572383073496,0.5,-0.24196278929219073,0.6816270937078869,0.44646903192761145,0.3769835343367363,0.24909010493621217,0.12031323083422604
2021-12-10 14:10:00,0.22663877266387727,0.33864541832669315,-0.22323157110945657,-0.26334583110158893,0.6638311237910772,0.00022271714922048998,0.5,-0.24196278929219073,0.6816270937078869,0.44646903192761145,0.3769835343367363,0.24909010493621217,0.09645125760067595
2021-12-10 14:20:00,0.19525801952580193,-0.07569721115537853,-0.23037974683544316,-0.2654883056597036,0.6921385664367695,0.00022271714922048998,0.5,-0.24196278929219073,0.6816270937078869,0.44646903192761145,0.3769835343367363,0.24909010493621217,0.06879460446308674
2021-12-10 14:30:00,0.2496513249651325,-0.17131474103585675,-0.23842144452717806,-0.270130333868952,0.6831608014552878,0.00033407572383073496,0.5,-0.24196278929219073,0.6816270937078869,0.44646903192761145,0.3769835343367363,0.24909010493621217,0.10502134978951976
2021-12-10 14:40:00,0.2712691771269177,-0.17131474103585675,-0.23901712583767698,-0.27762899482235315,0.6664354608629648,0.00033407572383073496,0.5,-0.24196278929219073,0.6816270937078869,0.44646903192761145,0.3769835343367363,0.24909010493621217,0.12720098978529507
2021-12-10 14:50:00,0.23361227336122734,0.22709163346613526,-0.23901712583767698,-0.2783431530083913,0.6661606313227153,0.00033407572383073496,0.5,-0.24196278929219073,0.6816270937078869,0.44646903192761145,0.3769835343367363,0.24909010493621217,0.0995141602667592
2021-12-10 15:00:00,0.20223152022315202,0.6494023904382469,-0.23901712583767698,-0.2829851812176397,0.6716572221277042,0.00022271714922048998,0.5,-0.2381682416551405,0.6835523423379423,0.44562584481983963,0.32287115363358665,0.27573705547301497,0.07662537531873802
2021-12-10 15:10:00,0.19595536959553697,0.03585657370517925,-0.23901712583767698,-0.2829851812176397,0.6825587938909319,0.00022271714922048998,0.5,-0.2381682416551405,0.6835523423379423,0.44562584481983963,0.32287115363358665,0.27573705547301497,0.06728578541575508
2021-12-10 15:20:00,0.15341701534170155,-0.6095617529880479,-0.23723008190618022,-0.2811997857525441,0.6816165211815053,0.00033407572383073496,0.5,-0.2381682416551405,0.6835523423379423,0.44562584481983963,0.32287115363358665,0.27573705547301497,0.04112286313502422
2021-12-10 15:30:00,0.14225941422594143,-0.2589641434262948,-0.2324646314221892,-0.27762899482235315,0.6607556503644763,0.00033407572383073496,0.5,-0.2381682416551405,0.6835523423379423,0.44562584481983963,0.32287115363358665,0.27573705547301497,0.03985545513526563
2021-12-10 15:40:00,0.12691771269177127,0.33864541832669315,-0.22501861504095322,-0.27584359935725755,0.6496054233029276,0.00033407572383073496,0.5,-0.2381682416551405,0.6835523423379423,0.44562584481983963,0.32287115363358665,0.27573705547301497,0.027709461804245814
2021-12-10 15:50:00,0.10251046025104603,-0.07569721115537853,-0.22233804914370825,-0.27262988752008577,0.6496054233029276,0.00311804008908686,0.5,-0.2381682416551405,0.6835523423379423,0.44562584481983963,0.32287115363358665,0.27573705547301497,0.010078911236175445
2021-12-10 16:00:00,0.09205020920502092,0.7211155378486056,-0.21995532390171268,-0.28727013033386894,0.6496054233029276,0.2728285077951002,0.5,-0.25594407087131277,0.7022531155982508,0.43091654781012934,0.2464718814953044,0.33870601717870574,0.0
2021-12-10 16:10:00,0.11576011157601115,0.672693840024517,-0.21429635145197334,-0.287627209426888,0.6496054233029276,0.996770601336303,0.5,-0.25594407087131277,0.7022531155982508,0.43091654781012934,0.2464718814953044,0.33870601717870574,0.0
2021-12-10 16:20:00,0.12761506276150628,0.6242721422004289,-0.2050632911392406,-0.2494197464738439,0.6496054233029276,0.996770601336303,0.5,-0.25594407087131277,0.7022531155982508,0.43091654781012934,0.2464718814953044,0.33870601717870574,0.0
2021-12-10 16:30:00,0.100418410041841,0.5758504443763406,-0.2014892032762473,-0.24013569005534718,0.6496054233029276,0.996770601336303,0.5,-0.25594407087131277,0.7022531155982508,0.43091654781012934,0.2464718814953044,0.33870601717870574,0.0
2021-12-10 16:40:00,0.10251046025104603,0.5274287465522525,-0.1973194341027551,-0.23477950366006073,0.6496054233029276,0.996770601336303,0.5,-0.25594407087131277,0.7022531155982508,0.43091654781012934,0.2464718814953044,0.33870601717870574,0.0
2021-12-10 16:50:00,0.09344490934449094,0.47900704872816413,-0.1964259121370069,-0.23585074093911806,0.6496054233029276,0.996770601336303,0.5,-0.25594407087131277,0.7022531155982508,0.43091654781012934,0.2464718814953044,0.33870601717870574,0.0
2021-12-10 17:00:00,0.0885634588563459,0.430585350904076,-0.19136262099776635,-0.24192108552044278,0.6496054233029276,0.996770601336303,0.5,-0.2713991921214667,0.7256750582603223,0.45974697792432423,0.21501257218674477,0.47730204493644196,0.0
2021-12-10 17:10:00,0.08647140864714087,0.3821636530799877,-0.19017125837676851,-0.24370648098553827,0.6496054233029276,0.996770601336303,0.5,-0.2713991921214667,0.7256750582603223,0.45974697792432423,0.21501257218674477,0.47730204493644196,0.0
2021-12-10 17:20:00,0.1094839609483961,0.3337419552558991,-0.1862993298585257,-0.24584895554365294,0.6496054233029276,0.996770601336303,0.5,-0.2713991921214667,0.7256750582603223,0.45974697792432423,0.21501257218674477,0.47730204493644196,0.0
2021-12-10 17:30:00,0.11087866108786612,0.2853202574318112,-0.182427401340283,-0.25227637921799684,0.6496054233029276,0.996770601336303,0.5,-0.2713991921214667,0.7256750582603223,0.45974697792432423,0.21501257218674477,0.47730204493644196,0.0
2021-12-10 17:40:00,0.12343096234309624,0.23689855960772266,-0.182427401340283,-0.25513301196214966,0.6496054233029276,0.996770601336303,0.5,-0.2713991921214667,0.7256750582603223,0.45974697792432423,0.21501257218674477,0.47730204493644196,0.0
2021-12-10 17:50:00,0.19595536959553697,0.18847686178363454,-0.182427401340283,-0.256204249241207,0.6449071468767585,0.996770601336303,0.5,-0.2713991921214667,0.7256750582603223,0.45974697792432423,0.21501257218674477,0.47730204493644196,0.0
2021-12-10 18:00:00,0.23570432357043236,0.1400551639595462,-0.18332092330603145,-0.24763435100874842,0.47406786980932064,0.996770601336303,0.5,-0.3068276775943618,0.7707000146548783,0.5109753185475675,0.35365598229391343,0.6276637442107887,0.0
2021-12-10 18:10:00,0.21338912133891214,0.09163346613545809,-0.18272524199553253,-0.2176397071951437,0.3579196712515214,0.05723830734966592,0.5,-0.3068276775943618,0.7707000146548783,0.5109753185475675,0.35365598229391343,0.6276637442107887,0.06379286932118232
2021-12-10 18:20:00,0.2280334728033473,-0.17928286852589637,-0.16932241250930757,-0.20371362256739867,0.3570559212678803,0.00011135857461024499,0.5,-0.3068276775943618,0.7707000146548783,0.5109753185475675,0.35365598229391343,0.6276637442107887,0.07991460084192104
2021-12-10 18:30:00,0.17642956764295675,-0.4900398406374503,-0.16157855547282218,-0.18300303517229055,0.3528549554383531,0.00022271714922048998,0.5,-0.3068276775943618,0.7707000146548783,0.5109753185475675,0.35365598229391343,0.6276637442107887,0.04760324094331367
2021-12-10 18:40:00,0.26569037656903766,-0.0916334661354582,-0.15711094564408057,-0.16550615961435466,0.3315360353875751,0.00022271714922048998,0.5,-0.3068276775943618,0.7707000146548783,0.5109753185475675,0.35365598229391343,0.6276637442107887,0.1214071246435415
2021-12-10 18:50:00,0.46513249651324967,0.3545816733067728,-0.15502606105733452,-0.16050705231208717,0.3341665467013912,0.09955456570155902,0.5,-0.3068276775943618,0.7707000146548783,0.5109753185475675,0.35365598229391343,0.6276637442107887,0.17819907358510495
2021-12-10 19:00:00,0.605997210599721,-0.298804780876494,-0.16306775874906942,-0.1597928941260488,0.36946251194199786,0.15857461024498887,0.5,-0.3233301859134562,0.8132451358737038,0.5719041787409564,0.6062751762859695,0.667362164274346,0.1693272175867948
2021-12-10 19:10:00,0.7315202231520224,-0.24302788844621515,-0.17110945644080433,-0.16372076414925896,0.36684508774914604,0.19354120267260577,0.5,-0.3233301859134562,0.8132451358737038,0.5719041787409564,0.6062751762859695,0.667362164274346,0.16926686482490155
2021-12-10 19:20:00,0.6304044630404463,0.2589641434262948,-0.18302308265078193,-0.17728976968398502,0.3620682885971915,0.07193763919821826,0.5,-0.3233301859134562,0.8132451358737038,0.5719041787409564,0.6062751762859695,0.667362164274346,0.5458152903722256
2021-12-10 19:30:00,0.5167364016736402,-0.21912350597609564,-0.2509307520476546,-0.21335475807891446,0.36939707633717656,0.007683741648106904,0.5,-0.3233301859134562,0.8132451358737038,0.5719041787409564,0.6062751762859695,0.667362164274346,0.5884469725545816
2021-12-10 19:40:00,0.44490934449093444,-0.31474103585657376,-0.29233060312732695,-0.2512051419389395,0.36764340212796587,0.00011135857461024499,0.5,-0.3233301859134562,0.8132451358737038,0.5719041787409564,0.6062751762859695,0.667362164274346,0.4223486277290765
2021-12-10 19:50:00,0.38354253835425384,-0.043824701195219196,-0.3104988830975429,-0.2672737011247991,0.36075957650076557,0.00011135857461024499,0.5,-0.3233301859134562,0.8132451358737038,0.5719041787409564,0.6062751762859695,0.667362164274346,0.29710910270531254
2021-12-10 20:00:00,0.35564853556485354,0.1633466135458166,-0.3185405807892778,-0.2769148366363149,0.3627880802502258,0.00011135857461024499,0.5,-0.34655764431131375,0.8245839882531119,0.6309059715122217,0.6250567555205031,0.6940617120707088,0.2574799704271467
2021-12-10 20:10:00,0.3716875871687587,0.01195219123505975,-0.3209233060312734,-0.2844134975897161,0.3708759210061378,0.00011135857461024499,0.5,-0.34655764431131375,0.8245839882531119,0.6309059715122217,0.6250567555205031,0.6940617120707088,0.26511459480664484
2021-12-10 20:20:00,0.399581589958159,-0.003984063745020028,-0.32688011913626225,-0.28905552579896443,0.3769090837706613,0.00011135857461024499,0.5,-0.34655764431131375,0.8245839882531119,0.6309059715122217,0.6250567555205031,0.6940617120707088,0.3136457594640675
2021-12-10 20:30:00,0.36541143654114366,0.09960159362549792,-0.33462397617274764,-0.2986966613104802,0.38091374278572454,0.00011135857461024499,0.5,-0.34655764431131375,0.8245839882531119,0.6309059715122217,0.6250567555205031,0.6940617120707088,0.26887909832973733
2021-12-10 20:40:00,0.3856345885634589,0.2111553784860556,-0.3405807892777365,-0.31083735047312977,0.382654329873971,0.00011135857461024499,0.5,-0.34655764431131375,0.8245839882531119,0.6309059715122217,0.6250567555205031,0.6940617120707088,0.2883277758498423
2021-12-10 20:50:00,0.401673640167364,0.05976095617529875,-0.3477289650037231,-0.31583645777539726,0.3885173600659591,0.00011135857461024499,0.5,-0.34655764431131375,0.8245839882531119,0.6309059715122217,0.6250567555205031,0.6940617120707088,0.3161126786064547
2021-12-10 21:00:00,0.41562064156206413,-0.0916334661354582,-0.34981384959046924,-0.31476522049634004,0.3939223410241981,0.00011135857461024499,0.5,-0.3616076589366436,0.8311470746278102,0.6555950327922302,0.593285655770203,0.6963689018678121,0.3301899603180591
2021-12-10 21:10:00,0.3368200836820084,0.17131474103585642,-0.3521965748324647,-0.31905016961256916,0.39308476528248554,0.00011135857461024499,0.5,-0.3616076589366436,0.8311470746278102,0.6555950327922302,0.593285655770203,0.6963689018678121,0.23903465757351725
2021-12-10 21:20:00,0.3319386331938633,-0.3944223107569722,-0.355770662695458,-0.32690590965898936,0.40126421588514743,0.00011135857461024499,0.5,-0.3616076589366436,0.8311470746278102,0.6555950327922302,0.593285655770203,0.6963689018678121,0.1995564072000845
2021-12-10 21:30:00,0.28661087866108786,-0.1872509960159363,-0.35815338793745355,-0.3308337796821995,0.39139652667809616,0.00011135857461024499,0.5,-0.3616076589366436,0.8311470746278102,0.6555950327922302,0.593285655770203,0.6963689018678121,0.14698160749581304
2021-12-10 21:40:00,0.2391910739191074,-0.17131474103585675,-0.35845122859270295,-0.3404749151937154,0.37638559893209095,0.00011135857461024499,0.5,-0.3616076589366436,0.8311470746278102,0.6555950327922302,0.593285655770203,0.6963689018678121,0.10593418531315539
2021-12-10 21:50:00,0.26569037656903766,-0.10756972111553798,-0.3611317944899479,-0.3469023388680593,0.37153027705435077,0.00011135857461024499,0.5,-0.3616076589366436,0.8311470746278102,0.6555950327922302,0.593285655770203,0.6963689018678121,0.1421232101634051
2021-12-10 22:00:00,0.3103207810320781,-0.2749003984063746,-0.36530156366344013,-0.34797357614711666,0.37153027705435077,0.00011135857461024499,0.5,-0.4199572213274331,0.8559684144284477,0.7633100616735127,0.5695820059984851,0.6997533879427318,0.19893024729544187
2021-12-10 22:10:00,0.2838214783821479,0.003984063745019917,-0.37334326135517504,-0.34797357614711666,0.37153027705435077,0.00011135857461024499,0.5,-0.4199572213274331,0.8559684144284477,0.7633100616735127,0.5695820059984851,0.6997533879427318,0.1721109887291217
2021-12-10 22:20:00,0.27266387726638774,-0.1633466135458168,-0.378704393149665,-0.359757186216747,0.36301056130661813,0.00011135857461024499,0.5,-0.4199572213274331,0.8559684144284477,0.7633100616735127,0.5695820059984851,0.6997533879427318,0.12651447711875916
2021-12-10 22:30:00,0.28033472803347276,0.1394422310756971,-0.3828741623231572,-0.36689876807712907,0.35765792883223624,0.00011135857461024499,0.5,-0.4199572213274331,0.8559684144284477,0.7633100616735127,0.5695820059984851,0.6997533879427318,0.13755903254522686
2021-12-10 22:40:00,0.20362622036262204,0.2749003984063745,-0.38495904690990335,-0.36689876807712907,0.36575885670911257,0.00011135857461024499,0.5,-0.4199572213274331,0.8559684144284477,0.7633100616735127,0.5695820059984851,0.6997533879427318,0.08767747484044239
2021-12-10 22:50:00,0.21408647140864714,0.47410358565737054,-0.3873417721518988,-0.37082663810033933,0.3715041028124223,0.00011135857461024499,0.5,-0.4199572213274331,0.8559684144284477,0.7633100616735127,0.5695820059984851,0.6997533879427318,0.09178146264918448
2021-12-10 23:00:00,0.20920502092050208,0.09960159362549792,-0.3879374534623977,-0.3740403499375111,0.3715041028124223,0.00011135857461024499,0.5,-0.461575306439848,0.8629050565074863,0.8449895169104732,0.551497039317,0.72159590145579,0.08668919836444015
2021-12-10 23:10:00,0.25662482566248257,0.14741035856573692,-0.3879374534623977,-0.3743974290305303,0.36782662182146547,0.00011135857461024499,0.5,-0.461575306439848,0.8629050565074863,0.8449895169104732,0.551497039317,0.72159590145579,0.11923442521538392
2021-12-10 23:20:00,0.3096234309623431,-0.19521912350597614,-0.3879374534623977,-0.3715407962863774,0.35760558034837914,0.00011135857461024499,0.5,-0.461575306439848,0.8629050565074863,0.8449895169104732,0.551497039317,0.72159590145579,0.16550990539704571
2021-12-10 23:30:00,0.30613668061366806,-0.42629482071713154,-0.3912137006701416,-0.3715407962863774,0.3404483647642355,0.00011135857461024499,0.5,-0.461575306439848,0.8629050565074863,0.8449895169104732,0.551497039317,0.72159590145579,0.18635424053593252
2021-12-10 23:40:00,0.32566248256624825,0.1872509960159361,-0.391511541325391,-0.36082842349580435,0.3298347096622214,0.00011135857461024499,0.5,-0.461575306439848,0.8629050565074863,0.8449895169104732,0.551497039317,0.72159590145579,0.19714229672435385
2021-12-10 23:50:00,0.28661087866108786,0.20318725099601576,-0.3909158600148921,-0.3693983217282628,0.3346376830561045,0.00011135857461024499,0.5,-0.461575306439848,0.8629050565074863,0.8449895169104732,0.551497039317,0.72159590145579,0.1632240445403383
2021-12-11 00:00:00,0.3472803347280335,0.21912350597609564,-0.3912137006701416,-0.37082663810033933,0.3466385729803301,0.00011135857461024499,0.5,-0.46443750181357424,0.8837178562500182,0.8706277819055775,0.5149397976197544,0.7422895900192501,0.23631123919308358
2021-12-11 00:10:00,0.3926080892608089,0.003984063745019917,-0.3938942665673866,-0.36082842349580435,0.35752705762259357,0.00011135857461024499,0.5,-0.46443750181357424,0.8837178562500182,0.8706277819055775,0.5149397976197544,0.7422895900192501,0.3102810929885179
2021-12-11 00:20:00,0.32217573221757323,0.24302788844621515,-0.394192107222636,-0.35725763256561327,0.3576841030741647,0.00011135857461024499,0.5,-0.46443750181357424,0.8837178562500182,0.8706277819055775,0.5149397976197544,0.7422895900192501,0.20717594338910936
2021-12-11 00:30:00,0.22454672245467225,0.1394422310756971,-0.39717051377513035,-0.3729691126584538,0.37130779599795843,0.00011135857461024499,0.5,-0.46443750181357424,0.8837178562500182,0.8706277819055775,0.5149397976197544,0.7422895900192501,0.11293510569277426
2021-12-11 00:40:00,0.24198047419804744,0.5776892430278884,-0.4022338049143709,-0.3818960899839313,0.37134705736085116,0.00011135857461024499,0.5,-0.46443750181357424,0.8837178562500182,0.8706277819055775,0.5149397976197544,0.7422895900192501,0.11371969159738674
2021-12-11 00:50:00,0.37935843793584384,0.19521912350597592,-0.40521221146686526,-0.3808248527048741,0.38446035256703875,0.00011135857461024499,0.5,-0.46443750181357424,0.8837178562500182,0.8706277819055775,0.5149397976197544,0.7422895900192501,0.26310032137845707
2021-12-11 01:00:00,0.399581589958159,0.11553784860557759,-0.40848845867460915,-0.3776111408677022,0.3952572273625525,0.00011135857461024499,0.5,-0.4873005777088629,0.8934877746711994,0.903737935062799,0.44811310772211926,0.7569835250289613,0.3062072815607224
2021-12-11 01:10:00,0.42747559274755925,-0.03585657370517936,-0.40908413998510806,-0.37368327084449204,0.39647432961222867,0.00011135857461024499,0.5,-0.4873005777088629,0.8934877746711994,0.903737935062799,0.44811310772211926,0.7569835250289613,0.3686346696440696
2021-12-11 01:20:00,0.45188284518828453,0.07569721115537842,-0.4058078927773642,-0.36725584717014825,0.3965135909751214,0.00011135857461024499,0.5,-0.4873005777088629,0.8934877746711994,0.903737935062799,0.44811310772211926,0.7569835250289613,0.41264692125473396
2021-12-11 01:30:00,0.44839609483960946,0.10756972111553775,-0.4058078927773642,-0.36689876807712907,0.3965135909751214,0.00011135857461024499,0.5,-0.4873005777088629,0.8934877746711994,0.903737935062799,0.44811310772211926,0.7569835250289613,0.42173755601490714
2021-12-11 01:40:00,0.4379358437935844,0.027888446215139417,-0.40908413998510806,-0.3626138189608997,0.390428079726741,0.00011135857461024499,0.5,-0.4873005777088629,0.8934877746711994,0.903737935062799,0.44811310772211926,0.7569835250289613,0.39643466059115534
2021-12-11 01:50:00,0.44839609483960946,0.09163346613545809,-0.41712583767684297,-0.36547045170505266,0.3852455798248943,0.00011135857461024499,0.5,-0.4873005777088629,0.8934877746711994,0.903737935062799,0.44811310772211926,0.7569835250289613,0.4054800307799086
2021-12-11 02:00:00,0.394700139470014,-0.12350597609561753,-0.4183172002978408,-0.3633279771469381,0.3906243865412048,0.00011135857461024499,0.5,-0.5004919914229196,0.892490668291155,0.9256607998648669,0.3854261146774589,0.7755384783522334,0.31506404936855925
2021-12-11 02:10:00,0.3410041841004184,-0.17928286852589637,-0.421891288160834,-0.3647562935190145,0.3852455798248943,0.00011135857461024499,0.5,-0.5004919914229196,0.892490668291155,0.9256607998648669,0.3854261146774589,0.7755384783522334,0.21509724338760053
2021-12-11 02:20:00,0.3591352859135286,0.15537848605577675,-0.4266567386448251,-0.3743974290305303,0.3888445380900656,0.00011135857461024499,0.5,-0.5004919914229196,0.892490668291155,0.9256607998648669,0.3854261146774589,0.7755384783522334,0.22676795871871086
2021-12-11 02:30:00,0.3723849372384937,0.08366533864541825,-0.42486969471332847,-0.3776111408677022,0.3965135909751214,0.00011135857461024499,0.5,-0.5004919914229196,0.892490668291155,0.9256607998648669,0.3854261146774589,0.7755384783522334,0.25616729785596815
2021-12-11 02:40:00,0.3403068340306834,-0.21912350597609564,-0.4212956068503352,-0.3811819317978933,0.3965135909751214,0.00011135857461024499,0.5,-0.5004919914229196,0.892490668291155,0.9256607998648669,0.3854261146774589,0.7755384783522334,0.1983493519622192
2021-12-11 02:50:00,0.3158995815899582,-0.40239043824701204,-0.42069992553983626,-0.3793965363327976,0.38960359110599263,0.00011135857461024499,0.5,-0.5004919914229196,0.892490668291155,0.9256607998648669,0.3854261146774589,0.7755384783522334,0.17133394691974593
2021-12-11 03:00:00,0.18967921896792192,-0.31474103585657376,-0.4254653760238273,-0.3915372254954472,0.3826281556320425,0.00011135857461024499,0.5,-0.5185630288340795,0.8938211012996877,0.9606795055821675,0.3352614853733856,0.8061430554801546,0.07978635122289784
2021-12-11 03:10:00,0.1631799163179916,-0.3784860557768924,-0.4293373045420701,-0.39903588644884846,0.3826281556320425,0.00011135857461024499,0.5,-0.5185630288340795,0.8938211012996877,0.9606795055821675,0.3352614853733856,0.8061430554801546,0.06035276189326614
2021-12-11 03:20:00,0.27405857740585776,-0.3944223107569722,-0.43172002978406565,-0.39903588644884846,0.3826281556320425,0.00011135857461024499,0.5,-0.5185630288340795,0.8938211012996877,0.9606795055821675,0.3352614853733856,0.8061430554801546,0.15613259501787952
2021-12-11 03:30:00,0.34239888423988846,0.05179282868525892,-0.4296351451973195,-0.3965363327977147,0.3826281556320425,0.00011135857461024499,0.5,-0.5185630288340795,0.8938211012996877,0.9606795055821675,0.3352614853733856,0.8061430554801546,0.20372829186595653
2021-12-11 03:40:00,0.29428172942817293,0.1872509960159361,-0.4296351451973195,-0.4004642028209249,0.3826281556320425,0.00011135857461024499,0.5,-0.5185630288340795,0.8938211012996877,0.9606795055821675,0.3352614853733856,0.8061430554801546,0.14265129682997119
2021-12-11 03:50:00,0.2824267782426778,0.08366533864541825,-0.4335070737155622,-0.4061774683092304,0.3826281556320425,0.00011135857461024499,0.5,-0.5185630288340795,0.8938211012996877,0.9606795055821675,0.3352614853733856,0.8061430554801546,0.13241395959382593
2021-12-11 04:00:00,0.31659693165969316,0.05976095617529875,-0.43559195830230835,-0.4033208355650776,0.3826281556320425,0.00011135857461024499,0.5,-0.5740178098827206,0.8913240250914499,0.9764501099922301,0.30559253686652826,0.8368848388031417,0.16793155996801304
2021-12-11 04:10:00,0.29358437935843795,0.1633466135458166,-0.43559195830230835,-0.4033208355650776,0.3910431744120611,0.00011135857461024499,0.5,-0.5740178098827206,0.8913240250914499,0.9764501099922301,0.30559253686652826,0.8368848388031417,0.14422801273443278
2021-12-11 04:20:00,0.17433751743375175,0.3306772908366533,-0.4379746835443039,-0.4065345474022497,0.3965135909751214,0.00011135857461024499,0.5,-0.5740178098827206,0.8913240250914499,0.9764501099922301,0.30559253686652826,0.8368848388031417,0.0631440771308297
2021-12-11 04:30:00,0.1903765690376569,-0.03585657370517936,-0.4415487714072971,-0.4061774683092304,0.40443129915849807,0.00011135857461024499,0.5,-0.5740178098827206,0.8913240250914499,0.9764501099922301,0.30559253686652826,0.8368848388031417,0.07597658312838541
2021-12-11 04:40:00,0.1806136680613668,0.6015936254980081,-0.4460163812360388,-0.4093911801464024,0.39646124249126435,0.00011135857461024499,0.5,-0.5740178098827206,0.8913240250914499,0.9764501099922301,0.30559253686652826,0.8368848388031417,0.07877544246118563
2021-12-11 04:50:00,0.1631799163179916,0.33864541832669315,-0.4495904690990321,-0.4111765756114979,0.40822656423813325,0.00011135857461024499,0.5,-0.5740178098827206,0.8913240250914499,0.9764501099922301,0.30559253686652826,0.8368848388031417,0.06629750893975285
2021-12-11 05:00:00,0.1680613668061367,0.2589641434262948,-0.4537602382725242,-0.41510444563470794,0.4129510149062308,0.00011135857461024499,0.5,-0.5897111055448512,0.8857178160209442,0.9790241830729268,0.28448831909498723,0.8622819465636835,0.05856481132217813
2021-12-11 05:10:00,0.1617852161785216,0.3784860557768923,-0.4564408041697692,-0.42010355293697543,0.42530525709649136,0.00011135857461024499,0.5,-0.5897111055448512,0.8857178160209442,0.9790241830729268,0.28448831909498723,0.8622819465636835,0.05225794770433182
2021-12-11 05:20:00,0.1087866108786611,0.7211155378486056,-0.4609084139985109,-0.4193893947509374,0.44106215073745925,0.00011135857461024499,0.5,-0.5897111055448512,0.8857178160209442,0.9790241830729268,0.28448831909498723,0.8622819465636835,0.010637174283688157
2021-12-11 05:30:00,0.09344490934449094,-0.01195219123505975,-0.4653760238272525,-0.41688984109980365,0.45700226407192684,0.009799554565701559,0.5,-0.5897111055448512,0.8857178160209442,0.9790241830729268,0.28448831909498723,0.8622819465636835,0.0
2021-12-11 05:40:00,0.0801952580195258,-0.7051792828685259,-0.46209977661950863,-0.42296018568112836,0.4458651241313423,0.9894209354120267,0.5,-0.5897111055448512,0.8857178160209442,0.9790241830729268,0.28448831909498723,0.8622819465636835,0.0
2021-12-11 05:50:00,0.11854951185495119,-0.5687250996015937,-0.4457185405807893,-0.40260667737903943,0.4458651241313423,0.9985523385300669,0.5,-0.5897111055448512,0.8857178160209442,0.9790241830729268,0.28448831909498723,0.8622819465636835,0.0
2021-12-11 06:00:00,0.14295676429567641,-0.4322709163346614,-0.43529411764705894,-0.3968934118907338,0.4458651241313423,0.9985523385300669,0.5,-0.6603991430924251,0.8607930300252586,0.984981276528722,0.2978290389467311,0.9252916545704747,0.0
2021-12-11 06:10:00,0.16457461645746163,-0.29581673306772927,-0.4290394638868207,-0.4076057846813069,0.4458651241313423,0.9985523385300669,0.5,-0.6603991430924251,0.8607930300252586,0.984981276528722,0.2978290389467311,0.9252916545704747,0.0
2021-12-11 06:20:00,0.15132496513249652,-0.1593625498007969,-0.42457185405807896,-0.41546152472772724,0.4458651241313423,0.9985523385300669,0.5,-0.6603991430924251,0.8607930300252586,0.984981276528722,0.2978290389467311,0.9252916545704747,0.0
2021-12-11 06:30:00,0.1603905160390516,-0.022908366533864633,-0.42010424422933734,-0.42117479021603277,0.4458651241313423,0.9985523385300669,0.5,-0.6603991430924251,0.8607930300252586,0.984981276528722,0.2978290389467311,0.9252916545704747,0.0
2021-12-11 06:40:00,0.17642956764295675,0.1135458167330674,-0.419210722263589,-0.4322442420996251,0.4458651241313423,0.9985523385300669,0.5,-0.6603991430924251,0.8607930300252586,0.984981276528722,0.2978290389467311,0.9252916545704747,0.0
2021-12-11 06:50:00,0.18688981868898188,0.24999999999999978,-0.4183172002978408,-0.4450990894483128,0.42827603355537813,0.8115812917594655,0.5,-0.6603991430924251,0.8607930300252586,0.984981276528722,0.2978290389467311,0.9252916545704747,0.0
2021-12-11 07:00:00,0.17364016736401675,0.38645418326693215,-0.4132539091586003,-0.44902695947152294,0.41526743531690463,0.21971046770601338,0.5,-0.6687323124397352,0.8710744324108425,0.9548573423538756,0.2581155055494633,0.9367557358804973,0.0
2021-12-11 07:10:00,0.16596931659693165,-0.13147410358565736,-0.40104244229337316,-0.44581324763435104,0.41526743531690463,0.10400890868596882,0.5,-0.6687323124397352,0.8710744324108425,0.9548573423538756,0.2581155055494633,0.9367557358804973,0.0
2021-12-11 07:20:00,0.22384937238493724,0.17131474103585642,-0.3944899478778854,-0.428673451169434,0.41526743531690463,0.18084632516703786,0.5,-0.6687323124397352,0.8710744324108425,0.9548573423538756,0.2581155055494633,0.9367557358804973,0.04143971513496386
2021-12-11 07:30:00,0.19804741980474197,0.17928286852589648,-0.3798957557706627,-0.3615425816818424,0.41526743531690463,0.00011135857461024499,0.5,-0.6687323124397352,0.8710744324108425,0.9548573423538756,0.2581155055494633,0.9367557358804973,0.06010380675045642
2021-12-11 07:40:00,0.20292887029288703,0.12350597609561742,-0.37334326135517504,-0.3247634351008748,0.41526743531690463,0.00011135857461024499,0.5,-0.6687323124397352,0.8710744324108425,0.9548573423538756,0.2581155055494633,0.9367557358804973,0.06356654646408257
2021-12-11 07:50:00,0.18549511854951187,0.027888446215139417,-0.3673864482501863,-0.30298161042670946,0.41526743531690463,0.00011135857461024499,0.5,-0.6687323124397352,0.8710744324108425,0.9548573423538756,0.2581155055494633,0.9367557358804973,0.06078277532175566
2021-12-11 08:00:00,0.1499302649930265,-0.45019920318725104,-0.3611317944899479,-0.28584181396179253,0.41526743531690463,0.00011135857461024499,0.5,-0.6746653934680643,0.8899591100179025,0.8909843654671445,0.24659301931908958,0.9775384904391051,0.049730675800051305
2021-12-11 08:10:00,0.15132496513249652,-0.5856573705179284,-0.3605361131794491,-0.2719157293340474,0.41526743531690463,0.00011135857461024499,0.5,-0.6746653934680643,0.8899591100179025,0.8909843654671445,0.24659301931908958,0.9775384904391051,0.046200039229295234
2021-12-11 08:20:00,0.21548117154811713,-0.33864541832669326,-0.3593447505584514,-0.2604891983574361,0.4025336666186806,0.00011135857461024499,0.5,-0.6746653934680643,0.8899591100179025,0.8909843654671445,0.24659301931908958,0.9775384904391051,0.06325723855937958
2021-12-11 08:30:00,0.1882845188284519,0.08366533864541825,-0.3516008935219658,-0.2558471701481878,0.3990786666841161,0.00011135857461024499,0.5,-0.6746653934680643,0.8899591100179025,0.8909843654671445,0.24659301931908958,0.9775384904391051,0.04503824856284986
2021-12-11 08:40:00,0.1387726638772664,-0.2589641434262948,-0.35011169024571853,-0.24727727191572935,0.4152412610749761,0.00011135857461024499,0.5,-0.6746653934680643,0.8899591100179025,0.8909843654671445,0.24659301931908958,0.9775384904391051,0.029814264375273476
2021-12-11 08:50:00,0.14295676429567641,-0.6254980079681276,-0.3521965748324647,-0.23335118728798432,0.41533287092172594,0.00011135857461024499,0.5,-0.6746653934680643,0.8899591100179025,0.8909843654671445,0.24659301931908958,0.9775384904391051,0.029437059613440564
2021-12-11 09:00:00,0.1415620641562064,-0.059760956175298974,-0.35070737155621756,-0.2208534190323156,0.41533287092172594,0.00011135857461024499,0.5,-0.6834617038158937,0.8887378702152549,0.8070543399787738,0.2502772039611834,0.0050911708094542605,0.0313457157083151
2021-12-11 09:10:00,0.18270571827057183,0.346613545816733,-0.33938942665673866,-0.2112122835207998,0.41533287092172594,0.00011135857461024499,0.5,-0.6834617038158937,0.8887378702152549,0.8070543399787738,0.2502772039611834,0.0050911708094542605,0.04202061046818655
2021-12-11 09:20:00,0.19525801952580193,0.5059760956175297,-0.32658227848101273,-0.20764149259060882,0.4234730601614951,0.00011135857461024499,0.5,-0.6834617038158937,0.8887378702152549,0.8070543399787738,0.2502772039611834,0.0050911708094542605,0.04653952351494485
2021-12-11 09:30:00,0.1903765690376569,0.4501992031872508,-0.3203276247207745,-0.2065702553115515,0.43178338197379956,0.00011135857461024499,0.5,-0.6834617038158937,0.8887378702152549,0.8070543399787738,0.2502772039611834,0.0050911708094542605,0.048568885133605924
2021-12-11 09:40:00,0.20223152022315202,0.07569721115537842,-0.3128816083395384,-0.201571148009284,0.43178338197379956,0.00011135857461024499,0.5,-0.6834617038158937,0.8887378702152549,0.8070543399787738,0.2502772039611834,0.0050911708094542605,0.0526049760852181
2021-12-11 09:50:00,0.17224546722454673,-0.02788844621513953,-0.30722263588979903,-0.18907337975361538,0.43178338197379956,0.00011135857461024499,0.5,-0.6834617038158937,0.8887378702152549,0.8070543399787738,0.2502772039611834,0.0050911708094542605,0.03112693694645201
2021-12-11 10:00:00,0.17782426778242677,0.6733067729083664,-0.2976917349218169,-0.17050526691662193,0.4324639122639411,0.00011135857461024499,0.5,-0.5544383456467381,0.9060018907665661,0.598121096582017,0.2036516723676341,0.012177859461321197,0.020829246948413475
2021-12-11 10:10:00,0.17364016736401675,0.06772908366533859,-0.29530900967982143,-0.15765041956793413,0.4482862415097303,0.00011135857461024499,0.5,-0.5544383456467381,0.9060018907665661,0.598121096582017,0.2036516723676341,0.012177859461321197,0.039108589706836464
2021-12-11 10:20:00,0.1806136680613668,0.1633466135458166,-0.2932241250930754,-0.15265131226566697,0.4482862415097303,0.00011135857461024499,0.5,-0.5544383456467381,0.9060018907665661,0.598121096582017,0.2036516723676341,0.012177859461321197,0.05763688760806917
2021-12-11 10:30:00,0.1603905160390516,0.394422310756972,-0.2935219657483248,-0.14979467952151393,0.4482862415097303,0.00011135857461024499,0.5,-0.5544383456467381,0.9060018907665661,0.598121096582017,0.2036516723676341,0.012177859461321197,0.043921722467824435
2021-12-11 10:40:00,0.1792189679218968,0.4262948207171313,-0.28875651526433366,-0.14051062310301732,0.4482862415097303,0.00011135857461024499,0.5,-0.5544383456467381,0.9060018907665661,0.598121096582017,0.2036516723676341,0.012177859461321197,0.05249935875190489
2021-12-11 10:50:00,0.17573221757322177,0.22709163346613526,-0.2825018615040954,-0.13301196214961608,0.4482862415097303,0.00011135857461024499,0.5,-0.5544383456467381,0.9060018907665661,0.598121096582017,0.2036516723676341,0.012177859461321197,0.04996454275238771
2021-12-11 11:00:00,0.15620641562064158,0.11553784860557759,-0.2789277736411021,-0.1247991430101768,0.4482862415097303,0.00011135857461024499,0.5,-0.524768871428176,0.9048151330289331,0.5415550226826082,0.10181667576309952,0.969097351635172,0.039002972373523244
2021-12-11 11:10:00,0.08647140864714087,0.6653386454183265,-0.27624720774385714,-0.11123013747545074,0.4482862415097303,0.2797327394209354,0.5,-0.524768871428176,0.9048151330289331,0.5415550226826082,0.10181667576309952,0.969097351635172,0.003070446761319915
2021-12-11 11:20:00,0.048117154811715475,0.2549800796812749,-0.29620253164556976,-0.10408855561506858,0.4482862415097303,0.9988864142538976,0.5,-0.524768871428176,0.9048151330289331,0.5415550226826082,0.10181667576309952,0.969097351635172,0.0
2021-12-11 11:30:00,0.0299860529986053,-0.15537848605577698,-0.3140729709605362,-0.12087127298696665,0.4482862415097303,0.9988864142538976,0.5,-0.524768871428176,0.9048151330289331,0.5415550226826082,0.10181667576309952,0.969097351635172,0.0
2021-12-11 11:40:00,0.03347280334728033,-0.32536520584329354,-0.31586001489203286,-0.1308694875915014,0.4482862415097303,0.9988864142538976,0.5,-0.524768871428176,0.9048151330289331,0.5415550226826082,0.10181667576309952,0.969097351635172,0.0
2021-12-11 11:50:00,0.08368200836820083,-0.4953519256308101,-0.3128816083395384,-0.1347973576147118,0.4482862415097303,0.9988864142538976,0.5,-0.524768871428176,0.9048151330289331,0.5415550226826082,0.10181667576309952,0.969097351635172,0.0
2021-12-11 12:00:00,0.06624825662482565,-0.6653386454183268,-0.30752047654504844,-0.13693983217282624,0.4482862415097303,0.9988864142538976,0.5,-0.5156600759850085,0.8981141183941722,0.5731959074038777,0.09817496485010063,0.7777060453023982,0.0
2021-12-11 12:10:00,0.03277545327754532,-0.67286409915892,-0.30722263588979903,-0.14193893947509362,0.4482862415097303,0.9988864142538976,0.5,-0.5156600759850085,0.8981141183941722,0.5731959074038777,0.09817496485010063,0.7777060453023982,0.0
2021-12-11 12:20:00,0.03626220362622037,-0.6803895528995131,-0.29947877885331353,-0.13979646491697895,0.4482862415097303,0.9988864142538976,0.5,-0.5156600759850085,0.8981141183941722,0.5731959074038777,0.09817496485010063,0.7777060453023982,0.0
2021-12-11 12:30:00,0.04672245467224547,-0.6879150066401063,-0.2872673119880864,-0.13372612033565434,0.4482862415097303,0.9988864142538976,0.5,-0.5156600759850085,0.8981141183941722,0.5731959074038777,0.09817496485010063,0.7777060453023982,0.0
2021-12-11 12:40:00,0.0599721059972106,-0.6954404603806995,-0.2783320923306033,-0.1312265666845207,0.4482862415097303,0.9988864142538976,0.5,-0.5156600759850085,0.8981141183941722,0.5731959074038777,0.09817496485010063,0.7777060453023982,0.0
2021-12-11 12:50:00,0.05788005578800558,-0.7029659141212926,-0.2708860759493672,-0.1312265666845207,0.4482862415097303,0.9988864142538976,0.5,-0.5156600759850085,0.8981141183941722,0.5731959074038777,0.09817496485010063,0.7777060453023982,0.0
2021-12-11 13:00:00,0.09902370990237098,-0.7104913678618858,-0.2637379002233806,-0.1312265666845207,0.4482862415097303,0.9988864142538976,0.5,-0.38010004592720426,0.8859448229489639,0.3841548542480893,0.14089643928312517,0.7722635110388673,0.0
2021-12-11 13:10:00,0.06345885634588563,-0.7180168216024791,-0.259270290394639,-0.1312265666845207,0.4482862415097303,0.9988864142538976,0.5,-0.38010004592720426,0.8859448229489639,0.3841548542480893,0.14089643928312517,0.7722635110388673,0.0
2021-12-11 13:20:00,0.07322175732217574,-0.7255422753430721,-0.2551005212211468,-0.129441171219425,0.4482862415097303,0.9988864142538976,0.5,-0.38010004592720426,0.8859448229489639,0.3841548542480893,0.14089643928312517,0.7722635110388673,0.0
2021-12-11 13:30:00,0.08507670850767085,-0.7330677290836654,-0.24616530156366356,-0.12765577575432951,0.4482862415097303,0.9988864142538976,0.5,-0.38010004592720426,0.8859448229489639,0.3841548542480893,0.14089643928312517,0.7722635110388673,0.0
2021-12-11 13:40:00,0.1290097629009763,-0.7405931828242587,-0.2402084884586747,-0.12908409212640592,0.4482862415097303,0.9988864142538976,0.5,-0.38010004592720426,0.8859448229489639,0.3841548542480893,0.14089643928312517,0.7722635110388673,0.0
2021-12-11 13:50:00,0.07112970711297072,-0.7481186365648517,-0.23812360387192866,-0.13301196214961608,0.4482862415097303,0.9988864142538976,0.5,-0.38010004592720426,0.8859448229489639,0.3841548542480893,0.14089643928312517,0.7722635110388673,0.0
2021-12-11 14:00:00,0.1304044630404463,-0.670749102356008,-0.23335815338793753,-0.13194072487055875,0.4482862415097303,0.9988864142538976,0.5,-0.36792039818252353,0.8683877048450203,0.37831417615775276,0.1888715379074632,0.7933748385600066,0.0
2021-12-11 14:10:00,0.11227336122733612,-0.5933795681471645,-0.22680565897244986,-0.1347973576147118,0.4482862415097303,0.9988864142538976,0.5,-0.36792039818252353,0.8683877048450203,0.37831417615775276,0.1888715379074632,0.7933748385600066,0.0
2021-12-11 14:20:00,0.13319386331938632,-0.5160100339383209,-0.22293373045420706,-0.1347973576147118,0.4482862415097303,0.9988864142538976,0.5,-0.36792039818252353,0.8683877048450203,0.37831417615775276,0.1888715379074632,0.7933748385600066,0.0
2021-12-11 14:30:00,0.14086471408647142,-0.43864049972947716,-0.21965748324646328,-0.13515443670773075,0.4482862415097303,0.9988864142538976,0.5,-0.36792039818252353,0.8683877048450203,0.37831417615775276,0.1888715379074632,0.7933748385600066,0.0
2021-12-11 14:40:00,0.13319386331938632,-0.36127096552063365,-0.2131049888309755,-0.14158186038207465,0.4482862415097303,0.9988864142538976,0.5,-0.36792039818252353,0.8683877048450203,0.37831417615775276,0.1888715379074632,0.7933748385600066,0.0
2021-12-11 14:50:00,0.1603905160390516,-0.2839014313117899,-0.2086373790022339,-0.14372433494018932,0.4482862415097303,0.9988864142538976,0.5,-0.36792039818252353,0.8683877048450203,0.37831417615775276,0.1888715379074632,0.7933748385600066,0.0
2021-12-11 15:00:00,0.17154811715481172,-0.20653189710294628,-0.20625465376023833,-0.14979467952151393,0.41035976495530746,0.47861915367483293,0.5,-0.3556837500079214,0.8442272712905222,0.3777976622323573,0.2117319241342959,0.7910218993783292,0.0
2021-12-11 15:10:00,0.15690376569037656,-0.12916236289410266,-0.20327624720774395,-0.15622210319585772,0.40734972713352785,0.5691536748329622,0.5,-0.3556837500079214,0.8442272712905222,0.3777976622323573,0.2117319241342959,0.7910218993783292,0.0
2021-12-11 15:20:00,0.19595536959553697,-0.05179282868525903,-0.1934475055845124,-0.14443849312622736,0.3840808260590753,0.12438752783964366,0.5,-0.3556837500079214,0.8442272712905222,0.3777976622323573,0.2117319241342959,0.7910218993783292,0.03506495465998763
2021-12-11 15:30:00,0.22733612273361226,-0.4342629482071714,-0.17944899478778864,-0.14515265131226573,0.3905196895734907,0.00011135857461024499,0.5,-0.3556837500079214,0.8442272712905222,0.3777976622323573,0.2117319241342959,0.7910218993783292,0.07497321846190987
2021-12-11 15:40:00,0.1903765690376569,-0.2749003984063746,-0.16902457185405817,-0.13729691126584542,0.38491840180078785,0.00011135857461024499,0.5,-0.3556837500079214,0.8442272712905222,0.3777976622323573,0.2117319241342959,0.7910218993783292,0.06112980370264195
2021-12-11 15:50:00,0.25313807531380755,0.15537848605577675,-0.15919583023082662,-0.1312265666845207,0.39364751148394866,0.00011135857461024499,0.5,-0.3556837500079214,0.8442272712905222,0.3777976622323573,0.2117319241342959,0.7910218993783292,0.0979977971241909
2021-12-11 16:00:00,0.1708507670850767,-0.019920318725099695,-0.15264333581533884,-0.12765577575432951,0.3907159963879546,0.00011135857461024499,0.5,-0.3121765125542697,0.8452588597355812,0.30134345614393504,0.2112483130834773,0.7783328853959652,0.04094180484934442
2021-12-11 16:10:00,0.1799163179916318,0.24302788844621515,-0.1508562918838423,-0.11301553294054623,0.3755872845532711,0.00011135857461024499,0.5,-0.3121765125542697,0.8452588597355812,0.30134345614393504,0.2112483130834773,0.7783328853959652,0.05090001056173333
2021-12-11 16:20:00,0.22245467224546722,-0.36254980079681276,-0.14847356664184674,-0.10694518835922162,0.38498383740560915,0.00011135857461024499,0.5,-0.3121765125542697,0.8452588597355812,0.30134345614393504,0.2112483130834773,0.7783328853959652,0.09120811141119846
2021-12-11 16:30:00,0.21338912133891214,0.1633466135458166,-0.14370811615785561,-0.10765934654525966,0.38900158354163666,0.00011135857461024499,0.5,-0.3121765125542697,0.8452588597355812,0.30134345614393504,0.2112483130834773,0.7783328853959652,0.07731943208051058
2021-12-11 16:40:00,0.1290097629009763,-0.14741035856573714,-0.14013402829486243,-0.09873236921978212,0.3935951630000916,0.00011135857461024499,0.5,-0.3121765125542697,0.8452588597355812,0.30134345614393504,0.2112483130834773,0.7783328853959652,0.01758528599665042
2021-12-11 16:50:00,0.15690376569037656,-0.3944223107569722,-0.139240506329114,-0.07552222817354037,0.38133253065658085,0.00011135857461024499,0.5,-0.3121765125542697,0.8452588597355812,0.30134345614393504,0.2112483130834773,0.7783328853959652,0.03670956742157913
2021-12-11 17:00:00,0.13668061366806136,-0.3227091633466136,-0.13834698436336568,-0.061596143545795345,0.37638559893209095,0.00011135857461024499,0.5,-0.3072602671649174,0.8387158878988066,0.2839424025468334,0.17671590561579195,0.7556985539655777,0.030832717232222338
2021-12-11 17:10:00,0.1680613668061367,0.10756972111553775,-0.13596425912137022,-0.05195500803427966,0.37702686785933964,0.00011135857461024499,0.5,-0.3072602671649174,0.8387158878988066,0.2839424025468334,0.17671590561579195,0.7556985539655777,0.03636253904069285
2021-12-11 17:20:00,0.14016736401673638,-0.14741035856573714,-0.13239017125837682,-0.04552758435993576,0.38363586394629046,0.00011135857461024499,0.5,-0.3072602671649174,0.8387158878988066,0.2839424025468334,0.17671590561579195,0.7556985539655777,0.017532477329993815
2021-12-11 17:30:00,0.12343096234309624,-0.2270916334661356,-0.13268801191362634,-0.03088734154615247,0.382300977607936,0.00011135857461024499,0.5,-0.3072602671649174,0.8387158878988066,0.2839424025468334,0.17671590561579195,0.7556985539655777,0.007046184951038822
2021-12-11 17:40:00,0.08577405857740586,-0.17131474103585675,-0.139240506329114,-0.008748437778968055,0.3672377013780738,0.006570155902004454,0.5,-0.3072602671649174,0.8387158878988066,0.2839424025468334,0.17671590561579195,0.7556985539655777,0.0
2021-12-11 17:50:00,0.11297071129707113,0.019920318725099362,-0.15621742367833225,-0.0026780931976432276,0.3672377013780738,0.9827394209354121,0.5,-0.3072602671649174,0.8387158878988066,0.2839424025468334,0.17671590561579195,0.7556985539655777,0.0
2021-12-11 18:00:00,0.1094839609483961,-0.24302788844621515,-0.16753536857781093,-0.031958578825209805,0.3672377013780738,0.9957683741648108,0.5,-0.4842093466696774,0.8450864494104998,0.44521788378424004,0.12177086623881449,0.7437217731667747,0.0
2021-12-11 18:10:00,0.11715481171548117,-0.2638676064970886,-0.17587490692479535,-0.0590965898946616,0.3672377013780738,0.9957683741648108,0.5,-0.4842093466696774,0.8450864494104998,0.44521788378424004,0.12177086623881449,0.7437217731667747,0.0
2021-12-11 18:20:00,0.1087866108786611,-0.284707324547962,-0.1812360387192853,-0.09087662917336181,0.3672377013780738,0.9957683741648108,0.5,-0.4842093466696774,0.8450864494104998,0.44521788378424004,0.12177086623881449,0.7437217731667747,0.0
2021-12-11 18:30:00,0.12412831241283125,-0.3055470425988356,-0.19017125837676851,-0.11658632387073731,0.3672377013780738,0.9957683741648108,0.5,-0.4842093466696774,0.8450864494104998,0.44521788378424004,0.12177086623881449,0.7437217731667747,0.0
2021-12-11 18:40:00,0.11854951185495119,-0.32638676064970884,-0.1973194341027551,-0.13872522763792183,0.3672377013780738,0.9957683741648108,0.5,-0.4842093466696774,0.8450864494104998,0.44521788378424004,0.12177086623881449,0.7437217731667747,0.0
2021-12-11 18:50:00,0.13807531380753138,-0.34722647870058243,-0.20029784065524958,-0.1583645777539725,0.3672377013780738,0.9957683741648108,0.5,-0.4842093466696774,0.8450864494104998,0.44521788378424004,0.12177086623881449,0.7437217731667747,0.0
2021-12-11 19:00:00,0.13389121338912133,-0.3680661967514558,-0.20804169769173497,-0.17764684877700399,0.3672377013780738,0.9957683741648108,0.5,-0.45879349201176833,0.8428393681736304,0.4195704881722369,0.03857936494928216,0.7505612141849876,0.0
2021-12-11 19:10:00,0.1324965132496513,-0.3889059148023293,-0.21518987341772167,-0.19621496161399754,0.3672377013780738,0.9957683741648108,0.5,-0.45879349201176833,0.8428393681736304,0.4195704881722369,0.03857936494928216,0.7505612141849876,0.0
2021-12-11 19:20:00,0.11506276150627615,-0.40974563285320265,-0.21816827997021604,-0.21014104624174257,0.3672377013780738,0.9957683741648108,0.5,-0.45879349201176833,0.8428393681736304,0.4195704881722369,0.03857936494928216,0.7505612141849876,0.0
2021-12-11 19:30:00,0.10111576011157601,-0.4305853509040761,-0.22978406552494424,-0.22192465631137293,0.3672377013780738,0.9957683741648108,0.5,-0.45879349201176833,0.8428393681736304,0.4195704881722369,0.03857936494928216,0.7505612141849876,0.0
2021-12-11 19:40:00,0.09553695955369597,-0.4514250689549495,-0.23842144452717806,-0.23227995000892698,0.3672377013780738,0.9957683741648108,0.5,-0.45879349201176833,0.8428393681736304,0.4195704881722369,0.03857936494928216,0.7505612141849876,0.0
2021-12-11 19:50:00,0.0885634588563459,-0.472264787005823,-0.24199553239017135,-0.24227816461346185,0.3672377013780738,0.9957683741648108,0.5,-0.45879349201176833,0.8428393681736304,0.4195704881722369,0.03857936494928216,0.7505612141849876,0.0
2021-12-11 20:00:00,0.06415620641562064,-0.49310450505669645,-0.2503350707371558,-0.2494197464738439,0.3672377013780738,0.9957683741648108,0.5,-0.44835130675736934,0.8517386144531596,0.40468200280588934,0.05003957265044272,0.23216142049886773,0.0
2021-12-11 20:10:00,0.06206415620641562,-0.5139442231075697,-0.2598659717051379,-0.2572754865202642,0.3672377013780738,0.9957683741648108,0.5,-0.44835130675736934,0.8517386144531596,0.40468200280588934,0.05003957265044272,0.23216142049886773,0.0
2021-12-11 20:20:00,0.060669456066945605,-0.3000120729204395,-0.2664184661206256,-0.2637029101946081,0.3672377013780738,0.9957683741648108,0.5,-0.44835130675736934,0.8517386144531596,0.40468200280588934,0.05003957265044272,0.23216142049886773,0.0
2021-12-11 20:30:00,0.05090655509065551,-0.08607992273330933,-0.2744601638123605,-0.26941617568291376,0.3672377013780738,0.9957683741648108,0.5,-0.44835130675736934,0.8517386144531596,0.40468200280588934,0.05003957265044272,0.23216142049886773,0.0
2021-12-11 20:40:00,0.04184100418410042,0.12785222745382097,-0.279523454951601,-0.2765577575432959,0.3672377013780738,0.9957683741648108,0.5,-0.44835130675736934,0.8517386144531596,0.40468200280588934,0.05003957265044272,0.23216142049886773,0.0
2021-12-11 20:50:00,0.02092050209205021,0.34178437764095126,-0.2866716306775876,-0.28369933940367775,0.3672377013780738,0.9957683741648108,0.5,-0.44835130675736934,0.8517386144531596,0.40468200280588934,0.05003957265044272,0.23216142049886773,0.0
2021-12-11 21:00:00,0.009762900976290099,0.5557165278280816,-0.29233060312732695,-0.29012676307802165,0.3672377013780738,0.9957683741648108,0.5,-0.5175695737108281,0.8269115276416849,0.4782793403180016,0.166747082719808,0.15191468528321816,0.0
2021-12-11 21:10:00,0.013249651324965132,0.7696486780152119,-0.29918093819806413,-0.29976789858953756,0.3672377013780738,0.9957683741648108,0.5,-0.5175695737108281,0.8269115276416849,0.4782793403180016,0.166747082719808,0.15191468528321816,0.0
2021-12-11 21:20:00,0.013249651324965132,0.7442955450923576,-0.302457185405808,-0.30619532226388146,0.3672377013780738,0.9957683741648108,0.5,-0.5175695737108281,0.8269115276416849,0.4782793403180016,0.166747082719808,0.15191468528321816,0.0
2021-12-11 21:30:00,0.012552301255230125,0.7189424121695036,-0.3087118391660463,-0.31476522049634004,0.3672377013780738,0.9957683741648108,0.5,-0.5175695737108281,0.8269115276416849,0.4782793403180016,0.166747082719808,0.15191468528321816,0.0
2021-12-11 21:40:00,0.04184100418410042,0.6935892792466496,-0.3104988830975429,-0.3215497232637029,0.3672377013780738,0.9957683741648108,0.5,-0.5175695737108281,0.8269115276416849,0.4782793403180016,0.166747082719808,0.15191468528321816,0.0
2021-12-11 21:50:00,0.03277545327754532,0.6682361463237958,-0.31496649292628454,-0.32904838421710414,0.3672377013780738,0.9957683741648108,0.5,-0.5175695737108281,0.8269115276416849,0.4782793403180016,0.166747082719808,0.15191468528321816,0.0
2021-12-11 22:00:00,0.042538354253835425,0.6428830134009416,-0.3185405807892778,-0.3361899660774862,0.3672377013780738,0.9957683741648108,0.5,-0.5946619380879942,0.8282017315743658,0.5435944474182357,0.31523344051432106,0.12725995702815066,0.0
2021-12-11 22:10:00,0.04184100418410042,0.6175298804780875,-0.32390171258376776,-0.34154615247277276,0.3672377013780738,0.9957683741648108,0.5,-0.5946619380879942,0.8282017315743658,0.5435944474182357,0.31523344051432106,0.12725995702815066,0.0
2021-12-11 22:20:00,0.042538354253835425,0.5921767475552335,-0.32777364110201046,-0.34797357614711666,0.3672377013780738,0.9957683741648108,0.5,-0.5946619380879942,0.8282017315743658,0.5435944474182357,0.31523344051432106,0.12725995702815066,0.0
2021-12-11 22:30:00,0.07252440725244073,0.5668236146323795,-0.3283693224125095,-0.3533297625424031,0.3672377013780738,0.9957683741648108,0.5,-0.5946619380879942,0.8282017315743658,0.5435944474182357,0.31523344051432106,0.12725995702815066,0.0
2021-12-11 22:40:00,0.09623430962343095,0.5414704817095253,-0.3244973938942667,-0.36047134440278517,0.3672377013780738,0.9957683741648108,0.5,-0.5946619380879942,0.8282017315743658,0.5435944474182357,0.31523344051432106,0.12725995702815066,0.0
2021-12-11 22:50:00,0.1094839609483961,0.5161173487866715,-0.3173492181682801,-0.36725584717014825,0.3672377013780738,0.9957683741648108,0.5,-0.5946619380879942,0.8282017315743658,0.5435944474182357,0.31523344051432106,0.12725995702815066,0.0
2021-12-11 23:00:00,0.11087866108786612,0.49076421586381747,-0.31169024571854065,-0.3729691126584538,0.3672377013780738,0.9957683741648108,0.5,-0.6172054246798855,0.8288626378205054,0.606563746860241,0.36346392396187605,0.11301319236752784,0.0
2021-12-11 23:10:00,0.11157601115760113,0.4654110829409632,-0.309903201787044,-0.37796821996072116,0.3672377013780738,0.9957683741648108,0.5,-0.6172054246798855,0.8288626378205054,0.606563746860241,0.36346392396187605,0.11301319236752784,0.0
2021-12-11 23:20:00,0.13389121338912133,0.4400579500181092,-0.30275502606105753,-0.387252276379218,0.3672377013780738,0.9957683741648108,0.5,-0.6172054246798855,0.8288626378205054,0.606563746860241,0.36346392396187605,0.11301319236752784,0.0
2021-12-11 23:30:00,0.15481171548117156,0.4147048170952552,-0.3054355919583024,-0.39725049098375276,0.3672377013780738,0.9957683741648108,0.5,-0.6172054246798855,0.8288626378205054,0.606563746860241,0.36346392396187605,0.11301319236752784,0.0
2021-12-11 23:40:00,0.201534170153417,0.3893516841724014,-0.3128816083395384,-0.40582038921621133,0.3813456177775451,0.9957683741648108,0.5,-0.6172054246798855,0.8288626378205054,0.606563746860241,0.36346392396187605,0.11301319236752784,0.0
2021-12-11 23:50:00,0.19525801952580193,0.36399855124954716,-0.3137751303052868,-0.40082128191394384,0.5525382471110181,0.5726057906458798,0.5,-0.6172054246798855,0.8288626378205054,0.606563746860241,0.36346392396187605,0.11301319236752784,0.013866047044977896
2021-12-12 00:00:00,0.18131101813110181,0.33864541832669315,-0.3015636634400597,-0.3476164970540975,0.5806624700632108,0.00011135857461024499,0.5,-0.6643423120961984,0.8053631105121469,0.6298691392377229,0.3842145104193371,0.11546494446237925,0.051096157037886454
2021-12-12 00:10:00,0.18340306834030684,0.3705179282868525,-0.2854802680565899,-0.3069094804499196,0.5806624700632108,0.00011135857461024499,0.5,-0.6643423120961984,0.8053631105121469,0.6298691392377229,0.3842145104193371,0.11546494446237925,0.053336753323173954
2021-12-12 00:20:00,0.16457461645746163,0.5697211155378485,-0.2744601638123605,-0.2783431530083913,0.5806624700632108,0.00011135857461024499,0.5,-0.6643423120961984,0.8053631105121469,0.6298691392377229,0.3842145104193371,0.11546494446237925,0.039304736182989575
2021-12-12 00:30:00,0.17364016736401675,0.40239043824701204,-0.26612062546537607,-0.25656132833422596,0.589208360052872,0.00011135857461024499,0.5,-0.6643423120961984,0.8053631105121469,0.6298691392377229,0.3842145104193371,0.11546494446237925,0.057531270274755957
2021-12-12 00:40:00,0.21269177126917713,-0.07569721115537853,-0.26046165301563673,-0.24192108552044278,0.5971522424781772,0.00022271714922048998,0.5,-0.6643423120961984,0.8053631105121469,0.6298691392377229,0.3842145104193371,0.11546494446237925,0.08797169455467206
2021-12-12 00:50:00,0.2412831241283124,-0.4661354581673308,-0.2589724497393895,-0.23477950366006073,0.5971522424781772,0.00033407572383073496,0.5,-0.6643423120961984,0.8053631105121469,0.6298691392377229,0.3842145104193371,0.11546494446237925,0.13696304902153086
2021-12-12 01:00:00,0.25662482566248257,-0.601593625498008,-0.2625465376023829,-0.23477950366006073,0.5971522424781772,0.00033407572383073496,0.5,-0.7042860054105382,0.8037596944889055,0.660571599444402,0.40280666658618297,0.1261792579311053,0.14381308749641655
2021-12-12 01:10:00,0.23849372384937237,-0.49800796812749004,-0.25778108711839176,-0.23227995000892698,0.5971522424781772,0.00033407572383073496,0.5,-0.7042860054105382,0.8037596944889055,0.660571599444402,0.40280666658618297,0.1261792579311053,0.12514145178568734
2021-12-12 01:20:00,0.22175732217573224,-0.3227091633466136,-0.2527177959791512,-0.22513836814854493,0.5971522424781772,0.00033407572383073496,0.5,-0.7042860054105382,0.8037596944889055,0.660571599444402,0.40280666658618297,0.1261792579311053,0.11010606997902742
2021-12-12 01:30:00,0.2189679218967922,0.03585657370517925,-0.243782576321668,-0.21692554900910554,0.5971522424781772,0.00044543429844097997,0.5,-0.7042860054105382,0.8037596944889055,0.660571599444402,0.40280666658618297,0.1261792579311053,0.09286026826802662
2021-12-12 01:40:00,0.21199442119944212,0.05179282868525892,-0.23871928518242747,-0.20585609712551323,0.5971522424781772,0.00033407572383073496,0.5,-0.7042860054105382,0.8037596944889055,0.660571599444402,0.40280666658618297,0.1261792579311053,0.08770010712615237
2021-12-12 01:50:00,0.24267782426778242,0.41035856573705165,-0.23335815338793753,-0.1983574361721121,0.5971522424781772,0.00033407572383073496,0.5,-0.7042860054105382,0.8037596944889055,0.660571599444402,0.40280666658618297,0.1261792579311053,0.09146461064924484
2021-12-12 02:00:00,0.22663877266387727,0.3306772908366533,-0.23306031273268812,-0.19550080342795917,0.6037350643231996,0.00033407572383073496,0.5,-0.6968414290731544,0.7788665170528181,0.6563228190475322,0.42278645159724654,0.1396221630958191,0.0902424672209062
2021-12-12 02:10:00,0.23361227336122734,-0.6175298804780878,-0.23901712583767698,-0.19550080342795917,0.6110376778212561,0.00033407572383073496,0.5,-0.6968414290731544,0.7788665170528181,0.6563228190475322,0.42278645159724654,0.1396221630958191,0.10868778007453565
2021-12-12 02:20:00,0.22663877266387727,-0.3784860557768924,-0.2399106478034252,-0.19300124977682553,0.6110376778212561,0.00033407572383073496,0.5,-0.6968414290731544,0.7788665170528181,0.6563228190475322,0.42278645159724654,0.1396221630958191,0.11214297569292515
2021-12-12 02:30:00,0.2503486750348675,-0.4342629482071714,-0.23901712583767698,-0.1919300124977681,0.6110376778212561,0.00022271714922048998,0.5,-0.6968414290731544,0.7788665170528181,0.6563228190475322,0.42278645159724654,0.1396221630958191,0.132346062736696
2021-12-12 02:40:00,0.2594142259414226,-0.649402390438247,-0.23901712583767698,-0.1919300124977681,0.6110376778212561,0.00022271714922048998,0.5,-0.6968414290731544,0.7788665170528181,0.6563228190475322,0.42278645159724654,0.1396221630958191,0.14179126997299213
2021-12-12 02:50:00,0.2684797768479777,-0.5458167330677292,-0.23812360387192866,-0.1919300124977681,0.6110376778212561,0.00022271714922048998,0.5,-0.6968414290731544,0.7788665170528181,0.6563228190475322,0.42278645159724654,0.1396221630958191,0.15048206768562247
2021-12-12 03:00:00,0.24476987447698745,-0.4900398406374503,-0.23335815338793753,-0.18978753793965364,0.6110376778212561,0.00011135857461024499,0.5,-0.684210847558704,0.7667949207918249,0.6390812976179109,0.44329797189496783,0.15157256051391393,0.11430813102584608
2021-12-12 03:10:00,0.24755927475592746,-0.5856573705179284,-0.2324646314221892,-0.18478843063738626,0.6105796285875069,0.00011135857461024499,0.5,-0.684210847558704,0.7667949207918249,0.6390812976179109,0.44329797189496783,0.15157256051391393,0.11704663759675303
2021-12-12 03:20:00,0.29358437935843795,0.3784860557768923,-0.231571109456441,-0.18443135154436707,0.5975710303490335,0.00011135857461024499,0.5,-0.684210847558704,0.7667949207918249,0.6390812976179109,0.44329797189496783,0.15157256051391393,0.14959940854293347
2021-12-12 03:30:00,0.2503486750348675,-0.3545816733067729,-0.2288905435591959,-0.18478843063738626,0.6110507649422203,0.00011135857461024499,0.5,-0.684210847558704,0.7667949207918249,0.6390812976179109,0.44329797189496783,0.15157256051391393,0.1332815305460416
2021-12-12 03:40:00,0.2789400278940028,-0.31474103585657376,-0.243782576321668,-0.18835922156757723,0.6110507649422203,0.0012249443207126948,0.5,-0.684210847558704,0.7667949207918249,0.6390812976179109,0.44329797189496783,0.15157256051391393,0.15475202558957105
2021-12-12 03:50:00,0.301255230125523,-0.3227091633466136,-0.3131794489947879,-0.2540617746830922,0.6110507649422203,0.0017817371937639199,0.5,-0.684210847558704,0.7667949207918249,0.6390812976179109,0.44329797189496783,0.15157256051391393,0.1641067036830273
2021-12-12 04:00:00,0.3242677824267783,-0.4103585657370519,-0.3373045420699926,-0.2990537404034993,0.6110507649422203,0.017037861915367485,0.5,-0.6877631517068611,0.7484734502466935,0.6027660443009923,0.4578627632829139,0.16187671867084294,0.1743893054905925
2021-12-12 04:10:00,0.3235704323570432,-0.3705179282868527,-0.3495160089352197,-0.3136939832172826,0.6110507649422203,0.02048997772828508,0.5,-0.6877631517068611,0.7484734502466935,0.6027660443009923,0.4578627632829139,0.16187671867084294,0.17756536958522565
2021-12-12 04:20:00,0.3361227336122734,-0.09960159362549814,-0.3566641846612064,-0.32547759328691306,0.6110507649422203,0.0013363028953229399,0.5,-0.6877631517068611,0.7484734502466935,0.6027660443009923,0.4578627632829139,0.16187671867084294,0.2259682846236251
2021-12-12 04:30:00,0.33333333333333337,-0.02788844621513953,-0.36202531645569636,-0.3311908587752187,0.6110507649422203,0.00011135857461024499,0.5,-0.6877631517068611,0.7484734502466935,0.6027660443009923,0.4578627632829139,0.16187671867084294,0.20461849510388222
2021-12-12 04:40:00,0.32914923291492326,-0.12350597609561753,-0.3691734921816828,-0.3386895197286198,0.6110507649422203,0.00011135857461024499,0.5,-0.6877631517068611,0.7484734502466935,0.6027660443009923,0.4578627632829139,0.16187671867084294,0.21024639015042926
2021-12-12 04:50:00,0.301255230125523,0.05976095617529875,-0.3715562174236785,-0.3519014461703267,0.6110507649422203,0.00011135857461024499,0.5,-0.6877631517068611,0.7484734502466935,0.6027660443009923,0.4578627632829139,0.16187671867084294,0.17791239796611194
2021-12-12 05:00:00,0.37377963737796377,-0.3784860557768924,-0.37602382725242,-0.35118728798428844,0.6110507649422203,0.00011135857461024499,0.5,-0.6725686181448145,0.7319249325444602,0.6073882922918444,0.4741144795563054,0.1661999596540567,0.24265582328711316
2021-12-12 05:10:00,0.3807531380753138,-0.3784860557768924,-0.37810871183916617,-0.3422603106588108,0.6079098559107982,0.00011135857461024499,0.5,-0.6725686181448145,0.7319249325444602,0.6073882922918444,0.4741144795563054,0.1661999596540567,0.2520029572853328
2021-12-12 05:20:00,0.398186889818689,0.33864541832669315,-0.3801935964259122,-0.34797357614711666,0.5999136250016358,0.00011135857461024499,0.5,-0.6725686181448145,0.7319249325444602,0.6073882922918444,0.4741144795563054,0.1661999596540567,0.29237895499192784
2021-12-12 05:30:00,0.38354253835425384,0.49003984063745,-0.38466120625465394,-0.35582931619353686,0.5999136250016358,0.00011135857461024499,0.5,-0.6725686181448145,0.7319249325444602,0.6073882922918444,0.4741144795563054,0.1661999596540567,0.28770916004043634
2021-12-12 05:40:00,0.3800557880055788,0.3306772908366533,-0.38495904690990335,-0.35761471165863234,0.5999136250016358,0.00011135857461024499,0.5,-0.6725686181448145,0.7319249325444602,0.6073882922918444,0.4741144795563054,0.1661999596540567,0.2862003409931047
2021-12-12 05:50:00,0.36750348675034866,0.49003984063745,-0.38495904690990335,-0.35618639528655593,0.5999267121226001,0.00011135857461024499,0.5,-0.6725686181448145,0.7319249325444602,0.6073882922918444,0.4741144795563054,0.1661999596540567,0.26687991309202286
2021-12-12 06:00:00,0.37866108786610875,-0.3705179282868527,-0.38495904690990335,-0.3547580789144795,0.6109329808535421,0.00011135857461024499,0.5,-0.710257776022664,0.7161781228538497,0.6130378614979258,0.4778083740291885,0.16386086377232775,0.2729227333765861
2021-12-12 06:10:00,0.397489539748954,0.027888446215139417,-0.38495904690990335,-0.3486877343331547,0.6022431325332741,0.00011135857461024499,0.5,-0.710257776022664,0.7161781228538497,0.6130378614979258,0.4778083740291885,0.16386086377232775,0.3032726285136624
2021-12-12 06:20:00,0.37447698744769875,0.027888446215139417,-0.38495904690990335,-0.3533297625424031,0.5999136250016358,0.00011135857461024499,0.5,-0.710257776022664,0.7161781228538497,0.6130378614979258,0.4778083740291885,0.16386086377232775,0.2963396049911734
2021-12-12 06:30:00,0.37935843793584384,-0.003984063745020028,-0.3876396128071483,-0.35083020889126937,0.5999136250016358,0.00011135857461024499,0.5,-0.710257776022664,0.7161781228538497,0.6130378614979258,0.4778083740291885,0.16386086377232775,0.303634745085022
2021-12-12 06:40:00,0.39051603905160387,0.08366533864541825,-0.38883097542814604,-0.3504731297982504,0.5999136250016358,0.00011135857461024499,0.5,-0.710257776022664,0.7161781228538497,0.6130378614979258,0.4778083740291885,0.16386086377232775,0.3160825022255081
2021-12-12 06:50:00,0.405160390516039,0.3784860557768923,-0.39300074460163825,-0.35761471165863234,0.5999136250016358,0.00011135857461024499,0.5,-0.710257776022664,0.7161781228538497,0.6130378614979258,0.4778083740291885,0.16386086377232775,0.3142945516544201
2021-12-12 07:00:00,0.403068340306834,0.3705179282868525,-0.3953834698436338,-0.35904302803070876,0.5999136250016358,0.00011135857461024499,0.5,-0.6967304633444544,0.7111839704373781,0.6549065589152422,0.4933983843199944,0.16034879642904915,0.31598442898743156
2021-12-12 07:10:00,0.3807531380753138,0.07569721115537842,-0.39687267311988095,-0.359757186216747,0.5999136250016358,0.00011135857461024499,0.5,-0.6967304633444544,0.7111839704373781,0.6549065589152422,0.4933983843199944,0.16034879642904915,0.2971392790862592
2021-12-12 07:20:00,0.4107391910739191,-0.02788844621513953,-0.39687267311988095,-0.35618639528655593,0.5999136250016358,0.00011135857461024499,0.5,-0.6967304633444544,0.7111839704373781,0.6549065589152422,0.4933983843199944,0.16034879642904915,0.3425396442204687
2021-12-12 07:30:00,0.41352859135285913,0.07569721115537842,-0.39687267311988095,-0.35761471165863234,0.5999136250016358,0.00011135857461024499,0.5,-0.6967304633444544,0.7111839704373781,0.6549065589152422,0.4933983843199944,0.16034879642904915,0.3501818126952035
2021-12-12 07:40:00,0.4260808926080893,0.13147410358565725,-0.3995532390171259,-0.3611855025888234,0.5999136250016358,0.00011135857461024499,0.5,-0.6967304633444544,0.7111839704373781,0.6549065589152422,0.4933983843199944,0.16034879642904915,0.37667667516634734
2021-12-12 07:50:00,0.41143654114365413,0.1633466135458166,-0.4028294862248698,-0.35904302803070876,0.5999136250016358,0.00011135857461024499,0.5,-0.6967304633444544,0.7111839704373781,0.6549065589152422,0.4933983843199944,0.16034879642904915,0.33800564298323704
2021-12-12 08:00:00,0.4093444909344491,0.1633466135458166,-0.4028294862248698,-0.35940010712372794,0.5999136250016358,0.00011135857461024499,0.5,-0.6862710011897049,0.697833664265374,0.701699195123439,0.499937566601698,0.15241868210211182,0.3346786969838707
2021-12-12 08:10:00,0.4107391910739191,0.043824701195219085,-0.4028294862248698,-0.359757186216747,0.5999136250016358,0.00011135857461024499,0.5,-0.6862710011897049,0.697833664265374,0.701699195123439,0.499937566601698,0.15241868210211182,0.350921134028396
2021-12-12 08:20:00,0.399581589958159,-0.059760956175298974,-0.4028294862248698,-0.35940010712372794,0.5999136250016358,0.00011135857461024499,0.5,-0.6862710011897049,0.697833664265374,0.701699195123439,0.499937566601698,0.15241868210211182,0.33841302412601654
2021-12-12 08:30:00,0.39539748953974896,-0.2589641434262948,-0.4028294862248698,-0.359757186216747,0.5999136250016358,0.00011135857461024499,0.5,-0.6862710011897049,0.697833664265374,0.701699195123439,0.499937566601698,0.15241868210211182,0.31840608355839883
2021-12-12 08:40:00,0.4086471408647141,-0.2749003984063746,-0.4028294862248698,-0.3565434743795751,0.5999136250016358,0.00011135857461024499,0.5,-0.6862710011897049,0.697833664265374,0.701699195123439,0.499937566601698,0.15241868210211182,0.3292695806991867
2021-12-12 08:50:00,0.4121338912133891,-0.42629482071713154,-0.4028294862248698,-0.35618639528655593,0.5999136250016358,0.00011135857461024499,0.5,-0.6862710011897049,0.697833664265374,0.701699195123439,0.499937566601698,0.15241868210211182,0.3222460280338579
2021-12-12 09:00:00,0.398884239888424,0.11553784860557759,-0.398957557706627,-0.35618639528655593,0.5894177539883001,0.00011135857461024499,0.5,-0.6812875493250503,0.6958825540865575,0.736498892849294,0.492500686053338,0.14651904523646947,0.3107488268931907
2021-12-12 09:10:00,0.4065550906555091,0.4581673306772909,-0.3947877885331348,-0.359757186216747,0.5886325267304445,0.00011135857461024499,0.5,-0.6812875493250503,0.6958825540865575,0.736498892849294,0.492500686053338,0.14651904523646947,0.30864402432216304
2021-12-12 09:20:00,0.38633193863319387,0.3227091633466135,-0.3870439314966494,-0.35904302803070876,0.5886325267304445,0.00011135857461024499,0.5,-0.6812875493250503,0.6958825540865575,0.736498892849294,0.492500686053338,0.14651904523646947,0.2842086998506269
2021-12-12 09:30:00,0.3807531380753138,0.3067729083665336,-0.378704393149665,-0.3569005534725942,0.5886325267304445,0.00011135857461024499,0.5,-0.6812875493250503,0.6958825540865575,0.736498892849294,0.492500686053338,0.14651904523646947,0.2764231935663956
2021-12-12 09:40:00,0.3926080892608089,-0.07569721115537853,-0.371258376768429,-0.35618639528655593,0.5886325267304445,0.00011135857461024499,0.5,-0.6812875493250503,0.6958825540865575,0.736498892849294,0.492500686053338,0.14651904523646947,0.30009656441902927
2021-12-12 09:50:00,0.37308228730822873,-0.21115537848605592,-0.3650037230081906,-0.35440099982146045,0.5886325267304445,0.00011135857461024499,0.5,-0.6812875493250503,0.6958825540865575,0.736498892849294,0.492500686053338,0.14651904523646947,0.297938953181345
2021-12-12 10:00:00,0.3486750348675035,0.13147410358565725,-0.355770662695458,-0.3501160507052312,0.5886325267304445,0.00011135857461024499,0.5,-0.49786593592271167,0.7007675132971481,0.6034863485230023,0.4536052194612818,0.15612425193068538,0.23929870090680025
2021-12-12 10:10:00,0.3270571827057183,0.47410358565737054,-0.3450483991064781,-0.35618639528655593,0.5886325267304445,0.00011135857461024499,0.5,-0.49786593592271167,0.7007675132971481,0.6034863485230023,0.4536052194612818,0.15612425193068538,0.19942815758106133
2021-12-12 10:20:00,0.31311018131101814,0.4581673306772909,-0.3358153387937455,-0.3583288698446706,0.5886325267304445,0.00011135857461024499,0.5,-0.49786593592271167,0.7007675132971481,0.6034863485230023,0.4536052194612818,0.15612425193068538,0.18439277577440139
2021-12-12 10:30:00,0.31241283124128316,0.6414342629482073,-0.32807148175726,-0.35618639528655593,0.5886325267304445,0.00011135857461024499,0.5,-0.49786593592271167,0.7007675132971481,0.6034863485230023,0.4536052194612818,0.15612425193068538,0.1884364108212502
2021-12-12 10:40:00,0.29567642956764295,0.7051792828685257,-0.3218168279970217,-0.35725763256561327,0.5886325267304445,0.00011135857461024499,0.5,-0.49786593592271167,0.7007675132971481,0.6034863485230023,0.4536052194612818,0.15612425193068538,0.16241682635001584
2021-12-12 10:50:00,0.2391910739191074,0.6254980079681274,-0.31526433358153394,-0.35618639528655593,0.5906217691170119,0.00011135857461024499,0.5,-0.49786593592271167,0.7007675132971481,0.6034863485230023,0.4536052194612818,0.15612425193068538,0.10594172940839205
2021-12-12 11:00:00,0.21338912133891214,-0.1394422310756973,-0.3102010424422935,-0.3504731297982504,0.602491787831595,0.00011135857461024499,0.5,-0.49327338226676276,0.6887620076607676,0.5778820697130209,0.3961069466272681,0.178719225585833,0.0866439337930202
2021-12-12 11:10:00,0.22663877266387727,0.1394422310756971,-0.305137751303053,-0.3490448134261739,0.602491787831595,0.00011135857461024499,0.5,-0.49327338226676276,0.6887620076607676,0.5778820697130209,0.3961069466272681,0.178719225585833,0.09640599302925601
2021-12-12 11:20:00,0.24198047419804744,0.3067729083665336,-0.29679821295606856,-0.3472594179610783,0.602491787831595,0.00011135857461024499,0.5,-0.49327338226676276,0.6887620076607676,0.5778820697130209,0.3961069466272681,0.178719225585833,0.10509679074188633
2021-12-12 11:30:00,0.21827057182705717,0.15537848605577675,-0.2899478778853314,-0.3458311015890019,0.6157228671264608,0.00011135857461024499,0.5,-0.49327338226676276,0.6887620076607676,0.5778820697130209,0.3961069466272681,0.178719225585833,0.08956349864960696
2021-12-12 11:40:00,0.2099023709902371,0.346613545816733,-0.2860759493670887,-0.34190323156579183,0.6164033974166023,0.00011135857461024499,0.5,-0.49327338226676276,0.6887620076607676,0.5778820697130209,0.3961069466272681,0.178719225585833,0.0876925630309157
2021-12-12 11:50:00,0.23570432357043236,0.09960159362549792,-0.28101265822784816,-0.33833244063560075,0.6164033974166023,0.00011135857461024499,0.5,-0.49327338226676276,0.6887620076607676,0.5778820697130209,0.3961069466272681,0.178719225585833,0.10231301959955943
2021-12-12 12:00:00,0.1924686192468619,0.09960159362549792,-0.2717795979151155,-0.33476164970540967,0.6164033974166023,0.00011135857461024499,0.5,-0.4884731389226219,0.6858597671885915,0.5527456082049753,0.40245308047615685,0.2171173257761299,0.07117853855787075
2021-12-12 12:10:00,0.19177126917712692,-0.01195219123505975,-0.2631422189128817,-0.3297625424031423,0.6164033974166023,0.00011135857461024499,0.5,-0.4884731389226219,0.6858597671885915,0.5527456082049753,0.40245308047615685,0.2171173257761299,0.06525642379709401
2021-12-12 12:20:00,0.16596931659693165,0.25099601593625476,-0.2521221146686523,-0.32404927691483665,0.6164033974166023,0.00011135857461024499,0.5,-0.4884731389226219,0.6858597671885915,0.5527456082049753,0.40245308047615685,0.2171173257761299,0.055200144846628545
2021-12-12 12:30:00,0.15132496513249652,0.14741035856573692,-0.2431868950111692,-0.3169076950544545,0.6164033974166023,0.00011135857461024499,0.5,-0.4884731389226219,0.6858597671885915,0.5527456082049753,0.40245308047615685,0.2171173257761299,0.04595108408648551
2021-12-12 12:40:00,0.15620641562064158,0.11553784860557759,-0.23276247207743872,-0.31119442956614896,0.6164033974166023,0.00011135857461024499,0.5,-0.4884731389226219,0.6858597671885915,0.5527456082049753,0.40245308047615685,0.2171173257761299,0.047799387419466786
2021-12-12 12:50:00,0.1499302649930265,0.1394422310756971,-0.22144452717795982,-0.3036957686127477,0.6164033974166023,0.00011135857461024499,0.5,-0.4884731389226219,0.6858597671885915,0.5527456082049753,0.40245308047615685,0.2171173257761299,0.04272221132519577
2021-12-12 13:00:00,0.1394700139470014,0.29083665338645415,-0.21042442293373054,-0.2972683449384038,0.6164033974166023,0.00011135857461024499,0.5,-0.2689868632186466,0.6609780837741784,0.3480889174981552,0.3495117198314893,0.24628304166126846,0.03527618932661406
2021-12-12 13:10:00,0.12622036262203626,0.346613545816733,-0.20029784065524958,-0.2894126048919836,0.6164033974166023,0.00011135857461024499,0.5,-0.2689868632186466,0.6609780837741784,0.3480889174981552,0.3495117198314893,0.24628304166126846,0.031496597613048266
2021-12-12 13:20:00,0.12622036262203626,0.6254980079681274,-0.19166046165301565,-0.2847705766827352,0.6164033974166023,0.00011135857461024499,0.5,-0.2689868632186466,0.6609780837741784,0.3480889174981552,0.3495117198314893,0.24628304166126846,0.03130799523213181
2021-12-12 13:30:00,0.12133891213389121,0.3227091633466135,-0.17915115413253924,-0.25656132833422596,0.6217298556490558,0.00011135857461024499,0.5,-0.2689868632186466,0.6609780837741784,0.3480889174981552,0.3495117198314893,0.24628304166126846,0.0183849600917362
2021-12-12 13:40:00,0.12552301255230125,0.5059760956175297,-0.15502606105733452,-0.17193358328869845,0.6328015599848189,0.00011135857461024499,0.5,-0.2689868632186466,0.6609780837741784,0.3480889174981552,0.3495117198314893,0.24628304166126846,0.006819862093939074
2021-12-12 13:50:00,0.1324965132496513,0.6573705179282865,-0.13417721518987347,-0.10980182110337433,0.6389917682009134,0.00011135857461024499,0.5,-0.2689868632186466,0.6609780837741784,0.3480889174981552,0.3495117198314893,0.24628304166126846,0.010961570378864463
2021-12-12 14:00:00,0.14295676429567641,0.1872509960159361,-0.1157110945644082,-0.0673094090341011,0.6496446846658204,0.00011135857461024499,0.5,-0.26116362925639636,0.6309011025640308,0.31787355034019793,0.2702774935311204,0.26109209232824676,0.011874405902500114
2021-12-12 14:10:00,0.17852161785216178,-0.1394422310756973,-0.10230826507818325,-0.034815211569362514,0.6657811048147518,0.00011135857461024499,0.5,-0.26116362925639636,0.6309011025640308,0.31787355034019793,0.2702774935311204,0.26109209232824676,0.0350875869456976
2021-12-12 14:20:00,0.17294281729428174,0.25099601593625476,-0.09069247952345505,-0.01624709873236929,0.6658072790566804,0.00011135857461024499,0.5,-0.26116362925639636,0.6309011025640308,0.31787355034019793,0.2702774935311204,0.26109209232824676,0.0447968375152768
2021-12-12 14:30:00,0.15829846582984658,-0.3944223107569722,-0.07848101265822804,-0.006248884127834309,0.6818913507217547,0.00011135857461024499,0.5,-0.26116362925639636,0.6309011025640308,0.31787355034019793,0.2702774935311204,0.26109209232824676,0.02748313894714607
2021-12-12 14:40:00,0.15620641562064158,-0.03585657370517936,-0.07014147431124362,0.004463488662738824,0.6677703472013191,0.00011135857461024499,0.5,-0.26116362925639636,0.6309011025640308,0.31787355034019793,0.2702774935311204,0.26109209232824676,0.023145284186067566
2021-12-12 14:50:00,0.1324965132496513,-0.29083665338645437,-0.06388682055100525,0.02231744331369412,0.6808836424075068,0.00011135857461024499,0.5,-0.26116362925639636,0.6309011025640308,0.31787355034019793,0.2702774935311204,0.26109209232824676,0.015254160568523016
2021-12-12 15:00:00,0.11297071129707113,-0.01195219123505975,-0.06090841399851088,0.04874129619710765,0.6725471463532737,0.0008908685968819599,0.5,-0.2540712281908317,0.6048010528523865,0.29647709096516583,0.20083573103064034,0.27176446186800396,0.0008902032379256756
2021-12-12 15:10:00,0.09832635983263598,0.08366533864541825,-0.057036485480268184,0.06480985538296746,0.6818651764798261,0.17026726057906458,0.5,-0.2540712281908317,0.6048010528523865,0.29647709096516583,0.20083573103064034,0.27176446186800396,0.0
2021-12-12 15:20:00,0.10669456066945607,-0.9760956175298806,-0.06269545793000753,0.04374218889484016,0.6821530931410399,0.9992204899777284,0.5,-0.2540712281908317,0.6048010528523865,0.29647709096516583,0.20083573103064034,0.27176446186800396,0.0
2021-12-12 15:30:00,0.09693165969316596,0.20318725099601576,-0.07133283693224135,0.032672737011248065,0.6821530931410399,0.9992204899777284,0.5,-0.2540712281908317,0.6048010528523865,0.29647709096516583,0.20083573103064034,0.27176446186800396,0.0
2021-12-12 15:40:00,0.12412831241283125,0.6812749003984064,-0.07043931496649303,0.020174968755579448,0.6821530931410399,0.9992204899777284,0.5,-0.2540712281908317,0.6048010528523865,0.29647709096516583,0.20083573103064034,0.27176446186800396,0.0
2021-12-12 15:50:00,0.17294281729428174,0.4183266932270917,-0.06924795234549519,0.0069630423138726805,0.6821530931410399,0.9992204899777284,0.5,-0.2540712281908317,0.6048010528523865,0.29647709096516583,0.20083573103064034,0.27176446186800396,0.0
2021-12-12 16:00:00,0.15411436541143653,0.15537848605577675,-0.06626954579300093,-0.006963042313872458,0.6935258012589811,0.255456570155902,0.5,-0.20910642737381446,0.5852181134287516,0.2430478912269609,0.16973827113316955,0.28643117599111484,0.0
2021-12-12 16:10:00,0.1499302649930265,0.3067729083665336,-0.05822784810126602,-0.01838957329048374,0.6892593998246325,0.8043429844097997,0.5,-0.20910642737381446,0.5852181134287516,0.2430478912269609,0.16973827113316955,0.28643117599111484,0.0
2021-12-12 16:20:00,0.15620641562064158,0.593625498007968,-0.06805658972449746,-0.017675415104445702,0.6892593998246325,0.9993318485523385,0.5,-0.20910642737381446,0.5852181134287516,0.2430478912269609,0.16973827113316955,0.28643117599111484,0.0
2021-12-12 16:30:00,0.14853556485355648,0.6972111553784857,-0.07192851824274027,-0.024102838778789493,0.6892593998246325,0.9993318485523385,0.5,-0.20910642737381446,0.5852181134287516,0.2430478912269609,0.16973827113316955,0.28643117599111484,0.0
2021-12-12 16:40:00,0.12203626220362622,0.6658698539176626,-0.07520476545048416,-0.035529369755400886,0.6892593998246325,0.9993318485523385,0.5,-0.20910642737381446,0.5852181134287516,0.2430478912269609,0.16973827113316955,0.28643117599111484,0.0
2021-12-12 16:50:00,0.14295676429567641,0.6345285524568391,-0.07907669396872685,-0.04731297982503124,0.6892593998246325,0.9993318485523385,0.5,-0.20910642737381446,0.5852181134287516,0.2430478912269609,0.16973827113316955,0.28643117599111484,0.0
2021-12-12 17:00:00,0.13668061366806136,0.6031872509960157,-0.08116157855547301,-0.06088198535975731,0.6892593998246325,0.9993318485523385,0.5,-0.20562129634787008,0.5749510785702585,0.23394669520491707,0.14472088306382666,0.3153260204076828,0.0
2021-12-12 17:10:00,0.10111576011157601,0.5718459495351924,-0.07967237527922577,-0.07695054454561678,0.6892593998246325,0.9993318485523385,0.5,-0.20562129634787008,0.5749510785702585,0.23394669520491707,0.14472088306382666,0.3153260204076828,0.0
2021-12-12 17:20:00,0.10669456066945607,0.5405046480743689,-0.07818317200297853,-0.08730583824317073,0.6892593998246325,0.9993318485523385,0.5,-0.20562129634787008,0.5749510785702585,0.23394669520491707,0.14472088306382666,0.3153260204076828,0.0
2021-12-12 17:30:00,0.10390516039051603,0.5091633466135455,-0.07639612807148188,-0.09801821103374397,0.6892593998246325,0.9993318485523385,0.5,-0.20562129634787008,0.5749510785702585,0.23394669520491707,0.14472088306382666,0.3153260204076828,0.0
2021-12-12 17:40:00,0.12412831241283125,0.4778220451527224,-0.07222635889798967,-0.11194429566148911,0.6892593998246325,0.9993318485523385,0.5,-0.20562129634787008,0.5749510785702585,0.23394669520491707,0.14472088306382666,0.3153260204076828,0.0
2021-12-12 17:50:00,0.1087866108786611,0.44648074369189894,-0.07997021593447506,-0.1247991430101768,0.6892593998246325,0.9993318485523385,0.5,-0.20562129634787008,0.5749510785702585,0.23394669520491707,0.14472088306382666,0.3153260204076828,0.0
2021-12-12 18:00:00,0.09483960948396096,0.41513944223107546,-0.09307520476545061,-0.13693983217282624,0.6892593998246325,0.9993318485523385,0.5,-0.4306722015006891,0.5723333151344654,0.4493362992620559,0.1448745406840262,0.3468384425300168,0.0
2021-12-12 18:10:00,0.10320781032078104,0.3837981407702522,-0.1079672375279227,-0.1519371540796286,0.6892593998246325,0.9993318485523385,0.5,-0.4306722015006891,0.5723333151344654,0.4493362992620559,0.1448745406840262,0.3468384425300168,0.0
2021-12-12 18:20:00,0.10529986052998605,0.3524568393094287,-0.12256142963514527,-0.16693447598643107,0.6892593998246325,0.9993318485523385,0.5,-0.4306722015006891,0.5723333151344654,0.4493362992620559,0.1448745406840262,0.3468384425300168,0.0
2021-12-12 18:30:00,0.13389121338912133,0.32111553784860547,-0.13715562174236795,-0.18014640242813773,0.6892593998246325,0.9993318485523385,0.5,-0.4306722015006891,0.5723333151344654,0.4493362992620559,0.1448745406840262,0.3468384425300168,0.0
2021-12-12 18:40:00,0.20223152022315202,0.2897742363877822,-0.15234549516008944,-0.1951437243349402,0.6583345329860883,0.9993318485523385,0.5,-0.4306722015006891,0.5723333151344654,0.4493362992620559,0.1448745406840262,0.3468384425300168,0.0
2021-12-12 18:50:00,0.18270571827057183,0.25843293492695874,-0.15711094564408057,-0.1740760578468129,0.43733232126264543,0.971826280623608,0.5,-0.4306722015006891,0.5723333151344654,0.4493362992620559,0.1448745406840262,0.3468384425300168,0.0
2021-12-12 19:00:00,0.13319386331938632,0.22709163346613526,-0.16515264333581536,-0.1583645777539725,0.3413644632317337,0.08897550111358575,0.5,-0.42586485394848883,0.5809509578830323,0.4540588572246704,0.14198011606855798,0.31403958662664266,0.0
2021-12-12 19:10:00,0.1317991631799163,0.07729083665338643,-0.16932241250930757,-0.1726477414747366,0.3551321144861342,0.997772828507795,0.5,-0.42586485394848883,0.5809509578830323,0.4540588572246704,0.14198011606855798,0.31403958662664266,0.0
2021-12-12 19:20:00,0.1290097629009763,-0.07250996015936273,-0.1746835443037975,-0.17657561149794665,0.3551321144861342,0.9995545657015591,0.5,-0.42586485394848883,0.5809509578830323,0.4540588572246704,0.14198011606855798,0.31403958662664266,0.0
2021-12-12 19:30:00,0.12133891213389121,-0.22231075697211167,-0.17944899478778864,-0.18514550973040522,0.3551321144861342,0.9995545657015591,0.5,-0.42586485394848883,0.5809509578830323,0.4540588572246704,0.14198011606855798,0.31403958662664266,0.0
2021-12-12 19:40:00,0.09553695955369597,-0.3721115537848607,-0.18391660461653025,-0.19478664524192102,0.3551321144861342,0.9995545657015591,0.5,-0.42586485394848883,0.5809509578830323,0.4540588572246704,0.14198011606855798,0.31403958662664266,0.0
2021-12-12 19:50:00,0.07740585774058578,-0.5219123505976095,-0.19463886820551013,-0.2062131762185324,0.3551321144861342,0.9995545657015591,0.5,-0.42586485394848883,0.5809509578830323,0.4540588572246704,0.14198011606855798,0.31403958662664266,0.0
2021-12-12 20:00:00,0.07880055788005579,-0.4226172234140362,-0.21161578555472838,-0.21978218175325825,0.3551321144861342,0.9995545657015591,0.5,-0.4256175074369052,0.5788303108845511,0.46976402554695884,0.09200334577190561,0.25910996124225855,0.0
2021-12-12 20:10:00,0.08786610878661089,-0.3233220962304628,-0.22293373045420706,-0.2301374754508122,0.3551321144861342,0.9995545657015591,0.5,-0.4256175074369052,0.5788303108845511,0.46976402554695884,0.09200334577190561,0.25910996124225855,0.0
2021-12-12 20:20:00,0.09693165969316596,-0.22402696904688935,-0.23306031273268812,-0.24013569005534718,0.3551321144861342,0.9995545657015591,0.5,-0.4256175074369052,0.5788303108845511,0.46976402554695884,0.09200334577190561,0.25910996124225855,0.0
2021-12-12 20:30:00,0.09483960948396096,-0.12473184186331598,-0.24110201042442314,-0.25334761649705406,0.3551321144861342,0.9995545657015591,0.5,-0.4256175074369052,0.5788303108845511,0.46976402554695884,0.09200334577190561,0.25910996124225855,0.0
2021-12-12 20:40:00,0.07461645746164575,-0.025436714679742733,-0.2476545048399108,-0.26477414747366534,0.3551321144861342,0.9995545657015591,0.5,-0.4256175074369052,0.5788303108845511,0.46976402554695884,0.09200334577190561,0.25910996124225855,0.0
2021-12-12 20:50:00,0.06555090655509065,0.07385841250383085,-0.25003723008190626,-0.2719157293340474,0.3551321144861342,0.9995545657015591,0.5,-0.4256175074369052,0.5788303108845511,0.46976402554695884,0.09200334577190561,0.25910996124225855,0.0
2021-12-12 21:00:00,0.05788005578800558,0.1731535396874042,-0.2548026805658973,-0.2797714693804677,0.3551321144861342,0.9995545657015591,0.5,-0.43666938716699866,0.569982787702548,0.5000287233989938,0.12447003646363493,0.04125595594684106,0.0
2021-12-12 21:10:00,0.05090655509065551,0.2724486668709776,-0.25688756515264344,-0.2879842885199072,0.3551321144861342,0.9995545657015591,0.5,-0.43666938716699866,0.569982787702548,0.5000287233989938,0.12447003646363493,0.04125595594684106,0.0
2021-12-12 21:20:00,0.048814504881450484,0.37174379405455094,-0.25748324646314225,-0.2994108194965186,0.3551321144861342,0.9995545657015591,0.5,-0.43666938716699866,0.569982787702548,0.5000287233989938,0.12447003646363493,0.04125595594684106,0.0
2021-12-12 21:30:00,0.048117154811715475,0.4710389212381243,-0.26582278481012667,-0.3072665595429388,0.3551321144861342,0.9995545657015591,0.5,-0.43666938716699866,0.569982787702548,0.5000287233989938,0.12447003646363493,0.04125595594684106,0.0
2021-12-12 21:40:00,0.0404463040446304,0.5703340484216979,-0.2708860759493672,-0.315122299589359,0.3551321144861342,0.9995545657015591,0.5,-0.43666938716699866,0.569982787702548,0.5000287233989938,0.12447003646363493,0.04125595594684106,0.0
2021-12-12 21:50:00,0.03277545327754532,0.6696291756052712,-0.28071481757259875,-0.32404927691483665,0.3551321144861342,0.9995545657015591,0.5,-0.43666938716699866,0.569982787702548,0.5000287233989938,0.12447003646363493,0.04125595594684106,0.0
2021-12-12 22:00:00,0.027894002789400282,0.7689243027888444,-0.28756515264333593,-0.3315479378682379,0.3551321144861342,0.9995545657015591,0.5,-0.5308078151625146,0.5708764478875444,0.6061338469812595,0.21838435161196434,0.989584637510601,0.0
2021-12-12 22:10:00,0.014644351464435146,0.4374501992031872,-0.2947133283693225,-0.3372612033565434,0.3551321144861342,0.9995545657015591,0.5,-0.5308078151625146,0.5708764478875444,0.6061338469812595,0.21838435161196434,0.989584637510601,0.0
2021-12-12 22:20:00,0.04114365411436541,0.10597609561752996,-0.2985852568875653,-0.3458311015890019,0.3551321144861342,0.9995545657015591,0.5,-0.5308078151625146,0.5708764478875444,0.6061338469812595,0.21838435161196434,0.989584637510601,0.0
2021-12-12 22:30:00,0.026499302649930265,-0.22549800796812736,-0.3021593447505585,-0.35118728798428844,0.3551321144861342,0.9995545657015591,0.5,-0.5308078151625146,0.5708764478875444,0.6061338469812595,0.21838435161196434,0.989584637510601,0.0
2021-12-12 22:40:00,0.016736401673640166,-0.5569721115537847,-0.31258376768428897,-0.3579717907516514,0.3551321144861342,0.9995545657015591,0.5,-0.5308078151625146,0.5708764478875444,0.6061338469812595,0.21838435161196434,0.989584637510601,0.0
2021-12-12 22:50:00,0.024407252440725242,-0.8884462151394422,-0.31943410275502615,-0.36511337261203347,0.3551321144861342,0.9995545657015591,0.5,-0.5308078151625146,0.5708764478875444,0.6061338469812595,0.21838435161196434,0.989584637510601,0.0
2021-12-12 23:00:00,0.026499302649930265,-0.7254617892068091,-0.3203276247207745,-0.37332619175147286,0.3551321144861342,0.9995545657015591,0.5,-0.5754590969384199,0.5712844856568992,0.6914211640344493,0.2630745710844034,0.9756918057854702,0.0
2021-12-12 23:10:00,0.02301255230125523,-0.562477363274176,-0.3259865971705138,-0.37796821996072116,0.3551321144861342,0.9995545657015591,0.5,-0.5754590969384199,0.5712844856568992,0.6914211640344493,0.2630745710844034,0.9756918057854702,0.0
2021-12-12 23:20:00,0.02580195258019526,-0.3994929373415429,-0.3292628443782577,-0.38475272272808425,0.3551321144861342,0.9995545657015591,0.5,-0.5754590969384199,0.5712844856568992,0.6914211640344493,0.2630745710844034,0.9756918057854702,0.0
2021-12-12 23:30:00,0.006973500697350071,-0.23650851140890983,-0.33432613551749824,-0.3904659882163899,0.3551321144861342,0.9995545657015591,0.5,-0.5754590969384199,0.5712844856568992,0.6914211640344493,0.2630745710844034,0.9756918057854702,0.0
2021-12-12 23:40:00,0.007670850767085077,-0.07352408547627676,-0.33849590469099045,-0.39725049098375276,0.3551321144861342,0.9995545657015591,0.5,-0.5754590969384199,0.5712844856568992,0.6914211640344493,0.2630745710844034,0.9756918057854702,0.0
2021-12-12 23:50:00,0.03486750348675035,0.08946034045635631,-0.34683544303797476,-0.4015354400999822,0.3551321144861342,0.9995545657015591,0.5,-0.5754590969384199,0.5712844856568992,0.6914211640344493,0.2630745710844034,0.9756918057854702,0.0
2021-12-13 00:00:00,0.05369595536959554,0.2524447663889895,-0.3432613551749816,-0.4083199428673451,0.3551321144861342,0.9995545657015591,0.5,-0.6111675148913207,0.5564485771837924,0.6873839095957331,0.26272406789085695,0.9469088973380724,0.0
2021-12-13 00:10:00,0.05299860529986053,0.4154291923216227,-0.3432613551749816,-0.4108194965184788,0.3551321144861342,0.9995545657015591,0.5,-0.6111675148913207,0.5564485771837924,0.6873839095957331,0.26272406789085695,0.9469088973380724,0.0
2021-12-13 00:20:00,0.04951185495118549,0.5784136182542559,-0.34236783320923314,-0.41688984109980365,0.3551321144861342,0.9995545657015591,0.5,-0.6111675148913207,0.5564485771837924,0.6873839095957331,0.26272406789085695,0.9469088973380724,0.0
2021-12-13 00:30:00,0.05788005578800558,0.7413980441868886,-0.3447505584512286,-0.42010355293697543,0.3551321144861342,0.9995545657015591,0.5,-0.6111675148913207,0.5564485771837924,0.6873839095957331,0.26272406789085695,0.9469088973380724,0.0
2021-12-13 00:40:00,0.06345885634588563,0.9043824701195218,-0.35040953090096805,-0.42653097661131933,0.3551321144861342,0.9995545657015591,0.5,-0.6111675148913207,0.5564485771837924,0.6873839095957331,0.26272406789085695,0.9469088973380724,0.0
2021-12-13 00:50:00,0.07043235704323571,0.452855245683931,-0.3492181682799703,-0.4290305302624531,0.3551321144861342,0.9995545657015591,0.5,-0.6111675148913207,0.5564485771837924,0.6873839095957331,0.26272406789085695,0.9469088973380724,0.0
2021-12-13 01:00:00,0.10599721059972106,0.0013280212483399723,-0.353090096798213,-0.43402963756472057,0.3551321144861342,0.9995545657015591,0.5,-0.6425235547856181,0.5600289649346153,0.6935526558238055,0.26299380952160967,0.9115399298060749,0.0
2021-12-13 01:10:00,0.09274755927475593,-0.45019920318725104,-0.35457930007446026,-0.44081414033208355,0.3551321144861342,0.9995545657015591,0.5,-0.6425235547856181,0.5600289649346153,0.6935526558238055,0.26299380952160967,0.9115399298060749,0.0
2021-12-13 01:20:00,0.1506276150627615,0.2589641434262948,-0.3560685033507075,-0.44581324763435104,0.3551321144861342,0.9995545657015591,0.5,-0.6425235547856181,0.5600289649346153,0.6935526558238055,0.26299380952160967,0.9115399298060749,0.0
2021-12-13 01:30:00,0.22733612273361226,0.593625498007968,-0.35755770662695463,-0.4475986430994465,0.3584300689691275,0.5005567928730513,0.5,-0.6425235547856181,0.5600289649346153,0.6935526558238055,0.26299380952160967,0.9115399298060749,0.017570197806177103
2021-12-13 01:40:00,0.23361227336122734,-0.0916334661354582,-0.3370067014147432,-0.39796464916979113,0.36896520134535604,0.00011135857461024499,0.5,-0.6425235547856181,0.5600289649346153,0.6935526558238055,0.26299380952160967,0.9115399298060749,0.04404242799161097
2021-12-13 01:50:00,0.24546722454672246,-0.3944223107569722,-0.325390915860015,-0.34975897161221203,0.3658504665558624,0.00011135857461024499,0.5,-0.6425235547856181,0.5600289649346153,0.6935526558238055,0.26299380952160967,0.9115399298060749,0.06846266427267378
2021-12-13 02:00:00,0.22873082287308227,-0.02788844621513953,-0.3143708116157856,-0.3215497232637029,0.3550666788813129,0.00011135857461024499,0.5,-0.6519529734779568,0.555664110204681,0.6948318298884911,0.27714097873669885,0.879654112878579,0.061144891893115255
2021-12-13 02:10:00,0.2649930264993026,-0.059760956175298974,-0.30752047654504844,-0.30012497768255664,0.3550666788813129,0.00011135857461024499,0.5,-0.6519529734779568,0.555664110204681,0.6948318298884911,0.27714097873669885,0.879654112878579,0.105700318360819
2021-12-13 02:20:00,0.2524407252440725,-0.14741035856573714,-0.30364854802680574,-0.2851276557757543,0.3550666788813129,0.00011135857461024499,0.5,-0.6519529734779568,0.555664110204681,0.6948318298884911,0.27714097873669885,0.879654112878579,0.09031790817327279
2021-12-13 02:30:00,0.21827057182705717,-0.19521912350597614,-0.3009679821295608,-0.27441528298518114,0.3550666788813129,0.00011135857461024499,0.5,-0.6519529734779568,0.555664110204681,0.6948318298884911,0.27714097873669885,0.879654112878579,0.06716507989196856
2021-12-13 02:40:00,0.20571827057182707,-0.21115537848605592,-0.2985852568875653,-0.26334583110158893,0.3550666788813129,0.00011135857461024499,0.5,-0.6519529734779568,0.555664110204681,0.6948318298884911,0.27714097873669885,0.879654112878579,0.057123889131976406
2021-12-13 02:50:00,0.18340306834030684,-0.21115537848605592,-0.2982874162323158,-0.25049098375290113,0.3550666788813129,0.00011135857461024499,0.5,-0.6519529734779568,0.555664110204681,0.6948318298884911,0.27714097873669885,0.879654112878579,0.03658131780255594
2021-12-13 03:00:00,0.20920502092050208,0.12350597609561742,-0.29203276247207755,-0.23799321549723262,0.3550666788813129,0.00011135857461024499,0.5,-0.6762267849989811,0.5422103578376288,0.7111719565276112,0.2895200908303065,0.8703549698505924,0.042013066372949895
2021-12-13 03:10:00,0.1924686192468619,0.2669322709163344,-0.2890543559195832,-0.2304945545438314,0.3550666788813129,0.00011135857461024499,0.5,-0.6762267849989811,0.5422103578376288,0.7111719565276112,0.2895200908303065,0.8703549698505924,0.0407456583731913
2021-12-13 03:20:00,0.16527196652719667,0.4820717131474104,-0.28428890543559204,-0.22156757721835385,0.3550666788813129,0.00011135857461024499,0.5,-0.6762267849989811,0.5422103578376288,0.7111719565276112,0.2895200908303065,0.8703549698505924,0.018513209710759388
2021-12-13 03:30:00,0.08926080892608089,0.3306772908366533,-0.29292628443782587,-0.21085520442778072,0.3642930991611156,0.009910913140311804,0.5,-0.6762267849989811,0.5422103578376288,0.7111719565276112,0.2895200908303065,0.8703549698505924,0.0
2021-12-13 03:40:00,0.09832635983263598,-0.07569721115537853,-0.3104988830975429,-0.23227995000892698,0.37158262553820787,0.838195991091314,0.5,-0.6762267849989811,0.5422103578376288,0.7111719565276112,0.2895200908303065,0.8703549698505924,0.0
2021-12-13 03:50:00,0.11297071129707113,-0.8167330677290838,-0.32717795979151165,-0.24406356007855734,0.37158262553820787,0.9995545657015591,0.5,-0.6762267849989811,0.5422103578376288,0.7111719565276112,0.2895200908303065,0.8703549698505924,0.0
2021-12-13 04:00:00,0.11018131101813111,-0.601593625498008,-0.3402829486224871,-0.26441706838064627,0.37158262553820787,0.9995545657015591,0.5,-0.6732312439735137,0.5412850890930343,0.7264578773573002,0.31012077160404616,0.8751532800769191,0.0
2021-12-13 04:10:00,0.10739191073919108,0.14741035856573692,-0.3554728220402086,-0.28369933940367775,0.37158262553820787,0.9995545657015591,0.5,-0.6732312439735137,0.5412850890930343,0.7264578773573002,0.31012077160404616,0.8751532800769191,0.0
2021-12-13 04:20:00,0.11854951185495119,0.4820717131474104,-0.3679821295606851,-0.2994108194965186,0.37158262553820787,0.9995545657015591,0.5,-0.6732312439735137,0.5412850890930343,0.7264578773573002,0.31012077160404616,0.8751532800769191,0.0
2021-12-13 04:30:00,0.12552301255230125,-0.9123505976095618,-0.3691734921816828,-0.31297982503124433,0.37158262553820787,0.9995545657015591,0.5,-0.6732312439735137,0.5412850890930343,0.7264578773573002,0.31012077160404616,0.8751532800769191,0.0
2021-12-13 04:40:00,0.11297071129707113,0.5298804780876492,-0.38049143708116173,-0.3308337796821995,0.37158262553820787,0.9995545657015591,0.5,-0.6732312439735137,0.5412850890930343,0.7264578773573002,0.31012077160404616,0.8751532800769191,0.0
2021-12-13 04:50:00,0.10669456066945607,0.5503699487763232,-0.39687267311988095,-0.34618818068202095,0.37158262553820787,0.9995545657015591,0.5,-0.6732312439735137,0.5412850890930343,0.7264578773573002,0.31012077160404616,0.8751532800769191,0.0
2021-12-13 05:00:00,0.12412831241283125,0.5708594194649972,-0.4022338049143709,-0.36082842349580435,0.37158262553820787,0.9995545657015591,0.5,-0.6844429183553058,0.532581241181931,0.7368130114334346,0.335034687593889,0.8758900207280235,0.0
2021-12-13 05:10:00,0.1290097629009763,0.591348890153671,-0.40521221146686526,-0.37796821996072116,0.37158262553820787,0.9995545657015591,0.5,-0.6844429183553058,0.532581241181931,0.7368130114334346,0.335034687593889,0.8758900207280235,0.0
2021-12-13 05:20:00,0.16875871687587168,0.6118383608423448,-0.40848845867460915,-0.39296554186752364,0.37158262553820787,0.9995545657015591,0.5,-0.6844429183553058,0.532581241181931,0.7368130114334346,0.335034687593889,0.8758900207280235,0.0
2021-12-13 05:30:00,0.15690376569037656,0.6323278315310188,-0.41265822784810136,-0.4065345474022497,0.37158262553820787,0.9995545657015591,0.5,-0.6844429183553058,0.532581241181931,0.7368130114334346,0.335034687593889,0.8758900207280235,0.0
2021-12-13 05:40:00,0.17154811715481172,0.6528173022196924,-0.419210722263589,-0.41331905016961257,0.37158262553820787,0.9995545657015591,0.5,-0.6844429183553058,0.532581241181931,0.7368130114334346,0.335034687593889,0.8758900207280235,0.0
2021-12-13 05:50:00,0.17364016736401675,0.6733067729083664,-0.41682799702159357,-0.42010355293697543,0.3929800683147714,0.9433184855233853,0.5,-0.6844429183553058,0.532581241181931,0.7368130114334346,0.335034687593889,0.8758900207280235,0.0
2021-12-13 06:00:00,0.1799163179916318,0.22709163346613526,-0.40431868950111693,-0.4158186038207463,0.39749512504744083,0.4687082405345212,0.5,-0.7069996127706312,0.5392449002462607,0.7646135840499283,0.3601092859139157,0.9113238599548089,0.0
2021-12-13 06:10:00,0.18200836820083682,-0.38645418326693237,-0.3873417721518988,-0.41653276200678446,0.39749512504744083,0.40200445434298443,0.5,-0.7069996127706312,0.5392449002462607,0.7646135840499283,0.3601092859139157,0.9113238599548089,0.0
2021-12-13 06:20:00,0.23221757322175732,-0.40239043824701204,-0.37840655249441557,-0.38510980182110344,0.39749512504744083,0.00824053452115813,0.5,-0.7069996127706312,0.5392449002462607,0.7646135840499283,0.3601092859139157,0.9113238599548089,0.07562955474749913
2021-12-13 06:30:00,0.19456066945606695,-0.4342629482071714,-0.36530156366344013,-0.33547580789144793,0.38732643205821154,0.00011135857461024499,0.5,-0.7069996127706312,0.5392449002462607,0.7646135840499283,0.3601092859139157,0.9113238599548089,0.05536611494183503
2021-12-13 06:40:00,0.21548117154811713,-0.1394422310756973,-0.3572598659717052,-0.30976611319407255,0.38101843975343863,0.00011135857461024499,0.5,-0.7069996127706312,0.5392449002462607,0.7646135840499283,0.3601092859139157,0.9113238599548089,0.0621482565595908
2021-12-13 06:50:00,0.24686192468619247,-0.42629482071713154,-0.35815338793745355,-0.2944117121942511,0.38101843975343863,0.00011135857461024499,0.5,-0.7069996127706312,0.5392449002462607,0.7646135840499283,0.3601092859139157,0.9113238599548089,0.08708149131674639
2021-12-13 07:00:00,0.14365411436541145,0.12350597609561742,-0.35428145941921074,-0.28405641849669694,0.36939707633717656,0.00011135857461024499,0.5,-0.71241765539121,0.5417046208840633,0.7698463152317585,0.334242911466457,0.8916704103953459,0.03313366627940311
2021-12-13 07:10:00,0.18688981868898188,0.394422310756972,-0.3492181682799703,-0.270130333868952,0.3742262239729882,0.00011135857461024499,0.5,-0.71241765539121,0.5417046208840633,0.7698463152317585,0.334242911466457,0.8916704103953459,0.050967907418863256
2021-12-13 07:20:00,0.21827057182705717,-0.33864541832669326,-0.35011169024571853,-0.2654883056597036,0.38363586394629046,0.00011135857461024499,0.5,-0.71241765539121,0.5417046208840633,0.7698463152317585,0.334242911466457,0.8916704103953459,0.07328334112889841
2021-12-13 07:30:00,0.2294281729428173,-0.11553784860557781,-0.3486224869694715,-0.26334583110158893,0.38363586394629046,0.00011135857461024499,0.5,-0.71241765539121,0.5417046208840633,0.7698463152317585,0.334242911466457,0.8916704103953459,0.07467899874768019
2021-12-13 07:40:00,0.2210599721059972,0.346613545816733,-0.34296351451973206,-0.26298875200856986,0.38363586394629046,0.00011135857461024499,0.5,-0.71241765539121,0.5417046208840633,0.7698463152317585,0.334242911466457,0.8916704103953459,0.058798678274514536
2021-12-13 07:50:00,0.1903765690376569,0.17131474103585642,-0.3376023827252421,-0.25691840742724503,0.39496931070133884,0.00011135857461024499,0.5,-0.71241765539121,0.5417046208840633,0.7698463152317585,0.334242911466457,0.8916704103953459,0.04444980913439051
2021-12-13 08:00:00,0.18340306834030684,-0.08366533864541836,-0.3432613551749816,-0.25013390465988217,0.3975212992893693,0.00011135857461024499,0.5,-0.7191925016918355,0.5432189582393476,0.7911626280806796,0.35490328871384796,0.8699166397179788,0.03876156132595018
2021-12-13 08:10:00,0.198744769874477,-0.1633466135458168,-0.3438570364854804,-0.24227816461346185,0.3975212992893693,0.00011135857461024499,0.5,-0.7191925016918355,0.5432189582393476,0.7911626280806796,0.35490328871384796,0.8699166397179788,0.05165442008539916
2021-12-13 08:20:00,0.197350069735007,-0.38645418326693237,-0.3444527177959793,-0.24120692733440452,0.3975212992893693,0.00011135857461024499,0.5,-0.7191925016918355,0.5432189582393476,0.7911626280806796,0.35490328871384796,0.8699166397179788,0.06064698160749581
2021-12-13 08:30:00,0.22036262203626222,-0.01195219123505975,-0.3492181682799703,-0.2365648991251561,0.38541571239742967,0.00011135857461024499,0.5,-0.7191925016918355,0.5432189582393476,0.7911626280806796,0.35490328871384796,0.8699166397179788,0.06988849827240219
2021-12-13 08:40:00,0.2412831241283124,0.4661354581673305,-0.3450483991064781,-0.2415640064274236,0.3810707882372957,0.00011135857461024499,0.5,-0.7191925016918355,0.5432189582393476,0.7911626280806796,0.35490328871384796,0.8699166397179788,0.08038233474659384
2021-12-13 08:50:00,0.22036262203626222,-0.02788844621513953,-0.3444527177959793,-0.24192108552044278,0.3810707882372957,0.00011135857461024499,0.5,-0.7191925016918355,0.5432189582393476,0.7911626280806796,0.35490328871384796,0.8699166397179788,0.07218944731958296
2021-12-13 09:00:00,0.2085076708507671,0.08366533864541825,-0.3492181682799703,-0.24227816461346185,0.3810707882372957,0.00011135857461024499,0.5,-0.7294932031406604,0.5569485671265249,0.7976388985584658,0.3707939511675002,0.870544158096842,0.06624470027309626
2021-12-13 09:10:00,0.21548117154811713,0.027888446215139417,-0.3480268056589725,-0.24013569005534718,0.3810707882372957,0.00011135857461024499,0.5,-0.7294932031406604,0.5569485671265249,0.7976388985584658,0.3707939511675002,0.870544158096842,0.06725560903480846
2021-12-13 09:20:00,0.2210599721059972,0.33864541832669315,-0.3441548771407298,-0.23299410819496513,0.3810707882372957,0.00011135857461024499,0.5,-0.7294932031406604,0.5569485671265249,0.7976388985584658,0.3707939511675002,0.870544158096842,0.06343829684505937
2021-12-13 09:30:00,0.16666666666666669,0.4422310756972112,-0.33849590469099045,-0.22656668452062123,0.38419861014775364,0.00011135857461024499,0.5,-0.7294932031406604,0.5569485671265249,0.7976388985584658,0.3707939511675002,0.870544158096842,0.027158742851969765
2021-12-13 09:40:00,0.1297071129707113,0.003984063745019917,-0.33879374534623985,-0.20549901803249415,0.3975736477732264,0.00011135857461024499,0.5,-0.7294932031406604,0.5569485671265249,0.7976388985584658,0.3707939511675002,0.870544158096842,0.01812091675845316
2021-12-13 09:50:00,0.14225941422594143,-0.42629482071713154,-0.33909158600148936,-0.18014640242813773,0.3975736477732264,0.00011135857461024499,0.5,-0.7294932031406604,0.5569485671265249,0.7976388985584658,0.3707939511675002,0.870544158096842,0.027007860947236596
2021-12-13 10:00:00,0.17782426778242677,-0.4661354581673308,-0.33790022338049164,-0.16514908052133537,0.3896428524688854,0.00011135857461024499,0.5,-0.582440565628374,0.560675503653664,0.6490089412834122,0.32887199179594445,0.858081644443075,0.03874647313547686
2021-12-13 10:10:00,0.17852161785216178,-0.10756972111553798,-0.33164556962025327,-0.15729334047491517,0.3810707882372957,0.00011135857461024499,0.5,-0.582440565628374,0.560675503653664,0.6490089412834122,0.32887199179594445,0.858081644443075,0.03705659580246541
2021-12-13 10:20:00,0.19665271966527195,-0.20318725099601598,-0.3241995532390173,-0.14729512587038018,0.3810707882372957,0.00011135857461024499,0.5,-0.582440565628374,0.560675503653664,0.6490089412834122,0.32887199179594445,0.858081644443075,0.039493338563906036
2021-12-13 10:30:00,0.13737796373779637,-0.3545816733067729,-0.31883842144452734,-0.13801106945188357,0.3729436861184908,0.00011135857461024499,0.5,-0.582440565628374,0.560675503653664,0.6490089412834122,0.32887199179594445,0.858081644443075,0.025491497804668285
2021-12-13 10:40:00,0.14714086471408647,0.027888446215139417,-0.3137751303052868,-0.1169434029637566,0.36462027718522205,0.00011135857461024499,0.5,-0.582440565628374,0.560675503653664,0.6490089412834122,0.32887199179594445,0.858081644443075,0.045136321800926416
2021-12-13 10:50:00,0.17154811715481172,0.003984063745019917,-0.30424422933730466,-0.10980182110337433,0.36462027718522205,0.00011135857461024499,0.5,-0.582440565628374,0.560675503653664,0.6490089412834122,0.32887199179594445,0.858081644443075,0.06568643722558354
2021-12-13 11:00:00,0.19456066945606695,-0.49800796812749004,-0.30811615785554747,-0.11194429566148911,0.35954247425108954,0.00011135857461024499,0.5,-0.5656143989289657,0.561732953647484,0.581706403238224,0.30301139442658104,0.8047597169322448,0.06649365541590598
2021-12-13 11:10:00,0.20223152022315202,0.22709163346613526,-0.3009679821295608,-0.12194251026602376,0.3481435918912198,0.00011135857461024499,0.5,-0.5656143989289657,0.561732953647484,0.581706403238224,0.30301139442658104,0.8047597169322448,0.0649169395114444
2021-12-13 11:20:00,0.199442119944212,0.29083665338645415,-0.29203276247207755,-0.13015532940546326,0.3481435918912198,0.00011135857461024499,0.5,-0.5656143989289657,0.561732953647484,0.581706403238224,0.30301139442658104,0.8047597169322448,0.06248019675000377
2021-12-13 11:30:00,0.1708507670850767,0.2828685258964143,-0.2863737900223382,-0.1308694875915014,0.36082501210558693,0.00011135857461024499,0.5,-0.5656143989289657,0.561732953647484,0.581706403238224,0.30301139442658104,0.8047597169322448,0.06546011436848378
2021-12-13 11:40:00,0.19107391910739194,-0.08366533864541836,-0.28488458674609096,-0.12372790573111947,0.3646464514271505,0.00011135857461024499,0.5,-0.5656143989289657,0.561732953647484,0.581706403238224,0.30301139442658104,0.8047597169322448,0.07160855198636028
2021-12-13 11:50:00,0.17154811715481172,-0.4103585657370519,-0.28369322412509324,-0.1183717193358329,0.3646464514271505,0.00011135857461024499,0.5,-0.5656143989289657,0.561732953647484,0.581706403238224,0.30301139442658104,0.8047597169322448,0.061016642274092064
2021-12-13 12:00:00,0.200836820083682,-0.5697211155378487,-0.28131049888309767,-0.11123013747545074,0.3646464514271505,0.00011135857461024499,0.5,-0.5479607087264691,0.5586094532581254,0.5358193466866069,0.4020226926784634,0.7543812741811922,0.07494304208096324
2021-12-13 12:10:00,0.2301255230125523,-0.6972111553784861,-0.2756515264333582,-0.10980182110337433,0.3646464514271505,0.00011135857461024499,0.5,-0.5479607087264691,0.5586094532581254,0.5358193466866069,0.4020226926784634,0.7543812741811922,0.09384854474402886
2021-12-13 12:20:00,0.22873082287308227,-0.298804780876494,-0.2673119880863739,-0.1105159792894127,0.3646464514271505,0.00011135857461024499,0.5,-0.5479607087264691,0.5586094532581254,0.5358193466866069,0.4020226926784634,0.7543812741811922,0.09832219321936721
2021-12-13 12:30:00,0.2377963737796374,-0.1394422310756973,-0.2580789277736413,-0.10980182110337433,0.3646464514271505,0.00033407572383073496,0.5,-0.5479607087264691,0.5586094532581254,0.5358193466866069,0.4020226926784634,0.7543812741811922,0.10582856797984218
2021-12-13 12:40:00,0.2510460251046025,0.027888446215139417,-0.3179448994787789,-0.1569362613818961,0.3646464514271505,0.00011135857461024499,0.5,-0.5479607087264691,0.5586094532581254,0.5358193466866069,0.4020226926784634,0.7543812741811922,0.12298384054800308
2021-12-13 12:50:00,0.25592747559274753,0.1394422310756971,-0.36530156366344013,-0.24120692733440452,0.3646464514271505,0.00011135857461024499,0.5,-0.5479607087264691,0.5586094532581254,0.5358193466866069,0.4020226926784634,0.7543812741811922,0.12303664921465969
2021-12-13 13:00:00,0.3193863319386332,-0.3466135458167332,-0.37781087118391665,-0.2779860739153722,0.3646464514271505,0.017037861915367485,0.5,-0.40036554986070083,0.5389977787803131,0.40072286586730654,0.507269844969209,0.7447240218031282,0.16807489777750953
2021-12-13 13:10:00,0.2873082287308229,0.08366533864541825,-0.378704393149665,-0.29334047491519377,0.36849406499064274,0.00044543429844097997,0.5,-0.40036554986070083,0.5389977787803131,0.40072286586730654,0.507269844969209,0.7447240218031282,0.15558942016084013
2021-12-13 13:20:00,0.301255230125523,0.3306772908366533,-0.3751303052866718,-0.3026245313336904,0.371543364175315,0.004342984409799555,0.5,-0.40036554986070083,0.5389977787803131,0.40072286586730654,0.507269844969209,0.7447240218031282,0.16819560330129607
2021-12-13 13:30:00,0.299163179916318,-0.03585657370517936,-0.36887565152643353,-0.3086948759150152,0.3785973223750507,0.004565701559020045,0.5,-0.40036554986070083,0.5389977787803131,0.40072286586730654,0.507269844969209,0.7447240218031282,0.16325422092128491
2021-12-13 13:40:00,0.3207810320781032,-0.059760956175298974,-0.36202531645569636,-0.3086948759150152,0.3833217730431482,0.007461024498886415,0.5,-0.40036554986070083,0.5389977787803131,0.40072286586730654,0.507269844969209,0.7447240218031282,0.1796701721562533
2021-12-13 13:50:00,0.3507670850767085,0.01195219123505975,-0.3563663440059569,-0.30512408498482413,0.3838059965188258,0.001893095768374165,0.5,-0.40036554986070083,0.5389977787803131,0.40072286586730654,0.507269844969209,0.7447240218031282,0.23613018090740379
2021-12-13 14:00:00,0.31311018131101814,-0.07569721115537853,-0.3489203276247208,-0.3026245313336904,0.37537789061784305,0.003006681514476615,0.5,-0.3836401428446117,0.5230498237104437,0.3794074407172506,0.5827077263288141,0.74886309874183,0.18683706263107866
2021-12-13 14:10:00,0.3235704323570432,-0.21115537848605592,-0.3432613551749816,-0.3022674522406713,0.3739906557956315,0.0073496659242761695,0.5,-0.3836401428446117,0.5230498237104437,0.3794074407172506,0.5827077263288141,0.74886309874183,0.19334761682031476
2021-12-13 14:20:00,0.3200836820083682,0.07569721115537842,-0.34266567386448255,-0.30155329405463305,0.3647118870319718,0.0012249443207126948,0.5,-0.3836401428446117,0.5230498237104437,0.3794074407172506,0.5827077263288141,0.74886309874183,0.21186082653107413
2021-12-13 14:30:00,0.3716875871687587,-0.043824701195219196,-0.33909158600148936,-0.301196214961614,0.3647118870319718,0.00033407572383073496,0.5,-0.3836401428446117,0.5230498237104437,0.3794074407172506,0.5827077263288141,0.74886309874183,0.2772228676614814
2021-12-13 14:40:00,0.39400278940027894,-0.059760956175298974,-0.3420699925539836,-0.2922692376361363,0.36704139456361,0.00033407572383073496,0.5,-0.3836401428446117,0.5230498237104437,0.3794074407172506,0.5827077263288141,0.74886309874183,0.31685199993964724
2021-12-13 14:50:00,0.3884239888423989,-0.02788844621513953,-0.3432613551749816,-0.29548294947330833,0.3674863566763948,0.00022271714922048998,0.5,-0.3836401428446117,0.5230498237104437,0.3794074407172506,0.5827077263288141,0.74886309874183,0.2983161579431779
2021-12-13 15:00:00,0.36541143654114366,-0.14741035856573714,-0.34177215189873433,-0.3008391358685949,0.35997434924291005,0.00022271714922048998,0.5,-0.36943089289889386,0.5116937302985284,0.3659241826544403,0.6361139654643418,0.7463269919642569,0.27238710261478344
2021-12-13 15:10:00,0.40794979079497906,0.06772908366533859,-0.3364110201042444,-0.2961971076593465,0.35560325084084754,0.00022271714922048998,0.5,-0.36943089289889386,0.5116937302985284,0.3659241826544403,0.6361139654643418,0.7463269919642569,0.33660998536445524
2021-12-13 15:20:00,0.402370990237099,0.1633466135458166,-0.3322412509307522,-0.28905552579896443,0.35277643271256753,0.00022271714922048998,0.5,-0.36943089289889386,0.5116937302985284,0.3659241826544403,0.6361139654643418,0.7463269919642569,0.33009943117521917
2021-12-13 15:30:00,0.3891213389121339,0.17928286852589648,-0.3256887565152644,-0.2865559721478307,0.3694101634581408,0.00022271714922048998,0.5,-0.36943089289889386,0.5116937302985284,0.3659241826544403,0.6361139654643418,0.7463269919642569,0.3180967756536958
2021-12-13 15:40:00,0.41631799163179917,0.027888446215139417,-0.3176470588235296,-0.2847705766827352,0.3663608642734685,0.00022271714922048998,0.5,-0.36943089289889386,0.5116937302985284,0.3659241826544403,0.6361139654643418,0.7463269919642569,0.3518415136472683
2021-12-13 15:50:00,0.44002789400278935,0.05976095617529875,-0.31169024571854065,-0.2783431530083913,0.37222389446545656,0.00022271714922048998,0.5,-0.36943089289889386,0.5116937302985284,0.3659241826544403,0.6361139654643418,0.7463269919642569,0.38359461049836296
2021-12-13 16:00:00,0.43584379358437936,0.003984063745019917,-0.3093075204765452,-0.2704874129619711,0.36844171650678564,0.00022271714922048998,0.5,-0.33080124460388716,0.5035559629547702,0.3293565692315711,0.6545557277436836,0.7369816330047841,0.3966157188768351
2021-12-13 16:10:00,0.4700139470013947,-0.0916334661354582,-0.30752047654504844,-0.2740582038921622,0.3662430801847902,0.00022271714922048998,0.5,-0.33080124460388716,0.5035559629547702,0.3293565692315711,0.6545557277436836,0.7369816330047841,0.4621361860072122
2021-12-13 16:20:00,0.46443514644351463,0.1394422310756971,-0.30752047654504844,-0.2740582038921622,0.3684809778696784,0.00022271714922048998,0.5,-0.33080124460388716,0.5035559629547702,0.3293565692315711,0.6545557277436836,0.7369816330047841,0.45692321619868126
2021-12-13 16:30:00,0.5055788005578801,-0.003984063745020028,-0.305137751303053,-0.2740582038921622,0.37625472772244833,0.00033407572383073496,0.5,-0.33080124460388716,0.5035559629547702,0.3293565692315711,0.6545557277436836,0.7369816330047841,0.5406023205636948
2021-12-13 16:40:00,0.5139470013947002,-0.07569721115537853,-0.305137751303053,-0.2740582038921622,0.3705356558610671,0.00011135857461024499,0.5,-0.33080124460388716,0.5035559629547702,0.3293565692315711,0.6545557277436836,0.7369816330047841,0.5674215791300149
2021-12-13 16:50:00,0.5355648535564853,0.33864541832669315,-0.30752047654504844,-0.2740582038921622,0.3706534399497455,0.00022271714922048998,0.5,-0.33080124460388716,0.5035559629547702,0.3293565692315711,0.6545557277436836,0.7369816330047841,0.611682785883489
2021-12-13 17:00:00,0.5153417015341701,-0.2749003984063746,-0.30841399851079676,-0.27298696661310484,0.3815811859549018,0.00033407572383073496,0.5,-0.3285375370677899,0.5082052947210833,0.3211721125089832,0.6171494183010251,0.7219461245236088,0.5479276370384899
2021-12-13 17:10:00,0.4909344490934449,-0.07569721115537853,-0.3107967237527923,-0.26977325477593284,0.3799583829553337,0.00022271714922048998,0.5,-0.3285375370677899,0.5082052947210833,0.3211721125089832,0.6171494183010251,0.7219461245236088,0.49318013790606097
2021-12-13 17:20:00,0.42329149232914925,0.01195219123505975,-0.31556217423678345,-0.2740582038921622,0.37944798523772755,0.00022271714922048998,0.5,-0.3285375370677899,0.5082052947210833,0.3211721125089832,0.6171494183010251,0.7219461245236088,0.3639120660259215
2021-12-13 17:30:00,0.34658298465829845,-0.059760956175298974,-0.31943410275502615,-0.2801285484734869,0.3746973603277015,0.00022271714922048998,0.5,-0.3285375370677899,0.5082052947210833,0.3211721125089832,0.6171494183010251,0.7219461245236088,0.2511127540474071
2021-12-13 17:40:00,0.3933054393305439,-0.059760956175298974,-0.325390915860015,-0.29048384217104095,0.37410843988430986,0.00022271714922048998,0.5,-0.3285375370677899,0.5082052947210833,0.3211721125089832,0.6171494183010251,0.7219461245236088,0.33332075984127224
2021-12-13 17:50:00,0.3200836820083682,0.1872509960159361,-0.33164556962025327,-0.2979825031244421,0.3702608263208177,0.00022271714922048998,0.5,-0.3285375370677899,0.5082052947210833,0.3211721125089832,0.6171494183010251,0.7219461245236088,0.21865805633930321
2021-12-13 18:00:00,0.3612273361227336,0.14741035856573692,-0.3370067014147432,-0.30619532226388146,0.3728913376346338,0.00022271714922048998,0.5,-0.48463993505486425,0.5079754142876429,0.44037383789122314,0.48402679738484716,0.7181431089115856,0.27826395280414024
2021-12-13 18:10:00,0.35564853556485354,0.05976095617529875,-0.3438570364854804,-0.315122299589359,0.3680621899988222,0.00033407572383073496,0.5,-0.48463993505486425,0.5079754142876429,0.44037383789122314,0.48402679738484716,0.7181431089115856,0.24242195633477676
2021-12-13 18:20:00,0.3898186889818689,-0.06772908366533881,-0.3486224869694715,-0.3186930905195501,0.3652353718705422,0.00022271714922048998,0.5,-0.48463993505486425,0.5079754142876429,0.44037383789122314,0.48402679738484716,0.7181431089115856,0.3013715165140245
2021-12-13 18:30:00,0.4170153417015342,-0.03585657370517936,-0.3527922561429636,-0.3169076950544545,0.3587965083561267,0.00022271714922048998,0.5,-0.48463993505486425,0.5079754142876429,0.44037383789122314,0.48402679738484716,0.7181431089115856,0.31983191755812723
2021-12-13 18:40:00,0.4100418410041841,-0.20318725099601598,-0.35845122859270295,-0.32226388144974105,0.3652353718705422,0.00022271714922048998,0.5,-0.48463993505486425,0.5079754142876429,0.44037383789122314,0.48402679738484716,0.7181431089115856,0.3209786200340993
2021-12-13 18:50:00,0.4372384937238493,-0.33864541832669326,-0.3611317944899479,-0.32404927691483665,0.3652353718705422,0.00022271714922048998,0.5,-0.48463993505486425,0.5079754142876429,0.44037383789122314,0.48402679738484716,0.7181431089115856,0.35104938364741917
2021-12-13 19:00:00,0.4211994421199442,-0.47410358565737054,-0.3611317944899479,-0.32404927691483665,0.3652353718705422,0.00022271714922048998,0.5,-0.49820283547954913,0.5123517630392515,0.46427994877216666,0.4323308988347129,0.7260303359344699,0.3170028818443804
2021-12-13 19:10:00,0.4093444909344491,-0.4183266932270917,-0.3611317944899479,-0.32404927691483665,0.3652353718705422,0.00022271714922048998,0.5,-0.49820283547954913,0.5123517630392515,0.46427994877216666,0.4323308988347129,0.7260303359344699,0.30496250584667384
2021-12-13 19:20:00,0.3612273361227336,-0.17928286852589637,-0.36202531645569636,-0.32547759328691306,0.3652353718705422,0.00022271714922048998,0.5,-0.49820283547954913,0.5123517630392515,0.46427994877216666,0.4323308988347129,0.7260303359344699,0.2633115560450835
2021-12-13 19:30:00,0.2622036262203626,0.4422310756972112,-0.36619508562918845,-0.34154615247277276,0.3652353718705422,0.00022271714922048998,0.5,-0.49820283547954913,0.5123517630392515,0.46427994877216666,0.4323308988347129,0.7260303359344699,0.14468065844863226
2021-12-13 19:40:00,0.2545327754532775,0.49800796812749004,-0.3670886075949368,-0.3579717907516514,0.3652353718705422,0.00033407572383073496,0.5,-0.49820283547954913,0.5123517630392515,0.46427994877216666,0.4323308988347129,0.7260303359344699,0.13676690254537774
2021-12-13 19:50:00,0.2649930264993026,-0.02788844621513953,-0.3670886075949368,-0.359757186216747,0.3773409587624819,0.00022271714922048998,0.5,-0.49820283547954913,0.5123517630392515,0.46427994877216666,0.4323308988347129,0.7260303359344699,0.14742670911477587
2021-12-13 20:00:00,0.198744769874477,-0.4422310756972112,-0.368577810871184,-0.3615425816818424,0.37912080721362107,0.00022271714922048998,0.5,-0.5144610657712919,0.5259405701609455,0.4877089849201522,0.412055777657548,0.7402749167998681,0.09462558655340465
2021-12-13 20:10:00,0.24895397489539747,-0.3067729083665339,-0.37006701414743126,-0.36689876807712907,0.37912080721362107,0.00022271714922048998,0.5,-0.5144610657712919,0.5259405701609455,0.4877089849201522,0.412055777657548,0.7402749167998681,0.12201065226247415
2021-12-13 20:20:00,0.27475592747559274,-0.4342629482071714,-0.37006701414743126,-0.3665416889841099,0.37912080721362107,0.00022271714922048998,0.5,-0.5144610657712919,0.5259405701609455,0.4877089849201522,0.412055777657548,0.7402749167998681,0.14842252968601477
2021-12-13 20:30:00,0.27615062761506276,-0.11553784860557781,-0.37006701414743126,-0.37225495447241563,0.37912080721362107,0.00022271714922048998,0.5,-0.5144610657712919,0.5259405701609455,0.4877089849201522,0.412055777657548,0.7402749167998681,0.15200597492342743
2021-12-13 20:40:00,0.32914923291492326,0.14741035856573692,-0.37006701414743126,-0.37189787537939656,0.37912080721362107,0.00022271714922048998,0.5,-0.5144610657712919,0.5259405701609455,0.4877089849201522,0.412055777657548,0.7402749167998681,0.19648596043876457
2021-12-13 20:50:00,0.3458856345885635,0.17928286852589648,-0.3721518987341773,-0.36404213533297614,0.37912080721362107,0.00033407572383073496,0.5,-0.5144610657712919,0.5259405701609455,0.4877089849201522,0.412055777657548,0.7402749167998681,0.21248698643571678
2021-12-13 21:00:00,0.34449093444909346,0.3705179282868525,-0.37393894266567396,-0.36689876807712907,0.37912080721362107,0.00022271714922048998,0.5,-0.5309055397146911,0.5190125485981607,0.516649489693626,0.3814064165061097,0.7747989395311441,0.20637626929402358
2021-12-13 21:10:00,0.37099023709902373,0.17928286852589648,-0.37602382725242,-0.36689876807712907,0.3865673790422845,0.00022271714922048998,0.5,-0.5309055397146911,0.5190125485981607,0.516649489693626,0.3814064165061097,0.7747989395311441,0.24149403262066782
2021-12-13 21:20:00,0.36541143654114366,-0.21912350597609564,-0.37602382725242,-0.36047134440278517,0.3904019054848124,0.00022271714922048998,0.5,-0.5309055397146911,0.5190125485981607,0.516649489693626,0.3814064165061097,0.7747989395311441,0.23815954252606486
2021-12-13 21:30:00,0.3765690376569038,-0.14741035856573714,-0.37840655249441557,-0.35761471165863234,0.3904019054848124,0.00033407572383073496,0.5,-0.5309055397146911,0.5190125485981607,0.516649489693626,0.3814064165061097,0.7747989395311441,0.24528116842947026
2021-12-13 21:40:00,0.41143654114365413,0.2669322709163344,-0.3790022338049145,-0.3565434743795751,0.3904019054848124,0.00022271714922048998,0.5,-0.5309055397146911,0.5190125485981607,0.516649489693626,0.3814064165061097,0.7747989395311441,0.3127555562261418
2021-12-13 21:50:00,0.3368200836820084,0.2828685258964143,-0.3790022338049145,-0.3626138189608997,0.3987514886600097,0.00022271714922048998,0.5,-0.5309055397146911,0.5190125485981607,0.516649489693626,0.3814064165061097,0.7747989395311441,0.21469740634005763
2021-12-13 22:00:00,0.3417015341701534,0.1633466135458166,-0.3801935964259122,-0.36868416354222455,0.4140895944301213,0.00033407572383073496,0.5,-0.6270643644585476,0.5204665423396652,0.6089582511419296,0.33292794361856454,0.8182452551482277,0.2059387117702974
2021-12-13 22:10:00,0.2754532775453278,-0.1633466135458168,-0.3790022338049145,-0.3693983217282628,0.4153459580426902,0.00044543429844097997,0.5,-0.6270643644585476,0.5204665423396652,0.6089582511419296,0.33292794361856454,0.8182452551482277,0.15047452359038582
2021-12-13 22:20:00,0.34797768479776847,0.17131474103585642,-0.3822784810126584,-0.3729691126584538,0.41537213228461867,0.00044543429844097997,0.5,-0.6270643644585476,0.5204665423396652,0.6089582511419296,0.33292794361856454,0.8182452551482277,0.21910315795826607
2021-12-13 22:30:00,0.40097629009762903,0.01195219123505975,-0.38495904690990335,-0.36547045170505266,0.4265223593461674,0.00033407572383073496,0.5,-0.6270643644585476,0.5204665423396652,0.6089582511419296,0.33292794361856454,0.8182452551482277,0.2534137030945879
2021-12-13 22:40:00,0.35564853556485354,-0.26693227091633476,-0.38495904690990335,-0.359757186216747,0.4235515828872806,0.00033407572383073496,0.5,-0.6270643644585476,0.5204665423396652,0.6089582511419296,0.33292794361856454,0.8182452551482277,0.22048372738657454
2021-12-13 22:50:00,0.32147838214783825,0.1394422310756971,-0.38495904690990335,-0.3661846098910908,0.4154899163732971,0.00022271714922048998,0.5,-0.6270643644585476,0.5204665423396652,0.6089582511419296,0.33292794361856454,0.8182452551482277,0.17479668663337206
2021-12-13 23:00:00,0.25523012552301255,0.05976095617529875,-0.38495904690990335,-0.3758257454026066,0.41543756788944,0.00022271714922048998,0.5,-0.6606261108663365,0.5143488493047568,0.6703436421802543,0.2842832915878747,0.8631202771796831,0.12714063702340178
2021-12-13 23:10:00,0.18549511854951187,-0.019920318725099695,-0.38525688756515275,-0.3776111408677022,0.41543756788944,0.00033407572383073496,0.5,-0.6606261108663365,0.5143488493047568,0.6703436421802543,0.2842832915878747,0.8631202771796831,0.0740830152239842
2021-12-13 23:20:00,0.17782426778242677,-0.3466135458167332,-0.3879374534623977,-0.3776111408677022,0.40761146955281313,0.00033407572383073496,0.5,-0.6606261108663365,0.5143488493047568,0.6703436421802543,0.2842832915878747,0.8631202771796831,0.051790213799659014
2021-12-13 23:30:00,0.12622036262203626,0.5059760956175297,-0.39359642591213706,-0.3776111408677022,0.39898705683736635,0.00033407572383073496,0.5,-0.6606261108663365,0.5143488493047568,0.6703436421802543,0.2842832915878747,0.8631202771796831,0.0331185780889298
2021-12-13 23:40:00,0.1415620641562064,0.49800796812749004,-0.3986597170513776,-0.3822531690769505,0.4059101438274593,0.00022271714922048998,0.5,-0.6606261108663365,0.5143488493047568,0.6703436421802543,0.2842832915878747,0.8631202771796831,0.04390663427735112
2021-12-13 23:50:00,0.15760111576011157,-0.01195219123505975,-0.40402084884586753,-0.39082306730940897,0.4154113936475115,0.00022271714922048998,0.5,-0.6606261108663365,0.5143488493047568,0.6703436421802543,0.2842832915878747,0.8631202771796831,0.042443079801439416
2021-12-14 00:00:00,0.12622036262203626,-0.553784860557769,-0.4099776619508564,-0.39260846277450456,0.4154113936475115,0.00033407572383073496,0.5,-0.6789485305129073,0.49962500754295164,0.7210189464105073,0.27405918331759244,0.9051067647301297,0.028471415423148305
2021-12-14 00:10:00,0.14086471408647142,0.01195219123505975,-0.4174236783320924,-0.39475093733261923,0.4154113936475115,0.00033407572383073496,0.5,-0.6789485305129073,0.49962500754295164,0.7210189464105073,0.27405918331759244,0.9051067647301297,0.03756205018332152
2021-12-14 00:20:00,0.17294281729428174,-0.003984063745020028,-0.4177215189873419,-0.3983217282628101,0.4154113936475115,0.00022271714922048998,0.5,-0.6789485305129073,0.49962500754295164,0.7210189464105073,0.27405918331759244,0.9051067647301297,0.055351026751361714
2021-12-14 00:30:00,0.12761506276150628,-0.3227091633466136,-0.41950856291883853,-0.3986788073558293,0.4043135150698198,0.00022271714922048998,0.5,-0.6789485305129073,0.49962500754295164,0.7210189464105073,0.27405918331759244,0.9051067647301297,0.01655174494922824
2021-12-14 00:40:00,0.12273361227336123,-0.49800796812749004,-0.42069992553983626,-0.3915372254954472,0.3978223030715473,0.00022271714922048998,0.5,-0.6789485305129073,0.49962500754295164,0.7210189464105073,0.27405918331759244,0.9051067647301297,0.008630444950737058
2021-12-14 00:50:00,0.10111576011157601,0.019920318725099362,-0.4227848101265823,-0.3954650955186574,0.38254963290625693,0.00022271714922048998,0.5,-0.6789485305129073,0.49962500754295164,0.7210189464105073,0.27405918331759244,0.9051067647301297,0.0016672450473014771
2021-12-14 01:00:00,0.10320781032078104,0.6175298804780875,-0.42367833209233074,-0.39475093733261923,0.3937391213306985,0.00022271714922048998,0.5,-0.7147505705879783,0.48699882473628325,0.7618492897838415,0.29517736914180515,0.9318856002152047,0.007702521236628092
2021-12-14 01:10:00,0.12552301255230125,0.5378486055776892,-0.42427401340282955,-0.3954650955186574,0.4131734959626232,0.00022271714922048998,0.5,-0.7147505705879783,0.48699882473628325,0.7618492897838415,0.29517736914180515,0.9318856002152047,0.024095840185886508
2021-12-14 01:20:00,0.16457461645746163,0.36254980079681287,-0.4257632166790768,-0.401178361006963,0.4153459580426902,0.00033407572383073496,0.5,-0.7147505705879783,0.48699882473628325,0.7618492897838415,0.29517736914180515,0.9318856002152047,0.0445252500867571
2021-12-14 01:30:00,0.1415620641562064,0.3067729083665336,-0.42069992553983626,-0.4051062310301732,0.4153459580426902,0.00022271714922048998,0.5,-0.7147505705879783,0.48699882473628325,0.7618492897838415,0.29517736914180515,0.9318856002152047,0.026298715994990722
2021-12-14 01:40:00,0.14016736401673638,0.29083665338645415,-0.42069992553983626,-0.39939296554186754,0.42266165866171107,0.00033407572383073496,0.5,-0.7147505705879783,0.48699882473628325,0.7618492897838415,0.29517736914180515,0.9318856002152047,0.03375982618404575
2021-12-14 01:50:00,0.15690376569037656,-0.45019920318725104,-0.4189128816083396,-0.40367791465809677,0.42271400714556806,0.00022271714922048998,0.5,-0.7147505705879783,0.48699882473628325,0.7618492897838415,0.29517736914180515,0.9318856002152047,0.03970457323053247
2021-12-14 02:00:00,0.14644351464435149,-0.01195219123505975,-0.4153387937453463,-0.39939296554186754,0.4153459580426902,0.00022271714922048998,0.5,-0.7196708850542473,0.48376900464646017,0.7560754427366387,0.3173343079626315,0.9285993546373549,0.04193008132534665
2021-12-14 02:10:00,0.16457461645746163,-0.5219123505976095,-0.41682799702159357,-0.39939296554186754,0.41067385585844973,0.00022271714922048998,0.5,-0.7196708850542473,0.48376900464646017,0.7560754427366387,0.3173343079626315,0.9285993546373549,0.041477435611147154
2021-12-14 02:20:00,0.17782426778242677,-0.07569721115537853,-0.4147431124348474,-0.40082128191394384,0.3989085341115808,0.00033407572383073496,0.5,-0.7196708850542473,0.48376900464646017,0.7560754427366387,0.3173343079626315,0.9285993546373549,0.05121686256167298
2021-12-14 02:30:00,0.200836820083682,-0.33067729083665354,-0.4135517498138497,-0.40724870558828774,0.3989085341115808,0.00044543429844097997,0.5,-0.7196708850542473,0.48376900464646017,0.7560754427366387,0.3173343079626315,0.9285993546373549,0.06435867646393169
2021-12-14 02:40:00,0.18549511854951187,0.019920318725099362,-0.4150409530900969,-0.4061774683092304,0.38351807985761216,0.00033407572383073496,0.5,-0.7196708850542473,0.48376900464646017,0.7560754427366387,0.3173343079626315,0.9285993546373549,0.055977186656004346
2021-12-14 02:50:00,0.12622036262203626,-0.2589641434262948,-0.42069992553983626,-0.4061774683092304,0.3824841973014356,0.00022271714922048998,0.5,-0.7196708850542473,0.48376900464646017,0.7560754427366387,0.3173343079626315,0.9285993546373549,0.03187380237488118
2021-12-14 03:00:00,0.15271966527196654,0.05179282868525892,-0.4263588979895757,-0.40724870558828774,0.3824841973014356,0.00033407572383073496,0.5,-0.7290209233936236,0.47062271735913547,0.7705075240721739,0.3311564057849286,0.9141948412681961,0.043167312944158605
2021-12-14 03:10:00,0.1603905160390516,0.5219123505976095,-0.42844378257632176,-0.4097482592394215,0.3841855230267893,0.00033407572383073496,0.5,-0.7290209233936236,0.47062271735913547,0.7705075240721739,0.3311564057849286,0.9141948412681961,0.04303151922989876
2021-12-14 03:20:00,0.15411436541143653,0.05179282868525892,-0.43469843633656013,-0.4097482592394215,0.3989608825954378,0.00022271714922048998,0.5,-0.7290209233936236,0.47062271735913547,0.7705075240721739,0.3311564057849286,0.9141948412681961,0.03864085580216365
2021-12-14 03:30:00,0.10529986052998605,0.49003984063745,-0.43857036485480283,-0.41046241742545975,0.3989608825954378,0.00033407572383073496,0.5,-0.7290209233936236,0.47062271735913547,0.7705075240721739,0.3311564057849286,0.9141948412681961,0.016800700092037962
2021-12-14 03:40:00,0.14574616457461645,0.593625498007968,-0.4412509307520478,-0.4097482592394215,0.4184214314692911,0.00022271714922048998,0.5,-0.7290209233936236,0.47062271735913547,0.7705075240721739,0.3311564057849286,0.9141948412681961,0.03867857627834694
2021-12-14 03:50:00,0.24686192468619247,-0.2828685258964144,-0.4445271779597916,-0.414747366541689,0.4288780411197341,0.00044543429844097997,0.5,-0.7290209233936236,0.47062271735913547,0.7705075240721739,0.3311564057849286,0.9141948412681961,0.09013684988759299
2021-12-14 04:00:00,0.29567642956764295,0.47410358565737054,-0.44005956813105007,-0.4208177111230138,0.4181204276871131,0.00044543429844097997,0.5,-0.760745448220496,0.4781771631030411,0.8082879877730895,0.32151303399578995,0.9109903425453312,0.13622372768833835
2021-12-14 04:10:00,0.3354253835425383,0.5697211155378485,-0.43857036485480283,-0.4193893947509374,0.4181204276871131,0.00044543429844097997,0.5,-0.760745448220496,0.4781771631030411,0.8082879877730895,0.32151303399578995,0.9109903425453312,0.16187365149297644
2021-12-14 04:20:00,0.33751743375174337,0.2589641434262948,-0.43588979895755786,-0.41653276200678446,0.4261690070801324,0.00044543429844097997,0.5,-0.760745448220496,0.4781771631030411,0.8082879877730895,0.32151303399578995,0.9109903425453312,0.17307663291941397
2021-12-14 04:30:00,0.2873082287308229,0.03585657370517925,-0.4308265078183172,-0.41010533833244067,0.4319404274253707,0.00044543429844097997,0.5,-0.760745448220496,0.4781771631030411,0.8082879877730895,0.32151303399578995,0.9109903425453312,0.14491452540096866
2021-12-14 04:40:00,0.32914923291492326,-0.2828685258964144,-0.4266567386448251,-0.40867702196036415,0.4319404274253707,0.00044543429844097997,0.5,-0.760745448220496,0.4781771631030411,0.8082879877730895,0.32151303399578995,0.9109903425453312,0.16836911749173922
2021-12-14 04:50:00,0.2635983263598326,-0.3784860557768924,-0.4212956068503352,-0.4061774683092304,0.4197563178076455,0.00044543429844097997,0.5,-0.760745448220496,0.4781771631030411,0.8082879877730895,0.32151303399578995,0.9109903425453312,0.11713716673959293
2021-12-14 05:00:00,0.2635983263598326,0.043824701195219085,-0.4263588979895757,-0.407962863774326,0.4181204276871131,0.00044543429844097997,0.5,-0.7647293079934349,0.4647291577468261,0.8007331631741423,0.3181283714151935,0.908401151120894,0.10111350845693076
2021-12-14 05:10:00,0.2496513249651325,0.2589641434262948,-0.43469843633656013,-0.4097482592394215,0.4181204276871131,0.00044543429844097997,0.5,-0.7647293079934349,0.4647291577468261,0.8007331631741423,0.3181283714151935,0.908401151120894,0.09839009007649711
2021-12-14 05:20:00,0.24546722454672246,-0.23505976095617542,-0.432613551749814,-0.4097482592394215,0.4181204276871131,0.00044543429844097997,0.5,-0.7647293079934349,0.4647291577468261,0.8007331631741423,0.3181283714151935,0.908401151120894,0.09776393017185449
2021-12-14 05:30:00,0.17503486750348674,-0.5219123505976095,-0.43172002978406565,-0.4097482592394215,0.4142859012445852,0.00044543429844097997,0.5,-0.7647293079934349,0.4647291577468261,0.8007331631741423,0.3181283714151935,0.908401151120894,0.05586402522745447
2021-12-14 05:40:00,0.17154811715481172,-0.06772908366533881,-0.4370811615785556,-0.4097482592394215,0.4016699166350395,0.00044543429844097997,0.5,-0.7647293079934349,0.4647291577468261,0.8007331631741423,0.3181283714151935,0.908401151120894,0.051511082275902655
2021-12-14 05:50:00,0.15271966527196654,-0.1633466135458168,-0.4406552494415489,-0.4108194965184788,0.4016699166350395,0.00044543429844097997,0.5,-0.7647293079934349,0.4647291577468261,0.8007331631741423,0.3181283714151935,0.908401151120894,0.03624183351690632
2021-12-14 06:00:00,0.13458856345885634,-0.059760956175298974,-0.4463142218912882,-0.4097482592394215,0.4016699166350395,0.00044543429844097997,0.5,-0.7746747990392977,0.4609591186384187,0.8229930999167212,0.3432906746407013,0.9701023984415105,0.02279071170994463
2021-12-14 06:10:00,0.11576011157601115,-0.06772908366533881,-0.45137751303052875,-0.40867702196036415,0.4016699166350395,0.00044543429844097997,0.5,-0.7746747990392977,0.4609591186384187,0.8229930999167212,0.3432906746407013,0.9701023984415105,0.0068877589510689995
2021-12-14 06:20:00,0.11576011157601115,-0.059760956175298974,-0.45495160089352205,-0.4076057846813069,0.4016699166350395,0.00044543429844097997,0.5,-0.7746747990392977,0.4609591186384187,0.8229930999167212,0.3432906746407013,0.9701023984415105,0.008042005522277714
2021-12-14 06:30:00,0.1087866108786611,0.01195219123505975,-0.45912137006701415,-0.4093911801464024,0.4016699166350395,0.00044543429844097997,0.5,-0.7746747990392977,0.4609591186384187,0.8229930999167212,0.3432906746407013,0.9701023984415105,0.007740241712811383
2021-12-14 06:40:00,0.13458856345885634,-0.29083665338645437,-0.4638868205510053,-0.41367612926263164,0.4016699166350395,0.00044543429844097997,0.5,-0.7746747990392977,0.4609591186384187,0.8229930999167212,0.3432906746407013,0.9701023984415105,0.01834723961555291
2021-12-14 06:50:00,0.12133891213389121,-0.12350597609561753,-0.4689501116902458,-0.4176039992858417,0.4016699166350395,0.00044543429844097997,0.5,-0.7746747990392977,0.4609591186384187,0.8229930999167212,0.3432906746407013,0.9701023984415105,0.012658991807112574
2021-12-14 07:00:00,0.09483960948396096,0.17928286852589648,-0.47133283693224126,-0.42296018568112836,0.4016699166350395,0.0008908685968819599,0.5,-0.7824502046712336,0.4709445499659495,0.8274460510525763,0.27124573724437695,0.9724669554471271,0.0027762270470902428
2021-12-14 07:10:00,0.07880055788005579,0.12350597609561742,-0.47133283693224126,-0.4558114622388859,0.4113151247856984,0.3212694877505568,0.5,-0.7824502046712336,0.4709445499659495,0.8274460510525763,0.27124573724437695,0.9724669554471271,0.0
2021-12-14 07:20:00,0.12831241283124128,-0.09960159362549803,-0.4606105733432614,-0.4650955186573825,0.41814660192904163,0.9996659242761693,0.5,-0.7824502046712336,0.4709445499659495,0.8274460510525763,0.27124573724437695,0.9724669554471271,0.0
2021-12-14 07:30:00,0.18410041841004185,-0.3227091633466136,-0.44750558451228606,-0.4272451347973576,0.41814660192904163,0.9996659242761693,0.5,-0.7824502046712336,0.4709445499659495,0.8274460510525763,0.27124573724437695,0.9724669554471271,0.0
2021-12-14 07:40:00,0.17364016736401675,0.29083665338645415,-0.4370811615785556,-0.4236743438671665,0.41814660192904163,0.17828507795100226,0.5,-0.7824502046712336,0.4709445499659495,0.8274460510525763,0.27124573724437695,0.9724669554471271,0.0
2021-12-14 07:50:00,0.21199442119944212,0.6015936254980081,-0.41712583767684297,-0.42331726477414755,0.4182382117757915,0.2053452115812918,0.5,-0.7824502046712336,0.4709445499659495,0.8274460510525763,0.27124573724437695,0.9724669554471271,0.031164657422635307
2021-12-14 08:00:00,0.18410041841004185,0.13147410358565725,-0.3953834698436338,-0.36511337261203347,0.43298739710251144,0.00011135857461024499,0.5,-0.7874743139519642,0.4790708232880375,0.8283012855020895,0.28805079634221603,0.9212019312927,0.052076889418652024
2021-12-14 08:10:00,0.19804741980474197,0.2350597609561753,-0.3831720029784067,-0.3233351187287984,0.4330920940702255,0.00011135857461024499,0.5,-0.7874743139519642,0.4790708232880375,0.8283012855020895,0.28805079634221603,0.9212019312927,0.05447591170390935
2021-12-14 08:20:00,0.16666666666666669,0.019920318725099362,-0.371258376768429,-0.2961971076593465,0.4330920940702255,0.00011135857461024499,0.5,-0.7874743139519642,0.4790708232880375,0.8283012855020895,0.28805079634221603,0.9212019312927,0.045226850943766314
2021-12-14 08:30:00,0.19107391910739194,-0.1872509960159363,-0.3647058823529413,-0.2754865202642386,0.4330920940702255,0.00011135857461024499,0.5,-0.7874743139519642,0.4790708232880375,0.8283012855020895,0.28805079634221603,0.9212019312927,0.04999471913333434
2021-12-14 08:40:00,0.2099023709902371,-0.21912350597609564,-0.35755770662695463,-0.2604891983574361,0.4330920940702255,0.00011135857461024499,0.5,-0.7874743139519642,0.4790708232880375,0.8283012855020895,0.28805079634221603,0.9212019312927,0.06463780798768805
2021-12-14 08:50:00,0.2398884239888424,-0.17928286852589637,-0.35070737155621756,-0.25334761649705406,0.42482103362081375,0.00011135857461024499,0.5,-0.7874743139519642,0.4790708232880375,0.8283012855020895,0.28805079634221603,0.9212019312927,0.07679888950918116
2021-12-14 09:00:00,0.21199442119944212,0.2111553784860556,-0.33938942665673866,-0.25013390465988217,0.4192720943319679,0.00011135857461024499,0.5,-0.7900718859137563,0.4898435951001003,0.8230302564549341,0.30117495261227833,0.8952944134299227,0.05856481132217813
2021-12-14 09:10:00,0.19804741980474197,0.05179282868525892,-0.332836932241251,-0.24192108552044278,0.4192720943319679,0.00011135857461024499,0.5,-0.7900718859137563,0.4898435951001003,0.8230302564549341,0.30117495261227833,0.8952944134299227,0.05841392941744497
2021-12-14 09:20:00,0.20571827057182707,0.19521912350597592,-0.3250930752047656,-0.23227995000892698,0.4192720943319679,0.00011135857461024499,0.5,-0.7900718859137563,0.4898435951001003,0.8230302564549341,0.30117495261227833,0.8952944134299227,0.062382123511927214
2021-12-14 09:30:00,0.15411436541143653,-0.4183266932270917,-0.31973194341027555,-0.22299589359043037,0.4192720943319679,0.00011135857461024499,0.5,-0.7900718859137563,0.4898435951001003,0.8230302564549341,0.30117495261227833,0.8952944134299227,0.04481192570575011
2021-12-14 09:40:00,0.13668061366806136,-0.5378486055776892,-0.31943410275502615,-0.204784859846456,0.4192720943319679,0.00011135857461024499,0.5,-0.7900718859137563,0.4898435951001003,0.8230302564549341,0.30117495261227833,0.8952944134299227,0.03956877951627261
2021-12-14 09:50:00,0.16666666666666669,-0.2509960159362551,-0.31586001489203286,-0.18657382610248163,0.4192720943319679,0.00011135857461024499,0.5,-0.7900718859137563,0.4898435951001003,0.8230302564549341,0.30117495261227833,0.8952944134299227,0.05873078141738461
2021-12-14 10:00:00,0.19316596931659694,-0.05179282868525903,-0.3057334326135518,-0.18121763970719518,0.4192720943319679,0.00011135857461024499,0.5,-0.6034012480059021,0.5175671753729097,0.6274033654185748,0.27173607465842387,0.9063657870044495,0.07186505122440666
2021-12-14 10:10:00,0.15202231520223153,-0.45019920318725104,-0.29947877885331353,-0.1744331369398322,0.4192720943319679,0.00011135857461024499,0.5,-0.6034012480059021,0.5175671753729097,0.6274033654185748,0.27173607465842387,0.9063657870044495,0.0466753172292047
2021-12-14 10:20:00,0.18200836820083682,-0.5219123505976095,-0.29650037230081916,-0.15622210319585772,0.4081218672704192,0.00011135857461024499,0.5,-0.6034012480059021,0.5175671753729097,0.6274033654185748,0.27173607465842387,0.9063657870044495,0.03867857627834694
2021-12-14 10:30:00,0.1596931659693166,-0.33067729083665354,-0.289650037230082,-0.13729691126584542,0.4028346704008585,0.00011135857461024499,0.5,-0.6034012480059021,0.5175671753729097,0.6274033654185748,0.27173607465842387,0.9063657870044495,0.023107563709884274
2021-12-14 10:40:00,0.1387726638772664,-0.20318725099601598,-0.28786299329858545,-0.1180146402428136,0.4028346704008585,0.00011135857461024499,0.5,-0.6034012480059021,0.5175671753729097,0.6274033654185748,0.27173607465842387,0.9063657870044495,0.011444392474010592
2021-12-14 10:50:00,0.1415620641562064,0.003984063745019917,-0.2854802680565899,-0.09944652740582038,0.4028346704008585,0.00011135857461024499,0.5,-0.6034012480059021,0.5175671753729097,0.6274033654185748,0.27173607465842387,0.9063657870044495,0.01589540866363897
2021-12-14 11:00:00,0.13319386331938632,0.19521912350597592,-0.28011913626209994,-0.0733797536154257,0.4116553899307691,0.00011135857461024499,0.5,-0.5738793945613786,0.5186102578396431,0.5502391270521537,0.202277930208791,0.846570329634686,0.013179534378441993
2021-12-14 11:10:00,0.12761506276150628,-0.5298804780876495,-0.2741623231571111,-0.050883770755222324,0.4158563557602963,0.00011135857461024499,0.5,-0.5738793945613786,0.5186102578396431,0.5502391270521537,0.202277930208791,0.846570329634686,0.0057938651417535495
2021-12-14 11:20:00,0.10111576011157601,-0.5776892430278885,-0.2708860759493672,-0.036957686127477296,0.40034811741764925,0.042761692650334075,0.5,-0.5738793945613786,0.5186102578396431,0.5502391270521537,0.202277930208791,0.846570329634686,0.0
2021-12-14 11:30:00,0.1882845188284519,-0.19521912350597614,-0.2750558451228593,-0.05159792894126036,0.3863972464697491,0.6763919821826281,0.5,-0.5738793945613786,0.5186102578396431,0.5502391270521537,0.202277930208791,0.846570329634686,0.0
2021-12-14 11:40:00,0.1290097629009763,0.3784860557768923,-0.2789277736411021,-0.06302445991787176,0.3863972464697491,0.24554565701559022,0.5,-0.5738793945613786,0.5186102578396431,0.5502391270521537,0.202277930208791,0.846570329634686,0.0
2021-12-14 11:50:00,0.18479776847977683,-0.3784860557768924,-0.27326880119136276,-0.0673094090341011,0.3863972464697491,0.7062360801781737,0.5,-0.5738793945613786,0.5186102578396431,0.5502391270521537,0.202277930208791,0.846570329634686,0.0
2021-12-14 12:00:00,0.1771269177126918,-0.5697211155378487,-0.26165301563663446,-0.0733797536154257,0.3863972464697491,0.2236080178173719,0.5,-0.5591652455471124,0.5175269462970581,0.49375839905792324,0.2490417229217632,0.7598277092103884,0.0
2021-12-14 12:10:00,0.21548117154811713,-0.08366533864541836,-0.2479523454951601,-0.08016425638278879,0.37060109146588843,0.013585746102449888,0.5,-0.5591652455471124,0.5175269462970581,0.49375839905792324,0.2490417229217632,0.7598277092103884,0.0713520527483139
2021-12-14 12:20:00,0.25523012552301255,0.20318725099601576,-0.23037974683544316,-0.08980539189430448,0.37003834526442525,0.000556792873051225,0.5,-0.5591652455471124,0.5175269462970581,0.49375839905792324,0.2490417229217632,0.7598277092103884,0.1127465033118578
2021-12-14 12:30:00,0.22454672245467225,0.027888446215139417,-0.2679076693968728,-0.13301196214961608,0.3626048605567262,0.00033407572383073496,0.5,-0.5591652455471124,0.5175269462970581,0.49375839905792324,0.2490417229217632,0.7598277092103884,0.09084599483983886
2021-12-14 12:40:00,0.23430962343096234,0.21912350597609564,-0.3182427401340283,-0.21835386538118184,0.35195194409181924,0.00033407572383073496,0.5,-0.5591652455471124,0.5175269462970581,0.49375839905792324,0.2490417229217632,0.7598277092103884,0.10209424083769635
2021-12-14 12:50:00,0.23430962343096234,-0.33067729083665354,-0.32807148175726,-0.25334761649705406,0.3598434780332675,0.00044543429844097997,0.5,-0.5591652455471124,0.5175269462970581,0.49375839905792324,0.2490417229217632,0.7598277092103884,0.10477993874194667
2021-12-14 13:00:00,0.24198047419804744,-0.05179282868525903,-0.3325390915860017,-0.26798785931083735,0.35144154637421315,0.3106904231625835,0.5,-0.3989079864973354,0.500964061067738,0.38207763890363106,0.3224894777244337,0.7383281685316586,0.08099340646076317
2021-12-14 13:10:00,0.2712691771269177,-0.4342629482071714,-0.31139240506329124,-0.2497768255668631,0.35144154637421315,0.9986636971046772,0.5,-0.3989079864973354,0.500964061067738,0.38207763890363106,0.3224894777244337,0.7383281685316586,0.0
2021-12-14 13:20:00,0.2712691771269177,-0.2270916334661356,-0.2857781087118393,-0.20371362256739867,0.35144154637421315,0.9986636971046772,0.5,-0.3989079864973354,0.500964061067738,0.38207763890363106,0.3224894777244337,0.7383281685316586,0.0
2021-12-14 13:30:00,0.29567642956764295,0.394422310756972,-0.28369322412509324,-0.1919300124977681,0.35144154637421315,0.9986636971046772,0.5,-0.3989079864973354,0.500964061067738,0.38207763890363106,0.3224894777244337,0.7383281685316586,0.0
2021-12-14 13:40:00,0.299163179916318,0.7370517928286848,-0.28071481757259875,-0.1919300124977681,0.35144154637421315,0.9986636971046772,0.5,-0.3989079864973354,0.500964061067738,0.38207763890363106,0.3224894777244337,0.7383281685316586,0.0
2021-12-14 13:50:00,0.30404463040446306,-0.02788844621513953,-0.2714817572598661,-0.18835922156757723,0.37071887555456673,0.22583518930957686,0.5,-0.3989079864973354,0.500964061067738,0.38207763890363106,0.3224894777244337,0.7383281685316586,0.10401044102780754
2021-12-14 14:00:00,0.3186889818688982,0.17131474103585642,-0.24110201042442314,-0.17764684877700399,0.3647380612739004,0.004342984409799555,0.5,-0.3862702674217362,0.4807805590117434,0.3578977363298496,0.3904469289500998,0.7455275845318533,0.17503809768094514
2021-12-14 14:10:00,0.30613668061366806,-0.09960159362549814,-0.2279970215934476,-0.16550615961435466,0.37304838308620486,0.004342984409799555,0.5,-0.3862702674217362,0.4807805590117434,0.3578977363298496,0.3904469289500998,0.7455275845318533,0.16360879339740786
2021-12-14 14:20:00,0.30404463040446306,-0.07569721115537853,-0.2702903946388683,-0.20728441349758975,0.37128162175602997,0.00033407572383073496,0.5,-0.3862702674217362,0.4807805590117434,0.3578977363298496,0.3904469289500998,0.7455275845318533,0.1666716960634911
2021-12-14 14:30:00,0.33472803347280333,-0.06772908366533881,-0.2854802680565899,-0.24727727191572935,0.37379434898116765,0.00022271714922048998,0.5,-0.3862702674217362,0.4807805590117434,0.3578977363298496,0.3904469289500998,0.7455275845318533,0.20768139776996547
2021-12-14 14:40:00,0.3507670850767085,0.20318725099601576,-0.2893521965748326,-0.2594179610783788,0.3647380612739004,0.00022271714922048998,0.5,-0.3862702674217362,0.4807805590117434,0.3578977363298496,0.3904469289500998,0.7455275845318533,0.2268886642424974
2021-12-14 14:50:00,0.33472803347280333,0.05179282868525892,-0.2857781087118393,-0.26441706838064627,0.3647380612739004,0.00022271714922048998,0.5,-0.3862702674217362,0.4807805590117434,0.3578977363298496,0.3904469289500998,0.7455275845318533,0.21095553510267515
2021-12-14 15:00:00,0.32914923291492326,0.17928286852589648,-0.28101265822784816,-0.26691662203178,0.3647380612739004,0.00022271714922048998,0.5,-0.37136887416312936,0.4650078877723719,0.33837482881678493,0.45508890692015114,0.7418904373230165,0.20458831872293556
2021-12-14 15:10:00,0.3193863319386332,-0.21912350597609564,-0.28071481757259875,-0.26691662203178,0.3621206370810486,0.00022271714922048998,0.5,-0.37136887416312936,0.4650078877723719,0.33837482881678493,0.45508890692015114,0.7418904373230165,0.20127646091404258
2021-12-14 15:20:00,0.31659693165969316,-0.05179282868525903,-0.27684288905435606,-0.2687020174968755,0.36113910300872915,0.00022271714922048998,0.5,-0.37136887416312936,0.4650078877723719,0.33837482881678493,0.45508890692015114,0.7418904373230165,0.1858714184407864
2021-12-14 15:30:00,0.3682008368200837,-0.08366533864541836,-0.27475800446761,-0.26691662203178,0.3569773985420947,0.00022271714922048998,0.5,-0.37136887416312936,0.4650078877723719,0.33837482881678493,0.45508890692015114,0.7418904373230165,0.24608838661979268
2021-12-14 15:40:00,0.38633193863319387,0.08366533864541825,-0.27475800446761,-0.26655954293876094,0.3489419062700396,0.00022271714922048998,0.5,-0.37136887416312936,0.4650078877723719,0.33837482881678493,0.45508890692015114,0.7418904373230165,0.29424989061061907
2021-12-14 15:50:00,0.41352859135285913,0.05976095617529875,-0.27475800446761,-0.2640599892876272,0.35507976600227714,0.00022271714922048998,0.5,-0.37136887416312936,0.4650078877723719,0.33837482881678493,0.45508890692015114,0.7418904373230165,0.32601807565218704
2021-12-14 16:00:00,0.39400278940027894,0.12350597609561742,-0.27475800446761,-0.26334583110158893,0.3543338001073144,0.00033407572383073496,0.5,-0.32959609742170626,0.46250506455330104,0.31595459902198414,0.47707362733622455,0.732765981796427,0.31425683117823683
2021-12-14 16:10:00,0.4225941422594142,-0.14741035856573714,-0.27297096053611336,-0.2604891983574361,0.35785423564670005,0.13530066815144767,0.5,-0.32959609742170626,0.46250506455330104,0.31595459902198414,0.47707362733622455,0.732765981796427,0.2813193113749868
2021-12-14 16:20:00,0.41841004184100417,-0.2828685258964144,-0.27475800446761,-0.25834672379932155,0.3636518302338668,0.00022271714922048998,0.5,-0.32959609742170626,0.46250506455330104,0.31595459902198414,0.47707362733622455,0.732765981796427,0.34494621060096264
2021-12-14 16:30:00,0.3668061366806137,0.03585657370517925,-0.27356664184661206,-0.25977504017139796,0.3636518302338668,0.00022271714922048998,0.5,-0.32959609742170626,0.46250506455330104,0.31595459902198414,0.47707362733622455,0.732765981796427,0.26442808214010893
2021-12-14 16:40:00,0.41492329149232915,-0.15537848605577698,-0.2744601638123605,-0.26334583110158893,0.3615317166376569,0.00022271714922048998,0.5,-0.32959609742170626,0.46250506455330104,0.31595459902198414,0.47707362733622455,0.732765981796427,0.35120026555215234
2021-12-14 16:50:00,0.42677824267782427,0.043824701195219085,-0.27475800446761,-0.26620246384574175,0.36358639462904563,0.00022271714922048998,0.5,-0.32959609742170626,0.46250506455330104,0.31595459902198414,0.47707362733622455,0.732765981796427,0.3528825987899271
2021-12-14 17:00:00,0.42329149232914925,-0.06772908366533881,-0.2753536857781088,-0.26334583110158893,0.36358639462904563,0.00011135857461024499,0.5,-0.331623665084285,0.462530926102062,0.30634031305588183,0.4706831031063532,0.711032478539354,0.326659323747303
2021-12-14 17:10:00,0.40794979079497906,-0.21912350597609564,-0.279523454951601,-0.26691662203178,0.36358639462904563,0.00011135857461024499,0.5,-0.331623665084285,0.462530926102062,0.30634031305588183,0.4706831031063532,0.711032478539354,0.305090755465697
2021-12-14 17:20:00,0.3758716875871687,-0.019920318725099695,-0.2833953834698437,-0.2754865202642386,0.36358639462904563,0.17316258351893096,0.5,-0.331623665084285,0.462530926102062,0.30634031305588183,0.4706831031063532,0.711032478539354,0.19253285453475566
2021-12-14 17:30:00,0.3716875871687587,-0.019920318725099695,-0.2893521965748326,-0.2787002321014105,0.36358639462904563,0.00022271714922048998,0.5,-0.331623665084285,0.462530926102062,0.30634031305588183,0.4706831031063532,0.711032478539354,0.27677022194728185
2021-12-14 17:40:00,0.3542538354253836,0.12350597609561742,-0.29530900967982143,-0.28405641849669694,0.36358639462904563,0.00022271714922048998,0.5,-0.331623665084285,0.462530926102062,0.30634031305588183,0.4706831031063532,0.711032478539354,0.2630324245213272
2021-12-14 17:50:00,0.2629009762900976,-0.05179282868525903,-0.3009679821295608,-0.29369755400821274,0.37285207627174094,0.00022271714922048998,0.5,-0.331623665084285,0.462530926102062,0.30634031305588183,0.4706831031063532,0.711032478539354,0.13877363187832883
2021-12-14 18:00:00,0.25871687587168757,0.1872509960159361,-0.30781831720029795,-0.30512408498482413,0.3696849929983903,0.00022271714922048998,0.5,-0.4843986921586554,0.46019189269181465,0.42401177240872145,0.31434044346927587,0.6862404593382927,0.12579778807127662
2021-12-14 18:10:00,0.2545327754532775,-0.02788844621513953,-0.31496649292628454,-0.3165506159614354,0.38037717082618994,0.00033407572383073496,0.5,-0.4843986921586554,0.46019189269181465,0.42401177240872145,0.31434044346927587,0.6862404593382927,0.11869879445358118
2021-12-14 18:20:00,0.24337517433751746,0.13147410358565725,-0.32002978406552507,-0.3244063560078556,0.3770399549803039,0.00022271714922048998,0.5,-0.4843986921586554,0.46019189269181465,0.42401177240872145,0.31434044346927587,0.6862404593382927,0.10149071321876368
2021-12-14 18:30:00,0.200836820083682,-0.0916334661354582,-0.3247952345495161,-0.32833422603106577,0.37464501184384447,0.00022271714922048998,0.5,-0.4843986921586554,0.46019189269181465,0.42401177240872145,0.31434044346927587,0.6862404593382927,0.07538814369992608
2021-12-14 18:40:00,0.20223152022315202,0.043824701195219085,-0.3283693224125095,-0.33369041242635245,0.3829291594142205,0.00022271714922048998,0.5,-0.4843986921586554,0.46019189269181465,0.42401177240872145,0.31434044346927587,0.6862404593382927,0.0729589450337221
2021-12-14 18:50:00,0.197350069735007,-0.08366533864541836,-0.332836932241251,-0.34190323156579183,0.3835442540995407,0.00022271714922048998,0.5,-0.4843986921586554,0.46019189269181465,0.42401177240872145,0.31434044346927587,0.6862404593382927,0.06517343874949078
2021-12-14 19:00:00,0.23361227336122734,0.2669322709163344,-0.33551749813849596,-0.34618818068202095,0.3835442540995407,0.00022271714922048998,0.5,-0.5030580113620635,0.4787604847028936,0.43656522931734565,0.32959563637325734,0.676813056478779,0.0904763341732426
2021-12-14 19:10:00,0.20711297071129708,0.1633466135458166,-0.3361131794489949,-0.3476164970540975,0.3835442540995407,0.00022271714922048998,0.5,-0.5030580113620635,0.4787604847028936,0.43656522931734565,0.32959563637325734,0.676813056478779,0.07333614979555501
2021-12-14 19:20:00,0.16457461645746163,0.5219123505976095,-0.3373045420699926,-0.3486877343331547,0.3835442540995407,0.00033407572383073496,0.5,-0.5030580113620635,0.4787604847028936,0.43656522931734565,0.32959563637325734,0.676813056478779,0.04744481494334385
2021-12-14 19:30:00,0.15341701534170155,0.5776892430278884,-0.3373045420699926,-0.34654525977504014,0.3835442540995407,0.00033407572383073496,0.5,-0.5030580113620635,0.4787604847028936,0.43656522931734565,0.32959563637325734,0.676813056478779,0.04328047437270848
2021-12-14 19:40:00,0.1492329149232915,0.5537848605577689,-0.3396872673119882,-0.3472594179610783,0.3835442540995407,0.00033407572383073496,0.5,-0.5030580113620635,0.4787604847028936,0.43656522931734565,0.32959563637325734,0.676813056478779,0.04044389456372497
2021-12-14 19:50:00,0.12203626220362622,0.6175298804780875,-0.3432613551749816,-0.3444027852169256,0.3835442540995407,0.00033407572383073496,0.5,-0.5030580113620635,0.4787604847028936,0.43656522931734565,0.32959563637325734,0.676813056478779,0.01830197504413296
2021-12-14 20:00:00,0.11785216178521618,0.6414342629482073,-0.3432613551749816,-0.3454740224959829,0.38440800408318176,0.00033407572383073496,0.5,-0.5116985627820212,0.4959239325645734,0.4499633951032248,0.31952721990560257,0.7515114804922853,0.008064637807987688
2021-12-14 20:10:00,0.07391910739191074,0.22709163346613526,-0.3477289650037231,-0.35154436707730763,0.4000340265145071,0.023496659242761692,0.5,-0.5116985627820212,0.4959239325645734,0.4499633951032248,0.31952721990560257,0.7515114804922853,0.0
2021-12-14 20:20:00,0.12552301255230125,0.12350597609561742,-0.3480268056589725,-0.38332440635600784,0.4000340265145071,0.7045657015590201,0.5,-0.5116985627820212,0.4959239325645734,0.4499633951032248,0.31952721990560257,0.7515114804922853,0.0
2021-12-14 20:30:00,0.1311018131101813,0.14741035856573692,-0.3340282948622487,-0.35904302803070876,0.4000340265145071,0.9993318485523385,0.5,-0.5116985627820212,0.4959239325645734,0.4499633951032248,0.31952721990560257,0.7515114804922853,0.0
2021-12-14 20:40:00,0.11576011157601115,0.7131474103585655,-0.3325390915860017,-0.3329762542403142,0.4000340265145071,0.9993318485523385,0.5,-0.5116985627820212,0.4959239325645734,0.4499633951032248,0.31952721990560257,0.7515114804922853,0.0
2021-12-14 20:50:00,0.16108786610878661,0.593625498007968,-0.3337304542069994,-0.32869130512408495,0.4000340265145071,0.9993318485523385,0.5,-0.5116985627820212,0.4959239325645734,0.4499633951032248,0.31952721990560257,0.7515114804922853,0.0
2021-12-14 21:00:00,0.17782426778242677,0.47410358565737054,-0.3364110201042444,-0.339046598821639,0.4000340265145071,0.9993318485523385,0.5,-0.5230008575079306,0.49389523773946997,0.4720669700314131,0.3140523218701856,0.8157573994359013,0.0
2021-12-14 21:10:00,0.18131101813110181,0.3545816733067728,-0.3367088607594937,-0.3476164970540975,0.4077816021253485,0.8271714922048998,0.5,-0.5230008575079306,0.49389523773946997,0.4720669700314131,0.3140523218701856,0.8157573994359013,0.0
2021-12-14 21:20:00,0.13807531380753138,0.2350597609561753,-0.31973194341027555,-0.35440099982146045,0.41372315504312207,0.2287305122494432,0.5,-0.5230008575079306,0.49389523773946997,0.4720669700314131,0.3140523218701856,0.8157573994359013,0.0
2021-12-14 21:30:00,0.1792189679218968,0.5219123505976095,-0.3170513775130306,-0.3486877343331547,0.4139587232204787,0.7189309576837417,0.5,-0.5230008575079306,0.49389523773946997,0.4720669700314131,0.3140523218701856,0.8157573994359013,0.0
2021-12-14 21:40:00,0.1087866108786611,-0.42629482071713154,-0.3087118391660463,-0.3454740224959829,0.42639148813652483,0.327728285077951,0.5,-0.5230008575079306,0.49389523773946997,0.4720669700314131,0.3140523218701856,0.8157573994359013,0.0
2021-12-14 21:50:00,0.1094839609483961,-0.4015050907481188,-0.30275502606105753,-0.3379753615425817,0.42639148813652483,0.99543429844098,0.5,-0.5230008575079306,0.49389523773946997,0.4720669700314131,0.3140523218701856,0.8157573994359013,0.0
2021-12-14 22:00:00,0.10669456066945607,-0.37671536077910595,-0.30811615785554747,-0.3361899660774862,0.42639148813652483,0.99543429844098,0.5,-0.5779640473707259,0.49581473935869247,0.5417906433242445,0.28758146073163604,0.8408625416386902,0.0
2021-12-14 22:10:00,0.11157601115760113,-0.351925630810093,-0.3104988830975429,-0.34154615247277276,0.42639148813652483,0.99543429844098,0.5,-0.5779640473707259,0.49581473935869247,0.5417906433242445,0.28758146073163604,0.8408625416386902,0.0
2021-12-14 22:20:00,0.10669456066945607,-0.32713590084108024,-0.3137751303052868,-0.3476164970540975,0.42639148813652483,0.99543429844098,0.5,-0.5779640473707259,0.49581473935869247,0.5417906433242445,0.28758146073163604,0.8408625416386902,0.0
2021-12-14 22:30:00,0.11366806136680613,-0.3023461708720674,-0.3164556962025318,-0.3569005534725942,0.42639148813652483,0.99543429844098,0.5,-0.5779640473707259,0.49581473935869247,0.5417906433242445,0.28758146073163604,0.8408625416386902,0.0
2021-12-14 22:40:00,0.1199442119944212,-0.27755644090305454,-0.3164556962025318,-0.36547045170505266,0.42639148813652483,0.99543429844098,0.5,-0.5779640473707259,0.49581473935869247,0.5417906433242445,0.28758146073163604,0.8408625416386902,0.0
2021-12-14 22:50:00,0.14016736401673638,-0.2527667109340418,-0.31943410275502615,-0.3743974290305303,0.42639148813652483,0.99543429844098,0.5,-0.5779640473707259,0.49581473935869247,0.5417906433242445,0.28758146073163604,0.8408625416386902,0.0
2021-12-14 23:00:00,0.18410041841004185,-0.22797698096502883,-0.3137751303052868,-0.3808248527048741,0.42639148813652483,0.99543429844098,0.5,-0.5992972837577459,0.5052197225917872,0.6105989722729795,0.26283449235385514,0.8611012794399955,0.0
2021-12-14 23:10:00,0.1792189679218968,-0.20318725099601598,-0.3170513775130306,-0.3854668809141224,0.3711376634254231,0.33752783964365257,0.5,-0.5992972837577459,0.5052197225917872,0.6105989722729795,0.26283449235385514,0.8611012794399955,0.0
2021-12-14 23:20:00,0.19525801952580193,0.6175298804780875,-0.3140729709605362,-0.3793965363327976,0.37139940584470826,0.26748329621380845,0.5,-0.5992972837577459,0.5052197225917872,0.6105989722729795,0.26283449235385514,0.8611012794399955,0.0
2021-12-14 23:30:00,0.22594142259414227,-0.043824701195219196,-0.30454206999255407,-0.3451169434029637,0.37897684888301425,0.0021158129175946547,0.5,-0.5992972837577459,0.5052197225917872,0.6105989722729795,0.26283449235385514,0.8611012794399955,0.06509045370188754
2021-12-14 23:40:00,0.22245467224546722,0.4820717131474104,-0.2866716306775876,-0.29691126584538485,0.3769090837706613,0.00011135857461024499,0.5,-0.5992972837577459,0.5052197225917872,0.6105989722729795,0.26283449235385514,0.8611012794399955,0.05622614179881407
2021-12-14 23:50:00,0.24755927475592746,-0.1872509960159363,-0.28071481757259875,-0.27084449205499006,0.3863972464697491,0.00011135857461024499,0.5,-0.5992972837577459,0.5052197225917872,0.6105989722729795,0.26283449235385514,0.8611012794399955,0.09516876141044406
2021-12-15 00:00:00,0.24302650627615063,0.19521912350597592,-0.276098296351452,-0.2558471701481878,0.3800827106044941,0.00011135857461024499,0.5,-0.6092793631427682,0.4936394957572687,0.6715530684769637,0.28125915845999166,0.8755961892604941,0.08698719012628817
2021-12-15 00:10:00,0.23849372384937237,0.5776892430278884,-0.2714817572598661,-0.24084984824138556,0.3737681747392391,0.00011135857461024499,0.5,-0.6092793631427682,0.4936394957572687,0.6715530684769637,0.28125915845999166,0.8755961892604941,0.07880561884213226
2021-12-15 00:20:00,0.2391910739191074,0.17131474103585642,-0.26582278481012667,-0.2319228709159079,0.3863972464697491,0.00011135857461024499,0.5,-0.6092793631427682,0.4936394957572687,0.6715530684769637,0.28125915845999166,0.8755961892604941,0.08696832988819651
2021-12-15 00:30:00,0.23640167364016737,-0.043824701195219196,-0.2643335815338794,-0.22335297268344934,0.3863972464697491,0.00022271714922048998,0.5,-0.6092793631427682,0.4936394957572687,0.6715530684769637,0.28125915845999166,0.8755961892604941,0.08114428836549634
2021-12-15 00:40:00,0.20013947001394702,-0.2589641434262948,-0.26165301563663446,-0.21692554900910554,0.3863972464697491,0.00022271714922048998,0.5,-0.6092793631427682,0.4936394957572687,0.6715530684769637,0.28125915845999166,0.8755961892604941,0.05666369932254025
2021-12-15 00:50:00,0.17364016736401675,0.043824701195219085,-0.26075949367088613,-0.20728441349758975,0.38730025781628297,0.00033407572383073496,0.5,-0.6092793631427682,0.4936394957572687,0.6715530684769637,0.28125915845999166,0.8755961892604941,0.03564584999321031
2021-12-15 01:00:00,0.13807531380753138,0.14741035856573692,-0.2622486969471334,-0.19621496161399754,0.4029131931266441,0.00033407572383073496,0.5,-0.6571450489173087,0.5100385911777651,0.7568823610050628,0.31449900120892404,0.887950414013716,0.02761138856616926
2021-12-15 01:10:00,0.1680613668061367,-0.20318725099601598,-0.26582278481012667,-0.1808605606141761,0.4029131931266441,0.00022271714922048998,0.5,-0.6571450489173087,0.5100385911777651,0.7568823610050628,0.31449900120892404,0.887950414013716,0.037811005326131235
2021-12-15 01:20:00,0.201534170153417,-0.3227091633466136,-0.26612062546537607,-0.1740760578468129,0.3919723600005235,0.00022271714922048998,0.5,-0.6571450489173087,0.5100385911777651,0.7568823610050628,0.31449900120892404,0.887950414013716,0.05059070265703035
2021-12-15 01:30:00,0.20711297071129708,0.027888446215139417,-0.26046165301563673,-0.1740760578468129,0.3863972464697491,0.00022271714922048998,0.5,-0.6571450489173087,0.5100385911777651,0.7568823610050628,0.31449900120892404,0.887950414013716,0.053547987989800386
2021-12-15 01:40:00,0.19107391910739194,-0.4661354581673308,-0.2634400595681312,-0.1740760578468129,0.3863972464697491,0.00022271714922048998,0.5,-0.6571450489173087,0.5100385911777651,0.7568823610050628,0.31449900120892404,0.887950414013716,0.0626386227499736
2021-12-15 01:50:00,0.25523012552301255,-0.08366533864541836,-0.26492926284437834,-0.1740760578468129,0.3863972464697491,0.00033407572383073496,0.5,-0.6571450489173087,0.5100385911777651,0.7568823610050628,0.31449900120892404,0.887950414013716,0.10180002112346666
2021-12-15 02:00:00,0.2824267782426778,-0.36254980079681276,-0.2676098287416233,-0.18300303517229055,0.3863972464697491,0.00044543429844097997,0.5,-0.6602688325718267,0.5078144979842358,0.8074253981044078,0.3250713072660011,0.8682496459270865,0.13734779787860044
2021-12-15 02:10:00,0.25523012552301255,-0.49800796812749004,-0.28786299329858545,-0.20121406891626503,0.3863972464697491,0.00022271714922048998,0.5,-0.6602688325718267,0.5078144979842358,0.8074253981044078,0.3250713072660011,0.8682496459270865,0.12282541454803327
2021-12-15 02:20:00,0.25662482566248257,-0.3227091633466136,-0.3605361131794491,-0.2815568648455633,0.3863972464697491,0.00022271714922048998,0.5,-0.6602688325718267,0.5078144979842358,0.8074253981044078,0.3250713072660011,0.8682496459270865,0.1220031081672375
2021-12-15 02:30:00,0.24895397489539747,-0.40239043824701204,-0.3864482501861505,-0.3261917514729513,0.38376673515593307,0.00033407572383073496,0.5,-0.6602688325718267,0.5078144979842358,0.8074253981044078,0.3250713072660011,0.8682496459270865,0.11987567331049988
2021-12-15 02:40:00,0.19386331938633192,0.043824701195219085,-0.40461653015636645,-0.3504731297982504,0.3725641596105273,0.00022271714922048998,0.5,-0.6602688325718267,0.5078144979842358,0.8074253981044078,0.3250713072660011,0.8682496459270865,0.08476545407909229
2021-12-15 02:50:00,0.2545327754532775,-0.4581673306772909,-0.4209977661950858,-0.3690412426352436,0.3725641596105273,0.00022271714922048998,0.5,-0.6602688325718267,0.5078144979842358,0.8074253981044078,0.3250713072660011,0.8682496459270865,0.13542405359325255
2021-12-15 03:00:00,0.3054393305439331,-0.13147410358565736,-0.4335070737155622,-0.3740403499375111,0.3728259020298125,0.00022271714922048998,0.5,-0.6629580254704204,0.5207941219573164,0.8372413007730463,0.3457632459838625,0.8421422550879443,0.18244639920334355
2021-12-15 03:10:00,0.30613668061366806,-0.15537848605577698,-0.44422933730454206,-0.3793965363327976,0.37896376176205004,0.00033407572383073496,0.5,-0.6629580254704204,0.5207941219573164,0.8372413007730463,0.3457632459838625,0.8421422550879443,0.18170707787015106
2021-12-15 03:20:00,0.25592747559274753,-0.3466135458167332,-0.452866716306776,-0.39296554186752364,0.3725641596105273,0.00022271714922048998,0.5,-0.6629580254704204,0.5207941219573164,0.8372413007730463,0.3457632459838625,0.8421422550879443,0.13399821959352415
2021-12-15 03:30:00,0.17294281729428174,-0.1872509960159363,-0.4606105733432614,-0.40260667737903943,0.3725641596105273,0.00022271714922048998,0.5,-0.6629580254704204,0.5207941219573164,0.8372413007730463,0.3457632459838625,0.8421422550879443,0.07052974636751815
2021-12-15 03:40:00,0.1596931659693166,0.3784860557768923,-0.46716306775874916,-0.4065345474022497,0.3725641596105273,0.00022271714922048998,0.5,-0.6629580254704204,0.5207941219573164,0.8372413007730463,0.3457632459838625,0.8421422550879443,0.05692774265582328
2021-12-15 03:50:00,0.13737796373779637,-0.21115537848605592,-0.47401340282948623,-0.41189073379753616,0.3725641596105273,0.00033407572383073496,0.5,-0.6629580254704204,0.5207941219573164,0.8372413007730463,0.3457632459838625,0.8421422550879443,0.04216394827768306
2021-12-15 04:00:00,0.2189679218967922,0.3705179282868525,-0.4808637379002234,-0.41688984109980365,0.3777073981494811,0.00022271714922048998,0.5,-0.6844897460929358,0.5378742381618762,0.8499426229497802,0.36125279478516165,0.8449084236781955,0.0870965795072197
2021-12-15 04:10:00,0.17364016736401675,0.043824701195219085,-0.48622486969471335,-0.42653097661131933,0.3890146706626009,0.00033407572383073496,0.5,-0.6844897460929358,0.5378742381618762,0.8499426229497802,0.36125279478516165,0.8449084236781955,0.05412888332302307
2021-12-15 04:20:00,0.11018131101813111,0.24302788844621515,-0.4927773641102011,-0.4222460274950901,0.3890146706626009,0.00033407572383073496,0.5,-0.6844897460929358,0.5378742381618762,0.8499426229497802,0.36125279478516165,0.8449084236781955,0.00814762285559093
2021-12-15 04:30:00,0.12203626220362622,0.5537848605577689,-0.49694713328369333,-0.42474558114622385,0.3890146706626009,0.00033407572383073496,0.5,-0.6844897460929358,0.5378742381618762,0.8499426229497802,0.36125279478516165,0.8449084236781955,0.0222173604719586
2021-12-15 04:40:00,0.13319386331938632,0.4820717131474104,-0.5008190618019361,-0.42831637207641493,0.3946159584353038,0.00033407572383073496,0.5,-0.6844897460929358,0.5378742381618762,0.8499426229497802,0.36125279478516165,0.8449084236781955,0.034710382183864685
2021-12-15 04:50:00,0.14644351464435149,-0.03585657370517936,-0.5040953090096799,-0.4368862703088734,0.40545209459371034,0.00022271714922048998,0.5,-0.6844897460929358,0.5378742381618762,0.8499426229497802,0.36125279478516165,0.8449084236781955,0.040821099325557886
2021-12-15 05:00:00,0.13458856345885634,-0.19521912350597614,-0.5061801935964261,-0.43902874486698795,0.40545209459371034,0.00022271714922048998,0.5,-0.6862994847281206,0.5421528877292698,0.8572816099103716,0.3673054367933504,0.8591918429762616,0.029595485613410383
2021-12-15 05:10:00,0.13668061366806136,-0.33067729083665354,-0.5070737155621743,-0.43581503302981606,0.3936736857258772,0.00033407572383073496,0.5,-0.6862994847281206,0.5421528877292698,0.8572816099103716,0.3673054367933504,0.8591918429762616,0.027717005899482478
2021-12-15 05:20:00,0.16666666666666669,-0.20318725099601598,-0.5070737155621743,-0.4411712194251026,0.38906701914645797,0.00033407572383073496,0.5,-0.6862994847281206,0.5421528877292698,0.8572816099103716,0.3673054367933504,0.8591918429762616,0.04899889856209545
2021-12-15 05:30:00,0.13319386331938632,-0.4820717131474104,-0.5070737155621743,-0.4483128012854848,0.38661972752614154,0.00033407572383073496,0.5,-0.6862994847281206,0.5421528877292698,0.8572816099103716,0.3673054367933504,0.8591918429762616,0.025959231709341096
2021-12-15 05:40:00,0.09135285913528592,-0.019920318725099695,-0.5070737155621743,-0.4508123549366184,0.3649212809674,0.038418708240534526,0.5,-0.6862994847281206,0.5421528877292698,0.8572816099103716,0.3673054367933504,0.8591918429762616,0.0
2021-12-15 05:50:00,0.09065550906555091,0.12350597609561742,-0.5043931496649292,-0.4879485806106052,0.3725903338524558,0.8342984409799555,0.5,-0.6862994847281206,0.5421528877292698,0.8572816099103716,0.3673054367933504,0.8591918429762616,0.0
2021-12-15 06:00:00,0.09623430962343095,-0.1394422310756973,-0.4877140729709606,-0.4565256204249242,0.3725903338524558,0.9975501113585746,0.5,-0.7394193160415352,0.535141534509365,0.8960133063523604,0.3464858056638805,0.9055290674896985,0.0
2021-12-15 06:10:00,0.10251046025104603,0.06772908366533859,-0.48920327624720783,-0.4368862703088734,0.3725903338524558,0.9975501113585746,0.5,-0.7394193160415352,0.535141534509365,0.8960133063523604,0.3464858056638805,0.9055290674896985,0.0
2021-12-15 06:20:00,0.10320781032078104,0.2749003984063745,-0.4948622486969473,-0.4443849312622745,0.3725903338524558,0.9975501113585746,0.5,-0.7394193160415352,0.535141534509365,0.8960133063523604,0.3464858056638805,0.9055290674896985,0.0
2021-12-15 06:30:00,0.10669456066945607,0.4820717131474104,-0.4951600893521967,-0.4525977504017139,0.3725903338524558,0.9975501113585746,0.5,-0.7394193160415352,0.535141534509365,0.8960133063523604,0.3464858056638805,0.9055290674896985,0.0
2021-12-15 06:40:00,0.1094839609483961,0.689243027888446,-0.4951600893521967,-0.4575968577039814,0.3725903338524558,0.9975501113585746,0.5,-0.7394193160415352,0.535141534509365,0.8960133063523604,0.3464858056638805,0.9055290674896985,0.0
2021-12-15 06:50:00,0.13668061366806136,0.8964143426294817,-0.49426656738644836,-0.46295304409926796,0.3725903338524558,0.9975501113585746,0.5,-0.7394193160415352,0.535141534509365,0.8960133063523604,0.3464858056638805,0.9055290674896985,0.0
2021-12-15 07:00:00,0.20292887029288703,0.7450199203187249,-0.4889054355919583,-0.47259417961078376,0.380534216277761,0.7661469933184856,0.5,-0.7426194782709625,0.5451844359452548,0.9151578005206228,0.3238261887222779,0.8872412332529238,0.006895303046305657
2021-12-15 07:10:00,0.21687587168758715,-0.17928286852589637,-0.46329113924050636,-0.428673451169434,0.39439347737891145,0.00011135857461024499,0.5,-0.7426194782709625,0.5451844359452548,0.9151578005206228,0.3238261887222779,0.8872412332529238,0.05827059160794846
2021-12-15 07:20:00,0.16945606694560672,0.298804780876494,-0.4367833209233061,-0.3747545081235494,0.39439347737891145,0.00011135857461024499,0.5,-0.7426194782709625,0.5451844359452548,0.9151578005206228,0.3238261887222779,0.8872412332529238,0.03283944656517344
2021-12-15 07:30:00,0.1680613668061367,-0.3466135458167332,-0.4260610573343262,-0.3394036779146581,0.39439347737891145,0.00011135857461024499,0.5,-0.7426194782709625,0.5451844359452548,0.9151578005206228,0.3238261887222779,0.8872412332529238,0.03579673189794348
2021-12-15 07:40:00,0.12343096234309624,0.1872509960159361,-0.4174236783320924,-0.31440814140332085,0.39439347737891145,0.00011135857461024499,0.5,-0.7426194782709625,0.5451844359452548,0.9151578005206228,0.3238261887222779,0.8872412332529238,0.009309413522036302
2021-12-15 07:50:00,0.11018131101813111,0.5776892430278884,-0.41295606850335087,-0.2865559721478307,0.3961340644671579,0.00011135857461024499,0.5,-0.7426194782709625,0.5451844359452548,0.9151578005206228,0.3238261887222779,0.8872412332529238,0.005069631999034356
2021-12-15 08:00:00,0.17294281729428174,0.05179282868525892,-0.40044676098287424,-0.26298875200856986,0.41087016267291365,0.00011135857461024499,0.5,-0.7527389723846426,0.5606927446861714,0.9496649380633481,0.35901804196985104,0.8781147425925738,0.04816150399082639
2021-12-15 08:10:00,0.2315202231520223,0.21912350597609564,-0.3912137006701416,-0.25834672379932155,0.39653976521704987,0.00011135857461024499,0.5,-0.7527389723846426,0.5606927446861714,0.9496649380633481,0.35901804196985104,0.8781147425925738,0.07559937836655249
2021-12-15 08:20:00,0.2105997210599721,0.1394422310756971,-0.38198064035740886,-0.26334583110158893,0.4081742157542762,0.00011135857461024499,0.5,-0.7527389723846426,0.5606927446861714,0.9496649380633481,0.35901804196985104,0.8781147425925738,0.08566320141225463
2021-12-15 08:30:00,0.22524407252440726,-0.003984063745020028,-0.3790022338049145,-0.26334583110158893,0.4083050869639188,0.00011135857461024499,0.5,-0.7527389723846426,0.5606927446861714,0.9496649380633481,0.35901804196985104,0.8781147425925738,0.1054664514084826
2021-12-15 08:40:00,0.25592747559274753,0.17131474103585642,-0.3754281459419212,-0.26334583110158893,0.4083050869639188,0.00011135857461024499,0.5,-0.7527389723846426,0.5606927446861714,0.9496649380633481,0.35901804196985104,0.8781147425925738,0.12351192721456916
2021-12-15 08:50:00,0.23640167364016737,-0.09960159362549814,-0.36887565152643353,-0.26334583110158893,0.4083050869639188,0.00011135857461024499,0.5,-0.7527389723846426,0.5606927446861714,0.9496649380633481,0.35901804196985104,0.8781147425925738,0.11599800835885751
2021-12-15 09:00:00,0.24198047419804744,-0.4661354581673308,-0.3673864482501863,-0.25691840742724503,0.40680006805302904,0.00011135857461024499,0.5,-0.7651557939486155,0.580534299597424,0.9684477583511222,0.3603856002141133,0.870652277773403,0.12411545483350182
2021-12-15 09:10:00,0.25592747559274753,0.2111553784860556,-0.36291883842144457,-0.2526334583110159,0.40397324992474903,0.00011135857461024499,0.5,-0.7651557939486155,0.580534299597424,0.9684477583511222,0.3603856002141133,0.870652277773403,0.12457564464293797
2021-12-15 09:20:00,0.2907949790794979,0.01195219123505975,-0.36232315711094576,-0.25370469559007325,0.4083050869639188,0.00011135857461024499,0.5,-0.7651557939486155,0.580534299597424,0.9684477583511222,0.3603856002141133,0.870652277773403,0.16727522368242376
2021-12-15 09:30:00,0.25732217573221755,0.11553784860557759,-0.4338049143708117,-0.3179789323335118,0.4083050869639188,0.00011135857461024499,0.5,-0.7651557939486155,0.580534299597424,0.9684477583511222,0.3603856002141133,0.870652277773403,0.11355372150218025
2021-12-15 09:40:00,0.2524407252440725,-0.2270916334661356,-0.46656738644825024,-0.37796821996072116,0.4083050869639188,0.00011135857461024499,0.5,-0.7651557939486155,0.580534299597424,0.9684477583511222,0.3603856002141133,0.870652277773403,0.10901217616971197
2021-12-15 09:50:00,0.15690376569037656,-0.21115537848605592,-0.47758749069247963,-0.3936797000535618,0.4083050869639188,0.00011135857461024499,0.5,-0.7651557939486155,0.580534299597424,0.9684477583511222,0.3603856002141133,0.870652277773403,0.04782201970517676
2021-12-15 10:00:00,0.12761506276150628,-0.003984063745020028,-0.4877140729709606,-0.3954650955186574,0.4083050869639188,0.00044543429844097997,0.5,-0.5904663529030363,0.5923501538762159,0.8725064063324887,0.3219273472318975,0.8481393796956925,0.016008570092188843
2021-12-15 10:10:00,0.07601115760111576,0.2828685258964143,-0.5070737155621743,-0.42153186930905195,0.4083050869639188,0.24710467706013364,0.5,-0.5904663529030363,0.5923501538762159,0.8725064063324887,0.3219273472318975,0.8481393796956925,0.0
2021-12-15 10:20:00,0.0885634588563459,0.23705179282868505,-0.496053611317945,-0.43617211212283513,0.4083050869639188,0.9996659242761693,0.5,-0.5904663529030363,0.5923501538762159,0.8725064063324887,0.3219273472318975,0.8481393796956925,0.0
2021-12-15 10:30:00,0.11436541143654114,0.191235059760956,-0.46329113924050636,-0.3868951972861988,0.4083050869639188,0.9996659242761693,0.5,-0.5904663529030363,0.5923501538762159,0.8725064063324887,0.3219273472318975,0.8481393796956925,0.0
2021-12-15 10:40:00,0.18200836820083682,0.14541832669322696,-0.4492926284437827,-0.36404213533297614,0.40636819306120847,0.9996659242761693,0.5,-0.5904663529030363,0.5923501538762159,0.8725064063324887,0.3219273472318975,0.8481393796956925,0.0
2021-12-15 10:50:00,0.15620641562064158,0.09960159362549792,-0.44035740878629936,-0.3547580789144795,0.33868160343406056,0.17171492204899777,0.5,-0.5904663529030363,0.5923501538762159,0.8725064063324887,0.3219273472318975,0.8481393796956925,0.010961570378864463
2021-12-15 11:00:00,0.14504881450488147,0.5697211155378485,-0.4141474311243486,-0.30298161042670946,0.3533130046721022,0.00011135857461024499,0.5,-0.5499373795745013,0.6003413724436579,0.7834217671624212,0.30696579986239947,0.7910685390644554,0.019840970472411245
2021-12-15 11:10:00,0.15481171548117156,-0.4820717131474104,-0.3983618763961282,-0.25977504017139796,0.3550405046393844,0.00011135857461024499,0.5,-0.5499373795745013,0.6003413724436579,0.7834217671624212,0.30696579986239947,0.7910685390644554,0.04031564494470178
2021-12-15 11:20:00,0.17433751743375175,0.19521912350597592,-0.3876396128071483,-0.23585074093911806,0.34735836463336434,0.00011135857461024499,0.5,-0.5499373795745013,0.6003413724436579,0.7834217671624212,0.30696579986239947,0.7910685390644554,0.04681865503870121
2021-12-15 11:30:00,0.15829846582984658,0.20318725099601576,-0.371258376768429,-0.21692554900910554,0.34735836463336434,0.00011135857461024499,0.5,-0.5499373795745013,0.6003413724436579,0.7834217671624212,0.30696579986239947,0.7910685390644554,0.034401074279161704
2021-12-15 11:40:00,0.1596931659693166,0.5139442231075697,-0.3572598659717052,-0.19692911980003558,0.3473845388752928,0.00022271714922048998,0.5,-0.5499373795745013,0.6003413724436579,0.7834217671624212,0.30696579986239947,0.7910685390644554,0.03232644808908068
2021-12-15 11:50:00,0.16596931659693165,0.2350597609561753,-0.33909158600148936,-0.18121763970719518,0.36349478478229574,0.00022271714922048998,0.5,-0.5499373795745013,0.6003413724436579,0.7834217671624212,0.30696579986239947,0.7910685390644554,0.04213377189673643
2021-12-15 12:00:00,0.16736401673640167,-0.29083665338645437,-0.3295606850335072,-0.16657739689341178,0.3638219628064022,0.00033407572383073496,0.5,-0.5140111325942067,0.5990799035651585,0.6903229537241313,0.41672205653502975,0.750408065645677,0.050862290085550044
2021-12-15 12:10:00,0.2315202231520223,-0.003984063745020028,-0.3215189873417723,-0.1597928941260488,0.3646464514271505,0.00022271714922048998,0.5,-0.5140111325942067,0.5990799035651585,0.6903229537241313,0.41672205653502975,0.750408065645677,0.1016491392187335
2021-12-15 12:20:00,0.2510460251046025,0.2589641434262948,-0.3030528667163068,-0.1597928941260488,0.3776419625446598,0.00033407572383073496,0.5,-0.5140111325942067,0.5990799035651585,0.6903229537241313,0.41672205653502975,0.750408065645677,0.11472305626386227
2021-12-15 12:30:00,0.24686192468619247,0.10756972111553775,-0.28786299329858545,-0.15729334047491517,0.3776419625446598,0.000556792873051225,0.5,-0.5140111325942067,0.5990799035651585,0.6903229537241313,0.41672205653502975,0.750408065645677,0.10980430616956109
2021-12-15 12:40:00,0.2482566248256625,-0.059760956175298974,-0.28458674609084145,-0.15372254954472397,0.3673685725877165,0.00044543429844097997,0.5,-0.5140111325942067,0.5990799035651585,0.6903229537241313,0.41672205653502975,0.750408065645677,0.12423616035728836
2021-12-15 12:50:00,0.25662482566248257,-0.12350597609561753,-0.3408786299329859,-0.22478128905552575,0.36450249309654364,0.00033407572383073496,0.5,-0.5140111325942067,0.5990799035651585,0.6903229537241313,0.41672205653502975,0.750408065645677,0.122455753881437
2021-12-15 13:00:00,0.23430962343096234,-0.12350597609561753,-0.3599404318689502,-0.2769148366363149,0.35073484184214315,0.00033407572383073496,0.5,-0.37760630213296353,0.5971316668917586,0.5266374968819578,0.49773612917415133,0.7592338564009914,0.112874752930881
2021-12-15 13:10:00,0.24476987447698745,0.003984063745019917,-0.36619508562918845,-0.3004820567755758,0.3470050123673293,0.00111358574610245,0.5,-0.37760630213296353,0.5971316668917586,0.5266374968819578,0.49773612917415133,0.7592338564009914,0.11881949997736772
2021-12-15 13:20:00,0.3284518828451883,-0.1633466135458168,-0.3670886075949368,-0.3069094804499196,0.35374487966392276,0.03418708240534521,0.5,-0.37760630213296353,0.5971316668917586,0.5266374968819578,0.49773612917415133,0.7592338564009914,0.16570605187319887
2021-12-15 13:30:00,0.35704323570432356,-0.06772908366533881,-0.3650037230081906,-0.31262274593822525,0.3531559592205311,0.05612472160356348,0.5,-0.37760630213296353,0.5971316668917586,0.5266374968819578,0.49773612917415133,0.7592338564009914,0.1718243131101287
2021-12-15 13:40:00,0.32566248256624825,0.36254980079681287,-0.3602382725241997,-0.3136939832172826,0.34864090248786167,0.5346325167037862,0.5,-0.37760630213296353,0.5971316668917586,0.5266374968819578,0.49773612917415133,0.7592338564009914,0.08101603874647313
2021-12-15 13:50:00,0.32496513249651326,0.12616201859229736,-0.3340282948622487,-0.2676307802178183,0.34864090248786167,0.9995545657015591,0.5,-0.37760630213296353,0.5971316668917586,0.5266374968819578,0.49773612917415133,0.7592338564009914,0.0
2021-12-15 14:00:00,0.3096234309623431,-0.11022576361221792,-0.3107967237527923,-0.2301374754508122,0.3500804857939302,0.9995545657015591,0.5,-0.35610106386349516,0.5756177318272353,0.48222478133123636,0.5431295429098946,0.7706351011499868,0.0
2021-12-15 14:10:00,0.35355648535564854,-0.3466135458167332,-0.2890543559195832,-0.21549723263702913,0.3643061862820798,0.07817371937639198,0.5,-0.35610106386349516,0.5756177318272353,0.48222478133123636,0.5431295429098946,0.7706351011499868,0.19684053291488754
2021-12-15 14:20:00,0.3898186889818689,0.08366533864541825,-0.29203276247207755,-0.22478128905552575,0.357697190195129,0.025501113585746103,0.5,-0.35610106386349516,0.5756177318272353,0.48222478133123636,0.5431295429098946,0.7706351011499868,0.2753670202332634
2021-12-15 14:30:00,0.39191073919107394,-0.6175298804780878,-0.30841399851079676,-0.26298875200856986,0.36594207640261217,0.7873051224944321,0.5,-0.35610106386349516,0.5756177318272353,0.48222478133123636,0.5431295429098946,0.7706351011499868,0.05391764865639664
2021-12-15 14:40:00,0.4330543933054393,-0.7290836653386454,-0.2833953834698437,-0.24763435100874842,0.36594207640261217,0.9986636971046772,0.5,-0.35610106386349516,0.5756177318272353,0.48222478133123636,0.5431295429098946,0.7706351011499868,0.0
2021-12-15 14:50:00,0.4177126917712692,-0.6334661354581674,-0.2628443782576322,-0.23335118728798432,0.36594207640261217,0.9986636971046772,0.5,-0.35610106386349516,0.5756177318272353,0.48222478133123636,0.5431295429098946,0.7706351011499868,0.0
2021-12-15 15:00:00,0.45258019525801957,-0.5378486055776892,-0.24497393894266584,-0.2319228709159079,0.36594207640261217,0.9986636971046772,0.5,-0.3408006342423495,0.5652616183007808,0.4566835291406809,0.5806000421091674,0.7679600923251713,0.0
2021-12-15 15:10:00,0.5320781032078103,-0.4422310756972112,-0.2354430379746837,-0.23727905731119447,0.36594207640261217,0.9986636971046772,0.5,-0.3408006342423495,0.5652616183007808,0.4566835291406809,0.5806000421091674,0.7679600923251713,0.0
2021-12-15 15:20:00,0.5460251046025105,-0.3466135458167332,-0.22680565897244986,-0.24549187645063375,0.36594207640261217,0.9986636971046772,0.5,-0.3408006342423495,0.5652616183007808,0.4566835291406809,0.5806000421091674,0.7679600923251713,0.0
2021-12-15 15:30:00,0.4867503486750349,-0.2509960159362551,-0.22472077438570381,-0.2544188537761113,0.36594207640261217,0.9986636971046772,0.5,-0.3408006342423495,0.5652616183007808,0.4566835291406809,0.5806000421091674,0.7679600923251713,0.0
2021-12-15 15:40:00,0.49302649930264997,-0.38645418326693237,-0.2244229337304543,-0.25870380289234074,0.36657025820889666,0.9986636971046772,0.5,-0.3408006342423495,0.5652616183007808,0.4566835291406809,0.5806000421091674,0.7679600923251713,0.0
2021-12-15 15:50:00,0.5697350069735007,-0.9123505976095618,-0.22293373045420706,-0.2654883056597036,0.36764340212796587,0.9986636971046772,0.5,-0.3408006342423495,0.5652616183007808,0.4566835291406809,0.5806000421091674,0.7679600923251713,0.0
2021-12-15 16:00:00,0.47698744769874474,-0.553784860557769,-0.2202531645569621,-0.2740582038921622,0.36764340212796587,0.9986636971046772,0.5,-0.311518989748261,0.56711215578997,0.42750397974423365,0.609520583257956,0.7623151408902026,0.0
2021-12-15 16:10:00,0.5599721059972106,-0.4422310756972112,-0.22233804914370825,-0.2787002321014105,0.36764340212796587,0.9986636971046772,0.5,-0.311518989748261,0.56711215578997,0.42750397974423365,0.609520583257956,0.7623151408902026,0.0
2021-12-15 16:20:00,0.5425383542538355,-0.31474103585657376,-0.22531645569620262,-0.2861988930548115,0.366033686249362,0.9152561247216036,0.5,-0.311518989748261,0.56711215578997,0.42750397974423365,0.609520583257956,0.7623151408902026,0.006631259713022617
2021-12-15 16:30:00,0.5320781032078103,-0.019920318725099695,-0.23037974683544316,-0.26584538475272257,0.3629974741856539,0.03229398663697105,0.5,-0.311518989748261,0.56711215578997,0.42750397974423365,0.609520583257956,0.7623151408902026,0.5483501063717429
2021-12-15 16:40:00,0.5195258019525802,-0.019920318725099695,-0.24973938942665685,-0.25013390465988217,0.36764340212796587,0.0089086859688196,0.5,-0.311518989748261,0.56711215578997,0.42750397974423365,0.609520583257956,0.7623151408902026,0.5870437708405631
2021-12-15 16:50:00,0.5244072524407252,-0.2509960159362551,-0.28518242740134037,-0.27262988752008577,0.36785279606339405,0.26492204899777283,0.5,-0.311518989748261,0.56711215578997,0.42750397974423365,0.609520583257956,0.7623151408902026,0.29560782775321753
2021-12-15 17:00:00,0.49721059972105996,-0.19521912350597614,-0.2970960536113181,-0.2844134975897161,0.3674732695554305,0.23207126948775056,0.5,-0.31512932827211326,0.5773619496159558,0.41674075781837605,0.5850961277235135,0.7481344989036399,0.3726330401194985
2021-12-15 17:10:00,0.45746164574616455,0.1872509960159361,-0.302457185405808,-0.2847705766827352,0.3719359778042429,0.0010022271714922048,0.5,-0.31512932827211326,0.5773619496159558,0.41674075781837605,0.5850961277235135,0.7481344989036399,0.47488570695716464
2021-12-15 17:20:00,0.5034867503486751,-0.02788844621513953,-0.30811615785554747,-0.2883413676129263,0.37686982240776856,0.0006681514476614699,0.5,-0.31512932827211326,0.5773619496159558,0.41674075781837605,0.5850961277235135,0.7481344989036399,0.5556301582751181
2021-12-15 17:30:00,0.4630404463040446,-0.17928286852589637,-0.3104988830975429,-0.2883413676129263,0.37333629974741855,0.00044543429844097997,0.5,-0.31512932827211326,0.5773619496159558,0.41674075781837605,0.5850961277235135,0.7481344989036399,0.48439881105059074
2021-12-15 17:40:00,0.4372384937238493,-0.01195219123505975,-0.31198808637379016,-0.28905552579896443,0.3715041028124223,0.00033407572383073496,0.5,-0.31512932827211326,0.5773619496159558,0.41674075781837605,0.5850961277235135,0.7481344989036399,0.4156494711589239
2021-12-15 17:50:00,0.4281729428172943,0.22709163346613526,-0.3164556962025318,-0.2883413676129263,0.36764340212796587,0.00033407572383073496,0.5,-0.31512932827211326,0.5773619496159558,0.41674075781837605,0.5850961277235135,0.7481344989036399,0.41153793925494514
2021-12-15 18:00:00,0.4170153417015342,0.07569721115537842,-0.31913626209977675,-0.2894126048919836,0.3697766028451401,0.00033407572383073496,0.5,-0.4336148111731516,0.5768993152436585,0.5515365623506367,0.4292777266225699,0.7128074225049512,0.3967515125910949
2021-12-15 18:10:00,0.43235704323570434,0.1633466135458166,-0.32300819061801955,-0.29369755400821274,0.36764340212796587,0.00033407572383073496,0.5,-0.4336148111731516,0.5768993152436585,0.5515365623506367,0.4292777266225699,0.7128074225049512,0.4399716342019102
2021-12-15 18:20:00,0.4288702928870293,0.21912350597609564,-0.32688011913626225,-0.2979825031244421,0.36764340212796587,0.00033407572383073496,0.5,-0.4336148111731516,0.5768993152436585,0.5515365623506367,0.4292777266225699,0.7128074225049512,0.4212245575388144
2021-12-15 18:30:00,0.43584379358437936,0.21912350597609564,-0.330156366344006,-0.30298161042670946,0.37480205729541555,0.00033407572383073496,0.5,-0.4336148111731516,0.5768993152436585,0.5515365623506367,0.4292777266225699,0.7128074225049512,0.4200250463961857
2021-12-15 18:40:00,0.43165969316596936,-0.043824701195219196,-0.33432613551749824,-0.30619532226388146,0.3788590647943359,0.00033407572383073496,0.5,-0.4336148111731516,0.5768993152436585,0.5515365623506367,0.4292777266225699,0.7128074225049512,0.42975692925147485
2021-12-15 18:50:00,0.3891213389121339,-0.24302788844621515,-0.3373045420699926,-0.30619532226388146,0.3788590647943359,0.00033407572383073496,0.5,-0.4336148111731516,0.5768993152436585,0.5515365623506367,0.4292777266225699,0.7128074225049512,0.3256333267951175
2021-12-15 19:00:00,0.34309623430962344,0.08366533864541825,-0.34236783320923314,-0.31405106231030167,0.3712685346350656,0.00033407572383073496,0.5,-0.46235700279799075,0.6206800437922224,0.5800353735316351,0.42737728490867954,0.7182770078753544,0.25536762376088235
2021-12-15 19:10:00,0.31450488145048816,0.4661354581673305,-0.3480268056589725,-0.32690590965898936,0.36764340212796587,0.00022271714922048998,0.5,-0.46235700279799075,0.6206800437922224,0.5800353735316351,0.42737728490867954,0.7182770078753544,0.2200688021485583
2021-12-15 19:20:00,0.38633193863319387,0.394422310756972,-0.3492181682799703,-0.33369041242635245,0.37346717095706117,0.00033407572383073496,0.5,-0.46235700279799075,0.6206800437922224,0.5800353735316351,0.42737728490867954,0.7182770078753544,0.3023145284186068
2021-12-15 19:30:00,0.4086471408647141,0.4183266932270917,-0.3492181682799703,-0.3279771469380467,0.38090065566476033,0.00022271714922048998,0.5,-0.46235700279799075,0.6206800437922224,0.5800353735316351,0.42737728490867954,0.7182770078753544,0.3246752267000619
2021-12-15 19:40:00,0.3891213389121339,0.3306772908366533,-0.3492181682799703,-0.33369041242635245,0.38994385625106337,0.00022271714922048998,0.5,-0.46235700279799075,0.6206800437922224,0.5800353735316351,0.42737728490867954,0.7182770078753544,0.28297146823181496
2021-12-15 19:50:00,0.31311018131101814,0.22709163346613526,-0.3492181682799703,-0.3379753615425817,0.3980840454908325,0.00033407572383073496,0.5,-0.46235700279799075,0.6206800437922224,0.5800353735316351,0.42737728490867954,0.7182770078753544,0.1749173921571586
2021-12-15 20:00:00,0.20013947001394702,0.1394422310756971,-0.34981384959046924,-0.34475986430994454,0.40338432948135744,0.00033407572383073496,0.5,-0.47956896468341415,0.6433232664860197,0.5989150798098347,0.41865013600750745,0.7430538055318672,0.09184935950631441
2021-12-15 20:10:00,0.2705718270571827,0.5059760956175297,-0.3521965748324647,-0.3472594179610783,0.40515109081153244,0.00033407572383073496,0.5,-0.47956896468341415,0.6433232664860197,0.5989150798098347,0.41865013600750745,0.7430538055318672,0.14878464625737436
2021-12-15 20:20:00,0.2907949790794979,-0.298804780876494,-0.35040953090096805,-0.35118728798428844,0.4172305034615435,0.000779510022271715,0.5,-0.47956896468341415,0.6433232664860197,0.5989150798098347,0.41865013600750745,0.7430538055318672,0.16565324320654226
2021-12-15 20:30:00,0.29358437935843795,-0.31474103585657376,-0.3492181682799703,-0.3501160507052312,0.4076899922785986,0.000779510022271715,0.5,-0.47956896468341415,0.6433232664860197,0.5989150798098347,0.41865013600750745,0.7430538055318672,0.16664906377778113
2021-12-15 20:40:00,0.2894002789400279,-0.03585657370517936,-0.3516008935219658,-0.3501160507052312,0.40330580675557187,0.00033407572383073496,0.5,-0.47956896468341415,0.6433232664860197,0.5989150798098347,0.41865013600750745,0.7430538055318672,0.15604960997027625
2021-12-15 20:50:00,0.34239888423988846,-0.14741035856573714,-0.35100521221146697,-0.3504731297982504,0.40330580675557187,0.00022271714922048998,0.5,-0.47956896468341415,0.6433232664860197,0.5989150798098347,0.41865013600750745,0.7430538055318672,0.22593810824267846
2021-12-15 21:00:00,0.39609483960948394,-0.01195219123505975,-0.34981384959046924,-0.34261738975183,0.3937914698145555,0.00022271714922048998,0.5,-0.4961701647942799,0.6539609835434363,0.6257958695879062,0.39517124983285823,0.7814949839242091,0.28897656804019495
2021-12-15 21:10:00,0.36192468619246865,0.5378486055776892,-0.3521965748324647,-0.34261738975183,0.3920639698472733,0.00022271714922048998,0.5,-0.4961701647942799,0.6539609835434363,0.6257958695879062,0.39517124983285823,0.7814949839242091,0.23326342471747363
2021-12-15 21:20:00,0.2914923291492329,0.043824701195219085,-0.3563663440059569,-0.35118728798428844,0.4030440643362867,0.00022271714922048998,0.5,-0.4961701647942799,0.6539609835434363,0.6257958695879062,0.39517124983285823,0.7814949839242091,0.16965915777720778
2021-12-15 21:30:00,0.28451882845188287,0.21912350597609564,-0.36172747580044684,-0.3579717907516514,0.40333198099750034,0.00022271714922048998,0.5,-0.4961701647942799,0.6539609835434363,0.6257958695879062,0.39517124983285823,0.7814949839242091,0.17138675558640254
2021-12-15 21:40:00,0.36750348675034866,-0.42629482071713154,-0.3670886075949368,-0.35582931619353686,0.40333198099750034,0.00022271714922048998,0.5,-0.4961701647942799,0.6539609835434363,0.6257958695879062,0.39517124983285823,0.7814949839242091,0.2352399776694781
2021-12-15 21:50:00,0.39191073919107394,0.15537848605577675,-0.3644080416976918,-0.34975897161221203,0.39330724633887787,0.00022271714922048998,0.5,-0.4961701647942799,0.6539609835434363,0.6257958695879062,0.39517124983285823,0.7814949839242091,0.28815426165939917
2021-12-15 22:00:00,0.43654114365411434,0.4820717131474104,-0.3644080416976918,-0.34975897161221203,0.3921163183311303,0.00022271714922048998,0.5,-0.57127775352267,0.6756358349113667,0.7212237512201104,0.37095454308957615,0.8261434211540114,0.36575282526366615
2021-12-15 22:10:00,0.4435146443514645,0.05976095617529875,-0.3670886075949368,-0.3469023388680593,0.3974427765635838,0.00033407572383073496,0.5,-0.57127775352267,0.6756358349113667,0.7212237512201104,0.37095454308957615,0.8261434211540114,0.3683857145012599
2021-12-15 22:20:00,0.4260808926080893,-0.17928286852589637,-0.3691734921816828,-0.3440457061239065,0.39218175393595167,0.00022271714922048998,0.5,-0.57127775352267,0.6756358349113667,0.7212237512201104,0.37095454308957615,0.8261434211540114,0.33599891365028595
2021-12-15 22:30:00,0.3451882845188285,-0.01195219123505975,-0.37274758004467623,-0.33976075700767716,0.38291607229325625,0.00022271714922048998,0.5,-0.57127775352267,0.6756358349113667,0.7212237512201104,0.37095454308957615,0.8261434211540114,0.21951053910104565
2021-12-15 22:40:00,0.2831241283124128,0.33864541832669315,-0.3763216679076695,-0.3533297625424031,0.385886848752143,0.00033407572383073496,0.5,-0.57127775352267,0.6756358349113667,0.7212237512201104,0.37095454308957615,0.8261434211540114,0.13859257359264904
2021-12-15 22:50:00,0.25871687587168757,-0.043824701195219196,-0.3798957557706627,-0.3665416889841099,0.39458978419337526,0.00022271714922048998,0.5,-0.57127775352267,0.6756358349113667,0.7212237512201104,0.37095454308957615,0.8261434211540114,0.11520587835900842
2021-12-15 23:00:00,0.27405857740585776,-0.42629482071713154,-0.3825763216679078,-0.3729691126584538,0.36680582638625325,0.00022271714922048998,0.5,-0.6004596722792135,0.6823339760407111,0.7813508925241426,0.3550914551088358,0.8659661574911586,0.12244820978620034
2021-12-15 23:10:00,0.2196652719665272,0.07569721115537842,-0.3876396128071483,-0.3747545081235494,0.3656541597413985,0.00033407572383073496,0.5,-0.6004596722792135,0.6823339760407111,0.7813508925241426,0.3550914551088358,0.8659661574911586,0.09227182883956728
2021-12-15 23:20:00,0.14574616457461645,0.1394422310756971,-0.3938942665673866,-0.3772540617746831,0.3776157883027313,0.00022271714922048998,0.5,-0.6004596722792135,0.6823339760407111,0.7813508925241426,0.3550914551088358,0.8659661574911586,0.04968541122863135
2021-12-15 23:30:00,0.12203626220362622,-0.3227091633466136,-0.39687267311988095,-0.3776111408677022,0.37611076939184146,0.00011135857461024499,0.5,-0.6004596722792135,0.6823339760407111,0.7813508925241426,0.3550914551088358,0.8659661574911586,0.019886235043831194
2021-12-15 23:40:00,0.10808926080892609,-0.043824701195219196,-0.39776619508562927,-0.37546866630958753,0.3611521901296934,0.00022271714922048998,0.5,-0.6004596722792135,0.6823339760407111,0.7813508925241426,0.3550914551088358,0.8659661574911586,0.0021274348567376315
2021-12-15 23:50:00,0.0697350069735007,0.02716407098877216,-0.4025316455696203,-0.38153901089091236,0.3611521901296934,0.6994432071269489,0.5,-0.6004596722792135,0.6823339760407111,0.7813508925241426,0.3550914551088358,0.8659661574911586,0.0
2021-12-16 00:00:00,0.0697350069735007,0.0981528431727634,-0.3953834698436338,-0.37082663810033933,0.3611521901296934,0.9995545657015591,0.5,-0.6077699023721719,0.6889775205671171,0.8288189407545974,0.3438390540600248,0.883958040653587,0.0
2021-12-16 00:10:00,0.08298465829846582,0.16914161535675465,-0.39300074460163825,-0.3536868416354222,0.3611521901296934,0.9995545657015591,0.5,-0.6077699023721719,0.6889775205671171,0.8288189407545974,0.3438390540600248,0.883958040653587,0.0
2021-12-16 00:20:00,0.09135285913528592,0.2401303875407459,-0.3938942665673866,-0.3569005534725942,0.3611521901296934,0.9995545657015591,0.5,-0.6077699023721719,0.6889775205671171,0.8288189407545974,0.3438390540600248,0.883958040653587,0.0
2021-12-16 00:30:00,0.09902370990237098,0.31111915972473714,-0.3938942665673866,-0.36511337261203347,0.3611521901296934,0.9995545657015591,0.5,-0.6077699023721719,0.6889775205671171,0.8288189407545974,0.3438390540600248,0.883958040653587,0.0
2021-12-16 00:40:00,0.11297071129707113,0.3821079319087286,-0.3938942665673866,-0.37546866630958753,0.3611521901296934,0.9995545657015591,0.5,-0.6077699023721719,0.6889775205671171,0.8288189407545974,0.3438390540600248,0.883958040653587,0.0
2021-12-16 00:50:00,0.12273361227336123,0.45309670409271985,-0.3918093819806404,-0.38510980182110344,0.3611521901296934,0.9995545657015591,0.5,-0.6077699023721719,0.6889775205671171,0.8288189407545974,0.3438390540600248,0.883958040653587,0.0
2021-12-16 01:00:00,0.1492329149232915,0.5240854762767111,-0.3867460908413999,-0.39617925370469553,0.3611521901296934,0.9995545657015591,0.5,-0.6719639933387209,0.6935894967629992,0.8993017233912582,0.34114300291492716,0.8948279298726284,0.0
2021-12-16 01:10:00,0.09762900976290097,0.5950742484607023,-0.38912881608339545,-0.40403499375111596,0.3611521901296934,0.9995545657015591,0.5,-0.6719639933387209,0.6935894967629992,0.8993017233912582,0.34114300291492716,0.8948279298726284,0.0
2021-12-16 01:20:00,0.07182705718270573,0.6660630206446936,-0.39270290394638885,-0.4061774683092304,0.3611521901296934,0.9995545657015591,0.5,-0.6719639933387209,0.6935894967629992,0.8993017233912582,0.34114300291492716,0.8948279298726284,0.0
2021-12-16 01:30:00,0.10529986052998605,0.7370517928286848,-0.3879374534623977,-0.4093911801464024,0.3611521901296934,0.9995545657015591,0.5,-0.6719639933387209,0.6935894967629992,0.8993017233912582,0.34114300291492716,0.8948279298726284,0.0
2021-12-16 01:40:00,0.16736401673640167,-0.4900398406374503,-0.3873417721518988,-0.4097482592394215,0.3611521901296934,0.9995545657015591,0.5,-0.6719639933387209,0.6935894967629992,0.8993017233912582,0.34114300291492716,0.8948279298726284,0.0
2021-12-16 01:50:00,0.2629009762900976,0.09163346613545809,-0.3843633655994044,-0.4051062310301732,0.34714897069793615,0.30924276169265036,0.5,-0.6719639933387209,0.6935894967629992,0.8993017233912582,0.34114300291492716,0.8948279298726284,0.06005854217903647
2021-12-16 02:00:00,0.2684797768479777,-0.02788844621513953,-0.36232315711094576,-0.35118728798428844,0.36845480362774996,0.00022271714922048998,0.5,-0.6801058493647738,0.7013393408753265,0.9081250696685093,0.3383227943152402,0.9026807280119503,0.10944218959820148
2021-12-16 02:10:00,0.20920502092050208,-0.1872509960159363,-0.3513030528667165,-0.31619353686841634,0.36185889466176335,0.00033407572383073496,0.5,-0.6801058493647738,0.7013393408753265,0.9081250696685093,0.3383227943152402,0.9026807280119503,0.06467552846387133
2021-12-16 02:20:00,0.1799163179916318,0.1394422310756971,-0.34266567386448255,-0.2883413676129263,0.36185889466176335,0.00033407572383073496,0.5,-0.6801058493647738,0.7013393408753265,0.9081250696685093,0.3383227943152402,0.9026807280119503,0.0490064426573321
2021-12-16 02:30:00,0.2085076708507671,0.21912350597609564,-0.33521965748324656,-0.2676307802178183,0.36185889466176335,0.00022271714922048998,0.5,-0.6801058493647738,0.7013393408753265,0.9081250696685093,0.3383227943152402,0.9026807280119503,0.07188768351011664
2021-12-16 02:40:00,0.14225941422594143,0.2350597609561753,-0.3340282948622487,-0.2547759328691306,0.37179201947363605,0.00022271714922048998,0.5,-0.6801058493647738,0.7013393408753265,0.9081250696685093,0.3383227943152402,0.9026807280119503,0.029105119423027594
2021-12-16 02:50:00,0.15132496513249652,-0.4661354581673308,-0.33075204765450494,-0.2351365827530797,0.3669890460797529,0.00022271714922048998,0.5,-0.6801058493647738,0.7013393408753265,0.9081250696685093,0.3383227943152402,0.9026807280119503,0.0358646287550734
2021-12-16 03:00:00,0.12343096234309624,0.019920318725099362,-0.33462397617274764,-0.21835386538118184,0.3484053343105051,0.00022271714922048998,0.5,-0.6885235020877367,0.7021180608436047,0.9105337771320403,0.34621991541852465,0.9100220140091,0.012372316188119558
2021-12-16 03:10:00,0.13668061366806136,0.49003984063745,-0.3298585256887566,-0.19550080342795917,0.3454999934564395,0.00022271714922048998,0.5,-0.6885235020877367,0.7021180608436047,0.9105337771320403,0.34621991541852465,0.9100220140091,0.010373130950405119
2021-12-16 03:20:00,0.15411436541143653,0.5537848605577689,-0.32658227848101273,-0.17800392787002317,0.3454999934564395,0.00022271714922048998,0.5,-0.6885235020877367,0.7021180608436047,0.9105337771320403,0.34621991541852465,0.9100220140091,0.015902952758875627
2021-12-16 03:30:00,0.11018131101813111,0.15537848605577675,-0.3247952345495161,-0.1680057132654883,0.36003978484773136,0.00022271714922048998,0.5,-0.6885235020877367,0.7021180608436047,0.9105337771320403,0.34621991541852465,0.9100220140091,0.0008298504760324095
2021-12-16 03:40:00,0.0808926080892608,0.6653386454183265,-0.3364110201042444,-0.17479021603285128,0.3619112431456204,0.6143652561247216,0.5,-0.6885235020877367,0.7021180608436047,0.9105337771320403,0.34621991541852465,0.9100220140091,0.0
2021-12-16 03:50:00,0.08926080892608089,0.6792828685258965,-0.37036485480268055,-0.1997857525441885,0.3619112431456204,0.9995545657015591,0.5,-0.6885235020877367,0.7021180608436047,0.9105337771320403,0.34621991541852465,0.9100220140091,0.0
2021-12-16 04:00:00,0.10808926080892609,0.693227091633466,-0.3909158600148921,-0.2272808427066595,0.3619112431456204,0.9995545657015591,0.5,-0.7309446628886511,0.7133247319737832,0.9387670395382344,0.346978493688733,0.9221728037461321,0.0
2021-12-16 04:10:00,0.09693165969316596,0.7071713147410355,-0.40074460163812375,-0.25334761649705406,0.3619112431456204,0.9995545657015591,0.5,-0.7309446628886511,0.7133247319737832,0.9387670395382344,0.346978493688733,0.9221728037461321,0.0
2021-12-16 04:20:00,0.08507670850767085,0.5806772908366531,-0.40402084884586753,-0.27620067845027674,0.3619112431456204,0.9995545657015591,0.5,-0.7309446628886511,0.7133247319737832,0.9387670395382344,0.346978493688733,0.9221728037461321,0.0
2021-12-16 04:30:00,0.08926080892608089,0.45418326693227073,-0.4058078927773642,-0.2944117121942511,0.3619112431456204,0.9995545657015591,0.5,-0.7309446628886511,0.7133247319737832,0.9387670395382344,0.346978493688733,0.9221728037461321,0.0
2021-12-16 04:40:00,0.10460251046025104,0.3276892430278884,-0.4061057334326137,-0.3122656668452063,0.3619112431456204,0.9995545657015591,0.5,-0.7309446628886511,0.7133247319737832,0.9387670395382344,0.346978493688733,0.9221728037461321,0.0
2021-12-16 04:50:00,0.11436541143654114,0.20119521912350602,-0.414445271779598,-0.3279771469380467,0.3619112431456204,0.9995545657015591,0.5,-0.7309446628886511,0.7133247319737832,0.9387670395382344,0.346978493688733,0.9221728037461321,0.0
2021-12-16 05:00:00,0.18549511854951187,0.07470119521912344,-0.41980640357408805,-0.3454740224959829,0.3619112431456204,0.9995545657015591,0.5,-0.7295369623940582,0.7162873160597348,0.9371958125469134,0.3492038440608212,0.9304362870989549,0.0
2021-12-16 05:10:00,0.15202231520223153,-0.05179282868525903,-0.4141474311243486,-0.35904302803070876,0.41160304144691207,0.30256124721603567,0.5,-0.7295369623940582,0.7162873160597348,0.9371958125469134,0.3492038440608212,0.9304362870989549,0.0
2021-12-16 05:20:00,0.11297071129707113,0.01195219123505975,-0.3956813104988832,-0.35618639528655593,0.39534883720930236,0.7494432071269488,0.5,-0.7295369623940582,0.7162873160597348,0.9371958125469134,0.3492038440608212,0.9304362870989549,0.0
2021-12-16 05:30:00,0.14714086471408647,-0.19521912350597614,-0.40461653015636645,-0.3490448134261739,0.39516561751580276,0.99543429844098,0.5,-0.7295369623940582,0.7162873160597348,0.9371958125469134,0.3492038440608212,0.9304362870989549,0.0
2021-12-16 05:40:00,0.18758716875871687,0.3067729083665336,-0.4102755026061059,-0.35440099982146045,0.39546662129798066,0.949554565701559,0.5,-0.7295369623940582,0.7162873160597348,0.9371958125469134,0.3492038440608212,0.9304362870989549,0.0
2021-12-16 05:50:00,0.2482566248256625,0.29083665338645415,-0.39687267311988095,-0.3436886270308872,0.41636675347790236,0.009242761692650333,0.5,-0.7295369623940582,0.7162873160597348,0.9371958125469134,0.3492038440608212,0.9304362870989549,0.0808953332226866
2021-12-16 06:00:00,0.27266387726638774,-0.49800796812749004,-0.36976917349218186,-0.30976611319407255,0.4254753896690267,0.00011135857461024499,0.5,-0.7660891801577134,0.7287439620467425,0.9545929349061836,0.35573168916579323,0.955591376497039,0.1445825852105557
2021-12-16 06:10:00,0.2601115760111576,0.14741035856573692,-0.3554728220402086,-0.287627209426888,0.4141681171559069,0.00011135857461024499,0.5,-0.7660891801577134,0.7287439620467425,0.9545929349061836,0.35573168916579323,0.955591376497039,0.11718243131101289
2021-12-16 06:20:00,0.2412831241283124,0.4501992031872508,-0.33819806403574093,-0.270130333868952,0.4172435905825078,0.00011135857461024499,0.5,-0.7660891801577134,0.7287439620467425,0.9545929349061836,0.35573168916579323,0.955591376497039,0.09196252093486429
2021-12-16 06:30:00,0.22454672245467225,-0.4661354581673308,-0.3340282948622487,-0.26013211926441704,0.42539686694324114,0.00011135857461024499,0.5,-0.7660891801577134,0.7287439620467425,0.9545929349061836,0.35573168916579323,0.955591376497039,0.09319220845843958
2021-12-16 06:40:00,0.1304044630404463,0.11553784860557759,-0.32688011913626225,-0.24906266738082483,0.41537213228461867,0.00011135857461024499,0.5,-0.7660891801577134,0.7287439620467425,0.9545929349061836,0.35573168916579323,0.955591376497039,0.02090468790078006
2021-12-16 06:50:00,0.14644351464435149,0.3067729083665336,-0.32360387192851836,-0.2319228709159079,0.4360105220452552,0.00011135857461024499,0.5,-0.7660891801577134,0.7287439620467425,0.9545929349061836,0.35573168916579323,0.955591376497039,0.031179745613108618
2021-12-16 07:00:00,0.16666666666666669,-0.2828685258964144,-0.32628443782576333,-0.22121049812533466,0.4347410713117221,0.00011135857461024499,0.5,-0.7631618128471431,0.7308444945072958,0.9431261482226303,0.3361869660516019,0.9669581926403438,0.03366175294596919
2021-12-16 07:10:00,0.12761506276150628,-0.40239043824701204,-0.32688011913626225,-0.21835386538118184,0.42533143133841983,0.00011135857461024499,0.5,-0.7631618128471431,0.7308444945072958,0.9431261482226303,0.3361869660516019,0.9669581926403438,0.013594459616458198
2021-12-16 07:20:00,0.14504881450488147,-0.17131474103585675,-0.32300819061801955,-0.201571148009284,0.42533143133841983,0.00011135857461024499,0.5,-0.7631618128471431,0.7308444945072958,0.9431261482226303,0.3361869660516019,0.9669581926403438,0.01594821733029558
2021-12-16 07:30:00,0.1304044630404463,-0.36254980079681276,-0.31943410275502615,-0.1887163006605963,0.42533143133841983,0.00011135857461024499,0.5,-0.7631618128471431,0.7308444945072958,0.9431261482226303,0.3361869660516019,0.9669581926403438,0.003892753142115666
2021-12-16 07:40:00,0.10739191073919108,-0.33864541832669326,-0.32390171258376776,-0.17978932333511877,0.41041211343916456,0.00757238307349666,0.5,-0.7631618128471431,0.7308444945072958,0.9431261482226303,0.3361869660516019,0.9669581926403438,0.0
2021-12-16 07:50:00,0.0794979079497908,-0.35856573705179284,-0.34594192107222654,-0.201571148009284,0.4088809202863462,0.9494432071269489,0.5,-0.7631618128471431,0.7308444945072958,0.9431261482226303,0.3361869660516019,0.9669581926403438,0.0
2021-12-16 08:00:00,0.07112970711297072,-0.3784860557768924,-0.3721518987341773,-0.22263881449741119,0.4088809202863462,0.9965478841870824,0.5,-0.7671538441270046,0.758389917444191,0.9347131724493273,0.3319167831764843,0.9828467867351552,0.0
2021-12-16 08:10:00,0.09065550906555091,-0.3984063745019921,-0.3843633655994044,-0.2447777182645956,0.4088809202863462,0.9965478841870824,0.5,-0.7671538441270046,0.758389917444191,0.9347131724493273,0.3319167831764843,0.9828467867351552,0.0
2021-12-16 08:20:00,0.12343096234309624,-0.4183266932270917,-0.3903201787043933,-0.26798785931083735,0.4088809202863462,0.9965478841870824,0.5,-0.7671538441270046,0.758389917444191,0.9347131724493273,0.3319167831764843,0.9828467867351552,0.0
2021-12-16 08:30:00,0.1199442119944212,-0.4382470119521913,-0.3944899478778854,-0.28727013033386894,0.4088809202863462,0.9965478841870824,0.5,-0.7671538441270046,0.758389917444191,0.9347131724493273,0.3319167831764843,0.9828467867351552,0.0
2021-12-16 08:40:00,0.15411436541143653,-0.4581673306772909,-0.3998510796723753,-0.30655240135690043,0.4088809202863462,0.9965478841870824,0.5,-0.7671538441270046,0.758389917444191,0.9347131724493273,0.3319167831764843,0.9828467867351552,0.0
2021-12-16 08:50:00,0.17852161785216178,-0.47808764940239046,-0.3998510796723753,-0.3261917514729513,0.41792412087264924,0.9964365256124722,0.5,-0.7671538441270046,0.758389917444191,0.9347131724493273,0.3319167831764843,0.9828467867351552,0.0
2021-12-16 09:00:00,0.1680613668061367,-0.49800796812749004,-0.4019359642591215,-0.33654704517050527,0.4793027181950243,0.9022271714922049,0.5,-0.7704110067863531,0.77545566612166,0.929731786860459,0.34780675852851645,0.9928195793225632,0.0
2021-12-16 09:10:00,0.19107391910739194,-0.0916334661354582,-0.3959791511541326,-0.3340474915193715,0.47489235843006894,0.5671492204899777,0.5,-0.7704110067863531,0.77545566612166,0.929731786860459,0.34780675852851645,0.9928195793225632,0.0
2021-12-16 09:20:00,0.2635983263598326,-0.06772908366533881,-0.3709605361131796,-0.3179789323335118,0.4865791574511523,0.007461024498886415,0.5,-0.7704110067863531,0.77545566612166,0.929731786860459,0.34780675852851645,0.9928195793225632,0.10165668331397015
2021-12-16 09:30:00,0.2712691771269177,-0.4422310756972112,-0.348324646314222,-0.28369933940367775,0.48876470665218363,0.00011135857461024499,0.5,-0.7704110067863531,0.77545566612166,0.929731786860459,0.34780675852851645,0.9928195793225632,0.11116224331215957
2021-12-16 09:40:00,0.2649930264993026,-0.5697211155378487,-0.3325390915860017,-0.26298875200856986,0.48876470665218363,0.00011135857461024499,0.5,-0.7704110067863531,0.77545566612166,0.929731786860459,0.34780675852851645,0.9928195793225632,0.10508170255141301
2021-12-16 09:50:00,0.25174337517433754,0.043824701195219085,-0.32300819061801955,-0.24834850919478657,0.48876470665218363,0.00011135857461024499,0.5,-0.7704110067863531,0.77545566612166,0.929731786860459,0.34780675852851645,0.9928195793225632,0.09181163903013112
2021-12-16 10:00:00,0.17154811715481172,0.41035856573705165,-0.31258376768428897,-0.23620782003213703,0.49610658151313297,0.00011135857461024499,0.5,-0.6068456882626809,0.8037683150051592,0.7909249784130659,0.29820679114400084,0.9943289302741113,0.052076889418652024
2021-12-16 10:10:00,0.11157601115760113,0.346613545816733,-0.30424422933730466,-0.21621139082306728,0.5026108806323697,0.00011135857461024499,0.5,-0.6068456882626809,0.8037683150051592,0.7909249784130659,0.29820679114400084,0.9943289302741113,0.0075742716176049
2021-12-16 10:20:00,0.11785216178521618,-0.1394422310756973,-0.2935219657483248,-0.18121763970719518,0.5026108806323697,0.18062360801781738,0.5,-0.6068456882626809,0.8037683150051592,0.7909249784130659,0.29820679114400084,0.9943289302741113,0.004964014665721141
2021-12-16 10:30:00,0.1492329149232915,-0.06772908366533881,-0.29560685033507084,-0.16193536868416358,0.5026108806323697,0.9976614699331849,0.5,-0.6068456882626809,0.8037683150051592,0.7909249784130659,0.29820679114400084,0.9943289302741113,0.0
2021-12-16 10:40:00,0.0,0.003984063745019917,-0.33551749813849596,-0.23144677736118546,0.48618654382222454,0.0,0.5,-0.6068456882626809,0.8037683150051592,0.7909249784130659,0.29820679114400084,0.9943289302741113,0.0
2021-12-16 10:50:00,0.0,0.003984063745019917,-0.3754281459419212,-0.30095818603820745,0.48701103244297284,0.0,0.5,-0.6068456882626809,0.8037683150051592,0.7909249784130659,0.29820679114400084,0.9943289302741113,0.0
2021-12-16 11:00:00,0.0,0.003984063745019917,-0.4153387937453463,-0.37046959471522944,0.4765805970344583,0.0,0.5,-0.5713622368983229,0.8177881479395523,0.7164334745154972,0.2006109674335716,0.9782786230724347,0.0
2021-12-16 11:10:00,0.0,0.003984063745019917,-0.4552494409530903,-0.43998096768434214,0.47859601366295434,0.0,0.5,-0.5713622368983229,0.8177881479395523,0.7164334745154972,0.2006109674335716,0.9782786230724347,0.0
2021-12-16 11:20:00,0.0,0.003984063745019917,-0.49516008637379016,-0.5094923477950366,0.47859601366295434,0.0,0.5,-0.5713622368983229,0.8177881479395523,0.7164334745154972,0.2006109674335716,0.9782786230724347,0.0
2021-12-16 11:30:00,0.059274755927475595,0.003984063745019917,-0.5350707371556218,-0.5790037493304767,0.5025847063904412,0.5782850779510023,0.5,-0.5713622368983229,0.8177881479395523,0.7164334745154972,0.2006109674335716,0.9782786230724347,0.0
2021-12-16 11:40:00,0.04741980474198048,0.003984063745019917,-0.29292628443782587,-0.2865559721478307,0.5026108806323697,0.4174832962138085,0.5,-0.5713622368983229,0.8177881479395523,0.7164334745154972,0.2006109674335716,0.9782786230724347,0.0
2021-12-16 11:50:00,0.0,0.003984063745019917,-0.28518242740134037,-0.2921502231744332,0.4842496499195142,0.0,0.5,-0.5713622368983229,0.8177881479395523,0.7164334745154972,0.2006109674335716,0.9782786230724347,0.0
2021-12-16 12:00:00,0.0202231520223152,-0.059229747675962896,-0.277438570364855,-0.29774443849312615,0.5024407480598343,0.6307349665924277,0.5,-0.5424754929836774,0.8232391877174883,0.6609629478298109,0.13452584100023665,0.8810141315834257,0.0
2021-12-16 12:10:00,0.03277545327754532,-0.1224435590969456,-0.26969471332836936,-0.30333868951972864,0.5026108806323697,0.5077951002227172,0.5,-0.5424754929836774,0.8232391877174883,0.6609629478298109,0.13452584100023665,0.8810141315834257,0.0
2021-12-16 12:20:00,0.030683403068340307,-0.1856573705179284,-0.26046165301563673,-0.30619532226388146,0.5026108806323697,0.9364142538975502,0.5,-0.5424754929836774,0.8232391877174883,0.6609629478298109,0.13452584100023665,0.8810141315834257,0.0
2021-12-16 12:30:00,0.05369595536959554,-0.2488711819389111,-0.25003723008190626,-0.30619532226388146,0.5026108806323697,0.9993318485523385,0.5,-0.5424754929836774,0.8232391877174883,0.6609629478298109,0.13452584100023665,0.8810141315834257,0.0
2021-12-16 12:40:00,0.10529986052998605,-0.3120849933598938,-0.24199553239017135,-0.3076236386359579,0.5026108806323697,0.9993318485523385,0.5,-0.5424754929836774,0.8232391877174883,0.6609629478298109,0.13452584100023665,0.8810141315834257,0.0
2021-12-16 12:50:00,0.13528591352859135,-0.3752988047808765,-0.24199553239017135,-0.30619532226388146,0.5026108806323697,0.9993318485523385,0.5,-0.5424754929836774,0.8232391877174883,0.6609629478298109,0.13452584100023665,0.8810141315834257,0.0
2021-12-16 13:00:00,0.12622036262203626,-0.43851261620185933,-0.24169769173492195,-0.30619532226388146,0.5026108806323697,0.9993318485523385,0.5,-0.3794628685057784,0.8176674607119971,0.4962727426864076,0.18161261667870832,0.7739918153183379,0.0
2021-12-16 13:10:00,0.13668061366806136,-0.501726427622842,-0.24259121370067016,-0.3054811640778432,0.5026108806323697,0.9993318485523385,0.5,-0.3794628685057784,0.8176674607119971,0.4962727426864076,0.18161261667870832,0.7739918153183379,0.0
2021-12-16 13:20:00,0.11715481171548117,-0.5649402390438247,-0.2396128071481759,-0.3036957686127477,0.5026108806323697,0.9993318485523385,0.5,-0.3794628685057784,0.8176674607119971,0.4962727426864076,0.18161261667870832,0.7739918153183379,0.0
2021-12-16 13:30:00,0.10390516039051603,-0.6281540504648075,-0.23663440059568142,-0.3022674522406713,0.5026108806323697,0.9993318485523385,0.5,-0.3794628685057784,0.8176674607119971,0.4962727426864076,0.18161261667870832,0.7739918153183379,0.0
2021-12-16 13:40:00,0.1297071129707113,-0.6913678618857901,-0.23306031273268812,-0.2958400285663274,0.5026108806323697,0.9993318485523385,0.5,-0.3794628685057784,0.8176674607119971,0.4962727426864076,0.18161261667870832,0.7739918153183379,0.0
2021-12-16 13:50:00,0.14016736401673638,-0.4678353253652059,-0.23067758749069256,-0.2944117121942511,0.5026108806323697,0.9993318485523385,0.5,-0.3794628685057784,0.8176674607119971,0.4962727426864076,0.18161261667870832,0.7739918153183379,0.0
2021-12-16 14:00:00,0.16108786610878661,-0.24430278884462153,-0.23008190618019375,-0.2883413676129263,0.5026108806323697,0.9993318485523385,0.5,-0.364113609961634,0.7986017522636063,0.4755534707313637,0.2484373989652666,0.7642108399231805,0.0
2021-12-16 14:10:00,0.1631799163179916,-0.020770252324037397,-0.22501861504095322,-0.28727013033386894,0.5024669223017628,0.9993318485523385,0.5,-0.364113609961634,0.7986017522636063,0.4755534707313637,0.2484373989652666,0.7642108399231805,0.0
2021-12-16 14:20:00,0.16108786610878661,0.20276228419654707,-0.22293373045420706,-0.2847705766827352,0.4035544620538928,0.939086859688196,0.5,-0.364113609961634,0.7986017522636063,0.4755534707313637,0.2484373989652666,0.7642108399231805,0.0
2021-12-16 14:30:00,0.18200836820083682,0.4262948207171313,-0.21935964259121388,-0.26620246384574175,0.3802986481004044,0.3380846325167038,0.5,-0.364113609961634,0.7986017522636063,0.4755534707313637,0.2484373989652666,0.7642108399231805,0.010335410474221826
2021-12-16 14:40:00,0.20641562064156208,-0.40239043824701204,-0.20387192851824287,-0.23263702910194595,0.3799452958343695,0.00011135857461024499,0.5,-0.364113609961634,0.7986017522636063,0.4755534707313637,0.2484373989652666,0.7642108399231805,0.06331004722603618
2021-12-16 14:50:00,0.22245467224546722,-0.4103585657370519,-0.19195830230826516,-0.20442778075343682,0.3729436861184908,0.00011135857461024499,0.5,-0.364113609961634,0.7986017522636063,0.4755534707313637,0.2484373989652666,0.7642108399231805,0.07927335274680508
2021-12-16 15:00:00,0.1882845188284519,0.4581673306772909,-0.18093819806403577,-0.18657382610248163,0.36475114839486467,0.00011135857461024499,0.5,-0.3482187949328652,0.7824698928469855,0.45351266879435403,0.29143031470147246,0.7743742623562305,0.05549436456085822
2021-12-16 15:10:00,0.21269177126917713,-0.3545816733067729,-0.17617274758004486,-0.16907695054454563,0.35670256900184527,0.00011135857461024499,0.5,-0.3482187949328652,0.7824698928469855,0.45351266879435403,0.29143031470147246,0.7743742623562305,0.0812574497940462
2021-12-16 15:20:00,0.2294281729428173,0.4820717131474104,-0.16753536857781093,-0.16086413140510625,0.3557079478085616,0.00011135857461024499,0.5,-0.3482187949328652,0.7824698928469855,0.45351266879435403,0.29143031470147246,0.7743742623562305,0.08256257826998809
2021-12-16 15:30:00,0.16875871687587168,-0.21115537848605592,-0.1580044676098289,-0.15158007498660953,0.3838059965188258,0.00022271714922048998,0.5,-0.3482187949328652,0.7824698928469855,0.45351266879435403,0.29143031470147246,0.7743742623562305,0.03675483199299908
2021-12-16 15:40:00,0.17642956764295675,-0.2509960159362551,-0.1583023082650783,-0.12872701303338696,0.35935925455758994,0.00022271714922048998,0.5,-0.3482187949328652,0.7824698928469855,0.45351266879435403,0.29143031470147246,0.7743742623562305,0.048689590657392465
2021-12-16 15:50:00,0.2085076708507671,0.31474103585657365,-0.15413253909158608,-0.11908587752187105,0.3533391789140307,0.00044543429844097997,0.5,-0.3482187949328652,0.7824698928469855,0.45351266879435403,0.29143031470147246,0.7743742623562305,0.07072589284367126
2021-12-16 16:00:00,0.17852161785216178,0.2111553784860556,-0.14996276991809387,-0.11765756114979464,0.3620290272342987,0.00044543429844097997,0.5,-0.3095891132847691,0.7745763734637543,0.42709627233688124,0.3032996878010763,0.7707037888595117,0.05552454094180485
2021-12-16 16:10:00,0.16945606694560672,-0.3067729083665339,-0.14489947877885334,-0.10623103017318325,0.37413461412623833,0.00044543429844097997,0.5,-0.3095891132847691,0.7745763734637543,0.42709627233688124,0.3032996878010763,0.7707037888595117,0.03545724761229386
2021-12-16 16:20:00,0.20641562064156208,0.3067729083665336,-0.1428145941921073,-0.09230494554543822,0.3557079478085616,0.00044543429844097997,0.5,-0.3095891132847691,0.7745763734637543,0.42709627233688124,0.3032996878010763,0.7707037888595117,0.06479623398765787
2021-12-16 16:30:00,0.1708507670850767,0.3545816733067728,-0.1428145941921073,-0.08909123370826644,0.3631806938791535,0.00044543429844097997,0.5,-0.3095891132847691,0.7745763734637543,0.42709627233688124,0.3032996878010763,0.7707037888595117,0.04752025589571043
2021-12-16 16:40:00,0.2196652719665272,-0.4342629482071714,-0.139240506329114,-0.08552044277807536,0.3657457695881483,0.00044543429844097997,0.5,-0.3095891132847691,0.7745763734637543,0.42709627233688124,0.3032996878010763,0.7707037888595117,0.07835297312793277
2021-12-16 16:50:00,0.20711297071129708,-0.20318725099601598,-0.14043186895011173,-0.08873415461524714,0.3583253720014134,0.00022271714922048998,0.5,-0.3095891132847691,0.7745763734637543,0.42709627233688124,0.3032996878010763,0.7707037888595117,0.07817191484225297
2021-12-16 17:00:00,0.2210599721059972,-0.07569721115537853,-0.14043186895011173,-0.09337618282449556,0.3533391789140307,0.00033407572383073496,0.5,-0.30537011423099614,0.767593755298027,0.41751965016548614,0.27923618663745425,0.7538858738851211,0.0884167961736349
2021-12-16 17:10:00,0.2301255230125523,-0.05179282868525903,-0.1395383469843634,-0.10123192287091587,0.3478033267461491,0.00033407572383073496,0.5,-0.30537011423099614,0.767593755298027,0.41751965016548614,0.27923618663745425,0.7538858738851211,0.09824675226700061
2021-12-16 17:20:00,0.21269177126917713,-0.019920318725099695,-0.1389426656738647,-0.1037314765220495,0.35569486068759737,0.00022271714922048998,0.5,-0.30537011423099614,0.767593755298027,0.41751965016548614,0.27923618663745425,0.7538858738851211,0.086229008555004
2021-12-16 17:30:00,0.23291492329149233,0.1394422310756971,-0.13775130305286676,-0.10515979289412591,0.3412335920220911,0.00022271714922048998,0.5,-0.30537011423099614,0.767593755298027,0.41751965016548614,0.27923618663745425,0.7538858738851211,0.09826938455271059
2021-12-16 17:40:00,0.2085076708507671,0.06772908366533859,-0.13804914370811627,-0.10980182110337433,0.3496486108021097,0.00033407572383073496,0.5,-0.30537011423099614,0.767593755298027,0.41751965016548614,0.27923618663745425,0.7538858738851211,0.08220046169862848
2021-12-16 17:50:00,0.18131101813110181,-0.1394422310756973,-0.139240506329114,-0.10480271380110695,0.3542421902605646,0.00033407572383073496,0.5,-0.30537011423099614,0.767593755298027,0.41751965016548614,0.27923618663745425,0.7538858738851211,0.0609562895121988
2021-12-16 18:00:00,0.200836820083682,0.03585657370517925,-0.13983618763961292,-0.10016068559185842,0.3542421902605646,0.00033407572383073496,0.5,-0.5030549762309209,0.7646742737933435,0.5952435573035615,0.18868814506057288,0.7215213623198954,0.06243493217858383
2021-12-16 18:10:00,0.20502092050209206,-0.01195219123505975,-0.14132539091586016,-0.09373326191751463,0.3542421902605646,0.00033407572383073496,0.5,-0.5030549762309209,0.7646742737933435,0.5952435573035615,0.18868814506057288,0.7215213623198954,0.07372089865262459
2021-12-16 18:20:00,0.21687587168758715,-0.0916334661354582,-0.14400595681310513,-0.09194786645241915,0.3542421902605646,0.00033407572383073496,0.5,-0.5030549762309209,0.7646742737933435,0.5952435573035615,0.18868814506057288,0.7215213623198954,0.07962038112769136
2021-12-16 18:30:00,0.15271966527196654,-0.23505976095617542,-0.1472822040208489,-0.09658989466166767,0.3542421902605646,0.00033407572383073496,0.5,-0.5030549762309209,0.7646742737933435,0.5952435573035615,0.18868814506057288,0.7215213623198954,0.032628211898547005
2021-12-16 18:40:00,0.16248256624825663,-0.059760956175298974,-0.1508562918838423,-0.08016425638278879,0.3542421902605646,0.00033407572383073496,0.5,-0.5030549762309209,0.7646742737933435,0.5952435573035615,0.18868814506057288,0.7215213623198954,0.034710382183864685
2021-12-16 18:50:00,0.14574616457461645,0.2111553784860556,-0.14787788533134782,-0.06373861810391002,0.3542421902605646,0.00033407572383073496,0.5,-0.5030549762309209,0.7646742737933435,0.5952435573035615,0.18868814506057288,0.7215213623198954,0.021025393424566594
2021-12-16 19:00:00,0.08786610878661089,0.4422310756972112,-0.15383469843633668,-0.04981253347616499,0.3621206370810486,0.21347438752783968,0.5,-0.5256310154381446,0.7791366265621102,0.6410708844029661,0.1298335336284883,0.7246437749061913,0.0
2021-12-16 19:10:00,0.09693165969316596,-0.1394422310756973,-0.17915115413253924,-0.06909480449919658,0.3707450497964953,0.9995545657015591,0.5,-0.5256310154381446,0.7791366265621102,0.6410708844029661,0.1298335336284883,0.7246437749061913,0.0
2021-12-16 19:20:00,0.11157601115760113,0.6015936254980081,-0.20595681310498903,-0.08873415461524714,0.3707450497964953,0.9995545657015591,0.5,-0.5256310154381446,0.7791366265621102,0.6410708844029661,0.1298335336284883,0.7246437749061913,0.0
2021-12-16 19:30:00,0.1094839609483961,0.21912350597609564,-0.21518987341772167,-0.10837350473129803,0.3707450497964953,0.9995545657015591,0.5,-0.5256310154381446,0.7791366265621102,0.6410708844029661,0.1298335336284883,0.7246437749061913,0.0
2021-12-16 19:40:00,0.10111576011157601,0.13147410358565725,-0.22204020848845885,-0.12622745938225322,0.3707450497964953,0.9995545657015591,0.5,-0.5256310154381446,0.7791366265621102,0.6410708844029661,0.1298335336284883,0.7246437749061913,0.0
2021-12-16 19:50:00,0.12343096234309624,-0.3466135458167332,-0.2241250930752049,-0.142653097661132,0.3707450497964953,0.9995545657015591,0.5,-0.5256310154381446,0.7791366265621102,0.6410708844029661,0.1298335336284883,0.7246437749061913,0.0
2021-12-16 20:00:00,0.11506276150627615,0.24302788844621515,-0.22978406552494424,-0.1583645777539725,0.3707450497964953,0.9995545657015591,0.5,-0.5092618527707913,0.7764355314691971,0.6205404386779526,0.0767382106882976,0.7897195443713083,0.0
2021-12-16 20:10:00,0.11087866108786612,0.6653386454183265,-0.2396128071481759,-0.1740760578468129,0.3707450497964953,0.9995545657015591,0.5,-0.5092618527707913,0.7764355314691971,0.6205404386779526,0.0767382106882976,0.7897195443713083,0.0
2021-12-16 20:20:00,0.11087866108786612,0.11553784860557759,-0.24854802680565913,-0.18764506338153897,0.3707450497964953,0.9995545657015591,0.5,-0.5092618527707913,0.7764355314691971,0.6205404386779526,0.0767382106882976,0.7897195443713083,0.0
2021-12-16 20:30:00,0.1297071129707113,0.5617529880478087,-0.251228592702904,-0.1983574361721121,0.3707450497964953,0.9995545657015591,0.5,-0.5092618527707913,0.7764355314691971,0.6205404386779526,0.0767382106882976,0.7897195443713083,0.0
2021-12-16 20:40:00,0.11854951185495119,0.5584719943754393,-0.26522710349962786,-0.2094268880557043,0.3707450497964953,0.9995545657015591,0.5,-0.5092618527707913,0.7764355314691971,0.6205404386779526,0.0767382106882976,0.7897195443713083,0.0
2021-12-16 20:50:00,0.09483960948396096,0.5551910007030698,-0.27356664184661206,-0.222281735404392,0.3707450497964953,0.9995545657015591,0.5,-0.5092618527707913,0.7764355314691971,0.6205404386779526,0.0767382106882976,0.7897195443713083,0.0
2021-12-16 21:00:00,0.10111576011157601,0.5519100070307006,-0.27594936708860773,-0.23370826638100328,0.3707450497964953,0.9995545657015591,0.5,-0.48816982592689073,0.7789354811828515,0.5870688652684903,0.11073517342465773,0.9901327831719523,0.0
2021-12-16 21:10:00,0.11087866108786612,0.5486290133583311,-0.27475800446761,-0.24513479735761468,0.3707450497964953,0.9995545657015591,0.5,-0.48816982592689073,0.7789354811828515,0.5870688652684903,0.11073517342465773,0.9901327831719523,0.0
2021-12-16 21:20:00,0.12133891213389121,0.5453480196859619,-0.2786299329858527,-0.2576325656132833,0.3707450497964953,0.9995545657015591,0.5,-0.48816982592689073,0.7789354811828515,0.5870688652684903,0.11073517342465773,0.9901327831719523,0.0
2021-12-16 21:30:00,0.1206415620641562,0.5420670260135925,-0.2789277736411021,-0.2690590965898947,0.3707450497964953,0.9995545657015591,0.5,-0.48816982592689073,0.7789354811828515,0.5870688652684903,0.11073517342465773,0.9901327831719523,0.0
2021-12-16 21:40:00,0.11436541143654114,0.5387860323412232,-0.2819061801935965,-0.2779860739153722,0.3707450497964953,0.9995545657015591,0.5,-0.48816982592689073,0.7789354811828515,0.5870688652684903,0.11073517342465773,0.9901327831719523,0.0
2021-12-16 21:50:00,0.12412831241283125,0.5355050386688538,-0.2819061801935965,-0.287627209426888,0.3707450497964953,0.9995545657015591,0.5,-0.48816982592689073,0.7789354811828515,0.5870688652684903,0.11073517342465773,0.9901327831719523,0.0
2021-12-16 22:00:00,0.13528591352859135,0.5322240449964843,-0.28071481757259875,-0.2990537404034993,0.3707450497964953,0.9995545657015591,0.5,-0.6186467117355847,0.7773895352679691,0.7699504296272287,0.2216635531346867,0.03149526881236974,0.0
2021-12-16 22:10:00,0.12482566248256625,0.5289430513241151,-0.28458674609084145,-0.30798071772897684,0.3707450497964953,0.9995545657015591,0.5,-0.6186467117355847,0.7773895352679691,0.7699504296272287,0.2216635531346867,0.03149526881236974,0.0
2021-12-16 22:20:00,0.1094839609483961,0.5256620576517459,-0.2866716306775876,-0.31440814140332085,0.3707450497964953,0.9995545657015591,0.5,-0.6186467117355847,0.7773895352679691,0.7699504296272287,0.2216635531346867,0.03149526881236974,0.0
2021-12-16 22:30:00,0.09344490934449094,0.5223810639793764,-0.29173492181682814,-0.318336011426531,0.3707450497964953,0.9995545657015591,0.5,-0.6186467117355847,0.7773895352679691,0.7699504296272287,0.2216635531346867,0.03149526881236974,0.0
2021-12-16 22:40:00,0.1087866108786611,0.519100070307007,-0.29262844378257635,-0.325834672379932,0.3707450497964953,0.9995545657015591,0.5,-0.6186467117355847,0.7773895352679691,0.7699504296272287,0.2216635531346867,0.03149526881236974,0.0
2021-12-16 22:50:00,0.1290097629009763,0.5158190766346378,-0.2905435591958303,-0.33190501696125685,0.3707450497964953,0.9995545657015591,0.5,-0.6186467117355847,0.7773895352679691,0.7699504296272287,0.2216635531346867,0.03149526881236974,0.0
2021-12-16 23:00:00,0.15620641562064158,0.5125380829622683,-0.289650037230082,-0.33833244063560075,0.3707450497964953,0.9995545657015591,0.5,-0.6763489240126569,0.778487214337645,0.8476893896017745,0.27555733607372696,0.0379078594195765,0.0
2021-12-16 23:10:00,0.17642956764295675,0.5092570892898991,-0.2890543559195832,-0.3469023388680593,0.372446375521849,0.9995545657015591,0.5,-0.6763489240126569,0.778487214337645,0.8476893896017745,0.27555733607372696,0.0379078594195765,0.0
2021-12-16 23:20:00,0.1771269177126918,0.5059760956175297,-0.29530900967982143,-0.34797357614711666,0.4600777374985277,0.6034521158129176,0.5,-0.6763489240126569,0.778487214337645,0.8476893896017745,0.27555733607372696,0.0379078594195765,0.0
2021-12-16 23:30:00,0.1799163179916318,0.019920318725099362,-0.2854802680565899,-0.33833244063560075,0.4732172069466438,0.36481069042316255,0.5,-0.6763489240126569,0.778487214337645,0.8476893896017745,0.27555733607372696,0.0379078594195765,0.0
2021-12-16 23:40:00,0.10599721059972106,-0.4661354581673308,-0.28011913626209994,-0.32904838421710414,0.4783997068484904,0.13240534521158132,0.5,-0.6763489240126569,0.778487214337645,0.8476893896017745,0.27555733607372696,0.0379078594195765,0.0
2021-12-16 23:50:00,0.15550906555090654,-0.059760956175298974,-0.279523454951601,-0.32547759328691306,0.4783997068484904,0.9995545657015591,0.5,-0.6763489240126569,0.778487214337645,0.8476893896017745,0.27555733607372696,0.0379078594195765,0.0
2021-12-17 00:00:00,0.1394700139470014,0.9043824701195218,-0.29203276247207755,-0.3247634351008748,0.4783997068484904,0.9995545657015591,0.5,-0.7039266925775702,0.7640047470309503,0.9017281848320925,0.2859905311751668,0.035185198343448576,0.0
2021-12-17 00:10:00,0.1290097629009763,0.7324985771200907,-0.3033507073715562,-0.33226209605427603,0.4783997068484904,0.9995545657015591,0.5,-0.7039266925775702,0.7640047470309503,0.9017281848320925,0.2859905311751668,0.035185198343448576,0.0
2021-12-17 00:20:00,0.11227336122733612,0.5606146841206601,-0.3090096798212957,-0.3422603106588108,0.4783997068484904,0.9995545657015591,0.5,-0.7039266925775702,0.7640047470309503,0.9017281848320925,0.2859905311751668,0.035185198343448576,0.0
2021-12-17 00:30:00,0.09135285913528592,0.3887307911212292,-0.3161578555472824,-0.3483306552401356,0.4783997068484904,0.9995545657015591,0.5,-0.7039266925775702,0.7640047470309503,0.9017281848320925,0.2859905311751668,0.035185198343448576,0.0
2021-12-17 00:40:00,0.10460251046025104,0.21684689812179836,-0.31913626209977675,-0.3569005534725942,0.4783997068484904,0.9995545657015591,0.5,-0.7039266925775702,0.7640047470309503,0.9017281848320925,0.2859905311751668,0.035185198343448576,0.0
2021-12-17 00:50:00,0.1311018131101813,0.044963005122367505,-0.32360387192851836,-0.36225673986788076,0.4783997068484904,0.9995545657015591,0.5,-0.7039266925775702,0.7640047470309503,0.9017281848320925,0.2859905311751668,0.035185198343448576,0.0
2021-12-17 01:00:00,0.18549511854951187,-0.12692088787706335,-0.3322412509307522,-0.3747545081235494,0.48820196045072045,0.9083518930957684,0.5,-0.7470807208136286,0.7598065556152602,0.9488609365197664,0.29609601496706367,0.027233730394978714,0.0
2021-12-17 01:10:00,0.09135285913528592,-0.298804780876494,-0.3402829486224871,-0.3808248527048741,0.5248720733925745,0.8337416481069043,0.5,-0.7470807208136286,0.7598065556152602,0.9488609365197664,0.29609601496706367,0.027233730394978714,0.0
2021-12-17 01:20:00,0.12761506276150628,-0.12096541370748892,-0.36262099776619516,-0.38153901089091236,0.5242046302233971,0.9993318485523385,0.5,-0.7470807208136286,0.7598065556152602,0.9488609365197664,0.29609601496706367,0.027233730394978714,0.0
2021-12-17 01:30:00,0.14644351464435149,0.056873953461516136,-0.38108711839166054,-0.39475093733261923,0.5242046302233971,0.9993318485523385,0.5,-0.7470807208136286,0.7598065556152602,0.9488609365197664,0.29609601496706367,0.027233730394978714,0.0
2021-12-17 01:40:00,0.12343096234309624,0.2347133206305212,-0.3822784810126584,-0.40689162649526867,0.5242046302233971,0.9993318485523385,0.5,-0.7470807208136286,0.7598065556152602,0.9488609365197664,0.29609601496706367,0.027233730394978714,0.0
2021-12-17 01:50:00,0.12273361227336123,0.41255268779952625,-0.37423678332092347,-0.4161756829137653,0.5242046302233971,0.9993318485523385,0.5,-0.7470807208136286,0.7598065556152602,0.9488609365197664,0.29609601496706367,0.027233730394978714,0.0
2021-12-17 02:00:00,0.17782426778242677,0.5903920549685315,-0.3754281459419212,-0.4222460274950901,0.5242046302233971,0.9993318485523385,0.5,-0.7453208450472164,0.7552635435494117,0.9264637868954597,0.3155376999606728,0.010319748715354533,0.0
2021-12-17 02:10:00,0.15550906555090654,0.7682314221375364,-0.37810871183916617,-0.4308159257275487,0.6149769012314981,0.9993318485523385,0.5,-0.7453208450472164,0.7552635435494117,0.9264637868954597,0.3155376999606728,0.010319748715354533,0.0
2021-12-17 02:20:00,0.11924686192468618,0.7266585830590677,-0.3867460908413999,-0.42795929298339586,0.6574969572443757,0.9993318485523385,0.5,-0.7453208450472164,0.7552635435494117,0.9264637868954597,0.3155376999606728,0.010319748715354533,0.0
2021-12-17 02:30:00,0.14365411436541145,0.6850857439805991,-0.3876396128071483,-0.4290305302624531,0.6574969572443757,0.9993318485523385,0.5,-0.7453208450472164,0.7552635435494117,0.9264637868954597,0.3155376999606728,0.010319748715354533,0.0
2021-12-17 02:40:00,0.15132496513249652,0.6435129049021304,-0.391511541325391,-0.43581503302981606,0.6574969572443757,0.9993318485523385,0.5,-0.7453208450472164,0.7552635435494117,0.9264637868954597,0.3155376999606728,0.010319748715354533,0.0
2021-12-17 02:50:00,0.08926080892608089,0.6019400658236618,-0.39687267311988095,-0.4443849312622745,0.6574969572443757,0.9993318485523385,0.5,-0.7453208450472164,0.7552635435494117,0.9264637868954597,0.3155376999606728,0.010319748715354533,0.0
2021-12-17 03:00:00,0.08437935843793584,0.5603672267451929,-0.40134028294862256,-0.4497411176575611,0.6574969572443757,0.9993318485523385,0.5,-0.738610136737661,0.7477809354409559,0.8960763329717863,0.34150703116141656,0.989223559932939,0.0
2021-12-17 03:10:00,0.06206415620641562,0.5187943876667243,-0.4055100521221148,-0.45688269951794314,0.6574969572443757,0.9993318485523385,0.5,-0.738610136737661,0.7477809354409559,0.8960763329717863,0.34150703116141656,0.989223559932939,0.0
2021-12-17 03:20:00,0.03347280334728033,0.4772215485882554,-0.4058078927773642,-0.45973933226209607,0.6574969572443757,0.9993318485523385,0.5,-0.738610136737661,0.7477809354409559,0.8960763329717863,0.34150703116141656,0.989223559932939,0.0
2021-12-17 03:30:00,0.03207810320781032,0.43564870950978674,-0.40461653015636645,-0.4640242813783253,0.6574969572443757,0.9993318485523385,0.5,-0.738610136737661,0.7477809354409559,0.8960763329717863,0.34150703116141656,0.989223559932939,0.0
2021-12-17 03:40:00,0.02510460251046025,0.3940758704313181,-0.4067014147431125,-0.4686663095875737,0.6574969572443757,0.9993318485523385,0.5,-0.738610136737661,0.7477809354409559,0.8960763329717863,0.34150703116141656,0.989223559932939,0.0
2021-12-17 03:50:00,0.045327754532775454,0.3525030313528492,-0.41176470588235303,-0.4704517050526692,0.6574969572443757,0.9993318485523385,0.5,-0.738610136737661,0.7477809354409559,0.8960763329717863,0.34150703116141656,0.989223559932939,0.0
2021-12-17 04:00:00,0.05090655509065551,0.31093019227438057,-0.40848845867460915,-0.47295125870380283,0.6574969572443757,0.9993318485523385,0.5,-0.7541354995942597,0.7465395811003803,0.8947229726447986,0.36147785672898647,0.971931359869924,0.0
2021-12-17 04:10:00,0.059274755927475595,0.2693573531959119,-0.4058078927773642,-0.4786645241921086,0.6574969572443757,0.9993318485523385,0.5,-0.7541354995942597,0.7465395811003803,0.8947229726447986,0.36147785672898647,0.971931359869924,0.0
2021-12-17 04:20:00,0.0885634588563459,0.22778451411744327,-0.4058078927773642,-0.48366363149437597,0.6574969572443757,0.9993318485523385,0.5,-0.7541354995942597,0.7465395811003803,0.8947229726447986,0.36147785672898647,0.971931359869924,0.0
2021-12-17 04:30:00,0.07601115760111576,0.1862116750389744,-0.4058078927773642,-0.49009105516871976,0.6574969572443757,0.9993318485523385,0.5,-0.7541354995942597,0.7465395811003803,0.8947229726447986,0.36147785672898647,0.971931359869924,0.0
2021-12-17 04:40:00,0.08298465829846582,0.14463883596050575,-0.4058078927773642,-0.49223352972683454,0.6574969572443757,0.9993318485523385,0.5,-0.7541354995942597,0.7465395811003803,0.8947229726447986,0.36147785672898647,0.971931359869924,0.0
2021-12-17 04:50:00,0.0899581589958159,0.1030659968820371,-0.4058078927773642,-0.49866095340117833,0.6574969572443757,0.9993318485523385,0.5,-0.7541354995942597,0.7465395811003803,0.8947229726447986,0.36147785672898647,0.971931359869924,0.0
2021-12-17 05:00:00,0.1617852161785216,0.06149315780356823,-0.4061057334326137,-0.5025888234243885,0.6574969572443757,0.9993318485523385,0.5,-0.7537853255078092,0.735157626139704,0.889461327842789,0.3678907388839433,0.9513474023621452,0.0
2021-12-17 05:10:00,0.22733612273361226,0.019920318725099362,-0.40134028294862256,-0.5079450098196749,0.5707686066142309,0.9993318485523385,0.5,-0.7537853255078092,0.735157626139704,0.889461327842789,0.3678907388839433,0.9513474023621452,0.0
2021-12-17 05:20:00,0.2189679218967922,-0.003984063745020028,-0.3953834698436338,-0.4865202642385289,0.4443731923414168,0.11414253897550111,0.5,-0.7537853255078092,0.735157626139704,0.889461327842789,0.3678907388839433,0.9513474023621452,0.04787482837183337
2021-12-17 05:30:00,0.22733612273361226,-0.19521912350597614,-0.3766195085629189,-0.42474558114622385,0.44158563557602964,0.00011135857461024499,0.5,-0.7537853255078092,0.735157626139704,0.889461327842789,0.3678907388839433,0.9513474023621452,0.0831736499841574
2021-12-17 05:40:00,0.24755927475592746,-0.3545816733067729,-0.36232315711094576,-0.3758257454026066,0.4343877190456871,0.00011135857461024499,0.5,-0.7537853255078092,0.735157626139704,0.889461327842789,0.3678907388839433,0.9513474023621452,0.10526276083709281
2021-12-17 05:50:00,0.22594142259414227,-0.5139442231075697,-0.3524944154877142,-0.34333154793786824,0.42168012458939164,0.00011135857461024499,0.5,-0.7537853255078092,0.735157626139704,0.889461327842789,0.3678907388839433,0.9513474023621452,0.10026856979042503
2021-12-17 06:00:00,0.2377963737796374,0.20318725099601576,-0.33909158600148936,-0.3211926441706838,0.41216578764837525,0.00022271714922048998,0.5,-0.7208719631595115,0.7404420026033957,0.88666659818704,0.38245693159756206,0.9484743011640695,0.09850325150504699
2021-12-17 06:10:00,0.301255230125523,-0.08366533864541836,-0.330156366344006,-0.3036957686127477,0.42576330633024045,0.00022271714922048998,0.5,-0.7208719631595115,0.7404420026033957,0.88666659818704,0.38245693159756206,0.9484743011640695,0.14932782111441376
2021-12-17 06:20:00,0.2719665271966527,-0.3944223107569722,-0.32300819061801955,-0.29084092126406,0.42262239729881823,0.00033407572383073496,0.5,-0.7208719631595115,0.7404420026033957,0.88666659818704,0.38245693159756206,0.9484743011640695,0.13555984730751242
2021-12-17 06:30:00,0.2649930264993026,0.43426294820717115,-0.31586001489203286,-0.27941439028744863,0.4133567156561228,0.00033407572383073496,0.5,-0.7208719631595115,0.7404420026033957,0.88666659818704,0.38245693159756206,0.9484743011640695,0.10757125397951024
2021-12-17 06:40:00,0.25383542538354253,-0.1633466135458168,-0.3134772896500374,-0.270130333868952,0.42607739723338267,0.00044543429844097997,0.5,-0.7208719631595115,0.7404420026033957,0.88666659818704,0.38245693159756206,0.9484743011640695,0.10450080721819033
2021-12-17 06:50:00,0.26778242677824265,-0.4103585657370519,-0.31258376768428897,-0.26441706838064627,0.42607739723338267,0.00033407572383073496,0.5,-0.7208719631595115,0.7404420026033957,0.88666659818704,0.38245693159756206,0.9484743011640695,0.11593011150172759
2021-12-17 07:00:00,0.301255230125523,-0.02788844621513953,-0.3104988830975429,-0.25656132833422596,0.42607739723338267,0.00033407572383073496,0.5,-0.7201370611859091,0.7404247615708884,0.8860395023458711,0.4087845501299431,0.9298210648293275,0.152390723780497
2021-12-17 07:10:00,0.32914923291492326,0.027888446215139417,-0.31169024571854065,-0.2558471701481878,0.4322545183285129,0.00022271714922048998,0.5,-0.7201370611859091,0.7404247615708884,0.8860395023458711,0.4087845501299431,0.9298210648293275,0.18660319567874226
2021-12-17 07:20:00,0.36541143654114366,-0.1872509960159363,-0.3104988830975429,-0.2526334583110159,0.42760859038620097,0.00022271714922048998,0.5,-0.7201370611859091,0.7404247615708884,0.8860395023458711,0.4087845501299431,0.9298210648293275,0.2568311782367941
2021-12-17 07:30:00,0.35355648535564854,0.1872509960159361,-0.305137751303053,-0.24834850919478657,0.4296370941356611,0.00022271714922048998,0.5,-0.7201370611859091,0.7404247615708884,0.8860395023458711,0.4087845501299431,0.9298210648293275,0.24837424747650017
2021-12-17 07:40:00,0.31311018131101814,0.03585657370517925,-0.3015636634400597,-0.2415640064274236,0.43733232126264543,0.00022271714922048998,0.5,-0.7201370611859091,0.7404247615708884,0.8860395023458711,0.4087845501299431,0.9298210648293275,0.2185901594821733
2021-12-17 07:50:00,0.25662482566248257,-0.17131474103585675,-0.2973938942665675,-0.23406534547402247,0.43733232126264543,0.00022271714922048998,0.5,-0.7201370611859091,0.7404247615708884,0.8860395023458711,0.4087845501299431,0.9298210648293275,0.1500595983523696
2021-12-17 08:00:00,0.25523012552301255,-0.4103585657370519,-0.2970960536113181,-0.22835207998571683,0.4332491395217966,0.00022271714922048998,0.5,-0.7228954617451737,0.7473987592203621,0.8879206630552542,0.4119814169887941,0.9154482666468021,0.10673385940824116
2021-12-17 08:10:00,0.2315202231520223,-0.02788844621513953,-0.2908413998510798,-0.222281735404392,0.4336417531507244,0.00022271714922048998,0.5,-0.7228954617451737,0.7473987592203621,0.8879206630552542,0.4119814169887941,0.9154482666468021,0.11015887864568404
2021-12-17 08:20:00,0.31241283124128316,-0.09960159362549814,-0.29173492181682814,-0.22049633993929663,0.4235254086453521,0.00022271714922048998,0.5,-0.7228954617451737,0.7473987592203621,0.8879206630552542,0.4119814169887941,0.9154482666468021,0.142809722829941
2021-12-17 08:30:00,0.26429567642956764,0.41035856573705165,-0.28756515264333593,-0.22263881449741119,0.4312337228933007,0.00022271714922048998,0.5,-0.7228954617451737,0.7473987592203621,0.8879206630552542,0.4119814169887941,0.9154482666468021,0.13655566787875129
2021-12-17 08:40:00,0.27615062761506276,-0.12350597609561753,-0.28816083395383485,-0.22049633993929663,0.437410843988431,0.00022271714922048998,0.5,-0.7228954617451737,0.7473987592203621,0.8879206630552542,0.4119814169887941,0.9154482666468021,0.1568568281605987
2021-12-17 08:50:00,0.29428172942817293,-0.15537848605577698,-0.35070737155621756,-0.2619175147295125,0.437410843988431,0.00022271714922048998,0.5,-0.7228954617451737,0.7473987592203621,0.8879206630552542,0.4119814169887941,0.9154482666468021,0.18305747091751287
2021-12-17 09:00:00,0.3138075313807531,-0.3784860557768924,-0.39717051377513035,-0.3197643277986073,0.437410843988431,0.00022271714922048998,0.5,-0.7329864723204378,0.7715793073127839,0.8987729084958742,0.3933590373914747,0.908116054278519,0.18884379196402976
2021-12-17 09:10:00,0.2873082287308229,0.3705179282868525,-0.4147431124348474,-0.35261560435636485,0.437410843988431,0.00022271714922048998,0.5,-0.7329864723204378,0.7715793073127839,0.8987729084958742,0.3933590373914747,0.908116054278519,0.1537486609230955
2021-12-17 09:20:00,0.25523012552301255,0.6095617529880477,-0.4209977661950858,-0.3776111408677022,0.437410843988431,0.00033407572383073496,0.5,-0.7329864723204378,0.7715793073127839,0.8987729084958742,0.3933590373914747,0.908116054278519,0.1251112754047407
2021-12-17 09:30:00,0.22733612273361226,0.3545816733067728,-0.42457185405807896,-0.3868951972861988,0.437410843988431,0.00033407572383073496,0.5,-0.7329864723204378,0.7715793073127839,0.8987729084958742,0.3933590373914747,0.908116054278519,0.0936599423631124
2021-12-17 09:40:00,0.2112970711297071,0.4501992031872508,-0.4266567386448251,-0.3883235136582752,0.4463362604860557,0.00033407572383073496,0.5,-0.7329864723204378,0.7715793073127839,0.8987729084958742,0.3933590373914747,0.908116054278519,0.08358857522217361
2021-12-17 09:50:00,0.18967921896792192,0.20318725099601576,-0.4266567386448251,-0.3933226209605427,0.45124393084765285,0.00022271714922048998,0.5,-0.7329864723204378,0.7715793073127839,0.8987729084958742,0.3933590373914747,0.908116054278519,0.07380388370022783
2021-12-17 10:00:00,0.20432357043235705,0.05179282868525892,-0.4266567386448251,-0.3954650955186574,0.45124393084765285,0.00033407572383073496,0.5,-0.5586034127548218,0.779383748028058,0.7765356334371815,0.3481402378753439,0.8951859544717776,0.08306048855560752
2021-12-17 10:10:00,0.20292887029288703,-0.38645418326693237,-0.4266567386448251,-0.3968934118907338,0.44260643101124186,0.00044543429844097997,0.5,-0.5586034127548218,0.779383748028058,0.7765356334371815,0.3481402378753439,0.8951859544717776,0.07423389712871736
2021-12-17 10:20:00,0.24616457461645744,-0.47410358565737054,-0.4266567386448251,-0.3954650955186574,0.43370718875554565,0.00033407572383073496,0.5,-0.5586034127548218,0.779383748028058,0.7765356334371815,0.3481402378753439,0.8951859544717776,0.1077221358842434
2021-12-17 10:30:00,0.2315202231520223,-0.1872509960159363,-0.4266567386448251,-0.3954650955186574,0.4235254086453521,0.00033407572383073496,0.5,-0.5586034127548218,0.779383748028058,0.7765356334371815,0.3481402378753439,0.8951859544717776,0.09655687493398916
2021-12-17 10:40:00,0.22245467224546722,-0.5617529880478087,-0.4266567386448251,-0.3890376718443135,0.4235254086453521,0.00033407572383073496,0.5,-0.5586034127548218,0.779383748028058,0.7765356334371815,0.3481402378753439,0.8951859544717776,0.10161141874255021
2021-12-17 10:50:00,0.23361227336122734,-0.33864541832669326,-0.4221891288160835,-0.3861810391001608,0.4116684770517334,0.00033407572383073496,0.5,-0.5586034127548218,0.779383748028058,0.7765356334371815,0.3481402378753439,0.8951859544717776,0.10930639588394163
2021-12-17 11:00:00,0.1882845188284519,-0.2749003984063746,-0.42069992553983626,-0.37975361542581687,0.409626886181309,0.00033407572383073496,0.5,-0.5402860627778521,0.777222871953725,0.7296614557475142,0.2985261487443731,0.8522310536341715,0.07335878208126499
2021-12-17 11:10:00,0.1903765690376569,-0.02788844621513953,-0.41712583767684297,-0.3747545081235494,0.40012563636125686,0.00033407572383073496,0.5,-0.5402860627778521,0.777222871953725,0.7296614557475142,0.2985261487443731,0.8522310536341715,0.07384914827164778
2021-12-17 11:20:00,0.19456066945606695,0.3784860557768923,-0.40878629932985866,-0.36689876807712907,0.3957414508382301,0.00033407572383073496,0.5,-0.5402860627778521,0.777222871953725,0.7296614557475142,0.2985261487443731,0.8522310536341715,0.078435958175536
2021-12-17 11:30:00,0.21408647140864714,0.2828685258964143,-0.40431868950111693,-0.3615425816818424,0.3957414508382301,0.00033407572383073496,0.5,-0.5402860627778521,0.777222871953725,0.7296614557475142,0.2985261487443731,0.8522310536341715,0.08907313245922416
2021-12-17 11:40:00,0.2608089260808926,0.09960159362549792,-0.3995532390171259,-0.35940010712372794,0.3957414508382301,0.00022271714922048998,0.5,-0.5402860627778521,0.777222871953725,0.7296614557475142,0.2985261487443731,0.8522310536341715,0.13069390587986784
2021-12-17 11:50:00,0.2629009762900976,0.2589641434262948,-0.3938942665673866,-0.35618639528655593,0.3957414508382301,0.00022271714922048998,0.5,-0.5402860627778521,0.777222871953725,0.7296614557475142,0.2985261487443731,0.8522310536341715,0.13051284759418802
2021-12-17 12:00:00,0.27266387726638774,0.06772908366533859,-0.3879374534623977,-0.35118728798428844,0.3957414508382301,0.00022271714922048998,0.5,-0.5187156859246294,0.7877226607510791,0.6715089371619533,0.36698575372378966,0.7859517209569438,0.13718182778339394
2021-12-17 12:10:00,0.31311018131101814,0.01195219123505975,-0.38198064035740886,-0.34654525977504014,0.3824711101804714,0.00022271714922048998,0.5,-0.5187156859246294,0.7877226607510791,0.6715089371619533,0.36698575372378966,0.7859517209569438,0.18607510901217617
2021-12-17 12:20:00,0.25732217573221755,0.10756972111553775,-0.3757259865971706,-0.34154615247277276,0.38188218973707977,0.00033407572383073496,0.5,-0.5187156859246294,0.7877226607510791,0.6715089371619533,0.36698575372378966,0.7859517209569438,0.135348612640886
2021-12-17 12:30:00,0.2831241283124128,-0.09960159362549814,-0.368577810871184,-0.33547580789144793,0.38188218973707977,0.00033407572383073496,0.5,-0.5187156859246294,0.7877226607510791,0.6715089371619533,0.36698575372378966,0.7859517209569438,0.16252998777856573
2021-12-17 12:40:00,0.3326359832635983,0.1633466135458166,-0.36232315711094576,-0.3297625424031423,0.38188218973707977,0.00022271714922048998,0.5,-0.5187156859246294,0.7877226607510791,0.6715089371619533,0.36698575372378966,0.7859517209569438,0.2370505605262761
2021-12-17 12:50:00,0.3612273361227336,0.13147410358565725,-0.35785554728220414,-0.31905016961256916,0.3886220570336732,0.007015590200445435,0.5,-0.5187156859246294,0.7877226607510791,0.6715089371619533,0.36698575372378966,0.7859517209569438,0.2644658026162922
2021-12-17 13:00:00,0.3758716875871687,-0.019920318725099695,-0.3516008935219658,-0.3165506159614354,0.3905458638154193,0.05400890868596882,0.5,-0.3696670327724122,0.7738896056688538,0.5186057243641762,0.48760463496960943,0.7493603646698055,0.19678018015299423
2021-12-17 13:10:00,0.399581589958159,-0.21912350597609564,-0.3450483991064781,-0.3086948759150152,0.38855662142885183,0.020935412026726056,0.5,-0.3696670327724122,0.7738896056688538,0.5186057243641762,0.48760463496960943,0.7493603646698055,0.2971241908957859
2021-12-17 13:20:00,0.397489539748954,0.07569721115537842,-0.3373045420699926,-0.30298161042670946,0.38397612909136114,0.000556792873051225,0.5,-0.3696670327724122,0.7738896056688538,0.5186057243641762,0.48760463496960943,0.7493603646698055,0.34063853222083074
2021-12-17 13:30:00,0.3598326359832636,-0.20318725099601598,-0.3295606850335072,-0.2940546331012319,0.38103152687440284,0.00044543429844097997,0.5,-0.3696670327724122,0.7738896056688538,0.5186057243641762,0.48760463496960943,0.7493603646698055,0.2678606454727885
2021-12-17 13:40:00,0.3933054393305439,0.05179282868525892,-0.3241995532390173,-0.2861988930548115,0.3746580989648087,0.00957683741648107,0.5,-0.3696670327724122,0.7738896056688538,0.5186057243641762,0.48760463496960943,0.7493603646698055,0.3283265687946045
2021-12-17 13:50:00,0.4198047419804742,-0.1394422310756973,-0.31913626209977675,-0.2829851812176397,0.3755480231903784,0.02182628062360802,0.5,-0.3696670327724122,0.7738896056688538,0.5186057243641762,0.48760463496960943,0.7493603646698055,0.3548817840276416
2021-12-17 14:00:00,0.44142259414225943,-0.03585657370517936,-0.31586001489203286,-0.27762899482235315,0.3791338943345854,0.031180400890868595,0.5,-0.35747717898235054,0.7640047470309503,0.49260553186033657,0.584594407928681,0.7411818503744645,0.362622025740453
2021-12-17 14:10:00,0.45327754532775455,-0.10756972111553798,-0.3137751303052868,-0.27620067845027674,0.37546950046459276,0.02906458797327394,0.5,-0.35747717898235054,0.7640047470309503,0.49260553186033657,0.584594407928681,0.7411818503744645,0.4188557116345037
2021-12-17 14:20:00,0.4923291492329149,-0.03585657370517936,-0.3104988830975429,-0.2740582038921622,0.3773409587624819,0.031291759465478845,0.5,-0.35747717898235054,0.7640047470309503,0.49260553186033657,0.584594407928681,0.7411818503744645,0.4619702159120057
2021-12-17 14:30:00,0.5195258019525802,0.12350597609561742,-0.30752047654504844,-0.273701124799143,0.3752731936501289,0.0655902004454343,0.5,-0.35747717898235054,0.7640047470309503,0.49260553186033657,0.584594407928681,0.7411818503744645,0.41054966277894295
2021-12-17 14:40:00,0.5557880055788006,0.21912350597609564,-0.30275502606105753,-0.27084449205499006,0.3711900119092801,0.07505567928730512,0.5,-0.35747717898235054,0.7640047470309503,0.49260553186033657,0.584594407928681,0.7411818503744645,0.41034597220755314
2021-12-17 14:50:00,0.5348675034867504,-0.043824701195219196,-0.30067014147431137,-0.26691662203178,0.37993220871340516,0.06481069042316259,0.5,-0.35747717898235054,0.7640047470309503,0.49260553186033657,0.584594407928681,0.7411818503744645,0.4379271843927758
2021-12-17 15:00:00,0.5585774058577406,-0.13147410358565736,-0.2985852568875653,-0.26441706838064627,0.3770006936174112,0.06848552338530067,0.5,-0.3473800647917117,0.7511055812095734,0.4685194717380142,0.6594013763072538,0.742272545079325,0.4357695731550915
2021-12-17 15:10:00,0.6004184100418409,-0.06772908366533881,-0.2988830975428147,-0.26334583110158893,0.37719700043187504,0.07550111358574611,0.5,-0.3473800647917117,0.7511055812095734,0.4685194717380142,0.6594013763072538,0.742272545079325,0.4843309141934608
2021-12-17 15:20:00,0.6408647140864714,0.043824701195219085,-0.2985852568875653,-0.26334583110158893,0.377498004214053,0.08930957683741649,0.5,-0.3473800647917117,0.7511055812095734,0.4685194717380142,0.6594013763072538,0.742272545079325,0.49077357152556694
2021-12-17 15:30:00,0.6429567642956765,0.003984063745019917,-0.2944154877140731,-0.2622745938225317,0.38252345866432846,0.05400890868596882,0.5,-0.3473800647917117,0.7511055812095734,0.4685194717380142,0.6594013763072538,0.742272545079325,0.6848378773933642
2021-12-17 15:40:00,0.5669456066945607,0.03585657370517925,-0.2935219657483248,-0.2529905374040349,0.3790030231249428,0.0489977728285078,0.5,-0.3473800647917117,0.7511055812095734,0.4685194717380142,0.6594013763072538,0.742272545079325,0.5834603256031504
2021-12-17 15:50:00,0.5739191073919108,0.019920318725099362,-0.2911392405063292,-0.2526334583110159,0.3764772087788408,0.03975501113585746,0.5,-0.3473800647917117,0.7511055812095734,0.4685194717380142,0.6594013763072538,0.742272545079325,0.6539221751135386
2021-12-17 16:00:00,0.6429567642956765,0.05179282868525892,-0.2899478778853314,-0.24763435100874842,0.38100535263247437,0.03897550111358575,0.5,-0.3218115196901632,0.7543095397506396,0.4423799105123456,0.7023232583930769,0.7391532702224702,0.7432744390965191
2021-12-17 16:10:00,0.6283124128312413,-0.08366533864541836,-0.289650037230082,-0.24549187645063375,0.3835442540995407,0.050556792873051225,0.5,-0.3218115196901632,0.7543095397506396,0.4423799105123456,0.7023232583930769,0.7391532702224702,0.6856300073932133
2021-12-17 16:20:00,0.6094839609483961,-0.1872509960159363,-0.289650037230082,-0.24370648098553827,0.3850623601313947,0.04732739420935412,0.5,-0.3218115196901632,0.7543095397506396,0.4423799105123456,0.7023232583930769,0.7391532702224702,0.6635333524450413
2021-12-17 16:30:00,0.5753138075313807,0.027888446215139417,-0.289650037230082,-0.24549187645063375,0.388412663098245,0.04354120267260579,0.5,-0.3218115196901632,0.7543095397506396,0.4423799105123456,0.7023232583930769,0.7391532702224702,0.592234108363384
2021-12-17 16:40:00,0.6108786610878661,-0.05179282868525903,-0.28875651526433366,-0.24549187645063375,0.3838452578817186,0.0356347438752784,0.5,-0.3218115196901632,0.7543095397506396,0.4423799105123456,0.7023232583930769,0.7391532702224702,0.715195316625677
2021-12-17 16:50:00,0.6178521617852162,-0.01195219123505975,-0.289650037230082,-0.23942153186930903,0.38078287157608204,0.015701559020044543,0.5,-0.3218115196901632,0.7543095397506396,0.4423799105123456,0.7023232583930769,0.7391532702224702,0.8464927501244776
2021-12-17 17:00:00,0.6143654114365412,0.12350597609561742,-0.28518242740134037,-0.24192108552044278,0.37982751174569107,0.008574610244988864,0.5,-0.31781135025646856,0.7578755599743676,0.4283779826840387,0.6877009222444477,0.7335285862077956,0.851185177361679
2021-12-17 17:10:00,0.606694560669456,-0.02788844621513953,-0.28399106478034264,-0.24120692733440452,0.38045569355197556,0.006347438752783964,0.5,-0.31781135025646856,0.7578755599743676,0.4283779826840387,0.6877009222444477,0.7335285862077956,0.8245092566048554
2021-12-17 17:20:00,0.5878661087866108,0.15537848605577675,-0.28428890543559204,-0.23870737368327077,0.3796312049312272,0.008574610244988864,0.5,-0.31781135025646856,0.7578755599743676,0.4283779826840387,0.6877009222444477,0.7335285862077956,0.7958190624198441
2021-12-17 17:30:00,0.5355648535564853,-0.1872509960159363,-0.2872673119880864,-0.2397786109623281,0.3738728717069532,0.00155902004454343,0.5,-0.31781135025646856,0.7578755599743676,0.4283779826840387,0.6877009222444477,0.7335285862077956,0.7009596089141029
2021-12-17 17:40:00,0.5160390516039052,0.2111553784860556,-0.2914370811615786,-0.23870737368327077,0.3744225307874521,0.0008908685968819599,0.5,-0.31781135025646856,0.7578755599743676,0.4283779826840387,0.6877009222444477,0.7335285862077956,0.6646725108257766
2021-12-17 17:50:00,0.5223152022315203,0.01195219123505975,-0.29262844378257635,-0.2415640064274236,0.3710198793367447,0.000556792873051225,0.5,-0.31781135025646856,0.7578755599743676,0.4283779826840387,0.6877009222444477,0.7335285862077956,0.6547444814943344
2021-12-17 18:00:00,0.4783821478382148,0.14741035856573692,-0.29620253164556976,-0.2433494018925193,0.37607150802894873,0.00022271714922048998,0.5,-0.4265000301845461,0.7648466841184249,0.5375388193884085,0.564727144848719,0.7192636531711752,0.5348461758981246
2021-12-17 18:10:00,0.4581589958158996,-0.05179282868525903,-0.30037230081906185,-0.2515622210319586,0.37617620499666277,0.00044543429844097997,0.5,-0.4265000301845461,0.7648466841184249,0.5375388193884085,0.564727144848719,0.7192636531711752,0.47755631667094167
2021-12-17 18:20:00,0.4177126917712692,0.07569721115537842,-0.30364854802680574,-0.25691840742724503,0.37617620499666277,0.00022271714922048998,0.5,-0.4265000301845461,0.7648466841184249,0.5375388193884085,0.564727144848719,0.7192636531711752,0.4161322932540701
2021-12-17 18:30:00,0.4456066945606694,0.10756972111553775,-0.30752047654504844,-0.26655954293876094,0.37617620499666277,0.00022271714922048998,0.5,-0.4265000301845461,0.7648466841184249,0.5375388193884085,0.564727144848719,0.7192636531711752,0.4523364062947931
2021-12-17 18:40:00,0.43096234309623427,0.15537848605577675,-0.30781831720029795,-0.27298696661310484,0.37617620499666277,0.00022271714922048998,0.5,-0.4265000301845461,0.7648466841184249,0.5375388193884085,0.564727144848719,0.7192636531711752,0.41789006744421137
2021-12-17 18:50:00,0.4205020920502092,0.346613545816733,-0.3104988830975429,-0.27727191572933396,0.37617620499666277,0.00022271714922048998,0.5,-0.4265000301845461,0.7648466841184249,0.5375388193884085,0.564727144848719,0.7192636531711752,0.39103308840170803
2021-12-17 19:00:00,0.39191073919107394,0.29083665338645415,-0.3104988830975429,-0.28405641849669694,0.37617620499666277,0.00033407572383073496,0.5,-0.4409698344652817,0.7881709275962855,0.5574487636066799,0.523714446940821,0.734435435031464,0.3300390784133259
2021-12-17 19:10:00,0.3702928870292887,0.2111553784860556,-0.31526433358153394,-0.2894126048919836,0.37617620499666277,0.00044543429844097997,0.5,-0.4409698344652817,0.7881709275962855,0.5574487636066799,0.523714446940821,0.734435435031464,0.26916577394873037
2021-12-17 19:20:00,0.3228730822873082,0.1633466135458166,-0.3167535368577812,-0.2972683449384038,0.37617620499666277,0.00044543429844097997,0.5,-0.4409698344652817,0.7881709275962855,0.5574487636066799,0.523714446940821,0.734435435031464,0.22842765967077572
2021-12-17 19:30:00,0.4121338912133891,0.394422310756972,-0.31943410275502615,-0.30512408498482413,0.3765295572626978,0.00033407572383073496,0.5,-0.4409698344652817,0.7881709275962855,0.5574487636066799,0.523714446940821,0.734435435031464,0.3339091992697316
2021-12-17 19:40:00,0.4428172942817294,-0.21912350597609564,-0.31943410275502615,-0.30619532226388146,0.38737878054206853,0.00033407572383073496,0.5,-0.4409698344652817,0.7881709275962855,0.5574487636066799,0.523714446940821,0.734435435031464,0.39740030478144756
2021-12-17 19:50:00,0.4344490934449094,-0.40239043824701204,-0.3218168279970217,-0.30619532226388146,0.3873918676630328,0.00033407572383073496,0.5,-0.4409698344652817,0.7881709275962855,0.5574487636066799,0.523714446940821,0.734435435031464,0.3889961826878103
2021-12-17 20:00:00,0.42747559274755925,-0.2589641434262948,-0.325390915860015,-0.30440992679878587,0.38740495478399706,0.00044543429844097997,0.5,-0.4487747575814075,0.79674546776358,0.5750435891846322,0.4856548937144771,0.7545258578750762,0.3751527679285423
2021-12-17 20:10:00,0.44142259414225943,0.027888446215139417,-0.32747580044676106,-0.3072665595429388,0.38740495478399706,0.00033407572383073496,0.5,-0.4487747575814075,0.79674546776358,0.5750435891846322,0.4856548937144771,0.7545258578750762,0.3971815260195845
2021-12-17 20:20:00,0.45188284518828453,-0.01195219123505975,-0.33134772896500375,-0.3133369041242635,0.38740495478399706,0.00022271714922048998,0.5,-0.4487747575814075,0.79674546776358,0.5750435891846322,0.4856548937144771,0.7545258578750762,0.42357831525265177
2021-12-17 20:30:00,0.4393305439330544,-0.1394422310756973,-0.33432613551749824,-0.3133369041242635,0.38740495478399706,0.00022271714922048998,0.5,-0.4487747575814075,0.79674546776358,0.5750435891846322,0.4856548937144771,0.7545258578750762,0.3966383511625451
2021-12-17 20:40:00,0.45676429567642957,-0.059760956175298974,-0.33521965748324656,-0.31583645777539726,0.38740495478399706,0.00022271714922048998,0.5,-0.4487747575814075,0.79674546776358,0.5750435891846322,0.4856548937144771,0.7545258578750762,0.4468443049625058
2021-12-17 20:50:00,0.4693165969316597,0.043824701195219085,-0.3373045420699926,-0.31905016961256916,0.38740495478399706,0.00044543429844097997,0.5,-0.4487747575814075,0.79674546776358,0.5750435891846322,0.4856548937144771,0.7545258578750762,0.4785672254326539
2021-12-17 21:00:00,0.45258019525801957,0.21912350597609564,-0.3408786299329859,-0.32190680235672187,0.38740495478399706,0.00033407572383073496,0.5,-0.4589217679939084,0.8047453068472756,0.6009260981817771,0.442026743489681,0.773070211497033,0.428738476394526
2021-12-17 21:10:00,0.34658298465829845,0.09960159362549792,-0.3480268056589725,-0.3244063560078556,0.3924304092342726,0.00011135857461024499,0.5,-0.4589217679939084,0.8047453068472756,0.6009260981817771,0.442026743489681,0.773070211497033,0.21572340329224315
2021-12-17 21:20:00,0.33333333333333337,-0.4900398406374503,-0.3521965748324647,-0.3294054633101231,0.396644462184764,0.00011135857461024499,0.5,-0.4589217679939084,0.8047453068472756,0.6009260981817771,0.442026743489681,0.773070211497033,0.2028305445327942
2021-12-17 21:30:00,0.3158995815899582,0.17131474103585642,-0.3569620253164557,-0.3361899660774862,0.38478753059114523,0.00011135857461024499,0.5,-0.4589217679939084,0.8047453068472756,0.6009260981817771,0.442026743489681,0.773070211497033,0.18775744224995097
2021-12-17 21:40:00,0.298465829846583,0.05179282868525892,-0.36232315711094576,-0.34797357614711666,0.39553205690280197,0.00011135857461024499,0.5,-0.4589217679939084,0.8047453068472756,0.6009260981817771,0.442026743489681,0.773070211497033,0.15241335606620698
2021-12-17 21:50:00,0.31311018131101814,-0.5378486055776892,-0.3670886075949368,-0.3504731297982504,0.3986467916922956,0.00011135857461024499,0.5,-0.4589217679939084,0.8047453068472756,0.6009260981817771,0.442026743489681,0.773070211497033,0.1748268630143187
2021-12-17 22:00:00,0.28103207810320785,-0.19521912350597614,-0.3709605361131796,-0.3547580789144795,0.3986467916922956,0.00011135857461024499,0.5,-0.5383949092512466,0.8081475372621842,0.6936248130601301,0.4157285256739915,0.7915076325111653,0.13872082321167223
2021-12-17 22:10:00,0.3319386331938633,-0.298804780876494,-0.37602382725242,-0.35904302803070876,0.3986467916922956,0.00011135857461024499,0.5,-0.5383949092512466,0.8081475372621842,0.6936248130601301,0.4157285256739915,0.7915076325111653,0.2017215625330054
2021-12-17 22:20:00,0.3319386331938633,-0.31474103585657376,-0.3798957557706627,-0.35582931619353686,0.3986467916922956,0.00011135857461024499,0.5,-0.5383949092512466,0.8081475372621842,0.6936248130601301,0.4157285256739915,0.7915076325111653,0.1929402356775352
2021-12-17 22:30:00,0.2907949790794979,-0.08366533864541836,-0.3870439314966494,-0.3633279771469381,0.3986467916922956,0.00011135857461024499,0.5,-0.5383949092512466,0.8081475372621842,0.6936248130601301,0.4157285256739915,0.7915076325111653,0.15085927244745537
2021-12-17 22:40:00,0.2545327754532775,0.1633466135458166,-0.39270290394638885,-0.37546866630958753,0.3986467916922956,0.00011135857461024499,0.5,-0.5383949092512466,0.8081475372621842,0.6936248130601301,0.4157285256739915,0.7915076325111653,0.136231271783575
2021-12-17 22:50:00,0.24476987447698745,0.21912350597609564,-0.39627699180938203,-0.3808248527048741,0.3986467916922956,0.00011135857461024499,0.5,-0.5383949092512466,0.8081475372621842,0.6936248130601301,0.4157285256739915,0.7915076325111653,0.12561672978559682
2021-12-17 23:00:00,0.23291492329149233,0.15537848605577675,-0.4022338049143709,-0.38475272272808425,0.40901179149598876,0.00011135857461024499,0.5,-0.5712207530927487,0.8091503906530617,0.746287548235337,0.39492041253746896,0.8116583479986039,0.12901157264209304
2021-12-17 23:10:00,0.2782426778242678,0.027888446215139417,-0.4028294862248698,-0.38653811819317974,0.41247987855151746,0.00011135857461024499,0.5,-0.5712207530927487,0.8091503906530617,0.746287548235337,0.39492041253746896,0.8116583479986039,0.17653937263304012
2021-12-17 23:20:00,0.3117154811715481,-0.2589641434262948,-0.4034251675353687,-0.38653811819317974,0.40935205664105956,0.00011135857461024499,0.5,-0.5712207530927487,0.8091503906530617,0.746287548235337,0.39492041253746896,0.8116583479986039,0.19484889177240972
2021-12-17 23:30:00,0.36750348675034866,-0.23505976095617542,-0.4028294862248698,-0.37796821996072116,0.39847665911976027,0.00011135857461024499,0.5,-0.5712207530927487,0.8091503906530617,0.746287548235337,0.39492041253746896,0.8116583479986039,0.24056610890655883
2021-12-17 23:40:00,0.3117154811715481,-0.059760956175298974,-0.4028294862248698,-0.3683270844492056,0.3874573032678541,0.00011135857461024499,0.5,-0.5712207530927487,0.8091503906530617,0.746287548235337,0.39492041253746896,0.8116583479986039,0.1731294415860706
2021-12-17 23:50:00,0.23849372384937237,0.2669322709163344,-0.40461653015636645,-0.3826102481699697,0.3931894622501996,0.00011135857461024499,0.5,-0.5712207530927487,0.8091503906530617,0.746287548235337,0.39492041253746896,0.8116583479986039,0.10115877302835072
2021-12-18 00:00:00,0.19316596931659694,-0.21912350597609564,-0.41295606850335087,-0.3904659882163899,0.4012773030061117,0.00022271714922048998,0.5,-0.5848783429384672,0.796848913958628,0.785358472457938,0.387739350771244,0.8239572829136009,0.07316263560511188
2021-12-18 00:10:00,0.18270571827057183,0.12350597609561742,-0.4186150409530902,-0.3954650955186574,0.4012773030061117,0.00022271714922048998,0.5,-0.5848783429384672,0.796848913958628,0.785358472457938,0.387739350771244,0.8239572829136009,0.08155166950827587
2021-12-18 00:20:00,0.20292887029288703,0.06772908366533859,-0.42069992553983626,-0.3986788073558293,0.4012773030061117,0.00033407572383073496,0.5,-0.5848783429384672,0.796848913958628,0.785358472457938,0.387739350771244,0.8239572829136009,0.09646634579114928
2021-12-18 00:30:00,0.2294281729428173,0.22709163346613526,-0.42069992553983626,-0.39903588644884846,0.4012773030061117,0.00044543429844097997,0.5,-0.5848783429384672,0.796848913958628,0.785358472457938,0.387739350771244,0.8239572829136009,0.12149010969114474
2021-12-18 00:40:00,0.2294281729428173,0.41035856573705165,-0.4189128816083396,-0.3997500446348865,0.4012773030061117,0.00044543429844097997,0.5,-0.5848783429384672,0.796848913958628,0.785358472457938,0.387739350771244,0.8239572829136009,0.12521689273805392
2021-12-18 00:50:00,0.25313807531380755,-0.1633466135458168,-0.42010424422933734,-0.39903588644884846,0.4128855793014095,0.00044543429844097997,0.5,-0.5848783429384672,0.796848913958628,0.785358472457938,0.387739350771244,0.8239572829136009,0.14072000844938667
2021-12-18 01:00:00,0.2649930264993026,-0.3545816733067729,-0.4177215189873419,-0.39903588644884846,0.4150973027443693,0.00044543429844097997,0.5,-0.6266185337114685,0.7901364053021928,0.8500936585709798,0.37913705546709214,0.8269314655710035,0.15687946044630868
2021-12-18 01:10:00,0.303347280334728,-0.11553784860557781,-0.4135517498138497,-0.39725049098375276,0.4150973027443693,0.00044543429844097997,0.5,-0.6266185337114685,0.7901364053021928,0.8500936585709798,0.37913705546709214,0.8269314655710035,0.19914902605730497
2021-12-18 01:20:00,0.40027894002789405,0.40239043824701204,-0.4067014147431125,-0.3918943045884663,0.4150973027443693,0.00033407572383073496,0.5,-0.6266185337114685,0.7901364053021928,0.8500936585709798,0.37913705546709214,0.8269314655710035,0.326968631652006
2021-12-18 01:30:00,0.4665271966527197,0.09163346613545809,-0.40431868950111693,-0.384038564542046,0.4235777571292091,0.00033407572383073496,0.5,-0.6266185337114685,0.7901364053021928,0.8500936585709798,0.37913705546709214,0.8269314655710035,0.3823950993557343
2021-12-18 01:40:00,0.4909344490934449,-0.059760956175298974,-0.3986597170513776,-0.3743974290305303,0.42631296541073926,0.00022271714922048998,0.5,-0.6266185337114685,0.7901364053021928,0.8500936585709798,0.37913705546709214,0.8269314655710035,0.40114217601883007
2021-12-18 01:50:00,0.4337517433751743,0.05976095617529875,-0.39687267311988095,-0.36582753079807184,0.42631296541073926,0.00022271714922048998,0.5,-0.6266185337114685,0.7901364053021928,0.8500936585709798,0.37913705546709214,0.8269314655710035,0.31763658584425974
2021-12-18 02:00:00,0.3765690376569038,-0.19521912350597614,-0.39687267311988095,-0.3615425816818424,0.4238787609113871,0.00022271714922048998,0.5,-0.6340895924018994,0.7768435692385518,0.8651930358248632,0.3821703650179278,0.8247633048085987,0.242218265763387
2021-12-18 02:10:00,0.36192468619246865,0.21912350597609564,-0.3980640357408788,-0.36689876807712907,0.42250461321013993,0.00022271714922048998,0.5,-0.6340895924018994,0.7768435692385518,0.8651930358248632,0.3821703650179278,0.8247633048085987,0.21364877710216212
2021-12-18 02:20:00,0.3361227336122734,0.2350597609561753,-0.4019359642591215,-0.37511158721656845,0.42639148813652483,0.00022271714922048998,0.5,-0.6340895924018994,0.7768435692385518,0.8651930358248632,0.3821703650179278,0.8247633048085987,0.1907901685350876
2021-12-18 02:30:00,0.29009762900976294,0.019920318725099362,-0.40461653015636645,-0.38296732726298865,0.42639148813652483,0.00022271714922048998,0.5,-0.6340895924018994,0.7768435692385518,0.8651930358248632,0.3821703650179278,0.8247633048085987,0.13139550673687703
2021-12-18 02:40:00,0.29428172942817293,0.10756972111553775,-0.40878629932985866,-0.3868951972861988,0.42639148813652483,0.00022271714922048998,0.5,-0.6340895924018994,0.7768435692385518,0.8651930358248632,0.3821703650179278,0.8247633048085987,0.14014665721140065
2021-12-18 02:50:00,0.2796373779637378,-0.01195219123505975,-0.4108711839166047,-0.3915372254954472,0.42639148813652483,0.00022271714922048998,0.5,-0.6340895924018994,0.7768435692385518,0.8651930358248632,0.3821703650179278,0.8247633048085987,0.14173091721109887
2021-12-18 03:00:00,0.2294281729428173,0.49800796812749004,-0.4061057334326137,-0.3901089091233708,0.42639148813652483,0.00022271714922048998,0.5,-0.6406954719512191,0.7698552040619873,0.8703976142712557,0.37687082254860815,0.8316599854921249,0.10358042759931803
2021-12-18 03:10:00,0.29567642956764295,0.2589641434262948,-0.40461653015636645,-0.39082306730940897,0.42639148813652483,0.00022271714922048998,0.5,-0.6406954719512191,0.7698552040619873,0.8703976142712557,0.37687082254860815,0.8316599854921249,0.15536309730374037
2021-12-18 03:20:00,0.2280334728033473,-0.2589641434262948,-0.40461653015636645,-0.3918943045884663,0.42639148813652483,0.00022271714922048998,0.5,-0.6406954719512191,0.7698552040619873,0.8703976142712557,0.37687082254860815,0.8316599854921249,0.09162303664921466
2021-12-18 03:30:00,0.29218967921896793,-0.2270916334661356,-0.4058078927773642,-0.3951080164256383,0.42639148813652483,0.00022271714922048998,0.5,-0.6406954719512191,0.7698552040619873,0.8703976142712557,0.37687082254860815,0.8316599854921249,0.13420191016491392
2021-12-18 03:40:00,0.24546722454672246,0.10756972111553775,-0.4072970960536114,-0.3968934118907338,0.42639148813652483,0.00022271714922048998,0.5,-0.6406954719512191,0.7698552040619873,0.8703976142712557,0.37687082254860815,0.8316599854921249,0.1094195573124915
2021-12-18 03:50:00,0.29288702928870297,-0.21115537848605592,-0.41176470588235303,-0.3954650955186574,0.42639148813652483,0.00022271714922048998,0.5,-0.6406954719512191,0.7698552040619873,0.8703976142712557,0.37687082254860815,0.8316599854921249,0.12633341883307936
2021-12-18 04:00:00,0.2894002789400279,-0.08366533864541836,-0.4108711839166047,-0.3954650955186574,0.42639148813652483,0.00022271714922048998,0.5,-0.685580892415274,0.7625277652461013,0.9113620001732281,0.37952893845162783,0.8407740955701832,0.13875099959261886
2021-12-18 04:10:00,0.28451882845188287,0.043824701195219085,-0.40848845867460915,-0.3983217282628101,0.42639148813652483,0.00022271714922048998,0.5,-0.685580892415274,0.7625277652461013,0.9113620001732281,0.37952893845162783,0.8407740955701832,0.1298715994990721
2021-12-18 04:20:00,0.27266387726638774,0.12350597609561742,-0.4058078927773642,-0.39903588644884846,0.42639148813652483,0.00022271714922048998,0.5,-0.685580892415274,0.7625277652461013,0.9113620001732281,0.37952893845162783,0.8407740955701832,0.12680115273775217
2021-12-18 04:30:00,0.2705718270571827,0.3784860557768923,-0.4058078927773642,-0.39903588644884846,0.42639148813652483,0.00022271714922048998,0.5,-0.685580892415274,0.7625277652461013,0.9113620001732281,0.37952893845162783,0.8407740955701832,0.13436788026012042
2021-12-18 04:40:00,0.2684797768479777,0.4661354581673305,-0.4058078927773642,-0.3983217282628101,0.43016057897423143,0.00022271714922048998,0.5,-0.685580892415274,0.7625277652461013,0.9113620001732281,0.37952893845162783,0.8407740955701832,0.14465802616292228
2021-12-18 04:50:00,0.28451882845188287,-0.06772908366533881,-0.40402084884586753,-0.3954650955186574,0.44019840075381816,0.00022271714922048998,0.5,-0.685580892415274,0.7625277652461013,0.9113620001732281,0.37952893845162783,0.8407740955701832,0.1734538376812469
2021-12-18 05:00:00,0.30474198047419804,0.21912350597609564,-0.4025316455696203,-0.3954650955186574,0.44019840075381816,0.00022271714922048998,0.5,-0.6875066664487599,0.7555796291453928,0.9047268315985796,0.38081530117417833,0.8372783095748616,0.18206165034627397
2021-12-18 05:10:00,0.31729428172942814,0.20318725099601576,-0.39776619508562927,-0.39475093733261923,0.44019840075381816,0.00022271714922048998,0.5,-0.6875066664487599,0.7555796291453928,0.9047268315985796,0.38081530117417833,0.8372783095748616,0.17965508396577998
2021-12-18 05:20:00,0.28451882845188287,0.06772908366533859,-0.39687267311988095,-0.39260846277450456,0.44019840075381816,0.00022271714922048998,0.5,-0.6875066664487599,0.7555796291453928,0.9047268315985796,0.38081530117417833,0.8372783095748616,0.1579959865413341
2021-12-18 05:30:00,0.2649930264993026,-0.38645418326693237,-0.39687267311988095,-0.39296554186752364,0.43611521901296935,0.00022271714922048998,0.5,-0.6875066664487599,0.7555796291453928,0.9047268315985796,0.38081530117417833,0.8372783095748616,0.13474508502195334
2021-12-18 05:40:00,0.3277545327754533,-0.003984063745020028,-0.3983618763961282,-0.3883235136582752,0.4262867911688108,0.00022271714922048998,0.5,-0.6875066664487599,0.7555796291453928,0.9047268315985796,0.38081530117417833,0.8372783095748616,0.18515472939330388
2021-12-18 05:50:00,0.40446304044630405,0.03585657370517925,-0.39776619508562927,-0.3861810391001608,0.4262867911688108,0.00022271714922048998,0.5,-0.6875066664487599,0.7555796291453928,0.9047268315985796,0.38081530117417833,0.8372783095748616,0.2871508969929236
2021-12-18 06:00:00,0.3668061366806137,-0.33864541832669326,-0.39627699180938203,-0.3761828244956258,0.4205022837026083,0.00022271714922048998,0.5,-0.7120614110424742,0.7571140810386008,0.8894325410367334,0.38769391165620976,0.8596646017145656,0.2663141059492735
2021-12-18 06:10:00,0.3103207810320781,-0.42629482071713154,-0.3998510796723753,-0.37689698268166394,0.4046145188519978,0.00022271714922048998,0.5,-0.7120614110424742,0.7571140810386008,0.8894325410367334,0.38769391165620976,0.8596646017145656,0.1717865926339454
2021-12-18 06:20:00,0.2719665271966527,0.24302788844621515,-0.40938198064035747,-0.38153901089091236,0.38741804190496126,0.00022271714922048998,0.5,-0.7120614110424742,0.7571140810386008,0.8894325410367334,0.38769391165620976,0.8596646017145656,0.1298112467371788
2021-12-18 06:30:00,0.20432357043235705,0.41035856573705165,-0.4215934475055846,-0.394036779146581,0.39659211370090697,0.00022271714922048998,0.5,-0.7120614110424742,0.7571140810386008,0.8894325410367334,0.38769391165620976,0.8596646017145656,0.08589706836459103
2021-12-18 06:40:00,0.16736401673640167,0.298804780876494,-0.42784810126582296,-0.39760757007677205,0.40119878028032613,0.00022271714922048998,0.5,-0.7120614110424742,0.7571140810386008,0.8894325410367334,0.38769391165620976,0.8596646017145656,0.06895303046305658
2021-12-18 06:50:00,0.24476987447698745,0.2589641434262948,-0.4296351451973195,-0.40260667737903943,0.41238826870476764,0.00044543429844097997,0.5,-0.7120614110424742,0.7571140810386008,0.8894325410367334,0.38769391165620976,0.8596646017145656,0.12462845330959457
2021-12-18 07:00:00,0.2608089260808926,-0.06772908366533881,-0.4296351451973195,-0.4076057846813069,0.41763620421143555,0.00044543429844097997,0.5,-0.7179201813874418,0.7568985681322512,0.8870339787030898,0.3893998584075588,0.8596547650494746,0.12804592845180077
2021-12-18 07:10:00,0.33472803347280333,0.346613545816733,-0.42725241995532404,-0.4061774683092304,0.42344688591956653,0.00044543429844097997,0.5,-0.7179201813874418,0.7568985681322512,0.8870339787030898,0.3893998584075588,0.8596547650494746,0.19408693815350725
2021-12-18 07:20:00,0.3110181311018131,0.3227091633466135,-0.42427401340282955,-0.4043920728441349,0.4315478137964429,0.00044543429844097997,0.5,-0.7179201813874418,0.7568985681322512,0.8870339787030898,0.3893998584075588,0.8596547650494746,0.18329888196508592
2021-12-18 07:30:00,0.37517433751743373,-0.14741035856573714,-0.41712583767684297,-0.39725049098375276,0.4315478137964429,0.00044543429844097997,0.5,-0.7179201813874418,0.7568985681322512,0.8870339787030898,0.3893998584075588,0.8596547650494746,0.248819349095463
2021-12-18 07:40:00,0.4546722454672245,-0.40239043824701204,-0.4099776619508564,-0.38653811819317974,0.4315478137964429,0.00044543429844097997,0.5,-0.7179201813874418,0.7568985681322512,0.8870339787030898,0.3893998584075588,0.8596547650494746,0.347586643933793
2021-12-18 07:50:00,0.4546722454672245,-0.38645418326693237,-0.4067014147431125,-0.37796821996072116,0.4315478137964429,0.00044543429844097997,0.5,-0.7179201813874418,0.7568985681322512,0.8870339787030898,0.3893998584075588,0.8596547650494746,0.35868400802691736
2021-12-18 08:00:00,0.3207810320781032,-0.298804780876494,-0.4058078927773642,-0.3743974290305303,0.41914122312232527,0.00044543429844097997,0.5,-0.7186184283157058,0.767567893749266,0.8815436880362415,0.38521720866251713,0.8635735320896611,0.21005024367427616
2021-12-18 08:10:00,0.22663877266387727,0.05976095617529875,-0.40878629932985866,-0.383681485449027,0.40911648846370285,0.00044543429844097997,0.5,-0.7186184283157058,0.767567893749266,0.8815436880362415,0.38521720866251713,0.8635735320896611,0.11339529550221042
2021-12-18 08:20:00,0.2280334728033473,-0.13147410358565736,-0.4150409530900969,-0.38653811819317974,0.4008323408933268,0.00044543429844097997,0.5,-0.7186184283157058,0.767567893749266,0.8815436880362415,0.38521720866251713,0.8635735320896611,0.09730374036241833
2021-12-18 08:30:00,0.1617852161785216,0.7290836653386452,-0.4215934475055846,-0.39475093733261923,0.4044836476423552,0.00044543429844097997,0.5,-0.7186184283157058,0.767567893749266,0.8815436880362415,0.38521720866251713,0.8635735320896611,0.060035909893326495
2021-12-18 08:40:00,0.1799163179916318,0.3545816733067728,-0.4266567386448251,-0.4004642028209249,0.4117600868984832,0.00044543429844097997,0.5,-0.7186184283157058,0.767567893749266,0.8815436880362415,0.38521720866251713,0.8635735320896611,0.06521115922567407
2021-12-18 08:50:00,0.14853556485355648,-0.29083665338645437,-0.429932985852569,-0.40403499375111596,0.4091426627056314,0.00044543429844097997,0.5,-0.7186184283157058,0.767567893749266,0.8815436880362415,0.38521720866251713,0.8635735320896611,0.044661043801016945
2021-12-18 09:00:00,0.14644351464435149,-0.3227091633466136,-0.43559195830230835,-0.4061774683092304,0.3953619243302666,0.00044543429844097997,0.5,-0.7189767072028999,0.7724212444002585,0.8776345158623545,0.37435781165877996,0.8684876787729512,0.040172307135205275
2021-12-18 09:10:00,0.12691771269177127,-0.24302788844621515,-0.4424422933730455,-0.407962863774326,0.3838059965188258,0.00044543429844097997,0.5,-0.7189767072028999,0.7724212444002585,0.8776345158623545,0.37435781165877996,0.8684876787729512,0.026245907328334112
2021-12-18 09:20:00,0.11924686192468618,0.2111553784860556,-0.44661206254653774,-0.4033208355650776,0.3788852390362644,0.00044543429844097997,0.5,-0.7189767072028999,0.7724212444002585,0.8776345158623545,0.37435781165877996,0.8684876787729512,0.021289436757849632
2021-12-18 09:30:00,0.099721059972106,-0.2270916334661356,-0.4519731943410277,-0.4004642028209249,0.3788852390362644,0.00044543429844097997,0.5,-0.7189767072028999,0.7724212444002585,0.8776345158623545,0.37435781165877996,0.8684876787729512,0.009505559998189417
2021-12-18 09:40:00,0.11157601115760113,0.2589641434262948,-0.4534623976172749,-0.39903588644884846,0.3788852390362644,0.00044543429844097997,0.5,-0.7189767072028999,0.7724212444002585,0.8776345158623545,0.37435781165877996,0.8684876787729512,0.014529927425803824
2021-12-18 09:50:00,0.14504881450488147,0.4661354581673305,-0.4525688756515265,-0.39903588644884846,0.3882948790095667,0.00044543429844097997,0.5,-0.7189767072028999,0.7724212444002585,0.8776345158623545,0.37435781165877996,0.8684876787729512,0.04175656713490351
2021-12-18 10:00:00,0.20362622036262204,0.4262948207171313,-0.44839910647803427,-0.40260667737903943,0.39871222729711686,0.00044543429844097997,0.5,-0.5389913625504175,0.7792458197679953,0.683704905056168,0.33325394621486804,0.8672783491632705,0.08598759750743094
2021-12-18 10:10:00,0.2099023709902371,0.10756972111553775,-0.44363365599404325,-0.404749151937154,0.4117600868984832,0.00044543429844097997,0.5,-0.5389913625504175,0.7792458197679953,0.683704905056168,0.33325394621486804,0.8672783491632705,0.08818292922129849
2021-12-18 10:20:00,0.21338912133891214,0.17928286852589648,-0.43857036485480283,-0.39939296554186754,0.4057530983758883,0.00044543429844097997,0.5,-0.5389913625504175,0.7792458197679953,0.683704905056168,0.33325394621486804,0.8672783491632705,0.10535328997993271
2021-12-18 10:30:00,0.30613668061366806,0.4183266932270917,-0.43559195830230835,-0.3986788073558293,0.411445995995341,0.00044543429844097997,0.5,-0.5389913625504175,0.7792458197679953,0.683704905056168,0.33325394621486804,0.8672783491632705,0.17828960272794486
2021-12-18 10:40:00,0.4560669456066946,0.36254980079681287,-0.43142218912881614,-0.39296554186752364,0.42505660179817045,0.00044543429844097997,0.5,-0.5389913625504175,0.7792458197679953,0.683704905056168,0.33325394621486804,0.8672783491632705,0.39411107925826455
2021-12-18 10:50:00,0.5097629009762901,-0.03585657370517936,-0.4257632166790768,-0.3808248527048741,0.42533143133841983,0.00044543429844097997,0.5,-0.5389913625504175,0.7792458197679953,0.683704905056168,0.33325394621486804,0.8672783491632705,0.47155121686256163
2021-12-18 11:00:00,0.4295676429567643,-0.3067729083665339,-0.42069992553983626,-0.36868416354222455,0.42533143133841983,0.00022271714922048998,0.5,-0.5219972630454772,0.7702517478096719,0.622343228258955,0.29923870928765656,0.821578988477228,0.33984640222098167
2021-12-18 11:10:00,0.35006973500697347,-0.06772908366533881,-0.41623231571109465,-0.3647562935190145,0.42533143133841983,0.00022271714922048998,0.5,-0.5219972630454772,0.7702517478096719,0.622343228258955,0.29923870928765656,0.821578988477228,0.25476409614194967
2021-12-18 11:20:00,0.34309623430962344,-0.3784860557768924,-0.40134028294862256,-0.3533297625424031,0.41691641255840134,0.00022271714922048998,0.5,-0.5219972630454772,0.7702517478096719,0.622343228258955,0.29923870928765656,0.821578988477228,0.2595244202362811
2021-12-18 11:30:00,0.3849372384937238,-0.2509960159362551,-0.3870439314966494,-0.3454740224959829,0.39659211370090697,0.00033407572383073496,0.5,-0.5219972630454772,0.7702517478096719,0.622343228258955,0.29923870928765656,0.821578988477228,0.3234455391764866
2021-12-18 11:40:00,0.394700139470014,-0.02788844621513953,-0.37721518987341784,-0.33547580789144793,0.38817709492088837,0.00033407572383073496,0.5,-0.5219972630454772,0.7702517478096719,0.622343228258955,0.29923870928765656,0.821578988477228,0.33962762345911857
2021-12-18 11:50:00,0.3528591352859135,-0.06772908366533881,-0.37066269545793007,-0.3279771469380467,0.3867636858567483,0.00022271714922048998,0.5,-0.5219972630454772,0.7702517478096719,0.622343228258955,0.29923870928765656,0.821578988477228,0.2614104440454456
2021-12-18 12:00:00,0.2649930264993026,-0.07569721115537853,-0.3670886075949368,-0.3244063560078556,0.3819607124628653,0.00022271714922048998,0.5,-0.504802611413494,0.764619677190401,0.5663161143848178,0.3893277669823133,0.7642534093417854,0.14547278844848138
2021-12-18 12:10:00,0.24895397489539747,0.2828685258964143,-0.36232315711094576,-0.32404927691483665,0.37518158380337907,0.00022271714922048998,0.5,-0.504802611413494,0.764619677190401,0.5663161143848178,0.3893277669823133,0.7642534093417854,0.13126725711785386
2021-12-18 12:20:00,0.2615062761506276,0.1394422310756971,-0.35874906924795247,-0.3211926441706838,0.38296842077711324,0.00022271714922048998,0.5,-0.504802611413494,0.764619677190401,0.5663161143848178,0.3893277669823133,0.7642534093417854,0.1448692608295487
2021-12-18 12:30:00,0.25732217573221755,0.1872509960159361,-0.3521965748324647,-0.3169076950544545,0.3760976822708772,0.00033407572383073496,0.5,-0.504802611413494,0.764619677190401,0.5663161143848178,0.3893277669823133,0.7642534093417854,0.1383436184498393
2021-12-18 12:40:00,0.28870292887029286,-0.03585657370517936,-0.3453462397617276,-0.3133369041242635,0.38832105325149524,0.48897550111358573,0.5,-0.504802611413494,0.764619677190401,0.5663161143848178,0.3893277669823133,0.7642534093417854,0.06595048055886658
2021-12-18 12:50:00,0.4198047419804742,-0.4342629482071714,-0.3206254653760239,-0.2801285484734869,0.38990459488817053,0.9962138084632516,0.5,-0.504802611413494,0.764619677190401,0.5663161143848178,0.3893277669823133,0.7642534093417854,0.0
2021-12-18 13:00:00,0.4867503486750349,-0.17928286852589637,-0.28369322412509324,-0.24870558828780576,0.38990459488817053,0.9962138084632516,0.5,-0.34704620036601685,0.7462867126235996,0.4097800573884635,0.4979175511242892,0.7493121136045588,0.0
2021-12-18 13:10:00,0.46582984658298465,-0.10756972111553798,-0.2595681310498884,-0.24442063917157653,0.38990459488817053,0.9962138084632516,0.5,-0.34704620036601685,0.7462867126235996,0.4097800573884635,0.4979175511242892,0.7493121136045588,0.0
2021-12-18 13:20:00,0.5,-0.4820717131474104,-0.2470588235294119,-0.2508480628459203,0.38990459488817053,0.9962138084632516,0.5,-0.34704620036601685,0.7462867126235996,0.4097800573884635,0.4979175511242892,0.7493121136045588,0.0
2021-12-18 13:30:00,0.43165969316596936,0.03585657370517925,-0.23931496649292638,-0.2526334583110159,0.38990459488817053,0.9962138084632516,0.5,-0.34704620036601685,0.7462867126235996,0.4097800573884635,0.4979175511242892,0.7493121136045588,0.0
2021-12-18 13:40:00,0.4211994421199442,0.2828685258964143,-0.24199553239017135,-0.2515622210319586,0.38990459488817053,0.9962138084632516,0.5,-0.34704620036601685,0.7462867126235996,0.4097800573884635,0.4979175511242892,0.7493121136045588,0.0
2021-12-18 13:50:00,0.45327754532775455,-0.08366533864541836,-0.23395383469843645,-0.24584895554365294,0.38990459488817053,0.9455456570155902,0.5,-0.34704620036601685,0.7462867126235996,0.4097800573884635,0.4979175511242892,0.7493121136045588,0.0
2021-12-18 14:00:00,0.48884239888423986,-0.13147410358565736,-0.22084884586746112,-0.22906623817175498,0.39703707581369174,0.0410913140311804,0.5,-0.32291080416633466,0.7221952431991308,0.36699056261973634,0.5809495960175809,0.7488375739852782,0.42369147668120166
2021-12-18 14:10:00,0.5013947001394701,-0.02788844621513953,-0.23693224125093093,-0.22585252633458308,0.3932548978550209,0.0544543429844098,0.5,-0.32291080416633466,0.7221952431991308,0.36699056261973634,0.5809495960175809,0.7488375739852782,0.3909048387826848
2021-12-18 14:20:00,0.4881450488145049,-0.019920318725099695,-0.2601638123603872,-0.24763435100874842,0.38876601536428,0.0378619153674833,0.5,-0.32291080416633466,0.7221952431991308,0.36699056261973634,0.5809495960175809,0.7488375739852782,0.4381685954403488
2021-12-18 14:30:00,0.5118549511854951,-0.15537848605577698,-0.2625465376023829,-0.2526334583110159,0.39007472746070593,0.036302895322939864,0.5,-0.32291080416633466,0.7221952431991308,0.36699056261973634,0.5809495960175809,0.7488375739852782,0.46834497638698186
2021-12-18 14:40:00,0.42677824267782427,-0.003984063745020028,-0.2589724497393895,-0.2515622210319586,0.38059965188258243,0.02416481069042316,0.5,-0.32291080416633466,0.7221952431991308,0.36699056261973634,0.5809495960175809,0.7488375739852782,0.3561567361226368
2021-12-18 14:50:00,0.47489539748953974,0.25099601593625476,-0.25361131794489955,-0.24584895554365294,0.3788067163104789,0.03752783964365256,0.5,-0.32291080416633466,0.7221952431991308,0.36699056261973634,0.5809495960175809,0.7488375739852782,0.4113795132549753
2021-12-18 15:00:00,0.5341701534170153,0.05179282868525892,-0.2509307520476546,-0.24370648098553827,0.3746057504809517,0.05979955456570156,0.5,-0.30857127705310783,0.6944371808613067,0.33900484138279646,0.6373362378791967,0.7467444611422083,0.4186143005869306
2021-12-18 15:10:00,0.5160390516039052,0.03585657370517925,-0.24854802680565913,-0.24192108552044278,0.37515540956145055,0.05991091314031181,0.5,-0.30857127705310783,0.6944371808613067,0.33900484138279646,0.6373362378791967,0.7467444611422083,0.4065588363987507
2021-12-18 15:20:00,0.4916317991631799,0.13147410358565725,-0.2479523454951601,-0.24192108552044278,0.37170040962688616,0.04832962138084632,0.5,-0.30857127705310783,0.6944371808613067,0.33900484138279646,0.6373362378791967,0.7467444611422083,0.3989619324954359
2021-12-18 15:30:00,0.5285913528591353,-0.043824701195219196,-0.2479523454951601,-0.24192108552044278,0.3783224928348013,0.05968819599109132,0.5,-0.30857127705310783,0.6944371808613067,0.33900484138279646,0.6373362378791967,0.7467444611422083,0.4127449944928105
2021-12-18 15:40:00,0.5139470013947002,0.09960159362549792,-0.2479523454951601,-0.23620782003213703,0.3737158262553821,0.06002227171492205,0.5,-0.30857127705310783,0.6944371808613067,0.33900484138279646,0.6373362378791967,0.7467444611422083,0.412888332302307
2021-12-18 15:50:00,0.4783821478382148,-0.0916334661354582,-0.2473566641846613,-0.23442242456704165,0.37002525814346104,0.05189309576837417,0.5,-0.30857127705310783,0.6944371808613067,0.33900484138279646,0.6373362378791967,0.7467444611422083,0.3871403352595923
2021-12-18 16:00:00,0.47698744769874474,-0.003984063745020028,-0.2479523454951601,-0.23549366184609888,0.37864967085890777,0.050445434298440985,0.5,-0.2760487462073369,0.6808943498262974,0.2930236887514731,0.6507330830843294,0.7414100465552381,0.3722633794529022
2021-12-18 16:10:00,0.4686192468619247,-0.02788844621513953,-0.2479523454951601,-0.24084984824138556,0.37990603447147664,0.04587973273942094,0.5,-0.2760487462073369,0.6808943498262974,0.2930236887514731,0.6507330830843294,0.7414100465552381,0.36072091374081505
2021-12-18 16:20:00,0.4790794979079498,-0.019920318725099695,-0.2479523454951601,-0.2415640064274236,0.3786758451008363,0.03908685968819599,0.5,-0.2760487462073369,0.6808943498262974,0.2930236887514731,0.6507330830843294,0.7414100465552381,0.3919534680205803
2021-12-18 16:30:00,0.504881450488145,-0.02788844621513953,-0.2479523454951601,-0.24013569005534718,0.37601915954509174,0.033073496659242765,0.5,-0.2760487462073369,0.6808943498262974,0.2930236887514731,0.6507330830843294,0.7414100465552381,0.47925373809918975
2021-12-18 16:40:00,0.44839609483960946,0.08366533864541825,-0.2479523454951601,-0.23763613640421344,0.3658242923139338,0.011692650334075724,0.5,-0.2760487462073369,0.6808943498262974,0.2930236887514731,0.6507330830843294,0.7414100465552381,0.434389003726783
2021-12-18 16:50:00,0.47629009762900976,-0.03585657370517936,-0.2479523454951601,-0.23335118728798432,0.3713208831189227,0.005456570155902005,0.5,-0.2760487462073369,0.6808943498262974,0.2930236887514731,0.6507330830843294,0.7414100465552381,0.48645834905019847
2021-12-18 17:00:00,0.4700139470013947,-0.14741035856573714,-0.2479523454951601,-0.2351365827530797,0.3712685346350656,0.006124721603563475,0.5,-0.2709594649897623,0.6684405773447104,0.27131983194085085,0.5972959334167083,0.7291030555782546,0.4950737058104622
2021-12-18 17:10:00,0.5230125523012552,-0.23505976095617542,-0.2479523454951601,-0.2383502945902518,0.36677965214432473,0.004899777282850779,0.5,-0.2709594649897623,0.6684405773447104,0.27131983194085085,0.5972959334167083,0.7291030555782546,0.584818262745749
2021-12-18 17:20:00,0.46443514644351463,0.09960159362549792,-0.24884586746090853,-0.23906445277628985,0.365274633233435,0.000556792873051225,0.5,-0.2709594649897623,0.6684405773447104,0.27131983194085085,0.5972959334167083,0.7291030555782546,0.4823090966700364
2021-12-18 17:30:00,0.36541143654114366,0.07569721115537842,-0.251228592702904,-0.23620782003213703,0.3657457695881483,0.00033407572383073496,0.5,-0.2709594649897623,0.6684405773447104,0.27131983194085085,0.5972959334167083,0.7291030555782546,0.2703803732818323
2021-12-18 17:40:00,0.3577405857740586,-0.07569721115537853,-0.25658972449739403,-0.2433494018925193,0.3664655612411825,0.00033407572383073496,0.5,-0.2709594649897623,0.6684405773447104,0.27131983194085085,0.5972959334167083,0.7291030555782546,0.28073087194652746
2021-12-18 17:50:00,0.38702928870292885,0.05179282868525892,-0.2625465376023829,-0.25227637921799684,0.3702215649579249,0.00033407572383073496,0.5,-0.2709594649897623,0.6684405773447104,0.27131983194085085,0.5972959334167083,0.7291030555782546,0.3301748721275858
2021-12-18 18:00:00,0.35704323570432356,0.10756972111553775,-0.26969471332836936,-0.2576325656132833,0.3744617921503448,0.00033407572383073496,0.5,-0.4442504109934452,0.6700008907866793,0.41448625632913444,0.4966755154970457,0.7194704798917182,0.2768079424234652
2021-12-18 18:10:00,0.3354253835425383,0.31474103585657365,-0.27773641102010427,-0.27227280842706647,0.3744617921503448,0.00022271714922048998,0.5,-0.4442504109934452,0.6700008907866793,0.41448625632913444,0.4966755154970457,0.7194704798917182,0.2187712177678531
2021-12-18 18:20:00,0.32217573221757323,0.25099601593625476,-0.2825018615040954,-0.2851276557757543,0.3744617921503448,0.00022271714922048998,0.5,-0.4442504109934452,0.6700008907866793,0.41448625632913444,0.4966755154970457,0.7194704798917182,0.21688519395868855
2021-12-18 18:30:00,0.35006973500697347,0.06772908366533859,-0.2872673119880864,-0.2883413676129263,0.37511614819855776,0.00033407572383073496,0.5,-0.4442504109934452,0.6700008907866793,0.41448625632913444,0.4966755154970457,0.7194704798917182,0.2587247461411953
2021-12-18 18:40:00,0.37517433751743373,-0.26693227091633476,-0.2905435591958303,-0.2883413676129263,0.38567745481671495,0.00022271714922048998,0.5,-0.4442504109934452,0.6700008907866793,0.41448625632913444,0.4966755154970457,0.7194704798917182,0.27844501108982
2021-12-18 18:50:00,0.2635983263598326,-0.11553784860557781,-0.29530900967982143,-0.29548294947330833,0.37033934904660326,0.00022271714922048998,0.5,-0.4442504109934452,0.6700008907866793,0.41448625632913444,0.4966755154970457,0.7194704798917182,0.14964467311435342
2021-12-18 19:00:00,0.28033472803347276,0.09960159362549792,-0.3015636634400597,-0.3090519550080342,0.3738074361021319,0.00033407572383073496,0.5,-0.4737224015691962,0.6800437922225692,0.4559253074957166,0.45032912797747143,0.7414629617002463,0.15778475187470767
2021-12-18 19:10:00,0.29428172942817293,0.5617529880478087,-0.30722263588979903,-0.3169076950544545,0.3744617921503448,0.00033407572383073496,0.5,-0.4737224015691962,0.6800437922225692,0.4559253074957166,0.45032912797747143,0.7414629617002463,0.16154925539780013
2021-12-18 19:20:00,0.299860529986053,0.5617529880478087,-0.3104988830975429,-0.3247634351008748,0.3744617921503448,0.00044543429844097997,0.5,-0.4737224015691962,0.6800437922225692,0.4559253074957166,0.45032912797747143,0.7414629617002463,0.15887110158878645
2021-12-18 19:30:00,0.31659693165969316,0.689243027888446,-0.3140729709605362,-0.3265488305659704,0.3756658072790567,0.00044543429844097997,0.5,-0.4737224015691962,0.6800437922225692,0.4559253074957166,0.45032912797747143,0.7414629617002463,0.18286132444135975
2021-12-18 19:40:00,0.27475592747559274,-0.11553784860557781,-0.3164556962025318,-0.32762006784502773,0.3882948790095667,0.00044543429844097997,0.5,-0.4737224015691962,0.6800437922225692,0.4559253074957166,0.45032912797747143,0.7414629617002463,0.13261010606997903
2021-12-18 19:50:00,0.25662482566248257,-0.36254980079681276,-0.31943410275502615,-0.3326191751472952,0.3882948790095667,0.00044543429844097997,0.5,-0.4737224015691962,0.6800437922225692,0.4559253074957166,0.45032912797747143,0.7414629617002463,0.11067942121701345
2021-12-18 20:00:00,0.2580195258019526,-0.14741035856573714,-0.3244973938942667,-0.3361899660774862,0.3882948790095667,0.00044543429844097997,0.5,-0.49010070298306696,0.6836586620384068,0.4792301926167042,0.42352759014343955,0.7619680555518248,0.11250509226428475
2021-12-18 20:10:00,0.25871687587168757,-0.1872509960159363,-0.325390915860015,-0.33833244063560075,0.3882948790095667,0.00044543429844097997,0.5,-0.49010070298306696,0.6836586620384068,0.4792301926167042,0.42352759014343955,0.7619680555518248,0.11662416826350017
2021-12-18 20:20:00,0.25174337517433754,0.12350597609561742,-0.32807148175726,-0.3444027852169256,0.3882948790095667,0.00044543429844097997,0.5,-0.49010070298306696,0.6836586620384068,0.4792301926167042,0.42352759014343955,0.7619680555518248,0.10882357378879551
2021-12-18 20:30:00,0.21338912133891214,0.2669322709163344,-0.3298585256887566,-0.3454740224959829,0.3882948790095667,0.00022271714922048998,0.5,-0.49010070298306696,0.6836586620384068,0.4792301926167042,0.42352759014343955,0.7619680555518248,0.08336979646031052
2021-12-18 20:40:00,0.20781032078103207,0.298804780876494,-0.33432613551749824,-0.3490448134261739,0.3882948790095667,0.00022271714922048998,0.5,-0.49010070298306696,0.6836586620384068,0.4792301926167042,0.42352759014343955,0.7619680555518248,0.07397739789067098
2021-12-18 20:50:00,0.23221757322175732,0.2350597609561753,-0.33462397617274764,-0.3490448134261739,0.3882948790095667,0.00022271714922048998,0.5,-0.49010070298306696,0.6836586620384068,0.4792301926167042,0.42352759014343955,0.7619680555518248,0.09104968541122863
2021-12-18 21:00:00,0.23221757322175732,0.36254980079681287,-0.33521965748324656,-0.3501160507052312,0.3882948790095667,0.00022271714922048998,0.5,-0.5033521522581876,0.685333915697098,0.4999125616617825,0.3970338105495354,0.7806059430766902,0.09161549255397801
2021-12-18 21:10:00,0.18758716875871687,0.2111553784860556,-0.3373045420699926,-0.35618639528655593,0.3882948790095667,0.00022271714922048998,0.5,-0.5033521522581876,0.685333915697098,0.4999125616617825,0.3970338105495354,0.7806059430766902,0.06444920560677159
2021-12-18 21:20:00,0.17294281729428174,0.49003984063745,-0.3373045420699926,-0.3501160507052312,0.3882948790095667,0.00022271714922048998,0.5,-0.5033521522581876,0.685333915697098,0.4999125616617825,0.3970338105495354,0.7806059430766902,0.056520361513043745
2021-12-18 21:30:00,0.18340306834030684,0.6175298804780875,-0.3373045420699926,-0.34940189251919307,0.39406629935480497,0.00022271714922048998,0.5,-0.5033521522581876,0.685333915697098,0.4999125616617825,0.3970338105495354,0.7806059430766902,0.07354738446218145
2021-12-18 21:40:00,0.24616457461645744,-0.33067729083665354,-0.3405807892777365,-0.35582931619353686,0.4048631741503187,0.00022271714922048998,0.5,-0.5033521522581876,0.685333915697098,0.4999125616617825,0.3970338105495354,0.7806059430766902,0.1074731807414337
2021-12-18 21:50:00,0.24058577405857742,-0.14741035856573714,-0.3432613551749816,-0.35618639528655593,0.4048631741503187,0.00033407572383073496,0.5,-0.5033521522581876,0.685333915697098,0.4999125616617825,0.3970338105495354,0.7806059430766902,0.11535676026374157
2021-12-18 22:00:00,0.2824267782426778,-0.3227091633466136,-0.3432613551749816,-0.35582931619353686,0.4048631741503187,0.00033407572383073496,0.5,-0.5738213601856834,0.6871672121537798,0.5594522999453305,0.3820958777778228,0.8060829326160562,0.150006789685713
2021-12-18 22:10:00,0.3472803347280335,-0.01195219123505975,-0.3405807892777365,-0.34940189251919307,0.3948122652497677,0.00033407572383073496,0.5,-0.5738213601856834,0.6871672121537798,0.5594522999453305,0.3820958777778228,0.8060829326160562,0.2173755601490713
2021-12-18 22:20:00,0.3096234309623431,0.5219123505976095,-0.3402829486224871,-0.3501160507052312,0.39099082592820406,0.00033407572383073496,0.5,-0.5738213601856834,0.6871672121537798,0.5594522999453305,0.3820958777778228,0.8060829326160562,0.16641519682544473
2021-12-18 22:30:00,0.29218967921896793,0.33864541832669315,-0.3420699925539836,-0.3554722371005177,0.39099082592820406,0.00033407572383073496,0.5,-0.5738213601856834,0.6871672121537798,0.5594522999453305,0.3820958777778228,0.8060829326160562,0.14867902892406115
2021-12-18 22:40:00,0.28591352859135283,0.2749003984063745,-0.3432613551749816,-0.35618639528655593,0.39099082592820406,0.00033407572383073496,0.5,-0.5738213601856834,0.6871672121537798,0.5594522999453305,0.3820958777778228,0.8060829326160562,0.14511821597235844
2021-12-18 22:50:00,0.27405857740585776,0.5378486055776892,-0.3438570364854804,-0.3583288698446706,0.39099082592820406,0.00033407572383073496,0.5,-0.5738213601856834,0.6871672121537798,0.5594522999453305,0.3820958777778228,0.8060829326160562,0.12989423178478207
2021-12-18 23:00:00,0.2782426778242678,0.4501992031872508,-0.348324646314222,-0.359757186216747,0.39099082592820406,0.00033407572383073496,0.5,-0.5967811266873746,0.6782823334013415,0.5868451651544717,0.37734550127836547,0.8333310498284104,0.12998476092762196
2021-12-18 23:10:00,0.24616457461645744,0.5139442231075697,-0.3492181682799703,-0.36047134440278517,0.39099082592820406,0.00033407572383073496,0.5,-0.5967811266873746,0.6782823334013415,0.5868451651544717,0.37734550127836547,0.8333310498284104,0.10674894759871449
2021-12-18 23:20:00,0.19107391910739194,0.4262948207171313,-0.3518987341772153,-0.359757186216747,0.3987776629019382,0.00022271714922048998,0.5,-0.5967811266873746,0.6782823334013415,0.5868451651544717,0.37734550127836547,0.8333310498284104,0.08794151817372542
2021-12-18 23:30:00,0.17503486750348674,0.05976095617529875,-0.3521965748324647,-0.359757186216747,0.40487626127128296,0.00022271714922048998,0.5,-0.5967811266873746,0.6782823334013415,0.5868451651544717,0.37734550127836547,0.8333310498284104,0.08175536007966565
2021-12-18 23:40:00,0.2105997210599721,0.06772908366533859,-0.3569620253164557,-0.3611855025888234,0.40487626127128296,0.00033407572383073496,0.5,-0.5967811266873746,0.6782823334013415,0.5868451651544717,0.37734550127836547,0.8333310498284104,0.10001961464761533
2021-12-18 23:50:00,0.23570432357043236,0.49800796812749004,-0.3596425912137007,-0.36689876807712907,0.40935205664105956,0.00022271714922048998,0.5,-0.5967811266873746,0.6782823334013415,0.5868451651544717,0.37734550127836547,0.8333310498284104,0.11915144016778068
2021-12-19 00:00:00,0.2880055788005579,0.05179282868525892,-0.35815338793745355,-0.36689876807712907,0.41872243525146907,0.00022271714922048998,0.5,-0.5999934961475515,0.6582999767246055,0.5950549847017782,0.37971503450094457,0.8413130828517396,0.1522322977805272
2021-12-19 00:10:00,0.2629009762900976,-0.2509960159362551,-0.35815338793745355,-0.36868416354222455,0.41872243525146907,0.00022271714922048998,0.5,-0.5999934961475515,0.6582999767246055,0.5950549847017782,0.37971503450094457,0.8413130828517396,0.14167056444920562
2021-12-19 00:20:00,0.25313807531380755,-0.13147410358565736,-0.35815338793745355,-0.36689876807712907,0.41872243525146907,0.00022271714922048998,0.5,-0.5999934961475515,0.6582999767246055,0.5950549847017782,0.37971503450094457,0.8413130828517396,0.12913227816587955
2021-12-19 00:30:00,0.2684797768479777,-0.01195219123505975,-0.35874906924795247,-0.3676129262631672,0.41872243525146907,0.00022271714922048998,0.5,-0.5999934961475515,0.6582999767246055,0.5950549847017782,0.37971503450094457,0.8413130828517396,0.13961857054483456
2021-12-19 00:40:00,0.2684797768479777,-0.05179282868525903,-0.3611317944899479,-0.37046955900732004,0.41872243525146907,0.00022271714922048998,0.5,-0.5999934961475515,0.6582999767246055,0.5950549847017782,0.37971503450094457,0.8413130828517396,0.1433906181631637
2021-12-19 00:50:00,0.2524407252440725,-0.26693227091633476,-0.3635145197319435,-0.3697554008212819,0.41872243525146907,0.00022271714922048998,0.5,-0.5999934961475515,0.6582999767246055,0.5950549847017782,0.37971503450094457,0.8413130828517396,0.13824554521176274
2021-12-19 01:00:00,0.24198047419804744,-0.4581673306772909,-0.368577810871184,-0.37189787537939656,0.41525434819594037,0.00033407572383073496,0.5,-0.6403351585255668,0.6510012729629012,0.6378848063618081,0.36821581027673544,0.8313671718693478,0.11454954207341914
2021-12-19 01:10:00,0.2105997210599721,-0.2509960159362551,-0.37453462397617276,-0.3743974290305303,0.4048631741503187,0.00033407572383073496,0.5,-0.6403351585255668,0.6510012729629012,0.6378848063618081,0.36821581027673544,0.8313671718693478,0.08232871131765167
2021-12-19 01:20:00,0.19107391910739194,-0.45019920318725104,-0.3795979151154134,-0.3772540617746831,0.4048631741503187,0.00022271714922048998,0.5,-0.6403351585255668,0.6510012729629012,0.6378848063618081,0.36821581027673544,0.8313671718693478,0.056935286751059945
2021-12-19 01:30:00,0.17642956764295675,-0.2749003984063746,-0.38495904690990335,-0.3776111408677022,0.4048631741503187,0.00022271714922048998,0.5,-0.6403351585255668,0.6510012729629012,0.6378848063618081,0.36821581027673544,0.8313671718693478,0.05157143503779592
2021-12-19 01:40:00,0.20432357043235705,-0.7450199203187251,-0.3879374534623977,-0.3811819317978933,0.4048631741503187,0.00022271714922048998,0.5,-0.6403351585255668,0.6510012729629012,0.6378848063618081,0.36821581027673544,0.8313671718693478,0.065565731701797
2021-12-19 01:50:00,0.18619246861924685,-0.2270916334661356,-0.38883097542814604,-0.3876093554722372,0.3912263941055607,0.00022271714922048998,0.5,-0.6403351585255668,0.6510012729629012,0.6378848063618081,0.36821581027673544,0.8313671718693478,0.05784057817945894
2021-12-19 02:00:00,0.15760111576011157,-0.06772908366533881,-0.39329858525688766,-0.3883235136582752,0.38837340173535223,0.00022271714922048998,0.5,-0.6458784086440534,0.6343665500981315,0.6566688947908182,0.376440633648752,0.8384954407158727,0.04264677037282919
2021-12-19 02:10:00,0.1631799163179916,-0.14741035856573714,-0.39657483246463154,-0.3883235136582752,0.38837340173535223,0.00022271714922048998,0.5,-0.6458784086440534,0.6343665500981315,0.6566688947908182,0.376440633648752,0.8384954407158727,0.050658599514160275
2021-12-19 02:20:00,0.14435146443514643,-0.5139442231075697,-0.39717051377513035,-0.38975183003035174,0.38837340173535223,0.00022271714922048998,0.5,-0.6458784086440534,0.6343665500981315,0.6566688947908182,0.376440633648752,0.8384954407158727,0.04844063551458273
2021-12-19 02:30:00,0.13668061366806136,-0.29083665338645437,-0.4019359642591215,-0.38939475093733256,0.37544332622266424,0.00022271714922048998,0.5,-0.6458784086440534,0.6343665500981315,0.6566688947908182,0.376440633648752,0.8384954407158727,0.04915732456206527
2021-12-19 02:40:00,0.18340306834030684,0.7450199203187249,-0.4028294862248698,-0.3904659882163899,0.37192289068327855,0.00022271714922048998,0.5,-0.6458784086440534,0.6343665500981315,0.6566688947908182,0.376440633648752,0.8384954407158727,0.06636540579688278
2021-12-19 02:50:00,0.22384937238493724,0.3545816733067728,-0.40521221146686526,-0.3933226209605427,0.38774521992906774,0.00033407572383073496,0.5,-0.6458784086440534,0.6343665500981315,0.6566688947908182,0.376440633648752,0.8384954407158727,0.0852709084599484
2021-12-19 03:00:00,0.18410041841004185,0.38645418326693215,-0.4058078927773642,-0.3954650955186574,0.39873840153904544,0.00033407572383073496,0.5,-0.6497014731726093,0.6170508064492982,0.67472532377865,0.38875536612871886,0.8467875865546883,0.08442596979344268
2021-12-19 03:10:00,0.17642956764295675,0.31474103585657365,-0.4058078927773642,-0.3954650955186574,0.40232427268325244,0.00022271714922048998,0.5,-0.6497014731726093,0.6170508064492982,0.67472532377865,0.38875536612871886,0.8467875865546883,0.08808485598322194
2021-12-19 03:20:00,0.18688981868898188,0.33864541832669315,-0.4058078927773642,-0.3954650955186574,0.40232427268325244,0.00022271714922048998,0.5,-0.6497014731726093,0.6170508064492982,0.67472532377865,0.38875536612871886,0.8467875865546883,0.09190216817297102
2021-12-19 03:30:00,0.19665271966527195,0.49800796812749004,-0.4058078927773642,-0.39903588644884846,0.40232427268325244,0.00033407572383073496,0.5,-0.6497014731726093,0.6170508064492982,0.67472532377865,0.38875536612871886,0.8467875865546883,0.09701706474342532
2021-12-19 03:40:00,0.201534170153417,0.7609561752988048,-0.4058078927773642,-0.39903588644884846,0.40232427268325244,0.00033407572383073496,0.5,-0.6497014731726093,0.6170508064492982,0.67472532377865,0.38875536612871886,0.8467875865546883,0.10155106598065695
2021-12-19 03:50:00,0.2482566248256625,0.6334661354581672,-0.40134028294862256,-0.3983217282628101,0.40232427268325244,0.00022271714922048998,0.5,-0.6497014731726093,0.6170508064492982,0.67472532377865,0.38875536612871886,0.8467875865546883,0.15042925901896587
2021-12-19 04:00:00,0.27405857740585776,-0.059760956175298974,-0.394192107222636,-0.3951080164256383,0.41351376110769394,0.00022271714922048998,0.5,-0.6707323971565824,0.6185162942124729,0.7057665045094469,0.38354574356352394,0.8381962671611575,0.1732199707289105
2021-12-19 04:10:00,0.24337517433751746,-0.40239043824701204,-0.3882352941176471,-0.3886805927512945,0.41615735954247424,0.00022271714922048998,0.5,-0.6707323971565824,0.6185162942124729,0.7057665045094469,0.38354574356352394,0.8381962671611575,0.13889433740211538
2021-12-19 04:20:00,0.2629009762900976,-0.17928286852589637,-0.3861504095309011,-0.38796643456525615,0.41615735954247424,0.00022271714922048998,0.5,-0.6707323971565824,0.6185162942124729,0.7057665045094469,0.38354574356352394,0.8381962671611575,0.15309232463750624
2021-12-19 04:30:00,0.2831241283124128,-0.09960159362549814,-0.3828741623231572,-0.38475272272808425,0.41615735954247424,0.00022271714922048998,0.5,-0.6707323971565824,0.6185162942124729,0.7057665045094469,0.38354574356352394,0.8381962671611575,0.1830876472984595
2021-12-19 04:40:00,0.28103207810320785,-0.29083665338645437,-0.3790022338049145,-0.37832529905374035,0.41615735954247424,0.00022271714922048998,0.5,-0.6707323971565824,0.6185162942124729,0.7057665045094469,0.38354574356352394,0.8381962671611575,0.16914615930111504
2021-12-19 04:50:00,0.28172942817294283,-0.298804780876494,-0.3766195085629189,-0.37546866630958753,0.41615735954247424,0.00022271714922048998,0.5,-0.6707323971565824,0.6185162942124729,0.7057665045094469,0.38354574356352394,0.8381962671611575,0.17599619777600073
2021-12-19 05:00:00,0.3403068340306834,-0.3067729083665339,-0.3748324646314223,-0.3697554008212819,0.40628967033542296,0.00022271714922048998,0.5,-0.6775927607786345,0.6112779340645441,0.7260646267600374,0.3940522867629091,0.8446728499986036,0.20551624243704456
2021-12-19 05:10:00,0.36262203626220363,-0.29083665338645437,-0.3715562174236785,-0.35904302803070876,0.40225883707843113,0.00022271714922048998,0.5,-0.6775927607786345,0.6112779340645441,0.7260646267600374,0.3940522867629091,0.8446728499986036,0.22754500052808668
2021-12-19 05:20:00,0.3270571827057183,-0.5219123505976095,-0.37006701414743126,-0.3551151580074986,0.40225883707843113,0.00022271714922048998,0.5,-0.6775927607786345,0.6112779340645441,0.7260646267600374,0.3940522867629091,0.8446728499986036,0.19407184996303395
2021-12-19 05:30:00,0.30264993026499304,-0.3784860557768924,-0.37006701414743126,-0.35582931619353686,0.40225883707843113,0.00022271714922048998,0.5,-0.6775927607786345,0.6112779340645441,0.7260646267600374,0.3940522867629091,0.8446728499986036,0.1619189160643964
2021-12-19 05:40:00,0.2698744769874477,-0.26693227091633476,-0.3709605361131796,-0.359757186216747,0.39330724633887787,0.00022271714922048998,0.5,-0.6775927607786345,0.6112779340645441,0.7260646267600374,0.3940522867629091,0.8446728499986036,0.12643149207115592
2021-12-19 05:50:00,0.2280334728033473,-0.1394422310756973,-0.3766195085629189,-0.37046955900732004,0.3884650115821021,0.00033407572383073496,0.5,-0.6775927607786345,0.6112779340645441,0.7260646267600374,0.3940522867629091,0.8446728499986036,0.09360713369645579
2021-12-19 06:00:00,0.11785216178521618,-0.3545816733067729,-0.38525688756515275,-0.3740403499375111,0.37930402690712073,0.00022271714922048998,0.5,-0.6924544638607601,0.6022465065357896,0.7438773190023228,0.3944371269558388,0.8855971352725827,0.027460506661436093
2021-12-19 06:10:00,0.1596931659693166,0.4262948207171313,-0.3953834698436338,-0.3747545081235494,0.37868893222180056,0.00022271714922048998,0.5,-0.6924544638607601,0.6022465065357896,0.7438773190023228,0.3944371269558388,0.8855971352725827,0.04913469227635529
2021-12-19 06:20:00,0.18898186889818688,-0.13147410358565736,-0.4022338049143709,-0.3822531690769505,0.38843883734017354,0.00033407572383073496,0.5,-0.6924544638607601,0.6022465065357896,0.7438773190023228,0.3944371269558388,0.8855971352725827,0.0705222022722815
2021-12-19 06:30:00,0.17782426778242677,-0.17131474103585675,-0.40521221146686526,-0.3886805927512945,0.38843883734017354,0.00022271714922048998,0.5,-0.6924544638607601,0.6022465065357896,0.7438773190023228,0.3944371269558388,0.8855971352725827,0.06110717141693197
2021-12-19 06:40:00,0.1806136680613668,0.4820717131474104,-0.40878629932985866,-0.3951080164256383,0.38843883734017354,0.00022271714922048998,0.5,-0.6924544638607601,0.6022465065357896,0.7438773190023228,0.3944371269558388,0.8855971352725827,0.06288757789278332
2021-12-19 06:50:00,0.12622036262203626,0.5617529880478087,-0.41146686522710363,-0.3933226209605427,0.38843883734017354,0.00022271714922048998,0.5,-0.6924544638607601,0.6022465065357896,0.7438773190023228,0.3944371269558388,0.8855971352725827,0.03480091132670459
2021-12-19 07:00:00,0.13807531380753138,0.17928286852589648,-0.41295606850335087,-0.38975183003035174,0.38843883734017354,0.00022271714922048998,0.5,-0.6975824013090421,0.5931058858011498,0.7534640863036055,0.36246977832570404,0.8816808273986688,0.03358631199360261
2021-12-19 07:10:00,0.1311018131101813,0.2589641434262948,-0.4177215189873419,-0.38653811819317974,0.38843883734017354,0.00022271714922048998,0.5,-0.6975824013090421,0.5931058858011498,0.7534640863036055,0.36246977832570404,0.8816808273986688,0.03616639256453973
2021-12-19 07:20:00,0.14783821478382148,0.689243027888446,-0.4105733432613553,-0.38796643456525615,0.3937914698145555,0.00022271714922048998,0.5,-0.6975824013090421,0.5931058858011498,0.7534640863036055,0.36246977832570404,0.8816808273986688,0.051307391704512886
2021-12-19 07:30:00,0.15341701534170155,0.4422310756972112,-0.40431868950111693,-0.3883235136582752,0.40494169687610426,0.00022271714922048998,0.5,-0.6975824013090421,0.5931058858011498,0.7534640863036055,0.36246977832570404,0.8816808273986688,0.07001674789142538
2021-12-19 07:40:00,0.2705718270571827,0.2669322709163344,-0.398957557706627,-0.3901089091233708,0.4169818481632226,0.00022271714922048998,0.5,-0.6975824013090421,0.5931058858011498,0.7534640863036055,0.36246977832570404,0.8816808273986688,0.14811322178131178
2021-12-19 07:50:00,0.303347280334728,-0.08366533864541836,-0.39329858525688766,-0.3918943045884663,0.4213398594443209,0.00022271714922048998,0.5,-0.6975824013090421,0.5931058858011498,0.7534640863036055,0.36246977832570404,0.8816808273986688,0.1622282239690994
2021-12-19 08:00:00,0.21687587168758715,-0.36254980079681276,-0.38466120625465394,-0.38975183003035174,0.41594796560704617,0.00022271714922048998,0.5,-0.6959029398413661,0.5942754025062714,0.7531058364044545,0.38274700601178313,0.8788504653989261,0.1224934743576203
2021-12-19 08:10:00,0.2503486750348675,-0.29083665338645437,-0.3790022338049145,-0.38653811819317974,0.4074936854641347,0.00022271714922048998,0.5,-0.6959029398413661,0.5942754025062714,0.7531058364044545,0.38274700601178313,0.8788504653989261,0.12732923940431826
2021-12-19 08:20:00,0.2315202231520223,-0.50597609561753,-0.3790022338049145,-0.383681485449027,0.4074936854641347,0.00022271714922048998,0.5,-0.6959029398413661,0.5942754025062714,0.7531058364044545,0.38274700601178313,0.8788504653989261,0.09107986179217527
2021-12-19 08:30:00,0.17294281729428174,0.13147410358565725,-0.3790022338049145,-0.38332440635600784,0.4074936854641347,0.00022271714922048998,0.5,-0.6959029398413661,0.5942754025062714,0.7531058364044545,0.38274700601178313,0.8788504653989261,0.08187606560345217
2021-12-19 08:40:00,0.20571827057182707,0.20318725099601576,-0.37423678332092347,-0.3776111408677022,0.4074936854641347,0.00022271714922048998,0.5,-0.6959029398413661,0.5942754025062714,0.7531058364044545,0.38274700601178313,0.8788504653989261,0.11479849721622885
2021-12-19 08:50:00,0.24198047419804744,-0.059760956175298974,-0.3667907669396874,-0.37689698268166394,0.4074936854641347,0.00022271714922048998,0.5,-0.6959029398413661,0.5942754025062714,0.7531058364044545,0.38274700601178313,0.8788504653989261,0.13972418787814778
2021-12-19 09:00:00,0.2482566248256625,0.019920318725099362,-0.3599404318689502,-0.37368327084449204,0.4074936854641347,0.00022271714922048998,0.5,-0.6994756227271954,0.5990626625326512,0.7568590272063217,0.40107847039947786,0.8835076689423936,0.1453445388294582
2021-12-19 09:10:00,0.3312412831241283,0.3306772908366533,-0.355770662695458,-0.36689876807712907,0.413160408841659,0.00022271714922048998,0.5,-0.6994756227271954,0.5990626625326512,0.7568590272063217,0.40107847039947786,0.8835076689423936,0.22227922205289918
2021-12-19 09:20:00,0.44490934449093444,0.07569721115537842,-0.3453462397617276,-0.35154436707730763,0.4213922079281779,0.00022271714922048998,0.5,-0.6994756227271954,0.5990626625326512,0.7568590272063217,0.40107847039947786,0.8835076689423936,0.35732607088431884
2021-12-19 09:30:00,0.496513249651325,0.36254980079681287,-0.3364110201042444,-0.3386895197286198,0.42340762455667375,0.00022271714922048998,0.5,-0.6994756227271954,0.5990626625326512,0.7568590272063217,0.40107847039947786,0.8835076689423936,0.431763658584426
2021-12-19 09:40:00,0.47280334728033474,-0.4183266932270917,-0.3289650037230083,-0.32869130512408495,0.4326994804412977,0.00022271714922048998,0.5,-0.6994756227271954,0.5990626625326512,0.7568590272063217,0.40107847039947786,0.8835076689423936,0.3890791677354135
2021-12-19 09:50:00,0.3417015341701534,-0.19521912350597614,-0.3283693224125095,-0.3211926441706838,0.421195901113714,0.00022271714922048998,0.5,-0.6994756227271954,0.5990626625326512,0.7568590272063217,0.40107847039947786,0.8835076689423936,0.1997600977714743
2021-12-19 10:00:00,0.2545327754532775,-0.3545816733067729,-0.3283693224125095,-0.32690590965898936,0.4072450301658138,0.00022271714922048998,0.5,-0.5217010542578054,0.6056314959181867,0.5846709370054646,0.3578614239229585,0.8763485329742593,0.12035095131040935
2021-12-19 10:10:00,0.28033472803347276,0.15537848605577675,-0.32777364110201046,-0.32690590965898936,0.39631728416065753,0.00022271714922048998,0.5,-0.5217010542578054,0.6056314959181867,0.5846709370054646,0.3578614239229585,0.8763485329742593,0.13316836911749175
2021-12-19 10:20:00,0.2768479776847978,0.11553784860557759,-0.325390915860015,-0.32404927691483665,0.39631728416065753,0.00022271714922048998,0.5,-0.5217010542578054,0.6056314959181867,0.5846709370054646,0.3578614239229585,0.8763485329742593,0.13157656502255685
2021-12-19 10:30:00,0.28103207810320785,0.05179282868525892,-0.325390915860015,-0.32404927691483665,0.39631728416065753,0.00022271714922048998,0.5,-0.5217010542578054,0.6056314959181867,0.5846709370054646,0.3578614239229585,0.8763485329742593,0.12730660711860828
2021-12-19 10:40:00,0.18967921896792192,0.4262948207171313,-0.3283693224125095,-0.3215497232637029,0.40034811741764925,0.00022271714922048998,0.5,-0.5217010542578054,0.6056314959181867,0.5846709370054646,0.3578614239229585,0.8763485329742593,0.08329435550794394
2021-12-19 10:50:00,0.15481171548117156,-0.043824701195219196,-0.3283693224125095,-0.3165506159614354,0.4102027195037364,0.00022271714922048998,0.5,-0.5217010542578054,0.6056314959181867,0.5846709370054646,0.3578614239229585,0.8763485329742593,0.06154472894065815
2021-12-19 11:00:00,0.14714086471408647,-0.36254980079681276,-0.3283693224125095,-0.3133369041242635,0.4102027195037364,0.00022271714922048998,0.5,-0.49186361388062205,0.6053470188818038,0.5076081499379181,0.30060413390057217,0.8303358369923615,0.04760324094331367
2021-12-19 11:10:00,0.16387726638772665,0.41035856573705165,-0.32658227848101273,-0.3104802713801106,0.4102027195037364,0.00022271714922048998,0.5,-0.49186361388062205,0.6053470188818038,0.5076081499379181,0.30060413390057217,0.8303358369923615,0.05763688760806917
2021-12-19 11:20:00,0.23291492329149233,0.5697211155378485,-0.32360387192851836,-0.3133369041242635,0.4102027195037364,0.00022271714922048998,0.5,-0.49186361388062205,0.6053470188818038,0.5076081499379181,0.30060413390057217,0.8303358369923615,0.09941608702868265
2021-12-19 11:30:00,0.16108786610878661,-0.09960159362549814,-0.31556217423678345,-0.3119085877521871,0.4102027195037364,0.00022271714922048998,0.5,-0.49186361388062205,0.6053470188818038,0.5076081499379181,0.30060413390057217,0.8303358369923615,0.04876503160975904
2021-12-19 11:40:00,0.21338912133891214,0.15537848605577675,-0.30483991064780347,-0.30440992679878587,0.4102027195037364,0.00022271714922048998,0.5,-0.49186361388062205,0.6053470188818038,0.5076081499379181,0.30060413390057217,0.8303358369923615,0.09190971226820767
2021-12-19 11:50:00,0.23709902370990238,-0.3466135458167332,-0.2935219657483248,-0.2976254240314229,0.39992932954679306,0.00022271714922048998,0.5,-0.49186361388062205,0.6053470188818038,0.5076081499379181,0.30060413390057217,0.8303358369923615,0.09812604674321408
2021-12-19 12:00:00,0.2105997210599721,-0.05179282868525903,-0.28399106478034264,-0.287627209426888,0.3834395571318266,0.00022271714922048998,0.5,-0.4735676765870984,0.5970684497725623,0.4508007487613114,0.37176919246830875,0.7801838098189775,0.0866439337930202
2021-12-19 12:10:00,0.16527196652719667,0.10756972111553775,-0.28041697691734935,-0.27941439028744863,0.3824841973014356,0.00033407572383073496,0.5,-0.4735676765870984,0.5970684497725623,0.4508007487613114,0.37176919246830875,0.7801838098189775,0.055999818941714324
2021-12-19 12:20:00,0.15760111576011157,-0.31474103585657376,-0.27714072970960546,-0.2733440457061238,0.3755349360694141,0.00022271714922048998,0.5,-0.4735676765870984,0.5970684497725623,0.4508007487613114,0.37176919246830875,0.7801838098189775,0.04577002580080571
2021-12-19 12:30:00,0.17364016736401675,-0.17131474103585675,-0.282204020848846,-0.2676307802178183,0.35301200088992424,0.00033407572383073496,0.5,-0.4735676765870984,0.5970684497725623,0.4508007487613114,0.37176919246830875,0.7801838098189775,0.06162016989302473
2021-12-19 12:40:00,0.18200836820083682,0.09960159362549792,-0.28369322412509324,-0.2740582038921622,0.3495308267134314,0.00033407572383073496,0.5,-0.4735676765870984,0.5970684497725623,0.4508007487613114,0.37176919246830875,0.7801838098189775,0.06622206798738628
2021-12-19 12:50:00,0.20432357043235705,0.33864541832669315,-0.2833953834698437,-0.27441528298518114,0.3495308267134314,0.00033407572383073496,0.5,-0.4735676765870984,0.5970684497725623,0.4508007487613114,0.37176919246830875,0.7801838098189775,0.0869155212215399
2021-12-19 13:00:00,0.22454672245467225,0.21912350597609564,-0.2789277736411021,-0.27727191572933396,0.3578673227676644,0.00044543429844097997,0.5,-0.27699330570141045,0.585447993862192,0.30482107985523405,0.4666500787798984,0.7642266127655692,0.1093139399791783
2021-12-19 13:10:00,0.25592747559274753,0.11553784860557759,-0.2679076693968728,-0.2733440457061238,0.3708759210061378,0.1462138084632517,0.5,-0.27699330570141045,0.585447993862192,0.30482107985523405,0.4666500787798984,0.7642266127655692,0.11350091283552363
2021-12-19 13:20:00,0.2880055788005579,-0.0916334661354582,-0.2509307520476546,-0.2497768255668631,0.3775372655769457,0.997772828507795,0.5,-0.27699330570141045,0.585447993862192,0.30482107985523405,0.4666500787798984,0.7642266127655692,0.0
2021-12-19 13:30:00,0.3800557880055788,0.5139442231075697,-0.2279970215934476,-0.20442778075343682,0.3775372655769457,0.997772828507795,0.5,-0.27699330570141045,0.585447993862192,0.30482107985523405,0.4666500787798984,0.7642266127655692,0.0
2021-12-19 13:40:00,0.3800557880055788,0.2111553784860556,-0.20595681310498903,-0.18693090519550082,0.3775372655769457,0.997772828507795,0.5,-0.27699330570141045,0.585447993862192,0.30482107985523405,0.4666500787798984,0.7642266127655692,0.0
2021-12-19 13:50:00,0.41492329149232915,-0.02788844621513953,-0.1895755770662696,-0.1822888769862525,0.3775372655769457,0.997772828507795,0.5,-0.27699330570141045,0.585447993862192,0.30482107985523405,0.4666500787798984,0.7642266127655692,0.0
2021-12-19 14:00:00,0.4602510460251046,-0.9601593625498008,-0.1696202531645571,-0.1837171933583288,0.3775372655769457,0.997772828507795,0.5,-0.24901449958858968,0.5630317780964187,0.2709723612422052,0.5463419238000625,0.7612874525260973,0.0
2021-12-19 14:10:00,0.49023709902370993,-0.5298804780876495,-0.16455696202531667,-0.18478843063738626,0.3775372655769457,0.997772828507795,0.5,-0.24901449958858968,0.5630317780964187,0.2709723612422052,0.5463419238000625,0.7612874525260973,0.0
2021-12-19 14:20:00,0.4372384937238493,-0.059760956175298974,-0.15591958302308284,-0.18478843063738626,0.3775372655769457,0.997772828507795,0.5,-0.24901449958858968,0.5630317780964187,0.2709723612422052,0.5463419238000625,0.7612874525260973,0.0
2021-12-19 14:30:00,0.4909344490934449,-0.019920318725099695,-0.14966492926284458,-0.18478843063738626,0.3775372655769457,0.997772828507795,0.5,-0.24901449958858968,0.5630317780964187,0.2709723612422052,0.5463419238000625,0.7612874525260973,0.0
2021-12-19 14:40:00,0.5195258019525802,0.17131474103585642,-0.14400595681310513,-0.18478843063738626,0.3775372655769457,0.997772828507795,0.5,-0.24901449958858968,0.5630317780964187,0.2709723612422052,0.5463419238000625,0.7612874525260973,0.0
2021-12-19 14:50:00,0.5062761506276151,-0.33864541832669326,-0.13655994043186903,-0.18478843063738626,0.3775372655769457,0.997772828507795,0.5,-0.24901449958858968,0.5630317780964187,0.2709723612422052,0.5463419238000625,0.7612874525260973,0.0
2021-12-19 15:00:00,0.5299860529986052,-0.23505976095617542,-0.131794489947878,-0.18478843063738626,0.3775372655769457,0.997772828507795,0.5,-0.22890982425256567,0.5437017071495687,0.24852664180856218,0.6042406503072415,0.756946128195686,0.0
2021-12-19 15:10:00,0.5320781032078103,-0.4661354581673308,-0.1276247207743858,-0.18478843063738626,0.3775372655769457,0.997772828507795,0.5,-0.22890982425256567,0.5437017071495687,0.24852664180856218,0.6042406503072415,0.756946128195686,0.0
2021-12-19 15:20:00,0.4707112970711297,-0.49800796812749004,-0.12941176470588256,-0.18478843063738626,0.3775372655769457,0.997772828507795,0.5,-0.22890982425256567,0.5437017071495687,0.24852664180856218,0.6042406503072415,0.756946128195686,0.0
2021-12-19 15:30:00,0.4700139470013947,-0.6653386454183268,-0.12405063291139262,-0.18478843063738626,0.3775372655769457,0.997772828507795,0.5,-0.22890982425256567,0.5437017071495687,0.24852664180856218,0.6042406503072415,0.756946128195686,0.0
2021-12-19 15:40:00,0.5467224546722455,-0.904382470119522,-0.11303052866716312,-0.1887163006605963,0.3775372655769457,0.997772828507795,0.5,-0.22890982425256567,0.5437017071495687,0.24852664180856218,0.6042406503072415,0.756946128195686,0.0
2021-12-19 15:50:00,0.49302649930264997,-0.5099601593625498,-0.11422189128816096,-0.19228709159078738,0.3775372655769457,0.997772828507795,0.5,-0.22890982425256567,0.5437017071495687,0.24852664180856218,0.6042406503072415,0.756946128195686,0.0
2021-12-19 16:00:00,0.49790794979079495,-0.11553784860557781,-0.11928518242740138,-0.18978753793965364,0.35845624321105596,0.3083518930957684,0.5,-0.19669674337099008,0.5406845264606744,0.21866242295883476,0.6191420762849811,0.7495130041478041,0.33492765212668046
2021-12-19 16:10:00,0.4351464435146444,0.043824701195219085,-0.11064780342516767,-0.17336189966077487,0.3685987619583567,0.00033407572383073496,0.5,-0.19669674337099008,0.5406845264606744,0.21866242295883476,0.6191420762849811,0.7495130041478041,0.44503372210570785
2021-12-19 16:20:00,0.5139470013947002,-0.12350597609561753,-0.11332836932241275,-0.15943581503302984,0.36849406499064274,0.000556792873051225,0.5,-0.19669674337099008,0.5406845264606744,0.21866242295883476,0.6191420762849811,0.7495130041478041,0.5754183200808727
2021-12-19 16:30:00,0.50697350069735,0.1872509960159361,-0.14906924795234555,-0.18157471880021414,0.3768305610448757,0.00033407572383073496,0.5,-0.19669674337099008,0.5406845264606744,0.21866242295883476,0.6191420762849811,0.7495130041478041,0.5737208986526247
2021-12-19 16:40:00,0.4470013947001395,-0.13147410358565736,-0.15949367088607602,-0.1951437243349402,0.374265485335881,0.00044543429844097997,0.5,-0.19669674337099008,0.5406845264606744,0.21866242295883476,0.6191420762849811,0.7495130041478041,0.426067866680749
2021-12-19 16:50:00,0.42538354253835425,-0.1633466135458168,-0.16157855547282218,-0.19550080342795917,0.37452722775516617,0.00022271714922048998,0.5,-0.19669674337099008,0.5406845264606744,0.21866242295883476,0.6191420762849811,0.7495130041478041,0.38127857326070885
2021-12-19 17:00:00,0.398884239888424,-0.21115537848605592,-0.16396128071481764,-0.19550080342795917,0.3713208831189227,0.00022271714922048998,0.5,-0.20549101918036117,0.5342392538081149,0.22409691541130197,0.5390944934418227,0.7336028708130341,0.339838858125745
2021-12-19 17:10:00,0.36192468619246865,-0.10756972111553798,-0.165450483991065,-0.19550080342795917,0.3693578149742838,0.00022271714922048998,0.5,-0.20549101918036117,0.5342392538081149,0.22409691541130197,0.5390944934418227,0.7336028708130341,0.2734055554717323
2021-12-19 17:20:00,0.33821478382147835,-0.06772908366533881,-0.1705137751303054,-0.201571148009284,0.3711769247883158,0.00033407572383073496,0.5,-0.20549101918036117,0.5342392538081149,0.22409691541130197,0.5390944934418227,0.7336028708130341,0.218839114624983
2021-12-19 17:30:00,0.3702928870292887,-0.08366533864541836,-0.17170513775130314,-0.2062131762185324,0.3656672468623627,0.00022271714922048998,0.5,-0.20549101918036117,0.5342392538081149,0.22409691541130197,0.5390944934418227,0.7336028708130341,0.2877468805166197
2021-12-19 17:40:00,0.3591352859135286,-0.10756972111553798,-0.17587490692479535,-0.20764149259060882,0.3686511104422138,0.00022271714922048998,0.5,-0.20549101918036117,0.5342392538081149,0.22409691541130197,0.5390944934418227,0.7336028708130341,0.28481977156479626
2021-12-19 17:50:00,0.33472803347280333,0.10756972111553775,-0.18093819806403577,-0.2194251026602393,0.3686511104422138,0.00033407572383073496,0.5,-0.20549101918036117,0.5342392538081149,0.22409691541130197,0.5390944934418227,0.7336028708130341,0.22508562548093608
2021-12-19 18:00:00,0.3054393305439331,0.4183266932270917,-0.18808637379002247,-0.23156579182288872,0.36954103466778343,0.00044543429844097997,0.5,-0.401943217699284,0.5329346823483431,0.32997085684625704,0.47242646977356517,0.7377649283132149,0.19168791586824993
2021-12-19 18:10:00,0.35146443514644354,-0.1394422310756973,-0.19255398361876408,-0.23620782003213703,0.3824841973014356,0.00033407572383073496,0.5,-0.401943217699284,0.5329346823483431,0.32997085684625704,0.47242646977356517,0.7377649283132149,0.23882342290689076
2021-12-19 18:20:00,0.3765690376569038,-0.09960159362549814,-0.19851079672375294,-0.23620782003213703,0.38199997382575807,0.00022271714922048998,0.5,-0.401943217699284,0.5329346823483431,0.32997085684625704,0.47242646977356517,0.7377649283132149,0.2841030825173137
2021-12-19 18:30:00,0.2496513249651325,0.20318725099601576,-0.20327624720774395,-0.24727727191572935,0.3764772087788408,0.00022271714922048998,0.5,-0.401943217699284,0.5329346823483431,0.32997085684625704,0.47242646977356517,0.7377649283132149,0.12038867178659264
2021-12-19 18:40:00,0.24267782426778242,-0.12350597609561753,-0.21102010424422946,-0.25834672379932155,0.3850623601313947,0.00022271714922048998,0.5,-0.401943217699284,0.5329346823483431,0.32997085684625704,0.47242646977356517,0.7377649283132149,0.10750335712238032
2021-12-19 18:50:00,0.2496513249651325,-0.31474103585657376,-0.21578555472822047,-0.26441706838064627,0.3850623601313947,0.00022271714922048998,0.5,-0.401943217699284,0.5329346823483431,0.32997085684625704,0.47242646977356517,0.7377649283132149,0.11304072302608749
2021-12-19 19:00:00,0.2831241283124128,-0.1633466135458168,-0.22233804914370825,-0.26977325477593284,0.3850623601313947,0.00011135857461024499,0.5,-0.43317511739453674,0.550259046513434,0.3554055851729941,0.42030270581194795,0.7626762184678646,0.13807957511655627
2021-12-19 19:10:00,0.2698744769874477,0.25099601593625476,-0.22620997766195106,-0.27584359935725755,0.3850623601313947,0.00022271714922048998,0.5,-0.43317511739453674,0.550259046513434,0.3554055851729941,0.42030270581194795,0.7626762184678646,0.12635605111878934
2021-12-19 19:20:00,0.25523012552301255,0.01195219123505975,-0.2321667907669398,-0.28048562756650597,0.39390925390323384,0.00022271714922048998,0.5,-0.43317511739453674,0.550259046513434,0.3554055851729941,0.42030270581194795,0.7626762184678646,0.11436093969250269
2021-12-19 19:30:00,0.23082287308228733,-0.33067729083665354,-0.2360387192851825,-0.2847705766827352,0.3988430985067595,0.00022271714922048998,0.5,-0.43317511739453674,0.550259046513434,0.3554055851729941,0.42030270581194795,0.7626762184678646,0.0926641217918735
2021-12-19 19:40:00,0.2112970711297071,-0.4661354581673308,-0.2396128071481759,-0.287627209426888,0.3988430985067595,0.00033407572383073496,0.5,-0.43317511739453674,0.550259046513434,0.3554055851729941,0.42030270581194795,0.7626762184678646,0.07461110189055027
2021-12-19 19:50:00,0.13458856345885634,-0.23505976095617542,-0.24437825763216692,-0.287627209426888,0.3988430985067595,0.00033407572383073496,0.5,-0.43317511739453674,0.550259046513434,0.3554055851729941,0.42030270581194795,0.7626762184678646,0.03298278437466995
2021-12-19 20:00:00,0.1708507670850767,-0.36254980079681276,-0.24973938942665685,-0.29048384217104095,0.3907421706298832,0.00033407572383073496,0.5,-0.448742204966075,0.554876769720149,0.3710543212102836,0.37844549672727557,0.7915258642419549,0.054219412465862975
2021-12-19 20:10:00,0.20711297071129708,0.3545816733067728,-0.2509307520476546,-0.2979825031244421,0.38239258745468585,0.00022271714922048998,0.5,-0.448742204966075,0.554876769720149,0.3710543212102836,0.37844549672727557,0.7915258642419549,0.0794845874134315
2021-12-19 20:20:00,0.17154811715481172,0.3784860557768923,-0.254504839910648,-0.3026245313336904,0.38239258745468585,0.00022271714922048998,0.5,-0.448742204966075,0.554876769720149,0.3710543212102836,0.37844549672727557,0.7915258642419549,0.05889675151259109
2021-12-19 20:30:00,0.1394700139470014,-0.19521912350597614,-0.26105733432613565,-0.2972683449384038,0.39799243564408265,0.00033407572383073496,0.5,-0.448742204966075,0.554876769720149,0.3710543212102836,0.37844549672727557,0.7915258642419549,0.03245469770810387
2021-12-19 20:40:00,0.1415620641562064,0.09960159362549792,-0.2667163067758751,-0.3036957686127477,0.3988430985067595,0.00022271714922048998,0.5,-0.448742204966075,0.554876769720149,0.3710543212102836,0.37844549672727557,0.7915258642419549,0.04646408256257827
2021-12-19 20:50:00,0.16875871687587168,0.03585657370517925,-0.26880119136262115,-0.30440992679878587,0.3988430985067595,0.00022271714922048998,0.5,-0.448742204966075,0.554876769720149,0.3710543212102836,0.37844549672727557,0.7915258642419549,0.06244247627382048
2021-12-19 21:00:00,0.23640167364016737,0.01195219123505975,-0.26850335070737164,-0.30940903410105336,0.3988430985067595,0.00033407572383073496,0.5,-0.46787583845497815,0.5533882939136299,0.3924977018110452,0.3548507977663969,0.8208667552936669,0.10283356217088885
2021-12-19 21:10:00,0.200836820083682,0.49003984063745,-0.2667163067758751,-0.3133369041242635,0.3988430985067595,0.00022271714922048998,0.5,-0.46787583845497815,0.5533882939136299,0.3924977018110452,0.3548507977663969,0.8208667552936669,0.09835991369555049
2021-12-19 21:20:00,0.18270571827057183,0.43426294820717115,-0.27297096053611336,-0.315122299589359,0.3988430985067595,0.00022271714922048998,0.5,-0.46787583845497815,0.5533882939136299,0.3924977018110452,0.3548507977663969,0.8208667552936669,0.07728925569956395
2021-12-19 21:30:00,0.1596931659693166,0.49800796812749004,-0.28071481757259875,-0.3169076950544545,0.3988430985067595,0.00022271714922048998,0.5,-0.46787583845497815,0.5533882939136299,0.3924977018110452,0.3548507977663969,0.8208667552936669,0.06695384522534213
2021-12-19 21:40:00,0.18619246861924685,0.585657370517928,-0.28071481757259875,-0.3169076950544545,0.4060802763999948,0.00033407572383073496,0.5,-0.46787583845497815,0.5533882939136299,0.3924977018110452,0.3548507977663969,0.8208667552936669,0.09307150293465305
2021-12-19 21:50:00,0.28451882845188287,0.33864541832669315,-0.2756515264333582,-0.3186930905195501,0.41533287092172594,0.00044543429844097997,0.5,-0.46787583845497815,0.5533882939136299,0.3924977018110452,0.3548507977663969,0.8208667552936669,0.15017275978091948
2021-12-19 22:00:00,0.3417015341701534,0.41035856573705165,-0.26582278481012667,-0.3165506159614354,0.41533287092172594,0.00044543429844097997,0.5,-0.5462578333899781,0.5512504058826413,0.4554084131279503,0.36782712773921966,0.852048649352372,0.19773828024804987
2021-12-19 22:10:00,0.3235704323570432,0.22709163346613526,-0.259270290394639,-0.31297982503124433,0.41618353378440276,0.00044543429844097997,0.5,-0.5462578333899781,0.5512504058826413,0.4554084131279503,0.36782712773921966,0.852048649352372,0.18881361558308313
2021-12-19 22:20:00,0.3179916317991632,-0.19521912350597614,-0.2628443782576322,-0.3069094804499196,0.429179044901912,0.00044543429844097997,0.5,-0.5462578333899781,0.5512504058826413,0.4554084131279503,0.36782712773921966,0.852048649352372,0.1673204882538437
2021-12-19 22:30:00,0.25383542538354253,0.15537848605577675,-0.2670141474311244,-0.30833779682199614,0.429179044901912,0.00033407572383073496,0.5,-0.5462578333899781,0.5512504058826413,0.4554084131279503,0.36782712773921966,0.852048649352372,0.10974395340766782
2021-12-19 22:40:00,0.22175732217573224,-0.2270916334661356,-0.27475800446761,-0.3133369041242635,0.42725523812016597,0.00033407572383073496,0.5,-0.5462578333899781,0.5512504058826413,0.4554084131279503,0.36782712773921966,0.852048649352372,0.08525582026947509
2021-12-19 22:50:00,0.197350069735007,-0.11553784860557781,-0.2944154877140731,-0.31762185324049275,0.4153459580426902,0.00022271714922048998,0.5,-0.5462578333899781,0.5512504058826413,0.4554084131279503,0.36782712773921966,0.852048649352372,0.06942076436772937
2021-12-19 23:00:00,0.1680613668061367,-0.2270916334661356,-0.3018615040953091,-0.3244063560078556,0.4153459580426902,0.00022271714922048998,0.5,-0.5939036555986663,0.5508193800699421,0.49290557407675833,0.3769261703922691,0.8769897040329507,0.05621859770357741
2021-12-19 23:10:00,0.20920502092050208,-0.3944223107569722,-0.3057334326135518,-0.32762006784502773,0.39905249244218766,0.00022271714922048998,0.5,-0.5939036555986663,0.5508193800699421,0.49290557407675833,0.3769261703922691,0.8769897040329507,0.07165381655778023
2021-12-19 23:20:00,0.1603905160390516,0.2828685258964143,-0.3015636634400597,-0.32762006784502773,0.39333342058080645,0.00033407572383073496,0.5,-0.5939036555986663,0.5508193800699421,0.49290557407675833,0.3769261703922691,0.8769897040329507,0.04874994341928573
2021-12-19 23:30:00,0.16875871687587168,-0.03585657370517936,-0.3054355919583024,-0.32762006784502773,0.39898705683736635,0.00033407572383073496,0.5,-0.5939036555986663,0.5508193800699421,0.49290557407675833,0.3769261703922691,0.8769897040329507,0.053985545513526564
2021-12-19 23:40:00,0.200836820083682,-0.24302788844621515,-0.30752047654504844,-0.3301196214961615,0.39898705683736635,0.00022271714922048998,0.5,-0.5939036555986663,0.5508193800699421,0.49290557407675833,0.3769261703922691,0.8769897040329507,0.07329842931937172
2021-12-19 23:50:00,0.11297071129707113,0.394422310756972,-0.3054355919583024,-0.3301196214961615,0.39898705683736635,0.00044543429844097997,0.5,-0.5939036555986663,0.5508193800699421,0.49290557407675833,0.3769261703922691,0.8769897040329507,0.0255971151379815
2021-12-20 00:00:00,0.11297071129707113,0.41035856573705165,-0.30781831720029795,-0.3244063560078556,0.39981154545811465,0.00033407572383073496,0.5,-0.596707849949787,0.5386069820434657,0.5020070237270494,0.3808745184848577,0.8915445674935636,0.021093290281696517
2021-12-20 00:10:00,0.1087866108786611,0.3545816733067728,-0.30752047654504844,-0.32547759328691306,0.4154113936475115,0.00022271714922048998,0.5,-0.596707849949787,0.5386069820434657,0.5020070237270494,0.3808745184848577,0.8915445674935636,0.014446942378200581
2021-12-20 00:20:00,0.10599721059972106,0.41035856573705165,-0.3090096798212957,-0.32404927691483665,0.4154113936475115,0.00022271714922048998,0.5,-0.596707849949787,0.5386069820434657,0.5020070237270494,0.3808745184848577,0.8915445674935636,0.010244881331381928
2021-12-20 00:30:00,0.09344490934449094,0.11553784860557759,-0.3104988830975429,-0.32404927691483665,0.4154113936475115,0.00022271714922048998,0.5,-0.596707849949787,0.5386069820434657,0.5020070237270494,0.3808745184848577,0.8915445674935636,0.002889388475640117
2021-12-20 00:40:00,0.10320781032078104,-0.1394422310756973,-0.3104988830975429,-0.3229780396357793,0.4033581552394289,0.00044543429844097997,0.5,-0.596707849949787,0.5386069820434657,0.5020070237270494,0.3808745184848577,0.8915445674935636,6.789685712992441e-05
2021-12-20 00:50:00,0.08298465829846582,-0.23505976095617542,-0.3090096798212957,-0.32262096054276024,0.3989608825954378,0.7968819599109132,0.5,-0.596707849949787,0.5386069820434657,0.5020070237270494,0.3808745184848577,0.8915445674935636,0.0
2021-12-20 01:00:00,0.09274755927475593,-0.19521912350597614,-0.2976917349218169,-0.3076236386359579,0.3989608825954378,0.9993318485523385,0.5,-0.6224087067573025,0.5304002505696741,0.5373917150050402,0.3771676956525439,0.9049692195313518,0.0
2021-12-20 01:10:00,0.12273361227336123,-0.254980079681275,-0.30037230081906185,-0.29548294947330833,0.3989608825954378,0.9993318485523385,0.5,-0.6224087067573025,0.5304002505696741,0.5373917150050402,0.3771676956525439,0.9049692195313518,0.0
2021-12-20 01:20:00,0.15690376569037656,-0.31474103585657376,-0.3015636634400597,-0.3022674522406713,0.3989608825954378,0.9993318485523385,0.5,-0.6224087067573025,0.5304002505696741,0.5373917150050402,0.3771676956525439,0.9049692195313518,0.0
2021-12-20 01:30:00,0.14504881450488147,-0.3745019920318726,-0.3030528667163068,-0.30976611319407255,0.3989608825954378,0.9993318485523385,0.5,-0.6224087067573025,0.5304002505696741,0.5373917150050402,0.3771676956525439,0.9049692195313518,0.0
2021-12-20 01:40:00,0.11087866108786612,-0.4342629482071714,-0.2976917349218169,-0.3136939832172826,0.3989608825954378,0.9993318485523385,0.5,-0.6224087067573025,0.5304002505696741,0.5373917150050402,0.3771676956525439,0.9049692195313518,0.0
2021-12-20 01:50:00,0.11157601115760113,-0.9442231075697212,-0.2932241250930754,-0.32083556507766464,0.3989608825954378,0.9993318485523385,0.5,-0.6224087067573025,0.5304002505696741,0.5373917150050402,0.3771676956525439,0.9049692195313518,0.0
2021-12-20 02:00:00,0.10808926080892609,-0.31474103585657376,-0.2985852568875653,-0.32833422603106577,0.3989608825954378,0.9993318485523385,0.5,-0.6162730724165615,0.5141390834092444,0.5426539938776678,0.38535050637681595,0.9119668966454049,0.0
2021-12-20 02:10:00,0.11087866108786612,-0.45019920318725104,-0.2982874162323158,-0.33547580789144793,0.3989608825954378,0.9993318485523385,0.5,-0.6162730724165615,0.5141390834092444,0.5426539938776678,0.38535050637681595,0.9119668966454049,0.0
2021-12-20 02:20:00,0.17364016736401675,-0.9681274900398407,-0.29233060312732695,-0.3408319942867345,0.3989608825954378,0.9993318485523385,0.5,-0.6162730724165615,0.5141390834092444,0.5426539938776678,0.38535050637681595,0.9119668966454049,0.0
2021-12-20 02:30:00,0.21827057182705717,-0.36254980079681276,-0.28875651526433366,-0.3372612033565434,0.3989608825954378,0.29832962138084634,0.5,-0.6162730724165615,0.5141390834092444,0.5426539938776678,0.38535050637681595,0.9119668966454049,0.03153431808923156
2021-12-20 02:40:00,0.2196652719665272,-0.1394422310756973,-0.2682055100521221,-0.2865559721478307,0.3989608825954378,0.00011135857461024499,0.5,-0.6162730724165615,0.5141390834092444,0.5426539938776678,0.38535050637681595,0.9119668966454049,0.05596209846553103
2021-12-20 02:50:00,0.2099023709902371,0.6254980079681274,-0.2476545048399108,-0.2497768255668631,0.3989608825954378,0.00011135857461024499,0.5,-0.6162730724165615,0.5141390834092444,0.5426539938776678,0.38535050637681595,0.9119668966454049,0.0523711091328817
2021-12-20 03:00:00,0.18479776847977683,0.19521912350597592,-0.23723008190618022,-0.2240671308694876,0.3989608825954378,0.00011135857461024499,0.5,-0.6155727909498394,0.5017542750576865,0.5527040131724367,0.3936348544470788,0.9236479806226456,0.05508698341807867
2021-12-20 03:10:00,0.19595536959553697,0.05179282868525892,-0.23127326880119148,-0.20442778075343682,0.3989608825954378,0.00011135857461024499,0.5,-0.6155727909498394,0.5017542750576865,0.5527040131724367,0.3936348544470788,0.9236479806226456,0.06012643903616639
2021-12-20 03:20:00,0.12273361227336123,0.24302788844621515,-0.22918838421444532,-0.18764506338153897,0.40961379906034473,0.00011135857461024499,0.5,-0.6155727909498394,0.5017542750576865,0.5527040131724367,0.3936348544470788,0.9236479806226456,0.025076572566652085
2021-12-20 03:30:00,0.12343096234309624,-0.5856573705179284,-0.22293373045420706,-0.16014997321906788,0.4152019997120833,0.00011135857461024499,0.5,-0.6155727909498394,0.5017542750576865,0.5527040131724367,0.3936348544470788,0.9236479806226456,0.021304524948322946
2021-12-20 03:40:00,0.16875871687587168,-0.33067729083665354,-0.21846612062546544,-0.1344402785216925,0.3990132310792948,0.00011135857461024499,0.5,-0.6155727909498394,0.5017542750576865,0.5527040131724367,0.3936348544470788,0.9236479806226456,0.037976975421337725
2021-12-20 03:50:00,0.12552301255230125,0.03585657370517925,-0.2125093075204767,-0.11730048205677557,0.3989085341115808,0.00011135857461024499,0.5,-0.6155727909498394,0.5017542750576865,0.5527040131724367,0.3936348544470788,0.9236479806226456,0.021447862757819455
2021-12-20 04:00:00,0.14086471408647142,0.394422310756972,-0.20268056589724515,-0.09551865738261023,0.40252057949771636,0.00011135857461024499,0.5,-0.6249594509814648,0.4897660104538133,0.5522827366538597,0.39783182483641294,0.930807371121436,0.03589480513602004
2021-12-20 04:10:00,0.1924686192468619,0.027888446215139417,-0.1934475055845124,-0.08337796821996057,0.41533287092172594,0.00011135857461024499,0.5,-0.6249594509814648,0.4897660104538133,0.5522827366538597,0.39783182483641294,0.930807371121436,0.06901338322494983
2021-12-20 04:20:00,0.18688981868898188,-0.08366533864541836,-0.18332092330603145,-0.09123370826638089,0.41533287092172594,0.00011135857461024499,0.5,-0.6249594509814648,0.4897660104538133,0.5522827366538597,0.39783182483641294,0.930807371121436,0.0720008449386665
2021-12-20 04:30:00,0.15341701534170155,-0.4661354581673308,-0.17944899478778864,-0.08909123370826644,0.41533287092172594,0.00011135857461024499,0.5,-0.6249594509814648,0.4897660104538133,0.5522827366538597,0.39783182483641294,0.930807371121436,0.04216394827768306
2021-12-20 04:40:00,0.17782426778242677,-0.15537848605577698,-0.17676842889054356,-0.0783788609176932,0.41533287092172594,0.00011135857461024499,0.5,-0.6249594509814648,0.4897660104538133,0.5522827366538597,0.39783182483641294,0.930807371121436,0.06783650436803114
2021-12-20 04:50:00,0.16457461645746163,-0.1872509960159363,-0.17170513775130314,-0.07695054454561678,0.41533287092172594,0.00011135857461024499,0.5,-0.6249594509814648,0.4897660104538133,0.5522827366538597,0.39783182483641294,0.930807371121436,0.05194863979962883
2021-12-20 05:00:00,0.2301255230125523,0.11553784860557759,-0.16813104988830985,-0.07623638635957874,0.41533287092172594,0.00011135857461024499,0.5,-0.6211750426836163,0.47932369176482237,0.5580023072561647,0.39575573825048,0.9337506016284292,0.09025755541137952
2021-12-20 05:10:00,0.16875871687587168,-0.2749003984063746,-0.16485480268056596,-0.08659168005713269,0.41178626114041167,0.00011135857461024499,0.5,-0.6211750426836163,0.47932369176482237,0.5580023072561647,0.39575573825048,0.9337506016284292,0.05163178779968918
2021-12-20 05:20:00,0.1799163179916318,-0.043824701195219196,-0.16485480268056596,-0.0751651490805213,0.3988430985067595,0.00011135857461024499,0.5,-0.6211750426836163,0.47932369176482237,0.5580023072561647,0.39575573825048,0.9337506016284292,0.029686014756250285
2021-12-20 05:30:00,0.17364016736401675,-0.19521912350597614,-0.1699180938198066,-0.06123906445277627,0.3988430985067595,0.00011135857461024499,0.5,-0.6211750426836163,0.47932369176482237,0.5580023072561647,0.39575573825048,0.9337506016284292,0.022013669900568824
2021-12-20 05:40:00,0.17364016736401675,0.043824701195219085,-0.17081161578555493,-0.05016961256918395,0.3988430985067595,0.00011135857461024499,0.5,-0.6211750426836163,0.47932369176482237,0.5580023072561647,0.39575573825048,0.9337506016284292,0.02137996590068953
2021-12-20 05:50:00,0.14016736401673638,-0.5378486055776892,-0.17230081906180206,-0.03731476522049626,0.3988430985067595,0.00011135857461024499,0.5,-0.6211750426836163,0.47932369176482237,0.5580023072561647,0.39575573825048,0.9337506016284292,0.002904476666113433
2021-12-20 06:00:00,0.11785216178521618,-0.5139442231075697,-0.17349218168279978,-0.021960364220674822,0.3946944811610894,0.000556792873051225,0.5,-0.6522175968898911,0.4670538236299868,0.5805952578872996,0.4058696480780338,0.945772580513966,0.0
2021-12-20 06:10:00,0.12133891213389121,0.11553784860557759,-0.1812360387192853,-0.0448134261738975,0.38239258745468585,0.6806236080178174,0.5,-0.6522175968898911,0.4670538236299868,0.5805952578872996,0.4058696480780338,0.945772580513966,0.0
2021-12-20 06:20:00,0.11227336122733612,0.24302788844621515,-0.21518987341772167,-0.061596143545795345,0.38239258745468585,0.9964365256124722,0.5,-0.6522175968898911,0.4670538236299868,0.5805952578872996,0.4058696480780338,0.945772580513966,0.0
2021-12-20 06:30:00,0.14644351464435149,0.7211155378486056,-0.23365599404318704,-0.08302088912694161,0.38239258745468585,0.9964365256124722,0.5,-0.6522175968898911,0.4670538236299868,0.5805952578872996,0.4058696480780338,0.945772580513966,0.0
2021-12-20 06:40:00,0.1617852161785216,0.7402390438247011,-0.24527177959791513,-0.10551687198714521,0.38239258745468585,0.9964365256124722,0.5,-0.6522175968898911,0.4670538236299868,0.5805952578872996,0.4058696480780338,0.945772580513966,0.0
2021-12-20 06:50:00,0.12203626220362622,0.7593625498007965,-0.2509307520476546,-0.12908409212640592,0.38239258745468585,0.9964365256124722,0.5,-0.6522175968898911,0.4670538236299868,0.5805952578872996,0.4058696480780338,0.945772580513966,0.0
2021-12-20 07:00:00,0.1387726638772664,0.5665338645418325,-0.24944154877140734,-0.14943760042849485,0.38239258745468585,0.9964365256124722,0.5,-0.6456727868474093,0.4715652271362373,0.5757045443968004,0.3925221837814401,0.9453516343249896,0.0
2021-12-20 07:10:00,0.1792189679218968,0.3737051792828685,-0.2470588235294119,-0.1676486341724691,0.38239258745468585,0.9964365256124722,0.5,-0.6456727868474093,0.4715652271362373,0.5757045443968004,0.3925221837814401,0.9453516343249896,0.0
2021-12-20 07:20:00,0.18410041841004185,0.18087649402390427,-0.23752792256142974,-0.1808605606141761,0.4217062988313201,0.8405345211581292,0.5,-0.6456727868474093,0.4715652271362373,0.5757045443968004,0.3925221837814401,0.9453516343249896,0.0
2021-12-20 07:30:00,0.13598326359832635,-0.01195219123505975,-0.21935964259121388,-0.17550437421888943,0.42811898810380705,0.17973273942093543,0.5,-0.6456727868474093,0.4715652271362373,0.5757045443968004,0.3925221837814401,0.9453516343249896,0.0
2021-12-20 07:40:00,0.17224546722454673,-0.0916334661354582,-0.20714817572598676,-0.17157650419567938,0.42811898810380705,0.9995545657015591,0.5,-0.6456727868474093,0.4715652271362373,0.5757045443968004,0.3925221837814401,0.9453516343249896,0.0
2021-12-20 07:50:00,0.18479776847977683,0.2350597609561753,-0.21340282948622502,-0.1712194251026602,0.42811898810380705,0.8975501113585745,0.5,-0.6456727868474093,0.4715652271362373,0.5757045443968004,0.3925221837814401,0.9453516343249896,0.0
2021-12-20 08:00:00,0.11227336122733612,0.01195219123505975,-0.2011913626209978,-0.17836100696304236,0.421248249597571,0.15389755011135858,0.5,-0.6389386646690389,0.45645920915383836,0.5762100254934432,0.4097521338640119,0.9454571253334217,0.0
2021-12-20 08:10:00,0.13319386331938632,-0.11238379814077037,-0.19255398361876408,-0.17800392787002317,0.42811898810380705,0.9972160356347439,0.5,-0.6389386646690389,0.45645920915383836,0.5762100254934432,0.4097521338640119,0.9454571253334217,0.0
2021-12-20 08:20:00,0.11436541143654114,-0.23671978751660028,-0.1976172747580046,-0.17728976968398502,0.42811898810380705,0.9972160356347439,0.5,-0.6389386646690389,0.45645920915383836,0.5762100254934432,0.4097521338640119,0.9454571253334217,0.0
2021-12-20 08:30:00,0.12343096234309624,-0.3610557768924303,-0.2014892032762473,-0.18585966791644348,0.42811898810380705,0.9972160356347439,0.5,-0.6389386646690389,0.45645920915383836,0.5762100254934432,0.4097521338640119,0.9454571253334217,0.0
2021-12-20 08:40:00,0.13807531380753138,-0.4853917662682603,-0.2008935219657484,-0.19442956614890183,0.42811898810380705,0.9972160356347439,0.5,-0.6389386646690389,0.45645920915383836,0.5762100254934432,0.4097521338640119,0.9454571253334217,0.0
2021-12-20 08:50:00,0.1499302649930265,-0.6097277556440903,-0.2008935219657484,-0.20371362256739867,0.42811898810380705,0.9972160356347439,0.5,-0.6389386646690389,0.45645920915383836,0.5762100254934432,0.4097521338640119,0.9454571253334217,0.0
2021-12-20 09:00:00,0.13319386331938632,-0.7340637450199203,-0.20029784065524958,-0.2129976789858954,0.42811898810380705,0.9972160356347439,0.5,-0.6364734377663036,0.47232670607200417,0.582750971174262,0.4004285265117311,0.9481271310747635,0.0
2021-12-20 09:10:00,0.11087866108786612,-0.7111553784860558,-0.20685033507073725,-0.22442420996250667,0.42811898810380705,0.9972160356347439,0.5,-0.6364734377663036,0.47232670607200417,0.582750971174262,0.4004285265117311,0.9481271310747635,0.0
2021-12-20 09:20:00,0.10460251046025104,-0.6882470119521913,-0.21221146686522718,-0.23335118728798432,0.42811898810380705,0.9972160356347439,0.5,-0.6364734377663036,0.47232670607200417,0.582750971174262,0.4004285265117311,0.9481271310747635,0.0
2021-12-20 09:30:00,0.11436541143654114,-0.6653386454183268,-0.21102010424422946,-0.23477950366006073,0.42811898810380705,0.9972160356347439,0.5,-0.6364734377663036,0.47232670607200417,0.582750971174262,0.4004285265117311,0.9481271310747635,0.0
2021-12-20 09:40:00,0.17852161785216178,-0.3067729083665339,-0.21221146686522718,-0.23549366184609888,0.42811898810380705,0.9972160356347439,0.5,-0.6364734377663036,0.47232670607200417,0.582750971174262,0.4004285265117311,0.9481271310747635,0.0
2021-12-20 09:50:00,0.2189679218967922,0.05179282868525892,-0.19970215934475066,-0.23156579182288872,0.435997434924291,0.2319599109131403,0.5,-0.6364734377663036,0.47232670607200417,0.582750971174262,0.4004285265117311,0.9481271310747635,0.03549496808847715
2021-12-20 10:00:00,0.22524407252440726,0.47410358565737054,-0.16872673119880877,-0.19550080342795917,0.4298726623130178,0.00011135857461024499,0.5,-0.46384208246017733,0.4698267563583498,0.3983568947634264,0.3600640185742865,0.9409561230299056,0.05618087722739412
2021-12-20 10:10:00,0.21478382147838215,-0.38645418326693237,-0.1511541325390917,-0.16693447598643107,0.4298726623130178,0.00011135857461024499,0.5,-0.46384208246017733,0.4698267563583498,0.3983568947634264,0.3600640185742865,0.9409561230299056,0.059922748464776625
2021-12-20 10:20:00,0.20502092050209206,-0.059760956175298974,-0.13626209977661963,-0.14051062310301732,0.4196123594770386,0.00011135857461024499,0.5,-0.46384208246017733,0.4698267563583498,0.3983568947634264,0.3600640185742865,0.9409561230299056,0.044940175324773304
2021-12-20 10:30:00,0.22384937238493724,0.4501992031872508,-0.11690245718540593,-0.11408677021960356,0.4160788368166887,0.00033407572383073496,0.5,-0.46384208246017733,0.4698267563583498,0.3983568947634264,0.3600640185742865,0.9409561230299056,0.0524239177995383
2021-12-20 10:40:00,0.23221757322175732,0.1633466135458166,-0.09903201787043936,-0.09087662917336181,0.4160788368166887,0.00011135857461024499,0.5,-0.46384208246017733,0.4698267563583498,0.3983568947634264,0.3600640185742865,0.9409561230299056,0.055848937036981156
2021-12-20 10:50:00,0.17294281729428174,0.3545816733067728,-0.08592702903946403,-0.07088019996429196,0.42335527607281676,0.00011135857461024499,0.5,-0.46384208246017733,0.4698267563583498,0.3983568947634264,0.3600640185742865,0.9409561230299056,0.025174645804728637
2021-12-20 11:00:00,0.0808926080892608,0.21912350597609564,-0.09099032017870456,-0.039814318871630006,0.4186046511627907,0.3768374164810691,0.5,-0.3734147860249222,0.4748410233127493,0.35010855923050205,0.2786060421253393,0.9056477023945186,0.0
2021-12-20 11:10:00,0.07601115760111576,0.24644280022766063,-0.10469099032017881,-0.02660239242992324,0.41610501105861725,0.9996659242761693,0.5,-0.3734147860249222,0.4748410233127493,0.35010855923050205,0.2786060421253393,0.9056477023945186,0.0
2021-12-20 11:20:00,0.10460251046025104,0.27376209447922584,-0.10498883097542833,-0.03088734154615247,0.41610501105861725,0.9996659242761693,0.5,-0.3734147860249222,0.4748410233127493,0.35010855923050205,0.2786060421253393,0.9056477023945186,0.0
2021-12-20 11:30:00,0.09344490934449094,0.30108138873079104,-0.10498883097542833,-0.03802892340653463,0.41610501105861725,0.9996659242761693,0.5,-0.3734147860249222,0.4748410233127493,0.35010855923050205,0.2786060421253393,0.9056477023945186,0.0
2021-12-20 11:40:00,0.10808926080892609,0.32840068298235625,-0.10498883097542833,-0.038386002499553595,0.41610501105861725,0.9996659242761693,0.5,-0.3734147860249222,0.4748410233127493,0.35010855923050205,0.2786060421253393,0.9056477023945186,0.0
2021-12-20 11:50:00,0.15550906555090654,0.35571997723392124,-0.10290394638868217,-0.03874308159257267,0.41610501105861725,0.9996659242761693,0.5,-0.3734147860249222,0.4748410233127493,0.35010855923050205,0.2786060421253393,0.9056477023945186,0.0
2021-12-20 12:00:00,0.18688981868898188,0.38303927148548667,-0.1043931496649293,-0.04588466345295483,0.4051380036905682,0.9099109131403118,0.5,-0.3581285981729845,0.4675940426485669,0.321372986080755,0.2565698252510018,0.8389478475608265,0.0
2021-12-20 12:10:00,0.12482566248256625,0.41035856573705165,-0.09784065524944163,-0.04731297982503124,0.39085995471856144,0.14665924276169265,0.5,-0.3581285981729845,0.4675940426485669,0.321372986080755,0.2565698252510018,0.8389478475608265,0.0
2021-12-20 12:20:00,0.17642956764295675,-0.07569721115537853,-0.08711839166046176,-0.035529369755400886,0.40439203779560534,0.9995545657015591,0.5,-0.3581285981729845,0.4675940426485669,0.321372986080755,0.2565698252510018,0.8389478475608265,0.0
2021-12-20 12:30:00,0.1903765690376569,-0.5617529880478087,-0.08324646314221895,-0.027673629708980574,0.3803117352213687,0.4643652561247216,0.5,-0.3581285981729845,0.4675940426485669,0.321372986080755,0.2565698252510018,0.8389478475608265,0.0
2021-12-20 12:40:00,0.17503486750348674,0.019920318725099362,-0.06805658972449746,-0.024459917871808567,0.38919789035610053,0.5834075723830735,0.5,-0.3581285981729845,0.4675940426485669,0.321372986080755,0.2565698252510018,0.8389478475608265,0.0
2021-12-20 12:50:00,0.16387726638772665,0.40239043824701204,-0.05882352941176483,-0.01053383324406354,0.40683932941592177,0.0920935412026726,0.5,-0.3581285981729845,0.4675940426485669,0.321372986080755,0.2565698252510018,0.8389478475608265,0.0
2021-12-20 13:00:00,0.18200836820083682,0.24701195219123484,-0.04631422189128831,0.0001785395465094819,0.41110573085027025,0.996770601336303,0.5,-0.14829567380411668,0.4583384816972091,0.18382709046425003,0.3421918816196264,0.7860362662597854,0.0
2021-12-20 13:10:00,0.19665271966527195,0.09163346613545809,-0.04095309009679826,0.0069630423138726805,0.35475258797817066,0.2267260579064588,0.5,-0.14829567380411668,0.4583384816972091,0.18382709046425003,0.3421918816196264,0.7860362662597854,0.03660395008826592
2021-12-20 13:20:00,0.1792189679218968,0.1872509960159361,-0.021295606850335158,-0.0112479914301018,0.37230241719124213,0.00033407572383073496,0.5,-0.14829567380411668,0.4583384816972091,0.18382709046425003,0.3421918816196264,0.7860362662597854,0.050839657799840066
2021-12-20 13:30:00,0.16108786610878661,0.21912350597609564,-0.00551005212211475,-0.0048205677557580096,0.3801939511326903,0.00044543429844097997,0.5,-0.14829567380411668,0.4583384816972091,0.18382709046425003,0.3421918816196264,0.7860362662597854,0.04875748751452238
2021-12-20 13:40:00,0.19386331938633192,-0.31474103585657376,0.004914370811615498,0.009819675058025501,0.3732708641425973,0.00033407572383073496,0.5,-0.14829567380411668,0.4583384816972091,0.18382709046425003,0.3421918816196264,0.7860362662597854,0.07198575674819319
2021-12-20 13:50:00,0.18410041841004185,-0.4422310756972112,0.0117647058823529,0.021960364220674933,0.3723285914331706,0.00033407572383073496,0.5,-0.14829567380411668,0.4583384816972091,0.18382709046425003,0.3421918816196264,0.7860362662597854,0.06066961389320579
2021-12-20 14:00:00,0.21199442119944212,0.027888446215139417,0.020402084884586502,0.03624352794143926,0.3723285914331706,0.00044543429844097997,0.5,-0.13276727581637537,0.43800268385406105,0.17022272491340817,0.4257706062598129,0.7681192615148359,0.08550477541228481
2021-12-20 14:10:00,0.23361227336122734,-0.5139442231075697,0.026954579300074277,0.04374218889484016,0.3608904477104082,0.00033407572383073496,0.5,-0.13276727581637537,0.43800268385406105,0.17022272491340817,0.4257706062598129,0.7681192615148359,0.09733391674336497
2021-12-20 14:20:00,0.22036262203626222,0.1872509960159361,0.03588979895755773,0.04552758435993587,0.3484445956733978,0.00033407572383073496,0.5,-0.13276727581637537,0.43800268385406105,0.17022272491340817,0.4257706062598129,0.7681192615148359,0.08312838541273745
2021-12-20 14:30:00,0.21827057182705717,0.043824701195219085,0.04363365599404312,0.05124084984824129,0.3535354857284946,0.00033407572383073496,0.5,-0.13276727581637537,0.43800268385406105,0.17022272491340817,0.4257706062598129,0.7681192615148359,0.08029934969899061
2021-12-20 14:40:00,0.23221757322175732,-0.1394422310756973,0.04780342516753522,0.05552579896447085,0.352697909986782,0.00033407572383073496,0.5,-0.13276727581637537,0.43800268385406105,0.17022272491340817,0.4257706062598129,0.7681192615148359,0.09976311540956893
2021-12-20 14:50:00,0.22594142259414227,0.05179282868525892,0.053760238272523964,0.06195322263881464,0.3515200690999987,0.00033407572383073496,0.5,-0.13276727581637537,0.43800268385406105,0.17022272491340817,0.4257706062598129,0.7681192615148359,0.08737571103097605
2021-12-20 15:00:00,0.22454672245467225,0.2350597609561753,0.047505584512285814,0.06195322263881464,0.3449241601340121,0.00033407572383073496,0.5,-0.12441269378561903,0.42825000646538713,0.16206502597089845,0.4761714719498483,0.7539442161461148,0.0948896298866877
2021-12-20 15:10:00,0.22524407252440726,0.003984063745019917,-0.008488458674609234,-0.012319228709159136,0.3449241601340121,0.00033407572383073496,0.5,-0.12441269378561903,0.42825000646538713,0.16206502597089845,0.4761714719498483,0.7539442161461148,0.09908414683826969
2021-12-20 15:20:00,0.22873082287308227,0.2350597609561753,-0.02903946388682077,-0.06195322263881431,0.3481174176492913,0.00033407572383073496,0.5,-0.12441269378561903,0.42825000646538713,0.16206502597089845,0.4761714719498483,0.7539442161461148,0.10601717036075864
2021-12-20 15:30:00,0.2315202231520223,0.2669322709163344,-0.03350707371556216,-0.08409212640599895,0.35875724699323397,0.00033407572383073496,0.5,-0.12441269378561903,0.42825000646538713,0.16206502597089845,0.4761714719498483,0.7539442161461148,0.10127947855213724
2021-12-20 15:40:00,0.25662482566248257,-0.05179282868525903,-0.03648548026805687,-0.09694697375468664,0.3600659590896598,0.00155902004454343,0.5,-0.12441269378561903,0.42825000646538713,0.16206502597089845,0.4761714719498483,0.7539442161461148,0.12136940416735821
2021-12-20 15:50:00,0.2719665271966527,-0.01195219123505975,-0.041846612062546584,-0.10444563470808788,0.3532475690672809,0.0017817371937639199,0.5,-0.12441269378561903,0.42825000646538713,0.16206502597089845,0.4761714719498483,0.7539442161461148,0.13025634835614164
2021-12-20 16:00:00,0.2824267782426778,0.027888446215139417,-0.04333581533879394,-0.1105159792894127,0.34692648964154377,0.00378619153674833,0.5,-0.09637688724287696,0.42185358340493295,0.12683555518018577,0.49576365027988023,0.7389577220442825,0.14466557025815893
2021-12-20 16:10:00,0.27266387726638774,-0.019920318725099695,-0.048696947133283874,-0.12087127298696665,0.34146916019944773,0.00111358574610245,0.5,-0.09637688724287696,0.42185358340493295,0.12683555518018577,0.49576365027988023,0.7389577220442825,0.1401919217828206
2021-12-20 16:20:00,0.301952580195258,-0.11553784860557781,-0.054951600893522135,-0.1308694875915014,0.3527109971077462,0.006792873051224944,0.5,-0.09637688724287696,0.42185358340493295,0.12683555518018577,0.49576365027988023,0.7389577220442825,0.15887864568402313
2021-12-20 16:30:00,0.32914923291492326,0.09960159362549792,-0.05971705137751315,-0.13158364577753967,0.3519912054547121,0.00022271714922048998,0.5,-0.09637688724287696,0.42185358340493295,0.12683555518018577,0.49576365027988023,0.7389577220442825,0.20215912005673162
2021-12-20 16:40:00,0.33751743375174337,0.019920318725099362,-0.06448250186150428,-0.1347973576147118,0.3553153341796338,0.00022271714922048998,0.5,-0.09637688724287696,0.42185358340493295,0.12683555518018577,0.49576365027988023,0.7389577220442825,0.20491271481811188
2021-12-20 16:50:00,0.31520223152022314,-0.043824701195219196,-0.07043931496649303,-0.14051062310301732,0.3553153341796338,0.00033407572383073496,0.5,-0.09637688724287696,0.42185358340493295,0.12683555518018577,0.49576365027988023,0.7389577220442825,0.1875160312023779
2021-12-20 17:00:00,0.394700139470014,0.31474103585657365,-0.07431124348473583,-0.1422960185681127,0.3553153341796338,0.004342984409799555,0.5,-0.10666131238403553,0.4198220150744088,0.129097665516843,0.4284508359860267,0.718872726316656,0.2972448964195724
2021-12-20 17:10:00,0.37866108786610875,0.298804780876494,-0.0805658972449741,-0.14800928405641844,0.3553153341796338,0.006570155902004454,0.5,-0.10666131238403553,0.4198220150744088,0.129097665516843,0.4284508359860267,0.718872726316656,0.26864523137740093
2021-12-20 17:20:00,0.34797768479776847,0.17131474103585642,-0.08801191362621008,-0.15122299589359034,0.3553153341796338,0.009354120267260579,0.5,-0.10666131238403553,0.4198220150744088,0.129097665516843,0.4284508359860267,0.718872726316656,0.22986858186097742
2021-12-20 17:30:00,0.3584379358437936,0.2589641434262948,-0.09486224869694715,-0.1569362613818961,0.3553153341796338,0.007683741648106904,0.5,-0.10666131238403553,0.4198220150744088,0.129097665516843,0.4284508359860267,0.718872726316656,0.23653001795494666
2021-12-20 17:40:00,0.3054393305439331,0.5697211155378485,-0.10260610573343276,-0.16514908052133537,0.3553153341796338,0.0022271714922049,0.5,-0.10666131238403553,0.4198220150744088,0.129097665516843,0.4284508359860267,0.718872726316656,0.18238604644145026
2021-12-20 17:50:00,0.30474198047419804,-0.12350597609561753,-0.10975428145941923,-0.17193358328869845,0.36696287183782433,0.0006681514476614699,0.5,-0.10666131238403553,0.4198220150744088,0.129097665516843,0.4284508359860267,0.718872726316656,0.17922507053729048
2021-12-20 18:00:00,0.2670850767085077,0.09960159362549792,-0.11630677587490701,-0.17943224424209958,0.36908298543403434,0.00022271714922048998,0.5,-0.35547609367281896,0.41444855994276003,0.23307066323913456,0.3639649928183316,0.7332395885997555,0.1348054377838466
2021-12-20 18:10:00,0.3089260808926081,-0.4900398406374503,-0.12256142963514527,-0.18478843063738626,0.36908298543403434,0.00022271714922048998,0.5,-0.35547609367281896,0.41444855994276003,0.23307066323913456,0.3639649928183316,0.7332395885997555,0.17465334882387554
2021-12-20 18:20:00,0.4121338912133891,-0.42629482071713154,-0.1309009679821297,-0.18478843063738626,0.36908298543403434,0.00022271714922048998,0.5,-0.35547609367281896,0.41444855994276003,0.23307066323913456,0.3639649928183316,0.7332395885997555,0.3285302593659943
2021-12-20 18:30:00,0.31729428172942814,0.09163346613545809,-0.1395383469843634,-0.1905016961256918,0.36908298543403434,0.00033407572383073496,0.5,-0.35547609367281896,0.41444855994276003,0.23307066323913456,0.3639649928183316,0.7332395885997555,0.2214644597673401
2021-12-20 18:40:00,0.33403068340306835,0.29083665338645415,-0.14817572598659734,-0.20049991073022666,0.36908298543403434,0.00022271714922048998,0.5,-0.35547609367281896,0.41444855994276003,0.23307066323913456,0.3639649928183316,0.7332395885997555,0.2461411952864493
2021-12-20 18:50:00,0.34449093444909346,0.5298804780876492,-0.1544303797468355,-0.20264238528834144,0.36908298543403434,0.00022271714922048998,0.5,-0.35547609367281896,0.41444855994276003,0.23307066323913456,0.3639649928183316,0.7332395885997555,0.25889826033163843
2021-12-20 19:00:00,0.3647140864714087,-0.05179282868525903,-0.1580044676098289,-0.2062131762185324,0.37938254963290624,0.00022271714922048998,0.5,-0.3885492840259047,0.4362728335924272,0.2518413093710438,0.3471659096964252,0.768398931241225,0.282662160327112
2021-12-20 19:10:00,0.3688981868898187,-0.20318725099601598,-0.16157855547282218,-0.2062131762185324,0.3803509965842614,0.00022271714922048998,0.5,-0.3885492840259047,0.4362728335924272,0.2518413093710438,0.3471659096964252,0.768398931241225,0.2719872655672405
2021-12-20 19:20:00,0.37308228730822873,0.19521912350597592,-0.16396128071481764,-0.20692733440457056,0.3803509965842614,0.00022271714922048998,0.5,-0.3885492840259047,0.4362728335924272,0.2518413093710438,0.3471659096964252,0.768398931241225,0.26911296528207374
2021-12-20 19:30:00,0.37866108786610875,0.31474103585657365,-0.16902457185405817,-0.21335475807891446,0.3803509965842614,0.00022271714922048998,0.5,-0.3885492840259047,0.4362728335924272,0.2518413093710438,0.3471659096964252,0.768398931241225,0.2656125050922643
2021-12-20 19:40:00,0.3193863319386332,0.05976095617529875,-0.17349218168279978,-0.21906802356722022,0.3803509965842614,0.00022271714922048998,0.5,-0.3885492840259047,0.4362728335924272,0.2518413093710438,0.3471659096964252,0.768398931241225,0.20135944596164584
2021-12-20 19:50:00,0.301952580195258,0.05976095617529875,-0.18004467609828745,-0.22692376361364042,0.3803509965842614,0.00022271714922048998,0.5,-0.3885492840259047,0.4362728335924272,0.2518413093710438,0.3471659096964252,0.768398931241225,0.1704512877770569
2021-12-20 20:00:00,0.298465829846583,0.3705179282868525,-0.1854058078927775,-0.23406534547402247,0.3803509965842614,0.00022271714922048998,0.5,-0.3927336625727973,0.4398877034082647,0.2591418716521864,0.3483151594825233,0.8107102015759948,0.14843007378125142
2021-12-20 20:10:00,0.2691771269177127,0.1872509960159361,-0.1889798957557708,-0.24049276914836637,0.3905589509363835,0.00022271714922048998,0.5,-0.3927336625727973,0.4398877034082647,0.2591418716521864,0.3483151594825233,0.8107102015759948,0.12028305445327941
2021-12-20 20:20:00,0.27475592747559274,-0.31474103585657376,-0.19136262099776635,-0.24442063917157653,0.39415790920155475,0.00022271714922048998,0.5,-0.3927336625727973,0.4398877034082647,0.2591418716521864,0.3483151594825233,0.8107102015759948,0.1245002036905714
2021-12-20 20:30:00,0.2503486750348675,-0.45019920318725104,-0.19136262099776635,-0.24549187645063375,0.39415790920155475,0.000556792873051225,0.5,-0.3927336625727973,0.4398877034082647,0.2591418716521864,0.3483151594825233,0.8107102015759948,0.10246390150429259
2021-12-20 20:40:00,0.18479776847977683,-0.29083665338645437,-0.19404318689501132,-0.2508480628459203,0.3880331365902815,0.00033407572383073496,0.5,-0.3927336625727973,0.4398877034082647,0.2591418716521864,0.3483151594825233,0.8107102015759948,0.05403835418018317
2021-12-20 20:50:00,0.16736401673640167,0.3784860557768923,-0.19821295606850342,-0.25191930012497765,0.3802593867375116,0.00033407572383073496,0.5,-0.3927336625727973,0.4398877034082647,0.2591418716521864,0.3483151594825233,0.8107102015759948,0.04635846522926506
2021-12-20 21:00:00,0.19316596931659694,0.38645418326693215,-0.20208488458674623,-0.25334761649705406,0.3802593867375116,0.00033407572383073496,0.5,-0.4057500059201734,0.44743927564675384,0.275306614358377,0.3545759299959258,0.8475152535769261,0.06295547474991324
2021-12-20 21:10:00,0.18479776847977683,0.05179282868525892,-0.20625465376023833,-0.2576325656132833,0.3802593867375116,0.00033407572383073496,0.5,-0.4057500059201734,0.44743927564675384,0.275306614358377,0.3545759299959258,0.8475152535769261,0.0710804653197942
2021-12-20 21:20:00,0.18270571827057183,-0.2509960159362551,-0.20625465376023833,-0.26334583110158893,0.3802593867375116,0.00044543429844097997,0.5,-0.4057500059201734,0.44743927564675384,0.275306614358377,0.3545759299959258,0.8475152535769261,0.07452811684294704
2021-12-20 21:30:00,0.2099023709902371,0.019920318725099362,-0.20714817572598676,-0.2637029101946081,0.3802332124955831,0.00033407572383073496,0.5,-0.4057500059201734,0.44743927564675384,0.275306614358377,0.3545759299959258,0.8475152535769261,0.08787362131659551
2021-12-20 21:40:00,0.26778242677824265,0.3227091633466135,-0.2128071481757261,-0.2687020174968755,0.3802332124955831,0.00022271714922048998,0.5,-0.4057500059201734,0.44743927564675384,0.275306614358377,0.3545759299959258,0.8475152535769261,0.12444739502391479
2021-12-20 21:50:00,0.30474198047419804,0.3067729083665336,-0.21995532390171268,-0.2740582038921622,0.38951198125924275,0.00033407572383073496,0.5,-0.4057500059201734,0.44743927564675384,0.275306614358377,0.3545759299959258,0.8475152535769261,0.14812076587654843
2021-12-20 22:00:00,0.3396094839609484,0.06772908366533859,-0.2241250930752049,-0.2733440457061238,0.3941055607176977,0.00022271714922048998,0.5,-0.47237170150452457,0.4547149913651179,0.32310336479718554,0.3513570397219885,0.8610197868377947,0.1990660410097017
2021-12-20 22:10:00,0.3486750348675035,0.17928286852589648,-0.22472077438570381,-0.2704874129619711,0.3941055607176977,0.00022271714922048998,0.5,-0.47237170150452457,0.4547149913651179,0.32310336479718554,0.3513570397219885,0.8610197868377947,0.21979721472003866
2021-12-20 22:20:00,0.3584379358437936,0.08366533864541825,-0.22472077438570381,-0.2676307802178183,0.3941055607176977,0.00022271714922048998,0.5,-0.47237170150452457,0.4547149913651179,0.32310336479718554,0.3513570397219885,0.8610197868377947,0.22286766148135856
2021-12-20 22:30:00,0.26569037656903766,0.3306772908366533,-0.23127326880119148,-0.27084449205499006,0.40169609087696795,0.00022271714922048998,0.5,-0.47237170150452457,0.4547149913651179,0.32310336479718554,0.3513570397219885,0.8610197868377947,0.1496295849238801
2021-12-20 22:40:00,0.2649930264993026,0.29083665338645415,-0.23335815338793753,-0.27762899482235315,0.4079648218188481,0.00022271714922048998,0.5,-0.47237170150452457,0.4547149913651179,0.32310336479718554,0.3513570397219885,0.8610197868377947,0.14647615311495693
2021-12-20 22:50:00,0.299163179916318,0.5537848605577689,-0.2357408786299332,-0.27762899482235315,0.4079648218188481,0.00022271714922048998,0.5,-0.47237170150452457,0.4547149913651179,0.32310336479718554,0.3513570397219885,0.8610197868377947,0.1732124266336738
2021-12-20 23:00:00,0.28591352859135283,0.43426294820717115,-0.2360387192851825,-0.27762899482235315,0.4079648218188481,0.00033407572383073496,0.5,-0.5286275570562964,0.4683210395193192,0.3671828128311038,0.3293660088199832,0.8715492051810523,0.16418968873063053
2021-12-20 23:10:00,0.3096234309623431,0.5378486055776892,-0.23752792256142974,-0.27762899482235315,0.41038593919723604,0.00033407572383073496,0.5,-0.5286275570562964,0.4683210395193192,0.3671828128311038,0.3293660088199832,0.8715492051810523,0.1801605383466361
2021-12-20 23:20:00,0.3068340306834031,-0.33067729083665354,-0.23663440059568142,-0.27762899482235315,0.42179790867806993,0.00033407572383073496,0.5,-0.5286275570562964,0.4683210395193192,0.3671828128311038,0.3293660088199832,0.8715492051810523,0.16464233444483004
2021-12-20 23:30:00,0.31520223152022314,0.5298804780876492,-0.23901712583767698,-0.2787002321014105,0.42179790867806993,0.00044543429844097997,0.5,-0.5286275570562964,0.4683210395193192,0.3671828128311038,0.3293660088199832,0.8715492051810523,0.1640538950163707
2021-12-20 23:40:00,0.37447698744769875,0.027888446215139417,-0.23723008190618022,-0.2787002321014105,0.42832838203923523,0.00044543429844097997,0.5,-0.5286275570562964,0.4683210395193192,0.3671828128311038,0.3293660088199832,0.8715492051810523,0.22991384643239737
2021-12-20 23:50:00,0.299860529986053,-0.23505976095617542,-0.231571109456441,-0.2690590965898947,0.42179790867806993,0.00044543429844097997,0.5,-0.5286275570562964,0.4683210395193192,0.3671828128311038,0.3293660088199832,0.8715492051810523,0.1760037418712374
2021-12-21 00:00:00,0.24476987447698745,-0.09960159362549814,-0.23008190618019375,-0.2747723620782002,0.42179790867806993,0.00044543429844097997,0.5,-0.5439544356773997,0.4700250282321921,0.3838716783101055,0.3184429825899007,0.8999401689291788,0.11668452102539342
2021-12-21 00:10:00,0.24546722454672246,0.07569721115537842,-0.2324646314221892,-0.27762899482235315,0.42179790867806993,0.00044543429844097997,0.5,-0.5439544356773997,0.4700250282321921,0.3838716783101055,0.3184429825899007,0.8999401689291788,0.0905140546494259
2021-12-21 00:20:00,0.18758716875871687,-0.019920318725099695,-0.23306031273268812,-0.2815568648455633,0.42179790867806993,0.00044543429844097997,0.5,-0.5439544356773997,0.4700250282321921,0.3838716783101055,0.3184429825899007,0.8999401689291788,0.061333494274031716
2021-12-21 00:30:00,0.1199442119944212,-0.47410358565737054,-0.2357408786299332,-0.27905731119442967,0.42179790867806993,0.00044543429844097997,0.5,-0.5439544356773997,0.4700250282321921,0.3838716783101055,0.3184429825899007,0.8999401689291788,0.015985937806478872
2021-12-21 00:40:00,0.11366806136680613,0.14741035856573692,-0.24169769173492195,-0.2754865202642386,0.4074805983431705,0.00044543429844097997,0.5,-0.5439544356773997,0.4700250282321921,0.3838716783101055,0.3184429825899007,0.8999401689291788,0.020542571329420462
2021-12-21 00:50:00,0.16736401673640167,0.2669322709163344,-0.2431868950111692,-0.2783431530083913,0.42179790867806993,0.00044543429844097997,0.5,-0.5439544356773997,0.4700250282321921,0.3838716783101055,0.3184429825899007,0.8999401689291788,0.04992682227620442
2021-12-21 01:00:00,0.14225941422594143,-0.2509960159362551,-0.24527177959791513,-0.2851276557757543,0.42179790867806993,0.00044543429844097997,0.5,-0.5771711110214284,0.4649274296206684,0.416538108848874,0.3390882074384064,0.9275994804163462,0.04126620094452073
2021-12-21 01:10:00,0.16666666666666669,-0.3466135458167332,-0.24884586746090853,-0.28727013033386894,0.405988666553245,0.00044543429844097997,0.5,-0.5771711110214284,0.4649274296206684,0.416538108848874,0.3390882074384064,0.9275994804163462,0.04599634865790546
2021-12-21 01:20:00,0.18200836820083682,-0.45019920318725104,-0.254504839910648,-0.2929833958221746,0.4053735718679248,0.00044543429844097997,0.5,-0.5771711110214284,0.4649274296206684,0.416538108848874,0.3390882074384064,0.9275994804163462,0.051880742942498906
2021-12-21 01:30:00,0.1324965132496513,0.22709163346613526,-0.2595681310498884,-0.2972683449384038,0.4053735718679248,0.00044543429844097997,0.5,-0.5771711110214284,0.4649274296206684,0.416538108848874,0.3390882074384064,0.9275994804163462,0.037569594278558174
2021-12-21 01:40:00,0.12761506276150628,-0.2270916334661356,-0.2667163067758751,-0.29655418675236567,0.4053735718679248,0.00044543429844097997,0.5,-0.5771711110214284,0.4649274296206684,0.416538108848874,0.3390882074384064,0.9275994804163462,0.02260965342426483
2021-12-21 01:50:00,0.10460251046025104,0.43426294820717115,-0.26880119136262115,-0.29548294947330833,0.41169465129366195,0.00044543429844097997,0.5,-0.5771711110214284,0.4649274296206684,0.416538108848874,0.3390882074384064,0.9275994804163462,0.010750335712238032
2021-12-21 02:00:00,0.09483960948396096,-0.11553784860557781,-0.26880119136262115,-0.29548294947330833,0.4218895185248197,0.0006681514476614699,0.5,-0.5858554550478734,0.47045605404489127,0.4280889732963695,0.3665714676101145,0.936564682002343,0.0
2021-12-21 02:10:00,0.08437935843793584,-0.4342629482071714,-0.26880119136262115,-0.3169076950544545,0.412964102027195,0.35356347438752783,0.5,-0.5858554550478734,0.47045605404489127,0.4280889732963695,0.3665714676101145,0.936564682002343,0.0
2021-12-21 02:20:00,0.11297071129707113,-0.3067729083665339,-0.259270290394639,-0.3154793786823781,0.4054259203517818,0.996770601336303,0.5,-0.5858554550478734,0.47045605404489127,0.4280889732963695,0.3665714676101145,0.936564682002343,0.0
2021-12-21 02:30:00,0.199442119944212,-0.1792828685258966,-0.25301563663440074,-0.2879842885199072,0.3963303712816218,0.996770601336303,0.5,-0.5858554550478734,0.47045605404489127,0.4280889732963695,0.3665714676101145,0.936564682002343,0.0
2021-12-21 02:40:00,0.13807531380753138,-0.05179282868525903,-0.2548026805658973,-0.2879842885199072,0.3339440656449988,0.12516703786191538,0.5,-0.5858554550478734,0.47045605404489127,0.4280889732963695,0.3665714676101145,0.936564682002343,0.0
2021-12-21 02:50:00,0.2670850767085077,0.003984063745019917,-0.251228592702904,-0.2779860739153722,0.3390218685791313,0.22115812917594654,0.5,-0.5858554550478734,0.47045605404489127,0.4280889732963695,0.3665714676101145,0.936564682002343,0.07522971769995625
2021-12-21 03:00:00,0.21687587168758715,0.3306772908366533,-0.23871928518242747,-0.24656311372969109,0.3390218685791313,0.00033407572383073496,0.5,-0.5921722633706699,0.47218015729568796,0.44061630649553357,0.3672099658314002,0.9357737543865661,0.0786924574135824
2021-12-21 03:10:00,0.2873082287308229,0.33864541832669315,-0.23306031273268812,-0.225495447241564,0.3495700880763241,0.00022271714922048998,0.5,-0.5921722633706699,0.47218015729568796,0.44061630649553357,0.3672099658314002,0.9357737543865661,0.14423555682966943
2021-12-21 03:20:00,0.24546722454672246,0.4581673306772909,-0.22978406552494424,-0.21656846991608647,0.356938137179202,0.00033407572383073496,0.5,-0.5921722633706699,0.47218015729568796,0.44061630649553357,0.3672099658314002,0.9357737543865661,0.0992802933144228
2021-12-21 03:30:00,0.24058577405857742,-0.01195219123505975,-0.22620997766195106,-0.20264238528834144,0.37549567470652134,0.00033407572383073496,0.5,-0.5921722633706699,0.47218015729568796,0.44061630649553357,0.3672099658314002,0.9357737543865661,0.09599861188647646
2021-12-21 03:40:00,0.23221757322175732,-0.13147410358565736,-0.27207743857036504,-0.2194251026602393,0.36684508774914604,0.00033407572383073496,0.5,-0.5921722633706699,0.47218015729568796,0.44061630649553357,0.3672099658314002,0.9357737543865661,0.10357288350408135
2021-12-21 03:50:00,0.18479776847977683,0.29083665338645415,-0.32807148175726,-0.2847705766827352,0.37579667848869924,0.00033407572383073496,0.5,-0.5921722633706699,0.47218015729568796,0.44061630649553357,0.3672099658314002,0.9357737543865661,0.07497321846190987
2021-12-21 04:00:00,0.12761506276150628,-0.17928286852589637,-0.34623976172747584,-0.3172647741474738,0.38328251168025546,0.00011135857461024499,0.5,-0.6523784254873637,0.4801857433902207,0.5103927344637799,0.34425631460045014,0.9341310132546893,0.03609849570740981
2021-12-21 04:10:00,0.1499302649930265,-0.07569721115537853,-0.355770662695458,-0.3279771469380467,0.38328251168025546,0.00022271714922048998,0.5,-0.6523784254873637,0.4801857433902207,0.5103927344637799,0.34425631460045014,0.9341310132546893,0.04462332332483365
2021-12-21 04:20:00,0.23361227336122734,0.12350597609561742,-0.3596425912137007,-0.34154615247277276,0.38328251168025546,0.00022271714922048998,0.5,-0.6523784254873637,0.4801857433902207,0.5103927344637799,0.34425631460045014,0.9341310132546893,0.09967258626672904
2021-12-21 04:30:00,0.20432357043235705,0.31474103585657365,-0.36649292628443786,-0.35582931619353686,0.38328251168025546,0.00033407572383073496,0.5,-0.6523784254873637,0.4801857433902207,0.5103927344637799,0.34425631460045014,0.9341310132546893,0.07767400455663352
2021-12-21 04:40:00,0.2510460251046025,-0.11553784860557781,-0.37006701414743126,-0.35940010712372794,0.3952048788786955,0.00022271714922048998,0.5,-0.6523784254873637,0.4801857433902207,0.5103927344637799,0.34425631460045014,0.9341310132546893,0.10869532416977233
2021-12-21 04:50:00,0.23849372384937237,-0.3227091633466136,-0.3676842889054357,-0.3586859489376897,0.38592611011503575,0.00022271714922048998,0.5,-0.6523784254873637,0.4801857433902207,0.5103927344637799,0.34425631460045014,0.9341310132546893,0.10478748283718334
2021-12-21 05:00:00,0.18131101813110181,-0.3784860557768924,-0.3667907669396874,-0.359757186216747,0.3838452578817186,0.00033407572383073496,0.5,-0.6574137747592491,0.48285522992353574,0.5232521938526347,0.3317431815276804,0.9195951451168343,0.06532432065422394
2021-12-21 05:10:00,0.23082287308228733,0.05976095617529875,-0.3641102010424424,-0.35725763256561327,0.37134705736085116,0.00033407572383073496,0.5,-0.6574137747592491,0.48285522992353574,0.5232521938526347,0.3317431815276804,0.9195951451168343,0.10285619445659883
2021-12-21 05:20:00,0.21687587168758715,-0.23505976095617542,-0.3554728220402086,-0.35618639528655593,0.38082213293897477,0.00033407572383073496,0.5,-0.6574137747592491,0.48285522992353574,0.5232521938526347,0.3317431815276804,0.9195951451168343,0.08637989045973717
2021-12-21 05:30:00,0.13458856345885634,0.14741035856573692,-0.35845122859270295,-0.35618639528655593,0.3657065082252555,0.00022271714922048998,0.5,-0.6574137747592491,0.48285522992353574,0.5232521938526347,0.3317431815276804,0.9195951451168343,0.034272824660138514
2021-12-21 05:40:00,0.08507670850767085,0.5458167330677288,-0.3638123603871929,-0.3551151580074986,0.3721846331025637,0.00022271714922048998,0.5,-0.6574137747592491,0.48285522992353574,0.5232521938526347,0.3317431815276804,0.9195951451168343,0.0028969325708767747
2021-12-21 05:50:00,0.10181311018131102,-0.3705179282868527,-0.37393894266567396,-0.3501160507052312,0.3723678527960633,0.00033407572383073496,0.5,-0.6574137747592491,0.48285522992353574,0.5232521938526347,0.3317431815276804,0.9195951451168343,0.0008600268569790425
2021-12-21 06:00:00,0.10808926080892609,-0.12350597609561753,-0.38198064035740886,-0.35440099982146045,0.3657065082252555,0.00033407572383073496,0.5,-0.6043947031291536,0.4744645941029927,0.5002161546736649,0.3603196655810164,0.9338453228779461,0.009354678093456253
2021-12-21 06:10:00,0.1415620641562064,-0.02788844621513953,-0.38495904690990335,-0.3565434743795751,0.3725118111266702,0.00022271714922048998,0.5,-0.6043947031291536,0.4744645941029927,0.5002161546736649,0.3603196655810164,0.9338453228779461,0.03530636570756069
2021-12-21 06:20:00,0.1701534170153417,-0.15537848605577698,-0.38495904690990335,-0.3683270844492056,0.3657065082252555,0.00022271714922048998,0.5,-0.6043947031291536,0.4744645941029927,0.5002161546736649,0.3603196655810164,0.9338453228779461,0.04785219608612339
2021-12-21 06:30:00,0.14086471408647142,-0.05179282868525903,-0.3882352941176471,-0.3740403499375111,0.3657065082252555,0.00033407572383073496,0.5,-0.6043947031291536,0.4744645941029927,0.5002161546736649,0.3603196655810164,0.9338453228779461,0.030161292756159752
2021-12-21 06:40:00,0.13528591352859135,0.1394422310756971,-0.3950856291883843,-0.3743974290305303,0.3657065082252555,0.00022271714922048998,0.5,-0.6043947031291536,0.4744645941029927,0.5002161546736649,0.3603196655810164,0.9338453228779461,0.030523409327519353
2021-12-21 06:50:00,0.11785216178521618,0.1394422310756971,-0.398957557706627,-0.3776111408677022,0.36583737943489814,0.00022271714922048998,0.5,-0.6043947031291536,0.4744645941029927,0.5002161546736649,0.3603196655810164,0.9338453228779461,0.01602365828266216
2021-12-21 07:00:00,0.09902370990237098,0.2669322709163344,-0.40431868950111693,-0.3747545081235494,0.38209158367250795,0.000556792873051225,0.5,-0.5999487029483798,0.49773424097791075,0.5052765454615318,0.32082618551839537,0.9270591362863255,0.001803038761561326
2021-12-21 07:10:00,0.08786610878661089,0.2111553784860556,-0.40819061801935974,-0.3951080164256383,0.38222245488215045,0.23552338530066813,0.5,-0.5999487029483798,0.49773424097791075,0.5052765454615318,0.32082618551839537,0.9270591362863255,0.0
2021-12-21 07:20:00,0.11576011157601115,0.15537848605577675,-0.4055100521221148,-0.41010533833244067,0.38222245488215045,0.9995545657015591,0.5,-0.5999487029483798,0.49773424097791075,0.5052765454615318,0.32082618551839537,0.9270591362863255,0.0
2021-12-21 07:30:00,0.1324965132496513,0.09960159362549792,-0.39746835443037987,-0.3818960899839313,0.38222245488215045,0.9995545657015591,0.5,-0.5999487029483798,0.49773424097791075,0.5052765454615318,0.32082618551839537,0.9270591362863255,0.0
2021-12-21 07:40:00,0.1415620641562064,0.043824701195219085,-0.3906180193596427,-0.37868237814675954,0.38222245488215045,0.9995545657015591,0.5,-0.5999487029483798,0.49773424097791075,0.5052765454615318,0.32082618551839537,0.9270591362863255,0.0
2021-12-21 07:50:00,0.10111576011157601,-0.011952191235059972,-0.3879374534623977,-0.38475272272808425,0.38222245488215045,0.9995545657015591,0.5,-0.5999487029483798,0.49773424097791075,0.5052765454615318,0.32082618551839537,0.9270591362863255,0.0
2021-12-21 08:00:00,0.08716875871687588,-0.06772908366533881,-0.3873417721518988,-0.38475272272808425,0.38222245488215045,0.9995545657015591,0.5,-0.6262908062542379,0.502202541902893,0.5425593905414672,0.32891184368991006,0.9437791922817582,0.0
2021-12-21 08:10:00,0.09902370990237098,-0.12350597609561753,-0.37751303052866725,-0.3886805927512945,0.38222245488215045,0.9995545657015591,0.5,-0.6262908062542379,0.502202541902893,0.5425593905414672,0.32891184368991006,0.9437791922817582,0.0
2021-12-21 08:20:00,0.11366806136680613,-0.1792828685258966,-0.378704393149665,-0.3968934118907338,0.38222245488215045,0.9995545657015591,0.5,-0.6262908062542379,0.502202541902893,0.5425593905414672,0.32891184368991006,0.9437791922817582,0.0
2021-12-21 08:30:00,0.1499302649930265,-0.23505976095617542,-0.38198064035740886,-0.4029637564720586,0.38222245488215045,0.9995545657015591,0.5,-0.6262908062542379,0.502202541902893,0.5425593905414672,0.32891184368991006,0.9437791922817582,0.0
2021-12-21 08:40:00,0.1304044630404463,-0.29083665338645437,-0.3793000744601639,-0.4076057846813069,0.38222245488215045,0.9995545657015591,0.5,-0.6262908062542379,0.502202541902893,0.5425593905414672,0.32891184368991006,0.9437791922817582,0.0
2021-12-21 08:50:00,0.11018131101813111,0.02940618478467072,-0.38138495904690994,-0.4097482592394215,0.38222245488215045,0.9995545657015591,0.5,-0.6262908062542379,0.502202541902893,0.5425593905414672,0.32891184368991006,0.9437791922817582,0.0
2021-12-21 09:00:00,0.10599721059972106,0.3496490229557956,-0.38525688756515275,-0.4126048919835744,0.38222245488215045,0.9995545657015591,0.5,-0.6472240056860348,0.5245986431307426,0.5810577489960443,0.29690236488149035,0.9517278990172051,0.0
2021-12-21 09:10:00,0.10111576011157601,0.6698918611269207,-0.3861504095309011,-0.4111765756114979,0.38222245488215045,0.9995545657015591,0.5,-0.6472240056860348,0.5245986431307426,0.5810577489960443,0.29690236488149035,0.9517278990172051,0.0
2021-12-21 09:20:00,0.09832635983263598,0.5207740466704609,-0.3828741623231572,-0.4097482592394215,0.38222245488215045,0.9995545657015591,0.5,-0.6472240056860348,0.5245986431307426,0.5810577489960443,0.29690236488149035,0.9517278990172051,0.0
2021-12-21 09:30:00,0.09205020920502092,0.3716562322140011,-0.37721518987341784,-0.4097482592394215,0.38222245488215045,0.9995545657015591,0.5,-0.6472240056860348,0.5245986431307426,0.5810577489960443,0.29690236488149035,0.9517278990172051,0.0
2021-12-21 09:40:00,0.11018131101813111,0.22253841775754113,-0.36291883842144457,-0.4065345474022497,0.38222245488215045,0.9995545657015591,0.5,-0.6472240056860348,0.5245986431307426,0.5810577489960443,0.29690236488149035,0.9517278990172051,0.0
2021-12-21 09:50:00,0.08368200836820083,0.07342060330108136,-0.3563663440059569,-0.4001071237279057,0.38222245488215045,0.9995545657015591,0.5,-0.6472240056860348,0.5245986431307426,0.5810577489960443,0.29690236488149035,0.9517278990172051,0.0
2021-12-21 10:00:00,0.029288702928870293,-0.07569721115537853,-0.3518987341772153,-0.3901089091233708,0.38222245488215045,0.9995545657015591,0.5,-0.5114807671077168,0.5342737358731294,0.472553429009517,0.21957295604743457,0.9459457416650426,0.0
2021-12-21 10:10:00,0.012552301255230125,-0.11119159724737426,-0.348324646314222,-0.3776111408677022,0.38222245488215045,0.9995545657015591,0.5,-0.5114807671077168,0.5342737358731294,0.472553429009517,0.21957295604743457,0.9459457416650426,0.0
2021-12-21 10:20:00,0.013947001394700141,-0.14668598333936989,-0.3396872673119882,-0.3618996607748617,0.38222245488215045,0.9995545657015591,0.5,-0.5114807671077168,0.5342737358731294,0.472553429009517,0.21957295604743457,0.9459457416650426,0.0
2021-12-21 10:30:00,0.044630404463040445,-0.1821803694313655,-0.33104988830975446,-0.3458311015890019,0.38222245488215045,0.9995545657015591,0.5,-0.5114807671077168,0.5342737358731294,0.472553429009517,0.21957295604743457,0.9459457416650426,0.0
2021-12-21 10:40:00,0.07670850767085077,-0.21767475552336124,-0.31973194341027555,-0.3329762542403142,0.38222245488215045,0.9995545657015591,0.5,-0.5114807671077168,0.5342737358731294,0.472553429009517,0.21957295604743457,0.9459457416650426,0.0
2021-12-21 10:50:00,0.09414225941422595,-0.25316914161535686,-0.3033507073715562,-0.32190680235672187,0.38222245488215045,0.9995545657015591,0.5,-0.5114807671077168,0.5342737358731294,0.472553429009517,0.21957295604743457,0.9459457416650426,0.0
2021-12-21 11:00:00,0.0794979079497908,-0.2886635277073526,-0.2970960536113181,-0.31262274593822525,0.38222245488215045,0.9995545657015591,0.5,-0.47958117191416394,0.5404460255109804,0.422846984683517,0.1257452609072913,0.9506365257491767,0.0
2021-12-21 11:10:00,0.059274755927475595,-0.3241579137993482,-0.2973938942665675,-0.3008391358685949,0.38222245488215045,0.9995545657015591,0.5,-0.47958117191416394,0.5404460255109804,0.422846984683517,0.1257452609072913,0.9506365257491767,0.0
2021-12-21 11:20:00,0.08437935843793584,-0.35965229989134384,-0.2941176470588236,-0.2865559721478307,0.38222245488215045,0.9995545657015591,0.5,-0.47958117191416394,0.5404460255109804,0.422846984683517,0.1257452609072913,0.9506365257491767,0.0
2021-12-21 11:30:00,0.0808926080892608,-0.39514668598333946,-0.29233060312732695,-0.27620067845027674,0.38222245488215045,0.9995545657015591,0.5,-0.47958117191416394,0.5404460255109804,0.422846984683517,0.1257452609072913,0.9506365257491767,0.0
2021-12-21 11:40:00,0.09065550906555091,-0.4306410720753351,-0.2893521965748326,-0.26691662203178,0.38222245488215045,0.9995545657015591,0.5,-0.47958117191416394,0.5404460255109804,0.422846984683517,0.1257452609072913,0.9506365257491767,0.0
2021-12-21 11:50:00,0.08716875871687588,-0.4661354581673308,-0.28399106478034264,-0.2608462774504553,0.38222245488215045,0.9995545657015591,0.5,-0.47958117191416394,0.5404460255109804,0.422846984683517,0.1257452609072913,0.9506365257491767,0.0
2021-12-21 12:00:00,0.09832635983263598,-0.5016298442593263,-0.28011913626209994,-0.2540617746830922,0.38222245488215045,0.9995545657015591,0.5,-0.45824690158137005,0.5407161350202726,0.39070429647518873,0.1261368997899356,0.8303689937783875,0.0
2021-12-21 12:10:00,0.08926080892608089,-0.5371242303513221,-0.2738644825018616,-0.24906266738082483,0.38222245488215045,0.9995545657015591,0.5,-0.45824690158137005,0.5407161350202726,0.39070429647518873,0.1261368997899356,0.8303689937783875,0.0
2021-12-21 12:20:00,0.08298465829846582,-0.5726186164433178,-0.2679076693968728,-0.24370648098553827,0.38222245488215045,0.9995545657015591,0.5,-0.45824690158137005,0.5407161350202726,0.39070429647518873,0.1261368997899356,0.8303689937783875,0.0
2021-12-21 12:30:00,0.11645746164574616,-0.6081130025353134,-0.2631422189128817,-0.2365648991251561,0.38222245488215045,0.9995545657015591,0.5,-0.45824690158137005,0.5407161350202726,0.39070429647518873,0.1261368997899356,0.8303689937783875,0.0
2021-12-21 12:40:00,0.11645746164574616,-0.643607388627309,-0.25718540580789295,-0.23870737368327077,0.38222245488215045,0.9995545657015591,0.5,-0.45824690158137005,0.5407161350202726,0.39070429647518873,0.1261368997899356,0.8303689937783875,0.0
2021-12-21 12:50:00,0.10599721059972106,-0.6791017747193048,-0.254504839910648,-0.23585074093911806,0.38222245488215045,0.9995545657015591,0.5,-0.45824690158137005,0.5407161350202726,0.39070429647518873,0.1261368997899356,0.8303689937783875,0.0
2021-12-21 13:00:00,0.11297071129707113,-0.7145961608113004,-0.24854802680565913,-0.23335118728798432,0.38222245488215045,0.9995545657015591,0.5,-0.30286312926023184,0.53772768938556,0.3017394966519169,0.20976157887137145,0.7787697736513144,0.0
2021-12-21 13:10:00,0.13737796373779637,-0.750090546903296,-0.2440804169769174,-0.23120871272986965,0.38222245488215045,0.9995545657015591,0.5,-0.30286312926023184,0.53772768938556,0.3017394966519169,0.20976157887137145,0.7787697736513144,0.0
2021-12-21 13:20:00,0.1199442119944212,-0.7089822528069541,-0.24110201042442314,-0.22906623817175498,0.38222245488215045,0.9995545657015591,0.5,-0.30286312926023184,0.53772768938556,0.3017394966519169,0.20976157887137145,0.7787697736513144,0.0
2021-12-21 13:30:00,0.11854951185495119,-0.6678739587106123,-0.23663440059568142,-0.22263881449741119,0.38222245488215045,0.9995545657015591,0.5,-0.30286312926023184,0.53772768938556,0.3017394966519169,0.20976157887137145,0.7787697736513144,0.0
2021-12-21 13:40:00,0.11576011157601115,-0.6267656646142703,-0.231571109456441,-0.21799678628816288,0.38222245488215045,0.9995545657015591,0.5,-0.30286312926023184,0.53772768938556,0.3017394966519169,0.20976157887137145,0.7787697736513144,0.0
2021-12-21 13:50:00,0.12482566248256625,-0.5856573705179284,-0.2285927029039465,-0.21335475807891446,0.38222245488215045,0.9995545657015591,0.5,-0.30286312926023184,0.53772768938556,0.3017394966519169,0.20976157887137145,0.7787697736513144,0.0
2021-12-21 14:00:00,0.16875871687587168,-0.31474103585657376,-0.22174236783320933,-0.2129976789858954,0.38222245488215045,0.9995545657015591,0.5,-0.28610516962881016,0.5303284129342243,0.2874633966884014,0.3517514089294917,0.7343257887267107,0.0
2021-12-21 14:10:00,0.2705718270571827,-0.043824701195219196,-0.2125093075204767,-0.21335475807891446,0.352344557720747,0.20167037861915368,0.5,-0.28610516962881016,0.5303284129342243,0.2874633966884014,0.3517514089294917,0.7343257887267107,0.0816195663654058
2021-12-21 14:20:00,0.32147838214783825,0.5617529880478087,-0.19225614296351468,-0.21085520442778072,0.34917747444739633,0.3625835189309577,0.5,-0.28610516962881016,0.5303284129342243,0.2874633966884014,0.3517514089294917,0.7343257887267107,0.09655687493398916
2021-12-21 14:30:00,0.31520223152022314,0.6334661354581672,-0.19523454951600916,-0.20906980896268523,0.34917747444739633,0.9957683741648108,0.5,-0.28610516962881016,0.5303284129342243,0.2874633966884014,0.3517514089294917,0.7343257887267107,0.0
2021-12-21 14:40:00,0.37935843793584384,0.45179282868525883,-0.20595681310498903,-0.22835207998571683,0.34917747444739633,0.9957683741648108,0.5,-0.28610516962881016,0.5303284129342243,0.2874633966884014,0.3517514089294917,0.7343257887267107,0.0
2021-12-21 14:50:00,0.35704323570432356,0.27011952191235045,-0.21161578555472838,-0.2515622210319586,0.34917747444739633,0.9957683741648108,0.5,-0.28610516962881016,0.5303284129342243,0.2874633966884014,0.3517514089294917,0.7343257887267107,0.0
2021-12-21 15:00:00,0.3312412831241283,0.08844621513944229,-0.21221146686522718,-0.26513122656668453,0.34917747444739633,0.9957683741648108,0.5,-0.27183888590008154,0.527621570830474,0.2765997379766579,0.4794007953194382,0.710491498360565,0.0
2021-12-21 15:10:00,0.32496513249651326,-0.09322709163346632,-0.21489203276247215,-0.26691662203178,0.3542421902605646,0.9375278396436526,0.5,-0.27183888590008154,0.527621570830474,0.2765997379766579,0.4794007953194382,0.710491498360565,0.0
2021-12-21 15:20:00,0.25313807531380755,-0.2749003984063746,-0.2050632911392406,-0.2544188537761113,0.37774665951237385,0.00868596881959911,0.5,-0.27183888590008154,0.527621570830474,0.2765997379766579,0.4794007953194382,0.710491498360565,0.10782775321755662
2021-12-21 15:30:00,0.25662482566248257,-0.043824701195219196,-0.18659717051377522,-0.22620960542760216,0.37036552328853173,0.00033407572383073496,0.5,-0.27183888590008154,0.527621570830474,0.2765997379766579,0.4794007953194382,0.710491498360565,0.11445146883534259
2021-12-21 15:40:00,0.31450488145048816,-0.06772908366533881,-0.1740878629932987,-0.20371362256739867,0.36250016358901205,0.00033407572383073496,0.5,-0.27183888590008154,0.527621570830474,0.2765997379766579,0.4794007953194382,0.710491498360565,0.17579250720461095
2021-12-21 15:50:00,0.3472803347280335,0.043824701195219085,-0.16157855547282218,-0.18907337975361538,0.3539804478412794,0.00022271714922048998,0.5,-0.27183888590008154,0.527621570830474,0.2765997379766579,0.4794007953194382,0.710491498360565,0.2478386167146974
2021-12-21 16:00:00,0.3891213389121339,0.22709163346613526,-0.1586001489203277,-0.18050348152115692,0.3539804478412794,0.00044543429844097997,0.5,-0.2555287915541974,0.5416471507757042,0.26226010413722206,0.5556191337113652,0.6930173602847904,0.3190925962249348
2021-12-21 16:10:00,0.4065550906555091,-0.05179282868525903,-0.154728220402085,-0.17193358328869845,0.3539804478412794,0.000779510022271715,0.5,-0.2555287915541974,0.5416471507757042,0.26226010413722206,0.5556191337113652,0.6930173602847904,0.36330853840698885
2021-12-21 16:20:00,0.3521617852161785,-0.07569721115537853,-0.15174981384959063,-0.16264952687020162,0.3586132886626271,0.00033407572383073496,0.5,-0.2555287915541974,0.5416471507757042,0.26226010413722206,0.5556191337113652,0.6930173602847904,0.28347692261267105
2021-12-21 16:30:00,0.42398884239888424,-0.3705179282868527,-0.16098287416232326,-0.15800749866095343,0.3652877203543992,0.0006681514476614699,0.5,-0.2555287915541974,0.5416471507757042,0.26226010413722206,0.5556191337113652,0.6930173602847904,0.3783740965945954
2021-12-21 16:40:00,0.4100418410041841,-0.12350597609561753,-0.21727475800446772,-0.19407248705588287,0.36128306133933596,0.00033407572383073496,0.5,-0.2555287915541974,0.5416471507757042,0.26226010413722206,0.5556191337113652,0.6930173602847904,0.3558398841226972
2021-12-21 16:50:00,0.4393305439330544,0.027888446215139417,-0.2434847356664186,-0.22906623817175498,0.3584300689691275,0.00044543429844097997,0.5,-0.2555287915541974,0.5416471507757042,0.26226010413722206,0.5556191337113652,0.6930173602847904,0.391010456115998
2021-12-21 17:00:00,0.36959553695955366,0.003984063745019917,-0.25688756515264344,-0.24549187645063375,0.3657457695881483,0.00033407572383073496,0.5,-0.2639729266302073,0.5402908562184106,0.25005589332497374,0.5247650795628137,0.7004869908643954,0.27639301718544895
2021-12-21 17:10:00,0.38633193863319387,-0.15537848605577698,-0.26612062546537607,-0.2554900910551686,0.368860504377642,0.00044543429844097997,0.5,-0.2639729266302073,0.5402908562184106,0.25005589332497374,0.5247650795628137,0.7004869908643954,0.31943962460582104
2021-12-21 17:20:00,0.3772663877266388,0.027888446215139417,-0.27624720774385714,-0.26156043563649345,0.3748151444163798,0.00033407572383073496,0.5,-0.2639729266302073,0.5402908562184106,0.25005589332497374,0.5247650795628137,0.7004869908643954,0.29058346032560317
2021-12-21 17:30:00,0.34797768479776847,0.03585657370517925,-0.28399106478034264,-0.27441528298518114,0.37587520121448487,0.00033407572383073496,0.5,-0.2639729266302073,0.5402908562184106,0.25005589332497374,0.5247650795628137,0.7004869908643954,0.24322917452509923
2021-12-21 17:40:00,0.39051603905160387,0.394422310756972,-0.2908413998510798,-0.27762899482235315,0.37587520121448487,0.00033407572383073496,0.5,-0.2639729266302073,0.5402908562184106,0.25005589332497374,0.5247650795628137,0.7004869908643954,0.2968903239434495
2021-12-21 17:50:00,0.3528591352859135,-0.019920318725099695,-0.2970960536113181,-0.28369933940367775,0.38638415934878484,0.00022271714922048998,0.5,-0.2639729266302073,0.5402908562184106,0.25005589332497374,0.5247650795628137,0.7004869908643954,0.23889886385925738
2021-12-21 18:00:00,0.3235704323570432,-0.12350597609561753,-0.30067014147431137,-0.29048384217104095,0.38711703812278336,0.00022271714922048998,0.5,-0.45053973637051015,0.5467533699034817,0.3720708632250075,0.3824269613097907,0.7388603718487649,0.1942604523439504
2021-12-21 18:10:00,0.2622036262203626,-0.3784860557768924,-0.3060312732688013,-0.30333868951972864,0.37984059886665533,0.00033407572383073496,0.5,-0.45053973637051015,0.5467533699034817,0.3720708632250075,0.3824269613097907,0.7388603718487649,0.13629162454546825
2021-12-21 18:20:00,0.23849372384937237,0.3306772908366533,-0.3107967237527923,-0.31476522049634004,0.37323160277970446,0.00044543429844097997,0.5,-0.45053973637051015,0.5467533699034817,0.3720708632250075,0.3824269613097907,0.7388603718487649,0.10791073826515986
2021-12-21 18:30:00,0.2391910739191074,0.5219123505976095,-0.3161578555472824,-0.32547759328691306,0.3767258640771617,0.00033407572383073496,0.5,-0.45053973637051015,0.5467533699034817,0.3720708632250075,0.3824269613097907,0.7388603718487649,0.10071367140938788
2021-12-21 18:40:00,0.19665271966527195,-0.38645418326693237,-0.31913626209977675,-0.3315479378682379,0.38705160251796206,0.00033407572383073496,0.5,-0.45053973637051015,0.5467533699034817,0.3720708632250075,0.3824269613097907,0.7388603718487649,0.07384160417641113
2021-12-21 18:50:00,0.12203626220362622,-0.7051792828685259,-0.32390171258376776,-0.33190501696125685,0.38705160251796206,0.00033407572383073496,0.5,-0.45053973637051015,0.5467533699034817,0.3720708632250075,0.3824269613097907,0.7388603718487649,0.019954131900961118
2021-12-21 19:00:00,0.12552301255230125,-0.26693227091633476,-0.32628443782576333,-0.3326191751472952,0.372904424755598,0.00033407572383073496,0.5,-0.46919498649700175,0.5686724692319431,0.3947823850617021,0.3766538430896302,0.7500741242036871,0.02571782066176804
2021-12-21 19:10:00,0.1206415620641562,0.4661354581673305,-0.32807148175726,-0.33476164970540967,0.37052256874010286,0.00033407572383073496,0.5,-0.46919498649700175,0.5686724692319431,0.3947823850617021,0.3766538430896302,0.7500741242036871,0.0270983900900765
2021-12-21 19:20:00,0.16457461645746163,0.5458167330677288,-0.3295606850335072,-0.335832886984467,0.37052256874010286,0.00022271714922048998,0.5,-0.46919498649700175,0.5686724692319431,0.3947823850617021,0.3766538430896302,0.7500741242036871,0.05189583113297223
2021-12-21 19:30:00,0.16248256624825663,0.6653386454183265,-0.33432613551749824,-0.34190323156579183,0.3719359778042429,0.00022271714922048998,0.5,-0.46919498649700175,0.5686724692319431,0.3947823850617021,0.3766538430896302,0.7500741242036871,0.05516996846568191
2021-12-21 19:40:00,0.1806136680613668,-0.1633466135458168,-0.33432613551749824,-0.34654525977504014,0.3869730797921765,0.00022271714922048998,0.5,-0.46919498649700175,0.5686724692319431,0.3947823850617021,0.3766538430896302,0.7500741242036871,0.0588062223697512
2021-12-21 19:50:00,0.14016736401673638,-0.24302788844621515,-0.3373045420699926,-0.3490448134261739,0.3869730797921765,0.00011135857461024499,0.5,-0.46919498649700175,0.5686724692319431,0.3947823850617021,0.3766538430896302,0.7500741242036871,0.029520044661043805
2021-12-21 20:00:00,0.12552301255230125,-0.50597609561753,-0.3414743112434848,-0.34654525977504014,0.3869730797921765,0.00011135857461024499,0.5,-0.4687430521345477,0.588008287189626,0.4035831584249534,0.36308197682839943,0.730429578493363,0.024722000090529148
2021-12-21 20:10:00,0.1394700139470014,-0.4103585657370519,-0.3432613551749816,-0.3490448134261739,0.3792255041813351,0.00011135857461024499,0.5,-0.4687430521345477,0.588008287189626,0.4035831584249534,0.36308197682839943,0.730429578493363,0.03592498151696667
2021-12-21 20:20:00,0.22733612273361226,0.4581673306772909,-0.3450483991064781,-0.3536868416354222,0.37721008755283925,0.00033407572383073496,0.5,-0.4687430521345477,0.588008287189626,0.4035831584249534,0.36308197682839943,0.730429578493363,0.09515367321997073
2021-12-21 20:30:00,0.23709902370990238,-0.043824701195219196,-0.3489203276247208,-0.35940010712372794,0.386946905550248,0.00033407572383073496,0.5,-0.4687430521345477,0.588008287189626,0.4035831584249534,0.36308197682839943,0.730429578493363,0.10026102569518838
2021-12-21 20:40:00,0.2189679218967922,-0.059760956175298974,-0.35070737155621756,-0.36082842349580435,0.386946905550248,0.00033407572383073496,0.5,-0.4687430521345477,0.588008287189626,0.4035831584249534,0.36308197682839943,0.730429578493363,0.0835734870317003
2021-12-21 20:50:00,0.21408647140864714,-0.1394422310756973,-0.3521965748324647,-0.36689876807712907,0.386946905550248,0.00033407572383073496,0.5,-0.4687430521345477,0.588008287189626,0.4035831584249534,0.36308197682839943,0.730429578493363,0.08191378607963547
2021-12-21 21:00:00,0.23849372384937237,-0.02788844621513953,-0.35398361876396145,-0.36689876807712907,0.386946905550248,0.00033407572383073496,0.5,-0.4489966556857179,0.5959046800782738,0.39556875944210407,0.37178311531692654,0.7163345841274504,0.09955188074294251
2021-12-21 21:10:00,0.29497907949790797,-0.02788844621513953,-0.35815338793745355,-0.3693983217282628,0.386946905550248,0.00022271714922048998,0.5,-0.4489966556857179,0.5959046800782738,0.39556875944210407,0.37178311531692654,0.7163345841274504,0.15933883549345929
2021-12-21 21:20:00,0.31241283124128316,-0.09960159362549814,-0.35815338793745355,-0.3676129262631672,0.386946905550248,0.00022271714922048998,0.5,-0.4489966556857179,0.5959046800782738,0.39556875944210407,0.37178311531692654,0.7163345841274504,0.17279750139565764
2021-12-21 21:30:00,0.2733612273361227,-0.5298804780876495,-0.3605361131794491,-0.36547045170505266,0.386946905550248,0.00033407572383073496,0.5,-0.4489966556857179,0.5959046800782738,0.39556875944210407,0.37178311531692654,0.7163345841274504,0.1383436184498393
2021-12-21 21:40:00,0.24616457461645744,0.09163346613545809,-0.36232315711094576,-0.3679700053561864,0.3744617921503448,0.00033407572383073496,0.5,-0.4489966556857179,0.5959046800782738,0.39556875944210407,0.37178311531692654,0.7163345841274504,0.12065271511987569
2021-12-21 21:50:00,0.29358437935843795,0.40239043824701204,-0.3670886075949368,-0.37332619175147286,0.37999764431822647,0.00033407572383073496,0.5,-0.4489966556857179,0.5959046800782738,0.39556875944210407,0.37178311531692654,0.7163345841274504,0.1523001946376571
2021-12-21 22:00:00,0.35355648535564854,0.33864541832669315,-0.37006701414743126,-0.36868416354222455,0.3868814699454267,0.00022271714922048998,0.5,-0.4961111298259002,0.6050797828779323,0.4223759970284915,0.35895425904972234,0.7289777214599125,0.22518369871901264
2021-12-21 22:10:00,0.3138075313807531,-0.11553784860557781,-0.3766195085629189,-0.36868416354222455,0.3868814699454267,0.00022271714922048998,0.5,-0.4961111298259002,0.6050797828779323,0.4223759970284915,0.35895425904972234,0.7289777214599125,0.17036830272945366
2021-12-21 22:20:00,0.2294281729428173,0.47410358565737054,-0.38198064035740886,-0.37653990358864486,0.39178914030702383,0.00022271714922048998,0.5,-0.4961111298259002,0.6050797828779323,0.4223759970284915,0.35895425904972234,0.7289777214599125,0.09052159874466255
2021-12-21 22:30:00,0.1680613668061367,0.31474103585657365,-0.38883097542814604,-0.3776111408677022,0.40324037115075057,0.00022271714922048998,0.5,-0.4961111298259002,0.6050797828779323,0.4223759970284915,0.35895425904972234,0.7289777214599125,0.05414397151349638
2021-12-21 22:40:00,0.1589958158995816,0.05976095617529875,-0.39657483246463154,-0.37868237814675954,0.4171650678567222,0.00022271714922048998,0.5,-0.4961111298259002,0.6050797828779323,0.4223759970284915,0.35895425904972234,0.7289777214599125,0.045309835991369556
2021-12-21 22:50:00,0.14644351464435149,-0.49800796812749004,-0.4025316455696203,-0.38475272272808425,0.4171650678567222,0.00033407572383073496,0.5,-0.4961111298259002,0.6050797828779323,0.4223759970284915,0.35895425904972234,0.7289777214599125,0.04076074656366462
2021-12-21 23:00:00,0.16596931659693165,0.298804780876494,-0.4028294862248698,-0.38510980182110344,0.4171650678567222,0.00033407572383073496,0.5,-0.530824091470181,0.5967408701549112,0.4675598692647837,0.3134291207007579,0.7642140624035495,0.046524435324471536
2021-12-21 23:10:00,0.15271966527196654,0.25099601593625476,-0.4022338049143709,-0.3883235136582752,0.4171650678567222,0.00033407572383073496,0.5,-0.530824091470181,0.5967408701549112,0.4675598692647837,0.3134291207007579,0.7642140624035495,0.03600042246933325
2021-12-21 23:20:00,0.1603905160390516,0.4581673306772909,-0.4028294862248698,-0.38653811819317974,0.4171650678567222,0.00033407572383073496,0.5,-0.530824091470181,0.5967408701549112,0.4675598692647837,0.3134291207007579,0.7642140624035495,0.03520074837424748
2021-12-21 23:30:00,0.1304044630404463,0.6972111553784857,-0.40014892032762484,-0.3858239600071416,0.4188794807030402,0.00033407572383073496,0.5,-0.530824091470181,0.5967408701549112,0.4675598692647837,0.3134291207007579,0.7642140624035495,0.021576112376842645
2021-12-21 23:40:00,0.12622036262203626,0.346613545816733,-0.4028294862248698,-0.38475272272808425,0.4336417531507244,0.00033407572383073496,0.5,-0.530824091470181,0.5967408701549112,0.4675598692647837,0.3134291207007579,0.7642140624035495,0.028893884756401162
2021-12-21 23:50:00,0.10529986052998605,0.1394422310756971,-0.4028294862248698,-0.38439564363506507,0.4336417531507244,0.00044543429844097997,0.5,-0.530824091470181,0.5967408701549112,0.4675598692647837,0.3134291207007579,0.7642140624035495,0.007544095236658267
2021-12-22 00:00:00,0.10774059274755927,-0.06374501992031878,-0.40431869247952357,-0.38350298161042673,0.4254623025480625,0.00044543429844097997,0.5,-0.5372650733451114,0.5988241615829571,0.4852897518843628,0.26669443035772106,0.7897617747862011,0.010267513617091903
2021-12-22 00:10:00,0.11018131101813111,-0.26693227091633476,-0.4058078927773642,-0.3826102481699697,0.41728285194540055,0.00044543429844097997,0.5,-0.5372650733451114,0.5988241615829571,0.4852897518843628,0.26669443035772106,0.7897617747862011,0.012990931997525537
2021-12-22 00:20:00,0.08716875871687588,-0.3545816733067729,-0.4058078927773642,-0.383681485449027,0.41728285194540055,0.00111358574610245,0.5,-0.5372650733451114,0.5988241615829571,0.4852897518843628,0.26669443035772106,0.7897617747862011,0.0
2021-12-22 00:30:00,0.07252440725244073,-0.11553784860557781,-0.40461653015636645,-0.3997500446348865,0.41728285194540055,0.14342984409799556,0.5,-0.5372650733451114,0.5988241615829571,0.4852897518843628,0.26669443035772106,0.7897617747862011,0.0
2021-12-22 00:40:00,0.10808926080892609,-0.8167330677290838,-0.3953834698436338,-0.4176039992858417,0.41728285194540055,0.9995545657015591,0.5,-0.5372650733451114,0.5988241615829571,0.4852897518843628,0.26669443035772106,0.7897617747862011,0.0
2021-12-22 00:50:00,0.1094839609483961,-0.50597609561753,-0.37751303052866725,-0.3772540617746831,0.41728285194540055,0.9995545657015591,0.5,-0.5372650733451114,0.5988241615829571,0.4852897518843628,0.26669443035772106,0.7897617747862011,0.0
2021-12-22 01:00:00,0.14086471408647142,-0.19521912350597614,-0.37036485480268055,-0.36225673986788076,0.41728285194540055,0.9995545657015591,0.5,-0.5674770689171553,0.5827497722746954,0.5170294248079115,0.21510647908842825,0.8068396008501271,0.0
2021-12-22 01:10:00,0.17224546722454673,-0.33067729083665354,-0.36559940431868965,-0.359757186216747,0.41728285194540055,0.9995545657015591,0.5,-0.5674770689171553,0.5827497722746954,0.5170294248079115,0.21510647908842825,0.8068396008501271,0.0
2021-12-22 01:20:00,0.14435146443514643,-0.4422310756972112,-0.35815338793745355,-0.3683270844492056,0.41728285194540055,0.9995545657015591,0.5,-0.5674770689171553,0.5827497722746954,0.5170294248079115,0.21510647908842825,0.8068396008501271,0.0
2021-12-22 01:30:00,0.15620641562064158,-0.553784860557769,-0.35815338793745355,-0.3758257454026066,0.41728285194540055,0.9995545657015591,0.5,-0.5674770689171553,0.5827497722746954,0.5170294248079115,0.21510647908842825,0.8068396008501271,0.0
2021-12-22 01:40:00,0.14644351464435149,-0.6653386454183268,-0.35755770662695463,-0.3804677736118549,0.41728285194540055,0.9995545657015591,0.5,-0.5674770689171553,0.5827497722746954,0.5170294248079115,0.21510647908842825,0.8068396008501271,0.0
2021-12-22 01:50:00,0.1206415620641562,-0.6175298804780878,-0.35815338793745355,-0.3858239600071416,0.41728285194540055,0.9995545657015591,0.5,-0.5674770689171553,0.5827497722746954,0.5170294248079115,0.21510647908842825,0.8068396008501271,0.0
2021-12-22 02:00:00,0.11366806136680613,-0.6175298804780878,-0.35815338793745355,-0.3883235136582752,0.41728285194540055,0.9995545657015591,0.5,-0.5615368503276775,0.5782038867034303,0.5215503483140126,0.19432651903670808,0.7936972472068569,0.0
2021-12-22 02:10:00,0.12203626220362622,-0.6175298804780878,-0.35815338793745355,-0.39118014640242804,0.41728285194540055,0.9995545657015591,0.5,-0.5615368503276775,0.5782038867034303,0.5215503483140126,0.19432651903670808,0.7936972472068569,0.0
2021-12-22 02:20:00,0.12761506276150628,-0.6175298804780878,-0.3527922561429636,-0.3968934118907338,0.41728285194540055,0.9995545657015591,0.5,-0.5615368503276775,0.5782038867034303,0.5215503483140126,0.19432651903670808,0.7936972472068569,0.0
2021-12-22 02:30:00,0.12691771269177127,-0.6175298804780878,-0.3516008935219658,-0.40260667737903943,0.41728285194540055,0.9995545657015591,0.5,-0.5615368503276775,0.5782038867034303,0.5215503483140126,0.19432651903670808,0.7936972472068569,0.0
2021-12-22 02:40:00,0.12691771269177127,-0.6175298804780878,-0.3495160089352197,-0.4061774683092304,0.41728285194540055,0.9995545657015591,0.5,-0.5615368503276775,0.5782038867034303,0.5215503483140126,0.19432651903670808,0.7936972472068569,0.0
2021-12-22 02:50:00,0.1311018131101813,-0.6175298804780878,-0.3432613551749816,-0.40689162649526867,0.41728285194540055,0.9995545657015591,0.5,-0.5615368503276775,0.5782038867034303,0.5215503483140126,0.19432651903670808,0.7936972472068569,0.0
2021-12-22 03:00:00,0.12343096234309624,-0.6175298804780878,-0.348324646314222,-0.4097482592394215,0.41728285194540055,0.9995545657015591,0.5,-0.5607754993541174,0.566847793291515,0.5317068914725999,0.17760760078408327,0.7964118575005643,0.0
2021-12-22 03:10:00,0.12482566248256625,-0.6175298804780878,-0.3492181682799703,-0.4126048919835744,0.41728285194540055,0.9995545657015591,0.5,-0.5607754993541174,0.566847793291515,0.5317068914725999,0.17760760078408327,0.7964118575005643,0.0
2021-12-22 03:20:00,0.11576011157601115,-0.6175298804780878,-0.3518987341772153,-0.4193893947509374,0.41728285194540055,0.9995545657015591,0.5,-0.5607754993541174,0.566847793291515,0.5317068914725999,0.17760760078408327,0.7964118575005643,0.0
2021-12-22 03:30:00,0.08298465829846582,-0.6175298804780878,-0.3518987341772153,-0.4204606320299946,0.41728285194540055,0.9995545657015591,0.5,-0.5607754993541174,0.566847793291515,0.5317068914725999,0.17760760078408327,0.7964118575005643,0.0
2021-12-22 03:40:00,0.07670850767085077,-0.6175298804780878,-0.35040953090096805,-0.4204606320299946,0.41728285194540055,0.9995545657015591,0.5,-0.5607754993541174,0.566847793291515,0.5317068914725999,0.17760760078408327,0.7964118575005643,0.0
2021-12-22 03:50:00,0.09762900976290097,-0.6175298804780878,-0.3521965748324647,-0.4226031065881092,0.41728285194540055,0.9995545657015591,0.5,-0.5607754993541174,0.566847793291515,0.5317068914725999,0.17760760078408327,0.7964118575005643,0.0
2021-12-22 04:00:00,0.10599721059972106,-0.6175298804780878,-0.3566641846612064,-0.428673451169434,0.41728285194540055,0.9995545657015591,0.5,-0.5962681228180826,0.5644196812133105,0.580840516402329,0.1437645551391923,0.8053086259076921,0.0
2021-12-22 04:10:00,0.11366806136680613,-0.6175298804780878,-0.3593447505584514,-0.43438671665773965,0.41728285194540055,0.9995545657015591,0.5,-0.5962681228180826,0.5644196812133105,0.580840516402329,0.1437645551391923,0.8053086259076921,0.0
2021-12-22 04:20:00,0.1317991631799163,-0.6175298804780878,-0.3611317944899479,-0.4400999821460453,0.41728285194540055,0.9995545657015591,0.5,-0.5962681228180826,0.5644196812133105,0.580840516402329,0.1437645551391923,0.8053086259076921,0.0
2021-12-22 04:30:00,0.11924686192468618,-0.6175298804780878,-0.35874906924795247,-0.44545616854133185,0.41728285194540055,0.9995545657015591,0.5,-0.5962681228180826,0.5644196812133105,0.580840516402329,0.1437645551391923,0.8053086259076921,0.0
2021-12-22 04:40:00,0.1094839609483961,-0.6175298804780878,-0.3548771407297098,-0.4479557221924656,0.41728285194540055,0.9995545657015591,0.5,-0.5962681228180826,0.5644196812133105,0.580840516402329,0.1437645551391923,0.8053086259076921,0.0
2021-12-22 04:50:00,0.1094839609483961,-0.6175298804780878,-0.35815338793745355,-0.44902695947152294,0.41728285194540055,0.9995545657015591,0.5,-0.5962681228180826,0.5644196812133105,0.580840516402329,0.1437645551391923,0.8053086259076921,0.0
2021-12-22 05:00:00,0.11436541143654114,-0.6175298804780878,-0.3608339538346985,-0.44902695947152294,0.41728285194540055,0.9995545657015591,0.5,-0.5963149505557126,0.5459660294189497,0.6001799238785542,0.12471280935579884,0.8437590474307571,0.0
2021-12-22 05:10:00,0.12831241283124128,-0.6175298804780878,-0.35815338793745355,-0.4508123549366184,0.41728285194540055,0.9995545657015591,0.5,-0.5963149505557126,0.5459660294189497,0.6001799238785542,0.12471280935579884,0.8437590474307571,0.0
2021-12-22 05:20:00,0.11645746164574616,-0.6175298804780878,-0.3563663440059569,-0.456168541331905,0.41728285194540055,0.9995545657015591,0.5,-0.5963149505557126,0.5459660294189497,0.6001799238785542,0.12471280935579884,0.8437590474307571,0.0
2021-12-22 05:30:00,0.11297071129707113,-0.6175298804780878,-0.35815338793745355,-0.456168541331905,0.41728285194540055,0.9995545657015591,0.5,-0.5963149505557126,0.5459660294189497,0.6001799238785542,0.12471280935579884,0.8437590474307571,0.0
2021-12-22 05:40:00,0.10808926080892609,-0.6175298804780878,-0.35815338793745355,-0.4565256204249242,0.41728285194540055,0.9995545657015591,0.5,-0.5963149505557126,0.5459660294189497,0.6001799238785542,0.12471280935579884,0.8437590474307571,0.0
2021-12-22 05:50:00,0.10599721059972106,-0.6175298804780878,-0.35368577810871193,-0.45866809498303873,0.41728285194540055,0.9995545657015591,0.5,-0.5963149505557126,0.5459660294189497,0.6001799238785542,0.12471280935579884,0.8437590474307571,0.0
2021-12-22 06:00:00,0.10251046025104603,-0.6175298804780878,-0.35368577810871193,-0.45973933226209607,0.41728285194540055,0.9995545657015591,0.5,-0.610163887075778,0.540764984612378,0.6563530008089474,0.2083783167387657,0.026616852008855597,0.0
2021-12-22 06:10:00,0.10460251046025104,-0.6175298804780878,-0.35785554728220414,-0.45973933226209607,0.41728285194540055,0.9995545657015591,0.5,-0.610163887075778,0.540764984612378,0.6563530008089474,0.2083783167387657,0.026616852008855597,0.0
2021-12-22 06:20:00,0.11785216178521618,-0.6175298804780878,-0.3527922561429636,-0.45973933226209607,0.41728285194540055,0.9995545657015591,0.5,-0.610163887075778,0.540764984612378,0.6563530008089474,0.2083783167387657,0.026616852008855597,0.0
2021-12-22 06:30:00,0.11436541143654114,-0.6175298804780878,-0.35011169024571853,-0.4590251740760578,0.41728285194540055,0.9995545657015591,0.5,-0.610163887075778,0.540764984612378,0.6563530008089474,0.2083783167387657,0.026616852008855597,0.0
2021-12-22 06:40:00,0.12412831241283125,-0.6175298804780878,-0.35040953090096805,-0.45831101589001966,0.41728285194540055,0.9995545657015591,0.5,-0.610163887075778,0.540764984612378,0.6563530008089474,0.2083783167387657,0.026616852008855597,0.0
2021-12-22 06:50:00,0.15481171548117156,-0.6175298804780878,-0.35100521221146697,-0.4593822531690769,0.41728285194540055,0.9995545657015591,0.5,-0.610163887075778,0.540764984612378,0.6563530008089474,0.2083783167387657,0.026616852008855597,0.0
2021-12-22 07:00:00,0.1589958158995816,-0.6175298804780878,-0.348324646314222,-0.45973933226209607,0.41728285194540055,0.9995545657015591,0.5,-0.6228931937350891,0.523699235934909,0.7140366875795838,0.2596065703099379,0.05465883811099772,0.0
2021-12-22 07:10:00,0.17154811715481172,-0.2749003984063746,-0.3441548771407298,-0.45973933226209607,0.41728285194540055,0.9995545657015591,0.5,-0.6228931937350891,0.523699235934909,0.7140366875795838,0.2596065703099379,0.05465883811099772,0.0
2021-12-22 07:20:00,0.1506276150627615,-0.043824701195219196,-0.3402829486224871,-0.45973933226209607,0.41728285194540055,0.9995545657015591,0.5,-0.6228931937350891,0.523699235934909,0.7140366875795838,0.2596065703099379,0.05465883811099772,0.0
2021-12-22 07:30:00,0.1506276150627615,-0.31474103585657376,-0.3373045420699926,-0.46152472772719155,0.41728285194540055,0.9995545657015591,0.5,-0.6228931937350891,0.523699235934909,0.7140366875795838,0.2596065703099379,0.05465883811099772,0.0
2021-12-22 07:40:00,0.13668061366806136,-0.27224435590969465,-0.3370067014147432,-0.4643813604713444,0.41728285194540055,0.9995545657015591,0.5,-0.6228931937350891,0.523699235934909,0.7140366875795838,0.2596065703099379,0.05465883811099772,0.0
2021-12-22 07:50:00,0.14086471408647142,-0.22974767596281553,-0.3364110201042444,-0.46652383502945893,0.41728285194540055,0.9995545657015591,0.5,-0.6228931937350891,0.523699235934909,0.7140366875795838,0.2596065703099379,0.05465883811099772,0.0
2021-12-22 08:00:00,0.14295676429567641,-0.1872509960159363,-0.3373045420699926,-0.4686663095875737,0.41728285194540055,0.9995545657015591,0.5,-0.6259508382131683,0.5046019189269201,0.7695073410793937,0.28814173785796016,0.05964082499453229,0.0
2021-12-22 08:10:00,0.1297071129707113,-0.1447543160690572,-0.3373045420699926,-0.4704517050526692,0.41728285194540055,0.9995545657015591,0.5,-0.6259508382131683,0.5046019189269201,0.7695073410793937,0.28814173785796016,0.05964082499453229,0.0
2021-12-22 08:20:00,0.12273361227336123,-0.10225763612217809,-0.3373045420699926,-0.4704517050526692,0.41728285194540055,0.9995545657015591,0.5,-0.6259508382131683,0.5046019189269201,0.7695073410793937,0.28814173785796016,0.05964082499453229,0.0
2021-12-22 08:30:00,0.10460251046025104,-0.059760956175298974,-0.33462397617274764,-0.4704517050526692,0.41728285194540055,0.9995545657015591,0.5,-0.6259508382131683,0.5046019189269201,0.7695073410793937,0.28814173785796016,0.05964082499453229,0.0
2021-12-22 08:40:00,0.11018131101813111,-0.009296148738379806,-0.3364110201042444,-0.4718800214247456,0.41728285194540055,0.9995545657015591,0.5,-0.6259508382131683,0.5046019189269201,0.7695073410793937,0.28814173785796016,0.05964082499453229,0.0
2021-12-22 08:50:00,0.09762900976290097,0.04116865869853914,-0.3373045420699926,-0.47759328691305125,0.41728285194540055,0.9995545657015591,0.5,-0.6259508382131683,0.5046019189269201,0.7695073410793937,0.28814173785796016,0.05964082499453229,0.0
2021-12-22 09:00:00,0.10181311018131102,0.09163346613545809,-0.3373045420699926,-0.47759328691305125,0.41728285194540055,0.9995545657015591,0.5,-0.636769613200886,0.513728172134469,0.8525262070897465,0.2629193584447479,0.0727789491496852,0.0
2021-12-22 09:10:00,0.0599721059972106,-0.40239043824701204,-0.3411764705882354,-0.47759328691305125,0.41728285194540055,0.9995545657015591,0.5,-0.636769613200886,0.513728172134469,0.8525262070897465,0.2629193584447479,0.0727789491496852,0.0
2021-12-22 09:20:00,0.06555090655509065,-0.35325365205843295,-0.3414743112434848,-0.47759328691305125,0.41728285194540055,0.9995545657015591,0.5,-0.636769613200886,0.513728172134469,0.8525262070897465,0.2629193584447479,0.0727789491496852,0.0
2021-12-22 09:30:00,0.06485355648535565,-0.30411686586985387,-0.3411764705882354,-0.4800928405641849,0.41728285194540055,0.9995545657015591,0.5,-0.636769613200886,0.513728172134469,0.8525262070897465,0.2629193584447479,0.0727789491496852,0.0
2021-12-22 09:40:00,0.06764295676429567,-0.254980079681275,-0.33879374534623985,-0.47759328691305125,0.41728285194540055,0.9995545657015591,0.5,-0.636769613200886,0.513728172134469,0.8525262070897465,0.2629193584447479,0.0727789491496852,0.0
2021-12-22 09:50:00,0.05788005578800558,-0.20584329349269592,-0.33938942665673866,-0.47759328691305125,0.41728285194540055,0.9995545657015591,0.5,-0.636769613200886,0.513728172134469,0.8525262070897465,0.2629193584447479,0.0727789491496852,0.0
2021-12-22 10:00:00,0.05090655509065551,-0.15670650730411684,-0.3411764705882354,-0.4747366541688983,0.41728285194540055,0.9995545657015591,0.5,-0.496039887626771,0.5209895203257422,0.7656599273836965,0.21959301760657923,0.06728607033404882,0.0
2021-12-22 10:10:00,0.0299860529986053,-0.10756972111553798,-0.3373045420699926,-0.46652383502945893,0.41728285194540055,0.9995545657015591,0.5,-0.496039887626771,0.5209895203257422,0.7656599273836965,0.21959301760657923,0.06728607033404882,0.0
2021-12-22 10:20:00,0.009762900976290099,-0.05843293492695889,-0.3358153387937455,-0.4565256204249242,0.41728285194540055,0.9995545657015591,0.5,-0.496039887626771,0.5209895203257422,0.7656599273836965,0.21959301760657923,0.06728607033404882,0.0
2021-12-22 10:30:00,0.01185495118549512,-0.009296148738379806,-0.33104988830975446,-0.44402785216925544,0.41728285194540055,0.9995545657015591,0.5,-0.496039887626771,0.5209895203257422,0.7656599273836965,0.21959301760657923,0.06728607033404882,0.0
2021-12-22 10:40:00,0.022315202231520222,0.03984063745019917,-0.3256887565152644,-0.42938760935547216,0.41728285194540055,0.9995545657015591,0.5,-0.496039887626771,0.5209895203257422,0.7656599273836965,0.21959301760657923,0.06728607033404882,0.0
2021-12-22 10:50:00,0.05090655509065551,0.08897742363877836,-0.3173492181682801,-0.41653276200678446,0.41728285194540055,0.9995545657015591,0.5,-0.496039887626771,0.5209895203257422,0.7656599273836965,0.21959301760657923,0.06728607033404882,0.0
2021-12-22 11:00:00,0.07182705718270573,0.13811420982735712,-0.309903201787044,-0.4076057846813069,0.41728285194540055,0.9995545657015591,0.5,-0.4818123268349286,0.5159264037792332,0.6865911945091514,0.1178743581553,0.0608155562187944,0.0
2021-12-22 11:10:00,0.07810320781032079,0.1872509960159363,-0.3030528667163068,-0.39903588644884846,0.41728285194540055,0.9995545657015591,0.5,-0.4818123268349286,0.5159264037792332,0.6865911945091514,0.1178743581553,0.0608155562187944,0.0
2021-12-22 11:20:00,0.06764295676429567,0.23638778220451528,-0.29530900967982143,-0.38939475093733256,0.41728285194540055,0.9995545657015591,0.5,-0.4818123268349286,0.5159264037792332,0.6865911945091514,0.1178743581553,0.0608155562187944,0.0
2021-12-22 11:30:00,0.04951185495118549,0.28552456839309426,-0.28816083395383485,-0.37975361542581687,0.41728285194540055,0.9995545657015591,0.5,-0.4818123268349286,0.5159264037792332,0.6865911945091514,0.1178743581553,0.0608155562187944,0.0
2021-12-22 11:40:00,0.0397489539748954,0.33466135458167323,-0.28071481757259875,-0.3647562935190145,0.41728285194540055,0.9995545657015591,0.5,-0.4818123268349286,0.5159264037792332,0.6865911945091514,0.1178743581553,0.0608155562187944,0.0
2021-12-22 11:50:00,0.03626220362622037,0.3837981407702522,-0.26969471332836936,-0.34654525977504014,0.41728285194540055,0.9995545657015591,0.5,-0.4818123268349286,0.5159264037792332,0.6865911945091514,0.1178743581553,0.0608155562187944,0.0
2021-12-22 12:00:00,0.027196652719665274,0.4329349269588314,-0.2598659717051379,-0.3311908587752187,0.41728285194540055,0.9995545657015591,0.5,-0.4510211548640646,0.5134293275709995,0.5931191671051265,0.058438585323964655,0.06693818444674081,0.0
2021-12-22 12:10:00,0.024407252440725242,0.4820717131474104,-0.251824274013403,-0.31619353686841634,0.41728285194540055,0.9995545657015591,0.5,-0.4510211548640646,0.5134293275709995,0.5931191671051265,0.058438585323964655,0.06693818444674081,0.0
2021-12-22 12:20:00,0.03347280334728033,0.4422310756972112,-0.24169769173492195,-0.3019103731476521,0.41728285194540055,0.9995545657015591,0.5,-0.4510211548640646,0.5134293275709995,0.5931191671051265,0.058438585323964655,0.06693818444674081,0.0
2021-12-22 12:30:00,0.027196652719665274,0.40239043824701204,-0.2324646314221892,-0.28548473486877346,0.41728285194540055,0.9995545657015591,0.5,-0.4510211548640646,0.5134293275709995,0.5931191671051265,0.058438585323964655,0.06693818444674081,0.0
2021-12-22 12:40:00,0.027196652719665274,0.40753116565994074,-0.22233804914370825,-0.2704874129619711,0.41728285194540055,0.9995545657015591,0.5,-0.4510211548640646,0.5134293275709995,0.5931191671051265,0.058438585323964655,0.06693818444674081,0.0
2021-12-22 12:50:00,0.027196652719665274,0.41267189307286944,-0.2125093075204767,-0.25656132833422596,0.41728285194540055,0.9995545657015591,0.5,-0.4510211548640646,0.5134293275709995,0.5931191671051265,0.058438585323964655,0.06693818444674081,0.0
2021-12-22 13:00:00,0.0502092050209205,0.4178126204857986,-0.2014892032762473,-0.24727727191572935,0.41728285194540055,0.9995545657015591,0.5,-0.26538162771748475,0.4865677989235841,0.4065365325493177,0.03547454077692957,0.9775896247031367,0.0
2021-12-22 13:10:00,0.05369595536959554,0.42295334789872774,-0.19195830230826516,-0.24120692733440452,0.41728285194540055,0.9995545657015591,0.5,-0.26538162771748475,0.4865677989235841,0.4065365325493177,0.03547454077692957,0.9775896247031367,0.0
2021-12-22 13:20:00,0.03486750348675035,0.42809407531165644,-0.18808637379002247,-0.2301374754508122,0.41728285194540055,0.9995545657015591,0.5,-0.26538162771748475,0.4865677989235841,0.4065365325493177,0.03547454077692957,0.9775896247031367,0.0
2021-12-22 13:30:00,0.05299860529986053,0.43323480272458514,-0.1821295606850335,-0.21656846991608647,0.41728285194540055,0.9995545657015591,0.5,-0.26538162771748475,0.4865677989235841,0.4065365325493177,0.03547454077692957,0.9775896247031367,0.0
2021-12-22 13:40:00,0.05788005578800558,0.4383755301375143,-0.1743857036485481,-0.20371362256739867,0.41728285194540055,0.9995545657015591,0.5,-0.26538162771748475,0.4865677989235841,0.4065365325493177,0.03547454077692957,0.9775896247031367,0.0
2021-12-22 13:50:00,0.04393305439330544,0.44351625755044344,-0.16842889054355936,-0.19442956614890183,0.41728285194540055,0.9995545657015591,0.5,-0.26538162771748475,0.4865677989235841,0.4065365325493177,0.03547454077692957,0.9775896247031367,0.0
2021-12-22 14:00:00,0.05788005578800558,0.44865698496337214,-0.15889798957557721,-0.1840742724513479,0.41728285194540055,0.9995545657015591,0.5,-0.2564977655097703,0.4627608065355024,0.38050844093828756,0.030794530716018783,0.765573657075884,0.0
2021-12-22 14:10:00,0.044630404463040445,0.4537977123763013,-0.15353685778108728,-0.17800392787002317,0.41728285194540055,0.9995545657015591,0.5,-0.2564977655097703,0.4627608065355024,0.38050844093828756,0.030794530716018783,0.765573657075884,0.0
2021-12-22 14:20:00,0.061366806136680614,0.45893843978923,-0.14579300074460166,-0.17086234600964112,0.41728285194540055,0.9995545657015591,0.5,-0.2564977655097703,0.4627608065355024,0.38050844093828756,0.030794530716018783,0.765573657075884,0.0
2021-12-22 14:30:00,0.08577405857740586,0.46407916720215914,-0.13804914370811627,-0.16193536868416358,0.41728285194540055,0.9995545657015591,0.5,-0.2564977655097703,0.4627608065355024,0.38050844093828756,0.030794530716018783,0.765573657075884,0.0
2021-12-22 14:40:00,0.06903765690376569,0.46921989461508784,-0.13328369322412525,-0.1597928941260488,0.41728285194540055,0.9995545657015591,0.5,-0.2564977655097703,0.4627608065355024,0.38050844093828756,0.030794530716018783,0.765573657075884,0.0
2021-12-22 14:50:00,0.056485355648535567,0.474360622028017,-0.1311988086373791,-0.1662203178003927,0.41728285194540055,0.9995545657015591,0.5,-0.2564977655097703,0.4627608065355024,0.38050844093828756,0.030794530716018783,0.765573657075884,0.0
2021-12-22 15:00:00,0.03207810320781032,0.4795013494409457,-0.131794489947878,-0.1740760578468129,0.41728285194540055,0.9995545657015591,0.5,-0.24256537955982604,0.43856301741056913,0.35996937185286976,0.0868533925579297,0.6707491945443383,0.0
2021-12-22 15:10:00,0.05369595536959554,0.48464207685387484,-0.131794489947878,-0.18264595607927148,0.41728285194540055,0.9995545657015591,0.5,-0.24256537955982604,0.43856301741056913,0.35996937185286976,0.0868533925579297,0.6707491945443383,0.0
2021-12-22 15:20:00,0.07531380753138076,0.48978280426680354,-0.12911392405063304,-0.19157293340474912,0.41728285194540055,0.9995545657015591,0.5,-0.24256537955982604,0.43856301741056913,0.35996937185286976,0.0868533925579297,0.6707491945443383,0.0
2021-12-22 15:30:00,0.08298465829846582,0.4949235316797327,-0.12881608339538353,-0.2051419389394752,0.41728285194540055,0.9995545657015591,0.5,-0.24256537955982604,0.43856301741056913,0.35996937185286976,0.0868533925579297,0.6707491945443383,0.0
2021-12-22 15:40:00,0.06555090655509065,0.5000642590926614,-0.12881608339538353,-0.21656846991608647,0.41728285194540055,0.9995545657015591,0.5,-0.24256537955982604,0.43856301741056913,0.35996937185286976,0.0868533925579297,0.6707491945443383,0.0
2021-12-22 15:50:00,0.059274755927475595,0.5052049865055905,-0.12881608339538353,-0.222281735404392,0.41728285194540055,0.9995545657015591,0.5,-0.24256537955982604,0.43856301741056913,0.35996937185286976,0.0868533925579297,0.6707491945443383,0.0
2021-12-22 16:00:00,0.04951185495118549,0.5103457139185192,-0.12881608339538353,-0.22192465631137293,0.41728285194540055,0.9995545657015591,0.5,-0.20036915199436467,0.439298634797575,0.32563685735833253,0.1335781199274751,0.6755969006681202,0.0
2021-12-22 16:10:00,0.03417015341701534,0.5154864413314484,-0.12881608339538353,-0.22049633993929663,0.41728285194540055,0.9995545657015591,0.5,-0.20036915199436467,0.439298634797575,0.32563685735833253,0.1335781199274751,0.6755969006681202,0.0
2021-12-22 16:20:00,0.060669456066945605,0.5206271687443773,-0.1273268801191364,-0.21335475807891446,0.41728285194540055,0.9995545657015591,0.5,-0.20036915199436467,0.439298634797575,0.32563685735833253,0.1335781199274751,0.6755969006681202,0.0
2021-12-22 16:30:00,0.07322175732217574,0.5257678961573062,-0.12226358897989587,-0.20407070166041774,0.41728285194540055,0.9995545657015591,0.5,-0.20036915199436467,0.439298634797575,0.32563685735833253,0.1335781199274751,0.6755969006681202,0.0
2021-12-22 16:40:00,0.08926080892608089,0.5309086235702349,-0.11988086373790041,-0.20371362256739867,0.41728285194540055,0.9995545657015591,0.5,-0.20036915199436467,0.439298634797575,0.32563685735833253,0.1335781199274751,0.6755969006681202,0.0
2021-12-22 16:50:00,0.05788005578800558,0.5360493509831641,-0.11988086373790041,-0.2062131762185324,0.41728285194540055,0.9995545657015591,0.5,-0.20036915199436467,0.439298634797575,0.32563685735833253,0.1335781199274751,0.6755969006681202,0.0
2021-12-22 17:00:00,0.055090655509065556,0.541190078396093,-0.11988086373790041,-0.204784859846456,0.41728285194540055,0.9995545657015591,0.5,-0.18274804776029008,0.43614352584861826,0.29003353853126673,0.13764526427385415,0.6891802131121327,0.0
2021-12-22 17:10:00,0.04672245467224547,0.5463308058090219,-0.11988086373790041,-0.2029994643813604,0.41728285194540055,0.9995545657015591,0.5,-0.18274804776029008,0.43614352584861826,0.29003353853126673,0.13764526427385415,0.6891802131121327,0.0
2021-12-22 17:20:00,0.03207810320781032,0.5514715332219506,-0.11988086373790041,-0.20335654347437948,0.41728285194540055,0.9995545657015591,0.5,-0.18274804776029008,0.43614352584861826,0.29003353853126673,0.13764526427385415,0.6891802131121327,0.0
2021-12-22 17:30:00,0.029288702928870293,0.5566122606348798,-0.11988086373790041,-0.20264238528834144,0.41728285194540055,0.9995545657015591,0.5,-0.18274804776029008,0.43614352584861826,0.29003353853126673,0.13764526427385415,0.6891802131121327,0.0
2021-12-22 17:40:00,0.027196652719665274,0.5617529880478087,-0.12226358897989587,-0.20549901803249415,0.41728285194540055,0.9995545657015591,0.5,-0.18274804776029008,0.43614352584861826,0.29003353853126673,0.13764526427385415,0.6891802131121327,0.0
2021-12-22 17:50:00,0.021617852161785217,0.5668937154607376,-0.12315711094564419,-0.21156936261381898,0.41728285194540055,0.9995545657015591,0.5,-0.18274804776029008,0.43614352584861826,0.29003353853126673,0.13764526427385415,0.6891802131121327,0.0
2021-12-22 18:00:00,0.022315202231520222,0.5720344428736663,-0.12822040208488483,-0.22192465631137293,0.41728285194540055,0.9995545657015591,0.5,-0.3499552234773732,0.43137638036016646,0.3914504707784118,0.07906620771386072,0.657871543335693,0.0
2021-12-22 18:10:00,0.024407252440725242,0.5771751702865955,-0.13328369322412525,-0.23442242456704165,0.41728285194540055,0.9995545657015591,0.5,-0.3499552234773732,0.43137638036016646,0.3914504707784118,0.07906620771386072,0.657871543335693,0.0
2021-12-22 18:20:00,0.039051603905160395,0.5823158976995244,-0.139240506329114,-0.2512051419389395,0.41728285194540055,0.9995545657015591,0.5,-0.3499552234773732,0.43137638036016646,0.3914504707784118,0.07906620771386072,0.657871543335693,0.0
2021-12-22 18:30:00,0.04741980474198048,0.5874566251124533,-0.14609084139985118,-0.26941617568291376,0.41728285194540055,0.9995545657015591,0.5,-0.3499552234773732,0.43137638036016646,0.3914504707784118,0.07906620771386072,0.657871543335693,0.0
2021-12-22 18:40:00,0.06624825662482565,0.592597352525382,-0.15294117647058836,-0.2861988930548115,0.41728285194540055,0.9995545657015591,0.5,-0.3499552234773732,0.43137638036016646,0.3914504707784118,0.07906620771386072,0.657871543335693,0.0
2021-12-22 18:50:00,0.06764295676429567,0.5977380799383112,-0.15770662695457938,-0.301196214961614,0.41728285194540055,0.9995545657015591,0.5,-0.3499552234773732,0.43137638036016646,0.3914504707784118,0.07906620771386072,0.657871543335693,0.0
2021-12-22 19:00:00,0.08716875871687588,0.6028788073512401,-0.1618763961280716,-0.3133369041242635,0.41728285194540055,0.9995545657015591,0.5,-0.3370976741890114,0.4297758378423415,0.3817890099583327,0.11803681248439891,0.058227138389713426,0.0
2021-12-22 19:10:00,0.10111576011157601,0.608019534764169,-0.16872673119880877,-0.3247634351008748,0.41728285194540055,0.9995545657015591,0.5,-0.3370976741890114,0.4297758378423415,0.3817890099583327,0.11803681248439891,0.058227138389713426,0.0
2021-12-22 19:20:00,0.11157601115760113,0.6131602621770977,-0.17289650037230098,-0.33690412426352434,0.41728285194540055,0.9995545657015591,0.5,-0.3370976741890114,0.4297758378423415,0.3817890099583327,0.11803681248439891,0.058227138389713426,0.0
2021-12-22 19:30:00,0.1206415620641562,0.6183009895900269,-0.17706626954579308,-0.3486877343331547,0.41728285194540055,0.9995545657015591,0.5,-0.3370976741890114,0.4297758378423415,0.3817890099583327,0.11803681248439891,0.058227138389713426,0.0
2021-12-22 19:40:00,0.1199442119944212,0.6234417170029558,-0.18034251675353707,-0.35904302803070876,0.41728285194540055,0.9995545657015591,0.5,-0.3370976741890114,0.4297758378423415,0.3817890099583327,0.11803681248439891,0.058227138389713426,0.0
2021-12-22 19:50:00,0.11506276150627615,0.6285824444158847,-0.182427401340283,-0.3679700053561864,0.41728285194540055,0.9995545657015591,0.5,-0.3370976741890114,0.4297758378423415,0.3817890099583327,0.11803681248439891,0.058227138389713426,0.0
2021-12-22 20:00:00,0.09274755927475593,0.6337231718288137,-0.182427401340283,-0.3747545081235494,0.41728285194540055,0.9995545657015591,0.5,-0.3324338783339331,0.4389279525986556,0.384235381216571,0.28534289269417173,0.07498884710436884,0.0
2021-12-22 20:10:00,0.10599721059972106,0.6388638992417426,-0.182427401340283,-0.37868237814675954,0.41728285194540055,0.9995545657015591,0.5,-0.3324338783339331,0.4389279525986556,0.384235381216571,0.28534289269417173,0.07498884710436884,0.0
2021-12-22 20:20:00,0.09553695955369597,0.6440046266546715,-0.18272524199553253,-0.38439564363506507,0.41728285194540055,0.9995545657015591,0.5,-0.3324338783339331,0.4389279525986556,0.384235381216571,0.28534289269417173,0.07498884710436884,0.0
2021-12-22 20:30:00,0.08647140864714087,0.6491453540676004,-0.18778853313477306,-0.3868951972861988,0.41728285194540055,0.9995545657015591,0.5,-0.3324338783339331,0.4389279525986556,0.384235381216571,0.28534289269417173,0.07498884710436884,0.0
2021-12-22 20:40:00,0.08228730822873082,0.6542860814805291,-0.1898734177215191,-0.3883235136582752,0.41728285194540055,0.9995545657015591,0.5,-0.3324338783339331,0.4389279525986556,0.384235381216571,0.28534289269417173,0.07498884710436884,0.0
2021-12-22 20:50:00,0.07322175732217574,0.6594268088934585,-0.19136262099776635,-0.3936797000535618,0.41728285194540055,0.9995545657015591,0.5,-0.3324338783339331,0.4389279525986556,0.384235381216571,0.28534289269417173,0.07498884710436884,0.0
2021-12-22 21:00:00,0.061366806136680614,0.6645675363063872,-0.19463886820551013,-0.39796464916979113,0.41728285194540055,0.9995545657015591,0.5,-0.4175184434246553,0.43924978520546964,0.48890408122089535,0.3136701487164392,0.09570273917758707,0.0
2021-12-22 21:10:00,0.04741980474198048,0.6697082637193161,-0.19880863737900234,-0.39903588644884846,0.41728285194540055,0.9995545657015591,0.5,-0.4175184434246553,0.43924978520546964,0.48890408122089535,0.3136701487164392,0.09570273917758707,0.0
2021-12-22 21:20:00,0.07322175732217574,0.6748489911322451,-0.20029784065524958,-0.4051062310301732,0.41728285194540055,0.9995545657015591,0.5,-0.4175184434246553,0.43924978520546964,0.48890408122089535,0.3136701487164392,0.09570273917758707,0.0
2021-12-22 21:30:00,0.09344490934449094,0.6799897185451742,-0.20268056589724515,-0.4076057846813069,0.41728285194540055,0.9995545657015591,0.5,-0.4175184434246553,0.43924978520546964,0.48890408122089535,0.3136701487164392,0.09570273917758707,0.0
2021-12-22 21:40:00,0.0794979079497908,0.6851304459581029,-0.20536113179449,-0.4097482592394215,0.41728285194540055,0.9995545657015591,0.5,-0.4175184434246553,0.43924978520546964,0.48890408122089535,0.3136701487164392,0.09570273917758707,0.0
2021-12-22 21:50:00,0.06834030683403068,0.6902711733710318,-0.20625465376023833,-0.4158186038207463,0.41728285194540055,0.9995545657015591,0.5,-0.4175184434246553,0.43924978520546964,0.48890408122089535,0.3136701487164392,0.09570273917758707,0.0
2021-12-22 22:00:00,0.07740585774058578,0.6954119007839608,-0.20625465376023833,-0.41688984109980365,0.41728285194540055,0.9995545657015591,0.5,-0.49185854421102104,0.4411865278571994,0.5988193351465217,0.3162371332466881,0.11927480767151652,0.0
2021-12-22 22:10:00,0.1199442119944212,0.7005526281968899,-0.21102010424422946,-0.4208177111230138,0.41728285194540055,0.9995545657015591,0.5,-0.49185854421102104,0.4411865278571994,0.5988193351465217,0.3162371332466881,0.11927480767151652,0.0
2021-12-22 22:20:00,0.11785216178521618,0.7056933556098186,-0.21221146686522718,-0.42760221389037667,0.41728285194540055,0.9995545657015591,0.5,-0.49185854421102104,0.4411865278571994,0.5988193351465217,0.3162371332466881,0.11927480767151652,0.0
2021-12-22 22:30:00,0.14086471408647142,0.7108340830227475,-0.21221146686522718,-0.42938760935547216,0.41728285194540055,0.9995545657015591,0.5,-0.49185854421102104,0.4411865278571994,0.5988193351465217,0.3162371332466881,0.11927480767151652,0.0
2021-12-22 22:40:00,0.21478382147838215,0.7159748104356765,-0.21221146686522718,-0.43117300482056775,0.4519637225006871,0.9995545657015591,0.5,-0.49185854421102104,0.4411865278571994,0.5988193351465217,0.3162371332466881,0.11927480767151652,0.0
2021-12-22 22:50:00,0.19107391910739194,0.7211155378486056,-0.2125093075204767,-0.4208177111230138,0.619217128423918,0.3655902004454343,0.5,-0.49185854421102104,0.4411865278571994,0.5988193351465217,0.3162371332466881,0.11927480767151652,0.031028863708375456
2021-12-22 23:00:00,0.1596931659693166,-0.0916334661354582,-0.20655249441548773,-0.3901089091233708,0.6259308214785829,0.00011135857461024499,0.5,-0.527796965068976,0.44535598421870787,0.6601338370897579,0.33122404913126496,0.1448566835700707,0.048108695324169774
2021-12-22 23:10:00,0.1506276150627615,-0.298804780876494,-0.19880863737900234,-0.3440457061239065,0.6259308214785829,0.00011135857461024499,0.5,-0.527796965068976,0.44535598421870787,0.6601338370897579,0.33122404913126496,0.1448566835700707,0.040428806373251656
2021-12-22 23:20:00,0.14086471408647142,-0.42629482071713154,-0.19225614296351468,-0.30512408498482413,0.6259308214785829,0.00011135857461024499,0.5,-0.527796965068976,0.44535598421870787,0.6601338370897579,0.33122404913126496,0.1448566835700707,0.03889735504021003
2021-12-22 23:30:00,0.14574616457461645,-0.5219123505976095,-0.18600148920327642,-0.27584359935725755,0.6189292117627044,0.00011135857461024499,0.5,-0.527796965068976,0.44535598421870787,0.6601338370897579,0.33122404913126496,0.1448566835700707,0.040753202468427965
2021-12-22 23:40:00,0.14783821478382148,0.298804780876494,-0.17647058823529427,-0.25227637921799684,0.6094410490636165,0.00011135857461024499,0.5,-0.527796965068976,0.44535598421870787,0.6601338370897579,0.33122404913126496,0.1448566835700707,0.03647570046924273
2021-12-22 23:50:00,0.1311018131101813,-0.1872509960159363,-0.1705137751303054,-0.23120871272986965,0.6094410490636165,0.00011135857461024499,0.5,-0.527796965068976,0.44535598421870787,0.6601338370897579,0.33122404913126496,0.1448566835700707,0.03999124884952548
2021-12-23 00:00:00,0.12761506276150628,0.01195219123505975,-0.16455696202531667,-0.21085520442778072,0.6094410490636165,0.00011135857461024499,0.5,-0.5524840547217469,0.43001433879203554,0.6737734569669588,0.347731774043818,0.1653926656615227,0.027913152375635592
2021-12-23 00:10:00,0.11366806136680613,0.49003984063745,-0.16157855547282218,-0.18621674700946256,0.6121108217403254,0.00011135857461024499,0.5,-0.5524840547217469,0.43001433879203554,0.6737734569669588,0.347731774043818,0.1653926656615227,0.01288531466421232
2021-12-23 00:20:00,0.1311018131101813,-0.5139442231075697,-0.15770662695457938,-0.16050705231208717,0.6258915601156901,0.00011135857461024499,0.5,-0.5524840547217469,0.43001433879203554,0.6737734569669588,0.347731774043818,0.1653926656615227,0.041650949801590294
2021-12-23 00:30:00,0.13668061366806136,-0.4581673306772909,-0.15383469843633668,-0.14729512587038018,0.6258915601156901,0.00011135857461024499,0.5,-0.5524840547217469,0.43001433879203554,0.6737734569669588,0.347731774043818,0.1653926656615227,0.04795026932419995
2021-12-23 00:40:00,0.1617852161785216,-0.19521912350597614,-0.14936708860759507,-0.1347973576147118,0.6258915601156901,0.00011135857461024499,0.5,-0.5524840547217469,0.43001433879203554,0.6737734569669588,0.347731774043818,0.1653926656615227,0.05541892360849163
2021-12-23 00:50:00,0.20292887029288703,0.1633466135458166,-0.14162323157110956,-0.12622745938225322,0.6258915601156901,0.00033407572383073496,0.5,-0.5524840547217469,0.43001433879203554,0.6737734569669588,0.347731774043818,0.1653926656615227,0.07608974455693529
2021-12-23 01:00:00,0.22594142259414227,0.346613545816733,-0.13775130305286676,-0.129441171219425,0.6258915601156901,0.00033407572383073496,0.5,-0.5869629110309673,0.425367880531139,0.7124687577554762,0.37478182568486595,0.17223714171847704,0.08155921360351254
2021-12-23 01:10:00,0.21269177126917713,0.2749003984063745,-0.13209233060312742,-0.1312265666845207,0.6258915601156901,0.00033407572383073496,0.5,-0.5869629110309673,0.425367880531139,0.7124687577554762,0.37478182568486595,0.17223714171847704,0.0791601913182552
2021-12-23 01:20:00,0.2175732217573222,-0.19521912350597614,-0.131794489947878,-0.1312265666845207,0.6258915601156901,0.00044543429844097997,0.5,-0.5869629110309673,0.425367880531139,0.7124687577554762,0.37478182568486595,0.17223714171847704,0.08809994417369525
2021-12-23 01:30:00,0.23361227336122734,-0.3545816733067729,-0.131794489947878,-0.12658453847527218,0.6258915601156901,0.00033407572383073496,0.5,-0.5869629110309673,0.425367880531139,0.7124687577554762,0.37478182568486595,0.17223714171847704,0.09893326493353652
2021-12-23 01:40:00,0.22384937238493724,-0.07569721115537853,-0.13000744601638126,-0.12372790573111947,0.6258915601156901,0.00033407572383073496,0.5,-0.5869629110309673,0.425367880531139,0.7124687577554762,0.37478182568486595,0.17223714171847704,0.09349397226790591
2021-12-23 01:50:00,0.25313807531380755,-0.14741035856573714,-0.12851824274013413,-0.12229958935904306,0.6258915601156901,0.00033407572383073496,0.5,-0.5869629110309673,0.425367880531139,0.7124687577554762,0.37478182568486595,0.17223714171847704,0.1178463116918388
2021-12-23 02:00:00,0.2524407252440725,-0.3227091633466136,-0.12881608339538353,-0.12408498482413843,0.6258915601156901,0.00033407572383073496,0.5,-0.6051987794103374,0.4132531816888733,0.727854861742804,0.39689133641228397,0.16947413169805886,0.1238136910240355
2021-12-23 02:10:00,0.25732217573221755,-0.4900398406374503,-0.12881608339538353,-0.12408498482413843,0.6258915601156901,0.00022271714922048998,0.5,-0.6051987794103374,0.4132531816888733,0.727854861742804,0.39689133641228397,0.16947413169805886,0.13623881587881165
2021-12-23 02:20:00,0.24616457461645744,-0.5776892430278885,-0.12881608339538353,-0.12408498482413843,0.6258915601156901,0.00022271714922048998,0.5,-0.6051987794103374,0.4132531816888733,0.727854861742804,0.39689133641228397,0.16947413169805886,0.1301054664514085
2021-12-23 02:30:00,0.22315202231520226,-0.4661354581673308,-0.12851824274013413,-0.1233708266381004,0.6216905942861629,0.00033407572383073496,0.5,-0.6051987794103374,0.4132531816888733,0.727854861742804,0.39689133641228397,0.16947413169805886,0.10348989845647812
2021-12-23 02:40:00,0.23709902370990238,-0.20318725099601598,-0.12345495160089359,-0.1180146402428136,0.6120584732564683,0.00033407572383073496,0.5,-0.6051987794103374,0.4132531816888733,0.727854861742804,0.39689133641228397,0.16947413169805886,0.10495345293238982
2021-12-23 02:50:00,0.2594142259414226,-0.19521912350597614,-0.12196574832464646,-0.11337261203356541,0.6120584732564683,0.00022271714922048998,0.5,-0.6051987794103374,0.4132531816888733,0.727854861742804,0.39689133641228397,0.16947413169805886,0.1300451136895152
2021-12-23 03:00:00,0.26569037656903766,0.2350597609561753,-0.11928518242740138,-0.11337261203356541,0.6120584732564683,0.00033407572383073496,0.5,-0.611667277584089,0.41092851580571677,0.7381100662895468,0.41776925364892187,0.16442402979897539,0.1269746669281953
2021-12-23 03:10:00,0.23500697350069735,0.40239043824701204,-0.11392405063291144,-0.11337261203356541,0.6120584732564683,0.00033407572383073496,0.5,-0.611667277584089,0.41092851580571677,0.7381100662895468,0.41776925364892187,0.16442402979897539,0.09963486579054574
2021-12-23 03:20:00,0.24616457461645744,0.05976095617529875,-0.11392405063291144,-0.1105159792894127,0.6120584732564683,0.00033407572383073496,0.5,-0.611667277584089,0.41092851580571677,0.7381100662895468,0.41776925364892187,0.16442402979897539,0.11586975873983434
2021-12-23 03:30:00,0.24407252440725244,0.298804780876494,-0.10975428145941923,-0.10980182110337433,0.6120584732564683,0.00033407572383073496,0.5,-0.611667277584089,0.41092851580571677,0.7381100662895468,0.41776925364892187,0.16442402979897539,0.10720913740815065
2021-12-23 03:40:00,0.2210599721059972,0.05976095617529875,-0.10975428145941923,-0.108730583824317,0.6120584732564683,0.00033407572383073496,0.5,-0.611667277584089,0.41092851580571677,0.7381100662895468,0.41776925364892187,0.16442402979897539,0.09902379407637642
2021-12-23 03:50:00,0.24755927475592746,-0.20318725099601598,-0.11094564408041707,-0.10266023924299217,0.6120584732564683,0.00033407572383073496,0.5,-0.611667277584089,0.41092851580571677,0.7381100662895468,0.41776925364892187,0.16442402979897539,0.11597537607314755
2021-12-23 04:00:00,0.22873082287308227,-0.298804780876494,-0.11213700670141491,-0.10158900196393505,0.6120584732564683,0.00033407572383073496,0.5,-0.6417418584274752,0.41186527857198146,0.7671061156491545,0.429630923977732,0.16565751675761134,0.09728865217194503
2021-12-23 04:10:00,0.21687587168758715,-0.4422310756972112,-0.11392405063291144,-0.0958757364756293,0.6081846854510476,0.00033407572383073496,0.5,-0.6417418584274752,0.41186527857198146,0.7671061156491545,0.429630923977732,0.16565751675761134,0.08235888769859831
2021-12-23 04:20:00,0.2210599721059972,0.25099601593625476,-0.11303052866716312,-0.09159078735940018,0.6067189279030506,0.00033407572383073496,0.5,-0.6417418584274752,0.41186527857198146,0.7671061156491545,0.429630923977732,0.16565751675761134,0.08460702807912247
2021-12-23 04:30:00,0.23849372384937237,0.2669322709163344,-0.10975428145941923,-0.08837707552222807,0.6120584732564683,0.00033407572383073496,0.5,-0.6417418584274752,0.41186527857198146,0.7671061156491545,0.429630923977732,0.16565751675761134,0.09832219321936721
2021-12-23 04:40:00,0.24895397489539747,0.12350597609561742,-0.10558451228592702,-0.08873415461524714,0.6120584732564683,0.00033407572383073496,0.5,-0.6417418584274752,0.41186527857198146,0.7671061156491545,0.429630923977732,0.16565751675761134,0.11253526864523138
2021-12-23 04:50:00,0.30264993026499304,-0.19521912350597614,-0.11630677587490701,-0.09873236921978212,0.6120584732564683,0.00022271714922048998,0.5,-0.6417418584274752,0.41186527857198146,0.7671061156491545,0.429630923977732,0.16565751675761134,0.1719902832053352
2021-12-23 05:00:00,0.33403068340306835,-0.09960159362549814,-0.18391660461653025,-0.16407784324227825,0.6120584732564683,0.00022271714922048998,0.5,-0.610380682157398,0.4089544175835559,0.7519135300144302,0.4389577227362219,0.17038127728891136,0.21846945395838677
2021-12-23 05:10:00,0.34309623430962344,-0.17928286852589637,-0.20774385703648557,-0.21049812533476164,0.6120584732564683,0.00022271714922048998,0.5,-0.610380682157398,0.4089544175835559,0.7519135300144302,0.4389577227362219,0.17038127728891136,0.22891802586115848
2021-12-23 05:20:00,0.3179916317991632,-0.26693227091633476,-0.21757259865971712,-0.225495447241564,0.6015887764850611,0.00022271714922048998,0.5,-0.610380682157398,0.4089544175835559,0.7519135300144302,0.4389577227362219,0.17038127728891136,0.20654223938923003
2021-12-23 05:30:00,0.32914923291492326,-0.1394422310756973,-0.22323157110945657,-0.23370826638100328,0.6009082461949196,0.00022271714922048998,0.5,-0.610380682157398,0.4089544175835559,0.7519135300144302,0.4389577227362219,0.17038127728891136,0.21729257510146807
2021-12-23 05:40:00,0.41841004184100417,0.298804780876494,-0.2276991809381982,-0.24299232279950012,0.6009082461949196,0.00033407572383073496,0.5,-0.610380682157398,0.4089544175835559,0.7519135300144302,0.4389577227362219,0.17038127728891136,0.34837122983840546
2021-12-23 05:50:00,0.4170153417015342,-0.06772908366533881,-0.23008190618019375,-0.2526334583110159,0.6105403672246142,0.00033407572383073496,0.5,-0.610380682157398,0.4089544175835559,0.7519135300144302,0.4389577227362219,0.17038127728891136,0.35187169002821495
2021-12-23 06:00:00,0.41562064156206413,-0.31474103585657376,-0.231571109456441,-0.25191930012497765,0.6121500831032181,0.00033407572383073496,0.5,-0.6244474477048572,0.4198823586881886,0.739389367168356,0.4667761800088078,0.16558905134560256,0.3409252078398238
2021-12-23 06:10:00,0.4093444909344491,-0.17131474103585675,-0.23484735666418477,-0.2512051419389395,0.6121500831032181,0.00033407572383073496,0.5,-0.6244474477048572,0.4198823586881886,0.739389367168356,0.4667761800088078,0.16558905134560256,0.3432035246012946
2021-12-23 06:20:00,0.4072524407252441,-0.21115537848605592,-0.23901712583767698,-0.2526334583110159,0.6121500831032181,0.00033407572383073496,0.5,-0.6244474477048572,0.4198823586881886,0.739389367168356,0.4667761800088078,0.16558905134560256,0.33719088069767794
2021-12-23 06:30:00,0.43096234309623427,-0.3227091633466136,-0.23901712583767698,-0.2526334583110159,0.6121500831032181,0.00044543429844097997,0.5,-0.6244474477048572,0.4198823586881886,0.739389367168356,0.4667761800088078,0.16558905134560256,0.36787271602516713
2021-12-23 06:40:00,0.4246861924686192,-0.26693227091633476,-0.23931496649292638,-0.2526334583110159,0.6121500831032181,0.00044543429844097997,0.5,-0.6244474477048572,0.4198823586881886,0.739389367168356,0.4667761800088078,0.16558905134560256,0.36336889116888216
2021-12-23 06:50:00,0.4372384937238493,-0.4342629482071714,-0.24199553239017135,-0.2526334583110159,0.6121500831032181,0.00044543429844097997,0.5,-0.6244474477048572,0.4198823586881886,0.739389367168356,0.4667761800088078,0.16558905134560256,0.3726179519290252
2021-12-23 07:00:00,0.44839609483960946,0.3067729083665336,-0.24199553239017135,-0.2544188537761113,0.6018112575414535,0.0006681514476614699,0.5,-0.6312253624897148,0.42387078420836205,0.7210682771045851,0.501887669489262,0.1651924111670456,0.4038505062087904
2021-12-23 07:10:00,0.4456066945606694,-0.33864541832669326,-0.2431868950111692,-0.256204249241207,0.6121893444661108,0.00044543429844097997,0.5,-0.6312253624897148,0.42387078420836205,0.7210682771045851,0.501887669489262,0.1651924111670456,0.3960574558293224
2021-12-23 07:20:00,0.43096234309623427,-0.09960159362549814,-0.2476545048399108,-0.2526334583110159,0.603905196895735,0.00033407572383073496,0.5,-0.6312253624897148,0.42387078420836205,0.7210682771045851,0.501887669489262,0.1651924111670456,0.36131689726451105
2021-12-23 07:30:00,0.4211994421199442,0.33864541832669315,-0.2506329113924052,-0.256204249241207,0.6010260302835979,0.00033407572383073496,0.5,-0.6312253624897148,0.42387078420836205,0.7210682771045851,0.501887669489262,0.1651924111670456,0.34860509679074186
2021-12-23 07:40:00,0.41283124128312415,0.36254980079681287,-0.2509307520476546,-0.25656132833422596,0.6049783408148042,0.00033407572383073496,0.5,-0.6312253624897148,0.42387078420836205,0.7210682771045851,0.501887669489262,0.1651924111670456,0.33905427222113255
2021-12-23 07:50:00,0.4344490934449094,0.11553784860557759,-0.2509307520476546,-0.2590608819853597,0.6122024315870751,0.00111358574610245,0.5,-0.6312253624897148,0.42387078420836205,0.7210682771045851,0.501887669489262,0.1651924111670456,0.405117914208549
2021-12-23 08:00:00,0.4665271966527197,0.1633466135458166,-0.2509307520476546,-0.26334583110158893,0.6122024315870751,0.000779510022271715,0.5,-0.6067642400181708,0.41472154295746866,0.6897370724731303,0.5310919926479613,0.17265564958157267,0.47065346952939935
2021-12-23 08:10:00,0.4602510460251046,0.003984063745019917,-0.2509307520476546,-0.26334583110158893,0.6122024315870751,0.0006681514476614699,0.5,-0.6067642400181708,0.41472154295746866,0.6897370724731303,0.5310919926479613,0.17265564958157267,0.4591939888649154
2021-12-23 08:20:00,0.45188284518828453,-0.15537848605577698,-0.25331347728965015,-0.25834672379932155,0.6122024315870751,0.0006681514476614699,0.5,-0.6067642400181708,0.41472154295746866,0.6897370724731303,0.5310919926479613,0.17265564958157267,0.4404318240113463
2021-12-23 08:30:00,0.4867503486750349,-0.31474103585657376,-0.2556962025316457,-0.2554900910551686,0.6075172422818704,0.0008908685968819599,0.5,-0.6067642400181708,0.41472154295746866,0.6897370724731303,0.5310919926479613,0.17265564958157267,0.4884273579069662
2021-12-23 08:40:00,0.4735006973500697,0.22709163346613526,-0.25688756515264344,-0.256204249241207,0.6010652916464907,0.0020044543429844097,0.5,-0.6067642400181708,0.41472154295746866,0.6897370724731303,0.5310919926479613,0.17265564958157267,0.4756174841951205
2021-12-23 08:50:00,0.50278940027894,0.3545816733067728,-0.2559940431868951,-0.256204249241207,0.6035911059925927,0.00044543429844097997,0.5,-0.6067642400181708,0.41472154295746866,0.6897370724731303,0.5310919926479613,0.17265564958157267,0.5289316052325844
2021-12-23 09:00:00,0.50697350069735,-0.36254980079681276,-0.25390915860014907,-0.25513301196214966,0.6123202156757535,0.000556792873051225,0.5,-0.588825581019157,0.42629314927573353,0.6684982430537247,0.5443916853003367,0.1823592982299826,0.5649772922733377
2021-12-23 09:10:00,0.5264993026499303,-0.12350597609561753,-0.251824274013403,-0.25191930012497765,0.6123202156757535,0.00011135857461024499,0.5,-0.588825581019157,0.42629314927573353,0.6684982430537247,0.5443916853003367,0.1823592982299826,0.6127993119785144
2021-12-23 09:20:00,0.5195258019525802,-0.043824701195219196,-0.2509307520476546,-0.24692019282271016,0.6123202156757535,0.00022271714922048998,0.5,-0.588825581019157,0.42629314927573353,0.6684982430537247,0.5443916853003367,0.1823592982299826,0.5961570378864464
2021-12-23 09:30:00,0.5516039051603905,-0.12350597609561753,-0.24944154877140734,-0.24442063917157653,0.6123202156757535,0.00022271714922048998,0.5,-0.588825581019157,0.42629314927573353,0.6684982430537247,0.5443916853003367,0.1823592982299826,0.6753398614904115
2021-12-23 09:40:00,0.5355648535564853,-0.02788844621513953,-0.2479523454951601,-0.24192108552044278,0.6123202156757535,0.00033407572383073496,0.5,-0.588825581019157,0.42629314927573353,0.6684982430537247,0.5443916853003367,0.1823592982299826,0.6512364772092883
2021-12-23 09:50:00,0.5271966527196652,-0.14741035856573714,-0.2476545048399108,-0.23727905731119447,0.6123202156757535,0.00022271714922048998,0.5,-0.588825581019157,0.42629314927573353,0.6684982430537247,0.5443916853003367,0.1823592982299826,0.6091706021696818
2021-12-23 10:00:00,0.5585774058577406,-0.21912350597609564,-0.24646314221891308,-0.23263702910194595,0.6072293256206567,0.00033407572383073496,0.5,-0.41958470067103093,0.43765786320390254,0.49750943401968944,0.5382751880455329,0.2013083161372149,0.6358616111169788
2021-12-23 10:10:00,0.5104602510460251,0.2350597609561753,-0.24259121370067016,-0.23906445277628985,0.6011176401303477,0.00044543429844097997,0.5,-0.41958470067103093,0.43765786320390254,0.49750943401968944,0.5382751880455329,0.2013083161372149,0.5601038067504565
2021-12-23 10:20:00,0.5111576011157601,0.394422310756972,-0.24199553239017135,-0.24192108552044278,0.6011176401303477,0.00033407572383073496,0.5,-0.41958470067103093,0.43765786320390254,0.49750943401968944,0.5382751880455329,0.2013083161372149,0.5661013624635998
2021-12-23 10:30:00,0.5348675034867504,-0.3227091633466136,-0.24199553239017135,-0.2397786109623281,0.6121108217403254,0.00033407572383073496,0.5,-0.41958470067103093,0.43765786320390254,0.49750943401968944,0.5382751880455329,0.2013083161372149,0.5901293057923563
2021-12-23 10:40:00,0.504881450488145,0.08366533864541825,-0.2405063291139241,-0.23549366184609888,0.6028451400976299,0.000556792873051225,0.5,-0.41958470067103093,0.43765786320390254,0.49750943401968944,0.5382751880455329,0.2013083161372149,0.530312174660893
2021-12-23 10:50:00,0.5097629009762901,0.2111553784860556,-0.23335815338793753,-0.23799321549723262,0.601235424219026,0.0006681514476614699,0.5,-0.41958470067103093,0.43765786320390254,0.49750943401968944,0.5382751880455329,0.2013083161372149,0.5783831495088794
2021-12-23 11:00:00,0.5474198047419805,0.41035856573705165,-0.22501861504095322,-0.23763613640421344,0.601785083299525,0.00044543429844097997,0.5,-0.39982302850721907,0.4469565267365328,0.4586636048664666,0.5227202289781626,0.21952527914711187,0.6541484979706385
2021-12-23 11:10:00,0.4581589958158996,0.06772908366533859,-0.21935964259121388,-0.23263702910194595,0.6124641740063603,0.0035634743875278397,0.5,-0.39982302850721907,0.4469565267365328,0.4586636048664666,0.5227202289781626,0.21952527914711187,0.46018226534091766
2021-12-23 11:20:00,0.5648535564853556,0.3784860557768923,-0.21131794489947897,-0.2301374754508122,0.6124772611273246,0.0008908685968819599,0.5,-0.39982302850721907,0.4469565267365328,0.4586636048664666,0.5227202289781626,0.21952527914711187,0.7013745341521191
2021-12-23 11:30:00,0.5223152022315203,0.1633466135458166,-0.20178704393149682,-0.22263881449741119,0.6189292117627044,0.0026726057906458797,0.5,-0.39982302850721907,0.4469565267365328,0.4586636048664666,0.5227202289781626,0.21952527914711187,0.612014726073902
2021-12-23 11:40:00,0.6234309623430963,-0.15537848605577698,-0.19404318689501132,-0.21406891626495272,0.6236798366727304,0.004677060133630289,0.5,-0.39982302850721907,0.4469565267365328,0.4586636048664666,0.5227202289781626,0.21952527914711187,0.8347767702219473
2021-12-23 11:50:00,0.6757322175732218,-0.17928286852589637,-0.1862993298585257,-0.20549901803249415,0.6236798366727304,0.01224944320712695,0.5,-0.39982302850721907,0.4469565267365328,0.4586636048664666,0.5227202289781626,0.21952527914711187,0.9465802616292228
2021-12-23 12:00:00,0.5808926080892608,0.05976095617529875,-0.17944899478778864,-0.19478664524192102,0.6251979427045844,0.007015590200445435,0.5,-0.3840411803925192,0.45233285537359813,0.4343472502956989,0.6221158973008136,0.23993851355182247,0.776770221947282
2021-12-23 12:10:00,0.6255230125523014,0.06772908366533859,-0.17349218168279978,-0.1905016961256918,0.63225190090432,0.0071269487750556795,0.5,-0.3840411803925192,0.45233285537359813,0.4343472502956989,0.6221158973008136,0.23993851355182247,0.8489898456478114
2021-12-23 12:20:00,0.6422594142259415,0.019920318725099362,-0.17230081906180206,-0.18193179789323333,0.6309301016869299,0.004899777282850779,0.5,-0.3840411803925192,0.45233285537359813,0.4343472502956989,0.6221158973008136,0.23993851355182247,0.8907162364017684
2021-12-23 12:30:00,0.6729428172942817,-0.07569721115537853,-0.1705137751303054,-0.17943224424209958,0.6307076206305375,0.005902004454342985,0.5,-0.3840411803925192,0.45233285537359813,0.4343472502956989,0.6221158973008136,0.23993851355182247,0.9529399339137258
2021-12-23 12:40:00,0.6241283124128312,0.08366533864541825,-0.1657483246463144,-0.1740760578468129,0.6292026017196477,0.006347438752783964,0.5,-0.3840411803925192,0.45233285537359813,0.4343472502956989,0.6221158973008136,0.23993851355182247,0.8415740000301764
2021-12-23 12:50:00,0.6290097629009763,0.09163346613545809,-0.16128071481757278,-0.17050526691662193,0.6234966169792306,0.007683741648106904,0.5,-0.3840411803925192,0.45233285537359813,0.4343472502956989,0.6221158973008136,0.23993851355182247,0.854165094980159
2021-12-23 13:00:00,0.6422594142259415,0.2111553784860556,-0.15353685778108728,-0.16836279235850737,0.6285351585504705,0.008017817371937639,0.5,-0.21204600191513445,0.44444220949578767,0.30903625450935174,0.6299238669688905,0.2551802974557006,0.8492916094572778
2021-12-23 13:10:00,0.5411436541143654,-0.02788844621513953,-0.14906924795234555,-0.1615782895911445,0.62659826464776,0.00378619153674833,0.5,-0.21204600191513445,0.44444220949578767,0.30903625450935174,0.6299238669688905,0.2551802974557006,0.6304449507370581
2021-12-23 13:20:00,0.590655509065551,-0.05179282868525903,-0.1425167535368579,-0.15729334047491517,0.6184057269241339,0.002561247216035635,0.5,-0.21204600191513445,0.44444220949578767,0.30903625450935174,0.6299238669688905,0.2551802974557006,0.7738582011859317
2021-12-23 13:30:00,0.5550906555090656,-0.003984063745020028,-0.13685778108711855,-0.15907873594001076,0.6283912002198636,0.0027839643652561247,0.5,-0.21204600191513445,0.44444220949578767,0.30903625450935174,0.6299238669688905,0.2551802974557006,0.6374156947357303
2021-12-23 13:40:00,0.5299860529986052,-0.13147410358565736,-0.13298585256887574,-0.1455097304052847,0.6282865032521496,0.0021158129175946547,0.5,-0.21204600191513445,0.44444220949578767,0.30903625450935174,0.6299238669688905,0.2551802974557006,0.5971754907433952
2021-12-23 13:50:00,0.5244072524407252,-0.08366533864541836,-0.12970960536113185,-0.14658096768434214,0.625080158615906,0.0020044543429844097,0.5,-0.21204600191513445,0.44444220949578767,0.30903625450935174,0.6299238669688905,0.2551802974557006,0.5732154442717685
2021-12-23 14:00:00,0.5529986052998606,0.22709163346613526,-0.12643335815338808,-0.13943938582395987,0.6272918820588659,0.0008908685968819599,0.5,-0.20707072155740258,0.42903159993908196,0.3097500912110584,0.5860196194233558,0.2682352012012082,0.6277290764518612
2021-12-23 14:10:00,0.5355648535564853,-0.14741035856573714,-0.12166790766939695,-0.14800928405641844,0.63013178730811,0.00033407572383073496,0.5,-0.20707072155740258,0.42903159993908196,0.3097500912110584,0.5860196194233558,0.2682352012012082,0.5972056671243418
2021-12-23 14:20:00,0.5292887029288703,0.003984063745019917,-0.11809381980640365,-0.14836636314943752,0.6268600070670454,0.00044543429844097997,0.5,-0.20707072155740258,0.42903159993908196,0.3097500912110584,0.5860196194233558,0.2682352012012082,0.6004948926475248
2021-12-23 14:30:00,0.5411436541143654,0.13147410358565725,-0.11451973194341047,-0.142653097661132,0.625433510881941,0.000556792873051225,0.5,-0.20707072155740258,0.42903159993908196,0.3097500912110584,0.5860196194233558,0.2682352012012082,0.6199963788342865
2021-12-23 14:40:00,0.5362622036262203,0.15537848605577675,-0.1118391660461654,-0.14158186038207465,0.6272264464540446,0.00044543429844097997,0.5,-0.20707072155740258,0.42903159993908196,0.3097500912110584,0.5860196194233558,0.2682352012012082,0.6079182823603966
2021-12-23 14:50:00,0.5271966527196652,-0.1872509960159363,-0.10886075949367102,-0.1358685948937688,0.624779154833728,0.00033407572383073496,0.5,-0.20707072155740258,0.42903159993908196,0.3097500912110584,0.5860196194233558,0.2682352012012082,0.560179247702823
2021-12-23 15:00:00,0.4595536959553696,-0.019920318725099695,-0.1037974683544306,-0.12729869666131055,0.6313750637997148,0.00044543429844097997,0.5,-0.20344714185702661,0.42667245199090664,0.3071020854963068,0.5414074040664193,0.28277397393398396,0.44842102086696745
2021-12-23 15:10:00,0.4916317991631799,-0.13147410358565736,-0.09903201787043936,-0.13336904124263516,0.6207221473348078,0.00022271714922048998,0.5,-0.20344714185702661,0.42667245199090664,0.3071020854963068,0.5414074040664193,0.28277397393398396,0.5200295728533277
2021-12-23 15:20:00,0.504881450488145,-0.059760956175298974,-0.09605361131794499,-0.1347973576147118,0.6213895905039851,0.00022271714922048998,0.5,-0.20344714185702661,0.42667245199090664,0.3071020854963068,0.5414074040664193,0.28277397393398396,0.5178795057108802
2021-12-23 15:30:00,0.5230125523012552,-0.12350597609561753,-0.09605361131794499,-0.13408319942867342,0.6217560298909843,0.00044543429844097997,0.5,-0.20344714185702661,0.42667245199090664,0.3071020854963068,0.5414074040664193,0.28277397393398396,0.5511037011331231
2021-12-23 15:40:00,0.4951185495118549,-0.11553784860557781,-0.09605361131794499,-0.1347973576147118,0.6272264464540446,0.00022271714922048998,0.5,-0.20344714185702661,0.42667245199090664,0.3071020854963068,0.5414074040664193,0.28277397393398396,0.5145299274258038
2021-12-23 15:50:00,0.5278940027894004,0.11553784860557759,-0.09396872673119894,-0.13336904124263516,0.6277630184135793,0.00022271714922048998,0.5,-0.20344714185702661,0.42667245199090664,0.3071020854963068,0.5414074040664193,0.28277397393398396,0.5751014680809331
2021-12-23 16:00:00,0.48535564853556484,-0.17131474103585675,-0.09486224869694715,-0.1347973576147118,0.6301972229129313,0.00044543429844097997,0.5,-0.17627447991693757,0.429270100888776,0.30918132986674246,0.5111694178875815,0.29356580504744967,0.4910225266683767
2021-12-23 16:10:00,0.4735006973500697,0.05179282868525892,-0.09545793000744618,-0.13051240849848234,0.6263103479865465,0.000556792873051225,0.5,-0.17627447991693757,0.429270100888776,0.30918132986674246,0.5111694178875815,0.29356580504744967,0.4549466632466768
2021-12-23 16:20:00,0.4867503486750349,0.019920318725099362,-0.09605361131794499,-0.12551330119621484,0.6360471659839552,0.0006681514476614699,0.5,-0.17627447991693757,0.429270100888776,0.30918132986674246,0.5111694178875815,0.29356580504744967,0.49850626914314167
2021-12-23 16:30:00,0.5306834030683404,-0.2589641434262948,-0.09605361131794499,-0.1308694875915014,0.6318723743963566,0.000779510022271715,0.5,-0.17627447991693757,0.429270100888776,0.30918132986674246,0.5111694178875815,0.29356580504744967,0.5983221932193672
2021-12-23 16:40:00,0.5348675034867504,-0.09960159362549814,-0.09754281459419223,-0.13194072487055875,0.6334951773959248,0.0006681514476614699,0.5,-0.17627447991693757,0.429270100888776,0.30918132986674246,0.5111694178875815,0.29356580504744967,0.5897973656019433
2021-12-23 16:50:00,0.5355648535564853,-0.02788844621513953,-0.10171258376768444,-0.14051062310301732,0.6316106319770713,0.004231625835189309,0.5,-0.17627447991693757,0.429270100888776,0.30918132986674246,0.5111694178875815,0.29356580504744967,0.5872776377928995
2021-12-23 17:00:00,0.605997210599721,-0.40239043824701204,-0.10588235294117665,-0.14193893947509362,0.6283257646150423,0.0038975501113585743,0.5,-0.18054947880794736,0.44718066015913605,0.3097148368846995,0.4822733592544143,0.29424377912717636,0.7694750818534334
2021-12-23 17:10:00,0.5516039051603905,-0.12350597609561753,-0.11064780342516767,-0.14193893947509362,0.6294381698970044,0.012694877505567928,0.5,-0.18054947880794736,0.44718066015913605,0.3097148368846995,0.4822733592544143,0.29424377912717636,0.6271104606424551
2021-12-23 17:20:00,0.6317991631799164,0.01195219123505975,-0.11451973194341047,-0.142653097661132,0.6205127533993796,0.009688195991091315,0.5,-0.18054947880794736,0.44718066015913605,0.3097148368846995,0.4822733592544143,0.29424377912717636,0.8209333554626794
2021-12-23 17:30:00,0.5948396094839609,0.05179282868525892,-0.12077438570364873,-0.14622388859132307,0.6247398934708354,0.0014476614699331849,0.5,-0.18054947880794736,0.44718066015913605,0.3097148368846995,0.4822733592544143,0.29424377912717636,0.7387178055735776
2021-12-23 17:40:00,0.5390516039051604,-0.15537848605577698,-0.12851824274013413,-0.142653097661132,0.6232872230438026,0.00044543429844097997,0.5,-0.18054947880794736,0.44718066015913605,0.3097148368846995,0.4822733592544143,0.29424377912717636,0.6211129049293118
2021-12-23 17:50:00,0.602510460251046,0.19521912350597592,-0.13596425912137022,-0.1469380467773611,0.6169268822551727,0.00022271714922048998,0.5,-0.18054947880794736,0.44718066015913605,0.3097148368846995,0.4822733592544143,0.29424377912717636,0.7973580578481223
2021-12-23 18:00:00,0.5285913528591353,0.05976095617529875,-0.1466865227103501,-0.15265131226566697,0.6193087382706679,0.00022271714922048998,0.5,-0.3341805129238219,0.443381885996547,0.4368776993178795,0.4519945086108024,0.2812514362937759,0.5894880576972403
2021-12-23 18:10:00,0.5627615062761506,0.043824701195219085,-0.15681310498883105,-0.15729334047491517,0.6169007080132441,0.00022271714922048998,0.5,-0.3341805129238219,0.443381885996547,0.4368776993178795,0.4519945086108024,0.2812514362937759,0.6997978182476576
2021-12-23 18:20:00,0.47629009762900976,0.043824701195219085,-0.1663440059568132,-0.16050705231208717,0.6169007080132441,0.00033407572383073496,0.5,-0.3341805129238219,0.443381885996547,0.4368776993178795,0.4519945086108024,0.2812514362937759,0.4774129788614452
2021-12-23 18:30:00,0.5034867503486751,0.1633466135458166,-0.17527922561429654,-0.16514908052133537,0.6078705945479054,0.00022271714922048998,0.5,-0.3341805129238219,0.443381885996547,0.4368776993178795,0.4519945086108024,0.2812514362937759,0.5402402039923352
2021-12-23 18:40:00,0.5446304044630405,0.25099601593625476,-0.1818317200297842,-0.17657561149794665,0.6095588331522948,0.00022271714922048998,0.5,-0.3341805129238219,0.443381885996547,0.4368776993178795,0.4519945086108024,0.2812514362937759,0.6436999260678667
2021-12-23 18:50:00,0.5843793584379359,-0.19521912350597614,-0.18778853313477306,-0.18121763970719518,0.6101870149585793,0.00011135857461024499,0.5,-0.3341805129238219,0.443381885996547,0.4368776993178795,0.4519945086108024,0.2812514362937759,0.7059311676750608
2021-12-23 19:00:00,0.6101813110181311,0.2589641434262948,-0.19017125837676851,-0.18621674700946256,0.6056457839839813,0.00011135857461024499,0.5,-0.3548429853283095,0.46377515394805413,0.4726713661444588,0.47941528773913566,0.2432218548126233,0.8071050288938847
2021-12-23 19:10:00,0.6338912133891214,0.05976095617529875,-0.19434102755026073,-0.19157293340474912,0.6056457839839813,0.00011135857461024499,0.5,-0.3548429853283095,0.46377515394805413,0.4726713661444588,0.47941528773913566,0.2432218548126233,0.8563453385035532
2021-12-23 19:20:00,0.6297071129707112,-0.019920318725099695,-0.19910647803425174,-0.18693090519550082,0.6056457839839813,0.00022271714922048998,0.5,-0.3548429853283095,0.46377515394805413,0.4726713661444588,0.47941528773913566,0.2432218548126233,0.8348446670790771
2021-12-23 19:30:00,0.5306834030683404,-0.1872509960159363,-0.20595681310498903,-0.1840742724513479,0.6056457839839813,0.00022271714922048998,0.5,-0.3548429853283095,0.46377515394805413,0.4726713661444588,0.47941528773913566,0.2432218548126233,0.5985636042669402
2021-12-23 19:40:00,0.5697350069735007,-0.09960159362549814,-0.2131049888309755,-0.18478843063738626,0.6056457839839813,0.00022271714922048998,0.5,-0.3548429853283095,0.46377515394805413,0.4726713661444588,0.47941528773913566,0.2432218548126233,0.7186731445297766
2021-12-23 19:50:00,0.6255230125523014,-0.20318725099601598,-0.2169769173492183,-0.19121585431173005,0.6056457839839813,0.00033407572383073496,0.5,-0.3548429853283095,0.46377515394805413,0.4726713661444588,0.47941528773913566,0.2432218548126233,0.869132579929689
2021-12-23 20:00:00,0.6108786610878661,-0.3067729083665339,-0.22293373045420706,-0.1919300124977681,0.6056457839839813,0.00033407572383073496,0.5,-0.35773776667045787,0.4907631168338577,0.5006303296013205,0.5390225828327931,0.20719214848307238,0.8332679511746156
2021-12-23 20:10:00,0.5753138075313807,-0.33067729083665354,-0.22948622486969483,-0.1951437243349402,0.6056457839839813,0.00011135857461024499,0.5,-0.35773776667045787,0.4907631168338577,0.5006303296013205,0.5390225828327931,0.20719214848307238,0.7067082094844366
2021-12-23 20:20:00,0.5216178521617852,0.01195219123505975,-0.23723008190618022,-0.19621496161399754,0.5975710303490335,0.00022271714922048998,0.5,-0.35773776667045787,0.4907631168338577,0.5006303296013205,0.5390225828327931,0.20719214848307238,0.6085142658840925
2021-12-23 20:30:00,0.5404463040446305,0.3306772908366533,-0.2434847356664186,-0.20549901803249415,0.59436468571279,0.00022271714922048998,0.5,-0.35773776667045787,0.4907631168338577,0.5006303296013205,0.5390225828327931,0.20719214848307238,0.6519757985424809
2021-12-23 20:40:00,0.598326359832636,-0.07569721115537853,-0.24914370811615805,-0.21478307445099076,0.59436468571279,0.00022271714922048998,0.5,-0.35773776667045787,0.4907631168338577,0.5006303296013205,0.5390225828327931,0.20719214848307238,0.7842388762315735
2021-12-23 20:50:00,0.6603905160390516,-0.08366533864541836,-0.2551005212211468,-0.2208534190323156,0.59436468571279,0.0006681514476614699,0.5,-0.35773776667045787,0.4907631168338577,0.5006303296013205,0.5390225828327931,0.20719214848307238,0.9794197081943963
2021-12-23 21:00:00,0.698744769874477,-0.06772908366533881,-0.2598659717051379,-0.2240671308694876,0.59436468571279,0.005567928730512249,0.5,-0.36906040678095,0.5017858836172846,0.5371581233893814,0.5963381589623474,0.1885078752469929,0.9782893764050877
2021-12-23 21:10:00,0.6931659693165969,-0.14741035856573714,-0.26612062546537607,-0.22335297268344934,0.59436468571279,0.005011135857461025,0.5,-0.36906040678095,0.5017858836172846,0.5371581233893814,0.5963381589623474,0.1885078752469929,0.9771589691748269
2021-12-23 21:20:00,0.6827057182705718,-0.1394422310756973,-0.27237527922561433,-0.22049633993929663,0.59436468571279,0.0014476614699331849,0.5,-0.36906040678095,0.5017858836172846,0.5371581233893814,0.5963381589623474,0.1885078752469929,0.9760286373855185
2021-12-23 21:30:00,0.7112970711297071,-0.043824701195219196,-0.27982129560685043,-0.22049633993929663,0.59436468571279,0.01024498886414254,0.5,-0.36906040678095,0.5017858836172846,0.5371581233893814,0.5963381589623474,0.1885078752469929,0.9748983055962098
2021-12-23 21:40:00,0.6722454672245468,0.027888446215139417,-0.28369322412509324,-0.2237100517764684,0.59436468571279,0.004788418708240535,0.5,-0.36906040678095,0.5017858836172846,0.5371581233893814,0.5963381589623474,0.1885078752469929,0.973767898365949
2021-12-23 21:50:00,0.6499302649930265,0.19521912350597592,-0.2911392405063292,-0.2240671308694876,0.59436468571279,0.0006681514476614699,0.5,-0.36906040678095,0.5017858836172846,0.5371581233893814,0.5963381589623474,0.1885078752469929,0.9726375665766405
2021-12-23 22:00:00,0.6680613668061367,0.2111553784860556,-0.29650037230081916,-0.22620960542760216,0.59436468571279,0.0014476614699331849,0.5,-0.45952125642422204,0.5190269161252515,0.6351671796932038,0.6039828063834894,0.19020906478692745,0.9727993874194668
2021-12-23 22:10:00,0.6910739191073919,0.03585657370517925,-0.30037230081906185,-0.23120871272986965,0.59436468571279,0.00913140311804009,0.5,-0.45952125642422204,0.5190269161252515,0.6351671796932038,0.6039828063834894,0.19020906478692745,0.9729611328213408
2021-12-23 22:20:00,0.7238493723849373,-0.02788844621513953,-0.3054355919583024,-0.23120871272986965,0.59436468571279,0.021714922048997772,0.5,-0.45952125642422204,0.5190269161252515,0.6351671796932038,0.6039828063834894,0.19020906478692745,0.9731228782232146
2021-12-23 22:30:00,0.7343096234309623,-0.0916334661354582,-0.31228592702903957,-0.23120871272986965,0.59436468571279,0.01514476614699332,0.5,-0.45952125642422204,0.5190269161252515,0.6351671796932038,0.6039828063834894,0.19020906478692745,0.973284699066041
2021-12-23 22:40:00,0.7161785216178521,-0.12350597609561753,-0.31913626209977675,-0.23227995000892698,0.59436468571279,0.006792873051224944,0.5,-0.45952125642422204,0.5190269161252515,0.6351671796932038,0.6039828063834894,0.19020906478692745,0.9734464444679151
2021-12-23 22:50:00,0.704323570432357,0.003984063745019917,-0.3256887565152644,-0.23477950366006073,0.59436468571279,0.011135857461024499,0.5,-0.45952125642422204,0.5190269161252515,0.6351671796932038,0.6039828063834894,0.19020906478692745,0.9736081898697888
2021-12-23 23:00:00,0.698744769874477,-0.11553784860557781,-0.33045420699925554,-0.23906445277628985,0.59436468571279,0.004677060133630289,0.5,-0.5282488994314298,0.5333800756881331,0.704321838013472,0.5906659000273684,0.19996513035603733,0.9737700107126153
2021-12-23 23:10:00,0.6638772663877266,0.01195219123505975,-0.33492181682799715,-0.24013569005534718,0.59436468571279,0.00044543429844097997,0.5,-0.5282488994314298,0.5333800756881331,0.704321838013472,0.5906659000273684,0.19996513035603733,0.9739317561144892
2021-12-23 23:20:00,0.6394700139470014,0.11553784860557759,-0.3373045420699926,-0.24192108552044278,0.59436468571279,0.000556792873051225,0.5,-0.5282488994314298,0.5333800756881331,0.704321838013472,0.5906659000273684,0.19996513035603733,0.9740935769573156
2021-12-23 23:30:00,0.592747559274756,0.25099601593625476,-0.3408786299329859,-0.24442063917157653,0.59436468571279,0.000556792873051225,0.5,-0.5282488994314298,0.5333800756881331,0.704321838013472,0.5906659000273684,0.19996513035603733,0.8314422801273442
2021-12-23 23:40:00,0.5934449093444909,0.2828685258964143,-0.34683544303797476,-0.24763435100874842,0.59436468571279,0.000556792873051225,0.5,-0.5282488994314298,0.5333800756881331,0.704321838013472,0.5906659000273684,0.19996513035603733,0.8268328379377462
2021-12-23 23:50:00,0.5746164574616458,0.394422310756972,-0.3492181682799703,-0.2544188537761113,0.59436468571279,0.000556792873051225,0.5,-0.5282488994314298,0.5333800756881331,0.704321838013472,0.5906659000273684,0.19996513035603733,0.7842992289934667
2021-12-24 00:00:00,0.5836820083682008,0.1633466135458166,-0.35100521221146697,-0.2590608819853597,0.59436468571279,0.000556792873051225,0.5,-0.5334562505857636,0.5428856316108592,0.7261937235378554,0.5600048039035238,0.20647879158556695,0.7959624002293405
2021-12-24 00:10:00,0.6150627615062761,0.027888446215139417,-0.3521965748324647,-0.2654883056597036,0.59436468571279,0.00022271714922048998,0.5,-0.5334562505857636,0.5428856316108592,0.7261937235378554,0.5600048039035238,0.20647879158556695,0.8837077719269129
2021-12-24 00:20:00,0.592747559274756,0.01195219123505975,-0.3527922561429636,-0.26691662203178,0.59436468571279,0.00011135857461024499,0.5,-0.5334562505857636,0.5428856316108592,0.7261937235378554,0.5600048039035238,0.20647879158556695,0.8259577228902937
2021-12-24 00:30:00,0.5474198047419805,0.1633466135458166,-0.3569620253164557,-0.26977325477593284,0.59436468571279,0.00011135857461024499,0.5,-0.5334562505857636,0.5428856316108592,0.7261937235378554,0.5600048039035238,0.20647879158556695,0.7311284457654994
2021-12-24 00:40:00,0.500697350069735,0.13147410358565725,-0.3602382725241997,-0.2747723620782002,0.59436468571279,0.00011135857461024499,0.5,-0.5334562505857636,0.5428856316108592,0.7261937235378554,0.5600048039035238,0.20647879158556695,0.587066403126273
2021-12-24 00:50:00,0.48117154811715485,0.09960159362549792,-0.35755770662695463,-0.273701124799143,0.59436468571279,0.00011135857461024499,0.5,-0.5334562505857636,0.5428856316108592,0.7261937235378554,0.5600048039035238,0.20647879158556695,0.5303951597084962
2021-12-24 01:00:00,0.49023709902370993,0.19521912350597592,-0.353090096798213,-0.2690590965898947,0.59436468571279,0.00011135857461024499,0.5,-0.5924817133348654,0.5432045907122568,0.7917742525987702,0.5296463037168454,0.20449869563333936,0.5399158078971589
2021-12-24 01:10:00,0.47280334728033474,0.17131474103585642,-0.34981384959046924,-0.2654883056597036,0.59436468571279,0.00011135857461024499,0.5,-0.5924817133348654,0.5432045907122568,0.7917742525987702,0.5296463037168454,0.20449869563333936,0.5090227379030433
2021-12-24 01:20:00,0.49023709902370993,0.1872509960159361,-0.35011169024571853,-0.26941617568291376,0.59436468571279,0.00011135857461024499,0.5,-0.5924817133348654,0.5432045907122568,0.7917742525987702,0.5296463037168454,0.20449869563333936,0.53600796656457
2021-12-24 01:30:00,0.4609483960948396,0.29083665338645415,-0.3450483991064781,-0.26584538475272257,0.59436468571279,0.00011135857461024499,0.5,-0.5924817133348654,0.5432045907122568,0.7917742525987702,0.5296463037168454,0.20449869563333936,0.4593448707696486
2021-12-24 01:40:00,0.4511854951185495,0.19521912350597592,-0.35338793745346253,-0.27227280842706647,0.59436468571279,0.00011135857461024499,0.5,-0.5924817133348654,0.5432045907122568,0.7917742525987702,0.5296463037168454,0.20449869563333936,0.43731611267860643
2021-12-24 01:50:00,0.42747559274755925,0.20318725099601576,-0.36530156366344013,-0.2926263167291554,0.59436468571279,0.00011135857461024499,0.5,-0.5924817133348654,0.5432045907122568,0.7917742525987702,0.5296463037168454,0.20449869563333936,0.387457187259532
2021-12-24 02:00:00,0.45397489539748953,0.043824701195219085,-0.3670886075949368,-0.30333868951972864,0.59436468571279,0.00011135857461024499,0.5,-0.6029167610281156,0.5555807785475568,0.8104515635357148,0.5073754868432989,0.2000541488406485,0.4418501139158381
2021-12-24 02:10:00,0.500697350069735,0.003984063745019917,-0.3670886075949368,-0.30976611319407255,0.59436468571279,0.00011135857461024499,0.5,-0.6029167610281156,0.5555807785475568,0.8104515635357148,0.5073754868432989,0.2000541488406485,0.5437859287535646
2021-12-24 02:20:00,0.4679218967921897,0.17928286852589648,-0.3670886075949368,-0.31405106231030167,0.59436468571279,0.00011135857461024499,0.5,-0.6029167610281156,0.5555807785475568,0.8104515635357148,0.5073754868432989,0.2000541488406485,0.45561054362750275
2021-12-24 02:30:00,0.4170153417015342,0.2828685258964143,-0.3670886075949368,-0.3169076950544545,0.59436468571279,0.00011135857461024499,0.5,-0.6029167610281156,0.5555807785475568,0.8104515635357148,0.5073754868432989,0.2000541488406485,0.3701812091675845
2021-12-24 02:40:00,0.40027894002789405,0.25099601593625476,-0.36976917349218186,-0.3211926441706838,0.59436468571279,0.00011135857461024499,0.5,-0.6029167610281156,0.5555807785475568,0.8104515635357148,0.5073754868432989,0.2000541488406485,0.32778339393756506
2021-12-24 02:50:00,0.39191073919107394,0.24302788844621515,-0.37006701414743126,-0.3265488305659704,0.59436468571279,0.00011135857461024499,0.5,-0.6029167610281156,0.5555807785475568,0.8104515635357148,0.5073754868432989,0.2000541488406485,0.31952260965342427
2021-12-24 03:00:00,0.4344490934449094,0.043824701195219085,-0.37006701414743126,-0.3279771469380467,0.5994686628888511,0.00011135857461024499,0.5,-0.6011314368544302,0.5566267345197067,0.8153151388037649,0.49316825952212673,0.19311930828762255,0.3725349668814219
2021-12-24 03:10:00,0.4246861924686192,-0.50597609561753,-0.37006701414743126,-0.32762006784502773,0.605632696863017,0.00011135857461024499,0.5,-0.6011314368544302,0.5566267345197067,0.8153151388037649,0.49316825952212673,0.19311930828762255,0.33932585964965223
2021-12-24 03:20:00,0.4393305439330544,-0.13147410358565736,-0.37006701414743126,-0.32762006784502773,0.605632696863017,0.00011135857461024499,0.5,-0.6011314368544302,0.5566267345197067,0.8153151388037649,0.49316825952212673,0.19311930828762255,0.3713731762149765
2021-12-24 03:30:00,0.45327754532775455,-0.03585657370517936,-0.37006701414743126,-0.33226209605427603,0.605632696863017,0.00011135857461024499,0.5,-0.6011314368544302,0.5566267345197067,0.8153151388037649,0.49316825952212673,0.19311930828762255,0.4023944958281153
2021-12-24 03:40:00,0.4721059972105997,0.13147410358565725,-0.37006701414743126,-0.3372612033565434,0.605632696863017,0.00011135857461024499,0.5,-0.6011314368544302,0.5566267345197067,0.8153151388037649,0.49316825952212673,0.19311930828762255,0.427901081823257
2021-12-24 03:50:00,0.49860529986053004,0.13147410358565725,-0.37006701414743126,-0.33833244063560075,0.605632696863017,0.00011135857461024499,0.5,-0.6011314368544302,0.5566267345197067,0.8153151388037649,0.49316825952212673,0.19311930828762255,0.46827707952985204
2021-12-24 04:00:00,0.5076708507670851,0.09163346613545809,-0.37066269545793007,-0.33833244063560075,0.605632696863017,0.00011135857461024499,0.5,-0.6432950784514695,0.5717384995129428,0.8560575999894491,0.4787058553163858,0.19008642324725003,0.4846175898124538
2021-12-24 04:10:00,0.4776847977684798,0.2350597609561753,-0.3721518987341773,-0.33833244063560075,0.605632696863017,0.00011135857461024499,0.5,-0.6432950784514695,0.5717384995129428,0.8560575999894491,0.4787058553163858,0.19008642324725003,0.43113749867978335
2021-12-24 04:20:00,0.4602510460251046,0.25099601593625476,-0.37602382725242,-0.33833244063560075,0.605632696863017,0.00011135857461024499,0.5,-0.6432950784514695,0.5717384995129428,0.8560575999894491,0.4787058553163858,0.19008642324725003,0.4090634760173213
2021-12-24 04:30:00,0.4504881450488145,0.1633466135458166,-0.37602382725242,-0.3386895197286198,0.605632696863017,0.00011135857461024499,0.5,-0.6432950784514695,0.5717384995129428,0.8560575999894491,0.4787058553163858,0.19008642324725003,0.3742625646906167
2021-12-24 04:40:00,0.4198047419804742,0.1633466135458166,-0.37810871183916617,-0.3386895197286198,0.605632696863017,0.00011135857461024499,0.5,-0.6432950784514695,0.5717384995129428,0.8560575999894491,0.4787058553163858,0.19008642324725003,0.3341053457458847
2021-12-24 04:50:00,0.4086471408647141,0.17928286852589648,-0.3790022338049145,-0.34618818068202095,0.605632696863017,0.00011135857461024499,0.5,-0.6432950784514695,0.5717384995129428,0.8560575999894491,0.4787058553163858,0.19008642324725003,0.311073222988367
2021-12-24 05:00:00,0.37308228730822873,0.13147410358565725,-0.3801935964259122,-0.3486877343331547,0.605632696863017,0.00011135857461024499,0.5,-0.6468555541065492,0.5732384693411362,0.8668540472156882,0.4735474127810774,0.18738279445084188,0.256567134903511
2021-12-24 05:10:00,0.36262203626220363,0.13147410358565725,-0.3825763216679078,-0.3490448134261739,0.605632696863017,0.00011135857461024499,0.5,-0.6468555541065492,0.5732384693411362,0.8668540472156882,0.4735474127810774,0.18738279445084188,0.2433046154774658
2021-12-24 05:20:00,0.36750348675034866,0.043824701195219085,-0.3843633655994044,-0.3490448134261739,0.605632696863017,0.00011135857461024499,0.5,-0.6468555541065492,0.5732384693411362,0.8668540472156882,0.4735474127810774,0.18738279445084188,0.24275389652518972
2021-12-24 05:30:00,0.3263598326359832,0.043824701195219085,-0.38495904690990335,-0.35618639528655593,0.605632696863017,0.00011135857461024499,0.5,-0.6468555541065492,0.5732384693411362,0.8668540472156882,0.4735474127810774,0.18738279445084188,0.19109947643979058
2021-12-24 05:40:00,0.32914923291492326,-0.05179282868525903,-0.38495904690990335,-0.359757186216747,0.605632696863017,0.00011135857461024499,0.5,-0.6468555541065492,0.5732384693411362,0.8668540472156882,0.4735474127810774,0.18738279445084188,0.19300058843942847
2021-12-24 05:50:00,0.3354253835425383,0.05976095617529875,-0.38495904690990335,-0.359757186216747,0.605632696863017,0.00011135857461024499,0.5,-0.6468555541065492,0.5732384693411362,0.8668540472156882,0.4735474127810774,0.18738279445084188,0.1970442234862773
2021-12-24 06:00:00,0.33472803347280333,0.2111553784860556,-0.38495904690990335,-0.35904302803070876,0.605632696863017,0.00011135857461024499,0.5,-0.6841253302372773,0.5787900818086993,0.9097345945251554,0.5000635955041209,0.1853124079164668,0.19531662567708252
2021-12-24 06:10:00,0.30404463040446306,0.24302788844621515,-0.3879374534623977,-0.3697554008212819,0.605632696863017,0.00011135857461024499,0.5,-0.6841253302372773,0.5787900818086993,0.9097345945251554,0.5000635955041209,0.1853124079164668,0.1792552469182371
2021-12-24 06:20:00,0.33821478382147835,0.2111553784860556,-0.3879374534623977,-0.37225495447241563,0.605632696863017,0.00011135857461024499,0.5,-0.6841253302372773,0.5787900818086993,0.9097345945251554,0.5000635955041209,0.1853124079164668,0.21609306395883943
2021-12-24 06:30:00,0.31520223152022314,0.14741035856573692,-0.3879374534623977,-0.3740403499375111,0.605632696863017,0.00011135857461024499,0.5,-0.6841253302372773,0.5787900818086993,0.9097345945251554,0.5000635955041209,0.1853124079164668,0.18944731958296243
2021-12-24 06:40:00,0.2789400278940028,0.2749003984063745,-0.38883097542814604,-0.37546866630958753,0.605632696863017,0.00011135857461024499,0.5,-0.6841253302372773,0.5787900818086993,0.9097345945251554,0.5000635955041209,0.1853124079164668,0.1523530033043137
2021-12-24 06:50:00,0.2719665271966527,0.31474103585657365,-0.39240506329113933,-0.3822531690769505,0.605632696863017,0.00011135857461024499,0.5,-0.6841253302372773,0.5787900818086993,0.9097345945251554,0.5000635955041209,0.1853124079164668,0.14665721140063673
2021-12-24 07:00:00,0.2391910739191074,0.41035856573705165,-0.394192107222636,-0.38475272272808425,0.6079491172736909,0.00011135857461024499,0.5,-0.6822199349414637,0.6068757237641789,0.9083478820836627,0.4840474918007472,0.19669338552304003,0.11445901293057924
2021-12-24 07:10:00,0.28521617852161785,-0.4581673306772909,-0.39687267311988095,-0.383681485449027,0.6194265223593463,0.00011135857461024499,0.5,-0.6822199349414637,0.6068757237641789,0.9083478820836627,0.4840474918007472,0.19669338552304003,0.14066719978273007
2021-12-24 07:20:00,0.29358437935843795,-0.003984063745020028,-0.39687267311988095,-0.3808248527048741,0.6137728861027862,0.00011135857461024499,0.5,-0.6822199349414637,0.6068757237641789,0.9083478820836627,0.4840474918007472,0.19669338552304003,0.15524993587519048
2021-12-24 07:30:00,0.30404463040446306,-0.11553784860557781,-0.3983618763961282,-0.38475272272808425,0.6194265223593463,0.00011135857461024499,0.5,-0.6822199349414637,0.6068757237641789,0.9083478820836627,0.4840474918007472,0.19669338552304003,0.1656079786351223
2021-12-24 07:40:00,0.2775453277545328,0.05976095617529875,-0.4019359642591215,-0.38653811819317974,0.6194265223593463,0.00011135857461024499,0.5,-0.6822199349414637,0.6068757237641789,0.9083478820836627,0.4840474918007472,0.19669338552304003,0.13670654978348448
2021-12-24 07:50:00,0.2398884239888424,0.49003984063745,-0.4028294862248698,-0.3901089091233708,0.6194265223593463,0.00011135857461024499,0.5,-0.6822199349414637,0.6068757237641789,0.9083478820836627,0.4840474918007472,0.19669338552304003,0.10937429274107156
2021-12-24 08:00:00,0.25383542538354253,0.4581673306772909,-0.4028294862248698,-0.3954650955186574,0.6194265223593463,0.00011135857461024499,0.5,-0.6814208949767913,0.6105020876016864,0.9093842071016671,0.48816612356457956,0.1926685761765812,0.11796701721562533
2021-12-24 08:10:00,0.23500697350069735,0.14741035856573692,-0.4058078927773642,-0.3968934118907338,0.631492847888393,0.00011135857461024499,0.5,-0.6814208949767913,0.6105020876016864,0.9093842071016671,0.48816612356457956,0.1926685761765812,0.10329375198032499
2021-12-24 08:20:00,0.2705718270571827,-0.10756972111553798,-0.40878629932985866,-0.3954650955186574,0.6333250448233894,0.00011135857461024499,0.5,-0.6814208949767913,0.6105020876016864,0.9093842071016671,0.48816612356457956,0.1926685761765812,0.13054302397513465
2021-12-24 08:30:00,0.2873082287308229,-0.2749003984063746,-0.4111690245718541,-0.3954650955186574,0.6333250448233894,0.00011135857461024499,0.5,-0.6814208949767913,0.6105020876016864,0.9093842071016671,0.48816612356457956,0.1926685761765812,0.14773601701947886
2021-12-24 08:40:00,0.25732217573221755,-0.3067729083665339,-0.41563663440059584,-0.39796464916979113,0.6302888327596812,0.00011135857461024499,0.5,-0.6814208949767913,0.6105020876016864,0.9093842071016671,0.48816612356457956,0.1926685761765812,0.11824614873938169
2021-12-24 08:50:00,0.2775453277545328,0.3067729083665336,-0.4177215189873419,-0.39903588644884846,0.6195443064480245,0.00011135857461024499,0.5,-0.6814208949767913,0.6105020876016864,0.9093842071016671,0.48816612356457956,0.1926685761765812,0.14308885435369736
2021-12-24 09:00:00,0.2775453277545328,0.2669322709163344,-0.42010424422933734,-0.4018925191930012,0.6195443064480245,0.00011135857461024499,0.5,-0.6804020247993562,0.6308062768852364,0.911677894155099,0.4815551572451975,0.18401844825301633,0.13866801454501562
2021-12-24 09:10:00,0.2601115760111576,0.3067729083665336,-0.42069992553983626,-0.4051062310301732,0.6195443064480245,0.00011135857461024499,0.5,-0.6804020247993562,0.6308062768852364,0.911677894155099,0.4815551572451975,0.18401844825301633,0.13006020187998854
2021-12-24 09:20:00,0.2691771269177127,0.31474103585657365,-0.42069992553983626,-0.40582038921621133,0.6195443064480245,0.00011135857461024499,0.5,-0.6804020247993562,0.6308062768852364,0.911677894155099,0.4815551572451975,0.18401844825301633,0.12878524978499328
2021-12-24 09:30:00,0.2524407252440725,0.3705179282868525,-0.4180193596425913,-0.40403499375111596,0.6195443064480245,0.00011135857461024499,0.5,-0.6804020247993562,0.6308062768852364,0.911677894155099,0.4815551572451975,0.18401844825301633,0.11849510388219141
2021-12-24 09:40:00,0.23221757322175732,0.49800796812749004,-0.4174236783320924,-0.40546331012319237,0.6195443064480245,0.00011135857461024499,0.5,-0.6804020247993562,0.6308062768852364,0.911677894155099,0.4815551572451975,0.18401844825301633,0.10681684445584441
2021-12-24 09:50:00,0.3103207810320781,0.5697211155378485,-0.41236038719285195,-0.404749151937154,0.6213895905039851,0.00011135857461024499,0.5,-0.6804020247993562,0.6308062768852364,0.911677894155099,0.4815551572451975,0.18401844825301633,0.17414789444301945
2021-12-24 10:00:00,0.31659693165969316,-0.07569721115537853,-0.4102755026061059,-0.4001071237279057,0.6334428289120676,0.00011135857461024499,0.5,-0.5249592175098384,0.6460071205464255,0.7527799241068196,0.44079357689782317,0.18808207463600704,0.18205410625103732
2021-12-24 10:10:00,0.29497907949790797,0.1872509960159361,-0.4078927773641102,-0.3968934118907338,0.6334428289120676,0.00011135857461024499,0.5,-0.5249592175098384,0.6460071205464255,0.7527799241068196,0.44079357689782317,0.18808207463600704,0.1850792884409373
2021-12-24 10:20:00,0.296373779637378,0.22709163346613526,-0.4132539091586003,-0.39617925370469553,0.6334428289120676,0.00022271714922048998,0.5,-0.5249592175098384,0.6460071205464255,0.7527799241068196,0.44079357689782317,0.18808207463600704,0.1867767098691854
2021-12-24 10:30:00,0.2824267782426778,0.14741035856573692,-0.4177215189873419,-0.39725049098375276,0.6334428289120676,0.00011135857461024499,0.5,-0.5249592175098384,0.6460071205464255,0.7527799241068196,0.44079357689782317,0.18808207463600704,0.1833969552031625
2021-12-24 10:40:00,0.31241283124128316,-0.03585657370517936,-0.4230826507818318,-0.4001071237279057,0.63931894622502,0.00011135857461024499,0.5,-0.5249592175098384,0.6460071205464255,0.7527799241068196,0.44079357689782317,0.18808207463600704,0.1816769014892044
2021-12-24 10:50:00,0.2615062761506276,0.21912350597609564,-0.425167535368578,-0.4004642028209249,0.6334559160330319,0.00011135857461024499,0.5,-0.5249592175098384,0.6460071205464255,0.7527799241068196,0.44079357689782317,0.18808207463600704,0.1423947975919248
2021-12-24 11:00:00,0.30264993026499304,-0.003984063745020028,-0.42069992553983626,-0.4015354400999822,0.6334559160330319,0.00011135857461024499,0.5,-0.5064057610124397,0.6569982787702544,0.691004706452569,0.41813676260756577,0.21120158762351862,0.17696184196629297
2021-12-24 11:10:00,0.31450488145048816,-0.059760956175298974,-0.4153387937453463,-0.39903588644884846,0.6334559160330319,0.00011135857461024499,0.5,-0.5064057610124397,0.6569982787702544,0.691004706452569,0.41813676260756577,0.21120158762351862,0.19559575720083888
2021-12-24 11:20:00,0.36750348675034866,-0.03585657370517936,-0.4058078927773642,-0.394036779146581,0.6334559160330319,0.00011135857461024499,0.5,-0.5064057610124397,0.6569982787702544,0.691004706452569,0.41813676260756577,0.21120158762351862,0.26277592528328075
2021-12-24 11:30:00,0.37377963737796377,-0.019920318725099695,-0.3998510796723753,-0.38510980182110344,0.6334559160330319,0.00011135857461024499,0.5,-0.5064057610124397,0.6569982787702544,0.691004706452569,0.41813676260756577,0.21120158762351862,0.2730283507098994
2021-12-24 11:40:00,0.37517433751743373,0.01195219123505975,-0.3909158600148921,-0.3793965363327976,0.6334559160330319,0.00011135857461024499,0.5,-0.5064057610124397,0.6569982787702544,0.691004706452569,0.41813676260756577,0.21120158762351862,0.2761893266140592
2021-12-24 11:50:00,0.29288702928870297,0.3067729083665336,-0.38168279970215946,-0.37546866630958753,0.6334559160330319,0.00011135857461024499,0.5,-0.5064057610124397,0.6569982787702544,0.691004706452569,0.41813676260756577,0.21120158762351862,0.1793080555848937
2021-12-24 12:00:00,0.32217573221757323,0.1394422310756971,-0.3724497393894267,-0.3740403499375111,0.6334559160330319,0.00011135857461024499,0.5,-0.5019607614243504,0.6661503935265685,0.6587551139380516,0.4345383031973814,0.2456472766002987,0.2226564268147321
2021-12-24 12:10:00,0.3235704323570432,0.33864541832669315,-0.3650037230081906,-0.37082663810033933,0.6346730182827081,0.00011135857461024499,0.5,-0.5019607614243504,0.6661503935265685,0.6587551139380516,0.4345383031973814,0.2456472766002987,0.2094995247220001
2021-12-24 12:20:00,0.3361227336122734,-0.15537848605577698,-0.3602382725241997,-0.36225673986788076,0.6352750258470639,0.00011135857461024499,0.5,-0.5019607614243504,0.6661503935265685,0.6587551139380516,0.4345383031973814,0.2456472766002987,0.22289783786230516
2021-12-24 12:30:00,0.33333333333333337,0.07569721115537842,-0.3513030528667165,-0.3579717907516514,0.6362042114355263,0.00011135857461024499,0.5,-0.5019607614243504,0.6661503935265685,0.6587551139380516,0.4345383031973814,0.2456472766002987,0.23730705976432248
2021-12-24 12:40:00,0.3577405857740586,0.09960159362549792,-0.34266567386448255,-0.3519014461703267,0.642302809804871,0.00011135857461024499,0.5,-0.5019607614243504,0.6661503935265685,0.6587551139380516,0.4345383031973814,0.2456472766002987,0.2539945984278106
2021-12-24 12:50:00,0.35006973500697347,-0.2509960159362551,-0.33849590469099045,-0.3451169434029637,0.640130347724804,0.00011135857461024499,0.5,-0.5019607614243504,0.6661503935265685,0.6587551139380516,0.4345383031973814,0.2456472766002987,0.24029452147803912
2021-12-24 13:00:00,0.3354253835425383,-0.17928286852589637,-0.3295606850335072,-0.34011783610069624,0.6426299878289774,0.00011135857461024499,0.5,-0.3404830794774105,0.6513920696997487,0.48647876110717353,0.3973583575753016,0.2659959360774055,0.21265295653092325
2021-12-24 13:10:00,0.32496513249651326,0.1872509960159361,-0.3209233060312734,-0.3376182824495625,0.637800840193166,0.00011135857461024499,0.5,-0.3404830794774105,0.6513920696997487,0.48647876110717353,0.3973583575753016,0.2659959360774055,0.2090242467220906
2021-12-24 13:20:00,0.3103207810320781,0.10756972111553775,-0.3134772896500374,-0.33511872879842897,0.6416615408776223,0.00011135857461024499,0.5,-0.3404830794774105,0.6513920696997487,0.48647876110717353,0.3973583575753016,0.2659959360774055,0.18876080691642652
2021-12-24 13:30:00,0.3158995815899582,-0.01195219123505975,-0.30364854802680574,-0.33476164970540967,0.6388870712331994,0.00011135857461024499,0.5,-0.3404830794774105,0.6513920696997487,0.48647876110717353,0.3973583575753016,0.2659959360774055,0.19493942091524963
2021-12-24 13:40:00,0.300557880055788,0.3067729083665336,-0.2944154877140731,-0.3311908587752187,0.6406014840795173,0.00011135857461024499,0.5,-0.3404830794774105,0.6513920696997487,0.48647876110717353,0.3973583575753016,0.2659959360774055,0.18151847548923458
2021-12-24 13:50:00,0.29567642956764295,-0.20318725099601598,-0.28816083395383485,-0.3261917514729513,0.6422111999581213,0.00011135857461024499,0.5,-0.3404830794774105,0.6513920696997487,0.48647876110717353,0.3973583575753016,0.2659959360774055,0.1718997540624953
2021-12-24 14:00:00,0.32914923291492326,0.2749003984063745,-0.28131049888309767,-0.32404927691483665,0.6519087565926371,0.00011135857461024499,0.5,-0.33401764978789106,0.6400733318582686,0.4750955449310683,0.361451783030666,0.2774460465442799,0.21010305234093277
2021-12-24 14:10:00,0.3110181311018131,0.20318725099601576,-0.27654504839910654,-0.3211926441706838,0.6528772035439924,0.00011135857461024499,0.5,-0.33401764978789106,0.6400733318582686,0.4750955449310683,0.361451783030666,0.2774460465442799,0.1863240641549859
2021-12-24 14:20:00,0.28591352859135283,0.1872509960159361,-0.26939687267312007,-0.31619353686841634,0.6550496656240593,0.00011135857461024499,0.5,-0.33401764978789106,0.6400733318582686,0.4750955449310683,0.361451783030666,0.2774460465442799,0.15583837530364983
2021-12-24 14:30:00,0.24686192468619247,-0.003984063745020028,-0.26492926284437834,-0.31476522049634004,0.6512151391815315,0.00011135857461024499,0.5,-0.33401764978789106,0.6400733318582686,0.4750955449310683,0.361451783030666,0.2774460465442799,0.12142221283401482
2021-12-24 14:40:00,0.29497907949790797,-0.12350597609561753,-0.2586746090841401,-0.3133369041242635,0.652916464906885,0.00011135857461024499,0.5,-0.33401764978789106,0.6400733318582686,0.4750955449310683,0.361451783030666,0.2774460465442799,0.1643405706353637
2021-12-24 14:50:00,0.29218967921896793,-0.13147410358565736,-0.2551005212211468,-0.31083735047312977,0.652916464906885,0.00011135857461024499,0.5,-0.33401764978789106,0.6400733318582686,0.4750955449310683,0.361451783030666,0.2774460465442799,0.15603452177980295
2021-12-24 15:00:00,0.28103207810320785,-0.01195219123505975,-0.24944154877140734,-0.3069094804499196,0.652916464906885,0.00011135857461024499,0.5,-0.32816294851984007,0.6209817618611126,0.46460725602516095,0.3384046136528965,0.28221624586032595,0.14412993949635622
2021-12-24 15:10:00,0.2894002789400279,-0.059760956175298974,-0.24259121370067016,-0.30619532226388146,0.649932601327034,0.00011135857461024499,0.5,-0.32816294851984007,0.6209817618611126,0.46460725602516095,0.3384046136528965,0.28221624586032595,0.14640071216259035
2021-12-24 15:20:00,0.29707112970711297,0.05179282868525892,-0.2396128071481759,-0.30333868951972864,0.652916464906885,0.00011135857461024499,0.5,-0.32816294851984007,0.6209817618611126,0.46460725602516095,0.3384046136528965,0.28221624586032595,0.16688293073011753
2021-12-24 15:30:00,0.27475592747559274,0.346613545816733,-0.2360387192851825,-0.30298161042670946,0.6529295520278493,0.00011135857461024499,0.5,-0.32816294851984007,0.6209817618611126,0.46460725602516095,0.3384046136528965,0.28221624586032595,0.1378230758785099
2021-12-24 15:40:00,0.27266387726638774,-0.003984063745020028,-0.23127326880119148,-0.30333868951972864,0.6529295520278493,0.00011135857461024499,0.5,-0.32816294851984007,0.6209817618611126,0.46460725602516095,0.3384046136528965,0.28221624586032595,0.13386996997450096
2021-12-24 15:50:00,0.2824267782426778,0.20318725099601576,-0.2279970215934476,-0.2976254240314229,0.6529295520278493,0.00011135857461024499,0.5,-0.32816294851984007,0.6209817618611126,0.46460725602516095,0.3384046136528965,0.28221624586032595,0.14806795720989183
2021-12-24 16:00:00,0.303347280334728,0.12350597609561742,-0.22472077438570381,-0.29548294947330833,0.6555993247045583,0.00011135857461024499,0.5,-0.2959417294844313,0.6271626720152172,0.4267190003191912,0.3369277520061741,0.2846278029519171,0.1680296332060896
2021-12-24 16:10:00,0.2873082287308229,-0.17928286852589637,-0.22352941176470598,-0.29476879128727007,0.6555731504626298,0.00011135857461024499,0.5,-0.2959417294844313,0.6271626720152172,0.4267190003191912,0.3369277520061741,0.2846278029519171,0.14968993768577335
2021-12-24 16:20:00,0.28103207810320785,0.15537848605577675,-0.2211466865227104,-0.29012676307802165,0.6529295520278493,0.00011135857461024499,0.5,-0.2959417294844313,0.6271626720152172,0.4267190003191912,0.3369277520061741,0.2846278029519171,0.1479849721622886
2021-12-24 16:30:00,0.23640167364016737,-0.08366533864541836,-0.2211466865227104,-0.2926263167291554,0.6637918624281844,0.00011135857461024499,0.5,-0.2959417294844313,0.6271626720152172,0.4267190003191912,0.3369277520061741,0.2846278029519171,0.11205244655008526
2021-12-24 16:40:00,0.2608089260808926,-0.003984063745020028,-0.2211466865227104,-0.29012676307802165,0.6647210480166468,0.00011135857461024499,0.5,-0.2959417294844313,0.6271626720152172,0.4267190003191912,0.3369277520061741,0.2846278029519171,0.13069390587986784
2021-12-24 16:50:00,0.2789400278940028,0.29083665338645415,-0.22174236783320933,-0.29512587038028915,0.6676002146287838,0.00011135857461024499,0.5,-0.2959417294844313,0.6271626720152172,0.4267190003191912,0.3369277520061741,0.2846278029519171,0.14477873168670882
2021-12-24 17:00:00,0.31450488145048816,0.01195219123505975,-0.22531645569620262,-0.29548294947330833,0.6680975252254256,0.00011135857461024499,0.5,-0.2999886933026663,0.6300390509386324,0.428670669681292,0.3525912369662765,0.29051165641603865,0.1820239298700907
2021-12-24 17:10:00,0.28103207810320785,-0.1394422310756973,-0.2318689501116903,-0.2944117121942511,0.673109892554737,0.00011135857461024499,0.5,-0.2999886933026663,0.6300390509386324,0.428670669681292,0.3525912369662765,0.29051165641603865,0.14400923397256965
2021-12-24 17:20:00,0.2733612273361227,0.346613545816733,-0.23454951600893525,-0.2986966613104802,0.6702045517006714,0.00011135857461024499,0.5,-0.2999886933026663,0.6300390509386324,0.428670669681292,0.3525912369662765,0.29051165641603865,0.13867555864025227
2021-12-24 17:30:00,0.2684797768479777,-0.03585657370517936,-0.24199553239017135,-0.30333868951972864,0.6761853659813378,0.00011135857461024499,0.5,-0.2999886933026663,0.6300390509386324,0.428670669681292,0.3525912369662765,0.29051165641603865,0.13638969778354482
2021-12-24 17:40:00,0.2622036262203626,-0.3227091633466136,-0.2521221146686523,-0.30833779682199614,0.6813809530041486,0.00011135857461024499,0.5,-0.2999886933026663,0.6300390509386324,0.428670669681292,0.3525912369662765,0.29051165641603865,0.12476424702385443
2021-12-24 17:50:00,0.26638772663877264,-0.20318725099601598,-0.2628443782576322,-0.31476522049634004,0.6813809530041486,0.00011135857461024499,0.5,-0.2999886933026663,0.6300390509386324,0.428670669681292,0.3525912369662765,0.29051165641603865,0.13196131387962642
2021-12-24 18:00:00,0.24895397489539747,-0.4900398406374503,-0.27654504839910654,-0.3172647741474738,0.6809359908913639,0.00011135857461024499,0.5,-0.46341456255922253,0.6384296867591754,0.5497753678021731,0.3226310296989844,0.28831502434350503,0.11443638064486926
2021-12-24 18:10:00,0.2608089260808926,0.09960159362549792,-0.2914370811615786,-0.3244063560078556,0.6675216919029984,0.00011135857461024499,0.5,-0.46341456255922253,0.6384296867591754,0.5497753678021731,0.3226310296989844,0.28831502434350503,0.12895121988019978
2021-12-24 18:20:00,0.25871687587168757,0.01195219123505975,-0.30364854802680574,-0.33190501696125685,0.6675086047820339,0.00011135857461024499,0.5,-0.46341456255922253,0.6384296867591754,0.5497753678021731,0.3226310296989844,0.28831502434350503,0.12638622749973596
2021-12-24 18:30:00,0.3926080892608089,-0.3227091633466136,-0.3137751303052868,-0.3261917514729513,0.6650482260407532,0.00011135857461024499,0.5,-0.46341456255922253,0.6384296867591754,0.5497753678021731,0.3226310296989844,0.28831502434350503,0.26977684566289967
2021-12-24 18:40:00,0.32914923291492326,0.12350597609561742,-0.3218168279970217,-0.32833422603106577,0.656345290599521,0.00011135857461024499,0.5,-0.46341456255922253,0.6384296867591754,0.5497753678021731,0.3226310296989844,0.28831502434350503,0.19389079167735412
2021-12-24 18:50:00,0.3891213389121339,-0.1394422310756973,-0.3289650037230083,-0.3308337796821995,0.656345290599521,0.00011135857461024499,0.5,-0.46341456255922253,0.6384296867591754,0.5497753678021731,0.3226310296989844,0.28831502434350503,0.27465787528101754
2021-12-24 19:00:00,0.4393305439330544,0.09163346613545809,-0.33551749813849596,-0.32833422603106577,0.656345290599521,0.00011135857461024499,0.5,-0.4825899541161549,0.6554868149203907,0.5876222821038515,0.37774468019720925,0.2736041294226687,0.35155483802827525
2021-12-24 19:10:00,0.38772663877266383,-0.15537848605577698,-0.34177215189873433,-0.3294054633101231,0.656345290599521,0.00011135857461024499,0.5,-0.4825899541161549,0.6554868149203907,0.5876222821038515,0.37774468019720925,0.2736041294226687,0.27979540413718185
2021-12-24 19:20:00,0.3891213389121339,-0.1633466135458168,-0.3495160089352197,-0.3315479378682379,0.656345290599521,0.00011135857461024499,0.5,-0.4825899541161549,0.6554868149203907,0.5876222821038515,0.37774468019720925,0.2736041294226687,0.27735111728050454
2021-12-24 19:30:00,0.2914923291492329,0.043824701195219085,-0.35368577810871193,-0.3376182824495625,0.6477339650050385,0.00011135857461024499,0.5,-0.4825899541161549,0.6554868149203907,0.5876222821038515,0.37774468019720925,0.2736041294226687,0.1653891998732592
2021-12-24 19:40:00,0.28103207810320785,-0.043824701195219196,-0.3593447505584514,-0.3519014461703267,0.6450641923283297,0.00011135857461024499,0.5,-0.4825899541161549,0.6554868149203907,0.5876222821038515,0.37774468019720925,0.2736041294226687,0.15902198349351962
2021-12-24 19:50:00,0.299860529986053,-0.33864541832669326,-0.36291883842144457,-0.3540439207284414,0.6450641923283297,0.00011135857461024499,0.5,-0.4825899541161549,0.6554868149203907,0.5876222821038515,0.37774468019720925,0.2736041294226687,0.18661828386921558
2021-12-24 20:00:00,0.34309623430962344,0.027888446215139417,-0.3670886075949368,-0.3501160507052312,0.6338747039038882,0.00011135857461024499,0.5,-0.4955564012416689,0.6651705281790313,0.6181508801470842,0.4225550791674897,0.251435136717367,0.22821642500414926
2021-12-24 20:10:00,0.37796373779637377,0.2589641434262948,-0.36947133283693234,-0.35618639528655593,0.631191844106215,0.00011135857461024499,0.5,-0.4955564012416689,0.6651705281790313,0.6181508801470842,0.4225550791674897,0.251435136717367,0.2846990660410097
2021-12-24 20:20:00,0.3577405857740586,0.13147410358565725,-0.36976917349218186,-0.3551151580074986,0.631191844106215,0.00011135857461024499,0.5,-0.4955564012416689,0.6651705281790313,0.6181508801470842,0.4225550791674897,0.251435136717367,0.24914751723825762
2021-12-24 20:30:00,0.33751743375174337,0.003984063745019917,-0.37006701414743126,-0.3540439207284414,0.631191844106215,0.00011135857461024499,0.5,-0.4955564012416689,0.6651705281790313,0.6181508801470842,0.4225550791674897,0.251435136717367,0.21359596843550555
2021-12-24 20:40:00,0.3458856345885635,-0.019920318725099695,-0.37006701414743126,-0.35582931619353686,0.631191844106215,0.00011135857461024499,0.5,-0.4955564012416689,0.6651705281790313,0.6181508801470842,0.4225550791674897,0.251435136717367,0.21919368710110598
2021-12-24 20:50:00,0.3284518828451883,-0.3466135458167332,-0.3718540580789278,-0.35618639528655593,0.631191844106215,0.00011135857461024499,0.5,-0.4955564012416689,0.6651705281790313,0.6181508801470842,0.4225550791674897,0.251435136717367,0.20372074777071988
2021-12-24 21:00:00,0.2907949790794979,-0.1394422310756973,-0.37393894266567396,-0.3586859489376897,0.631191844106215,0.00011135857461024499,0.5,-0.5036941548377156,0.6774001672380151,0.6421957256792387,0.46073169281195225,0.22794697775538306,0.16695082758724747
2021-12-24 21:10:00,0.2831241283124128,-0.5219123505976095,-0.37602382725242,-0.36511337261203347,0.6305505751789664,0.00011135857461024499,0.5,-0.5036941548377156,0.6774001672380151,0.6421957256792387,0.46073169281195225,0.22794697775538306,0.14676282873394994
2021-12-24 21:20:00,0.26429567642956764,0.10756972111553775,-0.37602382725242,-0.36689876807712907,0.6174241928518145,0.00011135857461024499,0.5,-0.5036941548377156,0.6774001672380151,0.6421957256792387,0.46073169281195225,0.22794697775538306,0.1337718967364244
2021-12-24 21:30:00,0.24198047419804744,0.10756972111553775,-0.37602382725242,-0.37368327084449204,0.6174241928518145,0.00011135857461024499,0.5,-0.5036941548377156,0.6774001672380151,0.6421957256792387,0.46073169281195225,0.22794697775538306,0.11116978740739625
2021-12-24 21:40:00,0.2510460251046025,-0.3227091633466136,-0.37602382725242,-0.37689698268166394,0.6174241928518145,0.00011135857461024499,0.5,-0.5036941548377156,0.6774001672380151,0.6421957256792387,0.46073169281195225,0.22794697775538306,0.11966443864387345
2021-12-24 21:50:00,0.25732217573221755,-0.49800796812749004,-0.37602382725242,-0.37653990358864486,0.6174241928518145,0.00011135857461024499,0.5,-0.5036941548377156,0.6774001672380151,0.6421957256792387,0.46073169281195225,0.22794697775538306,0.12620516921405617
2021-12-24 22:00:00,0.28103207810320785,-0.4183266932270917,-0.37602382725242,-0.3740403499375111,0.6174241928518145,0.00011135857461024499,0.5,-0.5754611314768782,0.6840006091831488,0.7070913316586261,0.48430235225693835,0.21019832169815672,0.1486337643526412
2021-12-24 22:10:00,0.303347280334728,-0.38645418326693237,-0.37840655249441557,-0.37368327084449204,0.6174241928518145,0.00011135857461024499,0.5,-0.5754611314768782,0.6840006091831488,0.7070913316586261,0.48430235225693835,0.21019832169815672,0.1750833622523651
2021-12-24 22:20:00,0.32914923291492326,-0.3705179282868527,-0.3790022338049145,-0.3683270844492056,0.6174241928518145,0.00011135857461024499,0.5,-0.5754611314768782,0.6840006091831488,0.7070913316586261,0.48430235225693835,0.21019832169815672,0.1990283205335184
2021-12-24 22:30:00,0.33472803347280333,-0.1394422310756973,-0.3790022338049145,-0.3643992144259953,0.6090876967975815,0.00011135857461024499,0.5,-0.5754611314768782,0.6840006091831488,0.7070913316586261,0.48430235225693835,0.21019832169815672,0.21588937338744965
2021-12-24 22:40:00,0.32566248256624825,0.346613545816733,-0.3790022338049145,-0.37189787537939656,0.6036434544764497,0.00011135857461024499,0.5,-0.5754611314768782,0.6840006091831488,0.7070913316586261,0.48430235225693835,0.21019832169815672,0.21190609110249406
2021-12-24 22:50:00,0.33403068340306835,0.2669322709163344,-0.3790022338049145,-0.3715407962863774,0.6036434544764497,0.00011135857461024499,0.5,-0.5754611314768782,0.6840006091831488,0.7070913316586261,0.48430235225693835,0.21019832169815672,0.21609306395883943
2021-12-24 23:00:00,0.303347280334728,0.31474103585657365,-0.3790022338049145,-0.3758257454026066,0.6036434544764497,0.00011135857461024499,0.5,-0.592369747013481,0.6926900895671656,0.7456963407911452,0.5053513487561695,0.2007498461455966,0.1774823845376224
2021-12-24 23:10:00,0.31729428172942814,0.24302788844621515,-0.3790022338049145,-0.37511158721656845,0.6036434544764497,0.00011135857461024499,0.5,-0.592369747013481,0.6926900895671656,0.7456963407911452,0.5053513487561695,0.2007498461455966,0.1924875899633357
2021-12-24 23:20:00,0.3096234309623431,0.31474103585657365,-0.37602382725242,-0.37368327084449204,0.6097289657248302,0.00011135857461024499,0.5,-0.592369747013481,0.6926900895671656,0.7456963407911452,0.5053513487561695,0.2007498461455966,0.1719902832053352
2021-12-24 23:30:00,0.298465829846583,-0.06772908366533881,-0.37602382725242,-0.3679700053561864,0.6174634542147074,0.00011135857461024499,0.5,-0.592369747013481,0.6926900895671656,0.7456963407911452,0.5053513487561695,0.2007498461455966,0.17788222158516528
2021-12-24 23:40:00,0.3110181311018131,0.2589641434262948,-0.37393894266567396,-0.37225495447241563,0.6174634542147074,0.00011135857461024499,0.5,-0.592369747013481,0.6926900895671656,0.7456963407911452,0.5053513487561695,0.2007498461455966,0.18166935739396775
2021-12-24 23:50:00,0.301952580195258,0.41035856573705165,-0.37006701414743126,-0.3740403499375111,0.6174634542147074,0.00011135857461024499,0.5,-0.592369747013481,0.6926900895671656,0.7456963407911452,0.5053513487561695,0.2007498461455966,0.16969687825339108
2021-12-25 00:00:00,0.2503486750348675,0.4581673306772909,-0.37006701414743126,-0.3740403499375111,0.6174634542147074,0.00011135857461024499,0.5,-0.5863643898402487,0.68656664952142,0.7463453754756956,0.5306371765795113,0.1988447133617758,0.12342139807172926
2021-12-25 00:10:00,0.32914923291492326,0.49800796812749004,-0.3673864482501863,-0.3740403499375111,0.6174634542147074,0.00011135857461024499,0.5,-0.5863643898402487,0.68656664952142,0.7463453754756956,0.5306371765795113,0.1988447133617758,0.20680628272251309
2021-12-25 00:20:00,0.3814504881450488,-0.01195219123505975,-0.3670886075949368,-0.3665416889841099,0.6296868251953253,0.00011135857461024499,0.5,-0.5863643898402487,0.68656664952142,0.7463453754756956,0.5306371765795113,0.1988447133617758,0.29213754394435476
2021-12-25 00:30:00,0.405160390516039,0.3067729083665336,-0.3682799702159346,-0.3586859489376897,0.6206959730928793,0.00011135857461024499,0.5,-0.5863643898402487,0.68656664952142,0.7463453754756956,0.5306371765795113,0.1988447133617758,0.34322615688700453
2021-12-25 00:40:00,0.44490934449093444,0.11553784860557759,-0.37006701414743126,-0.35761471165863234,0.6200547041656306,0.00011135857461024499,0.5,-0.5863643898402487,0.68656664952142,0.7463453754756956,0.5306371765795113,0.1988447133617758,0.4009535736379136
2021-12-25 00:50:00,0.4379358437935844,0.25099601593625476,-0.371258376768429,-0.3533297625424031,0.6200547041656306,0.00011135857461024499,0.5,-0.5863643898402487,0.68656664952142,0.7463453754756956,0.5306371765795113,0.1988447133617758,0.386529263545423
2021-12-25 01:00:00,0.42189679218967924,-0.03585657370517936,-0.37721518987341784,-0.35083020889126937,0.6200547041656306,0.00011135857461024499,0.5,-0.610296198781745,0.6958135899565242,0.7712441873161274,0.5623245855443214,0.1998682041930318,0.35553057621799417
2021-12-25 01:10:00,0.401673640167364,-0.03585657370517936,-0.3795979151154134,-0.3490448134261739,0.6200547041656306,0.00011135857461024499,0.5,-0.610296198781745,0.6958135899565242,0.7712441873161274,0.5623245855443214,0.1998682041930318,0.3232192163193868
2021-12-25 01:20:00,0.4344490934449094,-0.3466135458167332,-0.3843633655994044,-0.3458311015890019,0.6200547041656306,0.00011135857461024499,0.5,-0.610296198781745,0.6958135899565242,0.7712441873161274,0.5623245855443214,0.1998682041930318,0.3771217767853101
2021-12-25 01:30:00,0.45746164574616455,-0.33864541832669326,-0.38495904690990335,-0.3472594179610783,0.6200547041656306,0.00011135857461024499,0.5,-0.610296198781745,0.6958135899565242,0.7712441873161274,0.5623245855443214,0.1998682041930318,0.42511731068093006
2021-12-25 01:40:00,0.4351464435146444,-0.03585657370517936,-0.38495904690990335,-0.3490448134261739,0.6200547041656306,0.00011135857461024499,0.5,-0.610296198781745,0.6958135899565242,0.7712441873161274,0.5623245855443214,0.1998682041930318,0.397060820495798
2021-12-25 01:50:00,0.38633193863319387,0.24302788844621515,-0.3867460908413999,-0.35261560435636485,0.6200547041656306,0.00011135857461024499,0.5,-0.610296198781745,0.6958135899565242,0.7712441873161274,0.5623245855443214,0.1998682041930318,0.3141663020353969
2021-12-25 02:00:00,0.3898186889818689,0.05179282868525892,-0.3918093819806404,-0.35582931619353686,0.6268730941880095,0.00011135857461024499,0.5,-0.6080121458610651,0.6944371808613067,0.7664818097187047,0.5934890740129948,0.201459832179141,0.2963396049911734
2021-12-25 02:10:00,0.42538354253835425,-0.2589641434262948,-0.3959791511541326,-0.35297268344938415,0.6313358024368219,0.00011135857461024499,0.5,-0.6080121458610651,0.6944371808613067,0.7664818097187047,0.5934890740129948,0.201459832179141,0.37244443773858205
2021-12-25 02:20:00,0.45536959553695955,-0.3784860557768924,-0.40163812360387197,-0.35582931619353686,0.6313358024368219,0.00011135857461024499,0.5,-0.6080121458610651,0.6944371808613067,0.7664818097187047,0.5934890740129948,0.201459832179141,0.45700620124628455
2021-12-25 02:30:00,0.5174337517433751,-0.3705179282868527,-0.40491437081161596,-0.35618639528655593,0.6313358024368219,0.03530066815144766,0.5,-0.6080121458610651,0.6944371808613067,0.7664818097187047,0.5934890740129948,0.201459832179141,0.48017411771806207
2021-12-25 02:40:00,0.6338912133891214,-0.0916334661354582,-0.4061057334326137,-0.35618639528655593,0.6239546662129798,0.0465478841870824,0.5,-0.6080121458610651,0.6944371808613067,0.7664818097187047,0.5934890740129948,0.201459832179141,0.7466919142387254
2021-12-25 02:50:00,0.6673640167364017,0.1394422310756971,-0.4028294862248698,-0.35618639528655593,0.6200547041656306,0.05579064587973274,0.5,-0.6080121458610651,0.6944371808613067,0.7664818097187047,0.5934890740129948,0.201459832179141,0.7721834120433936
2021-12-25 03:00:00,0.6750348675034867,0.05179282868525892,-0.40491437081161596,-0.35154436707730763,0.6200547041656306,0.04799554565701559,0.5,-0.5996382523915,0.7111121328019283,0.7621035521016462,0.6359540335214535,0.20308379028238802,0.8301824162228224
2021-12-25 03:10:00,0.6541143654114366,-0.29083665338645437,-0.4058078927773642,-0.3472594179610783,0.6200547041656306,0.019265033407572383,0.5,-0.5996382523915,0.7111121328019283,0.7621035521016462,0.6359540335214535,0.20308379028238802,0.8977473331623339
2021-12-25 03:20:00,0.5822873082287308,-0.10756972111553798,-0.40908413998510806,-0.34475986430994454,0.6150292497153552,0.025612472160356347,0.5,-0.5996382523915,0.7111121328019283,0.7621035521016462,0.6359540335214535,0.20308379028238802,0.6965764895816046
2021-12-25 03:30:00,0.6185495118549511,-0.17131474103585675,-0.4037230081906181,-0.3315479378682379,0.6198976587140594,0.031959910913140314,0.5,-0.5996382523915,0.7111121328019283,0.7621035521016462,0.6359540335214535,0.20308379028238802,0.7730358948051361
2021-12-25 03:40:00,0.5836820083682008,0.21912350597609564,-0.4212956068503352,-0.3326191751472952,0.6200416170446663,0.018708240534521157,0.5,-0.5996382523915,0.7111121328019283,0.7621035521016462,0.6359540335214535,0.20308379028238802,0.7195859800534122
2021-12-25 03:50:00,0.5885634588563459,0.019920318725099362,-0.43857036485480283,-0.34190323156579183,0.6200416170446663,0.010579064587973273,0.5,-0.5996382523915,0.7111121328019283,0.7621035521016462,0.6359540335214535,0.20308379028238802,0.7585361437602789
2021-12-25 04:00:00,0.6192468619246863,-0.42629482071713154,-0.4564408041697692,-0.34654525977504014,0.6177121095130282,0.019710467706013365,0.5,-0.6399890868691221,0.7226607510768487,0.7962034894935134,0.6849311794505947,0.206754687811619,0.8266065150806464
2021-12-25 04:10:00,0.6659693165969317,0.2589641434262948,-0.46329113924050636,-0.35725763256561327,0.6087605187734749,0.03329621380846325,0.5,-0.6399890868691221,0.7226607510768487,0.7962034894935134,0.6849311794505947,0.206754687811619,0.90418999049444
2021-12-25 04:20:00,0.7747559274755927,0.09163346613545809,-0.4695457930007447,-0.3643992144259953,0.6087605187734749,0.0791759465478842,0.5,-0.6399890868691221,0.7226607510768487,0.7962034894935134,0.6849311794505947,0.206754687811619,0.8905879867827452
2021-12-25 04:30:00,0.8068340306834031,0.08366533864541825,-0.4734177215189874,-0.36368505623995717,0.6087605187734749,0.09242761692650335,0.5,-0.6399890868691221,0.7226607510768487,0.7962034894935134,0.6849311794505947,0.206754687811619,0.8587669930745205
2021-12-25 04:40:00,0.8709902370990237,0.1394422310756971,-0.4766939687267312,-0.3665416889841099,0.6087605187734749,0.1076837416481069,0.5,-0.6399890868691221,0.7226607510768487,0.7962034894935134,0.6849311794505947,0.206754687811619,0.8976869804004407
2021-12-25 04:50:00,0.9804741980474199,0.13147410358565725,-0.4766939687267312,-0.36689876807712907,0.6087605187734749,0.1326280623608018,0.5,-0.6399890868691221,0.7226607510768487,0.7962034894935134,0.6849311794505947,0.206754687811619,0.9223033631576565
2021-12-25 05:00:00,0.9860529986052999,0.06772908366533859,-0.4802680565897246,-0.3690412426352436,0.6087605187734749,0.13006681514476615,0.5,-0.6404949865303549,0.7318904504794457,0.793700051879658,0.733689266534276,0.2098164259581043,0.9783559907660274
2021-12-25 05:10:00,0.9386331938633194,0.03585657370517925,-0.4850335070737156,-0.3683270844492056,0.6087605187734749,0.1259465478841871,0.5,-0.6404949865303549,0.7318904504794457,0.793700051879658,0.733689266534276,0.2098164259581043,0.8605700318360819
2021-12-25 05:20:00,0.9232914923291493,0.08366533864541825,-0.48622486969471335,-0.3726120335654347,0.6087605187734749,0.13207126948775055,0.5,-0.6404949865303549,0.7318904504794457,0.793700051879658,0.733689266534276,0.2098164259581043,0.7765288108997088
2021-12-25 05:30:00,0.7914923291492328,0.22709163346613526,-0.49367088607594944,-0.37868237814675954,0.6087605187734749,0.10712694877505567,0.5,-0.6404949865303549,0.7318904504794457,0.793700051879658,0.733689266534276,0.2098164259581043,0.7186052476726467
2021-12-25 05:40:00,0.7566248256624826,0.17131474103585642,-0.5058823529411764,-0.3876093554722372,0.6141785868526782,0.09966592427616926,0.5,-0.6404949865303549,0.7318904504794457,0.793700051879658,0.733689266534276,0.2098164259581043,0.6993451725334581
2021-12-25 05:50:00,0.697350069735007,0.1633466135458166,-0.5201787043931497,-0.394036779146581,0.6187198178272761,0.08875278396436526,0.5,-0.6404949865303549,0.7318904504794457,0.793700051879658,0.733689266534276,0.2098164259581043,0.6379060609261132
2021-12-25 06:00:00,0.8200836820083682,-0.06772908366533881,-0.526433358153388,-0.3986788073558293,0.6187198178272761,0.12494432071269489,0.5,-0.6527886351348783,0.7415511756947417,0.8262186171503167,0.7997779550470626,0.1990751566925661,0.6028335621708889
2021-12-25 06:10:00,0.8462343096234309,-0.601593625498008,-0.5237527922561431,-0.38975183003035174,0.6187198178272761,0.16169265033407573,0.5,-0.6527886351348783,0.7415511756947417,0.8262186171503167,0.7997779550470626,0.1990751566925661,0.5752448058904296
2021-12-25 06:20:00,0.8723849372384938,-0.08366533864541836,-0.48979895755770675,-0.36547045170505266,0.6070984544110141,0.18440979955456568,0.5,-0.6527886351348783,0.7415511756947417,0.8262186171503167,0.7997779550470626,0.1990751566925661,0.6024412692185825
2021-12-25 06:30:00,0.8985355648535565,0.2828685258964143,-0.48175725986597184,-0.3626138189608997,0.6048343824841973,0.18574610244988865,0.5,-0.6527886351348783,0.7415511756947417,0.8262186171503167,0.7997779550470626,0.1990751566925661,0.555434011798965
2021-12-25 06:40:00,0.9246861924686193,0.3705179282868525,-0.4874162323157112,-0.3693983217282628,0.6048343824841973,0.17728285077951003,0.5,-0.6527886351348783,0.7415511756947417,0.8262186171503167,0.7997779550470626,0.1990751566925661,0.6649893628257163
2021-12-25 06:50:00,0.950836820083682,0.49003984063745,-0.5008190618019361,-0.39725049098375276,0.6048343824841973,0.1447661469933185,0.5,-0.6527886351348783,0.7415511756947417,0.8262186171503167,0.7997779550470626,0.1990751566925661,0.9212019252531044
2021-12-25 07:00:00,0.9769874476987448,0.6175298804780875,-0.5058823529411764,-0.4083199428673451,0.6048343824841973,0.12383073496659243,0.5,-0.6617345674421149,0.741620139824775,0.824545685231874,0.8189974078706244,0.21165715331617746,0.8781251414517858
2021-12-25 07:10:00,0.9790794979079498,0.5617529880478087,-0.5070737155621743,-0.4097482592394215,0.6048343824841973,0.15055679287305124,0.5,-0.6617345674421149,0.741620139824775,0.824545685231874,0.8189974078706244,0.21165715331617746,0.835048357650467
2021-12-25 07:20:00,0.9811715481171548,0.38645418326693215,-0.5130305286671633,-0.4029637564720586,0.6048343824841973,0.16659242761692653,0.5,-0.6617345674421149,0.741620139824775,0.824545685231874,0.8189974078706244,0.21165715331617746,0.7919715738491483
2021-12-25 07:30:00,0.9832635983263598,0.17131474103585642,-0.5201787043931497,-0.39903588644884846,0.6048343824841973,0.16069042316258353,0.5,-0.6617345674421149,0.741620139824775,0.824545685231874,0.8189974078706244,0.21165715331617746,0.8308010320322284
2021-12-25 07:40:00,0.9853556485355649,-0.07569721115537853,-0.5311988086373791,-0.39617925370469553,0.6048343824841973,0.1522271714922049,0.5,-0.6617345674421149,0.741620139824775,0.824545685231874,0.8189974078706244,0.21165715331617746,0.7791541560420658
2021-12-25 07:50:00,0.9874476987447699,-0.05179282868525903,-0.5335815338793746,-0.3965363327977147,0.6048343824841973,0.16113585746102452,0.5,-0.6617345674421149,0.741620139824775,0.824545685231874,0.8189974078706244,0.21165715331617746,0.8280097167946648
2021-12-25 08:00:00,0.9895398186889819,0.003984063745019917,-0.5320923306031273,-0.3997500446348865,0.6048343824841973,0.1566815144766147,0.5,-0.6721513042892406,0.7665650403583845,0.8059521984306246,0.8840751981248437,0.2093833534396203,0.8120237789881859
2021-12-25 08:10:00,0.99163179916318,-0.17928286852589637,-0.5371556217423679,-0.39903588644884846,0.6048343824841973,0.14988864142538977,0.5,-0.6721513042892406,0.7665650403583845,0.8059521984306246,0.8840751981248437,0.2093833534396203,0.8643571676448843
2021-12-25 08:20:00,0.9937238493723849,-0.2749003984063746,-0.5431124348473568,-0.3954650955186574,0.6048343824841973,0.1526726057906459,0.5,-0.6721513042892406,0.7665650403583845,0.8059521984306246,0.8840751981248437,0.2093833534396203,0.7430405721441827
2021-12-25 08:30:00,0.9295676429567643,-0.2749003984063746,-0.5469843633655995,-0.3986788073558293,0.6048343824841973,0.133184855233853,0.5,-0.6721513042892406,0.7665650403583845,0.8059521984306246,0.8840751981248437,0.2093833534396203,0.7589435249030584
2021-12-25 08:40:00,0.8744769874476986,-0.21115537848605592,-0.5487714072970962,-0.39903588644884846,0.6048343824841973,0.12616926503340758,0.5,-0.6721513042892406,0.7665650403583845,0.8059521984306246,0.8840751981248437,0.2093833534396203,0.7316716206225388
2021-12-25 08:50:00,0.9170153417015342,-0.15537848605577698,-0.5469843633655995,-0.4004642028209249,0.6048343824841973,0.15757238307349666,0.5,-0.6721513042892406,0.7665650403583845,0.8059521984306246,0.8840751981248437,0.2093833534396203,0.5040134586659022
2021-12-25 09:00:00,0.8305439330543933,-0.33067729083665354,-0.5291139240506331,-0.3826102481699697,0.6048343824841973,0.12271714922048997,0.5,-0.679803536961727,0.783788831833844,0.787679931804437,0.9290341556980375,0.20856081678427363,0.6508064637807988
2021-12-25 09:10:00,0.8138075313807531,-0.20318725099601598,-0.5448994787788535,-0.39582217461167646,0.6048343824841973,0.11458797327394209,0.5,-0.679803536961727,0.783788831833844,0.787679931804437,0.9290341556980375,0.20856081678427363,0.7223546630052657
2021-12-25 09:20:00,0.9065550906555091,-0.15537848605577698,-0.5499627699180939,-0.4061774683092304,0.6048343824841973,0.12939866369710468,0.5,-0.679803536961727,0.783788831833844,0.787679931804437,0.9290341556980375,0.20856081678427363,0.8106130331789309
2021-12-25 09:30:00,0.9881450488145049,-0.09960159362549814,-0.544005956813105,-0.4093911801464024,0.6048343824841973,0.15077951002227172,0.5,-0.679803536961727,0.783788831833844,0.787679931804437,0.9290341556980375,0.20856081678427363,0.7545075969039033
2021-12-25 09:40:00,0.9710599721059973,-0.10756972111553798,-0.5404318689501117,-0.4097482592394215,0.6048343824841973,0.16369710467706014,0.5,-0.679803536961727,0.783788831833844,0.787679931804437,0.9290341556980375,0.20856081678427363,0.6337190880697678
2021-12-25 09:50:00,0.9539748953974895,-0.08366533864541836,-0.5377513030528668,-0.41046241742545975,0.6048343824841973,0.1548997772828508,0.5,-0.679803536961727,0.783788831833844,0.787679931804437,0.9290341556980375,0.20856081678427363,0.5879490622689622
2021-12-25 10:00:00,0.9735006973500698,0.043824701195219085,-0.5291139240506331,-0.4161756829137653,0.6048343824841973,0.15601336302895324,0.5,-0.5982651724037873,0.8068400922969959,0.7112548929644412,0.9312546692363527,0.21413676234639728,0.6661813298731083
2021-12-25 10:10:00,0.9734465829846584,0.1872509960159361,-0.5172002978406554,-0.41688984109980365,0.6048343824841973,0.17093541202672605,0.5,-0.5982651724037873,0.8068400922969959,0.7112548929644412,0.9312546692363527,0.21413676234639728,0.644137483591593
2021-12-25 10:20:00,0.9733924686192469,0.394422310756972,-0.5043931496649292,-0.4111765756114979,0.6048343824841973,0.1939866369710468,0.5,-0.5982651724037873,0.8068400922969959,0.7112548929644412,0.9312546692363527,0.21413676234639728,0.5803144378894639
2021-12-25 10:30:00,0.9733383542538355,0.4183266932270917,-0.4915860014892033,-0.41331905016961257,0.6083417309026188,0.16737193763919822,0.5,-0.5982651724037873,0.8068400922969959,0.7112548929644412,0.9312546692363527,0.21413676234639728,0.8735685079288441
2021-12-25 10:40:00,0.9732843096234309,-0.5298804780876495,-0.49813849590469106,-0.4051062310301732,0.6187198178272761,0.16937639198218266,0.5,-0.5982651724037873,0.8068400922969959,0.7112548929644412,0.9312546692363527,0.21413676234639728,0.8507325316474796
2021-12-25 10:50:00,0.9732301603905161,-0.50597609561753,-0.49813849590469106,-0.3951080164256383,0.6187198178272761,0.16314031180400893,0.5,-0.5982651724037873,0.8068400922969959,0.7112548929644412,0.9312546692363527,0.21413676234639728,0.6838873213935452
2021-12-25 11:00:00,0.9731760808926081,-0.3067729083665339,-0.496053611317945,-0.39082306730940897,0.6187329049482404,0.1623608017817372,0.5,-0.6069556200456071,0.8171444827259243,0.6886175573900487,0.9314484138115984,0.21890316676597021,0.7265642681473211
2021-12-25 11:10:00,0.9731219665271966,-0.2270916334661356,-0.48652271034996286,-0.3886805927512945,0.6187721663111333,0.1619153674832962,0.5,-0.6069556200456071,0.8171444827259243,0.6886175573900487,0.9316422487949519,0.21890316676597021,0.7504036090951612
2021-12-25 11:20:00,0.9730679218967923,-0.11553784860557781,-0.47848101265822796,-0.3876093554722372,0.6187721663111333,0.15066815144766146,0.5,-0.6069556200456071,0.8171444827259243,0.6886175573900487,0.9318359933701977,0.21890316676597021,0.9016174540187396
2021-12-25 11:30:00,0.9730137377963737,0.10756972111553775,-0.47073715562174245,-0.384038564542046,0.6187721663111333,0.1724944320712695,0.5,-0.6069556200456071,0.8171444827259243,0.6886175573900487,0.9320298283535514,0.21890316676597021,0.8707394722150973
2021-12-25 11:40:00,0.9729596234309624,0.11553784860557759,-0.46239761727475814,-0.384038564542046,0.6187721663111333,0.16625835189309576,0.5,-0.6069556200456071,0.8171444827259243,0.6886175573900487,0.9322234825206891,0.21890316676597021,0.8585633025031307
2021-12-25 11:50:00,0.9729055788005578,0.20318725099601576,-0.4561429635145199,-0.37832529905374035,0.6187721663111333,0.17772828507795102,0.5,-0.6069556200456071,0.8171444827259243,0.6886175573900487,0.9324173175040427,0.21890316676597021,0.8209484436531528
2021-12-25 12:00:00,0.9728513947001395,0.1394422310756971,-0.45495160089352205,-0.37511158721656845,0.6187721663111333,0.17371937639198218,0.5,-0.6103634052570472,0.8226414985905449,0.6986489350086493,0.9326110620792883,0.23017322597025378,0.7743033028048946
2021-12-25 12:10:00,0.972797350069735,0.10756972111553775,-0.452866716306776,-0.3740403499375111,0.6187721663111333,0.1828507795100223,0.5,-0.6103634052570472,0.8226414985905449,0.6986489350086493,0.9328048970626421,0.23017322597025378,0.7677701163299486
2021-12-25 12:20:00,0.9727432357043235,-0.10756972111553798,-0.45167535368577816,-0.37368327084449204,0.6298831320097891,0.17962138084632517,0.5,-0.6103634052570472,0.8226414985905449,0.6986489350086493,0.9329986416378876,0.23017322597025378,0.6418817991158321
2021-12-25 12:30:00,0.972689121338912,-0.601593625498008,-0.4564408041697692,-0.3676129262631672,0.6326314274122835,0.1858574610244989,0.5,-0.6103634052570472,0.8226414985905449,0.6986489350086493,0.9331924766212414,0.23017322597025378,0.6517796520663277
2021-12-25 12:40:00,0.9726350069735007,0.019920318725099362,-0.450186150409531,-0.37225495447241563,0.6262187381397966,0.18251670378619156,0.5,-0.6103634052570472,0.8226414985905449,0.6986489350086493,0.9333862211964871,0.23017322597025378,0.7949514914676283
2021-12-25 12:50:00,0.9725809623430962,0.21912350597609564,-0.4418466120625466,-0.37546866630958753,0.6194526966012748,0.1868596881959911,0.5,-0.6103634052570472,0.8226414985905449,0.6986489350086493,0.9335800561798406,0.23017322597025378,0.7483138947146069
2021-12-25 13:00:00,0.9725267782426777,0.3067729083665336,-0.4344005956813106,-0.37511158721656845,0.6217822041329129,0.1720489977728285,0.5,-0.5029165275564893,0.8133888111446035,0.588771725320101,0.9337737555510324,0.2362404165321272,0.785906121278875
2021-12-25 13:10:00,0.9724727336122734,-0.1872509960159363,-0.4382725241995533,-0.3690412426352436,0.6272395335750088,0.1801781737193764,0.5,-0.5029165275564893,0.8133888111446035,0.588771725320101,0.933967454922224,0.2362404165321272,0.7811080767083605
2021-12-25 13:20:00,0.9724186192468619,-0.33864541832669326,-0.4412509307520478,-0.3661846098910908,0.6324743819607124,0.18563474387527842,0.5,-0.5029165275564893,0.8133888111446035,0.588771725320101,0.9341612899055776,0.2362404165321272,0.724798949861943
2021-12-25 13:30:00,0.972364470013947,-0.50597609561753,-0.4448250186150411,-0.360114265309766,0.6316368062189999,0.19287305122494433,0.5,-0.5029165275564893,0.8133888111446035,0.588771725320101,0.9343550344808234,0.2362404165321272,0.7060971377702673
2021-12-25 13:40:00,0.9723103905160391,0.2749003984063745,-0.43469843633656013,-0.3683270844492056,0.618458075407991,0.17873051224944322,0.5,-0.5029165275564893,0.8133888111446035,0.588771725320101,0.934548869464177,0.2362404165321272,0.7574648822366733
2021-12-25 13:50:00,0.9722562761506276,-0.07569721115537853,-0.42725241995532404,-0.37082663810033933,0.6291895145986834,0.18574610244988865,0.5,-0.5029165275564893,0.8133888111446035,0.588771725320101,0.9347426140394227,0.2362404165321272,0.7900553736590371
2021-12-25 14:00:00,0.9722022315202232,-0.1394422310756973,-0.4338049143708117,-0.36689876807712907,0.6258130373899047,0.19777282850779512,0.5,-0.5047486461147153,0.7913116690181515,0.5856130391296391,0.9349364490227763,0.23879511571820997,0.724798949861943
2021-12-25 14:10:00,0.9721480474198048,0.31474103585657365,-0.42397617274758015,-0.36689876807712907,0.6184188140450981,0.18452115812917597,0.5,-0.5047486461147153,0.7913116690181515,0.5856130391296391,0.935130193598022,0.23879511571820997,0.8241471400334959
2021-12-25 14:20:00,0.9720940027894003,0.24302788844621515,-0.4227848101265823,-0.3611855025888234,0.6184188140450981,0.1910913140311804,0.5,-0.5047486461147153,0.7913116690181515,0.5856130391296391,0.9353240285813755,0.23879511571820997,0.855025121837138
2021-12-25 14:30:00,0.9720398884239889,0.09163346613545809,-0.419210722263589,-0.35725763256561327,0.6184057269241339,0.18574610244988865,0.5,-0.5047486461147153,0.7913116690181515,0.5856130391296391,0.9355177279525673,0.23879511571820997,0.870437708405631
2021-12-25 14:40:00,0.9719857740585774,0.2669322709163344,-0.4141474311243486,-0.3536868416354222,0.6184057269241339,0.17138084632516706,0.5,-0.5047486461147153,0.7913116690181515,0.5856130391296391,0.935711517731867,0.23879511571820997,0.8911462498302579
2021-12-25 14:50:00,0.971931659693166,0.15537848605577675,-0.40848845867460915,-0.35118728798428844,0.6184057269241339,0.18307349665924277,0.5,-0.5047486461147153,0.7913116690181515,0.5856130391296391,0.9359052623071127,0.23879511571820997,0.8681820239298701
2021-12-25 15:00:00,0.9718775453277545,0.21912350597609564,-0.4078927773641102,-0.3490448134261739,0.6184057269241339,0.17293986636971045,0.5,-0.5087793669783736,0.7851566204128079,0.5794166474226234,0.9360990972904663,0.2407741941035572,0.8682574648822368
2021-12-25 15:10:00,0.9718234309623431,0.019920318725099362,-0.4058078927773642,-0.3476164970540975,0.6184057269241339,0.16837416481069042,0.5,-0.5087793669783736,0.7851566204128079,0.5794166474226234,0.9362928418657119,0.2407741941035572,0.9165472184920863
2021-12-25 15:20:00,0.9717693165969317,0.03585657370517925,-0.40908413998510806,-0.3404749151937154,0.6184057269241339,0.17984409799554565,0.5,-0.5087793669783736,0.7851566204128079,0.5794166474226234,0.9364865864409576,0.2407741941035572,0.9118019825882283
2021-12-25 15:30:00,0.9717152719665273,-0.003984063745020028,-0.4064035740878631,-0.33833244063560075,0.6184057269241339,0.20512249443207128,0.5,-0.5087793669783736,0.7851566204128079,0.5794166474226234,0.9366804214243112,0.2407741941035572,0.9257736469665194
2021-12-25 15:40:00,0.9716610878661087,0.019920318725099362,-0.4064035740878631,-0.33833244063560075,0.6184057269241339,0.1874164810690423,0.5,-0.5087793669783736,0.7851566204128079,0.5794166474226234,0.936874165999557,0.2407741941035572,0.9236720883564434
2021-12-25 15:50:00,0.9716070432357043,0.11553784860557759,-0.4058078927773642,-0.33476164970540967,0.6184057269241339,0.17394209354120266,0.5,-0.5087793669783736,0.7851566204128079,0.5794166474226234,0.9370680009829104,0.2407741941035572,0.9215705297463676
2021-12-25 16:00:00,0.9715529288702929,-0.02788844621513953,-0.4028294862248698,-0.33476164970540967,0.6254465980029053,0.16057906458797327,0.5,-0.5097157883186141,0.7879324266465915,0.5493589102202927,0.9372616551500483,0.2403256880242685,0.9194688956953393
2021-12-25 16:10:00,0.971498849372385,0.3306772908366533,-0.3983618763961282,-0.3326191751472952,0.6184057269241339,0.16592427616926506,0.5,-0.5097157883186141,0.7879324266465915,0.5493589102202927,0.9374554901334019,0.2403256880242685,0.9173674125262158
2021-12-25 16:20:00,0.97144470013947,0.298804780876494,-0.3995532390171259,-0.325120514193894,0.6183664655612412,0.17561247216035636,0.5,-0.5097157883186141,0.7879324266465915,0.5493589102202927,0.9376492347086476,0.2403256880242685,0.9152657784751874
2021-12-25 16:30:00,0.9713905857740586,0.2350597609561753,-0.3983618763961282,-0.32404927691483665,0.6183664655612412,0.17182628062360802,0.5,-0.5097157883186141,0.7879324266465915,0.5493589102202927,0.9378430696920012,0.2403256880242685,0.9131642953060639
2021-12-25 16:40:00,0.9713365411436542,0.01195219123505975,-0.40521221146686526,-0.3215497232637029,0.6183664655612412,0.14888641425389754,0.5,-0.5097157883186141,0.7879324266465915,0.5493589102202927,0.9380368142672468,0.2403256880242685,0.9110626612550358
2021-12-25 16:50:00,0.9712823570432357,-0.08366533864541836,-0.40848845867460915,-0.31762185324049275,0.6183272041983484,0.1779510022271715,0.5,-0.5097157883186141,0.7879324266465915,0.5493589102202927,0.9382306492506004,0.2403256880242685,0.9089611026449598
2021-12-25 17:00:00,0.9712283124128313,-0.19521912350597614,-0.41682799702159357,-0.3197643277986073,0.6182748557144915,0.1690423162583519,0.5,-0.5222965069642919,0.7956248006505638,0.5555659543136903,0.9384243938258462,0.23758383572569672,0.906859544034884
2021-12-25 17:10:00,0.9711741980474199,-0.21912350597609564,-0.4215934475055846,-0.3169076950544545,0.6182748557144915,0.15623608017817373,0.5,-0.5222965069642919,0.7956248006505638,0.5555659543136903,0.9386182288091997,0.23758383572569672,0.9047579099838556
2021-12-25 17:20:00,0.9711200836820084,-0.26693227091633476,-0.42755026061057344,-0.31905016961256916,0.6182748557144915,0.172271714922049,0.5,-0.5222965069642919,0.7956248006505638,0.5555659543136903,0.9388119281803914,0.23758383572569672,0.9026564268147321
2021-12-25 17:30:00,0.9710659693165969,-0.5298804780876495,-0.432613551749814,-0.3229780396357793,0.6182748557144915,0.17438752783964365,0.5,-0.5222965069642919,0.7956248006505638,0.5555659543136903,0.9390057179596911,0.23758383572569672,0.9005547927637038
2021-12-25 17:40:00,0.9710119246861925,-0.6095617529880479,-0.4379746835443039,-0.3261917514729513,0.6182748557144915,0.1688195991091314,0.5,-0.5222965069642919,0.7956248006505638,0.5555659543136903,0.9391994625349368,0.23758383572569672,0.8984533095945804
2021-12-25 17:50:00,0.9709577405857741,-0.5697211155378487,-0.4451228592702905,-0.32762006784502773,0.6182748557144915,0.15957683741648107,0.5,-0.5222965069642919,0.7956248006505638,0.5555659543136903,0.9393932071101826,0.23758383572569672,0.8963516755435521
2021-12-25 18:00:00,0.9709036959553695,-0.6892430278884463,-0.45167535368577816,-0.32762006784502773,0.6182748557144915,0.15089086859688197,0.5,-0.6584835417512307,0.8074780104997911,0.6729967204599498,0.939587042093536,0.22575424644851466,0.8942501169334761
2021-12-25 18:10:00,0.9708495815899583,-0.6175298804780878,-0.4606105733432614,-0.32690590965898936,0.6182748557144915,0.14365256124721604,0.5,-0.6584835417512307,0.8074780104997911,0.6729967204599498,0.9397807866687818,0.22575424644851466,0.8921485583234003
2021-12-25 18:20:00,0.9707953974895397,-0.5776892430278885,-0.4689501116902458,-0.3301196214961615,0.6182748557144915,0.14966592427616926,0.5,-0.6584835417512307,0.8074780104997911,0.6729967204599498,0.9399746216521354,0.22575424644851466,0.890046924272372
2021-12-25 18:30:00,0.9707413528591353,-0.6334661354581674,-0.4722263588979897,-0.33476164970540967,0.6182748557144915,0.15734966592427618,0.5,-0.6584835417512307,0.8074780104997911,0.6729967204599498,0.9401683662273811,0.22575424644851466,0.8879454411032485
2021-12-25 18:40:00,0.9706872384937238,-0.7211155378486056,-0.4760982874162324,-0.3376182824495625,0.6182748557144915,0.16113585746102452,0.5,-0.6584835417512307,0.8074780104997911,0.6729967204599498,0.9403622012107347,0.22575424644851466,0.8858438070522202
2021-12-25 18:50:00,0.9706331589958158,-0.3705179282868527,-0.47877885331347736,-0.3454740224959829,0.6111554619099344,0.15556792873051226,0.5,-0.6584835417512307,0.8074780104997911,0.6729967204599498,0.9405559005819265,0.22575424644851466,0.8837423238830967
2021-12-25 19:00:00,0.970579009762901,0.12350597609561742,-0.4725241995532391,-0.34797357614711666,0.604467943097198,0.16603563474387528,0.5,-0.6730683808375828,0.8067768751777997,0.6818553210635596,0.940749690361226,0.22483287548385786,0.8816406898320686
2021-12-25 19:10:00,0.9705249651324965,0.17928286852589648,-0.47043931496649305,-0.34618818068202095,0.604467943097198,0.17405345211581294,0.5,-0.6730683808375828,0.8067768751777997,0.6818553210635596,0.9409434349364718,0.22483287548385786,0.8795391312219926
2021-12-25 19:20:00,0.9704708507670851,0.2350597609561753,-0.47133283693224126,-0.3454740224959829,0.6043894203714125,0.17706013363028955,0.5,-0.6730683808375828,0.8067768751777997,0.6818553210635596,0.9411372699198253,0.22483287548385786,0.8774375726119167
2021-12-25 19:30:00,0.9704167364016736,0.24302788844621515,-0.47133283693224126,-0.3454740224959829,0.6043894203714125,0.1769487750556793,0.5,-0.6730683808375828,0.8067768751777997,0.6818553210635596,0.9413310144950711,0.22483287548385786,0.8753359385608884
2021-12-25 19:40:00,0.9703626220362621,0.2828685258964143,-0.47401340282948623,-0.3483306552401356,0.6043894203714125,0.17817371937639198,0.5,-0.6730683808375828,0.8067768751777997,0.6818553210635596,0.9415248494784247,0.22483287548385786,0.8732344553917649
2021-12-25 19:50:00,0.9703085076708509,0.31474103585657365,-0.47520476545048407,-0.3490448134261739,0.6043894203714125,0.17572383073496659,0.5,-0.6730683808375828,0.8067768751777997,0.6818553210635596,0.9417185940536703,0.22483287548385786,0.8711328213407366
2021-12-25 20:00:00,0.9702543933054394,0.33864541832669315,-0.47818317200297844,-0.3501160507052312,0.6043894203714125,0.1775055679287305,0.5,-0.6759010587271195,0.8140956934774319,0.6837092167363701,0.941912338628916,0.22845272349998524,0.869031338171613
2021-12-25 20:10:00,0.9702002789400279,0.25099601593625476,-0.4850335070737156,-0.3551151580074986,0.6043894203714125,0.17260579064587975,0.5,-0.6759010587271195,0.8140956934774319,0.6837092167363701,0.9421061736122697,0.22845272349998524,0.8669297041205849
2021-12-25 20:20:00,0.9701462343096234,0.3306772908366533,-0.48979895755770675,-0.35618639528655593,0.6043894203714125,0.16937639198218266,0.5,-0.6759010587271195,0.8140956934774319,0.6837092167363701,0.9422998277794075,0.22845272349998524,0.8648281455105089
2021-12-25 20:30:00,0.9700920502092051,0.4820717131474104,-0.4924795234549517,-0.3586859489376897,0.6043894203714125,0.16414253897550113,0.5,-0.6759010587271195,0.8140956934774319,0.6837092167363701,0.942493662762761,0.22845272349998524,0.8627265869004331
2021-12-25 20:40:00,0.9700380055788005,0.5378486055776892,-0.4954579300074461,-0.36582753079807184,0.6043894203714125,0.15846325167037864,0.5,-0.6759010587271195,0.8140956934774319,0.6837092167363701,0.9426874073380067,0.22845272349998524,0.8606249528494048
2021-12-25 20:50:00,0.9699838912133891,0.6015936254980081,-0.49843633655994046,-0.37011247991430096,0.6043894203714125,0.15701559020044545,0.5,-0.6759010587271195,0.8140956934774319,0.6837092167363701,0.9428812423213603,0.22845272349998524,0.8585234696802813
2021-12-25 21:00:00,0.9699297768479777,0.6095617529880477,-0.5023082650781833,-0.3740403499375111,0.6043894203714125,0.16648106904231624,0.5,-0.6795877424727914,0.8135468539425941,0.6935579820169965,0.943074986896606,0.2289350857688603,0.8564218356292529
2021-12-25 21:10:00,0.9698756624825662,0.5537848605577689,-0.5058823529411764,-0.3758257454026066,0.6043894203714125,0.16915367483296215,0.5,-0.6795877424727914,0.8135468539425941,0.6935579820169965,0.9432688218799596,0.2289350857688603,0.8543203524601295
2021-12-25 21:20:00,0.9698215481171549,0.6334661354581672,-0.5085629188384215,-0.37653990358864486,0.6043894203714125,0.1714922048997773,0.5,-0.6795877424727914,0.8135468539425941,0.6935579820169965,0.9434625664552052,0.2289350857688603,0.8522187184091012
2021-12-25 21:30:00,0.9697675034867503,0.5776892430278884,-0.5127326880119136,-0.3818960899839313,0.6043894203714125,0.17026726057906458,0.5,-0.6795877424727914,0.8135468539425941,0.6935579820169965,0.9436564014385589,0.2289350857688603,0.8501171597990252
2021-12-25 21:40:00,0.969713319386332,0.6494023904382469,-0.5148175725986598,-0.38475272272808425,0.6043894203714125,0.16659242761692653,0.5,-0.6795877424727914,0.8135468539425941,0.6935579820169965,0.9438501460138047,0.2289350857688603,0.8480156011889495
2021-12-25 21:50:00,0.9696592747559275,0.6015936254980081,-0.5201787043931497,-0.38939475093733256,0.6043894203714125,0.1589086859688196,0.5,-0.6795877424727914,0.8135468539425941,0.6935579820169965,0.9440438905890504,0.2289350857688603,0.8459139671379211
2021-12-25 22:00:00,0.969605160390516,0.6653386454183265,-0.5237527922561431,-0.3951080164256383,0.6043894203714125,0.1544543429844098,0.5,-0.7225779069802347,0.8079693799262657,0.7235145215486998,0.9442376351642959,0.22572946360992313,0.8438124839687976
2021-12-25 22:10:00,0.9695510460251046,0.6015936254980081,-0.5294117647058825,-0.3954650955186574,0.6043894203714125,0.16080178173719376,0.5,-0.7225779069802347,0.8079693799262657,0.7235145215486998,0.9444313797395416,0.22572946360992313,0.8417108499177693
2021-12-25 22:20:00,0.9694969316596931,0.49800796812749004,-0.5320923306031273,-0.3954650955186574,0.6043894203714125,0.16659242761692653,0.5,-0.7225779069802347,0.8079693799262657,0.7235145215486998,0.9446252147228953,0.22572946360992313,0.8396093667486458
2021-12-25 22:30:00,0.9694428870292887,0.4501992031872508,-0.5371556217423679,-0.3954650955186574,0.6043894203714125,0.189086859688196,0.5,-0.7225779069802347,0.8079693799262657,0.7235145215486998,0.9448189592981409,0.22572946360992313,0.8375077326976177
2021-12-25 22:40:00,0.9693887029288702,0.4262948207171313,-0.5431124348473568,-0.39796464916979113,0.6043894203714125,0.20412026726057905,0.5,-0.7225779069802347,0.8079693799262657,0.7235145215486998,0.9450127942814945,0.22572946360992313,0.5686210902726436
2021-12-25 22:50:00,0.9693346582984659,0.49003984063745,-0.5487714072970962,-0.4043920728441349,0.6043894203714125,0.22104677060133632,0.5,-0.7225779069802347,0.8079693799262657,0.7235145215486998,0.9452065388567403,0.22572946360992313,0.4794876050515262
2021-12-25 23:00:00,0.9692805439330544,0.5298804780876492,-0.5311988086373791,-0.39439385823960005,0.6043894203714125,0.2267260579064588,0.5,-0.7469565472614946,0.800544241926169,0.7420049084674678,0.9454003738400939,0.22214194571093349,0.43349125639362074
2021-12-25 23:10:00,0.969226359832636,0.49800796812749004,-0.5478778853313478,-0.40546331012319237,0.6043894203714125,0.210467706013363,0.5,-0.7469565472614946,0.800544241926169,0.7420049084674678,0.9455940732112855,0.22214194571093349,0.5635590023688459
2021-12-25 23:20:00,0.9691723152022316,0.394422310756972,-0.556813104988831,-0.4208177111230138,0.6043894203714125,0.20890868596881962,0.5,-0.7469565472614946,0.800544241926169,0.7420049084674678,0.9457878629905853,0.22214194571093349,0.6376344734975935
2021-12-25 23:30:00,0.9691182008368201,0.4581673306772909,-0.5577066269545794,-0.428673451169434,0.6043894203714125,0.20824053452115812,0.5,-0.7469565472614946,0.800544241926169,0.7420049084674678,0.9459816075658309,0.22214194571093349,0.6050364379799931
2021-12-25 23:40:00,0.9690640864714086,0.4661354581673305,-0.5577066269545794,-0.43117300482056775,0.6043894203714125,0.2073496659242762,0.5,-0.7469565472614946,0.800544241926169,0.7420049084674678,0.9461754425491845,0.22214194571093349,0.6592030417791994
2021-12-25 23:50:00,0.9690099721059972,0.47410358565737054,-0.5580044676098288,-0.43581503302981606,0.6071115415319783,0.20011135857461024,0.5,-0.7469565472614946,0.800544241926169,0.7420049084674678,0.9463691871244303,0.22214194571093349,0.7023024578662281
2021-12-26 00:00:00,0.9689559274755928,-0.5219123505976095,-0.5770662695457931,-0.4383145866809498,0.6183533784402769,0.18953229398663698,0.5,-0.7433258633530595,0.7806107348415428,0.7374739666456028,0.9465630221077838,0.2203665777128243,0.7301326251942605
2021-12-26 00:10:00,0.9689018131101813,-0.5219123505976095,-0.582427401340283,-0.4443849312622745,0.6183664655612412,0.2012249443207127,0.5,-0.7433258633530595,0.7806107348415428,0.7374739666456028,0.9467567666830295,0.2203665777128243,0.8051812846085369
2021-12-26 00:20:00,0.96884769874477,-0.47410358565737054,-0.5862993298585257,-0.44545616854133185,0.6183664655612412,0.19075723830734967,0.5,-0.7433258633530595,0.7806107348415428,0.7374739666456028,0.9469505112582752,0.2203665777128243,0.8759599861188647
2021-12-26 00:30:00,0.9687935843793585,-0.4342629482071714,-0.5919583023082651,-0.44545616854133185,0.6183664655612412,0.18452115812917597,0.5,-0.7433258633530595,0.7806107348415428,0.7374739666456028,0.9471443462416288,0.2203665777128243,0.9098103414457505
2021-12-26 00:40:00,0.968739470013947,-0.4342629482071714,-0.5946388682055102,-0.4479557221924656,0.6183664655612412,0.19710467706013363,0.5,-0.7433258633530595,0.7806107348415428,0.7374739666456028,0.9473380004087665,0.2203665777128243,0.8149282556542994
2021-12-26 00:50:00,0.9686853556485355,-0.3944223107569722,-0.597319434102755,-0.44902695947152294,0.6184057269241339,0.19365256124721605,0.5,-0.7433258633530595,0.7806107348415428,0.7374739666456028,0.9475318353921202,0.2203665777128243,0.8630973037403624
2021-12-26 01:00:00,0.9686312412831242,-0.3784860557768924,-0.5994043186895012,-0.44902695947152294,0.6184057269241339,0.18775055679287306,0.5,-0.7737149638302422,0.7710362147887831,0.7407026542322883,0.947725579967366,0.21933312267327734,0.8850355326885647
2021-12-26 01:10:00,0.9685771966527197,-0.2509960159362551,-0.6056589724497394,-0.449384038564542,0.6184057269241339,0.18919821826280622,0.5,-0.7737149638302422,0.7710362147887831,0.7407026542322883,0.9479194149507195,0.21933312267327734,0.81738763070145
2021-12-26 01:20:00,0.9685230125523012,-0.2828685258964144,-0.610126582278481,-0.4540260667737904,0.6184057269241339,0.1799554565701559,0.5,-0.7737149638302422,0.7710362147887831,0.7407026542322883,0.9481131595259652,0.21933312267327734,0.8942091524963411
2021-12-26 01:30:00,0.9684689679218969,-0.4103585657370519,-0.6175725986597171,-0.4511694340296376,0.6184057269241339,0.18507795100222718,0.5,-0.7737149638302422,0.7710362147887831,0.7407026542322883,0.9483069945093188,0.21933312267327734,0.8834135522126831
2021-12-26 01:40:00,0.9684148535564854,-0.5298804780876495,-0.6202531645569621,-0.4547402249598286,0.6184057269241339,0.19198218262806235,0.5,-0.7737149638302422,0.7710362147887831,0.7407026542322883,0.9485007390845644,0.21933312267327734,0.8623881587881167
2021-12-26 01:50:00,0.9683607391910739,-0.601593625498008,-0.6202531645569621,-0.456168541331905,0.6184057269241339,0.19287305122494433,0.5,-0.7737149638302422,0.7710362147887831,0.7407026542322883,0.948694574067918,0.21933312267327734,0.9039108589706837
2021-12-26 02:00:00,0.9683066248256625,-0.649402390438247,-0.6235294117647059,-0.45831101589001966,0.6184057269241339,0.1905345211581292,0.5,-0.7651446206636399,0.752726238265322,0.7369416009547582,0.9488883186431637,0.2188440189543522,0.9053745643285002
2021-12-26 02:10:00,0.9682525104602511,-0.601593625498008,-0.6205510052122116,-0.4565256204249242,0.6184057269241339,0.17906458797327393,0.5,-0.7651446206636399,0.752726238265322,0.7369416009547582,0.9490820632184094,0.2188440189543522,0.9068383451272689
2021-12-26 02:20:00,0.9681984309623431,-0.6334661354581674,-0.6202531645569621,-0.4547402249598286,0.6184057269241339,0.17438752783964365,0.5,-0.7651446206636399,0.752726238265322,0.7369416009547582,0.9492758077936552,0.2188440189543522,0.9083020504850854
2021-12-26 02:30:00,0.9681442817294281,-0.5378486055776892,-0.6178704393149665,-0.44902695947152294,0.6184057269241339,0.17928730512249447,0.5,-0.7651446206636399,0.752726238265322,0.7369416009547582,0.9494696427770087,0.2188440189543522,0.9097657558429019
2021-12-26 02:40:00,0.9680902370990238,-0.5298804780876495,-0.6142963514519733,-0.44724156400642734,0.6184057269241339,0.17973273942093543,0.5,-0.7651446206636399,0.752726238265322,0.7369416009547582,0.9496633873522544,0.2188440189543522,0.9112295366416706
2021-12-26 02:50:00,0.9680361227336123,-0.5617529880478087,-0.6134028294862249,-0.44545616854133185,0.6184057269241339,0.18763919821826283,0.5,-0.7651446206636399,0.752726238265322,0.7369416009547582,0.9498571319275001,0.2188440189543522,0.9126932419994871
2021-12-26 03:00:00,0.9679820083682009,-0.3545816733067729,-0.6086373790022339,-0.4433136939832173,0.6114433785711482,0.19654788418708238,0.5,-0.7556012011114583,0.7525107253589725,0.7319642734178449,0.9500509669108537,0.2190731901876061,0.9141569473573035
2021-12-26 03:10:00,0.9679278940027894,0.07569721115537842,-0.5976172747580046,-0.43795750758793073,0.6045072044600908,0.19955456570155905,0.5,-0.7556012011114583,0.7525107253589725,0.7319642734178449,0.9502447114860993,0.2190731901876061,0.9156207281560723
2021-12-26 03:20:00,0.967873849372385,0.25099601593625476,-0.5913626209977663,-0.43260132119264416,0.6045072044600908,0.1984409799554566,0.5,-0.7556012011114583,0.7525107253589725,0.7319642734178449,0.9504385464694529,0.2190731901876061,0.9170844335138887
2021-12-26 03:30:00,0.9678196652719665,0.4501992031872508,-0.5836187639612809,-0.42795929298339586,0.6045072044600908,0.20256124721603566,0.5,-0.7556012011114583,0.7525107253589725,0.7319642734178449,0.9506322458406448,0.2190731901876061,0.9185481388717052
2021-12-26 03:40:00,0.967765620641562,0.5617529880478087,-0.5815338793745347,-0.4272451347973576,0.6045072044600908,0.1923162583518931,0.5,-0.7556012011114583,0.7525107253589725,0.7319642734178449,0.9508260356199444,0.2190731901876061,0.9200119196704739
2021-12-26 03:50:00,0.9677115062761505,0.6015936254980081,-0.5830230826507818,-0.42760221389037667,0.604467943097198,0.1868596881959911,0.5,-0.7556012011114583,0.7525107253589725,0.7319642734178449,0.9510197801951901,0.2190731901876061,0.9214756250282904
2021-12-26 04:00:00,0.9676573221757322,0.6095617529880477,-0.5827252419955324,-0.42760221389037667,0.604467943097198,0.18195991091314032,0.5,-0.8134255524022063,0.7503469757792229,0.7358758550600801,0.9512136151785436,0.22055088986305654,0.9229393303861069
2021-12-26 04:10:00,0.9676032775453278,0.5298804780876492,-0.5845122859270291,-0.42760221389037667,0.604467943097198,0.19342984409799557,0.5,-0.8134255524022063,0.7503469757792229,0.7358758550600801,0.9514073597537893,0.22055088986305654,0.9244031111848756
2021-12-26 04:20:00,0.9675491631799163,0.4262948207171313,-0.5845122859270291,-0.42117479021603277,0.604467943097198,0.19387527839643653,0.5,-0.8134255524022063,0.7503469757792229,0.7358758550600801,0.9516011947371429,0.22055088986305654,0.9258667411017397
2021-12-26 04:30:00,0.9674950488145049,0.5298804780876492,-0.5836187639612809,-0.4204606320299946,0.604467943097198,0.18953229398663698,0.5,-0.8134255524022063,0.7503469757792229,0.7358758550600801,0.9517949393123886,0.22055088986305654,0.9273304464595562
2021-12-26 04:40:00,0.9674409344490935,0.6494023904382469,-0.5821295606850336,-0.4251026602392429,0.6052139089921609,0.1767260579064588,0.5,-0.8134255524022063,0.7503469757792229,0.7358758550600801,0.9519887742957424,0.22055088986305654,0.928794227258325
2021-12-26 04:50:00,0.9673868898186889,-0.40239043824701204,-0.5958302308265079,-0.4251026602392429,0.6184057269241339,0.2012249443207127,0.5,-0.8134255524022063,0.7503469757792229,0.7358758550600801,0.9521825188709878,0.22055088986305654,0.9302579326161414
2021-12-26 05:00:00,0.9673327405857741,-0.6175298804780878,-0.6038719285182428,-0.42795929298339586,0.6184188140450981,0.19587973273942094,0.5,-0.8043880325112576,0.7413873858859182,0.7345283281827778,0.9523761730381257,0.2212364537357295,0.9317216379739578
2021-12-26 05:10:00,0.9672786610878661,-0.649402390438247,-0.6134028294862249,-0.43117300482056775,0.6184188140450981,0.1680400890868597,0.5,-0.8043880325112576,0.7413873858859182,0.7345283281827778,0.9525700080214793,0.2212364537357295,0.9331854187727266
2021-12-26 05:20:00,0.9672245467224546,-0.31474103585657376,-0.6327624720774386,-0.4301017675415104,0.6064964468466583,0.11859688195991092,0.5,-0.8043880325112576,0.7413873858859182,0.7345283281827778,0.952763752596725,0.2212364537357295,0.934649124130543
2021-12-26 05:30:00,0.9675619944211994,0.10756972111553775,-0.6431868950111691,-0.4368862703088734,0.6045333787020194,0.14420935412026725,0.5,-0.8043880325112576,0.7413873858859182,0.7345283281827778,0.9529575875800785,0.2212364537357295,0.9361128294883595
2021-12-26 05:40:00,0.9678994421199443,0.43426294820717115,-0.635740878629933,-0.4465274058203892,0.6045333787020194,0.1400890868596882,0.5,-0.8043880325112576,0.7413873858859182,0.7345283281827778,0.9531513321553242,0.2212364537357295,0.9375766102871282
2021-12-26 05:50:00,0.968236820083682,0.49800796812749004,-0.636336559940432,-0.4543831458668094,0.6045333787020194,0.13730512249443208,0.5,-0.8043880325112576,0.7413873858859182,0.7345283281827778,0.953345167138678,0.2212364537357295,0.9390403156449447
2021-12-26 06:00:00,0.9685742677824268,0.5537848605577689,-0.6342516753536859,-0.4547402249598286,0.6045333787020194,0.14465478841870824,0.5,-0.8258067528666148,0.7097960673204863,0.745726015296066,0.9535389117139236,0.21724405925733647,0.9405040964437135
2021-12-26 06:10:00,0.9689117154811716,0.5617529880478087,-0.6333581533879376,-0.456168541331905,0.6045333787020194,0.14387527839643652,0.5,-0.8258067528666148,0.7097960673204863,0.745726015296066,0.9537327466972773,0.21724405925733647,0.94196780180153
2021-12-26 06:20:00,0.9692491631799163,0.3306772908366533,-0.6378257632166792,-0.46009641135511514,0.6102917119262934,0.13351893095768375,0.5,-0.8258067528666148,0.7097960673204863,0.745726015296066,0.9539264912725229,0.21724405925733647,0.9434315071593464
2021-12-26 06:30:00,0.9695865411436542,-0.4820717131474104,-0.6622486969471333,-0.4483128012854848,0.6184188140450981,0.1413140311804009,0.5,-0.8258067528666148,0.7097960673204863,0.745726015296066,0.9541202358477685,0.21724405925733647,0.9448952879581152
2021-12-26 06:40:00,0.9699239888423988,-0.45019920318725104,-0.6679076693968727,-0.4450990894483128,0.6184188140450981,0.1487750556792873,0.5,-0.8258067528666148,0.7097960673204863,0.745726015296066,0.9543139804230142,0.21724405925733647,0.9463589178749793
2021-12-26 06:50:00,0.9702613668061367,-0.6254980079681276,-0.6652271034996278,-0.4475986430994465,0.6156443444006753,0.1759465478841871,0.5,-0.8258067528666148,0.7097960673204863,0.745726015296066,0.954507815406368,0.21724405925733647,0.9478226232327958
2021-12-26 07:00:00,0.9705988145048814,0.01195219123505975,-0.6539091586001491,-0.45545438314586684,0.6045333787020194,0.1767260579064588,0.5,-0.8186675240634202,0.7228561494452703,0.7565717932163828,0.9547015599816134,0.22263914800624507,0.9492864040315645
2021-12-26 07:10:00,0.9709362622036262,0.05976095617529875,-0.646463142218913,-0.45045527584359935,0.6045333787020194,0.18106904231625837,0.5,-0.8186675240634202,0.7228561494452703,0.7565717932163828,0.9548953045568592,0.22263914800624507,0.950750109389381
2021-12-26 07:20:00,0.971273640167364,0.1872509960159361,-0.6381236038719286,-0.4508123549366184,0.6045333787020194,0.16692650334075726,0.5,-0.8186675240634202,0.7228561494452703,0.7565717932163828,0.9550891395402129,0.22263914800624507,0.9522138147471974
2021-12-26 07:30:00,0.9716110878661087,0.2589641434262948,-0.6300819061801937,-0.449384038564542,0.6045333787020194,0.17438752783964365,0.5,-0.8186675240634202,0.7228561494452703,0.7565717932163828,0.9552828841154586,0.22263914800624507,0.9536775955459662
2021-12-26 07:40:00,0.9719485355648536,0.5378486055776892,-0.6268056589724498,-0.44902695947152294,0.6045333787020194,0.1544543429844098,0.5,-0.8186675240634202,0.7228561494452703,0.7565717932163828,0.9554767190988122,0.22263914800624507,0.9551413009037826
2021-12-26 07:50:00,0.9722859832635984,0.6334661354581672,-0.6211466865227104,-0.449384038564542,0.6045333787020194,0.15501113585746104,0.5,-0.8186675240634202,0.7228561494452703,0.7565717932163828,0.9556704184700039,0.22263914800624507,0.9566050062615991
2021-12-26 08:00:00,0.9726233612273362,0.6733067729083664,-0.6202531645569621,-0.4558114622388859,0.6045333787020194,0.1524498886414254,0.5,-0.8090610004659426,0.730991043283612,0.7704867265559048,0.9558642082493036,0.22604831077269227,0.9580687870603678
2021-12-26 08:10:00,0.9729608089260809,0.5059760956175297,-0.6226358897989577,-0.456168541331905,0.6083940793864757,0.14242761692650333,0.5,-0.8090610004659426,0.730991043283612,0.7704867265559048,0.9560579528245492,0.22604831077269227,0.9595324924181843
2021-12-26 08:20:00,0.9732982566248256,-0.40239043824701204,-0.6509307520476546,-0.4447420103552937,0.6184449882870268,0.13173719376391982,0.5,-0.8090610004659426,0.730991043283612,0.7704867265559048,0.9562517878079029,0.22604831077269227,0.9609961977760008
2021-12-26 08:30:00,0.9736357043235704,-0.5697211155378487,-0.6613551749813851,-0.4383145866809498,0.6184449882870268,0.15066815144766146,0.5,-0.8090610004659426,0.730991043283612,0.7704867265559048,0.9564455323831486,0.22604831077269227,0.9624599785747695
2021-12-26 08:40:00,0.9739730822873082,-0.23505976095617542,-0.6524199553239018,-0.44224245670415996,0.6083940793864757,0.1599109131403118,0.5,-0.8090610004659426,0.730991043283612,0.7704867265559048,0.9566393673665021,0.22604831077269227,0.963923683932586
2021-12-26 08:50:00,0.9743105299860529,0.07569721115537842,-0.6425912137006702,-0.44545616854133185,0.6046249885487691,0.1589086859688196,0.5,-0.8090610004659426,0.730991043283612,0.7704867265559048,0.9568331119417478,0.22604831077269227,0.9653873138494501
2021-12-26 09:00:00,0.9746479776847978,0.05179282868525892,-0.6342516753536859,-0.44545616854133185,0.6045857271858764,0.18084632516703786,0.5,-0.8000448265522612,0.7405167137442662,0.7746515560029559,0.9570269469251014,0.2248149194019883,0.9668511700891712
2021-12-26 09:10:00,0.9749854253835426,0.003984063745019917,-0.6351451973194342,-0.44259953579717903,0.6045333787020194,0.183630289532294,0.5,-0.8000448265522612,0.7405167137442662,0.7746515560029559,0.957220691500347,0.2248149194019883,0.9683148000060353
2021-12-26 09:20:00,0.9753228730822873,0.05976095617529875,-0.6339538346984364,-0.4475986430994465,0.6045333787020194,0.20623608017817371,0.5,-0.8000448265522612,0.7405167137442662,0.7746515560029559,0.9574143908715388,0.2248149194019883,0.718907011482113
2021-12-26 09:30:00,0.9756602510460252,0.06772908366533859,-0.6324646314221891,-0.45509730405284765,0.6045333787020194,0.19320712694877507,0.5,-0.8000448265522612,0.7405167137442662,0.7746515560029559,0.9576081806508385,0.2248149194019883,0.8531919066946302
2021-12-26 09:40:00,0.9759976987447698,0.3067729083665336,-0.6223380491437082,-0.4575968577039814,0.6045333787020194,0.17405345211581294,0.5,-0.8000448265522612,0.7405167137442662,0.7746515560029559,0.9578019252260842,0.2248149194019883,0.8651115771685502
2021-12-26 09:50:00,0.9763351464435146,0.3227091633466135,-0.6184661206254655,-0.45973933226209607,0.6045333787020194,0.1623608017817372,0.5,-0.8000448265522612,0.7405167137442662,0.7746515560029559,0.9579957602094378,0.2248149194019883,0.8620752297177
2021-12-26 10:00:00,0.9766725941422595,0.2749003984063745,-0.6125093075204766,-0.45973933226209607,0.6045333787020194,0.16280623608017816,0.5,-0.7288427845427108,0.7568324775076385,0.6890193045335923,0.9581895047846835,0.22688051459127398,0.8590388068258974
2021-12-26 10:10:00,0.9770099721059972,0.2749003984063745,-0.6110201042442294,-0.45509730405284765,0.6045333787020194,0.1593541202672606,0.5,-0.7288427845427108,0.7568324775076385,0.6890193045335923,0.958383339768037,0.22688051459127398,0.8560024593750473
2021-12-26 10:20:00,0.9773473849372385,0.4501992031872508,-0.6056589724497394,-0.45045527584359935,0.6067712763869076,0.1380846325167038,0.5,-0.7288427845427108,0.7568324775076385,0.6890193045335923,0.9585770843432828,0.22688051459127398,0.8529660364832445
2021-12-26 10:30:00,0.9776847977684797,-0.3784860557768924,-0.6154877140729711,-0.4429566148901982,0.6184449882870268,0.12037861915367484,0.5,-0.7288427845427108,0.7568324775076385,0.6890193045335923,0.9587709193266363,0.22688051459127398,0.8499296890323944
2021-12-26 10:40:00,0.9463040446304045,-0.0916334661354582,-0.6172747580044677,-0.43295840028566324,0.6184449882870268,0.11347438752783964,0.5,-0.7288427845427108,0.7568324775076385,0.6890193045335923,0.9589646639018821,0.22688051459127398,0.8468933415815441
2021-12-26 10:50:00,0.8751743375174338,0.01195219123505975,-0.61072226358898,-0.43581503302981606,0.6185235110128123,0.09677060133630289,0.5,-0.7288427845427108,0.7568324775076385,0.6890193045335923,0.9591584084771277,0.22688051459127398,0.8438569941306939
2021-12-26 11:00:00,0.9463040446304045,0.20318725099601576,-0.5982129560685034,-0.43117300482056775,0.6185365981337765,0.11458797327394209,0.5,-0.7237870898862426,0.7548152767042052,0.6603936792290006,0.9593521530523734,0.22636450787119672,0.8408205712388914
2021-12-26 11:10:00,0.9500232217573222,-0.10756972111553798,-0.5818317200297841,-0.42474558114622385,0.6258130373899047,0.14844097995545658,0.5,-0.7237870898862426,0.7548152767042052,0.6603936792290006,0.959545988035727,0.22636450787119672,0.8377842237880411
2021-12-26 11:20:00,0.95374239888424,0.01195219123505975,-0.5657483246463143,-0.41831815747188006,0.6240201018178012,0.16770601336302896,0.5,-0.7237870898862426,0.7548152767042052,0.6603936792290006,0.9597397326109727,0.22636450787119672,0.8347478008962386
2021-12-26 11:30:00,0.9574616457461647,0.5776892430278884,-0.5517498138495905,-0.4179610783788609,0.6205651018832368,0.17160356347438754,0.5,-0.7237870898862426,0.7548152767042052,0.6603936792290006,0.9599335675943262,0.22636450787119672,0.8317114534453882
2021-12-26 11:40:00,0.9611808228730824,-0.5378486055776892,-0.564854802680566,-0.4126048919835744,0.63234351075107,0.14977728285077951,0.5,-0.7237870898862426,0.7548152767042052,0.6603936792290006,0.9601273121695719,0.22636450787119672,0.8286750305535857
2021-12-26 11:50:00,0.964900069735007,-0.5458167330677292,-0.5672375279225615,-0.4061774683092304,0.63234351075107,0.15356347438752785,0.5,-0.7237870898862426,0.7548152767042052,0.6603936792290006,0.9603210567448177,0.22636450787119672,0.8256386831027355
2021-12-26 12:00:00,0.9686192468619247,-0.19521912350597614,-0.5600893521965749,-0.4001071237279057,0.6267160487364385,0.14075723830734968,0.5,-0.7279684666550821,0.7491947001066087,0.6444512416814691,0.9605148917281713,0.2391770328543983,0.822602260210933
2021-12-26 12:10:00,0.9723384937238494,0.394422310756972,-0.5341772151898735,-0.4033208355650776,0.6240724503016581,0.1279510022271715,0.5,-0.7279684666550821,0.7491947001066087,0.6444512416814691,0.9607085910993629,0.2391770328543983,0.8195659127600827
2021-12-26 12:20:00,0.9760576708507671,-0.08366533864541836,-0.5347728965003724,-0.3965363327977147,0.628508984308542,0.13006681514476615,0.5,-0.7279684666550821,0.7491947001066087,0.6444512416814691,0.9609023808786626,0.2391770328543983,0.8165294898682801
2021-12-26 12:30:00,0.9797768479776848,-0.21912350597609564,-0.5338793745346241,-0.387252276379218,0.6323042493881771,0.12394209354120268,0.5,-0.7279684666550821,0.7491947001066087,0.6444512416814691,0.9610961254539083,0.2391770328543983,0.81349314241743
2021-12-26 12:40:00,0.9816945606694562,-0.3227091633466136,-0.5309009679821297,-0.37511158721656845,0.6323042493881771,0.1433184855233853,0.5,-0.7279684666550821,0.7491947001066087,0.6444512416814691,0.9612899604372619,0.2391770328543983,0.8104567195256273
2021-12-26 12:50:00,0.9836122733612274,-0.1633466135458168,-0.5261355174981386,-0.3740403499375111,0.6323042493881771,0.1350779510022272,0.5,-0.7279684666550821,0.7491947001066087,0.6444512416814691,0.9614837050125077,0.2391770328543983,0.8074204475157295
2021-12-26 13:00:00,0.9855299860529987,-0.05179282868525903,-0.5180938198064036,-0.3729691126584538,0.6308515789611443,0.12383073496659243,0.5,-0.5632550013791503,0.728301442212369,0.5080201690254729,0.9616775399958611,0.24858105196031297,0.8043840246239268
2021-12-26 13:10:00,0.9874476987447699,-0.23505976095617542,-0.5112434847356666,-0.3661846098910908,0.6314797607674287,0.11748329621380847,0.5,-0.5632550013791503,0.728301442212369,0.5080201690254729,0.9618712845711069,0.24858105196031297,0.8013476771730766
2021-12-26 13:20:00,0.9839609483960948,-0.2270916334661356,-0.5076693968726732,-0.3618996607748617,0.6325790789284266,0.11792873051224945,0.5,-0.5632550013791503,0.728301442212369,0.5080201690254729,0.9620651195544605,0.24858105196031297,0.7983112542812741
2021-12-26 13:30:00,0.9877963737796374,0.2111553784860556,-0.49694713328369333,-0.36225673986788076,0.6262449123817251,0.12639198218262807,0.5,-0.5632550013791503,0.728301442212369,0.5080201690254729,0.9622588641297062,0.24858105196031297,0.7952749068304238
2021-12-26 13:40:00,0.99163179916318,0.027888446215139417,-0.4927773641102011,-0.3569005534725942,0.6264804805590819,0.11859688195991092,0.5,-0.5632550013791503,0.728301442212369,0.5080201690254729,0.9624526087049519,0.24858105196031297,0.7922384839386213
2021-12-26 13:50:00,0.9846582984658298,-0.5298804780876495,-0.4924795234549517,-0.3551151580074986,0.6338092682990668,0.111358574610245,0.5,-0.5632550013791503,0.728301442212369,0.5080201690254729,0.9626463532801975,0.24858105196031297,0.7892021364877709
2021-12-26 14:00:00,0.9149232914923291,0.01195219123505975,-0.4847356664184662,-0.3504731297982504,0.6274096661475441,0.09944320712694878,0.5,-0.5591754515924934,0.7095834279195532,0.4909447740977588,0.9628400978554433,0.25489954652976704,0.7861657135959684
2021-12-26 14:10:00,0.9232914923291493,-0.17928286852589637,-0.48205510052122125,-0.34618818068202095,0.6305505751789664,0.09977728285077953,0.5,-0.5591754515924934,0.7095834279195532,0.4909447740977588,0.9630339328387969,0.25489954652976704,0.7831293661451183
2021-12-26 14:20:00,0.9560669456066946,-0.298804780876494,-0.4811615785554729,-0.34154615247277276,0.6338092682990668,0.10634743875278398,0.5,-0.5591754515924934,0.7095834279195532,0.4909447740977588,0.9632276774140426,0.25489954652976704,0.7800929432533157
2021-12-26 14:30:00,0.9602510460251046,-0.50597609561753,-0.4769918093819807,-0.33476164970540967,0.6338092682990668,0.10556792873051225,0.5,-0.5591754515924934,0.7095834279195532,0.4909447740977588,0.9634215123973962,0.25489954652976704,0.7770566712434178
2021-12-26 14:40:00,0.8800557880055787,-0.043824701195219196,-0.4656738644825019,-0.3394036779146581,0.6294119956550759,0.08407572383073497,0.5,-0.5591754515924934,0.7095834279195532,0.4909447740977588,0.9636152569726418,0.25489954652976704,0.7740202483516152
2021-12-26 14:50:00,0.8486750348675035,-0.08366533864541836,-0.457632166790767,-0.335832886984467,0.626388870712332,0.10935412026726059,0.5,-0.5591754515924934,0.7095834279195532,0.4909447740977588,0.9638090919559955,0.25489954652976704,0.770983900900765
2021-12-26 15:00:00,0.8368200836820083,0.13147410358565725,-0.44839910647803427,-0.3361899660774862,0.6297915221630394,0.11614699331848552,0.5,-0.559949009796803,0.6929429580439505,0.468148794054751,0.9640028365312411,0.25826650027745746,0.7229732788146718
2021-12-26 15:10:00,0.9735006973500698,0.01195219123505975,-0.44393149664929277,-0.33654704517050527,0.6367276962740966,0.1453229398663697,0.5,-0.559949009796803,0.6929429580439505,0.468148794054751,0.9641965811064868,0.25826650027745746,0.7130905140546494
2021-12-26 15:20:00,0.9428172942817294,-0.1394422310756973,-0.44005956813105007,-0.33833244063560075,0.6367276962740966,0.1354120267260579,0.5,-0.559949009796803,0.6929429580439505,0.468148794054751,0.9643903256817326,0.25826650027745746,0.7825188225176155
2021-12-26 15:30:00,0.9679218967921898,-0.14741035856573714,-0.44303797468354433,-0.33690412426352434,0.6318723743963566,0.13964365256124722,0.5,-0.559949009796803,0.6929429580439505,0.468148794054751,0.9645841606650862,0.25826650027745746,0.7674834407109555
2021-12-26 15:40:00,0.901673640167364,0.3545816733067728,-0.4290394638868207,-0.3504731297982504,0.6275928858410438,0.13207126948775055,0.5,-0.559949009796803,0.6929429580439505,0.468148794054751,0.9647779052403318,0.25826650027745746,0.7044525250086757
2021-12-26 15:50:00,0.9184100418410042,-0.3067729083665339,-0.4349962769918094,-0.3451169434029637,0.6367669576369895,0.12806236080178174,0.5,-0.559949009796803,0.6929429580439505,0.468148794054751,0.9649717402236855,0.25826650027745746,0.7792220528991959
2021-12-26 16:00:00,0.9100418410041842,-0.4422310756972112,-0.43559195830230835,-0.34118907337975357,0.6367669576369895,0.12227171492204901,0.5,-0.5267587834527319,0.6938624797777078,0.4367943824386787,0.9651654847989312,0.26046656684661607,0.8100849465123647
2021-12-26 16:10:00,0.8758716875871688,-0.15537848605577698,-0.43469843633656013,-0.33833244063560075,0.6367669576369895,0.116815144766147,0.5,-0.5267587834527319,0.6938624797777078,0.4367943824386787,0.9651654847989312,0.26046656684661607,0.7884183049926822
2021-12-26 16:20:00,0.9107391910739191,-0.09960159362549814,-0.4308265078183172,-0.3422603106588108,0.6367669576369895,0.11937639198218264,0.5,-0.5267587834527319,0.6938624797777078,0.4367943824386787,0.9651654847989312,0.26046656684661607,0.8504232237427766
2021-12-26 16:30:00,0.795676429567643,-0.14741035856573714,-0.432613551749814,-0.33976075700767716,0.6382065409430578,0.08140311804008908,0.5,-0.5267587834527319,0.6938624797777078,0.4367943824386787,0.9651654847989312,0.26046656684661607,0.9191272990630234
2021-12-26 16:40:00,0.8089260808926081,-0.03585657370517936,-0.4296351451973195,-0.34261738975183,0.6412165787648375,0.09465478841870824,0.5,-0.5267587834527319,0.6938624797777078,0.4367943824386787,0.9651654847989312,0.26046656684661607,0.8367684113644251
2021-12-26 16:50:00,0.795676429567643,0.05179282868525892,-0.42755026061057344,-0.339046598821639,0.6369763515724176,0.08864142538975502,0.5,-0.5267587834527319,0.6938624797777078,0.4367943824386787,0.9651654847989312,0.26046656684661607,0.881029618117899
2021-12-26 17:00:00,0.802649930264993,-0.17928286852589637,-0.42874162323157117,-0.34118907337975357,0.64488097263483,0.08474387527839644,0.5,-0.5353983342800053,0.6995290324619933,0.4377245640352356,0.8781314074785754,0.2581557519327676,0.9021908052567257
2021-12-26 17:10:00,0.7928870292887029,0.05179282868525892,-0.42874162323157117,-0.33476164970540967,0.6365575637015612,0.317260579064588,0.5,-0.5353983342800053,0.6995290324619933,0.4377245640352356,0.8781314074785754,0.2581557519327676,0.6432246480679572
2021-12-26 17:20:00,0.7001394700139469,-0.05179282868525903,-0.3950856291883843,-0.33226209605427603,0.6365575637015612,0.7778396436525612,0.5,-0.5353983342800053,0.6995290324619933,0.4377245640352356,0.8781314074785754,0.2581557519327676,0.1758528599665042
2021-12-26 17:30:00,0.894002789400279,0.09960159362549792,-0.4067014147431125,-0.33047670058918044,0.6453259347476149,0.09164810690423163,0.5,-0.5353983342800053,0.6995290324619933,0.4377245640352356,0.8781314074785754,0.2581557519327676,0.3800413416418969
2021-12-26 17:40:00,0.8619246861924685,-0.08366533864541836,-0.42844378257632176,-0.33976075700767716,0.6465037756343982,0.08006681514476616,0.5,-0.5353983342800053,0.6995290324619933,0.4377245640352356,0.8781314074785754,0.2581557519327676,0.5842298233172896
2021-12-26 17:50:00,0.7594142259414226,0.07569721115537842,-0.4341027550260611,-0.3408319942867345,0.6465037756343982,0.045211581291759464,0.5,-0.5353983342800053,0.6995290324619933,0.4377245640352356,0.8781314074785754,0.2581557519327676,0.7884183049926822
2021-12-26 18:00:00,0.6262203626220363,-0.1872509960159363,-0.44661206254653774,-0.33511872879842897,0.6465037756343982,0.007015590200445435,0.5,-0.6760517146323006,0.6924831971770696,0.5734784492712437,0.7055587837588692,0.24770545205423802,0.9926067866680749
2021-12-26 18:10:00,0.5529986052998606,-0.2828685258964144,-0.4567386448250187,-0.3311908587752187,0.6465037756343982,0.0017817371937639199,0.5,-0.6760517146323006,0.6924831971770696,0.5734784492712437,0.7055587837588692,0.24770545205423802,0.7755556226141799
2021-12-26 18:20:00,0.5278940027894004,-0.38645418326693237,-0.46746090841399857,-0.3340474915193715,0.6462027718522202,0.0013363028953229399,0.5,-0.6760517146323006,0.6924831971770696,0.5734784492712437,0.7055587837588692,0.24770545205423802,0.6681277064441662
2021-12-26 18:30:00,0.5355648535564853,-0.10756972111553798,-0.4722263588979897,-0.3422603106588108,0.6327492115009619,0.0010022271714922048,0.5,-0.6760517146323006,0.6924831971770696,0.5734784492712437,0.7055587837588692,0.24770545205423802,0.6628166633975587
2021-12-26 18:40:00,0.44979079497907953,-0.02788844621513953,-0.45912137006701415,-0.32404927691483665,0.623967753333944,0.00033407572383073496,0.5,-0.6760517146323006,0.6924831971770696,0.5734784492712437,0.7055587837588692,0.24770545205423802,0.4697632662914737
2021-12-26 18:50:00,0.5041841004184101,0.05976095617529875,-0.4677587490692481,-0.32404927691483665,0.6160762193924958,0.0006681514476614699,0.5,-0.6760517146323006,0.6924831971770696,0.5734784492712437,0.7055587837588692,0.24770545205423802,0.6008947296950676
2021-12-26 19:00:00,0.6283124128312413,-0.2828685258964144,-0.49396872673119885,-0.34975897161221203,0.6239284919710513,0.0006681514476614699,0.5,-0.6909185207371167,0.720356199731616,0.594926268366331,0.6897651201641908,0.2447125500008697,0.869555049262942
2021-12-26 19:10:00,0.5139470013947002,0.05976095617529875,-0.5091586001489204,-0.3715407962863774,0.6239284919710513,0.004342984409799555,0.5,-0.6909185207371167,0.720356199731616,0.594926268366331,0.6897651201641908,0.2447125500008697,0.6257223471189101
2021-12-26 19:20:00,0.4463040446304045,-0.06772908366533881,-0.5037974683544304,-0.3693983217282628,0.6239284919710513,0.006570155902004454,0.5,-0.6909185207371167,0.720356199731616,0.594926268366331,0.6897651201641908,0.2447125500008697,0.43655415905970396
2021-12-26 19:30:00,0.5153417015341701,-0.03585657370517936,-0.5100521221146688,-0.3618996607748617,0.6239284919710513,0.005011135857461025,0.5,-0.6909185207371167,0.720356199731616,0.594926268366331,0.6897651201641908,0.2447125500008697,0.6249000407381143
2021-12-26 19:40:00,0.5209205020920502,-0.2589641434262948,-0.518987341772152,-0.37796821996072116,0.6239284919710513,0.0010022271714922048,0.5,-0.6909185207371167,0.720356199731616,0.594926268366331,0.6897651201641908,0.2447125500008697,0.639233821687765
2021-12-26 19:50:00,0.4707112970711297,0.08366533864541825,-0.5231571109456441,-0.3808248527048741,0.6239284919710513,0.0032293986636971047,0.5,-0.6909185207371167,0.720356199731616,0.594926268366331,0.6897651201641908,0.2447125500008697,0.5127796973308991
2021-12-26 20:00:00,0.5334728033472803,-0.19521912350597614,-0.5279225614296352,-0.3793965363327976,0.6338747039038882,0.0010022271714922048,0.5,-0.6964882198555611,0.7295198085096002,0.6151136818870246,0.6983221933327673,0.2459511353530393,0.6504820676856224
2021-12-26 20:10:00,0.5264993026499303,-0.01195219123505975,-0.5326880119136264,-0.3858239600071416,0.624216408632265,0.002561247216035635,0.5,-0.6964882198555611,0.7295198085096002,0.6151136818870246,0.6983221933327673,0.2459511353530393,0.6948639799628831
2021-12-26 20:20:00,0.5850767085076709,0.2350597609561753,-0.5451973194341029,-0.4015354400999822,0.6238107078823729,0.005233853006681514,0.5,-0.6964882198555611,0.7295198085096002,0.6151136818870246,0.6983221933327673,0.2459511353530393,0.7928919534680205
2021-12-26 20:30:00,0.5606694560669455,0.1633466135458166,-0.5538346984363367,-0.4143902874486699,0.6238107078823729,0.005679287305122495,0.5,-0.6964882198555611,0.7295198085096002,0.6151136818870246,0.6983221933327673,0.2459511353530393,0.7367563408120464
2021-12-26 20:40:00,0.5815899581589958,0.03585657370517925,-0.559493670886076,-0.41974647384395647,0.6238107078823729,0.0022271714922049,0.5,-0.6964882198555611,0.7295198085096002,0.6151136818870246,0.6983221933327673,0.2459511353530393,0.7830393650889449
2021-12-26 20:50:00,0.5606694560669455,-0.12350597609561753,-0.5660461653015638,-0.4222460274950901,0.6238107078823729,0.0008908685968819599,0.5,-0.6964882198555611,0.7295198085096002,0.6151136818870246,0.6983221933327673,0.2459511353530393,0.732395853765258
2021-12-26 21:00:00,0.5543933054393305,-0.08366533864541836,-0.5720029784065526,-0.42617389751830026,0.6238107078823729,0.0012249443207126948,0.5,-0.6967284288059961,0.7332381245204858,0.631504534175582,0.7035894239443209,0.23687944658786594,0.7234636450050546
2021-12-26 21:10:00,0.5557880055788006,-0.043824701195219196,-0.5746835443037976,-0.42831637207641493,0.6238107078823729,0.0008908685968819599,0.5,-0.6967284288059961,0.7332381245204858,0.631504534175582,0.7035894239443209,0.23687944658786594,0.742240898049097
2021-12-26 21:20:00,0.5411436541143654,0.043824701195219085,-0.5800446760982876,-0.4347437957507587,0.6238107078823729,0.000779510022271715,0.5,-0.6967284288059961,0.7332381245204858,0.631504534175582,0.7035894239443209,0.23687944658786594,0.7130678817689395
2021-12-26 21:30:00,0.5536959553695956,-0.0916334661354582,-0.5839166046165303,-0.43902874486698795,0.6238107078823729,0.00022271714922048998,0.5,-0.6967284288059961,0.7332381245204858,0.631504534175582,0.7035894239443209,0.23687944658786594,0.7424823090966701
2021-12-26 21:40:00,0.599721059972106,-0.3944223107569722,-0.587788533134773,-0.4386716657739689,0.6232087003180171,0.000556792873051225,0.5,-0.6967284288059961,0.7332381245204858,0.631504534175582,0.7035894239443209,0.23687944658786594,0.8194019041296379
2021-12-26 21:50:00,0.6297071129707112,0.14741035856573692,-0.5886820551005213,-0.4400999821460453,0.6125165224902174,0.0014476614699331849,0.5,-0.6967284288059961,0.7332381245204858,0.631504534175582,0.7035894239443209,0.23687944658786594,0.9287233882040526
2021-12-26 22:00:00,0.6108786610878661,0.08366533864541825,-0.589873417721519,-0.44545616854133185,0.6125165224902174,0.0010022271714922048,0.5,-0.7479245206243832,0.7296893453292609,0.6711798545112285,0.6912188373352889,0.22625142734769024,0.912488495254764
2021-12-26 22:10:00,0.5788005578800558,-0.06772908366533881,-0.5958302308265079,-0.44081414033208355,0.6125165224902174,0.0022271714922049,0.5,-0.7479245206243832,0.7296893453292609,0.6711798545112285,0.6912188373352889,0.22625142734769024,0.825950178795057
2021-12-26 22:20:00,0.5313807531380753,-0.14741035856573714,-0.6011913626209978,-0.4404570612390645,0.6125165224902174,0.0006681514476614699,0.5,-0.7479245206243832,0.7296893453292609,0.6711798545112285,0.6912188373352889,0.22625142734769024,0.694886612248593
2021-12-26 22:30:00,0.5292887029288703,-0.059760956175298974,-0.6050632911392406,-0.4415282985181217,0.6125165224902174,0.0008908685968819599,0.5,-0.7479245206243832,0.7296893453292609,0.6711798545112285,0.6912188373352889,0.22625142734769024,0.6824388551081069
2021-12-26 22:40:00,0.5822873082287308,-0.12350597609561753,-0.6083395383469845,-0.4461703267273701,0.6125165224902174,0.000779510022271715,0.5,-0.7479245206243832,0.7296893453292609,0.6711798545112285,0.6912188373352889,0.22625142734769024,0.8130648641308448
2021-12-26 22:50:00,0.5348675034867504,-0.15537848605577698,-0.6110201042442294,-0.44902695947152294,0.6125165224902174,0.00111358574610245,0.5,-0.7479245206243832,0.7296893453292609,0.6711798545112285,0.6912188373352889,0.22625142734769024,0.7033888075803069
2021-12-26 23:00:00,0.5362622036262203,-0.10756972111553798,-0.6139985107967239,-0.4515265131226567,0.6125165224902174,0.0006681514476614699,0.5,-0.7867821706390753,0.7261693011922177,0.7180582170669746,0.6639353790820562,0.2175778945522623,0.6876970894880577
2021-12-26 23:10:00,0.49721059972105996,-0.06772908366533881,-0.6172747580044677,-0.45509730405284765,0.6125165224902174,0.0014476614699331849,0.5,-0.7867821706390753,0.7261693011922177,0.7180582170669746,0.6639353790820562,0.2175778945522623,0.596360728457836
2021-12-26 23:20:00,0.5662482566248256,0.05179282868525892,-0.6178704393149665,-0.4604534904481342,0.6125165224902174,0.0010022271714922048,0.5,-0.7867821706390753,0.7261693011922177,0.7180582170669746,0.6639353790820562,0.2175778945522623,0.7675211611871389
2021-12-26 23:30:00,0.5788005578800558,0.1872509960159361,-0.6178704393149665,-0.46759507230851627,0.6125165224902174,0.0013363028953229399,0.5,-0.7867821706390753,0.7261693011922177,0.7180582170669746,0.6639353790820562,0.2175778945522623,0.7870226473739005
2021-12-26 23:40:00,0.6087866108786611,0.21912350597609564,-0.6202531645569621,-0.46830923049455453,0.6125165224902174,0.00155902004454343,0.5,-0.7867821706390753,0.7261693011922177,0.7180582170669746,0.6639353790820562,0.2175778945522623,0.8575750260271285
2021-12-26 23:50:00,0.5899581589958159,0.17131474103585642,-0.6202531645569621,-0.4686663095875737,0.6125165224902174,0.0021158129175946547,0.5,-0.7867821706390753,0.7261693011922177,0.7180582170669746,0.6639353790820562,0.2175778945522623,0.7953890489913544
2021-12-27 00:00:00,0.5446304044630405,0.11553784860557759,-0.6235294117647059,-0.4686663095875737,0.6125165224902174,0.0013363028953229399,0.5,-0.7853571932441317,0.7074397928777317,0.7284848743088155,0.6323129373835884,0.20933482672545356,0.7175415302442778
2021-12-27 00:10:00,0.48884239888423986,0.14741035856573692,-0.6291883842144453,-0.47009462595965,0.6125165224902174,0.000556792873051225,0.5,-0.7853571932441317,0.7074397928777317,0.7284848743088155,0.6323129373835884,0.20933482672545356,0.5802163646513874
2021-12-27 00:20:00,0.4783821478382148,-0.02788844621513953,-0.6339538346984364,-0.4704517050526692,0.6125165224902174,0.0006681514476614699,0.5,-0.7853571932441317,0.7074397928777317,0.7284848743088155,0.6323129373835884,0.20933482672545356,0.5582555034174752
2021-12-27 00:30:00,0.5013947001394701,0.03585657370517925,-0.6375279225614296,-0.47402249598286017,0.6125165224902174,0.0013363028953229399,0.5,-0.7853571932441317,0.7074397928777317,0.7284848743088155,0.6323129373835884,0.20933482672545356,0.5816120222701692
2021-12-27 00:40:00,0.5167364016736402,0.09163346613545809,-0.6381236038719286,-0.4800928405641849,0.6125165224902174,0.000779510022271715,0.5,-0.7853571932441317,0.7074397928777317,0.7284848743088155,0.6323129373835884,0.20933482672545356,0.6347828054981366
2021-12-27 00:50:00,0.5146443514644351,0.06772908366533859,-0.6390171258376769,-0.48723442242456705,0.6125165224902174,0.000556792873051225,0.5,-0.7853571932441317,0.7074397928777317,0.7284848743088155,0.6323129373835884,0.20933482672545356,0.6344885857839069
2021-12-27 01:00:00,0.496513249651325,-0.03585657370517936,-0.6428890543559196,-0.4850919478664524,0.6125165224902174,0.0006681514476614699,0.5,-0.840900026449,0.6967618467444632,0.767802578815929,0.6045038554317925,0.2023692463161462,0.5790621180801787
2021-12-27 01:10:00,0.47419804741980476,-0.17928286852589637,-0.6458674609084141,-0.4883056597036244,0.6125165224902174,0.00044543429844097997,0.5,-0.840900026449,0.6967618467444632,0.767802578815929,0.6045038554317925,0.2023692463161462,0.5325225945652338
2021-12-27 01:20:00,0.5355648535564853,-0.3784860557768924,-0.649143708116158,-0.4883056597036244,0.6125165224902174,0.00033407572383073496,0.5,-0.840900026449,0.6967618467444632,0.767802578815929,0.6045038554317925,0.2023692463161462,0.6445448647343724
2021-12-27 01:30:00,0.5167364016736402,-0.3466135458167332,-0.6500372300819063,-0.4893768969826816,0.6125165224902174,0.00044543429844097997,0.5,-0.840900026449,0.6967618467444632,0.767802578815929,0.6045038554317925,0.2023692463161462,0.6059417294083921
2021-12-27 01:40:00,0.4860529986052998,-0.1633466135458168,-0.6500372300819063,-0.49187645063381535,0.6125165224902174,0.0008908685968819599,0.5,-0.840900026449,0.6967618467444632,0.767802578815929,0.6045038554317925,0.2023692463161462,0.5552227771323386
2021-12-27 01:50:00,0.4790794979079498,-0.21115537848605592,-0.6518242740134029,-0.4925906088198535,0.6125165224902174,0.00033407572383073496,0.5,-0.840900026449,0.6967618467444632,0.767802578815929,0.6045038554317925,0.2023692463161462,0.5198862350438312
2021-12-27 02:00:00,0.5034867503486751,-0.3227091633466136,-0.6530156366344007,-0.49330476700589176,0.6125165224902174,0.00022271714922048998,0.5,-0.8405539547925555,0.6775352219926613,0.7727301952163937,0.5795843070168271,0.19921645427341717,0.5520467130377054
2021-12-27 02:10:00,0.48326359832635984,-0.298804780876494,-0.6542069992553984,-0.49509016247098725,0.6125165224902174,0.0006681514476614699,0.5,-0.8405539547925555,0.6775352219926613,0.7727301952163937,0.5795843070168271,0.19921645427341717,0.5053412194275541
2021-12-27 02:20:00,0.4588563458856346,-0.23505976095617542,-0.6577810871183918,-0.4990180324941974,0.6125165224902174,0.0014476614699331849,0.5,-0.8405539547925555,0.6775352219926613,0.7727301952163937,0.5795843070168271,0.19921645427341717,0.46263409629283164
2021-12-27 02:30:00,0.4860529986052998,-0.4900398406374503,-0.6589724497393894,-0.4990180324941974,0.6125165224902174,0.000779510022271715,0.5,-0.8405539547925555,0.6775352219926613,0.7727301952163937,0.5795843070168271,0.19921645427341717,0.48503251505046996
2021-12-27 02:40:00,0.47280334728033474,-0.5298804780876495,-0.6613551749813851,-0.5015175861453312,0.6125165224902174,0.00033407572383073496,0.5,-0.8405539547925555,0.6775352219926613,0.7727301952163937,0.5795843070168271,0.19921645427341717,0.4557237050560527
2021-12-27 02:50:00,0.4783821478382148,0.07569721115537842,-0.6619508562918839,-0.5029459025174077,0.6023347423800238,0.00022271714922048998,0.5,-0.8405539547925555,0.6775352219926613,0.7727301952163937,0.5795843070168271,0.19921645427341717,0.5033872987612595
2021-12-27 03:00:00,0.4693165969316597,0.40239043824701204,-0.6616530156366345,-0.5093733261917515,0.6012746855819189,0.00022271714922048998,0.5,-0.8342951808454542,0.6675469171597139,0.7728537121727737,0.5632471098774091,0.1986416179050419,0.490796203811277
2021-12-27 03:10:00,0.4867503486750349,0.4422310756972112,-0.6619508562918839,-0.5100874843777897,0.6012746855819189,0.00033407572383073496,0.5,-0.8342951808454542,0.6675469171597139,0.7728537121727737,0.5632471098774091,0.1986416179050419,0.5002338669523364
2021-12-27 03:20:00,0.4665271966527197,0.2828685258964143,-0.6619508562918839,-0.5133011962149616,0.6012746855819189,0.00044543429844097997,0.5,-0.8342951808454542,0.6675469171597139,0.7728537121727737,0.5632471098774091,0.1986416179050419,0.46592332181601465
2021-12-27 03:30:00,0.42189679218967924,0.298804780876494,-0.6625465376023828,-0.5097304052847705,0.6012746855819189,0.00044543429844097997,0.5,-0.8342951808454542,0.6675469171597139,0.7728537121727737,0.5632471098774091,0.1986416179050419,0.38646136668829306
2021-12-27 03:40:00,0.4295676429567643,0.346613545816733,-0.6649292628443784,-0.5118728798428852,0.6040753294682704,0.000556792873051225,0.5,-0.8342951808454542,0.6675469171597139,0.7728537121727737,0.5632471098774091,0.1986416179050419,0.39224768773481
2021-12-27 03:50:00,0.4344490934449094,-0.15537848605577698,-0.6580789277736412,-0.5054454561685413,0.6089960869508317,0.00044543429844097997,0.5,-0.8342951808454542,0.6675469171597139,0.7728537121727737,0.5632471098774091,0.1986416179050419,0.4066644537320639
2021-12-27 04:00:00,0.4330543933054393,-0.15537848605577698,-0.6553983618763962,-0.4958043206570255,0.6125426967321458,0.000556792873051225,0.5,-0.857329758326849,0.6652682273632421,0.7856965589114377,0.5480326910300939,0.1971618830958308,0.40209273201864904
2021-12-27 04:10:00,0.4372384937238493,-0.2828685258964144,-0.6619508562918839,-0.504374218889484,0.6126866550627527,0.00033407572383073496,0.5,-0.857329758326849,0.6652682273632421,0.7856965589114377,0.5480326910300939,0.1971618830958308,0.41116073449311225
2021-12-27 04:20:00,0.399581589958159,-0.2749003984063746,-0.6619508562918839,-0.5097304052847705,0.6126866550627527,0.00022271714922048998,0.5,-0.857329758326849,0.6652682273632421,0.7856965589114377,0.5480326910300939,0.1971618830958308,0.3411515306969235
2021-12-27 04:30:00,0.405160390516039,-0.10756972111553798,-0.6631422189128817,-0.5125870380289234,0.6126866550627527,0.00022271714922048998,0.5,-0.857329758326849,0.6652682273632421,0.7856965589114377,0.5480326910300939,0.1971618830958308,0.3564358676463932
2021-12-27 04:40:00,0.4177126917712692,-0.07569721115537853,-0.6649292628443784,-0.5133011962149616,0.6126866550627527,0.00022271714922048998,0.5,-0.857329758326849,0.6652682273632421,0.7856965589114377,0.5480326910300939,0.1971618830958308,0.37245198183381867
2021-12-27 04:50:00,0.42329149232914925,-0.01195219123505975,-0.6664184661206255,-0.5158007498660953,0.6126866550627527,0.00022271714922048998,0.5,-0.857329758326849,0.6652682273632421,0.7856965589114377,0.5480326910300939,0.1971618830958308,0.3867480423072861
2021-12-27 05:00:00,0.4302649930264993,-0.0916334661354582,-0.6679076693968727,-0.5190144617032673,0.6126866550627527,0.00022271714922048998,0.5,-0.8490927459365099,0.6514064372268394,0.7813318704056037,0.5412051611290303,0.1942804079503205,0.4019116737329692
2021-12-27 05:10:00,0.4260808926080893,-0.06772908366533881,-0.6679076693968727,-0.5193715407962863,0.6126866550627527,0.00022271714922048998,0.5,-0.8490927459365099,0.6514064372268394,0.7813318704056037,0.5412051611290303,0.1942804079503205,0.38917724097349005
2021-12-27 05:20:00,0.39051603905160387,-0.0916334661354582,-0.6679076693968727,-0.5200856989823246,0.6126866550627527,0.00022271714922048998,0.5,-0.8490927459365099,0.6514064372268394,0.7813318704056037,0.5412051611290303,0.1942804079503205,0.31897943479638485
2021-12-27 05:30:00,0.4100418410041841,-0.26693227091633476,-0.6679076693968727,-0.5129441171219424,0.6126866550627527,0.00022271714922048998,0.5,-0.8490927459365099,0.6514064372268394,0.7813318704056037,0.5412051611290303,0.1942804079503205,0.3458364138388883
2021-12-27 05:40:00,0.4121338912133891,-0.2589641434262948,-0.6679076693968727,-0.5133011962149616,0.6100692308699008,0.00022271714922048998,0.5,-0.8490927459365099,0.6514064372268394,0.7813318704056037,0.5412051611290303,0.1942804079503205,0.3468699548863105
2021-12-27 05:50:00,0.402370990237099,0.20318725099601576,-0.6679076693968727,-0.5190144617032673,0.60628705291123,0.00022271714922048998,0.5,-0.8490927459365099,0.6514064372268394,0.7813318704056037,0.5412051611290303,0.1942804079503205,0.3318496612701239
2021-12-27 06:00:00,0.39191073919107394,-0.4342629482071714,-0.6708860759493671,-0.5140153544009998,0.6103964088940074,0.00033407572383073496,0.5,-0.8755269371224221,0.6441221009922218,0.8384626475973733,0.538708957106462,0.18394164084884093,0.30742188089382444
2021-12-27 06:10:00,0.398884239888424,0.11553784860557759,-0.6708860759493671,-0.5168719871451526,0.6015626022431325,0.00022271714922048998,0.5,-0.8755269371224221,0.6441221009922218,0.8384626475973733,0.538708957106462,0.18394164084884093,0.3215972358435053
2021-12-27 06:20:00,0.4177126917712692,0.2589641434262948,-0.6708860759493671,-0.5247277271915729,0.6061692688225518,0.00022271714922048998,0.5,-0.8755269371224221,0.6441221009922218,0.8384626475973733,0.538708957106462,0.18394164084884093,0.3629992305022859
2021-12-27 06:30:00,0.401673640167364,-0.24302788844621515,-0.6708860759493671,-0.5165149080521336,0.6033162764523432,0.00022271714922048998,0.5,-0.8755269371224221,0.6441221009922218,0.8384626475973733,0.538708957106462,0.18394164084884093,0.30512093184664363
2021-12-27 06:40:00,0.41841004184100417,0.298804780876494,-0.6708860759493671,-0.5175861453311908,0.6015626022431325,0.00022271714922048998,0.5,-0.8755269371224221,0.6441221009922218,0.8384626475973733,0.538708957106462,0.18394164084884093,0.34448602079152646
2021-12-27 06:50:00,0.38633193863319387,0.43426294820717115,-0.6708860759493671,-0.5282985181217639,0.6016934734527751,0.00022271714922048998,0.5,-0.8755269371224221,0.6441221009922218,0.8384626475973733,0.538708957106462,0.18394164084884093,0.303016129275616
2021-12-27 07:00:00,0.37447698744769875,-0.1394422310756973,-0.6708860759493671,-0.5290126763078021,0.6128437005143238,0.00022271714922048998,0.5,-0.8701470837892978,0.6390877194998943,0.8323651709067603,0.519271204865547,0.19184563688485828,0.27956908128008207
2021-12-27 07:10:00,0.40446304044630405,-0.11553784860557781,-0.6705882352941177,-0.5172290662381718,0.6061038332177304,0.00022271714922048998,0.5,-0.8701470837892978,0.6390877194998943,0.8323651709067603,0.519271204865547,0.19184563688485828,0.3036498332754953
2021-12-27 07:20:00,0.37866108786610875,0.2589641434262948,-0.6708860759493671,-0.5207998571683627,0.6016018636060254,0.00022271714922048998,0.5,-0.8701470837892978,0.6390877194998943,0.8323651709067603,0.519271204865547,0.19184563688485828,0.280542269565611
2021-12-27 07:30:00,0.35146443514644354,0.29083665338645415,-0.6708860759493671,-0.5279414390287449,0.605423302927589,0.00022271714922048998,0.5,-0.8701470837892978,0.6390877194998943,0.8323651709067603,0.519271204865547,0.19184563688485828,0.24411183366778821
2021-12-27 07:40:00,0.33472803347280333,-0.3067729083665339,-0.6699925539836189,-0.5290126763078021,0.6128567876352881,0.00022271714922048998,0.5,-0.8701470837892978,0.6390877194998943,0.8323651709067603,0.519271204865547,0.19184563688485828,0.22156253300541667
2021-12-27 07:50:00,0.38702928870292885,-0.1394422310756973,-0.6679076693968727,-0.5232994108194965,0.605475651411446,0.00022271714922048998,0.5,-0.8701470837892978,0.6390877194998943,0.8323651709067603,0.519271204865547,0.19184563688485828,0.2785883488993165
2021-12-27 08:00:00,0.3682008368200837,0.4262948207171313,-0.6670141474311244,-0.5257989644706302,0.6029629241863083,0.00022271714922048998,0.5,-0.8689790919487977,0.6344326407227441,0.8290011726502009,0.4896273355678231,0.19767763528525206,0.26220257404529473
2021-12-27 08:10:00,0.33472803347280333,-0.45019920318725104,-0.6637379002233805,-0.5247277271915729,0.6128567876352881,0.00033407572383073496,0.5,-0.8689790919487977,0.6344326407227441,0.8290011726502009,0.4896273355678231,0.19767763528525206,0.21819786652986708
2021-12-27 08:20:00,0.30404463040446306,-0.21912350597609564,-0.6619508562918839,-0.5297268344938404,0.6128567876352881,0.00022271714922048998,0.5,-0.8689790919487977,0.6344326407227441,0.8290011726502009,0.4896273355678231,0.19767763528525206,0.1906468307255911
2021-12-27 08:30:00,0.301255230125523,-0.12350597609561753,-0.6619508562918839,-0.535083020889127,0.6128567876352881,0.00022271714922048998,0.5,-0.8689790919487977,0.6344326407227441,0.8290011726502009,0.4896273355678231,0.19767763528525206,0.18661073977397893
2021-12-27 08:40:00,0.34449093444909346,0.07569721115537842,-0.6619508562918839,-0.5361542581681842,0.6128567876352881,0.00033407572383073496,0.5,-0.8689790919487977,0.6344326407227441,0.8290011726502009,0.4896273355678231,0.19767763528525206,0.2269263847186807
2021-12-27 08:50:00,0.34449093444909346,-0.0916334661354582,-0.6619508562918839,-0.5290126763078021,0.6128567876352881,0.00033407572383073496,0.5,-0.8689790919487977,0.6344326407227441,0.8290011726502009,0.4896273355678231,0.19767763528525206,0.22653409176637446
2021-12-27 09:00:00,0.3312412831241283,-0.13147410358565736,-0.6619508562918839,-0.5311551508659168,0.6128567876352881,0.00033407572383073496,0.5,-0.869614768481197,0.6401308019666276,0.8237253246663488,0.45712421040860707,0.19557265036545846,0.21506706700665387
2021-12-27 09:10:00,0.3403068340306834,-0.24302788844621515,-0.6598659717051378,-0.5282985181217639,0.6128567876352881,0.00044543429844097997,0.5,-0.869614768481197,0.6401308019666276,0.8237253246663488,0.45712421040860707,0.19557265036545846,0.23133213633688912
2021-12-27 09:20:00,0.3326359832635983,-0.05179282868525903,-0.656589724497394,-0.5275843599357257,0.6128567876352881,0.00022271714922048998,0.5,-0.869614768481197,0.6401308019666276,0.8237253246663488,0.45712421040860707,0.19557265036545846,0.22002353757713836
2021-12-27 09:30:00,0.3158995815899582,-0.17131474103585675,-0.6515264333581534,-0.5275843599357257,0.6128567876352881,0.00022271714922048998,0.5,-0.869614768481197,0.6401308019666276,0.8237253246663488,0.45712421040860707,0.19557265036545846,0.204490245484859
2021-12-27 09:40:00,0.3096234309623431,-0.10756972111553798,-0.646463142218913,-0.5304409926798785,0.6128567876352881,0.00022271714922048998,0.5,-0.869614768481197,0.6401308019666276,0.8237253246663488,0.45712421040860707,0.19557265036545846,0.1886702777735866
2021-12-27 09:50:00,0.3193863319386332,-0.2749003984063746,-0.6402084884586747,-0.5286555972147831,0.6128567876352881,0.00044543429844097997,0.5,-0.869614768481197,0.6401308019666276,0.8237253246663488,0.45712421040860707,0.19557265036545846,0.19208775291579283
2021-12-27 10:00:00,0.2796373779637378,-0.10756972111553798,-0.6333581533879376,-0.5311551508659168,0.6128567876352881,0.00044543429844097997,0.5,-0.7048773890401081,0.6482858103428973,0.7185908363860664,0.4108967185917419,0.1846973551486953,0.15558942016084013
2021-12-27 10:10:00,0.29288702928870297,-0.08366533864541836,-0.6276991809381982,-0.5311551508659168,0.6128567876352881,0.00044543429844097997,0.5,-0.7048773890401081,0.6482858103428973,0.7185908363860664,0.4108967185917419,0.1846973551486953,0.1581393243508306
2021-12-27 10:20:00,0.28521617852161785,-0.05179282868525903,-0.6217423678332092,-0.5297268344938404,0.6128567876352881,0.00044543429844097997,0.5,-0.7048773890401081,0.6482858103428973,0.7185908363860664,0.4108967185917419,0.1846973551486953,0.1542767475896616
2021-12-27 10:30:00,0.2907949790794979,0.003984063745019917,-0.6175725986597171,-0.5275843599357257,0.6128567876352881,0.00022271714922048998,0.5,-0.7048773890401081,0.6482858103428973,0.7185908363860664,0.4108967185917419,0.1846973551486953,0.15676629901775882
2021-12-27 10:40:00,0.298465829846583,0.003984063745019917,-0.6125093075204766,-0.5275843599357257,0.6128567876352881,0.00022271714922048998,0.5,-0.7048773890401081,0.6482858103428973,0.7185908363860664,0.4108967185917419,0.1846973551486953,0.1630957949213151
2021-12-27 10:50:00,0.2670850767085077,-0.1872509960159363,-0.6086373790022339,-0.5222281735404393,0.6128567876352881,0.00022271714922048998,0.5,-0.7048773890401081,0.6482858103428973,0.7185908363860664,0.4108967185917419,0.1846973551486953,0.14326991263937716
2021-12-27 11:00:00,0.28451882845188287,0.019920318725099362,-0.5991064780342518,-0.5200856989823246,0.6128567876352881,0.00022271714922048998,0.5,-0.6962378382128347,0.6513202320642988,0.6278106923835565,0.3731678601425019,0.19795783491334548,0.15313758920892617
2021-12-27 11:10:00,0.28033472803347276,0.20318725099601576,-0.5895755770662696,-0.514729512587038,0.6128567876352881,0.00022271714922048998,0.5,-0.6962378382128347,0.6513202320642988,0.6278106923835565,0.3731678601425019,0.19795783491334548,0.16256016415951235
2021-12-27 11:20:00,0.3179916317991632,0.41035856573705165,-0.5809381980640358,-0.5108016425638279,0.6128567876352881,0.00044543429844097997,0.5,-0.6962378382128347,0.6513202320642988,0.6278106923835565,0.3731678601425019,0.19795783491334548,0.1945999366296
2021-12-27 11:30:00,0.28521617852161785,0.05976095617529875,-0.5725986597170515,-0.5079450098196749,0.6231301775922314,0.00033407572383073496,0.5,-0.6962378382128347,0.6513202320642988,0.6278106923835565,0.3731678601425019,0.19795783491334548,0.15234545920907705
2021-12-27 11:40:00,0.2691771269177127,-0.33864541832669326,-0.5645569620253166,-0.5011605070523122,0.6267422229783669,0.00022271714922048998,0.5,-0.6962378382128347,0.6513202320642988,0.6278106923835565,0.3731678601425019,0.19795783491334548,0.13430752749822714
2021-12-27 11:50:00,0.25523012552301255,-0.2749003984063746,-0.5535368577810872,-0.4958043206570255,0.6267422229783669,0.00033407572383073496,0.5,-0.6962378382128347,0.6513202320642988,0.6278106923835565,0.3731678601425019,0.19795783491334548,0.12010954026283628
2021-12-27 12:00:00,0.197350069735007,-0.21115537848605592,-0.5434102755026062,-0.4911622924477772,0.6267422229783669,0.00022271714922048998,0.5,-0.6958968362259912,0.6465071104891581,0.5289302962365245,0.32618369766650523,0.22062137957182207,0.07573517208081235
2021-12-27 12:10:00,0.16596931659693165,-0.1633466135458168,-0.5306031273268802,-0.48580610605249064,0.6267422229783669,0.00033407572383073496,0.5,-0.6958968362259912,0.6465071104891581,0.5289302962365245,0.32618369766650523,0.22062137957182207,0.056414744179730525
2021-12-27 12:20:00,0.1499302649930265,0.5298804780876492,-0.516902457185406,-0.4783074450990894,0.6267422229783669,0.00033407572383073496,0.5,-0.6958968362259912,0.6465071104891581,0.5289302962365245,0.32618369766650523,0.22062137957182207,0.0432955625631818
2021-12-27 12:30:00,0.11854951185495119,0.298804780876494,-0.5026061057334327,-0.4690233886805927,0.6267422229783669,0.00033407572383073496,0.5,-0.6958968362259912,0.6465071104891581,0.5289302962365245,0.32618369766650523,0.22062137957182207,0.028629841423118127
2021-12-27 12:40:00,0.10669456066945607,0.5458167330677288,-0.49009679821295615,-0.4611676486341725,0.6267422229783669,0.00022271714922048998,0.5,-0.6958968362259912,0.6465071104891581,0.5289302962365245,0.32618369766650523,0.22062137957182207,0.013300239902228525
2021-12-27 12:50:00,0.10739191073919108,0.10756972111553775,-0.4677587490692481,-0.4179610783788609,0.6413736242164086,0.006792873051224944,0.5,-0.6958968362259912,0.6465071104891581,0.5289302962365245,0.32618369766650523,0.22062137957182207,0.0001659700952064819
2021-12-27 13:00:00,0.10320781032078104,-0.003984063745020028,-0.4424422933730455,-0.3586859489376897,0.6431403855465837,0.18919821826280622,0.5,-0.49234710026572415,0.6283810383124484,0.404510930553162,0.23430883573878475,0.2405013930925461,0.0
2021-12-27 13:10:00,0.12691771269177127,0.5776892430278884,-0.4367833209233061,-0.35904302803070876,0.6431403855465837,0.9964365256124722,0.5,-0.49234710026572415,0.6283810383124484,0.404510930553162,0.23430883573878475,0.2405013930925461,0.0
2021-12-27 13:20:00,0.1087866108786611,0.09960159362549792,-0.4308265078183172,-0.35618639528655593,0.6431403855465837,0.9964365256124722,0.5,-0.49234710026572415,0.6283810383124484,0.404510930553162,0.23430883573878475,0.2405013930925461,0.0
2021-12-27 13:30:00,0.10320781032078104,0.5617529880478087,-0.42040208488458686,-0.3586859489376897,0.6431403855465837,0.9964365256124722,0.5,-0.49234710026572415,0.6283810383124484,0.404510930553162,0.23430883573878475,0.2405013930925461,0.0
2021-12-27 13:40:00,0.11227336122733612,0.6087080250426862,-0.40848845867460915,-0.36582753079807184,0.6431403855465837,0.9964365256124722,0.5,-0.49234710026572415,0.6283810383124484,0.404510930553162,0.23430883573878475,0.2405013930925461,0.0
2021-12-27 13:50:00,0.1206415620641562,0.6556630620375639,-0.39627699180938203,-0.3676129262631672,0.6431403855465837,0.9964365256124722,0.5,-0.49234710026572415,0.6283810383124484,0.404510930553162,0.23430883573878475,0.2405013930925461,0.0
2021-12-27 14:00:00,0.09483960948396096,0.7026180990324413,-0.38525688756515275,-0.3740403499375111,0.6431403855465837,0.9964365256124722,0.5,-0.48517325095564945,0.6012896292315969,0.38949246071013116,0.12539749707941442,0.27240548454310337,0.0
2021-12-27 14:10:00,0.08786610878661089,0.749573136027319,-0.3766195085629189,-0.3740403499375111,0.6431403855465837,0.9964365256124722,0.5,-0.48517325095564945,0.6012896292315969,0.38949246071013116,0.12539749707941442,0.27240548454310337,0.0
2021-12-27 14:20:00,0.07670850767085077,0.6687535571997723,-0.3635145197319435,-0.3740403499375111,0.6431403855465837,0.9964365256124722,0.5,-0.48517325095564945,0.6012896292315969,0.38949246071013116,0.12539749707941442,0.27240548454310337,0.0
2021-12-27 14:30:00,0.061366806136680614,0.5879339783722253,-0.35070737155621756,-0.3726120335654347,0.6431403855465837,0.9964365256124722,0.5,-0.48517325095564945,0.6012896292315969,0.38949246071013116,0.12539749707941442,0.27240548454310337,0.0
2021-12-27 14:40:00,0.06555090655509065,0.5071143995446781,-0.33909158600148936,-0.36582753079807184,0.6431403855465837,0.9964365256124722,0.5,-0.48517325095564945,0.6012896292315969,0.38949246071013116,0.12539749707941442,0.27240548454310337,0.0
2021-12-27 14:50:00,0.08298465829846582,0.4262948207171313,-0.3167535368577812,-0.359757186216747,0.6431403855465837,0.9964365256124722,0.5,-0.48517325095564945,0.6012896292315969,0.38949246071013116,0.12539749707941442,0.27240548454310337,0.0
2021-12-27 15:00:00,0.09483960948396096,0.34547524188958456,-0.30781831720029795,-0.359757186216747,0.6431403855465837,0.9964365256124722,0.5,-0.4781052643515843,0.5886203438436602,0.3803130203738303,0.0456021121736693,0.4772407769622633,0.0
2021-12-27 15:10:00,0.1324965132496513,0.26465566306203736,-0.29560685033507084,-0.3626138189608997,0.6431403855465837,0.9964365256124722,0.5,-0.4781052643515843,0.5886203438436602,0.3803130203738303,0.0456021121736693,0.4772407769622633,0.0
2021-12-27 15:20:00,0.12203626220362622,0.18383608423449038,-0.2872673119880864,-0.36689876807712907,0.6431403855465837,0.9964365256124722,0.5,-0.4781052643515843,0.5886203438436602,0.3803130203738303,0.0456021121736693,0.4772407769622633,0.0
2021-12-27 15:30:00,0.12622036262203626,0.1030165054069434,-0.27237527922561433,-0.3683270844492056,0.6431403855465837,0.9964365256124722,0.5,-0.4781052643515843,0.5886203438436602,0.3803130203738303,0.0456021121736693,0.4772407769622633,0.0
2021-12-27 15:40:00,0.1631799163179916,0.022196926579396425,-0.2670141474311244,-0.3743974290305303,0.6431403855465837,0.9964365256124722,0.5,-0.4781052643515843,0.5886203438436602,0.3803130203738303,0.0456021121736693,0.4772407769622633,0.0
2021-12-27 15:50:00,0.18758716875871687,-0.05862265224815055,-0.254504839910648,-0.3776111408677022,0.6554161050110587,0.9964365256124722,0.5,-0.4781052643515843,0.5886203438436602,0.3803130203738303,0.0456021121736693,0.4772407769622633,0.0
2021-12-27 16:00:00,0.1499302649930265,-0.1394422310756973,-0.2631422189128817,-0.3743974290305303,0.7994398712227297,0.9884187082405346,0.5,-0.3954635462405566,0.580746938998353,0.3218967284111953,0.11925206923008022,0.6755750646609776,0.0
2021-12-27 16:10:00,0.13528591352859135,-0.8486055776892429,-0.2872673119880864,-0.36047134440278517,0.817343052701836,0.9988864142538976,0.5,-0.3954635462405566,0.580746938998353,0.3218967284111953,0.11925206923008022,0.6755750646609776,0.0
2021-12-27 16:20:00,0.15271966527196654,-0.50597609561753,-0.2982874162323158,-0.359757186216747,0.817343052701836,0.9988864142538976,0.5,-0.3954635462405566,0.580746938998353,0.3218967284111953,0.11925206923008022,0.6755750646609776,0.0
2021-12-27 16:30:00,0.16945606694560672,-0.6454183266932272,-0.30394638868205526,-0.3676129262631672,0.817343052701836,0.9988864142538976,0.5,-0.3954635462405566,0.580746938998353,0.3218967284111953,0.11925206923008022,0.6755750646609776,0.0
2021-12-27 16:40:00,0.1603905160390516,-0.5946215139442232,-0.31198808637379016,-0.3776111408677022,0.817343052701836,0.9988864142538976,0.5,-0.3954635462405566,0.580746938998353,0.3218967284111953,0.11925206923008022,0.6755750646609776,0.0
2021-12-27 16:50:00,0.14853556485355648,-0.5438247011952192,-0.3173492181682801,-0.387252276379218,0.817343052701836,0.9988864142538976,0.5,-0.3954635462405566,0.580746938998353,0.3218967284111953,0.11925206923008022,0.6755750646609776,0.0
2021-12-27 17:00:00,0.17503486750348674,-0.49302788844621515,-0.32330603127326885,-0.39725049098375276,0.817343052701836,0.989977728285078,0.5,-0.3895844305110061,0.5941920708491514,0.31989864507985927,0.2164062041293275,0.7192904500252634,0.0
2021-12-27 17:10:00,0.1589958158995816,-0.4422310756972112,-0.33134772896500375,-0.40403499375111596,0.817343052701836,0.9995545657015591,0.5,-0.3895844305110061,0.5941920708491514,0.31989864507985927,0.2164062041293275,0.7192904500252634,0.0
2021-12-27 17:20:00,0.19665271966527195,-0.4900398406374503,-0.3367088607594937,-0.40546331012319237,0.817343052701836,0.4643652561247216,0.5,-0.3895844305110061,0.5941920708491514,0.31989864507985927,0.2164062041293275,0.7192904500252634,0.017532477329993815
2021-12-27 17:30:00,0.16527196652719667,-0.1633466135458168,-0.32777364110201046,-0.3629708980539189,0.8106293596471712,0.00011135857461024499,0.5,-0.3895844305110061,0.5941920708491514,0.31989864507985927,0.2164062041293275,0.7192904500252634,0.037720476183291336
2021-12-27 17:40:00,0.1701534170153417,0.346613545816733,-0.3170513775130306,-0.3279771469380467,0.8060357801887162,0.00011135857461024499,0.5,-0.3895844305110061,0.5941920708491514,0.31989864507985927,0.2164062041293275,0.7192904500252634,0.040428806373251656
2021-12-27 17:50:00,0.1903765690376569,0.36254980079681287,-0.3093075204765452,-0.3036957686127477,0.8173692269437647,0.00022271714922048998,0.5,-0.3895844305110061,0.5941920708491514,0.31989864507985927,0.2164062041293275,0.7192904500252634,0.050598246752267
2021-12-27 18:00:00,0.23221757322175732,0.5378486055776892,-0.30483991064780347,-0.2851276557757543,0.8178796246613708,0.00033407572383073496,0.5,-0.5503496237604741,0.581088886143095,0.49132318744256115,0.19104636822885274,0.7595237868249838,0.076957315509151
2021-12-27 18:10:00,0.19665271966527195,-0.2270916334661356,-0.3015636634400597,-0.2733440457061238,0.8312023138029865,0.00022271714922048998,0.5,-0.5503496237604741,0.581088886143095,0.49132318744256115,0.19104636822885274,0.7595237868249838,0.06220106522624742
2021-12-27 18:20:00,0.20711297071129708,-0.21912350597609564,-0.3018615040953091,-0.25977504017139796,0.8237295677323945,0.00033407572383073496,0.5,-0.5503496237604741,0.581088886143095,0.49132318744256115,0.19104636822885274,0.7595237868249838,0.06121278875024518
2021-12-27 18:30:00,0.2482566248256625,0.5059760956175297,-0.2979895755770663,-0.2526334583110159,0.8234678253131094,0.00022271714922048998,0.5,-0.5503496237604741,0.581088886143095,0.49132318744256115,0.19104636822885274,0.7595237868249838,0.09537999607707048
2021-12-27 18:40:00,0.21827057182705717,0.14741035856573692,-0.2941176470588236,-0.24727727191572935,0.8285848896101347,0.00022271714922048998,0.5,-0.5503496237604741,0.581088886143095,0.49132318744256115,0.19104636822885274,0.7595237868249838,0.08086515684173998
2021-12-27 18:50:00,0.2105997210599721,0.31474103585657365,-0.29292628443782587,-0.24049276914836637,0.8285848896101347,0.00022271714922048998,0.5,-0.5503496237604741,0.581088886143095,0.49132318744256115,0.19104636822885274,0.7595237868249838,0.07737978484240385
2021-12-27 19:00:00,0.21269177126917713,0.38645418326693215,-0.2932241250930754,-0.23477950366006073,0.8285848896101347,0.00022271714922048998,0.5,-0.5625506508355116,0.6018470892826885,0.5132863791359318,0.2451344562734077,0.7227914086059146,0.08518037931710849
2021-12-27 19:10:00,0.20432357043235705,0.5537848605577689,-0.29262844378257635,-0.22835207998571683,0.8355341508421563,0.00022271714922048998,0.5,-0.5625506508355116,0.6018470892826885,0.5132863791359318,0.2451344562734077,0.7227914086059146,0.07071834874843459
2021-12-27 19:20:00,0.23640167364016737,0.6015936254980081,-0.2911392405063292,-0.2240671308694876,0.8450354006622084,0.00022271714922048998,0.5,-0.5625506508355116,0.6018470892826885,0.5132863791359318,0.2451344562734077,0.7227914086059146,0.07584078941412557
2021-12-27 19:30:00,0.21687587168758715,0.13147410358565725,-0.2863737900223382,-0.22121049812533466,0.8568138095300415,0.00022271714922048998,0.5,-0.5625506508355116,0.6018470892826885,0.5132863791359318,0.2451344562734077,0.7227914086059146,0.07498076255714653
2021-12-27 19:40:00,0.2301255230125523,-0.3705179282868527,-0.29203276247207755,-0.21906802356722022,0.8589208360052872,0.00022271714922048998,0.5,-0.5625506508355116,0.6018470892826885,0.5132863791359318,0.2451344562734077,0.7227914086059146,0.08934471988774387
2021-12-27 19:50:00,0.201534170153417,-0.3227091633466136,-0.29233060312732695,-0.21335475807891446,0.8589208360052872,0.00033407572383073496,0.5,-0.5625506508355116,0.6018470892826885,0.5132863791359318,0.2451344562734077,0.7227914086059146,0.06796475398705434
2021-12-27 20:00:00,0.1882845188284519,-0.24302788844621515,-0.29173492181682814,-0.20442778075343682,0.8589208360052872,0.00033407572383073496,0.5,-0.5783925678643651,0.6168237995212743,0.5386593489844789,0.3013515106062108,0.7086273024979648,0.050817025514130094
2021-12-27 20:10:00,0.1596931659693166,-0.26693227091633476,-0.2905435591958303,-0.19228709159078738,0.8589208360052872,0.00022271714922048998,0.5,-0.5783925678643651,0.6168237995212743,0.5386593489844789,0.3013515106062108,0.7086273024979648,0.032711196946150246
2021-12-27 20:20:00,0.16108786610878661,-0.1394422310756973,-0.29233060312732695,-0.17728976968398502,0.8589208360052872,0.00033407572383073496,0.5,-0.5783925678643651,0.6168237995212743,0.5386593489844789,0.3013515106062108,0.7086273024979648,0.030153748660923095
2021-12-27 20:30:00,0.15620641562064158,0.2350597609561753,-0.28816083395383485,-0.16372076414925896,0.8589208360052872,0.00033407572383073496,0.5,-0.5783925678643651,0.6168237995212743,0.5386593489844789,0.3013515106062108,0.7086273024979648,0.02353003304313714
2021-12-27 20:40:00,0.13458856345885634,0.19521912350597592,-0.2893521965748326,-0.14729512587038018,0.8589208360052872,0.00033407572383073496,0.5,-0.5783925678643651,0.6168237995212743,0.5386593489844789,0.3013515106062108,0.7086273024979648,0.011353863331170694
2021-12-27 20:50:00,0.1290097629009763,-0.3944223107569722,-0.2911392405063292,-0.1280128548473486,0.8589208360052872,0.00022271714922048998,0.5,-0.5783925678643651,0.6168237995212743,0.5386593489844789,0.3013515106062108,0.7086273024979648,0.02155348009113267
2021-12-27 21:00:00,0.14504881450488147,-0.33864541832669326,-0.29262844378257635,-0.11587216568469916,0.8589208360052872,0.00022271714922048998,0.5,-0.5760453775452994,0.6304355946863128,0.5404348735289086,0.286334045821972,0.7549733463874846,0.0264646860901972
2021-12-27 21:10:00,0.12831241283124128,-0.33067729083665354,-0.29590469099032024,-0.1101589001963934,0.8589208360052872,0.00022271714922048998,0.5,-0.5760453775452994,0.6304355946863128,0.5404348735289086,0.286334045821972,0.7549733463874846,0.015789791330325754
2021-12-27 21:20:00,0.12203626220362622,-0.26693227091633476,-0.2985852568875653,-0.09766113194072468,0.8589208360052872,0.00022271714922048998,0.5,-0.5760453775452994,0.6304355946863128,0.5404348735289086,0.286334045821972,0.7549733463874846,0.004239781523001946
2021-12-27 21:30:00,0.11506276150627615,-0.02788844621513953,-0.30067014147431137,-0.0815925727548652,0.8589208360052872,0.0006681514476614699,0.5,-0.5760453775452994,0.6304355946863128,0.5404348735289086,0.286334045821972,0.7549733463874846,0.0
2021-12-27 21:40:00,0.10390516039051603,0.6573705179282865,-0.30483991064780347,-0.0751651490805213,0.8589208360052872,0.032405345211581296,0.5,-0.5760453775452994,0.6304355946863128,0.5404348735289086,0.286334045821972,0.7549733463874846,0.0
2021-12-27 21:50:00,0.1094839609483961,0.6865869853917659,-0.33164556962025327,-0.11587216568469916,0.8589208360052872,0.9870824053452116,0.5,-0.5760453775452994,0.6304355946863128,0.5404348735289086,0.286334045821972,0.7549733463874846,0.0
2021-12-27 22:00:00,0.12552301255230125,0.7158034528552455,-0.35874906924795247,-0.14051062310301732,0.8589208360052872,0.9982182628062362,0.5,-0.6314157085713772,0.6426479927127893,0.5754175640351088,0.2697141515699382,0.8026540537271551,0.0
2021-12-27 22:10:00,0.14295676429567641,0.7450199203187249,-0.37274758004467623,-0.1676486341724691,0.8589208360052872,0.9982182628062362,0.5,-0.6314157085713772,0.6426479927127893,0.5754175640351088,0.2697141515699382,0.8026540537271551,0.0
2021-12-27 22:20:00,0.1603905160390516,0.6175298804780875,-0.38078927773641114,-0.18943045884663456,0.8589208360052872,0.9982182628062362,0.5,-0.6314157085713772,0.6426479927127893,0.5754175640351088,0.2697141515699382,0.8026540537271551,0.0
2021-12-27 22:30:00,0.15829846582984658,0.7928286852589641,-0.3876396128071483,-0.21085520442778072,0.8589208360052872,0.9982182628062362,0.5,-0.6314157085713772,0.6426479927127893,0.5754175640351088,0.2697141515699382,0.8026540537271551,0.0
2021-12-27 22:40:00,0.12343096234309624,0.7211155378486056,-0.39359642591213706,-0.23120871272986965,0.8589208360052872,0.9982182628062362,0.5,-0.6314157085713772,0.6426479927127893,0.5754175640351088,0.2697141515699382,0.8026540537271551,0.0
2021-12-27 22:50:00,0.14365411436541145,0.7131474103585655,-0.3995532390171259,-0.24763435100874842,0.8589208360052872,0.9982182628062362,0.5,-0.6314157085713772,0.6426479927127893,0.5754175640351088,0.2697141515699382,0.8026540537271551,0.0
2021-12-27 23:00:00,0.1317991631799163,0.8565737051792826,-0.40461653015636645,-0.2640599892876272,0.8589208360052872,0.9982182628062362,0.5,-0.6554228287889193,0.6361021473705982,0.5963080350570037,0.23747007276230947,0.8482880336570977,0.0
2021-12-27 23:10:00,0.14714086471408647,0.5139442231075697,-0.4108711839166047,-0.2815568648455633,0.8589208360052872,0.9982182628062362,0.5,-0.6554228287889193,0.6361021473705982,0.5963080350570037,0.23747007276230947,0.8482880336570977,0.0
2021-12-27 23:20:00,0.14504881450488147,0.8406374501992031,-0.4174236783320924,-0.3004820567755758,0.8589208360052872,0.9982182628062362,0.5,-0.6554228287889193,0.6361021473705982,0.5963080350570037,0.23747007276230947,0.8482880336570977,0.0
2021-12-27 23:30:00,0.12482566248256625,0.7277556440903055,-0.425167535368578,-0.3186930905195501,0.8589208360052872,0.9982182628062362,0.5,-0.6554228287889193,0.6361021473705982,0.5963080350570037,0.23747007276230947,0.8482880336570977,0.0
2021-12-27 23:40:00,0.14435146443514643,0.6148738379814076,-0.43142218912881614,-0.3340474915193715,0.8589208360052872,0.9982182628062362,0.5,-0.6554228287889193,0.6361021473705982,0.5963080350570037,0.23747007276230947,0.8482880336570977,0.0
2021-12-27 23:50:00,0.15620641562064158,0.50199203187251,-0.43559195830230835,-0.3483306552401356,0.8589208360052872,0.9982182628062362,0.5,-0.6554228287889193,0.6361021473705982,0.5963080350570037,0.23747007276230947,0.8482880336570977,0.0
2021-12-28 00:00:00,0.14574616457461645,0.3891102257636121,-0.43559195830230835,-0.359757186216747,0.8589208360052872,0.9982182628062362,0.5,-0.6631056128913693,0.6382515294232611,0.5940827008161884,0.21535843744435554,0.8552595080071748,0.0
2021-12-28 00:10:00,0.16736401673640167,0.27622841965471423,-0.4382725241995533,-0.37225495447241563,0.8589208360052872,0.9982182628062362,0.5,-0.6631056128913693,0.6382515294232611,0.5940827008161884,0.21535843744435554,0.8552595080071748,0.0
2021-12-28 00:20:00,0.16736401673640167,0.1633466135458166,-0.4332092330603129,-0.38296732726298865,0.8886809490780124,0.3716035634743875,0.5,-0.6631056128913693,0.6382515294232611,0.5940827008161884,0.21535843744435554,0.8552595080071748,0.0
2021-12-28 00:30:00,0.19386331938633192,-0.7689243027888446,-0.4061057334326137,-0.38153901089091236,0.8954077292536415,0.3538975501113586,0.5,-0.6631056128913693,0.6382515294232611,0.5940827008161884,0.21535843744435554,0.8552595080071748,0.016664906377778115
2021-12-28 00:40:00,0.2280334728033473,0.5458167330677288,-0.38912881608339545,-0.3372612033565434,0.8812343772493489,0.00011135857461024499,0.5,-0.6631056128913693,0.6382515294232611,0.5940827008161884,0.21535843744435554,0.8552595080071748,0.07876789836594897
2021-12-28 00:50:00,0.19107391910739194,0.41035856573705165,-0.37364110201042455,-0.30476700589180505,0.8812343772493489,0.00011135857461024499,0.5,-0.6631056128913693,0.6382515294232611,0.5940827008161884,0.21535843744435554,0.8552595080071748,0.06290266608325663
2021-12-28 01:00:00,0.1799163179916318,0.31474103585657365,-0.36559940431868965,-0.28405641849669694,0.8812343772493489,0.00011135857461024499,0.5,-0.7243805080542709,0.6306654751197532,0.6355790719666347,0.20394695428887064,0.8622750778483055,0.056105436275027544
2021-12-28 01:10:00,0.18967921896792192,0.4422310756972112,-0.3560685033507075,-0.2704874129619711,0.8812343772493489,0.00011135857461024499,0.5,-0.7243805080542709,0.6306654751197532,0.6355790719666347,0.20394695428887064,0.8622750778483055,0.06302337160704317
2021-12-28 01:20:00,0.1680613668061367,0.2749003984063745,-0.3492181682799703,-0.2594179610783788,0.8812343772493489,0.00011135857461024499,0.5,-0.7243805080542709,0.6306654751197532,0.6355790719666347,0.20394695428887064,0.8622750778483055,0.054113795132549755
2021-12-28 01:30:00,0.13598326359832635,0.05179282868525892,-0.348324646314222,-0.24799143010176738,0.8812343772493489,0.00011135857461024499,0.5,-0.7243805080542709,0.6306654751197532,0.6355790719666347,0.20394695428887064,0.8622750778483055,0.03686799342154895
2021-12-28 01:40:00,0.14435146443514643,-0.298804780876494,-0.34623976172747584,-0.2351365827530797,0.8812343772493489,0.00011135857461024499,0.5,-0.7243805080542709,0.6306654751197532,0.6355790719666347,0.20394695428887064,0.8622750778483055,0.028471415423148305
2021-12-28 01:50:00,0.12482566248256625,-0.3944223107569722,-0.3489203276247208,-0.22121049812533466,0.8812343772493489,0.00011135857461024499,0.5,-0.7243805080542709,0.6306654751197532,0.6355790719666347,0.20394695428887064,0.8622750778483055,0.02278316761470797
2021-12-28 02:00:00,0.1394700139470014,-0.38645418326693237,-0.3474311243484737,-0.20371362256739867,0.8812343772493489,0.00011135857461024499,0.5,-0.7364380167852759,0.6246397342582185,0.6485516495537348,0.2100192329380969,0.8525986606456277,0.019999396472381067
2021-12-28 02:10:00,0.15271966527196654,-0.45019920318725104,-0.34713328369322427,-0.19300124977682553,0.8733821046707935,0.00011135857461024499,0.5,-0.7364380167852759,0.6246397342582185,0.6485516495537348,0.2100192329380969,0.8525986606456277,0.03060639437512259
2021-12-28 02:20:00,0.14295676429567641,-0.1633466135458168,-0.3432613551749816,-0.18800214247455804,0.8648100404392038,0.00011135857461024499,0.5,-0.7364380167852759,0.6246397342582185,0.6485516495537348,0.2100192329380969,0.8525986606456277,0.030681835327489176
2021-12-28 02:30:00,0.12831241283124128,-0.3067729083665339,-0.3432613551749816,-0.18121763970719518,0.8648100404392038,0.00011135857461024499,0.5,-0.7364380167852759,0.6246397342582185,0.6485516495537348,0.2100192329380969,0.8525986606456277,0.018037931710849917
2021-12-28 02:40:00,0.1199442119944212,-0.5697211155378487,-0.34683544303797476,-0.16907695054454563,0.8648100404392038,0.00011135857461024499,0.5,-0.7364380167852759,0.6246397342582185,0.6485516495537348,0.2100192329380969,0.8525986606456277,0.01401692894971106
2021-12-28 02:50:00,0.12203626220362622,-0.6892430278884463,-0.3492181682799703,-0.15622210319585772,0.8648100404392038,0.00011135857461024499,0.5,-0.7364380167852759,0.6246397342582185,0.6485516495537348,0.2100192329380969,0.8525986606456277,0.014635544759117039
2021-12-28 03:00:00,0.12343096234309624,-0.47410358565737054,-0.35011169024571853,-0.1455097304052847,0.8648100404392038,0.00011135857461024499,0.5,-0.7401898391147023,0.6255621294973965,0.6616263125103274,0.2123386981505168,0.8384588922254935,0.016159451996922012
2021-12-28 03:10:00,0.12273361227336123,-0.40239043824701204,-0.3495160089352197,-0.13729691126584542,0.8624281844237086,0.00011135857461024499,0.5,-0.7401898391147023,0.6255621294973965,0.6616263125103274,0.2123386981505168,0.8384588922254935,0.016159451996922012
2021-12-28 03:20:00,0.11576011157601115,0.1394422310756971,-0.35040953090096805,-0.13015532940546326,0.8482940937823089,0.00011135857461024499,0.5,-0.7401898391147023,0.6255621294973965,0.6616263125103274,0.2123386981505168,0.8384588922254935,0.00744602199858171
2021-12-28 03:30:00,0.1304044630404463,-0.5617529880478087,-0.3554728220402086,-0.11730048205677557,0.8455065370169217,0.00011135857461024499,0.5,-0.7401898391147023,0.6255621294973965,0.6616263125103274,0.2123386981505168,0.8384588922254935,0.009965749807625572
2021-12-28 03:40:00,0.14086471408647142,-0.0916334661354582,-0.35815338793745355,-0.11265845384752715,0.8318304956092709,0.00011135857461024499,0.5,-0.7401898391147023,0.6255621294973965,0.6616263125103274,0.2123386981505168,0.8384588922254935,0.015314513330416285
2021-12-28 03:50:00,0.15829846582984658,-0.06772908366533881,-0.35815338793745355,-0.11587216568469916,0.8318304956092709,0.00011135857461024499,0.5,-0.7401898391147023,0.6255621294973965,0.6616263125103274,0.2123386981505168,0.8384588922254935,0.024525853614376026
2021-12-28 04:00:00,0.13807531380753138,0.13147410358565725,-0.3563663440059569,-0.11765756114979464,0.8318304956092709,0.00011135857461024499,0.5,-0.7422774756914345,0.6359469780780284,0.7062614600338315,0.21445344324339105,0.8203326863446561,0.011459480664483908
2021-12-28 04:10:00,0.09623430962343095,0.5298804780876492,-0.3650037230081906,-0.11444384931262286,0.8371046053578672,0.027060133630289536,0.5,-0.7422774756914345,0.6359469780780284,0.7062614600338315,0.21445344324339105,0.8203326863446561,0.0
2021-12-28 04:20:00,0.16736401673640167,0.2111553784860556,-0.3861504095309011,-0.1469380467773611,0.8482155710565232,0.8001113585746102,0.5,-0.7422774756914345,0.6359469780780284,0.7062614600338315,0.21445344324339105,0.8203326863446561,0.0
2021-12-28 04:30:00,0.18898186889818688,0.4661354581673305,-0.4034251675353687,-0.1676486341724691,0.8482155710565232,0.606792873051225,0.5,-0.7422774756914345,0.6359469780780284,0.7062614600338315,0.21445344324339105,0.8203326863446561,0.0
2021-12-28 04:40:00,0.14295676429567641,-0.3067729083665339,-0.3983618763961282,-0.19692911980003558,0.8641033359071337,0.45623608017817374,0.5,-0.7422774756914345,0.6359469780780284,0.7062614600338315,0.21445344324339105,0.8203326863446561,0.0
2021-12-28 04:50:00,0.18549511854951187,0.019920318725099362,-0.4150409530900969,-0.21335475807891446,0.8646529949876327,0.9858574610244989,0.5,-0.7422774756914345,0.6359469780780284,0.7062614600338315,0.21445344324339105,0.8203326863446561,0.0
2021-12-28 05:00:00,0.13598326359832635,-0.1872509960159363,-0.421891288160834,-0.23335118728798432,0.8646529949876327,0.08084632516703787,0.5,-0.7372309531345734,0.635878013947995,0.7095595149461225,0.21650807598531763,0.815270818238041,0.0
2021-12-28 05:10:00,0.18200836820083682,-0.1394422310756973,-0.42069992553983626,-0.24692019282271016,0.8646529949876327,0.9875278396436526,0.5,-0.7372309531345734,0.635878013947995,0.7095595149461225,0.21650807598531763,0.815270818238041,0.0
2021-12-28 05:20:00,0.17573221757322177,-0.08366533864541836,-0.43112434847356673,-0.25870380289234074,0.8646529949876327,0.2739420935412027,0.5,-0.7372309531345734,0.635878013947995,0.7095595149461225,0.21650807598531763,0.815270818238041,0.0
2021-12-28 05:30:00,0.1806136680613668,0.09960159362549792,-0.419210722263589,-0.2733440457061238,0.8646529949876327,0.3403118040089087,0.5,-0.7372309531345734,0.635878013947995,0.7095595149461225,0.21650807598531763,0.815270818238041,0.0
2021-12-28 05:40:00,0.15760111576011157,0.5776892430278884,-0.4138495904690991,-0.2815568648455633,0.8646529949876327,0.5155902004454342,0.5,-0.7372309531345734,0.635878013947995,0.7095595149461225,0.21650807598531763,0.815270818238041,0.0
2021-12-28 05:50:00,0.17642956764295675,0.2589641434262948,-0.4338049143708117,-0.2847705766827352,0.8646529949876327,0.9356347438752783,0.5,-0.7372309531345734,0.635878013947995,0.7095595149461225,0.21650807598531763,0.815270818238041,0.0
2021-12-28 06:00:00,0.1603905160390516,0.019920318725099362,-0.43857036485480283,-0.28869844670594524,0.8646529949876327,0.9256124721603565,0.5,-0.7764244687603291,0.6416997359248545,0.7675887702035508,0.24941547003985265,0.9227228997903157,0.0
2021-12-28 06:10:00,0.14016736401673638,0.5139442231075697,-0.448101265822785,-0.30012497768255664,0.8646529949876327,0.9995545657015591,0.5,-0.7764244687603291,0.6416997359248545,0.7675887702035508,0.24941547003985265,0.9227228997903157,0.0
2021-12-28 06:20:00,0.12273361227336123,0.5803452855245681,-0.45941921072226366,-0.31905016961256916,0.8646529949876327,0.9995545657015591,0.5,-0.7764244687603291,0.6416997359248545,0.7675887702035508,0.24941547003985265,0.9227228997903157,0.0
2021-12-28 06:30:00,0.12831241283124128,0.6467463479415667,-0.4656738644825019,-0.33833244063560075,0.8646529949876327,0.9995545657015591,0.5,-0.7764244687603291,0.6416997359248545,0.7675887702035508,0.24941547003985265,0.9227228997903157,0.0
2021-12-28 06:40:00,0.1304044630404463,0.7131474103585655,-0.4719285182427403,-0.3569005534725942,0.8646529949876327,0.9995545657015591,0.5,-0.7764244687603291,0.6416997359248545,0.7675887702035508,0.24941547003985265,0.9227228997903157,0.0
2021-12-28 06:50:00,0.13528591352859135,0.5378486055776892,-0.47431124348473575,-0.37225495447241563,0.8646529949876327,0.9995545657015591,0.5,-0.7764244687603291,0.6416997359248545,0.7675887702035508,0.24941547003985265,0.9227228997903157,0.0
2021-12-28 07:00:00,0.1304044630404463,0.21912350597609564,-0.47550260610573347,-0.38510980182110344,0.8646529949876327,0.9995545657015591,0.5,-0.7796062867905423,0.6498346297631962,0.7677384108693908,0.18989132328303776,0.9179334934131277,0.0
2021-12-28 07:10:00,0.1094839609483961,0.6812749003984064,-0.48205510052122125,-0.39903588644884846,0.8646529949876327,0.9995545657015591,0.5,-0.7796062867905423,0.6498346297631962,0.7677384108693908,0.18989132328303776,0.9179334934131277,0.0
2021-12-28 07:20:00,0.09762900976290097,0.6458610004426737,-0.4912881608339539,-0.41046241742545975,0.8646529949876327,0.9995545657015591,0.5,-0.7796062867905423,0.6498346297631962,0.7677384108693908,0.18989132328303776,0.9179334934131277,0.0
2021-12-28 07:30:00,0.11297071129707113,0.6104471004869407,-0.49724497393894274,-0.42188894840207114,0.8646529949876327,0.9995545657015591,0.5,-0.7796062867905423,0.6498346297631962,0.7677384108693908,0.18989132328303776,0.9179334934131277,0.0
2021-12-28 07:40:00,0.12552301255230125,0.5750332005312084,-0.4990320178704394,-0.43581503302981606,0.8646529949876327,0.9995545657015591,0.5,-0.7796062867905423,0.6498346297631962,0.7677384108693908,0.18989132328303776,0.9179334934131277,0.0
2021-12-28 07:50:00,0.11785216178521618,0.5396193005754759,-0.5029039463886822,-0.44902695947152294,0.8646529949876327,0.9995545657015591,0.5,-0.7796062867905423,0.6498346297631962,0.7677384108693908,0.18989132328303776,0.9179334934131277,0.0
2021-12-28 08:00:00,0.10808926080892609,0.504205400619743,-0.5040953090096799,-0.45831101589001966,0.8646529949876327,0.9995545657015591,0.5,-0.7884290794914188,0.6591131787578984,0.7668814010221472,0.19830028988924034,0.8989311363283753,0.0
2021-12-28 08:10:00,0.10390516039051603,0.46879150066401065,-0.5040953090096799,-0.46616675593643997,0.8646529949876327,0.9995545657015591,0.5,-0.7884290794914188,0.6591131787578984,0.7668814010221472,0.19830028988924034,0.8989311363283753,0.0
2021-12-28 08:20:00,0.099721059972106,0.4333776007082777,-0.5046909903201788,-0.4718800214247456,0.8646529949876327,0.9995545657015591,0.5,-0.7884290794914188,0.6591131787578984,0.7668814010221472,0.19830028988924034,0.8989311363283753,0.0
2021-12-28 08:30:00,0.11854951185495119,0.3979637007525454,-0.5046909903201788,-0.47759328691305125,0.8646529949876327,0.9995545657015591,0.5,-0.7884290794914188,0.6591131787578984,0.7668814010221472,0.19830028988924034,0.8989311363283753,0.0
2021-12-28 08:40:00,0.11297071129707113,0.36254980079681287,-0.5043931496649292,-0.48402071058739515,0.8646529949876327,0.9995545657015591,0.5,-0.7884290794914188,0.6591131787578984,0.7668814010221472,0.19830028988924034,0.8989311363283753,0.0
2021-12-28 08:50:00,0.1311018131101813,-0.952191235059761,-0.49754281459419225,-0.490805213354758,0.8646529949876327,0.9995545657015591,0.5,-0.7884290794914188,0.6591131787578984,0.7668814010221472,0.19830028988924034,0.8989311363283753,0.0
2021-12-28 09:00:00,0.14016736401673638,-0.6474103585657371,-0.49009679821295615,-0.5004463488662738,0.8646529949876327,0.9995545657015591,0.5,-0.7860025088193907,0.6746818311125947,0.7537224066733651,0.19242053530580297,0.9061414068384132,0.0
2021-12-28 09:10:00,0.1596931659693166,-0.3426294820717132,-0.4924795234549517,-0.511158721656847,0.8646529949876327,0.9995545657015591,0.5,-0.7860025088193907,0.6746818311125947,0.7537224066733651,0.19242053530580297,0.9061414068384132,0.0
2021-12-28 09:20:00,0.18270571827057183,-0.03784860557768921,-0.49456440804169777,-0.5186573826102481,0.8646529949876327,0.9995545657015591,0.5,-0.7860025088193907,0.6746818311125947,0.7537224066733651,0.19242053530580297,0.9061414068384132,0.0
2021-12-28 09:30:00,0.1792189679218968,0.2669322709163344,-0.4930752047654505,-0.5272272808427066,0.84491761657353,0.24766146993318486,0.5,-0.7860025088193907,0.6746818311125947,0.7537224066733651,0.19242053530580297,0.9061414068384132,0.0
2021-12-28 09:40:00,0.16736401673640167,0.394422310756972,-0.47490692479523466,-0.5240135690055348,0.84845113923388,0.11692650334075724,0.5,-0.7860025088193907,0.6746818311125947,0.7537224066733651,0.19242053530580297,0.9061414068384132,0.0
2021-12-28 09:50:00,0.17154811715481172,0.24302788844621515,-0.4677587490692481,-0.5158007498660953,0.84845113923388,0.2779510022271715,0.5,-0.7860025088193907,0.6746818311125947,0.7537224066733651,0.19242053530580297,0.9061414068384132,0.0
2021-12-28 10:00:00,0.15132496513249652,0.1812749003984062,-0.4618019359642591,-0.5040171397964649,0.84845113923388,0.5875278396436525,0.5,-0.6420125854547845,0.6916211455516713,0.6263102276732007,0.17695263020553684,0.9171959900036709,0.0
2021-12-28 10:10:00,0.16945606694560672,0.1195219123505975,-0.45912137006701415,-0.4893768969826816,0.84845113923388,0.9993318485523385,0.5,-0.6420125854547845,0.6916211455516713,0.6263102276732007,0.17695263020553684,0.9171959900036709,0.0
2021-12-28 10:20:00,0.16527196652719667,0.05776892430278879,-0.46239761727475814,-0.4815211569362614,0.84845113923388,0.9993318485523385,0.5,-0.6420125854547845,0.6916211455516713,0.6263102276732007,0.17695263020553684,0.9171959900036709,0.0
2021-12-28 10:30:00,0.17294281729428174,-0.003984063745020028,-0.4638868205510053,-0.4865202642385289,0.84845113923388,0.9993318485523385,0.5,-0.6420125854547845,0.6916211455516713,0.6263102276732007,0.17695263020553684,0.9171959900036709,0.0
2021-12-28 10:40:00,0.18898186889818688,-0.298804780876494,-0.4695457930007447,-0.4883056597036244,0.84845113923388,0.8906458797327395,0.5,-0.6420125854547845,0.6916211455516713,0.6263102276732007,0.17695263020553684,0.9171959900036709,0.0
2021-12-28 10:50:00,0.1311018131101813,0.07569721115537842,-0.4686522710349963,-0.4883056597036244,0.84845113923388,0.16469933184855234,0.5,-0.6420125854547845,0.6916211455516713,0.6263102276732007,0.17695263020553684,0.9171959900036709,0.0
2021-12-28 11:00:00,0.14783821478382148,-0.2589641434262948,-0.4612062546537603,-0.47902160328512766,0.84845113923388,0.9957683741648108,0.5,-0.6341160747549466,0.7068047481803531,0.5816443911317869,0.11374054687014998,0.8811164851402887,0.0
2021-12-28 11:10:00,0.1924686192468619,-0.45019920318725104,-0.452866716306776,-0.4604534904481342,0.84845113923388,0.6512249443207127,0.5,-0.6341160747549466,0.7068047481803531,0.5816443911317869,0.11374054687014998,0.8811164851402887,0.010825776664604613
2021-12-28 11:20:00,0.1680613668061367,-0.47410358565737054,-0.4379746835443039,-0.42188894840207114,0.84845113923388,0.00011135857461024499,0.5,-0.6341160747549466,0.7068047481803531,0.5816443911317869,0.11374054687014998,0.8811164851402887,0.039651764563875855
2021-12-28 11:30:00,0.14644351464435149,-0.3466135458167332,-0.421891288160834,-0.3697554008212819,0.84845113923388,0.00011135857461024499,0.5,-0.6341160747549466,0.7068047481803531,0.5816443911317869,0.11374054687014998,0.8811164851402887,0.02485024970955233
2021-12-28 11:40:00,0.15271966527196654,-0.38645418326693237,-0.4058078927773642,-0.3311908587752187,0.84845113923388,0.00011135857461024499,0.5,-0.6341160747549466,0.7068047481803531,0.5816443911317869,0.11374054687014998,0.8811164851402887,0.02653258294732713
2021-12-28 11:50:00,0.1589958158995816,-0.1394422310756973,-0.39270290394638885,-0.2990537404034993,0.84845113923388,0.00022271714922048998,0.5,-0.6341160747549466,0.7068047481803531,0.5816443911317869,0.11374054687014998,0.8811164851402887,0.038693664468820256
2021-12-28 12:00:00,0.198744769874477,-0.08366533864541836,-0.38168279970215946,-0.27441528298518114,0.84845113923388,0.00044543429844097997,0.5,-0.639303047171608,0.7113937363328906,0.5968894778136788,0.1766183552673598,0.7412565590122154,0.06698402160628876
2021-12-28 12:10:00,0.23082287308228733,-0.4422310756972112,-0.371258376768429,-0.2654883056597036,0.84845113923388,0.00022271714922048998,0.5,-0.639303047171608,0.7113937363328906,0.5968894778136788,0.1766183552673598,0.7412565590122154,0.08772273941186234
2021-12-28 12:20:00,0.25732217573221755,-0.3067729083665339,-0.3608339538346985,-0.2554900910551686,0.84845113923388,0.00022271714922048998,0.5,-0.639303047171608,0.7113937363328906,0.5968894778136788,0.1766183552673598,0.7412565590122154,0.12393439654782203
2021-12-28 12:30:00,0.23500697350069735,-0.21115537848605592,-0.3492181682799703,-0.24370648098553827,0.84845113923388,0.00022271714922048998,0.5,-0.639303047171608,0.7113937363328906,0.5968894778136788,0.1766183552673598,0.7412565590122154,0.10158878645684023
2021-12-28 12:40:00,0.2210599721059972,-0.2270916334661356,-0.3367088607594937,-0.2272808427066595,0.8443941317349597,0.00044543429844097997,0.5,-0.639303047171608,0.7113937363328906,0.5968894778136788,0.1766183552673598,0.7412565590122154,0.09846553102886371
2021-12-28 12:50:00,0.28521617852161785,0.06772908366533859,-0.3337304542069994,-0.21335475807891446,0.8345657038908011,0.00155902004454343,0.5,-0.639303047171608,0.7113937363328906,0.5968894778136788,0.1766183552673598,0.7412565590122154,0.1489355281621075
2021-12-28 13:00:00,0.31520223152022314,0.2749003984063745,-0.325390915860015,-0.2051419389394752,0.8380337909463297,0.026726057906458798,0.5,-0.47514130870185445,0.7118592442106043,0.44959588777305143,0.25582613719616576,0.7037075164045612,0.157181224255775
2021-12-28 13:10:00,0.3263598326359832,-0.1394422310756973,-0.31496649292628454,-0.2001428316372077,0.8446296999123163,0.03697104677060133,0.5,-0.47514130870185445,0.7118592442106043,0.44959588777305143,0.25582613719616576,0.7037075164045612,0.16136065301688368
2021-12-28 13:20:00,0.3179916317991632,-0.03585657370517936,-0.3057334326135518,-0.1937154079628638,0.8346180523746581,0.020935412026726056,0.5,-0.47514130870185445,0.7118592442106043,0.44959588777305143,0.25582613719616576,0.7037075164045612,0.17782186882327203
2021-12-28 13:30:00,0.3242677824267783,0.14741035856573692,-0.29620253164556976,-0.18800214247455804,0.8344479198021227,0.02360801781737194,0.5,-0.47514130870185445,0.7118592442106043,0.44959588777305143,0.25582613719616576,0.7037075164045612,0.19177844501108984
2021-12-28 13:40:00,0.33333333333333337,0.43426294820717115,-0.2893521965748326,-0.18193179789323333,0.835220059939014,0.01224944320712695,0.5,-0.47514130870185445,0.7118592442106043,0.44959588777305143,0.25582613719616576,0.7037075164045612,0.20716085519863606
2021-12-28 13:50:00,0.28172942817294283,-0.17131474103585675,-0.2872673119880864,-0.18443135154436707,0.8377327871641518,0.0034521158129175947,0.5,-0.47514130870185445,0.7118592442106043,0.44959588777305143,0.25582613719616576,0.7037075164045612,0.15032364168565263
2021-12-28 14:00:00,0.32984658298465835,0.43426294820717115,-0.2816083395383471,-0.17764684877700399,0.836581120519297,0.035523385300668155,0.5,-0.468952709655019,0.6897677345570656,0.4500647195879759,0.3221354395738681,0.7031131973261239,0.16376721939737768
2021-12-28 14:10:00,0.3179916317991632,-0.33864541832669326,-0.27237527922561433,-0.17050526691662193,0.8454411014121003,0.027171492204899776,0.5,-0.468952709655019,0.6897677345570656,0.4500647195879759,0.3221354395738681,0.7031131973261239,0.1678485749204098
2021-12-28 14:20:00,0.3138075313807531,0.29083665338645415,-0.3206254653760239,-0.19728619889305476,0.83652877203544,0.025835189309576838,0.5,-0.468952709655019,0.6897677345570656,0.4500647195879759,0.3221354395738681,0.7031131973261239,0.17396683615733965
2021-12-28 14:30:00,0.3096234309623431,-0.08366533864541836,-0.36649292628443786,-0.2687020174968755,0.8479930900001309,0.019599109131403118,0.5,-0.468952709655019,0.6897677345570656,0.4500647195879759,0.3221354395738681,0.7031131973261239,0.17517389139520498
2021-12-28 14:40:00,0.3417015341701534,-0.10756972111553798,-0.3766195085629189,-0.2972683449384038,0.8415149651228226,0.014365256124721604,0.5,-0.468952709655019,0.6897677345570656,0.4500647195879759,0.3221354395738681,0.7031131973261239,0.22562125624273882
2021-12-28 14:50:00,0.3598326359832636,0.03585657370517925,-0.3828741623231572,-0.30155329405463305,0.834055306173195,0.0022271714922049,0.5,-0.468952709655019,0.6897677345570656,0.4500647195879759,0.3221354395738681,0.7031131973261239,0.2671892209967259
2021-12-28 15:00:00,0.39609483960948394,0.01195219123505975,-0.38495904690990335,-0.3076236386359579,0.8343301357134444,0.00623608017817372,0.5,-0.45673033660271445,0.6875695029122973,0.4394986936243058,0.36645984976009194,0.7118501179804192,0.3155242391779954
2021-12-28 15:10:00,0.3493723849372385,-0.1394422310756973,-0.38495904690990335,-0.31262274593822525,0.8418814045098219,0.00033407572383073496,0.5,-0.45673033660271445,0.6875695029122973,0.4394986936243058,0.36645984976009194,0.7118501179804192,0.2531949243327248
2021-12-28 15:20:00,0.31729428172942814,0.29083665338645415,-0.38495904690990335,-0.31940724870558823,0.8294355524728114,0.00033407572383073496,0.5,-0.45673033660271445,0.6875695029122973,0.4394986936243058,0.36645984976009194,0.7118501179804192,0.2180847051013172
2021-12-28 15:30:00,0.3633193863319386,-0.059760956175298974,-0.38495904690990335,-0.3211926441706838,0.8438313855334965,0.00033407572383073496,0.5,-0.45673033660271445,0.6875695029122973,0.4394986936243058,0.36645984976009194,0.7118501179804192,0.2822547791843324
2021-12-28 15:40:00,0.3368200836820084,0.12350597609561742,-0.38495904690990335,-0.3247634351008748,0.8422478438968212,0.00033407572383073496,0.5,-0.45673033660271445,0.6875695029122973,0.4394986936243058,0.36645984976009194,0.7118501179804192,0.23936659776393018
2021-12-28 15:50:00,0.38354253835425384,-0.07569721115537853,-0.38495904690990335,-0.3244063560078556,0.8454541885330645,0.00033407572383073496,0.5,-0.45673033660271445,0.6875695029122973,0.4394986936243058,0.36645984976009194,0.7118501179804192,0.303898788418305
2021-12-28 16:00:00,0.4093444909344491,0.003984063745019917,-0.38495904690990335,-0.31762185324049275,0.8432424650901049,0.00033407572383073496,0.5,-0.4054955218474411,0.6847707086351734,0.38880145055067133,0.39359982130526466,0.7244006539480531,0.3155242391779954
2021-12-28 16:10:00,0.3807531380753138,-0.019920318725099695,-0.38495904690990335,-0.31405106231030167,0.8433209878158904,0.00022271714922048998,0.5,-0.4054955218474411,0.6847707086351734,0.38880145055067133,0.39359982130526466,0.7244006539480531,0.3009943117521916
2021-12-28 16:20:00,0.3472803347280335,-0.06772908366533881,-0.3837676842889055,-0.31619353686841634,0.851736006595909,0.00022271714922048998,0.5,-0.4054955218474411,0.6847707086351734,0.38880145055067133,0.39359982130526466,0.7244006539480531,0.24542450623896675
2021-12-28 16:30:00,0.37935843793584384,0.13147410358565725,-0.3795979151154134,-0.3244063560078556,0.8581748701103245,0.00022271714922048998,0.5,-0.4054955218474411,0.6847707086351734,0.38880145055067133,0.39359982130526466,0.7244006539480531,0.2907569745160463
2021-12-28 16:40:00,0.3814504881450488,-0.11553784860557781,-0.3790022338049145,-0.3244063560078556,0.8541702110952613,0.00022271714922048998,0.5,-0.4054955218474411,0.6847707086351734,0.38880145055067133,0.39359982130526466,0.7244006539480531,0.29215263213482806
2021-12-28 16:50:00,0.32566248256624825,0.11553784860557759,-0.3790022338049145,-0.32904838421710414,0.8481370483307378,0.00033407572383073496,0.5,-0.4054955218474411,0.6847707086351734,0.38880145055067133,0.39359982130526466,0.7244006539480531,0.22085338805317078
2021-12-28 17:00:00,0.3612273361227336,-0.07569721115537853,-0.37781087118391665,-0.33476164970540967,0.8544057792726178,0.00022271714922048998,0.5,-0.4004469981052111,0.6877447867427953,0.38827453786714117,0.3902407623008276,0.7298397112005591,0.25638607661783125
2021-12-28 17:10:00,0.36262203626220363,-0.003984063745020028,-0.37602382725242,-0.3308337796821995,0.8544057792726178,0.00022271714922048998,0.5,-0.4004469981052111,0.6877447867427953,0.38827453786714117,0.3902407623008276,0.7298397112005591,0.27060669613893207
2021-12-28 17:20:00,0.3668061366806137,0.13147410358565725,-0.37274758004467623,-0.33511872879842897,0.8579393019329679,0.00033407572383073496,0.5,-0.4004469981052111,0.6877447867427953,0.38827453786714117,0.3902407623008276,0.7298397112005591,0.2621950299500581
2021-12-28 17:30:00,0.32566248256624825,0.01195219123505975,-0.37006701414743126,-0.33476164970540967,0.8547983929015456,0.00033407572383073496,0.5,-0.4004469981052111,0.6877447867427953,0.38827453786714117,0.3902407623008276,0.7298397112005591,0.20582555034174752
2021-12-28 17:40:00,0.301255230125523,-0.019920318725099695,-0.37006701414743126,-0.34154615247277276,0.8508460823703393,0.00022271714922048998,0.5,-0.4004469981052111,0.6877447867427953,0.38827453786714117,0.3902407623008276,0.7298397112005591,0.17404227710970624
2021-12-28 17:50:00,0.2670850767085077,-0.15537848605577698,-0.37036485480268055,-0.3472594179610783,0.8544057792726178,0.00022271714922048998,0.5,-0.4004469981052111,0.6877447867427953,0.38827453786714117,0.3902407623008276,0.7298397112005591,0.13754394435475353
2021-12-28 18:00:00,0.25732217573221755,-0.2828685258964144,-0.3754281459419212,-0.3554722371005177,0.8544057792726178,0.00033407572383073496,0.5,-0.5632081736415204,0.6815466355561833,0.5497510194904431,0.2572804691423976,0.717173338775962,0.13009037826093517
2021-12-28 18:10:00,0.29358437935843795,0.38645418326693215,-0.37751303052866725,-0.360114265309766,0.8544057792726178,0.00044543429844097997,0.5,-0.5632081736415204,0.6815466355561833,0.5497510194904431,0.2572804691423976,0.717173338775962,0.1555139792084735
2021-12-28 18:20:00,0.2189679218967922,-0.10756972111553798,-0.38168279970215946,-0.37046955900732004,0.8544057792726178,0.00033407572383073496,0.5,-0.5632081736415204,0.6815466355561833,0.5497510194904431,0.2572804691423976,0.717173338775962,0.09281500369660667
2021-12-28 18:30:00,0.14016736401673638,-0.059760956175298974,-0.3870439314966494,-0.3740403499375111,0.8410961772519664,0.00033407572383073496,0.5,-0.5632081736415204,0.6815466355561833,0.5497510194904431,0.2572804691423976,0.717173338775962,0.04003651342094543
2021-12-28 18:40:00,0.198744769874477,0.49800796812749004,-0.391511541325391,-0.3747545081235494,0.8460561960974206,0.00033407572383073496,0.5,-0.5632081736415204,0.6815466355561833,0.5497510194904431,0.2572804691423976,0.717173338775962,0.07277034265280564
2021-12-28 18:50:00,0.11645746164574616,-0.07569721115537853,-0.3959791511541326,-0.37832529905374035,0.8423525408645351,0.00033407572383073496,0.5,-0.5632081736415204,0.6815466355561833,0.5497510194904431,0.2572804691423976,0.717173338775962,0.018053019901323235
2021-12-28 19:00:00,0.10320781032078104,0.11553784860557759,-0.40074460163812375,-0.3747545081235494,0.84067738938111,0.00033407572383073496,0.5,-0.5906963891611798,0.6972905717413732,0.6089600265396597,0.26208539789416624,0.7143344969595925,0.00452645714199496
2021-12-28 19:10:00,0.10320781032078104,0.7051792828685257,-0.4031273268801192,-0.3776111408677022,0.84067738938111,0.00033407572383073496,0.5,-0.5906963891611798,0.6972905717413732,0.6089600265396597,0.26208539789416624,0.7143344969595925,0.008177799236537562
2021-12-28 19:20:00,0.09553695955369597,0.2589641434262948,-0.4061057334326137,-0.3804677736118549,0.84067738938111,0.00033407572383073496,0.5,-0.5906963891611798,0.6972905717413732,0.6089600265396597,0.26208539789416624,0.7143344969595925,0.0022405962852875055
2021-12-28 19:30:00,0.08437935843793584,0.24302788844621515,-0.4102755026061059,-0.3808248527048741,0.84067738938111,0.0017817371937639199,0.5,-0.5906963891611798,0.6972905717413732,0.6089600265396597,0.26208539789416624,0.7143344969595925,0.0
2021-12-28 19:40:00,0.09065550906555091,0.5059760956175297,-0.41206254653760244,-0.4172469201928227,0.84067738938111,0.43229398663697105,0.5,-0.5906963891611798,0.6972905717413732,0.6089600265396597,0.26208539789416624,0.7143344969595925,0.0
2021-12-28 19:50:00,0.13458856345885634,-0.20318725099601598,-0.4028294862248698,-0.4176039992858417,0.84067738938111,0.9992204899777284,0.5,-0.5906963891611798,0.6972905717413732,0.6089600265396597,0.26208539789416624,0.7143344969595925,0.0
2021-12-28 20:00:00,0.16527196652719667,0.41035856573705165,-0.3947877885331348,-0.383681485449027,0.84067738938111,0.46046770601336307,0.5,-0.6166160755887737,0.7026439123350983,0.6596040076813852,0.24397425806544207,0.7670028725515674,0.0
2021-12-28 20:10:00,0.12622036262203626,0.9521912350597608,-0.38108711839166054,-0.38332440635600784,0.84067738938111,0.5730512249443207,0.5,-0.6166160755887737,0.7026439123350983,0.6596040076813852,0.24397425806544207,0.7670028725515674,0.0
2021-12-28 20:20:00,0.16527196652719667,0.689243027888446,-0.3876396128071483,-0.3776111408677022,0.84067738938111,0.9955456570155903,0.5,-0.6166160755887737,0.7026439123350983,0.6596040076813852,0.24397425806544207,0.7670028725515674,0.0
2021-12-28 20:30:00,0.17364016736401675,0.7211155378486056,-0.39300074460163825,-0.3793965363327976,0.84067738938111,0.9955456570155903,0.5,-0.6166160755887737,0.7026439123350983,0.6596040076813852,0.24397425806544207,0.7670028725515674,0.0
2021-12-28 20:40:00,0.15550906555090654,0.6254980079681274,-0.391511541325391,-0.387252276379218,0.8468414233552761,0.4106904231625836,0.5,-0.6166160755887737,0.7026439123350983,0.6596040076813852,0.24397425806544207,0.7670028725515674,0.0
2021-12-28 20:50:00,0.10111576011157601,0.7131474103585655,-0.37602382725242,-0.3915372254954472,0.8572587716428263,0.6359688195991091,0.5,-0.6166160755887737,0.7026439123350983,0.6596040076813852,0.24397425806544207,0.7670028725515674,0.0
2021-12-28 21:00:00,0.10320781032078104,0.5139442231075697,-0.3843633655994044,-0.383681485449027,0.8572587716428263,0.9948775055679288,0.5,-0.6225664668705431,0.7112012114698855,0.6818531652234586,0.2210061686596592,0.8627419006871836,0.0
2021-12-28 21:10:00,0.11018131101813111,0.5697211155378485,-0.3882352941176471,-0.38510980182110344,0.8572587716428263,0.9948775055679288,0.5,-0.6225664668705431,0.7112012114698855,0.6818531652234586,0.2210061686596592,0.8627419006871836,0.0
2021-12-28 21:20:00,0.10599721059972106,0.3067729083665336,-0.391511541325391,-0.3883235136582752,0.8572587716428263,0.9948775055679288,0.5,-0.6225664668705431,0.7112012114698855,0.6818531652234586,0.2210061686596592,0.8627419006871836,0.0
2021-12-28 21:30:00,0.1206415620641562,-0.0916334661354582,-0.3882352941176471,-0.3951080164256383,0.8572587716428263,0.9948775055679288,0.5,-0.6225664668705431,0.7112012114698855,0.6818531652234586,0.2210061686596592,0.8627419006871836,0.0
2021-12-28 21:40:00,0.10669456066945607,-0.42629482071713154,-0.3959791511541326,-0.4033208355650776,0.8572587716428263,0.9948775055679288,0.5,-0.6225664668705431,0.7112012114698855,0.6818531652234586,0.2210061686596592,0.8627419006871836,0.0
2021-12-28 21:50:00,0.06764295676429567,-0.6334661354581674,-0.3998510796723753,-0.4129619710765935,0.8572587716428263,0.9948775055679288,0.5,-0.6225664668705431,0.7112012114698855,0.6818531652234586,0.2210061686596592,0.8627419006871836,0.0
2021-12-28 22:00:00,0.0502092050209205,0.7689243027888444,-0.40759493670886093,-0.4193893947509374,0.8572587716428263,0.9948775055679288,0.5,-0.6943731003330973,0.717988431267187,0.7395499138488252,0.2138530429987776,0.9996629208285693,0.0
2021-12-28 22:10:00,0.05439330543933055,0.7199350745167474,-0.41623231571109465,-0.4272451347973576,0.8572587716428263,0.9948775055679288,0.5,-0.6943731003330973,0.717988431267187,0.7395499138488252,0.2138530429987776,0.9996629208285693,0.0
2021-12-28 22:20:00,0.06555090655509065,0.6709458462446507,-0.4221891288160835,-0.43260132119264416,0.8572587716428263,0.9948775055679288,0.5,-0.6943731003330973,0.717988431267187,0.7395499138488252,0.2138530429987776,0.9996629208285693,0.0
2021-12-28 22:30:00,0.07043235704323571,0.621956617972554,-0.4269545793000745,-0.4415282985181217,0.8572587716428263,0.9948775055679288,0.5,-0.6943731003330973,0.717988431267187,0.7395499138488252,0.2138530429987776,0.9996629208285693,0.0
2021-12-28 22:40:00,0.07740585774058578,0.5729673897004572,-0.429932985852569,-0.44688448491340826,0.8572587716428263,0.9948775055679288,0.5,-0.6943731003330973,0.717988431267187,0.7395499138488252,0.2138530429987776,0.9996629208285693,0.0
2021-12-28 22:50:00,0.0815899581589958,0.5239781614283605,-0.429932985852569,-0.4529548294947331,0.8572587716428263,0.9948775055679288,0.5,-0.6943731003330973,0.717988431267187,0.7395499138488252,0.2138530429987776,0.9996629208285693,0.0
2021-12-28 23:00:00,0.08716875871687588,0.47498893315626356,-0.42755026061057344,-0.4611676486341725,0.8572587716428263,0.9948775055679288,0.5,-0.7563483103158104,0.7078392101308327,0.7616462603719687,0.27227641679695436,0.08136180956698158,0.0
2021-12-28 23:10:00,0.09832635983263598,0.42599970488416683,-0.4266567386448251,-0.46830923049455453,0.8572587716428263,0.9948775055679288,0.5,-0.7563483103158104,0.7078392101308327,0.7616462603719687,0.27227641679695436,0.08136180956698158,0.0
2021-12-28 23:20:00,0.10460251046025104,0.3770104766120701,-0.42457185405807896,-0.4750937332619175,0.8572587716428263,0.9948775055679288,0.5,-0.7563483103158104,0.7078392101308327,0.7616462603719687,0.27227641679695436,0.08136180956698158,0.0
2021-12-28 23:30:00,0.10808926080892609,0.32802124833997315,-0.42457185405807896,-0.48044991965720407,0.8572587716428263,0.9948775055679288,0.5,-0.7563483103158104,0.7078392101308327,0.7616462603719687,0.27227641679695436,0.08136180956698158,0.0
2021-12-28 23:40:00,0.13319386331938632,0.2790320200678764,-0.4257632166790768,-0.48402071058739515,0.8572587716428263,0.9948775055679288,0.5,-0.7563483103158104,0.7078392101308327,0.7616462603719687,0.27227641679695436,0.08136180956698158,0.0
2021-12-28 23:50:00,0.1311018131101813,0.2300427917957797,-0.4296351451973195,-0.490805213354758,0.8572587716428263,0.9948775055679288,0.5,-0.7563483103158104,0.7078392101308327,0.7616462603719687,0.27227641679695436,0.08136180956698158,0.0
2021-12-29 00:00:00,0.12099023709902372,0.18105356352368296,-0.4296351451973195,-0.4949116372076414,0.8572587716428263,0.9948775055679288,0.5,-0.7644942020656903,0.7060403957391655,0.7398258613817642,0.3177821354843403,0.10413299179428094,0.0
2021-12-29 00:10:00,0.11087866108786612,0.132064335251586,-0.4296351451973195,-0.4990180324941974,0.8572587716428263,0.9948775055679288,0.5,-0.7644942020656903,0.7060403957391655,0.7398258613817642,0.3177821354843403,0.10413299179428094,0.0
2021-12-29 00:20:00,0.12552301255230125,0.08307510697948928,-0.432613551749814,-0.5011605070523122,0.8572587716428263,0.9948775055679288,0.5,-0.7644942020656903,0.7060403957391655,0.7398258613817642,0.3177821354843403,0.10413299179428094,0.0
2021-12-29 00:30:00,0.11924686192468618,0.03408587870739255,-0.43112434847356673,-0.5079450098196749,0.8572587716428263,0.9948775055679288,0.5,-0.7644942020656903,0.7060403957391655,0.7398258613817642,0.3177821354843403,0.10413299179428094,0.0
2021-12-29 00:40:00,0.12343096234309624,-0.014903349564704294,-0.43142218912881614,-0.5097304052847705,0.8572587716428263,0.9948775055679288,0.5,-0.7644942020656903,0.7060403957391655,0.7398258613817642,0.3177821354843403,0.10413299179428094,0.0
2021-12-29 00:50:00,0.1492329149232915,-0.06389257783680113,-0.4293373045420701,-0.5097304052847705,0.8572587716428263,0.9948775055679288,0.5,-0.7644942020656903,0.7060403957391655,0.7398258613817642,0.3177821354843403,0.10413299179428094,0.0
2021-12-29 01:00:00,0.17433751743375175,-0.11288180610889786,-0.4290394638868207,-0.5154436707730763,0.8272630903927445,0.9948775055679288,0.5,-0.8072349855230916,0.6891901599680461,0.7575075546343779,0.3339244308247314,0.10282850634343926,0.0
2021-12-29 01:10:00,0.15690376569037656,-0.1618710343809947,-0.42486969471332847,-0.5133011962149616,0.7581238303385638,0.9948775055679288,0.5,-0.8072349855230916,0.6891901599680461,0.7575075546343779,0.3339244308247314,0.10282850634343926,0.0
2021-12-29 01:20:00,0.15690376569037656,-0.21086026265309143,-0.42069992553983626,-0.5097304052847705,0.7581238303385638,0.9948775055679288,0.5,-0.8072349855230916,0.6891901599680461,0.7575075546343779,0.3339244308247314,0.10282850634343926,0.0
2021-12-29 01:30:00,0.13737796373779637,-0.2598494909251883,-0.419210722263589,-0.5161578289591144,0.7581238303385638,0.9948775055679288,0.5,-0.8072349855230916,0.6891901599680461,0.7575075546343779,0.3339244308247314,0.10282850634343926,0.0
2021-12-29 01:40:00,0.12133891213389121,-0.308838719197285,-0.4177215189873419,-0.5268702017496876,0.7581238303385638,0.9948775055679288,0.5,-0.8072349855230916,0.6891901599680461,0.7575075546343779,0.3339244308247314,0.10282850634343926,0.0
2021-12-29 01:50:00,0.100418410041841,-0.35782794746938185,-0.4153387937453463,-0.5279414390287449,0.7581238303385638,0.9948775055679288,0.5,-0.8072349855230916,0.6891901599680461,0.7575075546343779,0.3339244308247314,0.10282850634343926,0.0
2021-12-29 02:00:00,0.08437935843793584,-0.4068171757414787,-0.4147431124348474,-0.5311551508659168,0.7581238303385638,0.9948775055679288,0.5,-0.8099628346523925,0.6869689402799376,0.7436044150083501,0.34630099340969606,0.09888927070370648,0.0
2021-12-29 02:10:00,0.055788005578800565,-0.4558064040135754,-0.4177215189873419,-0.5311551508659168,0.7581238303385638,0.9948775055679288,0.5,-0.8099628346523925,0.6869689402799376,0.7436044150083501,0.34630099340969606,0.09888927070370648,0.0
2021-12-29 02:20:00,0.0397489539748954,-0.5047956322856723,-0.419210722263589,-0.5311551508659168,0.7581238303385638,0.9948775055679288,0.5,-0.8099628346523925,0.6869689402799376,0.7436044150083501,0.34630099340969606,0.09888927070370648,0.0
2021-12-29 02:30:00,0.055090655509065556,-0.553784860557769,-0.422486969471333,-0.5340117836100695,0.7581238303385638,0.9948775055679288,0.5,-0.8099628346523925,0.6869689402799376,0.7436044150083501,0.34630099340969606,0.09888927070370648,0.0
2021-12-29 02:40:00,0.07670850767085077,-0.5667330677290837,-0.425167535368578,-0.5404392072844135,0.7581238303385638,0.9948775055679288,0.5,-0.8099628346523925,0.6869689402799376,0.7436044150083501,0.34630099340969606,0.09888927070370648,0.0
2021-12-29 02:50:00,0.060669456066945605,-0.5796812749003984,-0.43142218912881614,-0.5432958400285663,0.7581238303385638,0.9948775055679288,0.5,-0.8099628346523925,0.6869689402799376,0.7436044150083501,0.34630099340969606,0.09888927070370648,0.0
2021-12-29 03:00:00,0.03486750348675035,-0.5926294820717132,-0.43916604616530164,-0.549009105516872,0.7581238303385638,0.9948775055679288,0.5,-0.8175631365645585,0.677943259762016,0.7385177736968994,0.3495958264942756,0.0939417552181343,0.0
2021-12-29 03:10:00,0.016736401673640166,-0.605577689243028,-0.44661206254653774,-0.549009105516872,0.7581238303385638,0.9948775055679288,0.5,-0.8175631365645585,0.677943259762016,0.7385177736968994,0.3495958264942756,0.0939417552181343,0.0
2021-12-29 03:20:00,0.008368200836820083,-0.6185258964143427,-0.4540580789277737,-0.552579896447063,0.7581238303385638,0.9948775055679288,0.5,-0.8175631365645585,0.677943259762016,0.7385177736968994,0.3495958264942756,0.0939417552181343,0.0
2021-12-29 03:30:00,0.015341701534170154,-0.6314741035856574,-0.4570364854802682,-0.5468666309587573,0.7581238303385638,0.9948775055679288,0.5,-0.8175631365645585,0.677943259762016,0.7385177736968994,0.3495958264942756,0.0939417552181343,0.0
2021-12-29 03:40:00,0.014644351464435146,-0.6444223107569721,-0.4609084139985109,-0.5011605070523122,0.7581238303385638,0.9948775055679288,0.5,-0.8175631365645585,0.677943259762016,0.7385177736968994,0.3495958264942756,0.0939417552181343,0.0
2021-12-29 03:50:00,0.02580195258019526,-0.6573705179282869,-0.4653760238272525,-0.45009819675058027,0.7581238303385638,0.9948775055679288,0.5,-0.8175631365645585,0.677943259762016,0.7385177736968994,0.3495958264942756,0.0939417552181343,0.0
2021-12-29 04:00:00,0.04951185495118549,-0.6703187250996017,-0.4653760238272525,-0.40867702196036415,0.7581238303385638,0.9948775055679288,0.5,-0.845128697898722,0.6883625904076666,0.7593344388988628,0.3433991553293795,0.09344208319741798,0.0
2021-12-29 04:10:00,0.028591352859135284,-0.6832669322709164,-0.4683544303797469,-0.3772540617746831,0.7581238303385638,0.9948775055679288,0.5,-0.845128697898722,0.6883625904076666,0.7593344388988628,0.3433991553293795,0.09344208319741798,0.0
2021-12-29 04:20:00,0.03417015341701534,-0.6962151394422311,-0.4716306775874908,-0.39939296554186754,0.7581238303385638,0.9948775055679288,0.5,-0.845128697898722,0.6883625904076666,0.7593344388988628,0.3433991553293795,0.09344208319741798,0.0
2021-12-29 04:30:00,0.03695955369595537,-0.7091633466135459,-0.4725241995532391,-0.44402785216925544,0.7581238303385638,0.9948775055679288,0.5,-0.845128697898722,0.6883625904076666,0.7593344388988628,0.3433991553293795,0.09344208319741798,0.0
2021-12-29 04:40:00,0.016736401673640166,-0.7221115537848606,-0.47877885331347736,-0.4765220496339939,0.7581238303385638,0.9948775055679288,0.5,-0.845128697898722,0.6883625904076666,0.7593344388988628,0.3433991553293795,0.09344208319741798,0.0
2021-12-29 04:50:00,0.019525801952580198,-0.7350597609561753,-0.48145941921072233,-0.49866095340117833,0.7581238303385638,0.9948775055679288,0.5,-0.845128697898722,0.6883625904076666,0.7593344388988628,0.3433991553293795,0.09344208319741798,0.0
2021-12-29 05:00:00,0.017433751743375175,-0.74800796812749,-0.4841399851079673,-0.5136582753079806,0.7581238303385638,0.9948775055679288,0.5,-0.8386093362635134,0.681290893573982,0.7462117133894284,0.32280193718617267,0.08743283726185622,0.0
2021-12-29 05:10:00,0.03556485355648536,-0.7609561752988048,-0.483246463142219,-0.5104445634708088,0.7581238303385638,0.9948775055679288,0.5,-0.8386093362635134,0.681290893573982,0.7462117133894284,0.32280193718617267,0.08743283726185622,0.0
2021-12-29 05:20:00,0.03347280334728033,0.7370517928286848,-0.4808637379002234,-0.4650955186573825,0.7581238303385638,0.9948775055679288,0.5,-0.8386093362635134,0.681290893573982,0.7462117133894284,0.32280193718617267,0.08743283726185622,0.0
2021-12-29 05:30:00,0.043235704323570434,0.7211155378486056,-0.4802680565897246,-0.4172469201928227,0.7581238303385638,0.9948775055679288,0.5,-0.8386093362635134,0.681290893573982,0.7462117133894284,0.32280193718617267,0.08743283726185622,0.0
2021-12-29 05:40:00,0.044630404463040445,0.23904382470119523,-0.4802680565897246,-0.38296732726298865,0.7581238303385638,0.9948775055679288,0.5,-0.8386093362635134,0.681290893573982,0.7462117133894284,0.32280193718617267,0.08743283726185622,0.0
2021-12-29 05:50:00,0.038354253835425386,-0.24302788844621515,-0.48175725986597184,-0.3533297625424031,0.7581238303385638,0.9948775055679288,0.5,-0.8386093362635134,0.681290893573982,0.7462117133894284,0.32280193718617267,0.08743283726185622,0.0
2021-12-29 06:00:00,0.04184100418410042,0.394422310756972,-0.4841399851079673,-0.37975361542581687,0.7581238303385638,0.9948775055679288,0.5,-0.8173992728359432,0.6876068584827326,0.6640646944787794,0.3256883878065234,0.07342629452188859,0.0
2021-12-29 06:10:00,0.03695955369595537,0.043824701195219085,-0.48920327624720783,-0.42938760935547216,0.7581238303385638,0.9948775055679288,0.5,-0.8173992728359432,0.6876068584827326,0.6640646944787794,0.3256883878065234,0.07342629452188859,0.0
2021-12-29 06:20:00,0.03695955369595537,0.055278884462151456,-0.49426656738644836,-0.46616675593643997,0.7581238303385638,0.9948775055679288,0.5,-0.8173992728359432,0.6876068584827326,0.6640646944787794,0.3256883878065234,0.07342629452188859,0.0
2021-12-29 06:30:00,0.03417015341701534,0.0667330677290836,-0.4963514519731944,-0.49366184609891095,0.7581238303385638,0.9948775055679288,0.5,-0.8173992728359432,0.6876068584827326,0.6640646944787794,0.3256883878065234,0.07342629452188859,0.0
2021-12-29 06:40:00,0.02580195258019526,0.07818725099601598,-0.49843633655994046,-0.5079450098196749,0.7581238303385638,0.9948775055679288,0.5,-0.8173992728359432,0.6876068584827326,0.6640646944787794,0.3256883878065234,0.07342629452188859,0.0
2021-12-29 06:50:00,0.03765690376569038,0.08964143426294813,-0.5040953090096799,-0.47937868237814674,0.7581238303385638,0.9948775055679288,0.5,-0.8173992728359432,0.6876068584827326,0.6640646944787794,0.3256883878065234,0.07342629452188859,0.0
2021-12-29 07:00:00,0.05369595536959554,0.10109561752988028,-0.5040953090096799,-0.43295840028566324,0.7581238303385638,0.9948775055679288,0.5,-0.7898184357867978,0.6798225323053867,0.6241658008432379,0.2900018394741022,0.09191514656723657,0.0
2021-12-29 07:10:00,0.044630404463040445,0.11254980079681265,-0.5061801935964261,-0.3965363327977147,0.7581238303385638,0.9948775055679288,0.5,-0.7898184357867978,0.6798225323053867,0.6241658008432379,0.2900018394741022,0.09191514656723657,0.0
2021-12-29 07:20:00,0.09414225941422595,0.1240039840637448,-0.5058823529411764,-0.3711837171933583,0.7581238303385638,0.9948775055679288,0.5,-0.7898184357867978,0.6798225323053867,0.6241658008432379,0.2900018394741022,0.09191514656723657,0.0
2021-12-29 07:30:00,0.10181311018131102,0.13545816733067717,-0.5020104244229338,-0.35440099982146045,0.7581238303385638,0.9948775055679288,0.5,-0.7898184357867978,0.6798225323053867,0.6241658008432379,0.2900018394741022,0.09191514656723657,0.0
2021-12-29 07:40:00,0.10181311018131102,0.14691235059760932,-0.496053611317945,-0.39475093733261923,0.7581238303385638,0.9948775055679288,0.5,-0.7898184357867978,0.6798225323053867,0.6241658008432379,0.2900018394741022,0.09191514656723657,0.0
2021-12-29 07:50:00,0.09832635983263598,0.1583665338645417,-0.4951600893521967,-0.44545616854133185,0.7581238303385638,0.9948775055679288,0.5,-0.7898184357867978,0.6798225323053867,0.6241658008432379,0.2900018394741022,0.09191514656723657,0.0
2021-12-29 08:00:00,0.11576011157601115,0.16982071713147384,-0.49367088607594944,-0.48366363149437597,0.7581238303385638,0.9948775055679288,0.5,-0.8053315914126468,0.6923682569603515,0.6304205270471065,0.28489570707002904,0.07328770535840029,0.0
2021-12-29 08:10:00,0.12482566248256625,0.1812749003984062,-0.49396872673119885,-0.5090162470987323,0.7581238303385638,0.9948775055679288,0.5,-0.8053315914126468,0.6923682569603515,0.6304205270471065,0.28489570707002904,0.07328770535840029,0.0
2021-12-29 08:20:00,0.1499302649930265,0.19272908366533859,-0.4951600893521967,-0.490805213354758,0.7581238303385638,0.9948775055679288,0.5,-0.8053315914126468,0.6923682569603515,0.6304205270471065,0.28489570707002904,0.07328770535840029,0.0
2021-12-29 08:30:00,0.2391910739191074,0.20418326693227073,-0.4954579300074461,-0.4447420103552937,0.69822407768515,0.9948775055679288,0.5,-0.8053315914126468,0.6923682569603515,0.6304205270471065,0.28489570707002904,0.07328770535840029,0.0
2021-12-29 08:40:00,0.2280334728033473,0.2156374501992031,-0.4886075949367089,-0.4033208355650776,0.45735561633796185,0.9948775055679288,0.5,-0.8053315914126468,0.6923682569603515,0.6304205270471065,0.28489570707002904,0.07328770535840029,0.0
2021-12-29 08:50:00,0.1290097629009763,0.22709163346613526,-0.4915860014892033,-0.3826102481699697,0.3322689141615736,0.1358574610244989,0.5,-0.8053315914126468,0.6923682569603515,0.6304205270471065,0.28489570707002904,0.07328770535840029,0.0
2021-12-29 09:00:00,0.16387726638772665,-0.20318725099601598,-0.4924795234549517,-0.3726120335654347,0.335370561830103,0.9177060133630289,0.5,-0.7891944995418954,0.7054599476447336,0.5971685956997077,0.2725827104257341,0.04055460089223426,0.0
2021-12-29 09:10:00,0.12761506276150628,-0.6175298804780878,-0.5073715562174237,-0.394036779146581,0.335370561830103,0.9989977728285078,0.5,-0.7891944995418954,0.7054599476447336,0.5971685956997077,0.2725827104257341,0.04055460089223426,0.0
2021-12-29 09:20:00,0.09832635983263598,-0.45019920318725104,-0.5070737155621743,-0.4386716657739689,0.335370561830103,0.9989977728285078,0.5,-0.7891944995418954,0.7054599476447336,0.5971685956997077,0.2725827104257341,0.04055460089223426,0.0
2021-12-29 09:30:00,0.0697350069735007,-0.2828685258964144,-0.5124348473566642,-0.47009462595965,0.335370561830103,0.9989977728285078,0.5,-0.7891944995418954,0.7054599476447336,0.5971685956997077,0.2725827104257341,0.04055460089223426,0.0
2021-12-29 09:40:00,0.05299860529986053,-0.11553784860557781,-0.521667907669397,-0.48259239421531863,0.335370561830103,0.9989977728285078,0.5,-0.7891944995418954,0.7054599476447336,0.5971685956997077,0.2725827104257341,0.04055460089223426,0.0
2021-12-29 09:50:00,0.06764295676429567,-0.1447543160690572,-0.518987341772152,-0.48366363149437597,0.335370561830103,0.9989977728285078,0.5,-0.7891944995418954,0.7054599476447336,0.5971685956997077,0.2725827104257341,0.04055460089223426,0.0
2021-12-29 10:00:00,0.04951185495118549,-0.17397078353253648,-0.5183916604616532,-0.4811640778432422,0.335370561830103,0.9989977728285078,0.5,-0.6022103759460187,0.7338559281853528,0.45706866363403376,0.18053555776677432,0.9909872256340527,0.0
2021-12-29 10:10:00,0.04602510460251046,-0.20318725099601598,-0.5231571109456441,-0.4811640778432422,0.335370561830103,0.9989977728285078,0.5,-0.6022103759460187,0.7338559281853528,0.45706866363403376,0.18053555776677432,0.9909872256340527,0.0
2021-12-29 10:20:00,0.0794979079497908,-0.23240371845949548,-0.516902457185406,-0.4811640778432422,0.335370561830103,0.9989977728285078,0.5,-0.6022103759460187,0.7338559281853528,0.45706866363403376,0.18053555776677432,0.9909872256340527,0.0
2021-12-29 10:30:00,0.09205020920502092,-0.26162018592297487,-0.5055845122859272,-0.47437957507587936,0.335370561830103,0.9989977728285078,0.5,-0.6022103759460187,0.7338559281853528,0.45706866363403376,0.18053555776677432,0.9909872256340527,0.0
2021-12-29 10:40:00,0.08368200836820083,-0.29083665338645437,-0.49873417721519,-0.42938760935547216,0.335370561830103,0.9989977728285078,0.5,-0.6022103759460187,0.7338559281853528,0.45706866363403376,0.18053555776677432,0.9909872256340527,0.0
2021-12-29 10:50:00,0.06903765690376569,-0.32005312084993365,-0.48592702903946394,-0.37546866630958753,0.335370561830103,0.9989977728285078,0.5,-0.6022103759460187,0.7338559281853528,0.45706866363403376,0.18053555776677432,0.9909872256340527,0.0
2021-12-29 11:00:00,0.08786610878661089,-0.34926958831341315,-0.48145941921072233,-0.3261917514729513,0.335370561830103,0.9989977728285078,0.5,-0.607702729249959,0.7456890234966562,0.4607325772928913,0.11055748532937643,0.8637518658260677,0.0
2021-12-29 11:10:00,0.0815899581589958,-0.37848605577689254,-0.4802680565897246,-0.33476164970540967,0.335370561830103,0.9989977728285078,0.5,-0.607702729249959,0.7456890234966562,0.4607325772928913,0.11055748532937643,0.8637518658260677,0.0
2021-12-29 11:20:00,0.05788005578800558,-0.40770252324037193,-0.4802680565897246,-0.36547045170505266,0.335370561830103,0.9989977728285078,0.5,-0.607702729249959,0.7456890234966562,0.4607325772928913,0.11055748532937643,0.8637518658260677,0.0
2021-12-29 11:30:00,0.061366806136680614,-0.4369189907038513,-0.47818317200297844,-0.383681485449027,0.335370561830103,0.9989977728285078,0.5,-0.607702729249959,0.7456890234966562,0.4607325772928913,0.11055748532937643,0.8637518658260677,0.0
2021-12-29 11:40:00,0.07880055788005579,-0.4661354581673308,-0.47550260610573347,-0.3968934118907338,0.335370561830103,0.9989977728285078,0.5,-0.607702729249959,0.7456890234966562,0.4607325772928913,0.11055748532937643,0.8637518658260677,0.0
2021-12-29 11:50:00,0.0899581589958159,-0.043824701195219196,-0.4719285182427403,-0.4090341010533832,0.335370561830103,0.9989977728285078,0.5,-0.607702729249959,0.7456890234966562,0.4607325772928913,0.11055748532937643,0.8637518658260677,0.0
2021-12-29 12:00:00,0.11227336122733612,0.5298804780876492,-0.47133283693224126,-0.41653276200678446,0.335370561830103,0.9989977728285078,0.5,-0.6393397022169465,0.7592261075208284,0.49490695457530776,0.21905932046397988,0.7235892049370697,0.0
2021-12-29 12:10:00,0.11157601115760113,0.4183266932270917,-0.47103499627699197,-0.418675236564899,0.335370561830103,0.9989977728285078,0.5,-0.6393397022169465,0.7592261075208284,0.49490695457530776,0.21905932046397988,0.7235892049370697,0.0
2021-12-29 12:20:00,0.1387726638772664,0.8645418326693224,-0.4653760238272525,-0.4254597393322621,0.335370561830103,0.9989977728285078,0.5,-0.6393397022169465,0.7592261075208284,0.49490695457530776,0.21905932046397988,0.7235892049370697,0.0
2021-12-29 12:30:00,0.17154811715481172,0.298804780876494,-0.46239761727475814,-0.4318871630066059,0.33578934970095936,0.9989977728285078,0.5,-0.6393397022169465,0.7592261075208284,0.49490695457530776,0.21905932046397988,0.7235892049370697,0.0
2021-12-29 12:40:00,0.14783821478382148,-0.26693227091633476,-0.45822784810126593,-0.44402785216925544,0.36820614832942905,0.16158129175946548,0.5,-0.6393397022169465,0.7592261075208284,0.49490695457530776,0.21905932046397988,0.7235892049370697,0.0
2021-12-29 12:50:00,0.21478382147838215,-0.5856573705179284,-0.4406552494415489,-0.45045527584359935,0.35954247425108954,0.49654788418708246,0.5,-0.6393397022169465,0.7592261075208284,0.49490695457530776,0.21905932046397988,0.7235892049370697,0.021410142281636162
2021-12-29 13:00:00,0.2315202231520223,-0.12350597609561753,-0.42367833209233074,-0.4450990894483128,0.356584784913167,0.00011135857461024499,0.5,-0.47812971216617317,0.7486458605717707,0.3906999847949866,0.3165283196806365,0.7175393346861695,0.09163058074445131
2021-12-29 13:10:00,0.27405857740585776,0.1394422310756971,-0.4099776619508564,-0.4176039992858417,0.34730601614950724,0.0028953229398663697,0.5,-0.47812971216617317,0.7486458605717707,0.3906999847949866,0.3165283196806365,0.7175393346861695,0.1256393620713068
2021-12-29 13:20:00,0.2838214783821479,0.003984063745019917,-0.3995532390171259,-0.37832529905374035,0.357042834146916,0.009242761692650333,0.5,-0.47812971216617317,0.7486458605717707,0.3906999847949866,0.3165283196806365,0.7175393346861695,0.1394299681639181
2021-12-29 13:30:00,0.30613668061366806,-0.21912350597609564,-0.3938942665673866,-0.34475986430994454,0.354765675099135,0.02293986636971047,0.5,-0.47812971216617317,0.7486458605717707,0.3906999847949866,0.3165283196806365,0.7175393346861695,0.16348808787362132
2021-12-29 13:40:00,0.33821478382147835,-0.059760956175298974,-0.3906180193596427,-0.3211926441706838,0.3611521901296934,0.026503340757238307,0.5,-0.47812971216617317,0.7486458605717707,0.3906999847949866,0.3165283196806365,0.7175393346861695,0.2056671243417777
2021-12-29 13:50:00,0.3493723849372385,-0.11553784860557781,-0.3825763216679078,-0.3026245313336904,0.3611521901296934,0.01937639198218263,0.5,-0.47812971216617317,0.7486458605717707,0.3906999847949866,0.3165283196806365,0.7175393346861695,0.24981516966670186
2021-12-29 14:00:00,0.3926080892608089,0.043824701195219085,-0.37274758004467623,-0.2865559721478307,0.3611521901296934,0.056570155902004454,0.5,-0.47036144409538583,0.7298473881272514,0.39747160536662157,0.37476235177842265,0.7198612372443813,0.2369524872881995
2021-12-29 14:10:00,0.3758716875871687,0.05179282868525892,-0.3593447505584514,-0.273701124799143,0.36450249309654364,0.040311804008908686,0.5,-0.47036144409538583,0.7298473881272514,0.39747160536662157,0.37476235177842265,0.7198612372443813,0.24050575614466557
2021-12-29 14:20:00,0.37796373779637377,-0.07569721115537853,-0.35368577810871193,-0.2626316729155508,0.36468571279004325,0.03418708240534521,0.5,-0.47036144409538583,0.7298473881272514,0.39747160536662157,0.37476235177842265,0.7198612372443813,0.2655219759494244
2021-12-29 14:30:00,0.4225941422594142,-0.01195219123505975,-0.3414743112434848,-0.2529905374040349,0.3566109591550955,0.053452115812917596,0.5,-0.47036144409538583,0.7298473881272514,0.39747160536662157,0.37476235177842265,0.7198612372443813,0.2801499766133048
2021-12-29 14:40:00,0.39609483960948394,-0.14741035856573714,-0.33492181682799715,-0.24442063917157653,0.35696431142113044,0.051670378619153676,0.5,-0.47036144409538583,0.7298473881272514,0.39747160536662157,0.37476235177842265,0.7198612372443813,0.2560692246178916
2021-12-29 14:50:00,0.4100418410041841,-0.0916334661354582,-0.3283693224125095,-0.23763613640421344,0.35702974702595175,0.055122494432071276,0.5,-0.47036144409538583,0.7298473881272514,0.39747160536662157,0.37476235177842265,0.7198612372443813,0.25698206014152725
2021-12-29 15:00:00,0.41422594142259417,-0.08366533864541836,-0.3241995532390173,-0.23156579182288872,0.3579851068563427,0.05189309576837417,0.5,-0.46360287410242673,0.7182872758306608,0.3996587685562352,0.4096926453290088,0.7184671289375563,0.2822774114700424
2021-12-29 15:10:00,0.40027894002789405,0.043824701195219085,-0.3179448994787789,-0.22299589359043037,0.3546740652523851,0.05011135857461025,0.5,-0.46360287410242673,0.7182872758306608,0.3996587685562352,0.4096926453290088,0.7184671289375563,0.2557674608084252
2021-12-29 15:20:00,0.3633193863319386,-0.1394422310756973,-0.3090096798212957,-0.21549723263702913,0.35415058041381475,0.03953229398663697,0.5,-0.46360287410242673,0.7182872758306608,0.3996587685562352,0.4096926453290088,0.7184671289375563,0.2545754937610332
2021-12-29 15:30:00,0.4177126917712692,0.13147410358565725,-0.30275502606105753,-0.21014104624174257,0.35595660310688254,0.03596881959910913,0.5,-0.46360287410242673,0.7182872758306608,0.3996587685562352,0.4096926453290088,0.7184671289375563,0.295532386800851
2021-12-29 15:40:00,0.41841004184100417,0.003984063745019917,-0.36559940431868965,-0.25370469559007325,0.3557602962924187,0.013808463251670379,0.5,-0.46360287410242673,0.7182872758306608,0.3996587685562352,0.4096926453290088,0.7184671289375563,0.3549119604085882
2021-12-29 15:50:00,0.4177126917712692,0.1394422310756971,-0.39687267311988095,-0.29476879128727007,0.3550666788813129,0.01714922048997773,0.5,-0.46360287410242673,0.7182872758306608,0.3996587685562352,0.4096926453290088,0.7184671289375563,0.33538029784087997
2021-12-29 16:00:00,0.40446304044630405,0.08366533864541825,-0.4064035740878631,-0.31297982503124433,0.35282878119642463,0.006570155902004454,0.5,-0.4178238243119341,0.712609229124701,0.37380783627586484,0.4263630867541736,0.7167282246788983,0.3385110973640931
2021-12-29 16:10:00,0.4490934449093445,0.24302788844621515,-0.4132539091586003,-0.3279771469380467,0.3549358076716704,0.00044543429844097997,0.5,-0.4178238243119341,0.712609229124701,0.37380783627586484,0.4263630867541736,0.7167282246788983,0.438032801726089
2021-12-29 16:20:00,0.3493723849372385,0.17928286852589648,-0.4177215189873419,-0.3376182824495625,0.3637172658386882,0.00022271714922048998,0.5,-0.4178238243119341,0.712609229124701,0.37380783627586484,0.4263630867541736,0.7167282246788983,0.26503915385427823
2021-12-29 16:30:00,0.39400278940027894,-0.10756972111553798,-0.4180193596425913,-0.3454740224959829,0.3647904097577574,0.00022271714922048998,0.5,-0.4178238243119341,0.712609229124701,0.37380783627586484,0.4263630867541736,0.7167282246788983,0.319152948986828
2021-12-29 16:40:00,0.3647140864714087,-0.0916334661354582,-0.42069992553983626,-0.3469023388680593,0.36404444386279466,0.00022271714922048998,0.5,-0.4178238243119341,0.712609229124701,0.37380783627586484,0.4263630867541736,0.7167282246788983,0.2746126107095976
2021-12-29 16:50:00,0.37935843793584384,0.08366533864541825,-0.42069992553983626,-0.35118728798428844,0.3633377393307246,0.00022271714922048998,0.5,-0.4178238243119341,0.712609229124701,0.37380783627586484,0.4263630867541736,0.7167282246788983,0.30767838013187077
2021-12-29 17:00:00,0.35564853556485354,-0.059760956175298974,-0.42069992553983626,-0.35618639528655593,0.3661776445799689,0.00022271714922048998,0.5,-0.4235075242902212,0.722175128661207,0.38488226006102044,0.4266828963950855,0.7190660698592268,0.2631606741403503
2021-12-29 17:10:00,0.3207810320781032,-0.05179282868525903,-0.42069992553983626,-0.3633279771469381,0.3661776445799689,0.00022271714922048998,0.5,-0.4235075242902212,0.722175128661207,0.38488226006102044,0.4266828963950855,0.7190660698592268,0.2125397951023734
2021-12-29 17:20:00,0.33333333333333337,-0.2589641434262948,-0.4209977661950858,-0.36689876807712907,0.3661776445799689,0.00022271714922048998,0.5,-0.4235075242902212,0.722175128661207,0.38488226006102044,0.4266828963950855,0.7190660698592268,0.22747710367095672
2021-12-29 17:30:00,0.298465829846583,-0.0916334661354582,-0.4257632166790768,-0.3729691126584538,0.3661776445799689,0.00022271714922048998,0.5,-0.4235075242902212,0.722175128661207,0.38488226006102044,0.4266828963950855,0.7190660698592268,0.17893839491829744
2021-12-29 17:40:00,0.34449093444909346,-0.21115537848605592,-0.4266567386448251,-0.3740403499375111,0.36091662195233665,0.00022271714922048998,0.5,-0.4235075242902212,0.722175128661207,0.38488226006102044,0.4266828963950855,0.7190660698592268,0.2340329224316128
2021-12-29 17:50:00,0.3312412831241283,0.6334661354581672,-0.4305286671630679,-0.3772540617746831,0.3548441978249205,0.00022271714922048998,0.5,-0.4235075242902212,0.722175128661207,0.38488226006102044,0.4266828963950855,0.7190660698592268,0.21508215519712723
2021-12-29 18:00:00,0.26569037656903766,0.1872509960159361,-0.43529411764705894,-0.39260846277450456,0.3664917354831111,0.00022271714922048998,0.5,-0.594141830010643,0.7244595654685118,0.5386322107620299,0.3105212976036978,0.7033849804923828,0.13705357816437075
2021-12-29 18:10:00,0.2175732217573222,0.43426294820717115,-0.4373790022338051,-0.40260667737903943,0.36870345892607087,0.00022271714922048998,0.5,-0.594141830010643,0.7244595654685118,0.5386322107620299,0.3105212976036978,0.7033849804923828,0.09929538150489613
2021-12-29 18:20:00,0.23709902370990238,0.2589641434262948,-0.4421444527177961,-0.4093911801464024,0.3787281935846933,0.00022271714922048998,0.5,-0.594141830010643,0.7244595654685118,0.5386322107620299,0.3105212976036978,0.7033849804923828,0.102101784932933
2021-12-29 18:30:00,0.2294281729428173,0.21912350597609564,-0.4463142218912882,-0.4108194965184788,0.38254963290625693,0.00022271714922048998,0.5,-0.594141830010643,0.7244595654685118,0.5386322107620299,0.3105212976036978,0.7033849804923828,0.09534227560088719
2021-12-29 18:40:00,0.2099023709902371,0.6095617529880477,-0.4489947877885332,-0.41688984109980365,0.3826281556320425,0.00022271714922048998,0.5,-0.594141830010643,0.7244595654685118,0.5386322107620299,0.3105212976036978,0.7033849804923828,0.08124990569880955
2021-12-29 18:50:00,0.2398884239888424,-0.1633466135458168,-0.4534623976172749,-0.41974647384395647,0.39627802279776475,0.00022271714922048998,0.5,-0.594141830010643,0.7244595654685118,0.5386322107620299,0.3105212976036978,0.7033849804923828,0.09912186731445297
2021-12-29 19:00:00,0.199442119944212,-0.29083665338645437,-0.4534623976172749,-0.42117479021603277,0.3963696326445145,0.00022271714922048998,0.5,-0.6107634088591809,0.7411603789578943,0.5931802915126985,0.31145953486593986,0.6917183975378665,0.06929251474870618
2021-12-29 19:10:00,0.15620641562064158,-0.33864541832669326,-0.4543559195830231,-0.4254597393322621,0.3963696326445145,0.00033407572383073496,0.5,-0.6107634088591809,0.7411603789578943,0.5931802915126985,0.31145953486593986,0.6917183975378665,0.04473648475338353
2021-12-29 19:20:00,0.13389121338912133,-0.05179282868525903,-0.4564408041697692,-0.42153186930905195,0.3963696326445145,0.00033407572383073496,0.5,-0.6107634088591809,0.7411603789578943,0.5931802915126985,0.31145953486593986,0.6917183975378665,0.031436244851155
2021-12-29 19:30:00,0.12761506276150628,0.019920318725099362,-0.4600148920327626,-0.4172469201928227,0.3963696326445145,0.00033407572383073496,0.5,-0.6107634088591809,0.7411603789578943,0.5931802915126985,0.31145953486593986,0.6917183975378665,0.02849404770885828
2021-12-29 19:40:00,0.12273361227336123,0.15537848605577675,-0.46239761727475814,-0.4158186038207463,0.3963696326445145,0.00022271714922048998,0.5,-0.6107634088591809,0.7411603789578943,0.5931802915126985,0.31145953486593986,0.6917183975378665,0.022903873138494502
2021-12-29 19:50:00,0.10460251046025104,0.49800796812749004,-0.46239761727475814,-0.4193893947509374,0.4020232689010744,0.00022271714922048998,0.5,-0.6107634088591809,0.7411603789578943,0.5931802915126985,0.31145953486593986,0.6917183975378665,0.006570906951129352
2021-12-29 20:00:00,0.11924686192468618,0.43426294820717115,-0.46299329858525695,-0.4222460274950901,0.4128201436965882,0.00011135857461024499,0.5,-0.6182334669569276,0.7531486435617676,0.6334186665570993,0.29449184966359687,0.7456686912147122,0.016001025996952186
2021-12-29 20:10:00,0.09553695955369597,-0.07569721115537853,-0.457632166790767,-0.41653276200678446,0.4128201436965882,0.00044543429844097997,0.5,-0.6182334669569276,0.7531486435617676,0.6334186665570993,0.29449184966359687,0.7456686912147122,0.0
2021-12-29 20:20:00,0.10251046025104603,-0.7051792828685259,-0.421891288160834,-0.35582931619353686,0.4128201436965882,0.788641425389755,0.5,-0.6182334669569276,0.7531486435617676,0.6334186665570993,0.29449184966359687,0.7456686912147122,0.0
2021-12-29 20:30:00,0.1311018131101813,-0.6653386454183268,-0.4102755026061059,-0.34118907337975357,0.4128201436965882,0.9965478841870824,0.5,-0.6182334669569276,0.7531486435617676,0.6334186665570993,0.29449184966359687,0.7456686912147122,0.0
2021-12-29 20:40:00,0.15132496513249652,-0.08366533864541836,-0.40431868950111693,-0.34618818068202095,0.4128201436965882,0.9965478841870824,0.5,-0.6182334669569276,0.7531486435617676,0.6334186665570993,0.29449184966359687,0.7456686912147122,0.0
2021-12-29 20:50:00,0.18340306834030684,0.31474103585657365,-0.4028294862248698,-0.35440099982146045,0.4128201436965882,0.7880846325167038,0.5,-0.6182334669569276,0.7531486435617676,0.6334186665570993,0.29449184966359687,0.7456686912147122,0.0
2021-12-29 21:00:00,0.14574616457461645,0.3545816733067728,-0.391511541325391,-0.34618818068202095,0.4206069806703223,0.27182628062360803,0.5,-0.61898054280819,0.7529187631283272,0.6663540698520092,0.27979716894702006,0.8109683323402974,0.0
2021-12-29 21:10:00,0.14016736401673638,-0.12350597609561753,-0.391511541325391,-0.34475986430994454,0.4293099161115546,0.9986636971046772,0.5,-0.61898054280819,0.7529187631283272,0.6663540698520092,0.27979716894702006,0.8109683323402974,0.0
2021-12-29 21:20:00,0.1631799163179916,-0.019920318725099695,-0.39717051377513035,-0.35761471165863234,0.4293099161115546,0.9986636971046772,0.5,-0.61898054280819,0.7529187631283272,0.6663540698520092,0.27979716894702006,0.8109683323402974,0.0
2021-12-29 21:30:00,0.13668061366806136,0.1633466135458166,-0.40848845867460915,-0.3740403499375111,0.4293099161115546,0.9986636971046772,0.5,-0.61898054280819,0.7529187631283272,0.6663540698520092,0.27979716894702006,0.8109683323402974,0.0
2021-12-29 21:40:00,0.17294281729428174,0.9123505976095616,-0.41653015636634405,-0.3890376718443135,0.4293099161115546,0.9986636971046772,0.5,-0.61898054280819,0.7529187631283272,0.6663540698520092,0.27979716894702006,0.8109683323402974,0.0
2021-12-29 21:50:00,0.17503486750348674,0.41035856573705165,-0.4177215189873419,-0.40367791465809677,0.4293099161115546,0.9986636971046772,0.5,-0.61898054280819,0.7529187631283272,0.6663540698520092,0.27979716894702006,0.8109683323402974,0.0
2021-12-29 22:00:00,0.18340306834030684,-0.0916334661354582,-0.42367833209233074,-0.418675236564899,0.4388635144154638,0.8449888641425389,0.5,-0.6912727305473942,0.7692374003971201,0.753488561429459,0.25288710522025604,0.8680684287140233,0.0
2021-12-29 22:10:00,0.18340306834030684,-0.5936254980079682,-0.41265822784810136,-0.4001071237279057,0.4671186085772991,0.13485523385300668,0.5,-0.6912727305473942,0.7692374003971201,0.753488561429459,0.25288710522025604,0.8680684287140233,0.0
2021-12-29 22:20:00,0.23361227336122734,-0.6095617529880479,-0.3944899478778854,-0.3679700053561864,0.4670924343353705,0.007238307349665925,0.5,-0.6912727305473942,0.7692374003971201,0.753488561429459,0.25288710522025604,0.8680684287140233,0.10090981788554099
2021-12-29 22:30:00,0.1799163179916318,0.08366533864541825,-0.3801935964259122,-0.34011783610069624,0.45349491565350536,0.00022271714922048998,0.5,-0.6912727305473942,0.7692374003971201,0.753488561429459,0.25288710522025604,0.8680684287140233,0.06155981713113146
2021-12-29 22:40:00,0.1680613668061367,0.17131474103585642,-0.3676842889054357,-0.318336011426531,0.45328552171807723,0.00022271714922048998,0.5,-0.6912727305473942,0.7692374003971201,0.753488561429459,0.25288710522025604,0.8680684287140233,0.0517374051330024
2021-12-29 22:50:00,0.15202231520223153,0.1633466135458166,-0.3605361131794491,-0.29976789858953756,0.45328552171807723,0.00022271714922048998,0.5,-0.6912727305473942,0.7692374003971201,0.753488561429459,0.25288710522025604,0.8680684287140233,0.04184709627774341
2021-12-29 23:00:00,0.15550906555090654,-0.01195219123505975,-0.3554728220402086,-0.2819139439385824,0.45328552171807723,0.00022271714922048998,0.5,-0.7336063728415132,0.7469188838155576,0.7836374779866533,0.21484161949550254,0.9226697303925235,0.03901806056399656
2021-12-29 23:10:00,0.1589958158995816,-0.5139442231075697,-0.35368577810871193,-0.26655954293876094,0.4481946316629805,0.00022271714922048998,0.5,-0.7336063728415132,0.7469188838155576,0.7836374779866533,0.21484161949550254,0.9226697303925235,0.037305550945275136
2021-12-29 23:20:00,0.19177126917712692,-0.4342629482071714,-0.3516008935219658,-0.25691840742724503,0.4368611849079321,0.00022271714922048998,0.5,-0.7336063728415132,0.7469188838155576,0.7836374779866533,0.21484161949550254,0.9226697303925235,0.060013277607616516
2021-12-29 23:30:00,0.2315202231520223,-0.4183266932270917,-0.3489203276247208,-0.25513301196214966,0.4324900865058696,0.00044543429844097997,0.5,-0.7336063728415132,0.7469188838155576,0.7836374779866533,0.21484161949550254,0.9226697303925235,0.09185690360155108
2021-12-29 23:40:00,0.2754532775453278,-0.08366533864541836,-0.3402829486224871,-0.25370469559007325,0.4230280980487103,0.00044543429844097997,0.5,-0.7336063728415132,0.7469188838155576,0.7836374779866533,0.21484161949550254,0.9226697303925235,0.11959654178674352
2021-12-29 23:50:00,0.298465829846583,-0.043824701195219196,-0.33075204765450494,-0.2526334583110159,0.4230280980487103,0.00044543429844097997,0.5,-0.7336063728415132,0.7469188838155576,0.7836374779866533,0.21484161949550254,0.9226697303925235,0.1418516227348854
2021-12-30 00:00:00,0.299860529986053,0.1633466135458166,-0.3250930752047656,-0.25049098375290113,0.4230280980487103,0.00044543429844097997,0.5,-0.7341692395795777,0.7500797397753515,0.7700375509301371,0.17536584134040983,0.9495218329159567,0.13261010606997903
2021-12-30 00:10:00,0.27475592747559274,0.019920318725099362,-0.32300819061801955,-0.24549187645063375,0.4230280980487103,0.00044543429844097997,0.5,-0.7341692395795777,0.7500797397753515,0.7700375509301371,0.17536584134040983,0.9495218329159567,0.10803144378894639
2021-12-30 00:20:00,0.2615062761506276,-0.33864541832669326,-0.32300819061801955,-0.24406356007855734,0.4230280980487103,0.00044543429844097997,0.5,-0.7341692395795777,0.7500797397753515,0.7700375509301371,0.17536584134040983,0.9495218329159567,0.12089412616744874
2021-12-30 00:30:00,0.2196652719665272,-0.5617529880478087,-0.3221146686522711,-0.23906445277628985,0.42147073065396345,0.00044543429844097997,0.5,-0.7341692395795777,0.7500797397753515,0.7700375509301371,0.17536584134040983,0.9495218329159567,0.10642455150353818
2021-12-30 00:40:00,0.18549511854951187,-0.2749003984063746,-0.3179448994787789,-0.23120871272986965,0.4092080983104527,0.00044543429844097997,0.5,-0.7341692395795777,0.7500797397753515,0.7700375509301371,0.17536584134040983,0.9495218329159567,0.07275525446233233
2021-12-30 00:50:00,0.25383542538354253,-0.05179282868525903,-0.3203276247207745,-0.2240671308694876,0.39731190535394123,0.00044543429844097997,0.5,-0.7341692395795777,0.7500797397753515,0.7700375509301371,0.17536584134040983,0.9495218329159567,0.10204897626627639
2021-12-30 01:00:00,0.16527196652719667,0.003984063745019917,-0.3164556962025318,-0.22299589359043037,0.40797790893981234,0.00044543429844097997,0.5,-0.7910541343989423,0.7469591128914093,0.8050260748860226,0.1654372229300123,0.9291700571055449,0.06584486322555336
2021-12-30 01:10:00,0.18270571827057183,-0.5936254980079682,-0.31883842144452734,-0.21549723263702913,0.4092080983104527,0.00044543429844097997,0.5,-0.7910541343989423,0.7469591128914093,0.8050260748860226,0.1654372229300123,0.9291700571055449,0.06060926113131253
2021-12-30 01:20:00,0.14644351464435149,-0.298804780876494,-0.31943410275502615,-0.2062131762185324,0.4092080983104527,0.00044543429844097997,0.5,-0.7910541343989423,0.7469591128914093,0.8050260748860226,0.1654372229300123,0.9291700571055449,0.04850853237171266
2021-12-30 01:30:00,0.18270571827057183,-0.3466135458167332,-0.31943410275502615,-0.19585788252097835,0.4083705225687401,0.00044543429844097997,0.5,-0.7910541343989423,0.7469591128914093,0.8050260748860226,0.1654372229300123,0.9291700571055449,0.06318934170224966
2021-12-30 01:40:00,0.19456066945606695,-0.019920318725099695,-0.32002978406552507,-0.19550080342795917,0.3927445001374148,0.00044543429844097997,0.5,-0.7910541343989423,0.7469591128914093,0.8050260748860226,0.1654372229300123,0.9291700571055449,0.06964708722482912
2021-12-30 01:50:00,0.18549511854951187,-0.5458167330677292,-0.31883842144452734,-0.19800035707909291,0.3924304092342726,0.00044543429844097997,0.5,-0.7910541343989423,0.7469591128914093,0.8050260748860226,0.1654372229300123,0.9291700571055449,0.0702506148437618
2021-12-30 02:00:00,0.200836820083682,0.2589641434262948,-0.3185405807892778,-0.19550080342795917,0.37629398908534106,0.00033407572383073496,0.5,-0.790333474194548,0.7585134781771627,0.7850071973355846,0.21665515189526147,0.9199373968735947,0.06409463313064864
2021-12-30 02:10:00,0.17782426778242677,-0.13147410358565736,-0.31258376768428897,-0.19550080342795917,0.38978681079949223,0.00033407572383073496,0.5,-0.790333474194548,0.7585134781771627,0.7850071973355846,0.21665515189526147,0.9199373968735947,0.05194863979962883
2021-12-30 02:20:00,0.1506276150627615,-0.02788844621513953,-0.3164556962025318,-0.1901446170326727,0.39007472746070593,0.00033407572383073496,0.5,-0.790333474194548,0.7585134781771627,0.7850071973355846,0.21665515189526147,0.9199373968735947,0.029007046184951042
2021-12-30 02:30:00,0.14435146443514643,0.09960159362549792,-0.31496649292628454,-0.17764684877700399,0.39007472746070593,0.00033407572383073496,0.5,-0.790333474194548,0.7585134781771627,0.7850071973355846,0.21665515189526147,0.9199373968735947,0.025891334852211175
2021-12-30 02:40:00,0.12412831241283125,0.2350597609561753,-0.3164556962025318,-0.16336368505623988,0.39397468950805514,0.00033407572383073496,0.5,-0.790333474194548,0.7585134781771627,0.7850071973355846,0.21665515189526147,0.9199373968735947,0.013564283235511565
2021-12-30 02:50:00,0.11366806136680613,0.2828685258964143,-0.3167535368577812,-0.14443849312622736,0.4064990642708511,0.00033407572383073496,0.5,-0.790333474194548,0.7585134781771627,0.7850071973355846,0.21665515189526147,0.9199373968735947,0.015223984187576384
2021-12-30 03:00:00,0.11018131101813111,-0.23505976095617542,-0.3212211466865228,-0.12658453847527218,0.4064990642708511,0.00033407572383073496,0.5,-0.785800956099663,0.7542319551043527,0.7649634642169222,0.25119030776942725,0.928356742462657,0.009520648188662733
2021-12-30 03:10:00,0.09902370990237098,-0.7211155378486056,-0.32658227848101273,-0.11194429566148911,0.3918545759118452,0.00033407572383073496,0.5,-0.785800956099663,0.7542319551043527,0.7649634642169222,0.25119030776942725,0.928356742462657,0.005001735141904431
2021-12-30 03:20:00,0.09414225941422595,-0.6653386454183268,-0.3283693224125095,-0.09480449919657197,0.3900092918558846,0.00033407572383073496,0.5,-0.785800956099663,0.7542319551043527,0.7649634642169222,0.25119030776942725,0.928356742462657,0.0
2021-12-30 03:30:00,0.09274755927475593,-0.553784860557769,-0.3283693224125095,-0.07480806998750233,0.3840808260590753,0.0006681514476614699,0.5,-0.785800956099663,0.7542319551043527,0.7649634642169222,0.25119030776942725,0.928356742462657,0.0
2021-12-30 03:40:00,0.08926080892608089,0.05179282868525892,-0.3286671630677588,-0.0590965898946616,0.3735326065618825,0.28162583518930956,0.5,-0.785800956099663,0.7542319551043527,0.7649634642169222,0.25119030776942725,0.928356742462657,0.0
2021-12-30 03:50:00,0.09483960948396096,0.056662239929172076,-0.353090096798213,-0.07730762363863586,0.3735326065618825,0.9951002227171493,0.5,-0.785800956099663,0.7542319551043527,0.7649634642169222,0.25119030776942725,0.928356742462657,0.0
2021-12-30 04:00:00,0.09553695955369597,0.06153165117308523,-0.3748324646314223,-0.11123013747545074,0.3735326065618825,0.9951002227171493,0.5,-0.7889909122837094,0.7662345872353168,0.7845790728543336,0.2515233893205799,0.9316834375744231,0.0
2021-12-30 04:10:00,0.10669456066945607,0.06640106241699861,-0.3903201787043933,-0.14301017675415106,0.3735326065618825,0.9951002227171493,0.5,-0.7889909122837094,0.7662345872353168,0.7845790728543336,0.2515233893205799,0.9316834375744231,0.0
2021-12-30 04:20:00,0.11506276150627615,0.07127047366091177,-0.3983618763961282,-0.17514729512587035,0.3735326065618825,0.9951002227171493,0.5,-0.7889909122837094,0.7662345872353168,0.7845790728543336,0.2515233893205799,0.9316834375744231,0.0
2021-12-30 04:30:00,0.11576011157601115,0.07613988490482493,-0.40967982129560687,-0.20264238528834144,0.3735326065618825,0.9951002227171493,0.5,-0.7889909122837094,0.7662345872353168,0.7845790728543336,0.2515233893205799,0.9316834375744231,0.0
2021-12-30 04:40:00,0.12133891213389121,0.08100929614873831,-0.4180193596425913,-0.22799500089269775,0.3735326065618825,0.9951002227171493,0.5,-0.7889909122837094,0.7662345872353168,0.7845790728543336,0.2515233893205799,0.9316834375744231,0.0
2021-12-30 04:50:00,0.12761506276150628,0.08587870739265147,-0.42486969471332847,-0.25191930012497765,0.3735326065618825,0.9951002227171493,0.5,-0.7889909122837094,0.7662345872353168,0.7845790728543336,0.2515233893205799,0.9316834375744231,0.0
2021-12-30 05:00:00,0.12203626220362622,0.09074811863656485,-0.4296351451973195,-0.27441528298518114,0.3735326065618825,0.9951002227171493,0.5,-0.8044541716876964,0.7653121919961386,0.7924202437443545,0.2463431765128873,0.928802704346873,0.0
2021-12-30 05:10:00,0.12343096234309624,0.095617529880478,-0.4293373045420701,-0.29512587038028915,0.3735326065618825,0.9951002227171493,0.5,-0.8044541716876964,0.7653121919961386,0.7924202437443545,0.2463431765128873,0.928802704346873,0.0
2021-12-30 05:20:00,0.11366806136680613,0.10048694112439116,-0.42725241995532404,-0.31440814140332085,0.3735326065618825,0.9951002227171493,0.5,-0.8044541716876964,0.7653121919961386,0.7924202437443545,0.2463431765128873,0.928802704346873,0.0
2021-12-30 05:30:00,0.11645746164574616,0.10535635236830454,-0.43201787043931505,-0.3297625424031423,0.3735326065618825,0.9951002227171493,0.5,-0.8044541716876964,0.7653121919961386,0.7924202437443545,0.2463431765128873,0.928802704346873,0.0
2021-12-30 05:40:00,0.11018131101813111,0.1102257636122177,-0.43559195830230835,-0.3454740224959829,0.3735326065618825,0.9951002227171493,0.5,-0.8044541716876964,0.7653121919961386,0.7924202437443545,0.2463431765128873,0.928802704346873,0.0
2021-12-30 05:50:00,0.10739191073919108,0.11509517485613086,-0.4376768428890544,-0.36047134440278517,0.3735326065618825,0.9951002227171493,0.5,-0.8044541716876964,0.7653121919961386,0.7924202437443545,0.2463431765128873,0.928802704346873,0.0
2021-12-30 06:00:00,0.10460251046025104,0.11996458610004423,-0.4370811615785556,-0.37546866630958753,0.3735326065618825,0.9951002227171493,0.5,-0.8110051186986426,0.7727488240179097,0.8280590705260263,0.3041698387172533,0.9854271590613818,0.0
2021-12-30 06:10:00,0.11018131101813111,0.12483399734395739,-0.43559195830230835,-0.38939475093733256,0.3735326065618825,0.9951002227171493,0.5,-0.8110051186986426,0.7727488240179097,0.8280590705260263,0.3041698387172533,0.9854271590613818,0.0
2021-12-30 06:20:00,0.11645746164574616,0.12970340858787055,-0.43588979895755786,-0.4029637564720586,0.3735326065618825,0.9951002227171493,0.5,-0.8110051186986426,0.7727488240179097,0.8280590705260263,0.3041698387172533,0.9854271590613818,0.0
2021-12-30 06:30:00,0.1206415620641562,0.13457281983178393,-0.44005956813105007,-0.4158186038207463,0.3735326065618825,0.9951002227171493,0.5,-0.8110051186986426,0.7727488240179097,0.8280590705260263,0.3041698387172533,0.9854271590613818,0.0
2021-12-30 06:40:00,0.11715481171548117,0.1394422310756971,-0.4445271779597916,-0.428673451169434,0.3735326065618825,0.9951002227171493,0.5,-0.8110051186986426,0.7727488240179097,0.8280590705260263,0.3041698387172533,0.9854271590613818,0.0
2021-12-30 06:50:00,0.11157601115760113,0.14431164231961024,-0.4457185405807893,-0.4415282985181217,0.3735326065618825,0.9951002227171493,0.5,-0.8110051186986426,0.7727488240179097,0.8280590705260263,0.3041698387172533,0.9854271590613818,0.0
2021-12-30 07:00:00,0.11297071129707113,0.1491810535635234,-0.44750558451228606,-0.4525977504017139,0.3735326065618825,0.9951002227171493,0.5,-0.8199072583993919,0.7643783027352905,0.8281918449134285,0.25672223523931215,0.997786047616493,0.0
2021-12-30 07:10:00,0.11018131101813111,0.15405046480743678,-0.452866716306776,-0.46295304409926796,0.3735326065618825,0.9951002227171493,0.5,-0.8199072583993919,0.7643783027352905,0.8281918449134285,0.25672223523931215,0.997786047616493,0.0
2021-12-30 07:20:00,0.11436541143654114,0.15891987605135016,-0.4534623976172749,-0.4722371005177646,0.3735326065618825,0.9951002227171493,0.5,-0.8199072583993919,0.7643783027352905,0.8281918449134285,0.25672223523931215,0.997786047616493,0.0
2021-12-30 07:30:00,0.10669456066945607,0.16378928729526332,-0.45495160089352205,-0.4811640778432422,0.3735326065618825,0.9951002227171493,0.5,-0.8199072583993919,0.7643783027352905,0.8281918449134285,0.25672223523931215,0.997786047616493,0.0
2021-12-30 07:40:00,0.10739191073919108,0.16865869853917648,-0.4564408041697692,-0.4897339760757008,0.3735326065618825,0.9951002227171493,0.5,-0.8199072583993919,0.7643783027352905,0.8281918449134285,0.25672223523931215,0.997786047616493,0.0
2021-12-30 07:50:00,0.11785216178521618,0.17352810978308986,-0.4564408041697692,-0.4990180324941974,0.3735326065618825,0.9951002227171493,0.5,-0.8199072583993919,0.7643783027352905,0.8281918449134285,0.25672223523931215,0.997786047616493,0.0
2021-12-30 08:00:00,0.11366806136680613,0.17839752102700301,-0.460312732688012,-0.5079450098196749,0.3735326065618825,0.9951002227171493,0.5,-0.8230005239770357,0.7611025065587784,0.8268459666197329,0.2772287740502878,0.9818691300394013,0.0
2021-12-30 08:10:00,0.09414225941422595,0.18326693227091617,-0.46239761727475814,-0.5165149080521336,0.3735326065618825,0.9951002227171493,0.5,-0.8230005239770357,0.7611025065587784,0.8268459666197329,0.2772287740502878,0.9818691300394013,0.0
2021-12-30 08:20:00,0.09902370990237098,0.18813634351482955,-0.4597170513775132,-0.525084806284592,0.3735326065618825,0.9951002227171493,0.5,-0.8230005239770357,0.7611025065587784,0.8268459666197329,0.2772287740502878,0.9818691300394013,0.0
2021-12-30 08:30:00,0.11645746164574616,0.1930057547587427,-0.45524944154877145,-0.5325834672379932,0.3735326065618825,0.9951002227171493,0.5,-0.8230005239770357,0.7611025065587784,0.8268459666197329,0.2772287740502878,0.9818691300394013,0.0
2021-12-30 08:40:00,0.12273361227336123,0.19787516600265587,-0.45912137006701415,-0.5243706480985538,0.3735326065618825,0.9951002227171493,0.5,-0.8230005239770357,0.7611025065587784,0.8268459666197329,0.2772287740502878,0.9818691300394013,0.0
2021-12-30 08:50:00,0.11018131101813111,0.20274457724656925,-0.4644825018615042,-0.4779503660060703,0.3735326065618825,0.9951002227171493,0.5,-0.8230005239770357,0.7611025065587784,0.8268459666197329,0.2772287740502878,0.9818691300394013,0.0
2021-12-30 09:00:00,0.11506276150627615,0.2076139884904824,-0.4653760238272525,-0.47616497054097484,0.3735326065618825,0.9951002227171493,0.5,-0.8242362225891803,0.7658725255526467,0.8264399077959871,0.32156379814838,0.003118444575631903,0.0
2021-12-30 09:10:00,0.11157601115760113,0.21248339973439578,-0.46329113924050636,-0.49330476700589176,0.3735326065618825,0.9951002227171493,0.5,-0.8242362225891803,0.7658725255526467,0.8264399077959871,0.32156379814838,0.003118444575631903,0.0
2021-12-30 09:20:00,0.10808926080892609,0.21735281097830894,-0.4680565897244975,-0.49044813426173894,0.3735326065618825,0.9951002227171493,0.5,-0.8242362225891803,0.7658725255526467,0.8264399077959871,0.32156379814838,0.003118444575631903,0.0
2021-12-30 09:30:00,0.10460251046025104,0.2222222222222221,-0.47103499627699197,-0.4404570612390645,0.3735326065618825,0.9951002227171493,0.5,-0.8242362225891803,0.7658725255526467,0.8264399077959871,0.32156379814838,0.003118444575631903,0.0
2021-12-30 09:40:00,0.11576011157601115,0.22709163346613526,-0.4641846612062548,-0.3933226209605427,0.3735326065618825,0.9951002227171493,0.5,-0.8242362225891803,0.7658725255526467,0.8264399077959871,0.32156379814838,0.003118444575631903,0.0
2021-12-30 09:50:00,0.1304044630404463,0.23196104471004864,-0.450186150409531,-0.3804677736118549,0.3735326065618825,0.9951002227171493,0.5,-0.8242362225891803,0.7658725255526467,0.8264399077959871,0.32156379814838,0.003118444575631903,0.0
2021-12-30 10:00:00,0.1311018131101813,0.2368304559539618,-0.4349962769918094,-0.39796464916979113,0.3735326065618825,0.9951002227171493,0.5,-0.6687170367247534,0.7696454381664748,0.7403516327381819,0.27860875436857646,0.020616341809936,0.0
2021-12-30 10:10:00,0.1387726638772664,0.24169986719787495,-0.4269545793000745,-0.4143902874486699,0.3735326065618825,0.9951002227171493,0.5,-0.6687170367247534,0.7696454381664748,0.7403516327381819,0.27860875436857646,0.020616341809936,0.0
2021-12-30 10:20:00,0.1631799163179916,0.24656927844178833,-0.42367833209233074,-0.4272451347973576,0.3735326065618825,0.9951002227171493,0.5,-0.6687170367247534,0.7696454381664748,0.7403516327381819,0.27860875436857646,0.020616341809936,0.0
2021-12-30 10:30:00,0.15341701534170155,0.2514386896857015,-0.41980640357408805,-0.43617211212283513,0.3735326065618825,0.9951002227171493,0.5,-0.6687170367247534,0.7696454381664748,0.7403516327381819,0.27860875436857646,0.020616341809936,0.0
2021-12-30 10:40:00,0.11576011157601115,0.25630810092961465,-0.41206254653760244,-0.4411712194251026,0.3735326065618825,0.9951002227171493,0.5,-0.6687170367247534,0.7696454381664748,0.7403516327381819,0.27860875436857646,0.020616341809936,0.0
2021-12-30 10:50:00,0.09414225941422595,0.261177512173528,-0.40134028294862256,-0.43938582396000714,0.3735326065618825,0.9951002227171493,0.5,-0.6687170367247534,0.7696454381664748,0.7403516327381819,0.27860875436857646,0.020616341809936,0.0
2021-12-30 11:00:00,0.07182705718270573,0.2660469234174414,-0.3918093819806404,-0.43581503302981606,0.3735326065618825,0.9951002227171493,0.5,-0.6498449915166418,0.7748349889513722,0.6736397948806915,0.14598620781966712,0.024244689649466498,0.0
2021-12-30 11:10:00,0.059274755927475595,0.27091633466135456,-0.38585256887565167,-0.4290305302624531,0.3735326065618825,0.9951002227171493,0.5,-0.6498449915166418,0.7748349889513722,0.6736397948806915,0.14598620781966712,0.024244689649466498,0.0
2021-12-30 11:20:00,0.030683403068340307,0.2757857459052675,-0.3793000744601639,-0.4222460274950901,0.3735326065618825,0.9951002227171493,0.5,-0.6498449915166418,0.7748349889513722,0.6736397948806915,0.14598620781966712,0.024244689649466498,0.0
2021-12-30 11:30:00,0.03765690376569038,0.2806551571491811,-0.37691734921816844,-0.414747366541689,0.3735326065618825,0.9951002227171493,0.5,-0.6498449915166418,0.7748349889513722,0.6736397948806915,0.14598620781966712,0.024244689649466498,0.0
2021-12-30 11:40:00,0.04951185495118549,0.28552456839309426,-0.3676842889054357,-0.4076057846813069,0.3735326065618825,0.9951002227171493,0.5,-0.6498449915166418,0.7748349889513722,0.6736397948806915,0.14598620781966712,0.024244689649466498,0.0
2021-12-30 11:50:00,0.0397489539748954,0.2903939796370074,-0.3602382725241997,-0.39939296554186754,0.3735326065618825,0.9951002227171493,0.5,-0.6498449915166418,0.7748349889513722,0.6736397948806915,0.14598620781966712,0.024244689649466498,0.0
2021-12-30 12:00:00,0.06694560669456066,0.2952633908809208,-0.353090096798213,-0.39296554186752364,0.3735326065618825,0.9951002227171493,0.5,-0.6329007548804741,0.7784441117563725,0.6421670656873066,0.11020829305339465,0.928212413299429,0.0
2021-12-30 12:10:00,0.07391910739191074,0.30013280212483395,-0.3453462397617276,-0.3876093554722372,0.3735326065618825,0.9951002227171493,0.5,-0.6329007548804741,0.7784441117563725,0.6421670656873066,0.11020829305339465,0.928212413299429,0.0
2021-12-30 12:20:00,0.06624825662482565,0.3050022133687471,-0.3361131794489949,-0.38475272272808425,0.3735326065618825,0.9951002227171493,0.5,-0.6329007548804741,0.7784441117563725,0.6421670656873066,0.11020829305339465,0.928212413299429,0.0
2021-12-30 12:30:00,0.044630404463040445,0.3098716246126605,-0.3358153387937455,-0.3790394572397786,0.3735326065618825,0.9951002227171493,0.5,-0.6329007548804741,0.7784441117563725,0.6421670656873066,0.11020829305339465,0.928212413299429,0.0
2021-12-30 12:40:00,0.06555090655509065,0.31474103585657365,-0.33551749813849596,-0.3743974290305303,0.3735326065618825,0.9951002227171493,0.5,-0.6329007548804741,0.7784441117563725,0.6421670656873066,0.11020829305339465,0.928212413299429,0.0
2021-12-30 12:50:00,0.06764295676429567,-0.3784860557768924,-0.3292628443782577,-0.3693983217282628,0.3735326065618825,0.9951002227171493,0.5,-0.6329007548804741,0.7784441117563725,0.6421670656873066,0.11020829305339465,0.928212413299429,0.0
2021-12-30 13:00:00,0.08786610878661089,0.7529880478087649,-0.3224125093075205,-0.36547045170505266,0.3735326065618825,0.9951002227171493,0.5,-0.4456804580579897,0.7535078317390169,0.49350616576609624,0.1588989537701986,0.8128997317986303,0.0
2021-12-30 13:10:00,0.10529986052998605,0.7264276228419653,-0.31466865227103513,-0.359757186216747,0.3735326065618825,0.9951002227171493,0.5,-0.4456804580579897,0.7535078317390169,0.49350616576609624,0.1588989537701986,0.8128997317986303,0.0
2021-12-30 13:20:00,0.1617852161785216,0.699867197875166,-0.3066269545793002,-0.36582753079807184,0.3735326065618825,0.9951002227171493,0.5,-0.4456804580579897,0.7535078317390169,0.49350616576609624,0.1588989537701986,0.8128997317986303,0.0
2021-12-30 13:30:00,0.2782426778242678,0.6733067729083664,-0.2979895755770663,-0.36725584717014825,0.4063289316983157,0.3526726057906459,0.5,-0.4456804580579897,0.7535078317390169,0.49350616576609624,0.1588989537701986,0.8128997317986303,0.05759162303664922
2021-12-30 13:40:00,0.25592747559274753,-0.3784860557768924,-0.27654504839910654,-0.3211926441706838,0.41555535197811827,0.00011135857461024499,0.5,-0.4456804580579897,0.7535078317390169,0.49350616576609624,0.1588989537701986,0.8128997317986303,0.11759735654902907
2021-12-30 13:50:00,0.2377963737796374,-0.059760956175298974,-0.25688756515264344,-0.2779860739153722,0.40880239756056064,0.00011135857461024499,0.5,-0.4456804580579897,0.7535078317390169,0.49350616576609624,0.1588989537701986,0.8128997317986303,0.11359144197836353
2021-12-30 14:00:00,0.298465829846583,-0.19521912350597614,-0.23931496649292638,-0.24870558828780576,0.4135006739867297,0.00011135857461024499,0.5,-0.43276594169279614,0.720252753536568,0.4660043672247884,0.24551445059175356,0.7552992317674879,0.15309232463750624
2021-12-30 14:10:00,0.3270571827057183,0.06772908366533859,-0.22472077438570381,-0.22656668452062123,0.3948122652497677,0.00011135857461024499,0.5,-0.43276594169279614,0.720252753536568,0.4660043672247884,0.24551445059175356,0.7552992317674879,0.2107141240551021
2021-12-30 14:20:00,0.3068340306834031,-0.02788844621513953,-0.21072226358897994,-0.20692733440457056,0.3948122652497677,0.00011135857461024499,0.5,-0.43276594169279614,0.720252753536568,0.4660043672247884,0.24551445059175356,0.7552992317674879,0.18565263967892331
2021-12-30 14:30:00,0.3884239888423989,-0.14741035856573714,-0.20178704393149682,-0.19157293340474912,0.38813783355799564,0.00022271714922048998,0.5,-0.43276594169279614,0.720252753536568,0.4660043672247884,0.24551445059175356,0.7552992317674879,0.3146340359400697
2021-12-30 14:40:00,0.3814504881450488,0.05179282868525892,-0.1898734177215191,-0.18121763970719518,0.39068982214602604,0.00044543429844097997,0.5,-0.43276594169279614,0.720252753536568,0.4660043672247884,0.24551445059175356,0.7552992317674879,0.3043891546086878
2021-12-30 14:50:00,0.35564853556485354,-0.3227091633466136,-0.1862993298585257,-0.17086234600964112,0.38417243590582506,0.00022271714922048998,0.5,-0.43276594169279614,0.720252753536568,0.4660043672247884,0.24551445059175356,0.7552992317674879,0.264956168806675
2021-12-30 15:00:00,0.32147838214783825,0.07569721115537842,-0.17557706626954583,-0.15872165684699147,0.3717789323526718,0.00011135857461024499,0.5,-0.41621153596647087,0.6972790777197031,0.441527592787675,0.3243748755291683,0.7334498073025236,0.1969008856767808
2021-12-30 15:10:00,0.33891213389121344,0.1633466135458166,-0.16723752792256152,-0.14943760042849485,0.3758490269725563,0.00033407572383073496,0.5,-0.41621153596647087,0.6972790777197031,0.441527592787675,0.3243748755291683,0.7334498073025236,0.23850657090695113
2021-12-30 15:20:00,0.3361227336122734,-0.08366533864541836,-0.16664184661206272,-0.13943938582395987,0.3821701063982934,0.00022271714922048998,0.5,-0.41621153596647087,0.6972790777197031,0.441527592787675,0.3243748755291683,0.7334498073025236,0.2311737103369193
2021-12-30 15:30:00,0.4100418410041841,0.17928286852589648,-0.1812360387192853,-0.1455097304052847,0.3769090837706613,0.00022271714922048998,0.5,-0.41621153596647087,0.6972790777197031,0.441527592787675,0.3243748755291683,0.7334498073025236,0.3635876699307452
2021-12-30 15:40:00,0.37517433751743373,-0.043824701195219196,-0.2360387192851825,-0.2065702553115515,0.3848006177121095,0.00022271714922048998,0.5,-0.41621153596647087,0.6972790777197031,0.441527592787675,0.3243748755291683,0.7334498073025236,0.2908475036588862
2021-12-30 15:50:00,0.38772663877266383,-0.003984063745020028,-0.251824274013403,-0.2365648991251561,0.38919789035610053,0.00022271714922048998,0.5,-0.41621153596647087,0.6972790777197031,0.441527592787675,0.3243748755291683,0.7334498073025236,0.31073373870271737
2021-12-30 16:00:00,0.48117154811715485,-0.0916334661354582,-0.2583767684288907,-0.24227816461346185,0.38558584496996506,0.00022271714922048998,0.5,-0.3792267286322599,0.6933768573620661,0.4142468312637903,0.39766149596111533,0.7280952950749874,0.4971030674291232
2021-12-30 16:10:00,0.4860529986052998,-0.003984063745020028,-0.26135517498138505,-0.2447777182645956,0.3906505607831333,0.00033407572383073496,0.5,-0.3792267286322599,0.6933768573620661,0.4142468312637903,0.39766149596111533,0.7280952950749874,0.5030629026660833
2021-12-30 16:20:00,0.402370990237099,-0.003984063745020028,-0.26403574087863,-0.24263524370648093,0.38579523890539325,0.00022271714922048998,0.5,-0.3792267286322599,0.6933768573620661,0.4142468312637903,0.39766149596111533,0.7280952950749874,0.34771489355281626
2021-12-30 16:30:00,0.45397489539748953,0.003984063745019917,-0.26582278481012667,-0.2433494018925193,0.37976207614086976,0.00022271714922048998,0.5,-0.3792267286322599,0.6933768573620661,0.4142468312637903,0.39766149596111533,0.7280952950749874,0.4318013790606093
2021-12-30 16:40:00,0.3926080892608089,-0.02788844621513953,-0.26582278481012667,-0.24656311372969109,0.37923859130229937,0.00022271714922048998,0.5,-0.3792267286322599,0.6933768573620661,0.4142468312637903,0.39766149596111533,0.7280952950749874,0.3312461336511912
2021-12-30 16:50:00,0.42538354253835425,-0.09960159362549814,-0.2679076693968728,-0.2529905374040349,0.38540262527646546,0.00022271714922048998,0.5,-0.3792267286322599,0.6933768573620661,0.4142468312637903,0.39766149596111533,0.7280952950749874,0.3677670986918539
2021-12-30 17:00:00,0.45536959553695955,-0.13147410358565736,-0.26880119136262115,-0.256204249241207,0.38497075028464484,0.00022271714922048998,0.5,-0.3770851601098385,0.6915895369920732,0.4141727718156118,0.4309346993018655,0.7231611355020593,0.44968088477148943
2021-12-30 17:10:00,0.3688981868898187,0.01195219123505975,-0.26880119136262115,-0.2547759328691306,0.3765295572626978,0.00033407572383073496,0.5,-0.3770851601098385,0.6915895369920732,0.4141727718156118,0.4309346993018655,0.7231611355020593,0.26887155423450065
2021-12-30 17:20:00,0.39609483960948394,0.17928286852589648,-0.26939687267312007,-0.25334761649705406,0.36531389459632774,0.00022271714922048998,0.5,-0.3770851601098385,0.6915895369920732,0.4141727718156118,0.4309346993018655,0.7231611355020593,0.3557267226941473
2021-12-30 17:30:00,0.38284518828451886,-0.21912350597609564,-0.277438570364855,-0.2572754865202642,0.36531389459632774,0.00022271714922048998,0.5,-0.3770851601098385,0.6915895369920732,0.4141727718156118,0.4309346993018655,0.7231611355020593,0.2976221011814053
2021-12-30 17:40:00,0.3417015341701534,-0.059760956175298974,-0.2825018615040954,-0.2654883056597036,0.36531389459632774,0.00033407572383073496,0.5,-0.3770851601098385,0.6915895369920732,0.4141727718156118,0.4309346993018655,0.7231611355020593,0.2562502829035714
2021-12-30 17:50:00,0.36750348675034866,0.14741035856573692,-0.2890543559195832,-0.27584359935725755,0.36531389459632774,0.00022271714922048998,0.5,-0.3770851601098385,0.6915895369920732,0.4141727718156118,0.4309346993018655,0.7231611355020593,0.28729423480242017
2021-12-30 18:00:00,0.35495118549511856,0.09163346613545809,-0.2950111690245719,-0.2851276557757543,0.36268338328251165,0.00033407572383073496,0.5,-0.504849439151124,0.6900004884959225,0.5699552992895746,0.35858392935811184,0.7342038468684653,0.25568447576082204
2021-12-30 18:10:00,0.36541143654114366,0.4422310756972112,-0.30454206999255407,-0.2915550794500982,0.354058970567065,0.00033407572383073496,0.5,-0.504849439151124,0.6900004884959225,0.5699552992895746,0.35858392935811184,0.7342038468684653,0.2570725892843671
2021-12-30 18:20:00,0.2894002789400279,0.17131474103585642,-0.3137751303052868,-0.30476700589180505,0.3636387431129026,0.00033407572383073496,0.5,-0.504849439151124,0.6900004884959225,0.5699552992895746,0.35858392935811184,0.7342038468684653,0.1656230668255956
2021-12-30 18:30:00,0.2496513249651325,0.05179282868525892,-0.32002978406552507,-0.31905016961256916,0.3652877203543992,0.00022271714922048998,0.5,-0.504849439151124,0.6900004884959225,0.5699552992895746,0.35858392935811184,0.7342038468684653,0.1294189537848726
2021-12-30 18:40:00,0.3068340306834031,-0.11553784860557781,-0.32688011913626225,-0.3261917514729513,0.3652877203543992,0.00022271714922048998,0.5,-0.504849439151124,0.6900004884959225,0.5699552992895746,0.35858392935811184,0.7342038468684653,0.1821446353938772
2021-12-30 18:50:00,0.29707112970711297,-0.09960159362549814,-0.33432613551749824,-0.3326191751472952,0.3652877203543992,0.00033407572383073496,0.5,-0.504849439151124,0.6900004884959225,0.5699552992895746,0.35858392935811184,0.7342038468684653,0.17083603663412647
2021-12-30 19:00:00,0.23640167364016737,-0.003984063745020028,-0.3402829486224871,-0.3408319942867345,0.3652877203543992,0.00033407572383073496,0.5,-0.5320709633673013,0.711255808072828,0.6255722962880111,0.3260563759281392,0.7636721068944082,0.12023778988185947
2021-12-30 19:10:00,0.2831241283124128,-0.05179282868525903,-0.3492181682799703,-0.3476164970540975,0.3652877203543992,0.00033407572383073496,0.5,-0.5320709633673013,0.711255808072828,0.6255722962880111,0.3260563759281392,0.7636721068944082,0.15748298806524133
2021-12-30 19:20:00,0.21338912133891214,0.3705179282868525,-0.35428145941921074,-0.35118728798428844,0.36708065592650274,0.00022271714922048998,0.5,-0.5320709633673013,0.711255808072828,0.6255722962880111,0.3260563759281392,0.7636721068944082,0.09654178674351585
2021-12-30 19:30:00,0.20362622036262204,-0.19521912350597614,-0.3596425912137007,-0.3579717907516514,0.3791731556974781,0.00022271714922048998,0.5,-0.5320709633673013,0.711255808072828,0.6255722962880111,0.3260563759281392,0.7636721068944082,0.09077055388747227
2021-12-30 19:40:00,0.23570432357043236,0.09163346613545809,-0.36291883842144457,-0.36225673986788076,0.3791731556974781,0.00022271714922048998,0.5,-0.5320709633673013,0.711255808072828,0.6255722962880111,0.3260563759281392,0.7636721068944082,0.1205772741675091
2021-12-30 19:50:00,0.29567642956764295,0.3067729083665336,-0.3676842889054357,-0.36689876807712907,0.385023098768502,0.00011135857461024499,0.5,-0.5320709633673013,0.711255808072828,0.6255722962880111,0.3260563759281392,0.7636721068944082,0.16521568568281605
2021-12-30 20:00:00,0.2175732217573222,0.4183266932270917,-0.37006701414743126,-0.3715407962863774,0.39295389407284287,0.00022271714922048998,0.5,-0.5521501902960521,0.70830184450313,0.6555819709375,0.30638496393233716,0.7873526979791468,0.10151334550447365
2021-12-30 20:10:00,0.20781032078103207,0.49800796812749004,-0.37036485480268055,-0.3697554008212819,0.40384237871510653,0.00033407572383073496,0.5,-0.5521501902960521,0.70830184450313,0.6555819709375,0.30638496393233716,0.7873526979791468,0.09572702445795676
2021-12-30 20:20:00,0.34449093444909346,0.49003984063745,-0.3748324646314223,-0.37368327084449204,0.4094305793668451,0.00033407572383073496,0.5,-0.5521501902960521,0.70830184450313,0.6555819709375,0.30638496393233716,0.7873526979791468,0.22832958643269916
2021-12-30 20:30:00,0.37099023709902373,0.298804780876494,-0.3766195085629189,-0.3726120335654347,0.41535904516365446,0.00022271714922048998,0.5,-0.5521501902960521,0.70830184450313,0.6555819709375,0.30638496393233716,0.7873526979791468,0.2537531873802375
2021-12-30 20:40:00,0.4344490934449094,0.1394422310756971,-0.37602382725242,-0.3615425816818424,0.4223737420004973,0.00022271714922048998,0.5,-0.5521501902960521,0.70830184450313,0.6555819709375,0.30638496393233716,0.7873526979791468,0.3287867586040406
2021-12-30 20:50:00,0.45536959553695955,0.14741035856573692,-0.3790022338049145,-0.35618639528655593,0.42949313580505427,0.00022271714922048998,0.5,-0.5521501902960521,0.70830184450313,0.6555819709375,0.30638496393233716,0.7873526979791468,0.3608189869788916
2021-12-30 21:00:00,0.5160390516039052,-0.17131474103585675,-0.3790022338049145,-0.35083020889126937,0.4335763175459031,0.00022271714922048998,0.5,-0.5590777270403169,0.7133994431146495,0.6781226741497145,0.28944749311965684,0.8137302608832995,0.46557629343512835
2021-12-30 21:10:00,0.5111576011157601,-0.2509960159362551,-0.37781087118391665,-0.3483306552401356,0.43034379866773115,0.00022271714922048998,0.5,-0.5590777270403169,0.7133994431146495,0.6781226741497145,0.28944749311965684,0.8137302608832995,0.4757155574331971
2021-12-30 21:20:00,0.4790794979079498,-0.09960159362549814,-0.37602382725242,-0.3454740224959829,0.4223737420004973,0.00022271714922048998,0.5,-0.5590777270403169,0.7133994431146495,0.6781226741497145,0.28944749311965684,0.8137302608832995,0.4938062978107035
2021-12-30 21:30:00,0.4923291492329149,0.07569721115537842,-0.37334326135517504,-0.3454740224959829,0.4223737420004973,0.00022271714922048998,0.5,-0.5590777270403169,0.7133994431146495,0.6781226741497145,0.28944749311965684,0.8137302608832995,0.5166498181873048
2021-12-30 21:40:00,0.4825662482566248,0.05179282868525892,-0.37393894266567396,-0.3444027852169256,0.4223737420004973,0.00022271714922048998,0.5,-0.5590777270403169,0.7133994431146495,0.6781226741497145,0.28944749311965684,0.8137302608832995,0.4791405766706399
2021-12-30 21:50:00,0.5299860529986052,0.24302788844621515,-0.37602382725242,-0.3422603106588108,0.4223737420004973,0.00011135857461024499,0.5,-0.5590777270403169,0.7133994431146495,0.6781226741497145,0.28944749311965684,0.8137302608832995,0.5320397724700877
2021-12-30 22:00:00,0.5139470013947002,0.09960159362549792,-0.378704393149665,-0.3454740224959829,0.4275431547813796,0.00011135857461024499,0.5,-0.616448142783242,0.71400287925243,0.7425890143207385,0.3121742109589484,0.850762321440524,0.48110958552740773
2021-12-30 22:10:00,0.4386331938633194,-0.043824701195219196,-0.37810871183916617,-0.3329762542403142,0.4223737420004973,0.00022271714922048998,0.5,-0.616448142783242,0.71400287925243,0.7425890143207385,0.3121742109589484,0.850762321440524,0.35534951793231434
2021-12-30 22:20:00,0.4435146443514645,0.03585657370517925,-0.38168279970215946,-0.3294054633101231,0.4223737420004973,0.00022271714922048998,0.5,-0.616448142783242,0.71400287925243,0.7425890143207385,0.3121742109589484,0.850762321440524,0.3258068409855606
2021-12-30 22:30:00,0.3682008368200837,-0.3705179282868527,-0.3879374534623977,-0.33654704517050527,0.4223737420004973,0.00022271714922048998,0.5,-0.616448142783242,0.71400287925243,0.7425890143207385,0.3121742109589484,0.850762321440524,0.26954297871056326
2021-12-30 22:40:00,0.3891213389121339,-0.2509960159362551,-0.3938942665673866,-0.34475986430994454,0.4223737420004973,0.00022271714922048998,0.5,-0.616448142783242,0.71400287925243,0.7425890143207385,0.3121742109589484,0.850762321440524,0.30930790470298897
2021-12-30 22:50:00,0.3598326359832636,-0.3545816733067729,-0.39687267311988095,-0.3490448134261739,0.4223737420004973,0.00022271714922048998,0.5,-0.616448142783242,0.71400287925243,0.7425890143207385,0.3121742109589484,0.850762321440524,0.26710623594912264
2021-12-30 23:00:00,0.3451882845188285,-0.4342629482071714,-0.40044676098287424,-0.3501160507052312,0.4223737420004973,0.00033407572383073496,0.5,-0.6460809619564656,0.7077702460007994,0.7779494841011231,0.3256876555008494,0.863225344155603,0.2549677867133395
2021-12-30 23:10:00,0.2873082287308229,-0.3705179282868527,-0.4028294862248698,-0.35618639528655593,0.41614427242151003,0.00022271714922048998,0.5,-0.6460809619564656,0.7077702460007994,0.7779494841011231,0.3256876555008494,0.863225344155603,0.18572053653605325
2021-12-30 23:20:00,0.28591352859135283,0.38645418326693215,-0.4055100521221148,-0.37511158721656845,0.40847521953645416,0.00022271714922048998,0.5,-0.6460809619564656,0.7077702460007994,0.7779494841011231,0.3256876555008494,0.863225344155603,0.1867767098691854
2021-12-30 23:30:00,0.2712691771269177,-0.08366533864541836,-0.40938198064035747,-0.3804677736118549,0.40847521953645416,0.00044543429844097997,0.5,-0.6460809619564656,0.7077702460007994,0.7779494841011231,0.3256876555008494,0.863225344155603,0.15758860539855454
2021-12-30 23:40:00,0.29497907949790797,-0.47410358565737054,-0.414445271779598,-0.383681485449027,0.407807776367277,0.00044543429844097997,0.5,-0.6460809619564656,0.7077702460007994,0.7779494841011231,0.3256876555008494,0.863225344155603,0.16121731520738716
2021-12-30 23:50:00,0.27475592747559274,0.25099601593625476,-0.4177215189873419,-0.387252276379218,0.39458978419337526,0.00022271714922048998,0.5,-0.6460809619564656,0.7077702460007994,0.7779494841011231,0.3256876555008494,0.863225344155603,0.1430511338775141
2021-12-31 00:00:00,0.26638772663877264,0.4661354581673305,-0.41980640357408805,-0.39475093733261923,0.39458978419337526,0.00033407572383073496,0.5,-0.6349588406199272,0.6996181111299504,0.7705285752166905,0.33654051599838486,0.8682059739128014,0.14320201578224723
2021-12-31 00:10:00,0.3235704323570432,0.24302788844621515,-0.42427401340282955,-0.39475093733261923,0.39458978419337526,0.00044543429844097997,0.5,-0.6349588406199272,0.6996181111299504,0.7705285752166905,0.33654051599838486,0.8682059739128014,0.18022089110852935
2021-12-31 00:20:00,0.3235704323570432,0.25099601593625476,-0.4266567386448251,-0.39439385823960005,0.39458978419337526,0.00044543429844097997,0.5,-0.6349588406199272,0.6996181111299504,0.7705285752166905,0.33654051599838486,0.8682059739128014,0.1726390753956878
2021-12-31 00:30:00,0.33403068340306835,-0.07569721115537853,-0.42755026061057344,-0.3922513836814855,0.39458978419337526,0.00044543429844097997,0.5,-0.6349588406199272,0.6996181111299504,0.7705285752166905,0.33654051599838486,0.8682059739128014,0.1908429772017442
2021-12-31 00:40:00,0.2733612273361227,-0.298804780876494,-0.4302308265078184,-0.3868951972861988,0.38579523890539325,0.00033407572383073496,0.5,-0.6349588406199272,0.6996181111299504,0.7705285752166905,0.33654051599838486,0.8682059739128014,0.14807550130512848
2021-12-31 00:50:00,0.25592747559274753,-0.01195219123505975,-0.43618763961280715,-0.4004642028209249,0.38073052309222494,0.00022271714922048998,0.5,-0.6349588406199272,0.6996181111299504,0.7705285752166905,0.33654051599838486,0.8682059739128014,0.1236854414050123
2021-12-31 01:00:00,0.23291492329149233,-0.13147410358565736,-0.44303797468354433,-0.4090341010533832,0.38073052309222494,0.00022271714922048998,0.5,-0.6822321421722134,0.6918941285663799,0.8010851991812373,0.3455317289011331,0.8718932378187891,0.11336511912126379
2021-12-31 01:10:00,0.21269177126917713,0.12350597609561742,-0.4543559195830231,-0.41546152472772724,0.38073052309222494,0.00022271714922048998,0.5,-0.6822321421722134,0.6918941285663799,0.8010851991812373,0.3455317289011331,0.8718932378187891,0.09009158531617303
2021-12-31 01:20:00,0.24546722454672246,0.298804780876494,-0.46716306775874916,-0.4226031065881092,0.38251037154336415,0.00022271714922048998,0.5,-0.6822321421722134,0.6918941285663799,0.8010851991812373,0.3455317289011331,0.8718932378187891,0.10645472788448483
2021-12-31 01:30:00,0.21269177126917713,-0.2589641434262948,-0.47371556217423694,-0.4272451347973576,0.3885304471869233,0.00033407572383073496,0.5,-0.6822321421722134,0.6918941285663799,0.8010851991812373,0.3455317289011331,0.8718932378187891,0.08510493836474192
2021-12-31 01:40:00,0.1799163179916318,-0.19521912350597614,-0.4802680565897246,-0.4301017675415104,0.38073052309222494,0.00033407572383073496,0.5,-0.6822321421722134,0.6918941285663799,0.8010851991812373,0.3455317289011331,0.8718932378187891,0.06822879732033738
2021-12-31 01:50:00,0.22524407252440726,-0.14741035856573714,-0.4847356664184662,-0.43117300482056775,0.3676041407650731,0.00022271714922048998,0.5,-0.6822321421722134,0.6918941285663799,0.8010851991812373,0.3455317289011331,0.8718932378187891,0.09900116179066644
2021-12-31 02:00:00,0.17224546722454673,0.3227091633466135,-0.4912881608339539,-0.43581503302981606,0.3643061862820798,0.00022271714922048998,0.5,-0.6881855685851253,0.6849000163789823,0.8039939347340969,0.3538183823781476,0.8664542650393393,0.08022390874662402
2021-12-31 02:10:00,0.198744769874477,0.5617529880478087,-0.4951600893521967,-0.4383145866809498,0.3643061862820798,0.00022271714922048998,0.5,-0.6881855685851253,0.6849000163789823,0.8039939347340969,0.3538183823781476,0.8664542650393393,0.0980128853146642
2021-12-31 02:20:00,0.296373779637378,0.47410358565737054,-0.49784065524944165,-0.44402785216925544,0.3755480231903784,0.00022271714922048998,0.5,-0.6881855685851253,0.6849000163789823,0.8039939347340969,0.3538183823781476,0.8664542650393393,0.1662794031111849
2021-12-31 02:30:00,0.299860529986053,0.4581673306772909,-0.49813849590469106,-0.44581324763435104,0.3788067163104789,0.00022271714922048998,0.5,-0.6881855685851253,0.6849000163789823,0.8039939347340969,0.3538183823781476,0.8664542650393393,0.14877710216213771
2021-12-31 02:40:00,0.31311018131101814,0.4661354581673305,-0.5011169024571854,-0.44902695947152294,0.3827590268416851,0.00044543429844097997,0.5,-0.6881855685851253,0.6849000163789823,0.8039939347340969,0.3538183823781476,0.8664542650393393,0.1713716673959292
2021-12-31 02:50:00,0.3089260808926081,0.13147410358565725,-0.5040953090096799,-0.44545616854133185,0.39262671604873645,0.00044543429844097997,0.5,-0.6881855685851253,0.6849000163789823,0.8039939347340969,0.3538183823781476,0.8664542650393393,0.16907071834874846
2021-12-31 03:00:00,0.2894002789400279,0.043824701195219085,-0.5040953090096799,-0.44866988037850386,0.39262671604873645,0.00044543429844097997,0.5,-0.6988781354822506,0.6761013427890846,0.8109315549935154,0.35924669311555985,0.8611995624514656,0.1396487469257812
2021-12-31 03:10:00,0.24686192468619247,-0.11553784860557781,-0.5040953090096799,-0.44902695947152294,0.39262671604873645,0.00033407572383073496,0.5,-0.6988781354822506,0.6761013427890846,0.8109315549935154,0.35924669311555985,0.8611995624514656,0.10688474131297435
2021-12-31 03:20:00,0.2496513249651325,0.13147410358565725,-0.5040953090096799,-0.45224067130869483,0.39262671604873645,0.00033407572383073496,0.5,-0.6988781354822506,0.6761013427890846,0.8109315549935154,0.35924669311555985,0.8611995624514656,0.10517223169425291
2021-12-31 03:30:00,0.25523012552301255,-0.23505976095617542,-0.5040953090096799,-0.45366898768077124,0.39262671604873645,0.00033407572383073496,0.5,-0.6988781354822506,0.6761013427890846,0.8109315549935154,0.35924669311555985,0.8611995624514656,0.1122410489310017
2021-12-31 03:40:00,0.2503486750348675,-0.003984063745020028,-0.5046909903201788,-0.45545438314586684,0.39262671604873645,0.00033407572383073496,0.5,-0.6988781354822506,0.6761013427890846,0.8109315549935154,0.35924669311555985,0.8611995624514656,0.11066433302654013
2021-12-31 03:50:00,0.22384937238493724,0.21912350597609564,-0.5070737155621743,-0.456168541331905,0.39262671604873645,0.00022271714922048998,0.5,-0.6988781354822506,0.6761013427890846,0.8109315549935154,0.35924669311555985,0.8611995624514656,0.08793397407848877
2021-12-31 04:00:00,0.21478382147838215,0.043824701195219085,-0.5064780342516754,-0.456168541331905,0.39262671604873645,0.00022271714922048998,0.5,-0.7384218251944569,0.6865867640593438,0.8351204613700719,0.3658280326979807,0.8571843780317135,0.08373945712690677
2021-12-31 04:10:00,0.19316596931659694,-0.19521912350597614,-0.5052866716306776,-0.456168541331905,0.39262671604873645,0.00022271714922048998,0.5,-0.7384218251944569,0.6865867640593438,0.8351204613700719,0.3658280326979807,0.8571843780317135,0.07229506465289617
2021-12-31 04:20:00,0.2175732217573222,0.027888446215139417,-0.5049888309754282,-0.456168541331905,0.39262671604873645,0.00022271714922048998,0.5,-0.7384218251944569,0.6865867640593438,0.8351204613700719,0.3658280326979807,0.8571843780317135,0.0843656170315494
2021-12-31 04:30:00,0.15411436541143653,0.49800796812749004,-0.5040953090096799,-0.4525977504017139,0.39262671604873645,0.00033407572383073496,0.5,-0.7384218251944569,0.6865867640593438,0.8351204613700719,0.3658280326979807,0.8571843780317135,0.058474282179338234
2021-12-31 04:40:00,0.16248256624825663,0.49800796812749004,-0.5040953090096799,-0.44902695947152294,0.39262671604873645,0.00033407572383073496,0.5,-0.7384218251944569,0.6865867640593438,0.8351204613700719,0.3658280326979807,0.8571843780317135,0.06944339665343935
2021-12-31 04:50:00,0.2085076708507671,0.43426294820717115,-0.5040953090096799,-0.4515265131226567,0.39262671604873645,0.00022271714922048998,0.5,-0.7384218251944569,0.6865867640593438,0.8351204613700719,0.3658280326979807,0.8571843780317135,0.10015540836187516
2021-12-31 05:00:00,0.21548117154811713,0.4183266932270917,-0.5017125837676844,-0.45509730405284765,0.39262671604873645,0.00022271714922048998,0.5,-0.7402335983681001,0.674880102986437,0.828877655693821,0.3780809621953819,0.8549734783488475,0.09813359083845076
2021-12-31 05:10:00,0.2175732217573222,0.5298804780876492,-0.5002233804914372,-0.4540260667737904,0.39661828794283543,0.00022271714922048998,0.5,-0.7402335983681001,0.674880102986437,0.828877655693821,0.3780809621953819,0.8549734783488475,0.11066433302654013
2021-12-31 05:20:00,0.2524407252440725,0.40239043824701204,-0.49813849590469106,-0.45545438314586684,0.4064990642708511,0.00022271714922048998,0.5,-0.7402335983681001,0.674880102986437,0.828877655693821,0.3780809621953819,0.8549734783488475,0.14234953302050485
2021-12-31 05:30:00,0.24337517433751746,0.4661354581673305,-0.5002233804914372,-0.456168541331905,0.4064990642708511,0.00033407572383073496,0.5,-0.7402335983681001,0.674880102986437,0.828877655693821,0.3780809621953819,0.8549734783488475,0.1264164038806826
2021-12-31 05:40:00,0.2698744769874477,0.5219123505976095,-0.49843633655994046,-0.456168541331905,0.4064990642708511,0.00022271714922048998,0.5,-0.7402335983681001,0.674880102986437,0.828877655693821,0.3780809621953819,0.8549734783488475,0.14782654616231874
2021-12-31 05:50:00,0.29497907949790797,0.6095617529880477,-0.49724497393894274,-0.45545438314586684,0.4064990642708511,0.00022271714922048998,0.5,-0.7402335983681001,0.674880102986437,0.828877655693821,0.3780809621953819,0.8549734783488475,0.18493595063144078
2021-12-31 06:00:00,0.3507670850767085,0.40239043824701204,-0.4924795234549517,-0.44866988037850386,0.4125845755192315,0.00022271714922048998,0.5,-0.7452536719250036,0.6674377239538288,0.8279785435575445,0.39555751847389287,0.8917106901495343,0.264096141949696
2021-12-31 06:10:00,0.3856345885634589,-0.2270916334661356,-0.4841399851079673,-0.4336725584717015,0.4203321511300729,0.00033407572383073496,0.5,-0.7452536719250036,0.6674377239538288,0.8279785435575445,0.39555751847389287,0.8917106901495343,0.35338805317078326
2021-12-31 06:20:00,0.42747559274755925,-0.298804780876494,-0.47758749069247963,-0.418675236564899,0.4203321511300729,0.00033407572383073496,0.5,-0.7452536719250036,0.6674377239538288,0.8279785435575445,0.39555751847389287,0.8917106901495343,0.42638471868068867
2021-12-31 06:30:00,0.3933054393305439,0.027888446215139417,-0.47431124348473575,-0.41688984109980365,0.41432516260747804,0.00022271714922048998,0.5,-0.7452536719250036,0.6674377239538288,0.8279785435575445,0.39555751847389287,0.8917106901495343,0.35788433393183156
2021-12-31 06:40:00,0.38772663877266383,-0.23505976095617542,-0.47133283693224126,-0.414747366541689,0.41941605266257476,0.00022271714922048998,0.5,-0.7452536719250036,0.6674377239538288,0.8279785435575445,0.39555751847389287,0.8917106901495343,0.31402296422590037
2021-12-31 06:50:00,0.3800557880055788,-0.21115537848605592,-0.47133283693224126,-0.41046241742545975,0.41941605266257476,0.00022271714922048998,0.5,-0.7452536719250036,0.6674377239538288,0.8279785435575445,0.39555751847389287,0.8917106901495343,0.3101377551790214
2021-12-31 07:00:00,0.37935843793584384,-0.24302788844621515,-0.4677587490692481,-0.40689162649526867,0.41941605266257476,0.00022271714922048998,0.5,-0.7446124254266611,0.6661906226024202,0.8237501802345732,0.3593019234286805,0.8840686194964207,0.3333509362222189
2021-12-31 07:10:00,0.3668061366806137,-0.01195219123505975,-0.4653760238272525,-0.4061774683092304,0.41583018151836776,0.00022271714922048998,0.5,-0.7446124254266611,0.6661906226024202,0.8237501802345732,0.3593019234286805,0.8840686194964207,0.3094965070839054
2021-12-31 07:20:00,0.45327754532775455,0.03585657370517925,-0.4653760238272525,-0.404749151937154,0.41935061705775345,0.00022271714922048998,0.5,-0.7446124254266611,0.6661906226024202,0.8237501802345732,0.3593019234286805,0.8840686194964207,0.4366673204882539
2021-12-31 07:30:00,0.48326359832635984,0.298804780876494,-0.46329113924050636,-0.40546331012319237,0.41935061705775345,0.00022271714922048998,0.5,-0.7446124254266611,0.6661906226024202,0.8237501802345732,0.3593019234286805,0.8840686194964207,0.4500430013428489
2021-12-31 07:40:00,0.46513249651324967,0.14741035856573692,-0.4653760238272525,-0.40546331012319237,0.427556241902344,0.00022271714922048998,0.5,-0.7446124254266611,0.6661906226024202,0.8237501802345732,0.3593019234286805,0.8840686194964207,0.383549345926943
2021-12-31 07:50:00,0.4790794979079498,-0.01195219123505975,-0.4653760238272525,-0.39939296554186754,0.4305662797241235,0.00033407572383073496,0.5,-0.7446124254266611,0.6661906226024202,0.8237501802345732,0.3593019234286805,0.8840686194964207,0.43080555848937035
2021-12-31 08:00:00,0.3856345885634589,0.06772908366533859,-0.4653760238272525,-0.39903588644884846,0.4305662797241235,0.00033407572383073496,0.5,-0.7627261881454449,0.6583833083817298,0.8306171650271502,0.3650578279450954,0.8936122403310098,0.29827843746699456
2021-12-31 08:10:00,0.29218967921896793,0.2828685258964143,-0.4653760238272525,-0.4065345474022497,0.4305662797241235,0.00033407572383073496,0.5,-0.7627261881454449,0.6583833083817298,0.8306171650271502,0.3650578279450954,0.8936122403310098,0.18873817463071654
2021-12-31 08:20:00,0.303347280334728,0.3227091633466135,-0.4653760238272525,-0.4140332083556507,0.4305662797241235,0.00022271714922048998,0.5,-0.7627261881454449,0.6583833083817298,0.8306171650271502,0.3650578279450954,0.8936122403310098,0.18183532748917422
2021-12-31 08:30:00,0.35355648535564854,0.2828685258964143,-0.4647803425167536,-0.41653276200678446,0.4305662797241235,0.00022271714922048998,0.5,-0.7627261881454449,0.6583833083817298,0.8306171650271502,0.3650578279450954,0.8936122403310098,0.26853961404408766
2021-12-31 08:40:00,0.39191073919107394,0.043824701195219085,-0.46239761727475814,-0.4111765756114979,0.4305662797241235,0.00022271714922048998,0.5,-0.7627261881454449,0.6583833083817298,0.8306171650271502,0.3650578279450954,0.8936122403310098,0.3016355598473075
2021-12-31 08:50:00,0.40585774058577406,0.05976095617529875,-0.45912137006701415,-0.40724870558828774,0.4305662797241235,0.00022271714922048998,0.5,-0.7627261881454449,0.6583833083817298,0.8306171650271502,0.3650578279450954,0.8936122403310098,0.3354708269837199
2021-12-31 09:00:00,0.37796373779637377,0.31474103585657365,-0.4534623976172749,-0.4061774683092304,0.4305662797241235,0.00022271714922048998,0.5,-0.7643008208528852,0.6689836698687112,0.8287027790173858,0.3612469544213908,0.8980699099018248,0.303038761561326
2021-12-31 09:10:00,0.38354253835425384,0.40239043824701204,-0.44750558451228606,-0.4061774683092304,0.4305662797241235,0.00022271714922048998,0.5,-0.7643008208528852,0.6689836698687112,0.8287027790173858,0.3612469544213908,0.8980699099018248,0.3166483093682575
2021-12-31 09:20:00,0.4260808926080893,0.41035856573705165,-0.4415487714072971,-0.3983217282628101,0.4305662797241235,0.00022271714922048998,0.5,-0.7643008208528852,0.6689836698687112,0.8287027790173858,0.3612469544213908,0.8980699099018248,0.3914027490683043
2021-12-31 09:30:00,0.3765690376569038,0.33864541832669315,-0.43588979895755786,-0.3954650955186574,0.4305662797241235,0.00022271714922048998,0.5,-0.7643008208528852,0.6689836698687112,0.8287027790173858,0.3612469544213908,0.8980699099018248,0.3068258973701284
2021-12-31 09:40:00,0.33472803347280333,0.47410358565737054,-0.4308265078183172,-0.3954650955186574,0.430592453966052,0.00033407572383073496,0.5,-0.7643008208528852,0.6689836698687112,0.8287027790173858,0.3612469544213908,0.8980699099018248,0.23111335757502605
2021-12-31 09:50:00,0.33333333333333337,-0.05179282868525903,-0.4266567386448251,-0.39296554186752364,0.44165107118085095,0.00033407572383073496,0.5,-0.7643008208528852,0.6689836698687112,0.8287027790173858,0.3612469544213908,0.8980699099018248,0.2282616895755692
2021-12-31 10:00:00,0.35146443514644354,0.33864541832669315,-0.421891288160834,-0.3883235136582752,0.441755768148565,0.00033407572383073496,0.5,-0.6134739477350417,0.6694491777464249,0.706611467014949,0.32339548449620675,0.9016066542145028,0.2198349351962219
2021-12-31 10:10:00,0.3668061366806137,0.12350597609561742,-0.42069992553983626,-0.3890376718443135,0.4519637225006871,0.00033407572383073496,0.5,-0.6134739477350417,0.6694491777464249,0.706611467014949,0.32339548449620675,0.9016066542145028,0.23916290719254038
2021-12-31 10:20:00,0.3458856345885635,-0.07569721115537853,-0.4174236783320924,-0.38796643456525615,0.4530499535407206,0.00033407572383073496,0.5,-0.6134739477350417,0.6694491777464249,0.706611467014949,0.32339548449620675,0.9016066542145028,0.2161835931016793
2021-12-31 10:30:00,0.34797768479776847,-0.45019920318725104,-0.41146686522710363,-0.38475272272808425,0.4530499535407206,0.00033407572383073496,0.5,-0.6134739477350417,0.6694491777464249,0.706611467014949,0.32339548449620675,0.9016066542145028,0.20387162967545303
2021-12-31 10:40:00,0.34797768479776847,-0.2828685258964144,-0.4058078927773642,-0.3822531690769505,0.4530499535407206,0.00033407572383073496,0.5,-0.6134739477350417,0.6694491777464249,0.706611467014949,0.32339548449620675,0.9016066542145028,0.20360004224693332
2021-12-31 10:50:00,0.3200836820083682,-0.21115537848605592,-0.4034251675353687,-0.3776111408677022,0.4530499535407206,0.00033407572383073496,0.5,-0.6134739477350417,0.6694491777464249,0.706611467014949,0.32339548449620675,0.9016066542145028,0.17443457006201246
2021-12-31 11:00:00,0.3054393305439331,-0.21115537848605592,-0.3986597170513776,-0.3776111408677022,0.4530499535407206,0.00033407572383073496,0.5,-0.588106955353221,0.6672279580583164,0.6320632772041341,0.2501665263554831,0.8743934741134074,0.15696244549391192
2021-12-31 11:10:00,0.2085076708507671,0.07569721115537842,-0.394192107222636,-0.3776111408677022,0.4530499535407206,0.00033407572383073496,0.5,-0.588106955353221,0.6672279580583164,0.6320632772041341,0.2501665263554831,0.8743934741134074,0.0902801876970895
2021-12-31 11:20:00,0.16248256624825663,0.08366533864541825,-0.38883097542814604,-0.3726120335654347,0.4530499535407206,0.00033407572383073496,0.5,-0.588106955353221,0.6672279580583164,0.6320632772041341,0.2501665263554831,0.8743934741134074,0.05384975179926671
2021-12-31 11:30:00,0.19386331938633192,-0.1633466135458168,-0.3795979151154134,-0.36547045170505266,0.4530499535407206,0.00033407572383073496,0.5,-0.588106955353221,0.6672279580583164,0.6320632772041341,0.2501665263554831,0.8743934741134074,0.06770071065377128
2021-12-31 11:40:00,0.19316596931659694,-0.40239043824701204,-0.3721518987341773,-0.35904302803070876,0.4432607870594548,0.00033407572383073496,0.5,-0.588106955353221,0.6672279580583164,0.6320632772041341,0.2501665263554831,0.8743934741134074,0.06220106522624742
2021-12-31 11:50:00,0.17852161785216178,0.003984063745019917,-0.3641102010424424,-0.3540439207284414,0.4365994424886469,0.00033407572383073496,0.5,-0.588106955353221,0.6672279580583164,0.6320632772041341,0.2501665263554831,0.8743934741134074,0.06163525808349805
2021-12-31 12:00:00,0.17782426778242677,-0.4422310756972112,-0.35815338793745355,-0.34618818068202095,0.4349504652471503,0.00033407572383073496,0.5,-0.5543039994023127,0.6667193475993302,0.5689773087684231,0.2844202237081113,0.8235130168815615,0.05695037494153326
2021-12-31 12:10:00,0.21269177126917713,-0.059760956175298974,-0.35040953090096805,-0.3379753615425817,0.42009658295271624,0.00033407572383073496,0.5,-0.5543039994023127,0.6667193475993302,0.5689773087684231,0.2844202237081113,0.8235130168815615,0.0850521296980853
2021-12-31 12:20:00,0.2175732217573222,-0.1394422310756973,-0.3432613551749816,-0.3326191751472952,0.41405033306722855,0.00033407572383073496,0.5,-0.5543039994023127,0.6667193475993302,0.5689773087684231,0.2844202237081113,0.8235130168815615,0.09080827436365557
2021-12-31 12:30:00,0.2099023709902371,0.17928286852589648,-0.3361131794489949,-0.3244063560078556,0.40621114760963734,0.00033407572383073496,0.5,-0.5543039994023127,0.6667193475993302,0.5689773087684231,0.2844202237081113,0.8235130168815615,0.09520648188662734
2021-12-31 12:40:00,0.23361227336122734,0.07569721115537842,-0.3298585256887566,-0.31583645777539726,0.4126500111240528,0.00033407572383073496,0.5,-0.5543039994023127,0.6667193475993302,0.5689773087684231,0.2844202237081113,0.8235130168815615,0.10216213769482625
2021-12-31 12:50:00,0.2412831241283124,0.1872509960159361,-0.32271034996277004,-0.3104802713801106,0.41406342018819275,0.00033407572383073496,0.5,-0.5543039994023127,0.6667193475993302,0.5689773087684231,0.2844202237081113,0.8235130168815615,0.11205244655008526
2021-12-31 13:00:00,0.2545327754532775,-0.11553784860557781,-0.3161578555472824,-0.3058382431708624,0.4198479276543953,0.00033407572383073496,0.5,-0.34552349841889685,0.646714002879254,0.36724786847650714,0.36948662280472583,0.7857696556788563,0.11794438492991537
2021-12-31 13:10:00,0.22873082287308227,-0.01195219123505975,-0.3087118391660463,-0.3004820567755758,0.4119433065919828,0.00033407572383073496,0.5,-0.34552349841889685,0.646714002879254,0.36724786847650714,0.36948662280472583,0.7857696556788563,0.09961223350483576
2021-12-31 13:20:00,0.21269177126917713,0.07569721115537842,-0.30037230081906185,-0.2926263167291554,0.4192982685738964,0.00022271714922048998,0.5,-0.34552349841889685,0.646714002879254,0.36724786847650714,0.36948662280472583,0.7857696556788563,0.09319220845843958
2021-12-31 13:30:00,0.2503486750348675,-0.42629482071713154,-0.2911392405063292,-0.28584181396179253,0.4196908822028242,0.00022271714922048998,0.5,-0.34552349841889685,0.646714002879254,0.36724786847650714,0.36948662280472583,0.7857696556788563,0.11608853750169743
2021-12-31 13:40:00,0.303347280334728,0.298804780876494,-0.2819061801935965,-0.27905731119442967,0.4196908822028242,0.00033407572383073496,0.5,-0.34552349841889685,0.646714002879254,0.36724786847650714,0.36948662280472583,0.7857696556788563,0.17128868234832598
2021-12-31 13:50:00,0.3312412831241283,0.17928286852589648,-0.27267311988086385,-0.2751294411712194,0.4196908822028242,0.00033407572383073496,0.5,-0.34552349841889685,0.646714002879254,0.36724786847650714,0.36948662280472583,0.7857696556788563,0.20444498091343905
2021-12-31 14:00:00,0.3354253835425383,0.003984063745019917,-0.26403574087863,-0.26977325477593284,0.41579092015547503,0.00033407572383073496,0.5,-0.3205168194627285,0.6252805259664342,0.3360197637275338,0.44678695639127863,0.7663115000447968,0.21956334776770223
2021-12-31 14:10:00,0.3410041841004184,0.2749003984063745,-0.2548026805658973,-0.26477414747366534,0.4084490452945257,0.00033407572383073496,0.5,-0.3205168194627285,0.6252805259664342,0.3360197637275338,0.44678695639127863,0.7663115000447968,0.2197519501486187
2021-12-31 14:20:00,0.3396094839609484,-0.06772908366533881,-0.24646314221891308,-0.2554900910551686,0.40546518171467466,0.00033407572383073496,0.5,-0.3205168194627285,0.6252805259664342,0.3360197637275338,0.44678695639127863,0.7663115000447968,0.2230939843384583
2021-12-31 14:30:00,0.3200836820083682,0.2669322709163344,-0.2402084884586747,-0.2515622210319586,0.3971810341442986,0.00033407572383073496,0.5,-0.3205168194627285,0.6252805259664342,0.3360197637275338,0.44678695639127863,0.7663115000447968,0.22415770176682712
2021-12-31 14:40:00,0.32217573221757323,-0.02788844621513953,-0.2357408786299332,-0.24549187645063375,0.3971810341442986,0.00033407572383073496,0.5,-0.3205168194627285,0.6252805259664342,0.3360197637275338,0.44678695639127863,0.7663115000447968,0.20440726043725577
2021-12-31 14:50:00,0.35146443514644354,-0.07569721115537853,-0.2318689501116903,-0.24442063917157653,0.3971810341442986,0.00033407572383073496,0.5,-0.3205168194627285,0.6252805259664342,0.3360197637275338,0.44678695639127863,0.7663115000447968,0.2533156298565113
2021-12-31 15:00:00,0.37796373779637377,-0.03585657370517936,-0.22650781831720035,-0.23942153186930903,0.3921032312101661,0.00022271714922048998,0.5,-0.30015155643859714,0.6093296973911443,0.3169933335083368,0.5040743432727874,0.7544162965991228,0.27349608461457214
2021-12-31 15:10:00,0.3647140864714087,0.05179282868525892,-0.22263588979895765,-0.23442242456704165,0.38898849642067246,0.00033407572383073496,0.5,-0.30015155643859714,0.6093296973911443,0.3169933335083368,0.5040743432727874,0.7544162965991228,0.27178357499585076
2021-12-31 15:20:00,0.33891213389121344,0.10756972111553775,-0.2163812360387194,-0.23120871272986965,0.3904673410896337,0.00022271714922048998,0.5,-0.30015155643859714,0.6093296973911443,0.3169933335083368,0.5040743432727874,0.7544162965991228,0.22073268252938424
2021-12-31 15:30:00,0.33333333333333337,-0.29083665338645437,-0.2125093075204767,-0.2304945545438314,0.3983327007891534,0.00022271714922048998,0.5,-0.30015155643859714,0.6093296973911443,0.3169933335083368,0.5040743432727874,0.7544162965991228,0.2233278512907947
2021-12-31 15:40:00,0.3884239888423989,-0.019920318725099695,-0.21012658227848113,-0.22442420996250667,0.38949889413827854,0.00033407572383073496,0.5,-0.30015155643859714,0.6093296973911443,0.3169933335083368,0.5040743432727874,0.7544162965991228,0.29458183080103206
2021-12-31 15:50:00,0.38354253835425384,0.03585657370517925,-0.2086373790022339,-0.2240671308694876,0.3834526442527908,0.00033407572383073496,0.5,-0.30015155643859714,0.6093296973911443,0.3169933335083368,0.5040743432727874,0.7544162965991228,0.30008902032379253
2021-12-31 16:00:00,0.36401673640167365,0.08366533864541825,-0.2089352196574834,-0.2240671308694876,0.37365039065056077,0.00033407572383073496,0.5,-0.2592663387613263,0.607436057320687,0.29062499960370586,0.5216423835156899,0.7505881805409318,0.2576006759509332
2021-12-31 16:10:00,0.3807531380753138,-0.11553784860557781,-0.20804169769173497,-0.222281735404392,0.36782662182146547,0.00022271714922048998,0.5,-0.2592663387613263,0.607436057320687,0.29062499960370586,0.5216423835156899,0.7505881805409318,0.3206617680341597
2021-12-31 16:20:00,0.39539748953974896,0.03585657370517925,-0.2166790766939689,-0.225495447241564,0.3552629856957768,0.00022271714922048998,0.5,-0.2592663387613263,0.607436057320687,0.29062499960370586,0.5216423835156899,0.7505881805409318,0.33401481660304483
2021-12-31 16:30:00,0.4198047419804742,0.15537848605577675,-0.2279970215934476,-0.2319228709159079,0.35247542893038963,0.00022271714922048998,0.5,-0.2592663387613263,0.607436057320687,0.29062499960370586,0.5216423835156899,0.7505881805409318,0.3776724957375862
2021-12-31 16:40:00,0.45746164574616455,-0.07569721115537853,-0.2354430379746837,-0.23477950366006073,0.3612437999764431,0.00022271714922048998,0.5,-0.2592663387613263,0.607436057320687,0.29062499960370586,0.5216423835156899,0.7505881805409318,0.45223833305671657
2021-12-31 16:50:00,0.43235704323570434,0.03585657370517925,-0.24110201042442314,-0.2351365827530797,0.3625394249519048,0.00022271714922048998,0.5,-0.2592663387613263,0.607436057320687,0.29062499960370586,0.5216423835156899,0.7505881805409318,0.40068198620939394
2021-12-31 17:00:00,0.43235704323570434,0.01195219123505975,-0.2434847356664186,-0.24120692733440452,0.36531389459632774,0.00022271714922048998,0.5,-0.25876964455279017,0.6131600801133313,0.2802730358806613,0.48498162453489024,0.7417101529259056,0.4051330023990223
2021-12-31 17:10:00,0.398186889818689,0.12350597609561742,-0.24884586746090853,-0.24263524370648093,0.3653400688382562,0.00022271714922048998,0.5,-0.25876964455279017,0.6131600801133313,0.2802730358806613,0.48498162453489024,0.7417101529259056,0.3386996997450096
2021-12-31 17:20:00,0.33891213389121344,-0.2509960159362551,-0.25301563663440074,-0.2512051419389395,0.3764772087788408,0.00033407572383073496,0.5,-0.25876964455279017,0.6131600801133313,0.2802730358806613,0.48498162453489024,0.7417101529259056,0.2381142779546449
2021-12-31 17:30:00,0.35704323570432356,-0.23505976095617542,-0.2586746090841401,-0.25513301196214966,0.3765819057465548,0.00022271714922048998,0.5,-0.25876964455279017,0.6131600801133313,0.2802730358806613,0.48498162453489024,0.7417101529259056,0.27404680356684824
2021-12-31 17:40:00,0.3668061366806137,0.2350597609561753,-0.26492926284437834,-0.2594179610783788,0.3765819057465548,0.00022271714922048998,0.5,-0.25876964455279017,0.6131600801133313,0.2802730358806613,0.48498162453489024,0.7417101529259056,0.2713082969959413
2021-12-31 17:50:00,0.34449093444909346,0.25099601593625476,-0.26939687267312007,-0.27155865024102843,0.3765819057465548,0.00033407572383073496,0.5,-0.25876964455279017,0.6131600801133313,0.2802730358806613,0.48498162453489024,0.7417101529259056,0.23606228405027388
2021-12-31 18:00:00,0.35495118549511856,0.4501992031872508,-0.27684288905435606,-0.27941439028744863,0.3765819057465548,0.00022271714922048998,0.5,-0.448742204966075,0.6100164651860448,0.43061143302876387,0.3774965641858681,0.7382456583625775,0.22912926052778493
2021-12-31 18:10:00,0.3138075313807531,0.3227091633466135,-0.2825018615040954,-0.2883413676129263,0.3765819057465548,0.00022271714922048998,0.5,-0.448742204966075,0.6100164651860448,0.43061143302876387,0.3774965641858681,0.7382456583625775,0.1792175264420538
2021-12-31 18:20:00,0.23082287308228733,0.019920318725099362,-0.289650037230082,-0.3026245313336904,0.3765819057465548,0.00022271714922048998,0.5,-0.448742204966075,0.6100164651860448,0.43061143302876387,0.3774965641858681,0.7382456583625775,0.11245228359762814
2021-12-31 18:30:00,0.2412831241283124,0.01195219123505975,-0.29530900967982143,-0.30940903410105336,0.3765819057465548,0.00033407572383073496,0.5,-0.448742204966075,0.6100164651860448,0.43061143302876387,0.3774965641858681,0.7382456583625775,0.12409282254779186
2021-12-31 18:40:00,0.2775453277545328,0.12350597609561742,-0.3018615040953091,-0.31619353686841634,0.3765819057465548,0.00022271714922048998,0.5,-0.448742204966075,0.6100164651860448,0.43061143302876387,0.3774965641858681,0.7382456583625775,0.14856586749551126
2021-12-31 18:50:00,0.2377963737796374,-0.42629482071713154,-0.3093075204765452,-0.3211926441706838,0.3765819057465548,0.00022271714922048998,0.5,-0.448742204966075,0.6100164651860448,0.43061143302876387,0.3774965641858681,0.7382456583625775,0.11913635197730736
2021-12-31 19:00:00,0.25662482566248257,-0.019920318725099695,-0.3173492181682801,-0.32904838421710414,0.3636387431129026,0.00022271714922048998,0.5,-0.47895009810811273,0.637432580379131,0.469170281820295,0.3165168740141754,0.735563611042656,0.13768728216425005
2021-12-31 19:10:00,0.24337517433751746,0.25099601593625476,-0.3259865971705138,-0.33333333333333326,0.3627619060082972,0.00033407572383073496,0.5,-0.47895009810811273,0.637432580379131,0.469170281820295,0.3165168740141754,0.735563611042656,0.12493021711906091
2021-12-31 19:20:00,0.197350069735007,0.346613545816733,-0.3334326135517499,-0.3376182824495625,0.3627619060082972,0.00022271714922048998,0.5,-0.47895009810811273,0.637432580379131,0.469170281820295,0.3165168740141754,0.735563611042656,0.08908067655446082
2021-12-31 19:30:00,0.24476987447698745,0.06772908366533859,-0.3408786299329859,-0.3436886270308872,0.3627619060082972,0.00022271714922048998,0.5,-0.47895009810811273,0.637432580379131,0.469170281820295,0.3165168740141754,0.735563611042656,0.12743485673763144
2021-12-31 19:40:00,0.21199442119944212,0.2749003984063745,-0.348324646314222,-0.34797357614711666,0.3737289133763464,0.00022271714922048998,0.5,-0.47895009810811273,0.637432580379131,0.469170281820295,0.3165168740141754,0.735563611042656,0.09427855817251837
2021-12-31 19:50:00,0.31311018131101814,0.298804780876494,-0.3474311243484737,-0.3490448134261739,0.37926476554422794,0.00033407572383073496,0.5,-0.47895009810811273,0.637432580379131,0.469170281820295,0.3165168740141754,0.735563611042656,0.1693121293963215
2021-12-31 20:00:00,0.2105997210599721,0.2111553784860556,-0.34653760238272535,-0.35297268344938415,0.37926476554422794,0.00033407572383073496,0.5,-0.5037521892134108,0.6357314651716788,0.5063258055201427,0.2603129107753973,0.741465336115591,0.08533126122184166
2021-12-31 20:10:00,0.2196652719665272,0.2111553784860556,-0.3492181682799703,-0.35618639528655593,0.37926476554422794,0.00022271714922048998,0.5,-0.5037521892134108,0.6357314651716788,0.5063258055201427,0.2603129107753973,0.741465336115591,0.09387117702973884
2021-12-31 20:20:00,0.16596931659693165,0.3227091633466135,-0.35011169024571853,-0.3583288698446706,0.37926476554422794,0.00033407572383073496,0.5,-0.5037521892134108,0.6357314651716788,0.5063258055201427,0.2603129107753973,0.741465336115591,0.05080193732365678
2021-12-31 20:30:00,0.15620641562064158,0.2828685258964143,-0.3521965748324647,-0.3579717907516514,0.37926476554422794,0.00033407572383073496,0.5,-0.5037521892134108,0.6357314651716788,0.5063258055201427,0.2603129107753973,0.741465336115591,0.049391191514401675
2021-12-31 20:40:00,0.1499302649930265,0.4661354581673305,-0.35398361876396145,-0.35618639528655593,0.38799387522738876,0.00033407572383073496,0.5,-0.5037521892134108,0.6357314651716788,0.5063258055201427,0.2603129107753973,0.741465336115591,0.03510267513617092
2021-12-31 20:50:00,0.12622036262203626,0.01195219123505975,-0.35845122859270295,-0.35725763256561327,0.3956498409914803,0.00033407572383073496,0.5,-0.5037521892134108,0.6357314651716788,0.5063258055201427,0.2603129107753973,0.741465336115591,0.021576112376842645
2021-12-31 21:00:00,0.11924686192468618,-0.08366533864541836,-0.3611317944899479,-0.3569005534725942,0.3956498409914803,0.00022271714922048998,0.5,-0.5238721402644166,0.6487743062639555,0.5480386483795628,0.22516544790880672,0.8002744024423177,0.014741162092430255
2021-12-31 21:10:00,0.12552301255230125,-0.02788844621513953,-0.3611317944899479,-0.35618639528655593,0.3956498409914803,0.00033407572383073496,0.5,-0.5238721402644166,0.6487743062639555,0.5480386483795628,0.22516544790880672,0.8002744024423177,0.021198907615009734
2021-12-31 21:20:00,0.1304044630404463,0.07569721115537842,-0.3611317944899479,-0.359757186216747,0.3956498409914803,0.00033407572383073496,0.5,-0.5238721402644166,0.6487743062639555,0.5480386483795628,0.22516544790880672,0.8002744024423177,0.024804985138132386
2021-12-31 21:30:00,0.100418410041841,-0.06772908366533881,-0.36262099776619516,-0.36225673986788076,0.40238970828807374,0.038530066815144766,0.5,-0.5238721402644166,0.6487743062639555,0.5480386483795628,0.22516544790880672,0.8002744024423177,0.0
2021-12-31 21:40:00,0.11018131101813111,0.1394422310756971,-0.3605361131794491,-0.35618639528655593,0.395636753870516,0.867706013363029,0.5,-0.5238721402644166,0.6487743062639555,0.5480386483795628,0.22516544790880672,0.8002744024423177,0.0
2021-12-31 21:50:00,0.13319386331938632,0.346613545816733,-0.3495160089352197,-0.3261917514729513,0.395636753870516,0.9988864142538976,0.5,-0.5238721402644166,0.6487743062639555,0.5480386483795628,0.22516544790880672,0.8002744024423177,0.0
2021-12-31 22:00:00,0.13668061366806136,0.5537848605577689,-0.34296351451973206,-0.31405106231030167,0.395636753870516,0.9988864142538976,0.5,-0.596808609633106,0.6566936871959477,0.6244780172155247,0.2307173013256745,0.8966835183754022,0.0
2021-12-31 22:10:00,0.099721059972106,0.7609561752988048,-0.3376023827252421,-0.31405106231030167,0.395636753870516,0.9988864142538976,0.5,-0.596808609633106,0.6566936871959477,0.6244780172155247,0.2307173013256745,0.8966835183754022,0.0
2021-12-31 22:20:00,0.10599721059972106,0.8486055776892429,-0.33432613551749824,-0.3179789323335118,0.395636753870516,0.9988864142538976,0.5,-0.596808609633106,0.6566936871959477,0.6244780172155247,0.2307173013256745,0.8966835183754022,0.0
2021-12-31 22:30:00,0.1094839609483961,0.7122620628596721,-0.3361131794489949,-0.32833422603106577,0.395636753870516,0.9988864142538976,0.5,-0.596808609633106,0.6566936871959477,0.6244780172155247,0.2307173013256745,0.8966835183754022,0.0
2021-12-31 22:40:00,0.11366806136680613,0.5759185480301019,-0.3373045420699926,-0.339046598821639,0.395636753870516,0.9988864142538976,0.5,-0.596808609633106,0.6566936871959477,0.6244780172155247,0.2307173013256745,0.8966835183754022,0.0
2021-12-31 22:50:00,0.09344490934449094,0.43957503320053104,-0.3373045420699926,-0.3476164970540975,0.395636753870516,0.9988864142538976,0.5,-0.596808609633106,0.6566936871959477,0.6244780172155247,0.2307173013256745,0.8966835183754022,0.0
2021-12-31 23:00:00,0.07182705718270573,0.3032315183709604,-0.34236783320923314,-0.3536868416354222,0.395636753870516,0.9988864142538976,0.5,-0.6720016823298334,0.6633745872927848,0.7007246285836244,0.2655596277872666,0.9993025218140754,0.0
2021-12-31 23:10:00,0.07391910739191074,0.16688800354139,-0.3480268056589725,-0.359757186216747,0.395636753870516,0.9988864142538976,0.5,-0.6720016823298334,0.6633745872927848,0.7007246285836244,0.2655596277872666,0.9993025218140754,0.0
2021-12-31 23:20:00,0.11018131101813111,0.030544488711819362,-0.3492181682799703,-0.3690412426352436,0.395636753870516,0.9988864142538976,0.5,-0.6720016823298334,0.6633745872927848,0.7007246285836244,0.2655596277872666,0.9993025218140754,0.0
2021-12-31 23:30:00,0.16108786610878661,-0.10579902611775138,-0.3518987341772153,-0.3808248527048741,0.395636753870516,0.9988864142538976,0.5,-0.6720016823298334,0.6633745872927848,0.7007246285836244,0.2655596277872666,0.9993025218140754,0.0
2021-12-31 23:40:00,0.21408647140864714,-0.2421425409473219,-0.3521965748324647,-0.39439385823960005,0.4296632683775896,0.9963251670378619,0.5,-0.6720016823298334,0.6633745872927848,0.7007246285836244,0.2655596277872666,0.9993025218140754,0.0
2021-12-31 23:50:00,0.16108786610878661,-0.3784860557768924,-0.3444527177959793,-0.37975361542581687,0.5200167515148343,0.0356347438752784,0.5,-0.6720016823298334,0.6633745872927848,0.7007246285836244,0.2655596277872666,0.9993025218140754,0.039561235421035956
